﻿鄉鎮市區,交易標的,土地區段位置/建物區段門牌,土地移轉總面積平方公尺,都市土地使用分區,非都市土地使用分區,非都市土地使用編定,交易年月日,交易筆棟數,移轉層次,總樓層數,建物型態,主要用途,主要建材,建築完成年月,建物移轉總面積平方公尺,建物現況格局-房,建物現況格局-廳,建物現況格局-衛,建物現況格局-隔間,有無管理組織,總價元,單價元/平方公尺,車位類別,車位移轉總面積平方公尺,車位總價元,備註,編號
The villages and towns urban district,transaction sign,land sector position/building sector house number plate,land shifting total area square meter,the use zoning or compiles and checks,the non-metropolis land use district,non-metropolis land use,transaction year, month and day,transaction pen number,shifting level,total floor number,building state,main use,main building materials,construction to complete the years,building shifting total area,Building present situation pattern - room,building present situation pattern - hall,building present situation pattern - health,building present situation pattern - compartmented,Whether there is manages the organization,total price Yuan,the unit price a Yuan/square meter,the berth category,berth shifting total area square meter,the berth total price Yuan,the note,serial number
暖暖區,房地(土地+建物)+車位,暖暖段暖暖小段391~420地號,42.58,住,,,1030121,土地1建物1車位1,七層,11,住宅大樓(11層含以上有電梯),住家用,鋼筋混凝土造,,225.49,4,2,2,有,無,12000000,57189,坡道平面,38.39,1300000,買賣價金含裝潢費用,RPVNMLQLOHJFFCC58CB
暖暖區,房地(土地+建物)+車位,暖暖段暖暖小段391~420地號,42.6,住,,,1030214,土地1建物1車位2,九層,11,住宅大樓(11層含以上有電梯),住家用,鋼筋混凝土造,,263.88,4,2,2,有,無,12970000,55425,坡道平面,76.78,2600000,,RPWNMLQLOHJFFCC68CB
暖暖區,房地(土地+建物)+車位,暖暖段暖暖小段391~420地號,42.6,住,,,1030127,土地1建物1車位2,十一層,11,住宅大樓(11層含以上有電梯),住家用,鋼筋混凝土造,,263.88,4,2,2,有,無,12880000,56013,坡道平面,76.78,2400000,,RPXNMLQLOHJFFCC78CB
暖暖區,房地(土地+建物)+車位,暖暖段暖暖小段391~420地號,36.7,住,,,1030505,土地1建物1車位1,九層,11,住宅大樓(11層含以上有電梯),住家用,鋼筋混凝土造,,199.66,3,2,2,有,無,10680000,58163,坡道平面,38.39,1300000,,RPOOMLQLOHJFFCC97CB
暖暖區,房地(土地+建物)+車位,暖暖段暖暖小段391~420地號,36.7,住,,,1030522,土地1建物1車位1,十層,11,住宅大樓(11層含以上有電梯),住家用,鋼筋混凝土造,,199.66,3,2,2,有,無,10700000,58287,坡道平面,38.39,1300000,,RPPOMLQLOHJFFCC08CB
暖暖區,房地(土地+建物)+車位,暖暖段暖暖小段391~420地號,42.6,住,,,1030506,土地1建物1車位2,三層,11,住宅大樓(11層含以上有電梯),住家用,鋼筋混凝土造,,263.88,4,2,2,有,無,14200000,63602,坡道平面,76.78,2300000,買賣價金含裝潢費用,RPQOMLQLOHJFFCC18CB
暖暖區,房地(土地+建物)+車位,暖暖段暖暖小段391~420地號,42.6,住,,,1021206,土地1建物1車位2,九層,11,住宅大樓(11層含以上有電梯),住家用,鋼筋混凝土造,,263.88,4,2,2,有,無,12580000,54409,坡道平面,76.78,2400000,,RPROMLQLOHJFFCC28CB
暖暖區,房地(土地+建物)+車位,暖暖段暖暖小段391~420地號,42.58,住,,,1021206,土地1建物1車位1,十層,11,住宅大樓(11層含以上有電梯),住家用,鋼筋混凝土造,,225.49,4,2,2,有,無,11390000,54463,坡道平面,38.39,1200000,,RPSOMLQLOHJFFCC38CB
暖暖區,房地(土地+建物)+車位,暖暖段暖暖小段391~420地號,36.72,住,,,1021222,土地1建物1車位1,七層,11,住宅大樓(11層含以上有電梯),住家用,鋼筋混凝土造,,199.66,3,2,2,有,無,9980000,54443,坡道平面,38.39,1200000,,RPTOMLQLOHJFFCC48CB
暖暖區,房地(土地+建物)+車位,暖暖段暖暖小段391~420地號,36.76,住,,,1020915,土地1建物1車位1,八層,11,住宅大樓(11層含以上有電梯),住家用,鋼筋混凝土造,,200.62,3,2,2,有,無,10050000,53932,坡道平面,38.38,1300000,,RPUOMLQLOHJFFCC58CB
暖暖區,房地(土地+建物)+車位,暖暖段暖暖小段391~420地號,36.72,住,,,1021226,土地1建物1車位1,九層,11,住宅大樓(11層含以上有電梯),住家用,鋼筋混凝土造,,199.66,3,2,2,有,無,9980000,54443,坡道平面,38.39,1200000,,RPVOMLQLOHJFFCC68CB
暖暖區,房地(土地+建物)+車位,暖暖段暖暖小段391~420地號,36.72,住,,,1021206,土地1建物1車位1,十層,11,住宅大樓(11層含以上有電梯),住家用,鋼筋混凝土造,,199.66,3,2,2,有,無,9980000,54443,坡道平面,38.39,1200000,,RPWOMLQLOHJFFCC78CB
暖暖區,房地(土地+建物)+車位,暖暖段暖暖小段391~420地號,42.81,住,,,1021109,土地1建物1車位1,二層,14,住宅大樓(11層含以上有電梯),住家用,鋼筋混凝土造,,219.08,4,2,2,有,無,10700000,52686,坡道平面,34.97,1000000,,RPXOMLQLOHJFFCC88CB
暖暖區,房地(土地+建物)+車位,暖暖段暖暖小段391~420地號,42.57,住,,,1020804,土地1建物1車位1,三層,14,住宅大樓(11層含以上有電梯),住家用,鋼筋混凝土造,,217.22,4,2,2,有,無,11200000,55160,坡道平面,35.93,1200000,,RPOPMLQLOHJFFCC08CB
暖暖區,房地(土地+建物)+車位,暖暖段暖暖小段391~420地號,43.13,住,,,1021124,土地1建物1車位1,七層,14,住宅大樓(11層含以上有電梯),住家用,鋼筋混凝土造,,220.32,4,2,2,有,無,10500000,51254,坡道平面,34.97,1000000,,RPPPMLQLOHJFFCC18CB
暖暖區,房地(土地+建物)+車位,暖暖段暖暖小段391~420地號,43.16,住,,,1021103,土地1建物1車位2,八層,14,住宅大樓(11層含以上有電梯),住家用,鋼筋混凝土造,,255.29,4,2,2,有,無,13140000,56865,坡道平面,69.94,2600000,,RPQPMLQLOHJFFCC28CB
暖暖區,房地(土地+建物)+車位,暖暖段暖暖小段391~420地號,34.12,住,,,1021218,土地1建物1車位1,三層,14,住宅大樓(11層含以上有電梯),住家用,鋼筋混凝土造,,181.59,3,2,2,有,無,9400000,55927,坡道平面,34.97,1200000,,RPRPMLQLOHJFFCC38CB
暖暖區,房地(土地+建物)+車位,暖暖段暖暖小段391~420地號,35.17,住,,,1020831,土地1建物1車位1,四層,14,住宅大樓(11層含以上有電梯),住家用,鋼筋混凝土造,,184.93,3,2,2,有,無,9300000,54076,坡道平面,35.14,1200000,,RPSPMLQLOHJFFCC48CB
暖暖區,房地(土地+建物)+車位,暖暖段暖暖小段391~420地號,35.17,住,,,1020811,土地1建物1車位1,六層,14,住宅大樓(11層含以上有電梯),住家用,鋼筋混凝土造,,184.93,3,2,2,有,無,9450000,55077,坡道平面,35.14,1200000,,RPTPMLQLOHJFFCC58CB
暖暖區,房地(土地+建物)+車位,暖暖段暖暖小段391~420地號,34.91,住,,,1020804,土地1建物1車位1,七層,14,住宅大樓(11層含以上有電梯),住家用,鋼筋混凝土造,,184.99,3,2,2,有,無,9400000,55326,坡道平面,34.97,1100000,,RPUPMLQLOHJFFCC68CB
暖暖區,房地(土地+建物)+車位,暖暖段暖暖小段391~420地號,35.17,住,,,1020819,土地1建物1車位1,八層,14,住宅大樓(11層含以上有電梯),住家用,鋼筋混凝土造,,184.93,3,2,2,有,無,9580000,56613,坡道平面,35.14,1100000,,RPVPMLQLOHJFFCC78CB
暖暖區,房地(土地+建物)+車位,暖暖段暖暖小段391~420地號,34.91,住,,,1021003,土地1建物1車位1,十層,14,住宅大樓(11層含以上有電梯),住家用,鋼筋混凝土造,,184.99,3,2,2,有,無,8500000,49993,坡道平面,34.97,1000000,買賣價金含裝潢費用,RPWPMLQLOHJFFCC88CB
暖暖區,房地(土地+建物)+車位,暖暖段暖暖小段391~420地號,34.91,住,,,1030205,土地1建物1車位1,十二層,14,住宅大樓(11層含以上有電梯),住家用,鋼筋混凝土造,,185.37,3,2,2,有,無,10100000,59176,坡道平面,34.97,1200000,,RPXPMLQLOHJFFCC98CB
暖暖區,房地(土地+建物)+車位,暖暖段暖暖小段391~420地號,34.91,住,,,1030118,土地1建物1車位1,十四層,14,住宅大樓(11層含以上有電梯),住家用,鋼筋混凝土造,,184.99,3,2,2,有,無,10010000,58726,坡道平面,34.97,1200000,,RPOQMLQLOHJFFCC18CB
暖暖區,房地(土地+建物)+車位,暖暖段暖暖小段391~420地號,43.3,住,,,1020817,土地1建物1車位2,十層,14,住宅大樓(11層含以上有電梯),住家用,鋼筋混凝土造,,254.64,4,2,2,有,無,13200000,57496,坡道平面,70.28,2600000,,RPPQMLQLOHJFFCC28CB
暖暖區,房地(土地+建物)+車位,暖暖段暖暖小段391~420地號,43.3,住,,,1020810,土地1建物1車位2,十一層,14,住宅大樓(11層含以上有電梯),住家用,鋼筋混凝土造,,254.64,4,2,2,有,無,13000000,57496,坡道平面,70.28,2400000,,RPQQMLQLOHJFFCC38CB
暖暖區,房地(土地+建物)+車位,暖暖段暖暖小段391~420地號,43.3,住,,,1020914,土地1建物1車位2,十四層,14,住宅大樓(11層含以上有電梯),住家用,鋼筋混凝土造,,254.64,4,2,2,有,無,13700000,60208,坡道平面,70.28,2600000,,RPRQMLQLOHJFFCC48CB
暖暖區,房地(土地+建物)+車位,暖暖段暖暖小段391~420地號,35.17,住,,,1020814,土地1建物1車位1,十一層,14,住宅大樓(11層含以上有電梯),住家用,鋼筋混凝土造,,184.93,3,2,2,有,無,9700000,57414,坡道平面,35.14,1100000,,RPSQMLQLOHJFFCC58CB
暖暖區,房地(土地+建物)+車位,暖暖段暖暖小段391~420地號,42.57,住,,,1020905,土地1建物1車位1,三層,14,住宅大樓(11層含以上有電梯),住家用,鋼筋混凝土造,,216.43,4,2,2,有,無,11330000,55877,坡道平面,35.14,1200000,,RPTQMLQLOHJFFCC68CB
暖暖區,房地(土地+建物)+車位,暖暖段暖暖小段391~420地號,43.27,住,,,1020804,土地1建物1車位1,五層,14,住宅大樓(11層含以上有電梯),住家用,鋼筋混凝土造,,220.29,4,2,2,有,無,10500000,51530,坡道平面,35.93,1000000,,RPUQMLQLOHJFFCC78CB
暖暖區,房地(土地+建物)+車位,暖暖段暖暖小段391~420地號,43.13,住,,,1021018,土地1建物1車位1,六層,14,住宅大樓(11層含以上有電梯),住家用,鋼筋混凝土造,,220.32,4,2,2,有,無,11750000,56380,坡道平面,34.97,1300000,,RPVQMLQLOHJFFCC88CB
暖暖區,房地(土地+建物)+車位,暖暖段暖暖小段391~420地號,43.27,住,,,1020910,土地1建物1車位1,七層,14,住宅大樓(11層含以上有電梯),住家用,鋼筋混凝土造,,219.5,4,2,2,有,無,11750000,57225,坡道平面,35.14,1200000,,RPWQMLQLOHJFFCC98CB
暖暖區,房地(土地+建物)+車位,暖暖段暖暖小段391~420地號,43.13,住,,,1021213,土地1建物1車位1,九層,14,住宅大樓(11層含以上有電梯),住家用,鋼筋混凝土造,,220.32,4,2,2,有,無,11900000,57729,坡道平面,34.97,1200000,,RPXQMLQLOHJFFCC09CB
暖暖區,房地(土地+建物)+車位,暖暖段暖暖小段391~420地號,34.47,住,,,1020905,土地1建物1車位2,二層,14,住宅大樓(11層含以上有電梯),住家用,鋼筋混凝土造,,217.01,3,2,2,有,無,10450000,54863,坡道平面,70.28,2400000,,RPORMLQLOHJFFCC28CB
暖暖區,房地(土地+建物)+車位,暖暖段暖暖小段391~420地號,34.12,住,,,1021102,土地1建物1車位1,三層,14,住宅大樓(11層含以上有電梯),住家用,鋼筋混凝土造,,181.59,3,2,2,有,無,9000000,53881,坡道平面,34.97,1100000,,RPPRMLQLOHJFFCC38CB
暖暖區,房地(土地+建物)+車位,暖暖段暖暖小段391~420地號,34.91,住,,,1030122,土地1建物1車位1,四層,14,住宅大樓(11層含以上有電梯),住家用,鋼筋混凝土造,,185.2,3,2,2,有,無,9400000,54583,坡道平面,34.97,1200000,,RPQRMLQLOHJFFCC48CB
暖暖區,房地(土地+建物)+車位,暖暖段暖暖小段391~420地號,34.53,住,,,1021020,土地1建物1車位1,五層,13,住宅大樓(11層含以上有電梯),住家用,鋼筋混凝土造,,183.41,3,2,2,有,無,9300000,54568,坡道平面,34.97,1200000,,RPRRMLQLOHJFFCC58CB
暖暖區,房地(土地+建物)+車位,暖暖段暖暖小段391~420地號,34.53,住,,,1021023,土地1建物1車位1,六層,13,住宅大樓(11層含以上有電梯),住家用,鋼筋混凝土造,,183.41,3,2,2,有,無,9580000,56454,坡道平面,34.97,1200000,,RPSRMLQLOHJFFCC68CB
暖暖區,房地(土地+建物)+車位,暖暖段暖暖小段391~420地號,34.18,住,,,1020807,土地1建物1車位1,七層,13,住宅大樓(11層含以上有電梯),住家用,鋼筋混凝土造,,180.7,3,2,2,有,無,9220000,54411,坡道平面,35.14,1300000,,RPTRMLQLOHJFFCC78CB
暖暖區,房地(土地+建物)+車位,暖暖段暖暖小段391~420地號,34.18,住,,,1020810,土地1建物1車位1,八層,13,住宅大樓(11層含以上有電梯),住家用,鋼筋混凝土造,,180.7,3,2,2,有,無,9300000,54960,坡道平面,35.14,1300000,,RPURMLQLOHJFFCC88CB
暖暖區,房地(土地+建物)+車位,暖暖段暖暖小段391~420地號,34.18,住,,,1020810,土地1建物1車位1,九層,13,住宅大樓(11層含以上有電梯),住家用,鋼筋混凝土造,,180.7,3,2,2,有,無,9380000,55510,坡道平面,35.14,1300000,,RPVRMLQLOHJFFCC98CB
暖暖區,房地(土地+建物)+車位,暖暖段暖暖小段391~420地號,34.53,住,,,1021210,土地1建物1車位1,十層,13,住宅大樓(11層含以上有電梯),住家用,鋼筋混凝土造,,183.41,3,2,2,有,無,9850000,57599,坡道平面,34.97,1300000,,RPWRMLQLOHJFFCC09CB
暖暖區,房地(土地+建物)+車位,暖暖段暖暖小段391~420地號,34.91,住,,,1021123,土地1建物1車位1,五層,14,住宅大樓(11層含以上有電梯),住家用,鋼筋混凝土造,,184.99,3,2,2,有,無,10500000,61992,坡道平面,34.97,1200000,買賣價金含裝潢費用,RPXRMLQLOHJFFCC56CB
暖暖區,房地(土地+建物)+車位,暖暖段暖暖小段391~420地號,34.91,住,,,1021215,土地1建物1車位1,九層,14,住宅大樓(11層含以上有電梯),住家用,鋼筋混凝土造,,184.99,3,2,2,有,無,9550000,55659,坡道平面,34.97,1200000,,RPOSMLQLOHJFFCC38CB
暖暖區,房地(土地+建物)+車位,暖暖段暖暖小段391~420地號,34.18,住,,,1020804,土地1建物1車位1,三層,13,住宅大樓(11層含以上有電梯),住家用,鋼筋混凝土造,,180.7,3,2,2,有,無,9000000,53586,坡道平面,35.14,1200000,,RPPSMLQLOHJFFCC48CB
暖暖區,房地(土地+建物)+車位,暖暖段暖暖小段391~420地號,34.53,住,,,1021019,土地1建物1車位1,五層,13,住宅大樓(11層含以上有電梯),住家用,鋼筋混凝土造,,183.41,3,2,2,有,無,10300000,61304,坡道平面,34.97,1200000,買賣價金含裝潢費用,RPQSMLQLOHJFFCC58CB
暖暖區,房地(土地+建物)+車位,暖暖段暖暖小段391~420地號,34.21,住,,,1020919,土地1建物1車位2,六層,13,住宅大樓(11層含以上有電梯),住家用,鋼筋混凝土造,,215.84,3,2,2,有,無,10200000,54960,坡道平面,70.28,2200000,,RPRSMLQLOHJFFCC68CB
暖暖區,房地(土地+建物)+車位,暖暖段暖暖小段391~420地號,34.21,住,,,1020804,土地1建物1車位2,九層,13,住宅大樓(11層含以上有電梯),住家用,鋼筋混凝土造,,215.84,3,2,2,有,無,10400000,54960,坡道平面,70.28,2400000,,RPSSMLQLOHJFFCC78CB
暖暖區,房地(土地+建物)+車位,暖暖段暖暖小段391~420地號,34.18,住,,,1020918,土地1建物1車位1,十層,13,住宅大樓(11層含以上有電梯),住家用,鋼筋混凝土造,,180.7,3,2,2,有,無,9700000,58395,坡道平面,35.14,1200000,,RPTSMLQLOHJFFCC88CB
暖暖區,房地(土地+建物)+車位,暖暖段暖暖小段391~420地號,34.53,住,,,1021021,土地1建物1車位1,十一層,13,住宅大樓(11層含以上有電梯),住家用,鋼筋混凝土造,,183.41,3,2,2,有,無,9700000,57262,坡道平面,34.97,1200000,,RPUSMLQLOHJFFCC98CB
暖暖區,房地(土地+建物)+車位,暖暖段暖暖小段391~420地號,34.53,住,,,1021218,土地1建物1車位1,十二層,13,住宅大樓(11層含以上有電梯),住家用,鋼筋混凝土造,,183.41,3,2,2,有,無,9800000,57262,坡道平面,34.97,1300000,,RPVSMLQLOHJFFCC09CB
暖暖區,房地(土地+建物)+車位,暖暖段暖暖小段391~420地號,34.18,住,,,1020812,土地1建物1車位1,八層,13,住宅大樓(11層含以上有電梯),住家用,鋼筋混凝土造,,180.7,3,2,2,有,無,9220000,55785,坡道平面,35.14,1100000,,RPWSMLQLOHJFFCC56CB
暖暖區,房地(土地+建物)+車位,暖暖段暖暖小段391~420地號,34.18,住,,,1020804,土地1建物1車位1,七層,13,住宅大樓(11層含以上有電梯),住家用,鋼筋混凝土造,,180.2,3,2,2,有,無,9130000,54479,坡道平面,34.64,1200000,,RPXSMLQLOHJFFCC66CB
暖暖區,房地(土地+建物)+車位,源遠段31~60地號,19.18,住,,,1021101,土地3建物1車位1,二層,15,住宅大樓(11層含以上有電梯),住家用,鋼筋混凝土造,,133.53,2,1,1,有,無,5550000,47388,坡道平面,36.46,950000,,RPTNMLTLPHJFFCC78CB
暖暖區,房地(土地+建物)+車位,源遠段31~60地號,18.9,住,,,1021117,土地3建物1車位1,三層,15,住宅大樓(11層含以上有電梯),住家用,鋼筋混凝土造,,132.12,2,1,1,有,無,5530000,47878,坡道平面,36.46,950000,,RPWNMLTLPHJFFCC09CB
暖暖區,房地(土地+建物)+車位,源遠段31~60地號,19.46,住,,,1021029,土地3建物1車位1,四層,15,住宅大樓(11層含以上有電梯),住家用,鋼筋混凝土造,,134.92,2,1,1,有,無,5770000,48954,坡道平面,36.46,950000,,RPXNMLTLPHJFFCC56CB
暖暖區,房地(土地+建物)+車位,源遠段31~60地號,19.46,住,,,1021031,土地3建物1車位1,五層,15,住宅大樓(11層含以上有電梯),住家用,鋼筋混凝土造,,134.92,2,1,1,有,無,5690000,47126,坡道平面,36.46,1050000,,RPOOMLTLPHJFFCC38CB
暖暖區,房地(土地+建物)+車位,源遠段31~60地號,19.46,住,,,1021110,土地3建物1車位1,六層,15,住宅大樓(11層含以上有電梯),住家用,鋼筋混凝土造,,134.92,2,1,1,有,無,5650000,47735,坡道平面,36.46,950000,,RPPOMLTLPHJFFCC48CB
暖暖區,房地(土地+建物)+車位,源遠段31~60地號,19.46,住,,,1021029,土地3建物1車位1,七層,15,住宅大樓(11層含以上有電梯),住家用,鋼筋混凝土造,,134.92,2,1,1,有,無,5740000,48649,坡道平面,36.46,950000,,RPQOMLTLPHJFFCC58CB
暖暖區,房地(土地+建物)+車位,源遠段31~60地號,19.46,住,,,1021213,土地3建物1車位1,八層,15,住宅大樓(11層含以上有電梯),住家用,鋼筋混凝土造,,134.92,2,1,1,有,無,6130000,52610,坡道平面,36.46,950000,,RPROMLTLPHJFFCC68CB
暖暖區,房地(土地+建物)+車位,源遠段31~60地號,19.46,住,,,1021029,土地3建物1車位1,九層,15,住宅大樓(11層含以上有電梯),住家用,鋼筋混凝土造,,134.92,2,1,1,有,無,5970000,50985,坡道平面,36.46,950000,,RPSOMLTLPHJFFCC78CB
暖暖區,房地(土地+建物)+車位,源遠段31~60地號,19.46,住,,,1021027,土地3建物1車位1,十層,15,住宅大樓(11層含以上有電梯),住家用,鋼筋混凝土造,,134.92,2,1,1,有,無,6100000,51290,坡道平面,36.46,1050000,,RPTOMLTLPHJFFCC88CB
暖暖區,房地(土地+建物)+車位,源遠段31~60地號,19.46,住,,,1021027,土地3建物1車位1,十一層,15,住宅大樓(11層含以上有電梯),住家用,鋼筋混凝土造,,134.92,2,1,1,有,無,6190000,52204,坡道平面,36.46,1050000,,RPUOMLTLPHJFFCC98CB
暖暖區,房地(土地+建物)+車位,源遠段31~60地號,19.39,住,,,1030206,土地3建物1車位1,十二層,15,住宅大樓(11層含以上有電梯),住家用,鋼筋混凝土造,,134.69,2,1,1,有,無,6250000,52937,坡道平面,36.46,1050000,,RPVOMLTLPHJFFCC09CB
暖暖區,房地(土地+建物)+車位,源遠段31~60地號,19.39,住,,,1021031,土地3建物1車位1,十三層,15,住宅大樓(11層含以上有電梯),住家用,鋼筋混凝土造,,134.69,2,1,1,有,無,6300000,53446,坡道平面,36.46,1050000,,RPWOMLTLPHJFFCC56CB
暖暖區,房地(土地+建物)+車位,源遠段31~60地號,19.35,住,,,1021120,土地3建物1車位1,十四層,15,住宅大樓(11層含以上有電梯),住家用,鋼筋混凝土造,,134.69,2,1,1,有,無,6630000,55787,坡道平面,36.46,1150000,,RPXOMLTLPHJFFCC66CB
暖暖區,房地(土地+建物)+車位,源遠段31~60地號,19.35,住,,,1021207,土地3建物1車位1,十五層,15,住宅大樓(11層含以上有電梯),住家用,鋼筋混凝土造,,134.69,2,1,1,有,無,6600000,55482,坡道平面,36.46,1150000,,RPOPMLTLPHJFFCC48CB
暖暖區,房地(土地+建物)+車位,源遠段31~60地號,18.76,住,,,1021116,土地3建物1車位1,二層,15,住宅大樓(11層含以上有電梯),住家用,鋼筋混凝土造,,131.53,2,1,1,有,無,5350000,46282,坡道平面,36.46,950000,,RPPPMLTLPHJFFCC58CB
暖暖區,房地(土地+建物)+車位,源遠段31~60地號,18.76,住,,,1021120,土地3建物1車位1,三層,15,住宅大樓(11層含以上有電梯),住家用,鋼筋混凝土造,,131.53,2,1,1,有,無,5140000,46177,坡道平面,36.46,750000,,RPRPMLTLPHJFFCC78CB
暖暖區,房地(土地+建物)+車位,源遠段31~60地號,18.97,住,,,1021116,土地3建物1車位1,四層,15,住宅大樓(11層含以上有電梯),住家用,鋼筋混凝土造,,132.65,2,1,1,有,無,5650000,48862,坡道平面,36.46,950000,,RPSPMLTLPHJFFCC88CB
暖暖區,房地(土地+建物)+車位,源遠段31~60地號,18.97,住,,,1021027,土地3建物1車位1,五層,15,住宅大樓(11層含以上有電梯),住家用,鋼筋混凝土造,,132.65,2,1,1,有,無,5570000,48030,坡道平面,36.46,950000,,RPTPMLTLPHJFFCC98CB
暖暖區,房地(土地+建物)+車位,源遠段31~60地號,18.97,住,,,1021027,土地3建物1車位1,六層,15,住宅大樓(11層含以上有電梯),住家用,鋼筋混凝土造,,132.65,2,1,1,有,無,5620000,48550,坡道平面,36.46,950000,,RPUPMLTLPHJFFCC09CB
暖暖區,房地(土地+建物)+車位,源遠段31~60地號,18.97,住,,,1021027,土地3建物1車位1,七層,15,住宅大樓(11層含以上有電梯),住家用,鋼筋混凝土造,,132.65,2,1,1,有,無,5710000,49485,坡道平面,36.46,950000,,RPVPMLTLPHJFFCC56CB
暖暖區,房地(土地+建物)+車位,源遠段31~60地號,18.97,住,,,1021117,土地3建物1車位1,九層,15,住宅大樓(11層含以上有電梯),住家用,鋼筋混凝土造,,132.65,2,1,1,有,無,6050000,51980,坡道平面,36.46,1050000,,RPWPMLTLPHJFFCC66CB
暖暖區,房地(土地+建物)+車位,源遠段31~60地號,18.97,住,,,1021111,土地3建物1車位1,八層,15,住宅大樓(11層含以上有電梯),住家用,鋼筋混凝土造,,132.65,2,1,1,有,無,6100000,53540,坡道平面,36.46,950000,,RPOQMLTLPHJFFCC58CB
暖暖區,房地(土地+建物)+車位,源遠段31~60地號,18.97,住,,,1021029,土地3建物1車位1,十層,15,住宅大樓(11層含以上有電梯),住家用,鋼筋混凝土造,,132.65,2,1,1,有,無,6080000,52292,坡道平面,36.46,1050000,,RPPQMLTLPHJFFCC68CB
暖暖區,房地(土地+建物)+車位,源遠段31~60地號,18.97,住,,,1030301,土地3建物1車位1,十二層,15,住宅大樓(11層含以上有電梯),住家用,鋼筋混凝土造,,132.65,2,1,1,有,無,6230000,53852,坡道平面,36.46,1050000,,RPRQMLTLPHJFFCC88CB
暖暖區,房地(土地+建物)+車位,源遠段31~60地號,18.97,住,,,1021123,土地3建物1車位1,十一層,15,住宅大樓(11層含以上有電梯),住家用,鋼筋混凝土造,,132.65,2,1,1,有,無,6060000,53124,坡道平面,36.46,950000,,RPSQMLTLPHJFFCC98CB
暖暖區,房地(土地+建物)+車位,源遠段31~60地號,18.97,住,,,1021029,土地3建物1車位1,十三層,15,住宅大樓(11層含以上有電梯),住家用,鋼筋混凝土造,,132.65,2,1,1,有,無,6290000,54476,坡道平面,36.46,1050000,,RPTQMLTLPHJFFCC09CB
暖暖區,房地(土地+建物)+車位,源遠段31~60地號,18.97,住,,,1021126,土地3建物1車位1,十四層,15,住宅大樓(11層含以上有電梯),住家用,鋼筋混凝土造,,132.65,2,1,1,有,無,6570000,56347,坡道平面,36.46,1150000,,RPUQMLTLPHJFFCC56CB
暖暖區,房地(土地+建物)+車位,源遠段31~60地號,18.97,住,,,1021214,土地3建物1車位1,十五層,15,住宅大樓(11層含以上有電梯),住家用,鋼筋混凝土造,,132.65,2,1,1,有,無,6630000,56971,坡道平面,36.46,1150000,,RPWQMLTLPHJFFCC76CB
暖暖區,房地(土地+建物)+車位,源遠段31~60地號,26.01,住,,,1021122,土地3建物1車位1,二層,15,住宅大樓(11層含以上有電梯),住家用,鋼筋混凝土造,,168.99,3,2,2,有,無,7200000,46405,坡道平面,36.46,1050000,,RPXQMLTLPHJFFCC86CB
暖暖區,房地(土地+建物)+車位,源遠段31~60地號,26.14,住,,,1021117,土地3建物1車位1,五層,15,住宅大樓(11層含以上有電梯),住家用,鋼筋混凝土造,,169.74,3,2,2,有,無,7850000,51020,坡道平面,36.46,1050000,,RPORMLTLPHJFFCC68CB
暖暖區,房地(土地+建物)+車位,源遠段31~60地號,26.01,住,,,1021102,土地3建物1車位1,三層,15,住宅大樓(11層含以上有電梯),住家用,鋼筋混凝土造,,168.99,3,2,2,有,無,7180000,47008,坡道平面,36.46,950000,,RPPRMLTLPHJFFCC78CB
暖暖區,房地(土地+建物)+車位,源遠段31~60地號,26.14,住,,,1021115,土地3建物1車位1,六層,15,住宅大樓(11層含以上有電梯),住家用,鋼筋混凝土造,,169.74,3,2,2,有,無,7650000,49520,坡道平面,36.46,1050000,,RPQRMLTLPHJFFCC88CB
暖暖區,房地(土地+建物)+車位,源遠段31~60地號,26.14,住,,,1021031,土地3建物1車位1,七層,15,住宅大樓(11層含以上有電梯),住家用,鋼筋混凝土造,,169.74,3,2,2,有,無,7650000,49520,坡道平面,36.46,1050000,,RPRRMLTLPHJFFCC98CB
暖暖區,房地(土地+建物)+車位,源遠段31~60地號,26.14,住,,,1021108,土地3建物1車位1,八層,15,住宅大樓(11層含以上有電梯),住家用,鋼筋混凝土造,,169.74,3,2,2,有,無,7910000,52221,坡道平面,36.46,950000,,RPSRMLTLPHJFFCC09CB
暖暖區,房地(土地+建物)+車位,源遠段31~60地號,26.14,住,,,1021105,土地3建物1車位1,九層,15,住宅大樓(11層含以上有電梯),住家用,鋼筋混凝土造,,169.74,3,2,2,有,無,7970000,51921,坡道平面,36.46,1050000,,RPTRMLTLPHJFFCC56CB
暖暖區,房地(土地+建物)+車位,源遠段31~60地號,26.14,住,,,1021027,土地3建物1車位1,十層,15,住宅大樓(11層含以上有電梯),住家用,鋼筋混凝土造,,169.74,3,2,2,有,無,8010000,52221,坡道平面,36.46,1050000,,RPURMLTLPHJFFCC66CB
暖暖區,房地(土地+建物)+車位,源遠段31~60地號,26.14,住,,,1021123,土地3建物1車位1,十一層,15,住宅大樓(11層含以上有電梯),住家用,鋼筋混凝土造,,169.74,3,2,2,有,無,8030000,53121,坡道平面,36.46,950000,,RPVRMLTLPHJFFCC76CB
暖暖區,房地(土地+建物)+車位,源遠段31~60地號,26.11,住,,,1021029,土地3建物1車位1,十三層,15,住宅大樓(11層含以上有電梯),住家用,鋼筋混凝土造,,169.47,3,2,2,有,無,8380000,54357,坡道平面,36.46,1150000,,RPWRMLTLPHJFFCC86CB
暖暖區,房地(土地+建物)+車位,源遠段31~60地號,26.11,住,,,1021107,土地3建物1車位1,十四層,15,住宅大樓(11層含以上有電梯),住家用,鋼筋混凝土造,,169.43,3,2,2,有,無,8860000,57983,坡道平面,36.46,1150000,,RPXRMLTLPHJFFCC96CB
暖暖區,房地(土地+建物)+車位,源遠段31~60地號,13.62,住,,,1021109,土地3建物1車位1,二層,15,住宅大樓(11層含以上有電梯),住家用,鋼筋混凝土造,,105.02,2,1,1,有,無,4220000,47695,坡道平面,36.46,950000,,RPOSMLTLPHJFFCC78CB
暖暖區,房地(土地+建物)+車位,源遠段31~60地號,26.11,住,,,1030214,土地3建物1車位1,十五層,15,住宅大樓(11層含以上有電梯),住家用,鋼筋混凝土造,,169.43,3,2,2,有,無,8630000,56253,坡道平面,36.46,1150000,,RPPSMLTLPHJFFCC88CB
暖暖區,房地(土地+建物),源遠段31~60地號,13.75,住,,,1021027,土地3建物1車位0,三層,15,住宅大樓(11層含以上有電梯),住家用,鋼筋混凝土造,,70.97,2,1,1,有,無,3350000,47203,,0.0,0,,RPQSMLTLPHJFFCC98CB
暖暖區,房地(土地+建物),源遠段31~60地號,13.75,住,,,1021027,土地3建物1車位0,四層,15,住宅大樓(11層含以上有電梯),住家用,鋼筋混凝土造,,70.97,2,1,1,有,無,3430000,48330,,0.0,0,,RPRSMLTLPHJFFCC09CB
暖暖區,房地(土地+建物),源遠段31~60地號,13.75,住,,,1021027,土地3建物1車位0,五層,15,住宅大樓(11層含以上有電梯),住家用,鋼筋混凝土造,,70.97,2,1,1,有,無,3560000,50162,,0.0,0,,RPSSMLTLPHJFFCC56CB
暖暖區,房地(土地+建物),源遠段31~60地號,13.75,住,,,1021031,土地3建物1車位0,六層,15,住宅大樓(11層含以上有電梯),住家用,鋼筋混凝土造,,70.97,2,1,1,有,無,3390000,47767,,0.0,0,,RPTSMLTLPHJFFCC66CB
暖暖區,房地(土地+建物)+車位,源遠段31~60地號,14.1,住,,,1021102,土地3建物1車位1,七層,15,住宅大樓(11層含以上有電梯),住家用,鋼筋混凝土造,,107.43,2,1,1,有,無,4390000,48471,坡道平面,36.46,950000,,RPUSMLTLPHJFFCC76CB
暖暖區,房地(土地+建物)+車位,源遠段31~60地號,14.1,住,,,1021102,土地3建物1車位1,八層,15,住宅大樓(11層含以上有電梯),住家用,鋼筋混凝土造,,107.43,2,1,1,有,無,4740000,53403,坡道平面,36.46,950000,,RPVSMLTLPHJFFCC86CB
暖暖區,房地(土地+建物)+車位,源遠段31~60地號,14.1,住,,,1021031,土地3建物1車位1,九層,15,住宅大樓(11層含以上有電梯),住家用,鋼筋混凝土造,,107.43,2,1,1,有,無,4570000,51007,坡道平面,36.46,950000,,RPWSMLTLPHJFFCC96CB
暖暖區,房地(土地+建物)+車位,源遠段31~60地號,14.1,住,,,1021202,土地3建物1車位1,十層,15,住宅大樓(11層含以上有電梯),住家用,鋼筋混凝土造,,107.43,2,1,1,有,無,4690000,52698,坡道平面,36.46,950000,,RPXSMLTLPHJFFCC07CB
暖暖區,房地(土地+建物)+車位,源遠段31~60地號,14.1,住,,,1021031,土地3建物1車位1,十一層,15,住宅大樓(11層含以上有電梯),住家用,鋼筋混凝土造,,107.43,2,1,1,有,無,4660000,52276,坡道平面,36.46,950000,,RPOTMLTLPHJFFCC88CB
暖暖區,房地(土地+建物)+車位,源遠段31~60地號,14.03,住,,,1021028,土地3建物1車位1,十三層,15,住宅大樓(11層含以上有電梯),住家用,鋼筋混凝土造,,107.17,2,1,1,有,無,4830000,53458,坡道平面,36.46,1050000,,RPPTMLTLPHJFFCC98CB
暖暖區,房地(土地+建物)+車位,源遠段31~60地號,14.03,住,,,1030211,土地3建物1車位1,十四層,15,住宅大樓(11層含以上有電梯),住家用,鋼筋混凝土造,,107.17,2,1,1,有,無,4950000,53741,坡道平面,36.46,1150000,,RPSTMLTLPHJFFCC66CB
暖暖區,房地(土地+建物)+車位,源遠段31~60地號,14.03,住,,,1030323,土地3建物1車位1,十五層,15,住宅大樓(11層含以上有電梯),住家用,鋼筋混凝土造,,107.17,2,1,1,有,無,4730000,53458,坡道平面,36.46,950000,,RPUTMLTLPHJFFCC86CB
暖暖區,房地(土地+建物),源遠段31~60地號,13.26,住,,,1021026,土地3建物1車位0,二層,15,住宅大樓(11層含以上有電梯),住家用,鋼筋混凝土造,,68.44,2,1,1,有,無,3320000,48510,,0.0,0,,RPVTMLTLPHJFFCC96CB
暖暖區,房地(土地+建物),源遠段31~60地號,13.72,住,,,1021031,土地3建物1車位0,三層,15,住宅大樓(11層含以上有電梯),住家用,鋼筋混凝土造,,70.91,2,1,1,有,無,3330000,46961,,0.0,0,,RPWTMLTLPHJFFCC07CB
暖暖區,房地(土地+建物)+車位,源遠段31~60地號,14.07,住,,,1021027,土地3建物1車位1,四層,15,住宅大樓(11層含以上有電梯),住家用,鋼筋混凝土造,,107.37,2,1,1,有,無,4300000,47243,坡道平面,36.46,950000,,RPXTMLTLPHJFFCC17CB
暖暖區,房地(土地+建物),源遠段31~60地號,13.72,住,,,1021026,土地3建物1車位0,五層,15,住宅大樓(11層含以上有電梯),住家用,鋼筋混凝土造,,70.91,2,1,1,有,無,3370000,47525,,0.0,0,,RPOUMLTLPHJFFCC98CB
暖暖區,房地(土地+建物),源遠段31~60地號,13.72,住,,,1021031,土地3建物1車位0,六層,15,住宅大樓(11層含以上有電梯),住家用,鋼筋混凝土造,,70.91,2,1,1,有,無,3380000,47666,,0.0,0,,RPPUMLTLPHJFFCC09CB
暖暖區,房地(土地+建物)+車位,源遠段31~60地號,14.07,住,,,1021123,土地3建物1車位1,七層,15,住宅大樓(11層含以上有電梯),住家用,鋼筋混凝土造,,107.37,2,1,1,有,無,4400000,48653,坡道平面,36.46,950000,,RPRUMLTLPHJFFCC66CB
暖暖區,房地(土地+建物)+車位,源遠段31~60地號,14.07,住,,,1021202,土地3建物1車位1,八層,15,住宅大樓(11層含以上有電梯),住家用,鋼筋混凝土造,,107.37,2,1,1,有,無,4550000,50769,坡道平面,36.46,950000,,RPSUMLTLPHJFFCC76CB
暖暖區,房地(土地+建物),源遠段31~60地號,13.72,住,,,1021031,土地3建物1車位0,九層,15,住宅大樓(11層含以上有電梯),住家用,鋼筋混凝土造,,70.91,2,1,1,有,無,3620000,51051,,0.0,0,,RPTUMLTLPHJFFCC86CB
暖暖區,房地(土地+建物)+車位,源遠段31~60地號,14.07,住,,,1021105,土地3建物1車位1,十層,15,住宅大樓(11層含以上有電梯),住家用,鋼筋混凝土造,,107.37,2,1,1,有,無,4690000,51333,坡道平面,36.46,1050000,,RPUUMLTLPHJFFCC96CB
暖暖區,房地(土地+建物)+車位,源遠段31~60地號,14.07,住,,,1021031,土地3建物1車位1,十一層,15,住宅大樓(11層含以上有電梯),住家用,鋼筋混凝土造,,107.37,2,1,1,有,無,4650000,52179,坡道平面,36.46,950000,,RPVUMLTLPHJFFCC07CB
暖暖區,房地(土地+建物)+車位,源遠段31~60地號,14.07,住,,,1021229,土地3建物1車位1,十二層,15,住宅大樓(11層含以上有電梯),住家用,鋼筋混凝土造,,107.37,2,1,1,有,無,4900000,54294,坡道平面,36.46,1050000,,RPWUMLTLPHJFFCC17CB
暖暖區,房地(土地+建物)+車位,源遠段31~60地號,14.07,住,,,1021029,土地3建物1車位1,十三層,15,住宅大樓(11層含以上有電梯),住家用,鋼筋混凝土造,,107.37,2,1,1,有,無,4840000,53448,坡道平面,36.46,1050000,,RPXUMLTLPHJFFCC27CB
暖暖區,房地(土地+建物)+車位,源遠段31~60地號,14.07,住,,,1021230,土地3建物1車位1,十四層,15,住宅大樓(11層含以上有電梯),住家用,鋼筋混凝土造,,107.37,2,1,1,有,無,4840000,54858,坡道平面,36.46,950000,,RPOVMLTLPHJFFCC09CB
暖暖區,房地(土地+建物)+車位,源遠段31~60地號,14.07,住,,,1030313,土地3建物1車位1,十五層,15,住宅大樓(11層含以上有電梯),住家用,鋼筋混凝土造,,107.37,2,1,1,有,無,4930000,54717,坡道平面,36.46,1050000,,RPPVMLTLPHJFFCC56CB
暖暖區,房地(土地+建物)+車位,源遠段31~60地號,24.88,住,,,1021031,土地3建物1車位1,二層,15,住宅大樓(11層含以上有電梯),住家用,鋼筋混凝土造,,163.1,3,2,2,有,無,6460000,43509,坡道平面,36.46,950000,,RPQVMLTLPHJFFCC66CB
暖暖區,房地(土地+建物)+車位,源遠段31~60地號,25.44,住,,,1021203,土地3建物1車位1,三層,15,住宅大樓(11層含以上有電梯),住家用,鋼筋混凝土造,,165.98,3,2,2,有,無,7050000,46325,坡道平面,36.46,1050000,,RPRVMLTLPHJFFCC76CB
暖暖區,房地(土地+建物)+車位,源遠段31~60地號,25.44,住,,,1021104,土地3建物1車位1,四層,15,住宅大樓(11層含以上有電梯),住家用,鋼筋混凝土造,,165.98,3,2,2,有,無,6710000,44472,坡道平面,36.46,950000,,RPSVMLTLPHJFFCC86CB
暖暖區,房地(土地+建物)+車位,源遠段31~60地號,25.44,住,,,1021124,土地3建物1車位1,五層,15,住宅大樓(11層含以上有電梯),住家用,鋼筋混凝土造,,165.98,3,2,2,有,無,6820000,45321,坡道平面,36.46,950000,,RPTVMLTLPHJFFCC96CB
暖暖區,房地(土地+建物)+車位,源遠段31~60地號,25.44,住,,,1021031,土地3建物1車位1,六層,15,住宅大樓(11層含以上有電梯),住家用,鋼筋混凝土造,,165.98,3,2,2,有,無,7140000,47020,坡道平面,36.46,1050000,,RPUVMLTLPHJFFCC07CB
暖暖區,房地(土地+建物)+車位,源遠段31~60地號,25.44,住,,,1021111,土地3建物1車位1,八層,15,住宅大樓(11層含以上有電梯),住家用,鋼筋混凝土造,,165.98,3,2,2,有,無,7490000,50494,坡道平面,36.46,950000,,RPVVMLTLPHJFFCC17CB
暖暖區,房地(土地+建物)+車位,源遠段31~60地號,25.44,住,,,1021031,土地3建物1車位1,七層,15,住宅大樓(11層含以上有電梯),住家用,鋼筋混凝土造,,165.98,3,2,2,有,無,7160000,47946,坡道平面,36.46,950000,,RPWVMLTLPHJFFCC27CB
暖暖區,房地(土地+建物)+車位,源遠段31~60地號,25.44,住,,,1021102,土地3建物1車位1,九層,15,住宅大樓(11層含以上有電梯),住家用,鋼筋混凝土造,,165.98,3,2,2,有,無,7570000,50340,坡道平面,36.46,1050000,,RPXVMLTLPHJFFCC37CB
暖暖區,房地(土地+建物)+車位,源遠段31~60地號,25.44,住,,,1021111,土地3建物1車位1,十層,15,住宅大樓(11層含以上有電梯),住家用,鋼筋混凝土造,,165.98,3,2,2,有,無,7710000,51421,坡道平面,36.46,1050000,,RPOWMLTLPHJFFCC56CB
暖暖區,房地(土地+建物)+車位,源遠段31~60地號,25.44,住,,,1021029,土地3建物1車位1,十一層,15,住宅大樓(11層含以上有電梯),住家用,鋼筋混凝土造,,165.98,3,2,2,有,無,7780000,51961,坡道平面,36.46,1050000,,RPPWMLTLPHJFFCC66CB
暖暖區,房地(土地+建物)+車位,源遠段31~60地號,25.41,住,,,1030218,土地3建物1車位1,十二層,15,住宅大樓(11層含以上有電梯),住家用,鋼筋混凝土造,,165.95,3,2,2,有,無,7830000,52359,坡道平面,36.46,1050000,,RPQWMLTLPHJFFCC76CB
暖暖區,房地(土地+建物)+車位,源遠段31~60地號,25.41,住,,,1021029,土地3建物1車位1,十三層,15,住宅大樓(11層含以上有電梯),住家用,鋼筋混凝土造,,165.95,3,2,2,有,無,8080000,53518,坡道平面,36.46,1150000,,RPRWMLTLPHJFFCC86CB
暖暖區,房地(土地+建物)+車位,源遠段31~60地號,25.97,住,,,1021109,土地3建物1車位1,十四層,15,住宅大樓(11層含以上有電梯),住家用,鋼筋混凝土造,,168.8,3,2,2,有,無,9380000,62188,坡道平面,36.46,1150000,,RPSWMLTLPHJFFCC96CB
暖暖區,房地(土地+建物)+車位,源遠段31~60地號,25.48,住,,,1030222,土地3建物1車位1,十五層,15,住宅大樓(11層含以上有電梯),住家用,鋼筋混凝土造,,166.32,3,2,2,有,無,8350000,55444,坡道平面,36.46,1150000,,RPTWMLTLPHJFFCC07CB
暖暖區,房地(土地+建物)+車位,源遠段31~60地號,18.03,住,,,1021031,土地3建物1車位1,二層,15,住宅大樓(11層含以上有電梯),住家用,鋼筋混凝土造,,127.78,2,2,1,有,無,5500000,49825,坡道平面,36.46,950000,,RPUWMLTLPHJFFCC17CB
暖暖區,房地(土地+建物)+車位,源遠段31~60地號,19.81,住,,,1021102,土地3建物1車位1,三層,15,住宅大樓(11層含以上有電梯),住家用,鋼筋混凝土造,,137.03,2,2,1,有,無,5670000,46932,坡道平面,36.46,950000,,RPVWMLTLPHJFFCC27CB
暖暖區,房地(土地+建物)+車位,源遠段31~60地號,19.81,住,,,1021115,土地3建物1車位1,四層,15,住宅大樓(11層含以上有電梯),住家用,鋼筋混凝土造,,137.03,2,2,1,有,無,5420000,44447,坡道平面,36.46,950000,,RPWWMLTLPHJFFCC37CB
暖暖區,房地(土地+建物)+車位,源遠段31~60地號,19.81,住,,,1021115,土地3建物1車位1,五層,15,住宅大樓(11層含以上有電梯),住家用,鋼筋混凝土造,,137.03,2,2,1,有,無,5650000,46734,坡道平面,36.46,950000,,RPXWMLTLPHJFFCC47CB
暖暖區,房地(土地+建物)+車位,源遠段31~60地號,19.81,住,,,1030120,土地3建物1車位1,六層,15,住宅大樓(11層含以上有電梯),住家用,鋼筋混凝土造,,137.03,2,2,1,有,無,5470000,45938,坡道平面,36.46,850000,,RPONNLTLPHJFFCC38CB
暖暖區,房地(土地+建物)+車位,源遠段31~60地號,19.81,住,,,1021210,土地3建物1車位1,七層,15,住宅大樓(11層含以上有電梯),住家用,鋼筋混凝土造,,137.03,2,2,1,有,無,5570000,46932,坡道平面,36.46,850000,,RPPNNLTLPHJFFCC48CB
暖暖區,房地(土地+建物)+車位,源遠段31~60地號,19.81,住,,,1021111,土地3建物1車位1,八層,15,住宅大樓(11層含以上有電梯),住家用,鋼筋混凝土造,,137.03,2,2,1,有,無,6020000,50413,坡道平面,36.46,950000,,RPQNNLTLPHJFFCC58CB
暖暖區,房地(土地+建物)+車位,源遠段31~60地號,19.81,住,,,1030105,土地3建物1車位1,九層,15,住宅大樓(11層含以上有電梯),住家用,鋼筋混凝土造,,137.03,2,2,1,有,無,5800000,49219,坡道平面,36.46,850000,,RPRNNLTLPHJFFCC68CB
暖暖區,房地(土地+建物)+車位,源遠段31~60地號,19.81,住,,,1021111,土地3建物1車位1,十層,15,住宅大樓(11層含以上有電梯),住家用,鋼筋混凝土造,,137.03,2,2,1,有,無,6110000,51308,坡道平面,36.46,950000,,RPSNNLTLPHJFFCC78CB
暖暖區,房地(土地+建物)+車位,源遠段31~60地號,19.81,住,,,1021031,土地3建物1車位1,十一層,15,住宅大樓(11層含以上有電梯),住家用,鋼筋混凝土造,,137.03,2,2,1,有,無,6140000,51606,坡道平面,36.46,950000,,RPTNNLTLPHJFFCC88CB
暖暖區,房地(土地+建物)+車位,源遠段31~60地號,19.78,住,,,1030212,土地3建物1車位1,十二層,15,住宅大樓(11層含以上有電梯),住家用,鋼筋混凝土造,,136.72,2,2,1,有,無,6350000,52863,坡道平面,36.46,1050000,,RPWNNLTLPHJFFCC56CB
暖暖區,房地(土地+建物)+車位,源遠段31~60地號,19.78,住,,,1021029,土地3建物1車位1,十三層,15,住宅大樓(11層含以上有電梯),住家用,鋼筋混凝土造,,136.72,2,2,1,有,無,6380000,53162,坡道平面,36.46,1050000,,RPXNNLTLPHJFFCC66CB
暖暖區,房地(土地+建物)+車位,源遠段31~60地號,18.94,住,,,1021029,土地3建物1車位1,二層,15,住宅大樓(11層含以上有電梯),住家用,鋼筋混凝土造,,132.38,2,1,1,有,無,5300000,45350,坡道平面,36.46,950000,,RPOONLTLPHJFFCC48CB
暖暖區,房地(土地+建物)+車位,源遠段31~60地號,18.94,住,,,1021026,土地3建物1車位1,三層,15,住宅大樓(11層含以上有電梯),住家用,鋼筋混凝土造,,132.38,2,1,1,有,無,5400000,46393,坡道平面,36.46,950000,,RPPONLTLPHJFFCC58CB
暖暖區,房地(土地+建物)+車位,源遠段31~60地號,19.14,住,,,1021031,土地3建物1車位1,四層,15,住宅大樓(11層含以上有電梯),住家用,鋼筋混凝土造,,133.49,2,1,1,有,無,5230000,45141,坡道平面,36.46,850000,,RPQONLTLPHJFFCC68CB
暖暖區,房地(土地+建物)+車位,源遠段31~60地號,19.14,住,,,1030105,土地3建物1車位1,五層,15,住宅大樓(11層含以上有電梯),住家用,鋼筋混凝土造,,133.49,2,1,1,有,無,5050000,45347,坡道平面,36.46,650000,,RPRONLTLPHJFFCC78CB
暖暖區,房地(土地+建物)+車位,源遠段31~60地號,19.14,住,,,1021110,土地3建物1車位1,六層,15,住宅大樓(11層含以上有電梯),住家用,鋼筋混凝土造,,133.49,2,1,1,有,無,5520000,47099,坡道平面,36.46,950000,,RPSONLTLPHJFFCC88CB
暖暖區,房地(土地+建物)+車位,源遠段31~60地號,19.14,住,,,1021110,土地3建物1車位1,七層,15,住宅大樓(11層含以上有電梯),住家用,鋼筋混凝土造,,133.49,2,1,1,有,無,5600000,47923,坡道平面,36.46,950000,,RPTONLTLPHJFFCC98CB
暖暖區,房地(土地+建物)+車位,源遠段31~60地號,19.14,住,,,1021029,土地3建物1車位1,八層,15,住宅大樓(11層含以上有電梯),住家用,鋼筋混凝土造,,133.49,2,1,1,有,無,5780000,49778,坡道平面,36.46,950000,,RPUONLTLPHJFFCC09CB
暖暖區,房地(土地+建物)+車位,源遠段31~60地號,19.14,住,,,1021108,土地3建物1車位1,九層,15,住宅大樓(11層含以上有電梯),住家用,鋼筋混凝土造,,133.49,2,1,1,有,無,5840000,50397,坡道平面,36.46,950000,,RPVONLTLPHJFFCC56CB
暖暖區,房地(土地+建物)+車位,源遠段31~60地號,19.14,住,,,1021031,土地3建物1車位1,十層,15,住宅大樓(11層含以上有電梯),住家用,鋼筋混凝土造,,133.49,2,1,1,有,無,6010000,51118,坡道平面,36.46,1050000,,RPWONLTLPHJFFCC66CB
暖暖區,房地(土地+建物)+車位,源遠段31~60地號,19.14,住,,,1021029,土地3建物1車位1,十一層,15,住宅大樓(11層含以上有電梯),住家用,鋼筋混凝土造,,133.49,2,1,1,有,無,6060000,51634,坡道平面,36.46,1050000,,RPXONLTLPHJFFCC76CB
暖暖區,房地(土地+建物)+車位,源遠段31~60地號,19.11,住,,,1030120,土地3建物1車位1,十二層,15,住宅大樓(11層含以上有電梯),住家用,鋼筋混凝土造,,133.42,2,1,1,有,無,6250000,53630,坡道平面,36.46,1050000,,RPOPNLTLPHJFFCC58CB
暖暖區,房地(土地+建物)+車位,源遠段31~60地號,19.11,住,,,1021117,土地3建物1車位1,十三層,15,住宅大樓(11層含以上有電梯),住家用,鋼筋混凝土造,,133.42,2,1,1,有,無,6180000,52908,坡道平面,36.46,1050000,,RPPPNLTLPHJFFCC68CB
暖暖區,房地(土地+建物)+車位,源遠段31~60地號,19.11,住,,,1021124,土地3建物1車位1,十四層,15,住宅大樓(11層含以上有電梯),住家用,鋼筋混凝土造,,133.42,2,1,1,有,無,6370000,54868,坡道平面,36.46,1050000,,RPQPNLTLPHJFFCC78CB
暖暖區,房地(土地+建物)+車位,源遠段31~60地號,19.11,住,,,1021202,土地3建物1車位1,十五層,15,住宅大樓(11層含以上有電梯),住家用,鋼筋混凝土造,,133.42,2,1,1,有,無,6540000,55590,坡道平面,36.46,1150000,,RPRPNLTLPHJFFCC88CB
暖暖區,房地(土地+建物)+車位,源遠段31~60地號,26.01,住,,,1021109,土地3建物1車位1,二層,15,住宅大樓(11層含以上有電梯),住家用,鋼筋混凝土造,,168.99,3,2,2,有,無,6750000,43764,坡道平面,36.46,950000,,RPSPNLTLPHJFFCC98CB
暖暖區,房地(土地+建物)+車位,源遠段31~60地號,26.01,住,,,1021107,土地3建物1車位1,三層,15,住宅大樓(11層含以上有電梯),住家用,鋼筋混凝土造,,168.99,3,2,2,有,無,7180000,47008,坡道平面,36.46,950000,,RPTPNLTLPHJFFCC09CB
暖暖區,房地(土地+建物)+車位,源遠段31~60地號,26.14,住,,,1021031,土地3建物1車位1,四層,15,住宅大樓(11層含以上有電梯),住家用,鋼筋混凝土造,,169.74,3,2,2,有,無,7050000,45768,坡道平面,36.46,950000,,RPUPNLTLPHJFFCC56CB
暖暖區,房地(土地+建物)+車位,源遠段31~60地號,26.14,住,,,1021207,土地3建物1車位1,五層,15,住宅大樓(11層含以上有電梯),住家用,鋼筋混凝土造,,169.74,3,2,2,有,無,7740000,50195,坡道平面,36.46,1050000,,RPVPNLTLPHJFFCC66CB
暖暖區,房地(土地+建物)+車位,源遠段31~60地號,26.14,住,,,1021102,土地3建物1車位1,六層,15,住宅大樓(11層含以上有電梯),住家用,鋼筋混凝土造,,169.74,3,2,2,有,無,7530000,48619,坡道平面,36.46,1050000,,RPWPNLTLPHJFFCC76CB
暖暖區,房地(土地+建物)+車位,源遠段31~60地號,26.14,住,,,1021029,土地3建物1車位1,七層,15,住宅大樓(11層含以上有電梯),住家用,鋼筋混凝土造,,169.74,3,2,2,有,無,7530000,48619,坡道平面,36.46,1050000,,RPXPNLTLPHJFFCC86CB
暖暖區,房地(土地+建物)+車位,源遠段31~60地號,26.14,住,,,1021031,土地3建物1車位1,八層,15,住宅大樓(11層含以上有電梯),住家用,鋼筋混凝土造,,169.74,3,2,2,有,無,8000000,52146,坡道平面,36.46,1050000,,RPOQNLTLPHJFFCC68CB
暖暖區,房地(土地+建物)+車位,源遠段31~60地號,26.14,住,,,1021110,土地3建物1車位1,九層,15,住宅大樓(11層含以上有電梯),住家用,鋼筋混凝土造,,169.74,3,2,2,有,無,7960000,51846,坡道平面,36.46,1050000,,RPPQNLTLPHJFFCC78CB
暖暖區,房地(土地+建物)+車位,源遠段31~60地號,26.14,住,,,1021029,土地3建物1車位1,十層,15,住宅大樓(11層含以上有電梯),住家用,鋼筋混凝土造,,169.74,3,2,2,有,無,7990000,52071,坡道平面,36.46,1050000,,RPQQNLTLPHJFFCC88CB
暖暖區,房地(土地+建物)+車位,源遠段31~60地號,26.14,住,,,1021031,土地3建物1車位1,十一層,15,住宅大樓(11層含以上有電梯),住家用,鋼筋混凝土造,,169.74,3,2,2,有,無,7910000,52221,坡道平面,36.46,950000,,RPRQNLTLPHJFFCC98CB
暖暖區,房地(土地+建物)+車位,源遠段31~60地號,26.11,住,,,1030217,土地3建物1車位1,十二層,15,住宅大樓(11層含以上有電梯),住家用,鋼筋混凝土造,,169.47,3,2,2,有,無,8150000,53379,坡道平面,36.46,1050000,,RPSQNLTLPHJFFCC09CB
暖暖區,房地(土地+建物)+車位,源遠段31~60地號,26.11,住,,,1021031,土地3建物1車位1,十三層,15,住宅大樓(11層含以上有電梯),住家用,鋼筋混凝土造,,169.47,3,2,2,有,無,8160000,53455,坡道平面,36.46,1050000,,RPTQNLTLPHJFFCC56CB
暖暖區,房地(土地+建物)+車位,源遠段31~60地號,26.11,住,,,1021116,土地3建物1車位1,十四層,15,住宅大樓(11層含以上有電梯),住家用,鋼筋混凝土造,,169.43,3,2,2,有,無,8450000,54900,坡道平面,36.46,1150000,,RPUQNLTLPHJFFCC66CB
暖暖區,房地(土地+建物)+車位,源遠段31~60地號,26.11,住,,,1021130,土地3建物1車位1,十五層,15,住宅大樓(11層含以上有電梯),住家用,鋼筋混凝土造,,169.43,3,2,2,有,無,8400000,54524,坡道平面,36.46,1150000,,RPVQNLTLPHJFFCC76CB
暖暖區,房地(土地+建物)+車位,源遠段31~60地號,13.62,住,,,1021221,土地3建物1車位1,二層,15,住宅大樓(11層含以上有電梯),住家用,鋼筋混凝土造,,105.02,2,1,1,有,無,4180000,45653,坡道平面,36.46,1050000,,RPWQNLTLPHJFFCC86CB
暖暖區,房地(土地+建物),源遠段31~60地號,13.75,住,,,1021201,土地3建物1車位0,三層,15,住宅大樓(11層含以上有電梯),住家用,鋼筋混凝土造,,70.97,2,1,1,有,無,3310000,46639,,0.0,0,,RPXQNLTLPHJFFCC96CB
暖暖區,房地(土地+建物),源遠段31~60地號,13.75,住,,,1021130,土地3建物1車位0,四層,15,住宅大樓(11層含以上有電梯),住家用,鋼筋混凝土造,,70.97,2,1,1,有,無,3220000,45371,,0.0,0,,RPORNLTLPHJFFCC78CB
暖暖區,房地(土地+建物),源遠段31~60地號,13.75,住,,,1021219,土地3建物1車位0,五層,15,住宅大樓(11層含以上有電梯),住家用,鋼筋混凝土造,,70.97,2,1,1,有,無,3300000,46499,,0.0,0,,RPPRNLTLPHJFFCC88CB
暖暖區,房地(土地+建物)+車位,源遠段31~60地號,14.1,住,,,1021116,土地3建物1車位1,六層,15,住宅大樓(11層含以上有電梯),住家用,鋼筋混凝土造,,107.43,2,1,1,有,無,4330000,47626,坡道平面,36.46,950000,,RPQRNLTLPHJFFCC98CB
暖暖區,房地(土地+建物),源遠段31~60地號,13.75,住,,,1021221,土地3建物1車位0,七層,15,住宅大樓(11層含以上有電梯),住家用,鋼筋混凝土造,,70.97,2,1,1,有,無,3400000,47908,,0.0,0,,RPRRNLTLPHJFFCC09CB
暖暖區,房地(土地+建物)+車位,源遠段31~60地號,14.1,住,,,1021230,土地3建物1車位1,八層,15,住宅大樓(11層含以上有電梯),住家用,鋼筋混凝土造,,107.43,2,1,1,有,無,4470000,49598,坡道平面,36.46,950000,,RPSRNLTLPHJFFCC56CB
暖暖區,房地(土地+建物)+車位,源遠段31~60地號,14.1,住,,,1021119,土地3建物1車位1,九層,15,住宅大樓(11層含以上有電梯),住家用,鋼筋混凝土造,,107.43,2,1,1,有,無,4610000,50162,坡道平面,36.46,1050000,,RPTRNLTLPHJFFCC66CB
暖暖區,房地(土地+建物)+車位,源遠段31~60地號,14.1,住,,,1021222,土地3建物1車位1,十層,15,住宅大樓(11層含以上有電梯),住家用,鋼筋混凝土造,,107.43,2,1,1,有,無,4650000,50726,坡道平面,36.46,1050000,,RPURNLTLPHJFFCC76CB
暖暖區,房地(土地+建物)+車位,源遠段31~60地號,14.1,住,,,1021130,土地3建物1車位1,十一層,15,住宅大樓(11層含以上有電梯),住家用,鋼筋混凝土造,,107.43,2,1,1,有,無,4580000,51148,坡道平面,36.46,950000,,RPVRNLTLPHJFFCC86CB
暖暖區,房地(土地+建物)+車位,源遠段31~60地號,14.03,住,,,1030101,土地3建物1車位1,十二層,15,住宅大樓(11層含以上有電梯),住家用,鋼筋混凝土造,,107.17,2,1,1,有,無,4620000,51902,坡道平面,36.46,950000,,RPWRNLTLPHJFFCC96CB
暖暖區,房地(土地+建物)+車位,源遠段31~60地號,14.03,住,,,1030108,土地3建物1車位1,十三層,15,住宅大樓(11層含以上有電梯),住家用,鋼筋混凝土造,,107.17,2,1,1,有,無,4850000,52326,坡道平面,36.46,1150000,,RPOSNLTLPHJFFCC88CB
暖暖區,房地(土地+建物)+車位,源遠段31~60地號,14.03,住,,,1030212,土地3建物1車位1,十四層,15,住宅大樓(11層含以上有電梯),住家用,鋼筋混凝土造,,107.17,2,1,1,有,無,4870000,52609,坡道平面,36.46,1150000,,RPPSNLTLPHJFFCC98CB
暖暖區,房地(土地+建物)+車位,源遠段31~60地號,14.03,住,,,1030222,土地3建物1車位1,十五層,15,住宅大樓(11層含以上有電梯),住家用,鋼筋混凝土造,,107.17,2,1,1,有,無,4970000,54023,坡道平面,36.46,1150000,,RPQSNLTLPHJFFCC09CB
暖暖區,房地(土地+建物),源遠段31~60地號,13.26,住,,,1021029,土地3建物1車位0,二層,15,住宅大樓(11層含以上有電梯),住家用,鋼筋混凝土造,,68.44,2,1,1,有,無,3100000,45295,,0.0,0,,RPRSNLTLPHJFFCC56CB
暖暖區,房地(土地+建物)+車位,源遠段31~60地號,14.07,住,,,1021201,土地3建物1車位1,三層,15,住宅大樓(11層含以上有電梯),住家用,鋼筋混凝土造,,107.37,2,1,1,有,無,4250000,46538,坡道平面,36.46,950000,,RPSSNLTLPHJFFCC66CB
暖暖區,房地(土地+建物)+車位,源遠段31~60地號,14.07,住,,,1021120,土地3建物1車位1,四層,15,住宅大樓(11層含以上有電梯),住家用,鋼筋混凝土造,,107.37,2,1,1,有,無,4200000,45833,坡道平面,36.46,950000,,RPTSNLTLPHJFFCC76CB
暖暖區,房地(土地+建物),源遠段31~60地號,13.72,住,,,1021208,土地3建物1車位0,五層,15,住宅大樓(11層含以上有電梯),住家用,鋼筋混凝土造,,70.91,2,1,1,有,無,3300000,46538,,0.0,0,,RPUSNLTLPHJFFCC86CB
暖暖區,房地(土地+建物)+車位,源遠段31~60地號,14.07,住,,,1021123,土地3建物1車位1,六層,15,住宅大樓(11層含以上有電梯),住家用,鋼筋混凝土造,,107.37,2,1,1,有,無,4340000,47807,坡道平面,36.46,950000,,RPVSNLTLPHJFFCC96CB
暖暖區,房地(土地+建物)+車位,源遠段31~60地號,14.07,住,,,1021219,土地3建物1車位1,七層,15,住宅大樓(11層含以上有電梯),住家用,鋼筋混凝土造,,107.37,2,1,1,有,無,4350000,47948,坡道平面,36.46,950000,,RPWSNLTLPHJFFCC07CB
暖暖區,房地(土地+建物)+車位,源遠段31~60地號,14.07,住,,,1021224,土地3建物1車位1,八層,15,住宅大樓(11層含以上有電梯),住家用,鋼筋混凝土造,,107.37,2,1,1,有,無,4480000,49781,坡道平面,36.46,950000,,RPXSNLTLPHJFFCC17CB
暖暖區,房地(土地+建物)+車位,源遠段31~60地號,14.07,住,,,1021119,土地3建物1車位1,九層,15,住宅大樓(11層含以上有電梯),住家用,鋼筋混凝土造,,107.37,2,1,1,有,無,4610000,50204,坡道平面,36.46,1050000,,RPOTNLTLPHJFFCC98CB
暖暖區,房地(土地+建物),源遠段31~60地號,13.72,住,,,1021228,土地3建物1車位0,十層,15,住宅大樓(11層含以上有電梯),住家用,鋼筋混凝土造,,70.91,2,1,1,有,無,3600000,50769,,0.0,0,,RPPTNLTLPHJFFCC09CB
暖暖區,房地(土地+建物)+車位,源遠段31~60地號,14.07,住,,,1021224,土地3建物1車位1,十一層,15,住宅大樓(11層含以上有電梯),住家用,鋼筋混凝土造,,107.37,2,1,1,有,無,4600000,51474,坡道平面,36.46,950000,,RPQTNLTLPHJFFCC56CB
暖暖區,房地(土地+建物)+車位,源遠段31~60地號,14.07,住,,,1021226,土地3建物1車位1,十二層,15,住宅大樓(11層含以上有電梯),住家用,鋼筋混凝土造,,107.37,2,1,1,有,無,4730000,51897,坡道平面,36.46,1050000,,RPRTNLTLPHJFFCC66CB
暖暖區,房地(土地+建物)+車位,源遠段31~60地號,14.07,住,,,1030125,土地3建物1車位1,十三層,15,住宅大樓(11層含以上有電梯),住家用,鋼筋混凝土造,,107.37,2,1,1,有,無,4850000,52179,坡道平面,36.46,1150000,,RPSTNLTLPHJFFCC76CB
暖暖區,房地(土地+建物)+車位,源遠段31~60地號,14.07,住,,,1030314,土地3建物1車位1,十四層,15,住宅大樓(11層含以上有電梯),住家用,鋼筋混凝土造,,107.37,2,1,1,有,無,4800000,52884,坡道平面,36.46,1050000,,RPTTNLTLPHJFFCC86CB
暖暖區,房地(土地+建物)+車位,源遠段31~60地號,14.07,住,,,1030222,土地3建物1車位1,十五層,15,住宅大樓(11層含以上有電梯),住家用,鋼筋混凝土造,,107.37,2,1,1,有,無,5000000,54294,坡道平面,36.46,1150000,,RPUTNLTLPHJFFCC96CB
暖暖區,房地(土地+建物)+車位,源遠段31~60地號,24.88,住,,,1021029,土地3建物1車位1,二層,15,住宅大樓(11層含以上有電梯),住家用,鋼筋混凝土造,,163.1,3,2,2,有,無,6470000,43588,坡道平面,36.46,950000,,RPVTNLTLPHJFFCC07CB
暖暖區,房地(土地+建物)+車位,源遠段31~60地號,25.44,住,,,1021116,土地3建物1車位1,三層,15,住宅大樓(11層含以上有電梯),住家用,鋼筋混凝土造,,165.98,3,2,2,有,無,6790000,44317,坡道平面,36.46,1050000,,RPWTNLTLPHJFFCC17CB
暖暖區,房地(土地+建物)+車位,源遠段31~60地號,25.44,住,,,1021120,土地3建物1車位1,四層,15,住宅大樓(11層含以上有電梯),住家用,鋼筋混凝土造,,165.98,3,2,2,有,無,6500000,42851,坡道平面,36.46,950000,,RPXTNLTLPHJFFCC27CB
暖暖區,房地(土地+建物)+車位,源遠段31~60地號,25.44,住,,,1021103,土地3建物1車位1,五層,15,住宅大樓(11層含以上有電梯),住家用,鋼筋混凝土造,,165.98,3,2,2,有,無,7030000,46170,坡道平面,36.46,1050000,,RPOUNLTLPHJFFCC09CB
暖暖區,房地(土地+建物)+車位,源遠段31~60地號,25.44,住,,,1021119,土地3建物1車位1,六層,15,住宅大樓(11層含以上有電梯),住家用,鋼筋混凝土造,,165.98,3,2,2,有,無,7300000,48255,坡道平面,36.46,1050000,,RPPUNLTLPHJFFCC56CB
暖暖區,房地(土地+建物)+車位,源遠段31~60地號,25.44,住,,,1021029,土地3建物1車位1,七層,15,住宅大樓(11層含以上有電梯),住家用,鋼筋混凝土造,,165.98,3,2,2,有,無,7070000,46479,坡道平面,36.46,1050000,,RPQUNLTLPHJFFCC66CB
暖暖區,房地(土地+建物)+車位,源遠段31~60地號,25.44,住,,,1021214,土地3建物1車位1,八層,15,住宅大樓(11層含以上有電梯),住家用,鋼筋混凝土造,,165.98,3,2,2,有,無,7320000,49182,坡道平面,36.46,950000,,RPRUNLTLPHJFFCC76CB
暖暖區,房地(土地+建物)+車位,源遠段31~60地號,25.44,住,,,1021126,土地3建物1車位1,九層,15,住宅大樓(11層含以上有電梯),住家用,鋼筋混凝土造,,165.98,3,2,2,有,無,7490000,48950,坡道平面,36.46,1150000,,RPSUNLTLPHJFFCC86CB
暖暖區,房地(土地+建物)+車位,源遠段31~60地號,25.44,住,,,1021029,土地3建物1車位1,十層,15,住宅大樓(11層含以上有電梯),住家用,鋼筋混凝土造,,165.98,3,2,2,有,無,7520000,49182,坡道平面,36.46,1150000,,RPTUNLTLPHJFFCC96CB
暖暖區,房地(土地+建物)+車位,源遠段31~60地號,25.44,住,,,1021126,土地3建物1車位1,十一層,15,住宅大樓(11層含以上有電梯),住家用,鋼筋混凝土造,,165.98,3,2,2,有,無,7620000,50726,坡道平面,36.46,1050000,,RPUUNLTLPHJFFCC07CB
暖暖區,房地(土地+建物)+車位,源遠段31~60地號,25.41,住,,,1030211,土地3建物1車位1,十二層,15,住宅大樓(11層含以上有電梯),住家用,鋼筋混凝土造,,165.92,3,2,2,有,無,7900000,52140,坡道平面,36.46,1150000,,RPVUNLTLPHJFFCC17CB
暖暖區,房地(土地+建物)+車位,源遠段31~60地號,25.41,住,,,1021027,土地3建物1車位1,十三層,15,住宅大樓(11層含以上有電梯),住家用,鋼筋混凝土造,,165.92,3,2,2,有,無,8090000,53607,坡道平面,36.46,1150000,,RPWUNLTLPHJFFCC27CB
暖暖區,房地(土地+建物)+車位,源遠段31~60地號,25.97,住,,,1021205,土地3建物1車位1,十四層,15,住宅大樓(11層含以上有電梯),住家用,鋼筋混凝土造,,168.8,3,2,2,有,無,9130000,60299,坡道平面,36.46,1150000,,RPXUNLTLPHJFFCC37CB
暖暖區,房地(土地+建物)+車位,源遠段31~60地號,25.48,住,,,1021204,土地3建物1車位1,十五層,15,住宅大樓(11層含以上有電梯),住家用,鋼筋混凝土造,,166.32,3,2,2,有,無,8330000,55290,坡道平面,36.46,1150000,,RPOVNLTLPHJFFCC56CB
暖暖區,房地(土地+建物)+車位,源遠段31~60地號,18.03,住,,,1021105,土地3建物1車位1,二層,15,住宅大樓(11層含以上有電梯),住家用,鋼筋混凝土造,,127.78,2,2,1,有,無,5330000,47963,坡道平面,36.46,950000,,RPPVNLTLPHJFFCC66CB
暖暖區,房地(土地+建物)+車位,源遠段31~60地號,19.81,住,,,1021126,土地3建物1車位1,三層,15,住宅大樓(11層含以上有電梯),住家用,鋼筋混凝土造,,137.03,2,2,1,有,無,5720000,46435,坡道平面,36.46,1050000,,RPQVNLTLPHJFFCC76CB
暖暖區,房地(土地+建物)+車位,源遠段31~60地號,19.81,住,,,1021106,土地3建物1車位1,四層,15,住宅大樓(11層含以上有電梯),住家用,鋼筋混凝土造,,137.03,2,2,1,有,無,5370000,44944,坡道平面,36.46,850000,,RPRVNLTLPHJFFCC86CB
暖暖區,房地(土地+建物)+車位,源遠段31~60地號,19.81,住,,,1021029,土地3建物1車位1,五層,15,住宅大樓(11層含以上有電梯),住家用,鋼筋混凝土造,,137.03,2,2,1,有,無,5500000,46236,坡道平面,36.46,850000,,RPSVNLTLPHJFFCC96CB
暖暖區,房地(土地+建物)+車位,源遠段31~60地號,19.81,住,,,1021115,土地3建物1車位1,六層,15,住宅大樓(11層含以上有電梯),住家用,鋼筋混凝土造,,137.03,2,2,1,有,無,5570000,45938,坡道平面,36.46,950000,,RPTVNLTLPHJFFCC07CB
暖暖區,房地(土地+建物)+車位,源遠段31~60地號,19.81,住,,,1021106,土地3建物1車位1,七層,15,住宅大樓(11層含以上有電梯),住家用,鋼筋混凝土造,,137.03,2,2,1,有,無,5740000,48623,坡道平面,36.46,850000,,RPUVNLTLPHJFFCC17CB
暖暖區,房地(土地+建物)+車位,源遠段31~60地號,19.81,住,,,1021120,土地3建物1車位1,八層,15,住宅大樓(11層含以上有電梯),住家用,鋼筋混凝土造,,137.03,2,2,1,有,無,6120000,51407,坡道平面,36.46,950000,,RPVVNLTLPHJFFCC27CB
暖暖區,房地(土地+建物)+車位,源遠段31~60地號,19.81,住,,,1021102,土地3建物1車位1,九層,15,住宅大樓(11層含以上有電梯),住家用,鋼筋混凝土造,,137.03,2,2,1,有,無,5990000,50114,坡道平面,36.46,950000,,RPWVNLTLPHJFFCC37CB
暖暖區,房地(土地+建物)+車位,源遠段31~60地號,19.81,住,,,1021031,土地3建物1車位1,十層,15,住宅大樓(11層含以上有電梯),住家用,鋼筋混凝土造,,137.03,2,2,1,有,無,6120000,50413,坡道平面,36.46,1050000,,RPXVNLTLPHJFFCC47CB
暖暖區,房地(土地+建物)+車位,源遠段31~60地號,19.81,住,,,1021108,土地3建物1車位1,十一層,15,住宅大樓(11層含以上有電梯),住家用,鋼筋混凝土造,,137.03,2,2,1,有,無,6210000,51308,坡道平面,36.46,1050000,,RPOWNLTLPHJFFCC66CB
暖暖區,房地(土地+建物)+車位,源遠段31~60地號,19.78,住,,,1030108,土地3建物1車位1,十二層,15,住宅大樓(11層含以上有電梯),住家用,鋼筋混凝土造,,136.72,2,2,1,有,無,6300000,52364,坡道平面,36.46,1050000,,RPPWNLTLPHJFFCC76CB
暖暖區,房地(土地+建物)+車位,源遠段31~60地號,19.78,住,,,1021130,土地3建物1車位1,十三層,15,住宅大樓(11層含以上有電梯),住家用,鋼筋混凝土造,,136.72,2,2,1,有,無,6420000,53561,坡道平面,36.46,1050000,,RPQWNLTLPHJFFCC86CB
