﻿鄉鎮市區,交易標的,土地區段位置/建物區段門牌,土地移轉總面積平方公尺,都市土地使用分區,非都市土地使用分區,非都市土地使用編定,交易年月日,交易筆棟數,移轉層次,總樓層數,建物型態,主要用途,主要建材,建築完成年月,建物移轉總面積平方公尺,建物現況格局-房,建物現況格局-廳,建物現況格局-衛,建物現況格局-隔間,有無管理組織,總價元,單價元/平方公尺,車位類別,車位移轉總面積平方公尺,車位總價元,備註,編號
The villages and towns urban district,transaction sign,land sector position/building sector house number plate,land shifting total area square meter,the use zoning or compiles and checks,the non-metropolis land use district,non-metropolis land use,transaction year, month and day,transaction pen number,shifting level,total floor number,building state,main use,main building materials,construction to complete the years,building shifting total area,Building present situation pattern - room,building present situation pattern - hall,building present situation pattern - health,building present situation pattern - compartmented,Whether there is manages the organization,total price Yuan,the unit price a Yuan/square meter,the berth category,berth shifting total area square meter,the berth total price Yuan,the note,serial number
楠梓區,房地(土地+建物)+車位,藍昌段二小段991~1020地號,12.1,商,,,1011013,土地1建物1車位1,八層,15,住宅大樓(11層含以上有電梯),商業用,鋼筋混凝土造,,145.17,3,2,2,有,無,5220000,37695,坡道平面,29.24,850000,,RPRPMLMJNHJFFEE08CB
楠梓區,房地(土地+建物)+車位,藍昌段二小段991~1020地號,16.51,商,,,1011006,土地1建物1車位1,六層,15,住宅大樓(11層含以上有電梯),商業用,鋼筋混凝土造,,187.85,4,2,2,有,無,7370000,41107,坡道平面,29.24,850000,,RPSPMLMJNHJFFEE18CB
楠梓區,房地(土地+建物),藍昌段二小段991~1020地號,9.17,商,,,1011007,土地1建物1車位0,二層,15,住宅大樓(11層含以上有電梯),商業用,鋼筋混凝土造,,91.45,2,1,1,有,無,3490000,38163,,0.0,0,,RPTPMLMJNHJFFEE28CB
楠梓區,房地(土地+建物)+車位,藍昌段二小段991~1020地號,12.47,商,,,1011007,土地1建物1車位1,二層,15,住宅大樓(11層含以上有電梯),商業用,鋼筋混凝土造,,149.62,3,2,2,有,無,4850000,33228,坡道平面,29.24,850000,,RPUPMLMJNHJFFEE38CB
楠梓區,房地(土地+建物),藍昌段二小段991~1020地號,6.97,商,,,1011007,土地1建物1車位0,五層,15,住宅大樓(11層含以上有電梯),商業用,鋼筋混凝土造,,69.04,2,1,1,有,無,2420000,35052,,0.0,0,,RPVPMLMJNHJFFEE48CB
楠梓區,房地(土地+建物),藍昌段二小段991~1020地號,9.17,商,,,1011020,土地1建物1車位0,三層,15,住宅大樓(11層含以上有電梯),商業用,鋼筋混凝土造,,91.44,2,1,1,有,無,3480000,38058,,0.0,0,,RPWPMLMJNHJFFEE58CB
楠梓區,房地(土地+建物),藍昌段二小段991~1020地號,8.44,商,,,1011110,土地1建物1車位0,四層,15,住宅大樓(11層含以上有電梯),商業用,鋼筋混凝土造,,85.46,2,1,1,有,無,2840000,33232,,0.0,0,,RPSQMLMJNHJFFEE28CB
楠梓區,房地(土地+建物),藍昌段二小段991~1020地號,8.44,商,,,1011014,土地1建物1車位0,六層,15,住宅大樓(11層含以上有電梯),商業用,鋼筋混凝土造,,84.5,2,1,1,有,無,3000000,35503,,0.0,0,,RPTQMLMJNHJFFEE38CB
楠梓區,房地(土地+建物)+車位,藍昌段二小段991~1020地號,16.51,商,,,1011014,土地1建物1車位1,八層,15,住宅大樓(11層含以上有電梯),商業用,鋼筋混凝土造,,187.85,4,2,2,有,無,6950000,37198,坡道平面,29.24,1050000,,RPUQMLMJNHJFFEE48CB
楠梓區,房地(土地+建物),藍昌段二小段991~1020地號,9.17,商,,,1011020,土地1建物1車位0,十層,15,住宅大樓(11層含以上有電梯),商業用,鋼筋混凝土造,,91.91,2,1,1,有,無,3700000,40257,,0.0,0,,RPVQMLMJNHJFFEE58CB
楠梓區,房地(土地+建物)+車位,藍昌段二小段991~1020地號,15.04,商,,,1011021,土地1建物1車位1,一層,15,住宅大樓(11層含以上有電梯),商業用,鋼筋混凝土造,,174.35,0,0,0,無,無,7100000,42382,坡道平面,29.24,950000,,RPWQMLMJNHJFFEE68CB
楠梓區,房地(土地+建物),藍昌段二小段991~1020地號,10.64,商,,,1011021,土地1建物1車位0,一層,15,住宅大樓(11層含以上有電梯),商業用,鋼筋混凝土造,,105.22,0,0,0,無,無,4100000,38966,,0.0,0,,RPSQMLQJNHJFFEE68CB
楠梓區,房地(土地+建物)+車位,藍昌段二小段991~1020地號,11.37,商,,,1011021,土地1建物1車位1,一層,15,住宅大樓(11層含以上有電梯),商業用,鋼筋混凝土造,,108.88,0,0,0,無,無,4700000,47730,坡道平面,27.17,800000,,RPTQMLQJNHJFFEE78CB
楠梓區,房地(土地+建物)+車位,藍昌段二小段991~1020地號,12.47,商,,,1011027,土地1建物1車位1,八層,15,住宅大樓(11層含以上有電梯),商業用,鋼筋混凝土造,,148.65,3,2,2,有,無,5480000,37937,坡道平面,29.24,950000,,RPUQMLQJNHJFFEE88CB
楠梓區,房地(土地+建物),藍昌段二小段991~1020地號,8.44,商,,,1011103,土地1建物1車位0,六層,15,住宅大樓(11層含以上有電梯),商業用,鋼筋混凝土造,,85.46,2,1,1,有,無,3000000,35104,,0.0,0,,RPVQMLQJNHJFFEE98CB
前鎮區,房地(土地+建物)+車位,獅甲段一小段511~540地號,54.91,住,,,1020404,土地1建物1車位4,二十層,24,住宅大樓(11層含以上有電梯),住家用,鋼筋混凝土造,,508.99,4,2,4,有,無,50580000,105873,坡道平面,100.2,7300000,,RPROMLQJNHJFFCE18CB
前鎮區,房地(土地+建物)+車位,獅甲段一小段511~540地號,54.66,住,,,1020429,土地1建物1車位4,十二層,24,住宅大樓(11層含以上有電梯),住家用,鋼筋混凝土造,,508.99,4,2,4,有,無,45360000,95759,坡道平面,97.96,6000000,,RPSOMLQJNHJFFCE28CB
前鎮區,房地(土地+建物)+車位,獅甲段一小段511~540地號,47.03,住,,,1020330,土地1建物1車位3,七層,24,住宅大樓(11層含以上有電梯),住家用,鋼筋混凝土造,,453.29,4,2,4,有,無,42700000,100084,坡道平面,70.11,4350000,,RPSQMLQJNHJFFCE48CB
前鎮區,房地(土地+建物)+車位,獅甲段一小段511~540地號,47.03,住,,,1020704,土地1建物1車位3,九層,24,住宅大樓(11層含以上有電梯),住家用,鋼筋混凝土造,,453.13,4,2,4,有,無,43660000,102632,坡道平面,70.11,4350000,,RPTQMLQJNHJFFCE58CB
前鎮區,房地(土地+建物)+車位,獅甲段一小段511~540地號,47.76,住,,,1020224,土地1建物1車位3,十層,24,住宅大樓(11層含以上有電梯),住家用,鋼筋混凝土造,,453.13,4,2,4,有,無,41000000,96598,坡道平面,76.83,4650000,,RPVQMLQJNHJFFCE78CB
前鎮區,房地(土地+建物)+車位,獅甲段一小段511~540地號,47.76,住,,,1020104,土地1建物1車位3,十一層,24,住宅大樓(11層含以上有電梯),住家用,鋼筋混凝土造,,453.13,4,2,4,有,無,41780000,97475,坡道平面,76.83,5100000,,RPWQMLQJNHJFFCE88CB
前鎮區,房地(土地+建物)+車位,獅甲段一小段511~540地號,45.38,住,,,1020109,土地1建物1車位2,十三層,24,住宅大樓(11層含以上有電梯),住家用,鋼筋混凝土造,,453.13,4,2,4,有,無,40000000,90319,坡道平面,51.22,3700000,,RPXQMLQJNHJFFCE98CB
前鎮區,房地(土地+建物)+車位,獅甲段一小段511~540地號,47.76,住,,,1011202,土地1建物1車位3,十四層,24,住宅大樓(11層含以上有電梯),住家用,鋼筋混凝土造,,453.13,4,2,4,有,無,41930000,97874,坡道平面,76.83,5100000,,RPORMLQJNHJFFCE18CB
前鎮區,房地(土地+建物)+車位,獅甲段一小段511~540地號,47.76,住,,,1020221,土地1建物1車位3,十五層,24,住宅大樓(11層含以上有電梯),住家用,鋼筋混凝土造,,453.13,4,2,4,有,無,42000000,99256,坡道平面,76.83,4650000,,RPPRMLQJNHJFFCE28CB
前鎮區,房地(土地+建物)+車位,獅甲段一小段511~540地號,47.03,住,,,1020706,土地1建物1車位3,二十三層,24,住宅大樓(11層含以上有電梯),住家用,鋼筋混凝土造,,453.01,4,2,4,有,無,47280000,112249,坡道平面,70.11,4300000,,RPQRMLQJNHJFFCE38CB
橋頭區,房地(土地+建物),橋中段91~120地號,107.69,住,,,1010722,土地1建物1車位0,全,4,透天厝,住家用,鋼筋混凝土造,,204.14,5,2,4,有,無,16900000,82786,,0.0,0,,RPPNMLRJNHJFFFE28CB
橋頭區,房地(土地+建物),橋中段91~120地號,107.54,住,,,1010729,土地1建物1車位0,全,4,透天厝,住家用,鋼筋混凝土造,,204.14,5,2,4,有,無,16900000,82786,,0.0,0,,RPQNMLRJNHJFFFE38CB
橋頭區,房地(土地+建物),橋中段91~120地號,104.04,住,,,1010830,土地1建物1車位0,全,4,透天厝,住家用,鋼筋混凝土造,,203.52,5,2,4,有,無,16300000,80090,,0.0,0,,RPRNMLRJNHJFFFE48CB
橋頭區,房地(土地+建物),橋中段91~120地號,107.4,住,,,1010528,土地1建物1車位0,全,4,透天厝,住家用,鋼筋混凝土造,,204.14,5,2,4,有,無,16200000,79357,,0.0,0,,RPSNMLRJNHJFFFE58CB
橋頭區,房地(土地+建物),橋中段91~120地號,107.1,住,,,1011128,土地1建物1車位0,全,4,透天厝,住家用,鋼筋混凝土造,,204.14,5,2,4,有,無,16850000,82541,,0.0,0,,RPTNMLRJNHJFFFE68CB
橋頭區,房地(土地+建物),後壁田段31~60地號,242.23,住,,,1011114,土地2建物1車位0,全,4,透天厝,住家用,鋼筋混凝土造,,393.21,5,2,3,有,無,34150000,86849,,0.0,0,,RPWOMLRJNHJFFFE09CB
橋頭區,房地(土地+建物),後壁田段31~60地號,248.03,住,,,1020303,土地2建物1車位0,全,4,透天厝,住家用,鋼筋混凝土造,,398.6,5,2,3,有,無,34530000,86628,,0.0,0,,RPXOMLRJNHJFFFE56CB
橋頭區,房地(土地+建物),後壁田段31~60地號,239.59,住,,,1020219,土地2建物1車位0,全,4,透天厝,住家用,鋼筋混凝土造,,385.22,5,2,3,有,無,34150000,88651,,0.0,0,,RPOPMLRJNHJFFFE38CB
橋頭區,房地(土地+建物),後壁田段31~60地號,233.68,住,,,1020219,土地2建物1車位0,全,4,透天厝,住家用,鋼筋混凝土造,,379.12,5,2,3,有,無,33750000,89022,,0.0,0,,RPPPMLRJNHJFFFE48CB
橋頭區,房地(土地+建物),後壁田段31~60地號,233.68,住,,,1020310,土地2建物1車位0,全,4,透天厝,住家用,鋼筋混凝土造,,379.12,5,2,3,有,無,33750000,89022,,0.0,0,,RPQPMLRJNHJFFFE58CB
橋頭區,房地(土地+建物),後壁田段31~60地號,233.68,住,,,1020319,土地2建物1車位0,全,4,透天厝,住家用,鋼筋混凝土造,,379.12,5,2,3,有,無,33750000,89022,,0.0,0,,RPRPMLRJNHJFFFE68CB
橋頭區,房地(土地+建物),後壁田段31~60地號,233.68,住,,,1011020,土地2建物1車位0,全,4,透天厝,住家用,鋼筋混凝土造,,379.12,5,2,3,有,無,25000000,65942,,0.0,0,,RPSPMLRJNHJFFFE78CB
橋頭區,房地(土地+建物),後壁田段31~60地號,242.24,住,,,1020428,土地2建物1車位0,全,4,透天厝,住家用,鋼筋混凝土造,,393.21,5,2,3,有,無,34150000,86849,,0.0,0,,RPTPMLRJNHJFFFE88CB
橋頭區,房地(土地+建物),後壁田段31~60地號,242.24,住,,,1020525,土地2建物1車位0,全,4,透天厝,住家用,鋼筋混凝土造,,393.21,5,2,3,有,無,34150000,86849,,0.0,0,,RPUPMLRJNHJFFFE98CB
橋頭區,房地(土地+建物),後壁田段31~60地號,242.23,住,,,1020309,土地2建物1車位0,全,4,透天厝,住家用,鋼筋混凝土造,,393.21,5,2,3,有,無,34150000,86849,,0.0,0,,RPVPMLRJNHJFFFE09CB
橋頭區,房地(土地+建物),後壁田段31~60地號,242.23,住,,,1020813,土地2建物1車位0,全,4,透天厝,住家用,鋼筋混凝土造,,393.21,5,2,3,有,無,34150000,86849,,0.0,0,,RPWPMLRJNHJFFFE56CB
橋頭區,房地(土地+建物),後壁田段31~60地號,242.23,住,,,1011228,土地2建物1車位0,全,4,透天厝,住家用,鋼筋混凝土造,,393.21,5,2,3,有,無,28000000,71209,,0.0,0,,RPXPMLRJNHJFFFE66CB
橋頭區,房地(土地+建物),後壁田段31~60地號,242.23,住,,,1011206,土地2建物1車位0,全,4,透天厝,住家用,鋼筋混凝土造,,393.21,5,2,3,有,無,34150000,86849,,0.0,0,,RPOQMLRJNHJFFFE48CB
前鎮區,房地(土地+建物)+車位,獅甲段一小段511~540地號,30.23,住,,,1020224,土地1建物1車位2,五層,24,住宅大樓(11層含以上有電梯),住家用,鋼筋混凝土造,,277.84,4,2,4,有,無,25980000,100411,坡道平面,48.98,3000000,,RPSNMLSJNHJFFCE38CB
前鎮區,房地(土地+建物)+車位,獅甲段一小段511~540地號,45.38,住,,,1020814,土地1建物1車位2,八層,24,住宅大樓(11層含以上有電梯),住家用,鋼筋混凝土造,,453.13,4,2,4,有,無,42780000,99102,坡道平面,51.22,2950000,,RPTNMLSJNHJFFCE48CB
前鎮區,房地(土地+建物)+車位,獅甲段一小段511~540地號,47.76,住,,,1011122,土地1建物1車位3,十二層,24,住宅大樓(11層含以上有電梯),住家用,鋼筋混凝土造,,453.13,4,2,4,有,無,46400000,109354,坡道平面,76.83,5250000,,RPUNMLSJNHJFFCE58CB
前鎮區,房地(土地+建物)+車位,獅甲段一小段511~540地號,47.52,住,,,1020712,土地1建物1車位3,十八層,24,住宅大樓(11層含以上有電梯),住家用,鋼筋混凝土造,,453.13,4,2,4,有,無,46180000,109975,坡道平面,74.59,4550000,,RPVNMLSJNHJFFCE68CB
橋頭區,房地(土地+建物),後壁田段31~60地號,94.37,住,,,1011206,土地2建物1車位0,全,4,透天厝,住家用,鋼筋混凝土造,,256.51,4,2,2,有,無,13280000,51772,,0.0,0,,RPVNMLTJNHJFFFE09CB
橋頭區,房地(土地+建物),後壁田段31~60地號,94.37,住,,,1011201,土地2建物1車位0,全,4,透天厝,住家用,鋼筋混凝土造,,256.51,4,2,2,有,無,13300000,51850,,0.0,0,,RPWNMLTJNHJFFFE56CB
橋頭區,房地(土地+建物),後壁田段31~60地號,94.37,住,,,1011111,土地2建物1車位0,全,4,透天厝,住家用,鋼筋混凝土造,,255.41,4,2,2,有,無,13300000,52073,,0.0,0,,RPXNMLTJNHJFFFE66CB
橋頭區,房地(土地+建物),後壁田段31~60地號,94.37,住,,,1011208,土地2建物1車位0,全,4,透天厝,住家用,鋼筋混凝土造,,255.41,4,2,2,有,無,13370000,52347,,0.0,0,,RPOOMLTJNHJFFFE48CB
橋頭區,房地(土地+建物),後壁田段31~60地號,94.37,住,,,1011209,土地2建物1車位0,全,4,透天厝,住家用,鋼筋混凝土造,,256.51,4,2,2,有,無,13370000,52123,,0.0,0,,RPPOMLTJNHJFFFE58CB
橋頭區,房地(土地+建物),後壁田段31~60地號,94.37,住,,,1011029,土地2建物1車位0,全,4,透天厝,住家用,鋼筋混凝土造,,256.51,4,2,2,有,無,13450000,52435,,0.0,0,,RPQOMLTJNHJFFFE68CB
橋頭區,房地(土地+建物),後壁田段31~60地號,94.37,住,,,1011025,土地2建物1車位0,全,4,透天厝,住家用,鋼筋混凝土造,,255.41,4,2,2,有,無,13450000,52660,,0.0,0,,RPROMLTJNHJFFFE78CB
橋頭區,房地(土地+建物),後壁田段31~60地號,98.29,住,,,1011027,土地2建物1車位0,全,4,透天厝,住家用,鋼筋混凝土造,,261.48,4,2,2,有,無,13620000,52088,,0.0,0,,RPSOMLTJNHJFFFE88CB
橋頭區,房地(土地+建物),後壁田段31~60地號,99.0,住,,,1011027,土地2建物1車位0,全,4,透天厝,住家用,鋼筋混凝土造,,264.21,4,2,2,有,無,13620000,51550,,0.0,0,,RPTOMLTJNHJFFFE98CB
橋頭區,房地(土地+建物),後壁田段31~60地號,95.34,住,,,1011027,土地2建物1車位0,全,4,透天厝,住家用,鋼筋混凝土造,,258.75,4,2,2,有,無,13450000,51981,,0.0,0,,RPVOMLTJNHJFFFE56CB
橋頭區,房地(土地+建物),後壁田段31~60地號,95.34,住,,,1011020,土地2建物1車位0,全,4,透天厝,住家用,鋼筋混凝土造,,257.67,4,2,2,有,無,13450000,52199,,0.0,0,,RPWOMLTJNHJFFFE66CB
橋頭區,房地(土地+建物),後壁田段31~60地號,95.34,住,,,1011202,土地2建物1車位0,全,4,透天厝,住家用,鋼筋混凝土造,,257.67,4,2,2,有,無,13400000,52005,,0.0,0,,RPXOMLTJNHJFFFE76CB
橋頭區,房地(土地+建物),後壁田段31~60地號,95.34,住,,,1011023,土地2建物1車位0,全,4,透天厝,住家用,鋼筋混凝土造,,258.75,4,2,2,有,無,13400000,51787,,0.0,0,,RPOPMLTJNHJFFFE58CB
橋頭區,房地(土地+建物),後壁田段31~60地號,95.34,住,,,1011111,土地2建物1車位0,全,4,透天厝,住家用,鋼筋混凝土造,,258.75,4,2,2,有,無,13330000,51517,,0.0,0,,RPPPMLTJNHJFFFE68CB
橋頭區,房地(土地+建物),後壁田段31~60地號,95.34,住,,,1011125,土地2建物1車位0,全,4,透天厝,住家用,鋼筋混凝土造,,257.67,4,2,2,有,無,13330000,51733,,0.0,0,,RPQPMLTJNHJFFFE78CB
橋頭區,房地(土地+建物),後壁田段31~60地號,95.34,住,,,1011106,土地2建物1車位0,全,4,透天厝,住家用,鋼筋混凝土造,,257.67,4,2,2,有,無,13280000,51539,,0.0,0,,RPRPMLTJNHJFFFE88CB
橋頭區,房地(土地+建物),後壁田段31~60地號,95.34,住,,,1011215,土地2建物1車位0,全,4,透天厝,住家用,鋼筋混凝土造,,258.75,4,2,2,有,無,13280000,51324,,0.0,0,,RPSPMLTJNHJFFFE98CB
橋頭區,房地(土地+建物),後壁田段31~60地號,95.34,住,,,1011124,土地2建物1車位0,全,4,透天厝,住家用,鋼筋混凝土造,,258.75,4,2,2,有,無,13230000,51130,,0.0,0,,RPTPMLTJNHJFFFE09CB
橋頭區,房地(土地+建物),後壁田段31~60地號,94.37,住,,,1020212,土地2建物1車位0,全,4,透天厝,住家用,鋼筋混凝土造,,255.41,4,2,2,有,無,13050000,51094,,0.0,0,,RPUPMLTJNHJFFFE56CB
橋頭區,房地(土地+建物),後壁田段31~60地號,94.37,住,,,1020212,土地2建物1車位0,全,4,透天厝,住家用,鋼筋混凝土造,,255.41,4,2,2,有,無,13130000,51408,,0.0,0,,RPXPMLTJNHJFFFE86CB
橋頭區,房地(土地+建物),後壁田段31~60地號,94.37,住,,,1011105,土地2建物1車位0,全,4,透天厝,住家用,鋼筋混凝土造,,256.51,4,2,2,有,無,13120000,51148,,0.0,0,,RPOQMLTJNHJFFFE68CB
橋頭區,房地(土地+建物),後壁田段31~60地號,94.37,住,,,1011105,土地2建物1車位0,全,4,透天厝,住家用,鋼筋混凝土造,,256.51,4,2,2,有,無,13180000,51382,,0.0,0,,RPPQMLTJNHJFFFE78CB
橋頭區,房地(土地+建物),後壁田段31~60地號,94.37,住,,,1011206,土地2建物1車位0,全,4,透天厝,住家用,鋼筋混凝土造,,255.41,4,2,2,有,無,13180000,51603,,0.0,0,,RPQQMLTJNHJFFFE88CB
橋頭區,房地(土地+建物),後壁田段31~60地號,94.37,住,,,1011127,土地2建物1車位0,全,4,透天厝,住家用,鋼筋混凝土造,,255.41,4,2,2,有,無,13270000,51956,,0.0,0,,RPRQMLTJNHJFFFE98CB
前鎮區,房地(土地+建物)+車位,獅甲段一小段511~540地號,30.23,住,,,1011223,土地1建物1車位2,三層,24,住宅大樓(11層含以上有電梯),,鋼筋混凝土造,,277.84,4,2,3,有,無,24420000,94078,坡道平面,51.22,3100000,,RPPNMLPKNHJFFCE87CB
前鎮區,房地(土地+建物)+車位,獅甲段一小段511~540地號,29.99,住,,,1020624,土地1建物1車位2,四層,24,住宅大樓(11層含以上有電梯),住家用,鋼筋混凝土造,,277.84,4,2,3,有,無,30020000,116753,坡道平面,48.98,3300000,,RPRNMLPKNHJFFCE08CB
前鎮區,房地(土地+建物)+車位,獅甲段一小段511~540地號,30.23,住,,,1020224,土地1建物1車位2,五層,24,住宅大樓(11層含以上有電梯),住家用,鋼筋混凝土造,,277.84,4,2,3,有,無,25980000,101403,坡道平面,51.22,3000000,,RPSNMLPKNHJFFCE18CB
前鎮區,房地(土地+建物)+車位,獅甲段一小段511~540地號,29.99,住,,,1011112,土地1建物1車位2,八層,24,住宅大樓(11層含以上有電梯),,鋼筋混凝土造,,277.84,4,2,3,有,無,25500000,97003,坡道平面,48.98,3300000,,RPTNMLPKNHJFFCE28CB
前鎮區,房地(土地+建物)+車位,獅甲段一小段511~540地號,31.88,住,,,1010404,土地1建物1車位3,九層,24,住宅大樓(11層含以上有電梯),住家用,鋼筋混凝土造,,277.84,4,2,3,有,無,29800000,120349,坡道平面,70.11,4800000,,RPUNMLPKNHJFFCE38CB
前鎮區,房地(土地+建物)+車位,獅甲段一小段511~540地號,30.23,住,,,1020104,土地1建物1車位2,十一層,24,住宅大樓(11層含以上有電梯),,鋼筋混凝土造,,277.84,4,2,3,有,無,26580000,102286,坡道平面,51.22,3400000,,RPVNMLPKNHJFFCE48CB
前鎮區,房地(土地+建物)+車位,獅甲段一小段511~540地號,30.23,住,,,1021029,土地1建物1車位2,十二層,24,住宅大樓(11層含以上有電梯),住家用,鋼筋混凝土造,,277.84,4,2,3,有,無,29000000,114288,坡道平面,51.22,3100000,,RPWNMLPKNHJFFCE58CB
前鎮區,房地(土地+建物)+車位,獅甲段一小段511~540地號,29.99,住,,,1011116,土地1建物1車位2,十三層,24,住宅大樓(11層含以上有電梯),,鋼筋混凝土造,,277.84,4,2,3,有,無,25380000,97789,坡道平面,48.98,3000000,,RPXNMLPKNHJFFCE68CB
前鎮區,房地(土地+建物)+車位,獅甲段一小段511~540地號,30.23,住,,,1011202,土地1建物1車位2,十四層,24,住宅大樓(11層含以上有電梯),住家用,鋼筋混凝土造,,277.84,4,2,3,有,無,26630000,102506,坡道平面,51.22,3400000,,RPOOMLPKNHJFFCE87CB
前鎮區,房地(土地+建物)+車位,獅甲段一小段511~540地號,30.23,住,,,1010930,土地1建物1車位2,十五層,24,住宅大樓(11層含以上有電梯),住家用,鋼筋混凝土造,,277.84,4,2,3,有,無,28800000,112082,坡道平面,51.22,3400000,,RPPOMLPKNHJFFCE97CB
前鎮區,房地(土地+建物)+車位,獅甲段一小段511~540地號,29.99,住,,,1010901,土地1建物1車位2,十六層,24,住宅大樓(11層含以上有電梯),住家用,鋼筋混凝土造,,277.84,4,2,3,有,無,27200000,104431,坡道平面,48.98,3300000,,RPQOMLPKNHJFFCE08CB
前鎮區,房地(土地+建物)+車位,獅甲段一小段511~540地號,30.23,住,,,1020401,土地1建物1車位2,十七層,24,住宅大樓(11層含以上有電梯),住家用,鋼筋混凝土造,,277.84,4,2,3,有,無,28300000,109876,坡道平面,51.22,3400000,,RPROMLPKNHJFFCE18CB
前鎮區,房地(土地+建物)+車位,獅甲段一小段511~540地號,29.99,住,,,1010901,土地1建物1車位2,十八層,24,住宅大樓(11層含以上有電梯),住家用,鋼筋混凝土造,,277.84,4,2,3,有,無,27200000,104431,坡道平面,48.98,3300000,,RPSOMLPKNHJFFCE28CB
前鎮區,房地(土地+建物)+車位,獅甲段一小段511~540地號,27.85,住,,,1020215,土地1建物1車位1,十九層,24,住宅大樓(11層含以上有電梯),住家用,鋼筋混凝土造,,277.84,4,2,3,有,無,26530000,99037,坡道平面,25.61,1550000,,RPTOMLPKNHJFFCE38CB
前鎮區,房地(土地+建物)+車位,獅甲段一小段511~540地號,29.99,住,,,1020115,土地1建物1車位2,二十層,24,住宅大樓(11層含以上有電梯),住家用,鋼筋混凝土造,,277.84,4,2,3,有,無,28250000,110329,坡道平面,48.98,3000000,,RPUOMLPKNHJFFCE48CB
前鎮區,房地(土地+建物)+車位,獅甲段一小段511~540地號,29.99,住,,,1020312,土地1建物1車位2,二十二層,24,住宅大樓(11層含以上有電梯),住家用,鋼筋混凝土造,,277.84,4,2,3,有,無,28800000,112733,坡道平面,48.98,3000000,,RPVOMLPKNHJFFCE58CB
前鎮區,房地(土地+建物)+車位,獅甲段一小段511~540地號,30.23,住,,,1020108,土地1建物1車位2,二層,24,住宅大樓(11層含以上有電梯),住家用,鋼筋混凝土造,,279.31,4,2,3,有,無,27520000,106405,坡道平面,51.22,3250000,,RPWOMLPKNHJFFCE68CB
楠梓區,房地(土地+建物),藍昌段二小段991~1020地號,8.44,商,,,1011027,土地1建物1車位0,五層,15,住宅大樓(11層含以上有電梯),商業用,鋼筋混凝土造,,85.46,2,1,1,有,無,3000000,35104,,0.0,0,,RPPQMLQKNHJFFEE48CB
楠梓區,房地(土地+建物),藍昌段二小段991~1020地號,9.17,商,,,1011028,土地1建物1車位0,五層,15,住宅大樓(11層含以上有電梯),商業用,鋼筋混凝土造,,91.44,2,1,1,有,無,3130000,34230,,0.0,0,,RPVQMLQKNHJFFEE09CB
楠梓區,房地(土地+建物)+車位,藍昌段二小段991~1020地號,12.47,商,,,1011028,土地1建物1車位1,九層,15,住宅大樓(11層含以上有電梯),商業用,鋼筋混凝土造,,146.48,3,2,2,有,無,5320000,37046,坡道平面,27.17,900000,,RPXQMLQKNHJFFEE66CB
楠梓區,房地(土地+建物)+車位,藍昌段二小段991~1020地號,12.84,商,,,1011103,土地1建物1車位1,六層,15,住宅大樓(11層含以上有電梯),商業用,鋼筋混凝土造,,154.0,3,2,2,有,無,5280000,34707,坡道平面,29.24,950000,,RPVNMLNLNHJFFEE58CB
楠梓區,房地(土地+建物),藍昌段二小段991~1020地號,6.97,商,,,1011104,土地1建物1車位0,十五層,15,住宅大樓(11層含以上有電梯),商業用,鋼筋混凝土造,,69.04,2,1,1,有,無,2650000,38384,,0.0,0,,RPWNMLNLNHJFFEE68CB
楠梓區,房地(土地+建物),藍昌段二小段991~1020地號,9.17,商,,,1011104,土地1建物1車位0,七層,15,住宅大樓(11層含以上有電梯),商業用,鋼筋混凝土造,,91.45,2,1,1,有,無,3150000,34445,,0.0,0,,RPXNMLNLNHJFFEE78CB
楠梓區,房地(土地+建物)+車位,藍昌段二小段991~1020地號,11.74,商,,,1011111,土地1建物1車位1,五層,15,住宅大樓(11層含以上有電梯),商業用,鋼筋混凝土造,,149.62,3,2,2,有,無,5020000,33810,坡道平面,29.24,950000,,RPPOMLNLNHJFFEE08CB
楠梓區,房地(土地+建物),藍昌段二小段991~1020地號,6.97,商,,,1011111,土地1建物1車位0,十四層,15,住宅大樓(11層含以上有電梯),商業用,鋼筋混凝土造,,69.04,2,1,1,有,無,2730000,39542,,0.0,0,,RPQOMLNLNHJFFEE18CB
楠梓區,房地(土地+建物),藍昌段二小段991~1020地號,8.44,商,,,1011117,土地1建物1車位0,三層,15,住宅大樓(11層含以上有電梯),商業用,鋼筋混凝土造,,85.46,2,1,1,有,無,3050000,35689,,0.0,0,,RPROMLNLNHJFFEE28CB
楠梓區,房地(土地+建物),藍昌段二小段991~1020地號,8.8,商,,,1011117,土地1建物1車位0,九層,15,住宅大樓(11層含以上有電梯),商業用,鋼筋混凝土造,,87.17,2,1,1,有,無,3120000,35792,,0.0,0,,RPTOMLNLNHJFFEE48CB
楠梓區,房地(土地+建物)+車位,藍昌段二小段991~1020地號,15.41,商,,,1011118,土地1建物1車位1,十五層,15,住宅大樓(11層含以上有電梯),商業用,鋼筋混凝土造,,177.4,4,2,2,有,無,6500000,37942,坡道平面,27.17,800000,,RPUOMLNLNHJFFEE58CB
楠梓區,房地(土地+建物),藍昌段二小段991~1020地號,9.17,商,,,1011201,土地1建物1車位0,十五層,15,住宅大樓(11層含以上有電梯),商業用,鋼筋混凝土造,,91.91,2,1,1,有,無,3500000,38081,,0.0,0,,RPVOMLNLNHJFFEE68CB
楠梓區,房地(土地+建物),藍昌段二小段991~1020地號,8.8,商,,,1011124,土地1建物1車位0,四層,15,住宅大樓(11層含以上有電梯),商業用,鋼筋混凝土造,,87.17,2,1,1,有,無,2850000,32695,,0.0,0,,RPOPMLNLNHJFFEE08CB
楠梓區,房地(土地+建物),藍昌段二小段991~1020地號,6.97,商,,,1011125,土地1建物1車位0,八層,15,住宅大樓(11層含以上有電梯),商業用,鋼筋混凝土造,,69.04,2,1,1,有,無,2980000,43163,,0.0,0,,RPRPMLNLNHJFFEE38CB
楠梓區,房地(土地+建物),藍昌段二小段991~1020地號,9.17,商,,,1011125,土地1建物1車位0,四層,15,住宅大樓(11層含以上有電梯),商業用,鋼筋混凝土造,,91.91,2,1,1,有,無,3000000,32641,,0.0,0,,RPSPMLNLNHJFFEE48CB
楠梓區,房地(土地+建物)+車位,藍昌段二小段991~1020地號,12.47,商,,,1011125,土地1建物1車位1,四層,15,住宅大樓(11層含以上有電梯),商業用,鋼筋混凝土造,,150.6,3,2,2,有,無,5250000,36256,坡道平面,29.24,850000,,RPORMLNLNHJFFEE28CB
楠梓區,房地(土地+建物),藍昌段二小段991~1020地號,8.8,商,,,1011201,土地1建物1車位0,六層,15,住宅大樓(11層含以上有電梯),商業用,鋼筋混凝土造,,87.17,2,1,1,有,無,3000000,34416,,0.0,0,,RPQRMLNLNHJFFEE48CB
楠梓區,房地(土地+建物)+車位,藍昌段二小段991~1020地號,12.1,商,,,1011208,土地1建物1車位1,八層,15,住宅大樓(11層含以上有電梯),商業用,鋼筋混凝土造,,146.92,3,2,2,有,無,5290000,36880,坡道平面,29.24,950000,,RPRRMLNLNHJFFEE58CB
楠梓區,房地(土地+建物),藍昌段二小段991~1020地號,8.8,商,,,1011215,土地1建物1車位0,二層,15,住宅大樓(11層含以上有電梯),商業用,鋼筋混凝土造,,87.17,2,1,1,有,無,2830000,32465,,0.0,0,,RPSRMLNLNHJFFEE68CB
楠梓區,房地(土地+建物),藍昌段二小段991~1020地號,9.17,商,,,1011202,土地1建物1車位0,二層,15,住宅大樓(11層含以上有電梯),商業用,鋼筋混凝土造,,91.44,2,1,1,有,無,3000000,32808,,0.0,0,,RPTRMLNLNHJFFEE78CB
楠梓區,房地(土地+建物)+車位,藍昌段二小段991~1020地號,12.47,商,,,1011202,土地1建物1車位1,六層,15,住宅大樓(11層含以上有電梯),商業用,鋼筋混凝土造,,148.53,3,2,2,有,無,5150000,35020,坡道平面,27.17,900000,,RPWRMLNLNHJFFEE09CB
楠梓區,房地(土地+建物)+車位,藍昌段二小段991~1020地號,12.47,商,,,1011208,土地1建物1車位1,八層,15,住宅大樓(11層含以上有電梯),商業用,鋼筋混凝土造,,149.62,3,2,2,有,無,5220000,36302,坡道平面,29.24,850000,,RPOSMLNLNHJFFEE38CB
楠梓區,房地(土地+建物)+車位,藍昌段二小段991~1020地號,12.47,商,,,1011208,土地1建物1車位1,九層,15,住宅大樓(11層含以上有電梯),商業用,鋼筋混凝土造,,149.62,3,2,2,有,無,5050000,34059,坡道平面,29.24,950000,,RPPSMLNLNHJFFEE48CB
楠梓區,房地(土地+建物)+車位,藍昌段二小段991~1020地號,12.47,商,,,1011209,土地1建物1車位1,十五層,15,住宅大樓(11層含以上有電梯),商業用,鋼筋混凝土造,,150.19,3,2,2,有,無,5350000,37205,坡道平面,29.24,850000,,RPQSMLNLNHJFFEE58CB
楠梓區,房地(土地+建物)+車位,藍昌段二小段991~1020地號,12.47,商,,,1011209,土地1建物1車位1,十五層,15,住宅大樓(11層含以上有電梯),商業用,鋼筋混凝土造,,148.55,3,2,2,有,無,5400000,37298,坡道平面,29.24,950000,,RPUSMLNLNHJFFEE98CB
楠梓區,房地(土地+建物),藍昌段二小段991~1020地號,8.8,商,,,1011215,土地1建物1車位0,八層,15,住宅大樓(11層含以上有電梯),商業用,鋼筋混凝土造,,87.17,2,1,1,有,無,3700000,42446,,0.0,0,,RPWSMLNLNHJFFEE56CB
楠梓區,房地(土地+建物),藍昌段二小段991~1020地號,6.97,商,,,1011215,土地1建物1車位0,三層,15,住宅大樓(11層含以上有電梯),商業用,鋼筋混凝土造,,69.04,2,1,1,有,無,2600000,37659,,0.0,0,,RPOTMLNLNHJFFEE48CB
橋頭區,房地(土地+建物),後壁田段31~60地號,98.2,住,,,1011130,土地3建物1車位0,全,4,透天厝,住家用,鋼筋混凝土造,,250.12,4,2,2,有,無,13000000,51975,,0.0,0,,RPUOMLNLNHJFFFE68CB
橋頭區,房地(土地+建物),後壁田段31~60地號,94.39,住,,,1011130,土地3建物1車位0,全,4,透天厝,住家用,鋼筋混凝土造,,256.51,4,2,2,有,無,13050000,50875,,0.0,0,,RPVOMLNLNHJFFFE78CB
橋頭區,房地(土地+建物),後壁田段31~60地號,95.36,住,,,1020215,土地3建物1車位0,全,4,透天厝,住家用,鋼筋混凝土造,,257.67,4,2,2,有,無,13230000,51345,,0.0,0,,RPWOMLNLNHJFFFE88CB
橋頭區,房地(土地+建物),後壁田段31~60地號,114.91,住,,,1011024,土地3建物1車位0,全,4,透天厝,住家用,鋼筋混凝土造,,292.68,4,2,2,有,無,14080000,48107,,0.0,0,,RPXOMLNLNHJFFFE98CB
橋頭區,房地(土地+建物),後壁田段31~60地號,97.37,住,,,1011023,土地3建物1車位0,全,4,透天厝,住家用,鋼筋混凝土造,,248.52,4,2,2,有,無,13370000,53798,,0.0,0,,RPOPMLNLNHJFFFE18CB
橋頭區,房地(土地+建物),後壁田段31~60地號,94.37,住,,,1011020,土地2建物1車位0,全,4,透天厝,住家用,鋼筋混凝土造,,255.41,4,2,2,有,無,13630000,53365,,0.0,0,,RPPPMLNLNHJFFFE28CB
橋頭區,房地(土地+建物),後壁田段31~60地號,94.37,住,,,1011020,土地2建物1車位0,全,4,透天厝,住家用,鋼筋混凝土造,,255.41,4,2,2,有,無,13700000,53639,,0.0,0,,RPQPMLNLNHJFFFE38CB
橋頭區,房地(土地+建物),後壁田段31~60地號,94.37,住,,,1011020,土地2建物1車位0,全,4,透天厝,住家用,鋼筋混凝土造,,256.51,4,2,2,有,無,13700000,53409,,0.0,0,,RPRPMLNLNHJFFFE48CB
橋頭區,房地(土地+建物),後壁田段31~60地號,94.37,住,,,1011021,土地2建物1車位0,全,4,透天厝,住家用,鋼筋混凝土造,,256.51,4,2,2,有,無,13780000,53721,,0.0,0,,RPSPMLNLNHJFFFE58CB
橋頭區,房地(土地+建物),後壁田段31~60地號,94.37,住,,,1011021,土地2建物1車位0,全,4,透天厝,住家用,鋼筋混凝土造,,255.41,4,2,2,有,無,13780000,53952,,0.0,0,,RPTPMLNLNHJFFFE68CB
橋頭區,房地(土地+建物),後壁田段31~60地號,94.37,住,,,1011019,土地2建物1車位0,全,4,透天厝,住家用,鋼筋混凝土造,,255.41,4,2,2,有,無,13830000,54148,,0.0,0,,RPUPMLNLNHJFFFE78CB
橋頭區,房地(土地+建物),後壁田段31~60地號,94.37,住,,,1020601,土地2建物1車位0,全,4,透天厝,住家用,鋼筋混凝土造,,256.51,4,2,2,有,無,13850000,53994,,0.0,0,,RPVPMLNLNHJFFFE88CB
橋頭區,房地(土地+建物),後壁田段31~60地號,98.31,住,,,1011218,土地2建物1車位0,全,4,透天厝,住家用,鋼筋混凝土造,,262.73,4,2,2,有,無,14060000,53515,,0.0,0,,RPWPMLNLNHJFFFE98CB
橋頭區,房地(土地+建物),後壁田段31~60地號,99.01,住,,,1011215,土地2建物1車位0,全,4,透天厝,住家用,鋼筋混凝土造,,263.13,4,2,2,有,無,14060000,53434,,0.0,0,,RPXPMLNLNHJFFFE09CB
橋頭區,房地(土地+建物),後壁田段31~60地號,94.4,住,,,1020720,土地3建物1車位0,全,4,透天厝,住家用,鋼筋混凝土造,,255.41,4,2,2,有,無,13450000,52660,,0.0,0,,RPOQMLNLNHJFFFE28CB
橋頭區,房地(土地+建物),後壁田段31~60地號,95.37,住,,,1011028,土地2建物1車位0,全,4,透天厝,住家用,鋼筋混凝土造,,257.67,4,2,2,有,無,13800000,53557,,0.0,0,,RPPQMLNLNHJFFFE38CB
橋頭區,房地(土地+建物),後壁田段31~60地號,95.37,住,,,1011023,土地2建物1車位0,全,4,透天厝,住家用,鋼筋混凝土造,,258.75,4,2,2,有,無,13830000,53449,,0.0,0,,RPQQMLNLNHJFFFE48CB
橋頭區,房地(土地+建物),後壁田段31~60地號,95.37,住,,,1020125,土地2建物1車位0,全,4,透天厝,住家用,鋼筋混凝土造,,258.75,4,2,2,有,無,13780000,53256,,0.0,0,,RPRQMLNLNHJFFFE58CB
橋頭區,房地(土地+建物),後壁田段31~60地號,95.37,住,,,1011101,土地2建物1車位0,全,4,透天厝,住家用,鋼筋混凝土造,,257.67,4,2,2,有,無,13750000,53363,,0.0,0,,RPSQMLNLNHJFFFE68CB
橋頭區,房地(土地+建物),後壁田段31~60地號,95.37,住,,,1011022,土地2建物1車位0,全,4,透天厝,住家用,鋼筋混凝土造,,257.67,4,2,2,有,無,13700000,53169,,0.0,0,,RPTQMLNLNHJFFFE78CB
橋頭區,房地(土地+建物),後壁田段31~60地號,95.37,住,,,1011022,土地2建物1車位0,全,4,透天厝,住家用,鋼筋混凝土造,,258.75,4,2,2,有,無,13700000,52947,,0.0,0,,RPUQMLNLNHJFFFE88CB
橋頭區,房地(土地+建物),後壁田段31~60地號,95.37,住,,,1011021,土地2建物1車位0,全,4,透天厝,住家用,鋼筋混凝土造,,258.75,4,2,2,有,無,13600000,52560,,0.0,0,,RPVQMLNLNHJFFFE98CB
橋頭區,房地(土地+建物),後壁田段31~60地號,95.37,住,,,1011020,土地2建物1車位0,全,4,透天厝,住家用,鋼筋混凝土造,,257.67,4,2,2,有,無,13600000,52781,,0.0,0,,RPWQMLNLNHJFFFE09CB
橋頭區,房地(土地+建物),後壁田段31~60地號,95.37,住,,,1011020,土地2建物1車位0,全,4,透天厝,住家用,鋼筋混凝土造,,257.67,4,2,2,有,無,13570000,52664,,0.0,0,,RPXQMLNLNHJFFFE56CB
橋頭區,房地(土地+建物),後壁田段31~60地號,94.36,住,,,1020604,土地2建物1車位0,全,4,透天厝,住家用,鋼筋混凝土造,,256.51,4,2,2,有,無,13450000,52435,,0.0,0,,RPORMLNLNHJFFFE38CB
橋頭區,房地(土地+建物),後壁田段31~60地號,95.1,住,,,1011029,土地3建物1車位0,全,4,透天厝,住家用,鋼筋混凝土造,,258.75,4,2,2,有,無,13550000,52367,,0.0,0,,RPPRMLNLNHJFFFE48CB
橋頭區,房地(土地+建物),後壁田段31~60地號,115.61,住,,,1011020,土地3建物1車位0,全,4,透天厝,住家用,鋼筋混凝土造,,294.09,4,2,2,有,無,14600000,49645,,0.0,0,,RPQRMLNLNHJFFFE58CB
橋頭區,房地(土地+建物),後壁田段31~60地號,94.36,住,,,1011031,土地2建物1車位0,全,4,透天厝,住家用,鋼筋混凝土造,,256.51,4,2,2,有,無,13520000,52707,,0.0,0,,RPRRMLNLNHJFFFE68CB
橋頭區,房地(土地+建物),後壁田段31~60地號,94.37,住,,,1020528,土地2建物1車位0,全,4,透天厝,住家用,鋼筋混凝土造,,255.41,4,2,2,有,無,13520000,52934,,0.0,0,,RPSRMLNLNHJFFFE78CB
橋頭區,房地(土地+建物),後壁田段31~60地號,94.37,住,,,1020207,土地2建物1車位0,全,4,透天厝,住家用,鋼筋混凝土造,,255.41,4,2,2,有,無,13580000,53169,,0.0,0,,RPTRMLNLNHJFFFE88CB
橋頭區,房地(土地+建物),後壁田段31~60地號,94.37,住,,,1011212,土地2建物1車位0,全,4,透天厝,住家用,鋼筋混凝土造,,256.51,4,2,2,有,無,13580000,52941,,0.0,0,,RPURMLNLNHJFFFE98CB
橋頭區,房地(土地+建物),後壁田段31~60地號,94.37,住,,,1011021,土地2建物1車位0,全,4,透天厝,住家用,鋼筋混凝土造,,256.51,4,2,2,有,無,13620000,53097,,0.0,0,,RPVRMLNLNHJFFFE09CB
橋頭區,房地(土地+建物),後壁田段31~60地號,156.17,住,,,1020107,土地2建物1車位0,全,4,透天厝,住家用,鋼筋混凝土造,,384.52,4,2,2,有,無,26080000,67825,,0.0,0,,RPWRMLNLNHJFFFE56CB
橋頭區,房地(土地+建物),後壁田段31~60地號,152.48,住,,,1020119,土地2建物1車位0,全,4,透天厝,住家用,鋼筋混凝土造,,393.21,4,2,2,有,無,26480000,67343,,0.0,0,,RPXRMLNLNHJFFFE66CB
橋頭區,房地(土地+建物),後壁田段31~60地號,152.47,住,,,1020709,土地2建物1車位0,全,4,透天厝,住家用,鋼筋混凝土造,,393.21,4,2,2,有,無,26450000,67267,,0.0,0,,RPOSMLNLNHJFFFE48CB
橋頭區,房地(土地+建物),後壁田段31~60地號,150.91,住,,,1011019,土地2建物1車位0,全,4,透天厝,住家用,鋼筋混凝土造,,373.09,4,2,2,有,無,25720000,68938,,0.0,0,,RPPSMLNLNHJFFFE58CB
橋頭區,房地(土地+建物),後壁田段31~60地號,152.49,住,,,1020723,土地2建物1車位0,全,4,透天厝,住家用,鋼筋混凝土造,,393.21,4,2,2,有,無,26480000,67343,,0.0,0,,RPQSMLNLNHJFFFE68CB
橋頭區,房地(土地+建物),後壁田段31~60地號,152.48,住,,,1020217,土地2建物1車位0,全,4,透天厝,住家用,鋼筋混凝土造,,393.21,4,2,2,有,無,26420000,67191,,0.0,0,,RPRSMLNLNHJFFFE78CB
橋頭區,房地(土地+建物),後壁田段31~60地號,152.48,住,,,1020112,土地2建物1車位0,全,4,透天厝,住家用,鋼筋混凝土造,,393.21,4,2,2,有,無,26500000,67394,,0.0,0,,RPSSMLNLNHJFFFE88CB
橋頭區,房地(土地+建物),後壁田段31~60地號,152.48,住,,,1011127,土地2建物1車位0,全,4,透天厝,住家用,鋼筋混凝土造,,393.21,4,2,2,有,無,26500000,67394,,0.0,0,,RPTSMLNLNHJFFFE98CB
橋頭區,房地(土地+建物),後壁田段31~60地號,152.48,住,,,1020106,土地2建物1車位0,全,4,透天厝,住家用,鋼筋混凝土造,,393.21,4,2,2,有,無,26500000,67394,,0.0,0,,RPUSMLNLNHJFFFE09CB
橋頭區,房地(土地+建物),後壁田段31~60地號,152.48,住,,,1011228,土地2建物1車位0,全,4,透天厝,住家用,鋼筋混凝土造,,393.21,4,2,2,有,無,22000000,55950,,0.0,0,,RPVSMLNLNHJFFFE56CB
楠梓區,房地(土地+建物),藍昌段二小段991~1020地號,6.97,商,,,1011222,土地1建物1車位0,十一層,15,住宅大樓(11層含以上有電梯),商業用,鋼筋混凝土造,,69.04,2,1,1,有,無,2700000,39108,,0.0,0,,RPWOMLRLNHJFFEE56CB
楠梓區,房地(土地+建物),藍昌段二小段991~1020地號,11.74,商,,,1011216,土地1建物1車位0,二層,15,住宅大樓(11層含以上有電梯),商業用,鋼筋混凝土造,,117.69,3,2,2,有,無,4050000,34412,,0.0,0,,RPXOMLRLNHJFFEE66CB
楠梓區,房地(土地+建物),藍昌段二小段991~1020地號,6.97,商,,,1011223,土地1建物1車位0,四層,15,住宅大樓(11層含以上有電梯),商業用,鋼筋混凝土造,,69.04,2,1,1,有,無,2600000,37659,,0.0,0,,RPOPMLRLNHJFFEE48CB
楠梓區,房地(土地+建物)+車位,藍昌段二小段991~1020地號,12.1,商,,,1011223,土地1建物1車位1,七層,15,住宅大樓(11層含以上有電梯),商業用,鋼筋混凝土造,,147.64,3,2,2,有,無,5350000,37162,坡道平面,29.24,950000,,RPPPMLRLNHJFFEE58CB
楠梓區,房地(土地+建物)+車位,藍昌段二小段991~1020地號,8.8,商,,,1011223,土地1建物1車位1,十層,15,住宅大樓(11層含以上有電梯),商業用,鋼筋混凝土造,,113.81,2,1,1,有,無,3520000,30389,坡道平面,29.24,950000,,RPQPMLRLNHJFFEE68CB
楠梓區,房地(土地+建物),藍昌段二小段991~1020地號,8.44,商,,,1011224,土地1建物1車位0,十層,15,住宅大樓(11層含以上有電梯),商業用,鋼筋混凝土造,,85.46,2,1,1,有,無,3120000,36508,,0.0,0,,RPRPMLRLNHJFFEE78CB
楠梓區,房地(土地+建物),藍昌段二小段991~1020地號,8.44,商,,,1011225,土地1建物1車位0,二層,15,住宅大樓(11層含以上有電梯),商業用,鋼筋混凝土造,,85.46,2,1,1,有,無,2850000,33349,,0.0,0,,RPSPMLRLNHJFFEE88CB
楠梓區,房地(土地+建物)+車位,藍昌段二小段991~1020地號,15.41,商,,,1011226,土地1建物1車位1,十四層,15,住宅大樓(11層含以上有電梯),商業用,鋼筋混凝土造,,179.47,4,2,2,有,無,6630000,38474,坡道平面,29.24,850000,,RPTPMLRLNHJFFEE98CB
楠梓區,房地(土地+建物),藍昌段二小段991~1020地號,6.97,商,,,1011229,土地1建物1車位0,二層,15,住宅大樓(11層含以上有電梯),商業用,鋼筋混凝土造,,69.04,2,1,1,有,無,2380000,34473,,0.0,0,,RPUPMLRLNHJFFEE09CB
楠梓區,房地(土地+建物)+車位,藍昌段二小段991~1020地號,12.47,商,,,1011230,土地1建物1車位1,十五層,15,住宅大樓(11層含以上有電梯),商業用,鋼筋混凝土造,,149.62,3,2,2,有,無,6000000,42781,坡道平面,29.24,850000,,RPOQMLRLNHJFFEE58CB
楠梓區,房地(土地+建物),藍昌段二小段991~1020地號,8.44,商,,,1020103,土地1建物1車位0,八層,15,住宅大樓(11層含以上有電梯),商業用,鋼筋混凝土造,,85.46,2,1,1,有,無,3700000,43295,,0.0,0,,RPPQMLRLNHJFFEE68CB
楠梓區,房地(土地+建物),藍昌段二小段991~1020地號,8.8,商,,,1020104,土地1建物1車位0,七層,15,住宅大樓(11層含以上有電梯),商業用,鋼筋混凝土造,,87.17,2,1,1,有,無,3200000,36710,,0.0,0,,RPQQMLRLNHJFFEE78CB
楠梓區,房地(土地+建物),藍昌段二小段991~1020地號,8.44,商,,,1020105,土地1建物1車位0,九層,15,住宅大樓(11層含以上有電梯),商業用,鋼筋混凝土造,,85.46,2,1,1,有,無,3170000,37093,,0.0,0,,RPRQMLRLNHJFFEE88CB
楠梓區,房地(土地+建物),藍昌段二小段991~1020地號,8.8,商,,,1020106,土地1建物1車位0,十層,15,住宅大樓(11層含以上有電梯),商業用,鋼筋混凝土造,,87.17,2,1,1,有,無,3400000,39004,,0.0,0,,RPQOMLKKOHJFFEE87CB
楠梓區,房地(土地+建物)+車位,藍昌段二小段991~1020地號,15.41,商,,,1020108,土地1建物1車位1,十三層,15,住宅大樓(11層含以上有電梯),商業用,鋼筋混凝土造,,179.47,4,2,2,有,無,6800000,38940,坡道平面,29.24,950000,,RPVPMLLKOHJFFEE58CB
楠梓區,房地(土地+建物),藍昌段二小段991~1020地號,8.44,商,,,1020106,土地1建物1車位0,十五層,15,住宅大樓(11層含以上有電梯),商業用,鋼筋混凝土造,,85.46,2,1,1,有,無,3200000,37444,,0.0,0,,RPWPMLLKOHJFFEE68CB
楠梓區,房地(土地+建物),藍昌段二小段991~1020地號,9.17,商,,,1020110,土地1建物1車位0,六層,15,住宅大樓(11層含以上有電梯),商業用,鋼筋混凝土造,,91.44,2,1,1,有,無,3200000,34996,,0.0,0,,RPXPMLLKOHJFFEE78CB
楠梓區,房地(土地+建物),藍昌段二小段991~1020地號,8.44,商,,,1020111,土地1建物1車位0,八層,15,住宅大樓(11層含以上有電梯),商業用,鋼筋混凝土造,,84.5,2,1,1,有,無,3550000,42012,,0.0,0,,RPOQMLLKOHJFFEE97CB
楠梓區,房地(土地+建物),藍昌段二小段991~1020地號,6.97,商,,,1020120,土地1建物1車位0,十二層,15,住宅大樓(11層含以上有電梯),商業用,鋼筋混凝土造,,69.04,2,1,1,有,無,3210000,46495,,0.0,0,,RPPQMLLKOHJFFEE08CB
楠梓區,房地(土地+建物),藍昌段二小段991~1020地號,8.44,商,,,1020120,土地1建物1車位0,七層,15,住宅大樓(11層含以上有電梯),商業用,鋼筋混凝土造,,84.5,2,1,1,有,無,3200000,37870,,0.0,0,,RPQQMLLKOHJFFEE18CB
楠梓區,房地(土地+建物),藍昌段二小段991~1020地號,8.44,商,,,1020125,土地1建物1車位0,九層,15,住宅大樓(11層含以上有電梯),商業用,鋼筋混凝土造,,84.5,2,1,1,有,無,3150000,37278,,0.0,0,,RPRQMLLKOHJFFEE28CB
楠梓區,房地(土地+建物),藍昌段二小段991~1020地號,11.74,商,,,1020126,土地1建物1車位0,五層,15,住宅大樓(11層含以上有電梯),商業用,鋼筋混凝土造,,117.81,3,2,2,有,無,4300000,36499,,0.0,0,,RPSQMLLKOHJFFEE38CB
楠梓區,房地(土地+建物),藍昌段二小段991~1020地號,9.17,商,,,1020126,土地1建物1車位0,九層,15,住宅大樓(11層含以上有電梯),商業用,鋼筋混凝土造,,91.89,2,1,1,有,無,3650000,39721,,0.0,0,,RPTQMLLKOHJFFEE48CB
楠梓區,房地(土地+建物)+車位,藍昌段二小段991~1020地號,12.1,商,,,1020127,土地1建物1車位1,九層,15,住宅大樓(11層含以上有電梯),商業用,鋼筋混凝土造,,147.31,0,0,0,無,無,5460000,38880,坡道平面,28.74,850000,,RPUQMLLKOHJFFEE58CB
楠梓區,房地(土地+建物),藍昌段二小段991~1020地號,8.44,商,,,1020203,土地1建物1車位0,三層,15,住宅大樓(11層含以上有電梯),商業用,鋼筋混凝土造,,84.49,2,1,1,有,無,3000000,35507,,0.0,0,,RPTQMLRKOHJFFEE09CB
楠梓區,房地(土地+建物),藍昌段二小段991~1020地號,8.44,商,,,1020205,土地1建物1車位0,十一層,15,住宅大樓(11層含以上有電梯),商業用,鋼筋混凝土造,,84.76,2,1,1,有,無,3250000,38344,,0.0,0,,RPVQMLRKOHJFFEE66CB
楠梓區,房地(土地+建物),藍昌段二小段991~1020地號,8.8,商,,,1020206,土地1建物1車位0,三層,15,住宅大樓(11層含以上有電梯),商業用,鋼筋混凝土造,,87.08,2,1,1,有,無,3000000,34451,,0.0,0,,RPWQMLRKOHJFFEE76CB
楠梓區,房地(土地+建物),藍昌段二小段991~1020地號,9.17,商,,,1020207,土地1建物1車位0,七層,15,住宅大樓(11層含以上有電梯),商業用,鋼筋混凝土造,,91.49,2,1,1,有,無,3300000,36070,,0.0,0,,RPORMLRKOHJFFEE68CB
楠梓區,房地(土地+建物),藍昌段二小段991~1020地號,12.1,商,,,1020213,土地1建物1車位0,三層,15,住宅大樓(11層含以上有電梯),商業用,鋼筋混凝土造,,120.54,3,2,2,有,無,4100000,34014,,0.0,0,,RPQRMLRKOHJFFEE88CB
楠梓區,房地(土地+建物),藍昌段二小段991~1020地號,8.44,商,,,1020214,土地1建物1車位0,十一層,15,住宅大樓(11層含以上有電梯),商業用,鋼筋混凝土造,,84.49,2,1,1,有,無,3500000,41425,,0.0,0,,RPSRMLRKOHJFFEE09CB
楠梓區,房地(土地+建物)+車位,藍昌段二小段991~1020地號,12.47,商,,,1020222,土地1建物1車位1,十一層,15,住宅大樓(11層含以上有電梯),商業用,鋼筋混凝土造,,149.28,3,2,2,有,無,5200000,36088,坡道平面,28.74,850000,,RPTRMLRKOHJFFEE56CB
楠梓區,房地(土地+建物),藍昌段二小段991~1020地號,8.8,商,,,1020224,土地1建物1車位0,十二層,15,住宅大樓(11層含以上有電梯),商業用,鋼筋混凝土造,,87.08,2,1,1,有,無,3260000,37437,,0.0,0,,RPURMLRKOHJFFEE66CB
楠梓區,房地(土地+建物),藍昌段二小段991~1020地號,8.44,商,,,1020224,土地1建物1車位0,十二層,15,住宅大樓(11層含以上有電梯),商業用,鋼筋混凝土造,,84.76,2,1,1,有,無,3160000,37282,,0.0,0,,RPTOMLOLOHJFFEE68CB
楠梓區,房地(土地+建物),藍昌段二小段991~1020地號,8.44,商,,,1020228,土地1建物1車位0,十二層,15,住宅大樓(11層含以上有電梯),商業用,鋼筋混凝土造,,85.89,2,1,1,有,無,3240000,37723,,0.0,0,,RPUOMLOLOHJFFEE78CB
楠梓區,房地(土地+建物),藍昌段二小段991~1020地號,9.17,商,,,1020228,土地1建物1車位0,十二層,15,住宅大樓(11層含以上有電梯),商業用,鋼筋混凝土造,,91.49,2,1,1,有,無,3320000,36288,,0.0,0,,RPVOMLOLOHJFFEE88CB
楠梓區,房地(土地+建物)+車位,藍昌段二小段991~1020地號,12.47,商,,,1020302,土地1建物1車位1,十二層,15,住宅大樓(11層含以上有電梯),商業用,鋼筋混凝土造,,149.28,3,2,2,有,無,5200000,36088,坡道平面,28.74,850000,,RPWOMLOLOHJFFEE98CB
楠梓區,房地(土地+建物),藍昌段二小段991~1020地號,8.8,商,,,1020302,土地1建物1車位0,十四層,15,住宅大樓(11層含以上有電梯),商業用,鋼筋混凝土造,,87.08,2,1,1,有,無,3820000,43868,,0.0,0,,RPXOMLOLOHJFFEE09CB
楠梓區,房地(土地+建物),藍昌段二小段991~1020地號,6.97,商,,,1020303,土地1建物1車位0,十三層,15,住宅大樓(11層含以上有電梯),商業用,鋼筋混凝土造,,68.88,2,1,1,有,無,2920000,42393,,0.0,0,,RPOPMLOLOHJFFEE28CB
鳳山區,房地(土地+建物)+車位,赤山段721~750地號,18.62,商,,,1011006,土地1建物1車位1,十二層,15,住宅大樓(11層含以上有電梯),住家用,鋼筋混凝土造,,204.44,4,2,2,有,無,11010000,53854,坡道平面,20.45,0,,RPWOMLOLOHJFFGE56CB
鳳山區,房地(土地+建物)+車位,赤山段721~750地號,18.62,商,,,1011020,土地1建物1車位1,六層,15,住宅大樓(11層含以上有電梯),住家用,鋼筋混凝土造,,204.44,4,2,2,有,無,10460000,51164,坡道平面,20.45,0,,RPXOMLOLOHJFFGE66CB
鳳山區,房地(土地+建物)+車位,赤山段721~750地號,14.5,商,,,1010714,土地1建物1車位1,八層,15,住宅大樓(11層含以上有電梯),住家用,鋼筋混凝土造,,159.26,3,2,2,有,無,8380000,52618,坡道平面,20.45,0,,RPOPMLOLOHJFFGE48CB
鳳山區,房地(土地+建物)+車位,赤山段721~750地號,10.2,商,,,1010710,土地1建物1車位1,六層,15,住宅大樓(11層含以上有電梯),住家用,鋼筋混凝土造,,117.88,3,2,1,有,無,5800000,49203,坡道機械,12.9,0,,RPQPMLOLOHJFFGE68CB
鳳山區,房地(土地+建物)+車位,赤山段721~750地號,10.2,商,,,1010724,土地1建物1車位1,九層,15,住宅大樓(11層含以上有電梯),住家用,鋼筋混凝土造,,117.88,3,2,1,有,無,5800000,49203,坡道機械,12.9,0,,RPRPMLOLOHJFFGE78CB
鳳山區,房地(土地+建物)+車位,赤山段721~750地號,14.68,商,,,1010707,土地1建物1車位1,九層,15,住宅大樓(11層含以上有電梯),住家用,鋼筋混凝土造,,161.23,3,2,2,有,無,8280000,51355,坡道平面,20.45,0,,RPSPMLOLOHJFFGE88CB
鳳山區,房地(土地+建物)+車位,赤山段721~750地號,14.14,商,,,1010930,土地1建物1車位1,八層,15,住宅大樓(11層含以上有電梯),住家用,鋼筋混凝土造,,156.48,3,2,2,有,無,7570000,48377,坡道平面,20.45,0,,RPTPMLOLOHJFFGE98CB
鳳山區,房地(土地+建物)+車位,赤山段721~750地號,14.32,商,,,1011010,土地1建物1車位1,十層,15,住宅大樓(11層含以上有電梯),住家用,鋼筋混凝土造,,156.06,3,2,2,有,無,8100000,51903,坡道平面,18.27,0,,RPUPMLOLOHJFFGE09CB
鳳山區,房地(土地+建物),赤山段721~750地號,12.35,商,,,1010626,土地1建物1車位0,六層,15,住宅大樓(11層含以上有電梯),住家用,鋼筋混凝土造,,137.79,3,2,2,有,無,6800000,49350,,0.0,0,,RPVPMLOLOHJFFGE56CB
鳳山區,房地(土地+建物)+車位,赤山段721~750地號,10.2,商,,,1010708,土地1建物1車位1,八層,15,住宅大樓(11層含以上有電梯),住家用,鋼筋混凝土造,,117.91,3,2,1,有,無,6150000,52158,坡道機械,12.9,0,,RPWPMLOLOHJFFGE66CB
鳳山區,房地(土地+建物),赤山段721~750地號,7.16,商,,,1011010,土地1建物1車位0,十層,15,住宅大樓(11層含以上有電梯),住家用,鋼筋混凝土造,,81.71,2,1,1,有,無,4100000,50177,,0.0,0,,RPXPMLOLOHJFFGE76CB
鳳山區,房地(土地+建物),赤山段721~750地號,7.16,商,,,1010615,土地1建物1車位0,八層,15,住宅大樓(11層含以上有電梯),住家用,鋼筋混凝土造,,81.81,2,1,1,有,無,4200000,51338,,0.0,0,,RPOQMLOLOHJFFGE58CB
