﻿編號,土地區段位置,土地移轉面積平方公尺,使用分區或編定
The serial number,land sector position,land shifting area square meter,the use zoning or compiles and checks
RPTSMLSJNHJFFEH86CB,大興段,26.98,都市：住
RPOSMLSJNHJFFEH98CB,大興段,26.98,都市：住
RPSQMLSJNHJFFEH56CB,大興段,27.14,都市：住
RPSRMLSJNHJFFEH66CB,大興段,19.85,都市：住
RPPSMLSJNHJFFEH09CB,大興段,28.53,都市：住
RPRSMLSJNHJFFEH66CB,大興段,19.85,都市：住
RPURMLSJNHJFFEH86CB,大興段,27.29,都市：住
RPPRMLSJNHJFFEH98CB,大興段,26.98,都市：住
RPSSMLSJNHJFFEH76CB,大興段,19.85,都市：住
RPPVMLSJNHJFFEH76CB,大興段,28.53,都市：住
RPPTMLSJNHJFFEH56CB,大興段,27.14,都市：住
RPPQMLSJNHJFFEH88CB,大興段,19.85,都市：住
RPWUMLSJNHJFFEH37CB,大興段,20.16,都市：住
RPTVMLSJNHJFFEH17CB,大興段,24.50,都市：住
RPUVMLSJNHJFFEH27CB,大興段,19.85,都市：住
RPXTMLSJNHJFFEH37CB,大興段,27.14,都市：住
RPOUMLSJNHJFFEH56CB,大興段,27.14,都市：住
RPUSMLSJNHJFFEH96CB,大興段,26.98,都市：住
RPSUMLSJNHJFFEH96CB,大興段,20.16,都市：住
RPOWMLSJNHJFFEH76CB,大興段,27.14,都市：住
RPWVMLSJNHJFFEH47CB,大興段,28.53,都市：住
RPRVMLSJNHJFFEH96CB,大興段,19.85,都市：住
RPRNNLSJNHJFFEH88CB,大興段,26.98,都市：住
RPRPNLSJNHJFFEH09CB,大興段,19.85,都市：住
RPUWMLSJNHJFFEH37CB,大興段,27.14,都市：住
RPOQNLSJNHJFFEH88CB,大興段,27.29,都市：住
RPUNNLSJNHJFFEH56CB,大興段,19.85,都市：住
RPTWMLSJNHJFFEH27CB,大興段,26.98,都市：住
RPQQNLSJNHJFFEH09CB,大興段,28.53,都市：住
RPRQNLSJNHJFFEH56CB,大興段,27.14,都市：住
RPPQNLSJNHJFFEH98CB,大興段,26.98,都市：住
RPSWMLSJNHJFFEH17CB,大興段,19.85,都市：住
RPVQNLSJNHJFFEH96CB,大興段,27.14,都市：住
RPTQNLSJNHJFFEH76CB,大興段,30.24,都市：住
RPXQNLSJNHJFFEH17CB,大興段,27.14,都市：住
RPSRNLSJNHJFFEH76CB,大興段,19.85,都市：住
RPORNLSJNHJFFEH98CB,大興段,19.85,都市：住
RPTOMLTJNHJFFEH56CB,大興段,27.14,都市：住
RPQOMLTJNHJFFEH88CB,大興段,19.85,都市：住
RPOPMLTJNHJFFEH78CB,大興段,26.98,都市：住
RPRPMLTJNHJFFEH09CB,大興段,19.85,都市：住
RPRONLSJNHJFFEH98CB,大興段,27.14,都市：住
RPVONLSJNHJFFEH76CB,大興段,27.14,都市：住
RPTONLSJNHJFFEH56CB,大興段,19.85,都市：住
RPOQMLTJNHJFFEH88CB,大興段,28.53,都市：住
RPTPMLTJNHJFFEH66CB,大興段,27.29,都市：住
RPXPMLTJNHJFFEH07CB,大興段,26.98,都市：住
RPRQMLTJNHJFFEH56CB,大興段,19.85,都市：住
RPQQMLTJNHJFFEH09CB,大興段,19.85,都市：住
RPSQMLTJNHJFFEH66CB,大興段,26.98,都市：住
RPXRMLTJNHJFFEH27CB,大興段,27.14,都市：住
RPSSMLTJNHJFFEH86CB,大興段,20.16,都市：住
RPORMLTJNHJFFEH98CB,大興段,27.14,都市：住
RPTQMLTJNHJFFEH76CB,大興段,26.98,都市：住
RPWSMLTJNHJFFEH27CB,大興段,20.16,都市：住
RPTTMLTJNHJFFEH07CB,大興段,24.50,都市：住
RPOSMLTJNHJFFEH09CB,大興段,27.14,都市：住
RPRTMLTJNHJFFEH86CB,大興段,19.85,都市：住
RPUTMLTJNHJFFEH17CB,大興段,19.85,都市：住
RPPTMLTJNHJFFEH66CB,大興段,28.53,都市：住
RPWTMLTJNHJFFEH37CB,大興段,28.53,都市：住
RPOUMLTJNHJFFEH66CB,大興段,27.14,都市：住
RPTUMLTJNHJFFEH17CB,大興段,26.98,都市：住
RPSUMLTJNHJFFEH07CB,大興段,19.85,都市：住
RPUUMLTJNHJFFEH27CB,大興段,27.14,都市：住
RPUVMLTJNHJFFEH37CB,大興段,19.85,都市：住
RPRVMLTJNHJFFEH07CB,大興段,26.98,都市：住
RPUWMLTJNHJFFEH47CB,大興段,19.85,都市：住
RPSWMLTJNHJFFEH27CB,大興段,27.14,都市：住
RPWWMLTJNHJFFEH67CB,大興段,27.14,都市：住
RPPONLTJNHJFFEH88CB,大興段,27.29,都市：住
RPSNNLTJNHJFFEH09CB,大興段,19.85,都市：住
RPQONLTJNHJFFEH98CB,大興段,26.98,都市：住
RPRONLTJNHJFFEH09CB,大興段,28.53,都市：住
RPOPNLTJNHJFFEH88CB,大興段,27.14,都市：住
RPUONLTJNHJFFEH76CB,大興段,30.24,都市：住
RPSONLTJNHJFFEH56CB,大興段,27.14,都市：住
RPPPNLTJNHJFFEH98CB,大興段,19.85,都市：住
RPWONLTJNHJFFEH96CB,大興段,27.14,都市：住
RPTPNLTJNHJFFEH76CB,大興段,19.85,都市：住
RPPQNLTJNHJFFEH09CB,大興段,26.98,都市：住
RPRSNLTJNHJFFEH86CB,大興段,27.14,都市：住
RPRQNLTJNHJFFEH66CB,大興段,19.85,都市：住
RPOQNLTJNHJFFEH98CB,大興段,19.85,都市：住
RPPRNLTJNHJFFEH56CB,大興段,19.85,都市：住
RPSQNLTJNHJFFEH76CB,大興段,27.14,都市：住
RPTQNLTJNHJFFEH86CB,大興段,27.14,都市：住
RPQRNLTJNHJFFEH66CB,大興段,27.14,都市：住
RPUSNLTJNHJFFEH17CB,大興段,19.85,都市：住
RPVRNLTJNHJFFEH17CB,大興段,28.53,都市：住
RPPTNLTJNHJFFEH76CB,大興段,28.53,都市：住
RPORMLPKNHJFFAH28CB,會稽段,16.16,都市：住
RPRSMLPKNHJFFAH68CB,會稽段,16.72,都市：住
RPPTMLPKNHJFFAH58CB,會稽段,15.05,都市：住
RPOTNLTJNHJFFEH66CB,大興段,19.85,都市：住
RPWTNLTJNHJFFEH47CB,大興段,27.14,都市：住
RPSTNLTJNHJFFEH07CB,大興段,27.14,都市：住
RPXTNLTJNHJFFEH57CB,大興段,28.53,都市：住
RPQTMLPKNHJFFAH68CB,會稽段,15.05,都市：住
RPOTMLPKNHJFFAH48CB,會稽段,15.05,都市：住
RPRUNLTJNHJFFEH07CB,大興段,19.85,都市：住
RPVTNLTJNHJFFEH37CB,大興段,26.98,都市：住
RPUTMLPKNHJFFAH09CB,會稽段,15.05,都市：住
RPPUMLPKNHJFFAH68CB,會稽段,15.05,都市：住
RPRUMLPKNHJFFAH88CB,會稽段,15.05,都市：住
RPOUMLPKNHJFFAH58CB,會稽段,15.05,都市：住
RPTUMLPKNHJFFAH09CB,會稽段,15.05,都市：住
RPPQMLTKNHJFFAH68CB,會稽段,23.41,都市：住
RPTQMLTKNHJFFAH09CB,會稽段,22.85,都市：住
RPUQMLTKNHJFFAH56CB,會稽段,21.18,都市：住
RPTTMLPKNHJFFAH98CB,會稽段,15.05,都市：住
RPQUMLPKNHJFFAH78CB,會稽段,15.05,都市：住
RPRTMLPKNHJFFAH78CB,會稽段,15.05,都市：住
RPVQMLTKNHJFFAH66CB,會稽段,21.18,都市：住
RPORMLTKNHJFFAH68CB,會稽段,21.74,都市：住
RPTRMLTKNHJFFAH56CB,會稽段,21.18,都市：住
RPVTMLPKNHJFFAH56CB,會稽段,15.05,都市：住
RPXRMLTKNHJFFAH96CB,會稽段,21.18,都市：住
RPXQMLTKNHJFFAH86CB,會稽段,21.18,都市：住
RPURMLTKNHJFFAH66CB,會稽段,21.18,都市：住
RPPSMLTKNHJFFAH88CB,會稽段,21.18,都市：住
RPSSMLTKNHJFFAH56CB,會稽段,21.18,都市：住
RPRSMLTKNHJFFAH09CB,會稽段,21.18,都市：住
RPVOMLMLNHJFFAH48CB,會稽段,22.29,都市：住
RPTSMLTKNHJFFAH66CB,會稽段,21.18,都市：住
RPURMLMLNHJFFAH68CB,會稽段,16.72,都市：住
RPWQMLTKNHJFFAH76CB,會稽段,21.18,都市：住
RPXTMLPKNHJFFAH76CB,會稽段,15.05,都市：住
RPOPMLMLNHJFFAH87CB,會稽段,22.29,都市：住
RPOSMLTKNHJFFAH78CB,會稽段,21.18,都市：住
RPOQMLLLNHJFFAH87CB,會稽段,22.29,都市：住
RPUNMLMLNHJFFFH88DB,興豐段,29.85,都市：住
RPTSMLMLNHJFFAH68CB,會稽段,35.11,都市：住
RPXRMLMLNHJFFAH98CB,會稽段,22.29,都市：住
RPWRMLMLNHJFFAH88CB,會稽段,23.41,都市：住
RPVSMLMLNHJFFAH88CB,會稽段,22.85,都市：住
RPSSMLMLNHJFFAH58CB,會稽段,34.56,都市：住
RPPSMLMLNHJFFAH28CB,會稽段,29.54,都市：住
RPTOMLQLNHJFFFH66DB,興豐段,32.23,都市：住
RPUOMLQLNHJFFFH76DB,興豐段,32.23,都市：住
RPVPMLQLNHJFFFH96DB,興豐段,32.23,都市：住
RPSPMLQLNHJFFFH66DB,興豐段,32.23,都市：住
RPQPMLQLNHJFFFH09DB,興豐段,32.20,都市：住
RPXPMLQLNHJFFFH17DB,興豐段,32.23,都市：住
RPWPMLQLNHJFFFH07DB,興豐段,32.23,都市：住
RPOQMLQLNHJFFFH98DB,興豐段,32.20,都市：住
RPXOMLQLNHJFFFH07DB,興豐段,32.20,都市：住
RPPQMLQLNHJFFFH09DB,興豐段,32.23,都市：住
RPRQMLQLNHJFFFH66DB,興豐段,24.78,都市：住
RPQQMLQLNHJFFFH56DB,興豐段,32.23,都市：住
RPTQMLQLNHJFFFH86DB,興豐段,24.78,都市：住
RPSQMLQLNHJFFFH76DB,興豐段,24.78,都市：住
RPRSMLMLNHJFFAH48CB,會稽段,30.65,都市：住
RPUQMLQLNHJFFFH96DB,興豐段,24.78,都市：住
RPWSMLMLNHJFFAH98CB,會稽段,22.85,都市：住
RPVQMLQLNHJFFFH07DB,興豐段,24.78,都市：住
RPXQMLQLNHJFFFH27DB,興豐段,24.78,都市：住
RPPRMLQLNHJFFFH56DB,興豐段,24.78,都市：住
RPWQMLQLNHJFFFH17DB,興豐段,24.78,都市：住
RPORMLQLNHJFFFH09DB,興豐段,24.78,都市：住
RPXOMLSLNHJFFFH27DB,興豐段,24.78,都市：住
RPRPMLSLNHJFFFH76DB,興豐段,29.98,都市：住
RPRRMLQLNHJFFFH76DB,興豐段,24.78,都市：住
RPUPMLSLNHJFFFH07DB,興豐段,29.88,都市：住
RPTPMLSLNHJFFFH96DB,興豐段,29.85,都市：住
RPWPMLSLNHJFFFH27DB,興豐段,24.78,都市：住
RPVPMLSLNHJFFFH17DB,興豐段,29.88,都市：住
RPXPMLSLNHJFFFH37DB,興豐段,24.78,都市：住
RPPQMLSLNHJFFFH66DB,興豐段,24.78,都市：住
RPOQMLSLNHJFFFH56DB,興豐段,24.78,都市：住
RPSQMLSLNHJFFFH96DB,興豐段,24.78,都市：住
RPQQMLSLNHJFFFH76DB,興豐段,24.78,都市：住
RPRQMLSLNHJFFFH86DB,興豐段,24.78,都市：住
RPTQMLSLNHJFFFH07DB,興豐段,24.78,都市：住
RPVQMLSLNHJFFFH27DB,興豐段,24.78,都市：住
RPRRMLSLNHJFFFH96DB,興豐段,29.85,都市：住
RPPRMLSLNHJFFFH76DB,興豐段,29.88,都市：住
RPTRMLSLNHJFFFH17DB,興豐段,29.85,都市：住
RPQPMLSLNHJFFFH66DB,興豐段,24.78,都市：住
RPQRMLQLNHJFFFH66DB,興豐段,24.78,都市：住
RPURMLSLNHJFFFH27DB,興豐段,29.85,都市：住
RPVRMLSLNHJFFFH37DB,興豐段,29.85,都市：住
RPXRMLSLNHJFFFH57DB,興豐段,32.20,都市：住
RPWRMLSLNHJFFFH47DB,興豐段,29.85,都市：住
RPPSMLSLNHJFFFH86DB,興豐段,32.20,都市：住
RPRSMLSLNHJFFFH07DB,興豐段,32.23,都市：住
RPTSMLSLNHJFFFH27DB,興豐段,32.20,都市：住
RPOSMLSLNHJFFFH76DB,興豐段,32.23,都市：住
RPUSMLSLNHJFFFH37DB,興豐段,32.23,都市：住
RPQSMLSLNHJFFFH96DB,興豐段,32.20,都市：住
RPVSMLSLNHJFFFH47DB,興豐段,32.23,都市：住
RPPTMLSLNHJFFFH96DB,興豐段,32.23,都市：住
RPRTMLSLNHJFFFH17DB,興豐段,29.65,都市：住
RPOTMLSLNHJFFFH86DB,興豐段,32.23,都市：住
RPXSMLSLNHJFFFH67DB,興豐段,32.23,都市：住
RPQTMLSLNHJFFFH07DB,興豐段,29.62,都市：住
RPWTMLSLNHJFFFH67DB,興豐段,29.62,都市：住
RPXTMLSLNHJFFFH77DB,興豐段,29.62,都市：住
RPVTMLSLNHJFFFH57DB,興豐段,29.62,都市：住
RPXPMLSLNHJFFAH96EB,會稽段,23.41,都市：住
RPSQMLSLNHJFFAH56EB,會稽段,16.72,都市：住
RPSSNLSLNHJFFAH66CB,會稽段,28.43,都市：住
RPTTMLSLNHJFFFH37DB,興豐段,29.62,都市：住
RPOUMLSLNHJFFFH96DB,興豐段,29.65,都市：住
RPRSNLSLNHJFFAH56CB,會稽段,32.33,都市：住
RPSTMLSLNHJFFFH27DB,興豐段,29.65,都市：住
RPRQMLSLNHJFFAH09EB,會稽段,23.41,都市：住
RPTQMLSLNHJFFAH66EB,會稽段,22.85,都市：住
RPQUMLSLNHJFFFH17DB,興豐段,29.65,都市：住
RPVQMLSLNHJFFAH86EB,會稽段,22.85,都市：住
RPRRMLSLNHJFFAH56EB,會稽段,22.85,都市：住
RPQRMLSLNHJFFAH09EB,會稽段,22.85,都市：住
RPWQMLSLNHJFFAH96EB,會稽段,16.72,都市：住
RPORMLSLNHJFFAH88EB,會稽段,23.41,都市：住
RPPRMLSLNHJFFAH98EB,會稽段,22.85,都市：住
RPTRMLSLNHJFFAH76EB,會稽段,16.72,都市：住
RPUQMLSLNHJFFAH76EB,會稽段,22.85,都市：住
RPSRMLSLNHJFFAH66EB,會稽段,22.85,都市：住
RPXQMLSLNHJFFAH07EB,會稽段,22.85,都市：住
RPURMLSLNHJFFAH86EB,會稽段,22.85,都市：住
RPVRMLSLNHJFFAH96EB,會稽段,22.85,都市：住
RPSSMLSLNHJFFAH76EB,會稽段,23.41,都市：住
RPRSMLSLNHJFFAH66EB,會稽段,36.79,都市：住
RPTSMLSLNHJFFAH86EB,會稽段,23.41,都市：住
RPOSMLSLNHJFFAH98EB,會稽段,23.41,都市：住
RPWRMLSLNHJFFAH07EB,會稽段,22.85,都市：住
RPVSMLSLNHJFFAH07EB,會稽段,21.18,都市：住
RPQSMLSLNHJFFAH56EB,會稽段,17.28,都市：住
RPUSMLSLNHJFFAH96EB,會稽段,22.29,都市：住
RPWSMLSLNHJFFAH17EB,會稽段,23.41,都市：住
RPXSMLSLNHJFFAH27EB,會稽段,21.18,都市：住
RPXRMLSLNHJFFAH17EB,會稽段,22.29,都市：住
RPOTMLSLNHJFFAH09EB,會稽段,16.72,都市：住
RPRTMLSLNHJFFAH76EB,會稽段,21.18,都市：住
RPPTMLSLNHJFFAH56EB,會稽段,16.72,都市：住
RPQTMLSLNHJFFAH66EB,會稽段,23.41,都市：住
RPSTMLSLNHJFFAH86EB,會稽段,21.18,都市：住
RPVTMLSLNHJFFAH17EB,會稽段,22.29,都市：住
RPWTMLSLNHJFFAH27EB,會稽段,21.18,都市：住
RPOUMLSLNHJFFAH56EB,會稽段,23.41,都市：住
RPTTMLSLNHJFFAH96EB,會稽段,21.18,都市：住
RPRUMLSLNHJFFAH86EB,會稽段,16.16,都市：住
RPUTMLSLNHJFFAH07EB,會稽段,16.72,都市：住
RPSUMLSLNHJFFAH96EB,會稽段,21.18,都市：住
RPXTMLSLNHJFFAH37EB,會稽段,21.18,都市：住
RPQUMLSLNHJFFAH76EB,會稽段,21.18,都市：住
RPPUMLSLNHJFFAH66EB,會稽段,21.18,都市：住
RPQVMLSLNHJFFAH86EB,會稽段,22.29,都市：住
RPUUMLSLNHJFFAH17EB,會稽段,21.18,都市：住
RPXUMLSLNHJFFAH47EB,會稽段,16.72,都市：住
RPOVMLSLNHJFFAH66EB,會稽段,21.18,都市：住
RPWUMLSLNHJFFAH37EB,會稽段,21.18,都市：住
RPPVMLSLNHJFFAH76EB,會稽段,29.54,都市：住
RPVUMLSLNHJFFAH27EB,會稽段,23.41,都市：住
RPTUMLSLNHJFFAH07EB,會稽段,22.85,都市：住
RPSVMLSLNHJFFAH07EB,會稽段,16.72,都市：住
RPTVMLSLNHJFFAH17EB,會稽段,23.41,都市：住
RPWVMLSLNHJFFAH47EB,會稽段,22.85,都市：住
RPOWMLSLNHJFFAH76EB,會稽段,22.29,都市：住
RPXVMLSLNHJFFAH57EB,會稽段,22.29,都市：住
RPVVMLSLNHJFFAH37EB,會稽段,22.29,都市：住
RPPWMLSLNHJFFAH86EB,會稽段,30.10,都市：住
RPQWMLSLNHJFFAH96EB,會稽段,22.85,都市：住
RPRWMLSLNHJFFAH07EB,會稽段,28.98,都市：住
RPRVMLSLNHJFFAH96EB,會稽段,23.41,都市：住
RPSWMLSLNHJFFAH17EB,會稽段,28.98,都市：住
RPXWMLSLNHJFFAH67EB,會稽段,22.29,都市：住
RPONNLSLNHJFFAH58EB,會稽段,29.54,都市：住
RPPNNLSLNHJFFAH68EB,會稽段,29.54,都市：住
RPUWMLSLNHJFFAH37EB,會稽段,29.54,都市：住
RPVWMLSLNHJFFAH47EB,會稽段,28.98,都市：住
RPQNNLSLNHJFFAH78EB,會稽段,29.54,都市：住
RPTWMLSLNHJFFAH27EB,會稽段,22.29,都市：住
RPWWMLSLNHJFFAH57EB,會稽段,22.85,都市：住
RPRNNLSLNHJFFAH88EB,會稽段,22.29,都市：住
RPQONLSLNHJFFAH88EB,會稽段,22.85,都市：住
RPWNNLSLNHJFFAH76EB,會稽段,22.29,都市：住
RPPONLSLNHJFFAH78EB,會稽段,28.98,都市：住
RPOONLSLNHJFFAH68EB,會稽段,22.29,都市：住
RPXNNLSLNHJFFAH86EB,會稽段,28.98,都市：住
RPTONLSLNHJFFAH56EB,會稽段,22.85,都市：住
RPUNNLSLNHJFFAH56EB,會稽段,29.54,都市：住
RPSNNLSLNHJFFAH98EB,會稽段,22.29,都市：住
RPVNNLSLNHJFFAH66EB,會稽段,29.54,都市：住
RPTNNLSLNHJFFAH09EB,會稽段,29.54,都市：住
RPVONLSLNHJFFAH76EB,會稽段,22.29,都市：住
RPSONLSLNHJFFAH09EB,會稽段,28.98,都市：住
RPRONLSLNHJFFAH98EB,會稽段,22.29,都市：住
RPUONLSLNHJFFAH66EB,會稽段,22.29,都市：住
RPWONLSLNHJFFAH86EB,會稽段,22.29,都市：住
RPRPNLSLNHJFFAH09EB,會稽段,22.29,都市：住
RPOPNLSLNHJFFAH78EB,會稽段,22.85,都市：住
RPPPNLSLNHJFFAH88EB,會稽段,22.29,都市：住
RPVPNLSLNHJFFAH86EB,會稽段,22.85,都市：住
RPSPNLSLNHJFFAH56EB,會稽段,22.29,都市：住
RPWPNLSLNHJFFAH96EB,會稽段,16.16,都市：住
RPXONLSLNHJFFAH96EB,會稽段,22.29,都市：住
RPQPNLSLNHJFFAH98EB,會稽段,22.85,都市：住
RPXPNLSLNHJFFAH07EB,會稽段,23.97,都市：住
RPTPNLSLNHJFFAH66EB,會稽段,22.29,都市：住
RPUPNLSLNHJFFAH76EB,會稽段,22.85,都市：住
RPOQNLSLNHJFFAH88EB,會稽段,16.16,都市：住
RPSQNLSLNHJFFAH66EB,會稽段,23.41,都市：住
RPTQNLSLNHJFFAH76EB,會稽段,23.41,都市：住
RPRQNLSLNHJFFAH56EB,會稽段,23.41,都市：住
RPQQNLSLNHJFFAH09EB,會稽段,16.16,都市：住
RPPRNLSLNHJFFAH09EB,會稽段,23.97,都市：住
RPXQNLSLNHJFFAH17EB,會稽段,23.41,都市：住
RPORNLSLNHJFFAH98EB,會稽段,23.41,都市：住
RPSRNLSLNHJFFAH76EB,會稽段,16.16,都市：住
RPQRNLSLNHJFFAH56EB,會稽段,16.16,都市：住
RPRRNLSLNHJFFAH66EB,會稽段,22.29,都市：住
RPVQNLSLNHJFFAH96EB,會稽段,23.41,都市：住
RPPQNLSLNHJFFAH98EB,會稽段,23.41,都市：住
RPWQNLSLNHJFFAH07EB,會稽段,23.41,都市：住
RPUQNLSLNHJFFAH86EB,會稽段,23.41,都市：住
RPWRNLSLNHJFFAH17EB,會稽段,16.16,都市：住
RPTRNLSLNHJFFAH86EB,會稽段,22.29,都市：住
RPXRNLSLNHJFFAH27EB,會稽段,22.29,都市：住
RPVRNLSLNHJFFAH07EB,會稽段,22.29,都市：住
RPURNLSLNHJFFAH96EB,會稽段,22.29,都市：住
RPPSNLSLNHJFFAH56EB,會稽段,22.29,都市：住
RPOSNLSLNHJFFAH09EB,會稽段,22.29,都市：住
RPRSNLSLNHJFFAH76EB,會稽段,22.29,都市：住
RPSSNLSLNHJFFAH86EB,會稽段,22.29,都市：住
RPQSNLSLNHJFFAH66EB,會稽段,16.16,都市：住
RPWSNLSLNHJFFAH27EB,會稽段,22.29,都市：住
RPOTNLSLNHJFFAH56EB,會稽段,16.16,都市：住
RPXSNLSLNHJFFAH37EB,會稽段,16.16,都市：住
RPUSNLSLNHJFFAH07EB,會稽段,22.29,都市：住
RPQTNLSLNHJFFAH76EB,會稽段,28.98,都市：住
RPSTNLSLNHJFFAH96EB,會稽段,28.43,都市：住
RPRTNLSLNHJFFAH86EB,會稽段,28.43,都市：住
RPTTNLSLNHJFFAH07EB,會稽段,28.43,都市：住
RPVSNLSLNHJFFAH17EB,會稽段,16.16,都市：住
RPUTNLSLNHJFFAH17EB,會稽段,15.61,都市：住
RPVTNLSLNHJFFAH27EB,會稽段,28.43,都市：住
RPWTNLSLNHJFFAH37EB,會稽段,15.61,都市：住
RPPUNLSLNHJFFAH76EB,會稽段,28.43,都市：住
RPXTNLSLNHJFFAH47EB,會稽段,28.98,都市：住
RPOUNLSLNHJFFAH66EB,會稽段,15.61,都市：住
RPSUNLSLNHJFFAH07EB,會稽段,28.43,都市：住
RPQUNLSLNHJFFAH86EB,會稽段,28.98,都市：住
RPTUNLSLNHJFFAH17EB,會稽段,15.61,都市：住
RPVUNLSLNHJFFAH37EB,會稽段,28.43,都市：住
RPUUNLSLNHJFFAH27EB,會稽段,28.98,都市：住
RPXUNLSLNHJFFAH57EB,會稽段,15.61,都市：住
RPWUNLSLNHJFFAH47EB,會稽段,15.61,都市：住
RPOVNLSLNHJFFAH76EB,會稽段,28.98,都市：住
RPPVNLSLNHJFFAH86EB,會稽段,28.98,都市：住
RPQVNLSLNHJFFAH96EB,會稽段,15.61,都市：住
RPRUNLSLNHJFFAH96EB,會稽段,15.61,都市：住
RPTVNLSLNHJFFAH27EB,會稽段,15.61,都市：住
RPVVNLSLNHJFFAH47EB,會稽段,16.72,都市：住
RPUVNLSLNHJFFAH37EB,會稽段,23.41,都市：住
RPWVNLSLNHJFFAH57EB,會稽段,15.61,都市：住
RPRVNLSLNHJFFAH07EB,會稽段,28.98,都市：住
RPOWNLSLNHJFFAH86EB,會稽段,15.61,都市：住
RPXVNLSLNHJFFAH67EB,會稽段,15.61,都市：住
RPPTNLSLNHJFFAH66EB,會稽段,16.16,都市：住
RPXNMLTLNHJFFFH27DB,興豐段,29.62,都市：住
RPROMLTLNHJFFFH76DB,興豐段,29.62,都市：住
RPXOMLTLNHJFFFH37DB,興豐段,29.62,都市：住
RPWNMLTLNHJFFFH17DB,興豐段,29.65,都市：住
RPOOMLTLNHJFFFH09DB,興豐段,29.62,都市：住
RPWOMLTLNHJFFFH27DB,興豐段,29.62,都市：住
RPTPMLTLNHJFFFH07DB,興豐段,29.62,都市：住
RPSOMLTLNHJFFFH86DB,興豐段,29.62,都市：住
RPQOMLTLNHJFFFH66DB,興豐段,29.62,都市：住
RPVOMLTLNHJFFFH17DB,興豐段,29.62,都市：住
RPPPMLTLNHJFFFH66DB,興豐段,29.65,都市：住
RPQQMLTLNHJFFFH86DB,興豐段,29.62,都市：住
RPOPMLTLNHJFFFH56DB,興豐段,29.65,都市：住
RPTQMLTLNHJFFFH17DB,興豐段,29.62,都市：住
RPQPMLTLNHJFFFH76DB,興豐段,29.62,都市：住
RPRQMLTLNHJFFFH96DB,興豐段,29.62,都市：住
RPUQMLTLNHJFFFH27DB,興豐段,29.62,都市：住
RPRPMLTLNHJFFFH86DB,興豐段,29.62,都市：住
RPORMLTLNHJFFFH76DB,興豐段,29.62,都市：住
RPRRMLTLNHJFFFH07DB,興豐段,29.65,都市：住
RPPRMLTLNHJFFFH86DB,興豐段,29.62,都市：住
RPSRMLTLNHJFFFH17DB,興豐段,29.62,都市：住
RPURMLTLNHJFFFH37DB,興豐段,29.65,都市：住
RPXPMLTLNHJFFFH47DB,興豐段,29.62,都市：住
RPWRMLTLNHJFFFH57DB,興豐段,29.65,都市：住
RPVRMLTLNHJFFFH47DB,興豐段,29.62,都市：住
RPXRMLTLNHJFFFH67DB,興豐段,29.62,都市：住
RPOSMLTLNHJFFFH86DB,興豐段,29.65,都市：住
RPWPMLTLNHJFFFH37DB,興豐段,29.65,都市：住
RPXQMLTLNHJFFFH57DB,興豐段,29.62,都市：住
RPQSMLTLNHJFFFH07DB,興豐段,32.20,都市：住
RPUPMLTLNHJFFFH17DB,興豐段,29.62,都市：住
RPSSMLTLNHJFFFH27DB,興豐段,32.23,都市：住
RPPSMLTLNHJFFFH96DB,興豐段,32.23,都市：住
RPUSMLTLNHJFFFH47DB,興豐段,32.23,都市：住
RPXSMLTLNHJFFFH77DB,興豐段,32.23,都市：住
RPRSMLTLNHJFFFH17DB,興豐段,32.23,都市：住
RPWSMLTLNHJFFFH67DB,興豐段,32.23,都市：住
RPWQMLTLNHJFFFH47DB,興豐段,29.65,都市：住
RPPTMLTLNHJFFFH07DB,興豐段,32.23,都市：住
RPQTMLTLNHJFFFH17DB,興豐段,32.23,都市：住
RPVSMLTLNHJFFFH57DB,興豐段,32.20,都市：住
RPRTMLTLNHJFFFH27DB,興豐段,29.85,都市：住
RPOTMLTLNHJFFFH96DB,興豐段,32.23,都市：住
RPTSMLTLNHJFFFH37DB,興豐段,32.23,都市：住
RPVTMLTLNHJFFFH67DB,興豐段,29.62,都市：住
RPTTMLTLNHJFFFH47DB,興豐段,29.62,都市：住
RPSTMLTLNHJFFFH37DB,興豐段,29.62,都市：住
RPWOMLTLNHJFFBH76CB,青溪段,29.04,都市：住
RPWOMLTLNHJFFBH76CB,青溪段,.38,都市：住
RPUTMLTLNHJFFFH57DB,興豐段,29.85,都市：住
RPXOMLTLNHJFFBH86CB,青溪段,35.19,都市：住
RPXOMLTLNHJFFBH86CB,青溪段,.38,都市：住
RPOPMLTLNHJFFBH68CB,青溪段,29.04,都市：住
RPOPMLTLNHJFFBH68CB,青溪段,.19,都市：住
RPXNMLKMNHJFFFH09DB,興豐段,25.12,都市：住
RPPPMLTLNHJFFBH78CB,青溪段,35.19,都市：住
RPPPMLTLNHJFFBH78CB,青溪段,.38,都市：住
RPTNMLNJOHJFFFH68CB,大興段,28.07,都市：住
RPVOMLMKOHJFFGH09CB,新富段,15.45,都市：住
RPOPMLMKOHJFFGH48CB,新富段,15.45,都市：住
RPSPMLKKOHJFFAH28EB,中路段,17.60,都市：住
RPWOMLMKOHJFFGH56CB,新富段,15.45,都市：住
RPXOMLMKOHJFFGH66CB,新富段,15.45,都市：住
RPPPMLMKOHJFFGH58CB,新富段,15.45,都市：住
RPQPMLMKOHJFFGH68CB,新富段,15.45,都市：住
RPSPMLMKOHJFFGH88CB,新富段,15.02,都市：住
RPQQMLMKOHJFFGH78CB,新富段,15.02,都市：住
RPVPMLMKOHJFFGH56CB,新富段,15.02,都市：住
RPUPMLMKOHJFFGH09CB,新富段,15.02,都市：住
RPXPMLMKOHJFFGH76CB,新富段,15.02,都市：住
RPOQMLMKOHJFFGH58CB,新富段,15.02,都市：住
RPWPMLMKOHJFFGH66CB,新富段,15.45,都市：住
RPRQMLMKOHJFFGH88CB,新富段,15.02,都市：住
RPSQMLMKOHJFFGH98CB,新富段,14.16,都市：住
RPPQMLMKOHJFFGH68CB,新富段,15.02,都市：住
RPRRMLMKOHJFFGH98CB,新富段,13.73,都市：住
RPVQMLMKOHJFFGH66CB,新富段,13.73,都市：住
RPTRMLMKOHJFFGH56CB,新富段,13.73,都市：住
RPWQMLMKOHJFFGH76CB,新富段,13.30,都市：住
RPQRMLMKOHJFFGH88CB,新富段,13.73,都市：住
RPXRMLMKOHJFFGH96CB,新富段,13.73,都市：住
RPOSMLMKOHJFFGH78CB,新富段,13.73,都市：住
RPTQMLMKOHJFFGH09CB,新富段,13.73,都市：住
RPORMLMKOHJFFGH68CB,新富段,13.73,都市：住
RPSRMLMKOHJFFGH09CB,新富段,13.73,都市：住
RPURMLMKOHJFFGH66CB,新富段,13.73,都市：住
RPUQMLMKOHJFFGH56CB,新富段,13.73,都市：住
RPRSMLMKOHJFFGH09CB,新富段,13.73,都市：住
RPPSMLMKOHJFFGH88CB,新富段,13.73,都市：住
RPQSMLMKOHJFFGH98CB,新富段,13.73,都市：住
RPVSMLMKOHJFFGH86CB,新富段,13.73,都市：住
RPSSMLMKOHJFFGH56CB,新富段,13.73,都市：住
RPTSMLMKOHJFFGH66CB,新富段,13.73,都市：住
RPUSMLMKOHJFFGH76CB,新富段,13.73,都市：住
RPWSMLMKOHJFFGH96CB,新富段,13.73,都市：住
RPXSMLMKOHJFFGH07CB,新富段,13.30,都市：住
RPPTMLMKOHJFFGH98CB,新富段,13.30,都市：住
RPRTMLMKOHJFFGH56CB,新富段,13.30,都市：住
RPQTMLMKOHJFFGH09CB,新富段,13.30,都市：住
RPOTMLMKOHJFFGH88CB,新富段,13.30,都市：住
RPSTMLMKOHJFFGH66CB,新富段,13.30,都市：住
RPVTMLMKOHJFFGH96CB,新富段,13.30,都市：住
RPTTMLMKOHJFFGH76CB,新富段,13.30,都市：住
RPUTMLMKOHJFFGH86CB,新富段,13.30,都市：住
RPWTMLMKOHJFFGH07CB,新富段,12.87,都市：住
RPPUMLMKOHJFFGH09CB,新富段,12.87,都市：住
RPOUMLMKOHJFFGH98CB,新富段,12.87,都市：住
RPXTMLMKOHJFFGH17CB,新富段,12.87,都市：住
RPRUMLMKOHJFFGH66CB,新富段,12.87,都市：住
RPVUMLMKOHJFFGH07CB,新富段,12.87,都市：住
RPTUMLMKOHJFFGH86CB,新富段,12.87,都市：住
RPUUMLMKOHJFFGH96CB,新富段,12.87,都市：住
RPQVMLMKOHJFFGH66CB,新富段,12.87,都市：住
RPSUMLMKOHJFFGH76CB,新富段,12.87,都市：住
RPRVMLMKOHJFFGH76CB,新富段,12.87,都市：住
RPUVMLMKOHJFFGH07CB,新富段,12.87,都市：住
RPSVMLMKOHJFFGH86CB,新富段,18.02,都市：住
RPVVMLMKOHJFFGH17CB,新富段,12.87,都市：住
RPWVMLMKOHJFFGH27CB,新富段,18.02,都市：住
RPXUMLMKOHJFFGH27CB,新富段,12.87,都市：住
RPWUMLMKOHJFFGH17CB,新富段,12.87,都市：住
RPOVMLMKOHJFFGH09CB,新富段,12.87,都市：住
RPQUMLMKOHJFFGH56CB,新富段,12.87,都市：住
RPPVMLMKOHJFFGH56CB,新富段,12.87,都市：住
RPOWMLMKOHJFFGH56CB,新富段,18.02,都市：住
RPXVMLMKOHJFFGH37CB,新富段,12.87,都市：住
RPOOMLMKOHJFFEH18CB,大興段,28.13,都市：住
RPPOMLMKOHJFFEH28CB,大興段,28.13,都市：住
RPWNMLMKOHJFFEH88CB,大興段,28.13,都市：住
RPOPMLMKOHJFFEH28CB,大興段,28.13,都市：住
RPTOMLMKOHJFFEH68CB,大興段,28.11,都市：住
RPVOMLMKOHJFFEH88CB,大興段,28.56,都市：住
RPXPMLNKOHJFFGH86CB,新富段,12.87,都市：住
RPROMLMKOHJFFEH48CB,大興段,28.11,都市：住
RPWOMLMKOHJFFEH98CB,大興段,28.13,都市：住
RPTPMLNKOHJFFGH09CB,新富段,17.59,都市：住
RPRPMLNKOHJFFGH88CB,新富段,18.02,都市：住
RPQQMLNKOHJFFGH88CB,新富段,12.87,都市：住
RPTQMLNKOHJFFGH56CB,新富段,12.87,都市：住
RPOQMLNKOHJFFGH68CB,新富段,12.87,都市：住
RPVQMLNKOHJFFGH76CB,新富段,12.87,都市：住
RPUQMLNKOHJFFGH66CB,新富段,12.87,都市：住
RPPRMLNKOHJFFGH88CB,新富段,12.87,都市：住
RPXQMLNKOHJFFGH96CB,新富段,12.87,都市：住
RPORMLNKOHJFFGH78CB,新富段,12.87,都市：住
RPRRMLNKOHJFFGH09CB,新富段,12.87,都市：住
RPSRMLNKOHJFFGH56CB,新富段,12.87,都市：住
RPPQMLNKOHJFFGH78CB,新富段,12.87,都市：住
RPRQMLNKOHJFFGH98CB,新富段,12.45,都市：住
RPQRMLNKOHJFFGH98CB,新富段,12.87,都市：住
RPWPMLNKOHJFFGH76CB,新富段,17.59,都市：住
RPSQMLNKOHJFFGH09CB,新富段,12.87,都市：住
RPVPMLNKOHJFFGH66CB,新富段,17.59,都市：住
RPTRMLNKOHJFFGH66CB,新富段,13.73,都市：住
RPUPMLNKOHJFFGH56CB,新富段,17.59,都市：住
RPWQMLNKOHJFFGH86CB,新富段,12.87,都市：住
RPVRMLNKOHJFFGH86CB,新富段,13.73,都市：住
RPQSMLNKOHJFFGH09CB,新富段,14.16,都市：住
RPRSMLNKOHJFFGH56CB,新富段,14.16,都市：住
RPOSMLNKOHJFFGH88CB,新富段,14.16,都市：住
RPURMLNKOHJFFGH76CB,新富段,13.73,都市：住
RPWRMLNKOHJFFGH96CB,新富段,13.73,都市：住
RPXRMLNKOHJFFGH07CB,新富段,14.16,都市：住
RPVSMLNKOHJFFGH96CB,新富段,9.44,都市：住
RPXSMLNKOHJFFGH17CB,新富段,9.01,都市：住
RPOTMLNKOHJFFGH98CB,新富段,9.01,都市：住
RPUSMLNKOHJFFGH86CB,新富段,9.01,都市：住
RPTSMLNKOHJFFGH76CB,新富段,14.16,都市：住
RPPTMLNKOHJFFGH09CB,新富段,9.01,都市：住
RPSSMLNKOHJFFGH66CB,新富段,14.16,都市：住
RPQTMLNKOHJFFGH56CB,新富段,9.01,都市：住
RPWSMLNKOHJFFGH07CB,新富段,9.01,都市：住
RPSTMLNKOHJFFGH76CB,新富段,9.01,都市：住
RPRTMLNKOHJFFGH66CB,新富段,9.01,都市：住
RPTTMLNKOHJFFGH86CB,新富段,9.01,都市：住
RPUTMLNKOHJFFGH96CB,新富段,9.01,都市：住
RPQUMLNKOHJFFGH66CB,新富段,9.01,都市：住
RPRUMLNKOHJFFGH76CB,新富段,9.01,都市：住
RPSUMLNKOHJFFGH86CB,新富段,9.01,都市：住
RPTUMLNKOHJFFGH96CB,新富段,9.01,都市：住
RPOUMLNKOHJFFGH09CB,新富段,9.01,都市：住
RPVTMLNKOHJFFGH07CB,新富段,9.01,都市：住
RPWUMLNKOHJFFGH27CB,新富段,9.01,都市：住
RPPUMLNKOHJFFGH56CB,新富段,9.01,都市：住
RPVUMLNKOHJFFGH17CB,新富段,9.01,都市：住
RPWTMLNKOHJFFGH17CB,新富段,9.01,都市：住
RPUUMLNKOHJFFGH07CB,新富段,9.01,都市：住
RPXTMLNKOHJFFGH27CB,新富段,9.01,都市：住
RPUVMLNKOHJFFGH17CB,新富段,9.01,都市：住
RPOVMLNKOHJFFGH56CB,新富段,9.01,都市：住
RPSVMLNKOHJFFGH96CB,新富段,9.01,都市：住
RPTVMLNKOHJFFGH07CB,新富段,9.01,都市：住
RPXUMLNKOHJFFGH37CB,新富段,9.01,都市：住
RPRVMLNKOHJFFGH86CB,新富段,9.01,都市：住
RPVVMLNKOHJFFGH27CB,新富段,9.01,都市：住
RPQVMLNKOHJFFGH76CB,新富段,9.01,都市：住
RPPVMLNKOHJFFGH66CB,新富段,9.01,都市：住
RPXVMLNKOHJFFGH47CB,新富段,9.01,都市：住
RPWVMLNKOHJFFGH37CB,新富段,9.01,都市：住
RPSWMLNKOHJFFGH07CB,新富段,9.01,都市：住
RPQWMLNKOHJFFGH86CB,新富段,9.01,都市：住
RPTWMLNKOHJFFGH17CB,新富段,15.02,都市：住
RPOWMLNKOHJFFGH66CB,新富段,9.01,都市：住
RPXWMLNKOHJFFGH57CB,新富段,15.45,都市：住
RPUWMLNKOHJFFGH27CB,新富段,15.45,都市：住
RPONNLNKOHJFFGH48CB,新富段,15.45,都市：住
RPVWMLNKOHJFFGH37CB,新富段,15.45,都市：住
RPPWMLNKOHJFFGH76CB,新富段,9.01,都市：住
RPWWMLNKOHJFFGH47CB,新富段,15.45,都市：住
RPQNNLNKOHJFFGH68CB,新富段,15.45,都市：住
RPRNNLNKOHJFFGH78CB,新富段,15.45,都市：住
RPPNNLNKOHJFFGH58CB,新富段,15.45,都市：住
RPXNNLNKOHJFFGH76CB,新富段,12.87,都市：住
RPOONLNKOHJFFGH58CB,新富段,12.87,都市：住
RPSNNLNKOHJFFGH88CB,新富段,15.45,都市：住
RPRONLNKOHJFFGH88CB,新富段,9.44,都市：住
RPPONLNKOHJFFGH68CB,新富段,9.01,都市：住
RPTNNLNKOHJFFGH98CB,新富段,15.02,都市：住
RPUONLNKOHJFFGH56CB,新富段,9.01,都市：住
RPVONLNKOHJFFGH66CB,新富段,9.01,都市：住
RPXONLNKOHJFFGH86CB,新富段,9.01,都市：住
RPUNNLNKOHJFFGH09CB,新富段,13.30,都市：住
RPTONLNKOHJFFGH09CB,新富段,9.44,都市：住
RPQPNLNKOHJFFGH88CB,新富段,9.01,都市：住
RPWONLNKOHJFFGH76CB,新富段,9.01,都市：住
RPOPNLNKOHJFFGH68CB,新富段,9.44,都市：住
RPSONLNKOHJFFGH98CB,新富段,9.01,都市：住
RPWNNLNKOHJFFGH66CB,新富段,12.87,都市：住
RPRPNLNKOHJFFGH98CB,新富段,9.01,都市：住
RPPPNLNKOHJFFGH78CB,新富段,9.01,都市：住
RPSPNLNKOHJFFGH09CB,新富段,13.73,都市：住
RPWNMLRKOHJFFEH76CB,大興段,25.56,都市：住
RPTPNLNKOHJFFGH56CB,新富段,13.70,都市：住
RPOOMLRKOHJFFEH68CB,大興段,28.11,都市：住
RPSOMLRKOHJFFEH09CB,大興段,28.13,都市：住
RPPOMLRKOHJFFEH78CB,大興段,28.13,都市：住
RPQOMLRKOHJFFEH88CB,大興段,28.13,都市：住
RPVNNLNKOHJFFGH56CB,新富段,15.45,都市：住
RPROMLRKOHJFFEH98CB,大興段,28.13,都市：住
RPTNMLRKOHJFFEH09CB,大興段,28.13,都市：住
RPTOMLRKOHJFFEH56CB,大興段,28.13,都市：住
RPVOMLRKOHJFFEH76CB,大興段,28.13,都市：住
RPUNMLRKOHJFFEH56CB,大興段,28.13,都市：住
RPXNMLTKOHJFFGH27CB,環南段,20.56,都市：商
RPTOMLTKOHJFFGH96CB,環南段,27.86,都市：商
RPXOMLTKOHJFFGH37CB,環南段,35.81,都市：商
RPWOMLTKOHJFFGH27CB,環南段,35.81,都市：商
RPVOMLTKOHJFFGH17CB,環南段,31.83,都市：商
RPOPMLTKOHJFFGH56CB,環南段,39.79,都市：商
RPUPMLTKOHJFFGH17CB,環南段,35.84,都市：商
RPSOMLTKOHJFFGH86CB,環南段,39.79,都市：商
RPUOMLTKOHJFFGH07CB,環南段,35.81,都市：商
RPQOMLTKOHJFFGH66CB,環南段,31.86,都市：商
RPWPMLTKOHJFFGH37CB,環南段,29.20,都市：商
RPVPMLTKOHJFFGH27CB,環南段,29.20,都市：商
RPPPMLTKOHJFFGH66CB,環南段,35.81,都市：商
RPXPMLTKOHJFFGH47CB,環南段,29.20,都市：商
RPVQMLTKOHJFFGH37CB,環南段,29.20,都市：商
RPOQMLTKOHJFFGH66CB,環南段,29.20,都市：商
RPQQMLTKOHJFFGH86CB,環南段,29.20,都市：商
RPRQMLTKOHJFFGH96CB,環南段,29.20,都市：商
RPSQMLTKOHJFFGH07CB,環南段,29.20,都市：商
RPWQMLTKOHJFFGH47CB,環南段,29.20,都市：商
RPRPMLTKOHJFFGH86CB,環南段,35.81,都市：商
RPSPMLTKOHJFFGH96CB,環南段,35.81,都市：商
RPQRMLTKOHJFFGH96CB,環南段,26.09,都市：商
RPORMLTKOHJFFGH76CB,環南段,29.20,都市：商
RPXQMLTKOHJFFGH57CB,環南段,29.20,都市：商
RPRRMLTKOHJFFGH07CB,環南段,25.15,都市：商
RPOSMLTKOHJFFGH86CB,環南段,25.15,都市：商
RPURMLTKOHJFFGH37CB,環南段,25.15,都市：商
RPSSMLTKOHJFFGH27CB,環南段,25.15,都市：商
RPTRMLTKOHJFFGH27CB,環南段,25.15,都市：商
RPSTMLTKOHJFFGH37CB,環南段,25.15,都市：商
RPRTMLTKOHJFFGH27CB,環南段,25.15,都市：商
RPQTMLTKOHJFFGH17CB,環南段,25.15,都市：商
RPVTMLTKOHJFFGH67CB,環南段,38.32,都市：商
RPUTMLTKOHJFFGH57CB,環南段,20.56,都市：商
RPSRMLTKOHJFFGH17CB,環南段,25.15,都市：商
RPOUMLTKOHJFFGH07CB,環南段,31.83,都市：商
RPTUMLTKOHJFFGH57CB,環南段,31.83,都市：商
RPUUMLTKOHJFFGH67CB,環南段,35.81,都市：商
RPWUMLTKOHJFFGH87CB,環南段,35.81,都市：商
RPXUMLTKOHJFFGH97CB,環南段,35.81,都市：商
RPSUMLTKOHJFFGH47CB,環南段,31.83,都市：商
RPOVMLTKOHJFFGH17CB,環南段,28.34,都市：商
RPQVMLTKOHJFFGH37CB,環南段,29.20,都市：商
RPPVMLTKOHJFFGH27CB,環南段,31.05,都市：商
RPRVMLTKOHJFFGH47CB,環南段,29.20,都市：商
RPTVMLTKOHJFFGH67CB,環南段,29.20,都市：商
RPVVMLTKOHJFFGH87CB,環南段,29.20,都市：商
RPXVMLTKOHJFFGH08CB,環南段,29.20,都市：商
RPWVMLTKOHJFFGH97CB,環南段,29.20,都市：商
RPQWMLTKOHJFFGH47CB,環南段,29.20,都市：商
RPXSMLTKOHJFFGH77CB,環南段,25.15,都市：商
RPPWMLTKOHJFFGH37CB,環南段,29.20,都市：商
RPRWMLTKOHJFFGH57CB,環南段,29.20,都市：商
RPSWMLTKOHJFFGH67CB,環南段,29.20,都市：商
RPTWMLTKOHJFFGH77CB,環南段,26.09,都市：商
RPQUMLTKOHJFFGH27CB,環南段,35.81,都市：商
RPXTMLTKOHJFFGH87CB,環南段,31.83,都市：商
RPOWMLTKOHJFFGH27CB,環南段,33.18,都市：商
RPUVMLTKOHJFFGH77CB,環南段,33.18,都市：商
RPXWMLTKOHJFFGH18CB,環南段,25.15,都市：商
RPONNLTKOHJFFGH09CB,環南段,25.15,都市：商
RPPNNLTKOHJFFGH56CB,環南段,25.15,都市：商
RPWWMLTKOHJFFGH08CB,環南段,25.15,都市：商
RPUNNLTKOHJFFGH07CB,環南段,25.15,都市：商
RPVNNLTKOHJFFGH17CB,環南段,25.17,都市：商
RPUWMLTKOHJFFGH87CB,環南段,25.15,都市：商
RPTNNLTKOHJFFGH96CB,環南段,2.51,都市：商
RPPUMLTKOHJFFGH17CB,環南段,31.83,都市：商
RPWNNLTKOHJFFGH27CB,環南段,26.47,都市：商
RPTNMLOLOHJFFEH88CB,大興段,22.01,都市：住
RPPNMLOLOHJFFEH48CB,大興段,28.13,都市：住
RPVWMLTKOHJFFGH97CB,環南段,21.17,都市：商
RPRNNLTKOHJFFGH76CB,環南段,25.15,都市：商
RPUSMLOLOHJFFEH86CB,大興段,22.01,都市：住
RPSSMLOLOHJFFEH66CB,大興段,25.58,都市：住
RPVSMLOLOHJFFEH96CB,大興段,22.01,都市：住
RPXSMLOLOHJFFEH17CB,大興段,22.01,都市：住
RPOTMLOLOHJFFEH98CB,大興段,22.01,都市：住
RPWSMLOLOHJFFEH07CB,大興段,22.01,都市：住
RPQTMLOLOHJFFEH56CB,大興段,23.50,都市：住
RPPTMLOLOHJFFEH09CB,大興段,22.01,都市：住
RPRTMLOLOHJFFEH66CB,大興段,23.36,都市：住
RPSTMLOLOHJFFEH76CB,大興段,23.36,都市：住
RPQNNLTKOHJFFGH66CB,環南段,25.15,都市：商
RPTTMLOLOHJFFEH86CB,大興段,23.36,都市：住
RPSNNLTKOHJFFGH86CB,環南段,25.15,都市：商
RPUTMLOLOHJFFEH96CB,大興段,23.36,都市：住
RPVTMLOLOHJFFEH07CB,大興段,23.36,都市：住
RPWTMLOLOHJFFEH17CB,大興段,23.36,都市：住
RPTSMLOLOHJFFEH76CB,大興段,22.01,都市：住
RPOUMLOLOHJFFEH09CB,大興段,23.38,都市：住
RPRUMLOLOHJFFEH76CB,大興段,19.97,都市：住
RPQSMLOLOHJFFEH09CB,大興段,28.11,都市：住
RPTUMLOLOHJFFEH96CB,大興段,19.97,都市：住
RPVUMLOLOHJFFEH17CB,大興段,19.97,都市：住
RPWUMLOLOHJFFEH27CB,大興段,19.97,都市：住
RPPVMLOLOHJFFEH66CB,大興段,19.97,都市：住
RPOVMLOLOHJFFEH56CB,大興段,19.97,都市：住
RPQVMLOLOHJFFEH76CB,大興段,19.97,都市：住
RPRVMLOLOHJFFEH86CB,大興段,19.97,都市：住
RPSVMLOLOHJFFEH96CB,大興段,19.97,都市：住
RPUVMLOLOHJFFEH17CB,大興段,19.97,都市：住
RPPUMLOLOHJFFEH56CB,大興段,23.36,都市：住
RPXTMLOLOHJFFEH27CB,大興段,23.36,都市：住
RPUUMLOLOHJFFEH07CB,大興段,19.97,都市：住
RPVVMLOLOHJFFEH27CB,大興段,19.97,都市：住
RPXVMLOLOHJFFEH47CB,大興段,19.97,都市：住
RPWVMLOLOHJFFEH37CB,大興段,19.97,都市：住
RPPWMLOLOHJFFEH76CB,大興段,19.97,都市：住
RPQNNLOLOHJFFEH68CB,大興段,16.52,都市：住
RPQWMLOLOHJFFEH86CB,大興段,19.97,都市：住
RPUWMLOLOHJFFEH27CB,大興段,19.97,都市：住
RPVWMLOLOHJFFEH37CB,大興段,16.52,都市：住
RPSNNLOLOHJFFEH88CB,大興段,16.52,都市：住
RPTNNLOLOHJFFEH98CB,大興段,16.52,都市：住
RPWNNLOLOHJFFEH66CB,大興段,16.52,都市：住
RPSUMLOLOHJFFEH86CB,大興段,19.97,都市：住
RPOOMLPLOHJFFAH18CB,會稽段,32.33,都市：住
RPVNNLOLOHJFFEH56CB,大興段,16.52,都市：住
RPWNMLRLOHJFFEH86CB,大興段,16.52,都市：住
RPVNMLRLOHJFFEH76CB,大興段,16.52,都市：住
RPRWMLOLOHJFFEH96CB,大興段,19.97,都市：住
RPOWMLOLOHJFFEH66CB,大興段,19.97,都市：住
RPXNMLRLOHJFFEH96CB,大興段,16.52,都市：住
RPTNMLQLOHJFFBH78CB,榮民段,19.89,都市：住
RPOOMLRLOHJFFEH78CB,大興段,16.48,都市：住
RPWOMLRLOHJFFEH96CB,大興段,16.52,都市：住
RPUOMLRLOHJFFEH76CB,大興段,16.52,都市：住
RPVOMLRLOHJFFEH86CB,大興段,16.52,都市：住
RPQOMLRLOHJFFEH98CB,大興段,16.52,都市：住
RPPOMLRLOHJFFEH88CB,大興段,16.52,都市：住
RPXOMLRLOHJFFEH07CB,大興段,16.52,都市：住
RPRPMLRLOHJFFEH56CB,大興段,16.52,都市：住
RPOPMLRLOHJFFEH88CB,大興段,16.52,都市：住
RPPQMLRLOHJFFEH09CB,大興段,16.52,都市：住
RPSOMLRLOHJFFEH56CB,大興段,16.52,都市：住
RPSQMLRLOHJFFEH76CB,大興段,28.11,都市：住
RPUQMLRLOHJFFEH96CB,大興段,28.46,都市：住
RPSQMLKMOHJFFEH78CB,大興段,22.01,都市：住
RPXQMLKMOHJFFEH66CB,大興段,23.36,都市：住
RPORMLKMOHJFFEH48CB,大興段,12.23,都市：住
RPWNMLLJPHJFFAH38CB,埔子段埔子小段,.22,都市：住
RPWNMLLJPHJFFAH38CB,埔子段埔子小段,.02,都市：住
RPWNMLLJPHJFFAH38CB,埔子段埔子小段,13.91,都市：住
RPWNMLLJPHJFFAH38CB,埔子段埔子小段,.21,都市：住
RPWNMLLJPHJFFAH38CB,埔子段埔子小段,1.18,都市：住
RPWNMLLJPHJFFAH38CB,埔子段埔子小段,2.65,都市：住
RPXNMLLJPHJFFAH48CB,埔子段埔子小段,.22,都市：住
RPXNMLLJPHJFFAH48CB,埔子段埔子小段,.02,都市：住
RPXNMLLJPHJFFAH48CB,埔子段埔子小段,13.91,都市：住
RPXNMLLJPHJFFAH48CB,埔子段埔子小段,.21,都市：住
RPXNMLLJPHJFFAH48CB,埔子段埔子小段,1.18,都市：住
RPXNMLLJPHJFFAH48CB,埔子段埔子小段,2.65,都市：住
RPXQMLRLOHJFFEH27CB,大興段,12.90,都市：住
RPQOMLLJPHJFFAH87CB,埔子段埔子小段,.28,都市：住
RPQOMLLJPHJFFAH87CB,埔子段埔子小段,.03,都市：住
RPQOMLLJPHJFFAH87CB,埔子段埔子小段,18.09,都市：住
RPQOMLLJPHJFFAH87CB,埔子段埔子小段,.28,都市：住
RPQOMLLJPHJFFAH87CB,埔子段埔子小段,1.54,都市：住
RPQOMLLJPHJFFAH87CB,埔子段埔子小段,3.44,都市：住
RPVNMLLJPHJFFAH28CB,埔子段埔子小段,.29,都市：住
RPVNMLLJPHJFFAH28CB,埔子段埔子小段,.03,都市：住
RPVNMLLJPHJFFAH28CB,埔子段埔子小段,18.55,都市：住
RPVNMLLJPHJFFAH28CB,埔子段埔子小段,.28,都市：住
RPVNMLLJPHJFFAH28CB,埔子段埔子小段,1.58,都市：住
RPVNMLLJPHJFFAH28CB,埔子段埔子小段,3.53,都市：住
RPORMLRLOHJFFEH09CB,大興段,22.01,都市：住
RPROMLLJPHJFFAH97CB,埔子段埔子小段,.23,都市：住
RPROMLLJPHJFFAH97CB,埔子段埔子小段,.02,都市：住
RPROMLLJPHJFFAH97CB,埔子段埔子小段,14.84,都市：住
RPROMLLJPHJFFAH97CB,埔子段埔子小段,.23,都市：住
RPROMLLJPHJFFAH97CB,埔子段埔子小段,1.26,都市：住
RPROMLLJPHJFFAH97CB,埔子段埔子小段,2.82,都市：住
RPSOMLLJPHJFFAH08CB,埔子段埔子小段,.29,都市：住
RPSOMLLJPHJFFAH08CB,埔子段埔子小段,.03,都市：住
RPSOMLLJPHJFFAH08CB,埔子段埔子小段,18.55,都市：住
RPSOMLLJPHJFFAH08CB,埔子段埔子小段,.28,都市：住
RPSOMLLJPHJFFAH08CB,埔子段埔子小段,1.58,都市：住
RPSOMLLJPHJFFAH08CB,埔子段埔子小段,3.53,都市：住
RPUOMLLJPHJFFAH28CB,埔子段埔子小段,.23,都市：住
RPUOMLLJPHJFFAH28CB,埔子段埔子小段,.02,都市：住
RPUOMLLJPHJFFAH28CB,埔子段埔子小段,14.84,都市：住
RPUOMLLJPHJFFAH28CB,埔子段埔子小段,.23,都市：住
RPUOMLLJPHJFFAH28CB,埔子段埔子小段,1.26,都市：住
RPUOMLLJPHJFFAH28CB,埔子段埔子小段,2.82,都市：住
RPTOMLLJPHJFFAH18CB,埔子段埔子小段,.29,都市：住
RPTOMLLJPHJFFAH18CB,埔子段埔子小段,.03,都市：住
RPTOMLLJPHJFFAH18CB,埔子段埔子小段,18.55,都市：住
RPTOMLLJPHJFFAH18CB,埔子段埔子小段,.28,都市：住
RPTOMLLJPHJFFAH18CB,埔子段埔子小段,1.58,都市：住
RPTOMLLJPHJFFAH18CB,埔子段埔子小段,3.53,都市：住
RPVOMLLJPHJFFAH38CB,埔子段埔子小段,.23,都市：住
RPVOMLLJPHJFFAH38CB,埔子段埔子小段,.02,都市：住
RPVOMLLJPHJFFAH38CB,埔子段埔子小段,14.84,都市：住
RPVOMLLJPHJFFAH38CB,埔子段埔子小段,.23,都市：住
RPVOMLLJPHJFFAH38CB,埔子段埔子小段,1.26,都市：住
RPVOMLLJPHJFFAH38CB,埔子段埔子小段,2.82,都市：住
RPXOMLLJPHJFFAH58CB,埔子段埔子小段,.23,都市：住
RPXOMLLJPHJFFAH58CB,埔子段埔子小段,.02,都市：住
RPXOMLLJPHJFFAH58CB,埔子段埔子小段,14.84,都市：住
RPXOMLLJPHJFFAH58CB,埔子段埔子小段,.23,都市：住
RPXOMLLJPHJFFAH58CB,埔子段埔子小段,1.26,都市：住
RPXOMLLJPHJFFAH58CB,埔子段埔子小段,2.82,都市：住
RPQPMLLJPHJFFAH97CB,埔子段埔子小段,.23,都市：住
RPQPMLLJPHJFFAH97CB,埔子段埔子小段,.02,都市：住
RPQPMLLJPHJFFAH97CB,埔子段埔子小段,14.84,都市：住
RPQPMLLJPHJFFAH97CB,埔子段埔子小段,.23,都市：住
RPQPMLLJPHJFFAH97CB,埔子段埔子小段,1.26,都市：住
RPQPMLLJPHJFFAH97CB,埔子段埔子小段,2.82,都市：住
RPWOMLLJPHJFFAH48CB,埔子段埔子小段,.23,都市：住
RPWOMLLJPHJFFAH48CB,埔子段埔子小段,.02,都市：住
RPWOMLLJPHJFFAH48CB,埔子段埔子小段,14.84,都市：住
RPWOMLLJPHJFFAH48CB,埔子段埔子小段,.23,都市：住
RPWOMLLJPHJFFAH48CB,埔子段埔子小段,1.26,都市：住
RPWOMLLJPHJFFAH48CB,埔子段埔子小段,2.82,都市：住
RPPPMLLJPHJFFAH87CB,埔子段埔子小段,.23,都市：住
RPPPMLLJPHJFFAH87CB,埔子段埔子小段,.02,都市：住
RPPPMLLJPHJFFAH87CB,埔子段埔子小段,14.84,都市：住
RPPPMLLJPHJFFAH87CB,埔子段埔子小段,.23,都市：住
RPPPMLLJPHJFFAH87CB,埔子段埔子小段,1.26,都市：住
RPPPMLLJPHJFFAH87CB,埔子段埔子小段,2.82,都市：住
RPRPMLLJPHJFFAH08CB,埔子段埔子小段,.23,都市：住
RPRPMLLJPHJFFAH08CB,埔子段埔子小段,.02,都市：住
RPRPMLLJPHJFFAH08CB,埔子段埔子小段,14.84,都市：住
RPRPMLLJPHJFFAH08CB,埔子段埔子小段,.23,都市：住
RPRPMLLJPHJFFAH08CB,埔子段埔子小段,1.26,都市：住
RPRPMLLJPHJFFAH08CB,埔子段埔子小段,2.82,都市：住
RPOPMLLJPHJFFAH77CB,埔子段埔子小段,.23,都市：住
RPOPMLLJPHJFFAH77CB,埔子段埔子小段,.02,都市：住
RPOPMLLJPHJFFAH77CB,埔子段埔子小段,14.84,都市：住
RPOPMLLJPHJFFAH77CB,埔子段埔子小段,.23,都市：住
RPOPMLLJPHJFFAH77CB,埔子段埔子小段,1.26,都市：住
RPOPMLLJPHJFFAH77CB,埔子段埔子小段,2.82,都市：住
RPSPMLLJPHJFFAH18CB,埔子段埔子小段,.23,都市：住
RPSPMLLJPHJFFAH18CB,埔子段埔子小段,.02,都市：住
RPSPMLLJPHJFFAH18CB,埔子段埔子小段,14.84,都市：住
RPSPMLLJPHJFFAH18CB,埔子段埔子小段,.23,都市：住
RPSPMLLJPHJFFAH18CB,埔子段埔子小段,1.26,都市：住
RPSPMLLJPHJFFAH18CB,埔子段埔子小段,2.82,都市：住
RPTPMLLJPHJFFAH28CB,埔子段埔子小段,.24,都市：住
RPTPMLLJPHJFFAH28CB,埔子段埔子小段,.02,都市：住
RPTPMLLJPHJFFAH28CB,埔子段埔子小段,15.77,都市：住
RPTPMLLJPHJFFAH28CB,埔子段埔子小段,.24,都市：住
RPTPMLLJPHJFFAH28CB,埔子段埔子小段,1.34,都市：住
RPTPMLLJPHJFFAH28CB,埔子段埔子小段,3.00,都市：住
RPVPMLLJPHJFFAH48CB,埔子段埔子小段,.23,都市：住
RPVPMLLJPHJFFAH48CB,埔子段埔子小段,.02,都市：住
RPVPMLLJPHJFFAH48CB,埔子段埔子小段,14.84,都市：住
RPVPMLLJPHJFFAH48CB,埔子段埔子小段,.23,都市：住
RPVPMLLJPHJFFAH48CB,埔子段埔子小段,1.26,都市：住
RPVPMLLJPHJFFAH48CB,埔子段埔子小段,2.82,都市：住
RPWPMLLJPHJFFAH58CB,埔子段埔子小段,.23,都市：住
RPWPMLLJPHJFFAH58CB,埔子段埔子小段,.02,都市：住
RPWPMLLJPHJFFAH58CB,埔子段埔子小段,14.84,都市：住
RPWPMLLJPHJFFAH58CB,埔子段埔子小段,.23,都市：住
RPWPMLLJPHJFFAH58CB,埔子段埔子小段,1.26,都市：住
RPWPMLLJPHJFFAH58CB,埔子段埔子小段,2.82,都市：住
RPUPMLLJPHJFFAH38CB,埔子段埔子小段,.23,都市：住
RPUPMLLJPHJFFAH38CB,埔子段埔子小段,.02,都市：住
RPUPMLLJPHJFFAH38CB,埔子段埔子小段,14.84,都市：住
RPUPMLLJPHJFFAH38CB,埔子段埔子小段,.23,都市：住
RPUPMLLJPHJFFAH38CB,埔子段埔子小段,1.26,都市：住
RPUPMLLJPHJFFAH38CB,埔子段埔子小段,2.82,都市：住
RPXPMLLJPHJFFAH68CB,埔子段埔子小段,.23,都市：住
RPXPMLLJPHJFFAH68CB,埔子段埔子小段,.02,都市：住
RPXPMLLJPHJFFAH68CB,埔子段埔子小段,14.84,都市：住
RPXPMLLJPHJFFAH68CB,埔子段埔子小段,.23,都市：住
RPXPMLLJPHJFFAH68CB,埔子段埔子小段,1.26,都市：住
RPXPMLLJPHJFFAH68CB,埔子段埔子小段,2.82,都市：住
RPOQMLLJPHJFFAH87CB,埔子段埔子小段,.23,都市：住
RPOQMLLJPHJFFAH87CB,埔子段埔子小段,.02,都市：住
RPOQMLLJPHJFFAH87CB,埔子段埔子小段,14.84,都市：住
RPOQMLLJPHJFFAH87CB,埔子段埔子小段,.23,都市：住
RPOQMLLJPHJFFAH87CB,埔子段埔子小段,1.26,都市：住
RPOQMLLJPHJFFAH87CB,埔子段埔子小段,2.82,都市：住
RPPQMLLJPHJFFAH97CB,埔子段埔子小段,.23,都市：住
RPPQMLLJPHJFFAH97CB,埔子段埔子小段,.02,都市：住
RPPQMLLJPHJFFAH97CB,埔子段埔子小段,14.84,都市：住
RPPQMLLJPHJFFAH97CB,埔子段埔子小段,.23,都市：住
RPPQMLLJPHJFFAH97CB,埔子段埔子小段,1.26,都市：住
RPPQMLLJPHJFFAH97CB,埔子段埔子小段,2.82,都市：住
RPRQMLLJPHJFFAH18CB,埔子段埔子小段,.23,都市：住
RPRQMLLJPHJFFAH18CB,埔子段埔子小段,.02,都市：住
RPRQMLLJPHJFFAH18CB,埔子段埔子小段,14.84,都市：住
RPRQMLLJPHJFFAH18CB,埔子段埔子小段,.23,都市：住
RPRQMLLJPHJFFAH18CB,埔子段埔子小段,1.26,都市：住
RPRQMLLJPHJFFAH18CB,埔子段埔子小段,2.82,都市：住
RPQQMLLJPHJFFAH08CB,埔子段埔子小段,.23,都市：住
RPQQMLLJPHJFFAH08CB,埔子段埔子小段,.02,都市：住
RPQQMLLJPHJFFAH08CB,埔子段埔子小段,14.84,都市：住
RPQQMLLJPHJFFAH08CB,埔子段埔子小段,.23,都市：住
RPQQMLLJPHJFFAH08CB,埔子段埔子小段,1.26,都市：住
RPQQMLLJPHJFFAH08CB,埔子段埔子小段,2.82,都市：住
RPSQMLLJPHJFFAH28CB,埔子段埔子小段,.23,都市：住
RPSQMLLJPHJFFAH28CB,埔子段埔子小段,.02,都市：住
RPSQMLLJPHJFFAH28CB,埔子段埔子小段,14.84,都市：住
RPSQMLLJPHJFFAH28CB,埔子段埔子小段,.23,都市：住
RPSQMLLJPHJFFAH28CB,埔子段埔子小段,1.26,都市：住
RPSQMLLJPHJFFAH28CB,埔子段埔子小段,2.82,都市：住
RPUQMLLJPHJFFAH48CB,埔子段埔子小段,.29,都市：住
RPUQMLLJPHJFFAH48CB,埔子段埔子小段,.03,都市：住
RPUQMLLJPHJFFAH48CB,埔子段埔子小段,18.55,都市：住
RPUQMLLJPHJFFAH48CB,埔子段埔子小段,.28,都市：住
RPUQMLLJPHJFFAH48CB,埔子段埔子小段,1.58,都市：住
RPUQMLLJPHJFFAH48CB,埔子段埔子小段,3.53,都市：住
RPTQMLLJPHJFFAH38CB,埔子段埔子小段,.23,都市：住
RPTQMLLJPHJFFAH38CB,埔子段埔子小段,.02,都市：住
RPTQMLLJPHJFFAH38CB,埔子段埔子小段,14.84,都市：住
RPTQMLLJPHJFFAH38CB,埔子段埔子小段,.23,都市：住
RPTQMLLJPHJFFAH38CB,埔子段埔子小段,1.26,都市：住
RPTQMLLJPHJFFAH38CB,埔子段埔子小段,2.82,都市：住
RPWQMLLJPHJFFAH68CB,埔子段埔子小段,.29,都市：住
RPWQMLLJPHJFFAH68CB,埔子段埔子小段,.03,都市：住
RPWQMLLJPHJFFAH68CB,埔子段埔子小段,18.55,都市：住
RPWQMLLJPHJFFAH68CB,埔子段埔子小段,.28,都市：住
RPWQMLLJPHJFFAH68CB,埔子段埔子小段,1.58,都市：住
RPWQMLLJPHJFFAH68CB,埔子段埔子小段,3.53,都市：住
RPVQMLLJPHJFFAH58CB,埔子段埔子小段,.29,都市：住
RPVQMLLJPHJFFAH58CB,埔子段埔子小段,.03,都市：住
RPVQMLLJPHJFFAH58CB,埔子段埔子小段,18.55,都市：住
RPVQMLLJPHJFFAH58CB,埔子段埔子小段,.28,都市：住
RPVQMLLJPHJFFAH58CB,埔子段埔子小段,1.58,都市：住
RPVQMLLJPHJFFAH58CB,埔子段埔子小段,3.53,都市：住
RPPRMLLJPHJFFAH08CB,埔子段埔子小段,.23,都市：住
RPPRMLLJPHJFFAH08CB,埔子段埔子小段,.02,都市：住
RPPRMLLJPHJFFAH08CB,埔子段埔子小段,14.84,都市：住
RPPRMLLJPHJFFAH08CB,埔子段埔子小段,.23,都市：住
RPPRMLLJPHJFFAH08CB,埔子段埔子小段,1.26,都市：住
RPPRMLLJPHJFFAH08CB,埔子段埔子小段,2.82,都市：住
RPXQMLLJPHJFFAH78CB,埔子段埔子小段,.30,都市：住
RPXQMLLJPHJFFAH78CB,埔子段埔子小段,.03,都市：住
RPXQMLLJPHJFFAH78CB,埔子段埔子小段,19.48,都市：住
RPXQMLLJPHJFFAH78CB,埔子段埔子小段,.30,都市：住
RPXQMLLJPHJFFAH78CB,埔子段埔子小段,1.65,都市：住
RPXQMLLJPHJFFAH78CB,埔子段埔子小段,3.70,都市：住
RPQRMLLJPHJFFAH18CB,埔子段埔子小段,.23,都市：住
RPQRMLLJPHJFFAH18CB,埔子段埔子小段,.02,都市：住
RPQRMLLJPHJFFAH18CB,埔子段埔子小段,14.84,都市：住
RPQRMLLJPHJFFAH18CB,埔子段埔子小段,.23,都市：住
RPQRMLLJPHJFFAH18CB,埔子段埔子小段,1.26,都市：住
RPQRMLLJPHJFFAH18CB,埔子段埔子小段,2.82,都市：住
RPORMLLJPHJFFAH97CB,埔子段埔子小段,.23,都市：住
RPORMLLJPHJFFAH97CB,埔子段埔子小段,.02,都市：住
RPORMLLJPHJFFAH97CB,埔子段埔子小段,14.84,都市：住
RPORMLLJPHJFFAH97CB,埔子段埔子小段,.23,都市：住
RPORMLLJPHJFFAH97CB,埔子段埔子小段,1.26,都市：住
RPORMLLJPHJFFAH97CB,埔子段埔子小段,2.82,都市：住
RPSRMLLJPHJFFAH38CB,埔子段埔子小段,.22,都市：住
RPSRMLLJPHJFFAH38CB,埔子段埔子小段,.02,都市：住
RPSRMLLJPHJFFAH38CB,埔子段埔子小段,13.91,都市：住
RPSRMLLJPHJFFAH38CB,埔子段埔子小段,.21,都市：住
RPSRMLLJPHJFFAH38CB,埔子段埔子小段,1.18,都市：住
RPSRMLLJPHJFFAH38CB,埔子段埔子小段,2.65,都市：住
RPURMLLJPHJFFAH58CB,埔子段埔子小段,.24,都市：住
RPURMLLJPHJFFAH58CB,埔子段埔子小段,.02,都市：住
RPURMLLJPHJFFAH58CB,埔子段埔子小段,15.31,都市：住
RPURMLLJPHJFFAH58CB,埔子段埔子小段,.23,都市：住
RPURMLLJPHJFFAH58CB,埔子段埔子小段,1.30,都市：住
RPURMLLJPHJFFAH58CB,埔子段埔子小段,2.91,都市：住
RPRRMLLJPHJFFAH28CB,埔子段埔子小段,.23,都市：住
RPRRMLLJPHJFFAH28CB,埔子段埔子小段,.02,都市：住
RPRRMLLJPHJFFAH28CB,埔子段埔子小段,14.84,都市：住
RPRRMLLJPHJFFAH28CB,埔子段埔子小段,.23,都市：住
RPRRMLLJPHJFFAH28CB,埔子段埔子小段,1.26,都市：住
RPRRMLLJPHJFFAH28CB,埔子段埔子小段,2.82,都市：住
RPTRMLLJPHJFFAH48CB,埔子段埔子小段,.22,都市：住
RPTRMLLJPHJFFAH48CB,埔子段埔子小段,.02,都市：住
RPTRMLLJPHJFFAH48CB,埔子段埔子小段,13.91,都市：住
RPTRMLLJPHJFFAH48CB,埔子段埔子小段,.21,都市：住
RPTRMLLJPHJFFAH48CB,埔子段埔子小段,1.18,都市：住
RPTRMLLJPHJFFAH48CB,埔子段埔子小段,2.65,都市：住
RPQNMLPJPHJFFBH28CB,普義段,40.09,都市：住
RPRNMLPJPHJFFBH38CB,普義段,40.09,都市：住
RPSNMLPJPHJFFBH48CB,普義段,40.09,都市：住
RPUNMLPJPHJFFBH68CB,普義段,45.74,都市：住
RPPOMLLJPHJFFAH77CB,埔子段埔子小段,.22,都市：住
RPPOMLLJPHJFFAH77CB,埔子段埔子小段,.02,都市：住
RPPOMLLJPHJFFAH77CB,埔子段埔子小段,13.91,都市：住
RPPOMLLJPHJFFAH77CB,埔子段埔子小段,.21,都市：住
RPPOMLLJPHJFFAH77CB,埔子段埔子小段,1.18,都市：住
RPPOMLLJPHJFFAH77CB,埔子段埔子小段,2.65,都市：住
RPWQMLRLOHJFFEH17CB,大興段,10.37,都市：住
RPVQMLRLOHJFFEH07CB,大興段,10.31,都市：住
RPOOMLLJPHJFFAH67CB,埔子段埔子小段,.22,都市：住
RPOOMLLJPHJFFAH67CB,埔子段埔子小段,.02,都市：住
RPOOMLLJPHJFFAH67CB,埔子段埔子小段,13.91,都市：住
RPOOMLLJPHJFFAH67CB,埔子段埔子小段,.21,都市：住
RPOOMLLJPHJFFAH67CB,埔子段埔子小段,1.18,都市：住
RPOOMLLJPHJFFAH67CB,埔子段埔子小段,2.65,都市：住
RPTNMLPJPHJFFBH58CB,普義段,34.44,都市：住
RPVNMLPJPHJFFBH78CB,普義段,34.44,都市：住
RPWNMLPJPHJFFBH88CB,普義段,34.44,都市：住
RPPOMLPJPHJFFBH28CB,普義段,40.09,都市：住
RPOOMLPJPHJFFBH18CB,普義段,40.09,都市：住
RPXNMLPJPHJFFBH98CB,普義段,40.09,都市：住
RPTOMLPJPHJFFBH68CB,普義段,38.32,都市：住
RPQOMLPJPHJFFBH38CB,普義段,40.09,都市：住
RPPNMLPJPHJFFBH18CB,普義段,40.09,都市：住
RPUOMLPJPHJFFBH78CB,普義段,40.09,都市：住
RPVOMLPJPHJFFBH88CB,普義段,40.09,都市：住
RPROMLPJPHJFFBH48CB,普義段,40.09,都市：住
RPWOMLPJPHJFFBH98CB,普義段,34.44,都市：住
RPOPMLPJPHJFFBH28CB,普義段,40.09,都市：住
RPXOMLPJPHJFFBH09CB,普義段,34.44,都市：住
RPSOMLPJPHJFFBH58CB,普義段,38.50,都市：住
RPPPMLPJPHJFFBH38CB,普義段,40.44,都市：住
RPXPMLPJPHJFFBH56CB,普義段,34.44,都市：住
RPQPMLPJPHJFFBH48CB,普義段,40.09,都市：住
RPVPMLPJPHJFFBH98CB,普義段,40.09,都市：住
RPRPMLPJPHJFFBH58CB,普義段,33.55,都市：住
RPOQMLPJPHJFFBH38CB,普義段,40.09,都市：住
RPRQMLPJPHJFFBH68CB,普義段,39.74,都市：住
RPUPMLPJPHJFFBH88CB,普義段,34.44,都市：住
RPSPMLPJPHJFFBH68CB,普義段,40.09,都市：住
RPTPMLPJPHJFFBH78CB,普義段,34.44,都市：住
RPSQMLPJPHJFFBH78CB,普義段,41.32,都市：住
RPPQMLPJPHJFFBH48CB,普義段,38.50,都市：住
RPWPMLPJPHJFFBH09CB,普義段,34.44,都市：住
RPUQMLPJPHJFFBH98CB,普義段,34.44,都市：住
RPTQMLPJPHJFFBH88CB,普義段,39.74,都市：住
RPWQMLPJPHJFFBH56CB,普義段,40.09,都市：住
RPVQMLPJPHJFFBH09CB,普義段,40.09,都市：住
RPQQMLPJPHJFFBH58CB,普義段,40.09,都市：住
RPORMLPJPHJFFBH48CB,普義段,34.44,都市：住
RPXQMLPJPHJFFBH66CB,普義段,40.09,都市：住
RPPQMLSKPHJFFEH76EB,河底段,23.98,都市：住
RPRRMLPJPHJFFBH78CB,普義段,40.09,都市：住
RPOQMLSKPHJFFEH66EB,河底段,24.12,都市：住
RPQSMLSLPHJFFAH56CB,同德段,31.89,都市：商
RPQRMLPJPHJFFBH68CB,普義段,40.09,都市：住
RPPRMLPJPHJFFBH58CB,普義段,40.09,都市：住
RPSQMLSKPHJFFEH07EB,大興段,19.97,都市：住
RPUSMLSLPHJFFAH96CB,同德段,16.98,都市：商
RPWPMLSKPHJFFEH37EB,河底段,24.41,都市：住
RPTSMLSLPHJFFAH86CB,同德段,16.98,都市：商
RPWSMLSLPHJFFAH17CB,同德段,17.76,都市：商
RPRSMLSLPHJFFAH66CB,同德段,31.89,都市：商
RPSSMLSLPHJFFAH76CB,同德段,31.89,都市：商
RPXSMLSLPHJFFAH27CB,同德段,17.76,都市：商
RPPTMLSLPHJFFAH56CB,同德段,17.76,都市：商
RPRQMLSKPHJFFEH96EB,大興段,28.13,都市：住
RPOTMLSLPHJFFAH09CB,同德段,17.76,都市：商
RPVSMLSLPHJFFAH07CB,同德段,16.98,都市：商
RPRTMLSLPHJFFAH76CB,同德段,17.76,都市：商
RPUTMLSLPHJFFAH07CB,同德段,22.30,都市：商
RPSTMLSLPHJFFAH86CB,同德段,22.30,都市：商
RPVTMLSLPHJFFAH17CB,同德段,22.30,都市：商
RPWTMLSLPHJFFAH27CB,同德段,22.30,都市：商
RPXTMLSLPHJFFAH37CB,同德段,22.30,都市：商
RPOUMLSLPHJFFAH56CB,同德段,22.30,都市：商
RPPUMLSLPHJFFAH66CB,同德段,22.30,都市：商
