﻿編號,土地區段位置,土地移轉面積平方公尺,使用分區或編定
The serial number,land sector position,land shifting area square meter,the use zoning or compiles and checks
RPQOMLRJNHJFFAI28CA,下路頭段,76.00,都市：住
RPWNMLNJNHJFFAI38CA,東門段七小段,8.29,都市：住
RPOPMLMLNHJFFAI87CA,台斗坑段,105.00,都市：住
RPRNMLSJNHJFFAI48DA,竹圍子段,56.00,都市：住
RPRNMLSJNHJFFAI48DA,竹圍子段,21.00,都市：住
RPRNMLSJNHJFFAI48DA,竹圍子段,82.00,都市：其他
RPRNMLSJNHJFFAI48DA,竹圍子段,29.50,都市：其他
RPRNMLSJNHJFFAI48DA,竹圍子段,10.00,都市：住
RPUNMLMJNHJFFAI08CA,玉川段,67.00,都市：住
RPWOMLRJNHJFFAI88CA,竹圍子段,7.50,都市：住
RPQNMLQJNHJFFAI08CA,竹圍子段二小段,9.56,都市：住
RPPNMLQJNHJFFAI97CA,車店段,30.96,都市：住
RPRNMLSKNHJFFAI48CA,竹圍子段一小段,102.00,都市：住
RPTNMLRKNHJFFAI58CA,短竹段,14.64,都市：住
RPQNMLPJNHJFFAI18EA,榮段一小段,16.00,都市：商
RPSNMLPJNHJFFAI18CA,中庄段,17.00,都市：住
RPVNMLSKNHJFFAI88CA,車店段車店小段,39.46,都市：住
RPSNMLTJNHJFFAI78EA,興村段,79.00,都市：住
RPUNMLNJNHJFFAI18CA,竹圍子段,89.00,都市：住
RPRNMLQJNHJFFAI18CA,台斗坑段,.24,都市：住
RPRNMLQJNHJFFAI18CA,台斗坑段,13.51,都市：住
RPRNMLQJNHJFFAI18CA,台斗坑段,9.11,都市：住
RPTNMLSKNHJFFAI68CA,西門段四小段,7.39,都市：商
RPQNMLKKNHJFFAI57CA,興村段,5.85,都市：住
RPQNMLKKNHJFFAI57CA,興村段,59.00,都市：住
RPVNMLPJNHJFFAI48CA,下路頭段,33.17,都市：住
RPVNMLPJNHJFFAI48CA,下路頭段,88.00,都市：住
RPVOMLMKNHJFFAI38CA,彌陀段,71.00,都市：住
RPUNMLPJNHJFFAI38CA,下路頭段,32.84,都市：住
RPUNMLPJNHJFFAI38CA,下路頭段,76.00,都市：住
RPVNMLRKNHJFFAI78CA,遠東段,15.86,都市：住
RPQOMLMKNHJFFAI87CA,盧厝段,68.00,都市：住
RPRNMLRKNHJFFAI38CA,下路頭段,193.00,都市：住
RPUNMLTKNHJFFAI88CA,北社尾段保安小段,23.34,都市：住
RPOPMLRLNHJFFAI38CA,中庄段,98.00,都市：住
RPOOMLMLNHJFFAI77CA,新富段三小段,32.55,都市：商
RPOOMLMLNHJFFAI77CA,新富段三小段,72.00,都市：商
RPSNMLRKNHJFFAI48CA,下路頭段,7.61,都市：住
RPWNMLSJNHJFFAI88CA,興村段,.09,都市：住
RPWNMLSJNHJFFAI88CA,興村段,.56,都市：住
RPSOMLKMNHJFFAI08CA,下路頭段,70.00,都市：住
RPSOMLKMNHJFFAI08CA,下路頭段,48.00,都市：住
RPXOMLNKNHJFFAI68CA,軍輝段,33.08,都市：住
RPPNMLSLNHJFFAI38CA,車店段,9.30,都市：住
RPPNMLSLNHJFFAI38CA,車店段,.31,都市：住
RPTNMLLKNHJFFAI97CA,湖內段,20.21,都市：住
RPSNMLNKNHJFFAI08CA,北門段七小段,8.82,都市：住
RPSOMLRJNHJFFAI48CA,車店段車店小段,6.34,都市：住
RPTNMLRJNHJFFAI68EA,堀川段,20.20,都市：住
RPVNMLSJNHJFFAI78CA,短竹段,13.93,都市：住
RPSOMLMKNHJFFAI28EA,長竹段,139.00,都市：住
RPSOMLMKNHJFFAI28EA,長竹段,280.00,都市：住
RPPNMLOLNHJFFAI97CA,同興段,21.87,都市：住
RPPOMLRJNHJFFAI38EA,何庄段,661.16,都市：農
RPQNMLSJNHJFFAI28CA,新富段三小段,13.55,都市：商
RPQNMLSJNHJFFAI28CA,新富段三小段,12.76,都市：商
RPQNMLTJNHJFFAI38CA,下路頭段,135.00,都市：住
RPXNMLSJNHJFFAI98CA,竹村段,3523.35,都市：其他
RPPNMLTJNHJFFAI28CA,湖內段,32.00,都市：住
RPPNMLTJNHJFFAI28CA,湖內段,90.20,都市：住
RPROMLRJNHJFFAI58EA,短竹段,117.00,都市：住
RPTNMLSJNHJFFAI58CA,劉厝段,22.00,都市：住
RPPNMLSJNHJFFAI28DA,育人段,20.18,都市：住
RPPNMLSJNHJFFAI28DA,育人段,76.20,都市：住
RPPNMLSJNHJFFAI28DA,育人段,.32,都市：住
RPUNMLKMNHJFFAI38EA,玉川段,64.00,都市：住
RPPNMLKKNHJFFAI47CA,中庄段,76.00,都市：住
RPROMLKMNHJFFAI97CA,竹圍子段,161.00,都市：住
RPROMLKMNHJFFAI97CA,竹圍子段,73.00,都市：住
RPTNMLNJOHJFFAI18CA,短竹段,17.55,都市：住
RPSNMLKKNHJFFAI77CA,新富段三小段,56.00,都市：住
RPTNMLSLNHJFFAI78CA,下路頭段,113.00,都市：住
RPTNMLSLNHJFFAI78CA,下路頭段,82.00,都市：住
RPTNMLKMNHJFFAI08CA,玉川段,6.94,都市：住
RPQNMLNJOHJFFAI87CA,劉厝段玉山小段,78.00,都市：住
RPQNMLNJOHJFFAI87CA,劉厝段玉山小段,23.53,都市：住
RPVNMLOLNHJFFAI58CA,盧厝段,31.26,都市：住
RPVNMLOLNHJFFAI58CA,長竹段,.35,都市：住
RPOPMLPJOHJFFAI08CA,堀川段,2.82,都市：住
RPOPMLPJOHJFFAI08CA,堀川段,3.20,都市：住
RPOPMLPJOHJFFAI08CA,下路頭段,17.28,都市：住
RPOPMLPJOHJFFAI08CA,下路頭段,2.05,都市：住
RPOPMLPJOHJFFAI08CA,下路頭段,1.34,都市：住
RPQOMLTLNHJFFAI68CA,車店段,49.00,都市：住
RPQOMLTLNHJFFAI68CA,車店段,25.00,都市：住
RPUNMLLKNHJFFAI08CA,埤子頭段,4.93,都市：住
RPQNMLSKNHJFFAI38CA,盧厝段,11.52,都市：住
RPSNMLSJNHJFFAI48CA,劉厝段,348.80,都市：住
RPOPMLMKNHJFFAI77CA,下路頭段,24.18,都市：住
RPSNMLKLNHJFFAI87CA,白川段,77.00,都市：住
RPRNMLTJNHJFFAI48CA,長竹段,22.75,都市：住
RPTNMLKLNHJFFAI97CA,白川段,73.00,都市：住
RPOOMLTJNHJFFAI28CA,港子坪段港坪小段,110.00,都市：商
RPRNMLKKNHJFFAI67CA,下路頭段,82.00,都市：住
RPUNMLPKNHJFFAI58DA,竹村段,56.86,都市：住
RPUNMLPKNHJFFAI58DA,竹村段,65.78,都市：住
RPSNMLLKNHJFFAI87CA,盧厝段,233.00,都市：住
RPVNMLTJNHJFFAI88CA,下路頭段,23.50,都市：住
RPVNMLTJNHJFFAI88CA,下路頭段,84.00,都市：住
RPSNMLPKNHJFFAI38DA,竹村段,772.38,都市：住
RPROMLMKNHJFFAI18EA,興村段,17.00,都市：其他
RPROMLMKNHJFFAI18EA,興村段,54.00,都市：住
RPXNMLRKNHJFFAI98CA,盧厝段,92.00,都市：住
RPUPMLMKNHJFFAI38CA,竹圍子段,58.00,都市：住
RPUPMLMKNHJFFAI38CA,竹圍子段,46.00,都市：住
RPWNMLRKNHJFFAI88CA,盧厝段,70.00,都市：住
RPXNMLTJNHJFFAI66EA,車店段,60.00,都市：住
RPTNMLKKNHJFFAI97DA,北園段,80.00,都市：住
RPPNMLNKNHJFFAI97EA,下路頭段,2.00,都市：住
RPPNMLNKNHJFFAI97EA,下路頭段,.83,都市：住
RPQNMLMKNHJFFAI97EA,白川段,12.08,都市：住
RPOOMLOKNHJFFAI97DA,檜段三小段,46.00,都市：住
RPPPMLNKNHJFFAI18EA,北門段四小段,8.64,都市：商
RPOOMLOKNHJFFAI97DA,檜段三小段,24.00,都市：住
RPROMLNKNHJFFAI28EA,竹圍子段,25.09,都市：住
RPRNMLNKNHJFFAI18EA,竹圍子段,16.84,都市：住
RPVNMLKMNHJFFAI48EA,盧厝段,63.00,都市：住
RPVNMLKMNHJFFAI48EA,盧厝段,259.00,都市：住
RPSPMLMKNHJFFAI18CA,盧厝段,65.56,都市：農
RPTNMLTKNHJFFAI88DA,白川段,34.25,都市：住
RPSOMLNKNHJFFAI18CA,埤子頭段,54.00,都市：住
RPTPMLMKNHJFFAI28CA,盧厝段,15.70,都市：農
RPPNMLRKNHJFFAI18CA,興村段,16.62,都市：住
RPUNMLOKNHJFFAI38CA,彌陀段,110.00,都市：住
RPXNMLNKNHJFFAI58CA,遠東段,19.60,都市：住
RPSOMLPJOHJFFAI58EA,竹圍子段三小段,98.00,都市：住
RPOPMLPKNHJFFAI08CA,堀川段,3.96,都市：住
RPOPMLPKNHJFFAI08CA,堀川段,8.99,都市：住
RPQOMLOLNHJFFAI18CA,玉川段,4.00,都市：住
RPXOMLMKNHJFFAI58CA,竹圍子段一小段,13.23,都市：住
RPQNMLOLNHJFFAI08CA,竹圍子段三小段,28.10,都市：住
RPROMLOLNHJFFAI28CA,下路頭段,9.79,都市：住
RPTNMLOLNHJFFAI38CA,太平段,15.23,都市：住
RPUNMLKMNHJFFAI18CA,長竹段,63.00,都市：住
RPVOMLRLNHJFFAI98CA,車店段,34.51,都市：其他
RPVOMLRLNHJFFAI98CA,白川段,3.27,都市：住
RPUOMLMKNHJFFAI28CA,北門段七小段,6.53,都市：住
RPUOMLRLNHJFFAI88CA,後庄段,105.00,都市：住
RPSOMLQJOHJFFAI48CA,台斗坑段,26.15,都市：住
RPSOMLQJOHJFFAI48CA,台斗坑段,.02,都市：其他
RPROMLTLNHJFFAI78CA,車店段車店小段,108.00,都市：住
RPRNMLOLNHJFFAI18CA,港子坪段,19.95,都市：住
RPXNMLQKNHJFFAI88CA,後庄段,98.00,都市：住
RPWPMLPJOHJFFAI88CA,竹圍子段中興小段,12.52,都市：住
RPXOMLRLNHJFFAI56CA,玉川段,32.00,都市：住
RPSOMLLLNHJFFAI08CA,同興段,81.00,都市：住
RPSOMLLLNHJFFAI08CA,同興段,30.10,都市：住
RPVOMLLLNHJFFAI38CA,同興段,81.00,都市：住
RPVOMLLLNHJFFAI38CA,同興段,301.01,都市：住
RPTOMLLLNHJFFAI18CA,同興段,81.00,都市：住
RPTOMLLLNHJFFAI18CA,同興段,30.10,都市：住
RPXOMLLLNHJFFAI58CA,同興段,83.00,都市：住
RPRPMLLLNHJFFAI08CA,同興段,82.00,都市：住
RPXOMLLLNHJFFAI58CA,同興段,.45,都市：住
RPRPMLLLNHJFFAI08CA,同興段,30.10,都市：住
RPUOMLLLNHJFFAI28CA,同興段,81.00,都市：住
RPUOMLLLNHJFFAI28CA,同興段,30.10,都市：住
RPWOMLLLNHJFFAI48CA,同興段,83.00,都市：住
RPWOMLLLNHJFFAI48CA,同興段,301.01,都市：住
RPOPMLLLNHJFFAI77CA,同興段,87.00,都市：住
RPOPMLLLNHJFFAI77CA,同興段,30.10,都市：住
RPTNMLPKNHJFFAI58EA,下路頭段,58.00,都市：住
RPQPMLLLNHJFFAI97CA,同興段,82.00,都市：住
RPQPMLLLNHJFFAI97CA,同興段,30.10,都市：住
RPSPMLLLNHJFFAI18CA,同興段,81.00,都市：住
RPSPMLLLNHJFFAI18CA,同興段,30.10,都市：住
RPQPMLMKNHJFFAI97CA,末廣段一小段,60.00,都市：商
RPPPMLMKNHJFFAI87CA,北門段四小段,3.98,都市：商
RPOPMLNKNHJFFAI08EA,玉川段,14.00,都市：住
RPXOMLPKNHJFFAI88CA,堀川段,45.00,都市：住
RPTOMLNKNHJFFAI28CA,埤子頭段新厝小段,78.67,都市：住
RPVNMLQKNHJFFAI68CA,盧厝段,77.00,都市：住
RPVNMLQKNHJFFAI68CA,盧厝段,9.00,都市：其他
RPOOMLNKNHJFFAI97EA,短竹段,17.55,都市：住
RPQNMLKLNHJFFAI87EA,竹村段,4057.45,都市：其他
RPWNMLQKNHJFFAI78CA,盧厝段,237.00,都市：住
RPWNMLQKNHJFFAI78CA,盧厝段,14.00,都市：其他
RPVNMLPKNHJFFAI78EA,竹圍子段,47.00,都市：住
RPPNMLOKNHJFFAI97DA,下路頭段,68.00,都市：住
RPSOMLPKNHJFFAI58EA,軍輝段,97.00,都市：住
RPPOMLRKNHJFFAI28CA,堀川段,33.10,都市：住
RPUNMLNKNHJFFAI28CA,劉厝段玉山小段,117.00,都市：住
RPPOMLOLNHJFFAI08CA,劉厝段劉厝小段,76.00,都市：住
RPROMLOKNHJFFAI18CA,埤子頭段,20.88,都市：住
RPPOMLTKNHJFFAI48CA,埤子頭段,14.56,都市：住
RPPNMLQKNHJFFAI08CA,竹圍子段,100.00,都市：住
RPXNMLOLNHJFFAI78CA,劉厝段劉厝小段,68.00,都市：住
RPUNMLOLNHJFFAI48CA,盧東段,53.65,都市：住
RPUNMLOLNHJFFAI48CA,盧東段,22.77,都市：住
RPQOMLNLNHJFFAI08CA,東川段,8.69,都市：住
RPVNMLTKNHJFFAI98CA,湖內段,91.00,都市：住
RPOOMLSLNHJFFAI38CA,下路頭段,18.93,都市：住
RPOOMLSLNHJFFAI38CA,下路頭段,3.17,都市：住
RPOOMLTKNHJFFAI38CA,車店段車店小段,139.00,都市：住
RPWNMLPKNHJFFAI68CA,下路頭段,1411.00,都市：住
RPSNMLQKNHJFFAI38CA,竹圍子段,92.00,都市：住
RPPOMLPKNHJFFAI08CA,下路頭段,123.00,都市：住
RPQNMLQKNHJFFAI18CA,埤子頭段,44.00,都市：住
RPOOMLPKNHJFFAI97CA,車店段車店小段,6.84,都市：住
RPVOMLPKNHJFFAI68CA,西門段四小段,180.00,都市：商
RPPOMLOKNHJFFAI97CA,竹圍子段,36.00,都市：住
RPUOMLPKNHJFFAI58CA,東川段,23.64,都市：住
RPPNMLSKNHJFFAI28CA,竹圍子段二小段,212.00,都市：住
RPUOMLPKNHJFFAI58CA,東川段,102.00,都市：住
RPQNMLRKNHJFFAI28CA,港子坪段,104.13,都市：住
RPRNMLPKNHJFFAI38EA,新富段三小段,47.00,都市：商
RPRNMLQKNHJFFAI48EA,新富段一小段,.18,都市：商
RPRNMLQKNHJFFAI48EA,南門段七小段,5.02,都市：商
RPQOMLRKNHJFFAI38CA,同興段,15.03,都市：住
RPTNMLLLNHJFFAI08CA,堀川段,89.00,都市：住
RPTNMLQKNHJFFAI48CA,檜段一小段,19.00,都市：住
RPTNMLQKNHJFFAI48CA,檜段一小段,63.00,都市：住
RPQOMLPKNHJFFAI38EA,下路頭段,44.00,都市：住
RPPNMLTKNHJFFAI38CA,檜段四小段,173.00,都市：商
RPUNMLQKNHJFFAI78EA,民族段五小段,52.50,都市：商
RPTOMLRKNHJFFAI68CA,新富段五小段,23.73,都市：住
RPPOMLMLNHJFFAI87CA,北社尾段,11.49,都市：住
RPWOMLRLNHJFFAI09CA,埤子頭段,39.00,都市：住
RPQNMLTKNHJFFAI48CA,檜段四小段,163.00,都市：商
RPQNMLTKNHJFFAI48CA,檜段四小段,9.00,都市：商
RPRNMLRLNHJFFAI48CA,埤子頭段,104.00,都市：住
RPSNMLQLNHJFFAI48CA,台斗坑段,122.00,都市：住
RPRNMLTKNHJFFAI58CA,玉川段,12.79,都市：住
RPTOMLRLNHJFFAI78CA,盧厝段,43.56,都市：住
RPPNMLQLNHJFFAI18CA,北社尾段,43.00,都市：住
RPPNMLQLNHJFFAI18CA,北社尾段,178.00,都市：住
RPSOMLRLNHJFFAI68CA,堀川段,80.00,都市：住
RPWNMLMLNHJFFAI48CA,竹圍子段,67.00,都市：住
RPVNMLMLNHJFFAI38CA,短竹段,3.49,都市：住
RPUOMLQJOHJFFAI68CA,北社尾段保安小段,16.62,都市：其他
RPVOMLPJOHJFFAI68CA,下路頭段,107.00,都市：住
RPRNMLLLNHJFFAI87CA,下路頭段,52.00,都市：住
RPQOMLTKNHJFFAI58CA,八掌段,6053.00,都市：農
RPSNMLOLNHJFFAI28CA,竹圍子段中興小段,9.24,都市：住
RPWNMLRLNHJFFAI56EA,榮段五小段,37.00,都市：商
RPWNMLRLNHJFFAI56EA,榮段五小段,137.00,都市：商
RPWNMLQLNHJFFAI88CA,盧厝段,41.69,都市：住
RPXNMLTKNHJFFAI56CA,車店段車店小段,6.80,都市：住
RPXNMLLKOHJFFAI58DA,北社尾段保安小段,160.00,都市：住
RPSNMLTJOHJFFAI78DA,竹圍子段三小段,24.10,都市：住
RPSNMLTKNHJFFAI88EA,港子坪段,13.00,都市：住
RPSNMLTKNHJFFAI88EA,港子坪段,37.00,都市：住
RPVNMLTKNHJFFAI56EA,玉川段,61.00,都市：住
RPTNMLQLNHJFFAI58CA,車店段,31.33,都市：住
RPTNMLQLNHJFFAI58CA,白川段,2.97,都市：住
RPRNMLKLNHJFFAI77CA,盧厝段,72.00,都市：住
RPSNMLLLNHJFFAI97CA,下埤段,1458.05,都市：住
RPPNMLMLNHJFFAI77CA,湖東段,29.80,都市：住
RPUNMLKLNHJFFAI08CA,白川段,36.96,都市：住
RPROMLLLNHJFFAI97CA,同興段,81.00,都市：住
RPROMLLLNHJFFAI97CA,同興段,30.10,都市：住
RPPNMLRLNHJFFAI28CA,短竹段,48.00,都市：住
RPVNMLKLNHJFFAI18CA,玉川段,17.14,都市：住
RPTNMLLKOHJFFAI08CA,山下段,96.00,都市：住
RPTNMLLKOHJFFAI08CA,山下段,222.00,都市：住
RPTOMLMKOHJFFAI28CA,盧厝段,14.54,都市：住
RPOOMLOLNHJFFAI97CA,末廣段五小段,.24,都市：住
RPOOMLOLNHJFFAI97CA,末廣段五小段,2.83,都市：住
RPOOMLOLNHJFFAI97CA,末廣段五小段,.98,都市：住
RPOOMLOLNHJFFAI97CA,末廣段五小段,2.83,都市：住
RPQOMLRLNHJFFAI48CA,北門段六小段,23.94,都市：商
RPUNMLSLNHJFFAI88CA,彌陀段,21.22,都市：住
RPOQMLPJOHJFFAI18CA,埤子頭段,29.83,都市：住
RPTOMLKMNHJFFAI18CA,堀川段,44.00,都市：商
RPUOMLKMNHJFFAI28CA,檜段七小段,7.52,都市：住
RPPOMLLKOHJFFAI77CA,後庄段,85.91,都市：住
RPTPMLMLNHJFFAI38CA,興村段,32.90,都市：住
RPQNMLRLNHJFFAI38CA,北門段五小段,64.00,都市：住
RPPOMLPJOHJFFAI18DA,劉厝段,95.00,都市：住
RPWNMLNJOHJFFAI58DA,劉厝段劉厝小段,14.82,都市：住
RPPNMLLLNHJFFAI87EA,西門段四小段,1.23,都市：商
RPPNMLLLNHJFFAI87EA,西門段四小段,1.91,都市：商
RPPNMLLLNHJFFAI87EA,西門段四小段,.88,都市：商
RPTNMLMLNHJFFAI38EA,北社尾段保安小段,545.00,都市：住
RPTNMLMLNHJFFAI38EA,北社尾段保安小段,426.00,都市：住
RPTNMLPJOHJFFAI48DA,劉厝段,95.00,都市：住
RPWNMLPJOHJFFAI78DA,劉厝段,95.00,都市：住
RPXNMLPJOHJFFAI88DA,劉厝段,95.00,都市：住
RPUNMLPJOHJFFAI58DA,劉厝段,139.00,都市：住
RPQOMLMLNHJFFAI18EA,崎頂段,1515.00,都市：農
RPROMLNLNHJFFAI38EA,竹圍子段,24.31,都市：住
RPROMLNLNHJFFAI38EA,竹圍子段,7.18,都市：住
RPQNMLNLNHJFFAI18EA,劉厝段,262.00,都市：住
RPWNMLNLNHJFFAI78EA,車店段車店小段,9.49,都市：住
RPRNMLMLNHJFFAI18EA,遠東段,5.60,都市：住
RPSNMLMLNHJFFAI28EA,後庄段,70.00,都市：商
RPVNMLPJOHJFFAI68DA,竹圍子段,3.00,都市：住
RPQNMLLLNHJFFAI97EA,盧厝段,20.54,都市：住
RPPOMLNLNHJFFAI97CA,竹圍子段二小段,115.00,都市：住
RPPOMLNLNHJFFAI97CA,竹圍子段二小段,110.00,都市：住
RPPNMLNLNHJFFAI08EA,盧厝段,21.68,都市：住
RPSOMLNLNHJFFAI48EA,長竹段,78.00,都市：住
RPVNMLNLNHJFFAI48CA,埤子頭段,14.56,都市：住
RPWNMLOLNHJFFAI68CA,盧厝段,13.06,都市：住
RPXNMLLLNHJFFAI48CA,盧厝段,36.48,都市：住
RPXNMLLLNHJFFAI48CA,盧厝段,.02,都市：住
RPSOMLMLNHJFFAI18CA,下路頭段,17.00,都市：住
RPSOMLMLNHJFFAI18CA,下路頭段,56.00,都市：住
RPWOMLMLNHJFFAI58CA,下路頭段,65.00,都市：住
RPROMLQKOHJFFAI48CA,盧厝段,19.78,都市：住
RPPQMLPJOHJFFAI28CA,新富段三小段,5.82,都市：住
RPPQMLPJOHJFFAI28CA,新富段三小段,.29,都市：住
RPXPMLPJOHJFFAI98CA,竹圍子段,26.46,都市：住
RPRNMLTLNHJFFAI68CA,荖藤段,132.00,都市：農
RPRNMLTLNHJFFAI68CA,荖藤段,200.00,都市：農
RPRNMLTLNHJFFAI68CA,荖藤段,105.00,都市：農
RPRNMLTLNHJFFAI68CA,荖藤段,141.00,都市：農
RPRNMLTLNHJFFAI68CA,荖藤段,13.00,都市：農
RPSPMLMLNHJFFAI28CA,玉川段,56.00,都市：住
RPOOMLOKOHJFFAI97CA,盧厝段,8.15,都市：住
RPRQMLPJOHJFFAI48CA,埤子頭段,20.28,都市：住
RPSNMLNJOHJFFAI08CA,車店段車店小段,142.00,都市：住
RPPPMLRLNHJFFAI48CA,湖內段,69.00,都市：住
RPQQMLPJOHJFFAI38CA,竹圍子段二小段,74.00,都市：住
RPPNMLSJOHJFFAI28CA,榮段三小段,18.38,都市：商
RPPNMLSJOHJFFAI28CA,榮段三小段,82.00,都市：商
RPRPMLMLNHJFFAI18CA,劉厝段,408.00,都市：住
RPPNMLPJOHJFFAI97CA,劉厝段玉山小段,105.04,都市：住
RPQPMLMLNHJFFAI08CA,劉厝段,42.00,都市：住
RPQPMLMLNHJFFAI08CA,劉厝段,58.00,都市：住
RPRNMLSLNHJFFAI58CA,軍輝段,70.00,都市：住
RPTOMLNLNHJFFAI38CA,元段六小段,1.46,都市：其他
RPTOMLMLNHJFFAI28CA,下路頭段,97.00,都市：住
RPPPMLMLNHJFFAI97CA,下路頭段,30.95,都市：住
RPPPMLMLNHJFFAI97CA,下路頭段,75.00,都市：住
RPVOMLMLNHJFFAI68EA,劉厝段玉山小段,193.57,都市：住
RPTNMLNLNHJFFAI28CA,湖內段,71.00,都市：住
RPTNMLNLNHJFFAI28CA,湖內段,24.95,都市：住
RPVNMLSLNHJFFAI56EA,車店段,17.18,都市：住
RPVNMLSLNHJFFAI56EA,車店段,1.17,都市：住
RPVNMLSLNHJFFAI56EA,車店段,3.91,都市：住
RPOOMLSKOHJFFAI38CA,竹圍子段,5.00,都市：住
RPOOMLSKOHJFFAI38CA,竹圍子段,67.00,都市：住
RPQNMLQLNHJFFAI48EA,育人段,120.37,都市：農
RPOOMLNLNHJFFAI87CA,車店段車店小段,41.00,都市：住
RPOOMLNLNHJFFAI87CA,車店段車店小段,36.00,都市：住
RPSNMLQLNHJFFAI68EA,台斗坑段,59.00,都市：住
RPSNMLRLNHJFFAI78EA,劉厝段玉山小段,194.54,都市：住
RPROMLMLNHJFFAI28EA,彌陀段,11.56,都市：住
RPUNMLRLNHJFFAI98EA,檜段四小段,54.00,都市：商
RPRNMLQLNHJFFAI38CA,劉厝段,340.00,都市：住
RPWNMLQKOHJFFAI98DA,港子坪段港坪小段,16.68,都市：住
RPWNMLQLNHJFFAI09EA,竹圍子段,8.55,都市：住
RPSOMLRKOHJFFAI68CA,湖子內段湖內小段,97.00,都市：住
RPQNMLTLNHJFFAI78EA,白川段,36.14,都市：住
RPSOMLPJOHJFFAI38CA,南門段六小段,47.13,都市：其他
RPSNMLPJOHJFFAI38DA,劉厝段,95.00,都市：住
RPSOMLOKOHJFFAI38CA,埤子頭段,19.74,都市：住
RPPOMLOKOHJFFAI08CA,下路頭段,7.07,都市：住
RPXNMLRLNHJFFAI09CA,車店段車店小段,18.33,都市：住
RPXNMLTLNHJFFAI66CA,長竹段,90.00,都市：住
RPXNMLTLNHJFFAI66CA,長竹段,27.29,都市：住
RPWOMLPJOHJFFAI78CA,檜段二小段,174.00,都市：住
RPVNMLRLNHJFFAI88CA,台斗坑段,1.68,都市：住
RPVNMLRLNHJFFAI88CA,台斗坑段,88.00,都市：住
RPTNMLRLNHJFFAI68CA,竹圍子段,25.71,都市：住
RPPNMLLMNHJFFAI77CA,下路頭段,64.00,都市：住
RPPOMLRLNHJFFAI38CA,湖子內段湖內小段,99.00,都市：住
RPOOMLRLNHJFFAI28CA,港子坪段港坪小段,30.83,都市：住
RPSNMLLMNHJFFAI08CA,遠東段,662.00,都市：工
RPVNMLQJOHJFFAI68CA,南門段三小段,36.00,都市：商
RPVNMLQJOHJFFAI68CA,南門段三小段,8.00,都市：商
RPXNMLOJOHJFFAI68CA,盧東段,13.22,都市：住
RPXNMLOJOHJFFAI68CA,盧東段,116.85,都市：住
RPXNMLOJOHJFFAI68CA,盧東段,.07,都市：農
RPSNMLTLNHJFFAI88DA,堀川段,33.00,都市：住
RPPPMLOLOHJFFAI28CA,大溪段,299.86,都市：住
RPPPMLOLOHJFFAI28CA,大溪段,299.86,都市：住
RPPPMLOLOHJFFAI28CA,大溪段,77.65,都市：其他
RPPPMLOLOHJFFAI28CA,大溪段,77.65,都市：其他
RPPPMLOLOHJFFAI28CA,大溪段,182.81,都市：住
RPPPMLOLOHJFFAI28CA,大溪段,182.81,都市：住
RPPPMLOLOHJFFAI28CA,溪東段,552.02,都市：住
RPPPMLOLOHJFFAI28CA,溪東段,552.02,都市：住
RPWNMLTLNHJFFAI76EA,港子坪段港坪小段,22.01,都市：住
RPTNMLLLOHJFFAI18CA,南門段四小段,99.00,都市：商
RPWNMLOKOHJFFAI68CA,湖子內段湖內小段,155.00,都市：住
RPUNMLTJOHJFFAI09EA,竹圍子段二小段,9.63,都市：住
RPPOMLRKOHJFFAI38CA,遠東段,14.93,都市：住
RPOOMLKLOHJFFAI67CA,北園段,66.00,都市：住
RPRNMLOKOHJFFAI18CA,竹圍子段二小段,4.08,都市：住
RPTOMLOKOHJFFAI48CA,東川段,5.66,都市：住
RPTNMLLMNHJFFAI18CA,車店段車店小段,139.00,都市：住
RPUNMLOKOHJFFAI48CA,新厝段,112.00,都市：農
RPTNMLTLNHJFFAI88CA,埤子頭段,62.00,都市：住
RPTNMLTLNHJFFAI88CA,埤子頭段,62.00,都市：住
RPPNMLRJOHJFFAI18CA,車店段車店小段,97.00,都市：住
RPPNMLTLNHJFFAI48CA,育人段,579.07,都市：農
RPUOMLOKOHJFFAI58CA,竹圍子段二小段,13.03,都市：住
RPOOMLOJOHJFFAI87CA,盧東段,13.22,都市：住
RPOOMLOJOHJFFAI87CA,盧東段,97.44,都市：住
RPOOMLOJOHJFFAI87CA,盧東段,.07,都市：農
RPSNMLKMNHJFFAI97CA,短竹段,5.48,都市：住
RPTOMLQJOHJFFAI58CA,北社尾段保安小段,4.76,都市：住
RPTOMLQJOHJFFAI58CA,北社尾段保安小段,6.18,都市：住
RPPOMLKLOHJFFAI77CA,湖內段,23.89,都市：住
RPVNMLTLNHJFFAI66EA,下路頭段,21.00,都市：住
RPRNMLKMNHJFFAI08EA,盧厝段,114.00,都市：住
RPRNMLKMNHJFFAI08EA,盧厝段,20.64,都市：住
RPPOMLKMNHJFFAI97EA,北社尾段,80.00,都市：住
RPTNMLOLOHJFFAI58DA,新厝段,57.43,都市：農
RPTNMLOLOHJFFAI58DA,新厝段,380.00,都市：農
RPRNMLQJOHJFFAI48EA,榮段三小段,79.00,都市：商
RPTOMLRKOHJFFAI78CA,下路頭段,18.73,都市：住
RPPNMLKMNHJFFAI87EA,興村段,32.90,都市：住
RPSOMLKLOHJFFAI08CA,榮段三小段,6.12,都市：住
RPSOMLKLOHJFFAI08CA,榮段三小段,27.33,都市：住
RPVNMLNJOHJFFAI48DA,竹圍子段,80.00,都市：住
RPWNMLKMNHJFFAI58EA,北社尾段,16.08,都市：住
RPQNMLNLOHJFFAI08CA,盧厝段,75.00,都市：住
RPVNMLOLOHJFFAI78DA,湖內段,19.19,都市：住
RPVNMLOLOHJFFAI78DA,湖內段,15.18,都市：住
RPVOMLQJOHJFFAI78CA,白川段,48.63,都市：住
RPSOMLPLOHJFFAI58CA,車店段車店小段,116.00,都市：住
RPVOMLOKOHJFFAI68CA,竹圍子段二小段,17.56,都市：住
RPWOMLOKOHJFFAI78CA,興村段,13.00,都市：住
RPSNMLOJOHJFFAI18CA,興村段,117.50,都市：住
RPXNMLOKOHJFFAI78CA,中山段七小段,3.19,都市：住
RPQOMLRKOHJFFAI48CA,遠東段,2620.00,都市：工
RPQOMLRKOHJFFAI48CA,遠東段,68.00,都市：其他
RPQOMLRKOHJFFAI48CA,遠東段,2759.00,都市：工
RPQOMLRKOHJFFAI48CA,遠東段,589.00,都市：工
RPQOMLRKOHJFFAI48CA,遠東段,44.00,都市：工
RPQOMLRKOHJFFAI48CA,遠東段,691.00,都市：工
RPQOMLRKOHJFFAI48CA,遠東段,1317.00,都市：工
RPQOMLRKOHJFFAI48CA,遠東段,1414.00,都市：工
RPQOMLRKOHJFFAI48CA,遠東段,130.00,都市：工
RPQOMLRKOHJFFAI48CA,遠東段,147.00,都市：工
RPQOMLRKOHJFFAI48CA,遠東段,234.00,都市：工
RPXNMLPLOHJFFAI98CA,盧厝段,44.00,都市：住
RPOOMLTLNHJFFAI48CA,蘭潭段,1261.16,都市：農
RPPOMLTLNHJFFAI58CA,蘭潭段,1547.84,都市：農
RPUNMLNJOHJFFAI28CA,遠東段,1153.00,都市：工
RPQNMLLMNHJFFAI87CA,竹圍子段二小段,8.12,都市：住
RPRNMLNJOHJFFAI97CA,北門段七小段,6.53,都市：住
RPRNMLLMNHJFFAI97CA,北門段七小段,5.58,都市：住
RPVPMLPJOHJFFAI78CA,西門段四小段,6.00,都市：商
RPVPMLPJOHJFFAI78CA,西門段四小段,1.00,都市：商
RPVPMLPJOHJFFAI78CA,西門段四小段,13.00,都市：商
RPVPMLPJOHJFFAI78CA,西門段四小段,103.00,都市：商
RPROMLRKOHJFFAI58CA,後庄段,90.00,都市：住
RPVNMLQKOHJFFAI78CA,遠東段,105.00,都市：住
RPQNMLPJOHJFFAI08CA,頂庄段,25.62,都市：住
RPUNMLQJOHJFFAI58CA,車店段,34.51,都市：住
RPUNMLQJOHJFFAI58CA,白川段,3.27,都市：住
RPOPMLPLOHJFFAI28CA,車店段車店小段,114.00,都市：住
RPRNMLTJOHJFFAI58CA,盧厝段,33.00,都市：其他
RPRNMLTJOHJFFAI58CA,盧厝段,39.67,都市：住
RPRNMLTJOHJFFAI58CA,盧厝段,200.00,都市：住
RPOOMLNJOHJFFAI77CA,台斗坑段,14.57,都市：住
RPQNMLRJOHJFFAI28CA,軍輝段,20.95,都市：住
RPPNMLOLOHJFFAI08CA,東門段七小段,98.00,都市：商
RPPNMLPLOHJFFAI18CA,同興段,15.03,都市：住
RPRNMLPJOHJFFAI38EA,同興段,5.32,都市：住
RPXNMLKMNHJFFAI68EA,短竹段,4.21,都市：住
RPRNMLLLOHJFFAI97CA,港子坪段港坪小段,10.85,都市：住
RPRNMLLLOHJFFAI97CA,港子坪段港坪小段,3.05,都市：住
RPSNMLOLOHJFFAI48DA,同興段,88.00,都市：住
RPWNMLOJOHJFFAI68DA,下路頭段,82.00,都市：住
RPWNMLOJOHJFFAI68DA,下路頭段,49.23,都市：住
RPTNMLKKOHJFFAI18EA,興村段,14.80,都市：商
RPSPMLPJOHJFFAI48CA,劉厝段,15.60,都市：住
RPSPMLPJOHJFFAI48CA,劉厝段,66.20,都市：住
RPSPMLPJOHJFFAI48CA,劉厝段,42.32,都市：住
RPSPMLPJOHJFFAI48CA,劉厝段,68.13,都市：住
RPTOMLTJOHJFFAI88CA,車店段車店小段,19.00,都市：住
RPRPMLPJOHJFFAI38CA,劉厝段,23.00,都市：住
RPPNMLNKOHJFFAI87CA,劉厝段劉厝小段,18.69,都市：商
RPPOMLNJOHJFFAI87CA,下路頭段,.43,都市：住
RPPNMLPKOHJFFAI08CA,竹圍子段三小段,31.15,都市：住
RPVNMLOKOHJFFAI58CA,車店段車店小段,13.95,都市：住
RPTNMLQJOHJFFAI48CA,劉厝段玉山小段,18.05,都市：住
RPTNMLQJOHJFFAI48CA,劉厝段玉山小段,86.84,都市：住
RPTNMLOJOHJFFAI28CA,下埤段,78.60,都市：住
RPRNMLOJOHJFFAI08CA,竹圍子段一小段,24.28,都市：住
RPWOMLLKOHJFFAI48CA,竹圍子段三小段,39.00,都市：住
RPWOMLLKOHJFFAI48CA,竹圍子段三小段,47.00,都市：住
RPXOMLPJOHJFFAI88CA,車店段車店小段,64.48,都市：住
RPRNMLRJOHJFFAI38CA,竹圍子段三小段,14.89,都市：住
RPSNMLKKOHJFFAI87CA,新富段八小段,43.13,都市：商
RPSNMLKKOHJFFAI87CA,末廣段一小段,1.30,都市：商
RPPOMLKKOHJFFAI67CA,檜段三小段,51.00,都市：住
RPUNMLOJOHJFFAI38CA,竹圍子段二小段,9.97,都市：住
RPQNMLSKOHJFFAI48CA,西門段四小段,4.04,都市：商
RPQNMLSKOHJFFAI48CA,西門段四小段,4.26,都市：商
RPQNMLSKOHJFFAI48CA,西門段四小段,2.00,都市：商
RPQOMLNJOHJFFAI97CA,下路頭段,1.37,都市：住
RPUNMLOLOHJFFAI68DA,盧厝段,15.04,都市：住
RPTOMLPLOHJFFAI68CA,下路頭段,24.28,都市：住
RPQOMLPJOHJFFAI28DA,中庄段,83.00,都市：住
RPRNMLOLOHJFFAI38DA,埤子頭段,28.60,都市：住
RPXNMLQLOHJFFAI09CA,台斗坑段,98.00,都市：住
RPXNMLQLOHJFFAI09CA,台斗坑段,.45,都市：住
RPXNMLQJOHJFFAI09EA,湖內段,18.62,都市：住
RPPOMLMKOHJFFAI08EA,西門段四小段,106.00,都市：商
RPOOMLOLOHJFFAI18DA,新富段一小段,101.00,都市：住
RPOOMLOLOHJFFAI18DA,新富段一小段,26.50,都市：住
RPSNMLMKOHJFFAI28EA,車店段,19.40,都市：住
RPSNMLMKOHJFFAI28EA,車店段,.65,都市：住
RPOOMLPJOHJFFAI08DA,劉厝段,97.00,都市：住
RPQOMLKLOHJFFAI87CA,榮段三小段,82.00,都市：住
RPPNMLTJOHJFFAI58EA,南門段五小段,11.17,都市：住
RPPNMLTJOHJFFAI58EA,南門段五小段,4.18,都市：住
RPPNMLTJOHJFFAI58EA,南門段五小段,.55,都市：住
SPOOMLQLOHJFFAI38CA,車店段,102.00,都市：住
RPQNMLQJOHJFFAI38EA,長竹段,25.35,都市：住
RPQNMLKKOHJFFAI67CA,盧厝段,42.00,都市：住
RPQNMLKKOHJFFAI67CA,長竹段,5.40,都市：住
RPPNMLQJOHJFFAI28EA,台斗坑段,26.32,都市：住
RPROMLKLOHJFFAI97CA,榮段三小段,30.00,都市：住
RPQNMLRKOHJFFAI38CA,太平段,13.75,都市：住
RPXOMLOKOHJFFAI88CA,元段六小段,1.28,都市：住
RPSOMLTJOHJFFAI78CA,車店段車店小段,113.00,都市：住
SPXOMLOKOHJFFAI98CA,元段六小段,1.28,都市：住
RPPNMLKKOHJFFAI57CA,盧厝段,42.00,都市：住
RPPNMLKKOHJFFAI57CA,盧厝段,109.00,都市：住
RPPNMLKKOHJFFAI57CA,盧厝段,106.00,都市：住
RPPNMLKKOHJFFAI57CA,長竹段,5.40,都市：住
RPUNMLLKOHJFFAI18CA,竹圍子段一小段,58.00,都市：住
RPQOMLKKOHJFFAI77CA,劉厝段,33.00,都市：住
RPQOMLLKOHJFFAI87CA,長竹段,69.00,都市：住
RPQOMLLKOHJFFAI87CA,長竹段,19.00,都市：住
RPROMLLKOHJFFAI97CA,竹圍子段,19.53,都市：住
RPOOMLLKOHJFFAI67CA,下路頭段,16.93,都市：住
RPWNMLLKOHJFFAI38CA,軍輝段,18.29,都市：住
RPPOMLTJOHJFFAI48CA,港子坪段,61.00,都市：工
RPQNMLPLOHJFFAI28CA,北社尾段保安小段,.30,都市：住
RPQNMLPLOHJFFAI28CA,北社尾段保安小段,4.50,都市：住
RPQNMLPLOHJFFAI28CA,北社尾段保安小段,3.36,都市：住
RPQNMLPLOHJFFAI28CA,北社尾段保安小段,.13,都市：住
RPQNMLPLOHJFFAI28CA,北社尾段保安小段,7.50,都市：住
RPQNMLPLOHJFFAI28CA,北社尾段保安小段,.27,都市：住
RPQNMLPLOHJFFAI28CA,北社尾段保安小段,82.00,都市：住
RPTOMLKKOHJFFAI08CA,竹圍子段,17.42,都市：住
RPUOMLTJOHJFFAI98CA,彌陀段,70.00,都市：住
RPXNMLOLOHJFFAI98DA,太平段,91.00,都市：住
RPXNMLOLOHJFFAI98DA,太平段,.40,都市：住
RPPNMLTLOHJFFAI58CA,車店段車店小段,71.00,都市：住
RPQNMLTJOHJFFAI68EA,玉川段,5.52,都市：住
RPQNMLQKOHJFFAI48EA,下路頭段,.01,都市：住
RPQNMLQKOHJFFAI48EA,下路頭段,52.55,都市：住
RPRNMLPLOHJFFAI38CA,短竹段,12.70,都市：住
RPWNMLMKOHJFFAI58DA,劉厝段劉厝小段,64.00,都市：住
RPTOMLLKOHJFFAI28DA,劉厝段劉厝小段,20.25,都市：住
RPWNMLSKOHJFFAI66EA,盧東段,20.80,都市：住
RPWNMLSKOHJFFAI66EA,盧東段,83.04,都市：住
RPQOMLTJOHJFFAI78EA,東川段,5.51,都市：住
RPVNMLTJOHJFFAI09DA,台斗坑段,24.64,都市：住
RPRNMLMKOHJFFAI97CA,蘭潭段,1002.00,都市：農
RPTOMLKLOHJFFAI18CA,興村段,11.90,都市：住
RPROMLTJOHJFFAI68CA,彌陀段,82.00,都市：住
RPTNMLMKOHJFFAI18CA,港子坪段港坪小段,104.00,都市：住
RPSOMLLKOHJFFAI08CA,盧厝段,8.15,都市：住
RPQNMLMKOHJFFAI87CA,北園段,379.00,都市：農
RPROMLMKOHJFFAI08CA,竹圍子段三小段,294.00,都市：住
RPPNMLOKOHJFFAI97CA,劉厝段劉厝小段,75.00,都市：住
RPRNMLLKOHJFFAI87CA,車店段,17.10,都市：住
RPRNMLLKOHJFFAI87CA,車店段,.57,都市：住
RPOOMLPLOHJFFAI18CA,西門段六小段,5.70,都市：商
RPOOMLPLOHJFFAI18CA,西門段六小段,9.77,都市：商
RPUNMLMKOHJFFAI28CA,竹圍子段,34.40,都市：住
RPPOMLRLOHJFFAI48CA,遠東段,78.66,都市：住
RPSNMLOKOHJFFAI28CA,港子坪段港坪小段,14.33,都市：住
RPSNMLOKOHJFFAI28CA,港子坪段港坪小段,4.03,都市：住
RPRNMLKLOHJFFAI87CA,盧厝段,16.11,都市：住
RPRNMLKLOHJFFAI87CA,盧厝段,.35,都市：住
RPQNMLLLOHJFFAI87CA,盧厝段,7.06,都市：住
RPRNMLKLOHJFFAI87CA,盧厝段,5.00,都市：住
RPRNMLKLOHJFFAI87CA,盧厝段,82.00,都市：住
RPTNMLNLOHJFFAI38CA,北園段,16.43,都市：住
RPVOMLPLOHJFFAI88CA,西門段八小段,9.71,都市：商
RPPNMLLLOHJFFAI77CA,港子坪段港坪小段,12.84,都市：住
RPPNMLLLOHJFFAI77CA,港子坪段港坪小段,3.61,都市：住
RPXOMLPLOHJFFAI09CA,遠東段,12.00,都市：住
RPXOMLPLOHJFFAI09CA,遠東段,89.00,都市：住
RPXOMLPLOHJFFAI09CA,遠東段,3.72,都市：住
RPWOMLPLOHJFFAI98CA,西門段一小段,23.00,都市：商
RPWOMLPLOHJFFAI98CA,西門段一小段,1.00,都市：商
RPPOMLMJPHJFFAI87CA,西門段四小段,1.68,都市：住
RPPOMLMJPHJFFAI87CA,西門段四小段,2.27,都市：住
RPPOMLMJPHJFFAI87CA,西門段四小段,.83,都市：住
RPQNMLLKOHJFFAI97EA,新厝段,31.00,都市：其他
RPXNMLLJPHJFFAI48CA,盧厝段,9.98,都市：住
RPSNMLTJPHJFFAI78CA,遠東段,102.00,都市：住
RPOOMLMKOHJFFAI97EA,竹圍子段,31.67,都市：住
RPUNMLKKOHJFFAI28EA,下路頭段,1.33,都市：住
RPPNMLQKOHJFFAI18CA,竹村段,1253.28,都市：農
RPPNMLQKOHJFFAI18CA,竹村段,27.88,都市：農
RPQPMLMJPHJFFAI08CA,下路頭段,88.00,都市：住
RPUNMLNKOHJFFAI38CA,軍輝段,67.00,都市：住
RPUNMLNKOHJFFAI38CA,軍輝段,8.51,都市：住
RPUNMLNKOHJFFAI38CA,軍輝段,5.01,都市：住
RPTOMLNJPHJFFAI58EA,下埤段,362.39,都市：住
RPRNMLTLOHJFFAI78CA,竹圍子段中興小段,168.00,都市：住
RPUOMLKLOHJFFAI28CA,短竹段,116.00,都市：住
RPUNMLQKOHJFFAI68CA,下路頭段,7.61,都市：住
RPQOMLQKOHJFFAI38CA,劉厝段玉山小段,3.43,都市：住
RPQOMLQKOHJFFAI38CA,劉厝段玉山小段,128.88,都市：住
RPUNMLKLOHJFFAI18CA,山下段,213.00,都市：住
RPTNMLQKOHJFFAI58CA,港子坪段,1.58,都市：住
RPTNMLQKOHJFFAI58CA,港子坪段港坪小段,15.64,都市：住
RPQPMLKMOHJFFAI08CA,竹圍子段中興小段,12.81,都市：住
RPTNMLNKOHJFFAI28CA,新富段二小段,21.73,都市：住
RPTNMLNKOHJFFAI28CA,新富段二小段,.07,都市：住
RPPNMLRKOHJFFAI48EA,竹圍子段,50.00,都市：住
RPPOMLRJPHJFFAI38CA,埤子頭段,70.00,都市：住
RPPOMLRJPHJFFAI38CA,埤子頭段,40.00,都市：住
RPPOMLRJPHJFFAI38CA,埤子頭段,46.67,都市：住
RPWNMLNKOHJFFAI58CA,埤子頭段,25.87,都市：住
RPTNMLOKOHJFFAI38CA,盧厝段,7.06,都市：住
RPPOMLKKPHJFFAI77CA,北社尾段保安小段,5.84,都市：住
RPPOMLKKPHJFFAI77CA,北社尾段保安小段,7.58,都市：住
RPQOMLNJPHJFFAI08CA,竹圍子段友愛小段,96.00,都市：住
RPQNMLNKOHJFFAI08DA,車店段車店小段,108.00,都市：住
RPQNMLNKOHJFFAI08DA,車店段車店小段,8.40,都市：住
RPTOMLOLOHJFFAI78EA,車店段車店小段,109.00,都市：住
RPTOMLOLOHJFFAI78EA,車店段車店小段,8.40,都市：住
RPSNMLNKOHJFFAI38EA,盧厝段,61.00,都市：住
RPSNMLLJPHJFFAI08DA,盧厝段,25.38,都市：住
RPTNMLKLOHJFFAI18DA,車店段,8.13,都市：住
RPSNMLKLOHJFFAI08DA,車店段,25.33,都市：住
RPSNMLKLOHJFFAI08DA,白川段,4.27,都市：住
RPQNMLPJPHJFFAI18CA,白川段,50.00,都市：住
RPPOMLLKPHJFFAI87CA,車店段車店小段,35.01,都市：住
RPXNMLKKPHJFFAI48CA,竹圍子段,82.00,都市：住
RPXNMLKKPHJFFAI48CA,竹圍子段,3.00,都市：住
RPXNMLKKPHJFFAI48CA,竹圍子段,1.00,都市：住
RPXNMLKKPHJFFAI48CA,竹圍子段,3.67,都市：住
RPTNMLMJPHJFFAI18CA,竹圍子段一小段,17.56,都市：住
RPROMLOLOHJFFAI58EA,車店段車店小段,108.00,都市：住
RPROMLOLOHJFFAI58EA,車店段車店小段,8.40,都市：住
RPTOMLKMOHJFFAI28CA,竹圍子段,2.00,都市：住
RPTOMLKMOHJFFAI28CA,竹圍子段,34.00,都市：其他
RPTOMLKMOHJFFAI28CA,竹圍子段,141.00,都市：住
RPRNMLQKOHJFFAI48DA,北社尾段保安小段,11.34,都市：住
RPRNMLRJPHJFFAI48CA,竹圍子段二小段,89.00,都市：商
RPXOMLKMOHJFFAI68CA,竹圍子段,8.20,都市：住
RPVNMLRKOHJFFAI88CA,下路頭段,43.91,都市：住
RPVNMLRKOHJFFAI88CA,下路頭段,63.00,都市：住
RPVNMLRKOHJFFAI88CA,下路頭段,1.73,都市：住
RPVNMLSKOHJFFAI98CA,下路頭段,7.07,都市：住
RPUNMLRKOHJFFAI78CA,下路頭段,43.91,都市：住
RPUNMLRKOHJFFAI78CA,下路頭段,63.00,都市：住
RPUNMLRKOHJFFAI78CA,下路頭段,1.73,都市：住
RPWNMLRLOHJFFAI09CA,竹圍子段,12.51,都市：住
RPOOMLRKOHJFFAI28CA,白川段,61.00,都市：住
RPOOMLRKOHJFFAI28CA,白川段,2.00,都市：住
RPOOMLRKOHJFFAI28CA,白川段,10.00,都市：住
RPPOMLOLOHJFFAI18CA,短竹段,3.49,都市：住
RPXNMLRKOHJFFAI09CA,下路頭段,43.91,都市：住
RPXNMLRKOHJFFAI09CA,下路頭段,66.00,都市：住
RPXNMLRKOHJFFAI09CA,下路頭段,1.73,都市：住
RPWNMLRKOHJFFAI98CA,下路頭段,43.91,都市：住
RPWNMLRKOHJFFAI98CA,下路頭段,1.73,都市：住
RPWNMLRKOHJFFAI98CA,下路頭段,118.00,都市：住
RPSNMLRKOHJFFAI58CA,東門段七小段,7.78,都市：商
RPPNMLKLOHJFFAI67CA,民族段二小段,7.32,都市：住
RPTNMLRKOHJFFAI68CA,下路頭段,102.00,都市：住
RPTNMLRKOHJFFAI68CA,下路頭段,102.00,都市：住
RPXNMLQKOHJFFAI98CA,盧厝段,21.72,都市：住
RPQNMLTKOHJFFAI58CA,短竹段,280.00,都市：住
RPRNMLNLOHJFFAI18CA,新富段六小段,20.81,都市：其他
RPRNMLNLOHJFFAI18CA,新富段六小段,19.83,都市：其他
RPSNMLLLOHJFFAI08CA,竹圍子段,12.04,都市：其他
RPPNMLSKOHJFFAI38CA,盧厝段,25.10,都市：住
RPOPMLKMOHJFFAI87CA,竹圍子段二小段,8.54,都市：住
RPPNMLQLOHJFFAI28CA,竹村段,1046.79,都市：其他
RPPNMLQLOHJFFAI28CA,竹村段,.02,都市：住
RPPNMLQLOHJFFAI28CA,竹村段,114.12,都市：其他
RPPNMLQLOHJFFAI28CA,竹村段,.51,都市：住
RPPNMLQLOHJFFAI28CA,竹村段,80.44,都市：其他
RPQOMLRJPHJFFAI48CA,竹圍子段三小段,31.15,都市：住
RPSNMLSKOHJFFAI68CA,盧厝段,16.12,都市：住
RPVNMLPLOHJFFAI78CA,盧東段,13.22,都市：住
RPVNMLPLOHJFFAI78CA,盧東段,97.44,都市：住
RPVNMLPLOHJFFAI78CA,盧東段,.07,都市：農
RPRNMLPJPHJFFAI28CA,盧厝段,23.82,都市：住
RPRNMLPJPHJFFAI28CA,盧厝段,7.82,都市：住
RPRNMLPJPHJFFAI28CA,盧厝段,6.59,都市：住
RPRNMLPJPHJFFAI28CA,盧厝段,80.00,都市：住
RPROMLRLOHJFFAI68CA,港子坪段,73.00,都市：住
RPROMLRLOHJFFAI68CA,港子坪段,21.70,都市：住
RPROMLRJPHJFFAI58CA,中庄段,95.00,都市：住
RPWNMLMJPHJFFAI48CA,白川段,48.00,都市：住
RPWNMLMJPHJFFAI48CA,白川段,54.00,都市：住
RPWNMLOLOHJFFAI88DA,下路頭段,4.89,都市：住
RPRNMLSKOHJFFAI78EA,北社尾段,15.67,都市：住
RPWNMLQLOHJFFAI98CA,後庄段,28.00,都市：住
RPWNMLQLOHJFFAI98CA,後庄段,16.00,都市：其他
RPWNMLQLOHJFFAI98CA,後庄段,11.00,都市：住
RPWNMLQLOHJFFAI98CA,後庄段,2.00,都市：其他
RPWNMLQLOHJFFAI98CA,後庄段,487.00,都市：住
RPXNMLRKOHJFFAI66EA,中庄段,42.64,都市：住
RPQNMLRLOHJFFAI68EA,竹圍子段,17.42,都市：住
RPUOMLOLOHJFFAI88EA,車店段車店小段,131.00,都市：住
RPUOMLOLOHJFFAI88EA,車店段車店小段,8.40,都市：住
RPSNMLKMOHJFFAI08CA,白川段,16.72,都市：住
RPPNMLTKOHJFFAI68EA,玉川段,5.16,都市：住
RPSOMLRLOHJFFAI78CA,車店段,34.51,都市：住
RPSOMLRLOHJFFAI78CA,白川段,3.27,都市：住
RPVOMLNJPHJFFAI58CA,東川段,69.50,都市：農
RPVOMLNJPHJFFAI58CA,東川段,20.85,都市：農
RPVOMLNJPHJFFAI58CA,東川段,20.85,都市：農
RPWOMLNJPHJFFAI68CA,東川段,1.00,都市：住
RPXNMLSKOHJFFAI56CA,下路頭段,7.61,都市：住
RPRPMLMJPHJFFAI18CA,竹村段,864.71,都市：其他
RPUPMLMJPHJFFAI48CA,短竹段,12.98,都市：住
RPSOMLLKPHJFFAI18CA,東川段,101.00,都市：農
RPUNMLPJPHJFFAI58CA,竹圍子段二小段,18.56,都市：住
RPOOMLRKPHJFFAI38CA,北門段七小段,5.58,都市：住
RPTNMLLKPHJFFAI18CA,下路頭段,98.00,都市：住
RPRNMLLKPHJFFAI97CA,埤子頭段,15.65,都市：住
RPTNMLTJPHJFFAI88CA,北社尾段保安小段,81.00,都市：住
RPTNMLTJPHJFFAI88CA,北社尾段保安小段,3.25,都市：住
RPTNMLTJPHJFFAI88CA,北社尾段保安小段,.30,都市：住
RPTNMLTJPHJFFAI88CA,北社尾段保安小段,.13,都市：住
RPTNMLTJPHJFFAI88CA,北社尾段保安小段,.27,都市：住
RPSOMLNJPHJFFAI28CA,太平段,118.00,都市：住
RPSOMLNJPHJFFAI28CA,太平段,32.00,都市：其他
RPVPMLMJPHJFFAI58CA,埤子頭段,34.00,都市：住
RPVPMLMJPHJFFAI58CA,埤子頭段,9.00,都市：其他
RPWNMLPJPHJFFAI78CA,劉厝段劉厝小段,11.69,都市：住
RPVOMLKMOHJFFAI48CA,玉川段,116.00,都市：住
RPVOMLKMOHJFFAI48CA,玉川段,6.75,都市：住
RPUOMLKMOHJFFAI38CA,竹圍子段三小段,222.00,都市：住
RPWNMLPLOHJFFAI88CA,盧東段,13.22,都市：住
RPWNMLPLOHJFFAI88CA,盧東段,158.62,都市：住
RPWNMLPLOHJFFAI88CA,盧東段,.07,都市：農
RPQNMLTKOHJFFAI78EA,北社尾段保安小段,21.90,都市：住
RPXNMLNLOHJFFAI78CA,港子坪段港坪小段,104.00,都市：住
RPOOMLNLOHJFFAI97CA,車店段車店小段,5.16,都市：住
RPWNMLNLOHJFFAI88EA,堀川段,26.00,都市：住
RPSNMLNLOHJFFAI48EA,下路頭段,28.00,都市：住
RPSNMLNLOHJFFAI48EA,下路頭段,92.00,都市：住
RPUNMLQLOHJFFAI98EA,車店段,26.58,都市：住
RPUNMLQLOHJFFAI98EA,白川段,52.41,都市：住
RPRNMLSLOHJFFAI68CA,車店段車店小段,1.55,都市：住
RPRNMLSLOHJFFAI68CA,車店段車店小段,4.08,都市：住
RPRNMLKMOHJFFAI08DA,北社尾段保安小段,9.45,都市：住
RPRNMLQLOHJFFAI48CA,埤子頭段,106.00,都市：住
RPTNMLKMOHJFFAI18CA,荖藤段,129.00,都市：住
RPTPMLMJPHJFFAI38CA,南門段四小段,78.00,都市：商
RPOOMLKMOHJFFAI87DA,北社尾段,14.24,都市：住
RPUNMLNLOHJFFAI68EA,後庄段,264.00,都市：住
RPPNMLRLOHJFFAI38CA,車店段車店小段,91.00,都市：住
RPPOMLRKPHJFFAI48CA,竹圍子段三小段,30.63,都市：住
RPQNMLOLOHJFFAI18CA,埤子頭段,14.56,都市：住
RPVNMLNLOHJFFAI78EA,竹圍子段,7.50,都市：住
RPOPMLMJPHJFFAI87CA,下路頭段,103.00,都市：住
RPQNMLQLOHJFFAI38CA,檜段四小段,112.00,都市：商
RPOOMLKKPHJFFAI67CA,車店段,22.83,都市：住
RPOOMLKKPHJFFAI67CA,車店段,1.39,都市：住
RPTOMLMJPHJFFAI28CA,港子坪段,15.18,都市：住
RPPPMLMJPHJFFAI97CA,堀川段,20.00,都市：住
RPPPMLMJPHJFFAI97CA,堀川段,30.50,都市：住
RPPPMLMJPHJFFAI97CA,堀川段,30.50,都市：住
RPQNMLSLOHJFFAI58CA,竹圍子段三小段,12.24,都市：住
RPVNMLLKPHJFFAI38CA,下路頭段,101.00,都市：住
RPSNMLPLOHJFFAI68EA,北門段二小段,67.00,都市：商
RPSOMLOLOHJFFAI68EA,車店段車店小段,109.00,都市：住
RPSOMLOLOHJFFAI68EA,車店段車店小段,8.40,都市：住
RPVOMLOLOHJFFAI98EA,北社尾段保安小段,90.00,都市：住
RPXOMLOLOHJFFAI56EA,下路頭段,7.00,都市：住
RPXOMLOLOHJFFAI56EA,下路頭段,79.00,都市：住
RPXOMLOLOHJFFAI56EA,下路頭段,5.00,都市：住
RPUNMLRKPHJFFAI09EA,竹圍子段,57.25,都市：住
RPUNMLRKPHJFFAI09EA,竹圍子段,14.25,都市：住
RPUNMLRKPHJFFAI09EA,竹圍子段,25.83,都市：住
RPUNMLRKPHJFFAI09EA,竹圍子段,14.75,都市：住
RPPNMLKMOHJFFAI97EA,台斗坑段,47.00,都市：住
RPPNMLKMOHJFFAI97EA,台斗坑段,1.00,都市：住
RPUNMLKKPHJFFAI18CA,堀川段,75.00,都市：住
RPUNMLKKPHJFFAI18CA,堀川段,29.00,都市：住
RPUNMLKKPHJFFAI18CA,堀川段,1.00,都市：住
RPSNMLRLOHJFFAI78DA,南門段五小段,29.52,都市：住
RPSNMLRLOHJFFAI78DA,南門段五小段,11.05,都市：住
RPSNMLRLOHJFFAI78DA,南門段五小段,1.44,都市：住
RPWNMLRJPHJFFAI56EA,劉厝段劉厝小段,64.00,都市：住
RPVOMLMJPHJFFAI68EA,元段六小段,1.89,都市：商
RPVNMLNJPHJFFAI68EA,湖內段,19.48,都市：住
RPTNMLSJPHJFFAI88DA,埤子頭段,80.00,都市：住
RPTNMLSJPHJFFAI88DA,埤子頭段,11.00,都市：住
RPTNMLSJPHJFFAI88DA,埤子頭段,61.00,都市：住
RPRNMLOLPHJFFAI38CA,竹圍子段二小段,12.88,都市：住
RPVNMLMJPHJFFAI38CA,港子坪段,52.00,都市：住
RPQOMLPLOHJFFAI38CA,興村段興村小段,90.06,都市：住
RPQOMLPLOHJFFAI38CA,興村段興村小段,15.02,都市：住
RPQOMLPLOHJFFAI38CA,興村段興村小段,.23,都市：住
RPQOMLPLOHJFFAI38CA,興村段興村小段,6.64,都市：住
RPQOMLPLOHJFFAI38CA,興村段,.59,都市：其他
RPTNMLQLOHJFFAI88EA,後庄段,122.00,都市：住
RPQNMLKKPHJFFAI77CA,後庄段,66.00,都市：住
RPXNMLPJPHJFFAI88CA,北社尾段,98.00,都市：住
RPQOMLSJPHJFFAI58CA,盧厝段,12.47,都市：住
RPVNMLQLOHJFFAI09EA,彌陀段,86.00,都市：住
RPSNMLQLOHJFFAI78EA,軍輝段,74.00,都市：住
RPPNMLLJPHJFFAI67CA,下路頭段,4.89,都市：住
RPXNMLKMOHJFFAI78EA,白川段,12.00,都市：商
RPPNMLPJPHJFFAI08CA,北社尾段,12.36,都市：住
RPOOMLRLOHJFFAI58EA,竹圍子段,201.00,都市：住
RPOOMLRLOHJFFAI58EA,竹圍子段,117.00,都市：住
RPOOMLRLOHJFFAI58EA,竹圍子段,5.00,都市：住
RPPOMLPJPHJFFAI18CA,埤子頭段,25.84,都市：住
RPPOMLPJPHJFFAI18CA,埤子頭段,5.92,都市：住
RPQNMLOJPHJFFAI28EA,短竹段,81.00,都市：住
RPRNMLRLOHJFFAI78EA,西門段八小段,116.86,都市：商
RPTNMLRLOHJFFAI98EA,興村段,2.26,都市：商
RPTNMLRLOHJFFAI98EA,興村段,13.64,都市：商
RPWNMLQKPHJFFAI56EA,鹿寮段,29.62,都市：其他
RPWNMLQKPHJFFAI56EA,鹿寮段,109.77,都市：農
RPWNMLQKPHJFFAI56EA,鹿寮段,1011.76,都市：農
RPWNMLQKPHJFFAI56EA,鹿寮段,1311.83,都市：農
RPWNMLQKPHJFFAI56EA,鹿寮段,256.95,都市：農
RPOOMLPJPHJFFAI08CA,下路頭段,113.00,都市：住
RPRNMLLJPHJFFAI97DA,下路頭段,32.00,都市：住
RPRNMLLJPHJFFAI97DA,下路頭段,56.00,都市：住
RPRNMLLJPHJFFAI97DA,下路頭段,12.00,都市：住
RPRNMLLJPHJFFAI97DA,下路頭段,37.00,都市：住
RPUNMLRLOHJFFAI09EA,車店段車店小段,113.00,都市：住
RPSOMLSJPHJFFAI78CA,湖內段,13.20,都市：住
RPQOMLOJPHJFFAI18CA,竹圍子段,6.00,都市：住
RPQOMLOJPHJFFAI18CA,竹圍子段,327.00,都市：住
RPVNMLPLPHJFFAI88CA,育人段,1009.84,都市：農
RPXNMLRLOHJFFAI56CA,竹圍子段三小段,55.00,都市：住
RPVNMLRLOHJFFAI98CA,竹圍子段三小段,55.00,都市：住
RPOOMLLLPHJFFAI08EA,山下段,8.80,都市：住
RPOOMLLLPHJFFAI08EA,山下段,43.00,都市：住
RPOOMLLLPHJFFAI08EA,山下段,44.00,都市：住
RPOOMLRLOHJFFAI38CA,彌陀段,2.00,都市：住
RPPNMLNJPHJFFAI87CA,下路頭段,46.67,都市：住
RPPNMLNJPHJFFAI87CA,下路頭段,23.33,都市：住
RPRPMLKMOHJFFAI18CA,彌陀段,24.26,都市：住
RPQOMLRLOHJFFAI58CA,彌陀段,22.00,都市：住
RPQOMLKMOHJFFAI97CA,港子坪段,93.00,都市：住
RPWNMLPLPHJFFAI98CA,育人段,949.99,都市：農
RPVNMLSKPHJFFAI09CA,下路頭段,43.91,都市：住
RPVNMLSKPHJFFAI09CA,下路頭段,65.00,都市：住
RPVNMLSKPHJFFAI09CA,下路頭段,1.73,都市：住
RPUNMLSKPHJFFAI98CA,下路頭段,43.91,都市：住
RPUNMLSKPHJFFAI98CA,下路頭段,66.00,都市：住
RPUNMLSKPHJFFAI98CA,下路頭段,1.73,都市：住
RPWNMLSKPHJFFAI56CA,下路頭段,43.91,都市：住
RPWNMLSKPHJFFAI56CA,下路頭段,66.00,都市：住
RPWNMLSKPHJFFAI56CA,下路頭段,1.73,都市：住
RPXNMLMKPHJFFAI68CA,下路頭段,70.00,都市：住
RPXNMLMKPHJFFAI68CA,下路頭段,6.00,都市：其他
RPQNMLNKPHJFFAI08CA,白川段,74.00,都市：住
RPQNMLRLOHJFFAI48CA,西門段三小段,67.00,都市：商
RPQNMLRLOHJFFAI48CA,西門段三小段,17.50,都市：商
RPQNMLRLOHJFFAI48CA,西門段三小段,53.00,都市：商
RPRNMLNKPHJFFAI18CA,盧東段,22.77,都市：住
RPRNMLNKPHJFFAI18CA,盧東段,51.24,都市：住
RPROMLOKPHJFFAI38CA,竹圍子段,52.00,都市：住
RPQOMLKKPHJFFAI87CA,興村段興村小段,142.50,都市：住
RPQOMLKKPHJFFAI87CA,興村段興村小段,7.50,都市：住
RPUOMLOJPHJFFAI58CA,埤子頭段,105.00,都市：住
RPXOMLMJPHJFFAI68CA,湖內段,23.32,都市：商
RPSNMLPLPHJFFAI58CA,車店段車店小段,57.00,都市：住
RPUOMLNJPHJFFAI48CA,下路頭段,103.00,都市：住
RPPPMLKMOHJFFAI97CA,下路頭段,46.00,都市：住
RPPPMLKMOHJFFAI97CA,下路頭段,49.00,都市：住
RPPPMLKMOHJFFAI97CA,下路頭段,6.00,都市：住
RPPPMLKMOHJFFAI97CA,下路頭段,6.00,都市：住
RPPPMLKMOHJFFAI97CA,下路頭段,6.00,都市：住
RPRNMLNJPHJFFAI28EA,埤子頭段,9.00,都市：住
RPUNMLOJPHJFFAI58DA,育人段,573.81,都市：農
RPUNMLOJPHJFFAI58DA,育人段,525.71,都市：農
RPUNMLOJPHJFFAI58DA,育人段,185.48,都市：農
RPVNMLSJPHJFFAI09DA,竹村段,806.03,都市：工
RPOOMLMJPHJFFAI77CA,劉厝段,20.43,都市：住
RPOOMLMJPHJFFAI77CA,劉厝段,88.00,都市：住
RPSOMLKMOHJFFAI18CA,西門段八小段,21.53,都市：商
RPPNMLTJPHJFFAI68EA,堀川段,19.66,都市：住
RPWNMLSJPHJFFAI56DA,竹村段,804.26,都市：工
RPWNMLSJPHJFFAI56DA,竹村段,70.99,都市：農
RPWNMLSJPHJFFAI56DA,竹村段,.02,都市：工
RPOOMLSJPHJFFAI38CA,竹圍子段友愛小段,90.00,都市：住
RPOOMLSJPHJFFAI38CA,竹圍子段友愛小段,89.00,都市：住
RPVNMLLJPHJFFAI48EA,西門段二小段,21.04,都市：商
RPSNMLMJPHJFFAI28EA,北門段五小段,79.00,都市：商
RPSNMLKKPHJFFAI97CA,車店段車店小段,6.24,都市：住
RPQOMLMJPHJFFAI97CA,竹圍子段二小段,23.83,都市：住
RPWNMLLJPHJFFAI38CA,盧厝段,72.00,都市：住
RPTOMLOJPHJFFAI48CA,埤子頭段,105.00,都市：住
RPOOMLLJPHJFFAI67CA,盧厝段,16.00,都市：住
RPUNMLTJPHJFFAI98CA,太平段,15.28,都市：住
RPUNMLMJPHJFFAI28CA,下路頭段,122.00,都市：住
RPPNMLOJPHJFFAI97CA,白川段,32.00,都市：住
RPPNMLOJPHJFFAI97CA,白川段,55.00,都市：住
RPROMLMJPHJFFAI08CA,白川段,37.01,都市：住
RPROMLKMOHJFFAI08CA,東門段七小段,42.00,都市：住
RPWPMLMJPHJFFAI68CA,大溪段,25.29,都市：住
RPWPMLMJPHJFFAI68CA,大溪段,116.35,都市：住
RPWNMLKMOHJFFAI48CA,北湖段,3010.00,都市：農
RPSNMLNJPHJFFAI18CA,彌陀段,21.22,都市：住
RPXPMLMJPHJFFAI78CA,大溪段,25.29,都市：住
RPXPMLMJPHJFFAI78CA,大溪段,108.11,都市：住
RPSNMLOLPHJFFAI48CA,東門段七小段,84.00,都市：住
RPPNMLNLPHJFFAI08CA,車店段車店小段,25.46,都市：住
RPTNMLNJPHJFFAI28CA,彌陀段,91.00,都市：住
RPUOMLLLPHJFFAI48CA,白川段,34.15,都市：住
RPOOMLMKPHJFFAI87CA,車店段,115.00,都市：住
RPXOMLMLPHJFFAI88CA,玉川段,32.00,都市：住
RPWNMLKKPHJFFAI38CA,北社尾段,83.00,都市：住
RPQOMLMKPHJFFAI08CA,白川段,52.00,都市：住
RPSNMLLKPHJFFAI08CA,下路頭段,101.00,都市：住
RPVNMLRJPHJFFAI88CA,末廣段三小段,73.00,都市：商
RPSNMLPJPHJFFAI38CA,荖藤段,309.00,都市：農
RPSNMLPJPHJFFAI38CA,荖藤段,40.00,都市：其他
RPPOMLMKPHJFFAI97CA,下路頭段,9.24,都市：住
RPSNMLRJPHJFFAI78EA,同興段,71.00,都市：工
RPSNMLRJPHJFFAI78EA,同興段,20.00,都市：工
RPPOMLLLPHJFFAI18EA,新富段七小段,5.89,都市：住
RPVNMLTJPHJFFAI09CA,盧厝段,1157.00,都市：農
RPUNMLNJPHJFFAI58EA,中庄段,65.00,都市：住
RPXNMLNJPHJFFAI88EA,下路頭段,87.00,都市：住
RPPNMLKKPHJFFAI67CA,竹圍子段二小段,28.77,都市：住
RPROMLOLPHJFFAI68EA,荖藤段,76.00,都市：住
RPPOMLSJPHJFFAI48CA,元段二小段,1.96,都市：住
RPPOMLSJPHJFFAI48CA,元段二小段,.52,都市：住
RPPOMLSJPHJFFAI48CA,元段二小段,.96,都市：住
RPPOMLSJPHJFFAI48CA,元段二小段,1.82,都市：住
RPWNMLOJPHJFFAI68CA,興村段,16.80,都市：住
RPSOMLLLPHJFFAI28CA,白川段,72.00,都市：住
RPPOMLOJPHJFFAI08CA,盧厝段,22.54,都市：住
RPTNMLPJPHJFFAI48CA,東川段,120.00,都市：住
RPUNMLLKPHJFFAI28CA,埤子頭段,5.10,都市：住
RPWNMLLKPHJFFAI48CA,盧厝段,23.89,都市：住
RPWNMLLKPHJFFAI48CA,盧厝段,.01,都市：住
RPSNMLNKPHJFFAI28CA,埤子頭段,73.00,都市：住
RPSNMLNKPHJFFAI28CA,埤子頭段,25.50,都市：住
RPSNMLQKPHJFFAI58CA,盧厝段,11.74,都市：住
RPTNMLNKPHJFFAI38CA,北社尾段保安小段,2.71,都市：住
RPUNMLOKPHJFFAI58CA,盧東段,453.89,都市：農
RPUNMLOKPHJFFAI58CA,盧東段,104.97,都市：農
RPSNMLSLPHJFFAI88CA,港子坪段港坪小段,114.00,都市：住
RPSNMLRJPHJFFAI58CA,檜段四小段,4.13,都市：商
RPTNMLLMPHJFFAI58EA,北門段七小段,50.19,都市：商
RPTNMLLMPHJFFAI58EA,北門段七小段,65.35,都市：商
RPTNMLLMPHJFFAI58EA,北門段七小段,20.66,都市：商
RPPNMLQJPHJFFAI18CA,頭港段,85.95,都市：住
RPUNMLNKPHJFFAI48CA,遠東段,86.00,都市：住
RPSOMLOJPHJFFAI48DA,東門段四小段,4.68,都市：住
RPSOMLOJPHJFFAI48DA,東門段四小段,7.91,都市：住
RPROMLLLPHJFFAI38EA,荖藤段,1490.36,都市：住
RPTOMLSJPHJFFAI88CA,頂庄段,22.00,都市：住
RPQNMLRJPHJFFAI58EA,檜段七小段,5.81,都市：商
RPTOMLPJPHJFFAI58CA,下路頭段,85.00,都市：住
RPTOMLPJPHJFFAI58CA,下路頭段,.44,都市：住
RPTOMLPJPHJFFAI58CA,下路頭段,.31,都市：住
RPTOMLPJPHJFFAI58CA,下路頭段,17.38,都市：住
RPWNMLNJPHJFFAI78EA,東川段,41.83,都市：住
RPWNMLNJPHJFFAI78EA,東川段,112.00,都市：住
RPWNMLNJPHJFFAI78EA,東川段,1.00,都市：住
RPTNMLMKPHJFFAI28CA,車店段車店小段,16.76,都市：住
RPTNMLTKPHJFFAI98CA,北社尾段保安小段,12.94,都市：住
RPUNMLSLPHJFFAI09CA,遠東段,7.46,都市：住
RPXNMLNLPHJFFAI88CA,埤子頭段,79.00,都市：住
RPUOMLOKPHJFFAI68CA,盧東段,25.76,都市：農
RPUOMLOKPHJFFAI68CA,盧東段,85.76,都市：農
RPWOMLOLPHJFFAI56EA,車店段車店小段,35.01,都市：住
RPUOMLSJPHJFFAI98CA,下路頭段,81.00,都市：住
RPUOMLSJPHJFFAI98CA,下路頭段,36.31,都市：住
RPWNMLQJQHJFFAI98CA,北社尾段保安小段,4.76,都市：住
RPWNMLQJQHJFFAI98CA,北社尾段保安小段,6.18,都市：住
RPXNMLQJQHJFFAI09CA,同興段,20.50,都市：住
RPPOMLOKPHJFFAI18CA,車店段車店小段,95.00,都市：住
RPPNMLOJQHJFFAI08CA,下路頭段,110.00,都市：住
RPPNMLOJQHJFFAI08CA,下路頭段,102.00,都市：住
RPTNMLPKPHJFFAI78EA,新富段八小段,3.36,都市：商
RPTNMLPKPHJFFAI78EA,末廣段一小段,.10,都市：商
RPOOMLQJQHJFFAI28CA,下路頭段,53.00,都市：住
RPOOMLQJQHJFFAI28CA,下路頭段,3.00,都市：住
RPPNMLLKPHJFFAI97EA,下路頭段,22.00,都市：住
RPPNMLLKPHJFFAI97EA,下路頭段,54.00,都市：住
RPRNMLSJPHJFFAI78EA,竹圍子段二小段,130.00,都市：住
SPOOMLQJQHJFFAI38CA,下路頭段,53.00,都市：住
SPOOMLQJQHJFFAI38CA,下路頭段,3.00,都市：住
RPXNMLSJPHJFFAI66DA,西門段四小段,36.00,都市：商
RPRNMLQKPHJFFAI58DA,車店段,26.80,都市：住
RPRNMLQKPHJFFAI58DA,車店段,1.63,都市：住
RPVNMLMKPHJFFAI48CA,竹圍子段,9.33,都市：住
RPPNMLOKPHJFFAI08CA,埤子頭段,51.00,都市：住
RPPNMLOKPHJFFAI08CA,埤子頭段,29.00,都市：住
RPSNMLTKPHJFFAI88CA,元段七小段,22.00,都市：商
RPTNMLKKPHJFFAI08CA,遠東段,102.00,都市：住
RPQNMLLKPHJFFAI87CA,新富段七小段,2.25,都市：商
RPQNMLNLPHJFFAI18CA,下路頭段,36.36,都市：住
RPQNMLNLPHJFFAI18CA,下路頭段,.35,都市：住
RPROMLSJPHJFFAI68CA,短竹段,7.74,都市：住
RPUOMLPLPHJFFAI88CA,太平段,13.67,都市：住
RPPNMLRKPHJFFAI38CA,湖子內段湖內小段,17.70,都市：住
RPPNMLRKPHJFFAI38CA,湖子內段湖內小段,30.97,都市：住
RPPNMLRKPHJFFAI38CA,湖子內段湖內小段,30.97,都市：住
RPPNMLRKPHJFFAI38CA,湖子內段湖內小段,44.25,都市：住
RPPNMLMKPHJFFAI87CA,盧厝段,70.00,都市：住
RPROMLLJQHJFFAI08CA,長竹段,25.96,都市：住
RPSNMLMKPHJFFAI18CA,北門段七小段,5.58,都市：住
RPXNMLLKPHJFFAI78EA,短竹段,7.74,都市：住
RPQNMLMKPHJFFAI97CA,中山段四小段,65.10,都市：住
RPQNMLMKPHJFFAI97CA,中山段四小段,2.94,都市：住
RPQNMLMKPHJFFAI97CA,中山段四小段,.84,都市：住
RPVNMLQKPHJFFAI98DA,竹圍子段一小段,22.39,都市：住
RPPNMLQKPHJFFAI48EA,下路頭段,42.94,都市：住
RPOOMLLKPHJFFAI97EA,遠東段,82.00,都市：住
RPOOMLLKPHJFFAI97EA,遠東段,18.29,都市：住
RPPNMLLJQHJFFAI97EA,長竹段,67.00,都市：住
RPQOMLLKPHJFFAI18EA,竹圍子段二小段,12.18,都市：商
RPWNMLTLPHJFFAI76CA,湖內段,70.00,都市：住
RPVOMLMJQHJFFAI58CA,下路頭段,75.00,都市：住
RPQNMLOJQHJFFAI18CA,下路頭段,119.00,都市：住
RPTNMLOJQHJFFAI48CA,下路頭段,87.00,都市：住
RPSNMLOJQHJFFAI38CA,下路頭段,103.00,都市：住
RPRNMLOJQHJFFAI28CA,下路頭段,102.00,都市：住
RPUNMLMKPHJFFAI38CA,車店段車店小段,93.00,都市：住
RPUNMLOJQHJFFAI58CA,下路頭段,85.00,都市：住
RPUNMLTKPHJFFAI09CA,竹圍子段二小段,26.00,都市：住
RPRNMLMKPHJFFAI08CA,末廣段五小段,63.00,都市：住
RPPNMLNKPHJFFAI97CA,北園段,74.15,都市：住
RPPNMLNKPHJFFAI97CA,北園段,124.00,都市：住
RPPNMLNKPHJFFAI97CA,北園段,.27,都市：其他
RPQNMLRJQHJFFAI48CA,盧厝段,8.88,都市：住
RPWNMLNLPHJFFAI78CA,中山段二小段,16.60,都市：住
RPWNMLNLPHJFFAI78CA,中山段二小段,24.40,都市：住
RPQNMLPKPHJFFAI28CA,竹圍子段三小段,33.66,都市：住
RPROMLLKPHJFFAI08CA,埤子頭段,62.00,都市：住
RPVNMLTKPHJFFAI56CA,彌陀段,21.58,都市：住
RPWNMLSLPHJFFAI66CA,下路頭段,.01,都市：住
RPWNMLSLPHJFFAI66CA,下路頭段,52.55,都市：住
RPVNMLPKPHJFFAI78CA,白川段,33.13,都市：其他
RPVNMLPKPHJFFAI78CA,白川段,85.25,都市：其他
RPVNMLPKPHJFFAI78CA,下路頭段,89.38,都市：其他
RPPNMLKLPHJFFAI77CA,新富段七小段,2.67,都市：住
RPQOMLOKPHJFFAI28CA,下路頭段,58.00,都市：住
RPQNMLTKPHJFFAI68CA,車店段車店小段,81.00,都市：住
RPVNMLSLPHJFFAI56CA,下路頭段,10.03,都市：住
RPVNMLSLPHJFFAI56CA,下路頭段,10.03,都市：住
RPROMLOLPHJFFAI48CA,中庄段,38.38,都市：住
RPROMLOLPHJFFAI48CA,中庄段,59.00,都市：住
RPQOMLLJQHJFFAI97CA,下路頭段,11.17,都市：住
RPQOMLLJQHJFFAI97CA,下路頭段,11.17,都市：住
RPSNMLLLPHJFFAI38EA,崎頂段,1871.50,都市：農
RPSNMLLLPHJFFAI38EA,崎頂段,263.50,都市：農
RPROMLQKPHJFFAI78EA,港子坪段港坪小段,24.00,都市：住
RPROMLQKPHJFFAI78EA,港子坪段港坪小段,24.00,都市：住
RPTOMLQKPHJFFAI98EA,遠東段,15.86,都市：住
RPSOMLRJQHJFFAI78CA,盧東段,464.50,都市：住
RPSOMLRJQHJFFAI78CA,盧東段,1082.00,都市：農
RPOOMLOKPHJFFAI28EA,台斗坑段,51.00,都市：住
RPRNMLPKPHJFFAI38CA,車店段,8.18,都市：住
RPRNMLPKPHJFFAI38CA,白川段,16.13,都市：住
RPQOMLQKPHJFFAI68EA,榮段四小段,54.00,都市：住
RPSNMLRKPHJFFAI68CA,玉川段,12.00,都市：住
RPUNMLPKPHJFFAI88EA,盧東段,79.05,都市：住
RPUNMLPKPHJFFAI88EA,盧東段,3.33,都市：住
RPUNMLPKPHJFFAI88EA,盧東段,1.43,都市：住
RPUNMLPKPHJFFAI88EA,盧東段,5.00,都市：住
RPQNMLSJQHJFFAI78EA,北社尾段,208.00,都市：住
RPSNMLPKPHJFFAI58DA,車店段車店小段,29.60,都市：住
RPRNMLRJQHJFFAI58CA,遠東段,87.00,都市：住
RPWNMLPKPHJFFAI88CA,新富段五小段,70.00,都市：住
RPROMLMLPHJFFAI28CA,北社尾段保安小段,77.00,都市：住
RPROMLPLPHJFFAI58CA,下路頭段,101.00,都市：住
RPVOMLMLPHJFFAI68CA,下路頭段,84.00,都市：住
RPVOMLMLPHJFFAI68CA,下路頭段,17.44,都市：住
RPPOMLPLPHJFFAI38CA,下路頭段,101.00,都市：住
RPPNMLPKPHJFFAI18CA,下路頭段,76.00,都市：住
RPPNMLPKPHJFFAI18CA,下路頭段,27.41,都市：住
RPVOMLOLPHJFFAI88CA,竹圍子段,39.00,都市：住
RPVOMLOLPHJFFAI88CA,竹圍子段,5.00,都市：其他
RPVOMLOLPHJFFAI88CA,竹圍子段,1.00,都市：其他
RPQOMLMLPHJFFAI18CA,北社尾段保安小段,80.00,都市：住
RPPNMLQLPHJFFAI38CA,北社尾段保安小段,6.44,都市：住
RPVNMLNLPHJFFAI68CA,白川段,29.00,都市：住
RPWNMLTKPHJFFAI66CA,車店段車店小段,98.00,都市：住
RPQNMLSLPHJFFAI68CA,竹村段,523.40,都市：其他
RPQNMLSLPHJFFAI68CA,竹村段,.01,都市：住
RPQNMLSLPHJFFAI68CA,竹村段,57.06,都市：其他
RPQNMLSLPHJFFAI68CA,竹村段,.26,都市：住
RPQNMLSLPHJFFAI68CA,竹村段,40.22,都市：其他
RPPNMLMJQHJFFAI87CA,下路頭段,1.00,都市：住
RPPNMLMJQHJFFAI87CA,下路頭段,24.00,都市：住
RPPNMLMJQHJFFAI87CA,下路頭段,61.00,都市：住
RPRNMLTKPHJFFAI78CA,車店段,34.51,都市：住
RPRNMLTKPHJFFAI78CA,白川段,3.27,都市：住
RPWOMLQKPHJFFAI09CA,劉厝段劉厝小段,10.09,都市：住
RPWOMLQKPHJFFAI09CA,劉厝段劉厝小段,.38,都市：住
RPWOMLQKPHJFFAI09CA,劉厝段劉厝小段,3.16,都市：住
RPQNMLMJQHJFFAI97CA,育人段,87.16,都市：住
RPVNMLRKPHJFFAI98CA,北社尾段保安小段,40.00,都市：住
RPVNMLRKPHJFFAI98CA,北社尾段保安小段,18.00,都市：住
RPVNMLRKPHJFFAI98CA,北社尾段保安小段,16.62,都市：住
RPRNMLSKPHJFFAI68CA,竹圍子段三小段,48.60,都市：住
RPRNMLSJQHJFFAI68CA,育人段,82.58,都市：農
RPPOMLQKPHJFFAI38CA,北社尾段保安小段,92.00,都市：住
RPOOMLQKPHJFFAI28CA,北社尾段保安小段,93.00,都市：住
RPTNMLQKPHJFFAI68CA,白川段,36.76,都市：住
RPPNMLTKPHJFFAI58CA,北門段七小段,8.75,都市：住
RPXNMLQKPHJFFAI09CA,崎頂段,290.63,都市：農
RPUNMLLKQHJFFAI58EA,短竹段,13.93,都市：住
RPSNMLRJQHJFFAI68CA,北園段,87.00,都市：住
RPSNMLRJQHJFFAI68CA,北園段,23.28,都市：住
RPRNMLRKPHJFFAI78EA,埤子頭段,9.00,都市：住
RPSNMLSKPHJFFAI78CA,下路頭段,43.91,都市：住
RPSNMLSKPHJFFAI78CA,下路頭段,64.00,都市：住
RPSNMLSKPHJFFAI78CA,下路頭段,1.73,都市：住
RPSOMLQKPHJFFAI88EA,車店段,9.14,都市：住
RPQNMLRKPHJFFAI68EA,白川段,82.50,都市：住
RPTNMLTJQHJFFAI98CA,軍輝段,26.09,都市：住
RPXNMLRKPHJFFAI56CA,堀川段,78.00,都市：住
RPUOMLQKPHJFFAI88CA,埤子頭段,97.00,都市：住
RPQNMLMLPHJFFAI08CA,湖內段,77.00,都市：其他
RPRNMLLMPHJFFAI18CA,新厝段,1079.00,都市：工
RPRNMLLMPHJFFAI18CA,新厝段,15.00,都市：工
RPPOMLQKPHJFFAI58EA,竹圍子段二小段,94.00,都市：住
RPQOMLPLPHJFFAI48CA,荖藤段,76.00,都市：住
RPRNMLNLPHJFFAI28CA,台斗坑段,11.32,都市：住
RPWOMLMLPHJFFAI78CA,竹圍子段友愛小段,7.00,都市：住
RPQOMLMKQHJFFAI18CA,竹圍子段三小段,202.00,都市：住
RPPOMLMJQHJFFAI97CA,育人段,342.91,都市：住
RPOOMLPLPHJFFAI28CA,後庄段,90.00,都市：住
RPTOMLLLPHJFFAI38CA,西門段三小段,157.00,都市：商
RPPNMLSLPHJFFAI58CA,同興段,20.50,都市：住
RPUNMLMLPHJFFAI48CA,下路頭段,22.40,都市：住
RPQNMLLLPHJFFAI08DA,下路頭段,30.00,都市：住
RPTNMLLLPHJFFAI28CA,中山段二小段,26.40,都市：住
RPTNMLLKQHJFFAI28CA,車店段,70.00,都市：住
RPPNMLLLPHJFFAI08EA,中山段三小段,12.12,都市：住
RPPNMLLLPHJFFAI08EA,中山段三小段,20.16,都市：住
RPPNMLLLPHJFFAI08EA,中山段三小段,.40,都市：住
RPTOMLOLPHJFFAI88EA,埤子頭段,14.00,都市：住
RPTOMLOLPHJFFAI88EA,埤子頭段,9.00,都市：住
RPPNMLMLPHJFFAI18EA,盧厝段,25.34,都市：住
RPSOMLOLPHJFFAI78EA,埤子頭段,9.00,都市：住
RPOOMLRJQHJFFAI38CA,長竹段,23.81,都市：住
RPSNMLMLPHJFFAI48EA,頂庄段,109.00,都市：住
RPWNMLSJQHJFFAI56CA,劉厝段劉厝小段,72.00,都市：住
RPTNMLLLPHJFFAI48EA,盧厝段,120.00,都市：住
RPWNMLLKQHJFFAI78EA,興村段,17.01,都市：住
RPTNMLMLPHJFFAI58EA,頂庄段,112.00,都市：住
RPSOMLOJQHJFFAI68EA,新厝段,1841.00,都市：農
RPSOMLOJQHJFFAI68EA,新厝段,2635.00,都市：農
RPSNMLOKQHJFFAI48CA,湖子內段湖內小段,184.00,都市：住
RPVNMLLLPHJFFAI48CA,北社尾段,12.32,都市：住
RPRNMLMLPHJFFAI38EA,檜段五小段,77.00,都市：住
RPUOMLMLPHJFFAI58CA,埤子頭段,613.00,都市：住
RPSOMLMLPHJFFAI38CA,盧厝段,64.00,都市：住
RPSOMLMLPHJFFAI38CA,盧厝段,2.00,都市：住
RPSOMLMLPHJFFAI38CA,盧厝段,64.00,都市：住
RPSOMLMLPHJFFAI38CA,盧厝段,2.00,都市：住
RPTOMLMLPHJFFAI48CA,北社尾段,15.00,都市：其他
RPQNMLQLPHJFFAI48CA,北社尾段保安小段,73.00,都市：住
RPRNMLMJQHJFFAI08CA,檜段一小段,58.00,都市：住
RPPNMLOLPHJFFAI18CA,北社尾段保安小段,56.00,都市：住
RPRNMLLJQHJFFAI97CA,劉厝段,110.00,都市：住
RPTOMLPLPHJFFAI78CA,短竹段,10.74,都市：商
RPQNMLOLPHJFFAI28CA,盧厝段,21.93,都市：住
RPTNMLOKQHJFFAI58CA,盧厝段,179.00,都市：住
RPUOMLMKQHJFFAI78EA,興村段,2.29,都市：商
RPUOMLMKQHJFFAI78EA,興村段,13.83,都市：商
RPPOMLLMPHJFFAI08CA,盧厝段,9.23,都市：住
RPTNMLMKQHJFFAI48DA,台斗坑段,132.00,都市：住
RPTNMLMKQHJFFAI48DA,台斗坑段,32.00,都市：住
RPRNMLOKQHJFFAI38CA,竹圍子段,24.21,都市：住
RPSNMLQJQHJFFAI58CA,竹圍子段,19.53,都市：住
RPWNMLMLPHJFFAI88EA,竹圍子段,100.00,都市：住
RPOOMLMLPHJFFAI18EA,北社尾段保安小段,86.00,都市：住
RPPOMLMLPHJFFAI28EA,港子坪段港坪小段,40.00,都市：住
RPPOMLMLPHJFFAI28EA,港子坪段港坪小段,67.50,都市：住
RPSOMLMJQHJFFAI28CA,港子坪段港坪小段,12.74,都市：住
RPSOMLMJQHJFFAI28CA,港子坪段港坪小段,3.58,都市：住
RPVNMLMLPHJFFAI78EA,長竹段,96.00,都市：住
RPSNMLPLPHJFFAI78EA,彌陀段,6.33,都市：住
RPXNMLOLPHJFFAI56EA,竹圍子段二小段,15.33,都市：住
RPPNMLTLPHJFFAI88EA,湖內段,19.94,都市：住
RPUOMLOLPHJFFAI88DA,車店段,15.60,都市：住
RPUOMLOLPHJFFAI88DA,車店段,.52,都市：住
RPPOMLSJQHJFFAI58CA,下路頭段,85.00,都市：住
RPVNMLQJQHJFFAI88CA,湖內段,4.44,都市：商
RPUNMLQJQHJFFAI78CA,榮段三小段,15.71,都市：商
RPQOMLSJQHJFFAI68CA,下路頭段,119.00,都市：住
RPUNMLLMPHJFFAI58DA,長竹段,4.40,都市：住
RPROMLSKQHJFFAI88CA,竹圍子段二小段,14.96,都市：住
RPPNMLPLPHJFFAI28CA,劉厝段玉山小段,216.75,都市：住
RPTNMLMJQHJFFAI28CA,下路頭段,72.00,都市：住
RPWOMLOLPHJFFAI98CA,埤子頭段,18.20,都市：住
RPOPMLQKQHJFFAI48CA,東川段,119.00,都市：住
RPPPMLQKQHJFFAI58CA,中庄段,92.00,都市：住
RPOOMLOLPHJFFAI18CA,竹圍子段二小段,87.00,都市：住
RPQNMLLMPHJFFAI08CA,白川段,95.00,都市：住
RPQNMLLMPHJFFAI08CA,白川段,62.00,都市：住
RPQNMLLMPHJFFAI08CA,白川段,3.00,都市：住
RPQNMLLMPHJFFAI08CA,白川段,3.00,都市：住
RPSNMLMJQHJFFAI18CA,短竹段,17.55,都市：住
RPVOMLPLPHJFFAI98CA,短竹段,4.88,都市：住
RPUNMLOKQHJFFAI68CA,興村段,12.50,都市：住
RPQOMLSKQHJFFAI78CA,下路頭段,24.59,都市：住
RPUNMLPLPHJFFAI98EA,台斗坑段,153.00,都市：其他
RPQNMLLMPHJFFAI28EA,埤子頭段,77.00,都市：住
RPXNMLSJQHJFFAI66CA,埤子頭段,58.00,都市：住
RPOOMLSJQHJFFAI48CA,車店段車店小段,5.17,都市：住
RPOOMLSJQHJFFAI48CA,車店段車店小段,77.00,都市：住
RPPNMLTKQHJFFAI88EA,新厝段,115.00,都市：農
RPRNMLTKQHJFFAI09EA,新厝段,2928.00,都市：農
RPWNMLLMPHJFFAI88EA,竹圍子段中興小段,137.00,都市：商
RPXNMLOJQHJFFAI88CA,盧厝段,22.49,都市：其他
RPQNMLTKQHJFFAI98EA,新厝段,108.00,都市：農
RPQNMLTKQHJFFAI98EA,新厝段,44.00,都市：農
RPTNMLPLPHJFFAI88EA,盧厝段,11.55,都市：住
RPTNMLPLPHJFFAI88EA,長竹段,.13,都市：住
RPSOMLPLPHJFFAI68CA,南門段四小段,31.00,都市：商
RPSOMLPLPHJFFAI68CA,南門段四小段,28.00,都市：商
RPOOMLMJQHJFFAI87CA,育人段,156.29,都市：住
RPUNMLMJQHJFFAI38CA,玉川段,46.00,都市：住
RPUNMLMJQHJFFAI38CA,玉川段,63.00,都市：住
RPUNMLMJQHJFFAI38CA,玉川段,1.46,都市：住
RPWNMLMJQHJFFAI58CA,港子坪段港坪小段,9.79,都市：住
RPRNMLTLPHJFFAI88CA,東川段,6.78,都市：住
RPXNMLPLPHJFFAI09CA,盧厝段,21.16,都市：住
RPTNMLKMPHJFFAI28CA,車店段車店小段,11.40,都市：住
RPUNMLSKQHJFFAI09CA,溪東段,7850.22,都市：農
RPSNMLKMPHJFFAI18CA,盧厝段,18.74,都市：住
RPQOMLOJQHJFFAI28CA,港子坪段,1.07,都市：住
RPQOMLOJQHJFFAI28CA,港子坪段港坪小段,10.52,都市：住
RPVNMLSKQHJFFAI56CA,溪東段,93.43,都市：農
RPVNMLSKQHJFFAI56CA,溪東段,188.53,都市：農
RPVNMLSKQHJFFAI56CA,溪東段,694.99,都市：農
RPVNMLSKQHJFFAI56CA,溪東段,56.49,都市：農
RPVNMLSKQHJFFAI56CA,何庄段,251.27,都市：農
RPVNMLSKQHJFFAI56CA,何庄段,336.44,都市：農
RPVNMLSKQHJFFAI56CA,何庄段,1845.50,都市：農
RPSNMLTJQHJFFAI88CA,下路頭段,23.50,都市：住
RPSNMLTJQHJFFAI88CA,下路頭段,77.00,都市：住
RPWNMLSKQHJFFAI66CA,溪東段,2296.15,都市：農
RPWNMLSKQHJFFAI66CA,溪東段,34.23,都市：農
RPWNMLSKQHJFFAI66CA,溪東段,2598.76,都市：農
RPWNMLSKQHJFFAI66CA,溪東段,284.53,都市：農
RPWNMLSKQHJFFAI66CA,溪東段,2622.76,都市：農
RPWNMLSKQHJFFAI66CA,溪東段,9733.00,都市：農
RPWNMLSKQHJFFAI66CA,溪東段,248.70,都市：農
RPPNMLKMPHJFFAI87CA,興村段,16.80,都市：住
RPXNMLSKQHJFFAI76CA,溪東段,136.77,都市：農
RPOOMLSKQHJFFAI58CA,溪東段,29.59,都市：農
RPRNMLKMPHJFFAI18DA,短竹段,13.93,都市：住
RPSNMLTLPHJFFAI56EA,下路頭段,20.00,都市：住
RPVNMLKMPHJFFAI68EA,盧厝段,12.17,都市：住
RPVNMLKMPHJFFAI68EA,長竹段,.13,都市：住
RPOOMLLMPHJFFAI18EA,下埤段,2867.31,都市：農
RPPNMLLMPHJFFAI08DA,車店段車店小段,1.50,都市：住
RPPNMLLMPHJFFAI08DA,車店段車店小段,3.94,都市：住
RPTNMLSLPHJFFAI09DA,車店段車店小段,32.69,都市：住
RPPOMLSKQHJFFAI68CA,湖內段,23.89,都市：住
RPVNMLLMPHJFFAI78EA,檜段四小段,12.50,都市：商
RPUNMLLJQHJFFAI48EA,竹圍子段,113.00,都市：住
RPOOMLQKQHJFFAI38CA,下路頭段,7.61,都市：住
RPSNMLOLQHJFFAI58CA,埤子頭段,411.00,都市：住
RPQNMLKMPHJFFAI08DA,短竹段,127.00,都市：住
RPVOMLTJRHJFFAI96EA,埤子頭段,12.50,都市：住
RPVOMLTJRHJFFAI96EA,埤子頭段,3.50,都市：住
RPUOMLMJQHJFFAI48CA,盧厝段,72.00,都市：住
RPROMLMJQHJFFAI18CA,下路頭段,108.00,都市：住
RPXNMLNKQHJFFAI09EA,大溪段,1427.22,都市：農
RPXNMLNKQHJFFAI09EA,溪厝段,2470.00,都市：農
RPXNMLNKQHJFFAI09EA,溪東段,5519.70,都市：農
RPXNMLNKQHJFFAI09EA,何庄段,1827.52,都市：農
RPPPMLSKQHJFFAI78CA,竹圍子段二小段,12.46,都市：住
RPQPMLSKQHJFFAI88CA,下路頭段,52.00,都市：住
RPVNMLKMPHJFFAI48CA,台斗坑段,18.87,都市：住
RPVNMLLKQHJFFAI68EA,北園段,502.00,都市：農
RPQNMLLKQHJFFAI97CA,遠東段,102.00,都市：工
RPQNMLLKQHJFFAI97CA,遠東段,392.00,都市：工
RPQNMLLKQHJFFAI97CA,遠東段,793.00,都市：工
RPPNMLLKQHJFFAI87CA,遠東段,450.00,都市：工
RPPNMLLKQHJFFAI87CA,遠東段,781.00,都市：工
RPPNMLLKQHJFFAI87CA,遠東段,1586.00,都市：工
RPPNMLSKQHJFFAI58CA,溪厝段,434.89,都市：農
RPPNMLSKQHJFFAI58CA,溪厝段,1399.67,都市：農
RPTOMLSKQHJFFAI66EA,下路頭段,17.44,都市：住
RPSOMLQKQHJFFAI78CA,南門段五小段,4.79,都市：住
RPSOMLQKQHJFFAI78CA,南門段五小段,1.79,都市：住
RPSOMLQKQHJFFAI78CA,南門段五小段,.23,都市：住
RPQOMLRJQHJFFAI58CA,民族段六小段,33.00,都市：住
RPPOMLOJQHJFFAI18CA,軍輝段,23.44,都市：住
RPTOMLQKQHJFFAI88CA,南門段五小段,4.79,都市：住
RPTOMLQKQHJFFAI88CA,南門段五小段,1.79,都市：住
RPTOMLQKQHJFFAI88CA,南門段五小段,.23,都市：住
RPQNMLQJQHJFFAI38CA,中庄段,37.24,都市：住
RPVNMLMJQHJFFAI48CA,竹圍子段三小段,22.85,都市：住
RPUOMLQKQHJFFAI98CA,竹圍子段,209.00,都市：住
RPRPMLSKQHJFFAI98CA,埤子頭段,28.64,都市：住
RPVOMLQKQHJFFAI09CA,竹圍子段,627.00,都市：住
RPTOMLOJQHJFFAI78EA,下路頭段,157.00,都市：住
RPWOMLQKQHJFFAI56CA,竹圍子段,796.00,都市：住
RPUNMLKMPHJFFAI48DA,東門段四小段,7.22,都市：住
RPUNMLKMPHJFFAI48DA,東門段四小段,6.98,都市：住
RPUNMLKMPHJFFAI48DA,東門段四小段,3.41,都市：住
RPUNMLKMPHJFFAI48DA,東門段四小段,17.83,都市：住
RPXOMLQKQHJFFAI66CA,竹圍子段,532.00,都市：住
RPPNMLSJQHJFFAI68EA,車店段,17.50,都市：住
RPPNMLSJQHJFFAI68EA,車店段,17.00,都市：住
RPPNMLQKQHJFFAI38CA,埤子頭段,12.42,都市：住
RPOOMLOJQHJFFAI18DA,湖內段,15.07,都市：住
RPOOMLOJQHJFFAI18DA,湖內段,11.92,都市：住
RPVNMLQKQHJFFAI98CA,湖內段,32.34,都市：住
RPSNMLQKQHJFFAI68CA,竹圍子段二小段,9.97,都市：住
RPTNMLOLQHJFFAI68CA,港子坪段港坪小段,23.41,都市：住
RPQNMLOKQHJFFAI28CA,竹圍子段,70.00,都市：住
RPSPMLSKQHJFFAI09CA,埤子頭段,20.28,都市：住
RPPNMLTJQHJFFAI58CA,竹圍子段二小段,9.97,都市：住
RPUOMLOJQHJFFAI88EA,元段三小段,56.45,都市：商
RPUNMLTKQHJFFAI56CA,竹圍子段,81.00,都市：住
RPUNMLTKQHJFFAI56CA,竹圍子段,1.00,都市：住
RPUNMLTKQHJFFAI56CA,竹圍子段,76.00,都市：住
RPQNMLLJQHJFFAI87CA,北社尾段,389.00,都市：住
RPQNMLPJQHJFFAI28CA,台斗坑段,88.00,都市：住
RPROMLRJQHJFFAI68CA,盧厝段,104.00,都市：住
RPWNMLOJQHJFFAI78CA,車店段,29.46,都市：住
RPQOMLMJQHJFFAI08CA,下路頭段,16.40,都市：住
