﻿鄉鎮市區,交易標的,土地區段位置/建物區段門牌,土地移轉總面積平方公尺,都市土地使用分區,非都市土地使用分區,非都市土地使用編定,交易年月日,交易筆棟數,移轉層次,總樓層數,建物型態,主要用途,主要建材,建築完成年月,建物移轉總面積平方公尺,建物現況格局-房,建物現況格局-廳,建物現況格局-衛,建物現況格局-隔間,有無管理組織,總價元,單價元/平方公尺,車位類別,車位移轉總面積平方公尺,車位總價元,備註,編號
The villages and towns urban district,transaction sign,land sector position/building sector house number plate,land shifting total area square meter,the use zoning or compiles and checks,the non-metropolis land use district,non-metropolis land use,transaction year, month and day,transaction pen number,shifting level,total floor number,building state,main use,main building materials,construction to complete the years,building shifting total area,Building present situation pattern - room,building present situation pattern - hall,building present situation pattern - health,building present situation pattern - compartmented,Whether there is manages the organization,total price Yuan,the unit price a Yuan/square meter,the berth category,berth shifting total area square meter,the berth total price Yuan,the note,serial number
湖西鄉,土地,許家段1171~1200地號,3843.88,,一般農業區,農牧用地,1030424,土地3建物0車位0,,,其他,,,,0.0,0,0,0,有,無,16200000,4214,,0.0,0,,RPPNMLMJNHJFFAX56DA
馬公市,房地(土地+建物)+車位,澎湖縣馬公巿三多路31~60號,11.87,住,,,1030414,土地2建物1車位1,四層,十層,華廈(10層含以下有電梯),住家用,鋼筋混凝土造,0850215,50.57,2,1,1,有,有,2800000,55369,坡道平面,0.0,0,,RPPNMLQJNHJFFAX96DA
馬公市,土地,興崁段1021~1050地號,1448.19,,一般農業區,農牧用地,1030418,土地1建物0車位0,,,其他,,,,0.0,0,0,0,有,無,43300000,29899,,0.0,0,權利人共六人含未來興建六戶之房屋價款,RPTNMLQLNHJFFAX57DA
馬公市,土地,文寮段331~360地號,822.73,,一般農業區,農牧用地,1030424,土地1建物0車位0,,,其他,,,,0.0,0,0,0,有,無,7000000,8508,,0.0,0,,RPUNMLRJNHJFFAX57DA
白沙鄉,房地(土地+建物),澎湖縣白沙鄉大赤崁1~30號,157.6,,一般農業區,甲種建築用地,1030424,土地2建物1車位0,全,三層,透天厝,住家用,鋼筋混凝土造,0940218,182.57,4,2,3,有,無,2854600,15636,,0.0,0,法拍借名後辦理移轉,RPRNMLPKNHJFFAX17DA
馬公市,土地,案山段691~720地號,125.6,其他,,,1030430,土地4建物0車位0,,,其他,,,,0.0,0,0,0,有,無,1400000,11146,,0.0,0,,RPQNMLQJNHJFFAX96CA
馬公市,土地,雙湖段1~30地號,1045.12,,森林區,丙種建築用地,1030326,土地7建物0車位0,,,其他,,,,0.0,0,0,0,有,無,5650000,5406,,0.0,0,,RPSNMLTJNHJFFAX47CA
馬公市,土地,山水南段631~660地號,373.0,,鄉村區,乙種建築用地,1030422,土地2建物0車位0,,,其他,,,,0.0,0,0,0,有,無,4472270,11990,,0.0,0,,RPUNMLTKNHJFFAX77CA
西嶼鄉,土地,合界頭段91~120地號,191.17,,一般農業區,農牧用地,1030425,土地2建物0車位0,,,其他,,,,0.0,0,0,0,有,無,164403,860,,0.0,0,親友、員工或其他特殊關係間之交易。;親友、員工或其他特殊關係間之交易。,RPVNMLTKNHJFFAX87CA
湖西鄉,土地,湖東新段811~840地號,1619.04,,一般農業區,農牧用地,1030425,土地4建物0車位0,,,其他,,,,0.0,0,0,0,有,無,2300000,1421,,0.0,0,,RPRNMLRJNHJFFAX27DA
馬公市,土地,國宅段391~420地號,304.97,住,,,1030428,土地3建物0車位0,,,其他,,,,0.0,0,0,0,有,無,2650000,8689,,0.0,0,,RPTNMLRJNHJFFAX47DA
馬公市,房地(土地+建物),澎湖縣馬公巿雙頭掛91~120號,87.8,,鄉村區,乙種建築用地,1030418,土地4建物1車位0,全,一層,透天厝,住家用,鋼筋混凝土加強磚造,0710414,39.29,3,1,1,有,無,1500000,38178,,0.0,0,親友、員工或其他特殊關係間之交易。;親友、員工或其他特殊關係間之交易。,RPQNMLRJNHJFFAX17DA
馬公市,房地(土地+建物),澎湖縣馬公巿三多路391~420號,12.0,商,,,1030418,土地1建物1車位0,五層,十層,華廈(10層含以下有電梯),住家用,鋼筋混凝土造,0850308,106.14,3,1,2,有,無,3320000,31279,,0.0,0,,RPQNMLMKNHJFFAX66CA
馬公市,土地,興崁段1111~1140地號,1174.17,,一般農業區,農牧用地,1030423,土地1建物0車位0,,,其他,,,,0.0,0,0,0,有,無,2660000,2265,,0.0,0,,RPXNMLRJNHJFFAX77CA
馬公市,房地(土地+建物),澎湖縣馬公巿文山路358巷31~60號,54.73,住,,,1030408,土地2建物1車位0,全,五層,透天厝,住家用,鋼筋混凝土造,0801012,138.57,4,1,3,有,無,4310000,31103,,0.0,0,,RPOOMLRJNHJFFAX96CA
馬公市,土地,五福段961~990地號,2696.84,,一般農業區,農牧用地,1030421,土地3建物0車位0,,,其他,,,,0.0,0,0,0,有,無,27529000,10208,,0.0,0,,RPPOMLRJNHJFFAX07CA
湖西鄉,土地,北寮新段91~120地號,205.06,,風景區,農牧用地,1030417,土地2建物0車位0,,,其他,,,,0.0,0,0,0,有,無,200000,975,,0.0,0,,RPRNMLOKNHJFFAX96CA
西嶼鄉,土地,二崁南段1021~1050地號,83.11,,一般農業區,農牧用地,1030423,土地1建物0車位0,,,其他,,,,0.0,0,0,0,有,無,113133,1361,,0.0,0,,RPUNMLOKNHJFFAX27CA
馬公市,房地(土地+建物),澎湖縣馬公巿六合路9巷1~30號,91.73,住,,,1030420,土地1建物1車位0,全,二層,透天厝,住家用,鋼筋混凝土加強磚造,0680419,113.2,3,3,2,有,無,5300000,46820,,0.0,0,,RPSNMLSJNHJFFAX37CA
馬公市,土地,西澳段301~330地號,260.01,住,,,1030505,土地1建物0車位0,,,其他,,,,0.0,0,0,0,有,無,4980000,19153,,0.0,0,,RPRNMLKLNHJFFAX66CA
馬公市,土地,西澳段241~270地號,20.03,住,,,1030423,土地1建物0車位0,,,其他,,,,0.0,0,0,0,有,無,647971,32350,,0.0,0,向政府機關承購之案件。;向政府機關承購之案件。,RPRNMLSJNHJFFAX47EA
西嶼鄉,土地,二崁南段1171~1200地號,401.78,,風景區,農牧用地,1030423,土地1建物0車位0,,,其他,,,,0.0,0,0,0,有,無,437540,1089,,0.0,0,,RPVNMLOKNHJFFAX37CA
馬公市,土地,五福段1501~1530地號,396.99,,鄉村區,乙種建築用地,1030410,土地1建物0車位0,,,其他,,,,0.0,0,0,0,有,無,11780000,29673,,0.0,0,,RPSNMLMKNHJFFAX86CA
馬公市,房地(土地+建物),澎湖縣馬公巿西文澳91~120號,5.63,農,,,1030425,土地1建物1車位0,全,一層,透天厝,住家用,見其他登記事項,0100101,3.89,4,2,1,有,無,204000,52442,,0.0,0,,RPPNMLTKNHJFFAX37DA
馬公市,土地,西澳段271~300地號,34.18,其他,,,1030407,土地1建物0車位0,,,其他,,,,0.0,0,0,0,有,無,1025396,30000,,0.0,0,馬公都市計畫公兒5東側8米計畫道路協議價購(30000元/M2),RPVNMLMKNHJFFAX27DA
馬公市,建物,澎湖縣馬公巿石泉1~30號,0.0,,,,1030411,土地0建物1車位0,全,二層,透天厝,住家用,鋼筋混凝土加強磚造,0791201,82.4,4,2,2,有,無,3580000,43447,,0.0,0,,RPTNMLOKNHJFFAX27DA
馬公市,土地,雙湖段211~240地號,348.92,,鄉村區,乙種建築用地,1030423,土地1建物0車位0,,,其他,,,,0.0,0,0,0,有,無,5800000,16623,,0.0,0,,RPPNMLNKNHJFFAX76DA
西嶼鄉,土地,二崁南段1171~1200地號,3028.6,,風景區,農牧用地,1030423,土地8建物0車位0,,,其他,,,,0.0,0,0,0,有,無,3298141,1089,,0.0,0,,RPWNMLOKNHJFFAX47CA
馬公市,土地,興崁段1051~1080地號,161.11,,一般農業區,農牧用地,1021231,土地1建物0車位0,,,其他,,,,0.0,0,0,0,有,無,7000000,43449,,0.0,0,含未來興建乙棟房屋之價格,RPPNMLQLNHJFFAX07CA
馬公市,土地,文光段151~180地號,148.56,其他,,,1030507,土地1建物0車位0,,,其他,,,,0.0,0,0,0,有,無,3862440,25999,,0.0,0,,RPWNMLQKNHJFFAX87EA
湖西鄉,土地,許家段1171~1200地號,2118.2,,一般農業區,農牧用地,1030415,土地1建物0車位0,,,其他,,,,0.0,0,0,0,有,無,2563000,1210,,0.0,0,,RPWNMLTKNHJFFAX97CA
馬公市,房地(土地+建物),澎湖縣馬公巿西文澳61~90號,78.62,住,,,1030505,土地1建物1車位0,全,二層,透天厝,住家用,鋼筋混凝土加強磚造,0730424,102.89,3,1,2,有,無,2180000,21188,,0.0,0,,RPSNMLQKNHJFFAX27CA
西嶼鄉,土地,小池角段2611~2640地號,514.0,,鄉村區,乙種建築用地,1030423,土地2建物0車位0,,,其他,,,,0.0,0,0,0,有,無,2100000,4086,,0.0,0,,RPVNMLQKNHJFFAX57CA
馬公市,土地,西澳段481~510地號,9.55,其他,,,1030408,土地2建物0車位0,,,其他,,,,0.0,0,0,0,有,無,286500,30000,,0.0,0,,RPPNMLOKNHJFFAX86DA
馬公市,土地,雙湖段1111~1140地號,472.48,,一般農業區,農牧用地,1030429,土地2建物0車位0,,,其他,,,,0.0,0,0,0,有,無,2750000,5820,,0.0,0,,RPQNMLPKNHJFFAX07DA
馬公市,土地,東衛段91~120地號,469.33,,一般農業區,農牧用地,1030505,土地2建物0車位0,,,其他,,,,0.0,0,0,0,有,無,15000000,31960,,0.0,0,"權利人共二人,含未來興建二戶房屋之價款",RPQNMLTKNHJFFAX47DA
湖西鄉,土地,林投北段121~150地號,278.53,,一般農業區,農牧用地,1030512,土地2建物0車位0,,,其他,,,,0.0,0,0,0,有,無,960000,3447,,0.0,0,親友、員工或其他特殊關係間之交易。;親友關係間之交易。,RPTNMLQKNHJFFAX37CA
馬公市,土地,五德西段601~630地號,521.51,,鄉村區,乙種建築用地,1030419,土地2建物0車位0,,,其他,,,,0.0,0,0,0,有,無,2250000,4314,,0.0,0,含增建或未登記建物。;含未登記建物,RPQNMLQKNHJFFAX07CA
湖西鄉,土地,湖東新段811~840地號,538.96,,一般農業區,農牧用地,1030509,土地2建物0車位0,,,其他,,,,0.0,0,0,0,有,無,920000,1707,,0.0,0,,RPRNMLQKNHJFFAX17CA
馬公市,土地,埕東段181~210地號,45.2,其他,,,1030423,土地3建物0車位0,,,其他,,,,0.0,0,0,0,有,無,100000,2212,,0.0,0,公共設施保留地之交易。地政士僅受託買賣案件申請登記，並未代理撰擬不動產買賣契約書，本成交資訊係由權利人自行提供屬實。,RPRNMLKKOHJFFAX66CA
西嶼鄉,土地,竹篙灣段31~60地號,2279.0,,風景區,農牧用地,1030504,土地3建物0車位0,,,其他,,,,0.0,0,0,0,有,無,1959940,860,,0.0,0,親友、員工或其他特殊關係間之交易。;親友、員工或其他特殊關係間之交易。,RPPNMLTLNHJFFAX57EA
馬公市,土地,鐵線段601~630地號,2374.97,,一般農業區,農牧用地,1030412,土地1建物0車位0,,,其他,,,,0.0,0,0,0,有,無,7184000,3025,,0.0,0,,RPSNMLTKNHJFFAX57CA
湖西鄉,土地,沙港北段811~840地號,198.1,,一般農業區,農牧用地,1030408,土地2建物0車位0,,,其他,,,,0.0,0,0,0,有,無,860000,4341,,0.0,0,,RPTNMLTKNHJFFAX67CA
馬公市,土地,鐵線段931~960地號,335.59,,鄉村區,乙種建築用地,1030513,土地1建物0車位0,,,其他,,,,0.0,0,0,0,有,無,3200000,9535,,0.0,0,,RPXNMLTKNHJFFAX18DA
馬公市,土地,興仁段751~780地號,305.14,,一般農業區,農牧用地,1030509,土地1建物0車位0,,,其他,,,,0.0,0,0,0,有,無,1200000,3933,,0.0,0,,RPPNMLKLNHJFFAX56DA
湖西鄉,土地,東衛段721~750地號,654.81,,一般農業區,農牧用地,1030425,土地5建物0車位0,,,其他,,,,0.0,0,0,0,有,無,827713,1264,,0.0,0,親友、員工或其他特殊關係間之交易。;親友、員工或其他特殊關係間之交易。,RPUNMLSLNHJFFAX87DA
馬公市,房地(土地+建物),澎湖縣馬公巿西衛601~630號,262.61,,一般農業區,甲種建築用地,1030506,土地2建物1車位0,全,三層,透天厝,住家用,鋼筋混凝土造,1030324,265.13,5,3,4,有,無,8180000,30853,,0.0,0,,RPUNMLQLNHJFFAX67DA
馬公市,土地,中衛段121~150地號,1265.58,工,,,1030423,土地1建物0車位0,,,其他,,,,0.0,0,0,0,有,無,13000000,10272,,0.0,0,,RPRNMLTKNHJFFAX47CA
白沙鄉,土地,赤崁中段871~900地號,989.08,,一般農業區,農牧用地,1030419,土地2建物0車位0,,,其他,,,,0.0,0,0,0,有,無,1000000,1011,,0.0,0,,RPSNMLNJOHJFFAX96CA
馬公市,土地,五福段571~600地號,157.2,,一般農業區,農牧用地,1030514,土地1建物0車位0,,,其他,,,,0.0,0,0,0,有,無,1062520,6759,,0.0,0,賣方賣清價,RPTNMLNJOHJFFAX07CA
馬公市,土地,五福段541~570地號,57.85,,一般農業區,農牧用地,1030514,土地1建物0車位0,,,其他,,,,0.0,0,0,0,有,無,437480,7562,,0.0,0,賣方賣清價,RPUNMLNJOHJFFAX17CA
馬公市,房地(土地+建物),澎湖縣馬公巿後窟潭121~150號,94.81,住,,,1030425,土地2建物1車位0,全,二層,透天厝,住家用,鋼筋混凝土加強磚造,0690628,86.05,3,2,2,有,無,2500000,29053,,0.0,0,親友、員工或其他特殊關係間之交易。;親友、員工或其他特殊關係間之交易。,RPQNMLQLNHJFFAX17CA
馬公市,土地,光榮段31~60地號,416.05,其他,,,1030506,土地1建物0車位0,,,其他,,,,0.0,0,0,0,有,無,6670000,16032,,0.0,0,(包含)公共設施保留地之交易。,RPPNMLKKOHJFFAX09CA
白沙鄉,土地,通梁南段301~330地號,338.51,,一般農業區,農牧用地,1030410,土地1建物0車位0,,,其他,,,,0.0,0,0,0,有,無,276453,817,,0.0,0,,RPQNMLQJOHJFFAX07CA
馬公市,房地(土地+建物),澎湖縣馬公巿朝陽路121~150號,103.36,住,,,1030502,土地1建物1車位0,全,二層,透天厝,住家用,鋼筋混凝土加強磚造,0660321,93.96,3,1,1,有,無,7160000,76203,,0.0,0,,RPXNMLNJOHJFFAX47CA
馬公市,房地(土地+建物),澎湖縣馬公巿民裕街36巷1~30號,53.31,住,,,1030502,土地1建物1車位0,四層,五層,公寓(5樓含以下無電梯),國民住宅,鋼筋混凝土造,0840119,112.1,3,2,2,有,無,3350000,29884,,0.0,0,,RPPNMLLLNHJFFAX66DA
馬公市,土地,光榮段241~270地號,15.88,住,,,1030513,土地1建物0車位0,,,其他,,,,0.0,0,0,0,有,無,964710,60750,,0.0,0,,RPSNMLLLNHJFFAX96DA
馬公市,土地,北極段1141~1170地號,1.44,住,,,1030513,土地1建物0車位0,,,其他,,,,0.0,0,0,0,有,無,16560,11500,,0.0,0,,RPTNMLLLNHJFFAX07DA
馬公市,土地,文澳段2311~2340地號,100.0,商,,,1030516,土地1建物0車位0,,,其他,,,,0.0,0,0,0,有,無,7500000,75000,,0.0,0,,RPQNMLMLNHJFFAX86DA
馬公市,土地,西澳段481~510地號,41.26,其他,,,1030519,土地2建物0車位0,,,其他,,,,0.0,0,0,0,有,無,1237750,29999,,0.0,0,馬公都市計畫公兒5東側8米計畫道路協議價購(30000元/M2),RPQNMLNLNHJFFAX96DA
湖西鄉,土地,許家段511~540地號,156.61,,一般農業區,農牧用地,1030508,土地9建物0車位0,,,其他,,,,0.0,0,0,0,有,無,122487,782,,0.0,0,親友、員工或其他特殊關係間之交易。;親友、員工或其他特殊關係間之交易。,RPTNMLPJOHJFFAX27CA
馬公市,房地(土地+建物),澎湖縣馬公巿西文澳91~120號,135.23,工,,,1030510,土地1建物1車位0,一層，二層，三層，電梯樓梯間,三層,其他,見其他登記事項,鋼筋混凝土造,0810117,193.92,10,1,7,有,無,12000000,61881,,0.0,0,,RPQNMLKKOHJFFAX56CA
馬公市,土地,西澳段1021~1050地號,227.86,住,,,1030519,土地1建物0車位0,,,其他,,,,0.0,0,0,0,有,無,12330000,54112,,0.0,0,,RPPNMLMLNHJFFAX66CA
湖西鄉,土地,潭邊新段211~240地號,730.32,,一般農業區,農牧用地,1030514,土地6建物0車位0,,,其他,,,,0.0,0,0,0,有,無,650000,890,,0.0,0,,RPVNMLNJOHJFFAX27CA
湖西鄉,土地,潭邊新段271~300地號,718.48,,一般農業區,農牧用地,1030514,土地6建物0車位0,,,其他,,,,0.0,0,0,0,有,無,700000,974,,0.0,0,,RPWNMLNJOHJFFAX37CA
西嶼鄉,土地,大池角段271~300地號,3586.0,,一般農業區,農牧用地,1030501,土地7建物0車位0,,,其他,,,,0.0,0,0,0,有,無,3083960,860,,0.0,0,親友、員工或其他特殊關係間之交易。;親友、員工或其他特殊關係間之交易。,RPPNMLNJOHJFFAX66CA
西嶼鄉,土地,大池角段601~630地號,182.0,,一般農業區,甲種建築用地,1030509,土地2建物0車位0,,,其他,,,,0.0,0,0,0,有,無,357900,1966,,0.0,0,親友、員工或其他特殊關係間之交易。;含增建或未登記建物。;親友、員工或其他特殊關係間之交易。含增建或未登記建物。,RPQNMLNJOHJFFAX76CA
馬公市,土地,西澳段481~510地號,41.26,其他,,,1030519,土地2建物0車位0,,,其他,,,,0.0,0,0,0,有,無,1237750,29999,,0.0,0,馬公都市計畫公兒5東側8米計畫道路協議價購(30000元/M2),RPRNMLNLNHJFFAX07DA
馬公市,房地(土地+建物),澎湖縣馬公巿林森路91~120號,71.82,住,,,1030511,土地2建物1車位0,全,二層,透天厝,住家用,鋼筋混凝土加強磚造,0691210,85.0,3,2,2,有,無,4500000,52941,,0.0,0,,RPWNMLNLNHJFFAX57DA
湖西鄉,土地,許家段511~540地號,156.61,,一般農業區,農牧用地,1030508,土地9建物0車位0,,,其他,,,,0.0,0,0,0,有,無,122487,782,,0.0,0,親友、員工或其他特殊關係間之交易。;親友、員工或其他特殊關係間之交易。,RPSNMLPJOHJFFAX27DA
西嶼鄉,土地,竹篙灣段3481~3510地號,1234.0,,風景區,農牧用地,1030520,土地1建物0車位0,,,其他,,,,0.0,0,0,0,有,無,2200000,1783,,0.0,0,,RPSNMLOJOHJFFAX17DA
馬公市,房地(土地+建物)+車位,澎湖縣馬公巿光復路121~150號,29.26,住,,,1030509,土地2建物1車位1,六層,七層,華廈(10層含以下有電梯),住家用,鋼筋混凝土造,0830303,145.37,3,2,2,有,無,3800000,26140,坡道平面,0.0,0,,RPPNMLKMNHJFFAX56CA
湖西鄉,土地,許家段1141~1170地號,2871.64,,一般農業區,農牧用地,1030502,土地1建物0車位0,,,其他,,,,0.0,0,0,0,有,無,16508807,5749,,0.0,0,,RPPNMLNLNHJFFAX76CA
馬公市,土地,山水東段451~480地號,2027.19,,一般農業區,農牧用地,1030515,土地1建物0車位0,,,其他,,,,0.0,0,0,0,有,無,3800000,1875,,0.0,0,,RPUNMLNLNHJFFAX27CA
西嶼鄉,土地,大池角段1981~2010地號,125.0,,鄉村區,乙種建築用地,1030411,土地1建物0車位0,,,其他,,,,0.0,0,0,0,有,無,803750,6430,,0.0,0,向政府機關承購之案件。;向政府機關承購之案件。,RPRNMLQLNHJFFAX47EA
馬公市,土地,東衛段931~960地號,214.02,,一般農業區,農牧用地,1030519,土地1建物0車位0,,,其他,,,,0.0,0,0,0,有,無,342424,1600,,0.0,0,親友、員工或其他特殊關係間之交易。;親友、員工或其他特殊關係間之交易。,RPQNMLTLNHJFFAX57DA
湖西鄉,土地,東衛段721~750地號,256.73,,一般農業區,農牧用地,1030519,土地2建物0車位0,,,其他,,,,0.0,0,0,0,有,無,312686,1218,,0.0,0,親友、員工或其他特殊關係間之交易。;親友、員工或其他特殊關係間之交易。,RPVNMLSLNHJFFAX97DA
湖西鄉,土地,紅羅段2641~2670地號,875.5,,一般農業區,農牧用地,1030515,土地1建物0車位0,,,其他,,,,0.0,0,0,0,有,無,700000,800,,0.0,0,,RPQNMLPJOHJFFAX07DA
湖西鄉,土地,成功南段601~630地號,385.47,,,,1030522,土地1建物0車位0,,,其他,,,,0.0,0,0,0,有,無,500000,1297,,0.0,0,,RPRNMLPJOHJFFAX17DA
白沙鄉,土地,後寮段1921~1950地號,241.67,,一般農業區,農牧用地,1030410,土地1建物0車位0,,,其他,,,,0.0,0,0,0,有,無,242251,1002,,0.0,0,,RPSNMLSLNHJFFAX67DA
馬公市,土地,五德東段631~660地號,432.77,,一般農業區,農牧用地,1030522,土地1建物0車位0,,,其他,,,,0.0,0,0,0,有,無,1880000,4344,,0.0,0,,RPTNMLSLNHJFFAX77DA
湖西鄉,土地,龍門西段151~180地號,1183.56,,一般農業區,農牧用地,1030516,土地1建物0車位0,,,其他,,,,0.0,0,0,0,有,無,7160000,6050,,0.0,0,,RPPNMLSLNHJFFAX27CA
西嶼鄉,土地,大池角段811~840地號,757.0,,一般農業區,農牧用地,1030513,土地1建物0車位0,,,其他,,,,0.0,0,0,0,有,無,1099000,1452,,0.0,0,,RPQNMLSLNHJFFAX37CA
馬公市,土地,國宅段301~330地號,347.58,住,,,1030520,土地1建物0車位0,,,其他,,,,0.0,0,0,0,有,無,4731000,13611,,0.0,0,,RPRNMLSLNHJFFAX47CA
馬公市,土地,山水西段271~300地號,1369.68,,一般農業區,農牧用地,1030507,土地2建物0車位0,,,其他,,,,0.0,0,0,0,有,無,3280000,2395,,0.0,0,,RPSNMLKMNHJFFAX86CA
馬公市,土地,山水西段301~330地號,1052.56,,一般農業區,農牧用地,1030409,土地1建物0車位0,,,其他,,,,0.0,0,0,0,有,無,2700000,2565,,0.0,0,,RPTNMLKMNHJFFAX96CA
馬公市,土地,馬公段1831~1860地號,208.0,住,,,1030506,土地3建物0車位0,,,其他,,,,0.0,0,0,0,有,無,11999999,57692,,0.0,0,向政府機關承購之案件。;向政府機關承購之案件。,RPPNMLNLOHJFFAX07EA
馬公市,土地,海堤段541~570地號,450.15,住,,,1030517,土地1建物0車位0,,,其他,,,,0.0,0,0,0,有,無,6250000,13884,,0.0,0,,RPRNMLTLNHJFFAX67DA
馬公市,土地,文東段751~780地號,229.15,,鄉村區,乙種建築用地,1030514,土地1建物0車位0,,,其他,,,,0.0,0,0,0,有,無,350000,1527,,0.0,0,,RPSNMLTLNHJFFAX77DA
馬公市,房地(土地+建物),澎湖縣馬公巿西衛271~300號,187.25,,一般農業區,甲種建築用地,1030519,土地2建物1車位0,全,三層,透天厝,住家用,鋼筋混凝土造,0991018,213.81,4,2,5,有,無,5650000,26425,,0.0,0,親友、員工或其他特殊關係間之交易。;親友間之交易。,RPQNMLKMNHJFFAX76DA
馬公市,房地(土地+建物),澎湖縣馬公巿石泉路1~30號,47.94,,鄉村區,乙種建築用地,1030512,土地1建物1車位0,全,三層,透天厝,住家用,鋼筋混凝土造,0720118,100.62,3,2,2,有,無,1000000,9938,,0.0,0,親友、員工或其他特殊關係間之交易。;親友關係間之交易。,RPPNMLPJOHJFFAX96DA
湖西鄉,土地,龍門西段361~390地號,4816.92,,一般農業區,農牧用地,1030423,土地1建物0車位0,,,其他,,,,0.0,0,0,0,有,無,26226000,5445,,0.0,0,,RPOOMLNJOHJFFAX66CA
馬公市,房地(土地+建物),澎湖縣馬公巿中華路211~240號,105.29,住,,,1030429,土地1建物1車位0,全,二層,透天厝,住家用,見其他登記事項,0681009,122.36,4,2,3,有,無,3000000,24518,,0.0,0,親友、員工或其他特殊關係間之交易。;親友、員工或其他特殊關係間之交易。,RPQNMLTKOHJFFAX67EA
馬公市,房地(土地+建物),澎湖縣馬公巿文光路25巷16弄1~30號,97.14,住,,,1030514,土地3建物1車位0,全,二層,透天厝,住家用,鋼筋混凝土加強磚造,0691117,88.46,3,1,2,有,無,2800000,31653,,0.0,0,,RPTNMLPJOHJFFAX47EA
馬公市,房地(土地+建物),澎湖縣馬公巿石泉1~30號,64.32,,一般農業區,甲種建築用地,1030513,土地1建物1車位0,全,二層,透天厝,住家用,鋼筋混凝土加強磚造,0791201,82.4,3,2,2,有,無,3760000,45631,,0.0,0,,RPPNMLOJOHJFFAX76CA
西嶼鄉,土地,大池角段721~750地號,592.0,,一般農業區,農牧用地,1030517,土地1建物0車位0,,,其他,,,,0.0,0,0,0,有,無,500000,845,,0.0,0,,RPRNMLNJOHJFFAX86CA
湖西鄉,土地,成功南段301~330地號,403.04,,一般農業區,殯葬用地,1030502,土地1建物0車位0,,,其他,,,,0.0,0,0,0,有,無,1219000,3025,,0.0,0,,RPTNMLNLOHJFFAX27CA
馬公市,房地(土地+建物),澎湖縣馬公巿西文澳1~30號,31.28,住,,,1030409,土地3建物1車位0,四層,七層,華廈(10層含以下有電梯),住家用,鋼筋混凝土造,0820831,117.95,4,1,2,有,無,3800000,32217,,0.0,0,,RPQNMLOJOHJFFAX86CA
湖西鄉,土地,鼎灣新段1441~1470地號,1031.49,,一般農業區,農牧用地,1030515,土地1建物0車位0,,,其他,,,,0.0,0,0,0,有,無,320000,310,,0.0,0,親友、員工或其他特殊關係間之交易。;親友之交易。,RPUNMLKMNHJFFAX17DA
湖西鄉,土地,許家段991~1020地號,1358.55,,一般農業區,農牧用地,1030505,土地1建物0車位0,,,其他,,,,0.0,0,0,0,有,無,8200000,6036,,0.0,0,,RPUNMLOJOHJFFAX37DA
馬公市,土地,東澳段301~330地號,1.84,住,,,1030522,土地1建物0車位0,,,其他,,,,0.0,0,0,0,有,無,84700,46033,,0.0,0,向政府機關承購之案件。;澎湖縣政府代為標售地籍清理案件,RPUNMLPJOHJFFAX47DA
馬公市,土地,國宅段121~150地號,1436.57,,一般農業區,農牧用地,1030529,土地1建物0車位0,,,其他,,,,0.0,0,0,0,有,無,6200000,4316,,0.0,0,,RPSNMLRLOHJFFAX67DA
白沙鄉,土地,港尾段1501~1530地號,1231.0,,一般農業區,農牧用地,1030415,土地2建物0車位0,,,其他,,,,0.0,0,0,0,有,無,7068000,5742,,0.0,0,,RPVNMLOJOHJFFAX37CA
湖西鄉,房地(土地+建物),澎湖縣湖西鄉1~30號,276.62,,鄉村區,乙種建築用地,1030430,土地1建物1車位0,全,一層,透天厝,住家用,見其他登記事項,,41.32,1,1,1,有,無,360000,8712,,0.0,0,,RPSNMLKMOHJFFAX96CA
湖西鄉,土地,紅羅段1501~1530地號,632.8,,一般農業區,農牧用地,1030522,土地1建物0車位0,,,其他,,,,0.0,0,0,0,有,無,645600,1020,,0.0,0,向政府機關承購之案件。;未辦繼承代為標售,RPRNMLKLOHJFFAX96EA
馬公市,土地,井垵西段1051~1080地號,343.12,,一般農業區,農牧用地,1030502,土地1建物0車位0,,,其他,,,,0.0,0,0,0,有,無,411744,1200,,0.0,0,,RPRNMLNLOHJFFAX07CA
七美鄉,土地,大嶼段331~360地號,573.56,,一般農業區,農牧用地,1030414,土地6建物0車位0,,,其他,,,,0.0,0,0,0,有,無,400000,697,,0.0,0,,RPPNMLPLOHJFFAX07CA
西嶼鄉,土地,竹篙灣段2071~2100地號,1024.0,,一般農業區,農牧用地,1030223,土地4建物0車位0,,,其他,,,,0.0,0,0,0,有,無,880640,860,,0.0,0,親友、員工或其他特殊關係間之交易。;本買賣案件係屬三親等間特殊交易，其交易價格可能異於市場正常交易價格。,RPRNMLQJOHJFFAX17CA
西嶼鄉,土地,竹篙灣段3661~3690地號,1493.0,,風景區,農牧用地,1030223,土地1建物0車位0,,,其他,,,,0.0,0,0,0,有,無,1343700,900,,0.0,0,親友、員工或其他特殊關係間之交易。;本買賣案件係屬三親等間特殊交易，其交易價格可能異於市場正常交易價格。,RPSNMLQJOHJFFAX27CA
西嶼鄉,土地,竹篙灣段2401~2430地號,1993.0,,一般農業區,農牧用地,1030223,土地1建物0車位0,,,其他,,,,0.0,0,0,0,有,無,1713980,860,,0.0,0,親友、員工或其他特殊關係間之交易。;本買賣案件係屬三親等間特殊交易，其交易價格可能異於市場正常交易價格。,RPTNMLQJOHJFFAX37CA
西嶼鄉,土地,大池角段331~360地號,684.0,,一般農業區,農牧用地,1030223,土地1建物0車位0,,,其他,,,,0.0,0,0,0,有,無,588240,860,,0.0,0,親友、員工或其他特殊關係間之交易。;本買賣案件係屬三親等間特殊交易，其交易價格可能異於市場正常交易價格。,RPUNMLQJOHJFFAX47CA
西嶼鄉,土地,竹篙灣段2161~2190地號,820.0,,一般農業區,農牧用地,1030223,土地1建物0車位0,,,其他,,,,0.0,0,0,0,有,無,705200,860,,0.0,0,親友、員工或其他特殊關係間之交易。;本買賣案件係屬三親等間特殊交易，其交易價格可能異於市場正常交易價格。,RPVNMLQJOHJFFAX57CA
西嶼鄉,土地,竹篙灣段2251~2280地號,596.0,,一般農業區,農牧用地,1030223,土地1建物0車位0,,,其他,,,,0.0,0,0,0,有,無,512560,860,,0.0,0,親友、員工或其他特殊關係間之交易。;本買賣案件係屬三親等間特殊交易，其交易價格可能異於市場正常交易價格。,RPWNMLQJOHJFFAX67CA
西嶼鄉,土地,竹篙灣段2371~2400地號,2662.0,,一般農業區,農牧用地,1030223,土地1建物0車位0,,,其他,,,,0.0,0,0,0,有,無,2289320,860,,0.0,0,親友、員工或其他特殊關係間之交易。;本買賣案件係屬三親等間特殊交易，其交易價格可能異於市場正常交易價格。,RPXNMLQJOHJFFAX77CA
西嶼鄉,土地,大池角段331~360地號,635.0,,一般農業區,農牧用地,1030223,土地1建物0車位0,,,其他,,,,0.0,0,0,0,有,無,546100,860,,0.0,0,親友、員工或其他特殊關係間之交易。;本買賣案件係屬三親等間特殊交易，其交易價格可能異於市場正常交易價格。,RPOOMLQJOHJFFAX96CA
七美鄉,土地,大嶼段5521~5550地號,360.0,,一般農業區,農牧用地,1030519,土地1建物0車位0,,,其他,,,,0.0,0,0,0,有,無,480000,1333,,0.0,0,買方負擔土地增值稅,RPSNMLTKOHJFFAX67CA
湖西鄉,土地,林投南段991~1020地號,892.8,,一般農業區,農牧用地,1030508,土地24建物0車位0,,,其他,,,,0.0,0,0,0,有,無,850000,952,,0.0,0,親友、員工或其他特殊關係間之交易。;親友、員工或其他特殊關係間之交易。,RPPNMLLKOHJFFAX66DA
白沙鄉,土地,瓦硐段901~930地號,795.0,,風景區,農牧用地,1030519,土地1建物0車位0,,,其他,,,,0.0,0,0,0,有,無,2000000,2516,,0.0,0,,RPPOMLQJOHJFFAX07CA
馬公市,土地,虎井段1201~1230地號,39.0,,鄉村區,乙種建築用地,1030523,土地1建物0車位0,,,其他,,,,0.0,0,0,0,有,無,300000,7692,,0.0,0,親友、員工或其他特殊關係間之交易。;權利人數：2人親友、員工或其他特殊關係間之交易。,RPRNMLTJOHJFFAX47CA
西嶼鄉,土地,二崁南段1021~1050地號,457.52,,一般農業區,農牧用地,1030513,土地1建物0車位0,,,其他,,,,0.0,0,0,0,有,無,622000,1360,,0.0,0,親友、員工或其他特殊關係間之交易。;親友間買賣,RPPNMLRJOHJFFAX07CA
馬公市,土地,鎖港西段241~270地號,203.82,住,,,1030530,土地1建物0車位0,,,其他,,,,0.0,0,0,0,有,無,2150000,10549,,0.0,0,,RPPNMLTJOHJFFAX27CA
馬公市,房地(土地+建物),澎湖縣馬公巿三多路1~30號,148.85,住,,,1030524,土地2建物1車位0,全,二層,透天厝,住家用,鋼筋混凝土加強磚造,0761021,145.02,3,2,2,有,無,21000000,144808,,0.0,0,,RPQNMLNLOHJFFAX96CA
馬公市,土地,西澳段241~270地號,306.05,住,,,1030530,土地3建物0車位0,,,其他,,,,0.0,0,0,0,有,無,10800000,35288,,0.0,0,,RPXNMLQKOHJFFAX87CA
馬公市,房地(土地+建物),澎湖縣馬公巿文光路25巷1~30號,61.18,住,,,1030412,土地1建物1車位0,全,二層,透天厝,住家用,鋼筋混凝土加強磚造,0661028,82.1,3,2,2,有,無,2150000,26188,,0.0,0,親友、員工或其他特殊關係間之交易。;本買賣案件係屬三親等間特殊交易，交易價格可能異於市場正常交易價格。為尊重權利人隱私權主張，地政士無法入屋現場勘查，由權利人提供建物現況格局實際資訊，供地政士申報登錄。,RPSNMLRKOHJFFAX47CA
馬公市,土地,文寮段1141~1170地號,393.7,,一般農業區,農牧用地,1030516,土地1建物0車位0,,,其他,,,,0.0,0,0,0,有,無,2618000,6650,,0.0,0,,RPVNMLQKOHJFFAX67CA
西嶼鄉,土地,赤馬一段301~330地號,606.66,,一般農業區,農牧用地,1030521,土地1建物0車位0,,,其他,,,,0.0,0,0,0,有,無,200000,330,,0.0,0,親友、員工或其他特殊關係間之交易。;親友、員工或其他特殊關係間之交易。,RPRNMLSKOHJFFAX67EA
湖西鄉,土地,尖山南段331~360地號,446.16,,一般農業區,農牧用地,1030524,土地1建物0車位0,,,其他,,,,0.0,0,0,0,有,無,2075600,4652,,0.0,0,,RPUNMLNLOHJFFAX37CA
馬公市,土地,五福段241~270地號,462.95,,一般農業區,農牧用地,1021231,土地1建物0車位0,,,其他,,,,0.0,0,0,0,有,無,17000000,36721,,0.0,0,"共有人2人。農變建專案核准,交易總價包括未興建房屋建築費用。",RPRNMLNJPHJFFAX96CA
馬公市,土地,五福段241~270地號,980.18,,一般農業區,農牧用地,1030520,土地1建物0車位0,,,其他,,,,0.0,0,0,0,有,無,35300000,36014,,0.0,0,"共有人4人。農變建專案核准,交易總價包括未興建房屋建築費用。",RPSNMLNJPHJFFAX07CA
馬公市,房地(土地+建物),澎湖縣馬公巿珠江121~150號,101.67,,鄉村區,乙種建築用地,1030603,土地2建物1車位0,全,一層,透天厝,住家用,鋼筋混凝土加強磚造,0671210,59.4,2,1,1,有,無,1500000,25253,,0.0,0,親友、員工或其他特殊關係間之交易。;親友、員工或其他特殊關係間之交易。,RPSNMLQKOHJFFAX47DA
馬公市,房地(土地+建物),澎湖縣馬公巿石泉1~30號,144.25,,一般農業區,甲種建築用地,1030516,土地2建物1車位0,全,三層,透天厝,住家用,鋼筋混凝土造,0861104,180.92,7,1,7,有,無,7800000,43113,,0.0,0,,RPTNMLQKOHJFFAX57DA
馬公市,房地(土地+建物),澎湖縣馬公巿雙頭掛1~30號,243.82,,一般農業區,甲種建築用地,1030522,土地2建物1車位0,全,三層,透天厝,住家用,鋼筋混凝土造,0960504,187.22,4,2,3,有,無,6300000,33650,,0.0,0,,RPPNMLRKOHJFFAX27DA
白沙鄉,土地,赤崁西段91~120地號,75.66,,鄉村區,乙種建築用地,1030605,土地1建物0車位0,,,其他,,,,0.0,0,0,0,有,無,230000,3040,,0.0,0,,RPQNMLSKOHJFFAX47DA
望安鄉,土地,花宅段811~840地號,315.0,,一般農業區,農牧用地,1030530,土地2建物0車位0,,,其他,,,,0.0,0,0,0,有,無,238000,756,,0.0,0,,RPPNMLNJPHJFFAX86DA
馬公市,土地,埕西段721~750地號,704.86,住,,,1030528,土地1建物0車位0,,,其他,,,,0.0,0,0,0,有,無,52000000,73774,,0.0,0,,RPPNMLNKOHJFFAX76CA
馬公市,土地,安宅段901~930地號,393.25,,一般農業區,農牧用地,1030609,土地1建物0車位0,,,其他,,,,0.0,0,0,0,有,無,2100000,5340,,0.0,0,,RPQNMLNKOHJFFAX86CA
白沙鄉,土地,中屯段751~780地號,1584.0,,一般農業區,農牧用地,1030605,土地1建物0車位0,,,其他,,,,0.0,0,0,0,有,無,1800000,1136,,0.0,0,親友、員工或其他特殊關係間之交易。;親友、員工或其他特殊關係間之交易。,RPTNMLSJPHJFFAX87EA
馬公市,土地,興仁南段31~60地號,959.12,,風景區,農牧用地,1030522,土地1建物0車位0,,,其他,,,,0.0,0,0,0,有,無,1100000,1147,,0.0,0,,RPRNMLNKOHJFFAX96CA
湖西鄉,土地,城北段331~360地號,1736.11,,一般農業區,農牧用地,1030604,土地3建物0車位0,,,其他,,,,0.0,0,0,0,有,無,4306000,2480,,0.0,0,,RPPNMLQKOHJFFAX07CA
白沙鄉,土地,中屯段751~780地號,2658.0,,一般農業區,農牧用地,1030606,土地4建物0車位0,,,其他,,,,0.0,0,0,0,有,無,5280000,1986,,0.0,0,,RPUNMLQKOHJFFAX57CA
馬公市,房地(土地+建物),澎湖縣馬公巿文山路91~120號,85.96,住,,,1030521,土地1建物1車位0,全,二層,透天厝,住家用,鋼筋混凝土加強磚造,0771114,124.5,3,2,2,有,無,5260000,42249,,0.0,0,,RPQNMLQKOHJFFAX27DA
馬公市,土地,中衛段1561~1590地號,227.47,,一般農業區,甲種建築用地,1030528,土地2建物0車位0,,,其他,,,,0.0,0,0,0,有,無,8600000,37807,,0.0,0,農變建起造人變更案件含未來興建房屋價款,RPRNMLQKOHJFFAX37DA
馬公市,房地(土地+建物),澎湖縣馬公巿東文澳151~180號,62.65,,一般農業區,甲種建築用地,1030521,土地1建物1車位0,全,三層,透天厝,住家用,鋼筋混凝土加強磚造,0760328,121.8,4,2,4,有,無,6250000,51314,,0.0,0,,RPQNMLRKOHJFFAX37DA
湖西鄉,土地,湖東新段871~900地號,140.06,,一般農業區,農牧用地,1030605,土地1建物0車位0,,,其他,,,,0.0,0,0,0,有,無,123000,878,,0.0,0,,RPRNMLRKOHJFFAX47DA
馬公市,土地,案山段331~360地號,188.14,住,,,1030527,土地2建物0車位0,,,其他,,,,0.0,0,0,0,有,無,3106000,16509,,0.0,0,,RPPNMLMJPHJFFAX76DA
白沙鄉,土地,瓦硐段1591~1620地號,2034.0,,一般農業區,農牧用地,1030610,土地1建物0車位0,,,其他,,,,0.0,0,0,0,有,無,3500000,1721,,0.0,0,,RPWNMLQKOHJFFAX77CA
馬公市,土地,埕東段181~210地號,2.1,住,,,1030611,土地1建物0車位0,,,其他,,,,0.0,0,0,0,有,無,58800,28000,,0.0,0,,RPPNMLSKOHJFFAX47EA
馬公市,土地,四維段541~570地號,305.66,農,,,1030603,土地2建物0車位0,,,其他,,,,0.0,0,0,0,有,無,2250000,7361,,0.0,0,,RPSNMLSKOHJFFAX57CA
馬公市,房地(土地+建物),澎湖縣馬公巿文光路135巷1~30號,81.62,住,,,1030606,土地2建物1車位0,全,二層,透天厝,住家用,鋼筋混凝土加強磚造,0700420,90.87,3,2,2,有,無,4250000,46770,,0.0,0,,RPPNMLKLOHJFFAX56CA
西嶼鄉,土地,竹篙灣段3811~3840地號,3099.0,,風景區,農牧用地,1030603,土地1建物0車位0,,,其他,,,,0.0,0,0,0,有,無,2789100,900,,0.0,0,,RPQNMLNJPHJFFAX86CA
白沙鄉,土地,港子段271~300地號,917.0,,一般農業區,農牧用地,1030611,土地2建物0車位0,,,其他,,,,0.0,0,0,0,有,無,600000,654,,0.0,0,,RPVNMLNLOHJFFAX47CA
馬公市,土地,文寮段31~60地號,1938.17,,一般農業區,農牧用地,1030520,土地1建物0車位0,,,其他,,,,0.0,0,0,0,有,無,9966000,5142,,0.0,0,,RPWNMLNLOHJFFAX57CA
馬公市,土地,文石段691~720地號,190.65,,一般農業區,農牧用地,1030530,土地1建物0車位0,,,其他,,,,0.0,0,0,0,有,無,700000,3672,,0.0,0,,RPTNMLRLOHJFFAX77DA
馬公市,土地,東衛段961~990地號,150.78,,鄉村區,乙種建築用地,1030612,土地1建物0車位0,,,其他,,,,0.0,0,0,0,有,無,2000000,13264,,0.0,0,,RPQNMLKLOHJFFAX76DA
馬公市,土地,光華段511~540地號,982.12,,一般農業區,農牧用地,1030611,土地1建物0車位0,,,其他,,,,0.0,0,0,0,有,無,32000000,32583,,0.0,0,權利人數：4人變更起造人，含未來興建房屋之費用。,RPUNMLKKPHJFFAX17DA
馬公市,房地(土地+建物),澎湖縣馬公巿三多路31~60號,28.53,住,,,1030605,土地2建物1車位0,五層,十層,華廈(10層含以下有電梯),住家用,鋼筋混凝土造,0850215,181.15,4,1,2,有,有,5900000,32570,,0.0,0,,RPXNMLNLOHJFFAX67CA
馬公市,土地,五福段1~30地號,918.44,,一般農業區,農牧用地,1030523,土地1建物0車位0,,,其他,,,,0.0,0,0,0,有,無,9500000,10344,,0.0,0,,RPOOMLNLOHJFFAX86CA
湖西鄉,土地,白坑段241~270地號,1340.31,,一般農業區,農牧用地,1030603,土地1建物0車位0,,,其他,,,,0.0,0,0,0,有,無,1060000,791,,0.0,0,,RPTNMLTKOHJFFAX77CA
湖西鄉,土地,城北段61~90地號,921.34,,一般農業區,農牧用地,1030611,土地1建物0車位0,,,其他,,,,0.0,0,0,0,有,無,1393500,1512,,0.0,0,,RPTNMLSKOHJFFAX67CA
湖西鄉,土地,湖東新段811~840地號,940.02,,一般農業區,農牧用地,1030605,土地1建物0車位0,,,其他,,,,0.0,0,0,0,有,無,1600000,1702,,0.0,0,,RPPNMLTKOHJFFAX37CA
馬公市,土地,興仁段661~690地號,381.83,,一般農業區,農牧用地,1030616,土地2建物0車位0,,,其他,,,,0.0,0,0,0,有,無,1617000,4235,,0.0,0,,RPRNMLTKOHJFFAX57CA
馬公市,土地,北極段211~240地號,1194.78,農,,,1030521,土地1建物0車位0,,,其他,,,,0.0,0,0,0,有,無,5420000,4536,,0.0,0,,RPUNMLTKOHJFFAX87CA
馬公市,土地,山水西段421~450地號,1382.83,,一般農業區,農牧用地,1030528,土地2建物0車位0,,,其他,,,,0.0,0,0,0,有,無,3764790,2723,,0.0,0,,RPSNMLLJPHJFFAX86CA
七美鄉,土地,七美二段721~750地號,214.9,,鄉村區,乙種建築用地,1030616,土地2建物0車位0,,,其他,,,,0.0,0,0,0,有,無,100000,465,,0.0,0,祖產返還案件,RPRNMLOJPHJFFAX07CA
馬公市,土地,四維段541~570地號,475.5,農,,,1030605,土地3建物0車位0,,,其他,,,,0.0,0,0,0,有,無,6330000,13312,,0.0,0,,RPRNMLLKPHJFFAX86CA
馬公市,土地,文東段1231~1260地號,1033.0,,一般農業區,農牧用地,1030607,土地1建物0車位0,,,其他,,,,0.0,0,0,0,有,無,2343000,2268,,0.0,0,,RPVNMLQJPHJFFAX67CA
馬公市,房地(土地+建物),澎湖縣馬公巿中山路3巷1~30號,44.0,商,,,1030502,土地1建物1車位0,全,二層,透天厝,住商用,見其他登記事項,,69.37,2,2,2,有,無,2760000,39787,,0.0,0,,RPSNMLNLOHJFFAX17CA
馬公市,土地,東衛段1171~1200地號,257.46,,鄉村區,乙種建築用地,1030512,土地1建物0車位0,,,其他,,,,0.0,0,0,0,有,無,3150000,12235,,0.0,0,賣方賣清價,RPPOMLNLOHJFFAX96CA
馬公市,房地(土地+建物)+車位,澎湖縣馬公巿三多路391~420號,16.46,商,,,1030605,土地1建物1車位1,九層,十層,華廈(10層含以下有電梯),住家用,鋼筋混凝土造,0850308,178.59,3,2,2,有,有,6200000,34716,坡道機械,0.0,0,,RPQNMLOJPHJFFAX07DA
馬公市,房地(土地+建物),澎湖縣馬公巿西文澳151~180號,65.4,,一般農業區,甲種建築用地,1030522,土地2建物1車位0,全,四層,透天厝,住家用,鋼筋混凝土加強磚造,0700330,154.98,4,1,4,有,無,6500000,41941,,0.0,0,,RPPNMLLLOHJFFAX76DA
湖西鄉,土地,紅羅段361~390地號,447.68,,鄉村區,乙種建築用地,1030604,土地1建物0車位0,,,其他,,,,0.0,0,0,0,有,無,450000,1005,,0.0,0,,RPSNMLRJPHJFFAX57DA
馬公市,土地,安宅段1081~1110地號,207.91,,一般農業區,農牧用地,1030619,土地1建物0車位0,,,其他,,,,0.0,0,0,0,有,無,702438,3379,,0.0,0,賣方賣清價,RPVNMLQKPHJFFAX87DA
馬公市,土地,五德西段721~750地號,693.57,,一般農業區,農牧用地,1030605,土地1建物0車位0,,,其他,,,,0.0,0,0,0,有,無,1993000,2874,,0.0,0,,RPPNMLLJPHJFFAX56CA
白沙鄉,土地,後寮段1891~1920地號,897.0,,一般農業區,農牧用地,1030529,土地1建物0車位0,,,其他,,,,0.0,0,0,0,有,無,2035000,2269,,0.0,0,,RPUNMLQJPHJFFAX57CA
馬公市,土地,安宅段1321~1350地號,149.5,,鄉村區,乙種建築用地,1030616,土地1建物0車位0,,,其他,,,,0.0,0,0,0,有,無,750000,5017,,0.0,0,親友、員工或其他特殊關係間之交易。;含增建或未登記建物。;本案標的含地上未登記建物(總面積：57.50㎡；權利範圍：1/2)親友關係間之交易。,RPPNMLOJPHJFFAX86CA
湖西鄉,土地,沙港北段181~210地號,410.14,,一般農業區,農牧用地,1030430,土地1建物0車位0,,,其他,,,,0.0,0,0,0,有,無,2852000,6954,,0.0,0,,RPQNMLLJPHJFFAX66CA
馬公市,土地,安宅段1081~1110地號,369.62,,一般農業區,農牧用地,1030615,土地1建物0車位0,,,其他,,,,0.0,0,0,0,有,無,1286429,3480,,0.0,0,賣方賣清價,RPQNMLRKPHJFFAX47DA
白沙鄉,土地,城前段301~330地號,194.0,,一般農業區,農牧用地,1030618,土地1建物0車位0,,,其他,,,,0.0,0,0,0,有,無,420000,2165,,0.0,0,,RPRNMLRJPHJFFAX47DA
馬公市,土地,埕東段181~210地號,8.86,其他,,,1030618,土地1建物0車位0,,,其他,,,,0.0,0,0,0,有,無,138000,15576,,0.0,0,,RPQNMLPLOHJFFAX27DA
白沙鄉,土地,吉貝東段241~270地號,1562.02,,一般農業區,農牧用地,1030605,土地1建物0車位0,,,其他,,,,0.0,0,0,0,有,無,1200000,768,,0.0,0,,RPPNMLQLOHJFFAX27DA
湖西鄉,土地,南寮北段1111~1140地號,905.5,,一般農業區,農牧用地,1030612,土地1建物0車位0,,,其他,,,,0.0,0,0,0,有,無,2100000,2319,,0.0,0,,RPQNMLQLOHJFFAX37DA
馬公市,土地,中衛段391~420地號,184.3,工,,,1030505,土地1建物0車位0,,,其他,,,,0.0,0,0,0,有,無,2000000,10852,,0.0,0,,RPRNMLQLOHJFFAX47DA
馬公市,房地(土地+建物),澎湖縣馬公巿新興路1巷1~30號,58.0,住,,,1030611,土地1建物1車位0,全,一層,透天厝,住家用,見其他登記事項,0250101,34.72,2,1,0,有,無,870000,25058,,0.0,0,親友、員工或其他特殊關係間之交易。;親友、員工或其他特殊關係間之交易。,RPWNMLRKPHJFFAX18EA
馬公市,土地,鐵線段511~540地號,338.87,,一般農業區,農牧用地,1030623,土地1建物0車位0,,,其他,,,,0.0,0,0,0,有,無,820000,2420,,0.0,0,,RPSNMLQLOHJFFAX57DA
馬公市,土地,文石段121~150地號,952.75,,一般農業區,農牧用地,1030606,土地1建物0車位0,,,其他,,,,0.0,0,0,0,有,無,6720000,7053,,0.0,0,,RPPNMLRLOHJFFAX37DA
馬公市,土地,文石段151~180地號,1130.22,,一般農業區,農牧用地,1030606,土地2建物0車位0,,,其他,,,,0.0,0,0,0,有,無,11780000,10423,,0.0,0,,RPQNMLRLOHJFFAX47DA
白沙鄉,土地,通梁東段361~390地號,1551.4,,一般農業區,農牧用地,1030623,土地3建物0車位0,,,其他,,,,0.0,0,0,0,有,無,1500000,967,,0.0,0,,RPRNMLQJPHJFFAX37DA
馬公市,土地,東澳段61~90地號,105.34,住,,,1030617,土地1建物0車位0,,,其他,,,,0.0,0,0,0,有,無,3200000,30378,,0.0,0,,RPWNMLOKPHJFFAX77DA
馬公市,土地,四維段601~630地號,194.39,,一般農業區,農牧用地,1030619,土地1建物0車位0,,,其他,,,,0.0,0,0,0,有,無,4386000,22563,,0.0,0,,RPRNMLRLOHJFFAX57DA
馬公市,土地,五福段751~780地號,863.15,,一般農業區,農牧用地,1030623,土地1建物0車位0,,,其他,,,,0.0,0,0,0,有,無,9918000,11490,,0.0,0,,RPRNMLKMOHJFFAX96DA
馬公市,房地(土地+建物),澎湖縣馬公巿光復路148巷1~30號,30.03,住,,,1030619,土地2建物1車位0,二層,七層,華廈(10層含以下有電梯),住家用,鋼筋混凝土造,0830303,142.32,3,2,4,有,無,4420000,31057,,0.0,0,,RPTNMLLJPHJFFAX07DA
白沙鄉,土地,通梁中段1141~1170地號,859.19,住,,,1030617,土地3建物0車位0,,,其他,,,,0.0,0,0,0,有,無,3500000,4074,,0.0,0,,RPUNMLLJPHJFFAX07CA
馬公市,土地,五德東段1~30地號,822.98,農,,,1030618,土地1建物0車位0,,,其他,,,,0.0,0,0,0,有,無,3236000,3932,,0.0,0,,RPUNMLRLOHJFFAX77CA
馬公市,土地,馬公段241~270地號,224.0,商,,,1030526,土地2建物0車位0,,,其他,,,,0.0,0,0,0,有,無,6944000,31000,,0.0,0,親友、員工或其他特殊關係間之交易。;親友、員工或其他特殊關係間之交易。,RPPNMLKMOHJFFAX66CA
馬公市,土地,馬公段241~270地號,112.0,商,,,1030526,土地1建物0車位0,,,其他,,,,0.0,0,0,0,有,無,3472000,31000,,0.0,0,親友、員工或其他特殊關係間之交易。;親友、員工或其他特殊關係間之交易。,RPQNMLKMOHJFFAX76CA
湖西鄉,土地,潭邊新段361~390地號,1124.97,,一般農業區,農牧用地,1030622,土地1建物0車位0,,,其他,,,,0.0,0,0,0,有,無,1700000,1511,,0.0,0,,RPTNMLQJPHJFFAX47CA
馬公市,土地,鐵線段451~480地號,398.58,,一般農業區,農牧用地,1030530,土地1建物0車位0,,,其他,,,,0.0,0,0,0,有,無,2050000,5143,,0.0,0,,RPRNMLTJPHJFFAX57CA
馬公市,土地,國宅段91~120地號,706.86,,一般農業區,農牧用地,1030530,土地1建物0車位0,,,其他,,,,0.0,0,0,0,有,無,3100000,4386,,0.0,0,,RPSNMLTJPHJFFAX67CA
七美鄉,土地,七美二段841~870地號,44.24,,鄉村區,乙種建築用地,1030620,土地2建物0車位0,,,其他,,,,0.0,0,0,0,有,無,170000,3843,,0.0,0,,RPTNMLTJPHJFFAX77CA
西嶼鄉,土地,合界頭段301~330地號,818.0,,鄉村區,乙種建築用地,1030613,土地1建物0車位0,,,其他,,,,0.0,0,0,0,有,無,9688899,11845,,0.0,0,,RPRNMLLJPHJFFAX76CA
馬公市,房地(土地+建物)+車位,澎湖縣馬公巿三多路391~420號,13.64,商,,,1030612,土地1建物1車位0,七層,十層,華廈(10層含以下有電梯),住家用,鋼筋混凝土造,0850308,120.02,3,0,1,有,有,4300000,35827,坡道平面,0.0,0,,RPVNMLKKPHJFFAX27DA
西嶼鄉,土地,緝馬灣段91~120地號,1426.0,,一般農業區,農牧用地,1030616,土地1建物0車位0,,,其他,,,,0.0,0,0,0,有,無,150000,105,,0.0,0,受債權債務影響或債務抵償之交易。;受債權債務影響或債務抵償之交易。,RPQNMLLKPHJFFAX86DA
湖西鄉,土地,龍門北段721~750地號,65.84,,鄉村區,乙種建築用地,1030624,土地1建物0車位0,,,其他,,,,0.0,0,0,0,有,無,230000,3493,,0.0,0,,RPPNMLQJPHJFFAX17DA
白沙鄉,土地,吉貝東段421~450地號,2551.0,,一般農業區,農牧用地,1030626,土地1建物0車位0,,,其他,,,,0.0,0,0,0,有,無,1800000,706,,0.0,0,受債權債務影響或債務抵償之交易。;債權抵償,RPSNMLSJPHJFFAX67DA
馬公市,土地,東衛段331~360地號,1508.49,,一般農業區,農牧用地,1030621,土地1建物0車位0,,,其他,,,,0.0,0,0,0,有,無,49640000,32907,,0.0,0,含未來興建7戶房屋價款,RPOOMLOKPHJFFAX07DA
馬公市,土地,西澳段241~270地號,8.47,住,,,1030624,土地1建物0車位0,,,其他,,,,0.0,0,0,0,有,無,446455,52710,,0.0,0,,RPPNMLRJPHJFFAX17CA
馬公市,土地,中衛段1591~1620地號,539.97,,一般農業區,農牧用地,1030619,土地1建物0車位0,,,其他,,,,0.0,0,0,0,有,無,3700000,6852,,0.0,0,,RPVNMLOKPHJFFAX57CA
湖西鄉,土地,尖山南段1081~1110地號,1786.34,,一般農業區,農牧用地,1030625,土地1建物0車位0,,,其他,,,,0.0,0,0,0,有,無,5130000,2872,,0.0,0,,RPWNMLQJPHJFFAX77CA
馬公市,土地,六合段121~150地號,283.14,,一般農業區,甲種建築用地,1030528,土地2建物0車位0,,,其他,,,,0.0,0,0,0,有,無,16000000,56509,,0.0,0,農變建之起造人變更含未來興建房屋價款,RPRNMLSJPHJFFAX57DA
馬公市,土地,文寮段721~750地號,201.39,,一般農業區,甲種建築用地,1030523,土地2建物0車位0,,,其他,,,,0.0,0,0,0,有,無,6930000,34411,,0.0,0,農變更建案件含未完成建築物0,RPSNMLQKPHJFFAX57DA
馬公市,土地,文寮段721~750地號,198.56,,一般農業區,甲種建築用地,1030515,土地2建物0車位0,,,其他,,,,0.0,0,0,0,有,無,7000000,35254,,0.0,0,農變建案件含未完成建築物0,RPTNMLQKPHJFFAX67DA
西嶼鄉,土地,外垵二段661~690地號,739.56,,一般農業區,農牧用地,1030526,土地1建物0車位0,,,其他,,,,0.0,0,0,0,有,無,1360000,1839,,0.0,0,,RPRNMLPKPHJFFAX37DA
馬公市,房地(土地+建物),澎湖縣馬公巿縣府新村1~30號,100.22,住,,,1030619,土地1建物1車位0,全,二層,透天厝,住家用,鋼筋混凝土加強磚造,0660204,108.72,4,1,2,有,無,7380000,67881,,0.0,0,,RPXNMLSJPHJFFAX18DA
白沙鄉,土地,港尾段1051~1080地號,262.0,,一般農業區,農牧用地,1030626,土地1建物0車位0,,,其他,,,,0.0,0,0,0,有,無,332842,1270,,0.0,0,,RPUNMLRJPHJFFAX77DA
白沙鄉,土地,港尾段1201~1230地號,664.0,,風景區,農牧用地,1030626,土地1建物0車位0,,,其他,,,,0.0,0,0,0,有,無,843584,1270,,0.0,0,,RPVNMLRJPHJFFAX87DA
馬公市,房地(土地+建物),澎湖縣馬公巿光復里民福路121~150號,65.0,商,,,1030618,土地2建物1車位0,全,三層,透天厝,住商用,鋼筋混凝土造,0650621,157.5,2,1,2,有,無,7200000,45714,,0.0,0,,RPPNMLSJPHJFFAX37DA
馬公市,土地,海堤段1021~1050地號,8.74,其他,,,1030605,土地1建物0車位0,,,其他,,,,0.0,0,0,0,有,無,64676,7400,,0.0,0,協議價購（7400元/M2）,RPQNMLSJPHJFFAX47DA
白沙鄉,土地,中屯段241~270地號,864.0,,一般農業區,農牧用地,1030626,土地2建物0車位0,,,其他,,,,0.0,0,0,0,有,無,2800000,3241,,0.0,0,,RPUNMLSJPHJFFAX77CA
白沙鄉,土地,通梁東段1~30地號,1301.03,,風景區,農牧用地,1030625,土地1建物0車位0,,,其他,,,,0.0,0,0,0,有,無,3136000,2410,,0.0,0,,RPRNMLOKPHJFFAX17CA
馬公市,土地,鎖港南段1141~1170地號,994.35,住,,,1030616,土地2建物0車位0,,,其他,,,,0.0,0,0,0,有,無,9597000,9652,,0.0,0,,RPSNMLOKPHJFFAX27CA
湖西鄉,房地(土地+建物),澎湖縣馬公巿91~120號,740.79,,一般農業區,農牧用地,1030701,土地1建物1車位0,一層,一層,其他,住家用,見其他登記事項,,9.28,8,3,0,有,無,1288743,138873,,0.0,0,親友、員工或其他特殊關係間之交易。;親友、員工或其他特殊關係間之交易。,RPPNMLQKPHJFFAX17CA
白沙鄉,土地,後寮南段1081~1110地號,350.02,,一般農業區,農牧用地,1030429,土地1建物0車位0,,,其他,,,,0.0,0,0,0,有,無,200000,571,,0.0,0,親友、員工或其他特殊關係間之交易。;親友、員工或其他特殊關係間之交易。,RPRNMLQKPHJFFAX37CA
西嶼鄉,土地,竹篙灣段1771~1800地號,39.25,,鄉村區,乙種建築用地,1030630,土地1建物0車位0,,,其他,,,,0.0,0,0,0,有,無,62000,1580,,0.0,0,,RPTNMLOJPHJFFAX27CA
馬公市,土地,安宅段691~720地號,255.0,,一般農業區,農牧用地,1030627,土地1建物0車位0,,,其他,,,,0.0,0,0,0,有,無,1560000,6118,,0.0,0,,RPUNMLOJPHJFFAX37CA
湖西鄉,土地,沙港南段631~660地號,310.09,,一般農業區,農牧用地,1030626,土地1建物0車位0,,,其他,,,,0.0,0,0,0,有,無,1960000,6321,,0.0,0,,RPQNMLQJPHJFFAX27DA
馬公市,土地,風櫃西段301~330地號,895.2,,一般農業區,農牧用地,1030623,土地1建物0車位0,,,其他,,,,0.0,0,0,0,有,無,1218000,1361,,0.0,0,,RPOOMLSJPHJFFAX37DA
西嶼鄉,土地,竹篙灣段1561~1590地號,34.33,,一般農業區,農牧用地,1030701,土地1建物0車位0,,,其他,,,,0.0,0,0,0,有,無,90000,2622,,0.0,0,,RPQNMLOKPHJFFAX17DA
馬公市,土地,五德西段301~330地號,67.16,,一般農業區,農牧用地,1030630,土地1建物0車位0,,,其他,,,,0.0,0,0,0,有,無,264160,3933,,0.0,0,,RPRNMLRKPHJFFAX57DA
馬公市,土地,山水北段511~540地號,258.25,,一般農業區,農牧用地,1030630,土地1建物0車位0,,,其他,,,,0.0,0,0,0,有,無,742235,2874,,0.0,0,,RPTNMLRKPHJFFAX77DA
白沙鄉,土地,港尾段1081~1110地號,2982.0,,一般農業區,農牧用地,1030626,土地2建物0車位0,,,其他,,,,0.0,0,0,0,有,無,3788574,1270,,0.0,0,,RPTNMLRJPHJFFAX57CA
馬公市,土地,五福段511~540地號,446.51,,一般農業區,農牧用地,1030522,土地1建物0車位0,,,其他,,,,0.0,0,0,0,有,無,5535000,12396,,0.0,0,,RPTNMLOKPHJFFAX37CA
馬公市,土地,四維段361~390地號,346.09,農,,,1030618,土地1建物0車位0,,,其他,,,,0.0,0,0,0,有,無,4460000,12887,,0.0,0,,RPTNMLPLPHJFFAX57CA
西嶼鄉,土地,內垵二段811~840地號,397.05,,鄉村區,乙種建築用地,1030626,土地2建物0車位0,,,其他,,,,0.0,0,0,0,有,無,973084,2451,,0.0,0,,RPSNMLPKPHJFFAX37CA
馬公市,房地(土地+建物),澎湖縣馬公巿石泉路1~30號,52.38,,鄉村區,乙種建築用地,1030613,土地1建物1車位0,全,三層,透天厝,住家用,鋼筋混凝土造,0720118,100.62,2,1,2,有,無,539588,5363,,0.0,0,親友、員工或其他特殊關係間之交易。;親友、員工或其他特殊關係間之交易。,RPTNMLPKPHJFFAX47CA
白沙鄉,土地,後寮段1771~1800地號,737.0,,一般農業區,農牧用地,1030617,土地2建物0車位0,,,其他,,,,0.0,0,0,0,有,無,750000,1018,,0.0,0,,RPVNMLRKPHJFFAX87CA
湖西鄉,土地,紅羅段1621~1650地號,754.66,,一般農業區,農牧用地,1030630,土地3建物0車位0,,,其他,,,,0.0,0,0,0,有,無,1000000,1325,,0.0,0,,RPPNMLKKPHJFFAX56CA
馬公市,房地(土地+建物),澎湖縣馬公巿成功街8巷1~30號,84.9,住,,,1030620,土地1建物1車位0,全,二層,透天厝,住家用,鋼筋混凝土加強磚造,0690412,107.84,5,2,2,有,無,5350000,49611,,0.0,0,,RPQNMLMJQHJFFAX86CA
馬公市,土地,埕西段781~810地號,18.7,住,,,1030627,土地1建物0車位0,,,其他,,,,0.0,0,0,0,有,無,1096000,58610,,0.0,0,,RPVNMLSJPHJFFAX08EA
馬公市,土地,埕西段751~780地號,21.16,住,,,1030630,土地1建物0車位0,,,其他,,,,0.0,0,0,0,有,無,1401215,66220,,0.0,0,向政府機關承購之案件。;向政府機關承購之案件。,RPWNMLSJPHJFFAX18EA
馬公市,土地,文寮段841~870地號,2.31,,,,1030627,土地1建物0車位0,,,其他,,,,0.0,0,0,0,有,無,20678,8952,,0.0,0,向政府機關承購之案件。;向政府機關承購之案件。,RPPNMLTJPHJFFAX57EA
馬公市,土地,文光段631~660地號,19.12,住,,,1030630,土地1建物0車位0,,,其他,,,,0.0,0,0,0,有,無,790612,41350,,0.0,0,向政府機關承購之案件。;向政府機關承購之案件。,RPQNMLSLPHJFFAX77EA
馬公市,建物,澎湖縣馬公巿珠江151~180號,0.0,,,,1030623,土地0建物1車位0,全,二層,透天厝,國民住宅,鋼筋混凝土加強磚造,0760926,119.89,5,2,2,有,無,1300000,10843,,0.0,0,親友、員工或其他特殊關係間之交易。;親友、員工或其他特殊關係間之交易。,RPROMLRKPHJFFAX67DA
馬公市,房地(土地+建物),澎湖縣馬公巿石泉里石泉1~30號,176.45,,鄉村區,乙種建築用地,1030620,土地2建物1車位0,全,四層,透天厝,住家用,鋼筋混凝土造,1010713,269.35,6,2,5,有,無,9200000,34156,,0.0,0,,RPQNMLKKPHJFFAX76DA
馬公市,土地,五德西段631~660地號,105.79,,一般農業區,甲種建築用地,1030702,土地1建物0車位0,,,其他,,,,0.0,0,0,0,有,無,600000,5672,,0.0,0,,RPSNMLKKPHJFFAX86CA
西嶼鄉,土地,大池角段811~840地號,1248.0,,一般農業區,農牧用地,1030620,土地1建物0車位0,,,其他,,,,0.0,0,0,0,有,無,3620000,2901,,0.0,0,,RPPNMLLKPHJFFAX66CA
湖西鄉,土地,許家段31~60地號,401.48,,一般農業區,農牧用地,1030630,土地1建物0車位0,,,其他,,,,0.0,0,0,0,有,無,1215000,3026,,0.0,0,,RPPNMLNLPHJFFAX96CA
馬公市,土地,鐵線段451~480地號,265.72,,一般農業區,農牧用地,1030704,土地1建物0車位0,,,其他,,,,0.0,0,0,0,有,無,1607600,6050,,0.0,0,,RPUNMLPLPHJFFAX67CA
白沙鄉,土地,中屯段1201~1230地號,2064.0,,風景區,農牧用地,1030604,土地1建物0車位0,,,其他,,,,0.0,0,0,0,有,無,4680000,2267,,0.0,0,,RPTNMLKKPHJFFAX96CA
馬公市,土地,四維段1501~1530地號,915.3,,一般農業區,農牧用地,1030708,土地1建物0車位0,,,其他,,,,0.0,0,0,0,有,無,4118848,4500,,0.0,0,澎35號線重光開發案段道路協議價購(4500元/M2),RPRNMLKKPHJFFAX86DA
馬公市,房地(土地+建物),澎湖縣馬公巿光復路271~300號,9.38,住,,,1030630,土地3建物1車位0,四層,七層,套房(1房1廳1衛),住家用,鋼筋混凝土造,0860320,46.63,1,1,1,有,有,1000000,21445,,0.0,0,,RPSNMLLKPHJFFAX07DA
馬公市,土地,東衛段1171~1200地號,6.25,,鄉村區,乙種建築用地,1030703,土地1建物0車位0,,,其他,,,,0.0,0,0,0,有,無,30000,4800,,0.0,0,親友、員工或其他特殊關係間之交易。;親友、員工或其他特殊關係間之交易。,RPPNMLOKPHJFFAX07DA
七美鄉,土地,大嶼段4021~4050地號,592.0,,鄉村區,乙種建築用地,1030627,土地2建物0車位0,,,其他,,,,0.0,0,0,0,有,無,5380000,9088,,0.0,0,含增建或未登記建物。;本案標的包含土地尚未登記建物(總面積：66.20平方公尺),RPWNMLKKPHJFFAX27CA
馬公市,土地,文東段1231~1260地號,1033.0,,一般農業區,農牧用地,1030625,土地1建物0車位0,,,其他,,,,0.0,0,0,0,有,無,5300000,5131,,0.0,0,,RPQNMLPKPHJFFAX17CA
白沙鄉,土地,城前段541~570地號,446.0,,一般農業區,農牧用地,1030620,土地1建物0車位0,,,其他,,,,0.0,0,0,0,有,無,742000,1664,,0.0,0,,RPUNMLOKPHJFFAX47CA
馬公市,房地(土地+建物),澎湖縣馬公巿三多路1~30號,140.19,住,,,1030701,土地1建物1車位0,全,二層,透天厝,住家用,鋼筋混凝土加強磚造,0761021,152.19,3,2,2,有,無,23800000,156383,,0.0,0,,RPPNMLPKPHJFFAX07CA
白沙鄉,土地,通梁東段1~30地號,1301.03,,風景區,農牧用地,1030708,土地1建物0車位0,,,其他,,,,0.0,0,0,0,有,無,7080000,5442,,0.0,0,,RPQNMLNLPHJFFAX07CA
馬公市,土地,山水西段1~30地號,928.26,,鄉村區,乙種建築用地,1030705,土地10建物0車位0,,,其他,,,,0.0,0,0,0,有,無,2900000,3124,,0.0,0,,RPUNMLPKPHJFFAX67DA
馬公市,土地,埕東段931~960地號,73.98,住,,,1030707,土地1建物0車位0,,,其他,,,,0.0,0,0,0,有,無,3000000,40552,,0.0,0,,RPQNMLQKPHJFFAX37DA
馬公市,房地(土地+建物),澎湖縣馬公巿忠孝路77巷31~60號,61.0,住,,,1030712,土地2建物1車位0,全,二層,透天厝,住家用,鋼筋混凝土加強磚造,0630307,80.3,4,2,2,有,無,2200000,27397,,0.0,0,親友、員工或其他特殊關係間之交易。;親友、員工或其他特殊關係間之交易。,RPTNMLSKPHJFFAX87DA
馬公市,房地(土地+建物),澎湖縣馬公巿新村路1~30號,29.77,住,,,1030630,土地1建物1車位0,三層,五層,公寓(5樓含以下無電梯),國民住宅,鋼筋混凝土造,0730629,88.76,3,1,2,有,無,3560000,40108,,0.0,0,,RPPNMLQJQHJFFAX27DA
馬公市,土地,山水北段511~540地號,774.75,,一般農業區,農牧用地,1030710,土地1建物0車位0,,,其他,,,,0.0,0,0,0,有,無,2226515,2874,,0.0,0,,RPUNMLRKPHJFFAX87DA
馬公市,土地,五德西段301~330地號,201.49,,一般農業區,農牧用地,1030710,土地1建物0車位0,,,其他,,,,0.0,0,0,0,有,無,792480,3933,,0.0,0,,RPSNMLRKPHJFFAX67DA
馬公市,土地,五福段781~810地號,1120.84,,一般農業區,農牧用地,1030614,土地2建物0車位0,,,其他,,,,0.0,0,0,0,有,無,7400000,6602,,0.0,0,,RPVNMLPKPHJFFAX67CA
湖西鄉,土地,西溪新段181~210地號,1164.01,,一般農業區,農牧用地,1030701,土地1建物0車位0,,,其他,,,,0.0,0,0,0,有,無,1000000,859,,0.0,0,急買急賣。;急買急賣。,RPXNMLRKPHJFFAX08CA
馬公市,土地,國宅段271~300地號,1930.67,,一般農業區,農牧用地,1030707,土地1建物0車位0,,,其他,,,,0.0,0,0,0,有,無,13432000,6957,,0.0,0,,RPPOMLRKPHJFFAX37CA
馬公市,房地(土地+建物),澎湖縣馬公巿朝陽路100巷1~30號,100.15,住,,,1030701,土地1建物1車位0,全,三層,透天厝,住家用,鋼筋混凝土造,0820316,172.95,4,1,5,有,無,7000000,40474,,0.0,0,,RPQOMLRKPHJFFAX47CA
馬公市,土地,山水北段601~630地號,277.61,,鄉村區,乙種建築用地,1030624,土地1建物0車位0,,,其他,,,,0.0,0,0,0,有,無,2600000,9366,,0.0,0,,RPPNMLSKPHJFFAX37CA
馬公市,土地,東衛段721~750地號,551.99,,一般農業區,農牧用地,1030710,土地2建物0車位0,,,其他,,,,0.0,0,0,0,有,無,883177,1600,,0.0,0,親友、員工或其他特殊關係間之交易。;親友、員工或其他特殊關係間之交易。,RPRNMLSKPHJFFAX57CA
馬公市,土地,東衛段931~960地號,66.88,,一般農業區,農牧用地,1030710,土地1建物0車位0,,,其他,,,,0.0,0,0,0,有,無,107007,1600,,0.0,0,親友、員工或其他特殊關係間之交易。;親友、員工或其他特殊關係間之交易。,RPSNMLSKPHJFFAX67CA
白沙鄉,土地,瓦硐段1471~1500地號,1678.0,,一般農業區,農牧用地,1030714,土地2建物0車位0,,,其他,,,,0.0,0,0,0,有,無,1700000,1013,,0.0,0,,RPTNMLNLPHJFFAX37CA
西嶼鄉,土地,竹篙灣段2251~2280地號,497.0,,一般農業區,農牧用地,1030702,土地2建物0車位0,,,其他,,,,0.0,0,0,0,有,無,1800000,3622,,0.0,0,,RPRNMLNLPHJFFAX17CA
白沙鄉,土地,港尾段451~480地號,507.0,,鄉村區,乙種建築用地,1030603,土地3建物0車位0,,,其他,,,,0.0,0,0,0,有,無,2200000,4339,,0.0,0,,RPPNMLRKPHJFFAX37DA
白沙鄉,土地,下瓦硐段871~900地號,511.88,,一般農業區,農牧用地,1030623,土地1建物0車位0,,,其他,,,,0.0,0,0,0,有,無,1393000,2721,,0.0,0,,RPOOMLRKPHJFFAX37DA
馬公市,土地,西澳段511~540地號,101.27,住,,,1030710,土地1建物0車位0,,,其他,,,,0.0,0,0,0,有,無,2700000,26661,,0.0,0,,RPQNMLSKPHJFFAX57DA
馬公市,土地,光華段151~180地號,1395.13,,一般農業區,農牧用地,1030709,土地1建物0車位0,,,其他,,,,0.0,0,0,0,有,無,9600000,6881,,0.0,0,,RPQNMLLLPHJFFAX96DA
馬公市,土地,春暉段601~630地號,99.46,住,,,1030711,土地1建物0車位0,,,其他,,,,0.0,0,0,0,有,無,3900000,39212,,0.0,0,,RPSNMLOJQHJFFAX37DA
湖西鄉,土地,湖東新段811~840地號,751.92,,一般農業區,農牧用地,1030704,土地1建物0車位0,,,其他,,,,0.0,0,0,0,有,無,1662000,2210,,0.0,0,,RPUNMLLLPHJFFAX37DA
西嶼鄉,土地,二崁北段661~690地號,1644.79,,一般農業區,農牧用地,1030613,土地2建物0車位0,,,其他,,,,0.0,0,0,0,有,無,7460000,4536,,0.0,0,,RPPNMLLLPHJFFAX86DA
馬公市,土地,東衛段781~810地號,1477.39,,一般農業區,農牧用地,1030708,土地1建物0車位0,,,其他,,,,0.0,0,0,0,有,無,12615000,8539,,0.0,0,,RPPNMLPKQHJFFAX27DA
馬公市,土地,東澳段61~90地號,84.02,住,,,1030705,土地3建物0車位0,,,其他,,,,0.0,0,0,0,有,無,2540000,30231,,0.0,0,,RPRNMLLLPHJFFAX07DA
白沙鄉,土地,中屯段661~690地號,625.0,,一般農業區,農牧用地,1030707,土地1建物0車位0,,,其他,,,,0.0,0,0,0,有,無,2935000,4696,,0.0,0,,RPSNMLLLPHJFFAX17DA
湖西鄉,土地,林投南段991~1020地號,238.6,,一般農業區,農牧用地,1030716,土地1建物0車位0,,,其他,,,,0.0,0,0,0,有,無,1948000,8164,,0.0,0,,RPTNMLLLPHJFFAX27DA
馬公市,房地(土地+建物),澎湖縣馬公巿珠江121~150號,362.35,,鄉村區,乙種建築用地,1030627,土地1建物1車位0,全,二層,透天厝,住家用,鋼筋混凝土加強磚造,0700808,167.56,4,1,1,有,無,3500000,20888,,0.0,0,親友、員工或其他特殊關係間之交易。;親友、員工或其他特殊關係間之交易。,RPWNMLSJQHJFFAX08CA
馬公市,土地,五福段241~270地號,692.83,,一般農業區,農牧用地,1030714,土地1建物0車位0,,,其他,,,,0.0,0,0,0,有,無,25800000,37239,,0.0,0,"共有人3人,農變建專案核准,交易總價包括未興建房屋建築費用。",RPSNMLNLPHJFFAX27CA
馬公市,土地,光華段421~450地號,387.42,,一般農業區,農牧用地,1030711,土地1建物0車位0,,,其他,,,,0.0,0,0,0,有,無,1605000,4143,,0.0,0,,RPVNMLPLPHJFFAX77CA
馬公市,土地,國宅段31~60地號,330.54,,一般農業區,農牧用地,1030715,土地1建物0車位0,,,其他,,,,0.0,0,0,0,有,無,2999400,9074,,0.0,0,,RPTNMLOLPHJFFAX47CA
馬公市,土地,海堤段1111~1140地號,324.82,住,,,1030710,土地1建物0車位0,,,其他,,,,0.0,0,0,0,有,無,1965000,6050,,0.0,0,,RPVNMLLLPHJFFAX37CA
馬公市,土地,四維段601~630地號,194.39,,一般農業區,農牧用地,1030704,土地1建物0車位0,,,其他,,,,0.0,0,0,0,有,無,4850000,24950,,0.0,0,,RPRNMLOLPHJFFAX27CA
馬公市,土地,國宅段31~60地號,407.03,,一般農業區,農牧用地,1030715,土地1建物0車位0,,,其他,,,,0.0,0,0,0,有,無,3693600,9075,,0.0,0,,RPSNMLOLPHJFFAX37CA
馬公市,土地,東澳段1051~1080地號,66.46,住,,,1030710,土地1建物0車位0,,,其他,,,,0.0,0,0,0,有,無,1000000,15047,,0.0,0,,RPUNMLNLPHJFFAX47CA
白沙鄉,土地,中屯段1111~1140地號,1111.0,,一般農業區,農牧用地,1030620,土地3建物0車位0,,,其他,,,,0.0,0,0,0,有,無,2114720,1903,,0.0,0,親友、員工或其他特殊關係間之交易。;親友、員工或其他特殊關係間之交易。,RPTNMLSLPHJFFAX87CA
馬公市,土地,案山段811~840地號,1180.33,住,,,1030708,土地3建物0車位0,,,其他,,,,0.0,0,0,0,有,無,23200000,19656,,0.0,0,,RPPNMLTLPHJFFAX57CA
西嶼鄉,土地,橫礁段301~330地號,1959.0,,一般農業區,農牧用地,1030714,土地2建物0車位0,,,其他,,,,0.0,0,0,0,有,無,2660000,1358,,0.0,0,,RPQNMLPLPHJFFAX37DA
馬公市,房地(土地+建物),澎湖縣馬公巿四維路91~120號,38.58,住,,,1030701,土地1建物1車位0,五層,七層,華廈(10層含以下有電梯),住家用,鋼筋混凝土造,0810908,192.04000000000002,3,2,2,有,有,5000000,26036,,0.0,0,,RPPNMLSKQHJFFAX57DA
湖西鄉,土地,東石新段751~780地號,1420.51,,一般農業區,農牧用地,1030717,土地3建物0車位0,,,其他,,,,0.0,0,0,0,有,無,1289000,907,,0.0,0,,RPQNMLKMPHJFFAX96DA
馬公市,土地,案山段691~720地號,125.6,其他,,,1030702,土地4建物0車位0,,,其他,,,,0.0,0,0,0,有,無,1450000,11545,,0.0,0,,RPQNMLOLPHJFFAX27DA
白沙鄉,土地,城前段211~240地號,153.0,,一般農業區,農牧用地,1030620,土地1建物0車位0,,,其他,,,,0.0,0,0,0,有,無,277600,1814,,0.0,0,,RPVNMLNLPHJFFAX57CA
湖西鄉,土地,西溪新段121~150地號,435.01,,一般農業區,農牧用地,1030715,土地1建物0車位0,,,其他,,,,0.0,0,0,0,有,無,657000,1510,,0.0,0,,RPRNMLPLPHJFFAX37CA
白沙鄉,土地,港子段361~390地號,42.0,,一般農業區,農牧用地,1030127,土地1建物0車位0,,,其他,,,,0.0,0,0,0,有,無,186480,4440,,0.0,0,向政府機關承購之案件。;向政府機關承購之案件。,RPPNMLMLPHJFFAX07EA
馬公市,土地,山水北段601~630地號,677.45,,鄉村區,乙種建築用地,1030704,土地1建物0車位0,,,其他,,,,0.0,0,0,0,有,無,9180000,13551,,0.0,0,,RPPNMLOLPHJFFAX17DA
馬公市,土地,鐵線段481~510地號,473.86,,一般農業區,農牧用地,1030718,土地1建物0車位0,,,其他,,,,0.0,0,0,0,有,無,2100000,4432,,0.0,0,,RPSNMLPLPHJFFAX57DA
湖西鄉,土地,中西段991~1020地號,1641.08,,一般農業區,農牧用地,1030717,土地1建物0車位0,,,其他,,,,0.0,0,0,0,有,無,3470000,2114,,0.0,0,,RPRNMLSLPHJFFAX77DA
湖西鄉,土地,潭邊新段811~840地號,3415.14,,一般農業區,農牧用地,1030715,土地2建物0車位0,,,其他,,,,0.0,0,0,0,有,無,7231000,2117,,0.0,0,,RPSNMLSLPHJFFAX87DA
馬公市,土地,五福段121~150地號,239.94,,一般農業區,甲種建築用地,1030715,土地2建物0車位0,,,其他,,,,0.0,0,0,0,有,無,9880000,41177,,0.0,0,農變建之起造人變更含未來興建房屋價款,RPUNMLSLPHJFFAX08DA
馬公市,土地,文石段1231~1260地號,478.18,,一般農業區,農牧用地,1030702,土地1建物0車位0,,,其他,,,,0.0,0,0,0,有,無,3980000,8323,,0.0,0,,RPQNMLTLPHJFFAX77DA
七美鄉,土地,七美二段361~390地號,880.97,,一般農業區,農牧用地,1030603,土地2建物0車位0,,,其他,,,,0.0,0,0,0,有,無,2000000,2270,,0.0,0,,RPQNMLOJQHJFFAX17DA
湖西鄉,土地,尖山南段691~720地號,154.4,,鄉村區,乙種建築用地,1030714,土地1建物0車位0,,,其他,,,,0.0,0,0,0,有,無,1000000,6477,,0.0,0,,RPPNMLSLPHJFFAX47CA
馬公市,房地(土地+建物)+車位,澎湖縣馬公巿三多路391~420號,19.05,商,,,1030708,土地1建物1車位1,一層，二層，三層,十層,華廈(10層含以下有電梯),住商用,鋼筋混凝土造,0850308,167.88,2,3,3,有,有,7580000,45151,坡道平面,0.0,0,,RPPNMLPJQHJFFAX17DA
馬公市,土地,案山段1~30地號,1450.46,其他,,,1030709,土地1建物0車位0,,,其他,,,,0.0,0,0,0,有,無,85580000,59002,,0.0,0,,RPRNMLTLPHJFFAX77CA
馬公市,房地(土地+建物),澎湖縣馬公巿文山路151巷31~60號,140.13,,鄉村區,乙種建築用地,1030721,土地0建物1車位0,全,三層,透天厝,住家用,鋼筋混凝土加強磚造,0730925,115.15,3,2,2,有,無,5600000,48632,,0.0,0,,RPUNMLTLPHJFFAX08CA
馬公市,土地,鐵線段1051~1080地號,241.9,,一般農業區,農牧用地,1030714,土地2建物0車位0,,,其他,,,,0.0,0,0,0,有,無,900000,3721,,0.0,0,親友、員工或其他特殊關係間之交易。;親友、員工或其他特殊關係間之交易。,RPPNMLLKQHJFFAX76CA
馬公市,土地,四維段361~390地號,346.09,農,,,1030723,土地1建物0車位0,,,其他,,,,0.0,0,0,0,有,無,5025000,14519,,0.0,0,,RPQNMLLKQHJFFAX86CA
湖西鄉,土地,南寮北段1501~1530地號,82.74,,一般農業區,農牧用地,1030718,土地1建物0車位0,,,其他,,,,0.0,0,0,0,有,無,75000,906,,0.0,0,親友、員工或其他特殊關係間之交易。;親友間之交易。,RPSNMLTLPHJFFAX97DA
馬公市,土地,東澳段61~90地號,13.17,住,,,1030705,土地1建物0車位0,,,其他,,,,0.0,0,0,0,有,無,398000,30220,,0.0,0,,RPTNMLTLPHJFFAX08DA
馬公市,土地,山水東段571~600地號,1658.76,,一般農業區,農牧用地,1030715,土地2建物0車位0,,,其他,,,,0.0,0,0,0,有,無,6730000,4057,,0.0,0,,RPRNMLKMPHJFFAX07DA
白沙鄉,土地,吉貝西段331~360地號,378.2,,一般農業區,農牧用地,1030708,土地1建物0車位0,,,其他,,,,0.0,0,0,0,有,無,350000,925,,0.0,0,,RPSNMLPJQHJFFAX47DA
馬公市,土地,安宅段901~930地號,393.25,,一般農業區,農牧用地,1030721,土地1建物0車位0,,,其他,,,,0.0,0,0,0,有,無,2480000,6306,,0.0,0,,RPSNMLKMPHJFFAX07CA
馬公市,土地,五德東段481~510地號,1173.11,農,,,1030716,土地2建物0車位0,,,其他,,,,0.0,0,0,0,有,無,2660000,2267,,0.0,0,,RPTNMLKMPHJFFAX17CA
湖西鄉,土地,機場段1111~1140地號,496.94,,一般農業區,農牧用地,1030725,土地1建物0車位0,,,其他,,,,0.0,0,0,0,有,無,1000000,2012,,0.0,0,,RPRNMLLMPHJFFAX07CA
馬公市,土地,文寮段241~270地號,206.33,農,,,1030724,土地1建物0車位0,,,其他,,,,0.0,0,0,0,有,無,3400000,16478,,0.0,0,,RPOOMLSJQHJFFAX37CA
西嶼鄉,土地,竹篙灣段1561~1590地號,34.33,,一般農業區,農牧用地,1030721,土地1建物0車位0,,,其他,,,,0.0,0,0,0,有,無,90000,2622,,0.0,0,賣方賣清價,RPPOMLSJQHJFFAX47CA
白沙鄉,土地,鳥嶼段181~210地號,82.5,,鄉村區,乙種建築用地,1030711,土地1建物0車位0,,,其他,,,,0.0,0,0,0,有,無,320000,3879,,0.0,0,"含增建或未登記建物。;權利人共五人,交易總價含未登記建物一棟",RPWNMLPJQHJFFAX77CA
馬公市,土地,安宅段751~780地號,291.31,,一般農業區,甲種建築用地,1030701,土地2建物0車位0,,,其他,,,,0.0,0,0,0,有,無,8200000,28149,,0.0,0,變更起造人，含未來興建房屋之費用。,RPRNMLNKQHJFFAX17CA
馬公市,土地,安宅段751~780地號,217.67,,一般農業區,甲種建築用地,1030701,土地2建物0車位0,,,其他,,,,0.0,0,0,0,有,無,7380000,33905,,0.0,0,變更起造人，含未來興建房屋之費用。,RPSNMLNKQHJFFAX27CA
西嶼鄉,土地,外垵一段241~270地號,1.83,,一般農業區,農牧用地,1030721,土地1建物0車位0,,,其他,,,,0.0,0,0,0,有,無,12810,7000,,0.0,0,"外垵地區排水系統治理工程協議價購(7,000元/m2)",RPTNMLPJQHJFFAX57DA
西嶼鄉,土地,外垵一段271~300地號,21.15,,一般農業區,農牧用地,1030721,土地1建物0車位0,,,其他,,,,0.0,0,0,0,有,無,148050,7000,,0.0,0,"外垵地區排水系統治理工程協議價購(7,000元/m2)",RPVNMLPJQHJFFAX77DA
馬公市,房地(土地+建物),澎湖縣馬公巿大賢街91巷1~30號,179.41,住,,,1030716,土地2建物1車位0,全,四層,透天厝,住家用,鋼筋混凝土造,1030516,322.63,6,2,7,有,無,13800000,42773,,0.0,0,,RPTNMLLLQHJFFAX37DA
馬公市,房地(土地+建物),澎湖縣馬公巿大賢街91巷1~30號,182.98,住,,,1030716,土地2建物1車位0,全,四層,透天厝,住家用,鋼筋混凝土造,1030516,322.75,6,2,7,有,無,13800000,42758,,0.0,0,,RPSOMLLLQHJFFAX37DA
馬公市,房地(土地+建物)+車位,澎湖縣馬公巿文山路1~30號,29.74,住,,,1030719,土地2建物1車位1,七層,八層,華廈(10層含以下有電梯),住家用,鋼筋混凝土造,0860628,159.77,3,2,2,有,有,3800000,23784,坡道機械,0.0,0,,RPPNMLMJQHJFFAX86DA
馬公市,土地,光榮段361~390地號,1520.71,其他,,,1030724,土地1建物0車位0,,,其他,,,,0.0,0,0,0,有,無,25555532,16805,,0.0,0,親友、員工或其他特殊關係間之交易。;親友、員工或其他特殊關係間之交易。,RPQNMLOKQHJFFAX37EA
