﻿編號,土地區段位置,土地移轉面積平方公尺,使用分區或編定
The serial number,land sector position,land shifting area square meter,the use zoning or compiles and checks
RPPNMLMJNHJFFAX56DA,許家段,1270.18,非都市：一般農業區 ; 非都市編定：農牧用地
RPPNMLMJNHJFFAX56DA,許家段,1251.86,非都市：一般農業區 ; 非都市編定：農牧用地
RPPNMLMJNHJFFAX56DA,許家段,1321.84,非都市：一般農業區 ; 非都市編定：農牧用地
RPQNMLQJNHJFFAX96CA,案山段,5.53,都市：工
RPQNMLQJNHJFFAX96CA,案山段,73.26,都市：其他
RPQNMLQJNHJFFAX96CA,案山段,44.70,都市：其他
RPQNMLQJNHJFFAX96CA,案山段,2.11,都市：其他
RPSNMLTJNHJFFAX47CA,雙湖段,58.38,非都市：森林區 ; 非都市編定：丙種建築用地
RPSNMLTJNHJFFAX47CA,雙湖段,18.50,非都市：森林區 ; 非都市編定：丙種建築用地
RPSNMLTJNHJFFAX47CA,雙湖段,199.48,非都市：森林區 ; 非都市編定：丙種建築用地
RPSNMLTJNHJFFAX47CA,雙湖段,14.72,非都市：森林區 ; 非都市編定：丙種建築用地
RPSNMLTJNHJFFAX47CA,雙湖段,680.02,非都市：森林區 ; 非都市編定：丙種建築用地
RPSNMLTJNHJFFAX47CA,雙湖段,6.64,非都市：森林區 ; 非都市編定：丙種建築用地
RPSNMLTJNHJFFAX47CA,雙湖段,67.40,非都市：森林區 ; 非都市編定：丙種建築用地
RPVNMLTKNHJFFAX87CA,合界頭段,100.00,非都市：一般農業區 ; 非都市編定：農牧用地
RPVNMLTKNHJFFAX87CA,合界頭段,91.17,非都市：一般農業區 ; 非都市編定：農牧用地
RPRNMLRJNHJFFAX27DA,湖東新段,940.02,非都市：一般農業區 ; 非都市編定：農牧用地
RPRNMLRJNHJFFAX27DA,湖東新段,531.81,非都市：一般農業區 ; 非都市編定：農牧用地
RPRNMLRJNHJFFAX27DA,湖東新段,7.15,非都市：一般農業區 ; 非都市編定：交通用地
RPRNMLRJNHJFFAX27DA,湖東新段,140.06,非都市：一般農業區 ; 非都市編定：農牧用地
RPUNMLRJNHJFFAX57DA,文寮段,822.73,非都市：一般農業區 ; 非都市編定：農牧用地
RPTNMLQLNHJFFAX57DA,興崁段,1448.19,非都市：一般農業區 ; 非都市編定：農牧用地
RPTNMLRJNHJFFAX47DA,國宅段,247.36,都市：住
RPTNMLRJNHJFFAX47DA,國宅段,40.45,都市：其他
RPTNMLRJNHJFFAX47DA,國宅段,17.15,都市：住
RPUNMLTKNHJFFAX77CA,山水南段,283.69,非都市：鄉村區 ; 非都市編定：乙種建築用地
RPUNMLTKNHJFFAX77CA,山水南段,89.31,非都市：鄉村區 ; 非都市編定：特定目的事業用地
RPRNMLOKNHJFFAX96CA,北寮新段,17.23,非都市：風景區 ; 非都市編定：農牧用地
RPRNMLOKNHJFFAX96CA,北寮新段,187.83,非都市：風景區 ; 非都市編定：農牧用地
RPUNMLOKNHJFFAX27CA,二崁南段,83.11,非都市：一般農業區 ; 非都市編定：農牧用地
RPRNMLKLNHJFFAX66CA,西澳段,260.01,都市：住
RPRNMLSJNHJFFAX47EA,西澳段,20.03,都市：住
RPVNMLOKNHJFFAX37CA,二崁南段,401.78,非都市：風景區 ; 非都市編定：農牧用地
RPSNMLMKNHJFFAX86CA,五福段,396.99,非都市：鄉村區 ; 非都市編定：乙種建築用地
RPRNMLPKNHJFFAX17DA,赤崁中段,119.38,非都市：一般農業區 ; 非都市編定：甲種建築用地
RPRNMLPKNHJFFAX17DA,赤崁中段,38.22,非都市：一般農業區 ; 非都市編定：交通用地
RPVNMLMKNHJFFAX27DA,西澳段,34.18,都市：其他
RPPNMLNKNHJFFAX76DA,雙湖段,348.92,非都市：鄉村區 ; 非都市編定：乙種建築用地
RPSNMLSJNHJFFAX37CA,埕東段,91.73,都市：住
RPXNMLRJNHJFFAX77CA,興崁段,1174.17,非都市：一般農業區 ; 非都市編定：農牧用地
RPPNMLQLNHJFFAX07CA,興崁段,161.11,非都市：一般農業區 ; 非都市編定：農牧用地
RPWNMLOKNHJFFAX47CA,二崁南段,241.07,非都市：風景區 ; 非都市編定：農牧用地
RPWNMLOKNHJFFAX47CA,二崁南段,695.10,非都市：風景區 ; 非都市編定：農牧用地
RPWNMLOKNHJFFAX47CA,二崁南段,210.00,非都市：風景區 ; 非都市編定：農牧用地
RPWNMLOKNHJFFAX47CA,二崁南段,710.13,非都市：風景區 ; 非都市編定：農牧用地
RPWNMLOKNHJFFAX47CA,二崁南段,277.02,非都市：風景區 ; 非都市編定：農牧用地
RPWNMLOKNHJFFAX47CA,二崁南段,257.29,非都市：風景區 ; 非都市編定：農牧用地
RPWNMLOKNHJFFAX47CA,二崁南段,623.40,非都市：風景區 ; 非都市編定：農牧用地
RPWNMLOKNHJFFAX47CA,二崁南段,14.58,非都市：風景區 ; 非都市編定：交通用地
RPWNMLQKNHJFFAX87EA,文光段,29.37,都市：其他
RPWNMLQKNHJFFAX87EA,文光段,119.19,都市：其他
RPWNMLTKNHJFFAX97CA,許家段,2118.20,非都市：一般農業區 ; 非都市編定：農牧用地
RPPNMLQJNHJFFAX96DA,埕東段,.47,都市：住
RPPNMLQJNHJFFAX96DA,埕東段,11.40,都市：住
RPPNMLOKNHJFFAX86DA,西澳段,3.82,都市：其他
RPPNMLOKNHJFFAX86DA,西澳段,3.82,都市：其他
RPPNMLOKNHJFFAX86DA,西澳段,1.91,都市：其他
RPQNMLPKNHJFFAX07DA,雙湖段,35.23,非都市：一般農業區 ; 非都市編定：農牧用地
RPQNMLPKNHJFFAX07DA,雙湖段,437.25,非都市：一般農業區 ; 非都市編定：農牧用地
RPQNMLTKNHJFFAX47DA,東衛段,465.74,非都市：一般農業區 ; 非都市編定：農牧用地
RPQNMLTKNHJFFAX47DA,東衛段,3.59,非都市：一般農業區 ; 非都市編定：交通用地
RPQNMLQKNHJFFAX07CA,五德西段,293.25,非都市：鄉村區 ; 非都市編定：乙種建築用地
RPQNMLQKNHJFFAX07CA,五德西段,228.26,非都市：一般農業區 ; 非都市編定：農牧用地
RPTNMLQKNHJFFAX37CA,林投北段,65.24,非都市：一般農業區 ; 非都市編定：農牧用地
RPTNMLQKNHJFFAX37CA,林投北段,213.29,非都市：一般農業區 ; 非都市編定：農牧用地
RPSNMLQKNHJFFAX27CA,西澳段,78.62,都市：住
RPRNMLKKOHJFFAX66CA,埕東段,8.86,都市：其他
RPRNMLKKOHJFFAX66CA,埕東段,34.24,都市：其他
RPRNMLKKOHJFFAX66CA,埕東段,2.10,都市：其他
RPQNMLRJNHJFFAX17DA,興仁段,.99,非都市：鄉村區 ; 非都市編定：乙種建築用地
RPQNMLRJNHJFFAX17DA,興仁段,24.76,非都市：鄉村區 ; 非都市編定：乙種建築用地
RPQNMLRJNHJFFAX17DA,興仁段,36.68,非都市：鄉村區 ; 非都市編定：乙種建築用地
RPQNMLRJNHJFFAX17DA,興仁段,25.38,非都市：鄉村區 ; 非都市編定：乙種建築用地
RPOOMLRJNHJFFAX96CA,文澳段,16.64,都市：住
RPOOMLRJNHJFFAX96CA,文澳段,38.09,都市：住
RPRNMLQKNHJFFAX17CA,湖東新段,531.81,非都市：一般農業區 ; 非都市編定：農牧用地
RPRNMLQKNHJFFAX17CA,湖東新段,7.15,非都市：一般農業區 ; 非都市編定：交通用地
RPPOMLRJNHJFFAX07CA,五福段,1051.02,非都市：一般農業區 ; 非都市編定：農牧用地
RPPOMLRJNHJFFAX07CA,五福段,834.10,非都市：一般農業區 ; 非都市編定：農牧用地
RPPOMLRJNHJFFAX07CA,五福段,811.72,非都市：一般農業區 ; 非都市編定：農牧用地
RPQNMLMKNHJFFAX66CA,光榮段,12.00,都市：商
RPPNMLTLNHJFFAX57EA,竹篙灣段,790.00,非都市：風景區 ; 非都市編定：農牧用地
RPPNMLTLNHJFFAX57EA,竹篙灣段,708.00,非都市：風景區 ; 非都市編定：農牧用地
RPPNMLTLNHJFFAX57EA,竹篙灣段,781.00,非都市：風景區 ; 非都市編定：農牧用地
RPVNMLQKNHJFFAX57CA,小池角段,330.00,非都市：鄉村區 ; 非都市編定：乙種建築用地
RPVNMLQKNHJFFAX57CA,小池角段,184.00,非都市：鄉村區 ; 非都市編定：乙種建築用地
RPXNMLTKNHJFFAX18DA,鐵線段,335.59,非都市：鄉村區 ; 非都市編定：乙種建築用地
RPTNMLNJOHJFFAX07CA,五福段,157.20,非都市：一般農業區 ; 非都市編定：農牧用地
RPTNMLTKNHJFFAX67CA,沙港北段,20.08,非都市：一般農業區 ; 非都市編定：交通用地
RPTNMLTKNHJFFAX67CA,沙港北段,178.02,非都市：一般農業區 ; 非都市編定：農牧用地
RPSNMLTKNHJFFAX57CA,鐵線段,2374.97,非都市：一般農業區 ; 非都市編定：農牧用地
RPUNMLSLNHJFFAX87DA,東衛段,105.86,非都市：一般農業區 ; 非都市編定：農牧用地
RPUNMLSLNHJFFAX87DA,東衛段,103.54,非都市：一般農業區 ; 非都市編定：農牧用地
RPUNMLSLNHJFFAX87DA,東衛段,107.01,非都市：一般農業區 ; 非都市編定：農牧用地
RPUNMLSLNHJFFAX87DA,成功南段,187.53,非都市：一般農業區 ; 非都市編定：農牧用地
RPUNMLSLNHJFFAX87DA,成功南段,150.88,非都市：一般農業區 ; 非都市編定：農牧用地
RPSNMLNJOHJFFAX96CA,赤崁中段,475.07,非都市：一般農業區 ; 非都市編定：農牧用地
RPSNMLNJOHJFFAX96CA,赤崁中段,514.01,非都市：一般農業區 ; 非都市編定：農牧用地
RPPNMLKLNHJFFAX56DA,興仁段,305.14,非都市：一般農業區 ; 非都市編定：農牧用地
RPPNMLTKNHJFFAX37DA,中衛段,5.63,都市：農
RPUNMLNJOHJFFAX17CA,五福段,57.85,非都市：一般農業區 ; 非都市編定：農牧用地
RPPNMLKKOHJFFAX09CA,光榮段,416.05,都市：其他
RPQNMLQJOHJFFAX07CA,通梁南段,338.51,非都市：一般農業區 ; 非都市編定：農牧用地
RPRNMLTKNHJFFAX47CA,中衛段,1265.58,都市：工
RPSNMLLLNHJFFAX96DA,光榮段,15.88,都市：住
RPQNMLNLNHJFFAX96DA,西澳段,36.26,都市：其他
RPQNMLNLNHJFFAX96DA,西澳段,1.95,都市：其他
RPQNMLNLNHJFFAX96DA,西澳段,3.05,都市：其他
RPQNMLMLNHJFFAX86DA,文澳段,100.00,都市：商
RPTNMLLLNHJFFAX07DA,北極段,1.44,都市：住
RPPNMLMLNHJFFAX66CA,西澳段,227.86,都市：住
RPTNMLPJOHJFFAX27CA,許家段,3.83,非都市：一般農業區 ; 非都市編定：甲種建築用地
RPTNMLPJOHJFFAX27CA,許家段,2.19,非都市：一般農業區 ; 非都市編定：甲種建築用地
RPTNMLPJOHJFFAX27CA,許家段,11.02,非都市：一般農業區 ; 非都市編定：甲種建築用地
RPTNMLPJOHJFFAX27CA,許家段,5.29,非都市：一般農業區 ; 非都市編定：甲種建築用地
RPTNMLPJOHJFFAX27CA,許家段,7.65,非都市：一般農業區 ; 非都市編定：甲種建築用地
RPTNMLPJOHJFFAX27CA,許家段,3.02,非都市：一般農業區 ; 非都市編定：交通用地
RPTNMLPJOHJFFAX27CA,許家段,25.51,非都市：一般農業區 ; 非都市編定：農牧用地
RPTNMLPJOHJFFAX27CA,許家段,6.44,非都市：一般農業區 ; 非都市編定：交通用地
RPTNMLPJOHJFFAX27CA,許家段,91.67,非都市：一般農業區 ; 非都市編定：農牧用地
RPVNMLNJOHJFFAX27CA,潭邊新段,127.96,非都市：一般農業區 ; 非都市編定：農牧用地
RPVNMLNJOHJFFAX27CA,潭邊新段,166.37,非都市：一般農業區 ; 非都市編定：農牧用地
RPVNMLNJOHJFFAX27CA,潭邊新段,178.53,非都市：一般農業區 ; 非都市編定：農牧用地
RPVNMLNJOHJFFAX27CA,潭邊新段,92.72,非都市：一般農業區 ; 非都市編定：農牧用地
RPVNMLNJOHJFFAX27CA,潭邊新段,151.64,非都市：一般農業區 ; 非都市編定：農牧用地
RPVNMLNJOHJFFAX27CA,潭邊新段,13.10,非都市：一般農業區 ; 非都市編定：農牧用地
RPQNMLNJOHJFFAX76CA,大池角段,42.00,非都市：一般農業區 ; 非都市編定：甲種建築用地
RPQNMLNJOHJFFAX76CA,大池角段,140.00,非都市：一般農業區 ; 非都市編定：甲種建築用地
RPWNMLNJOHJFFAX37CA,潭邊新段,99.66,非都市：一般農業區 ; 非都市編定：農牧用地
RPWNMLNJOHJFFAX37CA,潭邊新段,166.31,非都市：一般農業區 ; 非都市編定：農牧用地
RPWNMLNJOHJFFAX37CA,潭邊新段,13.28,非都市：一般農業區 ; 非都市編定：農牧用地
RPWNMLNJOHJFFAX37CA,潭邊新段,10.85,非都市：一般農業區 ; 非都市編定：農牧用地
RPWNMLNJOHJFFAX37CA,潭邊新段,101.48,非都市：一般農業區 ; 非都市編定：農牧用地
RPWNMLNJOHJFFAX37CA,許家段,326.90,非都市：一般農業區 ; 非都市編定：農牧用地
RPQNMLQLNHJFFAX17CA,春暉段,69.60,都市：住
RPQNMLQLNHJFFAX17CA,春暉段,25.21,都市：住
RPRNMLNLNHJFFAX07DA,西澳段,36.26,都市：其他
RPRNMLNLNHJFFAX07DA,西澳段,1.95,都市：其他
RPRNMLNLNHJFFAX07DA,西澳段,3.05,都市：其他
RPPNMLNJOHJFFAX66CA,大池角段,58.00,非都市：一般農業區 ; 非都市編定：農牧用地
RPPNMLNJOHJFFAX66CA,大池角段,419.00,非都市：一般農業區 ; 非都市編定：農牧用地
RPPNMLNJOHJFFAX66CA,大池角段,209.00,非都市：一般農業區 ; 非都市編定：農牧用地
RPPNMLNJOHJFFAX66CA,大池角段,136.00,非都市：一般農業區 ; 非都市編定：農牧用地
RPPNMLNJOHJFFAX66CA,大池角段,504.00,非都市：一般農業區 ; 非都市編定：農牧用地
RPPNMLNJOHJFFAX66CA,大池角段,1086.00,非都市：一般農業區 ; 非都市編定：農牧用地
RPPNMLNJOHJFFAX66CA,大池角段,1174.00,非都市：一般農業區 ; 非都市編定：農牧用地
RPSNMLOJOHJFFAX17DA,竹篙灣段,1234.00,非都市：風景區 ; 非都市編定：農牧用地
RPPNMLNLNHJFFAX76CA,許家段,2871.64,非都市：一般農業區 ; 非都市編定：農牧用地
RPUNMLQLNHJFFAX67DA,五福段,67.95,非都市：一般農業區 ; 非都市編定：交通用地
RPUNMLQLNHJFFAX67DA,五福段,194.66,非都市：一般農業區 ; 非都市編定：甲種建築用地
RPUNMLNLNHJFFAX27CA,山水東段,2027.19,非都市：一般農業區 ; 非都市編定：農牧用地
RPRNMLQLNHJFFAX47EA,大池角段,125.00,非都市：鄉村區 ; 非都市編定：乙種建築用地
RPQNMLTLNHJFFAX57DA,東衛段,214.02,非都市：一般農業區 ; 非都市編定：農牧用地
RPVNMLSLNHJFFAX97DA,東衛段,105.86,非都市：一般農業區 ; 非都市編定：農牧用地
RPVNMLSLNHJFFAX97DA,成功南段,150.88,非都市：一般農業區 ; 非都市編定：農牧用地
RPRNMLPJOHJFFAX17DA,成功南段,385.47,非都市： ; 非都市編定：
RPQNMLPJOHJFFAX07DA,紅羅段,875.50,非都市：一般農業區 ; 非都市編定：農牧用地
RPSNMLSLNHJFFAX67DA,後寮段,241.67,非都市：一般農業區 ; 非都市編定：農牧用地
RPTNMLSLNHJFFAX77DA,五德東段,432.77,非都市：一般農業區 ; 非都市編定：農牧用地
RPSNMLPJOHJFFAX27DA,許家段,3.83,非都市：一般農業區 ; 非都市編定：甲種建築用地
RPSNMLPJOHJFFAX27DA,許家段,2.19,非都市：一般農業區 ; 非都市編定：甲種建築用地
RPSNMLPJOHJFFAX27DA,許家段,11.02,非都市：一般農業區 ; 非都市編定：甲種建築用地
RPSNMLPJOHJFFAX27DA,許家段,5.29,非都市：一般農業區 ; 非都市編定：甲種建築用地
RPSNMLPJOHJFFAX27DA,許家段,7.65,非都市：一般農業區 ; 非都市編定：甲種建築用地
RPSNMLPJOHJFFAX27DA,許家段,3.02,非都市：一般農業區 ; 非都市編定：交通用地
RPSNMLPJOHJFFAX27DA,許家段,25.51,非都市：一般農業區 ; 非都市編定：農牧用地
RPSNMLPJOHJFFAX27DA,許家段,6.44,非都市：一般農業區 ; 非都市編定：交通用地
RPSNMLPJOHJFFAX27DA,許家段,91.67,非都市：一般農業區 ; 非都市編定：農牧用地
RPRNMLSLNHJFFAX47CA,國宅段,347.58,都市：住
RPSNMLKMNHJFFAX86CA,山水西段,806.68,非都市：一般農業區 ; 非都市編定：農牧用地
RPSNMLKMNHJFFAX86CA,山水西段,563.00,非都市：一般農業區 ; 非都市編定：農牧用地
RPTNMLKMNHJFFAX96CA,山水西段,1052.56,非都市：一般農業區 ; 非都市編定：農牧用地
RPRNMLTLNHJFFAX67DA,海堤段,450.15,都市：住
RPPNMLNLOHJFFAX07EA,馬公段,192.00,都市：住
RPPNMLNLOHJFFAX07EA,馬公段,3.00,都市：住
RPPNMLNLOHJFFAX07EA,馬公段,13.00,都市：住
RPQNMLKKOHJFFAX56CA,中衛段,135.23,都市：工
RPSNMLTLNHJFFAX77DA,文東段,229.15,非都市：鄉村區 ; 非都市編定：乙種建築用地
RPOOMLNJOHJFFAX66CA,龍門西段,4816.92,非都市：一般農業區 ; 非都市編定：農牧用地
RPPNMLLLNHJFFAX66DA,文澳段,53.31,都市：住
RPPNMLSLNHJFFAX27CA,龍門西段,1183.56,非都市：一般農業區 ; 非都市編定：農牧用地
RPXNMLNJOHJFFAX47CA,埕中段,103.36,都市：住
RPQNMLSLNHJFFAX37CA,大池角段,757.00,非都市：一般農業區 ; 非都市編定：農牧用地
RPPNMLKMNHJFFAX56CA,埕中段,.57,都市：住
RPPNMLKMNHJFFAX56CA,埕中段,28.68,都市：住
RPWNMLNLNHJFFAX57DA,埕東段,42.99,都市：住
RPWNMLNLNHJFFAX57DA,埕東段,28.83,都市：住
RPUNMLKMNHJFFAX17DA,鼎灣新段,1031.49,非都市：一般農業區 ; 非都市編定：農牧用地
RPUNMLOJOHJFFAX37DA,許家段,1358.55,非都市：一般農業區 ; 非都市編定：農牧用地
RPUNMLPJOHJFFAX47DA,東澳段,1.84,都市：住
RPSNMLRLOHJFFAX67DA,國宅段,1436.57,非都市：一般農業區 ; 非都市編定：農牧用地
RPVNMLOJOHJFFAX37CA,港尾段,172.00,非都市：一般農業區 ; 非都市編定：農牧用地
RPVNMLOJOHJFFAX37CA,港尾段,1059.00,非都市：一般農業區 ; 非都市編定：農牧用地
RPQNMLKMNHJFFAX76DA,五福段,143.02,非都市：一般農業區 ; 非都市編定：甲種建築用地
RPQNMLKMNHJFFAX76DA,五福段,44.23,非都市：一般農業區 ; 非都市編定：交通用地
RPPNMLPJOHJFFAX96DA,光華段,47.94,非都市：鄉村區 ; 非都市編定：乙種建築用地
RPTNMLPJOHJFFAX47EA,文光段,34.29,都市：住
RPTNMLPJOHJFFAX47EA,文光段,18.85,都市：住
RPTNMLPJOHJFFAX47EA,文光段,44.01,都市：住
RPRNMLNJOHJFFAX86CA,大池角段,592.00,非都市：一般農業區 ; 非都市編定：農牧用地
RPTNMLNLOHJFFAX27CA,成功南段,403.04,非都市：一般農業區 ; 非都市編定：殯葬用地
RPRNMLNLOHJFFAX07CA,井垵西段,343.12,非都市：一般農業區 ; 非都市編定：農牧用地
RPRNMLKLOHJFFAX96EA,紅羅段,632.80,非都市：一般農業區 ; 非都市編定：農牧用地
RPQNMLTKOHJFFAX67EA,埕中段,105.29,都市：住
RPPNMLPLOHJFFAX07CA,大嶼段,93.38,非都市：一般農業區 ; 非都市編定：農牧用地
RPPNMLPLOHJFFAX07CA,大嶼段,207.38,非都市：一般農業區 ; 非都市編定：農牧用地
RPPNMLPLOHJFFAX07CA,大嶼段,66.62,非都市：一般農業區 ; 非都市編定：農牧用地
RPPNMLPLOHJFFAX07CA,大嶼段,50.31,非都市：一般農業區 ; 非都市編定：農牧用地
RPPNMLPLOHJFFAX07CA,大嶼段,57.62,非都市：風景區 ; 非都市編定：農牧用地
RPPNMLPLOHJFFAX07CA,大嶼段,98.25,非都市：一般農業區 ; 非都市編定：農牧用地
RPTNMLQJOHJFFAX37CA,竹篙灣段,1993.00,非都市：一般農業區 ; 非都市編定：農牧用地
RPUNMLQJOHJFFAX47CA,大池角段,684.00,非都市：一般農業區 ; 非都市編定：農牧用地
RPRNMLQJOHJFFAX17CA,竹篙灣段,121.00,非都市：一般農業區 ; 非都市編定：農牧用地
RPRNMLQJOHJFFAX17CA,竹篙灣段,369.00,非都市：一般農業區 ; 非都市編定：農牧用地
RPRNMLQJOHJFFAX17CA,竹篙灣段,112.00,非都市：一般農業區 ; 非都市編定：交通用地
RPRNMLQJOHJFFAX17CA,大池角段,422.00,非都市：一般農業區 ; 非都市編定：農牧用地
RPXNMLQJOHJFFAX77CA,竹篙灣段,2662.00,非都市：一般農業區 ; 非都市編定：農牧用地
RPOOMLQJOHJFFAX96CA,大池角段,635.00,非都市：一般農業區 ; 非都市編定：農牧用地
RPSNMLTKOHJFFAX67CA,大嶼段,360.00,非都市：一般農業區 ; 非都市編定：農牧用地
RPPOMLQJOHJFFAX07CA,瓦硐段,795.00,非都市：風景區 ; 非都市編定：農牧用地
RPRNMLTJOHJFFAX47CA,虎井段,39.00,非都市：鄉村區 ; 非都市編定：乙種建築用地
RPPNMLLKOHJFFAX66DA,林投南段,39.77,非都市：一般農業區 ; 非都市編定：農牧用地
RPPNMLLKOHJFFAX66DA,太武新段,141.47,非都市：一般農業區 ; 非都市編定：農牧用地
RPPNMLLKOHJFFAX66DA,尖山南段,46.93,非都市：一般農業區 ; 非都市編定：農牧用地
RPPNMLLKOHJFFAX66DA,林投北段,59.67,非都市：一般農業區 ; 非都市編定：農牧用地
RPPNMLLKOHJFFAX66DA,林投北段,62.03,非都市：一般農業區 ; 非都市編定：農牧用地
RPPNMLLKOHJFFAX66DA,林投北段,126.96,非都市：一般農業區 ; 非都市編定：農牧用地
RPPNMLLKOHJFFAX66DA,林投北段,49.34,非都市：一般農業區 ; 非都市編定：農牧用地
RPPNMLLKOHJFFAX66DA,林投南段,7.31,非都市：一般農業區 ; 非都市編定：農牧用地
RPPNMLLKOHJFFAX66DA,林投南段,1.37,非都市：一般農業區 ; 非都市編定：農牧用地
RPPNMLLKOHJFFAX66DA,林投南段,2.72,都市：其他
RPPNMLLKOHJFFAX66DA,林投南段,17.07,非都市：一般農業區 ; 非都市編定：農牧用地
RPPNMLLKOHJFFAX66DA,林投南段,40.86,非都市：一般農業區 ; 非都市編定：農牧用地
RPPNMLLKOHJFFAX66DA,林投北段,49.10,非都市：一般農業區 ; 非都市編定：農牧用地
RPPNMLLKOHJFFAX66DA,林投北段,42.55,非都市：一般農業區 ; 非都市編定：農牧用地
RPPNMLLKOHJFFAX66DA,林投北段,25.54,非都市：一般農業區 ; 非都市編定：農牧用地
RPPNMLLKOHJFFAX66DA,林投北段,23.85,非都市：一般農業區 ; 非都市編定：農牧用地
RPPNMLLKOHJFFAX66DA,林投北段,38.43,非都市：一般農業區 ; 非都市編定：農牧用地
RPPNMLLKOHJFFAX66DA,西溪新段,18.69,非都市：一般農業區 ; 非都市編定：農牧用地
RPPNMLLKOHJFFAX66DA,西溪新段,19.77,非都市：一般農業區 ; 非都市編定：農牧用地
RPPNMLLKOHJFFAX66DA,西溪新段,19.34,非都市：一般農業區 ; 非都市編定：農牧用地
RPPNMLLKOHJFFAX66DA,西溪新段,33.92,非都市：一般農業區 ; 非都市編定：農牧用地
RPPNMLLKOHJFFAX66DA,林投南段,6.79,非都市：一般農業區 ; 非都市編定：甲種建築用地
RPPNMLLKOHJFFAX66DA,林投南段,6.73,非都市：一般農業區 ; 非都市編定：甲種建築用地
RPPNMLLKOHJFFAX66DA,林投南段,12.58,都市：其他
RPPNMLRJOHJFFAX07CA,二崁南段,457.52,非都市：一般農業區 ; 非都市編定：農牧用地
RPPNMLTJOHJFFAX27CA,鎖港西段,203.82,都市：住
RPVNMLQJOHJFFAX57CA,竹篙灣段,820.00,非都市：一般農業區 ; 非都市編定：農牧用地
RPSNMLKMOHJFFAX96CA,葉新段,276.62,非都市：鄉村區 ; 非都市編定：乙種建築用地
RPXNMLQKOHJFFAX87CA,西澳段,209.60,都市：住
RPXNMLQKOHJFFAX87CA,西澳段,41.19,都市：其他
RPXNMLQKOHJFFAX87CA,西澳段,55.26,都市：住
RPSNMLQJOHJFFAX27CA,竹篙灣段,1493.00,非都市：風景區 ; 非都市編定：農牧用地
RPPNMLOJOHJFFAX76CA,光華段,64.32,非都市：一般農業區 ; 非都市編定：甲種建築用地
RPWNMLQJOHJFFAX67CA,竹篙灣段,596.00,非都市：一般農業區 ; 非都市編定：農牧用地
RPRNMLNJPHJFFAX96CA,五福段,231.48,非都市：一般農業區 ; 非都市編定：農牧用地
RPRNMLNJPHJFFAX96CA,五福段,231.48,非都市：一般農業區 ; 非都市編定：農牧用地
RPUNMLNLOHJFFAX37CA,尖山南段,446.16,非都市：一般農業區 ; 非都市編定：農牧用地
RPQNMLOJOHJFFAX86CA,西澳段,4.43,都市：住
RPQNMLOJOHJFFAX86CA,西澳段,2.93,都市：住
RPQNMLOJOHJFFAX86CA,西澳段,23.92,都市：住
RPQNMLNLOHJFFAX96CA,埕東段,14.69,都市：住
RPQNMLNLOHJFFAX96CA,埕東段,134.16,都市：住
RPTNMLQKOHJFFAX57DA,文石段,16.98,非都市：一般農業區 ; 非都市編定：交通用地
RPTNMLQKOHJFFAX57DA,文石段,127.27,非都市：一般農業區 ; 非都市編定：甲種建築用地
RPVNMLQKOHJFFAX67CA,文寮段,393.70,非都市：一般農業區 ; 非都市編定：農牧用地
RPSNMLNJPHJFFAX07CA,五福段,231.48,非都市：一般農業區 ; 非都市編定：農牧用地
RPSNMLNJPHJFFAX07CA,五福段,229.88,非都市：一般農業區 ; 非都市編定：農牧用地
RPSNMLNJPHJFFAX07CA,五福段,231.48,非都市：一般農業區 ; 非都市編定：農牧用地
RPSNMLNJPHJFFAX07CA,五福段,287.35,非都市：一般農業區 ; 非都市編定：農牧用地
RPQNMLSKOHJFFAX47DA,赤崁西段,75.66,非都市：鄉村區 ; 非都市編定：乙種建築用地
RPRNMLSKOHJFFAX67EA,赤馬一段,606.66,非都市：一般農業區 ; 非都市編定：農牧用地
RPQNMLNKOHJFFAX86CA,安宅段,393.25,非都市：一般農業區 ; 非都市編定：農牧用地
RPSNMLRKOHJFFAX47CA,文光段,61.18,都市：住
RPPNMLNJPHJFFAX86DA,花宅段,271.00,非都市：一般農業區 ; 非都市編定：農牧用地
RPPNMLNJPHJFFAX86DA,花宅段,44.00,非都市：一般農業區 ; 非都市編定：交通用地
RPRNMLNKOHJFFAX96CA,興仁南段,959.12,非都市：風景區 ; 非都市編定：農牧用地
RPUNMLQKOHJFFAX57CA,中屯段,378.00,非都市：一般農業區 ; 非都市編定：農牧用地
RPUNMLQKOHJFFAX57CA,中屯段,330.00,非都市：一般農業區 ; 非都市編定：農牧用地
RPUNMLQKOHJFFAX57CA,中屯段,723.00,非都市：一般農業區 ; 非都市編定：農牧用地
RPUNMLQKOHJFFAX57CA,中屯段,1227.00,非都市：一般農業區 ; 非都市編定：農牧用地
RPPNMLNKOHJFFAX76CA,埕西段,704.86,都市：住
RPSNMLQKOHJFFAX47DA,山水北段,89.71,非都市：鄉村區 ; 非都市編定：乙種建築用地
RPSNMLQKOHJFFAX47DA,山水北段,11.96,非都市：鄉村區 ; 非都市編定：乙種建築用地
RPTNMLSJPHJFFAX87EA,中屯段,1584.00,非都市：一般農業區 ; 非都市編定：農牧用地
RPPNMLQKOHJFFAX07CA,城北段,578.71,非都市：一般農業區 ; 非都市編定：農牧用地
RPPNMLQKOHJFFAX07CA,城北段,578.70,非都市：一般農業區 ; 非都市編定：農牧用地
RPPNMLQKOHJFFAX07CA,城北段,578.70,非都市：一般農業區 ; 非都市編定：農牧用地
RPPNMLRKOHJFFAX27DA,興崁段,188.30,非都市：一般農業區 ; 非都市編定：甲種建築用地
RPPNMLRKOHJFFAX27DA,興崁段,55.52,非都市：一般農業區 ; 非都市編定：交通用地
RPRNMLRKOHJFFAX47DA,湖東新段,140.06,非都市：一般農業區 ; 非都市編定：農牧用地
RPPNMLMJPHJFFAX76DA,案山段,21.90,都市：其他
RPPNMLMJPHJFFAX76DA,案山段,166.24,都市：住
RPSNMLSKOHJFFAX57CA,四維段,58.38,非都市：一般農業區 ; 非都市編定：農牧用地
RPSNMLSKOHJFFAX57CA,四維段,247.28,都市：農
RPPNMLSKOHJFFAX47EA,埕東段,2.10,都市：住
RPRNMLQKOHJFFAX37DA,中衛段,187.42,非都市：一般農業區 ; 非都市編定：甲種建築用地
RPRNMLQKOHJFFAX37DA,中衛段,40.05,非都市：一般農業區 ; 非都市編定：交通用地
RPWNMLQKOHJFFAX77CA,瓦硐段,2034.00,非都市：一般農業區 ; 非都市編定：農牧用地
RPTNMLRLOHJFFAX77DA,文石段,190.65,非都市：一般農業區 ; 非都市編定：農牧用地
RPWNMLNLOHJFFAX57CA,文寮段,1938.17,非都市：一般農業區 ; 非都市編定：農牧用地
RPQNMLKLOHJFFAX76DA,東衛段,150.78,非都市：鄉村區 ; 非都市編定：乙種建築用地
RPVNMLNLOHJFFAX47CA,港子段,805.00,非都市：一般農業區 ; 非都市編定：農牧用地
RPVNMLNLOHJFFAX47CA,港子段,112.00,非都市：一般農業區 ; 非都市編定：農牧用地
RPQNMLRKOHJFFAX37DA,北澳段,62.65,非都市：一般農業區 ; 非都市編定：甲種建築用地
RPUNMLKKPHJFFAX17DA,光華段,793.51,非都市：一般農業區 ; 非都市編定：農牧用地
RPUNMLKKPHJFFAX17DA,光華段,188.60,非都市：一般農業區 ; 非都市編定：交通用地
RPQNMLNJPHJFFAX86CA,竹篙灣段,3099.00,非都市：風景區 ; 非都市編定：農牧用地
RPTNMLSKOHJFFAX67CA,城北段,921.34,非都市：一般農業區 ; 非都市編定：農牧用地
RPPNMLKLOHJFFAX56CA,光榮段,44.94,都市：住
RPPNMLKLOHJFFAX56CA,光榮段,36.68,都市：住
RPOOMLNLOHJFFAX86CA,五福段,918.44,非都市：一般農業區 ; 非都市編定：農牧用地
RPPNMLTKOHJFFAX37CA,湖東新段,940.02,非都市：一般農業區 ; 非都市編定：農牧用地
RPTNMLTKOHJFFAX77CA,白坑段,1340.31,非都市：一般農業區 ; 非都市編定：農牧用地
RPSNMLLJPHJFFAX86CA,山水西段,243.06,非都市：一般農業區 ; 非都市編定：農牧用地
RPSNMLLJPHJFFAX86CA,山水西段,1139.77,非都市：一般農業區 ; 非都市編定：農牧用地
RPUNMLTKOHJFFAX87CA,北極段,1194.78,都市：農
RPQNMLQKOHJFFAX27DA,東澳段,85.96,都市：住
RPRNMLTKOHJFFAX57CA,興仁段,51.05,非都市：一般農業區 ; 非都市編定：農牧用地
RPRNMLTKOHJFFAX57CA,興仁段,330.78,非都市：一般農業區 ; 非都市編定：農牧用地
RPPOMLNLOHJFFAX96CA,東衛段,257.46,非都市：鄉村區 ; 非都市編定：乙種建築用地
RPVNMLQJPHJFFAX67CA,文東段,1033.00,非都市：一般農業區 ; 非都市編定：農牧用地
RPRNMLOJPHJFFAX07CA,七美二段,197.40,非都市：鄉村區 ; 非都市編定：乙種建築用地
RPRNMLOJPHJFFAX07CA,七美二段,17.50,非都市：鄉村區 ; 非都市編定：乙種建築用地
RPXNMLNLOHJFFAX67CA,埕東段,1.12,都市：住
RPXNMLNLOHJFFAX67CA,埕東段,27.41,都市：住
RPSNMLRJPHJFFAX57DA,紅羅段,447.68,非都市：鄉村區 ; 非都市編定：乙種建築用地
RPQNMLOJPHJFFAX07DA,光榮段,16.46,都市：商
RPRNMLLKPHJFFAX86CA,四維段,239.45,都市：農
RPRNMLLKPHJFFAX86CA,四維段,170.93,都市：農
RPRNMLLKPHJFFAX86CA,四維段,65.12,都市：農
RPVNMLQKPHJFFAX87DA,安宅段,207.91,非都市：一般農業區 ; 非都市編定：農牧用地
RPPNMLOJPHJFFAX86CA,安宅段,149.50,非都市：鄉村區 ; 非都市編定：乙種建築用地
RPPNMLLJPHJFFAX56CA,五德西段,346.78,非都市：一般農業區 ; 非都市編定：農牧用地
RPPNMLLJPHJFFAX56CA,五德西段,346.78,非都市：一般農業區 ; 非都市編定：農牧用地
RPUNMLQJPHJFFAX57CA,後寮段,897.00,非都市：一般農業區 ; 非都市編定：農牧用地
RPQNMLLJPHJFFAX66CA,沙港北段,410.14,非都市：一般農業區 ; 非都市編定：農牧用地
RPRNMLRJPHJFFAX47DA,城前段,194.00,非都市：一般農業區 ; 非都市編定：農牧用地
RPQNMLPLOHJFFAX27DA,埕東段,8.86,都市：其他
RPSNMLNLOHJFFAX17CA,馬公段,44.00,都市：商
RPQNMLRKPHJFFAX47DA,安宅段,369.62,非都市：一般農業區 ; 非都市編定：農牧用地
RPPNMLRLOHJFFAX37DA,文石段,952.75,非都市：一般農業區 ; 非都市編定：農牧用地
RPPNMLLLOHJFFAX76DA,文東段,51.43,非都市：一般農業區 ; 非都市編定：甲種建築用地
RPPNMLLLOHJFFAX76DA,文東段,13.97,非都市：一般農業區 ; 非都市編定：甲種建築用地
RPPNMLQLOHJFFAX27DA,吉貝東段,1562.02,非都市：一般農業區 ; 非都市編定：農牧用地
RPRNMLQLOHJFFAX47DA,中衛段,184.30,都市：工
RPQNMLQLOHJFFAX37DA,南寮北段,905.50,非都市：一般農業區 ; 非都市編定：農牧用地
RPSNMLQLOHJFFAX57DA,鐵線段,338.87,非都市：一般農業區 ; 非都市編定：農牧用地
RPRNMLQJPHJFFAX37DA,通梁東段,412.06,非都市：一般農業區 ; 非都市編定：農牧用地
RPRNMLQJPHJFFAX37DA,通梁東段,537.62,非都市：一般農業區 ; 非都市編定：農牧用地
RPRNMLQJPHJFFAX37DA,後寮南段,601.72,非都市：一般農業區 ; 非都市編定：農牧用地
RPQNMLRLOHJFFAX47DA,文石段,725.47,非都市：一般農業區 ; 非都市編定：農牧用地
RPQNMLRLOHJFFAX47DA,文石段,404.75,非都市：一般農業區 ; 非都市編定：農牧用地
RPWNMLOKPHJFFAX77DA,東澳段,105.34,都市：住
RPUNMLLJPHJFFAX07CA,通梁中段,91.01,非都市：一般農業區 ; 非都市編定：農牧用地
RPUNMLLJPHJFFAX07CA,通梁中段,91.01,非都市：一般農業區 ; 非都市編定：農牧用地
RPUNMLLJPHJFFAX07CA,通梁中段,291.32,都市：住
RPUNMLLJPHJFFAX07CA,通梁中段,291.32,都市：住
RPUNMLLJPHJFFAX07CA,通梁中段,47.27,都市：其他
RPUNMLLJPHJFFAX07CA,通梁中段,47.27,都市：其他
RPRNMLKMOHJFFAX96DA,五福段,863.15,非都市：一般農業區 ; 非都市編定：農牧用地
RPRNMLRLOHJFFAX57DA,四維段,194.39,非都市：一般農業區 ; 非都市編定：農牧用地
RPUNMLRLOHJFFAX77CA,五德東段,822.98,都市：農
RPTNMLQJPHJFFAX47CA,潭邊新段,1124.97,非都市：一般農業區 ; 非都市編定：農牧用地
RPPNMLKMOHJFFAX66CA,馬公段,121.00,都市：商
RPPNMLKMOHJFFAX66CA,馬公段,103.00,都市：商
RPSNMLTJPHJFFAX67CA,國宅段,706.86,非都市：一般農業區 ; 非都市編定：農牧用地
RPRNMLTJPHJFFAX57CA,鐵線段,398.58,非都市：一般農業區 ; 非都市編定：農牧用地
RPQNMLKMOHJFFAX76CA,馬公段,112.00,都市：商
RPQNMLLKPHJFFAX86DA,緝馬灣段,1426.00,非都市：一般農業區 ; 非都市編定：農牧用地
RPTNMLTJPHJFFAX77CA,七美二段,22.12,非都市：鄉村區 ; 非都市編定：乙種建築用地
RPTNMLTJPHJFFAX77CA,七美二段,22.12,非都市：鄉村區 ; 非都市編定：乙種建築用地
RPWNMLRKPHJFFAX18EA,馬公段,31.00,都市：住
RPWNMLRKPHJFFAX18EA,馬公段,27.00,都市：住
RPOOMLOKPHJFFAX07DA,東衛段,1508.49,非都市：一般農業區 ; 非都市編定：農牧用地
RPSNMLSJPHJFFAX67DA,吉貝東段,2551.00,非都市：一般農業區 ; 非都市編定：農牧用地
RPPNMLQJPHJFFAX17DA,龍門北段,65.84,非都市：鄉村區 ; 非都市編定：乙種建築用地
RPRNMLLJPHJFFAX76CA,合界頭段,818.00,非都市：鄉村區 ; 非都市編定：乙種建築用地
RPPNMLRJPHJFFAX17CA,西澳段,8.47,都市：住
RPVNMLOKPHJFFAX57CA,中衛段,539.97,非都市：一般農業區 ; 非都市編定：農牧用地
RPRNMLSJPHJFFAX57DA,六合段,176.68,非都市：一般農業區 ; 非都市編定：甲種建築用地
RPRNMLSJPHJFFAX57DA,六合段,106.46,非都市：一般農業區 ; 非都市編定：交通用地
RPSNMLQKPHJFFAX57DA,文寮段,154.52,非都市：一般農業區 ; 非都市編定：甲種建築用地
RPSNMLQKPHJFFAX57DA,文寮段,46.87,非都市：一般農業區 ; 非都市編定：交通用地
RPTNMLLJPHJFFAX07DA,埕中段,.59,都市：住
RPTNMLLJPHJFFAX07DA,埕中段,29.44,都市：住
RPTNMLQKPHJFFAX67DA,文寮段,151.69,非都市：一般農業區 ; 非都市編定：甲種建築用地
RPTNMLQKPHJFFAX67DA,文寮段,46.87,非都市：一般農業區 ; 非都市編定：交通用地
RPWNMLQJPHJFFAX77CA,尖山南段,1786.34,非都市：一般農業區 ; 非都市編定：農牧用地
RPRNMLPKPHJFFAX37DA,外垵二段,739.56,非都市：一般農業區 ; 非都市編定：農牧用地
RPVNMLRJPHJFFAX87DA,港尾段,664.00,非都市：風景區 ; 非都市編定：農牧用地
RPUNMLRJPHJFFAX77DA,港尾段,262.00,非都市：一般農業區 ; 非都市編定：農牧用地
RPQNMLSJPHJFFAX47DA,海堤段,8.74,都市：其他
RPRNMLOKPHJFFAX17CA,通梁東段,1301.03,非都市：風景區 ; 非都市編定：農牧用地
RPVNMLKKPHJFFAX27DA,光榮段,13.64,都市：商
RPXNMLSJPHJFFAX18DA,文光段,100.22,都市：住
RPTNMLOJPHJFFAX27CA,竹篙灣段,39.25,非都市：鄉村區 ; 非都市編定：乙種建築用地
RPUNMLSJPHJFFAX77CA,中屯段,717.00,非都市：一般農業區 ; 非都市編定：農牧用地
RPUNMLSJPHJFFAX77CA,中屯段,147.00,非都市：一般農業區 ; 非都市編定：交通用地
RPUNMLOJPHJFFAX37CA,安宅段,255.00,非都市：一般農業區 ; 非都市編定：農牧用地
RPOOMLSJPHJFFAX37DA,風櫃西段,895.20,非都市：一般農業區 ; 非都市編定：農牧用地
RPRNMLQKPHJFFAX37CA,後寮南段,350.02,非都市：一般農業區 ; 非都市編定：農牧用地
RPQNMLQJPHJFFAX27DA,沙港南段,310.09,非都市：一般農業區 ; 非都市編定：農牧用地
RPQNMLOKPHJFFAX17DA,竹篙灣段,34.33,非都市：一般農業區 ; 非都市編定：農牧用地
RPPNMLSJPHJFFAX37DA,馬公段,57.00,都市：商
RPPNMLSJPHJFFAX37DA,馬公段,8.00,都市：商
RPRNMLRKPHJFFAX57DA,五德西段,67.16,非都市：一般農業區 ; 非都市編定：農牧用地
RPSNMLOKPHJFFAX27CA,鎖港南段,311.18,都市：住
RPSNMLOKPHJFFAX27CA,鎖港南段,311.18,都市：住
RPSNMLOKPHJFFAX27CA,鎖港南段,186.00,都市：農
RPSNMLOKPHJFFAX27CA,鎖港南段,186.00,都市：農
RPTNMLOKPHJFFAX37CA,五福段,446.51,非都市：一般農業區 ; 非都市編定：農牧用地
RPTNMLRKPHJFFAX77DA,山水北段,258.25,非都市：一般農業區 ; 非都市編定：農牧用地
RPTNMLRJPHJFFAX57CA,港尾段,1427.00,非都市：一般農業區 ; 非都市編定：農牧用地
RPTNMLRJPHJFFAX57CA,港尾段,1427.00,非都市：一般農業區 ; 非都市編定：農牧用地
RPTNMLRJPHJFFAX57CA,港尾段,64.00,非都市：一般農業區 ; 非都市編定：農牧用地
RPTNMLRJPHJFFAX57CA,港尾段,64.00,非都市：一般農業區 ; 非都市編定：農牧用地
RPTNMLPLPHJFFAX57CA,四維段,346.09,都市：農
RPSNMLPKPHJFFAX37CA,內垵二段,97.47,非都市：一般農業區 ; 非都市編定：農牧用地
RPSNMLPKPHJFFAX37CA,內垵二段,299.58,非都市：鄉村區 ; 非都市編定：乙種建築用地
RPVNMLSJPHJFFAX08EA,埕西段,18.70,都市：住
RPVNMLRKPHJFFAX87CA,後寮段,223.00,非都市：一般農業區 ; 非都市編定：農牧用地
RPVNMLRKPHJFFAX87CA,後寮段,514.00,非都市：一般農業區 ; 非都市編定：農牧用地
RPPNMLQKPHJFFAX17CA,東衛段,40.53,非都市：鄉村區 ; 非都市編定：乙種建築用地
RPPNMLQKPHJFFAX17CA,東衛段,11.48,非都市：一般農業區 ; 非都市編定：農牧用地
RPPNMLQKPHJFFAX17CA,東衛段,66.16,非都市：一般農業區 ; 非都市編定：農牧用地
RPPNMLQKPHJFFAX17CA,東衛段,64.71,非都市：一般農業區 ; 非都市編定：農牧用地
RPPNMLQKPHJFFAX17CA,東衛段,82.33,非都市：一般農業區 ; 非都市編定：農牧用地
RPPNMLQKPHJFFAX17CA,東衛段,53.13,非都市：鄉村區 ; 非都市編定：乙種建築用地
RPPNMLQKPHJFFAX17CA,東衛段,66.88,非都市：一般農業區 ; 非都市編定：農牧用地
RPPNMLQKPHJFFAX17CA,東衛段,40.53,非都市：鄉村區 ; 非都市編定：乙種建築用地
RPPNMLQKPHJFFAX17CA,東衛段,56.04,非都市：一般農業區 ; 非都市編定：農牧用地
RPPNMLQKPHJFFAX17CA,東衛段,28.10,非都市：一般農業區 ; 非都市編定：農牧用地
RPPNMLQKPHJFFAX17CA,成功南段,117.21,非都市：一般農業區 ; 非都市編定：農牧用地
RPPNMLQKPHJFFAX17CA,成功南段,19.40,非都市：一般農業區 ; 非都市編定：農牧用地
RPPNMLQKPHJFFAX17CA,成功南段,94.30,非都市：一般農業區 ; 非都市編定：農牧用地
RPPNMLKKPHJFFAX56CA,紅羅段,95.48,非都市：鄉村區 ; 非都市編定：乙種建築用地
RPPNMLKKPHJFFAX56CA,紅羅段,262.02,非都市：一般農業區 ; 非都市編定：殯葬用地
RPPNMLKKPHJFFAX56CA,紅羅段,397.16,非都市：一般農業區 ; 非都市編定：農牧用地
RPWNMLSJPHJFFAX18EA,埕西段,21.16,都市：住
RPQNMLSLPHJFFAX77EA,文光段,19.12,都市：住
RPPNMLTJPHJFFAX57EA,文寮段,2.31,非都市： ; 非都市編定：
RPPNMLNLPHJFFAX96CA,許家段,401.48,非都市：一般農業區 ; 非都市編定：農牧用地
RPRNMLKKPHJFFAX86DA,四維段,915.30,非都市：一般農業區 ; 非都市編定：農牧用地
RPPNMLLKPHJFFAX66CA,大池角段,1248.00,非都市：一般農業區 ; 非都市編定：農牧用地
RPSNMLKKPHJFFAX86CA,五德西段,105.79,非都市：一般農業區 ; 非都市編定：甲種建築用地
RPUNMLPLPHJFFAX67CA,鐵線段,265.72,非都市：一般農業區 ; 非都市編定：農牧用地
RPTNMLPKPHJFFAX47CA,光華段,52.38,非都市：鄉村區 ; 非都市編定：乙種建築用地
RPTNMLKKPHJFFAX96CA,中屯段,2064.00,非都市：風景區 ; 非都市編定：農牧用地
RPQNMLMJQHJFFAX86CA,光榮段,84.90,都市：住
RPPNMLOKPHJFFAX07DA,東衛段,6.25,非都市：鄉村區 ; 非都市編定：乙種建築用地
RPSNMLLKPHJFFAX07DA,埕西段,1.03,都市：住
RPSNMLLKPHJFFAX07DA,埕西段,5.25,都市：住
RPSNMLLKPHJFFAX07DA,埕西段,3.09,都市：住
RPQNMLPKPHJFFAX17CA,文東段,1033.00,非都市：一般農業區 ; 非都市編定：農牧用地
RPQNMLKKPHJFFAX76DA,文石段,40.90,非都市：鄉村區 ; 非都市編定：乙種建築用地
RPQNMLKKPHJFFAX76DA,文石段,135.55,非都市：鄉村區 ; 非都市編定：乙種建築用地
RPQNMLQKPHJFFAX37DA,埕東段,73.98,都市：住
RPUNMLOKPHJFFAX47CA,城前段,446.00,非都市：一般農業區 ; 非都市編定：農牧用地
RPWNMLKKPHJFFAX27CA,大嶼段,558.00,非都市：鄉村區 ; 非都市編定：乙種建築用地
RPWNMLKKPHJFFAX27CA,大嶼段,34.00,非都市：一般農業區 ; 非都市編定：交通用地
RPQNMLNLPHJFFAX07CA,通梁東段,1301.03,非都市：風景區 ; 非都市編定：農牧用地
RPUNMLPKPHJFFAX67DA,山水西段,38.03,非都市：一般農業區 ; 非都市編定：農牧用地
RPUNMLPKPHJFFAX67DA,山水東段,49.34,非都市：一般農業區 ; 非都市編定：農牧用地
RPUNMLPKPHJFFAX67DA,山水東段,76.45,非都市：一般農業區 ; 非都市編定：農牧用地
RPUNMLPKPHJFFAX67DA,山水東段,108.29,非都市：一般農業區 ; 非都市編定：農牧用地
RPUNMLPKPHJFFAX67DA,山水東段,149.51,非都市：一般農業區 ; 非都市編定：農牧用地
RPUNMLPKPHJFFAX67DA,山水東段,45.38,非都市：一般農業區 ; 非都市編定：農牧用地
RPUNMLPKPHJFFAX67DA,山水東段,58.68,非都市：一般農業區 ; 非都市編定：農牧用地
RPUNMLPKPHJFFAX67DA,鎖港西段,69.51,非都市：一般農業區 ; 非都市編定：農牧用地
RPUNMLPKPHJFFAX67DA,鎖港西段,55.47,非都市：一般農業區 ; 非都市編定：農牧用地
RPUNMLPKPHJFFAX67DA,山水北段,277.61,非都市：鄉村區 ; 非都市編定：乙種建築用地
RPSNMLRKPHJFFAX67DA,五德西段,201.49,非都市：一般農業區 ; 非都市編定：農牧用地
RPVNMLPKPHJFFAX67CA,五福段,732.67,非都市：一般農業區 ; 非都市編定：農牧用地
RPVNMLPKPHJFFAX67CA,五福段,388.17,非都市：一般農業區 ; 非都市編定：農牧用地
RPUNMLRKPHJFFAX87DA,山水北段,774.75,非都市：一般農業區 ; 非都市編定：農牧用地
RPPNMLPKPHJFFAX07CA,埕東段,140.19,都市：住
RPPOMLRKPHJFFAX37CA,國宅段,1930.67,非都市：一般農業區 ; 非都市編定：農牧用地
RPXNMLRKPHJFFAX08CA,西溪新段,1164.01,非都市：一般農業區 ; 非都市編定：農牧用地
RPPNMLSKPHJFFAX37CA,山水北段,277.61,非都市：鄉村區 ; 非都市編定：乙種建築用地
RPRNMLNLPHJFFAX17CA,竹篙灣段,358.00,非都市：一般農業區 ; 非都市編定：農牧用地
RPRNMLNLPHJFFAX17CA,竹篙灣段,139.00,非都市：一般農業區 ; 非都市編定：農牧用地
RPTNMLNLPHJFFAX37CA,瓦硐段,912.00,非都市：一般農業區 ; 非都市編定：農牧用地
RPTNMLNLPHJFFAX37CA,瓦硐段,766.00,非都市：一般農業區 ; 非都市編定：農牧用地
RPTNMLSKPHJFFAX87DA,馬公段,58.00,都市：住
RPTNMLSKPHJFFAX87DA,馬公段,3.00,都市：住
RPSNMLSKPHJFFAX67CA,東衛段,66.88,非都市：一般農業區 ; 非都市編定：農牧用地
RPPNMLRKPHJFFAX37DA,港尾段,52.00,非都市：鄉村區 ; 非都市編定：乙種建築用地
RPPNMLRKPHJFFAX37DA,港尾段,272.00,非都市：鄉村區 ; 非都市編定：乙種建築用地
RPPNMLRKPHJFFAX37DA,港尾段,183.00,非都市：鄉村區 ; 非都市編定：乙種建築用地
RPRNMLSKPHJFFAX57CA,東衛段,383.73,非都市：一般農業區 ; 非都市編定：農牧用地
RPRNMLSKPHJFFAX57CA,東衛段,168.25,非都市：一般農業區 ; 非都市編定：農牧用地
RPOOMLRKPHJFFAX37DA,下瓦硐段,511.88,非都市：一般農業區 ; 非都市編定：農牧用地
RPQNMLSKPHJFFAX57DA,西澳段,101.27,都市：住
RPQNMLLLPHJFFAX96DA,光華段,1395.13,非都市：一般農業區 ; 非都市編定：農牧用地
RPPNMLLLPHJFFAX86DA,二崁北段,1608.84,非都市：一般農業區 ; 非都市編定：農牧用地
RPPNMLLLPHJFFAX86DA,二崁北段,35.95,非都市：一般農業區 ; 非都市編定：交通用地
RPSNMLLLPHJFFAX17DA,中屯段,625.00,非都市：一般農業區 ; 非都市編定：農牧用地
RPPNMLPKQHJFFAX27DA,東衛段,1477.39,非都市：一般農業區 ; 非都市編定：農牧用地
RPUNMLLLPHJFFAX37DA,湖東新段,751.92,非都市：一般農業區 ; 非都市編定：農牧用地
RPSNMLOJQHJFFAX37DA,春暉段,99.46,都市：住
RPRNMLLLPHJFFAX07DA,東澳段,21.07,都市：住
RPRNMLLLPHJFFAX07DA,東澳段,18.57,都市：住
RPRNMLLLPHJFFAX07DA,東澳段,44.39,都市：住
RPPNMLQJQHJFFAX27DA,馬公段,29.77,都市：住
RPTNMLLLPHJFFAX27DA,林投南段,238.60,非都市：一般農業區 ; 非都市編定：農牧用地
RPSNMLNLPHJFFAX27CA,五福段,231.48,非都市：一般農業區 ; 非都市編定：農牧用地
RPSNMLNLPHJFFAX27CA,五福段,229.88,非都市：一般農業區 ; 非都市編定：農牧用地
RPSNMLNLPHJFFAX27CA,五福段,231.48,非都市：一般農業區 ; 非都市編定：農牧用地
RPQOMLRKPHJFFAX47CA,埕西段,100.15,都市：住
RPVNMLPLPHJFFAX77CA,光華段,387.42,非都市：一般農業區 ; 非都市編定：農牧用地
RPVNMLLLPHJFFAX37CA,海堤段,324.82,都市：住
RPSNMLOLPHJFFAX37CA,國宅段,407.03,非都市：一般農業區 ; 非都市編定：農牧用地
RPUNMLNLPHJFFAX47CA,東澳段,66.46,都市：住
RPRNMLOLPHJFFAX27CA,四維段,194.39,非都市：一般農業區 ; 非都市編定：農牧用地
RPQNMLPLPHJFFAX37DA,橫礁段,1649.00,非都市：一般農業區 ; 非都市編定：農牧用地
RPQNMLPLPHJFFAX37DA,橫礁段,310.00,非都市：一般農業區 ; 非都市編定：農牧用地
RPTNMLOLPHJFFAX47CA,國宅段,330.54,非都市：一般農業區 ; 非都市編定：農牧用地
RPPNMLTLPHJFFAX57CA,案山段,301.64,都市：住
RPPNMLTLPHJFFAX57CA,案山段,301.64,都市：住
RPPNMLTLPHJFFAX57CA,案山段,301.64,都市：住
RPPNMLTLPHJFFAX57CA,案山段,91.65,都市：其他
RPPNMLTLPHJFFAX57CA,案山段,91.65,都市：其他
RPPNMLTLPHJFFAX57CA,案山段,91.65,都市：其他
RPPNMLTLPHJFFAX57CA,案山段,.15,都市：其他
RPPNMLTLPHJFFAX57CA,案山段,.15,都市：其他
RPPNMLTLPHJFFAX57CA,案山段,.15,都市：其他
RPTNMLSLPHJFFAX87CA,中屯段,878.00,非都市：一般農業區 ; 非都市編定：農牧用地
RPTNMLSLPHJFFAX87CA,中屯段,160.00,非都市：鄉村區 ; 非都市編定：乙種建築用地
RPTNMLSLPHJFFAX87CA,中屯段,73.00,非都市：鄉村區 ; 非都市編定：乙種建築用地
RPQNMLOLPHJFFAX27DA,案山段,5.53,都市：工
RPQNMLOLPHJFFAX27DA,案山段,73.26,都市：其他
RPQNMLOLPHJFFAX27DA,案山段,44.70,都市：其他
RPQNMLOLPHJFFAX27DA,案山段,2.11,都市：其他
RPQNMLKMPHJFFAX96DA,東石新段,223.02,非都市：一般農業區 ; 非都市編定：農牧用地
RPQNMLKMPHJFFAX96DA,東石新段,571.84,非都市：一般農業區 ; 非都市編定：農牧用地
RPQNMLKMPHJFFAX96DA,東石新段,625.66,非都市：一般農業區 ; 非都市編定：農牧用地
RPWNMLSJQHJFFAX08CA,山水西段,362.35,非都市：鄉村區 ; 非都市編定：乙種建築用地
RPVNMLNLPHJFFAX57CA,城前段,76.50,非都市：一般農業區 ; 非都市編定：農牧用地
RPVNMLNLPHJFFAX57CA,城前段,76.50,非都市：一般農業區 ; 非都市編定：農牧用地
RPRNMLPLPHJFFAX37CA,西溪新段,435.01,非都市：一般農業區 ; 非都市編定：農牧用地
RPPNMLMLPHJFFAX07EA,港子段,42.00,非都市：一般農業區 ; 非都市編定：農牧用地
RPRNMLSLPHJFFAX77DA,中西段,1641.08,非都市：一般農業區 ; 非都市編定：農牧用地
RPSNMLPLPHJFFAX57DA,鐵線段,473.86,非都市：一般農業區 ; 非都市編定：農牧用地
RPPNMLOLPHJFFAX17DA,山水北段,677.45,非都市：鄉村區 ; 非都市編定：乙種建築用地
RPQNMLTLPHJFFAX77DA,文石段,478.18,非都市：一般農業區 ; 非都市編定：農牧用地
RPUNMLSLPHJFFAX08DA,五福段,223.18,非都市：一般農業區 ; 非都市編定：甲種建築用地
RPUNMLSLPHJFFAX08DA,五福段,16.76,非都市：一般農業區 ; 非都市編定：交通用地
RPSNMLSLPHJFFAX87DA,潭邊新段,1853.01,非都市：一般農業區 ; 非都市編定：農牧用地
RPSNMLSLPHJFFAX87DA,潭邊新段,1562.13,非都市：一般農業區 ; 非都市編定：農牧用地
RPPNMLSLPHJFFAX47CA,尖山南段,154.40,非都市：鄉村區 ; 非都市編定：乙種建築用地
RPPNMLSKQHJFFAX57DA,埕西段,38.58,都市：住
RPRNMLTLPHJFFAX77CA,案山段,1408.66,都市：其他
RPRNMLTLPHJFFAX77CA,案山段,41.80,都市：其他
RPQNMLLKQHJFFAX86CA,四維段,346.09,都市：農
RPSNMLTLPHJFFAX97DA,南寮北段,82.74,非都市：一般農業區 ; 非都市編定：農牧用地
RPTNMLTLPHJFFAX08DA,東澳段,13.17,都市：住
RPRNMLKMPHJFFAX07DA,山水東段,1055.49,非都市：一般農業區 ; 非都市編定：農牧用地
RPRNMLKMPHJFFAX07DA,山水東段,603.27,非都市：一般農業區 ; 非都市編定：農牧用地
RPTNMLKMPHJFFAX17CA,五德東段,745.52,都市：農
RPTNMLKMPHJFFAX17CA,五德東段,427.59,非都市：一般農業區 ; 非都市編定：農牧用地
RPSNMLKMPHJFFAX07CA,安宅段,393.25,非都市：一般農業區 ; 非都市編定：農牧用地
RPPNMLLKQHJFFAX76CA,鐵線段,167.39,非都市：一般農業區 ; 非都市編定：農牧用地
RPPNMLLKQHJFFAX76CA,鐵線段,74.51,非都市：一般農業區 ; 非都市編定：農牧用地
RPRNMLLMPHJFFAX07CA,機場段,496.94,非都市：一般農業區 ; 非都市編定：農牧用地
RPPNMLPJQHJFFAX17DA,光榮段,19.05,都市：商
RPQNMLOJQHJFFAX17DA,七美二段,829.54,非都市：一般農業區 ; 非都市編定：農牧用地
RPQNMLOJQHJFFAX17DA,七美二段,51.43,非都市：一般農業區 ; 非都市編定：農牧用地
RPPOMLSJQHJFFAX47CA,竹篙灣段,34.33,非都市：一般農業區 ; 非都市編定：農牧用地
RPSNMLPJQHJFFAX47DA,吉貝西段,378.20,非都市：一般農業區 ; 非都市編定：農牧用地
RPOOMLSJQHJFFAX37CA,文寮段,206.33,都市：農
RPRNMLNKQHJFFAX17CA,安宅段,39.64,非都市：一般農業區 ; 非都市編定：交通用地
RPRNMLNKQHJFFAX17CA,安宅段,251.67,非都市：一般農業區 ; 非都市編定：甲種建築用地
RPWNMLPJQHJFFAX77CA,鳥嶼段,16.50,非都市：鄉村區 ; 非都市編定：乙種建築用地
RPWNMLPJQHJFFAX77CA,鳥嶼段,16.50,非都市：鄉村區 ; 非都市編定：乙種建築用地
RPWNMLPJQHJFFAX77CA,鳥嶼段,16.50,非都市：鄉村區 ; 非都市編定：乙種建築用地
RPWNMLPJQHJFFAX77CA,鳥嶼段,16.50,非都市：鄉村區 ; 非都市編定：乙種建築用地
RPWNMLPJQHJFFAX77CA,鳥嶼段,16.50,非都市：鄉村區 ; 非都市編定：乙種建築用地
RPVNMLPJQHJFFAX77DA,外垵一段,21.15,非都市：一般農業區 ; 非都市編定：農牧用地
RPQNMLOKQHJFFAX37EA,光榮段,1520.71,都市：其他
RPSNMLNKQHJFFAX27CA,安宅段,39.64,非都市：一般農業區 ; 非都市編定：交通用地
RPSNMLNKQHJFFAX27CA,安宅段,178.03,非都市：一般農業區 ; 非都市編定：甲種建築用地
RPTNMLPJQHJFFAX57DA,外垵一段,1.83,非都市：一般農業區 ; 非都市編定：農牧用地
RPPNMLMJQHJFFAX86DA,東澳段,.66,都市：住
RPPNMLMJQHJFFAX86DA,東澳段,29.08,都市：住
RPUNMLTLPHJFFAX08CA,文寮段,140.13,非都市：鄉村區 ; 非都市編定：乙種建築用地
RPSOMLLLQHJFFAX37DA,東澳段,155.58,都市：住
RPSOMLLLQHJFFAX37DA,東澳段,27.40,都市：住
RPTNMLLLQHJFFAX37DA,東澳段,152.01,都市：住
RPTNMLLLQHJFFAX37DA,東澳段,27.40,都市：住
