﻿編號,土地區段位置,土地移轉面積平方公尺,使用分區或編定
The serial number,land sector position,land shifting area square meter,the use zoning or compiles and checks
RPWOMLNJJIJFFCB87CC,三塊厝段,75.90,都市：住
RPOPMLNJJIJFFCB27DC,黎明段,12.35,都市：住
RPPOMLOJJIJFFBB27DC,仁美段,43.00,都市：住
RPRNMLLJJIJFFAB86CC,後子段,132.63,都市：商
RPPWMLNJJIJFFAB77CC,大益段,21.39,都市：住
RPQNMLLJJIJFFCB96CC,大新段,16.37,都市：商
RPROMLNJJIJFFCB37CC,黎明段,12.07,都市：住
RPOQMLNJJIJFFCB27CC,國安段,13.65,都市：住
RPTOMLNJJIJFFCB57CC,中正段,7.20,都市：商
RPQPMLNJJIJFFBB27CC,東山段,109.00,都市：住
RPSNMLPJJIJFFBB47CC,松茂段,70.00,都市：住
RPUOMLOJJIJFFBB77DC,太祥段,83.54,都市：住
RPUOMLOJJIJFFBB77DC,太祥段,19.77,都市：住
RPOPMLOJJIJFFAB07CC,大益段,21.34,都市：住
RPOOMLPJJIJFFBB17CC,乾溝子段,75.00,都市：住
RPROMLOJJIJFFBB37CC,東山段,71.63,都市：住
RPQOMLOJJIJFFBB37DC,松茂段,28.09,都市：住
RPWNMLPJJIJFFBB87CC,北屯段,.00,非都市： ; 非都市編定：
RPRSMLOJJIJFFCB87CC,何厝段,74.00,都市：商
RPRSMLOJJIJFFCB87CC,何厝段,238.00,都市：商
RPUOMLPJJIJFFBB77CC,文正段,69.00,都市：其他
RPRPMLQJJIJFFBB67CC,北屯段,22.05,都市：住
RPRRMLQJJIJFFCB97CC,中正段,9.73,都市：商
RPQPMLPJJIJFFAB37CC,下橋子頭段,3.68,都市：商
RPOPMLPJJIJFFAB17CC,下橋子頭段,1.83,都市：商
RPXRMLQJJIJFFCB68DC,惠安段,106.74,都市：住
RPUNMLPJJIJFFAB67DC,樹子腳段,1436.00,都市：住
RPRQMLPJJIJFFBB67CC,文正段,69.00,都市：其他
RPVNMLPJJIJFFAB77DC,土庫段,24.00,都市：住
RPVNMLPJJIJFFAB77DC,土庫段,51.00,都市：住
RPVRMLRJJIJFFCB48CC,上石碑段,3.97,都市：商
RPWRMLRJJIJFFCB58CC,永富段,1102.30,都市：住
RPWRMLRJJIJFFCB58CC,永富段,699.74,都市：住
RPXRMLRJJIJFFCB68CC,惠來厝段,5.32,都市：住
RPXNMLRJJIJFFAB08CC,麻園頭段,212.41,都市：住
RPSOMLRJJIJFFAB67CC,半平厝段,15.38,都市：住
RPWNMLRJJIJFFAB97CC,麻園頭段,16.35,都市：住
RPWNMLRJJIJFFBB08CC,賴厝段,4.28,都市：商
RPWNMLRJJIJFFBB08CC,邱厝子段,3.43,都市：商
RPUQMLRJJIJFFCB38DC,南屯段,70.00,都市：住
RPPOMLRJJIJFFAB37CC,麻園頭段,14.40,都市：住
RPSNMLSJJIJFFAB67CC,公館段,.49,都市：住
RPSNMLSJJIJFFAB67CC,公館段,.43,都市：住
RPPNMLSJJIJFFCB57CC,福安段,29.75,都市：住
RPUNMLSJJIJFFAB87CC,公館段,1.46,都市：住
RPTNMLSJJIJFFAB77CC,公館段,1.09,都市：住
RPTNMLSJJIJFFAB77CC,公館段,.95,都市：住
RPUNMLSJJIJFFAB87CC,公館段,1.27,都市：住
RPORMLRJJIJFFCB87DC,南屯段,70.00,都市：住
RPRNMLSJJIJFFAB57CC,公館段,1.07,都市：住
RPRNMLSJJIJFFAB57CC,公館段,.93,都市：住
RPWNMLTJJIJFFCB38CC,田心段,15.48,都市：住
RPXNMLTJJIJFFCB48CC,惠國段,.00,都市：其他
RPTNMLTJJIJFFAB87CC,後子段,7.16,都市：住
RPVPMLKKJIJFFBB57CC,邱厝子段,24.00,都市：住
RPVPMLKKJIJFFBB57CC,邱厝子段,57.00,都市：住
RPVPMLKKJIJFFBB57CC,邱厝子段,14.00,都市：住
RPRNMLTJJIJFFAB67CC,土庫段,21.69,都市：住
RPOOMLTJJIJFFCB67CC,惠民段,32.88,都市：其他
RPUNMLKKJIJFFFL68CC,上楓段,83.00,都市：農
RPUNMLKKJIJFFFL68CC,上楓段,89.00,都市：農
RPSNMLTJJIJFFAB77CC,下橋子頭段,3.75,都市：住
RPTNMLKKJIJFFFL58CC,自強段,1677.00,非都市：特定農業區 ; 非都市編定：農牧用地
RPUOMLKKJIJFFBB37CC,東正段,802.00,都市：住
RPQNMLKKJIJFFIL68DC,新興段,22.42,非都市：鄉村區 ; 非都市編定：乙種建築用地
RPQNMLKKJIJFFIL68DC,新興段,51.16,非都市：鄉村區 ; 非都市編定：乙種建築用地
RPWPMLKKJIJFFBB67CC,邱厝子段,24.00,都市：住
RPWPMLKKJIJFFBB67CC,邱厝子段,57.00,都市：住
RPWPMLKKJIJFFBB67CC,邱厝子段,14.00,都市：住
RPQPMLLKJIJFFCB37DC,惠國段,22.06,都市：其他
RPRQMLLKJIJFFCB47CC,黎明段,52.00,都市：住
RPSNMLMKJIJFFBB27CC,陳平段,11.50,都市：住
RPSOMLMKJIJFFBB37CC,邱厝子段,523.00,都市：商
RPOOMLMKJIJFFHL68DC,樹孝段,22.76,都市：住
RPWNMLMKJIJFFAB57CC,下橋子頭段,1.83,都市：商
RPSQMLNKJIJFFHL66CC,三汴段,88.65,都市：住
RPPQMLNKJIJFFHL98CC,永隆段,250.18,非都市：鄉村區 ; 非都市編定：乙種建築用地
RPTPMLNKJIJFFCB77CC,楓興段,396.70,都市：農
RPOPMLNKJIJFFCB27CC,惠安段,.82,都市：住
RPQPMLNKJIJFFCB47CC,惠義段,.00,都市：住
RPSPMLOKJIJFFCB77CC,上石碑段,2.48,都市：商
RPSPMLOKJIJFFCB77CC,上石碑段,.46,都市：商
RPPOMLNKJIJFFCB37DC,田心段,11.98,都市：住
RPSPMLNKJIJFFCB67CC,楓興段,793.39,都市：農
RPOQMLOKJIJFFCB47CC,惠民段,18.78,都市：其他
RPWPMLOKJIJFFCB18CC,上石碑段,4.61,都市：商
RPRPMLOKJIJFFAB47CC,土庫段,.00,都市：商
RPRPMLOKJIJFFAB47CC,土庫段,.00,都市：商
RPQNMLPKJIJFFCB47CC,何厝段,3220.00,都市：商
RPVNMLOKJIJFFCL88CC,三民段,88.00,都市：住
RPRNMLPKJIJFFAB37CC,下橋子頭段,1.72,都市：商
RPQNMLPKJIJFFAB27CC,下橋子頭段,1.83,都市：商
RPSOMLOKJIJFFBB57CC,平田段,36.26,都市：住
RPTQMLOKJIJFFBB87CC,東峰段,88.00,都市：住
RPTQMLOKJIJFFBB87CC,東峰段,85.00,都市：住
RPXNMLRKJIJFFCB38CC,中正段,6.92,都市：商
RPUNMLSKJIJFFCB18CC,中正段,6.91,都市：住
RPSOMLSKJIJFFAB87CC,旱溪段,60.00,都市：工
RPSOMLSKJIJFFAB87CC,旱溪段,62.00,都市：工
RPPPMLSKJIJFFCB87CC,大進段,14.69,都市：住
RPROMLSKJIJFFCB97CC,大新段,28.67,都市：住
RPUOMLSKJIJFFCB28CC,大進段,14.35,都市：住
RPROMLSKJIJFFGL76CC,大忠段,548.91,都市：住
RPUOMLSKJIJFFBB28DC,賴厝段,6.32,都市：住
RPOOMLKLJIJFFBB86CC,青萍段,88.00,都市：住
RPWOMLSKJIJFFBB48DC,邱厝子段,19.47,都市：住
RPOPMLSKJIJFFBB77DC,東光段,18.94,都市：住
RPXOMLSKJIJFFBB58DC,東光段,18.30,都市：住
RPXOMLTKJIJFFBB58CC,東山段,37.62,都市：住
RPQNMLKLJIJFFAB86CC,後子段,.00,都市：商
RPQPMLKLJIJFFCB27CC,何安段,7.88,都市：住
RPVOMLKLJIJFFCB67CC,上石碑段,3.80,都市：商
RPOPMLKLJIJFFCB07CC,上石碑段,.00,都市：住
RPWPMLKLJIJFFCB87CC,何安段,5.86,都市：住
RPTOMLLLJIJFFAB37CC,土庫段,.00,都市：住
RPTOMLLLJIJFFAB37CC,土庫段,.00,都市：住
RPUOMLLLJIJFFBB67DC,文正段,10.46,都市：住
RPUOMLLLJIJFFCB67CC,上石碑段,61.00,都市：住
RPWNMLLKJIJFFBB57CC,北屯段,22.90,都市：住
RPSOMLLLJIJFFCB47CC,寶文段,35.00,都市：住
RPVOMLLLJIJFFHL76DC,信平段,55.00,都市：住
RPTNMLOLJIJFFHL76DC,宜欣段,4.29,都市：住
RPXNMLLLJIJFFCB97DC,惠民段,21.34,都市：住
RPWNMLLLJIJFFCB87DC,惠泰段,65.02,都市：商
RPXNMLLKJIJFFBB67CC,昌平段,18.84,都市：住
RPPPMLOLJIJFFCB57CC,下石碑段,17.85,都市：住
RPUOMLPLJIJFFCB08CC,春安段,52.67,都市：住
RPUNMLOLJIJFFHL86DC,宜欣段,4.29,都市：住
RPOQMLOLJIJFFBB47CC,鑫新平段,132.23,都市：商
RPPPMLPLJIJFFCB67CC,大墩段,33.26,都市：住
RPPQMLOLJIJFFBB57CC,鑫新平段,132.23,都市：商
RPSOMLOLJIJFFCB77CC,惠信段,15.06,都市：住
RPRQMLOLJIJFFBB77CC,鑫新平段,115.80,都市：商
RPOQMLPLJIJFFBB57CC,中興段,103.07,都市：住
RPSNMLOLJIJFFAL58DC,龍宮段,69.11,都市：住
RPSNMLOLJIJFFBB67DC,倡和段,14.10,都市：住
RPPNMLPLJIJFFFL78CC,埔子墘段,58.00,非都市：鄉村區 ; 非都市編定：乙種建築用地
RPPNMLPLJIJFFFL78CC,埔子墘段,8.52,非都市：鄉村區 ; 非都市編定：乙種建築用地
RPVOMLQLJIJFFBB28DC,同榮段,23.02,都市：住
RPWPMLPLJIJFFBB28CC,中興段,77.47,都市：住
RPWOMLQLJIJFFBB28CC,東峰段,23.23,都市：住
RPUPMLQLJIJFFBB28DC,松觀段,22.65,都市：住
RPVNMLQLJIJFFEL86DC,新合作段,34.51,都市：住
RPVOMLQLJIJFFAB08CC,土庫段,25.67,都市：住
RPSOMLQLJIJFFCB97CC,何安段,23.16,都市：住
RPSTMLRLJIJFFCB58CC,國安段,9.84,都市：住
RPQPMLQLJIJFFCB87CC,國安段,13.22,都市：住
RPUPMLQLJIJFFCB28CC,上石碑段,4.04,都市：商
RPXNRLRLJIJFFBB88CC,東峰段,41.09,都市：商
RPPORLRLJIJFFBB18CC,賴厝段,22.62,都市：住
RPPPRLRLJIJFFBB28CC,賴厝段,.00,都市：住
RPWQMLRLJIJFFAB48CC,後子段,85.15,都市：商
RPXNMLRLJIJFFGL37DC,烏日段,2.05,都市：住
RPXNMLRLJIJFFGL37DC,烏日段,68.00,都市：住
RPWTQLRLJIJFFBB66CC,邱厝子段,13.25,都市：住
RPVNMLRLJIJFFHL17CC,新興段,21.46,都市：住
RPPQMLQLJIJFFCB87CC,大墩段,23.86,都市：住
RPPNMLRLJIJFFHL66DC,信平段,55.00,都市：住
RPUNMLSLJIJFFAL09CC,三陽段,205.26,都市：住
RPVNMLSLJIJFFAL56CC,豐田段,90.67,都市：住
RPSNMLSLJIJFFAB87CC,下橋子頭段,30.40,都市：住
RPTNMLSLJIJFFAB97CC,下橋子頭段,30.40,都市：住
RPVOMLRLJIJFFCB48DC,大墩段,25.72,都市：商
RPPQMLSLJIJFFCB08CC,龍富段,1803.14,都市：住
RPQNMLSLJIJFFCB87CC,大進段,43.21,都市：住
RPRUMLRLJIJFFCB58CC,惠民段,15.14,都市：其他
RPRNMLTLJIJFFCB08CC,惠民段,12.53,都市：其他
RPRNMLRLJIJFFFL56CC,西員寶段,317.35,都市：農
RPPPMLLJKIJFFAB96CC,麻園頭段,8.24,都市：住
RPRPMLLJKIJFFAB17CC,後子段,26.69,都市：住
RPROMLTLJIJFFAB97CC,麻園頭段,23.74,都市：商
RPTOMLLJKIJFFGL88CC,烏日段,72.00,都市：住
RPTOMLLJKIJFFGL88CC,烏日段,2.05,都市：住
RPTPMLLJKIJFFAB37CC,麻園頭段,22.47,都市：住
RPWOMLTLJIJFFAB48CC,下橋子頭段,9.51,都市：住
RPRPMLLJKIJFFCB47DC,惠國段,12.90,都市：商
RPQNMLTLJIJFFBB87CC,太順段,168.78,都市：住
RPSNMLTLJIJFFCB18CC,大新段,30.59,都市：住
RPVOMLLJKIJFFBB67DC,建安段,27.69,都市：其他
RPTPMLMJKIJFFAB47CC,麻園頭段,5.82,都市：住
RPQOMLMJKIJFFCB27CC,中正段,5.87,都市：商
RPWOMLMJKIJFFCB87CC,惠民段,10.65,都市：其他
RPPNMLLJKIJFFFL38DC,中興段,24.41,都市：住
RPVOMLMJKIJFFCB77CC,惠民段,10.68,都市：其他
RPTOMLMJKIJFFAB37CC,平和段,5.95,都市：商
RPROMLMJKIJFFCB37CC,大新段,16.68,都市：住
RPPPMLMJKIJFFCB27CC,楓樹段,55.00,都市：住
RPROMLNJKIJFFCB47CC,中正段,6.36,都市：商
RPRNMLOJKIJFFCB47CC,上石碑段,2716.00,都市：住
RPVOMLOJKIJFFBB97DC,東光段,8.40,都市：商
RPPOMLNJKIJFFCB37DC,豐富段,27.90,都市：住
RPWPMLMJKIJFFCB97CC,上石碑段,19.49,都市：商
RPPNMLOJKIJFFAB07CC,下橋子頭段,1.72,都市：商
RPQNMLOJKIJFFAB17CC,下橋子頭段,1.72,都市：商
RPSPMLMJKIJFFCB57CC,中正段,5.27,都市：商
RPSNMLOJKIJFFAB37CC,下橋子頭段,4.53,都市：商
RPRNMLOJKIJFFAB27CC,下橋子頭段,3.73,都市：商
RPOPMLOJKIJFFAB17CC,後子段,21.02,都市：住
RPQOMLPJKIJFFAB37CC,旱新段,81.45,都市：商
RPTRMLPJKIJFFCB18CC,中正段,5.27,都市：商
RPTPMLPJKIJFFBB97DC,東義段,9.03,都市：住
RPQOMLPJKIJFFBB57DC,東峰段,19.89,都市：商
RPTOMLPJKIJFFFL66DC,家興段,12.67,都市：住
RPVPMLPJKIJFFBB08CC,中興段,9.46,都市：住
RPVRMLPJKIJFFCB38CC,南屯段,28.40,都市：商
RPQNMLQJKIJFFCB57CC,西屯段,16.23,都市：住
RPSNMLQJKIJFFBB67CC,平田段,26.27,都市：住
RPVQMLPJKIJFFCB28CC,下石碑段,17.60,都市：住
RPRNMLQJKIJFFBB57CC,平田段,24.15,都市：住
RPUOMLSJKIJFFBB18CC,東山段,.00,非都市： ; 非都市編定：
RPRNMLRJKIJFFCB77CC,順安段,38.24,都市：住
RPRNMLRJKIJFFCB77CC,順安段,102.70,都市：住
RPTOMLSJKIJFFAB08DC,麻園頭段,12.00,都市：住
RPROMLSJKIJFFAB87DC,後子段,27.39,都市：住
RPVNMLSJKIJFFCB38DC,中和段,17.51,都市：住
RPXNMLTJKIJFFCB68DC,上石碑段,122.00,都市：商
RPXOMLTJKIJFFCB78DC,中仁段,4.98,都市：住
RPOOMLTJKIJFFBB67CC,平田段,16.43,都市：住
RPXNMLTJKIJFFBB48CC,平田段,16.43,都市：住
RPPNMLTJKIJFFBB67CC,錦村段,13.49,都市：住
RPQNMLTJKIJFFAB67CC,後子段,33.56,都市：住
RPQNMLTJKIJFFAB67CC,後子段,13.31,都市：住
RPSPMLTJKIJFFCB28CC,中正段,10.54,都市：商
RPUQMLKKKIJFFCB77CC,埔興段,134.00,都市：住
RPUOMLKKKIJFFCB57CC,大新段,25.67,都市：商
RPUPMLKKKIJFFCB67CC,惠民段,15.58,都市：其他
RPUPMLKKKIJFFBB57CC,乾溝子段,.00,都市：住
RPSQMLKKKIJFFBB47CC,崇德段,.00,都市：住
RPRQMLKKKIJFFBB37CC,昌平段,.00,都市：住
RPORMLKKKIJFFBB17CC,東義段,19.85,都市：住
RPXQMLKKKIJFFBB97CC,東義段,11.94,都市：住
RPSPMLSJKIJFFAB97CC,麻園頭段,14.15,都市：住
RPQPMLKKKIJFFBB27DC,乾溝子段,.00,非都市： ; 非都市編定：
RPSPMLKKKIJFFAB27CC,大益段,29.93,都市：住
RPWNMLLKKIJFFAL58CC,厚生段,426.45,都市：工
RPWNMLLKKIJFFAL58CC,厚生段,393.78,都市：工
RPRNMLLKKIJFFAL08CC,翁明段,14.37,都市：商
RPXPMLLKKIJFFCB08CC,下石碑段,17.85,都市：住
RPUNMLLKKIJFFAL38CC,南村段,78.22,都市：其他
RPPOMLLKKIJFFCB17CC,中正段,6.23,都市：商
RPPQMLLKKIJFFCB37CC,下石碑段,23.29,都市：住
RPOOMLLKKIJFFCB07CC,中正段,6.23,都市：商
RPVQMLLKKIJFFCB08DC,寶文段,4999.99,都市：工
RPRQMLLKKIJFFCB57CC,福安段,450.00,都市：住
RPQQMLLKKIJFFCB47CC,楓興段,330.58,都市：農
RPSQMLLKKIJFFCB67CC,福安段,300.00,都市：住
RPRTMLMKKIJFFCB97CC,上石碑段,3.97,都市：商
RPSSMLMKKIJFFCB97CC,大新段,16.07,都市：商
RPPRMLLKKIJFFCB47CC,西屯段,14.74,都市：住
RPOTMLMKKIJFFCB67CC,何安段,3.14,都市：住
RPRSMLMKKIJFFCB87CC,上石碑段,6.35,都市：商
RPPSMLMKKIJFFCB67CC,上石碑段,.23,都市：商
RPPSMLMKKIJFFCB67CC,上石碑段,11.14,都市：商
RPQSMLMKKIJFFCB77CC,福安段,9.01,都市：住
RPVTMLMKKIJFFCB38CC,福德段,46.16,都市：住
RPUUMLMKKIJFFCB38CC,何安段,6.03,都市：住
RPTUMLMKKIJFFCB28CC,何安段,19.35,都市：商
RPWNMLMKKIJFFAB67CC,後子段,.00,非都市： ; 非都市編定：
RPPNMLMKKIJFFFL58DC,四德段,33.00,都市：住
RPPNMLMKKIJFFFL58DC,四德段,57.00,都市：住
RPPNMLMKKIJFFFL58DC,四德段,32.00,都市：住
RPXOMLMKKIJFFBB97CC,邱厝子段,62.20,都市：住
RPPNMLOKKIJFFCB37CC,惠禮段,.00,都市：商
RPROMLMKKIJFFAB27CC,麻園頭段,43.37,都市：商
RPSOMLMKKIJFFAB37CC,麻園頭段,.00,非都市： ; 非都市編定：
RPUOMLMKKIJFFBB67CC,邱厝子段,50.30,都市：住
RPXPMLPKKIJFFCB48CC,中正段,4.24,都市：商
RPWPNLPKKIJFFBB38CC,太祥段,75.79,都市：其他
RPTQNLPKKIJFFBB18CC,軍福段,15.26,都市：住
RPWOMLQKKIJFFAL56CC,豐原段,.00,都市：住
RPWOMLQKKIJFFAL56CC,豐原段,.00,都市：住
RPWOMLQKKIJFFAL56CC,豐原段,.00,都市：住
RPVNMLQKKIJFFGL96CC,中興段,86.00,都市：住
RPQNMLPKKIJFFFL88CC,自立段,82.00,非都市：鄉村區 ; 非都市編定：丁種建築用地
RPTNMLQKKIJFFCB97CC,民安段,100.24,都市：商
RPWNMLRKKIJFFCB38CC,何安段,4.81,都市：住
RPRQMLQKKIJFFCB08CC,黎明段,22.44,都市：住
RPROMLRKKIJFFAB77CC,後子段,69.01,都市：商
RPSNMLRKKIJFFCB97CC,田心段,155.00,都市：其他
RPWNMLRKKIJFFAB18CC,下橋子頭段,30.40,都市：商
RPSOMLSKKIJFFCB18CC,惠國段,15.99,都市：住
RPVNMLRKKIJFFAB08CC,公館段,1.10,都市：住
RPVNMLRKKIJFFAB08CC,公館段,.95,都市：住
RPQOMLSKKIJFFGL76CC,新站南段,118.89,都市：住
RPXOMLSKKIJFFCB68CC,西屯段,.00,都市：住
RPOOMLTKKIJFFCL88CC,南簡段,91.00,都市：住
RPRNMLSKKIJFFHL96DC,宜欣段,5.02,都市：住
RPTNMLSKKIJFFHL17DC,宜欣段,5.44,都市：住
RPWNMLMLKIJFFCB97CC,惠民段,7.97,都市：其他
RPOOMLTKKIJFFBB77CC,東義段,15.44,都市：住
RPSNMLSKKIJFFHL07DC,宜欣段,4.81,都市：住
RPSOMLSKKIJFFAL09DC,中陽段,121.00,都市：住
RPSOMLSKKIJFFAL09DC,中陽段,121.00,都市：住
RPSOMLSKKIJFFAL09DC,中陽段,207.55,都市：住
RPXPMLTKKIJFFCB88CC,惠來厝段,10.40,都市：住
RPXNMLTKKIJFFCL07CC,大庄段大庄小段,79.00,都市：住
RPWQMLNLKIJFFCB38CC,中正段,5.63,都市：商
RPVQMLNLKIJFFCB28CC,福安段,16.04,都市：住
RPVNMLMLKIJFFFL66DC,摘星段,898.35,都市：其他
RPOOMLMLKIJFFAL18DC,福隆段,154.04,都市：住
RPTQMLMLKIJFFCB08DC,永富段,10.88,都市：住
RPTQMLMLKIJFFCB08DC,永富段,139.13,都市：住
RPWNMLNLKIJFFCB08CC,惠民段,.00,都市：其他
RPUPMLNLKIJFFBB08DC,乾溝子段,22.46,都市：住
RPUPMLNLKIJFFBB08DC,乾溝子段,7.80,都市：住
RPRNMLNLKIJFFHL56DC,長安段,40.01,非都市：鄉村區 ; 非都市編定：乙種建築用地
RPPRMLNLKIJFFCB77CC,大新段,144.10,都市：住
RPOQMLNLKIJFFBB47CC,東義段,.00,非都市： ; 非都市編定：
RPQRMLNLKIJFFBB77CC,賴厝段,399.00,都市：住
RPQRMLNLKIJFFBB77CC,賴厝段,36.00,都市：住
RPVRMLNLKIJFFCB38CC,福安段,8.75,都市：住
RPRNMLNLKIJFFAB47DC,土庫段,71.00,都市：住
RPTPMLNLKIJFFAB77CC,後子段,20.36,都市：住
RPVNMLNLKIJFFAB77CC,麻園頭段,10.49,都市：住
RPQRMLNLKIJFFCB87CC,上石碑段,3.86,都市：商
RPVQMLOLKIJFFCB38CC,大新段,14.05,都市：住
RPXPMLNLKIJFFAB18CC,後子段,8.68,都市：住
RPXPMLNLKIJFFAB18CC,後子段,6.47,都市：住
RPVPMLOLKIJFFAB08CC,麻園頭段,14.14,都市：住
RPWPMLOLKIJFFCB38CC,大明段,140.00,都市：住
RPRPMLOLKIJFFAB67CC,麻園頭段,19.03,都市：住
RPWPMLOLKIJFFAB18CC,麻園頭段,11.00,都市：商
RPOSMLOLKIJFFCB87CC,上石碑段,.00,都市：住
RPUPMLOLKIJFFAB97CC,麻園頭段,19.86,都市：住
RPPSMLOLKIJFFCB97CC,西屯段,.00,都市：商
RPRNMLOLKIJFFIL76DC,永順段,96.86,非都市：鄉村區 ; 非都市編定：乙種建築用地
RPRNMLOLKIJFFIL76DC,永順段,7.94,非都市：鄉村區 ; 非都市編定：乙種建築用地
RPURMLOLKIJFFCB48DC,上石碑段,23.06,都市：其他
RPSOMLPLKIJFFCB97CC,田心段,92.00,都市：住
RPXNMLPLKIJFFCB48DC,惠順段,24.22,都市：其他
RPWQMLPLKIJFFCB58CC,大新段,5.00,都市：其他
RPRPMLPLKIJFFAL78CC,三陽段,62.00,都市：住
RPXQMLPLKIJFFCB68CC,惠民段,10.39,都市：其他
RPTPMLPLKIJFFAB97CC,後子段,20.98,都市：住
RPWOMLQLKIJFFBB38CC,北屯段,18.56,都市：住
RPWOMLQLKIJFFAB28CC,麻園頭段,13.54,都市：住
RPQPMLPLKIJFFBB77CC,東山段,.00,非都市： ; 非都市編定：
RPRPMLQLKIJFFCB08CC,大進段,132.00,都市：商
RPWPMLQLKIJFFCB58CC,福德段,25.11,都市：住
RPUPMLQLKIJFFCB38CC,上石碑段,2.95,都市：商
RPROMLRLKIJFFCB08CC,惠來厝段,18.23,都市：住
RPTOMLRLKIJFFCB28CC,上石碑段,3.97,都市：商
RPOQMLRLKIJFFCB97CC,大墩段,16.36,都市：住
RPXOMLRLKIJFFCB68CC,何安段,4.83,都市：住
RPUQMLRLKIJFFCB58CC,國安段,6.35,都市：住
RPRNMLRLKIJFFBB87CC,青田段,80.00,都市：商
RPUNMLRLKIJFFBB18CC,軍福段,134.90,都市：商
RPOQMLPLKIJFFAB57CC,下橋子頭段,1.81,都市：商
RPTNMLKMKIJFFBB57DC,東信段,24.91,都市：住
RPPQMLPLKIJFFAB67CC,下橋子頭段,1.83,都市：商
RPSOMLRLKIJFFAB97CC,麻園頭段,18.87,都市：商
RPPPMLTLKIJFFCB18CC,惠智段,51.75,都市：住
RPXOMLTLKIJFFBB78CC,邱厝子段,20.68,都市：住
RPQPMLTLKIJFFBB28DC,平田段,14.74,都市：住
RPTPMLKMKIJFFCB77CC,何安段,237.36,都市：住
RPWPMLKMKIJFFCB08CC,豐功段,41.18,都市：住
RPXPMLKMKIJFFCB18CC,大進段,21.65,都市：住
RPPPMLLMKIJFFBB47DC,乾溝子段,1.56,都市：住
RPRNMLMJJHKFFCB17CC,永新段,859.40,都市：住
RPRNMLMJJHKFFCB17CC,永新段,859.40,都市：住
RPOQMLLMKIJFFBB37CC,平田段,13.51,都市：住
RPQNMLLMKIJFFAL28DC,一心段,12.78,都市：住
RPWOMLLMKIJFFBB08DC,乾溝子段,3143.00,都市：住
RPSNMLNJJHKFFCB37CC,大明段,96.00,都市：住
RPRNMLNJJHKFFCB27CC,大墩段,54.15,都市：住
RPSNMLMJJHKFFCB27CC,永富段,689.18,都市：住
RPSNMLMJJHKFFCB27CC,永富段,551.82,都市：住
RPTNMLMJJHKFFBB27CC,軍福段,778.90,都市：住
RPRNMLMJJHKFFBB07CC,大觀段,81.62,都市：住
RPSNMLNJJHKFFBB27CC,賴厝段,7.67,都市：住
RPSNMLNJJHKFFBB27CC,賴厝段,7.73,都市：住
RPRNMLPJJHKFFCL58DC,下寮段,33.00,都市：住
RPRPMLPJJHKFFBB57CC,錦村段,76.00,都市：住
RPPQMLPJJHKFFCB57CC,中正段,5.67,都市：商
RPUOMLPJJHKFFAB67CC,公館段,1.40,都市：住
RPUOMLPJJHKFFAB67CC,公館段,1.21,都市：住
RPQOMLQJJHKFFCB57CC,大新段,143.00,都市：住
RPPOMLPJJHKFFAB27DC,麻園頭段,68.61,都市：商
RPSOMLQJJHKFFCB77CC,大新段,143.00,都市：住
RPUNMLQJJHKFFAL78DC,豐原段,35.00,都市：商
RPPOMLPJJHKFFCB47DC,豐業段,56.46,都市：住
RPPOMLPJJHKFFCB47DC,豐業段,19.99,都市：住
RPPPMLPJJHKFFGL88CC,新榮泉段,26.15,都市：其他
RPTOMLQJJHKFFCB87CC,大新段,147.00,都市：住
RPTQMLQJJHKFFCB08CC,大墩段,21.17,都市：住
RPWOMLQJJHKFFAB97CC,大益段,26.01,都市：住
RPOSMLRJJHKFFBB77CC,乾溝子段,60.28,都市：住
RPXNMLRJJHKFFCB28CC,中正段,25.65,都市：住
RPWNMLRJJHKFFAB97CC,麻園頭段,32.82,都市：商
RPSWMLRJJHKFFBB58CC,平田段,.00,非都市： ; 非都市編定：
RPPOMLRJJHKFFCB57CC,中正段,25.65,都市：住
RPPTMLRJJHKFFBB97CC,松茂段,19.86,都市：住
RPPONLRJJHKFFBB57CC,中清段,24.96,都市：住
RPSQMLRJJHKFFBB97CC,文正段,89.00,都市：住
RPWOMLRJJHKFFCB28CC,中正段,10.18,都市：商
RPOPMLRJJHKFFCB57CC,大新段,16.07,非都市： ; 非都市編定：
RPQPMLRJJHKFFCB77CC,中正段,8.49,都市：商
RPRQMLRJJHKFFCB08DC,國安段,6.56,都市：住
RPROMLRJJHKFFGL56CC,榮和段,97.30,都市：住
RPSRMLRJJHKFFCB28DC,惠來厝段,134.00,都市：住
RPSRMLRJJHKFFCB28DC,惠來厝段,31.00,都市：住
RPVQMLRJJHKFFCB48DC,中正段,5.67,都市：住
RPTQMLRJJHKFFCB28DC,國安段,7.10,都市：住
RPOPMLSJJHKFFAB57DC,公館段,1.48,都市：住
RPOPMLSJJHKFFAB57DC,公館段,1.29,都市：住
RPQPMLSJJHKFFCB97DC,田心段,12.05,都市：住
RPRQMLSJJHKFFCB08CC,上石碑段,.00,都市：住
RPSPMLRJJHKFFAL78CC,豐原段,181.00,都市：住
RPROMLSJJHKFFAL68CC,三陽段,116.06,都市：住
RPVOMLSJJHKFFCB28CC,西屯段,.00,都市：住
RPVOMLSJJHKFFCB28CC,西屯段,.00,都市：住
RPQPMLSJJHKFFAB67CC,麻園頭段,130.00,都市：住
RPVPMLSJJHKFFBB28CC,松茂段,39.02,都市：住
RPWQMLSJJHKFFCB58CC,廣明段,4.55,都市：住
RPSNMLTJJHKFFCB97CC,永春段,968.00,都市：住
RPOPMLTJJHKFFCB77CC,中義段,27.04,都市：住
RPUOMLTJJHKFFCB38DC,下石碑段,22.12,都市：住
RPQQMLSJJHKFFCB97CC,中正段,6.23,都市：商
RPXOMLTJJHKFFBB58DC,崇德段,396.53,都市：住
RPPPMLTJJHKFFCB87CC,何安段,7.26,都市：住
RPOOMLKKJHKFFBB76CC,北屯段,3.38,都市：住
RPXOMLMKJHKFFBB87CC,東峰段,41.09,都市：商
RPTPMLTJJHKFFCB28CC,大進段,95.00,都市：住
RPWOMLTJJHKFFBB48DC,崇德段,993.02,都市：住
RPWOMLTJJHKFFCB58DC,中正段,17.92,都市：住
RPXQMLMKJHKFFAB97CC,大益段,6.24,都市：住
RPQRMLMKJHKFFAB37CC,後子段,19.68,都市：住
RPQNMLKKJHKFFGL38CC,吉隆段,20.89,都市：住
RPQNMLKKJHKFFGL38CC,吉隆段,1.61,都市：住
RPROMLMKJHKFFCB37CC,田心段,16.78,都市：其他
RPVPMLNKJHKFFAB77CC,麻園頭段,11.68,都市：住
RPXPMLNKJHKFFCB18CC,惠安段,.00,都市：商
RPQPMLNKJHKFFAB37DC,後子段,30.83,都市：住
RPPPMLNKJHKFFCB37CC,上石碑段,7.20,都市：住
RPPOMLNKJHKFFCB27CC,民安段,640.97,都市：住
RPOPMLNKJHKFFAB17DC,樹子腳段,1.93,都市：住
RPWPMLNKJHKFFCB08CC,惠國段,.00,都市：其他
RPWPMLNKJHKFFBB97CC,東義段,9.59,都市：住
RPOOMLNKJHKFFBB17DC,乾溝子段,17.31,都市：住
RPVNMLOKJHKFFFL56CC,復興段,140.43,都市：商
RPQOMLNKJHKFFCB47DC,上石碑段,92.00,都市：住
RPQQMLOKJHKFFCB67CC,西屯段,16.98,都市：住
RPUOMLPKJHKFFAB77CC,尚武段,77.00,都市：住
RPWQMLOKJHKFFCB28CC,大新段,167.00,都市：住
RPWQMLOKJHKFFCB28CC,大新段,156.00,都市：住
RPXPMLQKJHKFFCB48CC,上石碑段,.00,都市：商
RPVNMLPKJHKFFHL86CC,溪洲段,104.51,都市：商
RPWOMLQKJHKFFBB18CC,錦村段,219.00,都市：其他
RPQOMLPKJHKFFAB37CC,土庫段,66.00,都市：住
RPSNMLTKJHKFFCB08CC,協成段,6336.66,都市：工
RPSNMLTKJHKFFCB08CC,協成段,3126.49,都市：工
RPSNMLTKJHKFFCB08CC,協成段,462.19,都市：工
RPPNMLSKJHKFFCB67CC,國安段,9.60,都市：住
RPQPMLQKJHKFFAB57CC,土庫段,.00,都市：住
RPQPMLQKJHKFFAB57CC,土庫段,.00,都市：住
RPOPMLQKJHKFFAB37CC,麻園頭段,.00,都市：住
RPWPMLTKJHKFFCB68CC,安和段,.00,都市：工
RPWPMLTKJHKFFCB68CC,安和段,.00,都市：工
RPSQMLTKJHKFFBB38DC,北屯段,7.61,都市：住
RPQQMLTKJHKFFBB18DC,賴厝段,6.98,都市：住
RPOQMLTKJHKFFCB97CC,民安段,7.64,都市：住
RPRQMLTKJHKFFBB28DC,陳平段,7.39,都市：住
RPQRMLTKJHKFFCB28CC,何安段,7.11,都市：住
RPTNMLTKJHKFFAB97CC,半平厝段,9.02,都市：商
RPTQMLTKJHKFFBB48DC,賴厝段,20.13,都市：住
RPOPMLKLJHKFFAB86CC,平和段,68.00,都市：住
RPOPMLKLJHKFFAB86CC,平和段,15.00,都市：住
RPOPMLTKJHKFFAL68CC,育仁段,31.31,都市：住
RPSOMLKLJHKFFCB37CC,中仁段,24.02,都市：住
RPVOMLKLJHKFFCB77DC,福德段,26.82,都市：住
RPVOMLLLJHKFFCB77CC,中正段,6.71,都市：商
RPUOMLLLJHKFFCB67CC,中正段,9.74,都市：商
RPOOMLKLJHKFFCB96CC,中仁段,33.96,都市：住
RPPPMLLLJHKFFCB27CC,惠安段,9.27,都市：商
RPTNMLLLJHKFFCB47CC,廣明段,10.84,都市：住
RPOPMLLLJHKFFAB96CC,樹子腳段,5.93,都市：住
RPSNMLLLJHKFFBB27CC,東山段,23.23,都市：住
RPVNMLLLJHKFFAB47CC,麻園頭段,143.00,都市：住
RPVPMLLLJHKFFCB87CC,中義段,17.62,都市：住
RPSPMLLLJHKFFAB37CC,樹子腳段,6.10,都市：住
RPRPMLLLJHKFFCB47CC,惠智段,17.49,都市：住
RPQOMLLLJHKFFBB17CC,文正段,94.00,都市：商
RPQOMLLLJHKFFBB17CC,文正段,10.00,都市：商
RPQOMLLLJHKFFBB17CC,文正段,71.00,都市：商
RPQOMLLLJHKFFBB17CC,文正段,20.00,都市：商
RPUPMLMLJHKFFCB87CC,下石碑段,28.90,都市：商
RPWNMLMLJHKFFAL68CC,豐原段,9.25,都市：商
RPWNMLMLJHKFFAL68CC,豐原段,13.75,都市：商
RPUOMLMLJHKFFAB57CC,頂橋子頭段,12.41,都市：商
RPTQMLMLJHKFFCB97DC,惠泰段,74.39,都市：其他
RPOOMLNLJHKFFFL58CC,大豐段,66.00,都市：住
RPQPMLMLJHKFFCB47CC,何厝段,17.50,都市：住
RPSNMLNLJHKFFHL09CC,溪洲段,83.98,都市：住
RPTOMLMLJHKFFAB57DC,番婆段,263.00,都市：工
RPTPMLMLJHKFFCB77CC,惠信段,61.78,都市：其他
RPTNMLNLJHKFFHL56CC,忠平段,65.00,都市：其他
RPTNMLNLJHKFFHL56CC,忠平段,26.00,都市：工
RPTNMLNLJHKFFHL56CC,忠平段,503.00,都市：工
RPTPMLNLJHKFFCB87CC,下石碑段,27.03,都市：住
RPOQMLNLJHKFFCB47CC,惠禮段,32.40,都市：住
RPXPMLNLJHKFFCB28CC,惠民段,9.31,都市：其他
RPSPMLNLJHKFFCB77CC,中正段,6.28,都市：商
RPSQMLNLJHKFFCB87CC,大進段,.00,都市：住
RPPPMLNLJHKFFCB47CC,信安段,4.96,都市：住
RPVQMLNLJHKFFAB97CC,土庫段,15.53,都市：商
RPQPMLNLJHKFFAB37CC,後子段,.00,都市：住
RPQPMLNLJHKFFAB37CC,後子段,.00,都市：住
RPXQMLNLJHKFFCB38CC,惠民段,14.41,都市：其他
RPVPMLNLJHKFFCB08CC,何安段,4.81,都市：住
RPRUMLNLJHKFFBB08CC,陳平段,32.04,都市：住
RPWQMLNLJHKFFAB08CC,麻園頭段,97.00,都市：住
RPWQMLNLJHKFFAB08CC,麻園頭段,343.00,都市：住
RPWQMLNLJHKFFAB08CC,麻園頭段,26.00,都市：住
RPPNMLPLJHKFFAB27CC,下橋子頭段,3.69,都市：商
RPRNMLPLJHKFFAB47CC,下橋子頭段,1.72,都市：商
RPQNMLPLJHKFFAB37CC,下橋子頭段,1.83,都市：商
RPQNMLQLJHKFFCL68CC,三田段,72.00,都市：農
RPRNMLNLJHKFFAB27CC,旱清段,76.50,都市：住
RPOOMLQLJHKFFCB57CC,惠安段,25.25,都市：商
RPVNMLQLJHKFFCB18CC,三塊厝段,37.85,都市：住
RPWNMLQLJHKFFCB28CC,國安段,6.56,都市：住
RPTOMLQLJHKFFAL98DC,南陽段,22.19,都市：住
RPXNMLRLJHKFFCB48CC,安和段,.00,都市：工
RPQOMLRLJHKFFHL86DC,平欣段,8.86,都市：住
RPXNMLQLJHKFFBB38DC,東正段,5.97,都市：住
RPWPMLRLJHKFFCB68DC,下石碑段,.00,都市：商
RPPSMLQLJHKFFAB97DC,麻園頭段,18.27,都市：住
RPOOMLQLJHKFFBB57DC,錦村段,20.41,都市：住
RPSOMLRLJHKFFHL07DC,平欣段,65.00,都市：住
RPRNMLRLJHKFFCB87CC,順和段,.00,都市：工
RPRQMLRLJHKFFCB18CC,下石碑段,17.86,都市：住
RPQQMLRLJHKFFCB08CC,田心段,80.00,都市：住
RPRNMLSLJHKFFBB87CC,平田段,19.41,都市：住
RPRNMLSLJHKFFBB87CC,平田段,65.00,都市：住
RPPOMLSLJHKFFCB97DC,中正段,21.70,都市：住
RPPQMLRLJHKFFCB97CC,上石碑段,3.40,都市：商
RPWNMLTLJHKFFHL57DC,宜欣段,5.02,都市：住
RPQNMLRLJHKFFAB57CC,麻園頭段,.00,都市：住
RPSNMLTLJHKFFAL09DC,建國段,1885.00,非都市：特定農業區 ; 非都市編定：農牧用地
RPSNMLTLJHKFFAL09DC,建國段,1886.00,非都市：特定農業區 ; 非都市編定：農牧用地
RPVNMLTLJHKFFHL47DC,宜欣段,4.45,都市：住
RPWPMLSLJHKFFCB68CC,惠民段,43.30,都市：其他
RPXOMLTLJHKFFCB78CC,下石碑段,17.60,都市：住
RPXNMLTLJHKFFBB58CC,賴厝段,74.00,都市：住
RPUOMLTLJHKFFBB38CC,賴厝段,6.95,都市：住
RPWNMLTLJHKFFCB58CC,田心段,3.56,都市：住
RPRQMLTLJHKFFCB38CC,惠國段,17.75,都市：其他
RPRPMLTLJHKFFBB18CC,賴厝段,2187.00,都市：住
RPOOMLTLJHKFFBB77CC,邱厝子段,71.00,都市：住
RPUQMLTLJHKFFCB68CC,南屯段,28.40,都市：商
RPUPMLKMJHKFFCB77CC,大新段,20.91,都市：住
RPVNMLTLJHKFFAB28CC,公館段,2.79,都市：住
RPQRMLKMJHKFFBB47CC,水源段,.00,都市：住
RPVNMLTLJHKFFAB28CC,公館段,2.41,都市：住
RPQRMLKMJHKFFBB47CC,水源段,.00,都市：住
RPQRMLKMJHKFFBB47CC,水源段,.00,都市：住
RPQRMLKMJHKFFBB47CC,水源段,.00,都市：住
RPQRMLKMJHKFFBB47CC,水源段,.00,都市：住
RPQRMLKMJHKFFBB47CC,水源段,.00,都市：住
RPQRMLKMJHKFFBB47CC,水源段,.00,都市：住
RPQRMLKMJHKFFBB47CC,水源段,.00,都市：住
RPQRMLKMJHKFFBB47CC,水源段,.00,都市：住
RPQRMLKMJHKFFBB47CC,水源段,.00,都市：住
RPQRMLKMJHKFFBB47CC,水源段,.00,都市：住
RPQRMLKMJHKFFBB47CC,水源段,.00,都市：住
RPVRMLKMJHKFFCB08CC,豐功段,32.58,都市：住
RPTOMLKMJHKFFAB37CC,麻園頭段,20.67,都市：住
RPOQMLKMJHKFFAB07CC,麻園頭段,.00,都市：住
RPORMLKMJHKFFCB37CC,順和段,656.76,都市：工
RPWQMLKMJHKFFBB08DC,東信段,13.70,都市：商
RPXQMLKMJHKFFBB18DC,和平段,975.61,都市：住
RPRQMLKMJHKFFCB67DC,惠信段,16.18,都市：住
RPUNMLLMJHKFFBB57CC,東光段,14.74,都市：住
RPOQMLKMJHKFFGL68CC,新仁段,.00,都市：住
RPPNMLLMJHKFFCL18CC,忠孝段,113.00,都市：住
