﻿編號,屋齡,建物移轉面積平方公尺,主要用途,主要建材,建築完成日期,總層數,建物分層
The serial number,room age,building shifting area square meter,the main use,main building materials,construction completes the date,total layer,building lamination
RPUNMLLJJIJFFAE47CC,8,243.89,住家用,鋼筋混凝土造,95年5月5日,十五層,
RPTNMLNJJIJFFBE67CC,28,65.38,,鋼筋混凝土造,76年2月28日,五層,
RPVOMLOJJIJFFDE28CC,1,206.76,住家用,鋼筋混凝土造,102年11月15日,二十六層,
RPVOMLOJJIJFFDE28CC,1,31.19,住家用,鋼筋混凝土造,102年11月15日,二十六層,
RPVOMLOJJIJFFDE28CC,1,169.18,共有部分,鋼筋混凝土造,102年11月15日,二十六層,
RPQNMLOJJIJFFFE87CC,26,617.29,住工用,鋼筋混凝土造,77年9月22日,二層,
RPQQMLOJJIJFFEE18DC,19,106.98,住家用,鋼筋混凝土造,85年1月13日,七層,
RPQQMLOJJIJFFEE18DC,19,42.02,,鋼筋混凝土造,85年1月13日,七層,
RPSNMLOJJIJFFAE57CC,9,115.31,住家用,鋼筋混凝土造,94年12月30日,二十七層,
RPSNMLOJJIJFFAE57CC,9,19.84,住家用,鋼筋混凝土造,94年12月30日,二十七層,
RPSNMLOJJIJFFAE57CC,9,40.57,共有部分,鋼筋混凝土造,94年12月30日,二十七層,
RPOQMLOJJIJFFCE67CC,4,42.95,住家用,鋼筋混凝土造,100年1月25日,十五層,
RPOQMLOJJIJFFCE67CC,4,7.10,住家用,鋼筋混凝土造,100年1月25日,十五層,
RPOQMLOJJIJFFCE67CC,4,26.92,見其它登記事項,鋼筋混凝土造,100年1月25日,十五層,
RPXNMLOJJIJFFBE18CC,9,68.66,見其他登記事項,鋼筋混凝土造,94年12月6日,十四層,
RPXNMLOJJIJFFBE18CC,9,10.57,住家用,鋼筋混凝土造,94年12月6日,十四層,
RPPOMLOJJIJFFEE77CC,25,20.74,見其它登記事項,鋼筋混凝土造,79年3月26日,十九層,
RPQOMLOJJIJFFFE97CC,28,495.86,工業用,鋼造,75年6月24日,一層,
RPQNMLMJJIJFFFE67CC,18,94.79,住家用,鋼筋混凝土造,85年4月25日,十三層,
RPQNMLMJJIJFFFE67CC,18,26.20,見其他登記事項,鋼筋混凝土造,85年4月25日,十三層,
RPWNMLOJJIJFFEE48DC,21,146.66,住商用,鋼筋混凝土造,83年1月12日,十二層,
RPWNMLOJJIJFFEE48DC,21,16.66,見使用執照,鋼筋混凝土造,83年1月12日,十二層,
RPUOMLQJJIJFFBE18CC,22,219.90,商業用,鋼筋混凝土造,82年3月4日,二十八層,
RPTNMLPJJIJFFBE87CC,17,172.40,住商用,鋼筋混凝土造,86年4月21日,三十五層,
RPOPMLRJJIJFFGE38DC,16,177.14,見使用執照,鋼筋混凝土造,87年5月12日,五層,
RPUOMLPJJIJFFDE28CC,34,58.99,,鋼筋混凝土造,70年1月6日,五層,
RPPNMLQJJIJFFBE57CC,31,32.85,,鋼筋混凝土造,72年6月21日,十二層,
RPVNMLPJJIJFFBE08CC,23,180.03,商業用,鋼筋混凝土造,80年12月30日,十二層,
RPVNMLPJJIJFFBE08CC,23,23.30,商業用,鋼筋混凝土造,80年12月30日,十二層,
RPVNMLPJJIJFFBE08CC,23,31.10,見使用執照,鋼筋混凝土造,80年12月30日,十二層,
RPVNMLPJJIJFFBE08CC,23,99.34,見使用執照,鋼筋混凝土造,80年12月30日,十二層,
RPVNMLPJJIJFFBE08CC,23,224.81,商業用,鋼筋混凝土造,80年12月30日,十二層,
RPVNMLPJJIJFFBE08CC,23,26.44,商業用,鋼筋混凝土造,80年12月30日,十二層,
RPVNMLPJJIJFFBE08CC,23,33.47,見使用執照,鋼筋混凝土造,80年12月30日,十二層,
RPVNMLPJJIJFFBE08CC,23,107.72,見使用執照,鋼筋混凝土造,80年12月30日,十二層,
RPTOMLPJJIJFFAE87CC,10,90.48,住家用,鋼筋混凝土造,93年12月6日,十四層,
RPTOMLPJJIJFFAE87CC,10,58.02,共有部分,鋼筋混凝土造,93年12月6日,十四層,
RPOOMLRJJIJFFEE97CC,9,47.16,住商用,鋼筋混凝土造,94年12月7日,四層,
RPOOMLRJJIJFFEE97CC,9,42.46,住商用,鋼筋混凝土造,94年12月7日,四層,
RPSNMLQJJIJFFIE58CC,19,294.10,見其他登記事項,鋼造,85年2月6日,一層,
RPUOMLRJJIJFFEE58CC,18,186.28,商業用,鋼筋混凝土造,86年1月22日,十九層,
RPQNMLRJJIJFFGE28CC,26,213.22,住商用,鋼筋混凝土造,77年11月8日,四層,
RPVNMLQJJIJFFBE18CC,18,63.77,住家用,鋼筋混凝土造,86年4月21日,三十五層,
RPPOMLRJJIJFFEE08CC,25,335.62,商業用,見其它登記事項,79年2月2日,一層,
RPSPMLRJJIJFFEE48CC,15,147.59,住家用,見使用執照,89年4月11日,十層,
RPUNMLRJJIJFFAE08CC,29,24.36,,鋼筋混凝土造,75年2月17日,十六層,
RPSOMLRJJIJFFDE28CC,22,655.76,見使用執照,鋼骨鋼筋混凝土造,81年8月21日,五十層,
RPQNMLSJJIJFFEE18CC,18,90.78,住家用,鋼筋混凝土造,85年6月25日,十三層,
RPTNMLRJJIJFFBE08CC,18,94.55,住家用,鋼筋混凝土造,86年4月21日,三十五層,
RPPNMLTJJIJFFDE18DC,31,78.84,,鋼筋混凝土造,73年3月16日,五層,
RPPPMLRJJIJFFGE38CC,43,51.05,住家用,加強磚造,61年4月5日,二層,
RPPPMLRJJIJFFGE38CC,43,50.08,住家用,加強磚造,61年4月5日,二層,
RPQOMLRJJIJFFAE77CC,29,114.82,,鋼筋混凝土造,75年1月30日,五層,
RPUPMLKKJIJFFEE08CC,18,138.31,國民住宅,鋼筋混凝土造,86年1月7日,二十一層,
RPPNMLKKJIJFFGE57CC,19,81.00,住家用,鋼筋混凝土造,84年6月15日,二十層,
RPPNMLKKJIJFFGE57CC,19,13.29,住家用,鋼筋混凝土造,84年6月15日,二十層,
RPPNMLKKJIJFFGE57CC,19,41.49,共有部份,鋼筋混凝土造,84年6月15日,二十層,
RPWNMLKKJIJFFAE67CC,61,271.24,,加強磚造,42年9月11日,四層,
RPTNMLKKJIJFFBE47CC,38,48.89,,鋼筋混凝土造,65年11月24日,十層,
RPPOMLKKJIJFFBE17CC,31,102.39,,鋼筋混凝土造,72年9月17日,十二層,
RPPOMLKKJIJFFBE17CC,31,90.27,,鋼筋混凝土造,72年9月17日,十二層,
RPUNMLKKJIJFFBE57CC,38,32.03,,鋼筋混凝土造,65年11月24日,十層,
RPRNMLLKJIJFFBE37CC,8,51.82,住家用,鋼筋混凝土造,96年4月13日,十五層,
RPRNMLLKJIJFFBE37CC,8,7.47,住家用,鋼筋混凝土造,96年4月13日,十五層,
RPRNMLLKJIJFFBE37CC,8,40.91,共有部分,鋼筋混凝土造,96年4月13日,十五層,
RPQNMLSJJIJFFDE08CC,6,85.64,住商用,鋼筋混凝土造,97年12月9日,四層,
RPVNMLLKJIJFFBE77CC,18,234.71,住家用,鋼筋混凝土造,86年4月21日,三十五層,
RPUNMLKKJIJFFEE87CC,9,55.14,住家用,鋼筋混凝土造,94年9月8日,五層,
RPQNMLLKJIJFFBE27CC,36,78.28,,鋼筋混凝土造,67年8月21日,十四層,
RPSNMLLKJIJFFAE37CC,31,105.10,,鋼筋混凝土造,73年2月29日,十二層,
RPUNMLLKJIJFFBE67CC,18,129.29,住家用,鋼筋混凝土造,86年4月21日,三十五層,
RPVNMLKKJIJFFGE18CC,20,80.59,住家用,鋼筋混凝土造,84年4月26日,十六層,
RPPNMLLKJIJFFGE67CC,8,125.24,見其他登記事項,見其他登記事項,96年1月3日,四層,
RPTNMLLKJIJFFAE47CC,11,49.03,住家用,鋼筋混凝土造,92年8月14日,十二層,
RPSNMLLKJIJFFGE97CC,20,78.08,住家用,鋼筋混凝土造,83年6月28日,十二層,
RPSNMLLKJIJFFGE97CC,20,13.07,住家用,鋼筋混凝土造,83年6月28日,十二層,
RPSNMLLKJIJFFGE97CC,20,37.16,共有部份,鋼筋混凝土造,83年6月28日,十二層,
RPTNMLLKJIJFFBE57CC,41,41.20,,加強磚造,62年10月6日,二層,
RPROMLLKJIJFFAE37CC,9,154.63,住家用,鋼筋混凝土造,95年2月21日,二十五層,
RPOOMLLKJIJFFAE07CC,2,52.84,住家用,鋼筋混凝土造,101年11月7日,十五層,
RPOOMLLKJIJFFAE07CC,2,8.47,住家用,鋼筋混凝土造,101年11月7日,十五層,
RPOOMLLKJIJFFAE07CC,2,55.52,見其它登記事項,鋼筋混凝土造,101年11月7日,十五層,
RPWNMLLKJIJFFBE87CC,18,168.26,住商用,鋼筋混凝土造,86年4月21日,三十五層,
RPPOMLLKJIJFFCE37CC,16,185.59,住家用,見其它登記事項,88年2月9日,三十九層,
RPVRMLNKJIJFFAE28CC,8,107.43,住家用,鋼筋混凝土造,95年10月13日,十五層,
RPVRMLNKJIJFFAE28CC,8,46.49,見其它登記事項,鋼筋混凝土造,95年10月13日,十五層,
RPWNMLLKJIJFFAE77CC,25,152.07,商業用,鋼筋混凝土造,79年2月16日,十二層,
RPTNMLMKJIJFFAE57CC,11,452.98,商業用,鋼筋混凝土造,92年11月28日,十四層,
RPSOMLLKJIJFFGE18DC,33,88.86,住家用,鋼筋混凝土造,70年12月7日,五層,
RPPSMLNKJIJFFAE77CC,9,58.85,住家用,鋼筋混凝土造,94年12月15日,十三層,
RPPSMLNKJIJFFAE77CC,9,41.65,共有部分,鋼筋混凝土造,94年12月15日,十三層,
RPPNMLNKJIJFFAE27CC,8,459.89,住家用,鋼筋混凝土造,95年10月4日,十四層,
RPQOMLMKJIJFFAE37CC,10,82.24,住家用,鋼筋混凝土造,93年9月13日,十四層,
RPXNMLNKJIJFFDE38CC,38,287.04,,鋼筋混凝土造,66年3月17日,四層,
RPXNMLNKJIJFFDE38CC,38,308.16,,鋼筋混凝土造,66年3月17日,四層,
RPUNMLNKJIJFFCE97CC,48,96.62,住商用,加強磚造,56年4月25日,二層,
RPROMLNKJIJFFBE67CC,33,113.36,,鋼筋混凝土造,71年2月26日,十二層,
RPROMLNKJIJFFBE67CC,33,5.47,,鋼筋混凝土造,71年2月26日,十二層,
RPPOMLNKJIJFFBE47CC,44,151.17,,加強磚造,59年8月18日,三層,
RPPOMLMKJIJFFAE27CC,10,154.73,住家用,鋼筋混凝土造,93年10月18日,十四層,
RPRNMLNKJIJFFDE77CC,25,618.71,,鋼筋混凝土造,79年4月17日,三層,
RPPOMLNKJIJFFCE57CC,35,224.00,,鋼筋混凝土造,68年8月22日,四層,
RPPOMLNKJIJFFCE57CC,35,224.00,,鋼筋混凝土造,68年8月22日,四層,
RPRNMLNKJIJFFBE57CC,49,121.69,,加強磚造,54年9月24日,二層,
RPSOMLNKJIJFFGE28CC,41,39.96,住家用,加強磚造,62年8月30日,二層,
RPQOMLNKJIJFFDE77CC,35,197.60,,鋼筋混凝土造,68年10月9日,四層,
RPTOMLNKJIJFFCE97CC,7,91.66,住家用,鋼筋混凝土造,96年5月9日,二十七層,
RPTOMLNKJIJFFCE97CC,7,52.07,共有部份,鋼筋混凝土造,96年5月9日,二十七層,
RPRPMLNKJIJFFEE08CC,8,58.53,住家用,鋼筋混凝土造,96年1月12日,十五層,
RPRPMLNKJIJFFEE08CC,8,27.59,共有部分,鋼筋混凝土造,96年1月12日,十五層,
RPOOMLOKJIJFFCE57CC,20,39.85,住家用,鋼筋混凝土造,84年3月27日,十九層,
RPUPMLNKJIJFFGE58CC,12,128.37,見其他登記事項,見其他登記事項,91年11月6日,一層,
RPXNMLOKJIJFFCE38CC,40,80.27,,鋼筋混凝土造,64年5月5日,四層,
RPWNMLOKJIJFFGE78DC,17,73.39,住家用,鋼筋混凝土造,86年6月27日,十四層,
RPWNMLOKJIJFFCE28CC,24,190.51,住商用,鋼筋混凝土造,80年1月23日,七層,
RPWNMLOKJIJFFBE18CC,27,231.56,,鋼筋混凝土造,76年11月7日,五層,
RPSOMLOKJIJFFGE48DC,17,73.39,住家用,鋼筋混凝土造,86年6月27日,十四層,
RPVNMLOKJIJFFFE48CC,18,69.42,住家用,鋼筋混凝土造,85年11月25日,八層,
RPWPMLNKJIJFFEE58CC,10,114.83,住家用,鋼筋混凝土造,94年2月2日,十四層,
RPWPMLNKJIJFFEE58CC,10,43.53,住家用,鋼筋混凝土造,94年2月2日,十四層,
RPQOMLOKJIJFFGE28DC,33,88.86,住家用,鋼筋混凝土造,70年12月7日,五層,
RPVNMLOKJIJFFBE08CC,27,85.90,,鋼筋混凝土造,76年11月7日,五層,
RPXNMLOKJIJFFGE88DC,33,88.86,住家用,鋼筋混凝土造,70年12月7日,五層,
RPXOMLRKJIJFFDE88CC,25,112.51,,鋼筋混凝土造,78年9月13日,十六層,
RPXOMLRKJIJFFDE88CC,25,112.51,,鋼筋混凝土造,78年9月13日,十六層,
RPXOMLRKJIJFFDE88CC,25,112.72,,鋼筋混凝土造,78年9月13日,十六層,
RPXOMLRKJIJFFDE88CC,25,121.83,,鋼筋混凝土造,78年9月13日,十六層,
RPROMLOKJIJFFIE48CC,35,159.24,住商用,鋼筋混凝土造,68年5月25日,三層,
RPROMLOKJIJFFIE48CC,35,243.11,住商用,鋼筋混凝土造,68年6月29日,三層,
RPROMLOKJIJFFGE38DC,17,73.39,住家用,鋼筋混凝土造,86年6月27日,十四層,
RPRNMLRKJIJFFBE97CC,50,69.30,,加強磚造,54年4月23日,二層,
RPVNMLRKJIJFFGE88CC,20,127.82,住家用,鋼筋混凝土造,83年9月26日,十三層,
RPTNMLRKJIJFFGE68CC,3,232.57,見其他登記事項,鋼筋混凝土造,101年4月1日,四層,
RPTNMLRKJIJFFCE28CC,40,116.04,住商用,加強磚造,63年11月4日,三層,
RPPNMLRKJIJFFCE87CC,22,95.20,住商用,鋼筋混凝土造,81年8月7日,六層,
RPVPMLSKJIJFFGE56CC,29,236.80,住商用,鋼筋混凝土造,75年3月25日,四層,
RPVPMLSKJIJFFGE56CC,29,705.69,住商用,鋼筋混凝土造,75年3月25日,四層,
RPPOMLSKJIJFFBE08DC,25,175.78,,鋼筋混凝土造,79年3月5日,七層,
RPTNMLSKJIJFFDE48CC,2,134.94,住家用,鋼筋混凝土造,101年9月26日,十五層,
RPXNMLSKJIJFFAE58CC,21,251.30,住商用,鋼筋混凝土造,82年12月20日,四層,
RPPNMLSKJIJFFBE87CC,65,301.23,,見使用執照,38年12月19日,二層,
RPUNMLSKJIJFFAE28CC,20,118.82,商業用,鋼筋混凝土造,83年10月24日,十二層,
RPUNMLSKJIJFFAE28CC,20,149.19,商業用,鋼筋混凝土造,83年10月24日,十二層,
RPVNMLSKJIJFFAE38CC,15,42.08,商業用,鋼筋混凝土造,88年9月30日,十四層,
RPVNMLSKJIJFFAE38CC,15,39.20,商業用,鋼筋混凝土造,88年9月30日,十四層,
RPVNMLSKJIJFFAE38CC,15,19.48,共有部分,鋼筋混凝土造,88年9月30日,十四層,
RPSNMLSKJIJFFAE08CC,19,23.54,住家用,鋼筋混凝土造,85年5月6日,十二層,
RPSNMLSKJIJFFAE08CC,19,8.75,見使用執照,鋼筋混凝土造,85年5月6日,十二層,
RPTNMLSKJIJFFBE28CC,22,51.36,商業用,鋼筋混凝土造,82年4月1日,二十層,
RPUNMLTKJIJFFBE48CC,46,96.06,,加強磚造,57年7月30日,二層,
RPUOMLSKJIJFFBE48CC,30,32.91,,鋼筋混凝土造,73年12月1日,十二層,
RPUOMLSKJIJFFBE48CC,30,11.96,,鋼筋混凝土造,73年12月1日,十二層,
RPTNMLTKJIJFFBE38CC,18,122.31,住家用,鋼筋混凝土造,86年4月21日,三十五層,
RPXNMLTKJIJFFAE68CC,9,123.27,住家用,鋼筋混凝土造,94年8月2日,十四層,
RPXNMLTKJIJFFBE78CC,38,1233.31,,鋼筋混凝土造,66年2月2日,六層,
RPPOMLTKJIJFFAE97CC,34,162.75,,鋼筋混凝土造,69年10月21日,七層,
RPXNMLSKJIJFFBE68CC,31,123.23,,鋼筋混凝土造,72年9月17日,十二層,
RPXNMLSKJIJFFBE68CC,31,120.73,,鋼筋混凝土造,72年9月17日,十二層,
RPVOMLTKJIJFFDE88CC,34,166.11,,鋼筋混凝土造,69年12月23日,十三層,
RPRNMLTKJIJFFCE28CC,8,93.40,住家用,見其它登記事項,96年1月26日,十五層,
RPRNMLTKJIJFFCE28CC,8,59.57,共有部份,見其它登記事項,96年1月26日,十五層,
RPQNMLTKJIJFFEE48DC,3,289.03,住商用,鋼筋混凝土造,101年4月10日,五層,
RPQNMLTKJIJFFEE48DC,3,283.41,住商用,鋼筋混凝土造,101年4月10日,五層,
RPVOMLSKJIJFFBE58CC,28,131.98,,鋼筋混凝土造,75年7月21日,十二層,
RPVNMLTKJIJFFBE58CC,41,188.79,,加強磚造,62年6月20日,三層,
RPPOMLTKJIJFFEE38CC,9,221.05,住商用,鋼筋混凝土造,95年4月13日,四層,
RPROMLTKJIJFFAE18CC,43,253.52,,加強磚造,60年11月2日,三層,
RPROMLTKJIJFFEE58CC,15,85.40,住家用,見使用執照,89年5月3日,十四層,
RPPOMLKLJIJFFEE57CC,19,236.64,工業用,鋼筋混凝土造,84年5月2日,十三層,
RPTNMLKLJIJFFDE77CC,17,182.82,住商用,鋼筋混凝土造,87年1月6日,十四層,
RPSPMLKLJIJFFEE97CC,13,58.77,住商用,見使用執照,91年3月21日,五層,
RPSNMLKLJIJFFEE77CC,17,106.85,住家用,鋼筋混凝土造,86年12月31日,十四層,
RPSNMLTKJIJFFDE58DC,37,50.60,,鋼筋混凝土造,66年12月24日,五層,
RPVNMLKLJIJFFBE77CC,23,162.36,商業用,鋼筋混凝土造,80年7月22日,十二層,
RPRNMLKLJIJFFDE57CC,20,168.79,住家用,鋼筋混凝土造,83年10月4日,二十四層,
RPUNMLKLJIJFFDE87CC,29,95.29,,鋼筋混凝土造,75年1月28日,五層,
RPUNMLLLJIJFFCE87CC,43,95.34,住家用,加強磚造,60年5月25日,二層,
RPUOMLLLJIJFFAE77CC,9,85.17,住家用,鋼筋混凝土造,94年11月10日,十五層,
RPUOMLLLJIJFFAE77CC,9,36.38,共有部分,鋼筋混凝土造,94年11月10日,十五層,
RPQNMLMLJIJFFAE37CC,29,77.09,,鋼筋混凝土造,75年2月5日,五層,
RPUOMLLLJIJFFBE87CC,20,146.70,商業用,鋼筋混凝土造,83年6月17日,七層,
RPUOMLLLJIJFFBE87CC,20,34.37,見使用執照,鋼筋混凝土造,83年6月17日,七層,
RPRNMLMLJIJFFEE87CC,1,114.63,住家用,鋼筋混凝土造,103年3月27日,十五層,
RPRNMLMLJIJFFBE57CC,41,194.23,住商用,加強磚造,63年3月12日,二層,
RPSPMLLLJIJFFDE97CC,35,207.36,,鋼筋混凝土造,68年9月25日,四層,
RPXPMLLLJIJFFDE48CC,16,47.74,住商用,鋼筋混凝土造,87年10月2日,十四層,
RPXPMLLLJIJFFDE48CC,16,14.31,見使用執照,鋼筋混凝土造,87年10月2日,十四層,
RPXPMLLLJIJFFDE48CC,16,15.55,見使用執照,鋼筋混凝土造,87年10月2日,十四層,
RPUNMLOLJIJFFCE18CC,33,76.38,,鋼筋混凝土造,70年10月3日,五層,
RPVNMLOLJIJFFCE28CC,5,63.08,住家用,鋼筋混凝土造,98年12月24日,十九層,
RPVNMLOLJIJFFCE28CC,5,39.22,見其它登記事項,鋼筋混凝土造,98年12月24日,十九層,
RPOOMLOLJIJFFCE67CC,2,91.60,見其它登記事項,鋼筋混凝土造,102年1月29日,十五層,
RPOOMLOLJIJFFCE67CC,2,120.08,見其它登記事項,鋼筋混凝土造,102年1月29日,十五層,
RPROMLOLJIJFFCE97CC,17,165.15,國民住宅,鋼筋混凝土造,86年11月20日,十五層,
RPWNMLOLJIJFFBE28CC,25,57.16,,鋼筋混凝土造,78年11月9日,十二層,
RPROMLPLJIJFFEE28CC,9,66.95,住家用,鋼筋混凝土造,95年4月10日,十五層,
RPROMLPLJIJFFEE28CC,9,28.25,見使用執照,鋼筋混凝土造,95年4月10日,十五層,
RPWNMLPLJIJFFCE48CC,16,221.22,商業用,鋼筋混凝土造,87年10月7日,五層,
RPUOMLOLJIJFFBE18CC,23,201.56,商業用,鋼筋混凝土造,81年1月13日,十二層,
RPVOMLPLJIJFFBE38CC,34,164.00,,鋼筋混凝土造,69年5月14日,十二層,
RPVOMLPLJIJFFBE38CC,34,25.08,,鋼筋混凝土造,69年5月14日,十二層,
RPOPMLPLJIJFFEE08CC,11,46.38,住家用,加強磚造,93年3月18日,一層,
RPROMLOLJIJFFAE77CC,39,708.20,,鋼筋混凝土造,64年11月13日,四層,
RPXNMLOLJIJFFCE48CC,16,31.89,住家用,見其它登記事項,88年2月9日,三十九層,
RPXNMLOLJIJFFCE48CC,16,15.58,共有部份,見其它登記事項,88年2月9日,三十九層,
RPSOMLPLJIJFFBE08CC,42,70.84,,加強磚造,61年6月27日,三層,
RPVOMLPLJIJFFFE78CC,19,304.36,工業用,見其他登記事項,84年10月21日,四層,
RPQPMLPLJIJFFBE97CC,26,280.16,,鋼筋混凝土造,77年6月7日,七層,
RPTPMLRLJIJFFGE98CC,32,80.71,住家用,鋼筋混凝土造,71年10月13日,五層,
RPTPMLRLJIJFFGE98CC,32,7.70,住家用,鋼筋混凝土造,71年10月13日,五層,
RPOOMLQLJIJFFBE77CC,38,36.56,,鋼筋混凝土造,65年11月24日,十層,
RPQOMLQLJIJFFGE48CC,12,101.48,見其他登記事項,見其他登記事項,91年11月6日,一層,
RPQOMLRLJIJFFAE97CC,10,60.28,住家用,鋼筋混凝土造,94年2月2日,十四層,
RPQOMLRLJIJFFAE97CC,10,25.79,共有部分,鋼筋混凝土造,94年2月2日,十四層,
RPRNMLQLJIJFFBE97CC,18,165.29,住家用,鋼筋混凝土造,86年4月21日,三十五層,
RPPOMLRLJIJFFDE18CC,20,141.95,住商用,鋼筋混凝土造,83年9月30日,十七層,
RPPOMLRLJIJFFDE18CC,20,58.19,見使用執照,鋼筋混凝土造,83年9月30日,十七層,
RPOOMLRLJIJFFDE08CC,29,164.12,,鋼筋混凝土造,74年9月24日,三層,
RPROMLQLJIJFFFE48CC,46,99.36,住家用,加強磚造,58年4月17日,二層,
RPROMLRLJIJFFGE68CC,4,51.62,見其他登記事項,見其他登記事項,99年9月9日,三層,
RPXNMLRLJIJFFBE68CC,20,21.83,住家用,鋼筋混凝土造,83年6月30日,七層,
RPXNMLRLJIJFFBE68CC,20,12.61,見使用執照,鋼筋混凝土造,83年6月30日,七層,
RPUOMLQLJIJFFAE28CC,6,279.99,住商用,鋼筋混凝土造,98年1月14日,十五層,
RPXOMLSLJIJFFDE09CC,26,156.80,,鋼筋混凝土造,78年4月3日,十二層,
RPQPMLSLJIJFFDE48CC,40,60.71,,加強磚造,63年5月23日,三層,
RPPNMLSLJIJFFIE78DC,28,155.81,住家用,鋼筋混凝土造,75年5月30日,三層,
RPROMLSLJIJFFGE78CC,45,267.28,住家用,加強磚造,59年3月2日,二層,
RPOPMLSLJIJFFDE28CC,26,156.80,,鋼筋混凝土造,78年4月3日,十二層,
RPWQMLSLJIJFFDE56CC,21,84.62,住家用,鋼筋混凝土造,82年9月2日,十四層,
RPWQMLSLJIJFFDE56CC,21,25.48,見使用執照,鋼筋混凝土造,82年9月2日,十四層,
RPVQMLSLJIJFFDE09CC,18,252.96,住家用,鋼筋混凝土造,85年12月31日,五層,
RPPNMLTLJIJFFBE08CC,31,47.47,,鋼筋混凝土造,73年3月20日,十二層,
RPQNMLTLJIJFFBE18CC,33,148.32,,鋼筋混凝土造,71年2月27日,十二層,
RPOOMLLJKIJFFDE37CC,26,272.40,,鋼筋混凝土造,77年5月30日,五層,
RPRQMLSLJIJFFCE58CC,43,12.97,住商用,加強磚造,60年9月1日,二層,
RPPNMLTLJIJFFEE38CC,7,359.69,住商用,鋼筋混凝土造,97年4月10日,十五層,
RPRNMLMJKIJFFLE58DC,21,110.91,住家用,鋼筋混凝土造,83年1月25日,五層,
RPVNMLLJKIJFFBE77CC,18,187.39,住家用,鋼筋混凝土造,86年4月21日,三十五層,
RPVNMLLJKIJFFBE77CC,18,94.55,見使用執照,鋼筋混凝土造,86年4月21日,三十五層,
RPVNMLSLJIJFFAE48CC,9,374.18,商業用,鋼筋混凝土造,95年1月26日,十五層,
RPXNMLMJKIJFFCE18CC,10,75.73,住家用,鋼筋混凝土造,94年3月30日,十五層,
RPXNMLMJKIJFFCE18CC,10,50.48,共有部份,鋼筋混凝土造,94年3月30日,十五層,
RPOQMLSLJIJFFEE48CC,1,252.00,商業用,見其它登記事項,103年5月5日,一層,
RPRQMLMJKIJFFEE08CC,21,124.78,住商用,鋼筋混凝土造,82年6月8日,八層,
RPXNMLLJKIJFFIE78DC,28,155.81,住家用,鋼筋混凝土造,75年5月30日,三層,
RPUOMLMJKIJFFGE38CC,27,247.20,住商用,鋼筋混凝土造,76年6月28日,四層,
RPXOMLMJKIJFFGE68CC,4,122.74,見其他登記事項,見其他登記事項,99年12月20日,十五層,
RPOOMLMJKIJFFGE77CC,34,65.76,住家用,鋼筋混凝土造,70年3月1日,五層,
RPSOMLMJKIJFFGE18CC,41,108.80,住商用,加強磚造,62年6月20日,二層,
RPROMLMJKIJFFCE67CC,43,74.00,住家用,加強磚造,61年5月10日,二層,
RPROMLMJKIJFFAE47CC,10,125.69,住家用,鋼筋混凝土造,93年11月26日,十四層,
RPUNMLMJKIJFFIE48CC,11,173.11,見使用執照,鋼筋混凝土造,92年6月26日,四層,
RPXNMLNJKIJFFBE18CC,25,116.86,,鋼筋混凝土造,78年7月11日,十二層,
RPXNMLNJKIJFFBE18CC,25,57.09,,鋼筋混凝土造,78年7月11日,十二層,
RPRNMLNJKIJFFGE08CC,31,88.40,住商用,鋼筋混凝土造,73年1月22日,五層,
RPPOMLNJKIJFFBE47CC,35,513.83,,鋼筋混凝土造,69年4月30日,六層,
RPTNMLNJKIJFFDE97CC,16,137.67,商業用,鋼骨混凝土造,88年2月8日,一層,
RPWNMLNJKIJFFAE97CC,6,411.91,住商用,鋼筋混凝土造,97年9月8日,五層,
RPRNMLNJKIJFFAE47CC,7,77.16,住家用,鋼筋混凝土造,97年5月7日,十五層,
RPRNMLNJKIJFFAE47CC,7,48.42,共有部分,鋼筋混凝土造,97年5月7日,十五層,
RPSNMLNJKIJFFAE57CC,44,834.73,,見使用執照,59年6月29日,二層,
RPXNMLNJKIJFFGE68CC,35,90.18,住家用,鋼筋混凝土造,68年11月29日,五層,
RPXNMLNJKIJFFGE68CC,35,4.00,住家用,鋼筋混凝土造,68年11月29日,五層,
RPXNMLNJKIJFFCE28CC,20,155.67,住商用,鋼筋混凝土造,83年10月1日,二十層,
RPWNMLNJKIJFFIE78CC,12,155.64,住家用,鋼筋混凝土造,91年12月30日,四層,
RPWNMLNJKIJFFBE08CC,28,152.00,,鋼筋混凝土造,76年4月20日,十一層,
RPRNMLNJKIJFFIE28CC,22,590.94,見其他登記事項,鋼筋混凝土造,82年3月16日,二層,
RPTNMLOJKIJFFCE97CC,16,51.06,住家用,見其它登記事項,88年2月9日,三十九層,
RPTNMLOJKIJFFCE97CC,16,23.37,共有部份,見其它登記事項,88年2月9日,三十九層,
RPTOMLOJKIJFFAE97DC,41,356.50,,鋼筋混凝土造,62年10月17日,四層,
RPPPMLOJKIJFFBE67CC,20,70.50,住家用,鋼筋混凝土造,83年10月3日,五層,
RPVNMLOJKIJFFCE18CC,16,101.59,住家用,見其它登記事項,88年2月9日,三十九層,
RPVNMLOJKIJFFCE18CC,16,41.55,共有部份,見其它登記事項,88年2月9日,三十九層,
RPXNMLNJKIJFFJE98CC,45,44.00,工商用,加強磚造,58年10月1日,一層,
RPXNMLNJKIJFFJE98CC,45,766.00,工業用,鐵造,58年10月1日,一層,
RPXNMLNJKIJFFJE98CC,45,145.80,工業用,土造,58年10月1日,一層,
RPXNMLNJKIJFFJE98CC,43,133.80,工業用,鋼造,60年7月5日,一層,
RPXNMLNJKIJFFJE98CC,43,267.60,工業用,鋼造,60年7月15日,一層,
RPXNMLNJKIJFFJE98CC,43,149.17,工業用,加強磚造,60年10月16日,三層,
RPXPMLOJKIJFFEE78CC,8,92.50,住家用,鋼筋混凝土造,96年1月12日,十五層,
RPVPMLOJKIJFFEE58CC,4,248.15,住商用,鋼筋混凝土造,99年10月4日,五層,
RPVOMLOJKIJFFDE38CC,8,111.33,住家用,鋼筋混凝土造,96年1月31日,十五層,
RPWOMLOJKIJFFBE28CC,3,143.61,住商用,鋼筋混凝土造,100年9月1日,十三層,
RPWNMLOJKIJFFAE08CC,8,94.30,住家用,鋼筋混凝土造,95年8月8日,十五層,
RPWNMLOJKIJFFAE08CC,8,16.64,共有部分,鋼筋混凝土造,95年8月8日,十五層,
RPWNMLOJKIJFFAE08CC,8,39.59,共有部分,鋼筋混凝土造,95年8月8日,十五層,
RPWOMLOJKIJFFDE48CC,16,40.68,商業用,鋼骨鋼筋混凝土造,87年9月29日,二十五層,
RPPOMLPJKIJFFDE87CC,20,50.35,商業用,鋼筋混凝土造,83年11月1日,十二層,
RPWNMLPJKIJFFAE18CC,33,119.14,,鋼筋混凝土造,70年12月30日,十層,
RPVNMLPJKIJFFBE18CC,38,103.31,,鋼筋混凝土造,65年11月24日,十層,
RPXNMLPJKIJFFBE38CC,38,77.36,,鋼筋混凝土造,65年11月24日,十層,
RPROMLOJKIJFFAE67CC,33,130.24,,鋼筋混凝土造,70年9月30日,十層,
RPRNMLQJKIJFFGE38CC,28,203.72,住商用,鋼筋混凝土造,75年12月1日,四層,
RPUNMLPJKIJFFBE08CC,22,170.93,商業用,鋼筋混凝土造,82年3月4日,二十八層,
RPVNMLPJKIJFFEE48CC,20,132.60,工業用,鋼筋混凝土造,84年5月2日,十三層,
RPVNMLPJKIJFFEE48CC,20,110.16,工業用,鋼筋混凝土造,84年5月2日,十三層,
RPVNMLPJKIJFFEE48CC,20,158.62,見使用執照,鋼筋混凝土造,84年5月2日,十三層,
RPUOMLOJKIJFFAE97CC,20,12.72,住家用,鋼筋混凝土造,83年6月25日,十二層,
RPPNMLQJKIJFFAE57CC,22,274.80,住商用,鋼筋混凝土造,81年7月21日,七層,
RPWNMLSJKIJFFAE48CC,2,42.64,住家用,鋼筋混凝土造,102年5月27日,十五層,
RPUNMLSJKIJFFBE38CC,23,143.87,商業用,鋼筋混凝土造,80年12月19日,十八層,
RPVNMLSJKIJFFBE48CC,23,191.29,商業用,鋼筋混凝土造,80年8月24日,十二層,
RPOOMLTJKIJFFEE28CC,,330.46,見其它登記事項,見其它登記事項,103年10月20日,一層,
RPOOMLTJKIJFFEE28CC,,298.12,見其它登記事項,見其它登記事項,103年10月20日,一層,
RPVNMLSJKIJFFDE68CC,47,347.75,住商用,加強磚造,56年8月16日,二層,
RPTOMLTJKIJFFCE58CC,9,63.41,住家用,見其它登記事項,95年2月27日,九層,
RPTOMLTJKIJFFCE58CC,9,9.87,住家用,見其它登記事項,95年2月27日,九層,
RPTOMLTJKIJFFCE58CC,9,31.51,共有部份,見其它登記事項,95年2月27日,九層,
RPVNMLSJKIJFFAE38CC,49,187.46,住商用,加強磚造,54年5月30日,三層,
RPVPMLTJKIJFFGE66CC,4,86.36,見其他登記事項,見其他登記事項,99年12月20日,十五層,
RPVPMLTJKIJFFGE66CC,4,13.70,見其他登記事項,見其他登記事項,99年12月20日,十五層,
RPVPMLTJKIJFFGE66CC,4,72.50,見其他登記事項,見其他登記事項,99年12月20日,十五層,
RPUNMLSJKIJFFEE68CC,11,89.75,住家用,見使用執照,93年5月6日,五層,
RPUNMLSJKIJFFEE68CC,9,36.20,見其它登記事項,鋼筋混凝土造,95年3月6日,十五層,
RPOOMLTJKIJFFBE97CC,6,34.10,住家用,鋼筋混凝土造,97年9月19日,十三層,
RPOOMLTJKIJFFBE97CC,6,3.74,住家用,鋼筋混凝土造,97年9月19日,十三層,
RPOOMLTJKIJFFBE97CC,6,9.39,共有部分,鋼筋混凝土造,97年9月19日,十三層,
RPPNMLQJKIJFFDE87CC,20,61.82,商業用,鋼筋混凝土造,83年11月1日,十二層,
RPVNMLTJKIJFFAE48CC,2,96.56,住家用,鋼筋混凝土造,102年4月9日,二十四層,
RPVNMLTJKIJFFAE48CC,2,15.34,住家用,鋼筋混凝土造,102年4月9日,二十四層,
RPVNMLTJKIJFFAE48CC,2,76.30,見其它登記事項,鋼筋混凝土造,102年4月9日,二十四層,
RPWOMLTJKIJFFAE68CC,2,52.35,住家用,鋼筋混凝土造,101年9月26日,十五層,
RPWOMLTJKIJFFAE68CC,2,5.68,住家用,鋼筋混凝土造,101年9月26日,十五層,
RPWOMLTJKIJFFAE68CC,2,46.48,住家用,鋼筋混凝土造,101年9月26日,十五層,
RPUNMLTJKIJFFAE38CC,2,88.37,商業用,鋼筋混凝土造,101年9月26日,十五層,
RPSOMLKKKIJFFDE77CC,35,81.24,,鋼筋混凝土造,69年3月25日,五層,
RPWNMLSJKIJFFBE58CC,26,194.51,,鋼筋混凝土造,77年10月27日,二十層,
RPWNMLSJKIJFFBE58CC,26,21.73,,鋼筋混凝土造,77年10月27日,二十層,
RPROMLKKKIJFFAE37CC,32,113.85,,鋼筋混凝土造,72年1月7日,十二層,
RPWNMLTJKIJFFAE58CC,9,47.70,住家用,鋼筋混凝土造,95年3月3日,十五層,
RPWNMLTJKIJFFAE58CC,9,7.19,住家用,鋼筋混凝土造,95年3月3日,十五層,
RPWNMLTJKIJFFAE58CC,9,29.24,共有部分,鋼筋混凝土造,95年3月3日,十五層,
RPRNMLSJKIJFFLE09CC,36,116.10,住商用,鋼筋混凝土造,67年10月11日,三層,
RPTNMLLKKIJFFAE57CC,47,71.80,住商用,鋼筋混凝土造,56年10月21日,八層,
RPXNMLLKKIJFFAE97CC,9,127.49,住家用,鋼筋混凝土造,95年2月21日,二十五層,
RPQPMLKKKIJFFBE47CC,57,166.85,,加強磚造,47年2月1日,二層,
RPSOMLLKKIJFFCE77CC,9,52.94,住家用,鋼筋混凝土造,94年10月28日,十層,
RPPOMLLKKIJFFBE37CC,11,75.95,住家用,鋼筋混凝土造,92年11月28日,十四層,
RPTOMLTJKIJFFBE48CC,42,268.46,,鋼筋混凝土加強磚造,61年10月26日,四層,
RPXNMLKKKIJFFBE97CC,9,39.34,住商用,鋼筋混凝土造,95年4月24日,四層,
RPTNMLKKKIJFFBE57CC,42,149.91,,加強磚造,61年10月11日,三層,
RPSNMLKKKIJFFBE47CC,28,150.33,,鋼筋混凝土造,75年9月12日,五層,
RPSNMLKKKIJFFBE47CC,28,102.46,,鋼筋混凝土造,75年9月12日,五層,
RPRNMLLKKIJFFFE87CC,37,111.20,住商用,加強磚造,67年5月8日,二層,
RPRNMLLKKIJFFFE87CC,37,111.20,住商用,加強磚造,67年5月8日,二層,
RPRNMLLKKIJFFFE87CC,37,111.20,住商用,加強磚造,67年5月8日,二層,
RPPOMLLKKIJFFIE08CC,28,284.66,住家用,鋼筋混凝土造,76年1月20日,三層,
RPSNMLPKKIJFFEE28CC,19,125.20,住家用,鋼筋混凝土造,85年4月24日,二十層,
RPVNMLMKKIJFFCE08CC,21,155.31,住商用,鋼筋混凝土造,82年7月30日,二十四層,
RPWNMLMKKIJFFDE28CC,9,227.61,住家用,鋼筋混凝土造,94年7月28日,五層,
RPWNMLMKKIJFFDE28CC,9,240.08,住家用,鋼筋混凝土造,94年7月28日,五層,
RPTOMLPKKIJFFEE48CC,8,78.54,住家用,鋼筋混凝土造,96年5月30日,十五層,
RPTOMLPKKIJFFEE48CC,8,32.94,共有部分,鋼筋混凝土造,96年5月30日,十五層,
RPSNMLOKKIJFFBE87CC,36,50.15,,鋼筋混凝土造,67年11月11日,十二層,
RPTNMLPKKIJFFAE97CC,18,42.03,住商用,鋼筋混凝土造,85年9月7日,十六層,
RPTNMLPKKIJFFAE97CC,18,56.47,住商用,鋼筋混凝土造,85年9月7日,十六層,
RPTNMLPKKIJFFAE97CC,18,49.88,住商用,鋼筋混凝土造,85年9月7日,十六層,
RPTNMLPKKIJFFAE97CC,18,14.44,住商用,鋼筋混凝土造,85年9月7日,十六層,
RPTNMLPKKIJFFAE97CC,18,13.22,住商用,鋼筋混凝土造,85年9月7日,十六層,
RPTNMLPKKIJFFAE97CC,18,23.61,見使用執照,鋼筋混凝土造,85年9月7日,十六層,
RPUNMLQKKIJFFDE48CC,10,189.98,住商用,鋼筋混凝土造,93年11月11日,十四層,
RPRNMLOKKIJFFEE08CC,33,23.35,,鋼筋混凝土造,71年5月24日,四層,
RPSOMLMKKIJFFDE97CC,3,101.90,住商用,鋼筋混凝土造,101年2月8日,十五層,
RPSOMLMKKIJFFDE97CC,3,24.35,共有部分,鋼筋混凝土造,101年2月8日,十五層,
RPPOMLQKKIJFFEE28DC,15,180.00,住商用,見使用執照,89年4月7日,二十六層,
RPWNMLRKKIJFFFE98CC,19,100.83,住家用,鋼筋混凝土造,84年11月18日,二十四層,
RPPOMLQKKIJFFEE28DC,15,21.36,見使用執照,見使用執照,89年4月7日,二十六層,
RPVOMLPKKIJFFAE28CC,6,65.30,住家用,鋼筋混凝土造,98年3月25日,十五層,
RPTNMLRKKIJFFIE98CC,12,181.68,住家用,鋼筋混凝土造,91年12月24日,四層,
RPWNMLPKKIJFFCE48CC,27,163.61,見使用執照,鋼筋混凝土造,76年8月20日,三層,
RPUNMLRKKIJFFIE09CC,2,175.07,見其他登記事項,鋼筋混凝土造,101年10月9日,四層,
RPWNMLSKKIJFFAE58CC,13,85.08,住家用,鋼筋混凝土造,90年10月8日,十四層,
RPWNMLSKKIJFFAE58CC,13,40.60,共有部分,鋼筋混凝土造,90年10月8日,十四層,
RPPNMLSKKIJFFAE87CC,8,205.75,住商用,鋼筋混凝土造,96年3月21日,十二層,
RPPPMLRKKIJFFDE28CC,7,279.42,住商用,鋼筋混凝土造,97年3月11日,五層,
RPQNMLRKKIJFFCE08CC,10,375.21,見其它登記事項,見其它登記事項,94年3月15日,二層,
RPPOMLQKKIJFFBE87CC,22,75.18,商業用,鋼骨混凝土造,81年12月30日,二十五層,
RPPOMLQKKIJFFBE87CC,22,26.44,見使用執照,鋼骨混凝土造,81年12月30日,二十五層,
RPPNMLRKKIJFFBE87CC,52,253.74,,加強磚造,51年7月19日,三層,
RPPNMLRKKIJFFBE87CC,52,255.75,住商用,加強磚造,51年7月19日,三層,
RPOPMLSKKIJFFDE28CC,19,23.06,住家用,鋼筋混凝土造,85年1月25日,七層,
RPOPMLSKKIJFFDE28CC,19,12.57,見使用執照,鋼筋混凝土造,85年1月25日,七層,
RPXOMLSKKIJFFDE09CC,8,90.24,住家用,鋼筋混凝土造,96年1月26日,二層,
RPXOMLSKKIJFFDE09CC,8,10.07,見其它登記事項,鋼筋混凝土造,96年1月26日,二層,
RPVOMLSKKIJFFDE88CC,50,76.05,住商用,加強磚造,53年10月26日,四層,
RPPOMLSKKIJFFBE08CC,35,97.11,,鋼筋混凝土造,69年1月16日,五層,
RPOPMLSKKIJFFBE08CC,39,41.94,,鋼筋混凝土造,65年3月15日,四層,
RPSNMLSKKIJFFBE28CC,6,31.01,住家用,鋼筋混凝土造,97年9月19日,十三層,
RPSNMLSKKIJFFBE28CC,6,8.41,共有部分,鋼筋混凝土造,97年9月19日,十三層,
RPOOMLSKKIJFFBE97CC,18,149.90,住商用,鋼筋混凝土造,86年4月21日,三十五層,
RPOOMLSKKIJFFBE97CC,18,67.92,見使用執照,鋼筋混凝土造,86年4月21日,三十五層,
RPWOMLSKKIJFFDE98CC,,88.86,住家用,鋼筋混凝土造,103年6月10日,十五層,
RPWOMLSKKIJFFDE98CC,,74.96,共有部分,鋼筋混凝土造,103年6月10日,十五層,
RPOOMLRKKIJFFAE77CC,3,62.10,住家用,鋼筋混凝土造,100年6月24日,十層,
RPUOMLSKKIJFFBE58CC,19,37.31,住家用,鋼筋混凝土造,85年6月3日,十三層,
RPUOMLSKKIJFFBE58CC,19,10.73,見使用執照,鋼筋混凝土造,85年6月3日,十三層,
RPXNMLSKKIJFFGE66CC,19,82.59,國民住宅,鋼筋混凝土造,85年1月24日,七層,
RPXNMLSKKIJFFGE66CC,19,8.95,國民住宅,鋼筋混凝土造,85年1月24日,七層,
RPXNMLSKKIJFFGE66CC,19,30.56,共有部份,鋼筋混凝土造,85年1月24日,七層,
RPWNMLSKKIJFFIE76CC,22,475.35,住家用,鋼筋混凝土造,82年5月6日,四層,
RPSOMLSKKIJFFGE88CC,1,332.24,見其他登記事項,見其他登記事項,103年1月5日,五層,
RPWNMLTKKIJFFCE88CC,43,97.49,,加強磚造,61年3月14日,二層,
RPPNMLTKKIJFFFE48CC,42,64.30,住商用,加強磚造,62年3月5日,三層,
RPWNMLTKKIJFFBE78CC,9,109.61,商業用,鋼筋混凝土造,94年12月22日,十三層,
RPWNMLTKKIJFFBE78CC,9,47.38,見其他登記事項,鋼筋混凝土造,94年12月22日,十三層,
RPXNMLTKKIJFFBE88CC,35,88.40,,鋼筋混凝土造,69年6月4日,十一層,
RPXNMLTKKIJFFBE88CC,35,23.11,,鋼筋混凝土造,69年6月4日,十一層,
RPPOMLTKKIJFFBE18CC,35,27.44,,鋼筋混凝土造,68年10月20日,四層,
RPROMLTKKIJFFBE38CC,35,29.69,,鋼筋混凝土造,68年10月20日,四層,
RPPNMLKLKIJFFAE17CC,9,90.61,住家用,鋼筋混凝土造,95年2月20日,十五層,
RPXNMLTKKIJFFEE56CC,11,171.51,住商用,見使用執照,92年10月17日,十四層,
RPWOMLTKKIJFFDE09CC,2,147.57,商業用,見其它登記事項,101年8月14日,一層,
RPQOMLTKKIJFFBE28CC,35,21.00,,鋼筋混凝土造,68年10月20日,四層,
RPPNMLKLKIJFFBE27CC,18,103.60,商業用,鋼造,86年2月12日,二十七層,
RPPNMLKLKIJFFBE27CC,18,135.64,商業用,鋼造,86年2月12日,二十七層,
RPTOMLTKKIJFFBE58CC,22,89.87,商業用,鋼筋混凝土造,81年6月29日,二十五層,
RPXOMLTKKIJFFDE56CC,25,30.96,,鋼筋混凝土造,78年11月29日,五層,
RPTOMLTKKIJFFBE58CC,22,30.52,見使用執照,鋼筋混凝土造,81年6月29日,二十五層,
RPVOMLTKKIJFFDE98CC,19,211.56,住商用,鋼筋混凝土造,84年11月15日,十五層,
RPVOMLTKKIJFFDE98CC,19,22.75,見使用執照,鋼筋混凝土造,84年11月15日,十五層,
RPQNMLLLKIJFFBE47CC,18,94.55,住家用,鋼筋混凝土造,86年4月21日,三十五層,
RPRNMLKLKIJFFFE87CC,22,275.08,見其他登記事項,鋼筋混凝土造,81年10月1日,一層,
RPRNMLLLKIJFFBE57CC,18,120.66,住家用,鋼筋混凝土造,86年4月21日,三十五層,
RPOPMLMLKIJFFAE47CC,12,199.73,住家用,鋼筋混凝土造,91年10月30日,十四層,
RPTNMLMLKIJFFAE77CC,9,99.40,住家用,鋼筋混凝土造,95年3月24日,十五層,
RPTNMLMLKIJFFAE77CC,9,16.39,共有部分,鋼筋混凝土造,95年3月24日,十五層,
RPTNMLMLKIJFFAE77CC,9,24.40,共有部分,鋼筋混凝土造,95年3月24日,十五層,
RPOOMLMLKIJFFDE77DC,19,93.48,住家用,鋼筋混凝土造,84年10月20日,十層,
RPXNMLMLKIJFFAE18CC,18,96.39,,鋼筋混凝土造,85年11月20日,十三層,
RPPPMLMLKIJFFCE77CC,16,23.36,住家用,見其它登記事項,88年2月9日,三十九層,
RPPPMLMLKIJFFCE77CC,16,3.24,住家用,見其它登記事項,88年2月9日,三十九層,
RPQNMLMLKIJFFLE68DC,5,66.85,農舍,見其他登記事項,99年2月8日,一層,
RPTQMLMLKIJFFGE68CC,31,73.61,住家用,鋼筋混凝土造,72年9月15日,五層,
RPXOMLMLKIJFFCE48CC,16,53.47,住家用,見其它登記事項,88年2月9日,三十九層,
RPXOMLMLKIJFFCE48CC,16,34.72,住家用,見其它登記事項,88年2月9日,三十九層,
RPXOMLMLKIJFFCE48CC,16,5.04,住家用,見其它登記事項,88年2月9日,三十九層,
RPXNMLNLKIJFFGE88CC,21,165.65,住家用,鋼筋混凝土造,83年5月18日,十六層,
RPRPMLNLKIJFFEE28CC,2,118.24,住家用,鋼筋混凝土造,101年10月4日,十五層,
RPRPMLNLKIJFFEE28CC,2,23.24,住家用,鋼筋混凝土造,101年10月4日,十五層,
RPRPMLNLKIJFFEE28CC,2,70.00,見其它登記事項,鋼筋混凝土造,101年10月4日,十五層,
RPQPMLNLKIJFFEE18CC,3,51.15,住家用,鋼筋混凝土造,100年9月27日,十五層,
RPQPMLNLKIJFFEE18CC,3,6.06,住家用,鋼筋混凝土造,100年9月27日,十五層,
RPQPMLNLKIJFFEE18CC,3,32.18,共有部分,鋼筋混凝土造,100年9月27日,十五層,
RPURMLNLKIJFFEE78CC,1,113.19,住家用,鋼筋混凝土造,102年11月6日,十五層,
RPURMLNLKIJFFEE78CC,1,13.66,住家用,鋼筋混凝土造,102年11月6日,十五層,
RPURMLNLKIJFFEE78CC,1,94.57,共有部分,鋼筋混凝土造,102年11月6日,十五層,
RPTNMLNLKIJFFLE98CC,2,257.62,見其他登記事項,鋼筋混凝土造,101年10月1日,四層,
RPQNMLNLKIJFFCE77CC,,139.63,住家用,鋼筋混凝土造,103年7月31日,十一層,
RPTRMLNLKIJFFEE68CC,2,73.08,住家用,鋼筋混凝土造,101年10月4日,十五層,
RPTRMLNLKIJFFEE68CC,2,7.08,住家用,鋼筋混凝土造,101年10月4日,十五層,
RPTRMLNLKIJFFEE68CC,2,53.05,見其它登記事項,鋼筋混凝土造,101年10月4日,十五層,
RPUNMLNLKIJFFDE28CC,2,75.79,住家用,鋼筋混凝土造,101年9月27日,十五層,
RPUNMLNLKIJFFDE28CC,2,10.26,住家用,鋼筋混凝土造,101年9月27日,十五層,
RPUNMLNLKIJFFDE28CC,2,63.52,共有部分,鋼筋混凝土造,101年9月27日,十五層,
RPWNMLNLKIJFFAE18CC,6,197.83,住家用,鋼筋混凝土造,97年10月14日,二十七層,
RPWNMLNLKIJFFAE18CC,6,36.33,住家用,鋼筋混凝土造,97年10月14日,二十七層,
RPWNMLNLKIJFFAE18CC,6,105.00,共有部分,鋼筋混凝土造,97年10月14日,二十七層,
RPPOMLNLKIJFFAE57CC,12,137.65,住家用,鋼筋混凝土造,91年10月30日,十四層,
RPTNMLNLKIJFFAE87CC,6,169.24,商業用,鋼筋混凝土造,97年11月4日,十九層,
RPSNMLNLKIJFFBE87CC,14,118.42,住家用,鋼筋混凝土造,89年11月22日,十四層,
RPSNMLNLKIJFFBE87CC,14,19.20,住家用,鋼筋混凝土造,89年11月22日,十四層,
RPSNMLNLKIJFFBE87CC,14,84.31,見其他登記事項,鋼筋混凝土造,89年11月22日,十四層,
RPTNMLNLKIJFFBE97CC,42,733.80,,鋼筋混凝土造,62年1月31日,五層,
RPWNMLOLKIJFFDE58CC,17,80.34,住家用,鋼筋混凝土造,87年1月22日,十四層,
RPQOMLOLKIJFFDE18DC,35,278.06,,鋼筋混凝土造,69年5月9日,四層,
RPPOMLNLKIJFFDE87CC,35,85.15,,鋼筋混凝土造,69年2月12日,五層,
RPSNMLOLKIJFFFE38CC,9,116.84,住家用,鋼筋混凝土造,95年3月6日,十二層,
RPWNMLOLKIJFFAE28CC,39,89.91,,鋼筋混凝土造,65年4月21日,四層,
RPRNMLOLKIJFFAE77CC,9,221.09,住家用,鋼筋混凝土造,94年9月29日,四層,
RPWNMLNLKIJFFBE28CC,44,97.91,,加強磚造,59年11月4日,二層,
RPWOMLOLKIJFFEE78CC,22,64.08,住家用,鋼筋混凝土造,82年6月1日,七層,
RPVOMLPLKIJFFEE78CC,25,498.79,住商用,鋼筋混凝土造,79年1月16日,十四層,
RPROMLPLKIJFFCE18CC,40,112.48,,鋼筋混凝土造,64年5月5日,四層,
RPWNMLPLKIJFFIE56CC,24,24.48,住家用,鋼筋混凝土造,79年9月4日,四層,
RPWNMLPLKIJFFIE56CC,24,40.10,住家用,鋼筋混凝土造,79年9月4日,四層,
RPTOMLPLKIJFFEE58CC,9,242.60,住商用,鋼筋混凝土造,95年6月16日,五層,
RPVNMLPLKIJFFBE38CC,18,94.50,住家用,鋼筋混凝土造,86年4月21日,三十五層,
RPWNMLPLKIJFFBE48CC,18,145.50,住家用,鋼筋混凝土造,86年4月21日,三十五層,
RPSOMLPLKIJFFCE28CC,29,210.62,,鋼筋混凝土造,74年9月4日,四層,
RPQOMLPLKIJFFBE97CC,27,233.11,,鋼筋混凝土造,76年11月9日,五層,
RPQOMLPLKIJFFDE18CC,24,32.28,,鋼筋混凝土造,80年2月27日,七層,
RPQOMLPLKIJFFDE18CC,24,85.66,,鋼筋混凝土造,80年2月27日,七層,
RPQOMLPLKIJFFDE18CC,24,47.88,,鋼筋混凝土造,80年2月27日,七層,
RPQOMLPLKIJFFDE18CC,24,11.19,,鋼筋混凝土造,80年2月27日,七層,
RPQOMLPLKIJFFDE18CC,24,17.35,,鋼筋混凝土造,80年2月27日,七層,
RPQOMLPLKIJFFDE18CC,24,45.37,,鋼筋混凝土造,80年2月27日,七層,
RPROMLPLKIJFFBE08CC,48,199.82,住商用,鋼筋混凝土造,56年5月17日,四層,
RPPOMLQLKIJFFBE97CC,38,75.04,,鋼筋混凝土造,65年11月24日,十層,
RPWNMLQLKIJFFBE58CC,20,338.94,商業用,鋼筋混凝土造,83年7月26日,十二層,
RPVOMLQLKIJFFBE58CC,25,146.12,,鋼筋混凝土造,78年7月27日,七層,
RPSPMLQLKIJFFDE58CC,35,100.62,,鋼筋混凝土造,69年2月21日,五層,
RPVOMLQLKIJFFAE48CC,35,100.96,,鋼筋混凝土造,68年8月8日,五層,
RPPOMLRLKIJFFAE97CC,35,246.77,,鋼筋混凝土造,68年8月11日,四層,
RPOOMLTLKIJFFAE08CC,9,134.62,住家用,鋼筋混凝土造,95年5月5日,十五層,
RPOOMLTLKIJFFAE08CC,9,79.64,共有部分,鋼筋混凝土造,95年5月5日,十五層,
RPROMLQLKIJFFGE68CC,26,463.01,住商用,鋼筋混凝土造,77年7月29日,四層,
RPTOMLRLKIJFFBE48CC,35,76.85,,鋼筋混凝土造,69年1月29日,五層,
RPPNMLSLKIJFFDE28CC,34,284.77,,鋼筋混凝土造,70年5月14日,五層,
RPRNMLTLKIJFFBE38CC,36,205.00,,鋼筋混凝土造,67年7月8日,四層,
RPOOMLTLKIJFFCE28CC,5,68.96,住家用,鋼筋混凝土造,98年12月24日,十九層,
RPOOMLTLKIJFFCE28CC,5,42.00,見其它登記事項,鋼筋混凝土造,98年12月24日,十九層,
RPQOMLTLKIJFFCE48CC,16,31.89,住家用,見其它登記事項,88年2月9日,三十九層,
RPQOMLTLKIJFFCE48CC,16,15.58,共有部份,見其它登記事項,88年2月9日,三十九層,
RPTNMLTLKIJFFBE58CC,5,138.86,住家用,鋼筋混凝土造,98年10月5日,十五層,
RPTNMLTLKIJFFBE58CC,,63.93,見其他登記事項,鋼筋混凝土造,,十五層,
RPUOMLKMKIJFFEE28CC,1,287.03,住商用,鋼筋混凝土造,102年11月11日,十五層,
RPUOMLKMKIJFFEE28CC,1,93.91,見其它登記事項,鋼筋混凝土造,102年11月11日,十五層,
RPUOMLKMKIJFFCE08CC,18,235.20,住家用,鋼筋混凝土造,86年3月12日,四層,
RPVNMLKMKIJFFJE78CC,34,89.04,住家用,加強磚造,69年8月11日,二層,
RPOOMLKMKIJFFBE37CC,48,57.86,,加強磚造,55年7月5日,三層,
RPVOMLLMKIJFFDE38CC,8,173.08,見其它登記事項,鋼筋混凝土造,96年1月26日,二層,
RPVOMLKMKIJFFDE28CC,,48.50,住家用,鋼筋混凝土造,103年8月15日,十五層,
RPTOMLKMKIJFFBE87CC,38,55.27,,鋼筋混凝土造,65年11月24日,十層,
RPUNMLLMKIJFFIE68CC,21,105.24,住家用,鋼筋混凝土造,82年9月16日,三層,
RPUNMLKMKIJFFAE77CC,11,80.00,住家用,鋼筋混凝土造,93年2月24日,十四層,
RPOOMLLMKIJFFAE37CC,11,136.90,住家用,鋼筋混凝土造,93年6月10日,十四層,
RPXNMLLMKIJFFEE58CC,3,123.96,住家用,鋼筋混凝土造,100年6月28日,十五層,
RPTNMLLMKIJFFIE58CC,21,35.61,住家用,鋼筋混凝土造,82年9月16日,三層,
RPPNMLMJJHKFFEE47CC,37,206.68,,鋼筋混凝土造,66年7月22日,三層,
RPPNMLMJJHKFFCE27CC,16,181.11,商業用,鋼筋混凝土造,87年7月14日,二十八層,
RPPNMLLJJHKFFGE57CC,20,243.04,見使用執照,見使用執照,83年12月10日,二層,
RPPNMLMJJHKFFAE07CC,11,231.80,商業用,鋼筋混凝土造,93年4月23日,三層,
RPRNMLMJJHKFFEE67CC,16,130.81,住商用,鋼筋混凝土造,88年1月16日,十二層,
RPPNMLNJJHKFFBE27CC,38,639.92,,鋼筋混凝土造,65年8月28日,四層,
RPQNMLMJJHKFFDE47CC,49,91.76,住家用,加強磚造,54年7月7日,二層,
RPTNMLPJJHKFFCE08DC,38,156.30,,加強磚造,65年8月14日,三層,
RPPNMLNJJHKFFEE57CC,20,117.66,住家用,鋼筋混凝土造,83年7月25日,七層,
RPTNMLPJJHKFFBE87CC,11,46.33,住家用,鋼筋混凝土造,93年3月3日,十四層,
RPTNMLQJJHKFFAE87CC,48,157.95,,加強磚造,55年9月1日,三層,
RPOQMLQJJHKFFFE18CC,32,55.47,見其他登記事項,鋼筋混凝土造,71年10月30日,三層,
RPUNMLQJJHKFFBE08CC,38,517.48,,鋼筋混凝土造,65年11月24日,十層,
RPXNMLQJJHKFFAE38DC,67,57.80,,加強磚造,36年10月1日,二層,
RPQOMLQJJHKFFAE77DC,67,57.80,,加強磚造,36年10月1日,二層,
RPOOMLQJJHKFFAE57DC,67,57.80,,加強磚造,36年10月1日,二層,
RPOOMLLMKIJFFFE87CC,43,1151.20,工業用,見其他登記事項,60年10月10日,一層,
RPOOMLLMKIJFFFE87CC,43,1151.20,工業用,見其他登記事項,60年10月10日,一層,
RPOOMLLMKIJFFFE87CC,43,1151.20,工業用,加強磚造,60年10月10日,二層,
RPOOMLLMKIJFFFE87CC,43,1151.20,工業用,見其他登記事項,60年10月10日,一層,
RPOOMLLMKIJFFFE87CC,43,1151.20,工業用,見其他登記事項,60年10月10日,一層,
RPRPMLQJJHKFFEE28CC,19,59.22,住家用,鋼筋混凝土造,84年10月19日,二十一層,
RPRPMLQJJHKFFEE28CC,19,30.95,見使用執照,鋼筋混凝土造,84年10月19日,二十一層,
RPSNMLQJJHKFFEE18CC,2,739.44,見其它登記事項,見其它登記事項,101年10月17日,二層,
RPSNMLQJJHKFFEE18CC,2,1324.91,見其它登記事項,見其它登記事項,101年10月17日,二層,
RPRNMLQJJHKFFEE08CC,19,107.25,住家用,鋼筋混凝土造,84年6月30日,六層,
RPRNMLQJJHKFFCE87CC,17,714.97,工業用,見其它登記事項,87年3月5日,一層,
RPQNMLQJJHKFFCE77CC,21,238.60,住商用,鋼筋混凝土造,82年7月30日,二十四層,
RPSOMLRJJHKFFGE58CC,1,304.65,見其他登記事項,見其他登記事項,102年12月31日,二層,
RPSOMLRJJHKFFGE58CC,1,280.18,見其他登記事項,見其他登記事項,102年12月31日,二層,
RPQOMLRJJHKFFAE77CC,15,56.66,住家用,鋼筋混凝土造,88年7月29日,二十一層,
RPWNMLRJJHKFFBE38CC,18,145.16,住家用,鋼筋混凝土造,86年4月21日,三十五層,
RPVNMLRJJHKFFBE28CC,18,113.39,住家用,鋼筋混凝土造,86年4月21日,三十五層,
RPXNMLSJJHKFFBE58CC,1,74.28,住家用,鋼筋混凝土造,102年9月18日,十五層,
RPXNMLSJJHKFFBE58CC,1,11.86,住家用,鋼筋混凝土造,102年9月18日,十五層,
RPXNMLSJJHKFFBE58CC,1,72.63,共有部分,鋼筋混凝土造,102年9月18日,十五層,
RPOOMLSJJHKFFBE77CC,8,89.13,住家用,鋼筋混凝土造,96年4月13日,十五層,
RPOOMLSJJHKFFBE77CC,8,9.48,住家用,鋼筋混凝土造,96年4月13日,十五層,
RPOOMLSJJHKFFBE77CC,8,51.71,共有部分,鋼筋混凝土造,96年4月13日,十五層,
RPWNMLSJJHKFFAE38CC,27,76.56,住家用,鋼筋混凝土造,76年6月26日,二層,
RPWNMLSJJHKFFAE38CC,27,24.62,住家用,鋼筋混凝土造,76年6月26日,二層,
RPSNMLSJJHKFFAE97CC,9,56.92,住家用,鋼筋混凝土造,95年3月3日,十五層,
RPSNMLSJJHKFFAE97CC,9,8.44,住家用,鋼筋混凝土造,95年3月3日,十五層,
RPSNMLSJJHKFFAE97CC,9,58.86,共有部分,鋼筋混凝土造,95年3月3日,十五層,
RPUNMLSJJHKFFCE38CC,4,55.01,住家用,鋼筋混凝土造,100年1月25日,十五層,
RPUNMLSJJHKFFCE38CC,4,4.75,住家用,鋼筋混凝土造,100年1月25日,十五層,
RPUNMLSJJHKFFCE38CC,4,32.17,見其它登記事項,鋼筋混凝土造,100年1月25日,十五層,
RPSNMLSJJHKFFDE28CC,1,45.45,住家用,鋼筋混凝土造,102年10月23日,十五層,
RPSNMLSJJHKFFDE28CC,1,8.15,住家用,鋼筋混凝土造,102年10月23日,十五層,
RPSNMLSJJHKFFDE28CC,1,32.92,共有部分,鋼筋混凝土造,102年10月23日,十五層,
RPXNMLSJJHKFFAE48CC,6,41.73,住家用,鋼筋混凝土造,98年3月25日,十五層,
RPXNMLSJJHKFFAE48CC,6,1.28,住家用,鋼筋混凝土造,98年3月25日,十五層,
RPXNMLSJJHKFFAE48CC,6,19.98,共有部分,鋼筋混凝土造,98年3月25日,十五層,
RPVOMLSJJHKFFBE48CC,8,59.02,住家用,鋼筋混凝土造,96年4月13日,十五層,
RPVOMLSJJHKFFBE48CC,8,26.54,共有部分,鋼筋混凝土造,96年4月13日,十五層,
RPWOMLSJJHKFFBE58CC,34,63.63,,鋼筋混凝土造,69年8月5日,四層,
RPWOMLSJJHKFFGE09CC,1,223.49,見其他登記事項,鋼筋混凝土造,102年9月16日,四層,
RPTNMLSJJHKFFCE28CC,4,170.80,住家用,見其它登記事項,100年6月22日,二十七層,
RPTNMLSJJHKFFCE28CC,4,22.48,住家用,見其它登記事項,100年6月22日,二十七層,
RPTNMLSJJHKFFCE28CC,4,126.92,見其它登記事項,見其它登記事項,100年6月22日,二十七層,
RPVNMLSJJHKFFCE48CC,4,32.61,住家用,鋼筋混凝土造,100年1月25日,十五層,
RPVNMLSJJHKFFCE48CC,4,4.80,住家用,鋼筋混凝土造,100年1月25日,十五層,
RPVNMLSJJHKFFCE48CC,4,27.98,見其它登記事項,鋼筋混凝土造,100年1月25日,十五層,
RPSNMLSJJHKFFEE38CC,1,50.38,住家用,鋼筋混凝土造,103年3月27日,十五層,
RPSNMLSJJHKFFEE38CC,1,5.87,住家用,鋼筋混凝土造,103年3月27日,十五層,
RPSNMLSJJHKFFEE38CC,1,54.53,見其它登記事項,鋼筋混凝土造,103年3月27日,十五層,
RPOPMLSJJHKFFCE97CC,9,88.83,住家用,鋼筋混凝土造,94年12月28日,十五層,
RPOPMLSJJHKFFCE97CC,9,61.80,共有部份,鋼筋混凝土造,94年12月28日,十五層,
RPROMLSJJHKFFEE38CC,21,396.12,住家用,鋼筋混凝土造,83年6月6日,五層,
RPQOMLSJJHKFFEE28CC,21,298.85,住商用,鋼筋混凝土造,83年6月1日,十五層,
RPQOMLSJJHKFFEE28CC,21,122.36,見使用執照,鋼筋混凝土造,83年6月1日,十五層,
RPTNMLSJJHKFFEE48CC,17,92.29,住家用,鋼筋混凝土造,87年2月17日,二十六層,
RPTNMLSJJHKFFEE48CC,17,12.31,住家用,鋼筋混凝土造,87年2月17日,二十六層,
RPTNMLSJJHKFFEE48CC,17,37.33,見使用執照,鋼筋混凝土造,87年2月17日,二十六層,
RPWOMLTJJHKFFEE98CC,8,121.38,住商用,鋼筋混凝土造,96年1月12日,十五層,
RPSNMLTJJHKFFBE18CC,34,74.42,,鋼筋混凝土造,69年12月1日,八層,
RPSNMLTJJHKFFBE18CC,34,88.78,,鋼筋混凝土造,69年12月1日,八層,
RPUOMLTJJHKFFGE98CC,40,166.36,住商用,加強磚造,63年7月17日,三層,
RPQNMLLKJHKFFBE27CC,18,251.24,住家用,鋼筋混凝土造,86年4月21日,三十五層,
RPVNMLMKJHKFFAE77CC,31,42.28,,鋼筋混凝土造,72年8月12日,十層,
RPSOMLMKJHKFFAE57CC,41,501.88,,鋼筋混凝土造,62年12月17日,五層,
RPTOMLMKJHKFFAE67CC,41,501.88,,鋼筋混凝土造,62年12月17日,五層,
RPUOMLMKJHKFFAE77CC,7,73.16,住商用,鋼筋混凝土造,96年9月7日,五層,
RPVPMLMKJHKFFEE38CC,10,54.59,住商用,鋼筋混凝土造,94年3月11日,五層,
RPPOMLMKJHKFFBE47DC,28,107.93,,鋼筋混凝土造,75年6月20日,五層,
RPSOMLNKJHKFFCE87CC,9,128.94,住家用,鋼筋混凝土造,94年12月28日,十五層,
RPSOMLNKJHKFFCE87CC,8,58.58,共有部份,鋼筋混凝土造,96年5月9日,二十七層,
RPROMLNKJHKFFCE77CC,39,9350.00,,鋼筋混凝土造,64年11月11日,四層,
RPVNMLMKJHKFFCE97CC,9,195.78,住商用,鋼筋混凝土造,94年12月28日,十五層,
RPVNMLMKJHKFFCE97CC,9,103.78,共有部份,鋼筋混凝土造,94年12月28日,十五層,
RPQOMLNKJHKFFCE67CC,9,85.46,住家用,鋼筋混凝土造,95年3月14日,十四層,
RPQOMLNKJHKFFCE67CC,9,37.18,共有部份,鋼筋混凝土造,95年3月14日,十四層,
RPTOMLNKJHKFFCE97CC,16,28.26,住家用,見其它登記事項,88年2月9日,三十九層,
RPTOMLNKJHKFFCE97CC,16,12.99,共有部份,見其它登記事項,88年2月9日,三十九層,
RPQPMLNKJHKFFGE18CC,11,145.12,見其他登記事項,見其他登記事項,93年6月4日,一層,
RPSOMLNKJHKFFDE97CC,2,200.25,商業用,見其它登記事項,101年12月11日,二層,
RPTNMLOKJHKFFAE77CC,44,65.02,,鋼筋混凝土造,60年2月13日,四層,
RPPOMLNKJHKFFBE47CC,7,203.87,住家用,鋼筋混凝土造,96年8月13日,十五層,
RPPOMLNKJHKFFBE47CC,7,67.18,,鋼筋混凝土造,96年8月13日,十五層,
RPQQMLOKJHKFFEE18CC,34,235.86,,鋼筋混凝土造,69年7月16日,三層,
RPROMLOKJHKFFAE67CC,24,208.34,商業用,鋼筋混凝土造,80年4月12日,十二層,
RPROMLOKJHKFFAE67CC,24,52.08,見使用執照,鋼筋混凝土造,80年4月12日,十二層,
RPTNMLOKJHKFFDE08CC,38,50.63,,鋼筋混凝土造,66年4月7日,五層,
RPOOMLNKJHKFFBE37CC,13,149.07,住家用,鋼骨鋼筋混凝土造,91年3月1日,二十六層,
RPOOMLNKJHKFFBE37CC,13,97.23,見其他登記事項,鋼骨鋼筋混凝土造,91年3月1日,二十六層,
RPOOMLPKJHKFFAE47CC,9,87.10,住家用,鋼筋混凝土造,94年9月21日,十五層,
RPVNMLOKJHKFFHE78DC,23,192.82,住家用,加強磚造,81年4月13日,二層,
RPQPMLOKJHKFFGE28CC,7,274.16,見其他登記事項,見其他登記事項,96年8月30日,四層,
RPUNMLOKJHKFFBE97CC,42,424.90,,鋼筋混凝土造,62年5月25日,四層,
RPUNMLOKJHKFFBE97CC,53,133.00,,加強磚造,51年4月7日,三層,
RPQOMLPKJHKFFDE97CC,2,110.90,商業用,鋼筋混凝土造,102年4月29日,十一層,
RPPOMLPKJHKFFAE57CC,8,120.72,住家用,鋼筋混凝土造,96年5月10日,十五層,
RPPOMLQKJHKFFBE77CC,25,98.41,,鋼筋混凝土造,78年11月9日,十二層,
RPSOMLQKJHKFFDE28CC,16,129.76,住商用,鋼筋混凝土造,88年6月21日,十四層,
RPSOMLQKJHKFFDE28CC,16,9.78,見使用執照,鋼筋混凝土造,88年6月21日,十四層,
RPSOMLQKJHKFFDE28CC,16,26.42,見使用執照,鋼筋混凝土造,88年6月21日,十四層,
RPUOMLQKJHKFFBE28CC,28,135.38,,鋼筋混凝土造,75年12月18日,五層,
RPSOMLPKJHKFFDE18CC,41,175.05,,加強磚造,63年5月23日,三層,
RPWNMLQKJHKFFBE38CC,4,150.22,住商用,鋼筋混凝土造,99年8月27日,五層,
RPWNMLQKJHKFFAE28CC,9,55.88,住家用,鋼筋混凝土造,94年9月9日,十四層,
RPSOMLTKJHKFFDE58CC,22,95.38,住商用,鋼筋混凝土造,81年7月31日,七層,
RPSNMLRKJHKFFDE28CC,23,384.23,見使用執照,鋼筋混凝土造,81年3月5日,七層,
RPVNMLTKJHKFFBE58CC,20,89.02,住家用,鋼筋混凝土造,84年5月8日,七層,
RPTNMLRKJHKFFDE38CC,23,384.23,見使用執照,鋼筋混凝土造,81年3月5日,七層,
RPPRMLQKJHKFFCE18CC,16,126.34,商業用,鋼筋混凝土造,87年7月14日,二十八層,
RPPRMLQKJHKFFCE18CC,16,71.73,共有部份,鋼筋混凝土造,87年7月14日,二十八層,
RPUNMLTKJHKFFBE48CC,30,120.56,,鋼筋混凝土造,73年12月10日,五層,
RPSOMLTKJHKFFAE28CC,9,113.95,住家用,鋼筋混凝土造,95年2月3日,十四層,
RPXNMLTKJHKFFAE68CC,25,67.40,商業用,鋼筋混凝土造,79年2月16日,十二層,
RPUOMLTKJHKFFBE58CC,22,170.39,商業用,鋼筋混凝土造,82年3月4日,二十八層,
RPVNMLTKJHKFFGE09CC,10,128.32,見其他登記事項,見其他登記事項,93年10月26日,一層,
RPPOMLKLJHKFFEE57CC,25,53.95,見其它登記事項,鋼筋混凝土造,79年3月26日,十九層,
RPUOMLKLJHKFFGE28CC,38,179.57,住商用,鋼筋混凝土造,66年6月11日,三層,
RPWOMLKLJHKFFBE97CC,21,43.62,住家用,鋼筋混凝土造,82年10月5日,十二層,
RPTNMLKLJHKFFAE47CC,36,52.78,,鋼筋混凝土造,67年9月30日,四層,
RPVOMLTKJHKFFBE68CC,18,166.78,商業用,鋼造,86年2月12日,二十七層,
RPROMLKLJHKFFAE37CC,29,84.45,,鋼筋混凝土造,74年12月2日,十二層,
RPUOMLLLJHKFFDE08CC,16,24.63,商業用,鋼骨鋼筋混凝土造,87年9月29日,二十五層,
RPUOMLLLJHKFFDE08CC,16,2.92,商業用,鋼骨鋼筋混凝土造,87年9月29日,二十五層,
RPVNMLKLJHKFFDE97CC,35,420.90,,鋼筋混凝土造,69年3月25日,五層,
RPUOMLLLJHKFFDE08CC,16,12.11,見使用執照,鋼骨鋼筋混凝土造,87年9月29日,二十五層,
RPOPMLKLJHKFFDE47CC,21,91.08,住家用,鋼筋混凝土造,83年1月4日,十二層,
RPUNMLLLJHKFFAE67CC,8,122.63,住家用,鋼筋混凝土造,95年8月16日,十五層,
RPUNMLLLJHKFFAE67CC,8,11.10,住家用,鋼筋混凝土造,95年8月16日,十五層,
RPUNMLLLJHKFFAE67CC,8,67.64,共有部分,鋼筋混凝土造,95年8月16日,十五層,
RPXNMLKLJHKFFFE38CC,9,255.79,住家用,鋼筋混凝土造,95年4月10日,三層,
RPXNMLKLJHKFFFE38CC,9,.37,住家用,鋼筋混凝土造,95年3月31日,一層,
RPOOMLLLJHKFFBE27CC,13,134.08,住家用,鋼骨鋼筋混凝土造,91年3月1日,二十六層,
RPOOMLLLJHKFFBE27CC,13,18.52,住家用,鋼骨鋼筋混凝土造,91年3月1日,二十六層,
RPOOMLLLJHKFFBE27CC,13,98.60,見其他登記事項,鋼骨鋼筋混凝土造,91年3月1日,二十六層,
RPPOMLLLJHKFFBE37CC,34,74.42,,鋼筋混凝土造,69年12月1日,八層,
RPPOMLLLJHKFFBE37CC,34,88.78,,鋼筋混凝土造,69年12月1日,八層,
RPXOMLLLJHKFFDE38CC,16,24.63,商業用,鋼骨鋼筋混凝土造,87年9月29日,二十五層,
RPXOMLLLJHKFFDE38CC,16,2.92,商業用,鋼骨鋼筋混凝土造,87年9月29日,二十五層,
RPXOMLLLJHKFFDE38CC,16,12.11,見使用執照,鋼骨鋼筋混凝土造,87年9月29日,二十五層,
RPXNMLLLJHKFFFE48CC,3,169.36,工業用,見其他登記事項,100年7月15日,一層,
RPSPMLLLJHKFFEE08CC,10,135.94,住家用,鋼筋混凝土造,94年1月31日,十一層,
RPSPMLLLJHKFFEE08CC,10,10.56,住家用,鋼筋混凝土造,94年1月31日,十一層,
RPSPMLLLJHKFFEE08CC,10,34.81,見使用執照,鋼筋混凝土造,94年1月31日,十一層,
RPTPMLLLJHKFFEE18CC,1,46.98,住家用,鋼筋混凝土造,103年3月27日,十五層,
RPTPMLLLJHKFFEE18CC,1,8.44,住家用,鋼筋混凝土造,103年3月27日,十五層,
RPTPMLLLJHKFFEE18CC,1,28.64,見其它登記事項,鋼筋混凝土造,103年3月27日,十五層,
RPQNMLMLJHKFFIE18CC,38,111.26,商業用,鋼筋混凝土造,66年3月20日,七層,
RPQNMLMLJHKFFBE47CC,48,103.51,,加強磚造,55年9月11日,二層,
RPOQMLLLJHKFFEE77CC,8,18.49,住商用,鋼筋混凝土造,96年7月6日,五層,
RPVNMLMLJHKFFAE87CC,2,215.64,住家用,鋼筋混凝土造,102年6月4日,十五層,
RPPOMLLLJHKFFCE47CC,7,226.38,住家用,鋼筋混凝土造,97年3月7日,二十九層,
RPPOMLLLJHKFFCE47CC,7,30.17,住家用,鋼筋混凝土造,97年3月7日,二十九層,
RPPOMLLLJHKFFCE47CC,7,14.03,共有部份,鋼筋混凝土造,97年3月7日,二十九層,
RPWNMLMLJHKFFBE08CC,16,90.21,商業用,鋼骨鋼筋混凝土造,88年4月1日,八十五層,
RPOPMLNLJHKFFBE57CC,27,112.75,,鋼筋混凝土造,77年1月9日,五層,
RPOPMLNLJHKFFBE57CC,27,37.21,,鋼筋混凝土造,77年1月9日,五層,
RPOOMLNLJHKFFDE67CC,32,55.68,,鋼筋混凝土造,71年7月5日,十二層,
RPUNMLMLJHKFFDE08CC,29,87.88,,鋼筋混凝土造,75年5月22日,二層,
RPOOMLNLJHKFFDE67CC,32,256.99,,鋼筋混凝土造,71年7月5日,十二層,
RPOOMLNLJHKFFDE67CC,32,311.42,,鋼筋混凝土造,71年7月5日,十二層,
RPROMLNLJHKFFEE08CC,19,262.15,商業用,鋼筋混凝土造,84年7月26日,七層,
RPSNMLNLJHKFFDE97CC,24,106.52,,鋼筋混凝土造,79年12月28日,十二層,
RPXNMLNLJHKFFBE28CC,29,215.37,,鋼筋混凝土造,74年11月2日,十二層,
RPQNMLNLJHKFFEE87CC,25,74.08,見其它登記事項,鋼筋混凝土造,79年3月26日,十九層,
RPXOMLNLJHKFFBE38CC,47,87.79,,加強磚造,56年11月20日,二層,
RPVOMLNLJHKFFBE18CC,30,102.31,,鋼筋混凝土造,74年1月28日,五層,
RPPNMLOLJHKFFAE47CC,8,155.16,住家用,鋼筋混凝土造,95年8月25日,十五層,
RPXOMLQLJHKFFAE58CC,8,67.31,住家用,鋼筋混凝土造,95年8月9日,十五層,
RPXOMLQLJHKFFAE58CC,8,30.34,共有部分,鋼筋混凝土造,95年8月9日,十五層,
RPPPMLQLJHKFFAE87CC,8,85.36,商業用,鋼筋混凝土造,96年1月3日,十五層,
RPPPMLQLJHKFFAE87CC,8,31.70,見其它登記事項,鋼筋混凝土造,96年1月3日,十五層,
RPUPMLNLJHKFFEE48CC,1,53.27,住家用,鋼筋混凝土造,102年8月8日,十五層,
RPUPMLNLJHKFFEE48CC,1,34.72,見其它登記事項,鋼筋混凝土造,102年8月8日,十五層,
RPXOMLQLJHKFFDE88CC,20,97.13,住家用,鋼筋混凝土造,83年11月14日,二十三層,
RPXOMLQLJHKFFDE88CC,20,18.71,見使用執照,鋼筋混凝土造,83年11月14日,二十三層,
RPXOMLQLJHKFFDE88CC,20,8.74,見使用執照,鋼筋混凝土造,83年11月14日,二十三層,
RPXOMLQLJHKFFDE88CC,20,9.96,見使用執照,鋼筋混凝土造,83年11月14日,二十三層,
RPQOMLQLJHKFFEE28CC,9,237.44,住商用,鋼筋混凝土造,95年6月30日,五層,
RPXNMLQLJHKFFGE09CC,35,66.88,住商用,鋼筋混凝土造,69年4月30日,四層,
RPVNMLQLJHKFFIE09CC,16,297.00,見其他登記事項,見其他登記事項,88年1月13日,二層,
RPPNMLRLJHKFFAE77CC,50,104.51,,加強磚造,53年12月25日,二層,
RPTNMLRLJHKFFCE38CC,24,244.07,住商用,鋼筋混凝土造,80年2月11日,四層,
RPQNMLRLJHKFFBE97CC,38,33.12,,鋼筋混凝土造,65年11月24日,十層,
RPOOMLSLJHKFFBE97CC,46,138.15,,加強磚造,58年1月1日,二層,
RPUNMLSLJHKFFDE68CC,2,75.79,住家用,鋼筋混凝土造,101年9月27日,十五層,
RPUNMLSLJHKFFDE68CC,2,10.26,住家用,鋼筋混凝土造,101年9月27日,十五層,
RPUNMLSLJHKFFDE68CC,2,63.52,共有部分,鋼筋混凝土造,101年9月27日,十五層,
RPVNMLSLJHKFFCE68CC,4,42.95,住家用,鋼筋混凝土造,100年1月25日,十五層,
RPVNMLSLJHKFFCE68CC,4,7.10,住家用,鋼筋混凝土造,100年1月25日,十五層,
RPVNMLSLJHKFFCE68CC,4,26.92,見其它登記事項,鋼筋混凝土造,100年1月25日,十五層,
RPVNMLSLJHKFFAE48CC,7,113.65,住家用,鋼筋混凝土造,97年4月2日,十五層,
RPVNMLSLJHKFFAE48CC,7,13.18,住家用,鋼筋混凝土造,97年4月2日,十五層,
RPVNMLSLJHKFFAE48CC,7,81.46,共有部分,鋼筋混凝土造,97年4月2日,十五層,
RPSOMLSLJHKFFEE68CC,20,537.25,住商用,鋼筋混凝土造,83年8月3日,十四層,
RPSOMLTLJHKFFGE98CC,16,93.24,住商用,鋼筋混凝土造,88年7月12日,十四層,
RPWNMLSLJHKFFCE78CC,7,112.83,住家用,鋼筋混凝土造,97年3月7日,二十九層,
RPWNMLSLJHKFFCE78CC,7,10.35,住家用,鋼筋混凝土造,97年3月7日,二十九層,
RPWNMLSLJHKFFCE78CC,7,68.94,共有部份,鋼筋混凝土造,97年3月7日,二十九層,
RPOOMLTLJHKFFAE97CC,7,73.53,住家用,鋼筋混凝土造,96年11月30日,十五層,
RPROMLTLJHKFFDE58CC,16,116.70,住家用,鋼筋混凝土造,88年7月3日,十二層,
RPOOMLTLJHKFFEE38CC,7,160.88,住家用,鋼筋混凝土造,96年9月7日,十四層,
RPXNMLTLJHKFFAE78CC,27,83.41,住家用,鋼筋混凝土造,77年3月8日,五層,
RPQPMLTLJHKFFBE38CC,22,73.26,商業用,鋼筋混凝土造,82年4月1日,二十層,
RPQPMLTLJHKFFBE38CC,22,6.08,見使用執照,鋼筋混凝土造,82年4月1日,二十層,
RPTNMLKMJHKFFBE67CC,42,187.10,,加強磚造,62年5月11日,三層,
RPWOMLKMJHKFFBE08CC,17,672.88,住商用,鋼骨混凝土造,86年7月2日,二層,
RPPOMLTLJHKFFBE18CC,35,58.16,,鋼筋混凝土造,69年3月27日,五層,
RPTNMLKMJHKFFAE57CC,20,163.46,住家用,鋼筋混凝土造,83年10月15日,十六層,
RPRNMLKMJHKFFBE47CC,36,97.54,,鋼筋混凝土造,68年4月12日,五層,
RPUOMLKMJHKFFCE97CC,11,153.90,住商用,鋼筋混凝土造,92年10月31日,四層,
RPVOMLKMJHKFFDE18CC,34,168.24,,鋼筋混凝土造,70年6月3日,五層,
RPVOMLKMJHKFFDE18CC,34,172.49,,鋼筋混凝土造,70年6月3日,五層,
RPTNMLKMJHKFFCE77CC,16,27.30,住家用,見其它登記事項,88年2月9日,三十九層,
RPTNMLKMJHKFFCE77CC,16,12.98,共有部份,見其它登記事項,88年2月9日,三十九層,
RPSNMLKMJHKFFIE28CC,24,136.67,住商用,鋼筋混凝土造,80年7月5日,三層,
RPPNMLKMJHKFFHE97DC,18,240.39,見使用執照,鋼筋混凝土造,86年6月13日,三層,
RPWNMLKMJHKFFFE38CC,28,27.28,住商用,鋼筋混凝土造,76年5月25日,三層,
