﻿鄉鎮市區,交易標的,土地區段位置/建物區段門牌,土地面積平方公尺,都市土地使用分區,非都市土地使用分區,非都市土地使用編定,租賃年月日,租賃筆棟數,租賃層次,總樓層數,建物型態,主要用途,主要建材,建築完成年月,建物總面積平方公尺,建物現況格局-房,建物現況格局-廳,建物現況格局-衛,建物現況格局-隔間,有無管理組織,有無附傢俱,總額元,單價元/平方公尺,車位類別,車位面積平方公尺,車位總額元,備註,編號
The villages and towns urban district,transaction sign,land sector position/building sector house number plate,land shifting total area square meter,the use zoning or compiles and checks,the non-metropolis land use district,non-metropolis land use,transaction year, month and day,transaction pen number,shifting level,total floor number,building state,main use,main building materials,construction to complete the years,building shifting total area,Building present situation pattern - room,building present situation pattern - hall,building present situation pattern - health,building present situation pattern - compartmented,Whether there is manages the organization,Whether there is attaches the furniture,total price Yuan,the unit price a Yuan/square meter,the berth category,berth shifting total area square meter,the berth total price Yuan,the note,serial number
龜山區,建物,桃園縣龜山鄉文興31~60號,0.0,商,,,1031024,土地0建物1車位1,四層,15,住宅大樓(11層含以上有電梯),住家用,鋼筋混凝土造,1021023,190.25,4,2,2,有,有,有,28000,147,坡道平面,0.0,0,,RPTPMLNJJIJFFAH08CC
中壢區,建物,桃園縣中壢市環北331~360號,0.0,住,,,1031006,土地0建物1車位1,十四層,21,住宅大樓(11層含以上有電梯),住家用,鋼筋混凝土造,0980629,121.17,2,1,2,有,有,無,23651,195,坡道平面,0.0,0,,RPROMLNJJIJFFBH87CC
中壢區,房地(土地+建物),桃園縣中壢市成功路122巷31~60號,69.0,住,,,1031027,土地1建物1車位0,全,4,透天厝,見其他登記事項,鋼筋混凝土造,0990128,182.24,4,2,3,有,無,有,22000,121,,0.0,0,,RPUOMLNJJIJFFBH18CC
龜山區,房地(土地+建物),桃園縣龜山鄉民生北路一段31~60號,54.86,工,,,1031103,土地1建物1車位0,四層,6,廠辦,見其他登記事項,鋼筋混凝土造,0811111,312.87,0,0,0,無,有,無,28000,89,,0.0,0,,RPWOMLNJJIJFFAH38DC
中壢區,房地(土地+建物)+車位,桃園縣中壢市永能路1~30號,22.5,住,,,1031017,土地1建物1車位1,三層,12,住宅大樓(11層含以上有電梯),見其他登記事項,鋼筋混凝土造,1020531,140.29000000000002,2,2,2,有,有,有,17778,127,坡道平面,0.0,0,,RPVNMLOJJIJFFBH38DC
蘆竹區,房地(土地+建物)+車位,桃園縣蘆竹鄉長春路7巷1~30號,2975.26,住,,,1031006,土地1建物1車位1,十一層,11,住宅大樓(11層含以上有電梯),住家用,鋼筋混凝土造,0931117,88.89,2,2,1,有,無,有,12000,135,,0.0,0,,RPRNMLOJJIJFFEH28DC
,房地(土地+建物)+車位,桃園縣蘆竹鄉愛山街1~30號,0.0,,,,1031021,土地1建物1車位1,,,住宅大樓(11層含以上有電梯),,,,0.0,3,2,2,有,無,無,31000,0,坡道平面,35.14,0,,RPSNMLOJJIJFFEH38DC
蘆竹區,房地(土地+建物),桃園縣蘆竹鄉南昌路241~270號,1811.98,住,,,1031005,土地1建物1車位0,七層,7,華廈(10層含以下有電梯),住家用,鋼筋混凝土造,0841117,99.28,3,2,2,有,有,有,9000,91,,0.0,0,,RPVNMLPJJIJFFEH78DC
蘆竹區,房地(土地+建物)+車位,桃園縣蘆竹鄉仁愛路三段260巷61~90號,8014.0,住,,,1031101,土地1建物1車位1,九層,10,華廈(10層含以下有電梯),住家用,鋼筋混凝土造,0950412,107.17,2,2,2,有,有,有,18000,168,坡道平面,0.0,0,,RPTOMLPJJIJFFEH68DC
楊梅區,房地(土地+建物),桃園縣楊梅市三民東路301~330號,27.05,住,,,1031030,土地1建物1車位0,四層,5,公寓(5樓含以下無電梯),住家用,鋼筋混凝土造,0860905,68.44,4,2,2,有,無,有,8000,117,,0.0,0,,RPWNMLPJJIJFFDH78DC
楊梅區,建物,桃1~30號,86.0,,特定農業區,甲種建築用地,1031104,土地0建物1車位0,全,3,透天厝,住家用,鋼筋混凝土造,0810923,141.8,10,0,10,有,無,有,25000,176,,0.0,0,,RPWOMLPJJIJFFDH88DC
中壢區,房地(土地+建物),桃園縣中壢市華勛街79巷12弄31~60號,61.58,住,,,1031105,土地1建物1車位0,全,3,透天厝,住家用,加強磚造,0680823,65.14,3,2,2,有,無,無,8000,123,,0.0,0,,RPSOMLQJJIJFFBH38DC
中壢區,房地(土地+建物),桃園縣中壢市環北路391~420號,19.03,住,,,1031031,土地1建物1車位0,八層,22,辦公商業大樓,見其他登記事項,鋼筋混凝土造,0810527,202.47,3,1,0,有,有,有,28000,138,,0.0,0,,RPUOMLQJJIJFFBH58DC
八德區,房地(土地+建物),桃園縣八德市仁德路61~90號,29.55,住,,,1031021,土地1建物1車位0,十一層,13,住宅大樓(11層含以上有電梯),住家用,鋼筋混凝土造,1021014,176.07,3,2,2,有,有,有,17500,99,,0.0,0,,RPTNMLQJJIJFFFH88EC
八德區,房地(土地+建物),桃園縣八德市義勇街88巷1~30號,29.32,其他,,,1031104,土地1建物1車位0,八層,11,住宅大樓(11層含以上有電梯),住家用,鋼筋混凝土造,0971210,195.48000000000002,3,2,2,有,有,有,17000,87,,0.0,0,,RPUNMLQJJIJFFFH98EC
平鎮區,房地(土地+建物),桃園縣平鎮市明德路1~30號,70.34,住,,,1031023,土地1建物1車位0,全,4,透天厝,見其他登記事項,鋼筋混凝土造,0900928,150.92,5,3,3,有,無,無,20000,133,,0.0,0,,RPWQMLQJJIJFFGH96EC
中壢區,房地(土地+建物)+車位,桃園縣中壢市元化路331~360號,18.19,住,,,1031022,土地1建物1車位1,二十一層,22,住宅大樓(11層含以上有電梯),住家用,鋼筋混凝土造,0970406,233.52,3,2,2,有,有,有,35000,150,坡道平面,17.01,0,,RPOPMLQJJIJFFBH97CC
桃園區,房地(土地+建物),桃園縣桃園市大興西路二段139巷121~150號,15.87,住,,,1031030,土地1建物1車位0,三層,13,套房(1房1廳1衛),住家用,鋼筋混凝土造,0970424,90.28999999999999,1,0,0,無,有,有,13150,146,,0.0,0,,RPSRMLQJJIJFFAH48CC
桃園區,房地(土地+建物),桃園縣桃園市中原路1~30號,27.58,住,,,1031031,土地1建物1車位0,一層,7,店面(店鋪),見其他登記事項,鋼筋混凝土造,0761214,142.41,1,0,1,有,有,無,22000,154,,0.0,0,,RPOOMLRJJIJFFAH87CC
桃園區,建物,桃園縣桃園市愛國街1~30號,0.0,住,,,1031019,土地0建物0車位0,全,5,透天厝,見其他登記事項,鋼筋混凝土造,0990924,53.83,0,0,0,無,無,無,18000,334,,0.0,0,只租一樓,RPXOMLRJJIJFFAH78CC
桃園區,房地(土地+建物),桃園縣桃園市介壽路1~30號,7.83,住,,,1030301,土地1建物1車位0,七層,14,住宅大樓(11層含以上有電梯),住家用,鋼筋混凝土造,0920728,57.39,1,1,1,有,有,有,13000,227,,0.0,0,,RPUQMLRJJIJFFAH68CC
桃園區,房地(土地+建物),桃園縣桃園市介壽路1~30號,6.39,住,,,1031022,土地1建物1車位0,七層,14,住宅大樓(11層含以上有電梯),住家用,鋼筋混凝土造,0920728,48.44,1,1,1,有,有,有,11800,244,,0.0,0,,RPVQMLRJJIJFFAH78CC
桃園區,房地(土地+建物),桃園縣桃園市國豐三街1~30號,7.43,住,,,1031028,土地1建物1車位0,十三層,17,住宅大樓(11層含以上有電梯),住家用,鋼筋混凝土造,0841215,63.15,2,1,1,有,有,有,13000,206,,0.0,0,,RPWQMLRJJIJFFAH88CC
,房地(土地+建物),桃園縣桃園市大有路151~180號,0.0,,,,1031016,土地1建物1車位0,,,套房(1房1廳1衛),,,,0.0,1,0,0,無,有,有,8000,0,,0.0,0,,RPXQMLRJJIJFFAH98CC
桃園區,房地(土地+建物),桃園縣桃園市大有路541~570號,5.23,住,,,1031023,土地1建物1車位0,六層,14,住宅大樓(11層含以上有電梯),住家用,鋼筋混凝土造,0840610,101.14,2,1,1,有,有,有,15000,148,,0.0,0,,RPORMLRJJIJFFAH18CC
桃園區,房地(土地+建物),桃園縣桃園市國際路一段1171~1200號,12.73,住,,,1031101,土地1建物1車位0,九層,25,住宅大樓(11層含以上有電梯),住家用,鋼筋混凝土造,0861128,175.01999999999998,4,2,2,有,有,有,15500,89,,0.0,0,,RPPRMLRJJIJFFAH28CC
桃園區,房地(土地+建物),桃園縣桃園市安東街31~60號,7.41,住,,,1031007,土地1建物1車位0,四層,6,套房(1房1廳1衛),住家用,鋼筋混凝土造,0690826,43.11,1,0,0,無,有,有,9000,209,,0.0,0,,RPVRMLRJJIJFFAH88CC
桃園區,房地(土地+建物),桃園縣桃園市安東街31~60號,9.92,住,,,1031020,土地1建物1車位0,六層,6,套房(1房1廳1衛),住家用,鋼筋混凝土造,0690826,53.49,1,0,0,無,有,有,10000,187,,0.0,0,,RPWRMLRJJIJFFAH98CC
桃園區,房地(土地+建物),桃園縣桃園市大有路631~660號,7.5,住,,,1031022,土地1建物1車位0,十五層,17,住宅大樓(11層含以上有電梯),住家用,鋼筋混凝土造,0860901,56.32,1,1,1,有,有,有,12500,222,,0.0,0,,RPPSMLRJJIJFFAH38CC
桃園區,房地(土地+建物)+車位,桃園縣桃園市龍泉一街1~30號,14.85,住,,,1030227,土地1建物1車位1,四層,14,住宅大樓(11層含以上有電梯),住家用,鋼筋混凝土造,1020610,129.9,2,2,1,有,有,有,20000,154,坡道平面,0.0,0,,RPVSMLRJJIJFFAH98CC
龜山區,房地(土地+建物),桃園縣龜山鄉明興街11巷1~30號,26.22,住,,,1031020,土地1建物1車位0,四層,5,華廈(10層含以下有電梯),住家用,鋼筋混凝土造,0820415,115.41000000000001,3,2,2,有,有,有,9000,78,,0.0,0,,RPWSMLRJJIJFFAH09CC
,房地(土地+建物),桃園縣桃園市大業路一段451~480號,0.0,,,,1031017,土地1建物1車位0,,,套房(1房1廳1衛),,,,0.0,1,0,0,無,有,有,5500,0,,0.0,0,,RPPTMLRJJIJFFAH48CC
,房地(土地+建物),桃園縣桃園市大業路一段451~480號,0.0,,,,1031015,土地1建物1車位0,,,套房(1房1廳1衛),,,,0.0,1,0,0,無,有,有,5500,0,,0.0,0,,RPRTMLRJJIJFFAH68CC
中壢區,房地(土地+建物),桃園縣中壢市南雄街1~30號,29.85,住,,,1031103,土地1建物1車位0,四層,6,華廈(10層含以下有電梯),住家用,鋼筋混凝土造,0800830,132.81,3,2,2,有,無,有,10000,75,,0.0,0,,RPOOMLRJJIJFFBH08DC
桃園區,房地(土地+建物),桃園縣桃園市大興西路二段91~120號,445.0,住,,,1031101,土地3建物3車位0,全,5,透天厝,商業用,鋼筋混凝土造,0710522,1694.03,0,0,0,無,無,無,380000,224,,0.0,0,,RPOPMLKKJIJFFAH47DC
中壢區,建物,桃園縣中壢市中山東路一段223巷121~150號,0.0,住,,,1031027,土地0建物1車位0,四層,6,華廈(10層含以下有電梯),見其他登記事項,鋼筋混凝土造,0800124,25.28,1,1,1,有,無,有,2500,99,,0.0,0,,RPOPMLKKJIJFFBH47CC
,房地(土地+建物),桃園縣大園鄉中正東路391~420號,0.0,,,,1031016,土地4建物1車位0,,,廠辦,,,,0.0,0,0,0,無,無,無,240000,0,,0.0,0,租金為每三年調漲4%,RPXNMLKKJIJFFEH48CC
桃園區,房地(土地+建物),桃園縣桃園市慈華街11巷1~30號,111.0,其他,,,1031025,土地1建物1車位0,全,2,透天厝,見其他登記事項,加強磚造,0620810,306.15,4,1,2,有,無,有,12000,39,,0.0,0,,RPWQMLLKJIJFFAH38CC
龜山區,房地(土地+建物),桃園縣龜山鄉德明路77巷1~30號,38.62,其他,,,1031014,土地1建物1車位0,一層,5,店面(店鋪),見其他登記事項,鋼筋混凝土造,0931118,68.3,0,0,0,無,有,無,15000,220,,0.0,0,,RPWRMLLKJIJFFAH58DC
中壢區,房地(土地+建物),桃園縣中壢市元生三街121~150號,76.9,工,,,1031013,土地1建物1車位0,全,4,透天厝,見其他登記事項,鋼筋混凝土造,0920729,169.13,5,2,4,有,無,有,24444,145,,0.0,0,,RPXNMLNKJIJFFBH58DC
中壢區,房地(土地+建物),桃園縣中壢市莊敬路829巷61~90號,9.99,商,,,1031019,土地1建物1車位0,一層,12,住宅大樓(11層含以上有電梯),商業用,鋼筋混凝土造,0960929,67.41,1,0,0,有,無,無,14500,215,,0.0,0,,RPOOMLNKJIJFFBH77DC
桃園區,土地,中路段2701~2730地號,297.53,住,,,1031111,土地1建物0車位0,,,其他,,,,0.0,0,0,0,有,無,無,43000,145,,0.0,0,,RPTPMLNKJIJFFAH18CC
桃園區,建物,桃園縣桃園市民富三街1~30號,0.0,住,,,1031103,土地0建物1車位0,一層,9,店面(店鋪),商業用,鋼筋混凝土造,0950609,153.26999999999998,0,1,1,有,有,無,26000,170,,0.0,0,,RPUPMLNKJIJFFAH28CC
,建物,桃園縣蘆竹鄉南山路一段61~90號,0.0,,,,1031019,土地0建物1車位0,,,套房(1房1廳1衛),,,,0.0,1,1,1,有,有,有,7500,0,,0.0,0,,RPSPMLNKJIJFFEH48CC
蘆竹區,建物,桃園縣蘆竹鄉吉林路61~90號,0.0,住,,,1031031,土地0建物1車位0,八層,9,華廈(10層含以下有電梯),住家用,鋼筋混凝土造,0931028,118.36999999999999,3,2,2,有,有,有,13000,110,,0.0,0,,RPPQMLNKJIJFFEH28CC
中壢區,建物,桃園縣中壢市興安一街8巷1~30號,0.0,住,,,1031103,土地0建物1車位1,一層,13,店面(店鋪),商業用,鋼筋混凝土造,0990917,151.18,0,1,1,有,有,無,23000,152,坡道平面,32.57,0,,RPXOMLNKJIJFFBH58CC
中壢區,房地(土地+建物),桃園縣中壢市榮安一街211~240號,21.13,住,,,1031017,土地1建物1車位0,一層,8,華廈(10層含以下有電梯),商業用,鋼筋混凝土造,0890529,104.87,0,0,1,有,無,無,15000,143,,0.0,0,,RPROMLOKJIJFFBH08CC
大園區,房地(土地+建物)+車位,桃園縣大園鄉致祥一街91~120號,39.78,住,,,1030810,土地1建物1車位2,六層,12,住宅大樓(11層含以上有電梯),住家用,鋼筋混凝土造,1020416,261.18,3,2,2,有,無,有,14000,54,坡道平面,59.11,0,,RPTNMLOKJIJFFEH68EC
蘆竹區,房地(土地+建物)+車位,桃園縣蘆竹鄉五福一路1~30號,26.02,住,,,1031113,土地1建物1車位1,五層,11,住宅大樓(11層含以上有電梯),住家用,鋼筋混凝土造,0950629,101.37,3,2,2,有,無,有,21022,207,坡道平面,29.73,0,,RPPNMLPKJIJFFEH18CC
,房地(土地+建物),桃園縣蘆竹鄉長興路一段1~30號,0.0,,,,1031011,土地1建物1車位0,,,住宅大樓(11層含以上有電梯),,,,0.0,3,2,2,有,無,無,16000,0,坡道平面,29.34,0,,RPWNMLRKJIJFFEH09CC
蘆竹區,房地(土地+建物),桃園縣蘆竹鄉中山路241~270號,130.74,住,,,1031006,土地1建物1車位0,全,5,透天厝,見其他登記事項,鋼筋混凝土造,1011225,231.4,1,1,1,有,無,無,14000,61,,0.0,0,,RPOOMLRKJIJFFEH38CC
,房地(土地+建物)+車位,桃園縣蘆竹鄉六福路121~150號,0.0,,,,1031014,土地1建物1車位1,,,住宅大樓(11層含以上有電梯),,,,0.0,2,1,1,有,無,無,19500,0,坡道平面,40.38,0,,RPVOMLRKJIJFFEH09CC
八德區,房地(土地+建物)+車位,桃園縣八德市東勇街400巷165弄1~30號,81.05,,特定農業區,甲種建築用地,1031116,土地1建物1車位2,全,5,透天厝,見其他登記事項,鋼筋混凝土造,0830825,249.04,5,2,3,有,無,有,20000,80,其他,0.0,0,,RPWNMLRKJIJFFFH56CC
八德區,房地(土地+建物),桃園縣八德市永豐路238巷31~60號,22.34,住,,,1031107,土地1建物1車位0,三層,5,公寓(5樓含以下無電梯),工業用,鋼筋混凝土造,0820802,91.57,2,2,1,有,無,有,7000,76,,0.0,0,,RPRNMLSKJIJFFFH78CC
蘆竹區,房地(土地+建物),桃園縣蘆竹鄉大竹村7鄰大竹圍91~120號,4535.22,其他,,,1031113,土地5建物1車位0,見其他登記事項,2,廠辦,見其他登記事項,見其他登記事項,0680616,2500.44,0,0,0,無,無,無,360000,144,,0.0,0,,RPUNMLSKJIJFFEH98CC
桃園區,土地,鹽埕段481~510地號,847.99,工,,,1031115,土地1建物0車位0,,,其他,,,,0.0,0,0,0,有,無,無,120000,142,,0.0,0,,RPPPMLSKJIJFFAH28CC
,房地(土地+建物)+車位,桃園縣桃園市國聖二街31~60號,0.0,,,,1031115,土地1建物1車位1,,,住宅大樓(11層含以上有電梯),,,,0.0,4,2,2,有,有,有,16000,0,坡道平面,38.19,0,,RPXSMLSKJIJFFAH76CC
桃園區,房地(土地+建物),桃園縣桃園市中正五街151~180號,34.8,其他,,,1031103,土地3建物1車位0,一層,5,公寓(5樓含以下無電梯),住家用,鋼筋混凝土造,0700427,112.78,0,0,0,無,無,無,28000,248,,0.0,0,,RPPTMLSKJIJFFAH68CC
桃園區,房地(土地+建物)+車位,桃園縣桃園市國際路二段121~150號,11.28,住,,,1031114,土地1建物1車位1,六層,17,住宅大樓(11層含以上有電梯),住家用,鋼筋混凝土造,0841212,93.77,3,2,2,有,有,有,14800,158,坡道平面,36.53,0,附冰箱、冷氣3台、沙發組、餐桌椅、床組、衣櫃、梳妝台、電視櫃、書桌、燈飾、窗簾,RPSTMLSKJIJFFAH98CC
桃園區,房地(土地+建物),桃園縣桃園市龍安街1~30號,6.34,住,,,1031021,土地1建物1車位0,十二層,12,住宅大樓(11層含以上有電梯),住家用,鋼筋混凝土造,0850106,56.18,2,2,1,有,有,有,9000,160,,0.0,0,附冷氣3台、窗簾、燈飾；含管理費,RPTTMLSKJIJFFAH09CC
中壢區,土地,興南段中壢老小段211~240地號,41.0,商,,,1031115,土地1建物0車位0,,,其他,,,,0.0,0,0,0,有,無,無,50000,1220,,0.0,0,,RPQOMLSKJIJFFBH48DC
桃園區,房地(土地+建物),桃園縣桃園市民安路122巷1~30號,18.26,住,,,1031104,土地1建物1車位0,五層,5,公寓(5樓含以下無電梯),住家用,鋼筋混凝土造,0700415,54.73,2,2,1,有,無,有,7500,137,,0.0,0,,RPOQMLSKJIJFFAH38DC
桃園區,房地(土地+建物),桃園縣桃園市復興街91~120號,170.3,商,,,1031030,土地1建物1車位0,二層,12,店面(店鋪),商業用,鋼筋混凝土造,0881230,876.53,0,0,0,無,有,有,280000,319,,0.0,0,,RPPRMLSKJIJFFAH58DC
蘆竹區,房地(土地+建物)+車位,桃園縣蘆竹鄉蘆興街1~30號,18.72,住,,,1031114,土地2建物1車位0,一層,5,店面(店鋪),見其他登記事項,鋼筋混凝土造,0970606,104.87,0,0,1,有,有,無,12000,114,坡道平面,0.0,0,,RPQOMLSKJIJFFEH78DC
龜山區,房地(土地+建物),桃園縣龜山鄉文化三路81巷1~30號,15.29,住,,,1031118,土地1建物1車位0,九層,10,住宅大樓(11層含以上有電梯),住家用,鋼筋混凝土造,0970609,41.8,1,0,1,有,有,有,11000,263,,0.0,0,,RPTSMLKLJIJFFAH28CC
蘆竹區,房地(土地+建物)+車位,桃園縣蘆竹鄉中山路211~240號,5102.0,住,,,1031120,土地1建物1車位1,三層,11,住宅大樓(11層含以上有電梯),住家用,鋼筋混凝土造,1000511,87.99,3,2,2,有,無,有,20300,231,坡道平面,23.22,0,,RPPOMLLLJIJFFEH97CC
中壢區,房地(土地+建物),桃園縣中壢市信義路61~90號,142.0,住,,,1031121,土地1建物1車位0,全,2,透天厝,住家用,加強磚造,0580501,19.83,1,1,1,有,無,有,6500,328,,0.0,0,,RPQPMLLLJIJFFBH87CC
中壢區,建物,桃園縣中壢市慈惠三街157巷1~30號,26.49,,,,1031119,土地0建物1車位0,十四層,15,住宅大樓(11層含以上有電梯),住家用,鋼筋混凝土造,0791227,176.51,4,2,2,有,有,無,18000,102,,0.0,0,,RPWOMLLLJIJFFBH48DC
中壢區,房地(土地+建物),桃園縣中壢市六和路31~60號,12.66,住,,,1031030,土地1建物1車位0,四層,15,住宅大樓(11層含以上有電梯),見其他登記事項,鋼筋混凝土造,0880914,110.94,3,2,1,有,有,有,12000,108,,0.0,0,,RPXOMLLLJIJFFBH58DC
龍潭區,房地(土地+建物),桃園縣龍潭鄉百年二街15巷1~30號,36.49,,鄉村區,乙種建築用地,1031115,土地2建物1車位0,十四層,14,住宅大樓(11層含以上有電梯),住家用,鋼筋混凝土造,0860130,118.17,3,2,2,有,有,無,10000,85,,0.0,0,租金內含＄1440元/月管理費,RPSOMLLLJIJFFCH08CC
桃園區,房地(土地+建物)+車位,桃園縣桃園市同安1~30號,26.76,住,,,1031118,土地1建物1車位1,六層,16,住宅大樓(11層含以上有電梯),住家用,鋼筋混凝土造,0831017,201.53,4,2,2,有,有,有,22000,109,坡道機械,0.0,0,售價包含裝潢或家電。;含管理費3500元。租賃範圍含車位，且無法區分車位面積。,RPSNMLNLJIJFFAH97CC
桃園區,建物,桃園縣桃園市宏昌十二街595巷1~30號,10.63,住,,,1031123,土地0建物1車位0,一層,8,華廈(10層含以下有電梯),住家用,鋼筋混凝土造,0840902,43.14,2,2,1,有,無,有,9000,209,,0.0,0,,RPVNMLOLJIJFFAH38CC
桃園區,建物,桃園縣桃園市國聖一街61~90號,21.21,住,,,1031121,土地0建物1車位0,十四層,14,住宅大樓(11層含以上有電梯),住家用,鋼筋混凝土造,0830905,123.85,3,2,2,有,有,有,13000,105,,0.0,0,,RPOOMLOLJIJFFAH77CC
桃園區,房地(土地+建物),桃園縣桃園市龍壽街145巷47弄1~30號,30.7,住,,,1031109,土地1建物1車位0,一層,4,公寓(5樓含以下無電梯),住家用,鋼筋混凝土造,0690828,88.12,3,2,1,有,無,有,10000,113,,0.0,0,,RPWOMLOLJIJFFAH58CC
桃園區,建物,桃園縣桃園市桃園市國聖二街151~180號,17.17,商,,,1031122,土地0建物1車位0,一層,12,住宅大樓(11層含以上有電梯),商業用,鋼筋混凝土造,0840220,107.98,2,1,1,有,有,無,15500,144,,0.0,0,,RPOTMLOLJIJFFAH28CC
龜山區,建物,桃園縣龜山鄉文昌三街61~90號,0.0,住,,,1031119,土地0建物1車位1,五層,6,華廈(10層含以下有電梯),住家用,鋼筋混凝土造,0950424,152.76,3,2,2,有,無,無,19000,124,坡道平面,0.0,0,,RPWVMLOLJIJFFAH66CC
中壢區,建物,桃園縣中壢市環中東路二段399巷91~120號,0.0,農,,,1031102,土地0建物1車位0,全,3,透天厝,住家用,鋼筋混凝土造,0891228,210.6,5,2,3,有,無,無,18000,85,,0.0,0,,RPROMLOLJIJFFBH18CC
,建物,桃園縣中壢市執信一街151~180號,0.0,,,,1031111,土地0建物1車位0,,,套房(1房1廳1衛),,,,0.0,1,1,1,有,有,有,6000,0,,0.0,0,,RPTOMLOLJIJFFBH38CC
中壢區,建物,桃園縣中壢市中美路一段1~30號,0.0,商,,,1031107,土地0建物1車位0,十三層,18,套房(1房1廳1衛),住家用,鋼筋混凝土造,0861013,32.36,1,1,1,有,有,有,6000,185,,0.0,0,,RPUOMLOLJIJFFBH48CC
蘆竹區,房地(土地+建物),桃園縣蘆竹鄉六福路151~180號,14.99,住,,,1031120,土地1建物1車位0,十二層,12,住宅大樓(11層含以上有電梯),住家用,鋼筋混凝土造,0820921,121.63,4,2,2,有,無,無,16500,136,,0.0,0,,RPROMLOLJIJFFEH48CC
八德區,房地(土地+建物),桃園縣八德市高城八街31~60號,50.72,住,,,1031106,土地1建物1車位0,全,2,透天厝,住商用,加強磚造,0670426,85.6,2,2,2,有,無,無,20000,234,,0.0,0,,RPQNMLOLJIJFFFH38CC
八德區,房地(土地+建物),桃園縣八德市竹興街3巷1~30號,65.21,,特定農業區,甲種建築用地,1031110,土地1建物1車位0,全,4,透天厝,住家用,鋼筋混凝土造,0870610,236.73,4,3,3,有,有,無,24000,101,,0.0,0,,RPTNMLOLJIJFFFH68CC
八德區,房地(土地+建物),桃園縣八德市華康街207巷22弄31~60號,80.0,工,,,1031118,土地1建物1車位0,全,3,透天厝,工業用,鋼筋混凝土造,0751204,33.2,1,1,1,有,無,無,15000,452,,0.0,0,有民情風俗因素之交易。;2樓後段增建50坪,RPWNMLOLJIJFFFH98CC
平鎮區,房地(土地+建物),桃園縣平鎮市中豐路361~390號,19.89,住,,,1031118,土地1建物1車位0,全,3,透天厝,住家用,鋼筋混凝土造,0680125,51.41,0,0,0,無,無,無,8000,156,,0.0,0,,RPQOMLOLJIJFFGH58CC
桃園區,建物,桃園縣桃園市民光東路181~210號,0.0,住,,,1031120,土地0建物1車位0,,14,住宅大樓(11層含以上有電梯),住家用,鋼筋混凝土造,0920918,128.9,3,2,2,有,有,無,17000,132,,0.0,0,,RPUTMLOLJIJFFAH98DC
龜山區,房地(土地+建物)+車位,桃園縣龜山鄉文化七路182巷31~60號,7.47,其他,,,1031101,土地1建物1車位2,一層,7,店面(店鋪),見其他登記事項,鋼筋混凝土造,1001012,144.31,0,2,2,有,無,無,32000,222,坡道平面,68.05,0,,RPOUMLOLJIJFFAH48DC
平鎮區,土地,環南段841~870地號,1123.84,住,,,1031120,土地1建物0車位0,,,其他,,,,0.0,0,0,0,有,無,無,110000,98,,0.0,0,,RPSOMLPLJIJFFGH88CC
中壢區,房地(土地+建物),桃園縣中壢市富裕街1~30號,21.2,住,,,1031116,土地1建物1車位0,二層,5,華廈(10層含以下有電梯),住家用,鋼筋混凝土造,0801122,67.42999999999999,2,2,1,有,有,無,8000,119,,0.0,0,,RPTNMLPLJIJFFBH38CC
,房地(土地+建物),桃園縣中壢市龍吉二街3巷1~30號,0.0,,,,1031025,土地1建物1車位0,,,華廈(10層含以下有電梯),,,,0.0,3,2,2,有,無,有,9000,0,,0.0,0,,RPVNMLPLJIJFFBH58CC
桃園區,房地(土地+建物),桃園縣桃園市大興西路二段91~120號,27.8,住,,,1031101,土地1建物1車位0,二層,5,公寓(5樓含以下無電梯),見其他登記事項,鋼筋混凝土造,0770523,115.01,0,0,0,無,無,無,10000,87,,0.0,0,,RPVPMLPLJIJFFAH68CC
龜山區,房地(土地+建物),桃園縣龜山鄉自強西路150巷1~30號,19.11,住,,,1031119,土地1建物1車位0,五層,5,公寓(5樓含以下無電梯),住家用,鋼筋混凝土造,0700410,79.8,3,2,2,有,無,有,13000,163,,0.0,0,,RPXOMLQLJIJFFAH88CC
中壢區,房地(土地+建物),桃園縣中壢市成功路121~150號,149.0,住,,,1031102,土地1建物1車位0,全,2,透天厝,見其他登記事項,加強磚造,0661007,197.6,0,0,0,無,無,有,22500,114,,0.0,0,,RPWPMLQLJIJFFBH98CC
八德區,房地(土地+建物),桃園縣八德市建國路1141~1170號,68.85,住,,,1031111,土地1建物1車位0,全,2,透天厝,住家用,加強磚造,0630416,128.78,1,0,3,有,無,有,27000,210,,0.0,0,,RPVOMLQLJIJFFFH56CC
蘆竹區,房地(土地+建物),桃園縣蘆竹鄉南崁路一段61~90號,0.62,其他,,,1031010,土地1建物1車位0,六層,6,辦公商業大樓,見其他登記事項,鋼筋混凝土造,0820712,45.52,0,0,0,無,有,無,27000,593,,0.0,0,,RPTOMLRLJIJFFEH98CC
中壢區,建物,桃園縣中壢市天祥二街1~30號,0.0,商,,,1031108,土地0建物1車位0,二層,4,公寓(5樓含以下無電梯),住家用,鋼筋混凝土造,0691114,83.9,3,1,2,有,無,無,6200,74,,0.0,0,,RPVPMLRLJIJFFBH98CC
桃園區,房地(土地+建物),桃園縣桃園市大有路541~570號,14.84,其他,,,1031102,土地1建物1車位0,九層,16,住宅大樓(11層含以上有電梯),住家用,鋼筋混凝土造,0821224,105.55,3,2,2,有,有,有,10000,95,,0.0,0,,RPSQMLRLJIJFFAH68CC
桃園區,建物,桃園縣桃園市泰昌十街1~30號,0.0,住,,,1031120,土地0建物1車位0,四層,16,住宅大樓(11層含以上有電梯),住家用,鋼筋混凝土造,0840914,133.67000000000002,3,2,2,有,有,無,12000,90,,0.0,0,,RPTQMLRLJIJFFAH78CC
龜山區,建物,桃園縣龜山鄉萬壽路二段733巷1~30號,0.0,商,,,1031113,土地0建物1車位0,一層,5,店面(店鋪),商業用,鋼筋混凝土造,0930707,198.1,0,0,0,無,無,無,21000,106,,0.0,0,,RPOSMLRLJIJFFAH48CC
蘆竹區,房地(土地+建物),桃園縣蘆竹鄉中山路241~270號,863.0,住,,,1031126,土地1建物1車位0,全,4,透天厝,見其他登記事項,鋼筋混凝土造,1011225,28.92,1,1,1,有,無,有,7000,242,,0.0,0,,RPXNMLSLJIJFFEH76CC
蘆竹區,房地(土地+建物),桃園縣蘆竹鄉中山路241~270號,863.0,住,,,1031127,土地1建物1車位0,全,4,透天厝,見其他登記事項,鋼筋混凝土造,1011225,28.92,1,1,1,有,無,有,7000,242,,0.0,0,,RPTOMLSLJIJFFEH09CC
八德區,房地(土地+建物)+車位,桃園縣八德市豐田一路121~150號,35.73,住,,,1031128,土地1建物1車位1,八層,11,住宅大樓(11層含以上有電梯),住家用,鋼筋混凝土造,1021018,160.29,3,2,2,有,有,無,11242,70,坡道平面,27.61,0,,RPSNMLSLJIJFFFH98CC
楊梅區,房地(土地+建物),桃園縣楊梅市大成路121~150號,95.0,商,,,1031112,土地1建物1車位0,二層,2,店面(店鋪),住家用,加強磚造,0481001,234.72,1,0,1,有,無,有,38000,162,,0.0,0,,RPVNMLSLJIJFFDH56DC
龍潭區,房地(土地+建物),桃園縣龍潭鄉梅龍一街64巷1~30號,80.0,,鄉村區,乙種建築用地,1031101,土地1建物1車位0,全,2,透天厝,住家用,加強磚造,0701128,91.9,2,2,2,有,無,無,7000,76,,0.0,0,,RPRNMLSLJIJFFCH58CC
中壢區,房地(土地+建物)+車位,桃園縣中壢市中北路二段208巷1~30號,19.13,住,,,1031101,土地1建物1車位1,十三層,14,住宅大樓(11層含以上有電梯),住家用,鋼筋混凝土造,0910404,168.79000000000002,4,2,2,有,有,有,22000,130,,0.0,0,租金含管理費,RPUQMLLJKIJFFBH48EC
中壢區,房地(土地+建物)+車位,桃園縣中壢市中北路二段208巷1~30號,17.61,住,,,1031101,土地1建物1車位1,九層,10,華廈(10層含以下有電梯),住家用,鋼筋混凝土造,0900115,118.66,3,2,2,有,有,無,17000,143,,0.0,0,租金含管理費,RPVQMLLJKIJFFBH58EC
桃園區,房地(土地+建物),桃園縣桃園市宏昌一街1~30號,16.73,住,,,1031123,土地1建物1車位0,五層,6,華廈(10層含以下有電梯),住家用,鋼筋混凝土造,0821102,60.86,3,2,2,有,有,有,10000,164,,0.0,0,,RPOSMLLJKIJFFAH87DC
桃園區,房地(土地+建物),桃園縣桃園市中山路788巷1~30號,10.08,住,,,1031114,土地1建物1車位0,九層,15,住宅大樓(11層含以上有電梯),住家用,鋼筋混凝土造,0941227,65.97,3,2,2,有,無,有,13000,197,,0.0,0,,RPQSMLLJKIJFFAH08DC
中壢區,房地(土地+建物)+車位,桃園縣中壢市環北路391~420號,19.38,住,,,1031115,土地1建物1車位1,八層,22,住宅大樓(11層含以上有電梯),見其他登記事項,鋼筋混凝土造,0810527,276.88,2,0,0,有,有,無,29546,107,坡道平面,0.0,0,,RPTQMLMJKIJFFBH48EC
蘆竹區,土地,南青段151~180地號,1152.58,農,,,1031201,土地2建物0車位0,,,其他,,,,0.0,0,0,0,有,無,無,16000,14,,0.0,0,,RPWNMLMJKIJFFEH58CC
中壢區,建物,桃園縣中壢市大同路91~120號,0.0,商,,,1031105,土地0建物1車位0,全,5,透天厝,商業用,加強磚造,,48.0,0,0,0,無,無,無,22000,458,,0.0,0,,RPUOMLNJKIJFFBH28CC
八德區,房地(土地+建物),桃園縣八德市福德一街31~60號,22.64,,特定農業區,甲種建築用地,1031121,土地1建物1車位0,一層,5,公寓(5樓含以下無電梯),住家用,鋼筋混凝土造,0730110,100.32,1,1,1,有,無,無,18000,179,,0.0,0,,RPOOMLNJKIJFFFH28EC
八德區,房地(土地+建物),桃園縣八德市忠勇街421~450號,29.15,住,,,1031121,土地1建物1車位0,三層,4,公寓(5樓含以下無電梯),住家用,鋼筋混凝土造,0690209,85.8,3,2,1,有,無,有,10000,117,,0.0,0,,RPPOMLNJKIJFFFH38EC
桃園區,建物,桃園縣桃園市桃智路1~30號,13.62,住,,,1031108,土地0建物1車位0,十二層,13,住宅大樓(11層含以上有電梯),住家用,鋼筋混凝土造,1011019,153.81,3,2,2,有,有,無,16500,107,,0.0,0,,RPTNMLNJKIJFFAH08DC
桃園區,房地(土地+建物)+車位,桃園縣桃園市桃智路1~30號,14.7,其他,,,1031108,土地1建物1車位1,八層,12,住宅大樓(11層含以上有電梯),住家用,鋼筋混凝土造,1011019,78.45,3,2,2,有,有,有,18000,229,坡道平面,36.89,0,,RPWPMLNJKIJFFAH58DC
蘆竹區,房地(土地+建物)+車位,桃園縣蘆竹鄉中山路211~240號,20.41,住,,,1031119,土地1建物1車位1,七層,11,住宅大樓(11層含以上有電梯),住家用,鋼筋混凝土造,1000511,76.53,2,2,1,有,有,有,17000,222,坡道平面,36.39,0,,RPPNMLNJKIJFFEH08DC
蘆竹區,房地(土地+建物),桃園縣蘆竹鄉南華街1~30號,13.14,住,,,1031128,土地1建物1車位0,四層,4,公寓(5樓含以下無電梯),住家用,鋼筋混凝土造,0681214,69.3,3,2,1,有,無,無,5000,72,,0.0,0,,RPVNMLNJKIJFFEH68DC
蘆竹區,房地(土地+建物),桃園縣蘆竹鄉厚生路91~120號,15.26,工,,,1031202,土地1建物1車位0,八層,10,華廈(10層含以下有電梯),工業用,鋼筋混凝土造,0840518,106.74000000000001,3,2,2,有,有,無,9000,84,,0.0,0,,RPWNMLNJKIJFFEH78DC
中壢區,土地,內厝段781~810地號,997.0,,特定農業區,農牧用地,1031105,土地1建物0車位0,,,其他,,,,0.0,0,0,0,有,無,無,50000,50,,0.0,0,,RPXOMLOJKIJFFBH68CC
蘆竹區,房地(土地+建物),桃園縣蘆竹鄉大興十二街2弄1~30號,108.03,住,,,1031204,土地1建物1車位0,全,5,透天厝,見其他登記事項,鋼筋混凝土造,0901204,189.77,6,4,3,有,無,有,30000,158,,0.0,0,,RPWNMLOJKIJFFEH78CC
桃園區,房地(土地+建物),桃園縣桃園市大業路一段61~90號,22.77,住,,,1031121,土地1建物1車位0,三層,8,華廈(10層含以下有電梯),住家用,鋼筋混凝土造,0861110,119.27,3,2,2,有,有,有,13000,109,,0.0,0,,RPVOMLOJKIJFFAH38CC
桃園區,房地(土地+建物),桃園縣桃園市寶山街211~240號,16.19,住,,,1031115,土地1建物1車位0,二層,12,住宅大樓(11層含以上有電梯),住家用,鋼筋混凝土造,0860918,67.63,2,1,1,有,有,有,14500,214,,0.0,0,,RPXOMLOJKIJFFAH58CC
桃園區,房地(土地+建物),桃園縣桃園市經國路391~420號,278.9,住,,,1031031,土地1建物1車位0,五層,16,住宅大樓(11層含以上有電梯),住家用,鋼筋混凝土造,0831026,70.28,2,1,1,有,有,有,14500,206,,0.0,0,,RPPPMLOJKIJFFAH87CC
桃園區,房地(土地+建物),桃園縣桃園市春日路1111~1140號,9.33,住,,,1031101,土地1建物1車位0,十層,14,住宅大樓(11層含以上有電梯),住家用,鋼筋混凝土造,0890831,69.02,1,1,1,有,有,有,13000,188,,0.0,0,,RPOQMLOJKIJFFAH87CC
桃園區,房地(土地+建物),桃園縣桃園市春日路658巷1~30號,11.52,住,,,1031104,土地1建物1車位0,二十四層,24,住宅大樓(11層含以上有電梯),住家用,鋼筋混凝土造,0881129,90.2,2,2,1,有,有,有,14000,155,,0.0,0,,RPRQMLOJKIJFFAH18CC
桃園區,建物,桃園縣桃園市永安路167巷1~30號,0.0,住,,,1031113,土地0建物1車位0,三層,4,公寓(5樓含以下無電梯),住家用,鋼筋混凝土造,0660929,92.04,3,2,2,有,無,無,11000,120,,0.0,0,,RPSQMLOJKIJFFAH28CC
桃園區,房地(土地+建物),桃園縣桃園市經國路571~600號,11.56,住,,,1031108,土地1建物1車位0,五層,19,住宅大樓(11層含以上有電梯),住家用,鋼筋混凝土造,0850420,107.72,3,2,2,有,有,有,15000,139,,0.0,0,,RPTQMLOJKIJFFAH38CC
桃園區,房地(土地+建物)+車位,桃園縣桃園市寶山街211~240號,16.26,住,,,1031115,土地1建物1車位1,五層,12,住宅大樓(11層含以上有電梯),住家用,鋼筋混凝土造,0860918,209.79999999999998,3,2,1,有,有,有,18000,86,坡道平面,0.0,0,,RPWQMLOJKIJFFAH68CC
桃園區,房地(土地+建物),桃園縣桃園市大有路652巷1~30號,11.19,住,,,1031125,土地1建物1車位0,十二層,17,住宅大樓(11層含以上有電梯),住家用,鋼筋混凝土造,0860901,94.02000000000001,3,2,2,有,有,有,16000,170,,0.0,0,,RPURMLOJKIJFFAH58CC
桃園區,房地(土地+建物)+車位,桃園縣桃園市中正路871~900號,10.98,住,,,1031127,土地1建物1車位1,六層,29,住宅大樓(11層含以上有電梯),住家用,鋼筋混凝土造,1020128,234.44,3,2,2,有,有,有,40000,171,坡道平面,0.0,0,,RPRSMLOJKIJFFAH38CC
桃園區,房地(土地+建物),桃園縣桃園市中正三街181~210號,9.35,住,,,1031129,土地1建物1車位0,七層,7,華廈(10層含以下有電梯),住家用,鋼筋混凝土造,0820419,53.82,1,0,0,無,無,有,8500,158,,0.0,0,,RPSSMLOJKIJFFAH48CC
桃園區,房地(土地+建物),桃園縣桃園市龍泉五街121~150號,4.46,住,,,1031125,土地1建物1車位0,一層,6,華廈(10層含以下有電梯),見其他登記事項,鋼筋混凝土造,0830917,70.0,2,2,2,有,有,無,11000,157,,0.0,0,,RPTSMLOJKIJFFAH58CC
桃園區,房地(土地+建物),桃園縣桃園市龍壽街145巷61~90號,32.97,住,,,1031129,土地1建物1車位0,二層,4,公寓(5樓含以下無電梯),住家用,鋼筋混凝土造,0870701,80.11,3,2,1,有,無,有,7000,87,,0.0,0,,RPVSMLOJKIJFFAH78CC
龜山區,房地(土地+建物),桃園縣龜山鄉自強東路211~240號,12.13,商,,,1031203,土地1建物1車位0,二層,13,住宅大樓(11層含以上有電梯),住家用,鋼筋混凝土造,1030403,91.19,2,2,2,有,無,有,12000,132,,0.0,0,,RPWPMLPJKIJFFAH68CC
八德區,房地(土地+建物),桃園縣八德市介壽路二段685巷50弄31~60號,21.52,,鄉村區,乙種建築用地,1031123,土地1建物1車位0,四層,4,公寓(5樓含以下無電梯),住家用,鋼筋混凝土造,0701120,84.0,3,2,1,有,無,無,7000,83,,0.0,0,,RPQNMLPJKIJFFFH48DC
桃園區,房地(土地+建物),桃園縣桃園市大興西路二段139巷121~150號,16.4,住,,,1031125,土地1建物1車位0,十層,13,住宅大樓(11層含以上有電梯),住家用,鋼筋混凝土造,0970424,61.08,1,1,1,有,有,有,12500,205,,0.0,0,,RPOQMLPJKIJFFAH08DC
蘆竹區,房地(土地+建物),桃園縣蘆竹鄉中山路241~270號,863.0,住,,,1031204,土地1建物1車位0,全,5,透天厝,見其他登記事項,鋼筋混凝土造,1011225,28.92,1,1,1,有,無,有,6000,207,,0.0,0,,RPPNMLQJKIJFFEH28CC
平鎮區,房地(土地+建物),桃園縣平鎮市環南路二段271~300號,14.8,住,,,1030723,土地1建物1車位0,十二層,18,華廈(10層含以下有電梯),住家用,鋼筋混凝土造,0831111,176.98,4,2,0,有,有,有,10000,57,,0.0,0,,RPVOMLSJKIJFFGH76CC
平鎮區,房地(土地+建物)+車位,桃園縣平鎮市興華街99巷1~30號,77.69,住,,,1031203,土地1建物1車位1,八層,8,華廈(10層含以下有電梯),住家用,鋼筋混凝土造,0861117,152.14,3,2,2,有,有,有,16000,105,坡道平面,0.0,0,,RPWOMLSJKIJFFGH86CC
平鎮區,房地(土地+建物)+車位,桃園縣平鎮市延平路二段430巷28弄1~30號,84.3,住,,,1030520,土地1建物1車位1,三層,8,華廈(10層含以下有電梯),住家用,鋼筋混凝土造,0851109,147.38,5,3,2,有,無,有,16700,113,坡道平面,0.0,0,,RPXOMLSJKIJFFGH96CC
平鎮區,房地(土地+建物),桃園縣平鎮市環南路二段241~270號,7.5,住,,,1030624,土地1建物1車位0,六層,18,住宅大樓(11層含以上有電梯),住家用,鋼筋混凝土造,0880726,48.39,1,0,1,有,無,有,7880,163,,0.0,0,,RPOPMLSJKIJFFGH78CC
中壢區,房地(土地+建物),桃園縣中壢市光輝街91~120號,35.24,住,,,1030506,土地1建物1車位0,四層,4,公寓(5樓含以下無電梯),住家用,鋼筋混凝土造,0690811,80.0,3,2,1,有,無,有,9500,119,,0.0,0,,RPTSMLSJKIJFFBH09CC
新屋區,房地(土地+建物),桃園縣新屋鄉三民路760巷31~60號,83.66,住,,,1031203,土地1建物1車位0,全,4,透天厝,見其他登記事項,鋼筋混凝土造,0880125,237.71,5,2,2,有,無,無,12000,50,,0.0,0,,RPUNMLSJKIJFFDH98DC
平鎮區,房地(土地+建物),桃園縣平鎮市新興路91~120號,1201.0,商,,,1031206,土地1建物2車位0,,8,店面(店鋪),住家用,鋼筋混凝土造,0840826,217.5,3,2,3,有,無,有,23000,106,,0.0,0,承租1樓和2樓,RPXNMLSJKIJFFGH96DC
八德區,房地(土地+建物),桃園縣八德市桃德路91~120號,82.44,工,,,1031125,土地1建物1車位0,全,3,透天厝,見其他登記事項,鋼筋混凝土造,0790210,240.47,5,3,3,有,無,有,30000,125,,0.0,0,,RPWVMLTJKIJFFFH77EC
八德區,房地(土地+建物),桃園縣八德市介壽路二段685巷66弄1~30號,21.51,,鄉村區,乙種建築用地,1031118,土地1建物1車位0,二層,4,公寓(5樓含以下無電梯),住家用,加強磚造,0700710,84.0,3,2,1,有,無,有,9000,107,,0.0,0,,RPOSMLTJKIJFFFH56DC
桃園區,房地(土地+建物),桃園縣桃園市桃德路49巷1~30號,67.84,住,,,1031116,土地1建物1車位0,全,2,透天厝,見其他登記事項,鋼筋混凝土造,0770616,120.81,4,2,2,有,無,無,12000,99,,0.0,0,,RPPPMLTJKIJFFAH48DC
桃園區,房地(土地+建物),桃園縣桃園市樹仁三街15巷1~30號,4037.37,住,,,1031202,土地1建物1車位0,一層,14,住宅大樓(11層含以上有電梯),住家用,鋼筋混凝土造,1030110,64.48,2,2,1,有,無,有,10500,163,,0.0,0,,RPWRMLTJKIJFFAH76DC
中壢區,房地(土地+建物)+車位,桃園縣中壢市南園二路271~300號,13.66,住,,,1031201,土地0建物1車位1,一層,13,住宅大樓(11層含以上有電梯),商業用,鋼筋混凝土造,1001109,58.41,0,1,1,有,無,有,23000,394,坡道平面,30.83,0,,RPTNMLTJKIJFFBH78DC
中壢區,房地(土地+建物)+車位,桃園縣中壢市環西路二段300巷1~30號,6.68,其他,,,1031108,土地1建物1車位0,一層,15,店面(店鋪),見其他登記事項,鋼筋混凝土造,1000628,55.24,2,1,1,有,無,有,10800,196,坡道平面,0.0,0,,RPRQMLTJKIJFFBH88DC
中壢區,建物,桃園縣中壢市中央西路二段150巷1~30號,0.0,住,,,1031111,土地0建物1車位0,全,2,透天厝,住家用,加強磚造,0590920,52.45,0,0,0,無,無,無,15000,286,,0.0,0,,RPOPMLTJKIJFFBH38CC
桃園區,房地(土地+建物),桃園縣桃園市中山東路151~180號,133.0,住,,,1031208,土地1建物1車位0,全,3,透天厝,住家用,加強磚造,0650305,180.3,0,0,0,無,無,無,32000,177,,0.0,0,,RPTNMLTJKIJFFAH58CC
桃園區,房地(土地+建物),桃園縣桃園市寶山街151~180號,14.13,住,,,1031209,土地1建物1車位0,六層,10,華廈(10層含以下有電梯),住家用,鋼筋混凝土造,0911108,84.46,2,2,1,有,有,有,11000,130,,0.0,0,,RPUNMLTJKIJFFAH68CC
桃園區,房地(土地+建物),桃園縣桃園市莊敬路一段151~180號,114.65,商,,,1031209,土地1建物1車位0,一層,12,店面(店鋪),見其他登記事項,鋼筋混凝土造,0830302,957.82,0,0,0,無,有,無,105000,110,,0.0,0,,RPRPMLTJKIJFFAH58CC
桃園區,建物,桃園縣桃園市新埔六街91~120號,0.0,商,,,1031124,土地0建物2車位4,二十二層,25,辦公商業大樓,見其他登記事項,鋼筋混凝土造,0990422,771.77,0,0,0,無,有,無,140000,181,坡道平面,99.92,0,,RPTSMLKKKIJFFAH28CC
龜山區,房地(土地+建物)+車位,桃園縣龜山鄉光峰路271~300號,1362.92,其他,,,1031201,土地1建物1車位0,一層,15,住宅大樓(11層含以上有電梯),商業用,鋼筋混凝土造,1001110,75.96,1,1,1,有,無,無,15000,197,坡道機械,72.99,0,,RPTTMLKKKIJFFAH38CC
龜山區,房地(土地+建物)+車位,桃園縣龜山鄉長壽路269巷1~30號,2318.29,其他,,,1031201,土地1建物1車位1,三層,14,住宅大樓(11層含以上有電梯),住家用,鋼筋混凝土造,1030530,146.36,2,2,2,有,無,有,13000,89,坡道平面,44.88,0,,RPVTMLKKKIJFFAH58CC
桃園區,建物,桃園縣桃園市國聖一街181~210號,0.0,,,,1031207,土地0建物1車位0,六層,8,華廈(10層含以下有電梯),住家用,鋼筋混凝土造,0840902,111.59,3,2,2,有,無,有,12000,108,,0.0,0,,RPPPMLLKKIJFFAH67CC
中壢區,房地(土地+建物),桃園縣中壢市文昌路219巷1~30號,81.01,住,,,1031210,土地1建物1車位0,全,2,透天厝,住家用,加強磚造,0701221,83.44,3,2,2,有,無,無,15000,180,,0.0,0,,RPSQMLLKKIJFFBH28DC
八德區,房地(土地+建物)+車位,桃園縣八德市廣興路397巷44弄2衖1~30號,79.42,,特定農業區,甲種建築用地,1031203,土地1建物1車位1,全,4,透天厝,住家用,鋼筋混凝土造,0840615,219.27999999999997,4,2,3,有,無,有,11500,52,坡道平面,0.0,0,,RPXRMLLKKIJFFFH66DC
平鎮區,建物,桃園縣平鎮市民族路雙連二段1~30號,54.22,住,,,1030815,土地0建物1車位0,全,4,透天厝,見其他登記事項,鋼筋混凝土造,0960426,188.04,4,2,3,有,無,有,23000,122,,0.0,0,,RPPOMLLKKIJFFGH38EC
中壢區,房地(土地+建物),桃園縣中壢市仁德八街1~30號,9.3,住,,,1031112,土地1建物1車位0,一層,7,華廈(10層含以下有電梯),商業用,鋼筋混凝土造,0850921,48.78,0,1,1,有,無,無,8000,164,,0.0,0,,RPOPMLMKKIJFFBH87DC
中壢區,房地(土地+建物),桃園縣中壢市文化路331~360號,7.62,工,,,1031112,土地2建物1車位0,一層,14,住宅大樓(11層含以上有電梯),住商用,鋼筋混凝土造,0960430,145.14,0,1,1,有,有,無,40000,276,,0.0,0,,RPQPMLMKKIJFFBH08DC
中壢區,房地(土地+建物),桃園縣中壢市復華九街91~120號,6.32,住,,,1031126,土地1建物1車位0,四層,7,套房(1房1廳1衛),住家用,鋼筋混凝土造,0830205,31.96,1,1,1,有,有,有,10000,313,,0.0,0,,RPUPMLMKKIJFFBH48DC
平鎮區,房地(土地+建物),桃園縣平鎮市平等路61~90號,99.21,住,,,1031115,土地1建物1車位0,全,2,透天厝,住家用,加強磚造,0650603,119.04,2,2,2,有,無,有,9500,80,,0.0,0,,RPRNMLNKKIJFFGH48CC
桃園區,房地(土地+建物),桃園縣桃園市玉美街1~30號,78.0,住,,,1031201,土地1建物1車位0,全,2,透天厝,住家用,加強磚造,0600630,98.5,0,0,0,無,無,無,22000,223,,0.0,0,,RPWNMLPKKIJFFAH58CC
平鎮區,房地(土地+建物),桃園縣平鎮市新富五街61~90號,16.44,住,,,1031210,土地1建物1車位0,十五層,16,住宅大樓(11層含以上有電梯),住家用,鋼筋混凝土造,0830803,140.89,4,2,2,有,有,有,10500,75,,0.0,0,,RPROMLPKKIJFFGH98EC
大溪區,建物,桃園縣大溪鎮三元一街31~60號,0.0,,鄉村區,乙種建築用地,1031213,土地0建物1車位1,七層,8,華廈(10層含以下有電梯),住家用,鋼筋混凝土造,0810630,133.68,3,2,2,有,有,無,9000,67,坡道平面,0.0,0,,RPQNMLQKKIJFFCH28CC
楊梅區,房地(土地+建物),桃園縣楊梅市四維路121~150號,614.0,住,,,1031215,土地3建物1車位0,見其他登記事項,4,店面(店鋪),見其他登記事項,鋼筋混凝土造,0960627,269.3,4,3,3,有,無,無,25000,93,,0.0,0,,RPWNMLQKKIJFFDH09DC
桃園區,建物,桃園縣桃園市信光路61~90號,0.0,,,,1031215,土地0建物1車位0,一層,3,店面(店鋪),見其他登記事項,鋼筋混凝土造,0680820,81.3,0,0,0,無,無,無,20000,246,,0.0,0,,RPSNMLQKKIJFFAH28CC
,房地(土地+建物),桃園縣中壢市高鐵南路三段727巷151~180號,0.0,,,,1031204,土地1建物1車位0,全,,透天厝,,,,0.0,4,3,4,有,無,有,21000,0,,0.0,0,,RPRQMLQKKIJFFBH58CC
八德區,房地(土地+建物),桃園縣八德市桃德路151~180號,100.64,工,,,1031216,土地1建物1車位0,全,3,透天厝,見其他登記事項,鋼筋混凝土造,0800209,275.21,3,2,3,有,無,有,16000,58,,0.0,0,,RPWNMLRKKIJFFFH76DC
蘆竹區,房地(土地+建物),桃園縣蘆竹鄉奉化路211~240號,7601.69,住,,,1031118,土地1建物1車位0,五層,12,住宅大樓(11層含以上有電梯),住家用,鋼筋混凝土造,0890914,121.18,2,2,2,有,有,有,18000,149,,0.0,0,,RPRNMLRKKIJFFEH78DC
蘆竹區,房地(土地+建物),桃園縣蘆竹鄉奉化路121~150號,4788.64,住,,,1031209,土地1建物1車位0,七層,12,住宅大樓(11層含以上有電梯),住家用,鋼筋混凝土造,0931210,176.01,4,2,2,有,無,有,6000,34,,0.0,0,,RPSNMLRKKIJFFEH88DC
蘆竹區,房地(土地+建物),桃園縣蘆竹鄉奉化路121~150號,4788.64,住,,,1031209,土地1建物1車位0,七層,12,住宅大樓(11層含以上有電梯),住家用,鋼筋混凝土造,0931210,176.01,4,2,2,有,有,有,6000,34,,0.0,0,,RPTNMLRKKIJFFEH98DC
桃園區,房地(土地+建物)+車位,桃園縣桃園市中正路1111~1140號,105.28,住,,,1031209,土地1建物1車位2,二層,7,華廈(10層含以下有電梯),商業用,鋼筋混凝土造,0960709,323.17,0,0,0,無,有,無,94500,292,升降平面,36.36,0,租金包含稅4500及管理費10400.起租日104/02/01,RPOOMLRKKIJFFAH18DC
桃園區,房地(土地+建物),桃園縣桃園市莊敬路一段151~180號,13.07,住,,,1031123,土地1建物1車位0,十一層,13,住宅大樓(11層含以上有電梯),住家用,鋼筋混凝土造,0831223,115.27,3,2,2,有,有,無,10000,87,,0.0,0,,RPQRMLSKKIJFFAH78DC
中壢區,房地(土地+建物),桃園縣中壢市金山三街1~30號,25.76,其他,,,1031123,土地1建物1車位0,全,5,透天厝,住家用,鋼筋混凝土造,0700324,82.77,3,2,1,有,無,有,9000,109,,0.0,0,,RPVNNLSKKIJFFBH98CC
中壢區,房地(土地+建物),桃園縣中壢市中北路二段208巷31~60號,16.97,住,,,1031211,土地1建物1車位0,三層,10,華廈(10層含以下有電梯),住家用,鋼筋混凝土造,0930325,59.84,1,1,1,有,有,有,11000,184,,0.0,0,,RPWNNLSKKIJFFBH09CC
中壢區,房地(土地+建物),桃園縣中壢市龍慈路239巷1~30號,14.06,住,,,1031218,土地1建物1車位0,二十八層,19,辦公商業大樓,住家用,鋼筋混凝土造,0890302,53.4,2,2,1,有,無,有,10000,187,,0.0,0,,RPSQMLTKKIJFFBH98CC
蘆竹區,房地(土地+建物),桃園縣蘆竹鄉中山路158巷1~30號,2415.0,住,,,1031218,土地1建物1車位0,五層,12,住宅大樓(11層含以上有電梯),住家用,鋼筋混凝土造,1000824,79.34,2,2,2,有,無,有,20000,252,,0.0,0,,RPRQMLTKKIJFFEH56CC
桃園區,房地(土地+建物),桃園縣桃園市經國路721~750號,105.0,住,,,1031219,土地1建物1車位0,二層,5,公寓(5樓含以下無電梯),住家用,鋼筋混凝土造,0720128,116.28,3,2,2,有,無,無,12000,103,,0.0,0,,RPPNMLTKKIJFFAH28CC
桃園區,建物,桃園縣桃園市春日路1231~1260號,0.0,住,,,1031203,土地0建物1車位0,,5,公寓(5樓含以下無電梯),住家用,鋼筋混凝土造,0730320,106.41,3,2,2,有,無,無,6000,56,,0.0,0,,RPOPMLTKKIJFFAH38CC
平鎮區,房地(土地+建物),桃園縣平鎮市中豐路南勢二段460巷61~90號,26.46,住,,,1031213,土地1建物1車位0,三層,5,公寓(5樓含以下無電梯),工業用,鋼筋混凝土造,0820906,113.63,3,2,2,有,無,有,7000,62,,0.0,0,,RPSNMLKLKIJFFGH38CC
大溪區,房地(土地+建物),桃園縣大溪鎮慈光街121~150號,119.97,住,,,1031120,土地1建物1車位0,全,4,透天厝,見其他登記事項,鋼筋混凝土造,1021001,283.03,5,3,3,有,無,有,30000,106,,0.0,0,,RPPNMLKLKIJFFCH67CC
桃園區,房地(土地+建物),桃園縣桃園市樹仁三街131巷26弄1~30號,80834.0,工,,,1031201,土地1建物1車位0,五層,10,華廈(10層含以下有電梯),見其他登記事項,鋼筋混凝土造,1010618,33.0,2,2,1,有,有,有,14000,424,,0.0,0,,RPVSMLMLKIJFFAH98EC
八德區,房地(土地+建物),桃園縣八德市忠勇西街1~30號,13.69,住,,,1031211,土地1建物1車位0,一層,8,華廈(10層含以下有電梯),商業用,鋼筋混凝土造,0831230,81.78,3,1,1,有,無,有,13000,159,,0.0,0,,RPTPMLMLKIJFFFH98EC
蘆竹區,建物,桃園縣蘆竹鄉奉化路61~90號,0.0,住,,,1031219,土地0建物0車位0,四層,9,華廈(10層含以下有電梯),住家用,鋼筋混凝土造,0910130,87.76,3,2,2,有,有,有,12000,137,,0.0,0,,RPPNNLMLKIJFFEH28DC
桃園區,房地(土地+建物)+車位,桃園縣桃園市泰昌十二街91~120號,19.51,住,,,1031221,土地1建物1車位1,七層,8,華廈(10層含以下有電梯),住家用,鋼筋混凝土造,0830915,132.23,3,2,2,有,有,有,15000,113,坡道平面,0.0,0,,RPUNMLMLKIJFFAH18CC
桃園區,房地(土地+建物),桃園縣桃園市復興路61~90號,9.8,商,,,1031217,土地1建物1車位0,三層,13,辦公商業大樓,見其他登記事項,鋼筋混凝土造,0691007,99.22,3,2,1,有,有,有,11000,111,,0.0,0,,RPRRMLOLKIJFFAH48CC
蘆竹區,房地(土地+建物),桃園縣蘆竹鄉中正路151~180號,9.0,住,,,1031215,土地1建物1車位0,三層,14,住宅大樓(11層含以上有電梯),住家用,鋼筋混凝土造,0930325,92.33,2,1,1,有,無,有,17000,184,,0.0,0,,RPVNMLOLKIJFFEH98DC
中壢區,房地(土地+建物),桃園縣中壢市九和一街1~30號,7.05,住,,,1031223,土地1建物1車位0,五層,22,住宅大樓(11層含以上有電梯),住家用,鋼筋混凝土造,0970406,88.32,2,1,1,有,無,有,20000,226,,0.0,0,,RPRNMLOLKIJFFBH28DC
中壢區,房地(土地+建物),桃園縣中壢市環北路331~360號,3.51,住,,,1031223,土地1建物1車位0,十九層,21,住宅大樓(11層含以上有電梯),住家用,鋼筋混凝土造,0980629,32.61,1,1,1,有,無,有,11000,337,,0.0,0,,RPWQMLOLKIJFFBH09DC
楊梅區,房地(土地+建物),桃園市楊梅區新農街421~450號,250.0,商,,,1031124,土地2建物2車位0,全,4,透天厝,見其他登記事項,鋼筋混凝土造,1010921,113.76,0,1,1,有,無,無,35000,308,,0.0,0,,RPXOMLPLKIJFFDH66DC
龜山區,建物,桃園市龜山區復興一路61~90號,0.0,住,,,1031125,土地0建物1車位0,四層,2,公寓(5樓含以下無電梯),住家用,鋼筋混凝土造,0680228,107.57,0,0,0,無,無,有,67045,623,,0.0,0,,RPWPMLPLKIJFFAH88CC
平鎮區,房地(土地+建物),桃園市平鎮區龍南路661~690號,15.38,住,,,1031201,土地1建物1車位0,一層,1,華廈(10層含以下有電梯),商業用,鋼筋混凝土造,0840426,87.8,1,2,1,有,無,有,10000,114,,0.0,0,,RPTVMLPLKIJFFGH17CC
蘆竹區,房地(土地+建物)+車位,桃園市蘆竹區中山路181~210號,5102.0,住,,,1031225,土地1建物1車位0,八層,12,住宅大樓(11層含以上有電梯),住家用,鋼筋混凝土造,1000511,98.07,3,2,2,有,無,有,22000,224,坡道平面,7.02,0,,RPSOMLPLKIJFFEH78CC
大園區,土地,田心子段田心子小段61~90地號,619.0,工,,,1031125,土地1建物0車位0,,,其他,,,,0.0,0,0,0,有,無,無,33700,54,,0.0,0,,RPSTMLTLKIJFFEH07CC
平鎮區,房地(土地+建物)+車位,桃園市平鎮區南京路241~270號,17.63,住,,,1031223,土地1建物1車位1,十層,13,住宅大樓(11層含以上有電梯),住家用,鋼筋混凝土造,1021209,98.28,2,2,1,有,有,無,12000,122,升降機械,13.48,0,,RPQQMLTLKIJFFGH76CC
中壢區,房地(土地+建物),桃園市中壢區光輝街107巷1~30號,17.73,其他,,,1031226,土地4建物1車位0,四層,4,公寓(5樓含以下無電梯),住家用,鋼筋混凝土造,0690919,64.05,2,2,1,有,無,有,7500,117,,0.0,0,,RPUOMLTLKIJFFBH09CC
中壢區,建物,桃園市中壢區新生路421~450號,133.0,住,,,1031208,土地0建物1車位0,全,2,透天厝,見其他登記事項,加強磚造,0690825,203.32,7,3,5,有,無,無,30000,148,,0.0,0,,RPXQMLTLKIJFFBH96CC
中壢區,建物,桃園市中壢區復興路31~60號,0.0,商,,,1031204,土地0建物1車位0,七層,12,辦公商業大樓,住家用,鋼筋混凝土造,0800206,134.23,3,0,4,有,有,無,13000,97,,0.0,0,,RPPRMLTLKIJFFBH88CC
桃園區,房地(土地+建物),桃園市桃園區陽明八街31~60號,79.75,住,,,1031220,土地1建物1車位0,全,2,透天厝,住家用,加強磚造,0670315,108.86,0,2,2,有,無,無,13500,124,,0.0,0,,RPQOMLTLKIJFFAH68DC
八德區,房地(土地+建物),桃園市八德區介壽路二段685巷50弄31~60號,21.51,,鄉村區,乙種建築用地,1031224,土地1建物1車位0,一層,4,公寓(5樓含以下無電梯),住家用,加強磚造,0700726,84.0,1,1,1,有,無,無,9500,113,,0.0,0,,RPVNMLTLKIJFFFH07EC
八德區,房地(土地+建物),桃園市八德區中山路121~150號,21.49,住,,,1031224,土地1建物1車位0,九層,14,住宅大樓(11層含以上有電梯),住家用,鋼筋混凝土造,1021115,122.81,3,2,2,有,有,有,14000,114,,0.0,0,,RPROMLTLKIJFFFH76EC
大園區,房地(土地+建物),桃園市大園區致成路45巷1~30號,106.63,住,,,1031207,土地1建物1車位0,全,5,透天厝,見其他登記事項,鋼筋混凝土造,0951120,377.54,7,2,4,有,有,無,25000,66,,0.0,0,,RPUNMLKMKIJFFEH48CC
蘆竹區,房地(土地+建物),桃園市蘆竹區奉化路121~150號,3.25,其他,,,1030910,土地1建物1車位0,十一層,16,住宅大樓(11層含以上有電梯),住家用,鋼筋混凝土造,0850528,38.0,4,2,2,有,無,有,17500,461,,0.0,0,,RPXOMLKMKIJFFEH88CC
蘆竹區,房地(土地+建物),桃園市蘆竹區奉化路121~150號,3.25,其他,,,1030910,土地1建物1車位0,十一層,16,住宅大樓(11層含以上有電梯),住家用,鋼筋混凝土造,0850528,38.0,4,2,2,有,無,有,17500,461,,0.0,0,,RPOPMLKMKIJFFEH08CC
蘆竹區,房地(土地+建物),桃園市蘆竹區南昌路1~30號,3.13,其他,,,1030830,土地1建物1車位0,十一層,15,住宅大樓(11層含以上有電梯),住家用,鋼筋混凝土造,0951124,27.0,2,1,1,有,無,有,17000,630,,0.0,0,,RPQPMLKMKIJFFEH28CC
平鎮區,建物,桃園市平鎮區復旦路二段211~240號,0.0,住,,,1031226,土地0建物0車位0,一層,4,店面(店鋪),住家用,鋼筋混凝土造,0791016,68.74,0,0,1,有,無,無,30000,436,,0.0,0,,RPVRMLLMKIJFFGH66CC
中壢區,房地(土地+建物),桃園市中壢區新生路三段819巷1~30號,63.01,住,,,1031227,土地1建物1車位0,全,2,透天厝,住家用,加強磚造,0640417,86.95,3,2,2,有,無,無,8000,92,,0.0,0,,RPXOMLLMKIJFFBH68CC
中壢區,建物,桃園市中壢區環中東路232巷1~30號,0.0,住,,,1031224,土地0建物1車位0,四層,14,住宅大樓(11層含以上有電梯),住家用,鋼筋混凝土造,0900402,123.83000000000001,3,2,2,有,有,有,13500,109,,0.0,0,,RPUWMLLMKIJFFBH56CC
中壢區,房地(土地+建物),桃園市中壢區復興路31~60號,30.0,住,,,1031001,土地1建物1車位0,三層,7,華廈(10層含以下有電梯),住家用,鋼筋混凝土造,0870805,119.16,0,0,0,無,無,無,25000,210,,0.0,0,,RPRVMLLMKIJFFBH98EC
龜山區,房地(土地+建物),桃園市龜山區復興北路61~90號,59.6,住,,,1040101,土地1建物1車位0,四層,5,公寓(5樓含以下無電梯),住家用,鋼筋混凝土造,0810430,109.97,5,2,2,有,無,有,38888,354,,0.0,0,,RPQNMLLJJHKFFAH37CC
桃園區,房地(土地+建物),桃園市桃園區民光東路61~90號,26.12,住,,,1031219,土地1建物1車位0,十五層,16,住宅大樓(11層含以上有電梯),住家用,鋼筋混凝土造,0840425,196.72,4,2,3,有,有,有,25000,127,,0.0,0,含管理費3596元,RPSNMLOJJHKFFAH87CC
中壢區,房地(土地+建物),桃園市中壢區興隆六街31~60號,87.0,商,,,1040000,土地1建物1車位0,全,2,透天厝,住家用,加強磚造,0661202,46.56,1,1,1,有,無,無,12000,258,,0.0,0,,RPURMLPJJHKFFBH78DC
中壢區,房地(土地+建物),桃園市中壢區興隆六街31~60號,87.0,住,,,1040000,土地1建物1車位0,全,2,透天厝,住家用,加強磚造,0661202,59.66,1,1,1,有,無,無,10000,168,,0.0,0,,RPPSMLPJJHKFFBH38DC
八德區,房地(土地+建物),桃園市八德區仁愛街8巷1~30號,23.37,住,,,1031205,土地1建物1車位0,二層,13,住宅大樓(11層含以上有電梯),國民住宅,鋼筋混凝土造,0881125,124.5,3,2,2,有,有,有,10500,84,,0.0,0,,RPTOMLPJJHKFFFH78DC
八德區,房地(土地+建物),桃園市八德區東勇街69巷1~30號,10.91,住,,,1031226,土地1建物1車位0,二層,13,住宅大樓(11層含以上有電梯),住家用,鋼筋混凝土造,0840119,113.2,3,2,2,有,有,有,16000,141,,0.0,0,,RPOPMLPJJHKFFFH38DC
大園區,土地,橫山段湳子小段481~510地號,132.0,商,,,1040105,土地2建物0車位0,全,,透天厝,,,,0.0,1,2,1,有,無,無,23000,174,,0.0,0,含未保存登記之建物,RPOOMLQJJHKFFEH38EC
八德區,房地(土地+建物),桃園市八德區介壽路二段1111~1140號,64.22,,鄉村區,乙種建築用地,1031117,土地1建物1車位0,全,2,透天厝,住家用,加強磚造,0620901,108.46,0,0,0,無,無,無,50000,461,,0.0,0,有民情風俗因素之交易。;含有增建部份,RPSRMLQJJHKFFFH56EC
八德區,房地(土地+建物),桃園市八德區開隆街61~90號,210.06,工,,,1031030,土地1建物1車位0,見其他登記事項,4,工廠,見其他登記事項,鋼筋混凝土造,0740320,320.66,0,0,0,無,無,無,50000,,,0.0,0,,RPTRMLQJJHKFFFH66EC
八德區,房地(土地+建物),桃園市八德區建國路86巷12弄1~30號,173.47,其他,,,1040104,土地1建物1車位0,全,2,透天厝,住家用,鋼筋混凝土造,0840818,128.75,3,3,3,有,無,有,15000,117,,0.0,0,,RPQOMLQJJHKFFFH48CC
平鎮區,房地(土地+建物)+車位,桃園市平鎮區中豐路202巷1~30號,15.27,住,,,1040101,土地1建物1車位1,八層,15,住宅大樓(11層含以上有電梯),住家用,鋼筋混凝土造,0860501,109.7,3,2,2,有,有,有,14500,132,坡道平面,41.18,0,,RPRNMLRJJHKFFGH68CC
中壢區,建物,桃園市中壢區後寮二路227巷1~30號,9.17,住,,,1031210,土地0建物1車位0,八層,2,住宅大樓(11層含以上有電梯),住家用,鋼筋混凝土造,0910516,51.46,2,1,1,有,有,有,13000,253,,0.0,0,,RPPQMLRJJHKFFBH28CC
中壢區,房地(土地+建物),桃園市中壢區後寮一路271~300號,60.16,住,,,1040101,土地1建物1車位0,全,4,透天厝,住商用,鋼筋混凝土造,0870109,199.04,6,2,4,有,無,有,20000,100,,0.0,0,,RPRQMLRJJHKFFBH48CC
桃園區,房地(土地+建物),桃園市桃園區同德六街158巷1~30號,6.76,住,,,1031130,土地1建物1車位0,七層,13,住宅大樓(11層含以上有電梯),住家用,鋼筋混凝土造,0850131,45.0,3,2,2,有,無,有,15000,333,,0.0,0,,RPPOMLRJJHKFFAH97CC
桃園區,房地(土地+建物)+車位,桃園市桃園區大連四街31~60號,26.3,住,,,1031226,土地1建物1車位1,五層,7,華廈(10層含以下有電梯),住家用,鋼筋混凝土造,0880510,150.65,3,2,2,有,有,無,14500,96,坡道平面,0.0,0,,RPXOMLSJJHKFFAH88CC
桃園區,房地(土地+建物),桃園市桃園區民有五街91~120號,13.7,住,,,1031224,土地1建物1車位0,十四層,14,住宅大樓(11層含以上有電梯),住家用,鋼筋混凝土造,0931231,124.53,3,2,2,有,有,有,19000,153,,0.0,0,,RPPPMLSJJHKFFAH18CC
桃園區,房地(土地+建物),桃園市桃園區大興西路一段323巷1~30號,8.07,住,,,1031222,土地1建物1車位0,十七層,17,住宅大樓(11層含以上有電梯),住家用,鋼筋混凝土造,0860701,74.59,2,1,1,有,有,有,13000,174,,0.0,0,,RPQPMLSJJHKFFAH28CC
桃園區,房地(土地+建物),桃園市桃園區中正五街241~270號,25.0,住,,,1031216,土地1建物1車位0,三層,4,公寓(5樓含以下無電梯),住家用,鋼筋混凝土造,0690317,76.68,3,1,1,有,無,有,10000,130,,0.0,0,,RPRPMLSJJHKFFAH38CC
桃園區,房地(土地+建物)+車位,桃園市桃園區中埔二街31~60號,17.13,住,,,1031215,土地1建物1車位1,六層,15,住宅大樓(11層含以上有電梯),住家用,鋼筋混凝土造,0940425,8559.16,4,2,2,有,有,無,20000,2,坡道平面,0.0,0,,RPTPMLSJJHKFFAH58CC
桃園區,房地(土地+建物),桃園市桃園區民富二街31~60號,16.17,住,,,1031211,土地1建物1車位0,七層,12,套房(1房1廳1衛),住家用,鋼筋混凝土造,0840520,104.33,1,0,0,無,有,有,5000,48,,0.0,0,,RPXPMLSJJHKFFAH98CC
桃園區,房地(土地+建物),桃園市桃園區民有六街1~30號,6.14,住,,,1031203,土地1建物1車位0,八層,17,套房(1房1廳1衛),住家用,鋼筋混凝土造,0850118,69.99000000000001,1,0,0,無,有,有,10000,143,,0.0,0,,RPOQMLSJJHKFFAH18CC
桃園區,房地(土地+建物)+車位,桃園市桃園區同安街391~420號,24.83,住,,,1031206,土地1建物1車位1,六層,9,華廈(10層含以下有電梯),住家用,鋼筋混凝土造,0900620,4246.09,4,2,2,有,有,有,24000,6,坡道平面,0.0,0,,RPPQMLSJJHKFFAH28CC
桃園區,建物,桃園市桃園區大業路一段211~240號,0.0,住,,,1031230,土地0建物1車位0,八層,13,住宅大樓(11層含以上有電梯),住家用,鋼筋混凝土造,0940302,108.74,3,2,2,有,有,有,12000,110,,0.0,0,,RPORMLSJJHKFFAH28CC
平鎮區,建物,桃園市平鎮區自強街90巷1~30號,0.0,住,,,1031218,土地0建物1車位0,全,2,透天厝,住家用,加強磚造,0640110,40.86,2,1,2,有,無,有,5000,122,,0.0,0,,RPTNMLSJJHKFFGH98CC
蘆竹區,建物,桃園市蘆竹區南崁路一段91~120號,0.0,工,,,1031222,土地0建物1車位1,六層,14,廠辦,工業用,鋼筋混凝土造,0820824,421.0,0,0,0,無,有,無,53000,126,坡道平面,0.0,0,,RPPQMLSJJHKFFEH68CC
桃園區,建物,桃園市桃園區同安街241~270號,103.19,住,,,1031125,土地0建物1車位0,一層,1,店面(店鋪),商業用,鋼筋混凝土造,0920904,108.86,0,0,0,無,無,有,38000,349,,0.0,0,,RPVOMLTJJHKFFAH78CC
桃園區,房地(土地+建物)+車位,桃園市桃園區永安路403巷1~30號,19.0,住,,,1031205,土地1建物1車位1,一層,9,華廈(10層含以下有電梯),住家用,鋼筋混凝土造,0890203,91.86,3,2,2,有,無,無,16500,180,坡道平面,17.0,0,,RPOPMLTJJHKFFAH18CC
中壢區,房地(土地+建物),桃園市中壢區九和一街1~30號,20.37,商,,,1031110,土地1建物1車位0,一層,22,店面(店鋪),見其他登記事項,鋼筋混凝土造,0900830,199.06,1,1,1,有,有,無,160000,804,,0.0,0,,RPTNMLTJJHKFFBH78EC
中壢區,房地(土地+建物),桃園市中壢區林森路1~30號,29.0,住,,,1040110,土地1建物1車位0,二層,5,公寓(5樓含以下無電梯),住家用,鋼筋混凝土造,0710226,107.58,3,2,2,有,無,無,10000,93,,0.0,0,,RPUNMLMKJHKFFBH18DC
桃園區,房地(土地+建物),桃園市桃園區復興路151~180號,65.0,商,,,1040107,土地2建物1車位0,全,2,透天厝,住商用,加強磚造,0461127,52.92,0,0,0,無,無,有,45000,850,,0.0,0,,RPTRMLMKJHKFFAH28CC
中壢區,建物,桃園市中壢區普義路121~150號,0.0,住,,,1031212,土地0建物1車位0,二層,7,華廈(10層含以下有電梯),住家用,鋼筋混凝土造,0891207,137.62,3,2,3,有,有,無,11000,80,,0.0,0,,RPQPMLMKJHKFFBH87CC
桃園區,房地(土地+建物)+車位,桃園市桃園區同德六街121~150號,28.33,住,,,1040106,土地1建物1車位1,四層,12,住宅大樓(11層含以上有電梯),住家用,鋼筋混凝土造,1000110,170.72,4,2,2,有,有,有,30000,176,坡道平面,33.76,0,,RPPOMLNKJHKFFAH77DC
桃園區,房地(土地+建物),桃園市桃園區文中路271~300號,100.96,住,,,1040110,土地1建物1車位0,全,4,透天厝,住商用,鋼筋混凝土造,0771109,41.26,0,0,1,有,無,無,25000,606,,0.0,0,,RPTPMLOKJHKFFAH38DC
中壢區,房地(土地+建物),桃園市中壢區環北路391~420號,18.59,住,,,1031217,土地1建物1車位0,十七層,22,辦公商業大樓,見其他登記事項,鋼筋混凝土造,0810527,226.06,2,1,0,有,有,無,25000,111,,0.0,0,,RPRNMLOKJHKFFBH08DC
八德區,房地(土地+建物)+車位,桃園市八德區豐德路361~390號,39.89,住,,,1040110,土地1建物1車位1,十一層,17,住宅大樓(11層含以上有電梯),住家用,鋼筋混凝土造,1020503,197.54,2,2,2,有,有,有,18000,91,坡道平面,35.86,0,,RPTNMLOKJHKFFFH68DC
蘆竹區,房地(土地+建物),桃園市蘆竹區吉林路31~60號,14.56,住,,,1040101,土地1建物1車位0,十四層,14,住宅大樓(11層含以上有電梯),住家用,鋼筋混凝土造,0921205,118.45,3,2,2,有,有,有,32000,270,,0.0,0,,RPTPMLOKJHKFFEH78DC
中壢區,建物,桃園市中壢區生明街1~30號,0.0,住,,,1031217,土地0建物1車位0,見使用執照,9,華廈(10層含以下有電梯),住商用,鋼筋混凝土造,0870902,121.11,0,0,0,無,有,無,14000,116,,0.0,0,,RPTNMLOKJHKFFBH18CC
桃園區,房地(土地+建物)+車位,桃園市桃園區龍泉一街1~30號,14.85,住,,,1031008,土地1建物1車位1,四層,14,住宅大樓(11層含以上有電梯),住家用,鋼筋混凝土造,1020610,129.9,2,2,1,有,有,有,20000,154,坡道平面,0.0,0,,RPUNMLPKJHKFFAH28CC
桃園區,房地(土地+建物),桃園市桃園區大有路721~750號,148.63,住,,,1040115,土地1建物1車位0,全,3,透天厝,見其他登記事項,鋼筋混凝土造,0760312,109.94,6,2,3,有,無,無,32000,291,,0.0,0,,RPWPMLPKJHKFFAH68CC
桃園區,房地(土地+建物),桃園市桃園區安慶街133巷1~30號,14.54,住,,,1040105,土地1建物1車位0,七層,13,住宅大樓(11層含以上有電梯),住家用,鋼筋混凝土造,0830411,109.42,3,2,2,有,有,有,10000,91,,0.0,0,,RPWQMLPKJHKFFAH78CC
桃園區,房地(土地+建物),桃園市桃園區安慶街133巷1~30號,14.54,住,,,1040114,土地1建物1車位0,九層,13,住宅大樓(11層含以上有電梯),住家用,鋼筋混凝土造,0830411,130.91,3,2,2,有,有,無,10000,76,,0.0,0,,RPXQMLPKJHKFFAH88CC
桃園區,建物,桃園市桃園區中正路61~90號,0.0,商,,,1040109,土地0建物1車位0,一層,4,店面(店鋪),住商用,鋼筋混凝土造,0641229,140.66,0,0,0,無,無,無,210000,1493,,0.0,0,,RPURMLPKJHKFFAH68CC
蘆竹區,房地(土地+建物),桃園市蘆竹區厚生路61~90號,4.65,工,,,1040110,土地1建物1車位0,十層,10,華廈(10層含以下有電梯),工業用,鋼筋混凝土造,0840518,32.53,3,2,2,有,有,無,10000,307,,0.0,0,,RPQOMLPKJHKFFEH48DC
蘆竹區,房地(土地+建物)+車位,桃園市蘆竹區中山路121~150號,17.63,住,,,1040106,土地1建物1車位1,十三層,14,住宅大樓(11層含以上有電梯),住家用,鋼筋混凝土造,0910725,171.47,3,2,2,有,有,有,20000,117,坡道平面,0.0,0,,RPROMLPKJHKFFEH58DC
龜山區,房地(土地+建物),桃園市龜山區南上路280巷1~30號,21.24,住,,,1031230,土地1建物1車位0,四層,8,華廈(10層含以下有電梯),見其他登記事項,鋼筋混凝土造,0820118,109.81,3,2,2,有,有,有,14000,127,,0.0,0,,RPORMLPKJHKFFAH18DC
桃園區,房地(土地+建物),桃園市桃園區國豐六街151~180號,67.14,住,,,1040110,土地1建物2車位0,全,5,透天厝,見其他登記事項,鋼筋混凝土造,0880208,236.70999999999998,5,3,4,有,有,無,20000,84,,0.0,0,,RPXRMLPKJHKFFAH09DC
中壢區,房地(土地+建物),桃園市中壢區福州二街31~60號,86.0,住,,,1040112,土地1建物1車位0,五層,6,華廈(10層含以下有電梯),住家用,鋼筋混凝土造,0840315,94.95,2,1,2,有,無,無,13000,137,,0.0,0,,RPQNMLPKJHKFFBH18EC
桃園區,房地(土地+建物),桃園市桃園區中正路1051~1080號,19.42,商,,,1030928,土地1建物1車位0,九層,20,辦公商業大樓,見其他登記事項,見其他登記事項,0810123,182.0,0,0,0,無,有,無,30000,165,,0.0,0,,RPXRMLPKJHKFFAH56EC
中壢區,房地(土地+建物),桃園市中壢區復興路31~60號,30.0,住,,,1030829,土地1建物1車位0,三層,7,華廈(10層含以下有電梯),住家用,鋼筋混凝土造,0870805,214.82999999999998,0,0,0,無,無,無,25000,116,,0.0,0,,RPSPMLQKJHKFFBH68EC
平鎮區,房地(土地+建物),桃園市平鎮區上海路151~180號,21.61,住,,,1030925,土地1建物1車位0,十二層,14,住宅大樓(11層含以上有電梯),住家用,鋼筋混凝土造,0951213,176.29000000000002,3,2,2,有,無,有,12000,68,,0.0,0,,RPVQMLQKJHKFFGH96EC
桃園區,房地(土地+建物),桃園市桃園區國際路一段1026巷1~30號,75.71,住,,,1040112,土地1建物1車位0,全,2,透天厝,住家用,加強磚造,0640424,92.82,0,0,0,無,無,無,19000,205,,0.0,0,,RPQOMLQKJHKFFAH08CC
龜山區,建物,桃園市龜山區萬壽路一段361~390號,0.0,住,,,1040106,土地0建物1車位0,八層,19,住宅大樓(11層含以上有電梯),住家用,鋼筋混凝土造,0840126,134.23,3,2,2,有,有,無,23000,171,,0.0,0,,RPSSMLQKJHKFFAH68CC
中壢區,建物,桃園市中壢區環北路541~570號,0.0,住,,,1031216,土地0建物1車位0,一層,7,辦公商業大樓,見其他登記事項,鋼筋混凝土造,0820805,602.09,0,0,0,無,無,無,150000,249,,0.0,0,,RPWNMLQKJHKFFBH68CC
蘆竹區,建物,桃園市蘆竹區中山路211~240號,0.0,住,,,1031230,土地0建物1車位0,十一層,12,住宅大樓(11層含以上有電梯),住家用,鋼筋混凝土造,1000511,112.12,2,2,1,有,有,有,9000,80,,0.0,0,,RPWOMLQKJHKFFEH09CC
平鎮區,建物,桃園市平鎮區漢口街121巷1~30號,0.0,住,,,1031218,土地0建物1車位0,全,3,透天厝,見其他登記事項,鋼筋混凝土造,0830930,189.35000000000002,3,2,3,有,無,無,13000,69,,0.0,0,,RPPOMLQKJHKFFGH58CC
平鎮區,建物,桃園市平鎮區漢口街121巷2弄1~30號,0.0,住,,,1031218,土地0建物1車位0,全,3,透天厝,見其他登記事項,鋼筋混凝土造,0830930,189.35000000000002,3,2,3,有,無,無,13000,69,,0.0,0,,RPQOMLQKJHKFFGH68CC
大園區,房地(土地+建物)+車位,桃園市大園區致祥一街91~120號,33.12,住,,,1040101,土地1建物1車位1,一層,12,店面(店鋪),見其他登記事項,鋼筋混凝土造,1020416,244.57,0,0,0,無,有,無,26000,106,坡道平面,45.04,0,,RPSNMLTKJHKFFEH88CC
中壢區,建物,桃園市中壢區中山路181~210號,0.0,商,,,1031226,土地0建物1車位0,全,3,透天厝,住商用,加強磚造,0540201,201.74,0,0,0,無,無,無,60000,297,,0.0,0,,RPXRMLTKJHKFFBH86CC
中壢區,建物,桃園市中壢區中山路181~210號,0.0,商,,,1031226,土地0建物1車位0,全,3,透天厝,商業用,加強磚造,,120.83,0,0,0,無,無,無,60000,497,,0.0,0,,RPOSMLTKJHKFFBH68CC
中壢區,建物,桃園市中壢區南園二路296巷21弄31~60號,0.0,住,,,1040116,土地0建物1車位0,四層,15,住宅大樓(11層含以上有電梯),見其他登記事項,鋼筋混凝土造,1020605,98.7,2,2,2,有,有,無,19000,193,,0.0,0,,RPQSMLTKJHKFFBH88CC
桃園區,建物,桃園市桃園區大華二街1~30號,0.0,住,,,1040106,土地0建物1車位1,三層,7,辦公商業大樓,見其他登記事項,鋼筋混凝土造,0850130,260.36,0,0,0,無,有,無,16000,61,坡道平面,0.0,0,,RPTQMLTKJHKFFAH88CC
大園區,房地(土地+建物)+車位,桃園市大園區果林村9鄰崁下31~60號,48.14,住,,,1040115,土地1建物1車位1,三層,5,公寓(5樓含以下無電梯),住家用,鋼筋混凝土造,0821222,140.88,3,2,2,有,無,有,11000,78,坡道平面,0.0,0,,RPVNMLTKJHKFFEH66DC
八德區,房地(土地+建物),桃園市八德區福國北街61~90號,20.04,住,,,1031231,土地1建物1車位0,三層,8,華廈(10層含以下有電梯),住家用,鋼筋混凝土造,0810427,92.69,3,2,2,有,有,無,10500,113,,0.0,0,,RPTNMLKLJHKFFFH38DC
龜山區,房地(土地+建物),桃園市龜山區民安街1~30號,79.4,住,,,1031229,土地1建物1車位0,全,2,透天厝,住家用,加強磚造,0660906,126.53,3,2,2,有,無,有,17000,134,,0.0,0,,RPPPMLKLJHKFFAH67DC
中壢區,建物,桃園市中壢區吉林路91~120號,63.0,,鄉村區,乙種建築用地,1040114,土地0建物1車位0,全,2,透天厝,住家用,加強磚造,0620201,79.06,3,1,1,有,無,無,18000,228,,0.0,0,,RPQNMLKLJHKFFBH67DC
中壢區,房地(土地+建物),桃園市中壢區榮安一街211~240號,24.72,住,,,1040115,土地1建物1車位0,一層,8,店面(店鋪),商業用,鋼筋混凝土造,0890529,104.25,0,0,0,無,有,無,23000,221,,0.0,0,,RPROMLKLJHKFFBH87DC
大園區,房地(土地+建物)+車位,桃園市大園區領航北路四段361~390號,33.7,住,,,1031006,土地1建物1車位1,六層,10,華廈(10層含以下有電梯),住家用,鋼筋混凝土造,0970401,185.22,3,2,2,有,有,有,15000,81,坡道平面,0.0,0,,RPPNMLKLJHKFFEH97EC
桃園區,房地(土地+建物)+車位,桃園市桃園區大業路一段421~450號,58.97,住,,,1040111,土地1建物1車位1,一層,12,店面(店鋪),住商用,鋼筋混凝土造,0960501,335.84,0,0,0,無,無,有,62000,185,坡道平面,79.1,0,,RPRPMLKLJHKFFAH77CC
八德區,房地(土地+建物)+車位,桃園市八德區豐德路361~390號,48.03,住,,,1031224,土地1建物1車位1,五層,15,住宅大樓(11層含以上有電梯),住家用,鋼筋混凝土造,1020503,225.14,4,2,2,有,有,無,20000,89,坡道平面,35.86,0,,RPUNMLKLJHKFFFH38CC
蘆竹區,房地(土地+建物),桃園市蘆竹區大興十一街61~90號,84.0,商,,,1040121,土地1建物1車位0,全,5,透天厝,見其他登記事項,鋼筋混凝土造,0951106,185.14,4,3,3,有,無,有,20000,108,,0.0,0,,RPUNMLLLJHKFFEH38CC
蘆竹區,房地(土地+建物),桃園市蘆竹區長榮路1~30號,1078.76,工,,,1040108,土地1建物1車位0,見其他登記事項,1,工廠,見其他登記事項,見其他登記事項,0981109,502.74,0,0,0,無,無,無,120000,,,0.0,0,,RPSOMLLLJHKFFEH28CC
中壢區,建物,桃園市中壢區自強一路31~60號,4662.0,住,,,1040120,土地0建物1車位0,九層,9,華廈(10層含以下有電梯),住家用,鋼筋混凝土造,0930915,61.55,3,2,2,有,無,有,13070,212,,0.0,0,,RPQNMLLLJHKFFBH67CC
桃園區,房地(土地+建物),桃園市桃園區宏昌十二街151~180號,5.2,住,,,00001,土地1建物1車位0,一層,6,華廈(10層含以下有電梯),住家用,鋼筋混凝土造,0821224,75.1,2,2,1,有,有,無,11000,146,,0.0,0,,RPWNMLLLJHKFFAH18CC
平鎮區,建物,桃園市平鎮區南豐路198巷31~60號,0.0,,,,1040119,土地0建物0車位0,全,4,透天厝,見其他登記事項,鋼筋混凝土造,1010524,26.45,7,0,7,有,無,有,8000,302,,0.0,0,,RPRNMLLLJHKFFGH38DC
中壢區,房地(土地+建物),桃園市中壢區九和五街1~30號,10.62,住,,,1031228,土地1建物1車位0,一層,15,住宅大樓(11層含以上有電梯),見其他登記事項,鋼筋混凝土造,0880917,80.35,0,0,0,無,有,無,32500,404,,0.0,0,,RPSNMLMLJHKFFBH08DC
中壢區,房地(土地+建物),桃園市中壢區九和五街1~30號,8.86,住,,,1031228,土地1建物1車位0,一層,15,住宅大樓(11層含以上有電梯),見其他登記事項,鋼筋混凝土造,0880917,67.77,0,0,0,無,有,無,32500,480,,0.0,0,,RPOOMLMLJHKFFBH77DC
桃園區,房地(土地+建物),桃園市桃園區上海路121~150號,15.15,住,,,1040111,土地1建物1車位0,四層,12,住宅大樓(11層含以上有電梯),住家用,鋼筋混凝土造,0920414,94.74,3,2,1,有,有,有,11000,116,,0.0,0,,RPORMLMLJHKFFAH97DC
桃園區,房地(土地+建物),桃園市桃園區博愛路151~180號,5.75,住,,,1040117,土地1建物1車位0,八層,13,住宅大樓(11層含以上有電梯),住家用,鋼筋混凝土造,1030225,58.42,2,1,1,有,有,有,23800,407,,0.0,0,,RPRQMLMLJHKFFAH08CC
中壢區,房地(土地+建物),桃園市中壢區富村街31~60號,9.03,商,,,1040112,土地1建物1車位0,一層,14,住宅大樓(11層含以上有電梯),商業用,鋼筋混凝土造,0870513,77.38,1,1,1,有,有,無,20000,258,,0.0,0,,RPVQMLMLJHKFFBH58CC
中壢區,房地(土地+建物),桃園市中壢區榮安十三236巷1~30號,17.59,住,,,1040116,土地1建物1車位0,三層,9,華廈(10層含以下有電梯),住家用,鋼筋混凝土造,0900301,95.25999999999999,3,2,2,有,有,有,9000,94,,0.0,0,,RPWQMLMLJHKFFBH68CC
桃園區,房地(土地+建物),桃園市桃園區泰昌七街61~90號,11.1,住,,,1040118,土地1建物1車位0,一層,11,住宅大樓(11層含以上有電梯),見其他登記事項,鋼筋混凝土造,0951116,79.47,1,1,1,有,有,有,22500,283,,0.0,0,,RPTPMLNLJHKFFAH28CC
桃園區,建物,桃園市桃園區民富九街31~60號,0.0,住,,,1040112,土地0建物1車位1,見其他登記事項,12,店面(店鋪),見其他登記事項,鋼筋混凝土造,0961019,130.56,0,0,0,無,有,無,27000,207,坡道平面,0.0,0,,RPQSMLNLJHKFFAH28CC
桃園區,房地(土地+建物),桃園市桃園區大有路181~210號,11.81,住,,,1040126,土地1建物1車位0,三層,16,住宅大樓(11層含以上有電梯),見其他登記事項,鋼筋混凝土造,0830602,127.11,1,1,1,有,有,無,5500,43,,0.0,0,,RPQNMLQLJHKFFAH08CC
龜山區,房地(土地+建物),桃園市龜山區優美街54巷1~30號,39.29,,鄉村區,乙種建築用地,1040124,土地1建物1車位0,二層,7,華廈(10層含以下有電梯),住家用,鋼筋混凝土造,0821001,111.47,3,2,2,有,無,有,8000,72,,0.0,0,,RPPQMLQLJHKFFAH28CC
蘆竹區,建物,桃園市蘆竹區龍壽街一段61~90號,0.0,工,,,1040106,土地0建物1車位0,四層,7,廠辦,工業用,鋼筋混凝土造,0820521,130.27,0,0,0,無,有,無,12000,92,,0.0,0,含管理費。,RPPOMLQLJHKFFEH48CC
蘆竹區,房地(土地+建物),桃園市蘆竹區南竹路五段151~180號,55.6,住,,,1040102,土地1建物1車位0,見其他登記事項,3,店面(店鋪),見其他登記事項,鋼筋混凝土造,0780403,145.52,3,2,3,有,無,無,20000,137,,0.0,0,,RPXOMLQLJHKFFEH66CC
桃園區,房地(土地+建物),桃園市桃園區樹仁三街15巷1~30號,20.59,住,,,1040101,土地1建物1車位0,五層,14,住宅大樓(11層含以上有電梯),住家用,鋼筋混凝土造,1030110,154.39,3,2,2,有,有,無,16000,104,,0.0,0,,RPXNMLQLJHKFFAH88DC
桃園區,建物,桃園市桃園區莊敬路一段331~360號,17.94,其他,,,1040108,土地0建物1車位0,八層,14,住宅大樓(11層含以上有電梯),住家用,鋼筋混凝土造,0900223,69.81,1,1,1,有,有,有,12000,172,,0.0,0,,RPWOMLQLJHKFFAH88DC
桃園區,房地(土地+建物),桃園市桃園區大興西路二段181~210號,6.42,住,,,1040111,土地1建物1車位0,十二層,14,住宅大樓(11層含以上有電梯),住家用,鋼筋混凝土造,0921114,61.69,1,1,1,有,有,有,11500,186,,0.0,0,,RPSOMLRLJHKFFAH58DC
中壢區,房地(土地+建物),桃園市中壢區榮民路165巷1~30號,135.0,住,,,1031230,土地2建物1車位0,全,2,透天厝,住家用,加強磚造,0761128,189.28,3,2,2,有,無,無,21000,111,,0.0,0,,RPVWMLRLJHKFFBH17DC
桃園區,房地(土地+建物),桃園市桃園區安慶街133巷1~30號,10.83,住,,,1040127,土地1建物1車位0,九層,16,住宅大樓(11層含以上有電梯),住家用,鋼筋混凝土造,0830411,92.18,3,2,2,有,有,有,11000,119,,0.0,0,,RPROMLSLJHKFFAH48CC
楊梅區,房地(土地+建物),桃園市楊梅區民生街65巷1~30號,309.07,住,,,1040128,土地1建物1車位0,全,3,透天厝,見其他登記事項,鋼筋混凝土造,1000720,172.8,4,2,4,有,無,有,20000,116,,0.0,0,,RPOOMLTLJHKFFDH68DC
蘆竹區,房地(土地+建物),桃園市蘆竹區中正路271~300號,7142.03,住,,,1040112,土地1建物1車位0,十五層,15,住宅大樓(11層含以上有電梯),住家用,鋼筋混凝土造,0910523,117.83999999999999,3,2,1,有,有,有,18000,153,,0.0,0,,RPTNMLTLJHKFFEH56DC
大園區,房地(土地+建物)+車位,桃園市大園區致祥一街91~120號,51.19,住,,,1030512,土地1建物1車位1,六層,12,住宅大樓(11層含以上有電梯),住家用,鋼筋混凝土造,1020416,291.36,4,2,2,有,有,有,30000,103,坡道平面,0.0,0,,RPROMLTLJHKFFEH56EC
大園區,房地(土地+建物),桃園市大園區領航北路四段361~390號,24.98,住,,,1031130,土地1建物1車位0,八層,10,華廈(10層含以下有電梯),住家用,鋼筋混凝土造,0970401,114.63,3,2,2,有,無,有,13000,113,,0.0,0,,RPSOMLTLJHKFFEH66EC
龍潭區,房地(土地+建物),桃園市龍潭區梅龍路一段78巷31~60號,82.0,,鄉村區,乙種建築用地,1040124,土地1建物1車位0,全,2,透天厝,住家用,加強磚造,0701128,82.5,2,2,2,有,無,無,7500,91,,0.0,0,,RPSOMLKMJHKFFCH08CC
蘆竹區,房地(土地+建物),桃園市蘆竹區南順六街31~60號,7.68,住,,,1040114,土地1建物1車位0,八層,12,住宅大樓(11層含以上有電梯),住家用,鋼筋混凝土造,0900801,25.33,1,1,1,有,有,有,15000,592,,0.0,0,,RPUNMLKMJHKFFEH48DC
楊梅區,房地(土地+建物)+車位,桃園市楊梅區新農街331~360號,19.61,住,,,1040128,土地1建物1車位1,八層,8,華廈(10層含以下有電梯),住家用,鋼筋混凝土造,0860911,99.02,3,2,2,有,無,有,10000,101,坡道平面,42.16,0,,RPTNMLKMJHKFFDH28DC
八德區,建物,桃園市八德區金和路31~60號,0.0,住,,,1040126,土地0建物1車位0,三層,15,住宅大樓(11層含以上有電梯),住家用,鋼筋混凝土造,0960815,92.41,2,2,1,有,有,有,13000,141,,0.0,0,,RPPQMLKMJHKFFFH28CC
中壢區,建物,桃園市中壢區中央西路一段91~120號,0.0,商,,,1031231,土地0建物1車位0,一層,2,店面(店鋪),住家用,加強磚造,0470705,134.77,0,0,0,無,無,無,79545,590,,0.0,0,,RPTPMLKMJHKFFBH18CC
