﻿編號,土地區段位置,土地移轉面積平方公尺,使用分區或編定
The serial number,land sector position,land shifting area square meter,the use zoning or compiles and checks
RPRNMLQJJIJFFGH48CB,廣北段,9.71,都市：商
RPXNMLQJJIJFFGH09CB,廣北段,9.71,都市：商
RPWPMLQJJIJFFGH56CB,廣北段,5.83,都市：商
RPROMLQJJIJFFGH58CB,廣北段,9.71,都市：商
RPRPMLQJJIJFFGH68CB,廣北段,9.71,都市：商
RPUOMLQJJIJFFGH88CB,廣北段,9.71,都市：商
RPUPMLQJJIJFFGH98CB,廣北段,5.83,都市：商
RPQOMLQJJIJFFGH48CB,廣北段,9.71,都市：商
RPSOMLQJJIJFFGH68CB,廣北段,9.71,都市：商
RPVOMLQJJIJFFGH98CB,廣北段,9.71,都市：商
RPSPMLQJJIJFFGH78CB,廣北段,9.71,都市：商
RPTOMLQJJIJFFGH78CB,廣北段,9.71,都市：商
RPWQMLQJJIJFFGH66CB,廣北段,5.83,都市：商
RPOQMLQJJIJFFGH48CB,廣北段,5.83,都市：商
RPXPMLQJJIJFFGH66CB,廣北段,5.83,都市：商
RPPQMLQJJIJFFGH58CB,廣北段,5.83,都市：商
RPORMLQJJIJFFGH58CB,廣北段,5.83,都市：商
RPXQMLQJJIJFFGH76CB,廣北段,5.83,都市：商
RPPRMLQJJIJFFGH68CB,廣北段,5.83,都市：商
RPOSMLQJJIJFFGH68CB,廣北段,5.83,都市：商
RPWRMLQJJIJFFGH76CB,廣北段,5.83,都市：商
RPVQMLQJJIJFFGH56CB,廣北段,5.83,都市：商
RPQRMLQJJIJFFGH78CB,廣北段,5.83,都市：商
RPQSMLQJJIJFFGH88CB,廣北段,5.83,都市：商
RPRSMLQJJIJFFGH98CB,廣北段,7.12,都市：商
RPTRMLQJJIJFFGH09CB,廣北段,5.83,都市：商
RPVSMLQJJIJFFGH76CB,廣北段,7.12,都市：商
RPTNMLRJJIJFFGH78CB,廣北段,7.12,都市：商
RPPTMLQJJIJFFGH88CB,廣北段,6.80,都市：商
RPQTMLQJJIJFFGH98CB,廣北段,7.12,都市：商
RPXNMLRJJIJFFGH56CB,廣北段,7.12,都市：商
RPROMLRJJIJFFGH68CB,廣北段,7.12,都市：商
RPQOMLRJJIJFFGH58CB,廣北段,7.12,都市：商
RPRNMLRJJIJFFGH58CB,廣北段,7.12,都市：商
RPTOMLRJJIJFFGH88CB,廣北段,7.12,都市：商
RPSTMLQJJIJFFGH56CB,廣北段,7.12,都市：商
RPPPMLRJJIJFFGH58CB,廣北段,6.48,都市：商
RPXOMLRJJIJFFGH66CB,廣北段,6.80,都市：商
RPUOMLRJJIJFFGH98CB,廣北段,6.80,都市：商
RPTQMLRJJIJFFGH09CB,廣北段,6.80,都市：商
RPRPMLRJJIJFFGH78CB,廣北段,6.48,都市：商
RPTPMLRJJIJFFGH98CB,廣北段,6.80,都市：商
RPXPMLRJJIJFFGH76CB,廣北段,6.80,都市：商
RPUPMLRJJIJFFGH09CB,廣北段,6.48,都市：商
RPWQMLRJJIJFFGH76CB,廣北段,6.80,都市：商
RPWPMLRJJIJFFGH66CB,廣北段,6.80,都市：商
RPOQMLRJJIJFFGH58CB,廣北段,6.80,都市：商
RPORMLRJJIJFFGH68CB,廣北段,6.48,都市：商
RPURMLRJJIJFFGH66CB,廣北段,8.42,都市：商
RPXRMLRJJIJFFGH96CB,廣北段,8.42,都市：商
RPOTMLRJJIJFFGH88CB,廣北段,8.74,都市：商
RPPSMLRJJIJFFGH88CB,廣北段,8.42,都市：商
RPSSMLRJJIJFFGH56CB,廣北段,8.42,都市：商
RPWSMLRJJIJFFGH96CB,廣北段,8.74,都市：商
RPUSMLRJJIJFFGH76CB,廣北段,8.42,都市：商
RPXTMLRJJIJFFGH17CB,廣北段,8.42,都市：商
RPTTMLRJJIJFFGH76CB,廣北段,8.42,都市：商
RPRWMLRJJIJFFGH86CB,廣北段,8.42,都市：商
RPSUMLRJJIJFFGH76CB,廣北段,8.42,都市：商
RPWWMLRJJIJFFGH37CB,廣北段,7.77,都市：商
RPPONLRJJIJFFGH58CB,廣北段,7.77,都市：商
RPUWMLRJJIJFFGH17CB,廣北段,8.42,都市：商
RPWONLRJJIJFFGH66CB,廣北段,9.71,都市：商
RPPPNLRJJIJFFGH68CB,廣北段,7.77,都市：商
RPSONLRJJIJFFGH88CB,廣北段,8.09,都市：商
RPOPNLRJJIJFFGH58CB,廣北段,9.71,都市：商
RPROMLKKJIJFFGH08CB,廣北段,7.77,都市：商
RPPOMLKKJIJFFGH87CB,廣北段,7.77,都市：商
RPQPMLKKJIJFFGH08CB,廣北段,7.45,都市：商
RPSOMLKKJIJFFGH18CB,廣北段,8.09,都市：商
RPUOMLKKJIJFFGH38CB,廣北段,7.77,都市：商
RPUPMLKKJIJFFGH48CB,廣北段,9.71,都市：商
RPVPMLKKJIJFFGH58CB,廣北段,8.09,都市：商
RPTQMLKKJIJFFGH48CB,廣北段,9.71,都市：商
RPPQMLKKJIJFFGH08CB,廣北段,9.71,都市：商
RPOQMLKKJIJFFGH97CB,廣北段,8.09,都市：商
RPXPMLKKJIJFFGH78CB,廣北段,8.09,都市：商
RPXVMLRJJIJFFGH37CB,廣北段,8.42,都市：商
RPQVMLRJJIJFFGH66CB,廣北段,8.42,都市：商
RPPWMLRJJIJFFGH66CB,廣北段,8.42,都市：商
RPVUMLRJJIJFFGH07CB,廣北段,8.42,都市：商
RPQRMLKKJIJFFGH28CB,廣北段,9.71,都市：商
RPVQMLKKJIJFFGH68CB,廣北段,9.71,都市：商
RPXQMLKKJIJFFGH88CB,廣北段,9.71,都市：商
RPVRMLKKJIJFFGH78CB,廣北段,9.71,都市：商
RPSRMLKKJIJFFGH48CB,廣北段,9.71,都市：商
RPSNMLLKJIJFFGH18CB,廣北段,9.71,都市：商
RPQNMLLKJIJFFGH97CB,廣北段,9.71,都市：商
RPTOMLLKJIJFFGH38CB,廣北段,11.66,都市：商
RPUNMLLKJIJFFGH38CB,廣北段,9.71,都市：商
RPOOMLLKJIJFFGH87CB,廣北段,11.66,都市：商
RPVNMLLKJIJFFGH48CB,廣北段,11.66,都市：商
RPXNMLLKJIJFFGH68CB,廣北段,11.66,都市：商
RPQOMLLKJIJFFGH08CB,廣北段,11.66,都市：商
RPUOMLLKJIJFFGH48CB,廣北段,11.66,都市：商
RPWOMLLKJIJFFGH68CB,廣北段,11.66,都市：商
RPXOMLLKJIJFFGH78CB,廣北段,11.66,都市：商
RPPQMLLKJIJFFGH18CB,廣北段,11.66,都市：商
RPVOMLLKJIJFFGH58CB,廣北段,11.66,都市：商
RPVPMLLKJIJFFGH68CB,廣北段,11.66,都市：商
RPWPMLLKJIJFFGH78CB,廣北段,11.66,都市：商
RPOPMLLKJIJFFGH97CB,廣北段,11.66,都市：商
RPUPMLLKJIJFFGH58CB,廣北段,11.66,都市：商
RPWQMLLKJIJFFGH88CB,廣北段,11.66,都市：商
RPPNMLNKJIJFFGH08CB,廣北段,11.66,都市：商
RPUQMLLKJIJFFGH68CB,廣北段,11.66,都市：商
RPQNMLNKJIJFFGH18CB,廣北段,11.33,都市：商
RPRNMLNKJIJFFGH28CB,廣北段,11.33,都市：商
RPVNMLNKJIJFFGH68CB,廣北段,9.39,都市：商
RPWNMLNKJIJFFGH78CB,廣北段,9.39,都市：商
RPROMLNKJIJFFGH38CB,廣北段,9.39,都市：商
RPOOMLNKJIJFFGH08CB,廣北段,9.39,都市：商
RPXNMLNKJIJFFGH88CB,廣北段,9.39,都市：商
RPXPMLNKJIJFFGH09CB,廣北段,13.60,都市：商
RPVPMLNKJIJFFGH88CB,廣北段,9.07,都市：商
RPTPMLNKJIJFFGH68CB,廣北段,9.39,都市：商
RPRPMLNKJIJFFGH48CB,廣北段,9.39,都市：商
RPUOMLNKJIJFFGH68CB,廣北段,9.39,都市：商
RPTOMLNKJIJFFGH58CB,廣北段,9.39,都市：商
RPSOMLNKJIJFFGH48CB,廣北段,9.39,都市：商
RPUPMLNKJIJFFGH78CB,廣北段,9.07,都市：商
RPOQMLNKJIJFFGH28CB,廣北段,13.60,都市：商
RPORMLNKJIJFFGH38CB,廣北段,13.60,都市：商
RPWQMLNKJIJFFGH09CB,廣北段,13.60,都市：商
RPRRMLNKJIJFFGH68CB,廣北段,12.63,都市：商
RPQQMLNKJIJFFGH48CB,廣北段,13.60,都市：商
RPVRMLNKJIJFFGH09CB,廣北段,12.63,都市：商
RPOSMLNKJIJFFGH48CB,廣北段,12.63,都市：商
RPRQMLNKJIJFFGH58CB,廣北段,13.60,都市：商
RPURMLNKJIJFFGH98CB,廣北段,12.63,都市：商
RPPSMLNKJIJFFGH58CB,廣北段,12.30,都市：商
RPVSMLNKJIJFFGH56CB,廣北段,7.77,都市：商
RPXSMLNKJIJFFGH76CB,廣北段,7.12,都市：商
RPWSMLNKJIJFFGH66CB,廣北段,7.77,都市：商
RPTSMLNKJIJFFGH98CB,廣北段,7.12,都市：商
RPUSMLNKJIJFFGH09CB,廣北段,7.12,都市：商
RPOTMLNKJIJFFGH58CB,廣北段,7.77,都市：商
RPRTMLNKJIJFFGH88CB,廣北段,9.71,都市：商
RPQTMLNKJIJFFGH78CB,廣北段,9.71,都市：商
RPTTMLNKJIJFFGH09CB,廣北段,9.71,都市：商
RPPUMLNKJIJFFGH78CB,廣北段,9.71,都市：商
RPUTMLNKJIJFFGH56CB,廣北段,9.71,都市：商
RPVTMLNKJIJFFGH66CB,廣北段,9.71,都市：商
RPXTMLNKJIJFFGH86CB,廣北段,9.71,都市：商
RPQUMLNKJIJFFGH88CB,廣北段,9.71,都市：商
RPWTMLNKJIJFFGH76CB,廣北段,9.71,都市：商
RPOUMLNKJIJFFGH68CB,廣北段,9.71,都市：商
RPSUMLNKJIJFFGH09CB,廣北段,9.71,都市：商
RPRUMLNKJIJFFGH98CB,廣北段,9.71,都市：商
RPTUMLNKJIJFFGH56CB,廣北段,9.71,都市：商
RPWUMLNKJIJFFGH86CB,廣北段,9.71,都市：商
RPQVMLNKJIJFFGH98CB,廣北段,9.71,都市：商
RPRVMLNKJIJFFGH09CB,廣北段,9.71,都市：商
RPSVMLNKJIJFFGH56CB,廣北段,5.83,都市：商
RPXUMLNKJIJFFGH96CB,廣北段,9.71,都市：商
RPTVMLNKJIJFFGH66CB,廣北段,5.83,都市：商
RPVVMLNKJIJFFGH86CB,廣北段,5.83,都市：商
RPUVMLNKJIJFFGH76CB,廣北段,5.83,都市：商
RPPVMLNKJIJFFGH88CB,廣北段,9.71,都市：商
RPOPMLSKJIJFFGH68CB,金鍊段,.71,都市：住
RPPPMLSKJIJFFGH78CB,金鍊段,.71,都市：住
RPXVMLNKJIJFFGH07CB,廣北段,5.83,都市：商
RPQPMLSKJIJFFGH88CB,金鍊段,.71,都市：住
RPRPMLSKJIJFFGH98CB,金鍊段,.71,都市：住
RPWVMLNKJIJFFGH96CB,廣北段,5.83,都市：商
RPUQMLSKJIJFFGH76CB,廣北段,7.12,都市：商
RPTPMLSKJIJFFGH56CB,廣北段,7.12,都市：商
RPXOMLTKJIJFFGH96CB,廣北段,13.60,都市：商
RPOPMLTKJIJFFGH78CB,廣北段,13.60,都市：商
RPUOMLTKJIJFFGH66CB,廣北段,9.39,都市：商
RPPPMLTKJIJFFGH88CB,廣北段,13.60,都市：商
RPRPMLTKJIJFFGH09CB,廣北段,12.30,都市：商
RPSPMLTKJIJFFGH56CB,廣北段,12.30,都市：商
RPQOMLTKJIJFFGH88CB,廣北段,11.33,都市：商
RPTPMLTKJIJFFGH66CB,廣北段,12.30,都市：商
RPVOMLTKJIJFFGH76CB,廣北段,13.60,都市：商
RPSOMLTKJIJFFGH09CB,廣北段,9.39,都市：商
RPVPMLTKJIJFFGH86CB,廣北段,9.71,都市：商
RPXPMLTKJIJFFGH07CB,廣北段,9.71,都市：商
RPUPMLTKJIJFFGH76CB,廣北段,9.71,都市：商
RPWPMLTKJIJFFGH96CB,廣北段,9.71,都市：商
RPWOMLTKJIJFFGH86CB,廣北段,13.92,都市：商
RPTQMLTKJIJFFGH76CB,廣北段,8.42,都市：商
RPSQMLTKJIJFFGH66CB,廣北段,8.09,都市：商
RPOQMLTKJIJFFGH88CB,廣北段,8.42,都市：商
RPRQMLTKJIJFFGH56CB,廣北段,8.09,都市：商
RPQQMLTKJIJFFGH09CB,廣北段,8.42,都市：商
RPOOMLKLJIJFFGH87CB,廣北段,7.77,都市：商
RPROMLKLJIJFFGH18CB,廣北段,7.12,都市：商
RPQOMLKLJIJFFGH08CB,廣北段,7.12,都市：商
RPXNMLKLJIJFFGH68CB,廣北段,7.77,都市：商
RPTOMLKLJIJFFGH38CB,廣北段,9.71,都市：商
RPPOMLKLJIJFFGH97CB,廣北段,9.71,都市：商
RPWOMLKLJIJFFGH68CB,廣北段,9.71,都市：商
RPUOMLKLJIJFFGH48CB,廣北段,9.71,都市：商
RPVOMLKLJIJFFGH58CB,廣北段,9.71,都市：商
RPXOMLKLJIJFFGH78CB,廣北段,9.71,都市：商
RPOPMLKLJIJFFGH97CB,廣北段,11.66,都市：商
RPRPMLKLJIJFFGH28CB,廣北段,11.66,都市：商
RPTPMLKLJIJFFGH48CB,廣北段,11.66,都市：商
RPQPMLKLJIJFFGH18CB,廣北段,11.66,都市：商
RPUPMLKLJIJFFGH58CB,廣北段,9.71,都市：商
RPVPMLKLJIJFFGH68CB,廣北段,9.71,都市：商
RPPPMLKLJIJFFGH08CB,廣北段,11.66,都市：商
RPSPMLKLJIJFFGH38CB,廣北段,11.66,都市：商
RPWPMLKLJIJFFGH78CB,廣北段,9.71,都市：商
RPVRMLKLJIJFFAH28CB,桃鶯段,21.80,都市：住
RPSRMLKLJIJFFAH97CB,桃鶯段,21.40,都市：住
RPPRMLKLJIJFFAH67CB,桃鶯段,21.40,都市：住
RPURMLKLJIJFFAH18CB,桃鶯段,21.40,都市：住
RPTRMLKLJIJFFAH08CB,桃鶯段,21.40,都市：住
RPOSMLKLJIJFFAH67CB,桃鶯段,21.40,都市：住
RPXRMLKLJIJFFAH48CB,桃鶯段,22.21,都市：住
RPPSMLKLJIJFFAH77CB,桃鶯段,21.40,都市：住
RPWSMLKLJIJFFAH48CB,桃鶯段,14.53,都市：住
RPQSMLKLJIJFFAH87CB,桃鶯段,21.40,都市：住
RPWRMLKLJIJFFAH38CB,桃鶯段,21.40,都市：住
RPRSMLKLJIJFFAH97CB,桃鶯段,21.40,都市：住
RPXSMLKLJIJFFAH58CB,桃鶯段,14.13,都市：住
RPVSMLKLJIJFFAH38CB,桃鶯段,14.13,都市：住
RPPTMLKLJIJFFAH87CB,桃鶯段,14.13,都市：住
RPUTMLKLJIJFFAH38CB,桃鶯段,14.13,都市：住
RPRTMLKLJIJFFAH08CB,桃鶯段,14.53,都市：住
RPOTMLKLJIJFFAH77CB,桃鶯段,14.13,都市：住
RPTTMLKLJIJFFAH28CB,桃鶯段,14.13,都市：住
RPWTMLKLJIJFFAH58CB,桃鶯段,14.13,都市：住
RPPUMLKLJIJFFAH97CB,桃鶯段,21.40,都市：住
RPQUMLKLJIJFFAH08CB,桃鶯段,21.40,都市：住
RPRUMLKLJIJFFAH18CB,桃鶯段,21.40,都市：住
RPXTMLKLJIJFFAH68CB,桃鶯段,21.40,都市：住
RPSUMLKLJIJFFAH28CB,桃鶯段,21.40,都市：住
RPVTMLKLJIJFFAH48CB,桃鶯段,14.13,都市：住
RPTUMLKLJIJFFAH38CB,桃鶯段,21.40,都市：住
RPOUMLKLJIJFFAH87CB,桃鶯段,21.40,都市：住
RPWUMLKLJIJFFAH68CB,桃鶯段,14.94,都市：住
RPVUMLKLJIJFFAH58CB,桃鶯段,21.40,都市：住
RPUUMLKLJIJFFAH48CB,桃鶯段,21.40,都市：住
RPXUMLKLJIJFFAH78CB,桃鶯段,14.94,都市：住
RPQVMLKLJIJFFAH18CB,桃鶯段,15.34,都市：住
RPRVMLKLJIJFFAH28CB,桃鶯段,15.34,都市：住
RPTVMLKLJIJFFAH48CB,桃鶯段,15.75,都市：住
RPPVMLKLJIJFFAH08CB,桃鶯段,14.94,都市：住
RPOVMLKLJIJFFAH97CB,桃鶯段,14.94,都市：住
RPVVMLKLJIJFFAH68CB,桃鶯段,15.75,都市：住
RPXVMLKLJIJFFAH88CB,桃鶯段,15.75,都市：住
RPPWMLKLJIJFFAH18CB,桃鶯段,15.75,都市：住
RPVWMLKLJIJFFAH78CB,桃鶯段,15.75,都市：住
RPXWMLKLJIJFFAH98CB,桃鶯段,16.15,都市：住
RPWWMLKLJIJFFAH88CB,桃鶯段,14.94,都市：住
RPTWMLKLJIJFFAH58CB,桃鶯段,16.15,都市：住
RPPNNLKLJIJFFAH37CB,桃鶯段,15.75,都市：住
RPSNNLKLJIJFFAH67CB,桃鶯段,15.75,都市：住
RPTNNLKLJIJFFAH77CB,桃鶯段,15.75,都市：住
RPWNNLKLJIJFFAH08CB,桃鶯段,20.59,都市：住
RPQNNLKLJIJFFAH47CB,桃鶯段,16.15,都市：住
RPRNNLKLJIJFFAH57CB,桃鶯段,15.75,都市：住
RPQONLKLJIJFFAH57CB,桃鶯段,20.59,都市：住
RPPONLKLJIJFFAH47CB,桃鶯段,20.59,都市：住
RPTONLKLJIJFFAH87CB,桃鶯段,20.59,都市：住
RPOONLKLJIJFFAH37CB,桃鶯段,20.59,都市：住
RPSONLKLJIJFFAH77CB,桃鶯段,20.59,都市：住
RPXNNLKLJIJFFAH18CB,桃鶯段,20.59,都市：住
RPVONLKLJIJFFAH08CB,桃鶯段,20.59,都市：住
RPUONLKLJIJFFAH97CB,桃鶯段,20.59,都市：住
RPVPNLKLJIJFFAH18CB,桃鶯段,16.15,都市：住
RPWONLKLJIJFFAH18CB,桃鶯段,20.59,都市：住
RPTPNLKLJIJFFAH97CB,桃鶯段,16.15,都市：住
RPSPNLKLJIJFFAH87CB,桃鶯段,16.15,都市：住
RPQPNLKLJIJFFAH67CB,桃鶯段,16.15,都市：住
RPRPNLKLJIJFFAH77CB,桃鶯段,16.15,都市：住
RPPQNLKLJIJFFAH67CB,桃鶯段,16.15,都市：住
RPXPNLKLJIJFFAH38CB,桃鶯段,16.15,都市：住
RPWQNLKLJIJFFAH38CB,桃鶯段,27.05,都市：住
RPUQNLKLJIJFFAH18CB,桃鶯段,27.05,都市：住
RPORNLKLJIJFFAH67CB,桃鶯段,27.05,都市：住
RPQRNLKLJIJFFAH87CB,桃鶯段,26.65,都市：住
RPQQNLKLJIJFFAH77CB,桃鶯段,16.15,都市：住
RPSRNLKLJIJFFAH08CB,桃鶯段,27.05,都市：住
RPRRNLKLJIJFFAH97CB,桃鶯段,27.05,都市：住
RPPRNLKLJIJFFAH77CB,桃鶯段,27.05,都市：住
RPSQNLKLJIJFFAH97CB,桃鶯段,16.15,都市：住
RPRQNLKLJIJFFAH87CB,桃鶯段,16.15,都市：住
RPXQNLKLJIJFFAH48CB,桃鶯段,27.05,都市：住
RPTQNLKLJIJFFAH08CB,桃鶯段,27.05,都市：住
RPTRNLKLJIJFFAH18CB,桃鶯段,27.05,都市：住
RPPSNLKLJIJFFAH87CB,桃鶯段,16.15,都市：住
RPURNLKLJIJFFAH28CB,桃鶯段,27.05,都市：住
RPQSNLKLJIJFFAH97CB,桃鶯段,16.15,都市：住
RPOSNLKLJIJFFAH77CB,桃鶯段,16.15,都市：住
RPXRNLKLJIJFFAH58CB,桃鶯段,16.15,都市：住
RPVRNLKLJIJFFAH38CB,桃鶯段,27.05,都市：住
RPRSNLKLJIJFFAH08CB,桃鶯段,16.15,都市：住
RPWSNLKLJIJFFAH58CB,桃鶯段,16.15,都市：住
RPVSNLKLJIJFFAH48CB,桃鶯段,16.15,都市：住
RPUTNLKLJIJFFAH48CB,桃鶯段,20.59,都市：住
RPTTNLKLJIJFFAH38CB,桃鶯段,20.59,都市：住
RPXSNLKLJIJFFAH68CB,桃鶯段,16.15,都市：住
RPTSNLKLJIJFFAH28CB,桃鶯段,16.15,都市：住
RPWTNLKLJIJFFAH68CB,桃鶯段,20.59,都市：住
RPSSNLKLJIJFFAH18CB,桃鶯段,16.15,都市：住
RPOTNLKLJIJFFAH87CB,桃鶯段,16.15,都市：住
RPQUNLKLJIJFFAH18CB,桃鶯段,20.59,都市：住
RPPTNLKLJIJFFAH97CB,桃鶯段,16.15,都市：住
RPXTNLKLJIJFFAH78CB,桃鶯段,20.59,都市：住
RPTUNLKLJIJFFAH48CB,桃鶯段,20.59,都市：住
RPUUNLKLJIJFFAH58CB,桃鶯段,20.59,都市：住
RPSUNLKLJIJFFAH38CB,桃鶯段,20.59,都市：住
RPXUNLKLJIJFFAH88CB,桃鶯段,20.59,都市：住
RPWUNLKLJIJFFAH78CB,桃鶯段,20.59,都市：住
RPVUNLKLJIJFFAH68CB,桃鶯段,20.59,都市：住
RPOOMLLLJIJFFAH37CB,桃鶯段,15.75,都市：住
RPPOMLLLJIJFFAH47CB,桃鶯段,15.75,都市：住
RPXNMLLLJIJFFAH18CB,桃鶯段,15.75,都市：住
RPSOMLLLJIJFFAH77CB,桃鶯段,15.75,都市：住
RPVOMLLLJIJFFAH08CB,桃鶯段,15.75,都市：住
RPQPMLLLJIJFFAH67CB,桃鶯段,14.94,都市：住
RPSPMLLLJIJFFAH87CB,桃鶯段,14.94,都市：住
RPPPMLLLJIJFFAH57CB,桃鶯段,15.75,都市：住
RPWOMLLLJIJFFAH18CB,桃鶯段,15.75,都市：住
RPXOMLLLJIJFFAH28CB,桃鶯段,15.75,都市：住
RPOPMLLLJIJFFAH47CB,桃鶯段,15.75,都市：住
RPUOMLLLJIJFFAH97CB,桃鶯段,16.15,都市：住
RPRPMLLLJIJFFAH77CB,桃鶯段,14.94,都市：住
RPTOMLLLJIJFFAH87CB,桃鶯段,16.15,都市：住
RPTPMLLLJIJFFAH97CB,桃鶯段,14.94,都市：住
RPUPMLLLJIJFFAH08CB,桃鶯段,14.94,都市：住
RPWPMLLLJIJFFAH28CB,桃鶯段,14.94,都市：住
RPVPMLLLJIJFFAH18CB,桃鶯段,14.94,都市：住
RPQQMLLLJIJFFAH77CB,桃鶯段,21.40,都市：住
RPVQMLLLJIJFFAH28CB,桃鶯段,21.40,都市：住
RPTQMLLLJIJFFAH08CB,桃鶯段,21.40,都市：住
RPSRMLLLJIJFFAH08CB,桃鶯段,14.13,都市：住
RPSQMLLLJIJFFAH97CB,桃鶯段,21.40,都市：住
RPUQMLLLJIJFFAH18CB,桃鶯段,21.40,都市：住
RPTRMLLLJIJFFAH18CB,桃鶯段,14.13,都市：住
RPWRMLLLJIJFFAH48CB,桃鶯段,14.13,都市：住
RPURMLLLJIJFFAH28CB,桃鶯段,14.13,都市：住
RPOQMLLLJIJFFAH57CB,桃鶯段,21.40,都市：住
RPXRMLLLJIJFFAH58CB,桃鶯段,14.53,都市：住
RPPSMLLLJIJFFAH87CB,桃鶯段,14.13,都市：住
RPRSMLLLJIJFFAH08CB,桃鶯段,14.13,都市：住
RPSSMLLLJIJFFAH18CB,桃鶯段,14.13,都市：住
RPQWMLLLJIJFFAH38CB,桃鶯段,21.80,都市：住
RPPWMLLLJIJFFAH28CB,桃鶯段,21.40,都市：住
RPQVMLLLJIJFFAH28CB,桃鶯段,21.40,都市：住
RPWVMLLLJIJFFAH88CB,桃鶯段,21.40,都市：住
RPOWMLLLJIJFFAH18CB,桃鶯段,21.40,都市：住
RPRWMLLLJIJFFAH48CB,桃鶯段,21.40,都市：住
RPTWMLLLJIJFFAH68CB,桃鶯段,21.40,都市：住
RPUWMLLLJIJFFAH78CB,桃鶯段,21.40,都市：住
RPVWMLLLJIJFFAH88CB,桃鶯段,21.40,都市：住
RPSWMLLLJIJFFAH58CB,桃鶯段,21.40,都市：住
RPXWMLLLJIJFFAH09CB,桃鶯段,21.40,都市：住
RPRNNLLLJIJFFAH67CB,桃鶯段,20.19,都市：住
RPPNNLLLJIJFFAH47CB,桃鶯段,20.99,都市：住
RPWWMLLLJIJFFAH98CB,桃鶯段,21.40,都市：住
RPSNNLLLJIJFFAH77CB,桃鶯段,12.92,都市：住
RPQNNLLLJIJFFAH57CB,桃鶯段,16.55,都市：住
RPTNNLLLJIJFFAH87CB,桃鶯段,35.13,都市：住
RPRNMLLLJIJFFGH18CB,廣北段,6.80,都市：商
RPSNMLLLJIJFFGH28CB,廣北段,6.80,都市：商
RPUNMLLLJIJFFGH48CB,廣北段,6.80,都市：商
RPTOMLLLJIJFFGH48CB,廣北段,7.12,都市：商
RPOOMLLLJIJFFGH97CB,廣北段,6.80,都市：商
RPROMLLLJIJFFGH28CB,廣北段,6.80,都市：商
RPPOMLLLJIJFFGH08CB,廣北段,6.80,都市：商
RPQOMLLLJIJFFGH18CB,廣北段,6.80,都市：商
RPSOMLLLJIJFFGH38CB,廣北段,7.12,都市：商
RPVOMLLLJIJFFGH68CB,廣北段,7.12,都市：商
RPWOMLLLJIJFFGH78CB,廣北段,11.33,都市：商
RPUUMLOLJIJFFAH88CB,江南段,29.46,都市：住
RPXUMLOLJIJFFAH56CB,江南段,29.76,都市：住
RPVUMLOLJIJFFAH98CB,江南段,29.46,都市：住
RPWUMLOLJIJFFAH09CB,江南段,29.46,都市：住
RPPVMLOLJIJFFAH48CB,江南段,29.46,都市：住
RPRVMLOLJIJFFAH68CB,江南段,19.95,都市：住
RPRUMLOLJIJFFAH58CB,江南段,29.15,都市：住
RPQVMLOLJIJFFAH58CB,江南段,25.78,都市：住
RPUVMLOLJIJFFAH98CB,江南段,19.95,都市：住
RPVVMLOLJIJFFAH09CB,江南段,19.95,都市：住
RPQWMLOLJIJFFAH68CB,江南段,19.95,都市：住
RPVQMLPLJIJFFAH68CB,江南段,29.46,都市：住
RPUQMLPLJIJFFAH58CB,江南段,29.46,都市：住
RPORMLPLJIJFFAH08CB,江南段,29.46,都市：住
RPPRMLPLJIJFFAH18CB,江南段,29.46,都市：住
RPRRMLPLJIJFFAH38CB,江南段,29.46,都市：住
RPQRMLPLJIJFFAH28CB,江南段,29.46,都市：住
RPSRMLPLJIJFFAH48CB,江南段,29.46,都市：住
RPXWMLOLJIJFFAH76CB,江南段,20.25,都市：住
RPTRMLPLJIJFFAH58CB,江南段,26.08,都市：住
RPQNNLOLJIJFFAH87CB,江南段,16.26,都市：住
RPWRMLPLJIJFFAH88CB,江南段,22.09,都市：住
RPVRMLPLJIJFFAH78CB,江南段,22.09,都市：住
RPPNNLOLJIJFFAH77CB,江南段,19.95,都市：住
RPWWMLOLJIJFFAH66CB,江南段,19.95,都市：住
RPSWMLOLJIJFFAH88CB,江南段,19.95,都市：住
RPONNLOLJIJFFAH67CB,江南段,19.95,都市：住
RPRSMLPLJIJFFAH48CB,江南段,22.09,都市：住
RPOSMLPLJIJFFAH18CB,江南段,22.09,都市：住
RPQSMLPLJIJFFAH38CB,江南段,22.09,都市：住
RPQTMLPLJIJFFAH48CB,江南段,27.92,都市：住
RPVSMLPLJIJFFAH88CB,江南段,22.09,都市：住
RPTSMLPLJIJFFAH68CB,江南段,22.09,都市：住
RPTTMLPLJIJFFAH78CB,江南段,27.92,都市：住
RPUTMLPLJIJFFAH88CB,江南段,27.92,都市：住
RPPTMLPLJIJFFAH38CB,江南段,27.92,都市：住
RPSTMLPLJIJFFAH68CB,江南段,27.62,都市：住
RPVTMLPLJIJFFAH98CB,江南段,28.54,都市：住
RPWTMLPLJIJFFAH09CB,江南段,27.92,都市：住
RPXTMLPLJIJFFAH56CB,江南段,22.40,都市：住
RPOUMLPLJIJFFAH38CB,江南段,22.40,都市：住
RPQUMLPLJIJFFAH58CB,江南段,22.40,都市：住
RPPUMLPLJIJFFAH48CB,江南段,22.40,都市：住
RPRUMLPLJIJFFAH68CB,江南段,22.40,都市：住
RPQVMLPLJIJFFAH68CB,江南段,12.58,都市：住
RPRVMLPLJIJFFAH78CB,江南段,12.58,都市：住
RPSVMLPLJIJFFAH88CB,江南段,12.58,都市：住
RPTUMLPLJIJFFAH88CB,江南段,22.40,都市：住
RPUVMLPLJIJFFAH09CB,江南段,12.58,都市：住
RPTVMLPLJIJFFAH98CB,江南段,12.58,都市：住
RPWVMLPLJIJFFAH66CB,江南段,12.58,都市：住
RPVVMLPLJIJFFAH56CB,江南段,12.58,都市：住
RPVUMLPLJIJFFAH09CB,江南段,22.40,都市：住
RPXUMLPLJIJFFAH66CB,江南段,22.40,都市：住
RPOVMLPLJIJFFAH48CB,江南段,22.40,都市：住
RPUUMLPLJIJFFAH98CB,江南段,22.40,都市：住
RPWUMLPLJIJFFAH56CB,江南段,22.40,都市：住
RPXVMLPLJIJFFAH76CB,江南段,12.58,都市：住
RPOWMLPLJIJFFAH58CB,江南段,12.58,都市：住
RPUWMLPLJIJFFAH56CB,江南段,15.04,都市：住
RPTWMLPLJIJFFAH09CB,江南段,12.58,都市：住
RPVWMLPLJIJFFAH66CB,江南段,15.04,都市：住
RPQWMLPLJIJFFAH78CB,江南段,12.58,都市：住
RPXWMLPLJIJFFAH86CB,江南段,15.04,都市：住
RPWWMLPLJIJFFAH76CB,江南段,15.04,都市：住
RPRNNLPLJIJFFAH08CB,江南段,15.04,都市：住
RPRWMLPLJIJFFAH88CB,江南段,12.58,都市：住
RPSNNLPLJIJFFAH18CB,江南段,15.04,都市：住
RPUNNLPLJIJFFAH38CB,江南段,15.04,都市：住
RPWNNLPLJIJFFAH58CB,江南段,15.04,都市：住
RPVNNLPLJIJFFAH48CB,江南段,15.04,都市：住
RPTNNLPLJIJFFAH28CB,江南段,15.04,都市：住
RPXNNLPLJIJFFAH68CB,江南段,23.63,都市：住
RPSONLPLJIJFFAH28CB,江南段,23.63,都市：住
RPOONLPLJIJFFAH87CB,江南段,23.63,都市：住
RPRONLPLJIJFFAH18CB,江南段,23.63,都市：住
RPTONLPLJIJFFAH38CB,江南段,23.93,都市：住
RPVONLPLJIJFFAH58CB,江南段,23.93,都市：住
RPOPNLPLJIJFFAH97CB,江南段,23.93,都市：住
RPPONLPLJIJFFAH97CB,江南段,23.63,都市：住
RPPPNLPLJIJFFAH08CB,江南段,21.48,都市：住
RPUONLPLJIJFFAH48CB,江南段,23.93,都市：住
RPXNMLQLJIJFFDH98CB,大金山下段大金山下小段,17.31,都市：住
RPVNMLQLJIJFFDH78CB,大金山下段大金山下小段,20.94,都市：住
RPWNMLQLJIJFFDH88CB,大金山下段大金山下小段,17.31,都市：住
RPROMLQLJIJFFDH48CB,大金山下段大金山下小段,17.31,都市：住
RPUOMLQLJIJFFDH78CB,大金山下段大金山下小段,17.31,都市：住
RPQOMLQLJIJFFDH38CB,大金山下段大金山下小段,17.31,都市：住
RPXOMLQLJIJFFDH09CB,大金山下段大金山下小段,17.31,都市：住
RPSOMLQLJIJFFDH58CB,大金山下段大金山下小段,17.31,都市：住
RPTOMLQLJIJFFDH68CB,大金山下段大金山下小段,17.31,都市：住
RPOOMLQLJIJFFDH18CB,大金山下段大金山下小段,17.31,都市：住
RPRPMLQLJIJFFDH58CB,大金山下段大金山下小段,17.31,都市：住
RPSPMLQLJIJFFDH68CB,大金山下段大金山下小段,17.31,都市：住
RPSQMLQLJIJFFDH78CB,大金山下段大金山下小段,16.98,都市：住
RPWPMLQLJIJFFDH09CB,大金山下段大金山下小段,16.98,都市：住
RPVPMLQLJIJFFDH98CB,大金山下段大金山下小段,16.82,都市：住
RPUQMLQLJIJFFDH98CB,大金山下段大金山下小段,16.98,都市：住
RPWQMLQLJIJFFDH56CB,大金山下段大金山下小段,16.98,都市：住
RPVQMLQLJIJFFDH09CB,大金山下段大金山下小段,16.98,都市：住
RPXQMLQLJIJFFDH66CB,大金山下段大金山下小段,16.98,都市：住
RPORMLQLJIJFFDH48CB,大金山下段大金山下小段,16.98,都市：住
RPRRMLQLJIJFFDH78CB,大金山下段大金山下小段,16.98,都市：住
RPQRMLQLJIJFFDH68CB,大金山下段大金山下小段,16.98,都市：住
RPPRMLQLJIJFFDH58CB,大金山下段大金山下小段,16.98,都市：住
RPTRMLQLJIJFFDH98CB,大金山下段大金山下小段,16.98,都市：住
RPSRMLQLJIJFFDH88CB,大金山下段大金山下小段,16.98,都市：住
RPXRMLQLJIJFFDH76CB,大金山下段大金山下小段,23.58,都市：住
RPQPMLQLJIJFFDH48CB,大金山下段大金山下小段,17.31,都市：住
RPVRMLQLJIJFFDH56CB,大金山下段大金山下小段,24.90,都市：住
RPURMLQLJIJFFDH09CB,大金山下段大金山下小段,16.98,都市：住
RPWRMLQLJIJFFDH66CB,大金山下段大金山下小段,23.58,都市：住
RPPSMLQLJIJFFDH68CB,大金山下段大金山下小段,23.58,都市：住
RPQSMLQLJIJFFDH78CB,大金山下段大金山下小段,23.58,都市：住
RPTSMLQLJIJFFDH09CB,大金山下段大金山下小段,23.58,都市：住
RPSSMLQLJIJFFDH98CB,大金山下段大金山下小段,23.58,都市：住
RPUSMLQLJIJFFDH56CB,大金山下段大金山下小段,23.58,都市：住
RPWSMLQLJIJFFDH76CB,大金山下段大金山下小段,23.58,都市：住
RPXSMLQLJIJFFDH86CB,大金山下段大金山下小段,23.58,都市：住
RPSTMLQLJIJFFDH09CB,大金山下段大金山下小段,23.58,都市：住
RPVTMLQLJIJFFDH76CB,大金山下段大金山下小段,23.58,都市：住
RPRTMLQLJIJFFDH98CB,大金山下段大金山下小段,23.58,都市：住
RPOTMLQLJIJFFDH68CB,大金山下段大金山下小段,23.58,都市：住
RPVSMLQLJIJFFDH66CB,大金山下段大金山下小段,23.58,都市：住
RPUTMLQLJIJFFDH66CB,大金山下段大金山下小段,23.58,都市：住
RPPTMLQLJIJFFDH78CB,大金山下段大金山下小段,23.58,都市：住
RPSUMLQLJIJFFDH56CB,大金山下段大金山下小段,23.58,都市：住
RPRUMLQLJIJFFDH09CB,大金山下段大金山下小段,23.58,都市：住
RPOUMLQLJIJFFDH78CB,大金山下段大金山下小段,23.58,都市：住
RPTTMLQLJIJFFDH56CB,大金山下段大金山下小段,23.58,都市：住
RPQUMLQLJIJFFDH98CB,大金山下段大金山下小段,23.58,都市：住
RPXTMLQLJIJFFDH96CB,大金山下段大金山下小段,23.58,都市：住
RPPNMLRLJIJFFDH28CB,大金山下段大金山下小段,16.98,都市：住
RPTNMLRLJIJFFDH68CB,大金山下段大金山下小段,16.98,都市：住
RPSNMLRLJIJFFDH58CB,大金山下段大金山下小段,16.98,都市：住
RPSOMLRLJIJFFDH68CB,大金山下段大金山下小段,16.98,都市：住
RPPOMLRLJIJFFDH38CB,大金山下段大金山下小段,16.98,都市：住
RPUNMLRLJIJFFDH78CB,大金山下段大金山下小段,16.98,都市：住
RPWTMLQLJIJFFDH86CB,大金山下段大金山下小段,23.58,都市：住
RPWNMLRLJIJFFDH98CB,大金山下段大金山下小段,16.98,都市：住
RPXNMLRLJIJFFDH09CB,大金山下段大金山下小段,16.98,都市：住
RPROMLRLJIJFFDH58CB,大金山下段大金山下小段,16.98,都市：住
RPQOMLRLJIJFFDH48CB,大金山下段大金山下小段,16.98,都市：住
RPVNMLRLJIJFFDH88CB,大金山下段大金山下小段,16.98,都市：住
RPXOMLRLJIJFFDH56CB,大金山下段大金山下小段,23.58,都市：住
RPUOMLRLJIJFFDH88CB,大金山下段大金山下小段,16.98,都市：住
RPSPMLRLJIJFFDH78CB,大金山下段大金山下小段,23.58,都市：住
RPVPMLRLJIJFFDH09CB,大金山下段大金山下小段,23.58,都市：住
RPOPMLRLJIJFFDH38CB,大金山下段大金山下小段,23.58,都市：住
RPOQMLRLJIJFFDH48CB,大金山下段大金山下小段,23.58,都市：住
RPUPMLRLJIJFFDH98CB,大金山下段大金山下小段,23.58,都市：住
RPTOMLRLJIJFFDH78CB,大金山下段大金山下小段,16.98,都市：住
RPRPMLRLJIJFFDH68CB,大金山下段大金山下小段,23.58,都市：住
RPPPMLRLJIJFFDH48CB,大金山下段大金山下小段,23.58,都市：住
RPRQMLRLJIJFFDH78CB,大金山下段大金山下小段,23.58,都市：住
RPWPMLRLJIJFFDH56CB,大金山下段大金山下小段,23.58,都市：住
RPQTMLKKKIJFFAH18EB,江南段,19.95,都市：住
RPXPMLRLJIJFFDH66CB,大金山下段大金山下小段,23.58,都市：住
RPQQMLRLJIJFFDH68CB,大金山下段大金山下小段,23.58,都市：住
RPPQMLRLJIJFFDH58CB,大金山下段大金山下小段,23.58,都市：住
RPROMLLKKIJFFGH48EB,三崇段,15.12,都市：商
RPWNMLPKKIJFFCH88EB,南興段南興小段,14.86,非都市：特定農業區 ; 非都市編定：甲種建築用地
RPWNMLPKKIJFFCH88EB,南興段南興小段,70.00,非都市：特定農業區 ; 非都市編定：甲種建築用地
RPRNMLKKKIJFFFH18EB,興豐段,22.93,都市：住
RPPNMLPKKIJFFCH18EB,南興段南興小段,14.86,非都市：特定農業區 ; 非都市編定：甲種建築用地
RPPNMLPKKIJFFCH18EB,南興段南興小段,77.00,非都市：特定農業區 ; 非都市編定：甲種建築用地
RPOOMLRKKIJFFFH48CB,豐田段,21.26,都市：住
RPXOMLPKKIJFFEH66EB,大興段,20.99,都市：住
RPQOMLRKKIJFFFH68CB,豐田段,26.25,都市：住
RPQOMLLKKIJFFGH38EB,三崇段,20.34,都市：商
RPPNMLQKKIJFFAH08EB,忠義段,28.61,都市：住
RPPOMLRKKIJFFFH58CB,豐田段,26.25,都市：住
RPROMLRKKIJFFFH78CB,豐田段,25.97,都市：住
RPSOMLRKKIJFFFH88CB,豐田段,25.97,都市：住
RPTOMLRKKIJFFFH98CB,豐田段,25.97,都市：住
RPQPMLRKKIJFFFH78CB,豐田段,34.53,都市：住
RPVOMLRKKIJFFFH56CB,豐田段,25.97,都市：住
RPOPMLRKKIJFFFH58CB,豐田段,26.25,都市：住
RPUOMLRKKIJFFFH09CB,豐田段,25.97,都市：住
RPWOMLRKKIJFFFH66CB,豐田段,19.29,都市：住
RPXOMLRKKIJFFFH76CB,豐田段,25.97,都市：住
RPPPMLRKKIJFFFH68CB,豐田段,34.53,都市：住
RPRPMLRKKIJFFFH88CB,豐田段,19.66,都市：住
RPSPMLRKKIJFFFH98CB,豐田段,25.97,都市：住
RPTPMLRKKIJFFFH09CB,豐田段,25.97,都市：住
RPUPMLRKKIJFFFH56CB,豐田段,21.26,都市：住
RPVPMLRKKIJFFFH66CB,豐田段,21.26,都市：住
RPRQMLRKKIJFFFH98CB,豐田段,25.97,都市：住
RPTQMLRKKIJFFFH56CB,豐田段,25.97,都市：住
RPSQMLRKKIJFFFH09CB,豐田段,25.97,都市：住
RPUQMLRKKIJFFFH66CB,豐田段,25.97,都市：住
RPVQMLRKKIJFFFH76CB,豐田段,34.53,都市：住
RPWQMLRKKIJFFFH86CB,豐田段,19.29,都市：住
RPPRMLRKKIJFFFH88CB,豐田段,25.97,都市：住
RPXQMLRKKIJFFFH96CB,豐田段,34.43,都市：住
RPORMLRKKIJFFFH78CB,豐田段,25.97,都市：住
RPQRMLRKKIJFFFH98CB,豐田段,26.25,都市：住
RPQQMLRKKIJFFFH88CB,豐田段,26.25,都市：住
RPTRMLRKKIJFFFH66CB,豐田段,25.97,都市：住
RPPQMLRKKIJFFFH78CB,豐田段,19.29,都市：住
RPOQMLRKKIJFFFH68CB,豐田段,26.25,都市：住
RPWPMLRKKIJFFFH76CB,豐田段,19.66,都市：住
RPRRMLRKKIJFFFH09CB,豐田段,42.24,都市：住
RPXPMLRKKIJFFFH86CB,豐田段,21.26,都市：住
RPVRMLRKKIJFFFH86CB,豐田段,21.26,都市：住
RPURMLRKKIJFFFH76CB,豐田段,19.66,都市：住
RPSRMLRKKIJFFFH56CB,豐田段,26.06,都市：住
RPQSMLRKKIJFFFH09CB,豐田段,19.66,都市：住
RPRSMLRKKIJFFFH56CB,豐田段,19.29,都市：住
RPXRMLRKKIJFFFH07CB,豐田段,25.97,都市：住
RPWRMLRKKIJFFFH96CB,豐田段,26.25,都市：住
RPSSMLRKKIJFFFH66CB,豐田段,25.97,都市：住
RPOSMLRKKIJFFFH88CB,豐田段,19.66,都市：住
RPUSMLRKKIJFFFH86CB,豐田段,21.26,都市：住
RPVSMLRKKIJFFFH96CB,豐田段,19.29,都市：住
RPTSMLRKKIJFFFH76CB,豐田段,26.25,都市：住
RPWSMLRKKIJFFFH07CB,豐田段,34.53,都市：住
RPPSMLRKKIJFFFH98CB,豐田段,25.97,都市：住
RPXSMLRKKIJFFFH17CB,豐田段,26.25,都市：住
RPQTMLRKKIJFFFH56CB,豐田段,26.25,都市：住
RPRTMLRKKIJFFFH66CB,豐田段,19.66,都市：住
RPTTMLRKKIJFFFH86CB,豐田段,26.25,都市：住
RPUTMLRKKIJFFFH96CB,豐田段,19.29,都市：住
RPOTMLRKKIJFFFH98CB,豐田段,25.97,都市：住
RPVTMLRKKIJFFFH07CB,豐田段,19.29,都市：住
RPPTMLRKKIJFFFH09CB,豐田段,19.66,都市：住
RPSTMLRKKIJFFFH76CB,豐田段,21.26,都市：住
RPWTMLRKKIJFFFH17CB,豐田段,26.25,都市：住
RPRUMLRKKIJFFFH76CB,豐田段,25.97,都市：住
RPUUMLRKKIJFFFH07CB,豐田段,19.29,都市：住
RPSUMLRKKIJFFFH86CB,豐田段,25.97,都市：住
RPXTMLRKKIJFFFH27CB,豐田段,19.66,都市：住
RPTUMLRKKIJFFFH96CB,豐田段,19.66,都市：住
RPOUMLRKKIJFFFH09CB,豐田段,26.25,都市：住
RPQUMLRKKIJFFFH66CB,豐田段,25.97,都市：住
RPVUMLRKKIJFFFH17CB,豐田段,19.66,都市：住
RPPUMLRKKIJFFFH56CB,豐田段,25.97,都市：住
RPXUMLRKKIJFFFH37CB,豐田段,19.66,都市：住
RPWUMLRKKIJFFFH27CB,豐田段,26.25,都市：住
RPOVMLRKKIJFFFH56CB,豐田段,25.97,都市：住
RPSVMLRKKIJFFFH96CB,豐田段,25.97,都市：住
RPRVMLRKKIJFFFH86CB,豐田段,26.25,都市：住
RPTVMLRKKIJFFFH07CB,豐田段,34.43,都市：住
RPWVMLRKKIJFFFH37CB,豐田段,34.53,都市：住
RPXVMLRKKIJFFFH47CB,豐田段,19.66,都市：住
RPUVMLRKKIJFFFH17CB,豐田段,26.06,都市：住
RPQVMLRKKIJFFFH76CB,豐田段,22.02,都市：住
RPPVMLRKKIJFFFH66CB,豐田段,26.25,都市：住
RPVVMLRKKIJFFFH27CB,豐田段,42.24,都市：住
RPPWMLRKKIJFFFH76CB,豐田段,25.97,都市：住
RPQWMLRKKIJFFFH86CB,豐田段,26.25,都市：住
RPOWMLRKKIJFFFH66CB,豐田段,25.21,都市：住
RPSWMLRKKIJFFFH07CB,豐田段,19.66,都市：住
RPTWMLRKKIJFFFH17CB,豐田段,26.25,都市：住
RPRWMLRKKIJFFFH96CB,豐田段,25.97,都市：住
RPUWMLRKKIJFFFH27CB,豐田段,25.97,都市：住
RPSNNLRKKIJFFFH88CB,豐田段,21.26,都市：住
RPTNNLRKKIJFFFH98CB,豐田段,25.97,都市：住
RPVWMLRKKIJFFFH37CB,豐田段,25.97,都市：住
RPWWMLRKKIJFFFH47CB,豐田段,26.25,都市：住
RPONNLRKKIJFFFH48CB,豐田段,26.25,都市：住
RPRNNLRKKIJFFFH78CB,豐田段,25.97,都市：住
RPXWMLRKKIJFFFH57CB,豐田段,19.66,都市：住
RPVNNLRKKIJFFFH56CB,豐田段,20.79,都市：住
RPPNNLRKKIJFFFH58CB,豐田段,26.25,都市：住
RPWNNLRKKIJFFFH66CB,豐田段,24.27,都市：住
RPXNNLRKKIJFFFH76CB,豐田段,26.34,都市：住
RPPONLRKKIJFFFH68CB,豐田段,19.29,都市：住
RPOONLRKKIJFFFH58CB,豐田段,34.43,都市：住
RPQNNLRKKIJFFFH68CB,豐田段,25.97,都市：住
RPUNNLRKKIJFFFH09CB,豐田段,25.97,都市：住
RPSONLRKKIJFFFH98CB,豐田段,26.06,都市：住
RPRONLRKKIJFFFH88CB,豐田段,26.25,都市：住
RPQONLRKKIJFFFH78CB,豐田段,26.25,都市：住
RPTONLRKKIJFFFH09CB,豐田段,25.97,都市：住
RPXONLRKKIJFFFH86CB,豐田段,25.97,都市：住
RPWONLRKKIJFFFH76CB,豐田段,25.97,都市：住
RPUONLRKKIJFFFH56CB,豐田段,25.97,都市：住
RPOPNLRKKIJFFFH68CB,豐田段,26.25,都市：住
RPPPNLRKKIJFFFH78CB,豐田段,25.97,都市：住
RPVONLRKKIJFFFH66CB,豐田段,26.25,都市：住
RPTPNLRKKIJFFFH56CB,豐田段,25.97,都市：住
RPRPNLRKKIJFFFH98CB,豐田段,25.97,都市：住
RPSPNLRKKIJFFFH09CB,豐田段,25.97,都市：住
RPQPNLRKKIJFFFH88CB,豐田段,19.66,都市：住
RPVPNLRKKIJFFFH76CB,豐田段,29.45,都市：住
RPUPNLRKKIJFFFH66CB,豐田段,26.06,都市：住
RPUQNLRKKIJFFFH76CB,豐田段,26.06,都市：住
RPSQNLRKKIJFFFH56CB,豐田段,26.25,都市：住
RPTQNLRKKIJFFFH66CB,豐田段,25.97,都市：住
RPVQNLRKKIJFFFH86CB,豐田段,19.66,都市：住
RPWQNLRKKIJFFFH96CB,豐田段,26.25,都市：住
RPXQNLRKKIJFFFH07CB,豐田段,19.66,都市：住
RPORNLRKKIJFFFH88CB,豐田段,21.26,都市：住
RPXPNLRKKIJFFFH96CB,豐田段,21.83,都市：住
RPPRNLRKKIJFFFH98CB,豐田段,19.29,都市：住
RPQQNLRKKIJFFFH98CB,豐田段,19.66,都市：住
RPOQNLRKKIJFFFH78CB,豐田段,26.06,都市：住
RPPQNLRKKIJFFFH88CB,豐田段,34.43,都市：住
RPWPNLRKKIJFFFH86CB,豐田段,23.52,都市：住
RPRRNLRKKIJFFFH56CB,豐田段,26.25,都市：住
RPSRNLRKKIJFFFH66CB,豐田段,21.26,都市：住
RPRQNLRKKIJFFFH09CB,豐田段,26.25,都市：住
RPQRNLRKKIJFFFH09CB,豐田段,26.25,都市：住
RPTRNLRKKIJFFFH76CB,豐田段,19.66,都市：住
RPPSNLRKKIJFFFH09CB,豐田段,26.25,都市：住
RPOSNLRKKIJFFFH98CB,豐田段,25.97,都市：住
RPRSNLRKKIJFFFH66CB,豐田段,25.97,都市：住
RPSSNLRKKIJFFFH76CB,豐田段,26.25,都市：住
RPURNLRKKIJFFFH86CB,豐田段,19.66,都市：住
RPVRNLRKKIJFFFH96CB,豐田段,19.66,都市：住
RPQSNLRKKIJFFFH56CB,豐田段,25.97,都市：住
RPWRNLRKKIJFFFH07CB,豐田段,34.53,都市：住
RPXRNLRKKIJFFFH17CB,豐田段,25.97,都市：住
RPWSNLRKKIJFFFH17CB,豐田段,26.06,都市：住
RPUSNLRKKIJFFFH96CB,豐田段,25.97,都市：住
RPXSNLRKKIJFFFH27CB,豐田段,19.29,都市：住
RPPTNLRKKIJFFFH56CB,豐田段,25.97,都市：住
RPTSNLRKKIJFFFH86CB,豐田段,25.97,都市：住
RPRTNLRKKIJFFFH76CB,豐田段,34.53,都市：住
RPVSNLRKKIJFFFH07CB,豐田段,26.25,都市：住
RPQTNLRKKIJFFFH66CB,豐田段,19.29,都市：住
RPOTNLRKKIJFFFH09CB,豐田段,25.97,都市：住
RPSTNLRKKIJFFFH86CB,豐田段,26.34,都市：住
RPTTNLRKKIJFFFH96CB,豐田段,26.25,都市：住
RPUTNLRKKIJFFFH07CB,豐田段,19.66,都市：住
RPXTNLRKKIJFFFH37CB,豐田段,25.97,都市：住
RPWTNLRKKIJFFFH27CB,豐田段,25.97,都市：住
RPOUNLRKKIJFFFH56CB,豐田段,25.97,都市：住
RPSUNLRKKIJFFFH96CB,豐田段,25.97,都市：住
RPVTNLRKKIJFFFH17CB,豐田段,25.97,都市：住
RPPUNLRKKIJFFFH66CB,豐田段,25.97,都市：住
RPQUNLRKKIJFFFH76CB,豐田段,26.06,都市：住
RPRUNLRKKIJFFFH86CB,豐田段,26.06,都市：住
RPUUNLRKKIJFFFH17CB,豐田段,25.97,都市：住
RPTUNLRKKIJFFFH07CB,豐田段,26.06,都市：住
RPVUNLRKKIJFFFH27CB,豐田段,34.43,都市：住
RPXUNLRKKIJFFFH47CB,豐田段,25.97,都市：住
RPQVNLRKKIJFFFH86CB,豐田段,21.26,都市：住
RPOVNLRKKIJFFFH66CB,豐田段,21.26,都市：住
RPWUNLRKKIJFFFH37CB,豐田段,25.97,都市：住
RPPVNLRKKIJFFFH76CB,豐田段,25.97,都市：住
RPWNMLNLKIJFFAH58EB,法政段,11.58,都市：住
RPSQMLSKKIJFFAH88EB,中路段,12.46,都市：商
RPOPMLNLKIJFFAH97EB,中路段,17.62,都市：住
RPVQMLSKKIJFFAH56EB,中路段,21.02,都市：住
RPUQMLSKKIJFFAH09EB,中路段,13.79,都市：商
RPOOMLNLKIJFFAH87EB,中路段,29.29,都市：住
RPTQMLSKKIJFFAH98EB,中路段,17.63,都市：住
RPQPMLNLKIJFFAH18EB,中路段,17.62,都市：住
RPVOMLNLKIJFFAH58EB,中路段,21.43,都市：住
RPUOMLNLKIJFFAH48EB,中路段,29.29,都市：住
RPSOMLNLKIJFFAH28EB,中路段,29.29,都市：住
RPXPMLNLKIJFFAH88EB,中路段,21.43,都市：住
RPWPMLNLKIJFFAH78EB,中路段,29.29,都市：住
RPPQMLNLKIJFFAH18EB,中路段,21.43,都市：住
RPUPMLNLKIJFFAH58EB,中路段,21.43,都市：住
RPTPMLNLKIJFFAH48EB,中路段,21.43,都市：住
RPPPMLNLKIJFFAH08EB,中路段,17.62,都市：住
RPRPMLNLKIJFFAH28EB,中路段,17.62,都市：住
RPOQMLNLKIJFFAH08EB,中路段,21.43,都市：住
RPQQMLNLKIJFFAH28EB,中路段,17.62,都市：住
RPSQMLNLKIJFFAH48EB,中路段,17.62,都市：住
RPRQMLNLKIJFFAH38EB,中路段,17.62,都市：住
RPUQMLNLKIJFFAH68EB,中路段,17.62,都市：住
RPVPMLNLKIJFFAH68EB,中路段,17.62,都市：住
RPWQMLNLKIJFFAH88EB,中路段,17.62,都市：住
RPVQMLNLKIJFFAH78EB,中路段,17.62,都市：住
RPSRMLNLKIJFFAH58EB,中路段,29.30,都市：住
RPPRMLNLKIJFFAH28EB,中路段,17.62,都市：住
RPXQMLNLKIJFFAH98EB,中路段,176.26,都市：住
RPORMLNLKIJFFAH18EB,中路段,17.62,都市：住
RPRRMLNLKIJFFAH48EB,中路段,29.29,都市：住
RPVRMLNLKIJFFAH88EB,中路段,21.02,都市：住
RPWRMLNLKIJFFAH98EB,中路段,21.02,都市：住
RPXRMLNLKIJFFAH09EB,中路段,21.02,都市：住
RPTQMLNLKIJFFAH58EB,中路段,17.62,都市：住
RPQRMLNLKIJFFAH38EB,中路段,29.30,都市：住
RPQSMLNLKIJFFAH48EB,中路段,21.02,都市：住
RPPSMLNLKIJFFAH38EB,中路段,21.02,都市：住
RPURMLNLKIJFFAH78EB,中路段,21.02,都市：住
RPTRMLNLKIJFFAH68EB,中路段,21.02,都市：住
RPRSMLNLKIJFFAH58EB,中路段,21.02,都市：住
RPUSMLNLKIJFFAH88EB,中路段,29.29,都市：住
RPSSMLNLKIJFFAH68EB,中路段,21.02,都市：住
RPWSMLNLKIJFFAH09EB,中路段,17.62,都市：住
RPRTMLNLKIJFFAH68EB,中路段,17.62,都市：住
RPTSMLNLKIJFFAH78EB,中路段,21.02,都市：住
RPWUMLNLKIJFFAH09CB,國強段,15.98,都市：住
RPVUMLNLKIJFFAH98CB,國強段,16.22,都市：住
RPQTMLNLKIJFFAH58EB,中路段,21.43,都市：住
RPVSMLNLKIJFFAH98EB,中路段,17.62,都市：住
RPPTMLNLKIJFFAH48EB,中路段,21.43,都市：住
RPRVMLNLKIJFFAH68CB,國強段,15.98,都市：住
RPPVMLNLKIJFFAH48CB,國強段,15.98,都市：住
RPOVMLNLKIJFFAH38CB,國強段,16.22,都市：住
RPSVMLNLKIJFFAH78CB,國強段,16.22,都市：住
RPXSMLNLKIJFFAH56EB,中路段,29.30,都市：住
RPOTMLNLKIJFFAH38EB,中路段,21.43,都市：住
RPWOMLOLKIJFFAH58CB,國強段,15.98,都市：住
RPXOMLOLKIJFFAH68CB,國強段,15.98,都市：住
RPUOMLOLKIJFFAH38CB,國強段,15.98,都市：住
RPOPMLOLKIJFFAH87CB,國強段,15.98,都市：住
RPRPMLOLKIJFFAH18CB,國強段,15.24,都市：住
RPPPMLOLKIJFFAH97CB,國強段,15.49,都市：住
RPTOMLOLKIJFFAH28CB,國強段,16.22,都市：住
RPTPMLOLKIJFFAH38CB,國強段,15.24,都市：住
RPUPMLOLKIJFFAH48CB,國強段,15.24,都市：住
RPQPMLOLKIJFFAH08CB,國強段,15.49,都市：住
RPXPMLOLKIJFFAH78CB,國強段,15.49,都市：住
RPSPMLOLKIJFFAH28CB,國強段,15.24,都市：住
RPVPMLOLKIJFFAH58CB,國強段,15.49,都市：住
RPWQMLOLKIJFFAH78CB,國強段,21.38,都市：住
RPPRMLOLKIJFFAH18CB,國強段,21.63,都市：住
RPRQMLOLKIJFFAH28CB,國強段,15.24,都市：住
RPTQMLOLKIJFFAH48CB,國強段,15.49,都市：住
RPSQMLOLKIJFFAH38CB,國強段,15.24,都市：住
RPORMLOLKIJFFAH08CB,國強段,21.63,都市：住
RPVQMLOLKIJFFAH68CB,國強段,22.12,都市：住
RPSRMLOLKIJFFAH48CB,國強段,21.63,都市：住
RPTRMLOLKIJFFAH58CB,國強段,21.63,都市：住
RPURMLOLKIJFFAH68CB,國強段,21.63,都市：住
RPXRMLOLKIJFFAH98CB,國強段,21.63,都市：住
RPRSMLOLKIJFFAH48CB,國強段,21.63,都市：住
RPSSMLOLKIJFFAH58CB,國強段,21.63,都市：住
RPOSMLOLKIJFFAH18CB,國強段,21.63,都市：住
RPTSMLOLKIJFFAH68CB,國強段,21.63,都市：住
RPVSMLOLKIJFFAH88CB,國強段,21.63,都市：住
RPWRMLOLKIJFFAH88CB,國強段,21.63,都市：住
RPTTMLOLKIJFFAH78CB,國強段,22.37,都市：住
RPVTMLOLKIJFFAH98CB,國強段,22.37,都市：住
RPUTMLOLKIJFFAH88CB,國強段,22.37,都市：住
RPQTMLOLKIJFFAH48CB,國強段,22.37,都市：住
RPXSMLOLKIJFFAH09CB,國強段,21.63,都市：住
RPXTMLOLKIJFFAH56CB,國強段,22.37,都市：住
RPSTMLOLKIJFFAH68CB,國強段,22.37,都市：住
RPOUMLOLKIJFFAH38CB,國強段,22.37,都市：住
RPUQMLQLKIJFFAH78CB,國強段,20.40,都市：住
RPRQMLQLKIJFFAH48CB,國強段,20.40,都市：住
RPSQMLQLKIJFFAH58CB,國強段,20.40,都市：住
RPPUMLOLKIJFFAH48CB,國強段,22.37,都市：住
RPRUMLOLKIJFFAH68CB,國強段,22.37,都市：住
RPSUMLOLKIJFFAH78CB,國強段,22.37,都市：住
RPVQMLQLKIJFFAH88CB,國強段,20.40,都市：住
RPXQMLQLKIJFFAH09CB,國強段,20.40,都市：住
RPURMLQLKIJFFAH88CB,國強段,20.16,都市：住
RPORMLQLKIJFFAH28CB,國強段,20.40,都市：住
RPWRMLQLKIJFFAH09CB,國強段,20.16,都市：住
RPPRMLQLKIJFFAH38CB,國強段,20.40,都市：住
RPWQMLQLKIJFFAH98CB,國強段,20.40,都市：住
RPSRMLQLKIJFFAH68CB,國強段,20.40,都市：住
RPOSMLQLKIJFFAH38CB,國強段,20.16,都市：住
RPQRMLQLKIJFFAH48CB,國強段,20.40,都市：住
RPXRMLQLKIJFFAH56CB,國強段,20.16,都市：住
RPPSMLQLKIJFFAH48CB,國強段,20.16,都市：住
RPVRMLQLKIJFFAH98CB,國強段,20.16,都市：住
RPQSMLQLKIJFFAH58CB,國強段,20.16,都市：住
RPSSMLQLKIJFFAH78CB,國強段,20.16,都市：住
RPRSMLQLKIJFFAH68CB,國強段,20.16,都市：住
RPWSMLQLKIJFFAH56CB,國強段,20.16,都市：住
RPTNMLRLKIJFFAH48CB,國強段,15.24,都市：住
RPUNMLRLKIJFFAH58CB,國強段,15.24,都市：住
RPOOMLRLKIJFFAH08CB,國強段,15.49,都市：住
RPWNMLRLKIJFFAH78CB,國強段,15.24,都市：住
RPSNMLRLKIJFFAH38CB,國強段,15.24,都市：住
RPXNMLRLKIJFFAH88CB,國強段,15.49,都市：住
RPVNMLRLKIJFFAH68CB,國強段,15.24,都市：住
RPRNMLRLKIJFFAH28CB,國強段,15.49,都市：住
RPQOMLRLKIJFFAH28CB,國強段,15.24,都市：住
RPSOMLRLKIJFFAH48CB,國強段,15.49,都市：住
RPROMLRLKIJFFAH38CB,國強段,15.24,都市：住
RPTOMLRLKIJFFAH58CB,國強段,15.49,都市：住
RPQPMLRLKIJFFAH38CB,國強段,14.99,都市：住
RPUPMLRLKIJFFAH78CB,國強段,15.24,都市：住
RPXOMLRLKIJFFAH98CB,國強段,14.99,都市：住
RPRPMLRLKIJFFAH48CB,國強段,14.99,都市：住
RPUOMLRLKIJFFAH68CB,國強段,15.24,都市：住
RPPPMLRLKIJFFAH28CB,國強段,14.99,都市：住
RPVPMLRLKIJFFAH88CB,國強段,14.99,都市：住
RPWOMLRLKIJFFAH88CB,國強段,15.49,都市：住
RPSPMLRLKIJFFAH58CB,國強段,14.99,都市：住
RPXPMLRLKIJFFAH09CB,國強段,14.99,都市：住
RPSQMLRLKIJFFAH68CB,國強段,20.40,都市：住
RPRQMLRLKIJFFAH58CB,國強段,20.16,都市：住
RPWPMLRLKIJFFAH98CB,國強段,14.99,都市：住
RPOQMLRLKIJFFAH28CB,國強段,14.99,都市：住
RPRRMLTLKIJFFAH88CB,國強段,15.49,都市：住
RPXNMLQKJHKFFAH58CB,中埔段,2.40,都市：住
RPXNMLQKJHKFFAH58CB,中埔段,5.11,都市：住
RPXNMLQKJHKFFAH58CB,中埔段,.47,都市：住
RPXNMLQKJHKFFAH58CB,中埔段,.83,都市：住
RPXNMLQKJHKFFAH58CB,中埔段,.55,都市：住
RPXNMLQKJHKFFAH58CB,中埔段,8.30,都市：住
RPSRMLTLKIJFFAH98CB,國強段,15.24,都市：住
RPTRMLTLKIJFFAH09CB,國強段,9.83,都市：住
RPQQMLRLKIJFFAH48CB,國強段,15.98,都市：住
RPVVMLKLJHKFFFH56CB,興仁段,13.21,都市：商
RPUVMLTKJHKFFFH27CB,興仁段,12.43,都市：商
RPWRMLLLJHKFFFH98CB,興仁段,12.43,都市：商
RPVPMLMLJHKFFEH68CB,竹中段,22.28,都市：住
RPQQMLMLJHKFFEH28CB,竹中段,24.46,都市：住
RPWPMLMLJHKFFEH78CB,竹中段,24.46,都市：住
RPSQMLMLJHKFFEH48CB,竹中段,24.46,都市：住
RPRQMLMLJHKFFEH38CB,竹中段,24.46,都市：住
RPPQMLMLJHKFFEH18CB,竹中段,24.46,都市：住
RPTQMLMLJHKFFEH58CB,竹中段,24.46,都市：住
RPUQMLMLJHKFFEH68CB,竹中段,45.43,都市：住
RPVQMLMLJHKFFEH78CB,竹中段,43.68,都市：住
RPXPMLMLJHKFFEH88CB,竹中段,24.61,都市：住
RPWQMLMLJHKFFEH88CB,竹中段,43.68,都市：住
RPVRMLMLJHKFFEH88CB,竹中段,22.28,都市：住
RPXQMLMLJHKFFEH98CB,竹中段,43.68,都市：住
RPTRMLMLJHKFFEH68CB,竹中段,24.61,都市：住
RPORMLMLJHKFFEH18CB,竹中段,43.68,都市：住
RPURMLMLJHKFFEH78CB,竹中段,23.59,都市：住
RPPRMLMLJHKFFEH28CB,竹中段,43.68,都市：住
RPWRMLMLJHKFFEH98CB,竹中段,22.28,都市：住
RPRRMLMLJHKFFEH48CB,竹中段,43.68,都市：住
RPXRMLMLJHKFFEH09CB,竹中段,22.28,都市：住
RPOSMLMLJHKFFEH28CB,竹中段,22.28,都市：住
RPQSMLMLJHKFFEH48CB,竹中段,21.99,都市：住
RPSRMLMLJHKFFEH58CB,竹中段,41.20,都市：住
RPSSMLMLJHKFFEH68CB,竹中段,21.99,都市：住
RPQRMLMLJHKFFEH38CB,竹中段,43.68,都市：住
RPRSMLMLJHKFFEH58CB,竹中段,21.99,都市：住
RPVSMLMLJHKFFEH98CB,竹中段,36.25,都市：住
RPUSMLMLJHKFFEH88CB,竹中段,21.99,都市：住
RPPSMLMLJHKFFEH38CB,竹中段,22.28,都市：住
RPTSMLMLJHKFFEH78CB,竹中段,21.99,都市：住
RPTTMLMLJHKFFEH88CB,竹中段,42.81,都市：住
RPSTMLMLJHKFFEH78CB,竹中段,43.68,都市：住
RPWSMLMLJHKFFEH09CB,竹中段,36.25,都市：住
RPPTMLMLJHKFFEH48CB,竹中段,36.25,都市：住
RPUTMLMLJHKFFEH98CB,竹中段,42.81,都市：住
RPQTMLMLJHKFFEH58CB,竹中段,36.40,都市：住
RPSUMLMLJHKFFEH88CB,竹中段,42.81,都市：住
RPTUMLMLJHKFFEH98CB,竹中段,38.39,都市：住
RPXTMLMLJHKFFEH66CB,竹中段,42.81,都市：住
RPPUMLMLJHKFFEH58CB,竹中段,42.81,都市：住
RPVUMLMLJHKFFEH56CB,竹中段,29.16,都市：住
RPUUMLMLJHKFFEH09CB,竹中段,32.10,都市：住
RPXUMLMLJHKFFEH76CB,竹中段,29.16,都市：住
RPOUMLMLJHKFFEH48CB,竹中段,42.81,都市：住
RPWUMLMLJHKFFEH66CB,竹中段,29.16,都市：住
RPWTMLMLJHKFFEH56CB,竹中段,42.81,都市：住
RPOVMLMLJHKFFEH58CB,竹中段,29.16,都市：住
RPRVMLMLJHKFFEH88CB,竹中段,29.16,都市：住
RPTVMLMLJHKFFEH09CB,竹中段,29.16,都市：住
RPSVMLMLJHKFFEH98CB,竹中段,29.16,都市：住
RPUVMLMLJHKFFEH56CB,竹中段,29.16,都市：住
RPQVMLMLJHKFFEH78CB,竹中段,29.16,都市：住
RPRWMLMLJHKFFEH98CB,竹中段,29.16,都市：住
RPXVMLMLJHKFFEH86CB,竹中段,29.16,都市：住
RPOWMLMLJHKFFEH68CB,竹中段,29.16,都市：住
RPWVMLMLJHKFFEH76CB,竹中段,29.16,都市：住
RPVVMLMLJHKFFEH66CB,竹中段,29.16,都市：住
RPSWMLMLJHKFFEH09CB,竹中段,22.24,都市：住
RPPWMLMLJHKFFEH78CB,竹中段,29.16,都市：住
RPQWMLMLJHKFFEH88CB,竹中段,29.16,都市：住
RPQNNLMLJHKFFEH08CB,竹中段,22.24,都市：住
RPVOMLNLJHKFFEH68CB,竹中段,28.74,都市：住
RPPNNLMLJHKFFEH97CB,竹中段,22.24,都市：住
RPXWMLMLJHKFFEH96CB,竹中段,22.24,都市：住
RPWWMLMLJHKFFEH86CB,竹中段,22.24,都市：住
RPTWMLMLJHKFFEH56CB,竹中段,22.24,都市：住
RPUOMLNLJHKFFEH58CB,竹中段,28.74,都市：住
RPSNNLMLJHKFFEH28CB,竹中段,22.24,都市：住
RPVWMLMLJHKFFEH76CB,竹中段,22.24,都市：住
RPONNLMLJHKFFEH87CB,竹中段,22.24,都市：住
RPRPMLNLJHKFFEH38CB,竹中段,28.74,都市：住
RPWOMLNLJHKFFEH78CB,竹中段,28.74,都市：住
RPPPMLNLJHKFFEH18CB,竹中段,28.74,都市：住
RPXOMLNLJHKFFEH88CB,竹中段,28.74,都市：住
RPUPMLNLJHKFFEH68CB,竹中段,29.16,都市：住
RPQPMLNLJHKFFEH28CB,竹中段,28.74,都市：住
RPOPMLNLJHKFFEH08CB,竹中段,28.74,都市：住
RPSPMLNLJHKFFEH48CB,文中段,28.95,都市：住
RPWPMLNLJHKFFEH88CB,竹中段,29.16,都市：住
RPVPMLNLJHKFFEH78CB,竹中段,29.16,都市：住
RPXPMLNLJHKFFEH98CB,竹中段,29.16,都市：住
RPXQMLNLJHKFFEH09CB,竹中段,20.77,都市：住
RPWQMLNLJHKFFEH98CB,竹中段,20.77,都市：住
RPOQMLNLJHKFFEH18CB,竹中段,29.16,都市：住
RPSQMLNLJHKFFEH58CB,竹中段,29.16,都市：住
RPVQMLNLJHKFFEH88CB,竹中段,29.16,都市：住
RPRQMLNLJHKFFEH48CB,竹中段,29.16,都市：住
RPTQMLNLJHKFFEH68CB,竹中段,29.16,都市：住
RPTRMLNLJHKFFEH78CB,竹中段,20.77,都市：住
RPPRMLNLJHKFFEH38CB,竹中段,20.77,都市：住
RPSSMLNLJHKFFEH78CB,竹中段,29.37,都市：住
RPWRMLNLJHKFFEH09CB,竹中段,20.77,都市：住
RPPSMLNLJHKFFEH48CB,竹中段,20.77,都市：住
RPRSMLNLJHKFFEH68CB,竹中段,29.16,都市：住
RPVRMLNLJHKFFEH98CB,竹中段,20.77,都市：住
RPRRMLNLJHKFFEH58CB,竹中段,20.77,都市：住
RPXRMLNLJHKFFEH56CB,竹中段,20.77,都市：住
RPUSMLNLJHKFFEH98CB,竹中段,29.16,都市：住
RPTSMLNLJHKFFEH88CB,竹中段,29.16,都市：住
RPWSMLNLJHKFFEH56CB,竹中段,29.16,都市：住
RPVSMLNLJHKFFEH09CB,竹中段,29.16,都市：住
RPXSMLNLJHKFFEH66CB,竹中段,29.16,都市：住
RPOTMLNLJHKFFEH48CB,竹中段,29.16,都市：住
RPPTMLNLJHKFFEH58CB,竹中段,29.16,都市：住
RPPUMLNLJHKFFEH68CB,竹中段,35.67,都市：住
RPXTMLNLJHKFFEH76CB,竹中段,35.67,都市：住
RPVTMLNLJHKFFEH56CB,竹中段,35.67,都市：住
RPTTMLNLJHKFFEH98CB,竹中段,38.18,都市：住
RPUTMLNLJHKFFEH09CB,竹中段,35.67,都市：住
RPRTMLNLJHKFFEH78CB,竹中段,35.67,都市：住
RPSTMLNLJHKFFEH88CB,竹中段,37.13,都市：住
RPWTMLNLJHKFFEH66CB,竹中段,35.67,都市：住
RPQTMLNLJHKFFEH68CB,竹中段,29.16,都市：住
RPQUMLNLJHKFFEH78CB,竹中段,35.67,都市：住
RPRNMLQLJHKFFEH48CB,竹中段,19.93,都市：住
RPSNMLQLJHKFFEH58CB,竹中段,27.14,都市：住
RPTUMLNLJHKFFEH09CB,竹中段,35.67,都市：住
RPTNMLQLJHKFFEH68CB,竹中段,27.14,都市：住
RPUNMLQLJHKFFEH78CB,竹中段,27.14,都市：住
RPVNMLQLJHKFFEH88CB,竹中段,27.14,都市：住
RPTOMLQLJHKFFEH78CB,竹中段,26.97,都市：住
RPUOMLQLJHKFFEH88CB,竹中段,26.80,都市：住
RPVOMLQLJHKFFEH98CB,竹中段,26.80,都市：住
RPXNMLQLJHKFFEH09CB,竹中段,27.14,都市：住
RPQOMLQLJHKFFEH48CB,竹中段,27.14,都市：住
RPWOMLQLJHKFFEH09CB,竹中段,26.80,都市：住
RPROMLQLJHKFFEH58CB,竹中段,27.14,都市：住
RPPPMLQLJHKFFEH48CB,竹中段,26.80,都市：住
RPRPMLQLJHKFFEH68CB,竹中段,26.80,都市：住
RPOOMLQLJHKFFEH28CB,竹中段,27.14,都市：住
RPQPMLQLJHKFFEH58CB,竹中段,26.80,都市：住
RPUPMLQLJHKFFEH98CB,竹中段,26.97,都市：住
RPVPMLQLJHKFFEH09CB,竹中段,25.96,都市：住
RPTPMLQLJHKFFEH88CB,竹中段,26.97,都市：住
RPSOMLQLJHKFFEH68CB,竹中段,24.62,都市：住
RPWPMLQLJHKFFEH56CB,竹中段,28.48,都市：住
RPSQMLQLJHKFFEH88CB,竹中段,28.48,都市：住
RPXPMLQLJHKFFEH66CB,竹中段,28.48,都市：住
RPQQMLQLJHKFFEH68CB,竹中段,28.48,都市：住
RPPRMLQLJHKFFEH68CB,竹中段,28.48,都市：住
RPTQMLQLJHKFFEH98CB,竹中段,28.64,都市：住
RPOQMLQLJHKFFEH48CB,竹中段,28.48,都市：住
RPRRMLQLJHKFFEH88CB,竹中段,28.48,都市：住
RPURMLQLJHKFFEH56CB,竹中段,20.94,都市：住
RPSRMLQLJHKFFEH98CB,竹中段,20.94,都市：住
RPTRMLQLJHKFFEH09CB,竹中段,28.64,都市：住
RPWRMLQLJHKFFEH76CB,竹中段,20.94,都市：住
RPXRMLQLJHKFFEH86CB,竹中段,20.94,都市：住
RPOSMLQLJHKFFEH68CB,竹中段,20.94,都市：住
RPVSMLQLJHKFFEH76CB,竹中段,21.27,都市：住
RPQSMLQLJHKFFEH88CB,竹中段,20.94,都市：住
RPPSMLQLJHKFFEH78CB,竹中段,20.94,都市：住
RPXSMLQLJHKFFEH96CB,竹中段,21.27,都市：住
RPSSMLQLJHKFFEH09CB,竹中段,20.94,都市：住
RPUSMLQLJHKFFEH66CB,竹中段,21.27,都市：住
RPWSMLQLJHKFFEH86CB,竹中段,21.27,都市：住
RPPTMLQLJHKFFEH88CB,竹中段,21.27,都市：住
RPVTMLQLJHKFFEH86CB,竹中段,27.81,都市：住
RPQTMLQLJHKFFEH98CB,竹中段,21.27,都市：住
RPOTMLQLJHKFFEH78CB,竹中段,21.27,都市：住
RPRTMLQLJHKFFEH09CB,竹中段,21.27,都市：住
RPSTMLQLJHKFFEH56CB,竹中段,27.81,都市：住
RPOUMLQLJHKFFEH88CB,竹中段,27.81,都市：住
RPTTMLQLJHKFFEH66CB,竹中段,27.81,都市：住
RPXTMLQLJHKFFEH07CB,竹中段,27.81,都市：住
RPPUMLQLJHKFFEH98CB,竹中段,27.81,都市：住
RPWTMLQLJHKFFEH96CB,竹中段,27.81,都市：住
RPRUMLQLJHKFFEH56CB,竹中段,28.98,都市：住
RPQUMLQLJHKFFEH09CB,竹中段,27.81,都市：住
RPWUMLQLJHKFFEH07CB,竹中段,28.98,都市：住
RPXUMLQLJHKFFEH17CB,竹中段,28.98,都市：住
RPSUMLQLJHKFFEH66CB,竹中段,28.81,都市：住
RPVUMLQLJHKFFEH96CB,竹中段,28.98,都市：住
RPTUMLQLJHKFFEH76CB,竹中段,28.98,都市：住
RPOVMLQLJHKFFEH98CB,竹中段,29.15,都市：住
RPUUMLQLJHKFFEH86CB,竹中段,28.98,都市：住
RPVNMLRLJHKFFEH98CB,青峰段,33.86,都市：住
RPOOMLRLJHKFFEH38CB,青峰段,28.42,都市：住
RPXNMLRLJHKFFEH56CB,青峰段,34.47,都市：住
RPWNMLRLJHKFFEH09CB,青峰段,33.86,都市：住
RPSNMLRLJHKFFEH68CB,青峰段,31.14,都市：住
RPPOMLRLJHKFFEH48CB,青峰段,28.42,都市：住
RPOPMLRLJHKFFEH48CB,青峰段,28.12,都市：住
RPWOMLRLJHKFFEH56CB,青峰段,28.12,都市：住
RPROMLRLJHKFFEH68CB,青峰段,28.42,都市：住
RPVOMLRLJHKFFEH09CB,青峰段,23.88,都市：住
RPUOMLRLJHKFFEH98CB,青峰段,23.88,都市：住
RPTOMLRLJHKFFEH88CB,青峰段,33.56,都市：住
RPQOMLRLJHKFFEH58CB,青峰段,28.42,都市：住
RPXOMLRLJHKFFEH66CB,青峰段,28.12,都市：住
RPPPMLRLJHKFFEH58CB,青峰段,28.12,都市：住
RPSOMLRLJHKFFEH78CB,青峰段,28.42,都市：住
RPUPMLTLJHKFFAH88CB,龍祥段,13.01,都市：商
RPXPMLTLJHKFFAH56CB,龍祥段,13.01,都市：商
RPRPMLTLJHKFFAH58CB,龍祥段,13.01,都市：商
RPSPMLTLJHKFFAH68CB,龍祥段,13.01,都市：商
RPTPMLTLJHKFFAH78CB,龍祥段,13.01,都市：商
RPVPMLTLJHKFFAH98CB,龍祥段,13.01,都市：商
RPWPMLTLJHKFFAH09CB,龍祥段,13.01,都市：商
RPPQMLTLJHKFFAH48CB,龍祥段,13.01,都市：商
RPQQMLTLJHKFFAH58CB,龍祥段,13.01,都市：商
RPUQMLTLJHKFFAH98CB,龍祥段,14.59,都市：商
RPRQMLTLJHKFFAH68CB,龍祥段,13.01,都市：商
RPSPMLRLJHKFFEH88CB,青峰段,28.42,都市：住
RPVQMLTLJHKFFAH09CB,龍祥段,14.59,都市：商
RPTQMLTLJHKFFAH88CB,龍祥段,14.59,都市：商
RPXQMLTLJHKFFAH66CB,龍祥段,14.59,都市：商
RPWQMLTLJHKFFAH56CB,龍祥段,14.59,都市：商
RPRPNLSLJHKFFEH98CB,青峰段,34.47,都市：住
RPORMLTLJHKFFAH48CB,龍祥段,14.59,都市：商
RPOSMLTLJHKFFAH58CB,龍祥段,11.70,都市：商
RPVRMLTLJHKFFAH56CB,龍祥段,15.11,都市：商
RPQRMLTLJHKFFAH68CB,龍祥段,14.59,都市：商
RPRRMLTLJHKFFAH78CB,龍祥段,14.59,都市：商
RPXRMLTLJHKFFAH76CB,龍祥段,11.70,都市：商
RPURMLTLJHKFFAH09CB,龍祥段,14.59,都市：商
RPTRMLTLJHKFFAH98CB,龍祥段,14.59,都市：商
RPSRMLTLJHKFFAH88CB,龍祥段,14.59,都市：商
RPPRMLTLJHKFFAH58CB,龍祥段,14.59,都市：商
RPPSMLTLJHKFFAH68CB,龍祥段,11.70,都市：商
RPXSMLTLJHKFFAH86CB,龍祥段,11.70,都市：商
RPRSMLTLJHKFFAH88CB,龍祥段,11.70,都市：商
RPSSMLTLJHKFFAH98CB,龍祥段,11.70,都市：商
RPQSMLTLJHKFFAH78CB,龍祥段,11.70,都市：商
RPUSMLTLJHKFFAH56CB,龍祥段,11.70,都市：商
RPTSMLTLJHKFFAH09CB,龍祥段,11.70,都市：商
RPSTMLTLJHKFFAH09CB,龍祥段,10.39,都市：商
RPPTMLTLJHKFFAH78CB,龍祥段,11.70,都市：商
RPTTMLTLJHKFFAH56CB,龍祥段,10.39,都市：商
RPOTMLTLJHKFFAH68CB,龍祥段,11.70,都市：商
RPWSMLTLJHKFFAH76CB,龍祥段,11.70,都市：商
RPUTMLTLJHKFFAH66CB,龍祥段,10.39,都市：商
RPWTMLTLJHKFFAH86CB,龍祥段,10.39,都市：商
RPOUMLTLJHKFFAH78CB,龍祥段,10.39,都市：商
RPPUMLTLJHKFFAH88CB,龍祥段,10.39,都市：商
RPVTMLTLJHKFFAH76CB,龍祥段,10.39,都市：商
RPQUMLTLJHKFFAH98CB,龍祥段,10.39,都市：商
RPRUMLTLJHKFFAH09CB,龍祥段,10.39,都市：商
RPWUMLTLJHKFFAH96CB,龍祥段,18.10,都市：商
RPTUMLTLJHKFFAH66CB,龍祥段,10.39,都市：商
RPXUMLTLJHKFFAH07CB,龍祥段,18.63,都市：商
RPOVMLTLJHKFFAH88CB,龍祥段,18.73,都市：商
RPSVMLTLJHKFFAH66CB,龍祥段,18.10,都市：商
RPSUMLTLJHKFFAH56CB,龍祥段,10.39,都市：商
RPRVMLTLJHKFFAH56CB,龍祥段,18.10,都市：商
RPXTMLTLJHKFFAH96CB,龍祥段,10.39,都市：商
RPTVMLTLJHKFFAH76CB,龍祥段,18.10,都市：商
RPWVMLTLJHKFFAH07CB,龍祥段,13.01,都市：商
RPUVMLTLJHKFFAH86CB,龍祥段,18.63,都市：商
RPXVMLTLJHKFFAH17CB,龍祥段,13.01,都市：商
RPVVMLTLJHKFFAH96CB,龍祥段,18.10,都市：商
RPPVMLTLJHKFFAH98CB,龍祥段,18.63,都市：商
RPPWMLTLJHKFFAH09CB,龍祥段,13.01,都市：商
RPRWMLTLJHKFFAH66CB,龍祥段,13.01,都市：商
RPOWMLTLJHKFFAH98CB,龍祥段,13.01,都市：商
RPQVMLTLJHKFFAH09CB,龍祥段,18.10,都市：商
RPSWMLTLJHKFFAH76CB,龍祥段,13.01,都市：商
RPQWMLTLJHKFFAH56CB,龍祥段,13.01,都市：商
RPTWMLTLJHKFFAH86CB,龍祥段,13.01,都市：商
RPVWMLTLJHKFFAH07CB,龍祥段,13.01,都市：商
RPWWMLTLJHKFFAH17CB,龍祥段,13.01,都市：商
RPPNNLTLJHKFFAH28CB,龍祥段,14.59,都市：商
RPXWMLTLJHKFFAH27CB,龍祥段,13.01,都市：商
RPUWMLTLJHKFFAH96CB,龍祥段,13.01,都市：商
RPTNNLTLJHKFFAH68CB,龍祥段,14.59,都市：商
RPRNNLTLJHKFFAH48CB,龍祥段,14.59,都市：商
RPONNLTLJHKFFAH18CB,龍祥段,13.01,都市：商
RPSNNLTLJHKFFAH58CB,龍祥段,14.59,都市：商
RPPONLTLJHKFFAH38CB,龍祥段,10.39,都市：商
RPSONLTLJHKFFAH68CB,龍祥段,10.39,都市：商
RPOONLTLJHKFFAH28CB,龍祥段,10.39,都市：商
RPXNNLTLJHKFFAH09CB,龍祥段,10.39,都市：商
RPQONLTLJHKFFAH48CB,龍祥段,10.39,都市：商
RPQNNLTLJHKFFAH38CB,龍祥段,14.59,都市：商
RPWNNLTLJHKFFAH98CB,龍祥段,10.39,都市：商
RPTONLTLJHKFFAH78CB,龍祥段,10.39,都市：商
RPRONLTLJHKFFAH58CB,龍祥段,10.39,都市：商
RPUONLTLJHKFFAH88CB,龍祥段,10.39,都市：商
RPSPNLTLJHKFFAH78CB,龍祥段,10.39,都市：商
RPXONLTLJHKFFAH56CB,龍祥段,11.70,都市：商
RPQPNLTLJHKFFAH58CB,龍祥段,10.39,都市：商
RPOPNLTLJHKFFAH38CB,龍祥段,10.39,都市：商
RPRPNLTLJHKFFAH68CB,龍祥段,10.39,都市：商
RPWPNLTLJHKFFAH56CB,龍祥段,14.53,都市：商
RPXPNLTLJHKFFAH66CB,龍祥段,14.53,都市：商
RPPQNLTLJHKFFAH58CB,龍祥段,14.53,都市：商
RPQQNLTLJHKFFAH68CB,龍祥段,14.53,都市：商
RPOQNLTLJHKFFAH48CB,龍祥段,14.53,都市：商
RPWONLTLJHKFFAH09CB,龍祥段,11.70,都市：商
RPSQNLTLJHKFFAH88CB,龍祥段,14.53,都市：商
RPTPNLTLJHKFFAH88CB,龍祥段,10.39,都市：商
RPTQNLTLJHKFFAH98CB,龍祥段,14.53,都市：商
RPRQNLTLJHKFFAH78CB,龍祥段,14.53,都市：商
RPPPNLTLJHKFFAH48CB,龍祥段,10.39,都市：商
RPUQNLTLJHKFFAH09CB,龍祥段,14.53,都市：商
RPVQNLTLJHKFFAH56CB,龍祥段,14.53,都市：商
RPXQNLTLJHKFFAH76CB,龍祥段,8.81,都市：商
RPURNLTLJHKFFAH56CB,龍祥段,8.81,都市：商
RPPRNLTLJHKFFAH68CB,龍祥段,8.81,都市：商
RPWQNLTLJHKFFAH66CB,龍祥段,8.81,都市：商
RPOSNLTLJHKFFAH68CB,龍祥段,8.81,都市：商
RPTRNLTLJHKFFAH09CB,龍祥段,8.81,都市：商
RPQSNLTLJHKFFAH88CB,龍祥段,8.81,都市：商
RPORNLTLJHKFFAH58CB,龍祥段,8.81,都市：商
RPWRNLTLJHKFFAH76CB,龍祥段,8.81,都市：商
RPXRNLTLJHKFFAH86CB,龍祥段,8.81,都市：商
RPPSNLTLJHKFFAH78CB,龍祥段,8.81,都市：商
RPQRNLTLJHKFFAH78CB,龍祥段,8.29,都市：商
RPRRNLTLJHKFFAH88CB,龍祥段,8.81,都市：商
RPSRNLTLJHKFFAH98CB,龍祥段,8.81,都市：商
RPXSNLTLJHKFFAH96CB,龍祥段,13.59,都市：商
RPVSNLTLJHKFFAH76CB,龍祥段,13.59,都市：商
RPWSNLTLJHKFFAH86CB,龍祥段,13.59,都市：商
RPRSNLTLJHKFFAH98CB,龍祥段,8.81,都市：商
RPTSNLTLJHKFFAH56CB,龍祥段,8.81,都市：商
RPSSNLTLJHKFFAH09CB,龍祥段,8.81,都市：商
RPOTNLTLJHKFFAH78CB,龍祥段,13.59,都市：商
RPQTNLTLJHKFFAH98CB,龍祥段,13.59,都市：商
RPUSNLTLJHKFFAH66CB,龍祥段,8.81,都市：商
RPPTNLTLJHKFFAH88CB,龍祥段,13.59,都市：商
RPRTNLTLJHKFFAH09CB,龍祥段,13.59,都市：商
RPSTNLTLJHKFFAH56CB,龍祥段,13.59,都市：商
RPUTNLTLJHKFFAH76CB,龍祥段,13.59,都市：商
RPTTNLTLJHKFFAH66CB,龍祥段,13.59,都市：商
RPVTNLTLJHKFFAH86CB,龍祥段,13.59,都市：商
RPOUNLTLJHKFFAH88CB,龍祥段,13.59,都市：商
RPRUNLTLJHKFFAH56CB,龍祥段,11.96,都市：商
RPWTNLTLJHKFFAH96CB,龍祥段,13.59,都市：商
RPPUNLTLJHKFFAH98CB,龍祥段,13.59,都市：商
RPXTNLTLJHKFFAH07CB,龍祥段,13.59,都市：商
RPVUNLTLJHKFFAH96CB,龍祥段,11.96,都市：商
RPQUNLTLJHKFFAH09CB,龍祥段,11.96,都市：商
RPSUNLTLJHKFFAH66CB,龍祥段,11.96,都市：商
RPUUNLTLJHKFFAH86CB,龍祥段,11.96,都市：商
RPWUNLTLJHKFFAH07CB,龍祥段,11.96,都市：商
RPTUNLTLJHKFFAH76CB,龍祥段,11.96,都市：商
RPQVNLTLJHKFFAH56CB,龍祥段,11.96,都市：商
RPPVNLTLJHKFFAH09CB,龍祥段,11.96,都市：商
RPOVNLTLJHKFFAH98CB,龍祥段,11.96,都市：商
RPTVNLTLJHKFFAH86CB,龍祥段,13.59,都市：商
RPXUNLTLJHKFFAH17CB,龍祥段,11.96,都市：商
RPSVNLTLJHKFFAH76CB,龍祥段,11.96,都市：商
RPRVNLTLJHKFFAH66CB,龍祥段,11.96,都市：商
RPUVNLTLJHKFFAH96CB,龍祥段,13.59,都市：商
RPWVNLTLJHKFFAH17CB,龍祥段,13.59,都市：商
RPPWNLTLJHKFFAH56CB,龍祥段,13.59,都市：商
RPOWNLTLJHKFFAH09CB,龍祥段,13.59,都市：商
RPXVNLTLJHKFFAH27CB,龍祥段,13.59,都市：商
RPVVNLTLJHKFFAH07CB,龍祥段,13.59,都市：商
RPRWNLTLJHKFFAH76CB,龍祥段,13.59,都市：商
RPTWNLTLJHKFFAH96CB,龍祥段,13.59,都市：商
RPQWNLTLJHKFFAH66CB,龍祥段,13.59,都市：商
RPSWNLTLJHKFFAH86CB,龍祥段,13.59,都市：商
RPVWNLTLJHKFFAH17CB,龍祥段,13.59,都市：商
RPUWNLTLJHKFFAH07CB,龍祥段,13.59,都市：商
RPXWNLTLJHKFFAH37CB,龍祥段,13.59,都市：商
RPONOLTLJHKFFAH28CB,龍祥段,13.59,都市：商
RPPNOLTLJHKFFAH38CB,龍祥段,13.59,都市：商
RPRNOLTLJHKFFAH58CB,龍祥段,13.59,都市：商
RPVNOLTLJHKFFAH98CB,龍祥段,14.11,都市：商
RPQNOLTLJHKFFAH48CB,龍祥段,13.06,都市：商
RPUNOLTLJHKFFAH88CB,龍祥段,13.59,都市：商
RPWWNLTLJHKFFAH27CB,龍祥段,13.59,都市：商
RPSNOLTLJHKFFAH68CB,龍祥段,13.59,都市：商
RPWNOLTLJHKFFAH09CB,龍祥段,13.59,都市：商
RPXNOLTLJHKFFAH56CB,龍祥段,13.59,都市：商
RPTNOLTLJHKFFAH78CB,龍祥段,13.59,都市：商
RPOOOLTLJHKFFAH38CB,龍祥段,13.59,都市：商
RPTOOLTLJHKFFAH88CB,龍祥段,14.53,都市：商
RPROOLTLJHKFFAH68CB,龍祥段,14.53,都市：商
RPQOOLTLJHKFFAH58CB,龍祥段,14.53,都市：商
RPUOOLTLJHKFFAH98CB,龍祥段,14.53,都市：商
RPSOOLTLJHKFFAH78CB,龍祥段,14.53,都市：商
RPWOOLTLJHKFFAH56CB,龍祥段,14.53,都市：商
RPXOOLTLJHKFFAH66CB,龍祥段,14.53,都市：商
RPVOOLTLJHKFFAH09CB,龍祥段,14.53,都市：商
RPOPOLTLJHKFFAH48CB,龍祥段,14.53,都市：商
RPSPOLTLJHKFFAH88CB,龍祥段,8.81,都市：商
RPQPOLTLJHKFFAH68CB,龍祥段,8.81,都市：商
RPRPOLTLJHKFFAH78CB,龍祥段,8.81,都市：商
RPTPOLTLJHKFFAH98CB,龍祥段,8.81,都市：商
RPUPOLTLJHKFFAH09CB,龍祥段,8.81,都市：商
RPPPOLTLJHKFFAH58CB,龍祥段,14.53,都市：商
RPVPOLTLJHKFFAH56CB,龍祥段,8.81,都市：商
RPWPOLTLJHKFFAH66CB,龍祥段,8.81,都市：商
RPXPOLTLJHKFFAH76CB,龍祥段,8.81,都市：商
RPQQOLTLJHKFFAH78CB,龍祥段,8.81,都市：商
RPOQOLTLJHKFFAH58CB,龍祥段,8.81,都市：商
RPRQOLTLJHKFFAH88CB,龍祥段,8.81,都市：商
RPUQOLTLJHKFFAH56CB,龍祥段,8.81,都市：商
RPPROLTLJHKFFAH78CB,龍祥段,13.59,都市：商
RPOROLTLJHKFFAH68CB,龍祥段,13.59,都市：商
RPVQOLTLJHKFFAH66CB,龍祥段,8.81,都市：商
RPTQOLTLJHKFFAH09CB,龍祥段,8.81,都市：商
RPQROLTLJHKFFAH88CB,龍祥段,13.59,都市：商
RPSQOLTLJHKFFAH98CB,龍祥段,8.81,都市：商
RPUROLTLJHKFFAH66CB,龍祥段,13.59,都市：商
RPVROLTLJHKFFAH76CB,龍祥段,13.59,都市：商
RPSROLTLJHKFFAH09CB,龍祥段,13.59,都市：商
RPPSOLTLJHKFFAH88CB,龍祥段,13.59,都市：商
RPTROLTLJHKFFAH56CB,龍祥段,13.59,都市：商
RPOSOLTLJHKFFAH78CB,龍祥段,13.59,都市：商
RPWROLTLJHKFFAH86CB,龍祥段,13.59,都市：商
RPQSOLTLJHKFFAH98CB,龍祥段,13.59,都市：商
RPTSOLTLJHKFFAH66CB,龍祥段,12.02,都市：商
RPVSOLTLJHKFFAH86CB,龍祥段,11.96,都市：商
RPRROLTLJHKFFAH98CB,龍祥段,13.59,都市：商
RPUSOLTLJHKFFAH76CB,龍祥段,11.96,都市：商
RPXROLTLJHKFFAH96CB,龍祥段,13.59,都市：商
RPSSOLTLJHKFFAH56CB,龍祥段,13.59,都市：商
RPRSOLTLJHKFFAH09CB,龍祥段,13.59,都市：商
RPWSOLTLJHKFFAH96CB,龍祥段,11.96,都市：商
RPXSOLTLJHKFFAH07CB,龍祥段,11.96,都市：商
RPRTOLTLJHKFFAH56CB,龍祥段,11.96,都市：商
RPOTOLTLJHKFFAH88CB,龍祥段,11.96,都市：商
RPQTOLTLJHKFFAH09CB,龍祥段,11.96,都市：商
RPUTOLTLJHKFFAH86CB,龍祥段,11.96,都市：商
RPPTOLTLJHKFFAH98CB,龍祥段,11.96,都市：商
RPVTOLTLJHKFFAH96CB,龍祥段,11.96,都市：商
RPWTOLTLJHKFFAH07CB,龍祥段,13.59,都市：商
RPSTOLTLJHKFFAH66CB,龍祥段,11.96,都市：商
RPXTOLTLJHKFFAH17CB,龍祥段,13.59,都市：商
RPTTOLTLJHKFFAH76CB,龍祥段,11.96,都市：商
RPOUOLTLJHKFFAH98CB,龍祥段,13.59,都市：商
RPQUOLTLJHKFFAH56CB,龍祥段,13.59,都市：商
RPPUOLTLJHKFFAH09CB,龍祥段,13.59,都市：商
RPSUOLTLJHKFFAH76CB,龍祥段,13.59,都市：商
RPRUOLTLJHKFFAH66CB,龍祥段,13.59,都市：商
RPWUOLTLJHKFFAH17CB,龍祥段,13.59,都市：商
RPOVOLTLJHKFFAH09CB,龍祥段,13.59,都市：商
RPTUOLTLJHKFFAH86CB,龍祥段,13.59,都市：商
RPXUOLTLJHKFFAH27CB,龍祥段,13.59,都市：商
RPVUOLTLJHKFFAH07CB,龍祥段,13.59,都市：商
RPPVOLTLJHKFFAH56CB,龍祥段,13.59,都市：商
RPQVOLTLJHKFFAH66CB,龍祥段,13.59,都市：商
RPUVOLTLJHKFFAH07CB,龍祥段,13.59,都市：商
RPTVOLTLJHKFFAH96CB,龍祥段,13.59,都市：商
RPVVOLTLJHKFFAH17CB,龍祥段,13.59,都市：商
RPWVOLTLJHKFFAH27CB,龍祥段,13.59,都市：商
RPSVOLTLJHKFFAH86CB,龍祥段,13.59,都市：商
RPXVOLTLJHKFFAH37CB,龍祥段,13.59,都市：商
RPOWOLTLJHKFFAH56CB,龍祥段,13.59,都市：商
RPQWOLTLJHKFFAH76CB,龍祥段,13.59,都市：商
RPTWOLTLJHKFFAH07CB,龍祥段,11.70,都市：商
RPPWOLTLJHKFFAH66CB,龍祥段,13.59,都市：商
RPPPMLTLJHKFFBH48CB,培英段,24.51,都市：住
RPSPMLTLJHKFFBH78CB,培英段,31.69,都市：住
RPXOMLTLJHKFFBH56CB,培英段,31.69,都市：住
RPOPMLTLJHKFFBH38CB,培英段,31.69,都市：住
RPRPMLTLJHKFFBH68CB,培英段,31.69,都市：住
RPUPMLTLJHKFFBH98CB,培英段,31.69,都市：住
RPTPMLTLJHKFFBH88CB,培英段,31.69,都市：住
RPQPMLTLJHKFFBH58CB,培英段,31.69,都市：住
RPWOMLTLJHKFFBH09CB,培英段,31.69,都市：住
RPPQMLTLJHKFFBH58CB,培英段,31.69,都市：住
RPQQMLTLJHKFFBH68CB,培英段,31.69,都市：住
RPVPMLTLJHKFFBH09CB,培英段,31.69,都市：住
RPOQMLTLJHKFFBH48CB,培英段,31.69,都市：住
RPTQMLTLJHKFFBH98CB,培英段,31.69,都市：住
RPUQMLTLJHKFFBH09CB,培英段,31.69,都市：住
RPVQMLTLJHKFFBH56CB,培英段,31.69,都市：住
RPSQMLTLJHKFFBH88CB,培英段,31.69,都市：住
RPWQMLTLJHKFFBH66CB,培英段,31.69,都市：住
RPXQMLTLJHKFFBH76CB,培英段,31.69,都市：住
RPORMLTLJHKFFBH58CB,培英段,31.69,都市：住
RPSRMLTLJHKFFBH98CB,培英段,25.11,都市：住
RPRQMLTLJHKFFBH78CB,培英段,31.69,都市：住
RPRRMLTLJHKFFBH88CB,培英段,31.69,都市：住
RPURMLTLJHKFFBH56CB,培英段,24.51,都市：住
RPQRMLTLJHKFFBH78CB,培英段,31.69,都市：住
RPPRMLTLJHKFFBH68CB,培英段,31.69,都市：住
RPTRMLTLJHKFFBH09CB,培英段,24.51,都市：住
RPPSMLTLJHKFFBH78CB,培英段,24.51,都市：住
RPXRMLTLJHKFFBH86CB,培英段,24.51,都市：住
RPWRMLTLJHKFFBH76CB,培英段,24.51,都市：住
RPQSMLTLJHKFFBH88CB,培英段,24.51,都市：住
RPVRMLTLJHKFFBH66CB,培英段,24.51,都市：住
RPOSMLTLJHKFFBH68CB,培英段,25.11,都市：住
RPWSMLTLJHKFFBH86CB,培英段,24.51,都市：住
RPOTMLTLJHKFFBH78CB,培英段,24.51,都市：住
RPRSMLTLJHKFFBH98CB,培英段,24.51,都市：住
RPSSMLTLJHKFFBH09CB,培英段,24.51,都市：住
RPXSMLTLJHKFFBH96CB,培英段,25.11,都市：住
RPTSMLTLJHKFFBH56CB,培英段,24.51,都市：住
RPRTMLTLJHKFFBH09CB,培英段,24.51,都市：住
RPQTMLTLJHKFFBH98CB,培英段,25.11,都市：住
RPUSMLTLJHKFFBH66CB,培英段,23.92,都市：住
RPPTMLTLJHKFFBH88CB,培英段,24.51,都市：住
RPSTMLTLJHKFFBH56CB,培英段,25.11,都市：住
RPTTMLTLJHKFFBH66CB,培英段,24.51,都市：住
RPQUMLTLJHKFFBH09CB,培英段,23.92,都市：住
RPUUMLTLJHKFFBH86CB,培英段,24.51,都市：住
RPSUMLTLJHKFFBH66CB,培英段,24.51,都市：住
RPTUMLTLJHKFFBH76CB,培英段,24.51,都市：住
RPXTMLTLJHKFFBH07CB,培英段,24.51,都市：住
RPRUMLTLJHKFFBH56CB,培英段,24.51,都市：住
RPXUMLTLJHKFFBH17CB,培英段,24.51,都市：住
RPWUMLTLJHKFFBH07CB,培英段,24.51,都市：住
RPPUMLTLJHKFFBH98CB,培英段,24.51,都市：住
RPOVMLTLJHKFFBH98CB,培英段,24.51,都市：住
RPQVMLTLJHKFFBH56CB,培英段,24.51,都市：住
RPVVMLTLJHKFFBH07CB,培英段,25.11,都市：住
RPVUMLTLJHKFFBH96CB,培英段,25.11,都市：住
RPTVMLTLJHKFFBH86CB,培英段,24.51,都市：住
RPUVMLTLJHKFFBH96CB,培英段,24.51,都市：住
RPWVMLTLJHKFFBH17CB,培英段,25.11,都市：住
RPRVMLTLJHKFFBH66CB,培英段,24.51,都市：住
RPPVMLTLJHKFFBH09CB,培英段,24.51,都市：住
RPXVMLTLJHKFFBH27CB,培英段,24.51,都市：住
RPOWMLTLJHKFFBH09CB,培英段,25.71,都市：住
RPSVMLTLJHKFFBH76CB,培英段,25.11,都市：住
RPVWMLTLJHKFFBH17CB,培英段,25.11,都市：住
RPQWMLTLJHKFFBH66CB,培英段,25.11,都市：住
RPRWMLTLJHKFFBH76CB,培英段,25.11,都市：住
RPUWMLTLJHKFFBH07CB,培英段,25.11,都市：住
RPSWMLTLJHKFFBH86CB,培英段,25.11,都市：住
RPPWMLTLJHKFFBH56CB,培英段,25.11,都市：住
RPTWMLTLJHKFFBH96CB,培英段,25.11,都市：住
RPXWMLTLJHKFFBH37CB,培英段,25.11,都市：住
RPONNLTLJHKFFBH28CB,培英段,25.11,都市：住
RPQNNLTLJHKFFBH48CB,培英段,25.71,都市：住
RPWWMLTLJHKFFBH27CB,培英段,25.11,都市：住
RPRNNLTLJHKFFBH58CB,培英段,15.54,都市：住
RPPNNLTLJHKFFBH38CB,培英段,25.71,都市：住
RPOONLTLJHKFFBH38CB,培英段,15.54,都市：住
RPUNNLTLJHKFFBH88CB,培英段,15.54,都市：住
RPXNNLTLJHKFFBH56CB,培英段,15.54,都市：住
RPTNNLTLJHKFFBH78CB,培英段,15.54,都市：住
RPWNNLTLJHKFFBH09CB,培英段,15.54,都市：住
RPSNNLTLJHKFFBH68CB,培英段,15.54,都市：住
RPVNNLTLJHKFFBH98CB,培英段,15.54,都市：住
RPQONLTLJHKFFBH58CB,培英段,15.54,都市：住
RPUONLTLJHKFFBH98CB,培英段,25.71,都市：住
RPRONLTLJHKFFBH68CB,培英段,15.54,都市：住
RPPONLTLJHKFFBH48CB,培英段,15.54,都市：住
RPSONLTLJHKFFBH78CB,培英段,15.54,都市：住
RPTONLTLJHKFFBH88CB,培英段,15.54,都市：住
RPTPNLTLJHKFFBH98CB,培英段,26.31,都市：住
RPSPNLTLJHKFFBH88CB,培英段,26.31,都市：住
RPWONLTLJHKFFBH56CB,培英段,25.71,都市：住
RPRPNLTLJHKFFBH78CB,培英段,25.71,都市：住
RPQPNLTLJHKFFBH68CB,培英段,26.31,都市：住
RPPPNLTLJHKFFBH58CB,培英段,25.71,都市：住
RPVONLTLJHKFFBH09CB,培英段,26.31,都市：住
RPOPNLTLJHKFFBH48CB,培英段,25.71,都市：住
RPXONLTLJHKFFBH66CB,培英段,25.71,都市：住
RPUPNLTLJHKFFBH09CB,培英段,26.31,都市：住
RPQQNLTLJHKFFBH78CB,培英段,25.11,都市：住
RPPQNLTLJHKFFBH68CB,培英段,25.11,都市：住
RPRQNLTLJHKFFBH88CB,培英段,25.11,都市：住
RPOQNLTLJHKFFBH58CB,培英段,25.71,都市：住
RPWPNLTLJHKFFBH66CB,培英段,25.71,都市：住
RPVPNLTLJHKFFBH56CB,培英段,25.71,都市：住
RPSQNLTLJHKFFBH98CB,培英段,25.71,都市：住
RPUQNLTLJHKFFBH56CB,培英段,25.11,都市：住
RPTQNLTLJHKFFBH09CB,培英段,25.11,都市：住
RPVQNLTLJHKFFBH66CB,培英段,25.11,都市：住
RPWQNLTLJHKFFBH76CB,培英段,25.11,都市：住
RPXQNLTLJHKFFBH86CB,培英段,25.71,都市：住
RPPRNLTLJHKFFBH78CB,培英段,25.11,都市：住
RPORNLTLJHKFFBH68CB,培英段,25.11,都市：住
RPRRNLTLJHKFFBH98CB,培英段,15.54,都市：住
RPQRNLTLJHKFFBH88CB,培英段,15.54,都市：住
RPSRNLTLJHKFFBH09CB,培英段,15.54,都市：住
RPURNLTLJHKFFBH66CB,培英段,15.54,都市：住
RPTRNLTLJHKFFBH56CB,培英段,15.54,都市：住
RPVRNLTLJHKFFBH76CB,培英段,15.54,都市：住
RPWRNLTLJHKFFBH86CB,培英段,15.54,都市：住
RPOSNLTLJHKFFBH78CB,培英段,15.54,都市：住
RPPSNLTLJHKFFBH88CB,培英段,15.54,都市：住
RPRSNLTLJHKFFBH09CB,培英段,15.54,都市：住
RPQSNLTLJHKFFBH98CB,培英段,15.54,都市：住
RPXRNLTLJHKFFBH96CB,培英段,15.54,都市：住
RPTSNLTLJHKFFBH66CB,培英段,26.31,都市：住
RPSSNLTLJHKFFBH56CB,培英段,16.14,都市：住
RPRTNLTLJHKFFBH56CB,培英段,26.31,都市：住
RPXSNLTLJHKFFBH07CB,培英段,25.71,都市：住
RPUSNLTLJHKFFBH76CB,培英段,25.71,都市：住
RPWSNLTLJHKFFBH96CB,培英段,25.71,都市：住
RPPTNLTLJHKFFBH98CB,培英段,26.31,都市：住
RPSTNLTLJHKFFBH66CB,培英段,25.71,都市：住
RPVSNLTLJHKFFBH86CB,培英段,26.31,都市：住
RPQTNLTLJHKFFBH09CB,培英段,26.31,都市：住
RPOTNLTLJHKFFBH88CB,培英段,25.71,都市：住
RPXTNLTLJHKFFBH17CB,培英段,25.71,都市：住
RPOUNLTLJHKFFBH98CB,培英段,25.71,都市：住
RPUTNLTLJHKFFBH86CB,培英段,25.71,都市：住
RPTTNLTLJHKFFBH76CB,培英段,26.31,都市：住
RPVTNLTLJHKFFBH96CB,培英段,25.71,都市：住
RPPUNLTLJHKFFBH09CB,培英段,25.71,都市：住
RPSUNLTLJHKFFBH76CB,培英段,25.71,都市：住
RPWTNLTLJHKFFBH07CB,培英段,26.31,都市：住
RPTUNLTLJHKFFBH86CB,培英段,25.71,都市：住
RPRUNLTLJHKFFBH66CB,培英段,26.31,都市：住
RPQUNLTLJHKFFBH56CB,培英段,26.31,都市：住
RPPVNLTLJHKFFBH56CB,培英段,24.51,都市：住
RPVUNLTLJHKFFBH07CB,培英段,26.31,都市：住
RPWUNLTLJHKFFBH17CB,培英段,24.51,都市：住
RPRVNLTLJHKFFBH76CB,培英段,24.51,都市：住
RPSVNLTLJHKFFBH86CB,培英段,25.11,都市：住
RPQVNLTLJHKFFBH66CB,培英段,25.11,都市：住
RPUUNLTLJHKFFBH96CB,培英段,26.31,都市：住
RPWVNLTLJHKFFBH27CB,培英段,25.11,都市：住
RPRWNLTLJHKFFBH86CB,培英段,24.51,都市：住
RPVVNLTLJHKFFBH17CB,培英段,24.51,都市：住
RPUVNLTLJHKFFBH07CB,培英段,25.11,都市：住
RPTVNLTLJHKFFBH96CB,培英段,25.11,都市：住
RPSWNLTLJHKFFBH96CB,培英段,24.51,都市：住
RPXVNLTLJHKFFBH37CB,培英段,25.11,都市：住
RPUWNLTLJHKFFBH17CB,培英段,25.11,都市：住
RPTWNLTLJHKFFBH07CB,培英段,24.51,都市：住
RPPWNLTLJHKFFBH66CB,培英段,24.51,都市：住
RPQWNLTLJHKFFBH76CB,培英段,24.51,都市：住
RPONOLTLJHKFFBH38CB,培英段,25.11,都市：住
RPVWNLTLJHKFFBH27CB,培英段,25.11,都市：住
RPWWNLTLJHKFFBH37CB,培英段,25.11,都市：住
RPPNOLTLJHKFFBH48CB,培英段,24.51,都市：住
RPSNOLTLJHKFFBH78CB,培英段,24.51,都市：住
RPQNOLTLJHKFFBH58CB,培英段,24.51,都市：住
RPXWNLTLJHKFFBH47CB,培英段,24.51,都市：住
RPTNOLTLJHKFFBH88CB,培英段,24.51,都市：住
RPRNOLTLJHKFFBH68CB,培英段,24.51,都市：住
RPXNOLTLJHKFFBH66CB,培英段,24.51,都市：住
RPWNOLTLJHKFFBH56CB,培英段,24.51,都市：住
RPVNOLTLJHKFFBH09CB,培英段,25.11,都市：住
RPUNOLTLJHKFFBH98CB,培英段,24.51,都市：住
RPPOOLTLJHKFFBH58CB,培英段,24.51,都市：住
RPUOOLTLJHKFFBH09CB,培英段,24.51,都市：住
RPQOOLTLJHKFFBH68CB,培英段,25.11,都市：住
RPXOOLTLJHKFFBH76CB,培英段,24.51,都市：住
RPOPOLTLJHKFFBH58CB,培英段,25.11,都市：住
RPPPOLTLJHKFFBH68CB,培英段,24.51,都市：住
RPTOOLTLJHKFFBH98CB,培英段,25.11,都市：住
RPVOOLTLJHKFFBH56CB,培英段,25.11,都市：住
RPSOOLTLJHKFFBH88CB,培英段,24.51,都市：住
RPWOOLTLJHKFFBH66CB,培英段,24.51,都市：住
RPQPOLTLJHKFFBH78CB,培英段,33.48,都市：住
RPSPOLTLJHKFFBH98CB,培英段,33.48,都市：住
RPRPOLTLJHKFFBH88CB,培英段,34.08,都市：住
RPTPOLTLJHKFFBH09CB,培英段,33.48,都市：住
RPROOLTLJHKFFBH78CB,培英段,24.51,都市：住
RPUPOLTLJHKFFBH56CB,培英段,33.48,都市：住
RPVPOLTLJHKFFBH66CB,培英段,33.48,都市：住
RPWPOLTLJHKFFBH76CB,培英段,33.48,都市：住
RPQQOLTLJHKFFBH88CB,培英段,33.48,都市：住
RPPQOLTLJHKFFBH78CB,培英段,33.48,都市：住
RPSQOLTLJHKFFBH09CB,培英段,33.48,都市：住
RPRQOLTLJHKFFBH98CB,培英段,33.48,都市：住
RPXPOLTLJHKFFBH86CB,培英段,33.48,都市：住
RPOQOLTLJHKFFBH68CB,培英段,33.48,都市：住
RPTQOLTLJHKFFBH56CB,培英段,24.51,都市：住
RPQROLTLJHKFFBH98CB,培英段,24.51,都市：住
RPOROLTLJHKFFBH78CB,培英段,24.51,都市：住
