﻿編號,屋齡,建物移轉面積平方公尺,主要用途,主要建材,建築完成日期,總層數,建物分層
The serial number,room age,building shifting area square meter,the main use,main building materials,construction completes the date,total layer,building lamination
RPUNMLNJJIJFFAM28CA,20,88.47,住家用,鋼筋混凝土造,84年2月16日,十三層,七層
RPUNMLNJJIJFFAM28CA,20,23.37,見其他登記事項,鋼筋混凝土造,84年2月16日,十三層,
RPPNMLRLJIJFFAM38CA,,177.59,住家用,鋼筋混凝土造,103年5月30日,四層,一層 二層 三層 四層
RPWNMLOJJIJFFBM68CA,19,183.27,住商用,鋼筋混凝土造,84年12月30日,四層,一層 二層 三層 四層 騎樓
RPTNMLQJJIJFFCM78DA,20,91.08,見其他登記事項,鋼筋混凝土造,83年5月30日,七層,七層
RPTNMLQJJIJFFCM78DA,20,15.56,見其他登記事項,鋼筋混凝土造,83年5月30日,七層,
RPTNMLQJJIJFFCM78DA,20,235.62,見其他登記事項,鋼筋混凝土造,83年5月30日,七層,
RPPNMLRJJIJFFCM48DA,34,73.98,住商用,見其他登記事項,70年1月16日,二層,一層 二層
RPUNMLRJJIJFFDM98CA,25,180.58,住家用,鋼筋混凝土造,78年11月28日,三層,一層 二層 三層
RPRNMLTKJIJFFCM88CA,26,233.62,住家用,鋼筋混凝土造,78年2月22日,四層,三層 四層 一層 二層
RPRNMLOLJIJFFAM38DA,25,224.32,住家用,鋼筋混凝土造,78年11月8日,三層,一層 二層 三層
RPTNMLLKJIJFFCM28CA,34,18.21,住家用,加強磚造,70年1月23日,一層,一層
RPUNMLQJJIJFFCM78CA,33,117.60,住家用,加強磚造,70年10月15日,二層,一層 二層 騎樓
RPTNMLRLJIJFFAM78CA,1,161.30,住家用,鋼筋混凝土造,102年12月3日,四層,一層 二層 三層 四層
RPTNMLNKJIJFFCM48CA,19,175.01,住家用,鋼筋混凝土造,84年12月30日,四層,一層 二層 三層 四層
RPRNMLMKJIJFFAM97CA,29,189.56,住家用,鋼筋混凝土造,74年9月4日,二層,一層 二層 騎樓
RPWNMLPJJIJFFAM68CA,21,77.93,住家用,鋼筋混凝土造,82年11月10日,十四層,十一層
RPWNMLPJJIJFFAM68CA,21,13.50,見其他登記事項,鋼筋混凝土造,82年11月10日,十四層,
RPWNMLPJJIJFFAM68CA,21,8.47,見其他登記事項,鋼筋混凝土造,82年11月10日,十四層,
RPTNMLPJJIJFFAM38CA,41,98.98,住家用,鋼筋混凝土加強磚造,62年12月28日,二層,一層 二層
RPTNMLNKJIJFFAM28CA,34,178.56,住商用,鋼筋混凝土加強磚造,69年12月1日,三層,一層 二層 三層 騎樓
RPOOMLQJJIJFFAM08CA,17,119.87,住家用,鋼筋混凝土造,86年9月19日,十四層,一層 二層
RPOOMLQJJIJFFAM08CA,17,30.05,見其他登記事項,鋼筋混凝土造,86年9月19日,十四層,
RPOOMLQJJIJFFAM08CA,17,16.90,停車空間,鋼筋混凝土造,86年9月19日,十四層,
RPSNMLKKJIJFFAM87CA,19,56.34,住家用,鋼筋混凝土造,84年8月19日,三層,三層 電梯樓梯間 一層 二層
RPUNMLNKJIJFFAM38CA,34,158.40,住商用,鋼筋混凝土加強磚造,69年12月1日,三層,一層 二層 三層 騎樓
RPXNMLKKJIJFFBM48CA,19,131.35,住商用,鋼筋混凝土造,84年9月21日,八層,一層 二層 三層 騎樓
RPXNMLQJJIJFFAM88CA,2,242.91,見其他登記事項,鋼筋混凝土造,101年12月27日,四層,一層 二層 三層 四層
RPXNMLKKJIJFFBM48CA,19,37.98,見其他登記事項,鋼筋混凝土造,84年9月21日,八層,
RPVNMLKLJIJFFAM28CA,2,208.87,見其他登記事項,鋼筋混凝土造,101年8月21日,三層,一層 二層 三層 見其他登記事項
RPXNMLNKJIJFFBM78CA,2,162.31,住家用,鋼筋混凝土造,101年7月19日,四層,一層 二層 三層 四層
RPXNMLNKJIJFFBM78CA,2,12.88,住家用,見其他登記事項,101年12月13日,一層,
RPXNMLOKJIJFFBM88CA,24,113.97,商業用,鋼筋混凝土造,80年3月23日,十二層,八層
RPXNMLOKJIJFFBM88CA,24,61.97,見其他登記事項,鋼筋混凝土造,80年3月23日,十二層,
RPXNMLOKJIJFFBM88CA,24,7.84,見其他登記事項,鋼筋混凝土造,80年3月23日,十二層,
RPXNMLOKJIJFFBM88CA,24,.53,見其他登記事項,鋼筋混凝土造,80年3月23日,十二層,
RPOOMLTKJIJFFBM58CA,19,28.14,住家用,鋼筋混凝土造,84年9月27日,十二層,四層
RPOOMLTKJIJFFBM58CA,19,7.60,見其他登記事項,鋼筋混凝土造,84年9月27日,十二層,
RPVNMLOKJIJFFBM68CA,32,137.15,住家用,鋼筋混凝土加強磚造,71年6月14日,二層,一層 二層
RPSNMLRKJIJFFBM68CA,14,139.35,住家用,鋼筋混凝土造,89年12月12日,四層,一層 二層 三層 四層
RPRNMLKKJIJFFCM97CA,43,194.73,住家用,鋼筋混凝土加強磚造,60年9月1日,二層,一層 二層 騎樓
RPVNMLOKJIJFFCM78CA,31,105.97,住家用,加強磚造,72年11月23日,二層,一層 二層 騎樓
RPUNMLNKJIJFFCM58CA,19,146.54,住家用,鋼筋混凝土造,84年12月30日,四層,一層 二層 三層 四層
RPPOMLNKJIJFFCM18CA,26,286.44,住商用,鋼筋混凝土造,77年11月29日,四層,一層 二層 三層 四層 騎樓
RPRNMLKKJIJFFDM08CA,19,49.13,見其他登記事項,鋼筋混凝土造,85年3月9日,七層,二層
RPRNMLRKJIJFFDM78CA,23,208.41,住家用,鋼筋混凝土造,81年2月15日,二層,一層 二層 電梯樓梯間
RPPNMLNKJIJFFDM18CA,34,120.82,住商用,鋼筋混凝土加強磚造,69年12月8日,二層,一層 二層 騎樓
RPWNMLOKJIJFFCM88CA,18,172.50,見其他登記事項,鋼筋混凝土加強磚造,85年5月2日,二層,一層 二層
RPRNMLRJJIJFFCM58CA,46,36.82,住家用,鋼筋混凝土加強磚造,57年7月25日,二層,一層 二層
RPRNMLRJJIJFFCM58CA,46,36.82,住家用,鋼筋混凝土加強磚造,57年7月25日,二層,一層 二層
RPXNMLQLJIJFFCM66CA,20,193.63,見其他登記事項,鋼筋混凝土造,83年7月8日,十二層,一層 二層
RPXNMLQLJIJFFCM66CA,20,8.54,見其他登記事項,鋼筋混凝土造,83年7月8日,十二層,
RPWNMLNKJIJFFBM68CA,19,184.79,住商用,鋼筋混凝土造,84年6月1日,四層,一層 二層 三層 四層
RPROMLKKJIJFFAM87CA,12,350.61,見其他登記事項,鋼筋混凝土造,91年5月14日,四層,一層 二層 三層 四層 騎樓
RPWNMLLKJIJFFBM48CA,7,194.20,見其他登記事項,鋼筋混凝土造,97年1月8日,四層,一層 二層 三層 四層
RPQNMLMKJIJFFAM87CA,10,87.61,住家用,鋼筋混凝土造,93年12月28日,十二層,五層
RPQNMLMKJIJFFAM87CA,10,15.04,住家用,鋼筋混凝土造,93年12月28日,十二層,
RPQNMLMKJIJFFAM87CA,10,10.38,見其他登記事項,鋼筋混凝土造,93年12月28日,十二層,
RPVNMLRKJIJFFAM88CA,35,111.42,住家用,鋼筋混凝土加強磚造,68年8月14日,二層,一層 二層
RPUNMLLKJIJFFBM28CA,35,115.68,住家用,鋼筋混凝土加強磚造,68年11月23日,二層,一層 二層 騎樓
RPPOMLLKJIJFFBM87CA,7,174.03,住家用,鋼筋混凝土造,96年5月10日,四層,一層 二層 三層 四層
RPPOMLLKJIJFFBM87CA,7,16.75,見其他登記事項,鋼筋混凝土造,96年5月10日,一層,
RPTNMLSKJIJFFCM98CA,16,93.66,見其他登記事項,鋼筋混凝土造,87年12月31日,八層,四層
RPTNMLSKJIJFFCM98CA,16,59.72,見其他登記事項,鋼筋混凝土造,87年12月31日,八層,
RPQNMLQLJIJFFBM48CA,44,114.40,住家用,鋼筋混凝土加強磚造,59年5月9日,三層,一層 二層 三層
RPSNMLKKJIJFFCM08CA,28,175.79,住商用,鋼筋混凝土造,76年1月23日,二層,一層 二層 騎樓
RPSNMLSKJIJFFCM88CA,10,110.94,見其他登記事項,鋼筋混凝土造,93年11月12日,十層,十層
RPSNMLSKJIJFFCM88CA,10,41.95,見其他登記事項,鋼筋混凝土造,93年11月12日,十層,
RPRNMLKKJIJFFAM77CA,21,185.25,住家用,鋼筋混凝土造,83年1月11日,四層,一層 二層 三層 四層 屋頂突出物
RPUNMLLKJIJFFCM38CA,35,37.66,住家用,加強磚造,68年9月11日,二層,一層 二層 騎樓
RPVNMLLLJIJFFAM48DA,35,96.27,住商用,鋼筋混凝土加強磚造,69年4月12日,二層,一層 二層 騎樓
RPPNMLLKJIJFFCM97DA,20,121.74,住商用,鋼筋混凝土造,83年7月23日,三層,一層 二層 三層
RPPNMLLKJIJFFEM08CA,8,215.76,住家用,見其他登記事項,96年2月15日,三層,一層 二層 三層
RPQNMLNKJIJFFCM18CA,15,193.80,見其他登記事項,鋼筋混凝土造,88年7月13日,三層,一層 二層 三層 屋頂突出物 騎樓
RPPNMLOJKIJFFDM38DA,13,147.52,住家用,鋼筋混凝土造,90年10月5日,三層,一層 二層 三層 電梯樓梯間
RPSOMLNKJIJFFCM48CA,10,204.95,住商用,鋼筋混凝土造,93年10月5日,十層,一層 二層
RPRNMLRKJIJFFBM58CA,33,101.08,住商用,鋼筋混凝土造,70年11月15日,二層,一層 二層 騎樓
RPRNMLMKJIJFFBM08CA,34,117.17,住家用,鋼筋混凝土加強磚造,69年12月1日,二層,一層 二層
RPXNMLSLJIJFFBM76CA,1,179.21,見其他登記事項,鋼筋混凝土造,102年6月26日,三層,一層 二層 三層 見其他登記事項
RPQOMLKKJIJFFAM77CA,,174.35,見其他登記事項,鋼筋混凝土造,103年7月10日,三層,一層 二層 三層 屋頂突出物
RPWNMLSLJIJFFBM66CA,2,180.74,住家用,鋼筋混凝土造,101年10月23日,四層,一層 二層 三層 四層
RPRNMLNKJIJFFBM18CA,17,120.01,住家用,鋼筋混凝土造,86年6月30日,三層,一層 二層 三層
RPRNMLNKJIJFFBM18CA,17,.17,見其他登記事項,鋼筋混凝土造,86年6月30日,一層,
RPRNMLNKJIJFFBM18CA,17,35.47,停車空間,鋼筋混凝土造,86年6月30日,地下層,
RPTNMLMKJIJFFAM18CA,20,85.63,住家用,鋼筋混凝土造,83年10月7日,十一層,四層
RPTNMLMKJIJFFAM18CA,20,33.27,見其他登記事項,鋼筋混凝土造,83年10月7日,十一層,
RPPNMLNKJIJFFAM87CA,14,442.88,見其他登記事項,鋼筋混凝土造,90年3月15日,四層,一層 二層 三層 四層
RPTOMLNKJIJFFAM38CA,6,198.24,住家用,鋼筋混凝土造,97年7月4日,四層,一層 二層 三層 四層 屋頂突出物
RPQNMLOKJIJFFBM18CA,23,64.90,住家用,鋼筋混凝土造,80年8月31日,六層,三層
RPQNMLOKJIJFFBM18CA,23,21.21,見其他登記事項,鋼筋混凝土造,80年8月31日,六層,
RPQNMLOKJIJFFBM18CA,23,7.72,見其他登記事項,鋼筋混凝土造,80年8月31日,六層,
RPXNMLMKJIJFFAM58CA,32,176.03,住商用,鋼筋混凝土造,72年4月11日,四層,一層 二層 三層 四層 騎樓
RPPOMLNJKIJFFCM18CA,38,85.88,住家用,鋼筋混凝土加強磚造,65年10月5日,二層,一層 二層
RPPNMLMKJIJFFEM18CA,33,125.40,國民住宅,鋼筋混凝土加強磚造,71年4月10日,二層,一層 二層 騎樓
RPOOMLLJKIJFFCM97DA,19,145.48,住家用,鋼筋混凝土造,84年12月30日,四層,一層 二層 三層 四層
RPPNMLSKJIJFFEM78CA,36,129.84,住商用,鋼筋混凝土加強磚造,67年9月22日,二層,一層 二層 騎樓
RPQNMLOKJIJFFCM38DA,22,90.44,住家用,鋼筋混凝土造,81年7月14日,十層,七層
RPQNMLOKJIJFFCM38DA,22,30.99,共有部份,鋼筋混凝土造,81年7月14日,地下層,
RPSNMLOKJIJFFCM48CA,19,154.23,見其他登記事項,鋼筋混凝土造,85年2月9日,十五層,一層 二層
RPUNMLPLJIJFFCM88CA,19,101.12,見其他登記事項,鋼筋混凝土造,84年10月2日,七層,六層
RPUNMLPLJIJFFCM88CA,19,30.98,見其他登記事項,鋼筋混凝土造,84年10月2日,七層,
RPPNMLSKJIJFFAM38CA,20,79.97,住家用,鋼筋混凝土造,83年6月17日,八層,三層
RPPNMLSKJIJFFAM38CA,20,35.06,見其他登記事項,鋼筋混凝土造,83年6月17日,八層,
RPROMLRKJIJFFBM68CA,20,56.19,住家用,鋼筋混凝土造,83年10月18日,五層,一層
RPROMLRKJIJFFBM68CA,20,11.54,見其他登記事項,鋼筋混凝土造,83年10月18日,五層,
RPQNMLPJKIJFFBM28CA,2,206.21,見其他登記事項,鋼筋混凝土造,101年4月16日,三層,一層 二層 三層 見其他登記事項
RPROMLLLJIJFFAM08CA,35,121.93,住商用,鋼筋混凝土加強磚造,68年8月29日,二層,一層 二層 騎樓
RPWOMLNKJIJFFAM68CA,34,113.41,住商用,鋼筋混凝土加強磚造,69年12月10日,二層,一層 二層 騎樓
RPRNMLPJKIJFFBM38CA,2,206.29,見其他登記事項,鋼筋混凝土造,101年4月16日,03,一層 二層 三層 見其他登記事項
RPRNMLRKJIJFFAM48CA,34,76.25,住家用,鋼筋混凝土加強磚造,69年10月1日,二層,一層 二層
RPSNMLLLJIJFFAM08CA,25,140.32,住家用,鋼筋混凝土加強磚造,79年4月11日,二層,一層 二層
RPWNMLKLJIJFFAM38CA,,179.21,見其他登記事項,鋼筋混凝土造,103年9月15日,三層,一層 二層 三層 屋頂突出物
RPPNMLQLJIJFFBM38CA,3,249.79,住家用,鋼筋混凝土造,100年10月7日,四層,一層 二層 三層 四層
RPQPMLQLJIJFFCM78CA,34,20.46,住家用,加強磚造,70年1月23日,一層,一層
RPSNMLRLJIJFFCM88CA,35,83.77,住家用,鋼筋混凝土加強磚造,69年2月9日,二層,一層 二層
RPWNMLPLJIJFFCM09CA,35,54.30,住家用,鋼筋混凝土加強磚造,69年2月11日,一層,一層
RPWNMLLLJIJFFCM68CA,16,219.22,住家用,鋼筋混凝土造,87年11月13日,二層,二層 屋頂突出物 一層
RPPNMLTKJIJFFAM58DA,18,86.00,農舍,見其他登記事項,85年12月6日,一層,一層
RPOOMLRKJIJFFBM48DA,1,168.59,見其他登記事項,鋼筋混凝土造,103年2月17日,三層,一層 二層 三層 見其他登記事項
RPPNMLLJKIJFFDM08DA,18,184.09,住家用,鋼筋混凝土造,85年10月11日,三層,一層 二層 三層 電梯樓梯間
RPSNMLLLJIJFFBM18CA,20,73.90,住家用,鋼筋混凝土造,83年10月8日,七層,七層
RPSNMLLLJIJFFBM18CA,20,24.62,見其他登記事項,鋼筋混凝土造,83年10月8日,七層,
RPPNMLKLJIJFFCM87CA,36,69.29,住家用,鋼筋混凝土加強磚造,67年6月1日,一層,一層
RPWNMLRKJIJFFBM09CA,57,123.00,住商用,磚造,47年1月1日,二層,
RPVNMLPLJIJFFCM98CA,20,247.55,住家用,鋼筋混凝土造,83年10月19日,四層,一層 二層 三層 四層 地下層
RPVNMLPLJIJFFCM98CA,20,25.09,見其他登記事項,鋼筋混凝土造,83年10月19日,,
RPPNMLTKJIJFFBM58CA,19,10.01,見其他登記事項,鋼筋混凝土造,84年9月27日,十二層,
RPPNMLTKJIJFFBM58CA,19,27.71,住家用,鋼筋混凝土造,84年9月27日,十二層,十二層
RPVNMLRLJIJFFAM98CA,1,169.81,住家用,鋼筋混凝土造,103年1月22日,三層,一層 二層 三層
RPVNMLTKJIJFFBM56CA,,197.20,見其他登記事項,鋼筋混凝土造,103年8月27日,四層,一層 二層 三層 四層
RPRNMLRLKIJFFCM88CA,49,48.49,住家用,鋼筋混凝土加強磚造,54年12月15日,一層,一層
RPUNMLTKJIJFFBM09CA,,218.27,住家用,鋼筋混凝土造,103年8月27日,四層,一層 二層 三層 四層
RPPNMLMJKIJFFAM77CA,1,157.10,住家用,鋼筋混凝土造,103年1月22日,三層,一層 二層 三層
RPQNMLSKJIJFFAM48CA,20,97.76,住家用,鋼筋混凝土造,84年2月16日,十三層,四層
RPQNMLSKJIJFFAM48CA,20,23.87,見其他登記事項,鋼筋混凝土造,84年2月16日,十三層,
RPQNMLLLJIJFFAM87CA,40,145.65,住商用,鋼筋混凝土加強磚造,63年12月17日,三層,一層 二層 三層
RPWNMLRLJIJFFAM09CA,18,26.24,,鋼筋混凝土造,85年11月30日,七層,
RPWNMLRLJIJFFAM09CA,18,7.50,,鋼筋混凝土造,85年11月30日,七層,
RPWNMLRLJIJFFAM09CA,18,.49,見其他登記事項,鋼筋混凝土造,85年11月30日,七層,
RPWNMLRLJIJFFAM09CA,18,.00,,鋼筋混凝土造,85年11月30日,七層,
RPWNMLRLJIJFFAM09CA,18,87.78,住家用,鋼筋混凝土造,85年11月30日,七層,三層
RPPNMLQKKIJFFAM28CA,1,286.61,住家用,鋼筋混凝土造,103年1月7日,四層,一層 二層 三層 四層
RPQOMLMJKIJFFAM97CA,17,233.77,住商用,鋼筋混凝土造,86年10月27日,四層,一層 二層 三層 四層 屋頂突出物
RPQOMLMJKIJFFAM97CA,17,31.81,見其他登記事項,鋼筋混凝土造,87年1月6日,四層,
RPPOMLLJKIJFFCM97CA,19,170.87,見其他登記事項,鋼筋混凝土造,85年4月20日,三層,一層 二層 三層 屋頂突出物 騎樓
RPPNMLSLJIJFFCM68CA,21,99.62,見其他登記事項,鋼筋混凝土造,82年8月30日,七層,五層
RPPNMLSLJIJFFCM68CA,21,20.81,見其他登記事項,鋼筋混凝土造,82年8月30日,見其他登記事項,
RPSNMLNJKIJFFBM28CA,18,222.97,住家用,鋼筋混凝土造,85年4月25日,四層,一層 二層 三層 四層
RPSOMLRLJIJFFCM98CA,37,138.49,住家用,鋼筋混凝土加強磚造,66年5月2日,二層,一層 二層 騎樓
RPSNMLTKJIJFFCM98CA,33,55.56,住家用,加強磚造,70年10月27日,一層,一層
RPVNMLKKKIJFFAM28CA,20,93.23,住家用,鋼筋混凝土造,83年11月9日,十六層,一層
RPVNMLKKKIJFFAM28CA,20,14.11,見其他登記事項,鋼筋混凝土造,83年11月9日,十六層,
RPSNMLMJKIJFFCM28CA,20,207.81,住家用,鋼筋混凝土造,84年2月27日,四層,一層 二層 三層 四層 屋頂突出物 地下層
RPSNMLMJKIJFFCM28CA,20,39.31,見其他登記事項,鋼筋混凝土造,84年2月27日,,
RPSNMLPJKIJFFAM38CA,21,79.80,住家用,鋼筋混凝土造,82年11月10日,十四層,九層
RPSNMLPJKIJFFAM38CA,21,17.15,見其他登記事項,鋼筋混凝土造,82年11月10日,十四層,
RPSNMLPJKIJFFAM38CA,21,8.47,見其他登記事項,鋼筋混凝土造,82年11月10日,十四層,
RPSNMLPJKIJFFAM38CA,21,.50,見其他登記事項,鋼筋混凝土造,82年11月10日,十四層,
RPSNMLPJKIJFFAM38CA,21,7.50,見其他登記事項,鋼筋混凝土造,82年11月10日,十四層,
RPROMLTKJIJFFAM78CA,7,204.90,住家用,鋼筋混凝土造,96年8月16日,四層,一層 二層 三層 四層
RPVNMLSLJIJFFBM56CA,,200.54,見其他登記事項,鋼筋混凝土造,103年8月27日,四層,一層 二層 三層 四層
RPWNMLTKJIJFFBM66CA,20,153.51,住家用,鋼筋混凝土造,83年6月28日,四層,一層 二層 三層 四層
RPROMLNJKIJFFCM38CA,36,57.60,住商用,鋼筋混凝土加強磚造,67年11月16日,三層,一層 二層 三層 騎樓
RPQNMLKLJIJFFCM97CA,3,247.10,見其他登記事項,鋼筋混凝土造,100年12月1日,四層,一層 二層 三層 四層 騎樓
RPQOMLQLJIJFFCM68CA,20,160.23,住商用,鋼筋混凝土造,83年5月30日,七層,一層 二層 騎樓 地下層
RPQOMLQLJIJFFCM68CA,20,38.96,見其他登記事項,鋼筋混凝土造,83年5月30日,七層,
RPVNMLOLJIJFFCM88CA,41,132.20,住家用,鋼筋混凝土加強磚造,62年12月24日,二層,一層 二層 騎樓
RPVNMLPKKIJFFCM98CA,19,85.83,見其他登記事項,鋼筋混凝土造,84年10月2日,七層,五層
RPROMLOKJHKFFCM48CA,17,183.05,見其他登記事項,見其他登記事項,87年3月12日,三層,一層 二層 三層
RPUNMLRLJIJFFAM98DA,23,59.34,住家用,鋼筋混凝土造,81年4月30日,六層,五層
RPQNMLLLJIJFFBM08DA,24,486.77,農舍,加強磚造,79年6月15日,二層,一層 二層
RPOOMLSJKIJFFBM48CA,10,153.91,住家用,鋼筋混凝土造,93年10月18日,四層,一層 二層 三層 四層
RPPNMLPKKIJFFBM28CA,34,164.64,住商用,鋼筋混凝土造,69年8月20日,三層,一層 二層 三層 騎樓
RPTNMLOLJIJFFCM68CA,31,103.20,住家用,加強磚造,72年6月13日,二層,一層 二層
RPQOMLLLJIJFFBM08CA,33,128.93,住商用,鋼筋混凝土造,70年8月14日,二層,一層 二層 騎樓
RPSNMLPLJIJFFDM78CA,30,223.28,住商用,鋼筋混凝土加強磚造,73年8月15日,三層,一層 二層 三層 騎樓
RPQNMLPLJIJFFBM38CA,19,81.00,住家用,鋼筋混凝土造,84年5月12日,八層,四層
RPQNMLPLJIJFFBM38CA,19,27.57,見其他登記事項,鋼筋混凝土造,84年5月12日,八層,
RPUNMLOLJIJFFCM78CA,23,75.93,住家用,鋼筋混凝土造,81年1月16日,三層,一層 二層 三層
RPQNMLSLJIJFFBM68CA,24,185.95,住家用,鋼筋混凝土造,79年12月15日,三層,一層 二層 三層
RPPNMLTLJIJFFBM68CA,,45.00,農舍,見其他登記事項,103年10月6日,一層,一層
RPRNMLPJKIJFFAM28CA,39,48.84,農舍,鋼筋混凝土加強磚造,64年4月10日,二層,一層 二層
RPPNMLPLJIJFFAM18CA,20,120.51,住家用,鋼筋混凝土造,83年11月9日,十六層,四層
RPVNMLSLJIJFFAM09CA,25,134.68,住家用,鋼筋混凝土造,78年8月2日,三層,一層 二層 三層
RPPNMLPLJIJFFCM38CA,13,50.94,見其他登記事項,鋼骨鋼筋混凝土造,91年3月26日,三層,一層 二層 三層 屋頂突出物 騎樓
RPSPMLRKKIJFFBM98CA,,193.16,見其他登記事項,鋼筋混凝土造,103年9月1日,四層,一層 二層 三層 四層 騎樓
RPTPMLRKKIJFFBM09CA,,193.16,見其他登記事項,鋼筋混凝土造,103年9月1日,四層,一層 二層 三層 四層 騎樓
RPVPMLRKKIJFFBM66CA,,193.16,見其他登記事項,鋼筋混凝土造,103年9月1日,四層,一層 二層 三層 四層 騎樓
RPUPMLRKKIJFFBM56CA,,193.16,見其他登記事項,鋼筋混凝土造,103年9月1日,四層,一層 二層 三層 四層 騎樓
RPWPMLRKKIJFFBM76CA,,195.65,見其他登記事項,鋼筋混凝土造,103年9月1日,四層,一層 二層 三層 四層 騎樓
RPRPMLRKKIJFFBM88CA,,375.77,見其他登記事項,鋼筋混凝土造,103年9月1日,四層,一層 二層 三層 四層 騎樓 見其他登記事項
RPWNMLRKKIJFFBM56CA,,245.15,見其他登記事項,鋼筋混凝土造,103年9月1日,四層,一層 二層 三層 四層
RPUNMLRKKIJFFBM98CA,,192.39,見其他登記事項,鋼筋混凝土造,103年9月1日,三層,一層 二層 三層 見其他登記事項
RPOOMLRKKIJFFBM48CA,,237.43,見其他登記事項,鋼筋混凝土造,103年9月1日,四層,一層 二層 三層 四層
RPXNMLRKKIJFFBM66CA,,243.13,見其他登記事項,鋼筋混凝土造,103年9月1日,四層,一層 二層 三層 四層
RPVNMLRKKIJFFBM09CA,,232.40,見其他登記事項,鋼筋混凝土造,103年9月1日,四層,一層 二層 三層 四層
RPSNMLRKKIJFFBM78CA,,200.66,見其他登記事項,鋼筋混凝土造,103年9月1日,三層,一層 二層 三層 見其他登記事項
RPPNMLRLJIJFFDM68CA,19,23.16,見其他登記事項,鋼筋混凝土造,85年3月9日,七層,二層
RPPNMLRLJIJFFDM68CA,19,3.84,見其他登記事項,鋼筋混凝土造,85年3月9日,七層,
RPPNMLRLJIJFFDM68CA,19,4.29,見其他登記事項,鋼筋混凝土造,85年3月9日,七層,
RPRNMLRKKIJFFBM68CA,,203.15,見其他登記事項,鋼筋混凝土造,103年9月1日,三層,一層 二層 三層 騎樓 見其他登記事項
RPRNMLNJKIJFFBM28DA,10,312.10,農舍,見其他登記事項,94年2月24日,二層,一層 二層
RPUNMLLLJIJFFDM58CA,25,180.58,住家用,鋼筋混凝土造,78年11月28日,三層,一層 二層 三層
RPPNMLQLJIJFFCM58DA,16,125.79,住家用,鋼筋混凝土造,87年10月19日,三層,一層 二層 三層
RPPOMLRKKIJFFBM58CA,,216.20,見其他登記事項,鋼筋混凝土造,103年9月2日,三層,一層 二層 三層 見其他登記事項
RPROMLRKKIJFFBM78CA,,203.02,見其他登記事項,鋼筋混凝土造,103年9月2日,三層,一層 二層 三層 見其他登記事項
RPUOMLRKKIJFFBM09CA,,209.86,見其他登記事項,鋼筋混凝土造,103年9月2日,四層,一層 二層 三層 四層
RPTOMLRKKIJFFBM98CA,,215.98,見其他登記事項,鋼筋混凝土造,103年9月2日,三層,一層 二層 三層 見其他登記事項
RPVOMLRKKIJFFBM56CA,,195.20,見其他登記事項,鋼筋混凝土造,103年9月2日,三層,一層 二層 三層 見其他登記事項
RPQOMLRKKIJFFBM68CA,,207.05,見其他登記事項,鋼筋混凝土造,103年9月2日,三層,一層 二層 三層 見其他登記事項
RPSOMLRKKIJFFBM88CA,,207.12,見其他登記事項,鋼筋混凝土造,103年9月2日,三層,一層 二層 三層 見其他登記事項
RPWOMLRKKIJFFBM66CA,,176.69,見其他登記事項,鋼筋混凝土造,103年9月2日,三層,一層 二層 三層 見其他登記事項
RPUOMLQLJIJFFCM09CA,1,229.31,住家用,鋼筋混凝土造,103年2月13日,四層,一層 二層 三層 四層
RPWNMLRLJIJFFCM66CA,43,198.64,住商用,鋼筋混凝土加強磚造,60年8月1日,三層,一層 二層 三層 騎樓
RPSNMLQLJIJFFBM68CA,42,102.56,住家用,鋼筋混凝土加強磚造,61年8月3日,二層,一層 二層
RPTNMLQLJIJFFBM78CA,55,144.80,住家用,磚造,48年10月1日,二層,一層 二層 騎樓
RPXNMLTKKIJFFCM96CA,14,127.06,住家用,鋼筋混凝土造,89年12月30日,三層,一層 二層 三層
RPXNMLSJKIJFFAM56CA,6,248.71,住家用,鋼筋混凝土造,97年4月10日,四層,一層 二層 三層 四層
RPTNMLRKKIJFFAM78CA,22,163.70,住家用,鋼筋混凝土造,81年9月3日,三層,一層 二層 三層
RPRNMLTKKIJFFCM98CA,35,84.76,住家用,加強磚造,68年7月29日,二層,一層 二層
RPPOMLQLJIJFFCM58CA,12,186.20,住家用,鋼筋混凝土造,91年11月5日,四層,一層 二層 三層 四層
RPQNMLSLJIJFFCM78CA,35,91.28,住商用,加強磚造,69年3月22日,二層,一層 二層
RPVNMLMJKIJFFCM58CA,10,36.80,住家用,見其他登記事項,93年8月12日,二層,一層 二層
RPQNMLOJKIJFFCM28CA,19,89.14,見其他登記事項,鋼筋混凝土造,85年2月9日,十五層,八層
RPQNMLOJKIJFFCM28CA,19,17.77,見其他登記事項,鋼筋混凝土造,85年2月9日,十五層,
RPPOMLTJKIJFFCM78CA,4,26.37,見其他登記事項,見其他登記事項,100年1月19日,一層,
RPPPMLRKKIJFFBM68CA,,330.64,見其他登記事項,鋼筋混凝土造,103年9月2日,四層,一層 二層 三層 四層 見其他登記事項
RPQPMLRKKIJFFBM78CA,,326.74,見其他登記事項,鋼筋混凝土造,103年9月1日,四層,一層 二層 三層 四層
RPVNMLRLJIJFFCM56CA,19,146.54,住家用,鋼筋混凝土造,84年12月30日,四層,一層 二層 三層 四層
RPTNMLSJKIJFFBM88CA,20,193.20,住家用,鋼筋混凝土造,83年12月16日,五層,五層 一層 二層 三層 四層
RPUNMLQLJIJFFAM88DA,9,36.86,住家用,鋼筋混凝土造,94年10月26日,五層,一層
RPVNMLSJKIJFFDM66CA,34,120.82,住商用,鋼筋混凝土加強磚造,69年12月8日,二層,一層 二層 騎樓
RPVOMLNJKIJFFCM78CA,20,166.46,住商用,鋼筋混凝土造,83年5月30日,七層,一層 二層 騎樓 地下一層
RPVOMLNJKIJFFCM78CA,20,40.65,見其他登記事項,鋼筋混凝土造,83年5月30日,七層,
RPRNMLRKKIJFFDM88CA,32,99.30,住商用,鋼筋混凝土加強磚造,72年4月27日,二層,一層 二層 騎樓
RPXNMLTKKIJFFBM86CA,17,190.34,住家用,鋼筋混凝土造,87年5月2日,三層,一層 二層 三層 電梯樓梯間
RPQNMLQLJIJFFEM78CA,10,579.65,住家用,鋼筋混凝土造,93年7月19日,四層,一層 二層 三層 四層 屋頂突出物
RPTNMLQLJIJFFAM68CA,20,12.67,停車空間,鋼筋混凝土造,84年2月16日,十三層,
RPQNMLMKKIJFFAM97CA,17,139.81,見其他登記事項,鋼筋混凝土造,86年9月30日,三層,一層 二層 三層
RPQNMLNLKIJFFAM18CA,18,171.93,農舍,加強磚造,86年5月8日,二層,一層 二層
RPRNMLLJKIJFFBM97CA,20,34.31,住家用,鋼筋混凝土造,83年11月7日,十三層,八層
RPRNMLLJKIJFFBM97CA,20,7.94,見其他登記事項,鋼筋混凝土造,83年11月7日,十三層,
RPRNMLSLJIJFFAM68CA,32,86.67,住商用,鋼筋混凝土加強磚造,71年5月31日,二層,一層 二層 見其他登記事項
RPPNMLMLKIJFFAM97CA,,.21,見其他登記事項,鋼筋混凝土造,,九層,
RPPNMLMLKIJFFAM97CA,17,11.65,見其他登記事項,鋼筋混凝土造,87年3月6日,九層,
RPPNMLMLKIJFFAM97CA,17,84.38,住家用,鋼筋混凝土造,87年3月6日,九層,五層
RPPNMLMLKIJFFAM97CA,17,.03,見其他登記事項,鋼筋混凝土造,87年3月6日,九層,
RPPNMLMLKIJFFAM97CA,17,7.09,見其他登記事項,鋼筋混凝土造,87年3月6日,九層,
RPQNMLPKKIJFFAM28CA,20,102.19,住家用,鋼筋混凝土造,83年11月9日,十六層,九層
RPOOMLMJKIJFFAM77CA,34,205.89,住商用,鋼筋混凝土加強磚造,69年6月26日,三層,一層 二層 三層 騎樓
RPOOMLSLJIJFFBM58CA,2,174.61,住家用,鋼筋混凝土造,101年10月23日,四層,一層 二層 三層 四層
RPUNMLSLJIJFFBM09CA,35,109.83,住商用,鋼筋混凝土造,68年12月13日,二層,一層 二層
RPQNMLMLKIJFFCM28CA,13,279.90,見其他登記事項,鋼筋混凝土造,91年1月25日,五層,一層 二層 三層 四層 五層 地下層
RPQNMLSLJIJFFAM58CA,2,218.42,見其他登記事項,鋼筋混凝土造,101年12月26日,四層,一層 二層 三層 四層
RPSNMLTJKIJFFAM78CA,9,31.80,住家用,鋼筋混凝土造,94年10月26日,五層,四層
RPSNMLTJKIJFFAM78CA,9,5.06,住家用,鋼筋混凝土造,94年10月26日,五層,
RPRNMLPKKIJFFDM68CA,,227.05,住家用,鋼筋混凝土造,103年6月26日,三層,一層 二層 三層
RPQNMLTJKIJFFBM68CA,20,150.06,住家用,鋼筋混凝土造,83年6月28日,四層,一層 二層 三層 四層
RPPNMLMKKIJFFDM18CA,33,117.56,住商用,鋼筋混凝土加強磚造,71年2月19日,三層,一層 二層 三層
RPTNMLLJKIJFFAM18DA,29,104.71,住商用,鋼筋混凝土造,74年11月11日,二層,一層 二層 騎樓
RPSNMLSLJIJFFBM98DA,24,157.86,見其他登記事項,鋼筋混凝土造,79年11月19日,三層,一層 二層 三層
RPRNMLMJKIJFFCM18CA,37,72.72,住商用,鋼筋混凝土加強磚造,66年10月12日,三層,一層 二層 三層 騎樓
RPRNMLMJKIJFFCM18CA,37,72.72,住商用,鋼筋混凝土加強磚造,66年10月12日,三層,一層 二層 三層 騎樓
RPXNMLMKKIJFFCM98DA,34,126.98,住家用,加強磚造,69年12月1日,二層,一層 二層
RPVNMLSJKIJFFCM56CA,19,142.10,住家用,加強磚造,84年6月1日,三層,一層 二層 三層
RPPOMLQKKIJFFCM58CA,19,146.89,住商用,鋼筋混凝土造,84年11月22日,十二層,一層 二層 騎樓
RPPOMLQKKIJFFCM58CA,19,17.86,見其他登記事項,鋼筋混凝土造,84年11月22日,十二層,
RPPOMLLKKIJFFCM08CA,28,208.14,住商用,鋼筋混凝土造,75年11月29日,三層,一層 二層 三層 騎樓
RPTOMLSJKIJFFAM88CA,34,111.78,住商用,鋼筋混凝土加強磚造,70年2月1日,二層,一層 二層 騎樓
RPOPMLNJKIJFFCM18CA,20,180.68,住家用,鋼筋混凝土造,84年4月22日,三層,一層 二層 三層 屋頂突出物
RPUOMLSJKIJFFAM98CA,16,134.26,住商用,鋼筋混凝土造,87年6月9日,三層,一層 二層 三層 屋頂突出物
RPVNMLTJKIJFFAM09CA,36,103.62,住商用,鋼筋混凝土加強磚造,67年5月17日,二層,一層 二層 騎樓
RPRNMLMJKIJFFBM08CA,36,99.49,住家用,鋼筋混凝土加強磚造,67年6月5日,二層,一層 二層
RPQNMLPJKIJFFAM18CA,1,224.69,住家用,鋼筋混凝土造,103年1月28日,四層,一層 二層 三層 四層
RPPNMLQJKIJFFBM28CA,21,17.91,見其他登記事項,鋼筋混凝土造,82年6月18日,七層,
RPPNMLQJKIJFFBM28CA,21,57.14,住家用,鋼筋混凝土造,82年6月18日,七層,二層
RPUNMLMJKIJFFCM48CA,41,70.74,住家用,鋼筋混凝土加強磚造,62年7月9日,二層,一層 二層
RPWNMLSJKIJFFBM56CA,23,19.81,見其他登記事項,鋼筋混凝土造,80年9月10日,五層,
RPWNMLSJKIJFFBM56CA,23,156.80,住家用,鋼筋混凝土造,80年9月10日,五層,四層
RPWNMLOJKIJFFCM98DA,38,164.88,住商用,鋼筋混凝土造,65年7月22日,二層,一層 二層 騎樓
RPSNMLMKKIJFFAM18CA,2,17.50,農舍,見其他登記事項,101年7月30日,一層,一層
RPOOMLSJKIJFFDM68CA,13,177.28,住家用,鋼筋混凝土造,90年5月22日,三層,一層 二層 三層 屋頂突出物
RPTOMLKKKIJFFCM48DA,34,73.13,住商用,見其他登記事項,70年1月16日,二層,一層 二層
RPTOMLKKKIJFFCM48DA,10,157.53,住家用,鋼筋混凝土造,93年11月1日,三層,一層 二層 三層 屋頂突出物
RPRNMLKKKIJFFBM97CA,,168.00,農舍,見其他登記事項,103年9月29日,一層,一層
RPRNMLLKKIJFFBM08CA,1,196.38,住家用,鋼筋混凝土造,102年11月18日,四層,一層 二層 三層 四層
RPUNMLNJKIJFFCM58CA,42,49.09,住家用,鋼筋混凝土加強磚造,62年3月14日,一層,一層
RPOOMLQKKIJFFCM48CA,18,111.15,住家用,鋼筋混凝土造,85年8月15日,七層,五層
RPOOMLQKKIJFFCM48CA,18,52.14,見其他登記事項,鋼筋混凝土造,85年8月15日,七層,
RPSNMLKKKIJFFBM08CA,27,99.10,住家用,加強磚造,76年10月5日,二層,一層 二層
RPSNMLMLKIJFFAM28CA,,215.80,住家用,鋼筋混凝土造,103年7月10日,四層,一層 二層 三層 四層
RPSNMLLKKIJFFAM08CA,1,313.81,見其他登記事項,鋼筋混凝土造,103年3月10日,四層,一層 二層 三層 四層
RPUNMLKKKIJFFBM28CA,34,107.52,住家用,鋼筋混凝土加強磚造,69年5月28日,二層,一層 二層
RPROMLMKKIJFFCM38CA,,119.60,住家用,鋼筋混凝土加強磚造,,二層,一層 二層 騎樓
RPQNMLOJKIJFFAM08CA,15,158.76,見其他登記事項,鋼筋混凝土造,89年5月11日,六層,一層
RPQNMLOJKIJFFAM08CA,15,82.73,見其他登記事項,鋼筋混凝土造,89年5月11日,六層,
RPQNMLOJKIJFFAM08CA,15,204.61,見其他登記事項,鋼筋混凝土造,89年5月11日,六層,
RPQNMLOJKIJFFAM08CA,15,392.68,住家用,鋼筋混凝土造,89年5月11日,六層,二層 三層 四層 五層
RPSNMLOJKIJFFCM58DA,33,138.15,住商用,鋼筋混凝土造,71年2月17日,三層,一層 二層 三層 騎樓
RPWNMLOLKIJFFCM56DA,27,133.93,住商用,鋼筋混凝土造,76年9月9日,三層,騎樓 三層 一層 二層
RPPNMLPJKIJFFDM38CA,19,67.84,見其他登記事項,鋼筋混凝土造,85年4月1日,四層,四層
RPTNMLTJKIJFFCM56DA,19,104.44,農舍,加強磚造,84年12月1日,一層,一層
RPQNMLMLKIJFFAM08CA,22,148.95,住家用,鋼筋混凝土造,82年1月19日,三層,一層 二層 三層
RPWNMLPJKIJFFAM78CA,34,131.52,住商用,鋼筋混凝土加強磚造,70年1月16日,二層,一層 二層 騎樓
RPWNMLKKKIJFFAM38CA,34,109.12,住商用,鋼筋混凝土加強磚造,69年11月26日,二層,一層 二層 騎樓
RPVOMLSJKIJFFAM09CA,22,64.66,住家用,鋼筋混凝土造,82年3月22日,八層,三層
RPVOMLSJKIJFFAM09CA,22,16.73,見其他登記事項,鋼筋混凝土造,82年3月22日,八層,
RPPNMLTJKIJFFCM68CA,21,81.78,見其他登記事項,鋼筋混凝土造,83年1月14日,十一層,六層
RPRNMLTKKIJFFAM78CA,15,136.52,住家用,鋼筋混凝土造,88年12月27日,三層,一層 二層 三層
RPTNMLPJKIJFFBM58CA,32,62.49,住家用,鋼筋混凝土造,71年10月1日,二層,一層 二層 騎樓
RPQNMLTJKIJFFCM78CA,20,98.23,見其他登記事項,鋼筋混凝土造,83年7月7日,十三層,四層
RPQNMLTJKIJFFCM78CA,20,29.31,見其他登記事項,鋼筋混凝土造,83年7月7日,十三層,
RPRNMLSJKIJFFDM88CA,36,84.00,住商用,鋼筋混凝土加強磚造,67年6月30日,二層,一層 二層
RPPNMLNLKIJFFBM18CA,,239.83,見其他登記事項,鋼筋混凝土造,103年7月3日,四層,三層 四層 見其他登記事項 一層 二層
RPUNMLPKKIJFFBM78CA,1,314.30,住家用,鋼筋混凝土造,102年12月23日,四層,一層 二層 三層 四層
RPPNMLKKKIJFFBM87DA,11,32.49,見其他登記事項,鋼筋混凝土造,93年3月22日,七層,七層
RPPNMLKKKIJFFBM87DA,11,9.78,見其他登記事項,鋼筋混凝土造,93年3月22日,七層,
RPQNMLTJKIJFFDM88CA,20,79.63,見其他登記事項,鋼筋混凝土造,84年4月8日,六層,二層
RPUOMLKKKIJFFCM58DA,21,163.54,住家用,鋼筋混凝土造,83年4月12日,四層,一層 二層 三層 四層 屋頂突出物
RPPNMLTLKIJFFCM98DA,33,108.23,住商用,鋼筋混凝土造,70年10月27日,二層,一層 二層 騎樓
RPPNMLTJKIJFFBM58CA,40,81.55,住商用,鋼筋混凝土加強磚造,64年2月7日,二層,一層 二層 騎樓
RPPNMLPJJHKFFCM28DA,,54.88,農舍,見其他登記事項,103年8月26日,一層,一層
RPVNMLPKKIJFFBM88CA,26,155.34,住家用,加強磚造,78年1月11日,二層,一層 二層
RPQOMLLKKIJFFCM18CA,10,202.00,農舍,鋼筋混凝土加強磚造,94年2月24日,一層,一層
RPQNMLMKKIJFFBM08CA,11,130.98,見其他登記事項,鋼筋混凝土造,93年2月5日,七層,二層
RPQNMLMKKIJFFBM08CA,11,73.74,見其他登記事項,鋼筋混凝土造,93年2月5日,七層,
RPQNMLKKKIJFFAM77CA,,286.61,住家用,鋼筋混凝土造,103年1月7日,四層,一層 二層 三層 四層
RPTNMLTJKIJFFBM98CA,7,201.50,住家用,鋼筋混凝土造,96年10月19日,四層,一層 二層 三層 四層
RPUNMLTJKIJFFAM98CA,34,112.90,住商用,鋼筋混凝土加強磚造,69年12月10日,二層,一層 二層 騎樓
RPVNMLMKKIJFFAM48CA,35,100.29,住商用,鋼筋混凝土加強磚造,69年1月23日,二層,一層 二層 騎樓
RPTNMLMKKIJFFAM28CA,,132.18,住商用,鋼筋混凝土加強磚造,,二層,一層 二層 騎樓
RPQNMLPKKIJFFCM48CA,33,97.10,見其他登記事項,鋼筋混凝土造,70年10月27日,二層,一層 二層 騎樓
RPQOMLKKKIJFFCM08CA,35,100.00,住商用,鋼筋混凝土造,68年11月28日,二層,一層 二層 騎樓
RPSNMLRLKIJFFBM88CA,23,247.12,住商用,鋼筋混凝土造,80年6月21日,四層,一層 二層 三層 四層 騎樓
RPUNMLLMKIJFFCM78DA,19,152.47,住家用,鋼筋混凝土造,84年7月21日,四層,一層 二層 三層 四層
RPUNMLLMKIJFFCM78DA,19,89.73,見其他登記事項,鋼筋混凝土造,84年7月21日,四層,
RPVNMLRKKIJFFCM56CA,20,177.10,住家用,鋼筋混凝土造,83年8月13日,十五層,十三層
RPVNMLRKKIJFFCM56CA,20,13.06,見其他登記事項,鋼筋混凝土造,83年8月13日,十五層,
RPVNMLLKKIJFFDM68CA,39,86.52,住家用,鋼筋混凝土加強磚造,64年6月18日,二層,一層 二層 騎樓
RPPNMLMKKIJFFEM28CA,22,148.10,住商用,加強磚造,81年7月17日,二層,一層 二層 屋頂突出物 騎樓
RPQNMLRLKIJFFEM98CA,34,110.40,住家用,鋼筋混凝土加強磚造,69年12月31日,二層,一層 二層
RPTNMLRKKIJFFDM09CA,30,121.46,住商用,鋼筋混凝土加強磚造,73年10月6日,二層,一層 二層 騎樓
RPUNMLLKKIJFFDM58CA,36,86.52,住家用,鋼筋混凝土加強磚造,68年1月20日,二層,一層 二層 騎樓
RPQOMLLMKIJFFBM28CA,,383.71,住家用,鋼筋混凝土造,103年6月16日,四層,一層 二層 三層 四層
RPOOMLLMKIJFFBM08CA,,380.95,住家用,鋼筋混凝土造,103年6月16日,四層,一層 二層 三層 四層
RPPNMLTKKIJFFAM58CA,8,173.85,住家用,鋼筋混凝土造,95年7月7日,四層,一層 二層 三層 四層
RPXNMLLKKIJFFAM58CA,,219.83,住家用,鋼筋混凝土造,103年8月20日,四層,一層 二層 三層 四層
RPWNMLLMKIJFFBM78CA,,380.21,住家用,鋼筋混凝土造,103年6月16日,四層,一層 二層 三層 四層
RPOOMLMKKIJFFAM87CA,,219.48,住家用,鋼筋混凝土造,103年8月20日,四層,一層 二層 三層 四層
RPTNMLOLKIJFFAM58CA,35,82.74,住家用,鋼筋混凝土加強磚造,69年1月10日,二層,一層 二層
RPWNMLQJJHKFFCM98CA,19,148.74,住商用,鋼筋混凝土造,84年12月6日,三層,一層 二層 三層 屋頂突出物
RPRNMLQKKIJFFBM58CA,26,119.64,住家用,加強磚造,78年2月23日,二層,一層 二層 夾層
RPWNMLSKKIJFFAM56CA,20,93.18,住家用,鋼筋混凝土造,83年11月9日,十六層,四層
RPWNMLSKKIJFFAM56CA,20,14.11,見其他登記事項,鋼筋混凝土造,83年11月9日,十六層,
RPSNMLRKKIJFFCM88CA,13,263.26,見其他登記事項,木造,90年12月27日,一層,一層
RPTNMLRKKIJFFCM98CA,8,190.88,農舍,木造,95年8月30日,一層,一層
RPQNMLRLKIJFFBM68CA,19,146.42,住家用,鋼筋混凝土造,84年6月29日,三層,一層 二層 三層 電梯樓梯間
RPPNMLTLKIJFFDM98CA,40,772.76,見其他登記事項,鋼筋混凝土加強磚造,63年8月1日,一層,一層
RPPNMLTLKIJFFDM98CA,39,525.60,工業用,見其他登記事項,64年7月1日,一層,一層
RPPNMLTLKIJFFDM98CA,41,82.62,見其他登記事項,鋼筋混凝土加強磚造,62年12月1日,一層,一層
RPPOMLQJJHKFFBM28CA,20,12.52,商業用,鋼筋混凝土造,83年7月21日,十三層,地下一層
RPPOMLQJJHKFFBM28CA,20,3.71,見其他登記事項,鋼筋混凝土造,83年7月21日,十三層,
RPPOMLQJJHKFFBM28CA,20,300.42,商業用,鋼筋混凝土造,83年7月21日,十三層,地下一層
RPPOMLQJJHKFFBM28CA,20,67.06,見其他登記事項,鋼筋混凝土造,83年7月21日,十三層,
RPPOMLQJJHKFFBM28CA,20,220.55,商業用,鋼筋混凝土造,83年7月21日,十三層,地下一層
RPPOMLQJJHKFFBM28CA,20,63.81,見其他登記事項,鋼筋混凝土造,83年7月21日,十三層,
RPTNMLMKKIJFFCM58DA,40,89.53,住家用,鋼筋混凝土加強磚造,64年5月26日,二層,一層 二層
RPUNMLQJJHKFFAM68DA,25,95.50,住家用,鋼筋混凝土造,79年1月10日,二層,一層 二層
RPXNMLKMKIJFFBM78CA,,333.67,住家用,鋼筋混凝土造,103年7月7日,三層,一層 二層 三層
RPTNMLQJJHKFFBM58CA,20,55.62,住家用,鋼筋混凝土造,83年11月7日,十三層,六層
RPTNMLQJJHKFFBM58CA,20,17.37,見其他登記事項,鋼筋混凝土造,83年11月7日,十三層,
RPSNMLLMKIJFFBM38CA,36,97.56,住家用,鋼筋混凝土加強磚造,67年9月8日,二層,一層 二層
RPRNMLMKKIJFFEM58DA,33,117.68,住商用,鋼筋混凝土加強磚造,70年11月16日,二層,一層 二層 騎樓
RPPOMLPKKIJFFCM48CA,34,117.71,住家用,鋼筋混凝土造,69年12月24日,一層,一層 騎樓
RPPNMLTJJHKFFEM78CA,10,219.66,住家用,鋼筋混凝土造,93年7月19日,四層,一層 二層 三層 四層
RPPNMLTJJHKFFCM58CA,10,154.90,住家用,鋼筋混凝土造,93年10月1日,四層,一層 二層 三層 四層
RPRNMLTJJHKFFEM98CA,34,109.44,住家用,鋼筋混凝土加強磚造,69年9月6日,二層,一層 二層 騎樓
RPWNMLPKKIJFFCM09CA,29,123.33,見其他登記事項,鋼筋混凝土造,75年2月6日,二層,一層 二層 騎樓
RPPNMLRLKIJFFAM48CA,34,81.00,住家用,鋼筋混凝土加強磚造,69年12月1日,二層,一層 二層
RPXNMLSKKIJFFAM66CA,20,93.81,住家用,鋼筋混凝土造,83年11月9日,十六層,十層
RPXNMLSKKIJFFAM66CA,20,14.22,見其他登記事項,鋼筋混凝土造,83年11月9日,十六層,
RPVNMLSKKIJFFAM09CA,20,120.51,住商用,鋼筋混凝土造,83年6月8日,八層,一層 二層 騎樓
RPVNMLSKKIJFFAM09CA,20,21.88,見其他登記事項,鋼筋混凝土造,83年6月8日,八層,
RPQNMLQKKIJFFAM38CA,14,176.72,住家用,鋼筋混凝土造,89年12月13日,三層,一層 二層 三層 屋頂突出物
RPQNMLTKKIJFFAM68CA,20,91.25,住家用,鋼筋混凝土造,83年11月9日,十六層,九層
RPQNMLTKKIJFFAM68CA,20,14.05,見其他登記事項,鋼筋混凝土造,83年11月9日,十六層,
RPQNMLQKKIJFFBM48CA,3,374.82,農舍,見其他登記事項,100年12月22日,二層,一層 二層
RPUNMLTLKIJFFAM56CA,20,173.53,住家用,鋼筋混凝土造,83年10月7日,四層,一層 二層 三層 四層
RPPNMLSJJHKFFAM28CA,16,150.57,住商用,鋼筋混凝土造,87年6月9日,三層,一層 二層 三層 屋頂突出物
RPRNMLQKKIJFFCM68CA,20,79.97,見其他登記事項,鋼筋混凝土造,83年7月8日,十二層,十二層
RPVNMLQLKIJFFCM56CA,18,202.89,住家用,鋼筋混凝土造,85年5月25日,四層,一層 二層 三層 四層
RPPNMLNKJHKFFDM18CA,36,137.10,住家用,鋼筋混凝土加強磚造,68年2月14日,三層,一層 二層 三層
RPPNMLNKJHKFFEM28CA,49,77.84,住家用,加強磚造,55年5月7日,二層,二層 一層
RPQNMLMLKIJFFDM38CA,3,156.65,農舍,鋼骨混凝土造,101年4月20日,一層,一層
RPRNMLTKKIJFFBM98DA,24,157.86,見其他登記事項,鋼筋混凝土造,79年11月19日,三層,一層 二層 三層
RPRNMLNLKIJFFBM38CA,37,151.53,住商用,鋼筋混凝土加強磚造,66年8月31日,三層,一層 二層 三層
RPPNMLLLKIJFFBM97CA,4,130.93,農舍,見其他登記事項,100年4月25日,二層,一層 二層 見其他登記事項
RPRNMLRJJHKFFBM48CA,36,124.27,住家用,鋼筋混凝土加強磚造,68年1月6日,二層,一層 二層
RPRNMLSKKIJFFBM78CA,1,159.30,見其他登記事項,鋼筋混凝土造,102年6月26日,三層,一層 二層 三層 見其他登記事項
RPSNMLSKKIJFFBM88CA,25,130.60,住家用,鋼筋混凝土造,78年10月5日,二層,一層 二層
RPSNMLTKKIJFFBM98CA,21,90.41,住家用,鋼筋混凝土造,83年4月11日,八層,七層
RPSNMLTKKIJFFBM98CA,21,20.25,見其他登記事項,鋼筋混凝土造,83年4月11日,八層,
RPVNMLPLKIJFFCM09CA,23,175.50,見其他登記事項,鋼筋混凝土造,81年1月15日,二層,一層 二層 騎樓
RPROMLSJJHKFFAM58CA,,244.46,住家用,鋼筋混凝土造,103年10月13日,四層,一層 二層 三層 四層
RPSNMLRKKIJFFAM68CA,29,115.50,住家用,鋼筋混凝土造,74年5月22日,二層,一層 二層
RPSNMLNLKIJFFAM38CA,15,168.94,住家用,鋼筋混凝土造,88年10月22日,四層,一層 二層 三層 四層
RPUNMLTKKIJFFAM09CA,14,43.07,住家用,鋼筋混凝土造,89年12月20日,五層,二層
RPUNMLTKKIJFFAM09CA,14,3.68,見其他登記事項,鋼筋混凝土造,89年12月20日,五層,
RPOOMLSKKIJFFAM48CA,,219.83,住家用,鋼筋混凝土造,103年8月20日,四層,一層 二層 三層 四層
RPRPMLSJJHKFFAM68CA,,207.35,住家用,鋼筋混凝土造,103年7月4日,四層,一層 二層 三層 四層
RPXNMLTJJHKFFAM56CA,1,230.56,住家用,鋼筋混凝土造,103年1月28日,四層,一層 二層 三層 四層
RPRNMLMKJHKFFAM97CA,,192.85,住家用,鋼筋混凝土造,103年5月30日,四層,一層 二層 三層 四層
RPPNMLOLKIJFFAM18CA,20,91.81,住家用,鋼筋混凝土造,83年6月8日,八層,四層
RPPNMLOLKIJFFAM18CA,20,25.34,見其他登記事項,鋼筋混凝土造,83年6月8日,八層,
RPTOMLSJJHKFFAM78CA,,197.27,住家用,鋼筋混凝土造,103年10月13日,四層,一層 二層 三層 四層
RPWOMLSJJHKFFAM09CA,,212.26,住家用,鋼筋混凝土造,103年7月4日,四層,一層 二層 三層 四層
RPPOMLRLKIJFFAM58CA,38,206.72,住家用,加強磚造,66年1月1日,一層,一層
RPRNMLSKKIJFFCM88CA,34,72.90,住家用,見其他登記事項,70年2月1日,二層,一層 二層
RPVNMLRLKIJFFCM66CA,10,154.70,住家用,鋼筋混凝土造,93年10月1日,四層,一層 二層 三層 四層
RPRNMLNLKIJFFCM48CA,6,214.47,見其他登記事項,鋼筋混凝土造,97年5月22日,四層,一層 二層 三層 四層 屋頂突出物
RPRNMLPKJHKFFDM58CA,,202.65,見其他登記事項,鋼筋混凝土造,103年10月13日,三層,一層 二層 三層 屋頂突出物
RPSNMLPKJHKFFDM68CA,,205.95,見其他登記事項,鋼筋混凝土造,103年10月13日,三層,一層 二層 三層 屋頂突出物
RPXNMLMLKIJFFBM88CA,11,183.28,住家用,鋼筋混凝土造,93年2月5日,三層,一層 二層 三層 屋頂突出物
RPTNMLPKJHKFFDM78CA,,205.95,見其他登記事項,鋼筋混凝土造,103年10月13日,三層,一層 二層 三層 屋頂突出物
RPWNMLPKJHKFFDM09CA,,205.95,見其他登記事項,鋼筋混凝土造,103年10月13日,三層,一層 二層 三層 屋頂突出物
RPVNMLPKJHKFFDM98CA,,205.95,見其他登記事項,鋼筋混凝土造,103年10月13日,三層,一層 二層 三層 屋頂突出物
RPUNMLTKKIJFFCM76DA,34,73.38,住商用,見其他登記事項,70年1月16日,二層,一層 二層
RPQNMLNLKIJFFBM28CA,31,177.60,住家用,鋼筋混凝土加強磚造,72年11月3日,二層,二層 一層
RPTNMLMLKIJFFCM58CA,41,158.29,住家用,鋼筋混凝土加強磚造,62年11月20日,二層,一層 二層 騎樓
RPRNMLSJJHKFFBM58CA,1,167.71,見其他登記事項,鋼筋混凝土造,102年6月26日,三層,一層 二層 三層 見其他登記事項
RPRNMLRLKIJFFAM68CA,35,93.00,住家用,鋼筋混凝土加強磚造,68年11月15日,二層,一層 二層 騎樓
RPOOMLQJJHKFFBM18CA,20,135.93,住商用,鋼筋混凝土造,83年7月21日,十三層,一層 二層 騎樓
RPOOMLQJJHKFFBM18CA,20,17.63,見其他登記事項,鋼筋混凝土造,83年7月21日,十三層,
RPUNMLSKKIJFFAM98CA,34,110.40,住商用,鋼筋混凝土加強磚造,69年12月22日,二層,一層 二層 騎樓
RPRNMLLLKIJFFAM08CA,17,149.36,住家用,鋼筋混凝土造,86年6月20日,三層,一層 二層 三層 屋頂突出物
RPVNMLRLKIJFFBM56CA,32,305.52,住商用,鋼筋混凝土造,71年9月2日,五層,一層 二層 三層 四層 五層 騎樓
RPTNMLNLKIJFFCM68CA,37,93.15,住家用,鋼筋混凝土加強磚造,66年7月4日,二層,一層 二層
RPPNMLQKJHKFFAM18CA,23,153.23,住家用,加強磚造,80年7月4日,二層,一層 二層 夾層
RPQNMLPLKIJFFCM58CA,21,113.70,住家用,鋼筋混凝土造,82年8月21日,三層,一層 二層 三層
RPROMLLLJHKFFAM08CA,9,65.08,住家用,鋼筋混凝土造,94年7月28日,五層,四層
RPTNMLQKJHKFFCM78CA,44,165.07,住商用,見其他登記事項,60年2月19日,二層,一層 二層 騎樓
RPSNMLQLKIJFFAM68CA,22,153.64,住家用,鋼筋混凝土造,82年3月27日,三層,一層 二層 三層 屋頂突出物
RPTNMLOLKIJFFCM78CA,32,117.64,住商用,鋼筋混凝土造,72年5月10日,二層,一層 二層 騎樓
RPRNMLQLKIJFFBM68CA,42,97.92,住家用,鋼筋混凝土加強磚造,61年9月29日,二層,一層 二層
RPRNMLQLKIJFFAM58CA,22,86.97,住商用,鋼筋混凝土造,82年3月22日,八層,一層 二層 騎樓
RPQNMLSLKIJFFBM78CA,19,75.51,住家用,鋼筋混凝土造,84年9月12日,七層,五層
RPQNMLSLKIJFFBM78CA,19,27.53,見其他登記事項,鋼筋混凝土造,84年9月12日,七層,
RPSNMLOLKIJFFDM78CA,19,23.16,見其他登記事項,鋼筋混凝土造,85年3月9日,七層,三層
RPRNMLQJJHKFFDM58CA,14,13.09,見其他登記事項,鋼筋混凝土造,89年8月4日,五層,
RPRNMLQJJHKFFDM58CA,14,103.60,住家用,鋼筋混凝土造,89年8月4日,五層,二層
RPPNMLKLJHKFFEM18DA,8,538.81,農舍,鋼筋混凝土造,95年5月30日,二層,
RPPNMLQLKIJFFBM48CA,33,108.50,住商用,鋼筋混凝土造,71年1月15日,二層,一層 二層
RPRNMLQLKIJFFCM78CA,43,255.28,見其他登記事項,鋼筋混凝土加強磚造,60年12月22日,一層,一層 騎樓
RPPNMLQLKIJFFEM78CA,1,175.83,見其他登記事項,見其他登記事項,103年3月17日,三層,一層 二層 三層 見其他登記事項
RPPOMLQJJHKFFCM38CA,30,99.60,住家用,鋼筋混凝土造,73年8月23日,二層,一層 二層
RPQOMLPLKIJFFCM68CA,18,179.12,住商用,鋼筋混凝土造,85年11月22日,三層,一層 二層 三層 屋頂突出物 騎樓
RPPNMLSLKIJFFAM58CA,12,158.29,住家用,鋼筋混凝土造,91年9月19日,三層,一層 二層 三層 屋頂突出物
RPSNMLTLKIJFFAM98CA,21,94.67,住家用,鋼筋混凝土造,83年5月3日,五層,三層
RPSNMLTLKIJFFAM98CA,21,17.94,見其他登記事項,鋼筋混凝土造,83年5月3日,五層,
RPQNMLSJJHKFFAM38CA,19,211.09,住家用,鋼筋混凝土造,84年9月15日,三層,屋頂突出物 地下層 一層 二層 三層
RPUNMLNKJHKFFAM38CA,34,82.38,住家用,鋼筋混凝土加強磚造,69年12月1日,一層,一層
RPOOMLTJJHKFFAM38CA,1,224.69,見其他登記事項,鋼筋混凝土造,103年1月28日,四層,一層 二層 三層 四層
RPRNMLRJJHKFFAM38CA,12,80.92,住家用,見其他登記事項,91年9月19日,一層,一層
RPOOMLPLKIJFFAM28CA,13,138.44,住家用,鋼筋混凝土造,91年5月3日,三層,一層 二層 三層
RPTNMLQLKIJFFAM78CA,35,103.22,住家用,鋼筋混凝土加強磚造,68年12月22日,二層,一層 二層
RPXNMLPLKIJFFCM66CA,40,106.40,住家用,鋼筋混凝土加強磚造,63年6月15日,二層,一層 二層
RPPNMLQKJHKFFCM38CA,7,206.10,農舍,見其他登記事項,97年4月10日,三層,一層 二層 三層
RPPOMLPLKIJFFCM58CA,42,127.54,住商用,鋼筋混凝土加強磚造,61年11月15日,二層,一層 二層 騎樓
RPWNMLNKJHKFFCM78CA,14,199.85,見其他登記事項,鋼筋混凝土造,90年3月9日,四層,一層 二層 三層 四層
RPQNMLRLKIJFFCM78CA,21,395.73,住家用,鋼筋混凝土造,82年7月19日,四層,一層 二層 三層 四層 屋頂突出物 騎樓
RPSOMLPLKIJFFCM88CA,20,33.29,見其他登記事項,鋼筋混凝土造,83年11月28日,九層,三層
RPSOMLPLKIJFFCM88CA,20,9.93,見其他登記事項,鋼筋混凝土造,83年11月28日,九層,
RPXNMLSLJHKFFCM86CA,38,47.85,住商用,鋼筋混凝土加強磚造,65年7月27日,二層,一層 二層 騎樓
RPVNMLKMKIJFFBM68DA,9,215.48,住家用,鋼筋混凝土造,95年5月1日,三層,一層 二層 三層 見其他登記事項
RPRNMLTLKIJFFDM56CA,33,83.66,住家用,鋼筋混凝土加強磚造,71年2月27日,二層,一層 二層 騎樓
RPSNMLRLKIJFFDM09CA,33,82.55,住商用,鋼筋混凝土加強磚造,70年12月31日,四層,一層 二層 三層 四層
RPQNMLKMKIJFFDM28CA,34,97.18,住商用,鋼筋混凝土加強磚造,70年2月2日,二層,一層 二層 騎樓
RPTOMLPJJHKFFCM68CA,,125.50,住家用,見其他登記事項,,一層,
RPPNMLTJJHKFFDM68CA,10,174.92,見其他登記事項,鋼筋混凝土造,94年3月31日,三層,一層 二層 三層 屋頂突出物
RPPNMLTJJHKFFDM68CA,10,174.92,見其他登記事項,鋼筋混凝土造,94年3月31日,三層,一層 二層 三層 屋頂突出物
RPQNMLQJJHKFFDM48CA,18,216.74,農舍,鋼筋混凝土造,86年3月5日,二層,一層 二層 騎樓
RPTNMLTJJHKFFAM78CA,36,102.80,住家用,鋼筋混凝土加強磚造,67年9月1日,二層,一層 二層
RPVNMLOKJHKFFAM58CA,,90.16,農舍,見其他登記事項,103年10月22日,一層,一層
RPRNMLTLKIJFFCM09CA,19,58.06,見其他登記事項,鋼筋混凝土造,84年11月22日,十二層,四層
RPRNMLTLKIJFFCM09CA,19,20.68,見其他登記事項,鋼筋混凝土造,84年11月22日,十二層,
RPRNMLTLKIJFFCM09CA,19,58.06,見其他登記事項,鋼筋混凝土造,84年11月22日,十二層,四層
RPRNMLTLKIJFFCM09CA,19,20.68,見其他登記事項,鋼筋混凝土造,84年11月22日,十二層,
RPWNMLPJJHKFFCM98DA,20,115.87,見其他登記事項,鋼筋混凝土造,83年7月7日,十三層,二層
RPWNMLPJJHKFFCM98DA,20,29.31,見其他登記事項,鋼筋混凝土造,83年7月7日,十三層,
RPUNMLLMKIJFFDM78CA,37,220.80,住商用,鋼筋混凝土加強磚造,66年12月30日,三層,一層 二層 三層 騎樓
RPRNMLMKJHKFFCM28DA,27,117.14,住家用,鋼筋混凝土造,76年7月3日,二層,一層 二層
RPPNMLTLKIJFFBM88DA,26,123.64,住家用,鋼筋混凝土造,77年10月27日,三層,一層 二層 三層
RPWNMLLMKIJFFDM98CA,10,349.84,見其他登記事項,鋼筋混凝土造,94年3月31日,三層,二層 三層 一層 屋頂突出物
RPSNMLLMKIJFFDM58CA,44,180.13,住工用,鋼筋混凝土加強磚造,59年6月15日,一層,一層
RPSNMLRJJHKFFBM58CA,42,85.77,住家用,鋼筋混凝土加強磚造,61年8月24日,二層,
RPWNMLRJJHKFFBM09DA,39,90.71,住家用,鋼筋混凝土加強磚造,64年9月11日,三層,一層 二層 三層
RPSNMLKMKIJFFCM48DA,20,185.10,住家用,鋼筋混凝土造,83年8月13日,十五層,十四層 十五層
RPSNMLKMKIJFFCM48DA,20,21.10,見其他登記事項,鋼筋混凝土造,83年8月13日,十五層,
RPQNMLQKJHKFFBM38CA,8,192.00,住家用,鋼筋混凝土造,95年10月18日,三層,一層 二層 三層 屋頂突出物
RPXNMLNKJHKFFCM88CA,30,111.96,住商用,鋼筋混凝土造,74年5月15日,二層,一層 二層 騎樓
RPVNMLSJJHKFFAM88CA,1,249.38,住家用,鋼筋混凝土造,102年10月25日,三層,一層 二層 三層
RPQNMLRJJHKFFAM28CA,19,170.63,住商用,鋼筋混凝土造,85年1月5日,三層,一層 二層 三層 屋頂突出物 騎樓
RPSNMLLMKIJFFAM28CA,21,43.04,住商用,鋼筋混凝土造,83年1月28日,四層,騎樓 一層 二層 四層 三層
RPSNMLLMKIJFFAM28CA,21,43.04,住商用,鋼筋混凝土造,83年1月28日,四層,一層 二層 三層 四層 騎樓
RPSNMLLMKIJFFAM28CA,21,43.04,住商用,鋼筋混凝土造,83年1月28日,四層,一層 二層 三層 四層 騎樓
RPQNMLPJJHKFFAM08CA,16,96.71,住家用,鋼筋混凝土造,88年2月12日,十二層,六層
RPQNMLLMKIJFFAM08CA,32,88.58,住家用,鋼筋混凝土加強磚造,71年7月1日,二層,一層 二層 騎樓
RPSNMLSJJHKFFAM58CA,1,249.38,住家用,鋼筋混凝土造,102年10月25日,三層,一層 二層 三層
RPRNMLOKJHKFFAM18CA,34,104.92,住商用,鋼筋混凝土加強磚造,69年7月1日,二層,一層 二層 騎樓
RPXNMLMKJHKFFCM78CA,20,98.23,見其他登記事項,鋼筋混凝土造,83年7月7日,十三層,十一層
RPXNMLMKJHKFFCM78CA,20,19.38,見其他登記事項,鋼筋混凝土造,83年7月7日,十三層,
RPUNMLOKJHKFFCM68CA,39,121.95,住商用,鋼筋混凝土加強磚造,65年3月19日,二層,一層 二層 騎樓
RPPNMLMKJHKFFAM77CA,14,198.80,住家用,鋼筋混凝土造,90年1月18日,三層,一層 二層 三層 屋頂突出物
RPXNMLLMKIJFFCM98CA,21,100.86,見其他登記事項,鋼筋混凝土造,83年5月26日,五層,二層
RPXNMLLMKIJFFCM98CA,21,19.09,見其他登記事項,鋼筋混凝土造,83年5月26日,五層,
RPTNMLLMKIJFFCM58CA,34,71.66,住家用,磚造,69年8月28日,一層,一層 騎樓
RPSNMLRJJHKFFAM58DA,21,126.00,住家用,鋼筋混凝土造,83年2月4日,三層,一層 二層 三層
RPSOMLRLJHKFFCM98CA,20,189.60,見其他登記事項,鋼筋混凝土造,83年7月8日,十二層,一層 二層 騎樓
RPXNMLPJJHKFFBM88CA,40,79.00,住家用,鋼筋混凝土加強磚造,63年7月20日,二層,一層 二層
RPWNMLKLJHKFFBM48CA,8,194.92,住家用,鋼筋混凝土造,95年10月18日,三層,一層 二層 三層 屋頂突出物
RPRNMLTJJHKFFDM88CA,,288.67,住家用,鋼筋混凝土造,103年10月15日,三層,一層 二層 三層
RPQNMLKLJHKFFAM77CA,1,312.60,見其他登記事項,鋼筋混凝土造,103年3月10日,四層,一層 二層 三層 四層
RPTNMLQLJHKFFBM78CA,20,105.95,住家用,鋼筋混凝土造,83年11月7日,十三層,十一層
RPTNMLQLJHKFFBM78CA,20,34.99,見其他登記事項,鋼筋混凝土造,83年11月7日,十三層,
RPQNMLSJJHKFFCM58CA,3,192.12,住家用,鋼筋混凝土造,101年4月26日,三層,一層 二層 三層
RPVOMLSJJHKFFAM98CA,17,86.72,住家用,鋼筋混凝土造,86年9月19日,十四層,七層
RPVOMLSJJHKFFAM98CA,17,22.27,見其他登記事項,鋼筋混凝土造,86年9月19日,十四層,
RPPNMLQJJHKFFCM28CA,27,142.17,農舍,加強磚造,77年2月24日,一層,一層
RPQOMLQJJHKFFBM38CA,21,162.27,住家用,鋼筋混凝土造,82年7月20日,三層,一層 二層 三層 電梯樓梯間
RPQNMLRJJHKFFCM48CA,14,127.06,住家用,鋼筋混凝土造,89年12月30日,三層,一層 二層 三層
RPPPMLSJJHKFFAM58DA,46,70.40,住家用,鋼筋混凝土加強磚造,58年1月13日,二層,一層 二層
RPSNMLRJJHKFFDM78CA,11,168.00,住家用,鋼筋混凝土造,92年10月7日,三層,一層 二層 三層
RPROMLRJJHKFFCM78DA,22,455.57,農舍,見其他登記事項,81年7月30日,三層,一層 二層 三層
RPPNMLNKJHKFFBM08DA,21,92.86,住家用,鋼筋混凝土造,82年10月29日,十層,六層
RPPNMLNKJHKFFBM08DA,21,17.11,見其他登記事項,鋼筋混凝土造,82年10月29日,十層,
RPPNMLMKJHKFFEM18CA,21,222.31,住家用,鋼筋混凝土造,82年12月24日,三層,一層 二層 三層 地下層
RPPNMLMKJHKFFEM18CA,21,18.70,停車空間,鋼筋混凝土造,82年12月24日,,
RPROMLQJJHKFFBM48CA,2,119.75,農舍,鋼筋混凝土造,101年11月27日,三層,一層 二層 三層
RPWNMLQJJHKFFBM88CA,46,111.75,住家用,鋼筋混凝土加強磚造,57年11月22日,二層,一層 二層
RPXNMLQJJHKFFCM56DA,27,192.19,住家用,鋼筋混凝土造,76年11月16日,三層,一層 二層 三層 騎樓
RPTNMLTJJHKFFCM09DA,19,92.38,見其他登記事項,鋼筋混凝土造,84年11月22日,十二層,十一層
RPXNMLSJJHKFFAM09CA,20,90.30,住家用,鋼筋混凝土造,83年11月9日,十六層,四層
RPXOMLSJJHKFFAM56CA,21,70.81,住家用,鋼筋混凝土造,82年11月10日,十四層,十層
RPXOMLSJJHKFFAM56CA,21,12.91,見其他登記事項,鋼筋混凝土造,82年11月10日,十四層,
RPXOMLSJJHKFFAM56CA,21,7.48,見其他登記事項,鋼筋混凝土造,82年11月10日,十四層,
RPPOMLRJJHKFFCM48CA,34,18.54,住家用,加強磚造,69年6月11日,一層,一層
RPPOMLRJJHKFFCM48CA,34,18.54,住家用,加強磚造,69年6月11日,一層,一層
RPPOMLRJJHKFFCM48CA,34,18.54,住家用,加強磚造,69年6月11日,一層,一層
RPSNMLMLJHKFFAM18CA,13,159.19,住家用,見其他登記事項,90年6月15日,三層,一層 二層 三層 屋頂突出物
RPRNMLRLJHKFFAM58CA,2,231.10,農舍,鋼筋混凝土造,102年1月14日,三層,一層 二層 三層
RPSNMLNKJHKFFBM28CA,21,88.59,住家用,鋼筋混凝土造,83年4月11日,八層,八層
RPSNMLNKJHKFFBM28CA,21,39.93,見其他登記事項,鋼筋混凝土造,83年4月11日,八層,
RPQNMLTLJHKFFCM88CA,7,23.03,住家用,鋼筋混凝土造,96年6月4日,四層,二層
RPQNMLTLJHKFFCM88CA,7,4.33,見其他登記事項,鋼筋混凝土造,96年6月4日,四層,
RPQNMLTLJHKFFCM88CA,7,22.29,住家用,鋼筋混凝土造,96年6月4日,四層,二層
RPQNMLTLJHKFFCM88CA,7,4.33,見其他登記事項,鋼筋混凝土造,96年6月4日,四層,
RPQNMLTLJHKFFCM88CA,7,22.29,住家用,鋼筋混凝土造,96年6月4日,四層,二層
RPQNMLTLJHKFFCM88CA,7,4.33,見其他登記事項,鋼筋混凝土造,96年6月4日,四層,
RPQNMLTLJHKFFCM88CA,7,22.23,住家用,鋼筋混凝土造,96年6月4日,四層,二層
RPQNMLTLJHKFFCM88CA,7,4.33,見其他登記事項,鋼筋混凝土造,96年6月4日,四層,
RPQNMLTLJHKFFCM88CA,7,22.23,住家用,鋼筋混凝土造,96年6月4日,四層,二層
RPQNMLTLJHKFFCM88CA,7,4.33,見其他登記事項,鋼筋混凝土造,96年6月4日,四層,
RPQNMLTLJHKFFCM88CA,7,23.03,住家用,鋼筋混凝土造,96年6月4日,四層,二層
RPQNMLTLJHKFFCM88CA,7,4.33,見其他登記事項,鋼筋混凝土造,96年6月4日,四層,
RPQNMLTLJHKFFCM88CA,7,22.29,住家用,鋼筋混凝土造,96年6月4日,四層,一層
RPQNMLTLJHKFFCM88CA,7,4.33,見其他登記事項,鋼筋混凝土造,96年6月4日,四層,
RPQNMLTLJHKFFCM88CA,7,22.29,住家用,鋼筋混凝土造,96年6月4日,四層,一層
RPQNMLTLJHKFFCM88CA,7,4.33,見其他登記事項,鋼筋混凝土造,96年6月4日,四層,
RPQNMLTLJHKFFCM88CA,7,22.25,住家用,鋼筋混凝土造,96年6月4日,四層,一層
RPQNMLTLJHKFFCM88CA,7,4.33,見其他登記事項,鋼筋混凝土造,96年6月4日,四層,
RPQNMLTLJHKFFCM88CA,7,24.38,住家用,鋼筋混凝土造,96年6月4日,四層,一層
RPQNMLTLJHKFFCM88CA,7,4.33,見其他登記事項,鋼筋混凝土造,96年6月4日,四層,
RPQNMLTLJHKFFCM88CA,7,23.03,住家用,鋼筋混凝土造,96年6月4日,四層,一層
RPQNMLTLJHKFFCM88CA,7,4.33,見其他登記事項,鋼筋混凝土造,96年6月4日,四層,
RPQNMLTLJHKFFCM88CA,7,23.03,住家用,鋼筋混凝土造,96年6月4日,四層,一層
RPQNMLTLJHKFFCM88CA,7,4.33,見其他登記事項,鋼筋混凝土造,96年6月4日,四層,
RPQNMLTLJHKFFCM88CA,7,22.97,住家用,鋼筋混凝土造,96年6月4日,四層,一層
RPQNMLTLJHKFFCM88CA,7,4.33,見其他登記事項,鋼筋混凝土造,96年6月4日,四層,
RPQNMLTLJHKFFCM88CA,7,22.93,住家用,鋼筋混凝土造,96年6月4日,四層,一層
RPQNMLTLJHKFFCM88CA,7,4.33,見其他登記事項,鋼筋混凝土造,96年6月4日,四層,
RPQNMLTLJHKFFCM88CA,7,46.37,住家用,鋼筋混凝土造,96年6月4日,四層,一層
RPQNMLTLJHKFFCM88CA,7,8.66,見其他登記事項,鋼筋混凝土造,96年6月4日,四層,
RPQNMLTLJHKFFCM88CA,7,22.97,住家用,鋼筋混凝土造,96年6月4日,四層,二層
RPQNMLTLJHKFFCM88CA,7,4.33,見其他登記事項,鋼筋混凝土造,96年6月4日,四層,
RPQNMLTLJHKFFCM88CA,7,22.93,住家用,鋼筋混凝土造,96年6月4日,四層,二層
RPQNMLTLJHKFFCM88CA,7,4.33,見其他登記事項,鋼筋混凝土造,96年6月4日,四層,
RPQNMLTLJHKFFCM88CA,7,22.29,住家用,鋼筋混凝土造,96年6月4日,四層,二層
RPQNMLTLJHKFFCM88CA,7,4.33,見其他登記事項,鋼筋混凝土造,96年6月4日,四層,
RPQNMLTLJHKFFCM88CA,7,22.29,住家用,鋼筋混凝土造,96年6月4日,四層,二層
RPQNMLTLJHKFFCM88CA,7,4.33,見其他登記事項,鋼筋混凝土造,96年6月4日,四層,
RPQNMLTLJHKFFCM88CA,7,22.29,住家用,鋼筋混凝土造,96年6月4日,四層,三層
RPQNMLTLJHKFFCM88CA,7,4.33,見其他登記事項,鋼筋混凝土造,96年6月4日,四層,
RPQNMLTLJHKFFCM88CA,7,22.29,住家用,鋼筋混凝土造,96年6月4日,四層,三層
RPQNMLTLJHKFFCM88CA,7,4.33,見其他登記事項,鋼筋混凝土造,96年6月4日,四層,
RPQNMLTLJHKFFCM88CA,7,22.23,住家用,鋼筋混凝土造,96年6月4日,四層,三層
RPQNMLTLJHKFFCM88CA,7,4.33,見其他登記事項,鋼筋混凝土造,96年6月4日,四層,
RPQNMLTLJHKFFCM88CA,7,22.23,住家用,鋼筋混凝土造,96年6月4日,四層,三層
RPQNMLTLJHKFFCM88CA,7,4.33,見其他登記事項,鋼筋混凝土造,96年6月4日,四層,
RPQNMLTLJHKFFCM88CA,7,23.03,住家用,鋼筋混凝土造,96年6月4日,四層,三層
RPQNMLTLJHKFFCM88CA,7,4.33,見其他登記事項,鋼筋混凝土造,96年6月4日,四層,
RPQNMLTLJHKFFCM88CA,7,23.03,住家用,鋼筋混凝土造,96年6月4日,四層,三層
RPQNMLTLJHKFFCM88CA,7,4.33,見其他登記事項,鋼筋混凝土造,96年6月4日,四層,
RPQNMLTLJHKFFCM88CA,7,22.97,住家用,鋼筋混凝土造,96年6月4日,四層,三層
RPQNMLTLJHKFFCM88CA,7,4.33,見其他登記事項,鋼筋混凝土造,96年6月4日,四層,
RPQNMLTLJHKFFCM88CA,7,22.93,住家用,鋼筋混凝土造,96年6月4日,四層,三層
RPQNMLTLJHKFFCM88CA,7,4.33,見其他登記事項,鋼筋混凝土造,96年6月4日,四層,
RPQNMLTLJHKFFCM88CA,7,22.29,住家用,鋼筋混凝土造,96年6月4日,四層,三層
RPQNMLTLJHKFFCM88CA,7,4.33,見其他登記事項,鋼筋混凝土造,96年6月4日,四層,
RPQNMLTLJHKFFCM88CA,7,22.29,住家用,鋼筋混凝土造,96年6月4日,四層,三層
RPQNMLTLJHKFFCM88CA,7,4.33,見其他登記事項,鋼筋混凝土造,96年6月4日,四層,
RPQNMLTLJHKFFCM88CA,7,22.29,住家用,鋼筋混凝土造,96年6月4日,四層,四層
RPQNMLTLJHKFFCM88CA,7,4.33,見其他登記事項,鋼筋混凝土造,96年6月4日,四層,
RPQNMLTLJHKFFCM88CA,7,22.29,住家用,鋼筋混凝土造,96年6月4日,四層,四層
RPQNMLTLJHKFFCM88CA,7,4.33,見其他登記事項,鋼筋混凝土造,96年6月4日,四層,
RPQNMLTLJHKFFCM88CA,7,22.23,住家用,鋼筋混凝土造,96年6月4日,四層,四層
RPQNMLTLJHKFFCM88CA,7,4.33,見其他登記事項,鋼筋混凝土造,96年6月4日,四層,
RPQNMLTLJHKFFCM88CA,7,22.23,住家用,鋼筋混凝土造,96年6月4日,四層,四層
RPQNMLTLJHKFFCM88CA,7,4.33,見其他登記事項,鋼筋混凝土造,96年6月4日,四層,
RPQNMLTLJHKFFCM88CA,7,23.03,住家用,鋼筋混凝土造,96年6月4日,四層,四層
RPQNMLTLJHKFFCM88CA,7,4.33,見其他登記事項,鋼筋混凝土造,96年6月4日,四層,
RPQNMLTLJHKFFCM88CA,7,23.03,住家用,鋼筋混凝土造,96年6月4日,四層,四層
RPQNMLTLJHKFFCM88CA,7,4.33,見其他登記事項,鋼筋混凝土造,96年6月4日,四層,
RPQNMLTLJHKFFCM88CA,7,22.97,住家用,鋼筋混凝土造,96年6月4日,四層,四層
RPQNMLTLJHKFFCM88CA,7,4.33,見其他登記事項,鋼筋混凝土造,96年6月4日,四層,
RPQNMLTLJHKFFCM88CA,7,22.93,住家用,鋼筋混凝土造,96年6月4日,四層,四層
RPQNMLTLJHKFFCM88CA,7,4.33,見其他登記事項,鋼筋混凝土造,96年6月4日,四層,
RPQNMLTLJHKFFCM88CA,7,22.29,住家用,鋼筋混凝土造,96年6月4日,四層,四層
RPQNMLTLJHKFFCM88CA,7,4.33,見其他登記事項,鋼筋混凝土造,96年6月4日,四層,
RPQNMLTLJHKFFCM88CA,7,22.29,住家用,鋼筋混凝土造,96年6月4日,四層,四層
RPQNMLTLJHKFFCM88CA,7,4.33,見其他登記事項,鋼筋混凝土造,96年6月4日,四層,
RPPNMLMLJHKFFEM28CA,34,115.43,住商用,鋼筋混凝土造,70年2月3日,二層,一層 二層 騎樓
RPRNMLQLJHKFFDM78CA,26,186.21,住商用,鋼筋混凝土加強磚造,78年2月2日,三層,一層 二層 三層 騎樓
RPQNMLOKJHKFFCM38DA,19,150.78,見其他登記事項,鋼筋混凝土造,84年10月2日,七層,一層 二層 三層 騎樓
RPQOMLOKJHKFFCM48DA,17,171.64,見其他登記事項,鋼筋混凝土造,86年6月17日,四層,一層 二層 三層 四層
RPWNMLSJJHKFFBM09CA,20,133.47,住家用,鋼筋混凝土造,84年3月8日,三層,一層 二層 三層
RPPNMLTJJHKFFBM48CA,5,50.20,農舍,見其他登記事項,99年1月19日,一層,一層
RPRNMLKMJHKFFCM28DA,1,61.31,農舍,見其他登記事項,103年5月6日,一層,
RPXNMLQKJHKFFCM66DA,13,189.49,住家用,鋼骨鋼筋混凝土造,91年1月18日,二層,一層 二層
RPSNMLNKJHKFFCM38CA,16,56.52,見其他登記事項,鋼筋混凝土造,87年12月31日,八層,七層
RPSNMLNKJHKFFCM38CA,16,24.07,見其他登記事項,鋼筋混凝土造,87年12月31日,八層,
RPPNMLNLJHKFFAM97CA,29,171.50,住商用,鋼筋混凝土造,75年5月7日,三層,一層 二層 三層 騎樓
RPTNMLRLJHKFFAM78CA,,61.40,見其他登記事項,鋼筋混凝土造,103年10月21日,五層,五層
RPTNMLRLJHKFFAM78CA,,4.85,見其他登記事項,鋼筋混凝土造,103年10月21日,五層,
RPRNMLMJKHKFFAM97CA,,205.87,住家用,鋼筋混凝土造,103年7月10日,四層,一層 二層 三層 四層
RPUNMLRLJHKFFAM88CA,,55.12,見其他登記事項,鋼筋混凝土造,103年10月21日,五層,三層
RPUNMLRLJHKFFAM88CA,,7.40,見其他登記事項,鋼筋混凝土造,103年10月21日,五層,
RPQNMLMJKHKFFAM87CA,,211.33,住家用,鋼筋混凝土造,103年7月10日,四層,一層 二層 三層 四層
RPTNMLMKJHKFFAM18CA,21,173.82,見其他登記事項,鋼筋混凝土造,83年6月2日,五層,三層 四層 五層 一層 二層
RPRNMLNLJHKFFAM18CA,20,88.47,住家用,鋼筋混凝土造,84年2月16日,十三層,十一層
RPRNMLNLJHKFFAM18CA,20,23.37,見其他登記事項,鋼筋混凝土造,84年2月16日,十三層,
RPUNMLTKJHKFFAM98CA,39,145.80,住家用,加強磚造,65年6月4日,二層,一層 二層 屋頂突出物
RPSNMLMJKHKFFAM08CA,,212.35,住家用,鋼筋混凝土造,103年7月10日,四層,一層 二層 三層 四層
RPXOMLNKJHKFFCM98CA,21,80.66,見其他登記事項,見其他登記事項,82年7月19日,一層,
RPOPMLNKJHKFFCM18CA,21,82.14,見其他登記事項,見其他登記事項,82年7月19日,一層,
RPPNMLNKJHKFFCM08CA,14,187.68,住家用,鋼骨鋼筋混凝土造,89年12月13日,二層,一層 二層
RPSNMLQKJHKFFAM48CA,32,564.24,市場攤位,鋼筋混凝土造,71年8月30日,四層,一層
RPSNMLQKJHKFFAM48CA,32,557.30,市場攤位,鋼筋混凝土造,71年8月30日,四層,二層
RPSNMLQKJHKFFAM48CA,32,795.43,商業用,鋼筋混凝土造,71年8月30日,四層,三層 四層
RPSNMLQKJHKFFAM48CA,32,1207.85,見其他登記事項,鋼筋混凝土造,71年8月30日,四層,地下層
RPPNMLQJKHKFFEM58CA,37,312.88,住家用,鋼筋混凝土加強磚造,66年9月26日,三層,一層 二層 三層
RPWNMLTJJHKFFCM66CA,12,129.84,住家用,鋼筋混凝土造,92年3月28日,三層,一層 二層 三層
RPQPMLNKJHKFFCM48DA,20,.57,見其他登記事項,鋼筋混凝土造,83年7月8日,十二層,地下層
RPTNMLTLJHKFFBM09CA,34,95.23,住商用,鋼筋混凝土加強磚造,69年9月30日,二層,一層 二層
RPRNMLPJKHKFFEM68CA,13,154.43,住家用,鋼筋混凝土造,90年6月20日,三層,一層 二層 三層
RPTNMLNKJHKFFAM38DA,24,110.97,住家用,鋼筋混凝土造,79年12月14日,三層,一層 二層 三層
RPTNMLKKKHKFFCM28CA,19,74.44,見其他登記事項,鋼筋混凝土造,84年11月22日,十二層,十層
RPTNMLKKKHKFFCM28CA,19,19.45,見其他登記事項,鋼筋混凝土造,84年11月22日,十二層,
RPUNMLTLJHKFFDM86DA,14,71.02,住家用,鋼筋混凝土造,88年7月9日,四層,一層 二層
RPPOMLTKJHKFFBM68CA,40,97.88,住家用,鋼筋混凝土加強磚造,64年2月27日,三層,一層 二層 三層 騎樓
RPTNMLNKJHKFFBM38CA,32,100.80,國民住宅,鋼筋混凝土造,72年4月12日,四層,四層
RPTNMLNKJHKFFBM38CA,32,5.40,國民住宅,鋼筋混凝土造,72年4月12日,四層,
RPTNMLNKJHKFFBM38CA,32,1.68,國民住宅,鋼筋混凝土造,72年4月12日,四層,
RPTNMLNKJHKFFBM38CA,32,.84,國民住宅,鋼筋混凝土造,72年4月12日,四層,
RPPOMLOKJHKFFCM38DA,21,163.54,住家用,鋼筋混凝土造,83年4月12日,四層,一層 二層 三層 四層 屋頂突出物
RPQOMLKLJHKFFCM08CA,19,172.46,住家用,鋼筋混凝土造,84年9月14日,四層,二層 三層 一層 四層
RPPNMLKLJHKFFDM97CA,22,95.76,見其他登記事項,鋼筋混凝土造,82年4月29日,五層,一層
RPRNMLNKJHKFFBM18CA,5,16.00,農舍,見其他登記事項,98年9月30日,一層,一層
RPPNMLLLJHKFFAM77CA,21,161.92,住家用,鋼筋混凝土造,82年12月4日,三層,一層 二層 三層 屋頂突出物
RPVNMLMJKHKFFBM48CA,19,97.66,住家用,鋼筋混凝土造,85年1月12日,十層,五層
RPVNMLMJKHKFFBM48CA,19,26.25,見其他登記事項,鋼筋混凝土造,85年1月12日,十層,
RPPNMLRKJHKFFAM28CA,34,118.36,住商用,鋼筋混凝土加強磚造,69年7月8日,二層,一層 二層 騎樓
RPQNMLPKJHKFFAM18CA,19,339.21,住家用,鋼筋混凝土造,85年2月16日,四層,一層 二層 三層 四層 屋頂突出物
RPQNMLNLJHKFFAM08CA,20,25.33,停車空間,鋼筋混凝土造,84年2月16日,十三層,
RPVNMLPKJHKFFAM68CA,38,110.50,住商用,鋼筋混凝土加強磚造,66年4月13日,二層,一層 二層 騎樓
RPTNMLOKJHKFFAM38CA,2,180.67,見其他登記事項,鋼筋混凝土造,102年4月16日,四層,一層 二層 三層 四層
RPROMLQLJHKFFAM58CA,17,107.50,住家用,鋼筋混凝土造,87年3月6日,九層,五層
RPROMLQLJHKFFAM58CA,17,29.25,見其他登記事項,鋼筋混凝土造,87年3月6日,九層,
RPROMLQLJHKFFAM58CA,17,13.59,見其他登記事項,鋼筋混凝土造,87年3月6日,九層,
RPPOMLKMJHKFFCM08CA,35,74.10,住家用,磚造,69年5月20日,一層,一層 騎樓
RPSNMLOJKHKFFAM28CA,44,101.68,住家用,加強磚造,59年8月1日,二層,一層 二層
RPQNMLLKKHKFFEM28CA,19,166.32,住家用,加強磚造,85年4月18日,一層,一層
RPSNMLPJKHKFFDM68CA,14,12.96,見其他登記事項,鋼筋混凝土造,89年8月4日,五層,
RPSNMLPJKHKFFDM68CA,14,105.33,住家用,鋼筋混凝土造,89年8月4日,五層,四層
RPRNMLPKJHKFFBM38CA,34,116.16,住家用,鋼筋混凝土加強磚造,69年12月18日,二層,一層 二層
RPSNMLSLJHKFFBM88CA,35,187.47,住家用,鋼筋混凝土造,68年6月27日,二層,一層 二層 騎樓
RPSNMLRLJHKFFAM68CA,,55.12,見其他登記事項,鋼筋混凝土造,103年10月21日,五層,四層
RPSNMLRLJHKFFAM68CA,,5.92,見其他登記事項,鋼筋混凝土造,103年10月21日,五層,
RPQOMLMKKHKFFAM08CA,83,70.24,商業用,磚造,21年1月1日,一層,一層
RPVNMLMJKHKFFAM38CA,,217.26,住家用,鋼筋混凝土造,103年7月10日,四層,一層 二層 三層 四層
RPWNMLMJKHKFFAM48CA,,219.47,住家用,鋼筋混凝土造,103年7月10日,四層,一層 二層 三層 四層
RPTNMLLLJHKFFDM48CA,7,316.74,住商用,鋼筋混凝土造,96年12月18日,三層,一層 二層 三層 屋頂突出物 騎樓
RPUNMLMJKHKFFAM28CA,,207.89,住家用,鋼筋混凝土造,103年7月10日,四層,一層 二層 三層 四層
RPTNMLMJKHKFFAM18CA,,221.68,住家用,鋼筋混凝土造,103年7月10日,四層,一層 二層 三層 四層
RPPOMLOJKHKFFAM08CA,20,95.07,住家用,鋼筋混凝土造,84年2月16日,十三層,十層
RPPOMLOJKHKFFAM08CA,20,16.41,見其他登記事項,鋼筋混凝土造,84年2月16日,十三層,
RPPOMLOJKHKFFAM08CA,20,12.67,停車空間,鋼筋混凝土造,84年2月16日,十三層,
RPTNMLLLJHKFFAM18CA,20,84.38,住家用,鋼筋混凝土造,84年2月16日,十三層,七層
RPTNMLLLJHKFFAM18CA,20,23.37,見其他登記事項,鋼筋混凝土造,84年2月16日,十三層,
RPVNMLQKJHKFFAM78CA,17,15.27,停車空間,鋼筋混凝土造,86年9月19日,十四層,
RPVNMLQKJHKFFAM78CA,17,21.20,見其他登記事項,鋼筋混凝土造,86年9月19日,十四層,
RPVNMLQKJHKFFAM78CA,17,85.48,住家用,鋼筋混凝土造,86年9月19日,十四層,十層
RPTNMLMLJHKFFBM38CA,7,29.00,農舍,鋼筋混凝土造,97年3月13日,一層,一層
RPRNMLTKJHKFFAM68CA,,203.32,住家用,鋼筋混凝土造,103年11月20日,三層,一層 二層 三層
RPXNMLKLJHKFFBM58CA,23,21.55,住家用,鋼筋混凝土造,80年9月20日,九層,三層
RPXNMLKLJHKFFBM58CA,23,8.66,見其他登記事項,鋼筋混凝土造,80年9月20日,九層,
RPXNMLKLJHKFFBM58CA,23,4.71,見其他登記事項,鋼筋混凝土造,80年9月20日,十一層,
RPRNMLPKJHKFFCM48CA,19,65.92,住家用,鋼筋混凝土造,84年9月16日,三層,一層 二層 三層
RPRNMLPKJHKFFCM48CA,19,65.92,住家用,鋼筋混凝土造,84年9月16日,三層,一層 二層 三層
RPXNMLMJKHKFFBM68CA,8,198.00,農舍,見其他登記事項,96年3月3日,一層,一層
RPWNMLKMJHKFFCM68CA,36,125.65,住家用,鋼筋混凝土加強磚造,67年8月30日,二層,一層 二層
RPUNMLTKJHKFFCM56CA,41,53.20,住家用,鋼筋混凝土加強磚造,63年6月10日,二層,一層 二層
RPUNMLTKJHKFFCM56CA,41,53.20,住家用,鋼筋混凝土加強磚造,63年6月10日,二層,一層 二層
RPPNMLPKJHKFFCM38DA,33,103.32,見其他登記事項,鋼筋混凝土造,70年10月27日,二層,一層 二層 騎樓
RPPOMLQJKHKFFCM48CA,19,104.86,見其他登記事項,鋼筋混凝土造,85年2月9日,十五層,二層
RPPOMLQJKHKFFCM48CA,19,24.08,見其他登記事項,鋼筋混凝土造,85年2月9日,十五層,
RPRNMLTKJHKFFCM88CA,27,153.26,見其他登記事項,鋼筋混凝土造,77年6月9日,二層,一層 二層 騎樓
RPUNMLRKKHKFFCM09CA,19,166.86,住家用,鋼筋混凝土造,85年4月25日,三層,一層 二層 三層
RPSNMLTKJHKFFCM09DA,16,125.79,住家用,鋼筋混凝土造,87年10月19日,三層,一層 二層 三層
RPPNMLQLJHKFFCM58DA,21,301.44,住商用,鋼筋混凝土造,83年6月10日,三層,一層 二層 三層 騎樓
RPPOMLKLJHKFFBM87CA,1,230.62,見其他登記事項,鋼筋混凝土造,103年1月3日,三層,一層 二層 三層 見其他登記事項
RPQNMLKLJHKFFBM87CA,20,23.98,住家用,鋼筋混凝土造,83年7月21日,十三層,七層
RPQNMLKLJHKFFBM87CA,20,13.69,見其他登記事項,鋼筋混凝土造,83年7月21日,十三層,
RPUNMLMLJHKFFBM48CA,19,146.42,住家用,鋼筋混凝土造,84年6月29日,三層,一層 二層 三層 電梯樓梯間
RPUNMLNLJHKFFCM68CA,41,93.97,住商用,鋼筋混凝土加強磚造,63年3月1日,二層,一層 二層 騎樓
RPWNMLKLJHKFFAM38CA,14,123.65,住商用,鋼筋混凝土造,89年10月19日,三層,一層 二層 三層 屋頂突出物
RPSNMLTKJHKFFAM78CA,,202.90,住家用,鋼筋混凝土造,103年11月20日,三層,一層 二層 三層
RPQNMLQKJHKFFEM68CA,25,189.22,住家用,鋼筋混凝土造,79年1月16日,三層,一層 二層 三層
RPRNMLPJKHKFFBM38CA,22,129.49,住商用,鋼筋混凝土造,81年8月11日,三層,一層 二層 三層 騎樓
RPOOMLKLJHKFFAM67CA,19,67.78,住家用,加強磚造,84年12月30日,一層,一層
RPSNMLLLJHKFFAM08CA,13,114.85,住家用,鋼筋混凝土造,90年7月2日,三層,一層 二層 三層 屋頂突出物
RPOOMLNLJHKFFAM97CA,17,143.14,住家用,鋼筋混凝土造,87年1月9日,三層,一層 二層 三層 屋頂突出物 騎樓
RPTNMLSLJHKFFAM88CA,12,256.79,住商用,鋼筋混凝土造,92年1月3日,三層,一層 二層 三層 屋頂突出物 騎樓 夾層
RPVNMLTJKHKFFAM09CA,,167.76,見其他登記事項,鋼筋混凝土造,103年10月23日,四層,一層 二層 三層 四層
RPVNMLTJKHKFFAM09CA,,.31,住家用,鋼筋混凝土造,103年10月23日,一層,
RPWNMLTJKHKFFAM56CA,,178.21,見其他登記事項,鋼筋混凝土造,103年10月23日,四層,一層 二層 三層 四層
RPWNMLTJKHKFFAM56CA,,.31,住家用,鋼筋混凝土造,103年10月23日,一層,
RPOOMLTLJHKFFBM68CA,19,159.45,住家用,鋼筋混凝土造,85年1月11日,三層,一層 二層 三層
RPUNMLTJKHKFFAM98CA,,167.76,見其他登記事項,鋼筋混凝土造,103年10月23日,四層,一層 二層 三層 四層
RPUNMLTJKHKFFAM98CA,,.31,住家用,鋼筋混凝土造,103年10月23日,一層,
RPPOMLNKKHKFFCM28CA,21,81.15,見其他登記事項,鋼筋混凝土造,83年1月14日,十一層,十一層
RPPOMLNKKHKFFCM28CA,21,20.93,見其他登記事項,鋼筋混凝土造,83年1月14日,十一層,
RPTNMLLLJHKFFBM28CA,60,40.00,住家用,見其他登記事項,,一層,一層
RPXNMLMJKHKFFAM58CA,,217.03,住家用,鋼筋混凝土造,103年7月10日,四層,一層 二層 三層 四層
RPTNMLOJKHKFFCM58CA,34,93.87,住商用,加強磚造,69年10月4日,二層,一層 二層 騎樓
RPQOMLTJKHKFFBM78CA,5,216.21,住家用,鋼筋混凝土造,99年4月28日,四層,一層 二層 三層 四層
RPTNMLNLJHKFFDM68CA,13,156.39,住家用,鋼筋混凝土造,90年10月5日,三層,一層 二層 三層 電梯樓梯間
RPOPMLQKKHKFFCM58CA,6,147.31,住家用,鋼骨鋼筋混凝土造,97年7月31日,三層,一層 二層 三層
RPQNMLLLJHKFFDM18CA,27,117.81,住商用,鋼筋混凝土加強磚造,76年12月31日,三層,一層 二層 三層 騎樓
RPRNMLNLJHKFFDM48CA,9,589.48,住家用,見其他登記事項,94年8月5日,三層,一層 二層 三層 電梯樓梯間 地下層
RPQNMLLLJHKFFCM08CA,35,92.32,住商用,鋼筋混凝土造,68年12月31日,二層,一層 二層 騎樓
RPSNMLRKKHKFFCM88CA,36,136.92,農舍,加強磚造,67年10月14日,二層,一層 二層 騎樓
RPPNMLSLJHKFFBM58CA,21,103.52,住家用,鋼筋混凝土造,82年10月29日,十層,九層
RPPNMLSLJHKFFBM58CA,21,33.81,見其他登記事項,鋼筋混凝土造,82年10月29日,十層,
RPXNMLTJKHKFFAM66CA,,178.21,見其他登記事項,鋼筋混凝土造,103年10月23日,四層,一層 二層 三層 四層
RPXNMLTJKHKFFAM66CA,,.03,住家用,鋼筋混凝土造,103年10月23日,一層,
RPTNMLQLJHKFFAM68CA,1,238.88,農舍,鋼筋混凝土造,103年1月20日,三層,一層 二層 三層
RPSOMLLLJHKFFAM18CA,,224.63,住家用,鋼筋混凝土造,103年8月20日,四層,一層 二層 三層 四層
RPQNMLLJKHKFFAM77CA,25,170.50,住家用,鋼筋混凝土造,78年12月30日,三層,一層 二層 三層
RPXNMLKLJHKFFAM48CA,35,56.07,住商用,鋼筋混凝土加強磚造,69年6月1日,二層,一層 二層 騎樓
RPXNMLKLJHKFFAM48CA,35,56.07,住商用,鋼筋混凝土加強磚造,69年6月1日,二層,一層 二層 騎樓
RPQNMLLKKHKFFAM87CA,20,173.53,住家用,鋼筋混凝土造,83年10月7日,四層,一層 二層 三層 四層
RPQNMLLKKHKFFAM87CA,20,45.13,見其他登記事項,鋼筋混凝土造,83年10月7日,十一層,
RPSOMLQLJHKFFAM68CA,36,111.03,住商用,鋼筋混凝土加強磚造,67年11月6日,二層,一層 二層 騎樓
RPROMLTLJHKFFBM98CA,9,14.25,商業用,鋼筋混凝土造,94年6月30日,一層,一層
RPROMLTLJHKFFBM98CA,9,463.98,住商用,鋼筋混凝土造,94年6月30日,四層,一層 二層 三層 四層 屋頂突出物 騎樓
RPRNMLMLJHKFFAM08CA,35,151.40,住商用,鋼筋混凝土加強磚造,69年1月12日,三層,一層 二層 三層 騎樓
RPTNMLQKKHKFFBM78CA,,254.90,見其他登記事項,鋼筋混凝土造,103年10月16日,三層,一層 二層 三層 見其他登記事項
RPRNMLQKKHKFFBM58CA,,254.90,見其他登記事項,鋼筋混凝土造,103年10月16日,三層,一層 二層 三層 見其他登記事項
RPSNMLQKKHKFFBM68CA,,254.90,見其他登記事項,鋼筋混凝土造,103年10月16日,三層,一層 二層 三層 見其他登記事項
RPUNMLQKKHKFFBM88CA,,254.90,見其他登記事項,鋼筋混凝土造,103年10月16日,三層,一層 二層 三層 見其他登記事項
RPQNMLMLJHKFFDM28CA,20,257.97,見其他登記事項,鋼筋混凝土造,84年1月13日,三層,一層 二層 三層
RPPNMLNLJHKFFDM28CA,34,119.38,住商用,鋼筋混凝土加強磚造,70年2月18日,二層,一層 二層 騎樓
RPUNMLMLJHKFFCM58CA,22,72.04,農舍,鋼筋混凝土造,81年12月24日,二層,一層 二層
RPTNMLMLJHKFFCM48CA,3,246.08,住家用,鋼筋混凝土造,101年5月10日,三層,一層 二層 三層
RPPNMLTLJHKFFDM88CA,14,177.28,住家用,鋼筋混凝土造,90年5月22日,三層,一層 二層 三層 屋頂突出物
RPPPMLQKKHKFFCM68CA,6,144.01,住家用,鋼骨鋼筋混凝土造,97年7月31日,三層,一層 二層 三層
RPXNMLMJKHKFFCM78CA,,67.62,住家用,磚造,,一層,一層
RPSNMLNLJHKFFCM48CA,8,205.57,見其他登記事項,鋼筋混凝土造,96年4月18日,四層,一層 二層 三層 四層 騎樓
RPQOMLQJKHKFFCM58CA,34,231.59,住家用,鋼筋混凝土加強磚造,69年12月11日,三層,一層 二層 三層
RPXNMLTLJHKFFDM07CA,20,266.80,住家用,加強磚造,83年7月27日,二層,一層 二層 騎樓
RPTNMLRKKHKFFEM56CA,63,20.72,住家用,木造,41年6月15日,一層,一層
RPRNMLNKKHKFFBM38DA,51,66.60,商業用,鋼筋混凝土加強磚造,53年2月1日,二層,一層 二層
RPUNMLKMJHKFFDM58CA,19,26.62,住家用,鋼筋混凝土造,85年3月1日,四層,地下二層
RPSNMLPJKHKFFBM48CA,7,215.29,見其他登記事項,鋼筋混凝土造,96年9月21日,四層,一層 二層 三層 四層
RPVNMLNLJHKFFAM58CA,32,130.50,住商用,鋼筋混凝土加強磚造,71年8月26日,三層,一層 二層 三層 騎樓
RPVNMLNJKHKFFAM48CA,20,193.39,見其他登記事項,鋼筋混凝土造,84年6月9日,四層,一層 二層 三層 四層 屋頂突出物 地下層
RPVNMLNJKHKFFAM48CA,20,24.83,見其他登記事項,鋼筋混凝土造,84年6月9日,四層,
RPWNMLSLJHKFFAM56CA,1,225.47,見其他登記事項,鋼筋混凝土造,103年1月28日,四層,一層 二層 三層 四層
RPSNMLTJKHKFFAM78CA,21,139.20,住家用,鋼筋混凝土造,83年2月4日,三層,一層 二層 三層
RPUNMLQLJHKFFBM88CA,20,25.10,住家用,鋼筋混凝土造,83年7月21日,十三層,七層
RPUNMLQLJHKFFBM88CA,20,14.39,見其他登記事項,鋼筋混凝土造,83年7月21日,十三層,
RPWNMLNJKHKFFBM68CA,33,98.00,住商用,鋼筋混凝土造,70年11月1日,二層,一層 二層 騎樓
RPPNMLOKKHKFFBM18CA,7,29.00,農舍,鋼筋混凝土造,97年3月13日,一層,一層
RPQNMLQLJHKFFBM58DA,2,12.00,農舍,見其他登記事項,102年2月5日,一層,一層
RPPNMLPJKHKFFBM18CA,7,29.00,農舍,鋼筋混凝土造,97年3月13日,一層,一層
RPUNMLNLJHKFFDM88DA,22,151.22,住家用,鋼筋混凝土造,82年5月26日,四層,一層 二層 三層 四層
RPUNMLNLJHKFFDM88DA,21,32.65,見其他登記事項,鋼筋混凝土造,82年8月12日,地下層,
RPRNMLQLJHKFFCM68CA,18,199.36,見其他登記事項,鋼筋混凝土造,86年5月15日,三層,三層 屋頂突出物 一層 二層 騎樓
RPVNMLQJKHKFFCM09DA,14,181.05,住家用,鋼筋混凝土造,90年5月15日,二層,一層 二層 屋頂突出物
RPVNMLQJKHKFFCM09DA,14,180.35,住家用,鋼筋混凝土造,90年5月15日,二層,一層 二層 屋頂突出物
RPTNMLSLJHKFFCM09CA,30,76.96,住家用,鋼筋混凝土造,74年1月8日,三層,一層 二層 三層
RPVNMLNKKHKFFCM78CA,3,264.29,住家用,鋼筋混凝土造,101年6月12日,四層,一層 二層 三層 四層
RPVNMLNJKHKFFBM58CA,33,154.26,住商用,鋼筋混凝土造,70年10月5日,三層,一層 二層 三層 騎樓
RPRNMLOLKHKFFAM38CA,44,76.24,住家用,鋼筋混凝土加強磚造,59年11月27日,二層,一層 二層
RPVNMLKKKHKFFAM28CA,17,79.44,住家用,鋼筋混凝土造,87年4月14日,七層,四層
RPVNMLKKKHKFFAM28CA,17,22.00,見其他登記事項,鋼筋混凝土造,87年4月14日,七層,
RPVNMLKKKHKFFAM28CA,17,11.65,見其他登記事項,鋼筋混凝土造,87年4月14日,七層,
RPRNMLRLJHKFFBM68CA,26,141.05,住家用,鋼筋混凝土造,77年12月30日,三層,一層 二層 三層
RPQNMLRLJHKFFBM58CA,8,153.76,住家用,鋼筋混凝土造,95年12月13日,三層,一層 二層 三層 屋頂突出物
RPROMLTJKHKFFAM78CA,17,189.18,見其他登記事項,鋼筋混凝土造,86年11月25日,四層,一層 二層 三層 四層 屋頂突出物
RPQNMLSLJHKFFAM58CA,36,93.66,住商用,鋼筋混凝土加強磚造,67年9月1日,二層,一層 二層
RPVNMLOJKHKFFAM58CA,16,80.91,農舍,見其他登記事項,88年2月3日,一層,一層
RPWNMLOJKHKFFAM68CA,16,80.91,農舍,見其他登記事項,88年2月3日,一層,一層
RPROMLLKKHKFFAM08CA,14,186.94,住家用,鋼筋混凝土造,89年9月20日,三層,一層 二層 三層 屋頂突出物 騎樓
RPXNMLMKKHKFFAM68CA,35,104.10,住商用,鋼筋混凝土加強磚造,69年3月10日,二層,一層 二層 騎樓
RPOOMLMKKHKFFAM87CA,22,84.85,住家用,鋼筋混凝土造,82年1月4日,八層,七層
RPOOMLMKKHKFFAM87CA,22,24.81,見其他登記事項,鋼筋混凝土造,82年1月4日,八層,
RPQNMLNKKHKFFAM08CA,21,99.53,住家用,鋼筋混凝土造,83年4月28日,三層,一層 二層 三層
RPQNMLKMJHKFFBM97CA,26,162.80,住商用,鋼筋混凝土造,78年3月4日,三層,一層 二層 三層 騎樓
RPQNMLOLKHKFFAM28CA,,187.53,見其他登記事項,鋼筋混凝土造,103年10月23日,四層,一層 二層 三層 四層 見其他登記事項
RPQNMLOLKHKFFAM28CA,,.16,住家用,鋼筋混凝土造,103年10月23日,一層,
RPPOMLTLJHKFFBM78CA,22,146.23,商業用,鋼筋混凝土造,81年12月12日,四層,一層 二層 三層 四層
RPPOMLTLJHKFFBM78CA,22,.47,見其他登記事項,鋼筋混凝土造,81年12月12日,一層,
RPPOMLTLJHKFFBM78CA,22,35.88,見其他登記事項,鋼筋混凝土造,81年12月12日,地下一層,
RPTOMLTJKHKFFBM09CA,,203.14,見其他登記事項,鋼筋混凝土造,103年9月2日,三層,一層 二層 三層 見其他登記事項
RPPNMLLMJHKFFCM18DA,19,51.66,見其他登記事項,鋼筋混凝土造,85年2月9日,十五層,九層
RPPNMLLMJHKFFCM18DA,19,13.27,見其他登記事項,鋼筋混凝土造,85年2月9日,十五層,
RPSOMLNKKHKFFCM58CA,35,101.40,住家用,鋼筋混凝土加強磚造,68年8月29日,二層,一層 二層
RPPNMLPJKHKFFCM38DA,1,135.34,見其他登記事項,鋼筋混凝土造,103年6月12日,三層,一層 二層 三層 見其他登記事項
RPXNMLOJKHKFFCM09DA,20,90.79,見其他登記事項,鋼筋混凝土造,84年5月24日,六層,一層
RPXNMLOJKHKFFCM09DA,20,29.29,見其他登記事項,鋼筋混凝土造,84年5月24日,六層,
RPSNMLPJKHKFFCM58CA,1,216.37,住家用,鋼筋混凝土造,103年2月6日,四層,一層 二層 三層 四層
RPVNMLMJKHKFFCM58CA,35,149.31,住商用,鋼筋混凝土造,69年1月9日,三層,一層 二層 三層 騎樓
RPROMLTLJHKFFCM09CA,40,106.40,住家用,鋼筋混凝土加強磚造,63年7月3日,二層,一層 二層
RPXNMLQJKHKFFCM56CA,20,96.79,見其他登記事項,鋼筋混凝土造,83年7月7日,十三層,五層
RPXNMLQJKHKFFCM56CA,20,18.89,見其他登記事項,鋼筋混凝土造,83年7月7日,十三層,
RPWOMLOJKHKFFDM09CA,35,123.40,住家用,鋼筋混凝土加強磚造,69年7月1日,二層,一層 二層 騎樓
RPPNMLQKKHKFFBM48DA,35,114.44,住商用,鋼筋混凝土加強磚造,68年12月17日,二層,一層 二層 騎樓
RPTNMLKMJHKFFBM28CA,28,148.96,見其他登記事項,加強磚造,76年5月19日,二層,一層 二層 騎樓
RPRNMLKMJHKFFBM18DA,22,70.79,住家用,鋼筋混凝土造,82年5月27日,七層,六層
RPRNMLKMJHKFFBM18DA,22,14.92,見其他登記事項,鋼筋混凝土造,82年5月27日,七層,
RPRNMLKMJHKFFBM18DA,22,7.88,見其他登記事項,鋼筋混凝土造,82年5月27日,七層,
RPXNMLTLJHKFFBM86CA,5,14.05,農舍,見其他登記事項,99年1月12日,一層,一層
RPVNMLOLKHKFFAM78CA,,167.19,見其他登記事項,鋼筋混凝土造,103年10月23日,四層,一層 二層 三層 四層
RPVNMLOLKHKFFAM78CA,,.31,住家用,鋼筋混凝土造,103年10月23日,一層,
RPSNMLOLKHKFFAM48CA,,174.98,見其他登記事項,鋼筋混凝土造,103年10月23日,四層,一層 二層 三層 四層
RPSNMLOLKHKFFAM48CA,,.31,住家用,鋼筋混凝土造,103年10月23日,一層,
RPOOMLOLKHKFFAM18CA,,257.08,見其他登記事項,鋼筋混凝土造,103年10月23日,四層,一層 二層 三層 四層 見其他登記事項
RPOOMLOLKHKFFAM18CA,,.27,住家用,鋼筋混凝土造,103年10月23日,一層,
SPOOMLOLKHKFFAM28CA,,167.75,見其他登記事項,鋼筋混凝土造,103年10月23日,四層,一層 二層 三層 四層
SPOOMLOLKHKFFAM28CA,,.31,住家用,鋼筋混凝土造,103年10月23日,一層,
RPROMLOLKHKFFAM48CA,,167.75,見其他登記事項,鋼筋混凝土造,103年10月23日,四層,一層 二層 三層 四層
RPROMLOLKHKFFAM48CA,,.31,住家用,鋼筋混凝土造,103年10月23日,一層,
RPTOMLOLKHKFFAM68CA,,167.76,見其他登記事項,鋼筋混凝土造,103年10月23日,四層,一層 二層 三層 四層
RPTOMLOLKHKFFAM68CA,,.31,住家用,鋼筋混凝土造,103年10月23日,一層,
RPRPMLOLKHKFFAM58CA,,167.76,見其他登記事項,鋼筋混凝土造,103年10月23日,四層,一層 二層 三層 四層
RPRPMLOLKHKFFAM58CA,,.31,住家用,鋼筋混凝土造,103年10月23日,一層,
RPOPMLOLKHKFFAM28CA,,167.76,見其他登記事項,鋼筋混凝土造,103年10月23日,四層,一層 二層 三層 四層
RPOPMLOLKHKFFAM28CA,,.31,住家用,鋼筋混凝土造,103年10月23日,一層,
RPVOMLOLKHKFFAM88CA,,167.76,見其他登記事項,鋼筋混凝土造,103年10月23日,四層,一層 二層 三層 四層
RPVOMLOLKHKFFAM88CA,,.31,住家用,鋼筋混凝土造,103年10月23日,一層,
RPQPMLOLKHKFFAM48CA,,167.75,見其他登記事項,鋼筋混凝土造,103年10月23日,四層,一層 二層 三層 四層
RPQPMLOLKHKFFAM48CA,,.31,住家用,鋼筋混凝土造,103年10月23日,一層,
RPQNMLKKKHKFFBM87CA,21,161.43,住商用,鋼筋混凝土造,83年3月10日,七層,一層 二層 三層
RPQNMLKKKHKFFBM87CA,21,34.07,見其他登記事項,鋼筋混凝土造,83年3月10日,七層,
RPVOMLQKKHKFFBM09CA,37,95.27,住家用,鋼筋混凝土加強磚造,67年1月12日,二層,一層 二層
RPPNMLKMJHKFFDM08CA,24,167.96,住家用,鋼筋混凝土造,79年9月12日,三層,一層 二層 三層 地下層
RPSNMLKMJHKFFCM28CA,42,63.00,住家用,鋼筋混凝土加強磚造,61年9月30日,二層,一層 二層
RPQOMLNJKHKFFCM28CA,39,50.98,住家用,鋼筋混凝土加強磚造,64年9月1日,一層,一層
RPTOMLNKKHKFFCM68CA,21,105.24,見其他登記事項,鋼筋混凝土造,82年8月30日,七層,四層
RPTOMLNKKHKFFCM68CA,21,23.35,見其他登記事項,鋼筋混凝土造,82年8月30日,見其他登記事項,
RPWNMLOJKHKFFCM88CA,57,123.30,住商用,見其他登記事項,47年6月1日,三層,一層 二層 三層 騎樓
RPTOMLQKKHKFFCM98CA,7,156.42,農舍,見其他登記事項,96年10月24日,二層,一層 二層
RPQNMLQJKHKFFDM58CA,22,146.00,住家用,鋼筋混凝土造,82年5月20日,三層,一層 二層 三層
RPQNMLOLKHKFFBM38CA,39,266.11,住商用,鋼筋混凝土加強磚造,65年4月6日,五層,一層 二層 三層 四層 五層 騎樓
RPVNMLQJKHKFFBM88CA,1,173.90,見其他登記事項,鋼筋混凝土造,103年2月17日,三層,一層 二層 三層 見其他登記事項
RPQNMLTJKHKFFEM98CA,52,180.63,商業用,鋼筋混凝土加強磚造,52年3月1日,二層,一層 二層 騎樓 地下層
RPSNMLMJKHKFFBM18CA,2,290.23,住家用,鋼筋混凝土造,101年12月19日,四層,一層 二層 三層 四層
RPXNMLNJKHKFFBM78CA,42,102.56,住家用,鋼筋混凝土加強磚造,61年8月3日,二層,一層 二層
RPVPMLOLKHKFFAM98CA,,167.76,見其他登記事項,鋼筋混凝土造,103年10月23日,四層,一層 二層 三層 四層
RPVPMLOLKHKFFAM98CA,,.31,住家用,鋼筋混凝土造,103年10月23日,一層,
RPXPMLOLKHKFFAM56CA,,171.53,見其他登記事項,鋼筋混凝土造,103年10月23日,四層,一層 二層 三層 四層
RPXPMLOLKHKFFAM56CA,,.31,住家用,鋼筋混凝土造,103年10月23日,一層,
RPWPMLOLKHKFFAM09CA,,171.53,見其他登記事項,鋼筋混凝土造,103年10月23日,四層,一層 二層 三層 四層
RPWPMLOLKHKFFAM09CA,,.31,住家用,鋼筋混凝土造,103年10月23日,一層,
RPOQMLOLKHKFFAM38CA,,264.25,見其他登記事項,鋼筋混凝土造,103年10月23日,四層,一層 二層 三層 四層 見其他登記事項
RPOQMLOLKHKFFAM38CA,,.16,住家用,鋼筋混凝土造,103年10月23日,一層,
RPPQMLOLKHKFFAM48CA,,257.43,見其他登記事項,鋼筋混凝土造,103年10月23日,四層,一層 二層 三層 四層 見其他登記事項
RPPQMLOLKHKFFAM48CA,,.16,住家用,鋼筋混凝土造,103年10月23日,一層,
RPRQMLOLKHKFFAM68CA,,178.21,見其他登記事項,鋼筋混凝土造,103年10月23日,四層,一層 二層 三層 四層
RPRQMLOLKHKFFAM68CA,,.31,住家用,鋼筋混凝土造,103年10月23日,一層,
RPVOMLKKKHKFFAM38CA,14,159.19,住家用,見其他登記事項,90年6月15日,三層,一層 二層 三層 屋頂突出物
RPUNMLNJKHKFFAM38CA,9,344.47,住家用,鋼筋混凝土造,95年1月23日,四層,一層 二層 三層 四層
