﻿編號,土地區段位置,土地移轉面積平方公尺,使用分區或編定
The serial number,land sector position,land shifting area square meter,the use zoning or compiles and checks
RPWNMLQJJIJFFAO56CC,東明段,.00,都市：住
RPWNMLRJJIJFFAO66CC,力行段,.00,非都市：山坡地保育區 ; 非都市編定：丙種建築用地
RPRNMLTJJIJFFAO98CC,武陵段,.00,都市：住
RPQNMLQJJIJFFAO58CC,信義段,.00,都市：商
RPSNMLRJJIJFFAO88CC,南門段一小段,.00,都市：商
RPSNMLRJJIJFFAO88CC,南門段一小段,.00,都市：商
RPSNMLRJJIJFFAO88CC,南門段一小段,.00,都市：商
RPSNMLRJJIJFFAO88CC,南門段一小段,.00,都市：商
RPTNMLRJJIJFFAO98CC,新興段,.00,都市：住
RPTNMLRJJIJFFAO98CC,新興段,.00,都市：住
RPOPNLPJJIJFFAO68DC,中興段,2405.00,都市：工
RPTNMLTJJIJFFAO56CC,關東段,99.00,都市：住
RPWPMLKKJIJFFAO88CC,民主段一小段,.00,都市：商
RPVNMLTJJIJFFAO76CC,虎林段,.00,非都市：特定農業區 ; 非都市編定：甲種建築用地
RPUQMLKKJIJFFAO78CC,復中段,25.06,都市：住
RPUOMLMKJIJFFAO98EC,中央段,161.00,都市：住
RPUOMLMKJIJFFAO98EC,中央段,21.00,都市：住
RPUOMLMKJIJFFAO98EC,中央段,11.00,都市：住
RPQQMLNKJIJFFAO68CC,東門段二小段,.00,都市：商
RPQQMLNKJIJFFAO68CC,東門段二小段,.00,都市：商
RPWRMLMKJIJFFAO66CC,光復段,.00,都市：住
RPWRMLMKJIJFFAO66CC,光復段,.00,都市：住
RPUNMLQKJIJFFAO09CC,國道段,.00,都市：住
RPUNMLQKJIJFFAO09CC,國道段,.00,都市：住
RPQNMLPKJIJFFAO58CC,崙子段,.00,都市：住
RPPNMLPKJIJFFAO48CC,和平段,.00,都市：住
RPSNMLQKJIJFFAO88CC,聚吉段,.00,都市：其他
RPSNMLQKJIJFFAO88CC,中雅段,.00,都市：住
RPVNMLQKJIJFFAO56CC,建華段,.00,都市：住
RPPOMLTKJIJFFAO98CC,隆恩段,113.52,非都市：特定農業區 ; 非都市編定：丁種建築用地
RPRNMLQKJIJFFAO78CC,柴橋段,.00,都市：其他
RPTNMLQKJIJFFAO98CC,自由段,.00,都市：住
RPWQMLKKJIJFFAO98CC,中華段,.00,都市：住
RPROMLQLJIJFFAO98CC,光華段,.00,都市：商
RPSPMLRLJIJFFAO86EC,美山段,.00,都市：住
RPWOMLQLJIJFFAO86CC,光復段,.00,都市：住
RPPNMLTLJIJFFAO98CC,崙子段,.00,都市：住
RPPNMLTLJIJFFAO98CC,崙子段,.00,都市：住
RPXNMLSLJIJFFAO17DC,長春段,36.02,都市：其他
RPQQMLLLJIJFFAO58CC,長春段,.00,都市：住
RPSOMLQLJIJFFAO09CC,東山段一小段,.00,都市：住
RPUOMLQLJIJFFAO66CC,民主段,.00,都市：住
RPPNMLLLJIJFFAO18CC,長春段,.00,都市：其他
RPVQMLRLJIJFFAO07CC,關東段,.00,都市：住
RPQNMLTLJIJFFAO09CC,新興段一小段,.00,都市：住
RPRNMLTLJIJFFAO56CC,柴橋段,.00,都市：其他
RPTNMLTLJIJFFAO76CC,復中段,.00,都市：商
RPVNMLTLJIJFFAO96CC,北門段,.00,都市：其他
RPWNMLTLJIJFFAO07CC,南湖段,.00,非都市：鄉村區 ; 非都市編定：乙種建築用地
RPWNMLNJKIJFFAO98CC,親仁段二小段,.00,都市：住
RPSNMLTLJIJFFAO66CC,北門段,.00,都市：商
RPSNMLTLJIJFFAO66CC,北門段,.00,都市：住
RPUNMLTLJIJFFAO86CC,光復段,.00,都市：住
RPQPMLLJKIJFFAO38CC,東光段,627.00,都市：商
RPQPMLLJKIJFFAO38CC,東光段,1406.00,都市：商
RPSOMLNJKIJFFAO68CC,東橋段,.00,都市：住
RPXNMLNJKIJFFAO09CC,虎山段,.00,非都市：鄉村區 ; 非都市編定：乙種建築用地
RPQNMLRJKIJFFAO78CC,南門段四小段,.00,都市：商
RPQPMLSJKIJFFAO09CC,柑林段,138.26,非都市：山坡地保育區 ; 非都市編定：丙種建築用地
RPTPMLSJKIJFFAO76CC,關東段,.00,都市：商
RPSRMLOJKIJFFAO09CC,金山段,.00,都市：住
RPSRMLOJKIJFFAO09CC,金山段,.00,都市：住
RPOWMLSJKIJFFAO96CC,科園段科園小段,83.00,都市：住
RPSWMLSJKIJFFAO37CC,柴橋段,.00,都市：其他
RPTWMLSJKIJFFAO47CC,光華段,.00,都市：住
RPUOMLTJKIJFFAO07EC,東橋段,.00,都市：住
RPPWMLSJKIJFFAO07CC,竹蓮段,.00,都市：商
RPXOMLMKKIJFFAO56CC,科學段一小段,.00,都市：住
RPQOMLQKKIJFFAO88CC,國道段,.00,都市：住
RPSPMLRKKIJFFAO66CC,東橋段,.00,都市：住
RPSPMLRKKIJFFAO66CC,東橋段,.00,都市：住
RPSPMLRKKIJFFAO66CC,東橋段,.00,都市：住
RPTNMLNKKIJFFAO78CC,民主段,.00,都市：商
RPWPMLPKKIJFFAO86CC,竹蓮段,.00,都市：住
RPOPMLMKKIJFFAO38CC,竹蓮段,.00,都市：住
RPVNMLNKKIJFFAO98CC,福林段,.00,都市：住
RPQNMLNKKIJFFAO48CC,親仁段二小段,.00,都市：住
RPOQMLPKKIJFFAO78CC,新興段,.00,都市：住
RPSOMLPKKIJFFAO56EC,福林段,130.00,都市：住
RPPQMLPKKIJFFAO88CC,竹蓮段,.00,都市：商
RPUNMLSKKIJFFAO76CC,樹下段,21.36,非都市：特定農業區 ; 非都市編定：甲種建築用地
RPUNMLSKKIJFFAO76CC,樹下段,58.54,非都市：特定農業區 ; 非都市編定：甲種建築用地
RPTNMLKLKIJFFAO58CC,崙子段,.00,非都市：鄉村區 ; 非都市編定：乙種建築用地
RPRNMLKLKIJFFAO38CC,中華段,.00,都市：住
RPPNMLKLKIJFFAO18CC,柴橋段,.00,都市：其他
RPVNMLKLKIJFFAO78CC,福林段,.00,都市：住
RPQNMLKLKIJFFAO28CC,醫專段,.00,非都市：山坡地保育區 ; 非都市編定：丙種建築用地
RPWNMLKLKIJFFAO88CC,東明段,.00,都市：住
RPUNMLKLKIJFFAO68CC,西門段三小段,.00,都市：商
RPUOMLMLKIJFFAO98CC,榮光段一小段,.00,都市：住
RPWPMLPLKIJFFAO96CC,和平段,.00,都市：住
RPSPMLPLKIJFFAO56CC,科園段龍山小段,.00,都市：住
RPPOMLMLKIJFFAO48CC,長春段,.00,都市：住
RPTOMLQLKIJFFAO66CC,柴橋段,.00,都市：其他
RPTOMLQLKIJFFAO66CC,柴橋段,.00,都市：其他
RPQPMLPLKIJFFAO98CC,光復段,.00,都市：住
RPUNMLNLKIJFFAO98CC,中雅段,.00,都市：商
RPTNMLKMKIJFFAO68CC,復中段,.00,都市：商
RPWOMLKMKIJFFAO09CC,成功段,.00,都市：住
RPXPMLKMKIJFFAO66CC,科園段龍山小段,91.00,都市：住
RPOOMLKMKIJFFAO28CC,新興段,.00,都市：住
RPRNMLQJJHKFFAO68CC,新興段,.00,都市：住
RPROMLQJJHKFFAO78CC,新興段,.00,都市：住
RPXNMLQJJHKFFAO66CC,新興段一小段,.00,都市：住
RPOQMLRJJHKFFAO78CC,南湖段,.00,非都市：鄉村區 ; 非都市編定：乙種建築用地
RPTOMLSJJHKFFAO56CC,長春段,.00,都市：住
RPSPMLMKJHKFFAO68CC,和平段,29.65,都市：住
RPWPMLRJJHKFFAO86CC,古峰段,.00,都市：其他
RPRQMLSJJHKFFAO56CC,曲溪段,.00,都市：住
RPOOMLSJJHKFFAO68CC,榮光段三小段,.00,都市：商
RPOOMLSJJHKFFAO68CC,榮光段三小段,.00,都市：商
RPPQMLSJJHKFFAO98CC,中央段,.00,都市：商
RPQOMLNKJHKFFAO48CC,聚吉段,.00,都市：商
RPOPMLOKJHKFFAO48CC,光華段,.00,都市：住
RPOPMLOKJHKFFAO48CC,光華段,.00,都市：住
RPSQMLSJJHKFFAO66CC,中山段三小段,.00,都市：商
RPSQMLSJJHKFFAO66CC,中山段三小段,.00,都市：商
RPXPMLOKJHKFFAO76CC,民富段,.00,都市：商
RPXNMLTLKIJFFAO27CC,光復段,54.00,都市：住
RPUQMLOKJHKFFAO56CC,武陵段,.00,都市：住
RPPRMLLLJHKFFAO58CC,仙宮段,.00,都市：住
RPPRMLLLJHKFFAO58CC,仙宮段,.00,都市：住
RPRQMLOKJHKFFAO88CC,自由段,.00,都市：住
RPPQMLTKJHKFFAO56CC,西門段一小段,.00,都市：商
RPPQMLOKJHKFFAO68CC,光華段,.00,都市：住
RPOPMLQKJHKFFAO68CC,曲溪段,.00,都市：住
RPWOMLQKJHKFFAO76CC,崙子段,.00,都市：住
RPSRMLLLJHKFFAO88CC,東明段,.00,都市：住
RPXQMLOKJHKFFAO86CC,曲溪段,.00,都市：住
RPWPMLMLJHKFFAO56CC,香美段,658.86,都市：工
RPRTMLQLJHKFFAO86CC,崙子段,.00,非都市：鄉村區 ; 非都市編定：乙種建築用地
RPRTMLQLJHKFFAO86CC,崙子段,.00,非都市：鄉村區 ; 非都市編定：乙種建築用地
RPPNMLMLJHKFFAO28CC,長春段,.00,都市：住
RPTRMLLLJHKFFAO98CC,光復段,.00,都市：其他
RPTRMLLLJHKFFAO98CC,光復段,.00,都市：其他
RPSTMLQLJHKFFAO96CC,東山段一小段,.00,都市：商
RPUTMLQLJHKFFAO17CC,北門段,.00,都市：住
RPTOMLRLJHKFFAO66CC,民主段一小段,.00,都市：商
RPOPMLSLJHKFFAO98CC,水源段,.00,非都市：特定農業區 ; 非都市編定：丁種建築用地
RPTTMLQLJHKFFAO07CC,崙子段,.00,都市：住
RPTTMLQLJHKFFAO07CC,崙子段,.00,都市：住
RPTTMLQLJHKFFAO07CC,崙子段,.00,都市：住
RPTTMLQLJHKFFAO07CC,崙子段,.00,都市：住
RPWOMLSLJHKFFAO07CC,國道段,.00,都市：住
RPRPMLSLJHKFFAO66CC,東山段一小段,.00,都市：商
RPVQMLTLJHKFFAO27CC,柴橋段,.00,都市：其他
RPTPMLSLJHKFFAO86CC,柴橋段,.00,都市：其他
RPPNMLKMJHKFFAO18CC,聚吉段,.00,都市：其他
RPTNMLKMJHKFFAO68DC,長春段,3.65,都市：其他
RPSPMLSLJHKFFAO76CC,竹蓮段,.00,都市：商
RPXOMLSLJHKFFAO17CC,三姓段,.00,都市：商
