﻿鄉鎮市區,交易標的,土地區段位置/建物區段門牌,土地移轉總面積平方公尺,都市土地使用分區,非都市土地使用分區,非都市土地使用編定,交易年月日,交易筆棟數,移轉層次,總樓層數,建物型態,主要用途,主要建材,建築完成年月,建物移轉總面積平方公尺,建物現況格局-房,建物現況格局-廳,建物現況格局-衛,建物現況格局-隔間,有無管理組織,總價元,單價元/平方公尺,車位類別,車位移轉總面積平方公尺,車位總價元,備註,編號
The villages and towns urban district,transaction sign,land sector position/building sector house number plate,land shifting total area square meter,the use zoning or compiles and checks,the non-metropolis land use district,non-metropolis land use,transaction year, month and day,transaction pen number,shifting level,total floor number,building state,main use,main building materials,construction to complete the years,building shifting total area,Building present situation pattern - room,building present situation pattern - hall,building present situation pattern - health,building present situation pattern - compartmented,Whether there is manages the organization,total price Yuan,the unit price a Yuan/square meter,the berth category,berth shifting total area square meter,the berth total price Yuan,the note,serial number
新竹市,房地(土地+建物)+車位,中華段1~30地號,28.46,其他,,,1020401,土地1建物1車位1,八層,14,住宅大樓(11層含以上有電梯),住家用,鋼筋混凝土造,,37.35,3,2,2,有,無,8490000,249088,坡道平面,7.2,980000,,RPQNMLPJJIJFFAO48DB
新竹市,房地(土地+建物)+車位,中華段1~30地號,28.98,其他,,,1020401,土地1建物1車位1,十層,14,住宅大樓(11層含以上有電梯),住家用,鋼筋混凝土造,,37.85,3,2,2,有,無,9200000,266335,坡道平面,7.7,1170000,,RPRNMLPJJIJFFAO58DB
新竹市,房地(土地+建物)+車位,中華段1~30地號,26.37,其他,,,1020329,土地1建物1車位1,十四層,14,住宅大樓(11層含以上有電梯),住家用,鋼筋混凝土造,,37.75,3,2,2,有,無,9090000,271547,坡道平面,7.7,930000,,RPSNMLPJJIJFFAO68DB
新竹市,房地(土地+建物)+車位,中華段1~30地號,36.82,其他,,,1020401,土地1建物1車位2,一層,14,辦公商業大樓,商業用,鋼筋混凝土造,,45.89,3,2,2,有,無,14510000,400787,坡道平面,15.4,2290000,,RPTNMLPJJIJFFAO78DB
新竹市,房地(土地+建物)+車位,中華段1~30地號,28.46,其他,,,1020321,土地1建物1車位1,三層,14,辦公商業大樓,商業用,鋼筋混凝土造,,37.35,3,2,2,有,無,7790000,231366,坡道平面,7.7,930000,,RPUNMLPJJIJFFAO88DB
新竹市,房地(土地+建物)+車位,中華段1~30地號,28.46,其他,,,1020328,土地1建物1車位1,十三層,14,住宅大樓(11層含以上有電梯),住家用,鋼筋混凝土造,,37.33,3,2,2,有,無,8910000,264852,坡道平面,7.2,930000,,RPVNMLPJJIJFFAO98DB
新竹市,房地(土地+建物)+車位,中華段1~30地號,26.37,其他,,,1020328,土地1建物1車位1,十三層,14,住宅大樓(11層含以上有電梯),住家用,鋼筋混凝土造,,37.78,3,2,2,有,無,9120000,266187,坡道平面,7.2,980000,,RPWNMLPJJIJFFAO09DB
新竹市,房地(土地+建物)+車位,中華段1~30地號,28.46,其他,,,1020329,土地1建物1車位1,二層,14,辦公商業大樓,商業用,鋼筋混凝土造,,37.33,3,2,2,有,無,7800000,225447,坡道平面,7.7,1120000,,RPXNMLPJJIJFFAO56DB
新竹市,房地(土地+建物)+車位,中華段1~30地號,28.46,其他,,,1020401,土地1建物1車位1,七層,14,辦公商業大樓,商業用,鋼筋混凝土造,,37.35,3,2,2,有,無,8290000,242454,坡道平面,7.2,980000,,RPOOMLPJJIJFFAO38DB
新竹市,房地(土地+建物)+車位,中華段1~30地號,28.2,其他,,,1020520,土地1建物1車位1,四層,14,辦公商業大樓,商業用,鋼筋混凝土造,,40.4,3,2,2,有,無,9030000,238838,坡道平面,7.7,1220000,,RPPOMLPJJIJFFAO48DB
新竹市,房地(土地+建物)+車位,中華段1~30地號,28.98,其他,,,1020401,土地1建物1車位1,四層,14,辦公商業大樓,商業用,鋼筋混凝土造,,37.85,3,2,2,有,無,8310000,238474,坡道平面,7.7,1120000,,RPQOMLPJJIJFFAO58DB
新竹市,房地(土地+建物)+車位,中華段1~30地號,28.46,其他,,,1020401,土地1建物1車位1,四層,14,辦公商業大樓,商業用,鋼筋混凝土造,,37.33,3,2,2,有,無,8120000,236247,坡道平面,7.7,1120000,,RPROMLPJJIJFFAO68DB
新竹市,房地(土地+建物)+車位,中華段1~30地號,28.46,其他,,,1020329,土地1建物1車位1,十二層,14,住宅大樓(11層含以上有電梯),住家用,鋼筋混凝土造,,37.35,3,2,2,有,無,8980000,270711,坡道平面,8.5,1170000,,RPSOMLPJJIJFFAO78DB
新竹市,房地(土地+建物)+車位,中華段1~30地號,29.77,其他,,,1020328,土地1建物1車位1,七層,14,辦公商業大樓,商業用,鋼筋混凝土造,,40.94,3,2,2,有,無,9210000,269308,坡道平面,10.9,1120000,,RPTOMLPJJIJFFAO88DB
新竹市,房地(土地+建物)+車位,中華段1~30地號,28.98,其他,,,1020401,土地1建物1車位1,十層,14,住宅大樓(11層含以上有電梯),住家用,鋼筋混凝土造,,37.88,3,2,2,有,無,9210000,266402,坡道平面,7.7,1170000,,RPUOMLPJJIJFFAO98DB
新竹市,房地(土地+建物)+車位,中華段1~30地號,28.2,其他,,,1020329,土地1建物1車位1,十二層,14,住宅大樓(11層含以上有電梯),住家用,鋼筋混凝土造,,40.4,3,2,2,有,無,9690000,259021,坡道平面,7.7,1220000,,RPVOMLPJJIJFFAO09DB
新竹市,房地(土地+建物)+車位,中華段1~30地號,28.2,其他,,,1020329,土地1建物1車位1,十層,14,住宅大樓(11層含以上有電梯),住家用,鋼筋混凝土造,,40.4,3,2,2,有,無,9740000,288814,坡道平面,10.9,1220000,,RPWOMLPJJIJFFAO56DB
新竹市,房地(土地+建物)+車位,中華段1~30地號,36.82,其他,,,1020401,土地1建物1車位2,一層,14,辦公商業大樓,商業用,鋼筋混凝土造,,45.88,3,2,2,有,無,14740000,414420,坡道平面,16.2,2440000,,RPXOMLPJJIJFFAO66DB
新竹市,房地(土地+建物)+車位,中華段1~30地號,28.2,其他,,,1020329,土地1建物1車位1,八層,14,住宅大樓(11層含以上有電梯),住家用,鋼筋混凝土造,,40.4,3,2,2,有,無,9440000,254434,坡道平面,7.7,1120000,,RPOPMLPJJIJFFAO48DB
新竹市,房地(土地+建物)+車位,中華段1~30地號,28.98,其他,,,1020328,土地1建物1車位1,五層,14,辦公商業大樓,商業用,鋼筋混凝土造,,37.88,3,2,2,有,無,8290000,239896,坡道平面,7.2,930000,,RPPPMLPJJIJFFAO58DB
新竹市,房地(土地+建物)+車位,中華段1~30地號,29.77,其他,,,1020329,土地1建物1車位1,九層,14,住宅大樓(11層含以上有電梯),住家用,鋼筋混凝土造,,40.94,3,2,2,有,無,9510000,252407,坡道平面,7.7,1120000,,RPQPMLPJJIJFFAO68DB
新竹市,房地(土地+建物)+車位,中華段1~30地號,28.2,其他,,,1020329,土地1建物1車位1,五層,14,辦公商業大樓,商業用,鋼筋混凝土造,,40.4,3,2,2,有,無,9040000,242202,坡道平面,7.7,1120000,,RPRPMLPJJIJFFAO78DB
新竹市,房地(土地+建物)+車位,中華段1~30地號,35.51,其他,,,1020401,土地1建物1車位2,三層,14,辦公商業大樓,商業用,鋼筋混凝土造,,48.37,3,2,2,有,無,11900000,284135,坡道平面,14.9,2390000,,RPSPMLPJJIJFFAO88DB
新竹市,房地(土地+建物)+車位,中華段1~30地號,28.46,其他,,,1020401,土地1建物1車位1,二層,14,辦公商業大樓,商業用,鋼筋混凝土造,,37.35,3,2,2,有,無,7730000,222934,坡道平面,7.7,1120000,,RPTPMLPJJIJFFAO98DB
新竹市,房地(土地+建物)+車位,中華段1~30地號,28.46,其他,,,1020401,土地1建物1車位1,十層,14,住宅大樓(11層含以上有電梯),住家用,鋼筋混凝土造,,37.35,3,2,2,有,無,8880000,260034,坡道平面,7.7,1170000,,RPUPMLPJJIJFFAO09DB
新竹市,房地(土地+建物)+車位,中華段1~30地號,28.46,其他,,,1020415,土地1建物1車位1,十層,14,住宅大樓(11層含以上有電梯),住家用,鋼筋混凝土造,,37.33,3,2,2,有,無,8760000,258214,坡道平面,7.2,980000,,RPVPMLPJJIJFFAO56DB
新竹市,房地(土地+建物)+車位,中華段1~30地號,29.77,其他,,,1020402,土地1建物1車位1,四層,14,辦公商業大樓,商業用,鋼筋混凝土造,,40.94,3,2,2,有,無,8860000,232852,坡道平面,7.7,1120000,,RPWPMLPJJIJFFAO66DB
新竹市,房地(土地+建物)+車位,中華段1~30地號,35.51,其他,,,1020401,土地1建物1車位2,八層,14,住宅大樓(11層含以上有電梯),住家用,鋼筋混凝土造,,48.37,3,2,2,有,無,12600000,315822,坡道平面,16.2,2440000,,RPXPMLPJJIJFFAO76DB
新竹市,房地(土地+建物)+車位,中華段1~30地號,28.2,其他,,,1020402,土地1建物1車位1,六層,14,辦公商業大樓,商業用,鋼筋混凝土造,,40.4,3,2,2,有,無,9320000,247706,坡道平面,7.7,1220000,,RPOQMLPJJIJFFAO58DB
新竹市,房地(土地+建物)+車位,中華段1~30地號,28.98,其他,,,1020401,土地1建物1車位1,八層,14,住宅大樓(11層含以上有電梯),住家用,鋼筋混凝土造,,37.88,3,2,2,有,無,8930000,257124,坡道平面,7.7,1170000,,RPPQMLPJJIJFFAO68DB
新竹市,房地(土地+建物)+車位,中華段1~30地號,35.51,其他,,,1020329,土地1建物1車位2,十二層,14,住宅大樓(11層含以上有電梯),住家用,鋼筋混凝土造,,48.37,3,2,2,有,無,12650000,317376,坡道平面,16.2,2440000,,RPQQMLPJJIJFFAO78DB
新竹市,房地(土地+建物)+車位,中華段1~30地號,28.98,其他,,,1020329,土地1建物1車位1,七層,14,辦公商業大樓,商業用,鋼筋混凝土造,,37.85,3,2,2,有,無,8800000,253068,坡道平面,7.7,1170000,,RPRQMLPJJIJFFAO88DB
新竹市,房地(土地+建物)+車位,中華段1~30地號,28.98,其他,,,1020402,土地1建物1車位1,八層,14,住宅大樓(11層含以上有電梯),住家用,鋼筋混凝土造,,37.85,3,2,2,有,無,9050000,259701,坡道平面,7.7,1220000,,RPSQMLPJJIJFFAO98DB
新竹市,房地(土地+建物)+車位,中華段1~30地號,35.51,其他,,,1020403,土地1建物1車位2,九層,14,住宅大樓(11層含以上有電梯),住家用,鋼筋混凝土造,,48.37,3,2,2,有,無,12550000,308159,坡道平面,15.4,2390000,,RPTQMLPJJIJFFAO09DB
新竹市,房地(土地+建物)+車位,中華段1~30地號,26.37,其他,,,1020328,土地1建物1車位1,十四層,14,住宅大樓(11層含以上有電梯),住家用,鋼筋混凝土造,,37.78,3,2,2,有,無,9260000,268949,坡道平面,7.7,1170000,,RPUQMLPJJIJFFAO56DB
新竹市,房地(土地+建物)+車位,中華段1~30地號,35.51,其他,,,1020401,土地1建物1車位2,四層,14,辦公商業大樓,商業用,鋼筋混凝土造,,48.37,3,2,2,有,無,11900000,288444,坡道平面,15.4,2390000,,RPVQMLPJJIJFFAO66DB
新竹市,房地(土地+建物)+車位,中華段1~30地號,29.77,其他,,,1020401,土地1建物1車位1,六層,14,辦公商業大樓,商業用,鋼筋混凝土造,,40.94,3,2,2,有,無,9260000,246301,坡道平面,8.5,1270000,,RPWQMLPJJIJFFAO76DB
新竹市,房地(土地+建物)+車位,中華段1~30地號,28.46,其他,,,1020328,土地1建物1車位1,四層,14,辦公商業大樓,商業用,鋼筋混凝土造,,37.35,3,2,2,有,無,7890000,227529,坡道平面,7.2,1030000,,RPXQMLPJJIJFFAO86DB
新竹市,房地(土地+建物)+車位,中華段1~30地號,28.46,其他,,,1020328,土地1建物1車位1,六層,14,辦公商業大樓,商業用,鋼筋混凝土造,,37.33,3,2,2,有,無,8420000,249740,坡道平面,8.5,1220000,,RPORMLPJJIJFFAO68DB
新竹市,房地(土地+建物)+車位,中華段1~30地號,28.98,其他,,,1020329,土地1建物1車位1,七層,14,辦公商業大樓,商業用,鋼筋混凝土造,,37.88,3,2,2,有,無,8680000,250497,坡道平面,7.7,1120000,,RPPRMLPJJIJFFAO78DB
新竹市,房地(土地+建物)+車位,中華段1~30地號,35.51,其他,,,1020328,土地1建物1車位2,五層,14,辦公商業大樓,商業用,鋼筋混凝土造,,48.37,3,2,2,有,無,12000000,292994,坡道平面,15.4,2340000,,RPQRMLPJJIJFFAO88DB
新竹市,房地(土地+建物)+車位,中華段1~30地號,28.98,其他,,,1020328,土地1建物1車位1,五層,14,辦公商業大樓,商業用,鋼筋混凝土造,,37.85,3,2,2,有,無,8550000,246434,坡道平面,7.7,1120000,,RPRRMLPJJIJFFAO98DB
新竹市,房地(土地+建物)+車位,中華段1~30地號,29.77,其他,,,1020329,土地1建物1車位1,五層,14,辦公商業大樓,商業用,鋼筋混凝土造,,40.94,3,2,2,有,無,8870000,237365,坡道平面,7.7,980000,,RPSRMLPJJIJFFAO09DB
新竹市,房地(土地+建物)+車位,中華段1~30地號,28.46,其他,,,1020329,土地1建物1車位1,五層,14,辦公商業大樓,商業用,鋼筋混凝土造,,37.33,3,2,2,有,無,8350000,242322,坡道平面,7.7,1170000,,RPTRMLPJJIJFFAO56DB
新竹市,房地(土地+建物)+車位,中華段1~30地號,28.98,其他,,,1020329,土地1建物1車位1,十二層,14,住宅大樓(11層含以上有電梯),住家用,鋼筋混凝土造,,37.88,3,2,2,有,無,9280000,274336,坡道平面,8.5,1220000,,RPURMLPJJIJFFAO66DB
新竹市,房地(土地+建物)+車位,中華段1~30地號,28.46,其他,,,1020401,土地1建物1車位1,五層,14,辦公商業大樓,商業用,鋼筋混凝土造,,37.35,3,2,2,有,無,8400000,242159,坡道平面,7.7,1220000,,RPVRMLPJJIJFFAO76DB
新竹市,房地(土地+建物)+車位,中華段1~30地號,35.51,其他,,,1020402,土地1建物1車位2,十層,14,住宅大樓(11層含以上有電梯),住家用,鋼筋混凝土造,,48.37,3,2,2,有,無,12650000,311192,坡道平面,15.4,2390000,,RPWRMLPJJIJFFAO86DB
新竹市,房地(土地+建物)+車位,中華段1~30地號,28.98,其他,,,1020329,土地1建物1車位1,十一層,14,住宅大樓(11層含以上有電梯),住家用,鋼筋混凝土造,,37.88,3,2,2,有,無,9230000,270933,坡道平面,8.5,1270000,,RPXRMLPJJIJFFAO96DB
新竹市,房地(土地+建物)+車位,中華段1~30地號,29.77,其他,,,1020329,土地1建物1車位1,十一層,14,住宅大樓(11層含以上有電梯),住家用,鋼筋混凝土造,,40.94,3,2,2,有,無,9610000,251630,坡道平面,7.2,1120000,,RPOSMLPJJIJFFAO78DB
新竹市,房地(土地+建物)+車位,中華段1~30地號,28.46,其他,,,1020402,土地1建物1車位1,十三層,14,住宅大樓(11層含以上有電梯),住家用,鋼筋混凝土造,,37.35,3,2,2,有,無,9180000,274177,坡道平面,8.5,1270000,,RPPSMLPJJIJFFAO88DB
新竹市,房地(土地+建物)+車位,中華段1~30地號,28.98,其他,,,1020401,土地1建物1車位1,四層,14,辦公商業大樓,商業用,鋼筋混凝土造,,37.88,3,2,2,有,無,8330000,235586,坡道平面,7.7,1220000,,RPQSMLPJJIJFFAO98DB
新竹市,房地(土地+建物)+車位,中華段1~30地號,28.2,其他,,,1020408,土地1建物1車位1,九層,14,住宅大樓(11層含以上有電梯),住家用,鋼筋混凝土造,,40.4,3,2,2,有,無,9590000,253614,坡道平面,7.2,1170000,,RPRSMLPJJIJFFAO09DB
新竹市,房地(土地+建物)+車位,中華段1~30地號,28.46,其他,,,1020328,土地1建物1車位1,十一層,14,住宅大樓(11層含以上有電梯),住家用,鋼筋混凝土造,,37.35,3,2,2,有,無,8880000,260034,坡道平面,7.7,1170000,,RPSSMLPJJIJFFAO56DB
新竹市,房地(土地+建物)+車位,中華段1~30地號,28.98,其他,,,1020328,土地1建物1車位1,三層,14,辦公商業大樓,商業用,鋼筋混凝土造,,37.88,3,2,2,有,無,8330000,242001,坡道平面,8.5,1220000,,RPTSMLPJJIJFFAO66DB
新竹市,房地(土地+建物)+車位,中華段1~30地號,28.98,其他,,,1020329,土地1建物1車位1,九層,14,住宅大樓(11層含以上有電梯),住家用,鋼筋混凝土造,,37.85,3,2,2,有,無,9150000,263018,坡道平面,7.7,1220000,,RPUSMLPJJIJFFAO76DB
新竹市,房地(土地+建物)+車位,中華段1~30地號,28.2,其他,,,1020415,土地1建物1車位1,三層,14,辦公商業大樓,商業用,鋼筋混凝土造,,40.4,3,2,2,有,無,9020000,240061,坡道平面,7.7,1170000,,RPVSMLPJJIJFFAO86DB
新竹市,房地(土地+建物)+車位,中華段1~30地號,28.46,其他,,,1020328,土地1建物1車位1,九層,14,住宅大樓(11層含以上有電梯),住家用,鋼筋混凝土造,,37.33,3,2,2,有,無,8800000,254895,坡道平面,7.2,1120000,,RPWSMLPJJIJFFAO96DB
新竹市,房地(土地+建物)+車位,中華段1~30地號,35.51,其他,,,1020828,土地1建物1車位2,十一層,14,住宅大樓(11層含以上有電梯),住家用,鋼筋混凝土造,,48.37,3,2,2,有,無,12650000,311192,坡道平面,15.4,2390000,,RPXSMLPJJIJFFAO07DB
新竹市,房地(土地+建物)+車位,中華段1~30地號,28.46,其他,,,1020401,土地1建物1車位1,十一層,14,住宅大樓(11層含以上有電梯),住家用,鋼筋混凝土造,,37.33,3,2,2,有,無,9000000,262572,坡道平面,7.7,1220000,,RPOTMLPJJIJFFAO88DB
新竹市,房地(土地+建物)+車位,中華段1~30地號,28.46,其他,,,1020401,土地1建物1車位1,八層,14,住宅大樓(11層含以上有電梯),住家用,鋼筋混凝土造,,37.33,3,2,2,有,無,8700000,255822,坡道平面,7.7,1120000,,RPPTMLPJJIJFFAO98DB
新竹市,房地(土地+建物)+車位,中華段1~30地號,28.46,其他,,,1020411,土地1建物1車位1,七層,14,辦公商業大樓,商業用,鋼筋混凝土造,,37.33,3,2,2,有,無,8620000,251434,坡道平面,7.7,1170000,,RPQTMLPJJIJFFAO09DB
新竹市,房地(土地+建物)+車位,中華段1~30地號,28.98,其他,,,1020401,土地1建物1車位1,九層,14,住宅大樓(11層含以上有電梯),住家用,鋼筋混凝土造,,37.88,3,2,2,有,無,8980000,260437,坡道平面,7.7,1120000,,RPRTMLPJJIJFFAO56DB
新竹市,房地(土地+建物)+車位,中華段1~30地號,28.98,其他,,,1020402,土地1建物1車位1,六層,14,辦公商業大樓,商業用,鋼筋混凝土造,,37.88,3,2,2,有,無,8730000,253914,坡道平面,8.5,1270000,,RPSTMLPJJIJFFAO66DB
新竹市,房地(土地+建物)+車位,中華段1~30地號,28.98,其他,,,1020329,土地1建物1車位1,六層,14,辦公商業大樓,商業用,鋼筋混凝土造,,37.85,3,2,2,有,無,8700000,249751,坡道平面,7.7,1170000,,RPTTMLPJJIJFFAO76DB
新竹市,房地(土地+建物)+車位,中華段1~30地號,28.98,其他,,,1020329,土地1建物1車位1,二層,14,辦公商業大樓,商業用,鋼筋混凝土造,,37.85,3,2,2,有,無,8280000,238842,坡道平面,8.5,1270000,,RPUTMLPJJIJFFAO86DB
新竹市,房地(土地+建物)+車位,中華段1~30地號,28.98,其他,,,1020401,土地1建物1車位1,二層,14,辦公商業大樓,商業用,鋼筋混凝土造,,37.88,3,2,2,有,無,8060000,229954,坡道平面,7.7,1120000,,RPVTMLPJJIJFFAO96DB
新竹市,房地(土地+建物)+車位,中華段1~30地號,28.46,其他,,,1020328,土地1建物1車位1,三層,14,辦公商業大樓,商業用,鋼筋混凝土造,,37.33,3,2,2,有,無,8100000,233885,坡道平面,7.7,1170000,,RPWTMLPJJIJFFAO07DB
新竹市,房地(土地+建物)+車位,中華段1~30地號,29.77,其他,,,1020403,土地1建物1車位1,二層,14,辦公商業大樓,商業用,鋼筋混凝土造,,40.94,3,2,2,有,無,8410000,223526,坡道平面,7.7,980000,,RPXTMLPJJIJFFAO17DB
新竹市,房地(土地+建物)+車位,中華段1~30地號,28.46,其他,,,1020418,土地1建物1車位1,十四層,14,住宅大樓(11層含以上有電梯),住家用,鋼筋混凝土造,,37.35,3,2,2,有,無,9160000,271164,坡道平面,7.7,1120000,,RPOUMLPJJIJFFAO98DB
新竹市,房地(土地+建物)+車位,中華段1~30地號,28.98,其他,,,1020328,土地1建物1車位1,十一層,14,住宅大樓(11層含以上有電梯),住家用,鋼筋混凝土造,,37.85,3,2,2,有,無,9140000,264600,坡道平面,7.2,1030000,,RPPUMLPJJIJFFAO09DB
新竹市,房地(土地+建物)+車位,中華段1~30地號,35.51,其他,,,1020408,土地1建物1車位2,七層,14,辦公商業大樓,商業用,鋼筋混凝土造,,48.37,3,2,2,有,無,12150000,299060,坡道平面,15.4,2290000,,RPQUMLPJJIJFFAO56DB
新竹市,房地(土地+建物)+車位,中華段1~30地號,35.51,其他,,,1020401,土地1建物1車位2,六層,14,辦公商業大樓,商業用,鋼筋混凝土造,,48.37,3,2,2,有,無,12100000,296027,坡道平面,15.4,2340000,,RPRUMLPJJIJFFAO66DB
新竹市,房地(土地+建物)+車位,中華段1~30地號,28.98,其他,,,1020329,土地1建物1車位1,三層,14,辦公商業大樓,商業用,鋼筋混凝土造,,37.85,3,2,2,有,無,8220000,234584,坡道平面,7.2,1030000,,RPSUMLPJJIJFFAO76DB
新竹市,房地(土地+建物)+車位,中華段1~30地號,29.77,其他,,,1020402,土地1建物1車位1,三層,14,辦公商業大樓,商業用,鋼筋混凝土造,,40.94,3,2,2,有,無,8770000,230144,坡道平面,7.7,1120000,,RPTUMLPJJIJFFAO86DB
新竹市,房地(土地+建物)+車位,中華段1~30地號,29.77,其他,,,1020329,土地1建物1車位1,十層,14,住宅大樓(11層含以上有電梯),住家用,鋼筋混凝土造,,40.94,3,2,2,有,無,9660000,255415,坡道平面,7.7,1170000,,RPUUMLPJJIJFFAO96DB
新竹市,房地(土地+建物)+車位,中華段1~30地號,29.77,其他,,,1020329,土地1建物1車位1,十二層,14,住宅大樓(11層含以上有電梯),住家用,鋼筋混凝土造,,40.94,3,2,2,有,無,9720000,260481,坡道平面,8.5,1270000,,RPVUMLPJJIJFFAO07DB
新竹市,房地(土地+建物)+車位,中華段1~30地號,26.37,其他,,,1020329,土地1建物1車位1,十三層,14,住宅大樓(11層含以上有電梯),住家用,鋼筋混凝土造,,37.75,3,2,2,有,無,9380000,273211,坡道平面,7.7,1170000,,RPWUMLPJJIJFFAO17DB
新竹市,房地(土地+建物)+車位,中華段1~30地號,28.46,其他,,,1020401,土地1建物1車位1,十二層,14,住宅大樓(11層含以上有電梯),住家用,鋼筋混凝土造,,37.33,3,2,2,有,無,9100000,273326,坡道平面,8.5,1220000,,RPXUMLPJJIJFFAO27DB
新竹市,房地(土地+建物)+車位,中華段1~30地號,29.77,其他,,,1020328,土地1建物1車位1,八層,14,住宅大樓(11層含以上有電梯),住家用,鋼筋混凝土造,,40.94,3,2,2,有,無,9220000,249398,坡道平面,7.7,930000,,RPOVMLPJJIJFFAO09DB
新竹市,房地(土地+建物)+車位,中華段1~30地號,28.2,其他,,,1020328,土地1建物1車位1,七層,14,辦公商業大樓,商業用,鋼筋混凝土造,,40.4,3,2,2,有,無,9340000,248318,坡道平面,7.7,1220000,,RPPVMLPJJIJFFAO56DB
新竹市,房地(土地+建物)+車位,中華段1~30地號,28.46,其他,,,1020328,土地1建物1車位1,十四層,14,住宅大樓(11層含以上有電梯),住家用,鋼筋混凝土造,,37.33,3,2,2,有,無,9100000,267634,坡道平面,7.7,1170000,,RPQVMLPJJIJFFAO66DB
新竹市,房地(土地+建物)+車位,中華段1~30地號,35.51,其他,,,1020408,土地1建物1車位2,二層,14,辦公商業大樓,商業用,鋼筋混凝土造,,48.37,3,2,2,有,無,11500000,277828,坡道平面,15.4,2340000,,RPRVMLPJJIJFFAO76DB
新竹市,房地(土地+建物)+車位,中華段1~30地號,28.98,其他,,,1020329,土地1建物1車位1,十二層,14,住宅大樓(11層含以上有電梯),住家用,鋼筋混凝土造,,37.85,3,2,2,有,無,9160000,265253,坡道平面,7.2,1030000,,RPSVMLPJJIJFFAO86DB
新竹市,房地(土地+建物)+車位,中華段1~30地號,28.46,其他,,,1020401,土地1建物1車位1,九層,14,住宅大樓(11層含以上有電梯),住家用,鋼筋混凝土造,,37.35,3,2,2,有,無,8590000,252405,坡道平面,7.2,980000,,RPTVMLPJJIJFFAO96DB
新竹市,房地(土地+建物)+車位,中華段1~30地號,28.46,其他,,,1020329,土地1建物1車位1,六層,14,辦公商業大樓,商業用,鋼筋混凝土造,,37.35,3,2,2,有,無,8330000,243170,坡道平面,7.7,1120000,,RPUVMLPJJIJFFAO07DB
新竹市,房地(土地+建物)+車位,中華段1~30地號,28.2,其他,,,1020329,土地1建物1車位1,十一層,14,住宅大樓(11層含以上有電梯),住家用,鋼筋混凝土造,,40.4,3,2,2,有,無,9690000,260550,坡道平面,7.7,1170000,,RPVVMLPJJIJFFAO17DB
