﻿編號,土地區段位置,土地移轉面積平方公尺,使用分區或編定
The serial number,land sector position,land shifting area square meter,the use zoning or compiles and checks
RPPNMLLMKIJFFCQ88DC,民文段,64.78,都市：住
RPUNMLKLJIJFFDQ09CC,嘉保段,176.75,都市：住
RPPOMLRLJHKFFBQ56CC,大鄉段,218.37,都市：住
RPPOMLRLJHKFFBQ56CC,大鄉段,16.04,都市：住
RPSNMLRLJHKFFCQ86CC,福安段,150.80,都市：住
RPVOMLKLJIJFFBQ09CC,嘉朴段,5.87,都市：住
RPQNMLNLJHKFFBQ78CC,朴工段,82.50,非都市：工業區 ; 非都市編定：丁種建築用地
