﻿編號,車位類別,車位價格,車位面積平方公尺
Serial number,berth category,berth price,berth area square meter
RPSNMLMKJIJFFAX66DA,坡道平面,0,
RPQNMLPLJIJFFAX86DA,一樓平面,0,
RPPNMLRLJIJFFAX96DA,坡道平面,0,
RPXNMLKKKIJFFAX07DA,坡道平面,0,
RPQNMLQJJHKFFAX76DA,一樓平面,0,
RPPNMLKKJHKFFAX78DA,坡道平面,0,
RPTNMLOKJHKFFAX96DA,坡道平面,0,
RPPNMLRKJHKFFAX86DA,坡道平面,0,
RPSNMLLLJHKFFAX56CA,坡道平面,0,
RPSNMLOJKHKFFAX86DA,坡道平面,0,
RPUNMLRLJHKFFAX47DA,坡道平面,0,
