﻿編號,土地區段位置,土地移轉面積平方公尺,使用分區或編定
The serial number,land sector position,land shifting area square meter,the use zoning or compiles and checks
RPRPMLMJJIKFFDE87CC,中華段二小段,.00,都市：商
RPPNMLLJJIKFFGE67CC,新庄子段,64.00,都市：商
RPPNMLLJJIKFFGE67CC,新庄子段,3.00,都市：商
RPOOMLMJJIKFFEE57CC,新庄段一小段,80.00,都市：住
RPPOMLMJJIKFFEE67CC,新庄段一小段,135.00,都市：住
RPWNMLMJJIKFFBE97CC,五塊厝段,.00,非都市： ; 非都市編定：
RPTNMLMJJIKFFGE18CC,文山段,14.99,都市：住
RPVNMLMJJIKFFBE87CC,新興段二小段,59.00,都市：商
RPQPMLMJJIKFFEE87CC,新庄段十三小段,.00,非都市： ; 非都市編定：
RPQPMLMJJIKFFEE87CC,新庄段十三小段,.00,非都市： ; 非都市編定：
RPUOMLMJJIKFFEE18CC,菜公段六小段,8.52,都市：住
RPQNMLMJJIKFFFE77CC,岡山段,86.00,都市：住
RPQNMLMJJIKFFFE77CC,岡山段,86.00,都市：住
RPQNMLMJJIKFFFE77CC,岡山段,88.00,都市：住
RPQNMLMJJIKFFFE77CC,岡山段,136.00,都市：住
RPQNMLMJJIKFFFE77CC,岡山段,85.00,都市：住
RPQNMLMJJIKFFFE77CC,岡山段,85.00,都市：住
RPQNMLMJJIKFFFE77CC,岡山段,85.00,都市：住
RPTNMLMJJIKFFAE57CC,青海段,161.10,都市：住
RPTPMLMJJIKFFCE97CC,瑞隆段四小段,189.00,都市：商
RPWPMLMJJIKFFCE28CC,憲德段二小段,.00,都市：商
RPVNMLMJJIKFFCE97CC,鳳宮段,83.00,都市：住
RPTNMLNJJIKFFCE87CC,憲德段一小段,6.06,都市：住
RPXNMLMJJIKFFBE08CC,新興段四小段,.00,非都市： ; 非都市編定：
RPXNMLMJJIKFFBE08CC,新興段四小段,.00,非都市： ; 非都市編定：
RPWNMLNJJIKFFCE18CC,憲德段二小段,.00,非都市： ; 非都市編定：
RPTNMLNJJIKFFBE77CC,新興段二小段,.00,都市：住
RPQOMLNJJIKFFAE47CC,龍華段八小段,.00,非都市： ; 非都市編定：
RPWNMLNJJIKFFAE97CC,龍中段,7.65,都市：住
RPWOMLNJJIKFFEE48CC,新博段,24.88,都市：住
RPQPMLNJJIKFFEE97CC,新庄段十三小段,.00,非都市： ; 非都市編定：
RPXOMLNJJIKFFEE58CC,新博段,24.88,都市：住
RPQNMLNJJIKFFDE67CC,鼎泰段,11.00,都市：住
RPRNMLOJJIKFFBE67CC,過田子段,.00,非都市： ; 非都市編定：
RPROMLOJJIKFFBE87DC,大統段二小段,49.88,都市：商
RPQOMLOJJIKFFEE97CC,興隆段,.00,非都市： ; 非都市編定：
RPOOMLOJJIKFFBE47CC,新興段四小段,9.04,都市：商
RPRNMLNJJIKFFLE68DC,永芳段,26.00,都市：住
RPUNMLNJJIKFFDE08CC,大港段五小段,.00,都市：商
RPUOMLOJJIKFFDE28CC,獅頭段一小段,1491.00,都市：住
RPSNMLNJJIKFFDE87CC,大港段二小段,.00,都市：商
RPSNMLOJJIKFFAE67CC,文東段,84.00,都市：商
RPTNMLOJJIKFFAE77CC,龍華段四小段,10.11,非都市： ; 非都市編定：
RPRNMLOJJIKFFCE77CC,愛群段,.00,非都市： ; 非都市編定：
RPSNMLOJJIKFFCE87CC,愛群段,.00,非都市： ; 非都市編定：
RPQPMLPJJIKFFAE77CC,龍華段八小段,.00,都市：商
RPWNMLOJJIKFFCE28CC,愛群段,.00,非都市： ; 非都市編定：
RPVNMLOJJIKFFCE18CC,愛群段,.00,非都市： ; 非都市編定：
RPTNMLOJJIKFFCE97CC,瑞隆段三小段,.00,非都市： ; 非都市編定：
RPTOMLPJJIKFFAE97CC,青海段,11.15,都市：住
RPSNMLOJJIKFFBE77CC,過田子段,.00,非都市： ; 非都市編定：
RPQNMLPJJIKFFEE97CC,藍田西段,19.09,非都市： ; 非都市編定：
RPTNMLPJJIKFFBE97CC,過田子段,15.90,都市：住
RPQNMLPJJIKFFLE68CC,磚子段,330.57,都市：農
RPQNMLPJJIKFFIE38CC,竹園段,1605.00,都市：農
RPVNMLPJJIKFFDE38CC,大豐段二小段,20.13,都市：住
RPWNMLQJJIKFFBE38CC,過田子段,.00,非都市： ; 非都市編定：
RPRNMLQJJIKFFCE97CC,愛群段,2.28,都市：商
RPSNMLQJJIKFFEE28CC,新庄段三小段,.00,非都市： ; 非都市編定：
RPSNMLQJJIKFFEE28CC,新庄段三小段,.00,非都市： ; 非都市編定：
RPUNMLTJJIKFFBE48CC,過田子段,8.68,都市：住
RPXNMLQJJIKFFCE58CC,憲德段二小段,.00,非都市： ; 非都市編定：
RPSOMLQJJIKFFEE38CC,新博段,26.60,都市：住
RPRNMLTJJIKFFAE08CC,青海段,17.64,都市：住
RPVNMLTJJIKFFCE68CC,獅甲段,.00,非都市： ; 非都市編定：
RPQOMLTJJIKFFBE18CC,林德官段,84.00,都市：商
RPPNMLTJJIKFFCE08CC,愛群段,25.29,都市：住
RPXNMLTJJIKFFEE09CC,和平段一小段,125.00,都市：住
RPQPMLTJJIKFFDE48CC,獅頭段,29.39,都市：住
RPPOMLTJJIKFFIE78CC,大華段,107.00,都市：住
RPPOMLTJJIKFFIE78CC,大華段,10.69,都市：住
RPOOMLTJJIKFFEE28CC,新庄段十三小段,6.21,都市：住
RPQNMLTJJIKFFGE58CC,福誠段,25.65,都市：住
RPSNMLKKJIKFFGE97CC,牛潮埔段,218.00,都市：工
RPSNMLKKJIKFFGE97CC,牛潮埔段,402.00,都市：工
RPOQMLKKJIKFFEE67CC,新庄段十三小段,722.00,都市：商
RPOOMLKKJIKFFBE17CC,林聖段,.00,非都市： ; 非都市編定：
RPSNMLKKJIKFFDE67CC,三塊厝段一小段,.00,都市：商
RPXOMLKKJIKFFAE97CC,前金段,2.89,都市：商
RPTOMLTJJIKFFDE68CC,獅頭段,1829.00,都市：商
RPRNMLKKJIKFFCE47CC,獅甲段二小段,4.58,都市：其他
RPXNMLLKJIKFFAE97CC,青海段,89.61,都市：住
RPXNMLKKJIKFFBE97CC,意誠段,.00,都市：商
RPOOMLLKJIKFFAE17CC,前金段,6.76,都市：商
RPVOMLKKJIKFFAE77CC,前金段,373.00,都市：商
RPSOMLLKJIKFFEE97CC,新庄段十三小段,7.68,都市：商
RPQOMLLKJIKFFEE77CC,新庄段十三小段,6.55,都市：商
RPUNMLLKJIKFFBE77CC,大統段一小段,.00,都市：商
RPPNMLLKJIKFFEE57CC,新庄段二小段,28.16,都市：住
RPRNMLLKJIKFFGE97CC,道爺段,30.23,都市：其他
RPTOMLLKJIKFFEE08CC,新庄段十三小段,8.28,都市：商
RPSNMLLKJIKFFFE97CC,瓊安段,331.44,都市：工
RPSOMLMKJIKFFCE87CC,盛興段,.00,都市：住
RPSOMLMKJIKFFEE08CC,新庄段一小段,127.00,都市：住
RPUNMLNKJIKFFGE48CC,赤山段,90.00,都市：住
RPPNMLOKJIKFFDE77CC,覆鼎金段覆鼎金小段,37.72,都市：住
RPRNMLOKJIKFFEE08CC,新庄段六小段,103.00,都市：住
RPQNMLOKJIKFFDE87CC,鼎泰段,12.65,都市：住
RPSNMLOKJIKFFEE18CC,新庄段六小段,103.00,都市：住
RPSNMLOKJIKFFAE77CC,龍華段八小段,10.55,都市：住
RPPNMLOKJIKFFBE57CC,意誠段,.00,都市：商
RPTNMLNKJIKFFGE38CC,新庄子段,29.41,都市：住
RPQNMLOKJIKFFAE57CC,龍華段三小段,.00,都市：商
RPQNMLQKJIKFFDE08CC,澄東段,151.62,都市：住
RPQNMLQKJIKFFDE08CC,澄東段,11.26,都市：住
RPPNMLQKJIKFFDE97CC,陽明段四小段,76.00,都市：住
RPPNMLOKJIKFFAE47CC,前金段,.00,都市：住
RPSNMLQKJIKFFDE28CC,大港段一小段,65.00,都市：商
RPSNMLQKJIKFFGE58CC,五甲段,18.13,都市：住
RPRNMLOKJIKFFDE97CC,三塊厝段,62.00,都市：商
RPTNMLTJJIKFFGE88CC,文山段,92.24,都市：住
RPUNMLRKJIKFFDE58CC,獅頭段,12.05,都市：商
RPSNMLRKJIKFFDE38CC,寶國段,5.93,都市：商
RPOOMLRKJIKFFDE08CC,鼎泰段,12.52,都市：住
RPWNMLQKJIKFFCE58CC,光華段,607.00,都市：住
RPXNMLQKJIKFFIE66CC,永仁段,256.55,都市：住
RPUNMLRKJIKFFEE68CC,新庄段十三小段,4.00,都市：商
RPXNMLRKJIKFFEE98CC,右昌段四小段,88.00,都市：住
RPRNMLRKJIKFFEE38CC,福山段,18.91,都市：商
RPSOMLRKJIKFFEE58CC,菜公段二小段,1943.00,都市：工
RPOOMLRKJIKFFEE18CC,德昌段,620.79,都市：住
RPTNMLRKJIKFFCE38CC,獅甲段二小段,16.81,都市：住
RPTNMLRKJIKFFAE18CC,龍華段一小段,90.50,都市：住
RPQOMLRKJIKFFAE97CC,內惟段三小段,69.00,都市：住
RPTOMLRKJIKFFEE68CC,新博段,26.60,都市：住
RPUNMLRKJIKFFAE28CC,前金段,.00,都市：商
RPQNMLRKJIKFFBE97CC,林德官段,.00,非都市： ; 非都市編定：
RPWNMLRKJIKFFAE48CC,青海段,20.96,都市：住
RPRNMLRKJIKFFBE08CC,成功段,.00,都市：商
RPVNMLRKJIKFFAE38CC,龍華段二小段,88.00,都市：住
RPVNMLRKJIKFFBE48CC,新興段一小段,.00,都市：商
RPVOMLSKJIKFFEE98CC,菜公段六小段,19.40,都市：住
RPOOMLSKJIKFFBE97CC,大統段一小段,.00,都市：商
RPRNMLSKJIKFFIE88CC,澄清段,178.00,都市：其他
RPXOMLSKJIKFFDE56DC,灣華段,337.10,都市：住
RPQNMLTKJIKFFBE18CC,林德官段二小段,24.00,都市：商
RPXOMLTKJIKFFEE66CC,新庄段十三小段,.00,非都市： ; 非都市編定：
RPUNMLTKJIKFFBE58CC,成功段,3.83,都市：住
RPVNMLTKJIKFFAE58CC,龍中段,50.09,都市：住
RPSOMLTKJIKFFDE68CC,大港段四小段,.00,都市：商
RPROMLTKJIKFFAE28CC,龍華段八小段,5.76,都市：住
RPVNMLSKJIKFFBE58CC,林德官段一小段,6.25,都市：商
RPPNMLTKJIKFFIE78CC,青雲段,104.00,都市：住
RPRNMLTKJIKFFCE38CC,愛群段,7.62,都市：住
RPOOMLKLJIKFFBE27CC,林德官段,74.00,都市：商
RPWPMLKLJIKFFEE48CC,新民段,681.52,都市：住
RPQNMLLLJIKFFCE57CC,店子後段,208.00,都市：商
RPSNMLKLJIKFFDE77CC,覆鼎金段覆鼎金小段,95.00,都市：住
RPQNMLNLJIKFFDE87CC,中華段二小段,.00,都市：商
RPXNMLNLJIKFFAE38DC,青海段,56.00,都市：商
RPOOMLNLJIKFFDE77CC,三塊厝段,82.00,都市：住
RPXNMLNLJIKFFDE58CC,義民段,60.71,都市：住
RPOPMLOLJIKFFDE97CC,灣成段,34.90,都市：商
RPTNMLOLJIKFFDE38DC,大豐段二小段,108.00,都市：商
RPVNMLPLJIKFFDE58CC,大港段七小段,.00,都市：商
RPQNMLRKJIKFFCE08CC,獅甲段二小段,20.66,都市：住
RPPOMLPLJIKFFDE08CC,灣和段,.00,都市：住
RPVNMLPLJIKFFLE76CC,仁德段,94.59,都市：住
RPVOMLPLJIKFFIE56CC,綠園段,101.56,非都市：山坡地保育區 ; 非都市編定：丙種建築用地
RPTOMLPLJIKFFIE98CC,北屋段,.00,都市：住
RPUOMLPLJIKFFGE88CC,新甲段,.00,都市：住
RPPOMLPLJIKFFCE97CC,獅甲段,.00,都市：商
RPVNMLNLJIKFFEE48CC,新庄段十三小段,.00,都市：商
RPRPMLOLJIKFFEE38CC,福山段,6.64,都市：住
RPTNMLPLJIKFFCE28CC,瑞隆段二小段,78.43,都市：商
RPSNMLPLJIKFFAE97CC,青海段,1293.00,都市：住
RPPNMLLLJIKFFEE67CC,新庄段十二小段,247.93,都市：住
RPTNMLPLJIKFFEE48CC,果貿段,29.00,都市：住
RPUNMLPLJIKFFEE58CC,新福段九小段,19.80,都市：商
RPWOMLPLJIKFFEE88CC,新庄段二小段,84.00,都市：住
RPRNMLPLJIKFFEE28CC,新庄段十三小段,7.68,都市：商
RPRNMLPLJIKFFEE28CC,新庄段十三小段,6.21,都市：商
RPRNMLPLJIKFFEE28CC,新庄段十三小段,7.68,都市：商
RPTOMLPLJIKFFAE18CC,前金段,3.89,都市：住
RPPOMLPLJIKFFBE87CC,苓洲段,.00,都市：商
RPSOMLPLJIKFFBE18CC,正福段,.00,都市：商
RPQNMLPLJIKFFBE87CC,新興段四小段,5.46,都市：商
RPVOMLPLJIKFFBE48CC,意誠段,.00,都市：商
RPWOMLPLJIKFFBE58CC,意誠段,.00,都市：商
RPTOMLPLJIKFFBE28CC,意誠段,.00,都市：商
RPTNMLQLJIKFFAE18CC,文東段,413.00,都市：商
RPTNMLQLJIKFFDE58DC,大裕段一小段,27.53,都市：住
RPOOMLQLJIKFFAE77CC,龍華段八小段,76.40,都市：住
RPWOMLQLJIKFFDE88CC,大順段,15.64,都市：商
RPOOMLQLJIKFFDE08CC,獅頭段,36.30,都市：住
RPQOMLQLJIKFFAE97CC,內惟段六小段,117.00,都市：商
RPRNMLRLJIKFFDE38CC,灣中段,50.95,都市：商
RPQOMLRLJIKFFGE68CC,道爺段,.00,都市：商
RPROMLRLJIKFFGE78CC,鳳山段大老衙小段,.00,非都市： ; 非都市編定：
RPRNMLRLJIKFFIE88CC,永和段,1.36,都市：住
RPRNMLRLJIKFFIE88CC,永和段,107.60,都市：住
RPOOMLRLJIKFFFE38CC,岡山段,87.80,都市：住
RPQNMLRLJIKFFIE78CC,澄潭段,77.60,都市：住
RPQNMLRLJIKFFIE78CC,澄潭段,106.98,都市：住
RPTNMLRLJIKFFAE28CC,內惟段八小段,540.00,都市：住
RPPNMLRLJIKFFBE97CC,大統段一小段,2.99,都市：商
RPTNMLRLJIKFFBE38CC,林德官段一小段,68.00,都市：商
RPQNMLRLJIKFFBE08CC,意誠段,6.20,都市：商
RPOOMLRLJIKFFBE08DC,林德官段,53.00,都市：商
RPXNMLRLJIKFFCE98DC,盛興段,94.00,都市：商
RPPNMLSLJIKFFBE08CC,五塊厝段,.00,都市：商
RPQNMLSLJIKFFBE18CC,過田子段,84.00,都市：住
RPQNMLSLJIKFFFE58CC,大公段,97.00,都市：住
RPPNMLSLJIKFFLE09CC,磚子段,.00,都市：工
RPPNMLSLJIKFFLE09CC,磚子段,.00,都市：其他
RPPNMLSLJIKFFLE09CC,磚子段,.00,都市：工
RPVNMLKMJIKFFGE48CC,五甲段,75.00,都市：住
RPWNMLKMJIKFFDE28CC,覆鼎金段覆鼎金小段,58.77,都市：住
RPUOMLKMJIKFFDE18CC,灣和段,.00,都市：住
RPTOMLKMJIKFFDE08CC,大順段,.00,都市：住
RPTOMLKMJIKFFDE08CC,大順段,.00,都市：商
RPUNMLKMJIKFFBE87CC,新興段三小段,78.46,都市：住
RPOOMLKMJIKFFBE37CC,意誠段,.00,非都市： ; 非都市編定：
RPPOMLKMJIKFFBE47CC,成功段,18.89,都市：商
RPPPMLQLJIKFFCE28DC,盛興段,98.28,都市：住
RPROMLKMJIKFFBE67CC,新興段四小段,47.34,都市：商
RPSOMLKMJIKFFBE77CC,林德官段一小段,10.04,都市：住
RPSOMLKMJIKFFBE77CC,林德官段一小段,5.61,都市：住
RPSOMLKMJIKFFBE77CC,林德官段一小段,4.43,都市：住
RPSOMLKMJIKFFBE77CC,林德官段一小段,5.52,都市：住
RPTOMLKMJIKFFBE87CC,過田子段,14.49,都市：商
RPTOMLKMJIKFFBE87CC,過田子段,15.79,都市：商
RPTOMLKMJIKFFBE87CC,過田子段,1.38,都市：其他
RPUOMLKMJIKFFBE97CC,林德官段,66.00,都市：商
RPUOMLKMJIKFFBE97CC,林德官段,66.00,都市：商
RPPOMLKMJIKFFAE37CC,青海段,12.06,都市：商
RPPNMLKMJIKFFAE27CC,後金段,.00,都市：商
RPPNMLKMJIKFFAE27CC,後金段,.00,都市：商
RPROMLKMJIKFFAE57CC,龍華段五小段,28.61,都市：住
RPSOMLKMJIKFFAE67CC,龍華段一小段,.38,都市：住
RPSOMLKMJIKFFAE67CC,龍華段二小段,33.97,都市：住
RPUNMLKMJIKFFCE97CC,愛群段,.00,非都市： ; 非都市編定：
RPVNMLKMJIKFFCE08CC,光華段,.00,非都市： ; 非都市編定：
RPRNMLLJKIKFFCE57CC,瑞隆段二小段,25.43,都市：其他
RPVNMLLJKIKFFCE97CC,憲德段二小段,8.72,都市：商
RPROMLLJKIKFFCE67CC,草衙段三小段,77.00,都市：住
RPUOMLLJKIKFFCE97CC,盛興段,14.39,都市：商
RPPOMLLJKIKFFAE27CC,青海段,24.95,都市：住
RPPPMLLJKIKFFCE57CC,瑞崗段五小段,24.35,都市：住
RPOPMLLJKIKFFAE27CC,前金段,9.09,都市：住
RPPNMLLJKIKFFBE27CC,過田子段,23.77,都市：住
RPQNMLLJKIKFFBE37CC,新興段二小段,59.00,都市：商
RPXNMLKMJIKFFFE58CC,仕和段,71.08,都市：商
RPQOMLLJKIKFFDE67CC,大裕段一小段,17.40,都市：住
RPUOMLLJKIKFFDE08CC,大港段二小段,48.00,都市：住
RPVOMLLJKIKFFDE18CC,三塊厝段一小段,2.97,都市：商
RPTNMLLJKIKFFGE18CC,新甲段,27.00,都市：其他
RPTNMLLJKIKFFGE18CC,新甲段,42.00,都市：其他
RPPOMLLJKIKFFIE08CC,草潭段,105.56,都市：住
RPXNMLPLJIKFFEE98DC,新民段,11.04,都市：商
RPVOMLQLJIKFFEE88CC,新福段十小段,84.55,都市：住
RPVOMLKMJIKFFEE38CC,新庄段十三小段,85.36,都市：商
RPWNMLRLJIKFFEE98CC,新庄段八小段,11.65,都市：住
RPSOMLLJKIKFFEE97CC,新庄段十三小段,67.00,都市：住
RPQOMLLJKIKFFEE77CC,新庄段十三小段,7.43,都市：商
RPQQMLKMJIKFFEE18DC,果貿段,46.51,都市：其他
RPXPMLLJKIKFFEE58CC,新庄段二小段,25.63,都市：住
RPQNMLMJKIKFFLE48CC,磚子段,580.00,都市：農
RPQNMLMJKIKFFLE48CC,磚子段,580.00,都市：農
RPQSMLKMJIKFFEE28CC,新庄段十三小段,6.69,都市：商
RPRNMLMJKIKFFLE58CC,磚子段,580.00,都市：農
RPRNMLMJKIKFFLE58CC,磚子段,580.00,都市：農
RPQOMLMJKIKFFBE57CC,過田子段,.00,都市：商
RPXNMLMJKIKFFBE18CC,苓中段,72.00,都市：商
RPSOMLMJKIKFFDE97CC,大港段三小段,51.00,都市：住
RPROMLMJKIKFFBE67CC,過田子段,.00,都市：商
RPQNMLMJKIKFFAE37CC,鼓南段四小段,63.00,都市：商
RPQNMLMJKIKFFAE37CC,鼓南段四小段,91.00,都市：商
RPPPMLMJKIKFFCE67CC,獅甲段二小段,.00,都市：商
RPQPMLMJKIKFFCE77CC,愛群段,.00,都市：商
RPVNMLMJKIKFFCE08CC,獅甲段,.21,都市：住
RPVNMLMJKIKFFCE08CC,獅甲段,1.62,都市：住
RPROMLNJKIKFFCE87CC,愛群段,4.34,都市：住
RPRNMLNJKIKFFBE67CC,新興段二小段,.00,都市：商
RPXNMLNJKIKFFBE28CC,苓洲段,29.70,都市：商
RPVNMLNJKIKFFBE08CC,意誠段,.00,都市：商
RPOOMLNJKIKFFBE47CC,林聖段,49.37,都市：住
RPPNMLNJKIKFFGE97CC,鳳甲段,13.64,都市：住
RPVNMLOJKIKFFGE68CC,埤頂段,71.00,都市：其他
RPROMLNJKIKFFBE77CC,新興段一小段,9.88,都市：商
RPROMLNJKIKFFBE77CC,新興段一小段,3.47,都市：商
RPROMLNJKIKFFBE77CC,新興段一小段,.31,都市：商
RPVNMLOJKIKFFHE78CC,旗山段,85.25,都市：商
RPTNMLOJKIKFFEE28CC,新庄段一小段,.00,都市：住
RPPNMLOJKIKFFDE77CC,大港段四小段,13.49,都市：住
RPOOMLOJKIKFFEE87CC,新庄段十二小段,124.00,都市：住
RPQNMLPJKIKFFEE08CC,新庄段十二小段,.00,都市：商
RPQNMLPJKIKFFDE97CC,灣復段,.00,非都市： ; 非都市編定：
RPTOMLRJKIKFFAE28CC,龍華段一小段,77.35,都市：住
RPXNMLRJKIKFFCE78CC,獅甲段,.00,都市：住
RPRNMLPJKIKFFAE77CC,龍中段,14.08,都市：住
RPPNMLPJKIKFFAE57CC,博孝段,115.00,都市：商
RPPNMLPJKIKFFAE57CC,博孝段,1.00,都市：商
RPSOMLMJKIKFFAE67CC,龍華段七小段,139.00,都市：住
RPPOMLRJKIKFFEE28CC,新庄段十三小段,885.00,都市：商
RPWOMLMJKIKFFAE08CC,前金段,.00,都市：商
RPQOMLSJKIKFFDE38CC,大港段二小段,119.00,都市：商
RPVOMLSJKIKFFDE88CC,澄東段,19.24,都市：住
RPTOMLSJKIKFFDE68CC,三塊厝段一小段,100.00,都市：商
RPQOMLRJKIKFFBE08CC,林德官段一小段,5.81,都市：商
RPSNMLSJKIKFFBE28CC,新興段四小段,.00,都市：商
RPSNMLSJKIKFFBE28CC,新興段四小段,.00,都市：商
RPPNMLSJKIKFFBE97CC,新興段四小段,.00,都市：商
RPPNMLSJKIKFFBE97CC,新興段四小段,.00,都市：商
RPQNMLSJKIKFFBE08CC,新興段四小段,.00,都市：商
RPQNMLSJKIKFFBE08CC,新興段四小段,.00,都市：商
RPUNMLSJKIKFFBE48CC,新興段四小段,.00,都市：商
RPUNMLSJKIKFFBE48CC,新興段四小段,.00,都市：商
RPXNMLSJKIKFFBE78CC,過田子段,.00,都市：商
RPOPMLSJKIKFFBE08CC,意誠段,.00,都市：商
RPPPMLSJKIKFFBE18CC,意誠段,.00,都市：商
RPQPMLSJKIKFFBE28CC,意誠段,.00,都市：商
RPSPMLSJKIKFFBE48CC,意誠段,.00,都市：商
RPPNMLSJKIKFFCE08CC,獅甲段,3240.00,都市：住
RPUOMLTJKIKFFCE78CC,憲德段二小段,13.00,都市：住
RPTNMLTJKIKFFAE38CC,龍華段二小段,30.90,都市：住
RPTNMLTJKIKFFAE38CC,龍華段二小段,1.80,都市：住
RPRNMLTJKIKFFEE58CC,新庄段五小段,270.00,都市：商
RPUOMLKKKIKFFEE18CC,左南段,24.06,都市：其他
RPPOMLKKKIKFFDE57CC,大順段,12.00,都市：住
RPUPMLTJKIKFFEE09CC,新夏段,20.21,都市：住
RPOOMLKKKIKFFAE17CC,青海段,10.68,都市：住
RPPOMLKKKIKFFAE27CC,青海段,7.96,都市：住
RPPOMLKKKIKFFCE47CC,竹北段,13.77,都市：住
RPSNMLKKKIKFFBE57CC,意誠段,11.88,都市：商
RPTNMLKKKIKFFBE67CC,意誠段,7.16,都市：商
RPUNMLKKKIKFFLE88DC,中庄北段,25.91,都市：住
RPPOMLKKKIKFFBE47DC,新興段一小段,47.00,都市：商
RPSOMLLKKIKFFBE77CC,意誠段,2398.00,都市：住
RPTNMLLKKIKFFCE87CC,光華段,510.00,都市：住
RPUNMLTJKIKFFEE88CC,福民段,.00,都市：住
RPTNMLSJKIKFFEE68CC,新福段七小段,.00,非都市： ; 非都市編定：
RPPPMLLKKIKFFCE67CC,愛群段,20.02,都市：商
RPOPMLLKKIKFFCE57CC,愛群段,20.02,都市：商
RPXOMLLKKIKFFCE38CC,獅甲段一小段,37.62,都市：住
RPVNMLLKKIKFFAE87CC,龍華段八小段,9.32,都市：商
RPWNMLLKKIKFFAE97CC,青海段,9.18,都市：住
RPXNMLLKKIKFFAE08CC,青海段,13.11,都市：住
RPRPMLLKKIKFFAE67CC,文東段,6.21,都市：商
RPUOMLLKKIKFFCE08CC,愛群段,.00,非都市： ; 非都市編定：
RPQNMLLKKIKFFDE67CC,獅頭段一小段,12.71,都市：其他
RPQOMLLKKIKFFDE77CC,覆鼎金段覆鼎金小段,89.00,都市：住
RPPOMLLKKIKFFDE67CC,水源段,28.19,都市：住
RPQOMLLKKIKFFIE28CC,澄合段,154.42,都市：住
RPTOMLLKKIKFFGE38CC,文英段,27.40,都市：住
RPWNMLLKKIKFFEE38CC,福山段,.00,都市：商
RPXNMLLKKIKFFEE48CC,新庄段十二小段,112.00,都市：住
RPOOMLLKKIKFFEE67CC,新光段,11.65,都市：商
RPQOMLLKKIKFFEE87CC,新庄段十三小段,8.67,都市：商
RPPNMLSJKIKFFDE18CC,中華段二小段,.00,都市：商
RPSNMLOJKIKFFDE08CC,建民段,15.88,都市：商
RPSNMLOJKIKFFDE08CC,建民段,13.78,都市：商
RPPOMLNJKIKFFDE77CC,大順段,9.60,都市：住
RPOOMLLKKIKFFDE57CC,獅頭段,10.88,都市：住
RPPNMLKKKIKFFDE47CC,澄東段,320.86,都市：商
RPWOMLLKKIKFFEE48CC,新庄段十三小段,165.00,都市：住
RPRNMLRJKIKFFDE28CC,中華段一小段,394.00,都市：工
RPXNMLRJKIKFFDE88CC,大港段三小段,80.00,都市：住
RPQPMLLKKIKFFEE97CC,新庄段二小段,14.72,都市：工
RPVOMLOKKIKFFEE68CC,新庄段十三小段,3.69,都市：住
RPOQMLOKKIKFFEE18CC,和平段四小段,8.05,都市：其他
RPOQMLOKKIKFFEE18CC,和平段四小段,8.75,都市：其他
RPSNMLOKKIKFFEE28CC,新庄段八小段,79.00,都市：住
RPPOMLOKKIKFFGE28CC,大貝湖段,142.24,都市：住
RPRQMLOKKIKFFLE56CC,磚子段,918.00,都市：工
RPRQMLOKKIKFFLE56CC,磚子段,36.00,都市：其他
RPWOMLOKKIKFFGE98CC,大貝湖段,1878.49,都市：住
RPVNMLOKKIKFFIE98CC,灣勢段,783.36,都市：農
RPVNMLOKKIKFFIE98CC,灣勢段,263.83,都市：農
RPOOMLOKKIKFFAE57CC,大成段,191.24,都市：住
RPTOMLOKKIKFFDE38CC,陽明段二小段,266.00,都市：住
RPWNMLOKKIKFFDE58CC,鼎泰段,103.61,都市：住
RPQOMLOKKIKFFAE77CC,龍華段八小段,10.15,都市：商
RPUPMLOKKIKFFDE58CC,大豐段二小段,10.80,都市：住
RPVNMLOKKIKFFCE38CC,光華段一小段,.00,都市：住
RPVNMLOKKIKFFCE38CC,光華段一小段,.00,都市：商
RPQOMLOKKIKFFCE97CC,愛群段,7.61,都市：商
RPPQMLOKKIKFFCE08CC,愛群段,.00,都市：住
RPROMLOKKIKFFCE08CC,獅甲段一小段,37.06,都市：住
RPOPMLOKKIKFFBE77CC,意誠段,.00,非都市： ; 非都市編定：
RPRQMLOKKIKFFCE28CC,光華段,.00,都市：住
RPXPMLOKKIKFFCE78CC,獅甲段二小段,46.50,都市：住
RPTPMLOKKIKFFCE38CC,仁愛段,268.00,都市：工
RPWPMLOKKIKFFCE68CC,愛群段,7.29,都市：商
RPQPMLPKKIKFFBE08CC,過田子段,.00,都市：商
RPXNMLPKKIKFFBE58CC,苓雅寮段,.00,都市：商
RPOPMLPKKIKFFBE87CC,武聖段,.00,都市：住
RPSOMLPKKIKFFBE18CC,林德官段一小段,.00,都市：住
RPXOMLPKKIKFFAE58CC,內惟段八小段,19.76,都市：住
RPTNMLPKKIKFFCE28CC,愛群段,16.49,都市：商
RPUOMLPKKIKFFBE38CC,苓洲段,.00,都市：商
RPXNMLPKKIKFFCE68CC,光華段,.00,都市：商
RPXNMLPKKIKFFCE68CC,光華段,.00,都市：商
RPUNMLPKKIKFFCE38CC,港墘段一小段,14.14,都市：住
RPUNMLPKKIKFFBE28CC,正福段,30.93,都市：商
RPUNMLPKKIKFFBE28CC,正福段,131.68,都市：商
RPOPMLPKKIKFFDE08CC,建工段,9.79,都市：住
RPSNMLPKKIKFFDE28CC,獅頭段一小段,1775.00,都市：住
RPPOMLPKKIKFFDE08CC,灣復段,.00,都市：商
RPRNMLPKKIKFFHE58CC,旗門段,285.70,都市：其他
RPPPMLPKKIKFFDE18CC,獅頭段,25.94,都市：其他
RPVNMLPKKIKFFDE58CC,三塊厝段,.00,都市：商
RPVNMLPKKIKFFDE58CC,三塊厝段,.00,都市：商
RPWOMLPKKIKFFEE88CC,新光段,171.90,都市：商
RPRNMLPKKIKFFGE48CC,七老爺段一甲小段,.00,都市：住
RPSNMLPKKIKFFHE68CC,旗門段,442.62,都市：其他
RPWNMLPKKIKFFIE56CC,文武段,503.84,都市：其他
RPVPMLPKKIKFFEE88CC,新光段,33.61,都市：商
RPVPMLQKKIKFFGE56CC,鳳山段大老衙小段,.00,都市：商
RPXOMLQKKIKFFEE09CC,新庄段十三小段,.00,都市：商
RPXOMLQKKIKFFEE09CC,新庄段十三小段,.00,都市：商
RPSNMLQKKIKFFGE68CC,七老爺段一甲小段,288.00,都市：住
RPUOMLRKKIKFFAE48CC,龍中段,50.40,都市：住
RPSNMLQKKIKFFFE58CC,文化段,.00,都市：住
RPOPMLQKKIKFFDE18CC,陽明段四小段,58.00,都市：住
RPOPMLQKKIKFFAE87CC,龍中段,17.31,都市：商
RPSNMLQKKIKFFCE28CC,愛群段,39.73,都市：商
RPTNMLQKKIKFFDE48CC,獅頭段,20.91,都市：商
RPPNMLQKKIKFFCE97CC,憲德段一小段,19.58,都市：商
RPPNMLRKKIKFFCE08CC,愛群段,.00,非都市： ; 非都市編定：
RPWOMLRKKIKFFCE88CC,愛群段,.00,非都市： ; 非都市編定：
RPWNMLRKKIKFFDE88CC,澄東段,169.92,都市：住
RPRNMLRKKIKFFBE18CC,意誠段,.00,都市：商
RPTNMLRKKIKFFBE38CC,新興段三小段,.00,都市：商
RPTOMLRKKIKFFDE68CC,獅頭段一小段,126.00,都市：商
RPSOMLRKKIKFFDE58CC,覆鼎金段覆鼎金小段,7.78,都市：住
RPVOMLRKKIKFFDE88CC,澄東段,163.52,都市：住
RPROMLRKKIKFFGE78CC,灣頭段,99.48,都市：住
RPSOMLRKKIKFFGE88CC,灣頭段,99.48,都市：住
RPRNMLRKKIKFFEE48CC,福民段,.00,都市：住
RPVNMLSKKIKFFFE09CC,橋子頭段,88.00,都市：住
RPQOMLRKKIKFFEE48CC,果貿段,.00,都市：其他
RPSRMLSKKIKFFDE98CC,長明段,.00,都市：商
RPSOMLRKKIKFFEE68CC,福山段,17.26,都市：商
RPUPMLRKKIKFFEE98CC,新庄段十三小段,16.50,都市：住
RPTOMLSKKIKFFDE78CC,大港段三小段,99.00,都市：商
RPTNMLSKKIKFFAE38CC,前金段,18.57,都市：其他
RPPOMLSKKIKFFAE08CC,青海段,30.60,都市：住
RPXNMLSKKIKFFAE78CC,大東段,63.30,都市：商
RPOOMLTKKIKFFCE28CC,草衙段一小段,.00,都市：商
RPXNMLTKKIKFFCE09CC,草衙段一小段,.00,都市：商
RPOPMLSKKIKFFCE28CC,瑞崗段一小段,51.60,都市：商
RPSNMLTKKIKFFEE78CC,右昌段六小段,29.68,都市：住
RPPOMLSKKIKFFDE48DC,覆鼎金段覆鼎金小段,111.00,都市：住
RPXNMLSKKIKFFCE98CC,獅甲段,.21,都市：住
RPXNMLSKKIKFFCE98CC,獅甲段,1.62,都市：住
RPTNMLLLKIKFFDE08CC,三塊厝段三小段,173.00,都市：其他
RPPNMLKLKIKFFGE87CC,鳳甲段,20.06,都市：住
RPVOMLLLKIKFFGE68CC,永豐段,57.16,都市：住
RPQOMLLLKIKFFAE57CC,青海段,.00,都市：住
RPXOMLLLKIKFFAE28CC,龍華段八小段,.00,都市：商
RPQOMLLLKIKFFDE87CC,灣中段,10.18,都市：商
RPPOMLLLKIKFFDE77CC,大港段六小段,.00,都市：商
RPPNMLMLKIKFFBE57CC,過田子段,.00,都市：住
RPXOMLLLKIKFFEE68CC,新庄段三小段,6.85,都市：住
RPRNMLMLKIKFFBE77CC,林德官段,.00,都市：商
RPRNMLMLKIKFFBE77CC,林德官段,.00,都市：商
RPQNMLMLKIKFFBE67CC,意誠段,.00,都市：住
RPPNMLLLKIKFFBE47CC,新興段一小段,67.00,都市：商
RPPOMLMLKIKFFAE57CC,青海段,78.00,都市：住
RPQNMLMLKIKFFAE57CC,龍華段八小段,.00,都市：住
RPOOMLMLKIKFFAE47CC,文東段,.00,非都市： ; 非都市編定：
RPOOMLMLKIKFFAE47CC,文東段,.00,非都市： ; 非都市編定：
RPTOMLMLKIKFFAE97CC,龍華段四小段,27.69,都市：住
RPXNMLMLKIKFFEE68CC,藍田中段,76.53,都市：住
RPUOMLMLKIKFFEE48CC,新庄段十三小段,20.92,都市：商
RPXOMLMLKIKFFEE78CC,新庄段十三小段,5.96,都市：商
RPQPMLMLKIKFFEE18CC,新庄段十三小段,3.34,都市：商
RPPPMLMLKIKFFEE08CC,新庄段十三小段,6.21,都市：商
RPSPMLMLKIKFFEE38CC,新博段,18.59,都市：住
RPRPMLMLKIKFFFE38CC,下竹圍段,13.74,都市：住
RPVOMLMLKIKFFEE58CC,新民段,13.46,都市：住
RPXOMLNLKIKFFDE78CC,水源段,2042.43,都市：其他
RPXOMLNLKIKFFDE78CC,水源段,414.07,都市：其他
RPURMLNLKIKFFEE88CC,新庄段八小段,516.00,都市：住
RPWNMLMLKIKFFGE78CC,文山段,15.68,都市：住
RPSNMLNLKIKFFAE87CC,龍華段二小段,67.45,都市：住
RPOPMLNLKIKFFCE87CC,愛群段,.00,都市：商
RPOOMLNLKIKFFBE67CC,林德官段一小段,.00,都市：住
RPWOMLNLKIKFFAE38CC,文東段,66.00,都市：商
RPUNMLNLKIKFFBE18CC,五權段,25.11,都市：其他
RPOOMLNLKIKFFCE77CC,愛群段,4.52,都市：商
RPQOMLNLKIKFFBE87CC,成功段,36.00,都市：商
RPQOMLNLKIKFFBE87CC,成功段,36.00,都市：商
RPOPMLNLKIKFFBE77CC,新興段四小段,.00,都市：商
RPOPMLNLKIKFFBE77CC,新興段四小段,.00,都市：商
RPROMLNLKIKFFBE97CC,新興段二小段,.00,都市：商
RPROMLNLKIKFFBE97CC,新興段二小段,.00,都市：其他
RPPPMLNLKIKFFBE87CC,新興段二小段,206.00,都市：商
RPQPMLNLKIKFFBE97CC,過田子段,1.52,都市：商
RPVNMLNLKIKFFGE98EC,新甲段,99.50,都市：其他
RPWOMLNLKIKFFBE48CC,成功段,.00,都市：商
RPUNMLNLKIKFFGE88EC,新甲段,104.00,都市：住
RPRNMLOLKIKFFBE97CC,過田子段,.00,都市：商
RPSNMLOLKIKFFBE08CC,過田子段,.00,非都市： ; 非都市編定：
RPWNMLOLKIKFFBE48CC,意誠段,.00,都市：商
RPVNMLOLKIKFFBE38CC,意誠段,.00,都市：商
RPXNMLOLKIKFFBE58CC,意誠段,.00,都市：商
RPQOMLOLKIKFFBE97CC,意誠段,.00,都市：商
RPOOMLOLKIKFFBE77CC,意誠段,.00,都市：商
RPXOMLOLKIKFFBE68CC,意誠段,16.45,都市：商
RPVOMLOLKIKFFAE38CC,大成段,8.70,都市：商
RPQQMLOLKIKFFCE28CC,瑞隆段三小段,55.00,都市：商
RPVPMLOLKIKFFBE58CC,苓洲段,6.11,都市：商
RPUOMLOLKIKFFCE48CC,愛群段,7.62,都市：商
RPWOMLOLKIKFFAE48CC,龍華段八小段,10.55,都市：商
RPRSMLOLKIKFFEE78CC,新庄段十三小段,7.35,都市：商
RPQOMLOLKIKFFEE28CC,菜公段六小段,8.38,都市：住
RPOOMLOLKIKFFGE28CC,文英段,8.06,都市：住
RPPOMLOLKIKFFBE87CC,意誠段,.00,都市：商
RPVOMLPLKIKFFFE98CC,下竹圍段,407.93,都市：住
RPPNMLPLKIKFFIE58CC,竹後段,64.00,都市：住
RPQNMLPLKIKFFHE58CC,旗南段,107.08,都市：住
RPQNMLPLKIKFFHE58CC,旗南段,21.96,都市：其他
RPWNMLPLKIKFFAE48CC,前金段,.00,都市：住
RPUOMLPLKIKFFDE68CC,三塊厝段四小段,.00,都市：住
RPOOMLPLKIKFFEE18CC,新庄段十三小段,6.23,都市：商
RPRPMLPLKIKFFDE48CC,澄清段一小段,108.00,都市：住
RPSOMLPLKIKFFBE28CC,過田子段,72.00,都市：住
RPVNMLPLKIKFFCE58CC,憲德段二小段,12.53,都市：商
RPTOMLPLKIKFFFE88DC,富貴段,154.00,都市：住
RPQNMLQLKIKFFGE58CC,五甲段,40.88,都市：商
RPPNMLRLKIKFFEE38CC,新庄段十三小段,16.46,都市：住
RPSOMLSLKIKFFEE88CC,清豐段,85.07,都市：住
RPQOMLSLKIKFFEE68CC,新庄段三小段,103.00,都市：住
RPUNMLQLKIKFFGE98CC,新甲段,32.20,都市：住
RPQOMLRLKIKFFEE58CC,新光段,16.53,都市：住
RPQOMLRLKIKFFEE58CC,新光段,.64,都市：住
RPTNMLSLKIKFFEE88CC,楠都段一小段,50.00,都市：住
RPTNMLSLKIKFFEE88CC,楠都段一小段,53.00,都市：住
RPTNMLSLKIKFFEE88CC,楠都段一小段,276.00,都市：住
RPTNMLSLKIKFFEE88CC,楠都段一小段,31.00,都市：住
RPTOMLSLKIKFFEE98CC,楠梓段三小段,516.69,都市：商
RPVOMLSLKIKFFEE56CC,新庄段十三小段,4.63,都市：商
RPSQMLSLKIKFFEE09CC,新庄段十三小段,8.40,都市：商
RPUOMLSLKIKFFDE98CC,覆鼎金段覆鼎金小段,133.00,都市：商
RPTOMLSLKIKFFGE56CC,新庄子段,53.88,都市：商
RPTPMLSLKIKFFDE98CC,鼎泰段,.00,都市：住
RPQOMLSLKIKFFDE58CC,大裕段一小段,.00,都市：住
RPXOMLSLKIKFFBE09CC,苓東段,24.86,都市：住
RPOOMLSLKIKFFCE28CC,愛群段,15.20,都市：商
RPQOMLSLKIKFFIE09CC,永和段,380.17,都市：住
RPOPMLSLKIKFFBE28CC,意誠段,46.20,都市：商
RPQOMLSLKIKFFCE48CC,桂林段,15.12,非都市： ; 非都市編定：
RPOOMLSLKIKFFAE08CC,前金段,57.60,都市：商
RPUNMLSLKIKFFAE58CC,龍華段八小段,6.15,都市：住
RPWOMLSLKIKFFEE66CC,新庄段十三小段,8.67,都市：商
RPWNMLTLKIKFFBE98CC,意誠段,82.38,都市：商
RPXNMLTLKIKFFBE09CC,成功段,15.58,都市：商
RPPPMLTLKIKFFBE48CC,林興段,.00,都市：住
RPSPMLTLKIKFFBE78CC,意誠段,104.00,都市：住
RPQNMLTLKIKFFDE58CC,覆鼎金段覆鼎金小段,10.56,都市：住
RPSPMLTLKIKFFAE68CC,青海段,30.79,都市：住
RPWOMLTLKIKFFAE98CC,龍華段四小段,39.60,都市：商
RPWOMLTLKIKFFAE98CC,龍華段四小段,4.53,都市：商
RPRQMLTLKIKFFAE68CC,前金段,18.32,都市：商
RPQNMLTLKIKFFGE88CC,七老爺段一甲小段,79.00,都市：住
RPTPMLTLKIKFFAE78CC,青海段,8.65,都市：住
RPSPMLTLKIKFFEE09CC,福山段,10.53,都市：商
RPVNMLTLKIKFFAE78CC,北金段,73.00,都市：商
RPPRMLTLKIKFFEE98CC,新庄段六小段,80.00,都市：住
RPXNMLKMKIKFFBE28CC,林德官段一小段,21.25,都市：住
RPOPMLKMKIKFFEE87CC,楠都段一小段,50.00,都市：住
RPOPMLKMKIKFFEE87CC,楠都段一小段,53.00,都市：住
RPOPMLKMKIKFFEE87CC,楠都段一小段,276.00,都市：住
RPOPMLKMKIKFFEE87CC,楠都段一小段,31.00,都市：住
RPROMLKMKIKFFDE97CC,義民段,.00,都市：住
RPSPMLTLKIKFFGE86EC,牛潮埔段,355.00,都市：工
RPWOMLKMKIKFFDE48CC,獅頭段,11.47,都市：住
RPRRMLKMKIKFFEE38CC,福山段,11.13,都市：商
RPVOMLKMKIKFFAE08CC,青海段,.00,都市：住
RPWOMLLMKIKFFBE38CC,過田子段,.00,都市：商
RPXOMLLMKIKFFBE48CC,過田子段,.00,都市：商
RPVNMLLMKIKFFBE18CC,大統段二小段,126.00,都市：商
RPQPMLLMKIKFFGE38CC,頂庄段,64.43,都市：住
RPOPMLLMKIKFFDE87CC,大港段二小段,.00,非都市： ; 非都市編定：
RPOPMLLMKIKFFDE87CC,大港段二小段,.00,非都市： ; 非都市編定：
RPOQMLLMKIKFFEE08CC,福民段,24.89,都市：住
RPWRMLLMKIKFFEE98CC,援中段一小段,1062.42,都市：商
RPQNMLLJJHLFFDE47CC,大港段四小段,75.00,都市：住
RPQNMLLJJHLFFBE27CC,新興段二小段,40.00,都市：商
RPRNMLLJJHLFFCE47CC,愛群段,.00,非都市： ; 非都市編定：
RPSNMLMJJHLFFAE47CC,大勇段,.00,都市：商
RPQNMLMJJHLFFAE27CC,前金段,.00,都市：商
RPRNMLMJJHLFFBE47CC,意誠段,.00,都市：商
RPUNMLMJJHLFFBE77CC,意誠段,.00,都市：商
RPRNMLMJJHLFFAE37CC,青海段,.00,都市：住
RPTNMLMJJHLFFBE67CC,意誠段,.00,都市：商
RPQNMLMJJHLFFBE37CC,意誠段,.00,都市：商
RPSOMLOJJHLFFBE87CC,苓洲段,24.14,都市：住
RPTOMLOJJHLFFBE97CC,五塊厝段,.00,都市：住
RPTOMLOJJHLFFBE97CC,五塊厝段,.00,都市：住
RPSPMLOJJHLFFAE87CC,龍華段八小段,7.31,都市：商
RPWOMLOJJHLFFAE18CC,龍中段,29.02,都市：商
RPVOMLOJJHLFFBE18CC,苓洲段,77.00,都市：商
RPRPMLOJJHLFFBE87CC,五塊厝段,25.95,都市：商
RPVPMLOJJHLFFAE18CC,龍華段八小段,17.01,都市：商
RPTPMLOJJHLFFAE97CC,龍華段八小段,7.31,都市：商
RPXPMLOJJHLFFAE38CC,青海段,126.90,都市：住
RPRPMLOJJHLFFCE97CC,獅甲段,14.64,都市：商
RPRPMLOJJHLFFCE97CC,獅甲段,.97,都市：住
RPVOMLOJJHLFFGE68CC,新甲段,556.00,都市：住
RPRQMLOJJHLFFDE18CC,建安段,.00,都市：住
RPXPMLOJJHLFFCE58CC,竹北段一小段,.00,都市：住
RPQRMLOJJHLFFDE18CC,灣華段,.00,都市：商
RPWQMLOJJHLFFDE68CC,獅頭段,.00,都市：住
RPQPMLOJJHLFFFE18CC,岡山段,60.87,都市：住
RPOOMLPJJHLFFDE87DC,中華段二小段,85.00,都市：商
RPVNMLPJJHLFFDE48DC,義民段,.00,都市：住
RPSQMLOJJHLFFEE38CC,福民段,.00,都市：住
RPWOMLPJJHLFFIE56DC,尖山腳段,5076.00,非都市：一般農業區 ; 非都市編定：農牧用地
RPTOMLPJJHLFFBE08CC,林德官段一小段,22.43,都市：住
RPTOMLPJJHLFFBE08CC,林德官段一小段,11.55,都市：住
RPSPMLPJJHLFFIE78CC,新赤山段,569.91,都市：住
RPTPMLOJJHLFFFE48CC,橋子頭段,101.00,都市：住
RPUNMLQJJHLFFBE18CC,新興段一小段,.00,都市：商
RPTOMLQJJHLFFBE18CC,大統段二小段,19.25,都市：商
RPPRMLQJJHLFFAE97CC,青海段,32.40,都市：商
RPOSMLQJJHLFFAE97CC,前金段,11.31,都市：商
RPWQMLQJJHLFFGE56CC,文山段,400.00,都市：住
RPORMLQJJHLFFGE48CC,新甲段,12.91,都市：住
RPXQMLQJJHLFFGE66CC,文英段,110.00,都市：住
RPXQMLQJJHLFFGE66CC,文英段,63.00,都市：住
RPSOMLOJJHLFFIE58CC,圳觀段,204.90,都市：農
RPXNMLQJJHLFFDE68CC,大港段三小段,63.00,都市：商
RPVNMLQJJHLFFDE48CC,澄義段,162.33,都市：住
RPROMLQJJHLFFEE28CC,新庄段十三小段,471.00,都市：商
RPROMLQJJHLFFEE28CC,新庄段十三小段,388.00,都市：商
RPRPMLQJJHLFFEE38CC,新庄段五小段,.00,都市：商
RPOQMLQJJHLFFEE18CC,新庄段十二小段,139.00,都市：商
RPQNMLRJJHLFFAE77CC,龍中段,8.00,都市：商
RPTNMLRJJHLFFDE38CC,大港段四小段,.00,都市：商
RPVQMLQJJHLFFEE88CC,新庄段十三小段,917.00,都市：商
RPVQMLQJJHLFFEE88CC,新庄段十三小段,589.00,都市：商
RPTNMLRJJHLFFAE08CC,龍中段,9.19,都市：商
RPUNMLRJJHLFFAE18CC,青海段,24.15,都市：住
RPUOMLSJJHLFFAE38CC,博孝段,6.17,都市：住
RPSPMLSJJHLFFAE28CC,青海段,18.93,都市：商
RPXNMLSJJHLFFCE78CC,獅甲段,.97,都市：住
RPXNMLSJJHLFFCE78CC,獅甲段,.31,都市：住
RPQPMLSJJHLFFAE08CC,青海段,13.00,都市：住
RPVPMLSJJHLFFAE58CC,龍華段八小段,23.11,都市：商
RPPOMLSJJHLFFCE08CC,獅甲段二小段,13.98,都市：住
RPOOMLSJJHLFFCE97CC,獅甲段二小段,14.17,都市：住
RPUOMLSJJHLFFCE58CC,草衙段二小段,270.60,都市：住
RPTOMLSJJHLFFBE38CC,新興段四小段,.00,都市：商
RPUOMLSJJHLFFBE48CC,新興段一小段,5.30,都市：住
RPUOMLSJJHLFFBE48CC,新興段一小段,1.86,都市：住
RPUOMLSJJHLFFBE48CC,新興段一小段,.17,都市：住
RPXOMLSJJHLFFBE78CC,林德官段一小段,15.06,都市：住
RPQPMLSJJHLFFBE18CC,苓洲段,14.75,都市：住
RPPPMLSJJHLFFBE08CC,過田子段,16.54,都市：商
RPPQMLSJJHLFFDE38CC,三塊厝段,.00,都市：住
RPXNMLSJJHLFFDE88CC,大港段七小段,83.00,都市：商
RPVNMLTJJHLFFIE66CC,澄德段,136.77,都市：商
RPPNMLTJJHLFFCE08CC,光華段一小段,77.00,都市：住
RPQPMLSJJHLFFGE68CC,新庄子段,36.71,都市：商
RPOOMLLKJHLFFCE37CC,憲德段二小段,9.79,非都市： ; 非都市編定：
RPQNMLTJJHLFFBE08CC,大統段二小段,67.00,都市：商
RPROMLLKJHLFFCE67CC,獅甲段三小段,88.57,都市：商
RPWOMLLKJHLFFCE18CC,宏明段,.00,都市：商
RPRPMLSJJHLFFBE28CC,大統段一小段,33.34,都市：商
RPOPMLLKJHLFFAE27CC,龍華段二小段,21.17,都市：住
RPOPMLQJJHLFFBE77CC,苓中段,55.00,都市：住
RPQPMLLKJHLFFAE47CC,前金段,6.94,都市：商
RPQPMLLKJHLFFGE18DC,埤頂段,58.28,都市：住
RPXNMLLKJHLFFGE58CC,文山段,11.65,都市：住
RPQOMLLKJHLFFBE47CC,新興段二小段,11.92,都市：商
RPQNMLMKJHLFFEE97EC,福山段,19.50,都市：住
RPQOMLMKJHLFFGE08CC,五甲段,23.75,都市：住
RPXOMLLKJHLFFGE68CC,五甲段,72.00,都市：住
RPTOMLMKJHLFFDE18DC,三塊厝段一小段,3.24,都市：商
RPRNMLMKJHLFFEE87CC,果貿段,76.00,都市：其他
RPPNMLMKJHLFFIE08CC,仁雄段,57.72,都市：商
RPUOMLMKJHLFFBE97CC,意誠段,.00,都市：商
RPSOMLMKJHLFFBE77CC,意誠段,.00,都市：商
RPUQMLMKJHLFFEE48CC,菜公段六小段,10.48,都市：住
RPROMLMKJHLFFEE97CC,福民段,24.89,都市：住
RPTNMLMKJHLFFCE87CC,獅甲段,1.28,都市：商
RPVNMLMKJHLFFAE87CC,龍華段八小段,4.68,都市：商
RPQOMLMKJHLFFBE57CC,林德官段,.00,非都市： ; 非都市編定：
RPTOMLMKJHLFFBE87CC,成功段,.00,都市：商
RPQNMLNKJHLFFEE87CC,新庄段六小段,.00,都市：住
RPPNMLNKJHLFFCE57CC,瑞隆段二小段,50.04,都市：住
RPPNMLNKJHLFFCE57CC,瑞隆段二小段,18.42,都市：商
RPTOMLNKJHLFFBE97CC,苓洲段,.00,都市：商
RPTOMLNKJHLFFBE97CC,苓洲段,.00,都市：商
RPXNMLNKJHLFFCE38CC,盛興段,18.78,都市：住
RPPOMLNKJHLFFCE67CC,盛興段,18.78,都市：住
RPSOMLNKJHLFFBE87CC,苓洲段,.00,都市：商
RPSOMLNKJHLFFBE87CC,苓洲段,.00,都市：商
RPWNMLNKJHLFFCE28CC,憲德段二小段,.00,都市：商
RPWOMLNKJHLFFGE78CC,中崙段,68.51,都市：住
RPWPMLNKJHLFFDE58CC,長明段,.00,都市：商
RPQNMLNKJHLFFHE28DC,旗南段,146.42,都市：住
RPPNMLNKJHLFFHE18DC,旗南段,69.86,都市：住
RPUOMLNKJHLFFGE58CC,竹子腳段,.00,都市：住
RPUOMLNKJHLFFGE58CC,竹子腳段,.00,都市：住
RPTNMLOKJHLFFDE18CC,灣立段,.00,都市：商
RPTNMLOKJHLFFDE18CC,灣立段,.00,都市：商
RPQOMLOKJHLFFLE88DC,水源段,2540.00,都市：農
RPTOMLOKJHLFFDE28CC,大港段三小段,.00,都市：商
RPQNMLOKJHLFFFE08CC,岡山段,.56,都市：住
RPQPMLOKJHLFFEE18CC,新博段,19.06,都市：住
RPSNMLOKJHLFFBE87CC,林德官段,14.81,都市：商
RPSPMLOKJHLFFEE38CC,福山段,88.86,都市：住
RPUNMLOKJHLFFBE08CC,新興段二小段,3.84,都市：住
RPRNMLOKJHLFFBE77CC,新興段四小段,.00,都市：商
RPRNMLOKJHLFFBE77CC,新興段四小段,.00,都市：商
RPXPMLOKJHLFFEE88CC,新庄段七小段,8.75,都市：住
RPQNMLOKJHLFFAE57CC,龍中段,.00,都市：住
RPXOMLOKJHLFFCE58CC,憲德段二小段,16.39,都市：商
RPVPMLOKJHLFFAE28CC,內惟段九小段,13.80,都市：住
RPRNMLOKJHLFFAE67CC,前金段,.00,非都市： ; 非都市編定：
RPSOMLPKJHLFFCE18CC,獅甲段二小段,18.44,都市：住
RPPOMLPKJHLFFBE77CC,大統段一小段,.00,都市：商
RPUNMLPKJHLFFBE18CC,大統段一小段,85.00,都市：商
RPTOMLPKJHLFFBE18CC,意誠段,.00,都市：商
RPVOMLPKJHLFFBE38CC,過田子段,.00,都市：商
RPQRMLPKJHLFFEE48CC,新庄段十三小段,.00,都市：商
RPQRMLPKJHLFFEE48CC,新庄段十三小段,.00,都市：商
RPOOMLPKJHLFFIE38CC,仁春段,.34,都市：住
RPOOMLPKJHLFFIE38CC,仁春段,13.02,都市：住
RPOOMLPKJHLFFIE38CC,仁春段,98.00,都市：住
RPOOMLPKJHLFFIE38CC,仁春段,1.77,都市：其他
RPXOMLPKJHLFFDE78CC,建安段,68.00,都市：商
RPWNMLPKJHLFFDE58CC,鼎泰段,12.65,都市：住
RPPNMLSKJHLFFHE68DC,永和段,87.76,都市：住
RPVTMLSKJHLFFEE07EC,新康段,1581.11,都市：住
RPVTMLSKJHLFFEE07EC,新康段,3235.79,都市：住
RPVTMLSKJHLFFEE07EC,新康段,1222.39,都市：住
RPVTMLSKJHLFFEE07EC,新康段,859.77,都市：住
RPVOMLPKJHLFFDE68DC,灣中段,10.20,都市：住
RPOOMLSKJHLFFBE08DC,大統段一小段,81.00,都市：商
RPWTMLSKJHLFFEE17EC,新康段,89.79,都市：住
RPOPMLSKJHLFFDE28CC,鼎泰段,16.17,都市：住
RPXNMLSKJHLFFIE86CC,澄合段,13.16,都市：住
RPTNMLSKJHLFFGE88CC,文山段,92.24,都市：住
RPVOMLSKJHLFFDE88CC,大港段四小段,15.50,都市：商
RPPOMLSKJHLFFIE78CC,鳳松段,139.00,都市：住
RPPOMLSKJHLFFIE78CC,鳳松段,44.00,都市：住
RPQNMLSKJHLFFBE08CC,過田子段,110.00,都市：商
RPQNMLSKJHLFFBE08CC,過田子段,110.00,都市：商
RPSVMLSKJHLFFEE76CC,新博段,18.02,都市：住
RPOPMLSKJHLFFEE38CC,新庄段一小段,.00,都市：住
RPXNMLSKJHLFFBE78CC,苓洲段,596.00,都市：其他
RPWOMLSKJHLFFCE88CC,瑞南段一小段,.00,都市：商
RPSOMLSKJHLFFCE48CC,獅甲段一小段,30.23,都市：住
RPRNMLSKJHLFFCE28CC,仁愛段二小段,1267.65,都市：工
RPRUMLSKJHLFFEE56CC,和平段五小段,67.00,都市：住
RPWOMLTKJHLFFCE98CC,愛群段,15.37,都市：商
RPSNMLTKJHLFFBE38CC,新興段一小段,4.10,都市：商
RPUOMLTKJHLFFAE58CC,青海段,20.53,都市：住
RPXNMLTKJHLFFBE88CC,五塊厝段,13.68,都市：商
RPWOMLTKJHLFFAE78CC,青海段,9.18,都市：住
RPWOMLTKJHLFFAE78CC,青海段,2.53,都市：住
RPPNMLTKJHLFFAE97CC,博孝段,.00,都市：住
RPTNMLTKJHLFFBE48CC,五權段,23.90,都市：住
RPOPMLTKJHLFFAE08CC,龍中段,53.31,都市：商
RPTOMLTKJHLFFEE88CC,福民段,26.37,都市：住
RPSOMLTKJHLFFGE98CC,五甲段,77.00,都市：住
RPSOMLTKJHLFFGE98CC,五甲段,19.00,都市：住
RPSOMLTKJHLFFBE48CC,新興段二小段,.00,都市：商
RPVOMLTKJHLFFGE66CC,埤頂段,56.55,都市：住
RPUOMLTKJHLFFGE56CC,埤頂段,74.25,都市：住
RPVNMLKLJHLFFDE08CC,三塊厝段四小段,.00,都市：住
RPRPMLKLJHLFFAE67DC,龍北段,19.44,都市：住
RPSNMLTKJHLFFDE58CC,大港段三小段,109.00,都市：商
RPTOMLTKJHLFFFE09DC,橋子頭段,59.23,都市：住
RPXNMLKLJHLFFDE28CC,三塊厝段四小段,75.00,都市：商
RPOPMLKLJHLFFGE87CC,新庄子段,47.75,都市：住
RPTNMLKLJHLFFBE67CC,意誠段,8.57,都市：商
RPSOMLKLJHLFFIE38CC,興工段,330.60,都市：農
RPTONLKLJHLFFEE18CC,新庄段十三小段,.00,都市：商
RPTONLKLJHLFFEE18CC,新庄段十三小段,.00,都市：商
RPTOMLKLJHLFFDE97CC,中都段四小段,83.00,都市：商
RPVWMLKLJHLFFEE09CC,新民段,.00,都市：住
RPVWMLKLJHLFFEE09CC,新民段,.00,都市：住
RPOOMLKLJHLFFBE27CC,苓東段,.00,非都市： ; 非都市編定：
RPQNMLKLJHLFFBE37CC,過田子段,67.00,都市：商
RPRWMLKLJHLFFEE68CC,福山段,.00,都市：商
RPPOMLKLJHLFFAE27CC,青海段,99.23,都市：住
RPTNMLKLJHLFFAE57CC,青海段,21.14,都市：住
RPUNMLKLJHLFFCE87CC,獅甲段,1027.00,都市：住
RPUNMLKLJHLFFCE87CC,獅甲段,3240.00,都市：住
RPTNMLKLJHLFFCE77CC,愛群段,1781.00,都市：商
RPOPMLKLJHLFFAE27CC,龍北段,19.44,都市：住
RPVNMLKLJHLFFCE97CC,獅甲段二小段,28.50,都市：住
RPOOMLLLJHLFFCE47CC,獅甲段二小段,30.32,都市：住
RPQNMLLLJHLFFBE47CC,苓洲段,528.00,都市：商
RPSNMLLLJHLFFBE67CC,新興段二小段,112.00,都市：商
RPWNMLLLJHLFFDE28CC,澄東段,189.25,都市：住
RPOOMLLLJHLFFBE37CC,新興段一小段,.00,非都市： ; 非都市編定：
RPUNMLLLJHLFFFE28CC,灣裡西段,2314.00,都市：工
RPVOMLLLJHLFFBE08CC,過田子段,.00,都市：商
RPWOMLLLJHLFFBE18CC,過田子段,128.00,都市：商
RPVNMLMLJHLFFIE78CC,翠屏段,75.00,都市：住
RPXOMLMLJHLFFDE58CC,灣立段,45.91,都市：住
RPWOMLMLJHLFFDE48CC,灣復段,8.13,都市：商
RPVNMLMLJHLFFGE58CC,新甲段,46.00,都市：其他
RPTNMLMLJHLFFJE68CC,文南段,92.52,都市：住
RPTNMLMLJHLFFJE68CC,文南段,90.28,都市：住
RPOOMLMLJHLFFGE97CC,新甲段,46.00,都市：其他
RPRNMLMLJHLFFEE97CC,清豐段,.00,都市：住
RPWPMLMLJHLFFEE68CC,新庄段八小段,16.47,都市：住
RPUNMLLLJHLFFIE68DC,保安段,371.00,都市：住
RPWNMLMLJHLFFBE18CC,新興段四小段,106.00,都市：商
RPROMLMLJHLFFCE87CC,憲德段二小段,12.59,都市：商
RPQOMLMLJHLFFCE77CC,愛群段,4.33,都市：商
RPSNMLMLJHLFFBE77CC,林聖段,584.00,都市：其他
RPTOMLMLJHLFFCE08CC,愛群段,891.00,都市：商
RPXNMLMLJHLFFBE28CC,新興段四小段,1258.31,都市：商
RPQNMLNLJHLFFBE67CC,意誠段,.00,都市：商
RPPNMLPLJHLFFCE87CC,憲德段一小段,.00,都市：住
RPPNMLNLJHLFFBE57CC,意誠段,.00,都市：商
RPPNMLPLJHLFFCE87CC,憲德段一小段,.00,都市：商
RPWPMLPLJHLFFEE98CC,新庄段七小段,3.94,都市：住
RPWOMLPLJHLFFEE88CC,新庄段五小段,.00,都市：其他
RPQQMLPLJHLFFEE48CC,新庄段五小段,9.42,都市：其他
RPQNMLPLJHLFFIE68DC,澄合段,998.68,都市：住
RPVNMLPLJHLFFGE88CC,新甲段,36.65,都市：住
RPTOMLQLJHLFFGE88CC,鳳山段大老衙小段,221.00,都市：商
RPTOMLQLJHLFFGE88CC,鳳山段大老衙小段,118.00,都市：商
RPTOMLQLJHLFFGE88CC,鳳山段大老衙小段,30.00,都市：商
RPTOMLQLJHLFFGE88CC,鳳山段大老衙小段,48.00,都市：商
RPTOMLQLJHLFFGE88CC,鳳山段大老衙小段,11.00,都市：商
RPTOMLQLJHLFFGE88CC,鳳山段大老衙小段,704.00,都市：商
RPTOMLQLJHLFFGE88CC,鳳山段大老衙小段,62.00,都市：商
RPTOMLQLJHLFFGE88CC,鳳山段大老衙小段,957.00,都市：商
RPSNMLQLJHLFFDE48DC,中華段一小段,293.00,都市：商
RPSNMLQLJHLFFDE48DC,中華段一小段,194.00,都市：商
RPSNMLQLJHLFFDE48DC,中華段一小段,1210.00,都市：商
RPUNMLQLJHLFFDE58CC,三塊厝段一小段,34.27,都市：商
RPPOMLQLJHLFFDE18CC,河濱段,.00,都市：商
RPSNMLQLJHLFFEE48CC,新庄段十三小段,8.48,都市：商
RPWNMLQLJHLFFCE68CC,憲德段二小段,17.56,都市：住
RPTNMLQLJHLFFCE38CC,瑞隆段四小段,49.00,都市：商
RPVNMLRLJHLFFCE68CC,瑞隆段三小段,43.56,都市：住
RPVNMLRLJHLFFBE58CC,福裕段,30.29,都市：住
RPXNMLQLJHLFFCE78CC,愛群段,28.50,都市：住
RPTNMLRLJHLFFBE38CC,意誠段,.00,都市：商
RPXQMLRLJHLFFEE76CC,福山段,11.57,都市：商
RPPOMLQLJHLFFCE08CC,獅甲段,2.26,都市：商
RPPOMLQLJHLFFCE08CC,獅甲段,7.13,都市：商
RPQRMLRLJHLFFEE78CC,新庄段十三小段,6.70,都市：商
RPSNMLRLJHLFFBE28CC,新興段四小段,2.40,都市：商
RPUNMLRLJHLFFGE09DC,大貝湖段,26.36,都市：住
RPOOMLSLJHLFFBE08CC,大統段一小段,11.73,都市：商
RPROMLSLJHLFFDE58CC,大港段七小段,.00,都市：商
RPROMLSLJHLFFBE38CC,新興段三小段,7.36,都市：商
RPVOMLSLJHLFFFE56CC,介壽段,17.00,都市：住
RPVOMLSLJHLFFFE56CC,介壽段,83.00,都市：住
RPVOMLSLJHLFFFE56CC,介壽段,100.00,都市：住
RPXOMLSLJHLFFEE66CC,新庄段十二小段,489.00,都市：住
RPQOMLSLJHLFFGE78CC,五甲段,112.39,都市：住
RPSNMLSLJHLFFCE48CC,二苓段,56.00,都市：住
RPVOMLSLJHLFFCE88CC,桂林段,112.00,都市：商
RPWNMLTLJHLFFCE98CC,光華段,.00,都市：住
RPRNMLSLJHLFFAE18CC,內惟段五小段,98.01,都市：住
RPTNMLTLJHLFFCE68CC,愛群段,.00,都市：商
RPOOMLTLJHLFFAE08CC,青海段,20.53,都市：住
RPTNMLTLJHLFFBE58CC,過田子段,.00,都市：商
RPRNMLTLJHLFFBE38CC,新興段一小段,.00,都市：商
RPPOMLTLJHLFFBE28CC,成功段,14.56,都市：商
RPROMLTLJHLFFBE48CC,新興段一小段,9.88,都市：商
RPROMLTLJHLFFBE48CC,新興段一小段,3.47,都市：商
RPROMLTLJHLFFBE48CC,新興段一小段,.31,都市：商
RPXNMLTLJHLFFIE07CC,澄清段,1178.00,都市：住
RPQOMLTLJHLFFBE38CC,新興段一小段,9.88,都市：商
RPVNMLTLJHLFFBE78CC,過田子段,.00,都市：商
RPQOMLTLJHLFFBE38CC,新興段一小段,3.47,都市：商
RPQOMLTLJHLFFBE38CC,新興段一小段,.31,都市：商
RPVOMLTLJHLFFEE56CC,新庄段十三小段,.00,都市：商
RPVOMLTLJHLFFEE56CC,新庄段十三小段,.00,都市：商
RPUPMLTLJHLFFEE56CC,新庄段十三小段,.00,都市：商
RPOOMLKMJHLFFDE57CC,大順段,.00,都市：商
RPVPMLTLJHLFFEE66CC,新庄段十三小段,.00,都市：商
RPWNMLKMJHLFFGE58CC,大貝湖段,773.30,都市：住
RPTNMLKMJHLFFBE77CC,大統段一小段,.00,都市：商
RPROMLKMJHLFFCE77CC,愛群段,6.44,都市：住
RPSOMLKMJHLFFCE87CC,獅甲段二小段,10.77,都市：住
RPTOMLKMJHLFFCE97CC,獅甲段二小段,13.04,都市：住
RPVOMLKMJHLFFCE18CC,草衙段一小段,.00,都市：商
RPUOMLKMJHLFFCE08CC,獅甲段,.97,都市：住
RPXOMLKMJHLFFCE38CC,獅甲段二小段,10.77,都市：住
RPUOMLKMJHLFFCE08CC,獅甲段,.31,都市：住
RPWOMLKMJHLFFCE28CC,獅甲段,1.62,都市：商
RPWOMLKMJHLFFCE28CC,獅甲段,.51,都市：商
RPSNMLKMJHLFFAE57CC,後金段,8.20,都市：住
RPPNMLLMJHLFFGE97CC,灣頭段,85.51,都市：住
