﻿編號,土地區段位置,土地移轉面積平方公尺,使用分區或編定
The serial number,land sector position,land shifting area square meter,the use zoning or compiles and checks
RPSOMLLJJIKFFBF67CC,復興段,26.81,都市：住
RPOOMLLJJIKFFBF27CC,昌隆段,19.62,都市：住
RPQNMLLJJIKFFBF37CC,中原段,14.19,都市：住
RPUOMLLJJIKFFBF87CC,復興段,78.73,都市：住
RPUOMLLJJIKFFBF87CC,復興段,14.86,都市：住
RPQOMLLJJIKFFBF47CC,同興段,14.67,都市：住
RPVOMLLJJIKFFBF97CC,中原段,34.13,都市：住
RPSNMLLJJIKFFBF57CC,榮富段,31.38,都市：住
RPROMLLJJIKFFBF57CC,和平段,5.54,都市：住
RPWOMLLJJIKFFBF08CC,中原段,17.61,都市：商
RPQNMLLJJIKFFAF27CC,新雅段,10.48,都市：住
RPPNMLLJJIKFFBF27CC,榮富段,16.46,都市：住
RPXNMLLJJIKFFBF08CC,芳洲段,19.51,都市：住
RPXPMLMJJIKFFAF28CC,光仁段,.00,都市：住
RPSNMLMJJIKFFIF38CC,大學段二小段,3129.57,都市：住
RPOPMLMJJIKFFCF57CC,雙城段,.00,都市：住
RPWOMLMJJIKFFIF88CC,樹德段,41.75,都市：住
RPQOMLMJJIKFFGF28EC,正義段,.00,非都市： ; 非都市編定：
RPXOMLNJJIKFFIF09CC,樹新段,22.06,都市：住
RPOOMLMJJIKFFDF57CC,同新段,.00,都市：工
RPOQMLNJJIKFFEF97CC,公司田段,21.06,都市：住
RPTRMLMJJIKFFBF18CC,國宅段,41.04,都市：住
RPXNMLMJJIKFFDF38CC,工建段,.00,都市：工
RPTPMLNJJIKFFEF38CC,公司田段,19.98,都市：住
RPXRMLNJJIKFFEF98CC,龍米段,1618.79,都市：其他
RPOSMLNJJIKFFEF18CC,海天段,27.74,都市：住
RPSOMLNJJIKFFDF28EC,保長段,5.38,都市：住
RPSPMLNJJIKFFDF18CC,智興段,.00,都市：商
RPUNMLNJJIKFFHF68DC,民有段,.00,都市：住
RPUNMLNJJIKFFHF68DC,民有段,.00,都市：住
RPWPMLNJJIKFFDF58CC,智興段,.00,都市：住
RPUQMLNJJIKFFAF38EC,金城段,24.49,都市：住
RPUOMLNJJIKFFDF48EC,保長段,3.91,都市：住
RPWPMLNJJIKFFDF78EC,保長段,5.54,都市：住
RPUQMLOJJIKFFAF28CC,新板段二小段,16.53,都市：其他
RPQPMLNJJIKFFDF18EC,保長段,5.35,都市：住
RPTOMLNJJIKFFDF38EC,保長段,9.31,都市：住
RPPSMLNJJIKFFEF28CC,海天段,16.86,都市：住
RPXNMLOJJIKFFEF68CC,學府段,.00,都市：住
RPTPMLOJJIKFFAF08CC,金城段,4.62,都市：住
RPPPMLOJJIKFFAF67CC,員仁段,237.00,都市：其他
RPTOMLOJJIKFFEF38CC,龍米段,4.71,都市：住
RPQPMLOJJIKFFHF48CC,保生段,.00,都市：住
RPTQMLOJJIKFFAF38EC,介壽段,.00,都市：商
RPQOMLOJJIKFFDF08DC,環河段,.00,都市：工
RPOPMLOJJIKFFEF97CC,正德段,17.82,都市：住
RPOOMLOJJIKFFGF08CC,興德段,1020.75,都市：工
RPPOMLOJJIKFFCF87DC,寶橋段,.00,非都市： ; 非都市編定：
RPTOMLOJJIKFFGF58CC,中興段,.00,都市：工
RPOOMLOJJIKFFCF77DC,寶橋段,.00,非都市： ; 非都市編定：
RPUNMLPJJIKFFGF68CC,重陽段,412.61,都市：住
RPPOMLOJJIKFFGF18CC,中興段,.00,都市：工
RPPOMLOJJIKFFGF18CC,中興段,.00,都市：工
RPUOMLPJJIKFFIF98CC,大學段一小段,5.34,都市：住
RPWOMLPJJIKFFIF56CC,大學段一小段,32.31,都市：住
RPVOMLPJJIKFFEF68CC,飛歌段,15.22,都市：住
RPRSMLPJJIKFFBF38CC,麗林段,17.58,都市：商
RPUOMLPJJIKFFHF88CC,板南段,28.72,都市：工
RPQRMLPJJIKFFBF18CC,芳洲段,13.96,都市：住
RPSQMLPJJIKFFAF18CC,公館段,.00,都市：住
RPPNMLQJJIKFFDF97CC,水源段,.00,都市：住
RPPNMLQJJIKFFDF97CC,水源段,.00,都市：其他
RPVNMLPJJIKFFDF48CC,昊天段,.00,都市：工
RPVNMLPJJIKFFDF48CC,同新段,.00,都市：工
RPPNMLQJJIKFFIF48CC,大學段一小段,17.02,都市：住
RPTNMLQJJIKFFGF68CC,福德北段,.00,都市：住
RPXNMLRJJIKFFEF98CC,新巿段,21.77,都市：其他
RPVNMLRJJIKFFEF78CC,紅毛城段,6.39,都市：住
RPPNMLRJJIKFFBF87CC,榮富段,25.03,都市：住
RPQNMLRJJIKFFBF97CC,榮富段,20.84,都市：住
RPRNMLRJJIKFFBF08CC,丹鳳段,13.56,都市：住
RPUNMLTJJIKFFDF78CC,金龍段,15.22,都市：其他
RPUNMLTJJIKFFDF78CC,金龍段,17.67,非都市：山坡地保育區 ; 非都市編定：丙種建築用地
RPUNMLTJJIKFFDF78CC,金龍段,.37,都市：其他
RPUNMLTJJIKFFDF78CC,金龍段,.29,都市：其他
RPSNMLRJJIKFFBF18CC,和平段,12.60,都市：住
RPXNMLTJJIKFFAF78CC,新板段三小段,2.69,都市：其他
RPXNMLTJJIKFFDF09CC,工建段,.00,都市：工
RPRQMLTJJIKFFAF48CC,文化段,.00,都市：住
RPOOMLTJJIKFFCF18CC,復興段,.00,都市：工
RPPQMLTJJIKFFHF98CC,華新段,.00,都市：住
RPOQMLTJJIKFFHF88CC,保平段,7.07,都市：商
RPOQMLTJJIKFFHF88CC,保平段,9.77,都市：商
RPQOMLTJJIKFFCF38CC,寶橋段,252.00,都市：工
RPOSMLQJJIKFFBF18CC,中原段,34.07,都市：住
RPTOMLTJJIKFFEF88CC,海鷗段,4.88,都市：住
RPRQMLTJJIKFFHF56CC,秀峰段,13.57,都市：住
RPQQMLTJJIKFFHF09CC,公園段,.00,都市：商
RPTQMLTJJIKFFHF76CC,信義段,.00,都市：住
RPQRMLTJJIKFFHF56CC,大仁段,.00,都市：住
RPVQMLTJJIKFFHF96CC,復興段,.00,都市：住
RPSQMLTJJIKFFHF66CC,圓通段,17.79,都市：住
RPORMLTJJIKFFHF98CC,安樂段,.00,都市：住
RPORMLTJJIKFFHF98CC,安樂段,.00,都市：住
RPWQMLTJJIKFFHF07CC,新和段,.00,都市：住
RPUQMLTJJIKFFHF86CC,福美段,28.35,都市：住
RPRRMLTJJIKFFHF66CC,圓通段,.00,都市：住
RPTRMLTJJIKFFHF86CC,捷運段,.00,都市：其他
RPPSMLTJJIKFFHF56CC,盛昌段,.00,都市：住
RPQSMLTJJIKFFHF66CC,信義段,14.08,都市：住
RPWOMLTJJIKFFGF76CC,光華段,.00,都市：住
RPXSMLTJJIKFFHF37CC,安邦段,17.01,都市：住
RPQPMLKKJIKFFIF28CC,圳生段,218.00,都市：工
RPWNMLKKJIKFFIF68CC,大學段一小段,20.83,都市：住
RPOQMLKKJIKFFAF37CC,江子翠段溪頭小段,32.00,都市：住
RPUPMLKKJIKFFEF28CC,鄧公段,3.85,都市：住
RPUPMLKKJIKFFEF28CC,鄧公段,1.21,都市：住
RPOSMLKKJIKFFEF97CC,公司田段,25.97,都市：住
RPXNMLKKJIKFFEF38CC,正德段,21.33,都市：住
RPVQMLKKJIKFFAF08CC,民族段,.00,都市：住
RPQQMLKKJIKFFAF57CC,江子翠段第三崁小段,.46,都市：住
RPQQMLKKJIKFFAF57CC,江子翠段第三崁小段,.15,都市：住
RPQQMLKKJIKFFAF57CC,江子翠段第三崁小段,5.78,都市：住
RPWNMLLKJIKFFAF97CC,介壽段,.00,都市：商
RPWNMLLKJIKFFAF97CC,介壽段,.00,都市：商
RPWNMLLKJIKFFAF97CC,介壽段,.00,都市：商
RPUOMLLKJIKFFAF87CC,新雅段,.00,都市：住
RPSOMLLKJIKFFEF18DC,公司田段,.00,非都市： ; 非都市編定：
RPUOMLLKJIKFFEF28CC,龍米段,1073.51,都市：住
RPQNMLLKJIKFFCF57CC,惠國段,139.79,都市：住
RPVOMLLKJIKFFEF38CC,海天段,19.97,都市：住
RPQRMLLKJIKFFBF87CC,光榮段,227.30,都市：工
RPQRMLLKJIKFFBF87CC,光榮段,226.15,都市：工
RPUNMLLKJIKFFCF97CC,太平段,.50,都市：住
RPUNMLLKJIKFFCF97CC,太平段,1.81,都市：住
RPTOMLLKJIKFFBF87CC,化成段,40.28,都市：工
RPTNMLMKJIKFFEF18CC,正德段,19.02,都市：住
RPSNMLMKJIKFFEF08CC,仁愛段,.00,都市：住
RPUNMLMKJIKFFCF08CC,小城段,67.98,都市：住
RPRPMLMKJIKFFIF58CC,大學段二小段,8.72,都市：住
RPOPMLMKJIKFFEF87CC,公司田段,10.54,都市：住
RPUOMLMKJIKFFHF68CC,中信段,.00,都市：住
RPUOMLMKJIKFFHF68CC,中信段,.00,都市：住
RPUNMLMKJIKFFIF68CC,大學段一小段,9.75,都市：商
RPWNMLMKJIKFFCF28CC,寶強段,151.55,都市：住
RPPPMLMKJIKFFEF97CC,馬偕段,10.87,都市：住
RPTNMLMKJIKFFAF77CC,樂利段,23.65,都市：住
RPOOMLMKJIKFFDF67CC,昊天段,23.75,都市：工
RPXOMLMKJIKFFDF58CC,同新段,5.63,都市：工
RPQNMLNKJIKFFDF87CC,水源段,.00,都市：住
RPQNMLNKJIKFFDF87CC,水源段,.00,都市：其他
RPVOMLMKJIKFFDF38CC,同新段,18.32,都市：工
RPXNMLMKJIKFFDF48CC,昊天段,8.64,都市：工
RPSNMLMKJIKFFDF97CC,智興段,541.00,都市：住
RPPNMLNKJIKFFDF77CC,智興段,.00,都市：商
RPUNMLMKJIKFFHF78EC,雙和段,8.16,都市：商
RPSNMLNKJIKFFDF08CC,智興段,.00,都市：商
RPUNMLMKJIKFFHF78EC,雙和段,1.61,都市：住
RPRNMLMKJIKFFDF87CC,福德段,.00,都市：住
RPOQMLNKJIKFFAF67CC,文化段,35.52,都市：住
RPROMLNKJIKFFBF87CC,建國段,2667.15,都市：其他
RPQQMLNKJIKFFBF97CC,麗林段,11.04,都市：商
RPTPMLNKJIKFFBF18CC,力行段,30.27,都市：商
RPWQMLNKJIKFFIF66CC,大學段一小段,24.17,都市：商
RPRNMLNKJIKFFAF67CC,文化段,2.35,都市：住
RPRNMLOKJIKFFCF97CC,安德段,.00,非都市： ; 非都市編定：
RPQNMLNKJIKFFEF97CC,新巿段,16.62,都市：住
RPPRMLNKJIKFFIF68CC,大學段一小段,24.03,都市：商
RPPNMLPKJIKFFEF08CC,竹圍段,1.83,都市：工
RPPNMLPKJIKFFEF08CC,竹圍段,30.58,都市：工
RPPNMLPKJIKFFEF08CC,竹圍段,.08,都市：工
RPPNMLPKJIKFFEF08CC,竹圍段,.01,都市：工
RPPNMLPKJIKFFEF08CC,竹圍段,.20,都市：工
RPTNMLQKJIKFFDF48CC,福興段,.00,都市：住
RPTNMLQKJIKFFDF48CC,福興段,.00,都市：住
RPWNMLQKJIKFFDF78CC,工建段,.00,都市：工
RPSNMLQKJIKFFDF38CC,智興段,.00,都市：商
RPXNMLQKJIKFFDF88CC,昊天段,.00,都市：工
RPXNMLQKJIKFFDF88CC,同新段,.00,都市：工
RPOOMLQKJIKFFDF08CC,工建段,.00,都市：工
RPXNMLNKJIKFFDF58CC,智興段,.00,都市：住
RPQRMLQKJIKFFBF58EC,副都心段一小段,46.49,都市：商
RPSPMLRKJIKFFAF48DC,埔墘段,60.00,都市：住
RPQPMLSKJIKFFEF68CC,水仙段,.00,都市：住
RPUPMLQKJIKFFAF48CC,新雅段,4.38,都市：住
RPQNMLRKJIKFFIF78CC,安溪段,.00,都市：商
RPRNMLSKJIKFFGF78CC,仁興段,.00,都市：住
RPOOMLSKJIKFFHF68CC,健康段,.00,都市：工
RPPOMLSKJIKFFHF78CC,健康段,31.38,都市：工
RPRNMLSKJIKFFHF88CC,安樂段,.00,都市：住
RPOOMLRKJIKFFBF97CC,榮富段,12.43,都市：住
RPVOMLSKJIKFFHF76CC,連城段,16.20,都市：住
RPROMLRKJIKFFBF28CC,瓊泰段,3091.18,都市：其他
RPWOMLSKJIKFFHF86CC,保平段,.00,都市：商
RPPRMLSKJIKFFBF48CC,榮富段,10.63,都市：住
RPQRMLSKJIKFFBF58CC,中原段,34.31,都市：住
RPORMLSKJIKFFBF38CC,中泰段,23.53,都市：其他
RPOPMLSKJIKFFHF78CC,新民段,43.52,都市：工
RPROMLSKJIKFFCF48CC,寶元段,193.51,都市：工
RPROMLSKJIKFFCF48CC,寶元段,.37,都市：工
RPTNMLTKJIKFFEF88CC,關渡段,.00,都市：其他
RPRNMLTKJIKFFEF68CC,正德段,.00,都市：住
RPXNMLRKJIKFFDF98CC,水源段,4.68,都市：住
RPRNMLTKJIKFFDF58CC,智興段,.00,都市：商
RPSOMLTKJIKFFHF56CC,國道段,28.76,都市：農
RPROMLQKJIKFFDF38CC,同新段,.00,都市：工
RPSNMLSKJIKFFDF58CC,新峰段,.00,都市：住
RPQNMLSKJIKFFDF38CC,智興段,18.63,都市：住
RPSOMLTKJIKFFEF88CC,海天段,12.88,都市：住
RPSQMLKLJIKFFIF68CC,安溪段,.00,都市：商
RPUNMLKLJIKFFDF08CC,崇德段,4031.62,都市：住
RPRNMLSKJIKFFDF48CC,智興段,.00,都市：商
RPPOMLTKJIKFFEF58CC,海鷗段,.00,都市：工
RPSPMLTKJIKFFIF76CC,大學段一小段,21.85,都市：住
RPOPMLKLJIKFFGF08DC,德新段,.00,都市：商
RPPNMLLLJIKFFDF67CC,智興段,.00,都市：住
RPSNMLKLJIKFFAF77EC,民權段,.00,都市：住
RPPNMLLLJIKFFCF57CC,北宜段,.00,都市：其他
RPWOMLKLJIKFFGF78DC,德新段,.00,都市：商
RPTOMLNLJIKFFDF38CC,智興段,.00,都市：商
RPPPMLNLJIKFFCF97CC,北宜段,.00,都市：商
RPSSMLNLJIKFFBF48CC,化成段,89.23,都市：工
RPVOMLNLJIKFFBF38CC,中誠段,19.54,都市：住
RPPPMLOLJIKFFEF28CC,公司田段,.00,都市：住
RPPOMLOLJIKFFEF18CC,公司田段,.00,都市：住
RPXPMLNLJIKFFHF66CC,信和段,.00,都市：住
RPTNMLOLJIKFFHF78CC,橋和段,.00,都市：工
RPXNMLOLJIKFFGF09CC,中興段,.00,都市：工
RPSPMLOLJIKFFEF58CC,新巿段,20.16,都市：其他
RPPOMLOLJIKFFGF38CC,中興段,.00,都市：工
RPVNMLKLJIKFFGF48CC,過田段,3.34,都市：商
RPVNMLKLJIKFFGF48CC,過田段,24.39,都市：住
RPSNMLOLJIKFFIF78CC,大學段二小段,7.78,都市：住
RPSNMLOLJIKFFIF78CC,大學段二小段,.80,都市：住
RPSNMLOLJIKFFIF78CC,大學段二小段,.60,都市：住
RPTOMLOLJIKFFIF98CC,大學段一小段,35.78,都市：住
RPVOMLOLJIKFFIF56CC,大學段一小段,8.01,都市：住
RPOPMLOLJIKFFAF77CC,文化段,2.18,都市：住
RPVOMLPLJIKFFCF68CC,寶元段,96.63,都市：工
RPVOMLPLJIKFFCF68CC,寶元段,.18,都市：工
RPTSMLNLJIKFFBF58CC,忠孝段,.00,都市：住
RPVNMLOLJIKFFDF58CC,福德段,48.67,都市：住
RPTOMLOLJIKFFDF48CC,建成段,3733.89,都市：住
RPUOMLPLJIKFFCF58CC,寶元段,55.19,都市：工
RPUOMLPLJIKFFCF58CC,寶元段,.10,都市：工
RPUOMLPLJIKFFCF58CC,寶元段,.46,都市：工
RPVNMLOLJIKFFAF28CC,港子嘴段,.00,都市：工
RPWNMLPLJIKFFAF68EC,員福段,12.85,都市：商
RPROMLPLJIKFFDF38CC,北山段,214.21,都市：工
RPUPMLPLJIKFFHF56CC,民權段,.00,都市：住
RPSOMLPLJIKFFDF48CC,同新段,15.27,都市：工
RPQPMLPLJIKFFGF68CC,光興段,.00,都市：商
RPTOMLQLJIKFFHF09CC,健康段,245.12,都市：工
RPQOMLPLJIKFFDF28CC,同新段,28.35,都市：工
RPQOMLPLJIKFFDF28CC,同新段,17.45,都市：工
RPOOMLQLJIKFFHF58CC,板南段,.00,都市：工
RPOOMLQLJIKFFHF58CC,板南段,.00,都市：其他
RPQNMLPLJIKFFGF48CC,中興段,.00,都市：工
RPRNMLQLJIKFFDF38CC,工建段,17.25,都市：工
RPSOMLQLJIKFFEF68CC,水仙段,2.43,都市：住
RPSOMLQLJIKFFEF68CC,水仙段,.45,都市：住
RPXNMLQLJIKFFDF98CC,崇德段,.00,都市：住
RPQNMLQLJIKFFDF28CC,新峰段,.00,都市：住
RPQNMLQLJIKFFDF28CC,新峰段,.00,都市：住
RPQNMLQLJIKFFDF28CC,新峰段,.00,都市：住
RPPNMLQLJIKFFDF18CC,智興段,.00,都市：商
RPUSMLQLJIKFFCF09CC,惠國段,5.48,都市：住
RPTQMLQLJIKFFAF58CC,新板段三小段,6.56,都市：其他
RPUQMLQLJIKFFAF68CC,文化段,1.84,都市：住
RPPOMLQLJIKFFBF18DC,五股段,24.93,都市：住
RPPPMLQLJIKFFBF18CC,建林段,29.71,都市：住
RPVRMLQLJIKFFBF98CC,民安段,31.83,都市：住
RPSQMLQLJIKFFBF68DC,雙鳳段,8.80,都市：住
RPSQMLQLJIKFFBF68DC,雙鳳段,.75,都市：其他
RPSQMLQLJIKFFBF68DC,雙鳳段,5.24,都市：住
RPSQMLQLJIKFFBF68DC,雙鳳段,15.17,都市：住
RPSQMLQLJIKFFBF68DC,雙鳳段,1.19,都市：住
RPRPMLQLJIKFFBF58EC,榮富段,19.52,都市：住
RPPRMLRLJIKFFBF48CC,泰山段一小段,95.57,都市：住
RPVRMLRLJIKFFBF09CC,榮富段,24.98,都市：住
RPURMLRLJIKFFBF98CC,榮富段,62.75,都市：住
RPXRMLRLJIKFFBF66CC,忠孝段,16.45,都市：住
RPQNMLSLJIKFFBF28CC,芳洲段,16.55,都市：住
RPOPMLRLJIKFFCF28CC,寶強段,13.42,都市：住
RPOPMLRLJIKFFCF28CC,寶強段,8.65,都市：住
RPOPMLRLJIKFFCF28CC,寶強段,6.93,都市：住
RPOSMLRLJIKFFBF48CC,立言段,19.21,都市：住
RPOPMLRLJIKFFAF28EC,民權段,46.50,都市：住
RPSNMLSLJIKFFBF48CC,忠孝段,10.02,都市：住
RPRNMLSLJIKFFBF38CC,芳洲段,13.56,都市：住
RPWNMLSLJIKFFBF88CC,自強段,28.79,都市：住
RPUNMLSLJIKFFBF68CC,文德段,27.46,都市：住
RPUNMLSLJIKFFBF68CC,文德段,5.44,都市：住
RPXNMLSLJIKFFBF98CC,同興段,13.58,都市：商
RPOOMLSLJIKFFBF18CC,中泰段,15.70,都市：住
RPROMLSLJIKFFBF48CC,副都心段一小段,9.58,都市：住
RPQOMLSLJIKFFBF38CC,中原段,12.70,都市：住
RPPOMLSLJIKFFBF28CC,昌隆段,16.19,都市：住
RPUOMLSLJIKFFBF78CC,思賢段,22.12,都市：住
RPWOMLSLJIKFFBF98CC,中誠段,22.71,都市：住
RPSOMLSLJIKFFBF58CC,副都心段一小段,13.20,都市：住
RPTOMLSLJIKFFBF68CC,中泰段,12.61,都市：住
RPPNMLTLJIKFFEF58CC,海天段,12.63,都市：住
RPQNMLTLJIKFFEF68CC,新興段,55.82,都市：住
RPPNMLTLJIKFFDF48CC,智興段,.00,都市：住
RPSNMLSLJIKFFHF09CC,景華段,66.46,都市：住
RPROMLKMJIKFFDF97CC,智興段,.00,都市：商
RPSPMLKMJIKFFAF87CC,新興段,.00,都市：商
RPSPMLKMJIKFFAF87CC,新興段,.00,都市：商
RPSPMLKMJIKFFAF87CC,新興段,.00,都市：商
RPSPMLKMJIKFFAF87CC,新興段,.00,都市：商
RPPPMLKMJIKFFAF77EC,江子翠段第一崁小段,.00,都市：住
RPRNMLKMJIKFFCF87DC,安坑段車子路小段,80.77,非都市：山坡地保育區 ; 非都市編定：丙種建築用地
RPVQMLKMJIKFFBF38CC,建林段,.00,都市：住
RPPPMLLJKIKFFHF18CC,民治段,.00,都市：商
RPPNMLKMJIKFFEF77CC,新興段,22.49,都市：住
RPVNMLLJKIKFFIF68CC,大學段一小段,.00,都市：住
RPRPMLKMJIKFFBF08EC,全安段,20.95,都市：住
RPPPMLKMJIKFFEF97CC,新興段,6.03,都市：住
RPPPMLKMJIKFFEF97CC,新興段,.37,都市：住
RPPPMLKMJIKFFEF97CC,新興段,.86,都市：住
RPQQMLLJKIKFFBF77CC,南林段,35.61,都市：住
RPSOMLLJKIKFFCF87CC,復興段,69.06,都市：工
RPOPMLLJKIKFFAF47DC,文化段,.00,都市：住
RPXNMLLJKIKFFCF28CC,惠國段,.00,都市：住
RPSQMLLJKIKFFBF97CC,同興段,11.75,都市：商
RPUOMLLJKIKFFDF18CC,昊天段,.00,都市：工
RPUOMLLJKIKFFDF18CC,同新段,.00,都市：工
RPSNMLMJKIKFFDF97CC,同新段,.00,都市：工
RPPNMLMJKIKFFDF67CC,智興段,.00,都市：商
RPWNMLMJKIKFFDF38CC,工建段,.00,都市：工
RPQOMLLJKIKFFDF77CC,新峰段,.00,都市：住
RPXNMLMJKIKFFDF48CC,工建段,151.62,都市：工
RPOOMLLJKIKFFDF57CC,智興段,.00,都市：住
RPOOMLMJKIKFFDF67CC,同新段,.00,都市：工
RPTNMLMJKIKFFAF77CC,篤行段,26.60,都市：住
RPPPMLMJKIKFFBF67CC,五工段,1482.84,非都市：工業區 ; 非都市編定：丁種建築用地
RPTPMLMJKIKFFBF08CC,中原段,.00,都市：住
RPQSMLMJKIKFFAF97CC,忠孝段,32.20,都市：住
RPWPMLMJKIKFFBF38CC,光華段,15.16,都市：住
RPUOMLMJKIKFFDF38DC,建成段,8.15,都市：商
RPUOMLMJKIKFFDF38DC,建成段,4.02,都市：商
RPXNMLNJKIKFFEF68CC,新興段,74.50,都市：住
RPQPMLNJKIKFFEF18CC,公司田段,28.10,都市：住
RPXNMLNJKIKFFBF38CC,和平段,14.06,都市：住
RPSPMLMJKIKFFHF58CC,健康段,.00,都市：工
RPSQMLMJKIKFFHF68CC,國光段,.00,都市：商
RPRNMLNJKIKFFAF67CC,成功段,.00,都市：住
RPXNMLMJKIKFFHF88CC,景華段,10.87,都市：商
RPRNMLNJKIKFFHF38CC,福祥段,.00,都市：住
RPTNMLNJKIKFFHF58CC,福祥段,.00,都市：住
RPSPMLNJKIKFFHF88EC,國道段,131.52,都市：住
RPXOMLNJKIKFFCF58CC,寶強段,.00,都市：住
RPVOMLNJKIKFFDF68EC,保長段,5.53,都市：住
RPRPMLNJKIKFFAF87CC,介壽段,.00,都市：商
RPOPMLNJKIKFFAF57CC,介壽段,.00,都市：商
RPWNMLOJKIKFFBF38CC,福營段,7.29,都市：工
RPWNMLOJKIKFFDF58CC,環河段,172.49,都市：工
RPUOMLOJKIKFFAF18CC,新板段三小段,2.69,都市：其他
RPQOMLNJKIKFFHF58EC,民治段,.00,都市：商
RPRNMLRJKIKFFCF28CC,安豐段,26.88,都市：住
RPQOMLOJKIKFFEF18CC,公司田段,107.63,都市：住
RPXNMLOJKIKFFEF78CC,公司田段,21.57,都市：住
RPUNMLOJKIKFFGF68CC,二重段,30.98,都市：住
RPUNMLOJKIKFFGF68CC,二重段,48.49,都市：其他
RPSNMLRJKIKFFEF58CC,公司田段,21.81,都市：住
RPPPMLRJKIKFFBF18CC,副都心段一小段,40.03,都市：住
RPPPMLRJKIKFFIF88CC,大學段二小段,5.80,都市：住
RPPPMLRJKIKFFIF88CC,大學段二小段,.59,都市：住
RPPPMLRJKIKFFIF88CC,大學段二小段,.45,都市：住
RPQNMLPJKIKFFCF97CC,錦秀段,.00,非都市： ; 非都市編定：
RPVNMLRJKIKFFEF88CC,中興段,14.73,都市：住
RPVNMLSJKIKFFBF68CC,鴻福段,170.36,都市：工
RPVNMLSJKIKFFBF68CC,鴻福段,15.09,都市：工
RPUNMLRJKIKFFDF88EC,新峰段,16.53,都市：住
RPXNMLSJKIKFFBF88CC,建林段,564.30,都市：住
RPTNMLRJKIKFFDF68DC,福德段,22.18,都市：住
RPUNMLSJKIKFFCF68CC,中央段,6.36,都市：住
RPVPMLTJKIKFFEF66CC,學府段,.00,都市：住
RPPQMLKKKIKFFHF28CC,東南段,.00,都市：住
RPUPMLTJKIKFFIF96CC,大學段二小段,19.26,都市：商
RPUOMLTJKIKFFHF76CC,中安段,.00,都市：住
RPVPMLTJKIKFFIF07CC,介壽段,10.64,都市：住
RPRPMLKKKIKFFHF38CC,保平段,21.43,都市：商
RPPQMLTJKIKFFHF09CC,民樂段,.00,都市：住
RPPQMLTJKIKFFHF09CC,民樂段,.00,都市：住
RPPQMLTJKIKFFHF09CC,民樂段,.00,都市：住
RPPOMLSJKIKFFBF18CC,力行段,18.84,都市：住
RPROMLKKKIKFFEF08DC,學府段,.00,非都市： ; 非都市編定：
RPXOMLKKKIKFFHF88CC,保生段,.02,都市：其他
RPXOMLKKKIKFFHF88CC,保生段,6.33,都市：住
RPQOMLKKKIKFFAF47CC,新板段二小段,4.51,都市：其他
RPXNMLKKKIKFFEF48CC,新興段,14.97,都市：住
RPRNMLKKKIKFFCF77DC,五峰段,24.20,都市：住
RPTQMLKKKIKFFDF48EC,保長段,6.77,都市：住
RPUQMLKKKIKFFDF58EC,保長段,9.38,都市：住
RPTNMLLKKIKFFCF97CC,玫瑰段,7.11,都市：住
RPTNMLLKKIKFFCF97CC,玫瑰段,49.34,都市：住
RPTNMLLKKIKFFCF97CC,玫瑰段,5.35,都市：住
RPUNMLLKKIKFFCF08CC,安泰段,89.68,都市：住
RPOOMLLKKIKFFCF57CC,復興段,120.63,都市：工
RPWQMLKKKIKFFDF78EC,保長段,3.91,都市：住
RPXQMLKKKIKFFDF88EC,水源段,6.24,都市：住
RPTNMLLKKIKFFDF08CC,同新段,17.45,都市：工
RPUNMLLKKIKFFDF18CC,同新段,17.45,都市：工
RPORMLKKKIKFFDF08EC,保長段,6.71,都市：住
RPVNMLLKKIKFFDF28CC,工建段,26.38,都市：工
RPWNMLLKKIKFFDF38CC,工建段,79.26,都市：工
RPXNMLLKKIKFFDF48CC,同新段,17.45,都市：工
RPTOMLLKKIKFFDF18CC,同新段,.00,都市：工
RPPOMLLKKIKFFDF97EC,保長段,6.64,都市：住
RPTQMLLKKIKFFEF48CC,新巿段,20.16,都市：住
RPRPMLLKKIKFFBF87CC,國宅段,78.19,都市：住
RPRPMLLKKIKFFHF68EC,橋和段,64.56,都市：工
RPTPMLLKKIKFFHF88EC,大新段,.00,都市：商
RPVQMLKKKIKFFDF68EC,保長段,3.91,都市：住
RPUPMLLKKIKFFHF98EC,大新段,.00,都市：商
RPRNMLNKKIKFFDF08CC,智興段,.00,都市：住
RPSNMLOKKIKFFDF28CC,中正段,.00,都市：商
RPQUMLOKKIKFFBF58CC,建林段,11.30,都市：商
RPQNMLNKKIKFFCF97DC,民權段,44.00,都市：住
RPVQMLOKKIKFFBF68CC,五工段,1004.32,非都市：工業區 ; 非都市編定：丁種建築用地
RPWOMLOKKIKFFCF88EC,中央段,17.72,都市：住
RPPNMLOKKIKFFIF48CC,大學段二小段,10.53,都市：商
RPOOMLPKKIKFFIF58CC,圳民段,273.62,都市：工
RPTPMLPKKIKFFIF56CC,大學段一小段,9.68,都市：商
RPROMLPKKIKFFEF48CC,海鷗段,6.82,都市：住
RPTOMLPKKIKFFHF98CC,得林段,.00,都市：住
RPXOMLPKKIKFFAF68CC,中山段,11.13,都市：住
RPXNMLPKKIKFFBF68CC,新工段一小段,117.26,非都市：工業區 ; 非都市編定：丁種建築用地
RPSQMLPKKIKFFBF58DC,景德段,84.16,都市：住
RPSQMLPKKIKFFBF58DC,景德段,8.41,都市：其他
RPWOMLQKKIKFFAF68CC,新雅段,64.07,都市：住
RPPSMLQKKIKFFBF48CC,光榮段,17.89,都市：住
RPQSMLQKKIKFFBF58CC,新工段一小段,1154.98,非都市：工業區 ; 非都市編定：丁種建築用地
RPQSMLQKKIKFFBF58CC,新工段一小段,1388.19,非都市：工業區 ; 非都市編定：丁種建築用地
RPVQMLQKKIKFFEF56CC,海天段,8.04,都市：住
RPTOMLPKKIKFFDF58CC,同新段,9.95,都市：工
RPURMLQKKIKFFEF56CC,關渡段,.00,都市：住
RPPNMLPKKIKFFDF08CC,智興段,.00,都市：住
RPPNMLPKKIKFFDF08CC,智興段,.00,都市：住
RPQOMLPKKIKFFCF18CC,中華段,.00,都市：住
RPQOMLPKKIKFFCF18CC,中華段,.00,都市：住
RPWOMLQKKIKFFCF98DC,寶橋段,35.53,都市：工
RPVPMLPKKIKFFHF66CC,雙和段,.00,都市：住
RPVPMLPKKIKFFHF66CC,雙和段,.00,都市：商
RPRNMLRKKIKFFHF88CC,信和段,23.18,都市：住
RPSOMLPKKIKFFDF48CC,昊天段,33.40,都市：工
RPSOMLPKKIKFFDF48CC,昊天段,23.75,都市：工
RPSOMLPKKIKFFDF48CC,昊天段,23.30,都市：工
RPSOMLPKKIKFFDF48CC,昊天段,23.01,都市：工
RPSOMLPKKIKFFDF48CC,昊天段,23.75,都市：工
RPSOMLPKKIKFFDF48CC,昊天段,33.55,都市：工
RPTOMLRKKIKFFBF58CC,工二段,5600.00,都市：工
RPROMLRKKIKFFAF28CC,中山段,24.00,都市：住
RPPNMLRKKIKFFAF97CC,員福段,85.95,都市：工
RPPPMLRKKIKFFAF18CC,新板段三小段,2.73,都市：其他
RPRRMLQKKIKFFEF88CC,關渡段,.00,都市：商
RPRRMLQKKIKFFEF88CC,關渡段,.00,都市：商
RPXOMLRKKIKFFCF09CC,明德段,.00,都市：住
RPOOMLSKKIKFFDF38CC,環河段,.00,都市：工
RPPOMLRKKIKFFDF38CC,工建段,11.31,都市：工
RPUNMLRKKIKFFDF98EC,北山段,37.38,都市：住
RPRPMLRKKIKFFAF58EC,中山段,27.89,都市：住
RPQOMLRKKIKFFDF68EC,智興段,4.47,都市：住
RPPOMLSKKIKFFDF48CC,同新段,.00,都市：工
RPPOMLSKKIKFFDF48CC,昊天段,.00,都市：工
RPQOMLSKKIKFFDF58CC,福德段,.00,都市：商
RPQNMLSKKIKFFCF38CC,安德段,28.63,都市：住
RPVRMLSKKIKFFEF86CC,長興段,436.42,都市：其他
RPTNMLSKKIKFFCF68CC,安德段,.82,都市：住
RPTNMLSKKIKFFCF68CC,安德段,9.74,都市：住
RPPQMLSKKIKFFAF38CC,新板段三小段,12.94,都市：其他
RPPOMLSKKIKFFCF38CC,香坡段,103.58,非都市：山坡地保育區 ; 非都市編定：丙種建築用地
RPPOMLSKKIKFFCF38CC,香坡段,3.29,非都市：山坡地保育區 ; 非都市編定：林業用地
RPOQMLSKKIKFFAF28CC,文化段,2.10,都市：住
RPOSMLSKKIKFFEF88CC,長興段,436.42,都市：其他
RPROMLSKKIKFFBF48CC,建林段,10.09,都市：住
RPPNMLTKKIKFFEF58CC,淡海段,26.35,都市：其他
RPQPMLSKKIKFFBF48CC,力行段,19.42,都市：商
RPSNMLTKKIKFFEF88CC,大義段,21.96,都市：住
RPUNMLTKKIKFFEF09CC,正德段,27.43,都市：住
RPQNMLTKKIKFFEF68CC,新興段,20.61,都市：住
RPPOMLTKKIKFFBF38CC,副都心段一小段,9.58,都市：住
RPROMLTKKIKFFBF58CC,榮富段,10.97,都市：住
RPTOMLTKKIKFFBF78CC,榮富段,10.97,都市：住
RPPNMLTKKIKFFDF48CC,智興段,.00,都市：商
RPPNMLTKKIKFFDF48CC,智興段,.00,都市：住
RPQOMLTKKIKFFBF48CC,全安段,16.99,都市：住
RPQOMLKLKIKFFBF67CC,同興段,13.58,都市：住
RPSOMLTKKIKFFBF68CC,榮富段,10.97,都市：住
RPXNMLKLKIKFFBF28CC,副都心段九小段,54.65,都市：住
RPROMLKLKIKFFBF77CC,芳洲段,15.92,都市：住
RPOOMLTKKIKFFBF28CC,榮和段,11.09,都市：住
RPOPMLKLKIKFFBF57CC,榮富段,18.03,都市：住
RPVOMLKLKIKFFBF18CC,芳洲段,21.49,都市：住
RPSOMLKLKIKFFBF87CC,忠孝段,14.62,都市：住
RPTOMLKLKIKFFBF97CC,中原段,35.82,都市：住
RPXOMLKLKIKFFBF38CC,副都心段一小段,12.57,都市：住
RPOQMLLLKIKFFBF77CC,泰林段,2.25,都市：商
RPOQMLLLKIKFFBF77CC,泰林段,6.30,都市：其他
RPWRMLLLKIKFFBF68CC,中原段,.00,都市：商
RPPPMLKLKIKFFBF67CC,榮富段,28.00,都市：住
RPOOMLLLKIKFFIF28CC,大學段二小段,11.22,都市：商
RPRQMLLLKIKFFHF68CC,得和段,.00,都市：住
RPXNMLLLKIKFFIF09CC,大學段一小段,21.17,都市：商
RPVNMLLLKIKFFCF28CC,中正段,.00,都市：其他
RPVNMLLLKIKFFCF28CC,中正段,.00,都市：住
RPVNMLLLKIKFFCF28CC,中華段,.00,都市：其他
RPVOMLLLKIKFFIF98CC,大學段二小段,17.05,都市：住
RPTPMLMLKIKFFHF88CC,大智段,.00,都市：住
RPQPMLLLKIKFFIF58CC,大學段一小段,13.82,都市：商
RPQOMLLLKIKFFIF48CC,大學段一小段,16.37,都市：住
RPXNMLMLKIKFFIF56CC,大學段一小段,14.27,都市：商
RPQSMLNLKIKFFAF28CC,新板段三小段,3.35,都市：其他
RPVRMLMLKIKFFCF78CC,民權段,.00,都市：住
RPOQMLMLKIKFFEF18CC,海鷗段,8.53,都市：住
RPOQMLMLKIKFFEF18CC,海鷗段,.01,都市：住
RPRRMLMLKIKFFCF38CC,復興段,.00,都市：工
RPRSMLNLKIKFFAF38CC,新板段三小段,17.67,都市：其他
RPTSMLNLKIKFFAF58CC,文化段,2.10,都市：住
RPXQMLMLKIKFFHF76CC,民富段,.00,都市：工
RPUSMLNLKIKFFAF68CC,江子翠段第二崁小段,8.32,都市：商
RPVSMLNLKIKFFAF78CC,中山段,29.75,都市：住
RPXSMLNLKIKFFBF09CC,泰山段一小段,777.00,非都市：特定農業區 ; 非都市編定：農牧用地
RPWNMLMLKIKFFGF88CC,重新段壹小段,.00,都市：住
RPUOMLNLKIKFFEF68CC,水仙段,2.18,都市：住
RPUOMLNLKIKFFEF68CC,水仙段,11.81,都市：住
RPVRMLNLKIKFFHF76CC,安平段,32.76,都市：住
RPTOMLNLKIKFFEF58CC,馬偕段,7.95,都市：住
RPQQMLNLKIKFFDF58EC,保安段,17.37,都市：住
RPQQMLNLKIKFFDF58EC,保安段,.39,都市：其他
RPPPMLNLKIKFFDF18CC,福德段,15.24,都市：住
RPRRMLNLKIKFFHF98CC,大仁段,3.83,都市：住
RPVOMLNLKIKFFBF48CC,國宅段,15.28,都市：住
RPRQMLNLKIKFFDF68EC,保長段,7.88,都市：住
RPQPMLOLKIKFFCF28CC,寶元段,54.96,都市：工
RPTOMLOLKIKFFEF68CC,仁愛段,958.00,都市：住
RPRSMLOLKIKFFIF66CC,圳德段,35.75,都市：住
RPQRMLOLKIKFFGF88CC,集美段,.00,非都市： ; 非都市編定：
RPXOMLOLKIKFFDF56EC,保長段,5.35,都市：住
RPPPMLOLKIKFFDF48EC,保長段,5.21,都市：住
RPRPMLPLKIKFFAF28CC,沛陂段,.00,都市：工
RPWOMLOLKIKFFDF09EC,保長段,8.73,都市：住
RPOPMLOLKIKFFDF38EC,保長段,12.64,都市：住
RPTNMLPLKIKFFDF58CC,智興段,.00,都市：商
RPWPMLPLKIKFFDF09CC,福德段,30.00,都市：住
RPWPMLPLKIKFFDF09CC,福德段,3.05,都市：住
RPUNMLPLKIKFFDF68CC,智興段,.00,都市：商
RPPNMLRLKIKFFDF38CC,智興段,.00,都市：商
RPPNMLRLKIKFFDF38CC,智興段,.00,都市：住
RPQOMLRLKIKFFBF38CC,立言段,21.40,都市：住
RPVNMLPLKIKFFDF78CC,新峰段,.00,都市：住
RPROMLRLKIKFFBF48CC,榮富段,18.65,都市：住
RPQNMLQLKIKFFDF38CC,智興段,.00,都市：商
RPQPMLSLKIKFFBF58CC,泰山段三小段,183.00,都市：工
RPOWMLSLKIKFFBF09CC,中原段,34.31,都市：住
RPWVMLSLKIKFFBF17CC,佳林段,14.76,都市：住
RPWVMLSLKIKFFBF17CC,行政段,42.90,都市：住
RPSOMLSLKIKFFDF88CC,昊天段,.00,都市：工
RPXVMLSLKIKFFBF27CC,副都心段一小段,5.29,都市：商
RPVUMLSLKIKFFBF96CC,麗林段,57.30,都市：住
RPRRMLSLKIKFFBF88CC,公館段,.00,都市：工
RPVTMLSLKIKFFBF86CC,建國段,33.00,都市：工
RPVTMLSLKIKFFBF86CC,建國段,366.00,都市：工
RPPNMLSLKIKFFDF48CC,智興段,.00,都市：住
RPTOMLSLKIKFFCF88CC,福園段,.00,都市：住
RPTOMLSLKIKFFCF88CC,福園段,.00,都市：住
RPTOMLSLKIKFFCF88CC,福園段,.00,都市：住
RPPOMLSLKIKFFCF48CC,北宜段,.00,都市：其他
RPUOMLSLKIKFFGF76CC,富貴段,.00,都市：住
RPSRMLSLKIKFFGF86CC,興德段,247.34,都市：工
RPRPMLSLKIKFFHF66CC,公園段,.00,都市：其他
RPPQMLOLKIKFFBF18CC,國宅段,17.56,都市：住
RPQPMLSLKIKFFHF56CC,公園段,.00,都市：其他
RPTPMLSLKIKFFHF86CC,公園段,.00,都市：其他
RPUQMLSLKIKFFHF07CC,中原段,.00,都市：工
RPQQMLSLKIKFFHF66CC,板南段,.00,都市：工
RPQQMLSLKIKFFHF66CC,板南段,.00,都市：其他
RPXQMLSLKIKFFHF37CC,板南段,.00,都市：工
RPXQMLSLKIKFFHF37CC,板南段,.00,都市：其他
RPUSMLSLKIKFFHF27CC,中原段,54.24,都市：工
RPQUMLSLKIKFFHF07CC,新民段,.00,都市：工
RPURMLSLKIKFFHF17CC,復興段,.00,都市：住
RPURMLSLKIKFFHF17CC,復興段,.00,都市：住
RPRRMLSLKIKFFHF86CC,秀山段,.00,都市：住
RPXRMLSLKIKFFHF47CC,景華段,16.10,都市：住
RPOSMLSLKIKFFHF66CC,新民段,.00,都市：其他
RPTSMLSLKIKFFHF17CC,大仁段,34.18,都市：住
RPSQMLSLKIKFFAF98EC,江子翠段第二崁小段,4.01,都市：商
RPOOMLSLKIKFFEF68DC,水仙段,.00,非都市： ; 非都市編定：
RPXQMLSLKIKFFDF07DC,環河段,40.86,都市：工
RPQOMLTLKIKFFHF56CC,新民段,13.10,都市：其他
RPSNMLTLKIKFFHF66CC,新和段,.00,都市：住
RPOOMLTLKIKFFHF98CC,大同段,.00,都市：住
RPTNMLTLKIKFFHF76CC,文化段,15.59,都市：住
RPVNMLTLKIKFFHF96CC,員山段,.00,都市：住
RPSRMLTLKIKFFHF07CC,林森段,26.59,都市：住
RPVOMLTLKIKFFHF07CC,秀山段,.00,都市：住
RPUOMLTLKIKFFHF96CC,公園段,.00,都市：住
RPOSMLTLKIKFFHF76CC,捷運段,9.06,都市：其他
RPQRMLTLKIKFFHF86CC,健康段,.00,都市：工
RPXUMLTLKIKFFGF77CC,富貴段,.00,都市：住
RPVNMLTLKIKFFIF07CC,安溪段,16.99,都市：商
RPUUMLTLKIKFFEF27CC,中正段,44.17,都市：商
RPXSMLTLKIKFFAF96CC,府中段,23.50,都市：住
RPQNMLTLKIKFFDF68CC,智興段,.00,都市：住
RPVSMLTLKIKFFAF76CC,新板段三小段,3.45,都市：其他
RPXPMLTLKIKFFDF96CC,環河段,.00,都市：工
RPQQMLTLKIKFFDF98CC,同新段,.00,都市：工
RPROMLTLKIKFFBF68CC,國宅段,17.78,都市：住
RPPQMLTLKIKFFBF78DC,榮富段,51.06,都市：住
RPXNMLTLKIKFFBF56CC,國宅段,112.17,都市：住
RPQPMLTLKIKFFHF86EC,南勢段,13.44,都市：住
RPUOMLKMKIKFFCF28CC,錦秀段,14.90,都市：住
RPUOMLKMKIKFFCF28CC,錦秀段,15.08,都市：住
RPWNMLKMKIKFFIF98CC,中華段,25.32,都市：住
RPWOMLLMKIKFFIF56CC,大同段,38.00,都市：工
RPPRMLKMKIKFFAF08EC,忠孝段,146.00,都市：住
RPWOMLLMKIKFFIF56CC,大同段,99.00,都市：工
RPSNMLTLKIKFFDF09EC,智興段,4.72,都市：住
RPQNMLKMKIKFFDF87CC,建成段,.00,都市：住
RPQNMLKMKIKFFDF87CC,建成段,.00,都市：住
RPRQMLTLKIKFFDF09CC,工建段,.00,都市：工
RPRQMLTLKIKFFDF09CC,工建段,.00,都市：工
RPRQMLTLKIKFFDF09CC,工建段,.00,都市：工
RPROMLLMKIKFFEF28CC,紅毛城段,6.39,都市：住
RPTOMLLMKIKFFEF48CC,淡海段,13.33,都市：住
RPSPMLLMKIKFFEF48CC,灰子段後洲子小段,2891.00,都市：農
RPOTMLLMKIKFFDF58EC,保長段,8.51,都市：住
RPWSMLLMKIKFFDF66EC,保長段,10.81,都市：住
RPVSMLLMKIKFFDF56EC,保長段,3.91,都市：住
RPXSMLLMKIKFFDF76EC,保長段,3.91,都市：住
RPPTMLTLKIKFFAF88CC,光華段,31.75,都市：住
RPSOMLTLKIKFFAF78DC,學成段,.00,都市：住
RPTRMLTLKIKFFAF66EC,柑林段,33.39,都市：其他
RPTRMLTLKIKFFAF66EC,柑林段,73.18,都市：其他
RPRNMLMJJHLFFGF08CC,重新段壹小段,18.06,都市：住
RPRRMLTLKIKFFAF09EC,運校段,18.89,都市：住
RPWNMLMJJHLFFBF08CC,黎明段,15.59,都市：住
RPXNMLMJJHLFFBF18CC,榮富段,15.16,都市：住
RPSNMLMJJHLFFBF67CC,信華段一小段,20.91,都市：住
RPQNMLMJJHLFFBF47CC,昌隆段,13.80,都市：住
RPUNMLMJJHLFFBF87CC,副都心段一小段,9058.00,都市：住
RPRNMLMJJHLFFBF57CC,中原段,10.54,都市：商
RPTNMLMJJHLFFBF77CC,自立段,18.04,都市：商
RPVNMLMJJHLFFBF97CC,榮富段,17.55,都市：住
RPPOMLMJJHLFFBF47CC,忠孝段,10.02,都市：住
RPPNMLMJJHLFFAF27CC,中山段,14.79,都市：住
RPQOMLMJJHLFFBF57CC,和平段,18.82,都市：住
RPSOMLMJJHLFFBF77CC,中原段,15.15,都市：住
RPROMLMJJHLFFBF67CC,中原段,21.49,都市：住
RPUOMLMJJHLFFBF97CC,芳洲段,15.43,都市：住
RPQOMLNJJHLFFEF97CC,新興段,23.33,都市：住
RPRNMLNJJHLFFEF97CC,中興段,10.54,都市：住
RPOTMLOJJHLFFGF58CC,忠孝段,.00,非都市： ; 非都市編定：
RPPQMLOJJHLFFEF18CC,埤頭段,1308.06,都市：其他
RPQNMLNJJHLFFEF87CC,正德段,21.66,都市：住
RPTOMLOJJHLFFIF78CC,復興段,.00,都市：住
RPXPMLOJJHLFFIF66CC,大學段二小段,44.04,都市：住
RPVRMLPJJHLFFBF68CC,工二段,1914.00,都市：工
RPXRMLPJJHLFFBF88CC,工二段,1575.00,都市：工
RPRPMLPJJHLFFBF08CC,芳洲段,30.03,都市：住
RPXSMLPJJHLFFBF98CC,五工段,982.42,非都市：工業區 ; 非都市編定：丁種建築用地
RPQNMLQJJHLFFEF18CC,淡海段,29.04,都市：住
RPRQMLQJJHLFFGF78CC,仁愛段,.00,都市：住
RPQNMLOJJHLFFDF87CC,智興段,.00,都市：商
RPRNMLOJJHLFFDF97CC,新峰段,.00,都市：住
RPVOMLPJJHLFFDF58CC,新峰段,.00,都市：住
RPTOMLQJJHLFFDF48CC,昊天段,.00,都市：工
RPUOMLOJJHLFFDF38CC,福德段,.00,都市：住
RPUPMLOJJHLFFHF88CC,國光段,.00,都市：商
RPROMLQJJHLFFHF68CC,永平段,10.78,都市：住
RPROMLQJJHLFFHF68CC,永平段,.01,都市：其他
RPRNMLRJJHLFFHF68CC,秀山段,.00,都市：住
RPOQMLRJJHLFFGF58CC,忠孝段,.00,都市：住
RPQNMLRJJHLFFHF58CC,民樂段,44.88,都市：其他
RPTNMLRJJHLFFHF88CC,保健段,23.95,都市：住
RPROMLRJJHLFFHF78CC,福祥段,.00,都市：住
RPXNMLRJJHLFFHF66CC,福祥段,.00,都市：住
RPQOMLRJJHLFFHF68CC,員山段,13.31,都市：其他
RPPOMLRJJHLFFHF58CC,福祥段,.00,都市：住
RPOOMLRJJHLFFHF48CC,福祥段,.00,都市：住
RPUOMLRJJHLFFDF68CC,北山段,1390.92,都市：工
RPUOMLRJJHLFFDF68CC,北山段,345.99,都市：工
RPUOMLRJJHLFFDF68CC,北山段,1129.96,都市：工
RPPNMLSJJHLFFDF18CC,新峰段,.00,都市：住
RPPNMLSJJHLFFDF18CC,新峰段,.00,都市：住
RPPNMLSJJHLFFDF18CC,新峰段,.00,都市：住
RPPNMLSJJHLFFDF18CC,新峰段,.00,都市：住
RPPOMLRJJHLFFCF08CC,復興段,25.79,都市：工
RPVOMLRJJHLFFDF78CC,昊天段,364.00,都市：工
RPWOMLRJJHLFFDF88CC,同新段,458.00,都市：工
RPSOMLSJJHLFFAF28CC,國光段,.00,都市：住
RPTNMLSJJHLFFIF09CC,民生段,17.47,都市：住
RPVOMLSJJHLFFHF66CC,福祥段,.00,都市：住
RPOVMLSJJHLFFBF68CC,建林段,.00,都市：住
RPXNMLSJJHLFFGF66CC,過田段,.00,都市：商
RPPNMLTJJHLFFEF38CC,中正段,12.40,都市：商
RPPNMLTJJHLFFEF38CC,中正段,28.01,都市：商
RPTSMLSJJHLFFEF56CC,大義段,2.07,都市：住
RPSOMLSJJHLFFGF98DC,正義段,.00,都市：住
RPQNMLTJJHLFFEF48CC,淡海段,25.25,都市：其他
RPTNMLTJJHLFFIF56CC,大學段二小段,19.98,都市：商
RPUNMLTJJHLFFIF66CC,介壽段,11.56,都市：商
RPTNMLLKJHLFFDF97CC,智興段,.00,都市：住
RPPNMLKKJHLFFDF47CC,智興段,.00,都市：住
RPSNMLKKJHLFFDF77CC,智興段,.00,都市：商
RPRNMLKKJHLFFDF67CC,智興段,.00,都市：商
RPRNMLKKJHLFFDF67CC,智興段,.00,都市：住
RPSNMLLKJHLFFDF87CC,智興段,.00,都市：商
RPQNMLKKJHLFFDF57CC,智興段,.00,都市：商
RPQNMLKKJHLFFDF57CC,智興段,.00,都市：其他
RPQQMLLKJHLFFBF77CC,中原段,15.87,都市：商
RPSQMLLKJHLFFBF97CC,中原段,18.06,都市：商
RPRQMLLKJHLFFBF87CC,中原段,42.44,都市：住
RPTRMLLKJHLFFBF18CC,建林段,.00,都市：住
RPXOMLLKJHLFFIF98CC,建國段,19.21,都市：住
RPUPMLLKJHLFFIF78CC,圳福段,13.07,都市：住
RPWTMLLKJHLFFBF68CC,民安段,2137.00,都市：工
RPWTMLLKJHLFFBF68CC,民安段,804.50,都市：工
RPOQMLLKJHLFFEF87CC,大崁段,3283.03,都市：其他
RPQPMLLKJHLFFEF97CC,大義段,40.95,都市：住
RPRPMLLKJHLFFEF08CC,大義段,188.83,都市：住
RPXPMLLKJHLFFHF98CC,福祥段,.00,都市：住
RPWPMLLKJHLFFHF88CC,福祥段,.00,都市：住
RPQPMLLKJHLFFHF48EC,台貿段,.00,都市：住
RPSVMLMKJHLFFEF88CC,馬偕段,5.78,都市：工
RPSUMLMKJHLFFEF78CC,中正段,3.42,都市：商
RPWVMLMKJHLFFEF66CC,馬偕段,8.50,都市：工
RPRNMLMKJHLFFHF38DC,大華段,19.16,都市：住
RPXQMLMKJHLFFBF58CC,國宅段,78.19,都市：住
RPPNMLNKJHLFFBF57CC,國宅段,23.28,都市：住
RPOQMLNKJHLFFBF77CC,泰山段二小段,566.00,都市：住
RPOQMLNKJHLFFBF77CC,泰山段二小段,482.00,都市：其他
RPOQMLNKJHLFFBF77CC,泰山段二小段,972.00,都市：住
RPQQMLNKJHLFFAF87CC,民族段,5.21,都市：商
RPUQMLNKJHLFFHF98CC,橋和段,.00,都市：工
RPRPMLNKJHLFFGF48CC,長壽段,.00,都市：住
RPTWMLNKJHLFFEF56CC,鄧公段,6.39,都市：商
RPRVMLMKJHLFFEF78CC,馬偕段,5.67,都市：工
RPWOMLNKJHLFFHF09DC,莒光段,20.23,都市：住
RPVNMLOKJHLFFHF88CC,福祥段,.00,都市：住
RPUNMLOKJHLFFHF78CC,福祥段,.00,都市：住
RPWOMLNKJHLFFAF48EC,江子翠段新埔小段,.00,都市：住
RPWOMLNKJHLFFAF48EC,江子翠段新埔小段,.00,都市：住
RPWOMLNKJHLFFAF48EC,江子翠段新埔小段,.00,都市：住
RPWOMLNKJHLFFAF48EC,江子翠段新埔小段,.00,都市：住
RPTNMLOKJHLFFHF68CC,福祥段,.00,都市：住
RPRNMLMKJHLFFDF87CC,福德段,495.00,都市：工
RPOOMLNKJHLFFDF77CC,建成段,4292.19,都市：商
RPOOMLNKJHLFFDF77CC,建成段,2117.48,都市：商
RPXNMLOKJHLFFHF09CC,福祥段,.00,都市：住
RPOOMLOKJHLFFHF28CC,水源段,8.07,都市：商
RPWNMLOKJHLFFHF98CC,福祥段,.00,都市：住
RPVNMLOKJHLFFAF18CC,重慶段,.00,都市：商
RPPQMLOKJHLFFAF87CC,新板段三小段,.00,非都市： ; 非都市編定：
RPPOMLOKJHLFFHF38CC,中安段,.37,都市：商
RPPOMLOKJHLFFHF38CC,中安段,19.36,都市：住
RPPOMLOKJHLFFHF38CC,中安段,6.37,都市：住
RPPOMLOKJHLFFHF38CC,中安段,.55,都市：商
RPPOMLOKJHLFFHF38CC,中安段,6.53,都市：住
RPWPMLOKJHLFFEF88CC,長興段,4.81,都市：住
RPWPMLOKJHLFFEF88CC,長興段,.16,都市：住
RPVPMLOKJHLFFAF38CC,光仁段,36.00,都市：住
RPWQMLOKJHLFFEF98CC,公司田段,25.11,都市：住
RPRNMLOKJHLFFCF97CC,小城段,68.13,都市：住
RPWOMLOKJHLFFDF88EC,保長段,7.56,都市：住
RPROMLOKJHLFFDF18CC,昊天段,55.33,都市：工
RPUNMLOKJHLFFEF58DC,新興段,.00,非都市： ; 非都市編定：
RPRQMLOKJHLFFAF08CC,光仁段,25.75,都市：住
RPPRMLPKJHLFFCF28CC,復興段,.00,都市：工
RPPRMLPKJHLFFCF28CC,復興段,.00,都市：工
RPPOMLOKJHLFFCF97DC,香坡段,63.41,非都市：山坡地保育區 ; 非都市編定：丙種建築用地
RPPOMLOKJHLFFCF97DC,香坡段,1.49,非都市：山坡地保育區 ; 非都市編定：林業用地
RPPOMLOKJHLFFCF97DC,香坡段,3.16,非都市：山坡地保育區 ; 非都市編定：林業用地
RPPOMLOKJHLFFCF97DC,香坡段,.33,非都市：山坡地保育區 ; 非都市編定：林業用地
RPPOMLOKJHLFFCF97DC,香坡段,.79,非都市：山坡地保育區 ; 非都市編定：遊憩用地
RPPOMLOKJHLFFCF97DC,香坡段,1.32,非都市：山坡地保育區 ; 非都市編定：遊憩用地
RPPOMLOKJHLFFCF97DC,香坡段,1.19,非都市：山坡地保育區 ; 非都市編定：林業用地
RPQRMLPKJHLFFCF38CC,大豐段,.00,都市：住
RPQPMLPKJHLFFBF08CC,麗林段,13.79,都市：商
RPSSMLPKJHLFFBF58CC,國宅段,.00,都市：住
RPQNMLSKJHLFFHF78CC,福祥段,.00,都市：住
RPTNMLSKJHLFFHF09CC,福祥段,.00,都市：住
RPRNMLSKJHLFFHF88CC,福祥段,.00,都市：住
RPUNMLSKJHLFFHF56CC,福祥段,.00,都市：住
RPVNMLSKJHLFFHF66CC,福祥段,.00,都市：住
RPQPMLSKJHLFFGF88CC,正義段,.00,都市：住
RPOPMLSKJHLFFEF48CC,長興段,1403.59,都市：其他
RPTPMLSKJHLFFIF76CC,樹德段,.00,都市：住
RPTNMLSKJHLFFAF38CC,公館段,37.33,都市：住
RPTOMLPKJHLFFHF88CC,健康段,.00,都市：工
RPRPMLPKJHLFFHF78CC,民富段,.00,都市：工
RPOPMLPKJHLFFHF58DC,頂溪段,22.76,都市：住
RPUOMLSKJHLFFAF58CC,板院段,.00,都市：住
RPSTMLSKJHLFFBF98CC,力行段,12.95,都市：商
RPORMLSKJHLFFBF38CC,建林段,6.39,都市：商
RPOPMLSKJHLFFGF88EC,文化北段,.00,都市：住
RPPNMLSKJHLFFCF38EC,光明段,.00,都市：住
RPTOMLTKJHLFFDF88CC,同新段,.00,都市：工
RPUOMLTKJHLFFDF98CC,昊天段,.00,都市：工
RPUOMLTKJHLFFDF98CC,同新段,.00,都市：工
RPSPMLTKJHLFFAF58CC,振興段,.00,都市：住
RPXUMLTKJHLFFBF07CC,麗林段,9.29,都市：商
RPSSMLTKJHLFFBF98CC,泰山段三小段,16.83,都市：住
RPSNMLTKJHLFFDF68CC,環河段,286.34,都市：工
RPWNMLSKJHLFFDF98CC,智興段,.00,都市：商
RPWNMLTKJHLFFDF09CC,金龍段,8.58,都市：其他
RPWNMLTKJHLFFDF09CC,金龍段,9.96,非都市：山坡地保育區 ; 非都市編定：丙種建築用地
RPWNMLTKJHLFFDF09CC,金龍段,.21,都市：其他
RPWNMLTKJHLFFDF09CC,金龍段,.16,都市：其他
RPWPMLTKJHLFFEF76CC,海鷗段,.00,都市：住
RPWPMLTKJHLFFEF76CC,海鷗段,.00,都市：工
RPSNMLTKJHLFFGF09DC,中興段,61.42,都市：工
RPSPMLTKJHLFFCF98EC,寶元段,66.24,都市：工
RPSPMLTKJHLFFCF98EC,寶元段,.01,都市：其他
RPSPMLTKJHLFFCF98EC,寶元段,.56,都市：其他
RPPQMLTKJHLFFIF56CC,大學段一小段,11.94,都市：商
RPUOMLTKJHLFFCF09EC,中央段,.00,都市：住
RPTQMLTKJHLFFIF96CC,大學段一小段,11.94,都市：商
RPVQMLKLJHLFFEF58CC,海鷗段,15.22,都市：住
RPTQMLKLJHLFFHF68CC,健康段,.00,都市：工
RPRSMLKLJHLFFAF97CC,公館段,.00,都市：住
RPRSMLKLJHLFFAF97CC,公館段,.00,都市：住
RPRPMLKLJHLFFCF87CC,大豐段,357.47,都市：住
RPRPMLKLJHLFFCF87CC,大豐段,577.64,都市：住
RPRPMLKLJHLFFCF87CC,大豐段,110.98,都市：住
RPRPMLKLJHLFFCF87CC,大豐段,74.88,都市：住
RPSPMLKLJHLFFIF58CC,安溪段,20.46,都市：住
RPSPMLKLJHLFFIF58CC,安溪段,11.87,都市：住
RPUQMLTKJHLFFIF07CC,民生段,2.63,都市：住
RPOQMLKLJHLFFBF57CC,建林段,.00,都市：商
RPVOMLTKJHLFFHF86CC,永平段,9.30,都市：住
RPVOMLTKJHLFFHF86CC,永平段,.01,都市：其他
RPSPMLKLJHLFFCF97CC,寶橋段,74.40,都市：工
RPOOMLLLJHLFFCF57CC,北新段,.00,都市：其他
RPOOMLLLJHLFFCF57CC,北新段,.00,都市：住
RPOPMLLLJHLFFCF67CC,寶強段,9.90,都市：住
RPROMLLLJHLFFCF87CC,民安段,17.03,都市：住
RPROMLLLJHLFFAF67CC,江子翠段第二崁小段,48.91,都市：住
RPTPMLKLJHLFFIF68CC,大學段一小段,14.85,都市：商
RPPNMLLLJHLFFDF67CC,智興段,6.71,都市：商
RPTPMLLLJHLFFBF08CC,雙鳳段,.00,都市：住
RPVPMLLLJHLFFBF28CC,中原段,.00,都市：住
RPTNMLLLJHLFFBF87CC,頭興段,18.13,都市：工
RPOOMLLLJHLFFBF47CC,新工段二小段,59.60,非都市：工業區 ; 非都市編定：丁種建築用地
RPXPMLLLJHLFFBF48CC,副都心段一小段,1868.80,都市：住
RPSPMLLLJHLFFEF28CC,馬偕段,.00,都市：工
RPVOMLLLJHLFFHF78CC,福祥段,.00,都市：住
RPUOMLLLJHLFFHF68CC,福祥段,.00,都市：住
RPWOMLLLJHLFFHF88CC,福祥段,.00,都市：住
RPXOMLLLJHLFFHF98CC,福祥段,.00,都市：住
RPXNMLLLJHLFFGF78CC,幸福段,.00,都市：工
RPOPMLLLJHLFFHF18CC,福祥段,.00,都市：住
RPSOMLLLJHLFFGF38CC,重新段壹小段,.00,都市：商
RPQRMLMLJHLFFEF38CC,紅毛城段,16.52,都市：住
RPQQMLLLJHLFFHF48CC,樂華段,10.09,都市：商
RPOOMLLLJHLFFGF97CC,成功段,.00,都市：其他
RPPPMLMLJHLFFHF38CC,中原段,37.80,都市：工
RPQNMLOLJHLFFAF77CC,金城段,4.61,都市：住
RPPNMLMLJHLFFAF67EC,國光段,.00,都市：住
RPTNMLLLJHLFFCF08DC,順安段,29.75,都市：住
RPSNMLMLJHLFFAF97EC,新板段三小段,.00,都市：其他
RPWNMLMLJHLFFDF48CC,智興段,.00,都市：商
RPQPMLMLJHLFFHF48CC,健康段,26.02,都市：工
RPPNMLOLJHLFFHF38CC,公園段,.00,都市：商
RPXPMLPLJHLFFHF86CC,信和段,16.16,都市：住
RPROMLPLJHLFFAF08CC,金城段,3.55,都市：住
RPUNMLPLJHLFFGF88CC,仁愛段,.00,都市：商
RPTOMLPLJHLFFCF48CC,民安段,106.25,都市：住
RPUOMLPLJHLFFDF68CC,智興段,.00,都市：住
RPTNMLPLJHLFFBF28CC,新工段二小段,41.00,非都市：工業區 ; 非都市編定：丁種建築用地
RPPNMLOLJHLFFDF08DC,中正段,.00,都市：住
RPVNMLPLJHLFFBF48CC,中原段,.00,都市：住
RPWNMLPLJHLFFIF66CC,中華段,.00,都市：住
RPVWMLQLJHLFFBF86CC,麗林段,.00,都市：商
RPONNLQLJHLFFBF97CC,南勢埔段頭湖小段,396.69,都市：工
RPVVMLQLJHLFFBF76CC,建林段,12.18,都市：住
RPWVMLQLJHLFFBF86CC,建林段,12.18,都市：住
RPTNNLQLJHLFFBF48CC,五工段,1004.31,非都市：工業區 ; 非都市編定：丁種建築用地
RPSVMLQLJHLFFBF09CC,國宅段,39.47,都市：住
RPRPMLQLJHLFFHF98CC,安平段,.00,都市：住
RPRPMLQLJHLFFHF98CC,安平段,.00,都市：住
RPQNNLQLJHLFFBF18CC,國宅段,34.82,都市：住
RPXNMLQLJHLFFDF98CC,昊天段,136.17,都市：工
RPTNMLQLJHLFFIF09CC,大學段一小段,194.60,都市：住
RPTRMLRLJHLFFBF88CC,副都心段一小段,.00,都市：商
RPSRMLQLJHLFFEF56EC,中山段,15.32,都市：住
RPROMLRLJHLFFGF88CC,富貴段,.00,都市：住
RPRNMLRLJHLFFHF88CC,橋和段,40.59,都市：工
RPSNMLRLJHLFFHF98CC,板南段,.00,都市：工
RPSNMLRLJHLFFHF98CC,板南段,.00,都市：其他
RPVPMLRLJHLFFAF98EC,柑林段,33.39,都市：其他
RPVPMLRLJHLFFAF98EC,柑林段,73.18,都市：其他
RPSNMLRLJHLFFIF09CC,三福段,685.18,都市：其他
RPXPMLSLJHLFFBF56CC,副都心段一小段,13.49,都市：住
RPOQMLSLJHLFFBF38CC,榮富段,28.26,都市：住
RPVNNLSLJHLFFDF09CC,環河段,.00,都市：工
RPOPMLSLJHLFFHF88CC,雙和段,.42,都市：住
RPOPMLSLJHLFFHF88CC,雙和段,7.89,都市：商
RPXPMLRLJHLFFHF27EC,民富段,.00,都市：住
RPUNNLSLJHLFFDF98CC,同新段,.00,都市：工
RPUNNLSLJHLFFDF98CC,昊天段,.00,都市：工
RPSPMLRLJHLFFHF76EC,板南段,28.72,都市：工
RPUVMLSLJHLFFDF07CC,同新段,.73,都市：其他
RPUVMLSLJHLFFDF07CC,昊天段,23.37,都市：其他
RPQNMLTLJHLFFHF98CC,福祥段,.00,都市：住
RPPNMLTLJHLFFHF88CC,福祥段,.00,都市：住
RPROMLTLJHLFFHF56CC,復興段,1.76,都市：住
RPROMLTLJHLFFHF56CC,復興段,29.55,都市：住
RPTNMLTLJHLFFHF66CC,福祥段,.00,都市：住
RPXPMLSLJHLFFHF17CC,信和段,.00,都市：住
RPUNMLTLJHLFFHF76CC,福祥段,.00,都市：住
RPSTMLTLJHLFFEF86CC,新巿段,27.86,都市：住
RPSNMLTLJHLFFHF56CC,福祥段,.00,都市：住
RPVNMLTLJHLFFHF86CC,福祥段,.00,都市：住
RPXSMLTLJHLFFEF27CC,海鷗段,2.77,都市：住
RPSQMLTLJHLFFGF76CC,保佑段,.00,都市：住
RPTNMLTLJHLFFAF58CC,文化段,.00,都市：住
RPTPMLTLJHLFFBF88CC,新林段,743.38,都市：住
RPPNMLKMJHLFFAF57EC,文化段,27.00,都市：住
RPWNMLKMJHLFFDF38CC,新峰段,.00,都市：住
RPOQMLKMJHLFFBF67CC,同興段,10.92,都市：住
RPQNMLTLJHLFFAF28CC,文化段,2.35,都市：住
RPTOMLTLJHLFFAF88EC,和平段,20.60,都市：住
