﻿編號,土地區段位置,土地移轉面積平方公尺,使用分區或編定
The serial number,land sector position,land shifting area square meter,the use zoning or compiles and checks
RPUOMLNJJIKFFAI08CA,中山段六小段,67.00,都市：住
RPWOMLNJJIKFFAI28CA,竹圍子段二小段,179.00,都市：住
RPWOMLNJJIKFFAI28CA,竹圍子段二小段,201.00,都市：住
RPQNMLPJJIKFFAI77CA,太平段,14.48,都市：住
RPSNMLLKJIKFFAI67CA,竹圍子段三小段,13.67,都市：住
RPTNMLPJJIKFFAI08CA,北園段,110.00,都市：住
RPXNMLNKJIKFFAI38CA,竹圍子段二小段,12.46,都市：住
RPVNMLOKJIKFFAI28CA,車店段車店小段,36.33,都市：住
RPRNMLPKJIKFFAI97CA,下路頭段,16.00,都市：住
RPRNMLPKJIKFFAI97CA,下路頭段,55.00,都市：住
RPWNMLOKJIKFFAI38CA,北社尾段,8.27,都市：住
RPTNMLNKJIKFFAI97CA,港子坪段,216.00,都市：住
RPWNMLOJJIKFFAI38DA,堀川段,20.02,都市：住
RPRNMLNLJIKFFAI87CA,玉川段,15.00,都市：住
RPRNMLNLJIKFFAI87CA,玉川段,3.75,都市：住
RPRNMLNLJIKFFAI87CA,玉川段,24.00,都市：住
RPRNMLNLJIKFFAI87CA,玉川段,25.00,都市：住
RPRNMLNLJIKFFAI87CA,玉川段,14.00,都市：住
RPRNMLNLJIKFFAI87CA,玉川段,13.25,都市：住
RPWNMLKMJIKFFAI18CA,育人段,90.85,都市：住
RPXOMLMJKIKFFAI38CA,中山段三小段,43.00,都市：住
RPXOMLMJKIKFFAI38CA,中山段三小段,18.40,都市：住
RPPOMLKMJIKFFAI57CA,竹圍子段二小段,80.00,都市：住
RPXNMLOKJIKFFAI48CA,同興段,19.14,都市：住
RPQOMLNKJIKFFAI77CA,下路頭段,31.98,都市：住
RPWNMLRLJIKFFAI78CA,下路頭段,27.22,都市：住
RPRNMLOKJIKFFAI87CA,彌陀段,29.43,都市：住
RPQNMLOKJIKFFAI77CA,短竹段,4.88,都市：住
RPQNMLOJJIKFFAI67CA,東門段七小段,94.00,都市：商
RPROMLOJJIKFFAI87CA,長竹段,25.89,都市：住
RPVNMLPJJIKFFAI28CA,西門段一小段,41.00,都市：住
RPRNMLQJJIKFFAI08DA,民族段五小段,30.00,都市：住
RPRNMLQJJIKFFAI08DA,民族段五小段,5.00,都市：住
RPRNMLPJJIKFFAI97DA,竹圍子段,71.00,都市：住
RPRNMLLKJIKFFAI57CA,盧厝段,67.00,都市：住
RPPNMLOKJIKFFAI67CA,車店段車店小段,11.21,都市：住
RPTNMLQKJIKFFAI28CA,竹圍子段三小段,24.73,都市：住
RPWOMLMJKIKFFAI28CA,太平段,12.75,都市：住
RPWOMLMJKIKFFAI28CA,盧厝段,5.25,都市：住
RPXNMLRLJIKFFAI88CA,下路頭段,7.07,都市：住
RPROMLPLJIKFFAI18CA,下路頭段,71.00,都市：住
RPQNMLQJJIKFFAI87CA,盧厝段,94.00,都市：住
RPPNMLQJJIKFFAI77CA,元段四小段,50.00,都市：商
RPPNMLQJJIKFFAI77CA,元段四小段,20.00,都市：商
RPPNMLTLJIKFFAI28CA,竹圍子段三小段,23.87,都市：住
RPTPMLMJKIKFFAI08CA,長竹段,14.90,都市：住
RPTNMLTJJIKFFAI48CA,盧厝段,56.00,都市：住
RPSNMLNKJIKFFAI87CA,民族段四小段,9.31,都市：住
RPUNMLLKJIKFFAI08EA,竹圍子段,4.53,都市：商
RPROMLNKJIKFFAI87CA,後庄段,8.00,都市：住
RPROMLNKJIKFFAI87CA,後庄段,31.00,都市：住
RPROMLNKJIKFFAI87CA,後庄段,178.00,都市：住
RPQOMLPLJIKFFAI08CA,下路頭段,75.00,都市：住
RPPOMLPLJIKFFAI97CA,竹圍子段,8.69,都市：住
RPVNMLRKJIKFFAI78EA,下路頭段,436.00,都市：住
RPUOMLLJKIKFFAI97CA,新富段五小段,101.70,都市：商
RPUOMLLJKIKFFAI97CA,新富段五小段,11.30,都市：商
RPPOMLLJKIKFFAI47CA,車店段車店小段,96.00,都市：住
RPTNMLMKJIKFFAI97DA,竹圍子段,111.55,都市：住
RPTNMLLKJIKFFAI97EA,遠東段,16.80,都市：住
RPRNMLTJJIKFFAI28CA,鳥岫段,590.17,都市：農
RPVOMLPLJIKFFAI58CA,東川段,138.25,都市：住
RPWNMLLKJIKFFAI08CA,溪厝段,1594.04,都市：農
RPSOMLPLJIKFFAI28CA,下路頭段,3.26,都市：住
RPQNMLPKJIKFFAI87CA,短竹段,8.10,都市：住
RPRPMLMJKIKFFAI87CA,長竹段,23.16,都市：住
RPQNMLLKJIKFFAI47CA,車店段,24.64,都市：其他
RPQNMLLKJIKFFAI47CA,白川段,4.43,都市：其他
RPQNMLMKJIKFFAI57CA,埤子頭段,9.00,都市：住
RPRNMLMKJIKFFAI67CA,育人段,452.68,都市：住
RPRNMLMLJIKFFAI77CA,竹圍子段,48.00,都市：住
RPQNMLOLJIKFFAI87CA,北園段,84.00,都市：住
RPPNMLMKJIKFFAI47CA,車店段車店小段,135.00,都市：住
RPWNMLNKJIKFFAI28CA,竹村段,1080.69,都市：農
RPTOMLNJKIKFFAI08CA,軍輝段,173.69,都市：住
RPPOMLOJKIKFFAI77CA,彌陀段,109.00,都市：住
RPPOMLOJKIKFFAI77CA,彌陀段,1.00,都市：其他
RPXNMLKMJIKFFAI28CA,竹圍子段二小段,20.09,都市：住
RPROMLLJKIKFFAI67CA,竹圍子段二小段,92.00,都市：住
RPXNMLOJKIKFFAI48CA,湖內段,20.53,都市：住
RPROMLKMJIKFFAI77CA,台斗坑段,65.00,都市：住
RPQOMLRLJIKFFAI28CA,長竹段,44.00,都市：住
RPOOMLOJKIKFFAI67CA,車店段,34.51,都市：住
RPQOMLRLJIKFFAI28CA,長竹段,33.00,都市：住
RPQOMLRLJIKFFAI28CA,長竹段,1.00,都市：住
RPQOMLRLJIKFFAI28CA,長竹段,7.00,都市：住
RPOOMLOJKIKFFAI67CA,白川段,3.27,都市：住
RPSNMLPKJIKFFAI08CA,盧厝段,24.95,都市：住
RPOOMLRLJIKFFAI08CA,盧厝段,22.89,都市：住
RPSNMLSLJIKFFAI48CA,下路頭段,69.00,都市：住
RPRNMLNJKIKFFAI77CA,西門段六小段,5.60,都市：商
RPRNMLNJKIKFFAI77CA,西門段六小段,9.59,都市：商
RPWNMLLJKIKFFAI08CA,車店段,74.00,都市：住
RPPNMLSLJIKFFAI18CA,劉厝段劉厝小段,86.00,都市：住
RPQNMLQKJIKFFAI97CA,車店段,120.00,都市：住
RPQNMLTLJIKFFAI38CA,下路頭段,22.40,都市：住
RPSOMLNKJIKFFAI97CA,溪厝段,2842.55,都市：農
RPOOMLLJKIKFFAI37CA,盧厝段,21.61,都市：住
RPTOMLNKJIKFFAI08CA,堀川段,102.00,都市：住
RPPNMLNKJIKFFAI57CA,榮段三小段,193.00,都市：商
RPWNMLRKJIKFFAI68CA,下路頭段,37.09,都市：住
RPWNMLRKJIKFFAI68CA,下路頭段,.35,都市：住
RPRNMLSLJIKFFAI38CA,下路頭段,57.00,都市：住
RPPNMLSKJIKFFAI08CA,軍輝段,70.00,都市：住
RPPNMLTKJIKFFAI18CA,頂庄段,17.37,都市：住
RPWNMLOLJIKFFAI48CA,埤子頭段,21.68,都市：住
RPUNMLRJKIKFFAI48CA,北社尾段保安小段,179.00,都市：住
RPQNMLNKJIKFFAI67CA,榮段三小段,167.00,都市：商
RPQNMLNKJIKFFAI67CA,榮段三小段,26.00,都市：商
RPUNMLNLJIKFFAI18CA,竹村段,93.17,都市：住
RPPOMLQKJIKFFAI97CA,長竹段,12.03,都市：住
RPPOMLQKJIKFFAI97CA,長竹段,24.30,都市：住
RPPOMLQKJIKFFAI97CA,長竹段,.75,都市：住
RPTOMLLJKIKFFAI87CA,下路頭段,207.00,都市：住
RPPOMLRLJIKFFAI18CA,竹圍子段,84.00,都市：商
RPPOMLLKKIKFFAI57CA,元段六小段,1.89,都市：住
RPQOMLKMJIKFFAI67CA,湖子內段湖內小段,73.00,都市：住
RPSNMLNJKIKFFAI87CA,車店段,80.00,都市：商
RPQOMLOJKIKFFAI87CA,彌陀段,214.00,都市：住
RPQOMLOJKIKFFAI87CA,彌陀段,43.00,都市：住
RPOOMLRKJIKFFAI97CA,竹圍子段中興小段,12.25,都市：商
RPSNMLOLJIKFFAI08CA,竹圍子段二小段,13.55,都市：住
RPUNMLLKKIKFFAI97CA,港子坪段,4.92,都市：住
RPTNMLOLJIKFFAI18CA,榮段五小段,25.89,都市：商
RPTOMLPLJIKFFAI38CA,何庄段,503.79,都市：住
RPRNMLLJKIKFFAI57CA,短竹段,153.00,都市：住
RPRNMLLJKIKFFAI57CA,短竹段,13.60,都市：住
RPROMLOLJIKFFAI28EA,盧厝段,66.00,都市：住
RPRNMLTLJIKFFAI48CA,短竹段,10.00,都市：住
RPPNMLRKJIKFFAI08DA,盧東段,13.22,都市：住
RPPNMLRKJIKFFAI08DA,盧東段,97.44,都市：住
RPPNMLRKJIKFFAI08DA,盧東段,.07,都市：農
RPTNMLTKJIKFFAI58CA,竹圍子段二小段,81.00,都市：住
RPRNMLSKJIKFFAI28CA,彌陀段,165.00,都市：住
RPTNMLSLJIKFFAI58CA,盧厝段,43.95,都市：住
RPWNMLOJKIKFFAI38CA,竹圍子段二小段,3.91,都市：住
RPSOMLKMJIKFFAI87CA,下路頭段,14.14,都市：住
RPQOMLPKKIKFFAI08CA,盧厝段,18.10,都市：住
RPTOMLKMJIKFFAI97CA,竹圍子段二小段,10.39,都市：住
RPWNMLTKJIKFFAI88CA,下路頭段,4.67,都市：住
RPQNMLTKJIKFFAI28CA,白川段,45.98,都市：住
RPQNMLPJKIKFFAI87CA,短竹段,14.64,都市：住
RPTNMLKKKIKFFAI77CA,車店段車店小段,96.00,都市：住
RPQOMLLJKIKFFAI57CA,港子坪段港坪小段,7.92,都市：住
RPSNMLNLJIKFFAI08DA,玉川段,66.00,都市：住
RPSNMLNLJIKFFAI08DA,玉川段,8.00,都市：其他
RPQNMLNLJIKFFAI97EA,下路頭段,12.62,都市：住
RPVNMLTKJIKFFAI78CA,埤子頭段,8.78,都市：住
RPVNMLTKJIKFFAI78CA,埤子頭段,2.78,都市：住
RPPNMLKLJIKFFAI57EA,榮段四小段,46.00,都市：住
RPTNMLPLJIKFFAI48EA,白川段,62.00,都市：住
RPUNMLOLJIKFFAI38DA,車店段,12.68,都市：住
RPRNMLTKJIKFFAI58EA,軍輝段,75.00,都市：住
RPUNMLOLJIKFFAI38DA,車店段,.87,都市：住
RPUNMLOLJIKFFAI38DA,車店段,2.94,都市：住
RPSNMLTLJIKFFAI58CA,短竹段,6.31,都市：住
RPUNMLTKJIKFFAI68CA,港子坪段港坪小段,17.65,都市：商
RPXNMLLJKIKFFAI18CA,湖內段,20.53,都市：商
RPOPMLLJKIKFFAI47CA,車店段,15.40,都市：住
RPOPMLLJKIKFFAI47CA,車店段,.52,都市：住
RPTNMLPKKIKFFAI48EA,中山段二小段,26.00,都市：住
RPTNMLPKKIKFFAI48EA,山下段,154.00,都市：住
RPVNMLRJKIKFFAI58CA,育人段,117.24,都市：農
RPVNMLPKKIKFFAI48CA,玉川段,22.48,都市：住
RPVNMLPKKIKFFAI48CA,玉川段,3.52,都市：住
RPSNMLLJKIKFFAI67CA,中山段三小段,14.22,都市：住
RPQOMLNJKIKFFAI97EA,盧厝段,8.43,都市：住
RPPNMLPJKIKFFAI77CA,竹圍子段三小段,22.46,都市：住
RPQNMLNKKIKFFAI77CA,榮段二小段,56.00,都市：住
RPQNMLNKKIKFFAI77CA,榮段二小段,10.00,都市：住
RPQNMLNKKIKFFAI77CA,榮段二小段,17.00,都市：住
RPQNMLMKKIKFFAI67CA,民族段二小段,143.00,都市：住
RPPNMLNKKIKFFAI67CA,竹圍子段二小段,9.56,都市：住
RPPOMLRJKIKFFAI08CA,長竹段,2282.00,都市：住
RPPOMLRJKIKFFAI08CA,長竹段,298.00,都市：住
RPQNMLSLJIKFFAI28CA,車店段,3.80,都市：住
RPQNMLSLJIKFFAI28CA,車店段,.13,都市：住
RPSNMLKMJIKFFAI77CA,太平段,18.50,都市：住
RPTNMLTLJIKFFAI68CA,遠東段,6.53,都市：住
RPPOMLPKKIKFFAI97CA,劉厝段玉山小段,7.33,都市：住
RPPOMLPKKIKFFAI97CA,劉厝段玉山小段,106.22,都市：住
RPUNMLSLJIKFFAI68CA,埤子頭段,29.93,都市：住
RPQNMLNJKIKFFAI67CA,台斗坑段,16.56,都市：住
RPUNMLNJKIKFFAI08CA,軍輝段,4.71,都市：住
RPVNMLKLJIKFFAI08DA,港子坪段,86.00,都市：住
RPPNMLOLJIKFFAI77CA,下路頭段,81.00,都市：住
RPRNMLKLJIKFFAI77EA,山下段,46.00,都市：住
RPUNMLKLJIKFFAI87CA,荖藤段,82.00,都市：住
RPRNMLOLJIKFFAI97CA,新富段二小段,14.48,都市：商
RPPNMLNLJIKFFAI87EA,盧厝段,43.56,都市：住
RPRNMLPJKIKFFAI97CA,遠東段,14.00,都市：住
RPTNMLTJKIKFFAI58CA,西門段二小段,20.62,都市：住
RPQOMLOKKIKFFAI97CA,大溪段,2.00,都市：住
RPQOMLOKKIKFFAI97CA,溪東段,26.47,都市：住
RPQOMLOKKIKFFAI97CA,溪東段,81.33,都市：住
RPTOMLOKKIKFFAI28CA,太平段,103.00,都市：住
RPUOMLOKKIKFFAI38CA,盧厝段,72.00,都市：住
RPQOMLLLKIKFFAI77CA,玉川段,58.50,都市：住
RPVNMLMKKIKFFAI18CA,西門段七小段,99.00,都市：商
RPVNMLPLJIKFFAI48CA,車店段車店小段,45.25,都市：住
RPVNMLPLJIKFFAI48CA,車店段車店小段,83.00,都市：住
RPRNMLPLJIKFFAI28EA,北門段六小段,136.00,都市：住
RPSNMLPLJIKFFAI38EA,彌陀段,111.00,都市：住
RPOOMLPKKIKFFAI08EA,盧厝段,6.67,都市：住
RPOOMLPKKIKFFAI08EA,盧厝段,3.33,都市：住
RPOOMLPKKIKFFAI08EA,盧厝段,5.00,都市：住
RPOOMLPKKIKFFAI08EA,盧厝段,18.00,都市：住
RPOOMLPKKIKFFAI08EA,盧厝段,22.50,都市：住
RPSOMLOLJIKFFAI18CA,盧厝段,1201.00,都市：住
RPWNMLMLKIKFFAI38CA,台斗坑段,164.00,都市：住
RPUNMLRKKIKFFAI58CA,盧厝段,7.06,都市：住
RPQNMLQLJIKFFAI28EA,下路頭段,98.00,都市：住
RPOOMLOLJIKFFAI77CA,北社尾段,128.00,都市：住
RPVNMLRLJIKFFAI88EA,興村段,1.92,都市：住
RPVNMLRLJIKFFAI88EA,興村段,11.59,都市：住
RPTOMLOLJIKFFAI28CA,港子坪段港坪小段,127.00,都市：住
RPSNMLPJKIKFFAI08CA,興村段,9.90,都市：住
RPTNMLNJKIKFFAI97CA,下路頭段,230.54,都市：住
RPXNMLNJKIKFFAI38CA,東川段,194.00,都市：住
RPPOMLOKKIKFFAI87CA,劉厝段劉厝小段,21.71,都市：住
RPUPMLMJKIKFFAI18CA,太平段,14.48,都市：住
RPPNMLQLJIKFFAI97CA,北門段五小段,238.00,都市：商
RPPNMLMJKIKFFAI47CA,車店段,34.51,都市：住
RPPNMLMJKIKFFAI47CA,白川段,3.27,都市：住
RPPNMLPLKIKFFAI97CA,埤子頭段,394.00,都市：住
RPPNMLPLKIKFFAI97CA,埤子頭段,3.00,都市：住
RPPNMLPLKIKFFAI97CA,埤子頭段,14.00,都市：住
RPUOMLPLJIKFFAI48CA,育人段,23.69,都市：住
RPUOMLPLJIKFFAI48CA,育人段,73.81,都市：住
RPUOMLPLJIKFFAI48CA,育人段,.09,都市：住
RPTNMLMKKIKFFAI97CA,台斗坑段,39.00,都市：住
RPVOMLNJKIKFFAI28CA,車店段車店小段,119.00,都市：住
RPTNMLNLKIKFFAI18CA,竹圍子段,33.17,都市：商
RPTNMLNLKIKFFAI18CA,竹圍子段,2.86,都市：商
RPUNMLQLJIKFFAI58DA,竹圍子段二小段,6.23,都市：住
RPRNMLQLJIKFFAI18CA,玉川段,50.00,都市：住
RPRNMLQLJIKFFAI18CA,玉川段,1.88,都市：住
RPRNMLQLJIKFFAI18CA,玉川段,6.62,都市：住
SPROMLOLKIKFFAI28CA,北社尾段,11.49,都市：住
RPTNMLKMJIKFFAI08EA,盧厝段,72.14,都市：農
RPTNMLKMJIKFFAI08EA,盧厝段,216.59,都市：農
RPTNMLKMJIKFFAI08EA,盧厝段,5.68,都市：農
RPTNMLKMJIKFFAI08EA,盧厝段,785.18,都市：農
RPTNMLKMJIKFFAI08EA,盧厝段,629.86,都市：農
RPTNMLKMJIKFFAI08EA,盧厝段,28.50,都市：農
RPWNMLPLJIKFFAI78EA,北社尾段保安小段,11.29,都市：住
RPWNMLMJKIKFFAI28DA,埤子頭段,8.21,都市：住
RPQOMLSKKIKFFAI38CA,車店段車店小段,106.00,都市：住
RPQOMLSKKIKFFAI38CA,車店段車店小段,106.00,都市：住
RPQNMLOJKIKFFAI97EA,荖藤段,116.00,都市：住
RPQPMLLJKIKFFAI67CA,東川段,6.80,都市：其他
RPUNMLNKKIKFFAI18CA,車店段車店小段,96.00,都市：住
RPSNMLRLJIKFFAI38CA,遠東段,14.93,都市：住
RPRNMLNKKIKFFAI87CA,太平段,9.65,都市：住
RPRNMLMKKIKFFAI77CA,港子坪段港坪小段,16.32,都市：住
RPWNMLQKKIKFFAI68CA,下路頭段,17.89,都市：住
RPWNMLQKKIKFFAI68CA,下路頭段,70.00,都市：住
RPXOMLSKKIKFFAI09CA,港子坪段,5.78,都市：住
RPTNMLNKKIKFFAI08CA,盧厝段,21.61,都市：住
RPPPMLLJKIKFFAI57CA,埤子頭段,10.81,都市：住
RPVNMLLJKIKFFAI97CA,山下段,42.00,都市：住
RPROMLSKKIKFFAI48CA,車店段車店小段,78.50,都市：住
RPROMLSKKIKFFAI48CA,車店段車店小段,78.50,都市：住
RPPNMLKLKIKFFAI47CA,盧厝段,25.24,都市：住
RPUOMLMJKIKFFAI08CA,下路頭段,92.00,都市：住
RPUOMLMJKIKFFAI08CA,下路頭段,.12,都市：住
RPUOMLMJKIKFFAI08CA,下路頭段,.12,都市：住
RPUOMLMJKIKFFAI08CA,下路頭段,.25,都市：住
RPUOMLMJKIKFFAI08CA,下路頭段,17.88,都市：住
RPUNMLMJKIKFFAI97CA,港子坪段港坪小段,19.32,都市：商
RPPNMLLLKIKFFAI57CA,湖內段,296.00,都市：農
RPQNMLPLKIKFFAI08CA,北門段四小段,8.00,都市：商
RPQNMLPLKIKFFAI08CA,北門段四小段,1.00,都市：商
RPPNMLOJKIKFFAI67CA,埤子頭段,4.75,都市：住
RPVNMLNJKIKFFAI18CA,盧厝段,104.00,都市：住
RPVNMLNJKIKFFAI18CA,盧厝段,25.05,都市：住
RPVNMLMJKIKFFAI08CA,盧厝段,112.00,都市：住
RPTNMLOJKIKFFAI08CA,短竹段,16.35,都市：住
RPOPMLMJKIKFFAI57CA,短竹段,99.00,都市：住
RPQOMLLKKIKFFAI67CA,盧厝段,233.00,都市：住
RPSNMLMJKIKFFAI97EA,同興段,1023.00,都市：農
RPXOMLOKKIKFFAI68CA,玉川段,78.00,都市：住
RPPNMLKKKIKFFAI37CA,南門段五小段,51.46,都市：商
RPPNMLKKKIKFFAI37CA,南門段五小段,19.26,都市：住
RPPNMLKKKIKFFAI37CA,南門段五小段,2.52,都市：住
RPQNMLPKKIKFFAI97CA,車店段車店小段,9.36,都市：住
RPVNMLKMJIKFFAI28EA,竹圍子段三小段,10.45,都市：住
RPXNMLSLKIKFFAI09CA,長竹段,12.84,都市：住
RPOOMLPKKIKFFAI97DA,新厝段,79.16,都市：農
RPUNMLMLKIKFFAI38EA,同興段,76.00,都市：住
RPUNMLMLKIKFFAI38EA,同興段,10.00,都市：其他
RPPOMLMJKIKFFAI77EA,竹圍子段三小段,12.25,都市：住
RPOOMLNJKIKFFAI77EA,盧厝段,301.00,都市：住
RPQNMLSJKIKFFAI38EA,車店段,4.05,都市：住
RPQNMLSJKIKFFAI38EA,白川段,42.09,都市：住
RPRNMLNJKIKFFAI97EA,埤子頭段,26.00,都市：住
RPTNMLMLKIKFFAI28EA,下路頭段,1.33,都市：住
RPWNMLPKKIKFFAI58CA,玉川段,16.00,都市：商
RPWNMLPKKIKFFAI58CA,玉川段,16.00,都市：商
RPXNMLOKKIKFFAI58CA,後庄段,68.00,都市：住
RPXNMLRJKIKFFAI78CA,下路頭段,76.00,都市：住
RPSOMLNJKIKFFAI97CA,下路頭段,105.00,都市：其他
RPSOMLNJKIKFFAI97CA,竹圍子段,48.00,都市：其他
RPSOMLNJKIKFFAI97CA,竹圍子段,77.00,都市：其他
RPSOMLNJKIKFFAI97CA,玉川段,36.00,都市：其他
RPSNMLPLKIKFFAI28CA,新厝段,26.64,都市：住
RPSNMLPLKIKFFAI28CA,新厝段,.02,都市：住
RPQNMLQKKIKFFAI08CA,育人段,61.42,都市：住
RPQNMLQKKIKFFAI08CA,育人段,19.90,都市：住
RPQNMLKLKIKFFAI57CA,車店段車店小段,100.00,都市：住
RPUNMLPJKIKFFAI28CA,新富段五小段,171.00,都市：商
RPUNMLPJKIKFFAI28CA,新富段五小段,3.00,都市：商
RPPOMLNJKIKFFAI67CA,玉川段,79.00,都市：住
RPRNMLLLKIKFFAI77CA,湖內段,78.00,都市：住
RPRNMLRJKIKFFAI18CA,竹圍子段,72.00,都市：住
RPPPMLMJKIKFFAI67CA,車店段車店小段,176.00,都市：住
RPPNMLRJKIKFFAI97CA,竹圍子段,73.00,都市：住
RPSNMLRJKIKFFAI28CA,竹圍子段,68.00,都市：住
RPTOMLMJKIKFFAI97CA,長竹段,65.00,都市：其他
RPQNMLRJKIKFFAI08CA,竹圍子段,79.00,都市：住
RPSOMLMJKIKFFAI87CA,長竹段,73.00,都市：其他
RPXNMLMKKIKFFAI38CA,下路頭段,32.95,都市：住
RPSPMLMJKIKFFAI97CA,榮段二小段,146.00,都市：商
RPVOMLNLKIKFFAI48CA,台斗坑段,29.27,都市：住
RPVOMLNLKIKFFAI48CA,台斗坑段,123.00,都市：住
RPVOMLNLKIKFFAI48CA,台斗坑段,.45,都市：住
RPXOMLNLKIKFFAI68CA,台斗坑段,29.27,都市：住
RPXOMLNLKIKFFAI68CA,台斗坑段,133.00,都市：住
RPXOMLNLKIKFFAI68CA,台斗坑段,.45,都市：住
RPPPMLNLKIKFFAI97CA,台斗坑段,29.27,都市：住
RPPPMLNLKIKFFAI97CA,台斗坑段,103.00,都市：住
RPPPMLNLKIKFFAI97CA,台斗坑段,.45,都市：住
RPRPMLNLKIKFFAI18CA,台斗坑段,29.27,都市：住
RPRPMLNLKIKFFAI18CA,台斗坑段,104.00,都市：住
RPRPMLNLKIKFFAI18CA,台斗坑段,.45,都市：住
RPWOMLNLKIKFFAI58CA,台斗坑段,29.27,都市：住
RPWOMLNLKIKFFAI58CA,台斗坑段,103.00,都市：住
RPWOMLNLKIKFFAI58CA,台斗坑段,.45,都市：住
RPOPMLNLKIKFFAI87CA,台斗坑段,29.27,都市：住
RPOPMLNLKIKFFAI87CA,台斗坑段,104.00,都市：住
RPOPMLNLKIKFFAI87CA,台斗坑段,.45,都市：住
RPUNMLMKKIKFFAI08CA,北社尾段保安小段,15.15,都市：住
RPRNMLOJKIKFFAI08EA,中山段四小段,35.14,都市：住
RPRNMLOJKIKFFAI08EA,中山段四小段,87.86,都市：住
RPRNMLOJKIKFFAI08EA,山下段,6.86,都市：住
RPRNMLOJKIKFFAI08EA,山下段,17.14,都市：住
RPRNMLOJKIKFFAI08EA,山下段,12.86,都市：住
RPRNMLOJKIKFFAI08EA,山下段,32.14,都市：住
RPOPMLLMKIKFFAI77CA,竹圍子段中興小段,18.17,都市：住
RPQOMLTLKIKFFAI58CA,興村段,18.70,都市：住
RPVOMLTLKIKFFAI09CA,同興段,1618.00,都市：工
RPVOMLTLKIKFFAI09CA,同興段,380.00,都市：工
RPVOMLTLKIKFFAI09CA,同興段,7.00,都市：工
RPWOMLTLKIKFFAI56CA,同興段,3.00,都市：工
RPTNMLRJKIKFFAI58EA,頭港段,206.73,都市：農
RPSOMLTLKIKFFAI78CA,車店段車店小段,100.00,都市：住
RPSOMLTLKIKFFAI78CA,車店段車店小段,8.33,都市：住
RPQPMLLMKIKFFAI97CA,台斗坑段,29.27,都市：住
RPQPMLLMKIKFFAI97CA,台斗坑段,84.00,都市：住
RPQPMLLMKIKFFAI97CA,台斗坑段,.45,都市：住
RPPPMLLMKIKFFAI87CA,玉川段,56.00,都市：住
RPRPMLLMKIKFFAI08CA,竹圍子段三小段,18.77,都市：住
RPTNMLKLKIKFFAI87CA,長竹段,26.22,都市：住
RPWPMLNLKIKFFAI68CA,竹圍子段,25.53,都市：住
RPQNMLKKKIKFFAI47CA,長竹段,60.00,都市：住
RPTNMLPLKIKFFAI38CA,竹圍子段二小段,14.87,都市：住
RPWNMLMKKIKFFAI28CA,遠東段,16.80,都市：住
RPRNMLSJKIKFFAI28CA,車店段,26.98,都市：住
RPRNMLSJKIKFFAI28CA,白川段,4.29,都市：住
RPSNMLKLKIKFFAI77CA,湖內段,61.00,都市：住
RPRNMLKLKIKFFAI67CA,下路頭段,2.00,都市：住
RPRNMLKLKIKFFAI67CA,下路頭段,25.00,都市：住
RPRNMLKLKIKFFAI67CA,下路頭段,25.00,都市：住
RPRNMLKLKIKFFAI67CA,下路頭段,10.00,都市：其他
RPOPMLSKKIKFFAI28CA,盧厝段,83.00,都市：住
RPROMLRKKIKFFAI38CA,同興段,15.03,都市：住
RPSNMLTJKIKFFAI48CA,湖東段,55.00,都市：住
RPSNMLNKKIKFFAI97CA,下路頭段,16.68,都市：住
RPXNMLLKKIKFFAI28CA,下路頭段,99.00,都市：住
RPUNMLOJKIKFFAI18CA,港子坪段,266.00,都市：工
RPUNMLOLKIKFFAI48DA,竹圍子段,23.00,都市：其他
RPUNMLOLKIKFFAI48DA,竹圍子段,3.00,都市：其他
RPUNMLOLKIKFFAI48DA,竹圍子段,173.00,都市：其他
RPUNMLOLKIKFFAI48DA,竹圍子段,1.00,都市：其他
RPQPMLOKKIKFFAI08CA,盧厝段,107.00,都市：住
RPXNMLOLKIKFFAI78DA,竹圍子段,124.00,都市：其他
RPWOMLOKKIKFFAI58CA,下路頭段,1.33,都市：住
RPPOMLTLKIKFFAI58DA,竹圍子段,23.00,都市：其他
RPOOMLTLKIKFFAI48DA,竹圍子段,82.00,都市：其他
RPXNMLTLKIKFFAI66DA,竹圍子段,10.00,都市：其他
RPXNMLTLKIKFFAI66DA,竹圍子段,48.00,都市：其他
RPVOMLPLKIKFFAI68CA,軍輝段,33.64,都市：住
RPUNMLPKKIKFFAI58EA,下路頭段,3.81,都市：住
RPQNMLTJKIKFFAI28CA,下路頭段,4.00,都市：其他
RPPNMLOKKIKFFAI97EA,竹圍子段二小段,14.54,都市：住
RPSNMLQKKIKFFAI28CA,白川段,158.00,都市：住
RPTOMLTLKIKFFAI88CA,車店段車店小段,27.77,都市：住
RPQQMLKMKIKFFAI97CA,台斗坑段,60.00,都市：住
RPWNMLOKKIKFFAI68EA,彌陀段,105.00,都市：住
RPTNMLOLKIKFFAI38DA,竹圍子段,72.00,都市：其他
RPTNMLLKKIKFFAI87CA,西門段八小段,37.50,都市：商
RPRNMLNLKIKFFAI97CA,遠東段,14.00,都市：住
RPSNMLLKKIKFFAI77CA,遠東段,5.60,都市：住
RPUNMLKLKIKFFAI97CA,北社尾段,12.54,都市：住
RPPOMLPJJHLFFAI77CA,興村段,21.00,都市：住
RPWNMLTJKIKFFAI09EA,下埤段,67.91,都市：工
RPXNMLTJKIKFFAI56EA,車店段,129.00,都市：住
RPXNMLTJKIKFFAI56EA,車店段,8.00,都市：住
RPRNMLTJKIKFFAI58EA,白川段,5.64,都市：住
RPRNMLTJKIKFFAI58EA,白川段,10.76,都市：住
RPRNMLTJKIKFFAI58EA,白川段,1.54,都市：住
RPPNMLLKKIKFFAI67EA,竹圍子段友愛小段,190.00,都市：住
RPPNMLTJKIKFFAI38EA,頂庄段,28.90,都市：住
RPSNMLMKKIKFFAI87CA,港子坪段港坪小段,18.06,都市：住
RPVNMLLKKIKFFAI28EA,元段六小段,31.72,都市：商
RPPNMLLKKIKFFAI47CA,港子坪段港坪小段,441.00,都市：住
RPOOMLQKKIKFFAI18EA,南門段五小段,11.17,都市：住
RPOOMLQKKIKFFAI18EA,南門段五小段,4.18,都市：住
RPOOMLQKKIKFFAI18EA,南門段五小段,.55,都市：住
RPTNMLQKKIKFFAI38CA,短竹段,11.50,都市：住
RPPNMLLKJHLFFAI37CA,新富段一小段,630.00,都市：商
RPPNMLLKJHLFFAI37CA,新富段一小段,29.00,都市：商
RPTOMLSKKIKFFAI68CA,埤子頭段,96.00,都市：住
RPWOMLKMKIKFFAI48DA,新富段六小段,60.00,都市：住
RPSPMLLMKIKFFAI18CA,西門段六小段,51.00,都市：住
RPPPMLOKKIKFFAI97CA,北社尾段,26.00,都市：住
RPVNMLKLKIKFFAI08CA,軍輝段,4.71,都市：住
RPSPMLSKKIKFFAI68CA,竹圍子段二小段,11.99,都市：住
RPQPMLSKKIKFFAI48CA,北社尾段保安小段,81.00,都市：住
RPPPMLSKKIKFFAI38CA,湖內段,12.44,都市：住
RPRPMLSKKIKFFAI58CA,遠東段,15.86,都市：住
RPPNMLPKKIKFFAI87CA,中庄段,42.46,都市：住
RPQNMLTKKIKFFAI38CA,中山段二小段,56.00,都市：住
RPPNMLQKKIKFFAI97CA,下路頭段,18.00,都市：其他
RPPNMLQKKIKFFAI97CA,下路頭段,41.00,都市：住
RPRNMLTKKIKFFAI48CA,荖藤段,86.00,都市：住
RPSNMLLLKIKFFAI87CA,竹圍子段,15.45,都市：其他
RPSNMLLLKIKFFAI87CA,竹圍子段,106.00,都市：住
RPSNMLLLKIKFFAI87CA,竹圍子段,18.28,都市：住
RPPNMLNLKIKFFAI77CA,何庄段,160.75,都市：農
RPPNMLNLKIKFFAI77CA,何庄段,.19,都市：農
RPPNMLNLKIKFFAI77CA,何庄段,5.76,都市：農
RPPNMLNLKIKFFAI77CA,何庄段,87.78,都市：住
RPPNMLNLKIKFFAI77CA,何庄段,18.85,都市：住
RPXNMLQKKIKFFAI78CA,大溪段,19.12,都市：住
RPXNMLQKKIKFFAI78CA,大溪段,83.67,都市：住
RPXNMLQKKIKFFAI78CA,大溪段,4.51,都市：住
RPVNMLRKKIKFFAI68CA,大溪段,4.85,都市：住
RPVNMLRKKIKFFAI68CA,大溪段,80.02,都市：住
RPVNMLRKKIKFFAI68CA,大溪段,4.51,都市：住
RPVNMLRKKIKFFAI68CA,大溪段,14.27,都市：住
RPWNMLRKKIKFFAI78CA,大溪段,9.38,都市：住
RPWNMLRKKIKFFAI78CA,大溪段,110.33,都市：住
RPWNMLRKKIKFFAI78CA,大溪段,14.27,都市：住
RPPNMLRKKIKFFAI08CA,大溪段,10.22,都市：住
RPPNMLRKKIKFFAI08CA,大溪段,95.31,都市：住
RPPNMLRKKIKFFAI08CA,大溪段,2.20,都市：住
RPPNMLRKKIKFFAI08CA,大溪段,3.94,都市：住
RPPNMLRKKIKFFAI08CA,大溪段,9.47,都市：住
RPRNMLRKKIKFFAI28CA,大溪段,13.14,都市：住
RPRNMLRKKIKFFAI28CA,大溪段,10.49,都市：住
RPRNMLRKKIKFFAI28CA,大溪段,92.73,都市：住
RPTNMLRKKIKFFAI48CA,大溪段,19.12,都市：住
RPTNMLRKKIKFFAI48CA,大溪段,81.85,都市：住
RPTNMLRKKIKFFAI48CA,大溪段,4.51,都市：住
RPTPMLLMKIKFFAI28CA,竹圍子段,2.00,都市：住
RPTPMLLMKIKFFAI28CA,竹圍子段,34.00,都市：住
RPTPMLLMKIKFFAI28CA,竹圍子段,141.00,都市：住
RPSNMLTLKIKFFAI68CA,同興段,282.93,都市：住
RPSNMLPKKIKFFAI38EA,新厝段,61.00,都市：住
RPQNMLLKKIKFFAI57CA,港子坪段港坪小段,20.25,都市：住
RPUNMLOKKIKFFAI48EA,湖內段,38.00,都市：住
RPSNMLRKKIKFFAI38CA,大溪段,19.06,都市：住
RPSNMLRKKIKFFAI38CA,大溪段,86.65,都市：住
RPSNMLRKKIKFFAI38CA,大溪段,4.57,都市：住
RPPNMLQLKIKFFAI08CA,竹圍子段二小段,11.63,都市：住
RPRNMLPJJHLFFAI87CA,遠東段,6.53,都市：住
RPTNMLOKKIKFFAI28DA,民族段二小段,39.00,都市：住
RPRNMLPKKIKFFAI28EA,下路頭段,154.00,都市：住
RPQNMLQJJHLFFAI08EA,北社尾段,25.10,都市：住
RPQNMLQJJHLFFAI08EA,北社尾段,87.00,都市：住
RPRNMLOKKIKFFAI18EA,元段六小段,1.28,都市：商
RPTPMLPJJHLFFAI28CA,下埤段,1200.34,都市：農
RPOOMLOKKIKFFAI77CA,西門段四小段,68.00,都市：商
RPOOMLOKKIKFFAI77CA,西門段四小段,26.00,都市：商
RPSNMLPJJHLFFAI97CA,下埤段,.18,都市：住
RPSNMLPJJHLFFAI97CA,下埤段,78.30,都市：住
RPQNMLOKKIKFFAI97DA,元段六小段,1.89,都市：住
RPPNMLMJJHLFFAI37CA,下路頭段,80.00,都市：住
RPXOMLLMKIKFFAI58CA,劉厝段玉山小段,114.00,都市：住
RPSOMLSKKIKFFAI58CA,埤子頭段,121.00,都市：住
RPSOMLSKKIKFFAI58CA,埤子頭段,3.00,都市：住
RPPOMLQKKIKFFAI08CA,彌陀段,86.00,都市：住
RPRNMLQJJHLFFAI97CA,竹圍子段,7.50,都市：住
RPUNMLQKKIKFFAI48CA,竹圍子段,65.00,都市：住
RPQNMLLLKIKFFAI67CA,中庄段,63.00,都市：住
RPSOMLPLKIKFFAI38CA,劉厝段玉山小段,7.33,都市：住
RPSOMLPLKIKFFAI38CA,劉厝段玉山小段,104.87,都市：住
RPPNMLSKKIKFFAI18CA,盧厝段,4.89,都市：住
RPUOMLNLKIKFFAI38CA,港子坪段港坪小段,16.60,都市：住
RPUOMLNLKIKFFAI38CA,港子坪段港坪小段,11.10,都市：住
RPUOMLNLKIKFFAI38CA,港子坪段港坪小段,11.10,都市：住
RPVPMLNLKIKFFAI58CA,台斗坑段,84.00,都市：住
RPPNMLTKKIKFFAI28CA,竹圍子段二小段,9.56,都市：住
RPUNMLPLKIKFFAI48CA,荖藤段,104.00,都市：住
RPSOMLOKKIKFFAI18CA,竹圍子段三小段,23.85,都市：住
RPOOMLLKJHLFFAI37CA,北社尾段,28.25,都市：住
RPXNMLRKKIKFFAI09EA,盧厝段,43.33,都市：住
RPTNMLQKKIKFFAI58EA,車店段車店小段,68.00,都市：住
RPQNMLRKKIKFFAI38EA,荖藤段,2842.00,都市：農
RPXNMLMKJHLFFAI28CA,台斗坑段,1280.00,都市：農
RPXNMLMKJHLFFAI28CA,台斗坑段,30.00,都市：住
RPPOMLSKKIKFFAI48EA,興村段,9.37,都市：住
RPOOMLMKJHLFFAI47CA,台斗坑段,26.60,都市：住
RPOOMLMKJHLFFAI47CA,台斗坑段,78.00,都市：住
RPOOMLMKJHLFFAI47CA,台斗坑段,40.00,都市：住
RPUOMLSLKIKFFAI88CA,盧厝段,2.00,都市：住
RPUOMLSLKIKFFAI88CA,盧厝段,70.00,都市：住
RPUPMLPJJHLFFAI38CA,台斗坑段,81.00,都市：住
RPUPMLPJJHLFFAI38CA,台斗坑段,81.00,都市：住
RPXNMLRLKIKFFAI98CA,車店段,19.43,都市：住
RPXNMLRLKIKFFAI98CA,車店段,1.32,都市：住
RPXNMLRLKIKFFAI98CA,車店段,4.48,都市：住
RPUOMLRLKIKFFAI78CA,車店段車店小段,96.00,都市：住
RPPOMLRLKIKFFAI28CA,下埤段,247.05,都市：住
RPVPMLPJJHLFFAI48CA,下路頭段,44.00,都市：住
RPXPMLPJJHLFFAI68CA,盧厝段,21.16,都市：住
RPOOMLRLKIKFFAI18CA,白川段,6.53,都市：住
RPOOMLLMKIKFFAI67CA,下埤段,61.19,都市：其他
RPOOMLLMKIKFFAI67CA,下埤段,166.01,都市：住
RPPNMLLJJHLFFAI27CA,短竹段,211.00,都市：其他
RPPQMLKMKIKFFAI87CA,竹圍子段,73.00,都市：住
RPTPMLNLKIKFFAI38CA,西門段二小段,15.44,都市：商
RPSOMLLLKIKFFAI97CA,何庄段,70.55,都市：住
RPSOMLLLKIKFFAI97CA,何庄段,82.22,都市：住
RPUPMLLMKIKFFAI38CA,竹圍子段,273.00,都市：商
RPUPMLLMKIKFFAI38CA,竹圍子段,44.00,都市：商
RPOOMLLLKIKFFAI57CA,車店段車店小段,255.50,都市：住
RPUPMLNLKIKFFAI48CA,白川段,11.48,都市：住
RPVNMLPLKIKFFAI58CA,竹圍子段友愛小段,24.00,都市：住
RPQPMLNLKIKFFAI08CA,台斗坑段,92.00,都市：住
RPSNMLTKKIKFFAI58CA,遠東段,89.00,都市：住
RPQPMLNLKIKFFAI08CA,台斗坑段,29.27,都市：住
RPQPMLNLKIKFFAI08CA,台斗坑段,.45,都市：住
RPSNMLSKKIKFFAI48CA,埤子頭段,7.02,都市：住
RPSNMLSKKIKFFAI48CA,埤子頭段,7.97,都市：住
RPQOMLRKKIKFFAI28CA,彌陀段,12.40,都市：住
RPQOMLRKKIKFFAI28CA,彌陀段,1.12,都市：其他
RPQOMLRKKIKFFAI28CA,彌陀段,.48,都市：其他
RPQOMLRKKIKFFAI28CA,彌陀段,.16,都市：住
RPQOMLRKKIKFFAI28CA,彌陀段,9.36,都市：住
RPQOMLRKKIKFFAI28CA,彌陀段,15.44,都市：住
RPTOMLNLKIKFFAI28CA,竹圍子段,41.00,都市：住
RPUNMLNLKIKFFAI28CA,中山段六小段,22.70,都市：住
RPQNMLMJJHLFFAI47CA,中庄段,52.00,都市：住
RPTNMLKKJHLFFAI67CA,下路頭段,2.75,都市：住
RPTNMLKKJHLFFAI67CA,湖內段,4.25,都市：住
RPSPMLPJKHLFFAI28CA,大溪段,.33,都市：住
RPSPMLPJKHLFFAI28CA,大溪段,4.19,都市：住
RPSPMLPJKHLFFAI28CA,大溪段,85.58,都市：住
RPTOMLRLKIKFFAI68CA,興村段,17.01,都市：住
RPRNMLTLKIKFFAI58CA,盧厝段,72.00,都市：住
RPWNMLKLJHLFFAI08CA,劉厝段劉厝小段,13.66,都市：住
RPUNMLPJJHLFFAI18CA,車店段,24.75,都市：住
RPSOMLRLKIKFFAI58CA,北社尾段保安小段,10.09,都市：住
RPQNMLSKKIKFFAI48EA,元段六小段,1.16,都市：商
RPUNMLKKJHLFFAI77CA,下路頭段,75.00,都市：住
RPUNMLSKKIKFFAI88EA,軍輝段,140.00,都市：住
RPRNMLSKKIKFFAI58EA,元段六小段,1.40,都市：商
RPPOMLLMKIKFFAI77CA,下埤段,109.10,都市：住
RPXNMLSKKIKFFAI56EA,民族段四小段,55.00,都市：住
RPUOMLLLKIKFFAI18CA,北園段,80.00,都市：住
RPVPMLKMKIKFFAI38CA,下路頭段,7.61,都市：住
RPPNMLSJJHLFFAI97CA,埤子頭段,20.87,都市：住
RPPNMLSJJHLFFAI97CA,埤子頭段,35.00,都市：住
RPRNMLTJJHLFFAI28CA,後庄段,153.00,都市：住
RPQOMLPLKIKFFAI38EA,車店段車店小段,24.47,都市：住
RPSOMLNLKIKFFAI18CA,玉川段,57.00,都市：住
RPSOMLNLKIKFFAI18CA,玉川段,48.00,都市：住
RPVOMLLLKIKFFAI28CA,太平段,.61,都市：住
RPVOMLLLKIKFFAI28CA,太平段,142.00,都市：住
RPRNMLMLKIKFFAI87CA,盧厝段,41.69,都市：住
RPPOMLLKJHLFFAI47CA,湖內段,14.81,都市：住
RPWOMLLLKIKFFAI38CA,玉川段,80.00,都市：住
RPWOMLLLKIKFFAI38CA,玉川段,20.00,都市：住
RPQNMLNLKIKFFAI87CA,港子坪段港坪小段,5.70,都市：商
RPXNMLLLKIKFFAI38CA,後庄段,175.00,都市：住
RPXNMLLLKIKFFAI38CA,後庄段,7.00,都市：住
RPXNMLLLKIKFFAI38CA,後庄段,17.50,都市：住
RPXNMLLLKIKFFAI38CA,後庄段,.40,都市：住
RPXNMLLLKIKFFAI38CA,後庄段,2.00,都市：住
RPWNMLNLKIKFFAI48CA,後庄段,248.00,都市：住
RPROMLMLKIKFFAI97CA,西門段六小段,3.94,都市：商
RPROMLMLKIKFFAI97CA,西門段六小段,1.23,都市：商
RPOOMLNLKIKFFAI77CA,後庄段,1.26,都市：住
RPPOMLOLKIKFFAI97CA,元段二小段,33.00,都市：商
RPPOMLOLKIKFFAI97CA,元段二小段,8.00,都市：商
RPRNMLOLKIKFFAI08CA,元段二小段,78.00,都市：商
RPPNMLNJJHLFFAI47CA,下路頭段,109.00,都市：住
RPPNMLNJJHLFFAI47CA,下路頭段,25.00,都市：住
RPPNMLTJJHLFFAI08CA,興村段,11.90,都市：商
RPOQMLPJJHLFFAI87CA,盧厝段,80.00,都市：住
RPWNMLNJJHLFFAI18CA,下路頭段,25.00,都市：住
RPWNMLNJJHLFFAI18CA,下路頭段,87.00,都市：住
RPRNMLNJJHLFFAI67CA,下路頭段,25.00,都市：住
RPRNMLNJJHLFFAI67CA,下路頭段,87.00,都市：住
RPQNMLNJJHLFFAI57CA,下路頭段,25.00,都市：住
RPQNMLNJJHLFFAI57CA,下路頭段,138.00,都市：住
RPPNMLSLKIKFFAI28CA,湖東段,93.00,都市：住
RPXNMLNJJHLFFAI28CA,下路頭段,93.00,都市：住
RPSNMLNJJHLFFAI77CA,下路頭段,91.00,都市：住
RPTNMLNJJHLFFAI87CA,下路頭段,25.00,都市：住
RPTNMLNJJHLFFAI87CA,下路頭段,87.00,都市：住
RPWNMLTJJHLFFAI78CA,車店段車店小段,44.57,都市：住
RPROMLSKKIKFFAI68EA,車店段,438.00,都市：住
RPRNMLRKJHLFFAI18CA,湖內段,6.62,都市：住
RPRNMLRKJHLFFAI18CA,湖內段,10.97,都市：其他
RPRNMLRKJHLFFAI18CA,湖內段,.05,都市：住
RPRNMLRKJHLFFAI18CA,湖內段,.05,都市：住
RPRNMLRKJHLFFAI18CA,湖內段,.42,都市：其他
RPRNMLRKJHLFFAI18CA,湖內段,.38,都市：其他
RPRNMLRKJHLFFAI18CA,湖內段,5.72,都市：住
RPRNMLRKJHLFFAI18CA,湖內段,.89,都市：工
RPRNMLRKJHLFFAI18CA,湖內段,.28,都市：工
RPRNMLRKJHLFFAI18CA,湖內段,2.06,都市：其他
RPRNMLRKJHLFFAI18CA,湖內段,.23,都市：工
RPRNMLRKJHLFFAI18CA,湖內段,1.31,都市：工
RPUNMLTJJHLFFAI58CA,車店段,99.00,都市：住
RPPNMLMLKIKFFAI87EA,盧厝段,101.00,都市：住
RPXNMLTJJHLFFAI88CA,盧厝段,5.43,都市：住
RPXNMLTJJHLFFAI88CA,盧厝段,5.43,都市：住
RPUNMLOJJHLFFAI28EA,下路頭段,127.00,都市：住
RPWNMLSKJHLFFAI78CA,下路頭段,63.00,都市：住
RPTNMLQKJHLFFAI28CA,短竹段,93.00,都市：住
RPORMLSKJHLFFAI38CA,興村段,.59,都市：住
RPORMLSKJHLFFAI38CA,興村段興村小段,15.02,都市：住
RPORMLSKJHLFFAI38CA,興村段興村小段,.23,都市：住
RPORMLSKJHLFFAI38CA,興村段興村小段,88.99,都市：住
RPORMLSKJHLFFAI38CA,興村段興村小段,6.64,都市：住
RPOQMLNLKIKFFAI97CA,劉厝段玉山小段,987.27,都市：住
RPROMLTJJHLFFAI38CA,竹圍子段,15.45,都市：其他
RPROMLTJJHLFFAI38CA,竹圍子段,130.00,都市：住
RPROMLTJJHLFFAI38CA,竹圍子段,18.28,都市：住
RPQOMLTJJHLFFAI28CA,港子坪段港坪小段,48.50,都市：住
RPQOMLTJJHLFFAI28CA,港子坪段港坪小段,48.50,都市：住
RPXNMLSJJHLFFAI78CA,下路頭段,50.00,都市：住
RPROMLLMKIKFFAI97CA,竹圍子段,13.14,都市：住
RPSNMLOLKIKFFAI18CA,新富段五小段,8.00,都市：商
RPSNMLOLKIKFFAI18CA,新富段五小段,32.00,都市：商
RPWOMLRLKIKFFAI98CA,竹圍子段,12.72,都市：住
RPXPMLNLKIKFFAI78CA,育人段,126.02,都市：住
RPPOMLNLKIKFFAI87CA,中山段二小段,26.40,都市：住
RPPQMLNLKIKFFAI08CA,竹圍子段,6.81,都市：其他
RPVNMLMLKIKFFAI28CA,車店段車店小段,34.52,都市：住
RPQNMLLJJHLFFAI37CA,湖內段,3.50,都市：住
RPQNMLLJJHLFFAI37CA,湖內段,231.00,都市：住
RPXNMLQJJHLFFAI58CA,南門段五小段,84.00,都市：住
RPXOMLRLKIKFFAI09CA,後庄段,3255.00,都市：農
RPXOMLRLKIKFFAI09CA,後庄段,81.00,都市：農
RPROMLPLKIKFFAI28CA,榮段一小段,20.90,都市：住
RPPNMLOLKIKFFAI87CA,盧厝段,62.00,都市：農
RPPNMLOLKIKFFAI87CA,盧厝段,200.00,都市：農
RPPNMLOLKIKFFAI87CA,盧厝段,205.00,都市：農
RPXOMLKMKIKFFAI48CA,太平段,4.75,都市：住
RPXOMLKMKIKFFAI48CA,台斗坑段,110.00,都市：住
RPXOMLKMKIKFFAI48CA,台斗坑段,.44,都市：住
RPQPMLTLKIKFFAI68CA,湖內段,23.52,都市：住
RPTNMLQLKIKFFAI48CA,劉厝段玉山小段,158.20,都市：住
RPSNMLQLKIKFFAI38CA,劉厝段玉山小段,161.61,都市：住
RPUNMLQLKIKFFAI58CA,劉厝段玉山小段,142.80,都市：住
RPVNMLQLKIKFFAI68CA,劉厝段玉山小段,142.80,都市：住
RPWNMLQLKIKFFAI78CA,劉厝段玉山小段,142.80,都市：住
RPQOMLQLKIKFFAI28CA,竹圍子段,103.00,都市：住
RPQOMLQLKIKFFAI28CA,竹圍子段,.25,都市：住
RPXNMLQLKIKFFAI88CA,劉厝段玉山小段,158.19,都市：住
RPOOMLQLKIKFFAI08CA,劉厝段玉山小段,142.80,都市：住
RPTOMLQLKIKFFAI58CA,竹圍子段,90.00,都市：住
RPTOMLQLKIKFFAI58CA,竹圍子段,15.27,都市：住
RPTOMLQLKIKFFAI58CA,竹圍子段,.25,都市：住
RPTOMLQLKIKFFAI58CA,竹圍子段,4.00,都市：住
RPWOMLQLKIKFFAI88CA,竹圍子段,86.00,都市：住
RPWOMLQLKIKFFAI88CA,竹圍子段,24.41,都市：住
RPWOMLQLKIKFFAI88CA,竹圍子段,.25,都市：住
RPROMLQLKIKFFAI38CA,竹圍子段,91.00,都市：住
RPROMLQLKIKFFAI38CA,竹圍子段,.25,都市：住
RPUOMLQLKIKFFAI68CA,竹圍子段,86.00,都市：住
RPUOMLQLKIKFFAI68CA,竹圍子段,24.76,都市：住
RPUOMLQLKIKFFAI68CA,竹圍子段,.25,都市：住
RPUOMLQLKIKFFAI68CA,竹圍子段,4.00,都市：住
RPVOMLQLKIKFFAI78CA,竹圍子段,80.00,都市：住
RPVOMLQLKIKFFAI78CA,竹圍子段,24.76,都市：住
RPVOMLQLKIKFFAI78CA,竹圍子段,3.00,都市：住
RPVOMLQLKIKFFAI78CA,竹圍子段,.25,都市：住
RPPOMLQLKIKFFAI18CA,劉厝段玉山小段,161.56,都市：住
RPSOMLQLKIKFFAI48CA,竹圍子段,91.00,都市：住
RPSOMLQLKIKFFAI48CA,竹圍子段,.25,都市：住
RPXOMLQLKIKFFAI98CA,竹圍子段,84.00,都市：住
RPXOMLQLKIKFFAI98CA,竹圍子段,24.41,都市：住
RPXOMLQLKIKFFAI98CA,竹圍子段,.25,都市：住
RPXNMLKKJHLFFAI08CA,劉厝段劉厝小段,13.35,都市：住
RPROMLNLKIKFFAI28EA,頂庄段,315.00,都市：農
RPRPMLQLKIKFFAI48CA,竹圍子段,110.00,都市：住
RPRPMLQLKIKFFAI48CA,竹圍子段,15.29,都市：住
RPRPMLQLKIKFFAI48CA,竹圍子段,.25,都市：住
RPQPMLQLKIKFFAI38CA,竹圍子段,95.00,都市：住
RPQPMLQLKIKFFAI38CA,竹圍子段,15.27,都市：住
RPQPMLQLKIKFFAI38CA,竹圍子段,.25,都市：住
RPVNMLNLKIKFFAI58EA,竹圍子段,45.00,都市：住
RPQOMLLKJHLFFAI57CA,下路頭段,9.79,都市：住
RPPPMLQLKIKFFAI28CA,竹圍子段,93.00,都市：住
RPPPMLQLKIKFFAI28CA,竹圍子段,24.41,都市：住
RPPPMLQLKIKFFAI28CA,竹圍子段,.25,都市：住
RPOQMLKMKIKFFAI87DA,遠東段,18.66,都市：住
RPOPMLQLKIKFFAI18CA,竹圍子段,88.00,都市：住
RPOPMLQLKIKFFAI18CA,竹圍子段,24.41,都市：住
RPOPMLQLKIKFFAI18CA,竹圍子段,.25,都市：住
RPWNMLPLKIKFFAI88EA,下路頭段,38.00,都市：其他
RPRNMLSLKIKFFAI58DA,盧厝段,86.00,都市：住
RPQOMLLLJHLFFAI67CA,湖內段,20.21,都市：住
RPTNMLSJJHLFFAI58EA,竹圍子段二小段,25.65,都市：住
RPPNMLMLJHLFFAI57CA,東川段,261.00,都市：住
RPPNMLMLJHLFFAI57CA,東川段,14.00,都市：住
RPPNMLMLJHLFFAI57CA,東川段,.36,都市：住
RPPNMLMLJHLFFAI57CA,東川段,30.00,都市：住
RPPNMLMLJHLFFAI57CA,東川段,1.55,都市：住
RPPNMLMLJHLFFAI57CA,東川段,.27,都市：住
RPPNMLMLJHLFFAI57CA,東川段,.55,都市：住
RPPNMLMLJHLFFAI57CA,東川段,6.36,都市：住
RPPNMLMLJHLFFAI57CA,東川段,15.00,都市：住
RPPNMLMLJHLFFAI57CA,東川段,33.00,都市：其他
RPPNMLMLJHLFFAI57CA,東川段,79.00,都市：其他
RPPOMLMLJHLFFAI67CA,東川段,.36,都市：住
RPPOMLMLJHLFFAI67CA,東川段,30.00,都市：住
RPPOMLMLJHLFFAI67CA,東川段,1.55,都市：住
RPPOMLMLJHLFFAI67CA,東川段,17.00,都市：住
RPPOMLMLJHLFFAI67CA,東川段,.27,都市：住
RPPOMLMLJHLFFAI67CA,東川段,.55,都市：住
RPPOMLMLJHLFFAI67CA,東川段,6.36,都市：住
RPPOMLMLJHLFFAI67CA,東川段,104.00,都市：住
RPRNMLMLJHLFFAI77CA,東川段,22.00,都市：住
RPRNMLMLJHLFFAI77CA,東川段,100.00,都市：住
RPRNMLMLJHLFFAI77CA,東川段,75.00,都市：其他
RPWOMLMLJHLFFAI38CA,東川段,.36,都市：住
RPWOMLMLJHLFFAI38CA,東川段,30.00,都市：住
RPWOMLMLJHLFFAI38CA,東川段,1.55,都市：住
RPWOMLMLJHLFFAI38CA,東川段,.27,都市：住
RPWOMLMLJHLFFAI38CA,東川段,.55,都市：住
RPWOMLMLJHLFFAI38CA,東川段,6.36,都市：住
RPWOMLMLJHLFFAI38CA,東川段,86.00,都市：住
RPWOMLMLJHLFFAI38CA,東川段,1.00,都市：住
RPWOMLMLJHLFFAI38CA,東川段,75.00,都市：其他
RPOOMLMLJHLFFAI57CA,東川段,.36,都市：住
RPOOMLMLJHLFFAI57CA,東川段,30.00,都市：住
RPOOMLMLJHLFFAI57CA,東川段,1.55,都市：住
RPOOMLMLJHLFFAI57CA,東川段,.27,都市：住
RPOOMLMLJHLFFAI57CA,東川段,.55,都市：住
RPOOMLMLJHLFFAI57CA,東川段,6.36,都市：住
RPOOMLMLJHLFFAI57CA,東川段,19.00,都市：住
RPOOMLMLJHLFFAI57CA,東川段,102.00,都市：住
RPOOMLMLJHLFFAI57CA,東川段,48.00,都市：其他
RPVOMLMLJHLFFAI28CA,東川段,.36,都市：住
RPVOMLMLJHLFFAI28CA,東川段,30.00,都市：住
RPVOMLMLJHLFFAI28CA,東川段,1.55,都市：住
RPVOMLMLJHLFFAI28CA,東川段,.27,都市：住
RPVOMLMLJHLFFAI28CA,東川段,.55,都市：住
RPVOMLMLJHLFFAI28CA,東川段,6.36,都市：住
RPVOMLMLJHLFFAI28CA,東川段,88.00,都市：住
RPVOMLMLJHLFFAI28CA,東川段,75.00,都市：其他
RPOPMLMLJHLFFAI67CA,東川段,.36,都市：住
RPOPMLMLJHLFFAI67CA,東川段,30.00,都市：住
RPOPMLMLJHLFFAI67CA,東川段,1.55,都市：住
RPOPMLMLJHLFFAI67CA,東川段,.27,都市：住
RPOPMLMLJHLFFAI67CA,東川段,.55,都市：住
RPOPMLMLJHLFFAI67CA,東川段,6.36,都市：住
RPOPMLMLJHLFFAI67CA,東川段,99.00,都市：住
RPOPMLMLJHLFFAI67CA,東川段,64.00,都市：其他
RPXOMLMLJHLFFAI48CA,東川段,.36,都市：住
RPXOMLMLJHLFFAI48CA,東川段,30.00,都市：住
RPXOMLMLJHLFFAI48CA,東川段,1.55,都市：住
RPXOMLMLJHLFFAI48CA,東川段,.27,都市：住
RPXOMLMLJHLFFAI48CA,東川段,.55,都市：住
RPXOMLMLJHLFFAI48CA,東川段,6.36,都市：住
RPXOMLMLJHLFFAI48CA,東川段,91.00,都市：住
RPXOMLMLJHLFFAI48CA,東川段,4.00,都市：住
RPXOMLMLJHLFFAI48CA,東川段,84.00,都市：其他
RPPPMLMLJHLFFAI77CA,東川段,9.00,都市：住
RPPPMLMLJHLFFAI77CA,東川段,60.00,都市：其他
RPPPMLMLJHLFFAI77CA,東川段,64.00,都市：其他
RPROMLLKJHLFFAI67CA,八掌段,59.66,都市：農
RPROMLLKJHLFFAI67CA,八掌段,329.00,都市：農
RPROMLLKJHLFFAI67CA,八掌段,1.06,都市：農
RPROMLLKJHLFFAI67CA,八掌段,8.93,都市：農
RPWNMLMLJHLFFAI28CA,東川段,.36,都市：住
RPWNMLMLJHLFFAI28CA,東川段,30.00,都市：住
RPWNMLMLJHLFFAI28CA,東川段,1.55,都市：住
RPWNMLMLJHLFFAI28CA,東川段,.27,都市：住
RPWNMLMLJHLFFAI28CA,東川段,.55,都市：住
RPWNMLMLJHLFFAI28CA,東川段,6.36,都市：住
RPWNMLMLJHLFFAI28CA,東川段,30.00,都市：住
RPWNMLMLJHLFFAI28CA,東川段,123.00,都市：住
RPWNMLMLJHLFFAI28CA,東川段,37.00,都市：其他
RPQPMLMLJHLFFAI87CA,東川段,8.00,都市：住
RPQPMLMLJHLFFAI87CA,東川段,30.00,都市：住
RPQPMLMLJHLFFAI87CA,東川段,92.00,都市：住
RPQPMLMLJHLFFAI87CA,東川段,70.00,都市：其他
RPPNMLRLKIKFFAI18CA,溪厝段,663.18,都市：農
RPTNMLSLKIKFFAI68CA,長竹段,134.86,都市：住
RPQNMLKKJHLFFAI37CA,車店段車店小段,3.32,都市：住
RPQNMLKKJHLFFAI37CA,車店段車店小段,8.73,都市：住
RPUOMLPLKIKFFAI58CA,何庄段,67.31,都市：住
RPQNMLSLKIKFFAI38CA,車店段車店小段,107.00,都市：住
RPSNMLKKJHLFFAI57CA,竹圍子段二小段,13.71,都市：住
RPOPMLKMKIKFFAI67CA,港子坪段,9.98,都市：住
RPPOMLNKJHLFFAI67CA,彌陀段,22.18,都市：住
RPUNMLTLKIKFFAI88CA,台斗坑段,198.00,都市：住
RPUNMLTLKIKFFAI88CA,台斗坑段,211.00,都市：住
RPUNMLTLKIKFFAI88CA,台斗坑段,2338.00,都市：住
RPUNMLTLKIKFFAI88CA,台斗坑段,102.00,都市：住
RPUNMLTLKIKFFAI88CA,台斗坑段,90.00,都市：住
RPUNMLTLKIKFFAI88CA,台斗坑段,72.00,都市：住
RPUNMLTLKIKFFAI88CA,台斗坑段,57.00,都市：住
RPUNMLTLKIKFFAI88CA,台斗坑段,341.00,都市：住
RPUNMLTLKIKFFAI88CA,台斗坑段,1919.00,都市：住
RPUNMLTLKIKFFAI88CA,台斗坑段,182.00,都市：住
RPUNMLTLKIKFFAI88CA,台斗坑段,140.00,都市：住
RPUNMLTLKIKFFAI88CA,檜段三小段,105.00,都市：住
RPUNMLTLKIKFFAI88CA,檜段三小段,45.00,都市：住
RPUNMLTLKIKFFAI88CA,檜段三小段,106.00,都市：住
RPQOMLRJJHLFFAI08CA,北園段,4679.00,都市：住
RPQOMLRJJHLFFAI08CA,北園段,10.00,都市：其他
RPXOMLTLKIKFFAI66CA,西門段五小段,5.00,都市：商
RPSNMLSJJHLFFAI28CA,太平段,18.50,都市：住
RPSNMLMJJHLFFAI67CA,長竹段,27.43,都市：住
RPQOMLOLKIKFFAI08CA,白川段,45.98,都市：住
RPOOMLPLKIKFFAI97CA,車店段,46.00,都市：住
RPOOMLPLKIKFFAI97CA,車店段,6.00,都市：住
RPPOMLPLKIKFFAI08CA,東川段,521.00,都市：住
RPPOMLPLKIKFFAI08CA,東川段,204.00,都市：其他
RPQOMLPJJHLFFAI87CA,下路頭段,7.61,都市：住
RPOOMLPJJHLFFAI67CA,盧厝段,18.10,都市：住
RPSOMLPJJHLFFAI08CA,竹圍子段三小段,21.15,都市：住
RPOPMLPJJHLFFAI77CA,同興段,79.00,都市：住
RPOPMLPJJHLFFAI77CA,同興段,32.33,都市：住
RPSNMLQJJHLFFAI08CA,西門段四小段,1.00,都市：商
RPSNMLQJJHLFFAI08CA,榮段四小段,127.00,都市：商
RPXOMLPJJHLFFAI58CA,同興段,97.00,都市：住
RPSNMLRJJHLFFAI18CA,同興段,14919.00,都市：工
RPSNMLRJJHLFFAI18CA,同興段,99.00,都市：工
RPSNMLRJJHLFFAI18CA,同興段,97.00,都市：工
RPSNMLRJJHLFFAI18CA,同興段,173.00,都市：工
RPSNMLRJJHLFFAI18CA,同興段,6782.00,都市：工
RPPOMLSLKIKFFAI38CA,白川段,35.57,都市：住
RPQPMLPJJHLFFAI97CA,同興段,217.00,都市：住
RPQPMLPJJHLFFAI97CA,同興段,64.67,都市：住
RPRPMLPJJHLFFAI08CA,同興段,89.00,都市：住
RPRPMLPJJHLFFAI08CA,同興段,32.33,都市：住
RPPPMLPJJHLFFAI87CA,同興段,90.00,都市：住
RPPPMLPJJHLFFAI87CA,同興段,32.33,都市：住
RPRNMLMJJHLFFAI57CA,盧厝段,12.17,都市：住
RPRNMLMJJHLFFAI57CA,長竹段,.13,都市：住
RPVNMLSLKIKFFAI88CA,末廣段四小段,42.00,都市：住
RPQNMLQLKIKFFAI18CA,竹圍子段,62.00,都市：住
RPRNMLQLKIKFFAI28CA,竹圍子段,83.00,都市：住
RPWPMLKMKIKFFAI48CA,白川段,36.14,都市：住
RPQOMLRLKIKFFAI38CA,港子坪段,196.00,都市：住
RPWNMLSLKIKFFAI98CA,北園段,126.66,都市：住
RPWNMLOKJHLFFAI38CA,民族段三小段,37.00,都市：住
RPVNMLNKJHLFFAI18CA,中山段五小段,25.11,都市：住
RPTNMLNKJHLFFAI97CA,元段三小段,50.00,都市：商
RPVNMLOKJHLFFAI28CA,興村段,27.56,都市：住
RPWNMLPKJHLFFAI48CA,白川段,34.93,都市：住
RPVNMLLKJHLFFAI97CA,下路頭段,227.00,都市：其他
RPXNMLPKJHLFFAI58CA,白川段,34.63,都市：住
RPPOMLPKJHLFFAI87CA,白川段,34.83,都市：住
RPOOMLPKJHLFFAI77CA,白川段,34.83,都市：住
RPQOMLPKJHLFFAI97CA,車店段,4.05,都市：住
RPQOMLPKJHLFFAI97CA,白川段,42.09,都市：住
RPVOMLPKJHLFFAI48CA,車店段,4.04,都市：住
RPVOMLPKJHLFFAI48CA,白川段,42.00,都市：住
RPUOMLPKJHLFFAI38CA,車店段,4.05,都市：住
RPUOMLPKJHLFFAI38CA,白川段,42.14,都市：住
RPTOMLPKJHLFFAI28CA,車店段,4.05,都市：住
RPTOMLPKJHLFFAI28CA,白川段,42.05,都市：住
RPSOMLPKJHLFFAI18CA,車店段,4.05,都市：住
RPSOMLPKJHLFFAI18CA,白川段,42.05,都市：住
RPROMLPKJHLFFAI08CA,車店段,4.05,都市：住
RPROMLPKJHLFFAI08CA,白川段,42.09,都市：住
RPWOMLPKJHLFFAI58CA,車店段,4.05,都市：住
RPWOMLPKJHLFFAI58CA,白川段,42.05,都市：住
RPXOMLPKJHLFFAI68CA,白川段,46.08,都市：住
RPVNMLTJJHLFFAI68CA,白川段,35.76,都市：住
RPQNMLLKJHLFFAI47CA,新富段八小段,403.91,都市：商
RPQNMLLKJHLFFAI47CA,新富段八小段,22.95,都市：商
RPQNMLLKJHLFFAI47CA,新富段八小段,19.55,都市：商
RPRNMLTKJHLFFAI38CA,竹圍子段,2.00,都市：住
RPRNMLTKJHLFFAI38CA,竹圍子段,124.00,都市：住
RPOPMLPKJHLFFAI87CA,白川段,46.05,都市：住
RPTOMLKLJHLFFAI87CA,白川段,33.26,都市：住
RPWNMLKKJHLFFAI97CA,彌陀段,274.00,都市：住
RPVNMLKKJHLFFAI87CA,盧厝段,8.88,都市：住
RPUOMLKLJHLFFAI97CA,白川段,32.98,都市：住
RPUOMLNKJHLFFAI18CA,車店段,73.00,都市：住
RPQQMLTKJHLFFAI58CA,東門段四小段,38.76,都市：住
RPPPMLKLJHLFFAI57CA,白川段,33.21,都市：住
RPRPMLKLJHLFFAI77CA,白川段,33.21,都市：住
RPWOMLKLJHLFFAI18CA,白川段,32.98,都市：住
RPVOMLKLJHLFFAI08CA,白川段,33.26,都市：住
RPRQMLKLJHLFFAI87CA,白川段,33.21,都市：住
RPQQMLKLJHLFFAI77CA,白川段,33.21,都市：住
RPPQMLTKJHLFFAI48CA,竹圍子段二小段,19.93,都市：住
RPOQMLKLJHLFFAI57CA,白川段,32.98,都市：住
RPPNMLRKJHLFFAI97CA,白川段,46.05,都市：住
RPPQMLKLJHLFFAI67CA,竹圍子段一小段,143.00,都市：住
RPVOMLSKJHLFFAI78CA,台斗坑段,26.48,都市：住
RPPOMLLLJHLFFAI57CA,車店段車店小段,84.00,都市：住
RPRNMLKLJHLFFAI57CA,盧厝段,20.84,都市：住
RPPOMLKLJHLFFAI47CA,白川段,33.26,都市：住
RPROMLLLJHLFFAI77CA,竹圍子段二小段,7.93,都市：住
RPSNMLMLJHLFFAI87CA,埤子頭段,77.00,都市：住
RPQOMLKLJHLFFAI57CA,白川段,32.98,都市：住
RPVNMLLLJHLFFAI08CA,竹村段,153.61,都市：住
RPTOMLPLKIKFFAI68EA,盧東段,160.81,都市：農
RPTOMLPLKIKFFAI68EA,盧東段,62.68,都市：農
RPTOMLPLKIKFFAI68EA,盧東段,89.10,都市：農
RPTOMLPLKIKFFAI68EA,盧東段,595.43,都市：農
RPTOMLPLKIKFFAI68EA,盧東段,470.67,都市：農
RPSNMLSLKIKFFAI78EA,長竹段,26.60,都市：住
RPOOMLLLJHLFFAI47CA,同興段,7.00,都市：工
RPOOMLLLJHLFFAI47CA,同興段,3.00,都市：工
RPXNMLLLJHLFFAI48EA,鹿寮段,14.53,都市：住
RPWOMLSKJHLFFAI88CA,車店段,34.51,都市：住
RPWOMLSKJHLFFAI88CA,白川段,3.27,都市：住
RPXNMLPLKIKFFAI98EA,車店段車店小段,14.49,都市：住
RPRNMLLMKIKFFAI97DA,埤子頭段,50.00,都市：住
RPQNMLRKJHLFFAI08CA,車店段車店小段,30.69,都市：住
RPSOMLSKJHLFFAI48CA,車店段,34.51,都市：住
RPSOMLSKJHLFFAI48CA,白川段,3.27,都市：住
RPTNMLMKJHLFFAI08EA,竹圍子段,94.00,都市：住
RPRNMLTLKIKFFAI78EA,盧厝段,21.68,都市：住
RPTOMLSLKIKFFAI98EA,短竹段,4.88,都市：住
RPRNMLSKJHLFFAI28CA,車店段車店小段,30.69,都市：住
RPSNMLSKJHLFFAI38CA,車店段車店小段,30.69,都市：住
RPSNMLQKJHLFFAI18CA,車店段車店小段,30.69,都市：住
RPQOMLSKJHLFFAI28CA,車店段,34.51,都市：住
RPQOMLSKJHLFFAI28CA,白川段,3.27,都市：住
RPRNMLQKJHLFFAI08CA,白川段,34.15,都市：住
RPPOMLSKJHLFFAI18CA,白川段,34.15,都市：住
RPOOMLSKJHLFFAI08CA,車店段車店小段,30.69,都市：住
RPSNMLRKJHLFFAI28CA,車店段車店小段,30.69,都市：住
RPUNMLRKJHLFFAI48CA,車店段車店小段,30.69,都市：住
RPVNMLRKJHLFFAI58CA,車店段車店小段,30.69,都市：住
RPTNMLRKJHLFFAI38CA,車店段車店小段,30.69,都市：住
RPOQMLTKJHLFFAI38CA,車店段車店小段,13.40,都市：住
RPSNMLTKJHLFFAI48CA,竹圍子段,16.00,都市：住
RPUOMLSKJHLFFAI68CA,車店段,34.51,都市：住
RPUOMLSKJHLFFAI68CA,白川段,3.27,都市：住
RPUNMLTKJHLFFAI68CA,車店段,34.51,都市：住
RPUNMLTKJHLFFAI68CA,白川段,3.27,都市：住
RPTNMLTKJHLFFAI58CA,車店段,34.51,都市：住
RPOOMLTKJHLFFAI18CA,車店段,34.51,都市：住
RPTNMLTKJHLFFAI58CA,白川段,3.27,都市：住
RPOOMLTKJHLFFAI18CA,白川段,3.27,都市：住
RPVNMLTKJHLFFAI78CA,車店段,34.51,都市：住
RPVNMLTKJHLFFAI78CA,白川段,3.27,都市：住
RPWNMLTKJHLFFAI88CA,車店段車店小段,22.38,都市：住
RPWNMLTKJHLFFAI88CA,車店段車店小段,119.00,都市：住
RPROMLTKJHLFFAI48CA,車店段,34.51,都市：住
RPROMLTKJHLFFAI48CA,白川段,3.27,都市：住
RPTOMLTKJHLFFAI68CA,車店段,34.51,都市：住
RPTOMLTKJHLFFAI68CA,白川段,3.27,都市：住
RPSOMLTKJHLFFAI58CA,車店段,34.51,都市：住
RPSOMLTKJHLFFAI58CA,白川段,3.27,都市：住
RPXOMLTKJHLFFAI09CA,車店段,34.51,都市：住
RPXOMLTKJHLFFAI09CA,白川段,3.27,都市：住
RPQOMLTKJHLFFAI38CA,車店段,34.51,都市：住
RPQOMLTKJHLFFAI38CA,白川段,3.27,都市：住
RPRNMLKKJHLFFAI47CA,車店段車店小段,96.00,都市：住
RPUOMLTKJHLFFAI78CA,車店段,34.51,都市：住
RPUOMLTKJHLFFAI78CA,白川段,3.27,都市：住
RPPPMLTKJHLFFAI38CA,車店段,34.51,都市：住
RPPPMLTKJHLFFAI38CA,白川段,3.27,都市：住
RPVOMLTKJHLFFAI88CA,車店段,34.51,都市：住
RPVOMLTKJHLFFAI88CA,白川段,3.27,都市：住
RPOOMLTJJHLFFAI08CA,下路頭段,63.00,都市：住
RPOPMLTKJHLFFAI28CA,車店段,34.51,都市：住
RPOPMLTKJHLFFAI28CA,白川段,3.27,都市：住
RPUNMLPKJHLFFAI28CA,白川段,34.29,都市：住
RPPPMLPKJHLFFAI97CA,下路頭段,62.00,都市：住
RPSNMLPKJHLFFAI08CA,白川段,34.29,都市：住
RPVNMLPKJHLFFAI38CA,白川段,34.15,都市：住
RPPNMLKKJHLFFAI27CA,玉川段,7.20,都市：住
RPPNMLKKJHLFFAI27CA,玉川段,12.40,都市：住
RPTNMLPKJHLFFAI18CA,白川段,34.29,都市：住
RPSNMLKMKIKFFAI87CA,埤子頭段,97.00,都市：住
RPWOMLTKJHLFFAI98CA,車店段,34.51,都市：住
RPWOMLTKJHLFFAI98CA,白川段,3.27,都市：住
RPOPMLTLKIKFFAI48CA,短竹段,96.00,都市：住
RPPNMLKMKIKFFAI57CA,下路頭段,64.00,都市：商
RPUNMLKMKIKFFAI08CA,末廣段五小段,22.36,都市：商
RPOOMLSJJHLFFAI97CA,港子坪段港坪小段,84.00,都市：住
RPXNMLPJJHLFFAI48CA,南門段四小段,9.67,都市：住
RPXNMLPJJHLFFAI48CA,南門段四小段,16.00,都市：住
RPTOMLLMKIKFFAI18CA,車店段車店小段,5.67,都市：住
RPTOMLLMKIKFFAI18CA,車店段車店小段,5.67,都市：住
RPTOMLLMKIKFFAI18CA,車店段車店小段,5.67,都市：住
RPTOMLLMKIKFFAI18CA,車店段車店小段,37.67,都市：住
RPTOMLLMKIKFFAI18CA,車店段車店小段,37.67,都市：住
RPTOMLLMKIKFFAI18CA,車店段車店小段,37.67,都市：住
RPTOMLPJJHLFFAI18CA,南門段三小段,25.38,都市：商
RPWNMLQJJHLFFAI48CA,白川段,68.00,都市：住
RPWOMLPJJHLFFAI48CA,同興段,88.00,都市：住
RPUOMLTLKIKFFAI98CA,短竹段,95.00,都市：住
RPUOMLLMKIKFFAI28CA,下路頭段,3.70,都市：住
RPUOMLLMKIKFFAI28CA,下路頭段,7.60,都市：住
RPUOMLLMKIKFFAI28CA,湖內段,.24,都市：住
RPUOMLLMKIKFFAI28CA,湖內段,2.58,都市：住
RPUOMLLMKIKFFAI28CA,湖內段,3.80,都市：住
RPTNMLMJJHLFFAI77CA,太平段,13.67,都市：住
RPPPMLTLKIKFFAI58CA,盧厝段,15.04,都市：住
RPUNMLLMKIKFFAI18CA,港子坪段港坪小段,349.00,都市：住
RPROMLSLKIKFFAI58CA,北社尾段,30.48,都市：其他
RPROMLSLKIKFFAI58CA,北社尾段,64.00,都市：住
RPROMLKMKIKFFAI87CA,車店段,34.51,都市：住
RPROMLKMKIKFFAI87CA,白川段,3.27,都市：住
RPPOMLOKJHLFFAI77CA,中山段六小段,4.13,都市：住
RPPOMLOKJHLFFAI77CA,中山段六小段,4.17,都市：住
RPUOMLKMKIKFFAI18CA,湖內段,54.00,都市：商
RPUOMLKMKIKFFAI18CA,湖內段,5.00,都市：商
RPVNMLTLKIKFFAI98CA,後庄段,264.00,都市：住
RPQPMLTKJHLFFAI48CA,車店段,34.51,都市：住
RPQPMLTKJHLFFAI48CA,白川段,3.27,都市：住
RPPRMLSKJHLFFAI48CA,北社尾段保安小段,73.00,都市：住
RPPQMLSKJHLFFAI38CA,檜段三小段,109.00,都市：商
RPOQMLSKJHLFFAI28CA,檜段三小段,89.00,都市：商
RPRQMLSKJHLFFAI58CA,檜段三小段,128.00,都市：商
RPTQMLSKJHLFFAI78CA,檜段三小段,113.00,都市：商
RPXPMLTKJHLFFAI56CA,彌陀段,19.28,都市：住
RPUQMLSKJHLFFAI88CA,檜段三小段,93.00,都市：商
RPUNMLQKJHLFFAI38CA,竹圍子段,9.33,都市：住
RPUNMLOKJHLFFAI18CA,北社尾段,13.62,都市：住
RPWQMLSKJHLFFAI09CA,檜段三小段,85.00,都市：商
RPROMLSKJHLFFAI38CA,檜段三小段,90.00,都市：商
RPTOMLSKJHLFFAI58CA,檜段三小段,90.00,都市：商
RPVQMLSKJHLFFAI98CA,檜段三小段,90.00,都市：商
RPRPMLSKJHLFFAI48CA,檜段三小段,91.00,都市：商
RPXOMLSKJHLFFAI98CA,檜段三小段,116.00,都市：商
RPOPMLSKJHLFFAI18CA,檜段三小段,93.00,都市：商
RPXQMLSKJHLFFAI56CA,檜段三小段,86.00,都市：商
RPQNMLKLJHLFFAI47CA,何庄段,2385.38,都市：住
RPQNMLKLJHLFFAI47CA,何庄段,552.83,都市：住
RPWPMLSKJHLFFAI98CA,檜段三小段,86.00,都市：商
RPSPMLSKJHLFFAI58CA,檜段三小段,107.00,都市：商
RPQPMLSKJHLFFAI38CA,檜段三小段,107.00,都市：商
RPUNMLKMKIKFFAI28EA,元段二小段,19.50,都市：商
RPUNMLKMKIKFFAI28EA,元段二小段,49.00,都市：商
RPUPMLSKJHLFFAI78CA,檜段三小段,124.00,都市：商
RPTPMLSKJHLFFAI68CA,檜段三小段,102.00,都市：商
SPWPMLSKJHLFFAI09CA,檜段三小段,85.00,都市：商
RPQNMLTLKIKFFAI68EA,北門段六小段,103.00,都市：商
RPVPMLSKJHLFFAI88CA,檜段三小段,106.00,都市：商
RPWNMLPLJHLFFAI78EA,太平段,.32,都市：住
RPPNMLKLJHLFFAI37CA,何庄段,651.07,都市：住
RPPNMLKLJHLFFAI37CA,何庄段,732.06,都市：住
RPQOMLMLJHLFFAI97EA,太平段,20.91,都市：住
RPROMLMLJHLFFAI08EA,太平段,21.71,都市：住
RPQPMLKMKIKFFAI08EA,港子坪段港坪小段,109.00,都市：住
RPQNMLLMKIKFFAI97EA,元段五小段,37.33,都市：商
RPUNMLSLKIKFFAI98EA,下路頭段,26.50,都市：住
RPQPMLQLJHLFFAI28CA,北門段七小段,289.00,都市：商
RPSPMLPJJHLFFAI28DA,白川段,9.00,都市：住
RPSPMLPJJHLFFAI28DA,白川段,71.00,都市：住
RPWNMLOJJHLFFAI38DA,盧東段,85.23,都市：住
RPWNMLOJJHLFFAI38DA,盧東段,20.11,都市：住
RPPNMLMKJHLFFAI47CA,車店段,34.51,都市：住
RPPNMLMKJHLFFAI47CA,白川段,3.27,都市：住
RPPPMLNKJHLFFAI77CA,竹圍子段,122.00,都市：住
RPPPMLNKJHLFFAI77CA,竹圍子段,13.01,都市：住
RPVOMLNKJHLFFAI28CA,竹圍子段,17.07,都市：住
RPVOMLNKJHLFFAI28CA,竹圍子段,83.00,都市：住
RPRPMLNKJHLFFAI97CA,竹圍子段,89.00,都市：住
RPRPMLNKJHLFFAI97CA,竹圍子段,17.05,都市：住
RPQPMLPKJHLFFAI08CA,白川段,44.56,都市：住
RPTPMLNKJHLFFAI18CA,竹圍子段,14.47,都市：住
RPTPMLNKJHLFFAI18CA,竹圍子段,83.00,都市：住
RPTPMLNKJHLFFAI18CA,竹圍子段,15.00,都市：住
RPUNMLRJJHLFFAI48DA,下路頭段,130.00,都市：住
RPUNMLRJJHLFFAI48DA,下路頭段,7.00,都市：住
RPWNMLLMKIKFFAI38CA,下路頭段,9.13,都市：住
RPXNMLOJJHLFFAI38CA,遠東段,226.00,都市：工
RPXNMLOJJHLFFAI38CA,遠東段,60.00,都市：工
RPXNMLOJJHLFFAI38CA,遠東段,52.00,都市：工
RPXPMLKMKIKFFAI58CA,東門段七小段,9.56,都市：商
RPUPMLNKJHLFFAI28CA,竹圍子段,18.58,都市：住
RPUPMLNKJHLFFAI28CA,竹圍子段,4.00,都市：住
RPUPMLNKJHLFFAI28CA,竹圍子段,85.00,都市：住
RPSOMLLMKIKFFAI08CA,港子坪段港坪小段,26.59,都市：住
RPXOMLNKJHLFFAI48CA,竹圍子段,83.00,都市：住
RPXOMLNKJHLFFAI48CA,竹圍子段,17.07,都市：住
RPQNMLPJJHLFFAI77CA,長竹段,23.81,都市：住
RPQNMLOJJHLFFAI67CA,白川段,4.27,都市：住
RPQNMLOJJHLFFAI67CA,車店段,25.33,都市：住
RPQNMLTJJHLFFAI18CA,湖內段,13.20,都市：商
RPVOMLKMKIKFFAI28CA,末廣段五小段,3.90,都市：商
RPVNMLQJJHLFFAI38CA,下路頭段,122.00,都市：住
RPVNMLQJJHLFFAI38CA,下路頭段,11.00,都市：住
RPXNMLRJJHLFFAI68CA,車店段,34.51,都市：住
RPXNMLRJJHLFFAI68CA,白川段,3.27,都市：住
RPXNMLLMKIKFFAI48CA,盧厝段,21.72,都市：住
RPPNMLNKJHLFFAI57CA,台斗坑段,18.79,都市：住
RPPNMLNKJHLFFAI57CA,台斗坑段,.01,都市：住
RPOOMLOKJHLFFAI67CA,溪厝段,1142.05,都市：農
RPOOMLOKJHLFFAI67CA,溪厝段,1142.04,都市：農
RPOOMLRJJHLFFAI87CA,白川段,33.21,都市：住
RPPOMLRJJHLFFAI97CA,白川段,34.83,都市：住
RPRNMLLJJHLFFAI47CA,太平段,14.48,都市：住
RPXNMLOKJHLFFAI48CA,溪厝段,952.05,都市：農
RPPNMLTKJHLFFAI18CA,北社尾段保安小段,78.00,都市：住
RPRNMLQLJHLFFAI18CA,北園段,73.00,都市：住
RPRNMLQLJHLFFAI18CA,北園段,33.80,都市：住
RPQOMLNKJHLFFAI77CA,竹村段,133.37,都市：住
RPQOMLNKJHLFFAI77CA,竹村段,7.12,都市：住
RPQNMLQLJHLFFAI08CA,北園段,86.00,都市：住
RPQNMLQLJHLFFAI08CA,北園段,33.80,都市：住
RPVNMLRJJHLFFAI48CA,長竹段,144.00,都市：住
RPSNMLQLJHLFFAI28CA,北園段,99.00,都市：住
RPSNMLQLJHLFFAI28CA,北園段,33.80,都市：住
RPOOMLQLJHLFFAI97CA,台斗坑段,16.56,都市：住
RPVNMLNLJHLFFAI28CA,榮段二小段,40.75,都市：商
SPVNMLNLJHLFFAI38CA,榮段二小段,40.75,都市：商
RPPOMLPLJHLFFAI97CA,北園段,108.00,都市：住
RPPOMLPLJHLFFAI97CA,北園段,33.80,都市：住
RPSOMLLLJHLFFAI87CA,下路頭段,1.50,都市：住
RPSOMLLLJHLFFAI87CA,下路頭段,93.00,都市：住
RPVNMLMLJHLFFAI18CA,北園段,106.00,都市：住
RPVNMLMLJHLFFAI18CA,北園段,33.80,都市：住
RPUOMLLLJHLFFAI08CA,軍輝段,85.00,都市：住
RPWNMLNLJHLFFAI38CA,榮段二小段,40.75,都市：商
RPQOMLPLJHLFFAI08CA,北園段,97.00,都市：住
RPQOMLPLJHLFFAI08CA,北園段,33.80,都市：住
RPXNMLNKJHLFFAI58EA,劉厝段劉厝小段,19.71,都市：商
RPTNMLLKJHLFFAI97EA,竹圍子段,1905.00,都市：其他
RPTNMLLKJHLFFAI97EA,竹圍子段,195.50,都市：其他
RPTNMLLKJHLFFAI97EA,竹圍子段,112.50,都市：其他
RPTNMLLKJHLFFAI97EA,竹圍子段,1367.00,都市：其他
RPQNMLKMKIKFFAI87EA,竹圍子段一小段,10.04,都市：住
RPSNMLLMKIKFFAI18EA,民族段四小段,74.00,都市：住
RPSNMLLMKIKFFAI18EA,民族段四小段,8.00,都市：住
RPQNMLNLJHLFFAI77CA,下路頭段,113.00,都市：住
RPQNMLNLJHLFFAI77CA,下路頭段,2.85,都市：住
RPPNMLNLJHLFFAI67CA,下路頭段,2.85,都市：住
RPPNMLNLJHLFFAI67CA,下路頭段,82.00,都市：住
RPTNMLMLJHLFFAI97CA,北園段,124.00,都市：住
RPTNMLMLJHLFFAI97CA,北園段,33.80,都市：住
RPUNMLOJJHLFFAI18DA,白川段,54.00,都市：住
RPQNMLRLJHLFFAI38EA,鹿寮段,37.30,都市：住
RPQNMLNKJHLFFAI67CA,短竹段,173.00,都市：商
RPWPMLPJJHLFFAI58CA,下路頭段,29.00,都市：住
RPWPMLPJJHLFFAI58CA,下路頭段,52.00,都市：住
RPSNMLOJJHLFFAI08EA,民族段一小段,5.00,都市：住
RPVOMLPJJHLFFAI48DA,元段二小段,30.33,都市：住
RPRNMLOJJHLFFAI97EA,新富段四小段,454.83,都市：商
RPWNMLPJJHLFFAI58EA,竹圍子段友愛小段,91.00,都市：住
RPPOMLTKJHLFFAI28CA,車店段,15.70,都市：住
RPPOMLTKJHLFFAI28CA,車店段,.53,都市：住
RPRNMLLKJHLFFAI57CA,興村段,3.00,都市：住
RPRNMLLKJHLFFAI57CA,興村段,138.00,都市：住
RPRPMLTKJHLFFAI58CA,竹圍子段二小段,116.00,都市：住
RPTOMLLLJHLFFAI97CA,車店段車店小段,32.40,都市：住
RPVPMLLMKIKFFAI48CA,下路頭段,24.29,都市：住
RPSNMLLJJHLFFAI57CA,興村段,7.70,都市：住
RPXNMLTKJHLFFAI98CA,車店段,13.29,都市：住
RPXNMLTKJHLFFAI98CA,車店段,.90,都市：住
RPXNMLTKJHLFFAI98CA,車店段,3.04,都市：住
RPROMLQLJHLFFAI28CA,埤子頭段,75.00,都市：住
RPRPMLPKJHLFFAI18CA,後庄段,71.00,都市：住
RPPNMLLMJHLFFAI57CA,湖子內段湖內小段,81.00,都市：住
RPPNMLLMJHLFFAI57CA,湖子內段湖內小段,107.00,都市：農
RPQQMLSKJHLFFAI48CA,太平段,13.67,都市：住
RPQNMLSJJHLFFAI08CA,北園段,51.05,都市：農
RPPNMLQJJHLFFAI77CA,湖內段,15.00,都市：工
RPUOMLPJJHLFFAI48EA,北門段七小段,11.50,都市：商
RPWNMLSJJHLFFAI68CA,短竹段,3.59,都市：住
RPXPMLSKJHLFFAI09CA,劉厝段玉山小段,108.56,都市：住
RPXNMLSLJHLFFAI98CA,竹圍子段,108.00,都市：住
RPWNMLSLJHLFFAI88CA,竹圍子段,10.00,都市：住
RPWNMLSLJHLFFAI88CA,竹圍子段,1175.00,都市：住
RPWNMLSLJHLFFAI88CA,竹圍子段,1236.00,都市：住
RPWNMLSLJHLFFAI88CA,竹圍子段,50.00,都市：住
RPWNMLSLJHLFFAI88CA,竹圍子段,192.00,都市：住
RPWNMLSLJHLFFAI88CA,竹圍子段,36.00,都市：其他
RPWNMLSLJHLFFAI88CA,竹圍子段,5.00,都市：住
RPXNMLQLJHLFFAI78CA,東川段,25.07,都市：住
RPSNMLNKJHLFFAI08EA,東川段,20.43,都市：住
RPSOMLNJKHLFFAI97CA,太平段,14.48,都市：住
RPQNMLTKJHLFFAI28CA,下路頭段,44.00,都市：住
RPQNMLTKJHLFFAI28CA,下路頭段,21.00,都市：住
RPQNMLLLJHLFFAI57CA,埤子頭段,4.75,都市：住
RPROMLKLJHLFFAI67CA,下路頭段,19.72,都市：住
RPWNMLSJJHLFFAI88EA,興村段,65.00,都市：住
RPUNMLSJJHLFFAI68EA,港子坪段港坪小段,15.01,都市：住
RPSNMLPLJHLFFAI18CA,劉厝段玉山小段,57.55,都市：商
RPSNMLPLJHLFFAI18CA,劉厝段玉山小段,2.86,都市：商
RPSNMLPLJHLFFAI18CA,劉厝段玉山小段,17.06,都市：商
RPWPMLTKJHLFFAI09CA,興村段,129.00,都市：住
RPQNMLOKJHLFFAI77CA,湖內段,1.00,都市：住
RPQNMLOKJHLFFAI77CA,湖內段,17.67,都市：住
RPQNMLOKJHLFFAI77CA,湖內段,2.67,都市：住
RPQNMLOKJHLFFAI77CA,湖內段,2.00,都市：住
RPVNMLQKJHLFFAI48CA,港子坪段港坪小段,101.00,都市：住
RPQNMLOLJHLFFAI87CA,興村段,66.00,都市：住
RPSNMLLKJHLFFAI87EA,同興段,50.00,都市：住
RPTNMLNLJHLFFAI08CA,短竹段,7.49,都市：住
RPTNMLNLJHLFFAI08CA,短竹段,6.27,都市：住
RPWNMLNKJHLFFAI48EA,竹圍子段二小段,21.16,都市：住
RPRNMLNKJHLFFAI77CA,車店段,42.00,都市：住
RPPOMLQLJHLFFAI08CA,短竹段,11.55,都市：住
RPRNMLNLJHLFFAI87CA,末廣段三小段,45.00,都市：商
RPRNMLNLJHLFFAI87CA,末廣段三小段,2.00,都市：商
RPSNMLMKJHLFFAI77CA,彌陀段,5.03,都市：住
RPSPMLPKJHLFFAI28CA,港子坪段,643.00,都市：工
RPTNMLTLJHLFFAI68CA,鳥岫段,1324.45,都市：農
RPTNMLTLJHLFFAI68CA,鳥岫段,1324.45,都市：農
RPWNMLMKJHLFFAI38EA,下路頭段,108.00,都市：住
RPWNMLMKJHLFFAI38EA,下路頭段,24.00,都市：住
RPQNMLNKJHLFFAI87EA,太平段,56.42,都市：住
RPQNMLLMJHLFFAI67CA,港子坪段港坪小段,8.61,都市：住
RPXNMLRLJHLFFAI88CA,下路頭段,4.89,都市：住
RPRQMLTKJHLFFAI68CA,盧厝段,49.42,都市：住
RPXNMLMLJHLFFAI38CA,新富段三小段,.83,都市：其他
RPXNMLMLJHLFFAI38CA,新富段三小段,103.00,都市：住
RPTPMLTKJHLFFAI78CA,竹圍子段,14.13,都市：住
RPQNMLOKJHLFFAI97EA,竹圍子段,50.00,都市：住
RPUNMLNKJHLFFAI28EA,長竹段,90.00,都市：住
RPUPMLTKJHLFFAI88CA,港子坪段港坪小段,15.01,都市：商
RPPNMLQKJHLFFAI87CA,盧厝段,4.89,都市：住
RPQNMLPKJHLFFAI87CA,下路頭段,6.00,都市：住
RPPNMLOKKHLFFAI77CA,下路頭段,113.33,都市：其他
RPSNMLNLJHLFFAI97CA,同興段,20.50,都市：住
RPWOMLPKJHLFFAI78EA,下路頭段,56.00,都市：住
RPWNMLLJKHLFFAI08CA,埤子頭段,128.00,都市：住
RPTNMLLLJHLFFAI87CA,下路頭段,9.92,都市：住
RPTNMLLLJHLFFAI87CA,下路頭段,112.00,都市：住
RPROMLPLJHLFFAI18CA,埤子頭段,72.00,都市：住
RPVNMLPLJHLFFAI48CA,太平段,18.50,都市：住
RPPNMLSKJHLFFAI08CA,湖內段,20.53,都市：住
RPTNMLQLJHLFFAI38CA,下埤段,2903.34,都市：農
RPOOMLRLJHLFFAI08CA,劉厝段玉山小段,144.89,都市：住
RPPOMLLJKHLFFAI47CA,埤子頭段新厝小段,66.00,都市：住
RPVPMLTKJHLFFAI98CA,白川段,34.15,都市：住
RPPOMLKMJHLFFAI57CA,北門段七小段,6.71,都市：商
RPVNMLSKJHLFFAI68CA,同興段,88.00,都市：住
RPVNMLSKJHLFFAI68CA,同興段,32.33,都市：住
RPQOMLQLJHLFFAI18CA,竹圍子段一小段,24.28,都市：住
RPTOMLNJKHLFFAI08CA,太平段,7.24,都市：住
RPPOMLRLJHLFFAI18CA,車店段,40.00,都市：住
RPPOMLRLJHLFFAI18CA,車店段,31.00,都市：住
RPQNMLSKJHLFFAI18CA,遠東段,85.00,都市：住
RPTNMLSKJHLFFAI68EA,車店段車店小段,119.00,都市：住
RPQOMLOJKHLFFAI87CA,太平段,2.41,都市：住
RPSPMLTKJHLFFAI78DA,埤子頭段,9.00,都市：住
RPSPMLTKJHLFFAI78DA,埤子頭段,6.20,都市：住
RPSPMLTKJHLFFAI78DA,埤子頭段,4.16,都市：住
RPSPMLTKJHLFFAI78DA,埤子頭段,2.76,都市：住
RPSPMLTKJHLFFAI78DA,埤子頭段,77.00,都市：住
RPSPMLTKJHLFFAI78DA,埤子頭段,3.40,都市：住
RPPNMLNJKHLFFAI57CA,港子坪段,15.18,都市：住
RPPOMLTKJHLFFAI48EA,下路頭段,13.00,都市：住
RPSNMLLLJHLFFAI77CA,荖藤段,478.00,都市：農
RPOPMLQLJHLFFAI08CA,車店段,14.29,都市：住
RPOPMLQLJHLFFAI08CA,車店段,.87,都市：住
RPPNMLLLJHLFFAI47CA,長竹段,60.00,都市：住
RPRNMLLLJHLFFAI67CA,大溪段,164.20,都市：住
RPUNMLMLJHLFFAI08CA,玉川段,65.00,都市：住
RPXNMLPJKHLFFAI58CA,白川段,32.98,都市：住
RPPOMLPKKHLFFAI97CA,劉厝段,86.00,都市：住
RPVNMLPKKHLFFAI68EA,長竹段,63.50,都市：農
RPVNMLPKKHLFFAI68EA,長竹段,125.00,都市：農
RPRNMLLMJHLFFAI77CA,車店段,70.00,都市：住
RPVNMLQLJHLFFAI58CA,玉川段,83.04,都市：住
RPQNMLQKKHLFFAI08CA,玉川段,86.00,都市：住
RPSNMLSLJHLFFAI48CA,遠東段,5.60,都市：住
RPPNMLKMJHLFFAI47CA,竹圍子段,39.00,都市：住
RPPNMLKMJHLFFAI47CA,竹圍子段,39.00,都市：住
RPTNMLKLJHLFFAI97EA,下路頭段,10.00,都市：住
RPPOMLQKKHLFFAI18DA,下路頭段,23.00,都市：其他
RPUOMLQKKHLFFAI58CA,北社尾段保安小段,92.00,都市：住
RPVNMLKLJHLFFAI18EA,下路頭段,9.00,都市：住
RPWNMLRLJHLFFAI78CA,後庄段,100.00,都市：住
RPWNMLRLJHLFFAI78CA,後庄段,4.89,都市：住
RPPNMLMLKHLFFAI67CA,檜段四小段,3.99,都市：住
RPSOMLPKKHLFFAI28CA,下路頭段,77.00,都市：住
RPUNMLLLJHLFFAI97CA,同興段,15.03,都市：住
RPQOMLRLJHLFFAI28CA,大溪厝段,118.00,都市：住
RPROMLRLJHLFFAI38CA,竹圍子段,123.00,都市：住
RPPNMLOLJHLFFAI77CA,北社尾段保安小段,129.00,都市：住
RPWNMLKMJHLFFAI18CA,劉厝段玉山小段,123.66,都市：住
RPROMLQKKHLFFAI38DA,下路頭段,10.00,都市：其他
RPQNMLPLJHLFFAI18EA,港子坪段港坪小段,12.54,都市：住
RPQNMLPLJHLFFAI18EA,港子坪段港坪小段,3.53,都市：住
RPROMLPKKHLFFAI18CA,遠東段,82.00,都市：住
RPROMLPKKHLFFAI18CA,遠東段,2.00,都市：住
RPPPMLQLJHLFFAI18CA,北湖段,167.00,都市：住
RPRNMLTLJHLFFAI48CA,東門段六小段,47.00,都市：住
RPQNMLOJKHLFFAI97EA,白川段,14.86,都市：住
RPUNMLNLJHLFFAI18CA,新厝段,55.00,都市：住
RPPOMLPJKHLFFAI87CA,興村段,65.00,都市：住
RPVOMLQKKHLFFAI68CA,北社尾段保安小段,46.00,都市：住
RPWOMLNJKHLFFAI38CA,長竹段,225.00,都市：住
RPWOMLNJKHLFFAI38CA,長竹段,8.00,都市：其他
RPWOMLNJKHLFFAI38CA,長竹段,5.00,都市：其他
RPUNMLPKKHLFFAI38CA,竹圍子段三小段,23.74,都市：住
RPTOMLPKKHLFFAI38CA,盧東段,19.84,都市：住
RPTOMLPKKHLFFAI38CA,盧東段,118.49,都市：住
RPTOMLPKKHLFFAI38CA,盧東段,.07,都市：住
RPQOMLPKKHLFFAI08CA,下路頭段,85.00,都市：住
RPRNMLOJKHLFFAI87CA,下路頭段,33.00,都市：住
RPRNMLOJKHLFFAI87CA,下路頭段,33.00,都市：住
RPUPMLPJKHLFFAI48CA,竹圍子段,92.00,都市：住
RPPNMLQLJHLFFAI97CA,下路頭段,3.91,都市：其他
RPWOMLPJKHLFFAI58CA,車店段,62.00,都市：住
RPSOMLQLJHLFFAI38CA,竹圍子段,149.00,都市：住
RPRNMLPLJHLFFAI08CA,中庄段,42.64,都市：住
RPOOMLSLJHLFFAI18CA,竹圍子段,1.00,都市：住
RPOOMLSLJHLFFAI18CA,竹圍子段,1.00,都市：住
RPRNMLLJKHLFFAI57CA,崎頂段,1156.00,都市：農
RPRNMLRLJHLFFAI28CA,竹圍子段一小段,10.84,都市：住
RPVNMLRLJHLFFAI68CA,長竹段,33.02,都市：住
RPRPMLPJKHLFFAI18CA,中庄段,39.73,都市：住
RPRPMLPJKHLFFAI18CA,中庄段,68.00,都市：住
RPUNMLSLJHLFFAI68CA,北園段,16.01,都市：住
RPQNMLNKKHLFFAI77CA,太平段,30.46,都市：住
RPWNMLPKKHLFFAI58CA,竹圍子段三小段,2.38,都市：住
RPPNMLNKKHLFFAI67CA,太平段,9.65,都市：住
RPXNMLPKKHLFFAI68CA,竹圍子段,112.00,都市：住
RPXNMLPKKHLFFAI68CA,竹圍子段,23.00,都市：住
RPRNMLQKKHLFFAI18CA,劉厝段,87.00,都市：住
RPSNMLMLKHLFFAI18EA,盧東段,51.76,都市：住
RPSNMLMLKHLFFAI18EA,盧東段,1061.39,都市：住
RPSNMLMLKHLFFAI18EA,盧東段,579.70,都市：住
RPSNMLMLKHLFFAI18EA,盧東段,100.88,都市：住
RPSNMLMLKHLFFAI18EA,盧東段,10.19,都市：住
RPSNMLMLKHLFFAI18EA,盧東段,16.09,都市：住
RPUNMLQLJHLFFAI68EA,荖藤段,88.00,都市：住
RPQOMLPJKHLFFAI97CA,遠東段,15.86,都市：住
RPWNMLPJKHLFFAI48CA,北園段,81.00,都市：住
RPOOMLPKKHLFFAI87CA,港子坪段,73.00,都市：住
RPUNMLTKKHLFFAI78CA,後庄段,101.00,都市：住
RPOOMLPJKHLFFAI77CA,下路頭段,99.00,都市：住
RPSNMLLJKHLFFAI67CA,竹圍子段,244.00,都市：商
RPSNMLLJKHLFFAI67CA,竹圍子段,74.00,都市：商
RPQOMLKMJHLFFAI67CA,中庄段,98.00,都市：住
RPXNMLNKKHLFFAI48CA,盧厝段,41.69,都市：住
RPPNMLPKKHLFFAI87CA,盧厝段,16.60,都市：住
RPPNMLPKKHLFFAI87CA,盧厝段,15.20,都市：住
RPPNMLPKKHLFFAI87CA,盧厝段,62.00,都市：住
RPPNMLPKKHLFFAI87CA,盧厝段,1.00,都市：住
RPTNMLSLJHLFFAI58CA,湖內段,75.00,都市：住
RPTNMLSLJHLFFAI58CA,湖內段,5.00,都市：住
RPTNMLSLJHLFFAI58CA,湖內段,8.00,都市：住
RPQPMLPJKHLFFAI08CA,劉厝段玉山小段,7.33,都市：住
RPQPMLPJKHLFFAI08CA,劉厝段玉山小段,107.57,都市：住
RPXNMLKMJHLFFAI28CA,盧厝段,23.89,都市：住
RPXNMLKMJHLFFAI28CA,盧厝段,.01,都市：住
RPUNMLKMJHLFFAI97CA,遠東段,243.00,都市：工
RPXNMLNJKHLFFAI38CA,下路頭段,9.13,都市：住
RPVNMLMJKHLFFAI08CA,台斗坑段,26.32,都市：住
RPVNMLMJKHLFFAI08CA,台斗坑段,1.46,都市：住
RPRNMLPJKHLFFAI97CA,下路頭段,125.00,都市：住
RPPNMLTKKHLFFAI28CA,埤子頭段新厝小段,36.00,都市：住
RPRNMLSLJHLFFAI58EA,竹圍子段二小段,142.00,都市：住
RPRNMLMJKHLFFAI87EA,車店段車店小段,24.47,都市：住
RPPNMLSLJHLFFAI18CA,新富段二小段,21.86,都市：住
RPVNMLSLJHLFFAI98EA,盧厝段,18.10,都市：住
RPTNMLOLKHLFFAI28CA,車店段車店小段,30.69,都市：住
RPUNMLTLJHLFFAI98EA,元段六小段,1.34,都市：商
RPOOMLNJKHLFFAI67DA,頭港段,15.50,都市：住
RPSNMLTLJHLFFAI78EA,新厝段,1633.00,都市：農
RPSNMLTLJHLFFAI78EA,新厝段,952.00,都市：農
RPPNMLTLJHLFFAI48EA,湖內段,1.18,都市：住
RPPNMLTLJHLFFAI48EA,湖內段,85.00,都市：住
RPPNMLTLJHLFFAI48EA,湖內段,95.00,都市：住
RPPNMLTLJHLFFAI48EA,湖內段,39.88,都市：住
RPUOMLNJKHLFFAI18CA,竹圍子段,37.00,都市：住
RPUOMLNJKHLFFAI18CA,竹圍子段,11.00,都市：住
RPUOMLNJKHLFFAI18CA,竹圍子段,10.00,都市：住
RPSNMLPJKHLFFAI08CA,下路頭段,39.00,都市：住
RPROMLKMJHLFFAI77CA,育人段,68.14,都市：住
RPSNMLNKKHLFFAI97CA,盧厝段,18.18,都市：住
RPTOMLPLKHLFFAI48CA,新厝段,32.62,都市：農
RPUNMLPJKHLFFAI28CA,短竹段,139.61,都市：住
RPRNMLKMJHLFFAI67CA,下路頭段,27.65,都市：住
RPPNMLMJKHLFFAI47CA,下路頭段,80.00,都市：住
RPOOMLLJKHLFFAI37CA,台斗坑段,43.40,都市：住
RPSNMLKMJHLFFAI77CA,西門段五小段,49.00,都市：住
RPUNMLNKKHLFFAI18CA,竹圍子段,118.00,都市：商
RPVNMLNKKHLFFAI28CA,民族段五小段,50.00,都市：住
RPXNMLMJKHLFFAI28CA,埤子頭段,5.10,都市：住
RPPNMLLJKHLFFAI37CA,台斗坑段,14.47,都市：住
RPPOMLMJKHLFFAI57CA,台斗坑段,26.15,都市：住
RPPOMLMJKHLFFAI57CA,台斗坑段,.02,都市：住
RPQNMLMJKHLFFAI57CA,同興段,73.50,都市：住
RPTNMLNKKHLFFAI08CA,竹圍子段,159.00,都市：商
RPWNMLMJKHLFFAI38EA,短竹段,13.93,都市：住
RPROMLOJKHLFFAI97CA,白川段,9.00,都市：住
RPVNMLPJKHLFFAI38CA,中山段五小段,.10,都市：住
RPVNMLPJKHLFFAI38CA,中山段五小段,.40,都市：住
RPVNMLPJKHLFFAI38CA,中山段五小段,25.84,都市：住
RPVNMLPJKHLFFAI38CA,中山段五小段,.59,都市：住
RPTNMLOJKHLFFAI08CA,白川段,34.93,都市：住
RPTNMLRKKHLFFAI48CA,堀川段,19.00,都市：其他
RPWNMLNJKHLFFAI28CA,埤子頭段,112.00,都市：住
RPOOMLQKKHLFFAI97CA,興村段,156.00,都市：住
RPSNMLNJKHLFFAI97DA,中庄段,35.00,都市：住
RPSNMLNJKHLFFAI97DA,中庄段,.69,都市：住
RPSNMLNJKHLFFAI97DA,中庄段,2.39,都市：住
RPSNMLNJKHLFFAI97DA,中庄段,2.48,都市：住
RPSNMLNJKHLFFAI97DA,中庄段,4.90,都市：住
RPUNMLQKKHLFFAI48CA,下路頭段,.01,都市：住
RPUNMLQKKHLFFAI48CA,下路頭段,60.44,都市：住
RPWNMLQKKHLFFAI68CA,下路頭段,29.82,都市：住
RPQNMLSKKHLFFAI28CA,竹圍子段,18.44,都市：住
RPUNMLOLKHLFFAI38CA,長竹段,75.00,都市：住
RPXNMLPLKHLFFAI78CA,下路頭段,132.00,都市：住
RPXNMLQKKHLFFAI78CA,竹圍子段二小段,19.62,都市：住
RPWNMLOJKHLFFAI38CA,台斗坑段,25.08,都市：住
RPOOMLKMJHLFFAI47CA,下路頭段,18.73,都市：住
RPSOMLQKKHLFFAI38CA,劉厝段劉厝小段,20.22,都市：商
RPQOMLPLKHLFFAI18CA,陳厝段,13.25,都市：住
RPQOMLPLKHLFFAI18CA,陳厝段,69.08,都市：住
RPROMLMJKHLFFAI77CA,湖內段,97.17,都市：工
RPWNMLNKKHLFFAI38CA,竹圍子段,17.42,都市：住
RPVNMLNJKHLFFAI18CA,興村段興村小段,93.08,都市：住
RPVNMLNJKHLFFAI18CA,興村段興村小段,15.02,都市：住
RPVNMLNJKHLFFAI18CA,興村段興村小段,.23,都市：住
RPVNMLNJKHLFFAI18CA,興村段興村小段,6.64,都市：住
RPVNMLNJKHLFFAI18CA,興村段,.59,都市：其他
