﻿鄉鎮市區,交易標的,土地區段位置/建物區段門牌,土地移轉總面積平方公尺,都市土地使用分區,非都市土地使用分區,非都市土地使用編定,交易年月日,交易筆棟數,移轉層次,總樓層數,建物型態,主要用途,主要建材,建築完成年月,建物移轉總面積平方公尺,建物現況格局-房,建物現況格局-廳,建物現況格局-衛,建物現況格局-隔間,有無管理組織,總價元,單價元/平方公尺,車位類別,車位移轉總面積平方公尺,車位總價元,備註,編號
The villages and towns urban district,transaction sign,land sector position/building sector house number plate,land shifting total area square meter,the use zoning or compiles and checks,the non-metropolis land use district,non-metropolis land use,transaction year, month and day,transaction pen number,shifting level,total floor number,building state,main use,main building materials,construction to complete the years,building shifting total area,Building present situation pattern - room,building present situation pattern - hall,building present situation pattern - health,building present situation pattern - compartmented,Whether there is manages the organization,total price Yuan,the unit price a Yuan/square meter,the berth category,berth shifting total area square meter,the berth total price Yuan,the note,serial number
竹北市,房地(土地+建物)+車位,莊敬段631~660地號,15.2,商,,,1030403,土地1建物1車位1,十一層,23,住宅大樓(11層含以上有電梯),住家用,鋼筋混凝土造,,157.5,3,2,2,有,無,10470000,70288,坡道機械,18.5,700000,,RPOPMLLLKIKFFBJ97CB
竹北市,房地(土地+建物)+車位,莊敬段631~660地號,15.2,商,,,1030327,土地1建物1車位1,十層,23,住宅大樓(11層含以上有電梯),住家用,鋼筋混凝土造,,157.5,3,2,2,有,無,10380000,69640,坡道機械,18.5,700000,,RPPPMLLLKIKFFBJ08CB
竹北市,房地(土地+建物)+車位,莊敬段631~660地號,15.2,商,,,1030331,土地1建物1車位1,六層,23,住宅大樓(11層含以上有電梯),住家用,鋼筋混凝土造,,157.5,3,2,2,有,無,10290000,68993,坡道機械,18.5,700000,,RPQPMLLLKIKFFBJ18CB
竹北市,房地(土地+建物)+車位,莊敬段631~660地號,15.2,商,,,1030406,土地1建物1車位1,四層,23,住宅大樓(11層含以上有電梯),住家用,鋼筋混凝土造,,157.5,3,2,2,有,無,10190000,68273,坡道機械,18.5,700000,,RPRPMLLLKIKFFBJ28CB
竹北市,房地(土地+建物)+車位,莊敬段631~660地號,18.41,商,,,1030411,土地1建物1車位2,十一層,23,住宅大樓(11層含以上有電梯),住家用,鋼筋混凝土造,,190.69,3,2,2,有,無,13680000,82336,坡道平面,47.01,1850000,,RPSPMLLLKIKFFBJ38CB
竹北市,房地(土地+建物)+車位,莊敬段631~660地號,15.2,商,,,1030414,土地1建物1車位1,十七層,23,住宅大樓(11層含以上有電梯),住家用,鋼筋混凝土造,,157.5,3,2,2,有,無,10960000,73813,坡道機械,18.5,700000,,RPUPMLLLKIKFFBJ58CB
