﻿鄉鎮市區,交易標的,土地區段位置/建物區段門牌,土地面積平方公尺,都市土地使用分區,非都市土地使用分區,非都市土地使用編定,租賃年月日,租賃筆棟數,租賃層次,總樓層數,建物型態,主要用途,主要建材,建築完成年月,建物總面積平方公尺,建物現況格局-房,建物現況格局-廳,建物現況格局-衛,建物現況格局-隔間,有無管理組織,有無附傢俱,總額元,單價元/平方公尺,車位類別,車位面積平方公尺,車位總額元,備註,編號
The villages and towns urban district,transaction sign,land sector position/building sector house number plate,land shifting total area square meter,the use zoning or compiles and checks,the non-metropolis land use district,non-metropolis land use,transaction year, month and day,transaction pen number,shifting level,total floor number,building state,main use,main building materials,construction to complete the years,building shifting total area,Building present situation pattern - room,building present situation pattern - hall,building present situation pattern - health,building present situation pattern - compartmented,Whether there is manages the organization,Whether there is attaches the furniture,total price Yuan,the unit price a Yuan/square meter,the berth category,berth shifting total area square meter,the berth total price Yuan,the note,serial number
台東市,房地(土地+建物),臺東縣臺東市豐榮路49巷1~30號,59.0,住,,,1041212,土地1建物1車位0,全,1,透天厝,住家用,見其他登記事項,0620730,51.88,5,1,2,有,無,有,8500,164,,0.0,0,,RPRNMLOKKIKFFAV86CC
台東市,房地(土地+建物),臺東縣臺東市中華路一段541~570號,48.0,商,,,1041221,土地1建物1車位0,見其他登記事項,2,店面(店鋪),住商用,見其他登記事項,,74.47,0,0,0,無,無,無,20000,269,,0.0,0,,RPOOMLPLKIKFFAV86CC
台東市,土地,永樂段271~300地號,330.58,農,,,1041226,土地1建物0車位0,,,其他,,,,0.0,0,0,0,有,無,無,26000,79,,0.0,0,土地謄本登記面積為1096平方公尺(331坪)。實際承租面積約100坪，並含未保存登記建物。,RPVNMLSLKIKFFAV77CC
台東市,土地,豐年段31~60地號,87.0,住,,,1041222,土地1建物0車位0,,,其他,,,,0.0,0,0,0,有,無,無,10000,115,,0.0,0,含未保存登記建物,RPWNMLSLKIKFFAV87CC
台東市,房地(土地+建物),臺東縣臺東市四維路三段59巷1~30號,11.4,住,,,1041217,土地1建物1車位0,十三層,14,住宅大樓(11層含以上有電梯),見其他登記事項,鋼筋混凝土造,0830419,56.15,2,1,1,有,有,有,12000,214,,0.0,0,,RPRNMLLMKIKFFAV76CC
台東市,房地(土地+建物),臺東縣臺東市臺東縣臺東市四維路三段59巷1~30號,5.71,住,,,1050101,土地1建物1車位0,一層,14,住宅大樓(11層含以上有電梯),見其他登記事項,鋼筋混凝土造,0830419,43.71,1,0,1,有,有,有,5000,114,,0.0,0,,RPPNMLQKJHLFFAV76CC
