﻿編號,土地區段位置,土地移轉面積平方公尺,使用分區或編定
The serial number,land sector position,land shifting area square meter,the use zoning or compiles and checks
RPUNMLOJJIKFFAV76CA,新園段,1082.00,非都市：特定農業區 ; 非都市編定：農牧用地
RPRNMLOJJIKFFCV66CA,鹿寮段,470.01,非都市：鄉村區 ; 非都市編定：乙種建築用地
RPPNMLPLJIKFFCV76CA,崁頂段,2500.00,非都市：山坡地保育區 ; 非都市編定：農牧用地
RPPNMLPLJIKFFCV76CA,崁頂段,2500.00,非都市：山坡地保育區 ; 非都市編定：農牧用地
RPPNMLPLJIKFFCV76CA,崁頂段,2800.00,非都市：山坡地保育區 ; 非都市編定：農牧用地
RPPNMLPJJIKFFCV56CA,新福段,3363.06,非都市：一般農業區 ; 非都市編定：農牧用地
RPPNMLNJJIKFFAV78CA,豐榮段,139.59,都市：住
RPPOMLTKJIKFFAV96CA,東谷段,89.03,都市：住
RPPNMLOJJIKFFCV56DA,萬福段,1270.58,非都市：特定農業區 ; 非都市編定：農牧用地
RPPNMLOJJIKFFCV56DA,萬福段,1407.67,非都市：特定農業區 ; 非都市編定：農牧用地
RPPNMLTJJIKFFAV86DA,台東段,24.27,都市：住
RPPNMLMLJIKFFBV98CA,南八里段,3751.13,非都市：風景區 ; 非都市編定：農牧用地
RPPNMLOJJIKFFAV88CA,馬蘭段,13.60,都市：住
RPPNMLOJJIKFFAV88CA,馬蘭段,8.72,都市：住
RPRNMLNJJIKFFCV66DA,牧野段,233.00,非都市： ; 非都市編定：
RPVNMLOJJIKFFAV86CA,東海段,22.69,都市：住
RPVNMLOJJIKFFAV86CA,東海段,1.46,都市：住
RPTNMLNJJIKFFAV56CA,下南寮段,106.40,都市：農
RPWNMLOJJIKFFAV96CA,常德段,112.08,都市：住
RPQNMLNJJIKFFCV56DA,錦富段,677.50,非都市：特定農業區 ; 非都市編定：甲種建築用地
RPXNMLOJJIKFFAV07CA,旭川段,14.50,非都市：鄉村區 ; 非都市編定：交通用地
RPXNMLOJJIKFFAV07CA,旭川段,102.31,非都市：鄉村區 ; 非都市編定：乙種建築用地
RPXNMLOJJIKFFAV07CA,旭川段,5.90,非都市：鄉村區 ; 非都市編定：乙種建築用地
RPTNMLQJJIKFFAV86CA,台東段,280.00,都市：住
RPQNMLOJJIKFFAV98CA,新生段,16.00,都市：住
RPQNMLOJJIKFFAV98CA,新生段,11.00,都市：住
RPQNMLRKJIKFFCV96CA,崁頂段,5940.00,非都市：山坡地保育區 ; 非都市編定：農牧用地
RPPNMLPJJIKFFAV98CA,石川段,3970.63,非都市：風景區 ; 非都市編定：農牧用地
RPPNMLMKJIKFFCV98CA,紅葉段,3203.00,都市：其他
RPPNMLMKJIKFFCV98CA,紅葉段,1345.00,都市：其他
RPPNMLMKJIKFFCV98CA,紅葉段,587.00,都市：其他
RPPNMLMKJIKFFCV98CA,紅葉段,752.00,都市：其他
RPPNMLMKJIKFFCV98CA,紅葉段,258.00,都市：其他
RPPNMLMKJIKFFCV98CA,紅葉段,19.00,都市：其他
RPPNMLMKJIKFFCV98CA,紅葉段,5.00,都市：其他
RPTNMLPJJIKFFAV76CA,台東段,46.00,都市：商
RPPNMLSKJIKFFAV76CA,台東段,144.00,都市：商
RPPNMLMJKIKFFDV56DA,笆札筏段,298.72,非都市：山坡地保育區 ; 非都市編定：農牧用地
RPPNMLMJKIKFFDV56DA,笆札筏段,903.86,非都市：山坡地保育區 ; 非都市編定：農牧用地
RPWNMLTJJIKFFAV57DA,南榮段,200.06,都市：農
RPRNMLQJJIKFFAV76DA,自強段,36.00,都市：住
RPRNMLQJJIKFFAV76DA,自強段,11.00,都市：住
RPPNMLQJJIKFFBV56CA,東柄段,6861.81,非都市：風景區 ; 非都市編定：農牧用地
RPPNMLQJJIKFFBV56CA,東柄段,693.22,非都市：風景區 ; 非都市編定：農牧用地
RPPNMLQJJIKFFBV56CA,東柄段,432.37,非都市：風景區 ; 非都市編定：農牧用地
RPPNMLQJJIKFFBV56CA,東柄段,321.09,非都市：風景區 ; 非都市編定：農牧用地
RPXNMLTJJIKFFAV57CA,明峰段,3160.00,非都市：山坡地保育區 ; 非都市編定：農牧用地
RPPNMLNKJIKFFDV56CA,多良段,6740.00,非都市：風景區 ; 非都市編定：農牧用地
RPRNMLKLJIKFFAV88CA,公西段,32.31,都市：農
RPRNMLKLJIKFFAV88CA,公西段,337.47,都市：農
RPPNMLTKJIKFFCV07CA,福原段,241.70,都市：住
RPPNMLTKJIKFFCV07CA,福原段,188.36,都市：住
RPPNMLTKJIKFFCV07CA,福原段,18.04,都市：其他
RPPNMLTKJIKFFCV07CA,福原段,25.16,都市：其他
RPPNMLTKJIKFFCV07CA,福原段,353.80,都市：其他
RPPNMLTKJIKFFCV07CA,福原段,5.94,都市：農
RPPNMLTKJIKFFCV07CA,福原段,309.21,都市：農
RPPNMLTKJIKFFCV07CA,福原段,905.62,都市：農
RPPNMLTKJIKFFCV07CA,福原段,676.92,都市：農
RPQOMLTKJIKFFAV07CA,建成段,114.79,都市：住
RPPNMLKLJIKFFAV68CA,中山段,48.00,都市：住
RPPNMLQLJIKFFCV96DA,龍田段,94.32,都市：商
RPPNMLQJJIKFFAV09CA,台東段,150.00,都市：住
RPPNMLKKJIKFFCV88DA,加拿段,12516.00,非都市：山坡地保育區 ; 非都市編定：林業用地
RPVNMLMKJIKFFAV76CA,台東段,21.53,都市：商
RPQNMLLKJIKFFAV88DA,台東段,94.00,都市：住
RPUNMLMKJIKFFAV66CA,台東段,15.33,都市：住
RPQNMLMKJIKFFAV88CA,豐年段,47.53,都市：住
RPPNMLMKJIKFFAV78CA,新中寮段,28.07,都市：住
RPVNMLLKJIKFFAV66CA,梧州段,664.20,都市：住
RPVNMLLKJIKFFAV66CA,梧州段,75.23,都市：其他
RPTNMLMKJIKFFAV56CA,豐聖段,167.72,都市：住
RPTNMLMKJIKFFAV56CA,豐聖段,2.50,都市：住
RPTNMLMKJIKFFAV56CA,豐聖段,1.03,都市：住
RPTNMLMKJIKFFAV56CA,豐聖段,.78,都市：住
RPTNMLMKJIKFFAV56CA,豐聖段,1.26,都市：住
RPTNMLMKJIKFFAV56CA,豐聖段,.17,都市：住
RPRNMLOLJIKFFAV76DA,自強段,53.00,都市：住
RPTNMLLKJIKFFAV09CA,台東段,13.00,都市：住
RPPNMLKKJIKFFAV58CA,豐年段,19.88,都市：住
RPPNMLQKJIKFFAV56CA,德安段,5008.88,都市：農
RPPNMLQKJIKFFAV56CA,德安段,286.61,都市：農
RPTNMLNLJIKFFAV76CA,永和段,103.43,都市：住
RPTNMLNLJIKFFAV76CA,永和段,22.12,都市：其他
RPPNMLLKJIKFFAV78DA,台東段,9.00,都市：住
RPSOMLKKJIKFFAV98CA,馬蘭段,10.98,都市：住
RPTOMLKKJIKFFAV09CA,台東段,446.00,都市：住
RPQNMLTKJIKFFDV27CA,金段,14053.00,非都市：森林區 ; 非都市編定：林業用地
RPUNMLKKJIKFFAV09CA,豐年段,6.00,都市：住
RPWNMLMKJIKFFAV96DA,康樂段,423.00,非都市：特定農業區 ; 非都市編定：農牧用地
RPVNMLKLJIKFFCV96DA,德高段,3504.07,非都市：特定農業區 ; 非都市編定：農牧用地
RPRNMLMKJIKFFCV56CA,廣原段,2740.00,非都市：一般農業區 ; 非都市編定：農牧用地
RPRNMLMKJIKFFCV56CA,廣原段,600.00,非都市：一般農業區 ; 非都市編定：農牧用地
RPPNMLNKJIKFFBV98CA,北佳里段,1682.66,非都市：風景區 ; 非都市編定：農牧用地
RPUNMLPLJIKFFAV17DA,明峰段,2495.50,非都市：山坡地保育區 ; 非都市編定：農牧用地
RPPNMLLKJIKFFBV78CA,南河段,1869.10,都市：農
RPQNMLMKJIKFFBV98CA,八仙洞段,1923.68,非都市：風景區 ; 非都市編定：農牧用地
RPQNMLMKJIKFFBV98CA,八仙洞段,1923.67,非都市：風景區 ; 非都市編定：農牧用地
RPXNMLMKJIKFFAV96CA,豐航段,453.93,都市：住
RPXNMLMKJIKFFAV96CA,豐航段,189.31,都市：住
RPXNMLMKJIKFFAV96CA,豐航段,590.09,都市：住
RPQNMLNKJIKFFAV98CA,龍過脈段,2961.26,非都市：山坡地保育區 ; 非都市編定：農牧用地
RPWNMLRJKIKFFAV37CA,新生段,26.00,都市：住
RPWNMLRJKIKFFAV37CA,新生段,82.00,都市：住
RPWNMLRJKIKFFAV37CA,新生段,4.00,都市：住
RPWNMLRJKIKFFAV37CA,新生段,32.50,都市：其他
RPVNMLQKJIKFFAV17CA,德安段,83.70,都市：住
RPVNMLQKJIKFFAV17CA,德安段,20.78,都市：住
RPVNMLQKJIKFFAV17CA,德安段,80.83,都市：住
RPVNMLQKJIKFFAV17CA,德安段,25.52,都市：住
RPSNMLQKJIKFFBV96CA,新竹湖段,3016.59,非都市：風景區 ; 非都市編定：農牧用地
RPRNMLRKJIKFFBV96CA,三民段,276.35,都市：住
RPPNMLRLJIKFFCV96CA,瑞里段,2533.48,非都市：一般農業區 ; 非都市編定：農牧用地
RPPNMLRLJIKFFCV96CA,瑞里段,3100.00,非都市：一般農業區 ; 非都市編定：農牧用地
RPXNMLRKJIKFFAV47CA,馬蘭段,9.50,都市：住
RPSNMLRKJIKFFAV96CA,豐樂段,298.00,都市：住
RPPNMLOJKIKFFCV56CA,中和段,600.79,非都市：特定農業區 ; 非都市編定：甲種建築用地
RPRNMLNKJIKFFAV56DA,台東段,39.00,都市：住
RPRNMLNKJIKFFAV56DA,台東段,11.00,都市：住
RPTNMLPLJIKFFAV07DA,東海段,26.98,都市：住
RPVNMLPLJIKFFAV17CA,豐成段,155.91,非都市：特定農業區 ; 非都市編定：農牧用地
RPQNMLRKJIKFFBV86CA,三民段,133.73,都市：住
RPWNMLLKJIKFFAV76CA,豐年段,634.94,都市：其他
RPVNMLNKJIKFFAV96DA,常德段,12.53,都市：住
RPPNMLTKJIKFFDV17CA,秀山段,9.23,都市：住
RPPNMLTKJIKFFDV17CA,秀山段,.00,都市：住
RPPNMLKMJIKFFBV88CA,三民段,8.88,都市：住
RPSNMLQKJIKFFAV86CA,豐富段,137.51,都市：農
RPSNMLQKJIKFFAV86CA,豐富段,11.77,都市：其他
RPTNMLQKJIKFFAV96CA,豐富段,2661.55,都市：農
RPTNMLQKJIKFFAV96CA,豐富段,28.12,都市：其他
RPSNMLPLJIKFFAV96DA,常德段,126.56,都市：住
RPRNMLRJKIKFFAV86CA,常德段,78.33,都市：住
RPXNMLNKJIKFFAV07CA,永清段,125.70,都市：其他
RPPNMLRKJIKFFCV86CA,里段,146.73,都市：住
RPTNMLTKJIKFFAV27CA,大豐段,1265.71,非都市：特定農業區 ; 非都市編定：農牧用地
RPXNMLNJKIKFFAV07CA,公東段,506.48,都市：住
RPWOMLTKJIKFFAV67CA,石川段,1235.08,非都市：風景區 ; 非都市編定：丙種建築用地
RPQNMLRKJIKFFAV76CA,豐谷段,88.00,都市：住
RPXOMLTKJIKFFAV77CA,中心段,24.00,都市：住
SPPNMLTKJIKFFDV27CA,秀山段,9.23,都市：住
SPPNMLTKJIKFFDV27CA,秀山段,.00,都市：住
RPVNMLRLJIKFFAV37CA,上源段,18884.19,非都市：山坡地保育區 ; 非都市編定：農牧用地
RPWNMLKLJIKFFCV07DA,大原段,3052.00,非都市：特定農業區 ; 非都市編定：農牧用地
RPSNMLKLJIKFFAV98CA,常德段,91.25,都市：住
RPXNMLRLJIKFFAV57CA,台東段,57.92,都市：住
RPRNMLQLJIKFFDV17CA,秀山段,10.39,都市：住
RPRNMLQLJIKFFDV17CA,秀山段,.00,都市：住
RPXNMLLKJIKFFAV86CA,南清段,207.27,都市：其他
RPXNMLLKJIKFFAV86CA,南清段,76.84,都市：其他
RPXNMLLKJIKFFAV86CA,南清段,16.52,都市：其他
RPQNMLSKJIKFFBV07DA,和平南段,157.03,非都市：風景區 ; 非都市編定：交通用地
RPQNMLSKJIKFFBV07DA,和平南段,2367.05,非都市：風景區 ; 非都市編定：農牧用地
RPQNMLSKJIKFFBV07DA,和平南段,242.88,非都市：風景區 ; 非都市編定：農牧用地
RPSOMLSJKIKFFAV17CA,旭川段,152.35,非都市：鄉村區 ; 非都市編定：乙種建築用地
RPVNMLRKJIKFFAV27CA,台東段,83.00,都市：住
RPSNMLKLJIKFFCV66DA,鹿野段,100.00,非都市： ; 非都市編定：
RPRNMLKLJIKFFCV56DA,康源段,10330.00,非都市：山坡地保育區 ; 非都市編定：林業用地
RPRNMLQKJIKFFBV96DA,濱海段,80.34,都市：住
RPRNMLQKJIKFFBV96DA,濱海段,17.49,都市：住
RPRNMLQKJIKFFBV96DA,濱海段,650.47,都市：住
RPWNMLRKJIKFFAV37CA,知本段,1190.00,非都市：特定農業區 ; 非都市編定：農牧用地
RPPNMLLKKIKFFBV88CA,真柄段,2784.00,非都市：風景區 ; 非都市編定：農牧用地
RPTNMLKLJIKFFAV09CA,東海段,86.14,都市：住
RPUNMLKLJIKFFAV56CA,自強段,524.00,都市：住
RPVNMLLJKIKFFBV76CA,忠智段,100.66,都市：住
RPQNMLNJKIKFFAV98CA,鎮樂段,11809.00,非都市：山坡地保育區 ; 非都市編定：農牧用地
RPQNMLNJKIKFFAV98CA,鎮樂段,252.00,非都市：山坡地保育區 ; 非都市編定：丙種建築用地
RPQNMLKLJIKFFCV98CA,大埔段,189.88,都市：住
RPWNMLTKJIKFFAV57CA,知本段,1002.00,非都市：特定農業區 ; 非都市編定：農牧用地
RPWNMLTKJIKFFAV57CA,知本段,1002.00,非都市：特定農業區 ; 非都市編定：農牧用地
RPWNMLTKJIKFFAV57CA,知本段,1002.00,非都市：特定農業區 ; 非都市編定：農牧用地
RPXNMLSKJIKFFAV57CA,南清段,207.27,都市：其他
RPXNMLSKJIKFFAV57CA,南清段,76.84,都市：其他
RPXNMLSKJIKFFAV57CA,南清段,16.52,都市：其他
RPVNMLSKJIKFFAV37CA,台東段,348.00,都市：住
RPVNMLSKJIKFFAV37CA,台東段,10.00,都市：其他
RPOOMLSKJIKFFAV76CA,豐年段,457.98,都市：其他
RPOPMLTKJIKFFAV96CA,豐年段,23.75,都市：住
RPWOMLMJKIKFFAV96CA,青林段,49.81,都市：住
RPPNMLOLJIKFFAV09CA,豐年段,228.45,都市：住
RPPNMLOLJIKFFAV09CA,豐年段,.43,都市：商
RPPNMLOLJIKFFAV09CA,豐年段,169.53,都市：商
RPPNMLOLJIKFFAV09CA,豐年段,1.39,都市：住
RPUNMLLJKIKFFBV66CA,南都歷段,616.09,非都市：鄉村區 ; 非都市編定：乙種建築用地
RPVNMLNLJIKFFAV96CA,初鹿段,4318.00,非都市：特定農業區 ; 非都市編定：農牧用地
RPVNMLNLJIKFFAV96CA,初鹿段,3286.00,非都市：特定農業區 ; 非都市編定：農牧用地
RPPNMLKLJIKFFBV88DA,高原段,1542.00,非都市：森林區 ; 非都市編定：農牧用地
RPPNMLRJKIKFFBV86DA,北都歷段,985.29,非都市：鄉村區 ; 非都市編定：乙種建築用地
RPWNMLKLJIKFFAV76CA,建樂段,4.48,都市：商
RPWNMLKLJIKFFAV76CA,建樂段,4.48,都市：商
RPWNMLKLJIKFFAV76CA,建樂段,.51,都市：商
RPWNMLKLJIKFFAV76CA,建樂段,.51,都市：商
RPTNMLKLJIKFFCV76DA,大原段,1244.00,非都市：特定農業區 ; 非都市編定：農牧用地
RPTNMLKLJIKFFCV76DA,大原段,1327.00,非都市：特定農業區 ; 非都市編定：農牧用地
RPTNMLKLJIKFFCV76DA,大原段,407.00,非都市：特定農業區 ; 非都市編定：農牧用地
RPUNMLNLJIKFFAV86CA,初鹿段,2918.00,非都市：特定農業區 ; 非都市編定：農牧用地
RPQNMLPLJIKFFCV86CA,福原段,122.83,都市：住
RPQNMLOLJIKFFBV66CA,黃金橋段,2394.66,非都市：風景區 ; 非都市編定：農牧用地
RPVNMLKLJIKFFAV66CA,岩灣段,235.82,都市：住
RPXNMLTKJIKFFAV67CA,大豐段,2295.76,非都市：特定農業區 ; 非都市編定：農牧用地
RPQNMLKLJIKFFAV78CA,建康段,93.61,都市：住
RPPNMLMLJIKFFAV88CA,新生段,92.00,都市：住
RPVOMLMJKIKFFAV86CA,青林段,49.26,都市：住
RPWNMLNJKIKFFAV96CA,公東段,441.52,都市：住
RPPNMLKMJIKFFAV78CA,大豐段,430.21,非都市：特定農業區 ; 非都市編定：甲種建築用地
RPPNMLKMJIKFFAV78CA,大豐段,2049.70,非都市：特定農業區 ; 非都市編定：甲種建築用地
RPXOMLSJKIKFFAV67CA,旭川段,176.65,非都市：鄉村區 ; 非都市編定：乙種建築用地
RPRNMLNJKIKFFAV09CA,青林段,49.81,都市：住
RPUOMLMJKIKFFAV76CA,青林段,49.81,都市：住
RPOOMLTKJIKFFAV86CA,自強段,156.00,都市：住
RPSNMLOLJIKFFBV86CA,新竹湖段,526.23,非都市：風景區 ; 非都市編定：農牧用地
RPTNMLOLJIKFFBV96CA,新竹湖段,526.23,非都市：風景區 ; 非都市編定：農牧用地
RPRNMLNLJIKFFAV56CA,豐工段,1763.16,都市：工
RPOPMLSJKIKFFAV86CA,旭川段,170.90,非都市：鄉村區 ; 非都市編定：乙種建築用地
RPPNMLLJKIKFFDV98CA,荒野段,4952.80,非都市：一般農業區 ; 非都市編定：農牧用地
RPPNMLLJKIKFFDV98CA,荒野段,1377.78,非都市：一般農業區 ; 非都市編定：農牧用地
RPPNMLLJKIKFFDV98CA,荒野段,2143.34,非都市：一般農業區 ; 非都市編定：農牧用地
RPPNMLLJKIKFFDV98CA,荒野段,874.14,非都市：一般農業區 ; 非都市編定：農牧用地
RPPNMLLJKIKFFDV98CA,荒野段,1375.01,非都市：一般農業區 ; 非都市編定：農牧用地
RPPNMLOLJIKFFCV76DA,德高段,5753.57,非都市：特定農業區 ; 非都市編定：農牧用地
RPXOMLMJKIKFFAV07CA,青林段,42.41,都市：住
RPRNMLMJKIKFFDV76DA,金灣段,1430.00,非都市：山坡地保育區 ; 非都市編定：農牧用地
RPQNMLNLJIKFFAV09CA,南王段,142.58,都市：住
RPQNMLNLJIKFFAV09CA,南王段,4.72,都市：住
RPTNMLQLJIKFFAV17DA,利家段,67.00,非都市：鄉村區 ; 非都市編定：乙種建築用地
RPQNMLOLJIKFFCV76CA,溪埔段,993.83,非都市：特定農業區 ; 非都市編定：農牧用地
RPPNMLOLJIKFFBV56CA,新竹湖段,3016.59,非都市：風景區 ; 非都市編定：農牧用地
RPPNMLRKKIKFFBV96DA,小馬東段,783.76,非都市：鄉村區 ; 非都市編定：乙種建築用地
RPPNMLRKKIKFFBV96DA,小馬東段,78.60,非都市：鄉村區 ; 非都市編定：乙種建築用地
RPQNMLPLJIKFFAV66CA,青林段,109.91,都市：住
RPSNMLOLJIKFFAV76CA,東海段,25.08,都市：住
RPSNMLOLJIKFFAV76CA,東海段,1.62,都市：住
RPRNMLPLJIKFFAV76CA,南王段,101.59,都市：住
RPTOMLMJKIKFFAV66CA,青林段,49.81,都市：住
RPVNMLOLJIKFFBV17CA,高原段,83.00,非都市：鄉村區 ; 非都市編定：乙種建築用地
RPTNMLOLJIKFFAV86CA,豐榮段,90.00,都市：住
RPQNMLLJKIKFFAV78CA,豐康段,21.46,都市：住
RPQNMLLJKIKFFAV78CA,豐康段,8.15,都市：住
RPWNMLRLJIKFFAV47CA,台東段,79.00,都市：住
RPPNMLPLJIKFFBV66CA,新竹湖段,5152.97,非都市：風景區 ; 非都市編定：農牧用地
RPQOMLMJKIKFFAV98CA,青林段,49.81,都市：住
RPROMLMJKIKFFAV09CA,青林段,49.81,都市：住
RPWNMLOLJIKFFBV27CA,忠智段,241.63,都市：住
RPTOMLLKKIKFFAV66CA,南清段,197.01,都市：住
RPPNMLPJKIKFFCV66CA,水源段,290.73,非都市：一般農業區 ; 非都市編定：甲種建築用地
RPPNMLPJKIKFFCV66CA,水源段,2054.88,非都市：一般農業區 ; 非都市編定：農牧用地
RPPNMLPJKIKFFCV66CA,水源段,1150.99,非都市：一般農業區 ; 非都市編定：農牧用地
RPPNMLPJKIKFFCV66CA,水源段,32.16,非都市：一般農業區 ; 非都市編定：農牧用地
RPUNMLOLJIKFFBV07CA,田組段,10516.38,非都市：風景區 ; 非都市編定：農牧用地
RPUNMLOLJIKFFBV07CA,田組段,2000.00,非都市：風景區 ; 非都市編定：農牧用地
RPOPMLMJKIKFFAV88CA,青林段,49.26,都市：住
RPQNMLSJKIKFFCV07CA,中和段,260.28,非都市：一般農業區 ; 非都市編定：甲種建築用地
RPQNMLSJKIKFFCV07CA,中和段,260.28,非都市：一般農業區 ; 非都市編定：甲種建築用地
RPQNMLSJKIKFFCV07CA,中和段,260.28,非都市：一般農業區 ; 非都市編定：甲種建築用地
RPPNMLQLJIKFFBV86DA,高原段,2600.00,非都市：森林區 ; 非都市編定：農牧用地
RPSNMLLJKIKFFBV56DA,長濱段,600.00,非都市：風景區 ; 非都市編定：農牧用地
RPSNMLLJKIKFFBV56DA,新都威段,624.38,非都市：風景區 ; 非都市編定：農牧用地
RPTNMLRLJIKFFAV27DA,豐谷段,92.00,都市：住
RPTNMLRLJIKFFAV27DA,豐谷段,8.00,都市：其他
RPQNMLKMJIKFFAV88CA,豐年段,18.00,都市：住
RPSNMLQLJIKFFAV96CA,利家段,2145.00,非都市：特定農業區 ; 非都市編定：農牧用地
RPPNMLQLJIKFFAV66CA,台東段,150.00,都市：住
RPQOMLSJKIKFFAV96CA,德安段,26.51,都市：住
RPQOMLSJKIKFFAV96CA,德安段,.19,都市：住
RPQOMLSJKIKFFAV96CA,德安段,2.45,都市：住
RPQOMLSJKIKFFAV96CA,德安段,.05,都市：住
RPSNMLKMJIKFFAV09CA,普優瑪段,82.77,都市：住
RPXNMLMJKIKFFAV96CA,青林段,49.81,都市：住
RPPNMLRJKIKFFAV66CA,梧州段,1004.72,都市：住
RPPNMLRJKIKFFAV66CA,梧州段,182.14,都市：住
RPPNMLRJKIKFFAV66CA,梧州段,60.21,都市：住
RPPNMLRJKIKFFAV66CA,梧州段,510.82,都市：其他
RPPNMLRJKIKFFAV66CA,梧州段,194.80,都市：住
RPXNMLRJKIKFFAV47CA,旭川段,2883.39,非都市：特定農業區 ; 非都市編定：農牧用地
RPXNMLRJKIKFFAV47CA,旭川段,2500.00,非都市：特定農業區 ; 非都市編定：農牧用地
RPPOMLMJKIKFFAV88CA,台東段,63.00,都市：住
RPOOMLMJKIKFFAV78CA,青林段,49.81,都市：住
RPQNMLPLJIKFFBV76CA,三民段,69.93,都市：住
RPVNMLKMJIKFFAV76CA,煙草間段,115.71,非都市：特定農業區 ; 非都市編定：甲種建築用地
RPVNMLKMJIKFFAV76CA,煙草間段,524.51,非都市：特定農業區 ; 非都市編定：農牧用地
RPUNMLKMJIKFFAV66CA,豐橋段,84.89,都市：其他
RPPNMLRLJIKFFDV07CA,秀山段,.70,都市：住
RPPNMLRLJIKFFDV07CA,秀山段,9.25,都市：住
RPTNMLNJKIKFFAV66CA,福德段,800.00,非都市：山坡地保育區 ; 非都市編定：丙種建築用地
RPTNMLNJKIKFFAV66CA,福德段,800.00,非都市：山坡地保育區 ; 非都市編定：丙種建築用地
RPTNMLNJKIKFFAV66CA,福德段,496.97,非都市：山坡地保育區 ; 非都市編定：丙種建築用地
RPTNMLNJKIKFFAV66CA,福德段,556.00,非都市：山坡地保育區 ; 非都市編定：丙種建築用地
RPOOMLSJKIKFFAV76CA,馬蘭段,17.37,都市：住
RPPNMLRLJIKFFAV76CA,自強段,136.00,都市：住
RPWNMLMJKIKFFAV86CA,青林段,40.24,都市：住
RPOOMLSKKIKFFAV86CA,常德段,108.48,都市：住
RPQNMLQLJIKFFCV96CA,隆興段,5484.18,非都市：山坡地保育區 ; 非都市編定：農牧用地
RPQNMLQLJIKFFCV96CA,隆興段,19057.25,非都市：山坡地保育區 ; 非都市編定：農牧用地
RPUNMLRKKIKFFBV37CA,高原段,2500.00,非都市：森林區 ; 非都市編定：農牧用地
RPPNMLLJKIKFFCV88CA,福原段,9.89,都市：商
RPPNMLLJKIKFFCV88CA,福原段,9.03,都市：商
RPPNMLMJKIKFFAV78CA,青林段,53.41,都市：住
RPUNMLQLJIKFFAV27DA,豐工段,140.95,都市：工
RPPNMLKMJIKFFDV09CA,都哇拔段,48.71,非都市：鄉村區 ; 非都市編定：乙種建築用地
RPQNMLQKKIKFFBV96DA,南河段,303.71,都市：住
RPWNMLLJKIKFFBV96DA,長光段,2004.13,非都市：風景區 ; 非都市編定：農牧用地
RPPNMLLJKIKFFBV88DA,高台段,9.25,非都市：鄉村區 ; 非都市編定：乙種建築用地
RPPNMLKMJIKFFCV98CA,四維段,4000.00,非都市：一般農業區 ; 非都市編定：農牧用地
RPTNMLQKKIKFFBV17CA,三仙段,1000.00,都市：農
RPUNMLQKKIKFFBV27CA,三仙段,2309.15,都市：農
RPUNMLMJKIKFFAV66CA,台東段,80.00,都市：住
RPUNMLMJKIKFFAV66CA,台東段,34.00,都市：住
RPQNMLKMJIKFFBV98CA,小馬東段,1640.06,非都市：風景區 ; 非都市編定：農牧用地
RPQPMLMJKIKFFAV09CA,建業段,32.09,都市：住
RPPNMLLJKIKFFAV68CA,新園段,247.00,非都市：鄉村區 ; 非都市編定：乙種建築用地
RPVNMLMJKIKFFAV76CA,青林段,49.81,都市：住
RPTOMLSJKIKFFAV27CA,旭川段,184.51,非都市：鄉村區 ; 非都市編定：乙種建築用地
RPPNMLQKKIKFFBV76CA,小湊段小港小段,8600.00,非都市：風景區 ; 非都市編定：農牧用地
RPSNMLNLKIKFFAV76CA,常德段,111.87,都市：住
RPWNMLSKKIKFFAV67DA,常德段,228.37,都市：住
RPTNMLOJKIKFFAV76CA,康樂段,1743.00,非都市：特定農業區 ; 非都市編定：農牧用地
RPPNMLOJKIKFFAV98CA,豐里段,102.62,非都市：特定農業區 ; 非都市編定：甲種建築用地
RPRNMLRLJIKFFAV96CA,中正段,9.00,都市：住
RPRNMLRLJIKFFAV96CA,中正段,121.00,都市：住
RPSNMLSJKIKFFAV07CA,新中寮段,17.96,都市：其他
RPSNMLSJKIKFFAV07CA,新中寮段,297.31,都市：住
RPSNMLSJKIKFFAV07CA,新中寮段,4.46,都市：其他
RPQNMLOJKIKFFAV09CA,豐里段,105.47,非都市：特定農業區 ; 非都市編定：甲種建築用地
RPSNMLOJKIKFFAV66CA,豐里段,60.84,非都市：特定農業區 ; 非都市編定：甲種建築用地
RPSNMLOJKIKFFAV66CA,豐里段,60.84,非都市：特定農業區 ; 非都市編定：甲種建築用地
RPRNMLOJKIKFFAV56CA,豐里段,119.65,非都市：特定農業區 ; 非都市編定：甲種建築用地
RPROMLSLKIKFFAV27CA,永和段,217.21,都市：農
RPTNMLMJKIKFFAV56CA,青林段,49.81,都市：住
RPTNMLKMJIKFFAV66DA,永清段,53.17,都市：住
RPQNMLLJKIKFFCV09DA,大埔段,26.14,都市：住
RPSNMLMJKIKFFAV09CA,青林段,49.26,都市：住
RPUNMLRLJIKFFAV27CA,常德段,93.15,都市：住
RPUNMLOKKIKFFAV96CA,永豐段,99.18,都市：住
RPQNMLRKKIKFFBV07DA,小湊段美山小段,2592.00,非都市：風景區 ; 非都市編定：農牧用地
RPPNMLNJKIKFFDV66DA,金富段,347.91,非都市：山坡地保育區 ; 非都市編定：丙種建築用地
RPSNMLRLJIKFFAV07CA,台東段,99.00,都市：住
RPQNMLNLKIKFFCV76CA,西莊段,2002.16,非都市：特定農業區 ; 非都市編定：農牧用地
RPQNMLNLKIKFFCV76CA,西莊段,1106.10,非都市：特定農業區 ; 非都市編定：農牧用地
RPRNMLRKKIKFFBV17DA,小湊段美山小段,2695.00,非都市：風景區 ; 非都市編定：農牧用地
RPRNMLLJKIKFFAV88CA,石山段,1133.00,非都市：風景區 ; 非都市編定：農牧用地
RPPPMLSJKIKFFAV96CA,德安段,845.89,都市：住
RPPPMLSJKIKFFAV96CA,德安段,68.64,都市：其他
RPQPMLSJKIKFFAV07CA,德安段,68.63,都市：其他
RPQPMLSJKIKFFAV07CA,德安段,845.89,都市：住
RPRNMLMJKIKFFAV98CA,青林段,49.26,都市：住
RPPNMLKMKIKFFBV09DA,忠仁段,92.39,都市：住
RPPNMLKMKIKFFBV09DA,忠仁段,15.37,都市：住
RPPOMLSJKIKFFAV86CA,豐谷段,107.12,都市：住
RPUNMLNJKIKFFCV96CA,鹿野段,1404.00,都市：農
RPRPMLSJKIKFFAV17CA,新生段,14.64,都市：住
RPRNMLQJKIKFFBV86CA,南佳里段,1939.48,非都市：風景區 ; 非都市編定：農牧用地
RPPNMLMJKIKFFCV98CA,德高段,85.37,非都市：特定農業區 ; 非都市編定：甲種建築用地
RPSNMLRKKIKFFCV27CA,福原段,55.53,都市：住
RPVNMLSJKIKFFAV37CA,台東段,22.31,都市：住
RPPNMLNJKIKFFBV98CA,新港段新港小段,7165.00,非都市：風景區 ; 非都市編定：農牧用地
RPPNMLNJKIKFFBV98CA,新港段新港小段,2669.00,非都市：風景區 ; 非都市編定：農牧用地
RPSNMLNJKIKFFCV76CA,電光段,79.23,非都市：鄉村區 ; 非都市編定：乙種建築用地
RPUNMLSJKIKFFAV27CA,中心段,17.00,都市：住
RPTNMLNJKIKFFCV86CA,電光段,226.91,非都市：鄉村區 ; 非都市編定：乙種建築用地
RPUNMLOJKIKFFAV86CA,公東段,1336.54,都市：其他
RPUNMLOJKIKFFAV86CA,公東段,14.51,都市：其他
RPUNMLOJKIKFFAV86CA,公東段,2.37,都市：其他
RPRNMLNJKIKFFCV66CA,四維段,111.81,非都市：一般農業區 ; 非都市編定：甲種建築用地
RPVNMLOJKIKFFAV96CA,豐利段,85.20,都市：住
RPWNMLOJKIKFFAV07CA,台東段,1.87,都市：商
RPRNMLTJKIKFFAV07CA,中正段,79.00,都市：住
RPPNMLQJKIKFFAV56CA,建業段,16.74,都市：住
RPSOMLMJKIKFFAV56CA,班鳩段,1667.82,非都市：一般農業區 ; 非都市編定：農牧用地
RPPNMLSJKIKFFAV76CA,福德段,10000.00,非都市：山坡地保育區 ; 非都市編定：農牧用地
SPWNMLOJKIKFFAV17CA,台東段,1.78,都市：商
UPWNMLOJKIKFFAV37CA,台東段,1.10,都市：商
RPRNMLNJKIKFFBV66DA,北八里段,119.61,非都市：風景區 ; 非都市編定：農牧用地
TPWNMLOJKIKFFAV27CA,台東段,1.87,都市：商
RPOOMLQKKIKFFAV66CA,台東段,1208.00,都市：其他
RPOOMLQKKIKFFAV66CA,台東段,1207.00,都市：其他
RPSNMLNJKIKFFAV56CA,豐工段,376.70,都市：工
RPUNMLNJKIKFFAV76CA,知本段,1925.00,非都市：特定農業區 ; 非都市編定：農牧用地
RPUNMLRJKIKFFAV27DA,山里段,3253.48,非都市：特定農業區 ; 非都市編定：農牧用地
RPUNMLSLKIKFFAV57DA,台東段,40.22,都市：住
RPOOMLLKKIKFFAV78CA,常德段,18.93,都市：住
RPSNMLPKKIKFFAV96DA,豐川段,2836.43,非都市：特定農業區 ; 非都市編定：農牧用地
RPSNMLPKKIKFFAV96DA,豐川段,1676.95,非都市：特定農業區 ; 非都市編定：農牧用地
RPSNMLPKKIKFFAV96DA,豐川段,217.11,非都市：特定農業區 ; 非都市編定：農牧用地
RPQNMLPKKIKFFAV66CA,下南寮段,184.64,都市：其他
RPRNMLSJKIKFFAV96CA,岩灣段,111.02,都市：住
RPSNMLRJKIKFFAV07DA,德安段,21.26,都市：住
RPSNMLRJKIKFFAV07DA,德安段,.15,都市：住
RPSNMLRJKIKFFAV07DA,德安段,1.96,都市：住
RPSNMLRJKIKFFAV07DA,德安段,.04,都市：商
RPRNMLPKKIKFFAV76CA,下南寮段,263.32,都市：農
RPPNMLPKKIKFFAV56CA,公西段,31.10,都市：其他
RPPNMLNJKIKFFCV56DA,大埔段,101.09,都市：住
RPQNMLNJKIKFFCV66DA,和平段,1986.13,非都市：一般農業區 ; 非都市編定：農牧用地
RPQNMLNJKIKFFCV66DA,和平段,1869.75,非都市：一般農業區 ; 非都市編定：農牧用地
RPPNMLKKKIKFFBV78CA,大濱段宜灣小段,2820.00,非都市：風景區 ; 非都市編定：農牧用地
RPPNMLQJKIKFFBV66CA,大霸來段,1372.13,非都市：風景區 ; 非都市編定：農牧用地
RPPNMLQJKIKFFBV66CA,大霸來段,1078.36,非都市：風景區 ; 非都市編定：農牧用地
RPQNMLRJKIKFFAV76CA,台東段,51.66,都市：住
RPPOMLPKKIKFFAV66CA,利家段,12650.00,非都市：山坡地保育區 ; 非都市編定：林業用地
RPXNMLSJKIKFFAV57CA,上岩灣段,91.40,都市：住
RPWNMLLKKIKFFAV86CA,大南段,668.57,非都市：山坡地保育區 ; 非都市編定：林業用地
RPWNMLLKKIKFFAV86CA,東興段,24.75,非都市：鄉村區 ; 非都市編定：乙種建築用地
RPQOMLKKKIKFFAV98DA,中心段,12.00,都市：住
RPUNMLLKKIKFFAV66CA,大南段,668.57,非都市：山坡地保育區 ; 非都市編定：林業用地
RPUNMLLKKIKFFAV66CA,東興段,24.75,非都市：鄉村區 ; 非都市編定：乙種建築用地
RPUOMLSJKIKFFAV37CA,上岩灣段,45.83,都市：其他
RPUOMLSJKIKFFAV37CA,上岩灣段,45.83,都市：其他
RPQNMLTJKIKFFCV17CA,德高段,2024.89,非都市：特定農業區 ; 非都市編定：農牧用地
RPQNMLTJKIKFFCV17CA,德高段,149.00,非都市：特定農業區 ; 非都市編定：農牧用地
RPQNMLTJKIKFFCV17CA,德高段,779.30,非都市：特定農業區 ; 非都市編定：農牧用地
RPPNMLRJKIKFFCV86CA,德高段,3937.87,非都市：特定農業區 ; 非都市編定：農牧用地
RPQNMLOKKIKFFCV76CA,大原段,848.00,非都市：特定農業區 ; 非都市編定：農牧用地
RPQNMLOKKIKFFCV76CA,大原段,1397.00,非都市：特定農業區 ; 非都市編定：農牧用地
RPQNMLOKKIKFFCV76CA,大原段,1126.00,非都市：特定農業區 ; 非都市編定：農牧用地
RPQNMLOKKIKFFCV76CA,大原段,380.00,非都市：特定農業區 ; 非都市編定：農牧用地
RPQNMLOKKIKFFCV76CA,大原段,1026.00,非都市：特定農業區 ; 非都市編定：農牧用地
RPQNMLKMKIKFFCV56CA,福原段,5.94,都市：農
RPQNMLKMKIKFFCV56CA,福原段,309.21,都市：農
RPQNMLKMKIKFFCV56CA,福原段,905.62,都市：農
RPQNMLKMKIKFFCV56CA,福原段,676.92,都市：農
RPPNMLSJKIKFFCV96CA,鹿寮段,109.20,非都市：鄉村區 ; 非都市編定：乙種建築用地
RPPNMLSJKIKFFCV96CA,鹿寮段,121.86,非都市：鄉村區 ; 非都市編定：乙種建築用地
RPPNMLSJKIKFFCV96CA,鹿寮段,113.61,非都市：鄉村區 ; 非都市編定：乙種建築用地
RPRNMLSJKIKFFCV27DA,大埔段,112.50,都市：住
RPVNMLRJKIKFFAV27CA,青林段,49.81,都市：住
RPPOMLQKKIKFFAV76CA,東谷段,77.78,都市：住
RPSNMLTJKIKFFCV47DA,新日出段,2252.24,非都市：山坡地保育區 ; 非都市編定：農牧用地
RPROMLSJKIKFFAV07CA,台東段,81.00,都市：住
RPPNMLSJKIKFFBV86CA,新港段新港小段,709.00,非都市：風景區 ; 非都市編定：農牧用地
RPPNMLSJKIKFFBV86CA,新港段新港小段,709.00,非都市：風景區 ; 非都市編定：農牧用地
RPPNMLSJKIKFFBV86CA,新港段新港小段,408.00,非都市：風景區 ; 非都市編定：農牧用地
RPPNMLSJKIKFFBV86CA,新港段新港小段,408.00,非都市：風景區 ; 非都市編定：農牧用地
RPTPMLKMKIKFFAV86CA,永清段,135.71,都市：住
RPTPMLKMKIKFFAV86CA,永清段,.22,都市：住
RPSNMLLLKIKFFAV56CA,永樂段,89.00,都市：住
RPRPMLKMKIKFFAV66CA,永清段,190.42,都市：住
RPRPMLKMKIKFFAV66CA,永清段,.22,都市：住
RPQNMLKKKIKFFBV88CA,真柄段,1393.00,非都市：風景區 ; 非都市編定：農牧用地
RPQNMLKKKIKFFBV88CA,真柄段,1500.00,非都市：風景區 ; 非都市編定：農牧用地
RPRNMLLKKIKFFAV98CA,大南段,668.57,非都市：山坡地保育區 ; 非都市編定：林業用地
RPSPMLKMKIKFFAV76CA,永清段,132.33,都市：住
RPSPMLKMKIKFFAV76CA,永清段,.22,都市：住
RPXNMLOKKIKFFAV27CA,豐聖段,7.31,都市：住
RPSNMLLKKIKFFAV09CA,大南段,222.86,非都市：山坡地保育區 ; 非都市編定：林業用地
RPSNMLLKKIKFFAV09CA,東興段,8.25,非都市：鄉村區 ; 非都市編定：乙種建築用地
RPQNMLSJKIKFFBV96CA,高台段,204.28,非都市：鄉村區 ; 非都市編定：乙種建築用地
RPQOMLLKKIKFFAV98CA,豐里段,118.82,非都市：特定農業區 ; 非都市編定：甲種建築用地
RPQPMLTLKIKFFAV37CA,常德段,431.42,都市：住
RPQPMLTLKIKFFAV37CA,常德段,309.02,都市：住
RPPNMLSKKIKFFBV07DA,成功段,53.63,都市：住
RPQNMLOKKIKFFDV96DA,秀山段,10.39,都市：商
RPQNMLOKKIKFFDV96DA,秀山段,.00,都市：商
RPWNMLOKKIKFFAV27DA,上岩灣段,65.14,都市：住
RPQNMLQJJHLFFBV76DA,高原段,4012.00,非都市：森林區 ; 非都市編定：農牧用地
RPQNMLTJKIKFFAV96CA,自強段,37.79,都市：住
RPWOMLSJKIKFFAV67DA,中心段,125.00,都市：住
RPPNMLTJKIKFFAV86CA,豐源段,2831.47,非都市：特定農業區 ; 非都市編定：農牧用地
RPUPMLKMKIKFFAV96CA,永清段,151.97,都市：住
RPUPMLKMKIKFFAV96CA,永清段,.22,都市：住
RPWNMLKKKIKFFAV86DA,利家段,4309.00,非都市：特定農業區 ; 非都市編定：農牧用地
RPPNMLOKKIKFFAV09CA,豐年段,27.00,都市：住
RPSNMLRKKIKFFAV07CA,公西段,201.70,都市：住
RPVNMLLKKIKFFAV76CA,東興段,8.25,非都市：鄉村區 ; 非都市編定：乙種建築用地
RPVNMLLKKIKFFAV76CA,大南段,222.86,非都市：山坡地保育區 ; 非都市編定：林業用地
RPPOMLLKKIKFFAV88CA,知本段,913.00,非都市：特定農業區 ; 非都市編定：農牧用地
RPPNMLLKKIKFFCV09DA,慶福段,91.22,都市：住
RPPOMLPJJHLFFAV56DA,上岩灣段,65.14,都市：住
RPQNMLKKKIKFFCV09DA,錦富段,69.49,非都市：鄉村區 ; 非都市編定：乙種建築用地
RPQNMLKKKIKFFCV09DA,錦富段,409.58,非都市：鄉村區 ; 非都市編定：乙種建築用地
RPUNMLKKKIKFFAV56CA,知本段,989.00,非都市：特定農業區 ; 非都市編定：農牧用地
RPSNMLNJJHLFFAV09CA,岩灣段,152.24,都市：住
RPSOMLLKKIKFFAV56CA,旭川段,178.73,非都市：鄉村區 ; 非都市編定：乙種建築用地
RPOOMLPKKIKFFAV56CA,豐年段,21.43,都市：住
RPRNMLKKKIKFFBV98CA,仰光段,41.54,都市：商
RPRNMLKKKIKFFBV98CA,仰光段,111.66,都市：商
RPQNMLKKKIKFFAV78CA,馬蘭段,21.35,都市：住
RPTNMLKKKIKFFAV09CA,青林段,143.83,都市：其他
RPROMLKKKIKFFAV98CA,康樂段,866.00,非都市：特定農業區 ; 非都市編定：農牧用地
RPSNMLKKKIKFFAV98CA,青林段,521.79,都市：住
RPTNMLLKKIKFFAV56CA,大南段,222.86,非都市：山坡地保育區 ; 非都市編定：林業用地
RPRNMLOKKIKFFCV96DA,北庄段,5400.01,非都市：一般農業區 ; 非都市編定：農牧用地
RPPNMLRJJHLFFAV56CA,台東段,16.49,都市：住
RPROMLQKKIKFFAV96CA,建業段,116.53,都市：住
RPPNMLOJJHLFFAV88CA,自強段,129.12,都市：住
RPPNMLQJJHLFFBV66DA,南都歷段,336.11,非都市：風景區 ; 非都市編定：農牧用地
RPQOMLQKKIKFFAV86CA,建業段,8.28,都市：住
RPQOMLQKKIKFFAV86CA,建業段,1562.06,都市：住
RPQOMLQKKIKFFAV86CA,建業段,128.33,都市：住
RPQOMLQKKIKFFAV86CA,建業段,3.86,都市：住
RPQOMLQKKIKFFAV86CA,建業段,10.28,都市：住
RPQOMLQKKIKFFAV86CA,建業段,78.02,都市：住
RPPNMLLKKIKFFAV78CA,台東段,3.87,都市：住
RPXNMLLKKIKFFAV96CA,南榮段,224.92,都市：住
RPQNMLRKKIKFFCV07CA,福原段,146.64,都市：住
RPPNMLPKKIKFFDV86CA,金華段,175.89,非都市：山坡地保育區 ; 非都市編定：丙種建築用地
RPPNMLKKKIKFFCV88CA,豐泉段,132.25,都市：住
RPTNMLOKKIKFFAV86CA,射馬干段,881.05,非都市：特定農業區 ; 非都市編定：農牧用地
RPPNMLQJJHLFFCV66CA,德高段,500.00,非都市：特定農業區 ; 非都市編定：甲種建築用地
RPWNMLPKKIKFFAV27CA,新田段,62.52,非都市：特定農業區 ; 非都市編定：甲種建築用地
RPWNMLPKKIKFFAV27CA,新田段,182.22,非都市：特定農業區 ; 非都市編定：甲種建築用地
RPWNMLPKKIKFFAV27CA,新田段,109.36,非都市：特定農業區 ; 非都市編定：甲種建築用地
RPRNMLRKKIKFFCV17CA,福原段,55.53,都市：住
RPPNMLPKKIKFFBV66CA,東河段,507.22,都市：住
RPPNMLPKKIKFFBV66CA,東河段,.05,都市：住
RPQNMLOKKIKFFAV56CA,台東段,51.96,都市：住
RPTNMLQKKIKFFAV07CA,東海段,110.36,都市：住
RPTNMLRKKIKFFAV17CA,普優瑪段,1094.08,都市：農
RPTNMLRKKIKFFAV17CA,普優瑪段,105.88,都市：其他
RPPNMLOKKIKFFBV56CA,新都威段,190.08,非都市：鄉村區 ; 非都市編定：乙種建築用地
RPROMLLKKIKFFAV09CA,豐里段,104.04,非都市：特定農業區 ; 非都市編定：甲種建築用地
RPTNMLNJJHLFFAV56CA,興安段,249.61,都市：住
RPPNMLNJJHLFFAV78CA,常德段,109.61,都市：住
RPQNMLNJJHLFFAV88CA,常德段,132.45,都市：住
RPTNMLNLKIKFFAV86CA,常德段,55.37,都市：住
RPTNMLNLKIKFFAV86CA,常德段,55.37,都市：住
RPPNMLSKKIKFFDV27DA,土段,45060.00,非都市：山坡地保育區 ; 非都市編定：林業用地
RPPNMLPJJHLFFBV09CA,忠智段,51.78,都市：住
RPPNMLPJJHLFFBV09CA,忠智段,51.78,都市：住
RPPNMLPJJHLFFBV09CA,忠智段,7.38,都市：住
RPPNMLPJJHLFFBV09CA,忠智段,7.38,都市：住
RPPNMLPJJHLFFBV09CA,忠智段,32.80,都市：住
RPPNMLPJJHLFFBV09CA,忠智段,32.80,都市：住
RPPNMLLLKIKFFAV88CA,公東段,141.25,都市：住
RPPNMLLLKIKFFAV88CA,公東段,106.17,都市：住
RPPNMLLLKIKFFAV88CA,公東段,135.33,都市：其他
RPRNMLNJJHLFFAV98CA,岩灣段,150.52,都市：住
RPXNMLQKKIKFFAV47CA,公東段,1164.00,都市：其他
RPQNMLOKKIKFFBV76DA,忠勇段,86.12,都市：住
RPQNMLOKKIKFFBV76DA,忠勇段,93.04,都市：住
RPRNMLQKKIKFFAV96DA,豐航段,1382.31,都市：農
RPRNMLQKKIKFFCV17DA,福文段,101.21,都市：住
RPQNMLRKKIKFFDV17CA,秀山段,21.93,都市：其他
RPQNMLRKKIKFFDV17CA,秀山段,.01,都市：其他
RPPNMLQKKIKFFCV86CA,中華段,62.66,都市：住
SPQNMLRKKIKFFDV27CA,秀山段,.01,都市：其他
SPQNMLRKKIKFFDV27CA,秀山段,.01,都市：其他
RPPNMLQKKIKFFAV66CA,新生段,79.00,都市：住
RPVNMLQKKIKFFAV27CA,建成段,233.32,都市：住
RPVNMLQKKIKFFAV27CA,建成段,1.37,都市：住
RPUNMLQKKIKFFAV17CA,豐航段,70.08,都市：住
RPXNMLPKKIKFFAV37CA,新生段,11.41,都市：住
RPPNMLQKKIKFFDV07DA,金富段,2500.97,非都市：山坡地保育區 ; 非都市編定：農牧用地
RPUNMLPKKIKFFAV07CA,新生段,170.49,都市：住
RPVNMLPKKIKFFAV17CA,新生段,167.51,都市：住
RPTNMLPKKIKFFAV96CA,東海段,90.98,都市：住
RPTNMLPKKIKFFAV96CA,東海段,6.79,都市：住
RPWNMLQKKIKFFAV37CA,台東段,70.00,都市：住
RPSNMLSKKIKFFBV27CA,忠勇段,156.42,都市：住
RPQNMLRKKIKFFAV86CA,豐年段,11.00,都市：住
RPRNMLQKKIKFFBV96CA,忠仁段,361.20,都市：住
RPQNMLSKKIKFFBV07CA,忠勇段,62.03,都市：住
RPQNMLSKKIKFFBV07CA,忠勇段,145.93,都市：住
RPSNMLSLKIKFFAV27CA,知本段,1021.00,非都市：特定農業區 ; 非都市編定：農牧用地
RPRNMLLKJHLFFAV88CA,利家段,2291.00,非都市：特定農業區 ; 非都市編定：農牧用地
RPQNMLSKKIKFFAV96CA,大豐段,1450.19,非都市：特定農業區 ; 非都市編定：農牧用地
RPQNMLSKKIKFFAV96CA,豐源段,189.99,非都市：特定農業區 ; 非都市編定：水利用地
RPQNMLSKKIKFFAV96CA,大豐段,1784.56,非都市：特定農業區 ; 非都市編定：農牧用地
RPOOMLRKKIKFFAV76CA,台東段,150.00,都市：住
RPOOMLRKKIKFFAV76CA,台東段,5.00,都市：住
SPQNMLRKKIKFFAV96CA,豐年段,11.00,都市：住
RPTNMLRKKIKFFBV37DA,小湊段美山小段,3231.00,非都市：風景區 ; 非都市編定：農牧用地
RPTNMLPJJHLFFAV86DA,明峰段,2501.03,非都市：山坡地保育區 ; 非都市編定：農牧用地
RPQNMLLLKIKFFCV56CA,廣原段,12420.00,非都市：山坡地保育區 ; 非都市編定：農牧用地
RPPNMLLLKIKFFCV56DA,月野段,949.00,非都市：特定農業區 ; 非都市編定：農牧用地
RPPNMLLLKIKFFCV56DA,月野段,653.00,非都市：特定農業區 ; 非都市編定：農牧用地
RPPNMLLLKIKFFCV56DA,月野段,500.00,非都市：特定農業區 ; 非都市編定：農牧用地
RPQNMLOLKIKFFDV96CA,泰王段,374.96,都市：住
RPPNMLRKKIKFFCV96CA,水源段,74.97,非都市：一般農業區 ; 非都市編定：農牧用地
RPQNMLLLKIKFFAV98CA,台東段,71.00,都市：住
RPPNMLRLKIKFFDV17CA,北橋段,9.61,都市：住
RPPNMLRLKIKFFDV17CA,北橋段,2.74,都市：住
RPPNMLRLKIKFFDV17CA,北橋段,137.58,都市：住
RPWNMLRKKIKFFAV47CA,豐年段,64.84,都市：住
RPWNMLRKKIKFFAV47CA,豐年段,2.16,都市：其他
RPRNMLSKKIKFFAV07CA,自強段,86.00,都市：住
RPSNMLRKKIKFFBV27DA,小湊段美山小段,2916.00,非都市：風景區 ; 非都市編定：農牧用地
RPPNMLOLKIKFFDV96DA,壢坵段,8903.00,非都市：森林區 ; 非都市編定：林業用地
RPSNMLSKKIKFFAV17CA,岩灣段,136.89,都市：住
RPQOMLSKKIKFFAV07CA,中山段,83.00,都市：商
RPPNMLQLKIKFFAV76CA,常德段,133.18,都市：住
RPPNMLOLKIKFFAV56CA,台東段,18.57,都市：商
RPPNMLOLKIKFFAV56CA,台東段,9.43,都市：商
RPVNMLPLKIKFFAV27CA,台東段,88.00,都市：住
RPSOMLOJJHLFFAV66CA,豐利段,25.60,都市：住
RPQNMLNLKIKFFBV66CA,三仙段,7074.46,非都市：風景區 ; 非都市編定：丙種建築用地
RPRPMLOKJHLFFAV76CA,公東段,53.78,都市：住
RPRPMLOKJHLFFAV76CA,公東段,53.78,都市：住
RPRPMLOKJHLFFAV76CA,公東段,77.36,都市：住
RPRPMLOKJHLFFAV76CA,公東段,77.36,都市：住
RPRPMLOKJHLFFAV76CA,公東段,85.74,都市：住
RPRPMLOKJHLFFAV76CA,公東段,85.74,都市：住
RPQNMLLJJHLFFAV68CA,利家段,147.00,非都市：特定農業區 ; 非都市編定：甲種建築用地
RPQNMLLJJHLFFAV68CA,利家段,13.00,非都市：特定農業區 ; 非都市編定：甲種建築用地
RPQNMLNKJHLFFBV09CA,忠勇段,174.28,都市：住
RPUNMLSKKIKFFBV47CA,忠智段,132.59,都市：住
RPPNMLMLKIKFFBV09CA,玉港段,60.07,非都市：風景區 ; 非都市編定：農牧用地
RPRNMLSKKIKFFBV17CA,忠勇段,106.78,都市：住
RPPNMLRLKIKFFBV96CA,忠仁段,114.66,都市：住
RPTNMLSKKIKFFBV37CA,忠智段,92.23,都市：住
RPRNMLPKJHLFFAV76DA,豐里段,300.15,非都市：鄉村區 ; 非都市編定：乙種建築用地
RPUNMLSKKIKFFAV37CA,興安段,192.03,都市：住
RPPNMLNLKIKFFDV76CA,尚武段,204.38,都市：其他
RPPNMLNLKIKFFDV76CA,尚武段,379.72,都市：住
RPPNMLNLKIKFFDV76CA,尚武段,8.29,都市：住
RPPNMLNLKIKFFDV76CA,尚武段,202.32,都市：其他
RPPNMLNLKIKFFDV76CA,尚武段,1.02,都市：其他
RPPNMLNLKIKFFDV76CA,尚武段,330.08,都市：其他
RPPNMLNLKIKFFDV76CA,尚武段,754.41,都市：住
RPPNMLNLKIKFFDV76CA,尚武段,6.32,都市：住
RPPNMLNLKIKFFDV76CA,尚武段,3.69,都市：其他
RPPNMLNLKIKFFDV76CA,尚武段,19.08,都市：其他
RPPNMLNLKIKFFDV76CA,尚武段,20.48,都市：住
RPPNMLNLKIKFFDV76CA,尚武段,101.66,都市：住
RPPNMLNLKIKFFDV76CA,尚武段,10.07,都市：住
RPPNMLNLKIKFFDV76CA,尚武段,1200.06,都市：住
RPPNMLNLKIKFFDV76CA,尚武段,19.52,都市：住
RPPNMLNLKIKFFDV76CA,尚武段,203.68,都市：其他
RPPNMLNLKIKFFDV76CA,尚武段,766.78,都市：住
RPPNMLNLKIKFFDV76CA,尚武段,1110.79,都市：住
RPPNMLNLKIKFFDV76CA,尚武段,944.77,都市：住
RPPNMLNLKIKFFDV76CA,尚武段,5.09,都市：其他
RPPNMLNLKIKFFDV76CA,尚武段,105.97,都市：其他
RPPNMLNLKIKFFDV76CA,尚武段,.05,都市：其他
RPPNMLNLKIKFFDV76CA,尚武段,27.79,都市：住
RPPNMLNLKIKFFDV76CA,尚武段,30.24,都市：住
RPPNMLNLKIKFFDV76CA,尚武段,19.79,都市：其他
RPPNMLNLKIKFFDV76CA,尚武段,2.33,都市：住
RPPNMLNLKIKFFDV76CA,尚武段,2.80,都市：住
RPPNMLNLKIKFFDV76CA,尚武段,282.45,都市：住
RPPNMLNLKIKFFDV76CA,尚武段,46.58,都市：其他
RPPNMLNLKIKFFDV76CA,尚武段,45.80,都市：住
RPPNMLNLKIKFFDV76CA,尚武段,88.95,都市：住
RPPNMLNLKIKFFDV76CA,尚武段,50.12,都市：其他
RPPNMLNLKIKFFDV76CA,尚武段,727.18,都市：住
RPPOMLOLKIKFFAV66CA,豐年段,54.13,都市：住
RPTNMLSKKIKFFAV27CA,岩灣段,177.11,都市：住
RPRNMLLLKIKFFCV66CA,福原段,113.45,都市：住
RPWNMLOJJHLFFAV96CA,下賓朗段,102.54,非都市：一般農業區 ; 非都市編定：甲種建築用地
RPRNMLRLKIKFFCV37DA,大原段,1176.00,非都市：特定農業區 ; 非都市編定：農牧用地
RPRNMLRLKIKFFCV37DA,大原段,527.00,非都市：特定農業區 ; 非都市編定：農牧用地
RPPOMLSKKIKFFAV96CA,岩灣段,178.97,都市：住
RPPNMLRLKIKFFCV17DA,大原段,1346.00,非都市：特定農業區 ; 非都市編定：農牧用地
RPPNMLRLKIKFFCV17DA,大原段,1346.00,非都市：特定農業區 ; 非都市編定：農牧用地
RPPNMLRLKIKFFCV17DA,大原段,1169.00,非都市：特定農業區 ; 非都市編定：農牧用地
RPPNMLMLKIKFFCV56CA,新福段,330.23,非都市：鄉村區 ; 非都市編定：乙種建築用地
RPTNMLOJJHLFFBV86DA,新美山段,214.75,非都市：鄉村區 ; 非都市編定：乙種建築用地
RPPNMLSLKIKFFDV27CA,秀山段,254.81,都市：農
RPOOMLNLKIKFFAV56DA,台東段,98.00,都市：住
RPPNMLNLKIKFFCV66CA,溪埔段,158.22,非都市：特定農業區 ; 非都市編定：農牧用地
RPQNMLTLKIKFFBV27CA,馬稼海段,446.16,非都市：風景區 ; 非都市編定：丙種建築用地
RPQNMLTLKIKFFBV27CA,馬稼海段,727.56,非都市：風景區 ; 非都市編定：丙種建築用地
RPPNMLSLKIKFFBV07CA,高原段,1778.00,非都市：森林區 ; 非都市編定：農牧用地
RPSNMLSKJHLFFAV07CA,台東段,10.00,都市：住
RPSNMLSKJHLFFAV07CA,台東段,78.00,都市：住
RPOOMLLJJHLFFAV58CA,利家段,178.00,非都市：特定農業區 ; 非都市編定：甲種建築用地
RPOOMLLJJHLFFAV58CA,利家段,14.00,非都市：特定農業區 ; 非都市編定：甲種建築用地
RPQNMLOKJHLFFAV09CA,利泰段,33.58,非都市：一般農業區 ; 非都市編定：農牧用地
RPQNMLOKJHLFFAV09CA,利泰段,314.70,非都市：一般農業區 ; 非都市編定：農牧用地
RPQNMLOKJHLFFAV09CA,利泰段,106.39,非都市：一般農業區 ; 非都市編定：農牧用地
RPQNMLOKJHLFFAV09CA,利泰段,359.99,非都市：一般農業區 ; 非都市編定：農牧用地
RPQNMLOKJHLFFAV09CA,利泰段,438.25,非都市：一般農業區 ; 非都市編定：農牧用地
RPQNMLMLKIKFFAV09CA,台東段,54.89,都市：住
RPUNMLNLKIKFFAV96CA,豐里段,118.16,非都市：特定農業區 ; 非都市編定：甲種建築用地
RPSNMLOKJHLFFAV66CA,利泰段,64.14,非都市：一般農業區 ; 非都市編定：農牧用地
RPPNMLOKJHLFFAV98CA,利泰段,53.65,非都市：一般農業區 ; 非都市編定：農牧用地
RPXNMLOKJHLFFAV17CA,利泰段,33.26,非都市：一般農業區 ; 非都市編定：農牧用地
RPRNMLOKJHLFFAV56CA,利泰段,165.91,非都市：一般農業區 ; 非都市編定：農牧用地
RPQOMLOKJHLFFAV56CA,利泰段,20.11,非都市：一般農業區 ; 非都市編定：交通用地
RPQOMLOKJHLFFAV56CA,利泰段,108.96,非都市：一般農業區 ; 非都市編定：交通用地
RPPOMLOKJHLFFAV09CA,利泰段,114.66,非都市：特定農業區 ; 非都市編定：農牧用地
RPQOMLPLKIKFFAV86CA,永和段,67.90,都市：住
RPUNMLLKJHLFFAV56CA,利泰段,28.94,非都市：一般農業區 ; 非都市編定：農牧用地
RPRNMLOJJHLFFAV09CA,豐年段,105.89,都市：住
RPTOMLOKJHLFFAV86CA,利泰段,42.06,非都市：一般農業區 ; 非都市編定：甲種建築用地
RPWNMLOKJHLFFAV07CA,利泰段,47.88,非都市：一般農業區 ; 非都市編定：農牧用地
RPOOMLOKJHLFFAV98CA,利泰段,33.31,非都市：山坡地保育區 ; 非都市編定：農牧用地
RPSNMLLKJHLFFAV98CA,初鹿段,1768.00,非都市：特定農業區 ; 非都市編定：農牧用地
RPSNMLLKJHLFFAV98CA,初鹿段,2541.00,非都市：特定農業區 ; 非都市編定：農牧用地
RPPOMLNKJHLFFAV98CA,利泰段,25.76,非都市：一般農業區 ; 非都市編定：甲種建築用地
RPQOMLPJJHLFFAV56CA,南清段,179.73,都市：住
RPVNMLOKJHLFFAV96CA,利泰段,105.48,非都市：一般農業區 ; 非都市編定：交通用地
RPVNMLOKJHLFFAV96CA,利泰段,59.70,非都市：山坡地保育區 ; 非都市編定：交通用地
RPROMLOLKIKFFAV86CA,知本段,4717.00,非都市：特定農業區 ; 非都市編定：農牧用地
RPQOMLOJJHLFFAV09CA,梧州段,111.23,都市：住
RPWOMLOLKIKFFAV37CA,東農段,93.00,非都市：特定農業區 ; 非都市編定：甲種建築用地
RPROMLOKJHLFFAV66CA,利泰段,23.43,非都市：一般農業區 ; 非都市編定：甲種建築用地
RPWNMLOLKIKFFAV27CA,建興段,23.00,都市：住
RPSNMLPLKIKFFAV07DA,建和段,2750.69,非都市：山坡地保育區 ; 非都市編定：林業用地
RPTNMLPLKIKFFAV17DA,建和段,7136.56,非都市：山坡地保育區 ; 非都市編定：農牧用地
RPSNMLOLKIKFFAV86CA,豐榮段,100.91,都市：住
RPXNMLOLKIKFFAV37CA,建興段,117.00,都市：住
RPPNMLNLKIKFFAV09CA,馬蘭段,2.42,都市：住
RPPNMLNLKIKFFAV09CA,馬蘭段,2.42,都市：住
RPPNMLNLKIKFFAV09CA,馬蘭段,4.84,都市：住
RPPNMLNLKIKFFAV09CA,馬蘭段,2.46,都市：住
RPPNMLNLKIKFFAV09CA,馬蘭段,2.85,都市：住
RPPNMLNLKIKFFAV09CA,馬蘭段,2.85,都市：住
RPPNMLNLKIKFFAV09CA,馬蘭段,2.89,都市：住
RPPNMLNLKIKFFAV09CA,馬蘭段,5.70,都市：住
RPPNMLNLKIKFFAV09CA,馬蘭段,2.85,都市：住
RPPNMLNLKIKFFAV09CA,馬蘭段,2.85,都市：住
RPPNMLNLKIKFFAV09CA,馬蘭段,2.89,都市：住
RPPNMLNLKIKFFAV09CA,馬蘭段,5.70,都市：住
RPPNMLNLKIKFFAV09CA,馬蘭段,2.42,都市：住
RPPNMLNLKIKFFAV09CA,馬蘭段,2.42,都市：住
RPPNMLNLKIKFFAV09CA,馬蘭段,4.84,都市：住
RPPNMLNLKIKFFAV09CA,馬蘭段,2.46,都市：住
RPOOMLNKJHLFFAV98DA,豐源段,411.44,非都市：特定農業區 ; 非都市編定：甲種建築用地
RPUNMLPJJHLFFAV96DA,明峰段,2539.05,非都市：山坡地保育區 ; 非都市編定：農牧用地
RPUOMLNKJHLFFAV96DA,豐源段,501.14,非都市：特定農業區 ; 非都市編定：農牧用地
RPRNMLNLKIKFFCV86CA,德高段,1463.47,非都市：特定農業區 ; 非都市編定：農牧用地
RPRNMLNLKIKFFCV86CA,德高段,1379.54,非都市：特定農業區 ; 非都市編定：農牧用地
RPRNMLNLKIKFFCV86CA,德高段,1687.80,非都市：特定農業區 ; 非都市編定：農牧用地
RPRNMLNLKIKFFCV86CA,德高段,972.19,非都市：特定農業區 ; 非都市編定：農牧用地
RPRNMLNLKIKFFCV86CA,德高段,982.85,非都市：特定農業區 ; 非都市編定：農牧用地
RPRNMLNLKIKFFCV86CA,德高段,545.84,非都市：特定農業區 ; 非都市編定：農牧用地
RPRNMLNLKIKFFCV86CA,德高段,1971.73,非都市：特定農業區 ; 非都市編定：農牧用地
RPXNMLNLKIKFFAV27CA,台東段,25.98,都市：住
RPXNMLNLKIKFFAV27CA,台東段,25.98,都市：住
RPVNMLOLKIKFFAV17CA,德安段,4.13,都市：住
RPVNMLOLKIKFFAV17CA,德安段,84.67,都市：住
RPQNMLOLKIKFFCV96DA,溪埔段,162.27,非都市：特定農業區 ; 非都市編定：農牧用地
RPQNMLOLKIKFFCV96DA,溪埔段,226.47,非都市：特定農業區 ; 非都市編定：農牧用地
RPQNMLOLKIKFFCV96DA,溪埔段,4700.06,非都市：特定農業區 ; 非都市編定：農牧用地
RPPOMLNLKIKFFAV56CA,北南王段,87.91,都市：住
RPVNMLPJJHLFFAV07DA,明峰段,2500.00,非都市：山坡地保育區 ; 非都市編定：農牧用地
RPVNMLPJJHLFFAV07DA,明峰段,3277.68,非都市：山坡地保育區 ; 非都市編定：農牧用地
RPPNMLNKJHLFFAV98DA,東農段,1047.91,非都市：特定農業區 ; 非都市編定：農牧用地
RPUNMLOJJHLFFCV96CA,牧野段,351.19,非都市：一般農業區 ; 非都市編定：甲種建築用地
RPUNMLOJJHLFFCV96CA,牧野段,351.19,非都市：一般農業區 ; 非都市編定：甲種建築用地
RPRNMLNLKIKFFAV76DA,台東段,57.92,都市：住
RPRNMLOLKIKFFCV96CA,豐泉段,155.38,都市：住
RPUNMLSKJHLFFCV47CA,四維段,435.02,非都市：一般農業區 ; 非都市編定：交通用地
RPTOMLOLKIKFFAV17DA,台東段,76.00,都市：住
RPTOMLOLKIKFFAV17DA,台東段,20.00,都市：住
RPQNMLRLKIKFFCV27DA,大原段,1325.00,非都市：特定農業區 ; 非都市編定：農牧用地
RPPNMLOLKIKFFCV86DA,萬朝段,6322.24,非都市：特定農業區 ; 非都市編定：農牧用地
RPWNMLSKJHLFFCV67CA,四維段,435.02,非都市：一般農業區 ; 非都市編定：交通用地
RPVNMLSKJHLFFCV57CA,四維段,435.02,非都市：一般農業區 ; 非都市編定：交通用地
RPQNMLSLKIKFFDV37CA,大王段,6500.00,非都市：山坡地保育區 ; 非都市編定：農牧用地
RPUNMLOLKIKFFAV07CA,建興段,23.00,都市：住
SPTNMLPKJHLFFDV37DA,秀山段,7.72,都市：其他
RPTNMLPKJHLFFDV27DA,秀山段,7.72,都市：其他
RPOOMLOLKIKFFAV56CA,富岡南段,150.56,非都市：鄉村區 ; 非都市編定：乙種建築用地
RPRNMLLMKIKFFBV66CA,和平北段,81.34,非都市：風景區 ; 非都市編定：丙種建築用地
RPRNMLOLKIKFFBV86CA,仙民段,8291.13,非都市：風景區 ; 非都市編定：農牧用地
RPRNMLOLKIKFFAV76CA,馬蘭段,116.00,都市：住
RPRNMLOLKIKFFAV76CA,馬蘭段,40.00,都市：住
RPRPMLTLKIKFFAV47CA,台東段,70.80,都市：住
RPSNMLSKQHLFFAV77CA,梧州段,125.84,都市：住
RPXOMLTLKIKFFAV97CA,常德段,117.45,都市：住
RPPNMLNLKIKFFBV56CA,新港段八邊小段,4760.00,非都市：風景區 ; 非都市編定：農牧用地
RPROMLPJJHLFFAV66CA,建業段,14.50,都市：住
RPROMLPJJHLFFAV66CA,建業段,14.50,都市：住
RPTNMLLKJHLFFAV09CA,台東段,26.82,都市：其他
RPTNMLLKJHLFFAV09CA,台東段,49.00,都市：住
RPRNMLRJJHLFFAV76CA,台東段,113.00,都市：住
RPVNMLKLPHLFFAV27CA,梧州段,125.97,都市：住
RPTOMLPLKIKFFAV17CA,豐谷段,65.00,都市：住
RPTNMLKLPHLFFAV07CA,梧州段,93.09,都市：住
RPWNMLRJJHLFFAV27CA,建和段,3109.48,非都市：山坡地保育區 ; 非都市編定：農牧用地
RPTNMLRJJHLFFAV96CA,台東段,70.00,都市：住
RPVPMLTLKIKFFAV87CA,常德段,114.31,都市：住
RPSOMLRJJHLFFAV96CA,台東段,149.00,都市：住
RPWPMLTLKIKFFAV97CA,豐年段,86.89,都市：住
RPRNMLPLKIKFFAV86CA,東海段,81.61,都市：住
RPRNMLPLKIKFFAV86CA,東海段,5.76,都市：住
RPPOMLRJJHLFFAV66CA,台東段,146.00,都市：住
RPXNMLPLKIKFFAV47CA,豐年段,24.50,都市：住
RPUNMLPLKIKFFAV17CA,台東段,112.00,都市：住
RPQNMLPLKIKFFAV76CA,台東段,96.00,都市：住
RPPNMLSLKIKFFAV96CA,永清段,35.47,都市：住
RPPNMLSLKIKFFAV96CA,永清段,2.26,都市：住
RPPNMLSLKIKFFAV96CA,永清段,52.02,都市：住
RPQNMLSLKIKFFAV07CA,豐榮段,6.43,都市：住
RPQNMLSLKIKFFAV07CA,豐榮段,94.17,都市：住
RPRNMLSLKIKFFAV17CA,南榮段,112.68,都市：住
RPSNMLLJJHLFFAV88CA,利家段,14.00,非都市：特定農業區 ; 非都市編定：甲種建築用地
RPSNMLLJJHLFFAV88CA,利家段,142.00,非都市：特定農業區 ; 非都市編定：甲種建築用地
RPXNMLOJJHLFFAV07CA,台東段,12.68,都市：住
RPTNMLLJJHLFFAV98CA,利家段,142.00,非都市：特定農業區 ; 非都市編定：甲種建築用地
RPTNMLLJJHLFFAV98CA,利家段,13.00,非都市：特定農業區 ; 非都市編定：甲種建築用地
RPVNMLLJJHLFFAV56CA,利家段,13.00,非都市：特定農業區 ; 非都市編定：甲種建築用地
RPVNMLLJJHLFFAV56CA,利家段,141.00,非都市：特定農業區 ; 非都市編定：甲種建築用地
RPSOMLKMKIKFFAV66CA,南清段,166.05,都市：住
RPWNMLLJJHLFFAV66CA,利家段,139.00,非都市：特定農業區 ; 非都市編定：甲種建築用地
RPWNMLLJJHLFFAV66CA,利家段,13.00,非都市：特定農業區 ; 非都市編定：甲種建築用地
SPSOMLKMKIKFFAV76CA,南清段,166.05,都市：住
RPQNMLPLKIKFFCV07DA,慶福段,125.06,都市：商
RPTNMLOLKIKFFAV96CA,永豐段,11.27,都市：住
RPTNMLOLKIKFFAV96CA,永豐段,36.36,都市：住
RPRNMLPLKIKFFCV17DA,錦富段,61.30,非都市：特定農業區 ; 非都市編定：農牧用地
RPRNMLPLKIKFFCV17DA,錦富段,3389.78,非都市：特定農業區 ; 非都市編定：農牧用地
RPRNMLPLKIKFFCV17DA,錦富段,103.47,非都市：特定農業區 ; 非都市編定：農牧用地
RPPNMLPKJHLFFDV86DA,秀山段,7.72,都市：其他
RPQNMLPJJHLFFCV66CA,福原段,76.47,都市：商
RPQNMLPJJHLFFCV66CA,福原段,127.65,都市：商
RPPNMLKKJHLFFAV68DA,岩灣段,138.95,都市：住
RPQNMLLMKIKFFBV66DA,濱海段,26.51,都市：住
RPQNMLLMKIKFFBV66DA,濱海段,145.20,都市：住
RPPNMLOKJHLFFDV76DA,金灣段,780.00,非都市：山坡地保育區 ; 非都市編定：農牧用地
RPPNMLNJJHLFFCV09DA,廣原段,14070.00,非都市：山坡地保育區 ; 非都市編定：農牧用地
RPPNMLSLKIKFFCV17CA,南山段,86.31,都市：住
RPXOMLSLKIKFFAV87CA,台東段,56.00,都市：住
RPQPMLKMKIKFFAV56CA,光明段,271.00,都市：其他
RPQPMLKMKIKFFAV56CA,光明段,1.00,都市：其他
RPQPMLKMKIKFFAV56CA,光明段,60.00,都市：其他
RPQPMLKMKIKFFAV56CA,光明段,6.00,都市：其他
RPQPMLKMKIKFFAV56CA,光明段,225.00,都市：其他
RPQPMLKMKIKFFAV56CA,光明段,32.00,都市：其他
RPQPMLKMKIKFFAV56CA,光明段,46.00,都市：其他
RPQPMLKMKIKFFAV56CA,光明段,13764.00,都市：其他
RPWNMLPJJHLFFAV17DA,台東段,49.00,都市：住
RPWNMLPJJHLFFAV17DA,台東段,56.62,都市：住
RPQNMLSLKIKFFCV27CA,電光段,411.95,非都市：鄉村區 ; 非都市編定：乙種建築用地
RPQNMLSLKIKFFCV27CA,電光段,81.01,非都市：鄉村區 ; 非都市編定：交通用地
RPUPMLTLKIKFFAV77CA,台東段,56.94,都市：住
RPRNMLSLKIKFFCV37CA,電光段,411.96,非都市：鄉村區 ; 非都市編定：乙種建築用地
RPRNMLSLKIKFFCV37CA,電光段,31.28,非都市：鄉村區 ; 非都市編定：交通用地
RPSNMLPKJHLFFDV17DA,秀山段,7.72,都市：其他
RPOOMLOJJHLFFAV88CA,台東段,21.59,都市：住
RPOOMLSLKIKFFAV96CA,東海段,22.69,都市：住
RPOOMLSLKIKFFAV96CA,東海段,1.46,都市：住
RPPOMLSLKIKFFAV07CA,富岡南段,152.45,非都市：鄉村區 ; 非都市編定：乙種建築用地
RPPOMLOJJHLFFAV98CA,新生段,16.85,都市：住
RPPNMLTLKIKFFCV27CA,萬朝段,418.32,非都市：鄉村區 ; 非都市編定：乙種建築用地
RPPNMLPJJHLFFAV98CA,康樂段,290.00,非都市：特定農業區 ; 非都市編定：農牧用地
RPPNMLPJJHLFFAV98CA,康樂段,290.00,非都市：特定農業區 ; 非都市編定：農牧用地
RPTOMLPJJHLFFAV86CA,台東段,144.00,都市：住
RPTNMLSLKIKFFAV37CA,台東段,205.00,都市：住
RPQNMLTJJHLFFAV86CA,康樂段,830.00,非都市：特定農業區 ; 非都市編定：農牧用地
RPVNMLRJJHLFFBV27CA,北都歷段,2232.82,非都市：風景區 ; 非都市編定：農牧用地
RPOPMLOKJHLFFAV09CA,台東段,53.00,都市：住
RPQNMLKLPHLFFAV76CA,梧州段,121.40,都市：住
RPSOMLPJJHLFFAV76CA,豐成段,87.45,非都市：特定農業區 ; 非都市編定：甲種建築用地
RPWNMLRJJHLFFBV37CA,北都歷段,140.06,非都市：風景區 ; 非都市編定：農牧用地
RPWNMLRJJHLFFBV37CA,北都歷段,1269.91,非都市：風景區 ; 非都市編定：農牧用地
RPPOMLRJJHLFFBV76CA,北都歷段,2397.49,非都市：風景區 ; 非都市編定：農牧用地
RPUNMLRKQHLFFAV87CA,梧州段,99.46,都市：住
RPOOMLRJJHLFFBV66CA,北都歷段,943.21,非都市：風景區 ; 非都市編定：丙種建築用地
RPVNMLRJJHLFFAV17CA,南清段,414.07,都市：住
RPQOMLSLKIKFFAV17CA,自強段,676.00,都市：住
RPQOMLSLKIKFFAV17CA,自強段,189.00,都市：住
RPQOMLSLKIKFFAV17CA,自強段,18.00,都市：住
RPQNMLKMKIKFFAV98CA,豐里段,109.90,非都市：特定農業區 ; 非都市編定：甲種建築用地
RPPOMLPLKIKFFAV76CA,常德段,21.65,都市：住
RPPNMLNKJHLFFBV98CA,成功段,53.63,都市：住
RPQOMLQLJHLFFAV86CA,上源段,72.54,非都市：山坡地保育區 ; 非都市編定：丙種建築用地
RPQOMLQLJHLFFAV86CA,上源段,72.70,非都市：山坡地保育區 ; 非都市編定：丙種建築用地
RPQOMLQLJHLFFAV86CA,上源段,72.44,非都市：山坡地保育區 ; 非都市編定：丙種建築用地
RPUNMLKMKIKFFAV76CA,豐里段,117.08,非都市：特定農業區 ; 非都市編定：甲種建築用地
RPTNMLKMKIKFFAV66CA,豐里段,108.50,非都市：特定農業區 ; 非都市編定：甲種建築用地
RPSNMLKMKIKFFAV56CA,豐里段,53.76,非都市：特定農業區 ; 非都市編定：甲種建築用地
RPSNMLKMKIKFFAV56CA,豐里段,53.76,非都市：特定農業區 ; 非都市編定：甲種建築用地
RPWNMLKMKIKFFAV96CA,豐里段,68.66,非都市：特定農業區 ; 非都市編定：甲種建築用地
RPWNMLKMKIKFFAV96CA,豐里段,68.66,非都市：特定農業區 ; 非都市編定：甲種建築用地
RPWOMLSLKIKFFAV77CA,台東段,58.00,都市：住
RPUOMLPJJHLFFAV96CA,東海段,25.08,都市：住
RPUOMLPJJHLFFAV96CA,東海段,1.62,都市：住
RPQNMLTLKIKFFAV17CA,南榮段,141.95,都市：住
RPUOMLTLKIKFFAV67CA,利家段,19.75,非都市：鄉村區 ; 非都市編定：乙種建築用地
RPUOMLTLKIKFFAV67CA,利家段,112.67,非都市：鄉村區 ; 非都市編定：乙種建築用地
RPXNMLLJJHLFFAV76CA,利家段,139.00,非都市：特定農業區 ; 非都市編定：甲種建築用地
RPXNMLLJJHLFFAV76CA,利家段,12.00,非都市：特定農業區 ; 非都市編定：甲種建築用地
RPOOMLKMKIKFFAV88CA,豐里段,116.07,非都市：特定農業區 ; 非都市編定：甲種建築用地
RPQOMLKMKIKFFAV09CA,豐里段,173.06,非都市：特定農業區 ; 非都市編定：甲種建築用地
RPRNMLLMKIKFFCV76CA,電光段,446.89,非都市：鄉村區 ; 非都市編定：乙種建築用地
RPPNMLLLJHLFFCV98CA,崁頂段,2500.00,非都市：山坡地保育區 ; 非都市編定：農牧用地
RPPNMLLLJHLFFCV98CA,崁頂段,2500.00,非都市：山坡地保育區 ; 非都市編定：農牧用地
RPPNMLLLJHLFFCV98CA,崁頂段,2800.00,非都市：山坡地保育區 ; 非都市編定：農牧用地
RPPOMLKMKIKFFAV98CA,豐里段,135.29,非都市：特定農業區 ; 非都市編定：甲種建築用地
RPPNMLPJJHLFFCV56CA,慶福段,1581.77,都市：住
RPPNMLPJJHLFFCV56CA,慶福段,191.44,都市：住
RPPNMLPJJHLFFCV56CA,慶福段,75.80,都市：住
RPPNMLPJJHLFFCV56CA,慶福段,471.01,都市：住
RPPNMLPJJHLFFCV56CA,慶福段,86.32,都市：住
RPPNMLPJJHLFFCV56CA,慶福段,115.42,都市：住
RPPNMLPJJHLFFCV56CA,慶福段,177.79,都市：住
RPPNMLPJJHLFFCV56CA,慶福段,62.82,都市：住
RPPNMLPJJHLFFCV56CA,慶福段,831.96,都市：住
RPPNMLPJJHLFFCV56CA,慶福段,148.56,都市：住
RPOOMLTLKIKFFAV17DA,新生段,19.00,都市：住
RPPNMLKMKIKFFCV56DA,新福段,994.94,非都市：一般農業區 ; 非都市編定：甲種建築用地
RPWOMLTLKIKFFAV97DA,知本段,2500.00,非都市：特定農業區 ; 非都市編定：農牧用地
RPRNMLLJJHLFFAV78CA,利家段,142.00,非都市：特定農業區 ; 非都市編定：甲種建築用地
RPRNMLLJJHLFFAV78CA,利家段,14.00,非都市：特定農業區 ; 非都市編定：甲種建築用地
RPVOMLKMKIKFFAV07DA,新生段,23.00,都市：住
RPPNMLTLKIKFFBV27DA,三民段,302.50,都市：住
RPPNMLTLKIKFFBV27DA,三民段,3.26,都市：住
RPPPMLKMKIKFFAV56DA,澱粉段,138.67,非都市：特定農業區 ; 非都市編定：甲種建築用地
RPXOMLKMKIKFFAV17CA,建成段,1120.09,都市：住
RPVOMLSLKIKFFAV67CA,台東段,85.00,都市：住
RPOPMLTLKIKFFAV17CA,台東段,70.00,都市：住
RPOPMLTLKIKFFAV17CA,台東段,70.00,都市：住
RPPNMLLJJHLFFAV58CA,馬蘭段,45.08,都市：住
RPPPMLTLKIKFFAV27CA,知本段,2553.00,非都市：特定農業區 ; 非都市編定：農牧用地
RPPPMLTLKIKFFAV27CA,知本段,2647.00,非都市：特定農業區 ; 非都市編定：農牧用地
RPPPMLTLKIKFFAV27CA,知本段,2647.00,非都市：特定農業區 ; 非都市編定：農牧用地
RPPPMLTLKIKFFAV27CA,知本段,2552.00,非都市：特定農業區 ; 非都市編定：農牧用地
RPSNMLPKJHLFFAV86DA,常德段,96.77,都市：住
RPUOMLKMKIKFFAV86CA,台東段,117.50,都市：住
RPUOMLKMKIKFFAV86CA,台東段,117.50,都市：住
RPQNMLPLJHLFFBV76CA,濱海段,38.73,都市：住
RPQNMLPLJHLFFBV76CA,濱海段,33.57,都市：住
RPQNMLPLJHLFFBV76CA,馬稼海段,126.22,非都市：風景區 ; 非都市編定：農牧用地
RPQNMLPLJHLFFBV76CA,馬稼海段,211.49,非都市：風景區 ; 非都市編定：農牧用地
RPQNMLPLJHLFFBV76CA,馬稼海段,134.25,非都市：風景區 ; 非都市編定：農牧用地
RPPNMLLLJHLFFBV88CA,忠智段,112.87,都市：住
RPPNMLLLJHLFFBV88CA,忠智段,76.92,都市：住
RPPNMLKMKIKFFAV88CA,永和段,105.14,都市：住
RPWOMLRJJHLFFAV37CA,澱粉段,88.98,非都市：特定農業區 ; 非都市編定：甲種建築用地
RPQOMLRJJHLFFAV76CA,豐榮段,82.00,都市：住
RPVNMLKMKIKFFAV86CA,豐里段,67.65,非都市：特定農業區 ; 非都市編定：甲種建築用地
RPVNMLKMKIKFFAV86CA,豐里段,67.65,非都市：特定農業區 ; 非都市編定：甲種建築用地
RPSNMLRJJHLFFAV86CA,台東段,96.00,都市：住
RPTOMLSLKIKFFAV47CA,豐航段,143.72,都市：住
RPXOMLPJJHLFFAV27CA,馬蘭段,2.25,都市：住
RPXOMLPJJHLFFAV27CA,馬蘭段,2.64,都市：住
RPUOMLSLKIKFFAV57CA,豐航段,96.55,都市：住
SPQOMLRJJHLFFAV86CA,豐榮段,143.00,都市：住
RPVOMLPJJHLFFAV07CA,利家段,1031.00,非都市：特定農業區 ; 非都市編定：農牧用地
RPSOMLOKJHLFFAV76CA,利泰段,111.90,非都市：一般農業區 ; 非都市編定：甲種建築用地
RPRNMLLKJHLFFBV98CA,和平南段,71.82,非都市：風景區 ; 非都市編定：農牧用地
RPXOMLRJJHLFFAV47CA,永清段,3510.62,都市：農
RPXOMLRJJHLFFAV47CA,永清段,61.99,都市：其他
RPPNMLMKJHLFFAV78CA,泰安段,73.37,非都市：一般農業區 ; 非都市編定：甲種建築用地
RPWOMLPJJHLFFAV17CA,豐川段,2836.43,非都市：特定農業區 ; 非都市編定：農牧用地
RPTNMLOKJHLFFAV76CA,利泰段,62.60,非都市：一般農業區 ; 非都市編定：農牧用地
RPQNMLRJJHLFFAV66CA,台東段,98.00,都市：住
RPRNMLLLJHLFFAV98CA,台東段,132.00,都市：商
RPSNMLOJJHLFFAV56CA,鎮樂段,3125.00,非都市：山坡地保育區 ; 非都市編定：農牧用地
RPSNMLOJJHLFFAV56CA,鎮樂段,6.00,非都市：山坡地保育區 ; 非都市編定：農牧用地
RPXNMLKMKIKFFAV07CA,永清段,5.32,都市：住
RPXNMLKMKIKFFAV07CA,永清段,5.32,都市：住
RPXNMLKMKIKFFAV07CA,永清段,5.32,都市：住
RPXNMLKMKIKFFAV07CA,永清段,20.04,都市：住
RPXNMLKMKIKFFAV07CA,永清段,20.04,都市：住
RPXNMLKMKIKFFAV07CA,永清段,20.04,都市：住
RPXNMLKMKIKFFAV07CA,永清段,22.88,都市：住
RPXNMLKMKIKFFAV07CA,永清段,22.88,都市：住
RPXNMLKMKIKFFAV07CA,永清段,22.88,都市：住
RPXNMLKMKIKFFAV07CA,永清段,3.68,都市：住
RPXNMLKMKIKFFAV07CA,永清段,3.68,都市：住
RPXNMLKMKIKFFAV07CA,永清段,3.68,都市：住
RPROMLQLJHLFFAV96CA,利泰段,1332.27,非都市：特定農業區 ; 非都市編定：農牧用地
RPROMLQLJHLFFAV96CA,利泰段,1383.36,非都市：特定農業區 ; 非都市編定：農牧用地
RPPNMLOJJHLFFBV98CA,玉港段,1426.74,非都市：風景區 ; 非都市編定：農牧用地
RPPNMLOJJHLFFBV98CA,玉港段,298.00,非都市：風景區 ; 非都市編定：丙種建築用地
RPXNMLPKJHLFFAV27CA,東興段,140.67,非都市：鄉村區 ; 非都市編定：乙種建築用地
RPWOMLKMKIKFFAV07CA,常德段,111.96,都市：住
RPQNMLOJJHLFFDV66CA,荒野段,2036.06,非都市：特定農業區 ; 非都市編定：農牧用地
RPPNMLLMKIKFFCV56CA,福原段,9.53,都市：住
RPPNMLLMKIKFFCV56CA,福原段,336.94,都市：住
RPRNMLOJJHLFFCV66CA,牧野段,167.00,非都市：一般農業區 ; 非都市編定：甲種建築用地
RPPNMLLMKIKFFAV09DA,建華段,107.69,都市：住
RPQNMLLMKIKFFCV76DA,大原段,32.75,非都市：特定農業區 ; 非都市編定：甲種建築用地
RPQNMLLMKIKFFCV76DA,大原段,131.25,非都市：特定農業區 ; 非都市編定：甲種建築用地
RPQNMLLMKIKFFCV76DA,大原段,372.50,非都市：特定農業區 ; 非都市編定：甲種建築用地
RPQNMLLMKIKFFCV76DA,大原段,167.25,非都市：特定農業區 ; 非都市編定：農牧用地
RPQNMLLMKIKFFCV76DA,大原段,259.50,非都市：特定農業區 ; 非都市編定：甲種建築用地
RPQNMLLMKIKFFCV76DA,大原段,185.75,非都市：特定農業區 ; 非都市編定：農牧用地
RPQNMLLMKIKFFCV76DA,大原段,220.25,非都市：特定農業區 ; 非都市編定：農牧用地
RPQNMLLMKIKFFCV76DA,大原段,218.25,非都市：特定農業區 ; 非都市編定：農牧用地
RPQNMLLMKIKFFCV76DA,大原段,220.75,非都市：特定農業區 ; 非都市編定：農牧用地
RPQNMLLMKIKFFCV76DA,大原段,175.75,非都市：特定農業區 ; 非都市編定：農牧用地
RPQNMLQJJHLFFCV76CA,隆興段,3533.98,非都市：山坡地保育區 ; 非都市編定：農牧用地
RPSPMLTLKIKFFAV57CA,建興段,31.00,都市：住
RPSPMLTLKIKFFAV57CA,建興段,14.00,都市：住
RPSPMLTLKIKFFAV57CA,建興段,31.00,都市：住
RPPNMLLMKIKFFDV76DA,泰王段,44.36,都市：住
RPPNMLLMKIKFFBV56DA,小馬東段,2536.47,非都市：風景區 ; 非都市編定：農牧用地
RPQNMLQJJHLFFDV96DA,荒野段,2003.50,非都市：一般農業區 ; 非都市編定：農牧用地
RPSNMLQJJHLFFCV07DA,鸞山段,10000.00,非都市：山坡地保育區 ; 非都市編定：農牧用地
RPTNMLOJJHLFFCV86CA,四維段,871.30,非都市：一般農業區 ; 非都市編定：甲種建築用地
RPSNMLOJJHLFFCV76CA,四維段,503.76,非都市：一般農業區 ; 非都市編定：農牧用地
RPUNMLOJJHLFFAV76CA,新中寮段,130.84,都市：農
RPUNMLOJJHLFFAV76CA,新中寮段,109.30,都市：其他
RPUNMLOJJHLFFAV76CA,新中寮段,28.43,都市：住
RPQNMLLMKIKFFAV09CA,中山段,71.00,都市：住
RPQNMLQJJHLFFAV66DA,大業段,2500.00,非都市：特定農業區 ; 非都市編定：農牧用地
RPPNMLLKJHLFFDV98CA,秀山段,8.52,都市：住
RPTNMLOJJHLFFAV66CA,建康段,124.24,都市：住
RPQNMLOJJHLFFBV09CA,忠勇段,98.57,都市：住
RPRNMLOJJHLFFBV56CA,忠勇段,187.39,都市：住
RPRNMLOJJHLFFBV56CA,忠勇段,114.99,都市：住
RPVNMLOJJHLFFAV86CA,豐谷段,120.42,都市：住
RPQNMLQLJHLFFDV07CA,秀山段,10.39,都市：住
RPQNMLKLJHLFFDV09CA,拉力段,50360.00,非都市：山坡地保育區 ; 非都市編定：農牧用地
RPSNMLRJJHLFFBV96CA,萬年段,36.00,非都市：鄉村區 ; 非都市編定：乙種建築用地
RPSNMLRJJHLFFBV96CA,萬年段,28.00,非都市：鄉村區 ; 非都市編定：乙種建築用地
RPSNMLOJJHLFFBV66CA,東柄段,422.35,非都市：風景區 ; 非都市編定：農牧用地
RPTNMLLMKIKFFBV96DA,忠仁段,61.07,都市：住
RPPNMLTJJHLFFAV76CA,利卡夢段,634.16,非都市：特定農業區 ; 非都市編定：農牧用地
RPTOMLQLJHLFFAV17CA,明峰段,687.68,非都市：山坡地保育區 ; 非都市編定：農牧用地
RPTOMLQLJHLFFAV17CA,明峰段,2128.82,非都市：山坡地保育區 ; 非都市編定：農牧用地
RPTOMLQLJHLFFAV17CA,明峰段,591.34,非都市：山坡地保育區 ; 非都市編定：農牧用地
RPTOMLQLJHLFFAV17CA,明峰段,1635.30,非都市：山坡地保育區 ; 非都市編定：農牧用地
RPTOMLQLJHLFFAV17CA,明峰段,6373.28,非都市：山坡地保育區 ; 非都市編定：農牧用地
RPTOMLQLJHLFFAV17CA,明峰段,185.34,非都市：山坡地保育區 ; 非都市編定：農牧用地
RPTOMLQLJHLFFAV17CA,明峰段,397.08,非都市：山坡地保育區 ; 非都市編定：農牧用地
RPSNMLPJJHLFFAV66CA,興安段,409.37,都市：住
RPUNMLOKJHLFFAV86CA,利泰段,62.60,非都市：一般農業區 ; 非都市編定：農牧用地
RPSNMLLMKIKFFBV76CA,濱海段,203.37,都市：住
RPSNMLLMKIKFFBV76CA,濱海段,188.12,都市：住
RPTNMLRJJHLFFBV07CA,萬年段,52.00,非都市：鄉村區 ; 非都市編定：乙種建築用地
RPTNMLRJJHLFFBV07CA,萬年段,47.00,非都市：鄉村區 ; 非都市編定：乙種建築用地
RPTNMLRJJHLFFBV07CA,萬年段,36.00,非都市：鄉村區 ; 非都市編定：乙種建築用地
RPTNMLRJJHLFFBV07CA,萬年段,83.00,非都市：鄉村區 ; 非都市編定：乙種建築用地
RPPNMLSKJHLFFBV86CA,長光段,159.82,非都市：風景區 ; 非都市編定：丙種建築用地
RPRNMLQJJHLFFCV96DA,鸞山段,12515.00,非都市：山坡地保育區 ; 非都市編定：農牧用地
RPRNMLOJJHLFFDV76CA,北橋段,92.08,都市：住
RPTNMLQJJHLFFCV17DA,鸞山段,4690.00,非都市：山坡地保育區 ; 非都市編定：農牧用地
RPXNMLRJJHLFFAV37CA,三塊厝段,3000.00,非都市：山坡地保育區 ; 非都市編定：農牧用地
RPSOMLQLJHLFFAV07CA,明峰段,817.65,非都市：山坡地保育區 ; 非都市編定：農牧用地
RPSOMLQLJHLFFAV07CA,明峰段,3186.64,非都市：山坡地保育區 ; 非都市編定：農牧用地
RPSOMLQLJHLFFAV07CA,明峰段,92.67,非都市：山坡地保育區 ; 非都市編定：農牧用地
RPSOMLQLJHLFFAV07CA,明峰段,198.54,非都市：山坡地保育區 ; 非都市編定：農牧用地
RPSOMLQLJHLFFAV07CA,明峰段,343.84,非都市：山坡地保育區 ; 非都市編定：農牧用地
RPSOMLQLJHLFFAV07CA,明峰段,1064.41,非都市：山坡地保育區 ; 非都市編定：農牧用地
RPSOMLQLJHLFFAV07CA,明峰段,295.67,非都市：山坡地保育區 ; 非都市編定：農牧用地
RPPNMLPLJHLFFAV56CA,豐年段,3.54,都市：其他
RPPNMLPLJHLFFAV56CA,豐年段,68.96,都市：其他
RPPNMLPLJHLFFAV56CA,豐年段,4.81,都市：其他
RPQNMLSJJHLFFAV76CA,北南王段,624.58,都市：農
RPQNMLSJJHLFFAV76CA,北南王段,113.90,都市：其他
RPQNMLSJJHLFFAV76CA,北南王段,25.23,都市：其他
RPQNMLSJJHLFFAV76CA,北南王段,46.53,都市：其他
RPQNMLSJJHLFFAV76CA,南清段,31.42,都市：農
RPPNMLRJJHLFFBV66CA,高原段,97.00,非都市：鄉村區 ; 非都市編定：乙種建築用地
RPRNMLSJJHLFFAV86CA,北南王段,312.29,都市：農
RPRNMLSJJHLFFAV86CA,北南王段,56.95,都市：其他
RPRNMLSJJHLFFAV86CA,北南王段,12.61,都市：其他
RPRNMLSJJHLFFAV86CA,北南王段,23.27,都市：其他
RPRNMLSJJHLFFAV86CA,南清段,15.71,都市：農
RPQNMLPJJHLFFAV56DA,台東段,58.69,都市：住
RPPNMLRJJHLFFCV86DA,隆興段,687.25,非都市：山坡地保育區 ; 非都市編定：農牧用地
RPPNMLRJJHLFFCV86DA,隆興段,1384.90,非都市：山坡地保育區 ; 非都市編定：農牧用地
RPPNMLRJJHLFFCV86DA,隆興段,97.86,非都市：山坡地保育區 ; 非都市編定：交通用地
RPPNMLOJKHLFFAV98CA,康樂段,1936.00,非都市：特定農業區 ; 非都市編定：農牧用地
RPPNMLSJJHLFFAV76DA,新中寮段,806.99,都市：農
RPPNMLSJJHLFFCV96DA,慶福段,208.44,都市：住
RPPNMLLKJHLFFCV88CA,崁頂段,6590.00,非都市：山坡地保育區 ; 非都市編定：林業用地
RPRNMLQJJHLFFAV66CA,台東段,61.00,都市：住
RPRNMLQJJHLFFAV66CA,台東段,58.00,都市：住
RPRNMLQJJHLFFAV66CA,台東段,73.00,都市：住
RPPNMLTJJHLFFBV86CA,三間段大來小段,27270.00,非都市：風景區 ; 非都市編定：農牧用地
RPQNMLSKJHLFFCV07CA,四維段,513.83,非都市：一般農業區 ; 非都市編定：農牧用地
RPQNMLSKJHLFFCV07CA,四維段,1422.55,非都市：一般農業區 ; 非都市編定：農牧用地
RPQNMLSKJHLFFCV07CA,四維段,1074.76,非都市：一般農業區 ; 非都市編定：農牧用地
RPQNMLSKJHLFFCV07CA,四維段,5662.68,非都市：一般農業區 ; 非都市編定：農牧用地
RPQNMLSKJHLFFCV07CA,四維段,132.38,非都市：一般農業區 ; 非都市編定：農牧用地
RPPNMLMLJHLFFBV98CA,三民段,49.55,都市：住
RPPNMLRJJHLFFDV86CA,笆札筏段,180.28,非都市：鄉村區 ; 非都市編定：乙種建築用地
RPUOMLRJJHLFFAV27DA,中山段,70.00,都市：住
RPPOMLLKJHLFFAV88DA,豐川段,234.66,非都市：特定農業區 ; 非都市編定：農牧用地
RPUNMLRJJHLFFAV07CA,台東段,22.00,都市：住
RPUNMLRJJHLFFAV07CA,台東段,19.00,都市：其他
RPUNMLRJJHLFFAV07CA,台東段,7.62,都市：住
RPRNMLKMJHLFFBV09CA,玉港段,6624.51,非都市：風景區 ; 非都市編定：農牧用地
RPPNMLKMJHLFFBV88CA,中柄段,515.17,非都市：風景區 ; 非都市編定：農牧用地
RPQNMLLKJHLFFBV88CA,玉港段,484.62,非都市：風景區 ; 非都市編定：丙種建築用地
RPQNMLMKJHLFFAV88CA,普優瑪段,98.10,都市：住
RPQNMLMKJHLFFAV88CA,普優瑪段,98.10,都市：住
RPPNMLSKJHLFFDV07CA,泰王段,82.19,都市：住
RPXOMLOKJHLFFAV27CA,南清段,97.67,都市：住
RPVNMLLKJHLFFAV66CA,岩灣段,91.41,都市：住
RPWNMLLKJHLFFAV76CA,岩灣段,92.12,都市：住
RPQNMLLKJHLFFCV09DA,大原段,171.00,非都市：特定農業區 ; 非都市編定：甲種建築用地
RPRNMLKMJHLFFAV98CA,台東段,68.00,都市：住
RPXNMLLKJHLFFAV86CA,岩灣段,91.62,都市：住
RPPNMLNKJHLFFDV56CA,壢坵段,953.00,非都市：鄉村區 ; 非都市編定：乙種建築用地
RPPNMLNKJHLFFDV56CA,壢坵段,671.00,非都市：鄉村區 ; 非都市編定：乙種建築用地
RPRNMLSKJHLFFCV17CA,四維段,537.38,非都市：一般農業區 ; 非都市編定：農牧用地
RPRNMLSKJHLFFCV17CA,四維段,2831.34,非都市：一般農業區 ; 非都市編定：農牧用地
RPRNMLSKJHLFFCV17CA,四維段,66.19,非都市：一般農業區 ; 非都市編定：農牧用地
RPRNMLSKJHLFFCV17CA,四維段,256.91,非都市：一般農業區 ; 非都市編定：農牧用地
RPRNMLSKJHLFFCV17CA,四維段,711.27,非都市：一般農業區 ; 非都市編定：農牧用地
RPSNMLSKJHLFFCV27CA,四維段,537.38,非都市：一般農業區 ; 非都市編定：農牧用地
RPSNMLSKJHLFFCV27CA,四維段,2831.34,非都市：一般農業區 ; 非都市編定：農牧用地
RPSNMLSKJHLFFCV27CA,四維段,66.19,非都市：一般農業區 ; 非都市編定：農牧用地
RPSNMLSKJHLFFCV27CA,四維段,256.91,非都市：一般農業區 ; 非都市編定：農牧用地
RPSNMLSKJHLFFCV27CA,四維段,711.27,非都市：一般農業區 ; 非都市編定：農牧用地
RPOOMLLKJHLFFAV68CA,岩灣段,92.36,都市：住
RPRNMLLKJHLFFCV56DA,大原段,242.00,非都市：特定農業區 ; 非都市編定：甲種建築用地
RPPNMLNKJHLFFCV09CA,中華東段,2505.90,非都市：山坡地保育區 ; 非都市編定：農牧用地
RPPNMLNKJHLFFCV09CA,中華東段,2505.59,非都市：山坡地保育區 ; 非都市編定：農牧用地
RPVOMLOKJHLFFAV07CA,新園段,272.00,非都市：特定農業區 ; 非都市編定：甲種建築用地
RPRNMLNKJHLFFCV66CA,中華東段,2910.42,非都市：山坡地保育區 ; 非都市編定：農牧用地
RPQNMLNKJHLFFCV56CA,中華東段,2505.07,非都市：山坡地保育區 ; 非都市編定：農牧用地
RPPNMLLKJHLFFAV68CA,興安段,636.25,都市：住
RPRNMLOJKHLFFCV76CA,霧鹿段,6000.00,非都市：森林區 ; 非都市編定：林業用地
RPTNMLSKJHLFFCV37CA,四維段,1074.76,非都市：一般農業區 ; 非都市編定：農牧用地
RPTNMLSKJHLFFCV37CA,四維段,5662.68,非都市：一般農業區 ; 非都市編定：農牧用地
RPTNMLSKJHLFFCV37CA,四維段,132.38,非都市：一般農業區 ; 非都市編定：農牧用地
RPTNMLSKJHLFFCV37CA,四維段,513.83,非都市：一般農業區 ; 非都市編定：農牧用地
RPTNMLSKJHLFFCV37CA,四維段,1422.55,非都市：一般農業區 ; 非都市編定：農牧用地
RPPNMLLMJHLFFBV98CA,和平南段,1260.87,非都市：風景區 ; 非都市編定：農牧用地
RPRNMLOKJHLFFDV86CA,金富段,5448.33,非都市：山坡地保育區 ; 非都市編定：農牧用地
RPRNMLOKJHLFFDV86CA,金富段,218.87,非都市：山坡地保育區 ; 非都市編定：丙種建築用地
RPRNMLOKJHLFFDV86CA,金富段,183.65,非都市：山坡地保育區 ; 非都市編定：農牧用地
RPQNMLMJKHLFFAV98DA,台東段,53.00,都市：住
RPQNMLPJKHLFFCV76CA,福原段,101.15,都市：住
RPTNMLLJKHLFFAV09CA,上原段,5500.00,非都市：山坡地保育區 ; 非都市編定：農牧用地
RPUNMLMKJHLFFAV66CA,青林段,49.26,都市：住
RPTNMLMKJHLFFAV56CA,豐谷段,104.00,都市：住
RPQNMLTKJHLFFAV96CA,永清段,94.54,都市：住
RPSNMLPJKHLFFCV96CA,福原段,89.62,都市：住
RPPNMLPJKHLFFCV66CA,福原段,50.57,都市：住
RPPNMLKLJHLFFAV68CA,建康段,4579.71,都市：農
RPRNMLPJKHLFFCV86CA,福原段,66.94,都市：住
RPTOMLPKJHLFFAV96CA,豐富段,116.09,都市：住
RPTOMLPKJHLFFAV96CA,豐富段,10.73,都市：住
RPUNMLNKJHLFFAV76CA,豐谷段,111.60,都市：住
RPSOMLNKJHLFFAV66CA,豐谷段,109.42,都市：住
RPQNMLNKJHLFFAV98CA,豐谷段,110.36,都市：住
RPRNMLNKJHLFFAV09CA,豐谷段,56.42,都市：住
RPRNMLNKJHLFFAV09CA,豐谷段,56.42,都市：住
RPQOMLNKJHLFFAV09CA,豐谷段,114.08,都市：住
RPTNMLNKJHLFFAV66CA,豐谷段,121.45,都市：住
RPVNMLNKJHLFFAV86CA,豐谷段,119.09,都市：住
RPTOMLNKJHLFFAV76CA,豐谷段,109.48,都市：住
RPUNMLPKJHLFFAV96CA,興安段,124.72,都市：住
RPVOMLNKJHLFFAV96CA,台東段,131.00,都市：住
RPROMLNKJHLFFAV56CA,豐谷段,109.31,都市：住
RPXNMLNKJHLFFAV07CA,台東段,56.00,都市：住
RPWOMLOKJHLFFAV17CA,中心段,2.00,都市：住
RPSNMLMLJHLFFBV66CA,都蘭段,1392.00,非都市：風景區 ; 非都市編定：農牧用地
RPPNMLRKJHLFFBV76CA,田組段,5587.49,非都市：風景區 ; 非都市編定：農牧用地
RPPNMLSLJHLFFCV07CA,瑞豐段,419.48,非都市：鄉村區 ; 非都市編定：乙種建築用地
RPPOMLPKJHLFFAV56CA,豐康段,161.24,都市：住
RPPNMLOKJHLFFCV56CA,豐泉段,20.23,都市：住
RPOOMLPKJHLFFAV09CA,豐康段,156.18,都市：住
RPRNMLSKJHLFFAV07DA,利家段,118.00,非都市：山坡地保育區 ; 非都市編定：丙種建築用地
RPQOMLPKJHLFFAV66CA,豐康段,160.52,都市：住
RPQNMLSKJHLFFBV96CA,高台段,2500.01,非都市：風景區 ; 非都市編定：農牧用地
RPRNMLSKJHLFFBV07CA,東柄段,602.60,非都市：風景區 ; 非都市編定：農牧用地
RPPNMLRLJHLFFCV96CA,福原段,63.41,都市：商
RPQNMLPKJHLFFAV66DA,普優瑪段,109.73,都市：住
RPSNMLPJKHLFFAV76CA,中山段,134.00,都市：住
RPQNMLKLJHLFFCV98CA,南山段,72.96,都市：住
RPQNMLKLJHLFFCV98CA,南山段,125.40,都市：住
RPROMLPKJHLFFAV76CA,豐康段,172.14,都市：住
RPTNMLSKJHLFFBV37DA,忠智段,110.41,都市：住
RPTNMLTKJHLFFAV27CA,中心段,1.00,都市：住
RPPNMLOKJHLFFBV09CA,忠勇段,109.69,都市：住
RPWNMLRLJHLFFAV47CA,新生段,221.71,都市：農
RPPNMLMLJHLFFAV88CA,建業段,16.74,都市：住
RPPNMLTKJHLFFBV96CA,小馬東段,1072.29,非都市：風景區 ; 非都市編定：農牧用地
RPPNMLTKJHLFFBV96CA,小馬東段,1692.43,非都市：風景區 ; 非都市編定：農牧用地
RPQNMLKLJHLFFAV78CA,常德段,114.25,都市：住
RPSNMLKLJHLFFCV66DA,中華段,12.87,都市：住
RPSNMLKLJHLFFCV66DA,中華段,18.13,都市：住
RPQNMLSKJHLFFAV86CA,中山段,85.00,都市：住
RPPNMLSKJHLFFCV07DA,大池段,4530.84,非都市：特定農業區 ; 非都市編定：農牧用地
RPPNMLKLJHLFFDV09DA,嘉新段,2170.13,非都市：山坡地保育區 ; 非都市編定：農牧用地
RPPNMLTKJHLFFCV07CA,慶福段,44.24,都市：住
RPPNMLTKJHLFFCV07CA,慶福段,131.48,都市：住
RPPNMLTKJHLFFCV07CA,慶福段,5.54,都市：住
RPSNMLSKJHLFFBV27DA,三仙段,1234.33,非都市：風景區 ; 非都市編定：農牧用地
RPSNMLSKJHLFFBV27DA,三仙段,1270.00,非都市：風景區 ; 非都市編定：農牧用地
RPUNMLSKJHLFFBV37CA,忠仁段,79.01,都市：住
RPRNMLTKJHLFFAV07CA,豐年段,41.28,都市：住
RPRNMLTKJHLFFAV07CA,豐年段,156.77,都市：住
RPRNMLKLJHLFFCV09CA,月野段,122.00,非都市：鄉村區 ; 非都市編定：乙種建築用地
RPRNMLKLJHLFFCV09CA,月野段,821.00,非都市：鄉村區 ; 非都市編定：乙種建築用地
RPPNMLKLJHLFFCV88CA,電光段,840.63,非都市：特定農業區 ; 非都市編定：農牧用地
RPRNMLQLJHLFFAV96DA,豐谷段,109.37,都市：住
RPUNMLTKJHLFFAV37CA,中心段,5.00,都市：住
RPSNMLTKJHLFFAV27DA,台東段,88.00,都市：住
RPQNMLTKJHLFFBV17DA,新港段新港小段,302.00,非都市：風景區 ; 非都市編定：丙種建築用地
RPUNMLLLJHLFFAV66CA,自強段,422.59,都市：住
RPQNMLOJKHLFFAV09CA,豐年段,60.00,都市：住
RPROMLTKJHLFFAV17CA,豐康段,71.63,都市：住
RPROMLTKJHLFFAV17CA,豐康段,71.63,都市：住
RPTNMLPKKHLFFAV96CA,普優瑪段,1912.57,都市：農
RPUNMLRLJHLFFAV27CA,豐樂段,82.00,都市：住
RPQOMLTKJHLFFAV07CA,豐康段,149.41,都市：住
RPVNMLTKJHLFFAV47CA,公東段,911.84,都市：住
RPPNMLRLJHLFFBV86CA,南八里段,2473.11,非都市：風景區 ; 非都市編定：農牧用地
RPSNMLQKKHLFFAV07DA,建樂段,468.17,都市：其他
RPPOMLTKJHLFFAV96CA,台東段,196.00,都市：住
RPQNMLRLJHLFFAV96DA,台東段,12.68,都市：住
RPQNMLPLJHLFFCV86CA,德高段,1834.63,非都市：特定農業區 ; 非都市編定：農牧用地
RPPNMLPLJHLFFCV86DA,電光段,38.49,非都市：鄉村區 ; 非都市編定：農牧用地
RPPNMLMLJHLFFDV66DA,台段,42920.00,非都市：山坡地保育區 ; 非都市編定：林業用地
RPRNMLOJKHLFFAV56CA,馬蘭段,43.08,都市：住
RPQNMLMLJHLFFAV98CA,建華段,625.04,非都市：特定農業區 ; 非都市編定：甲種建築用地
RPSNMLKLJHLFFAV98CA,普優瑪段,94.50,都市：住
RPSNMLKLJHLFFAV98CA,普優瑪段,95.13,都市：住
RPSNMLMLJHLFFAV56CA,台東段,23.00,都市：商
RPSNMLMLJHLFFAV56CA,台東段,425.00,都市：商
RPSNMLMLJHLFFAV56CA,台東段,12.00,都市：其他
RPPNMLSLJHLFFAV96DA,東海段,76.94,都市：住
RPRNMLPLJHLFFAV76CA,興安段,124.72,都市：住
RPVNMLLLJHLFFAV76CA,建成段,77.04,都市：商
RPQNMLPLJHLFFDV96CA,泰王段,81.29,都市：住
RPVNMLOJKHLFFAV96CA,利家段,2995.00,非都市：特定農業區 ; 非都市編定：農牧用地
RPTNMLRLJHLFFAV17CA,中心段,25.46,都市：住
RPPNMLPLJHLFFDV86CA,復興段,581.55,都市：住
RPUNMLMLJHLFFAV76CA,新生段,10.42,都市：住
RPOOMLRLJHLFFAV76CA,興航段,229.52,都市：住
RPPNMLPLJHLFFBV66CA,都豐段,1440.42,非都市：風景區 ; 非都市編定：農牧用地
RPRNMLKLJHLFFAV88CA,常德段,129.59,都市：住
RPPNMLQLJHLFFBV76CA,北都歷段,105.42,非都市：鄉村區 ; 非都市編定：乙種建築用地
RPTNMLOJKHLFFAV76CA,岩灣段,155.19,都市：住
RPUNMLPJKHLFFAV96CA,東海段,29.97,都市：住
RPQNMLMLJHLFFBV56DA,和平北段,440.73,非都市：風景區 ; 非都市編定：丙種建築用地
RPTNMLMLJHLFFBV86DA,忠智段,112.50,都市：住
RPPNMLRLJHLFFDV17DA,大王段,10580.00,非都市：山坡地保育區 ; 非都市編定：林業用地
RPQNMLRLJHLFFDV27DA,北太麻里段,3820.00,非都市：山坡地保育區 ; 非都市編定：農牧用地
RPPNMLKMJHLFFCV09DA,水井段,165.34,非都市：山坡地保育區 ; 非都市編定：丙種建築用地
RPQNMLLJKHLFFDV09CA,秀山段,5.36,都市：住
RPVNMLRLJHLFFAV37CA,馬蘭段,12.50,都市：住
RPVNMLSLJHLFFAV47CA,新中寮段,296.68,都市：農
RPVNMLSLJHLFFAV47CA,新中寮段,22.52,都市：其他
RPTNMLMLJHLFFAV66CA,知本段,3065.00,非都市：特定農業區 ; 非都市編定：農牧用地
RPQNMLQLJHLFFAV76CA,建和段,2.41,都市：住
RPQNMLQLJHLFFAV76CA,青林段,121.17,都市：住
RPSNMLSLJHLFFAV17CA,豐橋段,234.34,都市：其他
RPSNMLSLJHLFFAV17CA,豐橋段,23.50,都市：其他
RPQOMLRLJHLFFAV96CA,建華段,169.96,都市：農
RPPNMLOJKHLFFBV56DA,仰光段,920.44,非都市：風景區 ; 非都市編定：農牧用地
RPPNMLOJKHLFFBV56DA,仰光段,1457.94,非都市：風景區 ; 非都市編定：農牧用地
RPQNMLRLJHLFFCV17DA,水源段,335.09,非都市：一般農業區 ; 非都市編定：甲種建築用地
RPXNMLRLJHLFFAV57CA,下賓朗段,89.85,非都市：一般農業區 ; 非都市編定：甲種建築用地
RPPNMLQLJHLFFAV76DA,台東段,3.29,都市：商
RPTNMLRLJHLFFCV37CA,慶福段,153.27,都市：商
RPTNMLRLJHLFFCV37CA,慶福段,9.33,都市：住
RPROMLMJKHLFFAV09CA,普優瑪段,183.68,都市：住
RPROMLMJKHLFFAV09CA,普優瑪段,29.46,都市：住
RPROMLMJKHLFFAV09CA,普優瑪段,22.93,都市：住
RPSNMLRLJHLFFBV17CA,忠勇段,69.79,都市：住
RPSNMLRLJHLFFCV37DA,福原段,377.22,都市：住
RPSNMLRLJHLFFCV37DA,福原段,311.40,都市：住
RPPNMLPJKHLFFAV09CA,知本段,1323.00,非都市：特定農業區 ; 非都市編定：農牧用地
RPRNMLPJKHLFFAV66CA,知本段,1323.00,非都市：特定農業區 ; 非都市編定：農牧用地
RPSNMLOJKHLFFAV66CA,台東段,76.00,都市：住
RPTNMLSLJHLFFAV27CA,豐橋段,36.91,都市：其他
RPTNMLSLJHLFFAV27CA,豐橋段,45.99,都市：其他
RPTNMLSLJHLFFAV27CA,豐橋段,917.26,都市：其他
RPQNMLRLJHLFFBV96CA,南都歷段,294.31,非都市：風景區 ; 非都市編定：農牧用地
RPQNMLRLJHLFFBV96CA,南都歷段,192.60,非都市：風景區 ; 非都市編定：農牧用地
RPPNMLRLJHLFFAV76CA,建業段,79.96,都市：住
RPRNMLRLJHLFFAV96CA,豐年段,117.46,都市：住
RPSNMLKMJHLFFAV09CA,石川段,22.25,非都市：風景區 ; 非都市編定：丙種建築用地
RPSNMLKMJHLFFAV09CA,石川段,133.73,非都市：風景區 ; 非都市編定：丙種建築用地
RPWNMLSLJHLFFAV57CA,德安段,1258.06,都市：農
RPRNMLSLJHLFFAV07CA,利家段,129.00,非都市：特定農業區 ; 非都市編定：甲種建築用地
RPOOMLSLJHLFFAV86CA,利家段,124.00,非都市：特定農業區 ; 非都市編定：甲種建築用地
RPQNMLSLJHLFFAV96CA,利家段,124.00,非都市：特定農業區 ; 非都市編定：甲種建築用地
RPPOMLSLJHLFFAV96CA,利家段,127.00,非都市：特定農業區 ; 非都市編定：甲種建築用地
RPPNMLTLJHLFFBV07CA,八桑灣段,906.36,非都市：風景區 ; 非都市編定：農牧用地
RPQNMLTLJHLFFAV07CA,豐康段,71.73,都市：住
RPQNMLTLJHLFFAV07CA,豐康段,71.73,都市：住
RPRNMLRLJHLFFBV07CA,忠勇段,99.96,都市：住
RPPNMLTLJHLFFAV96CA,豐康段,255.55,都市：住
RPUNMLSLJHLFFAV37CA,自強段,14.00,都市：住
RPPNMLLMJHLFFAV88CA,馬蘭段,98.00,都市：住
RPRNMLLMJHLFFAV09CA,豐年段,141.13,都市：住
RPTNMLLMJHLFFAV66CA,豐年段,134.20,都市：住
RPQNMLLMJHLFFAV98CA,豐年段,134.06,都市：住
RPSNMLLMJHLFFAV56CA,豐年段,134.20,都市：住
RPVNMLLMJHLFFAV86CA,豐年段,134.20,都市：住
RPWNMLLMJHLFFAV96CA,豐年段,134.20,都市：住
RPQNMLQKKHLFFBV86CA,北都歷段,147.61,非都市：鄉村區 ; 非都市編定：乙種建築用地
RPSNMLRLJHLFFAV07CA,東谷段,101.75,都市：住
RPPNMLSLJHLFFBV96CA,萬年段,85.00,非都市：鄉村區 ; 非都市編定：乙種建築用地
RPSNMLLJKHLFFAV09DA,煙草間段,119.76,非都市：特定農業區 ; 非都市編定：甲種建築用地
RPXNMLPJKHLFFAV27CA,東海段,25.08,都市：住
RPXNMLPJKHLFFAV27CA,東海段,1.62,都市：住
RPPNMLSLJHLFFDV27DA,金富段,552.54,非都市：鄉村區 ; 非都市編定：乙種建築用地
RPPNMLTLJHLFFDV37DA,大竹段,2500.00,非都市：山坡地保育區 ; 非都市編定：農牧用地
RPPNMLKMJHLFFDV56DA,復興段,9.16,都市：住
RPUNMLQKKHLFFAV27DA,建樂段,9.54,都市：住
RPVNMLQKKHLFFAV37DA,建樂段,9.11,都市：住
RPQNMLKMJHLFFDV66DA,達人段,85.48,非都市：鄉村區 ; 非都市編定：乙種建築用地
RPTOMLOJKHLFFAV86CA,永清段,29.83,都市：住
RPTOMLOJKHLFFAV86CA,永清段,64.97,都市：住
RPPNMLTKKHLFFBV07CA,中柄段,1068.84,非都市：風景區 ; 非都市編定：農牧用地
RPPNMLTKKHLFFBV07CA,東柄段,89.87,非都市：風景區 ; 非都市編定：農牧用地
RPPNMLTKKHLFFBV07CA,東柄段,96.63,非都市：風景區 ; 非都市編定：農牧用地
RPWNMLOJKHLFFAV07CA,德安段,22.88,都市：住
RPWNMLOJKHLFFAV07CA,德安段,.16,都市：住
RPWNMLOJKHLFFAV07CA,德安段,2.11,都市：住
RPWNMLOJKHLFFAV07CA,德安段,.04,都市：住
RPUNMLLMJHLFFAV76CA,豐年段,134.20,都市：住
RPPNMLLJKHLFFBV78CA,新港段新港小段,1000.00,非都市：風景區 ; 非都市編定：農牧用地
RPVNMLNJKHLFFAV86CA,台東段,61.00,都市：住
RPWNMLNJKHLFFAV96CA,公西段,27.52,都市：其他
RPWNMLNJKHLFFAV96CA,公西段,654.26,都市：農
RPWNMLNJKHLFFAV96CA,公西段,654.26,都市：農
RPWNMLNJKHLFFAV96CA,公西段,27.52,都市：其他
RPOOMLNJKHLFFAV88CA,光明段,22.00,都市：其他
RPXNMLOJKHLFFAV17CA,鎮樂段,3124.00,非都市：山坡地保育區 ; 非都市編定：農牧用地
RPRNMLLJKHLFFAV88CA,利家段,2907.00,非都市：特定農業區 ; 非都市編定：農牧用地
RPQNMLRKKHLFFDV27DA,南田段,29000.00,非都市：山坡地保育區 ; 非都市編定：農牧用地
RPQNMLLJKHLFFBV98DA,新都威段,24.67,非都市：風景區 ; 非都市編定：農牧用地
RPOOMLPJKHLFFAV09CA,馬蘭段,11.54,都市：住
RPPNMLOLKHLFFCV86DA,新興段,2919.20,非都市：特定農業區 ; 非都市編定：農牧用地
RPPNMLOLKHLFFCV86DA,新興段,1092.34,非都市：特定農業區 ; 非都市編定：農牧用地
RPPNMLOLKHLFFCV86DA,新興段,2289.16,非都市：特定農業區 ; 非都市編定：農牧用地
RPPNMLMJKHLFFAV78CA,台東段,8.25,都市：住
RPPNMLMJKHLFFAV78CA,台東段,7.60,都市：住
RPPNMLMJKHLFFAV78CA,台東段,5.79,都市：住
RPPNMLMJKHLFFAV78CA,台東段,1.02,都市：住
RPPNMLMJKHLFFAV78CA,台東段,.96,都市：住
RPPNMLMJKHLFFAV78CA,台東段,19.29,都市：住
RPOOMLMJKHLFFAV78CA,台東段,91.00,都市：住
RPWNMLQKKHLFFAV47DA,建樂段,41.63,都市：住
RPRNMLTLJHLFFAV17CA,馬蘭段,178.00,都市：住
RPUNMLQLKHLFFAV27CA,公東段,306.98,都市：住
RPUNMLQLKHLFFAV27CA,公東段,81.14,都市：其他
RPUNMLQLKHLFFAV27CA,公東段,10.34,都市：住
RPWNMLQLKHLFFAV47CA,公東段,172.22,都市：住
RPWNMLQLKHLFFAV47CA,公東段,13.45,都市：住
RPWNMLQLKHLFFAV47CA,公東段,104.83,都市：住
SPPNMLQKKHLFFDV07CA,秀山段,7.02,都市：住
RPPOMLNJKHLFFAV98CA,建成段,101.50,都市：住
RPPNMLQKKHLFFDV96CA,秀山段,6.05,都市：住
RPQNMLKMJHLFFBV98CA,新美山段,2919.03,非都市：風景區 ; 非都市編定：農牧用地
RPPNMLOJKHLFFCV56CA,大原段,3569.00,非都市：一般農業區 ; 非都市編定：農牧用地
RPQNMLLJKHLFFAV78CA,青林段,55.00,都市：住
RPROMLLJKHLFFAV98CA,豐康段,43.21,都市：住
RPROMLLJKHLFFAV98CA,豐康段,13.18,都市：其他
RPPOMLLJKHLFFAV78CA,利家段,195.00,非都市：特定農業區 ; 非都市編定：甲種建築用地
RPPOMLLJKHLFFAV78CA,利家段,42.00,非都市：特定農業區 ; 非都市編定：甲種建築用地
RPPOMLLJKHLFFAV78CA,利家段,6.00,非都市：特定農業區 ; 非都市編定：甲種建築用地
RPQOMLOJKHLFFAV56CA,青林段,362.27,都市：住
RPQOMLOJKHLFFAV56CA,青林段,13.26,都市：住
RPSOMLLJKHLFFAV09CA,豐年段,244.98,都市：住
