﻿編號,車位類別,車位價格,車位面積平方公尺
Serial number,berth category,berth price,berth area square meter
RPSNMLLKKHKFFAA96CB,坡道平面,0,32.10
RPSNMLLKKHKFFAA96CB,坡道平面,0,32.10
RPWNMLLKKHKFFAA37CB,坡道平面,0,32.10
RPWNMLLKKHKFFAA37CB,坡道平面,0,32.10
RPVNMLLKKHKFFAA27CB,坡道平面,0,32.10
RPVNMLLKKHKFFAA27CB,坡道平面,0,32.10
RPRNMLLKKHKFFAA86CB,坡道平面,0,32.10
RPRNMLLKKHKFFAA86CB,坡道平面,0,32.10
RPUNMLLKKHKFFAA17CB,坡道平面,0,32.10
RPUNMLLKKHKFFAA17CB,坡道平面,0,32.10
RPOOMLLKKHKFFAA66CB,坡道平面,0,32.10
RPOOMLLKKHKFFAA66CB,坡道平面,0,32.10
RPXNMLLKKHKFFAA47CB,坡道平面,0,32.10
RPXNMLLKKHKFFAA47CB,坡道平面,0,32.10
RPTNMLLKKHKFFAA07CB,坡道平面,0,32.10
RPTNMLLKKHKFFAA07CB,坡道平面,0,32.10
RPPOMLLKKHKFFAA76CB,坡道平面,0,32.10
RPSOMLLKKHKFFAA07CB,坡道平面,0,32.10
RPUOMLLKKHKFFAA27CB,坡道平面,0,32.10
RPVOMLLKKHKFFAA37CB,坡道平面,0,32.10
RPVOMLLKKHKFFAA37CB,坡道平面,0,32.10
RPTOMLLKKHKFFAA17CB,坡道平面,0,32.10
RPXOMLLKKHKFFAA57CB,坡道平面,0,32.10
RPWOMLLKKHKFFAA47CB,坡道平面,0,32.10
RPROMLLKKHKFFAA96CB,坡道平面,0,32.10
RPROMLLKKHKFFAA96CB,坡道平面,0,32.10
RPOPMLLKKHKFFAA76CB,坡道平面,0,32.10
RPQOMLLKKHKFFAA86CB,坡道平面,0,32.10
RPPPMLLKKHKFFAA86CB,坡道平面,0,32.10
RPRPMLLKKHKFFAA07CB,坡道平面,0,32.10
RPQPMLLKKHKFFAA96CB,坡道平面,0,32.10
RPTPMLLKKHKFFAA27CB,坡道平面,0,32.10
RPUPMLLKKHKFFAA37CB,坡道平面,0,32.10
RPWPMLLKKHKFFAA57CB,坡道平面,0,32.10
RPXPMLLKKHKFFAA67CB,坡道平面,0,32.10
RPPQMLLKKHKFFAA96CB,坡道平面,0,32.10
RPQQMLLKKHKFFAA07CB,坡道平面,0,32.10
RPVPMLRKKHKFFBA18CB,坡道平面,2850000,42.45
RPRQMLLKKHKFFAA17CB,坡道平面,0,32.10
RPWPMLRKKHKFFBA28CB,坡道平面,3150000,42.45
RPPQMLRKKHKFFBA67CB,坡道機械,1800000,16.19
RPXPMLRKKHKFFBA38CB,坡道平面,3200000,42.45
RPOQMLRKKHKFFBA57CB,坡道機械,1800000,16.19
RPRQMLRKKHKFFBA87CB,坡道平面,2600000,36.62
RPOQMLLKKHKFFAA86CB,坡道平面,0,32.10
RPQQMLRKKHKFFBA77CB,坡道平面,2850000,42.45
RPSQMLRKKHKFFBA97CB,坡道平面,2700000,36.62
RPVPMLLKKHKFFAA47CB,坡道平面,0,32.10
RPSPMLLKKHKFFAA17CB,坡道平面,0,32.10
RPVPMLLKKHKFFAA47CB,坡道平面,0,32.10
RPTQMLRKKHKFFBA08CB,坡道機械,1700000,16.19
RPPQMLQKLHKFFCA87DB,坡道平面,2000000,36.01
RPPQMLQKLHKFFCA87DB,坡道機械,1250000,26.63
RPPQMLQKLHKFFCA87DB,坡道機械,1250000,26.63
RPVQMLQKLHKFFCA48DB,坡道平面,2000000,36.01
RPVQMLQKLHKFFCA48DB,坡道機械,1350000,26.63
RPVQMLQKLHKFFCA48DB,坡道機械,1250000,26.63
RPVQMLQKLHKFFCA48DB,坡道機械,1250000,26.63
RPXPMLQKLHKFFCA58DB,坡道平面,2000000,36.01
RPXPMLQKLHKFFCA58DB,坡道機械,1250000,26.63
RPXPMLQKLHKFFCA58DB,坡道機械,1250000,26.63
RPRPMLQKLHKFFCA97DB,坡道平面,2000000,36.01
RPRPMLQKLHKFFCA97DB,坡道機械,1250000,26.63
RPRPMLQKLHKFFCA97DB,坡道機械,1250000,26.63
RPVQMLRKKHKFFBA28CB,坡道機械,1800000,16.19
RPUQMLRKKHKFFBA18CB,坡道機械,1800000,16.19
RPTPMLQKLHKFFCA18DB,坡道平面,2000000,36.01
RPTPMLQKLHKFFCA18DB,坡道機械,1240000,26.63
RPTPMLQKLHKFFCA18DB,坡道機械,1240000,26.63
RPVPMLQKLHKFFCA38DB,坡道平面,2000000,36.01
RPVPMLQKLHKFFCA38DB,坡道機械,1240000,26.63
RPVPMLQKLHKFFCA38DB,坡道機械,1240000,26.63
RPXNMLTKLHKFFAA38CB,塔式車位,147,13.05
RPWNMLTKLHKFFAA28CB,升降平面,255,25.21
RPROMLTKLHKFFAA87CB,塔式車位,122,13.05
RPVPMLTKLHKFFAA38CB,升降平面,235,25.21
RPWOMLOLLHKFFAA97CB,坡道平面,1750000,33.20
RPVOMLOLLHKFFAA87CB,坡道平面,1500000,33.20
RPUOMLOLLHKFFAA77CB,坡道平面,1300000,33.20
RPTOMLOLLHKFFAA67CB,坡道平面,1600000,33.20
RPQOMLOLLHKFFAA37CB,坡道平面,1750000,33.20
RPSOMLOLLHKFFAA57CB,坡道平面,1600000,33.20
RPTPMLOLLHKFFAA77CB,坡道平面,1300000,33.20
RPXOMLOLLHKFFAA08CB,坡道平面,1600000,33.20
RPRPMLOLLHKFFAA57CB,坡道平面,1500000,33.20
RPSPMLOLLHKFFAA67CB,坡道平面,1500000,33.20
RPOOMLOLLHKFFAA17CB,坡道平面,1750000,33.20
RPQPMLOLLHKFFAA47CB,坡道平面,1600000,33.20
RPWPMLOLLHKFFAA08CB,坡道平面,1300000,33.20
RPXPMLOLLHKFFAA18CB,坡道平面,1600000,33.20
RPOQMLOLLHKFFAA37CB,坡道平面,1600000,33.20
RPPQMLOLLHKFFAA47CB,坡道平面,1500000,33.20
RPOPMLOLLHKFFAA27CB,坡道平面,1750000,33.20
RPUPMLOLLHKFFAA87CB,坡道平面,1750000,33.20
RPPPMLOLLHKFFAA37CB,坡道平面,1400000,33.20
RPPOMLOLLHKFFAA27CB,坡道平面,1750000,33.20
RPVPMLOLLHKFFAA97CB,坡道平面,1650000,33.20
RPRQMLOLLHKFFAA67CB,坡道平面,1450000,33.20
RPQQMLOLLHKFFAA57CB,坡道平面,1600000,33.20
RPTQMLOLLHKFFAA87CB,坡道平面,1750000,33.20
RPVQMLOLLHKFFAA08CB,坡道平面,1440000,33.20
RPPRMLOLLHKFFAA57CB,坡道平面,1450000,33.20
RPXQMLOLLHKFFAA28CB,坡道平面,1600000,33.20
RPURMLOLLHKFFAA08CB,坡道平面,1600000,33.20
RPTRMLOLLHKFFAA97CB,坡道平面,1600000,33.20
RPTRMLOLLHKFFAA97CB,坡道平面,1900000,33.20
RPSRMLOLLHKFFAA87CB,坡道平面,1750000,33.20
RPVRMLOLLHKFFAA18CB,坡道平面,1450000,33.20
RPRRMLOLLHKFFAA77CB,坡道平面,1600000,33.20
RPWRMLOLLHKFFAA28CB,坡道平面,1300000,33.20
RPQSMLOLLHKFFAA77CB,坡道平面,1750000,33.20
RPWQMLOLLHKFFAA18CB,坡道平面,1600000,33.20
RPSQMLOLLHKFFAA77CB,坡道平面,1600000,33.20
RPSSMLOLLHKFFAA97CB,坡道平面,1600000,33.20
RPPSMLOLLHKFFAA67CB,坡道平面,1650000,33.20
RPTSMLOLLHKFFAA08CB,坡道平面,1750000,33.20
RPUSMLOLLHKFFAA18CB,坡道平面,1850000,33.20
RPXRMLOLLHKFFAA38CB,坡道平面,1600000,33.20
RPRSMLOLLHKFFAA87CB,坡道平面,1600000,33.20
RPXSMLOLLHKFFAA48CB,坡道平面,1750000,33.20
RPPTMLOLLHKFFAA77CB,坡道平面,1650000,33.20
RPOTMLOLLHKFFAA67CB,坡道平面,1600000,33.20
RPVSMLOLLHKFFAA28CB,坡道平面,1750000,33.20
RPWSMLOLLHKFFAA38CB,坡道平面,1450000,33.20
RPSTMLOLLHKFFAA08CB,坡道平面,1600000,33.20
RPQTMLOLLHKFFAA87CB,坡道平面,1750000,33.20
RPTTMLOLLHKFFAA18CB,坡道平面,1600000,33.20
RPVTMLOLLHKFFAA38CB,坡道平面,1600000,33.20
RPWTMLOLLHKFFAA48CB,坡道平面,1850000,33.20
RPUTMLOLLHKFFAA28CB,坡道平面,1450000,33.20
RPXTMLOLLHKFFAA58CB,坡道平面,1600000,33.20
RPPUMLOLLHKFFAA87CB,坡道平面,1750000,33.20
RPQUMLOLLHKFFAA97CB,坡道平面,1600000,33.20
RPRUMLOLLHKFFAA08CB,坡道平面,1300000,33.20
RPTUMLOLLHKFFAA28CB,坡道平面,1300000,33.20
RPSUMLOLLHKFFAA18CB,坡道平面,1300000,33.20
RPUUMLOLLHKFFAA38CB,坡道平面,1750000,33.20
RPVUMLOLLHKFFAA48CB,坡道平面,1600000,33.20
RPOUMLOLLHKFFAA77CB,坡道平面,1600000,33.20
RPXUMLOLLHKFFAA68CB,坡道平面,1300000,33.20
RPOVMLOLLHKFFAA87CB,坡道平面,1600000,33.20
RPRVMLOLLHKFFAA18CB,坡道平面,1550000,33.20
RPSVMLOLLHKFFAA28CB,坡道平面,1600000,33.20
RPWUMLOLLHKFFAA58CB,坡道平面,1600000,33.20
RPTVMLOLLHKFFAA38CB,坡道平面,1300000,33.20
RPUVMLOLLHKFFAA48CB,坡道平面,1600000,33.20
RPVVMLOLLHKFFAA58CB,坡道平面,1600000,33.20
RPWVMLOLLHKFFAA68CB,坡道平面,1650000,33.20
RPPVMLOLLHKFFAA97CB,坡道平面,1600000,33.20
RPXVMLOLLHKFFAA78CB,坡道平面,1450000,33.20
RPOWMLOLLHKFFAA97CB,坡道平面,1600000,33.20
RPPWMLOLLHKFFAA08CB,坡道平面,1600000,33.20
RPRWMLOLLHKFFAA28CB,坡道平面,1300000,33.20
RPTWMLOLLHKFFAA48CB,坡道平面,1750000,33.20
RPVWMLOLLHKFFAA68CB,坡道平面,1750000,33.20
RPUWMLOLLHKFFAA58CB,坡道平面,1750000,33.20
RPSWMLOLLHKFFAA38CB,坡道平面,1600000,33.20
RPXWMLOLLHKFFAA88CB,坡道平面,1750000,33.20
RPONNLOLLHKFFAA17CB,坡道平面,1750000,33.20
RPQNNLOLLHKFFAA37CB,坡道平面,2100000,33.20
RPPNNLOLLHKFFAA27CB,坡道平面,1600000,33.20
RPSNNLOLLHKFFAA57CB,坡道平面,1600000,33.20
RPTNNLOLLHKFFAA67CB,坡道平面,1600000,33.20
RPUNNLOLLHKFFAA77CB,坡道平面,1300000,33.20
RPVNNLOLLHKFFAA87CB,坡道平面,1650000,33.20
RPRNNLOLLHKFFAA47CB,坡道平面,1750000,33.20
RPOONLOLLHKFFAA27CB,坡道平面,1600000,33.20
RPPONLOLLHKFFAA37CB,坡道平面,1750000,33.20
RPQONLOLLHKFFAA47CB,坡道平面,1750000,33.20
RPRONLOLLHKFFAA57CB,坡道平面,1850000,33.20
RPSONLOLLHKFFAA67CB,坡道平面,1850000,33.20
RPUONLOLLHKFFAA87CB,坡道平面,1600000,33.20
RPTONLOLLHKFFAA77CB,坡道平面,1600000,33.20
RPQWMLOLLHKFFAA18CB,坡道平面,1700000,33.20
RPXNNLOLLHKFFAA08CB,坡道平面,1750000,33.20
RPWONLOLLHKFFAA08CB,坡道平面,2000000,33.20
RPVONLOLLHKFFAA97CB,坡道平面,1750000,33.20
RPXONLOLLHKFFAA18CB,坡道平面,1750000,33.20
RPOPNLOLLHKFFAA37CB,坡道平面,1600000,33.20
RPSPNLOLLHKFFAA77CB,坡道平面,1300000,33.20
RPTPNLOLLHKFFAA87CB,坡道平面,1300000,33.20
RPPPNLOLLHKFFAA47CB,坡道平面,1750000,33.20
RPRPNLOLLHKFFAA67CB,坡道平面,1600000,33.20
RPXPNLOLLHKFFAA28CB,坡道平面,1600000,33.20
RPOQNLOLLHKFFAA47CB,坡道平面,1750000,33.20
RPWPNLOLLHKFFAA18CB,坡道平面,1600000,33.20
RPVPNLOLLHKFFAA08CB,坡道平面,1600000,33.20
RPPQNLOLLHKFFAA57CB,坡道平面,1600000,33.20
RPSQNLOLLHKFFAA87CB,坡道平面,1600000,33.20
RPQQNLOLLHKFFAA67CB,坡道平面,2000000,33.20
RPRQNLOLLHKFFAA77CB,坡道平面,1750000,33.20
RPTQNLOLLHKFFAA97CB,坡道平面,1750000,33.20
RPUPNLOLLHKFFAA97CB,坡道平面,1500000,33.20
RPWQNLOLLHKFFAA28CB,坡道平面,1300000,33.20
RPUQNLOLLHKFFAA08CB,坡道平面,1600000,33.20
RPORNLOLLHKFFAA57CB,坡道平面,1850000,33.20
RPPRNLOLLHKFFAA67CB,坡道平面,1850000,33.20
RPXQNLOLLHKFFAA38CB,坡道平面,1750000,33.20
RPRRNLOLLHKFFAA87CB,坡道平面,1750000,33.20
RPVQNLOLLHKFFAA18CB,坡道平面,1620000,33.20
RPVRNLOLLHKFFAA28CB,坡道平面,1650000,33.20
RPWRNLOLLHKFFAA38CB,坡道平面,1600000,33.20
RPOOMLOLLHKFFEA57CB,坡道平面,0,
RPQOMLOLLHKFFEA77CB,坡道平面,0,
RPPOMLOLLHKFFEA67CB,坡道平面,0,
RPSOMLOLLHKFFEA97CB,坡道平面,0,
RPTOMLOLLHKFFEA08CB,坡道平面,0,
RPUOMLOLLHKFFEA18CB,坡道平面,0,
RPROMLOLLHKFFEA87CB,坡道平面,0,
RPVOMLOLLHKFFEA28CB,坡道平面,0,
RPTRNLOLLHKFFAA08CB,坡道平面,1600000,33.20
RPSRNLOLLHKFFAA97CB,坡道平面,1400000,33.20
RPTPMLOLLHKFFEA18CB,坡道平面,0,
RPUPMLOLLHKFFEA28CB,坡道平面,0,
RPSOMLPLLHKFFCA87CB,坡道平面,2400000,35.81
RPSOMLPLLHKFFCA87CB,坡道平面,2250000,35.81
RPTOMLPLLHKFFCA97CB,坡道平面,1750000,35.81
RPTOMLPLLHKFFCA97CB,坡道平面,1950000,35.81
RPRRMLOLLHKFFEA18CB,坡道平面,0,
RPQRMLOLLHKFFEA08CB,坡道平面,0,
RPTQMLOLLHKFFEA28CB,坡道平面,0,
RPRQMLOLLHKFFEA08CB,坡道平面,0,
RPSQMLOLLHKFFEA18CB,坡道平面,0,
RPWOMLPLLHKFFCA28CB,坡道平面,2150000,35.81
RPWOMLPLLHKFFCA28CB,坡道平面,2150000,35.81
RPUOMLPLLHKFFCA08CB,坡道平面,2400000,35.81
RPUOMLPLLHKFFCA08CB,坡道平面,2450000,35.81
RPUQMLOLLHKFFEA38CB,坡道平面,0,
RPVQMLOLLHKFFEA48CB,坡道平面,0,
RPXOMLPLLHKFFCA38CB,坡道平面,2050000,35.81
RPXOMLPLLHKFFCA38CB,坡道平面,2100000,35.81
RPRPMLPLLHKFFCA87CB,坡道平面,1950000,35.81
RPRPMLPLLHKFFCA87CB,坡道平面,2150000,35.81
RPUPMLPLLHKFFCA18CB,坡道平面,1950000,35.81
RPUPMLPLLHKFFCA18CB,坡道平面,1950000,35.81
RPTPMLPLLHKFFCA08CB,坡道平面,2050000,35.81
RPTPMLPLLHKFFCA08CB,坡道平面,2150000,35.81
RPOPMLPLLHKFFCA57CB,坡道平面,2400000,35.81
RPSPMLPLLHKFFCA97CB,坡道平面,1900000,35.81
RPSPMLPLLHKFFCA97CB,坡道平面,2000000,35.81
RPXPMLPLLHKFFCA48CB,坡道平面,2150000,35.81
RPXPMLPLLHKFFCA48CB,坡道平面,2200000,35.81
RPPQMLPLLHKFFCA77CB,坡道平面,2100000,35.81
RPPQMLPLLHKFFCA77CB,坡道平面,2150000,35.81
RPVPMLPLLHKFFCA28CB,坡道平面,2200000,35.81
RPVPMLPLLHKFFCA28CB,坡道平面,2250000,35.81
RPQQMLPLLHKFFCA87CB,坡道平面,2050000,35.81
RPQQMLPLLHKFFCA87CB,坡道平面,1950000,35.81
RPRQMLPLLHKFFCA97CB,坡道平面,2150000,35.81
RPRQMLPLLHKFFCA97CB,坡道平面,2100000,35.81
RPRQMLPLLHKFFCA97CB,坡道平面,2300000,35.81
RPSQMLPLLHKFFCA08CB,坡道平面,2500000,35.81
RPSQMLPLLHKFFCA08CB,坡道平面,2300000,35.81
RPWPMLPLLHKFFCA38CB,坡道平面,2250000,33.27
RPWPMLPLLHKFFCA38CB,坡道平面,2150000,33.27
RPTQMLPLLHKFFCA18CB,坡道平面,2300000,35.81
RPTQMLPLLHKFFCA18CB,坡道平面,2350000,35.81
RPUQMLPLLHKFFCA28CB,坡道平面,2600000,35.81
RPUQMLPLLHKFFCA28CB,坡道平面,2500000,35.81
RPVQMLPLLHKFFCA38CB,坡道平面,2300000,35.81
RPVQMLPLLHKFFCA38CB,坡道平面,2300000,35.81
RPVRMLPLLHKFFCA48CB,坡道平面,1700000,35.81
RPVRMLPLLHKFFCA48CB,坡道平面,1750000,35.81
RPWRMLPLLHKFFCA58CB,坡道平面,2100000,35.81
RPWRMLPLLHKFFCA58CB,坡道平面,2200000,35.81
RPPSMLPLLHKFFCA97CB,坡道平面,2300000,35.81
RPOSMLPLLHKFFCA87CB,坡道平面,2350000,35.81
RPOSMLPLLHKFFCA87CB,坡道平面,2000000,35.81
RPRSMLPLLHKFFCA18CB,坡道平面,2300000,35.81
RPRSMLPLLHKFFCA18CB,坡道平面,2150000,35.81
RPTSMLPLLHKFFCA38CB,坡道平面,2150000,35.81
RPTSMLPLLHKFFCA38CB,坡道平面,2200000,35.81
RPUSMLPLLHKFFCA48CB,坡道平面,2200000,35.81
RPUSMLPLLHKFFCA48CB,坡道平面,2250000,35.81
RPSSMLPLLHKFFCA28CB,坡道平面,1850000,35.81
RPSSMLPLLHKFFCA28CB,坡道平面,1950000,35.81
RPXSMLPLLHKFFCA78CB,坡道平面,1950000,35.81
RPXSMLPLLHKFFCA78CB,坡道平面,1950000,35.81
RPWSMLPLLHKFFCA68CB,坡道平面,2400000,35.81
RPWSMLPLLHKFFCA68CB,坡道平面,2300000,35.81
RPPTMLPLLHKFFCA08CB,坡道平面,1900000,35.81
RPPTMLPLLHKFFCA08CB,坡道平面,1950000,35.81
RPQTMLPLLHKFFCA18CB,坡道平面,2050000,35.81
RPRTMLPLLHKFFCA28CB,坡道平面,2300000,35.81
RPRTMLPLLHKFFCA28CB,坡道平面,2400000,35.81
RPSTMLPLLHKFFCA38CB,坡道平面,1850000,35.81
RPSTMLPLLHKFFCA38CB,坡道平面,1950000,35.81
RPVSMLPLLHKFFCA58CB,坡道平面,2000000,35.81
RPUTMLPLLHKFFCA58CB,坡道平面,2200000,35.81
RPUTMLPLLHKFFCA58CB,坡道平面,2150000,35.81
RPVTMLPLLHKFFCA68CB,坡道平面,2300000,35.81
RPVTMLPLLHKFFCA68CB,坡道平面,2050000,35.81
RPPUMLPLLHKFFCA18CB,坡道平面,2150000,33.27
RPQUMLPLLHKFFCA28CB,坡道平面,2000000,35.81
RPQUMLPLLHKFFCA28CB,坡道平面,2050000,35.81
RPRUMLPLLHKFFCA38CB,坡道平面,2300000,35.81
RPRUMLPLLHKFFCA38CB,坡道平面,2050000,35.81
RPSUMLPLLHKFFCA48CB,坡道平面,2300000,35.81
RPSUMLPLLHKFFCA48CB,坡道平面,2300000,35.81
RPXUMLPLLHKFFCA98CB,坡道平面,1950000,35.81
RPXUMLPLLHKFFCA98CB,坡道平面,2000000,35.81
RPWUMLPLLHKFFCA88CB,坡道平面,2000000,35.81
RPWUMLPLLHKFFCA88CB,坡道平面,1900000,35.81
RPVUMLPLLHKFFCA78CB,坡道平面,2050000,35.81
RPVUMLPLLHKFFCA78CB,坡道平面,2150000,35.81
RPTNMLRKMHKFFAA87CB,升降機械,2100000,24.57
RPXNMLKLMHKFFAA77DB,坡道平面,3800000,43.36
RPUNMLKLMHKFFAA47DB,坡道平面,3300000,45.27
RPOOMLKLMHKFFAA96DB,坡道平面,3300000,43.36
RPVNMLKLMHKFFAA57DB,坡道平面,3300000,45.27
RPWNMLKLMHKFFAA67DB,坡道平面,3300000,43.36
RPQOMLKLMHKFFAA17DB,坡道平面,3000000,43.36
RPPOMLKLMHKFFAA07DB,坡道平面,3000000,21.68
RPPOMLKLMHKFFAA07DB,坡道平面,3000000,21.68
RPSOMLKLMHKFFAA37DB,坡道平面,3000000,43.36
RPUUMLPLLHKFFCA68CB,坡道平面,2400000,35.81
RPUUMLPLLHKFFCA68CB,坡道平面,2400000,35.81
RPUOMLKLMHKFFAA57DB,坡道平面,3800000,43.36
RPTOMLKLMHKFFAA47DB,坡道平面,3300000,43.36
RPVOMLKLMHKFFAA67DB,坡道平面,3800000,43.36
RPXOMLKLMHKFFAA87DB,坡道機械,2250000,43.36
RPXOMLKLMHKFFAA87DB,坡道機械,2250000,43.36
RPWOMLKLMHKFFAA77DB,坡道平面,3600000,21.68
RPWOMLKLMHKFFAA77DB,坡道平面,3600000,21.68
RPOPMLKLMHKFFAA07DB,坡道平面,3300000,43.36
RPRPMLKLMHKFFAA37DB,坡道平面,3000000,43.36
RPQPMLKLMHKFFAA27DB,坡道機械,2250000,43.36
RPQPMLKLMHKFFAA27DB,坡道機械,2250000,43.36
RPSPMLKLMHKFFAA47DB,坡道平面,3800000,43.36
RPTPMLKLMHKFFAA57DB,坡道平面,2800000,43.36
RPXRMLSLMHKFFCA09CB,坡道平面,2850000,47.73
RPQRMLSLMHKFFCA38CB,坡道平面,2650000,47.73
RPQRMLSLMHKFFCA38CB,坡道平面,2850000,47.73
RPQSMLSLMHKFFCA48CB,坡道平面,3050000,47.73
RPSRMLSLMHKFFCA58CB,坡道平面,3350000,47.73
RPURMLSLMHKFFCA78CB,坡道平面,2650000,47.73
RPPSMLSLMHKFFCA38CB,坡道平面,2550000,47.73
RPTRMLSLMHKFFCA68CB,坡道平面,2850000,47.73
RPTRMLSLMHKFFCA68CB,坡道平面,2650000,47.73
RPOSMLSLMHKFFCA28CB,坡道平面,2900000,47.73
RPVRMLSLMHKFFCA88CB,坡道平面,2750000,47.73
RPRQMLKMMHKFFDA77CB,坡道平面,2700000,37.56
RPRQMLKMMHKFFDA77CB,坡道平面,2700000,37.56
RPWNMLTLMHKFFAA48CB,坡道平面,1600000,33.20
RPVPMLKMMHKFFDA08CB,坡道平面,2700000,37.56
RPQQMLKMMHKFFDA67CB,坡道平面,2900000,37.56
RPQQMLKMMHKFFDA67CB,坡道平面,2900000,37.56
RPSQMLKMMHKFFDA87CB,坡道平面,2600000,37.56
RPPQMLKMMHKFFDA57CB,坡道平面,2900000,37.56
RPORMLKMMHKFFDA57CB,坡道平面,2600000,37.56
RPORMLKMMHKFFDA57CB,坡道平面,2600000,37.56
RPXQMLKMMHKFFDA38CB,坡道平面,2700000,37.56
RPRSMLSLMHKFFCA58CB,坡道平面,3250000,47.73
RPRSMLSLMHKFFCA58CB,坡道平面,2750000,47.73
RPPRMLKMMHKFFDA67CB,坡道平面,2700000,37.56
RPTRMLKMMHKFFDA08CB,坡道平面,2700000,37.56
RPTQMLKMMHKFFDA97CB,坡道平面,2700000,37.56
RPVPMLKMMHKFFEA18CB,坡道平面,2600000,
RPRQMLKMMHKFFEA87CB,坡道平面,2600000,
RPOQMLKMMHKFFEA57CB,坡道平面,2600000,
RPUQMLKMMHKFFDA08CB,坡道平面,2700000,37.56
RPTQMLKMMHKFFEA08CB,坡道平面,2600000,
RPXPMLKMMHKFFEA38CB,坡道平面,2600000,
RPWPMLKMMHKFFEA28CB,坡道平面,2600000,
