﻿編號,屋齡,建物移轉面積平方公尺,主要用途,主要建材,建築完成日期,總層數,建物分層
The serial number,room age,building shifting area square meter,the main use,main building materials,construction completes the date,total layer,building lamination
RPSRMLMJKHKFFBB67CC,33,150.69,住商用,鋼筋混凝土造,70年11月19日,五層,
RPWNMLNJKHKFFCB87CC,19,171.42,住家用,鋼筋混凝土造,85年6月12日,十八層,
RPWNMLNJKHKFFCB87CC,19,16.09,見其他登記事項,鋼筋混凝土造,85年6月12日,十八層,
RPOPMLMJKHKFFBB07CC,1,46.80,見其它登記事項,鋼筋混凝土造,102年11月8日,三層,
RPQPMLNJKHKFFCB57DC,1,156.52,住家用,鋼筋混凝土造,103年5月7日,十八層,
RPQPMLNJKHKFFCB57DC,1,67.29,見其他登記事項,鋼筋混凝土造,103年5月7日,十八層,
RPQOMLOJKHKFFAB27CC,21,166.90,商業用,鋼筋混凝土造,82年11月2日,十六層,
RPQOMLOJKHKFFAB27CC,21,35.42,見其他登記事項,鋼筋混凝土造,82年11月2日,十六層,
RPTNMLMJKHKFFCL48CC,17,174.60,住家用,鋼筋混凝土造,87年7月2日,003,
RPPPMLMJKHKFFBB17CC,1,49.89,見其它登記事項,鋼筋混凝土造,102年11月8日,三層,
RPUOMLMJKHKFFCB67CC,42,21.70,見其他登記事項,見其他登記事項,62年1月1日,二層,
RPXNMLNJKHKFFAB77CC,24,182.84,住商用,鋼筋混凝土造,80年6月13日,七層,
RPTPMLNJKHKFFCB77CC,2,140.11,住家用,鋼筋混凝土造,101年10月3日,十四層,
RPTPMLNJKHKFFCB77CC,2,133.42,見其他登記事項,鋼筋混凝土造,101年10月3日,十四層,
RPPPMLOJKHKFFAB27CC,16,94.15,住家用,鋼筋混凝土造,88年4月13日,九層,
RPPPMLOJKHKFFAB27CC,16,64.36,共有部份,鋼筋混凝土造,88年4月13日,九層,
RPRPMLOJKHKFFAB47CC,3,55.29,見其他登記事項,鋼筋混凝土造,101年1月4日,十五層,
RPRPMLOJKHKFFAB47CC,3,36.92,見其他登記事項,鋼筋混凝土造,101年1月4日,十五層,
RPSPMLOJKHKFFAB57CC,4,40.86,見其他登記事項,鋼筋混凝土造,99年8月12日,十三層,
RPSPMLOJKHKFFAB57CC,4,10.50,見其他登記事項,鋼筋混凝土造,99年8月12日,十三層,
RPSPMLOJKHKFFAB57CC,4,8.64,見其他登記事項,鋼筋混凝土造,99年8月12日,十三層,
RPXPMLOJKHKFFBB18CC,24,62.86,住家用,鋼筋混凝土造,80年6月21日,七層,
RPVRMLPJKHKFFBB28CC,24,331.49,商業用,鋼骨混凝土造,79年12月15日,十七層,
RPVRMLPJKHKFFBB28CC,24,131.02,共有部份,鋼骨混凝土造,79年12月15日,十七層,
RPQOMLPJKHKFFCB67DC,22,266.55,住商用,鋼筋混凝土造,82年4月17日,五層,
RPTNMLPJKHKFFCL78CC,25,150.29,見其他登記事項,加強磚造,79年7月30日,002,
RPQSMLOJKHKFFBB77CC,21,73.08,住家用,鋼筋混凝土造,82年12月10日,五層,
RPQNMLOJKHKFFCL38CC,20,250.03,住家用,鋼筋混凝土造,83年10月11日,004,
RPTNMLPJKHKFFGL56CC,8,198.28,見其他登記事項,鋼筋混凝土造,96年7月19日,004,
RPOSMLPJKHKFFBB67CC,21,188.12,商業用,鋼筋混凝土造,83年3月30日,九層,
RPWOMLPJKHKFFAB97CC,9,90.35,見其他登記事項,鋼筋混凝土造,95年6月22日,三十二層,
RPWOMLPJKHKFFAB97CC,9,14.61,見其他登記事項,鋼筋混凝土造,95年6月22日,三十二層,
RPWOMLPJKHKFFAB97CC,9,17.27,見其他登記事項,鋼筋混凝土造,95年6月22日,三十二層,
RPQQMLPJKHKFFCB77CC,5,73.35,住家用,鋼筋混凝土造,99年1月12日,二十六層,
RPRTMLPJKHKFFCB18CC,3,522.28,見其他登記事項,鋼筋混凝土造,101年4月5日,四層,
RPSRMLPJKHKFFCB08CC,10,258.55,見其他登記事項,鋼筋混凝土造,94年7月8日,四層,
RPSRMLPJKHKFFCB08CC,10,22.48,見其他登記事項,鋼筋混凝土造,94年7月8日,四層,
RPRTMLPJKHKFFCB18CC,3,666.09,見其他登記事項,鋼筋混凝土造,101年4月5日,四層,
RPRTMLPJKHKFFCB18CC,3,672.90,見其他登記事項,鋼筋混凝土造,101年4月5日,四層,
RPRTMLPJKHKFFCB18CC,3,1185.89,見其他登記事項,鋼筋混凝土造,101年4月5日,四層,
RPWSMLPJKHKFFCB58CC,1,57.33,住家用,鋼筋混凝土造,103年7月4日,十二層,
RPWSMLPJKHKFFCB58CC,1,58.70,見其他登記事項,鋼筋混凝土造,103年7月4日,十二層,
RPWSMLPJKHKFFCB58CC,1,15.27,見其他登記事項,鋼筋混凝土造,103年7月4日,十二層,
RPOTMLPJKHKFFCB87CC,1,54.40,住家用,鋼筋混凝土造,103年7月4日,十二層,
RPOTMLPJKHKFFCB87CC,1,60.19,見其他登記事項,鋼筋混凝土造,103年7月4日,十二層,
RPOTMLPJKHKFFCB87CC,1,19.24,見其他登記事項,鋼筋混凝土造,103年7月4日,十二層,
RPPOMLQJKHKFFCB57CC,21,123.21,住家用,鋼筋混凝土造,83年7月21日,二十四層,
RPPOMLQJKHKFFCB57CC,21,53.87,共有部分,鋼筋混凝土造,83年7月21日,二十四層,
RPXRMLPJKHKFFCB58CC,5,61.98,住家用,鋼筋混凝土造,99年2月1日,十二層,
RPXRMLPJKHKFFCB58CC,5,22.85,見其他登記事項,鋼筋混凝土造,99年2月1日,十二層,
RPXRMLPJKHKFFCB58CC,5,8.52,見其他登記事項,鋼筋混凝土造,99年2月1日,十二層,
RPRRMLPJKHKFFCB97CC,23,124.76,住家用,鋼筋混凝土造,81年3月17日,六層,
RPRRMLPJKHKFFCB97CC,23,61.48,共有部分,鋼筋混凝土造,81年1月9日,六層,
RPQOMLQJKHKFFCB67CC,22,116.08,住商用,鋼筋混凝土造,82年4月19日,十三層,
RPQOMLQJKHKFFCB67CC,22,29.90,共有部分,鋼筋混凝土造,82年4月19日,十三層,
RPROMLQJKHKFFCB77CC,22,125.54,住商用,鋼筋混凝土造,82年4月19日,十三層,
RPROMLQJKHKFFCB77CC,22,49.22,共有部分,鋼筋混凝土造,82年4月19日,十三層,
RPUOMLQJKHKFFCB08CC,23,112.48,住家用,鋼筋混凝土造,81年2月21日,十五層,
RPUOMLQJKHKFFCB08CC,22,20.08,共有部分,鋼筋混凝土造,81年12月21日,十五層,
RPUOMLQJKHKFFCB08CC,22,8.46,共有部分,鋼筋混凝土造,81年12月21日,十五層,
RPQQMLQJKHKFFBB77CC,23,57.20,住家用,鋼筋混凝土造,80年10月18日,五層,
RPRNMLRJKHKFFGL56CC,1,87.04,見其他登記事項,鋼筋混凝土造,103年5月19日,012,
RPRNMLRJKHKFFGL56CC,1,69.20,見其他登記事項,鋼筋混凝土造,103年5月19日,012,
RPVOMLQJKHKFFHL07CC,1,67.33,見其他登記事項,鋼筋混凝土造,103年2月21日,014,
RPVOMLQJKHKFFHL07CC,1,65.32,見其他登記事項,鋼筋混凝土造,103年2月21日,014,
RPQNMLRJKHKFFAB47CC,9,92.98,見其他登記事項,鋼筋混凝土造,95年6月22日,三十二層,
RPQNMLRJKHKFFAB47CC,9,14.35,見其他登記事項,鋼筋混凝土造,95年6月22日,三十二層,
RPQNMLRJKHKFFAB47CC,9,25.58,見其他登記事項,鋼筋混凝土造,95年6月22日,三十二層,
RPPNMLRJKHKFFBL48CC,31,85.58,見其他登記事項,加強磚造,73年4月24日,002,
RPTOMLRJKHKFFCB08CC,1,147.37,住家用,鋼筋混凝土造,103年5月28日,十四層,
RPTOMLRJKHKFFCB08CC,1,120.85,見其他登記事項,鋼筋混凝土造,103年5月28日,十四層,
RPPNMLSJKHKFFGL09CC,17,154.44,見其他登記事項,鋼筋混凝土造,87年5月14日,005,
RPSNMLRJKHKFFAB67CC,8,26.49,見其他登記事項,鋼筋混凝土造,95年10月26日,三十二層,
RPSNMLRJKHKFFAB67CC,9,4.52,見其他登記事項,鋼筋混凝土造,95年6月22日,三十二層,
RPSNMLRJKHKFFAB67CC,8,11.08,見其他登記事項,鋼筋混凝土造,95年10月26日,三十二層,
RPUPMLRJKHKFFCB28CC,8,55.47,住家用,鋼筋混凝土造,95年11月24日,十四層,
RPUPMLRJKHKFFCB28CC,8,24.89,見其他登記事項,鋼筋混凝土造,95年11月24日,十四層,
RPPOMLSJKHKFFAB57CC,33,195.66,住商用,鋼筋混凝土造,70年9月8日,三層,
RPPNMLTJKHKFFHL76DC,37,79.20,見其他登記事項,加強磚造,67年1月10日,002,
RPTNMLTJKHKFFGL07DC,16,64.55,見其他登記事項,鋼筋混凝土造,87年9月14日,009,
RPQOMLTJKHKFFBB87CC,2,42.77,住家用,鋼筋混凝土造,102年7月25日,二十二層,
RPQOMLTJKHKFFBB87CC,2,11.45,見其它登記事項,鋼筋混凝土造,102年7月25日,二十二層,
RPQOMLTJKHKFFBB87CC,2,22.83,見其它登記事項,鋼筋混凝土造,102年7月25日,二十二層,
RPQOMLTJKHKFFCB97CC,5,48.69,住家用,鋼筋混凝土造,98年8月13日,二十六層,
RPQOMLTJKHKFFCB97CC,5,39.88,見其他登記事項,鋼筋混凝土造,98年8月13日,二十六層,
RPQOMLTJKHKFFCB97CC,5,19.16,見其他登記事項,鋼筋混凝土造,98年8月13日,二十六層,
RPVNMLTJKHKFFCB38CC,1,159.24,見其他登記事項,鋼骨鋼筋混凝土造,103年4月3日,三十六層,
RPVNMLTJKHKFFCB38CC,1,159.24,見其他登記事項,鋼骨鋼筋混凝土造,103年4月3日,三十六層,
RPVNMLTJKHKFFCB38CC,1,252.83,見其他登記事項,鋼骨鋼筋混凝土造,103年4月3日,三十六層,
RPVNMLTJKHKFFCB38CC,1,170.43,見其他登記事項,鋼骨鋼筋混凝土造,103年4月3日,三十六層,
RPVNMLTJKHKFFCB38CC,1,302.57,見其他登記事項,鋼骨鋼筋混凝土造,103年4月3日,三十六層,
RPRNMLTJKHKFFIL96CC,1,139.99,見其他登記事項,鋼筋混凝土造,103年4月11日,003,
RPROMLTJKHKFFCB08CC,5,65.94,住家用,鋼筋混凝土造,98年8月13日,十八層,
RPROMLTJKHKFFCB08CC,5,5.35,住家用,鋼筋混凝土造,98年8月13日,十八層,
RPROMLTJKHKFFCB08CC,5,23.35,住家用,鋼筋混凝土造,98年8月13日,十八層,
RPTNMLTJKHKFFAB97CC,23,117.31,住家用,鋼筋混凝土造,80年11月1日,十二層,
RPTNMLTJKHKFFAB97CC,23,3.11,共有部份,鋼筋混凝土造,80年11月1日,十二層,
RPTNMLTJKHKFFCB18CC,1,151.78,見其他登記事項,鋼骨鋼筋混凝土造,103年4月3日,三十六層,
RPTNMLTJKHKFFCB18CC,1,45.22,見其他登記事項,鋼骨鋼筋混凝土造,103年4月3日,三十六層,
RPTNMLTJKHKFFCB18CC,1,88.51,見其他登記事項,鋼骨鋼筋混凝土造,103年4月3日,三十六層,
RPRQMLTJKHKFFCB28CC,12,165.79,見其他登記事項,見其他登記事項,92年1月29日,十九層,
RPRQMLTJKHKFFCB28CC,12,51.92,見其他登記事項,見其他登記事項,92年1月29日,十九層,
RPRQMLTJKHKFFCB28CC,12,37.57,見其他登記事項,見其他登記事項,92年1月29日,十九層,
RPUQMLTJKHKFFCB58CC,1,355.34,見其他登記事項,鋼骨鋼筋混凝土造,103年4月3日,三十六層,
RPUQMLTJKHKFFCB58CC,1,105.84,見其他登記事項,鋼骨鋼筋混凝土造,103年4月3日,三十六層,
RPUQMLTJKHKFFCB58CC,1,113.20,見其他登記事項,鋼骨鋼筋混凝土造,103年4月3日,三十六層,
RPVOMLTJKHKFFCB48CC,21,111.32,住家用,鋼筋混凝土造,83年4月25日,十三層,
RPVOMLTJKHKFFCB48CC,21,30.80,共有部分,鋼筋混凝土造,83年4月25日,十三層,
RPWQMLTJKHKFFCB78CC,1,230.48,見其他登記事項,鋼骨鋼筋混凝土造,103年4月3日,三十六層,
RPWQMLTJKHKFFCB78CC,1,68.74,見其他登記事項,鋼骨鋼筋混凝土造,103年4月3日,三十六層,
RPWQMLTJKHKFFCB78CC,1,73.35,見其他登記事項,鋼骨鋼筋混凝土造,103年4月3日,三十六層,
RPXQMLTJKHKFFCB88CC,12,165.79,見其他登記事項,見其他登記事項,92年1月29日,十九層,
RPXQMLTJKHKFFCB88CC,12,51.92,見其他登記事項,見其他登記事項,92年1月29日,十九層,
RPXQMLTJKHKFFCB88CC,12,37.57,見其他登記事項,見其他登記事項,92年1月29日,十九層,
RPUNMLKKKHKFFBB37CC,10,157.77,見其它登記事項,見其它登記事項,94年1月20日,四層,
RPOOMLKKKHKFFCB96CC,13,163.00,住家用,鋼筋混凝土造,90年9月12日,二十七層,
RPOOMLKKKHKFFCB96CC,13,93.08,共有部分,鋼筋混凝土造,90年9月12日,二十七層,
RPPRMLTJKHKFFCB18CC,1,230.48,見其他登記事項,鋼骨鋼筋混凝土造,103年4月3日,三十六層,
RPPRMLTJKHKFFCB18CC,1,68.74,見其他登記事項,鋼骨鋼筋混凝土造,103年4月3日,三十六層,
RPPRMLTJKHKFFCB18CC,1,73.35,見其他登記事項,鋼骨鋼筋混凝土造,103年4月3日,三十六層,
RPQRMLTJKHKFFCB28CC,12,165.79,見其他登記事項,見其他登記事項,92年1月29日,十九層,
RPQRMLTJKHKFFCB28CC,12,51.92,見其他登記事項,見其他登記事項,92年1月29日,十九層,
RPQRMLTJKHKFFCB28CC,12,37.57,見其他登記事項,見其他登記事項,92年1月29日,十九層,
RPRPMLKKKHKFFCB37CC,5,86.54,住家用,鋼筋混凝土造,98年8月13日,二十六層,
RPSOMLKKKHKFFAB17CC,41,542.43,商業用,見其他登記事項,62年11月3日,五層,
RPVNMLKKKHKFFBB47CC,21,32.50,住家用,鋼筋混凝土造,82年8月3日,八層,
RPPOMLKKKHKFFCB07CC,21,28.35,見其他登記事項,鋼筋混凝土造,82年11月10日,二十一層,
RPPOMLKKKHKFFCB07CC,21,5.52,共有部分,鋼筋混凝土造,82年11月10日,二十一層,
RPPOMLKKKHKFFCB07CC,21,4.24,共有部分,鋼筋混凝土造,82年11月10日,二十一層,
RPPOMLKKKHKFFCB07CC,21,1.28,共有部分,鋼筋混凝土造,82年11月10日,二十一層,
RPPOMLKKKHKFFCB07CC,21,.35,見其他登記事項,鋼筋混凝土造,82年11月10日,二十三層,
RPUOMLKKKHKFFAB37CC,47,74.99,住商用,見其他登記事項,56年9月22日,三層,
RPWOMLKKKHKFFAB57CC,49,94.79,住家用,見其他登記事項,55年3月8日,二層,
RPSNMLLKKHKFFHL88CC,27,93.16,見其他登記事項,加強磚造,76年12月1日,002,
RPRNMLKKKHKFFBB17DC,30,208.11,住商用,鋼筋混凝土造,74年7月19日,三層,
RPWOMLLKKHKFFBB87DC,21,144.52,住家用,鋼筋混凝土造,82年10月8日,七層,
RPWOMLLKKHKFFBB87DC,21,42.53,共有部份,鋼筋混凝土造,82年10月8日,七層,
RPVPMLLKKHKFFAB67CC,8,82.44,見其他登記事項,鋼筋混凝土造,95年12月22日,十五層,
RPVPMLLKKHKFFAB67CC,8,17.39,見其他登記事項,鋼筋混凝土造,95年12月22日,十五層,
RPVPMLLKKHKFFAB67CC,8,12.36,見其他登記事項,鋼筋混凝土造,95年12月22日,十五層,
RPVPMLLKKHKFFAB67CC,8,29.30,見其他登記事項,鋼筋混凝土造,95年12月22日,十五層,
RPTPMLLKKHKFFAB47CC,51,2060.21,住商用,鋼筋混凝土造,53年2月22日,六層,
RPROMLLKKHKFFAB17CC,18,52.67,見其他登記事項,見其他登記事項,86年4月29日,四十二層,
RPROMLLKKHKFFAB17CC,18,6.83,見其他登記事項,見其他登記事項,86年4月29日,四十二層,
RPXPMLLKKHKFFAB87CC,4,91.87,見其他登記事項,鋼筋混凝土造,100年1月5日,十五層,
RPXPMLLKKHKFFAB87CC,4,18.65,見其他登記事項,鋼筋混凝土造,100年1月5日,十五層,
RPXPMLLKKHKFFAB87CC,4,18.46,見其他登記事項,鋼筋混凝土造,100年1月5日,十五層,
RPXPMLLKKHKFFGL86CC,1,87.04,見其他登記事項,鋼筋混凝土造,103年5月19日,012,
RPXPMLLKKHKFFGL86CC,1,69.20,見其他登記事項,鋼筋混凝土造,103年5月19日,012,
RPRNMLLKKHKFFAB07CC,19,90.22,見其他登記事項,鋼筋混凝土造,85年3月28日,十四層,
RPRNMLLKKHKFFAB07CC,19,23.65,見其他登記事項,鋼筋混凝土造,85年3月28日,十四層,
RPRNMLLKKHKFFAB07CC,19,19.68,見其他登記事項,鋼筋混凝土造,85年3月28日,十四層,
RPSQMLLKKHKFFAB47CC,8,83.49,見其他登記事項,鋼筋混凝土造,95年12月22日,十五層,
RPSQMLLKKHKFFAB47CC,8,17.61,見其他登記事項,鋼筋混凝土造,95年12月22日,十五層,
RPSQMLLKKHKFFAB47CC,8,12.50,見其他登記事項,鋼筋混凝土造,95年12月22日,十五層,
RPPNMLLKKHKFFCB07CC,23,163.55,商業用,鋼筋混凝土造,80年9月30日,七層,
RPPNMLLKKHKFFCB07CC,23,34.15,共有部分,鋼筋混凝土造,80年9月30日,七層,
RPSPMLLKKHKFFCB57CC,20,270.88,商業用,鋼筋混凝土造,83年10月24日,十四層,
RPSPMLLKKHKFFCB57CC,20,139.98,共有部分,鋼筋混凝土造,83年10月24日,十四層,
RPQQMLLKKHKFFCB47CC,1,92.44,住家用,鋼筋混凝土造,102年11月5日,十二層,
RPQQMLLKKHKFFCB47CC,1,91.88,見其他登記事項,鋼筋混凝土造,102年11月5日,十二層,
RPQQMLLKKHKFFCB47CC,1,22.65,見其他登記事項,鋼筋混凝土造,102年11月5日,十二層,
RPVNMLLKKHKFFCB67CC,18,60.72,見其他登記事項,鋼筋混凝土造,85年9月3日,十五層,
RPVNMLLKKHKFFCB67CC,18,32.54,共有部分,鋼筋混凝土造,85年9月3日,十五層,
RPOQMLLKKHKFFCB27CC,8,79.73,住家用,鋼筋混凝土造,95年8月16日,二十二層,
RPOQMLLKKHKFFCB27CC,8,31.04,見其他登記事項,鋼筋混凝土造,95年8月16日,二十二層,
RPUQMLLKKHKFFCB87CC,4,211.77,住家用,鋼筋混凝土造,99年9月24日,十三層,
RPUQMLLKKHKFFCB87CC,4,117.44,見其他登記事項,鋼筋混凝土造,99年9月24日,十三層,
RPOQMLLKKHKFFBB17CC,18,51.00,見其它登記事項,鋼筋混凝土加強磚造,86年1月4日,一層,
RPWQMLLKKHKFFCB08CC,23,129.52,住家用,鋼筋混凝土造,81年2月14日,六層,
RPWQMLLKKHKFFCB08CC,23,37.06,共有部分,鋼筋混凝土造,81年2月14日,六層,
RPPRMLLKKHKFFCB47CC,25,155.88,住商用,鋼筋混凝土造,78年10月26日,三層,
RPPRMLLKKHKFFBB37CC,25,178.08,住商用,鋼筋混凝土造,78年11月2日,十五層,
RPPRMLLKKHKFFBB37CC,25,168.81,住商用,鋼筋混凝土造,78年11月2日,十五層,
RPVRMLLKKHKFFCB08CC,1,117.00,住家用,鋼筋混凝土造,102年12月18日,十二層,
RPVRMLLKKHKFFCB08CC,1,90.56,見其他登記事項,鋼筋混凝土造,102年12月18日,十二層,
RPVRMLLKKHKFFCB08CC,1,26.09,見其他登記事項,鋼筋混凝土造,102年12月18日,十二層,
RPXRMLLKKHKFFCB28CC,3,115.76,見其他登記事項,鋼筋混凝土造,100年11月17日,十二層,
RPXRMLLKKHKFFCB28CC,3,116.22,見其他登記事項,鋼筋混凝土造,100年11月17日,十二層,
RPQSMLLKKHKFFCB67CC,5,39.66,住家用,鋼筋混凝土造,98年8月13日,二十六層,
RPQSMLLKKHKFFCB67CC,5,3.28,見其他登記事項,鋼筋混凝土造,98年8月13日,二十六層,
RPQSMLLKKHKFFCB67CC,5,15.60,見其他登記事項,鋼筋混凝土造,98年8月13日,二十六層,
RPQOMLMKKHKFFCB37CC,5,45.25,住家用,鋼筋混凝土造,98年8月13日,二十六層,
RPQOMLMKKHKFFCB37CC,5,3.80,見其他登記事項,鋼筋混凝土造,98年8月13日,二十六層,
RPQOMLMKKHKFFCB37CC,5,17.80,見其他登記事項,鋼筋混凝土造,98年8月13日,二十六層,
RPUOMLMKKHKFFCB77CC,1,98.71,住家用,鋼筋混凝土造,103年5月7日,十八層,
RPUOMLMKKHKFFCB77CC,1,15.40,見其他登記事項,鋼筋混凝土造,103年5月7日,十八層,
RPUOMLMKKHKFFCB77CC,1,36.01,見其他登記事項,鋼筋混凝土造,103年5月7日,十八層,
RPXNMLMKKHKFFCB97CC,28,45.47,住家用,加強磚造,75年10月13日,二層,
RPSOMLMKKHKFFCB57CC,22,581.48,工業用,鋼造,82年3月26日,二層,
RPWRMLLKKHKFFCB18CC,8,29.43,住家用,鋼筋混凝土造,95年11月24日,十四層,
RPWRMLLKKHKFFCB18CC,8,13.25,見其他登記事項,鋼筋混凝土造,95年11月24日,十四層,
RPVPMLMKKHKFFCB97CC,,3130.81,見其他登記事項,見其他登記事項,103年12月17日,二層,
RPVPMLMKKHKFFCB97CC,,3130.81,見其他登記事項,見其他登記事項,103年12月17日,二層,
RPQOMLMKKHKFFBB27CC,9,45.74,住家用,鋼筋混凝土造,94年12月8日,十八層,
RPQOMLMKKHKFFBB27CC,9,18.33,共有部份,鋼筋混凝土造,94年12月8日,十八層,
RPRNMLMKKHKFFCB37CC,29,189.18,住家用,加強磚造,75年7月29日,二層,
RPTOMLMKKHKFFBB57CC,22,380.24,商業用,鋼筋混凝土造,81年11月10日,十九層,
RPTOMLMKKHKFFBB57CC,22,33.78,共有部份,鋼筋混凝土造,81年11月10日,十九層,
RPTOMLMKKHKFFBB57CC,22,26.67,見其它登記事項,鋼筋混凝土造,81年11月10日,十九層,
RPQNMLMKKHKFFCB37DC,10,255.14,見其他登記事項,見其他登記事項,93年11月23日,四層,
RPTOMLNKKHKFFAB57CC,16,81.21,見其他登記事項,鋼筋混凝土造,87年9月18日,十四層,
RPQPMLNKKHKFFAB37CC,8,83.49,見其他登記事項,鋼筋混凝土造,95年12月22日,十五層,
RPQPMLNKKHKFFAB37CC,8,17.61,見其他登記事項,鋼筋混凝土造,95年12月22日,十五層,
RPQPMLNKKHKFFAB37CC,8,41.80,見其他登記事項,鋼筋混凝土造,95年12月22日,十五層,
RPOPMLNKKHKFFGL88DC,11,115.20,見其他登記事項,鋼筋混凝土造,93年6月11日,014,
RPXNMLMKKHKFFAB77CC,8,66.72,見其他登記事項,鋼筋混凝土造,95年12月22日,十五層,
RPXNMLMKKHKFFAB77CC,8,14.08,見其他登記事項,鋼筋混凝土造,95年12月22日,十五層,
RPXNMLMKKHKFFAB77CC,8,39.29,見其他登記事項,鋼筋混凝土造,95年12月22日,十五層,
RPQOMLMKKHKFFAB17CC,27,81.55,商業用,鋼筋混凝土造,76年10月15日,二十三層,
RPPOMLMKKHKFFAB07CC,27,81.55,商業用,鋼筋混凝土造,76年10月15日,二十三層,
RPUOMLNKKHKFFAB67CC,32,153.40,住商用,鋼筋混凝土造,71年11月16日,十二層,
RPQOMLNKKHKFFGL88CC,1,87.04,見其他登記事項,鋼筋混凝土造,103年5月19日,012,
RPQOMLNKKHKFFGL88CC,1,69.20,見其他登記事項,鋼筋混凝土造,103年5月19日,012,
RPRPMLNKKHKFFAB47CC,8,83.53,見其他登記事項,鋼筋混凝土造,95年12月22日,十五層,
RPRPMLNKKHKFFAB47CC,8,17.62,見其他登記事項,鋼筋混凝土造,95年12月22日,十五層,
RPRPMLNKKHKFFAB47CC,8,12.52,見其他登記事項,鋼筋混凝土造,95年12月22日,十五層,
RPSPMLNKKHKFFAB57CC,45,225.36,住商用,鋼筋混凝土造,59年5月15日,四層,
RPSNMLOKKHKFFCB67CC,4,46.22,住家用,鋼筋混凝土造,99年11月19日,二十四層,
RPSNMLOKKHKFFCB67CC,4,20.97,見其他登記事項,鋼筋混凝土造,99年11月19日,二十四層,
RPVNMLQKKHKFFCB18CC,18,47.05,見其他登記事項,鋼筋混凝土造,85年9月3日,十五層,
RPQOMLNKKHKFFCB47CC,1,182.79,住家用,鋼骨鋼筋混凝土造,103年1月24日,二十九層,
RPQOMLNKKHKFFCB47CC,1,43.30,見其他登記事項,鋼骨鋼筋混凝土造,103年1月24日,二十九層,
RPQOMLNKKHKFFCB47CC,1,98.80,見其他登記事項,鋼骨鋼筋混凝土造,103年1月24日,二十九層,
RPQRMLQKKHKFFAB87CC,45,112.99,住家用,見其他登記事項,59年1月12日,二層,
RPVOMLNKKHKFFCB97CC,5,41.66,住家用,鋼筋混凝土造,98年8月13日,二十六層,
RPVOMLNKKHKFFCB97CC,5,39.36,見其他登記事項,鋼筋混凝土造,98年8月13日,二十六層,
RPVOMLNKKHKFFCB97CC,5,16.44,見其他登記事項,鋼筋混凝土造,98年8月13日,二十六層,
RPSOMLNKKHKFFCB67CC,8,24.31,住家用,鋼筋混凝土造,95年11月24日,十四層,
RPSOMLNKKHKFFCB67CC,8,10.95,見其他登記事項,鋼筋混凝土造,95年11月24日,十四層,
RPTNOLNKKHKFFCB87CC,18,139.17,國民住宅,鋼筋混凝土造,85年9月23日,十二層,
RPWPMLNKKHKFFCB18CC,16,110.38,住家用,鋼筋混凝土造,88年4月9日,十四層,
RPPOMLNKKHKFFCB37CC,2,197.48,住家用,鋼筋混凝土造,102年5月23日,二十五層,
RPPOMLNKKHKFFCB37CC,2,115.99,見其他登記事項,鋼筋混凝土造,102年5月23日,二十五層,
RPPOMLNKKHKFFCB37CC,2,51.62,見其他登記事項,鋼筋混凝土造,102年5月23日,二十五層,
RPTWMLQKKHKFFBB78CC,5,106.01,住家用,鋼筋混凝土造,99年5月31日,十五層,
RPTWMLQKKHKFFBB78CC,5,18.81,見其他登記事項,鋼筋混凝土造,99年5月31日,十五層,
RPTWMLQKKHKFFBB78CC,5,46.13,見其他登記事項,鋼筋混凝土造,99年5月31日,十五層,
RPWVMLQKKHKFFBB98CC,20,79.87,商業用,鋼筋混凝土造,83年8月10日,十二層,
RPTWMLQKKHKFFBB78CC,5,7.77,見其他登記事項,鋼筋混凝土造,99年5月31日,十五層,
RPWVMLQKKHKFFBB98CC,20,48.71,共有部份,鋼筋混凝土造,83年8月10日,十二層,
RPSOMLRKKHKFFAB87CC,33,169.62,住商用,鋼筋混凝土造,71年7月12日,五層,
RPVONLQKKHKFFBB28CC,15,172.84,見其它登記事項,鋼骨鋼筋混凝土造,89年6月3日,二十八層,
RPOOMLQKKHKFFIL66DC,40,106.40,住家用,見其他登記事項,64年6月15日,002,
RPSWMLQKKHKFFBB68CC,33,115.63,住家用,鋼筋混凝土造,70年10月21日,五層,
RPTPMLQKKHKFFGL96CC,21,195.21,見其他登記事項,鋼筋混凝土造,83年4月20日,003,
RPPNNLQKKHKFFBB67DC,1,66.96,住家用,鋼筋混凝土造,102年7月25日,二十二層,
RPPNNLQKKHKFFBB67DC,1,18.00,見其它登記事項,鋼筋混凝土造,102年7月25日,二十二層,
RPPNNLQKKHKFFBB67DC,1,41.65,見其它登記事項,鋼筋混凝土造,102年7月25日,二十二層,
RPVOMLRKKHKFFAB18CC,8,82.37,見其他登記事項,鋼筋混凝土造,95年12月22日,十五層,
RPVOMLRKKHKFFAB18CC,8,17.62,見其他登記事項,鋼筋混凝土造,95年12月22日,十五層,
RPVOMLRKKHKFFAB18CC,8,12.52,見其他登記事項,鋼筋混凝土造,95年12月22日,十五層,
RPXPMLRKKHKFFCB68CC,27,245.14,商業用,鋼筋混凝土造,77年6月23日,七層,
RPXPMLRKKHKFFCB68CC,27,37.90,共有部分,鋼筋混凝土造,77年6月23日,七層,
RPXPMLRKKHKFFCB68CC,27,117.50,商業用,鋼筋混凝土造,77年6月23日,七層,
RPVPMLOLKHKFFCB38DC,8,151.05,住家用,鋼筋混凝土造,95年11月13日,二十八層,
RPRNMLNLKHKFFAB37CC,19,19.15,見其他登記事項,鋼筋混凝土造,85年5月6日,十八層,
RPRNMLNLKHKFFAB37CC,19,3.92,見其他登記事項,鋼筋混凝土造,85年5月6日,十八層,
RPRNMLNLKHKFFAB37CC,19,4.42,見其他登記事項,鋼筋混凝土造,85年5月6日,十八層,
RPRNMLNLKHKFFAB37CC,19,1.06,見其他登記事項,鋼筋混凝土造,85年5月6日,十八層,
RPRNMLNLKHKFFAB37CC,19,1.66,見其他登記事項,鋼筋混凝土造,85年5月6日,十八層,
RPXNMLOLKHKFFAB18DC,44,96.20,住家用,見其他登記事項,59年9月1日,二層,
RPOTMLRKKHKFFCB18CC,5,52.91,住家用,鋼筋混凝土造,99年2月1日,十一層,
RPOTMLRKKHKFFCB18CC,5,19.50,見其他登記事項,鋼筋混凝土造,99年2月1日,十二層,
RPOTMLRKKHKFFCB18CC,5,7.23,見其他登記事項,鋼筋混凝土造,99年2月1日,十二層,
RPSPMLOLKHKFFBB97DC,27,74.01,住商用,鋼筋混凝土造,77年7月4日,三層,
RPQNMLPLKHKFFBL68DC,68,194.58,住商用,磚造,35年12月1日,002,
RPQOMLOLKHKFFCB77DC,24,124.79,住家用,鋼筋混凝土造,80年3月21日,十二層,
RPSNMLNLKHKFFAB47CC,19,40.10,見其他登記事項,鋼筋混凝土造,85年5月6日,十八層,
RPSNMLNLKHKFFAB47CC,19,7.87,見其他登記事項,鋼筋混凝土造,85年5月6日,十八層,
RPSNMLNLKHKFFAB47CC,19,8.86,見其他登記事項,鋼筋混凝土造,85年5月6日,十八層,
RPSNMLNLKHKFFAB47CC,19,2.13,見其他登記事項,鋼筋混凝土造,85年5月6日,十八層,
RPSNMLNLKHKFFAB47CC,19,3.13,見其他登記事項,鋼筋混凝土造,85年5月6日,十八層,
RPWOMLPLKHKFFAB18CC,8,112.94,見其他登記事項,鋼筋混凝土造,95年12月22日,十五層,
RPWOMLPLKHKFFAB18CC,8,23.82,見其他登記事項,鋼筋混凝土造,95年12月22日,十五層,
RPWOMLPLKHKFFAB18CC,8,39.75,見其他登記事項,鋼筋混凝土造,95年12月22日,十五層,
RPOOMLPLKHKFFBB47CC,26,111.77,住商用,鋼筋混凝土造,77年8月22日,七層,
RPOOMLPLKHKFFBB47CC,26,22.58,共有部分,鋼筋混凝土造,77年8月22日,七層,
RPTOMLPLKHKFFBB97CC,7,66.13,住家用,鋼筋混凝土造,96年8月29日,十五層,
RPTOMLPLKHKFFBB97CC,7,28.40,共有部份,鋼筋混凝土造,96年8月29日,十五層,
RPOPMLPLKHKFFCB67CC,5,63.30,住家用,鋼筋混凝土造,99年2月1日,十二層,
RPOPMLPLKHKFFCB67CC,5,23.32,見其他登記事項,鋼筋混凝土造,99年2月1日,十二層,
RPOPMLPLKHKFFCB67CC,5,8.66,見其他登記事項,鋼筋混凝土造,99年2月1日,十二層,
RPQNMLPLKHKFFCB67CC,20,238.39,住商用,鋼筋混凝土造,84年3月28日,十六層,
RPQPMLPLKHKFFCB87CC,5,58.57,住家用,鋼筋混凝土造,98年8月13日,二十六層,
RPQPMLPLKHKFFCB87CC,5,23.82,見其他登記事項,鋼筋混凝土造,98年8月13日,二十六層,
RPQPMLPLKHKFFCB87CC,5,23.14,見其他登記事項,鋼筋混凝土造,98年8月13日,二十六層,
RPXNMLPLKHKFFCB38CC,2,250.63,見其他登記事項,鋼骨鋼筋混凝土造,101年12月19日,二十九層,
RPTPMLPLKHKFFCB18CC,8,30.90,住家用,鋼筋混凝土造,95年11月24日,十四層,
RPTPMLPLKHKFFCB18CC,8,13.86,見其他登記事項,鋼筋混凝土造,95年11月24日,十四層,
RPQOMLQLKHKFFCB87CC,9,81.08,住家用,鋼筋混凝土造,94年11月10日,二十三層,
RPQOMLQLKHKFFCB87CC,9,50.81,見其他登記事項,鋼筋混凝土造,94年11月10日,二十三層,
RPSNMLQLKHKFFCB97CC,22,346.40,工業用,鋼筋混凝土造,81年10月30日,四層,
RPRQMLQLKHKFFBB08CC,6,68.59,住家用,鋼筋混凝土造,98年8月5日,十八層,
RPRQMLQLKHKFFBB08CC,6,14.14,共有部份,鋼筋混凝土造,98年8月5日,十八層,
RPRQMLQLKHKFFBB08CC,6,34.61,共有部份,鋼筋混凝土造,98年8月5日,十八層,
RPQPMLQLKHKFFAB77CC,9,908.00,見其他登記事項,鋼筋混凝土造,94年10月13日,五層,
RPQPMLQLKHKFFAB77CC,9,374.00,見其他登記事項,鋼筋混凝土造,94年10月13日,五層,
RPTPMLQLKHKFFAB08CC,21,42.46,見其他登記事項,鋼筋混凝土造,83年5月26日,十三層,
RPTPMLQLKHKFFAB08CC,21,9.56,見其他登記事項,鋼筋混凝土造,83年5月26日,十三層,
RPUNMLQLKHKFFAL09DC,19,102.33,住商用,鋼筋混凝土造,85年2月2日,007,
RPUNMLQLKHKFFAL09DC,19,22.42,共用部份,鋼筋混凝土造,85年2月2日,007,
RPRPMLQLKHKFFAB87CC,8,105.93,見其他登記事項,鋼筋混凝土造,96年1月23日,十九層,
RPRPMLQLKHKFFAB87CC,8,24.57,見其他登記事項,鋼筋混凝土造,96年1月23日,十九層,
RPRPMLQLKHKFFAB87CC,8,28.28,見其他登記事項,鋼筋混凝土造,96年1月23日,十九層,
RPPPMLQLKHKFFAB67CC,4,40.86,見其他登記事項,鋼筋混凝土造,99年8月12日,十三層,
RPPPMLQLKHKFFAB67CC,4,10.50,見其他登記事項,鋼筋混凝土造,99年8月12日,十三層,
RPPPMLQLKHKFFAB67CC,4,8.64,見其他登記事項,鋼筋混凝土造,99年8月12日,十三層,
RPTNMLQLKHKFFCB18DC,22,47.30,住家用,鋼筋混凝土造,82年1月12日,十六層,
RPPNMLRLKHKFFAB57CC,27,345.29,住商用,鋼筋混凝土造,77年2月15日,四層,
RPUPMLQLKHKFFAB18CC,20,22.65,住家用,鋼筋混凝土造,84年1月13日,十九層,
RPUPMLQLKHKFFAB18CC,20,3.79,共有部份,鋼筋混凝土造,84年1月13日,十九層,
RPUPMLQLKHKFFAB18CC,20,9.86,見其他登記事項,鋼筋混凝土造,84年1月13日,十九層,
RPPNMLRLKHKFFBB67CC,8,72.49,住家用,鋼筋混凝土造,95年12月25日,十四層,
RPPNMLRLKHKFFBB67CC,8,15.73,共有部分,鋼筋混凝土造,95年12月25日,十四層,
RPPNMLRLKHKFFBB67CC,8,9.74,共有部分,鋼筋混凝土造,95年12月25日,十四層,
RPQNMLRLKHKFFBB77CC,18,61.70,住家用,鋼筋混凝土造,86年4月16日,二十四層,
RPQNMLRLKHKFFBB77CC,18,6.32,共有部份,鋼筋混凝土造,86年4月16日,二十四層,
RPQNMLRLKHKFFBB77CC,18,22.64,共有部份,鋼筋混凝土造,86年4月16日,二十四層,
RPQNMLRLKHKFFBB77CC,18,1.89,共有部份,鋼筋混凝土造,86年4月16日,二十四層,
RPPNMLRLKHKFFCB77CC,,68.15,住家用,鋼筋混凝土造,103年8月18日,十二層,
RPPNMLRLKHKFFCB77CC,,99.28,見其他登記事項,鋼筋混凝土造,103年8月18日,十二層,
RPRNMLRLKHKFFCB97CC,22,125.02,住商用,鋼筋混凝土造,82年4月19日,十三層,
RPRNMLRLKHKFFCB97CC,22,30.82,共有部分,鋼筋混凝土造,82年4月19日,十三層,
RPSNMLRLKHKFFCB08CC,21,38.60,見其他登記事項,鋼筋混凝土造,83年1月5日,四層,
RPWPMLMJLHKFFBB97CC,21,123.12,住商用,鋼筋混凝土造,83年4月30日,七層,
RPRSMLMJLHKFFCB87CC,28,62.34,住商用,鋼筋混凝土造,75年9月3日,八層,
RPROMLMJLHKFFBB47DC,22,178.90,住家用,鋼骨混凝土造,81年11月26日,二十五層,
RPROMLMJLHKFFBB47DC,22,53.32,共有部分,鋼骨混凝土造,81年11月26日,二十五層,
RPVOMLMJLHKFFAB67CC,,149.36,住家用,見其他登記事項,,二層,
RPQQMLMJLHKFFBB47CC,1,175.82,見其他登記事項,鋼筋混凝土造,103年7月3日,三層,
RPPPMLMJLHKFFAB17CC,,300.00,住家用,土造,,一層,
RPOOMLNJLHKFFGL68CC,10,991.74,見其他登記事項,見其他登記事項,94年7月25日,001,
RPROMLMJLHKFFCB57DC,14,236.14,見其他登記事項,鋼筋混凝土造,89年11月17日,二十五層,
RPROMLMJLHKFFCB57DC,14,47.72,共有部分,鋼筋混凝土造,89年11月17日,二十五層,
RPTNMLNJLHKFFHL56CC,2,153.21,見其他登記事項,見其他登記事項,102年5月3日,001,
RPUOMLNJLHKFFBB77CC,24,22.91,商業用,鋼筋混凝土造,80年5月1日,十二層,
RPSOMLOJLHKFFCB77CC,20,135.28,商業用,鋼筋混凝土造,83年10月24日,十四層,
RPSOMLOJLHKFFCB77CC,20,79.37,共有部分,鋼筋混凝土造,83年10月24日,十四層,
RPVTMLNJLHKFFCB48CC,19,93.13,住家用,鋼筋混凝土造,85年6月12日,十八層,
RPWOMLOJLHKFFAB97CC,24,156.71,見其他登記事項,見其他登記事項,80年4月2日,三十七層,
RPWOMLOJLHKFFAB97CC,24,105.82,見其他登記事項,見其他登記事項,80年4月2日,三十七層,
RPSONLOJLHKFFBB77CC,27,96.06,住家用,鋼筋混凝土造,76年9月9日,五層,
RPXWMLOJLHKFFBB98CC,35,139.14,住家用,鋼筋混凝土造,69年1月4日,五層,
RPXOMLOJLHKFFAB08CC,34,200.00,見其他登記事項,鋼筋混凝土造,70年1月10日,四層,
RPXQMLNJLHKFFCB38CC,35,262.85,見其他登記事項,鋼筋混凝土造,69年1月21日,四層,
RPUOMLOJLHKFFAB77CC,24,107.94,商業用,鋼筋混凝土造,80年5月27日,二十七層,
RPUOMLOJLHKFFAB77CC,24,46.27,見其他登記事項,鋼筋混凝土造,80年5月27日,二十七層,
RPVOMLOJLHKFFCB08CC,5,171.12,見其他登記事項,見其他登記事項,99年6月4日,三十八層,
RPVOMLOJLHKFFCB08CC,5,70.49,見其他登記事項,見其他登記事項,99年6月4日,三十八層,
RPVOMLOJLHKFFCB08CC,5,14.84,見其他登記事項,見其他登記事項,99年6月4日,三十八層,
RPVOMLOJLHKFFCB08CC,5,27.31,見其他登記事項,見其他登記事項,99年6月4日,三十八層,
RPPNMLOJLHKFFAL28DC,36,115.06,住家用,加強磚造,67年12月15日,002,
RPTNMLOJLHKFFAB67DC,33,164.45,見其他登記事項,鋼筋混凝土造,70年12月2日,五層,
RPOPMLOJLHKFFAB37DC,10,91.38,見其他登記事項,鋼筋混凝土造,93年10月12日,四層,
RPQPMLPJLHKFFBB67CC,15,242.54,見其它登記事項,鋼骨鋼筋混凝土造,89年6月3日,二十八層,
RPPPMLPJLHKFFGL09CC,16,235.57,見其他登記事項,鋼筋混凝土造,88年2月12日,005,
RPPPMLPJLHKFFBB57CC,6,83.40,住家用,鋼筋混凝土造,97年9月30日,十五層,
RPSOMLQJLHKFFAB77CC,8,139.99,見其他登記事項,鋼筋混凝土造,95年12月22日,十五層,
RPSOMLQJLHKFFAB77CC,8,28.88,見其他登記事項,鋼筋混凝土造,95年12月22日,十五層,
RPSOMLQJLHKFFAB77CC,8,22.06,見其他登記事項,鋼筋混凝土造,95年12月22日,十五層,
RPSNMLQJLHKFFBB77CC,9,50.12,住家用,鋼筋混凝土造,94年12月8日,十八層,
RPSNMLQJLHKFFBB77CC,9,24.05,共有部份,鋼筋混凝土造,94年12月8日,十八層,
RPRNMLQJLHKFFCB77CC,22,65.13,商業用,鋼筋混凝土造,82年2月26日,二十三層,
RPRNMLQJLHKFFCB77CC,22,38.28,共有部分,鋼筋混凝土造,82年2月26日,二十三層,
RPRNMLOJLHKFFIL56CC,35,230.70,住商用,加強磚造,69年8月10日,004,
RPVNMLQJLHKFFCB18CC,6,62.86,住家用,鋼筋混凝土造,98年8月13日,十八層,
RPVNMLQJLHKFFCB18CC,6,43.84,見其他登記事項,鋼筋混凝土造,98年8月13日,二十六層,
RPVNMLQJLHKFFCB18CC,6,26.07,見其他登記事項,鋼筋混凝土造,98年8月13日,二十六層,
RPPRMLQJLHKFFCB97CC,21,164.85,住家用,鋼筋混凝土造,83年7月21日,二十四層,
RPPRMLQJLHKFFCB97CC,21,52.67,共有部分,鋼筋混凝土造,83年7月21日,二十四層,
RPUNMLQJLHKFFCB08CC,6,37.23,住家用,鋼筋混凝土造,98年8月13日,二十六層,
RPUNMLQJLHKFFCB08CC,6,3.11,見其他登記事項,鋼筋混凝土造,98年8月13日,二十六層,
RPUNMLQJLHKFFCB08CC,6,14.66,見其他登記事項,鋼筋混凝土造,98年8月13日,二十六層,
RPUOMLQJLHKFFCB18CC,8,30.90,住家用,鋼筋混凝土造,95年11月24日,十四層,
RPUOMLQJLHKFFCB18CC,8,13.94,見其他登記事項,鋼筋混凝土造,95年11月24日,十四層,
RPWNMLQJLHKFFCB28CC,6,45.25,住家用,鋼筋混凝土造,98年8月13日,二十六層,
RPWNMLQJLHKFFCB28CC,6,3.79,見其他登記事項,鋼筋混凝土造,98年8月13日,二十六層,
RPWNMLQJLHKFFCB28CC,6,17.80,見其他登記事項,鋼筋混凝土造,98年8月13日,二十六層,
RPOOMLQJLHKFFBB57DC,28,421.71,住商用,鋼筋混凝土造,75年12月19日,四層,
RPVOMLTJLHKFFBB58DC,22,135.60,住商用,鋼筋混凝土造,82年5月31日,八層,
RPVOMLTJLHKFFBB58DC,22,46.86,共有部分,鋼筋混凝土造,82年5月31日,八層,
RPQOMLTJLHKFFCB18DC,20,75.62,商業用,鋼筋混凝土造,83年8月25日,二十九層,
RPQOMLTJLHKFFCB18DC,20,80.66,商業用,鋼筋混凝土造,83年8月25日,二十九層,
RPQOMLTJLHKFFCB18DC,20,139.74,商業用,鋼筋混凝土造,83年8月25日,二十九層,
RPTOMLQJLHKFFBB08DC,27,48.72,住商用,鋼筋混凝土造,77年7月4日,三層,
RPWNMLTJLHKFFCB58CC,8,37.53,住家用,鋼筋混凝土造,95年11月24日,十四層,
RPWNMLTJLHKFFCB58CC,8,16.85,見其他登記事項,鋼筋混凝土造,95年11月24日,十四層,
RPPOMLTJLHKFFCB97CC,26,15.77,住家用,鋼筋混凝土造,78年4月19日,五層,
RPPOMLTJLHKFFCB97CC,26,3.91,見其他登記事項,鋼筋混凝土造,78年4月19日,五層,
RPUPMLTJLHKFFAB38CC,8,66.72,見其他登記事項,鋼筋混凝土造,95年12月22日,十五層,
RPUPMLTJLHKFFAB38CC,8,14.08,見其他登記事項,鋼筋混凝土造,95年12月22日,十五層,
RPUPMLTJLHKFFAB38CC,8,39.29,見其他登記事項,鋼筋混凝土造,95年12月22日,十五層,
RPTPMLTJLHKFFBB38CC,1,1878.45,見其他登記事項,鋼骨鋼筋混凝土造,103年4月23日,三層,
RPSOMLTJLHKFFAB08CC,8,101.64,見其他登記事項,鋼筋混凝土造,95年12月22日,十五層,
RPSOMLTJLHKFFAB08CC,8,21.44,見其他登記事項,鋼筋混凝土造,95年12月22日,十五層,
RPSOMLTJLHKFFAB08CC,8,44.52,見其他登記事項,鋼筋混凝土造,95年12月22日,十五層,
RPQNMLTJLHKFFAB77CC,8,88.33,見其他登記事項,鋼筋混凝土造,95年12月22日,十五層,
RPQNMLTJLHKFFAB77CC,8,19.19,見其他登記事項,鋼筋混凝土造,95年12月22日,十五層,
RPQNMLTJLHKFFAB77CC,8,13.63,見其他登記事項,鋼筋混凝土造,95年12月22日,十五層,
RPSPMLKKLHKFFAB37CC,20,24.02,住家用,鋼筋混凝土造,84年1月13日,十九層,
RPSPMLKKLHKFFAB37CC,20,3.71,共有部分,鋼筋混凝土造,84年1月13日,十九層,
RPSPMLKKLHKFFAB37CC,20,9.08,見其他登記事項,鋼筋混凝土造,84年1月13日,十九層,
RPVQMLKKLHKFFCB97CC,6,65.94,住家用,鋼筋混凝土造,98年8月13日,十八層,
RPVQMLKKLHKFFCB97CC,6,5.35,見其他登記事項,鋼筋混凝土造,98年8月13日,二十六層,
RPVQMLKKLHKFFCB97CC,6,23.35,見其他登記事項,鋼筋混凝土造,98年8月13日,二十六層,
RPOOMLLKLHKFFBL08CC,21,253.72,住商用,鋼筋混凝土造,83年2月4日,004,
RPPOMLLKLHKFFHL88DC,21,122.46,見其他登記事項,鋼筋混凝土造,82年9月15日,014,
RPQPMLLKLHKFFCB47CC,28,266.24,住商用,鋼筋混凝土造,76年8月2日,四層,
RPQNMLLKLHKFFCB27CC,43,94.84,住家用,見其他登記事項,61年1月11日,二層,
RPVPMLLKLHKFFCB97CC,17,155.64,住家用,鋼筋混凝土造,86年10月20日,十四層,
RPOOMLLKLHKFFCB17CC,3,156.61,見其他登記事項,鋼筋混凝土造,101年1月13日,十四層,
RPSOMLLKLHKFFHL56DC,8,173.61,見其他登記事項,鋼筋混凝土造,95年11月21日,004,
RPSOMLLKLHKFFAB37CC,19,19.29,見其他登記事項,鋼筋混凝土造,85年5月6日,十八層,
RPSOMLLKLHKFFAB37CC,19,3.55,見其他登記事項,鋼筋混凝土造,85年5月6日,十八層,
RPSOMLLKLHKFFAB37CC,19,3.99,見其他登記事項,鋼筋混凝土造,85年5月6日,十八層,
RPSOMLLKLHKFFAB37CC,19,.95,見其他登記事項,鋼筋混凝土造,85年5月6日,十八層,
RPSOMLLKLHKFFAB37CC,19,1.42,見其他登記事項,鋼筋混凝土造,85年5月6日,十八層,
RPWPMLLKLHKFFCB08CC,3,204.29,住家用,鋼筋混凝土造,100年12月28日,二十四層,
RPTPMLLKLHKFFCB77CC,7,85.16,住家用,鋼筋混凝土造,97年7月11日,十二層,
RPQOMLLKLHKFFHL98DC,28,142.02,見其他登記事項,鋼筋混凝土造,76年4月25日,002,
RPROMLLKLHKFFHL09DC,38,78.82,住家用,加強磚造,66年7月10日,002,
RPVQMLMKLHKFFBB08CC,24,79.66,住家用,鋼筋混凝土造,80年5月7日,七層,
RPVRMLMKLHKFFBB18CC,30,83.94,住家用,鋼筋混凝土造,73年12月18日,五層,
RPQNMLMKLHKFFCL38CC,23,158.76,住家用,見其他登記事項,81年6月1日,003,
RPXQMLMKLHKFFBB38DC,23,124.45,商業用,鋼筋混凝土造,81年1月9日,十六層,
RPPOMLNKLHKFFCB47CC,30,159.66,住家用,加強磚造,74年7月29日,二層,
RPQNMLMKLHKFFFL78DC,20,409.48,商業用,鋼筋混凝土造,84年6月8日,006,
RPWPMLMKLHKFFCB18CC,21,115.14,住家用,鋼筋混凝土造,83年7月21日,二十四層,
RPWPMLMKLHKFFCB18CC,21,38.31,共有部分,鋼筋混凝土造,83年7月21日,二十四層,
RPRNMLMKLHKFFCB47CC,28,300.65,住商用,鋼筋混凝土造,75年9月5日,四層,
RPQNMLMKLHKFFCB37CC,28,1409.65,住商用,鋼筋混凝土造,75年9月5日,四層,
RPSOMLNKLHKFFBB67CC,22,70.51,住家用,鋼筋混凝土造,81年12月3日,十二層,
RPSOMLNKLHKFFBB67CC,22,3.90,共有部份,鋼筋混凝土造,81年12月3日,十二層,
RPSPMLNKLHKFFAB67CC,22,96.54,商業用,鋼筋混凝土造,82年5月22日,七層,
RPSPMLNKLHKFFAB67CC,22,20.47,見其他登記事項,鋼筋混凝土造,82年5月22日,七層,
RPPQMLQKLHKFFCB97CC,13,320.89,住家用,鋼筋混凝土造,90年9月12日,二十七層,
RPTNMLOKLHKFFBB77CC,15,308.72,見其他登記事項,鋼骨鋼筋混凝土造,89年6月3日,二十八層,
RPXPMLQKLHKFFCB68CC,17,109.37,見其他登記事項,鋼筋混凝土造,87年7月17日,十四層,
RPXPMLQKLHKFFCB68CC,17,59.65,共有部分,鋼筋混凝土造,87年7月17日,十四層,
RPXPMLQKLHKFFCB68CC,17,6.60,共有部分,鋼筋混凝土造,87年7月17日,十四層,
RPVNMLQKLHKFFBB18CC,24,1.48,商業用,鋼筋混凝土造,80年5月1日,十二層,
RPSNMLQKLHKFFAB77CC,24,21.61,商業用,鋼筋混凝土造,80年1月25日,七層,
RPSNMLOKLHKFFCB77CC,21,132.77,住家用,鋼筋混凝土造,83年7月23日,十六層,
RPOPMLQKLHKFFAB57CC,24,737.10,商業用,鋼骨鋼筋混凝土造,80年4月3日,二十二層,
RPOPMLQKLHKFFAB57CC,24,87.05,見其他登記事項,鋼骨鋼筋混凝土造,80年4月3日,二十二層,
RPRPMLQKLHKFFAB87CC,32,32.45,住商用,鋼筋混凝土造,72年1月28日,七層,
RPRPMLQKLHKFFAB87CC,32,10.27,共有部份,鋼筋混凝土造,72年1月28日,七層,
RPRNMLQKLHKFFBB87DC,,39.57,住家用,鋼筋混凝土造,103年10月21日,十四層,
RPSPMLQKLHKFFAB97CC,32,47.46,住商用,鋼筋混凝土造,72年1月28日,七層,
RPUNMLRKLHKFFBB28DC,5,248.32,見其它登記事項,鋼筋混凝土造,99年8月25日,三層,
RPRNMLRKLHKFFBB97DC,7,128.88,住家用,鋼筋混凝土造,96年12月31日,十四層,
RPRNMLRKLHKFFBB97DC,7,68.44,共有部份,鋼筋混凝土造,96年12月31日,十四層,
RPOOMLRKLHKFFBB77DC,20,36.96,住家用,鋼筋混凝土造,83年12月10日,十六層,
RPOOMLRKLHKFFBB77DC,20,6.92,共有部份,鋼筋混凝土造,83年12月10日,十六層,
RPOOMLRKLHKFFBB77DC,20,3.04,共有部份,鋼筋混凝土造,83年12月10日,十六層,
RPQNMLRKLHKFFGL66CC,36,96.32,住家用,加強磚造,68年1月26日,002,
RPRNMLRKLHKFFGL76CC,36,96.32,住家用,加強磚造,68年1月26日,002,
RPPNMLRKLHKFFAB57CC,19,119.01,見其他登記事項,鋼筋混凝土造,84年11月17日,三層,
RPQPMLRKLHKFFCB08CC,5,92.13,住家用,鋼筋混凝土造,99年1月12日,二十六層,
RPOOMLRKLHKFFAB57CC,8,26.49,見其他登記事項,鋼筋混凝土造,95年10月26日,三十二層,
RPOOMLRKLHKFFAB57CC,9,4.52,見其他登記事項,鋼筋混凝土造,95年6月22日,三十二層,
RPOOMLRKLHKFFAB57CC,8,11.08,見其他登記事項,鋼筋混凝土造,95年10月26日,三十二層,
RPPOMLRKLHKFFAB67CC,8,114.63,見其他登記事項,鋼筋混凝土造,96年5月21日,十二層,
RPPOMLRKLHKFFAB67CC,8,25.72,見其他登記事項,鋼筋混凝土造,96年5月21日,十二層,
RPPOMLRKLHKFFAB67CC,8,46.04,見其他登記事項,鋼筋混凝土造,96年5月21日,十二層,
RPPQMLRKLHKFFCB08CC,6,37.23,住家用,鋼筋混凝土造,98年8月13日,二十六層,
RPPQMLRKLHKFFCB08CC,6,3.11,見其他登記事項,鋼筋混凝土造,98年8月13日,二十六層,
RPPQMLRKLHKFFCB08CC,6,14.66,見其他登記事項,鋼筋混凝土造,98年8月13日,二十六層,
RPUPMLRKLHKFFCB48CC,5,60.79,住家用,鋼筋混凝土造,99年2月1日,十二層,
RPUPMLRKLHKFFCB48CC,5,22.39,見其他登記事項,鋼筋混凝土造,99年2月1日,十二層,
RPUPMLRKLHKFFCB48CC,5,8.30,見其他登記事項,鋼筋混凝土造,99年2月1日,十二層,
RPOSMLRKLHKFFCB18CC,18,118.56,住家用,鋼筋混凝土造,86年7月15日,二十五層,
RPXPMLRKLHKFFCB78CC,5,47.76,住家用,鋼筋混凝土造,99年2月1日,十一層,
RPOSMLRKLHKFFCB18CC,18,59.95,共有部分,鋼筋混凝土造,86年7月15日,二十五層,
RPXPMLRKLHKFFCB78CC,5,17.59,見其他登記事項,鋼筋混凝土造,99年2月1日,十二層,
RPXPMLRKLHKFFCB78CC,5,21.19,見其他登記事項,鋼筋混凝土造,99年2月1日,十二層,
RPTQMLRKLHKFFCB48CC,4,171.41,住家用,鋼筋混凝土造,99年10月21日,二十八層,
RPTQMLRKLHKFFCB48CC,4,9.25,見其他登記事項,鋼筋混凝土造,99年10月21日,二十八層,
RPTQMLRKLHKFFCB48CC,4,39.07,見其他登記事項,鋼筋混凝土造,99年10月21日,二十八層,
RPTQMLRKLHKFFCB48CC,4,55.12,見其他登記事項,鋼筋混凝土造,99年10月21日,二十八層,
RPTNMLSKLHKFFAB08CC,8,66.04,見其他登記事項,鋼筋混凝土造,95年12月22日,十五層,
RPTNMLSKLHKFFAB08CC,8,13.93,見其他登記事項,鋼筋混凝土造,95年12月22日,十五層,
RPTNMLSKLHKFFAB08CC,8,23.93,見其他登記事項,鋼筋混凝土造,95年12月22日,十五層,
RPPNMLSKLHKFFBB77CC,15,61.70,住家用,鋼筋混凝土造,89年2月18日,十四層,
RPPNMLSKLHKFFBB77CC,15,21.91,共有部份,鋼筋混凝土造,89年2月18日,十四層,
RPSOMLSKLHKFFCB28CC,13,320.89,住家用,鋼筋混凝土造,90年9月12日,二十七層,
RPQOMLTKLHKFFAB97CC,33,100.36,住家用,鋼筋混凝土造,70年12月4日,五層,
RPPNMLTKLHKFFGL76CC,27,219.16,見其他登記事項,鋼筋混凝土造,77年6月17日,003,
RPQPMLTKLHKFFAB08CC,8,66.19,見其他登記事項,鋼筋混凝土造,95年12月22日,十五層,
RPQPMLTKLHKFFAB08CC,8,13.96,見其他登記事項,鋼筋混凝土造,95年12月22日,十五層,
RPQPMLTKLHKFFAB08CC,8,9.92,見其他登記事項,鋼筋混凝土造,95年12月22日,十五層,
RPPNMLSKLHKFFCB97DC,30,188.64,住商用,鋼筋混凝土造,74年2月13日,三層,
RPQOMLTKLHKFFCB18CC,6,127.79,住家用,鋼筋混凝土造,97年11月27日,二十二層,
RPQOMLTKLHKFFCB18CC,6,98.40,見其他登記事項,鋼筋混凝土造,97年11月27日,二十二層,
RPVPMLKLLHKFFCB97CC,18,421.20,見其他登記事項,鋼筋混凝土造,86年1月30日,十四層,
RPWNMLKLLHKFFAB67CC,40,62.28,住家用,見其他登記事項,64年5月2日,二層,
RPSNMLKLLHKFFHL98CC,33,121.63,見其他登記事項,加強磚造,71年2月20日,002,
RPPNMLMLLHKFFIL98CC,1,159.63,見其他登記事項,鋼筋混凝土造,103年4月11日,003,
RPTNMLKLLHKFFAB47DC,27,136.92,商業用,鋼筋混凝土造,76年10月15日,二十三層,
RPTNMLKLLHKFFAB47DC,27,75.57,見其他登記事項,鋼筋混凝土造,76年10月15日,二十三層,
RPQOMLNLLHKFFFL98CC,11,179.64,見其他登記事項,鋼筋混凝土造,93年7月5日,004,
RPUNMLNLLHKFFAB87DC,20,36.71,住家用,鋼筋混凝土造,84年1月13日,十九層,
RPUNMLNLLHKFFAB87DC,20,6.42,共有部份,鋼筋混凝土造,84年1月13日,十九層,
RPUNMLNLLHKFFAB87DC,20,16.68,見其他登記事項,鋼筋混凝土造,84年1月13日,十九層,
RPSOMLNLLHKFFCB97DC,22,43.33,住家用,鋼筋混凝土造,82年1月12日,十六層,
RPSOMLNLLHKFFCB97DC,22,18.98,共有部分,鋼筋混凝土造,82年1月12日,十六層,
RPTOMLNLLHKFFCB08DC,22,47.30,住家用,鋼筋混凝土造,82年1月12日,十六層,
RPTOMLNLLHKFFCB08DC,22,20.73,共有部分,鋼筋混凝土造,82年1月12日,十六層,
RPVNMLNLLHKFFAB97DC,20,19.09,住家用,鋼筋混凝土造,84年1月13日,十九層,
RPVNMLNLLHKFFAB97DC,20,3.14,共有部份,鋼筋混凝土造,84年1月13日,十九層,
RPVNMLNLLHKFFAB97DC,20,6.87,見其他登記事項,鋼筋混凝土造,84年1月13日,十九層,
RPUOMLNLLHKFFCB18DC,18,25.33,住家用,鋼筋混凝土造,86年3月21日,七層,
RPUOMLNLLHKFFCB18DC,18,12.89,共有部分,鋼筋混凝土造,86年3月21日,七層,
RPROMLNLLHKFFBB77DC,16,60.57,住家用,鋼筋混凝土造,88年8月16日,十四層,
RPROMLNLLHKFFBB77DC,16,32.27,共有部份,鋼筋混凝土造,88年8月16日,十四層,
RPTNMLNLLHKFFAB67CC,8,179.08,見其他登記事項,鋼筋混凝土造,95年10月19日,二十七層,
RPTNMLNLLHKFFAB67CC,8,49.14,見其他登記事項,鋼筋混凝土造,95年10月19日,二十七層,
RPTNMLNLLHKFFAB67CC,8,25.69,見其他登記事項,鋼筋混凝土造,95年10月19日,二十七層,
RPXOMLNLLHKFFCB38CC,16,204.28,住家用,鋼筋混凝土造,88年4月29日,十四層,
RPSNMLOLLHKFFAB77DC,32,107.10,住商用,鋼筋混凝土造,72年6月23日,七層,
RPVNMLOLLHKFFIL17CC,35,107.28,住家用,加強磚造,69年3月18日,002,
RPTOMLNLLHKFFBB87CC,23,211.22,商業用,見其它登記事項,81年8月29日,二十六層,
RPTOMLNLLHKFFBB87CC,23,107.01,共有部份,見其它登記事項,81年8月29日,二十六層,
RPQOMLNLLHKFFCB67CC,1,90.60,住家用,鋼筋混凝土造,103年5月7日,十八層,
RPQOMLNLLHKFFCB67CC,1,28.04,見其他登記事項,鋼筋混凝土造,103年5月7日,十八層,
RPQOMLNLLHKFFCB67CC,1,65.74,見其他登記事項,鋼筋混凝土造,103年5月7日,十八層,
RPWNMLOLLHKFFIL27CC,34,194.34,住商用,加強磚造,69年12月18日,003,
RPROMLPLLHKFFBB97DC,19,75.15,住家用,鋼骨鋼筋混凝土造,84年12月8日,二十一層,
RPSPMLNLLHKFFCB97CC,2,107.60,見其他登記事項,鋼骨鋼筋混凝土造,101年12月19日,二十九層,
RPSPMLNLLHKFFCB97CC,2,71.01,見其他登記事項,鋼骨鋼筋混凝土造,101年12月19日,二十九層,
RPTNMLOLLHKFFIL07DC,35,107.28,住家用,加強磚造,69年3月18日,002,
RPSNMLPLLHKFFAL78CC,42,237.46,工業用,加強磚造,62年2月8日,002,
RPSNMLPLLHKFFAL78CC,45,220.55,工業用,見其他登記事項,59年3月10日,001,
RPTOMLPLLHKFFCB18CC,17,194.06,見其他登記事項,鋼筋混凝土造,87年1月8日,十四層,
RPTOMLPLLHKFFAB97CC,8,93.91,見其他登記事項,鋼筋混凝土造,96年7月5日,十五層,
RPTOMLPLLHKFFAB97CC,8,47.04,見其他登記事項,鋼筋混凝土造,96年7月5日,十五層,
RPTOMLPLLHKFFAB97CC,8,12.63,見其他登記事項,鋼筋混凝土造,96年7月5日,十五層,
RPTOMLPLLHKFFAB97CC,8,19.60,見其他登記事項,鋼筋混凝土造,96年7月5日,十五層,
RPTNMLQLLHKFFAB97CC,41,239.22,,見其他登記事項,63年8月9日,三層,
RPSNMLPLLHKFFCB97CC,4,96.86,住家用,鋼筋混凝土造,99年11月19日,二十四層,
RPROMLQLLHKFFAB87CC,19,63.87,見其他登記事項,鋼筋混凝土造,85年5月6日,十八層,
RPROMLQLLHKFFAB87CC,19,11.96,見其他登記事項,鋼筋混凝土造,85年5月6日,十八層,
RPROMLQLLHKFFAB87CC,19,3.74,見其他登記事項,鋼筋混凝土造,85年5月6日,十八層,
RPROMLQLLHKFFAB87CC,19,3.23,見其他登記事項,鋼筋混凝土造,85年5月6日,十八層,
RPROMLQLLHKFFAB87CC,19,4.76,見其他登記事項,鋼筋混凝土造,85年5月6日,十八層,
RPWOMLQLLHKFFAB38CC,19,19.15,見其他登記事項,鋼筋混凝土造,85年5月6日,十八層,
RPWOMLQLLHKFFAB38CC,19,3.92,見其他登記事項,鋼筋混凝土造,85年5月6日,十八層,
RPWOMLQLLHKFFAB38CC,19,4.42,見其他登記事項,鋼筋混凝土造,85年5月6日,十八層,
RPWOMLQLLHKFFAB38CC,19,1.06,見其他登記事項,鋼筋混凝土造,85年5月6日,十八層,
RPWOMLQLLHKFFAB38CC,19,1.56,見其他登記事項,鋼筋混凝土造,85年5月6日,十八層,
RPSOMLQLLHKFFAB97CC,19,19.15,見其他登記事項,鋼筋混凝土造,85年5月6日,十八層,
RPSOMLQLLHKFFAB97CC,19,3.92,見其他登記事項,鋼筋混凝土造,85年5月6日,十八層,
RPSOMLQLLHKFFAB97CC,19,4.42,見其他登記事項,鋼筋混凝土造,85年5月6日,十八層,
RPSOMLQLLHKFFAB97CC,19,1.06,見其他登記事項,鋼筋混凝土造,85年5月6日,十八層,
RPSOMLQLLHKFFAB97CC,19,1.66,見其他登記事項,鋼筋混凝土造,85年5月6日,十八層,
RPOPMLQLLHKFFAB67CC,19,19.17,見其他登記事項,鋼筋混凝土造,85年5月6日,十八層,
RPOPMLQLLHKFFAB67CC,19,3.30,見其他登記事項,鋼筋混凝土造,85年5月6日,十八層,
RPOPMLQLLHKFFAB67CC,19,3.72,見其他登記事項,鋼筋混凝土造,85年5月6日,十八層,
RPOPMLQLLHKFFAB67CC,19,.89,見其他登記事項,鋼筋混凝土造,85年5月6日,十八層,
RPOPMLQLLHKFFAB67CC,19,1.31,見其他登記事項,鋼筋混凝土造,85年5月6日,十八層,
RPSPMLPLLHKFFAB97CC,1,171.98,見其他登記事項,鋼筋混凝土造,103年8月21日,十五層,
RPXOMLQLLHKFFBB58CC,,203.00,商業用,鋼筋混凝土加強磚造,,三層,
RPWNMLQLLHKFFAB28CC,2,118.35,見其他登記事項,鋼筋混凝土造,101年11月21日,二十六層,
RPWNMLQLLHKFFAB28CC,2,80.26,見其他登記事項,鋼筋混凝土造,101年11月21日,二十六層,
RPSOMLQLLHKFFCB18CC,7,115.10,住家用,鋼筋混凝土造,97年6月27日,十五層,
RPSOMLQLLHKFFCB18CC,7,52.06,見其他登記事項,鋼筋混凝土造,97年6月27日,十五層,
RPSOMLQLLHKFFCB18CC,7,18.83,見其他登記事項,鋼筋混凝土造,97年6月27日,十五層,
RPRPMLQLLHKFFCB18CC,30,1754.39,見其他登記事項,鋼筋混凝土造,73年11月27日,三層,
RPQPMLRLLHKFFCB18CC,26,128.04,商業用,鋼筋混凝土造,78年6月26日,十二層,
RPQPMLRLLHKFFCB18CC,26,47.37,共有部分,鋼筋混凝土造,78年6月26日,十二層,
RPPQMLQLLHKFFCB08CC,1,404.05,見其他登記事項,鋼骨鋼筋混凝土造,103年4月3日,三十六層,
RPXPMLQLLHKFFCB88DC,6,200.35,住家用,鋼筋混凝土造,98年5月6日,十五層,
RPXPMLQLLHKFFCB88DC,6,86.74,見其他登記事項,鋼筋混凝土造,98年5月6日,十五層,
RPXPMLQLLHKFFCB88DC,6,24.84,見其他登記事項,鋼筋混凝土造,98年5月6日,十五層,
RPSNMLQLLHKFFAL88CC,35,166.20,住家用,加強磚造,69年8月11日,002,
RPOQMLRLLHKFFAB87CC,20,23.63,住家用,鋼筋混凝土造,84年1月13日,十九層,
RPOQMLRLLHKFFAB87CC,20,3.95,共有部份,鋼筋混凝土造,84年1月13日,十九層,
RPOQMLRLLHKFFAB87CC,20,10.27,見其他登記事項,鋼筋混凝土造,84年1月13日,十九層,
RPSNMLQLLHKFFHL96CC,1,42.15,見其他登記事項,鋼筋混凝土造,103年8月6日,015,
RPPNMLSLLHKFFBB87CC,35,229.69,住商用,鋼筋混凝土造,68年11月9日,五層,
RPROMLKMLHKFFBB47CC,16,149.12,住家用,鋼筋混凝土造,87年11月16日,九層,
RPSNMLKMLHKFFGL09DC,17,271.10,見其他登記事項,鋼筋混凝土造,87年4月3日,004,
RPPNMLKMLHKFFBB17CC,29,120.00,住商用,鋼筋混凝土造,74年12月24日,十二層,
RPPNMLKMLHKFFBB17CC,29,34.26,見其它登記事項,鋼筋混凝土造,74年12月24日,十二層,
RPTNMLKMLHKFFCB67CC,16,80.80,住家用,鋼筋混凝土造,87年11月3日,十三層,
RPTNMLKMLHKFFCB67CC,16,17.22,共有部分,鋼筋混凝土造,87年11月3日,十三層,
RPTNMLKMLHKFFCB67CC,16,7.78,共有部分,鋼筋混凝土造,87年11月3日,十三層,
RPPNMLTLLHKFFBB08DC,1,279.82,見其它登記事項,見其它登記事項,103年7月25日,二層,
RPUPMLKMLHKFFBB87CC,47,87.96,住家用,加強磚造,57年5月27日,二層,
RPPQMLRLLHKFFAB97CC,25,327.27,住商用,鋼筋混凝土造,79年5月3日,五層,
RPPNMLKMLHKFFCB27CC,18,81.43,國民住宅,鋼筋混凝土造,85年9月23日,十二層,
RPPNMLKMLHKFFCB27CC,18,48.90,共有部分,鋼筋混凝土造,85年9月23日,十二層,
RPUNMLKMLHKFFCB77CC,36,182.01,見其他登記事項,鋼筋混凝土加強磚造,68年6月29日,三層,
RPTOMLKMLHKFFAB57CC,8,83.49,見其他登記事項,鋼筋混凝土造,95年12月22日,十五層,
RPTOMLKMLHKFFAB57CC,8,17.61,見其他登記事項,鋼筋混凝土造,95年12月22日,十五層,
RPTOMLKMLHKFFAB57CC,8,26.50,見其他登記事項,鋼筋混凝土造,95年12月22日,十五層,
RPTQMLLMLHKFFBB08DC,22,141.87,住商用,鋼筋混凝土造,82年1月14日,二層,
RPVPMLLMLHKFFBB18DC,,72.25,住家用,鋼筋混凝土造,103年10月6日,十四層,
RPVPMLLMLHKFFBB18DC,,68.69,見其它登記事項,鋼筋混凝土造,103年10月6日,十四層,
RPVPMLLMLHKFFBB18DC,,.48,見其它登記事項,鋼筋混凝土造,103年10月6日,十四層,
RPVPMLLMLHKFFBB18DC,,15.39,見其它登記事項,鋼筋混凝土造,103年10月6日,十四層,
RPWOMLLMLHKFFAB97CC,21,96.05,住家用,鋼筋混凝土造,82年10月7日,七層,
RPWOMLLMLHKFFAB97CC,21,34.12,見其他登記事項,鋼筋混凝土造,82年10月7日,七層,
RPXOMLLMLHKFFAB18DC,47,55.26,住家用,見其他登記事項,56年9月25日,二層,
RPVPMLLMLHKFFAB97CC,18,189.08,住家用,鋼筋混凝土造,86年6月6日,十九層,
RPPQMLLMLHKFFCB67CC,1,248.29,住家用,鋼筋混凝土造,102年10月16日,十五層,
RPUNMLLMLHKFFCB87CC,22,134.44,見其他登記事項,見其他登記事項,82年5月7日,二十二層,
RPUNMLLMLHKFFCB87CC,22,80.18,共有部分,見其他登記事項,82年5月7日,二十二層,
RPOOMLLMLHKFFCB37CC,9,50.75,見其他登記事項,鋼筋混凝土造,95年5月12日,五層,
RPXQMLLMLHKFFBB48DC,19,73.66,住家用,鋼筋混凝土造,85年9月26日,十六層,
RPXQMLLMLHKFFBB48DC,19,20.09,共有部份,鋼筋混凝土造,85年5月24日,十六層,
RPXQMLLMLHKFFBB48DC,19,1.39,見其它登記事項,鋼筋混凝土造,85年9月26日,(空白),
RPQOMLLMLHKFFAL38CC,47,80.80,住家用,加強磚造,57年6月26日,002,
RPQNMLLJMHKFFHL78CC,23,51.86,見其他登記事項,鋼筋混凝土造,81年8月25日,012,
RPQNMLLJMHKFFHL78CC,23,14.09,見其他登記事項,鋼筋混凝土造,81年8月25日,012,
RPQQMLLJMHKFFAB47DC,18,100.19,住家用,鋼筋混凝土造,85年11月27日,十二層,
RPQQMLLJMHKFFAB47DC,18,21.48,見其他登記事項,鋼筋混凝土造,85年11月27日,十二層,
RPQQMLLJMHKFFAB47DC,18,7.01,共有部份,鋼筋混凝土造,85年11月27日,十二層,
RPQQMLLJMHKFFAB47DC,18,.04,見其他登記事項,鋼筋混凝土造,85年11月27日,十二層,
RPWOMLLJMHKFFAB77CC,26,224.21,商業用,鋼筋混凝土造,78年5月8日,十四層,
RPWOMLLJMHKFFAB77CC,26,84.41,共有部份,鋼筋混凝土造,78年5月8日,十四層,
RPSNMLLJMHKFFCB57DC,2,195.04,見其他登記事項,鋼骨鋼筋混凝土造,101年12月19日,二十九層,
RPRNMLLJMHKFFHL88CC,35,165.45,見其他登記事項,鋼筋混凝土造,69年7月30日,003,
RPTNMLLJMHKFFGL98CC,1,121.20,見其他登記事項,鋼筋混凝土造,102年11月18日,012,
RPXPMLLJMHKFFAB08DC,2,88.58,見其他登記事項,鋼筋混凝土造,102年3月27日,十五層,
RPXPMLLJMHKFFAB08DC,2,63.69,見其他登記事項,鋼筋混凝土造,102年3月27日,十五層,
RPXPMLLJMHKFFAB08DC,2,19.56,見其他登記事項,鋼筋混凝土造,102年3月27日,十五層,
RPXOMLLJMHKFFAB87CC,21,85.84,住家用,鋼筋混凝土造,83年3月4日,八層,
RPXOMLLJMHKFFAB87CC,21,33.53,共有部份,鋼筋混凝土造,83年3月4日,八層,
RPVNMLLJMHKFFAB57CC,24,250.19,住商用,鋼筋混凝土造,80年6月12日,三層,
RPWPMLLJMHKFFAB87CC,,434.89,商業用,見其他登記事項,,三十二層,
RPWPMLLJMHKFFAB87CC,25,151.07,見其他登記事項,見其他登記事項,79年9月26日,三十二層,
RPPQMLLJMHKFFAB27CC,24,455.56,見其他登記事項,見其他登記事項,80年5月24日,三十七層,
RPPQMLLJMHKFFAB27CC,24,341.20,見其他登記事項,見其他登記事項,80年5月24日,三十七層,
RPQPMLLJMHKFFAB27CC,8,26.50,見其他登記事項,鋼筋混凝土造,95年10月26日,三十二層,
RPQPMLLJMHKFFAB27CC,9,4.42,見其他登記事項,鋼筋混凝土造,95年6月22日,三十二層,
RPQPMLLJMHKFFAB27CC,8,11.08,見其他登記事項,鋼筋混凝土造,95年10月26日,三十二層,
RPVQMLLJMHKFFAB87CC,8,83.49,見其他登記事項,鋼筋混凝土造,95年12月22日,十五層,
RPVQMLLJMHKFFAB87CC,8,17.61,見其他登記事項,鋼筋混凝土造,95年12月22日,十五層,
RPVQMLLJMHKFFAB87CC,8,41.80,見其他登記事項,鋼筋混凝土造,95年12月22日,十五層,
RPUTMLLJMHKFFBB18CC,9,48.07,住家用,鋼筋混凝土造,94年12月8日,十八層,
RPUTMLLJMHKFFBB18CC,9,51.15,共有部份,鋼筋混凝土造,94年12月8日,十八層,
RPOPMLLJMHKFFAB07CC,24,345.56,見其他登記事項,見其他登記事項,80年4月2日,三十七層,
RPOPMLLJMHKFFAB07CC,24,228.76,見其他登記事項,見其他登記事項,80年4月2日,三十七層,
RPTTMLLJMHKFFBB08CC,23,222.08,商業用,見其它登記事項,81年8月29日,二十六層,
RPTTMLLJMHKFFBB08CC,23,114.81,共有部份,見其它登記事項,81年8月29日,二十六層,
RPPRMLLJMHKFFBB47CC,,38.30,住家用,鋼筋混凝土造,103年10月22日,十二層,
RPPRMLLJMHKFFAB37CC,10,105.64,見其他登記事項,鋼筋混凝土造,93年12月3日,八層,
RPQRMLLJMHKFFAB47CC,16,85.23,住家用,鋼筋混凝土造,87年9月30日,十三層,
RPQRMLLJMHKFFAB47CC,16,23.48,共有部份,鋼筋混凝土造,87年9月30日,十三層,
RPOPMLLJMHKFFCB27CC,21,5.28,商業用,鋼筋混凝土造,83年8月18日,十五層,
RPOPMLLJMHKFFCB27CC,21,198.34,住商用,鋼筋混凝土造,83年8月18日,三層,
RPOPMLLJMHKFFCB27CC,21,10.71,住商用,鋼筋混凝土造,83年8月18日,三層,
RPOPMLLJMHKFFCB27CC,21,13.50,住商用,鋼筋混凝土造,83年8月18日,三層,
RPSOMLMJMHKFFCB67CC,2,120.33,住家用,鋼筋混凝土造,101年10月3日,十四層,
RPSOMLMJMHKFFCB67CC,2,124.53,見其他登記事項,鋼筋混凝土造,101年10月3日,十四層,
RPVOMLLJMHKFFCB87CC,6,125.06,住家用,鋼筋混凝土造,98年8月13日,十八層,
RPOQMLLJMHKFFCB37CC,8,31.66,住家用,鋼筋混凝土造,95年11月24日,十四層,
RPOQMLLJMHKFFCB37CC,8,14.25,見其他登記事項,鋼筋混凝土造,95年11月24日,十四層,
RPPOMLMJMHKFFAB17CC,8,26.49,見其他登記事項,鋼筋混凝土造,95年10月26日,三十二層,
RPPOMLMJMHKFFAB17CC,9,4.52,見其他登記事項,鋼筋混凝土造,95年6月22日,三十二層,
RPPOMLMJMHKFFAB17CC,8,11.08,見其他登記事項,鋼筋混凝土造,95年10月26日,三十二層,
RPXOMLMJMHKFFAB97CC,8,26.49,見其他登記事項,鋼筋混凝土造,95年10月26日,三十二層,
RPXOMLMJMHKFFAB97CC,9,4.52,見其他登記事項,鋼筋混凝土造,95年6月22日,三十二層,
RPXOMLMJMHKFFAB97CC,8,11.08,見其他登記事項,鋼筋混凝土造,95年10月26日,三十二層,
RPSPMLLJMHKFFCB67CC,35,189.44,見其他登記事項,鋼筋混凝土造,69年5月15日,三層,
RPWOMLMJMHKFFAB87CC,8,26.49,見其他登記事項,鋼筋混凝土造,95年10月26日,三十二層,
RPWOMLMJMHKFFAB87CC,9,4.48,見其他登記事項,鋼筋混凝土造,95年6月22日,三十二層,
RPWOMLMJMHKFFAB87CC,8,11.10,見其他登記事項,鋼筋混凝土造,95年10月26日,三十二層,
RPQQMLLJMHKFFCB57CC,6,87.28,住家用,鋼筋混凝土造,97年11月27日,二十二層,
RPQQMLLJMHKFFCB57CC,6,59.23,見其他登記事項,鋼筋混凝土造,97年11月27日,二十二層,
RPTQMLLJMHKFFCB87CC,6,111.33,住家用,鋼筋混凝土造,97年10月6日,十二層,
RPTQMLLJMHKFFCB87CC,6,14.63,見其他登記事項,鋼筋混凝土造,97年10月6日,十二層,
RPTQMLLJMHKFFCB87CC,6,15.31,見其他登記事項,鋼筋混凝土造,97年10月6日,十二層,
RPTQMLLJMHKFFCB87CC,6,45.83,見其他登記事項,鋼筋混凝土造,97年10月6日,十二層,
RPPPMLMJMHKFFAB27CC,9,75.70,見其他登記事項,鋼筋混凝土造,95年6月22日,三十二層,
RPPPMLMJMHKFFAB27CC,9,12.23,見其他登記事項,鋼筋混凝土造,95年6月22日,三十二層,
RPPPMLMJMHKFFAB27CC,9,14.45,見其他登記事項,鋼筋混凝土造,95年6月22日,三十二層,
RPTNMLMJMHKFFAB57DC,33,162.94,住家用,鋼筋混凝土造,70年10月21日,五層,
RPVOMLMJMHKFFBB97DC,4,117.03,住家用,鋼筋混凝土造,99年9月9日,十八層,
RPVOMLMJMHKFFBB97DC,4,50.89,見其它登記事項,鋼筋混凝土造,99年9月9日,十八層,
RPVOMLMJMHKFFBB97DC,4,25.06,見其它登記事項,鋼筋混凝土造,99年9月9日,十八層,
RPVNMLNJMHKFFAB77CC,8,66.72,見其他登記事項,鋼筋混凝土造,95年12月22日,十五層,
RPVNMLNJMHKFFAB77CC,8,14.08,見其他登記事項,鋼筋混凝土造,95年12月22日,十五層,
RPVNMLNJMHKFFAB77CC,8,9.99,見其他登記事項,鋼筋混凝土造,95年12月22日,十五層,
RPXPMLRJMHKFFCB78CC,1,355.34,見其他登記事項,鋼骨鋼筋混凝土造,103年4月3日,三十六層,
RPXPMLRJMHKFFCB78CC,1,105.84,見其他登記事項,鋼骨鋼筋混凝土造,103年4月3日,三十六層,
RPXPMLRJMHKFFCB78CC,1,113.20,見其他登記事項,鋼骨鋼筋混凝土造,103年4月3日,三十六層,
RPOOMLRJMHKFFBB77DC,27,48.72,住商用,鋼筋混凝土造,77年7月4日,三層,
RPTNMLSJMHKFFFL07DC,19,111.45,住家用,鋼筋混凝土造,85年9月16日,011,
RPTNMLSJMHKFFFL07DC,19,3.19,商業用,鋼筋混凝土造,85年9月16日,011,
RPUNMLSJMHKFFAL66DC,5,178.99,見其他登記事項,見其他登記事項,99年4月16日,004,
RPQNMLNJMHKFFBB37CC,8,174.53,住家用,鋼筋混凝土造,96年8月29日,十五層,
RPSNMLNJMHKFFCB67CC,16,143.36,住家用,鋼筋混凝土造,87年12月3日,十四層,
RPQNMLSJMHKFFAB87DC,28,396.85,見其他登記事項,鋼筋混凝土造,76年8月24日,五層,
RPSNMLSJMHKFFFL86CC,22,175.08,見其他登記事項,鋼筋混凝土造,82年7月13日,003,
RPRPMLSJMHKFFBB28DC,19,78.58,住家用,鋼骨鋼筋混凝土造,84年12月8日,二十一層,
RPRPMLSJMHKFFBB28DC,19,5.01,共有部份,鋼骨鋼筋混凝土造,84年12月8日,二十一層,
RPRPMLSJMHKFFBB28DC,19,1.73,共有部份,鋼骨鋼筋混凝土造,84年12月8日,二十一層,
RPRPMLSJMHKFFBB28DC,19,25.50,共有部份,鋼骨鋼筋混凝土造,84年12月8日,二十一層,
RPXQMLSJMHKFFBB98DC,7,37.03,住家用,鋼筋混凝土造,96年12月31日,十四層,
RPXQMLSJMHKFFBB98DC,7,17.73,共有部份,鋼筋混凝土造,96年12月31日,十四層,
RPORMLSJMHKFFBB18DC,18,50.43,住家用,鋼筋混凝土造,86年6月28日,十五層,
RPORMLSJMHKFFBB18DC,18,20.12,共有部份,鋼筋混凝土造,86年6月28日,十五層,
RPORMLSJMHKFFBB18DC,18,7.86,共有部份,鋼筋混凝土造,86年6月28日,十五層,
RPWQMLSJMHKFFBB88DC,19,36.28,住家用,鋼筋混凝土造,85年7月15日,十四層,
RPWQMLSJMHKFFBB88DC,19,12.54,共有部份,鋼筋混凝土造,85年7月15日,十四層,
RPWQMLSJMHKFFBB88DC,19,9.15,共有部份,鋼筋混凝土造,85年7月15日,十四層,
RPVNMLTJMHKFFBB48CC,24,137.69,商業用,鋼筋混凝土造,80年1月28日,十二層,
RPVNMLTJMHKFFBB48CC,24,5.98,共有部份,鋼筋混凝土造,80年1月28日,十二層,
RPQRMLSJMHKFFBB28CC,7,63.63,見其它登記事項,鋼筋混凝土造,97年1月30日,十四層,
RPQRMLSJMHKFFBB28CC,7,34.97,共有部份,鋼筋混凝土造,97年1月30日,十四層,
RPSOMLTJMHKFFCB38CC,21,83.98,商業用,鋼筋混凝土造,83年1月21日,十一層,
RPSOMLTJMHKFFCB38CC,21,51.34,共有部分,鋼筋混凝土造,83年1月21日,十一層,
RPQPMLTJMHKFFAB08CC,24,150.94,商業用,鋼筋混凝土造,80年1月19日,二十七層,
RPQPMLTJMHKFFAB08CC,24,36.69,共有部份,鋼筋混凝土造,80年1月19日,二十七層,
RPQPMLTJMHKFFAB08CC,24,29.67,共有部份,鋼筋混凝土造,80年1月19日,二十七層,
RPRNMLTJMHKFFCB18CC,5,45.34,住家用,鋼筋混凝土造,99年2月1日,十二層,
RPRNMLTJMHKFFCB18CC,5,16.72,見其他登記事項,鋼筋混凝土造,99年2月1日,十二層,
RPRNMLTJMHKFFCB18CC,5,6.23,見其他登記事項,鋼筋混凝土造,99年2月1日,十二層,
RPSNMLTJMHKFFAB08CC,10,90.73,見其他登記事項,鋼筋混凝土造,93年12月24日,十八層,
RPSNMLTJMHKFFAB08CC,10,17.27,見其他登記事項,鋼筋混凝土造,93年12月24日,十八層,
RPSNMLTJMHKFFAB08CC,10,38.55,見其他登記事項,鋼筋混凝土造,93年12月24日,十八層,
RPUNMLTJMHKFFCB48CC,5,93.34,住家用,鋼筋混凝土造,99年2月1日,十二層,
RPVUMLSJMHKFFCB56CC,16,135.03,住家用,鋼筋混凝土造,88年2月11日,十四層,
RPVUMLSJMHKFFCB56CC,16,15.37,共有部分,鋼筋混凝土造,88年2月11日,十四層,
RPVUMLSJMHKFFCB56CC,16,64.73,共有部分,鋼筋混凝土造,88年2月11日,十四層,
RPRUMLSJMHKFFCB78CC,3,94.16,住家用,鋼筋混凝土造,101年4月27日,九層,
RPRUMLSJMHKFFCB78CC,3,57.07,見其他登記事項,鋼筋混凝土造,101年4月27日,九層,
RPRUMLSJMHKFFCB78CC,3,20.89,見其他登記事項,鋼筋混凝土造,101年4月27日,九層,
RPOVMLSJMHKFFCB58CC,10,131.37,見其他登記事項,見其他登記事項,94年1月14日,十四層,
RPOVMLSJMHKFFCB58CC,10,112.12,見其他登記事項,見其他登記事項,94年1月14日,十四層,
RPXRMLSJMHKFFCB09CC,4,91.00,見其他登記事項,鋼筋混凝土造,100年4月10日,十四層,
RPXRMLSJMHKFFCB09CC,4,26.16,見其他登記事項,鋼筋混凝土造,100年4月10日,十四層,
RPUUMLSJMHKFFCB09CC,4,211.77,住家用,鋼筋混凝土造,99年9月24日,十三層,
RPUUMLSJMHKFFCB09CC,4,117.44,見其他登記事項,鋼筋混凝土造,99年9月24日,十三層,
RPSNMLTJMHKFFBB28DC,34,75.70,住家用,鋼筋混凝土造,69年11月10日,五層,
RPSNMLTJMHKFFFL07DC,19,96.28,住家用,鋼筋混凝土造,85年1月10日,010,
RPSNMLTJMHKFFFL07DC,19,10.58,共有部份,鋼筋混凝土造,85年1月10日,010,
RPSNMLTJMHKFFFL07DC,19,17.06,共有部份,鋼筋混凝土造,85年1月10日,010,
RPTNMLTJMHKFFFL17DC,19,97.54,住家用,鋼筋混凝土造,85年1月10日,010,
RPTNMLTJMHKFFFL17DC,19,10.58,共有部份,鋼筋混凝土造,85年1月10日,010,
RPTNMLTJMHKFFFL17DC,19,16.61,共有部份,鋼筋混凝土造,85年1月10日,010,
RPTNMLTJMHKFFBB38DC,34,75.70,住家用,鋼筋混凝土造,69年11月10日,五層,
RPTOMLTJMHKFFCB48CC,14,136.83,住家用,鋼筋混凝土造,89年11月17日,二十五層,
RPTOMLTJMHKFFCB48CC,14,60.30,共有部分,鋼筋混凝土造,89年11月17日,二十五層,
RPTOMLKKMHKFFAL58DC,16,363.87,見其他登記事項,鋼筋混凝土造,88年1月13日,004,
RPTOMLKKMHKFFCB67CC,23,232.46,見其他登記事項,見其他登記事項,81年7月1日,二十八層,
RPTOMLKKMHKFFCB67CC,23,102.08,共有部分,見其他登記事項,81年7月1日,二十八層,
RPPOMLKKMHKFFBB17CC,28,65.03,住商用,鋼筋混凝土造,75年10月3日,九層,
RPPOMLKKMHKFFBB17CC,28,7.73,共有部份,鋼筋混凝土造,75年10月3日,九層,
RPQQMLKKMHKFFBB47CC,23,264.60,住商用,鋼筋混凝土造,81年9月9日,二層,
RPRRMLKKMHKFFCB77CC,19,77.64,住家用,鋼筋混凝土造,84年10月28日,十二層,
RPQQMLKKMHKFFCB57CC,11,191.87,見其他登記事項,鋼筋混凝土造,92年10月29日,四層,
RPQRMLKKMHKFFCB67CC,21,108.94,住商用,鋼筋混凝土造,82年12月16日,八層,
RPQRMLKKMHKFFCB67CC,21,103.19,住商用,鋼筋混凝土造,82年12月16日,八層,
RPQRMLKKMHKFFCB67CC,21,35.85,共有部分,鋼筋混凝土造,82年12月16日,八層,
RPVOMLKKMHKFFBB77CC,29,180.97,住家用,加強磚造,74年11月11日,二層,
RPPRMLKKMHKFFBB47CC,21,153.83,住商用,鋼筋混凝土造,83年4月8日,八層,
RPPRMLKKMHKFFBB47CC,21,38.77,共有部份,鋼筋混凝土造,83年4月8日,八層,
RPQNMLLKMHKFFBB27CC,39,768.84,住商用,鋼筋混凝土加強磚造,64年12月11日,二層,
RPWQMLKKMHKFFBB08CC,20,175.79,住商用,鋼筋混凝土造,84年5月26日,十六層,
RPWQMLKKMHKFFBB08CC,20,31.67,共有部份,鋼筋混凝土造,84年5月26日,十六層,
RPWQMLKKMHKFFBB08CC,20,.00,共有部份,鋼筋混凝土造,84年5月26日,十六層,
RPWQMLKKMHKFFBB08CC,20,.00,共有部份,鋼筋混凝土造,84年5月26日,十六層,
RPWQMLKKMHKFFBB08CC,20,.00,共有部份,鋼筋混凝土造,84年5月26日,十六層,
RPWQMLKKMHKFFBB08CC,20,.00,共有部份,鋼筋混凝土造,84年5月26日,十六層,
RPPNMLLKMHKFFAB07CC,8,114.32,見其他登記事項,鋼筋混凝土造,95年12月22日,十五層,
RPPNMLLKMHKFFAB07CC,8,24.11,見其他登記事項,鋼筋混凝土造,95年12月22日,十五層,
RPPNMLLKMHKFFAB07CC,8,17.12,見其他登記事項,鋼筋混凝土造,95年12月22日,十五層,
RPRNMLLKMHKFFAB27CC,19,33.75,見其他登記事項,鋼筋混凝土造,85年5月6日,十八層,
RPRNMLLKMHKFFAB27CC,19,6.85,見其他登記事項,鋼筋混凝土造,85年5月6日,十八層,
RPRNMLLKMHKFFAB27CC,19,7.70,見其他登記事項,鋼筋混凝土造,85年5月6日,十八層,
RPRNMLLKMHKFFAB27CC,19,1.85,見其他登記事項,鋼筋混凝土造,85年5月6日,十八層,
RPRNMLLKMHKFFAB27CC,19,2.73,見其他登記事項,鋼筋混凝土造,85年5月6日,十八層,
RPOOMLNKMHKFFHL09DC,26,153.18,見其他登記事項,鋼筋混凝土造,77年12月10日,005,
RPSNMLLKMHKFFAB37CC,19,20.27,見其他登記事項,鋼筋混凝土造,85年5月6日,十八層,
RPSNMLLKMHKFFAB37CC,19,3.78,見其他登記事項,鋼筋混凝土造,85年5月6日,十八層,
RPSNMLLKMHKFFAB37CC,19,4.24,見其他登記事項,鋼筋混凝土造,85年5月6日,十八層,
RPSNMLLKMHKFFAB37CC,19,1.01,見其他登記事項,鋼筋混凝土造,85年5月6日,十八層,
RPSNMLLKMHKFFAB37CC,19,1.51,見其他登記事項,鋼筋混凝土造,85年5月6日,十八層,
RPTPMLNKMHKFFCB08CC,9,107.15,見其他登記事項,鋼筋混凝土造,95年5月12日,五層,
RPTPMLNKMHKFFCB08CC,9,53.30,見其他登記事項,鋼筋混凝土造,95年5月12日,五層,
RPTNMLLKMHKFFAB47CC,19,21.45,見其他登記事項,鋼筋混凝土造,85年5月6日,十八層,
RPTNMLLKMHKFFAB47CC,19,3.98,見其他登記事項,鋼筋混凝土造,85年5月6日,十八層,
RPTNMLLKMHKFFAB47CC,19,4.49,見其他登記事項,鋼筋混凝土造,85年5月6日,十八層,
RPTNMLLKMHKFFAB47CC,19,1.07,見其他登記事項,鋼筋混凝土造,85年5月6日,十八層,
RPTNMLLKMHKFFAB47CC,19,1.58,見其他登記事項,鋼筋混凝土造,85年5月6日,十八層,
RPUPMLNKMHKFFAB97CC,16,147.66,住家用,鋼筋混凝土造,87年10月30日,二十四層,
RPUPMLNKMHKFFAB97CC,16,24.89,共有部份,鋼筋混凝土造,87年10月30日,二十四層,
RPUPMLNKMHKFFAB97CC,16,56.12,共有部份,鋼筋混凝土造,87年10月30日,二十四層,
RPUQMLNKMHKFFCB28CC,19,57.69,見其他登記事項,鋼筋混凝土造,85年9月3日,十五層,
RPUQMLNKMHKFFCB28CC,19,43.18,共有部分,鋼筋混凝土造,85年9月3日,十五層,
RPROMLNKMHKFFAL68DC,44,183.44,住家用,加強磚造,59年12月7日,003,
RPVRMLNKMHKFFCB48CC,21,149.81,住家用,鋼筋混凝土造,83年7月21日,二十四層,
RPVRMLNKMHKFFCB48CC,21,47.88,共有部分,鋼筋混凝土造,83年7月21日,二十四層,
RPVOMLNKMHKFFHL17DC,22,87.43,見其他登記事項,鋼筋混凝土造,82年4月21日,011,
RPVOMLNKMHKFFHL17DC,22,11.02,見其他登記事項,鋼筋混凝土造,82年4月21日,011,
RPUNMLOKMHKFFHL07DC,21,213.56,見其他登記事項,鋼筋混凝土造,83年5月4日,004,
RPOOMLOKMHKFFHL56DC,38,113.60,見其他登記事項,加強磚造,66年2月28日,002,
RPVNMLPKMHKFFAB08CC,8,26.49,見其他登記事項,鋼筋混凝土造,95年10月26日,三十二層,
RPVNMLPKMHKFFAB08CC,9,4.50,見其他登記事項,鋼筋混凝土造,95年6月22日,三十二層,
RPVNMLPKMHKFFAB08CC,8,11.08,見其他登記事項,鋼筋混凝土造,95年10月26日,三十二層,
RPPOMLOKMHKFFAB47CC,8,114.32,見其他登記事項,鋼筋混凝土造,95年12月22日,十五層,
RPPOMLOKMHKFFAB47CC,8,24.12,見其他登記事項,鋼筋混凝土造,95年12月22日,十五層,
RPPOMLOKMHKFFAB47CC,8,17.13,見其他登記事項,鋼筋混凝土造,95年12月22日,十五層,
RPQOMLOKMHKFFAL58CC,45,70.00,住家用,加強磚造,59年5月1日,002,
RPSNMLPKMHKFFAB77CC,8,26.49,見其他登記事項,鋼筋混凝土造,95年10月26日,三十二層,
RPSNMLPKMHKFFAB77CC,9,4.52,見其他登記事項,鋼筋混凝土造,95年6月22日,三十二層,
RPSNMLPKMHKFFAB77CC,8,11.08,見其他登記事項,鋼筋混凝土造,95年10月26日,三十二層,
RPWNMLPKMHKFFAB18CC,8,26.50,見其他登記事項,鋼筋混凝土造,95年10月26日,三十二層,
RPWNMLPKMHKFFAB18CC,9,4.41,見其他登記事項,鋼筋混凝土造,95年6月22日,三十二層,
RPWNMLPKMHKFFAB18CC,8,11.08,見其他登記事項,鋼筋混凝土造,95年10月26日,三十二層,
RPVOMLOKMHKFFCB28CC,6,70.46,住家用,鋼筋混凝土造,98年8月13日,二十六層,
RPXNMLPKMHKFFAB28CC,8,26.50,見其他登記事項,鋼筋混凝土造,95年10月26日,三十二層,
RPXNMLPKMHKFFAB28CC,9,4.41,見其他登記事項,鋼筋混凝土造,95年6月22日,三十二層,
RPXNMLPKMHKFFAB28CC,8,11.08,見其他登記事項,鋼筋混凝土造,95年10月26日,三十二層,
RPOOMLPKMHKFFAB47CC,8,26.50,見其他登記事項,鋼筋混凝土造,95年10月26日,三十二層,
RPOOMLPKMHKFFAB47CC,9,4.41,見其他登記事項,鋼筋混凝土造,95年6月22日,三十二層,
RPOOMLPKMHKFFAB47CC,8,11.08,見其他登記事項,鋼筋混凝土造,95年10月26日,三十二層,
RPVQMLOKMHKFFCB48CC,19,93.93,住家用,鋼筋混凝土造,84年10月24日,二十五層,
RPVQMLOKMHKFFCB48CC,19,26.16,共有部分,鋼筋混凝土造,84年10月24日,二十五層,
RPVQMLOKMHKFFCB48CC,21,5.45,商業用,鋼筋混凝土造,83年8月25日,二十九層,
RPVQMLOKMHKFFCB48CC,19,1.39,共有部分,鋼筋混凝土造,84年10月24日,二十五層,
RPVQMLOKMHKFFCB48CC,19,14.78,共有部分,鋼筋混凝土造,84年10月24日,二十五層,
RPSOMLPKMHKFFAB87CC,8,26.49,見其他登記事項,鋼筋混凝土造,95年10月26日,三十二層,
RPSOMLPKMHKFFAB87CC,9,4.41,見其他登記事項,鋼筋混凝土造,95年6月22日,三十二層,
RPSOMLPKMHKFFAB87CC,8,11.08,見其他登記事項,鋼筋混凝土造,95年10月26日,三十二層,
RPUOMLPKMHKFFAB08CC,8,26.49,見其他登記事項,鋼筋混凝土造,95年10月26日,三十二層,
RPUOMLPKMHKFFAB08CC,9,4.48,見其他登記事項,鋼筋混凝土造,95年6月22日,三十二層,
RPUOMLPKMHKFFAB08CC,8,11.10,見其他登記事項,鋼筋混凝土造,95年10月26日,三十二層,
RPROMLPKMHKFFAB77CC,9,26.49,見其他登記事項,鋼筋混凝土造,95年6月22日,三十二層,
RPROMLPKMHKFFAB77CC,9,4.48,見其他登記事項,鋼筋混凝土造,95年6月22日,三十二層,
RPROMLPKMHKFFAB77CC,8,11.10,見其他登記事項,鋼筋混凝土造,95年10月26日,三十二層,
RPWOMLPKMHKFFCL96DC,9,152.69,見其他登記事項,鋼筋混凝土造,95年4月11日,003,
RPTNMLQKMHKFFBB18DC,38,98.55,商業用,鋼筋混凝土造,66年6月1日,四層,
RPVPMLQKMHKFFGL47DC,26,271.64,見其他登記事項,加強磚造,78年9月30日,002,
RPQOMLQKMHKFFHL96DC,26,202.27,見其他登記事項,鋼筋混凝土造,77年10月25日,002,
RPVNMLPKMHKFFBB28DC,26,243.36,住家用,鋼筋混凝土造,78年6月26日,四層,
RPSOMLPKMHKFFBB97CC,21,95.46,住家用,鋼筋混凝土造,83年3月30日,九層,
RPSOMLPKMHKFFBB97CC,21,27.73,共有部份,鋼筋混凝土造,83年3月30日,九層,
RPRPMLPKMHKFFBB97CC,32,100.00,住家用,加強磚造,72年4月21日,二層,
RPQOMLQKMHKFFAL78CC,12,202.00,見其他登記事項,鋼筋混凝土造,92年6月25日,004,
RPOPMLQKMHKFFCL88CC,2,155.22,見其他登記事項,鋼筋混凝土造,101年11月21日,004,
RPRNMLQKMHKFFCL98CC,15,63.21,住家用,鋼筋混凝土造,88年8月12日,010,
RPRNMLQKMHKFFCL98CC,15,7.79,見其他登記事項,鋼筋混凝土造,88年8月12日,010,
RPRNMLQKMHKFFCL98CC,15,17.03,見其他登記事項,鋼筋混凝土造,88年8月12日,010,
RPRNMLQKMHKFFCL98CC,15,1.65,見其他登記事項,鋼筋混凝土造,88年8月12日,010,
RPRNMLQKMHKFFCL98CC,15,.16,見其他登記事項,鋼筋混凝土造,88年8月12日,001,
RPPPMLQKMHKFFCL98CC,3,288.09,見其他登記事項,鋼筋混凝土造,101年5月31日,003,
RPPSMLQKMHKFFCB28CC,13,438.96,見其他登記事項,鋼筋混凝土造,91年1月3日,四層,
RPOTMLQKMHKFFCB28CC,8,90.65,住家用,鋼筋混凝土造,96年9月20日,九層,
RPOTMLQKMHKFFCB28CC,8,10.21,見其他登記事項,鋼筋混凝土造,96年9月20日,九層,
RPOTMLQKMHKFFCB28CC,8,25.58,見其他登記事項,鋼筋混凝土造,96年9月20日,九層,
RPQNMLQKMHKFFAB67CC,8,118.20,見其他登記事項,鋼筋混凝土造,95年12月22日,十五層,
RPQNMLQKMHKFFAB67CC,8,18.81,見其他登記事項,鋼筋混凝土造,95年12月22日,十五層,
RPQNMLQKMHKFFAB67CC,8,40.05,見其他登記事項,鋼筋混凝土造,95年12月22日,十五層,
RPQVMLQKMHKFFCB68CC,5,63.30,住家用,鋼筋混凝土造,99年2月1日,十二層,
RPQVMLQKMHKFFCB68CC,5,23.32,見其他登記事項,鋼筋混凝土造,99年2月1日,十二層,
RPQVMLQKMHKFFCB68CC,5,8.67,見其他登記事項,鋼筋混凝土造,99年2月1日,十二層,
RPROMLRKMHKFFBB08CC,24,148.18,住家用,鋼筋混凝土造,80年1月19日,十三層,
RPROMLRKMHKFFBB08CC,24,25.08,共有部份,鋼筋混凝土造,80年1月19日,十三層,
RPWOMLRKMHKFFBB58CC,6,68.78,住家用,鋼筋混凝土造,98年8月5日,十八層,
RPWOMLRKMHKFFBB58CC,6,9.89,共有部份,鋼筋混凝土造,98年8月5日,十八層,
RPWOMLRKMHKFFBB58CC,6,26.02,共有部份,鋼筋混凝土造,98年8月5日,十八層,
RPSNMLQKMHKFFAB87CC,25,147.50,住商用,鋼筋混凝土造,78年12月13日,四層,
RPQOMLRKMHKFFAB87CC,21,226.89,商業用,鋼筋混凝土造,82年11月23日,五層,
RPQOMLRKMHKFFAB87CC,21,1.52,共有部份,鋼筋混凝土造,82年11月23日,五層,
RPROMLRKMHKFFAB97CC,21,178.57,住商用,鋼筋混凝土造,83年3月25日,八層,
RPROMLRKMHKFFAB97CC,21,69.23,見其他登記事項,鋼筋混凝土造,83年3月25日,八層,
RPXOMLRKMHKFFBB68CC,9,50.55,住家用,鋼筋混凝土造,94年12月8日,十八層,
RPXOMLRKMHKFFBB68CC,9,20.99,共有部份,鋼筋混凝土造,94年12月8日,十八層,
RPTNMLRKMHKFFAL09CC,5,145.07,見其他登記事項,見其他登記事項,99年9月15日,004,
RPVNMLRKMHKFFFL27DC,37,68.76,住家用,加強磚造,67年8月7日,002,
RPTNMLKLMHKFFCB77DC,31,57.35,住商用,鋼筋混凝土造,73年5月7日,五層,
RPTNMLKLMHKFFFL98CC,,159.30,見其他登記事項,鋼筋混凝土造,103年12月22日,016,
RPQNMLRKMHKFFIL96CC,8,143.21,見其他登記事項,鋼筋混凝土造,95年11月15日,004,
RPTNMLRKMHKFFCL66CC,7,49.38,商業用,鋼筋混凝土造,97年3月25日,009,
RPTNMLRKMHKFFCL66CC,7,38.19,見其他登記事項,鋼筋混凝土造,97年3月25日,009,
RPSNMLRKMHKFFAL98CC,5,145.07,見其他登記事項,見其他登記事項,99年9月15日,004,
RPUNMLKLMHKFFCB87DC,31,57.35,住商用,鋼筋混凝土造,73年5月7日,五層,
RPSNMLKLMHKFFCB67DC,31,45.38,住商用,鋼筋混凝土造,73年5月7日,五層,
RPSOMLKLMHKFFBB67DC,32,86.41,住家用,鋼筋混凝土造,72年9月22日,五層,
RPVNMLKLMHKFFCB87CC,21,263.70,見其他登記事項,見其他登記事項,83年10月7日,二層,
RPSPMLKLMHKFFCB77CC,6,45.25,住家用,鋼筋混凝土造,98年8月13日,二十六層,
RPSPMLKLMHKFFCB77CC,6,3.79,見其他登記事項,鋼筋混凝土造,98年8月13日,二十六層,
RPSPMLKLMHKFFCB77CC,6,17.80,見其他登記事項,鋼筋混凝土造,98年8月13日,二十六層,
RPTPMLKLMHKFFCB87CC,6,45.25,住家用,鋼筋混凝土造,98年8月13日,二十六層,
RPTPMLKLMHKFFCB87CC,6,3.80,見其他登記事項,鋼筋混凝土造,98年8月13日,二十六層,
RPTPMLKLMHKFFCB87CC,6,17.80,見其他登記事項,鋼筋混凝土造,98年8月13日,二十六層,
RPPOMLLLMHKFFCB57DC,18,101.62,國民住宅,鋼筋混凝土造,86年1月18日,二十一層,
RPXOMLLLMHKFFAB08CC,19,38.33,見其他登記事項,鋼筋混凝土造,85年5月6日,十八層,
RPXOMLLLMHKFFAB08CC,19,7.53,見其他登記事項,鋼筋混凝土造,85年5月6日,十八層,
RPXOMLLLMHKFFAB08CC,19,8.47,見其他登記事項,鋼筋混凝土造,85年5月6日,十八層,
RPXOMLLLMHKFFAB08CC,19,2.03,見其他登記事項,鋼筋混凝土造,85年5月6日,十八層,
RPXOMLLLMHKFFAB08CC,19,3.37,見其他登記事項,鋼筋混凝土造,85年5月6日,十八層,
RPVPMLKLMHKFFBB97CC,22,101.90,商業用,鋼筋混凝土造,81年11月13日,七層,
RPSQMLLLMHKFFCB97CC,10,153.80,住家用,鋼筋混凝土造,94年4月1日,五層,
RPSQMLLLMHKFFCB97CC,10,199.51,住家用,鋼筋混凝土造,94年4月1日,五層,
RPOPMLLLMHKFFAB27CC,19,40.06,見其他登記事項,鋼筋混凝土造,85年5月6日,十八層,
RPOPMLLLMHKFFAB27CC,19,7.45,見其他登記事項,鋼筋混凝土造,85年5月6日,十八層,
RPOPMLLLMHKFFAB27CC,19,8.41,見其他登記事項,鋼筋混凝土造,85年5月6日,十八層,
RPOPMLLLMHKFFAB27CC,19,2.01,見其他登記事項,鋼筋混凝土造,85年5月6日,十八層,
RPOPMLLLMHKFFAB27CC,19,3.03,見其他登記事項,鋼筋混凝土造,85年5月6日,十八層,
RPORMLMLMHKFFGL56CC,11,155.75,見其他登記事項,鋼筋混凝土造,93年6月11日,014,
RPPNMLMLMHKFFHL98CC,1,274.97,見其他登記事項,鋼筋混凝土造,103年8月6日,004,
RPPNMLMLMHKFFHL98CC,1,33.07,見其他登記事項,鋼筋混凝土造,103年8月6日,015,
RPPNMLMLMHKFFHL98CC,1,22.71,見其他登記事項,鋼筋混凝土造,103年8月6日,015,
RPXPMLNLMHKFFCB58CC,27,247.18,見其他登記事項,鋼筋混凝土造,76年12月30日,五層,
RPQOMLMLMHKFFCB67CC,16,284.58,見其他登記事項,鋼筋混凝土造,88年3月22日,四層,
RPQOMLMLMHKFFCB67CC,16,434.00,共有部分,鋼筋混凝土造,88年3月22日,四層,
RPOQMLMLMHKFFCB67CC,10,121.69,住家用,見其他登記事項,93年10月28日,十層,
RPWPMLNLMHKFFCB48CC,22,129.90,住家用,鋼筋混凝土造,82年7月13日,五層,
RPPNMLMLMHKFFBB37CC,24,266.27,商業用,鋼筋混凝土造,80年2月11日,十二層,
RPWPMLMLMHKFFCB38CC,,66.77,住家用,鋼筋混凝土造,103年10月22日,十一層,
RPSOMLNLMHKFFCB97CC,6,59.09,住家用,鋼筋混凝土造,98年8月13日,十八層,
RPSOMLNLMHKFFCB97CC,6,4.83,見其他登記事項,鋼筋混凝土造,98年8月13日,二十六層,
RPSOMLNLMHKFFCB97CC,6,20.94,見其他登記事項,鋼筋混凝土造,98年8月13日,二十六層,
RPVNMLNLMHKFFBB18DC,36,226.80,住商用,鋼筋混凝土造,68年5月5日,四層,
RPROMLOLMHKFFCB97CC,21,90.33,見其他登記事項,見其他登記事項,83年5月16日,二層,
RPQOMLOLMHKFFFL66DC,42,116.95,住家用,加強磚造,62年6月1日,002,
RPOPMLNLMHKFFCB77DC,19,65.26,見其他登記事項,鋼筋混凝土造,85年7月10日,十五層,
RPVOMLOLMHKFFCB38CC,2,167.80,住家用,鋼骨鋼筋混凝土造,102年5月2日,二十三層,
RPVOMLOLMHKFFCB38CC,2,164.91,見其他登記事項,鋼骨鋼筋混凝土造,102年5月2日,二十三層,
RPXOMLOLMHKFFAB38CC,8,26.49,見其他登記事項,鋼筋混凝土造,95年10月26日,三十二層,
RPXOMLOLMHKFFAB38CC,9,4.52,見其他登記事項,鋼筋混凝土造,95年6月22日,三十二層,
RPXOMLOLMHKFFAB38CC,8,11.08,見其他登記事項,鋼筋混凝土造,95年10月26日,三十二層,
RPRQMLOLMHKFFCB18CC,5,171.04,住家用,鋼筋混凝土造,99年1月12日,二十六層,
RPPQMLOLMHKFFCB97CC,4,170.49,住家用,鋼筋混凝土造,99年10月21日,二十六層,
RPPQMLOLMHKFFCB97CC,4,9.20,見其他登記事項,鋼筋混凝土造,99年10月21日,二十八層,
RPPQMLOLMHKFFCB97CC,4,38.85,見其他登記事項,鋼筋混凝土造,99年10月21日,二十八層,
RPPQMLOLMHKFFCB97CC,4,58.83,見其他登記事項,鋼筋混凝土造,99年10月21日,二十八層,
RPTNMLOLMHKFFAB87CC,24,128.85,住商用,鋼筋混凝土造,79年12月12日,五層,
RPQOMLOLMHKFFAB67CC,21,107.97,住家用,鋼筋混凝土造,83年7月13日,七層,
RPQOMLOLMHKFFAB67CC,21,35.23,共有部份,鋼筋混凝土造,83年7月13日,七層,
RPUOMLOLMHKFFAB08CC,20,112.12,見其他登記事項,鋼筋混凝土造,84年3月28日,十二層,
RPUOMLOLMHKFFAB08CC,20,14.44,見其他登記事項,鋼筋混凝土造,84年3月28日,十二層,
RPUOMLOLMHKFFAB08CC,20,18.44,見其他登記事項,鋼筋混凝土造,84年3月28日,十二層,
RPTPMLOLMHKFFAB08CC,17,27.22,見其他登記事項,鋼骨鋼筋混凝土造,87年5月28日,三十二層,
RPTPMLOLMHKFFAB08CC,17,2.15,見其他登記事項,鋼骨鋼筋混凝土造,87年5月28日,三十二層,
RPTPMLOLMHKFFAB08CC,17,12.48,共有部份,鋼骨鋼筋混凝土造,87年5月28日,三十二層,
RPTPMLOLMHKFFAB08CC,17,3.40,共有部份,鋼骨鋼筋混凝土造,87年5月28日,三十二層,
RPWOMLOLMHKFFAB28CC,18,24.38,住家用,見其他登記事項,86年1月31日,二十八層,
RPWOMLOLMHKFFAB28CC,18,1.17,見其他登記事項,見其他登記事項,86年1月31日,二十八層,
RPWOMLOLMHKFFAB28CC,18,7.45,見其他登記事項,見其他登記事項,86年1月31日,二十八層,
RPWOMLOLMHKFFAB28CC,18,4.55,共有部份,見其他登記事項,86年1月31日,二十八層,
RPSQMLOLMHKFFCB28CC,1,230.48,見其他登記事項,鋼骨鋼筋混凝土造,103年4月3日,三十六層,
RPSQMLOLMHKFFCB28CC,1,68.74,見其他登記事項,鋼骨鋼筋混凝土造,103年4月3日,三十六層,
RPSQMLOLMHKFFCB28CC,1,73.35,見其他登記事項,鋼骨鋼筋混凝土造,103年4月3日,三十六層,
RPUOMLRLMHKFFAB38CC,22,687.15,商業用,見其他登記事項,82年5月6日,三十五層,
RPUOMLRLMHKFFAB38CC,22,244.91,見其他登記事項,見其他登記事項,82年5月6日,三十五層,
RPUOMLRLMHKFFAB38CC,22,68.96,見其他登記事項,見其他登記事項,82年5月6日,三十五層,
RPQNMLRLMHKFFAL88CC,36,54.60,住商用,鋼筋混凝土造,68年8月20日,004,
RPWOMLRLMHKFFBB68CC,24,47.20,商業用,鋼筋混凝土造,80年6月27日,二十二層,
RPXOMLRLMHKFFAB68CC,47,51.00,住商用,加強磚造,57年7月19日,三層,
RPOPMLRLMHKFFAB87CC,3,109.27,見其他登記事項,鋼筋混凝土造,101年8月1日,一層,
RPRPMLRLMHKFFAB18CC,,166.64,商業用,見其他登記事項,,三十二層,
RPPSMLSLMHKFFAB38CC,17,96.88,住家用,鋼筋混凝土造,87年9月18日,十四層,
RPPSMLSLMHKFFAB38CC,17,33.55,共有部分,鋼筋混凝土造,87年9月18日,十四層,
RPPSMLSLMHKFFAB38CC,17,21.12,共有部分,鋼筋混凝土造,87年9月18日,十四層,
RPUNMLRLMHKFFBB38CC,21,63.63,商業用,鋼筋混凝土造,83年5月17日,十七層,
RPRNMLRLMHKFFBB08CC,20,86.46,商業用,鋼筋混凝土造,84年4月1日,十三層,
RPPPMLRLMHKFFBB18DC,33,120.72,住商用,鋼筋混凝土造,71年2月25日,五層,
RPVNMLSLMHKFFCB68CC,19,115.73,見其他登記事項,鋼筋混凝土造,84年12月29日,十四層,
RPOPMLSLMHKFFCB18CC,21,113.62,住家用,鋼筋混凝土造,83年7月21日,二十四層,
RPOPMLSLMHKFFCB18CC,21,41.90,共有部分,鋼筋混凝土造,83年7月21日,二十四層,
RPSRMLSLMHKFFCB78CC,24,65.22,住商用,鋼筋混凝土造,79年10月27日,十二層,
RPRNMLTLMHKFFCB38CC,18,111.02,見其他登記事項,見其他登記事項,86年9月3日,一層,
RPROMLKMMHKFFAB47CC,15,94.14,見其他登記事項,鋼筋混凝土造,89年8月29日,十四層,
RPROMLKMMHKFFAB47CC,14,44.22,見其他登記事項,鋼筋混凝土造,90年8月10日,十四層,
RPRPMLSLMHKFFCB48CC,21,147.29,住家用,鋼筋混凝土造,83年7月21日,二十四層,
RPRPMLSLMHKFFCB48CC,21,49.08,共有部分,鋼筋混凝土造,83年7月21日,二十四層,
RPTPMLTLMHKFFBB68CC,24,270.45,住商用,鋼筋混凝土造,80年5月17日,十五層,
RPTPMLTLMHKFFBB68CC,24,20.03,共有部份,鋼筋混凝土造,80年5月17日,十五層,
RPTNMLKMMHKFFCB77CC,6,77.85,住家用,鋼筋混凝土造,98年1月21日,十層,
RPSNMLKMMHKFFCB67CC,9,108.65,見其他登記事項,鋼筋混凝土造,95年5月12日,五層,
RPPOMLKMMHKFFCB47CC,24,112.85,商業用,鋼筋混凝土造,79年12月18日,一層,
RPWOMLKMMHKFFCB18CC,3,64.42,住家用,鋼筋混凝土造,101年9月26日,十四層,
RPWOMLKMMHKFFCB18CC,3,43.52,見其他登記事項,鋼筋混凝土造,101年9月26日,十四層,
RPPPMLKMMHKFFCB67DC,29,352.51,住商用,鋼筋混凝土造,75年9月10日,五層,
RPSNMLKMMHKFFHL66DC,23,145.35,見其他登記事項,鋼筋混凝土造,81年2月29日,003,
RPUPMLKMMHKFFBB08DC,10,66.21,見其它登記事項,見其它登記事項,93年12月21日,四層,
RPROMLKMMHKFFCB67CC,5,46.56,住家用,鋼筋混凝土造,99年2月1日,十一層,
RPROMLKMMHKFFCB67CC,5,17.18,見其他登記事項,鋼筋混凝土造,99年2月1日,十二層,
RPROMLKMMHKFFCB67CC,5,6.37,見其他登記事項,鋼筋混凝土造,99年2月1日,十二層,
