﻿編號,屋齡,建物移轉面積平方公尺,主要用途,主要建材,建築完成日期,總層數,建物分層
The serial number,room age,building shifting area square meter,the main use,main building materials,construction completes the date,total layer,building lamination
RPSQMLMJKHKFFBE87CC,20,63.29,住家用,鋼筋混凝土造,83年9月10日,二十二層,
RPVNMLMJKHKFFIE58CC,1,167.07,見其他登記事項,鋼筋混凝土造,103年2月25日,四層,
RPWNMLMJKHKFFGE48CC,2,236.49,見其他登記事項,鋼筋混凝土造,101年10月20日,四層,
RPWNMLMJKHKFFIE68CC,17,144.96,見其他登記事項,鋼筋混凝土造,86年10月2日,五層,
RPWNMLNJKHKFFDE28CC,34,103.34,,鋼筋混凝土造,70年1月6日,五層,
RPQOMLNJKHKFFFE97CC,18,25.00,住家用,鋼筋混凝土造,85年9月1日,四層,
RPTNMLNJKHKFFCE87CC,1,95.03,住家用,鋼筋混凝土造,103年7月31日,十一層,
RPPOMLNJKHKFFFE87CC,21,127.02,住家用,鋼筋混凝土造,83年5月22日,十三層,
RPPOMLNJKHKFFDE67CC,36,240.44,,鋼筋混凝土造,68年7月28日,四層,
RPXNMLOJKHKFFBE28CC,30,110.75,,鋼筋混凝土造,73年8月8日,五層,
RPROMLNJKHKFFBE67CC,24,146.98,,鋼筋混凝土造,79年8月18日,十一層,
RPWPMLNJKHKFFBE28CC,38,70.71,,鋼筋混凝土造,66年2月26日,二層,
RPPOMLOJKHKFFAE47CC,6,331.67,商業用,鋼筋混凝土造,97年11月4日,十九層,
RPSOMLOJKHKFFAE77CC,35,80.46,,鋼筋混凝土造,68年8月9日,五層,
RPOOMLOJKHKFFDE67CC,23,93.52,,鋼筋混凝土造,80年12月19日,十八層,
RPXPMLOJKHKFFDE68CC,22,155.75,住家用,鋼筋混凝土造,81年12月14日,五層,
RPXPMLOJKHKFFEE78CC,20,224.65,住商用,鋼筋混凝土造,83年11月22日,四層,
RPTQMLOJKHKFFDE38CC,1,100.62,住家用,鋼筋混凝土造,103年4月9日,十五層,
RPQNMLOJKHKFFCE67CC,24,99.37,商業用,鋼筋混凝土造,80年5月14日,十二層,
RPVOMLOJKHKFFCE28CC,26,122.35,住家用,鋼筋混凝土造,78年5月10日,十九層,
RPTPMLQJKHKFFDE48CC,22,104.71,住家用,鋼筋混凝土造,82年2月1日,八層,
RPTPMLQJKHKFFDE48CC,22,28.92,見使用執照,鋼筋混凝土造,82年2月1日,八層,
RPSNMLQJKHKFFFE38CC,1,249.43,住商用,鋼筋混凝土造,103年2月27日,四層,
RPPOMLQJKHKFFBE77CC,26,184.64,,鋼筋混凝土造,77年10月21日,十五層,
RPPOMLQJKHKFFBE77CC,26,75.98,,鋼筋混凝土造,77年10月21日,十五層,
RPPNMLSJKHKFFDE08CC,,81.83,住家用,鋼筋混凝土造,103年8月15日,十五層,
RPXNMLTJKHKFFEE09CC,1,94.06,住商用,鋼筋混凝土造,103年3月27日,十五層,
RPOOMLTJKHKFFEE28CC,1,51.00,住家用,鋼筋混凝土造,103年3月27日,十五層,
RPTPMLTJKHKFFEE88CC,5,107.96,商業用,見其它登記事項,99年5月17日,一層,
RPSPMLTJKHKFFEE78CC,19,196.43,住商用,鋼筋混凝土造,85年2月7日,七層,
RPRQMLTJKHKFFEE78CC,8,93.91,住家用,鋼筋混凝土造,96年4月10日,十五層,
RPRQMLTJKHKFFEE78CC,8,23.19,住家用,鋼筋混凝土造,96年4月10日,十五層,
RPRQMLTJKHKFFEE78CC,8,68.43,見其它登記事項,鋼筋混凝土造,96年4月10日,十五層,
RPOQMLTJKHKFFEE48CC,2,133.85,住商用,鋼筋混凝土造,102年5月27日,五層,
RPWQMLTJKHKFFEE66CC,1,70.99,住家用,鋼筋混凝土造,102年11月11日,十五層,
RPWQMLTJKHKFFEE66CC,1,12.14,住家用,鋼筋混凝土造,102年11月11日,十五層,
RPWQMLTJKHKFFEE66CC,1,60.87,見其它登記事項,鋼筋混凝土造,102年11月11日,十五層,
RPUQMLTJKHKFFEE09CC,1,46.98,住家用,鋼筋混凝土造,103年3月27日,十五層,
RPUQMLTJKHKFFEE09CC,1,8.44,住家用,鋼筋混凝土造,103年3月27日,十五層,
RPUQMLTJKHKFFEE09CC,1,57.91,見其它登記事項,鋼筋混凝土造,103年3月27日,十五層,
RPQPMLMJKHKFFBE57CC,11,48.13,住家用,鋼筋混凝土造,92年11月28日,十四層,
RPPOMLMJKHKFFAE27CC,8,123.38,住家用,鋼筋混凝土造,95年8月25日,十五層,
RPTOMLMJKHKFFAE67CC,32,42.43,,鋼筋混凝土造,72年5月19日,十二層,
RPTOMLMJKHKFFBE77CC,21,129.89,商業用,鋼筋混凝土造,82年9月20日,六層,
RPTOMLMJKHKFFBE77CC,21,53.38,見使用執照,鋼筋混凝土造,82年9月20日,六層,
RPPRMLTJKHKFFEE68CC,1,110.62,住家用,鋼筋混凝土造,102年12月2日,二十五層,
RPPRMLTJKHKFFEE68CC,1,16.45,住家用,鋼筋混凝土造,102年12月2日,二十五層,
RPPRMLTJKHKFFEE68CC,1,78.21,見其它登記事項,鋼筋混凝土造,102年12月2日,二十五層,
RPXQMLTJKHKFFEE76CC,1,58.61,住家用,見其它登記事項,103年5月28日,十五層,
RPXQMLTJKHKFFEE76CC,1,4.68,住家用,見其它登記事項,103年5月28日,十五層,
RPXQMLTJKHKFFEE76CC,1,63.75,見其它登記事項,見其它登記事項,103年5月28日,十五層,
RPUOMLTJKHKFFAE48CC,41,313.51,,鋼筋混凝土造,62年9月21日,四層,
RPQOMLTJKHKFFCE28CC,4,42.95,住家用,鋼筋混凝土造,100年1月25日,十五層,
RPQOMLTJKHKFFCE28CC,4,7.10,住家用,鋼筋混凝土造,100年1月25日,十五層,
RPQOMLTJKHKFFCE28CC,4,26.92,見其它登記事項,鋼筋混凝土造,100年1月25日,十五層,
RPPOMLTJKHKFFIE78CC,22,96.87,住家用,鋼筋混凝土造,82年6月11日,十三層,
RPPOMLTJKHKFFIE78CC,22,13.37,住家用,鋼筋混凝土造,82年6月11日,十三層,
RPPOMLTJKHKFFIE78CC,22,42.69,見其他登記事項,鋼筋混凝土造,82年6月11日,十三層,
RPWOMLTJKHKFFGE66CC,2,165.05,見其他登記事項,鋼筋混凝土造,102年2月1日,二層,
RPROMLTJKHKFFCE38CC,8,12.58,住家用,見其它登記事項,95年11月21日,十五層,
RPROMLTJKHKFFCE38CC,8,122.62,住家用,見其它登記事項,95年11月21日,十五層,
RPROMLTJKHKFFCE38CC,8,8.36,共有部份,見其它登記事項,95年11月21日,十五層,
RPVNMLTJKHKFFLE96CC,21,150.43,住家用,鋼筋混凝土造,82年11月11日,六層,
RPSOMLLKKHKFFEE08DC,8,190.73,住商用,鋼筋混凝土造,95年11月7日,十五層,
RPSOMLLKKHKFFEE08DC,8,41.00,見其它登記事項,鋼筋混凝土造,95年11月7日,十五層,
RPOOMLLKKHKFFAE17CC,25,87.01,商業用,鋼筋混凝土造,79年2月16日,十二層,
RPQOMLKKKHKFFFE77CC,18,244.71,住商用,鋼筋混凝土造,86年7月6日,四層,
RPUNMLKKKHKFFCE77CC,22,110.11,住家用,鋼筋混凝土造,82年2月19日,六層,
RPTOMLTJKHKFFAE38CC,31,97.13,,鋼筋混凝土造,73年2月10日,七層,
RPTOMLTJKHKFFAE38CC,31,15.51,,鋼筋混凝土造,73年2月10日,七層,
RPOPMLKKKHKFFBE27CC,28,186.54,,鋼筋混凝土造,75年10月23日,七層,
RPROMLMKKHKFFBE67CC,65,115.14,住商用,加強磚造,38年10月5日,三層,
RPQNMLNKKHKFFBE57CC,1,74.28,住家用,鋼筋混凝土造,102年9月18日,十五層,
RPQNMLNKKHKFFBE57CC,1,11.86,住家用,鋼筋混凝土造,102年9月18日,十五層,
RPQNMLNKKHKFFBE57CC,1,76.38,共有部分,鋼筋混凝土造,102年9月18日,十五層,
RPTOMLNKKHKFFBE97CC,14,127.68,住家用,鋼筋混凝土造,89年11月22日,十四層,
RPTOMLNKKHKFFBE97CC,14,15.71,住家用,鋼筋混凝土造,89年11月22日,十四層,
RPTOMLNKKHKFFBE97CC,14,90.39,見其他登記事項,鋼筋混凝土造,89年11月22日,十四層,
RPROMLNKKHKFFBE77CC,6,28.91,住家用,鋼筋混凝土造,97年9月19日,十三層,
RPROMLNKKHKFFBE77CC,6,9.46,住家用,鋼筋混凝土造,97年9月19日,十三層,
RPROMLNKKHKFFBE77CC,6,9.47,共有部分,鋼筋混凝土造,97年9月19日,十三層,
RPSNMLNKKHKFFBE77CC,18,251.24,住家用,鋼筋混凝土造,86年4月21日,三十五層,
RPTNMLNKKHKFFAE77CC,2,69.47,住家用,鋼筋混凝土造,101年10月22日,五層,
RPTNMLNKKHKFFAE77CC,2,6.15,住家用,鋼筋混凝土造,101年10月22日,五層,
RPTNMLNKKHKFFAE77CC,2,15.42,見其它登記事項,鋼筋混凝土造,101年10月22日,五層,
RPTNMLNKKHKFFDE08CC,21,120.77,住家用,鋼筋混凝土造,82年11月26日,十八層,
RPTNMLNKKHKFFDE08CC,21,22.27,住家用,鋼筋混凝土造,82年11月26日,十八層,
RPTNMLNKKHKFFDE08CC,21,80.09,見使用執照,鋼筋混凝土造,82年11月26日,二十層,
RPSOMLNKKHKFFBE97DC,42,191.84,住商用,加強磚造,61年10月30日,三層,
RPXNMLNKKHKFFLE66CC,33,54.46,住家用,鋼筋混凝土造,71年6月14日,五層,
RPQNMLOKKHKFFEE97CC,26,109.52,住家用,鋼筋混凝土造,78年6月12日,十七層,
RPRNMLOKKHKFFEE08CC,8,91.25,住家用,鋼筋混凝土造,96年4月10日,十五層,
RPRNMLOKKHKFFEE08CC,8,73.10,住家用,鋼筋混凝土造,96年4月10日,十五層,
RPRNMLOKKHKFFEE08CC,8,113.03,見其它登記事項,鋼筋混凝土造,96年4月10日,十五層,
RPTNMLOKKHKFFBE97CC,22,122.86,商業用,鋼筋混凝土造,81年9月15日,二十五層,
RPOOMLQKKHKFFBE77CC,40,87.62,,鋼筋混凝土造,64年6月10日,三層,
RPTNMLOKKHKFFBE97CC,22,10.12,商業用,鋼筋混凝土造,81年9月15日,二十五層,
RPTNMLOKKHKFFBE97CC,22,38.48,見使用執照,鋼筋混凝土造,81年9月15日,二十五層,
RPSNMLOKKHKFFAE77CC,20,76.30,住家用,鋼筋混凝土造,84年3月2日,二十層,
RPSNMLOKKHKFFAE77CC,20,11.56,住家用,鋼筋混凝土造,84年3月2日,二十層,
RPSNMLOKKHKFFAE77CC,20,1.29,住家用,鋼筋混凝土造,84年3月2日,二十層,
RPSNMLOKKHKFFAE77CC,20,29.94,見使用執照,鋼筋混凝土造,84年3月2日,二十層,
RPQOMLQKKHKFFBE97CC,46,48.73,,鋼筋混凝土造,58年3月15日,四層,
RPTOMLQKKHKFFBE28CC,18,850.97,見使用執照,鋼筋混凝土造,85年12月20日,三層,
RPPOMLQKKHKFFBE87CC,40,175.26,,鋼筋混凝土造,64年6月10日,三層,
RPVOMLQKKHKFFBE48CC,8,61.26,住家用,鋼筋混凝土造,96年5月15日,十五層,
RPVOMLQKKHKFFBE48CC,,25.63,共有部分,鋼筋混凝土造,,十五層,
RPWOMLQKKHKFFBE58CC,47,71.84,,加強磚造,57年4月17日,四層,
RPVPMLQKKHKFFEE88CC,2,74.07,住家用,鋼筋混凝土造,102年5月31日,十五層,
RPVPMLQKKHKFFEE88CC,2,61.98,見其它登記事項,鋼筋混凝土造,102年5月31日,十五層,
RPSNMLNKKHKFFAE67CC,4,65.41,住家用,鋼筋混凝土造,100年1月20日,十九層,
RPSNMLNKKHKFFAE67CC,4,7.66,住家用,鋼筋混凝土造,100年1月20日,十九層,
RPSNMLNKKHKFFAE67CC,4,29.90,見其它登記事項,鋼筋混凝土造,100年1月20日,十九層,
RPORMLQKKHKFFEE38CC,8,74.02,住家用,鋼筋混凝土造,96年5月24日,十五層,
RPORMLQKKHKFFEE38CC,8,38.04,共有部分,鋼筋混凝土造,96年5月24日,十五層,
RPROMLQKKHKFFIE78CC,34,24.23,住家用,鋼筋混凝土造,70年1月16日,十二層,
RPROMLQKKHKFFIE78CC,34,6.35,見其他登記事項,鋼筋混凝土造,70年1月16日,十二層,
RPROMLQKKHKFFCE18CC,8,193.90,住商用,見其它登記事項,96年1月26日,十五層,
RPROMLQKKHKFFCE18CC,8,79.15,共有部份,見其它登記事項,96年1月26日,十五層,
RPOPMLRKKHKFFEE28CC,29,122.43,,加強磚造,74年11月4日,二層,
RPVNMLRKKHKFFAE38CC,9,75.80,住家用,鋼筋混凝土造,95年4月7日,十三層,
RPWNMLOLKHKFFAE28CC,13,38.68,住家用,鋼筋混凝土造,91年6月18日,二十二層,
RPWNMLOLKHKFFAE28CC,13,5.16,住家用,鋼筋混凝土造,91年6月18日,二十二層,
RPWNMLOLKHKFFAE28CC,13,20.19,共有部分,鋼筋混凝土造,91年6月18日,二十二層,
RPUNMLOLKHKFFBE18CC,32,26.97,,鋼筋混凝土造,72年3月5日,十二層,
RPUOMLOLKHKFFDE48CC,23,42.25,,鋼筋混凝土造,80年12月19日,十八層,
RPUOMLOLKHKFFDE48CC,23,3.71,,鋼筋混凝土造,80年12月19日,十八層,
RPOOMLOLKHKFFCE77CC,4,42.95,住家用,鋼筋混凝土造,100年1月25日,十五層,
RPOOMLOLKHKFFCE77CC,4,7.10,住家用,鋼筋混凝土造,100年1月25日,十五層,
RPOOMLOLKHKFFCE77CC,4,26.92,見其它登記事項,鋼筋混凝土造,100年1月25日,十五層,
RPWPMLRKKHKFFBE78CC,34,168.14,,鋼筋混凝土造,70年1月30日,五層,
RPTNMLOLKHKFFCE18CC,19,39.10,住家用,鋼筋混凝土造,84年12月5日,二十一層,
RPPOMLOLKHKFFIE48CC,1,113.31,見其他登記事項,鋼筋混凝土造,103年3月19日,十五層,
RPSNMLOLKHKFFEE28CC,25,44.69,見其它登記事項,鋼筋混凝土造,79年3月26日,十九層,
RPTOMLOLKHKFFGE68CC,6,318.42,見其他登記事項,見其他登記事項,97年9月12日,二層,
RPUNMLMJKHKFFCE87CC,10,66.56,住家用,鋼筋混凝土造,94年3月30日,十五層,
RPRNMLPLKHKFFEE28CC,31,86.71,商業用,鋼筋混凝土造,72年8月13日,五層,
RPQNMLPLKHKFFCE97CC,7,216.18,住商用,鋼筋混凝土造,96年11月12日,四層,
RPQNMLPLKHKFFCE97CC,7,30.00,住商用,鋼筋混凝土造,96年11月12日,四層,
RPQPMLPLKHKFFGE58CC,41,121.30,住家用,加強磚造,62年11月20日,三層,
RPQOMLMJKHKFFEE77CC,20,120.25,工業用,鋼筋混凝土造,84年5月2日,十三層,
RPTOMLPLKHKFFBE28CC,25,56.00,,鋼筋混凝土造,78年11月9日,十二層,
RPSPMLPLKHKFFEE58CC,3,48.61,住家用,鋼筋混凝土造,100年10月28日,十五層,
RPSPMLPLKHKFFEE58CC,3,27.63,見其它登記事項,鋼筋混凝土造,100年10月28日,十五層,
RPQNMLRLKHKFFBE08CC,30,1701.39,,見使用執照,74年3月23日,二層,
RPQNMLRLKHKFFBE08CC,35,3429.44,,鋼筋混凝土造,69年5月13日,十層,
RPQNMLRLKHKFFBE08CC,27,1501.62,,鋼筋混凝土造,76年7月29日,十一層,
RPWNMLQLKHKFFBE58CC,18,120.60,住家用,鋼筋混凝土造,86年4月21日,三十五層,
RPPOMLQLKHKFFCE08CC,4,193.28,住家用,見其它登記事項,100年6月22日,二十七層,
RPPOMLQLKHKFFCE08CC,4,161.48,見其它登記事項,見其它登記事項,100年6月22日,二十七層,
RPSNMLRLKHKFFAE18CC,3,58.49,住家用,鋼筋混凝土造,101年7月10日,十五層,
RPSNMLRLKHKFFAE18CC,3,33.25,見其它登記事項,鋼筋混凝土造,101年7月10日,十五層,
RPTNMLQLKHKFFAE18CC,18,124.62,住商用,鋼筋混凝土造,85年11月20日,十三層,
RPTNMLRLKHKFFAE28CC,4,75.82,住家用,鋼筋混凝土造,100年1月20日,十九層,
RPSNMLLJLHKFFAE47CC,2,84.67,住家用,鋼筋混凝土造,101年10月25日,十五層,
RPXOMLMJLHKFFDE48CC,6,230.46,住家用,鋼筋混凝土造,97年10月16日,五層,
RPWNMLRLKHKFFEE98CC,22,243.73,住家用,鋼筋混凝土造,81年11月11日,二十四層,
RPWNMLMJLHKFFAE97CC,32,87.55,,鋼筋混凝土造,72年6月6日,五層,
RPRNMLLJLHKFFAE37CC,10,85.18,住家用,鋼筋混凝土造,94年6月16日,十四層,
RPRNMLSLKHKFFFE68CC,22,442.02,住商用,鋼筋混凝土造,81年8月20日,四層,
RPTNMLNJLHKFFCE97CC,16,82.18,住家用,見其它登記事項,88年2月9日,三十九層,
RPQNMLNJLHKFFJE38CC,18,204.14,住商用,鋼筋混凝土造,85年9月19日,四層,
RPTOMLNJLHKFFBE08DC,38,183.18,,鋼筋混凝土造,65年10月7日,三層,
RPXNMLNJLHKFFDE48CC,35,95.56,,鋼筋混凝土造,69年6月2日,五層,
RPWNMLNJLHKFFBE28DC,42,64.78,,鋼筋混凝土加強磚造,62年3月12日,四層,
RPSNMLNJLHKFFBE87DC,23,89.87,商業用,鋼筋混凝土造,81年6月29日,二十五層,
RPVNMLNJLHKFFEE38CC,21,75.39,住家用,鋼筋混凝土造,83年6月29日,十層,
RPVNMLNJLHKFFEE38CC,21,37.93,見使用執照,鋼筋混凝土造,83年6月29日,十層,
RPOOMLNJLHKFFBE47CC,48,48.12,,加強磚造,55年12月27日,二層,
RPOOMLNJLHKFFBE47CC,48,47.61,住家用,加強磚造,55年12月27日,二層,
RPOOMLNJLHKFFBE47CC,44,259.94,,加強磚造,59年12月31日,三層,
RPOOMLNJLHKFFBE47CC,44,251.61,,加強磚造,59年12月31日,三層,
RPUNMLOJLHKFFAE97CC,9,77.61,住家用,鋼筋混凝土造,94年11月10日,十五層,
RPUNMLOJLHKFFAE97CC,9,10.88,住家用,鋼筋混凝土造,94年11月10日,十五層,
RPUNMLOJLHKFFAE97CC,9,68.72,住家用,鋼筋混凝土造,94年11月10日,十五層,
RPSOMLOJLHKFFEE28CC,18,179.39,住家用,鋼筋混凝土造,86年4月19日,二十二層,
RPSOMLOJLHKFFEE28CC,18,40.78,見使用執照,鋼筋混凝土造,86年4月19日,二十二層,
RPTNMLOJLHKFFAE87CC,8,153.45,住家用,鋼筋混凝土造,95年12月5日,十九層,
RPTNMLOJLHKFFAE87CC,8,15.73,住家用,鋼筋混凝土造,95年12月5日,十九層,
RPTNMLOJLHKFFAE87CC,8,12.42,住家用,鋼筋混凝土造,95年12月5日,十九層,
RPXNMLOJLHKFFCE48CC,9,78.35,住家用,鋼筋混凝土造,94年12月28日,十五層,
RPXNMLOJLHKFFCE48CC,9,5.54,住家用,鋼筋混凝土造,94年12月28日,十五層,
RPXNMLOJLHKFFCE48CC,9,62.23,共有部份,鋼筋混凝土造,94年12月28日,十五層,
RPOOMLOJLHKFFGE08CC,7,47.35,見其他登記事項,見其他登記事項,97年4月1日,十四層,
RPOOMLOJLHKFFGE08CC,7,8.79,見其他登記事項,見其他登記事項,97年4月1日,十四層,
RPOOMLOJLHKFFGE08CC,7,21.45,見其他登記事項,見其他登記事項,97年4月1日,十四層,
RPSNMLOJLHKFFCE97CC,22,182.97,住商用,鋼筋混凝土造,82年7月30日,二十四層,
RPVNMLOJLHKFFAE08CC,8,118.83,住家用,鋼筋混凝土造,96年4月2日,十五層,
RPVNMLOJLHKFFAE08CC,8,16.81,住家用,鋼筋混凝土造,96年4月2日,十五層,
RPVNMLOJLHKFFAE08CC,8,82.21,住家用,鋼筋混凝土造,96年4月2日,十五層,
RPWNMLOJLHKFFGE78CC,7,47.35,見其他登記事項,見其他登記事項,97年4月1日,十四層,
RPWNMLOJLHKFFGE78CC,7,8.79,見其他登記事項,見其他登記事項,97年4月1日,十四層,
RPWNMLOJLHKFFGE78CC,7,21.45,見其他登記事項,見其他登記事項,97年4月1日,十四層,
RPUOMLPJLHKFFDE48CC,5,362.52,見其它登記事項,鋼筋混凝土造,99年5月3日,五層,
RPUOMLPJLHKFFDE48CC,5,29.46,見其它登記事項,鋼筋混凝土造,99年5月3日,二層,
RPPNMLPJLHKFFCE77CC,22,134.62,住商用,鋼筋混凝土造,82年7月30日,二十四層,
RPWNMLPJLHKFFAE28CC,9,68.57,住家用,鋼筋混凝土造,95年4月14日,十五層,
RPWNMLPJLHKFFAE28CC,9,42.90,共有部分,鋼筋混凝土造,95年4月14日,十五層,
RPSNMLPJLHKFFAE87CC,3,41.57,住家用,鋼筋混凝土造,100年10月7日,十五層,
RPQNMLPJLHKFFBE77CC,38,45.15,,鋼筋混凝土造,65年11月24日,十層,
RPTNMLPJLHKFFBE08CC,18,135.62,住家用,鋼筋混凝土造,86年4月21日,三十五層,
RPPOMLQJLHKFFBE87CC,25,43.74,,鋼筋混凝土造,78年11月9日,十二層,
RPPQMLPJLHKFFEE28CC,39,111.36,,加強磚造,65年3月19日,二層,
RPRNMLQJLHKFFLE09DC,30,208.60,住商用,鋼筋混凝土造,73年11月20日,四層,
RPRNMLQJLHKFFLE09DC,30,227.21,住商用,鋼筋混凝土造,73年11月20日,五層,
RPSNMLQJLHKFFLE56DC,9,221.35,見其他登記事項,鋼筋混凝土造,95年7月25日,四層,
RPWNMLQJLHKFFAE38CC,30,809.69,,鋼筋混凝土造,74年6月15日,五層,
RPTOMLQJLHKFFGE78CC,47,59.40,住商用,加強磚造,57年4月11日,二層,
RPTOMLPJLHKFFEE48CC,31,103.74,,加強磚造,73年3月2日,二層,
RPTOMLQJLHKFFAE18CC,10,114.27,住家用,鋼筋混凝土造,94年5月13日,十五層,
RPTOMLQJLHKFFAE18CC,10,46.38,共有部分,鋼筋混凝土造,94年5月13日,十五層,
RPOOMLTJLHKFFCE18CC,8,175.59,住家用,鋼筋混凝土造,96年5月9日,二十七層,
RPOOMLTJLHKFFCE18CC,8,78.14,共有部份,鋼筋混凝土造,96年5月9日,二十七層,
RPUNMLRJLHKFFGE88CC,18,172.75,住家用,鋼筋混凝土造,86年1月17日,十四層,
RPUNMLTJLHKFFAE48CC,42,160.92,,鋼筋混凝土造,61年9月15日,四層,
RPSNMLTJLHKFFAE28CC,9,55.68,住家用,鋼筋混凝土造,95年2月3日,十四層,
RPSNMLTJLHKFFAE28CC,9,21.72,共有部分,鋼筋混凝土造,95年2月3日,十四層,
RPRNMLTJLHKFFBE28CC,58,56.25,,加強磚造,46年6月20日,三層,
RPTNMLTJLHKFFAE38CC,38,878.24,,鋼筋混凝土造,66年8月10日,八層,
RPTNMLTJLHKFFAE38CC,38,878.24,,鋼筋混凝土造,66年8月10日,八層,
RPXNMLTJLHKFFBE88CC,25,240.00,,鋼筋混凝土造,79年7月13日,十二層,
RPVNMLKKLHKFFAE77CC,15,46.55,住家用,鋼筋混凝土造,88年9月30日,十四層,
RPUNMLTJLHKFFBE58CC,18,145.45,住家用,鋼筋混凝土造,86年4月21日,三十五層,
RPQNMLKKLHKFFDE57CC,22,141.05,住家用,鋼筋混凝土造,82年3月15日,十二層,
RPQNMLKKLHKFFDE57CC,22,12.83,見使用執照,鋼筋混凝土造,82年3月15日,十二層,
RPWNMLKKLHKFFAE87CC,10,82.93,住家用,鋼筋混凝土造,94年8月2日,十四層,
RPQNMLKKLHKFFLE38CC,38,101.48,住商用,加強磚造,66年2月20日,二層,
RPRPMLKKLHKFFEE97CC,25,184.72,住商用,鋼筋混凝土造,79年7月20日,五層,
RPRNMLKKLHKFFDE67CC,14,56.23,住家用,鋼筋混凝土造,90年4月18日,二十四層,
RPRNMLKKLHKFFDE67CC,14,38.27,見使用執照,鋼筋混凝土造,90年4月18日,二十四層,
RPPOMLKKLHKFFGE87CC,8,71.73,見其他登記事項,見其他登記事項,96年5月10日,四層,
RPTOMLKKLHKFFDE97CC,17,281.93,住商用,鋼筋混凝土造,87年8月1日,二層,
RPSNMLKKLHKFFDE77CC,2,93.10,住家用,鋼筋混凝土造,102年4月29日,十一層,
RPXNMLLKLHKFFDE38CC,16,33.67,住家用,鋼筋混凝土造,88年7月31日,十四層,
RPSNMLLKLHKFFAE57CC,25,86.18,商業用,鋼筋混凝土造,79年2月16日,十二層,
RPRNMLMKLHKFFAE57CC,9,111.54,住家用,鋼筋混凝土造,95年3月3日,十五層,
RPTNMLMKLHKFFDE08CC,26,165.75,,鋼筋混凝土造,78年5月19日,十二層,
RPSNMLNKLHKFFDE08CC,25,37.61,,鋼筋混凝土造,78年9月13日,十六層,
RPWNMLNKLHKFFDE48CC,22,82.11,住家用,鋼筋混凝土造,82年1月14日,十二層,
RPWNMLNKLHKFFDE48CC,22,24.30,見使用執照,鋼筋混凝土造,82年1月14日,十二層,
RPRNMLNKLHKFFEE08CC,20,112.80,住商用,鋼筋混凝土造,84年1月26日,十三層,
RPPQMLNKLHKFFEE18CC,1,46.98,住家用,鋼筋混凝土造,103年3月27日,十五層,
RPPQMLNKLHKFFEE18CC,1,8.44,住家用,鋼筋混凝土造,103年3月27日,十五層,
RPPQMLNKLHKFFEE18CC,1,28.64,見其它登記事項,鋼筋混凝土造,103年3月27日,十五層,
RPQPMLMKLHKFFBE77CC,23,94.94,商業用,鋼筋混凝土造,81年6月29日,二十五層,
RPWOMLMKLHKFFBE28CC,20,60.94,見使用執照,鋼筋混凝土造,84年7月26日,五層,
RPPPMLMKLHKFFBE67CC,23,161.46,商業用,鋼筋混凝土造,80年12月19日,十八層,
RPVNMLMKLHKFFBE08CC,18,94.71,住家用,鋼筋混凝土造,86年4月21日,三十五層,
RPRPMLMKLHKFFBE87CC,23,56.29,商業用,鋼筋混凝土造,81年6月29日,二十五層,
RPQNMLNKLHKFFCE87DC,21,138.79,國民住宅,鋼筋混凝土造,83年8月9日,十二層,
RPTOMLNKLHKFFAE97CC,3,44.48,住家用,鋼筋混凝土造,100年10月7日,十五層,
RPTOMLNKLHKFFAE97CC,3,5.62,住家用,鋼筋混凝土造,100年10月7日,十五層,
RPTOMLNKLHKFFAE97CC,3,33.40,見其它登記事項,鋼筋混凝土造,100年10月7日,十五層,
RPWNMLNKLHKFFAE28DC,8,189.65,住家用,鋼筋混凝土造,95年12月5日,十九層,
RPPPMLQKLHKFFCE18CC,8,107.99,住家用,見其它登記事項,95年11月21日,十五層,
RPPPMLQKLHKFFCE18CC,8,20.56,住家用,見其它登記事項,95年11月21日,十五層,
RPROMLNKLHKFFCE97CC,1,108.80,住家用,鋼筋混凝土造,102年9月18日,十五層,
RPPPMLQKLHKFFCE18CC,8,79.11,共有部份,見其它登記事項,95年11月21日,十五層,
RPROMLNKLHKFFCE97CC,1,14.11,住家用,鋼筋混凝土造,102年9月18日,十五層,
RPROMLNKLHKFFCE97CC,1,125.10,共有部份,鋼筋混凝土造,102年9月18日,十五層,
RPWNMLNKLHKFFCE38CC,5,63.08,住家用,鋼筋混凝土造,98年12月24日,十九層,
RPWNMLNKLHKFFCE38CC,5,39.22,見其它登記事項,鋼筋混凝土造,98年12月24日,十九層,
RPVNMLQKLHKFFGE98CC,38,127.70,住商用,鋼筋混凝土造,65年10月30日,三層,
RPRNMLNKLHKFFCE97DC,20,38.48,住家用,鋼筋混凝土造,83年10月1日,二十層,
RPPOMLQKLHKFFGE48CC,,95.19,見其他登記事項,鋼筋混凝土造,103年10月13日,十五層,
RPVNMLNKLHKFFCE28CC,16,31.89,住家用,見其它登記事項,88年2月9日,三十九層,
RPVNMLNKLHKFFCE28CC,16,15.58,共有部份,見其它登記事項,88年2月9日,三十九層,
RPTNMLQKLHKFFAE18CC,35,85.95,,鋼筋混凝土造,69年1月9日,十六層,
RPSPMLQKLHKFFCE48CC,30,174.22,,鋼筋混凝土造,74年9月11日,三層,
RPXNMLQKLHKFFAE58CC,76,45.46,住家用,見使用執照,27年10月26日,二層,
RPTOMLQKLHKFFEE68CC,16,163.13,住家用,見使用執照,88年4月22日,九層,
RPOOMLRKLHKFFBE97CC,48,92.81,,加強磚造,55年12月24日,二層,
RPWNMLQKLHKFFBE58CC,22,93.08,商業用,鋼筋混凝土造,81年9月15日,二十五層,
RPSPMLQKLHKFFEE68CC,1,47.62,住家用,鋼筋混凝土造,103年3月27日,十五層,
RPSPMLQKLHKFFEE68CC,1,8.59,住家用,鋼筋混凝土造,103年3月27日,十五層,
RPSPMLQKLHKFFEE68CC,1,58.38,見其它登記事項,鋼筋混凝土造,103年3月27日,十五層,
RPWNMLQKLHKFFAE48CC,57,575.61,,加強磚造,46年12月31日,三層,
RPQPMLQKLHKFFEE48CC,1,50.38,住家用,鋼筋混凝土造,103年3月27日,十五層,
RPQPMLQKLHKFFEE48CC,1,5.87,住家用,鋼筋混凝土造,103年3月27日,十五層,
RPQPMLQKLHKFFEE48CC,1,58.54,見其它登記事項,鋼筋混凝土造,103年3月27日,十五層,
RPSOMLRKLHKFFEE68CC,18,26.83,住家用,鋼筋混凝土造,85年10月12日,十一層,
RPSOMLRKLHKFFEE68CC,18,8.76,見使用執照,鋼筋混凝土造,85年10月12日,十一層,
RPTNMLRKLHKFFCE48CC,19,103.00,住家用,鋼筋混凝土造,84年12月12日,二十七層,
RPTNMLRKLHKFFCE48CC,19,11.23,住家用,鋼筋混凝土造,84年12月12日,二十七層,
RPTNMLRKLHKFFCE48CC,19,100.41,見使用執照,鋼筋混凝土造,84年12月12日,二十七層,
RPPOMLSKLHKFFBE18CC,20,103.56,住家用,鋼筋混凝土造,84年1月27日,二十五層,
RPPOMLSKLHKFFBE18CC,20,30.05,見使用執照,鋼筋混凝土造,84年1月27日,二十五層,
RPUNMLRKLHKFFCE58CC,1,102.24,住家用,鋼筋混凝土造,103年2月7日,十四層,
RPUNMLRKLHKFFCE58CC,1,20.06,住家用,鋼筋混凝土造,103年2月7日,十四層,
RPUNMLRKLHKFFCE58CC,1,111.80,見其它登記事項,鋼筋混凝土造,103年2月7日,十四層,
RPQOMLSKLHKFFIE98CC,23,154.38,住商用,鋼筋混凝土造,81年1月21日,四層,
RPWNMLSKLHKFFEE09CC,10,186.26,住商用,鋼筋混凝土造,94年1月26日,四層,
RPQOMLRKLHKFFCE28CC,38,264.64,,鋼筋混凝土造,65年10月26日,四層,
RPOOMLSKLHKFFBE08CC,24,29.77,,鋼筋混凝土造,80年5月10日,十二層,
RPOOMLSKLHKFFBE08CC,24,11.21,,鋼筋混凝土造,80年5月10日,十二層,
RPQNMLSKLHKFFEE48CC,25,47.20,見其它登記事項,鋼筋混凝土造,79年3月26日,十九層,
RPUNMLQKLHKFFEE68CC,2,141.69,商業用,鋼筋混凝土造,101年10月4日,十五層,
RPQNMLTKLHKFFDE48CC,39,308.16,,鋼筋混凝土造,64年12月22日,四層,
RPXOMLTKLHKFFEE76CC,15,152.42,住家用,鋼筋混凝土造,89年4月7日,二十六層,
RPXOMLTKLHKFFEE76CC,15,108.22,見使用執照,見使用執照,89年4月7日,二十六層,
RPOOMLKLLHKFFAE27CC,10,279.10,住商用,鋼筋混凝土造,93年11月11日,五層,
RPRPMLSKLHKFFDE68CC,37,84.68,,加強磚造,67年6月24日,二層,
RPOOMLKLLHKFFDE57CC,34,313.95,,鋼筋混凝土造,69年10月1日,五層,
RPUNMLKLLHKFFBE87CC,39,135.95,,鋼筋混凝土造,65年4月21日,三層,
RPXOMLKLLHKFFEE58CC,41,70.22,,加強磚造,63年6月1日,二層,
RPPOMLNLLHKFFGE28CC,19,92.26,國民住宅,鋼筋混凝土造,85年1月24日,七層,
RPPOMLNLLHKFFGE28CC,19,29.69,共有部份,鋼筋混凝土造,85年1月24日,七層,
RPUNMLNLLHKFFEE58DC,4,109.88,住家用,鋼筋混凝土造,99年11月26日,十四層,
RPPOMLNLLHKFFGE28CC,19,.05,國民住宅,鋼筋混凝土造,85年1月24日,七層,
RPUNMLNLLHKFFEE58DC,4,74.16,見其它登記事項,鋼筋混凝土造,99年11月26日,十四層,
RPPOMLNLLHKFFGE28CC,19,.05,國民住宅,鋼筋混凝土造,85年1月24日,七層,
RPPOMLNLLHKFFGE28CC,19,.05,國民住宅,鋼筋混凝土造,85年1月24日,七層,
RPRNMLNLLHKFFBE87CC,38,39.17,,鋼筋混凝土造,65年11月24日,十層,
RPSNMLKLLHKFFJE48CC,9,33.33,住商用,鋼筋混凝土造,95年8月30日,五層,
RPPNMLLLLHKFFEE77CC,8,302.53,住商用,鋼筋混凝土造,95年9月14日,五層,
RPTNMLNLLHKFFCE18CC,35,193.92,住商用,鋼筋混凝土造,69年6月18日,四層,
RPXNMLOLLHKFFBE58CC,31,496.66,,鋼筋混凝土造,73年8月17日,十二層,
RPTNMLOLLHKFFBE18CC,8,108.60,住家用,鋼筋混凝土造,96年5月15日,十五層,
RPRNMLOLLHKFFAE87CC,24,127.51,商業用,鋼筋混凝土造,80年7月4日,九層,
RPWNMLOLLHKFFEE78CC,26,337.08,住商用,加強磚造,78年7月17日,二層,
RPUNMLPLLHKFFBE38CC,40,227.04,,鋼筋混凝土造,64年4月25日,四層,
RPRNMLPLLHKFFBE08CC,34,210.58,,鋼筋混凝土造,69年10月1日,十一層,
RPRNMLPLLHKFFBE08CC,34,29.42,,鋼筋混凝土造,69年10月1日,十一層,
RPROMLOLLHKFFEE38CC,5,214.00,商業用,見其它登記事項,98年12月14日,一層,
RPOOMLOLLHKFFBE77CC,43,115.20,住商用,加強磚造,61年4月1日,三層,
RPRNMLPLLHKFFAE97CC,28,144.83,,鋼筋混凝土造,76年5月13日,五層,
RPRNMLPLLHKFFAE97CC,28,19.30,見使用執照,鋼筋混凝土造,76年5月13日,五層,
RPRNMLPLLHKFFCE18CC,38,54.97,,鋼筋混凝土造,66年1月24日,四層,
RPRNMLPLLHKFFCE18CC,38,69.13,,鋼筋混凝土造,66年1月24日,四層,
RPRNMLPLLHKFFCE18CC,38,17.10,,鋼筋混凝土造,66年1月24日,四層,
RPRNMLPLLHKFFGE58CC,20,103.44,國民住宅,鋼筋混凝土造,84年5月12日,十六層,
RPPNMLPLLHKFFGE38CC,8,60.44,見其他登記事項,見其他登記事項,96年8月2日,五層,
RPVNMLQLLHKFFBE58CC,25,111.41,,鋼筋混凝土造,79年4月18日,十二層,
RPVNMLQLLHKFFBE58CC,25,41.83,,鋼筋混凝土造,79年4月18日,十二層,
RPVNMLQLLHKFFAE48CC,18,85.41,住商用,鋼筋混凝土造,86年2月15日,十四層,
RPVNMLQLLHKFFAE48CC,18,8.89,見使用執照,鋼筋混凝土造,86年2月15日,十四層,
RPUNMLQLLHKFFCE58CC,1,191.88,住家用,鋼筋混凝土造,103年7月15日,二十九層,
RPUNMLQLLHKFFCE58CC,1,6.80,住家用,鋼筋混凝土造,103年7月15日,二十九層,
RPUNMLQLLHKFFCE58CC,1,41.13,見其它登記事項,鋼筋混凝土造,103年7月15日,二十九層,
RPTNMLQLLHKFFCE48CC,9,77.20,住家用,鋼筋混凝土造,95年3月14日,十四層,
RPTNMLQLLHKFFCE48CC,9,8.26,住家用,鋼筋混凝土造,95年3月14日,十四層,
RPTNMLQLLHKFFCE48CC,9,61.36,共有部份,鋼筋混凝土造,95年3月14日,十四層,
RPOOMLQLLHKFFAE87CC,8,49.38,住家用,鋼筋混凝土造,95年10月13日,十五層,
RPOOMLQLLHKFFAE87CC,8,8.09,住家用,鋼筋混凝土造,95年10月13日,十五層,
RPOOMLQLLHKFFAE87CC,8,41.32,見其它登記事項,鋼筋混凝土造,95年10月13日,十五層,
RPPOMLQLLHKFFAE97CC,11,186.79,住家用,鋼筋混凝土造,93年8月11日,十四層,
RPPOMLQLLHKFFAE97CC,11,9.83,住家用,鋼筋混凝土造,93年8月11日,十四層,
RPPOMLQLLHKFFAE97CC,11,111.85,共有部分,鋼筋混凝土造,93年8月11日,十四層,
RPXNMLQLLHKFFAE68CC,2,73.70,住家用,鋼筋混凝土造,102年6月4日,十五層,
RPXNMLQLLHKFFAE68CC,2,9.71,住家用,鋼筋混凝土造,102年6月4日,十五層,
RPXNMLQLLHKFFAE68CC,2,61.31,見其它登記事項,鋼筋混凝土造,102年6月4日,十五層,
RPWNMLQLLHKFFAE58CC,2,158.34,住家用,鋼筋混凝土造,102年4月9日,二十四層,
RPWNMLQLLHKFFAE58CC,2,33.29,住家用,鋼筋混凝土造,102年4月9日,二十四層,
RPWNMLQLLHKFFAE58CC,2,116.60,見其它登記事項,鋼筋混凝土造,102年4月9日,二十四層,
RPXNMLQLLHKFFCE88CC,9,122.25,住家用,鋼筋混凝土造,94年12月28日,十五層,
RPXNMLQLLHKFFCE88CC,9,79.40,共有部份,鋼筋混凝土造,94年12月28日,十五層,
RPVPMLQLLHKFFEE09CC,1,49.90,住家用,見其它登記事項,103年5月28日,十五層,
RPVPMLQLLHKFFEE09CC,1,6.83,住家用,見其它登記事項,103年5月28日,十五層,
RPVPMLQLLHKFFEE09CC,1,30.81,見其它登記事項,見其它登記事項,103年5月28日,十五層,
RPOQMLQLLHKFFEE48CC,1,46.98,住家用,鋼筋混凝土造,103年3月27日,十五層,
RPOQMLQLLHKFFEE48CC,1,8.44,住家用,鋼筋混凝土造,103年3月27日,十五層,
RPOQMLQLLHKFFEE48CC,1,57.91,見其它登記事項,鋼筋混凝土造,103年3月27日,十五層,
RPPOMLRLLHKFFCE28CC,25,336.63,住商用,鋼筋混凝土造,79年2月15日,五層,
RPTOMLQLLHKFFEE78CC,,93.78,商業用,見其它登記事項,103年10月6日,一層,
RPPNMLSLLHKFFGE68CC,1,172.16,見其他登記事項,見其他登記事項,103年3月28日,一層,
RPPNMLSLLHKFFBE18CC,49,334.65,,鋼筋混凝土造,55年6月1日,四層,
RPPOMLKMLHKFFBE57CC,49,84.86,,加強磚造,55年5月9日,二層,
RPQNMLKMLHKFFDE77CC,18,104.08,住商用,鋼筋混凝土造,85年11月26日,七層,
RPQNMLKMLHKFFDE77CC,18,17.99,見使用執照,鋼筋混凝土造,85年11月26日,七層,
RPPOMLKMLHKFFAE47CC,8,107.43,住家用,鋼筋混凝土造,95年10月13日,十五層,
RPPOMLKMLHKFFAE47CC,8,61.99,見其它登記事項,鋼筋混凝土造,95年10月13日,十五層,
RPPOMLKMLHKFFDE77CC,19,167.15,住商用,鋼筋混凝土造,85年9月6日,十三層,
RPOQMLLMLHKFFDE97CC,39,32.23,,加強磚造,64年9月27日,二層,
RPTOMLLMLHKFFEE38CC,1,50.38,住家用,鋼筋混凝土造,103年3月27日,十五層,
RPTOMLLMLHKFFEE38CC,1,5.87,住家用,鋼筋混凝土造,103年3月27日,十五層,
RPTOMLLMLHKFFEE38CC,1,29.11,見其它登記事項,鋼筋混凝土造,103年3月27日,十五層,
RPWOMLRLLHKFFAE78CC,10,25.80,住家用,鋼筋混凝土造,94年6月24日,十五層,
RPXPMLLMLHKFFDE78CC,40,23.82,,加強磚造,63年10月9日,三層,
RPPOMLKMLHKFFEE87CC,8,442.28,住商用,鋼筋混凝土造,96年1月31日,五層,
RPTNMLLMLHKFFAE87CC,2,42.22,住家用,鋼筋混凝土造,101年9月28日,十四層,
RPTNMLLMLHKFFAE87CC,2,5.39,住家用,鋼筋混凝土造,101年9月28日,十四層,
RPTNMLLMLHKFFAE87CC,2,44.71,見其它登記事項,鋼筋混凝土造,101年9月28日,十四層,
RPUNMLLMLHKFFAE97CC,8,48.15,住家用,鋼筋混凝土造,96年5月10日,十五層,
RPUNMLLMLHKFFAE97CC,8,6.41,住家用,鋼筋混凝土造,96年5月10日,十五層,
RPUNMLLMLHKFFAE97CC,8,27.76,見其它登記事項,鋼筋混凝土造,96年5月10日,十五層,
RPTNMLLJMHKFFCE87CC,9,90.78,住家用,鋼筋混凝土造,94年12月28日,十五層,
RPQOMLKMLHKFFDE87CC,25,218.34,,鋼筋混凝土造,78年10月19日,七層,
RPQOMLKMLHKFFDE87CC,25,20.86,,鋼筋混凝土造,78年10月19日,七層,
RPQOMLKMLHKFFDE87CC,25,97.00,,鋼筋混凝土造,78年10月19日,七層,
RPQPMLLMLHKFFAE77CC,18,206.64,住商用,見使用執照,85年11月19日,五層,
RPQOMLLMLHKFFBE77CC,3,79.00,住家用,鋼筋混凝土造,101年5月9日,十四層,
RPUNMLLMLHKFFBE08CC,21,81.83,商業用,鋼筋混凝土造,83年1月31日,十一層,
RPUNMLLMLHKFFBE08CC,21,89.36,商業用,鋼筋混凝土造,83年1月31日,十一層,
RPUNMLLMLHKFFBE08CC,21,18.99,見使用執照,鋼筋混凝土造,83年1月31日,十一層,
RPVNMLLMLHKFFAE08CC,2,94.56,住家用,鋼筋混凝土造,102年4月9日,二十四層,
RPVNMLLMLHKFFAE08CC,2,15.34,住家用,鋼筋混凝土造,102年4月9日,二十四層,
RPVNMLLMLHKFFAE08CC,2,72.65,見其它登記事項,鋼筋混凝土造,102年4月9日,二十四層,
RPUNMLLJMHKFFBE87CC,36,106.12,,鋼筋混凝土造,67年10月13日,五層,
RPPOMLLJMHKFFBE47CC,1,97.06,住家用,鋼筋混凝土造,103年1月27日,十三層,
RPWOMLLMLHKFFEE78DC,10,197.29,見其它登記事項,鋼筋混凝土造,94年4月11日,四層,
RPQOMLLJMHKFFBE57CC,22,123.02,商業用,鋼筋混凝土造,82年3月4日,二十八層,
RPOOMLLJMHKFFBE37CC,37,2368.67,,鋼筋混凝土造,67年3月15日,十一層,
RPROMLLJMHKFFBE67CC,22,170.93,商業用,鋼筋混凝土造,82年3月4日,二十八層,
RPSOMLLJMHKFFBE77CC,28,130.31,,鋼筋混凝土造,76年1月9日,十二層,
RPTNMLLJMHKFFAE67CC,9,159.69,住家用,鋼筋混凝土造,94年10月27日,十五層,
RPWNMLLJMHKFFAE97CC,33,125.76,,鋼筋混凝土造,70年10月9日,三層,
RPWNMLLJMHKFFBE08CC,35,48.15,,鋼筋混凝土造,69年6月4日,十一層,
RPXOMLLJMHKFFBE28CC,48,189.59,,鋼筋混凝土加強磚造,56年1月12日,三層,
RPUNMLLJMHKFFDE08CC,26,123.77,,鋼筋混凝土造,77年10月26日,十一層,
RPVNMLLJMHKFFAE87CC,12,219.47,住家用,鋼筋混凝土造,92年5月28日,五層,
RPTOMLLJMHKFFDE08CC,20,77.42,商業用,鋼筋混凝土造,83年11月1日,十二層,
RPSNMLLJMHKFFDE87CC,30,167.70,,鋼筋混凝土造,73年10月4日,三層,
RPTPMLLJMHKFFDE18CC,30,180.96,,鋼筋混凝土造,74年2月13日,五層,
RPTPMLLJMHKFFDE18CC,30,90.65,,鋼筋混凝土造,74年2月13日,五層,
RPTPMLLJMHKFFDE18CC,30,90.65,,鋼筋混凝土造,74年2月13日,五層,
RPTPMLLJMHKFFDE18CC,30,90.65,,鋼筋混凝土造,74年2月13日,五層,
RPTPMLLJMHKFFDE18CC,30,90.65,,鋼筋混凝土造,74年2月13日,五層,
RPTNMLMJMHKFFAE87DC,25,131.11,住商用,鋼筋混凝土造,79年6月18日,十五層,
RPRNMLNJMHKFFLE78CC,6,11516.13,見其他登記事項,見其他登記事項,97年9月15日,四層,
RPSNMLNJMHKFFEE18CC,1,78.93,住家用,鋼筋混凝土造,102年11月11日,十五層,
RPSNMLNJMHKFFEE18CC,1,42.24,見其它登記事項,鋼筋混凝土造,102年11月11日,十五層,
RPPNMLNJMHKFFAE47CC,9,153.68,住家用,鋼筋混凝土造,95年3月3日,十五層,
RPPNMLNJMHKFFAE47CC,9,75.84,共有部分,鋼筋混凝土造,95年3月3日,十五層,
RPQNMLNJMHKFFAE57CC,8,89.52,住家用,鋼筋混凝土造,96年2月8日,十五層,
RPQNMLNJMHKFFAE57CC,8,33.82,見其它登記事項,鋼筋混凝土造,96年2月8日,十五層,
RPTNMLNJMHKFFAE87CC,7,206.34,住商用,鋼筋混凝土造,97年1月3日,五層,
RPQNMLNJMHKFFBE67CC,21,83.73,住家用,鋼筋混凝土造,83年9月10日,二十二層,
RPPNMLQJMHKFFAE77CC,11,64.82,住家用,鋼筋混凝土造,93年8月11日,十四層,
RPPNMLQJMHKFFAE77CC,11,27.00,共有部分,鋼筋混凝土造,93年8月11日,十四層,
RPOOMLRJMHKFFDE18CC,30,61.03,,鋼筋混凝土造,73年11月21日,四層,
RPROMLRJMHKFFEE58CC,34,236.05,,鋼筋混凝土造,69年10月8日,三層,
RPSNMLRJMHKFFBE28CC,48,187.11,,鋼筋混凝土加強磚造,56年1月12日,三層,
RPSNMLRJMHKFFBE28CC,48,187.11,,鋼筋混凝土加強磚造,56年1月12日,三層,
RPPNMLNJMHKFFBE57CC,9,138.47,住家用,鋼筋混凝土造,94年12月6日,十四層,
RPPNMLNJMHKFFBE57CC,9,48.45,見其他登記事項,鋼筋混凝土造,94年12月6日,十四層,
RPPQMLRJMHKFFEE58CC,32,129.80,,鋼筋混凝土造,72年8月12日,三層,
RPPNMLQJMHKFFDE08CC,37,62.58,,鋼筋混凝土造,67年5月19日,四層,
RPTOMLRJMHKFFCE58CC,26,50.24,住商用,鋼筋混凝土造,78年5月6日,四層,
RPOPMLRJMHKFFEE38CC,1,50.38,住家用,鋼筋混凝土造,103年3月27日,十五層,
RPOPMLRJMHKFFEE38CC,1,5.87,住家用,鋼筋混凝土造,103年3月27日,十五層,
RPOPMLRJMHKFFEE38CC,1,29.11,住家用,鋼筋混凝土造,103年3月27日,十五層,
RPSOMLRJMHKFFCE48CC,1,160.00,住家用,鋼筋混凝土造,103年7月31日,十一層,
RPOOMLRJMHKFFCE08CC,1,116.07,住家用,鋼筋混凝土造,102年9月18日,十五層,
RPOOMLRJMHKFFCE08CC,1,16.09,住家用,鋼筋混凝土造,102年9月18日,十五層,
RPOOMLRJMHKFFCE08CC,1,98.37,住家用,鋼筋混凝土造,102年9月18日,十五層,
RPSNMLRJMHKFFFE68CC,9,277.85,住商用,鋼筋混凝土造,95年3月6日,十三層,
RPPNMLTJMHKFFAE08CC,7,377.22,住商用,鋼筋混凝土造,97年9月8日,五層,
RPWNMLSJMHKFFBE78CC,25,91.82,,鋼筋混凝土造,78年12月15日,十二層,
RPWNMLSJMHKFFBE78CC,25,35.35,,鋼筋混凝土造,78年12月15日,十二層,
RPSNMLSJMHKFFEE68CC,9,271.92,住商用,鋼筋混凝土造,95年7月28日,五層,
RPSNMLSJMHKFFEE68CC,9,55.53,住商用,鋼筋混凝土造,95年7月28日,五層,
RPSNMLSJMHKFFEE68CC,9,4.12,住商用,鋼筋混凝土造,95年7月28日,五層,
RPWNMLSJMHKFFIE86CC,15,170.76,見使用執照,鋼筋混凝土造,89年2月2日,三層,
RPRNMLTJMHKFFAE28CC,37,76.88,,鋼筋混凝土造,67年5月13日,四層,
RPSNMLSJMHKFFAE28CC,9,46.55,住家用,鋼筋混凝土造,95年3月3日,十五層,
RPSNMLSJMHKFFAE28CC,9,3.87,住家用,鋼筋混凝土造,95年3月3日,十五層,
RPSNMLSJMHKFFAE28CC,9,27.20,共有部分,鋼筋混凝土造,95年3月3日,十五層,
RPTNMLTJMHKFFBE58CC,7,58.51,住家用,鋼筋混凝土造,97年9月19日,十三層,
RPSNMLTJMHKFFDE68CC,23,211.79,住商用,鋼筋混凝土造,81年7月31日,七層,
RPWOMLKKMHKFFBE18CC,42,187.74,,加強磚造,62年4月28日,三層,
RPUNMLTJMHKFFBE68CC,18,137.59,住家用,鋼筋混凝土造,86年4月21日,三十五層,
RPUPMLKKMHKFFDE28CC,23,303.14,商業用,鋼筋混凝土造,81年8月4日,七層,
RPWNMLTJMHKFFBE88CC,48,108.03,,加強磚造,55年9月21日,二層,
RPVNMLKKMHKFFEE28CC,1,47.62,住家用,鋼筋混凝土造,103年3月27日,十五層,
RPVNMLKKMHKFFEE28CC,1,8.59,住家用,鋼筋混凝土造,103年3月27日,十五層,
RPVNMLKKMHKFFEE28CC,1,54.37,見其它登記事項,鋼筋混凝土造,103年3月27日,十五層,
RPQPMLKKMHKFFDE87CC,10,10.72,商業用,見使用執照,94年8月18日,一層,
RPVOMLKKMHKFFBE08CC,25,74.15,,鋼筋混凝土造,79年5月9日,七層,
RPVOMLKKMHKFFBE08CC,25,123.30,,鋼筋混凝土造,79年5月9日,七層,
RPWNMLKKMHKFFEE38CC,1,50.38,住家用,鋼筋混凝土造,103年3月27日,十五層,
RPWNMLKKMHKFFEE38CC,1,5.87,住家用,鋼筋混凝土造,103年3月27日,十五層,
RPWNMLKKMHKFFEE38CC,1,29.11,見其它登記事項,鋼筋混凝土造,103年3月27日,十五層,
RPVPMLKKMHKFFDE38CC,16,133.76,商業用,鋼骨混凝土造,88年2月8日,一層,
RPUNMLKKMHKFFEE18CC,4,51.15,住家用,鋼筋混凝土造,100年9月27日,十五層,
RPUNMLKKMHKFFEE18CC,4,6.06,住家用,鋼筋混凝土造,100年9月27日,十五層,
RPUNMLKKMHKFFEE18CC,4,57.59,共有部分,鋼筋混凝土造,100年9月27日,十五層,
RPROMLKKMHKFFCE77CC,9,88.83,住家用,鋼筋混凝土造,94年12月28日,十五層,
RPROMLKKMHKFFCE77CC,9,38.02,共有部份,鋼筋混凝土造,94年12月28日,十五層,
RPXOMLKKMHKFFGE78CC,20,114.93,住家用,鋼筋混凝土造,84年7月22日,二十五層,
RPVOMLKKMHKFFEE38CC,40,332.32,,鋼筋混凝土造,64年5月28日,四層,
RPPPMLKKMHKFFGE08CC,1,606.58,見其他登記事項,見其他登記事項,102年12月31日,二層,
RPPPMLKKMHKFFGE08CC,1,610.58,見其他登記事項,見其他登記事項,102年12月31日,二層,
RPPPMLKKMHKFFGE08CC,1,606.66,見其他登記事項,見其他登記事項,102年12月31日,二層,
RPPPMLKKMHKFFGE08CC,1,620.06,見其他登記事項,見其他登記事項,102年12月31日,二層,
RPQNMLLKMHKFFCE67CC,23,79.70,住家用,鋼筋混凝土造,81年5月11日,三層,
RPRNMLLKMHKFFEE97CC,19,234.20,住商用,鋼筋混凝土造,85年1月13日,七層,
RPSPMLKKMHKFFGE38CC,20,114.93,住家用,鋼筋混凝土造,84年7月22日,二十五層,
RPOOMLKKMHKFFJE18CC,23,284.32,住商用,鋼筋混凝土造,81年1月9日,四層,
RPPNMLLKMHKFFGE08DC,40,80.06,住家用,加強磚造,64年9月1日,二層,
RPPNMLLKMHKFFBE47CC,48,189.19,,加強磚造,56年3月7日,三層,
RPPNMLLKMHKFFBE47CC,48,178.00,,加強磚造,56年3月7日,三層,
RPQNMLLKMHKFFBE57CC,33,151.70,,鋼筋混凝土造,71年4月30日,十二層,
RPPNMLLKMHKFFDE67CC,20,342.97,住商用,鋼筋混凝土造,84年5月18日,十五層,
RPQNMLLKMHKFFEE87CC,9,410.76,住商用,鋼筋混凝土造,94年10月31日,五層,
RPOOMLNKMHKFFBE67CC,2,56.20,住家用,鋼筋混凝土造,102年5月17日,十四層,
RPOOMLNKMHKFFBE67CC,2,4.78,住家用,鋼筋混凝土造,102年5月17日,十四層,
RPOOMLNKMHKFFBE67CC,2,29.40,共有部分,鋼筋混凝土造,102年5月17日,十四層,
RPQNMLNKMHKFFBE77CC,30,65.22,,鋼筋混凝土造,74年8月19日,五層,
RPQNMLNKMHKFFBE77CC,30,8.99,,鋼筋混凝土造,74年8月19日,五層,
RPPOMLNKMHKFFAE67CC,29,110.94,,鋼筋混凝土造,75年6月24日,五層,
RPPPMLKKMHKFFDE87DC,22,46.88,商業用,鋼筋混凝土造,81年12月2日,二十一層,
RPPPMLKKMHKFFDE87DC,22,5.70,見使用執照,鋼筋混凝土造,81年12月2日,二十一層,
RPRNMLNKMHKFFBE87CC,6,66.45,見其他登記事項,鋼筋混凝土造,98年10月5日,二十四層,
RPRNMLNKMHKFFBE87CC,6,141.35,住家用,鋼筋混凝土造,98年10月5日,二十四層,
RPUNMLNKMHKFFAE08CC,25,164.24,商業用,鋼筋混凝土造,79年2月16日,十二層,
RPWOMLNKMHKFFEE78CC,1,50.38,住家用,鋼筋混凝土造,103年3月27日,十五層,
RPWOMLNKMHKFFEE78CC,1,5.87,住家用,鋼筋混凝土造,103年3月27日,十五層,
RPWOMLNKMHKFFEE78CC,1,29.27,見其它登記事項,鋼筋混凝土造,103年3月27日,十五層,
RPOOMLNKMHKFFDE87CC,1,67.02,住家用,鋼筋混凝土造,103年3月12日,十五層,
RPOOMLNKMHKFFDE87CC,1,9.24,住家用,鋼筋混凝土造,103年3月12日,十五層,
RPOOMLNKMHKFFDE87CC,1,63.38,共有部分,鋼筋混凝土造,103年3月12日,十五層,
RPOPMLNKMHKFFEE08CC,1,46.98,住家用,鋼筋混凝土造,103年3月27日,十五層,
RPOPMLNKMHKFFEE08CC,1,8.44,住家用,鋼筋混凝土造,103年3月27日,十五層,
RPOPMLNKMHKFFEE08CC,1,28.64,見其它登記事項,鋼筋混凝土造,103年3月27日,十五層,
RPTOMLNKMHKFFEE48CC,10,124.68,商業用,鋼筋混凝土造,94年5月20日,十四層,
RPTOMLNKMHKFFCE28CC,8,175.59,住家用,鋼筋混凝土造,96年5月9日,二十七層,
RPTOMLNKMHKFFCE28CC,8,95.47,共有部份,鋼筋混凝土造,96年5月9日,二十七層,
RPROMLNKMHKFFCE08CC,9,65.35,住家用,見其它登記事項,95年2月27日,九層,
RPROMLNKMHKFFCE08CC,9,21.86,共有部份,見其它登記事項,95年2月27日,九層,
RPXNMLNKMHKFFGE98CC,5,181.81,見其他登記事項,見其他登記事項,99年9月9日,三層,
RPQOMLNKMHKFFCE97CC,5,79.49,住家用,鋼筋混凝土造,98年12月24日,十九層,
RPTNMLNKMHKFFCE18CC,34,40.09,,鋼筋混凝土造,70年1月22日,十層,
RPTOMLOKMHKFFEE58CC,1,93.78,商業用,見其它登記事項,103年10月6日,一層,
RPXNMLOKMHKFFEE88CC,22,330.58,見使用執照,鋼筋混凝土造,81年11月11日,二十四層,
RPPOMLOKMHKFFDE08CC,20,119.87,住商用,鋼筋混凝土造,84年1月26日,七層,
RPPOMLOKMHKFFDE08CC,20,127.10,住商用,鋼筋混凝土造,84年1月26日,七層,
RPTPMLOKMHKFFAE28CC,25,565.16,商業用,鋼筋混凝土造,79年1月12日,七層,
RPPNMLOKMHKFFBE77CC,29,114.02,,鋼筋混凝土造,75年7月25日,五層,
RPPOMLNKMHKFFBE87DC,38,100.10,,鋼筋混凝土造,66年6月27日,十二層,
RPVNMLOKMHKFFBE38CC,36,78.40,,鋼筋混凝土造,68年1月26日,五層,
RPUOMLOKMHKFFDE58CC,19,367.75,商業用,鋼筋混凝土造,85年2月14日,六層,
RPSNMLPKMHKFFBE18CC,7,28.48,住家用,鋼筋混凝土造,97年9月19日,十三層,
RPSNMLPKMHKFFBE18CC,7,2.59,住家用,鋼筋混凝土造,97年9月19日,十三層,
RPSNMLPKMHKFFBE18CC,7,8.41,共有部分,鋼筋混凝土造,97年9月19日,十三層,
RPSNMLPKMHKFFBE18CC,7,8.58,共有部分,鋼筋混凝土造,97年9月19日,十三層,
RPXNMLPKMHKFFBE68CC,29,102.67,,鋼筋混凝土造,75年8月9日,七層,
RPOOMLPKMHKFFBE87CC,41,55.40,,鋼筋混凝土造,63年10月11日,四層,
RPOOMLPKMHKFFBE87CC,37,55.40,,鋼筋混凝土造,67年10月11日,四層,
RPQOMLPKMHKFFBE08CC,40,92.00,,鋼筋混凝土造,63年9月23日,四層,
RPROMLPKMHKFFBE18CC,9,96.75,住家用,鋼筋混凝土造,94年12月22日,十三層,
RPTNMLPKMHKFFAE18CC,9,279.00,住商用,鋼筋混凝土造,94年11月18日,五層,
RPTNMLPKMHKFFEE58CC,1,52.51,住家用,鋼筋混凝土造,103年3月27日,十五層,
RPTNMLPKMHKFFEE58CC,1,4.50,住家用,鋼筋混凝土造,103年3月27日,十五層,
RPTNMLPKMHKFFEE58CC,1,58.93,見其它登記事項,鋼筋混凝土造,103年3月27日,十五層,
RPQOMLPKMHKFFCE18CC,38,72.50,,鋼筋混凝土造,66年5月21日,四層,
RPSOMLPKMHKFFCE38CC,40,106.18,,鋼筋混凝土造,64年1月22日,四層,
RPVNMLPKMHKFFCE58CC,9,52.63,住家用,鋼筋混凝土造,95年3月2日,十五層,
RPVNMLPKMHKFFCE58CC,9,7.17,住家用,鋼筋混凝土造,95年3月2日,十五層,
RPVNMLPKMHKFFCE58CC,9,42.04,住商用,鋼筋混凝土造,95年3月2日,十五層,
RPUNMLQKMHKFFFE88CC,25,88.60,住商用,鋼筋混凝土造,78年12月30日,五層,
RPUNMLQKMHKFFFE88CC,25,88.60,住商用,鋼筋混凝土造,78年12月30日,五層,
RPVNMLPKMHKFFGE98CC,22,103.92,住家用,鋼筋混凝土造,81年11月10日,十三層,
RPQOMLQKMHKFFEE48CC,7,150.00,見其它登記事項,鋼骨鋼筋混凝土造,97年2月18日,二層,
RPWNMLQKMHKFFDE88CC,20,41.10,住商用,鋼筋混凝土造,83年11月25日,十二層,
RPOPMLQKMHKFFDE28CC,50,130.27,住家用,加強磚造,54年4月4日,二層,
RPOOMLQKMHKFFDE18CC,1,83.62,住商用,鋼筋混凝土造,103年3月12日,十五層,
RPPPMLQKMHKFFDE38CC,14,58.64,住家用,鋼筋混凝土造,90年3月22日,十四層,
RPPPMLQKMHKFFDE38CC,14,18.78,見使用執照,鋼筋混凝土造,90年3月22日,十四層,
RPQOMLQKMHKFFAE08CC,10,55.54,住家用,鋼筋混凝土造,94年9月9日,十四層,
RPQOMLQKMHKFFAE08CC,10,45.12,共有部分,鋼筋混凝土造,94年9月9日,十四層,
RPTPMLQKMHKFFEE88CC,18,144.28,住家用,鋼筋混凝土造,85年10月30日,十二層,
RPVNMLQKMHKFFBE58CC,35,67.03,商業用,鋼筋混凝土造,69年7月11日,五層,
RPVNMLQKMHKFFBE58CC,35,16.74,見其他登記事項,鋼筋混凝土造,69年7月11日,五層,
RPVNMLQKMHKFFAE48CC,29,92.48,,鋼筋混凝土造,75年2月5日,五層,
RPVNMLQKMHKFFAE48CC,29,14.61,,鋼筋混凝土造,75年2月5日,五層,
RPVNMLQKMHKFFAE48CC,29,10.87,見使用執照,鋼筋混凝土造,75年2月5日,五層,
RPSNMLQKMHKFFBE28CC,19,164.00,商業用,鋼骨混凝土造,85年3月26日,二十九層,
RPUNMLRKMHKFFBE58CC,32,84.75,,鋼筋混凝土造,72年1月12日,十二層,
RPUNMLRKMHKFFBE58CC,32,33.80,,鋼筋混凝土造,72年1月12日,十二層,
RPWNMLQKMHKFFBE68CC,18,167.31,住家用,鋼筋混凝土造,86年4月21日,三十五層,
RPROMLRKMHKFFBE38CC,18,75.79,住家用,鋼筋混凝土造,86年4月21日,三十五層,
RPROMLRKMHKFFBE38CC,18,45.94,見使用執照,鋼筋混凝土造,86年4月21日,三十五層,
RPSPMLRKMHKFFEE88CC,13,142.14,見使用執照,見使用執照,91年1月18日,二層,
RPQOMLRKMHKFFDE48CC,22,125.60,商業用,鋼筋混凝土造,82年6月11日,五層,
RPQNMLRKMHKFFGE68CC,36,136.80,住商用,鋼筋混凝土造,68年3月25日,三層,
RPUNMLQKMHKFFBE48CC,18,135.60,住家用,鋼筋混凝土造,86年4月21日,三十五層,
RPVNMLRKMHKFFAE58CC,6,352.21,商業用,鋼筋混凝土造,97年10月1日,二十四層,
RPVNMLRKMHKFFAE58CC,6,352.20,商業用,鋼筋混凝土造,97年10月1日,二十四層,
RPSNMLSKMHKFFCE58CC,28,321.47,,鋼筋混凝土造,75年12月29日,四層,
RPTOMLRKMHKFFEE88CC,9,244.20,見其它登記事項,鋼筋混凝土造,95年1月19日,五層,
RPRNMLKLMHKFFDE87CC,22,28.03,住家用,鋼筋混凝土造,81年12月4日,十二層,
RPWOMLKLMHKFFEE58CC,21,130.18,住家用,鋼筋混凝土造,82年11月10日,十二層,
RPSOMLKLMHKFFDE08CC,38,189.78,,鋼筋混凝土造,66年5月28日,三層,
RPUNMLKLMHKFFAE87CC,25,79.40,見使用執照,鋼筋混凝土造,79年2月16日,十二層,
RPSNMLKLMHKFFDE97CC,,172.16,住商用,鋼筋混凝土造,103年12月17日,十五層,
RPSNMLKLMHKFFDE97CC,,181.98,住商用,鋼筋混凝土造,103年12月17日,十五層,
RPOOMLKLMHKFFBE47CC,25,105.43,,鋼筋混凝土造,79年4月18日,十二層,
RPQOMLKLMHKFFGE18CC,20,144.46,住商用,鋼筋混凝土造,84年9月25日,十五層,
RPQOMLKLMHKFFGE18CC,20,17.36,住商用,鋼筋混凝土造,84年9月25日,十五層,
RPQOMLKLMHKFFBE67CC,39,100.29,,加強磚造,64年11月16日,二層,
RPXNMLKLMHKFFGE78CC,35,72.56,住家用,鋼筋混凝土造,69年8月20日,五層,
RPPOMLLLMHKFFGE18CC,33,279.91,住商用,鋼筋混凝土造,70年11月10日,五層,
RPVOMLKLMHKFFBE18CC,26,103.75,,鋼筋混凝土造,78年1月14日,十七層,
RPPNMLTKMHKFFDE48CC,37,71.81,,鋼筋混凝土造,67年9月23日,五層,
RPQOMLKLMHKFFDE87CC,22,39.13,住家用,鋼筋混凝土造,82年8月26日,十二層,
RPQOMLKLMHKFFDE87CC,22,85.53,住家用,鋼筋混凝土造,82年8月26日,十二層,
RPOPMLLLMHKFFCE77CC,18,91.80,住家用,鋼筋混凝土造,86年2月27日,十四層,
RPUNMLLLMHKFFBE08CC,47,132.47,,加強磚造,57年1月25日,三層,
RPUPMLLLMHKFFCE38CC,1,115.06,住家用,鋼筋混凝土造,103年2月7日,十四層,
RPTOMLLLMHKFFAE97CC,29,296.35,,鋼筋混凝土造,75年2月6日,四層,
RPXOMLLLMHKFFEE78CC,17,32.40,商業用,鋼筋混凝土造,87年2月13日,十四層,
RPPPMLLLMHKFFCE87CC,18,91.80,住家用,鋼筋混凝土造,86年2月27日,十四層,
RPWNMLLLMHKFFBE28CC,37,240.07,,鋼筋混凝土造,66年11月18日,四層,
RPQOMLLLMHKFFAE67CC,43,275.64,,鋼筋混凝土造,61年9月8日,四層,
RPUOMLLLMHKFFDE38CC,21,599.30,住商用,鋼筋混凝土造,83年2月7日,三層,
RPOOMLLLMHKFFAE47CC,25,163.94,商業用,鋼筋混凝土造,79年3月20日,十八層,
RPOOMLLLMHKFFAE47CC,25,42.10,見使用執照,鋼筋混凝土造,79年3月20日,十八層,
RPSNMLMLMHKFFAE87CC,3,83.47,住家用,鋼筋混凝土造,101年9月26日,十五層,
RPSNMLMLMHKFFAE87CC,3,11.19,住家用,鋼筋混凝土造,101年9月26日,十五層,
RPSNMLMLMHKFFAE87CC,3,64.78,見其它登記事項,鋼筋混凝土造,101年9月26日,十五層,
RPQNMLMLMHKFFBE77CC,8,85.92,住家用,鋼筋混凝土造,96年4月13日,十五層,
RPQNMLMLMHKFFBE77CC,8,9.48,住家用,鋼筋混凝土造,96年4月13日,十五層,
RPQNMLMLMHKFFBE77CC,8,50.04,共有部分,鋼筋混凝土造,96年4月13日,十五層,
RPSNMLMLMHKFFEE28CC,1,51.81,住家用,鋼筋混凝土造,103年3月27日,十五層,
RPSNMLMLMHKFFEE28CC,1,5.35,住家用,鋼筋混凝土造,103年3月27日,十五層,
RPSNMLMLMHKFFEE28CC,1,55.55,見其它登記事項,鋼筋混凝土造,103年3月27日,十五層,
RPOOMLMLMHKFFDE87CC,32,98.77,,鋼造,72年3月5日,一層,
RPOOMLMLMHKFFDE87CC,56,143.35,,加強磚造,48年9月7日,三層,
RPWOMLMLMHKFFCE58CC,29,279.45,,鋼筋混凝土造,75年8月26日,四層,
RPPOMLMLMHKFFCE87CC,21,214.16,住商用,鋼筋混凝土造,83年8月9日,十二層,
RPPOMLMLMHKFFCE87CC,21,79.35,住家用,鋼筋混凝土造,83年8月9日,十二層,
RPWNMLMLMHKFFCE48CC,4,31.32,住家用,鋼筋混凝土造,100年1月25日,十五層,
RPWNMLMLMHKFFCE48CC,4,2.84,住家用,鋼筋混凝土造,100年1月25日,十五層,
RPWNMLMLMHKFFCE48CC,4,18.41,見其它登記事項,鋼筋混凝土造,100年1月25日,十五層,
RPPNMLMLMHKFFHE38DC,19,96.49,住商用,鋼筋混凝土造,84年10月24日,四層,
RPVOMLNLMHKFFGE98CC,21,126.57,住商用,鋼筋混凝土造,83年5月17日,十三層,
RPQPMLNLMHKFFBE08CC,20,75.13,住商用,鋼筋混凝土造,83年11月28日,七層,
RPSNMLNLMHKFFDE28CC,11,80.27,住家用,鋼筋混凝土造,93年1月2日,十四層,
RPXPMLMLMHKFFCE78CC,13,506.97,住商用,鋼筋混凝土造,91年6月19日,十四層,
RPRPMLNLMHKFFBE18CC,29,233.23,,鋼筋混凝土造,74年12月10日,五層,
RPSNMLMLMHKFFBE97CC,31,92.39,,鋼筋混凝土造,73年2月29日,十二層,
RPSNMLMLMHKFFBE97CC,31,15.72,,鋼筋混凝土造,73年2月29日,十二層,
RPROMLOLMHKFFEE48CC,2,219.01,住家用,鋼筋混凝土造,102年9月12日,二十七層,
RPOOMLOLMHKFFBE87CC,24,1218.98,見其他登記事項,鋼筋混凝土造,79年12月22日,十二層,
RPVOMLOLMHKFFAE48CC,9,1136.73,見其它登記事項,鋼筋混凝土造,95年9月6日,四層,
RPRNMLPLMHKFFAE08CC,35,85.87,,鋼筋混凝土造,69年7月11日,五層,
RPRNMLNLMHKFFDE18CC,11,80.27,住家用,鋼筋混凝土造,93年1月2日,十四層,
RPVNMLOLMHKFFEE78CC,10,344.35,住商用,鋼筋混凝土造,93年10月27日,二層,
RPPNMLPLMHKFFEE28CC,35,73.71,,鋼筋混凝土造,69年7月1日,五層,
RPUNMLRLMHKFFDE88CC,3,83.42,住商用,鋼筋混凝土造,101年8月13日,五層,
RPXNMLRLMHKFFEE66CC,20,249.59,住商用,鋼筋混凝土造,84年8月15日,四層,
RPWNMLRLMHKFFAE78CC,19,81.16,住商用,鋼筋混凝土造,84年11月29日,十九層,
RPOOMLRLMHKFFDE38CC,39,248.15,,鋼筋混凝土造,65年9月22日,四層,
RPWNMLRLMHKFFBE88CC,34,100.40,,鋼筋混凝土造,69年12月1日,四層,
RPVNMLRLMHKFFDE98CC,1,440.24,住商用,鋼筋混凝土造,103年1月13日,五層,
RPXNMLRLMHKFFBE98CC,18,129.59,住家用,鋼筋混凝土造,86年4月21日,三十五層,
RPOOMLRLMHKFFBE18CC,18,120.60,住家用,鋼筋混凝土造,86年4月21日,三十五層,
RPROMLRLMHKFFBE48CC,52,102.40,,加強磚造,52年4月1日,三層,
RPQNMLRLMHKFFGE78CC,27,96.27,住家用,鋼筋混凝土造,76年10月30日,五層,
RPSPMLRLMHKFFCE78CC,18,105.08,住商用,鋼筋混凝土造,85年11月5日,四層,
RPTPMLSLMHKFFEE66DC,37,98.62,,加強磚造,67年5月2日,二層,
RPWNMLSLMHKFFDE66DC,42,89.00,,加強磚造,62年4月19日,三層,
RPPOMLSLMHKFFGE88CC,33,68.05,住家用,鋼筋混凝土造,71年10月18日,五層,
RPPOMLSLMHKFFGE88CC,33,10.10,見其他登記事項,鋼筋混凝土造,71年10月18日,五層,
RPUNMLSLMHKFFBE78CC,31,170.54,,鋼筋混凝土造,73年6月27日,七層,
RPPNMLSLMHKFFBE28CC,44,212.60,,加強磚造,60年5月1日,三層,
RPQOMLSLMHKFFAE38CC,49,146.04,商業用,加強磚造,55年3月12日,三層,
RPPOMLSLMHKFFBE38CC,24,94.07,,鋼筋混凝土造,79年11月10日,十二層,
RPUNMLSLMHKFFAE68CC,9,186.33,住家用,鋼筋混凝土造,95年1月24日,十五層,
RPSOMLSLMHKFFAE58CC,20,80.38,住家用,鋼筋混凝土造,84年7月7日,二十七層,
RPSOMLSLMHKFFAE58CC,20,32.31,見使用執照,鋼筋混凝土造,84年7月7日,二十七層,
RPTOMLSLMHKFFEE09CC,,132.19,住家用,鋼筋混凝土造,103年11月4日,十五層,
RPTOMLSLMHKFFDE98CC,19,167.02,住商用,鋼筋混凝土造,85年9月6日,十三層,
RPXNMLSLMHKFFDE66CC,41,175.05,,加強磚造,63年5月23日,三層,
RPSQMLSLMHKFFEE56CC,11,399.12,住商用,見使用執照,93年2月4日,四層,
RPWNMLKMMHKFFGE78CC,14,106.23,住家用,鋼筋混凝土造,89年10月20日,十四層,
RPTNMLTLMHKFFAE68CC,25,136.26,商業用,鋼筋混凝土造,79年2月16日,十二層,
RPWNMLTLMHKFFCE56CC,36,471.90,,鋼筋混凝土造,68年1月22日,五層,
RPVOMLTLMHKFFGE96CC,39,142.11,住家用,加強磚造,64年12月17日,四層,
RPPOMLKMMHKFFIE38CC,36,159.24,住商用,鋼筋混凝土造,68年5月25日,三層,
RPPOMLKMMHKFFIE38CC,36,243.11,住商用,鋼筋混凝土造,68年6月29日,三層,
RPTNMLTLMHKFFCE88CC,4,161.60,見其它登記事項,見其它登記事項,100年9月21日,一層,
RPVNMLKMMHKFFAE08CC,2,47.84,住家用,鋼筋混凝土造,101年11月21日,十五層,
RPUQMLTLMHKFFEE86CC,18,84.83,住商用,鋼筋混凝土造,86年7月18日,五層,
RPVOMLKMMHKFFAE18CC,7,355.31,住商用,鋼筋混凝土造,97年8月11日,四層,
RPTOMLTLMHKFFEE56CC,10,33.47,住商用,鋼筋混凝土造,94年7月4日,四層,
RPTOMLTLMHKFFEE56CC,10,64.91,住商用,鋼筋混凝土造,94年7月4日,四層,
RPVNMLKMMHKFFBE18CC,35,74.09,,鋼筋混凝土造,69年2月11日,五層,
RPTOMLTLMHKFFEE56CC,10,64.91,住商用,鋼筋混凝土造,94年7月4日,四層,
RPTOMLTLMHKFFEE56CC,10,64.91,住商用,鋼筋混凝土造,94年7月4日,四層,
RPTOMLTLMHKFFEE56CC,10,15.35,住商用,鋼筋混凝土造,94年7月4日,四層,
RPTOMLTLMHKFFEE56CC,10,35.21,住商用,鋼筋混凝土造,94年7月4日,四層,
RPTOMLTLMHKFFEE56CC,10,26.63,住商用,鋼筋混凝土造,94年7月4日,四層,
RPXNMLKMMHKFFEE68CC,22,91.60,住商用,鋼筋混凝土造,82年6月25日,四層,
RPXNMLKMMHKFFEE68CC,22,91.60,住商用,鋼筋混凝土造,82年6月25日,四層,
RPPNMLKMMHKFFBE57CC,29,93.87,,鋼筋混凝土造,75年3月24日,五層,
RPPNMLKMMHKFFBE57CC,29,15.59,,鋼筋混凝土造,75年3月24日,五層,
