﻿編號,土地區段位置,土地移轉面積平方公尺,使用分區或編定
The serial number,land sector position,land shifting area square meter,the use zoning or compiles and checks
RPXOMLOJKHKFFBH58CB,青芝段,19.18,都市：住
RPSOMLOJKHKFFBH08CB,青芝段,19.30,都市：住
RPXNMLOJKHKFFBH48CB,青芝段,19.30,都市：住
RPROMLOJKHKFFBH97CB,青芝段,19.30,都市：住
RPPOMLOJKHKFFBH77CB,青芝段,19.18,都市：住
RPQOMLOJKHKFFBH87CB,青芝段,19.30,都市：住
RPTOMLOJKHKFFBH18CB,青芝段,19.18,都市：住
RPUOMLOJKHKFFBH28CB,青芝段,19.30,都市：住
RPWOMLOJKHKFFBH48CB,青芝段,19.18,都市：住
RPPPMLOJKHKFFBH87CB,青芝段,19.30,都市：住
RPVOMLOJKHKFFBH38CB,青芝段,19.30,都市：住
RPUPMLOJKHKFFBH38CB,青芝段,19.18,都市：住
RPQPMLOJKHKFFBH97CB,青芝段,19.30,都市：住
RPWPMLOJKHKFFBH58CB,青芝段,19.18,都市：住
RPSPMLOJKHKFFBH18CB,青芝段,19.18,都市：住
RPRPMLOJKHKFFBH08CB,青芝段,19.30,都市：住
RPXPMLOJKHKFFBH68CB,青芝段,30.32,都市：住
RPOQMLOJKHKFFBH87CB,青芝段,19.18,都市：住
RPXQMLOJKHKFFBH78CB,青芝段,29.07,都市：住
RPWQMLOJKHKFFBH68CB,青芝段,28.88,都市：住
RPPQMLOJKHKFFBH97CB,青芝段,30.91,都市：住
RPVQMLOJKHKFFBH58CB,青芝段,19.18,都市：住
RPUQMLOJKHKFFBH48CB,青芝段,19.30,都市：住
RPRQMLOJKHKFFBH18CB,青芝段,30.32,都市：住
RPQQMLOJKHKFFBH08CB,青芝段,30.91,都市：住
RPSQMLOJKHKFFBH28CB,青芝段,19.30,都市：住
RPPRMLOJKHKFFBH08CB,青芝段,18.15,都市：住
RPQRMLOJKHKFFBH18CB,青芝段,30.53,都市：住
RPRRMLOJKHKFFBH28CB,青芝段,19.18,都市：住
RPORMLOJKHKFFBH97CB,青芝段,19.18,都市：住
RPSNMLKKKHKFFCH77CB,五福段,14.78,都市：住
RPTRMLOJKHKFFBH48CB,青芝段,30.91,都市：住
RPURMLOJKHKFFBH58CB,青芝段,19.18,都市：住
RPWNMLKKKHKFFCH18CB,五福段,33.83,都市：住
RPUNMLKKKHKFFCH97CB,五福段,33.83,都市：住
RPOOMLKKKHKFFCH47CB,五福段,33.83,都市：住
RPTNMLKKKHKFFCH87CB,五福段,33.83,都市：住
RPVNMLKKKHKFFCH08CB,五福段,33.83,都市：住
RPQOMLKKKHKFFCH67CB,五福段,33.83,都市：住
RPUOMLKKKHKFFCH08CB,五福段,34.58,都市：住
RPWOMLKKKHKFFCH28CB,五福段,34.58,都市：住
RPPOMLKKKHKFFCH57CB,五福段,33.83,都市：住
RPVOMLKKKHKFFCH18CB,五福段,34.58,都市：住
RPOPMLKKKHKFFCH57CB,五福段,33.33,都市：住
RPROMLKKKHKFFCH77CB,五福段,33.33,都市：住
RPSOMLKKKHKFFCH87CB,五福段,31.32,都市：住
RPXOMLKKKHKFFCH38CB,五福段,34.58,都市：住
RPSPMLKKKHKFFCH97CB,五福段,32.83,都市：住
RPRPMLKKKHKFFCH87CB,五福段,32.83,都市：住
RPUPMLKKKHKFFCH18CB,五福段,23.05,都市：住
RPQPMLKKKHKFFCH77CB,五福段,29.32,都市：住
RPPPMLKKKHKFFCH67CB,五福段,29.32,都市：住
RPXPMLKKKHKFFCH48CB,五福段,23.81,都市：住
RPTPMLKKKHKFFCH08CB,五福段,32.83,都市：住
RPVPMLKKKHKFFCH28CB,五福段,23.05,都市：住
RPOQMLKKKHKFFCH67CB,五福段,23.31,都市：住
RPUQMLKKKHKFFCH28CB,五福段,23.81,都市：住
RPSQMLKKKHKFFCH08CB,五福段,24.31,都市：住
RPPQMLKKKHKFFCH77CB,五福段,24.31,都市：住
RPQQMLKKKHKFFCH87CB,五福段,23.81,都市：住
RPWPMLKKKHKFFCH38CB,五福段,23.31,都市：住
RPTQMLKKKHKFFCH18CB,五福段,23.81,都市：住
RPRQMLKKKHKFFCH97CB,五福段,23.81,都市：住
RPWQMLKKKHKFFCH48CB,五福段,24.31,都市：住
RPVQMLKKKHKFFCH38CB,五福段,23.81,都市：住
RPPVMLMKKHKFFGH88CB,三崇段,18.77,都市：商
RPSVMLMKKHKFFGH56CB,三崇段,20.60,都市：商
RPTVMLMKKHKFFGH66CB,三崇段,17.47,都市：商
RPRVMLMKKHKFFGH09CB,三崇段,20.34,都市：商
RPQVMLMKKHKFFGH98CB,三崇段,17.99,都市：商
RPUVMLMKKHKFFGH76CB,三崇段,14.86,都市：商
RPVVMLMKKHKFFGH86CB,三崇段,17.47,都市：商
RPWVMLMKKHKFFGH96CB,三崇段,18.77,都市：商
RPXQMLKKKHKFFCH58CB,五福段,38.09,都市：住
RPPWMLMKKHKFFGH98CB,三崇段,19.03,都市：商
RPXVMLMKKHKFFGH07CB,三崇段,15.12,都市：商
RPQWMLMKKHKFFGH09CB,三崇段,17.47,都市：商
RPOWMLMKKHKFFGH88CB,三崇段,15.12,都市：商
RPRWMLMKKHKFFGH56CB,三崇段,16.69,都市：商
RPUWMLMKKHKFFGH86CB,三崇段,14.86,都市：商
RPTWMLMKKHKFFGH76CB,三崇段,15.12,都市：商
RPWWMLMKKHKFFGH07CB,三崇段,14.86,都市：商
RPSWMLMKKHKFFGH66CB,三崇段,20.34,都市：商
RPVWMLMKKHKFFGH96CB,三崇段,17.47,都市：商
RPONNLMKKHKFFGH08CB,三崇段,15.38,都市：商
RPXWMLMKKHKFFGH17CB,三崇段,14.86,都市：商
RPPNNLMKKHKFFGH18CB,三崇段,18.77,都市：商
RPSNNLMKKHKFFGH48CB,三崇段,18.77,都市：商
RPRNNLMKKHKFFGH38CB,三崇段,20.60,都市：商
RPQNNLMKKHKFFGH28CB,三崇段,19.03,都市：商
RPTNNLMKKHKFFGH58CB,三崇段,17.47,都市：商
RPWNNLMKKHKFFGH88CB,三崇段,18.77,都市：商
RPVNNLMKKHKFFGH78CB,三崇段,20.34,都市：商
RPUNNLMKKHKFFGH68CB,三崇段,20.34,都市：商
RPXNNLMKKHKFFGH98CB,三崇段,20.86,都市：商
RPOONLMKKHKFFGH18CB,三崇段,14.86,都市：商
RPQONLMKKHKFFGH38CB,三崇段,18.77,都市：商
RPRONLMKKHKFFGH48CB,三崇段,12.78,都市：商
RPPONLMKKHKFFGH28CB,三崇段,18.77,都市：商
RPUONLMKKHKFFGH78CB,三崇段,18.77,都市：商
RPVONLMKKHKFFGH88CB,三崇段,17.47,都市：商
RPXONLMKKHKFFGH09CB,三崇段,20.34,都市：商
RPWONLMKKHKFFGH98CB,三崇段,20.34,都市：商
RPOPNLMKKHKFFGH28CB,三崇段,20.60,都市：商
RPPPNLMKKHKFFGH38CB,三崇段,18.77,都市：商
RPQPNLMKKHKFFGH48CB,三崇段,18.77,都市：商
RPSONLMKKHKFFGH58CB,三崇段,20.34,都市：商
RPTONLMKKHKFFGH68CB,三崇段,15.12,都市：商
RPRPNLMKKHKFFGH58CB,三崇段,20.34,都市：商
RPVPNLMKKHKFFGH98CB,三崇段,17.47,都市：商
RPUPNLMKKHKFFGH88CB,三崇段,20.34,都市：商
RPXPNLMKKHKFFGH56CB,三崇段,16.69,都市：商
RPOQNLMKKHKFFGH38CB,三崇段,18.77,都市：商
RPSPNLMKKHKFFGH68CB,三崇段,17.47,都市：商
RPPQNLMKKHKFFGH48CB,三崇段,20.60,都市：商
RPTPNLMKKHKFFGH78CB,三崇段,17.99,都市：商
RPQQNLMKKHKFFGH58CB,三崇段,19.03,都市：商
RPTQNLMKKHKFFGH88CB,三崇段,16.69,都市：商
RPRQNLMKKHKFFGH68CB,三崇段,17.99,都市：商
RPSQNLMKKHKFFGH78CB,三崇段,15.12,都市：商
RPWPNLMKKHKFFGH09CB,三崇段,17.73,都市：商
RPXQNLMKKHKFFGH66CB,三崇段,16.69,都市：商
RPORNLMKKHKFFGH48CB,三崇段,20.34,都市：商
RPUQNLMKKHKFFGH98CB,三崇段,17.47,都市：商
RPRRNLMKKHKFFGH78CB,三崇段,20.34,都市：商
RPVQNLMKKHKFFGH09CB,三崇段,14.86,都市：商
RPWQNLMKKHKFFGH56CB,三崇段,17.99,都市：商
RPPRNLMKKHKFFGH58CB,三崇段,17.47,都市：商
RPSRNLMKKHKFFGH88CB,三崇段,17.99,都市：商
RPQRNLMKKHKFFGH68CB,三崇段,17.47,都市：商
RPWRNLMKKHKFFGH66CB,三崇段,20.34,都市：商
RPXRNLMKKHKFFGH76CB,三崇段,18.77,都市：商
RPPSNLMKKHKFFGH68CB,三崇段,18.77,都市：商
RPOSNLMKKHKFFGH58CB,三崇段,16.69,都市：商
RPQSNLMKKHKFFGH78CB,三崇段,20.34,都市：商
RPVRNLMKKHKFFGH56CB,三崇段,16.69,都市：商
RPURNLMKKHKFFGH09CB,三崇段,17.99,都市：商
RPTRNLMKKHKFFGH98CB,三崇段,17.99,都市：商
RPRSNLMKKHKFFGH88CB,三崇段,15.12,都市：商
RPSSNLMKKHKFFGH98CB,三崇段,16.69,都市：商
RPXSNLMKKHKFFGH86CB,三崇段,17.47,都市：商
RPVSNLMKKHKFFGH66CB,三崇段,17.47,都市：商
RPTSNLMKKHKFFGH09CB,三崇段,17.47,都市：商
RPWSNLMKKHKFFGH76CB,三崇段,17.47,都市：商
RPOTNLMKKHKFFGH68CB,三崇段,20.60,都市：商
RPRTNLMKKHKFFGH98CB,三崇段,18.77,都市：商
RPPTNLMKKHKFFGH78CB,三崇段,20.60,都市：商
RPUSNLMKKHKFFGH56CB,三崇段,16.69,都市：商
RPQTNLMKKHKFFGH88CB,三崇段,15.12,都市：商
RPTTNLMKKHKFFGH56CB,三崇段,15.12,都市：商
RPXTNLMKKHKFFGH96CB,三崇段,19.03,都市：商
RPWTNLMKKHKFFGH86CB,三崇段,16.69,都市：商
RPSTNLMKKHKFFGH09CB,三崇段,20.60,都市：商
RPUTNLMKKHKFFGH66CB,三崇段,17.99,都市：商
RPQUNLMKKHKFFGH98CB,三崇段,17.47,都市：商
RPVTNLMKKHKFFGH76CB,三崇段,17.47,都市：商
RPRUNLMKKHKFFGH09CB,三崇段,14.86,都市：商
RPOUNLMKKHKFFGH78CB,三崇段,14.86,都市：商
RPPUNLMKKHKFFGH88CB,三崇段,15.12,都市：商
RPOVNLMKKHKFFGH88CB,三崇段,20.34,都市：商
RPTUNLMKKHKFFGH66CB,三崇段,18.77,都市：商
RPSUNLMKKHKFFGH56CB,三崇段,19.03,都市：商
RPXUNLMKKHKFFGH07CB,三崇段,17.99,都市：商
RPUUNLMKKHKFFGH76CB,三崇段,17.47,都市：商
RPVUNLMKKHKFFGH86CB,三崇段,17.47,都市：商
RPWUNLMKKHKFFGH96CB,三崇段,20.34,都市：商
RPPVNLMKKHKFFGH98CB,三崇段,17.47,都市：商
RPQVNLMKKHKFFGH09CB,三崇段,14.86,都市：商
RPPWNLMKKHKFFGH09CB,三崇段,20.60,都市：商
RPUVNLMKKHKFFGH86CB,三崇段,17.99,都市：商
RPRVNLMKKHKFFGH56CB,三崇段,18.77,都市：商
RPWVNLMKKHKFFGH07CB,三崇段,15.12,都市：商
RPSVNLMKKHKFFGH66CB,三崇段,16.95,都市：商
RPXVNLMKKHKFFGH17CB,三崇段,18.25,都市：商
RPOWNLMKKHKFFGH98CB,三崇段,14.86,都市：商
RPVVNLMKKHKFFGH96CB,三崇段,17.99,都市：商
RPTVNLMKKHKFFGH76CB,三崇段,15.12,都市：商
RPUWNLMKKHKFFGH96CB,三崇段,20.60,都市：商
RPTWNLMKKHKFFGH86CB,三崇段,20.34,都市：商
RPSWNLMKKHKFFGH76CB,三崇段,17.47,都市：商
RPQWNLMKKHKFFGH56CB,三崇段,18.77,都市：商
RPRWNLMKKHKFFGH66CB,三崇段,18.77,都市：商
RPVWNLMKKHKFFGH07CB,三崇段,16.69,都市：商
RPONOLMKKHKFFGH18CB,三崇段,15.12,都市：商
RPWWNLMKKHKFFGH17CB,三崇段,18.77,都市：商
RPXWNLMKKHKFFGH27CB,三崇段,20.60,都市：商
RPUNOLMKKHKFFGH78CB,三崇段,17.47,都市：商
RPRNOLMKKHKFFGH48CB,三崇段,15.12,都市：商
RPSNOLMKKHKFFGH58CB,三崇段,17.47,都市：商
RPVNOLMKKHKFFGH88CB,三崇段,14.86,都市：商
RPQNOLMKKHKFFGH38CB,三崇段,17.47,都市：商
RPPNOLMKKHKFFGH28CB,三崇段,18.77,都市：商
RPTNOLMKKHKFFGH68CB,三崇段,16.69,都市：商
RPROOLMKKHKFFGH58CB,三崇段,17.73,都市：商
RPTOOLMKKHKFFGH78CB,三崇段,17.47,都市：商
RPPOOLMKKHKFFGH38CB,三崇段,17.47,都市：商
RPWNOLMKKHKFFGH98CB,三崇段,14.86,都市：商
RPQOOLMKKHKFFGH48CB,三崇段,16.69,都市：商
RPVOOLMKKHKFFGH98CB,三崇段,19.03,都市：商
RPUOOLMKKHKFFGH88CB,三崇段,18.77,都市：商
RPXNOLMKKHKFFGH09CB,三崇段,16.69,都市：商
RPWOOLMKKHKFFGH09CB,三崇段,17.99,都市：商
RPOOOLMKKHKFFGH28CB,三崇段,14.86,都市：商
RPSPOLMKKHKFFGH78CB,三崇段,21.38,都市：商
RPXQOLMKKHKFFGH76CB,金鍊段,21.61,都市：住
RPQPOLMKKHKFFGH58CB,三崇段,17.21,都市：商
RPRPOLMKKHKFFGH68CB,三崇段,24.25,都市：商
RPVPOLMKKHKFFGH09CB,三崇段,16.69,都市：商
RPUPOLMKKHKFFGH98CB,三崇段,19.03,都市：商
RPTPOLMKKHKFFGH88CB,三崇段,12.78,都市：商
RPSNMLNKKHKFFFH38CB,興仁段,19.43,都市：商
RPQNMLNKKHKFFFH18CB,興仁段,19.43,都市：商
RPTNMLNKKHKFFFH48CB,興仁段,19.43,都市：商
RPRNMLNKKHKFFFH28CB,興仁段,19.43,都市：商
RPVNMLNKKHKFFFH68CB,興仁段,19.43,都市：商
RPUNMLNKKHKFFFH58CB,興仁段,20.20,都市：商
RPWQOLMKKHKFFGH66CB,金鍊段,19.02,都市：住
RPQOMLNKKHKFFFH28CB,興仁段,19.43,都市：商
RPOOMLNKKHKFFFH08CB,興仁段,19.43,都市：商
RPSOMLNKKHKFFFH48CB,興仁段,20.98,都市：商
RPXNMLNKKHKFFFH88CB,興仁段,19.43,都市：商
RPWNMLNKKHKFFFH78CB,興仁段,19.43,都市：商
RPROMLNKKHKFFFH38CB,興仁段,19.43,都市：商
RPTOMLNKKHKFFFH58CB,興仁段,19.43,都市：商
RPUOMLNKKHKFFFH68CB,興仁段,19.43,都市：商
RPWOMLNKKHKFFFH88CB,興仁段,19.43,都市：商
RPPPMLNKKHKFFFH28CB,興仁段,19.43,都市：商
RPXOMLNKKHKFFFH98CB,興仁段,19.43,都市：商
RPPOMLNKKHKFFFH18CB,興仁段,19.43,都市：商
RPQPMLNKKHKFFFH38CB,興仁段,19.43,都市：商
RPVOMLNKKHKFFFH78CB,興仁段,19.43,都市：商
RPSPMLNKKHKFFFH58CB,興仁段,19.43,都市：商
RPPQMLNKKHKFFFH38CB,興仁段,13.21,都市：商
RPTPMLNKKHKFFFH68CB,興仁段,14.76,都市：商
RPXPMLNKKHKFFFH09CB,興仁段,13.21,都市：商
RPRPMLNKKHKFFFH48CB,興仁段,19.43,都市：商
RPOQMLNKKHKFFFH28CB,興仁段,13.21,都市：商
RPVPMLNKKHKFFFH88CB,興仁段,13.21,都市：商
RPRQMLNKKHKFFFH58CB,興仁段,13.21,都市：商
RPQQMLNKKHKFFFH48CB,興仁段,13.21,都市：商
RPUPMLNKKHKFFFH78CB,興仁段,13.21,都市：商
RPWQMLNKKHKFFFH09CB,興仁段,13.21,都市：商
RPXQMLNKKHKFFFH56CB,興仁段,13.21,都市：商
RPUQMLNKKHKFFFH88CB,興仁段,13.21,都市：商
RPTQMLNKKHKFFFH78CB,興仁段,13.21,都市：商
RPSRMLNKKHKFFFH78CB,興仁段,19.43,都市：商
RPQRMLNKKHKFFFH58CB,興仁段,13.21,都市：商
RPRRMLNKKHKFFFH68CB,興仁段,19.43,都市：商
RPORMLNKKHKFFFH38CB,興仁段,13.21,都市：商
RPXRMLNKKHKFFFH66CB,興仁段,19.43,都市：商
RPQSMLNKKHKFFFH68CB,興仁段,16.32,都市：商
RPURMLNKKHKFFFH98CB,興仁段,19.43,都市：商
RPPSMLNKKHKFFFH58CB,興仁段,13.21,都市：商
RPTRMLNKKHKFFFH88CB,興仁段,19.43,都市：商
RPWRMLNKKHKFFFH56CB,興仁段,19.43,都市：商
RPOSMLNKKHKFFFH48CB,興仁段,19.43,都市：商
RPUSMLNKKHKFFFH09CB,興仁段,16.32,都市：商
RPXSMLNKKHKFFFH76CB,興仁段,16.32,都市：商
RPVSMLNKKHKFFFH56CB,興仁段,16.32,都市：商
RPSTMLNKKHKFFFH98CB,興仁段,16.32,都市：商
RPRSMLNKKHKFFFH78CB,興仁段,16.32,都市：商
RPQTMLNKKHKFFFH78CB,興仁段,16.32,都市：商
RPPTMLNKKHKFFFH68CB,興仁段,16.32,都市：商
RPTSMLNKKHKFFFH98CB,興仁段,16.32,都市：商
RPOTMLNKKHKFFFH58CB,興仁段,16.32,都市：商
RPWSMLNKKHKFFFH66CB,興仁段,16.32,都市：商
RPTTMLNKKHKFFFH09CB,興仁段,16.32,都市：商
RPRTMLNKKHKFFFH88CB,興仁段,16.32,都市：商
RPUTMLNKKHKFFFH56CB,興仁段,16.32,都市：商
RPXTMLNKKHKFFFH86CB,興仁段,13.21,都市：商
RPPUMLNKKHKFFFH78CB,興仁段,13.21,都市：商
RPQUMLNKKHKFFFH88CB,興仁段,13.21,都市：商
RPVTMLNKKHKFFFH66CB,興仁段,13.99,都市：商
RPSUMLNKKHKFFFH09CB,興仁段,13.21,都市：商
RPVUMLNKKHKFFFH76CB,興仁段,13.21,都市：商
RPOUMLNKKHKFFFH68CB,興仁段,13.21,都市：商
RPUUMLNKKHKFFFH66CB,興仁段,13.21,都市：商
RPWTMLNKKHKFFFH76CB,興仁段,13.21,都市：商
RPTUMLNKKHKFFFH56CB,興仁段,13.21,都市：商
RPRUMLNKKHKFFFH98CB,興仁段,13.21,都市：商
RPXUMLNKKHKFFFH96CB,興仁段,13.21,都市：商
RPOVMLNKKHKFFFH78CB,興仁段,13.21,都市：商
RPUVMLNKKHKFFFH76CB,興仁段,13.21,都市：商
RPSVMLNKKHKFFFH56CB,興仁段,13.21,都市：商
RPWUMLNKKHKFFFH86CB,興仁段,13.21,都市：商
RPPVMLNKKHKFFFH88CB,興仁段,13.21,都市：商
RPWVMLNKKHKFFFH96CB,興仁段,13.21,都市：商
RPXVMLNKKHKFFFH07CB,興仁段,13.21,都市：商
RPRVMLNKKHKFFFH09CB,興仁段,13.21,都市：商
RPQVMLNKKHKFFFH98CB,興仁段,14.76,都市：商
RPVVMLNKKHKFFFH86CB,興仁段,13.21,都市：商
RPOWMLNKKHKFFFH88CB,興仁段,13.21,都市：商
RPPWMLNKKHKFFFH98CB,興仁段,13.21,都市：商
RPTVMLNKKHKFFFH66CB,興仁段,13.21,都市：商
RPTWMLNKKHKFFFH76CB,興仁段,13.21,都市：商
RPUWMLNKKHKFFFH86CB,興仁段,13.21,都市：商
RPSWMLNKKHKFFFH66CB,興仁段,13.21,都市：商
RPPNNLNKKHKFFFH18CB,興仁段,20.98,都市：商
RPQWMLNKKHKFFFH09CB,興仁段,13.21,都市：商
RPWWMLNKKHKFFFH07CB,興仁段,20.98,都市：商
RPXWMLNKKHKFFFH17CB,興仁段,20.98,都市：商
RPRNNLNKKHKFFFH38CB,興仁段,20.98,都市：商
RPVWMLNKKHKFFFH96CB,興仁段,19.43,都市：商
RPSNNLNKKHKFFFH48CB,興仁段,20.98,都市：商
RPVNNLNKKHKFFFH78CB,興仁段,20.98,都市：商
RPQNNLNKKHKFFFH28CB,興仁段,20.98,都市：商
RPOONLNKKHKFFFH18CB,興仁段,20.98,都市：商
RPUNNLNKKHKFFFH68CB,興仁段,20.98,都市：商
RPTNNLNKKHKFFFH58CB,興仁段,20.98,都市：商
RPWNNLNKKHKFFFH88CB,興仁段,20.98,都市：商
RPXNNLNKKHKFFFH98CB,興仁段,20.98,都市：商
RPPONLNKKHKFFFH28CB,興仁段,20.98,都市：商
RPRONLNKKHKFFFH48CB,興仁段,20.20,都市：商
RPXONLNKKHKFFFH09CB,興仁段,13.99,都市：商
RPQONLNKKHKFFFH38CB,興仁段,20.98,都市：商
RPTONLNKKHKFFFH68CB,興仁段,13.99,都市：商
RPVONLNKKHKFFFH88CB,興仁段,13.99,都市：商
RPSONLNKKHKFFFH58CB,興仁段,13.99,都市：商
RPOPNLNKKHKFFFH28CB,興仁段,13.99,都市：商
RPUONLNKKHKFFFH78CB,興仁段,13.99,都市：商
RPSPNLNKKHKFFFH68CB,興仁段,13.99,都市：商
RPQPNLNKKHKFFFH48CB,興仁段,13.99,都市：商
RPWONLNKKHKFFFH98CB,興仁段,13.99,都市：商
RPRPNLNKKHKFFFH58CB,興仁段,13.99,都市：商
RPTPNLNKKHKFFFH78CB,興仁段,13.99,都市：商
RPPPNLNKKHKFFFH38CB,興仁段,13.99,都市：商
RPUPNLNKKHKFFFH88CB,興仁段,13.99,都市：商
RPPNMLOKKHKFFFH18CB,興仁段,24.09,都市：商
RPWNMLOKKHKFFFH88CB,興仁段,24.09,都市：商
RPQNMLOKKHKFFFH28CB,興仁段,24.09,都市：商
RPVNMLOKKHKFFFH78CB,興仁段,24.09,都市：商
RPSNMLOKKHKFFFH48CB,興仁段,24.09,都市：商
RPRNMLOKKHKFFFH38CB,興仁段,24.09,都市：商
RPTNMLOKKHKFFFH58CB,興仁段,24.09,都市：商
RPQOMLOKKHKFFFH38CB,興仁段,24.09,都市：商
RPXNMLOKKHKFFFH98CB,興仁段,24.09,都市：商
RPOOMLOKKHKFFFH18CB,興仁段,24.09,都市：商
RPPOMLOKKHKFFFH28CB,興仁段,24.09,都市：商
RPUNMLOKKHKFFFH68CB,興仁段,24.09,都市：商
RPTOMLOKKHKFFFH68CB,興仁段,20.20,都市：商
RPSOMLOKKHKFFFH58CB,興仁段,20.20,都市：商
RPROMLOKKHKFFFH48CB,興仁段,24.09,都市：商
RPOPMLOKKHKFFFH28CB,興仁段,20.20,都市：商
RPUOMLOKKHKFFFH78CB,興仁段,20.20,都市：商
RPPPMLOKKHKFFFH38CB,興仁段,20.20,都市：商
RPQPMLOKKHKFFFH48CB,興仁段,20.20,都市：商
RPXOMLOKKHKFFFH09CB,興仁段,20.20,都市：商
RPRPMLOKKHKFFFH58CB,興仁段,20.20,都市：商
RPWOMLOKKHKFFFH98CB,興仁段,20.20,都市：商
RPTPMLOKKHKFFFH78CB,興仁段,20.20,都市：商
RPUPMLOKKHKFFFH88CB,興仁段,20.20,都市：商
RPVPMLOKKHKFFFH98CB,興仁段,24.09,都市：商
RPVOMLOKKHKFFFH88CB,興仁段,20.20,都市：商
RPWPMLOKKHKFFFH09CB,興仁段,24.09,都市：商
RPSPMLOKKHKFFFH68CB,興仁段,20.20,都市：商
RPPQMLOKKHKFFFH48CB,興仁段,24.09,都市：商
RPQQMLOKKHKFFFH58CB,興仁段,24.09,都市：商
RPUQMLOKKHKFFFH98CB,興仁段,24.86,都市：商
RPOQMLOKKHKFFFH38CB,興仁段,24.09,都市：商
RPTQMLOKKHKFFFH88CB,興仁段,24.09,都市：商
RPRQMLOKKHKFFFH68CB,興仁段,24.09,都市：商
RPXPMLOKKHKFFFH56CB,興仁段,24.09,都市：商
RPSQMLOKKHKFFFH78CB,興仁段,24.09,都市：商
RPVQMLOKKHKFFFH09CB,興仁段,24.09,都市：商
RPRRMLOKKHKFFFH78CB,興仁段,20.20,都市：商
RPSRMLOKKHKFFFH88CB,興仁段,20.20,都市：商
RPQRMLOKKHKFFFH68CB,興仁段,20.20,都市：商
RPWQMLOKKHKFFFH56CB,興仁段,24.09,都市：商
RPORMLOKKHKFFFH48CB,興仁段,20.20,都市：商
RPVRMLOKKHKFFFH56CB,興仁段,20.20,都市：商
RPXQMLOKKHKFFFH66CB,興仁段,24.09,都市：商
RPXRMLOKKHKFFFH76CB,興仁段,20.20,都市：商
RPOSMLOKKHKFFFH58CB,興仁段,20.20,都市：商
RPPRMLOKKHKFFFH58CB,興仁段,20.20,都市：商
RPURMLOKKHKFFFH09CB,興仁段,20.20,都市：商
RPRSMLOKKHKFFFH88CB,興仁段,13.21,都市：商
RPTRMLOKKHKFFFH98CB,興仁段,20.20,都市：商
RPUSMLOKKHKFFFH56CB,興仁段,13.21,都市：商
RPWRMLOKKHKFFFH66CB,興仁段,20.20,都市：商
RPSSMLOKKHKFFFH98CB,興仁段,13.21,都市：商
RPTSMLOKKHKFFFH09CB,興仁段,13.21,都市：商
RPQSMLOKKHKFFFH78CB,興仁段,17.87,都市：商
RPVSMLOKKHKFFFH66CB,興仁段,13.21,都市：商
RPXSMLOKKHKFFFH86CB,興仁段,13.21,都市：商
RPWSMLOKKHKFFFH76CB,興仁段,13.21,都市：商
RPPSMLOKKHKFFFH68CB,興仁段,20.20,都市：商
RPOTMLOKKHKFFFH68CB,興仁段,13.21,都市：商
RPPTMLOKKHKFFFH78CB,興仁段,13.21,都市：商
RPTTMLOKKHKFFFH56CB,興仁段,13.21,都市：商
RPVTMLOKKHKFFFH76CB,興仁段,19.43,都市：商
RPSTMLOKKHKFFFH09CB,興仁段,13.21,都市：商
RPXTMLOKKHKFFFH96CB,興仁段,19.43,都市：商
RPWTMLOKKHKFFFH86CB,興仁段,19.43,都市：商
RPUTMLOKKHKFFFH66CB,興仁段,18.65,都市：商
RPQTMLOKKHKFFFH88CB,興仁段,13.21,都市：商
RPOUMLOKKHKFFFH78CB,興仁段,19.43,都市：商
RPRTMLOKKHKFFFH98CB,興仁段,13.21,都市：商
RPPUMLOKKHKFFFH88CB,興仁段,19.43,都市：商
RPWUMLOKKHKFFFH96CB,興仁段,19.43,都市：商
RPTUMLOKKHKFFFH66CB,興仁段,19.43,都市：商
RPVUMLOKKHKFFFH86CB,興仁段,19.43,都市：商
RPOVMLOKKHKFFFH88CB,興仁段,15.54,都市：商
RPRUMLOKKHKFFFH09CB,興仁段,19.43,都市：商
RPPVMLOKKHKFFFH98CB,興仁段,15.54,都市：商
RPRVMLOKKHKFFFH56CB,興仁段,15.54,都市：商
RPSVMLOKKHKFFFH66CB,興仁段,15.54,都市：商
RPQUMLOKKHKFFFH98CB,興仁段,19.43,都市：商
RPTVMLOKKHKFFFH76CB,興仁段,15.54,都市：商
RPXVMLOKKHKFFFH17CB,興仁段,15.54,都市：商
RPQVMLOKKHKFFFH09CB,興仁段,15.54,都市：商
RPWVMLOKKHKFFFH07CB,興仁段,15.54,都市：商
RPVVMLOKKHKFFFH96CB,興仁段,15.54,都市：商
RPOWMLOKKHKFFFH98CB,興仁段,15.54,都市：商
RPUUMLOKKHKFFFH76CB,興仁段,19.43,都市：商
RPQWMLOKKHKFFFH56CB,興仁段,15.54,都市：商
RPRWMLOKKHKFFFH66CB,興仁段,15.54,都市：商
RPSUMLOKKHKFFFH56CB,興仁段,19.43,都市：商
RPPWMLOKKHKFFFH09CB,興仁段,15.54,都市：商
RPXUMLOKKHKFFFH07CB,興仁段,19.43,都市：商
RPUVMLOKKHKFFFH86CB,興仁段,15.54,都市：商
RPQNNLOKKHKFFFH38CB,興仁段,19.43,都市：商
RPVWMLOKKHKFFFH07CB,興仁段,19.43,都市：商
RPUWMLOKKHKFFFH96CB,興仁段,19.43,都市：商
RPPNNLOKKHKFFFH28CB,興仁段,19.43,都市：商
RPTWMLOKKHKFFFH86CB,興仁段,19.43,都市：商
RPXWMLOKKHKFFFH27CB,興仁段,19.43,都市：商
RPSWMLOKKHKFFFH76CB,興仁段,19.43,都市：商
RPWWMLOKKHKFFFH17CB,興仁段,19.43,都市：商
RPSNNLOKKHKFFFH58CB,興仁段,19.43,都市：商
RPVNNLOKKHKFFFH88CB,興仁段,19.43,都市：商
RPWNNLOKKHKFFFH98CB,興仁段,19.43,都市：商
RPRNNLOKKHKFFFH48CB,興仁段,19.43,都市：商
RPONNLOKKHKFFFH18CB,興仁段,19.43,都市：商
RPTNNLOKKHKFFFH68CB,興仁段,19.43,都市：商
RPPONLOKKHKFFFH38CB,興仁段,19.43,都市：商
RPUNNLOKKHKFFFH78CB,興仁段,19.43,都市：商
RPSONLOKKHKFFFH68CB,興仁段,19.43,都市：商
RPQONLOKKHKFFFH48CB,興仁段,19.43,都市：商
RPRONLOKKHKFFFH58CB,興仁段,19.43,都市：商
RPVONLOKKHKFFFH98CB,興仁段,19.43,都市：商
RPOONLOKKHKFFFH28CB,興仁段,19.43,都市：商
RPXNNLOKKHKFFFH09CB,興仁段,19.43,都市：商
RPQPNLOKKHKFFFH58CB,興仁段,19.43,都市：商
RPOPNLOKKHKFFFH38CB,興仁段,19.43,都市：商
RPWNMLRKKHKFFGH66CB,金鍊段,21.61,都市：住
RPPOMLRKKHKFFGH68CB,金鍊段,21.61,都市：住
RPPPNLOKKHKFFFH48CB,興仁段,19.43,都市：商
RPVNMLRKKHKFFGH56CB,金鍊段,21.61,都市：住
RPTONLOKKHKFFFH78CB,興仁段,19.43,都市：商
RPWONLOKKHKFFFH09CB,興仁段,19.43,都市：商
RPUONLOKKHKFFFH88CB,興仁段,19.43,都市：商
RPSPNLOKKHKFFFH78CB,興仁段,19.43,都市：商
RPXONLOKKHKFFFH56CB,興仁段,19.43,都市：商
RPQOMLRKKHKFFGH78CB,金鍊段,21.61,都市：住
RPTOMLRKKHKFFGH09CB,金鍊段,21.61,都市：住
RPRPNLOKKHKFFFH68CB,興仁段,13.21,都市：商
RPWOMLRKKHKFFGH76CB,金鍊段,25.21,都市：住
RPSOMLRKKHKFFGH98CB,金鍊段,21.61,都市：住
RPOPMLRKKHKFFGH68CB,金鍊段,25.21,都市：住
RPROMLRKKHKFFGH88CB,金鍊段,.71,都市：住
RPPPMLRKKHKFFGH78CB,金鍊段,25.21,都市：住
RPUOMLRKKHKFFGH56CB,金鍊段,25.21,都市：住
RPXOMLRKKHKFFGH86CB,金鍊段,25.21,都市：住
RPVOMLRKKHKFFGH66CB,金鍊段,25.21,都市：住
RPQPMLRKKHKFFGH88CB,金鍊段,25.21,都市：住
RPRPMLRKKHKFFGH98CB,金鍊段,25.21,都市：住
RPSPMLRKKHKFFGH09CB,金鍊段,25.21,都市：住
RPWPMLRKKHKFFGH07EB,金鍊段,25.21,都市：住
RPVOMLQLKHKFFBH78CB,青平段,30.07,都市：住
RPXOMLQLKHKFFBH98CB,青平段,30.07,都市：住
RPSPMLQLKHKFFBH58CB,青平段,22.70,都市：住
RPTPMLQLKHKFFBH68CB,青平段,28.94,都市：住
RPQPMLQLKHKFFBH38CB,青平段,28.94,都市：住
RPPPMLQLKHKFFBH28CB,青平段,30.07,都市：住
RPWOMLQLKHKFFBH88CB,青平段,30.07,都市：住
RPOPMLQLKHKFFBH18CB,青平段,30.07,都市：住
RPRPMLQLKHKFFBH48CB,青平段,28.94,都市：住
RPUPMLQLKHKFFBH78CB,青平段,28.94,都市：住
RPVPMLQLKHKFFBH88CB,青平段,22.70,都市：住
RPPQMLQLKHKFFBH38CB,青平段,28.94,都市：住
RPOQMLQLKHKFFBH28CB,青平段,28.94,都市：住
RPQQMLQLKHKFFBH48CB,青平段,28.94,都市：住
RPRQMLQLKHKFFBH58CB,青平段,28.94,都市：住
RPSQMLQLKHKFFBH68CB,青平段,28.94,都市：住
RPWPMLQLKHKFFBH98CB,青平段,28.94,都市：住
RPXPMLQLKHKFFBH09CB,青平段,22.70,都市：住
RPUQMLQLKHKFFBH88CB,青平段,28.94,都市：住
RPTQMLQLKHKFFBH78CB,青平段,28.94,都市：住
RPRRMLQLKHKFFBH68CB,青平段,28.94,都市：住
RPTNMLRLKHKFFAH58DB,埔子段北門埔子小段,13.66,都市：商
RPUNMLRLKHKFFAH68DB,埔子段北門埔子小段,5.45,都市：商
RPUNMLRLKHKFFAH68DB,埔子段北門埔子小段,8.18,都市：商
RPWOMLPJLHKFFEH98CB,羊稠段,35.62,都市：住
RPXOMLPJLHKFFEH09CB,羊稠段,35.62,都市：住
RPOPMLPJLHKFFEH28CB,羊稠段,35.62,都市：住
RPQRMLQLKHKFFBH58CB,青平段,28.94,都市：住
RPQPMLPJLHKFFEH48CB,羊稠段,36.63,都市：住
RPRPMLPJLHKFFEH58CB,羊稠段,36.63,都市：住
RPWQMLQLKHKFFBH09CB,青平段,22.70,都市：住
RPTPMLPJLHKFFEH78CB,羊稠段,41.33,都市：住
RPPPMLPJLHKFFEH38CB,羊稠段,35.62,都市：住
RPPRMLQLKHKFFBH48CB,青平段,30.07,都市：住
RPSRMLQLKHKFFBH78CB,青平段,28.94,都市：住
RPORMLQLKHKFFBH38CB,青平段,30.07,都市：住
RPVQMLQLKHKFFBH98CB,青平段,22.70,都市：住
RPSNMLQJLHKFFEH58CB,羊稠段,41.33,都市：住
RPORMLNKLHKFFAH97CB,中埔段,2.39,都市：商
RPORMLNKLHKFFAH97CB,中埔段,5.09,都市：商
RPORMLNKLHKFFAH97CB,中埔段,.47,都市：商
RPORMLNKLHKFFAH97CB,中埔段,.82,都市：商
RPORMLNKLHKFFAH97CB,中埔段,.55,都市：商
RPORMLNKLHKFFAH97CB,中埔段,8.27,都市：商
RPXQMLQLKHKFFBH56CB,青平段,28.94,都市：住
RPVNMLQJLHKFFEH88CB,羊稠段,35.62,都市：住
RPPRMLNKLHKFFAH08CB,中埔段,2.29,都市：商
RPPRMLNKLHKFFAH08CB,中埔段,4.87,都市：商
RPPRMLNKLHKFFAH08CB,中埔段,.45,都市：商
RPPRMLNKLHKFFAH08CB,中埔段,.79,都市：商
RPPRMLNKLHKFFAH08CB,中埔段,.52,都市：商
RPPRMLNKLHKFFAH08CB,中埔段,7.92,都市：商
RPSPMLPJLHKFFEH68CB,羊稠段,36.63,都市：住
RPRRMLNKLHKFFAH28CB,中埔段,2.92,都市：商
RPRRMLNKLHKFFAH28CB,中埔段,6.21,都市：商
RPRRMLNKLHKFFAH28CB,中埔段,.58,都市：商
RPRRMLNKLHKFFAH28CB,中埔段,1.00,都市：商
RPRRMLNKLHKFFAH28CB,中埔段,.67,都市：商
RPRRMLNKLHKFFAH28CB,中埔段,10.09,都市：商
RPQRMLNKLHKFFAH18CB,中埔段,6.07,都市：商
RPQRMLNKLHKFFAH18CB,中埔段,2.85,都市：商
RPQRMLNKLHKFFAH18CB,中埔段,.56,都市：商
RPQRMLNKLHKFFAH18CB,中埔段,.98,都市：商
RPQRMLNKLHKFFAH18CB,中埔段,.65,都市：商
RPQRMLNKLHKFFAH18CB,中埔段,9.87,都市：商
RPRNMLQJLHKFFEH48CB,羊稠段,44.02,都市：住
RPTNMLQJLHKFFEH68CB,羊稠段,41.33,都市：住
RPSRMLNKLHKFFAH38CB,中埔段,2.85,都市：商
RPSRMLNKLHKFFAH38CB,中埔段,6.07,都市：商
RPSRMLNKLHKFFAH38CB,中埔段,.56,都市：商
RPSRMLNKLHKFFAH38CB,中埔段,.98,都市：商
RPSRMLNKLHKFFAH38CB,中埔段,.65,都市：商
RPSRMLNKLHKFFAH38CB,中埔段,9.87,都市：商
RPUNMLQJLHKFFEH78CB,羊稠段,41.33,都市：住
RPWRMLNKLHKFFAH78CB,中埔段,2.40,都市：商
RPWRMLNKLHKFFAH78CB,中埔段,5.11,都市：商
RPWRMLNKLHKFFAH78CB,中埔段,.47,都市：商
RPWRMLNKLHKFFAH78CB,中埔段,.83,都市：商
RPWRMLNKLHKFFAH78CB,中埔段,.55,都市：商
RPWRMLNKLHKFFAH78CB,中埔段,8.30,都市：商
RPURMLNKLHKFFAH58CB,中埔段,2.40,都市：商
RPURMLNKLHKFFAH58CB,中埔段,5.11,都市：商
RPURMLNKLHKFFAH58CB,中埔段,.47,都市：商
RPURMLNKLHKFFAH58CB,中埔段,.83,都市：商
RPURMLNKLHKFFAH58CB,中埔段,.55,都市：商
RPURMLNKLHKFFAH58CB,中埔段,8.30,都市：商
RPPPMLRKLHKFFFH78CB,明智段,35.67,都市：住
RPTPMLRKLHKFFFH56CB,明智段,35.67,都市：住
RPUOMLRKLHKFFFH56CB,明智段,35.67,都市：住
RPRPMLRKLHKFFFH98CB,明智段,35.67,都市：住
RPSPMLRKLHKFFFH09CB,明智段,37.03,都市：住
RPUPMLRKLHKFFFH66CB,明智段,37.03,都市：住
RPQPMLRKLHKFFFH88CB,明智段,35.67,都市：住
RPWOMLRKLHKFFFH76CB,明智段,35.67,都市：住
RPXOMLRKLHKFFFH86CB,明智段,35.67,都市：住
RPOQMLRKLHKFFFH78CB,明智段,37.03,都市：住
RPPQMLRKLHKFFFH88CB,明智段,37.03,都市：住
RPWPMLRKLHKFFFH86CB,明智段,37.03,都市：住
RPOPMLRKLHKFFFH68CB,明智段,35.67,都市：住
RPVPMLRKLHKFFFH76CB,明智段,37.03,都市：住
RPVOMLRKLHKFFFH66CB,明智段,35.67,都市：住
RPXPMLRKLHKFFFH96CB,明智段,37.03,都市：住
RPVQMLRKLHKFFFH86CB,明智段,37.03,都市：住
RPSQMLRKLHKFFFH56CB,明智段,37.03,都市：住
RPUQMLRKLHKFFFH76CB,明智段,37.03,都市：住
RPXQMLRKLHKFFFH07CB,明智段,37.03,都市：住
RPQQMLRKLHKFFFH98CB,明智段,37.03,都市：住
RPTQMLRKLHKFFFH66CB,明智段,37.03,都市：住
RPRQMLRKLHKFFFH09CB,明智段,37.03,都市：住
RPWQMLRKLHKFFFH96CB,明智段,37.03,都市：住
RPQRMLRKLHKFFFH09CB,明智段,42.66,都市：住
RPPRMLRKLHKFFFH98CB,明智段,42.66,都市：住
RPORMLRKLHKFFFH88CB,明智段,42.66,都市：住
RPWRMLRKLHKFFFH07CB,明智段,42.60,都市：住
RPTRMLRKLHKFFFH76CB,明智段,42.66,都市：住
RPRRMLRKLHKFFFH56CB,明智段,42.66,都市：住
RPXRMLRKLHKFFFH17CB,明智段,42.60,都市：住
RPRSMLRKLHKFFFH66CB,明智段,42.60,都市：住
RPVRMLRKLHKFFFH96CB,明智段,42.66,都市：住
RPURMLRKLHKFFFH86CB,明智段,42.66,都市：住
RPUPMLTKLHKFFFH86CB,明智段,41.14,都市：住
RPSPMLTKLHKFFFH66CB,明智段,41.14,都市：住
RPOQMLTKLHKFFFH98CB,明智段,41.14,都市：住
RPOSMLRKLHKFFFH98CB,明智段,42.60,都市：住
RPWQMLTKLHKFFFH17CB,明智段,41.14,都市：住
RPTSMLRKLHKFFFH86CB,明智段,42.60,都市：住
RPSRMLRKLHKFFFH66CB,明智段,42.66,都市：住
RPPSMLRKLHKFFFH09CB,明智段,42.60,都市：住
RPXPMLTKLHKFFFH17CB,明智段,41.14,都市：住
RPSSMLRKLHKFFFH76CB,明智段,42.60,都市：住
RPORMLTKLHKFFFH09CB,明智段,41.14,都市：住
RPVQMLTKLHKFFFH07CB,明智段,41.14,都市：住
RPPRMLTKLHKFFFH56CB,明智段,41.14,都市：住
RPWRMLTKLHKFFFH27CB,明智段,37.03,都市：住
RPSRMLTKLHKFFFH86CB,明智段,41.14,都市：住
RPVPMLTKLHKFFFH96CB,明智段,41.14,都市：住
RPVRMLTKLHKFFFH17CB,明智段,37.03,都市：住
RPRPMLTKLHKFFFH56CB,明智段,41.14,都市：住
RPTRMLTKLHKFFFH96CB,明智段,41.14,都市：住
RPQRMLTKLHKFFFH66CB,明智段,41.14,都市：住
RPPSMLTKLHKFFFH66CB,明智段,37.03,都市：住
RPRTMLTKLHKFFFH96CB,明智段,37.03,都市：住
RPQTMLTKLHKFFFH86CB,明智段,37.03,都市：住
RPOSMLTKLHKFFFH56CB,明智段,37.03,都市：住
RPRSMLTKLHKFFFH86CB,明智段,37.03,都市：住
RPXSMLTKLHKFFFH47CB,明智段,37.03,都市：住
RPOTMLTKLHKFFFH66CB,明智段,37.03,都市：住
RPVSMLTKLHKFFFH27CB,明智段,37.03,都市：住
RPTSMLTKLHKFFFH07CB,明智段,37.03,都市：住
RPWSMLTKLHKFFFH37CB,明智段,37.03,都市：住
RPTUMLTKLHKFFFH27CB,明智段,35.67,都市：住
RPPUMLTKLHKFFFH86CB,明智段,35.67,都市：住
RPRUMLTKLHKFFFH07CB,明智段,35.67,都市：住
RPTTMLTKLHKFFFH17CB,明智段,35.67,都市：住
RPXTMLTKLHKFFFH57CB,明智段,35.67,都市：住
RPUTMLTKLHKFFFH27CB,明智段,35.67,都市：住
RPSUMLTKLHKFFFH17CB,明智段,35.67,都市：住
RPVTMLTKLHKFFFH37CB,明智段,35.67,都市：住
RPWTMLTKLHKFFFH47CB,明智段,35.67,都市：住
RPSTMLTKLHKFFFH07CB,明智段,37.03,都市：住
RPUVMLTKLHKFFFH47CB,明智段,41.14,都市：住
RPPVMLTKLHKFFFH96CB,明智段,35.67,都市：住
RPSVMLTKLHKFFFH27CB,明智段,41.14,都市：住
RPWUMLTKLHKFFFH57CB,明智段,35.67,都市：住
RPTVMLTKLHKFFFH37CB,明智段,41.14,都市：住
RPUUMLTKLHKFFFH37CB,明智段,35.67,都市：住
RPQVMLTKLHKFFFH07CB,明智段,35.67,都市：住
RPOVMLTKLHKFFFH86CB,明智段,35.67,都市：住
RPSWMLTKLHKFFFH37CB,明智段,41.14,都市：住
RPXUMLTKLHKFFFH67CB,明智段,35.67,都市：住
RPTWMLTKLHKFFFH47CB,明智段,41.14,都市：住
RPWVMLTKLHKFFFH67CB,明智段,41.14,都市：住
RPRWMLTKLHKFFFH27CB,明智段,41.14,都市：住
RPVVMLTKLHKFFFH57CB,明智段,41.14,都市：住
RPXVMLTKLHKFFFH77CB,明智段,41.14,都市：住
RPUWMLTKLHKFFFH57CB,明智段,41.14,都市：住
RPONNLTKLHKFFFH78CB,明智段,41.14,都市：住
RPPWMLTKLHKFFFH07CB,明智段,41.14,都市：住
RPVWMLTKLHKFFFH67CB,明智段,41.14,都市：住
RPPNNLTKLHKFFFH88CB,明智段,42.60,都市：住
RPRNNLTKLHKFFFH09CB,明智段,42.60,都市：住
RPTNNLTKLHKFFFH66CB,明智段,42.60,都市：住
RPWWMLTKLHKFFFH77CB,明智段,41.14,都市：住
RPSNNLTKLHKFFFH56CB,明智段,42.60,都市：住
RPOONLTKLHKFFFH88CB,明智段,42.60,都市：住
RPQONLTKLHKFFFH09CB,明智段,42.60,都市：住
RPRONLTKLHKFFFH56CB,明智段,42.60,都市：住
RPWNNLTKLHKFFFH96CB,明智段,42.60,都市：住
RPVNNLTKLHKFFFH86CB,明智段,42.60,都市：住
RPXNNLTKLHKFFFH07CB,明智段,42.60,都市：住
RPTONLTKLHKFFFH76CB,明智段,42.60,都市：住
RPSONLTKLHKFFFH66CB,明智段,42.60,都市：住
RPOPNLTKLHKFFFH98CB,明智段,41.14,都市：住
RPVPNLTKLHKFFFH07CB,明智段,35.67,都市：住
RPQPNLTKLHKFFFH56CB,明智段,37.03,都市：住
RPWPNLTKLHKFFFH17CB,明智段,41.14,都市：住
RPSPNLTKLHKFFFH76CB,明智段,37.03,都市：住
RPUPNLTKLHKFFFH96CB,明智段,35.67,都市：住
RPTPNLTKLHKFFFH86CB,明智段,37.03,都市：住
RPSQNLTKLHKFFFH86CB,明智段,35.67,都市：住
RPXONLTKLHKFFFH17CB,明智段,41.14,都市：住
RPQQNLTKLHKFFFH66CB,明智段,35.67,都市：住
RPTQNLTKLHKFFFH96CB,明智段,35.67,都市：住
RPVQNLTKLHKFFFH17CB,明智段,42.60,都市：住
RPUQNLTKLHKFFFH07CB,明智段,37.03,都市：住
RPRQNLTKLHKFFFH76CB,明智段,35.67,都市：住
RPOQNLTKLHKFFFH09CB,明智段,35.67,都市：住
RPWQNLTKLHKFFFH27CB,明智段,41.14,都市：住
RPVONLTKLHKFFFH96CB,明智段,35.67,都市：住
RPPRNLTKLHKFFFH66CB,明智段,42.60,都市：住
RPORNLTKLHKFFFH56CB,明智段,42.60,都市：住
RPRRNLTKLHKFFFH86CB,明智段,37.03,都市：住
RPSRNLTKLHKFFFH96CB,明智段,37.03,都市：住
RPQRNLTKLHKFFFH76CB,明智段,42.60,都市：住
RPXQNLTKLHKFFFH37CB,明智段,42.60,都市：住
RPXOMLOLLHKFFAH78CB,國強段,21.63,都市：住
RPSOMLOLLHKFFAH28CB,國強段,15.24,都市：住
RPTRNLTKLHKFFFH07CB,明智段,42.66,都市：住
RPVRNLTKLHKFFFH27CB,明智段,35.67,都市：住
RPUOMLOLLHKFFAH48CB,國強段,20.40,都市：住
RPWOMLOLLHKFFAH68CB,國強段,21.63,都市：住
RPURNLTKLHKFFFH17CB,明智段,35.67,都市：住
RPQPMLOLLHKFFAH18CB,國強段,21.63,都市：住
RPPPMLOLLHKFFAH08CB,國強段,21.63,都市：住
RPSPMLOLLHKFFAH38CB,國強段,21.63,都市：住
RPOPMLOLLHKFFAH97CB,國強段,21.63,都市：住
RPQQMLOLLHKFFAH28CB,國強段,15.98,都市：住
RPUOMLMLMHKFFFH09EB,明智段,42.60,都市：住
RPUPMLOLLHKFFAH58CB,國強段,14.99,都市：住
RPWPMLOLLHKFFAH78CB,國強段,20.89,都市：住
RPVOMLMLMHKFFFH56EB,明智段,41.14,都市：住
RPTPMLOLLHKFFAH48CB,國強段,14.99,都市：住
RPRPMLOLLHKFFAH28CB,國強段,21.63,都市：住
RPQOMLRLMHKFFAH48CB,新埔段,28.02,都市：住
RPXNMLRLMHKFFAH09CB,新埔段,28.02,都市：住
RPOOMLRLMHKFFAH28CB,新埔段,28.02,都市：住
RPVPMLOLLHKFFAH68CB,國強段,20.40,都市：住
RPXPMLOLLHKFFAH88CB,國強段,21.63,都市：住
RPRQMLOLLHKFFAH38CB,國強段,21.63,都市：住
RPSOMLRLMHKFFAH68CB,新埔段,28.02,都市：住
RPPOMLRLMHKFFAH38CB,新埔段,28.02,都市：住
RPROMLRLMHKFFAH58CB,新埔段,28.02,都市：住
RPVOMLRLMHKFFAH98CB,新埔段,36.44,都市：住
RPPPMLRLMHKFFAH48CB,新埔段,15.97,都市：住
RPSPMLRLMHKFFAH78CB,新埔段,15.97,都市：住
RPXOMLRLMHKFFAH56CB,新埔段,15.97,都市：住
RPQPMLRLMHKFFAH58CB,新埔段,15.97,都市：住
RPUOMLRLMHKFFAH88CB,新埔段,28.02,都市：住
RPTOMLRLMHKFFAH78CB,新埔段,28.02,都市：住
RPWOMLRLMHKFFAH09CB,新埔段,15.97,都市：住
RPRPMLRLMHKFFAH68CB,新埔段,15.97,都市：住
RPUPMLRLMHKFFAH98CB,新埔段,15.97,都市：住
RPPQMLRLMHKFFAH58CB,新埔段,27.45,都市：住
RPWPMLRLMHKFFAH56CB,新埔段,15.97,都市：住
RPRQMLRLMHKFFAH78CB,新埔段,27.45,都市：住
RPSQMLRLMHKFFAH88CB,新埔段,27.45,都市：住
RPOPMLRLMHKFFAH38CB,新埔段,15.97,都市：住
RPOQMLRLMHKFFAH48CB,新埔段,27.45,都市：住
RPUQMLRLMHKFFAH09CB,新埔段,27.45,都市：住
RPXQMLRLMHKFFAH76CB,新埔段,27.45,都市：住
RPVPMLRLMHKFFAH09CB,新埔段,15.97,都市：住
RPTQMLRLMHKFFAH98CB,新埔段,27.45,都市：住
RPQQMLRLMHKFFAH68CB,新埔段,27.45,都市：住
RPWQMLRLMHKFFAH66CB,新埔段,27.45,都市：住
RPSRMLRLMHKFFAH98CB,新埔段,36.51,都市：住
RPRRMLRLMHKFFAH88CB,新埔段,36.65,都市：住
RPORMLRLMHKFFAH58CB,新埔段,27.45,都市：住
RPWRMLRLMHKFFAH76CB,新埔段,36.44,都市：住
RPPRMLRLMHKFFAH68CB,新埔段,27.53,都市：住
RPTRMLRLMHKFFAH09CB,新埔段,36.51,都市：住
RPXRMLRLMHKFFAH86CB,新埔段,36.51,都市：住
RPURMLRLMHKFFAH56CB,新埔段,36.51,都市：住
RPVRMLRLMHKFFAH66CB,新埔段,36.51,都市：住
RPOSMLRLMHKFFAH68CB,新埔段,36.51,都市：住
RPOTMLRLMHKFFAH78CB,新埔段,36.30,都市：住
RPVSMLRLMHKFFAH76CB,新埔段,36.72,都市：住
RPTSMLRLMHKFFAH56CB,新埔段,36.72,都市：住
RPPSMLRLMHKFFAH78CB,新埔段,36.51,都市：住
RPUSMLRLMHKFFAH66CB,新埔段,36.72,都市：住
RPSSMLRLMHKFFAH09CB,新埔段,36.72,都市：住
RPRSMLRLMHKFFAH98CB,新埔段,36.72,都市：住
RPWSMLRLMHKFFAH86CB,新埔段,36.30,都市：住
RPPTMLRLMHKFFAH88CB,新埔段,36.30,都市：住
RPQSMLRLMHKFFAH88CB,新埔段,36.72,都市：住
RPXSMLRLMHKFFAH96CB,新埔段,36.30,都市：住
RPQTMLRLMHKFFAH98CB,新埔段,36.30,都市：住
RPRTMLRLMHKFFAH09CB,新埔段,36.30,都市：住
RPSTMLRLMHKFFAH56CB,新埔段,36.30,都市：住
RPVTMLRLMHKFFAH86CB,新埔段,36.30,都市：住
RPUTMLRLMHKFFAH76CB,新埔段,36.30,都市：住
RPTTMLRLMHKFFAH66CB,新埔段,36.30,都市：住
RPSUMLRLMHKFFAH66CB,新埔段,36.08,都市：住
RPWUMLRLMHKFFAH07CB,新埔段,36.08,都市：住
RPUUMLRLMHKFFAH86CB,新埔段,36.08,都市：住
RPWTMLRLMHKFFAH96CB,新埔段,36.23,都市：住
RPOUMLRLMHKFFAH88CB,新埔段,36.08,都市：住
RPXTMLRLMHKFFAH07CB,新埔段,36.30,都市：住
RPXUMLRLMHKFFAH17CB,新埔段,36.08,都市：住
RPTUMLRLMHKFFAH76CB,新埔段,36.08,都市：住
RPVVMLRLMHKFFAH07CB,新埔段,46.28,都市：住
RPQUMLRLMHKFFAH09CB,新埔段,36.08,都市：住
RPPUMLRLMHKFFAH98CB,新埔段,36.08,都市：住
RPUVMLRLMHKFFAH96CB,新埔段,46.35,都市：住
RPXVMLRLMHKFFAH27CB,新埔段,46.28,都市：住
RPRUMLRLMHKFFAH56CB,新埔段,36.08,都市：住
RPOWMLRLMHKFFAH09CB,新埔段,46.28,都市：住
RPOVMLRLMHKFFAH98CB,新埔段,36.08,都市：住
RPSVMLRLMHKFFAH76CB,新埔段,46.28,都市：住
RPTWMLRLMHKFFAH96CB,新埔段,45.64,都市：住
RPQWMLRLMHKFFAH66CB,新埔段,50.92,都市：住
RPPWMLRLMHKFFAH56CB,新埔段,41.86,都市：住
RPSWMLRLMHKFFAH86CB,新埔段,45.64,都市：住
RPTVMLRLMHKFFAH86CB,新埔段,46.28,都市：住
RPRWMLRLMHKFFAH76CB,新埔段,45.57,都市：住
RPVWMLRLMHKFFAH17CB,新埔段,45.57,都市：住
RPXWMLRLMHKFFAH37CB,新埔段,45.57,都市：住
RPWWMLRLMHKFFAH27CB,新埔段,45.64,都市：住
RPQNNLRLMHKFFAH48CB,新埔段,45.57,都市：住
RPUWMLRLMHKFFAH07CB,新埔段,45.57,都市：住
RPONNLRLMHKFFAH28CB,新埔段,45.57,都市：住
RPRNNLRLMHKFFAH58CB,新埔段,46.35,都市：住
RPVNNLRLMHKFFAH98CB,新埔段,46.35,都市：住
RPPNNLRLMHKFFAH38CB,新埔段,41.22,都市：住
RPWNNLRLMHKFFAH09CB,新埔段,46.28,都市：住
RPXNNLRLMHKFFAH56CB,新埔段,46.35,都市：住
RPOONLRLMHKFFAH38CB,新埔段,46.35,都市：住
RPUNNLRLMHKFFAH88CB,新埔段,42.36,都市：住
RPSNNLRLMHKFFAH68CB,新埔段,46.28,都市：住
RPTNNLRLMHKFFAH78CB,新埔段,46.28,都市：住
RPPONLRLMHKFFAH48CB,新埔段,46.28,都市：住
RPSONLRLMHKFFAH78CB,新埔段,46.28,都市：住
RPRONLRLMHKFFAH68CB,新埔段,46.35,都市：住
RPQONLRLMHKFFAH58CB,新埔段,46.28,都市：住
RPTONLRLMHKFFAH88CB,新埔段,46.35,都市：住
RPVONLRLMHKFFAH09CB,新埔段,46.35,都市：住
RPWONLRLMHKFFAH56CB,新埔段,46.35,都市：住
RPSPNLRLMHKFFAH88CB,新埔段,38.15,都市：住
RPUONLRLMHKFFAH98CB,新埔段,42.36,都市：住
RPPPNLRLMHKFFAH58CB,新埔段,74.59,都市：住
RPRPNLRLMHKFFAH78CB,新埔段,53.55,都市：住
RPXONLRLMHKFFAH66CB,新埔段,46.35,都市：住
RPQPNLRLMHKFFAH68CB,新埔段,55.76,都市：住
RPOPNLRLMHKFFAH48CB,新埔段,46.35,都市：住
RPTPNLRLMHKFFAH98CB,新埔段,38.15,都市：住
