﻿編號,土地區段位置,土地移轉面積平方公尺,使用分區或編定
The serial number,land sector position,land shifting area square meter,the use zoning or compiles and checks
RPPNMLOJKHKFFAI77EA,彌陀段,30.72,都市：住
RPSPMLQKKHKFFAI38CA,竹圍子段中興小段,14.62,都市：住
RPUOMLLKKHKFFAI97CA,埤子頭段新厝小段,92.00,都市：住
RPUOMLQLKHKFFAI58CA,中庄段,23.46,都市：住
RPUOMLQLKHKFFAI58CA,中庄段,106.00,都市：住
RPXPMLRKKHKFFAI98CA,竹圍子段,3.84,都市：其他
RPSOMLQLKHKFFAI38CA,中庄段,131.00,都市：住
RPSOMLQLKHKFFAI38CA,中庄段,23.46,都市：住
RPSOMLQLKHKFFAI38CA,中庄段,1.00,都市：其他
RPSOMLQLKHKFFAI38CA,中庄段,11.00,都市：其他
RPTOMLQLKHKFFAI48CA,中庄段,23.46,都市：住
RPTOMLQLKHKFFAI48CA,中庄段,105.00,都市：住
RPOOMLMKKHKFFAI47CA,劉厝段劉厝小段,76.00,都市：住
RPUNMLMKKHKFFAI97CA,東門段四小段,87.00,都市：住
RPVOMLQLKHKFFAI68CA,中庄段,23.46,都市：住
RPVOMLQLKHKFFAI68CA,中庄段,98.00,都市：住
RPWNMLOJKHKFFAI48EA,下路頭段,83.00,都市：住
RPPOMLQJKHKFFAI08EA,短竹段,87.00,都市：商
RPQOMLNKKHKFFAI97EA,堀川段,18.00,都市：住
RPQOMLNKKHKFFAI97EA,堀川段,12.00,都市：住
RPQOMLNKKHKFFAI97EA,堀川段,2.00,都市：住
RPQOMLNKKHKFFAI97EA,堀川段,74.00,都市：住
RPQOMLNKKHKFFAI97EA,堀川段,11.00,都市：住
RPQOMLNKKHKFFAI97EA,堀川段,4.00,都市：住
RPQOMLNKKHKFFAI97EA,堀川段,24.00,都市：住
RPQOMLNKKHKFFAI97EA,堀川段,17.00,都市：住
RPQOMLNKKHKFFAI97EA,堀川段,6.00,都市：住
RPQOMLNKKHKFFAI97EA,堀川段,6.00,都市：住
RPQOMLNKKHKFFAI97EA,堀川段,13.00,都市：住
RPQOMLNKKHKFFAI97EA,堀川段,12.00,都市：住
RPUNMLPJKHKFFAI38EA,港子坪段港坪小段,10.00,都市：住
RPVNMLQJKHKFFAI48DA,竹圍子段,91.00,都市：住
RPOOMLQJKHKFFAI97EA,元段五小段,62.00,都市：商
RPPOMLOJKHKFFAI87EA,崎頂段,108.00,都市：住
RPTOMLNKKHKFFAI08CA,新厝段,435.29,都市：農
RPTOMLNKKHKFFAI08CA,新厝段,57.43,都市：農
RPTOMLNKKHKFFAI08CA,新厝段,265.43,都市：農
RPTOMLNKKHKFFAI08CA,新厝段,334.57,都市：農
RPQPMLLKKHKFFAI67CA,竹圍子段一小段,15.76,都市：住
RPPNMLPJKHKFFAI67CA,北門段四小段,101.00,都市：住
RPSOMLPLKHKFFAI28CA,彌陀段,89.00,都市：住
RPOPMLTJKHKFFAI18CA,盧厝段,30.96,都市：住
RPROMLPLKHKFFAI18CA,埤子頭段,76.00,都市：住
RPWNMLKKKHKFFAI97CA,劉厝段玉山小段,175.50,都市：住
RPQOMLTJKHKFFAI28CA,頂庄段,525.00,都市：農
RPQOMLTJKHKFFAI28CA,頂庄段,3.85,都市：農
RPQOMLTJKHKFFAI28CA,頂庄段,80.00,都市：農
RPQOMLTJKHKFFAI28CA,頂庄段,.77,都市：農
RPSOMLTJKHKFFAI48CA,頂庄段,525.00,都市：農
RPSOMLTJKHKFFAI48CA,頂庄段,3.85,都市：農
RPSOMLTJKHKFFAI48CA,頂庄段,80.00,都市：農
RPSOMLTJKHKFFAI48CA,頂庄段,.77,都市：農
RPOOMLRJKHKFFAI87CA,港子坪段港坪小段,17.68,都市：住
RPPNMLQJKHKFFAI77CA,頂庄段,439.00,都市：農
RPPNMLQJKHKFFAI77CA,頂庄段,3.85,都市：農
RPPNMLQJKHKFFAI77CA,頂庄段,80.00,都市：農
RPPNMLQJKHKFFAI77CA,頂庄段,.77,都市：農
RPPOMLRJKHKFFAI97CA,北社尾段保安小段,93.00,都市：住
RPPOMLRJKHKFFAI97CA,北社尾段保安小段,94.00,都市：住
RPWNMLPJKHKFFAI38CA,竹圍子段,63.00,都市：住
RPWNMLPJKHKFFAI38CA,竹圍子段,17.00,都市：住
RPQNMLQJKHKFFAI87CA,頂庄段,525.00,都市：農
RPQNMLQJKHKFFAI87CA,頂庄段,525.00,都市：農
RPQNMLQJKHKFFAI87CA,頂庄段,7.69,都市：農
RPQNMLQJKHKFFAI87CA,頂庄段,160.01,都市：農
RPQNMLQJKHKFFAI87CA,頂庄段,1.54,都市：農
RPQPMLTJKHKFFAI38CA,頂庄段,525.00,都市：農
RPQPMLTJKHKFFAI38CA,頂庄段,3.85,都市：農
RPQPMLTJKHKFFAI38CA,頂庄段,80.00,都市：農
RPQPMLTJKHKFFAI38CA,頂庄段,.77,都市：農
RPVPMLTJKHKFFAI88CA,西門段三小段,17.00,都市：商
RPVPMLTJKHKFFAI88CA,西門段三小段,67.00,都市：商
RPQNMLPJKHKFFAI77CA,檜段四小段,21.00,都市：住
RPXNMLNKKHKFFAI58EA,埤子頭段,15.18,都市：住
RPXNMLNKKHKFFAI58EA,埤子頭段,.91,都市：住
RPXNMLNKKHKFFAI58EA,埤子頭段,.07,都市：住
RPXNMLNKKHKFFAI58EA,埤子頭段,.18,都市：住
RPXNMLNKKHKFFAI58EA,埤子頭段,.59,都市：住
RPXNMLNKKHKFFAI58EA,埤子頭段,.93,都市：住
RPXNMLNKKHKFFAI58EA,埤子頭段,.01,都市：住
RPXNMLNKKHKFFAI58EA,埤子頭段,.09,都市：其他
RPXNMLNKKHKFFAI58EA,埤子頭段,30.81,都市：住
RPXNMLNKKHKFFAI58EA,埤子頭段,.09,都市：其他
RPXNMLNKKHKFFAI58EA,埤子頭段,.04,都市：其他
RPXNMLNKKHKFFAI58EA,埤子頭段,.06,都市：住
RPXNMLNKKHKFFAI58EA,埤子頭段,.04,都市：住
RPXNMLNKKHKFFAI58EA,埤子頭段,.17,都市：其他
RPPNMLMLKHKFFAI57CA,溪厝段,2482.32,都市：農
RPPPMLLKKHKFFAI57CA,竹圍子段二小段,4.08,都市：商
RPPOMLMKKHKFFAI57CA,下路頭段,26.00,都市：住
RPPOMLMKKHKFFAI57CA,下路頭段,48.00,都市：住
RPPOMLMKKHKFFAI57CA,下路頭段,8.00,都市：住
RPPOMLMKKHKFFAI57CA,下路頭段,2.00,都市：住
RPTNMLRKKHKFFAI38CA,湖子內段湖內小段,2338.00,都市：農
RPTNMLRKKHKFFAI38CA,湖子內段湖內小段,637.00,都市：農
RPXNMLMKKHKFFAI28CA,港子坪段港坪小段,19.57,都市：住
RPQPMLQKKHKFFAI18CA,車店段車店小段,121.00,都市：住
RPSNMLQJKHKFFAI08CA,玉川段,48.00,都市：其他
RPTNMLKKKHKFFAI87EA,北社尾段,3.00,都市：住
RPTNMLKKKHKFFAI87EA,北社尾段,99.00,都市：住
RPQNMLMLKHKFFAI67CA,元段六小段,51.00,都市：商
RPQNMLMLKHKFFAI67CA,元段六小段,4.50,都市：商
RPQNMLMLKHKFFAI67CA,元段六小段,1.50,都市：商
RPQNMLMLKHKFFAI67CA,元段六小段,47.00,都市：商
RPXNMLQJKHKFFAI78EA,車店段車店小段,6.12,都市：住
RPXNMLOJLHKFFAI68EA,竹圍子段,84.00,都市：住
RPSNMLMJLHKFFAI97EA,竹圍子段二小段,9.14,都市：住
RPSNMLTJKHKFFAI58EA,中山段六小段,64.00,都市：住
RPPNMLOKKHKFFAI67CA,盧厝段,90.00,都市：住
RPPOMLRKKHKFFAI08CA,下路頭段,123.00,都市：住
RPPOMLRKKHKFFAI08CA,下路頭段,6.00,都市：住
RPWNMLOLKHKFFAI48CA,白川段,59.00,都市：住
RPUOMLTJKHKFFAI68CA,竹圍子段,9.25,都市：其他
RPVNMLTJKHKFFAI88EA,興村段,20.64,都市：住
RPQOMLRJKHKFFAI08CA,埤子頭段,21.52,都市：住
RPPOMLOLKHKFFAI87CA,湖內段,23.89,都市：住
RPTNMLNJLHKFFAI97CA,白川段,34.15,都市：住
RPPNMLRJLHKFFAI97CA,劉厝段玉山小段,109.81,都市：住
RPWOMLTJKHKFFAI09EA,西門段六小段,2.99,都市：商
RPWOMLTJKHKFFAI09EA,西門段六小段,.93,都市：商
RPRNMLTJKHKFFAI48EA,遠東段,16.80,都市：住
RPTOMLTJKHKFFAI78EA,同興段,19.14,都市：其他
RPXPMLTJKHKFFAI66EA,彌陀段,104.00,都市：住
RPWPMLTJKHKFFAI56EA,中山段七小段,3.11,都市：住
RPPNMLMKKHKFFAI67EA,竹圍子段,40.00,都市：住
RPSOMLRKKHKFFAI38CA,劉厝段玉山小段,140.18,都市：住
RPSNMLMLKHKFFAI87CA,溪厝段,2099.05,都市：農
RPSNMLMLKHKFFAI87CA,溪厝段,188.94,都市：農
RPWNMLQKKHKFFAI58CA,下路頭段,19.01,都市：住
RPWNMLQKKHKFFAI58CA,下路頭段,.08,都市：住
RPWNMLQKKHKFFAI58CA,下路頭段,66.00,都市：住
RPSOMLRJRHKFFAI98CA,長竹段,120.00,都市：住
RPSNMLKKKHKFFAI77EA,白川段,56.00,都市：住
RPRNMLQKKHKFFAI08CA,軍輝段,72.00,都市：住
RPRNMLMLKHKFFAI77CA,大溪段,3377.92,都市：農
RPPOMLKKKHKFFAI37CA,下路頭段,210.00,都市：住
RPOOMLKKKHKFFAI27CA,短竹段,14.05,都市：住
RPUNMLNKKHKFFAI08CA,車店段車店小段,14.36,都市：住
RPTNMLQLKHKFFAI58EA,埤子頭段,29.83,都市：住
RPQOMLKKKHKFFAI47CA,西門段六小段,6.03,都市：商
RPQOMLKKKHKFFAI47CA,西門段六小段,10.33,都市：商
RPVNMLNLKHKFFAI28CA,西門段六小段,65.00,都市：住
RPVNMLRJLHKFFAI58CA,盧東段,29.47,都市：住
RPVNMLRJLHKFFAI58CA,盧東段,100.82,都市：住
RPRNMLLKKHKFFAI57CA,埤子頭段,8.96,都市：住
RPQNMLRJLHKFFAI08CA,新富段八小段,9.17,都市：商
RPSOMLTJLHKFFAI58CA,東川段,12.44,都市：住
RPQNMLRJLHKFFAI08CA,末廣段一小段,.28,都市：商
RPQNMLLKKHKFFAI47CA,下路頭段,78.00,都市：住
RPUNMLNLKHKFFAI18CA,湖內段,21.68,都市：住
RPTNMLNLKHKFFAI08CA,竹圍子段,28.19,都市：住
RPWNMLPLKHKFFAI58CA,車店段車店小段,10.88,都市：住
RPXOMLLKKHKFFAI28CA,東川段,123.00,都市：住
RPQNMLNKKHKFFAI67CA,車店段,8.58,都市：住
RPOOMLRKKHKFFAI97CA,北社尾段,111.00,都市：住
RPQOMLMKKHKFFAI67CA,埤子頭段,6.00,都市：住
RPQOMLMKKHKFFAI67CA,埤子頭段,30.00,都市：住
RPQOMLMKKHKFFAI67CA,埤子頭段,.63,都市：住
RPWOMLLKKHKFFAI28DA,下路頭段,71.00,都市：住
RPPOMLQKKHKFFAI97CA,竹圍子段三小段,22.85,都市：住
RPQNMLQKKHKFFAI18EA,港子坪段,143.50,都市：工
RPROMLNKKHKFFAI87CA,堀川段,199.00,都市：住
RPROMLNKKHKFFAI87CA,堀川段,20.00,都市：其他
RPTNMLMKKHKFFAI08EA,下埤段,2400.67,都市：農
RPWNMLNKKHKFFAI48EA,埤子頭段,43.81,都市：住
RPWNMLNLKHKFFAI38CA,遠東段,82.00,都市：住
RPWNMLNLKHKFFAI38CA,遠東段,17.33,都市：住
RPWNMLNLKHKFFAI38CA,遠東段,.64,都市：住
RPXOMLQKKHKFFAI78CA,竹圍子段二小段,43.36,都市：商
RPPNMLQLKHKFFAI18EA,新厝段,89.00,都市：住
RPOPMLLKKHKFFAI67EA,下路頭段,3.26,都市：住
RPQNMLMKKHKFFAI77EA,太平段,90.00,都市：住
RPSNMLMKKHKFFAI97EA,北社尾段,8.27,都市：住
RPQNMLNLKHKFFAI77CA,埤子頭段,100.00,都市：住
RPOPMLQKKHKFFAI97CA,車店段車店小段,84.00,都市：住
RPPPMLRKKHKFFAI18CA,車店段,34.51,都市：其他
RPPPMLRKKHKFFAI18CA,白川段,3.27,都市：住
RPOOMLLKLHKFFAI67EA,榮段四小段,2.75,都市：商
RPOOMLLKLHKFFAI67EA,榮段四小段,18.06,都市：商
RPUOMLMKKHKFFAI08CA,後庄段,26.81,都市：住
RPUOMLMKKHKFFAI08CA,後庄段,114.00,都市：住
RPTNMLQKKHKFFAI28CA,後庄段,6.82,都市：住
RPTNMLQKKHKFFAI28CA,後庄段,87.00,都市：住
RPOOMLOJLHKFFAI67CA,同興段,59.45,都市：住
RPXNMLNLKHKFFAI48CA,車店段車店小段,46.00,都市：住
RPUOMLNJLHKFFAI18CA,檜段一小段,17.35,都市：住
RPUOMLNJLHKFFAI18CA,檜段二小段,26.24,都市：住
RPPOMLOJLHKFFAI77CA,同興段,18.81,都市：住
RPUNMLOJLHKFFAI18CA,竹圍子段,7.00,都市：商
RPUNMLOJLHKFFAI18CA,竹圍子段,96.00,都市：商
RPPNMLNJLHKFFAI57CA,竹圍子段二小段,6.23,都市：住
RPVNMLNKKHKFFAI18CA,港子坪段港坪小段,109.00,都市：住
RPXNMLQJLHKFFAI68CA,長竹段,20.00,都市：住
RPXNMLQJLHKFFAI68CA,長竹段,.60,都市：住
RPXNMLQJLHKFFAI68CA,長竹段,127.00,都市：住
RPXNMLQJLHKFFAI68CA,長竹段,22.12,都市：住
RPXNMLQJLHKFFAI68CA,長竹段,5.75,都市：住
RPSOMLNJLHKFFAI97CA,頂庄段,80.00,都市：住
RPVNMLQLKHKFFAI58CA,北社尾段保安小段,258.00,都市：住
RPVNMLQLKHKFFAI58CA,北社尾段保安小段,129.00,都市：住
RPOOMLNLKHKFFAI67CA,西門段四小段,309.00,都市：商
RPTNMLMJLHKFFAI87CA,竹圍子段二小段,9.56,都市：住
RPWPMLRKKHKFFAI88CA,短竹段,5.48,都市：住
RPRNMLNLKHKFFAI87CA,港子坪段港坪小段,32.29,都市：住
RPWOMLQKKHKFFAI68CA,車店段車店小段,33.78,都市：住
RPQNMLKKLHKFFAI47CA,東川段,148.00,都市：住
RPQNMLKKLHKFFAI47CA,東川段,117.00,都市：住
RPSNMLNLKHKFFAI97CA,彌陀段,88.00,都市：住
RPROMLNJLHKFFAI87CA,荖藤段,99.00,都市：住
RPXNMLRKKHKFFAI78CA,太平段,14.48,都市：住
RPXOMLTJLHKFFAI09CA,港子坪段港坪小段,32.29,都市：住
RPPNMLQKKHKFFAI08EA,溪東段,2201.89,都市：農
RPOOMLOLKHKFFAI77CA,軍輝段,85.00,都市：住
RPROMLOLKHKFFAI08CA,台斗坑段,9.15,都市：住
RPPNMLNKKHKFFAI77EA,元段七小段,69.00,都市：商
RPPNMLNLKHKFFAI67CA,盧厝段,32.28,都市：住
RPPNMLRKKHKFFAI18EA,白川段,73.00,都市：住
RPWNMLKKLHKFFAI08CA,彌陀段,121.00,都市：住
RPTNMLNKKHKFFAI18EA,台斗坑段,70.00,都市：住
RPSOMLNKKHKFFAI18EA,埤子頭段新厝小段,36.33,都市：住
RPWOMLRKKHKFFAI78CA,遠東段,624.00,都市：住
RPWOMLRKKHKFFAI78CA,遠東段,286.00,都市：住
RPWOMLRKKHKFFAI78CA,遠東段,3623.00,都市：住
RPWOMLRKKHKFFAI78CA,遠東段,84.00,都市：住
RPROMLKKLHKFFAI67CA,北門段七小段,.97,都市：住
RPROMLKKLHKFFAI67CA,北門段七小段,1.19,都市：住
RPROMLKKLHKFFAI67CA,北門段七小段,2.06,都市：住
RPSOMLKKLHKFFAI77CA,後庄段,94.00,都市：住
RPTOMLTJLHKFFAI68CA,北社尾段保安小段,4.76,都市：住
RPTOMLTJLHKFFAI68CA,北社尾段保安小段,6.18,都市：住
RPRPMLRKKHKFFAI38CA,盧厝段,43.33,都市：住
RPWNMLRKKHKFFAI68CA,竹圍子段,25.27,都市：住
RPSNMLQKKHKFFAI18CA,遠東段,5.00,都市：住
RPSNMLQKKHKFFAI18CA,遠東段,2.50,都市：住
RPSNMLQKKHKFFAI18CA,遠東段,.62,都市：住
RPSNMLQKKHKFFAI18CA,遠東段,60.00,都市：住
RPUPMLRKKHKFFAI88EA,車店段,11.21,都市：住
RPUOMLQKKHKFFAI48CA,港子坪段港坪小段,25.69,都市：住
RPOOMLPLKHKFFAI87CA,港子坪段,93.00,都市：住
RPVOMLOLKHKFFAI48CA,竹圍子段,590.00,都市：住
RPTOMLNJLHKFFAI08CA,太平段,75.00,都市：住
RPTOMLNJLHKFFAI08CA,太平段,18.20,都市：住
RPQOMLPLKHKFFAI08CA,短竹段,5.48,都市：住
RPRNMLPLKHKFFAI08CA,竹圍子段三小段,30.63,都市：住
RPTOMLOLKHKFFAI28CA,遠東段,14.93,都市：住
RPRNMLOLKHKFFAI97CA,北門段二小段,103.00,都市：住
RPWNMLNJLHKFFAI28CA,東川段,64.00,都市：住
RPWNMLNJLHKFFAI28CA,東川段,18.00,都市：住
RPSNMLOJLHKFFAI97CA,白川段,50.00,都市：住
RPSPMLRKKHKFFAI48CA,車店段車店小段,87.00,都市：住
RPSPMLRKKHKFFAI48CA,車店段車店小段,91.00,都市：住
RPPNMLOJLHKFFAI67CA,盧東段,270.25,都市：農
RPRNMLOJLHKFFAI87CA,車店段車店小段,100.00,都市：住
RPWOMLTJLHKFFAI98CA,埤子頭段,5.67,都市：住
RPWOMLTJLHKFFAI98CA,埤子頭段,1132.00,都市：住
RPVPMLRKKHKFFAI78CA,埤子頭段,121.33,都市：住
RPVPMLRKKHKFFAI78CA,埤子頭段,24.00,都市：住
RPRNMLRKKHKFFAI18CA,車店段,4.92,都市：住
RPRNMLRKKHKFFAI18CA,白川段,3.48,都市：住
RPPOMLNLKHKFFAI77CA,車店段,34.51,都市：住
RPPOMLNLKHKFFAI77CA,白川段,3.27,都市：住
RPQOMLRKKHKFFAI18CA,埤子頭段新厝小段,72.00,都市：住
RPQOMLRKKHKFFAI18CA,埤子頭段新厝小段,72.00,都市：住
RPUOMLTJLHKFFAI78CA,竹圍子段一小段,99.00,都市：住
RPQNMLNKLHKFFAI77CA,下路頭段,37.14,都市：住
RPSNMLTJLHKFFAI68EA,元段六小段,57.00,都市：商
RPTNMLRKLHKFFAI48CA,下路頭段,65.00,都市：住
RPQNMLPLKHKFFAI18EA,湖子內段湖內小段,119.00,都市：住
RPQPMLRKKHKFFAI28CA,下路頭段,17.00,都市：住
RPQPMLRKKHKFFAI28CA,下路頭段,56.00,都市：住
RPOPMLRKKHKFFAI28EA,軍輝段,10.00,都市：住
RPOPMLRKKHKFFAI28EA,軍輝段,88.00,都市：住
RPROMLOLKHKFFAI28EA,太平段,64.00,都市：住
RPPNMLQKLHKFFAI97CA,劉厝段劉厝小段,79.00,都市：住
RPVOMLTJLHKFFAI88CA,盧厝段,92.00,都市：住
SPQOMLNLKHKFFAI97CA,山下段,44.00,都市：住
RPXNMLNKLHKFFAI48CA,埤子頭段新厝小段,67.00,都市：住
RPSOMLOLKHKFFAI18CA,湖子內段湖內小段,4892.00,都市：農
RPQOMLNLKHKFFAI87CA,山下段,39.00,都市：住
RPRNMLNJLHKFFAI77CA,南門段四小段,104.00,都市：住
RPRNMLNJLHKFFAI77CA,南門段四小段,11.61,都市：住
RPPNMLPLKHKFFAI87CA,同興段,64.00,都市：住
RPQOMLTJLHKFFAI38CA,埤子頭段,72.00,都市：住
RPROMLTJLHKFFAI48CA,北社尾段,11.47,都市：住
RPPOMLRKLHKFFAI18CA,堀川段,38.00,都市：其他
RPSNMLPLKHKFFAI38EA,盧東段,122.79,都市：農
RPTNMLPLKHKFFAI48EA,盧厝段,68.00,都市：農
RPTNMLTJLHKFFAI58CA,白川段,35.62,都市：住
RPQOMLSKLHKFFAI38CA,遠東段,70.00,都市：工
RPQOMLSKLHKFFAI38CA,遠東段,1322.00,都市：工
RPQOMLSKLHKFFAI38CA,遠東段,166.00,都市：工
RPWOMLQLKHKFFAI78CA,中庄段,69.00,都市：住
RPWOMLQLKHKFFAI78CA,中庄段,23.46,都市：住
RPTNMLNLLHKFFAI18CA,湖內段,101.00,都市：住
RPRNMLPJLHKFFAI97CA,下路頭段,4.00,都市：住
RPROMLTKLHKFFAI58CA,港子坪段港坪小段,11.44,都市：住
RPROMLTKLHKFFAI58CA,港子坪段港坪小段,3.22,都市：住
RPRNMLQLKHKFFAI38EA,玉川段,67.00,都市：住
RPQNMLSLKHKFFAI28CA,東川段,132.00,都市：住
RPPOMLPLKHKFFAI08DA,北社尾段保安小段,2.71,都市：住
RPWNMLQLKHKFFAI78DA,竹圍子段中興小段,4.13,都市：住
RPSNMLQLKHKFFAI38DA,埤子頭段,.21,都市：住
RPSNMLQLKHKFFAI38DA,埤子頭段,.43,都市：住
RPSNMLQLKHKFFAI38DA,埤子頭段,.00,都市：其他
RPQOMLQLKHKFFAI28DA,竹圍子段中興小段,5.18,都市：住
RPOOMLQLKHKFFAI08DA,竹圍子段中興小段,4.07,都市：住
RPPOMLQLKHKFFAI18DA,西門段一小段,4.53,都市：住
RPPOMLQLKHKFFAI18DA,西門段一小段,1.37,都市：住
RPPOMLTKLHKFFAI38CA,中庄段,.69,都市：住
RPPOMLTKLHKFFAI38CA,中庄段,2.39,都市：住
RPPOMLTKLHKFFAI38CA,中庄段,2.48,都市：住
RPPOMLTKLHKFFAI38CA,中庄段,27.60,都市：住
RPPOMLTKLHKFFAI38CA,中庄段,4.90,都市：住
RPQNMLQLKHKFFAI28EA,車店段車店小段,82.00,都市：住
RPVNMLNKLHKFFAI28CA,車店段車店小段,12.80,都市：住
RPVNMLSKLHKFFAI78CA,劉厝段玉山小段,141.96,都市：住
RPROMLQLKHKFFAI48EA,車店段,43.00,都市：住
RPSNMLPJLHKFFAI08CA,車店段車店小段,5.93,都市：住
RPTNMLPJLHKFFAI18CA,太平段,15.28,都市：住
RPQOMLTKLHKFFAI48CA,劉厝段劉厝小段,76.00,都市：住
RPUNMLMKLHKFFAI08CA,太平段,39.00,都市：住
RPUNMLMKLHKFFAI08CA,太平段,20.00,都市：住
RPVNMLOJLHKFFAI28CA,竹圍子段,6.81,都市：住
RPWNMLMKLHKFFAI28CA,北社尾段保安小段,91.00,都市：住
RPSNMLKKLHKFFAI87EA,堀川段,93.00,都市：住
RPXNMLKKLHKFFAI38EA,下路頭段,23.00,都市：住
RPQNMLOJLHKFFAI77CA,下路頭段,.30,都市：住
RPQNMLOJLHKFFAI77CA,下路頭段,77.00,都市：住
RPROMLOLLHKFFAI18CA,埤子頭段,92.00,都市：住
RPUNMLMJLHKFFAI18EA,中山段一小段,74.00,都市：住
RPUNMLMJLHKFFAI18EA,中山段一小段,7.00,都市：住
RPOOMLKKLHKFFAI57EA,下路頭段,4.00,都市：住
RPWNMLQJLHKFFAI58CA,竹圍子段,77.00,都市：其他
RPPOMLPJLHKFFAI87CA,埤子頭段,14.00,都市：住
RPPOMLPJLHKFFAI87CA,埤子頭段,22.00,都市：住
RPVNMLNJLHKFFAI18CA,軍輝段,74.00,都市：住
RPVNMLMJLHKFFAI28EA,鳥岫段,101.47,都市：住
RPSNMLQJLHKFFAI38EA,竹圍子段二小段,101.00,都市：住
RPVNMLMKLHKFFAI18CA,短竹段,3.66,都市：住
RPUNMLNJLHKFFAI18DA,興村段,16.62,都市：住
RPPNMLPKLHKFFAI87CA,竹圍子段,26.46,都市：住
RPPOMLQJLHKFFAI97CA,北社尾段,12.01,都市：住
RPQNMLSKLHKFFAI28CA,同興段,20.50,都市：住
RPUNMLQJLHKFFAI38CA,車店段車店小段,6.99,都市：住
RPSOMLOLLHKFFAI28CA,遠東段,79.00,都市：住
RPTOMLOLLHKFFAI38CA,下路頭段,9.79,都市：住
RPPNMLQJLHKFFAI87CA,長竹段,17.00,都市：住
RPPNMLQJLHKFFAI87CA,長竹段,90.00,都市：住
RPPNMLQJLHKFFAI87CA,長竹段,27.29,都市：住
RPPNMLPJLHKFFAI77CA,車店段,67.00,都市：其他
RPUNMLLJMHKFFAI18EA,竹圍子段,765.02,都市：其他
RPPOMLNJLHKFFAI67CA,北門段二小段,100.00,都市：住
RPOOMLNJLHKFFAI57CA,北門段二小段,97.00,都市：住
RPTNMLOJLHKFFAI08CA,竹圍子段,125.00,都市：住
RPQOMLQLLHKFFAI28CA,車店段車店小段,16.76,都市：住
RPTNMLLJMHKFFAI08EA,埤子頭段,180.98,都市：其他
RPTNMLLJMHKFFAI08EA,埤子頭段,55.82,都市：其他
RPTNMLLJMHKFFAI08EA,埤子頭段,15.04,都市：其他
RPTNMLLJMHKFFAI08EA,埤子頭段,15.96,都市：其他
RPQNMLPJLHKFFAI87CA,下路頭段,200.00,都市：住
RPUNMLTJLHKFFAI88EA,白川段,14.52,都市：住
RPQOMLNJLHKFFAI77CA,北門段二小段,113.00,都市：住
RPUNMLPJLHKFFAI28CA,竹圍子段,196.00,都市：住
RPQOMLPJLHKFFAI97CA,竹村段,413.08,都市：住
RPQOMLPJLHKFFAI97CA,竹村段,413.08,都市：住
RPOOMLQJLHKFFAI87CA,竹圍子段二小段,6.23,都市：住
RPVNMLPJLHKFFAI38CA,湖內段,14.76,都市：住
RPXNMLPJLHKFFAI58CA,車店段,25.33,都市：住
RPXNMLPJLHKFFAI58CA,白川段,4.27,都市：住
RPVNMLLKLHKFFAI18DA,竹圍子段二小段,165.00,都市：住
RPQNMLQJLHKFFAI97CA,竹圍子段,74.00,都市：住
RPPNMLLLLHKFFAI57CA,下埤段,300.08,都市：農
RPSNMLQLLHKFFAI38CA,檜段四小段,6.65,都市：住
RPRNMLNKLHKFFAI87CA,興村段,66.71,都市：住
RPUOMLOLLHKFFAI48CA,港子坪段港坪小段,20.56,都市：住
RPOOMLTKLHKFFAI28CA,車店段車店小段,6.34,都市：住
RPRNMLOKLHKFFAI97CA,竹圍子段,35.00,都市：住
RPRNMLOKLHKFFAI97CA,竹圍子段,10.00,都市：住
RPQNMLPLLHKFFAI08CA,西門段六小段,130.00,都市：商
RPPOMLNKLHKFFAI77CA,盧厝段,5.49,都市：住
RPPOMLNKLHKFFAI77CA,盧厝段,73.81,都市：住
RPTNMLOKLHKFFAI18CA,竹圍子段,520.00,都市：其他
RPTNMLOKLHKFFAI18CA,竹圍子段,1415.00,都市：住
RPSNMLOKLHKFFAI08CA,竹圍子段,1705.00,都市：住
RPPNMLNLLHKFFAI77CA,竹圍子段,15.45,都市：其他
RPPNMLNLLHKFFAI77CA,竹圍子段,108.00,都市：住
RPPNMLNLLHKFFAI77CA,竹圍子段,18.28,都市：住
RPUNMLNKLHKFFAI28DA,竹圍子段,26.00,都市：其他
RPTNMLNKLHKFFAI18DA,竹圍子段,26.00,都市：其他
RPTNMLQLLHKFFAI48CA,盧東段,247.25,都市：住
RPTNMLQLLHKFFAI48CA,盧東段,23.31,都市：住
RPTNMLQLLHKFFAI48CA,盧東段,63.58,都市：住
RPQOMLNKLHKFFAI87CA,劉厝段劉厝小段,20.60,都市：商
RPWNMLPLLHKFFAI68CA,竹圍子段一小段,77.00,都市：住
RPQOMLLKLHKFFAI67CA,盧厝段,122.00,都市：住
RPVNMLTJLHKFFAI78CA,湖子內段湖內小段,681.00,都市：農
RPOOMLMJMHKFFAI57CA,同興段,58.67,都市：住
RPTNMLKKLHKFFAI97EA,埤子頭段,22.95,都市：其他
RPRNMLTJLHKFFAI58EA,短竹段,145.00,都市：住
RPVNMLQJLHKFFAI68EA,頂庄段,102.00,都市：住
RPPNMLNKLHKFFAI87EA,埤子頭段,69.00,都市：住
RPVNMLKLLHKFFAI18DA,下路頭段,21.33,都市：其他
RPVNMLKLLHKFFAI18DA,下路頭段,1.00,都市：其他
RPSNMLKLLHKFFAI87DA,下路頭段,2.00,都市：其他
RPTNMLKLLHKFFAI97DA,下路頭段,2.00,都市：其他
RPWNMLKLLHKFFAI28DA,下路頭段,1.00,都市：其他
RPRNMLKLLHKFFAI77DA,下路頭段,2.00,都市：其他
RPUNMLKLLHKFFAI08DA,下路頭段,79.00,都市：其他
RPSNMLNLLHKFFAI28EA,竹圍子段二小段,5.47,都市：住
RPPOMLMJMHKFFAI67CA,西門段四小段,24.45,都市：住
RPUNMLMJMHKFFAI08CA,下路頭段,28.10,都市：住
RPWNMLQLLHKFFAI78CA,下路頭段,51.00,都市：住
RPWNMLQLLHKFFAI78CA,下路頭段,4.00,都市：住
RPOOMLTJLHKFFAI18CA,車店段車店小段,82.00,都市：住
RPPOMLTJLHKFFAI28CA,八掌段,2187.00,都市：農
RPRNMLKKLHKFFAI57CA,竹圍子段,8.04,都市：住
RPRNMLKKLHKFFAI57CA,竹圍子段,11.49,都市：住
RPPNMLKKLHKFFAI37CA,白川段,195.00,都市：住
RPSNMLRJLHKFFAI28CA,後庄段,107.00,都市：住
RPPNMLOJMHKFFAI77CA,湖內段,19.94,都市：住
RPTNMLRJLHKFFAI38CA,後庄段,29.63,都市：住
RPTNMLRJLHKFFAI38CA,後庄段,126.00,都市：住
RPOOMLMKLHKFFAI57CA,遠東段,18.66,都市：住
RPVNMLQLLHKFFAI68CA,下路頭段,51.00,都市：住
RPVNMLQLLHKFFAI68CA,下路頭段,6.00,都市：住
RPQOMLNLLHKFFAI97CA,西門段六小段,10.00,都市：商
RPQOMLNLLHKFFAI97CA,西門段六小段,9.00,都市：商
RPSOMLLKLHKFFAI87CA,末廣段一小段,13.22,都市：商
RPPOMLLJMHKFFAI57CA,堀川段,36.48,都市：住
RPPOMLLJMHKFFAI57CA,堀川段,1.85,都市：住
RPXNMLTJLHKFFAI98CA,北社尾段保安小段,67.00,都市：住
RPRNMLLKLHKFFAI77DA,劉厝段玉山小段,120.07,都市：住
RPRNMLLKLHKFFAI77DA,劉厝段玉山小段,13.75,都市：住
RPRNMLLKLHKFFAI77DA,劉厝段玉山小段,4.86,都市：住
RPWNMLLJMHKFFAI18CA,埤子頭段,11.25,都市：住
RPWNMLLJMHKFFAI18CA,埤子頭段,12.78,都市：住
RPVNMLMJMHKFFAI18CA,新富段二小段,52.00,都市：商
RPVNMLMJMHKFFAI18CA,新富段二小段,40.00,都市：商
RPRNMLQLLHKFFAI48EA,湖子內段湖內小段,425.00,都市：農
RPTNMLLKLHKFFAI97DA,竹圍子段二小段,165.00,都市：住
RPTNMLQJMHKFFAI38CA,堀川段,67.00,都市：住
RPPNMLRJMHKFFAI08CA,港子坪段港坪小段,14.43,都市：住
RPPNMLRJMHKFFAI08CA,港子坪段港坪小段,4.06,都市：住
RPVNMLKKLHKFFAI18EA,盧厝段,21.61,都市：住
RPPNMLLMLHKFFAI67CA,劉厝段劉厝小段,60.00,都市：住
RPPNMLLMLHKFFAI67CA,劉厝段劉厝小段,17.76,都市：住
RPQNMLQKLHKFFAI08CA,西門段二小段,173.00,都市：商
RPQNMLQKLHKFFAI08CA,西門段二小段,498.00,都市：商
RPQOMLMKLHKFFAI77CA,竹圍子段中興小段,12.25,都市：商
RPROMLLKLHKFFAI77CA,北社尾段保安小段,4.76,都市：住
RPROMLLKLHKFFAI77CA,北社尾段保安小段,6.18,都市：住
RPUNMLOLLHKFFAI38CA,下路頭段,53.00,都市：住
RPSNMLLKLHKFFAI77CA,白川段,59.00,都市：住
RPSNMLLKLHKFFAI77CA,白川段,25.00,都市：住
RPSNMLNKLHKFFAI97CA,劉厝段劉厝小段,3736.00,都市：農
RPXNMLLKLHKFFAI28CA,竹圍子段,15.64,都市：住
RPUNMLLKLHKFFAI97CA,竹圍子段友愛小段,86.00,都市：住
RPOOMLNKLHKFFAI67CA,彌陀段,23.93,都市：住
RPQNMLLMLHKFFAI77CA,北社尾段,12.41,都市：住
RPPOMLMKLHKFFAI67CA,車店段車店小段,8.57,都市：住
RPQNMLTKLHKFFAI38CA,中山段三小段,12.12,都市：住
RPQNMLTKLHKFFAI38CA,中山段三小段,20.16,都市：住
RPQNMLTKLHKFFAI38CA,中山段三小段,.40,都市：住
RPPNMLMKLHKFFAI57CA,竹圍子段二小段,101.00,都市：住
RPXNMLMKLHKFFAI38CA,竹村段,25.46,都市：住
RPRNMLMKLHKFFAI77CA,車店段車店小段,94.00,都市：住
RPPOMLNLLHKFFAI87CA,西門段六小段,17.00,都市：商
RPPOMLNLLHKFFAI87CA,西門段六小段,1.00,都市：商
RPQNMLMKLHKFFAI67CA,盧厝段,21.16,都市：住
RPUNMLNLLHKFFAI28CA,劉厝段劉厝小段,13.35,都市：商
RPOOMLRJMHKFFAI08CA,西門段六小段,18.00,都市：商
RPOOMLRJMHKFFAI08CA,西門段六小段,49.00,都市：商
RPOOMLRJMHKFFAI08CA,西門段六小段,22.00,都市：商
RPROMLLJMHKFFAI77CA,北社尾段,12.41,都市：住
RPSNMLMKLHKFFAI08EA,車店段,4.68,都市：住
RPSNMLMKLHKFFAI08EA,白川段,3.31,都市：住
RPSNMLSJMHKFFAI48CA,竹圍子段友愛小段,22.00,都市：住
RPPNMLTLLHKFFAI38CA,榮段三小段,18.38,都市：住
RPPNMLTLLHKFFAI38CA,榮段三小段,82.00,都市：住
RPTNMLMKLHKFFAI18EA,中山段三小段,14.22,都市：住
RPSOMLSKLHKFFAI58CA,下路頭段,116.00,都市：住
RPROMLKMLHKFFAI87CA,竹圍子段三小段,15.10,都市：住
RPTOMLTKLHKFFAI78CA,台斗坑段,26.67,都市：住
RPTOMLTKLHKFFAI78CA,台斗坑段,.02,都市：其他
RPROMLNLLHKFFAI08CA,同興段,9.00,都市：住
RPROMLNLLHKFFAI08CA,同興段,75.00,都市：住
RPWNMLRKLHKFFAI98EA,車店段,24.00,都市：工
RPVNMLOLLHKFFAI48CA,短竹段,13.33,都市：住
RPQNMLQJMHKFFAI08CA,台斗坑段,30.55,都市：住
RPUNMLTKLHKFFAI98EA,興村段,75.00,都市：住
RPUNMLTKLHKFFAI98EA,興村段,14.00,都市：其他
RPPNMLSKLHKFFAI18CA,短竹段,4.76,都市：住
RPPNMLOKLHKFFAI77CA,車店段車店小段,7.19,都市：住
RPRNMLSKLHKFFAI58EA,盧厝段,5.49,都市：住
RPRNMLSKLHKFFAI58EA,盧厝段,73.81,都市：住
RPVNMLTKLHKFFAI88CA,車店段,69.00,都市：住
RPPNMLRKLHKFFAI28EA,北社尾段,38.00,都市：住
RPPNMLRKLHKFFAI28EA,北社尾段,74.00,都市：住
RPXNMLRKLHKFFAI09EA,盧厝段,23.89,都市：住
RPXNMLRKLHKFFAI09EA,盧厝段,.01,都市：住
RPSNMLTKLHKFFAI58CA,遠東段,16.80,都市：住
RPRNMLQJMHKFFAI18CA,盧厝段,21.18,都市：住
RPQNMLOKMHKFFAI97CA,堀川段,57.00,都市：住
RPSNMLQJMHKFFAI28CA,下路頭段,50.00,都市：住
RPUOMLPKMHKFFAI58CA,埤子頭段,1098.00,都市：住
RPUOMLPKMHKFFAI58CA,埤子頭段,80.00,都市：住
RPPNMLTKLHKFFAI48EA,埤子頭段,48.00,都市：住
RPRNMLRKLHKFFAI48EA,太平段,29.15,都市：住
RPXNMLTKLHKFFAI09CA,竹圍子段,15.18,都市：住
RPRNMLSKLHKFFAI38CA,竹圍子段,34.88,都市：商
RPROMLOKMHKFFAI18CA,盧厝段,93.00,都市：住
RPOOMLRKLHKFFAI08CA,興村段,32.90,都市：住
RPRNMLNLLHKFFAI97CA,下路頭段,28.96,都市：住
RPTNMLSKLHKFFAI58CA,北社尾段,13.98,都市：住
RPOOMLOLLHKFFAI87CA,西門段七小段,84.00,都市：商
RPOOMLOLLHKFFAI87CA,西門段七小段,1.20,都市：商
RPOOMLOLLHKFFAI87CA,西門段七小段,1.20,都市：商
RPOOMLOLLHKFFAI87CA,西門段七小段,1.20,都市：商
RPOOMLOLLHKFFAI87CA,西門段七小段,1.20,都市：商
RPOOMLOLLHKFFAI87CA,西門段七小段,3.00,都市：商
RPXNMLOLLHKFFAI68CA,西門段七小段,115.00,都市：商
RPRNMLTKLHKFFAI68EA,盧厝段,14.00,都市：其他
RPRNMLTKLHKFFAI68EA,盧厝段,15.19,都市：其他
RPQNMLLLLHKFFAI67CA,車店段車店小段,130.00,都市：住
RPPOMLOLLHKFFAI97CA,西門段七小段,84.00,都市：商
RPPOMLOLLHKFFAI97CA,西門段七小段,1.20,都市：商
RPPOMLOLLHKFFAI97CA,西門段七小段,1.20,都市：商
RPPOMLOLLHKFFAI97CA,西門段七小段,1.20,都市：商
RPPOMLOLLHKFFAI97CA,西門段七小段,1.20,都市：商
RPPOMLOLLHKFFAI97CA,西門段七小段,3.00,都市：商
RPSNMLSKLHKFFAI48CA,下路頭段,7.07,都市：住
RPVNMLRKLHKFFAI88EA,湖子內段湖內小段,92.00,都市：住
RPTNMLTKLHKFFAI88EA,下路頭段,54.00,都市：住
RPXNMLPLLHKFFAI78CA,埤子頭段,99.00,都市：住
RPXNMLKMLHKFFAI48DA,台斗坑段,116.00,都市：住
RPQNMLNLLHKFFAI08EA,西門段六小段,7.16,都市：商
RPQNMLNLLHKFFAI08EA,西門段六小段,12.26,都市：商
RPVNMLLMLHKFFAI28CA,太平段,18.50,都市：住
RPROMLSKLHKFFAI48CA,下路頭段,36.84,都市：住
RPPNMLKLLHKFFAI47CA,北門段七小段,3.94,都市：商
RPPNMLKLLHKFFAI47CA,北門段七小段,.09,都市：商
RPPNMLKLLHKFFAI47CA,北門段七小段,.02,都市：商
RPRNMLLMLHKFFAI87CA,檜段四小段,74.00,都市：住
RPRNMLLMLHKFFAI87CA,檜段四小段,7.00,都市：住
RPSOMLTKLHKFFAI68CA,榮段四小段,62.00,都市：商
RPSOMLTKLHKFFAI68CA,榮段四小段,74.00,都市：商
RPRNMLNJMHKFFAI87CA,車店段車店小段,85.00,都市：住
RPVOMLOLLHKFFAI58CA,北社尾段,12.41,都市：住
RPVOMLLMLHKFFAI38CA,新富段一小段,104.00,都市：商
RPVOMLLMLHKFFAI38CA,新富段一小段,26.50,都市：商
RPWNMLTKLHKFFAI98CA,短竹段,4.64,都市：住
RPXNMLKLLHKFFAI28CA,車店段車店小段,71.00,都市：住
RPSPMLOKMHKFFAI38CA,劉厝段劉厝小段,65.00,都市：住
RPQNMLKLLHKFFAI57CA,湖子內段湖內小段,1526.00,都市：農
RPQPMLOKMHKFFAI18CA,竹圍子段一小段,110.00,都市：住
RPVNMLNLLHKFFAI48DA,竹圍子段,25.00,都市：住
RPOOMLQLLHKFFAI08CA,何庄段,2650.00,都市：農
RPXNMLQLLHKFFAI88CA,竹圍子段,11.02,都市：住
RPSNMLLMLHKFFAI18EA,下路頭段,14.66,都市：住
RPXNMLOLLHKFFAI88EA,興村段,206.00,都市：住
RPTNMLNKMHKFFAI38EA,下路頭段,56.00,都市：住
RPTNMLNKMHKFFAI38EA,下路頭段,2.00,都市：住
RPTNMLNKMHKFFAI38EA,下路頭段,8.00,都市：住
RPQNMLOLLHKFFAI08DA,北社尾段保安小段,70.00,都市：住
RPPNMLPLLHKFFAI97CA,下路頭段,172.00,都市：住
RPPNMLMLLHKFFAI67CA,西門段五小段,50.00,都市：其他
RPPOMLQLLHKFFAI18CA,何庄段,2645.00,都市：農
RPPNMLPJMHKFFAI87CA,盧厝段,177.00,都市：住
RPPNMLPJMHKFFAI87CA,盧厝段,6.36,都市：住
RPPNMLPJMHKFFAI87CA,盧厝段,.64,都市：農
RPPNMLPJMHKFFAI87CA,盧厝段,74.00,都市：農
RPVNMLNLLHKFFAI38CA,車店段,24.64,都市：住
RPVNMLNLLHKFFAI38CA,白川段,4.43,都市：住
RPVNMLOKMHKFFAI48CA,劉厝段劉厝小段,68.00,都市：住
RPVNMLKLMHKFFAI18CA,港子坪段,23.00,都市：住
RPVNMLKLMHKFFAI18CA,港子坪段,3.00,都市：住
RPSNMLPLLHKFFAI28CA,竹圍子段,11.66,都市：住
RPRNMLLJMHKFFAI67CA,太平段,33.16,都市：住
RPOOMLPLLHKFFAI97CA,車店段車店小段,105.00,都市：住
RPOOMLPLLHKFFAI97CA,車店段車店小段,105.00,都市：住
RPWNMLOLLHKFFAI78EA,下路頭段,71.00,都市：住
RPTNMLMJMHKFFAI97CA,竹圍子段中興小段,6.73,都市：商
RPQNMLKMLHKFFAI87EA,何庄段,1000.00,都市：農
RPQNMLKMLHKFFAI87EA,何庄段,644.48,都市：農
RPQNMLKMLHKFFAI87EA,何庄段,889.44,都市：農
RPQNMLKMLHKFFAI87EA,何庄段,1000.00,都市：農
RPSNMLRLLHKFFAI48CA,新富段二小段,13.49,都市：其他
RPUNMLRLLHKFFAI88EA,港子坪段港坪小段,21.42,都市：住
RPSOMLKMLHKFFAI97CA,湖內段,12.44,都市：住
RPQOMLOLLHKFFAI08CA,西門段七小段,90.00,都市：商
RPQOMLOLLHKFFAI08CA,西門段七小段,1.20,都市：商
RPQOMLOLLHKFFAI08CA,西門段七小段,1.20,都市：商
RPQOMLOLLHKFFAI08CA,西門段七小段,1.20,都市：商
RPQOMLOLLHKFFAI08CA,西門段七小段,1.20,都市：商
RPQOMLOLLHKFFAI08CA,西門段七小段,3.00,都市：商
RPOOMLLJMHKFFAI67EA,遠東段,95.00,都市：住
RPPOMLPLLHKFFAI08CA,湖內段,146.00,都市：住
RPXNMLRLLHKFFAI98CA,中山段三小段,27.12,都市：住
RPUNMLQJMHKFFAI48CA,白川段,32.98,都市：住
RPVNMLPLLHKFFAI58CA,竹圍子段二小段,7.08,都市：商
RPPNMLLKMHKFFAI57CA,車店段車店小段,116.00,都市：住
RPWNMLRJMHKFFAI78CA,台斗坑段,14.87,都市：住
RPRNMLSJMHKFFAI38CA,竹圍子段中興小段,4.94,都市：商
RPVNMLLLMHKFFAI28CA,仁義段,1220.51,都市：農
RPVNMLLLMHKFFAI28CA,仁義段,8.46,都市：其他
RPQNMLTLLHKFFAI48CA,東川段,25.07,都市：住
RPPNMLSLLHKFFAI28CA,西門段一小段,4.53,都市：住
RPVNMLQJMHKFFAI58CA,盧厝段,21.18,都市：住
RPUOMLKMLHKFFAI18CA,下路頭段,113.00,都市：住
RPSOMLLMLHKFFAI08CA,盧東段,31.38,都市：住
RPSOMLLMLHKFFAI08CA,盧東段,183.15,都市：住
RPSOMLLMLHKFFAI08CA,盧東段,9.92,都市：其他
RPWNMLKMLHKFFAI28CA,車店段,118.00,都市：住
RPUNMLQLLHKFFAI58CA,西門段三小段,2.73,都市：商
RPUNMLQLLHKFFAI58CA,西門段三小段,.69,都市：商
RPUNMLPLLHKFFAI48CA,下路頭段,60.00,都市：住
RPWNMLPKMHKFFAI88EA,短竹段,14.64,都市：住
RPQNMLQLLHKFFAI38EA,新厝段,18.50,都市：農
RPROMLSKMHKFFAI58CA,頂庄段,128.00,都市：住
RPOOMLRLLHKFFAI18CA,西門段六小段,19.00,都市：商
RPRNMLPLLHKFFAI38EA,台斗坑段,15.16,都市：住
RPQOMLMJMHKFFAI97EA,北門段七小段,65.00,都市：商
RPRNMLRLLHKFFAI58EA,後庄段,102.00,都市：住
RPQOMLSKMHKFFAI48CA,竹圍子段,23.89,都市：住
RPPNMLQLLHKFFAI08CA,盧厝段,117.00,都市：住
RPUNMLKMLHKFFAI08CA,北社尾段保安小段,7.68,都市：住
RPUNMLRKMHKFFAI88EA,堀川段,86.00,都市：住
RPVNMLRLLHKFFAI78CA,竹圍子段,25.13,都市：住
RPQOMLKMLHKFFAI77CA,北社尾段,13.33,都市：住
RPWNMLRLLHKFFAI88CA,竹圍子段一小段,12.85,都市：住
RPWNMLNKMHKFFAI48CA,中山段三小段,159.00,都市：住
RPSNMLMLMHKFFAI08CA,竹圍子段三小段,26.60,都市：住
RPTNMLSJMHKFFAI58CA,盧厝段,37.90,都市：住
RPTPMLOKMHKFFAI48CA,下路頭段,13.59,都市：住
RPXNMLSJMHKFFAI98CA,下路頭段,.20,都市：住
RPXNMLSJMHKFFAI98CA,下路頭段,15.99,都市：住
RPXNMLSJMHKFFAI98CA,下路頭段,73.00,都市：住
RPPNMLOKMHKFFAI87CA,竹圍子段二小段,10.12,都市：住
RPQNMLLKMHKFFAI67CA,竹圍子段一小段,12.72,都市：住
RPXNMLNKMHKFFAI58CA,頭港段,114.28,都市：住
RPRNMLMJMHKFFAI77CA,竹圍子段二小段,13.71,都市：住
RPWNMLQKMHKFFAI78CA,下路頭段,.20,都市：住
RPWNMLQKMHKFFAI78CA,下路頭段,15.99,都市：住
RPWNMLQKMHKFFAI78CA,下路頭段,76.00,都市：住
RPSNMLLJMHKFFAI77CA,後庄段,158.00,都市：住
RPXNMLMLMHKFFAI58CA,下路頭段,.20,都市：住
RPXNMLMLMHKFFAI58CA,下路頭段,15.99,都市：住
RPXNMLMLMHKFFAI58CA,下路頭段,73.00,都市：住
RPWNMLMLMHKFFAI48CA,下路頭段,15.99,都市：住
RPWNMLMLMHKFFAI48CA,下路頭段,79.00,都市：住
RPWNMLMLMHKFFAI48CA,下路頭段,.20,都市：住
RPOOMLMLMHKFFAI77CA,下路頭段,.20,都市：住
RPOOMLMLMHKFFAI77CA,下路頭段,15.01,都市：住
RPOOMLMLMHKFFAI77CA,下路頭段,79.00,都市：住
RPUOMLSKMHKFFAI88CA,元段四小段,23.00,都市：住
RPUOMLSKMHKFFAI88CA,元段四小段,1.00,都市：住
RPPNMLKMLHKFFAI57CA,太平段,4.00,都市：其他
RPPNMLKMLHKFFAI57CA,太平段,95.00,都市：住
RPROMLKLMHKFFAI87CA,頂庄段,15.97,都市：住
RPPOMLLLMHKFFAI77CA,下路頭段,15.01,都市：住
RPTNMLNLMHKFFAI28CA,下路頭段,15.99,都市：住
RPPOMLLLMHKFFAI77CA,下路頭段,73.00,都市：住
RPPOMLLLMHKFFAI77CA,下路頭段,.20,都市：住
RPTNMLNLMHKFFAI28CA,下路頭段,77.00,都市：住
RPTNMLNLMHKFFAI28CA,下路頭段,.20,都市：住
RPTOMLLMLHKFFAI38EA,檜段四小段,355.00,都市：商
RPTNMLKMLHKFFAI97CA,白川段,36.96,都市：住
RPXNMLLMLHKFFAI68EA,湖子內段湖內小段,1078.00,都市：農
RPVNMLKMLHKFFAI38EA,北社尾段,12.32,都市：住
RPXNMLLJMHKFFAI48EA,新富段六小段,13.90,都市：住
RPSNMLKMLHKFFAI87CA,車店段,33.12,都市：住
RPTOMLOKMHKFFAI58EA,竹圍子段三小段,25.31,都市：住
RPTNMLLMLHKFFAI08CA,遠東段,17.33,都市：住
RPTNMLLMLHKFFAI08CA,遠東段,93.00,都市：住
RPTNMLLMLHKFFAI08CA,遠東段,.64,都市：住
RPQNMLLJMHKFFAI57CA,埤子頭段,111.00,都市：住
RPWNMLLMLHKFFAI38CA,長竹段,100.00,都市：住
RPPNMLNJMHKFFAI67CA,北社尾段,126.00,都市：住
RPUNMLSJMHKFFAI68CA,興村段,2663.65,都市：其他
RPUPMLOKMHKFFAI58CA,埤子頭段,6.31,都市：其他
RPUPMLOKMHKFFAI58CA,埤子頭段,100.00,都市：住
RPUPMLOKMHKFFAI58CA,埤子頭段,6.69,都市：住
RPOPMLOKMHKFFAI97CA,下路頭段,7.61,都市：住
RPVNMLLMLHKFFAI48EA,太平段,15.28,都市：住
RPVNMLRJMHKFFAI68CA,竹圍子段二小段,14.13,都市：住
RPSNMLMJMHKFFAI87CA,埤子頭段,9.00,都市：住
RPSNMLMJMHKFFAI87CA,埤子頭段,107.00,都市：住
RPSNMLMJMHKFFAI87CA,埤子頭段,3.40,都市：住
RPRNMLRJMHKFFAI28CA,車店段車店小段,25.33,都市：住
RPSOMLMJMHKFFAI97CA,彌陀段,84.00,都市：住
RPQNMLRJMHKFFAI18CA,埤子頭段新厝小段,95.00,都市：住
RPUOMLLMLHKFFAI28CA,新厝段,163.00,都市：農
RPPOMLLMLHKFFAI97EA,長竹段,36.00,都市：住
RPQOMLLMLHKFFAI08EA,大溪段,2.40,都市：住
RPQOMLLMLHKFFAI08EA,大溪段,1380.08,都市：住
RPSOMLLJMHKFFAI87CA,白川段,32.98,都市：住
RPPNMLMJMHKFFAI57CA,湖內段,297.00,都市：住
RPTOMLLMLHKFFAI18CA,盧東段,83.50,都市：住
RPOOMLMJMHKFFAI77EA,西門段八小段,2.22,都市：商
RPTNMLPKMHKFFAI48DA,台斗坑段,20.00,都市：住
RPSOMLLLMHKFFAI08CA,下路頭段,.20,都市：住
RPSOMLLLMHKFFAI08CA,下路頭段,14.00,都市：住
RPSOMLLLMHKFFAI08CA,下路頭段,85.00,都市：住
RPROMLLLMHKFFAI97CA,下路頭段,.20,都市：住
RPROMLLLMHKFFAI97CA,下路頭段,15.99,都市：住
RPROMLLLMHKFFAI97CA,下路頭段,85.00,都市：住
RPOOMLQKMHKFFAI08CA,下路頭段,15.01,都市：住
RPOOMLQKMHKFFAI08CA,下路頭段,77.00,都市：住
RPOOMLQKMHKFFAI08CA,下路頭段,.20,都市：住
RPWNMLLLMHKFFAI38CA,車店段車店小段,26.80,都市：住
RPQOMLKLMHKFFAI77CA,軍輝段,89.00,都市：住
RPXNMLMJMHKFFAI38CA,西門段五小段,80.00,都市：商
RPTNMLNJMHKFFAI08CA,新富段八小段,9.17,都市：商
RPTNMLNJMHKFFAI08CA,末廣段一小段,.28,都市：商
RPTNMLRJMHKFFAI48CA,湖內段,241.00,都市：工
RPTNMLKKMHKFFAI87CA,堀川段,51.00,都市：住
RPTNMLKKMHKFFAI87CA,堀川段,52.00,都市：住
RPTNMLKKMHKFFAI87CA,堀川段,8.00,都市：其他
RPTNMLKKMHKFFAI87CA,堀川段,7.00,都市：其他
RPSNMLRJMHKFFAI38CA,下埤段,128.66,都市：住
RPPNMLSJMHKFFAI18CA,頂庄段,401.00,都市：農
RPPNMLSJMHKFFAI18CA,頂庄段,3.85,都市：農
RPPNMLSJMHKFFAI18CA,頂庄段,80.00,都市：農
RPPNMLSJMHKFFAI18CA,頂庄段,.77,都市：農
RPROMLPLMHKFFAI38CA,下路頭段,4.89,都市：住
RPQOMLRJMHKFFAI28CA,下路頭段,52.00,都市：住
RPQOMLRJMHKFFAI28CA,下路頭段,15.25,都市：住
RPPNMLSLMHKFFAI38CA,下路頭段,15.01,都市：住
RPPNMLSLMHKFFAI38CA,下路頭段,76.00,都市：住
RPPNMLSLMHKFFAI38CA,下路頭段,.20,都市：住
RPRNMLNLMHKFFAI08CA,短竹段,13.81,都市：住
RPROMLRJMHKFFAI38CA,後庄段,141.00,都市：住
RPROMLRJMHKFFAI38CA,後庄段,33.15,都市：住
RPSOMLRJMHKFFAI48CA,中庄段,75.00,都市：住
RPPOMLTLMHKFFAI58CA,白川段,48.63,都市：住
RPRNMLNKMHKFFAI97CA,竹圍子段,18.80,都市：住
RPVNMLNKMHKFFAI38CA,新富段六小段,7.31,都市：商
RPVNMLNKMHKFFAI38CA,西門段六小段,2.18,都市：商
RPPNMLTJMHKFFAI28CA,劉厝段玉山小段,182.16,都市：住
RPPOMLRJMHKFFAI18CA,劉厝段玉山小段,101.74,都市：住
RPPNMLKKMHKFFAI47CA,遠東段,104.00,都市：住
RPXOMLLLMHKFFAI58CA,下路頭段,766.00,都市：其他
RPWNMLTJMHKFFAI98CA,新厝段,3379.00,都市：農
RPUOMLLLMHKFFAI28CA,下路頭段,316.40,都市：住
RPUOMLLLMHKFFAI28CA,下路頭段,158.20,都市：住
RPUOMLLLMHKFFAI28CA,下路頭段,316.40,都市：住
RPUOMLLLMHKFFAI28CA,下路頭段,457.60,都市：住
RPUOMLLLMHKFFAI28CA,下路頭段,228.80,都市：住
RPUOMLLLMHKFFAI28CA,下路頭段,457.60,都市：住
RPWOMLLLMHKFFAI48CA,下路頭段,40.00,都市：住
RPWOMLLLMHKFFAI48CA,下路頭段,20.00,都市：住
RPWOMLLLMHKFFAI48CA,下路頭段,40.00,都市：住
RPOPMLLLMHKFFAI77CA,下路頭段,143.00,都市：其他
RPVOMLLLMHKFFAI38CA,下路頭段,400.00,都市：住
RPVOMLLLMHKFFAI38CA,下路頭段,200.00,都市：住
RPVOMLLLMHKFFAI38CA,下路頭段,400.00,都市：住
RPRNMLTJMHKFFAI48CA,彌陀段日新小段,180.00,都市：其他
RPWNMLSJMHKFFAI88CA,短竹段,6.55,都市：住
RPUNMLTJMHKFFAI78CA,下路頭段,71.00,都市：住
RPVNMLSJMHKFFAI78CA,港子坪段,16.34,都市：住
RPRNMLPLMHKFFAI28CA,車店段車店小段,5.93,都市：住
RPWNMLPJNHKFFAI68CA,新富段二小段,3.83,都市：住
RPPNMLRJNHKFFAI18CA,榮段二小段,40.75,都市：商
RPSOMLPLMHKFFAI48CA,北社尾段,12.36,都市：住
RPPOMLRKMHKFFAI38DA,竹圍子段二小段,23.35,都市：住
RPUNMLKKMHKFFAI97CA,西門段七小段,84.00,都市：商
RPUNMLKKMHKFFAI97CA,西門段七小段,1.20,都市：商
RPUNMLKKMHKFFAI97CA,西門段七小段,1.20,都市：商
RPUNMLKKMHKFFAI97CA,西門段七小段,1.20,都市：商
RPUNMLKKMHKFFAI97CA,西門段七小段,1.20,都市：商
RPUNMLKKMHKFFAI97CA,西門段七小段,3.00,都市：商
RPXNMLRJMHKFFAI88CA,下路頭段,36.48,都市：住
RPXNMLRJMHKFFAI88CA,下路頭段,.35,都市：住
RPPNMLPJNHKFFAI97CA,下路頭段,4.89,都市：住
RPVNMLPKMHKFFAI78EA,玉川段,42.00,都市：住
RPSNMLPJNHKFFAI38DA,下路頭段,242.00,都市：其他
RPSNMLPJNHKFFAI38DA,下路頭段,1.00,都市：其他
RPSNMLPLMHKFFAI38CA,下路頭段,62.00,都市：住
RPQNMLNKMHKFFAI87CA,劉厝段玉山小段,357.63,都市：住
RPTOMLPLMHKFFAI58CA,北社尾段,12.41,都市：住
RPOOMLSJMHKFFAI18CA,劉厝段,40.00,都市：住
RPROMLSLMHKFFAI68CA,劉厝段玉山小段,91.20,都市：住
RPXNMLLLMHKFFAI48CA,下路頭段,52.00,都市：住
RPRNMLLKMHKFFAI77CA,竹圍子段二小段,14.38,都市：住
RPOOMLLLMHKFFAI67CA,港子坪段港坪小段,19.32,都市：住
RPSNMLLKMHKFFAI87CA,中山段三小段,32.72,都市：住
RPTNMLMLMHKFFAI18CA,竹圍子段二小段,13.03,都市：住
RPRNMLKKMHKFFAI67CA,後庄段,97.00,都市：住
RPPNMLSKMHKFFAI28CA,車店段車店小段,9.25,都市：住
RPUOMLPLMHKFFAI68CA,盧厝段,43.33,都市：住
RPPNMLNKMHKFFAI77CA,下路頭段,71.00,都市：住
RPUNMLOKMHKFFAI38CA,下路頭段,74.00,都市：住
RPQOMLPJNHKFFAI18CA,下路頭段,386.00,都市：住
RPVOMLPLMHKFFAI78CA,盧厝段,25.24,都市：住
RPTNMLPJNHKFFAI38CA,元段二小段,2.10,都市：商
RPTNMLPJNHKFFAI38CA,元段二小段,.55,都市：商
RPTNMLPJNHKFFAI38CA,元段二小段,1.03,都市：商
RPTNMLPJNHKFFAI38CA,元段二小段,1.95,都市：商
RPUNMLSJNHKFFAI78CA,下路頭段,.20,都市：住
RPVNMLSJNHKFFAI88CA,下路頭段,19.00,都市：住
RPUNMLSJNHKFFAI78CA,下路頭段,15.99,都市：住
RPUNMLSJNHKFFAI78CA,下路頭段,84.00,都市：住
RPVNMLSJNHKFFAI88CA,下路頭段,.20,都市：住
RPVNMLSJNHKFFAI88CA,下路頭段,78.00,都市：住
RPWNMLOKMHKFFAI58CA,白川段,9.30,都市：住
RPTNMLPLMHKFFAI48CA,長竹段,82.00,都市：住
RPTOMLKLMHKFFAI08CA,溪東段,161.80,都市：農
RPSNMLNKMHKFFAI08CA,車店段車店小段,203.00,都市：住
RPPOMLMLMHKFFAI87CA,太平段,14.48,都市：住
RPXOMLOKMHKFFAI78CA,下路頭段,44.00,都市：住
RPXOMLOKMHKFFAI78CA,下路頭段,12.00,都市：住
RPXOMLOKMHKFFAI78CA,下路頭段,7.00,都市：住
RPXNMLOKMHKFFAI88EA,北社尾段保安小段,132.00,都市：住
RPUNMLNKMHKFFAI48EA,溪厝段,3656.79,都市：農
RPOOMLOKMHKFFAI08EA,北社尾段保安小段,86.00,都市：住
RPPNMLTKMHKFFAI38CA,大溪段,967.73,都市：農
RPUOMLOKMHKFFAI68EA,盧厝段,11.74,都市：住
RPXNMLQKMHKFFAI88CA,下路頭段,.20,都市：住
RPXNMLQKMHKFFAI88CA,下路頭段,15.01,都市：住
RPXNMLQKMHKFFAI88CA,下路頭段,74.00,都市：住
RPSNMLKKMHKFFAI97EA,太平段,185.00,都市：住
RPSNMLKKMHKFFAI97EA,太平段,21.00,都市：其他
RPRNMLLLMHKFFAI87CA,車店段車店小段,12.25,都市：住
RPTNMLRKMHKFFAI78EA,北社尾段保安小段,125.00,都市：住
RPPOMLOKMHKFFAI18EA,北社尾段保安小段,98.67,都市：住
RPSNMLQKMHKFFAI58EA,太平段,12.75,都市：住
RPSNMLQKMHKFFAI58EA,盧厝段,5.25,都市：住
RPXNMLRLMHKFFAI66EA,竹圍子段二小段,9.56,都市：住
RPTOMLLJNHKFFAI28EA,南門段二小段,3.89,都市：商
RPQNMLPKMHKFFAI28EA,車店段車店小段,7.06,都市：住
RPTNMLQKMHKFFAI68EA,盧東段,45.70,都市：其他
RPOOMLPKMHKFFAI18EA,埤子頭段新厝小段,77.00,都市：住
RPRNMLPKMHKFFAI38EA,劉厝段玉山小段,99.34,都市：住
RPUOMLLJNHKFFAI38EA,下路頭段,5.13,都市：住
RPUOMLLJNHKFFAI38EA,下路頭段,.00,都市：住
RPVOMLOKMHKFFAI78EA,山下段,9.00,都市：住
RPQNMLSKMHKFFAI38CA,車店段車店小段,32.22,都市：住
RPPPMLOKMHKFFAI08CA,竹圍子段一小段,27.03,都市：住
RPRNMLOKMHKFFAI28EA,元段六小段,1.34,都市：商
RPWOMLOKMHKFFAI88EA,盧厝段,65.00,都市：住
RPWOMLOKMHKFFAI88EA,盧厝段,18.46,都市：住
RPSNMLOKMHKFFAI38EA,軍輝段,24.37,都市：住
RPQOMLOKMHKFFAI28EA,湖內段,6.85,都市：住
RPVNMLQKMHKFFAI68CA,頂庄段,4542.00,都市：農
RPUNMLQKMHKFFAI58CA,後庄段,77.00,都市：商
RPUNMLPKMHKFFAI48CA,車店段車店小段,83.00,都市：住
RPQNMLQKMHKFFAI18CA,北社尾段保安小段,116.00,都市：住
RPXNMLKLMHKFFAI38CA,盧厝段,24.01,都市：住
RPWNMLSLMHKFFAI09CA,台斗坑段,30.15,都市：住
RPUNMLPLMHKFFAI58CA,民族段四小段,6.29,都市：住
RPQOMLLLMHKFFAI87CA,白川段,60.00,都市：住
RPPOMLPLMHKFFAI18CA,同興段,12.30,都市：住
RPTOMLSKMHKFFAI78CA,車店段車店小段,7.06,都市：住
RPVNMLLJNHKFFAI18CA,西門段一小段,5.17,都市：商
RPVNMLLJNHKFFAI18CA,西門段一小段,1.57,都市：商
RPTOMLLLMHKFFAI18CA,盧東段,92.71,都市：住
RPTOMLLLMHKFFAI18CA,盧東段,65.89,都市：住
RPTOMLLLMHKFFAI18CA,盧東段,53.76,都市：住
RPTOMLLLMHKFFAI18CA,盧東段,53.76,都市：住
RPTOMLLLMHKFFAI18CA,盧東段,59.46,都市：住
RPTOMLLLMHKFFAI18CA,盧東段,175.00,都市：其他
RPTOMLLLMHKFFAI18CA,盧東段,.50,都市：其他
RPTOMLLLMHKFFAI18CA,盧東段,20.57,都市：其他
RPTOMLLLMHKFFAI18CA,盧東段,32.16,都市：其他
RPTOMLLLMHKFFAI18CA,盧東段,48.01,都市：其他
RPTOMLLLMHKFFAI18CA,盧東段,.18,都市：其他
RPTOMLLLMHKFFAI18CA,盧東段,49.54,都市：住
RPTOMLLLMHKFFAI18CA,盧東段,.04,都市：住
RPTOMLLLMHKFFAI18CA,盧東段,47.36,都市：住
RPTOMLLLMHKFFAI18CA,盧東段,47.24,都市：住
RPTOMLLLMHKFFAI18CA,盧東段,47.12,都市：住
RPTOMLLLMHKFFAI18CA,盧東段,47.00,都市：住
RPTOMLLLMHKFFAI18CA,盧東段,46.88,都市：住
RPTOMLLLMHKFFAI18CA,盧東段,46.76,都市：住
RPTOMLLLMHKFFAI18CA,盧東段,48.35,都市：住
RPTOMLLLMHKFFAI18CA,盧東段,50.11,都市：住
RPTOMLLLMHKFFAI18CA,盧東段,50.35,都市：住
RPTOMLLLMHKFFAI18CA,盧東段,52.54,都市：住
RPTOMLLLMHKFFAI18CA,盧東段,73.23,都市：住
RPTOMLLLMHKFFAI18CA,盧東段,104.42,都市：住
RPTOMLLLMHKFFAI18CA,盧東段,81.87,都市：住
RPTOMLLLMHKFFAI18CA,盧東段,63.84,都市：住
RPTOMLLLMHKFFAI18CA,盧東段,60.84,都市：住
RPTOMLLLMHKFFAI18CA,盧東段,52.51,都市：住
RPTOMLLLMHKFFAI18CA,盧東段,80.10,都市：住
RPTOMLLLMHKFFAI18CA,盧東段,47.41,都市：住
RPTOMLLLMHKFFAI18CA,盧東段,75.45,都市：住
RPTOMLPKMHKFFAI48CA,下路頭段,348.00,都市：其他
RPPOMLPKMHKFFAI08CA,下路頭段,.01,都市：住
RPPOMLPKMHKFFAI08CA,下路頭段,45.55,都市：其他
RPQOMLPKMHKFFAI18CA,西門段四小段,6.09,都市：住
RPVNMLPLMHKFFAI68CA,白川段,48.63,都市：住
RPSNMLSKMHKFFAI58CA,同興段,80.00,都市：住
RPSNMLSKMHKFFAI58CA,同興段,4.56,都市：住
RPTNMLSKMHKFFAI68CA,同興段,81.00,都市：住
RPTNMLSKMHKFFAI68CA,同興段,1.00,都市：住
RPTNMLSKMHKFFAI68CA,同興段,4.56,都市：住
RPRNMLSKMHKFFAI48CA,同興段,89.00,都市：住
RPRNMLSKMHKFFAI48CA,同興段,4.51,都市：住
RPUNMLSKMHKFFAI78CA,同興段,100.00,都市：住
RPUNMLSKMHKFFAI78CA,同興段,1.00,都市：住
RPUNMLSKMHKFFAI78CA,同興段,.46,都市：住
RPRNMLQKMHKFFAI28CA,中庄段,42.46,都市：住
RPPNMLQKMHKFFAI08CA,後庄段,102.00,都市：住
RPPNMLRKMHKFFAI38EA,車店段,23.00,都市：住
RPXNMLSKMHKFFAI09CA,同興段,77.00,都市：住
RPXNMLSKMHKFFAI09CA,同興段,27.40,都市：住
RPVNMLSKMHKFFAI88CA,同興段,82.00,都市：住
RPOOMLSKMHKFFAI28CA,同興段,173.00,都市：住
RPVNMLSKMHKFFAI88CA,同興段,27.40,都市：住
RPWNMLSKMHKFFAI98CA,同興段,75.00,都市：住
RPWNMLSKMHKFFAI98CA,同興段,27.40,都市：住
RPRNMLRKMHKFFAI58EA,盧厝段,1801.00,都市：農
RPSOMLPKMHKFFAI58EA,短竹段,234.00,都市：其他
RPQNMLRKMHKFFAI48EA,車店段,115.00,都市：住
RPSNMLRKMHKFFAI68EA,盧厝段,2199.00,都市：農
RPXNMLRKMHKFFAI98CA,竹圍子段,15.45,都市：住
RPXNMLRKMHKFFAI98CA,竹圍子段,106.00,都市：住
RPXNMLRKMHKFFAI98CA,竹圍子段,18.28,都市：住
RPSOMLSKMHKFFAI68CA,下路頭段,64.00,都市：住
RPOOMLKLMHKFFAI67DA,埤子頭段,104.00,都市：住
RPOOMLRKMHKFFAI18CA,下路頭段,8.25,都市：住
RPVNMLTLMHKFFAI66EA,玉川段,1.88,都市：住
RPVNMLTLMHKFFAI66EA,玉川段,6.62,都市：住
RPVNMLTLMHKFFAI66EA,玉川段,39.00,都市：住
RPSNMLLLMHKFFAI97CA,同興段,3030.00,都市：農
RPSNMLLLMHKFFAI97CA,同興段,4.28,都市：住
RPSNMLLLMHKFFAI97CA,同興段,4.72,都市：住
RPWNMLRKMHKFFAI88CA,同興段,15.03,都市：住
RPWOMLPLMHKFFAI88CA,民族段四小段,6.63,都市：住
RPXNMLPLMHKFFAI88CA,長竹段,135.00,都市：住
RPXNMLPLMHKFFAI88CA,長竹段,28.00,都市：農
RPOOMLPLMHKFFAI08CA,車店段,4.06,都市：住
RPOOMLPLMHKFFAI08CA,白川段,2.87,都市：住
RPSOMLPJNHKFFAI38CA,育人段,693.64,都市：住
RPSOMLOJNHKFFAI28CA,盧厝段,43.95,都市：住
RPPOMLSLMHKFFAI48CA,盧厝段,11.15,都市：住
RPPOMLLKNHKFFAI77CA,車店段車店小段,32.22,都市：住
RPOPMLPJNHKFFAI08CA,長竹段,31.50,都市：住
RPOPMLPJNHKFFAI08CA,長竹段,151.00,都市：住
RPROMLLKNHKFFAI97CA,下路頭段,85.00,都市：住
RPQOMLSLMHKFFAI58CA,港子坪段,16.34,都市：住
RPSOMLSLMHKFFAI78CA,下路頭段,14.25,都市：住
RPXOMLPLMHKFFAI98CA,竹圍子段二小段,10.61,都市：住
RPPNMLLJNHKFFAI57CA,北社尾段,92.00,都市：住
RPROMLSJNHKFFAI58CA,劉厝段劉厝小段,136.00,都市：農
RPROMLSJNHKFFAI58CA,劉厝段劉厝小段,966.00,都市：農
RPRNMLSLMHKFFAI58CA,下路頭段,176.00,都市：住
RPQOMLPLMHKFFAI28CA,竹圍子段二小段,3.58,都市：住
RPWOMLLJNHKFFAI38CA,車店段,34.51,都市：住
RPWOMLLJNHKFFAI38CA,白川段,3.27,都市：住
RPQOMLLKNHKFFAI87CA,車店段,34.51,都市：住
RPQOMLLKNHKFFAI87CA,白川段,3.27,都市：住
RPQNMLTJNHKFFAI48CA,下路頭段,.20,都市：住
RPQNMLTJNHKFFAI48CA,下路頭段,15.01,都市：住
RPQNMLTJNHKFFAI48CA,下路頭段,81.00,都市：住
RPSNMLNLMHKFFAI38EA,台斗坑段,47.00,都市：住
RPPNMLKLMHKFFAI77EA,盧厝段,104.00,都市：住
RPWNMLLKNHKFFAI38CA,北社尾段,83.00,都市：住
RPQNMLKLMHKFFAI87EA,盧厝段,265.00,都市：住
RPSNMLKLMHKFFAI08EA,盧厝段,265.00,都市：住
RPRNMLKLMHKFFAI97EA,盧厝段,270.00,都市：住
RPPNMLMLMHKFFAI77CA,下路頭段,10.33,都市：住
RPPOMLKLMHKFFAI67CA,北湖段,95.00,都市：住
RPTNMLKLMHKFFAI18EA,盧厝段,443.00,都市：住
RPUNMLKLMHKFFAI28EA,盧厝段,123.00,都市：住
RPWNMLNKNHKFFAI58CA,北湖段,3731.00,都市：農
RPQNMLLLMHKFFAI97EA,興村段,65.00,都市：住
RPRNMLMLMHKFFAI97CA,下路頭段,42.00,都市：其他
RPRNMLMLMHKFFAI97CA,下路頭段,16.00,都市：住
RPQNMLTLMHKFFAI78EA,竹圍子段一小段,92.38,都市：住
RPQNMLMLMHKFFAI87CA,北社尾段,66.00,都市：住
RPQNMLNLPHKFFAI28CA,下路頭段,11.00,都市：其他
RPQNMLNLPHKFFAI28CA,下路頭段,93.00,都市：住
RPVNMLNKNHKFFAI48CA,新富段六小段,72.14,都市：商
RPVNMLNKNHKFFAI48CA,新富段六小段,76.76,都市：商
RPVNMLNKNHKFFAI48CA,新富段六小段,.62,都市：商
RPVNMLNKNHKFFAI48CA,新富段六小段,.62,都市：商
RPVNMLNKNHKFFAI48CA,新富段六小段,1.00,都市：商
RPVNMLNKNHKFFAI48CA,新富段六小段,1.00,都市：商
RPWNMLSKNHKFFAI09CA,短竹段,578.00,都市：其他
RPRNMLLJNHKFFAI77CA,太平段,18.50,都市：住
RPQNMLLJNHKFFAI67CA,北社尾段,114.00,都市：住
RPROMLTLMHKFFAI78CA,下路頭段,99.13,都市：住
RPSNMLQLMHKFFAI48CA,下路頭段,22.00,都市：住
RPSNMLQLMHKFFAI48CA,下路頭段,.08,都市：住
RPSNMLQLMHKFFAI48CA,下路頭段,64.00,都市：住
RPQPMLPJNHKFFAI28CA,台斗坑段,21.16,都市：住
RPUOMLSLMHKFFAI98CA,竹圍子段二小段,32.50,都市：住
RPPNMLNJNHKFFAI77CA,下路頭段,194.00,都市：住
RPPNMLNJNHKFFAI77CA,下路頭段,67.00,都市：其他
RPPNMLNJNHKFFAI77CA,下路頭段,67.00,都市：住
RPPPMLPJNHKFFAI18CA,埤子頭段,66.00,都市：住
RPRNMLOLMHKFFAI18CA,短竹段,.31,都市：住
RPRNMLOLMHKFFAI18CA,短竹段,4.94,都市：住
RPPNMLRLMHKFFAI28CA,太平段,18.50,都市：住
RPPNMLRLMHKFFAI28CA,太平段,.08,都市：住
RPPNMLOJNHKFFAI87CA,台斗坑段,13.33,都市：住
RPPNMLQLMHKFFAI18CA,盧厝段,20.09,都市：住
RPTNMLOLMHKFFAI38CA,短竹段,.31,都市：住
RPTNMLOLMHKFFAI38CA,短竹段,4.94,都市：住
RPTNMLSLMHKFFAI98EA,埤子頭段,5.00,都市：住
RPRNMLMKNHKFFAI97CA,劉厝段玉山小段,108.06,都市：住
RPQNMLKKNHKFFAI67CA,竹圍子段二小段,21.29,都市：商
RPPNMLMLMHKFFAI97EA,竹圍子段二小段,93.00,都市：住
RPXNMLOJNHKFFAI88EA,東川段,93.00,都市：住
RPXNMLOJNHKFFAI88EA,東川段,32.00,都市：其他
RPOOMLOJNHKFFAI08EA,東川段,93.00,都市：住
RPOOMLOJNHKFFAI08EA,東川段,32.00,都市：其他
RPQOMLRLMHKFFAI68EA,下路頭段,22.70,都市：住
RPPNMLNLMHKFFAI08EA,埤子頭段,12.00,都市：住
RPUNMLMLMHKFFAI28CA,港子坪段港坪小段,125.00,都市：住
RPTNMLRLMHKFFAI88EA,短竹段,3.39,都市：住
RPQNMLRLMHKFFAI48DA,車店段車店小段,83.00,都市：住
RPQNMLRLMHKFFAI48DA,車店段車店小段,85.00,都市：住
RPXNMLLKNHKFFAI48CA,北湖段,1860.00,都市：農
RPXNMLPJNHKFFAI78CA,西門段五小段,50.00,都市：其他
RPROMLOJNHKFFAI18CA,大溪段,10043.16,都市：農
RPSNMLLJNHKFFAI87CA,北園段,1407.50,都市：農
RPSNMLLJNHKFFAI87CA,北園段,24.17,都市：農
RPSNMLLJNHKFFAI87CA,北園段,131.67,都市：農
RPUNMLNLMHKFFAI38CA,竹圍子段友愛小段,23.00,都市：住
RPXOMLPJNHKFFAI88CA,下路頭段,24.28,都市：住
RPROMLLJNHKFFAI87CA,白川段,16.72,都市：住
RPXNMLSKNHKFFAI56CA,劉厝段玉山小段,7.33,都市：住
RPXNMLSKNHKFFAI56CA,劉厝段玉山小段,141.96,都市：住
RPRNMLNJNHKFFAI97CA,大溪厝段,10.70,都市：住
RPRNMLNJNHKFFAI97CA,大溪厝段,62.00,都市：住
RPPNMLTKNHKFFAI48CA,遠東段,6.53,都市：其他
RPRNMLQLMHKFFAI38CA,民族段四小段,66.00,都市：住
RPRNMLQLMHKFFAI38CA,民族段四小段,1.00,都市：住
RPQNMLPLMHKFFAI18CA,竹圍子段,48.85,都市：商
RPQNMLQLMHKFFAI28CA,竹圍子段,22.58,都市：住
RPSNMLSLMHKFFAI68CA,下路頭段,177.00,都市：住
RPRPMLPJNHKFFAI38CA,港子坪段港坪小段,130.00,都市：住
RPQNMLOLMHKFFAI08CA,竹村段,3523.35,都市：農
RPSNMLOLMHKFFAI28CA,竹村段,4057.47,都市：農
RPQOMLLJNHKFFAI77CA,白川段,16.91,都市：住
RPVNMLRLMHKFFAI88CA,新富段八小段,20.00,都市：商
RPVNMLRLMHKFFAI88CA,新富段八小段,20.00,都市：商
RPVNMLRLMHKFFAI88CA,新富段八小段,8.50,都市：商
RPVNMLRLMHKFFAI88CA,新富段八小段,8.50,都市：商
RPVNMLRLMHKFFAI88CA,新富段八小段,28.00,都市：商
RPVNMLRLMHKFFAI88CA,新富段八小段,28.00,都市：商
RPVNMLRLMHKFFAI88CA,新富段八小段,8.00,都市：商
RPVNMLRLMHKFFAI88CA,新富段八小段,8.00,都市：商
RPUNMLRLMHKFFAI78CA,榮段四小段,43.00,都市：商
RPWNMLRLMHKFFAI98CA,長竹段,85.00,都市：住
RPUNMLNKNHKFFAI38CA,短竹段,17.00,都市：住
RPUNMLNKNHKFFAI38CA,短竹段,119.00,都市：住
RPUNMLNKNHKFFAI38CA,短竹段,46.00,都市：住
RPUNMLNKNHKFFAI38CA,短竹段,215.00,都市：住
RPSPMLPJNHKFFAI48CA,港子坪段港坪小段,21.42,都市：住
RPPNMLRKNHKFFAI28CA,港子坪段港坪小段,426.00,都市：住
RPPOMLMLNHKFFAI18EA,竹圍子段,4.84,都市：住
RPPNMLOLMHKFFAI18EA,竹圍子段,39.00,都市：住
RPPNMLOLMHKFFAI18EA,竹圍子段,44.00,都市：住
RPWNMLMKNHKFFAI48CA,北園段,108.00,都市：住
RPPNMLKLNHKFFAI67CA,港子坪段港坪小段,31.33,都市：住
RPSOMLMLNHKFFAI28CA,竹圍子段一小段,78.00,都市：住
RPWNMLSJNHKFFAI98CA,下路頭段,10.99,都市：住
RPWNMLSJNHKFFAI98CA,下路頭段,.20,都市：住
RPWNMLSJNHKFFAI98CA,下路頭段,73.00,都市：住
RPTOMLLLNHKFFAI28CA,埤子頭段,62.00,都市：住
RPUNMLLJNHKFFAI08CA,中山段六小段,17.26,都市：住
RPQNMLTKNHKFFAI58CA,中山段七小段,2.28,都市：住
RPQNMLTKNHKFFAI58CA,中山段七小段,2.28,都市：住
RPWOMLPJNHKFFAI78CA,竹圍子段二小段,3.91,都市：商
RPQNMLOJNHKFFAI97CA,下路頭段,.20,都市：住
RPQNMLOJNHKFFAI97CA,下路頭段,15.99,都市：住
RPQNMLOJNHKFFAI97CA,下路頭段,82.00,都市：住
RPXNMLLJNHKFFAI38CA,短竹段,16.46,都市：商
RPSOMLLJNHKFFAI97CA,新富段七小段,6.76,都市：住
RPPNMLTLMHKFFAI48CA,中山段七小段,67.00,都市：商
RPQNMLTLMHKFFAI58CA,竹圍子段中興小段,10.80,都市：商
RPQNMLMJNHKFFAI77CA,北社尾段保安小段,71.00,都市：住
RPRNMLTLMHKFFAI68CA,竹圍子段三小段,16.73,都市：住
RPSNMLTLMHKFFAI78CA,港子坪段港坪小段,7.70,都市：商
RPPNMLPLMHKFFAI08CA,湖內段,.59,都市：住
RPPNMLPLMHKFFAI08CA,湖內段,57.00,都市：住
RPPNMLPLMHKFFAI08CA,湖內段,19.94,都市：住
RPOOMLSLMHKFFAI38CA,竹村段,28.07,都市：住
RPSNMLKMMHKFFAI97CA,長竹段,13.00,都市：住
RPSNMLKMMHKFFAI97CA,長竹段,60.00,都市：住
RPWNMLOLMHKFFAI68CA,盧東段,172.35,都市：農
RPWNMLOLMHKFFAI68CA,盧東段,30.22,都市：農
RPSOMLTLMHKFFAI88CA,興村段興村小段,165.72,都市：住
RPSOMLTLMHKFFAI88CA,興村段興村小段,70.75,都市：住
RPSOMLTLMHKFFAI88CA,興村段興村小段,.23,都市：住
RPSOMLTLMHKFFAI88CA,興村段興村小段,3.63,都市：住
RPSOMLTLMHKFFAI88CA,興村段興村小段,6.68,都市：住
RPSOMLTLMHKFFAI88CA,興村段,22.00,都市：其他
RPSOMLTLMHKFFAI88CA,興村段,.59,都市：其他
RPSOMLTLMHKFFAI88CA,興村段,6.00,都市：其他
RPOOMLRLMHKFFAI28CA,短竹段,3.59,都市：住
RPQNMLSLMHKFFAI48CA,短竹段,3.59,都市：住
RPXNMLSLMHKFFAI56CA,民族段四小段,6.29,都市：住
RPTOMLTLMHKFFAI98CA,劉厝段玉山小段,458.30,都市：住
RPQOMLOJNHKFFAI08CA,白川段,7.67,都市：住
RPVOMLLJNHKFFAI28CA,下路頭段,17.40,都市：住
RPQOMLTLMHKFFAI68CA,下路頭段,104.00,都市：住
RPOOMLKMMHKFFAI67CA,竹村段,143.80,都市：住
RPQNMLQJNHKFFAI18CA,竹圍子段二小段,13.77,都市：住
RPTNMLLJNHKFFAI97CA,竹圍子段二小段,103.00,都市：住
RPTOMLSLMHKFFAI88CA,育人段,1.42,都市：住
RPTOMLSLMHKFFAI88CA,育人段,1.42,都市：住
RPTOMLSLMHKFFAI88CA,育人段,32.07,都市：住
RPTOMLSLMHKFFAI88CA,育人段,32.07,都市：住
RPTOMLSLMHKFFAI88CA,育人段,10.10,都市：農
RPTOMLSLMHKFFAI88CA,育人段,10.10,都市：農
RPTOMLSLMHKFFAI88CA,育人段,13.84,都市：農
RPTOMLSLMHKFFAI88CA,育人段,13.84,都市：農
RPRNMLMJNHKFFAI87CA,港子坪段港坪小段,5.70,都市：住
RPQNMLKMMHKFFAI77CA,盧厝段,117.00,都市：住
RPUNMLPKNHKFFAI58CA,盧厝段,14.09,都市：住
RPUNMLLKNHKFFAI18CA,港子坪段港坪小段,133.00,都市：住
RPUNMLLKNHKFFAI18CA,港子坪段港坪小段,128.00,都市：住
RPQNMLRLNHKFFAI48CA,竹圍子段中興小段,117.00,都市：住
RPUNMLRLNHKFFAI88CA,港子坪段港坪小段,98.00,都市：住
RPUNMLRLNHKFFAI88CA,港子坪段港坪小段,96.00,都市：住
RPUNMLRLNHKFFAI88CA,港子坪段港坪小段,96.00,都市：住
RPUNMLRLNHKFFAI88CA,港子坪段港坪小段,101.00,都市：住
RPUNMLRLNHKFFAI88CA,港子坪段港坪小段,101.00,都市：住
RPUNMLRLNHKFFAI88CA,港子坪段港坪小段,101.00,都市：住
RPSNMLPKNHKFFAI58EA,檜段二小段,103.00,都市：住
RPWOMLSJNHKFFAI09CA,下路頭段,9.79,都市：住
RPVNMLSLMHKFFAI56EA,興村段,12.30,都市：住
RPOOMLTLMHKFFAI68EA,短竹段,99.00,都市：住
RPWNMLKMMHKFFAI58EA,新富段一小段,.48,都市：商
RPWNMLKMMHKFFAI58EA,南門段七小段,13.22,都市：商
RPPNMLTLMHKFFAI68EA,元段六小段,1.34,都市：商
RPVNMLMKNHKFFAI48DA,盧厝段,41.69,都市：住
RPSNMLRJNHKFFAI48CA,車店段,66.00,都市：住
RPSNMLRJNHKFFAI48CA,車店段,7.00,都市：住
RPTNMLQKNHKFFAI58CA,竹圍子段一小段,13.05,都市：住
RPTNMLPLNHKFFAI58CA,後庄段,104.00,都市：住
RPSNMLOJNHKFFAI18CA,竹圍子段,244.00,都市：商
RPWNMLOJNHKFFAI58CA,下路頭段,143.00,都市：住
RPXNMLKMMHKFFAI48CA,大溪段,447.99,都市：農
RPXNMLKMMHKFFAI48CA,鳥岫段,354.25,都市：農
RPUNMLTLMHKFFAI98CA,下路頭段,60.00,都市：住
RPOOMLPJNHKFFAI97CA,劉厝段劉厝小段,21.71,都市：住
RPUOMLTLMHKFFAI09CA,車店段車店小段,83.00,都市：住
RPPOMLLJNHKFFAI67CA,盧厝段,1.00,都市：住
RPPOMLLJNHKFFAI67CA,盧厝段,138.00,都市：住
RPTOMLSJNHKFFAI78CA,盧東段,24.57,都市：農
RPTOMLSJNHKFFAI78CA,盧東段,136.55,都市：農
RPTOMLSJNHKFFAI78CA,盧東段,2.89,都市：農
RPPOMLSKNHKFFAI48CA,民族段四小段,6.63,都市：住
RPVNMLQKNHKFFAI78CA,育人段,86.54,都市：住
RPWNMLQKNHKFFAI88CA,短竹段,5.83,都市：住
RPUNMLOJNHKFFAI38CA,中山段三小段,.14,都市：住
RPUNMLOJNHKFFAI38CA,中山段三小段,22.18,都市：住
RPWNMLMLNHKFFAI58CA,下路頭段,65.00,都市：住
RPQOMLMLNHKFFAI28EA,竹圍子段,.84,都市：住
RPQOMLMLNHKFFAI28EA,竹圍子段,1.99,都市：住
RPRNMLNKNHKFFAI18DA,台斗坑段,47.00,都市：住
RPWNMLTLMHKFFAI76EA,玉川段,.94,都市：住
RPWNMLTLMHKFFAI76EA,玉川段,12.00,都市：住
RPWNMLTLMHKFFAI76EA,玉川段,7.50,都市：住
RPWNMLTLMHKFFAI76EA,玉川段,3.31,都市：住
RPVNMLLKNHKFFAI28CA,港子坪段港坪小段,115.00,都市：住
RPQOMLSKNHKFFAI58CA,竹圍子段,3.39,都市：商
RPRNMLPJNHKFFAI38EA,北門段三小段,21.00,都市：住
RPUNMLTJNHKFFAI88CA,埤子頭段,27.59,都市：住
RPXNMLSLNHKFFAI66CA,下路頭段,114.00,都市：住
RPWNMLMJOHKFFAI48CA,榮段二小段,122.25,都市：商
RPTNMLNKNHKFFAI28CA,興村段興村小段,164.84,都市：住
RPTNMLNKNHKFFAI28CA,興村段興村小段,59.32,都市：住
RPTNMLNKNHKFFAI28CA,興村段興村小段,.23,都市：住
RPTNMLNKNHKFFAI28CA,興村段興村小段,3.63,都市：住
RPTNMLNKNHKFFAI28CA,興村段興村小段,6.68,都市：住
RPTNMLNKNHKFFAI28CA,興村段,19.00,都市：其他
RPTNMLNKNHKFFAI28CA,興村段,17.00,都市：其他
RPTNMLNKNHKFFAI28CA,興村段,.59,都市：其他
RPQOMLTLNHKFFAI78CA,車店段,10.30,都市：住
RPTNMLTJNHKFFAI78CA,榮段二小段,326.00,都市：商
RPTOMLSKNHKFFAI88CA,盧厝段,68.00,都市：住
RPUNMLQKNHKFFAI68CA,竹圍子段二小段,10.39,都市：住
RPSOMLLKNHKFFAI08CA,北社尾段,9.65,都市：住
RPTOMLQLNHKFFAI78CA,下路頭段,129.00,都市：住
RPRNMLTJNHKFFAI58CA,頂庄段,38.00,都市：住
RPRNMLTJNHKFFAI58CA,頂庄段,38.00,都市：住
RPVOMLSJNHKFFAI98CA,元段六小段,1.28,都市：商
RPWNMLLJNHKFFAI28CA,榮段四小段,5.00,都市：商
RPQOMLRJNHKFFAI38CA,港子坪段,2.32,都市：住
RPQOMLRJNHKFFAI38CA,港子坪段港坪小段,22.89,都市：住
RPTNMLOJNHKFFAI28CA,彌陀段,23.61,都市：住
RPTNMLSJNHKFFAI68CA,東川段,19.77,都市：住
RPRNMLPJNHKFFAI18CA,劉厝段玉山小段,91.82,都市：住
RPRNMLPJNHKFFAI18CA,劉厝段玉山小段,15.15,都市：住
