﻿編號,屋齡,建物移轉面積平方公尺,主要用途,主要建材,建築完成日期,總層數,建物分層
The serial number,room age,building shifting area square meter,the main use,main building materials,construction completes the date,total layer,building lamination
RPVNMLMJKHKFFDQ09CA,22,172.25,住商用,鋼筋混凝土造,81年12月14日,三層,一層 二層 三層
RPRNMLOLKHKFFBQ88CA,22,112.47,住商用,鋼筋混凝土造,81年7月18日,三層,一層 二層 三層 騎樓
RPSNMLQJKHKFFDQ56CA,30,55.96,住家用,鋼筋混凝土加強磚造,74年4月11日,二層,一層 二層
RPTNMLTJKHKFFBQ76CA,20,83.75,住家用,鋼筋混凝土造,83年9月10日,十二層,十二層
RPTNMLTJKHKFFBQ76CA,20,8.24,見其他登記事項,鋼筋混凝土造,83年9月10日,十二層,
RPTNMLTJKHKFFBQ76CA,20,6.58,見其他登記事項,鋼筋混凝土造,83年9月10日,十三層,
RPVNMLLKKHKFFCQ98CA,8,215.79,見其他登記事項,鋼筋混凝土造,96年1月18日,四層,一層 二層 三層 四層 見其他登記事項
RPQNMLMKKHKFFEQ78CA,22,38.83,住家用,鋼筋混凝土造,82年4月1日,十八層,四層
RPQNMLMKKHKFFEQ78CA,22,7.68,見其他登記事項,鋼筋混凝土造,82年4月1日,十八層,
RPQNMLMKKHKFFEQ78CA,22,1.75,見其他登記事項,鋼筋混凝土造,82年4月1日,,
RPQNMLOJLHKFFDQ98DA,38,49.68,住家用,見其他登記事項,66年3月30日,一層,一層
RPRNMLPJKHKFFBQ88DA,19,262.74,住商用,鋼筋混凝土造,84年10月26日,三層,一層 二層 三層
RPRNMLQJKHKFFDQ56DA,33,70.30,住家用,鋼筋混凝土加強磚造,70年7月31日,一層,一層
RPRNMLPJKHKFFCQ09EA,33,60.35,住家用,磚造,71年3月20日,一層,一層
RPQNMLQJKHKFFCQ98DA,22,152.87,住家用,見其他登記事項,81年10月30日,三層,一層 二層 三層 電梯樓梯間
RPXNMLPJKHKFFCQ86CA,35,92.71,住家用,見其他登記事項,69年5月15日,一層,一層
RPXNMLNKKHKFFDQ86CA,19,270.00,農舍,鋼造,85年3月22日,一層,一層
RPPNMLQJKHKFFCQ78CA,1,151.31,住家用,鋼筋混凝土造,102年10月29日,三層,一層 二層 三層
RPPNMLSKKHKFFCQ09CA,33,103.83,住商用,鋼筋混凝土加強磚造,70年7月31日,二層,一層 二層 電梯樓梯間
RPTNMLLKKHKFFCQ78CA,35,165.59,住家用,見使用執照,68年11月15日,三層,一層 二層 三層
RPSNMLOLKHKFFBQ98CA,31,142.50,住商用,鋼筋混凝土加強磚造,73年6月19日,三層,一層 二層 三層
RPRNMLTJKHKFFBQ56CA,34,161.05,住商用,鋼筋混凝土造,69年11月5日,三層,一層 二層 三層 騎樓
RPPNMLPJKHKFFCQ68CA,12,199.45,見其他登記事項,見其他登記事項,92年1月17日,一層,一層
RPPOMLRKKHKFFCQ09CA,31,87.76,住家用,鋼筋混凝土造,72年9月26日,四層,三層 四層
RPPOMLRKKHKFFCQ09CA,31,24.77,共有部份,鋼筋混凝土造,72年9月26日,五層,
RPSNMLQKKHKFFCQ56CA,16,102.49,住家用,鋼筋混凝土造,88年3月3日,九層,三層
RPSNMLQKKHKFFCQ56CA,16,28.41,共有部份,鋼筋混凝土造,88年3月3日,九層,
RPWNMLMKKHKFFDQ66CA,,117.00,農舍,鋼筋混凝土造,103年12月26日,一層,一層
RPUNMLQJKHKFFCQ66CA,36,87.20,住家用,鋼筋混凝土加強磚造,68年2月15日,二層,一層 二層 騎樓
RPQOMLTJKHKFFCQ66CA,33,64.53,住家用,見其他登記事項,70年10月8日,一層,一層
RPQNMLQKKHKFFCQ98CA,1,170.24,見其他登記事項,鋼筋混凝土造,103年4月10日,三層,一層 二層 三層 見其他登記事項
RPTOMLOLKHKFFDQ76CA,1,152.36,見其他登記事項,鋼筋混凝土造,103年11月20日,三層,一層 二層 三層 見其他登記事項
RPUOMLOLKHKFFDQ86CA,1,215.21,見其他登記事項,鋼筋混凝土造,103年11月20日,三層,一層 二層 三層 見其他登記事項
RPROMLOLKHKFFDQ56CA,1,152.36,見其他登記事項,鋼筋混凝土造,103年11月20日,三層,一層 二層 三層 見其他登記事項
RPQOMLOLKHKFFDQ09CA,1,171.84,見其他登記事項,鋼筋混凝土造,103年11月20日,三層,一層 二層 三層 見其他登記事項
RPQSMLLJLHKFFEQ56CA,,239.12,住家用,鋼筋混凝土造,103年11月14日,四層,一層 二層 三層 四層
RPVNMLPJKHKFFCQ86EA,20,165.37,住商用,鋼筋混凝土造,83年10月7日,四層,一層 二層 三層 四層
RPUNMLQJKHKFFDQ86DA,9,15.37,見其他登記事項,鋼筋混凝土造,94年8月15日,五層,二層
RPVNMLPLKHKFFCQ07EA,,150.99,住家用,鋼筋混凝土造,103年8月15日,三層,一層 二層 三層
RPTNMLPLKHKFFCQ86EA,,176.56,住家用,鋼筋混凝土造,103年8月15日,三層,一層 二層 三層
RPUNMLPLKHKFFCQ96EA,,200.87,住家用,鋼筋混凝土造,103年8月15日,三層,一層 二層 三層
RPRSMLLJLHKFFEQ66CA,,195.24,見其他登記事項,鋼筋混凝土造,103年11月14日,三層,一層 二層 三層 屋頂突出物
RPVOMLOLKHKFFDQ96CA,,174.06,見其他登記事項,鋼筋混凝土造,103年11月20日,三層,一層 二層 三層 見其他登記事項
RPSSMLLJLHKFFEQ76CA,,186.95,見其他登記事項,鋼筋混凝土造,103年11月14日,三層,一層 二層 三層 屋頂突出物
RPTSMLLJLHKFFEQ86CA,,176.41,見其他登記事項,鋼筋混凝土造,103年11月14日,三層,一層 二層 三層 屋頂突出物
RPXNMLOLKHKFFDQ07CA,10,19.73,見其他登記事項,鋼筋混凝土造,94年2月4日,五層,二層
RPXNMLOLKHKFFDQ07CA,10,8.78,見其他登記事項,鋼筋混凝土造,94年2月4日,五層,
RPWNMLRJKHKFFDQ07CA,16,132.56,見其他登記事項,鋼筋混凝土造,88年5月31日,三層,
RPUNMLRJKHKFFDQ86CA,32,105.92,住家用,鋼筋混凝土加強磚造,72年6月1日,二層,一層 二層
RPVNMLRJKHKFFDQ96CA,2,169.05,集合住宅,鋼筋混凝土造,102年1月18日,三層,一層 二層 三層
RPVNMLQKKHKFFCQ86CA,33,36.18,住家用,鋼筋混凝土加強磚造,70年10月12日,一層,一層 騎樓
RPPNMLPKKHKFFBQ68CA,8,19.19,住家用,鋼筋混凝土造,95年8月28日,八層,四層
RPPNMLPKKHKFFBQ68CA,8,7.43,共有部份,鋼筋混凝土造,95年8月28日,,
RPPNMLPKKHKFFBQ68CA,8,4.61,共有部份,鋼筋混凝土造,95年8月28日,,
RPQNMLNKKHKFFBQ58CA,13,5600.08,見其他登記事項,見其他登記事項,90年12月31日,二層,一層 二層
RPTNMLRKKHKFFCQ76CA,21,156.72,住家用,鋼筋混凝土造,82年11月27日,三層,一層 二層 三層 電梯樓梯間
RPUNMLKKKHKFFCQ78CA,22,112.84,住家用,鋼筋混凝土加強磚造,81年10月20日,二層,一層 二層 電梯樓梯間
RPPNMLKKKHKFFBQ18CA,7,244.44,見其他登記事項,鋼筋混凝土造,97年4月8日,四層,一層 二層 三層 四層 地下一層
RPPNMLKKKHKFFBQ18CA,7,4.52,見其他登記事項,鋼筋混凝土造,97年4月8日,三層,
RPPNMLKKKHKFFBQ18CA,7,28.24,停車空間,鋼筋混凝土造,97年4月8日,四層,
RPRNMLTJKHKFFDQ76CA,19,168.83,見其他登記事項,鋼筋混凝土造,85年3月22日,四層,一層 二層 三層 四層
RPPPMLQKKHKFFDQ56CA,11,135.08,住家用,鋼筋混凝土造,92年9月9日,三層,一層 二層 三層
RPWNMLTJKHKFFDQ27CA,20,116.25,住家用,鋼筋混凝土造,83年8月10日,三層,一層 二層 三層
RPVQMLLJLHKFFEQ86CA,,190.21,住家用,鋼筋混凝土造,103年12月22日,四層,一層 二層 三層 四層
RPXNMLTJKHKFFDQ37CA,9,152.21,見其他登記事項,鋼筋混凝土造,94年12月29日,三層,一層 二層 三層
RPPQMLLJLHKFFEQ88CA,,174.72,見其他登記事項,鋼筋混凝土造,103年12月22日,四層,一層 二層 三層 四層
RPOPMLLJLHKFFEQ68CA,,189.04,見其他登記事項,鋼筋混凝土造,103年12月22日,四層,一層 二層 三層 四層
RPRNMLMJLHKFFEQ88CA,,205.66,見其他登記事項,鋼筋混凝土造,103年12月22日,四層,一層 二層 三層 四層
RPQPMLLJLHKFFEQ88CA,,189.13,見其他登記事項,鋼筋混凝土造,103年12月22日,四層,一層 二層 三層 四層
RPQOMLLJLHKFFEQ78CA,,245.46,見其他登記事項,鋼筋混凝土造,103年12月22日,四層,一層 二層 三層 四層 屋頂突出物
RPTRMLLJLHKFFEQ76CA,,193.53,住家用,鋼筋混凝土造,103年12月22日,四層,一層 二層 三層 四層
RPOOMLLJLHKFFEQ58CA,,205.66,見其他登記事項,鋼筋混凝土造,103年12月22日,四層,一層 二層 三層 四層
RPROMLQKKHKFFDQ76DA,,268.56,見其他登記事項,鋼筋混凝土造,103年9月29日,四層,一層 二層 三層 四層 見其他登記事項
RPXNMLMJLHKFFEQ86CA,,184.18,住家用,鋼筋混凝土造,103年12月22日,四層,一層 二層 三層 四層
RPQOMLQKKHKFFDQ66DA,,239.93,見其他登記事項,鋼筋混凝土造,103年9月29日,四層,一層 二層 三層 四層 見其他登記事項
RPVNMLOLKHKFFCQ96EA,10,14.34,見其他登記事項,鋼筋混凝土造,94年1月20日,五層,二層
RPQNMLPJLHKFFDQ09DA,35,106.97,住家用,鋼筋混凝土加強磚造,69年1月18日,二層,一層 二層
RPVNMLKKKHKFFDQ09DA,29,108.38,住家用,鋼筋混凝土加強磚造,75年2月5日,二層,一層 二層
RPVNMLLKKHKFFDQ56DA,16,30.00,農舍,鋼造,88年4月9日,一層,一層
RPVRMLLJLHKFFEQ96CA,,187.00,住家用,鋼筋混凝土造,103年12月22日,四層,一層 二層 三層 四層
RPXNMLNJLHKFFEQ96CA,,184.83,住家用,鋼筋混凝土造,103年12月22日,四層,一層 二層 三層 四層
RPXPMLLJLHKFFEQ96CA,,174.72,見其他登記事項,鋼筋混凝土造,103年12月22日,四層,一層 二層 三層 四層
RPTPMLNJLHKFFEQ76CA,,173.39,住家用,鋼筋混凝土造,103年12月22日,四層,一層 二層 三層 四層
RPQNMLQJLHKFFDQ09CA,17,82.18,見其他登記事項,鋼筋混凝土加強磚造,86年12月1日,一層,一層 見其他登記事項
RPRPMLNJLHKFFEQ56CA,,188.50,住家用,鋼筋混凝土造,103年12月22日,四層,一層 二層 三層 四層
RPRPMLQKKHKFFDQ76CA,29,116.45,住家用,加強磚造,74年7月1日,三層,一層 二層 三層
RPPPMLNJLHKFFEQ98CA,,188.50,住家用,鋼筋混凝土造,103年12月22日,四層,一層 二層 三層 四層
RPQNMLMKKHKFFDQ68CA,16,161.87,住家用,鋼筋混凝土造,88年5月10日,三層,一層 二層 三層
RPPOMLNJLHKFFEQ88CA,,188.39,住家用,鋼筋混凝土造,103年12月22日,四層,一層 二層 三層 四層
RPPNMLKKKHKFFCQ28CA,12,100.16,見其他登記事項,鋼筋混凝土造,91年7月25日,五層,
RPWNMLLKKHKFFDQ56CA,21,32.58,見其他登記事項,鋼筋混凝土造,82年10月6日,九層,八層
RPWNMLLKKHKFFDQ56CA,21,1.60,見其他登記事項,鋼筋混凝土造,82年10月6日,九層,
RPWNMLLKKHKFFDQ56CA,21,8.94,見其他登記事項,鋼筋混凝土造,82年10月6日,九層,
RPWNMLLKKHKFFDQ56CA,21,4.98,見其他登記事項,鋼筋混凝土造,82年10月6日,9,
RPWNMLLKKHKFFCQ09CA,23,135.03,住家用,鋼筋混凝土造,81年3月21日,三層,一層 二層 三層
RPPNMLMKKHKFFCQ48CA,10,226.76,住家用,鋼筋混凝土造,93年8月5日,三層,一層 二層 三層 電梯樓梯間
RPRNMLQJLHKFFCQ66EA,20,220.90,住商用,鋼筋混凝土造,83年9月16日,四層,一層 二層 三層 四層 騎樓 電梯樓梯間
RPRNMLQLKHKFFCQ56CA,1,206.53,見其他登記事項,鋼筋混凝土造,103年2月6日,三層,一層 二層 三層 見其他登記事項
RPQOMLMKKHKFFDQ78CA,8,1.69,見其他登記事項,鋼筋混凝土造,95年7月18日,三層,
RPQOMLMKKHKFFDQ78CA,8,.72,見其他登記事項,鋼筋混凝土造,95年7月18日,一層,
RPQOMLMKKHKFFDQ78CA,8,1.25,見其他登記事項,鋼筋混凝土造,95年7月18日,四層,
RPQOMLMKKHKFFDQ78CA,8,275.71,見其他登記事項,鋼筋混凝土造,95年7月18日,四層,一層 二層 三層 四層
RPOOMLQKKHKFFDQ98CA,1,188.50,見其他登記事項,鋼筋混凝土造,103年5月6日,三層,一層 二層 三層 見其他登記事項
RPXOMLMJLHKFFEQ96CA,,189.81,住家用,鋼筋混凝土造,103年12月22日,四層,一層 二層 三層 四層
RPPOMLMJLHKFFEQ78CA,,188.45,住家用,鋼筋混凝土造,103年12月22日,四層,一層 二層 三層 四層
RPVNMLMJLHKFFEQ66CA,,188.43,住家用,鋼筋混凝土造,103年12月22日,四層,一層 二層 三層 四層
RPWNMLRKKHKFFDQ27DA,9,13.60,見其他登記事項,鋼筋混凝土造,94年8月15日,五層,三層
RPVPMLMJLHKFFEQ86CA,,161.14,住家用,鋼筋混凝土造,103年12月22日,四層,一層 二層 三層 四層
RPPPMLMJLHKFFEQ88CA,,196.09,住家用,鋼筋混凝土造,103年12月22日,四層,一層 二層 三層 四層
RPXNMLMKKHKFFDQ86DA,21,86.02,見其他登記事項,鋼筋混凝土造,82年10月6日,九層,六層
RPXNMLMKKHKFFDQ86DA,21,10.88,見其他登記事項,鋼筋混凝土造,82年10月6日,九層,
RPXNMLMKKHKFFDQ86DA,21,13.34,見其他登記事項,鋼筋混凝土造,82年10月6日,9,
RPVNMLNJLHKFFEQ76CA,,201.99,住家用,鋼筋混凝土造,103年12月22日,四層,一層 二層 三層 四層
RPSNMLNKKHKFFCQ09EA,20,166.12,住家用,鋼筋混凝土造,83年9月8日,三層,一層 二層 三層 電梯樓梯間 夾層
RPROMLNJLHKFFEQ09CA,,187.34,住家用,鋼筋混凝土造,103年12月22日,四層,一層 二層 三層 四層
RPQNMLSKKHKFFDQ66CA,33,97.62,見其他登記事項,鋼筋混凝土加強磚造,71年5月25日,二層,一層 二層 騎樓
RPXNMLQKKHKFFDQ17CA,,209.67,見其他登記事項,鋼筋混凝土造,103年10月28日,三層,一層 二層 三層 見其他登記事項
RPTQMLLJLHKFFEQ66CA,,171.20,見其他登記事項,鋼筋混凝土造,103年12月22日,四層,一層 二層 三層 四層
RPPNMLNKKHKFFDQ68CA,22,116.12,住家用,鋼筋混凝土加強磚造,81年10月9日,二層,一層 二層
RPXOMLNJLHKFFEQ07CA,,188.39,住家用,鋼筋混凝土造,103年12月22日,四層,一層 二層 三層 四層
RPRNMLRKKHKFFDQ66CA,17,171.94,住家用,鋼筋混凝土造,87年3月25日,四層,一層 二層 三層 四層
RPVOMLNJLHKFFEQ86CA,,188.39,住家用,鋼筋混凝土造,103年12月22日,四層,一層 二層 三層 四層
RPTPMLLJLHKFFEQ56CA,,225.77,見其他登記事項,鋼筋混凝土造,103年12月22日,四層,一層 二層 三層 四層 屋頂突出物
RPTOMLNJLHKFFEQ66CA,,188.39,住家用,鋼筋混凝土造,103年12月22日,四層,一層 二層 三層 四層
RPSNMLOJLHKFFDQ09CA,35,181.20,住房,加強磚造,69年3月1日,三層,一層 二層 三層 騎樓 見其他登記事項
RPWNMLOJLHKFFDQ86CA,32,97.00,住家用,鋼筋混凝土加強磚造,71年9月10日,二層,一層 二層
RPPNMLSLKHKFFCQ56CA,33,120.59,住家用,鋼筋混凝土加強磚造,70年12月28日,二層,一層 二層 電梯樓梯間
RPPOMLQKKHKFFBQ88CA,11,254.09,見其他登記事項,鋼筋混凝土造,93年3月26日,四層,一層 二層 三層 四層
RPPOMLQKKHKFFBQ88CA,11,5.48,見其他登記事項,鋼筋混凝土造,93年3月26日,三層,
RPQNMLPKKHKFFBQ78CA,22,160.20,住商用,鋼筋混凝土加強磚造,82年7月11日,三層,一層 二層 三層 騎樓
RPSNMLNKKHKFFBQ78CA,7,284.31,見其他登記事項,鋼筋混凝土造,97年4月8日,四層,一層 二層 三層 四層 地下一層
RPSNMLNKKHKFFBQ78CA,7,4.62,見其他登記事項,鋼筋混凝土造,97年4月8日,三層,
RPSNMLNKKHKFFBQ78CA,7,28.89,停車空間,鋼筋混凝土造,97年4月8日,四層,
RPWNMLRKKHKFFCQ07CA,22,144.74,住家用,鋼筋混凝土造,82年3月8日,二層,一層 二層 電梯樓梯間 夾層
RPWNMLNKKHKFFCQ66CA,22,170.14,住家用,鋼筋混凝土造,82年2月24日,三層,一層 二層 三層
RPSNMLQLKHKFFDQ76CA,4,232.71,住商用,鋼筋混凝土造,99年12月28日,五層,一層 二層 三層 四層 五層
RPVNMLOJLHKFFCQ66CA,1,167.20,見其他登記事項,鋼筋混凝土造,103年12月24日,三層,一層 二層 三層 見其他登記事項
RPTNMLOJLHKFFCQ09CA,1,160.10,見其他登記事項,鋼筋混凝土造,103年12月24日,三層,一層 二層 三層 見其他登記事項
RPWOMLOLKHKFFDQ07CA,1,151.29,見其他登記事項,鋼筋混凝土造,103年11月20日,三層,一層 二層 三層 見其他登記事項
RPUNMLOJLHKFFCQ56CA,,145.96,住家用,鋼筋混凝土造,103年12月24日,三層,一層 二層 三層
RPVPMLLJLHKFFEQ76CA,,169.36,見其他登記事項,鋼筋混凝土造,103年12月22日,四層,一層 二層 三層 四層
RPRQMLLJLHKFFEQ09CA,,174.72,見其他登記事項,鋼筋混凝土造,103年12月22日,四層,一層 二層 三層 四層
RPSNMLRKKHKFFEQ86CA,21,172.35,住家用,鋼筋混凝土造,82年10月22日,三層,一層 二層 三層
RPROMLMJLHKFFEQ98CA,,193.78,住家用,鋼筋混凝土造,103年12月22日,四層,一層 二層 三層 四層
RPTPMLMJLHKFFEQ66CA,,173.44,住家用,鋼筋混凝土造,103年12月22日,四層,一層 二層 三層 四層
RPSOMLLJLHKFFEQ98CA,,205.55,見其他登記事項,鋼筋混凝土造,103年12月22日,四層,一層 二層 三層 四層
RPPNMLTJLHKFFEQ76CA,22,262.88,住家用,鋼筋混凝土造,81年6月25日,三層,一層 二層 三層
RPPRMLLJLHKFFEQ98CA,,198.60,住家用,鋼筋混凝土造,103年12月22日,四層,一層 二層 三層 四層
RPRPMLMJLHKFFEQ09CA,,348.41,住家用,鋼筋混凝土造,103年12月22日,四層,一層 二層 三層 四層
RPXQMLLJLHKFFEQ07CA,,187.00,住家用,鋼筋混凝土造,103年12月22日,四層,一層 二層 三層 四層
RPPSMLLJLHKFFEQ09CA,,187.00,住家用,鋼筋混凝土造,103年12月22日,四層,一層 二層 三層 四層
RPTNMLMJLHKFFEQ09CA,,205.55,見其他登記事項,鋼筋混凝土造,103年12月22日,四層,一層 二層 三層 四層
RPVOMLMJLHKFFEQ76CA,,191.79,住家用,鋼筋混凝土造,103年12月22日,四層,一層 二層 三層 四層
RPUNMLNKKHKFFDQ66DA,9,14.18,見其他登記事項,鋼筋混凝土造,94年8月15日,五層,四層
RPQNMLQLKHKFFBQ09DA,35,123.52,住商用,鋼筋混凝土加強磚造,69年4月12日,二層,一層 二層 騎樓
RPSNMLMKKHKFFCQ88DA,35,99.36,住家用,鋼筋混凝土加強磚造,69年6月20日,二層,一層 二層
RPPOMLQKKHKFFDQ56DA,20,198.57,住家用,鋼筋混凝土造,84年5月18日,四層,一層 二層 三層 四層
RPPNMLNJLHKFFDQ78DA,16,98.67,見其他登記事項,鋼筋混凝土造,88年5月31日,五層,
RPSNMLOLKHKFFDQ66DA,9,15.37,見其他登記事項,鋼筋混凝土造,94年8月15日,五層,四層
RPQNMLTJLHKFFBQ76EA,13,2769.31,見其他登記事項,見其他登記事項,91年4月17日,一層,一層
TPQNMLTJLHKFFBQ96EA,4,1156.68,見其他登記事項,見其他登記事項,99年10月22日,一層,一層
SPQNMLTJLHKFFBQ86EA,3,8797.61,見其他登記事項,見其他登記事項,101年4月16日,二層,一層 二層
VPQNMLTJLHKFFBQ17EA,15,1305.09,見其他登記事項,見其他登記事項,89年6月21日,一層,一層
VPQNMLTJLHKFFBQ17EA,19,82.98,見其他登記事項,磚造,84年8月2日,一層,一層 騎樓
VPQNMLTJLHKFFBQ17EA,19,359.38,見其他登記事項,見其他登記事項,84年8月2日,一層,一層
VPQNMLTJLHKFFBQ17EA,19,87.57,見其他登記事項,磚造,84年8月2日,一層,一層
VPQNMLTJLHKFFBQ17EA,19,1250.00,農業用,鋼造,84年8月2日,一層,一層
VPQNMLTJLHKFFBQ17EA,19,31.96,農業用,磚造,84年8月2日,一層,一層
VPQNMLTJLHKFFBQ17EA,19,2190.45,農業用,鋼造,84年8月2日,一層,一層
VPQNMLTJLHKFFBQ17EA,15,388.73,見其他登記事項,見其他登記事項,89年4月26日,一層,一層
VPQNMLTJLHKFFBQ17EA,15,680.95,見其他登記事項,見其他登記事項,89年4月26日,一層,一層
VPQNMLTJLHKFFBQ17EA,15,16.30,見其他登記事項,鋼造,89年4月26日,一層,一層
VPQNMLTJLHKFFBQ17EA,15,22.12,見其他登記事項,鋼造,89年4月26日,一層,一層
VPQNMLTJLHKFFBQ17EA,15,124.78,見其他登記事項,鋼造,89年4月26日,一層,一層
UPQNMLTJLHKFFBQ07EA,15,1305.09,見其他登記事項,見其他登記事項,89年6月21日,一層,一層
UPQNMLTJLHKFFBQ07EA,15,236.31,見其他登記事項,見其他登記事項,89年6月21日,一層,一層
UPQNMLTJLHKFFBQ07EA,15,72.10,見其他登記事項,見其他登記事項,89年6月21日,一層,一層
UPQNMLTJLHKFFBQ07EA,15,82.32,見其他登記事項,見其他登記事項,89年6月21日,一層,一層
UPQNMLTJLHKFFBQ07EA,15,5.78,見其他登記事項,見其他登記事項,89年6月21日,一層,一層
RPVNMLQKKHKFFEQ07CA,22,38.83,住家用,鋼筋混凝土造,82年4月1日,十八層,十二層
RPVNMLQKKHKFFEQ07CA,22,7.53,見其他登記事項,鋼筋混凝土造,82年4月1日,十八層,
RPVNMLQKKHKFFEQ07CA,22,1.75,見其他登記事項,鋼筋混凝土造,82年4月1日,,
RPWNMLMJLHKFFCQ66DA,20,178.39,住商用,鋼筋混凝土造,84年2月17日,三層,一層 二層 三層 電梯樓梯間 夾層
RPUNMLKKLHKFFEQ09CA,,174.72,見其他登記事項,鋼筋混凝土造,103年12月22日,四層,一層 二層 三層 四層
RPPNMLSKKHKFFDQ56CA,16,87.78,見其他登記事項,鋼筋混凝土造,88年5月31日,五層,
RPVNMLRKKHKFFDQ07CA,16,169.62,住家用,鋼筋混凝土造,88年2月4日,三層,一層 二層 三層
RPQNMLRKKHKFFDQ56CA,16,33.03,住家用,鋼筋混凝土造,87年10月1日,7,二層
RPQNMLRKKHKFFDQ56CA,16,10.58,見使用執照,鋼筋混凝土造,87年10月1日,七層,
RPPNMLOKKHKFFBQ58CA,35,228.96,住家用,鋼筋混凝土加強磚造,68年10月2日,一層,一層
RPQNMLRKKHKFFBQ98CA,27,155.70,住家用,鋼筋混凝土加強磚造,76年10月29日,三層,一層 二層 三層 騎樓
RPWNMLNKKHKFFBQ56CA,7,274.34,見其他登記事項,鋼筋混凝土造,97年4月8日,四層,一層 二層 三層 四層 地下一層
RPWNMLNKKHKFFBQ56CA,7,5.19,見其他登記事項,鋼筋混凝土造,97年4月8日,三層,
RPWNMLNKKHKFFBQ56CA,7,32.46,停車空間,鋼筋混凝土造,97年4月8日,四層,
RPQNMLPLKHKFFDQ09CA,20,137.72,住家用,鋼筋混凝土造,83年8月26日,三層,一層 二層 三層
RPXNMLRKKHKFFCQ17CA,19,17.53,住家用,鋼筋混凝土造,84年8月15日,五層,四層
RPTOMLOLKHKFFCQ66CA,2,207.78,見其他登記事項,鋼筋混凝土造,101年8月13日,四層,一層 二層 三層 四層
RPPNMLPLKHKFFDQ98CA,17,156.75,住家用,鋼筋混凝土造,86年10月29日,四層,一層 二層 三層 四層
RPPNMLRKKHKFFEQ56CA,22,33.90,住家用,鋼筋混凝土造,82年4月1日,十八層,五層
RPPNMLRKKHKFFEQ56CA,22,6.64,見其他登記事項,鋼筋混凝土造,82年4月1日,十八層,
RPPNMLRKKHKFFEQ56CA,22,1.75,見其他登記事項,鋼筋混凝土造,82年4月1日,,
RPWNMLLKLHKFFDQ76DA,34,109.22,住商用,鋼筋混凝土加強磚造,70年4月9日,二層,一層 二層 騎樓
RPVNMLOLKHKFFDQ96DA,22,86.28,住家用,鋼筋混凝土造,82年2月27日,二層,一層 二層
RPRNMLRJLHKFFDQ66CA,,180.44,住家用,鋼筋混凝土造,103年12月9日,四層,一層 二層 三層 四層
RPWNMLKKLHKFFEQ66CA,,187.00,住家用,鋼筋混凝土造,103年12月22日,四層,一層 二層 三層 四層
RPOOMLKKLHKFFEQ58CA,,205.66,見其他登記事項,鋼筋混凝土造,103年12月22日,四層,一層 二層 三層 四層
RPVNMLRJLHKFFDQ07CA,,174.58,住家用,鋼筋混凝土造,103年12月9日,四層,一層 二層 三層 四層
RPPOMLRJLHKFFDQ56CA,,163.08,住家用,鋼筋混凝土造,103年12月9日,四層,一層 二層 三層 四層
RPXNMLRJLHKFFDQ27CA,,152.36,住家用,鋼筋混凝土造,103年12月9日,四層,一層 二層 三層 四層
RPOOMLRJLHKFFDQ09CA,,165.51,住家用,鋼筋混凝土造,103年12月9日,四層,一層 二層 三層 四層
RPWNMLRJLHKFFDQ17CA,,162.92,住家用,鋼筋混凝土造,103年12月9日,四層,一層 二層 三層 四層
RPSNMLRJLHKFFDQ76CA,,180.36,住家用,鋼筋混凝土造,103年12月9日,四層,一層 二層 三層 四層
RPUNMLRJLHKFFDQ96CA,,179.24,住家用,鋼筋混凝土造,103年12月9日,四層,一層 二層 三層 四層
RPOOMLNJLHKFFDQ68CA,19,210.08,住商用,鋼筋混凝土造,85年3月22日,四層,一層 二層 三層 四層
RPPNMLPJLHKFFDQ88CA,13,149.10,見其他登記事項,鋼筋混凝土造,91年6月17日,三層,一層 二層 三層
RPQOMLRJLHKFFDQ66CA,,180.55,住家用,鋼筋混凝土造,103年12月9日,四層,一層 二層 三層 四層
RPSOMLOLKHKFFCQ56CA,27,63.33,住家用,見其他登記事項,77年7月2日,一層,一層
RPQNMLOLKHKFFBQ78CA,18,97.50,住家用,鋼筋混凝土造,86年1月10日,十層,三層
RPQNMLOLKHKFFBQ78CA,18,16.24,見其他登記事項,鋼筋混凝土造,86年1月10日,十層,
RPQNMLOLKHKFFBQ78CA,18,10.18,見其他登記事項,鋼筋混凝土造,86年1月10日,十層,
RPPNMLOJLHKFFDQ78CA,21,178.56,住家用,鋼筋混凝土造,82年10月4日,四層,一層 二層 三層 四層
RPVNMLPJLHKFFBQ66CA,9,17.73,住家用,鋼筋混凝土造,94年10月3日,十層,三層
RPVNMLPJLHKFFBQ66CA,9,.11,見其他登記事項,鋼筋混凝土造,94年10月3日,十層,
RPVNMLPJLHKFFBQ66CA,9,9.36,見其他登記事項,鋼筋混凝土造,94年10月3日,十層,
RPTOMLRJLHKFFDQ96CA,,179.80,住家用,鋼筋混凝土造,103年12月9日,四層,一層 二層 三層 四層
RPROMLRJLHKFFDQ76CA,,161.37,住家用,鋼筋混凝土造,103年12月9日,四層,一層 二層 三層 四層
RPTNMLRJLHKFFDQ86CA,,162.97,住家用,鋼筋混凝土造,103年12月9日,四層,一層 二層 三層 四層
RPOOMLTJLHKFFDQ66CA,18,89.15,見其他登記事項,鋼筋混凝土造,85年10月11日,四層,四層
RPOOMLTJLHKFFDQ66CA,18,30.48,見其他登記事項,鋼筋混凝土造,85年10月11日,五層,
RPOOMLTJLHKFFDQ66CA,18,14.82,見其他登記事項,鋼筋混凝土造,85年10月11日,五層,
RPSOMLRJLHKFFDQ86CA,,159.24,住家用,鋼筋混凝土造,103年12月9日,四層,一層 二層 三層 四層
RPUOMLRJLHKFFDQ07CA,,154.90,住家用,鋼筋混凝土造,103年12月9日,四層,一層 二層 三層 四層
RPPNMLQKLHKFFEQ56CA,8,6628.89,見其他登記事項,鋼筋混凝土造,95年12月8日,五層,一層 二層 三層 四層 五層 地下一層 見其他登記事項
RPPNMLMJLHKFFDQ58CA,35,80.01,住家用,磚造,69年2月27日,一層,一層
RPQNMLNJLHKFFCQ68CA,33,59.21,住家用,加強磚造,70年11月1日,一層,一層
RPSNMLNJLHKFFCQ88CA,18,167.30,住家用,鋼筋混凝土造,86年5月8日,三層,一層 二層 三層
RPTNMLNJLHKFFBQ88CA,13,137.50,住家用,鋼筋混凝土造,90年9月13日,三層,一層 二層 三層
RPSNMLPJLHKFFBQ98CA,37,109.34,住家用,鋼筋混凝土加強磚造,67年4月22日,二層,一層 二層 騎樓
RPVNMLNJLHKFFDQ66CA,41,266.54,見其他登記事項,見其他登記事項,62年9月6日,一層,一層 見其他登記事項
RPPNMLSLKHKFFDQ66CA,37,55.58,住家用,鋼筋混凝土加強磚造,67年3月1日,一層,一層
RPVNMLNJLHKFFDQ66CA,41,199.06,見其他登記事項,鋼造,62年9月6日,一層,一層
RPQNMLLJLHKFFCQ48CA,21,180.87,住家用,鋼筋混凝土造,82年12月2日,三層,一層 二層 三層
RPRNMLNJLHKFFEQ56EA,19,165.43,住家用,鋼筋混凝土造,84年8月30日,四層,一層 二層 三層 四層
RPQNMLNJLHKFFBQ68DA,2,1779.50,見其他登記事項,鋼筋混凝土造,101年9月20日,四層,一層 二層 三層 四層 見其他登記事項
RPPNMLNJLHKFFCQ68DA,,185.00,見其他登記事項,鋼筋混凝土造,103年9月11日,三層,一層 二層 三層 見其他登記事項
RPQNMLKMLHKFFEQ88CA,,175.36,見其他登記事項,鋼筋混凝土造,103年12月22日,四層,一層 二層 三層 四層
RPTNMLPJLHKFFDQ66CA,38,50.71,住家用,見其他登記事項,66年1月31日,一層,一層
RPPNMLSKLHKFFDQ66CA,16,124.21,住家用,鋼筋混凝土造,87年11月24日,三層,一層 二層 三層
RPQNMLLKLHKFFCQ68DA,1,187.01,住家用,鋼筋混凝土造,102年11月29日,四層,一層 二層 三層 四層
RPPNMLQKLHKFFBQ88CA,,294.25,見其他登記事項,鋼筋混凝土造,103年10月24日,三層,一層 二層 三層
RPPNMLQKLHKFFBQ88CA,,294.25,見其他登記事項,鋼筋混凝土造,103年10月24日,三層,一層 二層 三層
RPPNMLQKLHKFFBQ88CA,,294.25,見其他登記事項,鋼筋混凝土造,103年10月24日,三層,一層 二層 三層
RPPNMLQKLHKFFBQ88CA,,294.25,見其他登記事項,鋼筋混凝土造,103年10月24日,三層,一層 二層 三層
RPPNMLQKLHKFFBQ88CA,,294.25,見其他登記事項,鋼筋混凝土造,103年10月24日,三層,一層 二層 三層
RPPNMLQKLHKFFBQ88CA,,294.25,見其他登記事項,鋼筋混凝土造,103年10月24日,三層,一層 二層 三層
RPPNMLQKLHKFFBQ88CA,,294.25,見其他登記事項,鋼筋混凝土造,103年10月24日,三層,一層 二層 三層
RPPNMLQKLHKFFBQ88CA,,294.25,見其他登記事項,鋼筋混凝土造,103年10月24日,三層,一層 二層 三層
RPPNMLQKLHKFFBQ88CA,,420.35,見其他登記事項,鋼筋混凝土造,104年1月6日,三層,一層 二層 三層
RPPNMLQKLHKFFBQ88CA,,430.25,見其他登記事項,鋼筋混凝土造,104年1月6日,三層,一層 二層 三層
RPPNMLQKLHKFFBQ88CA,,434.02,見其他登記事項,鋼筋混凝土造,104年1月6日,三層,一層 二層 三層
RPXNMLOJLHKFFDQ96CA,35,146.37,住商用,鋼筋混凝土加強磚造,69年2月1日,三層,一層 二層 三層 騎樓
RPPNMLOJLHKFFCQ68CA,17,167.27,住家用,鋼筋混凝土造,87年5月6日,三層,一層 二層 三層 電梯樓梯間
RPPNMLLKLHKFFCQ58DA,1,211.96,住家用,鋼筋混凝土造,102年11月29日,四層,一層 二層 三層 四層
RPWNMLSKLHKFFCQ27CA,27,141.70,住家用,鋼筋混凝土加強磚造,76年9月20日,三層,一層 二層 三層 騎樓
RPRNMLOJLHKFFBQ78CA,21,445.20,工業用,見其他登記事項,83年5月12日,一層,一層
RPRNMLOJLHKFFBQ78CA,21,22.82,見其他登記事項,鋼筋混凝土造,83年5月12日,一層,一層
RPUNMLOJLHKFFBQ09CA,,176.65,見其他登記事項,鋼筋混凝土造,103年8月4日,三層,一層 二層 三層 見其他登記事項
RPQOMLKMLHKFFDQ88CA,,69.92,,,,,
RPOOMLKMLHKFFDQ68CA,9,170.63,見其他登記事項,鋼筋混凝土造,94年12月12日,三層,一層 二層 三層
RPPNMLOKLHKFFCQ78CA,21,92.92,見其他登記事項,鋼筋混凝土造,83年8月8日,十一層,十層
RPPNMLOKLHKFFCQ78CA,21,15.71,共有部份,鋼筋混凝土造,83年8月8日,十一層,
RPPNMLOKLHKFFCQ78CA,21,19.30,共有部份,鋼筋混凝土造,83年8月8日,十一層,
RPRNMLLKLHKFFBQ58CA,18,86.27,住家用,鋼筋混凝土造,86年1月10日,十層,六層
RPRNMLLKLHKFFBQ58CA,18,21.65,見其他登記事項,鋼筋混凝土造,86年1月10日,十層,
RPRNMLLKLHKFFBQ58CA,18,15.20,見其他登記事項,鋼筋混凝土造,86年1月10日,十層,
RPQNMLQJLHKFFBQ88CA,22,95.87,住家用,鋼筋混凝土造,82年7月12日,七層,三層
RPTNMLLKLHKFFDQ98CA,21,209.52,住家用,鋼筋混凝土造,82年11月22日,三層,一層 二層 三層 夾層
RPTNMLTJLHKFFCQ96CA,11,341.51,住家用,鋼筋混凝土造,93年5月19日,四層,一層 二層 三層 四層
RPPNMLTJLHKFFCQ56CA,34,156.80,住商用,鋼筋混凝土造,69年10月7日,三層,一層 二層 三層 騎樓
RPQNMLRJLHKFFDQ56CA,34,134.27,住商用,鋼筋混凝土加強磚造,70年6月20日,二層,一層 二層 騎樓
RPTNMLQJLHKFFDQ76CA,22,132.61,住商用,鋼筋混凝土造,81年12月21日,二層,一層 二層
RPUNMLQJLHKFFDQ86CA,11,154.76,住家用,鋼筋混凝土造,93年6月21日,三層,一層 二層 三層
RPQNMLTJLHKFFDQ76CA,4,198.23,見其他登記事項,鋼筋混凝土造,100年7月15日,三層,一層 二層 三層 見其他登記事項
RPPNMLNKLHKFFEQ09EA,33,66.18,住家用,磚造,70年10月8日,一層,一層
RPQNMLPKLHKFFDQ09CA,,160.93,住家用,鋼筋混凝土造,103年12月9日,四層,一層 二層 三層 四層
RPRNMLPKLHKFFDQ56CA,,167.62,住家用,鋼筋混凝土造,103年12月9日,四層,一層 二層 三層 四層
RPTNMLQJNHKFFCQ86CA,21,76.93,住家用,鋼筋混凝土造,82年12月14日,七層,四層
RPRNMLQKLHKFFCQ56CA,35,179.97,住家用,鋼筋混凝土加強磚造,69年7月15日,三層,一層 二層 三層 騎樓 電梯樓梯間
RPROMLMKLHKFFCQ88CA,9,342.12,住家用,鋼筋混凝土造,95年4月18日,三層,一層 二層 三層
RPQNMLKKLHKFFBQ38CA,33,100.35,住商用,鋼筋混凝土加強磚造,71年2月26日,三層,一層 二層 三層
RPVNMLLKLHKFFCQ09CA,14,325.89,住商用,見其他登記事項,90年3月23日,二層,一層 二層 騎樓 電梯樓梯間
RPOOMLQLLHKFFDQ56CA,17,139.12,住家用,鋼筋混凝土造,86年12月29日,三層,一層 二層 三層
RPXNMLKKLHKFFDQ76DA,19,79.19,見其他登記事項,鋼筋混凝土造,84年9月8日,十二層,五層
RPXNMLKKLHKFFDQ76DA,19,16.91,見其他登記事項,鋼筋混凝土造,84年9月8日,十二層,
RPXNMLKKLHKFFDQ76DA,19,19.66,見其他登記事項,鋼筋混凝土造,84年9月8日,十二層,
RPRNMLSKLHKFFDQ86CA,6,159.21,見其他登記事項,鋼筋混凝土造,97年9月3日,三層,一層 二層 三層
RPPNMLOKLHKFFEQ98CA,19,542.81,住家用,鋼筋混凝土造,84年10月19日,五層,一層 二層 三層 四層 五層
RPUNMLTKLHKFFDQ27CA,7,154.76,見其他登記事項,鋼筋混凝土造,97年4月14日,三層,一層 二層 三層 見其他登記事項
RPPOMLQLLHKFFDQ66CA,26,143.58,住家用,加強磚造,77年11月3日,二層,一層 二層 夾層
RPQNMLSKLHKFFDQ76CA,18,252.17,住商用,鋼筋混凝土造,85年11月29日,四層,一層 二層 三層 四層
RPRNMLLKLHKFFDQ78CA,10,15.37,見其他登記事項,鋼筋混凝土造,94年8月15日,五層,五層
RPVNMLMKLHKFFCQ66DA,3,167.37,見其他登記事項,鋼筋混凝土造,100年7月29日,三層,一層 二層 三層 電梯樓梯間
RPQNMLNLLHKFFDQ98CA,9,265.65,見其他登記事項,鋼筋混凝土造,95年2月16日,四層,一層 二層 三層 四層 地下層
RPQNMLNLLHKFFDQ98CA,9,1.59,見其他登記事項,鋼筋混凝土造,94年8月26日,三層,
RPQNMLNLLHKFFDQ98CA,9,5.08,見其他登記事項,鋼筋混凝土造,94年8月26日,二層,
RPQNMLOKLHKFFBQ78CA,18,160.13,住家用,鋼筋混凝土造,86年1月10日,十層,五層
RPQNMLOKLHKFFBQ78CA,18,21.35,見其他登記事項,鋼筋混凝土造,86年1月10日,十層,
RPQNMLOKLHKFFBQ78CA,18,15.09,見其他登記事項,鋼筋混凝土造,86年1月10日,十層,
RPVNMLSKLHKFFCQ17CA,19,22.87,住家用,鋼筋混凝土造,84年8月15日,五層,三層
RPQOMLRJMHKFFCQ66CA,,158.78,住家用,鋼筋混凝土造,104年1月16日,四層,一層 二層 三層 四層
RPSOMLKMLHKFFCQ98CA,33,114.87,住商用,鋼筋混凝土加強磚造,70年10月12日,二層,一層 二層 電梯樓梯間
RPUOMLRJMHKFFCQ07CA,,149.11,住家用,鋼筋混凝土造,104年1月16日,三層,一層 二層 三層
RPSOMLRJMHKFFCQ86CA,,146.63,住家用,鋼筋混凝土造,104年1月16日,三層,一層 二層 三層
RPWOMLRJMHKFFCQ27CA,,149.17,住家用,鋼筋混凝土造,104年1月16日,三層,一層 二層 三層
RPVOMLRJMHKFFCQ17CA,,150.11,住家用,鋼筋混凝土造,104年1月16日,三層,一層 二層 三層
RPXOMLRJMHKFFCQ37CA,,148.24,住家用,鋼筋混凝土造,104年1月16日,三層,一層 二層 三層
RPOPMLRJMHKFFCQ56CA,,149.98,住家用,鋼筋混凝土造,104年1月16日,三層,一層 二層 三層
RPQPMLRJMHKFFCQ76CA,,181.21,住家用,鋼筋混凝土造,104年1月16日,四層,一層 二層 三層 四層
RPXPMLRJMHKFFCQ47CA,,189.94,住家用,鋼筋混凝土造,104年1月16日,四層,一層 二層 三層 四層
RPPNMLQJMHKFFCQ98CA,22,188.30,住家用,鋼筋混凝土造,82年4月26日,三層,一層 二層 三層 電梯樓梯間
RPWNMLOLLHKFFCQ96CA,19,167.11,住商用,鋼筋混凝土造,84年8月30日,三層,一層 二層 三層 騎樓 電梯樓梯間
RPSNMLNLLHKFFBQ98CA,8,17.27,住家用,鋼筋混凝土造,95年8月28日,八層,二層
RPSNMLNLLHKFFBQ98CA,8,4.61,共有部份,鋼筋混凝土造,95年8月28日,,
RPSNMLNLLHKFFBQ98CA,8,7.43,共有部份,鋼筋混凝土造,95年8月28日,,
RPPNMLOKLHKFFBQ68CA,19,98.75,住家用,鋼筋混凝土造,84年10月25日,六層,二層
RPPNMLOKLHKFFBQ68CA,19,28.20,見其他登記事項,鋼筋混凝土造,84年10月25日,六層,
RPRNMLNLLHKFFBQ88CA,8,17.27,住家用,鋼筋混凝土造,95年8月28日,八層,二層
RPRNMLNLLHKFFBQ88CA,8,4.61,共有部份,鋼筋混凝土造,95年8月28日,,
RPRNMLNLLHKFFBQ88CA,8,7.43,共有部份,鋼筋混凝土造,95年8月28日,,
RPSNMLLJMHKFFDQ88CA,18,84.50,見其他登記事項,鋼筋混凝土造,85年10月11日,五層,一層
RPSNMLLJMHKFFDQ88CA,18,30.48,見其他登記事項,鋼筋混凝土造,85年10月11日,五層,
RPSNMLLJMHKFFDQ88CA,18,9.30,見其他登記事項,鋼筋混凝土造,85年10月11日,五層,
RPWNMLMKLHKFFCQ76DA,,185.00,見其他登記事項,鋼筋混凝土造,103年9月11日,三層,一層 二層 三層 見其他登記事項
RPXNMLMKLHKFFCQ86DA,,187.53,見其他登記事項,鋼筋混凝土造,103年9月11日,三層,一層 二層 三層 見其他登記事項
RPSOMLMKLHKFFCQ09DA,,185.00,見其他登記事項,鋼筋混凝土造,103年9月11日,三層,一層 二層 三層 見其他登記事項
RPUOMLMKLHKFFCQ66DA,,185.00,見其他登記事項,鋼筋混凝土造,103年9月11日,三層,一層 二層 三層 見其他登記事項
RPPOMLMKLHKFFCQ78DA,,185.00,見其他登記事項,鋼筋混凝土造,103年9月11日,三層,一層 二層 三層 見其他登記事項
RPUNMLKMLHKFFEQ66CA,,204.81,住家用,鋼筋混凝土造,103年12月22日,四層,一層 二層 三層 四層
RPTOMLMKLHKFFCQ56DA,,185.00,見其他登記事項,鋼筋混凝土造,103年9月11日,三層,一層 二層 三層 見其他登記事項
RPWNMLRJMHKFFEQ37CA,,223.23,見其他登記事項,鋼筋混凝土造,103年12月22日,四層,一層 二層 三層 四層
RPPNMLOLLHKFFEQ09CA,11,495.43,見其他登記事項,見其他登記事項,93年5月25日,二層,一層 二層
RPWNMLKMLHKFFEQ86CA,,187.87,住家用,鋼筋混凝土造,103年12月22日,四層,一層 二層 三層 四層
RPVNMLRJMHKFFDQ27DA,10,15.37,見其他登記事項,鋼筋混凝土造,94年8月15日,五層,四層
RPXNMLNLLHKFFEQ17CA,9,318.11,住家用,鋼筋混凝土造,95年4月19日,三層,一層 二層 三層
RPPNMLSKLHKFFCQ56CA,35,110.59,住家用,鋼筋混凝土加強磚造,68年10月1日,二層,一層 二層
RPTNMLTKLHKFFCQ07CA,19,183.96,住家用,鋼筋混凝土造,85年5月3日,三層,一層 二層 三層 電梯樓梯間
RPSNMLNKLHKFFBQ88CA,7,419.77,見其他登記事項,鋼筋混凝土造,97年4月8日,四層,一層 二層 三層 四層 地下一層
RPSNMLNKLHKFFBQ88CA,7,9.35,見其他登記事項,鋼筋混凝土造,97年4月8日,三層,
RPSNMLNKLHKFFBQ88CA,7,58.43,停車空間,鋼筋混凝土造,97年4月8日,四層,
RPQNMLQKLHKFFCQ09CA,22,160.18,住家用,鋼筋混凝土造,82年6月17日,三層,一層 二層 三層 騎樓 電梯樓梯間
RPTNMLNKLHKFFCQ09CA,20,79.35,見其他登記事項,鋼筋混凝土造,83年8月10日,七層,六層
RPTNMLNKLHKFFCQ09CA,20,8.81,共有部份,鋼筋混凝土造,83年8月10日,七層,
RPTNMLNKLHKFFCQ09CA,20,13.17,共有部份,鋼筋混凝土造,83年8月10日,七層,
RPPNMLQKLHKFFCQ56EA,35,100.10,住家用,鋼筋混凝土加強磚造,69年4月30日,二層,一層 二層 騎樓
RPPNMLRKLHKFFCQ09CA,35,103.41,住家用,鋼筋混凝土加強磚造,69年6月6日,二層,一層 二層 騎樓 電梯樓梯間
RPPNMLSKLHKFFEQ96EA,27,154.84,住家用,鋼筋混凝土加強磚造,77年3月10日,二層,二層 騎樓 一層
RPPNMLMJMHKFFBQ48CA,,434.02,見其他登記事項,鋼筋混凝土造,104年1月6日,三層,一層 二層 三層
RPPNMLMJMHKFFBQ48CA,,1.00,見其他登記事項,鋼筋混凝土造,104年1月6日,一層,
RPUNMLKLLHKFFCQ98CA,36,88.52,住商用,鋼筋混凝土加強磚造,68年1月13日,二層,一層 二層 騎樓
RPPNMLLMLHKFFCQ68CA,20,197.74,住家用,鋼筋混凝土造,83年9月5日,四層,一層 二層 三層 四層 電梯樓梯間 夾層
RPPNMLQKLHKFFDQ09CA,35,105.78,住家用,鋼筋混凝土加強磚造,69年1月18日,二層,一層 二層 騎樓
RPQNMLLMLHKFFCQ78CA,20,197.74,住家用,鋼筋混凝土造,83年9月5日,四層,一層 二層 三層 四層 電梯樓梯間 夾層
RPPNMLPKLHKFFDQ98CA,,171.54,住家用,鋼筋混凝土造,103年12月9日,四層,一層 二層 三層 四層
RPQNMLTKLHKFFBQ76DA,40,49.60,住商用,鋼筋混凝土加強磚造,63年12月11日,二層,一層 二層 騎樓
RPXNMLKMLHKFFEQ96CA,,174.72,見其他登記事項,鋼筋混凝土造,103年12月22日,四層,一層 二層 三層 四層
RPSNMLRKLHKFFBQ66CA,8,15.06,住家用,鋼筋混凝土造,95年8月28日,八層,五層
RPSNMLOKMHKFFCQ56CA,20,188.31,住家用,鋼筋混凝土造,83年10月29日,三層,一層 二層 三層 電梯樓梯間
RPVNMLSKLHKFFBQ07CA,20,89.24,住家用,鋼筋混凝土加強磚造,84年8月22日,二層,一層 二層
RPVNMLRJMHKFFCQ07CA,34,100.33,住家用,鋼筋混凝土加強磚造,70年7月10日,二層,一層 二層 電梯樓梯間
RPTNMLMJMHKFFBQ88CA,,294.25,見其他登記事項,鋼筋混凝土造,103年10月24日,三層,一層 二層 三層
RPQNMLKKMHKFFBQ48CA,,294.25,見其他登記事項,鋼筋混凝土造,103年10月24日,三層,一層 二層 三層
RPPNMLPLLHKFFCQ98CA,,216.00,見其他登記事項,鋼筋混凝土造,104年1月20日,三層,一層 二層 三層 見其他登記事項
RPQNMLPLLHKFFCQ09CA,,185.62,見其他登記事項,鋼筋混凝土造,104年1月20日,三層,一層 二層 三層 見其他登記事項
RPRNMLPLLHKFFCQ56CA,,182.02,見其他登記事項,鋼筋混凝土造,104年1月20日,三層,一層 二層 三層 見其他登記事項
RPPNMLLLLHKFFCQ58CA,21,204.42,住商用,鋼筋混凝土造,83年1月7日,四層,一層 二層 三層 四層
RPSNMLPLLHKFFCQ66CA,,185.13,見其他登記事項,鋼筋混凝土造,104年1月20日,三層,一層 二層 三層 見其他登記事項
RPSNMLLJMHKFFCQ78CA,20,136.04,住家用,鋼筋混凝土造,83年11月2日,三層,一層 二層 三層
RPTNMLKMLHKFFDQ09CA,19,117.95,見其他登記事項,鋼筋混凝土造,85年2月7日,九層,一層 二層 三層
RPTNMLKMLHKFFDQ09CA,19,25.00,見其他登記事項,鋼筋混凝土造,85年2月7日,九層,
RPTNMLKMLHKFFDQ09CA,19,16.99,見其他登記事項,鋼筋混凝土造,85年2月7日,九層,
RPPNMLTKLHKFFBQ56CA,26,179.37,住家用,鋼筋混凝土加強磚造,78年3月13日,三層,一層 二層 三層 騎樓
RPSNMLOLLHKFFDQ76DA,10,13.60,見其他登記事項,鋼筋混凝土造,94年8月15日,五層,四層
RPSNMLOKMHKFFDQ66CA,21,83.07,住家用,鋼筋混凝土造,82年12月29日,三層,一層 二層 三層
RPTNMLLMLHKFFCQ09CA,,176.56,住家用,鋼筋混凝土造,103年8月15日,三層,一層 二層 三層
RPUOMLKMLHKFFCQ56CA,13,99.21,見其他登記事項,鋼筋混凝土造,91年7月25日,五層,
RPUOMLKMLHKFFCQ56CA,13,12.74,見其他登記事項,鋼筋混凝土造,91年7月25日,五層,
RPUOMLKMLHKFFCQ56CA,13,33.34,停車空間,鋼筋混凝土造,91年7月25日,五層,
RPPNMLNLLHKFFCQ78CA,35,101.40,住家用,鋼筋混凝土加強磚造,69年6月20日,二層,一層 二層
RPTNMLNLLHKFFEQ96EA,36,92.05,住家用,鋼筋混凝土加強磚造,68年7月25日,二層,一層 二層 騎樓
RPRNMLKLLHKFFCQ68CA,19,80.31,見其他登記事項,鋼筋混凝土造,85年2月9日,五層,三層
RPRNMLKLLHKFFCQ68CA,19,.89,共有部份,鋼筋混凝土造,85年2月9日,五層,
RPRNMLKLLHKFFCQ68CA,19,2.89,共有部份,鋼筋混凝土造,85年2月9日,五層,
RPRNMLKLLHKFFCQ68CA,19,2.89,共有部份,鋼筋混凝土造,85年2月9日,五層,
RPRNMLKLLHKFFCQ68CA,19,2.65,共有部份,鋼筋混凝土造,85年2月9日,五層,
RPQNMLLLLHKFFDQ78CA,16,124.21,住家用,鋼筋混凝土造,87年11月24日,三層,一層 二層 三層
RPOOMLKLLHKFFDQ58CA,27,212.34,住商用,鋼筋混凝土造,77年1月8日,三層,一層 二層 三層 騎樓
RPWNMLOKMHKFFDQ07CA,33,220.20,住商用,鋼筋混凝土加強磚造,71年3月25日,三層,一層 二層 三層 騎樓
RPTOMLNLLHKFFDQ76CA,22,167.49,見其他登記事項,鋼筋混凝土造,82年1月9日,四層,一層 二層 三層 四層
RPQNMLTLLHKFFDQ96CA,,169.31,住家用,鋼筋混凝土造,103年12月27日,三層,一層 二層 三層
RPPNMLTLLHKFFDQ86CA,,172.64,住家用,鋼筋混凝土造,103年12月27日,三層,一層 二層 三層
RPPNMLNLLHKFFDQ98DA,22,186.90,住家用,鋼筋混凝土造,82年4月22日,四層,一層 二層 三層 四層
RPUNMLPLLHKFFCQ86CA,21,204.42,住商用,鋼筋混凝土造,83年1月5日,四層,一層 二層 三層 四層
RPRNMLTLLHKFFDQ07CA,,169.31,住家用,鋼筋混凝土造,103年12月27日,三層,一層 二層 三層
RPUNMLOKMHKFFCQ76CA,23,132.90,住家用,鋼筋混凝土造,81年7月31日,三層,一層 二層 三層
RPPNMLOLLHKFFBQ78CA,22,207.25,住商用,鋼筋混凝土加強磚造,81年12月24日,四層,一層 二層 三層 四層
RPQNMLOLLHKFFBQ88CA,7,284.31,見其他登記事項,鋼筋混凝土造,97年4月8日,四層,一層 二層 三層 四層 地下一層
RPQNMLOLLHKFFBQ88CA,7,4.62,見其他登記事項,鋼筋混凝土造,97年4月8日,三層,
RPQNMLOLLHKFFBQ88CA,7,28.89,停車空間,鋼筋混凝土造,97年4月8日,四層,
RPTNMLKMLHKFFCQ98CA,20,19.15,住家用,鋼筋混凝土造,84年8月15日,五層,四層
RPVNMLMJMHKFFBQ09CA,,420.46,見其他登記事項,鋼筋混凝土造,104年1月6日,三層,一層 二層 三層
RPVNMLMJMHKFFBQ09CA,,1.00,見其他登記事項,鋼筋混凝土造,104年1月6日,一層,
RPXNMLMJMHKFFBQ66CA,,294.25,見其他登記事項,鋼筋混凝土造,103年10月24日,三層,一層 二層 三層
RPUNMLPLLHKFFDQ96CA,1,171.12,見其他登記事項,鋼筋混凝土造,103年4月21日,四層,一層 二層 三層 四層
RPSNMLTLLHKFFDQ17CA,,169.31,住家用,鋼筋混凝土造,103年12月27日,三層,一層 二層 三層
RPWNMLMJMHKFFBQ56CA,,430.25,見其他登記事項,鋼筋混凝土造,104年1月6日,三層,一層 二層 三層
RPWNMLMJMHKFFBQ56CA,,1.00,見其他登記事項,鋼筋混凝土造,104年1月6日,一層,
RPTNMLTLLHKFFDQ27CA,,169.31,住家用,鋼筋混凝土造,103年12月27日,三層,一層 二層 三層
RPQNMLQJMHKFFDQ56CA,18,159.49,住家用,鋼筋混凝土造,86年1月3日,三層,一層 二層 三層
RPPNMLPLLHKFFDQ56DA,13,148.71,住家用,鋼筋混凝土造,91年8月16日,三層,一層 二層 三層
RPPNMLQLLHKFFDQ66DA,32,106.64,住家用,鋼筋混凝土加強磚造,72年6月1日,二層,一層 二層
RPQNMLPLLHKFFDQ66DA,7,262.22,見其他登記事項,鋼筋混凝土造,97年5月16日,四層,一層 二層 三層 四層 地下一層
RPRNMLQLLHKFFBQ66DA,30,112.51,住家用,鋼筋混凝土加強磚造,73年11月30日,二層,騎樓 一層 二層
RPWNMLOLLHKFFDQ07CA,23,147.38,住商用,鋼筋混凝土造,81年2月26日,三層,
RPUNMLTJMHKFFDQ37DA,32,97.00,住家用,鋼筋混凝土加強磚造,71年9月10日,二層,一層 二層
RPPNMLKLMHKFFBQ58DA,13,19.37,住家用,鋼筋混凝土造,91年4月23日,四層,三層
RPPNMLKLMHKFFBQ58DA,13,1.83,共有部份,鋼筋混凝土造,91年4月23日,四層,
RPPNMLKLMHKFFBQ58DA,13,4.85,共有部份,鋼筋混凝土造,91年4月23日,四層,
RPXNMLQLLHKFFDQ47DA,10,166.97,住家用,鋼筋混凝土造,94年1月27日,三層,一層 二層 三層
RPWNMLTLLHKFFDQ57CA,,184.67,住家用,鋼筋混凝土造,103年12月27日,三層,一層 二層 三層
RPPOMLTLLHKFFDQ96CA,,169.31,住家用,鋼筋混凝土造,103年12月27日,三層,一層 二層 三層
RPVNMLTLLHKFFDQ47CA,,158.31,見其他登記事項,鋼筋混凝土造,103年12月27日,三層,一層 二層 三層
RPUNMLKKMHKFFDQ09CA,9,1.59,見其他登記事項,鋼筋混凝土造,94年8月26日,三層,
RPUNMLKKMHKFFDQ09CA,9,5.08,見其他登記事項,鋼筋混凝土造,94年8月26日,二層,
RPUNMLKKMHKFFDQ09CA,7,265.65,見其他登記事項,鋼筋混凝土造,96年9月29日,四層,一層 二層 三層 四層 地下一層
RPUNMLTLLHKFFDQ37CA,,169.31,見其他登記事項,鋼筋混凝土造,103年12月27日,三層,一層 二層 三層
RPOOMLTLLHKFFDQ86CA,,169.32,住家用,鋼筋混凝土造,103年12月27日,三層,一層 二層 三層
RPXNMLTLLHKFFDQ67CA,,169.31,住家用,鋼筋混凝土造,103年12月27日,三層,一層 二層 三層
RPQOMLTLLHKFFDQ07CA,,169.31,住家用,鋼筋混凝土造,103年12月27日,三層,一層 二層 三層
RPROMLTLLHKFFDQ17CA,,178.14,住家用,鋼筋混凝土造,103年12月27日,三層,一層 二層 三層
RPPNMLRLLHKFFCQ56CA,22,196.17,住家用,鋼筋混凝土造,82年4月17日,三層,一層 二層 三層 電梯樓梯間
RPROMLLMLHKFFCQ98CA,,250.21,住家用,鋼筋混凝土造,103年11月18日,四層,一層 二層 三層 四層
RPSNMLLMLHKFFCQ98CA,22,153.94,住商用,見使用執照,81年10月30日,三層,一層 二層 三層 電梯樓梯間
RPQOMLTJMHKFFCQ86CA,21,91.81,見其他登記事項,鋼筋混凝土造,83年8月8日,十一層,四層
RPUNMLKMLHKFFCQ09CA,20,21.08,住家用,鋼筋混凝土造,84年8月15日,五層,四層
RPQOMLTJMHKFFCQ86CA,21,15.71,共有部份,鋼筋混凝土造,83年8月8日,十一層,
RPQOMLTJMHKFFCQ86CA,21,19.30,共有部份,鋼筋混凝土造,83年8月8日,十一層,
RPVNMLKMLHKFFCQ56CA,,189.05,見其他登記事項,鋼筋混凝土造,104年1月20日,三層,一層 二層 三層 見其他登記事項
RPSPMLRJMHKFFCQ96CA,,149.96,住家用,鋼筋混凝土造,104年1月16日,三層,一層 二層 三層
RPVNMLQLLHKFFDQ17CA,8,285.21,見其他登記事項,鋼筋混凝土造,95年12月5日,四層,一層 二層 三層 四層 地下層 見其他登記事項
RPTNMLLJMHKFFBQ78CA,1,38.80,見其他登記事項,鋼筋混凝土造,103年6月25日,五層,四層
RPTNMLLJMHKFFBQ78CA,1,11.09,見其他登記事項,鋼筋混凝土造,103年6月25日,五層,
RPUPMLRJMHKFFCQ17CA,,148.53,住家用,鋼筋混凝土造,104年1月16日,三層,一層 二層 三層
RPRNMLQLLHKFFDQ86DA,34,122.16,住商用,鋼筋混凝土加強磚造,70年1月14日,二層,一層 二層
RPPNMLNKMHKFFBQ68CA,41,85.92,住家用,見其他登記事項,63年1月15日,一層,
RPXNMLOKMHKFFDQ17CA,18,75.61,住家用,鋼筋混凝土造,86年5月24日,五層,四層
RPXNMLOKMHKFFDQ17CA,18,10.31,見其他登記事項,鋼筋混凝土造,86年5月24日,五層,
RPXNMLOKMHKFFDQ17CA,18,24.40,見其他登記事項,鋼筋混凝土造,86年5月24日,五層,
RPQOMLRLLHKFFDQ86CA,18,160.25,住家用,鋼筋混凝土造,86年4月25日,三層,一層 二層 三層
RPRNMLLMLHKFFEQ09CA,1,186.10,住家用,鋼筋混凝土造,103年6月4日,四層,一層 二層 三層 四層
RPPNMLRJMHKFFDQ56CA,16,124.21,住家用,鋼筋混凝土造,87年11月24日,三層,一層 二層 三層
RPPOMLPKMHKFFCQ09CA,8,1071.05,見其他登記事項,鋼筋混凝土造,96年3月13日,五層,一層 二層 三層 四層 五層 電梯樓梯間
RPPNMLKLMHKFFCQ58CA,9,228.34,見其他登記事項,鋼筋混凝土造,95年8月14日,四層,一層 二層 三層 四層
RPQOMLKMLHKFFCQ78CA,14,16.00,住家用,見其他登記事項,89年12月11日,一層,
RPPNMLRJMHKFFCQ09CA,13,125.47,住家用,鋼筋混凝土造,91年1月14日,三層,
RPTNMLMJMHKFFCQ98CA,20,219.50,住商用,鋼筋混凝土造,83年9月16日,四層,二層 三層 一層 電梯樓梯間
RPUNMLRLLHKFFCQ07CA,9,156.98,見其他登記事項,鋼筋混凝土造,94年8月24日,三層,一層 二層 三層 電梯樓梯間
RPRNMLLJMHKFFCQ68CA,22,79.76,住家用,鋼筋混凝土造,81年11月30日,五層,三層
RPRNMLLJMHKFFCQ68CA,22,8.04,共有部份,鋼筋混凝土造,81年11月30日,地下層,
RPRNMLLJMHKFFCQ68CA,22,6.94,共有部份,鋼筋混凝土造,81年11月30日,五層,
RPTPMLRJMHKFFCQ07CA,,149.18,住家用,鋼筋混凝土造,104年1月16日,三層,一層 二層 三層
RPVNMLTKMHKFFCQ37CA,35,109.14,住商用,鋼筋混凝土加強磚造,68年9月24日,二層,一層 二層 電梯樓梯間 夾層
RPQNMLLJMHKFFBQ48CA,40,84.00,住家用,鋼筋混凝土加強磚造,64年8月21日,二層,一層 二層
RPQNMLLMLHKFFBQ68CA,7,244.44,見其他登記事項,鋼筋混凝土造,97年4月8日,四層,一層 二層 三層 四層 地下一層
RPQNMLLMLHKFFBQ68CA,7,4.52,見其他登記事項,鋼筋混凝土造,97年4月8日,三層,
RPQNMLLMLHKFFBQ68CA,7,28.24,停車空間,鋼筋混凝土造,97年4月8日,四層,
RPQNMLRJMHKFFDQ66CA,35,90.10,住家用,鋼筋混凝土加強磚造,69年4月1日,二層,一層 二層
RPQOMLMJMHKFFBQ68CA,,294.25,見其他登記事項,鋼筋混凝土造,103年10月24日,三層,一層 二層 三層
RPSNMLSJMHKFFDQ07DA,10,11.52,見其他登記事項,鋼筋混凝土造,94年8月15日,五層,四層
RPQNMLLJMHKFFDQ68CA,19,175.39,住家用,鋼筋混凝土造,84年10月2日,三層,一層 二層 三層
RPWNMLQKMHKFFEQ37CA,,173.92,住家用,鋼筋混凝土造,103年12月22日,四層,一層 二層 三層 四層
RPWNMLLMLHKFFDQ86CA,36,48.80,住家用,加強磚造,68年7月20日,二層,一層 二層
RPWNMLLMLHKFFDQ86CA,36,48.80,住家用,加強磚造,68年7月20日,二層,一層 二層
RPTNMLLLMHKFFBQ98CA,86,66.51,住家用,木造,18年3月20日,一層,一層
RPQNMLLJMHKFFCQ58CA,18,105.97,見其他登記事項,鋼筋混凝土造,85年11月15日,五層,五層
RPQNMLLJMHKFFCQ58CA,18,.52,共有部份,鋼筋混凝土造,85年11月15日,地下二層,
RPQNMLLJMHKFFCQ58CA,18,9.83,共有部份,鋼筋混凝土造,85年11月5日,五層,
RPPNMLLJMHKFFBQ38CA,21,109.10,住家用,鋼筋混凝土造,83年5月12日,七層,三層
RPWNMLRJMHKFFCQ17CA,21,92.92,見其他登記事項,鋼筋混凝土造,83年8月8日,十一層,五層
RPWNMLRJMHKFFCQ17CA,21,15.71,共有部分,鋼筋混凝土造,83年8月8日,十一層,
RPWNMLRJMHKFFCQ17CA,21,19.30,共有部分,鋼筋混凝土造,83年8月8日,十一層,
RPQNMLMJMHKFFCQ68CA,21,134.90,住家用,鋼筋混凝土造,83年1月20日,三層,一層 二層 三層 電梯樓梯間
RPVPMLRJMHKFFCQ27CA,,149.34,住家用,鋼筋混凝土造,104年1月16日,三層,一層 二層 三層
RPWNMLNKMHKFFCQ86CA,9,228.34,見其他登記事項,鋼筋混凝土造,95年8月23日,四層,一層 二層 三層 四層
RPTNMLMJMHKFFDQ09CA,20,171.37,住商用,鋼筋混凝土造,84年6月20日,三層,一層 二層 三層
RPPNMLSKMHKFFCQ66CA,21,163.83,住商用,鋼筋混凝土造,83年8月8日,十一層,一層 二層 三層 騎樓
RPPNMLSKMHKFFCQ66CA,21,17.82,共有部份,鋼筋混凝土造,83年8月8日,十一層,
RPPNMLSKMHKFFCQ66CA,21,19.30,共有部份,鋼筋混凝土造,83年8月8日,十一層,
RPPNMLKKMHKFFDQ58CA,34,63.27,住家用,磚造,70年6月5日,一層,一層
RPRNMLSKMHKFFDQ96CA,23,152.45,住家用,鋼筋混凝土造,81年7月4日,三層,一層 二層 三層
RPTNMLSLMHKFFBQ27EA,18,87.82,住家用,鋼筋混凝土造,85年8月15日,十四層,十三層 十四層
RPRNMLTJMHKFFDQ07DA,16,121.04,住家用,鋼筋混凝土造,88年7月16日,三層,一層 二層 三層
RPTNMLRJMHKFFDQ07DA,19,138.24,見其他登記事項,見其他登記事項,84年10月27日,三層,一層 二層 三層
RPSNMLMJMHKFFBQ88DA,2,125.34,見其他登記事項,鋼筋混凝土造,102年7月15日,三層,一層 二層 三層 見其他登記事項
RPUNMLLLMHKFFEQ76CA,27,292.61,住商用,鋼筋混凝土造,77年8月4日,三層,一層 二層 三層 騎樓
RPOOMLPLMHKFFCQ09CA,24,124.54,住家用,鋼筋混凝土造,80年7月19日,三層,一層 二層 三層
RPPOMLRJMHKFFCQ56CA,1,263.47,住家用,鋼筋混凝土造,103年8月13日,四層,一層 二層 三層 四層
RPRNMLRJMHKFFDQ76CA,33,107.87,住家用,鋼筋混凝土加強磚造,70年11月27日,二層,一層 二層 騎樓
RPSNMLQKMHKFFBQ66CA,9,16.18,住家用,鋼筋混凝土造,94年10月3日,十層,九層
RPSNMLQKMHKFFBQ66CA,9,16.18,住家用,鋼筋混凝土造,94年10月3日,十層,九層
RPUOMLMJMHKFFBQ09CA,,294.25,見其他登記事項,鋼筋混凝土造,103年10月24日,三層,一層 二層 三層
RPSOMLMJMHKFFBQ88CA,,294.25,見其他登記事項,鋼筋混凝土造,103年10月24日,三層,一層 二層 三層
RPTNMLSJMHKFFBQ86CA,7,259.64,見其他登記事項,鋼筋混凝土造,97年4月8日,四層,一層 二層 三層 四層 地下一層
RPTNMLSJMHKFFBQ86CA,7,4.15,見其他登記事項,鋼筋混凝土造,97年4月8日,三層,
RPTNMLSJMHKFFBQ86CA,7,25.97,停車空間,鋼筋混凝土造,97年4月8日,四層,
RPRNMLKLMHKFFBQ68CA,21,82.99,住家用,鋼筋混凝土造,83年5月12日,七層,一層
RPRNMLKLMHKFFBQ68CA,21,20.10,見其他登記事項,鋼筋混凝土造,83年5月12日,七層,
RPRNMLSJMHKFFBQ66CA,7,261.63,見其他登記事項,鋼筋混凝土造,97年4月8日,四層,一層 二層 三層 四層 地下一層
RPRNMLMJNHKFFCQ88CA,33,121.17,住家用,鋼筋混凝土加強磚造,70年12月17日,二層,一層 二層 電梯樓梯間
RPUNMLTJMHKFFCQ17CA,13,125.47,住家用,鋼筋混凝土造,91年1月14日,三層,
RPRNMLOLMHKFFCQ56CA,35,131.50,住家用,鋼筋混凝土加強磚造,69年3月1日,二層,一層 二層 騎樓 電梯樓梯間
SPRNMLOLMHKFFCQ66CA,35,132.65,住家用,鋼筋混凝土加強磚造,69年3月1日,二層,一層 二層 騎樓 電梯樓梯間
RPXNMLRJMHKFFDQ37CA,4,200.64,見其他登記事項,鋼筋混凝土造,100年7月15日,三層,一層 二層 三層 見其他登記事項
RPUNMLRJMHKFFDQ17DA,19,138.24,見其他登記事項,見其他登記事項,84年10月27日,三層,一層 二層 三層
RPWNMLKKMHKFFDQ66CA,9,1.71,見其他登記事項,鋼筋混凝土造,95年7月18日,三層,
RPWNMLKKMHKFFDQ66CA,9,.72,見其他登記事項,鋼筋混凝土造,95年7月18日,一層,
RPWNMLKKMHKFFDQ66CA,9,1.26,見其他登記事項,鋼筋混凝土造,95年7月18日,四層,
RPWNMLKKMHKFFDQ66CA,9,281.47,見其他登記事項,鋼筋混凝土造,95年7月18日,四層,一層 二層 三層 四層
RPRNMLSJMHKFFEQ17EA,22,118.55,住家用,鋼筋混凝土造,82年4月1日,十八層,二層
RPRNMLRJMHKFFCQ86EA,19,165.72,住家用,鋼筋混凝土造,85年7月29日,三層,一層 二層 三層 電梯樓梯間
RPQNMLTJMHKFFEQ96CA,22,118.55,住家用,鋼筋混凝土造,82年4月1日,十八層,十五層
RPQNMLTJMHKFFEQ96CA,22,19.59,見其他登記事項,鋼筋混凝土造,82年4月1日,十八層,
RPQNMLTJMHKFFEQ96CA,22,5.61,見其他登記事項,鋼筋混凝土造,82年4月1日,,
RPTNMLLLMHKFFCQ09CA,20,85.27,住家用,鋼筋混凝土造,83年11月11日,十一層,四層
RPTNMLLLMHKFFCQ09CA,20,10.33,共有部份,鋼筋混凝土造,83年11月11日,十一層,
RPTNMLLLMHKFFCQ09CA,20,3.18,共有部份,鋼筋混凝土造,83年11月11日,十一層,
RPRNMLKKMHKFFBQ58CA,,294.25,見其他登記事項,鋼筋混凝土造,103年10月24日,三層,一層 二層 三層
RPQNMLNLMHKFFBQ88CA,23,272.16,住家用,鋼筋混凝土加強磚造,81年1月20日,四層,一層 二層 三層 四層
RPUNMLPKMHKFFBQ76CA,1,38.80,見其他登記事項,鋼筋混凝土造,103年6月25日,五層,四層
RPUNMLPKMHKFFBQ76CA,1,11.09,見其他登記事項,鋼筋混凝土造,103年6月25日,五層,
RPTNMLKKMHKFFBQ78CA,,294.25,見其他登記事項,鋼筋混凝土造,103年10月24日,三層,一層 二層 三層
RPQNMLRJNHKFFCQ66CA,,222.35,見其他登記事項,鋼筋混凝土造,103年11月17日,四層,一層 二層 三層 四層
RPPNMLRJNHKFFCQ56CA,,223.34,見其他登記事項,鋼筋混凝土造,103年11月17日,四層,一層 二層 三層 四層
RPTNMLSKMHKFFCQ07CA,1,231.46,見其他登記事項,鋼筋混凝土造,103年7月21日,四層,一層 二層 三層 四層 見其他登記事項
RPTNMLPKMHKFFBQ66CA,1,38.80,見其他登記事項,鋼筋混凝土造,103年6月25日,五層,四層
RPTNMLPKMHKFFBQ66CA,1,11.09,見其他登記事項,鋼筋混凝土造,103年6月25日,五層,
RPSNMLSKMHKFFDQ07CA,35,102.51,住家用,鋼筋混凝土加強磚造,69年5月7日,二層,一層 二層
RPRNMLKLMHKFFCQ88DA,20,176.63,住商用,鋼筋混凝土造,84年5月18日,三層,一層 二層 三層 騎樓 電梯樓梯間
RPRNMLRJNHKFFCQ76CA,,222.35,見其他登記事項,鋼筋混凝土造,103年11月17日,四層,一層 二層 三層 四層
RPSNMLRJNHKFFCQ86CA,,226.08,見其他登記事項,鋼筋混凝土造,103年11月17日,四層,一層 二層 三層 四層
RPUNMLQKMHKFFDQ07CA,1,191.26,見其他登記事項,鋼筋混凝土造,103年5月6日,三層,一層 二層 三層 見其他登記事項
RPVNMLOKMHKFFDQ96CA,,163.36,住家用,鋼筋混凝土造,103年12月9日,四層,一層 二層 三層 四層
RPQNMLLKMHKFFCQ68CA,13,105.92,見其他登記事項,鋼筋混凝土造,91年7月25日,五層,
RPQNMLLKMHKFFCQ68CA,13,15.40,見其他登記事項,鋼筋混凝土造,91年7月25日,五層,
RPQNMLLKMHKFFCQ68CA,13,33.34,停車空間,鋼筋混凝土造,91年7月25日,五層,
RPSNMLSKMHKFFCQ96CA,35,103.22,住家用,鋼筋混凝土加強磚造,69年3月31日,二層,一層 二層 電梯樓梯間
RPUNMLSLMHKFFCQ27CA,22,160.61,住家用,鋼筋混凝土造,82年9月16日,三層,一層 二層 三層
RPVNMLNLMHKFFDQ96CA,47,47.53,住家用,竹造,57年7月1日,一層,一層
RPXNMLPLMHKFFDQ37CA,9,187.92,住家用,鋼筋混凝土造,95年4月19日,三層,一層 二層 三層
RPUNMLNLMHKFFBQ66CA,9,17.49,住家用,鋼筋混凝土造,94年10月3日,十層,八層
RPUNMLNLMHKFFBQ66CA,9,16.18,住家用,鋼筋混凝土造,94年10月3日,十層,七層
RPVNMLKKMHKFFBQ98CA,,294.25,見其他登記事項,鋼筋混凝土造,103年10月24日,三層,一層 二層 三層
RPVNMLKKMHKFFBQ98CA,,1.00,見其他登記事項,鋼筋混凝土造,104年1月6日,一層,
RPROMLPLMHKFFCQ76CA,,152.05,住家用,鋼筋混凝土造,103年12月24日,三層,一層 二層 三層
RPTNMLKLMHKFFBQ88CA,55,47.45,住家用,磚造,48年10月15日,一層,一層 騎樓
RPPOMLPLMHKFFCQ56CA,,154.48,住家用,鋼筋混凝土造,103年12月24日,三層,一層 二層 三層
RPQOMLPLMHKFFCQ66CA,,152.05,住家用,鋼筋混凝土造,103年12月24日,三層,一層 二層 三層
RPXNMLPLMHKFFCQ27CA,,185.12,見其他登記事項,鋼筋混凝土造,103年12月24日,三層,一層 二層 三層 見其他登記事項
RPWNMLPLMHKFFCQ17CA,,191.96,見其他登記事項,鋼筋混凝土造,103年12月24日,三層,一層 二層 三層 見其他登記事項
RPUOMLPLMHKFFCQ07CA,,213.99,住家用,鋼筋混凝土造,103年12月24日,四層,一層 二層 三層 四層
RPSOMLPLMHKFFCQ86CA,,168.80,見其他登記事項,鋼筋混凝土造,103年12月24日,三層,一層 二層 三層 見其他登記事項
RPTOMLPLMHKFFCQ96CA,,177.33,見其他登記事項,鋼筋混凝土造,103年12月24日,三層,一層 二層 三層 見其他登記事項
RPQNMLPKMHKFFDQ56CA,20,75.24,農舍,鋼筋混凝土加強磚造,83年10月13日,一層,一層
RPRNMLOKMHKFFCQ66EA,9,199.80,見其他登記事項,鋼筋混凝土造,95年8月23日,四層,一層 二層 三層 四層
RPQNMLNKMHKFFBQ88DA,29,117.72,住家用,鋼筋混凝土加強磚造,75年5月12日,二層,一層 二層
RPTNMLSJNHKFFDQ17CA,37,108.60,住家用,鋼筋混凝土加強磚造,67年9月25日,二層,一層 二層 騎樓
RPPPMLPLMHKFFCQ66CA,1,248.49,見其他登記事項,鋼筋混凝土造,103年8月6日,四層,一層 二層 三層 四層 見其他登記事項
RPUNMLMLMHKFFDQ76CA,33,113.56,住家用,鋼筋混凝土加強磚造,70年12月11日,二層,一層 二層 騎樓
RPUNMLKLMHKFFDQ56CA,21,139.00,住家用,鋼筋混凝土造,83年1月11日,三層,一層 二層 三層
RPSNMLPLMHKFFCQ76CA,,162.25,住家用,鋼筋混凝土造,103年12月24日,三層,一層 二層 三層
RPXNMLKLMHKFFCQ76CA,21,79.05,住家用,鋼筋混凝土造,82年12月14日,七層,七層
RPXNMLKLMHKFFCQ76CA,21,7.89,共有部分,鋼筋混凝土造,82年12月14日,七層,
RPXNMLKLMHKFFCQ76CA,21,5.84,共有部分,鋼筋混凝土造,82年12月14日,七層,
RPTNMLPLMHKFFCQ86CA,,169.19,見其他登記事項,鋼筋混凝土造,103年12月24日,三層,一層 二層 三層 見其他登記事項
RPVNMLKLMHKFFCQ56CA,22,201.95,住家用,鋼筋混凝土造,82年5月27日,三層,一層 二層 三層 電梯樓梯間
RPQNMLPLMHKFFCQ56CA,,210.16,住家用,鋼筋混凝土造,103年12月24日,三層,一層 二層 三層
RPUNMLPLMHKFFCQ96CA,,145.96,住家用,鋼筋混凝土造,103年12月24日,三層,一層 二層 三層
RPTNMLMLMHKFFCQ56CA,20,203.27,住商用,鋼筋混凝土造,84年7月28日,三層,一層 二層 三層 騎樓 電梯樓梯間
RPQNMLTKMHKFFBQ76CA,12,17.93,住家用,鋼筋混凝土造,92年8月21日,五層,三層
RPQNMLTKMHKFFBQ76CA,12,4.74,見其他登記事項,鋼筋混凝土造,92年8月21日,五層,
RPSNMLOKMHKFFBQ09CA,7,149.05,見其他登記事項,鋼筋混凝土造,97年4月8日,四層,一層 二層 三層 四層 地下一層
RPSNMLOKMHKFFBQ09CA,7,2.23,見其他登記事項,鋼筋混凝土造,97年4月8日,三層,
RPSNMLOKMHKFFBQ09CA,7,13.96,停車空間,鋼筋混凝土造,97年4月8日,四層,
RPSNMLOKMHKFFBQ09CA,7,149.05,見其他登記事項,鋼筋混凝土造,97年4月8日,四層,一層 二層 三層 四層 地下一層
RPSNMLOKMHKFFBQ09CA,7,2.23,見其他登記事項,鋼筋混凝土造,97年4月8日,三層,
RPSNMLOKMHKFFBQ09CA,7,13.96,停車空間,鋼筋混凝土造,97年4月8日,四層,
RPRNMLPKMHKFFBQ09CA,37,237.57,住家用,鋼筋混凝土加強磚造,67年9月6日,三層,一層 二層 三層 騎樓
RPQNMLPKMHKFFBQ98CA,29,127.88,住家用,鋼筋混凝土加強磚造,75年5月1日,二層,一層 二層 騎樓
RPQNMLQKMHKFFCQ56CA,,210.22,見其他登記事項,鋼筋混凝土造,104年1月21日,三層,一層 二層 三層 見其他登記事項
RPSNMLQKMHKFFCQ76CA,,210.22,見其他登記事項,鋼筋混凝土造,104年1月21日,三層,一層 二層 三層 見其他登記事項
RPUNMLQKMHKFFCQ96CA,,212.25,見其他登記事項,鋼筋混凝土造,104年1月21日,三層,一層 二層 三層 見其他登記事項
RPTNMLQKMHKFFCQ86CA,,214.02,見其他登記事項,鋼筋混凝土造,104年1月21日,三層,一層 二層 三層 見其他登記事項
RPRNMLQKMHKFFCQ66CA,,207.23,見其他登記事項,鋼筋混凝土造,104年1月21日,三層,一層 二層 三層 見其他登記事項
RPRNMLSKMHKFFCQ86CA,21,197.74,住家用,鋼筋混凝土造,83年9月5日,四層,一層 二層 三層 四層 電梯樓梯間 夾層
RPPPMLPJNHKFFDQ66CA,36,121.78,住家用,見其他登記事項,67年12月1日,三層,一層 二層 三層 騎樓
RPSNMLMLMHKFFDQ56CA,24,164.51,住家用,鋼筋混凝土造,80年6月20日,四層,一層 二層 三層 四層
RPRNMLOJNHKFFEQ66CA,22,37.23,住家用,鋼筋混凝土造,82年4月1日,十八層,七層
RPRNMLOJNHKFFEQ66CA,22,7.31,見其他登記事項,鋼筋混凝土造,82年4月1日,十八層,
RPRNMLOJNHKFFEQ66CA,22,1.75,見其他登記事項,鋼筋混凝土造,82年4月1日,,
RPTNMLQKMHKFFDQ07DA,29,108.38,住家用,鋼筋混凝土加強磚造,75年2月5日,二層,一層 二層
RPVNMLOLMHKFFDQ17DA,10,195.74,見其他登記事項,鋼筋混凝土造,94年3月17日,四層,一層 二層 三層 四層
RPTNMLQKMHKFFBQ86DA,35,105.68,住家用,鋼筋混凝土加強磚造,69年4月18日,二層,一層 二層
RPTNMLKLMHKFFDQ09CA,19,192.91,見其他登記事項,鋼筋混凝土造,85年3月12日,五層,四層 五層 一層 二層 三層
RPRNMLQKMHKFFBQ56CA,44,225.92,工業用,鋼筋混凝土加強磚造,60年4月5日,一層,
RPQNMLMJNHKFFCQ78CA,32,93.07,住家用,加強磚造,71年12月15日,二層,一層 二層 電梯樓梯間
RPWNMLKLMHKFFCQ66CA,19,156.73,住家用,鋼筋混凝土造,84年10月9日,三層,一層 二層 三層 電梯樓梯間
RPVOMLPLMHKFFCQ17CA,,165.11,住家用,鋼筋混凝土造,103年12月24日,三層,一層 二層 三層
RPTNMLRLMHKFFCQ07CA,,193.83,見其他登記事項,鋼筋混凝土造,104年1月20日,三層,一層 二層 三層 見其他登記事項
RPQNMLRKMHKFFBQ56CA,31,138.36,住商用,鋼筋混凝土加強磚造,73年6月19日,三層,一層 二層 三層
RPPOMLQKMHKFFBQ09CA,35,102.00,住家用,鋼筋混凝土加強磚造,69年9月8日,二層,一層 二層
RPPNMLRKMHKFFBQ09CA,21,83.75,住家用,鋼筋混凝土造,83年9月10日,十二層,九層
RPPNMLSKMHKFFDQ76CA,21,117.24,見其他登記事項,鋼筋混凝土造,82年10月6日,九層,三層
RPVNMLKLMHKFFDQ66CA,,169.31,住家用,鋼筋混凝土造,103年12月27日,三層,二層 三層 一層
RPXOMLPJNHKFFDQ37CA,34,106.99,住家用,鋼筋混凝土加強磚造,70年6月13日,二層,一層 二層
RPRNMLKMMHKFFCQ88CA,20,153.30,住商用,鋼筋混凝土造,83年11月7日,三層,一層 二層 三層 電梯樓梯間
RPQNMLMLMHKFFDQ98CA,16,207.49,農舍,鋼筋混凝土加強磚造,88年7月5日,二層,一層 二層 見其他登記事項
RPWNMLKLMHKFFDQ76CA,,169.31,住家用,鋼筋混凝土造,103年12月27日,三層,一層 二層 三層
RPSNMLMKNHKFFDQ56CA,33,95.13,住商用,鋼筋混凝土加強磚造,70年10月6日,二層,一層 二層 騎樓
RPRNMLMLMHKFFDQ09CA,30,111.91,住家用,鋼筋混凝土加強磚造,74年4月11日,二層,一層 二層
RPPNMLQLMHKFFDQ66CA,18,94.48,見其他登記事項,鋼筋混凝土造,85年10月11日,五層,五層
RPPNMLQLMHKFFDQ66CA,18,31.95,見其他登記事項,鋼筋混凝土造,85年10月11日,五層,
RPPNMLQLMHKFFDQ66CA,18,19.22,見其他登記事項,鋼筋混凝土造,85年10月11日,五層,
RPWNMLSLMHKFFDQ57CA,32,117.87,住商用,鋼筋混凝土加強磚造,72年5月6日,二層,一層 二層
RPTNMLKLMHKFFCQ56EA,18,.52,共有部分,鋼筋混凝土造,85年11月15日,地下二層,
RPTNMLKLMHKFFCQ56EA,18,98.04,見其他登記事項,鋼筋混凝土造,85年11月15日,五層,三層
RPTNMLKLMHKFFCQ56EA,18,9.83,共有部分,鋼筋混凝土造,85年11月15日,五層,
RPOOMLPKNHKFFDQ56CA,32,105.92,住家用,鋼筋混凝土加強磚造,72年6月1日,二層,一層 二層
RPRNMLMLMHKFFBQ98DA,27,137.42,住家用,鋼筋混凝土加強磚造,77年7月14日,一層,一層
RPSOMLRLMHKFFDQ17CA,21,166.57,住家用,鋼筋混凝土造,83年1月13日,四層,一層 二層 三層 四層
RPUNMLPLMHKFFDQ07CA,37,49.31,住家用,磚造,67年3月1日,一層,一層
RPUNMLSLMHKFFDQ37CA,10,16.15,見其他登記事項,鋼筋混凝土造,94年8月15日,五層,四層
RPUNMLSLMHKFFDQ37CA,10,7.92,見其他登記事項,鋼筋混凝土造,94年8月15日,五層,
RPSNMLOJNHKFFEQ76CA,,205.57,見其他登記事項,鋼筋混凝土造,103年12月22日,四層,一層 二層 三層 四層
RPSNMLLLMHKFFDQ56DA,28,136.14,見其他登記事項,鋼筋混凝土造,76年9月6日,三層,一層 二層 三層
RPWOMLPLMHKFFCQ27CA,13,125.47,住家用,鋼筋混凝土造,91年1月14日,三層,
RPQNMLMLMHKFFCQ88CA,22,186.31,住商用,鋼筋混凝土造,82年9月1日,四層,一層 二層 三層 四層
RPRNMLMLMHKFFCQ98CA,,207.23,見其他登記事項,鋼筋混凝土造,104年1月21日,三層,一層 二層 三層 見其他登記事項
RPSNMLMLMHKFFCQ09CA,,210.22,見其他登記事項,鋼筋混凝土造,104年1月21日,三層,一層 二層 三層 見其他登記事項
RPVNMLNLMHKFFBQ76CA,33,140.40,住商用,鋼筋混凝土加強磚造,71年7月24日,三層,一層 二層 三層 騎樓
RPPNMLMKNHKFFCQ78CA,30,129.07,住家用,鋼筋混凝土加強磚造,73年8月7日,二層,一層 二層 騎樓 電梯樓梯間
RPQNMLRLMHKFFCQ76CA,,197.05,見其他登記事項,鋼筋混凝土造,104年1月20日,三層,一層 二層 三層 見其他登記事項
RPRNMLRLMHKFFCQ86CA,,182.02,見其他登記事項,鋼筋混凝土造,104年1月20日,三層,一層 二層 三層 見其他登記事項
RPTNMLLKNHKFFCQ09CA,32,69.53,住家用,鋼筋混凝土加強磚造,71年12月31日,二層,一層 二層
RPQNMLKKNHKFFCQ68CA,21,353.87,住家用,鋼筋混凝土造,83年4月16日,二層,一層 二層
RPTNMLMLMHKFFDQ76DA,19,177.99,住商用,鋼筋混凝土造,85年8月28日,四層,一層 二層 三層 四層 夾層
RPVNMLNLMHKFFCQ96DA,37,68.98,住家用,鋼筋混凝土加強磚造,66年11月2日,三層,一層 二層 三層 電梯樓梯間
RPRNMLLJNHKFFEQ98CA,1,185.05,住家用,鋼筋混凝土造,103年6月4日,四層,一層 二層 三層 四層
RPPNMLNLMHKFFDQ98CA,12,160.11,見其他登記事項,鋼筋混凝土造,92年6月12日,三層,一層 二層 三層
RPSNMLNLMHKFFDQ66CA,20,101.86,見其他登記事項,鋼筋混凝土造,83年10月12日,七層,四層
RPSNMLNLMHKFFDQ66CA,20,28.75,見其他登記事項,鋼筋混凝土造,83年10月12日,七層,
RPSNMLNLMHKFFDQ66CA,20,32.72,見其他登記事項,鋼筋混凝土造,83年10月12日,七層,
RPTOMLPJNHKFFDQ96CA,11,204.30,見其他登記事項,鋼筋混凝土造,92年10月24日,四層,一層 二層 三層 四層
RPPNMLRLMHKFFEQ07EA,33,55.80,住家用,鋼筋混凝土加強磚造,71年6月7日,一層,一層
RPQNMLQLMHKFFDQ76CA,22,116.70,住商用,鋼筋混凝土造,81年12月21日,二層,一層 二層
RPXNMLNKNHKFFDQ17CA,34,102.31,住商用,鋼筋混凝土加強磚造,70年6月25日,二層,一層 二層 騎樓
RPUNMLLJNHKFFCQ09CA,23,63.71,住家用,鋼筋混凝土造,81年4月24日,五層,五層
RPUNMLLJNHKFFCQ09CA,23,10.88,共有部份,鋼筋混凝土造,81年4月24日,五層,
RPTNMLMLMHKFFBQ09CA,34,86.40,住家用,鋼筋混凝土加強磚造,69年10月13日,二層,一層 二層
RPPNMLNLMHKFFBQ78CA,41,53.61,住家用,鋼筋混凝土加強磚造,63年6月14日,一層,一層
RPQNMLMKNHKFFCQ88CA,22,145.74,住家用,鋼筋混凝土造,81年9月29日,三層,一層 二層 三層 騎樓 電梯樓梯間
RPPNMLRLMHKFFCQ66CA,20,19.28,住家用,鋼筋混凝土造,84年8月15日,五層,四層
RPUNMLRLMHKFFBQ07CA,18,86.27,住家用,鋼筋混凝土造,86年1月10日,十層,六層
RPUNMLRLMHKFFBQ07CA,18,21.65,見其他登記事項,鋼筋混凝土造,86年1月10日,十層,
RPUNMLRLMHKFFBQ07CA,18,12.61,見其他登記事項,鋼筋混凝土造,86年1月10日,十層,
RPVNMLRLMHKFFBQ17CA,8,238.80,見其他登記事項,鋼筋混凝土造,95年10月5日,二層,一層 二層
RPWNMLRLMHKFFCQ37CA,20,192.03,住家用,鋼筋混凝土造,84年1月26日,四層,一層 二層 三層 四層
RPXNMLSLMHKFFCQ57CA,,162.10,住家用,鋼筋混凝土造,103年12月24日,三層,一層 二層 三層
RPSNMLLJNHKFFCQ98DA,1,179.51,住家用,鋼筋混凝土造,102年11月29日,四層,一層 二層 三層 四層
RPPNMLSLMHKFFEQ96CA,27,83.43,住家用,鋼筋混凝土加強磚造,77年4月6日,二層,一層 二層
RPPOMLPKNHKFFDQ66CA,35,100.91,住家用,鋼筋混凝土加強磚造,69年6月26日,二層,一層 二層 騎樓
RPQPMLPJNHKFFDQ76CA,35,114.47,住家用,鋼筋混凝土加強磚造,69年9月10日,二層,一層 二層 騎樓
RPQOMLOLMHKFFDQ66CA,37,273.31,商業用,見其他登記事項,66年12月1日,四層,一層 二層 三層 四層 夾層 地下層
RPWNMLNKNHKFFDQ07CA,21,83.07,住家用,鋼筋混凝土造,82年12月29日,三層,一層 二層 三層
RPRPMLPJNHKFFDQ86CA,10,1.59,見其他登記事項,鋼筋混凝土造,94年8月26日,三層,
RPRPMLPJNHKFFDQ86CA,10,5.08,見其他登記事項,鋼筋混凝土造,94年8月26日,二層,
RPRPMLPJNHKFFDQ86CA,9,207.19,見其他登記事項,鋼筋混凝土造,95年2月16日,四層,一層 二層 三層 四層
RPWOMLPJNHKFFDQ27CA,21,103.23,見其他登記事項,鋼筋混凝土造,83年8月19日,七層,六層
RPWOMLPJNHKFFDQ27CA,21,21.52,見其他登記事項,鋼筋混凝土造,83年8月19日,七層,
RPWOMLPJNHKFFDQ27CA,21,10.90,見其他登記事項,鋼筋混凝土造,83年8月19日,七層,
RPVNMLLJNHKFFDQ66CA,33,117.11,住家用,鋼筋混凝土加強磚造,71年8月12日,三層,一層 二層 三層
RPXNMLTLMHKFFDQ77CA,10,166.19,住家用,鋼筋混凝土造,94年10月5日,三層,一層 二層 三層
RPVNMLLLNHKFFDQ96DA,34,109.90,住商用,鋼筋混凝土加強磚造,70年8月5日,二層,一層 二層
RPPNMLNJNHKFFCQ78CA,20,168.59,見其他登記事項,鋼筋混凝土造,84年7月24日,三層,一層 二層 三層 電梯樓梯間
RPPNMLTLMHKFFCQ86CA,20,48.34,見其他登記事項,鋼筋混凝土造,84年5月2日,五層,五層
RPPNMLTLMHKFFCQ86CA,20,11.33,共有部份,鋼筋混凝土造,84年5月2日,五層,
RPPNMLTLMHKFFCQ86CA,20,48.17,見其他登記事項,鋼筋混凝土造,84年5月2日,五層,五層
RPPNMLTLMHKFFCQ86CA,20,11.33,共有部份,鋼筋混凝土造,84年5月2日,五層,
RPPNMLSLMHKFFBQ66CA,7,298.10,見其他登記事項,鋼筋混凝土造,97年4月8日,四層,一層 二層 三層 四層 地下一層
RPPNMLSLMHKFFBQ66CA,7,4.47,見其他登記事項,鋼筋混凝土造,97年4月8日,三層,
RPPNMLSLMHKFFBQ66CA,7,27.92,停車空間,鋼筋混凝土造,97年4月8日,四層,
RPRNMLSLMHKFFCQ96CA,20,171.30,住家用,鋼筋混凝土造,83年12月1日,四層,一層 二層 三層 四層
RPTNMLTLMHKFFCQ37DA,1,149.42,見其他登記事項,鋼筋混凝土造,103年9月11日,三層,一層 二層 三層 見其他登記事項
RPRNMLTLMHKFFCQ17DA,1,185.00,見其他登記事項,鋼筋混凝土造,103年9月11日,三層,一層 二層 三層 見其他登記事項
RPSNMLTLMHKFFCQ27DA,1,185.00,見其他登記事項,鋼筋混凝土造,103年9月11日,三層,一層 二層 三層 見其他登記事項
RPVNMLTLMHKFFCQ57DA,1,152.05,見其他登記事項,鋼筋混凝土造,103年9月11日,三層,一層 二層 三層 見其他登記事項
RPWNMLTLMHKFFCQ67DA,1,152.05,見其他登記事項,鋼筋混凝土造,103年9月11日,三層,一層 二層 三層 見其他登記事項
RPXNMLTLMHKFFCQ77DA,1,193.36,見其他登記事項,鋼筋混凝土造,103年9月11日,三層,一層 二層 三層 見其他登記事項
RPUNMLTLMHKFFCQ47DA,1,149.42,見其他登記事項,鋼筋混凝土造,103年9月11日,三層,一層 二層 三層 見其他登記事項
RPRNMLTLMHKFFBQ07DA,19,138.35,住家用,鋼筋混凝土造,85年8月15日,十四層,六層
RPQNMLSLMHKFFEQ07CA,33,68.52,住家用,見其他登記事項,71年1月8日,一層,一層
RPVOMLRJNHKFFDQ37CA,36,93.44,住家用,鋼筋混凝土加強磚造,68年6月20日,二層,一層 二層 騎樓
RPTNMLLJNHKFFDQ09CA,,158.31,見其他登記事項,鋼筋混凝土造,103年12月27日,三層,一層 二層 三層
RPXNMLLLNHKFFDQ07CA,37,82.00,住房,鋼筋混凝土加強磚造,67年4月7日,二層,一層 二層
RPUNMLQJNHKFFEQ17CA,17,79.54,住家用,鋼筋混凝土造,87年7月17日,八層,三層
RPQNMLPLNHKFFDQ76CA,20,96.08,見其他登記事項,鋼筋混凝土造,83年10月12日,七層,七層
RPQNMLPLNHKFFDQ76CA,20,25.41,見其他登記事項,鋼筋混凝土造,83年10月12日,七層,
RPQNMLPLNHKFFDQ76CA,20,32.10,見其他登記事項,鋼筋混凝土造,83年10月12日,七層,
RPWNMLTLMHKFFDQ67CA,35,131.56,住家用,鋼筋混凝土加強磚造,69年3月18日,二層,一層 二層
RPRNMLSJNHKFFCQ86CA,1,202.79,見其他登記事項,鋼筋混凝土造,102年10月29日,四層,一層 二層 三層 四層
RPSNMLSJNHKFFCQ96CA,1,202.79,見其他登記事項,鋼筋混凝土造,102年10月29日,四層,一層 二層 三層 四層
RPTNMLTLMHKFFBQ17CA,25,219.74,住商用,鋼筋混凝土造,78年11月11日,四層,一層 二層 三層 四層 騎樓
RPPOMLRJNHKFFCQ66CA,34,106.50,住家用,鋼筋混凝土加強磚造,70年2月10日,二層,一層 二層 電梯樓梯間
RPSNMLSKNHKFFCQ07CA,32,88.83,住家用,鋼筋混凝土加強磚造,72年5月16日,二層,一層 二層 騎樓
RPRNMLMKNHKFFCQ98CA,34,114.14,住家用,鋼筋混凝土加強磚造,70年3月20日,二層,
RPSNMLLJNHKFFBQ78CA,33,273.37,住商用,鋼筋混凝土加強磚造,70年12月16日,四層,一層 二層 三層 四層 騎樓
RPTNMLKMMHKFFCQ09CA,35,118.68,住家用,鋼筋混凝土加強磚造,69年4月2日,二層,
RPRNMLLJNHKFFCQ78CA,22,171.91,住商用,鋼筋混凝土造,82年6月21日,三層,一層 二層 三層 騎樓 電梯樓梯間
RPRNMLOJNHKFFBQ98CA,7,298.10,見其他登記事項,鋼筋混凝土造,97年4月8日,四層,一層 二層 三層 四層 地下一層
RPRNMLOJNHKFFBQ98CA,7,4.47,見其他登記事項,鋼筋混凝土造,97年4月8日,三層,
RPRNMLOJNHKFFBQ98CA,7,27.92,停車空間,鋼筋混凝土造,97年4月8日,四層,
RPQNMLOJNHKFFBQ88CA,7,420.66,見其他登記事項,鋼筋混凝土造,97年4月8日,四層,一層 二層 三層 四層 地下一層
RPQNMLOJNHKFFBQ88CA,7,9.35,見其他登記事項,鋼筋混凝土造,97年4月8日,三層,
RPQNMLOJNHKFFBQ88CA,7,58.43,停車空間,鋼筋混凝土造,97年4月8日,四層,
RPQOMLNKNHKFFCQ09CA,22,243.40,住商用,鋼筋混凝土造,82年5月20日,四層,一層 二層 三層 四層 騎樓
RPPNMLLJNHKFFBQ58DA,27,159.55,住家用,鋼筋混凝土加強磚造,77年7月23日,二層,一層 二層 騎樓
RPRNMLPJNHKFFBQ56DA,9,19.19,住家用,鋼筋混凝土造,95年8月28日,八層,三層
RPRNMLPJNHKFFBQ56DA,9,4.61,共有部份,鋼筋混凝土造,95年8月28日,,
RPRNMLPJNHKFFBQ56DA,9,7.43,共有部份,鋼筋混凝土造,95年8月28日,,
RPSNMLPJNHKFFBQ66DA,9,19.19,住家用,鋼筋混凝土造,95年8月28日,八層,三層
RPSNMLPJNHKFFBQ66DA,9,19.19,住家用,鋼筋混凝土造,95年8月28日,八層,三層
RPSNMLPJNHKFFBQ66DA,9,19.19,住家用,鋼筋混凝土造,95年8月28日,八層,三層
RPSNMLPJNHKFFBQ66DA,9,4.61,共有部份,鋼筋混凝土造,95年8月28日,,
RPSNMLPJNHKFFBQ66DA,9,7.43,共有部份,鋼筋混凝土造,95年8月28日,,
RPSNMLPJNHKFFBQ66DA,9,4.61,共有部份,鋼筋混凝土造,95年8月28日,,
RPSNMLPJNHKFFBQ66DA,9,4.61,共有部份,鋼筋混凝土造,95年8月28日,,
RPSNMLPJNHKFFBQ66DA,9,7.43,共有部份,鋼筋混凝土造,95年8月28日,,
RPSNMLPJNHKFFBQ66DA,9,7.43,共有部份,鋼筋混凝土造,95年8月28日,,
RPUNMLSJNHKFFDQ27CA,35,92.18,住家用,見其他登記事項,68年11月1日,二層,一層 二層
RPWNMLSJNHKFFDQ47CA,,56.63,住家用,磚造,,一層,一層 騎樓
RPSNMLOJNHKFFCQ76EA,18,169.97,住家用,鋼筋混凝土造,86年3月24日,三層,一層 二層 三層 電梯樓梯間
RPUNMLRJNHKFFCQ27EA,28,101.68,住家用,鋼筋混凝土加強磚造,76年1月26日,二層,一層 二層 騎樓 電梯樓梯間
RPSOMLSJNHKFFCQ27EA,38,98.45,住商用,鋼筋混凝土加強磚造,66年4月29日,二層,一層 二層 騎樓
RPQNMLMKNHKFFDQ09DA,35,105.65,住商用,鋼筋混凝土加強磚造,69年3月8日,二層,一層 二層 騎樓
RPQNMLOKNHKFFBQ09DA,32,106.86,住商用,鋼筋混凝土造,71年12月16日,二層,一層 二層 騎樓
RPPOMLNKNHKFFCQ98CA,,235.53,住家用,鋼筋混凝土造,103年11月18日,四層,一層 二層 三層 四層
RPSNMLLKNHKFFBQ88CA,,294.25,見其他登記事項,鋼筋混凝土造,103年10月24日,三層,一層 二層 三層
RPPNMLKKNHKFFCQ58CA,10,168.43,住家用,鋼筋混凝土造,94年8月31日,三層,一層 二層 三層 電梯樓梯間
RPRNMLLKNHKFFBQ78CA,,430.25,見其他登記事項,鋼筋混凝土造,104年1月6日,三層,一層 二層 三層
RPRNMLLKNHKFFBQ78CA,,1.00,見其他登記事項,鋼筋混凝土造,104年1月6日,一層,
