﻿編號,土地區段位置,土地移轉面積平方公尺,使用分區或編定
The serial number,land sector position,land shifting area square meter,the use zoning or compiles and checks
RPTOMLMKKHKFFAU76CC,稻香段,19.55,都市：商
RPQOMLMKKHKFFAU09CC,德安段,5.19,都市：住
RPQOMLMKKHKFFAU09CC,德安段,13.38,都市：住
RPQOMLMKKHKFFAU09CC,德安段,8.92,都市：住
RPTSMLNJKHKFFAU17CC,民孝段,49.03,都市：住
RPOQMLOJKHKFFAU56CC,福安段,90.00,都市：住
RPVPMLLKKHKFFAU96CC,慶豐段,65.00,都市：住
RPUOMLQJKHKFFAU17CC,宜安段,24.03,都市：住
RPRNMLTJKHKFFAU07CC,富國段,8.51,都市：住
RPROMLMJKHKFFAU09CC,民意段,25.30,都市：住
RPTNMLMKKHKFFAU66CC,富國段,4.76,都市：住
RPOOMLOJKHKFFAU09DC,太昌段,173.00,都市：住
RPUOMLMKKHKFFAU86CC,自強段,33.27,都市：住
RPQPMLMKKHKFFAU56CC,宜安段,145.00,都市：住
RPQPMLMKKHKFFAU56CC,宜安段,10.00,都市：住
RPXNMLQJLHKFFAU47CC,太昌段,59.00,都市：住
RPXNMLQJLHKFFAU47CC,太昌段,44.00,都市：住
RPOPMLMKKHKFFAU98CC,富國段,1.02,都市：商
RPORMLMKKHKFFAU76EC,北濱段,20.11,都市：住
RPORMLMKKHKFFAU76EC,北濱段,18.50,都市：住
RPPNMLRLKHKFFAU86CC,國光段,13.21,都市：住
RPQNMLQJLHKFFAU86DC,富國段,8.42,都市：住
RPRPMLMKKHKFFAU66CC,慶豐段,100.00,都市：商
RPQOMLRKKHKFFAU96CC,富國段,3.16,都市：商
RPQOMLRKKHKFFAU96CC,富國段,4.73,都市：商
RPQOMLTJLHKFFAU37EC,永安段,69.97,非都市：鄉村區 ; 非都市編定：乙種建築用地
RPUOMLLKLHKFFAU86CC,富國段,11.04,都市：住
RPXNMLMJLHKFFAU07CC,德安段,58.00,都市：住
RPXNMLMJLHKFFAU07CC,德安段,48.00,都市：住
RPPNMLLKLHKFFAU09EC,莊敬段,14.74,都市：住
RPSPMLRKLHKFFAU37CC,嘉新段,42.00,都市：農
RPQNMLLKLHKFFAU56EC,慈惠段,30.42,都市：住
RPUOMLRKLHKFFAU57DC,碧雲段,76.00,都市：住
RPQNMLNKLHKFFAU56CC,民德段,16.91,都市：住
RPTPMLRKLHKFFAU47CC,太昌段,209.00,都市：住
RPOQMLLKLHKFFAU56DC,國股段,384.44,都市：住
RPOQMLLKLHKFFAU56DC,國股段,.52,都市：住
RPUNMLRKLHKFFAU47DC,嘉平段,1441.00,都市：住
RPSNMLNKLHKFFAU76CC,富國段,4.84,都市：住
RPOQMLRKLHKFFAU17DC,福祥段,2871.00,都市：住
RPPPMLRKLHKFFAU17DC,國股段,384.44,都市：住
RPPPMLRKLHKFFAU17DC,國股段,.52,都市：住
RPUOMLOLLHKFFAU27CC,富國段,8.49,都市：住
RPSNMLQLLHKFFAU17CC,民德段,34.00,都市：其他
RPSNMLRKLHKFFAU37EC,南埔段,73.00,非都市：鄉村區 ; 非都市編定：乙種建築用地
RPPNMLLLLHKFFAU98CC,自強段,12.57,都市：住
RPSNMLNLLHKFFAU86CC,富國段,6.36,都市：住
RPXNMLQLLHKFFAU67CC,北濱段,17.99,都市：商
RPOOMLQLLHKFFAU86CC,主商段,46.87,都市：住
RPTOMLKLLHKFFAU86DC,裕民段,87.00,都市：住
RPOOMLMJMHKFFAU98CC,裕民段,13.99,都市：住
RPTNMLQLLHKFFAU27CC,民德段,34.00,都市：其他
RPUNMLMJMHKFFAU86CC,林森段,2.27,都市：住
RPUNMLMJMHKFFAU86CC,林森段,4.25,都市：住
RPUNMLMJMHKFFAU86CC,林森段,8.35,都市：住
RPPOMLQLLHKFFAU96CC,主商段,46.87,都市：住
RPTNMLKMLHKFFAU76CC,民意段,20.78,都市：住
RPQOMLLJMHKFFAU09CC,宜寧段,13.62,都市：商
RPTNMLSJMHKFFAU47DC,國民段,595.05,都市：農
RPSOMLSJMHKFFAU37CC,自強段,70.00,都市：住
RPRNMLNKMHKFFAU76CC,慈安段,25.46,都市：住
RPPNMLOKMHKFFAU66CC,富國段,90.00,都市：商
RPPNMLNKMHKFFAU56CC,志新段,548.92,都市：住
RPQNMLNKMHKFFAU66CC,富國段,8.42,都市：住
RPTNMLMJMHKFFAU76CC,莊敬段,107.00,都市：住
RPXNMLMJMHKFFAU37EC,福祥段,68.00,都市：住
RPRNMLOKMHKFFAU86CC,莊敬段,17.59,都市：住
RPRNMLOKMHKFFAU86CC,莊敬段,7.59,都市：住
RPQNMLOKMHKFFAU76CC,福興段,126.00,都市：住
RPVNMLOKMHKFFAU27CC,北濱段,4.72,都市：商
RPUNMLOKMHKFFAU17CC,仁恥段,76.00,都市：住
RPQNMLSKMHKFFAU17CC,富國段,6.57,都市：商
RPOOMLKLMHKFFAU98CC,民生段,23.00,都市：商
RPQOMLOKMHKFFAU86CC,主權段,8.54,都市：住
RPUNMLNLMHKFFAU17CC,永安段,62.21,非都市：鄉村區 ; 非都市編定：乙種建築用地
RPROMLOKMHKFFAU96CC,自強段,6.99,都市：住
RPXNMLPKMHKFFAU57CC,主商段,12.99,都市：商
RPXNMLPKMHKFFAU57CC,主商段,12.99,都市：商
RPVNMLKMMHKFFAU07CC,壽農段,1780.04,非都市：特定農業區 ; 非都市編定：農牧用地
RPROMLKMMHKFFAU76CC,吉興段,58.31,都市：住
RPROMLKMMHKFFAU76CC,吉興段,60.03,都市：住
RPXNMLKMMHKFFAU27CC,自強段,9.51,都市：住
RPTOMLKMMHKFFAU96CC,莊敬段,67.20,都市：住
RPPOMLKMMHKFFAU56CC,富國段,26.69,都市：商
RPWNMLKMMHKFFAU17CC,國風段,56.00,都市：住
RPXOMLKMMHKFFAU37CC,天佑段,99.31,非都市：鄉村區 ; 非都市編定：乙種建築用地
RPUNMLKMMHKFFAU07DC,主權段,72.00,都市：住
RPUOMLKMMHKFFAU07CC,北濱段,1.29,都市：商
RPWPMLKMMHKFFAU37CC,南埔段,152.00,非都市：特定農業區 ; 非都市編定：交通用地
RPSPMLKMMHKFFAU17EC,裕民段,5.78,都市：住
