﻿鄉鎮市區,交易標的,土地區段位置/建物區段門牌,土地面積平方公尺,都市土地使用分區,非都市土地使用分區,非都市土地使用編定,租賃年月日,租賃筆棟數,租賃層次,總樓層數,建物型態,主要用途,主要建材,建築完成年月,建物總面積平方公尺,建物現況格局-房,建物現況格局-廳,建物現況格局-衛,建物現況格局-隔間,有無管理組織,有無附傢俱,總額元,單價元/平方公尺,車位類別,車位面積平方公尺,車位總額元,備註,編號
The villages and towns urban district,transaction sign,land sector position/building sector house number plate,land shifting total area square meter,the use zoning or compiles and checks,the non-metropolis land use district,non-metropolis land use,transaction year, month and day,transaction pen number,shifting level,total floor number,building state,main use,main building materials,construction to complete the years,building shifting total area,Building present situation pattern - room,building present situation pattern - hall,building present situation pattern - health,building present situation pattern - compartmented,Whether there is manages the organization,Whether there is attaches the furniture,total price Yuan,the unit price a Yuan/square meter,the berth category,berth shifting total area square meter,the berth total price Yuan,the note,serial number
台東市,房地(土地+建物),臺東縣臺東市新成街1~30號,17.49,住,,,1040201,土地1建物1車位0,一層,9,店面(店鋪),見其他登記事項,鋼筋混凝土造,0850628,95.17,0,1,1,有,有,有,10000,105,,0.0,0,,RPRNMLNJKHKFFAV56CC
台東市,房地(土地+建物),臺東縣臺東市仁昌街91~120號,12.52,住,,,1040320,土地1建物1車位0,四層,13,住宅大樓(11層含以上有電梯),見其他登記事項,鋼筋混凝土造,0830516,100.08,3,2,1,有,有,有,10000,100,,0.0,0,,RPRNMLNLLHKFFAV86CC
台東市,房地(土地+建物),臺東縣臺東市仁三街1~30號,47.3,住,,,1040320,土地1建物1車位0,三層,4,公寓(5樓含以下無電梯),國民住宅,鋼筋混凝土造,0720209,110.82,3,2,2,有,無,有,10000,90,,0.0,0,,RPTNMLNLLHKFFAV07CC
台東市,土地,永樂段271~300地號,363.0,農,,,1040319,土地1建物0車位0,,,其他,,,,0.0,0,0,0,有,無,無,35000,96,,0.0,0,土地謄本登記面積為1096平方公尺(331坪)實際承租面積約110坪,RPPOMLNLLHKFFAV76CC
台東市,房地(土地+建物),臺東縣臺東市更生路391~420號,630.0,其他,,,1040410,土地3建物1車位0,見其他登記事項,1,店面(店鋪),見其他登記事項,加強磚造,0430120,264.7,0,0,1,有,無,無,60000,227,,0.0,0,,RPUNMLOKMHKFFAV27CC
台東市,建物,臺東縣臺東市更生路481~510號,128.0,住,,,1040323,土地0建物1車位0,一層,1,店面(店鋪),住家用,見其他登記事項,0520110,51.37,2,2,1,有,無,無,12000,234,,0.0,0,,RPWNMLPKMHKFFAV67DC
台東市,建物,臺東縣臺東市大同路181~210號,315.45,商,,,1040318,土地0建物1車位0,二層,3,店面(店鋪),商業用,見其他登記事項,0820615,315.45,0,0,0,無,無,無,80000,254,,0.0,0,,RPQNMLRKMHKFFAV27DC
台東市,房地(土地+建物),臺東縣臺東市勝利街301~330號,43.08,住,,,1040419,土地1建物1車位0,四層,4,公寓(5樓含以下無電梯),國民住宅,鋼筋混凝土造,0720209,106.98,3,2,2,有,無,無,8000,75,,0.0,0,,RPPNMLKLMHKFFAV09CC
