﻿編號,土地區段位置,土地移轉面積平方公尺,使用分區或編定
The serial number,land sector position,land shifting area square meter,the use zoning or compiles and checks
RPVNMLNJKHKFFAV76CA,知本段,980.00,非都市：特定農業區 ; 非都市編定：農牧用地
RPUNMLTJKHKFFAV27CA,南榮段,3805.05,都市：農
RPUNMLPJKHKFFAV86CA,建本段,3153.49,都市：農
RPVNMLMJKHKFFAV76DA,初鹿段,330.00,非都市：特定農業區 ; 非都市編定：農牧用地
RPVNMLLKKHKFFAV66CA,知本段,150.00,非都市：特定農業區 ; 非都市編定：甲種建築用地
RPPNMLQJKHKFFAV09CA,泰安段,228.59,非都市：鄉村區 ; 非都市編定：乙種建築用地
RPSNMLNJKHKFFAV09CA,射馬干段,2000.00,非都市：特定農業區 ; 非都市編定：農牧用地
RPROMLOLKHKFFAV76CA,自強段,80.00,都市：住
RPPNMLOJKHKFFDV56CA,泰王段,131.48,都市：住
RPPNMLOJKHKFFDV56CA,泰王段,119.29,都市：住
RPPNMLNJKHKFFAV88DA,新生段,89.00,都市：住
RPPNMLNJKHKFFAV88DA,新生段,6.00,都市：住
RPWNMLPJKHKFFAV07CA,新生段,119.00,都市：住
RPPOMLMJKHKFFAV88DA,南王段,83.53,都市：住
RPROMLQKKHKFFAV86CA,豐利段,78.58,都市：住
RPVNMLMJLHKFFAV86DA,富岡南段,954.80,非都市：鄉村區 ; 非都市編定：乙種建築用地
RPRNMLPLKHKFFAV86DA,豐樂段,68.00,都市：工
RPRNMLPLKHKFFAV86DA,豐樂段,790.00,都市：工
RPPNMLQJKHKFFDV86DA,金富段,404.49,非都市：山坡地保育區 ; 非都市編定：丙種建築用地
RPPNMLPJKHKFFDV76DA,拉力段,13610.00,非都市：山坡地保育區 ; 非都市編定：農牧用地
RPPNMLPJKHKFFDV76DA,拉力段,8053.00,非都市：山坡地保育區 ; 非都市編定：林業用地
RPPNMLPJKHKFFDV76DA,拉力段,5387.00,非都市：山坡地保育區 ; 非都市編定：林業用地
RPPNMLPJKHKFFDV76DA,拉力段,3946.00,非都市：山坡地保育區 ; 非都市編定：農牧用地
RPPPMLTJKHKFFAV96CA,台東段,139.00,都市：住
RPPNMLPJKHKFFAV98CA,德安段,.15,都市：住
RPPNMLPJKHKFFAV98CA,德安段,1.96,都市：住
RPPNMLPJKHKFFAV98CA,德安段,.04,都市：住
RPPNMLPJKHKFFAV98CA,德安段,21.26,都市：住
RPROMLMJLHKFFAV09CA,富山段,8940.90,非都市：風景區 ; 非都市編定：國土保安用地
RPROMLMJLHKFFAV09CA,富山段,38128.34,非都市：風景區 ; 非都市編定：遊憩用地
RPXNMLOJKHKFFAV17DA,煙草間段,289.37,非都市：鄉村區 ; 非都市編定：乙種建築用地
RPRNMLPJKHKFFAV56CA,台東段,146.00,都市：住
RPSOMLOLKHKFFAV86CA,東谷段,138.88,都市：住
RPPNMLQJKHKFFBV56CA,南佳里段,2536.07,非都市：風景區 ; 非都市編定：農牧用地
RPPNMLTJKHKFFAV86DA,台東段,103.00,都市：商
RPVNMLKKLHKFFAV66CA,台東段,186.00,都市：住
RPVNMLKKLHKFFAV66CA,台東段,351.00,都市：住
RPVNMLKKLHKFFAV66CA,台東段,85.00,都市：住
RPSNMLPJKHKFFAV76DA,煙草間段,110.39,非都市：特定農業區 ; 非都市編定：甲種建築用地
RPQNMLQJKHKFFBV66CA,南佳里段,2536.07,非都市：風景區 ; 非都市編定：農牧用地
RPSNMLQJKHKFFCV96CA,中華段,70.00,都市：商
RPSNMLQJKHKFFCV96CA,中華段,7.48,都市：其他
RPPNMLOJLHKFFBV09CA,忠智段,4.98,都市：其他
RPPNMLOJLHKFFBV09CA,忠智段,66.93,都市：住
RPSNMLQJKHKFFBV86CA,南佳里段,2536.07,非都市：風景區 ; 非都市編定：農牧用地
RPPNMLOLKHKFFBV56CA,長濱段,3020.00,非都市：風景區 ; 非都市編定：農牧用地
RPRNMLQJKHKFFBV76CA,南佳里段,2536.07,非都市：風景區 ; 非都市編定：農牧用地
RPUNMLQJKHKFFBV07CA,新都威段,1655.18,非都市：風景區 ; 非都市編定：農牧用地
RPTNMLQJKHKFFAV96DA,岩灣段,196.98,都市：住
RPTNMLQJKHKFFBV96CA,都豐段,2277.97,非都市：風景區 ; 非都市編定：農牧用地
RPQNMLTJKHKFFAV86CA,大南段,3750.00,非都市：山坡地保育區 ; 非都市編定：農牧用地
RPQNMLTJKHKFFAV86CA,大南段,2860.00,非都市：山坡地保育區 ; 非都市編定：農牧用地
RPQNMLTJKHKFFAV86CA,大南段,6200.00,非都市：山坡地保育區 ; 非都市編定：農牧用地
RPRNMLTJKHKFFAV96CA,大南段,7512.00,非都市：山坡地保育區 ; 非都市編定：農牧用地
RPRNMLTJKHKFFAV96CA,大南段,138.00,非都市：山坡地保育區 ; 非都市編定：農牧用地
RPQNMLRJKHKFFAV66CA,常德段,132.30,都市：住
RPQNMLRJKHKFFAV66CA,常德段,47.47,都市：住
RPRNMLRKKHKFFBV07DA,三間段大來小段,978.67,非都市：風景區 ; 非都市編定：農牧用地
RPRNMLKKKHKFFCV09DA,鹿寮段,124.67,非都市：山坡地保育區 ; 非都市編定：丙種建築用地
RPRNMLKKKHKFFCV09DA,鹿寮段,597.68,非都市：山坡地保育區 ; 非都市編定：丙種建築用地
RPSOMLTJKHKFFAV17CA,富岡南段,125.57,非都市：鄉村區 ; 非都市編定：乙種建築用地
RPUNMLLKKHKFFCV86DA,大同段,188.93,都市：住
RPSNMLTJKHKFFAV07CA,台東段,21.32,都市：住
RPXNMLTJKHKFFAV57CA,豐富段,125.31,都市：住
RPSNMLTJLHKFFAV17CA,台東段,86.00,都市：住
RPSNMLLKKHKFFCV56CA,龍田段,60.10,都市：其他
RPPNMLQJLHKFFDV86CA,大鳥段,3730.00,非都市：山坡地保育區 ; 非都市編定：農牧用地
RPPNMLQJLHKFFDV86CA,大鳥段,3730.00,非都市：山坡地保育區 ; 非都市編定：農牧用地
RPVNMLLKKHKFFCV86CA,萬福段,1045.20,非都市：特定農業區 ; 非都市編定：農牧用地
RPTNMLMKKHKFFAV56CA,自強段,24.48,都市：住
RPPNMLKKLHKFFDV98CA,大鳥段,14550.00,非都市：山坡地保育區 ; 非都市編定：農牧用地
RPRNMLLKKHKFFCV09CA,龍田段,51.05,都市：其他
RPPNMLTJKHKFFBV86CA,忠智段,85.02,都市：住
RPTNMLLKKHKFFCV66CA,龍田段,1243.25,都市：農
RPTNMLLKKHKFFCV66CA,龍田段,1477.26,都市：農
RPSNMLTJKHKFFBV17CA,忠智段,903.82,都市：住
RPSOMLQKKHKFFAV07DA,明峰段,2500.00,非都市：山坡地保育區 ; 非都市編定：農牧用地
RPSOMLQKKHKFFAV07DA,明峰段,3277.00,非都市：山坡地保育區 ; 非都市編定：農牧用地
RPTOMLLKKHKFFAV56CA,利家段,3077.00,非都市：特定農業區 ; 非都市編定：農牧用地
RPRNMLTJKHKFFBV07CA,長光段,77.07,非都市：風景區 ; 非都市編定：農牧用地
RPUNMLKKKHKFFAV09CA,中心段,182.00,都市：其他
RPUNMLKKKHKFFAV09CA,中心段,505.00,都市：其他
RPUNMLKKKHKFFAV09CA,中心段,48.00,都市：其他
RPUNMLKKKHKFFAV09CA,中心段,56.00,都市：住
RPVNMLOJLHKFFAV07DA,豐康段,135.16,都市：住
RPVNMLOJLHKFFAV07DA,豐康段,6.47,都市：其他
RPWNMLKKKHKFFAV66CA,建和段,3236.34,非都市：山坡地保育區 ; 非都市編定：農牧用地
RPWNMLKKKHKFFAV66CA,建和段,3415.80,非都市：山坡地保育區 ; 非都市編定：農牧用地
RPPNMLLKKHKFFAV68CA,豐嘉段,1201.31,非都市：特定農業區 ; 非都市編定：農牧用地
RPOOMLLKKHKFFAV68CA,豐年段,26.07,都市：住
RPOOMLLKKHKFFAV68CA,豐年段,67.79,都市：住
RPSNMLLKKHKFFAV98CA,豐嘉段,1200.47,非都市：特定農業區 ; 非都市編定：農牧用地
RPSNMLLKKHKFFAV98CA,豐嘉段,1200.72,非都市：特定農業區 ; 非都市編定：農牧用地
RPSNMLLKKHKFFAV98CA,豐嘉段,1203.36,非都市：特定農業區 ; 非都市編定：農牧用地
RPSNMLLKKHKFFAV98CA,豐嘉段,1204.25,非都市：特定農業區 ; 非都市編定：農牧用地
RPSNMLKKKHKFFAV88CA,常德段,12.85,都市：住
RPTOMLTJKHKFFAV27CA,常德段,114.87,都市：商
RPTNMLLKKHKFFAV09CA,永豐段,2650.04,都市：農
RPTNMLLKKHKFFAV09CA,永豐段,755.03,都市：農
RPTNMLLKKHKFFAV09CA,永豐段,2642.26,都市：農
RPTNMLLKKHKFFAV09CA,永豐段,2649.98,都市：農
RPTNMLLKKHKFFAV09CA,永豐段,3056.27,都市：農
RPPNMLKKKHKFFBV78DA,北八里段,2509.07,非都市：風景區 ; 非都市編定：農牧用地
RPVOMLMKKHKFFAV86CA,東海段,76.27,都市：住
RPRNMLLKKHKFFAV88CA,豐嘉段,1205.99,非都市：特定農業區 ; 非都市編定：農牧用地
RPRNMLLKKHKFFAV88CA,豐嘉段,1208.04,非都市：特定農業區 ; 非都市編定：農牧用地
RPRNMLLKKHKFFAV88CA,豐嘉段,1209.26,非都市：特定農業區 ; 非都市編定：農牧用地
RPRNMLLKKHKFFAV88CA,豐嘉段,1215.73,非都市：特定農業區 ; 非都市編定：農牧用地
RPUOMLTJKHKFFAV37CA,常德段,114.87,都市：商
RPVOMLNKKHKFFAV96CA,台東段,1848.00,都市：農
RPQNMLLKKHKFFBV98DA,北都歷段,1727.03,非都市：風景區 ; 非都市編定：農牧用地
RPTNMLMKKHKFFBV76DA,富民段,5051.29,非都市：風景區 ; 非都市編定：農牧用地
RPXNMLMKKHKFFAV96CA,利家段,120.00,非都市：鄉村區 ; 非都市編定：乙種建築用地
RPXNMLMKKHKFFAV96CA,利家段,40.00,非都市：鄉村區 ; 非都市編定：乙種建築用地
RPSNMLKKLHKFFBV56DA,永福段,2258.11,非都市：風景區 ; 非都市編定：農牧用地
RPVOMLLKKHKFFAV76CA,建成段,1292.51,都市：商
RPPNMLMKKHKFFAV78CA,建華段,418.93,都市：農
RPQNMLNKKHKFFCV66DA,中華段,38.33,都市：商
RPQNMLNKKHKFFCV66DA,中華段,68.55,都市：商
RPSNMLKKLHKFFAV98CA,東海段,166.48,都市：住
RPSNMLKKLHKFFAV98CA,東海段,166.48,都市：住
RPSNMLKKLHKFFAV98CA,東海段,166.48,都市：住
RPSNMLKKLHKFFAV98CA,東海段,166.48,都市：住
RPSNMLKKLHKFFAV98CA,東海段,166.48,都市：住
RPSNMLQLKHKFFBV07CA,三民段,74.78,都市：住
RPSNMLQLKHKFFBV07CA,三民段,166.51,都市：住
RPPNMLLKKHKFFBV78CA,田組段,2567.51,非都市：風景區 ; 非都市編定：農牧用地
RPQNMLMKKHKFFBV98CA,南都歷段,1039.29,非都市：風景區 ; 非都市編定：農牧用地
RPRNMLLKKHKFFBV98CA,南八里段,35.61,非都市：風景區 ; 非都市編定：農牧用地
RPRNMLLKKHKFFBV98CA,南八里段,595.93,非都市：風景區 ; 非都市編定：農牧用地
RPRNMLLKKHKFFBV98CA,南八里段,101.04,非都市：風景區 ; 非都市編定：農牧用地
RPRNMLLKKHKFFBV98CA,南八里段,9.89,非都市：風景區 ; 非都市編定：農牧用地
RPRNMLLKKHKFFBV98CA,南八里段,17.94,非都市：風景區 ; 非都市編定：農牧用地
RPRNMLLKKHKFFBV98CA,南八里段,.22,非都市：風景區 ; 非都市編定：農牧用地
RPRNMLLKKHKFFBV98CA,南八里段,43.16,非都市：風景區 ; 非都市編定：農牧用地
RPRNMLLKKHKFFBV98CA,南八里段,24.83,非都市：風景區 ; 非都市編定：農牧用地
RPRNMLLKKHKFFBV98CA,南八里段,6.89,非都市：風景區 ; 非都市編定：農牧用地
RPPNMLPKKHKFFAV09CA,台東段,82.00,都市：住
RPROMLNKKHKFFAV56CA,東海段,16.12,都市：住
RPROMLNKKHKFFAV56CA,東海段,1.04,都市：住
RPVOMLMJLHKFFAV86CA,南王段,97.79,都市：住
RPSNMLMJLHKFFBV56CA,仙民段,10841.24,非都市：風景區 ; 非都市編定：農牧用地
RPRNMLMJLHKFFBV09CA,富民段,4070.99,非都市：風景區 ; 非都市編定：農牧用地
RPRNMLMJLHKFFBV09CA,富民段,1000.00,非都市：風景區 ; 非都市編定：農牧用地
RPRNMLOLKHKFFCV86CA,新源段,2504.65,非都市：特定農業區 ; 非都市編定：農牧用地
RPRNMLOLKHKFFCV86CA,新源段,121.74,非都市：一般農業區 ; 非都市編定：農牧用地
RPRNMLOLKHKFFCV86CA,新源段,2903.49,非都市：一般農業區 ; 非都市編定：農牧用地
RPOOMLLKKHKFFCV88CA,錦富段,3092.31,非都市：特定農業區 ; 非都市編定：農牧用地
RPQNMLLKKHKFFCV98CA,大原段,241.00,非都市：特定農業區 ; 非都市編定：交通用地
RPQNMLLKKHKFFCV98CA,大原段,194.00,非都市：特定農業區 ; 非都市編定：交通用地
RPPNMLNKKHKFFCV09CA,鸞山段,1830.00,非都市：山坡地保育區 ; 非都市編定：農牧用地
RPQNMLOLKHKFFCV76CA,新源段,405.25,非都市：一般農業區 ; 非都市編定：農牧用地
RPQNMLOLKHKFFCV76CA,新源段,1447.53,非都市：一般農業區 ; 非都市編定：農牧用地
RPQNMLOLKHKFFCV76CA,新源段,1805.17,非都市：一般農業區 ; 非都市編定：農牧用地
RPPNMLQKKHKFFDV86CA,秀山段,6.53,都市：住
RPPNMLRKKHKFFCV86CA,大池段,2634.30,非都市：特定農業區 ; 非都市編定：農牧用地
RPUNMLOLKHKFFCV17CA,慶豐段,2350.50,非都市：特定農業區 ; 非都市編定：農牧用地
RPUNMLOLKHKFFCV17CA,慶豐段,1990.14,非都市：特定農業區 ; 非都市編定：農牧用地
RPUNMLOLKHKFFCV17CA,慶豐段,3973.42,非都市：特定農業區 ; 非都市編定：農牧用地
RPUNMLRKKHKFFCV37CA,福原段,23.68,都市：住
RPPNMLKKLHKFFCV88CA,大同段,147.68,都市：住
RPPNMLKKLHKFFCV88CA,大同段,132.65,都市：住
RPUNMLKKLHKFFCV76CA,海端段,6275.00,非都市：山坡地保育區 ; 非都市編定：農牧用地
RPVNMLKKLHKFFCV86CA,海端段,6275.00,非都市：山坡地保育區 ; 非都市編定：農牧用地
RPPNMLOJLHKFFCV56CA,牧野段,2890.24,非都市：特定農業區 ; 非都市編定：農牧用地
RPPNMLOJLHKFFCV56CA,牧野段,1176.79,非都市：特定農業區 ; 非都市編定：農牧用地
RPPNMLOJLHKFFCV56CA,牧野段,77.66,非都市：特定農業區 ; 非都市編定：農牧用地
RPPNMLOJLHKFFCV56CA,牧野段,1065.06,非都市：特定農業區 ; 非都市編定：農牧用地
RPWNMLKKLHKFFCV96CA,海端段,256.67,非都市：鄉村區 ; 非都市編定：乙種建築用地
RPTNMLKKLHKFFCV66CA,海端段,7840.00,非都市：山坡地保育區 ; 非都市編定：農牧用地
RPRNMLQKKHKFFBV86CA,都豐段,3394.25,非都市：風景區 ; 非都市編定：農牧用地
RPSNMLLKKHKFFBV09CA,南佳里段,766.00,非都市：風景區 ; 非都市編定：農牧用地
RPSNMLLKKHKFFBV09CA,南佳里段,2135.33,非都市：風景區 ; 非都市編定：農牧用地
RPUNMLMJLHKFFBV76CA,小湊段美山小段,2405.00,非都市：風景區 ; 非都市編定：農牧用地
RPUNMLMJLHKFFBV76CA,小湊段美山小段,500.00,非都市：風景區 ; 非都市編定：農牧用地
RPTNMLQLKHKFFBV17CA,小馬東段,475.70,非都市：鄉村區 ; 非都市編定：乙種建築用地
RPQNMLPKKHKFFBV66CA,都豐段,2550.00,非都市：風景區 ; 非都市編定：農牧用地
RPPNMLPKKHKFFBV56CA,玉港段,3033.11,非都市：風景區 ; 非都市編定：農牧用地
RPPOMLMKKHKFFAV98DA,中山段,70.00,都市：住
RPVNMLMKLHKFFAV86CA,利泰段,244.15,非都市：鄉村區 ; 非都市編定：乙種建築用地
RPWNMLMKLHKFFAV96CA,岩灣段,101.84,都市：住
RPWNMLMKLHKFFAV96CA,岩灣段,108.10,都市：住
RPOOMLMKLHKFFAV88CA,知本段,1925.00,非都市：特定農業區 ; 非都市編定：農牧用地
RPSNMLMKKHKFFAV09CA,普優瑪段,62.68,都市：住
RPWNMLQLKHKFFAV37CA,鎮樂段,4850.00,非都市：山坡地保育區 ; 非都市編定：農牧用地
RPQOMLLKKHKFFAV88CA,岩灣段,761.10,都市：住
RPWPMLNKKHKFFAV17CA,馬蘭段,90.00,都市：住
RPRNMLMKKHKFFAV98CA,台東段,72.00,都市：住
RPRNMLMKKHKFFAV98CA,台東段,4.00,都市：住
RPRNMLMKKHKFFAV98CA,台東段,40.00,都市：住
RPRNMLNKKHKFFAV09CA,新園段,3826.00,非都市：特定農業區 ; 非都市編定：農牧用地
RPXOMLNKKHKFFAV17CA,自強段,139.79,都市：住
RPWOMLNKKHKFFAV07CA,自強段,564.17,都市：住
RPPNMLQKKHKFFCV86DA,海端段,8470.00,非都市：山坡地保育區 ; 非都市編定：農牧用地
RPPNMLQKKHKFFCV86DA,西莊段,3615.84,非都市：特定農業區 ; 非都市編定：農牧用地
RPQNMLRKKHKFFCV07DA,隆昌段,931.02,非都市：山坡地保育區 ; 非都市編定：農牧用地
RPQNMLRKKHKFFCV07DA,隆昌段,4069.00,非都市：山坡地保育區 ; 非都市編定：農牧用地
RPPNMLNKKHKFFAV88CA,大豐段,3033.05,非都市：特定農業區 ; 非都市編定：農牧用地
RPWOMLMKKHKFFAV96CA,台東段,126.00,都市：住
RPUOMLLKKHKFFAV66CA,南王段,77.58,都市：住
RPOPMLMKKHKFFAV88CA,台東段,15.00,都市：住
RPOPMLMKKHKFFAV88CA,台東段,17.80,都市：住
RPPPMLNKKHKFFAV09CA,明峰段,3691.97,非都市：山坡地保育區 ; 非都市編定：農牧用地
RPSNMLNKKHKFFAV56CA,大業段,147.72,非都市：特定農業區 ; 非都市編定：甲種建築用地
RPQNMLQKKHKFFBV96EA,都蘭段,293.00,非都市：風景區 ; 非都市編定：丙種建築用地
RPWNMLNKKHKFFAV96CA,建華段,2300.00,非都市：特定農業區 ; 非都市編定：農牧用地
RPWNMLNKKHKFFAV96CA,建華段,1266.97,非都市：特定農業區 ; 非都市編定：農牧用地
RPWNMLNKKHKFFAV96CA,建華段,2500.00,非都市：特定農業區 ; 非都市編定：農牧用地
RPPNMLNLKHKFFAV98CA,常德段,33.34,都市：商
RPOOMLNKKHKFFAV88CA,石山段,1000.00,非都市：風景區 ; 非都市編定：農牧用地
RPOOMLNKKHKFFAV88CA,石山段,6242.00,非都市：風景區 ; 非都市編定：農牧用地
RPRNMLKKLHKFFBV09DA,玉長段,192.75,非都市：風景區 ; 非都市編定：丙種建築用地
RPXOMLMKKHKFFAV07CA,台東段,122.00,都市：住
RPXOMLMKKHKFFAV07CA,台東段,122.00,都市：住
RPXOMLMKKHKFFAV07CA,台東段,122.00,都市：住
RPSOMLMJLHKFFAV56CA,富岡段,6751.82,非都市：風景區 ; 非都市編定：農牧用地
RPSOMLMJLHKFFAV56CA,富岡段,2240.19,非都市：風景區 ; 非都市編定：農牧用地
RPOOMLMJLHKFFAV78CA,知本段,2718.00,非都市：特定農業區 ; 非都市編定：農牧用地
RPQNMLNKKHKFFAV09DA,新生段,110.00,都市：住
RPQOMLQKKHKFFAV76CA,台東段,134.00,都市：住
RPQOMLQKKHKFFAV76CA,台東段,134.00,都市：住
RPQOMLQKKHKFFAV76CA,台東段,182.00,都市：住
RPPNMLPJLHKFFAV09CA,永豐段,114.43,都市：住
RPWNMLOLKHKFFAV17CA,南王段,76.80,都市：住
RPQOMLMKKHKFFAV98CA,常德段,18.93,都市：住
RPQOMLNKKHKFFAV56DA,利家段,150.00,非都市：鄉村區 ; 非都市編定：乙種建築用地
RPROMLNJLHKFFAV56CA,台東段,70.00,都市：住
RPPNMLOLKHKFFAV56DA,射馬干段,4138.98,非都市：特定農業區 ; 非都市編定：農牧用地
RPSNMLOLKHKFFCV96CA,月野段,2657.00,非都市：特定農業區 ; 非都市編定：農牧用地
RPUNMLMJLHKFFAV66CA,豐富段,11.00,都市：住
RPUNMLOLKHKFFAV07DA,後湖段,147.78,非都市：山坡地保育區 ; 非都市編定：丙種建築用地
RPPNMLQKKHKFFAV56CA,射馬干段,2783.44,非都市：特定農業區 ; 非都市編定：農牧用地
RPXNMLQKKHKFFAV47DA,台東段,1.15,都市：商
RPRNMLQKKHKFFAV76CA,豐里段,6869.24,非都市：特定農業區 ; 非都市編定：農牧用地
RPSNMLQKKHKFFAV86CA,岩灣段,112.33,都市：住
RPXNMLOLKHKFFAV27CA,南王段,86.55,都市：住
RPOOMLQKKHKFFAV56CA,東農段,3271.75,非都市：特定農業區 ; 非都市編定：農牧用地
RPTNMLQJLHKFFAV96CA,馬蘭段,45.29,都市：住
RPVNMLQKKHKFFAV17CA,石川段,82.93,非都市：風景區 ; 非都市編定：丙種建築用地
RPPNMLOJLHKFFDV76DA,秀山段,15.00,都市：住
SPPNMLOJLHKFFDV86DA,秀山段,15.00,都市：住
RPRNMLNKKHKFFCV76DA,崁頂段,2930.00,非都市：山坡地保育區 ; 非都市編定：農牧用地
RPRNMLRKKHKFFAV86CA,利家段,99.00,非都市：鄉村區 ; 非都市編定：乙種建築用地
RPQNMLRKKHKFFBV96DA,高原段,97.00,非都市：鄉村區 ; 非都市編定：乙種建築用地
RPPNMLRKKHKFFAV66CA,利泰段,2566.55,非都市：一般農業區 ; 非都市編定：農牧用地
RPWNMLQKKHKFFAV27CA,自強段,37.79,都市：住
RPPOMLQKKHKFFAV66CA,自強段,149.00,都市：住
RPRNMLRKLHKFFAV96CA,興安段,124.72,都市：住
RPRNMLRKLHKFFAV96CA,興安段,124.71,都市：住
RPRNMLOLKHKFFAV76DA,自強段,88.00,都市：住
RPTNMLSKLHKFFCV47CA,大埔段,946.12,都市：農
RPTNMLSKLHKFFCV47CA,大埔段,792.81,都市：農
RPPNMLPLKHKFFAV56CA,馬蘭段,21.35,都市：住
RPVNMLQLKHKFFAV27CA,德安段,2.08,都市：住
RPVNMLQLKHKFFAV27CA,德安段,.04,都市：住
RPVNMLQLKHKFFAV27CA,德安段,22.51,都市：住
RPVNMLQLKHKFFAV27CA,德安段,.16,都市：住
RPSNMLQKLHKFFCV17CA,里段,121.98,都市：住
RPSNMLQKLHKFFCV17CA,里段,121.98,都市：住
RPSNMLPLKHKFFAV96DA,台東段,7.00,都市：住
RPSNMLQKKHKFFBV96CA,玉港段,1152.72,非都市：風景區 ; 非都市編定：農牧用地
RPSNMLPLKHKFFBV96CA,北八里段,130.95,非都市：風景區 ; 非都市編定：農牧用地
RPTNMLPLKHKFFBV07CA,北八里段,275.83,非都市：風景區 ; 非都市編定：農牧用地
RPQOMLKKLHKFFAV98DA,上源段,72.53,非都市：山坡地保育區 ; 非都市編定：丙種建築用地
RPUNMLOJLHKFFCV07CA,源隆段,32.21,非都市：鄉村區 ; 非都市編定：乙種建築用地
RPUNMLOJLHKFFCV07CA,源隆段,63.97,非都市：鄉村區 ; 非都市編定：乙種建築用地
RPRNMLPLKHKFFBV86CA,北八里段,483.77,非都市：風景區 ; 非都市編定：農牧用地
RPRNMLPLKHKFFBV86CA,北八里段,742.95,非都市：風景區 ; 非都市編定：農牧用地
RPUNMLQKKHKFFBV17CA,玉港段,397.91,非都市：風景區 ; 非都市編定：農牧用地
RPTNMLQKKHKFFBV07CA,玉港段,382.42,非都市：風景區 ; 非都市編定：農牧用地
RPPNMLRKKHKFFBV76CA,北佳里段,571.80,非都市：風景區 ; 非都市編定：農牧用地
RPPNMLOLKHKFFCV66CA,崁頂段,2320.00,非都市：山坡地保育區 ; 非都市編定：農牧用地
RPWOMLMJLHKFFAV96CA,建和段,2960.61,都市：農
RPWOMLMJLHKFFAV96CA,建和段,2441.11,都市：農
RPTNMLMJLHKFFBV66CA,三仙段,2295.33,非都市：風景區 ; 非都市編定：農牧用地
RPQNMLOLKHKFFAV56CA,利家段,3832.00,非都市：特定農業區 ; 非都市編定：農牧用地
RPRNMLRKKHKFFCV17DA,牧野段,222.68,非都市：特定農業區 ; 非都市編定：農牧用地
RPRNMLRKKHKFFCV17DA,牧野段,1252.70,非都市：特定農業區 ; 非都市編定：農牧用地
RPSNMLOLKHKFFAV76CA,上源段,18884.19,非都市：山坡地保育區 ; 非都市編定：農牧用地
RPPNMLRLKHKFFCV07DA,隆昌段,13113.05,非都市：特定農業區 ; 非都市編定：農牧用地
RPPNMLMJLHKFFCV09DA,紅石段,112.00,非都市：山坡地保育區 ; 非都市編定：特定目的事業用地
RPTNMLOLKHKFFAV86CA,德安段,243.88,都市：其他
RPTNMLOLKHKFFAV86CA,德安段,10.16,都市：住
RPTNMLOLKHKFFAV86CA,德安段,448.74,都市：住
RPTNMLOLKHKFFAV86CA,德安段,2.75,都市：其他
RPTNMLOLKHKFFAV86CA,德安段,4.22,都市：其他
RPUNMLPLLHKFFAV17CA,興安段,1171.06,都市：住
RPVNMLSKLHKFFAV47CA,馬蘭段,44.54,都市：住
RPSNMLQLKHKFFAV96CA,青林段,4.22,都市：其他
RPQNMLRLKHKFFCV17DA,源隆段,283.87,非都市：鄉村區 ; 非都市編定：乙種建築用地
RPPNMLSKLHKFFDV17CA,尚武段,3.03,都市：住
RPPNMLSKLHKFFDV17CA,尚武段,.61,都市：住
RPPNMLSKLHKFFDV17CA,尚武段,.32,都市：住
RPPNMLSKLHKFFDV17CA,尚武段,.59,都市：住
RPPNMLSKLHKFFDV17CA,尚武段,90.62,都市：住
RPPNMLSKLHKFFDV17CA,尚武段,2.74,都市：住
RPPNMLPLKHKFFCV76CA,萬朝段,447.91,非都市：鄉村區 ; 非都市編定：乙種建築用地
RPRNMLOJLHKFFAV56CA,常德段,15.19,都市：住
RPRNMLQLKHKFFAV86CA,梧州段,67.22,都市：住
RPTNMLPLKHKFFAV07DA,梅園段,128.31,非都市：鄉村區 ; 非都市編定：乙種建築用地
RPPNMLSLKHKFFBV96CA,南佳里段,160.26,非都市：風景區 ; 非都市編定：農牧用地
RPQNMLNJLHKFFAV98CA,梧州段,27.33,都市：其他
RPQNMLNJLHKFFAV98CA,梧州段,57.60,都市：住
RPQNMLNJLHKFFAV98CA,梧州段,31.31,都市：其他
RPQNMLNJLHKFFAV98CA,梧州段,.17,都市：其他
RPQNMLNJLHKFFAV98CA,梧州段,1.71,都市：住
RPQNMLNJLHKFFAV98CA,梧州段,85.00,都市：住
RPQNMLNJLHKFFAV98CA,梧州段,2.03,都市：住
RPQNMLNJLHKFFAV98CA,梧州段,76.44,都市：其他
RPQNMLNJLHKFFAV98CA,梧州段,.64,都市：住
RPQNMLNJLHKFFAV98CA,梧州段,445.15,都市：住
RPQNMLNJLHKFFAV98CA,梧州段,1.76,都市：其他
RPQNMLNJLHKFFAV98CA,梧州段,120.44,都市：住
RPQNMLNJLHKFFAV98CA,梧州段,168.57,都市：住
RPQNMLNJLHKFFAV98CA,梧州段,1.86,都市：其他
RPQNMLMJLHKFFBV98CA,和平南段,102.64,非都市：風景區 ; 非都市編定：農牧用地
RPWNMLNJLHKFFAV96CA,豐年段,142.82,都市：住
RPWNMLNJLHKFFAV96CA,豐年段,37.55,都市：住
RPRNMLNJLHKFFAV09CA,梧州段,1.76,都市：其他
RPRNMLNJLHKFFAV09CA,梧州段,120.44,都市：住
RPRNMLNJLHKFFAV09CA,梧州段,168.57,都市：住
RPRNMLNJLHKFFAV09CA,梧州段,27.33,都市：其他
RPRNMLNJLHKFFAV09CA,梧州段,1.86,都市：其他
RPRNMLNJLHKFFAV09CA,梧州段,57.60,都市：住
RPRNMLNJLHKFFAV09CA,梧州段,31.31,都市：其他
RPRNMLNJLHKFFAV09CA,梧州段,.17,都市：其他
RPRNMLNJLHKFFAV09CA,梧州段,1.71,都市：住
RPRNMLNJLHKFFAV09CA,梧州段,85.00,都市：住
RPRNMLNJLHKFFAV09CA,梧州段,2.03,都市：住
RPRNMLNJLHKFFAV09CA,梧州段,76.44,都市：其他
RPRNMLNJLHKFFAV09CA,梧州段,.64,都市：住
RPRNMLNJLHKFFAV09CA,梧州段,445.15,都市：住
RPUNMLSKLHKFFAV37CA,建成段,125.05,都市：住
RPQNMLPLKHKFFBV76CA,高台段,70.35,非都市：鄉村區 ; 非都市編定：乙種建築用地
RPQNMLQLKHKFFBV96DA,小湊段美山小段,17755.00,非都市：風景區 ; 非都市編定：農牧用地
RPQNMLQLKHKFFBV96DA,小湊段美山小段,3655.00,非都市：風景區 ; 非都市編定：農牧用地
RPPNMLQLKHKFFBV86DA,玉港段,10291.44,非都市：風景區 ; 非都市編定：農牧用地
RPXNMLNJLHKFFAV07CA,台東段,68.00,都市：住
RPRNMLNJLHKFFBV66DA,新竹湖段,1952.99,非都市：風景區 ; 非都市編定：農牧用地
RPUNMLRKLHKFFAV27CA,南榮段,18.85,都市：住
RPUNMLRKLHKFFAV27CA,南榮段,69.06,都市：住
RPQNMLOJLHKFFDV86DA,大竹段,9740.00,非都市：山坡地保育區 ; 非都市編定：林業用地
RPUNMLQJLHKFFAV07CA,建成段,229.57,都市：住
RPTNMLNJLHKFFAV66CA,梧州段,1.71,都市：住
RPTNMLNJLHKFFAV66CA,梧州段,1.86,都市：其他
RPTNMLNJLHKFFAV66CA,梧州段,57.60,都市：住
RPTNMLNJLHKFFAV66CA,梧州段,31.31,都市：其他
RPTNMLNJLHKFFAV66CA,梧州段,.17,都市：其他
RPTNMLNJLHKFFAV66CA,梧州段,85.00,都市：住
RPTNMLNJLHKFFAV66CA,梧州段,2.03,都市：住
RPTNMLNJLHKFFAV66CA,梧州段,76.44,都市：其他
RPTNMLNJLHKFFAV66CA,梧州段,.64,都市：住
RPTNMLNJLHKFFAV66CA,梧州段,445.15,都市：住
RPTNMLNJLHKFFAV66CA,梧州段,1.76,都市：其他
RPTNMLNJLHKFFAV66CA,梧州段,120.44,都市：住
RPTNMLNJLHKFFAV66CA,梧州段,168.57,都市：住
RPTNMLNJLHKFFAV66CA,梧州段,27.33,都市：其他
RPPNMLNJLHKFFAV88CA,台東段,192.00,都市：住
RPOOMLKLLHKFFAV78CA,豐里段,122.18,非都市：鄉村區 ; 非都市編定：乙種建築用地
RPQNMLMJLHKFFAV88CA,自強段,153.00,都市：住
RPQNMLMJLHKFFAV88CA,自強段,61.00,都市：住
RPQNMLMJLHKFFAV88CA,自強段,73.00,都市：住
RPPNMLMJLHKFFAV78CA,豐谷段,73.00,都市：住
RPQNMLNJLHKFFBV09CA,富民段,1239.78,非都市：風景區 ; 非都市編定：農牧用地
RPPNMLMJLHKFFBV88CA,和平南段,35.92,非都市：風景區 ; 非都市編定：農牧用地
RPRNMLMJLHKFFAV98CA,建成段,4.20,都市：住
RPRNMLMJLHKFFAV98CA,建成段,109.33,都市：住
RPQNMLQLKHKFFAV76CA,興安段,213.64,都市：住
RPSNMLNKLHKFFBV76CA,八桑灣段,1911.01,非都市：風景區 ; 非都市編定：農牧用地
RPSNMLQJLHKFFDV17CA,秀山段,6.53,都市：住
RPUNMLNJLHKFFAV86DA,新生段,84.00,都市：住
RPRNMLQJLHKFFCV96CA,鹿寮段,2367.52,非都市：山坡地保育區 ; 非都市編定：農牧用地
RPQNMLQJLHKFFCV86CA,鹿寮段,429.34,非都市：山坡地保育區 ; 非都市編定：丙種建築用地
RPPNMLNJLHKFFCV09CA,中福段,79.92,都市：商
RPWNMLKKLHKFFAV76CA,初鹿段,2773.00,非都市：特定農業區 ; 非都市編定：農牧用地
RPOOMLKKLHKFFAV68CA,利家段,3172.00,非都市：特定農業區 ; 非都市編定：農牧用地
RPVNMLNJLHKFFAV86CA,明峰段,3160.00,非都市：山坡地保育區 ; 非都市編定：農牧用地
RPXNMLMJLHKFFAV96CA,德安段,26.13,都市：住
RPXNMLMJLHKFFAV96CA,德安段,.18,都市：住
RPXNMLMJLHKFFAV96CA,德安段,2.41,都市：住
RPXNMLMJLHKFFAV96CA,德安段,.05,都市：住
RPSNMLOJLHKFFAV66CA,知本段,5255.00,非都市：特定農業區 ; 非都市編定：農牧用地
RPXNMLKKLHKFFAV86CA,初鹿段,3040.00,非都市：特定農業區 ; 非都市編定：農牧用地
RPSNMLNJLHKFFAV56CA,常德段,139.80,都市：商
RPRNMLQJLHKFFAV76CA,馬蘭段,10.49,都市：住
RPUNMLLKLHKFFBV76CA,加走灣段,42.82,非都市：風景區 ; 非都市編定：農牧用地
RPUNMLLKLHKFFBV76CA,加走灣段,3152.46,非都市：風景區 ; 非都市編定：農牧用地
RPPNMLPJLHKFFBV56CA,大霸來段,427.52,非都市：風景區 ; 非都市編定：農牧用地
RPPNMLPJLHKFFBV56CA,大霸來段,9216.39,非都市：風景區 ; 非都市編定：農牧用地
RPUNMLTJLHKFFAV37CA,台東段,20.10,都市：住
RPPNMLQLLHKFFCV96CA,牧野段,2775.46,非都市：一般農業區 ; 非都市編定：農牧用地
RPUNMLOJLHKFFAV96DA,台東段,133.00,都市：住
RPPNMLMKLHKFFCV09CA,北庄段,5072.36,非都市：一般農業區 ; 非都市編定：農牧用地
RPPNMLMKLHKFFCV09CA,北庄段,706.67,非都市：一般農業區 ; 非都市編定：農牧用地
RPQOMLNKLHKFFAV56CA,新生段,111.00,都市：住
RPPOMLNKLHKFFAV09CA,新生段,111.00,都市：住
RPPOMLKKLHKFFAV78CA,永清段,764.81,都市：農
RPRNMLRKLHKFFCV17CA,大池段,287.86,非都市：風景區 ; 非都市編定：農牧用地
RPOOMLNKLHKFFAV98CA,新生段,111.00,都市：住
RPTNMLOJLHKFFAV76CA,利卡夢段,129.53,非都市：鄉村區 ; 非都市編定：乙種建築用地
RPXNMLOJLHKFFAV17CA,利卡夢段,114.87,非都市：特定農業區 ; 非都市編定：甲種建築用地
RPSNMLKKLHKFFCV56CA,大原段,1056.00,非都市：特定農業區 ; 非都市編定：農牧用地
RPSNMLKKLHKFFCV56CA,大原段,1091.00,非都市：特定農業區 ; 非都市編定：農牧用地
RPSNMLKKLHKFFCV56CA,大原段,709.00,非都市：特定農業區 ; 非都市編定：農牧用地
RPPNMLQJLHKFFBV76DA,新竹湖段,1929.57,非都市：風景區 ; 非都市編定：農牧用地
RPPNMLQJLHKFFBV76DA,新竹湖段,2343.83,非都市：風景區 ; 非都市編定：農牧用地
RPPNMLQJLHKFFBV76DA,新竹湖段,1050.27,非都市：風景區 ; 非都市編定：農牧用地
RPPNMLQJLHKFFBV76DA,新竹湖段,24.91,非都市：鄉村區 ; 非都市編定：乙種建築用地
RPVOMLKKLHKFFAV76CA,南王段,75.49,都市：住
RPVOMLKKLHKFFAV76CA,南王段,75.49,都市：住
RPQNMLKKLHKFFCV09DA,隆昌段,396.70,非都市：特定農業區 ; 非都市編定：農牧用地
RPQNMLKKLHKFFCV09DA,隆昌段,2488.05,非都市：特定農業區 ; 非都市編定：農牧用地
RPQNMLKKLHKFFCV09DA,隆昌段,2960.92,非都市：特定農業區 ; 非都市編定：農牧用地
RPQNMLKKLHKFFCV09DA,隆昌段,928.04,非都市：特定農業區 ; 非都市編定：農牧用地
RPPNMLTJLHKFFCV17DA,鹿野段,4772.00,非都市：一般農業區 ; 非都市編定：農牧用地
RPSNMLQJLHKFFAV96DA,利家段,3924.00,非都市：特定農業區 ; 非都市編定：農牧用地
RPQNMLQJLHKFFDV96CA,荖花段,80.90,非都市：特定農業區 ; 非都市編定：農牧用地
RPWNMLLMLHKFFAV07CA,馬蘭段,39.90,都市：住
RPWNMLLKLHKFFAV96DA,大南段,12436.00,非都市：山坡地保育區 ; 非都市編定：農牧用地
RPPNMLQJLHKFFCV76CA,水墜段,378.51,非都市：特定農業區 ; 非都市編定：農牧用地
RPRNMLTJLHKFFBV17CA,三民段,6.64,都市：住
RPSNMLRJMHKFFDV37CA,秀山段,7.34,都市：商
RPSNMLRJMHKFFDV37CA,秀山段,.25,都市：商
RPPNMLQJLHKFFAV56CA,普優瑪段,15.03,都市：住
RPQNMLTJLHKFFBV07CA,三民段,7.57,都市：住
RPXNMLTJLHKFFAV67CA,中心段,32.00,都市：其他
RPTNMLTJLHKFFAV27CA,利泰段,1648.57,非都市：一般農業區 ; 非都市編定：農牧用地
RPTNMLTJLHKFFAV27CA,利泰段,5151.28,非都市：一般農業區 ; 非都市編定：農牧用地
RPTNMLKKLHKFFAV09CA,台東段,54.00,都市：住
RPRNMLTJLHKFFAV07CA,豐富段,10.97,都市：住
RPRNMLTJLHKFFAV07CA,豐富段,191.90,都市：住
RPQNMLRKLHKFFBV96CA,忠智段,82.21,都市：住
RPPNMLKKLHKFFAV68CA,東海段,117.30,都市：住
RPRNMLLKLHKFFAV98CA,台東段,112.00,都市：住
RPXNMLNKLHKFFAV17CA,馬蘭段,2.35,都市：住
RPXNMLNKLHKFFAV17CA,馬蘭段,2.77,都市：住
RPSNMLOLLHKFFAV86CA,利家段,2726.00,非都市：特定農業區 ; 非都市編定：農牧用地
RPPNMLLKLHKFFBV88CA,和平南段,246.34,非都市：風景區 ; 非都市編定：農牧用地
RPSNMLSKLHKFFAV17CA,台東段,3.64,都市：住
RPTNMLMKLHKFFBV76CA,北八里段,2001.58,非都市：風景區 ; 非都市編定：農牧用地
SPSNMLSKLHKFFAV27CA,台東段,3.73,都市：住
RPQNMLRLLHKFFCV17CA,萬福段,2933.01,非都市：特定農業區 ; 非都市編定：農牧用地
RPPNMLMKLHKFFDV56CA,達人段,150.02,非都市：山坡地保育區 ; 非都市編定：丙種建築用地
RPUNMLMKLHKFFBV86CA,長濱段,4250.00,非都市：風景區 ; 非都市編定：農牧用地
TPSNMLSKLHKFFAV37CA,台東段,3.73,都市：住
RPPNMLKKLHKFFBV88DA,成功段,27.40,都市：住
RPTNMLKKLHKFFBV66DA,和平南段,2775.94,非都市：風景區 ; 非都市編定：農牧用地
RPTNMLKKLHKFFBV66DA,和平南段,305.30,非都市：風景區 ; 非都市編定：農牧用地
RPQNMLLKLHKFFCV56DA,大原段,2897.00,非都市：特定農業區 ; 非都市編定：農牧用地
RPQNMLLKLHKFFCV56DA,大原段,2569.00,非都市：特定農業區 ; 非都市編定：農牧用地
RPQNMLLKLHKFFCV56DA,大原段,109.00,非都市：特定農業區 ; 非都市編定：甲種建築用地
RPQNMLMKLHKFFBV09CA,小馬段,2080.00,非都市：風景區 ; 非都市編定：農牧用地
RPRNMLMKLHKFFBV56CA,新美山段,4527.22,非都市：風景區 ; 非都市編定：農牧用地
RPQNMLMKLHKFFBV09CA,小馬段,1657.00,非都市：風景區 ; 非都市編定：農牧用地
RPQNMLMKLHKFFBV09CA,小馬段,71.00,非都市：風景區 ; 非都市編定：農牧用地
RPPNMLLMLHKFFCV56CA,水墜段,186.34,非都市： ; 非都市編定：
RPRNMLRLLHKFFCV27CA,牧野段,64.86,非都市：一般農業區 ; 非都市編定：甲種建築用地
RPRNMLRLLHKFFCV27CA,牧野段,64.86,非都市：一般農業區 ; 非都市編定：甲種建築用地
RPPNMLMKLHKFFBV98CA,中柄段,1412.42,非都市：風景區 ; 非都市編定：農牧用地
RPPNMLLKLHKFFDV09CA,復興段,97.75,都市：住
RPPOMLTKLHKFFAV07CA,台東段,137.60,都市：住
RPPOMLTKLHKFFAV07CA,台東段,9.00,都市：其他
RPPNMLSKLHKFFAV86CA,知本段,1925.00,非都市：特定農業區 ; 非都市編定：農牧用地
RPUNMLMKLHKFFAV86DA,常德段,24.37,都市：住
RPWNMLNKLHKFFAV07CA,台東段,19.00,都市：住
RPWNMLNKLHKFFAV07CA,台東段,52.00,都市：住
RPQNMLNKLHKFFAV09CA,知本段,1820.00,非都市：特定農業區 ; 非都市編定：農牧用地
RPQNMLNKLHKFFAV09CA,知本段,1274.00,非都市：特定農業區 ; 非都市編定：農牧用地
RPQNMLNKLHKFFAV09CA,知本段,1411.00,非都市：特定農業區 ; 非都市編定：農牧用地
RPQNMLNKLHKFFAV09CA,知本段,2500.00,非都市：特定農業區 ; 非都市編定：農牧用地
RPQNMLNKLHKFFAV09CA,知本段,3750.00,非都市：特定農業區 ; 非都市編定：農牧用地
RPQNMLNKLHKFFAV09CA,知本段,3737.00,非都市：特定農業區 ; 非都市編定：農牧用地
RPQOMLTKLHKFFAV17CA,台東段,137.60,都市：住
RPQOMLTKLHKFFAV17CA,台東段,9.00,都市：其他
RPQNMLMKLHKFFAV98CA,豐利段,49.29,都市：住
RPPNMLNKLHKFFBV09CA,城仔埔段,2501.14,非都市：風景區 ; 非都市編定：農牧用地
RPSNMLMKLHKFFBV66CA,南佳里段,2054.67,非都市：風景區 ; 非都市編定：農牧用地
RPSNMLMKLHKFFBV66CA,南佳里段,1091.04,非都市：風景區 ; 非都市編定：農牧用地
RPSNMLMKLHKFFBV66CA,南佳里段,2526.53,非都市：風景區 ; 非都市編定：農牧用地
RPSNMLMKLHKFFBV66CA,南佳里段,438.81,非都市：風景區 ; 非都市編定：農牧用地
RPTNMLMKLHKFFAV66CA,豐年段,19.00,都市：住
RPQNMLNKLHKFFBV56CA,萬年段,152.00,非都市：鄉村區 ; 非都市編定：乙種建築用地
RPSNMLLKLHKFFAV09CA,台東段,3.64,都市：住
RPWNMLLKLHKFFBV96CA,大霸來段,1867.22,非都市：風景區 ; 非都市編定：農牧用地
RPWNMLLKLHKFFBV96CA,大霸來段,2440.98,非都市：風景區 ; 非都市編定：農牧用地
RPVNMLLKLHKFFBV86CA,濱海段,120.95,都市：住
RPVNMLLKLHKFFBV86CA,濱海段,63.44,都市：住
RPRNMLSJMHKFFAV07CA,豐航段,1556.20,都市：農
RPQNMLNKLHKFFCV66CA,紅葉段,10246.00,非都市：山坡地保育區 ; 非都市編定：農牧用地
RPXNMLLKLHKFFAV96CA,東海段,93.07,都市：住
RPXNMLLKLHKFFAV96CA,東海段,21.61,都市：住
RPROMLTKLHKFFAV27CA,台東段,137.60,都市：住
RPROMLTKLHKFFAV27CA,台東段,9.00,都市：其他
RPSOMLTKLHKFFAV37CA,台東段,137.60,都市：住
RPSOMLTKLHKFFAV37CA,台東段,9.00,都市：其他
RPTNMLNKLHKFFBV86CA,新美山段,530.69,非都市：風景區 ; 非都市編定：農牧用地
RPTNMLNKLHKFFBV86CA,新美山段,1151.95,非都市：風景區 ; 非都市編定：農牧用地
RPPNMLRKLHKFFDV07CA,蘭里段,204.60,非都市：鄉村區 ; 非都市編定：乙種建築用地
RPPNMLRKLHKFFDV07CA,蘭里段,148.00,非都市：鄉村區 ; 非都市編定：乙種建築用地
RPSNMLSJMHKFFAV17CA,豐航段,1471.13,都市：農
RPTNMLKLLHKFFAV66DA,普優瑪段,73.10,都市：住
RPQNMLRKLHKFFCV17DA,萬朝段,521.79,非都市：一般農業區 ; 非都市編定：甲種建築用地
RPQNMLRKLHKFFCV17DA,萬朝段,48.29,非都市：一般農業區 ; 非都市編定：甲種建築用地
RPRNMLSKLHKFFCV37DA,牧野段,2545.48,非都市：特定農業區 ; 非都市編定：農牧用地
RPRNMLSKLHKFFCV37DA,牧野段,2941.39,非都市：特定農業區 ; 非都市編定：農牧用地
RPSNMLRKLHKFFBV27DA,新港段白蓮小段,2830.00,非都市：風景區 ; 非都市編定：農牧用地
RPTOMLTKLHKFFAV47CA,台東段,137.60,都市：住
RPTOMLTKLHKFFAV47CA,台東段,9.00,都市：其他
RPPNMLOKLHKFFBV56CA,七里段,5966.47,非都市：風景區 ; 非都市編定：農牧用地
RPQNMLNKLHKFFDV86DA,泰王段,191.61,都市：商
RPPNMLQKLHKFFBV76CA,烏石鼻段,2219.37,非都市：風景區 ; 非都市編定：農牧用地
RPQNMLPLLHKFFBV86CA,黃金橋段,48.16,非都市：鄉村區 ; 非都市編定：乙種建築用地
RPQNMLQKLHKFFBV86CA,高原段,1903.00,非都市：森林區 ; 非都市編定：農牧用地
RPWNMLNLLHKFFAV17CA,南王段,85.75,都市：住
RPPNMLQKLHKFFAV66CA,新生段,14.64,都市：住
RPXNMLMJMHKFFAV07CA,北南王段,100.90,都市：住
RPUNMLKLLHKFFAV76DA,台東段,135.00,都市：商
RPUNMLKLLHKFFAV76DA,台東段,1.00,都市：其他
RPPNMLOKLHKFFAV09CA,東海段,21.61,都市：住
RPPNMLOKLHKFFAV09CA,東海段,93.07,都市：住
RPQNMLQKLHKFFCV96CA,中福段,93.44,都市：其他
RPQNMLQKLHKFFCV96CA,中福段,1779.70,都市：農
RPQNMLQKLHKFFCV96CA,中福段,154.89,都市：農
RPPNMLQKLHKFFCV86CA,新福段,2614.28,非都市：一般農業區 ; 非都市編定：農牧用地
RPPNMLQKLHKFFCV86CA,新福段,2601.43,非都市：一般農業區 ; 非都市編定：農牧用地
RPPNMLQKLHKFFCV86CA,新福段,277.77,非都市：一般農業區 ; 非都市編定：農牧用地
RPSNMLLJMHKFFCV66CA,新福段,1433.47,非都市：一般農業區 ; 非都市編定：農牧用地
RPSNMLLJMHKFFCV66CA,新福段,1386.48,非都市：一般農業區 ; 非都市編定：農牧用地
RPTNMLRLLHKFFCV47CA,新福段,191.71,非都市：鄉村區 ; 非都市編定：乙種建築用地
RPQNMLSKLHKFFDV27CA,泰德段,2051.25,都市：農
RPQNMLSKLHKFFDV27CA,泰德段,1784.25,都市：農
RPPNMLNKLHKFFCV56CA,慶福段,166.75,都市：住
RPPNMLNKLHKFFCV56CA,慶福段,7.43,都市：住
RPQNMLQKLHKFFAV76CA,建國段,232.82,都市：住
RPQNMLOLLHKFFDV96CA,秀山段,11.54,都市：商
RPQNMLOLLHKFFDV96CA,秀山段,.00,都市：其他
SPQNMLOLLHKFFDV07CA,秀山段,10.39,都市：商
SPQNMLOLLHKFFDV07CA,秀山段,.00,都市：其他
RPQNMLRKLHKFFAV86CA,龍過脈段,1479.17,非都市：山坡地保育區 ; 非都市編定：農牧用地
RPOOMLRKLHKFFAV76CA,馬蘭段,122.00,都市：住
RPQNMLSKLHKFFAV96CA,自強段,80.00,都市：住
RPRNMLSKLHKFFAV07CA,台東段,71.00,都市：住
RPPNMLPKMHKFFCV96DA,萬福段,2238.83,非都市：特定農業區 ; 非都市編定：農牧用地
RPPNMLPKMHKFFCV96DA,萬福段,2531.84,非都市：特定農業區 ; 非都市編定：農牧用地
RPSNMLSKLHKFFCV47DA,水井段,2567.07,非都市：特定農業區 ; 非都市編定：農牧用地
RPPNMLSKLHKFFCV17DA,電光段,129.06,非都市：鄉村區 ; 非都市編定：乙種建築用地
RPXNMLRKLHKFFAV57CA,馬蘭段,12.75,都市：住
RPUNMLRKLHKFFBV47DA,沙泥灣段,1161.92,非都市：風景區 ; 非都市編定：農牧用地
RPUNMLRKLHKFFBV47DA,沙泥灣段,3002.95,非都市：風景區 ; 非都市編定：農牧用地
RPUNMLRKLHKFFBV47DA,沙泥灣段,1330.98,非都市：風景區 ; 非都市編定：農牧用地
RPUNMLRKLHKFFBV47DA,沙泥灣段,1096.00,非都市：風景區 ; 非都市編定：農牧用地
RPRNMLMJMHKFFAV09CA,普優瑪段,100.85,都市：住
RPTNMLRLLHKFFAV27CA,常德段,16.99,都市：住
RPQNMLTKLHKFFAV07CA,岩灣段,115.95,都市：住
RPQNMLSKLHKFFCV27DA,新興段,1986.03,非都市：特定農業區 ; 非都市編定：農牧用地
RPXNMLTKLHKFFAV77CA,利家段,1000.00,非都市：特定農業區 ; 非都市編定：農牧用地
RPPNMLKLLHKFFAV78CA,下賓朗段,79.19,非都市：鄉村區 ; 非都市編定：乙種建築用地
RPPNMLKLLHKFFAV78CA,下賓朗段,165.24,非都市：鄉村區 ; 非都市編定：乙種建築用地
RPTNMLTKLHKFFAV47DA,石川段,704.51,非都市：風景區 ; 非都市編定：丙種建築用地
RPTNMLSKLHKFFAV27CA,自強段,143.94,都市：住
RPPNMLNKMHKFFCV66CA,慶福段,517.89,都市：住
RPRNMLKLLHKFFAV98CA,台東段,11.77,都市：住
RPPNMLNKMHKFFBV56CA,東柄段,3368.52,非都市：風景區 ; 非都市編定：農牧用地
RPPNMLNKMHKFFBV56CA,東柄段,3368.51,非都市： ; 非都市編定：
RPPNMLNKMHKFFBV56CA,東柄段,3368.52,非都市： ; 非都市編定：
RPPNMLNKMHKFFBV56CA,東柄段,3368.52,非都市： ; 非都市編定：
RPPNMLRKLHKFFAV76CA,豐年段,63.09,都市：住
RPRNMLQLLHKFFCV17CA,紅石段,790.00,非都市：山坡地保育區 ; 非都市編定：農牧用地
RPRNMLQLLHKFFCV17CA,紅石段,7440.00,非都市：山坡地保育區 ; 非都市編定：農牧用地
RPRNMLQLLHKFFCV17CA,紅石段,1740.00,非都市：山坡地保育區 ; 非都市編定：丙種建築用地
RPRNMLQLLHKFFCV17CA,紅石段,460.00,非都市：山坡地保育區 ; 非都市編定：農牧用地
RPQNMLNKMHKFFBV66CA,忠勇段,146.28,都市：住
RPPNMLOLLHKFFCV76CA,中華段,380.09,都市：住
RPPNMLOLLHKFFCV76CA,中華段,23.36,都市：其他
RPPNMLLJMHKFFDV09CA,大鳥段,7370.00,非都市：山坡地保育區 ; 非都市編定：農牧用地
RPUNMLNKMHKFFAV07DA,新生段,394.00,都市：住
RPPNMLTKLHKFFBV07CA,忠智段,54.26,都市：住
RPRNMLTKLHKFFAV17CA,岩灣段,134.97,都市：住
RPRNMLOLLHKFFDV17DA,金富段,61.17,非都市：鄉村區 ; 非都市編定：乙種建築用地
RPPNMLTKLHKFFCV27DA,水井段,253.71,都市：農
RPVNMLTKLHKFFAV57CA,台東段,101.00,都市：住
RPVNMLKLLHKFFAV76CA,射馬干段,5035.85,非都市：特定農業區 ; 非都市編定：農牧用地
RPOOMLMJMHKFFAV88CA,馬蘭段,120.00,都市：住
SPUNMLNLLHKFFAV07CA,台東段,1313.00,都市：農
SPUNMLNLLHKFFAV07CA,台東段,2304.00,都市：農
SPUNMLNLLHKFFAV07CA,台東段,103.00,都市：農
RPUNMLTKLHKFFAV47CA,新生段,11.41,都市：住
RPWNMLKLLHKFFAV86CA,中心段,88.00,都市：住
RPXNMLKLLHKFFAV96CA,青林段,49.26,都市：住
RPQOMLKLLHKFFAV09DA,東谷段,5.79,非都市：特定農業區 ; 非都市編定：交通用地
RPVNMLPLLHKFFAV27CA,台東段,108.00,都市：住
RPVNMLPLLHKFFAV27CA,台東段,85.00,都市：住
RPPOMLKLLHKFFAV88CA,馬蘭段,39.38,都市：住
RPSNMLLJMHKFFAV09CA,台東段,133.00,都市：商
RPSNMLNLLHKFFAV76CA,常德段,12.91,都市：住
RPRNMLNKMHKFFCV86CA,永安段,2683.00,非都市：特定農業區 ; 非都市編定：農牧用地
RPOOMLTKLHKFFAV07DA,大業段,83.81,非都市：特定農業區 ; 非都市編定：甲種建築用地
RPPNMLNLLHKFFCV66CA,牧野段,77.66,非都市：特定農業區 ; 非都市編定：農牧用地
RPPNMLNLLHKFFCV66CA,牧野段,2890.24,非都市：特定農業區 ; 非都市編定：農牧用地
RPPNMLNLLHKFFCV66CA,牧野段,1176.79,非都市：特定農業區 ; 非都市編定：農牧用地
RPPNMLNLLHKFFCV66CA,牧野段,1065.06,非都市：特定農業區 ; 非都市編定：農牧用地
RPPNMLNLLHKFFAV09CA,光明段,344.00,都市：其他
RPVNMLNLLHKFFAV07CA,中正段,271.00,都市：住
RPRNMLPLLHKFFAV86CA,興安段,191.88,都市：住
RPPNMLOLLHKFFAV56CA,豐年段,16.59,都市：住
RPQNMLNLLHKFFAV56CA,東農段,988.17,非都市：特定農業區 ; 非都市編定：農牧用地
RPQNMLNLLHKFFAV56CA,東農段,867.14,非都市：特定農業區 ; 非都市編定：農牧用地
RPRNMLOLLHKFFAV76CA,建樂段,8.95,都市：住
RPRNMLOLLHKFFAV76CA,建樂段,1.03,都市：住
RPUNMLQLLHKFFAV27CA,建業段,94.65,都市：住
RPUNMLQLLHKFFAV27CA,建業段,1.35,都市：其他
RPQOMLNLLHKFFAV66CA,馬蘭段,10.49,都市：住
RPVNMLOLLHKFFAV17CA,豐年段,131.54,都市：住
RPVNMLOLLHKFFAV17CA,豐年段,33.55,都市：其他
RPQNMLOLLHKFFAV66CA,新生段,3.00,都市：其他
RPQNMLOLLHKFFAV66CA,新生段,79.00,都市：住
RPSOMLNLLHKFFAV86CA,永和段,1568.06,都市：住
RPSOMLNLLHKFFAV86CA,永和段,111.74,都市：其他
RPTNMLOLLHKFFAV96CA,煙草間段,268.64,非都市：鄉村區 ; 非都市編定：乙種建築用地
RPTNMLOLLHKFFAV96CA,煙草間段,5.04,非都市：鄉村區 ; 非都市編定：乙種建築用地
RPTNMLOLLHKFFAV96CA,煙草間段,19.21,非都市：鄉村區 ; 非都市編定：乙種建築用地
RPTNMLPLLHKFFAV07CA,知本段,7250.00,非都市：特定農業區 ; 非都市編定：農牧用地
RPROMLNLLHKFFAV76CA,東海段,25.08,都市：住
RPROMLNLLHKFFAV76CA,東海段,1.62,都市：住
RPWNMLLJMHKFFAV86CA,豐年段,149.03,都市：住
RPPOMLLJMHKFFAV88CA,豐年段,140.82,都市：住
RPPNMLRLLHKFFCV07CA,豐泉段,123.47,都市：住
RPRNMLQLLHKFFAV96CA,豐年段,155.45,都市：住
RPROMLLJMHKFFAV09CA,豐年段,134.20,都市：住
RPQNMLNJMHKFFAV09CA,豐年段,121.13,都市：住
RPPNMLOLLHKFFDV86CA,北橋段,3161.43,都市：住
RPPNMLOLLHKFFDV86CA,北橋段,39.33,都市：住
RPUNMLOLLHKFFAV17DA,梅園段,67.40,非都市：鄉村區 ; 非都市編定：乙種建築用地
RPPNMLOLLHKFFDV86CA,北橋段,167.44,都市：其他
RPPNMLOLLHKFFDV86CA,北橋段,443.42,都市：住
RPRNMLNKMHKFFBV76CA,玉港段,2635.31,非都市：風景區 ; 非都市編定：農牧用地
RPPNMLOLLHKFFDV86CA,北橋段,41.04,都市：住
RPPNMLOLLHKFFDV86CA,北橋段,173.74,都市：住
RPPNMLOLLHKFFDV86CA,北橋段,614.43,都市：住
RPPNMLOLLHKFFDV86CA,北橋段,58.09,都市：住
RPPNMLOLLHKFFDV86CA,北橋段,47.33,都市：住
RPPNMLOLLHKFFDV86CA,北橋段,21.33,都市：住
RPPNMLOLLHKFFDV86CA,北橋段,9.68,都市：住
RPPNMLOLLHKFFDV86CA,北橋段,1869.70,都市：住
RPPNMLOLLHKFFDV86CA,北溪段,411.72,都市：住
RPPNMLOLLHKFFDV86CA,北溪段,5.74,都市：住
RPPNMLOLLHKFFDV86CA,北橋段,101.74,都市：其他
RPPNMLPLLHKFFBV76CA,濱海段,279.66,都市：住
RPPNMLTLLHKFFAV17DA,台東段,77.00,都市：住
RPRNMLRJMHKFFAV96CA,台東段,57.92,都市：住
RPVNMLRLLHKFFCV67CA,南山段,78.86,都市：住
RPPNMLKKMHKFFAV78CA,豐年段,114.59,都市：住
RPPNMLPLLHKFFDV07DA,金富段,4312.14,非都市：山坡地保育區 ; 非都市編定：農牧用地
RPQNMLLJMHKFFCV09CA,龍田段,1392.75,都市：住
RPPNMLTJMHKFFBV17DA,烏石鼻段,274.93,非都市：風景區 ; 非都市編定：農牧用地
RPQNMLMLMHKFFCV86DA,和平段,1099.52,非都市：一般農業區 ; 非都市編定：農牧用地
RPQNMLMLMHKFFCV86DA,和平段,482.13,非都市：一般農業區 ; 非都市編定：農牧用地
RPROMLQLLHKFFAV07CA,普優瑪段,1161.00,都市：農
RPROMLQLLHKFFAV07CA,普優瑪段,201.52,都市：其他
RPROMLQLLHKFFAV07CA,普優瑪段,67.50,都市：農
RPPNMLPKMHKFFDV07DA,蘭里段,439.59,非都市：鄉村區 ; 非都市編定：乙種建築用地
RPQNMLQLLHKFFAV86CA,豐成段,3085.10,非都市：特定農業區 ; 非都市編定：農牧用地
RPXNMLKMLHKFFAV07CA,台東段,66.00,都市：住
RPRNMLRLLHKFFAV07CA,豐航段,1440.24,都市：農
RPRNMLRLLHKFFAV07CA,豐航段,1445.24,都市：農
RPQNMLLJMHKFFAV88CA,豐年段,9.31,都市：住
RPQNMLLJMHKFFAV88CA,豐年段,94.27,都市：住
RPQNMLLJMHKFFAV88CA,豐年段,5.23,都市：住
RPUOMLQLLHKFFAV37CA,利吉段,375.87,非都市：鄉村區 ; 非都市編定：乙種建築用地
RPUOMLQLLHKFFAV37CA,利吉段,4446.37,非都市：山坡地保育區 ; 非都市編定：暫未編定
RPQNMLRLLHKFFAV96CA,豐航段,1457.33,都市：農
RPTNMLQLLHKFFAV17CA,豐年段,23.57,都市：住
RPPNMLRLLHKFFAV86CA,興安段,448.46,都市：住
RPSNMLRLLHKFFAV17CA,豐川段,4045.22,非都市：特定農業區 ; 非都市編定：農牧用地
RPSNMLRLLHKFFAV17CA,豐川段,3884.72,非都市：特定農業區 ; 非都市編定：農牧用地
RPSNMLRLLHKFFAV17CA,豐川段,1413.77,非都市：特定農業區 ; 非都市編定：農牧用地
RPXNMLRJMHKFFAV57CA,建成段,307.98,都市：商
RPXNMLRJMHKFFAV57CA,建成段,307.98,都市：商
RPQNMLPLLHKFFAV76CA,豐富段,126.98,都市：住
RPPNMLQJMHKFFAV66CA,青林段,3012.52,非都市：山坡地保育區 ; 非都市編定：農牧用地
RPQNMLQLLHKFFCV07CA,溪埔段,1014.25,非都市：特定農業區 ; 非都市編定：農牧用地
RPUNMLLMLHKFFAV86CA,台東段,22.41,都市：住
RPPNMLKMLHKFFAV98DA,公東段,359.70,都市：其他
RPPNMLRLLHKFFBV96CA,和平南段,71.85,非都市：風景區 ; 非都市編定：農牧用地
RPPNMLQLLHKFFBV86CA,城仔埔段,3463.71,非都市：風景區 ; 非都市編定：農牧用地
RPUNMLLJMHKFFAV76DA,台東段,70.00,都市：住
RPQNMLKMLHKFFAV09DA,公東段,436.22,都市：住
RPQNMLMLMHKFFBV66CA,三間段大來小段,1011.00,非都市：風景區 ; 非都市編定：農牧用地
RPPOMLMJMHKFFAV98CA,馬蘭段,92.00,都市：住
RPPNMLSJMHKFFDV17CA,秀山段,.00,都市：住
RPPNMLSJMHKFFDV17CA,秀山段,8.08,都市：住
RPQNMLKLMHKFFCV66DA,水源段,1588.13,非都市：特定農業區 ; 非都市編定：農牧用地
RPQNMLKLMHKFFCV66DA,水源段,8369.03,非都市：一般農業區 ; 非都市編定：農牧用地
RPQNMLKLMHKFFCV66DA,水源段,40.34,非都市：一般農業區 ; 非都市編定：交通用地
RPQNMLQJMHKFFAV76CA,豐航段,2897.39,都市：農
RPPNMLOKMHKFFBV76DA,新美山段,7.34,非都市：風景區 ; 非都市編定：農牧用地
RPPNMLTJMHKFFDV37DA,復興段,71.96,都市：住
SPPNMLSJMHKFFDV27CA,秀山段,.00,都市：住
SPPNMLSJMHKFFDV27CA,秀山段,8.08,都市：住
RPRNMLQJMHKFFAV86CA,豐里段,290.79,非都市：特定農業區 ; 非都市編定：農牧用地
RPRNMLQJMHKFFAV86CA,豐里段,6575.18,非都市：特定農業區 ; 非都市編定：農牧用地
RPUNMLRLLHKFFCV57CA,隆興段,389.94,非都市：一般農業區 ; 非都市編定：農牧用地
RPPNMLKLMHKFFBV09DA,忠仁段,102.41,都市：住
RPPNMLLMLHKFFAV98CA,常德段,118.89,都市：住
RPSNMLOKMHKFFAV86CA,普優瑪段,331.79,都市：住
RPUNMLKMLHKFFAV76CA,豐年段,352.59,都市：農
RPQNMLTLLHKFFAV17CA,鎮樂段,10550.00,非都市：山坡地保育區 ; 非都市編定：農牧用地
RPQNMLTLLHKFFAV17CA,鎮樂段,16400.00,非都市：山坡地保育區 ; 非都市編定：農牧用地
RPWNMLRLLHKFFCV87DA,中華段,103.68,都市：住
RPUNMLMJMHKFFAV76CA,利家段,95.00,非都市：鄉村區 ; 非都市編定：乙種建築用地
RPUNMLMJMHKFFAV76CA,利家段,57.00,非都市：鄉村區 ; 非都市編定：乙種建築用地
RPVNMLLJMHKFFAV76CA,豐年段,74.35,都市：住
RPVNMLLJMHKFFAV76CA,豐年段,74.35,都市：住
RPSOMLQLLHKFFAV17CA,常德段,37.73,都市：住
RPSOMLQLLHKFFAV17CA,常德段,37.73,都市：住
RPSOMLQLLHKFFAV17CA,常德段,37.73,都市：住
RPSNMLKKMHKFFAV09CA,東興段,274.89,非都市：鄉村區 ; 非都市編定：乙種建築用地
RPSNMLKKMHKFFAV09CA,東興段,159.23,非都市：鄉村區 ; 非都市編定：乙種建築用地
RPRNMLKMLHKFFAV09CA,青林段,633.69,非都市：山坡地保育區 ; 非都市編定：農牧用地
RPRNMLKMLHKFFAV09CA,青林段,2733.60,非都市：山坡地保育區 ; 非都市編定：農牧用地
RPTNMLQJMHKFFAV07CA,利家段,74.00,非都市：特定農業區 ; 非都市編定：交通用地
RPTNMLQJMHKFFAV07CA,利家段,492.00,非都市：鄉村區 ; 非都市編定：乙種建築用地
RPPNMLPKMHKFFBV76CA,沙泥灣段,361.13,非都市：鄉村區 ; 非都市編定：乙種建築用地
RPRNMLMLMHKFFBV76CA,八桑灣段,26.60,非都市：風景區 ; 非都市編定：丙種建築用地
RPRNMLLJMHKFFCV66DA,鹿野段,2682.00,非都市：一般農業區 ; 非都市編定：農牧用地
RPVNMLKKMHKFFAV76CA,豐年段,133.65,都市：住
RPPNMLKMLHKFFCV56DA,慶福段,38.41,都市：商
RPTNMLRJMHKFFDV47CA,秀山段,7.50,都市：住
RPPNMLSJMHKFFAV96DA,普優瑪段,127.48,都市：住
RPQNMLKMLHKFFCV66DA,慶福段,2.33,都市：商
RPTNMLNKMHKFFBV96CA,高原段,110.00,非都市：鄉村區 ; 非都市編定：乙種建築用地
RPPNMLLJMHKFFCV98CA,鹿野段,1812.00,非都市：特定農業區 ; 非都市編定：農牧用地
RPTNMLLJMHKFFAV56CA,龍過脈段,1001.21,非都市：山坡地保育區 ; 非都市編定：農牧用地
RPTNMLLMLHKFFAV76CA,南王段,69.39,都市：住
RPTNMLLMLHKFFAV76CA,南王段,48.73,都市：住
RPROMLKMMHKFFAV66CA,岩灣段,142.51,都市：住
RPQNMLRJMHKFFAV86CA,中心段,80.00,都市：住
RPVNMLLMLHKFFAV07DA,台東段,214.00,都市：住
RPPNMLNJMHKFFAV98CA,豐源段,7894.12,非都市：特定農業區 ; 非都市編定：農牧用地
RPPNMLNJMHKFFAV98CA,豐源段,2368.91,非都市：特定農業區 ; 非都市編定：農牧用地
RPPNMLNJMHKFFAV98CA,豐源段,6322.79,非都市：特定農業區 ; 非都市編定：農牧用地
RPPNMLNJMHKFFAV98CA,豐源段,1785.48,非都市：特定農業區 ; 非都市編定：農牧用地
RPPNMLNJMHKFFAV98CA,豐源段,142.73,非都市：特定農業區 ; 非都市編定：農牧用地
RPPNMLNJMHKFFAV98CA,豐源段,73.44,非都市：特定農業區 ; 非都市編定：農牧用地
RPQNMLKMMHKFFBV56CA,忠勇段,183.97,都市：其他
RPQNMLKMMHKFFBV56CA,忠勇段,17.73,都市：其他
RPPNMLMJMHKFFCV09CA,西莊段,3615.84,非都市：特定農業區 ; 非都市編定：農牧用地
RPWNMLKMLHKFFAV96CA,台東段,111.00,都市：住
RPUNMLRJMHKFFAV27CA,南榮段,7.51,都市：住
RPUNMLRJMHKFFAV27CA,南榮段,123.48,都市：住
RPSNMLLMLHKFFAV66CA,中心段,83.00,都市：住
RPPNMLRJMHKFFAV76CA,台東段,45.55,都市：住
RPRNMLLJMHKFFAV09DA,普優瑪段,77.12,都市：住
RPXNMLKKMHKFFAV96CA,豐年段,127.91,都市：住
RPOOMLPKMHKFFAV66CA,利家段,2063.50,非都市：特定農業區 ; 非都市編定：農牧用地
RPOOMLPKMHKFFAV66CA,利家段,2063.50,非都市：特定農業區 ; 非都市編定：農牧用地
RPQNMLRJMHKFFDV17CA,北橋段,148.27,都市：住
RPPNMLMJMHKFFAV88CA,上岩灣段,2736.33,都市：農
RPQNMLMJMHKFFAV98CA,上岩灣段,2634.14,都市：農
RPSOMLLJMHKFFAV56CA,青林段,832.11,都市：住
RPWNMLMJMHKFFAV96CA,馬蘭段,2.42,都市：住
RPWNMLMJMHKFFAV96CA,馬蘭段,2.85,都市：住
RPPNMLTLMHKFFDV57DA,拉力段,21780.00,非都市：山坡地保育區 ; 非都市編定：農牧用地
RPUNMLRJMHKFFDV67DA,金富段,3145.00,非都市：山坡地保育區 ; 非都市編定：農牧用地
RPSNMLMJMHKFFAV56CA,豐富段,191.07,都市：住
RPSNMLMJMHKFFAV56CA,豐富段,11.38,都市：住
RPPNMLMJMHKFFDV66DA,大王段,4350.00,非都市：山坡地保育區 ; 非都市編定：農牧用地
RPQNMLSJMHKFFDV37DA,德其段,2154.23,都市：住
RPPNMLRJMHKFFCV07DA,紅葉段,75.00,都市：農
RPSNMLQKMHKFFAV07CA,利家段,7227.00,非都市：特定農業區 ; 非都市編定：農牧用地
RPTNMLQKMHKFFAV17CA,德安段,5008.88,都市：農
RPTNMLQKMHKFFAV17CA,德安段,286.61,都市：農
RPPNMLTJMHKFFCV27DA,中華東段,760.92,非都市：一般農業區 ; 非都市編定：農牧用地
RPQNMLNKMHKFFCV86DA,萬福段,1225.16,非都市：特定農業區 ; 非都市編定：農牧用地
RPVNMLMJMHKFFAV86CA,永豐段,101.47,都市：住
RPSNMLRJMHKFFAV07CA,豐成段,3337.58,非都市：特定農業區 ; 非都市編定：農牧用地
SPUNMLLLMHKFFAV96CA,馬蘭段,92.00,都市：住
RPVNMLSJMHKFFAV47CA,台東段,454.00,都市：商
RPTNMLSJMHKFFAV27CA,豐年段,119.60,都市：住
RPUNMLLLMHKFFAV86CA,馬蘭段,124.00,都市：住
RPRNMLTJMHKFFAV17CA,射馬干段,150.00,非都市：特定農業區 ; 非都市編定：甲種建築用地
RPPNMLOLMHKFFDV96CA,金富段,1500.00,非都市：山坡地保育區 ; 非都市編定：特定目的事業用地
RPPNMLOLMHKFFDV96CA,金富段,1058.37,非都市：山坡地保育區 ; 非都市編定：農牧用地
RPTNMLRJMHKFFAV17CA,台東段,12.68,都市：住
RPPOMLRJMHKFFAV86CA,東興段,340.81,非都市：鄉村區 ; 非都市編定：乙種建築用地
RPVNMLRJMHKFFDV67CA,北橋段,129.77,都市：商
RPVNMLRJMHKFFDV67CA,北橋段,16.68,都市：其他
RPPNMLSJMHKFFBV96CA,忠智段,290.44,都市：住
RPPNMLSJMHKFFCV07CA,大原段,8874.00,非都市：特定農業區 ; 非都市編定：農牧用地
RPQNMLSJMHKFFAV96CA,岩灣段,188.60,都市：住
RPPNMLMJNHKFFAV09DA,新園段,1292.00,非都市：特定農業區 ; 非都市編定：農牧用地
RPSNMLMLMHKFFAV76CA,馬蘭段,120.00,都市：住
RPPNMLKKMHKFFCV09DA,鹿野段,1649.00,都市：農
RPPNMLKKMHKFFCV09DA,鹿野段,1641.00,都市：農
RPPNMLKKMHKFFCV09DA,鹿野段,1640.00,都市：農
RPPNMLKKMHKFFCV09DA,鹿野段,1582.00,都市：農
RPPNMLKKMHKFFCV09DA,鹿野段,1582.00,都市：農
RPPNMLKKMHKFFCV09DA,鹿野段,1582.00,都市：農
RPQOMLRJMHKFFAV96CA,豐年段,6.74,都市：住
RPQOMLRJMHKFFAV96CA,豐富段,122.84,都市：住
RPPNMLRKMHKFFCV17DA,海端段,340.00,非都市：鄉村區 ; 非都市編定：乙種建築用地
RPUNMLMLMHKFFAV96CA,南王段,79.32,都市：住
RPUNMLMLMHKFFAV96CA,南王段,55.69,都市：住
RPVNMLNKMHKFFAV07CA,利泰段,2550.00,非都市：山坡地保育區 ; 非都市編定：農牧用地
RPQNMLTJMHKFFAV07CA,東海段,166.84,都市：其他
RPQNMLTJMHKFFAV07CA,東海段,891.28,都市：農
RPQNMLTJMHKFFAV07CA,東海段,27.66,都市：農
RPPNMLTJMHKFFAV96CA,富岡南段,150.15,非都市：鄉村區 ; 非都市編定：乙種建築用地
RPQNMLTJMHKFFAV07CA,東海段,768.19,都市：農
RPPNMLTLMHKFFCV37CA,隆昌段,1961.50,非都市：山坡地保育區 ; 非都市編定：農牧用地
RPPNMLTLMHKFFCV37CA,隆昌段,1461.88,非都市：山坡地保育區 ; 非都市編定：農牧用地
RPRNMLLJNHKFFBV56CA,忠仁段,178.44,都市：住
RPPNMLOKMHKFFCV76CA,月野段,720.00,非都市：特定農業區 ; 非都市編定：農牧用地
RPPNMLOKMHKFFCV76CA,月野段,1300.00,非都市：特定農業區 ; 非都市編定：農牧用地
RPPNMLOKMHKFFCV76CA,月野段,1208.00,非都市：特定農業區 ; 非都市編定：農牧用地
RPVNMLLLMHKFFAV96CA,馬蘭段,92.00,都市：住
RPTNMLTJMHKFFAV37CA,大業段,2061.82,都市：農
RPTNMLTJMHKFFAV37CA,大業段,627.99,都市：農
RPPOMLOKMHKFFAV66CA,自強段,23.77,都市：住
RPVNMLOKMHKFFAV17CA,利家段,6394.00,非都市：特定農業區 ; 非都市編定：農牧用地
RPXNMLPKMHKFFAV47CA,利泰段,42.86,非都市：一般農業區 ; 非都市編定：甲種建築用地
RPRNMLOLMHKFFBV96CA,和平南段,216.56,非都市：風景區 ; 非都市編定：農牧用地
RPRNMLOLMHKFFBV96CA,和平南段,237.00,非都市：風景區 ; 非都市編定：交通用地
RPRNMLOLMHKFFBV96CA,和平南段,14445.09,非都市：風景區 ; 非都市編定：農牧用地
RPRNMLOLMHKFFBV96CA,和平南段,3596.35,非都市：風景區 ; 非都市編定：農牧用地
RPXNMLNKMHKFFAV27CA,富岡段,3.21,非都市：鄉村區 ; 非都市編定：乙種建築用地
RPXNMLNKMHKFFAV27CA,富岡段,1.27,非都市：鄉村區 ; 非都市編定：乙種建築用地
RPXNMLNKMHKFFAV27CA,富岡段,80.44,非都市：鄉村區 ; 非都市編定：乙種建築用地
RPPNMLLLMHKFFCV56CA,水井段,432.33,非都市：山坡地保育區 ; 非都市編定：農牧用地
RPPNMLLLMHKFFCV56CA,水井段,2541.22,非都市：特定農業區 ; 非都市編定：農牧用地
RPPOMLNKMHKFFAV56CA,鎮樂段,2292.00,非都市：山坡地保育區 ; 非都市編定：農牧用地
RPPOMLNKMHKFFAV56CA,鎮樂段,1680.00,非都市：山坡地保育區 ; 非都市編定：農牧用地
RPSNMLPKMHKFFBV07CA,濱海段,212.59,都市：住
RPSNMLPKMHKFFBV07CA,濱海段,31.97,都市：住
RPQNMLOKMHKFFAV66CA,明峰段,1308.90,非都市：山坡地保育區 ; 非都市編定：農牧用地
RPPOMLRLMHKFFAV07CA,豐年段,117.17,都市：住
RPSOMLOKMHKFFAV96CA,興安段,141.16,都市：住
RPWOMLPKMHKFFAV47CA,明峰段,1867.52,非都市：山坡地保育區 ; 非都市編定：林業用地
RPWOMLPKMHKFFAV47CA,明峰段,1866.29,非都市：山坡地保育區 ; 非都市編定：林業用地
RPWOMLPKMHKFFAV47CA,明峰段,1865.35,非都市：山坡地保育區 ; 非都市編定：林業用地
RPWOMLPKMHKFFAV47CA,明峰段,1867.91,非都市：山坡地保育區 ; 非都市編定：林業用地
RPWOMLPKMHKFFAV47CA,明峰段,1862.38,非都市：山坡地保育區 ; 非都市編定：林業用地
RPWOMLPKMHKFFAV47CA,明峰段,1861.32,非都市：山坡地保育區 ; 非都市編定：林業用地
RPWOMLPKMHKFFAV47CA,明峰段,1869.30,非都市：山坡地保育區 ; 非都市編定：林業用地
RPWOMLPKMHKFFAV47CA,明峰段,1868.97,非都市：山坡地保育區 ; 非都市編定：林業用地
RPWOMLPKMHKFFAV47CA,明峰段,1859.71,非都市：山坡地保育區 ; 非都市編定：林業用地
RPWOMLPKMHKFFAV47CA,明峰段,1873.03,非都市：山坡地保育區 ; 非都市編定：林業用地
RPPNMLNKMHKFFAV09CA,豐川段,2618.77,非都市：特定農業區 ; 非都市編定：農牧用地
RPRNMLPKMHKFFAV86CA,岩灣段,329.06,都市：住
RPRNMLPKMHKFFAV86CA,岩灣段,.28,都市：住
RPVNMLPKMHKFFAV27CA,新生段,96.00,都市：住
RPRNMLOKMHKFFCV96CA,崁頂段,5787.00,非都市：山坡地保育區 ; 非都市編定：農牧用地
RPQNMLKKMHKFFAV88CA,下賓朗段,325.76,非都市：鄉村區 ; 非都市編定：乙種建築用地
RPQNMLKKMHKFFAV88CA,下賓朗段,41.65,非都市：鄉村區 ; 非都市編定：交通用地
SPXNMLOKMHKFFAV47CA,豐年段,18.50,都市：住
RPRNMLNKMHKFFAV76DA,富岡南段,19.82,非都市：鄉村區 ; 非都市編定：乙種建築用地
RPQNMLNKMHKFFAV66DA,新生段,13.40,都市：住
RPQNMLOKMHKFFCV86CA,大原段,3260.00,非都市：山坡地保育區 ; 非都市編定：農牧用地
RPPOMLPKMHKFFAV76CA,台東段,162.00,都市：住
RPTNMLNKMHKFFAV86CA,馬蘭段,40.42,都市：住
RPPNMLQKMHKFFAV76CA,富岡段,101.24,非都市：鄉村區 ; 非都市編定：乙種建築用地
RPTNMLOKMHKFFAV96CA,知本段,5196.00,非都市：特定農業區 ; 非都市編定：農牧用地
RPOOMLNKMHKFFAV09CA,豐聖段,435.46,都市：住
RPOOMLNKMHKFFAV09CA,豐聖段,402.79,都市：住
RPOPMLPKMHKFFAV76CA,建華段,3217.33,非都市：特定農業區 ; 非都市編定：農牧用地
RPOPMLPKMHKFFAV76CA,建華段,1784.34,非都市：特定農業區 ; 非都市編定：農牧用地
RPPNMLNKNHKFFBV66CA,烏石鼻段,4008.60,非都市：風景區 ; 非都市編定：農牧用地
RPQNMLTLMHKFFCV47CA,永安段,2683.00,非都市：特定農業區 ; 非都市編定：農牧用地
RPUNMLPKMHKFFAV27DA,建華段,418.92,都市：農
RPUNMLPKMHKFFAV27DA,建華段,949.84,都市：農
RPTNMLMLMHKFFAV86CA,台東段,19.49,都市：住
RPTNMLMLMHKFFAV86CA,台東段,8.34,都市：住
RPTNMLMLMHKFFAV86CA,台東段,7.68,都市：住
RPTNMLMLMHKFFAV86CA,台東段,5.85,都市：住
RPTNMLMLMHKFFAV86CA,台東段,1.03,都市：住
RPTNMLMLMHKFFAV86CA,台東段,.97,都市：住
RPPNMLQJNHKFFCV96CA,月野段,1060.00,非都市：特定農業區 ; 非都市編定：農牧用地
RPPNMLQJNHKFFCV96CA,月野段,625.00,非都市：特定農業區 ; 非都市編定：農牧用地
RPPNMLKLMHKFFCV09CA,中和段,1559.12,非都市：一般農業區 ; 非都市編定：農牧用地
RPPNMLQJNHKFFCV96CA,月野段,946.00,非都市：特定農業區 ; 非都市編定：農牧用地
RPPNMLQJNHKFFCV96CA,月野段,919.00,非都市：特定農業區 ; 非都市編定：農牧用地
RPPNMLQJNHKFFCV96CA,月野段,941.00,非都市：特定農業區 ; 非都市編定：農牧用地
RPPNMLQJNHKFFCV96CA,月野段,815.00,非都市：特定農業區 ; 非都市編定：農牧用地
RPPNMLQKMHKFFCV07DA,萬福段,3398.78,非都市：特定農業區 ; 非都市編定：農牧用地
RPWNMLRJNHKFFAV57CA,台東段,200.00,都市：住
RPWNMLRJNHKFFAV57CA,台東段,51.50,都市：住
RPRNMLSJNHKFFCV47DA,鹿野段,1000.00,非都市：山坡地保育區 ; 非都市編定：農牧用地
RPRNMLSJNHKFFCV47DA,鹿野段,1000.00,非都市：山坡地保育區 ; 非都市編定：農牧用地
RPRNMLSJNHKFFCV47DA,鹿野段,1000.00,非都市：山坡地保育區 ; 非都市編定：農牧用地
RPQOMLSJNHKFFAV27DA,建樂段,744.02,非都市：山坡地保育區 ; 非都市編定：農牧用地
RPTNMLPKMHKFFBV27DA,永福段,2884.24,非都市：風景區 ; 非都市編定：農牧用地
RPTNMLPKMHKFFBV27DA,永福段,3002.16,非都市：風景區 ; 非都市編定：農牧用地
SPWNMLRJNHKFFAV67CA,台東段,152.00,都市：住
SPWNMLRJNHKFFAV67CA,台東段,51.50,都市：住
RPUNMLPKMHKFFBV37DA,大霸來段,1750.08,非都市：風景區 ; 非都市編定：農牧用地
RPRNMLRKMHKFFAV07CA,光明段,227.00,都市：農
RPPNMLRKMHKFFAV86CA,中山段,180.00,都市：住
RPUNMLKLMHKFFAV76CA,建本段,113.57,都市：住
RPSNMLRKMHKFFAV17CA,豐聖段,1666.27,都市：農
RPQNMLQKMHKFFAV86CA,中山段,177.00,都市：住
RPPNMLQKMHKFFBV86CA,三民段,105.24,都市：住
RPVNMLKMMHKFFAV96CA,豐年段,11.62,都市：住
RPRNMLQKMHKFFAV96CA,永和段,29.19,都市：住
RPRNMLQKMHKFFAV96CA,永和段,78.61,都市：住
RPTNMLKLMHKFFAV66CA,利家段,10967.00,非都市：山坡地保育區 ; 非都市編定：農牧用地
RPUNMLQKMHKFFAV27CA,常德段,146.97,都市：住
RPPNMLNLMHKFFAV56CA,石山段,7565.00,非都市：風景區 ; 非都市編定：農牧用地
RPPNMLNLMHKFFAV56CA,石山段,1940.00,非都市：風景區 ; 非都市編定：農牧用地
RPVNMLKLMHKFFAV86CA,建華段,464.63,非都市：特定農業區 ; 非都市編定：農牧用地
RPVNMLKLMHKFFAV86CA,建華段,6844.41,非都市：特定農業區 ; 非都市編定：農牧用地
RPVNMLKLMHKFFAV86CA,建華段,91.53,非都市：特定農業區 ; 非都市編定：農牧用地
RPSNMLKLMHKFFAV56CA,豐里段,287.48,非都市：鄉村區 ; 非都市編定：乙種建築用地
RPRNMLKLMHKFFAV09CA,豐里段,684.78,非都市：鄉村區 ; 非都市編定：乙種建築用地
RPQNMLLLMHKFFCV66CA,永安段,563.00,非都市：特定農業區 ; 非都市編定：農牧用地
RPQNMLLLMHKFFCV66CA,永安段,3908.00,非都市：特定農業區 ; 非都市編定：農牧用地
RPTNMLOJNHKFFAV96CA,利家段,241.25,非都市：鄉村區 ; 非都市編定：乙種建築用地
RPTNMLKMMHKFFAV86DA,利家段,6264.00,非都市：特定農業區 ; 非都市編定：農牧用地
RPRNMLKMMHKFFAV56CA,北南王段,93.35,都市：其他
RPPNMLLLMHKFFAV09DA,利家段,1213.00,非都市：特定農業區 ; 非都市編定：農牧用地
RPRNMLMLMHKFFCV96DA,月野段,1191.00,非都市：特定農業區 ; 非都市編定：農牧用地
RPRNMLMLMHKFFCV96DA,月野段,1787.00,非都市：特定農業區 ; 非都市編定：農牧用地
RPRNMLMLMHKFFCV96DA,月野段,953.00,非都市：特定農業區 ; 非都市編定：農牧用地
RPQNMLLLMHKFFBV56CA,成功段,53.63,都市：住
RPQNMLOLMHKFFBV96DA,和平南段,5209.51,非都市：風景區 ; 非都市編定：農牧用地
RPSNMLMLMHKFFCV07DA,月野段,1279.00,非都市：特定農業區 ; 非都市編定：農牧用地
RPSNMLMLMHKFFCV07DA,月野段,520.00,非都市：特定農業區 ; 非都市編定：農牧用地
RPSNMLMLMHKFFCV07DA,月野段,956.00,非都市：特定農業區 ; 非都市編定：農牧用地
RPSNMLMLMHKFFCV07DA,月野段,629.00,非都市：特定農業區 ; 非都市編定：農牧用地
RPQNMLKLMHKFFAV09DA,梧州段,95.36,都市：住
RPQNMLSLMHKFFBV37DA,八仙洞段,38.76,非都市：風景區 ; 非都市編定：農牧用地
RPPNMLMLMHKFFBV66DA,新港段八邊小段,2090.00,非都市：風景區 ; 非都市編定：農牧用地
RPRNMLMLMHKFFAV76DA,南王段,190.71,都市：住
RPXNMLRLMHKFFAV77CA,岩灣段,168.50,都市：住
RPWNMLKMMHKFFAV07CA,興安段,152.16,都市：住
RPRNMLRLMHKFFAV17CA,公西段,176.26,都市：住
RPRNMLRLMHKFFAV17CA,公西段,56.65,都市：住
RPOOMLRLMHKFFAV96CA,岩灣段,137.94,都市：住
RPRNMLTLMHKFFAV37CA,台東段,59.62,都市：住
RPRNMLNLMHKFFAV76CA,豐年段,68.05,都市：住
RPQNMLTLMHKFFAV27CA,台東段,12.68,都市：住
RPTNMLKMMHKFFBV86CA,小湊段美山小段,2819.00,非都市：風景區 ; 非都市編定：農牧用地
RPPNMLOLMHKFFAV66CA,北南王段,1555.97,都市：其他
RPPNMLOLMHKFFAV66CA,北南王段,547.61,都市：其他
RPRNMLLLMHKFFBV66CA,高台段,96.80,非都市：鄉村區 ; 非都市編定：乙種建築用地
RPTNMLTJNHKFFAV47CA,東海段,25.04,都市：住
RPUNMLTJNHKFFAV57CA,台東段,79.00,都市：住
RPUNMLTJNHKFFAV57CA,台東段,3.00,都市：商
RPSNMLNLMHKFFAV86CA,知本段,1313.00,非都市：特定農業區 ; 非都市編定：農牧用地
RPSNMLNLMHKFFAV86CA,知本段,1313.00,非都市：特定農業區 ; 非都市編定：農牧用地
RPQOMLOLMHKFFAV86CA,台東段,161.00,都市：住
RPQNMLMLMHKFFAV56CA,旭川段,3102.62,非都市：特定農業區 ; 非都市編定：農牧用地
RPWOMLKMMHKFFAV17CA,豐成段,2039.16,非都市：特定農業區 ; 非都市編定：農牧用地
RPWOMLKMMHKFFAV17CA,豐成段,734.16,非都市：特定農業區 ; 非都市編定：農牧用地
SPSNMLLLMHKFFAV76CA,建興段,3.15,都市：住
SPSNMLLLMHKFFAV76CA,建興段,7.41,都市：住
RPUNMLOLMHKFFAV17CA,建華段,862.09,都市：農
RPUNMLOLMHKFFAV17CA,建華段,1240.61,都市：農
RPUNMLOLMHKFFAV17CA,建華段,375.71,都市：農
RPUNMLOLMHKFFAV17CA,建華段,910.24,都市：農
RPPNMLMLMHKFFAV09CA,利卡夢段,111.04,非都市：鄉村區 ; 非都市編定：乙種建築用地
RPSNMLLLMHKFFAV66CA,建興段,3.15,都市：住
RPSNMLLLMHKFFAV66CA,建興段,7.41,都市：住
RPSNMLRLMHKFFAV27CA,岩灣段,398.02,都市：住
RPPNMLNKNHKFFCV76CA,德高段,323.34,非都市：鄉村區 ; 非都市編定：乙種建築用地
RPPNMLOJNHKFFCV76CA,紅葉段,404.00,都市：其他
RPPNMLOJNHKFFCV76CA,紅葉段,9.00,都市：其他
RPPNMLOJNHKFFCV76CA,紅葉段,3808.00,都市：其他
RPPNMLOJNHKFFCV76CA,紅葉段,322.00,都市：其他
RPPNMLOJNHKFFCV76CA,紅葉段,1945.00,非都市：山坡地保育區 ; 非都市編定：農牧用地
RPPNMLOJNHKFFCV76CA,紅葉段,1965.00,非都市：山坡地保育區 ; 非都市編定：農牧用地
RPPNMLOJNHKFFCV76CA,紅葉段,1220.00,非都市：山坡地保育區 ; 非都市編定：林業用地
RPPNMLOJNHKFFCV76CA,紅葉段,14827.00,都市：其他
RPQNMLOJNHKFFCV86CA,紅葉段,14903.00,都市：其他
RPQNMLOJNHKFFCV86CA,紅葉段,1917.00,都市：其他
RPQNMLOJNHKFFCV86CA,紅葉段,520.00,非都市：山坡地保育區 ; 非都市編定：丙種建築用地
RPQNMLOJNHKFFCV86CA,紅葉段,12470.00,非都市：山坡地保育區 ; 非都市編定：農牧用地
RPQNMLOJNHKFFCV86CA,紅葉段,8394.00,非都市：山坡地保育區 ; 非都市編定：農牧用地
RPQNMLOJNHKFFCV86CA,紅葉段,196.00,非都市：山坡地保育區 ; 非都市編定：農牧用地
RPVNMLNLMHKFFAV27DA,利家段,91.00,非都市：鄉村區 ; 非都市編定：乙種建築用地
RPXNMLKMMHKFFAV17CA,馬蘭段,20.12,都市：住
RPPNMLMLNHKFFBV66CA,馬稼海段,868.18,非都市：鄉村區 ; 非都市編定：乙種建築用地
RPQNMLNLMHKFFAV66CA,台東段,70.00,都市：住
RPTNMLNLMHKFFAV96CA,建本段,48.13,都市：住
RPPNMLMLMHKFFCV76DA,龍田段,108.02,都市：商
RPPNMLMLMHKFFCV76DA,龍田段,23.33,都市：其他
RPOOMLOLMHKFFAV66CA,岩灣段,122.55,都市：住
RPOOMLOLMHKFFAV66CA,岩灣段,122.10,都市：住
RPOOMLOLMHKFFAV66CA,岩灣段,.46,都市：住
RPSNMLSLMHKFFAV47DA,新生段,12.40,都市：住
RPPNMLRLMHKFFAV96CA,自強段,195.00,都市：住
RPQOMLNLMHKFFAV76CA,青林段,744.92,都市：住
RPQOMLNLMHKFFAV76CA,青林段,112.11,都市：其他
RPPOMLNLMHKFFAV66CA,龍過脈段,3114.01,非都市：山坡地保育區 ; 非都市編定：農牧用地
RPPOMLNLMHKFFAV66CA,龍過脈段,237.25,非都市：山坡地保育區 ; 非都市編定：丙種建築用地
RPPOMLOLMHKFFAV76CA,利家段,5947.00,非都市：特定農業區 ; 非都市編定：農牧用地
RPROMLOLMHKFFAV96CA,射馬干段,2818.12,非都市：特定農業區 ; 非都市編定：農牧用地
RPOOMLRJNHKFFAV86CA,龍過脈段,2601.37,非都市：山坡地保育區 ; 非都市編定：農牧用地
RPOOMLRJNHKFFAV86CA,龍過脈段,2710.52,非都市：山坡地保育區 ; 非都市編定：農牧用地
RPRNMLOJNHKFFAV76CA,普優瑪段,1014.35,都市：住
RPRNMLOJNHKFFAV76CA,普優瑪段,255.35,都市：其他
RPWNMLRLMHKFFAV67CA,新生段,18.37,都市：住
RPPNMLOLMHKFFBV76CA,和平南段,107.77,非都市：風景區 ; 非都市編定：農牧用地
RPSNMLLJNHKFFBV66CA,永福段,373.19,非都市：風景區 ; 非都市編定：丙種建築用地
RPSNMLLJNHKFFBV66CA,永福段,831.37,非都市：風景區 ; 非都市編定：農牧用地
RPSNMLTJNHKFFAV37CA,中心段,8.00,都市：住
RPSNMLTJNHKFFAV37CA,中心段,89.00,都市：其他
RPSNMLTJNHKFFAV37CA,中心段,125.00,都市：住
RPSNMLTJNHKFFAV37CA,中心段,89.00,都市：住
RPPNMLRLMHKFFBV07CA,都豐段,1889.57,非都市：風景區 ; 非都市編定：農牧用地
RPPOMLKMMHKFFAV09CA,豐里段,241.68,非都市：鄉村區 ; 非都市編定：乙種建築用地
RPQOMLKMMHKFFAV56CA,豐里段,241.68,非都市：鄉村區 ; 非都市編定：乙種建築用地
RPQOMLKMMHKFFAV56CA,豐里段,241.68,非都市：鄉村區 ; 非都市編定：乙種建築用地
RPPNMLSLMHKFFBV17CA,大馬段,1387.00,非都市：風景區 ; 非都市編定：農牧用地
RPPNMLSLMHKFFBV17CA,大馬段,1348.00,非都市：風景區 ; 非都市編定：農牧用地
RPPNMLSLMHKFFBV17CA,大馬段,2085.00,非都市：風景區 ; 非都市編定：農牧用地
RPPNMLSLMHKFFBV17CA,大馬段,3133.00,非都市：風景區 ; 非都市編定：農牧用地
RPPNMLSLMHKFFBV17CA,大馬段,281.00,非都市：風景區 ; 非都市編定：農牧用地
RPPNMLSLMHKFFBV17CA,大馬段,951.00,非都市：風景區 ; 非都市編定：農牧用地
RPRNMLSLMHKFFAV27CA,豐里段,27.07,非都市：特定農業區 ; 非都市編定：農牧用地
RPRNMLSLMHKFFAV27CA,豐里段,63.43,非都市：鄉村區 ; 非都市編定：乙種建築用地
RPSOMLOLMHKFFAV07CA,泰安段,348.50,非都市：鄉村區 ; 非都市編定：乙種建築用地
RPVNMLRLMHKFFAV57CA,台東段,107.00,都市：住
RPPOMLQJNHKFFAV86CA,東海段,176.35,都市：住
RPSNMLMKNHKFFCV96CA,慶福段,117.34,都市：住
RPPNMLSLMHKFFCV37DA,永安段,5148.00,非都市：特定農業區 ; 非都市編定：農牧用地
RPPNMLPLNHKFFCV17DA,南山段,26.71,都市：住
RPSNMLTLMHKFFCV67CA,里段,69.28,都市：商
RPPNMLLJNHKFFBV09DA,新港段八邊小段,425.00,非都市：風景區 ; 非都市編定：丙種建築用地
RPPNMLSLMHKFFAV17DA,上原段,33000.00,非都市：山坡地保育區 ; 非都市編定：農牧用地
RPRNMLOKNHKFFCV07CA,萬朝段,58.60,非都市：鄉村區 ; 非都市編定：乙種建築用地
RPRNMLOKNHKFFCV07CA,萬朝段,681.36,非都市：鄉村區 ; 非都市編定：乙種建築用地
RPVNMLSJNHKFFDV87CA,秀山段,8.14,都市：住
RPQNMLSLMHKFFAV17CA,東海段,21.61,都市：住
RPQNMLSLMHKFFAV17CA,東海段,93.08,都市：住
RPQNMLLJNHKFFBV56DA,和平南段,213.49,非都市：風景區 ; 非都市編定：農牧用地
RPPNMLRLMHKFFCV27DA,福原段,127.10,都市：住
RPPNMLSLMHKFFDV37CA,秀山段,80.96,非都市：一般農業區 ; 非都市編定：甲種建築用地
RPQNMLSJNHKFFCV37DA,鹿寮段,164.39,非都市：鄉村區 ; 非都市編定：乙種建築用地
RPQNMLTLMHKFFDV57CA,大鳥段,9170.00,非都市：山坡地保育區 ; 非都市編定：農牧用地
RPRNMLKMMHKFFBV66CA,玉長段,1992.52,非都市：風景區 ; 非都市編定：農牧用地
RPPNMLKMMHKFFBV09CA,南佳里段,560.18,非都市：風景區 ; 非都市編定：丙種建築用地
RPPNMLLJNHKFFDV56CA,秀山段,8.36,都市：商
RPQNMLKMMHKFFDV76CA,德其段,83.88,都市：住
RPPNMLOJNHKFFBV66CA,富民段,2000.00,非都市：風景區 ; 非都市編定：農牧用地
RPQNMLKLNHKFFCV66CA,加拿段,12070.00,非都市：山坡地保育區 ; 非都市編定：農牧用地
RPROMLSJNHKFFAV27CA,豐利段,97.77,都市：住
RPTOMLKMMHKFFAV86CA,新生段,5.95,都市：住
RPOOMLKMMHKFFAV98CA,德安段,23.88,都市：住
RPOOMLKMMHKFFAV98CA,德安段,.17,都市：住
RPOOMLKMMHKFFAV98CA,德安段,2.21,都市：住
RPOOMLKMMHKFFAV98CA,德安段,.04,都市：住
RPRNMLKMMHKFFCV86DA,鹿野段,1582.00,都市：農
RPRNMLKMMHKFFCV86DA,鹿野段,1640.00,都市：農
RPRNMLKMMHKFFCV86DA,鹿野段,1582.00,都市：農
RPRNMLKMMHKFFCV86DA,鹿野段,1582.00,都市：農
RPPNMLLJNHKFFCV56DA,瑞豐段,235.36,非都市：特定農業區 ; 非都市編定：農牧用地
RPSOMLKMMHKFFAV76CA,永清段,176.58,都市：住
RPPNMLKMMHKFFCV66DA,新興段,2399.55,非都市：特定農業區 ; 非都市編定：農牧用地
RPPNMLKMMHKFFCV66DA,新興段,1028.28,非都市：特定農業區 ; 非都市編定：農牧用地
RPPNMLKMMHKFFCV66DA,新興段,937.68,非都市：特定農業區 ; 非都市編定：農牧用地
RPPNMLKMMHKFFCV66DA,新興段,1964.68,非都市：特定農業區 ; 非都市編定：農牧用地
RPPNMLKMMHKFFCV66DA,新興段,271.51,非都市：特定農業區 ; 非都市編定：農牧用地
RPPNMLKMMHKFFCV66DA,新興段,217.47,非都市：特定農業區 ; 非都市編定：農牧用地
RPQNMLKMMHKFFCV76DA,中華東段,3500.93,非都市：一般農業區 ; 非都市編定：農牧用地
RPVNMLKMMHKFFBV07CA,高原段,2688.00,非都市：森林區 ; 非都市編定：農牧用地
RPQNMLKMMHKFFAV56DA,豐利段,10.32,都市：住
RPQNMLKMMHKFFAV56DA,豐利段,1986.58,都市：住
RPQNMLKMMHKFFAV56DA,豐利段,116.09,都市：住
RPPNMLQJNHKFFAV86DA,馬蘭段,160.00,都市：住
RPQNMLSKNHKFFCV37CA,隆昌段,7126.03,非都市：特定農業區 ; 非都市編定：農牧用地
RPVNMLPJNHKFFAV37DA,永豐段,82.24,都市：住
RPTOMLSJNHKFFAV47CA,鎮樂段,3980.00,非都市：山坡地保育區 ; 非都市編定：農牧用地
RPQNMLLJNHKFFCV66DA,大同段,88.41,都市：住
RPPNMLMKNHKFFBV56CA,都豐段,1302.96,非都市：風景區 ; 非都市編定：農牧用地
RPSNMLQJNHKFFAV07CA,建華段,7002.70,非都市：特定農業區 ; 非都市編定：農牧用地
RPRNMLTJNHKFFAV27CA,德安段,23.88,都市：住
RPRNMLTJNHKFFAV27CA,德安段,.17,都市：住
RPRNMLTJNHKFFAV27CA,德安段,2.21,都市：住
RPRNMLTJNHKFFAV27CA,德安段,.04,都市：住
RPUNMLMKNHKFFCV17CA,大同段,80.31,都市：住
RPRNMLRJNHKFFAV07CA,青林段,25.13,都市：其他
RPUOMLKMMHKFFAV96CA,豐富段,64.60,都市：住
RPUOMLKMMHKFFAV96CA,豐富段,19.85,都市：其他
RPUNMLOJNHKFFAV07CA,台東段,3.28,都市：住
RPVOMLKMMHKFFAV07CA,新生段,13.65,都市：住
RPRNMLLJNHKFFAV09CA,建華段,2048.99,都市：農
RPRNMLLJNHKFFAV09CA,建華段,1830.66,都市：農
RPPNMLLJNHKFFAV88CA,公西段,237.00,都市：住
RPPNMLNJNHKFFBV56CA,大俱來段,637.67,非都市：風景區 ; 非都市編定：農牧用地
RPQOMLMLNHKFFAV76CA,建成段,271.20,都市：住
RPSNMLKMMHKFFAV66CA,新生段,49.86,都市：住
RPSNMLOJNHKFFAV86CA,普優瑪段,76.77,都市：住
RPWNMLMKNHKFFAV17CA,台東段,12.64,都市：住
RPPNMLRJNHKFFBV96CA,玉長段,1424.64,非都市：風景區 ; 非都市編定：農牧用地
RPQNMLOJNHKFFBV86DA,八桑灣段,870.89,非都市：風景區 ; 非都市編定：農牧用地
RPXNMLSLNHKFFAV97CA,馬蘭段,20.98,都市：住
SPQNMLPJNHKFFCV07CA,龍田段,96.44,都市：住
RPQNMLPJNHKFFCV96CA,龍田段,120.10,都市：住
RPPNMLPJNHKFFCV86CA,龍田段,112.98,都市：住
