﻿鄉鎮市區,交易標的,土地區段位置/建物區段門牌,土地移轉總面積平方公尺,都市土地使用分區,非都市土地使用分區,非都市土地使用編定,交易年月日,交易筆棟數,移轉層次,總樓層數,建物型態,主要用途,主要建材,建築完成年月,建物移轉總面積平方公尺,建物現況格局-房,建物現況格局-廳,建物現況格局-衛,建物現況格局-隔間,有無管理組織,總價元,單價元/平方公尺,車位類別,車位移轉總面積平方公尺,車位總價元,備註,編號
The villages and towns urban district,transaction sign,land sector position/building sector house number plate,land shifting total area square meter,the use zoning or compiles and checks,the non-metropolis land use district,non-metropolis land use,transaction year, month and day,transaction pen number,shifting level,total floor number,building state,main use,main building materials,construction to complete the years,building shifting total area,Building present situation pattern - room,building present situation pattern - hall,building present situation pattern - health,building present situation pattern - compartmented,Whether there is manages the organization,total price Yuan,the unit price a Yuan/square meter,the berth category,berth shifting total area square meter,the berth total price Yuan,the note,serial number
金湖鎮,房地(土地+建物),金門縣金湖鎮塔后481~510號,96.03,住,,,1040122,土地1建物1車位0,全,三層,透天厝,見其他登記事項,鋼筋混凝土造,1030623,222.88,3,2,3,有,無,16000000,71788,,0.0,0,,RPTNMLQJKHKFFAW96CA
金沙鎮,土地,沙溪一劃段241~270地號,1928.26,農,,,1040114,土地2建物0車位0,,,其他,,,,0.0,0,0,0,有,無,9000000,4667,,0.0,0,,RPQNMLOJKHKFFAW09CA
金寧鄉,土地,北四劃段391~420地號,323.0,農,,,1040129,土地1建物0車位0,,,其他,,,,0.0,0,0,0,有,無,1615000,5000,,0.0,0,,RPTOMLNJKHKFFAW86DA
金沙鎮,土地,沙港劃段841~870地號,1000.05,農,,,1040127,土地1建物0車位0,,,其他,,,,0.0,0,0,0,有,無,5000000,5000,,0.0,0,,RPSNMLOJKHKFFAW76DA
烈嶼鄉,土地,東園劃段61~90地號,798.86,農,,,1040127,土地1建物0車位0,,,其他,,,,0.0,0,0,0,有,無,3200000,4006,,0.0,0,,RPQNMLQJKHKFFAW76DA
金湖鎮,房地(土地+建物),金門縣金湖鎮塔后481~510號,96.02,住,,,1040122,土地1建物1車位0,全,三層,透天厝,見其他登記事項,鋼筋混凝土造,1030623,222.88,3,2,3,有,無,16000000,71788,,0.0,0,,RPUNMLQJKHKFFAW07CA
金湖鎮,土地,太武段1111~1140地號,400.99,農,,,1031230,土地3建物0車位0,,,其他,,,,0.0,0,0,0,有,無,1800000,4489,,0.0,0,,RPVNMLQJKHKFFAW17CA
金寧鄉,土地,東洲段1~30地號,10300.0,其他,,,1040203,土地1建物0車位0,,,其他,,,,0.0,0,0,0,有,無,65000000,6311,,0.0,0,,RPPNMLTJKHKFFAW86CA
金寧鄉,土地,寧湖三劃段841~870地號,1000.0,農,,,1040115,土地1建物0車位0,,,其他,,,,0.0,0,0,0,有,無,6500000,6500,,0.0,0,,RPQNMLLKKHKFFAW88CA
金湖鎮,土地,太湖劃測段1651~1680地號,1000.02,農,,,1040120,土地1建物0車位0,,,其他,,,,0.0,0,0,0,有,無,7000000,7000,,0.0,0,,RPTNMLLKKHKFFAW56CA
金沙鎮,土地,山柄段271~300地號,141.0,農,,,1040113,土地2建物0車位0,,,其他,,,,0.0,0,0,0,有,無,300000,2128,,0.0,0,,RPSNMLQJKHKFFAW86CA
金城鎮,房地(土地+建物),金門縣金城鎮民權路226巷4弄1~30號,15.16,住,,,1040202,土地1建物1車位0,七層,七層,華廈(10層含以下有電梯),見其他登記事項,鋼筋混凝土造,1030926,66.43,1,1,1,有,無,5500000,82794,,0.0,0,,RPTNMLQKKHKFFAW07CA
金城鎮,房地(土地+建物),金門縣金城鎮民權路226巷4弄1~30號,45.47,住,,,1040202,土地1建物3車位0,四層,七層,華廈(10層含以下有電梯),見其他登記事項,鋼筋混凝土造,1030926,199.28,1,1,1,有,無,11390000,57156,,0.0,0,,RPUNMLQKKHKFFAW17CA
金寧鄉,房地(土地+建物),金門縣金寧鄉下堡91~120號,17.77,其他,,,1040126,土地1建物1車位0,二層,三層,套房(1房1廳1衛),見其他登記事項,鋼筋混凝土造,1031016,31.790000000000003,1,1,1,有,無,2320000,72979,,0.0,0,,RPRNMLQJKHKFFAW76CA
金沙鎮,土地,官嶼劃段1~30地號,798.92,農,,,1040127,土地1建物0車位0,,,其他,,,,0.0,0,0,0,有,無,2300000,2879,,0.0,0,,RPPNMLKKKHKFFAW68CA
金沙鎮,土地,北九十劃段541~570地號,1501.02,農,,,1040204,土地2建物0車位0,,,其他,,,,0.0,0,0,0,有,無,5800000,3864,,0.0,0,,RPUNMLKKKHKFFAW56CA
金寧鄉,土地,寧劃段451~480地號,488.59,農,,,1040112,土地1建物0車位0,,,其他,,,,0.0,0,0,0,有,無,1080000,2210,,0.0,0,,RPPOMLMKKHKFFAW98CA
金沙鎮,土地,北八劃段271~300地號,1000.0,農,,,1040122,土地1建物0車位0,,,其他,,,,0.0,0,0,0,有,無,4950000,4950,,0.0,0,,RPOOMLQJKHKFFAW66DA
金城鎮,土地,小西門劃測段1951~1980地號,1036.21,其他,,,1040205,土地1建物0車位0,,,其他,,,,0.0,0,0,0,有,無,900000,869,,0.0,0,,RPQNMLTJKHKFFAW07DA
金沙鎮,土地,浯坑劃測段361~390地號,1532.58,農,,,1040128,土地2建物0車位0,,,其他,,,,0.0,0,0,0,有,無,10500000,6851,,0.0,0,,RPQNMLKKKHKFFAW78CA
金寧鄉,土地,寧安四劃段511~540地號,520.0,農,,,1031029,土地1建物0車位0,,,其他,,,,0.0,0,0,0,有,無,2600000,5000,,0.0,0,,RPRNMLTJKHKFFAW07CA
金城鎮,土地,燕南山段31~60地號,964.59,農,,,1031230,土地3建物0車位0,,,其他,,,,0.0,0,0,0,有,無,2200000,2281,,0.0,0,,RPSNMLPJLHKFFAW96DA
金沙鎮,土地,沙港劃段721~750地號,1000.02,農,,,1040127,土地1建物0車位0,,,其他,,,,0.0,0,0,0,有,無,5500000,5500,,0.0,0,,RPXNMLMKKHKFFAW07CA
金城鎮,土地,古崗村段421~450地號,212.0,住,,,1031229,土地1建物0車位0,,,其他,,,,0.0,0,0,0,有,無,4000000,18868,,0.0,0,,RPPNMLOKKHKFFAW09CA
金城鎮,房地(土地+建物),金門縣金城鎮金城鎮民權路226巷4弄1~30號,45.47,住,,,1040206,土地1建物3車位0,二層,七層,華廈(10層含以下有電梯),見其他登記事項,鋼筋混凝土造,1030926,239.05,1,1,1,有,無,19300000,80736,,0.0,0,,RPVNMLQKKHKFFAW27CA
金沙鎮,土地,北九十劃段541~570地號,500.48,農,,,1040209,土地1建物0車位0,,,其他,,,,0.0,0,0,0,有,無,2000000,3996,,0.0,0,,RPVNMLKKKHKFFAW66CA
金沙鎮,土地,北九劃段1081~1110地號,2000.0,農,,,1040128,土地2建物0車位0,,,其他,,,,0.0,0,0,0,有,無,9000000,4500,,0.0,0,,RPUNMLLKKHKFFAW66CA
金湖鎮,土地,湖后劃段61~90地號,1000.0,其他,,,1040129,土地1建物0車位0,,,其他,,,,0.0,0,0,0,有,無,24000000,24000,,0.0,0,,RPVNMLLKKHKFFAW76CA
金沙鎮,土地,浦邊段841~870地號,418.0,住,,,1040202,土地1建物0車位0,,,其他,,,,0.0,0,0,0,有,無,6500000,15550,,0.0,0,,RPSNMLPLKHKFFAW07DA
烈嶼鄉,土地,東面山測段451~480地號,720.96,農,,,1040108,土地1建物0車位0,,,其他,,,,0.0,0,0,0,有,無,1680000,2330,,0.0,0,,RPTNMLQLKHKFFAW27DA
金湖鎮,土地,新頭段421~450地號,87.3,其他,,,1040130,土地1建物0車位0,,,其他,,,,0.0,0,0,0,有,無,654750,7500,,0.0,0,,RPRNMLMKKHKFFAW09CA
金城鎮,房地(土地+建物),金門縣金城鎮山前61~90號,64.47,農,,,1040130,土地1建物1車位0,三層,三層,公寓(5樓含以下無電梯),見其他登記事項,鋼筋混凝土造,1031222,93.37,3,1,3,有,無,5800000,62118,,0.0,0,,RPTNMLMKKHKFFAW66CA
金城鎮,房地(土地+建物),金門縣金城鎮山前61~90號,56.35,農,,,1040130,土地1建物1車位0,三層,三層,公寓(5樓含以下無電梯),見其他登記事項,鋼筋混凝土造,1031222,104.16999999999999,3,2,2,有,無,5000000,47998,,0.0,0,,RPVNMLMKKHKFFAW86CA
金城鎮,房地(土地+建物),金門縣金城鎮山前61~90號,55.73,農,,,1040130,土地1建物1車位0,一層,三層,公寓(5樓含以下無電梯),見其他登記事項,鋼筋混凝土造,1031222,83.26,3,2,2,有,無,4450000,53447,,0.0,0,,RPOOMLMKKHKFFAW88CA
金寧鄉,土地,北二三劃測段451~480地號,500.02,農,,,1040203,土地1建物0車位0,,,其他,,,,0.0,0,0,0,有,無,3650000,7300,,0.0,0,,RPPNMLPLKHKFFAW66CA
金湖鎮,房地(土地+建物),金門縣金湖鎮塔后481~510號,96.05,住,,,1040122,土地1建物1車位0,全,三層,透天厝,見其他登記事項,鋼筋混凝土造,1030623,222.88,4,2,4,有,無,16000000,71788,,0.0,0,,RPUNMLNKKHKFFAW86CA
金湖鎮,土地,南雄段181~210地號,368.4,其他,,,1040205,土地6建物0車位0,,,其他,,,,0.0,0,0,0,有,無,1000000,2714,,0.0,0,親友、員工或其他特殊關係間之交易。;親友、員工或其他特殊關係間之交易。,RPROMLMKKHKFFAW56CA
金湖鎮,房地(土地+建物),金門縣金湖鎮塔后481~510號,96.02,住,,,1040131,土地1建物1車位0,全,三層,透天厝,見其他登記事項,鋼筋混凝土造,1030623,222.88,4,2,4,有,無,16000000,71788,,0.0,0,,RPSNMLNKKHKFFAW66CA
金寧鄉,土地,北四劃段151~180地號,2074.0,農,,,1040128,土地3建物0車位0,,,其他,,,,0.0,0,0,0,有,無,12850000,6196,,0.0,0,,RPTNMLNKKHKFFAW76CA
金寧鄉,土地,慈湖段511~540地號,241.02,其他,,,1040131,土地1建物0車位0,,,其他,,,,0.0,0,0,0,有,無,371000,1539,,0.0,0,,RPRNMLQKKHKFFAW86CA
金城鎮,土地,庵前村段31~60地號,210.0,其他,,,1040211,土地1建物0車位0,,,其他,,,,0.0,0,0,0,有,無,6300000,30000,,0.0,0,,RPSNMLQKKHKFFAW96CA
金湖鎮,房地(土地+建物),金門縣金湖鎮塔后481~510號,96.02,住,,,1040206,土地1建物1車位0,全,三層,透天厝,見其他登記事項,鋼筋混凝土造,1030623,222.88,3,2,3,有,無,14600000,65506,,0.0,0,,RPVNMLPJLHKFFAW17CA
金寧鄉,土地,寧湖三劃段151~180地號,1000.0,農,,,1040202,土地1建物0車位0,,,其他,,,,0.0,0,0,0,有,無,6800000,6800,,0.0,0,,RPVOMLMJLHKFFAW96CA
金寧鄉,房地(土地+建物),金門縣金寧鄉下埔下121~150號,91.84,其他,,,1040121,土地1建物1車位0,全,三層,透天厝,住家用,鋼筋混凝土造,1031124,142.48,5,2,4,有,無,10300000,72291,,0.0,0,,RPQNMLPLKHKFFAW76CA
金寧鄉,土地,寧湖二劃測段1471~1500地號,1360.16,農,,,1040130,土地1建物0車位0,,,其他,,,,0.0,0,0,0,有,無,6300000,4632,,0.0,0,,RPPNMLQKKHKFFAW66CA
金寧鄉,土地,大園段271~300地號,447.9,其他,,,1040203,土地1建物0車位0,,,其他,,,,0.0,0,0,0,有,無,500000,1116,,0.0,0,沒有農路的配地。,RPQNMLQKKHKFFAW76CA
金沙鎮,土地,大山段151~180地號,175.65,其他,,,990816,土地1建物0車位0,,,其他,,,,0.0,0,0,0,有,無,210780,1200,,0.0,0,,RPPNMLQLKHKFFAW86DA
金城鎮,土地,古崗村段301~330地號,268.0,住,,,1040204,土地2建物0車位0,,,其他,,,,0.0,0,0,0,有,無,5360000,20000,,0.0,0,,RPPNMLLJLHKFFAW78CA
金城鎮,土地,吳厝村段121~150地號,110.0,其他,,,1040209,土地1建物0車位0,,,其他,,,,0.0,0,0,0,有,無,1200000,10909,,0.0,0,,RPTNMLPJLHKFFAW96CA
金湖鎮,土地,山外段631~660地號,616.38,其他,,,1040126,土地4建物0車位0,,,其他,,,,0.0,0,0,0,有,無,6000000,9734,,0.0,0,,RPUNMLPJLHKFFAW07CA
金沙鎮,土地,沙溪一劃段241~270地號,987.99,農,,,1040204,土地1建物0車位0,,,其他,,,,0.0,0,0,0,有,無,4200000,4251,,0.0,0,,RPPOMLPJLHKFFAW66CA
金城鎮,土地,歐厝段331~360地號,1458.45,農,,,1040129,土地2建物0車位0,,,其他,,,,0.0,0,0,0,有,無,11000000,7542,,0.0,0,,RPQNMLMJLHKFFAW98CA
金沙鎮,土地,沙東劃段241~270地號,1500.14,農,,,1040128,土地1建物0車位0,,,其他,,,,0.0,0,0,0,有,無,7500000,5000,,0.0,0,,RPRNMLPLKHKFFAW86CA
金沙鎮,土地,蔡厝劃測段631~660地號,1836.29,農,,,1040128,土地1建物0車位0,,,其他,,,,0.0,0,0,0,有,無,11000000,5990,,0.0,0,,RPSNMLQKLHKFFAW07CA
金寧鄉,土地,寧安四劃段331~360地號,760.0,住,,,1040213,土地1建物0車位0,,,其他,,,,0.0,0,0,0,有,無,20520000,27000,,0.0,0,,RPRNMLKLLHKFFAW56DA
金城鎮,房地(土地+建物),金門縣金城鎮西海路三段106巷18弄1~30號,96.51,住,,,1040302,土地3建物1車位0,全,三層,透天厝,住家用,鋼筋混凝土造,0990121,149.33,4,3,3,有,無,11000000,73662,,0.0,0,,RPXOMLTJLHKFFAW87CA
金寧鄉,土地,安西劃段1051~1080地號,577.85,農,,,1040212,土地1建物0車位0,,,其他,,,,0.0,0,0,0,有,無,3390000,5867,,0.0,0,,RPQNMLOJLHKFFAW56CA
金湖鎮,土地,湖尚劃段241~270地號,323.78,農,,,1040213,土地1建物0車位0,,,其他,,,,0.0,0,0,0,有,無,1100000,3397,,0.0,0,,RPRNMLPJLHKFFAW76CA
金城鎮,土地,天后宮段331~360地號,57.05,住,,,1040216,土地3建物0車位0,,,其他,,,,0.0,0,0,0,有,無,4000000,70114,,0.0,0,,RPTNMLQJLHKFFAW07CA
金湖鎮,土地,中四劃段1~30地號,1378.0,農,,,1040210,土地3建物0車位0,,,其他,,,,0.0,0,0,0,有,無,9150000,6640,,0.0,0,,RPPNMLLKLHKFFAW88CA
金寧鄉,房地(土地+建物),金門縣金寧鄉埔邊121~150號,91.5,住,,,1040302,土地3建物1車位0,全,三層,透天厝,見其他登記事項,鋼筋混凝土造,1020726,140.76,4,3,4,有,無,11500000,81699,,0.0,0,,RPOQMLTJLHKFFAW17CA
金湖鎮,房地(土地+建物),金門縣金湖鎮塔后481~510號,96.02,住,,,1040119,土地1建物1車位0,全,三層,透天厝,見其他登記事項,鋼筋混凝土造,1030623,222.88,4,2,4,有,無,13500000,60571,,0.0,0,,RPSNMLMKLHKFFAW66CA
金城鎮,房地(土地+建物),金門縣金城鎮民權路184巷6弄1~30號,34.6,住,,,1040206,土地2建物1車位0,五層，見其他登記事項,五層,公寓(5樓含以下無電梯),見其他登記事項,鋼筋混凝土造,0971029,153.86,3,2,3,有,無,13200000,85792,,0.0,0,,RPTNMLNLLHKFFAW96CA
金城鎮,房地(土地+建物),金門縣金城鎮夏墅1~30號,42.0,其他,,,1040203,土地1建物1車位0,二層,三層,公寓(5樓含以下無電梯),見其他登記事項,鋼筋混凝土造,1040105,77.14999999999999,2,1,2,有,無,5650000,73234,,0.0,0,,RPQNMLLMLHKFFAW66DA
金城鎮,房地(土地+建物),金門縣金城鎮夏墅1~30號,42.0,其他,,,1040203,土地1建物1車位0,三層,三層,公寓(5樓含以下無電梯),見其他登記事項,鋼筋混凝土造,1040105,77.14999999999999,2,1,2,有,無,5800000,75178,,0.0,0,,RPRNMLLMLHKFFAW76DA
金寧鄉,土地,中山林段91~120地號,2644.44,農,,,1040210,土地2建物0車位0,,,其他,,,,0.0,0,0,0,有,無,18500000,6996,,0.0,0,,RPWNMLPJLHKFFAW37DA
金沙鎮,土地,高坑劃測段811~840地號,464.22,農,,,1040108,土地1建物0車位0,,,其他,,,,0.0,0,0,0,有,無,2100000,4524,,0.0,0,,RPOOMLTJLHKFFAW07DA
金城鎮,房地(土地+建物),金門縣金城鎮金門城61~90號,17.52,其他,,,1040216,土地1建物1車位0,二層,三層,套房(1房1廳1衛),見其他登記事項,鋼筋混凝土造,1040120,32.45,1,1,1,有,無,1380000,42527,,0.0,0,,RPPQMLTJLHKFFAW27CA
金城鎮,房地(土地+建物),金門縣金城鎮金門城61~90號,31.47,其他,,,1040216,土地1建物1車位0,二層,三層,公寓(5樓含以下無電梯),見其他登記事項,鋼筋混凝土造,1040120,57.65,2,1,2,有,無,3000000,52038,,0.0,0,,SPPQMLTJLHKFFAW37CA
金城鎮,房地(土地+建物),金門縣金城鎮金門城61~90號,17.52,其他,,,1040216,土地1建物1車位0,三層,三層,套房(1房1廳1衛),見其他登記事項,鋼筋混凝土造,1040120,32.45,1,1,1,有,無,1100000,33898,,0.0,0,,RPRQMLTJLHKFFAW47CA
金城鎮,房地(土地+建物),金門縣金城鎮金門城61~90號,31.47,其他,,,1040216,土地1建物1車位0,三層,三層,公寓(5樓含以下無電梯),見其他登記事項,鋼筋混凝土造,1040120,57.65,2,1,2,有,無,2500000,43365,,0.0,0,,SPRQMLTJLHKFFAW57CA
金城鎮,土地,水頭段601~630地號,950.94,農,,,1040210,土地1建物0車位0,,,其他,,,,0.0,0,0,0,有,無,8500000,8939,,0.0,0,,RPVNMLQJLHKFFAW27CA
金湖鎮,土地,湖前段391~420地號,593.17,其他,,,1040302,土地1建物0車位0,,,其他,,,,0.0,0,0,0,有,無,26690000,44996,,0.0,0,,RPOOMLQJLHKFFAW66CA
金城鎮,房地(土地+建物),金門縣金城鎮山前61~90號,57.19,農,,,1040130,土地1建物1車位0,二層,三層,公寓(5樓含以下無電梯),見其他登記事項,鋼筋混凝土造,1031222,93.37,3,2,2,有,無,5000000,53550,,0.0,0,,RPQNMLTJLHKFFAW07CA
金城鎮,房地(土地+建物),金門縣金城鎮山前61~90號,64.47,農,,,1040130,土地1建物1車位0,一層,三層,公寓(5樓含以下無電梯),見其他登記事項,鋼筋混凝土造,1031222,91.48,3,2,2,有,無,4700000,51377,,0.0,0,,RPSNMLTJLHKFFAW27CA
金城鎮,房地(土地+建物),金門縣金城鎮山前61~90號,62.72,農,,,1040130,土地1建物1車位0,二層,三層,公寓(5樓含以下無電梯),見其他登記事項,鋼筋混凝土造,1031222,85.14,3,2,2,有,無,5200000,61076,,0.0,0,,RPUNMLTJLHKFFAW47CA
金城鎮,房地(土地+建物),金門縣金城鎮山前61~90號,56.35,農,,,1040130,土地1建物1車位0,二層,三層,公寓(5樓含以下無電梯),見其他登記事項,鋼筋混凝土造,1031222,104.16999999999999,3,2,2,有,無,5100000,48958,,0.0,0,,RPWNMLTJLHKFFAW67CA
金城鎮,房地(土地+建物),金門縣金城鎮山前61~90號,56.35,農,,,1040130,土地1建物1車位0,一層,三層,公寓(5樓含以下無電梯),見其他登記事項,鋼筋混凝土造,1031222,104.16999999999999,3,2,2,有,無,4800000,46079,,0.0,0,,RPPOMLTJLHKFFAW07CA
金城鎮,房地(土地+建物),金門縣金城鎮山前61~90號,56.49,農,,,1040130,土地1建物1車位0,三層,三層,公寓(5樓含以下無電梯),見其他登記事項,鋼筋混凝土造,1031222,104.02000000000001,3,2,2,有,無,5300000,50952,,0.0,0,,RPSOMLTJLHKFFAW37CA
金城鎮,房地(土地+建物),金門縣金城鎮山前61~90號,56.49,農,,,1040130,土地1建物1車位0,二層,三層,公寓(5樓含以下無電梯),見其他登記事項,鋼筋混凝土造,1031222,104.02000000000001,3,2,2,有,無,5800000,55759,,0.0,0,,RPUOMLTJLHKFFAW57CA
金城鎮,房地(土地+建物),金門縣金城鎮山前61~90號,44.17,農,,,1040130,土地1建物1車位0,三層,三層,公寓(5樓含以下無電梯),見其他登記事項,鋼筋混凝土造,1031222,82.67,3,2,2,有,無,4300000,52014,,0.0,0,,RPWOMLTJLHKFFAW77CA
金城鎮,房地(土地+建物),金門縣金城鎮山前61~90號,44.17,農,,,1040130,土地1建物1車位0,二層,三層,公寓(5樓含以下無電梯),見其他登記事項,鋼筋混凝土造,1031222,82.67,3,2,2,有,無,4300000,52014,,0.0,0,,RPQPMLTJLHKFFAW27CA
金城鎮,房地(土地+建物),金門縣金城鎮山前61~90號,44.17,農,,,1040130,土地1建物1車位0,一層,三層,公寓(5樓含以下無電梯),見其他登記事項,鋼筋混凝土造,1031222,82.67,3,2,2,有,無,4430000,53587,,0.0,0,,RPSPMLTJLHKFFAW47CA
金城鎮,房地(土地+建物),金門縣金城鎮金門城61~90號,31.47,其他,,,1040216,土地1建物1車位0,一層,三層,公寓(5樓含以下無電梯),見其他登記事項,鋼筋混凝土造,1040120,57.65,2,1,2,有,無,2600000,45100,,0.0,0,,RPUPMLTJLHKFFAW67CA
金城鎮,房地(土地+建物),金門縣金城鎮金門城61~90號,17.54,其他,,,1040216,土地1建物1車位0,一層,三層,套房(1房1廳1衛),見其他登記事項,鋼筋混凝土造,1040120,32.45,1,1,1,有,無,2200000,67797,,0.0,0,,RPWPMLTJLHKFFAW87CA
金城鎮,土地,中一段481~510地號,300.39,其他,,,1040304,土地1建物0車位0,,,其他,,,,0.0,0,0,0,有,無,9012000,30001,,0.0,0,,RPOPMLTJLHKFFAW07CA
金湖鎮,房地(土地+建物),金門縣金湖鎮塔后481~510號,139.39,住,,,1040224,土地0建物1車位0,全,三層,透天厝,見其他登記事項,鋼筋混凝土造,1030623,204.18,3,2,3,有,無,13900000,68077,,0.0,0,,RPTNMLMKLHKFFAW76CA
金寧鄉,土地,湖尾村段391~420地號,245.0,其他,,,1040107,土地1建物0車位0,,,其他,,,,0.0,0,0,0,有,無,6800000,27755,,0.0,0,,RPRNMLLKLHKFFAW09CA
金湖鎮,土地,羅劃測段91~120地號,500.02,住,,,1040212,土地1建物0車位0,,,其他,,,,0.0,0,0,0,有,無,8900000,17799,,0.0,0,,RPRNMLMKLHKFFAW56CA
金城鎮,土地,東沙段901~930地號,1215.58,農,,,1040302,土地1建物0車位0,,,其他,,,,0.0,0,0,0,有,無,3600000,2962,,0.0,0,,RPVNMLRKLHKFFAW47CA
金寧鄉,土地,盤山村段571~600地號,225.0,住,,,1040306,土地1建物0車位0,,,其他,,,,0.0,0,0,0,有,無,6000000,26667,,0.0,0,,RPQNMLNKLHKFFAW66DA
金沙鎮,土地,北九十劃段301~330地號,1486.55,農,,,1040306,土地2建物0車位0,,,其他,,,,0.0,0,0,0,有,無,4200000,2825,,0.0,0,,RPPNMLOLLHKFFAW76DA
金寧鄉,土地,湖南村段1~30地號,234.0,住,,,1031231,土地1建物0車位0,,,其他,,,,0.0,0,0,0,有,無,1000000,4274,,0.0,0,,RPPNMLMKLHKFFAW09DA
金沙鎮,土地,榮湖段1051~1080地號,199.0,其他,,,1040213,土地1建物0車位0,,,其他,,,,0.0,0,0,0,有,無,4280000,21508,,0.0,0,,RPQNMLQKLHKFFAW86CA
金湖鎮,土地,太武段541~570地號,119.8,其他,,,1040128,土地1建物0車位0,,,其他,,,,0.0,0,0,0,有,無,3600000,30050,,0.0,0,,RPRNMLQKLHKFFAW96CA
金湖鎮,土地,新頭段1171~1200地號,118.0,住,,,1040311,土地2建物0車位0,,,其他,,,,0.0,0,0,0,有,無,950000,8051,,0.0,0,,RPPNMLNKLHKFFAW09CA
金沙鎮,土地,斗門劃測段271~300地號,1040.24,農,,,1040302,土地1建物0車位0,,,其他,,,,0.0,0,0,0,有,無,4000000,3845,,0.0,0,,RPPNMLQKLHKFFAW76CA
金城鎮,房地(土地+建物),金門縣金寧鄉伯玉路一段271~300號,87.24,住,,,1040206,土地3建物1車位0,全,三層,透天厝,住商用,鋼筋混凝土造,0841104,162.0,4,2,4,有,無,11500000,70988,,0.0,0,,RPQNMLRKLHKFFAW96CA
金城鎮,房地(土地+建物),金門縣金城鎮山前61~90號,57.19,農,,,1040130,土地1建物1車位0,三層,三層,公寓(5樓含以下無電梯),見其他登記事項,鋼筋混凝土造,1031222,85.14,3,2,2,有,無,5000000,58727,,0.0,0,,RPSNMLRKLHKFFAW17CA
金寧鄉,土地,寧湖一劃段541~570地號,1099.62,農,,,1040304,土地4建物0車位0,,,其他,,,,0.0,0,0,0,有,無,15000000,13641,,0.0,0,,RPPNMLTKLHKFFAW17DA
金城鎮,土地,北一段121~150地號,1000.15,農,,,1040204,土地2建物0車位0,,,其他,,,,0.0,0,0,0,有,無,18000000,17997,,0.0,0,,RPPNMLRKLHKFFAW96DA
金沙鎮,土地,蔡厝劃測段301~330地號,500.03,農,,,1040316,土地1建物0車位0,,,其他,,,,0.0,0,0,0,有,無,1600000,3200,,0.0,0,,RPPNMLSKLHKFFAW07DA
金寧鄉,房地(土地+建物)+車位,金門縣金寧鄉安岐121~150號,108.16,住,,,1031231,土地1建物1車位2,全,三層,透天厝,見其他登記事項,鋼筋混凝土造,1030829,298.27,5,1,4,有,無,11860000,39763,坡道平面,0.0,0,,RPUNMLRKLHKFFAW37CA
金湖鎮,房地(土地+建物),金門縣金湖鎮塔后481~510號,96.03,住,,,1040311,土地1建物1車位0,全,三層,透天厝,見其他登記事項,鋼筋混凝土造,1030623,222.88,3,2,3,有,無,13800000,61917,,0.0,0,,RPSNMLOLLHKFFAW96CA
金寧鄉,房地(土地+建物)+車位,金門縣金寧鄉安岐121~150號,125.5,住,,,1040304,土地1建物1車位2,全,三層,透天厝,見其他登記事項,鋼筋混凝土造,1030829,324.89,5,1,4,有,無,13200000,40629,坡道平面,0.0,0,,RPQNMLMJMHKFFAW09CA
金沙鎮,土地,蔡厝劃測段211~240地號,615.36,農,,,1040312,土地1建物0車位0,,,其他,,,,0.0,0,0,0,有,無,2800000,4550,,0.0,0,,RPQNMLKMLHKFFAW09CA
金沙鎮,土地,浯坑劃測段121~150地號,600.0,農,,,1040309,土地1建物0車位0,,,其他,,,,0.0,0,0,0,有,無,3650000,6083,,0.0,0,,RPPNMLKLLHKFFAW88CA
金城鎮,土地,山前段1051~1080地號,200.0,農,,,1040310,土地1建物0車位0,,,其他,,,,0.0,0,0,0,有,無,3000000,15000,,0.0,0,,RPQNMLKLLHKFFAW98CA
金湖鎮,土地,中四劃段61~90地號,322.0,農,,,1031013,土地1建物0車位0,,,其他,,,,0.0,0,0,0,有,無,520000,1615,,0.0,0,親友、員工或其他特殊關係間之交易。;親友間之交易。,RPRNMLNLLHKFFAW76CA
金湖鎮,土地,中四劃段151~180地號,674.06,農,,,1031013,土地1建物0車位0,,,其他,,,,0.0,0,0,0,有,無,1080000,1602,,0.0,0,親友、員工或其他特殊關係間之交易。;親友間之交易。,RPSNMLNLLHKFFAW86CA
金城鎮,房地(土地+建物),金門縣金城鎮民權路70巷11弄1~30號,19.0,住,,,1040310,土地1建物1車位0,三層,四層,套房(1房1廳1衛),見其他登記事項,鋼筋混凝土造,1010509,38.08,1,1,1,有,無,3000000,78782,,0.0,0,,RPUNMLPLLHKFFAW27CA
金寧鄉,土地,寧安四劃段481~510地號,860.0,農,,,1040213,土地1建物0車位0,,,其他,,,,0.0,0,0,0,有,無,4500000,5233,,0.0,0,,RPQNMLOKMHKFFAW76CA
金湖鎮,房地(土地+建物),金門縣金湖鎮塔后481~510號,96.03,住,,,1040311,土地1建物1車位0,全,三層,透天厝,見其他登記事項,鋼筋混凝土造,1030623,222.88,3,2,3,有,無,13500000,60571,,0.0,0,,RPUNMLRKMHKFFAW47CA
金城鎮,房地(土地+建物),金門縣金城鎮夏墅1~30號,42.0,其他,,,1040316,土地0建物1車位0,一層,三層,公寓(5樓含以下無電梯),見其他登記事項,鋼筋混凝土造,1040105,77.14999999999999,2,1,2,有,無,3500000,45366,,0.0,0,,RPVNMLLMLHKFFAW17DA
金湖鎮,土地,夏興段1261~1290地號,303.0,其他,,,1040320,土地1建物0車位0,,,其他,,,,0.0,0,0,0,有,無,10000000,33003,,0.0,0,,RPQOMLPLLHKFFAW96CA
金城鎮,房地(土地+建物),金門縣金湖鎮西海路三段22巷6弄61~90號,74.88,住,,,1040217,土地1建物1車位0,全,三層,透天厝,住家用,鋼筋混凝土加強磚造,0840906,207.82,3,1,2,有,無,4000000,19247,,0.0,0,,RPPNMLPLLHKFFAW76CA
金寧鄉,房地(土地+建物),金門縣金寧鄉下埔下121~150號,91.84,其他,,,1040304,土地1建物1車位0,全,三層,透天厝,住家用,鋼筋混凝土造,1031124,145.57,5,2,4,有,無,11000000,75565,,0.0,0,,RPSNMLPLLHKFFAW07CA
金寧鄉,土地,湖下村段241~270地號,284.0,其他,,,1040316,土地1建物0車位0,,,其他,,,,0.0,0,0,0,有,無,7500000,26408,,0.0,0,另有買受人、土地增值稅：1031925元由買方支付。,RPQNMLQLLHKFFAW96CA
金城鎮,土地,水頭段541~570地號,488.89,農,,,1040303,土地1建物0車位0,,,其他,,,,0.0,0,0,0,有,無,3900000,7977,,0.0,0,,RPVNMLPLLHKFFAW37CA
金寧鄉,房地(土地+建物),金門縣金寧鄉下埔下1~30號,245.88,其他,,,1040113,土地1建物1車位0,全,三層,透天厝,見其他登記事項,鋼筋混凝土造,0980420,297.71,5,4,5,有,無,15000000,50385,,0.0,0,,RPWNMLPLLHKFFAW47CA
烈嶼鄉,土地,楊厝測段721~750地號,492.04,農,,,1040305,土地1建物0車位0,,,其他,,,,0.0,0,0,0,有,無,3125600,6352,,0.0,0,,RPWNMLOLMHKFFAW57DA
金湖鎮,房地(土地+建物),金門縣金湖鎮黃海路1021~1050號,85.89,商,,,1040312,土地2建物1車位0,一層，二層，三層，四層，屋頂突出物，地下層,四層,其他,見其他登記事項,鋼筋混凝土造,0850509,245.12,50,2,50,有,無,12900000,52627,,0.0,0,,RPXNMLLLMHKFFAW37DA
金寧鄉,土地,長寮段811~840地號,244.35,其他,,,1040314,土地1建物0車位0,,,其他,,,,0.0,0,0,0,有,無,2200000,9003,,0.0,0,,RPXNMLPLLHKFFAW57CA
金湖鎮,土地,新頭段751~780地號,1623.49,其他,,,1040305,土地2建物0車位0,,,其他,,,,0.0,0,0,0,有,無,71800000,44226,,0.0,0,,RPOOMLPLLHKFFAW76CA
金沙鎮,土地,汶沙段1531~1560地號,368.0,其他,,,1040306,土地3建物0車位0,,,其他,,,,0.0,0,0,0,有,無,9000000,24457,,0.0,0,,RPPOMLPLLHKFFAW86CA
金寧鄉,土地,寧湖六劃段1~30地號,800.0,農,,,1040310,土地1建物0車位0,,,其他,,,,0.0,0,0,0,有,無,4000000,5000,,0.0,0,,RPRNMLKMLHKFFAW56CA
金寧鄉,土地,寧劃段451~480地號,488.59,農,,,1040316,土地1建物0車位0,,,其他,,,,0.0,0,0,0,有,無,2200000,4503,,0.0,0,,RPTNMLLMLHKFFAW86CA
金城鎮,土地,古坵村段121~150地號,481.33,其他,,,1040115,土地3建物0車位0,,,其他,,,,0.0,0,0,0,有,無,5000000,10388,,0.0,0,含增建或未登記建物。;含增建或未登記建物。,RPSNMLMLMHKFFAW86CA
金寧鄉,土地,大園段1171~1200地號,1686.0,其他,,,1040309,土地6建物0車位0,,,其他,,,,0.0,0,0,0,有,無,3600000,2135,,0.0,0,,RPVNMLKMMHKFFAW17DA
金城鎮,土地,城北段241~270地號,42.38,住,,,1040208,土地1建物0車位0,,,其他,,,,0.0,0,0,0,有,無,3000000,70788,,0.0,0,,RPPNMLLJMHKFFAW88CA
金沙鎮,土地,東珩段421~450地號,255.68,住,,,1040316,土地1建物0車位0,,,其他,,,,0.0,0,0,0,有,無,1800000,7040,,0.0,0,,RPPNMLQKMHKFFAW86CA
金寧鄉,房地(土地+建物),金門縣金寧鄉環島西路二段511~540號,533.0,農,,,1040323,土地2建物1車位0,一層，二層，屋頂突出物,二層,農舍,農舍,鋼筋混凝土造,1040213,302.81,2,2,2,有,無,13000000,,,0.0,0,二人共有，各持份1/2,RPPNMLLKMHKFFAW98CA
金寧鄉,土地,北二三劃測段481~510地號,500.0,農,,,1040304,土地1建物0車位0,,,其他,,,,0.0,0,0,0,有,無,2810000,5620,,0.0,0,,RPPNMLLLMHKFFAW09CA
金沙鎮,土地,沙港劃段91~120地號,600.0,農,,,1040331,土地1建物0車位0,,,其他,,,,0.0,0,0,0,有,無,2340000,3900,,0.0,0,,RPRNMLMJMHKFFAW66DA
金城鎮,房地(土地+建物)+車位,金門縣金城鎮珠浦西路6巷3弄1~30號,25.4,住,,,1040305,土地1建物1車位1,五層,十層,辦公商業大樓,見其他登記事項,鋼筋混凝土造,1040109,174.10999999999999,4,1,2,有,無,13000000,75879,升降機械,12.01,700000,,RPOOMLNKMHKFFAW56CA
金城鎮,房地(土地+建物),金門縣金城鎮珠浦西路6巷3弄1~30號,29.72,住,,,1040305,土地1建物1車位0,三層,十層,辦公商業大樓,見其他登記事項,鋼筋混凝土造,1040109,190.26999999999998,4,0,2,有,無,15000000,78835,,0.0,0,,RPQOMLNKMHKFFAW76CA
金城鎮,房地(土地+建物)+車位,金門縣金城鎮珠浦西路6巷3弄1~30號,21.86,住,,,1040305,土地1建物1車位1,八層,十層,辦公商業大樓,見其他登記事項,鋼筋混凝土造,1040109,154.71,3,1,2,有,無,12000000,79187,升降機械,12.01,700000,,RPTOMLNKMHKFFAW07CA
金城鎮,房地(土地+建物),金門縣金城鎮珠浦西路6巷3弄1~30號,21.86,住,,,1040305,土地1建物1車位0,九層,十層,辦公商業大樓,見其他登記事項,鋼筋混凝土造,1040109,154.71,3,1,2,有,無,13300000,85967,,0.0,0,,RPUOMLNKMHKFFAW17CA
金城鎮,房地(土地+建物)+車位,金門縣金城鎮珠浦西路6巷3弄1~30號,82.19,住,,,1040305,土地1建物1車位1,一層，二層，見其他登記事項,十層,辦公商業大樓,見其他登記事項,鋼筋混凝土造,1040109,414.45000000000005,6,1,6,有,無,38000000,92685,升降機械,12.01,700000,,RPPOMLNKMHKFFAW66CA
金城鎮,土地,烏土段541~570地號,373.13,住,,,1040326,土地3建物0車位0,,,其他,,,,0.0,0,0,0,有,無,4623385,12391,,0.0,0,親友、員工或其他特殊關係間之交易。;親戚,RPPNMLPKMHKFFAW76CA
金城鎮,房地(土地+建物)+車位,金門縣金城鎮珠浦西路6巷3弄1~30號,63.52,住,,,1040305,土地1建物1車位1,一層，二層，三層，見其他登記事項,十層,辦公商業大樓,見其他登記事項,鋼筋混凝土造,1040109,394.52,5,2,5,有,無,35000000,89671,升降機械,12.01,700000,,RPWNMLNKMHKFFAW27CA
金城鎮,房地(土地+建物)+車位,金門縣金城鎮珠浦西路6巷3弄1~30號,21.86,住,,,1040305,土地1建物1車位1,八層,十層,辦公商業大樓,見其他登記事項,鋼筋混凝土造,1040109,154.71,3,1,2,有,無,12000000,79187,升降機械,12.01,700000,,RPXNMLNKMHKFFAW37CA
金城鎮,房地(土地+建物),金門縣金城鎮珠浦南路50巷3弄1~30號,17.08,住,,,1040319,土地0建物1車位0,一層,五層,其他,見其他登記事項,鋼筋混凝土造,1040204,49.120000000000005,1,1,1,有,無,2500000,50896,,0.0,0,,SPPNMLLJNHKFFAW56DA
金寧鄉,土地,煙墩段661~690地號,3136.54,農,,,1040215,土地3建物0車位0,,,其他,,,,0.0,0,0,0,有,無,6200000,1977,,0.0,0,,RPQNMLSJNHKFFAW27DA
金沙鎮,土地,北九劃段1111~1140地號,1500.0,農,,,1040407,土地2建物0車位0,,,其他,,,,0.0,0,0,0,有,無,4000000,2667,,0.0,0,,RPUNMLNKMHKFFAW17DA
金寧鄉,土地,寧湖一劃段451~480地號,1200.02,農,,,1040407,土地1建物0車位0,,,其他,,,,0.0,0,0,0,有,無,3000000,2500,,0.0,0,,RPRNMLLLMHKFFAW76DA
金沙鎮,土地,碧山段571~600地號,596.7,農,,,1040409,土地1建物0車位0,,,其他,,,,0.0,0,0,0,有,無,660000,1106,,0.0,0,親友、員工或其他特殊關係間之交易。;親友、員工或其他特殊關係間之交易。,RPQNMLKKMHKFFAW09DA
金寧鄉,土地,寧湖一劃段511~540地號,340.0,農,,,1040325,土地1建物0車位0,,,其他,,,,0.0,0,0,0,有,無,2040000,6000,,0.0,0,親友、員工或其他特殊關係間之交易。;親友、員工或其他特殊關係間之交易。,RPRNMLOJNHKFFAW96DA
金沙鎮,土地,山柄段241~270地號,1414.96,農,,,1040401,土地4建物0車位0,,,其他,,,,0.0,0,0,0,有,無,2428000,1716,,0.0,0,,RPSNMLRKMHKFFAW27CA
金寧鄉,土地,寧湖二劃測段961~990地號,997.99,農,,,1040409,土地1建物0車位0,,,其他,,,,0.0,0,0,0,有,無,8500000,8517,,0.0,0,,RPQOMLRKMHKFFAW17CA
金城鎮,房地(土地+建物),金門縣金城鎮賢厝1~30號,180.0,住,,,1040407,土地2建物1車位0,全,三層,透天厝,住家用,鋼筋混凝土加強磚造,0830712,267.36,5,2,4,有,無,16000000,59844,,0.0,0,,RPQNMLRLMHKFFAW17CA
金城鎮,房地(土地+建物),金門縣金城鎮賢厝1~30號,126.0,住,,,1040407,土地1建物1車位0,全,三層,透天厝,住家用,鋼筋混凝土加強磚造,0830712,230.6,4,2,3,有,無,16000000,69384,,0.0,0,,SPQNMLRLMHKFFAW27CA
金寧鄉,土地,仁愛段1~30地號,200.04,住,,,1040327,土地1建物0車位0,,,其他,,,,0.0,0,0,0,有,無,7900000,39492,,0.0,0,,RPPNMLRKMHKFFAW96CA
金城鎮,土地,庵前劃測段511~540地號,392.7,其他,,,1040327,土地1建物0車位0,,,其他,,,,0.0,0,0,0,有,無,2356200,6000,,0.0,0,,RPPNMLRLMHKFFAW07CA
金城鎮,土地,賢厝村段121~150地號,19.0,其他,,,1040325,土地1建物0車位0,,,其他,,,,0.0,0,0,0,有,無,250000,13158,,0.0,0,,RPQNMLRKMHKFFAW07CA
金沙鎮,土地,中蘭劃測段661~690地號,1006.04,農,,,1040330,土地1建物0車位0,,,其他,,,,0.0,0,0,0,有,無,2000000,1988,,0.0,0,,RPTNMLRKMHKFFAW37CA
金寧鄉,土地,中三劃測段151~180地號,1466.01,農,,,1040408,土地3建物0車位0,,,其他,,,,0.0,0,0,0,有,無,32700000,22305,,0.0,0,,RPPNMLKLMHKFFAW98CA
金寧鄉,房地(土地+建物),金門縣金寧鄉頂埔下61~90號,100.0,農,,,1040408,土地1建物1車位0,全,三層,透天厝,住家用,鋼筋混凝土造,1011018,191.4,5,2,5,有,無,9500000,49634,,0.0,0,,RPVNMLOLMHKFFAW37CA
金湖鎮,土地,中五劃段31~60地號,1127.0,農,,,1040327,土地2建物0車位0,,,其他,,,,0.0,0,0,0,有,無,13300000,11801,,0.0,0,,RPRNMLKMMHKFFAW66CA
金寧鄉,房地(土地+建物),金門縣金寧鄉下堡121~150號,57.19,住,,,1040414,土地1建物1車位0,一層,三層,公寓(5樓含以下無電梯),見其他登記事項,鋼筋混凝土造,1021120,110.17,3,2,2,有,無,7500000,68077,,0.0,0,,RPWNMLRKMHKFFAW67CA
金寧鄉,房地(土地+建物),金門縣金寧鄉下堡121~150號,57.19,住,,,1040414,土地1建物1車位0,一層,三層,公寓(5樓含以下無電梯),見其他登記事項,鋼筋混凝土造,1021120,110.17,3,2,2,有,無,7500000,68077,,0.0,0,,RPXNMLRKMHKFFAW77CA
金城鎮,房地(土地+建物)+車位,金門縣金城鎮珠浦西路6巷3弄1~30號,29.72,住,,,1040305,土地1建物1車位1,四層,十層,辦公商業大樓,見其他登記事項,鋼筋混凝土造,1040109,190.26999999999998,4,1,2,有,無,15000000,80220,升降機械,12.01,700000,,RPQNMLKLMHKFFAW09CA
金城鎮,房地(土地+建物),金門縣金城鎮珠浦西路6巷3弄1~30號,21.86,住,,,1040305,土地1建物1車位0,七層,十層,辦公商業大樓,見其他登記事項,鋼筋混凝土造,1040109,154.71,3,1,2,有,無,12000000,77564,,0.0,0,,RPRNMLKLMHKFFAW56CA
金城鎮,房地(土地+建物),金門縣金城鎮珠浦西路6巷3弄1~30號,21.86,住,,,1040305,土地1建物1車位0,六層,十層,辦公商業大樓,見其他登記事項,鋼筋混凝土造,1040109,154.71,3,1,2,有,無,12000000,77564,,0.0,0,,RPSNMLKLMHKFFAW66CA
金城鎮,房地(土地+建物),金門縣金城鎮民權路226巷2弄1~30號,27.6,住,,,1040331,土地1建物1車位0,五層,十層,華廈(10層含以下有電梯),見其他登記事項,鋼筋混凝土造,1011128,131.82,3,2,2,有,無,11500000,87240,,0.0,0,,RPQNMLNLMHKFFAW76CA
金沙鎮,土地,洋山段1081~1110地號,453.0,其他,,,1040412,土地1建物0車位0,,,其他,,,,0.0,0,0,0,有,無,7700000,16998,,0.0,0,,RPSNMLKMMHKFFAW76CA
金沙鎮,土地,沙溪一劃段331~360地號,940.27,其他,,,1040407,土地1建物0車位0,,,其他,,,,0.0,0,0,0,有,無,6800000,7232,,0.0,0,,RPPNMLMLMHKFFAW56CA
金城鎮,房地(土地+建物),金門縣金城鎮山前61~90號,56.35,住,,,1040414,土地1建物1車位0,三層,三層,公寓(5樓含以下無電梯),見其他登記事項,鋼筋混凝土造,1031222,104.16999999999999,3,2,2,有,無,5450000,52318,,0.0,0,,RPOOMLRKMHKFFAW07DA
金沙鎮,土地,北九劃段1141~1170地號,1000.0,農,,,1040317,土地1建物0車位0,,,其他,,,,0.0,0,0,0,有,無,4600000,4600,,0.0,0,,RPPOMLRKMHKFFAW17DA
金寧鄉,土地,盤山村段301~330地號,143.0,其他,,,1040414,土地1建物0車位0,,,其他,,,,0.0,0,0,0,有,無,2000000,13986,,0.0,0,,RPUNMLMLMHKFFAW17DA
金寧鄉,房地(土地+建物),金門縣金寧鄉埔後181~210號,81.47,其他,,,1040407,土地2建物1車位0,全,三層,透天厝,住家用,鋼筋混凝土造,1001115,158.67,6,2,4,有,無,11500000,72477,,0.0,0,,RPPNMLNLMHKFFAW76DA
金寧鄉,土地,寧湖三劃段271~300地號,500.0,農,,,1040409,土地1建物0車位0,,,其他,,,,0.0,0,0,0,有,無,5500000,11000,,0.0,0,,RPQNMLMLMHKFFAW76DA
金寧鄉,土地,寧湖三劃段271~300地號,500.0,農,,,1040409,土地1建物0車位0,,,其他,,,,0.0,0,0,0,有,無,5500000,11000,,0.0,0,,RPRNMLMLMHKFFAW86DA
金寧鄉,土地,寧湖二劃測段1261~1290地號,243.78,農,,,1040409,土地1建物0車位0,,,其他,,,,0.0,0,0,0,有,無,2100000,8614,,0.0,0,共有土地優先購買,RPSNMLLLMHKFFAW76CA
金寧鄉,土地,寧湖一劃段571~600地號,727.01,農,,,1040327,土地2建物0車位0,,,其他,,,,0.0,0,0,0,有,無,10000000,13755,,0.0,0,,RPTNMLLLMHKFFAW86CA
金城鎮,房地(土地+建物)+車位,金門縣金城鎮珠浦西路6巷3弄1~30號,22.11,住,,,1040305,土地1建物1車位1,六層,十層,辦公商業大樓,見其他登記事項,鋼筋混凝土造,1040109,155.91,3,1,2,有,無,12000000,78527,升降機械,12.01,700000,,RPUNMLLLMHKFFAW96CA
金城鎮,房地(土地+建物)+車位,金門縣金城鎮珠浦西路6巷3弄1~30號,21.86,住,,,1040305,土地1建物1車位1,九層,十層,辦公商業大樓,見其他登記事項,鋼筋混凝土造,1040109,154.71,3,1,2,有,無,15000000,100210,升降機械,12.01,700000,,RPVNMLLLMHKFFAW07CA
金城鎮,房地(土地+建物)+車位,金門縣金城鎮珠浦西路6巷3弄1~30號,21.12,住,,,1040305,土地1建物1車位1,十層,十層,辦公商業大樓,見其他登記事項,鋼筋混凝土造,1040109,143.82,1,1,2,有,無,20000000,146423,升降機械,12.01,700000,,RPWNMLLLMHKFFAW17CA
金城鎮,房地(土地+建物)+車位,金門縣金城鎮珠浦西路6巷3弄1~30號,21.12,住,,,1040305,土地1建物1車位1,十層,十層,辦公商業大樓,見其他登記事項,鋼筋混凝土造,1040109,143.82,3,1,2,有,無,20000000,146423,升降機械,12.01,700000,,SPWNMLLLMHKFFAW27CA
金寧鄉,土地,大園段91~120地號,673.23,其他,,,1040403,土地2建物0車位0,,,其他,,,,0.0,0,0,0,有,無,870000,1292,,0.0,0,,RPVNMLNLMHKFFAW27CA
金沙鎮,土地,汶沙段1681~1710地號,110.0,其他,,,1040331,土地1建物0車位0,,,其他,,,,0.0,0,0,0,有,無,3300000,30000,,0.0,0,,RPXNMLMLMHKFFAW37CA
金沙鎮,土地,洋山測段631~660地號,424.1,農,,,1040122,土地1建物0車位0,,,其他,,,,0.0,0,0,0,有,無,2100000,4952,,0.0,0,,RPVNMLMLMHKFFAW27DA
金城鎮,房地(土地+建物),金門縣金城鎮金門城1~30號,31.92,其他,,,1040414,土地1建物1車位0,一層,三層,公寓(5樓含以下無電梯),見其他登記事項,鋼筋混凝土造,1040216,55.85,3,1,2,有,無,3267000,58485,,0.0,0,,RPRNMLNLMHKFFAW96DA
金城鎮,房地(土地+建物),金門縣金城鎮金門城1~30號,31.92,其他,,,1040414,土地1建物1車位0,二層,三層,公寓(5樓含以下無電梯),見其他登記事項,鋼筋混凝土造,1040216,55.85,3,1,2,有,無,3067000,54905,,0.0,0,,RPSNMLNLMHKFFAW07DA
金城鎮,房地(土地+建物),金門縣金城鎮金門城1~30號,31.92,其他,,,1040414,土地1建物1車位0,三層,三層,公寓(5樓含以下無電梯),見其他登記事項,鋼筋混凝土造,1040216,55.85,3,1,2,有,無,3167000,56695,,0.0,0,,RPTNMLNLMHKFFAW17DA
金寧鄉,房地(土地+建物),金門縣金寧鄉西堡1~30號,119.0,住,,,1040420,土地1建物1車位0,一層,一層,其他,住家用,見其他登記事項,0560623,89.66,3,1,1,有,無,3500000,39036,,0.0,0,,RPTNMLRJNHKFFAW37CA
金寧鄉,土地,寧湖三劃段841~870地號,1000.0,農,,,1040330,土地1建物0車位0,,,其他,,,,0.0,0,0,0,有,無,8300000,8300,,0.0,0,,RPSNMLOLMHKFFAW07CA
金寧鄉,土地,寧劃段1591~1620地號,533.0,農,,,1040411,土地1建物0車位0,,,其他,,,,0.0,0,0,0,有,無,1500000,2814,,0.0,0,,RPTNMLOLMHKFFAW17CA
金寧鄉,土地,寧劃段1591~1620地號,550.0,農,,,1040409,土地1建物0車位0,,,其他,,,,0.0,0,0,0,有,無,1550000,2818,,0.0,0,,RPUNMLOLMHKFFAW27CA
金城鎮,土地,北一段1~30地號,2300.95,農,,,1040115,土地2建物0車位0,,,其他,,,,0.0,0,0,0,有,無,22600000,9822,,0.0,0,,RPPNMLOJNHKFFAW66CA
金城鎮,房地(土地+建物),金門縣金城鎮西海路22巷6弄61~90號,126.24,農,,,1040420,土地3建物1車位0,全,三層,透天厝,住家用,鋼筋混凝土加強磚造,0840906,207.82,6,2,5,有,無,10000000,48119,,0.0,0,,RPRNMLRLMHKFFAW37DA
金湖鎮,土地,太湖劃測段91~120地號,874.42,農,,,1040423,土地2建物0車位0,,,其他,,,,0.0,0,0,0,有,無,1200000,1372,,0.0,0,親友、員工或其他特殊關係間之交易。;親友、員工或其他特殊關係間之交易。親友、員工或其他特殊關係間之交易。,RPRNMLSLMHKFFAW47DA
金城鎮,土地,歐厝段121~150地號,458.13,農,,,1040330,土地1建物0車位0,,,其他,,,,0.0,0,0,0,有,無,4000000,8731,,0.0,0,,RPTNMLQLNHKFFAW57DA
金沙鎮,土地,高坑劃測段541~570地號,300.01,農,,,1040423,土地2建物0車位0,,,其他,,,,0.0,0,0,0,有,無,1200000,4000,,0.0,0,,RPRNMLMKNHKFFAW86DA
金寧鄉,房地(土地+建物),金門縣金寧鄉頂堡1~30號,66.0,其他,,,1040409,土地1建物1車位0,二層,三層,公寓(5樓含以下無電梯),見其他登記事項,鋼筋混凝土造,1030709,115.35,3,2,2,有,無,6000000,52016,,0.0,0,,RPPNMLTLMHKFFAW27CA
金湖鎮,土地,陳坑段571~600地號,441.35,其他,,,1040226,土地2建物0車位0,,,其他,,,,0.0,0,0,0,有,無,7502950,17000,,0.0,0,,RPQNMLTLMHKFFAW37CA
金寧鄉,土地,寧湖六劃段121~150地號,1000.0,農,,,1040421,土地1建物0車位0,,,其他,,,,0.0,0,0,0,有,無,5000000,5000,,0.0,0,,RPWNMLOJNHKFFAW37CA
金寧鄉,房地(土地+建物),金門縣金寧鄉昔果山151~180號,51.8,住,,,1040428,土地1建物1車位0,三層,三層,公寓(5樓含以下無電梯),見其他登記事項,鋼筋混凝土造,1010809,95.83,3,2,2,有,無,5650000,58959,,0.0,0,,RPTNMLKMMHKFFAW96DA
金寧鄉,土地,寧湖三劃段91~120地號,1000.0,農,,,1040428,土地1建物0車位0,,,其他,,,,0.0,0,0,0,有,無,6500000,6500,,0.0,0,,RPUNMLRJNHKFFAW47CA
金寧鄉,土地,龍潭段211~240地號,778.66,其他,,,1040404,土地1建物0車位0,,,其他,,,,0.0,0,0,0,有,無,4720000,6062,,0.0,0,,RPQNMLMKNHKFFAW66CA
金寧鄉,土地,寧安二劃段271~300地號,667.0,農,,,1040410,土地1建物0車位0,,,其他,,,,0.0,0,0,0,有,無,4300000,6447,,0.0,0,,RPQNMLLJNHKFFAW09CA
