﻿編號,土地區段位置,土地移轉面積平方公尺,使用分區或編定
The serial number,land sector position,land shifting area square meter,the use zoning or compiles and checks
RPUNMLOKKHOFFID09CC,勝利段,662.00,非都市：特定農業區 ; 非都市編定：農牧用地
RPQOMLLKKHOFFCD87CC,新興段,142.00,都市：住
RPQPMLLKKHOFFCD97CC,光華段,177.00,都市：住
RPQPMLLKKHOFFCD97CC,光華段,102.00,都市：住
RPUNMLOKKHOFFCD48CC,竹篙厝段,.00,都市：住
RPWNMLLKKHOFFGD88DC,仁得段,695.54,都市：住
RPVNMLOKKHOFFID56CC,勝利段,662.00,非都市：特定農業區 ; 非都市編定：農牧用地
RPUNMLPKKHOFFCD58CC,裕東段,.00,都市：住
RPQOMLPKKHOFFCD28CC,富裕段,.00,都市：住
RPROMLPKKHOFFCD38CC,東光段,.00,都市：住
RPROMLPKKHOFFCD38CC,東光段,.00,都市：住
RPQNMLNKKHOFFBD87CC,安東段,.00,非都市： ; 非都市編定：
RPPOMLPKKHOFFID78CC,南勢園段,.00,都市：住
RPPOMLPKKHOFFID78CC,南勢園段,.00,都市：住
RPOOMLOKKHOFFKD78CC,永華段,.00,都市：住
RPSOMLNKKHOFFAD08CC,正興段,.00,都市：住
RPWOMLLKKHOFFAD28CC,金華段,1322.00,都市：住
RPVOMLLKKHOFFAD18CC,武聖段,788.96,都市：住
RPQNMLSKKHOFFBD38CC,本淵段,400.00,都市：農
RPQQMLPKKHOFFAD28CC,北安段,.00,都市：住
RPVNMLPKKHOFFAD48CC,永華段,.00,都市：商
RPWQMLPKKHOFFAD88CC,新南段,.00,非都市： ; 非都市編定：
RPTQMLPKKHOFFAD58CC,郡王祠段,.00,都市：商
RPTQMLPKKHOFFAD58CC,郡王祠段,.00,都市：商
RPXQMLPKKHOFFAD98CC,郡王祠段,.00,都市：商
RPXQMLPKKHOFFAD98CC,郡王祠段,.00,都市：商
RPOOMLSKKHOFFAD18CC,漁光段,.00,非都市： ; 非都市編定：
RPUQMLPKKHOFFAD68CC,郡王祠段,.00,都市：商
RPUQMLPKKHOFFAD68CC,郡王祠段,.00,都市：商
RPWPMLSKKHOFFAD09CC,北元段,.00,都市：商
RPPNMLSKKHOFFCD38CC,德高段,123.00,都市：住
RPQNMLSKKHOFFCD48CC,東光段,.00,都市：商
RPRNMLSKKHOFFCD58CC,東光段,.00,都市：商
RPVNMLSKKHOFFKD17CC,頂西段,.00,非都市： ; 非都市編定：
RPTNMLTKKHOFFKD07CC,橋北段,.00,都市：住
RPPNMLTKKHOFFKD66CC,兵南段,.00,非都市： ; 非都市編定：
RPWNMLTKKHOFFCD56CC,府連段,406.63,都市：住
RPUOMLTKKHOFFCD09CC,東寧段,46.77,都市：住
RPOOMLSKKHOFFKD56CC,鹽北段,.00,都市：工
RPOOMLTKKHOFFBD38CC,本淵段,400.00,都市：農
RPSPMLKLKHOFFCD18CC,虎尾寮段,.00,都市：住
RPUPMLKLKHOFFCD38CC,光明段,.00,都市：住
RPRNMLTKKHOFFAD48CC,立人段,.00,都市：住
RPPOMLKLKHOFFHD28CC,光華段,100.00,都市：住
RPQOMLKLKHOFFHD38CC,光華段,100.00,都市：住
RPOOMLKLKHOFFHD18CC,光華段,15.43,都市：住
RPPNMLSKKHOFFHD88CC,南小新段,96.57,都市：住
RPPNMLSKKHOFFHD88CC,南小新段,12.49,都市：住
RPVPMLKLKHOFFCD48CC,光明段,.00,都市：住
RPQNMLSKKHOFFHD98CC,大榮段,73.74,都市：住
RPTNMLTKKHOFFAD68CC,正興段,.00,非都市： ; 非都市編定：
RPPOMLLLKHOFFCD87CC,鹽埕段,.00,非都市： ; 非都市編定：
RPXPMLKLKHOFFCD68CC,鹽埕段,301.00,都市：住
RPSOMLLLKHOFFKD98CC,自強段,.00,都市：住
RPWNMLKLKHOFFKD56CC,永興段,163.49,都市：住
RPWNMLTKKHOFFAD98CC,正覺段,.00,都市：住
RPWNMLTKKHOFFAD98CC,正覺段,.00,都市：住
RPWNMLTKKHOFFAD98CC,正覺段,.00,都市：住
RPWNMLTKKHOFFAD98CC,正覺段,.00,都市：住
RPXNMLTKKHOFFAD09CC,北元段,108.16,都市：住
RPROMLLLKHOFFAD87CC,北安段,.00,都市：住
RPVNMLLLKHOFFAD18CC,新南段,.00,非都市： ; 非都市編定：
RPSOMLLLKHOFFAD97CC,銀同段,.00,都市：商
RPWNMLMLKHOFFCD58CC,鹽埕段,.00,非都市： ; 非都市編定：
RPWNMLMLKHOFFCD58CC,鹽埕段,.00,非都市： ; 非都市編定：
RPWNMLMLKHOFFCD58CC,鹽埕段,.00,非都市： ; 非都市編定：
RPUOMLMLKHOFFBD38CC,海中段,410.16,都市：住
RPVOMLMLKHOFFID56CC,崁腳北段,.00,非都市： ; 非都市編定：
RPWNMLLLKHOFFAD28CC,金華段,.00,非都市： ; 非都市編定：
RPTNMLMLKHOFFKD09CC,南工段,.00,都市：住
RPUNMLMLKHOFFKD56CC,南新段,.00,非都市： ; 非都市編定：
RPUPMLMLKHOFFAD38CC,立人段,.00,都市：住
RPUPMLMLKHOFFAD38CC,立人段,.00,都市：商
RPUOMLMLKHOFFAD28CC,南門段,.00,非都市： ; 非都市編定：
RPPQMLMLKHOFFAD97CC,金城段,.00,都市：住
RPRRMLMLKHOFFAD28CC,武聖段,11.34,都市：住
RPXPMLMLKHOFFAD68CC,開元段,.00,都市：商
RPXPMLMLKHOFFAD68CC,開元段,.00,都市：住
RPPPMLMLKHOFFAD87CC,赤崁段,.00,非都市： ; 非都市編定：
RPWPMLMLKHOFFAD58CC,立人段,.00,都市：商
RPOOMLPLKHOFFAD97CC,中正段,3.14,都市：商
RPOOMLPLKHOFFAD97CC,中正段,3.14,都市：商
RPOOMLPLKHOFFAD97CC,中正段,6.06,都市：商
RPROMLPLKHOFFCD48CC,東光段,.00,都市：住
RPTOMLQLKHOFFCD78CC,鹽埕段,.00,都市：住
RPROMLPLKHOFFCD48CC,東光段,.00,都市：住
RPROMLPLKHOFFCD48CC,東光段,.00,都市：其他
RPXOMLQLKHOFFCD56CC,府東段,.00,都市：住
RPVOMLQLKHOFFCD98CC,竹篙厝段,155.00,都市：住
RPTNMLQLKHOFFBD58CC,新順段,.00,都市：住
RPROMLMLKHOFFDD28CC,民權段,.00,都市：商
RPXNMLQLKHOFFKD27CC,鹽中段,.00,都市：住
RPOOMLQLKHOFFKD09CC,橋北段,.00,都市：住
RPWNMLQLKHOFFAD78CC,銀同段,.00,都市：商
RPWNMLQLKHOFFAD78CC,銀同段,.00,都市：商
RPTOMLNLKHOFFAD28CC,立人段,4.35,都市：住
RPUOMLNLKHOFFAD38CC,立人段,4.35,都市：住
RPVNMLRLKHOFFKD17CC,大灣段,77.00,都市：農
RPOOMLRLKHOFFKD56CC,永興段,44.36,都市：住
RPXNMLRLKHOFFKD37CC,永和段,11.83,都市：住
RPQOMLRLKHOFFKD76CC,鹽新段,.00,都市：住
RPSOMLQLKHOFFID66CC,太子段,.00,都市：工
RPOOMLRLKHOFFCD38CC,東光段,.00,都市：商
RPPNMLLJLHOFFKD48CC,橋北段,94.40,都市：住
RPROMLOJLHOFFCD38DC,正義段,.00,都市：住
RPQNMLLJLHOFFBD67CC,和館段,132.68,都市：住
RPQNMLLJLHOFFBD67CC,和館段,.24,都市：住
RPQNMLLJLHOFFBD67CC,和館段,9.55,都市：住
RPQNMLLJLHOFFBD67CC,和館段,2.19,都市：住
RPPNMLMJLHOFFKD58CC,兵南段,6.03,都市：住
RPQNMLMJLHOFFKD68CC,成功段,88.99,都市：住
RPSOMLQJLHOFFCD58CC,東光段,.00,都市：商
RPPQMLRLKHOFFAD48CC,郡王祠段,.00,都市：商
RPPQMLRLKHOFFAD48CC,郡王祠段,.00,都市：商
RPRQMLRLKHOFFAD68CC,東興段,.00,都市：住
RPPOMLRJLHOFFCD38CC,富裕段,.00,都市：住
RPQNMLPJLHOFFHD68CC,善新段,16.65,都市：住
RPQNMLPJLHOFFHD68CC,善新段,258.88,都市：住
RPQNMLPJLHOFFHD68CC,善新段,11.65,都市：住
RPQNMLPJLHOFFHD68CC,善新段,3.83,都市：住
RPQNMLPJLHOFFHD68CC,善新段,.56,都市：住
RPQNMLPJLHOFFHD68CC,營新段,47.23,都市：住
RPROMLQJLHOFFHD98CC,光文段,122.19,非都市： ; 非都市編定：
RPROMLQJLHOFFHD98CC,光文段,120.43,非都市： ; 非都市編定：
RPOQMLRLKHOFFAD38CC,郡王祠段,.00,都市：商
RPOQMLRLKHOFFAD38CC,郡王祠段,.00,都市：商
RPQOMLRJLHOFFCD48CC,公英段,.00,都市：住
RPWNMLRJLHOFFBD88CC,安中段,.00,都市：住
RPPNMLLJLHOFFAD47CC,金華段,93.00,都市：住
RPSNMLOJLHOFFAD08CC,萬昌段,278.22,都市：商
RPTNMLLJLHOFFAD87CC,開元段,11.37,都市：商
RPTNMLLJLHOFFAD87CC,開元段,.54,都市：住
RPTNMLLJLHOFFAD87CC,開元段,.04,都市：住
RPRQMLRJLHOFFKD96CC,成功段,.00,都市：商
RPQOMLRJLHOFFAD28CC,環河段,.00,都市：住
RPQOMLRJLHOFFAD28CC,環河段,.00,都市：住
RPROMLRJLHOFFAD38CC,金華段,.00,都市：住
RPTNMLOJLHOFFAD18CC,立人段,7.50,都市：住
RPTNMLOJLHOFFAD18CC,立人段,.98,都市：商
RPSOMLRJLHOFFAD48CC,小北段,.00,都市：住
RPTNMLRJLHOFFAD48CC,星鑽段,63.84,都市：住
RPTNMLRJLHOFFAD48CC,星鑽段,9.29,都市：住
RPTNMLRJLHOFFAD48CC,星鑽段,25.88,都市：住
RPQNMLRJLHOFFAD18CC,頂美段,.00,都市：住
RPWNMLSJLHOFFCD09CC,鹽埕段,.00,都市：住
RPOOMLSJLHOFFHD88CC,大成段,.00,都市：農
RPSOMLLKLHOFFCD18CC,公英段,.00,非都市： ; 非都市編定：
RPUNMLSJLHOFFHD76CC,南港段,296.00,都市：工
RPQNMLTJLHOFFKD76CC,六甲頂段,8.85,都市：住
RPWNMLSJLHOFFKD27CC,保生段,.00,都市：住
RPXNMLNKLHOFFKD96CC,六甲頂段,12.30,都市：住
RPXNMLSJLHOFFCD56CC,竹篙厝段,22.99,都市：住
RPSOMLSJLHOFFCD78CC,龍泉段,.00,都市：商
RPSNMLMKLHOFFHD68CC,南港段,93.47,非都市： ; 非都市編定：
RPQOMLMKLHOFFHD58CC,大洲段,59.00,非都市：鄉村區 ; 非都市編定：乙種建築用地
RPQOMLMKLHOFFHD58CC,大洲段,21.65,非都市：鄉村區 ; 非都市編定：乙種建築用地
RPQOMLMKLHOFFHD58CC,大洲段,1.67,非都市：鄉村區 ; 非都市編定：乙種建築用地
RPTOMLNKLHOFFBD38CC,本淵段,605.00,都市：農
RPSOMLOKLHOFFBD38CC,新順段,10.78,都市：住
RPSPMLOKLHOFFCD58CC,光華段,.00,都市：住
RPSNMLOKLHOFFCD38CC,泉南段,.00,都市：住
RPOOMLMKLHOFFKD68CC,鹽行段,.00,都市：住
RPPOMLMKLHOFFKD78CC,大灣段,.00,都市：住
RPSPMLPKLHOFFCD68CC,新興段,.00,非都市： ; 非都市編定：
RPTNMLLKLHOFFAD97CC,南門段,.00,都市：住
RPSNMLMKLHOFFAD97CC,富台段,.00,都市：住
RPSNMLMKLHOFFAD97CC,富台段,.00,都市：住
RPQNMLRKLHOFFCD48CC,裕東段,138.68,都市：住
RPTPMLPKLHOFFCD78CC,公英段,.00,非都市： ; 非都市編定：
RPTPMLPKLHOFFCD78CC,公英段,.00,非都市： ; 非都市編定：
RPTPMLPKLHOFFCD78CC,公英段,.00,非都市： ; 非都市編定：
RPOOMLNKLHOFFAD87DC,正興段,.00,都市：住
RPSOMLSKLHOFFKD07CC,二王段,86.60,都市：住
RPOOMLSKLHOFFKD66CC,六甲頂段,.00,都市：住
RPQOMLTKLHOFFKD96CC,六合段,.00,都市：住
RPWOMLTKLHOFFKD57CC,鹽埕段,.00,都市：住
RPTNMLTKLHOFFKD17CC,六甲頂段,13.66,都市：住
RPOOMLTKLHOFFKD76CC,南新段,.00,都市：住
RPWOMLPKLHOFFAD78CC,正興段,.00,非都市： ; 非都市編定：
RPTNMLTKLHOFFGD86DC,佳里段,194.00,都市：住
RPTNMLTKLHOFFGD86DC,佳里段,2.00,都市：住
RPTNMLKLLHOFFCD18CC,新興段,.00,非都市： ; 非都市編定：
RPUNMLLLLHOFFCD38CC,竹篙厝段,.00,都市：住
RPTNMLLLLHOFFCD28CC,富農段,.00,都市：住
RPTNMLLLLHOFFCD28CC,富農段,.00,都市：住
RPXNMLOKLHOFFAD68CC,保安段,.00,都市：商
RPWNMLLLLHOFFCD58CC,竹篙厝段,.00,都市：住
RPVOMLOKLHOFFAD58CC,立人段,.00,都市：住
RPVOMLOKLHOFFAD58CC,立人段,.00,都市：商
RPPOMLLLLHOFFCD97CC,竹篙厝段,.00,非都市： ; 非都市編定：
RPTOMLOKLHOFFAD38CC,康祥段,.00,都市：住
RPUNMLTKLHOFFAD88CC,漁光段,.00,非都市： ; 非都市編定：
RPSNMLKLLHOFFAD87CC,立人段,3.26,都市：住
RPTNMLKLLHOFFAD97CC,立人段,7.25,都市：住
RPTQMLLLLHOFFAD38CC,環河段,.00,非都市： ; 非都市編定：
RPTQMLLLLHOFFAD38CC,環河段,.00,非都市： ; 非都市編定：
RPTQMLLLLHOFFAD38CC,環河段,.00,非都市： ; 非都市編定：
RPPQMLLLLHOFFAD97CC,華興段,.00,非都市： ; 非都市編定：
RPVQMLLLLHOFFAD58CC,金華段,.00,非都市： ; 非都市編定：
RPOPMLKLLHOFFAD67CC,金華段,.00,非都市： ; 非都市編定：
RPOPMLMLLHOFFAD87CC,東豐段,.00,都市：住
RPPQMLMLLHOFFAD08CC,保西段,.00,非都市： ; 非都市編定：
RPXNMLTKLHOFFBD66CC,溪頂段,.00,都市：住
RPUOMLMLLHOFFAD38CC,金城段,.00,都市：住
RPUOMLMLLHOFFAD38CC,金城段,.00,都市：住
RPUOMLMLLHOFFAD38CC,金城段,.00,都市：住
RPUOMLMLLHOFFAD38CC,金城段,.00,都市：住
RPUOMLMLLHOFFAD38CC,金城段,.00,都市：住
RPUOMLMLLHOFFAD38CC,金城段,.00,都市：住
RPSQMLMLLHOFFCD58CC,新東段,.00,都市：住
RPVNMLMLLHOFFCD58CC,鹽埕段,.00,非都市： ; 非都市編定：
RPQQMLMLLHOFFCD38CC,光明段,.08,都市：住
RPQQMLMLLHOFFCD38CC,光明段,30.51,都市：住
RPRSMLMLLHOFFCD68CC,鹽埕段,.00,都市：工
RPWQMLMLLHOFFCD98CC,竹篙厝段,.00,都市：住
RPSSMLMLLHOFFCD78CC,立德段,.00,非都市： ; 非都市編定：
RPWNMLMLLHOFFHD56CC,善成段,99.65,都市：住
RPVNMLMLLHOFFHD09CC,大榮段,14.67,都市：住
RPVNMLMLLHOFFHD09CC,大榮段,.80,都市：住
RPVNMLMLLHOFFHD09CC,大榮段,9.90,都市：住
RPWNMLPLLHOFFCD98CC,虎尾寮段,.00,非都市： ; 非都市編定：
RPSNMLNLLHOFFCD38CC,新都段,34.00,都市：商
RPSNMLNLLHOFFCD38CC,新都段,34.00,都市：商
RPXNMLPLLHOFFCD09CC,虎尾寮段,.00,非都市： ; 非都市編定：
RPQNMLPLLHOFFKD56CC,六甲頂段,.00,非都市： ; 非都市編定：
RPQOMLMLLHOFFKD98CC,六甲頂段,.00,都市：住
RPSOMLQLLHOFFKD96CC,中興段,1565.28,都市：住
RPTOMLMLLHOFFBD38CC,安中段,101.42,都市：住
RPSPMLMLLHOFFKD66CC,兵北段,.00,都市：住
RPSNMLPLLHOFFAD38CC,延平段,28.96,都市：住
RPQNMLPLLHOFFDD48CC,民治段,27.51,都市：其他
RPQNMLPLLHOFFDD48CC,民治段,27.24,都市：其他
RPRNMLNLLHOFFDD38CC,三興段,25.58,都市：商
RPRNMLNLLHOFFDD38CC,三興段,68.29,都市：商
RPRNMLNLLHOFFDD38CC,三興段,119.86,都市：商
RPWOMLQLLHOFFCD56CC,關帝段,1629.24,都市：商
RPVNMLQLLHOFFHD86CC,南港段,116.80,非都市： ; 非都市編定：
RPQNMLQLLHOFFAD28CC,永福段,178.38,都市：商
RPQNMLRLLHOFFHD09CC,番子寮段,.00,非都市：鄉村區 ; 非都市編定：乙種建築用地
RPSNMLRLLHOFFKD96CC,鹽埕段,.00,都市：住
RPTNMLSLLHOFFKD17CC,橋北段,105.22,都市：住
RPTPMLRLLHOFFAD88CC,延平段,.00,都市：住
RPTPMLRLLHOFFAD88CC,延平段,.00,都市：住
RPWNMLSLLHOFFGD17DC,佳里段,57.00,都市：商
RPWNMLSLLHOFFGD17DC,佳里段,25.00,都市：商
RPWNMLSLLHOFFGD17DC,佳里段,33.00,都市：商
RPWNMLSLLHOFFGD17DC,佳里段,14.00,都市：商
RPQOMLRLLHOFFCD68CC,新興段,.00,都市：住
RPROMLRLLHOFFCD78CC,東寧段,.00,都市：商
RPROMLRLLHOFFCD78CC,東寧段,.00,都市：商
RPPNMLSLLHOFFID56CC,媽祖廟段,.00,非都市：特定農業區 ; 非都市編定：甲種建築用地
RPOQMLSLLHOFFAD58CC,五條港段,.00,都市：商
RPWNMLSLLHOFFCD66CC,水交社段,.00,非都市： ; 非都市編定：
RPXNMLSLLHOFFCD76CC,竹篙厝段,.00,都市：商
RPROMLRLLHOFFKD96CC,兵南段,.00,都市：住
RPUNMLTLLHOFFCD56CC,竹篙厝段,17.14,都市：住
RPUNMLTLLHOFFCD56CC,竹篙厝段,17.14,都市：住
RPSNMLTLLHOFFAD78CC,北元段,.00,都市：住
RPSNMLTLLHOFFAD78CC,北元段,.00,都市：住
RPSNMLTLLHOFFAD78CC,北元段,.00,都市：住
RPSNMLTLLHOFFAD78CC,北元段,.00,都市：住
RPROMLKMLHOFFCD18CC,水交社段,21.89,都市：住
RPUNMLSLLHOFFAD88CC,星鑽段,.00,都市：商
RPUNMLTLLHOFFKD37CC,六甲頂段,25.44,都市：住
RPPRMLTLLHOFFAD88CC,新美段,86.63,都市：商
RPURMLTLLHOFFAD76CC,上鯤鯓段,149.00,都市：住
RPQNMLKMLHOFFID58CC,太乙段,22.26,都市：工
RPQNMLKMLHOFFID58CC,太乙段,9.64,都市：工
RPQNMLKMLHOFFID58CC,太乙段,1442.68,都市：工
RPQNMLKMLHOFFID58CC,太乙段,27.67,都市：工
RPQNMLLJMHOFFCD87CC,新興段,103.00,都市：住
RPPPMLLJMHOFFKD78CC,永信段,.00,非都市： ; 非都市編定：
RPQOMLLJMHOFFCD08DC,鹽埕段,159.00,都市：住
RPSNMLLJMHOFFKD98DC,西勢段,100.00,都市：住
RPOOMLMJMHOFFCD87CC,富農段,4.43,都市：住
RPOOMLMJMHOFFCD87CC,富農段,1.77,都市：住
RPOOMLMJMHOFFID48CC,白崙段,.00,都市：商
RPPOMLMLLHOFFBD97CC,安西段,.00,都市：住
RPTNMLMJMHOFFKD09CC,六合段,.00,都市：住
RPWNMLSLLHOFFBD56CC,本淵段,400.00,都市：農
RPSNMLMJMHOFFKD98CC,兵北段,.00,都市：住
RPUNMLMJMHOFFAD18CC,萬昌段,148.71,都市：商
RPRNMLMJMHOFFHD58CC,南港段,116.80,非都市： ; 非都市編定：
RPSNMLMJMHOFFAD97CC,保西段,155.17,都市：商
RPVNMLSLLHOFFAD98CC,星鑽段,.00,都市：商
RPVNMLMJMHOFFAD28CC,立人段,.00,都市：住
RPQOMLMJMHOFFAD87CC,三民段,.00,非都市： ; 非都市編定：
RPQOMLMJMHOFFAD87CC,三民段,.00,非都市： ; 非都市編定：
RPRNMLSJMHOFFCD68CC,東光段,62.56,都市：住
RPQNMLQJMHOFFDD48CC,新電段,88.46,都市：住
RPSNMLQJMHOFFDD68CC,新營段,.00,都市：住
RPRNMLQJMHOFFDD58CC,鹽水段,81.00,都市：住
RPTNMLQJMHOFFDD78CC,新營段,.00,都市：住
RPOOMLNJMHOFFAD77CC,星鑽段,.00,都市：商
RPOOMLNJMHOFFAD77CC,星鑽段,.00,都市：商
RPOOMLNJMHOFFAD77CC,星鑽段,.00,都市：商
RPWNMLNJMHOFFAD48CC,孔廟段,.00,都市：商
RPWNMLNJMHOFFAD48CC,孔廟段,.00,都市：商
RPQNMLTJMHOFFCD68CC,東光段,.00,都市：住
RPXNMLTJMHOFFCD76CC,新興段,.00,都市：住
RPOOMLTJMHOFFCD58CC,新興段,.00,都市：住
RPUOMLTJMHOFFCD56CC,鹽埕段,.00,都市：住
RPSNMLTJMHOFFID86CC,二空段,.00,都市：住
RPWNMLSJMHOFFAD98CC,正興段,19.41,都市：商
RPSNMLSJMHOFFAD58CC,南門段,.00,都市：商
RPSNMLSJMHOFFAD58CC,南門段,.00,都市：商
RPSNMLSJMHOFFAD58CC,南門段,.00,都市：商
RPSNMLSJMHOFFAD58CC,南門段,.00,都市：商
RPSNMLSJMHOFFAD58CC,南門段,.00,都市：商
RPSNMLSJMHOFFAD58CC,南門段,.00,都市：商
RPTNMLTJMHOFFID96CC,二空段,.00,都市：住
RPWNMLTJMHOFFAD09CC,金華段,.00,都市：商
RPUNMLTJMHOFFHD96CC,光文段,.00,都市：住
RPQOMLTJMHOFFHD66CC,胡厝寮段,6.39,都市：住
RPQOMLTJMHOFFHD66CC,胡厝寮段,86.00,都市：住
RPQNMLTJMHOFFKD86CC,烏竹段,.00,都市：住
RPPNMLTJMHOFFKD76CC,埔園段,.00,都市：商
RPWNMLTJMHOFFHD17CC,善新段,.00,都市：住
RPRNMLTJMHOFFKD96CC,烏竹段,.00,都市：住
RPPOMLTJMHOFFKD86CC,六甲頂段,.00,都市：住
RPXNMLKKMHOFFKD76CC,兵北段,.00,都市：住
RPQNMLKKMHOFFHD38CC,南港段,93.47,非都市： ; 非都市編定：
RPSPMLKKMHOFFID88CC,後壁段,.00,都市：住
RPQNMLKKMHOFFCD87CC,新東段,.00,都市：住
RPRNMLKKMHOFFCD97CC,龍泉段,.00,都市：住
RPSNMLKKMHOFFCD08CC,自由段,183.38,都市：住
RPXNMLKKMHOFFCD58CC,龍泉段,.00,非都市： ; 非都市編定：
RPXNMLKKMHOFFCD58CC,龍泉段,.00,非都市： ; 非都市編定：
RPXNMLKKMHOFFCD58CC,龍泉段,.00,非都市： ; 非都市編定：
RPWNMLKKMHOFFAD28CC,郡王祠段,.00,都市：住
RPWNMLLKMHOFFCD58CC,東光段,.00,都市：住
RPPPMLLKMHOFFCD08CC,育樂段,38.00,都市：住
RPVOMLLKMHOFFCD58CC,光明段,.00,都市：住
RPOPMLLKMHOFFCD97CC,富農段,.00,都市：住
RPSPMLLKMHOFFCD38CC,鹽埕段,.00,都市：住
RPSPMLLKMHOFFCD38CC,鹽埕段,.00,都市：住
RPWOMLTJMHOFFHD27CC,善新段,.00,都市：住
RPTPMLLKMHOFFCD48CC,竹篙厝段,1.06,都市：商
RPVPMLLKMHOFFCD68CC,大恩段,.00,都市：住
RPVPMLLKMHOFFCD68CC,大恩段,.00,都市：住
RPSOMLKKMHOFFAD97CC,金城段,185.00,都市：住
RPWPMLLKMHOFFCD78CC,竹篙厝段,22.20,都市：商
RPPOMLKKMHOFFAD67CC,東興段,.00,都市：住
RPPQMLLKMHOFFCD18CC,東光段,.00,非都市： ; 非都市編定：
RPROMLLKMHOFFID78CC,武東段,.00,都市：住
RPXNMLKKMHOFFAD38CC,北元段,.00,都市：住
RPPNMLLKMHOFFBD77CC,幸福段,.00,非都市： ; 非都市編定：
RPXNMLMKMHOFFCD78CC,新東段,.00,都市：住
RPXNMLMKMHOFFKD96CC,永信段,.00,都市：住
RPSNMLMKMHOFFKD09CC,永和段,.00,都市：商
RPTNMLMKMHOFFAD18CC,金華段,.00,都市：商
RPSOMLMKMHOFFAD18CC,公園段,.00,都市：商
RPWNMLMKMHOFFAD48CC,金華段,.00,都市：商
RPQNMLOKMHOFFKD09CC,兵北段,.00,都市：住
RPOPMLTJMHOFFHD56CC,南港段,178.95,都市：住
RPPNMLOKMHOFFKD98CC,兵南段,.00,都市：住
RPQPMLPKMHOFFKD76CC,兵北段,.00,都市：住
RPSPMLPKMHOFFKD96CC,六甲頂段,5.34,都市：住
RPSPMLPKMHOFFKD96CC,六甲頂段,3.98,都市：住
RPSPMLPKMHOFFKD96CC,六甲頂段,10.68,都市：住
RPRNMLPKMHOFFGD98DC,東興段,1294.94,都市：農
RPPNMLNKMHOFFAD87CC,青年段,2.19,都市：商
RPPNMLNKMHOFFAD87CC,青年段,5.15,都市：商
RPPNMLNKMHOFFAD87CC,青年段,.20,都市：商
RPSNMLPKMHOFFCD58CC,自由段,81.41,都市：住
RPSOMLPKMHOFFCD68CC,東寧段,.00,都市：住
RPSNMLQKMHOFFBD58CC,安中段,92.48,都市：住
RPUNMLPKMHOFFHD66CC,善新段,.00,都市：住
RPROMLMKMHOFFHD78CC,南港段,93.47,非都市： ; 非都市編定：
RPOOMLQKMHOFFID98CC,武東段,.00,非都市： ; 非都市編定：
RPROMLPKMHOFFCD58CC,仁和段,.00,都市：住
RPOOMLQKMHOFFCD38CC,光明段,.00,都市：住
RPVOMLQKMHOFFCD09CC,竹篙厝段,.00,都市：住
RPXPMLQKMHOFFKD57CC,南新段,.00,都市：住
RPVPMLQKMHOFFKD37CC,永信段,.00,都市：住
RPSRMLQKMHOFFKD27CC,大灣段,.00,非都市： ; 非都市編定：
RPSNMLQKMHOFFAD48CC,公園段,13.81,都市：商
RPUNMLQKMHOFFAD68CC,立人段,7.53,都市：住
RPUNMLQKMHOFFAD68CC,立人段,.98,都市：商
RPRNMLQKMHOFFAD38CC,金華段,.00,非都市： ; 非都市編定：
RPSOMLSKMHOFFKD17CC,六甲頂段,.00,非都市： ; 非都市編定：
RPTOMLSKMHOFFAD88CC,立人段,.00,非都市： ; 非都市編定：
RPTOMLSKMHOFFAD88CC,立人段,.00,非都市： ; 非都市編定：
RPPNMLLLMHOFFCD97CC,東安段,.00,都市：商
RPPNMLLLMHOFFCD97CC,東安段,.00,都市：商
RPRNMLSKMHOFFHD66CC,大成段,.00,都市：農
RPPNMLSKMHOFFDD68CC,果毅後段,219.00,非都市：鄉村區 ; 非都市編定：乙種建築用地
RPPNMLLLMHOFFKD78CC,永興段,.00,都市：住
RPSNMLTKMHOFFKD17CC,忠孝段,.00,都市：住
RPQNMLKLMHOFFAD77CC,府前段,31.21,都市：商
RPQNMLKLMHOFFAD77CC,府前段,1.30,都市：商
RPQNMLKLMHOFFAD77CC,府前段,31.53,都市：商
RPQNMLKLMHOFFAD77CC,府前段,6.92,都市：商
RPQNMLKLMHOFFAD77CC,府前段,13.77,都市：商
RPQNMLKLMHOFFAD77CC,府前段,14.86,都市：商
RPQNMLKLMHOFFAD77CC,府前段,22.52,都市：商
RPQNMLKLMHOFFAD77CC,府前段,79.63,都市：商
RPROMLMLMHOFFCD48DC,光明段,159.00,都市：住
RPSOMLMLMHOFFCD58DC,光明段,159.00,都市：住
RPQOMLMLMHOFFCD28CC,富農段,.00,都市：住
RPOPMLMLMHOFFCD28DC,竹篙厝段,17.97,都市：商
RPTOMLMLMHOFFCD58CC,育樂段,41.26,都市：住
RPWNMLTKMHOFFAD56CC,五條港段,.00,都市：商
RPVNMLTKMHOFFAD09CC,公園段,.00,非都市： ; 非都市編定：
RPXNMLTKMHOFFAD66CC,金華段,.00,非都市： ; 非都市編定：
RPVOMLMLMHOFFCD78CC,竹篙厝段,.00,都市：住
RPVOMLMLMHOFFCD78CC,竹篙厝段,.00,都市：住
RPPPMLMLMHOFFCD28CC,光華段,.00,都市：商
RPRNMLMLMHOFFAD08CC,南門段,.00,都市：商
RPRPMLMLMHOFFAD28CC,延平段,.00,都市：住
RPRPMLMLMHOFFAD28CC,延平段,.00,都市：住
RPUPMLMLMHOFFAD58CC,金華段,.00,都市：住
RPSOMLMLMHOFFAD28CC,立人段,.00,都市：住
RPXPMLNLMHOFFAD98CC,銀同段,.00,非都市： ; 非都市編定：
RPVPMLNLMHOFFAD78CC,普濟段,.00,非都市： ; 非都市編定：
RPVOMLMLMHOFFKD96CC,三村段,.00,都市：住
RPWNMLMLMHOFFKD96CC,六合段,.00,都市：住
RPQQMLNLMHOFFAD38CC,府前段,.00,都市：商
RPQQMLNLMHOFFAD38CC,府前段,.00,都市：商
RPUNMLOLMHOFFCD78CC,竹篙厝段,85.09,都市：住
RPVNMLOLMHOFFCD88CC,竹篙厝段,85.09,都市：住
RPSNMLOLMHOFFCD58CC,仁和段,.00,都市：住
RPROMLNLMHOFFCD48CC,大同段,.00,非都市： ; 非都市編定：
RPPNMLOLMHOFFHD78CC,大榮段,63.00,非都市： ; 非都市編定：
RPTNMLMLMHOFFAD28CC,金華段,.00,非都市： ; 非都市編定：
RPQNMLOLMHOFFHD88CC,胡厝寮段,25.90,都市：住
RPQNMLOLMHOFFHD88CC,胡厝寮段,2.74,都市：住
RPQOMLOLMHOFFKD66CC,兵南段,.00,都市：商
RPQOMLPLMHOFFKD76CC,六合段,111.84,都市：住
RPUNMLPLMHOFFDD98CC,新營段,257.00,都市：住
RPTNMLPLMHOFFCD78CC,竹篙厝段,.00,都市：商
RPPOMLPLMHOFFCD48CC,東寧段,.00,都市：住
RPRNMLQLMHOFFCD68CC,竹篙厝段,.00,都市：住
RPSOMLPLMHOFFCD78CC,大忠段,.00,都市：住
RPSOMLPLMHOFFCD78CC,大忠段,.00,都市：住
RPQNMLQLMHOFFCD58CC,東安段,.00,都市：住
RPTNMLQLMHOFFCD88CC,光明段,.00,都市：住
RPUOMLPLMHOFFKD17CC,六甲頂段,12.28,都市：住
RPVOMLPLMHOFFKD27CC,兵南段,6.03,都市：住
RPPQMLPLMHOFFKD86CC,永和段,.00,都市：其他
RPTOMLQLMHOFFCD98CC,大同段,16.41,都市：商
RPTOMLQLMHOFFCD98CC,大同段,1.22,都市：商
RPUNMLQLMHOFFCD98CC,新東段,.00,都市：住
RPVOMLQLMHOFFCD56CC,公英段,83.00,都市：住
RPWNMLQLMHOFFHD07CC,南港段,93.47,非都市： ; 非都市編定：
RPTPMLQLMHOFFCD09CC,新東段,.00,都市：住
RPWOMLOLMHOFFAD88CC,新南段,.00,都市：商
RPPOMLPLMHOFFAD28CC,金華段,.00,都市：住
RPTOMLTLMHOFFCD66CC,竹篙厝段,.00,都市：住
RPSNMLTLMHOFFHD96CC,善昌段,66.13,都市：住
RPSOMLTLMHOFFBD09CC,溪東段,.00,非都市： ; 非都市編定：
RPUOMLTLMHOFFCD76CC,竹篙厝段,.00,都市：住
RPUOMLTLMHOFFCD76CC,竹篙厝段,.00,都市：住
RPRPMLTLMHOFFCD56CC,竹篙厝段,.00,都市：住
RPRPMLTLMHOFFCD56CC,竹篙厝段,.00,都市：住
RPTQMLTLMHOFFCD86CC,虎尾寮段,.00,都市：住
RPUNMLTLMHOFFHD17CC,大榮段,93.79,都市：商
RPUNMLTLMHOFFHD17CC,大榮段,127.72,都市：商
RPQNMLTLMHOFFKD07CC,蜈蜞潭段,.00,都市：住
RPXNMLTLMHOFFAD76CC,開元段,.00,都市：商
RPXOMLTLMHOFFAD86CC,開元段,.00,都市：商
RPVOMLTLMHOFFAD66CC,開元段,.00,都市：商
RPOPMLTLMHOFFAD68CC,郡王祠段,37.05,都市：住
RPTNMLTLMHOFFKD37CC,五王段,.00,都市：住
RPXOMLTLMHOFFKD87CC,永和段,.00,都市：其他
RPQPMLTLMHOFFAD88CC,南門段,.00,都市：住
RPTOMLTLMHOFFKD47CC,仁愛段,.66,都市：住
RPTOMLTLMHOFFKD47CC,仁愛段,4.19,都市：住
RPTOMLTLMHOFFKD47CC,仁愛段,2.64,都市：住
RPWOMLTLMHOFFKD77CC,南新段,.00,都市：住
RPWOMLTLMHOFFKD77CC,南新段,.00,都市：住
RPWOMLTLMHOFFKD77CC,南新段,.00,都市：住
RPWOMLTLMHOFFKD77CC,南新段,.00,都市：住
RPPPMLTLMHOFFAD78CC,金華段,3.44,都市：住
RPXPMLKMMHOFFCD98CC,鹽埕段,.00,都市：住
RPSOMLKMMHOFFID98CC,媽祖廟段三小段,247.00,非都市：鄉村區 ; 非都市編定：乙種建築用地
RPWQMLKMMHOFFGD86DC,佳里段,72.00,都市：商
RPTOMLKMMHOFFHD98CC,光文段,122.19,非都市： ; 非都市編定：
RPTOMLKMMHOFFBD38CC,溪墘段,.00,非都市： ; 非都市編定：
RPTOMLKMMHOFFHD98CC,光文段,120.43,非都市： ; 非都市編定：
RPOOMLMJNHOFFID58CC,媽祖廟段三小段,.00,非都市：特定農業區 ; 非都市編定：農牧用地
RPQPMLMJNHOFFAD08CC,康祥段,.00,都市：住
RPOOMLMJNHOFFAD77CC,保西段,91.50,都市：商
RPPNMLLJNHOFFAD67CC,金華段,4.43,都市：商
RPPOMLMJNHOFFAD87CC,金華段,21.33,都市：住
RPXNMLMJNHOFFCD78CC,光明段,.00,都市：住
RPXNMLMJNHOFFCD78CC,光明段,.00,都市：住
RPTOMLMJNHOFFGD98DC,六安段,917.55,都市：住
RPWPMLMJNHOFFHD76CC,德興段,90.65,非都市：鄉村區 ; 非都市編定：乙種建築用地
RPRPMLMJNHOFFHD88CC,圳西段,.00,非都市：特定農業區 ; 非都市編定：甲種建築用地
RPQNMLMJNHOFFKD88CC,蜈蜞潭段,117.00,都市：住
RPSNMLMJNHOFFKD09CC,大灣段,80.00,都市：商
RPUOMLMJNHOFFKD76CC,頂東段,82.20,都市：工
RPPOMLMJNHOFFKD88CC,五王段,.00,都市：住
RPVNMLMJNHOFFKD76CC,六合段,.00,都市：住
RPVNMLMJNHOFFKD76CC,六合段,.00,都市：住
RPOOMLMJNHOFFKD78CC,六合段,.00,都市：住
RPWNMLMJNHOFFKD86CC,鹽中段,.00,都市：住
RPUNMLMJNHOFFKD66CC,永和段,.00,都市：商
RPXNMLMJNHOFFKD96CC,六甲頂段,.00,都市：住
RPTNMLNJNHOFFKD66CC,頂安段,.00,都市：住
RPUNMLNJNHOFFKD76CC,頂南段,.00,都市：住
RPVNMLNJNHOFFKD86CC,六甲頂段,.00,都市：住
RPOOMLNJNHOFFCD08CC,竹篙厝段,.00,都市：住
RPOOMLNJNHOFFCD08CC,竹篙厝段,.00,都市：住
RPQOMLNJNHOFFCD28CC,光華段,.00,都市：住
RPSOMLNJNHOFFCD48CC,光明段,.00,都市：住
RPSOMLNJNHOFFCD48CC,光明段,.00,都市：住
RPSOMLNJNHOFFCD48CC,光明段,.00,都市：住
RPOPMLNJNHOFFCD18CC,光明段,.00,都市：住
RPPPMLNJNHOFFCD28CC,虎尾寮段,.00,都市：住
RPUOMLNJNHOFFHD56CC,胡厝寮段,23.70,都市：住
RPPNMLPJNHOFFCD28CC,竹篙厝段,27.92,都市：住
RPOOMLQJNHOFFCD38CC,光明段,.00,都市：住
RPWOMLQJNHOFFCD56CC,裕東段,141.95,都市：住
RPWOMLQJNHOFFCD56CC,裕東段,78.02,都市：住
RPXNMLNJNHOFFAD68CC,立人段,.00,都市：住
RPXNMLNJNHOFFAD68CC,立人段,.00,都市：商
RPUNMLNJNHOFFAD38CC,北元段,.00,都市：住
RPSNMLNJNHOFFAD18CC,正興段,.00,都市：商
RPQOMLQJNHOFFAD38CC,郡王祠段,.00,都市：商
RPQOMLQJNHOFFAD38CC,郡王祠段,.00,都市：商
RPRNMLNJNHOFFAD08CC,華興段,.00,都市：住
RPWNMLNJNHOFFAD58CC,金華段,.00,都市：商
RPSOMLNJNHOFFAD28CC,新南段,.00,非都市： ; 非都市編定：
RPSOMLRJNHOFFAD68CC,頂美段,37.49,都市：住
RPSQMLQJNHOFFAD78CC,金城段,107.00,都市：住
RPUNMLQJNHOFFAD68CC,府前段,.00,都市：商
RPXOMLRJNHOFFAD56CC,廣慈段,38.40,都市：商
RPXOMLRJNHOFFAD56CC,廣慈段,14.22,都市：商
RPSNMLSJNHOFFCD88CC,路東段,.00,非都市： ; 非都市編定：
RPTNMLSJNHOFFCD98CC,竹篙厝段,.00,都市：住
RPRNMLSJNHOFFKD96CC,兵南段,.00,都市：住
RPOOMLSJNHOFFCD58CC,新東段,.00,都市：住
RPWNMLTJNHOFFCD76CC,公英段,.00,都市：住
RPSNMLTJNHOFFDD09CC,民治段,20.06,都市：住
RPVOMLRJNHOFFAD98CC,北元段,35.79,都市：住
RPUNMLSJNHOFFAD88CC,金城段,16.37,都市：商
RPTNMLKKNHOFFDD38CC,新生段,16.09,都市：住
RPSOMLSJNHOFFAD78CC,漁光段,.00,非都市： ; 非都市編定：
RPTOMLTJNHOFFAD98CC,金華段,.00,都市：商
RPXNMLSJNHOFFAD56CC,金華段,.00,非都市： ; 非都市編定：
