﻿編號,土地區段位置,土地移轉面積平方公尺,使用分區或編定
The serial number,land sector position,land shifting area square meter,the use zoning or compiles and checks
RPUNMLLKKHOFFBE18CC,五權段,23.47,都市：商
RPUOMLLKKHOFFEE58CC,新庄段五小段,19.05,都市：住
RPRPMLLKKHOFFEE38CC,新庄段十二小段,10.52,都市：住
RPTPMLLKKHOFFEE58CC,新福段九小段,16.19,都市：商
RPOOMLLKKHOFFAE57CC,博孝段,7.60,都市：商
RPWOMLLKKHOFFEE78CC,新庄段十三小段,6.70,都市：商
RPQOMLLKKHOFFAE77CC,北金段,15.57,都市：住
RPTOMLLKKHOFFAE08CC,龍華段四小段,.00,都市：住
RPWNMLLKKHOFFAE28CC,府北段五小段,13.66,都市：商
RPSOMLLKKHOFFEE38CC,新庄段三小段,.00,都市：住
RPTOMLLKKHOFFGE68CC,文英段,24.19,都市：住
RPWNMLMKKHOFFBE48CC,五塊厝段,.00,都市：商
RPROMLMKKHOFFFE48CC,大全段,147.00,都市：商
RPQNMLLKKHOFFFE28DC,典寶段,99.71,非都市：一般農業區 ; 非都市編定：甲種建築用地
RPWNMLMKKHOFFDE68CC,大港段三小段,84.00,都市：住
RPQOMLMKKHOFFDE18CC,大港段六小段,.00,都市：其他
RPUOMLMKKHOFFDE68DC,覆鼎金段覆鼎金一小段,18.44,都市：住
RPPOMLMKKHOFFDE08CC,灣復段,.00,都市：商
RPTOMLMKKHOFFDE48CC,獅頭段,.00,都市：商
RPSNMLLKKHOFFJE78CC,天福段,495.87,都市：工
RPQOMLMKKHOFFIE68CC,仁雄段,155.28,都市：住
RPOOMLMKKHOFFAE67CC,北金段,.00,都市：商
RPXNMLMKKHOFFAE48CC,內惟段二小段,129.00,都市：住
RPPOMLMKKHOFFAE77CC,龍華段三小段,76.00,都市：住
RPPOMLNKKHOFFAE87CC,博孝段,72.00,都市：商
RPOOMLNKKHOFFAE77CC,博孝段,72.00,都市：商
RPROMLNKKHOFFAE08CC,博孝段,71.00,都市：商
RPSNMLNKKHOFFAE08CC,興福段,.00,都市：住
RPTNMLNKKHOFFAE18CC,前金段,.00,都市：商
RPQOMLNKKHOFFAE97CC,博孝段,71.00,都市：商
RPOOMLNKKHOFFBE87CC,意誠段,.00,都市：商
RPXNMLNKKHOFFBE68CC,意誠段,.00,都市：商
RPSNMLNKKHOFFDE38CC,澄清段二小段,.00,都市：住
RPVNMLNKKHOFFDE68CC,覆鼎金段覆鼎金一小段,.00,都市：住
RPOPMLNKKHOFFEE28CC,清楠段,.00,都市：住
RPTPMLNKKHOFFEE78CC,楠梓段五小段,.00,都市：住
RPTNMLNKKHOFFBE28CC,意誠段,.00,都市：商
RPUNMLNKKHOFFBE38CC,苓東段,13.29,都市：商
RPQOMLNKKHOFFBE08CC,新興段二小段,.00,都市：商
RPVNMLNKKHOFFBE48CC,正憲段,.00,都市：商
RPPNMLNKKHOFFBE87CC,成功段,3.12,都市：商
RPROMLNKKHOFFBE18CC,新興段二小段,.00,都市：商
RPWNMLNKKHOFFIE66CC,北屋段,.00,都市：住
RPSNMLOKKHOFFIE98CC,灣勢段,1924.68,都市：農
RPOOMLOKKHOFFGE48CC,牛潮埔段,26.04,都市：住
RPTNMLOKKHOFFIE09CC,鳳松段,.00,都市：住
RPVNMLOKKHOFFIE66CC,竹園段,161.00,都市：工
RPVNMLOKKHOFFIE66CC,竹園段,20.00,都市：工
RPQNMLOKKHOFFAE08DC,青海段,15.23,都市：住
RPUNMLOKKHOFFEE78CC,新福段七小段,15.15,都市：住
RPSPMLOKKHOFFEE78CC,藍田東段,24.79,都市：住
RPOPMLOKKHOFFEE38CC,新庄段二小段,.00,都市：住
RPPPMLOKKHOFFEE48CC,新庄段二小段,.00,都市：住
RPUPMLOKKHOFFEE98CC,福山段,.00,都市：商
RPVPMLOKKHOFFEE09CC,後勁段二小段,389.00,都市：商
RPSNMLOKKHOFFDE48CC,建興段,25.82,都市：商
RPSNMLOKKHOFFDE48CC,建興段,9.86,都市：商
RPWPMLOKKHOFFEE56CC,新庄段八小段,474.00,都市：住
RPROMLOKKHOFFDE48CC,大港段四小段,.00,都市：住
RPQOMLOKKHOFFDE38CC,凱歌段,.00,都市：住
RPSOMLOKKHOFFDE58CC,獅頭段,.00,都市：商
RPVOMLOKKHOFFDE88CC,建興段,61.00,都市：商
RPVOMLOKKHOFFDE88CC,建興段,203.00,都市：商
RPWNMLOKKHOFFBE68CC,意誠段,.00,都市：商
RPPNMLOKKHOFFBE97CC,過田子段,10.13,都市：商
RPXNMLOKKHOFFBE78CC,苓洲段,18.50,都市：商
RPPOMLOKKHOFFBE08CC,苓雅寮段,4.93,都市：商
RPVNMLNKKHOFFCE58CC,愛群段,.00,都市：商
RPXNMLNKKHOFFCE78CC,愛群段,26.11,都市：商
RPQOMLOKKHOFFAE08CC,前金段,5.90,都市：商
RPROMLOKKHOFFBE28CC,新興段一小段,.00,都市：商
RPTOMLOKKHOFFAE38CC,府北段五小段,2.16,都市：商
RPOPMLPKKHOFFAE08CC,青海段,6.08,都市：商
RPOOMLOKKHOFFCE08CC,盛興段,14.50,都市：住
RPQNMLPKKHOFFAE08CC,龍華段八小段,16.16,都市：商
RPOPMLOKKHOFFCE18CC,憲德段二小段,12.24,都市：商
RPSNMLPKKHOFFAE28CC,前金段,5.71,都市：商
RPPPMLPKKHOFFAE18CC,龍中段,18.59,都市：商
RPUNMLOKKHOFFCE58CC,憲德段二小段,12.74,都市：商
RPQOMLOKKHOFFCE28CC,盛興段,14.50,都市：住
RPSPMLPKKHOFFAE48CC,前金段,.00,都市：商
RPTPMLPKKHOFFAE58CC,前金段,1.77,都市：商
RPTPMLPKKHOFFAE58CC,前金段,2.88,都市：商
RPOQMLPKKHOFFAE18CC,龍中段,.00,都市：住
RPTOMLPKKHOFFDE78CC,大港段四小段,71.00,都市：住
RPRUMLPKKHOFFEE66CC,新庄段八小段,5.55,都市：住
RPQNMLPKKHOFFEE48CC,新庄段十三小段,5.08,都市：商
RPQNMLPKKHOFFEE48CC,新庄段十三小段,9.49,都市：商
RPTUMLPKKHOFFEE86CC,藍田西段,.00,都市：住
RPRPMLPKKHOFFBE48CC,過田子段,.00,都市：商
RPWNMLPKKHOFFGE66CC,道爺段,62.00,都市：商
RPRNMLPKKHOFFGE78CC,五甲段,29.22,都市：住
RPPNMLPKKHOFFBE08CC,苓洲段,5.36,都市：商
RPSNMLPKKHOFFBE38CC,過田子段,63.25,都市：商
RPSOMLPKKHOFFGE98CC,埤頂段,45.21,都市：住
RPUNMLPKKHOFFBE58CC,林德官段,11.08,都市：商
RPUNMLPKKHOFFBE58CC,林德官段,.16,都市：商
RPQQMLPKKHOFFBE48CC,新興段二小段,6.49,都市：商
RPTPMLPKKHOFFBE68CC,過田子段,.00,都市：商
RPQNMLPKKHOFFBE18CC,過田子段,.00,都市：商
RPPOMLPKKHOFFCE28CC,憲德段二小段,.00,都市：商
RPRNMLSKKHOFFDE78CC,澄東段,19.52,都市：住
RPSQMLSKKHOFFBE98CC,新興段二小段,2.37,都市：商
RPQPMLSKKHOFFAE58CC,龍水段一小段,9.59,都市：住
RPSNMLSKKHOFFAE58CC,龍華段八小段,.00,都市：商
RPRPMLSKKHOFFAE68CC,青海段,8.00,都市：住
RPQNMLSKKHOFFIE56CC,神農段,1519.34,都市：住
RPUNMLTKKHOFFJE17CC,天福段,148.76,都市：工
RPSNMLSKKHOFFEE98CC,新庄段三小段,.00,都市：住
RPSNMLSKKHOFFEE98CC,新庄段三小段,.00,都市：住
RPOQMLSKKHOFFEE88CC,新光段,6.61,都市：商
RPQNMLQKKHOFFEE58CC,新庄段十二小段,270.00,都市：住
RPSNMLQKKHOFFEE78CC,新庄段十三小段,1727.00,都市：商
RPQNMLTKKHOFFAE48CC,龍中段,.00,都市：住
RPPNMLTKKHOFFAE38CC,龍中段,.00,都市：住
RPWOMLTKKHOFFAE56CC,青海段,15.98,都市：住
RPRNMLTKKHOFFAE58CC,青海段,.00,都市：住
RPSNMLTKKHOFFBE78CC,新興段一小段,.00,都市：商
RPOOMLTKKHOFFBE48CC,意誠段,31.00,都市：商
RPXNMLTKKHOFFBE66CC,大統段二小段,70.00,都市：商
RPROMLTKKHOFFDE98CC,大順段,.00,都市：住
RPOOMLTKKHOFFDE68CC,獅頭段一小段,.00,都市：住
RPOOMLTKKHOFFDE68CC,澄義段,.00,都市：住
RPOPMLTKKHOFFAE48CC,龍華段八小段,8.09,都市：商
RPSNMLTKKHOFFCE88CC,店鎮段一小段,.00,都市：商
RPPNMLTKKHOFFCE58CC,獅甲段,83.00,都市：住
RPUNMLKLKHOFFBE18CC,林德官段,.00,都市：商
RPUNMLKLKHOFFBE18CC,林德官段,.00,都市：住
RPTNMLKLKHOFFEE38CC,新庄段六小段,99.00,都市：住
RPOOMLTKKHOFFEE78CC,新庄段十三小段,6.89,都市：商
RPVNMLKLKHOFFEE58CC,新庄段六小段,99.00,都市：住
RPQOMLTKKHOFFEE98CC,福山段,10.30,都市：商
RPPOMLTKKHOFFEE88CC,新庄段十三小段,8.67,都市：商
RPVNMLKLKHOFFBE28CC,意誠段,.00,都市：商
RPQNMLKLKHOFFDE97CC,灣興段,.00,都市：住
RPXNMLKLKHOFFBE48CC,意誠段,.00,都市：商
RPVNMLKLKHOFFAE18CC,內惟段一小段,38.80,都市：住
RPRNMLKLKHOFFAE77CC,前金段,3.02,都市：商
RPUOMLKLKHOFFCE38CC,光華段,.00,都市：其他
RPQPMLKLKHOFFCE08CC,瑞南段一小段,76.22,都市：住
RPOPMLKLKHOFFCE87CC,瑞南段一小段,76.22,都市：住
RPXPMLKLKHOFFCE78CC,獅甲段二小段,23.10,都市：住
RPXOMLKLKHOFFCE68CC,瑞崗段一小段,44.00,都市：住
RPSNMLKLKHOFFGE48CC,鳳山段草店尾小段,8.36,都市：商
RPPNMLKLKHOFFGE18CC,文英段,8.08,都市：住
RPROMLLLKHOFFGE58CC,五甲段,739.00,都市：住
RPVNMLKLKHOFFGE78CC,華鳳段,18.75,都市：住
RPTNMLKLKHOFFGE58CC,華英段,90.95,都市：住
RPUNMLKLKHOFFIE88CC,澄德段,30.63,都市：商
RPRNMLKLKHOFFIE58CC,圓山段,152.00,都市：住
RPRNMLLLKHOFFGE48CC,鳳甲段,19.22,都市：商
RPUNMLLLKHOFFFE68CC,新莊段,110.65,非都市：鄉村區 ; 非都市編定：乙種建築用地
RPTPMLLLKHOFFGE88CC,鳳甲段,4179.94,都市：住
RPRNMLLLKHOFFCE08CC,仁愛段,77.00,都市：住
RPRNMLLLKHOFFCE08CC,仁愛段,46.00,都市：住
RPUOMLLLKHOFFCE48CC,瑞隆段二小段,139.00,都市：商
RPPPMLLLKHOFFCE08CC,愛群段,14.57,都市：商
RPUPMLLLKHOFFCE58CC,愛群段,7.30,都市：商
RPVPMLLLKHOFFCE68CC,獅甲段二小段,.00,都市：住
RPPOMLLLKHOFFAE77CC,青海段,15.57,都市：住
RPVNMLLLKHOFFAE28CC,前金段,10.50,都市：商
RPUOMLLLKHOFFAE28CC,前金段,6.43,都市：商
RPPPMLLLKHOFFAE87CC,龍中段,.00,都市：住
RPQPMLLLKHOFFAE97CC,青海段,.00,都市：住
RPSNMLLLKHOFFDE28CC,建豐段,1.31,都市：商
RPSNMLLLKHOFFDE28CC,建豐段,6.78,都市：商
RPUPMLLLKHOFFEE78CC,新庄段十三小段,.00,都市：商
RPVPMLLLKHOFFEE88CC,右昌段六小段,.00,都市：住
RPPOMLMLKHOFFCE08CC,盛興段,.00,都市：住
RPUPMLMLKHOFFCE68CC,獅甲段,12.99,都市：商
RPQNMLNLKHOFFGE58CC,文英段,21.81,都市：住
RPQOMLNLKHOFFAE08CC,龍中段,44.81,都市：住
RPPNMLOLKHOFFDE28CC,灣子內段寶珠溝小段,40.60,都市：商
RPTOMLNLKHOFFGE98CC,五甲段,125.58,都市：住
RPOOMLPLKHOFFAE08CC,龍華段八小段,.00,都市：商
RPQNMLPLKHOFFAE18CC,龍華段八小段,.00,都市：商
RPOQMLMLKHOFFEE38CC,右昌段一小段,13.91,都市：住
RPOOMLMLKHOFFEE18CC,新庄段八小段,.00,非都市： ; 非都市編定：
RPOOMLMLKHOFFEE18CC,新庄段八小段,.00,非都市： ; 非都市編定：
RPXOMLLLKHOFFBE68CC,五塊厝段,.00,都市：商
RPOOMLMLKHOFFEE18CC,新庄段八小段,.00,非都市： ; 非都市編定：
RPOOMLMLKHOFFEE18CC,新庄段八小段,.00,非都市： ; 非都市編定：
RPPOMLPLKHOFFEE58CC,新民段,17.32,都市：住
RPVOMLPLKHOFFEE56CC,新庄段十四小段,24.67,都市：住
RPPOMLPLKHOFFCE38CC,愛群段,37.95,都市：商
RPUNMLPLKHOFFCE78CC,愛群段,.00,都市：商
RPROMLPLKHOFFCE58CC,愛群段,25.30,都市：商
RPPNMLPLKHOFFJE98CC,大同段,2304.08,都市：工
RPSNMLQLKHOFFJE76CC,大湖段,300.00,都市：農
RPRNMLPLKHOFFBE38CC,大統段一小段,62.00,都市：商
RPWNMLPLKHOFFBE88CC,意誠段,.00,都市：商
RPXNMLPLKHOFFBE98CC,意誠段,.00,都市：商
RPSOMLPLKHOFFBE58CC,意誠段,5.42,都市：商
RPQOMLPLKHOFFBE38CC,大統段一小段,.00,非都市： ; 非都市編定：
RPUNMLPLKHOFFBE68CC,意誠段,.00,都市：商
RPROMLPLKHOFFBE48CC,苓西段,.00,都市：商
RPRQMLQLKHOFFCE88CC,憲德段二小段,8.44,都市：商
RPRRMLQLKHOFFCE98CC,店鎮段二小段,9.10,都市：住
RPQOMLQLKHOFFBE58DC,林聖段,241.00,都市：住
RPTOMLQLKHOFFBE78CC,林德官段四小段,.00,都市：商
RPTOMLQLKHOFFAE68CC,青海段,24.00,都市：住
RPQOMLQLKHOFFAE38CC,大榮段,3.00,都市：商
RPQOMLQLKHOFFAE38CC,大榮段,22.00,都市：其他
RPQOMLQLKHOFFAE38CC,大榮段,141.00,都市：商
RPQOMLQLKHOFFAE38CC,大榮段,15.00,都市：其他
RPROMLQLKHOFFAE48CC,青海段,30.05,都市：住
RPXOMLQLKHOFFAE09CC,龍華段八小段,.00,都市：商
RPSPMLQLKHOFFGE66CC,新庄子段,.00,都市：住
RPWOMLQLKHOFFGE96CC,七老爺段,79.23,都市：住
RPOPMLQLKHOFFAE28CC,龍北段,28.67,都市：住
RPWPMLQLKHOFFAE09CC,龍中段,.00,都市：住
RPTQMLQLKHOFFEE66CC,新庄段十三小段,.00,都市：商
RPTQMLQLKHOFFEE66CC,新庄段十三小段,.00,都市：商
RPXNMLRLKHOFFAE09CC,龍中段,21.68,都市：住
RPUQMLQLKHOFFEE76CC,新庄段十三小段,.00,都市：商
RPUQMLQLKHOFFEE76CC,新庄段十三小段,.00,都市：商
RPTOMLRLKHOFFEE56CC,新福段七小段,.00,都市：住
RPQSMLQLKHOFFEE56CC,新庄段七小段,32.73,都市：住
RPTNMLQLKHOFFEE98CC,新庄段六小段,18.26,都市：住
RPPOMLRLKHOFFAE38CC,前金段,6.43,都市：商
RPRNMLRLKHOFFDE78CC,三塊厝段,78.00,都市：住
RPRNMLRLKHOFFDE78CC,三塊厝段,54.00,都市：住
RPXNMLRLKHOFFDE76CC,德北段,9.44,都市：住
RPVOMLRLKHOFFDE66CC,灣復段,.02,都市：商
RPVOMLRLKHOFFDE66CC,灣復段,.01,都市：商
RPVOMLRLKHOFFDE66CC,灣復段,.04,都市：商
RPVOMLRLKHOFFDE66CC,灣復段,12.03,都市：商
RPRNMLPLKHOFFLE76CC,翁公園段,108.00,都市：住
RPSNMLRLKHOFFBE68CC,意誠段,.00,都市：商
RPXNMLRLKHOFFBE56CC,林德官段一小段,13.16,都市：商
RPPNMLRLKHOFFBE38CC,林德官段,78.00,都市：商
RPUNMLRLKHOFFBE88CC,衛武段,26.77,都市：住
RPVOMLRLKHOFFGE96CC,竹子腳段,76.00,都市：住
RPPOMLRLKHOFFBE48CC,新興段二小段,20.52,都市：商
RPPOMLRLKHOFFIE56CC,八德段,1035.66,都市：住
RPOOMLRLKHOFFGE88CC,赤山段,118.00,都市：商
RPPNMLLJLHOFFLE68CC,山子頂段,3113.00,都市：農
RPPNMLLJLHOFFGE18CC,赤山段,16.39,都市：住
RPQNMLLJLHOFFGE28CC,竹子腳段,22.78,都市：住
RPPNMLLJLHOFFCE77CC,憲德段二小段,9.79,都市：商
RPRNMLLJLHOFFGE38CC,道爺段,.00,都市：住
RPVNMLLJLHOFFGE78CC,竹子腳段,.00,都市：住
RPTNMLLJLHOFFGE58CC,道爺段,.00,都市：住
RPPNMLLJLHOFFDE87CC,覆鼎金段覆鼎金小段,58.77,都市：住
RPQNMLLJLHOFFDE97CC,三塊厝段一小段,3.44,都市：商
RPQNMLLJLHOFFCE87CC,草衙段一小段,.00,都市：商
RPPNMLNJLHOFFBE87CC,新興段一小段,9.59,都市：商
RPSOMLOJLHOFFEE68CC,菜公段二小段,925.61,都市：住
RPROMLOJLHOFFBE28CC,新興段二小段,82.00,都市：商
RPTNMLOJLHOFFBE38CC,過田子段,.00,都市：商
RPSNMLOJLHOFFBE28CC,新興段四小段,.00,都市：商
RPSNMLOJLHOFFBE28CC,新興段四小段,.00,都市：商
RPVNMLOJLHOFFBE58CC,大統段二小段,.00,都市：商
RPSNMLLJLHOFFEE28CC,新庄段十三小段,63.00,都市：住
RPVNMLOJLHOFFAE48CC,龍中段,19.73,都市：商
RPOOMLOJLHOFFAE87CC,龍中段,20.44,都市：商
RPWOMLOJLHOFFEE09CC,新福段七小段,11.08,都市：住
RPTNMLOJLHOFFGE88CC,曹公段,519.74,都市：農
RPXOMLOJLHOFFEE56CC,新庄段十三小段,8.67,都市：商
RPOPMLOJLHOFFEE38CC,新光段,11.64,都市：住
RPSOMLOJLHOFFDE58CC,三塊厝段,8.30,都市：住
RPUOMLOJLHOFFCE68CC,愛群段,62.40,都市：商
RPRNMLOJLHOFFGE68CC,鳳甲段,21.73,都市：住
RPRNMLOJLHOFFGE68CC,鳳甲段,21.73,都市：住
RPTOMLOJLHOFFEE88DC,新庄段十二小段,22.41,都市：商
RPTNMLPJLHOFFGE98CC,道爺段,.00,都市：住
RPXOMLPJLHOFFGE86CC,華鳳段,.00,都市：住
RPRNMLPJLHOFFCE38CC,瑞隆段二小段,6178.00,都市：住
RPRNMLPJLHOFFCE38CC,瑞隆段二小段,2275.00,都市：住
RPTNMLPJLHOFFFE88CC,岡山段,23.04,都市：住
RPXNMLPJLHOFFCE98CC,光華段一小段,.00,都市：住
RPRNMLPJLHOFFFE68CC,安西段,426.51,都市：工
RPXNMLPJLHOFFCE98CC,光華段一小段,.00,都市：商
RPTNMLPJLHOFFDE68CC,大港段三小段,72.00,都市：商
RPPNMLPJLHOFFDE28CC,大港段四小段,19.51,都市：商
RPOOMLPJLHOFFDE28CC,獅頭段一小段,9.54,都市：商
RPRPMLPJLHOFFDE68CC,獅頭段,.00,都市：商
RPTPMLPJLHOFFDE88CC,義華段,6.86,都市：商
RPOPMLPJLHOFFEE48CC,菜公段六小段,.00,都市：住
RPUNMLQJLHOFFBE68CC,意誠段,.00,都市：商
RPTOMLPJLHOFFAE48CC,龍中段,.00,都市：商
RPPOMLPJLHOFFAE08CC,龍華段八小段,14.21,都市：商
RPROMLQJLHOFFAE38CC,青海段,12.56,都市：商
RPQOMLQJLHOFFAE28CC,北金段,.00,都市：商
RPOOMLQJLHOFFAE08CC,北金段,.00,都市：商
RPUOMLPJLHOFFAE58CC,龍華段八小段,.00,都市：商
RPQOMLQJLHOFFDE58CC,大港段三小段,169.00,都市：商
RPVOMLQJLHOFFEE56CC,新庄段六小段,9.99,都市：住
RPXNMLQJLHOFFCE09CC,愛群段,.00,都市：商
RPWNMLQJLHOFFCE98CC,愛群段,.00,都市：商
RPTOMLRJLHOFFCE88CC,佛公段,.00,都市：商
RPSNMLQJLHOFFGE98CC,新庄子段,77.00,都市：住
RPWOMLQJLHOFFGE86CC,五甲段,115.00,都市：商
RPROMLQJLHOFFGE98CC,新庄子段,74.00,都市：住
RPWNMLQJLHOFFGE76CC,大樹保安段,64.64,都市：住
RPTOMLQJLHOFFGE56CC,埤頂段,.00,都市：住
RPXOMLQJLHOFFGE96CC,頂庄段,64.43,都市：住
RPTNMLQJLHOFFGE09CC,竹子腳段,71.00,都市：住
RPWOMLRJLHOFFEE76CC,楠園段,73.02,都市：住
RPRQMLRJLHOFFEE09CC,新庄段十二小段,461.00,都市：住
RPXNMLRJLHOFFDE66CC,鼎泰段,61.88,都市：住
RPTOMLRJLHOFFBE78CC,林德官段,.00,都市：商
RPTOMLRJLHOFFBE78CC,林德官段,.00,都市：商
RPQOMLRJLHOFFBE48CC,林德官段,12.03,都市：商
RPRNMLRJLHOFFAE38CC,鼓中段五小段,2.37,都市：商
RPTPMLRJLHOFFBE88CC,新興段四小段,5.47,都市：商
RPVOMLRJLHOFFBE98CC,新興段四小段,.00,都市：商
RPVOMLRJLHOFFBE98CC,新興段四小段,.00,都市：商
RPXOMLRJLHOFFBE56CC,林德官段四小段,74.00,都市：商
RPXOMLRJLHOFFBE56CC,林德官段四小段,75.00,都市：商
RPVOMLSJLHOFFAE98CC,北金段,.00,都市：商
RPXNMLRJLHOFFAE98CC,博孝段,7.43,都市：商
RPRNMLSJLHOFFAE48CC,前金段,15.20,都市：商
RPXOMLSJLHOFFAE56CC,龍華段二小段,.00,都市：住
RPTNMLSJLHOFFBE78CC,林德官段,37.00,都市：商
RPXNMLSJLHOFFDE76CC,鼎泰段,23.60,都市：住
RPSOMLSJLHOFFDE98CC,鼎泰段,.00,都市：住
RPPOMLSJLHOFFGE98CC,新甲段,24.43,都市：住
RPROMLSJLHOFFCE78CC,憲德段二小段,.00,都市：商
RPRNMLSJLHOFFGE09CC,埤頂段,58.00,都市：住
RPVPMLSJLHOFFGE07CC,華鳳段,.00,都市：住
RPXPMLSJLHOFFEE07CC,菜公段三小段,.00,都市：住
RPPNMLSJLHOFFEE68CC,藍田中段,446.00,都市：商
RPPNMLSJLHOFFEE68CC,藍田中段,244.00,都市：商
RPTOMLSJLHOFFGE76CC,牛潮埔段,25.67,都市：住
RPSNMLTJLHOFFGE66CC,五甲段,26.51,都市：住
RPTNMLTJLHOFFGE76CC,道爺段下菜園小段,34.96,都市：住
RPOPMLSJLHOFFEE78CC,新庄段十二小段,203.70,都市：住
RPTNMLSJLHOFFIE86CC,山水段,12.33,都市：商
RPSNMLTJLHOFFCE88CC,光華段,216.00,都市：商
RPQNMLTJLHOFFDE78CC,灣和段,18.83,都市：住
RPPNMLTJLHOFFAE38CC,興仁段,.00,都市：住
RPPNMLTJLHOFFAE38CC,興仁段,.00,都市：住
RPPNMLTJLHOFFAE38CC,興仁段,.00,都市：住
RPPNMLTJLHOFFBE48CC,五權段,120.00,都市：商
RPTNMLLKLHOFFAE08CC,龍華段八小段,11.17,都市：商
RPRNMLTJLHOFFBE68CC,意誠段,4.02,都市：商
RPRNMLTJLHOFFDE88CC,覆鼎金段覆鼎金一小段,.00,都市：住
RPQNMLTJLHOFFAE48CC,興仁段,.00,都市：住
RPQNMLTJLHOFFAE48CC,興仁段,.00,都市：住
RPQNMLTJLHOFFAE48CC,興仁段,.00,都市：住
RPSPMLLKLHOFFBE28CC,大統段二小段,297.00,都市：商
RPROMLLKLHOFFAE97CC,大東段,19.08,都市：商
RPROMLLKLHOFFAE97CC,大東段,.11,都市：商
RPTNMLLKLHOFFBE18CC,新興段二小段,56.00,都市：商
RPSNMLTJLHOFFBE78CC,新興段二小段,.00,都市：商
RPQOMLLKLHOFFGE48CC,新甲段,94.00,都市：工
RPQNMLLKLHOFFDE08CC,中華段一小段,12.46,都市：商
RPRNMLLKLHOFFDE18CC,德北段,8.87,都市：住
RPTOMLLKLHOFFGE78CC,新庄子段,58.00,都市：住
RPRNMLLKLHOFFIE68CC,金鼎段,77.88,都市：住
RPRNMLLKLHOFFLE98CC,會結北段,10.99,都市：其他
RPRNMLLKLHOFFLE98CC,會結北段,86.99,都市：其他
RPRNMLLKLHOFFLE98CC,會結北段,1411.99,都市：其他
RPSNMLLKLHOFFAE08DC,龍華段二小段,73.00,都市：住
RPRNMLLKLHOFFCE08CC,憲德段二小段,18.51,都市：商
RPXNMLMKLHOFFLE07CC,山子頂段,59.00,都市：住
RPXNMLMKLHOFFLE07CC,山子頂段,12.00,都市：住
RPRPMLLKLHOFFEE48CC,福山段,14.10,都市：商
RPWOMLLKLHOFFEE88CC,新庄段八小段,474.00,都市：住
RPTOMLMKLHOFFCE48CC,憲德段二小段,19.13,都市：商
RPTNMLMKLHOFFEE58CC,藍昌段一小段,125.00,都市：住
RPPOMLMKLHOFFDE18CC,獅頭段一小段,49.27,都市：住
RPQNMLMKLHOFFDE18CC,三塊厝段一小段,.00,都市：商
RPTQMLMKLHOFFDE78CC,灣華段,.00,都市：商
RPVPMLMKLHOFFDE88CC,河濱段,18.88,都市：商
RPVPMLMKLHOFFDE88CC,河濱段,.08,都市：其他
RPVPMLMKLHOFFDE88CC,河濱段,.95,都市：其他
RPPNMLMKLHOFFBE87CC,意誠段,.00,都市：商
RPTOMLMKLHOFFAE28CC,龍中段,16.10,都市：商
RPUOMLMKLHOFFAE38CC,龍華段八小段,11.17,都市：商
RPSOMLMKLHOFFBE28CC,衛武段,5.30,都市：商
RPSOMLMKLHOFFBE28CC,衛武段,25.70,都市：住
RPQNMLMKLHOFFBE97CC,意誠段,.00,都市：商
RPRNMLMKLHOFFBE08CC,大統段二小段,.00,都市：商
RPOPMLMKLHOFFBE97CC,大統段二小段,11.43,都市：商
RPUOMLMKLHOFFBE48CC,苓雅寮段,4.93,都市：商
RPOOMLMKLHOFFBE87CC,苓雅寮段,6.35,都市：商
RPUNMLMKLHOFFBE38CC,新興段二小段,59.00,都市：商
RPXOMLMKLHOFFAE68CC,青海段,17.80,都市：住
RPQPMLMKLHOFFAE08CC,前金段,5.16,都市：商
RPTNMLMKLHOFFBE28CC,林德官段一小段,33.00,都市：商
RPTNMLMKLHOFFBE28CC,林德官段一小段,51.00,都市：商
RPQOMLNKLHOFFAE08CC,龍中段,6.43,都市：商
RPTOMLNKLHOFFAE38CC,青海段,13.46,都市：住
RPRPMLNKLHOFFAE28CC,前金段,7.94,都市：商
RPTPMLNKLHOFFAE48CC,龍華段八小段,7.89,都市：商
RPUOMLNKLHOFFAE48CC,旗津段,372.00,都市：住
RPUOMLNKLHOFFAE48CC,旗津段,14.00,都市：住
RPUOMLNKLHOFFAE48CC,旗津段,39.00,都市：住
RPUOMLNKLHOFFAE48CC,旗津段,68.00,都市：住
RPUOMLNKLHOFFAE48CC,旗津段,68.00,都市：住
RPWNMLNKLHOFFBE68CC,新興段三小段,9.18,都市：商
RPPNMLNKLHOFFBE97CC,正明段,.00,都市：住
RPTNMLNKLHOFFBE38CC,福東段,74.00,都市：商
RPQOMLNKLHOFFBE18CC,新興段二小段,6.00,都市：商
RPPOMLNKLHOFFBE08CC,新興段二小段,.00,都市：商
RPVOMLNKLHOFFDE88CC,中都段二小段,264.46,都市：住
RPWNMLNKLHOFFDE88CC,大裕段一小段,17.83,都市：住
RPXNMLNKLHOFFDE98CC,義民段,60.11,都市：商
RPUNMLNKLHOFFDE68CC,大港段二小段,.00,都市：商
RPOPMLNKLHOFFDE28CC,灣華段,.00,都市：住
RPQPMLNKLHOFFDE48CC,三塊厝段一小段,18.81,都市：商
RPOOMLNKLHOFFDE18CC,獅頭段一小段,49.27,都市：住
RPSOMLNKLHOFFEE68CC,楠都段三小段,.00,都市：住
RPXNMLNKLHOFFEE09CC,新庄段十二小段,23.27,都市：住
RPROMLNKLHOFFEE58CC,土庫段三小段,88.00,都市：住
RPWOMLNKLHOFFEE09CC,新庄段十三小段,6.70,都市：商
RPUOMLNKLHOFFEE88CC,楠都段四小段,.00,都市：住
RPRNMLNKLHOFFCE28CC,二苓段,26.87,都市：住
RPQNMLNKLHOFFCE18CC,獅甲段二小段,16.80,都市：商
RPWNMLNKLHOFFCE78CC,憲德段二小段,13.23,都市：商
RPTOMLNKLHOFFCE58CC,愛群段,19.66,都市：商
RPTOMLNKLHOFFGE98CC,埤頂段,45.21,都市：住
RPXOMLNKLHOFFCE98CC,港和段二小段,.00,都市：住
RPRNMLNKLHOFFIE88CC,崎子段,2160.00,都市：農
RPSOMLNKLHOFFGE88CC,五甲段,.00,都市：住
RPUOMLNKLHOFFGE09CC,埤頂段一小段,.00,都市：商
RPTOMLOKLHOFFEE88CC,新吉段,1256.68,都市：住
RPVNMLNKLHOFFFE98CC,頂蚵子寮段,57.00,都市：商
RPVNMLNKLHOFFFE98CC,頂蚵子寮段,57.00,都市：商
RPVNMLNKLHOFFFE98CC,頂蚵子寮段,36.00,都市：商
RPVNMLNKLHOFFFE98CC,頂蚵子寮段,117.00,都市：商
RPVNMLNKLHOFFIE66CC,金鼎段,146.53,都市：住
RPXPMLOKLHOFFEE76CC,高昌段,180.37,都市：其他
RPSOMLOKLHOFFEE78CC,菜公段六小段,9.17,都市：住
RPOOMLOKLHOFFDE28CC,灣興段,359.17,都市：工
RPQOMLOKLHOFFCE38CC,獅甲段,5.83,都市：商
RPQOMLOKLHOFFCE38CC,獅甲段,1.84,都市：商
RPRNMLOKLHOFFDE48CC,鼎泰段,18.00,都市：住
RPQPMLNKLHOFFCE38CC,憲德段一小段,3.11,都市：住
RPPQMLOKLHOFFEE68CC,高昌段,180.37,都市：其他
RPUNMLOKLHOFFDE78CC,大港段四小段,.00,都市：商
RPOPMLOKLHOFFDE38CC,三塊厝段一小段,2.99,都市：商
RPUOMLOKLHOFFDE88CC,大港段四小段,.00,都市：商
RPWOMLOKLHOFFBE88CC,林德官段四小段,3.24,都市：商
RPTOMLOKLHOFFAE48CC,龍華段一小段,.00,都市：住
RPQOMLOKLHOFFAE18CC,龍華段八小段,7.89,都市：商
RPTNMLOKLHOFFAE38CC,後金段,23.70,都市：商
RPTOMLPKLHOFFAE58CC,民生段,66.00,都市：住
RPWNMLPKLHOFFAE78CC,前金段,4.93,都市：商
RPQNMLPKLHOFFAE18CC,青海段,9.65,都市：住
RPRNMLPKLHOFFBE38CC,過田子段,.00,都市：商
RPPNMLPKLHOFFDE38CC,覆鼎金段覆鼎金小段,95.00,都市：住
RPSNMLPKLHOFFBE48CC,大統段二小段,192.00,都市：商
RPQNMLPKLHOFFDE48CC,鼎泰段一小段,.00,都市：住
RPQQMLPKLHOFFCE68CC,獅甲段,6.94,都市：商
RPQQMLPKLHOFFCE68CC,獅甲段,6.38,都市：商
RPVPMLPKLHOFFCE09CC,松華段,41.90,都市：住
RPROMLPKLHOFFFE88CC,竹圍段,1804.00,都市：農
RPXOMLPKLHOFFEE76CC,菜公段二小段,.00,都市：住
RPXOMLPKLHOFFEE76CC,菜公段二小段,.00,都市：其他
RPUOMLPKLHOFFEE09CC,新夏段,11.74,都市：住
RPQNMLPKLHOFFEE58CC,左東段,15.60,都市：住
RPSNMLQKLHOFFAE58DC,青海段,15.69,都市：住
RPPNMLPKLHOFFFE58CC,岡山段,36.63,都市：住
RPVNMLPKLHOFFIE86CC,金鼎段,129.61,都市：住
RPWNMLPKLHOFFIE96CC,澄清段,78.86,都市：住
RPRNMLQKLHOFFEE78CC,新庄段六小段,103.00,都市：住
RPRNMLQKLHOFFDE68CC,灣華段,29.48,都市：住
RPQNMLRKLHOFFDE68CC,中都段四小段,25.50,都市：住
RPPNMLRKLHOFFDE58CC,中華段二小段,15.28,都市：住
RPRNMLRKLHOFFAE48CC,青海段,6.09,都市：商
RPUNMLSKLHOFFBE98CC,五塊厝段二小段,31.29,都市：住
RPWNMLSKLHOFFBE56CC,過田子段,23.52,都市：住
RPPNMLQKLHOFFGE78CC,七老爺段一甲小段,77.00,都市：住
RPQNMLQKLHOFFGE88CC,五甲段,100.00,都市：住
RPQNMLQKLHOFFGE88CC,五甲段,38.00,都市：其他
RPQNMLQKLHOFFGE88CC,五甲段,20.00,都市：其他
RPQPMLSKLHOFFDE98CC,建豐段,5.69,都市：商
RPRPMLSKLHOFFDE09CC,獅頭段,.00,都市：商
RPTNMLSKLHOFFIE96CC,美德段,1939.84,都市：農
RPTNMLSKLHOFFBE88CC,林德官段四小段,75.00,都市：商
RPVNMLSKLHOFFCE56CC,愛群段,7.33,都市：商
RPXNMLSKLHOFFCE76CC,鎮昌段,42.00,都市：住
RPOOMLSKLHOFFCE58CC,光華段,24.29,都市：住
RPUNMLSKLHOFFFE76CC,橋子頭段,88.00,都市：住
RPTOMLSKLHOFFEE66CC,新福段九小段,.00,都市：商
RPWOMLSKLHOFFEE96CC,清楠段,18.65,都市：住
RPUOMLSKLHOFFEE76CC,福山段,.00,都市：住
RPQOMLSKLHOFFIE76CC,大安段,55.00,都市：住
RPQOMLSKLHOFFIE76CC,大安段,16.00,都市：住
RPRNMLTKLHOFFCE88CC,獅甲段,22133.00,都市：其他
RPSOMLSKLHOFFDE56DC,灣愛段,26.88,都市：住
RPSOMLSKLHOFFDE56DC,灣愛段,3.27,都市：住
RPTNMLTKLHOFFCE09CC,瑞崗段二小段,8.00,都市：住
RPTNMLTKLHOFFCE09CC,瑞崗段二小段,54.00,都市：住
RPTNMLTKLHOFFEE66CC,果貿段,.00,都市：住
RPUPMLTKLHOFFEE96CC,新庄段十三小段,.00,都市：商
RPUPMLTKLHOFFEE96CC,新庄段十三小段,.00,都市：商
RPVNMLTKLHOFFDE76CC,灣志段,63.83,都市：住
RPVOMLTKLHOFFDE86CC,鼎泰段,24.27,都市：住
RPQPMLTKLHOFFDE09CC,覆鼎金段覆鼎金小段,18.25,都市：住
RPSNMLTKLHOFFEE56CC,新民段,.00,都市：住
RPRNMLTKLHOFFAE68CC,前金段,3.00,都市：商
RPQNMLKLLHOFFAE77CC,前金段,29.49,都市：商
RPPNMLTKLHOFFAE48CC,龍華段八小段,.00,都市：商
RPSOMLKLLHOFFAE08CC,龍中段,11.76,都市：商
RPOOMLTKLHOFFEE88CC,新庄段一小段,14.36,都市：商
RPUNMLKLLHOFFBE28CC,過田子段,89.00,都市：住
RPPNMLTKLHOFFBE58CC,大統段一小段,.00,都市：商
RPVNMLTKLHOFFBE56CC,林德官段二小段,70.22,都市：住
RPWNMLTKLHOFFBE66CC,林聖段,25.00,都市：住
RPWNMLTKLHOFFBE66CC,林聖段,56.00,都市：住
RPPOMLKLLHOFFDE08CC,凱歌段,23.98,都市：商
RPROMLKLLHOFFDE38DC,大港段,30.05,都市：住
RPUNMLKLLHOFFGE78CC,埤頂段,50241.00,都市：住
RPVNMLLLLHOFFIE56CC,新赤山段,784.26,都市：住
RPUOMLLLLHOFFCE58CC,憲德段二小段,.00,都市：商
RPXOMLLLLHOFFCE88CC,憲德段二小段,.00,都市：商
RPQOMLLLLHOFFCE18CC,愛群段,9.76,都市：商
RPQOMLLLLHOFFCE18CC,愛群段,.01,都市：商
RPTQMLLLLHOFFCE68CC,獅甲段,.00,都市：住
RPTQMLLLLHOFFCE68CC,獅甲段,.00,都市：住
RPXQMLLLLHOFFCE09CC,獅甲段,3.88,都市：商
RPXQMLLLLHOFFCE09CC,獅甲段,1.23,都市：商
RPPOMLLLLHOFFDE18CC,灣子內段寶珠溝小段,.00,都市：住
RPTNMLLLLHOFFDE48CC,澄東段,161.35,都市：住
RPUOMLLLLHOFFDE68CC,灣和段,.00,都市：住
RPSOMLLLLHOFFGE78CC,新庄子段,19.75,都市：住
RPWNMLLLLHOFFBE58CC,意誠段,.00,都市：商
RPXNMLLLLHOFFEE98CC,新庄段十三小段,7.00,都市：商
RPOPMLLLLHOFFEE28CC,福山段,.00,都市：住
RPXOMLLLLHOFFEE09CC,新光段,.00,都市：商
RPVPMLLLLHOFFEE98CC,新庄段二小段,21.57,都市：商
RPRPMLLLLHOFFEE58CC,新庄段十二小段,.00,都市：住
RPQPMLLLLHOFFEE48CC,新庄段十二小段,.00,都市：住
RPSOMLLLLHOFFEE58CC,福民段,98.01,都市：住
RPPPMLLLLHOFFEE38CC,新庄段五小段,40.50,都市：住
RPXNMLLLLHOFFAE58CC,青海段,19.50,都市：商
RPPOMLLLLHOFFAE87CC,文東段,.00,都市：商
RPSOMLLLLHOFFAE18CC,青海段,91.35,都市：住
RPROMLLLLHOFFAE08CC,文東段,.00,非都市： ; 非都市編定：
RPRNMLMLLHOFFAE08CC,北金段,9.23,都市：商
RPSNMLMLLHOFFDE48CC,三塊厝段,62.35,都市：商
RPTNMLMLLHOFFGE88CC,新甲段,80.00,都市：住
RPRNMLMLLHOFFGE68CC,五甲段,27.44,都市：住
RPOOMLNLLHOFFGE58CC,五甲段,59.23,都市：住
RPVNMLNLLHOFFAE58CC,北金段,10.86,都市：商
RPOOMLPLLHOFFGE78CC,福誠段,.00,都市：住
RPUNMLMLLHOFFBE48CC,意誠段,.00,都市：商
RPUOMLPLLHOFFGE76CC,文山段,147.00,都市：住
RPVOMLPLLHOFFGE86CC,福誠段,24.20,都市：住
RPQNMLNLLHOFFCE28CC,瑞隆段四小段,38.62,都市：商
RPVNMLMLLHOFFBE58CC,苓雅寮段,.00,都市：商
RPQNMLPLLHOFFAE28CC,青海段,21.25,都市：住
RPRNMLNLLHOFFCE38CC,瑞隆段四小段,38.62,都市：商
RPPNMLOLLHOFFFE58CC,大紅段,67.73,都市：住
RPQNMLOLLHOFFFE68CC,大紅段,67.73,都市：住
RPTNMLPLLHOFFAE58CC,青海段,21.94,都市：商
RPXNMLPLLHOFFAE98CC,龍北段,19.34,都市：住
RPPPMLPLLHOFFAE38CC,青海段,7.53,都市：住
RPTOMLPLLHOFFEE09CC,新光段,990.56,都市：住
RPSPMLPLLHOFFBE78CC,五塊厝段三小段,24.12,都市：住
RPUNMLPLLHOFFBE78CC,過田子段,60.00,都市：商
RPUOMLPLLHOFFBE88CC,林德官段二小段,39.29,都市：住
RPSOMLPLLHOFFDE88CC,覆鼎金段覆鼎金小段,25.00,都市：住
RPOOMLPLLHOFFBE28CC,林德官段,5.68,都市：商
RPSPMLPLLHOFFEE09CC,新庄段七小段,15.05,都市：住
RPTNMLQLLHOFFBE78CC,意誠段,.00,都市：商
RPSNMLQLLHOFFBE68CC,意誠段,.00,都市：商
RPROMLQLLHOFFBE68CC,意誠段,14.80,都市：商
RPSNMLQLLHOFFDE88CC,灣和段,226.84,都市：住
RPOOMLQLLHOFFBE38CC,大統段二小段,123.00,都市：商
RPWOMLQLLHOFFBE56CC,意誠段,.26,都市：商
RPUNMLQLLHOFFAE78CC,前金段,4.17,都市：商
RPTOMLQLLHOFFAE78CC,前金段,7.60,都市：商
RPVOMLQLLHOFFAE98CC,龍華段八小段,9.33,都市：商
RPSNMLPLLHOFFEE88CC,新庄段七小段,8.40,都市：住
RPSOMLQLLHOFFGE66CC,新甲段,41.10,都市：住
RPXOMLQLLHOFFIE37CC,興農段,6116.00,都市：農
RPSNMLRLLHOFFIE86CC,保安段,30.00,都市：住
RPVNMLQLLHOFFGE86CC,竹子腳段,12.54,都市：住
RPPPMLQLLHOFFGE09CC,文山段,11.72,都市：住
RPVOMLQLLHOFFEE76CC,新庄段四小段,64.00,都市：住
RPXNMLRLLHOFFGE17CC,埤頂段,.00,都市：住
RPWNMLRLLHOFFLE57CC,大寮段芎蕉腳小段,1953.00,都市：工
RPWNMLRLLHOFFLE57CC,大寮段芎蕉腳小段,1106.00,都市：工
RPWNMLRLLHOFFLE57CC,大寮段芎蕉腳小段,1710.00,都市：工
RPOQMLRLLHOFFFE09CC,橋北段,28.00,都市：住
RPRNMLRLLHOFFAE58CC,北金段,6.48,非都市： ; 非都市編定：
RPRNMLRLLHOFFAE58CC,前金段,11.08,非都市： ; 非都市編定：
RPXNMLRLLHOFFAE56CC,前金段,8.45,都市：商
RPSNMLRLLHOFFCE88CC,獅甲段,.00,非都市： ; 非都市編定：
RPSNMLRLLHOFFCE88CC,獅甲段,.00,非都市： ; 非都市編定：
RPQPMLRLLHOFFAE68CC,大成段,21.00,都市：住
RPQPMLRLLHOFFAE68CC,大成段,59.00,都市：住
RPTNMLRLLHOFFCE98CC,獅甲段,.00,非都市： ; 非都市編定：
RPTNMLRLLHOFFCE98CC,獅甲段,.00,非都市： ; 非都市編定：
RPPNMLRLLHOFFBE48CC,衛武段,78.00,都市：商
RPROMLRLLHOFFBE78CC,新興段二小段,180.00,都市：商
RPROMLRLLHOFFBE78CC,新興段二小段,17.00,都市：其他
RPXNMLSLLHOFFBE76CC,意誠段,.00,都市：商
RPTOMLRLLHOFFBE98CC,福東段,.00,都市：商
RPXOMLRLLHOFFDE96CC,大港段,.00,都市：住
RPROMLSLLHOFFDE09CC,建興段,1219.00,都市：農
RPROMLSLLHOFFBE88CC,福東段,1275.00,都市：工
RPPOMLRLLHOFFDE78CC,大港段四小段,320.00,都市：商
RPPOMLRLLHOFFDE78CC,大港段四小段,320.00,都市：商
RPPOMLRLLHOFFDE78CC,大港段四小段,321.00,都市：商
RPPOMLRLLHOFFDE78CC,大港段四小段,99.00,都市：商
RPPOMLRLLHOFFDE78CC,大港段四小段,368.00,都市：商
RPPOMLRLLHOFFDE78CC,大港段四小段,57.00,都市：商
RPXNMLSLLHOFFAE66CC,龍華段八小段,.00,都市：商
RPXOMLSLLHOFFAE76CC,龍華段一小段,41.46,都市：住
RPQNMLSLLHOFFCE78CC,憲德段一小段,2.95,都市：商
RPOOMLSLLHOFFEE88CC,新庄段十二小段,19.41,都市：住
RPTOMLSLLHOFFCE56CC,盛興段,12.32,都市：住
RPROMLSLLHOFFGE76CC,牛潮埔段,1361.00,都市：工
RPOPMLSLLHOFFGE56CC,新庄子段,72.00,都市：住
RPUNMLSLLHOFFLE47CC,翁公園段二小段,793.00,都市：農
RPWOMLSLLHOFFCE86CC,獅甲段,6.94,都市：商
RPWOMLSLLHOFFCE86CC,獅甲段,6.38,都市：商
RPSNMLSLLHOFFIE96CC,保社段,396.70,都市：農
RPRNMLRLLHOFFEE98CC,右昌段三小段,67.00,都市：住
RPUPMLRLLHOFFEE86CC,新庄段六小段,.00,都市：住
RPOOMLTLLHOFFGE56CC,鳳山段大老衙小段,73.00,都市：商
RPOOMLTLLHOFFGE56CC,鳳山段大老衙小段,73.00,都市：商
RPTNMLSLLHOFFIE07CC,大腿段,2404.00,都市：農
RPQNMLTLLHOFFFE56CC,大公段,3.65,都市：住
RPPOMLTLLHOFFCE88CC,瑞隆段三小段,60.00,都市：住
RPPNMLTLLHOFFCE78CC,獅甲段,.00,非都市： ; 非都市編定：
RPPNMLTLLHOFFCE78CC,獅甲段,.00,非都市： ; 非都市編定：
RPUOMLTLLHOFFCE76CC,獅甲段二小段,54.41,都市：住
RPRNMLTLLHOFFAE78CC,龍中段,32.03,都市：住
RPWNMLTLLHOFFAE66CC,龍中段,16.02,都市：住
RPROMLTLLHOFFBE98CC,過田子段,19.12,都市：商
RPQNMLTLLHOFFAE68CC,青海段,34.42,都市：住
RPOOMLTLLHOFFEE98CC,福山段,8.09,都市：商
RPPNMLKMLHOFFDE08CC,德北段,8.87,都市：住
RPWNMLLJMHOFFIE56CC,金鼎段,526.49,都市：住
RPSNMLKMLHOFFGE68CC,新甲段,57.00,都市：住
RPSPMLLJMHOFFGE78CC,七老爺段一甲小段,42.00,都市：其他
RPQQMLLJMHOFFGE68CC,七老爺段一甲小段,103.00,都市：商
RPVOMLLJMHOFFGE98CC,道爺段,27.00,都市：住
RPRPMLLJMHOFFCE28CC,憲德段二小段,12.73,都市：商
RPSPMLLJMHOFFCE38CC,憲德段二小段,13.72,都市：商
RPQPMLLJMHOFFCE18CC,憲德段二小段,11.75,都市：商
RPTNMLLJMHOFFDE38CC,河濱段,42.00,都市：商
RPXNMLLJMHOFFBE58CC,意誠段,.00,都市：商
RPSPMLLJMHOFFDE48CC,大港段四小段,79.00,都市：商
RPOOMLLJMHOFFBE77CC,意誠段,.00,都市：商
RPWNMLLJMHOFFBE48CC,意誠段,.00,都市：商
RPROMLLJMHOFFAE97CC,龍華段三小段,16.50,都市：農
RPSNMLLJMHOFFAE97CC,北金段,10.11,都市：商
RPSNMLLJMHOFFAE97CC,北金段,6.46,都市：商
RPQQMLLJMHOFFEE48CC,新庄段十二小段,113.00,都市：住
RPQQMLLJMHOFFEE48CC,新庄段十二小段,109.00,都市：住
RPQOMLLJMHOFFBE97CC,意誠段,.00,都市：商
RPXOMLLJMHOFFBE68CC,新興段四小段,36.45,都市：商
RPPOMLLJMHOFFAE77CC,青海段,7.69,都市：住
RPUOMLLJMHOFFBE38CC,大統段一小段,.00,都市：商
RPQOMLMJMHOFFAE97CC,龍華段八小段,.00,都市：商
RPOOMLMJMHOFFBE87CC,新興段二小段,17.76,都市：商
RPPOMLMJMHOFFBE97CC,新興段一小段,.00,都市：商
RPRNMLMJMHOFFDE28CC,金獅段,.00,都市：住
RPQNMLMJMHOFFDE18CC,大港段二小段,57.00,都市：商
RPOPMLMJMHOFFDE18CC,建民段,.00,都市：商
RPQPMLMJMHOFFDE38CC,大港段四小段,.00,都市：住
RPRPMLMJMHOFFDE48CC,建民段,.00,都市：商
RPQPMLMJMHOFFEE48CC,福山段,1307.58,都市：商
RPVPMLMJMHOFFDE88CC,陽明段一小段,78.00,都市：住
RPSPMLMJMHOFFEE68CC,新福段十小段,19.88,都市：住
RPSPMLMJMHOFFDE58CC,義民段,28.93,都市：住
RPVNMLMJMHOFFIE56CC,保社段,405.89,都市：農
RPVPMLMJMHOFFEE98CC,清豐段,7.73,都市：住
RPXPMLMJMHOFFEE56CC,新庄段十二小段,20.94,都市：住
RPPNMLMJMHOFFIE58CC,澄清段,73.88,都市：住
RPTPMLMJMHOFFEE78CC,莒光段三小段,27.57,都市：住
RPQOMLMJMHOFFCE18CC,光華段一小段,.00,都市：住
RPQOMLNJMHOFFIE88CC,竹園段,8713.00,都市：工
RPOPMLMJMHOFFGE48CC,新庄子段,16.67,都市：住
RPROMLNJMHOFFFE68CC,梓和段,1077.77,都市：工
RPXPMLMJMHOFFGE76CC,新甲段,25.05,都市：住
RPSOMLNJMHOFFGE88CC,赤山段,19.38,都市：住
RPROMLNJMHOFFCE38CC,光華段一小段,118.00,都市：住
RPRNMLNJMHOFFFE58CC,大全段,546.00,都市：工
RPQPMLNJMHOFFDE48CC,大豐段一小段,.00,都市：住
RPVOMLNJMHOFFCE78CC,宏明段,1183.70,都市：住
RPWNMLNJMHOFFEE98CC,新庄段十三小段,6.30,都市：商
RPWOMLNJMHOFFEE09CC,後段,36.26,都市：住
RPSOMLNJMHOFFCE48CC,光華段一小段,.00,都市：住
RPROMLNJMHOFFEE58CC,新庄段七小段,16.03,都市：住
RPUQMLNJMHOFFEE09CC,新庄段五小段,.00,都市：住
RPSOMLNJMHOFFBE38CC,大統段一小段,.00,都市：商
RPXNMLNJMHOFFBE78CC,新興段一小段,4.04,都市：商
RPVQMLNJMHOFFEE56CC,新庄段五小段,.00,都市：住
RPRNMLOJMHOFFBE28CC,意誠段,.00,都市：商
RPWOMLNJMHOFFAE68CC,鼓中段五小段,.00,都市：商
RPWOMLNJMHOFFAE68CC,鼓中段五小段,.00,都市：住
RPPNMLOJMHOFFAE08DC,前金段,6.65,都市：商
RPQNMLOJMHOFFBE18CC,意誠段,.00,都市：商
RPSNMLOJMHOFFBE38CC,意誠段,.00,都市：商
RPTNMLOJMHOFFBE48CC,成功段,9.76,都市：商
RPUNMLOJMHOFFBE58CC,新興段一小段,8.66,都市：商
RPVNMLQJMHOFFGE76CC,道爺段,27.00,都市：住
RPPNMLQJMHOFFCE38CC,獅甲段,.00,非都市： ; 非都市編定：
RPPNMLQJMHOFFCE38CC,獅甲段,.00,非都市： ; 非都市編定：
RPPNMLSJMHOFFDE68CC,獅頭段一小段,33.10,都市：住
RPUOMLSJMHOFFDE66CC,大港段七小段,.00,都市：商
RPUOMLSJMHOFFDE66CC,大港段七小段,.00,都市：商
RPUOMLSJMHOFFDE66CC,大港段七小段,.00,都市：商
RPTOMLSJMHOFFDE56CC,大港段六小段,.00,都市：其他
RPRNMLQJMHOFFEE78CC,藍昌段三小段,.00,都市：商
RPQNMLQJMHOFFEE68CC,藍田中段,.00,都市：住
RPUNMLSJMHOFFEE66CC,新庄段十三小段,.00,都市：住
RPSNMLSJMHOFFAE68CC,北金段,.00,都市：商
RPXNMLSJMHOFFEE96CC,福山段,13.18,都市：住
RPWNMLSJMHOFFAE09CC,龍華段八小段,3.83,都市：商
RPTNMLSJMHOFFAE78CC,龍華段八小段,.00,都市：商
RPXNMLSJMHOFFBE66CC,意誠段,.00,都市：商
RPSNMLSJMHOFFBE78CC,新興段三小段,.00,非都市： ; 非都市編定：
RPSNMLSJMHOFFBE78CC,新興段三小段,.00,非都市： ; 非都市編定：
RPPOMLSJMHOFFBE58CC,新興段二小段,.00,都市：商
RPOOMLSJMHOFFBE48CC,過田子段,.00,都市：商
RPQOMLSJMHOFFBE68CC,五塊厝段,.00,都市：商
RPOPMLSJMHOFFGE09CC,文英段,.27,都市：住
RPROMLSJMHOFFIE86CC,松埔段,1929.39,都市：農
RPUOMLSJMHOFFCE56CC,愛群段,16.99,都市：商
RPXNMLSJMHOFFCE76CC,愛群段,27.66,都市：住
RPRNMLSJMHOFFIE76CC,大華段,39.50,都市：商
RPRNMLSJMHOFFIE76CC,大華段,37.67,都市：商
RPVSMLSJMHOFFFE37CC,興龍段,.00,非都市：特定農業區 ; 非都市編定：甲種建築用地
RPQNMLSJMHOFFLE96CC,福德段,.00,都市：住
RPXNMLSJMHOFFIE37CC,仁春段,.00,都市：住
RPXNMLSJMHOFFIE37CC,仁春段,.00,都市：住
RPXNMLSJMHOFFIE37CC,仁春段,.00,都市：住
RPXNMLSJMHOFFIE37CC,仁春段,.00,都市：其他
RPQOMLSJMHOFFIE76CC,鳳松段,.00,都市：住
RPUOMLSJMHOFFIE17CC,八德段,1035.66,都市：住
RPPQMLTJMHOFFFE66CC,安西段,219.86,都市：工
RPVOMLTJMHOFFFE07CC,大仁段,33.01,都市：住
RPTOMLTJMHOFFGE96CC,文山段,342.00,都市：住
RPOUMLTJMHOFFCE66CC,獅甲段二小段,60.63,都市：其他
RPVOMLTJMHOFFGE17CC,大貝湖段,2329.70,都市：住
RPSOMLTJMHOFFGE86CC,中崙段,.00,都市：住
RPQOMLTJMHOFFGE66CC,五甲段,.00,都市：住
RPTNMLTJMHOFFAE88CC,龍華段八小段,8.59,都市：商
RPQPMLTJMHOFFGE76CC,北門段,.00,都市：商
RPPOMLTJMHOFFAE58CC,龍中段,18.59,都市：商
RPUOMLTJMHOFFAE09CC,龍中段,9.45,都市：商
RPROMLTJMHOFFAE78CC,龍中段,15.16,都市：商
RPWNMLTJMHOFFAE56CC,北金段,.00,非都市： ; 非都市編定：
RPXOMLTJMHOFFGE37CC,大貝湖段,94.09,都市：住
RPSNMLTJMHOFFDE09CC,灣華段,23.03,都市：住
RPVNMLTJMHOFFDE76CC,凱歌段,.00,都市：住
RPWNMLTJMHOFFDE86CC,大港段四小段,.00,都市：住
RPXNMLTJMHOFFDE96CC,獅頭段,.00,都市：商
RPWNMLTJMHOFFBE66CC,正憲段,.00,都市：商
RPQNMLTJMHOFFBE68CC,過田子段,63.00,都市：商
RPROMLTJMHOFFDE09CC,鼎祥段,11.13,都市：住
RPRNMLTJMHOFFBE78CC,意誠段,16.97,都市：商
RPOOMLTJMHOFFDE78CC,澄義段,.00,都市：住
RPOOMLTJMHOFFDE78CC,獅頭段一小段,.00,都市：住
RPWOMLTJMHOFFDE96CC,義民段,.00,都市：住
RPOOMLTJMHOFFBE58CC,林德官段一小段,.00,都市：住
RPVOMLTJMHOFFBE66CC,新興段四小段,.00,都市：商
RPVOMLTJMHOFFBE66CC,新興段四小段,.00,都市：商
RPVOMLTJMHOFFBE66CC,新興段四小段,.00,都市：商
RPOPMLTJMHOFFDE88CC,灣昌段,.00,都市：住
RPSNMLTJMHOFFEE56CC,清楠段,.00,都市：住
RPUNMLKKMHOFFEE58CC,新庄段一小段,37.24,都市：住
RPTNMLTJMHOFFEE66CC,新庄段十三小段,.00,都市：商
RPTNMLTJMHOFFEE66CC,新庄段十三小段,.00,都市：商
RPVOMLKKMHOFFEE78CC,新庄段一小段,147.00,都市：住
RPQOMLKKMHOFFGE48CC,曹公段,548.61,都市：工
RPTNMLKKMHOFFEE48CC,新庄段十二小段,23.30,都市：住
RPSNMLKKMHOFFBE08CC,苓雅寮段,15.52,都市：商
RPWNMLKKMHOFFBE48CC,林德官段二小段,60.64,都市：商
RPVNMLTJMHOFFEE86CC,楠梓段三小段,.00,都市：住
RPUNMLKKMHOFFIE98CC,澄清段,331.00,都市：住
RPUNMLKKMHOFFIE98CC,澄清段,229.00,都市：住
RPUNMLKKMHOFFIE98CC,澄清段,274.00,都市：住
RPROMLLKMHOFFIE88CC,大腿段,748.00,都市：工
RPXNMLKKMHOFFDE78CC,三塊厝段四小段,13.20,都市：住
RPXNMLKKMHOFFDE78CC,三塊厝段四小段,13.40,都市：住
RPPNMLKKMHOFFDE97CC,獅頭段,9.56,都市：住
RPROMLLKMHOFFLE56CC,會社段,8.72,都市：住
RPXNMLLKMHOFFGE56CC,田中央段,126.31,都市：商
RPOOMLLKMHOFFGE38CC,竹子腳段,1226.00,都市：住
RPOOMLLKMHOFFGE38CC,竹子腳段,228.00,都市：住
RPOOMLLKMHOFFGE38CC,竹子腳段,46.00,都市：住
RPOOMLLKMHOFFGE38CC,竹子腳段,1022.00,都市：住
RPOOMLLKMHOFFGE38CC,竹子腳段,834.00,都市：住
RPSNMLLKMHOFFBE18CC,意誠段,7.82,都市：商
RPSOMLLKMHOFFAE18CC,龍華段八小段,17.96,都市：商
RPRNMLLKMHOFFAE97CC,龍華段八小段,171.15,都市：住
RPOQMLLKMHOFFCE18CC,仁愛段,48.00,都市：商
RPTOMLLKMHOFFAE28CC,前金段,1.53,都市：商
RPTOMLLKMHOFFAE28CC,前金段,2.07,都市：商
RPTOMLLKMHOFFAE28CC,前金段,2.48,都市：商
RPUOMLLKMHOFFAE38CC,前金段,9.27,都市：商
RPPOMLKKMHOFFCE97CC,愛群段,.00,非都市： ; 非都市編定：
RPQOMLKKMHOFFCE08CC,朝陽段,1751.00,都市：工
RPTNMLKKMHOFFCE28CC,店子後段,66.00,都市：商
RPROMLLKMHOFFDE38CC,獅頭段一小段,.00,都市：商
RPVOMLLKMHOFFDE78CC,水源段,11.29,都市：住
RPRPMLLKMHOFFDE48CC,中華段二小段,13.90,都市：商
RPTPMLLKMHOFFEE78CC,藍田西段,30.81,都市：住
RPWPMLLKMHOFFEE09CC,左東段,36.50,都市：住
RPWQMLLKMHOFFEE56CC,新華段,12.85,都市：住
RPQPMLMKMHOFFEE58CC,新庄段八小段,21.00,都市：住
RPUOMLMKMHOFFEE88CC,新庄段十三小段,45.36,都市：商
RPTQMLMKMHOFFEE98CC,楠都段三小段,.00,都市：住
RPOPMLMKMHOFFEE38CC,新光段,11.29,都市：住
RPUQMLLKMHOFFEE98CC,新光段,27.28,都市：住
RPUOMLMKMHOFFDE78CC,獅頭段,64.00,都市：商
RPRNMLMKMHOFFDE38CC,三塊厝段,96.00,都市：商
RPRNMLMKMHOFFDE38CC,三塊厝段,156.00,都市：商
RPWPMLMKMHOFFDE09CC,大順段,14.16,都市：商
RPWPMLMKMHOFFDE09CC,大順段,1.52,都市：商
RPXPMLMKMHOFFDE56CC,大順段,14.16,都市：商
RPXPMLMKMHOFFDE56CC,大順段,1.52,都市：商
RPXQMLMKMHOFFDE66CC,鼎泰段一小段,104.46,都市：住
RPOQMLMKMHOFFDE38CC,大順段,14.16,都市：商
RPOQMLMKMHOFFDE38CC,大順段,1.52,都市：商
RPTOMLMKMHOFFAE38CC,前金段,6.43,都市：商
RPROMLMKMHOFFAE18CC,前金段,.00,都市：商
RPQPMLMKMHOFFAE18CC,大勇段,67.00,都市：商
RPOOMLMKMHOFFAE87CC,前金段,.00,都市：商
RPPOMLMKMHOFFAE97CC,前金段,.00,都市：商
RPUOMLMKMHOFFAE48CC,龍華段八小段,11.96,都市：商
RPVOMLMKMHOFFAE58CC,青海段,28.14,都市：住
RPSPMLMKMHOFFAE38CC,龍華段八小段,1679.00,都市：商
RPQOMLMKMHOFFAE08CC,興福段,.00,都市：住
RPWOMLMKMHOFFGE66CC,埤頂段一小段,.00,都市：商
RPUPMLMKMHOFFCE78CC,盛興段,12.32,都市：住
RPVPMLMKMHOFFCE88CC,盛興段,12.20,都市：住
RPUNMLMKMHOFFBE48CC,新興段四小段,.00,都市：商
RPUNMLMKMHOFFBE48CC,新興段四小段,.00,都市：商
RPPOMLMKMHOFFBE08CC,正明段,.00,都市：住
RPVOMLMKMHOFFBE68CC,新興段二小段,5.97,都市：商
RPROMLMKMHOFFCE38CC,愛群段,5.94,都市：商
RPROMLMKMHOFFBE28CC,林德官段二小段,.00,都市：住
RPTNMLMKMHOFFBE38CC,大統段一小段,57.26,都市：商
RPUOMLMKMHOFFBE58CC,苓雅寮段,9.02,都市：住
RPPQMLMKMHOFFCE38CC,盛興段,12.32,都市：住
RPQNMLNKMHOFFDE38CC,建豐段,11.58,都市：住
RPROMLMKMHOFFIE98CC,竹園段,334.00,都市：工
RPROMLMKMHOFFIE98CC,竹園段,29.00,都市：工
RPOQMLMKMHOFFCE28CC,光華段一小段,10.78,都市：住
RPVNMLNKMHOFFEE98CC,新庄段十三小段,10.98,都市：住
RPRNMLNKMHOFFGE78CC,赤山段,.76,都市：住
RPRNMLNKMHOFFGE78CC,赤山段,20.94,都市：住
RPPNMLMKMHOFFIE68CC,保安段,.00,非都市： ; 非都市編定：
RPPNMLMKMHOFFIE68CC,保安段,.00,非都市： ; 非都市編定：
RPPNMLPKMHOFFDE48CC,大港段,.00,都市：商
RPRNMLPKMHOFFDE68CC,澄義段,.00,都市：住
RPXOMLPKMHOFFDE76CC,三塊厝段四小段,61.00,都市：住
RPUPMLPKMHOFFEE66CC,新福段七小段,15.15,都市：住
RPWPMLPKMHOFFEE86CC,果貿段,14.52,都市：住
RPSOMLPKMHOFFDE88CC,建豐段,13.38,都市：商
RPTNMLPKMHOFFDE88CC,三塊厝段,.00,都市：住
RPQOMLPKMHOFFBE48CC,林德官段,10.00,都市：商
RPQOMLPKMHOFFBE48CC,林德官段,52.00,都市：商
RPUNMLPKMHOFFBE78CC,苓洲段,5.35,都市：商
RPROMLPKMHOFFBE58CC,過田子段,.00,都市：商
RPUOMLPKMHOFFGE76CC,華英段,163.78,都市：住
RPSOMLPKMHOFFBE68CC,林德官段二小段,3.21,都市：住
RPQOMLPKMHOFFAE38CC,北金段,5.73,都市：商
RPRNMLQKMHOFFJE76CC,大仁段,3516.96,都市：工
RPXNMLPKMHOFFAE09DC,北金段,.00,非都市： ; 非都市編定：
RPUNMLPKMHOFFGE66CC,赤山段,22.95,都市：住
RPWNMLQKMHOFFLE47CC,內厝段,24.05,都市：住
RPVPMLPKMHOFFCE56CC,愛群段,5.94,都市：商
RPRNMLQKMHOFFCE68CC,獅甲段二小段,11.88,都市：商
RPUOMLQKMHOFFCE09CC,愛群段,16.99,都市：商
RPWNMLQKMHOFFCE56CC,盛興段,12.32,都市：住
RPXPMLPKMHOFFFE07CC,大仁段,62.00,都市：住
RPVQMLPKMHOFFFE96CC,梓信段,158.19,都市：住
RPRNMLQKMHOFFAE48CC,龍華段八小段,.00,都市：商
RPXNMLQKMHOFFAE09CC,鹽壽段,2582.00,都市：商
RPTNMLQKMHOFFBE78CC,意誠段,.00,都市：商
RPQNMLQKMHOFFGE98CC,新甲段,19.05,都市：住
RPRNMLQKMHOFFBE58CC,新興段四小段,.00,都市：商
RPRNMLQKMHOFFBE58CC,新興段四小段,.00,都市：商
RPUNMLQKMHOFFBE88CC,意誠段,.00,都市：商
RPSOMLQKMHOFFGE66CC,文山段,14.71,都市：住
RPSNMLQKMHOFFAE58CC,龍北段,19.34,都市：住
RPXNMLQKMHOFFBE56CC,新興段四小段,.00,都市：商
RPXNMLQKMHOFFBE56CC,新興段四小段,.00,都市：商
RPOOMLQKMHOFFBE38CC,新興段二小段,12.73,都市：商
RPSOMLQKMHOFFEE09CC,新康段,122.09,都市：住
RPVNMLQKMHOFFDE56CC,德北段,12.04,都市：住
RPQOMLQKMHOFFDE78CC,獅頭段一小段,13.40,都市：商
RPSOMLQKMHOFFDE98CC,灣中段,13.16,都市：住
RPROMLQKMHOFFDE88CC,獅頭段一小段,13.40,都市：商
RPURMLQKMHOFFEE96CC,福山段,8.97,都市：商
RPPPMLQKMHOFFDE78CC,建民段,16.96,都市：商
RPQOMLRKMHOFFEE98CC,福山段,.00,都市：商
RPRNMLRKMHOFFDE88CC,陽明段三小段,40.08,都市：住
RPSOMLRKMHOFFEE56CC,藍田中段,.00,都市：住
RPRPMLRKMHOFFEE56CC,左西段,103.00,都市：商
RPSOMLRKMHOFFBE88CC,新興段三小段,.00,都市：商
RPQQMLSKMHOFFGE86CC,五甲段,50.00,都市：住
RPQOMLRKMHOFFCE78CC,獅甲段二小段,.00,都市：住
RPOQMLSKMHOFFGE66CC,鳳翔段,175.43,都市：住
RPPQMLSKMHOFFGE76CC,新甲段,.00,都市：住
RPSOMLSKMHOFFAE88CC,前金段,2.07,都市：商
RPUNMLSKMHOFFAE98CC,後金段,80.00,都市：商
RPTOMLRKMHOFFCE09CC,草衙段一小段,.00,都市：商
RPQOMLSKMHOFFAE68CC,內惟段四小段,35.54,都市：住
RPQOMLSKMHOFFAE68CC,內惟段四小段,4.12,都市：住
RPQPMLSKMHOFFAE78CC,青海段,30.11,都市：住
RPSNMLSKMHOFFDE09CC,水源段,7.70,都市：住
RPUNMLSKMHOFFDE66CC,大港段四小段,24.29,都市：住
RPRPMLSKMHOFFAE88CC,青海段,7.95,都市：住
RPVOMLSKMHOFFAE56CC,青海段,7.95,都市：住
RPXOMLSKMHOFFDE07CC,大港段二小段,166.00,都市：住
RPRPMLSKMHOFFDE56CC,長明段,.00,都市：商
RPOPMLSKMHOFFBE68CC,正福段,100.68,都市：商
RPOOMLSKMHOFFBE58CC,過田子段,.00,都市：商
RPXNMLSKMHOFFDE96CC,德北段,9.33,都市：住
RPROMLSKMHOFFBE88CC,正昌段,78.84,都市：住
RPTOMLSKMHOFFBE09CC,苓洲段,18.50,都市：商
RPVNMLSKMHOFFBE56CC,意誠段,.00,都市：商
RPPOMLSKMHOFFEE98CC,新庄段十三小段,8.92,都市：商
RPWQMLSKMHOFFEE27CC,新庄段二小段,21.97,都市：住
RPOOMLTKMHOFFEE98CC,新庄段十三小段,8.76,都市：商
RPSOMLSKMHOFFEE66CC,福山段,8.53,都市：商
RPURMLSKMHOFFEE17CC,新庄段十三小段,8.76,都市：商
RPUOMLSKMHOFFEE86CC,菜公段六小段,9.19,都市：住
RPQOMLTKMHOFFEE56CC,新庄段十三小段,8.67,都市：商
RPUOMLTKMHOFFEE96CC,新庄段十三小段,6.78,都市：商
RPSRMLSKMHOFFEE96CC,新庄段十三小段,6.70,都市：商
RPROMLTKMHOFFEE66CC,新庄段十三小段,8.67,都市：商
RPRPMLTKMHOFFFE86CC,介壽段,17.00,都市：住
RPRPMLTKMHOFFFE86CC,介壽段,83.00,都市：住
RPRPMLTKMHOFFFE86CC,介壽段,100.00,都市：住
RPOPMLTKMHOFFDE98CC,大港段五小段,4.04,都市：住
RPOPMLTKMHOFFDE98CC,大港段五小段,20.85,都市：住
RPVNMLTKMHOFFDE86CC,三塊厝段,.00,都市：商
RPVRMLTKMHOFFCE17CC,憲德段一小段,4.66,都市：住
RPVOMLTKMHOFFGE27CC,新庄子段,18.63,都市：住
RPTOMLTKMHOFFGE07CC,文山段,17.45,都市：住
RPRNMLKLMHOFFBE08CC,意誠段,.00,都市：商
RPRPMLTKMHOFFEE76CC,後段,36.43,都市：住
RPQPMLTKMHOFFEE66CC,新庄段十三小段,6.70,都市：商
RPPNMLKLMHOFFEE18CC,新庄段一小段,7.78,都市：住
RPPOMLMLMHOFFBE18CC,新興段四小段,116.00,都市：商
RPQNMLKLMHOFFBE97CC,意誠段,.00,都市：商
RPVOMLMLMHOFFBE78CC,意誠段,.00,都市：商
RPSNMLMLMHOFFBE38CC,林德官段,.00,都市：商
RPVNMLMLMHOFFBE68CC,成功段,.00,都市：商
RPROMLMLMHOFFBE38CC,過田子段,7.07,都市：商
RPQNMLKLMHOFFEE28CC,新庄段一小段,7.78,都市：住
RPWOMLMLMHOFFBE88CC,成功段,.00,都市：商
RPWOMLMLMHOFFBE88CC,成功段,.00,都市：商
RPVNMLMLMHOFFAE58CC,文東段,171.00,都市：商
RPRNMLMLMHOFFAE18CC,龍中段,6.99,都市：商
RPTOMLMLMHOFFAE48CC,前金段,7.84,都市：商
RPRPMLMLMHOFFAE38CC,青海段,.00,都市：商
RPWNMLMLMHOFFAE68CC,龍中段,.00,都市：商
RPSNMLMLMHOFFAE28CC,博孝段,5.50,都市：商
RPUOMLMLMHOFFAE58CC,龍中段,6.51,都市：商
RPROMLMLMHOFFDE58CC,新都段,2065.93,都市：住
RPWOMLMLMHOFFDE09CC,大港段,116.00,都市：商
RPOOMLMLMHOFFCE18CC,愛群段,14.57,都市：商
RPVOMLMLMHOFFEE09CC,後勁段二小段,389.00,都市：商
RPWPMLMLMHOFFEE66CC,新庄段十三小段,788.00,都市：商
RPSPMLMLMHOFFCE68CC,愛群段,4.51,都市：商
RPSOMLMLMHOFFEE78CC,新庄段五小段,.00,都市：住
RPSOMLMLMHOFFEE78CC,新庄段五小段,.00,都市：住
RPQOMLMLMHOFFEE58CC,楠都段三小段,15.38,都市：住
RPPOMLMLMHOFFEE48CC,興隆段,44.52,都市：住
RPOOMLMLMHOFFGE58CC,新庄子段,16.68,都市：住
RPSOMLNLMHOFFDE78CC,大港段四小段,.00,都市：商
RPTPMLMLMHOFFGE56CC,赤山段,16.56,都市：商
RPUQMLNLMHOFFCE09CC,愛群段,.00,都市：商
RPROMLNLMHOFFDE68CC,大港段四小段,.00,都市：商
RPTOMLNLMHOFFDE88CC,澄清段二小段,37.55,都市：住
RPWOMLNLMHOFFDE56CC,獅頭段,67.00,都市：住
RPWOMLNLMHOFFDE56CC,獅頭段,73.00,都市：住
RPVOMLNLMHOFFAE78CC,民生段,.00,都市：商
RPVPMLMLMHOFFCE98CC,憲德段一小段,13.30,都市：住
RPROMLMLMHOFFEE68CC,和平段四小段,.00,非都市： ; 非都市編定：
RPXPMLMLMHOFFEE76CC,新庄段十三小段,.00,都市：住
RPUPMLMLMHOFFEE09CC,新民段,89.98,都市：住
RPTQMLNLMHOFFEE56CC,新福段十小段,11.63,都市：住
RPSNMLNLMHOFFBE48CC,意誠段,.00,都市：商
RPTQMLMLMHOFFCE88CC,憲德段二小段,.00,都市：商
RPUOMLNLMHOFFDE98CC,大港段三小段,419.00,都市：商
RPPNMLNLMHOFFBE18CC,五塊厝段,13.10,都市：商
RPUNMLNLMHOFFBE68CC,意誠段,.00,都市：商
RPUNMLOLMHOFFBE78CC,過田子段,.00,都市：商
RPWPMLOLMHOFFBE56CC,苓中段,77.00,都市：商
RPXOMLOLMHOFFIE27CC,夢裡段,2792.00,都市：農
RPQSMLOLMHOFFEE56CC,新庄段十二小段,.00,都市：住
RPOSMLOLMHOFFEE98CC,加昌段二小段,.00,都市：住
RPWRMLOLMHOFFEE07CC,左南段,.00,都市：商
RPROMLOLMHOFFLE96CC,中庄北段,28.54,都市：住
RPVQMLOLMHOFFEE86CC,新庄段九小段,542.00,都市：住
RPVQMLOLMHOFFEE86CC,新庄段九小段,474.00,都市：住
RPXNMLPLMHOFFIE27CC,青雲段,104.00,都市：住
RPSNMLPLMHOFFGE56CC,道爺段,27.10,都市：住
RPXOMLPLMHOFFIE37CC,鳳松段,.00,都市：住
RPPOMLPLMHOFFGE09DC,新庄子段,58.00,都市：住
RPXPMLPLMHOFFEE07CC,福山段,207.61,都市：商
RPUOMLPLMHOFFBE98CC,苓雅寮段,5.97,都市：商
RPSRMLPLMHOFFEE76CC,新庄段十三小段,.00,都市：商
RPOQMLPLMHOFFBE58CC,苓雅寮段,5.97,都市：商
RPSOMLPLMHOFFCE88CC,憲德段二小段,18.05,都市：商
RPSQMLPLMHOFFBE98CC,苓洲段,110.00,都市：商
RPQPMLPLMHOFFCE78CC,憲德段二小段,18.05,都市：商
RPSPMLPLMHOFFBE88CC,福裕段,77.00,都市：商
RPUNMLQLMHOFFBE98CC,新興段四小段,5.46,都市：商
RPQOMLQLMHOFFBE68CC,過田子段,63.30,都市：其他
RPQOMLQLMHOFFBE68CC,過田子段,30.00,都市：其他
RPSOMLQLMHOFFBE88CC,新興段二小段,40.00,都市：商
RPQOMLQLMHOFFAE58CC,文東段,41.00,都市：商
RPQOMLQLMHOFFAE58CC,文東段,36.00,都市：商
RPUPMLQLMHOFFGE07CC,埤頂段,.00,都市：住
RPQOMLQLMHOFFDE88CC,大豐段三小段,31.82,都市：住
RPPNMLRLMHOFFFE98CC,文化段,.00,都市：住
RPPNMLRLMHOFFDE78CC,獅頭段一小段,.00,都市：商
RPSPMLQLMHOFFGE86CC,埤頂段,96.00,都市：住
RPQNMLRLMHOFFEE98CC,新庄段十二小段,210.00,都市：住
RPXPMLQLMHOFFCE96CC,愛群段,20.02,都市：商
RPUNMLRLMHOFFEE76CC,新光段,19.79,都市：商
RPSNMLRLMHOFFBE88CC,過田子段,3.41,都市：商
RPRNMLRLMHOFFAE68CC,大智段,.00,非都市： ; 非都市編定：
RPPNMLQLMHOFFFE88CC,富貴段,128.00,都市：住
RPRQMLTLMHOFFEE96CC,興隆段,26.28,都市：住
RPUOMLTLMHOFFEE07CC,新庄段十三小段,6.70,都市：商
RPQPMLTLMHOFFEE76CC,菜公段六小段,.00,都市：住
RPQNMLTLMHOFFEE56CC,新華段,12.51,都市：住
RPPNMLTLMHOFFDE98CC,建豐段,5.69,都市：商
RPSNMLTLMHOFFDE66CC,大豐段一小段,15.16,都市：住
RPPNMLSLMHOFFEE98CC,福民段,.00,都市：住
RPRNMLTLMHOFFEE66CC,楠梓段五小段,10.37,都市：商
RPPQMLTLMHOFFEE76CC,新庄段四小段,80.00,都市：住
RPPNMLTLMHOFFAE68CC,龍華段八小段,10.85,都市：商
RPRNMLTLMHOFFAE88CC,青海段,12.09,都市：商
RPPOMLTLMHOFFLE27CC,翁公園段二小段,972.00,都市：農
RPPOMLTLMHOFFLE27CC,翁公園段二小段,28.00,都市：農
RPPOMLTLMHOFFLE27CC,翁公園段二小段,770.00,都市：農
RPPOMLTLMHOFFLE27CC,翁公園段二小段,26.00,都市：農
RPUNMLTLMHOFFAE56CC,前金段,.00,都市：商
RPROMLTLMHOFFAE98CC,龍中段,12.43,都市：商
RPVNMLTLMHOFFAE66CC,青海段,.00,都市：住
RPXNMLKMMHOFFGE66CC,七老爺段,184.00,都市：住
RPXNMLKMMHOFFGE66CC,七老爺段,75.00,都市：住
RPXNMLKMMHOFFGE66CC,七老爺段,162.00,都市：住
RPRNMLTLMHOFFCE09CC,憲德段二小段,24.39,都市：商
RPVOMLTLMHOFFGE37CC,七老爺段一甲小段,82.00,都市：商
RPXOMLTLMHOFFCE17CC,愛群段,.00,都市：商
RPVNMLTLMHOFFCE86CC,高松段一小段,38.99,都市：住
RPSNMLKMMHOFFGE78CC,五甲段,17.12,都市：住
RPTOMLKMMHOFFGE98CC,赤山段,8.37,都市：商
RPPOMLKMMHOFFGE58CC,新甲段,19.06,都市：住
RPSOMLTLMHOFFBE56CC,大統段一小段,.00,都市：商
RPOQMLTLMHOFFCE09CC,憲德段二小段,.00,都市：商
RPWNMLTLMHOFFCE96CC,愛群段,.00,都市：商
RPVNMLTLMHOFFBE76CC,新興段二小段,15.56,都市：商
RPOPMLKMMHOFFGE58CC,新甲段,15.84,都市：住
RPVPMLLJNHOFFEE98CC,菜公段二小段,2171.00,都市：工
RPRNMLKMMHOFFAE08CC,龍中段,22.78,都市：商
RPPOMLKMMHOFFCE18CC,光華段,10.72,都市：住
RPWOMLKMMHOFFEE09CC,左北段,29.47,都市：住
RPQOMLKMMHOFFCE28CC,光華段,10.72,都市：住
RPROMLKMMHOFFBE28CC,意誠段,.00,都市：商
RPTPMLMJNHOFFCE68CC,店鎮段一小段,148.00,都市：商
RPPOMLLJNHOFFAE87CC,北金段,21.00,都市：住
RPUOMLMJNHOFFDE78CC,大港段七小段,24.50,都市：商
RPQOMLLJNHOFFAE97CC,北金段,21.00,都市：住
RPUNMLKMMHOFFBE48CC,成功段,9.66,都市：商
RPSNMLKMMHOFFBE28CC,五塊厝段,2645.00,都市：住
RPTNMLKMMHOFFBE38CC,苓雅寮段,5.73,都市：商
RPXOMLNJNHOFFIE07CC,松埔段,40.99,非都市：鄉村區 ; 非都市編定：乙種建築用地
RPWNMLMJNHOFFGE56CC,文英段,76.00,都市：住
RPPRMLNJNHOFFCE58CC,憲德段二小段,15.64,都市：商
RPVRMLNJNHOFFCE56CC,瑞隆段四小段,2341.00,都市：商
RPSOMLMJNHOFFBE38CC,苓雅寮段,5.73,都市：商
RPPNMLNJNHOFFAE97CC,青海段,.00,都市：住
RPOOMLMJNHOFFFE38CC,石螺段,1150.00,非都市：鄉村區 ; 非都市編定：乙種建築用地
RPXNMLNJNHOFFBE88CC,苓雅寮段,7.52,都市：商
RPQNMLNJNHOFFAE08CC,龍中段,.00,都市：住
RPROMLNJNHOFFEE68CC,果貿段,.00,都市：住
RPQOMLNJNHOFFEE58CC,新庄段十三小段,5.99,都市：商
RPPOMLNJNHOFFAE08CC,龍華段八小段,38.69,都市：其他
RPRNMLOJNHOFFBE38CC,新興段四小段,57.99,都市：商
RPQNMLPJNHOFFEE68CC,福山段,.00,都市：商
RPSNMLQJNHOFFAE58CC,大榮段,3.16,都市：商
RPWNMLQJNHOFFBE09CC,新興段二小段,.00,都市：商
RPPOMLQJNHOFFBE48CC,成功段,.00,都市：商
RPUOMLQJNHOFFBE98CC,新興段一小段,27.72,都市：商
RPUOMLQJNHOFFBE98CC,新興段一小段,20.30,都市：商
RPWNMLQJNHOFFAE98CC,青海段,.00,都市：住
RPSOMLNJNHOFFDE68CC,覆鼎金段覆鼎金小段,7.02,都市：住
RPXOMLNJNHOFFDE56CC,鼎泰段,11.79,都市：住
RPRPMLNJNHOFFDE68CC,覆鼎金段覆鼎金一小段,16.64,都市：住
RPTNMLOJNHOFFGE09CC,明頂段,135.68,都市：住
RPSNMLOJNHOFFGE98CC,明頂段,135.68,都市：住
RPXNMLQJNHOFFGE07CC,大貝湖段,18.80,都市：住
RPROMLQJNHOFFGE56CC,竹子腳段,15.20,都市：住
RPPPMLQJNHOFFGE09CC,大貝湖段,.00,都市：住
RPPOMLQJNHOFFLE86CC,磚子段,1523.00,都市：農
RPQOMLQJNHOFFAE58DC,前金段,264.00,都市：商
RPQOMLQJNHOFFAE58DC,前金段,64.00,都市：商
RPQOMLQJNHOFFAE58DC,前金段,86.00,都市：商
RPQOMLQJNHOFFAE58DC,前金段,42.00,都市：商
RPUNMLQJNHOFFFE66CC,安西段,220.11,都市：工
RPXNMLRJNHOFFFE07CC,後壁田段,.00,都市：商
RPUNMLRJNHOFFGE86CC,華鳳段,18.52,都市：住
RPROMLQJNHOFFCE78CC,盛興段,.00,都市：商
RPTNMLRJNHOFFAE78CC,青海段,10.94,都市：商
RPXNMLQJNHOFFJE37CC,海埔段,144.00,都市：工
RPVNMLRJNHOFFCE56CC,仁愛段,78.00,都市：商
RPVNMLRJNHOFFCE56CC,仁愛段,14.00,都市：商
RPUNMLRJNHOFFAE88CC,龍華段八小段,10.85,都市：商
RPUOMLRJNHOFFAE98CC,博孝段,.00,都市：商
RPTOMLRJNHOFFAE88CC,前金段,.00,都市：商
RPWOMLRJNHOFFAE56CC,後金段,.00,都市：商
RPWPMLRJNHOFFCE86CC,憲德段二小段,.00,都市：商
RPOOMLNJNHOFFDE28CC,獅頭段,64.00,都市：商
RPWNMLRJNHOFFBE56CC,意誠段,.00,都市：商
RPOOMLRJNHOFFBE48CC,過田子段,.00,都市：商
RPROMLRJNHOFFBE78CC,新興段二小段,9.75,都市：商
RPROMLRJNHOFFBE78CC,新興段二小段,6.00,都市：商
RPRNMLRJNHOFFBE68CC,新興段四小段,.00,都市：商
RPRNMLRJNHOFFBE68CC,新興段四小段,.00,都市：商
RPOQMLRJNHOFFBE68CC,過田子段,62.00,都市：商
RPXPMLRJNHOFFBE86CC,過田子段,62.00,都市：商
RPXNMLRJNHOFFBE66CC,意誠段,.00,都市：商
RPWPMLRJNHOFFBE76CC,成功段,.00,都市：商
RPOPMLRJNHOFFEE88CC,福山段,5.91,都市：商
RPWPMLRJNHOFFEE07CC,新庄段五小段,.00,都市：住
RPSNMLRJNHOFFDE98CC,三塊厝段一小段,3.67,都市：商
RPVOMLRJNHOFFDE76CC,大豐段一小段,80.00,都市：商
RPSPMLRJNHOFFDE56CC,陽明段一小段,82.00,都市：住
RPWNMLSJNHOFFEE96CC,新庄段七小段,16.93,都市：住
RPPOMLSJNHOFFEE98CC,新庄段一小段,.00,都市：住
RPVPMLSJNHOFFEE07CC,新庄段十二小段,.00,都市：住
RPTPMLSJNHOFFEE86CC,新民段,20.18,都市：住
RPRNMLSJNHOFFBE78CC,正德段,176.69,都市：住
RPRNMLSJNHOFFBE78CC,正德段,3.04,都市：其他
RPQNMLSJNHOFFBE68CC,新興段二小段,20.49,都市：商
RPQOMLSJNHOFFBE78CC,苓洲段,4.32,都市：商
RPRPMLRJNHOFFDE09CC,有光段,76.22,都市：商
RPUNMLSJNHOFFDE66CC,鼎山段,64.34,都市：住
RPROMLSJNHOFFDE09CC,獅頭段,9.56,都市：住
RPVNMLSJNHOFFDE76CC,三塊厝段三小段,16.75,都市：住
RPPNMLSJNHOFFDE78CC,河濱段,.00,都市：商
RPOOMLSJNHOFFGE09CC,頂新段,35.02,都市：商
RPTNMLSJNHOFFDE56CC,澄東段,165.70,都市：住
RPROMLSJNHOFFGE76CC,新甲段,71.00,都市：住
RPSOMLSJNHOFFGE86CC,鳳青段,1806.14,都市：住
RPWOMLSJNHOFFGE27CC,新庄子段,.00,都市：住
RPOOMLTJNHOFFLE07CC,山子頂段,106.00,都市：農
RPUNMLSJNHOFFIE17CC,灣北段,72.22,都市：住
RPWQMLSJNHOFFCE07CC,獅甲段,2.20,都市：商
RPWQMLSJNHOFFCE07CC,獅甲段,2.02,都市：商
RPQQMLSJNHOFFFE76CC,岡山段,73.00,都市：其他
RPQQMLSJNHOFFFE76CC,岡山段,5.00,都市：其他
RPQQMLSJNHOFFFE76CC,岡山段,5.00,都市：其他
RPORMLSJNHOFFCE98CC,中厝段,.00,都市：住
RPTRMLSJNHOFFCE86CC,瑞南段一小段,.00,都市：商
RPOOMLTJNHOFFEE98CC,和平段四小段,34.27,都市：住
RPWNMLTJNHOFFBE76CC,新興段四小段,.00,都市：商
RPWNMLTJNHOFFEE07CC,新庄段十三小段,.00,都市：商
RPXPMLSJNHOFFFE37CC,新莊段,.00,非都市：鄉村區 ; 非都市編定：乙種建築用地
RPSONLTJNHOFFCE66CC,獅甲段,.00,非都市： ; 非都市編定：
RPSONLTJNHOFFCE66CC,獅甲段,.00,非都市： ; 非都市編定：
RPVONLTJNHOFFCE96CC,愛群段,.00,都市：商
RPPOMLTJNHOFFEE09CC,新庄段十三小段,.00,都市：商
RPVNMLKKNHOFFBE48CC,林德官段一小段,47.00,都市：住
RPXNMLKKNHOFFEE98CC,新庄段十三小段,8.67,都市：商
RPROMLKKNHOFFDE38CC,建民段,10.00,都市：商
RPTNMLKKNHOFFBE28CC,林德官段,12.03,都市：商
RPWNMLKKNHOFFBE58CC,新興段二小段,128.00,都市：商
RPWNMLKKNHOFFBE58CC,新興段二小段,29.00,都市：商
RPWNMLKKNHOFFBE58CC,新興段二小段,12.00,都市：商
RPWNMLKKNHOFFBE58CC,新興段二小段,48.00,都市：商
RPWNMLKKNHOFFBE58CC,新興段二小段,121.00,都市：商
RPQNMLKKNHOFFAE87CC,青海段,9.65,都市：住
RPOOMLKKNHOFFBE87CC,林德官段一小段,6.09,都市：商
RPRNMLKKNHOFFAE97CC,龍華段八小段,12.08,都市：商
RPVNMLKKNHOFFAE38CC,內惟段六小段,20.07,都市：住
RPSNMLKKNHOFFAE08CC,青海段,.00,都市：住
RPRNMLKKNHOFFEE38CC,翠屏段一小段,.00,都市：住
RPWNMLKKNHOFFAE48CC,前金段,17.98,都市：住
RPOOMLKKNHOFFEE18CC,新華段,12.88,都市：住
RPWOMLKKNHOFFCE78CC,鎮昌段一小段,26.79,都市：住
RPSNMLKKNHOFFCE28CC,盛興段,12.21,都市：住
RPTNMLKKNHOFFCE38CC,憲德段二小段,17.07,都市：商
RPOOMLKKNHOFFCE97CC,愛群段,8.10,都市：住
RPPOMLKKNHOFFGE48CC,新庄子段,71.00,都市：住
RPXNMLKKNHOFFGE56CC,新甲段,414.00,都市：工
RPWNMLKKNHOFFGE09CC,新甲段,104.00,都市：住
