﻿編號,土地區段位置,土地移轉面積平方公尺,使用分區或編定
The serial number,land sector position,land shifting area square meter,the use zoning or compiles and checks
RPSNMLPLKHOFFDK66CC,龍鳳段,77.00,都市：住
RPUNMLOJLHOFFDK66CC,龍富段,84.30,都市：住
RPQNMLTJMHOFFDK86CC,龍天段,132.89,都市：工
RPQNMLTJMHOFFDK86CC,龍天段,51.23,都市：工
RPQOMLPKLHOFFDK56CC,立達段,106.78,都市：住
RPVNMLQJNHOFFDK17CC,龍天段,134.53,都市：工
RPVNMLQJNHOFFDK17CC,龍天段,133.00,都市：工
RPVNMLQJNHOFFDK17CC,龍天段,133.00,都市：工
RPROMLOJLHOFFFK66CC,仁愛段,70.89,都市：住
RPROMLOJLHOFFFK66CC,仁愛段,131.46,都市：住
