﻿編號,屋齡,建物移轉面積平方公尺,主要用途,主要建材,建築完成日期,總層數,建物分層
The serial number,room age,building shifting area square meter,the main use,main building materials,construction completes the date,total layer,building lamination
RPPNMLPKKHOFFBQ09CA,15,182.33,見其他登記事項,鋼筋混凝土造,93年3月26日,四層,一層 二層 三層 四層
RPPNMLPKKHOFFBQ09CA,15,5.48,見其他登記事項,鋼筋混凝土造,93年3月26日,三層,
RPTNMLSKKHOFFCQ27CA,24,89.03,見其他登記事項,鋼筋混凝土造,83年8月10日,七層,四層
RPTNMLSKKHOFFCQ27CA,24,9.87,共有部份,鋼筋混凝土造,83年8月10日,七層,
RPTNMLSKKHOFFCQ27CA,24,9.89,共有部份,鋼筋混凝土造,83年8月10日,七層,
RPPNMLQKKHOFFBQ56CA,35,113.52,住家用,鋼筋混凝土加強磚造,72年12月27日,二層,一層 二層 騎樓
RPQNMLQKKHOFFDQ86CA,4,268.56,見其他登記事項,鋼筋混凝土造,103年9月29日,四層,一層 二層 三層 四層 見其他登記事項
RPTNMLSKKHOFFBQ27DA,64,9.00,住商用,見其他登記事項,44年7月15日,二層,一層 二層
RPSNMLPLKHOFFEQ37EA,26,37.23,住家用,鋼筋混凝土造,82年4月1日,十八層,十三層
RPVNMLOKKHOFFDQ17CA,14,19.73,見其他登記事項,鋼筋混凝土造,94年2月4日,五層,二層
RPVNMLOKKHOFFDQ17CA,14,7.22,見其他登記事項,鋼筋混凝土造,94年2月4日,五層,
RPPNMLOLKHOFFCQ56CA,26,155.81,見其他登記事項,鋼筋混凝土造,81年12月23日,三層,一層 二層 三層 電梯樓梯間
RPPNMLTJLHOFFDQ07CA,20,124.21,住家用,鋼筋混凝土造,87年11月24日,三層,一層 二層 三層
SPVNMLOKKHOFFDQ27CA,14,19.73,見其他登記事項,鋼筋混凝土造,94年2月4日,五層,二層
SPVNMLOKKHOFFDQ27CA,14,7.22,見其他登記事項,鋼筋混凝土造,94年2月4日,五層,
RPSOMLOJLHOFFDQ96CA,,184.58,見其他登記事項,鋼筋混凝土造,107年8月14日,三層,一層 二層 三層 見其他登記事項
RPRNMLQKKHOFFCQ86CA,37,115.13,住家用,鋼筋混凝土加強磚造,70年12月14日,二層,一層 二層 電梯樓梯間
RPRNMLLLKHOFFCQ66EA,58,59.40,見其他登記事項,見其他登記事項,49年8月15日,二層,一層 二層 騎樓
RPQNMLPKKHOFFBQ56CA,12,225.90,住家用,鋼筋混凝土造,96年3月26日,四層,一層 二層 三層 四層
RPSNMLKLKHOFFBQ98CA,37,115.88,住商用,鋼筋混凝土加強磚造,70年12月28日,二層,一層 二層
SPOOMLKLKHOFFBQ78CA,9,1.06,見其他登記事項,鋼筋混凝土造,98年11月11日,二層,
RPOOMLKLKHOFFBQ68CA,9,269.24,住商用,鋼筋混凝土造,98年11月11日,四層,一層 二層 三層 四層
RPQNMLOLKHOFFBQ56CA,22,89.51,住家用,鋼筋混凝土造,85年11月23日,七層,七層
RPQNMLOLKHOFFBQ56CA,22,23.44,見其他登記事項,鋼筋混凝土造,85年11月23日,七層,
RPQNMLOLKHOFFBQ56CA,22,12.15,見其他登記事項,鋼筋混凝土造,85年11月23日,七層,
RPRNMLPLKHOFFBQ76CA,9,210.15,住商用,鋼筋混凝土造,98年11月11日,四層,一層 二層 三層 四層
RPRNMLPLKHOFFBQ76CA,9,.84,見其他登記事項,鋼筋混凝土造,98年11月11日,二層,一層 二層
RPRNMLTJLHOFFBQ07CA,13,178.77,見其他登記事項,鋼筋混凝土造,94年7月7日,三層,一層 二層 三層 見其他登記事項
RPUNMLQLKHOFFBQ17CA,26,203.67,住商用,鋼筋混凝土造,82年4月22日,四層,一層 二層 三層 四層 騎樓
RPTNMLTJLHOFFBQ27CA,9,241.20,見其他登記事項,鋼筋混凝土造,98年9月15日,四層,一層 二層 三層 四層
RPPNMLOLKHOFFBQ09CA,12,17.36,住家用,鋼筋混凝土造,95年8月28日,八層,六層
RPPNMLOLKHOFFBQ09CA,12,6.82,共有部份,鋼筋混凝土造,95年8月28日,,
RPPNMLOLKHOFFBQ09CA,12,4.12,共有部份,鋼筋混凝土造,95年8月28日,,
RPPNMLKLKHOFFCQ98EA,27,177.09,住家用,鋼筋混凝土加強磚造,80年9月2日,三層,一層 二層 三層 電梯樓梯間
RPPNMLQLKHOFFCQ76CA,37,144.85,住家用,鋼筋混凝土加強磚造,70年12月3日,三層,一層 二層 三層 電梯樓梯間
RPPNMLQKLHOFFCQ76CA,50,98.34,住家用,見其他登記事項,58年1月1日,二層,一層 二層
RPPNMLLLKHOFFEQ66EA,38,44.53,住商用,鋼筋混凝土加強磚造,70年6月27日,二層,一層 二層 騎樓
RPRNMLSJLHOFFBQ96CA,41,120.20,住家用,鋼筋混凝土加強磚造,66年8月26日,二層,一層 二層 騎樓
RPRNMLPJLHOFFBQ66CA,4,1.00,見其他登記事項,鋼筋混凝土造,104年1月6日,一層,一層
RPRNMLPJLHOFFBQ66CA,3,294.25,見其他登記事項,鋼筋混凝土造,104年7月20日,三層,一層 二層 三層
RPPOMLSJLHOFFDQ07CA,39,93.88,住商用,鋼筋混凝土加強磚造,68年9月29日,二層,一層 二層
RPSNMLTKKHOFFDQ37CA,25,168.36,住家用,鋼筋混凝土造,83年6月20日,四層,一層 二層 三層 四層 地下層
RPSNMLTKKHOFFDQ37CA,25,23.07,共有部分,鋼筋混凝土造,83年6月20日,,
RPWNMLMKLHOFFDQ17CA,23,148.84,住家用,鋼筋混凝土加強磚造,84年9月12日,三層,一層 二層 三層
RPVNMLMLKHOFFCQ96CA,24,86.12,見其他登記事項,鋼筋混凝土造,83年8月10日,七層,七層
RPVNMLMLKHOFFCQ96CA,24,29.61,共有部份,鋼筋混凝土造,83年8月10日,七層,
RPVNMLMLKHOFFCQ96CA,24,11.75,共有部份,鋼筋混凝土造,83年8月10日,七層,
RPXNMLKLKHOFFBQ96DA,12,19.19,住家用,鋼筋混凝土造,95年8月28日,八層,三層
RPXNMLKLKHOFFBQ96DA,12,19.19,住家用,鋼筋混凝土造,95年8月28日,八層,三層
RPQNMLPLKHOFFDQ86CA,3,165.34,住家用,見其他登記事項,104年9月24日,三層,一層 二層 三層 見其他登記事項
RPQNMLKLKHOFFDQ09DA,39,153.96,住家用,鋼筋混凝土加強磚造,69年3月1日,三層,一層 二層 三層 騎樓
RPSNMLLLKHOFFDQ66CA,1,205.37,住家用,鋼筋混凝土造,107年5月17日,三層,一層 二層 三層 見其他登記事項
RPPNMLOLKHOFFDQ66CA,3,233.49,見其他登記事項,鋼筋混凝土造,104年11月30日,三層,一層 二層 三層 見其他登記事項
RPPOMLQLKHOFFDQ96CA,44,232.19,住家用,見其他登記事項,64年6月15日,三層,一層 二層 三層
RPSNMLQLKHOFFDQ17CA,35,117.02,住家用,鋼筋混凝土加強磚造,73年1月6日,二層,一層 二層 騎樓
RPOPMLQJLHOFFCQ76CA,36,113.35,住家用,鋼筋混凝土加強磚造,72年5月3日,二層,一層 二層
RPQNMLQLKHOFFCQ86CA,,162.44,見其他登記事項,鋼筋混凝土造,107年12月14日,三層,一層 二層 三層 見其他登記事項
RPQNMLPJLHOFFDQ76CA,26,278.88,見其他登記事項,鋼筋混凝土造,82年3月17日,三層,一層 二層 三層
RPUNMLLLKHOFFCQ76CA,4,252.10,住家用,鋼筋混凝土造,103年8月13日,四層,一層 二層 三層 四層
RPSNMLSJLHOFFBQ07CA,88,41.82,住家用,木造,20年1月1日,一層,一層
RPQNMLNLKHOFFCQ56CA,37,101.92,住家用,鋼筋混凝土加強磚造,71年5月4日,二層,一層 二層 騎樓
RPPNMLMJLHOFFCQ88CA,,196.72,見其他登記事項,鋼筋混凝土造,107年10月11日,三層,一層 二層 三層 見其他登記事項
RPUNMLSJLHOFFCQ37CA,25,164.12,住家用,鋼筋混凝土造,82年8月16日,三層,一層 二層 三層 電梯樓梯間
RPRNMLQLKHOFFCQ96CA,,162.44,見其他登記事項,鋼筋混凝土造,107年12月14日,三層,一層 二層 三層 見其他登記事項
RPQOMLQJLHOFFCQ86CA,1,2540.16,見其他登記事項,見其他登記事項,106年9月7日,一層,一層
RPUNMLPJLHOFFDQ17CA,41,99.20,住商用,鋼筋混凝土加強磚造,67年3月10日,二層,一層 二層 騎樓
RPWNMLLKLHOFFDQ07CA,14,16.80,住家用,鋼筋混凝土造,93年8月3日,5,一層
RPWNMLLKLHOFFDQ07CA,14,.17,見其他登記事項,鋼筋混凝土造,93年8月3日,五層,
RPWNMLLKLHOFFDQ07CA,14,.57,見其他登記事項,鋼筋混凝土造,93年8月3日,五層,
RPWNMLLKLHOFFDQ07CA,14,4.61,見其他登記事項,鋼筋混凝土造,93年8月3日,五層,
RPWNMLLKLHOFFDQ07CA,14,.70,見其他登記事項,鋼筋混凝土造,93年8月3日,五層,
RPWNMLLKLHOFFDQ07CA,14,1.27,見其他登記事項,鋼筋混凝土造,93年8月3日,五層,
RPQNMLOKLHOFFDQ76CA,13,148.32,住家用,鋼筋混凝土造,95年5月12日,三層,一層 二層 三層
RPTNMLRLKHOFFDQ37CA,38,148.36,住家用,鋼筋混凝土加強磚造,69年9月30日,二層,一層 二層
RPROMLOJLHOFFDQ96DA,41,92.13,住家用,鋼筋混凝土加強磚造,67年4月2日,二層,一層 二層
RPRNMLMKLHOFFCQ56CA,,664.37,見其他登記事項,鋼筋混凝土造,107年10月2日,五層,一層 二層 三層 四層 五層 騎樓 見其他登記事項
RPQNMLQLKHOFFBQ76CA,1,187.04,見其他登記事項,鋼筋混凝土造,107年6月11日,三層,一層 二層 三層 屋頂突出物
RPRNMLQLKHOFFBQ86CA,1,214.74,見其他登記事項,鋼筋混凝土造,107年6月11日,三層,一層 二層 三層 屋頂突出物
RPUNMLQLKHOFFDQ37CA,39,90.62,住家用,鋼筋混凝土加強磚造,68年11月25日,二層,一層 二層 騎樓
RPSNMLQJLHOFFDQ07CA,32,119.54,住家用,鋼筋混凝土加強磚造,75年12月29日,三層,一層 二層 三層
RPQOMLQLKHOFFDQ07CA,12,198.35,見其他登記事項,鋼筋混凝土造,96年7月17日,四層,一層 二層 三層 四層
SPQOMLQLKHOFFDQ17CA,13,.53,見其他登記事項,鋼筋混凝土造,95年7月18日,一層,
TPQOMLQLKHOFFDQ27CA,13,.92,見其他登記事項,鋼筋混凝土造,95年7月18日,四層,
RPSNMLOKLHOFFCQ86CA,5,56.75,見其他登記事項,鋼筋混凝土造,103年4月10日,三層,一層 二層 三層 見其他登記事項
UPQOMLQLKHOFFDQ37CA,13,1.25,見其他登記事項,鋼筋混凝土造,95年7月18日,三層,
RPQNMLQJLHOFFBQ66CA,23,188.15,住家用,鋼筋混凝土加強磚造,85年1月17日,三層,一層 二層 三層
RPQNMLQJLHOFFBQ66CA,23,15.94,見其他登記事項,鋼筋混凝土加強磚造,85年1月17日,,
RPPNMLTJLHOFFEQ17CA,58,24.79,住商用,見其他登記事項,50年2月15日,一層,一層 騎樓
RPVNMLOKLHOFFBQ07CA,13,17.64,住家用,鋼筋混凝土造,94年10月3日,十層,二層
RPVNMLOKLHOFFBQ07CA,13,.11,見其他登記事項,鋼筋混凝土造,94年10月3日,十層,
RPVNMLOKLHOFFBQ07CA,13,9.30,見其他登記事項,鋼筋混凝土造,94年10月3日,十層,
RPQNMLSKLHOFFBQ96CA,37,188.10,住商用,鋼筋混凝土加強磚造,70年10月8日,四層,一層 二層 三層 四層 騎樓
RPPNMLOJLHOFFBQ98CA,27,115.46,住商用,鋼筋混凝土造,81年7月18日,三層,一層 二層 三層
RPVNMLLKLHOFFCQ86CA,37,111.71,住家用,鋼筋混凝土加強磚造,70年12月29日,二層,一層 二層
RPPNMLSJLHOFFCQ86CA,25,105.37,住家用,鋼筋混凝土造,82年12月14日,七層,六層
RPPNMLSJLHOFFCQ86CA,25,9.47,共有部份,鋼筋混凝土造,82年12月14日,七層,
RPPNMLSJLHOFFCQ86CA,25,10.22,共有部份,鋼筋混凝土造,82年12月14日,七層,
RPUNMLLKLHOFFCQ76CA,11,135.76,住家用,鋼筋混凝土造,97年1月15日,三層,一層 二層 三層
RPWNMLLLLHOFFCQ07CA,,183.31,見其他登記事項,鋼筋混凝土造,107年7月31日,三層,一層 二層 三層 見其他登記事項
RPROMLMLLHOFFCQ76CA,38,115.36,住商用,鋼筋混凝土加強磚造,70年5月13日,三層,一層 二層 三層
RPROMLMLLHOFFCQ76CA,38,115.36,住商用,鋼筋混凝土加強磚造,70年5月13日,三層,一層 二層 三層
RPQOMLOJLHOFFDQ76CA,14,15.37,見其他登記事項,鋼筋混凝土造,94年8月15日,五層,三層
RPQOMLOJLHOFFDQ76CA,14,6.84,見其他登記事項,鋼筋混凝土造,94年8月15日,五層,
RPOOMLSJLHOFFDQ96CA,13,148.32,住家用,鋼筋混凝土造,95年5月12日,三層,一層 二層 三層
RPRNMLTJLHOFFDQ27CA,40,141.09,住家用,見其他登記事項,67年10月1日,三層,一層 二層 三層 騎樓
RPUNMLQJLHOFFDQ27CA,15,165.92,住家用,鋼筋混凝土造,92年6月24日,三層,一層 二層 三層
RPRNMLSKLHOFFBQ07CA,37,123.93,見其他登記事項,鋼筋混凝土加強磚造,71年6月24日,三層,一層 二層 三層
RPTNMLMLLHOFFCQ86CA,3,230.30,見其他登記事項,鋼筋混凝土造,105年5月19日,四層,一層 二層 三層 四層
RPQNMLPKLHOFFCQ76CA,26,164.04,住家用,鋼筋混凝土造,82年5月7日,三層,一層 二層 三層 電梯樓梯間
RPRNMLTKLHOFFBQ17CA,13,17.73,住家用,鋼筋混凝土造,94年10月3日,十層,四層
RPRNMLTKLHOFFBQ17CA,13,.11,見其他登記事項,鋼筋混凝土造,94年10月3日,十層,
RPRNMLTKLHOFFBQ17CA,13,9.36,見其他登記事項,鋼筋混凝土造,94年10月3日,十層,
RPRNMLNLLHOFFCQ76CA,25,210.77,住家用,鋼筋混凝土造,82年12月15日,四層,一層 二層 三層 四層
RPRNMLPJLHOFFCQ76CA,3,265.99,住家用,鋼筋混凝土造,105年6月28日,四層,一層 二層 三層 四層
RPXOMLQJLHOFFCQ77EA,15,152.53,住家用,鋼筋混凝土造,93年3月26日,三層,一層 二層 三層
RPRNMLTKLHOFFCQ27CA,20,161.36,住家用,鋼筋混凝土造,88年5月26日,四層,一層 二層 三層 四層
RPPNMLLKLHOFFCQ09EA,41,129.23,住家用,鋼筋混凝土加強磚造,66年11月25日,二層,一層 二層
RPTNMLPJLHOFFDQ07CA,39,92.68,住商用,鋼筋混凝土加強磚造,69年2月22日,二層,一層 二層 騎樓
RPUNMLSJLHOFFDQ47CA,26,168.58,住家用,鋼筋混凝土造,82年1月28日,四層,一層 二層 三層 四層
RPRNMLPKLHOFFDQ96CA,3,282.80,住家用,鋼筋混凝土造,105年8月2日,四層,一層 二層 三層 四層 見其他登記事項
RPUOMLQJLHOFFCQ37DA,35,87.46,住家用,鋼筋混凝土加強磚造,72年8月19日,二層,一層 二層 電梯樓梯間
RPQOMLLLLHOFFCQ56CA,3,219.57,見其他登記事項,鋼筋混凝土造,105年5月19日,四層,一層 二層 三層 四層
RPVNMLSJLHOFFCQ47CA,24,194.14,住家用,鋼筋混凝土造,83年9月5日,四層,一層 二層 三層 四層 電梯樓梯間 夾層
RPWNMLLKLHOFFCQ96CA,2,222.66,見其他登記事項,鋼筋混凝土造,105年12月27日,四層,一層 二層 三層 四層
RPPNMLQJLHOFFBQ56CA,13,16.18,住家用,鋼筋混凝土造,94年10月3日,十層,十層
RPPNMLQJLHOFFBQ56CA,13,.10,見其他登記事項,鋼筋混凝土造,94年10月3日,十層,
RPPNMLQJLHOFFBQ56CA,13,8.53,見其他登記事項,鋼筋混凝土造,94年10月3日,十層,
RPWNMLSJLHOFFCQ57CA,21,172.58,住家用,鋼筋混凝土造,86年11月6日,三層,一層 二層 三層 電梯樓梯間
RPPNMLRJLHOFFCQ76CA,,164.79,見其他登記事項,鋼筋混凝土造,107年12月14日,三層,一層 二層 三層 見其他登記事項
RPQNMLSJLHOFFCQ96CA,39,186.29,住商用,鋼筋混凝土加強磚造,69年5月31日,三層,一層 二層 三層 騎樓
RPPNMLLMLHOFFCQ09CA,39,101.12,住家用,鋼筋混凝土加強磚造,69年3月31日,二層,一層 二層 電梯樓梯間
RPTNMLMLLHOFFBQ76CA,38,144.93,住家用,鋼筋混凝土加強磚造,69年10月9日,二層,一層 二層 騎樓
RPQOMLSJLHOFFDQ17CA,25,86.02,見其他登記事項,鋼筋混凝土造,82年10月6日,九層,九層
RPQOMLSJLHOFFDQ17CA,25,13.34,見其他登記事項,鋼筋混凝土造,82年10月6日,9,
RPQOMLSJLHOFFDQ17CA,25,10.88,見其他登記事項,鋼筋混凝土造,82年10月6日,九層,
RPVNMLQJLHOFFDQ37CA,20,43.89,見其他登記事項,鋼筋混凝土造,88年5月31日,五層,二層
RPVNMLQJLHOFFDQ37CA,20,5.46,見其他登記事項,鋼筋混凝土造,88年5月31日,五層,
RPVNMLQJLHOFFDQ37CA,20,.40,見其他登記事項,鋼筋混凝土造,88年5月31日,一層,
RPVNMLQJLHOFFDQ37CA,20,43.89,見其他登記事項,鋼筋混凝土造,88年5月31日,五層,二層
RPVNMLQJLHOFFDQ37CA,20,5.46,見其他登記事項,鋼筋混凝土造,88年5月31日,五層,
RPVNMLQJLHOFFDQ37CA,20,.40,見其他登記事項,鋼筋混凝土造,88年5月31日,一層,
RPSNMLLKLHOFFDQ66CA,6,160.84,見其他登記事項,鋼筋混凝土造,101年11月22日,三層,一層 二層 三層 見其他登記事項
RPOOMLLKLHOFFDQ98CA,25,161.54,住家用,鋼筋混凝土造,82年9月7日,三層,一層 二層 三層
RPQOMLLKLHOFFDQ56CA,43,80.44,住家用,木造,65年7月1日,二層,一層 二層 騎樓
RPPNMLPKLHOFFCQ66CA,3,217.55,見其他登記事項,鋼筋混凝土造,105年2月1日,三層,一層 二層 三層 見其他登記事項
RPPNMLQKLHOFFDQ86CA,25,33.00,見其他登記事項,鋼筋混凝土造,82年10月6日,九層,六層
RPPNMLQKLHOFFDQ86CA,25,5.20,見其他登記事項,鋼筋混凝土造,82年10月6日,9,
RPPNMLQKLHOFFDQ86CA,25,1.95,見其他登記事項,鋼筋混凝土造,82年10月6日,九層,
RPPNMLQKLHOFFDQ86CA,25,10.70,見其他登記事項,鋼筋混凝土造,82年10月6日,九層,
RPUNMLLLLHOFFCQ86CA,,147.18,住家用,鋼筋混凝土造,107年9月4日,二層,一層 二層
RPPOMLLKLHOFFDQ09CA,38,67.80,住家用,磚造,70年6月15日,一層,一層
RPTNMLLLLHOFFCQ76CA,,146.63,住家用,鋼筋混凝土造,107年9月4日,二層,一層 二層
RPRNMLQKLHOFFCQ96CA,25,159.55,住家用,鋼筋混凝土造,83年6月29日,三層,一層 二層 三層 電梯樓梯間
RPRNMLMKLHOFFDQ66CA,14,17.13,見其他登記事項,鋼筋混凝土造,94年2月4日,五層,三層
RPRNMLMKLHOFFDQ66CA,14,5.89,見其他登記事項,鋼筋混凝土造,94年2月4日,五層,
RPXNMLLLLHOFFCQ17CA,,204.83,見其他登記事項,鋼筋混凝土造,107年7月31日,三層,一層 二層 三層 見其他登記事項
RPSNMLMKLHOFFDQ76CA,14,17.13,見其他登記事項,鋼筋混凝土造,94年2月4日,五層,五層
RPSNMLMKLHOFFDQ76CA,14,5.89,見其他登記事項,鋼筋混凝土造,94年2月4日,五層,
RPQNMLMJMHOFFDQ56CA,39,91.68,住家用,加強磚造,69年5月20日,二層,一層 二層
TPSNMLMKLHOFFDQ96CA,14,17.13,見其他登記事項,鋼筋混凝土造,94年2月4日,五層,五層
TPSNMLMKLHOFFDQ96CA,14,5.89,見其他登記事項,鋼筋混凝土造,94年2月4日,五層,
SPSNMLMKLHOFFDQ86CA,14,17.13,見其他登記事項,鋼筋混凝土造,94年2月4日,五層,五層
SPSNMLMKLHOFFDQ86CA,14,5.89,見其他登記事項,鋼筋混凝土造,94年2月4日,五層,
UPSNMLMKLHOFFDQ07CA,14,17.13,見其他登記事項,鋼筋混凝土造,94年2月4日,五層,五層
UPSNMLMKLHOFFDQ07CA,14,5.89,見其他登記事項,鋼筋混凝土造,94年2月4日,五層,
WPSNMLMKLHOFFDQ27CA,14,17.13,見其他登記事項,鋼筋混凝土造,94年2月4日,五層,五層
WPSNMLMKLHOFFDQ27CA,14,5.89,見其他登記事項,鋼筋混凝土造,94年2月4日,五層,
XPSNMLMKLHOFFDQ37CA,14,17.13,見其他登記事項,鋼筋混凝土造,94年2月4日,五層,五層
XPSNMLMKLHOFFDQ37CA,14,5.89,見其他登記事項,鋼筋混凝土造,94年2月4日,五層,
VPSNMLMKLHOFFDQ17CA,14,17.13,見其他登記事項,鋼筋混凝土造,94年2月4日,五層,五層
VPSNMLMKLHOFFDQ17CA,14,5.89,見其他登記事項,鋼筋混凝土造,94年2月4日,五層,
RPUNMLMKLHOFFDQ96CA,24,223.91,住家用,鋼筋混凝土造,84年3月13日,三層,一層 二層 三層
RPSNMLSJLHOFFDQ37DA,25,110.49,住家用,鋼筋混凝土造,83年2月3日,三層,一層 二層 三層
RPPOMLLLLHOFFCQ09CA,16,102.61,見其他登記事項,鋼筋混凝土造,91年7月25日,五層,三層
RPPOMLLLLHOFFCQ09CA,16,33.34,停車空間,鋼筋混凝土造,91年7月25日,五層,
RPPOMLLLLHOFFCQ09CA,16,12.17,見其他登記事項,鋼筋混凝土造,91年7月25日,五層,
RPPOMLLLLHOFFCQ09CA,16,.61,見其他登記事項,鋼筋混凝土造,91年7月25日,五層,
RPPNMLKMLHOFFDQ09CA,13,150.86,見其他登記事項,鋼筋混凝土造,95年6月29日,三層,一層 二層 三層
RPSNMLMKLHOFFCQ66CA,17,102.61,見其他登記事項,鋼筋混凝土造,91年7月25日,五層,二層
RPSNMLMKLHOFFCQ66CA,17,33.34,停車空間,鋼筋混凝土造,91年7月25日,五層,
RPSNMLMKLHOFFCQ66CA,17,12.17,見其他登記事項,鋼筋混凝土造,91年7月25日,五層,
RPSNMLMKLHOFFCQ66CA,17,.61,見其他登記事項,鋼筋混凝土造,91年7月25日,五層,
RPQNMLMKLHOFFCQ09CA,25,228.44,住家用,鋼筋混凝土造,82年12月15日,四層,一層 二層 三層 四層
RPROMLLLLHOFFCQ66CA,37,94.26,住家用,鋼筋混凝土加強磚造,70年11月5日,二層,一層 二層
RPROMLMJMHOFFBQ56CA,,101.76,,,,,
RPRNMLKLLHOFFCQ09CA,5,173.10,見其他登記事項,鋼筋混凝土造,103年4月10日,三層,一層 二層 三層 見其他登記事項
RPPNMLMKLHOFFBQ88CA,22,57.41,住家用,鋼筋混凝土造,86年1月10日,十層,三層
RPPNMLMKLHOFFBQ88CA,22,9.62,見其他登記事項,鋼筋混凝土造,86年1月10日,十層,
RPPNMLMKLHOFFBQ88CA,22,6.82,見其他登記事項,鋼筋混凝土造,86年1月10日,十層,
RPQNMLQKLHOFFCQ86CA,38,113.98,住家用,鋼筋混凝土加強磚造,70年4月5日,二層,一層 二層 電梯樓梯間
RPPNMLSJLHOFFEQ27EA,1,203.36,見其他登記事項,鋼筋混凝土造,107年8月2日,三層,一層 二層 三層 見其他登記事項
RPPNMLMKLHOFFCQ98CA,,169.20,住家用,鋼筋混凝土造,107年6月15日,三層,一層 二層 三層
RPPNMLKKLHOFFCQ88DA,12,21.15,見其他登記事項,鋼筋混凝土造,96年6月23日,五層,二層
RPPNMLKKLHOFFCQ88DA,12,7.03,見其他登記事項,鋼筋混凝土造,96年6月23日,五層,
RPQNMLNLLHOFFBQ56CA,12,217.50,見其他登記事項,鋼筋混凝土造,96年6月28日,四層,一層 二層 三層 四層
RPPNMLMKLHOFFDQ09CA,3,174.12,見其他登記事項,見其他登記事項,104年12月4日,三層,一層 二層 三層 見其他登記事項
RPSNMLOJMHOFFBQ76CA,12,19.19,住家用,鋼筋混凝土造,95年8月28日,八層,八層
RPSNMLOJMHOFFBQ76CA,12,7.43,共有部份,鋼筋混凝土造,95年8月28日,,
RPSNMLOJMHOFFBQ76CA,12,4.60,共有部份,鋼筋混凝土造,95年8月28日,,
RPTNMLNKLHOFFDQ96CA,42,119.17,住家用,鋼筋混凝土加強磚造,66年8月1日,二層,一層 二層 騎樓
RPRNMLOJMHOFFBQ66CA,12,19.19,住家用,鋼筋混凝土造,95年8月28日,八層,八層
RPRNMLOJMHOFFBQ66CA,12,7.43,共有部份,鋼筋混凝土造,95年8月28日,,
RPRNMLOJMHOFFBQ66CA,12,4.60,共有部份,鋼筋混凝土造,95年8月28日,,
RPPNMLOKLHOFFDQ66CA,39,112.96,住家用,鋼筋混凝土加強磚造,69年1月26日,三層,一層 二層 三層 騎樓
RPVNMLMKLHOFFDQ07CA,25,166.98,住商用,鋼筋混凝土造,82年11月9日,三層,一層 二層 三層 夾層
RPQNMLNLLHOFFDQ76CA,23,80.21,見其他登記事項,鋼筋混凝土造,84年9月8日,十二層,五層
RPQNMLNLLHOFFDQ76CA,23,19.66,見其他登記事項,鋼筋混凝土造,84年9月8日,十二層,
RPQNMLNLLHOFFDQ76CA,23,16.91,見其他登記事項,鋼筋混凝土造,84年9月8日,十二層,
RPXNMLLJMHOFFCQ07CA,37,60.47,住家用,鋼筋混凝土加強磚造,70年12月16日,一層,一層
RPTNMLNKLHOFFBQ76CA,25,195.69,住商用,鋼筋混凝土造,82年10月19日,四層,一層 二層 三層 四層
RPPNMLNLLHOFFEQ76CA,35,105.70,住家用,鋼筋混凝土加強磚造,73年4月15日,二層,一層 二層
RPXNMLMKLHOFFCQ17CA,39,62.93,住家用,見其他登記事項,69年8月15日,一層,一層
RPWNMLMKLHOFFCQ07CA,38,131.18,住家用,鋼筋混凝土加強磚造,70年2月10日,二層,一層 二層 電梯樓梯間
RPTNMLPKLHOFFBQ96CA,15,221.29,見其他登記事項,鋼筋混凝土造,93年3月26日,四層,一層 二層 三層 四層
RPTNMLPKLHOFFBQ96CA,15,5.48,見其他登記事項,鋼筋混凝土造,93年3月26日,三層,
RPPNMLNKLHOFFCQ09CA,37,96.98,住家用,鋼筋混凝土加強磚造,70年12月17日,二層,一層 二層
RPVNMLMKLHOFFCQ96CA,17,12.64,見其他登記事項,鋼筋混凝土造,91年7月25日,五層,
RPVNMLMKLHOFFCQ96CA,17,99.84,見其他登記事項,鋼筋混凝土造,91年7月25日,五層,四層
RPVNMLMKLHOFFCQ96CA,17,.60,見其他登記事項,鋼筋混凝土造,91年7月25日,五層,
RPUNMLNKLHOFFBQ86CA,24,92.46,住家用,鋼筋混凝土造,83年12月15日,五層,四層
RPUNMLNKLHOFFBQ86CA,24,16.82,見其他登記事項,鋼筋混凝土造,83年12月15日,五層,
RPUNMLNJMHOFFBQ86CA,43,87.60,住家用,鋼筋混凝土加強磚造,65年6月25日,二層,一層 二層
RPUNMLQLLHOFFBQ27CA,33,70.55,住家用,磚造,75年7月15日,一層,一層
SPRNMLQLLHOFFDQ27CA,15,20.72,見其他登記事項,鋼筋混凝土造,93年6月9日,五層,四層
RPTNMLQLLHOFFDQ37CA,42,106.86,住家用,鋼筋混凝土加強磚造,66年2月1日,二層,一層 二層
RPRNMLQLLHOFFDQ17CA,15,24.15,見其他登記事項,鋼筋混凝土造,93年6月9日,五層,四層
RPRNMLQLLHOFFDQ17CA,15,7.13,見其他登記事項,鋼筋混凝土造,93年6月9日,五層,
RPRNMLQLLHOFFDQ17CA,15,5.97,見其他登記事項,鋼筋混凝土造,93年6月9日,五層,
RPSNMLSKLHOFFDQ37CA,15,127.26,住家用,鋼筋混凝土造,92年12月31日,三層,一層 二層 三層
RPOOMLLLLHOFFCQ98CA,38,60.61,商業用,鋼筋混凝土加強磚造,70年7月9日,三層,一層
RPTNMLOKLHOFFBQ86CA,25,158.58,見其他登記事項,鋼筋混凝土造,82年12月7日,三層,一層 二層 三層 騎樓
RPVNMLNJMHOFFDQ17CA,40,95.24,住家用,鋼筋混凝土加強磚造,68年3月2日,二層,一層 二層
RPTNMLKLLHOFFBQ56CA,4,294.25,見其他登記事項,鋼筋混凝土造,104年7月20日,三層,一層 二層 三層
RPTNMLKLLHOFFBQ56CA,4,1.00,見其他登記事項,鋼筋混凝土造,104年1月6日,一層,一層
RPUNMLOKLHOFFBQ96CA,13,16.18,住家用,鋼筋混凝土造,94年10月3日,十層,九層
RPUNMLOKLHOFFBQ96CA,13,.10,見其他登記事項,鋼筋混凝土造,94年10月3日,十層,
RPUNMLOKLHOFFBQ96CA,13,8.53,見其他登記事項,鋼筋混凝土造,94年10月3日,十層,
RPQNMLKLLHOFFCQ98CA,,163.52,見其他登記事項,鋼筋混凝土造,107年12月14日,三層,一層 二層 三層 見其他登記事項
RPVNMLSJMHOFFCQ57CA,24,197.74,住家用,鋼筋混凝土造,83年9月5日,四層,一層 二層 三層 四層 電梯樓梯間 夾層
RPSNMLPKLHOFFCQ96CA,36,61.14,見其他登記事項,鋼筋混凝土造,72年2月4日,三層,三層
RPSNMLPKLHOFFCQ96CA,36,7.52,共有部份,鋼筋混凝土造,72年2月4日,三層,
RPSNMLPKLHOFFCQ96CA,36,1.11,共有部份,鋼筋混凝土造,72年2月4日,三層,
RPSNMLPKLHOFFBQ86CA,25,163.73,住家用,鋼筋混凝土造,83年3月8日,三層,一層 二層 三層
RPTNMLPKLHOFFCQ17DA,24,160.18,住家用,鋼筋混凝土造,84年2月17日,三層,一層 二層 三層 電梯樓梯間
RPQNMLPKLHOFFBQ76DA,23,46.00,住家用,鋼筋混凝土造,85年8月15日,十四層,十層
RPQNMLPKLHOFFBQ76DA,23,41.85,見其他登記事項,鋼筋混凝土造,85年8月15日,十四層,
RPVNMLQLLHOFFDQ57CA,18,147.82,住家用,鋼筋混凝土造,90年1月10日,三層,一層 二層 三層
RPPNMLKLLHOFFEQ09CA,37,70.50,住家用,磚造,70年10月8日,一層,一層
RPQNMLMLLHOFFEQ76CA,26,38.83,住家用,鋼筋混凝土造,82年4月1日,十八層,十層
RPQNMLMLLHOFFEQ76CA,26,1.75,見其他登記事項,鋼筋混凝土造,82年4月1日,,
RPQNMLMLLHOFFEQ76CA,26,7.53,見其他登記事項,鋼筋混凝土造,82年4月1日,十八層,
RPTNMLSKLHOFFDQ47CA,25,165.61,住家用,鋼筋混凝土造,83年6月20日,四層,一層 二層 三層 四層 地下層
RPTNMLSKLHOFFDQ47CA,25,23.07,共有部分,鋼筋混凝土造,83年6月20日,,
RPQOMLMLLHOFFCQ66CA,37,111.71,住家用,鋼筋混凝土加強磚造,71年3月15日,二層,一層 二層
RPWNMLSKLHOFFCQ67CA,25,156.35,住商用,鋼筋混凝土造,83年5月13日,三層,一層 二層 三層 電梯樓梯間
RPTOMLMJMHOFFBQ76CA,35,103.68,住家用,鋼筋混凝土加強磚造,73年4月19日,二層,一層 二層
RPQNMLLLLHOFFCQ09CA,8,152.00,見其他登記事項,鋼筋混凝土造,100年7月29日,三層,一層 二層 三層 電梯樓梯間
RPPNMLMLLHOFFCQ09CA,22,97.53,住家用,鋼筋混凝土造,85年11月15日,五層,五層
RPPNMLMLLHOFFCQ09CA,22,.52,共有部份,鋼筋混凝土造,85年11月15日,地下二層,
RPPNMLMLLHOFFCQ09CA,22,9.83,共有部份,鋼筋混凝土造,85年11月15日,五層,
RPPNMLTKLHOFFCQ07CA,50,91.72,住家用,鋼筋混凝土加強磚造,58年5月15日,二層,一層 二層 騎樓
RPSNMLSKLHOFFCQ27CA,21,197.45,住家用,鋼筋混凝土造,86年11月6日,四層,一層 二層 三層 四層
RPUNMLKMLHOFFBQ76CA,14,215.41,住商用,鋼筋混凝土造,94年3月12日,四層,一層 二層 三層 四層
RPQNMLMLLHOFFDQ66CA,,189.51,見其他登記事項,鋼筋混凝土造,108年1月21日,三層,一層 二層 三層 見其他登記事項
RPSNMLKLLHOFFDQ66CA,35,106.16,住家用,鋼筋混凝土加強磚造,73年3月17日,二層,一層 二層
RPSNMLMLLHOFFDQ86CA,20,10.93,見其他登記事項,鋼筋混凝土造,88年5月31日,五層,
RPSNMLMLLHOFFDQ86CA,20,87.78,見其他登記事項,鋼筋混凝土造,88年5月31日,五層,三層
RPSNMLMLLHOFFDQ86CA,20,.80,見其他登記事項,鋼筋混凝土造,88年5月31日,一層,
RPRNMLMLLHOFFDQ76CA,,246.27,見其他登記事項,鋼筋混凝土造,108年1月21日,三層,一層 二層 三層 見其他登記事項
RPRNMLKLLHOFFDQ56CA,14,16.15,見其他登記事項,鋼筋混凝土造,94年8月15日,五層,三層
RPRNMLKLLHOFFDQ56CA,14,7.19,見其他登記事項,鋼筋混凝土造,94年8月15日,五層,
RPPNMLQKMHOFFDQ96CA,15,16.70,住家用,鋼筋混凝土造,93年8月3日,5,一層
RPPNMLQKMHOFFDQ96CA,15,.19,見其他登記事項,鋼筋混凝土造,93年8月3日,五層,
RPPNMLQKMHOFFDQ96CA,15,.62,見其他登記事項,鋼筋混凝土造,93年8月3日,五層,
RPPNMLQKMHOFFDQ96CA,15,4.58,見其他登記事項,鋼筋混凝土造,93年8月3日,五層,
RPPNMLQKMHOFFDQ96CA,15,.77,見其他登記事項,鋼筋混凝土造,93年8月3日,五層,
RPPNMLQKMHOFFDQ96CA,15,1.27,見其他登記事項,鋼筋混凝土造,93年8月3日,五層,
RPPNMLLLLHOFFEQ56CA,26,119.50,住家用,鋼筋混凝土造,82年4月1日,十八層,四層
RPPNMLLLLHOFFEQ56CA,26,19.81,見其他登記事項,鋼筋混凝土造,82年4月1日,十八層,
RPPNMLLLLHOFFEQ56CA,26,5.61,見其他登記事項,鋼筋混凝土造,82年4月1日,,
RPQOMLTLLHOFFBQ27CA,3,367.99,住家用,鋼筋混凝土造,105年1月12日,五層,一層 二層 三層 四層 五層
SPQNMLTJMHOFFBQ17CA,13,17.49,住家用,鋼筋混凝土造,94年10月3日,十層,三層
SPQNMLTJMHOFFBQ17CA,13,.11,見其他登記事項,鋼筋混凝土造,94年10月3日,十層,
SPQNMLTJMHOFFBQ17CA,13,9.22,見其他登記事項,鋼筋混凝土造,94年10月3日,十層,
RPQNMLTJMHOFFBQ07CA,13,16.18,住家用,鋼筋混凝土造,94年10月3日,十層,三層
RPQNMLTJMHOFFBQ07CA,13,.10,見其他登記事項,鋼筋混凝土造,94年10月3日,十層,
RPQNMLTJMHOFFBQ07CA,13,8.53,見其他登記事項,鋼筋混凝土造,94年10月3日,十層,
RPQNMLNLLHOFFCQ66CA,37,111.71,住家用,鋼筋混凝土加強磚造,70年12月29日,二層,一層 二層
RPQNMLLLLHOFFBQ98CA,39,100.93,住家用,鋼筋混凝土加強磚造,69年1月25日,二層,一層 二層 騎樓
RPVNMLLLLHOFFCQ96CA,39,90.86,住商用,鋼筋混凝土加強磚造,69年7月31日,二層,一層 二層
RPOOMLKLLHOFFDQ98CA,39,113.93,住家用,鋼筋混凝土加強磚造,69年5月7日,二層,一層 二層
RPUNMLMLLHOFFDQ07CA,32,94.67,住商用,鋼筋混凝土加強磚造,76年5月19日,二層,一層 二層
RPUNMLPLLHOFFDQ37CA,,172.48,住家用,鋼筋混凝土造,107年10月8日,四層,一層 二層 三層 四層
RPRNMLLLLHOFFCQ76EA,20,163.93,住家用,鋼筋混凝土造,87年10月12日,三層,一層 二層 三層 電梯樓梯間
RPQNMLLLLHOFFEQ66CA,26,119.50,住家用,鋼筋混凝土造,82年4月1日,十八層,十四層
RPQNMLLLLHOFFEQ66CA,26,5.61,見其他登記事項,鋼筋混凝土造,82年4月1日,,
RPQNMLLLLHOFFEQ66CA,26,19.81,見其他登記事項,鋼筋混凝土造,82年4月1日,十八層,
RPPNMLMLLHOFFDQ66DA,39,106.52,住家用,鋼筋混凝土加強磚造,69年1月18日,二層,一層 二層 騎樓
RPTNMLSLLHOFFCQ67EA,39,86.60,住家用,鋼筋混凝土加強磚造,68年9月13日,二層,一層 二層
RPWNMLSJMHOFFDQ77CA,16,186.49,住家用,鋼筋混凝土造,92年6月27日,三層,一層 二層 三層
RPUNMLMLLHOFFBQ86CA,2,175.03,見其他登記事項,鋼筋混凝土造,106年6月7日,四層,一層 二層 三層 四層
RPPNMLKMLHOFFCQ98CA,25,48.61,住商用,鋼筋混凝土造,83年3月7日,三層,一層 二層 三層 電梯樓梯間
RPSOMLMLLHOFFCQ86CA,24,178.39,住商用,鋼筋混凝土造,84年2月17日,三層,一層 二層 三層 電梯樓梯間 夾層
RPTNMLKMLHOFFBQ66CA,11,238.91,見其他登記事項,鋼筋混凝土造,97年4月8日,四層,一層 二層 三層 四層 地下一層
RPTNMLKMLHOFFBQ66CA,11,4.41,見其他登記事項,鋼筋混凝土造,97年4月8日,三層,
RPTNMLKMLHOFFBQ66CA,11,27.59,停車空間,鋼筋混凝土造,97年4月8日,四層,
RPPNMLSJMHOFFCQ96CA,38,103.89,住商用,鋼筋混凝土加強磚造,70年3月9日,二層,一層 二層 騎樓
RPRNMLRLLHOFFBQ07CA,9,224.13,住商用,鋼筋混凝土造,98年11月11日,四層,一層 二層 三層 四層
RPRNMLRLLHOFFBQ07CA,9,.88,見其他登記事項,鋼筋混凝土造,98年11月11日,二層,一層 二層
RPRNMLQLLHOFFBQ96CA,18,201.84,見其他登記事項,木造,89年12月5日,一層,一層
RPRNMLQLLHOFFBQ96CA,18,201.84,見其他登記事項,木造,89年12月5日,一層,一層
RPRNMLQLLHOFFBQ96CA,18,201.84,見其他登記事項,木造,89年12月5日,一層,一層
RPRNMLQLLHOFFBQ96CA,18,201.84,見其他登記事項,木造,89年12月5日,一層,一層
RPRNMLQLLHOFFBQ96CA,18,201.84,見其他登記事項,木造,89年12月5日,一層,一層
RPRNMLQLLHOFFBQ96CA,18,235.50,見其他登記事項,木造,89年12月5日,一層,一層
RPRNMLQLLHOFFBQ96CA,18,202.20,見其他登記事項,木造,89年12月5日,一層,一層
RPRNMLQLLHOFFBQ96CA,18,182.23,見其他登記事項,木造,89年12月5日,一層,一層
RPVNMLPLLHOFFDQ47CA,,207.96,住家用,鋼筋混凝土造,107年10月8日,四層,一層 二層 三層 四層
RPTNMLTLLHOFFDQ77DA,2,504.54,農舍,見其他登記事項,105年12月8日,二層,一層 二層 見其他登記事項
RPPNMLQLLHOFFDQ96CA,,189.51,見其他登記事項,鋼筋混凝土造,108年1月21日,三層,一層 二層 三層 見其他登記事項
RPPNMLQKMHOFFBQ76CA,13,19.19,住家用,鋼筋混凝土造,95年8月28日,八層,六層
RPPNMLQKMHOFFBQ76CA,13,7.43,共有部份,鋼筋混凝土造,95年8月28日,,
RPPNMLQKMHOFFBQ76CA,13,4.61,共有部份,鋼筋混凝土造,95年8月28日,,
RPOOMLMLLHOFFDQ56CA,35,215.20,住家用,加強磚造,72年10月1日,三層,一層 二層 三層
RPSNMLPKMHOFFDQ17CA,1,194.41,見其他登記事項,鋼筋混凝土造,106年10月7日,四層,一層 二層 三層 四層
RPQNMLNKMHOFFDQ76CA,7,163.68,見其他登記事項,鋼筋混凝土造,100年9月15日,三層,一層 二層 三層 見其他登記事項
RPPNMLLJMHOFFCQ88CA,43,81.45,住家用,加強磚造,65年4月1日,二層,一層 二層
RPPNMLRJMHOFFDQ96CA,13,1.69,見其他登記事項,鋼筋混凝土造,95年7月18日,三層,一層 二層 三層 地下層
RPPNMLRJMHOFFDQ96CA,13,.72,見其他登記事項,鋼筋混凝土造,95年7月18日,一層,地下層
RPPNMLRJMHOFFDQ96CA,13,1.25,見其他登記事項,鋼筋混凝土造,95年7月18日,四層,一層 二層 三層 四層 地下層
RPPNMLRJMHOFFDQ96CA,13,275.15,見其他登記事項,鋼筋混凝土造,95年7月18日,四層,一層 二層 三層 四層
RPRNMLMKMHOFFCQ66CA,37,116.56,住家用,鋼筋混凝土加強磚造,70年12月10日,二層,一層 二層 騎樓 電梯樓梯間
RPRNMLKKMHOFFCQ56DA,25,137.96,住商用,加強磚造,83年3月1日,三層,一層 二層 三層 電梯樓梯間
RPPNMLNJMHOFFCQ09CA,25,74.64,住家用,鋼筋混凝土造,82年12月14日,七層,四層
RPPNMLNJMHOFFCQ09CA,25,7.89,共有部份,鋼筋混凝土造,82年12月14日,七層,
RPPNMLNJMHOFFCQ09CA,25,5.68,共有部份,鋼筋混凝土造,82年12月14日,七層,
RPSNMLNJMHOFFCQ76CA,38,128.64,住家用,鋼筋混凝土加強磚造,70年5月16日,二層,一層 二層 電梯樓梯間
RPSNMLSLLHOFFCQ57EA,34,162.46,住家用,鋼筋混凝土造,74年8月10日,三層,一層 二層 三層 騎樓 電梯樓梯間
RPQNMLRJMHOFFDQ07CA,13,.65,見其他登記事項,鋼筋混凝土造,95年7月18日,三層,一層 二層 三層 地下層
RPQNMLRJMHOFFDQ07CA,13,.27,見其他登記事項,鋼筋混凝土造,95年7月18日,一層,地下層
RPQNMLRJMHOFFDQ07CA,13,.48,見其他登記事項,鋼筋混凝土造,95年7月18日,四層,一層 二層 三層 四層 地下層
RPQNMLRJMHOFFDQ07CA,6,198.30,見其他登記事項,鋼筋混凝土造,101年8月29日,四層,一層 二層 三層 四層
RPQNMLRLLHOFFCQ27EA,7,153.89,住家用,鋼筋混凝土造,101年5月4日,三層,一層 二層 三層
RPUNMLPKMHOFFCQ27CA,38,56.29,住家用,磚造,70年3月13日,一層,一層
RPSNMLMJMHOFFDQ96EA,31,194.96,住家用,鋼筋混凝土加強磚造,77年4月23日,二層,一層 二層
RPRNMLRLLHOFFDQ27CA,14,16.15,見其他登記事項,鋼筋混凝土造,94年8月15日,五層,五層
RPRNMLRLLHOFFDQ27CA,14,7.19,見其他登記事項,鋼筋混凝土造,94年8月15日,五層,
RPSNMLRLLHOFFDQ47DA,14,16.15,見其他登記事項,鋼筋混凝土造,94年8月15日,五層,五層
RPSNMLRLLHOFFDQ47DA,14,7.19,見其他登記事項,鋼筋混凝土造,94年8月15日,五層,
RPSNMLSLLHOFFDQ57DA,14,16.15,見其他登記事項,鋼筋混凝土造,94年8月15日,五層,一層
RPSNMLSLLHOFFDQ57DA,14,7.19,見其他登記事項,鋼筋混凝土造,94年8月15日,五層,
RPRNMLSLLHOFFDQ47DA,14,32.29,商業用,鋼筋混凝土造,94年8月15日,五層,一層
RPRNMLSLLHOFFDQ47DA,14,9.57,見其他登記事項,鋼筋混凝土造,94年8月15日,五層,
RPTNMLSLLHOFFDQ67DA,14,16.15,見其他登記事項,鋼筋混凝土造,94年8月15日,五層,一層
RPTNMLSLLHOFFDQ67DA,14,7.19,見其他登記事項,鋼筋混凝土造,94年8月15日,五層,
RPUNMLSLLHOFFDQ77DA,14,16.15,見其他登記事項,鋼筋混凝土造,94年8月15日,五層,三層
RPUNMLSLLHOFFDQ77DA,14,7.19,見其他登記事項,鋼筋混凝土造,94年8月15日,五層,
RPVNMLSLLHOFFDQ87DA,14,16.15,見其他登記事項,鋼筋混凝土造,94年8月15日,五層,三層
RPVNMLSLLHOFFDQ87DA,14,7.19,見其他登記事項,鋼筋混凝土造,94年8月15日,五層,
RPSNMLSLLHOFFBQ37DA,13,19.19,住家用,鋼筋混凝土造,95年8月28日,八層,四層
RPSNMLSLLHOFFBQ37DA,13,4.61,共有部份,鋼筋混凝土造,95年8月28日,,
RPSNMLSLLHOFFBQ37DA,13,7.43,共有部份,鋼筋混凝土造,95年8月28日,,
RPWNMLLJMHOFFCQ96CA,51,35.60,住商用,磚造,57年5月31日,一層,一層 騎樓
RPUNMLSLLHOFFCQ57CA,4,222.35,見其他登記事項,鋼筋混凝土造,103年11月17日,四層,一層 二層 三層 四層
RPVNMLSLLHOFFCQ67CA,4,146.33,住家用,鋼筋混凝土造,104年6月1日,三層,一層 二層 三層
RPQNMLOJMHOFFBQ56CA,13,15.06,住家用,鋼筋混凝土造,95年8月28日,八層,二層
RPQNMLOJMHOFFBQ56CA,13,5.78,共有部份,鋼筋混凝土造,95年8月28日,,
RPQNMLOJMHOFFBQ56CA,13,4.20,共有部份,鋼筋混凝土造,95年8月28日,,
RPXNMLMJMHOFFBQ07CA,13,16.65,住家用,鋼筋混凝土造,94年10月3日,十層,八層
RPXNMLMJMHOFFBQ07CA,13,.10,見其他登記事項,鋼筋混凝土造,94年10月3日,十層,
RPXNMLMJMHOFFBQ07CA,13,8.36,見其他登記事項,鋼筋混凝土造,94年10月3日,十層,
RPPNMLOJMHOFFBQ09CA,13,15.06,住家用,鋼筋混凝土造,95年8月28日,八層,二層
RPPNMLOJMHOFFBQ09CA,13,5.78,共有部份,鋼筋混凝土造,95年8月28日,,
RPPNMLOJMHOFFBQ09CA,13,4.20,共有部份,鋼筋混凝土造,95年8月28日,,
RPQNMLNJMHOFFBQ09CA,19,189.15,住家用,鋼筋混凝土造,89年4月18日,三層,一層 二層 三層 夾層
RPPNMLQJMHOFFCQ76CA,3,185.19,住家用,鋼筋混凝土造,105年3月30日,三層,一層 二層 三層
RPPNMLMJMHOFFBQ88CA,13,195.31,住商用,鋼筋混凝土造,94年12月26日,四層,一層 二層 三層 四層
RPRNMLOKMHOFFCQ86CA,1,217.36,住家用,鋼筋混凝土造,107年8月21日,四層,一層 二層 三層 四層
RPWNMLLJMHOFFBQ86CA,28,191.25,住家用,見其他登記事項,80年6月10日,三層,一層 二層 三層
RPQNMLOKMHOFFCQ76CA,,262.30,住家用,鋼筋混凝土造,107年12月27日,四層,一層 二層 三層 四層
RPPNMLOKMHOFFCQ66CA,,238.64,住家用,鋼筋混凝土造,107年12月27日,四層,一層 二層 三層 四層
RPSNMLTLLHOFFCQ47CA,46,54.90,住家用,磚造,62年4月21日,一層,一層
RPPNMLRJMHOFFCQ86CA,32,101.68,住家用,鋼筋混凝土加強磚造,76年1月26日,二層,一層 二層 騎樓 電梯樓梯間
RPSNMLNKMHOFFCQ86CA,25,90.80,住家用,鋼筋混凝土造,82年12月14日,七層,七層
RPSNMLNKMHOFFCQ86CA,25,9.47,共有部份,鋼筋混凝土造,82年12月14日,七層,
RPSNMLNKMHOFFCQ86CA,25,8.92,共有部份,鋼筋混凝土造,82年12月14日,七層,
RPPNMLMJMHOFFDQ09CA,19,35.72,農舍,鋼造,88年10月11日,一層,一層
RPSNMLLJMHOFFDQ66CA,6,170.50,見其他登記事項,鋼筋混凝土造,102年1月18日,三層,一層 二層 三層
RPRNMLNKMHOFFDQ86CA,15,169.26,見其他登記事項,鋼筋混凝土造,92年10月24日,四層,一層 二層 三層 四層
RPPOMLPKMHOFFDQ96CA,44,76.14,住家用,鋼筋混凝土加強磚造,63年12月30日,一層,一層 走廊
RPUNMLLJMHOFFDQ86CA,27,135.00,住家用,鋼筋混凝土造,81年6月9日,三層,一層 二層 三層
RPVNMLLJMHOFFDQ96CA,39,95.68,住家用,鋼筋混凝土加強磚造,69年8月13日,二層,一層 二層
RPSOMLMJMHOFFDQ86CA,37,96.16,住商用,鋼筋混凝土加強磚造,71年7月24日,二層,一層 二層 騎樓
RPTOMLMJMHOFFDQ96CA,25,194.73,住商用,鋼筋混凝土造,83年3月3日,三層,一層 二層 三層 騎樓
RPSNMLMJMHOFFDQ86DA,24,150.56,住家用,鋼筋混凝土造,84年4月26日,三層,一層 二層 三層
RPQNMLMKMHOFFDQ66CA,,189.51,見其他登記事項,鋼筋混凝土造,108年1月21日,三層,一層 二層 三層 見其他登記事項
RPRNMLMKMHOFFDQ76CA,,171.45,見其他登記事項,鋼筋混凝土造,108年1月21日,三層,一層 二層 三層 見其他登記事項
RPPNMLOJMHOFFDQ66CA,13,146.21,住家用,鋼筋混凝土造,94年12月29日,三層,一層 二層 三層
RPRNMLMJMHOFFCQ56CA,38,155.31,住家用,加強磚造,70年2月15日,三層,一層 二層 三層 騎樓
RPTNMLTKMHOFFCQ57CA,26,85.07,住家用,鋼筋混凝土造,81年11月30日,五層,二層
RPTNMLTKMHOFFCQ57CA,26,8.68,共有部份,鋼筋混凝土造,81年11月30日,地下層,
RPTNMLTKMHOFFCQ57CA,26,6.94,共有部份,鋼筋混凝土造,81年11月30日,五層,
RPQOMLOLMHOFFDQ07CA,23,182.31,見其他登記事項,鋼筋混凝土造,85年3月12日,五層,一層 二層 三層 四層 五層
RPRNMLOJMHOFFCQ76CA,17,161.72,見其他登記事項,鋼筋混凝土造,91年4月3日,三層,一層 二層 三層 電梯樓梯間
RPSNMLMJMHOFFBQ56CA,24,36.24,住商用,鋼筋混凝土造,84年2月20日,二層,一層 二層 騎樓
RPQNMLNJMHOFFCQ56CA,22,67.40,住家用,鋼筋混凝土造,86年4月17日,三層,一層 二層 三層 電梯樓梯間
RPQNMLNJMHOFFCQ56CA,22,67.40,住家用,鋼筋混凝土造,86年4月17日,三層,一層 二層 三層 電梯樓梯間
RPRNMLKKMHOFFBQ98CA,1,214.70,見其他登記事項,鋼筋混凝土造,107年6月11日,三層,一層 二層 三層 屋頂突出物
RPSNMLKKMHOFFBQ09CA,43,101.85,住家用,鋼筋混凝土加強磚造,65年8月31日,二層,一層 二層
RPTNMLTKMHOFFBQ47CA,,177.97,見其他登記事項,鋼筋混凝土造,107年11月3日,三層,一層 二層 三層 屋頂突出物
RPUNMLTKMHOFFBQ57CA,,182.42,見其他登記事項,鋼筋混凝土造,107年10月31日,三層,一層 二層 三層 屋頂突出物
RPVNMLTKMHOFFBQ67CA,,177.45,見其他登記事項,鋼筋混凝土造,107年10月31日,三層,一層 二層 三層 屋頂突出物
RPSNMLTKMHOFFBQ37CA,,177.97,見其他登記事項,鋼筋混凝土造,107年11月3日,三層,一層 二層 三層 屋頂突出物
RPOOMLSKMHOFFBQ96CA,,177.97,見其他登記事項,鋼筋混凝土造,107年11月3日,三層,一層 二層 三層 屋頂突出物
RPVNMLSKMHOFFBQ57CA,,177.63,見其他登記事項,鋼筋混凝土造,107年11月6日,三層,一層 二層 三層 屋頂突出物
RPPOMLMJMHOFFBQ09DA,5,54.46,見其他登記事項,鋼筋混凝土造,103年8月15日,八層,二層
RPPOMLMJMHOFFBQ09DA,5,23.03,見其他登記事項,鋼筋混凝土造,103年8月15日,八層,
RPQOMLSKMHOFFBQ17CA,,182.42,見其他登記事項,鋼筋混凝土造,107年10月31日,三層,一層 二層 三層 屋頂突出物
RPROMLSKMHOFFBQ27CA,,182.28,見其他登記事項,鋼筋混凝土造,107年10月31日,三層,一層 二層 三層 屋頂突出物
RPTNMLTJMHOFFDQ57CA,23,184.07,見其他登記事項,鋼筋混凝土造,85年3月12日,五層,一層 二層 三層 四層 五層
RPTNMLTLMHOFFDQ77CA,15,221.29,住商用,鋼筋混凝土造,93年7月28日,四層,一層 二層 三層 四層
RPSNMLMJMHOFFCQ66CA,17,125.47,住家用,鋼筋混凝土造,91年1月14日,三層,一層 二層 三層
RPPNMLSJMHOFFBQ96DA,32,111.18,住家用,鋼筋混凝土加強磚造,76年2月12日,二層,一層 二層 騎樓
RPPNMLSKMHOFFBQ96CA,3,190.82,住家用,鋼筋混凝土造,104年11月12日,四層,一層 二層 三層 四層
RPSNMLTLMHOFFDQ67CA,15,221.29,住商用,鋼筋混凝土造,93年7月28日,四層,一層 二層 三層 四層
RPTOMLSKMHOFFBQ47CA,12,414.61,見其他登記事項,鋼筋混凝土造,96年2月15日,三層,一層 二層 三層 見其他登記事項
RPSNMLQKMHOFFBQ07CA,13,19.19,住家用,鋼筋混凝土造,95年8月28日,八層,三層
RPSNMLQKMHOFFBQ07CA,13,4.61,共有部份,鋼筋混凝土造,95年8月28日,,
RPSNMLQKMHOFFBQ07CA,13,7.43,共有部份,鋼筋混凝土造,95年8月28日,,
RPQNMLSJMHOFFEQ47EA,1,203.36,見其他登記事項,鋼筋混凝土造,107年8月2日,三層,一層 二層 三層 見其他登記事項
SPSNMLQKMHOFFBQ17CA,13,19.19,住家用,鋼筋混凝土造,95年8月28日,八層,三層
SPSNMLQKMHOFFBQ17CA,13,4.61,共有部份,鋼筋混凝土造,95年8月28日,,
SPSNMLQKMHOFFBQ17CA,13,7.43,共有部份,鋼筋混凝土造,95年8月28日,,
RPVNMLTKMHOFFDQ87CA,1,184.81,見其他登記事項,鋼筋混凝土造,107年8月14日,三層,一層 二層 三層 見其他登記事項
RPTNMLMKMHOFFBQ76CA,13,41.04,商業用,鋼筋混凝土造,94年10月3日,十層,一層
RPTNMLMKMHOFFBQ76CA,13,.29,見其他登記事項,鋼筋混凝土造,94年10月3日,十層,
RPTNMLMKMHOFFBQ76CA,13,24.72,見其他登記事項,鋼筋混凝土造,94年10月3日,十層,
RPUNMLTKMHOFFCQ67CA,22,95.78,住家用,鋼筋混凝土造,86年4月24日,五層,四層
RPUNMLTKMHOFFCQ67CA,22,11.00,共有部份,鋼筋混凝土造,86年4月24日,五層,
RPQOMLQKMHOFFCQ07CA,26,174.32,住商用,鋼筋混凝土造,82年1月19日,三層,一層 二層 三層 電梯樓梯間
RPTNMLNJMHOFFCQ96DA,32,188.80,住商用,鋼筋混凝土造,76年3月19日,四層,一層 二層 三層 四層 騎樓
RPUNMLSJMHOFFDQ57CA,26,178.08,住商用,鋼筋混凝土造,81年12月18日,三層,一層 二層 三層
RPPNMLTJMHOFFDQ17CA,25,145.91,住家用,鋼筋混凝土造,82年7月15日,三層,一層 二層 三層
RPRNMLRLMHOFFCQ27CA,37,98.17,住家用,鋼筋混凝土加強磚造,71年4月16日,二層,一層 二層 騎樓
RPRNMLTJMHOFFDQ47DA,10,140.96,住家用,鋼筋混凝土造,97年10月30日,三層,一層 二層 三層
RPRNMLSKMHOFFBQ27DA,17,19.56,住家用,鋼筋混凝土造,91年4月23日,四層,二層
RPRNMLSKMHOFFBQ27DA,17,1.85,共有部份,鋼筋混凝土造,91年4月23日,四層,
RPRNMLSKMHOFFBQ27DA,17,4.78,共有部份,鋼筋混凝土造,91年4月23日,四層,
RPQNMLMLMHOFFDQ86DA,38,46.95,住家用,磚造,70年6月15日,一層,一層
RPQNMLQJNHOFFEQ37EA,40,100.32,住家用,鋼筋混凝土加強磚造,68年5月12日,二層,一層 二層 騎樓
RPQNMLMKMHOFFCQ56CA,25,90.14,見其他登記事項,鋼筋混凝土造,83年8月10日,七層,四層
RPQNMLMKMHOFFCQ56CA,25,9.87,共有部份,鋼筋混凝土造,83年8月10日,七層,
RPQNMLMKMHOFFCQ56CA,25,11.75,共有部份,鋼筋混凝土造,83年8月10日,七層,
RPWNMLMLMHOFFBQ17CA,1,184.08,住家用,鋼筋混凝土造,106年9月4日,三層,一層 二層 三層
RPPNMLMJNHOFFCQ09CA,27,64.13,農舍,磚造,81年3月9日,一層,一層
RPPNMLSKMHOFFDQ17CA,,189.51,見其他登記事項,鋼筋混凝土造,108年1月21日,三層,一層 二層 三層 見其他登記事項
RPRNMLMJNHOFFBQ56CA,34,186.01,住商用,鋼筋混凝土加強磚造,74年2月24日,三層,一層 二層 三層 騎樓
RPPNMLMJNHOFFDQ56CA,,85.72,見其他登記事項,鋼筋混凝土造,108年1月21日,三層,一層 二層 三層 見其他登記事項
RPPNMLMJNHOFFDQ56CA,,85.72,見其他登記事項,鋼筋混凝土造,108年1月21日,三層,一層 二層 三層 見其他登記事項
RPSNMLMKMHOFFDQ86CA,,171.45,見其他登記事項,鋼筋混凝土造,108年1月21日,三層,一層 二層 三層 見其他登記事項
RPTNMLMKMHOFFDQ96CA,,171.45,見其他登記事項,鋼筋混凝土造,108年1月21日,三層,一層 二層 三層 見其他登記事項
RPTNMLKKMHOFFDQ76CA,14,16.15,見其他登記事項,鋼筋混凝土造,94年8月15日,五層,二層
RPTNMLKKMHOFFDQ76CA,14,7.19,見其他登記事項,鋼筋混凝土造,94年8月15日,五層,
RPRNMLSKMHOFFDQ37CA,,182.28,見其他登記事項,鋼筋混凝土造,108年1月21日,三層,一層 二層 三層 見其他登記事項
RPSNMLSKMHOFFDQ47CA,,191.40,見其他登記事項,鋼筋混凝土造,108年1月21日,三層,一層 二層 三層 見其他登記事項
RPSOMLMKMHOFFDQ96CA,32,136.14,見其他登記事項,鋼筋混凝土造,76年9月6日,三層,一層 二層 三層
RPPNMLLKMHOFFDQ56DA,25,161.45,住家用,鋼筋混凝土造,83年4月28日,四層,一層 二層 三層 四層
RPPNMLQJNHOFFCQ07EA,28,205.75,住商用,鋼筋混凝土造,80年6月10日,四層,一層 二層 三層 四層 騎樓
RPRNMLQJNHOFFDQ17CA,15,19.53,見其他登記事項,鋼筋混凝土造,93年6月9日,五層,一層
RPRNMLQJNHOFFDQ17CA,15,5.71,見其他登記事項,鋼筋混凝土造,93年6月9日,五層,
RPSNMLKKMHOFFDQ66CA,14,15.37,見其他登記事項,鋼筋混凝土造,94年8月15日,五層,一層
RPSNMLKKMHOFFDQ66CA,14,6.84,見其他登記事項,鋼筋混凝土造,94年8月15日,五層,
RPUNMLKKMHOFFDQ86CA,14,16.15,見其他登記事項,鋼筋混凝土造,94年8月15日,五層,二層
RPUNMLKKMHOFFDQ86CA,14,7.19,見其他登記事項,鋼筋混凝土造,94年8月15日,五層,
RPTOMLPKMHOFFDQ37CA,14,7.19,見其他登記事項,鋼筋混凝土造,94年8月15日,五層,
RPTOMLPKMHOFFDQ37CA,14,16.15,見其他登記事項,鋼筋混凝土造,94年8月15日,五層,四層
RPTOMLPKMHOFFDQ37CA,14,7.19,見其他登記事項,鋼筋混凝土造,94年8月15日,五層,
RPTOMLPKMHOFFDQ37CA,14,16.15,見其他登記事項,鋼筋混凝土造,94年8月15日,五層,四層
RPTOMLPKMHOFFDQ37CA,14,7.19,見其他登記事項,鋼筋混凝土造,94年8月15日,五層,
RPTOMLPKMHOFFDQ37CA,14,16.15,見其他登記事項,鋼筋混凝土造,94年8月15日,五層,四層
RPUOMLPKMHOFFDQ47CA,14,16.15,見其他登記事項,鋼筋混凝土造,94年8月15日,五層,四層
RPUOMLPKMHOFFDQ47CA,14,7.19,見其他登記事項,鋼筋混凝土造,94年8月15日,五層,
RPUOMLPKMHOFFDQ47CA,14,16.15,見其他登記事項,鋼筋混凝土造,94年8月15日,五層,四層
RPUOMLPKMHOFFDQ47CA,14,7.19,見其他登記事項,鋼筋混凝土造,94年8月15日,五層,
RPUOMLPKMHOFFDQ47CA,14,16.15,見其他登記事項,鋼筋混凝土造,94年8月15日,五層,四層
RPUOMLPKMHOFFDQ47CA,14,7.19,見其他登記事項,鋼筋混凝土造,94年8月15日,五層,
RPUOMLPKMHOFFDQ47CA,14,16.15,見其他登記事項,鋼筋混凝土造,94年8月15日,五層,四層
RPUOMLPKMHOFFDQ47CA,14,7.19,見其他登記事項,鋼筋混凝土造,94年8月15日,五層,
RPUOMLPKMHOFFDQ47CA,14,16.15,見其他登記事項,鋼筋混凝土造,94年8月15日,五層,四層
RPUOMLPKMHOFFDQ47CA,14,7.19,見其他登記事項,鋼筋混凝土造,94年8月15日,五層,
RPUOMLPKMHOFFDQ47CA,14,16.15,見其他登記事項,鋼筋混凝土造,94年8月15日,五層,四層
RPUOMLPKMHOFFDQ47CA,14,7.19,見其他登記事項,鋼筋混凝土造,94年8月15日,五層,
RPUOMLPKMHOFFDQ47CA,14,16.15,見其他登記事項,鋼筋混凝土造,94年8月15日,五層,四層
RPUOMLPKMHOFFDQ47CA,14,7.19,見其他登記事項,鋼筋混凝土造,94年8月15日,五層,
RPUOMLPKMHOFFDQ47CA,14,16.15,見其他登記事項,鋼筋混凝土造,94年8月15日,五層,四層
RPUOMLPKMHOFFDQ47CA,14,7.19,見其他登記事項,鋼筋混凝土造,94年8月15日,五層,
RPUOMLPKMHOFFDQ47CA,14,16.15,見其他登記事項,鋼筋混凝土造,94年8月15日,五層,四層
RPUOMLPKMHOFFDQ47CA,14,7.19,見其他登記事項,鋼筋混凝土造,94年8月15日,五層,
RPUOMLPKMHOFFDQ47CA,14,16.15,見其他登記事項,鋼筋混凝土造,94年8月15日,五層,四層
RPWNMLPKMHOFFCQ57DA,22,195.73,住家用,鋼筋混凝土造,85年11月8日,三層,一層 二層 三層 電梯樓梯間
RPQOMLPKMHOFFCQ96CA,17,125.47,住家用,鋼筋混凝土造,91年1月14日,三層,一層 二層 三層
RPSNMLRKMHOFFCQ27CA,3,221.02,見其他登記事項,鋼筋混凝土造,105年2月1日,三層,一層 二層 三層 見其他登記事項
RPSNMLLKMHOFFCQ66CA,37,144.47,見其他登記事項,鋼筋混凝土加強磚造,70年9月29日,二層,一層 二層 騎樓 電梯樓梯間
RPPNMLMKMHOFFBQ98CA,1,214.74,見其他登記事項,鋼筋混凝土造,107年6月11日,三層,一層 二層 三層 屋頂突出物
RPRNMLLKMHOFFBQ09CA,5,50.55,見其他登記事項,鋼筋混凝土造,103年8月15日,八層,七層
RPXNMLMLMHOFFBQ27CA,13,16.76,住家用,鋼筋混凝土造,94年10月3日,十層,三層
RPXNMLMLMHOFFBQ27CA,13,.10,見其他登記事項,鋼筋混凝土造,94年10月3日,十層,
RPXNMLMLMHOFFBQ27CA,13,8.83,見其他登記事項,鋼筋混凝土造,94年10月3日,十層,
RPRNMLLKMHOFFBQ09CA,5,46.01,見其他登記事項,鋼筋混凝土造,103年8月15日,八層,
RPQNMLQJNHOFFBQ86CA,17,132.88,住家用,鋼筋混凝土造,90年9月13日,三層,一層 二層 三層
RPQNMLSJNHOFFCQ17CA,41,139.47,住家用,加強磚造,67年7月15日,二層,一層 二層 騎樓
RPPNMLKLMHOFFBQ88CA,47,399.58,工業用,磚造,61年1月20日,一層,騎樓 見其他登記事項
RPQNMLMKMHOFFEQ86DA,34,132.98,住家用,木造,74年8月17日,一層,一層
RPWNMLTLMHOFFDQ08CA,,171.45,見其他登記事項,鋼筋混凝土造,108年1月21日,三層,一層 二層 三層 見其他登記事項
RPUNMLPKMHOFFEQ47CA,6,172.26,見其他登記事項,鋼筋混凝土造,102年3月25日,三層,一層 二層 三層 屋頂突出物
RPXNMLTLMHOFFDQ18CA,,96.26,見其他登記事項,鋼筋混凝土造,108年1月21日,三層,一層 二層 三層 見其他登記事項
RPXNMLTLMHOFFDQ18CA,,96.26,見其他登記事項,鋼筋混凝土造,108年1月21日,三層,一層 二層 三層 見其他登記事項
RPPOMLTLMHOFFDQ47CA,,189.51,見其他登記事項,鋼筋混凝土造,108年1月21日,三層,一層 二層 三層 見其他登記事項
RPOOMLTLMHOFFDQ37CA,,189.51,見其他登記事項,鋼筋混凝土造,108年1月21日,三層,一層 二層 三層 見其他登記事項
RPROMLMKMHOFFDQ86CA,3,169.89,見其他登記事項,見其他登記事項,104年12月4日,三層,一層 二層 三層 見其他登記事項
RPROMLMKMHOFFDQ86CA,3,.46,見其他登記事項,見其他登記事項,104年12月4日,一層,
RPXNMLKMMHOFFCQ27CA,,188.06,見其他登記事項,鋼筋混凝土造,108年1月10日,三層,一層 二層 三層 見其他登記事項
RPUNMLKMMHOFFCQ96CA,,183.67,見其他登記事項,鋼筋混凝土造,108年1月10日,三層,一層 二層 三層 見其他登記事項
RPQNMLKMMHOFFCQ56CA,,192.87,見其他登記事項,鋼筋混凝土造,108年1月10日,三層,一層 二層 三層 見其他登記事項
RPVNMLKMMHOFFCQ07CA,,183.67,見其他登記事項,鋼筋混凝土造,108年1月10日,三層,一層 二層 三層 見其他登記事項
RPTNMLQKMHOFFDQ37CA,42,70.08,住家用,鋼筋混凝土加強磚造,66年2月3日,二層,一層 二層
RPWNMLKMMHOFFCQ17CA,,183.67,見其他登記事項,鋼筋混凝土造,108年1月10日,三層,一層 二層 三層 見其他登記事項
RPWNMLQKMHOFFDQ67CA,11,215.51,住商用,鋼筋混凝土造,97年7月3日,四層,一層 二層 三層 四層
RPPNMLRKMHOFFEQ37EA,34,241.75,住家用,鋼筋混凝土加強磚造,73年11月16日,二層,一層 二層 騎樓
RPPNMLTKMHOFFDQ27CA,39,102.55,住家用,鋼筋混凝土加強磚造,69年3月1日,二層,一層 二層 騎樓
RPPNMLPKMHOFFDQ86CA,11,197.64,見其他登記事項,鋼筋混凝土造,97年1月4日,三層,一層 二層 三層 見其他登記事項
RPQNMLPKMHOFFDQ96CA,,180.62,住家用,鋼筋混凝土造,107年10月8日,四層,一層 二層 三層 四層
RPVNMLSKMHOFFCQ67CA,24,150.95,住家用,鋼筋混凝土造,84年2月17日,三層,一層 二層 三層 電梯樓梯間
RPQNMLRLMHOFFCQ17CA,38,123.90,住家用,鋼筋混凝土加強磚造,70年2月15日,二層,一層 二層 騎樓 電梯樓梯間
RPQNMLRLMHOFFDQ27CA,14,1.59,見其他登記事項,鋼筋混凝土造,94年8月26日,三層,一層 二層 三層
RPQNMLRLMHOFFDQ27CA,14,5.08,見其他登記事項,鋼筋混凝土造,94年8月26日,二層,一層 二層 地下一層 地下二層
RPQNMLRLMHOFFDQ27CA,12,196.12,見其他登記事項,鋼筋混凝土造,95年12月22日,四層,一層 二層 三層 四層
RPQNMLRKMHOFFBQ96CA,16,21.15,住家用,鋼筋混凝土造,92年8月21日,五層,四層
RPVNMLQKMHOFFBQ37CA,3,190.82,住家用,鋼筋混凝土造,104年11月12日,四層,一層 二層 三層 四層
SPQNMLRKMHOFFBQ07CA,16,21.15,住家用,鋼筋混凝土造,92年8月21日,五層,四層
RPVNMLQKMHOFFCQ47CA,23,85.92,住家用,鋼筋混凝土造,85年1月24日,二層,一層 二層 電梯樓梯間
RPVNMLTLMHOFFDQ97CA,,94.76,見其他登記事項,鋼筋混凝土造,108年1月21日,三層,一層 二層 三層 見其他登記事項
RPVNMLTLMHOFFDQ97CA,,94.76,見其他登記事項,鋼筋混凝土造,108年1月21日,三層,一層 二層 三層 見其他登記事項
RPQNMLRLMHOFFEQ37CA,26,33.90,住家用,鋼筋混凝土造,82年4月1日,十八層,十二層
RPQNMLRLMHOFFEQ37CA,26,1.75,見其他登記事項,鋼筋混凝土造,82年4月1日,,
RPQNMLRLMHOFFEQ37CA,26,6.62,見其他登記事項,鋼筋混凝土造,82年4月1日,十八層,
RPSNMLRLMHOFFDQ47CA,38,95.07,住家用,鋼筋混凝土加強磚造,69年12月9日,二層,一層 二層
RPPNMLQLMHOFFCQ96CA,24,62.04,住家用,鋼筋混凝土造,84年6月14日,三層,一層 二層 三層
RPPOMLTKMHOFFBQ17CA,35,90.12,見其他登記事項,鋼筋混凝土加強磚造,73年4月14日,二層,一層 二層 屋頂突出物
RPTOMLLKMHOFFDQ96CA,12,433.14,見其他登記事項,鋼筋混凝土造,96年8月22日,四層,一層 二層 三層 四層
RPQNMLNLMHOFFBQ66CA,16,155.60,住家用,鋼筋混凝土造,92年1月14日,三層,一層 二層 三層
RPPNMLRLMHOFFDQ17CA,41,55.58,住家用,鋼筋混凝土加強磚造,67年3月1日,一層,一層
RPSNMLSKMHOFFBQ27CA,53,74.66,住家用,磚造,55年1月15日,一層,一層 騎樓
RPSOMLLKMHOFFDQ86CA,16,160.65,見其他登記事項,鋼筋混凝土造,91年11月15日,三層,一層 二層 三層
RPSNMLTKMHOFFCQ47CA,25,159.37,見其他登記事項,鋼筋混凝土造,82年10月28日,四層,一層 二層 三層 四層
RPPNMLKLMHOFFCQ09DA,38,59.94,住家用,磚造,70年2月14日,一層,一層
RPTNMLMLMHOFFEQ17CA,9,121.26,見其他登記事項,見其他登記事項,98年10月28日,一層,一層
RPOOMLOKNHOFFCQ76CA,37,64.88,住家用,見其他登記事項,70年10月8日,一層,一層
RPPNMLLLMHOFFDQ56CA,45,121.13,住家用,見其他登記事項,62年10月21日,二層,一層 二層 騎樓
RPQNMLLLMHOFFDQ66CA,34,118.80,住家用,鋼筋混凝土加強磚造,74年6月20日,三層,一層 二層 三層 騎樓
RPXNMLOLMHOFFDQ67CA,1,191.02,見其他登記事項,鋼筋混凝土造,106年10月7日,四層,一層 二層 三層 四層
RPPNMLNLMHOFFDQ76CA,37,89.63,住商用,鋼筋混凝土加強磚造,70年10月17日,二層,一層 二層 騎樓
RPUNMLNLMHOFFDQ37DA,12,123.15,見其他登記事項,鋼筋混凝土造,95年10月13日,三層,一層 二層 三層 屋頂突出物
RPPNMLRKNHOFFDQ17CA,23,179.26,住家用,鋼筋混凝土造,84年12月22日,三層,一層 二層 三層
RPQNMLMLMHOFFBQ56CA,22,160.13,住家用,鋼筋混凝土造,86年1月10日,十層,五層
RPQNMLMLMHOFFBQ56CA,22,21.35,見其他登記事項,鋼筋混凝土造,86年1月10日,十層,
RPQNMLMLMHOFFBQ56CA,22,15.09,見其他登記事項,鋼筋混凝土造,86年1月10日,十層,
RPXNMLTKMHOFFBQ87CA,23,296.75,農舍,鋼筋混凝土加強磚造,84年12月29日,三層,一層 二層 三層
RPQNMLPLMHOFFBQ86CA,14,19.96,住家用,鋼筋混凝土造,94年10月3日,十層,九層
RPQNMLPLMHOFFBQ86CA,14,.12,見其他登記事項,鋼筋混凝土造,94年10月3日,十層,
RPQNMLPLMHOFFBQ86CA,14,10.53,見其他登記事項,鋼筋混凝土造,94年10月3日,十層,
RPQNMLPLMHOFFBQ86CA,14,16.65,住家用,鋼筋混凝土造,94年10月3日,十層,九層
RPQNMLPLMHOFFBQ86CA,14,.10,見其他登記事項,鋼筋混凝土造,94年10月3日,十層,
RPQNMLPLMHOFFBQ86CA,14,8.36,見其他登記事項,鋼筋混凝土造,94年10月3日,十層,
RPXNMLLJNHOFFCQ17CA,34,108.30,住家用,鋼筋混凝土加強磚造,73年11月23日,二層,一層 二層 騎樓 電梯樓梯間
RPRNMLKMMHOFFCQ66CA,,183.67,見其他登記事項,鋼筋混凝土造,108年1月10日,三層,一層 二層 三層 見其他登記事項
RPOOMLKMMHOFFCQ09CA,,184.01,見其他登記事項,鋼筋混凝土造,108年1月10日,三層,一層 二層 三層 見其他登記事項
RPRNMLMLMHOFFCQ76CA,26,86.54,住家用,鋼筋混凝土造,81年11月30日,五層,三層
RPRNMLMLMHOFFCQ76CA,26,9.10,共有部份,鋼筋混凝土造,81年11月30日,地下層,
RPRNMLMLMHOFFCQ76CA,26,6.94,共有部份,鋼筋混凝土造,81年11月30日,五層,
RPSNMLNLMHOFFCQ96CA,17,125.47,住家用,鋼筋混凝土造,91年1月14日,三層,一層 二層 三層
RPQNMLOJNHOFFCQ76CA,36,61.08,國民住宅,鋼筋混凝土造,72年3月12日,五層,五層
RPQNMLOJNHOFFCQ76CA,36,.03,共有部份,鋼筋混凝土造,72年3月12日,五層,
RPQNMLOJNHOFFCQ76CA,36,.25,見其他登記事項,鋼筋混凝土造,72年3月12日,五層,一層
RPQNMLOJNHOFFCQ76CA,36,7.86,共有部份,鋼筋混凝土造,72年3月12日,五層,
RPQNMLNLMHOFFCQ76CA,1,166.38,見其他登記事項,鋼筋混凝土造,107年8月17日,三層,一層 二層 三層 見其他登記事項
RPRNMLOLMHOFFDQ07CA,37,95.17,住商用,鋼筋混凝土加強磚造,70年11月17日,二層,一層 二層
RPVNMLQJNHOFFDQ57CA,22,86.04,住家用,鋼筋混凝土造,86年5月24日,五層,二層
RPVNMLQJNHOFFDQ57CA,22,12.45,見其他登記事項,鋼筋混凝土造,86年5月24日,五層,
RPVNMLQJNHOFFDQ57CA,22,28.30,見其他登記事項,鋼筋混凝土造,86年5月24日,五層,
RPSNMLOKNHOFFDQ17CA,1,168.23,見其他登記事項,鋼筋混凝土造,107年5月17日,三層,一層 二層 三層 見其他登記事項
RPUNMLOKNHOFFDQ37CA,1,168.23,見其他登記事項,鋼筋混凝土造,107年5月17日,三層,一層 二層 三層 見其他登記事項
RPPNMLNLMHOFFBQ56CA,11,291.06,見其他登記事項,鋼筋混凝土造,97年4月8日,四層,一層 二層 三層 四層 地下一層
RPPNMLNLMHOFFBQ56CA,11,4.90,見其他登記事項,鋼筋混凝土造,97年4月8日,三層,
RPPNMLNLMHOFFBQ56CA,11,31.16,停車空間,鋼筋混凝土造,97年4月8日,四層,
RPUNMLQLMHOFFBQ37CA,14,182.72,住商用,鋼筋混凝土造,94年1月5日,三層,一層 二層 三層
RPPNMLOLMHOFFBQ66CA,1,209.33,見其他登記事項,鋼筋混凝土造,107年6月11日,三層,一層 二層 三層 屋頂突出物
RPWNMLSJNHOFFDQ87CA,35,97.64,住家用,鋼筋混凝土加強磚造,72年12月31日,二層,一層 二層
RPPNMLSJNHOFFBQ96CA,,39.67,住家用,土造,,一層,一層
RPQOMLSJNHOFFBQ17CA,14,16.65,住家用,鋼筋混凝土造,94年10月3日,十層,五層
RPQOMLSJNHOFFBQ17CA,14,.10,見其他登記事項,鋼筋混凝土造,94年10月3日,十層,
RPQOMLSJNHOFFBQ17CA,14,8.36,見其他登記事項,鋼筋混凝土造,94年10月3日,十層,
RPPNMLOLMHOFFDQ86CA,22,87.25,見其他登記事項,鋼筋混凝土造,85年10月11日,五層,五層
RPPNMLOLMHOFFDQ86CA,22,14.15,見其他登記事項,鋼筋混凝土造,85年10月11日,五層,
RPPNMLOLMHOFFDQ86CA,22,29.38,見其他登記事項,鋼筋混凝土造,85年10月11日,五層,
RPTNMLKMMHOFFCQ86CA,,183.67,見其他登記事項,鋼筋混凝土造,108年1月10日,三層,一層 二層 三層 見其他登記事項
RPPNMLLJNHOFFCQ98CA,25,153.03,住家用,鋼筋混凝土造,83年2月8日,三層,一層 二層 三層 電梯樓梯間
RPRNMLPLMHOFFCQ07CA,42,112.52,住商用,鋼筋混凝土加強磚造,65年12月15日,二層,一層 二層 騎樓
RPRNMLLJNHOFFCQ56CA,7,43.69,住家用,鋼骨鋼筋混凝土造,100年10月24日,一層,一層
RPPNMLOLMHOFFCQ96EA,,190.39,住家用,鋼筋混凝土造,,三層,一層 二層 三層 電梯樓梯間
RPPNMLPLMHOFFCQ86CA,17,127.88,住家用,鋼筋混凝土造,91年1月14日,三層,一層 二層 三層
RPWNMLPJNHOFFDQ57CA,39,153.62,住家用,鋼筋混凝土加強磚造,69年6月30日,三層,一層 二層 三層
RPTNMLLLNHOFFCQ96CA,1,191.36,見其他登記事項,鋼筋混凝土造,107年5月15日,三層,一層 二層 三層 見其他登記事項
RPXNMLTJNHOFFDQ08CA,4,192.23,見其他登記事項,鋼筋混凝土造,104年6月25日,三層,一層 二層 三層 見其他登記事項
RPWNMLLKNHOFFDQ27CA,,120.82,見其他登記事項,鋼筋混凝土造,108年1月21日,三層,一層 二層 三層 見其他登記事項
RPRNMLKKNHOFFDQ66CA,,94.76,見其他登記事項,鋼筋混凝土造,108年1月21日,三層,一層 二層 三層 見其他登記事項
RPRNMLKKNHOFFDQ66CA,,94.76,見其他登記事項,鋼筋混凝土造,108年1月21日,三層,一層 二層 三層 見其他登記事項
RPVNMLLKNHOFFDQ17CA,,85.72,見其他登記事項,鋼筋混凝土造,108年1月21日,三層,一層 二層 三層 見其他登記事項
RPXNMLQLMHOFFDQ87CA,23,146.34,住家用,鋼筋混凝土造,85年2月7日,三層,一層 二層 三層
RPPNMLSLMHOFFDQ27CA,21,147.22,住商用,鋼筋混凝土造,87年8月13日,三層,一層 二層 三層
RPPOMLOLMHOFFDQ96CA,40,98.75,住家用,鋼筋混凝土加強磚造,68年3月15日,二層,一層 二層
RPRNMLNKNHOFFDQ96CA,22,166.87,住家用,鋼筋混凝土造,86年3月31日,四層,一層 二層 三層 四層
RPVNMLPLMHOFFCQ47CA,23,81.80,見其他登記事項,鋼筋混凝土造,85年2月9日,五層,四層
RPVNMLPLMHOFFCQ47CA,23,.89,共有部份,鋼筋混凝土造,85年2月9日,五層,
RPVNMLPLMHOFFCQ47CA,23,2.89,共有部份,鋼筋混凝土造,85年2月9日,五層,
RPVNMLPLMHOFFCQ47CA,23,2.89,共有部份,鋼筋混凝土造,85年2月9日,五層,
RPVNMLPLMHOFFCQ47CA,23,2.65,共有部份,鋼筋混凝土造,85年2月9日,五層,
RPRNMLQJNHOFFEQ27CA,26,51.58,住家用,鋼筋混凝土造,82年4月1日,十八層,十八層
RPRNMLQJNHOFFEQ27CA,26,10.05,見其他登記事項,鋼筋混凝土造,82年4月1日,十八層,
RPRNMLQJNHOFFEQ27CA,26,2.45,見其他登記事項,鋼筋混凝土造,82年4月1日,,
RPQNMLTLMHOFFCQ37CA,1,147.18,住家用,鋼筋混凝土造,107年9月4日,二層,一層 二層
RPVNMLQJNHOFFCQ47CA,24,192.68,住家用,鋼筋混凝土造,84年1月19日,三層,一層 二層 三層 電梯樓梯間
RPOOMLQLMHOFFBQ86CA,13,19.19,住家用,鋼筋混凝土造,95年8月28日,八層,三層
RPOOMLQLMHOFFBQ86CA,13,4.61,共有部份,鋼筋混凝土造,95年8月28日,,
RPOOMLQLMHOFFBQ86CA,13,7.43,共有部份,鋼筋混凝土造,95年8月28日,,
RPRNMLPLMHOFFBQ96CA,26,170.52,住商用,鋼筋混凝土造,82年4月22日,四層,一層 二層 三層 四層 騎樓
SPOOMLQLMHOFFBQ96CA,13,19.19,住家用,鋼筋混凝土造,95年8月28日,八層,三層
SPOOMLQLMHOFFBQ96CA,13,4.61,共有部份,鋼筋混凝土造,95年8月28日,,
SPOOMLQLMHOFFBQ96CA,13,7.43,共有部份,鋼筋混凝土造,95年8月28日,,
RPRNMLKMMHOFFBQ56CA,35,115.29,住商用,鋼筋混凝土加強磚造,73年3月30日,三層,一層 二層 三層
RPPNMLNJNHOFFBQ09CA,30,192.46,住家用,鋼筋混凝土加強磚造,78年4月14日,四層,一層 二層 三層 四層 夾層
RPPNMLOKNHOFFCQ76CA,25,79.35,見其他登記事項,鋼筋混凝土造,83年8月10日,七層,五層
RPPNMLOKNHOFFCQ76CA,25,8.81,共有部份,鋼筋混凝土造,83年8月10日,七層,
RPPNMLOKNHOFFCQ76CA,25,9.89,共有部份,鋼筋混凝土造,83年8月10日,七層,
RPQNMLTLMHOFFBQ27CA,13,165.89,見其他登記事項,鋼筋混凝土造,95年8月28日,三層,一層 二層 三層 見其他登記事項
RPTNMLOKNHOFFDQ27CA,1,180.87,見其他登記事項,鋼筋混凝土造,107年5月17日,三層,一層 二層 三層 見其他登記事項
RPUNMLQLMHOFFDQ57CA,79,12.40,住家用,竹造,28年12月1日,一層,一層
RPXNMLPLMHOFFDQ77CA,39,89.11,住商用,鋼筋混凝土加強磚造,69年3月31日,二層,一層 二層 騎樓
RPRNMLPJNHOFFDQ07CA,20,124.21,住家用,鋼筋混凝土造,87年11月24日,三層,一層 二層 三層
RPQNMLLJNHOFFDQ56CA,2,72.69,見其他登記事項,鋼筋混凝土造,106年4月21日,十五層,六層
RPQNMLLJNHOFFDQ56CA,2,11.39,見其他登記事項,鋼筋混凝土造,106年4月21日,十六層,
RPQNMLLJNHOFFDQ56CA,2,18.75,見其他登記事項,鋼筋混凝土造,106年4月21日,十五層,
RPQNMLLJNHOFFDQ56CA,2,29.87,見其他登記事項,鋼筋混凝土造,106年4月21日,十六層,
RPQNMLTLMHOFFDQ47CA,23,83.93,住家用,鋼筋混凝土造,84年10月4日,五層,五層
RPVNMLNJNHOFFDQ27CA,23,83.93,住家用,鋼筋混凝土造,84年10月4日,五層,五層
RPVNMLNJNHOFFDQ27CA,23,16.88,見其他登記事項,鋼筋混凝土造,84年10月4日,五層,
RPVNMLMJNHOFFDQ17CA,23,84.00,住家用,鋼筋混凝土造,84年10月4日,五層,三層
RPVNMLMJNHOFFDQ17CA,23,16.88,見其他登記事項,鋼筋混凝土造,84年10月4日,五層,
RPPNMLSKNHOFFDQ27CA,40,91.30,住家用,鋼筋混凝土加強磚造,68年1月15日,二層,一層 二層 騎樓
RPXNMLSJNHOFFDQ97CA,27,207.75,住家用,鋼筋混凝土造,81年3月20日,三層,一層 二層 三層
RPPPMLKMMHOFFCQ66CA,37,94.60,住家用,鋼筋混凝土加強磚造,70年12月17日,二層,一層 二層
RPPNMLKMMHOFFBQ98CA,40,93.48,住家用,鋼筋混凝土加強磚造,68年6月4日,二層,一層 二層
RPSNMLKMMHOFFBQ66CA,25,197.79,住家用,鋼筋混凝土造,83年6月21日,三層,一層 二層 三層
RPRNMLQJNHOFFCQ07CA,20,153.15,住家用,鋼筋混凝土造,87年11月26日,三層,一層 二層 三層 電梯樓梯間
RPQNMLLJNHOFFCQ09CA,26,85.07,住家用,鋼筋混凝土造,81年11月30日,五層,五層
RPQNMLLJNHOFFCQ09CA,26,8.68,共有部份,鋼筋混凝土造,81年11月30日,地下層,
RPQNMLLJNHOFFCQ09CA,26,6.94,共有部份,鋼筋混凝土造,81年11月30日,五層,
RPSNMLPKNHOFFDQ27CA,,211.39,見其他登記事項,鋼筋混凝土造,107年10月29日,三層,一層 二層 三層 見其他登記事項
RPSNMLNKNHOFFCQ96CA,42,92.76,住家用,鋼筋混凝土加強磚造,66年1月18日,二層,一層 二層
RPQNMLTJNHOFFEQ47CA,1,222.54,見其他登記事項,鋼筋混凝土造,106年10月31日,三層,一層 二層 三層
RPUNMLNKNHOFFDQ27CA,26,186.90,住家用,鋼筋混凝土造,82年4月22日,四層,一層 二層 三層 四層
RPRNMLTJNHOFFEQ57CA,1,209.75,見其他登記事項,鋼筋混凝土造,106年10月31日,三層,一層 二層 三層
RPTNMLKKNHOFFDQ86CA,37,163.86,住家用,鋼筋混凝土加強磚造,70年10月7日,三層,一層 二層 三層 騎樓
RPQNMLSJNHOFFDQ27CA,39,89.63,住家用,鋼筋混凝土加強磚造,69年7月1日,二層,一層 二層
RPSNMLNJNHOFFDQ96CA,12,194.46,見其他登記事項,鋼筋混凝土造,96年7月19日,四層,一層 二層 三層 四層
RPRQMLRKNHOFFCQ57CA,24,157.02,住商用,鋼筋混凝土造,84年8月30日,三層,一層 二層 三層 騎樓 電梯樓梯間
RPPNMLQJNHOFFBQ76CA,22,115.59,住商用,鋼筋混凝土造,86年1月10日,十層,一層 二層
RPPNMLQJNHOFFBQ76CA,22,28.26,見其他登記事項,鋼筋混凝土造,86年1月10日,十層,
RPPNMLQJNHOFFBQ76CA,22,19.98,見其他登記事項,鋼筋混凝土造,86年1月10日,十層,
RPQNMLSJNHOFFBQ07CA,38,95.22,住商用,鋼筋混凝土加強磚造,70年6月8日,二層,一層 二層 騎樓
RPUNMLNJNHOFFDQ17CA,14,196.12,見其他登記事項,鋼筋混凝土造,94年8月26日,四層,一層 二層 三層 四層
RPUNMLNJNHOFFDQ17CA,14,1.59,見其他登記事項,鋼筋混凝土造,94年8月26日,三層,一層 二層 三層
RPUNMLNJNHOFFDQ17CA,14,5.08,見其他登記事項,鋼筋混凝土造,94年8月26日,二層,一層 二層 地下一層 地下二層
RPSNMLNKNHOFFDQ07CA,23,184.46,見其他登記事項,鋼筋混凝土造,85年3月22日,五層,一層 二層 三層 四層 五層
RPPNMLPJNHOFFDQ86CA,24,151.09,住家用,鋼筋混凝土造,84年7月31日,三層,一層 二層 三層
RPTNMLLJNHOFFBQ76DA,27,117.30,住家用,鋼筋混凝土造,81年3月25日,三層,一層 二層 三層
RPQNMLMJNHOFFEQ76CA,40,85.24,住家用,鋼筋混凝土加強磚造,68年1月12日,二層,一層 二層
RPPNMLSKNHOFFBQ07CA,13,19.19,住家用,鋼筋混凝土造,95年8月28日,八層,七層
RPPNMLSKNHOFFBQ07CA,13,7.43,共有部份,鋼筋混凝土造,95年8月28日,,
RPPNMLSKNHOFFBQ07CA,13,4.60,共有部份,鋼筋混凝土造,95年8月28日,,
RPPNMLSKNHOFFEQ37CA,25,2.48,住家用,鋼筋混凝土造,83年4月7日,三層,一層 二層 三層
RPPNMLSKNHOFFEQ37CA,25,258.06,住家用,鋼筋混凝土造,83年1月12日,四層,一層 二層 三層 四層
RPUNMLLJNHOFFCQ86CA,,192.73,住家用,鋼筋混凝土造,108年2月21日,三層,一層 二層 三層
RPVNMLLJNHOFFCQ96CA,,195.70,住家用,鋼筋混凝土造,108年2月21日,三層,一層 二層 三層
RPTNMLLJNHOFFCQ76CA,,192.73,住家用,鋼筋混凝土造,108年2月21日,三層,一層 二層 三層
RPSNMLLJNHOFFCQ66CA,,192.73,住家用,鋼筋混凝土造,108年2月21日,三層,一層 二層 三層
RPQNMLKMMHOFFBQ09CA,13,166.67,見其他登記事項,鋼筋混凝土造,95年8月28日,三層,一層 二層 三層 見其他登記事項
RPQNMLKMMHOFFBQ09CA,13,.25,見其他登記事項,鋼筋混凝土造,95年8月28日,一層,一層
RPXNMLMJNHOFFBQ17CA,4,204.01,見其他登記事項,鋼筋混凝土造,104年7月20日,四層,一層 二層 三層 四層
RPSNMLMJNHOFFCQ76CA,26,105.07,住家用,鋼筋混凝土造,82年2月17日,五層,四層
RPPNMLNJNHOFFCQ56CA,14,108.63,見其他登記事項,鋼筋混凝土造,93年9月27日,三層,一層 二層 三層 電梯樓梯間
RPWNMLMJNHOFFCQ17CA,26,171.91,住商用,鋼筋混凝土造,82年6月21日,三層,一層 二層 三層 騎樓 電梯樓梯間
RPTNMLKLNHOFFDQ96CA,15,16.80,住家用,鋼筋混凝土造,93年8月3日,5,一層
RPTNMLKLNHOFFDQ96CA,15,.19,見其他登記事項,鋼筋混凝土造,93年8月3日,五層,
RPTNMLKLNHOFFDQ96CA,15,.63,見其他登記事項,鋼筋混凝土造,93年8月3日,五層,
RPTNMLKLNHOFFDQ96CA,15,4.61,見其他登記事項,鋼筋混凝土造,93年8月3日,五層,
RPTNMLKLNHOFFDQ96CA,15,.77,見其他登記事項,鋼筋混凝土造,93年8月3日,五層,
RPTNMLKLNHOFFDQ96CA,15,1.27,見其他登記事項,鋼筋混凝土造,93年8月3日,五層,
RPWNMLTLNHOFFCQ08CA,36,80.12,住家用,鋼筋混凝土加強磚造,72年9月15日,二層,一層 二層
RPPNMLKLNHOFFDQ56CA,24,176.75,住家用,鋼筋混凝土造,84年9月29日,四層,一層 二層 三層 四層
SPTNMLKLNHOFFDQ07CA,15,19.39,住家用,鋼筋混凝土造,93年8月3日,5,一層
SPTNMLKLNHOFFDQ07CA,15,.22,見其他登記事項,鋼筋混凝土造,93年8月3日,五層,
SPTNMLKLNHOFFDQ07CA,15,.74,見其他登記事項,鋼筋混凝土造,93年8月3日,五層,
SPTNMLKLNHOFFDQ07CA,15,5.40,見其他登記事項,鋼筋混凝土造,93年8月3日,五層,
SPTNMLKLNHOFFDQ07CA,15,.90,見其他登記事項,鋼筋混凝土造,93年8月3日,五層,
SPTNMLKLNHOFFDQ07CA,15,1.49,見其他登記事項,鋼筋混凝土造,93年8月3日,五層,
RPXNMLTLNHOFFCQ18CA,25,162.20,住商用,鋼筋混凝土造,83年7月1日,三層,一層 二層 三層
RPOOMLTLNHOFFCQ37CA,38,113.03,住商用,鋼筋混凝土加強磚造,70年1月10日,二層,一層 二層 騎樓 電梯樓梯間
RPUNMLQJNHOFFEQ57CA,1,161.80,見其他登記事項,鋼筋混凝土造,106年12月21日,三層,一層 二層 三層 見其他登記事項
RPPNMLPJNHOFFCQ86DA,37,111.72,住家用,鋼筋混凝土加強磚造,70年12月17日,二層,一層 二層
RPVNMLMJNHOFFCQ27EA,38,101.10,住家用,鋼筋混凝土加強磚造,70年7月25日,二層,一層 二層 電梯樓梯間
RPTNMLOKNHOFFCQ37EA,37,44.82,住家用,鋼筋混凝土加強磚造,71年6月22日,二層,一層 二層 電梯樓梯間
RPUNMLMJNHOFFCQ17EA,40,129.18,住家用,鋼筋混凝土加強磚造,68年5月9日,二層,一層 二層 騎樓 電梯樓梯間
RPQNMLNJNHOFFDQ76CA,27,175.35,住商用,鋼筋混凝土造,81年8月10日,四層,一層 二層 三層 四層
RPPNMLNKNHOFFEQ86CA,25,143.24,住家用,鋼筋混凝土造,83年5月20日,三層,一層 二層 三層
RPUNMLPJNHOFFDQ37CA,26,174.72,見其他登記事項,鋼筋混凝土造,82年8月6日,四層,一層 二層 三層 四層
RPOOMLNKNHOFFCQ66CA,37,121.17,住家用,鋼筋混凝土加強磚造,70年12月17日,二層,一層 二層 電梯樓梯間
RPQNMLSKNHOFFCQ27CA,22,91.78,見其他登記事項,鋼筋混凝土造,85年12月20日,十一層,十層
RPQNMLSKNHOFFCQ27CA,22,11.28,共有部份,鋼筋混凝土造,85年12月20日,十一層,
RPQNMLSKNHOFFCQ27CA,22,.73,共有部份,鋼筋混凝土造,85年12月20日,十一層,
RPQNMLSKNHOFFCQ27CA,22,8.28,共有部份,鋼筋混凝土造,85年12月20日,十一層,
RPPNMLKKNHOFFCQ98CA,1,183.52,見其他登記事項,鋼筋混凝土造,107年8月17日,三層,一層 二層 三層 見其他登記事項
RPTNMLSJNHOFFBQ37CA,13,19.19,住家用,鋼筋混凝土造,95年8月28日,八層,六層
RPTNMLSJNHOFFBQ37CA,13,7.43,共有部份,鋼筋混凝土造,95年8月28日,,
RPTNMLSJNHOFFBQ37CA,13,4.61,共有部份,鋼筋混凝土造,95年8月28日,,
RPTNMLSLNHOFFBQ57CA,13,275.98,見其他登記事項,鋼筋混凝土造,95年10月1日,四層,一層 二層 三層 四層 見其他登記事項
RPRNMLLLNHOFFDQ86CA,24,182.32,見其他登記事項,鋼筋混凝土造,84年9月8日,十二層,十二層
RPPNMLRJNHOFFBQ86CA,39,119.44,住家用,鋼筋混凝土加強磚造,69年5月17日,二層,一層 二層 騎樓
RPRNMLLLNHOFFDQ86CA,24,44.45,見其他登記事項,鋼筋混凝土造,84年9月8日,十二層,
RPRNMLLLNHOFFDQ86CA,24,38.12,見其他登記事項,鋼筋混凝土造,84年9月8日,十二層,
RPTNMLRKNHOFFBQ37CA,13,165.89,見其他登記事項,鋼筋混凝土造,95年8月28日,三層,一層 二層 三層 見其他登記事項
RPUNMLSKNHOFFDQ77CA,20,68.11,見其他登記事項,鋼筋混凝土造,88年5月31日,五層,三層
RPUNMLSKNHOFFDQ77CA,20,9.74,見其他登記事項,鋼筋混凝土造,88年5月31日,五層,
RPUNMLSKNHOFFDQ77CA,20,.59,見其他登記事項,鋼筋混凝土造,88年5月31日,一層,
RPUNMLSKNHOFFDQ77CA,20,68.11,見其他登記事項,鋼筋混凝土造,88年5月31日,五層,三層
RPUNMLSKNHOFFDQ77CA,20,9.74,見其他登記事項,鋼筋混凝土造,88年5月31日,五層,
RPUNMLSKNHOFFDQ77CA,20,.59,見其他登記事項,鋼筋混凝土造,88年5月31日,一層,
RPPOMLSJNHOFFBQ17DA,16,19.37,住家用,鋼筋混凝土造,92年8月21日,五層,三層
RPPOMLSJNHOFFBQ17DA,16,5.23,見其他登記事項,鋼筋混凝土造,92年8月21日,五層,
RPQNMLPLNHOFFDQ17CA,14,135.35,見其他登記事項,鋼筋混凝土造,93年11月1日,三層,一層 二層 三層
RPWNMLRJNHOFFDQ77CA,37,132.18,住商用,鋼筋混凝土加強磚造,70年10月17日,三層,一層 二層 三層 騎樓
RPWNMLNKNHOFFCQ57EA,41,94.68,住家用,鋼筋混凝土加強磚造,67年7月25日,二層,一層 二層 騎樓
RPQNMLRJNHOFFBQ96CA,1,209.27,見其他登記事項,鋼筋混凝土造,107年6月11日,三層,一層 二層 三層 屋頂突出物
RPPNMLLKNHOFFBQ98CA,14,177.43,住家用,鋼筋混凝土造,94年7月6日,四層,一層 二層 三層 四層
RPUNMLNKNHOFFBQ07CA,13,19.19,住家用,鋼筋混凝土造,95年8月28日,八層,六層
RPUNMLNKNHOFFBQ07CA,13,7.43,共有部份,鋼筋混凝土造,95年8月28日,,
RPUNMLNKNHOFFBQ07CA,13,4.61,共有部份,鋼筋混凝土造,95年8月28日,,
RPPOMLNKNHOFFCQ76CA,26,126.97,住家用,鋼筋混凝土造,82年6月29日,三層,一層 二層 三層 電梯樓梯間
RPSNMLSJNHOFFCQ37CA,25,192.87,住商用,鋼筋混凝土加強磚造,83年2月1日,四層,一層 二層 三層 四層 電梯樓梯間
RPPNMLOKNHOFFBQ66CA,22,88.63,住家用,鋼筋混凝土造,86年1月10日,十層,六層
RPPNMLOKNHOFFBQ66CA,22,21.95,見其他登記事項,鋼筋混凝土造,86年1月10日,十層,
RPPNMLOKNHOFFBQ66CA,22,15.52,見其他登記事項,鋼筋混凝土造,86年1月10日,十層,
RPUNMLLLNHOFFCQ07CA,1,191.36,見其他登記事項,鋼筋混凝土造,107年5月15日,三層,一層 二層 三層 見其他登記事項
RPRNMLSJNHOFFCQ37DA,24,178.39,住商用,鋼筋混凝土造,84年2月17日,三層,一層 二層 三層 電梯樓梯間 夾層
RPPNMLLKNHOFFEQ66CA,1,298.19,見其他登記事項,鋼筋混凝土造,107年5月28日,二層,一層 二層
RPPNMLRJNHOFFCQ96CA,26,116.41,見其他登記事項,鋼筋混凝土造,82年2月17日,五層,三層
RPRNMLSJNHOFFDQ37CA,36,110.10,住家用,鋼筋混凝土加強磚造,72年5月12日,二層,一層 二層 騎樓
RPWNMLPKNHOFFCQ57CA,51,193.84,住家用,鋼筋混凝土造,57年3月6日,三層,一層 二層 三層 騎樓
RPWNMLPKNHOFFCQ57CA,38,212.73,住家用,鋼筋混凝土造,69年11月13日,三層,一層 二層 三層 騎樓
RPPOMLOJOHOFFCQ86CA,24,163.92,住商用,鋼筋混凝土造,83年10月29日,三層,一層 二層 三層 電梯樓梯間
RPUNMLTJNHOFFDQ77CA,4,145.24,見其他登記事項,見其他登記事項,104年9月10日,三層,一層 二層 三層 見其他登記事項
RPQNMLKLNHOFFDQ66CA,27,138.74,住家用,鋼筋混凝土加強磚造,81年1月6日,三層,一層 二層 三層
RPUNMLKLNHOFFDQ07CA,2,72.69,見其他登記事項,鋼筋混凝土造,106年4月21日,十五層,五層
RPUNMLKLNHOFFDQ07CA,2,11.39,見其他登記事項,鋼筋混凝土造,106年4月21日,十六層,
RPUNMLKLNHOFFDQ07CA,2,18.63,見其他登記事項,鋼筋混凝土造,106年4月21日,十五層,
RPUNMLKLNHOFFDQ07CA,2,29.87,見其他登記事項,鋼筋混凝土造,106年4月21日,十六層,
RPPNMLTJNHOFFDQ37DA,39,94.58,住家用,鋼筋混凝土加強磚造,69年6月15日,二層,一層 二層
RPWNMLTJNHOFFDQ08DA,34,133.88,住家用,鋼筋混凝土加強磚造,74年1月26日,二層,一層 二層 騎樓
RPVNMLNJOHOFFBQ17CA,33,174.79,住商用,鋼筋混凝土加強磚造,75年6月21日,三層,一層 二層 三層
RPQOMLNJOHOFFDQ96CA,41,88.00,住家用,鋼筋混凝土加強磚造,67年4月2日,二層,一層 二層
RPVNMLOKNHOFFDQ47CA,24,189.78,住商用,鋼筋混凝土造,83年12月30日,四層,一層 二層 三層 四層
RPTNMLNKNHOFFBQ96CA,21,179.67,住家用,鋼筋混凝土造,87年4月30日,三層,一層 二層 三層
RPTNMLRLNHOFFDQ67CA,37,113.30,住商用,鋼筋混凝土加強磚造,71年6月14日,二層,一層 二層
RPVNMLNKNHOFFBQ17CA,25,127.12,住家用,鋼筋混凝土造,83年6月16日,三層,一層 二層 三層
RPUNMLPKNHOFFCQ47DA,32,101.68,住家用,鋼筋混凝土加強磚造,76年1月26日,二層,一層 二層 騎樓 電梯樓梯間
RPPNMLTLNHOFFCQ37CA,27,78.20,住商用,鋼筋混凝土造,81年6月30日,三層,一層 二層 三層 電梯樓梯間
RPPNMLTLNHOFFCQ37CA,27,78.20,住商用,鋼筋混凝土造,81年6月30日,三層,一層 二層 三層 電梯樓梯間
RPTNMLRLNHOFFCQ57CA,12,21.15,見其他登記事項,鋼筋混凝土造,96年6月23日,五層,四層
RPPOMLTJNHOFFDQ37CA,2,186.46,住家用,鋼筋混凝土造,106年8月2日,三層,一層 二層 三層 見其他登記事項
RPXNMLLKNHOFFDQ37CA,23,66.38,見其他登記事項,鋼筋混凝土造,84年12月27日,五層,三層
RPXNMLLKNHOFFDQ37CA,23,12.08,見其他登記事項,鋼筋混凝土造,84年12月27日,五層,
RPUNMLKLNHOFFCQ96CA,22,166.19,見其他登記事項,鋼筋混凝土造,85年12月20日,十一層,一層 二層 三層
RPUNMLKLNHOFFCQ96CA,22,1.46,共有部份,鋼筋混凝土造,85年12月20日,十一層,
RPUNMLKLNHOFFCQ96CA,22,25.97,共有部份,鋼筋混凝土造,85年12月20日,十一層,
RPUNMLKLNHOFFCQ96CA,22,17.91,共有部份,鋼筋混凝土造,85年12月20日,十一層,
RPQNMLPKNHOFFDQ07CA,14,185.02,住家用,鋼筋混凝土造,93年11月24日,三層,一層 二層 三層
RPXNMLTLNHOFFDQ28CA,37,97.55,住家用,鋼筋混凝土加強磚造,70年10月22日,二層,一層 二層
RPTNMLPKNHOFFDQ37CA,25,199.50,住商用,鋼筋混凝土造,83年3月3日,三層,一層 二層 三層
RPTNMLRKNHOFFDQ57CA,37,65.32,住家用,鋼筋混凝土加強磚造,70年10月30日,一層,一層
RPRNMLOKNHOFFBQ86CA,25,84.37,住家用,鋼筋混凝土造,83年9月10日,十三層,七層
RPRNMLOKNHOFFBQ86CA,25,11.73,見其他登記事項,鋼筋混凝土造,83年9月10日,十三層,
RPRNMLOKNHOFFBQ86CA,25,6.34,見其他登記事項,鋼筋混凝土造,83年9月10日,十三層,
RPPNMLLLNHOFFCQ56CA,25,90.80,住家用,鋼筋混凝土造,82年12月14日,七層,六層
RPPNMLLLNHOFFCQ56CA,25,9.47,共有部份,鋼筋混凝土造,82年12月14日,七層,
RPPNMLLLNHOFFCQ56CA,25,34.23,共有部份,鋼筋混凝土造,82年12月14日,七層,
RPPOMLRKNHOFFCQ17CA,,166.74,住家用,鋼筋混凝土造,108年1月24日,三層,一層 二層 三層
RPRNMLLLNHOFFCQ76CA,24,173.43,住家用,鋼筋混凝土造,84年2月17日,三層,一層 二層 三層 電梯樓梯間
RPRNMLKKNHOFFCQ56CA,14,182.81,見其他登記事項,鋼筋混凝土造,94年2月21日,三層,一層 二層 三層 電梯樓梯間
RPVNMLMLNHOFFCQ27CA,3,222.85,見其他登記事項,鋼筋混凝土造,105年2月1日,三層,一層 二層 三層 見其他登記事項
