﻿編號,土地區段位置,土地移轉面積平方公尺,使用分區或編定
The serial number,land sector position,land shifting area square meter,the use zoning or compiles and checks
RPQNMLNKLHOFFAU96EA,太昌段,24.80,都市：農
RPQNMLNKLHOFFAU96EA,太昌段,1.40,都市：農
RPPNMLOKKHOFFCU86CA,三義段一小段,5032.00,非都市：一般農業區 ; 非都市編定：農牧用地
RPUNMLTKKHOFFCU87CA,三義段,4918.00,非都市：一般農業區 ; 非都市編定：農牧用地
RPPNMLOKKHOFFCU86CA,三義段一小段,4983.00,非都市：一般農業區 ; 非都市編定：農牧用地
RPRNMLTKKHOFFCU57CA,禹西段,2522.09,非都市：一般農業區 ; 非都市編定：農牧用地
RPRNMLTKKHOFFCU57CA,禹西段,196.27,非都市：一般農業區 ; 非都市編定：甲種建築用地
RPRNMLTKKHOFFCU57CA,禹西段,3044.24,非都市：一般農業區 ; 非都市編定：農牧用地
RPVNMLTKKHOFFCU97CA,三義段,4674.00,非都市：一般農業區 ; 非都市編定：農牧用地
RPVNMLTKKHOFFCU97CA,三義段,4936.00,非都市：一般農業區 ; 非都市編定：農牧用地
RPVNMLTKKHOFFCU97CA,三義段,5026.00,非都市：一般農業區 ; 非都市編定：農牧用地
RPPNMLMKKHOFFBU66DA,支亞干段,1269.68,非都市：一般農業區 ; 非都市編定：農牧用地
RPTNMLTKKHOFFCU77CA,瑞祥段,833.33,非都市：一般農業區 ; 非都市編定：農牧用地
RPTNMLTKKHOFFCU77CA,瑞祥段,64.56,非都市：一般農業區 ; 非都市編定：甲種建築用地
RPTNMLTKKHOFFCU77CA,瑞祥段,1153.88,非都市：一般農業區 ; 非都市編定：農牧用地
RPTNMLTKKHOFFCU77CA,瑞祥段,1250.22,非都市：一般農業區 ; 非都市編定：農牧用地
RPTNMLTKKHOFFCU77CA,瑞祥段,833.33,非都市：一般農業區 ; 非都市編定：農牧用地
RPOPMLMKLHOFFAU76DA,太昌段,44.12,都市：住
RPVOMLTKKHOFFAU87CA,民勤段,44.00,都市：住
RPVOMLTKKHOFFAU87CA,民勤段,8.38,都市：住
RPPNMLTKKHOFFAU17CA,仁廉段,34.31,都市：住
RPQNMLMKLHOFFAU66CA,民勤段,41.94,都市：住
RPPNMLMKLHOFFAU56CA,仁義段,15.78,都市：住
RPXOMLPLKHOFFAU77CA,宜寧段,9.38,都市：商
RPQNMLNKKHOFFAU66CA,南埔段,141.00,非都市：特定農業區 ; 非都市編定：甲種建築用地
RPSNMLMKKHOFFAU76CA,福吉段,109.87,非都市：特定農業區 ; 非都市編定：甲種建築用地
RPQOMLSKKHOFFAU27CA,富國段,22.83,都市：住
RPWNMLMKKHOFFAU27DA,富國段,7.54,都市：住
RPTNMLNKKHOFFAU96CA,國風段,68.00,都市：住
RPUNMLNLKHOFFAU17CA,明義段,23.16,都市：商
RPUNMLNLKHOFFAU17CA,明義段,1.45,都市：商
RPSOMLNLKHOFFAU07CA,德安段,13.92,都市：住
RPSNMLPKKHOFFAU07CA,豐裡段,2513.00,非都市：一般農業區 ; 非都市編定：農牧用地
RPSNMLOKKHOFFAU96CA,林森段,73.00,都市：住
RPTNMLSKKHOFFAU47CA,豐裡段,6038.58,非都市：一般農業區 ; 非都市編定：農牧用地
RPWNMLPKKHOFFAU47CA,精鐘段,381.93,非都市：一般農業區 ; 非都市編定：農牧用地
RPWNMLPKKHOFFAU47CA,精鐘段,381.86,非都市：一般農業區 ; 非都市編定：農牧用地
RPWNMLPKKHOFFAU47CA,精鐘段,835.45,非都市：一般農業區 ; 非都市編定：農牧用地
RPWNMLPKKHOFFAU47CA,精鐘段,835.37,非都市：一般農業區 ; 非都市編定：農牧用地
RPWNMLPKKHOFFAU47CA,精鐘段,835.42,非都市：一般農業區 ; 非都市編定：農牧用地
RPWNMLPKKHOFFAU47CA,精鐘段,278.99,非都市：一般農業區 ; 非都市編定：農牧用地
RPWNMLPKKHOFFAU47CA,精鐘段,279.01,非都市：一般農業區 ; 非都市編定：農牧用地
RPWNMLPKKHOFFAU47CA,精鐘段,279.01,非都市：一般農業區 ; 非都市編定：農牧用地
RPWNMLPKKHOFFAU47CA,精鐘段,232.19,非都市：一般農業區 ; 非都市編定：農牧用地
RPRNMLOKKHOFFAU86CA,光明段,507.15,非都市：一般農業區 ; 非都市編定：農牧用地
RPUQMLOKKHOFFAU47CA,大坪段,3754.70,非都市：一般農業區 ; 非都市編定：農牧用地
RPQNMLPKKHOFFAU86CA,主商段,13.64,都市：商
RPVNMLPKKHOFFAU37CA,福祥段,23.10,都市：住
RPVNMLPKKHOFFAU37CA,福祥段,23.10,都市：住
RPSNMLNKLHOFFAU17EA,太昌段,24.80,都市：農
RPSNMLNKLHOFFAU17EA,太昌段,1.40,都市：農
RPQNMLKLKHOFFCU86EA,中平段,336.19,都市：農
SPQNMLKLKHOFFCU96EA,中平段,48.48,都市：農
TPQNMLKLKHOFFCU07EA,中平段,164.69,都市：農
RPQNMLPKKHOFFAU07EA,宜安段,15.27,都市：住
RPRNMLNKLHOFFAU07EA,太昌段,44.12,都市：住
RPRNMLLLKHOFFBU76CA,中原段,6883.45,非都市：特定專用區 ; 非都市編定：農牧用地
RPSNMLSKKHOFFAU37CA,碧雲段,121.00,都市：住
RPTOMLPKKHOFFAU27CA,永安段,2500.68,非都市：一般農業區 ; 非都市編定：農牧用地
RPTNMLPKKHOFFAU17CA,南埔段,2425.00,非都市：特定農業區 ; 非都市編定：農牧用地
RPOOMLTKKHOFFAU17CA,德姆南段,172.97,都市：農
RPSOMLPKKHOFFAU17CA,南埔段,112.00,非都市：特定農業區 ; 非都市編定：甲種建築用地
RPSOMLPKKHOFFAU17CA,南埔段,41.93,非都市：特定農業區 ; 非都市編定：甲種建築用地
RPRNMLPKKHOFFAU96CA,主商段,11.79,都市：商
RPRNMLTKKHOFFAU37CA,民享段,18.00,都市：其他
RPRNMLTKKHOFFAU37CA,民享段,32.00,都市：其他
RPQNMLTKKHOFFCU47CA,泰林段,4728.80,非都市：山坡地保育區 ; 非都市編定：農牧用地
RPSNMLOKKHOFFCU37EA,屋拉力段,2400.66,非都市：山坡地保育區 ; 非都市編定：農牧用地
RPSNMLRLKHOFFCU57CA,玉城段,390.00,都市：住
RPPNMLRKKHOFFCU17CA,萬寧段,192.06,非都市：山坡地保育區 ; 非都市編定：農牧用地
RPPNMLRKKHOFFCU17CA,萬寧段,326.18,非都市：山坡地保育區 ; 非都市編定：農牧用地
RPPNMLRKKHOFFCU17CA,萬寧段,341.22,非都市：山坡地保育區 ; 非都市編定：農牧用地
RPPNMLRKKHOFFCU17CA,萬寧段,288.00,非都市：山坡地保育區 ; 非都市編定：農牧用地
RPPNMLRKKHOFFCU17CA,萬寧段,146.43,非都市：山坡地保育區 ; 非都市編定：農牧用地
RPTNMLSKKHOFFCU67CA,富安段,22.22,都市：商
RPTOMLSKKHOFFAU57CA,新興段,184.55,都市：住
RPPNMLMKLHOFFCU96EA,瑞燕段,75.00,都市：其他
RPPNMLMKLHOFFCU96EA,瑞燕段,28.00,都市：住
RPROMLTKKHOFFAU47CA,南埔段,85.00,非都市：鄉村區 ; 非都市編定：乙種建築用地
RPWOMLLLKHOFFAU27CA,四維段,19.68,都市：農
RPTOMLTKKHOFFAU67CA,主商段,8.22,都市：商
RPXNMLKLKHOFFAU17CA,自強段,34.78,都市：住
RPOPMLTKKHOFFAU27CA,北濱段,72.00,都市：住
RPOPMLTKKHOFFAU27CA,北濱段,2.00,都市：住
RPROMLPLKHOFFAU17CA,福安段,13.74,都市：住
RPQOMLPLKHOFFAU07CA,福安段,13.74,都市：住
RPVOMLPLKHOFFAU57CA,嘉平段,114.00,都市：農
RPVOMLPLKHOFFAU57CA,嘉平段,1.48,都市：住
RPVOMLPLKHOFFAU57CA,嘉平段,20.00,都市：住
RPVOMLPLKHOFFAU57CA,天佑段,5.13,都市：農
RPPOMLTKKHOFFAU27CA,德姆南段,52.05,都市：農
RPWOMLTKKHOFFAU97CA,南埔段,37.00,非都市：鄉村區 ; 非都市編定：乙種建築用地
RPWOMLTKKHOFFAU97CA,南埔段,37.00,非都市：鄉村區 ; 非都市編定：乙種建築用地
RPQOMLLLKHOFFAU66CA,仁義段,72.00,都市：住
RPUOMLMLKHOFFAU17CA,德安段,16.80,都市：住
RPUOMLLKLHOFFAU07CA,福德段,226.00,都市：農
RPUOMLLKLHOFFAU07CA,福德段,226.00,都市：農
RPUOMLLKLHOFFAU07CA,福德段,226.00,都市：農
RPUOMLLKLHOFFAU07CA,福德段,226.00,都市：農
RPPNMLOLKHOFFAU76CA,石壁段,1027.79,非都市：一般農業區 ; 非都市編定：農牧用地
RPPOMLLKLHOFFAU56CA,福德段,442.00,都市：農
RPPOMLLKLHOFFAU56CA,福德段,1.00,都市：其他
RPSPMLMKLHOFFAU07CA,民享段,12.14,都市：商
RPQOMLTKKHOFFAU37CA,宜寧段,9.51,都市：住
RPUNMLSKKHOFFCU97EA,吉拉米代段,1423.77,非都市：山坡地保育區 ; 非都市編定：農牧用地
RPPNMLTKKHOFFCU37CA,富南段,5535.12,非都市：特定農業區 ; 非都市編定：農牧用地
RPVNMLSKKHOFFCU87CA,興南段,3894.00,非都市：一般農業區 ; 非都市編定：農牧用地
RPOOMLKLKHOFFAU98CA,吳全段,2514.64,都市：農
RPRNMLSKKHOFFAU27CA,莊敬段,169.00,都市：住
RPROMLRLKHOFFAU37CA,干城段,135.50,非都市：一般農業區 ; 非都市編定：甲種建築用地
RPROMLRLKHOFFAU37CA,干城段,7.07,非都市：一般農業區 ; 非都市編定：農牧用地
RPPNMLQKKHOFFAU86CA,民意段,120.00,都市：住
RPWOMLRLKHOFFAU87CA,民勤段,20.73,都市：住
RPSOMLTKKHOFFAU57CA,裕民段,7.73,都市：住
RPPOMLKLKHOFFAU09CA,宜昌段,57.00,都市：商
RPSOMLTKKHOFFAU57CA,裕民段,3.76,都市：住
RPSOMLTKKHOFFAU57CA,裕民段,3.76,都市：住
RPSOMLTKKHOFFAU57CA,裕民段,3.76,都市：住
RPSOMLTKKHOFFAU57CA,裕民段,7.82,都市：住
RPUOMLKLKHOFFAU96CA,林森段,104.00,都市：商
RPVOMLKLKHOFFAU07CA,永興段,91.25,非都市：特定農業區 ; 非都市編定：甲種建築用地
RPWOMLKLKHOFFAU17CA,嘉南段,86.00,都市：住
RPWNMLKLKHOFFAU07CA,嘉平段,150.00,都市：住
RPWNMLKLKHOFFAU07CA,嘉平段,41.67,都市：住
RPUOMLTKKHOFFAU77CA,明義段,27.80,都市：住
RPUOMLTKKHOFFAU77CA,明義段,.30,都市：住
RPXOMLKLKHOFFAU27CA,嘉南段,86.00,都市：住
RPPOMLRLKHOFFAU17CA,三農段,496.81,非都市：一般農業區 ; 非都市編定：農牧用地
RPXNMLNLKHOFFAU47CA,天佑段,840.87,非都市：特定農業區 ; 非都市編定：農牧用地
RPPNMLLLKHOFFAU09CA,民勤段,44.00,都市：住
RPPNMLLLKHOFFAU09CA,民勤段,8.38,都市：住
RPPNMLPLKHOFFBU96CA,鳳光段,106.00,都市：住
RPPNMLPLKHOFFBU96CA,鳳光段,14.00,都市：其他
RPSNMLLLKHOFFAU76CA,慈惠段,143.81,都市：住
RPXNMLLLKHOFFAU27CA,永安段,70.34,非都市：鄉村區 ; 非都市編定：乙種建築用地
RPXNMLLLKHOFFAU27CA,永安段,86.94,非都市：一般農業區 ; 非都市編定：農牧用地
RPPOMLMLKHOFFAU66CA,國風段,139.00,都市：住
RPPOMLMLKHOFFAU66CA,國風段,13.00,都市：住
RPQNMLLLKHOFFAU56CA,福興段,161.00,都市：商
RPTOMLMLKHOFFAU07CA,五十甲段,176.78,非都市：一般農業區 ; 非都市編定：甲種建築用地
RPTOMLLLKHOFFAU96CA,國股段,98.20,都市：住
RPOOMLNLKHOFFAU66CA,民心段,93.00,都市：工
RPTOMLNLKHOFFAU17CA,主商段,12.76,都市：商
RPOOMLLLKHOFFAU09CA,萬壽段一小段,403.00,非都市：鄉村區 ; 非都市編定：乙種建築用地
RPOOMLLLKHOFFAU09CA,萬壽段一小段,17.00,非都市：鄉村區 ; 非都市編定：乙種建築用地
RPSOMLLLKHOFFAU86CA,裕民段,153.00,都市：商
RPPNMLMLKHOFFAU56CA,宜昌段,17.59,都市：住
RPOPMLKLKHOFFAU09CA,碧雲段,102.57,都市：住
RPVNMLTKLHOFFAU87CA,下台地段,2595.38,非都市：一般農業區 ; 非都市編定：農牧用地
RPTOMLTKLHOFFAU77CA,莊敬段,12.60,都市：住
RPRNMLNLKHOFFAU86CA,宜昌段,26.20,都市：住
RPRNMLNLKHOFFAU86CA,宜昌段,92.00,都市：住
RPVOMLTKLHOFFAU97CA,國光段,5.65,都市：商
RPPPMLNLKHOFFAU86CA,富國段,12.82,都市：商
RPPQMLTKLHOFFAU57CA,主商段,4.51,都市：商
RPPNMLLLKHOFFBU56CA,東富段,50.69,非都市：鄉村區 ; 非都市編定：乙種建築用地
RPRNMLRLKHOFFCU47CA,埔頭段,1762.45,非都市：一般農業區 ; 非都市編定：農牧用地
RPRNMLRLKHOFFCU47CA,埔頭段,1701.20,非都市：一般農業區 ; 非都市編定：農牧用地
RPVNMLOJLHOFFAU27CA,國光段,5.65,都市：商
RPRNMLQLKHOFFAU17CA,自強段,41.03,都市：住
RPQPMLQLKHOFFAU27CA,民享段,29.45,都市：住
RPSNMLPJLHOFFCU27CA,瑞北段,3515.15,非都市：一般農業區 ; 非都市編定：丁種建築用地
RPQNMLMLKHOFFBU76CA,鳳光段,360.00,都市：住
RPQNMLMLKHOFFBU76CA,鳳光段,14.00,都市：其他
RPPNMLOKLHOFFCU96CA,興南段,6506.13,非都市：一般農業區 ; 非都市編定：農牧用地
RPPNMLMLKHOFFCU76CA,樂合段,4407.00,非都市：山坡地保育區 ; 非都市編定：林業用地
RPPNMLMLKHOFFCU76CA,樂合段,2033.00,非都市：山坡地保育區 ; 非都市編定：林業用地
RPPNMLQLKHOFFCU37EA,蚊子洞段,88.00,非都市：鄉村區 ; 非都市編定：乙種建築用地
RPPNMLLLKHOFFCU66CA,玉城段,24.43,都市：住
RPPNMLLLKHOFFCU66CA,玉城段,5.88,都市：其他
RPPNMLLLKHOFFCU66CA,玉城段,160.00,都市：住
RPQNMLLLKHOFFBU66CA,大安段,131.00,都市：商
RPQNMLLLKHOFFBU66CA,大安段,2.00,都市：其他
RPQNMLPLKHOFFAU96CA,裕民段,21.61,都市：住
RPQNMLNLKHOFFAU76CA,嘉平段,45.00,都市：其他
RPQNMLNLKHOFFAU76CA,嘉平段,94.00,都市：住
RPSNMLPLKHOFFAU17CA,路內段,46.38,都市：住
RPUNMLPKLHOFFAU47DA,潭北段,2980.37,都市：農
RPUNMLPKLHOFFAU47DA,潭北段,413.58,都市：其他
RPXNMLMLKHOFFAU37CA,民意段,67.00,都市：住
RPWNMLLLKHOFFAU17CA,樹人段,16.10,都市：商
RPQNMLSJLHOFFBU27CA,大安段,691.00,都市：住
RPTNMLPJLHOFFAU17CA,慈安段,106.00,都市：住
RPTNMLPJLHOFFAU17CA,慈安段,51.00,都市：住
RPVOMLNLKHOFFAU37CA,主商段,12.78,都市：商
RPXOMLNLKHOFFAU57CA,主商段,12.76,都市：商
RPOPMLNLKHOFFAU76CA,宜安段,13.24,都市：商
RPUOMLNLKHOFFAU27CA,興田段,112.72,都市：住
RPUNMLPJLHOFFAU27CA,富國段,19.37,都市：住
RPPNMLRLKHOFFCU27CA,高寮段,78.17,非都市：鄉村區 ; 非都市編定：乙種建築用地
RPQNMLRLKHOFFCU37CA,舊田段,846.01,非都市：鄉村區 ; 非都市編定：乙種建築用地
RPSNMLMLKHOFFBU96CA,鳳仁段,130.00,都市：住
RPPOMLPJLHOFFAU86CA,裕民段,158.00,都市：住
RPOPMLRLKHOFFAU17CA,莊敬段,20.00,都市：住
RPOPMLRLKHOFFAU17CA,莊敬段,163.00,都市：住
RPTPMLMKLHOFFAU17CA,佳民段,440.00,非都市：鄉村區 ; 非都市編定：乙種建築用地
RPTNMLSKLHOFFAU57CA,富國段,11.98,都市：商
RPPPMLPLKHOFFAU07CA,路內段,1000.00,都市：農
RPPPMLPLKHOFFAU07CA,路內段,890.38,都市：農
RPTNMLOJLHOFFAU07CA,碧雲段,141.00,都市：住
RPTNMLOJLHOFFAU07CA,碧雲段,22.75,都市：住
RPQOMLQLKHOFFAU17CA,明義段,201.00,都市：住
RPVNMLRLKHOFFAU67CA,林森段,118.00,都市：商
RPWNMLRLKHOFFAU77CA,林森段,107.00,都市：商
RPUOMLQLKHOFFAU57CA,林森段,78.00,都市：住
RPRNMLRLKHOFFBU37CA,太巴塱段,213.78,非都市：鄉村區 ; 非都市編定：乙種建築用地
RPXNMLPLKHOFFAU67CA,初音段,599.15,非都市：特定農業區 ; 非都市編定：農牧用地
RPTPMLPLKHOFFAU47CA,大漢段,63.58,非都市：一般農業區 ; 非都市編定：甲種建築用地
RPTPMLQLKHOFFAU57CA,康樂段,71.29,非都市：鄉村區 ; 非都市編定：乙種建築用地
RPPNMLRLKHOFFAU07CA,慶豐段,135.00,都市：農
RPVNMLPLKHOFFAU47CA,路內段,46.38,都市：住
RPSNMLQLKHOFFAU27CA,民意段,7.92,都市：住
RPSNMLQLKHOFFAU27CA,民意段,5.60,都市：住
RPTNMLOKLHOFFAU17CA,東華段,170.85,都市：住
RPTNMLQJLHOFFAU27CA,廣賢段,2659.50,非都市：一般農業區 ; 非都市編定：農牧用地
RPPNMLPLKHOFFAU86CA,政明段,116.44,都市：住
RPWOMLNLKHOFFAU47CA,南埔段,138.00,非都市：特定農業區 ; 非都市編定：甲種建築用地
RPQOMLNLKHOFFAU86CA,主權段,63.00,都市：商
RPWOMLQLKHOFFAU77CA,廣安段,573.19,非都市：一般農業區 ; 非都市編定：農牧用地
RPVNMLQLKHOFFAU57CA,北濱段,18.05,都市：住
RPXOMLQLKHOFFAU87CA,德布克段,2050.60,都市：農
RPXOMLQLKHOFFAU87CA,德布克段,.43,都市：農
RPRNMLRLKHOFFAU27CA,德安段,32.88,都市：住
RPXOMLRLKHOFFAU97CA,林森段,44.00,都市：住
RPQOMLSKLHOFFAU37CA,光明段,567.19,非都市：一般農業區 ; 非都市編定：農牧用地
RPQOMLSKLHOFFAU37CA,光明段,769.74,非都市：一般農業區 ; 非都市編定：農牧用地
RPQOMLSKLHOFFAU37CA,光明段,902.32,非都市：一般農業區 ; 非都市編定：農牧用地
RPQOMLSKLHOFFAU37CA,光明段,741.21,非都市：一般農業區 ; 非都市編定：農牧用地
RPWPMLTKLHOFFAU18CA,仁和段,1322.26,非都市：特定農業區 ; 非都市編定：農牧用地
RPPPMLRLKHOFFAU27CA,格督尚段,1258.02,非都市：一般農業區 ; 非都市編定：農牧用地
RPTNMLQLKHOFFAU37CA,福興段,17.50,都市：商
RPTNMLQLKHOFFAU37CA,福興段,14.00,都市：商
RPSOMLQLKHOFFAU37CA,仁禮段,184.00,都市：農
RPQNMLPJLHOFFCU07CA,瑞泉段,5.56,都市：住
RPQNMLPJLHOFFCU07CA,瑞泉段,5.56,都市：住
RPQNMLPJLHOFFCU07CA,瑞泉段,5.56,都市：住
RPQNMLPJLHOFFCU07CA,瑞泉段,5.75,都市：住
RPSPMLQLKHOFFAU47CA,德安段,17.63,都市：住
RPWNMLTKLHOFFAU97CA,下崇德段,2519.33,都市：農
RPWNMLTKLHOFFAU97CA,下崇德段,7.87,都市：其他
RPPNMLRJLHOFFBU07CA,大平段,352.00,都市：住
RPPNMLRJLHOFFBU07CA,大平段,94.00,都市：住
RPQNMLLKLHOFFCU76CA,瑞穗段,1300.00,非都市：特定農業區 ; 非都市編定：農牧用地
RPRNMLPJLHOFFBU07CA,鳳信段,1036.98,非都市： ; 非都市編定：
RPSNMLPJLHOFFBU17CA,榮昌段,9721.00,非都市：一般農業區 ; 非都市編定：礦業用地
RPSNMLRLKHOFFBU47CA,鳳仁段,21.00,都市：住
RPPNMLMLLHOFFCU86CA,新舞鶴段,627.53,非都市：山坡地保育區 ; 非都市編定：農牧用地
RPPNMLMLLHOFFCU86CA,新舞鶴段,899.53,非都市：山坡地保育區 ; 非都市編定：農牧用地
RPTNMLPJLHOFFCU57EA,玉城段,35.00,都市：其他
RPQNMLPJLHOFFBU96CA,鳳信段,20.77,非都市： ; 非都市編定：
RPQPMLRLKHOFFAU37CA,平和段,3.06,都市：農
RPQPMLRLKHOFFAU37CA,平和段,327.75,都市：農
RPRPMLRLKHOFFAU47CA,佳東段,1001.70,非都市：特定農業區 ; 非都市編定：農牧用地
RPQNMLQLKHOFFCU27CA,玉璞段,88.00,都市：住
RPTPMLTKLHOFFAU87CA,富國段,11.49,都市：商
RPTNMLRLKHOFFAU47CA,富國段,3.00,都市：商
RPRNMLRJLHOFFAU37EA,主商段,60.00,都市：商
RPPNMLSKLHOFFCU37CA,瑞新段,96.00,都市：住
RPPNMLRJLHOFFAU96CA,路內段,2935.55,都市：農
RPSNMLSJLHOFFAU37CA,德姆南段,3019.47,非都市：山坡地保育區 ; 非都市編定：農牧用地
RPPNMLPJLHOFFAU76CA,福安段,12.72,都市：住
RPQNMLRJLHOFFAU07CA,主商段,80.00,都市：住
RPQNMLRJLHOFFAU07CA,主商段,2.00,都市：其他
RPROMLPJLHOFFAU07CA,林森段,22.11,都市：住
RPTNMLPLLHOFFAU57EA,光輝段,630.71,非都市：一般農業區 ; 非都市編定：農牧用地
RPRNMLPJLHOFFCU17CA,玉昌段,95.00,都市：住
RPPNMLOJLHOFFAU66CA,富國段,157.00,都市：住
RPVNMLSKLHOFFAU77CA,國風段,63.00,都市：住
RPRNMLOJLHOFFAU86CA,宜昌段,96.00,都市：住
RPQOMLOJLHOFFAU86CA,林森段,63.00,都市：住
RPPNMLPJLHOFFBU86CA,鳳仁段,82.00,都市：住
RPPNMLPJLHOFFBU86CA,鳳仁段,67.00,都市：住
RPRNMLLKLHOFFBU76CA,榮昌段,3544.00,非都市：一般農業區 ; 非都市編定：礦業用地
RPRNMLLKLHOFFBU76CA,榮昌段,2976.00,非都市：一般農業區 ; 非都市編定：礦業用地
RPRNMLLKLHOFFBU76CA,榮昌段,2976.00,非都市：一般農業區 ; 非都市編定：礦業用地
RPXNMLSKLHOFFAU97CA,民意段,5.00,都市：住
RPXNMLSKLHOFFAU97CA,民意段,74.00,都市：住
RPQNMLQJLHOFFCU17CA,玉璞段,21.00,都市：住
RPQNMLQJLHOFFCU17CA,玉璞段,143.00,都市：住
RPPOMLQLLHOFFAU17CA,林森段,2.32,都市：住
RPPOMLQLLHOFFAU17CA,林森段,5.27,都市：住
RPQOMLQLLHOFFAU27CA,林森段,6.95,都市：住
RPQOMLQLLHOFFAU27CA,林森段,15.82,都市：住
RPQNMLPJLHOFFAU86CA,帛士林段,4984.99,非都市：山坡地保育區 ; 非都市編定：農牧用地
RPTOMLMJMHOFFAU17DA,太昌段,24.80,都市：農
RPTOMLMJMHOFFAU17DA,太昌段,1.40,都市：農
RPQNMLQJLHOFFAU96CA,福祥段,4.20,都市：住
RPWNMLQJLHOFFAU57CA,國風段,74.00,都市：住
RPRNMLPJLHOFFAU96CA,吳全段,526.00,都市：農
RPRNMLPJLHOFFAU96CA,吳全段,427.95,都市：農
RPTNMLNKLHOFFAU07CA,富國段,129.00,都市：住
RPUNMLNKLHOFFAU17CA,德安段,93.68,都市：其他
RPUNMLNKLHOFFAU17CA,德安段,531.00,都市：住
RPQOMLRJLHOFFAU17CA,主權段,40.26,都市：住
RPQOMLRJLHOFFAU17CA,主權段,.37,都市：其他
RPVNMLPJLHOFFAU37CA,樹林段,46.62,非都市：一般農業區 ; 非都市編定：甲種建築用地
RPVNMLPJLHOFFAU37CA,樹林段,34.99,非都市：一般農業區 ; 非都市編定：甲種建築用地
RPWNMLMKLHOFFAU27CA,稻園段,25.47,非都市：特定農業區 ; 非都市編定：甲種建築用地
RPWNMLMKLHOFFAU27CA,稻園段,166.73,非都市：特定農業區 ; 非都市編定：甲種建築用地
RPWNMLMKLHOFFAU27CA,稻園段,34.18,非都市：特定農業區 ; 非都市編定：甲種建築用地
RPOOMLQJLHOFFAU86CA,慶豐段,96.00,都市：住
RPPNMLQJLHOFFCU07CA,古風段,3930.00,非都市：山坡地保育區 ; 非都市編定：農牧用地
RPPNMLSJLHOFFCU27CA,東里段,3847.72,非都市：特定農業區 ; 非都市編定：農牧用地
RPQOMLNKLHOFFAU86CA,慈雲段,229.39,都市：住
RPPNMLLKLHOFFBU56CA,大安段,224.00,都市：住
RPPNMLLKLHOFFBU56CA,大安段,44.00,都市：其他
RPTNMLPJLHOFFBU27CA,水車段,3242.84,非都市：特定農業區 ; 非都市編定：農牧用地
RPPPMLTKLHOFFAU47CA,莊敬段,87.00,都市：住
RPQNMLLKLHOFFBU66CA,大安段,87.00,都市：商
RPQNMLRJLHOFFCU27CA,玉昌段,96.00,都市：住
RPQNMLRJLHOFFCU27CA,玉昌段,11.00,都市：其他
RPQNMLRJLHOFFCU27CA,玉昌段,33.00,都市：住
RPWOMLMJMHOFFAU37CA,仁廉段,58.00,都市：商
RPTOMLSJLHOFFAU77EA,富國段,6.64,都市：商
RPQNMLQLLHOFFCU37CA,屋拉力段,904.89,非都市：鄉村區 ; 非都市編定：乙種建築用地
SPTOMLSJLHOFFAU87EA,富國段,5.31,都市：商
RPRPMLTKLHOFFAU67CA,大漢段,90.27,非都市：鄉村區 ; 非都市編定：乙種建築用地
RPQPMLTKLHOFFAU57CA,興田段,87.71,都市：住
RPOOMLMKLHOFFAU56CA,南埔段,136.00,非都市：鄉村區 ; 非都市編定：乙種建築用地
RPWNMLSKLHOFFAU87CA,太昌段,23.00,都市：其他
RPWNMLSKLHOFFAU87CA,太昌段,66.00,都市：住
RPWNMLSKLHOFFAU87CA,太昌段,1.00,都市：其他
RPQNMLNKLHOFFCU96CA,大庄段,110.96,非都市：鄉村區 ; 非都市編定：乙種建築用地
RPQNMLNKLHOFFCU96CA,大庄段,46.22,非都市：鄉村區 ; 非都市編定：乙種建築用地
RPUNMLSKLHOFFAU67CA,主商段,2.86,都市：商
RPUNMLMKLHOFFAU07CA,福祥段,76.00,都市：住
RPTNMLRJLHOFFAU37CA,樹林段,84.46,非都市：一般農業區 ; 非都市編定：甲種建築用地
RPTOMLRJLHOFFAU47CA,民勤段,39.00,都市：住
RPXNMLRJLHOFFAU77CA,宜昌段,17.59,都市：住
RPQNMLSJLHOFFAU17CA,德安段,19.26,都市：住
RPXOMLRJLHOFFAU87CA,民意段,35.40,都市：住
RPOOMLRJLHOFFAU96CA,樹林段,67.88,非都市：一般農業區 ; 非都市編定：甲種建築用地
RPOOMLRJLHOFFAU96CA,樹林段,16.63,非都市：一般農業區 ; 非都市編定：甲種建築用地
RPXOMLLKLHOFFAU37CA,太昌段,134.00,都市：住
RPWNMLRJLHOFFAU67CA,富國段,26.95,都市：住
RPOOMLMJMHOFFAU56CA,慈安段,119.00,都市：住
RPRNMLMJMHOFFAU76CA,自強段,10.51,都市：住
RPSOMLLKLHOFFAU86CA,海濱段,2365.43,非都市：一般農業區 ; 非都市編定：國土保安用地
RPOOMLRLLHOFFAU17CA,克來寶段,100.00,都市：住
RPPOMLSJLHOFFAU17CA,國光段,12.27,都市：商
RPPOMLRLLHOFFAU27CA,平和段,280.16,都市：其他
RPQOMLRLLHOFFAU37CA,華興段,364.10,非都市：鄉村區 ; 非都市編定：乙種建築用地
RPPOMLRJLHOFFAU07CA,樹林段,127.26,非都市：一般農業區 ; 非都市編定：甲種建築用地
RPROMLSJLHOFFAU37CA,北濱段,27.40,都市：住
RPSPMLMJMHOFFAU07CA,裕民段,20.15,都市：住
RPUOMLSJLHOFFAU67CA,南埔段,134.00,非都市：特定農業區 ; 非都市編定：甲種建築用地
RPQNMLMKLHOFFCU86CA,大里段,2133.00,非都市：山坡地保育區 ; 非都市編定：農牧用地
RPQNMLMKLHOFFCU86CA,大里段,4404.50,非都市：山坡地保育區 ; 非都市編定：農牧用地
RPQNMLMKLHOFFCU86CA,福岡段,200.02,非都市：山坡地保育區 ; 非都市編定：農牧用地
RPPNMLSJLHOFFBU27DA,新白陽段,1840.11,非都市：一般農業區 ; 非都市編定：農牧用地
RPQNMLSJLHOFFCU37CA,源北段,59.33,非都市：特定農業區 ; 非都市編定：甲種建築用地
RPQNMLSJLHOFFCU37CA,源北段,58.15,非都市：特定農業區 ; 非都市編定：甲種建築用地
RPQOMLTKLHOFFAU47CA,民德段,47.25,都市：住
RPPNMLKLLHOFFAU09CA,精鐘段,2405.05,非都市：一般農業區 ; 非都市編定：農牧用地
RPSOMLSJLHOFFAU67EA,明義段,57.00,都市：商
RPVPMLTKLHOFFAU08CA,富國段,11.26,都市：住
RPUOMLMKLHOFFAU27DA,民孝段,41.35,都市：住
RPWNMLKLLHOFFAU17CA,民意段,40.46,都市：住
RPSOMLTJMHOFFAU67CA,自強段,144.00,都市：住
RPQOMLMLLHOFFAU86CA,北濱段,154.00,都市：住
RPQOMLMLLHOFFAU86CA,北濱段,10.00,都市：住
RPWOMLMKLHOFFAU37CA,國光段,1.01,都市：商
RPPNMLPKLHOFFAU86CA,富國段,7.91,都市：住
RPTOMLTJMHOFFAU77CA,自強段,119.00,都市：住
RPTNMLMKLHOFFAU96CA,主商段,106.00,都市：住
RPSOMLNKLHOFFAU07CA,民勤段,10.44,都市：住
RPXNMLMKLHOFFAU37CA,民意段,40.46,都市：住
RPRPMLMKLHOFFAU96CA,富國段,6.45,都市：商
RPTPMLMJMHOFFAU17CA,莊敬段,92.00,都市：住
RPSNMLPLLHOFFAU27CA,主商段,85.00,都市：住
RPOPMLTKLHOFFAU37CA,自強段,130.86,都市：住
RPXOMLRLLHOFFAU08CA,莊敬段,94.00,都市：住
RPOOMLPLLHOFFAU96CA,仁廉段,66.00,都市：商
RPQNMLMJMHOFFAU66CA,嘉南段,90.00,都市：住
RPQNMLMJMHOFFAU66CA,嘉南段,22.00,都市：住
RPVNMLTLLHOFFAU97CA,慈惠段,109.83,都市：住
RPWNMLMLLHOFFAU37CA,四維段,1322.39,都市：其他
RPWNMLMLLHOFFAU37CA,四維段,295.40,都市：農
RPWNMLMLLHOFFAU37CA,四維段,2758.52,都市：其他
RPWNMLMLLHOFFAU37CA,四維段,614.91,都市：農
RPRNMLNKLHOFFCU07CA,泰林段,581.04,非都市：特定農業區 ; 非都市編定：甲種建築用地
RPRNMLNKLHOFFCU07CA,泰林段,581.04,非都市：特定農業區 ; 非都市編定：甲種建築用地
RPQNMLTKLHOFFCU67DA,羅山段,265.85,非都市：鄉村區 ; 非都市編定：乙種建築用地
RPSNMLMKLHOFFAU86CA,民享段,6.32,都市：商
RPPNMLOKLHOFFAU96EA,自強段,5.63,都市：住
RPRNMLOKLHOFFAU96CA,路內段,52.80,都市：住
RPXNMLNKLHOFFAU47CA,民勤段,48.00,都市：住
RPXNMLNKLHOFFAU47CA,民勤段,109.00,都市：住
RPTNMLPKLHOFFAU27CA,主權段,98.00,都市：住
RPPNMLNKLHOFFAU66CA,福祥段,37.12,都市：住
RPSNMLLLLHOFFAU86CA,仁和段,991.74,都市：農
RPUPMLMJMHOFFAU27CA,福安段,6.25,都市：住
RPQNMLOKLHOFFBU96CA,大安段,102.00,都市：住
RPQOMLLKMHOFFAU76CA,福安段,.29,都市：住
RPSNMLOKLHOFFAU07CA,德安段,111.00,都市：住
RPROMLNKLHOFFAU96CA,民勤段,9.70,都市：住
RPPNMLSKLHOFFBU27CA,馬遠段,3740.00,非都市：山坡地保育區 ; 非都市編定：林業用地
RPPNMLSKLHOFFBU27CA,馬遠段,3580.00,非都市：山坡地保育區 ; 非都市編定：農牧用地
RPPNMLSKLHOFFBU27CA,馬遠段,1590.00,非都市：山坡地保育區 ; 非都市編定：農牧用地
RPPNMLSKLHOFFBU27CA,馬遠段,5550.00,非都市：山坡地保育區 ; 非都市編定：農牧用地
RPPNMLSKLHOFFBU27CA,馬遠段,3320.00,非都市：山坡地保育區 ; 非都市編定：林業用地
RPPOMLMJMHOFFAU66CA,主商段,.24,都市：其他
RPPOMLMJMHOFFAU66CA,主商段,6.62,都市：商
RPUNMLOKLHOFFAU27CA,太昌段,76.00,都市：住
RPVNMLOKLHOFFAU37CA,主商段,13.54,都市：商
RPPNMLKLLHOFFCU66CA,東寧段,2607.54,非都市：山坡地保育區 ; 非都市編定：農牧用地
RPPNMLKKMHOFFBU56CA,山崎段,2854.60,非都市：山坡地保育區 ; 非都市編定：農牧用地
RPQNMLLKMHOFFAU66CA,慶豐段,180.00,都市：住
RPOOMLMLLHOFFAU66CA,自強段,36.30,都市：住
RPQNMLPKMHOFFAU07CA,初音段,126.25,非都市：特定農業區 ; 非都市編定：甲種建築用地
RPQNMLPKMHOFFAU07CA,初音段,140.46,非都市：特定農業區 ; 非都市編定：甲種建築用地
RPQNMLPKMHOFFAU07CA,初音段,350.98,非都市：特定農業區 ; 非都市編定：農牧用地
RPQNMLPKMHOFFAU07CA,初音段,186.04,非都市：特定農業區 ; 非都市編定：甲種建築用地
RPPOMLSKLHOFFAU27CA,福南段,3424.55,非都市：特定農業區 ; 非都市編定：農牧用地
RPQNMLSKLHOFFAU27CA,嘉北段,22.88,都市：住
RPQNMLSKLHOFFAU27CA,嘉北段,74.00,都市：住
RPRNMLPLLHOFFCU37CA,玉昌段,127.97,都市：住
RPRNMLPLLHOFFCU37CA,玉昌段,1.07,都市：其他
RPRNMLSKLHOFFAU37CA,富國段,2.84,都市：住
RPRNMLSKLHOFFAU37CA,富國段,2.84,都市：住
RPRNMLTJMHOFFCU67CA,神農段,2547.51,非都市：特定農業區 ; 非都市編定：農牧用地
RPRNMLTJMHOFFCU67CA,泰林段,554.00,非都市：特定農業區 ; 非都市編定：農牧用地
RPQNMLMKMHOFFCU96CA,富安段,77.69,都市：住
RPQNMLMKMHOFFCU96CA,富安段,1054.26,都市：住
RPQNMLLMLHOFFAU76CA,富國段,3.34,都市：商
RPXOMLTKLHOFFAU18CA,慈惠段,1663.79,都市：住
RPQPMLLKMHOFFAU86CA,新興段,89.16,都市：商
RPWOMLTKLHOFFAU08CA,樹人段,78.00,都市：住
RPQNMLKLLHOFFAU56CA,山嶺段,475.92,非都市：風景區 ; 非都市編定：生態保護用地
RPUNMLKLLHOFFAU96CA,豐裡段,165.29,非都市：鄉村區 ; 非都市編定：乙種建築用地
RPVOMLKKMHOFFAU17CA,東昌段,726.62,非都市：一般農業區 ; 非都市編定：農牧用地
RPWOMLKKMHOFFAU27CA,莊敬段,20.00,都市：住
RPWOMLKKMHOFFAU27CA,莊敬段,162.00,都市：住
RPVPMLMJMHOFFAU37CA,慈惠段,78.42,都市：住
RPSNMLSKLHOFFAU47CA,富國段,147.00,都市：住
RPSNMLSKLHOFFAU47CA,富國段,141.00,都市：住
RPSNMLSKLHOFFAU47CA,富國段,148.00,都市：住
RPXNMLKLLHOFFAU27CA,自強段,33.10,都市：住
RPRNMLPKMHOFFAU17CA,慈安段,93.00,都市：住
RPOOMLSKLHOFFAU17CA,興海段,1665.92,都市：農
RPTNMLLLLHOFFAU96CA,富國段,8.51,都市：住
RPPOMLMLLHOFFAU76CA,民德段,6.14,都市：住
RPTNMLMJMHOFFAU96CA,民生段,1.51,都市：商
RPTNMLMJMHOFFAU96CA,民生段,6.54,都市：商
RPUNMLMLLHOFFAU17CA,嘉北段,63.25,非都市：一般農業區 ; 非都市編定：農牧用地
RPUNMLMLLHOFFAU17CA,嘉北段,72.00,非都市：一般農業區 ; 非都市編定：甲種建築用地
RPXOMLMKMHOFFAU57CA,自強段,102.00,都市：住
RPPNMLPLLHOFFAU96CA,南埔段,112.00,非都市：鄉村區 ; 非都市編定：乙種建築用地
RPPNMLPLLHOFFAU96CA,南埔段,8.00,非都市：鄉村區 ; 非都市編定：乙種建築用地
RPTNMLKLLHOFFCU07CA,卓溪段,14390.00,非都市：山坡地保育區 ; 非都市編定：農牧用地
RPSNMLKLLHOFFCU96CA,源北段,302.62,非都市：特定農業區 ; 非都市編定：甲種建築用地
RPSOMLTKLHOFFAU67CA,壽農段,296.60,非都市：特定農業區 ; 非都市編定：農牧用地
RPSOMLTKLHOFFAU67CA,壽農段,317.57,非都市：特定農業區 ; 非都市編定：農牧用地
RPOOMLTKLHOFFAU27CA,共和段,178.90,都市：農
RPQNMLSJMHOFFCU47CA,玉城段,330.00,都市：住
RPQNMLKLLHOFFCU76CA,瑞美段,79.00,都市：住
RPVNMLRLLHOFFAU77CA,仁義段,113.00,都市：農
RPOOMLKLLHOFFAU09CA,富國段,3.17,都市：商
RPVNMLKLLHOFFAU07CA,宜安段,15.27,都市：住
RPPNMLLLLHOFFAU56CA,稻香段,96.00,都市：住
RPPNMLLLLHOFFAU56CA,稻香段,11.00,都市：住
RPSPMLTKLHOFFAU77CA,莊敬段,92.00,都市：住
RPQOMLMJMHOFFAU76CA,康樂段,338.44,非都市：鄉村區 ; 非都市編定：乙種建築用地
RPRNMLLLLHOFFAU76CA,仁和段,795.00,都市：農
RPRNMLLLLHOFFAU76CA,仁和段,236.75,都市：農
RPRNMLKLLHOFFCU86CA,瑞祥段,1853.03,非都市：山坡地保育區 ; 非都市編定：農牧用地
RPUNMLKLLHOFFCU17CA,後湖段,1782.08,非都市：山坡地保育區 ; 非都市編定：農牧用地
RPUNMLKLLHOFFCU17CA,後湖段,3873.80,非都市：山坡地保育區 ; 非都市編定：農牧用地
RPVOMLNJMHOFFAU37CA,嘉南段,95.00,都市：住
RPQNMLLLLHOFFCU86CA,瑞北段,115.17,非都市：一般農業區 ; 非都市編定：甲種建築用地
RPQNMLLLLHOFFCU86CA,瑞北段,59.42,非都市：一般農業區 ; 非都市編定：甲種建築用地
RPQNMLNJMHOFFBU86CA,西富段,1265.32,非都市：特定農業區 ; 非都市編定：農牧用地
RPXNMLLLLHOFFAU37CA,太昌段,98.00,都市：住
RPQNMLKKMHOFFCU76CA,青蓮段,363.54,非都市：一般農業區 ; 非都市編定：甲種建築用地
RPRNMLSKMHOFFCU67CA,瑞穗段,7160.00,非都市：特定農業區 ; 非都市編定：農牧用地
RPPNMLQLLHOFFAU07CA,慈安段,418.93,都市：住
RPRNMLQLLHOFFAU27CA,嘉新段,45.00,都市：農
RPPOMLLLLHOFFAU66CA,路內段,46.34,都市：住
RPXNMLMLLHOFFAU47CA,福祥段,23.00,都市：其他
RPXNMLMLLHOFFAU47CA,福祥段,54.00,都市：住
RPVNMLLLLHOFFAU17CA,慶豐段,126.00,都市：住
RPVNMLLLLHOFFAU17CA,慶豐段,4.43,都市：住
RPUNMLLLLHOFFAU27EA,慶豐段,33.20,都市：住
RPOPMLMKMHOFFAU76CA,稻香段,128.00,都市：住
RPWNMLLLLHOFFAU27CA,路內段,46.31,都市：住
RPTNMLSKMHOFFAU67CA,山嶺段,2545.46,非都市：山坡地保育區 ; 非都市編定：暫未編定
RPSNMLSKMHOFFAU57CA,山嶺段,6092.77,非都市：山坡地保育區 ; 非都市編定：暫未編定
RPSNMLSKMHOFFAU57CA,山嶺段,2545.46,非都市：山坡地保育區 ; 非都市編定：暫未編定
RPSNMLSKMHOFFAU57CA,山嶺段,2545.46,非都市：山坡地保育區 ; 非都市編定：暫未編定
RPSNMLSKMHOFFAU57CA,山嶺段,2545.46,非都市：山坡地保育區 ; 非都市編定：暫未編定
RPSNMLSKMHOFFAU57CA,山嶺段,2545.46,非都市：山坡地保育區 ; 非都市編定：暫未編定
RPSNMLTJMHOFFAU57CA,德布克段,392.32,都市：農
RPWNMLSLLHOFFAU97CA,樹人段,95.00,都市：住
RPWNMLSKMHOFFAU97CA,山嶺段,2545.46,非都市：山坡地保育區 ; 非都市編定：暫未編定
RPXNMLSKMHOFFAU08CA,山嶺段,2545.46,非都市：山坡地保育區 ; 非都市編定：暫未編定
RPPOMLKKMHOFFAU56CA,嘉平段,78.00,都市：住
RPPOMLKKMHOFFAU56CA,嘉平段,1.00,都市：住
RPOPMLKKMHOFFAU56CA,主商段,23.30,都市：商
RPPNMLMLLHOFFAU66CA,宜安段,27.81,都市：住
RPQNMLPLLHOFFAU07CA,太昌段,12.00,都市：住
RPQNMLPLLHOFFAU07CA,太昌段,65.00,都市：住
RPSNMLPLLHOFFCU47CA,大禹段,110.00,非都市：鄉村區 ; 非都市編定：乙種建築用地
RPQNMLMLLHOFFCU96CA,源北段,61.51,非都市：特定農業區 ; 非都市編定：甲種建築用地
RPOOMLSLLHOFFAU27CA,主商段,25.50,都市：住
RPOOMLSLLHOFFAU27CA,主商段,.88,都市：其他
RPVNMLQLLHOFFAU87EA,沼田段,1.32,都市：其他
RPVNMLQLLHOFFAU87EA,沼田段,13.83,都市：住
RPVNMLQLLHOFFAU87EA,沼田段,192.58,都市：住
RPWNMLLJMHOFFAU17CA,樹人段,8.57,都市：住
RPWNMLLJMHOFFAU17CA,樹人段,9.73,都市：商
RPQOMLSLLHOFFAU47CA,富國段,128.00,都市：住
RPQOMLLJMHOFFAU66CA,自強段,33.27,都市：住
RPPNMLTLLHOFFAU37CA,明義段,38.62,都市：商
RPPNMLTLLHOFFAU37CA,明義段,1.12,都市：其他
RPQNMLQKMHOFFBU27CA,萬利段,787.10,非都市：山坡地保育區 ; 非都市編定：林業用地
RPRNMLLMLHOFFAU86CA,主權段,162.00,都市：住
RPPNMLPLLHOFFCU17CA,玉璞段,50.00,都市：住
RPPNMLPLLHOFFCU17CA,玉璞段,50.00,都市：住
RPOOMLPLLHOFFAU17EA,天佑段,79.10,非都市：鄉村區 ; 非都市編定：乙種建築用地
RPPNMLMJMHOFFAU56CA,路內段,52.75,都市：住
RPTNMLQLLHOFFAU47CA,福德段,1308.00,都市：農
RPTNMLQLLHOFFAU47CA,福德段,230.00,都市：其他
RPTNMLQLLHOFFAU47CA,福德段,7.00,都市：農
RPTNMLQLLHOFFAU47CA,福德段,15.00,都市：農
RPTNMLQLLHOFFAU47CA,福德段,5.00,都市：其他
RPQNMLLJMHOFFCU76CA,神社段,83.28,非都市：山坡地保育區 ; 非都市編定：丙種建築用地
RPSOMLLJMHOFFAU86CA,南埔段,138.00,非都市：特定農業區 ; 非都市編定：甲種建築用地
RPXNMLTLLHOFFAU18CA,慶豐段,84.00,都市：住
RPTNMLRLLHOFFAU57CA,富國段,18.27,都市：商
RPXOMLTLLHOFFAU28CA,民生段,21.00,都市：商
RPTOMLTLLHOFFAU87CA,莊敬段,16.11,都市：住
RPQOMLPLLHOFFAU17CA,慶豐段,78.00,都市：住
RPQNMLQLLHOFFAU17CA,民勤段,62.24,都市：住
RPVOMLLJMHOFFAU17CA,富國段,22.48,都市：住
RPRNMLPLLHOFFAU17CA,裕民段,60.00,都市：住
RPRNMLPLLHOFFAU17CA,裕民段,33.33,都市：住
RPPNMLQKMHOFFAU07CA,石壁段,64.67,非都市：鄉村區 ; 非都市編定：乙種建築用地
RPRNMLLKMHOFFAU76CA,福興段,105.00,都市：住
RPOOMLQLLHOFFAU07CA,福興段,90.00,都市：住
RPOOMLQLLHOFFAU07CA,福興段,14.00,都市：其他
RPQNMLRLLHOFFAU27CA,慶豐段,131.00,都市：住
RPVOMLTLLHOFFAU08CA,富國段,2.50,都市：商
RPPOMLSLLHOFFAU37CA,樹人段,161.00,都市：住
RPPOMLSLLHOFFAU37CA,樹人段,26.26,都市：住
RPXNMLRLLHOFFAU97CA,主商段,12.02,都市：商
RPUOMLSLLHOFFAU87CA,富國段,23.18,都市：住
RPRNMLQLLHOFFCU47CA,舊田段,544.14,非都市：特定農業區 ; 非都市編定：農牧用地
RPRNMLQLLHOFFCU47CA,舊田段,544.14,非都市：特定農業區 ; 非都市編定：農牧用地
RPTOMLLJMHOFFAU96CA,嘉平段,94.00,都市：住
RPQNMLMJMHOFFCU86CA,舞鶴東段,14678.68,非都市：山坡地保育區 ; 非都市編定：農牧用地
RPPNMLRLLHOFFCU57EA,三義段,4647.00,非都市：一般農業區 ; 非都市編定：農牧用地
RPPNMLRLLHOFFCU57EA,三義段,4866.00,非都市：一般農業區 ; 非都市編定：農牧用地
RPPNMLRLLHOFFCU57EA,三義段,4318.00,非都市：一般農業區 ; 非都市編定：農牧用地
RPUOMLNJMHOFFAU27CA,主商段,67.00,都市：商
RPROMLLJMHOFFAU76CA,仁恥段,72.00,都市：住
RPQNMLLMLHOFFBU86CA,萬寶段,130.08,非都市：山坡地保育區 ; 非都市編定：丙種建築用地
RPOPMLTLLHOFFAU47CA,國風段,5.00,都市：其他
RPOPMLTLLHOFFAU47CA,國風段,92.00,都市：其他
RPRPMLRKMHOFFAU57CA,嘉北段,71.00,都市：住
RPWOMLRLLHOFFAU08DA,南埔段,123.00,非都市：特定農業區 ; 非都市編定：甲種建築用地
RPUPMLTLLHOFFAU08CA,慶豐段,97.00,都市：農
RPWNMLKKMHOFFAU17CA,豐山段,2810.00,非都市：一般農業區 ; 非都市編定：農牧用地
RPPNMLLMLHOFFAU66CA,碧雲段,43.84,都市：住
RPWNMLRLLHOFFAU87CA,路內段,46.31,都市：住
RPQPMLKKMHOFFAU76CA,國股段,1461.97,都市：農
RPQPMLKKMHOFFAU76CA,國股段,24.60,都市：其他
RPSOMLRLLHOFFAU57CA,嘉平段,119.00,都市：農
RPTNMLSLLHOFFAU67CA,主商段,15.62,都市：商
RPRPMLKKMHOFFAU86CA,自強段,43.86,都市：住
RPVOMLLKMHOFFAU27CA,加灣段,91.34,非都市：一般農業區 ; 非都市編定：甲種建築用地
RPTOMLRLLHOFFAU67CA,國風段,268.00,都市：住
RPTOMLRLLHOFFAU67CA,國風段,268.00,都市：住
RPTOMLRLLHOFFAU67CA,國風段,269.00,都市：住
RPSNMLLKMHOFFAU86CA,仁愛段,143.11,非都市：特定農業區 ; 非都市編定：甲種建築用地
RPQNMLTLLHOFFAU47CA,慈雲段,34.96,都市：農
RPQNMLTLLHOFFAU47CA,慈雲段,484.11,都市：農
RPQNMLTLLHOFFAU47CA,慈雲段,246.00,都市：農
RPPNMLQKMHOFFBU37EA,北林段,2337.66,非都市：特定農業區 ; 非都市編定：農牧用地
RPQNMLTLLHOFFAU47CA,慈雲段,37.13,都市：農
RPTOMLSLLHOFFAU77CA,北濱段,29.84,都市：住
RPTOMLSLLHOFFAU77CA,北濱段,.53,都市：其他
RPTOMLSLLHOFFAU77CA,北濱段,.89,都市：其他
RPSNMLTLLHOFFCU87CA,麻汝段,1910.59,非都市：一般農業區 ; 非都市編定：農牧用地
RPROMLMJMHOFFAU86CA,民孝段,15.22,都市：住
RPTPMLTLLHOFFAU97CA,國光段,2.27,都市：住
RPPNMLTLLHOFFCU57CA,福岡段,256.64,非都市：特定農業區 ; 非都市編定：甲種建築用地
RPRNMLLJMHOFFCU86CA,富山段,3840.93,非都市：山坡地保育區 ; 非都市編定：農牧用地
RPRNMLTLLHOFFCU77CA,玉里段,3975.00,非都市：特定農業區 ; 非都市編定：農牧用地
RPRNMLTLLHOFFCU77CA,玉里段,2225.00,非都市：特定農業區 ; 非都市編定：農牧用地
RPRNMLTLLHOFFCU77CA,玉里段,2222.00,非都市：特定農業區 ; 非都市編定：農牧用地
RPTNMLTJMHOFFCU87CA,玉璞段,39.00,都市：住
RPTNMLTJMHOFFCU87CA,玉璞段,51.00,都市：住
RPRNMLSLLHOFFAU47CA,主權段,101.00,都市：住
RPPNMLLKMHOFFCU76CA,泰林段,1052.01,非都市：山坡地保育區 ; 非都市編定：農牧用地
RPPNMLLKMHOFFCU76CA,泰林段,1032.92,非都市：山坡地保育區 ; 非都市編定：農牧用地
RPPNMLLKMHOFFCU76CA,泰林段,2988.04,非都市：山坡地保育區 ; 非都市編定：農牧用地
RPPNMLTLLHOFFBU47CA,南平段,1541.90,非都市：一般農業區 ; 非都市編定：農牧用地
RPPNMLOLMHOFFCU17CA,鱉溪段,340.73,非都市：山坡地保育區 ; 非都市編定：丙種建築用地
RPPNMLSLLHOFFBU47DA,萬利段,17239.87,非都市：山坡地保育區 ; 非都市編定：林業用地
RPRPMLTLLHOFFAU77CA,仁恥段,88.00,都市：住
RPQPMLMJMHOFFAU86CA,民德段,75.00,都市：商
RPXNMLMJMHOFFAU37CA,自強段,34.75,都市：住
RPSNMLTLLHOFFAU67CA,富國段,2.72,都市：商
RPSPMLTLLHOFFAU87CA,裕民段,13.36,都市：住
RPXNMLLJMHOFFAU27CA,德安段,321.00,都市：其他
RPWOMLTLLHOFFAU18CA,北濱段,2.50,都市：商
RPWOMLTLLHOFFAU18CA,北濱段,.16,都市：其他
RPSNMLLMLHOFFAU96CA,福祥段,70.00,都市：住
RPQOMLKKMHOFFAU66CA,嘉平段,75.00,都市：住
RPSNMLNJMHOFFAU96CA,裕民段,4.94,都市：住
RPSNMLNJMHOFFAU96CA,裕民段,2.40,都市：住
RPSNMLNJMHOFFAU96CA,裕民段,2.40,都市：住
RPSNMLNJMHOFFAU96CA,裕民段,2.40,都市：住
RPUNMLLKMHOFFAU07CA,依柏合段,93.02,非都市：鄉村區 ; 非都市編定：乙種建築用地
RPSNMLNJMHOFFAU96CA,裕民段,5.00,都市：住
RPQNMLOLMHOFFAU07CA,德安段,38.00,都市：住
RPQNMLOLMHOFFAU07CA,德安段,40.00,都市：住
RPQNMLOLMHOFFAU07CA,德安段,20.00,都市：其他
RPXOMLNLMHOFFAU77CA,福興段,62.00,都市：住
RPVNMLTJMHOFFAU87CA,宜昌段,1.00,都市：住
RPVNMLTJMHOFFAU87CA,宜昌段,60.00,都市：住
RPTNMLTJMHOFFAU67CA,自強段,6.93,都市：住
RPWNMLTJMHOFFAU97CA,慈惠段一小段,88.00,都市：住
RPTNMLKKMHOFFAU86CA,林森段,95.00,都市：住
RPUOMLTJMHOFFAU87CA,稻香段,1716.00,都市：農
RPUOMLTJMHOFFAU87CA,稻香段,10.40,都市：農
RPUOMLTJMHOFFAU87CA,稻香段,124.00,都市：農
RPXNMLTJMHOFFAU08CA,主商段,13.54,都市：商
RPRNMLNLMHOFFAU07CA,莊敬段,10.81,都市：住
RPXOMLMJMHOFFAU47CA,吳全段,1143.00,都市：農
RPPNMLNJMHOFFAU66CA,主權段,19.50,都市：住
RPPNMLNJMHOFFAU66CA,德安段,.18,都市：住
RPPNMLLJMHOFFBU56CA,紅葉段,3820.00,非都市：山坡地保育區 ; 非都市編定：農牧用地
RPQNMLLJMHOFFBU66CA,大安段,150.00,都市：商
RPQNMLLJMHOFFBU66CA,大安段,32.00,都市：住
RPWOMLTJMHOFFAU08CA,慈安段,114.00,都市：住
RPPPMLKKMHOFFAU66CA,干城段,95.09,非都市：鄉村區 ; 非都市編定：乙種建築用地
RPRNMLLJMHOFFBU76CA,兆豐段,1004.01,非都市：河川區 ; 非都市編定：農牧用地
RPQNMLLJMHOFFAU56CA,裕民段,98.00,都市：其他
RPOOMLLJMHOFFAU09CA,富國段,8.14,都市：住
RPSNMLLJMHOFFAU76CA,國強段,1.18,都市：農
RPSNMLLJMHOFFAU76CA,國強段,119.65,都市：農
RPSNMLLJMHOFFAU76CA,國強段,2.82,都市：農
RPRNMLMJMHOFFCU17EA,六十石山段,317.71,非都市：山坡地保育區 ; 非都市編定：丙種建築用地
RPPNMLSJMHOFFCU37CA,舞鶴東段,2529.00,非都市：山坡地保育區 ; 非都市編定：農牧用地
RPQNMLTJMHOFFBU47CA,太巴塱段,282.73,非都市：鄉村區 ; 非都市編定：乙種建築用地
RPPNMLMJMHOFFCU96EA,神社段,1695.90,都市：其他
RPPNMLNJMHOFFBU76CA,達莫段,2600.17,非都市：特定農業區 ; 非都市編定：農牧用地
RPPPMLMJMHOFFAU76CA,民意段,16.52,都市：住
RPRPMLLKMHOFFAU96CA,主權段,178.00,都市：商
RPRPMLMJMHOFFAU96CA,民孝段,43.60,都市：住
RPRNMLSJMHOFFCU57CA,瑞新段,146.29,都市：住
RPROMLNJMHOFFAU96CA,樹人段,11.26,都市：其他
RPROMLNJMHOFFAU96CA,樹人段,32.89,都市：商
RPOPMLNJMHOFFAU76CA,林森段,69.00,都市：住
RPPNMLSJMHOFFAU17CA,德安段,95.00,都市：住
RPUNMLLJNHOFFAU07CA,明義段,3.00,都市：商
RPUNMLLJNHOFFAU07CA,明義段,76.00,都市：商
RPRNMLRKMHOFFAU37CA,嘉南段,11.84,都市：住
RPRNMLRKMHOFFAU37CA,嘉南段,84.00,都市：住
RPWNMLQLMHOFFAU87CA,林森段,19.76,都市：住
RPTNMLRKMHOFFAU57CA,富國段,9.00,都市：住
RPROMLSJMHOFFAU47CA,福吉段,1293.06,非都市：特定農業區 ; 非都市編定：農牧用地
RPPOMLSJMHOFFAU27CA,民意段,113.00,都市：住
RPROMLRKMHOFFAU47CA,佳東段,155.19,非都市：一般農業區 ; 非都市編定：農牧用地
RPXPMLQLMHOFFAU18CA,民意段,76.00,都市：住
RPTOMLQLMHOFFAU67CA,萬富段,998.46,非都市：一般農業區 ; 非都市編定：農牧用地
RPTOMLQLMHOFFAU67CA,萬富段,962.16,非都市：一般農業區 ; 非都市編定：農牧用地
RPTOMLQLMHOFFAU67CA,萬富段,975.55,非都市：一般農業區 ; 非都市編定：農牧用地
RPTOMLQLMHOFFAU67CA,萬富段,1007.65,非都市：一般農業區 ; 非都市編定：農牧用地
RPQOMLSJMHOFFAU37CA,自強段,17.75,都市：住
RPUNMLKMMHOFFAU17CA,樹人段,49.37,都市：住
RPUNMLKMMHOFFAU17CA,樹人段,.23,都市：住
RPXOMLLKMHOFFAU47CA,下崇德段,243.63,都市：農
RPQOMLNJMHOFFAU07EA,玻士岸段,1422.27,都市：農
RPOOMLNJMHOFFAU86EA,玻士岸段,224.56,都市：農
RPOOMLNJMHOFFAU86EA,玻士岸段,1013.46,都市：農
RPUOMLQLMHOFFAU77CA,嘉南段,90.00,都市：住
RPPOMLNJMHOFFAU96EA,玻士岸段,1918.19,都市：農
RPOOMLTJMHOFFAU27CA,主商段,11.79,都市：商
RPPOMLTJMHOFFAU37CA,福吉段,109.87,非都市：特定農業區 ; 非都市編定：甲種建築用地
RPRNMLMKMHOFFCU07CA,玉璞段,813.00,都市：住
RPRNMLMKMHOFFCU07CA,玉璞段,352.00,都市：住
RPRNMLMKMHOFFCU07CA,玉璞段,9.00,都市：其他
RPPNMLKKMHOFFCU76DA,富田段,7356.40,非都市：特定農業區 ; 非都市編定：農牧用地
RPPNMLKKMHOFFCU76DA,富田段,18.16,非都市：特定農業區 ; 非都市編定：水利用地
RPPOMLRKMHOFFAU27CA,佳東段,102.07,非都市：特定農業區 ; 非都市編定：甲種建築用地
RPSNMLTJMHOFFCU77CA,酸柑段,89.01,非都市：一般農業區 ; 非都市編定：甲種建築用地
RPPNMLPKMHOFFAU17EA,太昌段,140.00,都市：商
RPOPMLLKMHOFFAU66CA,主權段,81.00,都市：住
RPTOMLSJMHOFFAU67CA,精鐘段,1902.31,非都市：一般農業區 ; 非都市編定：農牧用地
RPTOMLSJMHOFFAU67CA,精鐘段,731.01,非都市：一般農業區 ; 非都市編定：農牧用地
RPPNMLSJMHOFFBU27CA,東富段,544.14,非都市：鄉村區 ; 非都市編定：乙種建築用地
RPSOMLSJMHOFFAU57CA,民意段,108.00,都市：住
RPROMLTJMHOFFAU57CA,民德段,37.15,都市：住
RPWOMLSJMHOFFAU97CA,裕民段,102.00,都市：住
RPOOMLLKMHOFFAU56CA,功學段,18.53,都市：農
RPOOMLLKMHOFFAU56CA,功學段,298.74,都市：農
RPRNMLKKMHOFFAU66CA,福祥段,10.10,都市：住
RPROMLKKMHOFFAU76CA,主權段,.75,都市：住
RPROMLKKMHOFFAU76CA,主權段,53.00,都市：住
RPROMLKKMHOFFAU76CA,主權段,51.00,都市：住
RPPOMLPKMHOFFAU07CA,仁和段,44.51,非都市：特定農業區 ; 非都市編定：甲種建築用地
RPPOMLPKMHOFFAU07CA,仁和段,101.67,非都市：特定農業區 ; 非都市編定：甲種建築用地
RPPNMLSKMHOFFAU27CA,莊敬段,11.04,都市：住
RPPNMLTJMHOFFCU47CA,富里段,5876.00,非都市：山坡地保育區 ; 非都市編定：農牧用地
RPSNMLMLMHOFFAU07CA,富國段,4.01,都市：商
RPOOMLPKMHOFFAU96CA,民意段,5.64,都市：住
RPOOMLPKMHOFFAU96CA,民意段,31.53,都市：住
RPOOMLPKMHOFFAU96CA,民意段,6.35,都市：住
RPQNMLPKMHOFFCU27CA,玉昌段,24.00,都市：住
RPQNMLPKMHOFFCU27CA,玉昌段,55.00,都市：其他
RPQNMLPKMHOFFCU27CA,玉昌段,8.00,都市：其他
RPQNMLPKMHOFFCU27CA,玉昌段,73.00,都市：其他
RPXOMLKKMHOFFAU37CA,自強段,5.63,都市：住
RPUPMLRKMHOFFAU87CA,康樂段,69.32,非都市：鄉村區 ; 非都市編定：乙種建築用地
RPWNMLLKMHOFFAU27CA,德安段,32.88,都市：住
RPOQMLQLMHOFFAU37CA,仁恥段,27.01,都市：住
RPTPMLKKMHOFFAU07CA,豐東段,10.25,非都市：一般農業區 ; 非都市編定：農牧用地
RPTPMLKKMHOFFAU07CA,豐東段,39.25,非都市：一般農業區 ; 非都市編定：農牧用地
RPTPMLKKMHOFFAU07CA,豐東段,14.52,非都市：一般農業區 ; 非都市編定：農牧用地
RPTPMLKKMHOFFAU07CA,豐東段,65.50,非都市：一般農業區 ; 非都市編定：農牧用地
RPTPMLKKMHOFFAU07CA,豐東段,34.00,非都市：一般農業區 ; 非都市編定：農牧用地
RPTPMLKKMHOFFAU07CA,豐東段,149.75,非都市：一般農業區 ; 非都市編定：農牧用地
RPTPMLKKMHOFFAU07CA,豐東段,55.25,非都市：一般農業區 ; 非都市編定：農牧用地
RPTPMLKKMHOFFAU07CA,豐東段,329.66,非都市：一般農業區 ; 非都市編定：農牧用地
RPTPMLKKMHOFFAU07CA,豐東段,18.54,非都市：一般農業區 ; 非都市編定：農牧用地
RPTPMLKKMHOFFAU07CA,豐東段,346.90,非都市：一般農業區 ; 非都市編定：農牧用地
RPTPMLKKMHOFFAU07CA,豐東段,123.07,非都市：一般農業區 ; 非都市編定：農牧用地
RPTPMLKKMHOFFAU07CA,豐東段,29.00,非都市：一般農業區 ; 非都市編定：農牧用地
RPTPMLKKMHOFFAU07CA,豐東段,119.00,非都市：一般農業區 ; 非都市編定：農牧用地
RPTPMLKKMHOFFAU07CA,豐東段,176.50,非都市：一般農業區 ; 非都市編定：農牧用地
RPTPMLKKMHOFFAU07CA,豐東段,12.25,非都市：一般農業區 ; 非都市編定：農牧用地
RPTPMLKKMHOFFAU07CA,豐東段,109.06,非都市：一般農業區 ; 非都市編定：農牧用地
RPTPMLKKMHOFFAU07CA,豐東段,104.29,非都市：一般農業區 ; 非都市編定：農牧用地
RPTPMLKKMHOFFAU07CA,萬富段,81.41,非都市：一般農業區 ; 非都市編定：農牧用地
RPPNMLRKMHOFFCU37CA,崙山段,5107.00,非都市：山坡地保育區 ; 非都市編定：農牧用地
RPPNMLRKMHOFFCU37CA,崙山段,2565.00,非都市：山坡地保育區 ; 非都市編定：農牧用地
RPPNMLRKMHOFFCU37CA,崙山段,520.00,非都市：山坡地保育區 ; 非都市編定：農牧用地
RPPNMLRKMHOFFCU37CA,崙山段,71.00,非都市：山坡地保育區 ; 非都市編定：農牧用地
RPPNMLRKMHOFFCU37CA,崙山段,443.00,非都市：山坡地保育區 ; 非都市編定：農牧用地
RPPNMLRKMHOFFCU37CA,崙山段,1191.00,非都市：山坡地保育區 ; 非都市編定：農牧用地
RPPNMLRKMHOFFCU37CA,崙山段,8.00,非都市：山坡地保育區 ; 非都市編定：農牧用地
RPPNMLRKMHOFFCU37CA,崙山段,88.00,非都市：鄉村區 ; 非都市編定：乙種建築用地
RPPNMLMKMHOFFAU66CA,萬壽段一小段,199.00,非都市：鄉村區 ; 非都市編定：乙種建築用地
RPRNMLMKMHOFFAU86CA,民勤段,424.00,都市：農
RPSNMLMKMHOFFAU96CA,民勤段,423.00,都市：農
RPTNMLLKMHOFFAU96CA,萬壽段一小段,400.00,非都市：鄉村區 ; 非都市編定：乙種建築用地
RPTPMLLKMHOFFAU17CA,福祥段,147.00,都市：住
RPPNMLLKMHOFFAU56CA,民意段,117.68,都市：住
RPTOMLKKMHOFFAU96CA,慶豐段,96.00,都市：住
RPUOMLKKMHOFFAU07CA,仁廉段,114.00,都市：住
RPOPMLMJNHOFFAU76CA,東昌段,776.86,都市：農
RPOPMLMJNHOFFAU76CA,東昌段,92.32,都市：農
RPOPMLMJNHOFFAU76CA,東昌段,6.05,都市：其他
RPUOMLNJNHOFFAU37CA,仁愛段,1149.05,非都市：一般農業區 ; 非都市編定：農牧用地
RPQNMLSKMHOFFAU37CA,自強段,158.00,都市：住
RPXOMLTJMHOFFAU18CA,林森段,19.76,都市：住
RPPOMLLKMHOFFAU66CA,林森段,80.00,都市：其他
RPPNMLMKMHOFFCU86CA,埔頭段,2545.00,非都市：特定農業區 ; 非都市編定：農牧用地
RPPNMLMKMHOFFCU86CA,埔頭段,1388.00,非都市：一般農業區 ; 非都市編定：農牧用地
RPQNMLPLMHOFFAU17CA,太昌段,89.00,都市：住
RPQNMLPLMHOFFAU17CA,太昌段,7.00,都市：其他
RPRNMLSKMHOFFAU47CA,莊敬段,19.20,都市：住
RPSNMLTLMHOFFAU77CA,民德段,24.82,都市：住
RPWNMLPKMHOFFAU87EA,下崇德段,78.91,都市：住
RPPPMLRKMHOFFAU37CA,光榮段,307.57,都市：住
RPPPMLRKMHOFFAU37CA,光榮段,35.39,都市：農
RPPPMLRKMHOFFAU37CA,光榮段,136.33,都市：其他
RPPNMLPKMHOFFCU17CA,玉璞段,67.00,都市：住
RPPNMLPKMHOFFCU17CA,玉璞段,39.00,都市：住
RPPNMLMJNHOFFBU76CA,中原段,11.64,都市：其他
RPPNMLMJNHOFFBU76CA,中原段,519.28,非都市：河川區 ; 非都市編定：交通用地
RPPNMLMJNHOFFBU76CA,中原段,8.52,非都市：河川區 ; 非都市編定：水利用地
RPPNMLMJNHOFFBU76CA,中原段,15.13,非都市：河川區 ; 非都市編定：水利用地
RPPNMLMJNHOFFBU76CA,中原段,38.53,非都市：河川區 ; 非都市編定：交通用地
RPPNMLMJNHOFFBU76CA,中原段,1246.42,非都市：河川區 ; 非都市編定：交通用地
RPPNMLMJNHOFFBU76CA,中原段,325.54,都市：其他
RPPNMLMJNHOFFBU76CA,中原段,191.92,非都市：特定專用區 ; 非都市編定：交通用地
RPPNMLMJNHOFFBU76CA,中原段,4.50,非都市：特定專用區 ; 非都市編定：交通用地
RPPNMLMJNHOFFBU76CA,中原段,1.88,非都市：特定專用區 ; 非都市編定：交通用地
RPPNMLMJNHOFFBU76CA,中原段,11.00,非都市：特定專用區 ; 非都市編定：交通用地
RPPNMLMJNHOFFBU76CA,中原段,3.50,非都市：特定專用區 ; 非都市編定：交通用地
RPPNMLMJNHOFFBU76CA,中原段,636.24,都市：其他
RPPNMLMJNHOFFBU76CA,中原段,36.80,非都市：河川區 ; 非都市編定：交通用地
RPQOMLPKMHOFFAU17CA,林森段,90.00,都市：住
RPQOMLPKMHOFFAU17CA,林森段,9.00,都市：住
RPXOMLRKMHOFFAU08CA,宜寧段,13.11,都市：商
RPOPMLRKMHOFFAU27CA,富國段,19.42,都市：住
RPQNMLQJNHOFFAU17CA,德布克段,830.87,都市：農
RPQPMLRKMHOFFAU47CA,南埔段,141.00,非都市：特定農業區 ; 非都市編定：甲種建築用地
RPPNMLKMMHOFFCU86CA,富南段,2111.30,非都市：特定農業區 ; 非都市編定：農牧用地
RPWNMLTJNHOFFAU08CA,民意段民意小段,96.39,都市：住
RPWNMLTJNHOFFAU08CA,民意段民意小段,151.15,都市：住
RPWNMLTJNHOFFAU08CA,民意段民意小段,49.00,都市：住
RPWNMLTJNHOFFAU08CA,民意段民意小段,80.81,都市：住
RPWNMLTJNHOFFAU08CA,民意段民意小段,92.93,都市：住
RPWNMLTJNHOFFAU08CA,民意段民意小段,172.96,都市：住
RPWNMLTJNHOFFAU08CA,民意段民意小段,162.20,都市：住
RPRNMLQKMHOFFAU27CA,富國段,4.60,都市：住
RPTOMLPKMHOFFAU47CA,宜昌段,21.40,都市：住
RPOOMLRKMHOFFAU17CA,林森段,107.00,都市：住
RPSNMLRKMHOFFAU47CA,仁禮段,57.00,都市：住
RPUNMLMKMHOFFAU17CA,德安段,13.36,都市：住
RPOOMLMKMHOFFAU66CA,民德段,18.53,都市：住
RPPOMLMKMHOFFAU76CA,廣賢段,42.48,非都市：鄉村區 ; 非都市編定：乙種建築用地
RPWNMLQKMHOFFAU77CA,民享段,19.62,都市：住
RPWOMLMKMHOFFAU47CA,宜寧段,122.00,都市：住
RPWNMLMKMHOFFAU37CA,主商段,12.02,都市：商
RPPNMLOKMHOFFAU86CA,慶豐段,125.00,都市：住
RPTPMLRKMHOFFAU77CA,豐東段,3382.08,非都市：一般農業區 ; 非都市編定：農牧用地
RPQOMLNJNHOFFAU96CA,民心段,1443.00,都市：工
RPQOMLNJNHOFFAU96CA,民心段,1603.00,都市：工
RPRNMLMJNHOFFAU86CA,富國段,4.28,都市：住
RPQNMLNLMHOFFBU07CA,鳳光段,.75,都市：其他
RPQNMLNLMHOFFBU07CA,鳳光段,112.00,都市：住
RPRNMLTJNHOFFCU97EA,古風段,1440.00,非都市：山坡地保育區 ; 非都市編定：林業用地
RPQNMLOKMHOFFAU96CA,富國段,3.17,都市：商
RPPNMLRKMHOFFBU27CA,新豐段,2073.65,非都市：風景區 ; 非都市編定：農牧用地
RPWPMLMLMHOFFAU67CA,太昌段,181.00,都市：住
RPSOMLPKMHOFFAU37CA,大漢段,85.63,非都市：一般農業區 ; 非都市編定：甲種建築用地
RPTPMLMJNHOFFAU27CA,宜昌段,94.00,都市：住
RPQNMLSKMHOFFCU57CA,源城段,4140.00,非都市：特定農業區 ; 非都市編定：農牧用地
RPRNMLQKMHOFFCU47CA,神農段,179.42,非都市：鄉村區 ; 非都市編定：乙種建築用地
RPRNMLQKMHOFFCU47CA,神農段,25.41,非都市：鄉村區 ; 非都市編定：乙種建築用地
RPPNMLQLMHOFFCU37CA,瑞良段,442.78,都市：住
RPOPMLQKMHOFFAU17CA,功學段,60.80,都市：農
RPUNMLRKMHOFFAU67CA,大坪段,5017.09,非都市：一般農業區 ; 非都市編定：農牧用地
RPVNMLSKMHOFFAU87CA,富國段,9.43,都市：住
RPQOMLRKMHOFFAU57EA,國光段,11.24,都市：住
RPOOMLRKMHOFFAU37EA,富國段,13.42,都市：住
RPOOMLRKMHOFFAU37EA,富國段,14.10,都市：住
RPOOMLRKMHOFFAU37EA,富國段,.90,都市：住
RPUNMLQKMHOFFAU57CA,大漢段,81.19,非都市：鄉村區 ; 非都市編定：乙種建築用地
RPRPMLMLMHOFFAU17CA,福祥段,10.10,都市：住
RPPNMLRKMHOFFAU17CA,國風段,72.00,都市：住
RPSPMLRKMHOFFAU67CA,萬壽段一小段,199.00,非都市：鄉村區 ; 非都市編定：乙種建築用地
RPWOMLRKMHOFFAU97CA,南埔段,2425.00,非都市：特定農業區 ; 非都市編定：農牧用地
RPOPMLMLMHOFFAU86CA,樹人段,110.00,都市：住
RPSOMLRKMHOFFAU57CA,自強段,111.00,都市：住
RPVPMLRKMHOFFAU97CA,嘉南段,101.00,都市：住
RPWPMLRKMHOFFAU08CA,康樂段,120.42,非都市：一般農業區 ; 非都市編定：甲種建築用地
RPTOMLRKMHOFFAU67CA,廣安段,114.42,非都市：一般農業區 ; 非都市編定：甲種建築用地
RPRNMLOLMHOFFAU17CA,民勤段,85.00,都市：住
RPPNMLTKMHOFFAU37CA,民意段,123.00,都市：住
RPRNMLTKMHOFFAU57CA,主權段,77.00,都市：商
RPQNMLQLMHOFFCU47CA,觀音山段,4049.00,非都市：山坡地保育區 ; 非都市編定：農牧用地
RPQNMLQLMHOFFCU47CA,觀音山段,100.00,非都市：山坡地保育區 ; 非都市編定：農牧用地
RPQOMLPLMHOFFAU27CA,嘉南段,133.00,都市：住
RPRPMLQLMHOFFAU57CA,嘉新段,43.00,都市：農
RPPNMLPLMHOFFAU07CA,民德段,15.18,都市：住
RPROMLOLMHOFFAU27CA,海濱段,133.39,非都市：一般農業區 ; 非都市編定：甲種建築用地
RPSOMLOLMHOFFAU37CA,海濱段,119.66,非都市：一般農業區 ; 非都市編定：甲種建築用地
RPQPMLPLMHOFFAU37CA,富國段,59.00,都市：住
RPWOMLQLMHOFFAU97CA,莊敬段,111.50,都市：住
RPSNMLQKMHOFFCU57CA,源城段,4143.00,非都市：特定農業區 ; 非都市編定：農牧用地
RPRNMLTKMHOFFBU67CA,水車段,364.82,非都市：一般農業區 ; 非都市編定：農牧用地
RPQNMLNJNHOFFCU17DA,青山段,2388.84,非都市：特定農業區 ; 非都市編定：農牧用地
RPPNMLSKMHOFFBU37CA,水廣段,2454.15,非都市：一般農業區 ; 非都市編定：農牧用地
RPROMLRKMHOFFAU67EA,富國段,8.42,都市：住
RPQNMLTKMHOFFBU57CA,鳳光段,36.79,都市：住
RPPNMLSKMHOFFCU47CA,玉昌段,143.00,都市：住
RPPNMLSKMHOFFCU47CA,玉昌段,6.00,都市：住
RPRNMLMLMHOFFAU17EA,嘉新段,128.00,都市：農
RPQNMLTLMHOFFCU77CA,麻汝段,2966.68,非都市：山坡地保育區 ; 非都市編定：農牧用地
RPQNMLTLMHOFFCU77CA,滿自然段,4248.00,非都市：山坡地保育區 ; 非都市編定：農牧用地
RPRPMLSJNHOFFAU67CA,福祥段,27.00,都市：住
RPRPMLSJNHOFFAU67CA,福祥段,86.00,都市：住
RPQPMLQLMHOFFAU47CA,加灣段,2572.61,非都市：一般農業區 ; 非都市編定：農牧用地
RPPNMLPKNHOFFCU27CA,觀音山段,6060.00,非都市：山坡地保育區 ; 非都市編定：農牧用地
RPPOMLOLMHOFFAU07CA,仁恥段,282.00,都市：住
RPSPMLSJNHOFFAU77CA,仁恥段,26.19,都市：住
RPRNMLQJNHOFFBU37CA,溪州段,87.79,非都市：特定農業區 ; 非都市編定：甲種建築用地
RPSNMLKLNHOFFAU96CA,民德段,24.06,都市：住
RPUNMLSKMHOFFAU77CA,主權段,60.00,都市：商
RPQOMLTKMHOFFAU57CA,樹林段,83.53,非都市：一般農業區 ; 非都市編定：甲種建築用地
RPQOMLTKMHOFFAU57CA,樹林段,.93,非都市：一般農業區 ; 非都市編定：甲種建築用地
RPVNMLTKMHOFFAU97CA,太昌段,100.00,都市：住
RPVNMLTKMHOFFAU97CA,太昌段,16.40,都市：住
RPXOMLMLMHOFFAU67CA,民意段,34.60,都市：住
RPROMLMLMHOFFAU07CA,大坪段,1137.60,非都市：一般農業區 ; 非都市編定：農牧用地
RPUNMLNLMHOFFAU37CA,豐坪段,2858.00,非都市：一般農業區 ; 非都市編定：農牧用地
RPUNMLNLMHOFFAU37CA,豐坪段,2787.00,非都市：一般農業區 ; 非都市編定：農牧用地
RPUNMLNLMHOFFAU37CA,豐坪段,2787.00,非都市：一般農業區 ; 非都市編定：農牧用地
RPUNMLNLMHOFFAU37CA,豐坪段,2787.00,非都市：一般農業區 ; 非都市編定：農牧用地
RPUNMLNLMHOFFAU37CA,豐坪段,2787.00,非都市：一般農業區 ; 非都市編定：農牧用地
RPQNMLOKNHOFFAU07CA,慶豐段,119.00,都市：住
RPQNMLMLMHOFFAU86CA,民孝段,35.17,都市：住
RPSNMLNLMHOFFAU17CA,德安段,163.00,都市：住
RPSNMLNLMHOFFAU17CA,德安段,147.00,都市：住
RPPNMLMLMHOFFAU76CA,仁禮段,117.00,都市：住
RPVOMLNLMHOFFAU57CA,德安段,19.92,都市：住
RPTNMLOLMHOFFAU37CA,慈惠段,330.58,都市：住
RPQNMLNLMHOFFCU17CA,玉城段,102.00,都市：其他
RPSNMLNLMHOFFCU37CA,永良段,140.75,非都市：鄉村區 ; 非都市編定：乙種建築用地
RPTNMLMLMHOFFAU17CA,嘉南段,102.00,都市：商
RPQNMLTKMHOFFCU67CA,卓樂段,1010.00,非都市：山坡地保育區 ; 非都市編定：農牧用地
RPQNMLTKMHOFFCU67CA,卓樂段,1326.00,非都市：山坡地保育區 ; 非都市編定：農牧用地
RPROMLPKNHOFFAU37CA,吉興段,149.20,都市：農
RPXNMLMLMHOFFAU57CA,仁禮段,146.00,都市：農
RPQNMLMJNHOFFAU76CA,富國段,4.60,都市：住
RPUNMLPKNHOFFAU57CA,宜昌段,143.00,都市：住
RPXNMLOLMHOFFAU77CA,德安段,583.00,都市：其他
RPXNMLOLMHOFFAU77CA,德安段,583.00,都市：其他
RPXNMLOLMHOFFAU77CA,德安段,114.00,都市：其他
RPXNMLOLMHOFFAU77CA,德安段,218.00,都市：其他
RPXNMLOLMHOFFAU77CA,德安段,6.00,都市：其他
RPXNMLOLMHOFFAU77CA,德安段,3.00,都市：其他
RPPNMLMLMHOFFCU17EA,古風段,660.00,非都市： ; 非都市編定：
RPRNMLNLMHOFFCU27CA,玉璞段,133.00,都市：住
RPUNMLOLMHOFFAU47CA,主商段,12.76,都市：商
RPQOMLMLMHOFFAU96CA,國風段,72.00,都市：住
RPXNMLQLMHOFFAU97CA,民享段,7.40,都市：住
RPSOMLMLMHOFFAU17CA,志新段,205.16,都市：農
RPSOMLMLMHOFFAU17CA,志新段,96.94,都市：農
RPPNMLTKMHOFFBU47CA,大安段,133.00,都市：住
RPWOMLMLMHOFFAU57CA,民孝段,31.29,都市：住
RPQPMLMLMHOFFAU07CA,福祥段,17.50,都市：住
RPPNMLOLMHOFFAU96CA,光學段,530.14,非都市：一般農業區 ; 非都市編定：農牧用地
RPPNMLOLMHOFFAU96CA,光學段,923.97,非都市：一般農業區 ; 非都市編定：農牧用地
RPTNMLNKNHOFFAU27CA,福祥段,54.00,都市：住
RPWOMLNLMHOFFAU67CA,富國段,8.51,都市：住
RPQOMLNLMHOFFAU07CA,路內段,52.75,都市：住
RPROMLNLMHOFFAU17CA,福祥段,16.39,都市：住
RPROMLNLMHOFFAU17CA,福祥段,.86,都市：住
RPTPMLQLMHOFFAU77CA,福安段,86.00,都市：住
RPPOMLNLMHOFFAU96CA,主商段,8.09,都市：商
RPPOMLNLMHOFFAU96CA,主商段,.29,都市：其他
RPVNMLNLMHOFFAU47CA,自強段,5.63,都市：住
RPUNMLPLMHOFFAU57CA,嘉平段,111.00,都市：住
RPSNMLQLMHOFFAU47CA,明義段,49.00,都市：住
RPRNMLOLMHOFFCU37CA,玉城段,28.00,都市：其他
RPSNMLOLMHOFFCU57DA,中平段,1583.15,都市：農
RPRNMLTLMHOFFAU67CA,富國段,7.75,都市：住
RPPNMLPLMHOFFCU27CA,瑞穗段,1300.00,非都市：特定農業區 ; 非都市編定：農牧用地
RPPNMLMLMHOFFBU86CA,鳳凰段,2268.88,非都市：一般農業區 ; 非都市編定：農牧用地
RPPNMLNLMHOFFBU96CA,南富段,3389.49,非都市：山坡地保育區 ; 非都市編定：農牧用地
RPTNMLKMMHOFFAU07CA,德安段,22.50,都市：住
RPPNMLOLMHOFFBU07CA,鳳仁段,210.00,都市：住
RPPNMLOLMHOFFBU07CA,鳳仁段,8.00,都市：住
RPQNMLKLNHOFFAU76CA,仁恥段,111.20,都市：住
RPPOMLTLMHOFFAU77EA,主權段,11.27,都市：住
RPPNMLTLMHOFFAU47CA,福德段,83.00,都市：住
RPUOMLMJNHOFFAU27CA,德安段,17.08,都市：住
RPROMLLJNHOFFAU86CA,林森段,2.55,都市：住
RPROMLLJNHOFFAU86CA,林森段,4.76,都市：住
RPROMLLJNHOFFAU86CA,林森段,9.34,都市：住
RPWNMLPLMHOFFAU77CA,福德段,1432.00,都市：農
RPSOMLQLMHOFFAU57CA,南埔段,1995.00,非都市：特定農業區 ; 非都市編定：農牧用地
RPXOMLNJNHOFFAU67CA,佳林段,64.48,非都市： ; 非都市編定：
RPWNMLOLMHOFFAU67CA,宜安段,25.87,都市：住
RPQOMLOLMHOFFAU17CA,明義段,21.86,都市：商
RPQOMLOLMHOFFAU17CA,明義段,1.37,都市：商
RPQNMLSKNHOFFAU47CA,德安段,59.02,都市：其他
RPSNMLTJNHOFFAU87EA,太昌段,134.00,都市：商
RPROMLPLMHOFFAU37CA,樹林段,84.47,非都市：一般農業區 ; 非都市編定：甲種建築用地
RPPPMLNJNHOFFAU96CA,嘉南段,73.00,都市：住
RPOPMLPLMHOFFAU17CA,碧雲段,24.69,都市：住
RPOPMLPLMHOFFAU17CA,碧雲段,1.02,都市：住
RPOPMLPLMHOFFAU17CA,碧雲段,2.52,都市：住
RPOPMLPLMHOFFAU17CA,碧雲段,39.00,都市：住
RPOPMLPLMHOFFAU17CA,碧雲段,6.54,都市：其他
RPOPMLPLMHOFFAU17CA,碧雲段,1.73,都市：住
RPSNMLOLMHOFFAU27CA,國股段,148.11,都市：住
RPQOMLNLNHOFFAU17CA,自強段,111.00,都市：住
RPOOMLTJNHOFFAU37CA,德安段,193.04,都市：住
RPXNMLPLMHOFFAU87CA,福德段,912.00,都市：農
RPXNMLPLMHOFFAU87CA,福德段,754.00,都市：農
RPOOMLOLMHOFFAU96CA,四維段,434.19,都市：農
RPPNMLRLMHOFFAU27CA,永興段,778.27,非都市：鄉村區 ; 非都市編定：乙種建築用地
RPTOMLNJNHOFFAU27CA,林森段,65.00,都市：住
RPTOMLOLMHOFFAU47CA,海濱段,122.91,非都市：一般農業區 ; 非都市編定：甲種建築用地
RPUOMLPLMHOFFAU67CA,慶豐段,85.00,都市：住
RPQNMLLJNHOFFCU86CA,瑞良段,194.00,都市：住
RPOPMLTLMHOFFAU57CA,民勤段,40.00,都市：住
RPXOMLQLMHOFFAU28EA,仁廉段,72.00,都市：住
RPPNMLMJNHOFFCU86CA,瑞良段,187.00,都市：住
RPUOMLTLMHOFFAU08CA,福安段,17.46,都市：住
RPPNMLQLMHOFFBU27CA,大安段,107.00,都市：商
RPQNMLTLMHOFFBU67CA,山崎段,2854.60,非都市：山坡地保育區 ; 非都市編定：農牧用地
RPTOMLNKNHOFFAU37CA,國風段,58.00,都市：住
RPRNMLPLMHOFFCU47CA,玉璞段,61.75,都市：其他
RPWOMLTJNHOFFAU18CA,民意段,65.00,都市：住
RPWOMLTJNHOFFAU18CA,民意段,65.00,都市：住
RPPNMLTLMHOFFCU67CA,玉城段,6.00,都市：住
RPWOMLLLNHOFFAU57CA,南埔段,87.00,非都市：鄉村區 ; 非都市編定：乙種建築用地
RPVNMLNLNHOFFAU57CA,北濱段,10.00,都市：商
RPWOMLTLMHOFFAU28CA,吳全段,129.95,都市：農
RPWOMLTLMHOFFAU28CA,吳全段,1333.50,都市：農
RPVNMLLJNHOFFAU17CA,北濱段,106.00,都市：住
RPPNMLLJNHOFFBU66CA,馬佛段,3589.00,非都市：一般農業區 ; 非都市編定：農牧用地
RPPNMLLJNHOFFBU66CA,馬佛段,1366.00,非都市：一般農業區 ; 非都市編定：農牧用地
RPWNMLNLNHOFFAU67CA,林森段,3.38,都市：住
RPWNMLNLNHOFFAU67CA,林森段,6.32,都市：住
RPWNMLNLNHOFFAU67CA,林森段,12.41,都市：住
RPTNMLTLMHOFFAU87CA,富國段,6.80,都市：商
RPPNMLOLNHOFFAU07CA,主商段,5.44,都市：商
RPPQMLQLMHOFFAU47CA,北濱段,44.00,都市：住
RPPQMLQLMHOFFAU47CA,北濱段,59.00,都市：住
RPSNMLKMMHOFFAU96CA,南埔段,970.00,非都市：特定農業區 ; 非都市編定：農牧用地
RPRNMLKMMHOFFAU86CA,民意段,42.80,都市：住
RPWPMLQLMHOFFAU08CA,慶豐段,109.00,都市：住
RPPNMLLJNHOFFAU56CA,廣賢段,49.56,非都市：鄉村區 ; 非都市編定：乙種建築用地
RPRNMLLJNHOFFAU76CA,光華段二小段,115.27,非都市：工業區 ; 非都市編定：丁種建築用地
RPPPMLPLMHOFFAU27CA,嘉南段,116.00,都市：住
RPPOMLQLMHOFFAU27CA,林森段,92.00,都市：住
RPQNMLLJNHOFFAU66CA,烏杙段,87.90,都市：住
RPQNMLLJNHOFFAU66CA,烏杙段,54.26,都市：住
RPOPMLQLMHOFFAU27CA,福安段,11.64,都市：住
RPROMLMJNHOFFAU96CA,福興段,71.00,都市：住
RPUNMLTLMHOFFAU97CA,民孝段,72.00,都市：住
RPQOMLTLMHOFFAU67CA,忠孝段,92.90,都市：農
RPQOMLTLMHOFFAU67CA,忠孝段,209.00,都市：農
RPXNMLTLMHOFFAU28CA,主商段,12.76,都市：商
RPVNMLKMMHOFFAU27CA,國風段,54.00,都市：住
RPQNMLPKNHOFFCU37CA,舞鶴東段,1752.01,非都市：山坡地保育區 ; 非都市編定：農牧用地
RPPNMLSJNHOFFAU27CA,加灣段,830.95,非都市：山坡地保育區 ; 非都市編定：農牧用地
RPXOMLTLMHOFFAU38CA,大漢段,97.47,非都市：鄉村區 ; 非都市編定：乙種建築用地
RPXOMLTLMHOFFAU38CA,大漢段,12.74,非都市：鄉村區 ; 非都市編定：交通用地
RPSPMLMJNHOFFAU17CA,仁恥段,143.00,都市：住
RPRNMLTLMHOFFCU87CA,玉璞段,10.00,都市：其他
RPUOMLSJNHOFFAU87CA,莊敬段,15.62,都市：住
RPTOMLQJNHOFFAU57CA,樹人段,10.82,都市：住
RPTOMLQJNHOFFAU57CA,樹人段,31.62,都市：商
RPOOMLTLMHOFFAU67EA,慶豐段,101.00,都市：住
RPROMLLLNHOFFAU07CA,潭南段,1.69,都市：農
RPROMLLLNHOFFAU07CA,潭南段,1191.07,非都市：山坡地保育區 ; 非都市編定：農牧用地
RPPNMLTLMHOFFBU57CA,新庄段,31.07,都市：住
RPPNMLTLMHOFFBU57CA,新庄段,103.15,都市：住
RPSNMLLJNHOFFBU96CA,大安段,3.60,都市：商
RPSNMLLJNHOFFBU96CA,大安段,100.80,都市：商
RPQNMLLJNHOFFBU76CA,鳳仁段,43.50,都市：住
RPQNMLLJNHOFFBU76CA,鳳仁段,43.50,都市：住
RPQNMLLJNHOFFBU76CA,鳳仁段,17.50,都市：住
RPQNMLLJNHOFFBU76CA,鳳仁段,17.50,都市：住
RPROMLQJNHOFFAU37CA,天佑段,78.27,非都市：鄉村區 ; 非都市編定：乙種建築用地
RPXNMLKLNHOFFAU47CA,民心段,16.50,都市：工
RPWOMLMJNHOFFAU47CA,廣安段,1904.01,非都市：一般農業區 ; 非都市編定：甲種建築用地
RPOPMLNJNHOFFAU86CA,仁禮段,10.77,都市：住
RPPNMLQJNHOFFAU07CA,壽農段,2542.76,非都市：特定農業區 ; 非都市編定：農牧用地
RPWOMLLJNHOFFAU37CA,慈安段,97.97,都市：住
RPXOMLSJNHOFFAU18CA,太昌段,141.00,都市：商
RPPNMLKMMHOFFAU66CA,福安段,128.00,都市：商
RPPNMLMJNHOFFAU66CA,民享段,14.11,都市：商
RPTOMLMJNHOFFAU17CA,慶豐段,116.00,都市：住
RPWNMLLJNHOFFAU27CA,嘉南段,84.00,都市：住
RPWNMLLJNHOFFAU27CA,嘉南段,9.25,都市：住
RPTOMLRJNHOFFAU67CA,主權段,102.00,都市：住
RPXNMLPKNHOFFAU87CA,宜安段,155.00,都市：住
RPPNMLQJNHOFFBU17CA,丁仔漏段,1417.73,非都市：風景區 ; 非都市編定：農牧用地
RPPNMLQJNHOFFBU17CA,丁仔漏段,174.22,非都市：風景區 ; 非都市編定：農牧用地
RPPNMLQJNHOFFBU17CA,丁仔漏段,22.92,非都市：風景區 ; 非都市編定：農牧用地
RPPNMLQJNHOFFBU17CA,丁仔漏段,709.27,非都市：風景區 ; 非都市編定：農牧用地
RPQNMLRJNHOFFBU37CA,林榮段,36.14,非都市： ; 非都市編定：
RPQNMLOLNHOFFAU17CA,豐南段,1143.60,非都市：一般農業區 ; 非都市編定：農牧用地
RPQOMLMLNHOFFAU07CA,裕民段,7.78,都市：商
RPRNMLOLNHOFFAU27CA,民意段,28.24,都市：住
RPPNMLPJNHOFFBU07CA,中興段,355.12,非都市：山坡地保育區 ; 非都市編定：交通用地
RPPNMLPJNHOFFBU07CA,中興段,9.55,非都市：山坡地保育區 ; 非都市編定：交通用地
RPPNMLPJNHOFFBU07CA,中興段,468.64,非都市：山坡地保育區 ; 非都市編定：交通用地
RPUOMLNKNHOFFAU47CA,光華段二小段,140.23,非都市：工業區 ; 非都市編定：丁種建築用地
RPTNMLKLNHOFFAU07CA,宜安段,130.00,都市：住
RPQNMLNKNHOFFAU96CA,福祥段,148.00,都市：住
RPOOMLNJNHOFFAU96EA,東華段,2598.75,都市：農
RPOOMLNJNHOFFAU96EA,東華段,9.60,都市：其他
RPQNMLTLNHOFFCU87CA,掃叭頂段,323.91,非都市：鄉村區 ; 非都市編定：乙種建築用地
RPTOMLKKNHOFFAU07CA,嘉南段,107.00,都市：商
RPSNMLQJNHOFFAU37CA,自強段,11.25,都市：住
RPPPMLMJNHOFFAU86CA,古魯社段,4321.00,都市：農
RPQOMLQJNHOFFAU27CA,富國段,8.40,都市：住
RPSNMLTLNHOFFAU87CA,仁廉段,9.00,都市：商
RPTNMLKMNHOFFAU17CA,溪口段,3400.50,非都市：一般農業區 ; 非都市編定：農牧用地
RPTNMLRKNHOFFAU67CA,民勤段,14.30,都市：住
RPVNMLQJNHOFFAU67CA,主商段,11.81,都市：商
RPTNMLTLNHOFFAU97CA,北濱段,33.00,都市：商
RPTNMLTLNHOFFAU97CA,北濱段,189.00,都市：商
RPQNMLTJNHOFFAU47CA,平和段,45.26,都市：農
RPQNMLTJNHOFFAU47CA,平和段,167.78,都市：其他
RPXNMLNJNHOFFAU57CA,主商段,8.21,都市：商
RPXNMLNJNHOFFAU57CA,主商段,.29,都市：其他
RPWNMLNJNHOFFAU47CA,富國段,147.00,都市：住
RPSNMLNJNHOFFAU07CA,福祥段,224.00,都市：住
RPUNMLNJNHOFFAU27CA,廣安段,174.08,非都市：一般農業區 ; 非都市編定：甲種建築用地
RPROMLNJNHOFFAU07CA,仁義段,147.00,都市：住
RPOOMLKKNHOFFAU56CA,草林段,675.04,非都市：鄉村區 ; 非都市編定：乙種建築用地
RPQOMLKKNHOFFAU76CA,草林段,65.19,非都市：鄉村區 ; 非都市編定：乙種建築用地
RPUOMLTJNHOFFAU97CA,富國段,6.60,都市：住
RPTOMLLJNHOFFAU07CA,宜寧段,82.00,都市：商
RPQPMLNJNHOFFAU07CA,康樂段,5702.08,非都市：一般農業區 ; 非都市編定：農牧用地
RPVOMLMJNHOFFAU37CA,仁恥段,109.00,都市：住
RPPNMLNJNHOFFCU96CA,觀音山段,4300.00,非都市：山坡地保育區 ; 非都市編定：農牧用地
RPQOMLMJNHOFFAU86CA,自強段,33.27,都市：住
RPSNMLMJNHOFFAU96CA,主權段,88.00,都市：住
RPPNMLSJNHOFFBU47DA,長橋段,71.62,非都市：特定農業區 ; 非都市編定：甲種建築用地
RPPNMLSJNHOFFBU47DA,長橋段,16.20,非都市：特定農業區 ; 非都市編定：甲種建築用地
RPRNMLSJNHOFFAU47CA,大漢段,90.27,非都市：鄉村區 ; 非都市編定：乙種建築用地
RPRPMLNJNHOFFAU17CA,民享段,103.00,都市：住
RPTNMLNJNHOFFAU17CA,路內段,52.75,都市：住
RPPNMLNJNHOFFBU86CA,馬遠段,575.00,非都市：山坡地保育區 ; 非都市編定：農牧用地
RPPNMLNJNHOFFBU86CA,馬遠段,1447.50,非都市：山坡地保育區 ; 非都市編定：農牧用地
RPPNMLNJNHOFFBU86CA,馬遠段,65.00,非都市：山坡地保育區 ; 非都市編定：丙種建築用地
RPPNMLNJNHOFFBU86CA,馬遠段,317.50,非都市：山坡地保育區 ; 非都市編定：農牧用地
RPPNMLNJNHOFFBU86CA,馬遠段,285.00,非都市：山坡地保育區 ; 非都市編定：農牧用地
RPPNMLNJNHOFFBU86CA,馬遠段,782.50,非都市：山坡地保育區 ; 非都市編定：農牧用地
RPPNMLNJNHOFFBU86CA,馬遠段,980.00,非都市：山坡地保育區 ; 非都市編定：農牧用地
RPWOMLQJNHOFFAU87CA,主權段,34.06,都市：住
RPWOMLQJNHOFFAU87CA,主權段,.32,都市：其他
RPPNMLQJNHOFFCU27CA,興南段,27.20,非都市：河川區 ; 非都市編定：農牧用地
RPPNMLQJNHOFFCU27CA,興南段,1129.95,非都市：河川區 ; 非都市編定：農牧用地
RPQNMLQJNHOFFBU27CA,水車段,712.45,非都市：特定農業區 ; 非都市編定：農牧用地
RPQNMLQJNHOFFBU27CA,水車段,582.42,非都市：特定農業區 ; 非都市編定：甲種建築用地
RPQNMLSJNHOFFAU37CA,農墾段,2525.44,非都市：一般農業區 ; 非都市編定：農牧用地
RPUNMLNLNHOFFAU47CA,民德段,36.92,都市：住
RPUOMLRJNHOFFAU77CA,裕民段,24.00,都市：住
RPUOMLRJNHOFFAU77CA,裕民段,5.90,都市：住
RPUOMLRJNHOFFAU77CA,裕民段,6.78,都市：住
RPQNMLRJNHOFFCU47CA,玉昌段,70.00,都市：住
RPQNMLRJNHOFFCU47CA,玉昌段,12.00,都市：住
RPOPMLSJNHOFFAU37CA,佳民段,7980.00,非都市：山坡地保育區 ; 非都市編定：農牧用地
RPUOMLQJNHOFFAU67CA,主權段,72.00,都市：住
RPSNMLLMNHOFFAU17CA,光英段,1058.10,非都市：一般農業區 ; 非都市編定：農牧用地
RPTOMLSJNHOFFAU77CA,下台地段,2580.66,非都市：一般農業區 ; 非都市編定：農牧用地
RPPOMLTJNHOFFAU47CA,林森段,92.00,都市：住
RPPPMLSJNHOFFAU47CA,碧雲段,82.00,都市：住
RPSOMLQJNHOFFAU47CA,東明段,1025.00,非都市：風景區 ; 非都市編定：農牧用地
RPSOMLQJNHOFFAU47CA,東明段,1488.00,非都市：風景區 ; 非都市編定：農牧用地
RPSOMLSJNHOFFAU67CA,樹人段,75.00,都市：住
RPTNMLSJNHOFFAU67CA,富國段,9.43,都市：住
RPPNMLRJNHOFFAU17CA,民意段民意小段,146.61,都市：住
RPPNMLRJNHOFFBU37DA,支亞干段,285.94,非都市：一般農業區 ; 非都市編定：甲種建築用地
RPXOMLTJNHOFFAU28CA,主商段,8.09,都市：商
RPXOMLTJNHOFFAU28CA,主商段,.29,都市：其他
RPXNMLRJNHOFFAU97CA,仁恥段,74.00,都市：住
RPVOMLSJNHOFFAU97CA,宜昌段,135.00,都市：住
RPQNMLNJOHOFFCU27DA,新莊段,1100.52,非都市：山坡地保育區 ; 非都市編定：農牧用地
RPPNMLTJNHOFFCU67DA,玉璞段,84.00,都市：住
RPUNMLRJNHOFFAU67CA,光華段二小段,116.67,非都市：工業區 ; 非都市編定：丁種建築用地
RPRNMLKKNHOFFAU76CA,富國段,17.07,都市：住
RPPNMLPKNHOFFBU17CA,大安段,503.00,都市：住
RPPNMLPKNHOFFBU17CA,大安段,105.00,都市：住
RPPNMLPKNHOFFBU17CA,大安段,717.00,都市：住
RPRNMLNKNHOFFAU07CA,自強段,36.30,都市：住
RPQOMLPKNHOFFAU27CA,福安段,164.00,都市：住
RPQNMLPKNHOFFBU27CA,大豐段,5503.27,非都市：一般農業區 ; 非都市編定：農牧用地
RPQNMLPKNHOFFBU27CA,大安段,154.00,都市：住
RPSOMLNKNHOFFAU27CA,慈安段,70.00,都市：住
RPOQMLMLNHOFFAU07CA,北濱段,48.00,都市：住
RPVNMLMLNHOFFAU47CA,福祥段,17.50,都市：住
RPSNMLNKNHOFFAU17CA,慶豐段,108.00,都市：住
RPVNMLOJOHOFFAU57CA,加灣段,1404.95,非都市：一般農業區 ; 非都市編定：農牧用地
RPUOMLMLNHOFFAU47CA,民德段,101.00,都市：住
RPWNMLMLNHOFFAU57CA,碧雲段,86.84,都市：住
RPWNMLOJOHOFFAU67CA,國風段,67.00,都市：住
RPWNMLOKNHOFFAU67CA,嘉南段,106.00,都市：商
RPSNMLRJNHOFFCU87EA,卓溪段,3250.00,非都市：山坡地保育區 ; 非都市編定：農牧用地
RPTOMLLMNHOFFAU37CA,萬壽段一小段,400.00,非都市：鄉村區 ; 非都市編定：乙種建築用地
RPTNMLRJNHOFFCU77CA,禹中段,4789.68,非都市：特定農業區 ; 非都市編定：農牧用地
RPSNMLRJNHOFFCU67CA,富安段,360.38,都市：住
RPSNMLRJNHOFFCU67CA,富安段,360.38,都市：住
RPSNMLRJNHOFFCU67CA,富安段,1081.12,都市：住
RPQNMLTJNHOFFCU67CA,玉昌段,214.00,都市：住
RPQNMLTJNHOFFCU67CA,玉昌段,61.00,都市：住
RPQNMLKKNHOFFCU86CA,源城段,1462.00,非都市：特定農業區 ; 非都市編定：農牧用地
RPQNMLKKNHOFFCU86CA,源城段,1927.00,非都市：特定農業區 ; 非都市編定：農牧用地
RPVOMLTJNHOFFAU08CA,政明段,16.72,都市：住
RPTOMLTJNHOFFAU87CA,沼田段,272.55,都市：住
RPPNMLKKNHOFFAU56CA,興海段,1037.02,都市：農
RPQOMLTJNHOFFAU57CA,東華段,202.17,都市：住
RPQOMLTJNHOFFAU57CA,東華段,19.36,都市：住
RPTNMLKKNHOFFAU96CA,裕民段,7.42,都市：商
RPPNMLNKNHOFFCU27EA,玉城段,42.38,都市：其他
RPWOMLSJNHOFFAU28EA,嘉北段,128.00,都市：住
RPPPMLOJOHOFFAU27DA,太昌段,24.80,都市：農
RPPPMLOJOHOFFAU27DA,太昌段,1.40,都市：農
RPSNMLTJNHOFFAU67CA,永安段,79.51,非都市：鄉村區 ; 非都市編定：乙種建築用地
RPQPMLSJNHOFFAU57CA,慶豐段,104.00,都市：住
RPVNMLTJNHOFFAU97CA,宜寧段,237.00,都市：住
RPVNMLTJNHOFFAU97CA,宜寧段,13.00,都市：住
RPROMLTJNHOFFAU67CA,南埔段,22.00,非都市：鄉村區 ; 非都市編定：乙種建築用地
RPROMLTJNHOFFAU67CA,南埔段,58.00,非都市：鄉村區 ; 非都市編定：乙種建築用地
RPUNMLSJNHOFFAU97EA,慈惠段,52.90,都市：住
RPTNMLTJNHOFFAU77CA,福興段,116.00,都市：住
RPTNMLTJNHOFFAU77CA,福興段,30.00,都市：其他
RPOPMLTJNHOFFAU47CA,太昌段,76.00,都市：住
RPVOMLKKNHOFFAU27CA,南埔段,143.00,非都市：特定農業區 ; 非都市編定：甲種建築用地
RPOPMLOJOHOFFAU17DA,太昌段,44.12,都市：住
RPSNMLOKNHOFFBU37CA,大安段,197.00,都市：住
RPRNMLPKNHOFFAU27CA,國風段,112.00,都市：住
RPSPMLMLNHOFFAU37CA,樹人段,10.46,都市：商
RPSPMLMLNHOFFAU37CA,樹人段,9.75,都市：住
RPPNMLLKNHOFFAU66CA,豐東段,2513.24,非都市：一般農業區 ; 非都市編定：農牧用地
RPQNMLPKNHOFFAU17CA,民孝段,43.73,都市：住
RPXOMLOKNHOFFAU87CA,主商段,12.04,都市：商
RPPNMLPKNHOFFAU07CA,富國段,23.30,都市：住
RPROMLOKNHOFFAU27CA,慈安段,85.40,都市：住
RPPNMLNKNHOFFAU86CA,富國段,5.31,都市：住
RPPNMLKKNHOFFCU96EA,古風段,780.00,非都市：一般農業區 ; 非都市編定：農牧用地
RPXNMLNKNHOFFAU67CA,宜安段,25.87,都市：住
RPQNMLRKNHOFFAU37CA,主權段,8.55,都市：住
RPQNMLRKNHOFFAU37CA,德安段,.08,都市：住
RPRNMLNKNHOFFCU27CA,永良段,10716.72,非都市：特定農業區 ; 非都市編定：農牧用地
RPRNMLKKNHOFFCU96CA,民北段,95.36,非都市：鄉村區 ; 非都市編定：乙種建築用地
RPUNMLNKNHOFFAU37CA,太昌段,142.00,都市：住
RPROMLOKNHOFFAU47EA,南埔段,66.00,非都市：特定農業區 ; 非都市編定：農牧用地
RPSNMLOKNHOFFAU27CA,富國段,1.03,都市：商
RPTNMLOJOHOFFAU37CA,民勤段,21.51,都市：住
RPTNMLMLNHOFFAU27CA,自強段,5.63,都市：住
RPRPMLTJNHOFFAU77CA,仁恥段,131.00,都市：住
RPQNMLNKNHOFFCU17CA,石牌段,2113.49,非都市：一般農業區 ; 非都市編定：農牧用地
RPPPMLTJNHOFFAU57CA,仁恥段,126.00,都市：住
RPPOMLKKNHOFFAU66CA,草林段,2191.96,非都市：一般農業區 ; 非都市編定：農牧用地
RPPOMLKKNHOFFAU66CA,草林段,892.48,非都市：一般農業區 ; 非都市編定：農牧用地
RPSNMLPJOHOFFCU57CA,高寮段,4440.32,非都市：一般農業區 ; 非都市編定：農牧用地
RPTPMLTJNHOFFAU97CA,路內段,46.31,都市：住
RPPNMLSLNHOFFBU67DA,大安段,484.00,都市：住
RPXNMLOJOHOFFAU77CA,自強段,7.55,都市：住
RPXNMLNLNHOFFAU77CA,德安段,14.37,都市：住
RPOOMLOJOHOFFAU96CA,富國段,4.43,都市：商
RPTNMLOKNHOFFAU37CA,主商段,12.02,都市：商
RPXNMLOKNHOFFAU77CA,主商段,12.04,都市：商
RPVNMLOKNHOFFAU57CA,主商段,12.02,都市：商
RPOOMLOKNHOFFAU96CA,慈安段,109.00,都市：住
RPOOMLOKNHOFFAU96CA,慈安段,4.00,都市：住
RPVOMLOKNHOFFAU67CA,主商段,13.58,都市：商
