﻿編號,土地區段位置,土地移轉面積平方公尺,使用分區或編定
The serial number,land sector position,land shifting area square meter,the use zoning or compiles and checks
RPSNMLLKLHOFFAV86CA,利家段,2073.00,非都市：特定農業區 ; 非都市編定：農牧用地
RPPNMLPKKHOFFAV86CA,台東段,6.00,都市：住
RPPNMLPKKHOFFAV86CA,台東段,7.00,都市：住
RPPNMLPKKHOFFAV86CA,台東段,4.00,都市：住
RPPNMLPKKHOFFAV86CA,台東段,245.00,都市：住
RPRNMLLLKHOFFAV76CA,旭川段,2343.80,非都市：特定農業區 ; 非都市編定：農牧用地
RPPNMLMKKHOFFAV56CA,岩灣段,140.30,都市：住
RPSNMLOKKHOFFAV07CA,山里段,694.58,非都市：特定農業區 ; 非都市編定：農牧用地
RPQNMLTKKHOFFAV47DA,台東段,94.00,都市：住
RPQNMLKLKHOFFAV56CA,豐榮段,1755.00,都市：其他
RPPNMLOKKHOFFAV86DA,利家段,220.00,非都市：山坡地保育區 ; 非都市編定：丙種建築用地
RPQNMLNKKHOFFAV76CA,中山段,48.00,都市：住
RPRNMLMKKHOFFCV96CA,福文段,2.70,都市：住
RPPNMLTKKHOFFCV47CA,月美段,2399.00,非都市：特定農業區 ; 非都市編定：農牧用地
RPPNMLMKKHOFFCV76CA,隆盛段,2015.79,非都市：特定農業區 ; 非都市編定：農牧用地
RPPNMLMKKHOFFCV76CA,隆盛段,2015.79,非都市：特定農業區 ; 非都市編定：農牧用地
RPTNMLLKLHOFFAV96CA,豐康段,18.81,都市：住
RPTNMLLKLHOFFAV96CA,豐康段,7.14,都市：住
RPQNMLPKKHOFFAV96CA,豐成段,162.15,非都市：特定農業區 ; 非都市編定：農牧用地
RPQNMLPKKHOFFAV96CA,豐成段,3159.72,非都市：特定農業區 ; 非都市編定：農牧用地
RPPNMLTKKHOFFAV27CA,普優瑪段,6.32,都市：農
RPRNMLKLKHOFFAV66CA,普優瑪段,122.54,都市：住
RPQNMLMLKHOFFAV76CA,台東段,54.00,都市：住
RPQNMLMLKHOFFAV76CA,台東段,5.00,都市：住
RPXNMLRLKHOFFAV97CA,岩灣段,223.80,都市：住
RPPNMLSKKHOFFDV47CA,森永段,487.50,非都市：山坡地保育區 ; 非都市編定：林業用地
RPPNMLSKKHOFFDV47CA,森永段,707.50,非都市：山坡地保育區 ; 非都市編定：林業用地
RPPNMLSKKHOFFDV47CA,南田段,1215.00,非都市：山坡地保育區 ; 非都市編定：林業用地
RPQNMLSKKHOFFDV57CA,金崙段,2700.00,非都市：山坡地保育區 ; 非都市編定：農牧用地
RPPNMLKLKHOFFAV09CA,岩灣段,138.95,都市：住
RPTNMLLLKHOFFAV96CA,初鹿段,2840.00,非都市：特定農業區 ; 非都市編定：農牧用地
RPPNMLPKKHOFFDV17CA,泰王段,12.03,都市：其他
RPPNMLPKKHOFFDV17CA,泰王段,77.84,都市：商
RPRNMLTKKHOFFDV77CA,秀山段,8.08,都市：其他
RPRNMLTKKHOFFDV77CA,秀山段,.00,都市：其他
RPSNMLTKKHOFFDV87CA,秀山段,8.08,都市：其他
RPSNMLTKKHOFFDV87CA,秀山段,.00,都市：其他
RPRNMLOKKHOFFDV27CA,復興段,72.48,都市：住
RPQNMLPKKHOFFDV27CA,秀山段,8.08,都市：其他
RPQNMLPKKHOFFDV27CA,秀山段,.00,都市：其他
RPRNMLMLKHOFFAV86CA,馬蘭段,109.00,都市：住
RPSNMLLLKHOFFAV86CA,南榮段,696.74,都市：工
RPSNMLLLKHOFFAV86CA,南榮段,3.10,都市：其他
RPSNMLLLKHOFFAV86CA,南榮段,165.94,都市：工
RPSNMLLLKHOFFAV86CA,南榮段,4.29,都市：其他
RPSNMLLLKHOFFAV86CA,南榮段,.53,都市：其他
RPSNMLLLKHOFFAV86CA,南榮段,1568.15,都市：工
RPSNMLLLKHOFFAV86CA,南榮段,3.64,都市：其他
RPSNMLLLKHOFFAV86CA,南榮段,11.85,都市：其他
RPPNMLNLKHOFFAV76CA,建樂段,16.45,都市：住
RPQNMLPLKHOFFDV37CA,秀山段,8.08,都市：商
RPQNMLPLKHOFFDV37CA,秀山段,.00,都市：商
RPQNMLPLKHOFFAV07CA,豐成段,2503.06,非都市：特定農業區 ; 非都市編定：農牧用地
RPROMLPLKHOFFAV27CA,新生段,2656.00,都市：農
RPPNMLPLKHOFFCV17CA,中福段,6.74,都市：住
RPTNMLMLKHOFFAV07CA,常德段,27.30,都市：住
RPPNMLQLKHOFFCV27CA,廣原段,3770.00,非都市：山坡地保育區 ; 非都市編定：林業用地
RPUNMLLKLHOFFAV07CA,普優瑪段,121.21,都市：住
RPUNMLLKLHOFFAV07CA,普優瑪段,20.53,都市：住
RPUNMLLKLHOFFAV07CA,普優瑪段,3.20,都市：其他
RPUNMLLKLHOFFAV07CA,普優瑪段,2.65,都市：其他
RPSNMLMLKHOFFAV96CA,豐源段,3209.22,非都市：特定農業區 ; 非都市編定：農牧用地
RPQNMLLLKHOFFAV66CA,建成段,125.05,都市：住
RPPNMLLLKHOFFAV56CA,泰安段,858.24,非都市：鄉村區 ; 非都市編定：乙種建築用地
RPPNMLPLKHOFFAV96CA,知本段,2500.00,非都市：特定農業區 ; 非都市編定：農牧用地
RPPNMLQLKHOFFAV07CA,加路蘭段,17789.00,非都市：風景區 ; 非都市編定：農牧用地
RPPNMLQLKHOFFAV07CA,加路蘭段,26770.00,非都市：風景區 ; 非都市編定：農牧用地
RPPNMLQLKHOFFAV07CA,加路蘭段,11660.00,非都市：風景區 ; 非都市編定：農牧用地
RPPNMLQLKHOFFAV07CA,加路蘭段,3160.00,非都市：風景區 ; 非都市編定：農牧用地
RPPNMLQLKHOFFAV07CA,加路蘭段,5320.00,非都市：風景區 ; 非都市編定：農牧用地
RPPNMLQLKHOFFAV07CA,加路蘭段,2649.00,非都市：風景區 ; 非都市編定：農牧用地
RPPNMLQLKHOFFAV07CA,加路蘭段,15500.00,非都市：風景區 ; 非都市編定：農牧用地
RPUNMLLLKHOFFAV07CA,利家段,389.00,非都市：特定農業區 ; 非都市編定：甲種建築用地
RPPNMLNLKHOFFDV07CA,新化段,390.00,非都市：鄉村區 ; 非都市編定：乙種建築用地
RPPNMLMLKHOFFCV96DA,大埔段,4283.96,都市：農
RPRNMLQLKHOFFCV57DA,鹿野段,1624.00,非都市：特定農業區 ; 非都市編定：農牧用地
RPPNMLTKKHOFFBV37CA,高原段,3321.00,非都市：森林區 ; 非都市編定：農牧用地
RPPNMLSJLHOFFBV27CA,新港段新港小段,4465.00,非都市：風景區 ; 非都市編定：農牧用地
RPPNMLMLKHOFFBV76CA,北都蘭段,830.14,非都市：風景區 ; 非都市編定：農牧用地
RPPNMLLLKHOFFBV66CA,南八里段,1836.32,非都市：風景區 ; 非都市編定：農牧用地
RPPNMLLLKHOFFBV66CA,南八里段,4859.00,非都市：風景區 ; 非都市編定：農牧用地
RPPNMLLLKHOFFBV66CA,南八里段,3016.07,非都市：風景區 ; 非都市編定：農牧用地
RPPNMLLLKHOFFBV66CA,南八里段,2601.30,非都市：風景區 ; 非都市編定：農牧用地
RPOOMLPLKHOFFAV07DA,班鳩段,136.59,非都市：特定農業區 ; 非都市編定：農牧用地
RPPNMLNLKHOFFBV86CA,高台段,3232.29,非都市：風景區 ; 非都市編定：農牧用地
RPQNMLMLKHOFFBV86CA,三仙段,.33,非都市：風景區 ; 非都市編定：農牧用地
RPQNMLMLKHOFFBV86CA,三仙段,17.13,非都市：風景區 ; 非都市編定：交通用地
RPQNMLMLKHOFFBV86CA,三仙段,1115.13,非都市：風景區 ; 非都市編定：農牧用地
RPQNMLMLKHOFFBV86CA,富民段,409.49,非都市：風景區 ; 非都市編定：農牧用地
RPQNMLMLKHOFFBV86CA,富民段,300.76,非都市：風景區 ; 非都市編定：農牧用地
RPQNMLMLKHOFFBV86CA,三仙段,4455.05,非都市：風景區 ; 非都市編定：農牧用地
RPQNMLMLKHOFFBV86CA,三仙段,217.75,非都市：風景區 ; 非都市編定：農牧用地
RPQNMLRLKHOFFBV37CA,北佳里段,667.49,非都市：風景區 ; 非都市編定：丙種建築用地
RPQNMLRLKHOFFAV27CA,東海段,117.30,都市：住
RPPNMLOKLHOFFBV07DA,南河段,115.45,都市：住
RPPNMLOKLHOFFBV07DA,南河段,19.34,都市：住
RPPNMLKLLHOFFBV66CA,黃金橋段,306.27,非都市：鄉村區 ; 非都市編定：乙種建築用地
RPPNMLKLLHOFFBV66CA,黃金橋段,247.59,非都市：鄉村區 ; 非都市編定：乙種建築用地
RPSNMLQLKHOFFCV67DA,鹿野段,1616.00,非都市：特定農業區 ; 非都市編定：農牧用地
RPSNMLQLKHOFFCV67DA,鹿野段,1618.00,非都市：特定農業區 ; 非都市編定：農牧用地
RPSNMLQLKHOFFCV67DA,鹿野段,1620.00,非都市：特定農業區 ; 非都市編定：農牧用地
RPSNMLQLKHOFFCV67DA,鹿野段,1620.00,非都市：特定農業區 ; 非都市編定：農牧用地
RPSNMLQLKHOFFCV67DA,鹿野段,1622.00,非都市：特定農業區 ; 非都市編定：農牧用地
RPWNMLLKLHOFFAV27CA,台東段,3.00,都市：住
RPWNMLLKLHOFFAV27CA,台東段,5.00,都市：住
RPWNMLPLKHOFFAV67CA,旭川段,122.49,非都市：鄉村區 ; 非都市編定：乙種建築用地
RPRNMLPLKHOFFAV17CA,自強段,131.18,都市：住
RPUNMLMLKHOFFAV17CA,自強段,92.00,都市：住
RPPNMLRLKHOFFDV47CA,台拉段,1142.66,非都市：山坡地保育區 ; 非都市編定：農牧用地
RPVNMLPLKHOFFAV57CA,台東段,86.00,都市：商
RPVNMLPLKHOFFAV57CA,台東段,4.00,都市：商
RPRNMLLKLHOFFDV07CA,荒野段,4571.54,非都市：一般農業區 ; 非都市編定：農牧用地
RPQOMLRLKHOFFAV37CA,台東段,21.53,都市：住
RPXNMLLKLHOFFAV37CA,台東段,73.00,都市：住
RPXNMLLKLHOFFAV37CA,台東段,51.00,都市：住
RPXNMLLKLHOFFAV37CA,台東段,38.00,都市：住
RPUNMLQLKHOFFAV57CA,東谷段,74.77,非都市：特定農業區 ; 非都市編定：甲種建築用地
RPXNMLPLKHOFFAV77CA,台東段,86.00,都市：商
RPXNMLPLKHOFFAV77CA,台東段,4.00,都市：商
RPTNMLPLKHOFFAV47DA,豐成段,807.04,非都市：特定農業區 ; 非都市編定：甲種建築用地
RPPOMLPLKHOFFAV07CA,台東段,175.00,都市：商
RPPNMLOLKHOFFDV17CA,壢坵段,8903.00,非都市：森林區 ; 非都市編定：林業用地
RPSOMLRLKHOFFAV57CA,石川段,3302.82,非都市：風景區 ; 非都市編定：農牧用地
RPSOMLRLKHOFFAV57CA,石川段,3302.82,非都市：風景區 ; 非都市編定：農牧用地
RPPNMLRLKHOFFAV17CA,東海段,25.08,都市：住
RPPNMLRLKHOFFAV17CA,東海段,1.62,都市：住
RPPOMLRLKHOFFAV27CA,新中寮段,155.87,都市：住
RPPOMLRLKHOFFAV27CA,新中寮段,63.18,都市：其他
RPVNMLLKLHOFFAV17CA,初鹿段,2545.00,非都市：特定農業區 ; 非都市編定：農牧用地
RPVNMLLKLHOFFAV17CA,初鹿段,581.00,非都市：特定農業區 ; 非都市編定：農牧用地
RPQNMLMKLHOFFCV96CA,廣原段,190.00,非都市： ; 非都市編定：
RPSNMLTKLHOFFCV87CA,鹿野段,693.00,都市：農
RPSNMLTKLHOFFCV87CA,鹿野段,254.00,都市：農
RPSNMLTKLHOFFCV87CA,中華段,581.08,都市：農
RPSNMLTKLHOFFCV87CA,中華段,82.04,都市：其他
RPSNMLTKLHOFFCV87CA,中華段,17.46,都市：住
RPSNMLTKLHOFFCV87CA,中華段,607.36,都市：住
RPQNMLTKLHOFFCV67CA,鹿野段,1058.00,都市：農
RPSNMLMKLHOFFCV17CA,廣原段,98.00,非都市： ; 非都市編定：
RPQNMLTKLHOFFCV67CA,鹿野段,974.00,都市：農
RPQNMLTKLHOFFCV67CA,鹿野段,1007.00,都市：農
RPQNMLTKLHOFFCV67CA,鹿野段,665.00,都市：農
RPRNMLMKLHOFFCV07CA,廣原段,299.00,非都市： ; 非都市編定：
RPPNMLLKLHOFFAV56CA,豐年段,73.02,都市：住
RPQNMLOJLHOFFAV86CA,台東段,37.62,都市：商
RPQNMLOJLHOFFAV86CA,台東段,.02,都市：商
RPRNMLOJLHOFFAV96CA,台東段,79.00,都市：住
RPSNMLRLKHOFFAV57DA,石壁段,103.00,都市：其他
RPPNMLTKLHOFFBV47CA,永福段,28.37,非都市：鄉村區 ; 非都市編定：乙種建築用地
RPPNMLQJLHOFFAV96CA,台東段,21.59,都市：住
RPTNMLQLKHOFFAV47CA,常德段,96.38,都市：住
RPTNMLQLKHOFFAV47CA,常德段,107.49,都市：住
RPTNMLQLKHOFFAV47CA,常德段,92.70,都市：住
RPTNMLQLKHOFFAV47CA,常德段,14.84,都市：住
RPTNMLQLKHOFFAV47CA,常德段,75.32,都市：住
RPTNMLQLKHOFFAV47CA,常德段,145.89,都市：住
RPRNMLSKLHOFFAV47CA,豐谷段,77.42,都市：住
RPQNMLQLKHOFFCV47DA,南山段,64.22,都市：住
RPRNMLQLKHOFFAV27CA,中正段,61.00,都市：住
RPSNMLQLKHOFFAV37CA,東谷段,151.03,都市：住
RPQNMLOJLHOFFCV17DA,大埔段,821.57,都市：農
RPWNMLRLKHOFFAV87CA,知本段,2552.00,非都市：特定農業區 ; 非都市編定：農牧用地
RPPNMLOJLHOFFAV76CA,利家段,3000.00,非都市：特定農業區 ; 非都市編定：農牧用地
RPRNMLRLKHOFFBV47CA,萬年段,34.00,非都市：鄉村區 ; 非都市編定：乙種建築用地
RPPNMLOJLHOFFBV86CA,三仙段,1103.38,都市：其他
RPPNMLOJLHOFFBV86CA,三仙段,2086.42,非都市：風景區 ; 非都市編定：農牧用地
RPRNMLPJLHOFFAV07CA,順天段,1389.54,都市：農
RPPNMLPJLHOFFAV86CA,永樂段,364.00,都市：住
RPPNMLPJLHOFFDV17CA,荒野段,7988.05,非都市：一般農業區 ; 非都市編定：農牧用地
RPPNMLPJLHOFFBV96CA,南佳里段,2111.57,非都市：風景區 ; 非都市編定：農牧用地
RPPNMLPJLHOFFBV96CA,南佳里段,2111.57,非都市：風景區 ; 非都市編定：農牧用地
RPPNMLRJLHOFFDV37CA,秀山段,11.54,都市：其他
RPPNMLRJLHOFFDV37CA,秀山段,.00,都市：其他
RPPNMLQJLHOFFCV17CA,水井段,784.61,非都市：鄉村區 ; 非都市編定：乙種建築用地
RPPNMLRLLHOFFBV37CA,南八里段,673.33,非都市：風景區 ; 非都市編定：農牧用地
RPTNMLLLLHOFFAV07CA,常德段,19.84,都市：住
RPSNMLPJLHOFFAV17CA,德安段,104.40,都市：住
RPPNMLNKLHOFFBV86CA,玉長段,241.18,非都市：鄉村區 ; 非都市編定：乙種建築用地
RPPNMLQJLHOFFBV07CA,忠智段,103.22,都市：住
RPTNMLPLLHOFFAV57DA,下賓朗段,317.35,非都市：鄉村區 ; 非都市編定：乙種建築用地
RPTNMLPLLHOFFAV57DA,下賓朗段,143.89,非都市：鄉村區 ; 非都市編定：乙種建築用地
RPPOMLKLLHOFFAV66CA,豐成段,87.34,非都市：特定農業區 ; 非都市編定：甲種建築用地
RPOOMLKLLHOFFAV56CA,台東段,159.00,都市：住
RPTNMLRJLHOFFAV47CA,興安段,505.66,都市：住
RPRNMLRJLHOFFAV27CA,新園段,123.00,非都市：特定農業區 ; 非都市編定：甲種建築用地
RPQNMLPJLHOFFAV96CA,利家段,89.00,非都市：特定農業區 ; 非都市編定：甲種建築用地
RPRNMLQJLHOFFAV17CA,中心段,6.00,都市：住
RPRNMLQJLHOFFAV17CA,中心段,258.00,都市：住
RPPNMLRJLHOFFAV07CA,馬蘭段,179.00,都市：住
RPROMLQLLHOFFAV57DA,永樂段,15.00,都市：住
RPTNMLQJLHOFFAV47DA,新生段,14.64,都市：住
RPSNMLRJLHOFFAV37CA,台東段,37.00,都市：住
RPQNMLMKLHOFFAV76CA,利家段,3419.00,非都市：特定農業區 ; 非都市編定：農牧用地
RPUNMLQJLHOFFAV47CA,中正段,14.00,都市：住
RPUNMLQJLHOFFAV47CA,中正段,107.00,都市：住
RPVNMLQJLHOFFAV57CA,馬蘭段,21.35,都市：住
RPQNMLRJLHOFFAV17CA,下賓朗段,8.05,非都市：鄉村區 ; 非都市編定：乙種建築用地
RPPNMLRJLHOFFBV27DA,和平南段,902.70,非都市：風景區 ; 非都市編定：農牧用地
RPPNMLRJLHOFFBV27DA,和平南段,1692.83,非都市：風景區 ; 非都市編定：農牧用地
RPPNMLRJLHOFFBV27DA,和平南段,1067.77,非都市：風景區 ; 非都市編定：農牧用地
RPUNMLRJLHOFFAV67DA,利家段,166.00,非都市：山坡地保育區 ; 非都市編定：丙種建築用地
RPWNMLRJLHOFFAV77CA,利家段,755.00,非都市：特定農業區 ; 非都市編定：農牧用地
RPVNMLRJLHOFFAV67CA,利家段,4715.00,非都市：山坡地保育區 ; 非都市編定：農牧用地
RPPNMLLKLHOFFBV66CA,高原段,3317.00,非都市：森林區 ; 非都市編定：農牧用地
RPROMLLLLHOFFAV96CA,台東段,92.00,都市：商
RPROMLLLLHOFFAV96CA,台東段,3.00,都市：其他
RPQNMLRJLHOFFCV37CA,豐泉段,210.80,都市：住
RPQNMLRJLHOFFCV37CA,豐泉段,19.81,都市：住
RPPNMLOLLHOFFBV07CA,黃金橋段,114.21,非都市：鄉村區 ; 非都市編定：乙種建築用地
RPQNMLQJLHOFFCV27CA,牧野段,2595.03,非都市：一般農業區 ; 非都市編定：農牧用地
RPPNMLTJLHOFFAV27CA,馬蘭段,76.00,都市：住
RPQNMLLKLHOFFAV66CA,東興段,231.46,非都市：鄉村區 ; 非都市編定：乙種建築用地
RPPNMLSJLHOFFAV17CA,豐年段,111.79,都市：住
RPPNMLSJLHOFFCV37CA,月野段,2710.00,非都市：特定農業區 ; 非都市編定：農牧用地
RPPNMLSJLHOFFCV37CA,月野段,280.00,非都市：特定農業區 ; 非都市編定：農牧用地
RPXNMLRJLHOFFAV87CA,台東段,48.26,都市：住
RPRNMLLKLHOFFAV76CA,永豐段,144.85,都市：住
RPRNMLRJLHOFFCV47CA,福原段,21.30,都市：商
RPQNMLSJLHOFFDV67DA,笆札筏段,40.11,非都市：鄉村區 ; 非都市編定：乙種建築用地
RPTNMLTKLHOFFCV08DA,鹿野段,1140.00,非都市：特定農業區 ; 非都市編定：農牧用地
RPQNMLMJMHOFFCV96CA,紅石段,25240.00,非都市：山坡地保育區 ; 非都市編定：林業用地
RPQNMLMJMHOFFCV96CA,紅石段,9140.00,非都市：山坡地保育區 ; 非都市編定：農牧用地
RPQNMLMJMHOFFCV96CA,紅石段,45620.00,非都市：山坡地保育區 ; 非都市編定：林業用地
RPQNMLMKLHOFFDV07CA,金灣段,1032.00,非都市：山坡地保育區 ; 非都市編定：農牧用地
RPPNMLLKLHOFFDV96DA,嘉新段,3393.84,非都市：山坡地保育區 ; 非都市編定：農牧用地
RPPNMLMKLHOFFCV86CA,溪埔段,160.70,非都市：特定農業區 ; 非都市編定：甲種建築用地
RPPNMLOKLHOFFDV27DA,台段,10010.00,非都市：山坡地保育區 ; 非都市編定：農牧用地
RPPNMLOKLHOFFDV27DA,台段,6440.00,非都市：山坡地保育區 ; 非都市編定：農牧用地
RPQNMLOKLHOFFDV37DA,北溪段,122.62,都市：商
RPPNMLMKLHOFFDV96CA,秀山段,8.08,都市：其他
RPTNMLSKLHOFFAV67CA,興安段,94.40,都市：住
RPPNMLMKLHOFFDV96CA,秀山段,.00,都市：其他
RPPNMLKLLHOFFAV66DA,豐榮段,278.06,都市：住
RPPNMLKLLHOFFAV66DA,豐榮段,2.32,都市：住
RPPNMLSLLHOFFDV67CA,秀山段,8.08,都市：其他
RPPNMLSLLHOFFDV67CA,秀山段,.00,都市：其他
RPVNMLKLLHOFFAV17CA,常德段,127.52,都市：住
RPSNMLKLLHOFFAV86CA,東海段,112.69,都市：住
RPPNMLNKLHOFFAV76CA,豐榮段,91.00,都市：住
RPPNMLMKLHOFFAV66CA,建國段,25.38,都市：住
RPPNMLMKLHOFFAV66CA,建國段,114.00,都市：住
RPRNMLMKLHOFFAV86CA,南榮段,801.41,都市：其他
RPPNMLOKLHOFFAV86CA,豐康段,479.44,都市：農
RPWNMLLLLHOFFAV37CA,豐里段,2620.53,非都市：特定農業區 ; 非都市編定：農牧用地
RPSNMLOKLHOFFAV17CA,下賓朗段,156.13,非都市：鄉村區 ; 非都市編定：乙種建築用地
RPVNMLOKLHOFFAV47CA,初鹿段,4364.00,非都市：特定農業區 ; 非都市編定：農牧用地
RPSNMLMKLHOFFAV96CA,建業段,69.00,都市：住
RPSNMLMKLHOFFAV96CA,建業段,46.47,都市：住
RPSNMLMKLHOFFAV96CA,建業段,1.41,都市：住
RPUNMLOKLHOFFAV37CA,初鹿段,4166.00,非都市：特定農業區 ; 非都市編定：農牧用地
RPTNMLOKLHOFFAV37DA,豐利段,107.26,都市：住
RPRNMLOKLHOFFAV07CA,利家段,112.67,非都市：鄉村區 ; 非都市編定：乙種建築用地
RPRNMLOKLHOFFAV07CA,利家段,19.75,非都市：鄉村區 ; 非都市編定：乙種建築用地
RPRNMLSLLHOFFAV57CA,豐谷段,55.12,都市：住
RPRNMLSLLHOFFAV57CA,豐谷段,55.12,都市：住
RPPNMLRKLHOFFCV37CA,月野段,2691.00,非都市：特定農業區 ; 非都市編定：農牧用地
RPPNMLRKLHOFFCV37CA,月野段,1266.00,非都市：特定農業區 ; 非都市編定：農牧用地
RPPNMLRKLHOFFCV37CA,月野段,1266.00,非都市：特定農業區 ; 非都市編定：農牧用地
RPPNMLRKLHOFFCV37CA,月野段,1520.00,非都市：特定農業區 ; 非都市編定：農牧用地
RPQNMLPKLHOFFBV17CA,忠智段,123.43,都市：其他
RPRNMLKLLHOFFDV07CA,荒野段,4952.80,非都市：一般農業區 ; 非都市編定：農牧用地
RPRNMLKLLHOFFDV07CA,荒野段,1377.78,非都市：一般農業區 ; 非都市編定：農牧用地
RPRNMLKLLHOFFDV07CA,荒野段,2143.34,非都市：一般農業區 ; 非都市編定：農牧用地
RPRNMLKLLHOFFDV07CA,荒野段,874.14,非都市：一般農業區 ; 非都市編定：農牧用地
RPRNMLKLLHOFFDV07CA,荒野段,287.59,非都市：一般農業區 ; 非都市編定：農牧用地
RPRNMLKLLHOFFDV07CA,荒野段,1375.01,非都市：一般農業區 ; 非都市編定：農牧用地
RPPNMLTKLHOFFCV57CA,中和段,1611.94,非都市：一般農業區 ; 非都市編定：農牧用地
RPRNMLPKLHOFFBV27CA,忠智段,17.33,都市：住
RPTNMLKLLHOFFAV96CA,台東段,57.00,都市：住
RPTNMLKLLHOFFAV96CA,台東段,7.00,都市：住
RPPNMLLLLHOFFAV66CA,豐源段,3955.47,非都市：特定農業區 ; 非都市編定：農牧用地
RPPNMLPKLHOFFDV27CA,秀山段,12.70,都市：其他
RPPNMLPKLHOFFDV27CA,秀山段,.00,都市：其他
RPPNMLNKLHOFFDV17DA,秀山段,8.52,都市：住
RPXNMLOKLHOFFAV67CA,豐工段,1043.67,都市：工
RPOOMLOKLHOFFAV86CA,台東段,68.00,都市：住
RPXNMLQLLHOFFAV97CA,台東段,140.00,都市：住
RPQNMLKLLHOFFAV66CA,公東段,418.67,都市：住
RPQNMLKLLHOFFAV66CA,公東段,17.55,都市：其他
RPPNMLPKLHOFFAV96CA,豐川段,1121.51,非都市：特定農業區 ; 非都市編定：農牧用地
RPQNMLRLLHOFFAV37CA,南王段,.13,都市：住
RPPNMLRLLHOFFAV27CA,南王段,.32,都市：住
RPPNMLSKLHOFFAV27CA,台東段,79.00,都市：住
RPPNMLSKLHOFFAV27CA,台東段,29.00,都市：住
RPRNMLRLLHOFFAV47CA,南王段,.66,都市：住
RPRNMLPKLHOFFAV17CA,岩灣段,114.32,都市：住
RPSNMLPKLHOFFAV27CA,常德段,21.20,都市：住
RPRNMLPLLHOFFAV27CA,利家段,75.00,非都市：鄉村區 ; 非都市編定：乙種建築用地
RPTNMLPKLHOFFAV37CA,光明段,145.00,都市：住
RPWNMLPLLHOFFAV77CA,豐谷段,88.00,都市：住
RPRNMLKLLHOFFAV76CA,自強段,114.00,都市：住
RPQNMLSKLHOFFAV37CA,利卡夢段,799.94,非都市：鄉村區 ; 非都市編定：乙種建築用地
RPQNMLSKLHOFFAV37CA,利卡夢段,68.88,非都市：鄉村區 ; 非都市編定：乙種建築用地
RPQNMLSKLHOFFAV37CA,利卡夢段,220.15,非都市：鄉村區 ; 非都市編定：乙種建築用地
RPQNMLSKLHOFFAV37CA,利卡夢段,176.27,非都市：鄉村區 ; 非都市編定：乙種建築用地
RPPNMLMLLHOFFBV86CA,小湊段美山小段,1080.00,非都市：風景區 ; 非都市編定：農牧用地
RPPNMLMLLHOFFBV86CA,小湊段美山小段,560.00,非都市：風景區 ; 非都市編定：農牧用地
RPPNMLMLLHOFFBV86CA,小湊段美山小段,3500.00,非都市：風景區 ; 非都市編定：農牧用地
RPPNMLMLLHOFFBV86CA,小湊段美山小段,810.00,非都市：風景區 ; 非都市編定：農牧用地
RPPNMLMLLHOFFBV86CA,小湊段美山小段,3990.00,非都市：風景區 ; 非都市編定：農牧用地
RPQNMLSLLHOFFDV77CA,德其段,7.25,都市：住
RPQNMLSLLHOFFDV77CA,德其段,329.14,都市：住
RPWNMLQLLHOFFAV97DA,台東段,17.00,都市：住
RPQNMLPKLHOFFDV37CA,秀山段,8.08,都市：其他
RPQNMLPKLHOFFDV37CA,秀山段,.00,都市：其他
RPRNMLTKLHOFFCV77CA,中華東段,3241.00,非都市：特定農業區 ; 非都市編定：農牧用地
RPRNMLTKLHOFFCV77CA,中華東段,3241.00,非都市：特定農業區 ; 非都市編定：農牧用地
RPPNMLLLLHOFFDV96CA,秀山段,17.31,都市：其他
RPPNMLLLLHOFFDV96CA,秀山段,.00,都市：其他
RPPNMLTLLHOFFAV47CA,豐里段,1710.42,非都市：特定農業區 ; 非都市編定：農牧用地
RPRNMLSKLHOFFDV77CA,蘭里段,68.70,非都市：鄉村區 ; 非都市編定：乙種建築用地
RPPNMLTLLHOFFCV67CA,源隆段,703.91,非都市：特定農業區 ; 非都市編定：農牧用地
RPPNMLTLLHOFFCV67CA,源隆段,190.45,非都市：特定農業區 ; 非都市編定：甲種建築用地
RPTOMLLLLHOFFAV17CA,常德段,1563.75,都市：商
RPUNMLKLLHOFFAV07CA,台東段,12.64,都市：住
RPUOMLKLLHOFFAV17CA,公東段,359.92,都市：住
RPPOMLLLLHOFFAV76CA,利家段,1096.00,非都市：特定農業區 ; 非都市編定：農牧用地
RPRNMLLLLHOFFAV86CA,台東段,140.00,都市：住
RPSOMLLLLHOFFAV07CA,豐榮段,68.00,都市：住
RPSNMLLLLHOFFCV17CA,德高段,699.56,非都市：鄉村區 ; 非都市編定：乙種建築用地
RPQNMLTLLHOFFCV77CA,水井段,426.22,非都市：鄉村區 ; 非都市編定：乙種建築用地
RPQNMLTLLHOFFCV77CA,水井段,57.93,非都市：鄉村區 ; 非都市編定：乙種建築用地
RPQNMLTLLHOFFCV77CA,水井段,49.84,非都市：鄉村區 ; 非都市編定：乙種建築用地
RPQOMLLLLHOFFAV86CA,台東段,131.00,都市：住
RPRNMLTLLHOFFCV87CA,大同段,132.65,都市：住
RPPNMLKKMHOFFCV76CA,月野段,42.00,非都市：鄉村區 ; 非都市編定：乙種建築用地
RPPNMLKKMHOFFCV76CA,月野段,476.00,非都市：鄉村區 ; 非都市編定：乙種建築用地
RPPNMLLLLHOFFCV86CA,慶福段,118.39,都市：住
RPSNMLQLLHOFFAV47CA,中正段,779.00,都市：住
RPQNMLTKLHOFFAV47CA,豐利段,32.69,都市：住
RPQNMLTKLHOFFAV47CA,豐利段,14.87,都市：住
RPQNMLMLLHOFFAV86CA,北南王段,2520.63,都市：農
RPOOMLQLLHOFFAV17CA,台東段,29.00,都市：商
RPTNMLMLLHOFFAV17CA,台東段,92.00,都市：住
RPTNMLMLLHOFFAV17CA,台東段,425.00,都市：住
RPTNMLMLLHOFFAV17CA,台東段,867.00,都市：住
RPTNMLMLLHOFFAV17CA,台東段,32.00,都市：住
RPTNMLMLLHOFFAV17CA,台東段,97.00,都市：住
RPTNMLMLLHOFFAV17CA,台東段,31.00,都市：其他
RPSNMLLLLHOFFAV96CA,利家段,17.00,非都市：特定農業區 ; 非都市編定：甲種建築用地
RPSNMLLLLHOFFAV96CA,利家段,890.00,非都市：特定農業區 ; 非都市編定：甲種建築用地
RPPNMLMLLHOFFAV86DA,台東段,148.00,都市：商
RPQNMLLLLHOFFAV76CA,石川段,22.25,非都市：風景區 ; 非都市編定：丙種建築用地
RPQNMLLLLHOFFAV76CA,石川段,83.92,非都市：風景區 ; 非都市編定：丙種建築用地
RPPNMLTKLHOFFAV37CA,台東段,162.00,都市：商
RPPNMLTKLHOFFAV37CA,台東段,4.00,都市：商
RPPNMLTKLHOFFAV37CA,台東段,44.00,都市：商
RPPNMLTKLHOFFAV37CA,台東段,163.00,都市：商
RPPNMLQLLHOFFCV37CA,北庄段,3242.00,非都市：一般農業區 ; 非都市編定：農牧用地
RPRNMLQLLHOFFAV37CA,豐年段,18.50,都市：住
RPQNMLQLLHOFFCV47CA,北庄段,3000.00,非都市：一般農業區 ; 非都市編定：農牧用地
RPQNMLQLLHOFFCV47CA,北庄段,3000.00,非都市：一般農業區 ; 非都市編定：農牧用地
RPPNMLQLLHOFFAV17CA,台東段,61.00,都市：住
RPPNMLPLLHOFFCV27CA,慶豐段,8092.56,非都市：特定農業區 ; 非都市編定：農牧用地
RPSNMLPLLHOFFAV37CA,上南寮段,156.63,都市：其他
RPSNMLPLLHOFFAV37CA,上南寮段,9.74,都市：住
RPSNMLPLLHOFFAV37CA,上南寮段,605.33,都市：住
RPPNMLTJMHOFFCV57CA,鹿寮段,297.15,非都市：鄉村區 ; 非都市編定：乙種建築用地
RPPNMLTJMHOFFCV57CA,鹿寮段,76.10,非都市：鄉村區 ; 非都市編定：交通用地
RPQNMLRLLHOFFDV67CA,秀山段,10.39,都市：其他
RPQNMLRLLHOFFDV67CA,秀山段,.00,都市：其他
RPPNMLSLLHOFFBV47CA,北都蘭段,40.28,非都市：風景區 ; 非都市編定：交通用地
RPPNMLSLLHOFFBV47CA,北都蘭段,40.28,非都市：風景區 ; 非都市編定：交通用地
RPPNMLSLLHOFFBV47CA,北都蘭段,40.28,非都市：風景區 ; 非都市編定：交通用地
RPPNMLSLLHOFFBV47CA,北都蘭段,40.28,非都市：風景區 ; 非都市編定：交通用地
RPPNMLSLLHOFFBV47CA,北都蘭段,40.28,非都市：風景區 ; 非都市編定：交通用地
RPSNMLMLLHOFFAV07CA,梧州段,325.99,都市：住
RPQNMLQLLHOFFDV57CA,復興段,73.79,都市：住
RPRNMLQLLHOFFDV67CA,復興段,70.12,都市：住
RPPNMLMJMHOFFDV96CA,德其段,34.32,都市：住
RPPNMLRLLHOFFDV57CA,秀山段,10.39,都市：其他
RPPNMLRLLHOFFDV57CA,秀山段,.00,都市：其他
RPPNMLQLLHOFFBV27CA,玉港段,2210.06,非都市：風景區 ; 非都市編定：農牧用地
RPPNMLLJMHOFFDV96DA,安朔段,7675.00,非都市：山坡地保育區 ; 非都市編定：農牧用地
RPSNMLRLLHOFFAV57CA,常德段,120.06,都市：住
RPSNMLRLLHOFFAV57CA,常德段,188.78,都市：住
RPSNMLRLLHOFFAV57CA,常德段,196.85,都市：住
RPSNMLRLLHOFFAV57CA,常德段,101.99,都市：住
RPTNMLRLLHOFFAV67CA,中正段,170.00,都市：住
RPVNMLPLLHOFFAV67CA,常德段,12.91,都市：住
RPRNMLSLLHOFFDV87CA,秀山段,8.36,都市：住
RPPNMLRLLHOFFCV47CA,豐泉段,184.53,都市：住
RPPNMLSLLHOFFAV37CA,知本段,1250.00,非都市：特定農業區 ; 非都市編定：農牧用地
RPUNMLRLLHOFFAV77CA,中正段,37.00,都市：住
RPVNMLRLLHOFFAV87CA,利家段,2552.00,非都市：特定農業區 ; 非都市編定：農牧用地
RPOOMLRLLHOFFAV27CA,利家段,1884.00,非都市：特定農業區 ; 非都市編定：農牧用地
RPSNMLSLLHOFFAV67CA,南榮段,2487.46,都市：農
RPTNMLSLLHOFFAV77CA,永樂段,883.00,都市：農
RPQNMLSLLHOFFAV47CA,射馬干段,1435.41,非都市：特定農業區 ; 非都市編定：農牧用地
RPPOMLRLLHOFFAV37CA,馬蘭段,76.00,都市：住
RPPNMLQKMHOFFBV27CA,南河段,136.21,都市：住
RPPNMLQKMHOFFBV27CA,南河段,88.38,都市：住
RPPNMLQKMHOFFBV27CA,南河段,121.25,都市：住
RPPNMLQKMHOFFBV27CA,南河段,124.07,都市：住
RPSNMLTLLHOFFCV97CA,里段,159.62,都市：住
RPUNMLSLLHOFFAV87CA,永樂段,882.00,都市：農
RPTNMLLJMHOFFAV96CA,岩灣段,115.78,都市：住
RPWNMLRLLHOFFAV97CA,北南王段,62.98,都市：住
RPPNMLLKMHOFFCV86CA,新福段,191.71,非都市：鄉村區 ; 非都市編定：乙種建築用地
RPQNMLLKMHOFFCV96CA,里段,366.35,都市：住
RPTNMLKKMHOFFAV96CA,南王段,115.29,都市：其他
RPTNMLKKMHOFFAV96CA,南王段,18.65,都市：其他
RPRNMLMLMHOFFAV07CA,豐樂段,1200.00,非都市：特定農業區 ; 非都市編定：農牧用地
RPRNMLMLMHOFFAV07CA,豐樂段,1200.00,非都市：特定農業區 ; 非都市編定：農牧用地
RPRNMLMLMHOFFAV07CA,豐樂段,1456.00,非都市：特定農業區 ; 非都市編定：農牧用地
RPQNMLKKMHOFFCV86CA,大同段,289.53,都市：住
RPQNMLKKMHOFFCV86CA,大同段,32.74,都市：住
RPQNMLTLLHOFFBV67CA,大霸來段,9550.72,非都市：風景區 ; 非都市編定：農牧用地
RPVNMLLJNHOFFAV27CA,湧泉段,262.33,都市：其他
RPVNMLLJNHOFFAV27CA,湧泉段,262.33,都市：其他
RPSNMLSLLHOFFDV08DA,土段,10315.00,非都市：山坡地保育區 ; 非都市編定：林業用地
RPPNMLLJMHOFFAV66DA,鎮樂段,3178.67,非都市：山坡地保育區 ; 非都市編定：農牧用地
RPQNMLTLLHOFFAV57CA,常德段,49.65,都市：其他
RPQNMLTLLHOFFAV57CA,常德段,69.49,都市：住
RPTNMLMJMHOFFAV07CA,知本段,150.00,非都市：特定農業區 ; 非都市編定：甲種建築用地
RPSNMLLJMHOFFAV86CA,利家段,136.00,非都市：山坡地保育區 ; 非都市編定：丙種建築用地
RPSNMLLJMHOFFAV86CA,利家段,286.00,非都市：山坡地保育區 ; 非都市編定：農牧用地
RPSNMLMLMHOFFAV27DA,豐年段,19.00,都市：住
RPRNMLTLLHOFFAV67CA,豐里段,81.12,非都市：鄉村區 ; 非都市編定：乙種建築用地
RPRNMLTLLHOFFAV67CA,豐里段,81.12,非都市：鄉村區 ; 非都市編定：乙種建築用地
RPUNMLLJMHOFFAV07CA,台東段,127.00,都市：住
RPRNMLLJMHOFFAV76CA,建興段,103.00,都市：住
RPPNMLLJMHOFFBV66CA,忠智段,241.63,都市：住
RPPNMLMJMHOFFCV86CA,慶福段,70.77,都市：住
RPPNMLMJMHOFFCV86CA,慶福段,1.34,都市：住
RPPNMLNJMHOFFCV96CA,德高段,295.67,非都市：特定農業區 ; 非都市編定：農牧用地
RPPNMLNJMHOFFCV96CA,德高段,49.77,非都市：特定農業區 ; 非都市編定：農牧用地
RPPNMLNJMHOFFCV96CA,德高段,171.27,非都市：特定農業區 ; 非都市編定：農牧用地
RPRNMLLJMHOFFBV86CA,小馬東段,238.31,非都市：風景區 ; 非都市編定：丙種建築用地
RPSNMLTLLHOFFAV77CA,台東段,144.50,都市：住
RPSNMLTLLHOFFAV77CA,台東段,144.50,都市：住
RPXNMLTLMHOFFAV38CA,常德段,101.04,都市：商
RPVNMLTLMHOFFAV18CA,常德段,103.91,都市：商
RPPNMLMKMHOFFAV76CA,台東段,4.00,都市：住
RPPNMLMKMHOFFAV76CA,台東段,60.00,都市：住
RPPNMLTJMHOFFAV37CA,豐谷段,88.00,都市：住
RPWNMLTLMHOFFAV28CA,常德段,101.06,都市：商
RPUNMLTLMHOFFAV08CA,常德段,101.05,都市：商
RPRNMLMJMHOFFAV86CA,岩灣段,120.06,都市：住
RPSNMLMJMHOFFAV96CA,常德段,11.03,都市：住
RPRNMLKKMHOFFAV76CA,中心段,104.00,都市：住
RPPNMLMJMHOFFAV66CA,東谷段,139.90,都市：住
RPQNMLLJMHOFFAV66CA,新生段,122.00,都市：住
RPQNMLMJMHOFFAV86DA,南清段,139.95,都市：住
RPQNMLTJMHOFFAV47CA,豐年段,5.00,都市：住
RPQNMLSJMHOFFCV67DA,新福段,63.03,非都市：一般農業區 ; 非都市編定：農牧用地
RPRNMLTJMHOFFCV87DA,新源段,5752.90,非都市：一般農業區 ; 非都市編定：農牧用地
RPQNMLNJMHOFFCV17DA,南山段,73.10,都市：住
RPPNMLSJMHOFFCV47CA,月野段,903.00,非都市：特定農業區 ; 非都市編定：農牧用地
RPPNMLSJMHOFFCV47CA,月野段,1149.00,非都市：特定農業區 ; 非都市編定：農牧用地
RPPNMLSJMHOFFCV47CA,月野段,1379.00,非都市：特定農業區 ; 非都市編定：農牧用地
RPPNMLSJMHOFFCV47CA,月野段,1322.00,非都市：特定農業區 ; 非都市編定：農牧用地
RPQNMLMLMHOFFAV07DA,永和段,256.79,都市：住
RPQNMLMLMHOFFAV07DA,永和段,65.15,都市：住
RPPNMLKMMHOFFCV96CA,錦富段,2060.42,非都市：特定農業區 ; 非都市編定：農牧用地
RPPNMLKMMHOFFCV96CA,錦富段,1942.94,非都市：特定農業區 ; 非都市編定：農牧用地
RPPNMLKMMHOFFCV96CA,錦富段,52.24,非都市：特定農業區 ; 非都市編定：水利用地
RPQNMLSJMHOFFAV37CA,台東段,119.00,都市：住
RPRNMLSJMHOFFAV47CA,豐工段,151.45,都市：工
RPPNMLSJMHOFFAV27CA,豐年段,140.82,都市：住
RPWNMLKKMHOFFAV37DA,利卡夢段,935.98,非都市：鄉村區 ; 非都市編定：乙種建築用地
RPQNMLQLMHOFFCV57CA,中福段,215.75,都市：住
RPQNMLQLMHOFFCV57CA,中福段,23.03,都市：住
RPQNMLMLMHOFFDV37DA,秀山段,475.00,都市：其他
RPRNMLMLMHOFFDV47DA,秀山段,217.02,都市：其他
RPTNMLSJMHOFFAV67CA,路頂段,72.07,非都市：特定農業區 ; 非都市編定：甲種建築用地
RPUNMLSJMHOFFAV77CA,路頂段,71.08,非都市：特定農業區 ; 非都市編定：甲種建築用地
RPSNMLSJMHOFFAV57CA,公東段,396.53,都市：住
RPPNMLNJMHOFFAV76CA,知本段,2992.00,非都市：特定農業區 ; 非都市編定：農牧用地
RPUNMLTJMHOFFAV87CA,中清段,1125.24,都市：住
RPUNMLTJMHOFFAV87CA,中清段,16.90,都市：其他
RPUNMLTJMHOFFAV87CA,中清段,158.88,都市：其他
RPUNMLTJMHOFFAV87CA,中清段,5.85,都市：其他
RPUNMLTJMHOFFAV87CA,中清段,37.84,都市：住
RPSNMLTJMHOFFAV67CA,豐谷段,114.00,都市：住
RPTNMLTJMHOFFAV77CA,豐年段,191.91,都市：住
RPTNMLTJMHOFFAV77CA,豐年段,73.39,都市：其他
RPTNMLTJMHOFFAV77CA,豐年段,9.83,都市：其他
RPTNMLTJMHOFFAV77CA,豐年段,60.31,都市：住
RPTNMLTJMHOFFAV77CA,豐年段,34.03,都市：住
RPTNMLTJMHOFFAV77CA,豐年段,156.42,都市：其他
RPRNMLKKMHOFFCV96CA,中福段,38.08,都市：商
RPRNMLKKMHOFFCV96CA,中福段,8.57,都市：商
RPQNMLNJMHOFFAV86CA,新生段,97.00,都市：住
RPPNMLMKMHOFFDV17DA,嘉蘭段,1694.00,非都市：山坡地保育區 ; 非都市編定：林業用地
RPPNMLPLMHOFFAV27DA,永清段,3.98,都市：其他
RPPNMLPLMHOFFAV27DA,永清段,3.02,都市：其他
RPPNMLPLMHOFFAV27DA,永清段,13.76,都市：其他
RPPNMLPLMHOFFAV27DA,永清段,3.83,都市：其他
RPPNMLPLMHOFFAV27DA,永清段,6.31,都市：其他
RPUNMLKKMHOFFAV07CA,台東段,106.00,都市：住
RPPNMLLKMHOFFAV66CA,馬蘭段,129.00,都市：商
RPWNMLTJMHOFFAV08CA,上岩灣段,2096.17,非都市：特定農業區 ; 非都市編定：農牧用地
RPWNMLTJMHOFFAV08CA,上岩灣段,1976.95,非都市：特定農業區 ; 非都市編定：農牧用地
RPVNMLKKMHOFFAV17CA,台東段,95.00,都市：住
RPPNMLKKMHOFFAV56CA,興安段,139.81,都市：住
RPPNMLKKMHOFFAV56CA,興安段,139.81,都市：住
RPSNMLMKMHOFFAV07CA,豐谷段,91.00,都市：住
RPPNMLNKMHOFFAV96DA,台東段,5.31,都市：住
RPQOMLTLMHOFFAV77CA,台東段,5897.00,都市：農
RPRNMLNKMHOFFAV17DA,台東段,3.64,都市：住
RPSNMLNKMHOFFAV27DA,台東段,5.31,都市：住
RPTNMLNKMHOFFAV37DA,台東段,3.87,都市：住
RPWNMLOLMHOFFAV77CA,班鳩段,8.64,非都市：山坡地保育區 ; 非都市編定：交通用地
RPWNMLOLMHOFFAV77CA,班鳩段,1003.05,非都市：山坡地保育區 ; 非都市編定：丙種建築用地
RPPOMLKKMHOFFAV66CA,泰安段,75.06,非都市：鄉村區 ; 非都市編定：乙種建築用地
RPQNMLRKMHOFFAV37CA,下南寮段,203.18,都市：農
RPRNMLRKMHOFFAV47CA,下南寮段,136.58,都市：農
RPRNMLMKMHOFFAV96CA,利家段,2513.00,非都市：特定農業區 ; 非都市編定：農牧用地
RPXNMLKKMHOFFAV37CA,台東段,82.00,都市：住
RPSOMLTLMHOFFAV97CA,利家段,96.00,非都市：特定農業區 ; 非都市編定：甲種建築用地
RPXOMLQKMHOFFAV08CA,普優瑪段,61.12,都市：農
RPXOMLQKMHOFFAV08CA,普優瑪段,61.12,都市：農
RPXOMLQKMHOFFAV08CA,普優瑪段,74.22,都市：農
RPXOMLQKMHOFFAV08CA,普優瑪段,74.22,都市：農
RPPNMLMKMHOFFCV96CA,大原段,1906.00,非都市：特定農業區 ; 非都市編定：農牧用地
RPPNMLMKMHOFFCV96CA,大原段,133.00,非都市：特定農業區 ; 非都市編定：甲種建築用地
RPPNMLQKMHOFFAV27DA,利家段,112.67,非都市：鄉村區 ; 非都市編定：乙種建築用地
RPPNMLQKMHOFFAV27DA,利家段,19.75,非都市：鄉村區 ; 非都市編定：乙種建築用地
RPPNMLPKMHOFFCV37DA,鸞山段,120.00,非都市：山坡地保育區 ; 非都市編定：丙種建築用地
RPPNMLPKMHOFFCV37DA,鸞山段,1980.00,非都市：山坡地保育區 ; 非都市編定：農牧用地
RPSNMLRKMHOFFAV57CA,興安段,133.05,都市：住
RPQNMLNKMHOFFAV07DA,台東段,3.29,都市：住
RPPNMLPKMHOFFDV47DA,秀山段,10.39,都市：商
RPPNMLPKMHOFFDV47DA,秀山段,.00,都市：其他
RPPNMLLKMHOFFBV76CA,高原段,1814.00,非都市：風景區 ; 非都市編定：農牧用地
RPQNMLLKMHOFFAV76CA,豐工段,1500.03,都市：工
RPQNMLMJNHOFFCV07CA,豐泉段,162.35,都市：住
RPRNMLLKMHOFFAV86CA,北南王段,430.32,都市：住
RPPNMLRKMHOFFDV57CA,蘭里段,221.15,非都市：鄉村區 ; 非都市編定：乙種建築用地
RPTOMLTLMHOFFAV08CA,東海段,145.90,都市：住
RPPNMLQKMHOFFDV47CA,泰王段,12.03,都市：其他
RPPNMLQKMHOFFDV47CA,泰王段,77.84,都市：商
RPUOMLTLMHOFFAV18CA,豐榮段,37.00,都市：住
RPUOMLTLMHOFFAV18CA,豐榮段,34.00,都市：住
RPSNMLQKMHOFFAV57DA,利家段,180.00,非都市：山坡地保育區 ; 非都市編定：丙種建築用地
RPWOMLQKMHOFFAV97CA,普優瑪段,127.13,都市：農
RPWOMLQKMHOFFAV97CA,普優瑪段,161.75,都市：農
RPPNMLRKMHOFFAV27CA,建華段,20.80,都市：住
RPPNMLRKMHOFFAV27CA,建華段,7.09,都市：其他
RPUOMLQKMHOFFAV77CA,普優瑪段,134.10,都市：農
RPUOMLQKMHOFFAV77CA,普優瑪段,155.43,都市：農
RPOPMLQKMHOFFAV27CA,常德段,12.85,都市：商
RPVOMLQKMHOFFAV87CA,普優瑪段,142.95,都市：農
RPVOMLQKMHOFFAV87CA,普優瑪段,128.76,都市：農
RPUNMLNLMHOFFAV47CA,中山段,130.00,都市：住
RPPNMLPKMHOFFBV17CA,忠仁段,132.02,都市：住
RPRNMLSKMHOFFAV57CA,下賓朗段,196.28,非都市：鄉村區 ; 非都市編定：乙種建築用地
RPQNMLRKMHOFFBV47CA,萬年段,979.00,非都市：鄉村區 ; 非都市編定：乙種建築用地
RPTNMLQKMHOFFAV57CA,永樂段,3.00,都市：住
RPOOMLQKMHOFFAV17CA,豐成段,284.14,非都市：特定農業區 ; 非都市編定：農牧用地
RPQNMLOLMHOFFAV17CA,南王段,597.98,都市：住
RPRNMLOLMHOFFAV27CA,南王段,22.47,都市：其他
RPRNMLOLMHOFFAV27CA,南王段,262.46,都市：住
RPRNMLOLMHOFFAV27CA,南王段,5.68,都市：住
RPRNMLOLMHOFFAV27CA,南王段,50.86,都市：其他
RPRNMLLJNHOFFAV86CA,台東段,7.00,都市：住
RPRNMLLJNHOFFAV86CA,台東段,82.00,都市：住
RPRNMLQKMHOFFAV37CA,中心段,118.00,都市：住
RPQNMLQKMHOFFAV27CA,東海段,281.38,都市：住
RPSNMLOLMHOFFAV37CA,南王段,397.13,都市：住
RPPNMLPKMHOFFAV07CA,豐航段,73.77,都市：住
RPPNMLSJNHOFFAV37CA,豐田段,138.80,都市：住
RPUNMLSKMHOFFAV97DA,永清段,255.91,都市：農
RPQNMLKMMHOFFCV07CA,霧鹿段,887.00,非都市：森林區 ; 非都市編定：農牧用地
RPQNMLKMMHOFFCV07CA,霧鹿段,503.00,非都市：鄉村區 ; 非都市編定：乙種建築用地
RPPNMLSKMHOFFDV67CA,荒野段,3994.02,非都市：一般農業區 ; 非都市編定：農牧用地
RPTNMLOLMHOFFAV47CA,南王段,176.87,都市：住
RPSNMLPKMHOFFAV37CA,台東段,114.00,都市：住
RPPNMLKKNHOFFBV76CA,萬年段,77.00,非都市：鄉村區 ; 非都市編定：乙種建築用地
RPSNMLSKMHOFFAV67CA,公東段,112.67,都市：住
RPROMLTLMHOFFAV87CA,知本段,1817.00,非都市：特定農業區 ; 非都市編定：農牧用地
RPQNMLTLMHOFFBV77CA,萬年段,135.00,非都市：鄉村區 ; 非都市編定：乙種建築用地
RPQNMLLJNHOFFAV76CA,台東段,311.00,都市：住
RPPNMLTKMHOFFAV47CA,下南寮段,234.19,都市：其他
RPPNMLTKMHOFFAV47CA,下南寮段,12.42,都市：其他
RPPNMLTKMHOFFAV47CA,下南寮段,238.89,都市：其他
RPPNMLTKMHOFFAV47CA,下南寮段,20.61,都市：其他
RPRNMLTKMHOFFAV67CA,德安段,68.65,都市：其他
RPRNMLTKMHOFFAV67CA,德安段,.27,都市：其他
RPRNMLTKMHOFFAV67CA,德安段,.04,都市：住
RPQNMLSKMHOFFAV47CA,台東段,31.00,都市：住
RPQNMLSKMHOFFAV47CA,台東段,10.50,都市：住
RPQNMLSKMHOFFAV47CA,台東段,6.50,都市：住
RPQNMLQJNHOFFCV47CA,鹿寮段,2818.75,非都市：山坡地保育區 ; 非都市編定：農牧用地
RPTNMLSKMHOFFAV77CA,台東段,16.00,都市：商
RPTNMLSKMHOFFAV77CA,台東段,16.00,都市：商
RPPNMLTKMHOFFCV77DA,水井段,304.90,非都市：鄉村區 ; 非都市編定：乙種建築用地
RPVNMLSKMHOFFAV97CA,豐年段,5.50,都市：住
RPPNMLLJNHOFFAV66CA,台東段,693.00,都市：住
RPQNMLTKMHOFFAV67DA,新生段,340.00,都市：其他
RPPNMLMLMHOFFAV96DA,牧場段,1435.81,非都市：一般農業區 ; 非都市編定：農牧用地
RPUNMLMLMHOFFAV37CA,大豐段,1555.06,非都市：特定農業區 ; 非都市編定：農牧用地
RPUNMLMLMHOFFAV37CA,大豐段,1555.06,非都市：特定農業區 ; 非都市編定：農牧用地
RPSNMLNKNHOFFAV27CA,豐聖段,793.09,都市：農
RPSNMLNKNHOFFAV27CA,豐聖段,267.51,都市：其他
RPSNMLNKNHOFFAV27CA,豐聖段,554.22,都市：農
RPPNMLNJNHOFFCV07CA,萬朝段,3991.92,非都市：一般農業區 ; 非都市編定：農牧用地
RPRNMLQLMHOFFDV77CA,秀山段,8.08,都市：其他
RPRNMLQLMHOFFDV77CA,秀山段,.00,都市：其他
RPVNMLMLMHOFFAV47CA,東海段,100.16,都市：住
RPTNMLNLMHOFFAV37CA,建成段,76.00,都市：住
RPVNMLNLMHOFFAV57CA,常德段,21.80,都市：住
RPTNMLMLMHOFFAV27CA,建業段,121.00,都市：住
RPWNMLPLMHOFFAV87CA,新中寮段,40.89,都市：其他
RPWNMLPLMHOFFAV87CA,新中寮段,25.16,都市：其他
RPUNMLPLMHOFFAV67CA,新中寮段,52.67,都市：其他
RPQNMLTLMHOFFAV67CA,台東段,46.25,都市：住
RPSNMLPLMHOFFAV47CA,新中寮段,360.75,都市：其他
RPXNMLPLMHOFFAV97CA,新中寮段,140.93,都市：其他
RPXNMLPLMHOFFAV97CA,新中寮段,86.11,都市：其他
RPOOMLPLMHOFFAV17CA,新中寮段,57.24,都市：其他
RPVNMLPLMHOFFAV77CA,新中寮段,178.73,都市：其他
RPPOMLPLMHOFFAV27CA,新中寮段,207.22,都市：其他
RPXNMLNLMHOFFAV77CA,利家段,236.00,非都市：鄉村區 ; 非都市編定：乙種建築用地
RPQNMLPLMHOFFCV47CA,德高段,30.53,非都市：特定農業區 ; 非都市編定：甲種建築用地
RPQNMLPLMHOFFCV47CA,德高段,30.53,非都市：特定農業區 ; 非都市編定：甲種建築用地
RPQNMLPLMHOFFCV47CA,德高段,30.53,非都市：特定農業區 ; 非都市編定：甲種建築用地
RPQNMLPLMHOFFCV47CA,德高段,21.79,非都市：特定農業區 ; 非都市編定：甲種建築用地
RPQNMLPLMHOFFCV47CA,德高段,21.79,非都市：特定農業區 ; 非都市編定：甲種建築用地
RPQNMLPLMHOFFCV47CA,德高段,21.79,非都市：特定農業區 ; 非都市編定：甲種建築用地
RPQNMLPLMHOFFCV47CA,德高段,17.07,非都市：特定農業區 ; 非都市編定：甲種建築用地
RPQNMLPLMHOFFCV47CA,德高段,17.07,非都市：特定農業區 ; 非都市編定：甲種建築用地
RPQNMLPLMHOFFCV47CA,德高段,17.07,非都市：特定農業區 ; 非都市編定：甲種建築用地
RPQNMLPLMHOFFCV47CA,德高段,19.86,非都市：鄉村區 ; 非都市編定：乙種建築用地
RPQNMLPLMHOFFCV47CA,德高段,19.86,非都市：鄉村區 ; 非都市編定：乙種建築用地
RPQNMLPLMHOFFCV47CA,德高段,19.86,非都市：鄉村區 ; 非都市編定：乙種建築用地
RPQNMLPLMHOFFCV47CA,德高段,16.04,非都市：鄉村區 ; 非都市編定：乙種建築用地
RPQNMLPLMHOFFCV47CA,德高段,16.04,非都市：鄉村區 ; 非都市編定：乙種建築用地
RPQNMLPLMHOFFCV47CA,德高段,16.04,非都市：鄉村區 ; 非都市編定：乙種建築用地
RPRNMLTLMHOFFBV87CA,玉長段,300.57,非都市：風景區 ; 非都市編定：農牧用地
RPRNMLTLMHOFFBV87CA,玉長段,2081.33,非都市：風景區 ; 非都市編定：農牧用地
RPPNMLOLMHOFFBV27DA,和平北段,130.66,非都市：風景區 ; 非都市編定：農牧用地
RPPNMLPLMHOFFCV37CA,加拿段,760.00,非都市：山坡地保育區 ; 非都市編定：農牧用地
RPQNMLOLMHOFFBV37DA,和平北段,67.00,非都市：風景區 ; 非都市編定：農牧用地
RPRNMLOLMHOFFBV47DA,和平北段,901.73,非都市：風景區 ; 非都市編定：農牧用地
RPRNMLOLMHOFFBV47DA,和平北段,230.98,非都市：風景區 ; 非都市編定：農牧用地
RPPNMLOLMHOFFDV37CA,秀山段,10.39,都市：其他
RPPNMLOLMHOFFDV37CA,秀山段,.00,都市：其他
RPPNMLTLMHOFFDV87CA,秀山段,1.15,都市：其他
RPPNMLTLMHOFFDV87CA,秀山段,.00,都市：其他
RPXNMLOLMHOFFAV87CA,豐榮段,68.00,都市：住
RPPNMLPKNHOFFCV37CA,隆昌段,119.24,非都市：鄉村區 ; 非都市編定：乙種建築用地
RPPNMLRLMHOFFAV37CA,常德段,1474.46,都市：住
RPPNMLRLMHOFFAV37CA,常德段,181.51,都市：其他
RPPNMLQLMHOFFAV37DA,台東段,85.00,都市：住
RPSNMLQLMHOFFAV67DA,台東段,26.00,都市：住
RPSNMLQLMHOFFAV67DA,台東段,29.00,都市：住
RPSNMLQLMHOFFAV67DA,台東段,3.00,都市：住
RPRNMLTLMHOFFAV77CA,興安段,150.82,都市：住
RPSNMLTLMHOFFAV97DA,台東段,57.00,都市：住
RPVOMLTLMHOFFAV28CA,新生段,11.41,都市：住
RPTNMLLJNHOFFAV07CA,興安段,181.56,都市：住
RPRNMLQLMHOFFAV47CA,建業段,.18,都市：住
RPRNMLQLMHOFFAV47CA,建業段,138.42,都市：住
RPTNMLMJNHOFFAV17CA,鎮樂段,3820.00,非都市：山坡地保育區 ; 非都市編定：農牧用地
RPPNMLPJNHOFFAV07CA,康樂段,465.00,非都市：特定農業區 ; 非都市編定：農牧用地
RPQNMLPLMHOFFAV27CA,東海段,111.35,都市：住
RPOOMLOLMHOFFAV07CA,北南王段,177.31,都市：住
RPRNMLPLMHOFFCV57CA,慶福段,3.43,都市：商
RPVNMLOLMHOFFAV67CA,台東段,8.88,都市：住
RPUNMLOLMHOFFAV57CA,中正段,5.00,都市：住
RPSNMLTLMHOFFBV97CA,城山段彭仔存小段,6169.00,非都市：風景區 ; 非都市編定：農牧用地
RPQNMLLJNHOFFBV86CA,八仙洞段,3773.66,非都市：風景區 ; 非都市編定：農牧用地
RPTNMLPLMHOFFAV67DA,建國段,88.00,都市：住
RPQNMLTLMHOFFDV97CA,秀山段,6.75,都市：商
RPPNMLNJNHOFFAV96DA,新生段,14.89,都市：住
RPXOMLTLMHOFFAV48CA,新生段,2.00,都市：住
RPPNMLTLMHOFFBV67CA,忠智段,1.79,都市：住
RPPNMLTLMHOFFBV67CA,忠智段,90.96,都市：住
RPPNMLTLMHOFFBV67CA,忠智段,8.40,都市：住
RPSNMLLJNHOFFAV96CA,利家段,4877.00,非都市：特定農業區 ; 非都市編定：農牧用地
RPTNMLTLMHOFFAV97CA,興安段,250.78,都市：住
RPPNMLPKNHOFFDV47CA,復興段,347.21,都市：住
RPPNMLTLMHOFFAV57CA,自強段,124.00,都市：住
RPQNMLMJNHOFFAV86CA,新生段,276.00,都市：住
RPQNMLMJNHOFFAV86CA,新生段,74.00,都市：其他
RPQNMLMJNHOFFAV86CA,新生段,33.00,都市：住
RPPNMLTLMHOFFAV57CA,自強段,119.00,都市：住
RPQNMLMJNHOFFAV86CA,新生段,44.00,都市：住
RPQNMLMJNHOFFAV86CA,新生段,28.00,都市：住
RPWOMLTLMHOFFAV38CA,建康段,94.92,都市：住
RPOOMLLJNHOFFAV66CA,台東段,76.00,都市：住
RPRNMLMJNHOFFCV17CA,隆盛段,28.02,都市：住
RPPNMLQJNHOFFCV37CA,福文段,3438.72,都市：農
RPPOMLTLMHOFFAV67CA,台東段,133.00,都市：住
RPQNMLSJNHOFFAV47CA,利家段,17.72,非都市：鄉村區 ; 非都市編定：乙種建築用地
RPPNMLLJNHOFFCV86CA,龍田段,237.96,都市：住
RPQNMLLJNHOFFCV96CA,大池段,120.30,非都市：鄉村區 ; 非都市編定：乙種建築用地
RPPNMLKMMHOFFDV07CA,秀山段,8.08,都市：其他
RPPNMLKMMHOFFDV07CA,秀山段,.00,都市：其他
RPRNMLKMMHOFFDV37DA,拉力段,9160.00,非都市：山坡地保育區 ; 非都市編定：林業用地
RPRNMLKMMHOFFAV96CA,龍過脈段,2450.56,非都市：山坡地保育區 ; 非都市編定：農牧用地
RPPNMLLJNHOFFBV76CA,萬年段,3261.00,非都市：風景區 ; 非都市編定：農牧用地
RPPNMLLJNHOFFBV76CA,萬年段,2600.00,非都市：風景區 ; 非都市編定：農牧用地
RPPNMLLJNHOFFBV76CA,萬年段,2600.00,非都市：風景區 ; 非都市編定：農牧用地
RPRNMLMLNHOFFAV17CA,利家段,17.72,非都市：鄉村區 ; 非都市編定：乙種建築用地
RPPNMLKMMHOFFAV76CA,常德段,84.72,都市：住
RPQNMLKMMHOFFDV17CA,秀山段,8.08,都市：其他
RPQNMLKMMHOFFDV17CA,秀山段,.00,都市：其他
RPUNMLMJNHOFFAV27CA,興安段,102.45,都市：住
RPRNMLPJNHOFFAV27CA,普優瑪段,1912.57,都市：農
RPSNMLRJNHOFFAV57CA,豐谷段,125.41,都市：住
RPVNMLMJNHOFFAV37CA,豐年段,689.95,都市：其他
RPVNMLMJNHOFFAV37CA,豐年段,1.92,都市：其他
RPVNMLMJNHOFFAV37CA,豐年段,2099.12,都市：農
RPVNMLMJNHOFFAV37CA,豐年段,9.03,都市：其他
RPVNMLMJNHOFFAV37CA,豐年段,754.45,都市：農
RPPNMLNKNHOFFDV27CA,拉力段,15990.00,非都市：山坡地保育區 ; 非都市編定：農牧用地
RPRNMLQJNHOFFAV37CA,利吉段,1585.25,非都市：山坡地保育區 ; 非都市編定：農牧用地
RPRNMLQJNHOFFAV37CA,利吉段,2077.66,非都市：山坡地保育區 ; 非都市編定：農牧用地
RPRNMLQJNHOFFAV37CA,利吉段,8462.65,非都市：山坡地保育區 ; 非都市編定：農牧用地
RPPNMLTJNHOFFAV47CA,豐榮段,118.36,都市：住
RPPNMLTJNHOFFAV47CA,豐榮段,1.00,都市：住
RPQOMLLJNHOFFAV86CA,光明段,5.88,都市：其他
RPQOMLLJNHOFFAV86CA,光明段,30.98,都市：其他
RPQOMLLJNHOFFAV86CA,光明段,.24,都市：其他
RPQOMLLJNHOFFAV86CA,光明段,80.00,都市：住
RPTNMLNJNHOFFAV27CA,中心段,1.00,都市：住
RPTNMLNJNHOFFAV27CA,中心段,44.00,都市：住
RPTNMLNJNHOFFAV27CA,中心段,110.00,都市：住
RPRNMLMJNHOFFAV96CA,台東段,1.00,都市：住
RPRNMLMJNHOFFAV96CA,台東段,17.00,都市：住
RPRNMLMJNHOFFAV96CA,台東段,16.00,都市：住
RPRNMLMJNHOFFAV96CA,台東段,172.00,都市：住
RPRNMLMJNHOFFAV96CA,台東段,1.00,都市：住
RPRNMLMJNHOFFAV96CA,台東段,1.00,都市：住
RPPNMLMJNHOFFAV76CA,普優瑪段,61.38,都市：農
RPPNMLMJNHOFFAV76CA,普優瑪段,61.38,都市：農
RPPNMLMJNHOFFAV76CA,普優瑪段,64.14,都市：農
RPPNMLMJNHOFFAV76CA,普優瑪段,64.14,都市：農
RPPNMLMJNHOFFCV07DA,鸞山段,1980.00,非都市：山坡地保育區 ; 非都市編定：農牧用地
RPPNMLKKNHOFFDV96CA,秀山段,8.08,都市：其他
RPPNMLKKNHOFFDV96CA,秀山段,.00,都市：其他
RPPNMLMJNHOFFBV86CA,新竹湖段,2.41,非都市：鄉村區 ; 非都市編定：乙種建築用地
RPPNMLMJNHOFFBV86CA,新竹湖段,2.41,非都市：鄉村區 ; 非都市編定：乙種建築用地
RPPNMLMJNHOFFBV86CA,新竹湖段,2.41,非都市：鄉村區 ; 非都市編定：乙種建築用地
RPPNMLMJNHOFFBV86CA,新竹湖段,2.41,非都市：鄉村區 ; 非都市編定：乙種建築用地
RPQNMLPJNHOFFAV17CA,南清段,538.74,都市：農
RPQNMLPJNHOFFAV17CA,南清段,538.74,都市：農
RPQNMLPJNHOFFAV17CA,南清段,538.74,都市：農
RPQNMLPJNHOFFAV17CA,南清段,1616.20,都市：農
RPQNMLNJNHOFFBV17DA,高原段,820.00,非都市：森林區 ; 非都市編定：農牧用地
RPQNMLNJNHOFFBV17DA,高原段,2042.00,非都市：森林區 ; 非都市編定：農牧用地
RPSNMLNJNHOFFAV17CA,台東段,526.00,都市：住
RPRNMLNJNHOFFAV07CA,中清段,397.16,都市：其他
RPQNMLNJNHOFFAV96CA,美濃段,229.27,非都市：山坡地保育區 ; 非都市編定：丙種建築用地
RPPNMLNKNHOFFAV07DA,康樂段,179.00,非都市：特定農業區 ; 非都市編定：農牧用地
RPPNMLMJNHOFFDV07CA,金富段,383.10,非都市：山坡地保育區 ; 非都市編定：丙種建築用地
RPUNMLNJNHOFFAV37CA,豐年段,5.50,都市：住
RPRNMLRJNHOFFAV47CA,豐川段,350.23,都市：農
RPRNMLRJNHOFFAV47CA,豐川段,100.34,都市：住
RPRNMLRJNHOFFAV47CA,豐川段,322.44,都市：其他
RPRNMLRJNHOFFAV47CA,豐川段,420.54,都市：住
RPSNMLPJNHOFFAV37CA,福德段,5164.06,非都市：山坡地保育區 ; 非都市編定：農牧用地
RPPNMLRLNHOFFCV67CA,豐泉段,213.09,都市：住
RPPNMLSJNHOFFDV67CA,秀山段,6.35,都市：其他
RPPNMLSJNHOFFDV67CA,秀山段,6.35,都市：其他
RPPNMLRJNHOFFCV47CA,大池段,173.57,非都市：鄉村區 ; 非都市編定：乙種建築用地
RPPNMLRJNHOFFCV47CA,大池段,46.42,非都市：鄉村區 ; 非都市編定：乙種建築用地
RPPNMLOJNHOFFAV96CA,岩灣段,225.55,都市：住
RPPNMLQJNHOFFAV17CA,公西段,468.29,都市：農
RPPNMLNLNHOFFBV17CA,高原段,4922.00,非都市：森林區 ; 非都市編定：農牧用地
RPQNMLQJNHOFFAV27CA,豐谷段,115.06,都市：住
RPSNMLQJNHOFFAV47CA,豐年段,85.93,都市：住
RPVNMLSJNHOFFAV97CA,利家段,17.72,非都市：鄉村區 ; 非都市編定：乙種建築用地
RPTNMLQJNHOFFAV67DA,台東段,87.00,都市：住
RPRNMLTJNHOFFAV67CA,旭川段,3309.62,非都市：特定農業區 ; 非都市編定：農牧用地
RPPNMLPLNHOFFDV57CA,尚武段,3.03,都市：住
RPPNMLPLNHOFFDV57CA,尚武段,.61,都市：住
RPPNMLPLNHOFFDV57CA,尚武段,.32,都市：住
RPPNMLPLNHOFFDV57CA,尚武段,.59,都市：住
RPPNMLPLNHOFFDV57CA,尚武段,90.62,都市：住
RPPNMLPLNHOFFDV57CA,尚武段,2.74,都市：住
RPSNMLTJNHOFFAV77CA,建樂段,6.39,都市：住
RPSNMLTJNHOFFAV77CA,建樂段,.02,都市：住
RPWNMLOLNHOFFAV87CA,下賓朗段,394.14,非都市：一般農業區 ; 非都市編定：甲種建築用地
RPSNMLSJNHOFFAV77DA,常德段,108.48,都市：住
RPTNMLSJNHOFFAV77CA,利家段,17.72,非都市：鄉村區 ; 非都市編定：乙種建築用地
RPVNMLMLNHOFFAV67DA,下賓朗段,110.56,非都市：一般農業區 ; 非都市編定：甲種建築用地
RPWNMLKKNHOFFAV37CA,豐榮段,81.00,都市：住
RPPNMLRJNHOFFDV67DA,秀山段,10.39,都市：其他
RPPNMLRJNHOFFDV67DA,秀山段,.00,都市：其他
RPQNMLNKNHOFFAV17DA,利家段,35.00,非都市：鄉村區 ; 非都市編定：乙種建築用地
RPQNMLNKNHOFFAV17DA,利家段,214.00,非都市：鄉村區 ; 非都市編定：乙種建築用地
RPVNMLNKNHOFFAV57CA,台東段,53.60,都市：住
RPPNMLSJNHOFFCV67DA,福原段,3.46,都市：住
RPPNMLNKNHOFFBV07CA,北都蘭段,2000.00,非都市：風景區 ; 非都市編定：農牧用地
RPPNMLNKNHOFFBV07CA,北都蘭段,2000.00,非都市：風景區 ; 非都市編定：農牧用地
RPUNMLOLNHOFFAV67CA,馬蘭段,89.00,都市：住
RPOOMLOLNHOFFAV17CA,豐樂段,99.00,都市：住
RPUNMLKKNHOFFAV17CA,公西段,370.73,都市：住
RPQNMLKKNHOFFDV07CA,秀山段,.70,都市：其他
RPQNMLKKNHOFFDV07CA,秀山段,9.25,都市：其他
RPTNMLNKNHOFFAV37CA,中正段,83.00,都市：住
RPUNMLKMNHOFFAV37CA,普優瑪段,255.42,都市：農
RPUNMLNKNHOFFAV47CA,台東段,12.89,都市：住
RPPNMLKKNHOFFAV66CA,豐年段,68.62,都市：住
RPOOMLKKNHOFFAV66CA,興安段,184.39,都市：住
RPTNMLKMNHOFFAV27CA,普優瑪段,81.26,都市：農
RPRNMLKKNHOFFAV86CA,台東段,999.00,都市：住
RPRNMLKKNHOFFAV86CA,台東段,914.00,都市：住
RPRNMLKKNHOFFAV86CA,台東段,93.00,都市：住
RPOOMLKMNHOFFAV86CA,豐航段,106.40,都市：住
RPQNMLKMNHOFFAV96CA,常德段,102.00,都市：住
RPXNMLKMNHOFFAV67CA,常德段,74.71,都市：住
RPRNMLNKNHOFFAV17CA,永清段,158.40,都市：住
RPXNMLKKNHOFFAV47CA,豐嘉段,72.98,非都市：特定農業區 ; 非都市編定：農牧用地
RPXNMLKKNHOFFAV47CA,豐嘉段,71.80,非都市：特定農業區 ; 非都市編定：農牧用地
RPXNMLKKNHOFFAV47CA,豐嘉段,73.79,非都市：特定農業區 ; 非都市編定：農牧用地
RPXNMLKKNHOFFAV47CA,豐嘉段,76.01,非都市：特定農業區 ; 非都市編定：農牧用地
RPXNMLKKNHOFFAV47CA,豐嘉段,969.95,非都市：特定農業區 ; 非都市編定：農牧用地
RPXNMLKKNHOFFAV47CA,豐嘉段,941.03,非都市：特定農業區 ; 非都市編定：農牧用地
RPXNMLKKNHOFFAV47CA,豐嘉段,950.36,非都市：特定農業區 ; 非都市編定：農牧用地
RPXNMLKKNHOFFAV47CA,豐嘉段,949.96,非都市：特定農業區 ; 非都市編定：農牧用地
RPXNMLKKNHOFFAV47CA,豐嘉段,958.56,非都市：特定農業區 ; 非都市編定：農牧用地
RPXNMLKKNHOFFAV47CA,豐嘉段,71.01,非都市：特定農業區 ; 非都市編定：農牧用地
RPWNMLNKNHOFFAV67CA,普優瑪段,123.27,都市：農
RPWNMLNKNHOFFAV67CA,普優瑪段,162.06,都市：農
RPWOMLKMNHOFFAV67CA,台東段,69.00,都市：住
RPXNMLNKNHOFFAV77CA,下賓朗段,139.15,非都市：一般農業區 ; 非都市編定：甲種建築用地
RPXNMLNKNHOFFAV77CA,下賓朗段,4.78,非都市：一般農業區 ; 非都市編定：甲種建築用地
RPPOMLNKNHOFFAV07CA,常德段,107.13,都市：商
RPPOMLKMNHOFFAV96CA,利家段,2039.00,非都市：特定農業區 ; 非都市編定：農牧用地
RPPOMLKMNHOFFAV96CA,利家段,136.00,非都市：特定農業區 ; 非都市編定：甲種建築用地
RPQNMLOKNHOFFAV17CA,馬蘭段,61.50,都市：住
RPQNMLOKNHOFFAV17CA,馬蘭段,61.50,都市：住
RPUNMLLLNHOFFAV37CA,台東段,66.00,都市：住
RPPNMLPKNHOFFAV17CA,豐田段,189.00,都市：住
RPPNMLPKNHOFFAV17CA,豐田段,12.00,都市：住
RPPNMLPKNHOFFAV17CA,豐田段,190.00,都市：住
RPPNMLPKNHOFFAV17CA,豐田段,86.00,都市：住
