﻿鄉鎮市區,交易標的,土地區段位置建物區段門牌,土地移轉總面積平方公尺,都市土地使用分區,非都市土地使用分區,非都市土地使用編定,交易年月日,交易筆棟數,移轉層次,總樓層數,建物型態,主要用途,主要建材,建築完成年月,建物移轉總面積平方公尺,建物現況格局-房,建物現況格局-廳,建物現況格局-衛,建物現況格局-隔間,有無管理組織,總價元,單價元平方公尺,車位類別,車位移轉總面積平方公尺,車位總價元,備註,編號
The villages and towns urban district,transaction sign,land sector position building sector house number plate,land shifting total area square meter,the use zoning or compiles and checks,the non-metropolis land use district,non-metropolis land use,transaction year month and day,transaction pen number,shifting level,total floor number,building state,main use,main building materials,construction to complete the years,building shifting total area,Building present situation pattern - room,building present situation pattern - hall,building present situation pattern - health,building present situation pattern - compartmented,Whether there is manages the organization,total price Yuan,the unit price a Yuan square meter,the berth category,berth shifting total area square meter,the berth total price Yuan,the note,serial number
林口區,房地(土地+建物)+車位,力行段991~1020地號,14.69,住,,,1040430,土地1建物1車位1,十層,14,住宅大樓(11層含以上有電梯),住家用,鋼筋混凝土造,,118.32,2,2,1,有,無,11480000,101147,坡道平面,20.64,1600000,,RPPNMLLKQHNFFBF28DB
林口區,房地(土地+建物)+車位,力行段991~1020地號,14.39,住,,,1040515,土地1建物1車位1,十一層,14,住宅大樓(11層含以上有電梯),住家用,鋼筋混凝土造,,114.21,2,2,1,有,無,10150000,97768,升降機械,16.53,600000,,RPQNMLLKQHNFFBF38DB
林口區,房地(土地+建物)+車位,力行段991~1020地號,14.69,住,,,1041104,土地1建物1車位1,十二層,14,住宅大樓(11層含以上有電梯),住家用,鋼筋混凝土造,,118.32,2,2,1,有,無,11500000,101351,坡道平面,20.64,1600000,,RPUNMLLKQHNFFBF78DB
林口區,房地(土地+建物)+車位,力行段991~1020地號,13.69,住,,,1061129,土地1建物1車位1,十三層,14,住宅大樓(11層含以上有電梯),住家用,鋼筋混凝土造,,111.04,2,2,1,有,無,11000000,104401,坡道平面,21.96,1700000,,RPVNMLLKQHNFFBF88DB
林口區,房地(土地+建物)+車位,力行段991~1020地號,14.44,住,,,1040412,土地1建物1車位1,十四層,14,住宅大樓(11層含以上有電梯),住家用,鋼筋混凝土造,,116.55,2,2,1,有,無,11600000,104264,坡道平面,20.64,1600000,,RPWNMLLKQHNFFBF98DB
林口區,房地(土地+建物),力行段991~1020地號,8.41,住,,,1040412,土地1建物1車位0,二層,14,住宅大樓(11層含以上有電梯),住家用,鋼筋混凝土造,,60.06,1,1,1,有,無,6160000,102564,,0.0,0,,RPXNMLLKQHNFFBF09DB
林口區,房地(土地+建物),力行段991~1020地號,8.41,住,,,1041201,土地1建物1車位0,三層,14,住宅大樓(11層含以上有電梯),住家用,鋼筋混凝土造,,60.06,1,1,1,有,無,5980000,99567,,0.0,0,,RPOOMLLKQHNFFBF28DB
林口區,房地(土地+建物),力行段991~1020地號,8.41,住,,,1040509,土地1建物1車位0,四層,14,住宅大樓(11層含以上有電梯),住家用,鋼筋混凝土造,,60.06,1,1,1,有,無,6120000,101898,,0.0,0,,RPQOMLLKQHNFFBF48DB
林口區,房地(土地+建物),力行段991~1020地號,8.41,住,,,1040412,土地1建物1車位0,五層,14,住宅大樓(11層含以上有電梯),住家用,鋼筋混凝土造,,60.06,1,1,1,有,無,6160000,102564,,0.0,0,,RPROMLLKQHNFFBF58DB
林口區,房地(土地+建物),力行段991~1020地號,8.41,住,,,1041017,土地1建物1車位0,六層,14,住宅大樓(11層含以上有電梯),住家用,鋼筋混凝土造,,60.06,1,1,1,有,無,6150000,102398,,0.0,0,,RPVOMLLKQHNFFBF98DB
林口區,房地(土地+建物),力行段991~1020地號,8.41,住,,,1041120,土地1建物1車位0,七層,14,住宅大樓(11層含以上有電梯),住家用,鋼筋混凝土造,,60.06,1,1,1,有,無,6100000,101565,,0.0,0,,RPWOMLLKQHNFFBF09DB
林口區,房地(土地+建物),力行段991~1020地號,8.41,住,,,1050215,土地1建物1車位0,八層,14,住宅大樓(11層含以上有電梯),住家用,鋼筋混凝土造,,60.06,1,1,1,有,無,5980000,99567,,0.0,0,,RPXOMLLKQHNFFBF56DB
林口區,房地(土地+建物),力行段991~1020地號,8.41,住,,,1041224,土地1建物1車位0,九層,14,住宅大樓(11層含以上有電梯),住家用,鋼筋混凝土造,,60.06,1,1,1,有,無,6000000,99900,,0.0,0,,RPOPMLLKQHNFFBF38DB
林口區,房地(土地+建物),力行段991~1020地號,8.43,住,,,1050226,土地1建物1車位0,十層,14,住宅大樓(11層含以上有電梯),住家用,鋼筋混凝土造,,60.15,1,1,1,有,無,6020000,100083,,0.0,0,,RPPNMLMKQHNFFBF38DB
林口區,房地(土地+建物)+車位,力行段991~1020地號,14.04,住,,,1061202,土地1建物1車位1,十四層,14,住宅大樓(11層含以上有電梯),住家用,鋼筋混凝土造,,111.77,2,2,1,有,無,9200000,89248,升降機械,16.53,700000,,RPTNMLMKQHNFFBF78DB
林口區,房地(土地+建物)+車位,力行段991~1020地號,12.01,住,,,1040412,土地1建物1車位1,二層,14,住宅大樓(11層含以上有電梯),住家用,鋼筋混凝土造,,97.28,2,2,1,有,無,8180000,92632,升降機械,16.53,700000,,RPUNMLMKQHNFFBF88DB
林口區,房地(土地+建物),力行段991~1020地號,11.59,住,,,1040927,土地1建物1車位0,三層,14,住宅大樓(11層含以上有電梯),住家用,鋼筋混凝土造,,82.72,2,2,1,有,無,8380000,101306,,0.0,0,,RPVNMLMKQHNFFBF98DB
林口區,房地(土地+建物)+車位,力行段991~1020地號,12.29,住,,,1050112,土地1建物1車位1,四層,14,住宅大樓(11層含以上有電梯),住家用,鋼筋混凝土造,,99.25,2,2,1,有,無,8210000,90788,升降機械,16.53,700000,,RPOOMLMKQHNFFBF38DB
林口區,房地(土地+建物)+車位,力行段991~1020地號,12.29,住,,,1040505,土地1建物1車位1,五層,14,住宅大樓(11層含以上有電梯),住家用,鋼筋混凝土造,,99.25,2,2,1,有,無,8150000,90063,升降機械,16.53,700000,,RPROMLMKQHNFFBF68DB
林口區,房地(土地+建物)+車位,力行段991~1020地號,12.29,住,,,1050205,土地1建物1車位1,六層,14,住宅大樓(11層含以上有電梯),住家用,鋼筋混凝土造,,99.25,2,2,1,有,無,8600000,95503,升降機械,16.53,700000,,RPSOMLMKQHNFFBF78DB
林口區,房地(土地+建物),力行段991~1020地號,11.59,住,,,1050731,土地1建物1車位0,七層,14,住宅大樓(11層含以上有電梯),住家用,鋼筋混凝土造,,82.72,2,2,1,有,無,8000000,96712,,0.0,0,,RPTOMLMKQHNFFBF88DB
林口區,房地(土地+建物)+車位,力行段991~1020地號,12.29,住,,,1041228,土地1建物1車位1,八層,14,住宅大樓(11層含以上有電梯),住家用,鋼筋混凝土造,,99.25,2,2,1,有,無,8280000,91634,升降機械,16.53,700000,,RPTOMLNKQHNFFBF98DB
林口區,房地(土地+建物),力行段991~1020地號,11.59,住,,,1060927,土地1建物1車位0,九層,14,住宅大樓(11層含以上有電梯),住家用,鋼筋混凝土造,,82.72,2,2,1,有,無,7900000,95503,,0.0,0,,RPWRMLOKQHNFFBF07DB
林口區,房地(土地+建物)+車位,力行段991~1020地號,11.72,住,,,1040524,土地1建物1車位1,十層,14,住宅大樓(11層含以上有電梯),住家用,鋼筋混凝土造,,95.16,2,2,1,有,無,8050000,94748,升降機械,16.53,600000,,RPSTMLOKQHNFFBF86DB
林口區,房地(土地+建物),力行段991~1020地號,11.02,住,,,1061120,土地1建物1車位0,十一層,14,住宅大樓(11層含以上有電梯),住家用,鋼筋混凝土造,,78.63,2,2,1,有,無,7400000,94112,,0.0,0,,RPUUMLOKQHNFFBF17DB
林口區,房地(土地+建物)+車位,力行段991~1020地號,11.72,住,,,1040430,土地1建物1車位1,十二層,14,住宅大樓(11層含以上有電梯),住家用,鋼筋混凝土造,,95.16,2,2,1,有,無,8030000,94493,升降機械,16.53,600000,,RPXUMLOKQHNFFBF47DB
林口區,房地(土地+建物),力行段991~1020地號,11.66,住,,,1061129,土地1建物1車位0,二層,14,住宅大樓(11層含以上有電梯),住家用,鋼筋混凝土造,,83.18,2,2,1,有,無,7500000,90166,,0.0,0,,RPWVMLOKQHNFFBF47DB
林口區,房地(土地+建物),力行段991~1020地號,11.66,住,,,1050103,土地1建物1車位0,三層,14,住宅大樓(11層含以上有電梯),住家用,鋼筋混凝土造,,83.18,2,2,1,有,無,8100000,97379,,0.0,0,,RPOOMLPKQHNFFBF68DB
林口區,房地(土地+建物)+車位,力行段991~1020地號,12.36,住,,,1040505,土地1建物1車位1,四層,14,住宅大樓(11層含以上有電梯),住家用,鋼筋混凝土造,,99.71,2,2,1,有,無,8000000,88964,升降機械,16.53,600000,,RPTOMLPKQHNFFBF56DB
林口區,房地(土地+建物),力行段991~1020地號,11.66,住,,,1060906,土地1建物1車位0,五層,14,住宅大樓(11層含以上有電梯),住家用,鋼筋混凝土造,,83.18,2,2,1,有,無,7850000,94374,,0.0,0,,RPVOMLPKQHNFFBF76DB
林口區,房地(土地+建物),力行段991~1020地號,11.66,住,,,1061009,土地1建物1車位0,六層,14,住宅大樓(11層含以上有電梯),住家用,鋼筋混凝土造,,83.18,2,2,1,有,無,7800000,93773,,0.0,0,,RPWPMLPKQHNFFBF96DB
林口區,房地(土地+建物),力行段991~1020地號,11.66,住,,,1061117,土地1建物1車位0,七層,14,住宅大樓(11層含以上有電梯),住家用,鋼筋混凝土造,,83.18,2,2,1,有,無,7300000,87761,,0.0,0,,RPOQMLPKQHNFFBF88DB
林口區,房地(土地+建物)+車位,力行段991~1020地號,12.36,住,,,1040505,土地1建物1車位1,八層,14,住宅大樓(11層含以上有電梯),住家用,鋼筋混凝土造,,99.71,2,2,1,有,無,8300000,91368,升降機械,16.53,700000,,RPRQMLPKQHNFFBF56DB
林口區,房地(土地+建物)+車位,力行段991~1020地號,12.36,住,,,1040425,土地1建物1車位1,九層,14,住宅大樓(11層含以上有電梯),住家用,鋼筋混凝土造,,99.71,2,2,1,有,無,8300000,91368,升降機械,16.53,700000,,RPUQMLPKQHNFFBF86DB
林口區,房地(土地+建物),力行段991~1020地號,9.83,住,,,1060926,土地1建物1車位0,二層,14,住宅大樓(11層含以上有電梯),住家用,鋼筋混凝土造,,70.18,1,1,1,有,無,5900000,84070,,0.0,0,,RPVQMLPKQHNFFBF96DB
林口區,房地(土地+建物),力行段991~1020地號,9.83,住,,,1051019,土地1建物1車位0,三層,14,住宅大樓(11層含以上有電梯),住家用,鋼筋混凝土造,,70.18,1,1,1,有,無,6370000,90767,,0.0,0,,RPORMLPKQHNFFBF98DB
林口區,房地(土地+建物),力行段991~1020地號,9.83,住,,,1061004,土地1建物1車位0,四層,14,住宅大樓(11層含以上有電梯),住家用,鋼筋混凝土造,,70.18,1,1,1,有,無,6310000,89912,,0.0,0,,RPWRMLPKQHNFFBF17DB
林口區,房地(土地+建物),力行段991~1020地號,9.83,住,,,1061104,土地1建物1車位0,五層,14,住宅大樓(11層含以上有電梯),住家用,鋼筋混凝土造,,70.18,1,1,1,有,無,6000000,85494,,0.0,0,,RPRSMLPKQHNFFBF76DB
林口區,房地(土地+建物),力行段991~1020地號,9.83,住,,,1050316,土地1建物1車位0,六層,14,住宅大樓(11層含以上有電梯),住家用,鋼筋混凝土造,,70.18,1,1,1,有,無,6400000,91194,,0.0,0,,RPVSMLPKQHNFFBF17DB
林口區,房地(土地+建物),力行段991~1020地號,9.83,住,,,1060904,土地1建物1車位0,七層,14,住宅大樓(11層含以上有電梯),住家用,鋼筋混凝土造,,70.18,1,1,1,有,無,6000000,85494,,0.0,0,,RPXSMLPKQHNFFBF37DB
林口區,房地(土地+建物),力行段991~1020地號,9.83,住,,,1061114,土地1建物1車位0,八層,14,住宅大樓(11層含以上有電梯),住家用,鋼筋混凝土造,,70.18,1,1,1,有,無,6070000,86492,,0.0,0,,RPSTMLPKQHNFFBF96DB
林口區,房地(土地+建物),力行段991~1020地號,9.83,住,,,1061117,土地1建物1車位0,九層,14,住宅大樓(11層含以上有電梯),住家用,鋼筋混凝土造,,70.18,1,1,1,有,無,6450000,91907,,0.0,0,,RPVTMLPKQHNFFBF27DB
淡水區,房地(土地+建物)+車位,淡海段61~90地號,60.95,住,,,1040517,土地1建物1車位2,二層,13,住宅大樓(11層含以上有電梯),住家用,鋼筋混凝土造,,239.8,4,2,2,有,無,15550000,69037,坡道平面,52.22,2600000,租賃範圍不含車位，且無法區分車位面積。;,RPPOMLPKQHNFFEF98CB
淡水區,房地(土地+建物)+車位,淡海段61~90地號,54.56,住,,,1040628,土地1建物1車位1,六層,13,住宅大樓(11層含以上有電梯),住家用,鋼筋混凝土造,,211.92,4,2,2,有,無,13400000,65658,坡道平面,26.11,1200000,租賃範圍不含車位，且無法區分車位面積。;,RPSOMLPKQHNFFEF66CB
淡水區,房地(土地+建物)+車位,淡海段61~90地號,59.53,住,,,1050827,土地1建物1車位2,四層,13,住宅大樓(11層含以上有電梯),住家用,鋼筋混凝土造,,234.07,4,2,2,有,無,12800000,56509,坡道平面,48.26,2300000,,RPTOMLPKQHNFFEF76CB
淡水區,房地(土地+建物)+車位,淡海段61~90地號,54.56,住,,,1050721,土地1建物1車位1,八層,13,住宅大樓(11層含以上有電梯),住家用,鋼筋混凝土造,,211.92,4,2,2,有,無,12600000,61353,坡道平面,26.11,1200000,,RPVOMLPKQHNFFEF96CB
淡水區,房地(土地+建物)+車位,淡海段61~90地號,60.95,住,,,1051107,土地1建物1車位2,十層,13,住宅大樓(11層含以上有電梯),住家用,鋼筋混凝土造,,238.03,4,2,2,有,無,13660000,58985,坡道平面,52.22,2700000,租賃範圍不含車位，且無法區分車位面積。;,RPWOMLPKQHNFFEF07CB
淡水區,房地(土地+建物)+車位,淡海段61~90地號,87.03,住,,,1051011,土地1建物1車位3,十三層,13,住宅大樓(11層含以上有電梯),住家用,鋼筋混凝土造,,341.29,4,2,2,有,無,20380000,60960,坡道平面,78.33,4350000,,RPOPMLPKQHNFFEF98CB
淡水區,房地(土地+建物)+車位,淡海段61~90地號,46.75,住,,,1050729,土地1建物1車位1,二層,13,住宅大樓(11層含以上有電梯),住家用,鋼筋混凝土造,,180.08,3,2,2,有,無,10200000,58453,坡道平面,26.11,1200000,,RPTPMLPKQHNFFEF86CB
淡水區,房地(土地+建物)+車位,淡海段61~90地號,46.75,住,,,1050819,土地1建物1車位1,四層,13,住宅大樓(11層含以上有電梯),住家用,鋼筋混凝土造,,180.08,3,2,2,有,無,10100000,57803,坡道平面,26.11,1200000,,RPVPMLPKQHNFFEF07CB
淡水區,房地(土地+建物)+車位,淡海段61~90地號,94.42,住,,,1041106,土地1建物1車位2,十三層,13,住宅大樓(11層含以上有電梯),住家用,鋼筋混凝土造,,356.92,4,2,2,有,無,22200000,65967,坡道平面,52.22,2100000,,RPWPMLPKQHNFFEF17CB
淡水區,房地(土地+建物)+車位,淡海段61~90地號,43.05,住,,,1051108,土地1建物1車位1,二層,13,住宅大樓(11層含以上有電梯),住家用,鋼筋混凝土造,,169.05,3,2,2,有,無,9560000,56737,坡道平面,26.11,1450000,,RPOQMLPKQHNFFEF09CB
淡水區,房地(土地+建物)+車位,淡海段61~90地號,43.05,住,,,1051108,土地1建物1車位1,三層,13,住宅大樓(11層含以上有電梯),住家用,鋼筋混凝土造,,169.05,3,2,2,有,無,9660000,59186,坡道平面,26.11,1200000,租賃範圍不含車位，且無法區分車位面積。;,RPSQMLPKQHNFFEF86CB
淡水區,房地(土地+建物)+車位,淡海段61~90地號,43.05,住,,,1040603,土地1建物1車位1,五層,13,住宅大樓(11層含以上有電梯),住家用,鋼筋混凝土造,,169.05,3,2,2,有,無,10620000,66951,坡道平面,26.11,1050000,租賃範圍不含車位，且無法區分車位面積。;,RPTQMLPKQHNFFEF96CB
淡水區,房地(土地+建物)+車位,淡海段61~90地號,42.34,住,,,1050719,土地1建物1車位1,四層,13,住宅大樓(11層含以上有電梯),住家用,鋼筋混凝土造,,167.07,3,2,2,有,無,9800000,60515,坡道平面,24.13,1150000,租賃範圍不含車位，且無法區分車位面積。;,RPUQMLPKQHNFFEF07CB
淡水區,房地(土地+建物)+車位,淡海段61~90地號,42.34,住,,,1050730,土地1建物1車位1,六層,13,住宅大樓(11層含以上有電梯),住家用,鋼筋混凝土造,,167.07,3,2,2,有,無,10000000,62963,坡道平面,24.13,1000000,,RPVQMLPKQHNFFEF17CB
淡水區,房地(土地+建物)+車位,淡海段61~90地號,43.05,住,,,1050726,土地1建物1車位1,八層,13,住宅大樓(11層含以上有電梯),住家用,鋼筋混凝土造,,169.05,3,2,2,有,無,9980000,61424,坡道平面,26.11,1200000,,RPWQMLPKQHNFFEF27CB
淡水區,房地(土地+建物)+車位,淡海段61~90地號,39.57,住,,,1050510,土地1建物1車位1,一層,13,住宅大樓(11層含以上有電梯),住家用,鋼筋混凝土造,,145.14,3,2,2,有,無,10000000,75191,坡道平面,26.11,1050000,租賃範圍不含車位，且無法區分車位面積。;,RPQRMLPKQHNFFEF76CB
淡水區,房地(土地+建物)+車位,淡海段61~90地號,39.14,住,,,1051224,土地1建物1車位1,二層,13,住宅大樓(11層含以上有電梯),住家用,鋼筋混凝土造,,149.52,2,2,2,有,無,8220000,55587,坡道平面,24.13,1250000,,RPRRMLPKQHNFFEF86CB
淡水區,房地(土地+建物)+車位,淡海段61~90地號,60.67,住,,,1040420,土地1建物1車位2,十三層,13,住宅大樓(11層含以上有電梯),住家用,鋼筋混凝土造,,236.9,3,2,2,有,無,15000000,68226,坡道平面,52.22,2400000,租賃範圍不含車位，且無法區分車位面積。;,RPTRMLPKQHNFFEF07CB
淡水區,房地(土地+建物)+車位,淡海段61~90地號,54.56,住,,,1040611,土地1建物1車位1,二層,13,住宅大樓(11層含以上有電梯),住家用,鋼筋混凝土造,,213.69,4,2,2,有,無,14000000,68238,坡道平面,26.11,1200000,租賃範圍不含車位，且無法區分車位面積。;,RPURMLPKQHNFFEF17CB
淡水區,房地(土地+建物)+車位,淡海段61~90地號,54.56,住,,,1051120,土地1建物1車位1,六層,13,住宅大樓(11層含以上有電梯),住家用,鋼筋混凝土造,,211.92,4,2,2,有,無,12100000,57855,坡道平面,26.11,1350000,,RPVRMLPKQHNFFEF27CB
淡水區,房地(土地+建物)+車位,淡海段61~90地號,87.03,住,,,1050331,土地1建物1車位3,十三層,13,住宅大樓(11層含以上有電梯),住家用,鋼筋混凝土造,,341.54,4,2,2,有,無,20400000,63827,坡道平面,78.33,3600000,租賃範圍不含車位，且無法區分車位面積。;,RPWRMLPKQHNFFEF37CB
淡水區,房地(土地+建物)+車位,淡海段61~90地號,46.75,住,,,1051210,土地1建物1車位1,二層,13,住宅大樓(11層含以上有電梯),住家用,鋼筋混凝土造,,180.08,3,2,2,有,無,10000000,56180,坡道平面,26.11,1350000,租賃範圍不含車位，且無法區分車位面積。;,RPOSMLPKQHNFFEF66CB
淡水區,房地(土地+建物)+車位,淡海段61~90地號,53.14,住,,,1050625,土地1建物1車位2,四層,13,住宅大樓(11層含以上有電梯),住家用,鋼筋混凝土造,,206.19,3,2,2,有,無,11000000,57803,坡道平面,52.22,2100000,,RPQSMLPKQHNFFEF86CB
淡水區,房地(土地+建物)+車位,淡海段61~90地號,46.75,住,,,1040818,土地1建物1車位1,六層,13,住宅大樓(11層含以上有電梯),住家用,鋼筋混凝土造,,180.08,3,2,2,有,無,11560000,66636,坡道平面,26.11,1300000,租賃範圍不含車位，且無法區分車位面積。;,RPRSMLPKQHNFFEF96CB
淡水區,房地(土地+建物)+車位,淡海段61~90地號,46.75,住,,,1040425,土地1建物1車位1,七層,13,住宅大樓(11層含以上有電梯),住家用,鋼筋混凝土造,,180.08,3,2,2,有,無,12000000,69494,坡道平面,26.11,1300000,租賃範圍不含車位，且無法區分車位面積。;,RPUSMLPKQHNFFEF27CB
淡水區,房地(土地+建物)+車位,淡海段61~90地號,51.72,住,,,1050930,土地1建物1車位2,八層,13,住宅大樓(11層含以上有電梯),住家用,鋼筋混凝土造,,202.23,3,2,2,有,無,12000000,60401,坡道平面,48.26,2700000,租賃範圍不含車位，且無法區分車位面積。;,RPXSMLPKQHNFFEF57CB
淡水區,房地(土地+建物)+車位,淡海段61~90地號,46.75,住,,,1040724,土地1建物1車位1,十層,13,住宅大樓(11層含以上有電梯),住家用,鋼筋混凝土造,,180.08,3,2,2,有,無,11620000,68650,坡道平面,26.11,1050000,租賃範圍不含車位，且無法區分車位面積。;,RPOTMLPKQHNFFEF76CB
淡水區,房地(土地+建物)+車位,淡海段61~90地號,94.42,住,,,1050425,土地1建物1車位2,十三層,13,住宅大樓(11層含以上有電梯),住家用,鋼筋混凝土造,,357.83,4,2,2,有,無,23000000,67406,坡道平面,52.22,2400000,租賃範圍不含車位，且無法區分車位面積。;,RPTNMLQKQHNFFEF76CB
淡水區,房地(土地+建物)+車位,淡海段61~90地號,44.05,住,,,1051113,土地1建物1車位1,一層,13,住宅大樓(11層含以上有電梯),住家用,鋼筋混凝土造,,163.52,3,2,2,有,無,10200000,63678,坡道平面,26.11,1450000,,RPUNMLQKQHNFFEF86CB
淡水區,房地(土地+建物)+車位,淡海段61~90地號,49.45,住,,,1060103,土地1建物1車位2,二層,13,住宅大樓(11層含以上有電梯),住家用,鋼筋混凝土造,,195.16,3,2,2,有,無,10500000,54568,坡道平面,52.22,2700000,租賃範圍不含車位，且無法區分車位面積。;,RPWNMLQKQHNFFEF07CB
淡水區,房地(土地+建物)+車位,淡海段61~90地號,42.34,住,,,1050115,土地1建物1車位1,三層,13,住宅大樓(11層含以上有電梯),住家用,鋼筋混凝土造,,167.07,3,2,2,有,無,9600000,59116,坡道平面,24.13,1150000,,RPXNMLQKQHNFFEF17CB
淡水區,房地(土地+建物)+車位,淡海段61~90地號,43.05,住,,,1051006,土地1建物1車位1,四層,13,住宅大樓(11層含以上有電梯),住家用,鋼筋混凝土造,,169.05,3,2,2,有,無,9520000,57157,坡道平面,26.11,1350000,,RPPOMLQKQHNFFEF09CB
淡水區,房地(土地+建物)+車位,淡海段61~90地號,43.05,住,,,1050626,土地1建物1車位1,五層,13,住宅大樓(11層含以上有電梯),住家用,鋼筋混凝土造,,169.05,3,2,2,有,無,9880000,60725,坡道平面,26.11,1200000,租賃範圍不含車位，且無法區分車位面積。;,RPQOMLQKQHNFFEF56CB
淡水區,房地(土地+建物)+車位,淡海段61~90地號,49.45,住,,,1050603,土地1建物1車位2,七層,13,住宅大樓(11層含以上有電梯),住家用,鋼筋混凝土造,,195.16,3,2,2,有,無,11000000,60165,坡道平面,52.22,2400000,租賃範圍不含車位，且無法區分車位面積。;,RPROMLQKQHNFFEF66CB
淡水區,房地(土地+建物)+車位,淡海段61~90地號,43.05,住,,,1050115,土地1建物1車位1,八層,13,住宅大樓(11層含以上有電梯),住家用,鋼筋混凝土造,,169.05,3,2,2,有,無,10150000,62614,坡道平面,26.11,1200000,租賃範圍不含車位，且無法區分車位面積。;,RPSOMLQKQHNFFEF76CB
淡水區,房地(土地+建物)+車位,淡海段61~90地號,43.05,住,,,1050507,土地1建物1車位1,九層,13,住宅大樓(11層含以上有電梯),住家用,鋼筋混凝土造,,169.05,3,2,2,有,無,10180000,62824,坡道平面,26.11,1200000,租賃範圍不含車位，且無法區分車位面積。;,RPTOMLQKQHNFFEF86CB
淡水區,房地(土地+建物)+車位,淡海段61~90地號,43.05,住,,,1050629,土地1建物1車位1,十層,13,住宅大樓(11層含以上有電梯),住家用,鋼筋混凝土造,,169.05,3,2,2,有,無,10200000,62963,坡道平面,26.11,1200000,租賃範圍不含車位，且無法區分車位面積。;,RPUOMLQKQHNFFEF96CB
淡水區,房地(土地+建物)+車位,淡海段61~90地號,43.05,住,,,1051021,土地1建物1車位1,十一層,13,住宅大樓(11層含以上有電梯),住家用,鋼筋混凝土造,,169.05,3,2,2,有,無,10200000,61914,坡道平面,26.11,1350000,,RPVOMLQKQHNFFEF07CB
淡水區,房地(土地+建物)+車位,淡海段61~90地號,43.05,住,,,1050827,土地1建物1車位1,十二層,13,住宅大樓(11層含以上有電梯),住家用,鋼筋混凝土造,,169.05,3,2,2,有,無,10050000,61914,坡道平面,26.11,1200000,,RPWOMLQKQHNFFEF17CB
淡水區,房地(土地+建物)+車位,淡海段61~90地號,35.38,住,,,1050201,土地1建物1車位1,二層,13,住宅大樓(11層含以上有電梯),住家用,鋼筋混凝土造,,136.95,2,2,1,有,無,8400000,64262,坡道平面,24.13,1150000,租賃範圍不含車位，且無法區分車位面積。;,RPXOMLQKQHNFFEF27CB
淡水區,房地(土地+建物)+車位,淡海段61~90地號,35.38,住,,,1051108,土地1建物1車位1,五層,13,住宅大樓(11層含以上有電梯),住家用,鋼筋混凝土造,,136.95,2,2,1,有,無,7600000,56284,坡道平面,24.13,1250000,,RPOPMLQKQHNFFEF09CB
淡水區,房地(土地+建物)+車位,淡海段61~90地號,39.57,住,,,1050903,土地1建物1車位1,四層,13,住宅大樓(11層含以上有電梯),住家用,鋼筋混凝土造,,150.6,2,2,1,有,無,8500000,57326,坡道平面,24.13,1250000,,RPPPMLQKQHNFFEF56CB
淡水區,房地(土地+建物)+車位,淡海段61~90地號,39.57,住,,,1051024,土地1建物1車位1,八層,13,住宅大樓(11層含以上有電梯),住家用,鋼筋混凝土造,,150.6,2,2,1,有,無,8800000,58907,坡道平面,24.13,1350000,,RPQPMLQKQHNFFEF66CB
淡水區,房地(土地+建物)+車位,淡海段61~90地號,40.28,住,,,1051212,土地1建物1車位1,九層,13,住宅大樓(11層含以上有電梯),住家用,鋼筋混凝土造,,152.58,2,2,1,有,無,8680000,57958,坡道平面,26.11,1350000,租賃範圍不含車位，且無法區分車位面積。;,RPVPMLQKQHNFFEF17CB
淡水區,房地(土地+建物)+車位,淡海段61~90地號,60.31,住,,,1040502,土地1建物1車位2,十三層,13,住宅大樓(11層含以上有電梯),住家用,鋼筋混凝土造,,236.07,4,2,2,有,無,15020000,67104,坡道平面,50.24,2550000,租賃範圍不含車位，且無法區分車位面積。;,RPXPMLQKQHNFFEF37CB
淡水區,房地(土地+建物)+車位,淡海段61~90地號,46.75,住,,,1050311,土地1建物1車位1,三層,13,住宅大樓(11層含以上有電梯),住家用,鋼筋混凝土造,,180.08,3,2,2,有,無,10200000,58453,坡道平面,26.11,1200000,,RPPQMLQKQHNFFEF66CB
淡水區,房地(土地+建物)+車位,淡海段61~90地號,46.75,住,,,1050508,土地1建物1車位1,六層,13,住宅大樓(11層含以上有電梯),住家用,鋼筋混凝土造,,180.08,3,2,2,有,無,10380000,59622,坡道平面,26.11,1200000,租賃範圍不含車位，且無法區分車位面積。;,RPQQMLQKQHNFFEF76CB
淡水區,房地(土地+建物)+車位,淡海段61~90地號,53.14,住,,,1041210,土地1建物1車位2,八層,13,住宅大樓(11層含以上有電梯),住家用,鋼筋混凝土造,,206.19,3,2,2,有,無,11680000,59947,坡道平面,52.22,2450000,,RPRQMLQKQHNFFEF86CB
淡水區,房地(土地+建物)+車位,淡海段61~90地號,46.75,住,,,1051001,土地1建物1車位1,十層,13,住宅大樓(11層含以上有電梯),住家用,鋼筋混凝土造,,180.08,3,2,2,有,無,10600000,60077,坡道平面,26.11,1350000,租賃範圍不含車位，且無法區分車位面積。;,RPSQMLQKQHNFFEF96CB
淡水區,房地(土地+建物)+車位,淡海段61~90地號,46.75,住,,,1051121,土地1建物1車位1,十二層,13,住宅大樓(11層含以上有電梯),住家用,鋼筋混凝土造,,180.08,3,2,2,有,無,10600000,60077,坡道平面,26.11,1350000,,RPUQMLQKQHNFFEF17CB
淡水區,房地(土地+建物)+車位,淡海段61~90地號,44.05,住,,,1051227,土地1建物1車位1,一層,13,住宅大樓(11層含以上有電梯),住家用,鋼筋混凝土造,,164.21,3,2,2,有,無,10250000,64446,坡道平面,26.11,1350000,租賃範圍不含車位，且無法區分車位面積。;,RPVQMLQKQHNFFEF27CB
淡水區,房地(土地+建物)+車位,淡海段61~90地號,48.74,住,,,1050625,土地1建物1車位2,五層,13,住宅大樓(11層含以上有電梯),住家用,鋼筋混凝土造,,193.18,3,2,2,有,無,10600000,57717,坡道平面,50.24,2350000,,RPXQMLQKQHNFFEF47CB
淡水區,房地(土地+建物)+車位,淡海段61~90地號,49.45,住,,,1050410,土地1建物1車位2,七層,13,住宅大樓(11層含以上有電梯),住家用,鋼筋混凝土造,,195.16,3,2,2,有,無,10800000,59815,坡道平面,52.22,2250000,租賃範圍不含車位，且無法區分車位面積。;,RPORMLQKQHNFFEF66CB
淡水區,房地(土地+建物)+車位,淡海段61~90地號,43.05,住,,,1040516,土地1建物1車位1,八層,13,住宅大樓(11層含以上有電梯),住家用,鋼筋混凝土造,,169.05,3,2,2,有,無,10980000,68420,坡道平面,26.11,1200000,租賃範圍不含車位，且無法區分車位面積。;,RPPRMLQKQHNFFEF76CB
淡水區,房地(土地+建物)+車位,淡海段61~90地號,49.45,住,,,1050313,土地1建物1車位2,九層,13,住宅大樓(11層含以上有電梯),住家用,鋼筋混凝土造,,195.16,3,2,2,有,無,11180000,60725,坡道平面,52.22,2500000,租賃範圍不含車位，且無法區分車位面積。;,RPQRMLQKQHNFFEF86CB
淡水區,房地(土地+建物)+車位,淡海段61~90地號,43.05,住,,,1050509,土地1建物1車位1,十層,13,住宅大樓(11層含以上有電梯),住家用,鋼筋混凝土造,,169.05,3,2,2,有,無,10200000,62963,坡道平面,26.11,1200000,租賃範圍不含車位，且無法區分車位面積。;,RPRRMLQKQHNFFEF96CB
淡水區,房地(土地+建物)+車位,淡海段61~90地號,43.05,住,,,1051210,土地1建物1車位1,十一層,13,住宅大樓(11層含以上有電梯),住家用,鋼筋混凝土造,,169.05,3,2,2,有,無,9980000,60375,坡道平面,26.11,1350000,,RPSRMLQKQHNFFEF07CB
淡水區,房地(土地+建物)+車位,淡海段61~90地號,35.38,住,,,1050123,土地1建物1車位1,二層,13,住宅大樓(11層含以上有電梯),住家用,鋼筋混凝土造,,136.95,2,2,1,有,無,8600000,66034,坡道平面,24.13,1150000,租賃範圍不含車位，且無法區分車位面積。;,RPTRMLQKQHNFFEF17CB
淡水區,房地(土地+建物)+車位,淡海段61~90地號,35.38,住,,,1050828,土地1建物1車位1,四層,13,住宅大樓(11層含以上有電梯),住家用,鋼筋混凝土造,,136.95,2,2,1,有,無,7650000,56728,坡道平面,24.13,1250000,,RPURMLQKQHNFFEF27CB
淡水區,房地(土地+建物)+車位,淡海段61~90地號,41.77,住,,,1051113,土地1建物1車位2,五層,13,住宅大樓(11層含以上有電梯),住家用,鋼筋混凝土造,,163.06,2,2,1,有,無,8800000,54955,坡道平面,50.24,2600000,租賃範圍不含車位，且無法區分車位面積。;,RPVRMLQKQHNFFEF37CB
林口區,房地(土地+建物),力行段991~1020地號,13.14,住,,,1060616,土地1建物1車位0,見其他登記事項,14,住宅大樓(11層含以上有電梯),住商用,鋼筋混凝土造,,94.5,0,0,0,無,無,15000000,158730,,0.0,0,,RPQQMLQKQHNFFBF56DB
林口區,房地(土地+建物),力行段991~1020地號,11.58,住,,,1060801,土地1建物1車位0,見其他登記事項,14,住宅大樓(11層含以上有電梯),住商用,鋼筋混凝土造,,82.64,0,0,0,無,無,12000000,145208,,0.0,0,,RPVQMLQKQHNFFBF07DB
林口區,房地(土地+建物),力行段991~1020地號,10.14,住,,,1040412,土地1建物1車位0,見其他登記事項,14,住宅大樓(11層含以上有電梯),住商用,鋼筋混凝土造,,72.35,0,0,0,無,無,9650000,133379,,0.0,0,,RPPRMLQKQHNFFBF56DB
林口區,房地(土地+建物),力行段991~1020地號,13.56,住,,,1040412,土地1建物1車位0,見其他登記事項,14,住宅大樓(11層含以上有電梯),住商用,鋼筋混凝土造,,97.19,0,0,0,無,無,13350000,137360,,0.0,0,,RPRRMLQKQHNFFBF76DB
淡水區,房地(土地+建物)+車位,公司田段31~60地號,26.46,住,,,1060520,土地1建物1車位1,六層,15,住宅大樓(11層含以上有電梯),住家用,鋼筋混凝土造,,138.32,1,1,1,有,無,11200000,92472,坡道平面,28.99,1090000,,RPUPMLKLQHNFFEF56CB
淡水區,房地(土地+建物)+車位,公司田段31~60地號,23.11,住,,,1060524,土地1建物1車位1,十五層,15,住宅大樓(11層含以上有電梯),住家用,鋼筋混凝土造,,120.74,1,1,1,有,無,9190000,85367,坡道平面,23.63,900000,,RPVPMLKLQHNFFEF66CB
淡水區,房地(土地+建物)+車位,公司田段31~60地號,24.91,住,,,1060716,土地1建物1車位1,一層,15,住宅大樓(11層含以上有電梯),住家用,鋼筋混凝土造,,130.29,1,1,1,有,無,20000000,181658,坡道平面,27.9,1400000,,RPWPMLKLQHNFFEF76CB
淡水區,房地(土地+建物)+車位,公司田段31~60地號,23.44,住,,,1060806,土地1建物1車位1,九層,15,住宅大樓(11層含以上有電梯),住家用,鋼筋混凝土造,,122.44,1,1,1,有,無,10200000,93633,坡道平面,28.99,1450000,,RPXPMLKLQHNFFEF86CB
淡水區,房地(土地+建物)+車位,公司田段31~60地號,23.44,住,,,1060403,土地1建物1車位1,七層,15,住宅大樓(11層含以上有電梯),住家用,鋼筋混凝土造,,122.44,1,1,1,有,無,10150000,93633,坡道平面,28.99,1400000,,RPOQMLKLQHNFFEF68CB
淡水區,房地(土地+建物)+車位,公司田段31~60地號,26.46,住,,,1060525,土地1建物1車位1,十層,15,住宅大樓(11層含以上有電梯),住家用,鋼筋混凝土造,,138.32,1,1,1,有,無,11500000,91924,坡道平面,28.99,1450000,,RPPQMLKLQHNFFEF78CB
淡水區,房地(土地+建物)+車位,公司田段31~60地號,23.44,住,,,1060604,土地1建物1車位1,八層,15,住宅大樓(11層含以上有電梯),住家用,鋼筋混凝土造,,122.44,1,1,1,有,無,10220000,93847,坡道平面,28.99,1450000,,RPQQMLKLQHNFFEF88CB
淡水區,房地(土地+建物)+車位,公司田段31~60地號,26.46,住,,,1060522,土地1建物1車位1,四層,15,住宅大樓(11層含以上有電梯),住家用,鋼筋混凝土造,,138.32,1,1,1,有,無,11400000,91466,坡道平面,28.99,1400000,,RPRQMLKLQHNFFEF98CB
淡水區,房地(土地+建物)+車位,公司田段31~60地號,26.46,住,,,1060526,土地1建物1車位1,八層,15,住宅大樓(11層含以上有電梯),住家用,鋼筋混凝土造,,138.32,1,1,1,有,無,11500000,91924,坡道平面,28.99,1450000,,RPSQMLKLQHNFFEF09CB
淡水區,房地(土地+建物)+車位,公司田段31~60地號,26.46,住,,,1060520,土地1建物1車位1,九層,15,住宅大樓(11層含以上有電梯),住家用,鋼筋混凝土造,,138.32,1,1,1,有,無,11500000,92381,坡道平面,28.99,1400000,,RPTQMLKLQHNFFEF56CB
淡水區,房地(土地+建物)+車位,公司田段31~60地號,14.94,住,,,1060813,土地1建物1車位1,一層,15,住宅大樓(11層含以上有電梯),住家用,鋼筋混凝土造,,78.25,1,1,1,有,無,12500000,224320,坡道平面,28.99,1450000,,RPUQMLKLQHNFFEF66CB
淡水區,房地(土地+建物)+車位,公司田段31~60地號,26.46,住,,,1060528,土地1建物1車位1,五層,15,住宅大樓(11層含以上有電梯),住家用,鋼筋混凝土造,,138.32,1,1,1,有,無,11450000,91924,坡道平面,28.99,1400000,,RPVQMLKLQHNFFEF76CB
林口區,房地(土地+建物),力行段991~1020地號,8.43,住,,,1060609,土地1建物1車位0,十一層,14,住宅大樓(11層含以上有電梯),住家用,鋼筋混凝土造,,60.15,1,1,1,有,無,5700000,94763,,0.0,0,,RPSPMLLLQHNFFBF88DB
林口區,房地(土地+建物),力行段991~1020地號,8.43,住,,,1050925,土地1建物1車位0,十二層,14,住宅大樓(11層含以上有電梯),住家用,鋼筋混凝土造,,60.15,1,1,1,有,無,5820000,96758,,0.0,0,,RPTPMLLLQHNFFBF98DB
林口區,房地(土地+建物)+車位,力行段991~1020地號,13.38,住,,,1040509,土地1建物1車位1,十三層,14,住宅大樓(11層含以上有電梯),住家用,鋼筋混凝土造,,109.01,2,2,1,有,無,11000000,106371,坡道平面,20.64,1600000,,RPUPMLLLQHNFFBF09DB
三重區,房地(土地+建物)+車位,幸福段361~390地號,10.68,住,,,1070226,土地1建物1車位1,十一層,12,住宅大樓(11層含以上有電梯),住家用,鋼筋混凝土造,,95.0,2,1,1,有,無,12970000,137780,坡道機械,10.3,1300000,,RPQPMLMLQHNFFGF56CB
土城區,房地(土地+建物)+車位,明德段151~180地號,26.22,住,,,1061021,土地1建物1車位1,九層,14,住宅大樓(11層含以上有電梯),住家用,鋼筋混凝土造,,166.64,3,2,2,有,無,16760000,118836,坡道平面,39.49,1650000,,RPOQMLTLQHNFFAF76EB
淡水區,房地(土地+建物)+車位,淡海段61~90地號,25.23,住,,,1070121,土地1建物1車位1,十二層,15,住宅大樓(11層含以上有電梯),住家用,鋼筋混凝土造,,161.34,3,2,2,有,無,8300000,53580,坡道平面,29.76,1250000,,RPPRMLSKRHNFFEF07CB
淡水區,房地(土地+建物)+車位,淡海段61~90地號,27.81,住,,,1061209,土地1建物1車位1,九層,15,住宅大樓(11層含以上有電梯),住家用,鋼筋混凝土造,,178.17,3,2,2,有,無,9500000,54901,坡道平面,29.72,1350000,,RPRNMLTKRHNFFEF96CB
淡水區,房地(土地+建物)+車位,淡海段61~90地號,27.81,住,,,1070422,土地1建物1車位1,十一層,15,住宅大樓(11層含以上有電梯),住家用,鋼筋混凝土造,,177.68,3,2,2,有,無,9550000,55435,坡道平面,29.76,1350000,,RPTNMLTKRHNFFEF17CB
汐止區,房地(土地+建物)+車位,江北段121~150地號,13.0,住,,,1070520,土地2建物1車位1,一層,7,華廈(10層含以下有電梯),住家用,鋼筋混凝土造,,92.26,1,2,1,有,無,7300000,106484,一樓平面,39.67,1700000,,RPQNMLRLRHNFFDF76DB
汐止區,房地(土地+建物)+車位,江北段121~150地號,17.83,住,,,1070630,土地2建物1車位1,五層,7,華廈(10層含以下有電梯),住家用,鋼筋混凝土造,,89.39,2,2,1,有,無,7380000,89913,升降機械,17.32,900000,,RPRNMLRLRHNFFDF86DB
汐止區,房地(土地+建物),江北段121~150地號,19.46,住,,,1070508,土地2建物1車位0,七層,7,華廈(10層含以下有電梯),住家用,鋼筋混凝土造,,78.72,2,2,1,有,無,7100000,90193,,0.0,0,,RPTNMLRLRHNFFDF07DB
汐止區,房地(土地+建物),江北段121~150地號,19.46,住,,,1070320,土地2建物1車位0,三層,7,華廈(10層含以下有電梯),住家用,鋼筋混凝土造,,78.72,2,2,1,有,無,7100000,90193,,0.0,0,,RPUNMLRLRHNFFDF17DB
汐止區,房地(土地+建物),江北段121~150地號,19.46,住,,,1070722,土地2建物1車位0,四層,7,華廈(10層含以下有電梯),住家用,鋼筋混凝土造,,78.72,2,2,1,有,無,7000000,88923,,0.0,0,,RPVNMLRLRHNFFDF27DB
汐止區,房地(土地+建物),江北段151~180地號,17.83,住,,,1070520,土地2建物1車位0,三層,7,華廈(10層含以下有電梯),住家用,鋼筋混凝土造,,72.07,2,2,1,有,無,6200000,86027,,0.0,0,,RPPNMLSLRHNFFDF76DB
新店區,房地(土地+建物)+車位,安康段1621~1650地號,2028.7,其他,,,1070810,土地6建物1車位4,全,3,透天厝,住家用,鋼筋混凝土造,,676.66,0,0,0,無,無,105000000,155174,坡道平面,0.0,0,,RPVNMLNJIINFFCF28CB
板橋區,房地(土地+建物)+車位,大豐段1~30地號,27.15,住,,,1070520,土地1建物1車位1,四層,15,住宅大樓(11層含以上有電梯),住家用,鋼筋混凝土造,,146.22,3,1,2,有,無,14800000,101217,坡道平面,20.83,0,,RPOPMLQKIINFFAF97CB
板橋區,房地(土地+建物)+車位,大豐段1~30地號,27.15,住,,,1070501,土地1建物1車位1,十層,15,住宅大樓(11層含以上有電梯),住家用,鋼筋混凝土造,,146.22,3,1,2,有,無,15100000,103269,坡道平面,20.83,0,,RPWPMLSKIINFFAF98CB
板橋區,房地(土地+建物)+車位,大豐段1~30地號,27.15,住,,,1070405,土地1建物1車位1,十一層,15,住宅大樓(11層含以上有電梯),住家用,鋼筋混凝土造,,146.22,3,1,2,有,無,14900000,101901,坡道平面,20.83,0,,RPOQMLSKIINFFAF28CB
板橋區,房地(土地+建物)+車位,大豐段1~30地號,27.15,住,,,1070525,土地1建物1車位1,十二層,15,住宅大樓(11層含以上有電梯),住家用,鋼筋混凝土造,,146.22,3,1,2,有,無,15200000,103953,坡道平面,20.83,0,,RPPQMLSKIINFFAF38CB
板橋區,房地(土地+建物)+車位,大豐段1~30地號,27.15,住,,,1070428,土地1建物1車位1,十三層,15,住宅大樓(11層含以上有電梯),住家用,鋼筋混凝土造,,146.22,3,1,2,有,無,15100000,103269,坡道平面,20.83,0,,RPQQMLSKIINFFAF48CB
板橋區,房地(土地+建物)+車位,大豐段1~30地號,27.15,住,,,1070626,土地1建物1車位1,十四層,15,住宅大樓(11層含以上有電梯),住家用,鋼筋混凝土造,,146.22,3,1,2,有,無,15000000,102585,坡道平面,20.83,0,,RPRQMLSKIINFFAF58CB
板橋區,房地(土地+建物)+車位,大豐段1~30地號,27.15,住,,,1070520,土地1建物1車位1,十五層,15,住宅大樓(11層含以上有電梯),住家用,鋼筋混凝土造,,146.22,3,1,2,有,無,14800000,101217,坡道平面,20.83,0,,RPVQMLSKIINFFAF98CB
三峽區,房地(土地+建物),長泰段481~510地號,26.29,住,,,1070318,土地1建物1車位0,四層,12,住宅大樓(11層含以上有電梯),住家用,鋼筋混凝土造,,132.15,3,2,2,有,無,9390000,71056,,0.0,0,,RPTPMLSKIINFFIF86CB
三峽區,房地(土地+建物),長泰段481~510地號,23.66,住,,,1070112,土地1建物1車位0,四層,12,住宅大樓(11層含以上有電梯),住家用,鋼筋混凝土造,,119.01,3,2,2,有,無,8050000,67641,,0.0,0,,RPXPMLSKIINFFIF27CB
三峽區,房地(土地+建物),長泰段481~510地號,23.66,住,,,1070504,土地1建物1車位0,五層,12,住宅大樓(11層含以上有電梯),住家用,鋼筋混凝土造,,119.01,3,2,2,有,無,8380000,70414,,0.0,0,,RPOQMLSKIINFFIF09CB
三峽區,房地(土地+建物),長泰段481~510地號,26.29,住,,,1070421,土地1建物1車位0,十一層,12,住宅大樓(11層含以上有電梯),住家用,鋼筋混凝土造,,132.16,3,2,2,有,無,9660000,73093,,0.0,0,,RPURMLSKIINFFIF17CB
三峽區,房地(土地+建物),長泰段481~510地號,18.32,住,,,1070707,土地1建物1車位0,四層,12,住宅大樓(11層含以上有電梯),住家用,鋼筋混凝土造,,92.14,2,2,1,有,無,6660000,72281,,0.0,0,,RPXSMLSKIINFFIF57CB
三峽區,房地(土地+建物),長泰段481~510地號,18.32,住,,,1070806,土地1建物1車位0,十一層,12,住宅大樓(11層含以上有電梯),住家用,鋼筋混凝土造,,92.14,2,2,1,有,無,6800000,73801,,0.0,0,,RPSTMLSKIINFFIF17CB
三峽區,房地(土地+建物),長泰段481~510地號,21.3,住,,,1070923,土地1建物1車位0,一層,12,住宅大樓(11層含以上有電梯),住商用,鋼筋混凝土造,,91.1,0,0,1,有,無,8000000,87816,,0.0,0,,RPXTMLSKIINFFIF67CB
三峽區,房地(土地+建物),長泰段481~510地號,17.16,住,,,1070511,土地1建物1車位0,一層,12,住宅大樓(11層含以上有電梯),住商用,鋼筋混凝土造,,73.39,0,0,1,有,無,8760000,119362,,0.0,0,續租。;,RPOUMLSKIINFFIF86CB
三峽區,房地(土地+建物),長泰段481~510地號,19.66,住,,,1070128,土地1建物1車位0,八層,12,住宅大樓(11層含以上有電梯),住家用,鋼筋混凝土造,,98.85,2,2,1,有,無,7450000,75367,,0.0,0,,RPUUMLSKIINFFIF47CB
板橋區,房地(土地+建物)+車位,大豐段1~30地號,26.98,住,,,1070811,土地1建物1車位1,四層,15,住宅大樓(11層含以上有電梯),住家用,鋼筋混凝土造,,145.46,3,1,2,有,無,14600000,100371,坡道平面,20.83,0,,RPTPMLTKIINFFAF78CB
板橋區,房地(土地+建物)+車位,大豐段1~30地號,26.98,住,,,1070626,土地1建物1車位1,九層,15,住宅大樓(11層含以上有電梯),住家用,鋼筋混凝土造,,145.46,3,1,2,有,無,14800000,101746,坡道平面,20.83,0,,RPWQMLTKIINFFAF56CB
板橋區,房地(土地+建物)+車位,大豐段1~30地號,26.98,住,,,1070501,土地1建物1車位1,十層,15,住宅大樓(11層含以上有電梯),住家用,鋼筋混凝土造,,145.46,3,1,2,有,無,14950000,102777,坡道平面,20.83,0,,RPTTMLTKIINFFAF56CB
板橋區,房地(土地+建物)+車位,大豐段1~30地號,26.98,住,,,1070427,土地1建物1車位1,十三層,15,住宅大樓(11層含以上有電梯),住家用,鋼筋混凝土造,,145.46,3,1,2,有,無,14950000,102777,坡道平面,20.83,0,,RPPUMLTKIINFFAF88CB
板橋區,房地(土地+建物)+車位,大豐段1~30地號,26.98,住,,,1070722,土地1建物1車位1,十四層,15,住宅大樓(11層含以上有電梯),住家用,鋼筋混凝土造,,145.46,3,1,2,有,無,14950000,102777,坡道平面,20.83,0,,RPTUMLTKIINFFAF66CB
板橋區,房地(土地+建物)+車位,大豐段1~30地號,26.98,住,,,1070405,土地1建物1車位1,十五層,15,住宅大樓(11層含以上有電梯),住家用,鋼筋混凝土造,,145.46,3,1,2,有,無,14700000,101059,坡道平面,20.83,0,,RPWUMLTKIINFFAF96CB
板橋區,房地(土地+建物)+車位,大豐段1~30地號,26.98,住,,,1070715,土地1建物1車位1,二層,15,住宅大樓(11層含以上有電梯),住家用,鋼筋混凝土造,,142.48,3,1,2,有,無,14300000,100365,坡道平面,17.85,0,,RPQVMLTKIINFFAF09CB
板橋區,房地(土地+建物)+車位,大豐段1~30地號,26.98,住,,,1070407,土地1建物1車位1,六層,15,住宅大樓(11層含以上有電梯),住家用,鋼筋混凝土造,,145.46,3,1,2,有,無,14300000,98309,坡道平面,20.83,0,,RPRVMLTKIINFFAF56CB
板橋區,房地(土地+建物)+車位,大豐段1~30地號,26.98,住,,,1070324,土地1建物1車位1,十五層,15,住宅大樓(11層含以上有電梯),住家用,鋼筋混凝土造,,145.46,3,1,2,有,無,14200000,97621,坡道平面,20.83,0,,RPUVMLTKIINFFAF86CB
板橋區,房地(土地+建物)+車位,大豐段1~30地號,27.89,住,,,1070818,土地1建物1車位1,二層,15,住宅大樓(11層含以上有電梯),住家用,鋼筋混凝土造,,146.76,3,1,2,有,無,14980000,102071,坡道平面,17.85,0,,RPQWMLTKIINFFAF56CB
板橋區,房地(土地+建物)+車位,大豐段1~30地號,27.89,住,,,1070728,土地1建物1車位1,三層,15,住宅大樓(11層含以上有電梯),住家用,鋼筋混凝土造,,149.74,3,1,2,有,無,14770000,98638,坡道平面,20.83,0,,RPSWMLTKIINFFAF76CB
板橋區,房地(土地+建物)+車位,大豐段1~30地號,27.89,住,,,1070408,土地1建物1車位1,四層,15,住宅大樓(11層含以上有電梯),住家用,鋼筋混凝土造,,149.74,3,1,2,有,無,14700000,98170,坡道平面,20.83,0,,RPUWMLTKIINFFAF96CB
板橋區,房地(土地+建物)+車位,大豐段1~30地號,27.89,住,,,1070803,土地1建物1車位1,十三層,15,住宅大樓(11層含以上有電梯),住家用,鋼筋混凝土造,,149.74,3,1,2,有,無,15150000,101175,坡道平面,20.83,0,,RPXWMLTKIINFFAF27CB
板橋區,房地(土地+建物)+車位,大豐段1~30地號,26.24,住,,,1070808,土地1建物1車位1,五層,15,住宅大樓(11層含以上有電梯),住家用,鋼筋混凝土造,,141.92,3,1,2,有,無,14400000,101466,坡道平面,20.83,0,,RPSSMLMLIINFFAF38CB
板橋區,房地(土地+建物)+車位,大豐段1~30地號,26.24,住,,,1070818,土地1建物1車位1,六層,15,住宅大樓(11層含以上有電梯),住家用,鋼筋混凝土造,,141.92,3,1,2,有,無,15140000,106680,坡道平面,20.83,0,,RPXSMLMLIINFFAF88CB
板橋區,房地(土地+建物)+車位,大豐段1~30地號,18.57,住,,,1070815,土地1建物1車位1,二層,15,住宅大樓(11層含以上有電梯),住家用,鋼筋混凝土造,,105.58,2,1,1,有,無,11100000,105134,坡道平面,20.83,0,,RPPTMLMLIINFFAF18CB
板橋區,房地(土地+建物)+車位,大豐段1~30地號,18.57,住,,,1070524,土地1建物1車位1,三層,15,住宅大樓(11層含以上有電梯),住家用,鋼筋混凝土造,,105.58,2,1,1,有,無,11000000,104186,坡道平面,20.83,0,,RPQTMLMLIINFFAF28CB
板橋區,房地(土地+建物)+車位,大豐段1~30地號,18.57,住,,,1070708,土地1建物1車位1,八層,15,住宅大樓(11層含以上有電梯),住家用,鋼筋混凝土造,,105.58,2,1,1,有,無,11150000,105607,坡道平面,20.83,0,,RPRTMLMLIINFFAF38CB
板橋區,房地(土地+建物)+車位,大豐段1~30地號,18.57,住,,,1070526,土地1建物1車位1,十一層,15,住宅大樓(11層含以上有電梯),住家用,鋼筋混凝土造,,105.58,2,1,1,有,無,11200000,106081,坡道平面,20.83,0,,RPPUMLMLIINFFAF28CB
板橋區,房地(土地+建物)+車位,大豐段1~30地號,18.57,住,,,1070511,土地1建物1車位1,十三層,15,住宅大樓(11層含以上有電梯),住家用,鋼筋混凝土造,,105.58,2,1,1,有,無,11200000,106081,坡道平面,20.83,0,,RPRUMLMLIINFFAF48CB
板橋區,房地(土地+建物)+車位,大豐段1~30地號,18.57,住,,,1070701,土地1建物1車位1,十四層,15,住宅大樓(11層含以上有電梯),住家用,鋼筋混凝土造,,105.58,2,1,1,有,無,11200000,106081,坡道平面,20.83,0,,RPTUMLMLIINFFAF68CB
板橋區,房地(土地+建物)+車位,大豐段1~30地號,18.9,住,,,1070611,土地1建物1車位1,四層,15,住宅大樓(11層含以上有電梯),住家用,鋼筋混凝土造,,107.1,2,1,1,有,無,11150000,104108,坡道平面,20.83,0,,RPUUMLMLIINFFAF78CB
板橋區,房地(土地+建物)+車位,大豐段1~30地號,18.9,住,,,1070324,土地1建物1車位1,十二層,15,住宅大樓(11層含以上有電梯),住家用,鋼筋混凝土造,,107.1,2,1,1,有,無,11350000,105976,坡道平面,20.83,0,,RPXUMLMLIINFFAF09CB
板橋區,房地(土地+建物),大豐段1~30地號,16.86,住,,,1070527,土地1建物1車位0,二層,15,住宅大樓(11層含以上有電梯),住家用,鋼筋混凝土造,,79.9,2,1,1,有,無,9250000,115770,,0.0,0,,RPUVMLMLIINFFAF88CB
板橋區,房地(土地+建物)+車位,大豐段1~30地號,26.65,住,,,1070816,土地1建物1車位1,九層,15,住宅大樓(11層含以上有電梯),住家用,鋼筋混凝土造,,143.83,3,1,2,有,無,14750000,102552,坡道平面,20.83,0,,RPVVMLMLIINFFAF98CB
板橋區,房地(土地+建物)+車位,大豐段1~30地號,18.9,住,,,1070621,土地1建物1車位1,十四層,15,住宅大樓(11層含以上有電梯),住家用,鋼筋混凝土造,,107.1,2,1,1,有,無,11400000,106443,坡道平面,20.83,0,,RPWVMLMLIINFFAF09CB
汐止區,房地(土地+建物)+車位,智興段751~780地號,15.43,住,,,1030923,土地1建物1車位1,八層,13,住宅大樓(11層含以上有電梯),住家用,鋼筋混凝土造,,111.86,2,2,1,有,無,15450000,144271,坡道機械,16.9,1750000,,RPUPMLMLIINFFDF58CB
汐止區,房地(土地+建物)+車位,智興段751~780地號,16.49,住,,,1031016,土地1建物1車位1,六層,13,住宅大樓(11層含以上有電梯),住家用,鋼筋混凝土造,,118.44,2,2,1,有,無,15250000,135415,坡道機械,16.9,1500000,,RPVPMLMLIINFFDF68CB
汐止區,房地(土地+建物),智興段751~780地號,10.25,住,,,1031010,土地1建物1車位0,七層,13,住宅大樓(11層含以上有電梯),住家用,鋼筋混凝土造,,63.78,1,1,1,有,無,9100000,142678,,0.0,0,,RPWPMLMLIINFFDF78CB
汐止區,房地(土地+建物)+車位,智興段751~780地號,22.38,住,,,1040114,土地1建物1車位1,七層,13,住宅大樓(11層含以上有電梯),住家用,鋼筋混凝土造,,155.65,3,2,2,有,無,21100000,142703,坡道機械,16.9,1300000,,RPXPMLMLIINFFDF88CB
汐止區,房地(土地+建物),智興段751~780地號,15.31,住,,,1031106,土地1建物1車位0,三層,13,住宅大樓(11層含以上有電梯),住家用,鋼筋混凝土造,,94.96,2,2,1,有,無,13100000,137953,,0.0,0,,RPOQMLMLIINFFDF08CB
汐止區,房地(土地+建物),智興段751~780地號,10.25,住,,,1040201,土地1建物1車位0,八層,13,住宅大樓(11層含以上有電梯),住家用,鋼筋混凝土造,,63.78,1,1,1,有,無,9390000,147225,,0.0,0,,RPPQMLMLIINFFDF18CB
汐止區,房地(土地+建物)+車位,智興段751~780地號,10.37,住,,,1040201,土地1建物1車位1,六層,13,住宅大樓(11層含以上有電梯),住家用,鋼筋混凝土造,,80.68,1,1,1,有,無,10730000,144716,坡道機械,16.9,1500000,,RPQQMLMLIINFFDF28CB
汐止區,房地(土地+建物)+車位,智興段751~780地號,16.49,住,,,1031112,土地1建物1車位1,四層,13,住宅大樓(11層含以上有電梯),住家用,鋼筋混凝土造,,118.44,2,2,1,有,無,14850000,133445,坡道機械,16.9,1300000,,RPRQMLMLIINFFDF38CB
汐止區,房地(土地+建物),智興段751~780地號,10.25,住,,,1031018,土地1建物1車位0,三層,13,住宅大樓(11層含以上有電梯),住家用,鋼筋混凝土造,,63.78,1,1,1,有,無,8830000,138445,,0.0,0,,RPSQMLMLIINFFDF48CB
汐止區,房地(土地+建物),智興段751~780地號,16.37,住,,,1031114,土地1建物1車位0,十層,13,住宅大樓(11層含以上有電梯),住家用,鋼筋混凝土造,,101.54,2,2,1,有,無,14880000,146543,,0.0,0,,RPTQMLMLIINFFDF58CB
汐止區,房地(土地+建物)+車位,智興段751~780地號,15.43,住,,,1031204,土地1建物1車位1,四層,13,住宅大樓(11層含以上有電梯),住家用,鋼筋混凝土造,,111.86,2,2,1,有,無,14680000,138269,坡道機械,16.9,1550000,,RPUQMLMLIINFFDF68CB
汐止區,房地(土地+建物)+車位,智興段751~780地號,16.49,住,,,1031214,土地1建物1車位1,九層,13,住宅大樓(11層含以上有電梯),住家用,鋼筋混凝土造,,118.44,2,2,1,有,無,16020000,142505,坡道機械,16.9,1550000,,RPVQMLMLIINFFDF78CB
汐止區,房地(土地+建物)+車位,智興段751~780地號,22.38,住,,,1040114,土地1建物1車位1,十層,13,住宅大樓(11層含以上有電梯),住家用,鋼筋混凝土造,,155.65,3,2,2,有,無,21600000,146306,坡道機械,16.9,1300000,,RPWQMLMLIINFFDF88CB
汐止區,房地(土地+建物)+車位,智興段751~780地號,26.39,住,,,1040127,土地1建物1車位1,十三層,13,住宅大樓(11層含以上有電梯),住家用,鋼筋混凝土造,,197.24,3,2,2,有,無,27800000,153997,坡道平面,33.6,2600000,,RPXQMLMLIINFFDF98CB
汐止區,房地(土地+建物)+車位,智興段751~780地號,15.43,住,,,1040306,土地1建物1車位1,二層,13,住宅大樓(11層含以上有電梯),住家用,鋼筋混凝土造,,111.86,2,2,1,有,無,13900000,132687,坡道機械,16.9,1300000,,RPORMLMLIINFFDF18CB
汐止區,房地(土地+建物)+車位,智興段751~780地號,22.5,住,,,1040310,土地1建物1車位1,八層,13,住宅大樓(11層含以上有電梯),住家用,鋼筋混凝土造,,167.13,3,2,2,有,無,22000000,141818,坡道平面,28.22,2300000,,RPPRMLMLIINFFDF28CB
汐止區,房地(土地+建物)+車位,智興段751~780地號,16.49,住,,,1031020,土地1建物1車位1,三層,13,住宅大樓(11層含以上有電梯),住家用,鋼筋混凝土造,,118.44,2,2,1,有,無,14940000,132362,坡道機械,16.9,1500000,,RPRRMLMLIINFFDF48CB
汐止區,房地(土地+建物)+車位,智興段751~780地號,15.43,住,,,1031229,土地1建物1車位1,五層,13,住宅大樓(11層含以上有電梯),住家用,鋼筋混凝土造,,111.86,2,2,1,有,無,15000000,138479,坡道機械,16.9,1850000,,RPSRMLMLIINFFDF58CB
汐止區,房地(土地+建物)+車位,智興段751~780地號,16.49,住,,,1031020,土地1建物1車位1,七層,13,住宅大樓(11層含以上有電梯),住家用,鋼筋混凝土造,,118.44,2,2,1,有,無,15350000,136399,坡道機械,16.9,1500000,,RPTRMLMLIINFFDF68CB
汐止區,房地(土地+建物),智興段751~780地號,10.25,住,,,1031102,土地1建物1車位0,二層,13,住宅大樓(11層含以上有電梯),住家用,鋼筋混凝土造,,63.78,1,1,1,有,無,8760000,137347,,0.0,0,,RPURMLMLIINFFDF78CB
汐止區,房地(土地+建物)+車位,智興段751~780地號,15.43,住,,,1040309,土地1建物1車位1,九層,13,住宅大樓(11層含以上有電梯),住家用,鋼筋混凝土造,,111.86,2,2,1,有,無,15000000,141639,坡道機械,16.9,1550000,,RPWRMLMLIINFFDF98CB
汐止區,房地(土地+建物),智興段751~780地號,10.25,住,,,1031027,土地1建物1車位0,五層,13,住宅大樓(11層含以上有電梯),住家用,混凝土造,,63.78,1,1,1,有,無,8960000,140483,,0.0,0,,RPXRMLMLIINFFDF09CB
汐止區,房地(土地+建物)+車位,智興段751~780地號,16.49,住,,,1031003,土地1建物1車位1,五層,13,住宅大樓(11層含以上有電梯),住家用,鋼筋混凝土造,,118.44,2,2,1,有,無,14940000,134331,坡道機械,16.9,1300000,,RPOSMLMLIINFFDF28CB
汐止區,房地(土地+建物)+車位,智興段751~780地號,10.37,住,,,1040115,土地1建物1車位1,十一層,13,住宅大樓(11層含以上有電梯),住家用,混凝土造,,80.68,1,1,1,有,無,11350000,155221,坡道機械,16.9,1450000,,RPPSMLMLIINFFDF38CB
汐止區,房地(土地+建物),智興段751~780地號,10.25,住,,,1031022,土地1建物1車位0,三層,13,住宅大樓(11層含以上有電梯),住家用,混凝土造,,68.78,1,1,1,有,無,8830000,128380,,0.0,0,,RPQSMLMLIINFFDF48CB
汐止區,房地(土地+建物)+車位,智興段751~780地號,16.49,住,,,1031026,土地1建物1車位1,二層,13,住宅大樓(11層含以上有電梯),住家用,鋼筋混凝土造,,118.44,2,2,1,有,無,14830000,131278,坡道機械,16.9,1500000,,RPRSMLMLIINFFDF58CB
汐止區,房地(土地+建物),智興段751~780地號,10.25,住,,,1031121,土地1建物1車位0,六層,13,住宅大樓(11層含以上有電梯),住家用,鋼筋混凝土造,,63.78,1,1,1,有,無,9430000,147852,,0.0,0,,RPSSMLMLIINFFDF68CB
汐止區,房地(土地+建物),智興段751~780地號,10.25,住,,,1031117,土地1建物1車位0,四層,13,住宅大樓(11層含以上有電梯),住家用,鋼筋混凝土造,,63.78,1,1,1,有,無,9100000,142678,,0.0,0,,RPTSMLMLIINFFDF78CB
汐止區,房地(土地+建物),智興段751~780地號,10.25,住,,,1031003,土地1建物1車位0,五層,13,住宅大樓(11層含以上有電梯),住家用,鋼筋混凝土造,,63.78,1,1,1,有,無,8960000,140483,,0.0,0,,RPUSMLMLIINFFDF88CB
汐止區,房地(土地+建物)+車位,智興段751~780地號,15.43,住,,,1040210,土地1建物1車位1,七層,13,住宅大樓(11層含以上有電梯),住家用,鋼筋混凝土造,,111.86,2,2,1,有,無,14800000,139532,坡道機械,16.9,1550000,,RPVSMLMLIINFFDF98CB
汐止區,房地(土地+建物),智興段751~780地號,10.25,住,,,1031021,土地1建物1車位0,七層,13,住宅大樓(11層含以上有電梯),住家用,鋼筋混凝土造,,63.78,1,1,1,有,無,9100000,142678,,0.0,0,,RPWSMLMLIINFFDF09CB
汐止區,房地(土地+建物)+車位,智興段751~780地號,16.49,住,,,1031111,土地1建物1車位1,八層,13,住宅大樓(11層含以上有電梯),住家用,鋼筋混凝土造,,118.44,2,2,1,有,無,15300000,137877,坡道機械,16.9,1300000,,RPXSMLMLIINFFDF56CB
汐止區,房地(土地+建物),智興段751~780地號,10.25,住,,,1031020,土地1建物1車位0,二層,13,住宅大樓(11層含以上有電梯),住家用,鋼筋混凝土造,,63.78,1,1,1,有,無,8760000,137347,,0.0,0,,RPOTMLMLIINFFDF38CB
汐止區,房地(土地+建物),智興段751~780地號,15.31,住,,,1040228,土地1建物1車位0,六層,13,住宅大樓(11層含以上有電梯),住家用,鋼筋混凝土造,,94.96,2,2,1,有,無,13400000,141112,,0.0,0,,RPPTMLMLIINFFDF48CB
汐止區,房地(土地+建物)+車位,智興段751~780地號,22.38,住,,,1040120,土地1建物1車位1,八層,13,住宅大樓(11層含以上有電梯),住家用,鋼筋混凝土造,,155.65,3,2,2,有,無,21600000,146306,坡道機械,16.9,1300000,,RPRTMLMLIINFFDF68CB
三峽區,房地(土地+建物)+車位,長泰段481~510地號,23.84,住,,,1070505,土地1建物1車位1,四層,12,住宅大樓(11層含以上有電梯),住家用,鋼筋混凝土造,,148.83,3,2,2,有,無,9700000,68597,坡道平面,30.02,1550000,,RPRNMLNLIINFFIF68CB
三峽區,房地(土地+建物)+車位,長泰段481~510地號,23.84,住,,,1070701,土地1建物1車位1,三層,12,住宅大樓(11層含以上有電梯),住家用,鋼筋混凝土造,,148.83,3,2,2,有,無,10880000,78529,坡道平面,30.02,1550000,租賃範圍不含車位，且無法區分車位面積。;,RPSNMLNLIINFFIF78CB
三峽區,房地(土地+建物)+車位,長泰段481~510地號,22.36,住,,,1070429,土地1建物1車位1,二層,12,住宅大樓(11層含以上有電梯),住家用,鋼筋混凝土造,,141.52,3,2,1,有,無,8800000,65919,坡道平面,30.02,1450000,,RPUNMLNLIINFFIF98CB
三峽區,房地(土地+建物)+車位,長泰段481~510地號,23.84,住,,,1070506,土地1建物1車位1,七層,12,住宅大樓(11層含以上有電梯),住家用,鋼筋混凝土造,,148.83,3,2,2,有,無,9810000,69523,坡道平面,30.02,1550000,,RPVNMLNLIINFFIF09CB
三峽區,房地(土地+建物)+車位,長泰段481~510地號,23.84,住,,,1070410,土地1建物1車位1,五層,12,住宅大樓(11層含以上有電梯),住家用,鋼筋混凝土造,,148.83,3,2,2,有,無,9900000,70280,坡道平面,30.02,1550000,,RPWNMLNLIINFFIF56CB
三峽區,房地(土地+建物)+車位,長泰段481~510地號,23.84,住,,,1070529,土地1建物1車位1,九層,12,住宅大樓(11層含以上有電梯),住家用,鋼筋混凝土造,,147.72,3,2,2,有,無,9870000,70869,坡道平面,28.91,1450000,,RPXNMLNLIINFFIF66CB
三峽區,房地(土地+建物)+車位,長泰段481~510地號,23.84,住,,,1070623,土地1建物1車位1,十層,12,住宅大樓(11層含以上有電梯),住家用,鋼筋混凝土造,,147.72,3,2,2,有,無,10000000,71122,坡道平面,28.91,1550000,,RPOOMLNLIINFFIF48CB
三峽區,房地(土地+建物)+車位,長泰段481~510地號,23.84,住,,,1070503,土地1建物1車位1,十二層,12,住宅大樓(11層含以上有電梯),住家用,鋼筋混凝土造,,148.83,3,2,2,有,無,10170000,72553,坡道平面,30.02,1550000,,RPQOMLNLIINFFIF68CB
三峽區,房地(土地+建物)+車位,長泰段481~510地號,19.86,住,,,1070527,土地1建物1車位1,二層,12,住宅大樓(11層含以上有電梯),住家用,鋼筋混凝土造,,128.87,2,2,1,有,無,8260000,68892,坡道平面,30.02,1450000,,RPROMLNLIINFFIF78CB
三峽區,房地(土地+建物)+車位,長泰段481~510地號,19.86,住,,,1070310,土地1建物1車位1,四層,12,住宅大樓(11層含以上有電梯),住家用,鋼筋混凝土造,,127.76,2,2,1,有,無,8130000,68589,坡道平面,28.91,1350000,,RPSOMLNLIINFFIF88CB
三峽區,房地(土地+建物)+車位,長泰段481~510地號,19.86,住,,,1070419,土地1建物1車位1,九層,12,住宅大樓(11層含以上有電梯),住家用,鋼筋混凝土造,,128.87,2,2,1,有,無,8700000,71320,坡道平面,30.02,1650000,,RPTOMLNLIINFFIF98CB
三峽區,房地(土地+建物)+車位,長泰段481~510地號,19.86,住,,,1070623,土地1建物1車位1,十一層,12,住宅大樓(11層含以上有電梯),住家用,鋼筋混凝土造,,127.76,2,2,1,有,無,8650000,71826,坡道平面,28.91,1550000,,RPUOMLNLIINFFIF09CB
三峽區,房地(土地+建物)+車位,長泰段481~510地號,19.86,住,,,1070520,土地1建物1車位1,十二層,12,住宅大樓(11層含以上有電梯),住家用,鋼筋混凝土造,,128.87,2,2,1,有,無,8550000,70814,坡道平面,30.02,1550000,,RPVOMLNLIINFFIF56CB
三峽區,房地(土地+建物)+車位,長泰段481~510地號,26.49,住,,,1070408,土地1建物1車位1,三層,12,住宅大樓(11層含以上有電梯),住家用,鋼筋混凝土造,,162.17,3,2,2,有,無,10600000,69240,坡道平面,30.02,1450000,,RPWOMLNLIINFFIF66CB
三峽區,房地(土地+建物)+車位,長泰段481~510地號,26.49,住,,,1070624,土地1建物1車位1,十二層,12,住宅大樓(11層含以上有電梯),住家用,鋼筋混凝土造,,162.17,3,2,2,有,無,11000000,70753,坡道平面,30.02,1650000,,RPXOMLNLIINFFIF76CB
三峽區,房地(土地+建物)+車位,長泰段481~510地號,18.52,住,,,1070902,土地1建物1車位1,十二層,12,住宅大樓(11層含以上有電梯),住家用,鋼筋混凝土造,,122.16,2,2,1,有,無,7700000,66746,坡道平面,30.02,1550000,,RPOPMLNLIINFFIF58CB
三峽區,房地(土地+建物)+車位,長泰段481~510地號,22.4,住,,,1070429,土地1建物1車位1,二層,12,住宅大樓(11層含以上有電梯),住家用,鋼筋混凝土造,,141.68,3,2,1,有,無,8270000,61078,坡道平面,30.02,1450000,鄰近土地公廟旁,RPPPMLNLIINFFIF68CB
三峽區,房地(土地+建物)+車位,長泰段481~510地號,23.86,住,,,1070405,土地1建物1車位1,八層,12,住宅大樓(11層含以上有電梯),住家用,鋼筋混凝土造,,149.03,3,2,2,有,無,9670000,68230,坡道平面,30.02,1550000,,RPQPMLNLIINFFIF78CB
三峽區,房地(土地+建物)+車位,長泰段481~510地號,23.86,住,,,1070117,土地1建物1車位1,九層,12,住宅大樓(11層含以上有電梯),住家用,鋼筋混凝土造,,149.03,3,2,2,有,無,9750000,69322,坡道平面,30.02,1500000,,RPRPMLNLIINFFIF88CB
三峽區,房地(土地+建物)+車位,長泰段481~510地號,23.86,住,,,1070505,土地1建物1車位1,十層,12,住宅大樓(11層含以上有電梯),住家用,鋼筋混凝土造,,149.03,3,2,2,有,無,9850000,68902,坡道平面,30.02,1650000,,RPSPMLNLIINFFIF98CB
三峽區,房地(土地+建物)+車位,長泰段481~510地號,24.06,住,,,1070104,土地1建物1車位2,十一層,12,住宅大樓(11層含以上有電梯),住家用,鋼筋混凝土造,,179.05,3,2,2,有,無,10720000,66549,坡道平面,60.04,2800000,,RPTPMLNLIINFFIF09CB
三峽區,房地(土地+建物)+車位,長泰段481~510地號,23.86,住,,,1070624,土地1建物1車位1,十二層,12,住宅大樓(11層含以上有電梯),住家用,鋼筋混凝土造,,151.79,3,2,2,有,無,9880000,68734,坡道平面,32.78,1700000,,RPUPMLNLIINFFIF56CB
三峽區,房地(土地+建物)+車位,長泰段481~510地號,23.86,住,,,1070405,土地1建物1車位1,七層,12,住宅大樓(11層含以上有電梯),住家用,鋼筋混凝土造,,149.03,3,2,2,有,無,9630000,67893,坡道平面,30.02,1550000,,RPVPMLNLIINFFIF66CB
三峽區,房地(土地+建物)+車位,長泰段481~510地號,35.01,住,,,1070318,土地1建物1車位1,二層,12,住宅大樓(11層含以上有電梯),住家用,鋼筋混凝土造,,205.04,4,2,3,有,無,12570000,63536,坡道平面,30.02,1450000,含增建或未登記建物。;車道上方,RPWPMLNLIINFFIF76CB
三峽區,房地(土地+建物)+車位,長泰段481~510地號,26.49,住,,,1070505,土地1建物1車位1,三層,12,住宅大樓(11層含以上有電梯),住家用,鋼筋混凝土造,,162.18,3,2,2,有,無,10500000,67721,坡道平面,30.02,1550000,,RPXPMLNLIINFFIF86CB
三峽區,房地(土地+建物)+車位,長泰段481~510地號,26.49,住,,,1070127,土地1建物1車位1,四層,12,住宅大樓(11層含以上有電梯),住家用,鋼筋混凝土造,,162.18,3,2,2,有,無,10250000,66586,坡道平面,30.02,1450000,,RPOQMLNLIINFFIF68CB
三峽區,房地(土地+建物)+車位,長泰段481~510地號,26.49,住,,,1070408,土地1建物1車位1,五層,12,住宅大樓(11層含以上有電梯),住家用,鋼筋混凝土造,,162.18,3,2,2,有,無,10550000,68099,坡道平面,30.02,1550000,,RPPQMLNLIINFFIF78CB
三峽區,房地(土地+建物)+車位,長泰段481~510地號,26.49,住,,,1070202,土地1建物1車位1,七層,12,住宅大樓(11層含以上有電梯),住家用,鋼筋混凝土造,,162.18,3,2,2,有,無,10600000,68856,坡道平面,30.02,1500000,,RPRQMLNLIINFFIF98CB
三峽區,房地(土地+建物)+車位,長泰段481~510地號,26.49,住,,,1070118,土地1建物1車位1,八層,12,住宅大樓(11層含以上有電梯),住家用,鋼筋混凝土造,,162.18,3,2,2,有,無,10600000,68856,坡道平面,30.02,1500000,,RPSQMLNLIINFFIF09CB
三峽區,房地(土地+建物)+車位,長泰段481~510地號,26.49,住,,,1070310,土地1建物1車位1,十二層,12,住宅大樓(11層含以上有電梯),住家用,鋼筋混凝土造,,162.18,3,2,2,有,無,10700000,69234,坡道平面,30.02,1550000,,RPTQMLNLIINFFIF56CB
三峽區,房地(土地+建物)+車位,長泰段481~510地號,18.72,住,,,1070225,土地1建物1車位2,三層,12,住宅大樓(11層含以上有電梯),住家用,鋼筋混凝土造,,151.07,2,2,1,有,無,8060000,65227,坡道平面,58.93,2050000,續租。;員工戶,RPUQMLNLIINFFIF66CB
三峽區,房地(土地+建物)+車位,長泰段481~510地號,19.86,住,,,1070514,土地1建物1車位1,二層,12,住宅大樓(11層含以上有電梯),住家用,鋼筋混凝土造,,128.87,2,2,1,有,無,8200000,68285,坡道平面,30.02,1450000,,RPVQMLNLIINFFIF76CB
三峽區,房地(土地+建物)+車位,長泰段481~510地號,19.86,住,,,1070505,土地1建物1車位1,三層,12,住宅大樓(11層含以上有電梯),住家用,鋼筋混凝土造,,128.87,2,2,1,有,無,8500000,70309,坡道平面,30.02,1550000,,RPWQMLNLIINFFIF86CB
三峽區,房地(土地+建物)+車位,長泰段481~510地號,19.86,住,,,1070318,土地1建物1車位1,四層,12,住宅大樓(11層含以上有電梯),住家用,鋼筋混凝土造,,128.87,2,2,1,有,無,8190000,68184,坡道平面,30.02,1450000,,RPXQMLNLIINFFIF96CB
三峽區,房地(土地+建物)+車位,長泰段481~510地號,19.86,住,,,1070117,土地1建物1車位1,九層,12,住宅大樓(11層含以上有電梯),住家用,鋼筋混凝土造,,128.87,2,2,1,有,無,8580000,71624,坡道平面,30.02,1500000,,RPORMLNLIINFFIF78CB
三峽區,房地(土地+建物)+車位,長泰段481~510地號,19.86,住,,,1070311,土地1建物1車位1,十層,12,住宅大樓(11層含以上有電梯),住家用,鋼筋混凝土造,,128.87,2,2,1,有,無,8530000,71624,坡道平面,30.02,1450000,,RPPRMLNLIINFFIF88CB
三峽區,房地(土地+建物)+車位,長泰段481~510地號,19.86,住,,,1070510,土地1建物1車位1,十一層,12,住宅大樓(11層含以上有電梯),住家用,鋼筋混凝土造,,128.87,2,2,1,有,無,8430000,70612,坡道平面,30.02,1450000,,RPQRMLNLIINFFIF98CB
三峽區,房地(土地+建物)+車位,長泰段481~510地號,19.86,住,,,1070810,土地1建物1車位1,十二層,12,住宅大樓(11層含以上有電梯),住家用,鋼筋混凝土造,,128.87,2,2,1,有,無,8550000,70814,坡道平面,30.02,1550000,,RPRRMLNLIINFFIF09CB
三峽區,房地(土地+建物)+車位,長泰段481~510地號,18.52,住,,,1070311,土地1建物1車位1,八層,12,住宅大樓(11層含以上有電梯),住家用,鋼筋混凝土造,,122.16,2,2,1,有,無,7770000,68591,坡道平面,30.02,1450000,,RPSRMLNLIINFFIF56CB
三峽區,房地(土地+建物)+車位,長泰段481~510地號,18.52,住,,,1070729,土地1建物1車位1,九層,12,住宅大樓(11層含以上有電梯),住家用,鋼筋混凝土造,,122.16,2,2,1,有,無,7960000,69568,坡道平面,30.02,1550000,,RPTRMLNLIINFFIF66CB
三峽區,房地(土地+建物)+車位,長泰段481~510地號,16.56,住,,,1070511,土地1建物1車位1,一層,12,住宅大樓(11層含以上有電梯),住商用,鋼筋混凝土造,,98.93,0,0,1,有,無,9720000,122394,坡道平面,28.91,1150000,續租。;,RPURMLNLIINFFIF76CB
三峽區,房地(土地+建物)+車位,長泰段481~510地號,23.84,住,,,1070624,土地1建物1車位1,八層,12,住宅大樓(11層含以上有電梯),住家用,鋼筋混凝土造,,148.83,3,2,2,有,無,9900000,71122,坡道平面,30.02,1450000,,RPVRMLNLIINFFIF86CB
三峽區,房地(土地+建物)+車位,長泰段481~510地號,19.86,住,,,1070311,土地1建物1車位1,八層,12,住宅大樓(11層含以上有電梯),住家用,鋼筋混凝土造,,127.76,2,2,1,有,無,8370000,71017,坡道平面,28.91,1350000,,RPWRMLNLIINFFIF96CB
三峽區,房地(土地+建物)+車位,長泰段481~510地號,19.86,住,,,1070527,土地1建物1車位1,十層,12,住宅大樓(11層含以上有電梯),住家用,鋼筋混凝土造,,128.87,2,2,1,有,無,8580000,72129,坡道平面,30.02,1450000,,RPXRMLNLIINFFIF07CB
三峽區,房地(土地+建物)+車位,長泰段481~510地號,18.52,住,,,1070718,土地1建物1車位1,四層,12,住宅大樓(11層含以上有電梯),住家用,鋼筋混凝土造,,122.16,2,2,1,有,無,7600000,66746,坡道平面,30.02,1450000,,RPOSMLNLIINFFIF88CB
三峽區,房地(土地+建物)+車位,長泰段481~510地號,18.52,住,,,1070818,土地1建物1車位1,十一層,12,住宅大樓(11層含以上有電梯),住家用,鋼筋混凝土造,,121.05,2,2,1,有,無,7960000,69568,坡道平面,28.91,1550000,,RPPSMLNLIINFFIF98CB
三峽區,房地(土地+建物)+車位,長泰段481~510地號,18.52,住,,,1070326,土地1建物1車位1,十層,12,住宅大樓(11層含以上有電梯),住家用,鋼筋混凝土造,,122.16,2,2,1,有,無,8000000,70002,坡道平面,30.02,1550000,,RPQSMLNLIINFFIF09CB
三峽區,房地(土地+建物)+車位,長泰段481~510地號,18.52,住,,,1070902,土地1建物1車位1,十二層,12,住宅大樓(11層含以上有電梯),住家用,鋼筋混凝土造,,122.16,2,2,1,有,無,7900000,67832,坡道平面,30.02,1650000,,RPRSMLNLIINFFIF56CB
板橋區,房地(土地+建物)+車位,大豐段1~30地號,27.52,住,,,1070805,土地1建物1車位1,二層,15,住宅大樓(11層含以上有電梯),住家用,鋼筋混凝土造,,147.96,3,1,2,有,無,14850000,100365,坡道平面,20.83,0,,RPVOMLNLIINFFAF38CB
板橋區,房地(土地+建物)+車位,大豐段1~30地號,27.52,住,,,1070617,土地1建物1車位1,三層,15,住宅大樓(11層含以上有電梯),住家用,鋼筋混凝土造,,147.96,3,1,2,有,無,15750000,106448,坡道平面,20.83,0,,RPWOMLNLIINFFAF48CB
板橋區,房地(土地+建物)+車位,大豐段1~30地號,27.52,住,,,1070610,土地1建物1車位1,四層,15,住宅大樓(11層含以上有電梯),住家用,鋼筋混凝土造,,147.96,3,1,2,有,無,14650000,99013,坡道平面,20.83,0,,RPXOMLNLIINFFAF58CB
板橋區,房地(土地+建物)+車位,大豐段1~30地號,27.52,住,,,1070701,土地1建物1車位1,十二層,15,住宅大樓(11層含以上有電梯),住家用,鋼筋混凝土造,,147.96,3,1,2,有,無,15780000,106650,坡道平面,20.83,0,,RPQPMLNLIINFFAF97CB
板橋區,房地(土地+建物)+車位,大豐段1~30地號,27.52,住,,,1070617,土地1建物1車位1,十三層,15,住宅大樓(11層含以上有電梯),住家用,鋼筋混凝土造,,147.96,3,1,2,有,無,15000000,101379,坡道平面,20.83,0,,RPRPMLNLIINFFAF08CB
板橋區,房地(土地+建物)+車位,大豐段1~30地號,27.52,住,,,1070819,土地1建物1車位1,十四層,15,住宅大樓(11層含以上有電梯),住家用,鋼筋混凝土造,,144.98,3,1,2,有,無,14950000,103118,坡道平面,17.85,0,,RPSPMLNLIINFFAF18CB
板橋區,房地(土地+建物)+車位,大豐段1~30地號,16.62,住,,,1070701,土地1建物1車位1,二層,15,住宅大樓(11層含以上有電梯),住家用,鋼筋混凝土造,,96.32,2,1,1,有,無,10200000,105897,坡道平面,20.83,0,,RPUPMLNLIINFFAF38CB
板橋區,房地(土地+建物)+車位,大豐段1~30地號,16.62,住,,,1070331,土地1建物1車位1,三層,15,住宅大樓(11層含以上有電梯),住家用,鋼筋混凝土造,,93.34,2,1,1,有,無,10000000,107135,坡道平面,17.85,0,,RPVPMLNLIINFFAF48CB
板橋區,房地(土地+建物),大豐段1~30地號,15.94,住,,,1070527,土地1建物1車位0,十層,15,住宅大樓(11層含以上有電梯),住家用,鋼筋混凝土造,,75.49,2,1,1,有,無,8850000,117234,,0.0,0,,RPUQMLNLIINFFAF48CB
板橋區,房地(土地+建物)+車位,大豐段1~30地號,16.62,住,,,1070729,土地1建物1車位1,十一層,15,住宅大樓(11層含以上有電梯),住家用,鋼筋混凝土造,,96.32,2,1,1,有,無,10200000,105897,坡道平面,20.83,0,,RPVQMLNLIINFFAF58CB
板橋區,房地(土地+建物)+車位,大豐段1~30地號,16.62,住,,,1070527,土地1建物1車位1,十二層,15,住宅大樓(11層含以上有電梯),住家用,鋼筋混凝土造,,96.32,2,1,1,有,無,10250000,106416,坡道平面,20.83,0,,RPWQMLNLIINFFAF68CB
板橋區,房地(土地+建物)+車位,大豐段1~30地號,16.62,住,,,1070531,土地1建物1車位1,十三層,15,住宅大樓(11層含以上有電梯),住家用,鋼筋混凝土造,,96.32,2,1,1,有,無,10300000,106935,坡道平面,20.83,0,,RPXQMLNLIINFFAF78CB
板橋區,房地(土地+建物)+車位,大豐段1~30地號,16.62,住,,,1070804,土地1建物1車位1,十四層,15,住宅大樓(11層含以上有電梯),住家用,鋼筋混凝土造,,96.32,2,1,1,有,無,10150000,105378,坡道平面,20.83,0,,RPORMLNLIINFFAF97CB
板橋區,房地(土地+建物)+車位,大豐段1~30地號,16.62,住,,,1070701,土地1建物1車位1,五層,15,住宅大樓(11層含以上有電梯),住家用,鋼筋混凝土造,,96.32,2,1,1,有,無,9950000,103301,坡道平面,20.83,0,,RPURMLNLIINFFAF58CB
板橋區,房地(土地+建物)+車位,大豐段1~30地號,16.62,住,,,1070515,土地1建物1車位1,十層,15,住宅大樓(11層含以上有電梯),住家用,鋼筋混凝土造,,96.32,2,1,1,有,無,10250000,106416,坡道平面,20.83,0,,RPXRMLNLIINFFAF88CB
板橋區,房地(土地+建物)+車位,大豐段1~30地號,16.62,住,,,1070525,土地1建物1車位1,十一層,15,住宅大樓(11層含以上有電梯),住家用,鋼筋混凝土造,,96.32,2,1,1,有,無,10200000,105897,坡道平面,20.83,0,,RPOTMLNLIINFFAF18CB
板橋區,房地(土地+建物)+車位,大豐段1~30地號,16.62,住,,,1070707,土地1建物1車位1,十四層,15,住宅大樓(11層含以上有電梯),住家用,鋼筋混凝土造,,96.32,2,1,1,有,無,10150000,105378,坡道平面,20.83,0,,RPQTMLNLIINFFAF38CB
板橋區,房地(土地+建物)+車位,大豐段1~30地號,16.62,住,,,1070610,土地1建物1車位1,十五層,15,住宅大樓(11層含以上有電梯),住家用,鋼筋混凝土造,,93.34,2,1,1,有,無,10050000,107671,坡道平面,17.85,0,,RPRTMLNLIINFFAF48CB
板橋區,房地(土地+建物)+車位,大豐段1~30地號,26.98,住,,,1070501,土地1建物1車位1,七層,15,住宅大樓(11層含以上有電梯),住家用,鋼筋混凝土造,,145.46,3,1,2,有,無,14850000,102090,坡道平面,20.83,0,,RPQNMLOLIINFFAF87CB
板橋區,房地(土地+建物)+車位,大豐段1~30地號,26.98,住,,,1070617,土地1建物1車位1,十一層,15,住宅大樓(11層含以上有電梯),住家用,鋼筋混凝土造,,145.46,3,1,2,有,無,14950000,102777,坡道平面,20.83,0,,RPRNMLOLIINFFAF97CB
板橋區,房地(土地+建物)+車位,大豐段1~30地號,23.83,住,,,1070330,土地1建物1車位1,十層,15,住宅大樓(11層含以上有電梯),住家用,鋼筋混凝土造,,130.5,3,1,2,有,無,13300000,101916,坡道平面,20.83,0,,RPUNMLOLIINFFAF28CB
板橋區,房地(土地+建物)+車位,大豐段1~30地號,23.83,住,,,1070812,土地1建物1車位1,十二層,15,住宅大樓(11層含以上有電梯),住家用,鋼筋混凝土造,,130.5,3,1,2,有,無,14250000,109195,坡道平面,20.83,0,,RPPOMLOLIINFFAF87CB
板橋區,房地(土地+建物)+車位,大豐段1~30地號,23.83,住,,,1070722,土地1建物1車位1,十三層,15,住宅大樓(11層含以上有電梯),住家用,鋼筋混凝土造,,130.5,3,1,2,有,無,13550000,103831,坡道平面,20.83,0,,RPQOMLOLIINFFAF97CB
板橋區,房地(土地+建物)+車位,大豐段1~30地號,23.83,住,,,1070818,土地1建物1車位1,十四層,15,住宅大樓(11層含以上有電梯),住家用,鋼筋混凝土造,,130.5,3,1,2,有,無,13450000,103065,坡道平面,20.83,0,,RPROMLOLIINFFAF08CB
板橋區,房地(土地+建物)+車位,大豐段1~30地號,27.52,住,,,1070804,土地1建物1車位1,三層,15,住宅大樓(11層含以上有電梯),住家用,鋼筋混凝土造,,147.96,3,1,2,有,無,14800000,100027,坡道平面,20.83,0,,RPSOMLOLIINFFAF18CB
板橋區,房地(土地+建物)+車位,大豐段1~30地號,27.52,住,,,1070617,土地1建物1車位1,四層,15,住宅大樓(11層含以上有電梯),住家用,鋼筋混凝土造,,147.96,3,1,2,有,無,14500000,97999,坡道平面,20.83,0,,RPTOMLOLIINFFAF28CB
板橋區,房地(土地+建物)+車位,大豐段1~30地號,27.52,住,,,1070717,土地1建物1車位1,五層,15,住宅大樓(11層含以上有電梯),住家用,鋼筋混凝土造,,144.98,3,1,2,有,無,14600000,100704,坡道平面,17.85,0,,RPWOMLOLIINFFAF58CB
板橋區,房地(土地+建物)+車位,大豐段1~30地號,27.52,住,,,1070701,土地1建物1車位1,七層,15,住宅大樓(11層含以上有電梯),住家用,鋼筋混凝土造,,147.96,3,1,2,有,無,15880000,107326,坡道平面,20.83,0,,RPRPMLOLIINFFAF18CB
板橋區,房地(土地+建物)+車位,大豐段1~30地號,27.52,住,,,1070527,土地1建物1車位1,十一層,15,住宅大樓(11層含以上有電梯),住家用,鋼筋混凝土造,,147.96,3,1,2,有,無,14900000,100703,坡道平面,20.83,0,,RPOQMLOLIINFFAF97CB
板橋區,房地(土地+建物)+車位,大豐段1~30地號,27.52,住,,,1070706,土地1建物1車位1,十二層,15,住宅大樓(11層含以上有電梯),住家用,鋼筋混凝土造,,144.98,3,1,2,有,無,15100000,104152,坡道平面,17.85,0,,RPPQMLOLIINFFAF08CB
板橋區,房地(土地+建物)+車位,大豐段1~30地號,27.52,住,,,1070506,土地1建物1車位1,十三層,15,住宅大樓(11層含以上有電梯),住家用,鋼筋混凝土造,,147.96,3,1,2,有,無,15100000,102055,坡道平面,20.83,0,,RPQQMLOLIINFFAF18CB
板橋區,房地(土地+建物)+車位,大豐段1~30地號,27.52,住,,,1070707,土地1建物1車位1,十五層,15,住宅大樓(11層含以上有電梯),住家用,鋼筋混凝土造,,147.96,3,1,2,有,無,14800000,100027,坡道平面,20.83,0,,RPXQMLOLIINFFAF88CB
板橋區,房地(土地+建物)+車位,大豐段1~30地號,18.9,住,,,1070605,土地1建物1車位1,三層,15,住宅大樓(11層含以上有電梯),住家用,鋼筋混凝土造,,107.1,2,1,1,有,無,11050000,103175,坡道平面,20.83,0,,RPPRMLOLIINFFAF18CB
板橋區,房地(土地+建物)+車位,大豐段1~30地號,18.9,住,,,1070401,土地1建物1車位1,十二層,15,住宅大樓(11層含以上有電梯),住家用,鋼筋混凝土造,,107.1,2,1,1,有,無,11300000,105509,坡道平面,20.83,0,,RPQRMLOLIINFFAF28CB
板橋區,房地(土地+建物)+車位,大豐段1~30地號,18.9,住,,,1070505,土地1建物1車位1,十三層,15,住宅大樓(11層含以上有電梯),住家用,鋼筋混凝土造,,107.1,2,1,1,有,無,11300000,105509,坡道平面,20.83,0,,RPTRMLOLIINFFAF58CB
板橋區,房地(土地+建物)+車位,大豐段1~30地號,18.9,住,,,1070513,土地1建物1車位1,十四層,15,住宅大樓(11層含以上有電梯),住家用,鋼筋混凝土造,,107.1,2,1,1,有,無,11200000,104575,坡道平面,20.83,0,,RPURMLOLIINFFAF68CB
板橋區,房地(土地+建物)+車位,大豐段1~30地號,18.9,住,,,1070708,土地1建物1車位1,十五層,15,住宅大樓(11層含以上有電梯),住家用,鋼筋混凝土造,,104.12,2,1,1,有,無,11100000,106608,坡道平面,17.85,0,,RPVRMLOLIINFFAF78CB
板橋區,房地(土地+建物)+車位,大豐段1~30地號,18.57,住,,,1070715,土地1建物1車位1,二層,15,住宅大樓(11層含以上有電梯),住家用,鋼筋混凝土造,,102.6,2,1,1,有,無,11000000,107212,坡道平面,17.85,0,,RPWRMLOLIINFFAF88CB
板橋區,房地(土地+建物)+車位,大豐段1~30地號,18.57,住,,,1070710,土地1建物1車位1,四層,15,住宅大樓(11層含以上有電梯),住家用,鋼筋混凝土造,,105.58,2,1,1,有,無,10850000,102766,坡道平面,20.83,0,,RPOSMLOLIINFFAF18CB
板橋區,房地(土地+建物)+車位,大豐段1~30地號,26.24,住,,,1070825,土地1建物1車位1,十四層,15,住宅大樓(11層含以上有電梯),住家用,鋼筋混凝土造,,141.92,3,1,2,有,無,14600000,102875,坡道平面,20.83,0,,RPUOMLPLIINFFAF48CB
板橋區,房地(土地+建物)+車位,大豐段1~30地號,18.57,住,,,1070610,土地1建物1車位1,五層,15,住宅大樓(11層含以上有電梯),住家用,鋼筋混凝土造,,105.58,2,1,1,有,無,11050000,104660,坡道平面,20.83,0,,RPWOMLPLIINFFAF68CB
板橋區,房地(土地+建物)+車位,大豐段1~30地號,18.57,住,,,1070713,土地1建物1車位1,十一層,15,住宅大樓(11層含以上有電梯),住家用,鋼筋混凝土造,,105.58,2,1,1,有,無,11150000,105607,坡道平面,20.83,0,,RPPPMLPLIINFFAF08CB
板橋區,房地(土地+建物)+車位,大豐段1~30地號,26.24,住,,,1070729,土地1建物1車位1,五層,15,住宅大樓(11層含以上有電梯),住家用,鋼筋混凝土造,,141.93,3,1,2,有,無,14150000,99697,坡道平面,20.83,0,,RPQPMLPLIINFFAF18CB
板橋區,房地(土地+建物)+車位,大豐段1~30地號,26.24,住,,,1070516,土地1建物1車位1,六層,15,住宅大樓(11層含以上有電梯),住家用,鋼筋混凝土造,,141.93,3,1,2,有,無,14200000,100049,坡道平面,20.83,0,,RPRPMLPLIINFFAF28CB
板橋區,房地(土地+建物)+車位,大豐段1~30地號,26.65,住,,,1070612,土地1建物1車位1,六層,15,住宅大樓(11層含以上有電梯),住家用,鋼筋混凝土造,,143.84,3,1,2,有,無,14600000,101502,坡道平面,20.83,0,,RPWRMLPLIINFFAF98CB
板橋區,房地(土地+建物)+車位,大豐段1~30地號,26.65,住,,,1070712,土地1建物1車位1,十一層,15,住宅大樓(11層含以上有電梯),住家用,鋼筋混凝土造,,143.84,3,1,2,有,無,14280000,99277,坡道平面,20.83,0,,RPOSMLPLIINFFAF28CB
板橋區,房地(土地+建物)+車位,大豐段1~30地號,17.55,住,,,1070814,土地1建物1車位1,四層,15,住宅大樓(11層含以上有電梯),住家用,鋼筋混凝土造,,100.72,2,1,1,有,無,10850000,107724,坡道平面,20.83,0,,RPPSMLPLIINFFAF38CB
板橋區,房地(土地+建物)+車位,大豐段1~30地號,17.55,住,,,1070805,土地1建物1車位1,十一層,15,住宅大樓(11層含以上有電梯),住家用,鋼筋混凝土造,,100.72,2,1,1,有,無,10480000,104051,坡道平面,20.83,0,,RPQSMLPLIINFFAF48CB
板橋區,房地(土地+建物)+車位,大豐段1~30地號,17.55,住,,,1070404,土地1建物1車位1,十三層,15,住宅大樓(11層含以上有電梯),住家用,鋼筋混凝土造,,100.72,2,1,1,有,無,10650000,105739,坡道平面,20.83,0,,RPSSMLPLIINFFAF68CB
板橋區,房地(土地+建物)+車位,大豐段1~30地號,17.55,住,,,1070419,土地1建物1車位1,十四層,15,住宅大樓(11層含以上有電梯),住家用,鋼筋混凝土造,,97.74,2,1,1,有,無,10600000,108451,坡道平面,17.85,0,,RPTSMLPLIINFFAF78CB
板橋區,房地(土地+建物)+車位,大豐段1~30地號,17.55,住,,,1070813,土地1建物1車位1,十五層,15,住宅大樓(11層含以上有電梯),住家用,鋼筋混凝土造,,100.72,2,1,1,有,無,10450000,103753,坡道平面,20.83,0,,RPUSMLPLIINFFAF88CB
板橋區,房地(土地+建物)+車位,大豐段1~30地號,16.62,住,,,1070626,土地1建物1車位1,三層,15,住宅大樓(11層含以上有電梯),住家用,鋼筋混凝土造,,96.32,2,1,1,有,無,10700000,111088,坡道平面,20.83,0,,RPPOMLQLIINFFAF08CB
板橋區,房地(土地+建物)+車位,大豐段1~30地號,18.9,住,,,1070414,土地1建物1車位1,十五層,15,住宅大樓(11層含以上有電梯),住家用,鋼筋混凝土造,,107.1,2,1,1,有,無,11100000,103641,坡道平面,20.83,0,,RPQOMLQLIINFFAF18CB
板橋區,房地(土地+建物)+車位,大豐段1~30地號,23.83,住,,,1070620,土地1建物1車位1,五層,15,住宅大樓(11層含以上有電梯),住家用,鋼筋混凝土造,,127.52,3,1,2,有,無,13100000,102729,坡道平面,17.85,0,,RPROMLQLIINFFAF28CB
板橋區,房地(土地+建物)+車位,大豐段1~30地號,16.62,住,,,1070526,土地1建物1車位1,八層,15,住宅大樓(11層含以上有電梯),住家用,鋼筋混凝土造,,96.32,2,1,1,有,無,10200000,105897,坡道平面,20.83,0,,RPTOMLQLIINFFAF48CB
板橋區,房地(土地+建物)+車位,大豐段1~30地號,23.83,住,,,1070702,土地1建物1車位1,三層,15,住宅大樓(11層含以上有電梯),住家用,鋼筋混凝土造,,130.5,3,1,2,有,無,14130000,108276,坡道平面,20.83,0,,RPWOMLQLIINFFAF78CB
板橋區,房地(土地+建物)+車位,大豐段1~30地號,23.83,住,,,1070529,土地1建物1車位1,十一層,15,住宅大樓(11層含以上有電梯),住家用,鋼筋混凝土造,,130.5,3,1,2,有,無,13450000,103065,坡道平面,20.83,0,,RPXOMLQLIINFFAF88CB
板橋區,房地(土地+建物)+車位,大豐段1~30地號,26.24,住,,,1070805,土地1建物1車位1,四層,15,住宅大樓(11層含以上有電梯),住家用,鋼筋混凝土造,,138.94,3,1,2,有,無,14200000,102202,坡道平面,17.85,0,,RPSPMLQLIINFFAF48CB
板橋區,房地(土地+建物)+車位,大豐段1~30地號,16.62,住,,,1070327,土地1建物1車位1,九層,15,住宅大樓(11層含以上有電梯),住家用,鋼筋混凝土造,,96.32,2,1,1,有,無,10100000,104859,坡道平面,20.83,0,,RPTPMLQLIINFFAF58CB
板橋區,房地(土地+建物)+車位,大豐段1~30地號,27.52,住,,,1070405,土地1建物1車位1,六層,15,住宅大樓(11層含以上有電梯),住家用,鋼筋混凝土造,,147.96,3,1,2,有,無,14750000,99689,坡道平面,20.83,0,,RPWPMLQLIINFFAF88CB
板橋區,房地(土地+建物)+車位,大豐段1~30地號,27.52,住,,,1070709,土地1建物1車位1,十四層,15,住宅大樓(11層含以上有電梯),住家用,鋼筋混凝土造,,147.96,3,1,2,有,無,14900000,100703,坡道平面,20.83,0,,RPQQMLQLIINFFAF38CB
板橋區,房地(土地+建物)+車位,大豐段1~30地號,18.57,住,,,1070715,土地1建物1車位1,三層,15,住宅大樓(11層含以上有電梯),住家用,鋼筋混凝土造,,105.58,2,1,1,有,無,10950000,103713,坡道平面,20.83,0,,RPUQMLQLIINFFAF78CB
三峽區,房地(土地+建物)+車位,長泰段481~510地號,19.86,住,,,1070801,土地1建物1車位1,三層,12,住宅大樓(11層含以上有電梯),住家用,鋼筋混凝土造,,128.87,2,2,1,有,無,9700000,81437,坡道平面,30.02,1650000,租賃範圍不含車位，且無法區分車位面積。;,RPQPMLQLIINFFIF09CB
三峽區,房地(土地+建物)+車位,長泰段481~510地號,24.04,住,,,1070623,土地1建物1車位2,十一層,12,住宅大樓(11層含以上有電梯),住家用,鋼筋混凝土造,,178.85,3,2,2,有,無,11350000,67755,坡道平面,60.04,3300000,,RPRPMLQLIINFFIF56CB
板橋區,房地(土地+建物)+車位,大豐段1~30地號,18.57,住,,,1070624,土地1建物1車位1,十層,15,住宅大樓(11層含以上有電梯),住家用,鋼筋混凝土造,,105.58,2,1,1,有,無,11100000,105134,坡道平面,20.83,0,,RPSPMLTLIINFFAF78CB
板橋區,房地(土地+建物)+車位,大豐段1~30地號,26.24,住,,,1070410,土地1建物1車位1,十層,15,住宅大樓(11層含以上有電梯),住家用,鋼筋混凝土造,,141.93,3,1,2,有,無,14250000,100402,坡道平面,20.83,0,,RPTPMLTLIINFFAF88CB
板橋區,房地(土地+建物)+車位,大豐段1~30地號,26.24,住,,,1070721,土地1建物1車位1,十一層,15,住宅大樓(11層含以上有電梯),住家用,鋼筋混凝土造,,141.93,3,1,2,有,無,14350000,101106,坡道平面,20.83,0,,RPUPMLTLIINFFAF98CB
板橋區,房地(土地+建物)+車位,大豐段1~30地號,26.24,住,,,1070804,土地1建物1車位1,十二層,15,住宅大樓(11層含以上有電梯),住家用,鋼筋混凝土造,,141.93,3,1,2,有,無,14350000,101106,坡道平面,20.83,0,,RPVPMLTLIINFFAF09CB
板橋區,房地(土地+建物)+車位,大豐段1~30地號,16.62,住,,,1070830,土地1建物1車位1,二層,15,住宅大樓(11層含以上有電梯),住家用,鋼筋混凝土造,,93.34,2,1,1,有,無,10430000,111742,坡道平面,17.85,0,,RPRPMLKMIINFFAF08EB
板橋區,房地(土地+建物)+車位,大豐段1~30地號,27.52,住,,,1070423,土地1建物1車位1,十層,15,住宅大樓(11層含以上有電梯),住家用,鋼筋混凝土造,,147.96,3,1,2,有,無,15000000,101379,坡道平面,20.83,0,,RPSPMLKMIINFFAF18EB
永和區,房地(土地+建物)+車位,林森段601~630地號,16.2,住,,,1060810,土地8建物1車位1,二十二層,24,住宅大樓(11層含以上有電梯),住家用,鋼筋混凝土造,,155.61,3,1,2,有,無,21800000,172214,坡道平面,43.54,2500000,,RPVOMLLMIINFFHF98CB
永和區,房地(土地+建物),林森段601~630地號,16.0,住,,,1061104,土地8建物1車位0,十八層,24,住宅大樓(11層含以上有電梯),住家用,鋼筋混凝土造,,112.07,3,1,2,有,無,18950000,169091,,0.0,0,,RPWOMLLMIINFFHF09CB
永和區,房地(土地+建物)+車位,林森段601~630地號,12.15,住,,,1060526,土地8建物1車位1,十四層,24,住宅大樓(11層含以上有電梯),住家用,鋼筋混凝土造,,127.35,2,1,1,有,無,16320000,164658,坡道平面,43.54,2520000,,RPXOMLLMIINFFHF56CB
永和區,房地(土地+建物)+車位,林森段601~630地號,16.2,住,,,1061121,土地8建物1車位1,十四層,24,住宅大樓(11層含以上有電梯),住家用,鋼筋混凝土造,,152.91,2,1,2,有,無,20410000,163299,坡道平面,43.54,2550000,,RPOPMLLMIINFFHF38CB
永和區,房地(土地+建物)+車位,林森段601~630地號,16.2,住,,,1060812,土地8建物1車位1,十五層,24,住宅大樓(11層含以上有電梯),住家用,鋼筋混凝土造,,155.61,3,1,2,有,無,21270000,165700,坡道平面,43.54,2700000,,RPPPMLLMIINFFHF48CB
