﻿鄉鎮市區,交易標的,土地區段位置建物區段門牌,土地移轉總面積平方公尺,都市土地使用分區,非都市土地使用分區,非都市土地使用編定,交易年月日,交易筆棟數,移轉層次,總樓層數,建物型態,主要用途,主要建材,建築完成年月,建物移轉總面積平方公尺,建物現況格局-房,建物現況格局-廳,建物現況格局-衛,建物現況格局-隔間,有無管理組織,總價元,單價元平方公尺,車位類別,車位移轉總面積平方公尺,車位總價元,備註,編號
The villages and towns urban district,transaction sign,land sector position building sector house number plate,land shifting total area square meter,the use zoning or compiles and checks,the non-metropolis land use district,non-metropolis land use,transaction year month and day,transaction pen number,shifting level,total floor number,building state,main use,main building materials,construction to complete the years,building shifting total area,Building present situation pattern - room,building present situation pattern - hall,building present situation pattern - health,building present situation pattern - compartmented,Whether there is manages the organization,total price Yuan,the unit price a Yuan square meter,the berth category,berth shifting total area square meter,the berth total price Yuan,the note,serial number
桃園區,房地(土地+建物)+車位,水汴頭段31~60地號,11.06,商,,,1051217,土地1建物1車位1,五層,15,住宅大樓(11層含以上有電梯),住家用,鋼筋混凝土造,,119.12,2,2,1,有,無,8200000,80459,坡道平面,28.39,900000,,RPQOMLOJRHNFFAH78CB
桃園區,房地(土地+建物)+車位,水汴頭段31~60地號,11.06,商,,,1051112,土地1建物1車位1,七層,15,住宅大樓(11層含以上有電梯),住家用,鋼筋混凝土造,,119.12,2,2,1,有,無,9170000,86741,坡道平面,28.39,1300000,,RPROMLOJRHNFFAH88CB
桃園區,房地(土地+建物)+車位,水汴頭段31~60地號,11.06,商,,,1060107,土地1建物1車位1,九層,15,住宅大樓(11層含以上有電梯),住家用,鋼筋混凝土造,,119.12,2,2,1,有,無,8450000,81010,坡道平面,28.39,1100000,,RPSOMLOJRHNFFAH98CB
桃園區,房地(土地+建物)+車位,水汴頭段31~60地號,11.06,商,,,1060324,土地1建物1車位1,十四層,15,住宅大樓(11層含以上有電梯),住家用,鋼筋混凝土造,,119.12,2,2,1,有,無,8400000,82112,坡道平面,28.39,950000,,RPTOMLOJRHNFFAH09CB
桃園區,房地(土地+建物)+車位,水汴頭段31~60地號,12.9,商,,,1051113,土地1建物1車位2,七層,15,住宅大樓(11層含以上有電梯),住家用,鋼筋混凝土造,,152.49,2,2,2,有,無,11000000,81496,坡道平面,56.78,3200000,,RPUOMLOJRHNFFAH56CB
桃園區,房地(土地+建物)+車位,水汴頭段31~60地號,11.67,商,,,1060307,土地1建物1車位1,四層,15,住宅大樓(11層含以上有電梯),住家用,鋼筋混凝土造,,122.95,2,2,1,有,無,8850000,81959,坡道平面,28.39,1100000,,RPVOMLOJRHNFFAH66CB
桃園區,房地(土地+建物)+車位,水汴頭段31~60地號,11.67,商,,,1051023,土地1建物1車位1,五層,15,住宅大樓(11層含以上有電梯),住家用,鋼筋混凝土造,,122.95,2,2,1,有,無,8500000,76142,坡道平面,28.39,1300000,,RPWOMLOJRHNFFAH76CB
桃園區,房地(土地+建物)+車位,水汴頭段31~60地號,11.67,商,,,1060310,土地1建物1車位1,八層,15,住宅大樓(11層含以上有電梯),住家用,鋼筋混凝土造,,122.95,2,2,1,有,無,8450000,77728,坡道平面,28.39,1100000,,RPXOMLOJRHNFFAH86CB
桃園區,房地(土地+建物)+車位,水汴頭段31~60地號,11.67,商,,,1060426,土地1建物1車位1,九層,15,住宅大樓(11層含以上有電梯),住家用,鋼筋混凝土造,,122.95,2,2,1,有,無,8800000,79843,坡道平面,28.39,1250000,,RPOPMLOJRHNFFAH68CB
桃園區,房地(土地+建物)+車位,水汴頭段31~60地號,11.67,商,,,1060311,土地1建物1車位1,十四層,15,住宅大樓(11層含以上有電梯),住家用,鋼筋混凝土造,,122.95,2,2,1,有,無,9100000,86717,坡道平面,28.39,900000,,RPPPMLOJRHNFFAH78CB
桃園區,房地(土地+建物)+車位,水汴頭段31~60地號,17.82,商,,,1060426,土地1建物1車位1,二層,15,住宅大樓(11層含以上有電梯),住家用,鋼筋混凝土造,,180.82,4,2,2,有,無,14000000,83645,坡道平面,28.39,1250000,,RPQPMLOJRHNFFAH88CB
桃園區,房地(土地+建物)+車位,水汴頭段31~60地號,17.82,商,,,1051028,土地1建物1車位1,三層,15,住宅大樓(11層含以上有電梯),住家用,鋼筋混凝土造,,180.85,4,2,2,有,無,13000000,75430,坡道平面,28.39,1500000,,RPSPMLOJRHNFFAH09CB
桃園區,房地(土地+建物)+車位,水汴頭段31~60地號,12.9,商,,,1060312,土地1建物1車位1,四層,15,住宅大樓(11層含以上有電梯),住家用,鋼筋混凝土造,,132.0,2,2,2,有,無,8830000,76537,坡道平面,28.39,900000,,RPTPMLOJRHNFFAH56CB
桃園區,房地(土地+建物)+車位,水汴頭段31~60地號,12.9,商,,,1051026,土地1建物1車位1,五層,15,住宅大樓(11層含以上有電梯),住家用,鋼筋混凝土造,,132.0,2,2,2,有,無,9000000,72387,坡道平面,28.39,1500000,,RPUPMLOJRHNFFAH66CB
桃園區,房地(土地+建物)+車位,水汴頭段31~60地號,12.9,商,,,1060218,土地1建物1車位1,六層,15,住宅大樓(11層含以上有電梯),住家用,鋼筋混凝土造,,132.0,2,2,2,有,無,10100000,85899,坡道平面,28.39,1200000,,RPWPMLOJRHNFFAH86CB
桃園區,房地(土地+建物)+車位,水汴頭段31~60地號,12.9,商,,,1051105,土地1建物1車位1,七層,15,住宅大樓(11層含以上有電梯),住家用,鋼筋混凝土造,,132.0,2,2,2,有,無,9980000,83776,坡道平面,28.39,1300000,,RPXPMLOJRHNFFAH96CB
桃園區,房地(土地+建物)+車位,水汴頭段31~60地號,12.9,商,,,1051201,土地1建物1車位1,九層,15,住宅大樓(11層含以上有電梯),住家用,鋼筋混凝土造,,132.0,2,2,2,有,無,8900000,74317,坡道平面,28.39,1200000,,RPOQMLOJRHNFFAH78CB
桃園區,房地(土地+建物)+車位,水汴頭段31~60地號,12.9,商,,,1051029,土地1建物1車位1,十一層,15,住宅大樓(11層含以上有電梯),住家用,鋼筋混凝土造,,132.0,2,2,2,有,無,9100000,77213,坡道平面,28.39,1100000,,RPPQMLOJRHNFFAH88CB
桃園區,房地(土地+建物)+車位,水汴頭段31~60地號,12.9,商,,,1051026,土地1建物1車位1,十三層,15,住宅大樓(11層含以上有電梯),住家用,鋼筋混凝土造,,132.0,2,2,2,有,無,9500000,79143,坡道平面,28.39,1300000,,RPQQMLOJRHNFFAH98CB
桃園區,房地(土地+建物)+車位,水汴頭段31~60地號,12.9,商,,,1051225,土地1建物1車位1,十四層,15,住宅大樓(11層含以上有電梯),住家用,鋼筋混凝土造,,132.0,2,2,2,有,無,9280000,78950,坡道平面,28.39,1100000,,RPRQMLOJRHNFFAH09CB
桃園區,房地(土地+建物)+車位,水汴頭段31~60地號,12.9,商,,,1051029,土地1建物1車位1,十五層,15,住宅大樓(11層含以上有電梯),住家用,鋼筋混凝土造,,132.0,2,2,2,有,無,9200000,78178,坡道平面,28.39,1100000,,RPSQMLOJRHNFFAH56CB
桃園區,房地(土地+建物)+車位,水汴頭段31~60地號,19.05,商,,,1051116,土地1建物1車位2,七層,15,住宅大樓(11層含以上有電梯),住家用,鋼筋混凝土造,,205.05,4,2,2,有,無,14830000,86531,坡道平面,56.78,2000000,,RPTQMLOJRHNFFAH66CB
桃園區,房地(土地+建物)+車位,水汴頭段31~60地號,12.9,商,,,1060304,土地1建物1車位1,二層,15,住宅大樓(11層含以上有電梯),住家用,鋼筋混凝土造,,131.08,3,2,2,有,無,8890000,78781,坡道平面,28.39,800000,,RPUQMLOJRHNFFAH76CB
桃園區,房地(土地+建物)+車位,水汴頭段31~60地號,12.9,商,,,1051030,土地1建物1車位1,三層,15,住宅大樓(11層含以上有電梯),住家用,鋼筋混凝土造,,131.08,3,2,2,有,無,9150000,80339,坡道平面,28.39,900000,,RPVQMLOJRHNFFAH86CB
桃園區,房地(土地+建物)+車位,水汴頭段31~60地號,17.82,商,,,1051029,土地1建物1車位1,八層,15,住宅大樓(11層含以上有電梯),住家用,鋼筋混凝土造,,176.81,4,2,2,有,無,13000000,76809,坡道平面,28.39,1600000,,RPWQMLOJRHNFFAH96CB
桃園區,房地(土地+建物)+車位,水汴頭段31~60地號,17.82,商,,,1051203,土地1建物1車位1,十二層,15,住宅大樓(11層含以上有電梯),住家用,鋼筋混凝土造,,176.81,4,2,2,有,無,12850000,77146,坡道平面,28.39,1400000,,RPXQMLOJRHNFFAH07CB
桃園區,房地(土地+建物)+車位,水汴頭段31~60地號,12.9,商,,,1060312,土地1建物1車位1,五層,15,住宅大樓(11層含以上有電梯),住家用,鋼筋混凝土造,,131.97,2,2,2,有,無,8680000,76076,坡道平面,28.39,800000,,RPORMLOJRHNFFAH88CB
桃園區,房地(土地+建物)+車位,水汴頭段31~60地號,12.9,商,,,1051210,土地1建物1車位1,六層,15,住宅大樓(11層含以上有電梯),住家用,鋼筋混凝土造,,131.97,2,2,2,有,無,9700000,83993,坡道平面,28.39,1000000,,RPRRMLOJRHNFFAH56CB
桃園區,房地(土地+建物)+車位,水汴頭段31~60地號,12.9,商,,,1051109,土地1建物1車位1,八層,15,住宅大樓(11層含以上有電梯),住家用,鋼筋混凝土造,,131.97,2,2,2,有,無,9600000,79166,坡道平面,28.39,1400000,,RPSRMLOJRHNFFAH66CB
桃園區,房地(土地+建物)+車位,水汴頭段31~60地號,11.06,商,,,1051109,土地1建物1車位1,十一層,15,住宅大樓(11層含以上有電梯),住家用,鋼筋混凝土造,,118.5,2,2,2,有,無,8100000,78793,坡道平面,28.39,1000000,,RPURMLOJRHNFFAH86CB
桃園區,房地(土地+建物)+車位,水汴頭段31~60地號,17.82,商,,,1060216,土地1建物1車位1,八層,12,住宅大樓(11層含以上有電梯),住家用,鋼筋混凝土造,,179.38,3,2,2,有,無,13100000,78151,坡道平面,28.39,1300000,,RPVRMLOJRHNFFAH96CB
桃園區,房地(土地+建物)+車位,水汴頭段31~60地號,17.82,商,,,1051111,土地1建物1車位1,十二層,12,住宅大樓(11層含以上有電梯),住家用,鋼筋混凝土造,,179.38,3,2,2,有,無,13100000,78813,坡道平面,28.39,1200000,,RPWRMLOJRHNFFAH07CB
桃園區,房地(土地+建物)+車位,水汴頭段31~60地號,16.59,商,,,1060111,土地1建物1車位1,七層,15,住宅大樓(11層含以上有電梯),住家用,鋼筋混凝土造,,166.47,3,2,2,有,無,11590000,75970,坡道平面,28.39,1100000,,RPXRMLOJRHNFFAH17CB
桃園區,房地(土地+建物)+車位,水汴頭段31~60地號,16.59,商,,,1060416,土地1建物1車位1,十五層,15,住宅大樓(11層含以上有電梯),住家用,鋼筋混凝土造,,167.73,3,2,2,有,無,11980000,76647,坡道平面,28.39,1300000,,RPOSMLOJRHNFFAH98CB
桃園區,房地(土地+建物)+車位,水汴頭段31~60地號,15.98,商,,,1060308,土地1建物1車位2,三層,12,住宅大樓(11層含以上有電梯),住家用,鋼筋混凝土造,,181.11,3,2,2,有,無,12050000,78420,坡道平面,56.78,2300000,,RPQTMLOJRHNFFAH66CB
中壢區,房地(土地+建物)+車位,仁祥段991~1020地號,27.94,住,,,1050115,土地1建物1車位1,一層,15,住宅大樓(11層含以上有電梯),住家用,鋼筋混凝土造,,142.83,0,0,0,無,無,9650000,80262,坡道平面,37.55,1200000,,RPOQMLMKRHNFFBH98EB
中壢區,房地(土地+建物)+車位,仁祥段991~1020地號,25.61,住,,,1041229,土地1建物1車位1,一層,14,住宅大樓(11層含以上有電梯),住家用,鋼筋混凝土造,,128.78,0,0,0,無,無,9670000,92842,坡道平面,37.55,1200000,,RPPQMLMKRHNFFBH09EB
中壢區,房地(土地+建物)+車位,仁祥段991~1020地號,18.63,住,,,1041229,土地1建物1車位1,二層,14,住宅大樓(11層含以上有電梯),住家用,鋼筋混凝土造,,91.48,0,0,0,無,無,6060000,90117,坡道平面,37.55,1200000,,RPQQMLMKRHNFFBH56EB
中壢區,房地(土地+建物)+車位,仁祥段991~1020地號,15.13,住,,,1041229,土地1建物1車位1,一層,14,住宅大樓(11層含以上有電梯),住家用,鋼筋混凝土造,,75.2,0,0,0,無,無,5130000,104382,坡道平面,37.55,1200000,,RPRQMLMKRHNFFBH66EB
中壢區,房地(土地+建物)+車位,仁祥段991~1020地號,18.63,住,,,1041229,土地1建物1車位1,一層,15,住宅大樓(11層含以上有電梯),住家用,鋼筋混凝土造,,91.42,0,0,0,無,無,5800000,85391,坡道平面,37.55,1200000,,RPSQMLMKRHNFFBH76EB
中壢區,房地(土地+建物)+車位,仁祥段991~1020地號,18.63,住,,,1060328,土地1建物1車位1,一層,15,住宅大樓(11層含以上有電梯),住家用,鋼筋混凝土造,,91.48,0,0,0,無,無,5500000,79733,坡道平面,37.55,1200000,,RPTQMLMKRHNFFBH86EB
中壢區,房地(土地+建物)+車位,仁祥段991~1020地號,15.13,住,,,1060328,土地1建物1車位1,一層,15,住宅大樓(11層含以上有電梯),住家用,鋼筋混凝土造,,75.21,0,0,0,無,無,4690000,92671,坡道平面,37.55,1200000,,RPUQMLMKRHNFFBH96EB
中壢區,房地(土地+建物)+車位,仁祥段991~1020地號,18.04,住,,,1041210,土地1建物1車位1,一層,15,住宅大樓(11層含以上有電梯),住家用,鋼筋混凝土造,,91.48,0,0,0,無,無,7210000,111441,坡道平面,37.55,1200000,,RPVQMLMKRHNFFBH07EB
中壢區,房地(土地+建物)+車位,仁祥段991~1020地號,20.37,住,,,1041210,土地1建物1車位1,一層,15,住宅大樓(11層含以上有電梯),住家用,鋼筋混凝土造,,102.72,0,0,0,無,無,8000000,104342,坡道平面,37.55,1200000,,RPWQMLMKRHNFFBH17EB
中壢區,房地(土地+建物)+車位,仁祥段991~1020地號,15.13,住,,,1041210,土地1建物1車位1,一層,14,住宅大樓(11層含以上有電梯),住家用,鋼筋混凝土造,,75.24,0,0,0,無,無,6250000,133988,坡道平面,37.55,1200000,,RPXQMLMKRHNFFBH27EB
中壢區,房地(土地+建物)+車位,培英段1~30地號,14.84,住,,,1070508,土地1建物1車位1,四層,15,住宅大樓(11層含以上有電梯),住家用,鋼筋混凝土造,,102.6,2,1,1,有,無,6100000,60660,坡道平面,23.47,1300000,,RPRQMLKMIINFFBH28CB
中壢區,房地(土地+建物),培英段1~30地號,14.56,住,,,1070830,土地1建物1車位0,八層,15,住宅大樓(11層含以上有電梯),住家用,鋼筋混凝土造,,79.18,2,1,1,有,無,4680000,59106,,0.0,0,,RPSQMLKMIINFFBH38CB
中壢區,房地(土地+建物),培英段1~30地號,14.56,住,,,1070830,土地1建物1車位0,十一層,15,住宅大樓(11層含以上有電梯),住家用,鋼筋混凝土造,,79.18,2,1,1,有,無,4720000,59611,,0.0,0,,RPTQMLKMIINFFBH48CB
中壢區,房地(土地+建物)+車位,培英段1~30地號,23.9,住,,,1061211,土地1建物1車位1,十二層,15,住宅大樓(11層含以上有電梯),住家用,鋼筋混凝土造,,153.75,3,2,2,有,無,9120000,59748,坡道平面,24.54,1400000,,RPUQMLKMIINFFBH58CB
中壢區,房地(土地+建物)+車位,培英段1~30地號,23.9,住,,,1070104,土地1建物1車位1,九層,15,住宅大樓(11層含以上有電梯),住家用,鋼筋混凝土造,,153.75,3,2,2,有,無,9230000,60599,坡道平面,24.54,1400000,,RPVQMLKMIINFFBH68CB
中壢區,房地(土地+建物)+車位,培英段1~30地號,18.41,住,,,1060115,土地1建物1車位1,九層,15,住宅大樓(11層含以上有電梯),住家用,鋼筋混凝土造,,125.2,2,2,1,有,無,7000000,55633,坡道平面,24.54,1400000,,RPWQMLKMIINFFBH78CB
中壢區,房地(土地+建物),培英段1~30地號,15.94,住,,,1070514,土地1建物1車位0,十三層,15,住宅大樓(11層含以上有電梯),住家用,鋼筋混凝土造,,88.47,2,2,1,有,無,5200000,58777,,0.0,0,,RPXQMLKMIINFFBH88CB
中壢區,房地(土地+建物)+車位,培英段1~30地號,21.71,住,,,1070417,土地1建物1車位1,七層,15,住宅大樓(11層含以上有電梯),住家用,鋼筋混凝土造,,141.38,3,2,2,有,無,7750000,54703,坡道平面,23.47,1300000,,RPORMLKMIINFFBH08CB
中壢區,房地(土地+建物)+車位,培英段1~30地號,23.9,住,,,1061127,土地1建物1車位1,六層,15,住宅大樓(11層含以上有電梯),住家用,鋼筋混凝土造,,152.68,3,2,2,有,無,8800000,58045,坡道平面,23.47,1300000,,RPPRMLKMIINFFBH18CB
中壢區,房地(土地+建物)+車位,培英段1~30地號,23.9,住,,,1070508,土地1建物1車位1,七層,15,住宅大樓(11層含以上有電梯),住家用,鋼筋混凝土造,,155.92,3,2,2,有,無,8880000,56346,坡道平面,25.83,1550000,,RPQRMLKMIINFFBH28CB
中壢區,房地(土地+建物)+車位,培英段1~30地號,14.84,住,,,1070912,土地1建物1車位1,三層,15,住宅大樓(11層含以上有電梯),住家用,鋼筋混凝土造,,103.67,2,1,1,有,無,6150000,58764,坡道平面,24.54,1500000,,RPSRMLKMIINFFBH48CB
中壢區,房地(土地+建物),培英段1~30地號,14.56,住,,,1070823,土地1建物1車位0,十四層,15,住宅大樓(11層含以上有電梯),住家用,鋼筋混凝土造,,79.18,2,1,1,有,無,4780000,60369,,0.0,0,,RPTRMLKMIINFFBH58CB
中壢區,房地(土地+建物)+車位,培英段1~30地號,23.9,住,,,1070919,土地1建物1車位1,十一層,15,住宅大樓(11層含以上有電梯),住家用,鋼筋混凝土造,,154.63,3,2,2,有,無,8800000,56884,坡道平面,24.54,1400000,,RPURMLKMIINFFBH68CB
中壢區,房地(土地+建物)+車位,培英段1~30地號,23.9,住,,,1070912,土地1建物1車位1,十層,15,住宅大樓(11層含以上有電梯),住家用,鋼筋混凝土造,,154.63,3,2,2,有,無,8750000,55731,坡道平面,24.54,1500000,,RPVRMLKMIINFFBH78CB
中壢區,房地(土地+建物)+車位,培英段1~30地號,23.9,住,,,1070810,土地1建物1車位1,八層,15,住宅大樓(11層含以上有電梯),住家用,鋼筋混凝土造,,153.56,3,2,2,有,無,8680000,55961,坡道平面,23.47,1400000,,RPWRMLKMIINFFBH88CB
中壢區,房地(土地+建物)+車位,培英段1~30地號,16.21,住,,,1070912,土地1建物1車位1,三層,15,住宅大樓(11層含以上有電梯),住家用,鋼筋混凝土造,,110.79,2,2,1,有,無,7080000,64696,坡道平面,24.54,1500000,總價內含裝潢費86萬元,RPXRMLKMIINFFBH98CB
中壢區,房地(土地+建物)+車位,培英段1~30地號,14.84,住,,,1070614,土地1建物1車位1,十二層,15,住宅大樓(11層含以上有電梯),住家用,鋼筋混凝土造,,103.67,2,1,1,有,無,6250000,60028,坡道平面,24.54,1500000,,RPOSMLKMIINFFBH18CB
中壢區,房地(土地+建物)+車位,培英段1~30地號,21.71,住,,,1070919,土地1建物1車位1,十一層,15,住宅大樓(11層含以上有電梯),住家用,鋼筋混凝土造,,142.45,3,2,2,有,無,8030000,55381,坡道平面,24.54,1500000,,RPPSMLKMIINFFBH28CB
中壢區,房地(土地+建物),培英段1~30地號,14.56,住,,,1070830,土地1建物1車位0,十二層,15,住宅大樓(11層含以上有電梯),住家用,鋼筋混凝土造,,79.18,2,1,1,有,無,4760000,60116,,0.0,0,,RPQSMLKMIINFFBH38CB
中壢區,房地(土地+建物),培英段1~30地號,15.94,住,,,1070521,土地1建物1車位0,七層,15,住宅大樓(11層含以上有電梯),住家用,鋼筋混凝土造,,88.47,2,2,1,有,無,5100000,57647,,0.0,0,,RPRSMLKMIINFFBH48CB
中壢區,房地(土地+建物)+車位,培英段1~30地號,16.21,住,,,1070417,土地1建物1車位1,四層,15,住宅大樓(11層含以上有電梯),住家用,鋼筋混凝土造,,113.01,2,2,1,有,無,6450000,57081,坡道平面,24.54,1400000,,RPSSMLKMIINFFBH58CB
中壢區,房地(土地+建物)+車位,培英段1~30地號,20.61,住,,,1070205,土地1建物1車位1,二層,15,住宅大樓(11層含以上有電梯),住家用,鋼筋混凝土造,,134.21,2,2,1,有,無,7980000,59998,坡道平面,24.54,1400000,,RPTSMLKMIINFFBH68CB
中壢區,房地(土地+建物)+車位,培英段1~30地號,14.84,住,,,1070212,土地1建物1車位1,七層,15,住宅大樓(11層含以上有電梯),住家用,鋼筋混凝土造,,103.67,2,1,1,有,無,6100000,59396,坡道平面,24.54,1400000,,RPUSMLKMIINFFBH78CB
中壢區,房地(土地+建物)+車位,培英段1~30地號,23.9,住,,,1070810,土地1建物1車位1,九層,15,住宅大樓(11層含以上有電梯),住家用,鋼筋混凝土造,,154.63,3,2,2,有,無,8800000,56884,坡道平面,24.54,1400000,,RPVSMLKMIINFFBH88CB
中壢區,房地(土地+建物)+車位,培英段1~30地號,18.41,住,,,1070412,土地1建物1車位1,十五層,15,住宅大樓(11層含以上有電梯),住家用,鋼筋混凝土造,,124.13,2,2,1,有,無,6770000,53348,坡道平面,23.47,1400000,,RPWSMLKMIINFFBH98CB
中壢區,房地(土地+建物)+車位,培英段1~30地號,23.9,住,,,1061127,土地1建物1車位1,三層,15,住宅大樓(11層含以上有電梯),住家用,鋼筋混凝土造,,152.83,3,2,2,有,無,9180000,60079,坡道平面,25.83,1550000,,RPXSMLKMIINFFBH09CB
中壢區,房地(土地+建物)+車位,培英段1~30地號,23.9,住,,,1070620,土地1建物1車位1,三層,15,住宅大樓(11層含以上有電梯),住家用,鋼筋混凝土造,,154.63,3,2,2,有,無,10000000,66108,坡道平面,24.54,1400000,總價內含裝潢費131萬元,RPOTMLKMIINFFBH28CB
中壢區,房地(土地+建物)+車位,培英段1~30地號,23.9,住,,,1070508,土地1建物1車位1,四層,15,住宅大樓(11層含以上有電梯),住家用,鋼筋混凝土造,,154.63,3,2,2,有,無,8460000,54270,坡道平面,24.54,1400000,,RPPTMLKMIINFFBH38CB
中壢區,房地(土地+建物)+車位,培英段1~30地號,19.23,住,,,1070514,土地1建物1車位1,四層,15,住宅大樓(11層含以上有電梯),住家用,鋼筋混凝土造,,127.07,2,2,1,有,無,7050000,54537,坡道平面,23.47,1400000,,RPQTMLKMIINFFBH48CB
中壢區,房地(土地+建物)+車位,培英段1~30地號,16.49,住,,,1070912,土地1建物1車位1,八層,15,住宅大樓(11層含以上有電梯),住家用,鋼筋混凝土造,,114.01,2,2,1,有,無,6600000,57002,坡道平面,24.54,1500000,,RPRTMLKMIINFFBH58CB
中壢區,房地(土地+建物)+車位,培英段1~30地號,19.23,住,,,1070508,土地1建物1車位1,十一層,15,住宅大樓(11層含以上有電梯),住家用,鋼筋混凝土造,,128.14,2,2,1,有,無,7660000,60425,坡道平面,24.54,1400000,,RPSTMLKMIINFFBH68CB
中壢區,房地(土地+建物)+車位,培英段1~30地號,23.9,住,,,1061204,土地1建物1車位1,六層,15,住宅大樓(11層含以上有電梯),住家用,鋼筋混凝土造,,154.63,3,2,2,有,無,8770000,55884,坡道平面,24.54,1500000,,RPTTMLKMIINFFBH78CB
中壢區,房地(土地+建物)+車位,培英段1~30地號,21.71,住,,,1070508,土地1建物1車位1,四層,15,住宅大樓(11層含以上有電梯),住家用,鋼筋混凝土造,,141.38,3,2,2,有,無,7540000,52922,坡道平面,23.47,1300000,,RPUTMLKMIINFFBH88CB
中壢區,房地(土地+建物)+車位,培英段1~30地號,21.98,住,,,1070912,土地1建物1車位1,七層,15,住宅大樓(11層含以上有電梯),住家用,鋼筋混凝土造,,143.8,3,2,2,有,無,8500000,58695,坡道平面,24.54,1500000,,RPVTMLKMIINFFBH98CB
中壢區,房地(土地+建物)+車位,培英段1~30地號,23.9,住,,,1061127,土地1建物1車位1,五層,15,住宅大樓(11層含以上有電梯),住家用,鋼筋混凝土造,,153.75,3,2,2,有,無,8800000,57271,坡道平面,24.54,1400000,,RPWTMLKMIINFFBH09CB
中壢區,房地(土地+建物)+車位,培英段1~30地號,21.98,住,,,1070301,土地1建物1車位1,三層,15,住宅大樓(11層含以上有電梯),住家用,鋼筋混凝土造,,141.26,3,2,2,有,無,8300000,59116,坡道平面,24.54,1400000,,RPXTMLKMIINFFBH56CB
中壢區,房地(土地+建物)+車位,培英段1~30地號,16.49,住,,,1070928,土地1建物1車位1,十三層,15,住宅大樓(11層含以上有電梯),住家用,鋼筋混凝土造,,114.01,2,2,1,有,無,6550000,57561,坡道平面,24.54,1400000,,RPOUMLKMIINFFBH38CB
中壢區,房地(土地+建物)+車位,培英段1~30地號,19.23,住,,,1070620,土地1建物1車位1,十層,15,住宅大樓(11層含以上有電梯),住家用,鋼筋混凝土造,,128.14,2,2,1,有,無,7300000,55985,坡道平面,24.54,1500000,,RPPUMLKMIINFFBH48CB
中壢區,房地(土地+建物)+車位,培英段1~30地號,16.21,住,,,1070422,土地1建物1車位1,六層,15,住宅大樓(11層含以上有電梯),住家用,鋼筋混凝土造,,111.94,2,2,1,有,無,6500000,58777,坡道平面,23.47,1300000,,RPQUMLKMIINFFBH58CB
中壢區,房地(土地+建物)+車位,培英段1~30地號,23.9,住,,,1061204,土地1建物1車位1,十三層,15,住宅大樓(11層含以上有電梯),住家用,鋼筋混凝土造,,154.63,3,2,2,有,無,8880000,56730,坡道平面,24.54,1500000,,RPRUMLKMIINFFBH68CB
中壢區,房地(土地+建物)+車位,培英段1~30地號,21.71,住,,,1070718,土地1建物1車位1,十四層,15,住宅大樓(11層含以上有電梯),住家用,鋼筋混凝土造,,142.45,3,2,2,有,無,8000000,55975,坡道平面,24.54,1400000,,RPVUMLKMIINFFBH09CB
中壢區,房地(土地+建物),培英段1~30地號,14.56,住,,,1070817,土地1建物1車位0,七層,15,住宅大樓(11層含以上有電梯),住家用,鋼筋混凝土造,,79.18,2,1,1,有,無,4600000,58095,,0.0,0,,RPWUMLKMIINFFBH56CB
中壢區,房地(土地+建物)+車位,培英段1~30地號,19.23,住,,,1061204,土地1建物1車位1,十三層,15,住宅大樓(11層含以上有電梯),住家用,鋼筋混凝土造,,128.14,2,2,1,有,無,7180000,55792,坡道平面,24.54,1400000,,RPXUMLKMIINFFBH66CB
中壢區,房地(土地+建物)+車位,培英段1~30地號,23.9,住,,,1070928,土地1建物1車位1,十三層,15,住宅大樓(11層含以上有電梯),住家用,鋼筋混凝土造,,153.75,3,2,2,有,無,9100000,58819,坡道平面,24.54,1500000,,RPOVMLKMIINFFBH48CB
中壢區,房地(土地+建物),培英段1~30地號,14.56,住,,,1070319,土地1建物1車位0,五層,15,住宅大樓(11層含以上有電梯),住家用,鋼筋混凝土造,,79.18,2,1,1,有,無,4580000,57843,,0.0,0,,RPPVMLKMIINFFBH58CB
中壢區,房地(土地+建物)+車位,培英段1~30地號,19.23,住,,,1070301,土地1建物1車位1,十五層,15,住宅大樓(11層含以上有電梯),住家用,鋼筋混凝土造,,128.14,2,2,1,有,無,7080000,54826,坡道平面,24.54,1400000,,RPQVMLKMIINFFBH68CB
中壢區,房地(土地+建物)+車位,培英段1~30地號,21.71,住,,,1070316,土地1建物1車位1,八層,15,住宅大樓(11層含以上有電梯),住家用,鋼筋混凝土造,,141.38,3,2,2,有,無,7800000,54279,坡道平面,23.47,1400000,,RPRVMLKMIINFFBH78CB
中壢區,房地(土地+建物)+車位,培英段1~30地號,14.84,住,,,1070816,土地1建物1車位1,九層,15,住宅大樓(11層含以上有電梯),住家用,鋼筋混凝土造,,102.6,2,1,1,有,無,6380000,62934,坡道平面,23.47,1400000,,RPSVMLKMIINFFBH88CB
中壢區,房地(土地+建物)+車位,培英段1~30地號,16.49,住,,,1070912,土地1建物1車位1,九層,15,住宅大樓(11層含以上有電梯),住家用,鋼筋混凝土造,,114.01,2,2,1,有,無,6500000,57002,坡道平面,24.54,1400000,,RPTVMLKMIINFFBH98CB
中壢區,房地(土地+建物)+車位,培英段1~30地號,21.71,住,,,1061211,土地1建物1車位1,六層,15,住宅大樓(11層含以上有電梯),住家用,鋼筋混凝土造,,142.45,3,2,2,有,無,8090000,55890,坡道平面,24.54,1500000,,RPUVMLKMIINFFBH09CB
中壢區,房地(土地+建物),培英段1~30地號,14.56,住,,,1070817,土地1建物1車位0,四層,15,住宅大樓(11層含以上有電梯),住家用,鋼筋混凝土造,,79.18,2,1,1,有,無,4480000,56580,,0.0,0,,RPVVMLKMIINFFBH56CB
中壢區,房地(土地+建物)+車位,培英段1~30地號,23.9,住,,,1061204,土地1建物1車位1,十層,15,住宅大樓(11層含以上有電梯),住家用,鋼筋混凝土造,,153.75,3,2,2,有,無,9380000,60986,坡道平面,24.54,1500000,,RPWVMLKMIINFFBH66CB
中壢區,房地(土地+建物)+車位,培英段1~30地號,23.9,住,,,1061127,土地1建物1車位1,七層,15,住宅大樓(11層含以上有電梯),住家用,鋼筋混凝土造,,153.75,3,2,2,有,無,9100000,58819,坡道平面,24.54,1500000,,RPXVMLKMIINFFBH76CB
中壢區,房地(土地+建物),培英段1~30地號,14.56,住,,,1070823,土地1建物1車位0,六層,15,住宅大樓(11層含以上有電梯),住家用,鋼筋混凝土造,,79.18,2,1,1,有,無,4600000,58095,,0.0,0,,RPOWMLKMIINFFBH58CB
中壢區,房地(土地+建物)+車位,培英段1~30地號,21.98,住,,,1070830,土地1建物1車位1,四層,15,住宅大樓(11層含以上有電梯),住家用,鋼筋混凝土造,,143.8,3,2,2,有,無,8500000,58695,坡道平面,24.54,1500000,,RPPWMLKMIINFFBH68CB
中壢區,房地(土地+建物)+車位,培英段1~30地號,23.9,住,,,1070122,土地1建物1車位1,八層,15,住宅大樓(11層含以上有電梯),住家用,鋼筋混凝土造,,153.75,3,2,2,有,無,9200000,59593,坡道平面,24.54,1500000,,RPQWMLKMIINFFBH78CB
中壢區,房地(土地+建物)+車位,培英段1~30地號,19.23,住,,,1061127,土地1建物1車位1,七層,15,住宅大樓(11層含以上有電梯),住家用,鋼筋混凝土造,,127.07,2,2,1,有,無,7000000,55019,坡道平面,23.47,1300000,,RPRWMLKMIINFFBH88CB
中壢區,房地(土地+建物)+車位,培英段1~30地號,16.21,住,,,1070718,土地1建物1車位1,九層,15,住宅大樓(11層含以上有電梯),住家用,鋼筋混凝土造,,113.01,2,2,1,有,無,6500000,56516,坡道平面,24.54,1500000,,RPSWMLKMIINFFBH98CB
中壢區,房地(土地+建物)+車位,培英段1~30地號,21.71,住,,,1070712,土地1建物1車位1,九層,15,住宅大樓(11層含以上有電梯),住家用,鋼筋混凝土造,,142.45,3,2,2,有,無,8100000,55975,坡道平面,24.54,1500000,,RPTWMLKMIINFFBH09CB
中壢區,房地(土地+建物)+車位,培英段1~30地號,19.23,住,,,1070307,土地1建物1車位1,八層,15,住宅大樓(11層含以上有電梯),住家用,鋼筋混凝土造,,127.07,2,2,1,有,無,7180000,55792,坡道平面,23.47,1400000,,RPUWMLKMIINFFBH56CB
中壢區,房地(土地+建物)+車位,培英段1~30地號,23.9,住,,,1070412,土地1建物1車位1,十五層,15,住宅大樓(11層含以上有電梯),住家用,鋼筋混凝土造,,153.75,3,2,2,有,無,9030000,58277,坡道平面,24.54,1500000,,RPVWMLKMIINFFBH66CB
中壢區,房地(土地+建物)+車位,培英段1~30地號,23.9,住,,,1070417,土地1建物1車位1,五層,15,住宅大樓(11層含以上有電梯),住家用,鋼筋混凝土造,,154.63,3,2,2,有,無,8650000,55731,坡道平面,24.54,1400000,,RPWWMLKMIINFFBH76CB
中壢區,房地(土地+建物),培英段1~30地號,14.56,住,,,1070928,土地1建物1車位0,三層,15,住宅大樓(11層含以上有電梯),住家用,鋼筋混凝土造,,79.18,2,1,1,有,無,5350000,67568,,0.0,0,,RPXWMLKMIINFFBH86CB
中壢區,房地(土地+建物)+車位,培英段1~30地號,21.98,住,,,1070614,土地1建物1車位1,六層,15,住宅大樓(11層含以上有電梯),住家用,鋼筋混凝土造,,143.8,3,2,2,有,無,8760000,61714,坡道平面,24.54,1400000,,RPONNLKMIINFFBH77CB
中壢區,房地(土地+建物)+車位,培英段1~30地號,19.23,住,,,1070307,土地1建物1車位1,九層,15,住宅大樓(11層含以上有電梯),住家用,鋼筋混凝土造,,128.14,2,2,1,有,無,7200000,55985,坡道平面,24.54,1400000,,RPPNNLKMIINFFBH87CB
中壢區,房地(土地+建物)+車位,培英段1~30地號,24.18,住,,,1061127,土地1建物1車位2,四層,15,住宅大樓(11層含以上有電梯),住家用,鋼筋混凝土造,,178.29,3,2,2,有,無,9990000,55646,坡道平面,49.08,2800000,,RPQNNLKMIINFFBH97CB
中壢區,房地(土地+建物)+車位,培英段1~30地號,14.84,住,,,1070422,土地1建物1車位1,六層,15,住宅大樓(11層含以上有電梯),住家用,鋼筋混凝土造,,102.6,2,1,1,有,無,6100000,60660,坡道平面,23.47,1300000,,RPRNNLKMIINFFBH08CB
中壢區,房地(土地+建物)+車位,培英段1~30地號,14.84,住,,,1070531,土地1建物1車位1,五層,15,住宅大樓(11層含以上有電梯),住家用,鋼筋混凝土造,,102.6,2,1,1,有,無,6380000,64198,坡道平面,23.47,1300000,,RPTNNLKMIINFFBH28CB
中壢區,房地(土地+建物)+車位,培英段1~30地號,16.49,住,,,1070810,土地1建物1車位1,十二層,15,住宅大樓(11層含以上有電梯),住家用,鋼筋混凝土造,,114.01,2,2,1,有,無,6800000,59238,坡道平面,24.54,1500000,,RPUNNLKMIINFFBH38CB
中壢區,房地(土地+建物)+車位,培英段1~30地號,16.21,住,,,1070810,土地1建物1車位1,十二層,15,住宅大樓(11層含以上有電梯),住家用,鋼筋混凝土造,,113.01,2,2,1,有,無,6600000,58777,坡道平面,24.54,1400000,,RPVNNLKMIINFFBH48CB
中壢區,房地(土地+建物)+車位,培英段1~30地號,16.49,住,,,1070817,土地1建物1車位1,四層,15,住宅大樓(11層含以上有電梯),住家用,鋼筋混凝土造,,114.01,2,2,1,有,無,6300000,53649,坡道平面,24.54,1500000,,RPWNNLKMIINFFBH58CB
中壢區,房地(土地+建物)+車位,培英段1~30地號,16.21,住,,,1070412,土地1建物1車位1,五層,15,住宅大樓(11層含以上有電梯),住家用,鋼筋混凝土造,,113.01,2,2,1,有,無,6300000,55386,坡道平面,24.54,1400000,,RPXNNLKMIINFFBH68CB
中壢區,房地(土地+建物)+車位,培英段1~30地號,21.71,住,,,1070316,土地1建物1車位1,五層,15,住宅大樓(11層含以上有電梯),住家用,鋼筋混凝土造,,142.45,3,2,2,有,無,7740000,52922,坡道平面,24.54,1500000,,RPOONLKMIINFFBH87CB
中壢區,房地(土地+建物)+車位,培英段1~30地號,17.04,住,,,1070912,土地1建物1車位1,二層,15,住宅大樓(11層含以上有電梯),住家用,鋼筋混凝土造,,115.26,2,2,1,有,無,6980000,61508,坡道平面,24.54,1400000,,RPPONLKMIINFFBH97CB
中壢區,房地(土地+建物)+車位,培英段1~30地號,19.23,住,,,1070514,土地1建物1車位1,十四層,15,住宅大樓(11層含以上有電梯),住家用,鋼筋混凝土造,,128.14,2,2,1,有,無,7150000,55502,坡道平面,24.54,1400000,,RPQONLKMIINFFBH08CB
中壢區,房地(土地+建物)+車位,培英段1~30地號,16.21,住,,,1070629,土地1建物1車位1,八層,15,住宅大樓(11層含以上有電梯),住家用,鋼筋混凝土造,,113.01,2,2,1,有,無,6500000,57647,坡道平面,24.54,1400000,,RPRONLKMIINFFBH18CB
中壢區,房地(土地+建物)+車位,培英段1~30地號,19.23,住,,,1070115,土地1建物1車位1,五層,15,住宅大樓(11層含以上有電梯),住家用,鋼筋混凝土造,,127.07,2,2,1,有,無,6900000,54054,坡道平面,23.47,1300000,,RPSONLKMIINFFBH28CB
中壢區,房地(土地+建物)+車位,培英段1~30地號,19.23,住,,,1061211,土地1建物1車位1,六層,15,住宅大樓(11層含以上有電梯),住家用,鋼筋混凝土造,,129.43,2,2,1,有,無,7280000,56274,坡道平面,25.83,1450000,,RPTONLKMIINFFBH38CB
中壢區,房地(土地+建物)+車位,培英段1~30地號,16.49,住,,,1070521,土地1建物1車位1,六層,15,住宅大樓(11層含以上有電梯),住家用,鋼筋混凝土造,,114.01,2,2,1,有,無,6800000,60355,坡道平面,24.54,1400000,,RPUONLKMIINFFBH48CB
桃園區,房地(土地+建物)+車位,龍鳳段121~150地號,21.28,住,,,1070424,土地4建物1車位1,三層,15,住宅大樓(11層含以上有電梯),住家用,鋼筋混凝土造,,162.49,3,2,2,有,無,8000000,51482,坡道平面,34.29,1400000,,RPQPMLLMIINFFAH08CB
桃園區,房地(土地+建物)+車位,龍鳳段121~150地號,21.28,住,,,1070424,土地4建物1車位1,四層,15,住宅大樓(11層含以上有電梯),住家用,鋼筋混凝土造,,162.49,3,2,2,有,無,8460000,55460,坡道平面,34.29,1350000,,RPRPMLLMIINFFAH18CB
桃園區,房地(土地+建物)+車位,龍鳳段121~150地號,21.28,住,,,1070418,土地4建物1車位1,五層,15,住宅大樓(11層含以上有電梯),住家用,鋼筋混凝土造,,162.49,3,2,2,有,無,8850000,58502,坡道平面,34.29,1350000,,RPSPMLLMIINFFAH28CB
桃園區,房地(土地+建物)+車位,龍鳳段121~150地號,21.28,住,,,1061117,土地4建物1車位1,六層,15,住宅大樓(11層含以上有電梯),住家用,鋼筋混凝土造,,162.49,3,2,2,有,無,8180000,53276,坡道平面,34.29,1350000,,RPVPMLLMIINFFAH58CB
桃園區,房地(土地+建物)+車位,龍鳳段121~150地號,21.28,住,,,1070307,土地4建物1車位1,七層,15,住宅大樓(11層含以上有電梯),住家用,鋼筋混凝土造,,162.49,3,2,2,有,無,7900000,51092,坡道平面,34.29,1350000,,RPWPMLLMIINFFAH68CB
桃園區,房地(土地+建物)+車位,龍鳳段121~150地號,21.28,住,,,1070403,土地4建物1車位1,八層,15,住宅大樓(11層含以上有電梯),住家用,鋼筋混凝土造,,162.49,3,2,2,有,無,8500000,55382,坡道平面,34.29,1400000,,RPXPMLLMIINFFAH78CB
桃園區,房地(土地+建物)+車位,龍鳳段121~150地號,21.28,住,,,1061201,土地4建物1車位1,九層,15,住宅大樓(11層含以上有電梯),住家用,鋼筋混凝土造,,162.49,3,2,2,有,無,8220000,53978,坡道平面,34.29,1300000,,RPOQMLLMIINFFAH97CB
桃園區,房地(土地+建物)+車位,龍鳳段121~150地號,21.58,住,,,1061215,土地4建物1車位2,十層,15,住宅大樓(11層含以上有電梯),住家用,鋼筋混凝土造,,196.78,3,2,2,有,無,9110000,50390,坡道平面,68.58,2650000,,RPPQMLLMIINFFAH08CB
桃園區,房地(土地+建物)+車位,龍鳳段121~150地號,21.28,住,,,1070323,土地4建物1車位1,十一層,15,住宅大樓(11層含以上有電梯),住家用,鋼筋混凝土造,,162.49,3,2,2,有,無,8280000,53666,坡道平面,34.29,1400000,,RPQQMLLMIINFFAH18CB
桃園區,房地(土地+建物)+車位,龍鳳段121~150地號,21.28,住,,,1070211,土地4建物1車位1,十二層,15,住宅大樓(11層含以上有電梯),住家用,鋼筋混凝土造,,162.49,3,2,2,有,無,8400000,55382,坡道平面,34.29,1300000,,RPRQMLLMIINFFAH28CB
桃園區,房地(土地+建物)+車位,龍鳳段121~150地號,21.28,住,,,1070424,土地4建物1車位1,十三層,15,住宅大樓(11層含以上有電梯),住家用,鋼筋混凝土造,,162.49,3,2,2,有,無,8280000,53666,坡道平面,34.29,1400000,,RPSQMLLMIINFFAH38CB
桃園區,房地(土地+建物)+車位,龍鳳段121~150地號,21.28,住,,,1070103,土地4建物1車位1,十四層,15,住宅大樓(11層含以上有電梯),住家用,鋼筋混凝土造,,162.49,3,2,2,有,無,8150000,52652,坡道平面,34.29,1400000,,RPTQMLLMIINFFAH48CB
桃園區,房地(土地+建物)+車位,龍鳳段121~150地號,21.28,住,,,1070420,土地4建物1車位1,十五層,15,住宅大樓(11層含以上有電梯),住家用,鋼筋混凝土造,,162.49,3,2,2,有,無,8220000,53198,坡道平面,34.29,1400000,,RPUQMLLMIINFFAH58CB
桃園區,房地(土地+建物)+車位,龍鳳段121~150地號,17.33,住,,,1070306,土地4建物1車位1,二層,15,住宅大樓(11層含以上有電梯),住家用,鋼筋混凝土造,,139.07,3,2,1,有,無,6700000,51537,坡道平面,34.29,1300000,,RPVQMLLMIINFFAH68CB
桃園區,房地(土地+建物)+車位,龍鳳段121~150地號,17.33,住,,,1061107,土地4建物1車位1,三層,15,住宅大樓(11層含以上有電梯),住家用,鋼筋混凝土造,,139.07,3,2,1,有,無,6720000,51727,坡道平面,34.29,1300000,,RPWQMLLMIINFFAH78CB
桃園區,房地(土地+建物)+車位,龍鳳段121~150地號,17.33,住,,,1061024,土地4建物1車位1,四層,15,住宅大樓(11層含以上有電梯),住家用,鋼筋混凝土造,,139.07,3,2,1,有,無,6790000,52395,坡道平面,34.29,1300000,,RPXQMLLMIINFFAH88CB
桃園區,房地(土地+建物)+車位,龍鳳段121~150地號,17.33,住,,,1061201,土地4建物1車位1,五層,15,住宅大樓(11層含以上有電梯),住家用,鋼筋混凝土造,,139.07,3,2,1,有,無,6740000,51441,坡道平面,34.29,1350000,,RPORMLLMIINFFAH08CB
桃園區,房地(土地+建物)+車位,龍鳳段121~150地號,17.33,住,,,1070409,土地4建物1車位1,六層,15,住宅大樓(11層含以上有電梯),住家用,鋼筋混凝土造,,139.07,3,2,1,有,無,6950000,53923,坡道平面,34.29,1300000,,RPPRMLLMIINFFAH18CB
桃園區,房地(土地+建物)+車位,龍鳳段121~150地號,17.33,住,,,1061117,土地4建物1車位1,七層,15,住宅大樓(11層含以上有電梯),住家用,鋼筋混凝土造,,139.07,3,2,1,有,無,6980000,53732,坡道平面,34.29,1350000,,RPQRMLLMIINFFAH28CB
桃園區,房地(土地+建物)+車位,龍鳳段121~150地號,17.33,住,,,1070305,土地4建物1車位1,八層,15,住宅大樓(11層含以上有電梯),住家用,鋼筋混凝土造,,139.07,3,2,1,有,無,6980000,53254,坡道平面,34.29,1400000,,RPRRMLLMIINFFAH38CB
桃園區,房地(土地+建物)+車位,龍鳳段121~150地號,17.33,住,,,1060908,土地4建物1車位1,九層,15,住宅大樓(11層含以上有電梯),住家用,鋼筋混凝土造,,139.07,3,2,1,有,無,6850000,52491,坡道平面,34.29,1350000,,RPTRMLLMIINFFAH58CB
桃園區,房地(土地+建物)+車位,龍鳳段121~150地號,17.33,住,,,1070222,土地4建物1車位1,十層,15,住宅大樓(11層含以上有電梯),住家用,鋼筋混凝土造,,139.07,3,2,1,有,無,7000000,53445,坡道平面,34.29,1400000,,RPURMLLMIINFFAH68CB
桃園區,房地(土地+建物)+車位,龍鳳段121~150地號,17.33,住,,,1070521,土地4建物1車位1,十一層,15,住宅大樓(11層含以上有電梯),住家用,鋼筋混凝土造,,139.07,3,2,1,有,無,6850000,52968,坡道平面,34.29,1300000,,RPVRMLLMIINFFAH78CB
桃園區,房地(土地+建物)+車位,龍鳳段121~150地號,17.33,住,,,1060901,土地4建物1車位1,十二層,15,住宅大樓(11層含以上有電梯),住家用,鋼筋混凝土造,,139.07,3,2,1,有,無,6920000,53636,坡道平面,34.29,1300000,,RPWRMLLMIINFFAH88CB
桃園區,房地(土地+建物)+車位,龍鳳段121~150地號,17.33,住,,,1070525,土地4建物1車位1,十三層,15,住宅大樓(11層含以上有電梯),住家用,鋼筋混凝土造,,139.07,3,2,1,有,無,6880000,53254,坡道平面,34.29,1300000,,RPXRMLLMIINFFAH98CB
桃園區,房地(土地+建物)+車位,龍鳳段121~150地號,17.33,住,,,1070424,土地4建物1車位1,十四層,15,住宅大樓(11層含以上有電梯),住家用,鋼筋混凝土造,,139.07,3,2,1,有,無,7000000,54400,坡道平面,34.29,1300000,,RPOSMLLMIINFFAH18CB
桃園區,房地(土地+建物)+車位,龍鳳段121~150地號,17.33,住,,,1061208,土地4建物1車位1,十五層,15,住宅大樓(11層含以上有電梯),住家用,鋼筋混凝土造,,139.07,3,2,1,有,無,6760000,52109,坡道平面,34.29,1300000,,RPPSMLLMIINFFAH28CB
桃園區,房地(土地+建物)+車位,龍鳳段121~150地號,16.11,住,,,1061110,土地4建物1車位1,五層,15,住宅大樓(11層含以上有電梯),住家用,鋼筋混凝土造,,130.83,2,2,1,有,無,6400000,52828,坡道平面,34.29,1300000,,RPQSMLLMIINFFAH38CB
桃園區,房地(土地+建物)+車位,龍鳳段121~150地號,16.11,住,,,1070509,土地4建物1車位1,六層,15,住宅大樓(11層含以上有電梯),住家用,鋼筋混凝土造,,130.83,2,2,1,有,無,6410000,52931,坡道平面,34.29,1300000,,RPRSMLLMIINFFAH48CB
桃園區,房地(土地+建物)+車位,龍鳳段121~150地號,16.11,住,,,1070420,土地4建物1車位1,七層,15,住宅大樓(11層含以上有電梯),住家用,鋼筋混凝土造,,130.83,2,2,1,有,無,6470000,53553,坡道平面,34.29,1300000,,RPSSMLLMIINFFAH58CB
桃園區,房地(土地+建物)+車位,龍鳳段121~150地號,16.11,住,,,1070424,土地4建物1車位1,八層,15,住宅大樓(11層含以上有電梯),住家用,鋼筋混凝土造,,130.83,2,2,1,有,無,6500000,53864,坡道平面,34.29,1300000,,RPUSMLLMIINFFAH78CB
桃園區,房地(土地+建物)+車位,龍鳳段121~150地號,16.11,住,,,1070629,土地4建物1車位1,九層,15,住宅大樓(11層含以上有電梯),住家用,鋼筋混凝土造,,130.83,2,2,1,有,無,6530000,53657,坡道平面,34.29,1350000,,RPVSMLLMIINFFAH88CB
桃園區,房地(土地+建物)+車位,龍鳳段121~150地號,16.11,住,,,1070420,土地4建物1車位1,十層,15,住宅大樓(11層含以上有電梯),住家用,鋼筋混凝土造,,130.83,2,2,1,有,無,6500000,52828,坡道平面,34.29,1400000,,RPWSMLLMIINFFAH98CB
桃園區,房地(土地+建物)+車位,龍鳳段121~150地號,15.81,住,,,1061012,土地4建物1車位1,二層,15,住宅大樓(11層含以上有電梯),住家用,鋼筋混凝土造,,129.64,2,2,1,有,無,6900000,58207,坡道平面,34.29,1350000,,RPXSMLLMIINFFAH09CB
桃園區,房地(土地+建物)+車位,龍鳳段121~150地號,15.81,住,,,1070522,土地4建物1車位1,四層,15,住宅大樓(11層含以上有電梯),住家用,鋼筋混凝土造,,129.64,2,2,1,有,無,6200000,50865,坡道平面,34.29,1350000,,RPOTMLLMIINFFAH28CB
桃園區,房地(土地+建物)+車位,龍鳳段121~150地號,15.81,住,,,1070119,土地4建物1車位1,五層,15,住宅大樓(11層含以上有電梯),住家用,鋼筋混凝土造,,129.64,2,2,1,有,無,6300000,51914,坡道平面,34.29,1350000,,RPPTMLLMIINFFAH38CB
桃園區,房地(土地+建物)+車位,龍鳳段121~150地號,15.81,住,,,1061205,土地4建物1車位1,六層,15,住宅大樓(11層含以上有電梯),住家用,鋼筋混凝土造,,129.64,2,2,1,有,無,6300000,51390,坡道平面,34.29,1400000,,RPQTMLLMIINFFAH48CB
桃園區,房地(土地+建物)+車位,龍鳳段121~150地號,15.81,住,,,1061110,土地4建物1車位1,七層,15,住宅大樓(11層含以上有電梯),住家用,鋼筋混凝土造,,128.49,2,2,1,有,無,6390000,53382,坡道平面,33.14,1300000,,RPRTMLLMIINFFAH58CB
桃園區,房地(土地+建物)+車位,龍鳳段121~150地號,15.81,住,,,1060825,土地4建物1車位1,八層,15,住宅大樓(11層含以上有電梯),住家用,鋼筋混凝土造,,129.64,2,2,1,有,無,6380000,52753,坡道平面,34.29,1350000,,RPSTMLLMIINFFAH68CB
桃園區,房地(土地+建物)+車位,龍鳳段121~150地號,15.81,住,,,1060915,土地4建物1車位1,九層,15,住宅大樓(11層含以上有電梯),住家用,鋼筋混凝土造,,129.64,2,2,1,有,無,6390000,52858,坡道平面,34.29,1350000,,RPTTMLLMIINFFAH78CB
桃園區,房地(土地+建物)+車位,龍鳳段121~150地號,15.81,住,,,1061006,土地4建物1車位1,十層,15,住宅大樓(11層含以上有電梯),住家用,鋼筋混凝土造,,129.64,2,2,1,有,無,6260000,52019,坡道平面,34.29,1300000,,RPUTMLLMIINFFAH88CB
桃園區,房地(土地+建物)+車位,龍鳳段121~150地號,15.81,住,,,1070423,土地4建物1車位1,三層,15,住宅大樓(11層含以上有電梯),住家用,鋼筋混凝土造,,128.89,2,2,1,有,無,6790000,57505,坡道平面,34.29,1350000,,RPVTMLLMIINFFAH98CB
桃園區,房地(土地+建物)+車位,龍鳳段121~150地號,15.81,住,,,1070511,土地4建物1車位1,七層,15,住宅大樓(11層含以上有電梯),住家用,鋼筋混凝土造,,128.89,2,2,1,有,無,6300000,52854,坡道平面,34.29,1300000,,RPWTMLLMIINFFAH09CB
桃園區,房地(土地+建物)+車位,龍鳳段121~150地號,15.81,住,,,1070319,土地4建物1車位1,十層,15,住宅大樓(11層含以上有電梯),住家用,鋼筋混凝土造,,128.89,2,2,1,有,無,6400000,52854,坡道平面,34.29,1400000,,RPXTMLLMIINFFAH56CB
桃園區,房地(土地+建物)+車位,龍鳳段121~150地號,16.11,住,,,1070403,土地4建物1車位1,五層,15,住宅大樓(11層含以上有電梯),住家用,鋼筋混凝土造,,130.48,2,2,1,有,無,6700000,56139,坡道平面,34.29,1300000,,RPOUMLLMIINFFAH38CB
桃園區,房地(土地+建物)+車位,龍鳳段121~150地號,16.11,住,,,1061124,土地4建物1車位1,六層,15,住宅大樓(11層含以上有電梯),住家用,鋼筋混凝土造,,129.33,2,2,1,有,無,6330000,52812,坡道平面,33.14,1250000,,RPPUMLLMIINFFAH48CB
桃園區,房地(土地+建物)+車位,龍鳳段121~150地號,16.11,住,,,1060915,土地4建物1車位1,七層,15,住宅大樓(11層含以上有電梯),住家用,鋼筋混凝土造,,130.48,2,2,1,有,無,6680000,55411,坡道平面,34.29,1350000,,RPQUMLLMIINFFAH58CB
桃園區,房地(土地+建物)+車位,龍鳳段121~150地號,16.11,住,,,1070629,土地4建物1車位1,八層,15,住宅大樓(11層含以上有電梯),住家用,鋼筋混凝土造,,130.48,2,2,1,有,無,6400000,53020,坡道平面,34.29,1300000,,RPRUMLLMIINFFAH68CB
桃園區,房地(土地+建物)+車位,龍鳳段121~150地號,16.11,住,,,1070621,土地4建物1車位1,九層,15,住宅大樓(11層含以上有電梯),住家用,鋼筋混凝土造,,130.48,2,2,1,有,無,6500000,54060,坡道平面,34.29,1300000,,RPSUMLLMIINFFAH78CB
桃園區,房地(土地+建物)+車位,龍鳳段121~150地號,16.11,住,,,1070119,土地4建物1車位1,十層,15,住宅大樓(11層含以上有電梯),住家用,鋼筋混凝土造,,130.48,2,2,1,有,無,6560000,54164,坡道平面,34.29,1350000,,RPTUMLLMIINFFAH88CB
桃園區,房地(土地+建物)+車位,龍鳳段121~150地號,17.33,住,,,1070403,土地4建物1車位1,二層,15,住宅大樓(11層含以上有電梯),住家用,鋼筋混凝土造,,139.07,3,2,1,有,無,6700000,51537,坡道平面,34.29,1300000,,RPUUMLLMIINFFAH98CB
桃園區,房地(土地+建物)+車位,龍鳳段121~150地號,17.33,住,,,1070606,土地4建物1車位1,三層,15,住宅大樓(11層含以上有電梯),住家用,鋼筋混凝土造,,139.07,3,2,1,有,無,7610000,59267,坡道平面,34.29,1400000,,RPVUMLLMIINFFAH09CB
桃園區,房地(土地+建物)+車位,龍鳳段121~150地號,17.33,住,,,1061017,土地4建物1車位1,四層,15,住宅大樓(11層含以上有電梯),住家用,鋼筋混凝土造,,139.07,3,2,1,有,無,6800000,52014,坡道平面,34.29,1350000,,RPWUMLLMIINFFAH56CB
桃園區,房地(土地+建物)+車位,龍鳳段121~150地號,17.33,住,,,1061017,土地4建物1車位1,五層,15,住宅大樓(11層含以上有電梯),住家用,鋼筋混凝土造,,139.07,3,2,1,有,無,6870000,52682,坡道平面,34.29,1350000,,RPXUMLLMIINFFAH66CB
桃園區,房地(土地+建物)+車位,龍鳳段121~150地號,17.33,住,,,1060901,土地4建物1車位1,六層,15,住宅大樓(11層含以上有電梯),住家用,鋼筋混凝土造,,139.07,3,2,1,有,無,6970000,53636,坡道平面,34.29,1350000,,RPOVMLLMIINFFAH48CB
桃園區,房地(土地+建物)+車位,龍鳳段121~150地號,17.33,住,,,1070205,土地4建物1車位1,七層,15,住宅大樓(11層含以上有電梯),住家用,鋼筋混凝土造,,139.07,3,2,1,有,無,6880000,53254,坡道平面,34.29,1300000,,RPPVMLLMIINFFAH58CB
桃園區,房地(土地+建物)+車位,龍鳳段121~150地號,17.33,住,,,1061017,土地4建物1車位1,八層,15,住宅大樓(11層含以上有電梯),住家用,鋼筋混凝土造,,137.92,3,2,1,有,無,6910000,54018,坡道平面,33.14,1250000,,RPQVMLLMIINFFAH68CB
桃園區,房地(土地+建物)+車位,龍鳳段121~150地號,17.33,住,,,1061201,土地4建物1車位1,九層,15,住宅大樓(11層含以上有電梯),住家用,鋼筋混凝土造,,139.07,3,2,1,有,無,6800000,52491,坡道平面,34.29,1300000,,RPRVMLLMIINFFAH78CB
桃園區,房地(土地+建物)+車位,龍鳳段121~150地號,17.33,住,,,1060929,土地4建物1車位1,十層,15,住宅大樓(11層含以上有電梯),住家用,鋼筋混凝土造,,137.92,3,2,1,有,無,7000000,54400,坡道平面,33.14,1300000,,RPSVMLLMIINFFAH88CB
桃園區,房地(土地+建物)+車位,龍鳳段121~150地號,17.33,住,,,1061106,土地4建物1車位1,十一層,15,住宅大樓(11層含以上有電梯),住家用,鋼筋混凝土造,,137.92,3,2,1,有,無,6790000,52873,坡道平面,33.14,1250000,,RPTVMLLMIINFFAH98CB
桃園區,房地(土地+建物)+車位,龍鳳段121~150地號,17.33,住,,,1061012,土地4建物1車位1,十二層,15,住宅大樓(11層含以上有電梯),住家用,鋼筋混凝土造,,139.07,3,2,1,有,無,6890000,52873,坡道平面,34.29,1350000,,RPUVMLLMIINFFAH09CB
桃園區,房地(土地+建物)+車位,龍鳳段121~150地號,17.33,住,,,1061215,土地4建物1車位1,十三層,15,住宅大樓(11層含以上有電梯),住家用,鋼筋混凝土造,,139.07,3,2,1,有,無,6970000,53636,坡道平面,34.29,1350000,,RPVVMLLMIINFFAH56CB
桃園區,房地(土地+建物)+車位,龍鳳段121~150地號,17.33,住,,,1070403,土地4建物1車位1,十四層,15,住宅大樓(11層含以上有電梯),住家用,鋼筋混凝土造,,139.07,3,2,1,有,無,6910000,52586,坡道平面,34.29,1400000,,RPWVMLLMIINFFAH66CB
桃園區,房地(土地+建物)+車位,龍鳳段121~150地號,17.33,住,,,1070413,土地4建物1車位1,十五層,15,住宅大樓(11層含以上有電梯),住家用,鋼筋混凝土造,,139.07,3,2,1,有,無,7200000,55354,坡道平面,34.29,1400000,,RPXVMLLMIINFFAH76CB
桃園區,房地(土地+建物)+車位,龍鳳段121~150地號,22.19,住,,,1061222,土地4建物1車位1,二層,15,住宅大樓(11層含以上有電梯),住家用,鋼筋混凝土造,,168.44,3,2,2,有,無,8400000,52553,坡道平面,34.29,1350000,,RPPWMLLMIINFFAH68CB
桃園區,房地(土地+建物)+車位,龍鳳段121~150地號,22.19,住,,,1061222,土地4建物1車位1,三層,15,住宅大樓(11層含以上有電梯),住家用,鋼筋混凝土造,,167.29,3,2,2,有,無,9000000,57771,坡道平面,33.14,1250000,,RPQWMLLMIINFFAH78CB
桃園區,房地(土地+建物)+車位,龍鳳段121~150地號,22.19,住,,,1061110,土地4建物1車位1,四層,15,住宅大樓(11層含以上有電梯),住家用,鋼筋混凝土造,,168.44,3,2,2,有,無,8200000,51062,坡道平面,34.29,1350000,,RPRWMLLMIINFFAH88CB
桃園區,房地(土地+建物)+車位,龍鳳段121~150地號,22.19,住,,,1060922,土地4建物1車位1,五層,15,住宅大樓(11層含以上有電梯),住家用,鋼筋混凝土造,,168.44,3,2,2,有,無,8550000,53299,坡道平面,34.29,1400000,,RPSWMLLMIINFFAH98CB
桃園區,房地(土地+建物)+車位,龍鳳段121~150地號,22.19,住,,,1061002,土地4建物1車位1,六層,15,住宅大樓(11層含以上有電梯),住家用,鋼筋混凝土造,,168.44,3,2,2,有,無,8500000,53299,坡道平面,34.29,1350000,,RPTWMLLMIINFFAH09CB
桃園區,房地(土地+建物)+車位,龍鳳段121~150地號,22.19,住,,,1060929,土地4建物1車位1,七層,15,住宅大樓(11層含以上有電梯),住家用,鋼筋混凝土造,,168.44,3,2,2,有,無,8450000,52926,坡道平面,34.29,1350000,,RPUWMLLMIINFFAH56CB
桃園區,房地(土地+建物)+車位,龍鳳段121~150地號,22.19,住,,,1060825,土地4建物1車位1,八層,15,住宅大樓(11層含以上有電梯),住家用,鋼筋混凝土造,,168.44,3,2,2,有,無,8700000,54417,坡道平面,34.29,1400000,,RPVWMLLMIINFFAH66CB
桃園區,房地(土地+建物)+車位,龍鳳段121~150地號,22.19,住,,,1060901,土地4建物1車位1,九層,15,住宅大樓(11層含以上有電梯),住家用,鋼筋混凝土造,,168.44,3,2,2,有,無,8860000,55982,坡道平面,34.29,1350000,,RPWWMLLMIINFFAH76CB
桃園區,房地(土地+建物)+車位,龍鳳段121~150地號,22.19,住,,,1060926,土地4建物1車位1,十層,15,住宅大樓(11層含以上有電梯),住家用,鋼筋混凝土造,,168.44,3,2,2,有,無,8510000,53000,坡道平面,34.29,1400000,,RPXWMLLMIINFFAH86CB
桃園區,房地(土地+建物)+車位,龍鳳段121~150地號,22.19,住,,,1060908,土地4建物1車位1,十一層,15,住宅大樓(11層含以上有電梯),住家用,鋼筋混凝土造,,168.44,3,2,2,有,無,8620000,54193,坡道平面,34.29,1350000,,RPONNLLMIINFFAH77CB
桃園區,房地(土地+建物)+車位,龍鳳段121~150地號,22.19,住,,,1060915,土地4建物1車位1,十二層,15,住宅大樓(11層含以上有電梯),住家用,鋼筋混凝土造,,168.44,3,2,2,有,無,8500000,53299,坡道平面,34.29,1350000,,RPPNNLLMIINFFAH87CB
桃園區,房地(土地+建物)+車位,龍鳳段121~150地號,22.19,住,,,1060922,土地4建物1車位1,十三層,15,住宅大樓(11層含以上有電梯),住家用,鋼筋混凝土造,,168.44,3,2,2,有,無,8500000,53299,坡道平面,34.29,1350000,,RPQNNLLMIINFFAH97CB
桃園區,房地(土地+建物)+車位,龍鳳段121~150地號,22.5,住,,,1070103,土地4建物1車位2,十四層,15,住宅大樓(11層含以上有電梯),住家用,鋼筋混凝土造,,202.73,3,2,2,有,無,9700000,52180,坡道平面,68.58,2700000,,RPRNNLLMIINFFAH08CB
桃園區,房地(土地+建物)+車位,龍鳳段121~150地號,22.19,住,,,1060901,土地4建物1車位1,十五層,15,住宅大樓(11層含以上有電梯),住家用,鋼筋混凝土造,,168.44,3,2,2,有,無,8500000,52926,坡道平面,34.29,1400000,,RPSNNLLMIINFFAH18CB
桃園區,房地(土地+建物)+車位,龍鳳段121~150地號,21.28,住,,,1070505,土地4建物1車位1,四層,15,住宅大樓(11層含以上有電梯),住家用,鋼筋混凝土造,,163.45,3,2,2,有,無,8120000,52416,坡道平面,34.29,1350000,,RPTNNLLMIINFFAH28CB
桃園區,房地(土地+建物)+車位,龍鳳段121~150地號,21.28,住,,,1070402,土地4建物1車位1,六層,15,住宅大樓(11層含以上有電梯),住家用,鋼筋混凝土造,,163.45,3,2,2,有,無,8150000,52261,坡道平面,34.29,1400000,,RPUNNLLMIINFFAH38CB
桃園區,房地(土地+建物)+車位,龍鳳段121~150地號,21.28,住,,,1070427,土地4建物1車位1,七層,15,住宅大樓(11層含以上有電梯),住家用,鋼筋混凝土造,,163.45,3,2,2,有,無,8420000,54351,坡道平面,34.29,1400000,,RPVNNLLMIINFFAH48CB
桃園區,房地(土地+建物)+車位,龍鳳段121~150地號,21.58,住,,,1070319,土地4建物1車位2,十層,15,住宅大樓(11層含以上有電梯),住家用,鋼筋混凝土造,,197.74,3,2,2,有,無,9000000,49551,坡道平面,68.58,2600000,,RPWNNLLMIINFFAH58CB
桃園區,房地(土地+建物)+車位,龍鳳段121~150地號,22.19,住,,,1070507,土地4建物1車位1,二層,15,住宅大樓(11層含以上有電梯),住家用,鋼筋混凝土造,,169.35,3,2,2,有,無,8500000,52569,坡道平面,34.29,1400000,,RPXNNLLMIINFFAH68CB
桃園區,房地(土地+建物)+車位,龍鳳段121~150地號,22.19,住,,,1070316,土地4建物1車位1,三層,15,住宅大樓(11層含以上有電梯),住家用,鋼筋混凝土造,,167.87,3,2,2,有,無,8170000,51056,坡道平面,34.29,1350000,,RPOONLLMIINFFAH87CB
桃園區,房地(土地+建物)+車位,龍鳳段121~150地號,22.19,住,,,1061020,土地4建物1車位1,四層,15,住宅大樓(11層含以上有電梯),住家用,鋼筋混凝土造,,167.87,3,2,2,有,無,8340000,52328,坡道平面,34.29,1350000,,RPPONLLMIINFFAH97CB
桃園區,房地(土地+建物)+車位,龍鳳段121~150地號,22.19,住,,,1070210,土地4建物1車位1,五層,15,住宅大樓(11層含以上有電梯),住家用,鋼筋混凝土造,,167.87,3,2,2,有,無,8300000,52029,坡道平面,34.29,1350000,,RPQONLLMIINFFAH08CB
桃園區,房地(土地+建物)+車位,龍鳳段121~150地號,22.19,住,,,1070115,土地4建物1車位1,六層,15,住宅大樓(11層含以上有電梯),住家用,鋼筋混凝土造,,167.87,3,2,2,有,無,8480000,53376,坡道平面,34.29,1350000,,RPRONLLMIINFFAH18CB
桃園區,房地(土地+建物)+車位,龍鳳段121~150地號,22.19,住,,,1070115,土地4建物1車位1,七層,15,住宅大樓(11層含以上有電梯),住家用,鋼筋混凝土造,,167.87,3,2,2,有,無,8350000,52029,坡道平面,34.29,1400000,,RPTONLLMIINFFAH38CB
桃園區,房地(土地+建物)+車位,龍鳳段121~150地號,22.19,住,,,1070418,土地4建物1車位1,九層,15,住宅大樓(11層含以上有電梯),住家用,鋼筋混凝土造,,167.87,3,2,2,有,無,8490000,53825,坡道平面,34.29,1300000,,RPUONLLMIINFFAH48CB
桃園區,房地(土地+建物)+車位,龍鳳段121~150地號,22.19,住,,,1070103,土地4建物1車位1,十層,15,住宅大樓(11層含以上有電梯),住家用,鋼筋混凝土造,,167.87,3,2,2,有,無,8380000,52628,坡道平面,34.29,1350000,,RPVONLLMIINFFAH58CB
桃園區,房地(土地+建物)+車位,龍鳳段121~150地號,22.19,住,,,1070614,土地4建物1車位1,十一層,15,住宅大樓(11層含以上有電梯),住家用,鋼筋混凝土造,,167.87,3,2,2,有,無,8320000,51804,坡道平面,34.29,1400000,,RPWONLLMIINFFAH68CB
桃園區,房地(土地+建物)+車位,龍鳳段121~150地號,22.19,住,,,1070405,土地4建物1車位1,十二層,15,住宅大樓(11層含以上有電梯),住家用,鋼筋混凝土造,,167.87,3,2,2,有,無,8450000,52777,坡道平面,34.29,1400000,,RPXONLLMIINFFAH78CB
桃園區,房地(土地+建物)+車位,龍鳳段121~150地號,22.19,住,,,1070427,土地4建物1車位1,十三層,15,住宅大樓(11層含以上有電梯),住家用,鋼筋混凝土造,,167.87,3,2,2,有,無,8380000,52628,坡道平面,34.29,1350000,,RPOPNLLMIINFFAH97CB
桃園區,房地(土地+建物)+車位,龍鳳段121~150地號,22.19,住,,,1070227,土地4建物1車位1,十四層,15,住宅大樓(11層含以上有電梯),住家用,鋼筋混凝土造,,167.87,3,2,2,有,無,8420000,52927,坡道平面,34.29,1350000,,RPPPNLLMIINFFAH08CB
桃園區,房地(土地+建物)+車位,龍鳳段121~150地號,21.28,住,,,1070416,土地4建物1車位1,五層,15,住宅大樓(11層含以上有電梯),住家用,鋼筋混凝土造,,163.77,3,2,2,有,無,8200000,52518,坡道平面,34.29,1400000,,RPQPNLLMIINFFAH18CB
桃園區,房地(土地+建物)+車位,龍鳳段121~150地號,21.28,住,,,1070627,土地4建物1車位1,八層,15,住宅大樓(11層含以上有電梯),住家用,鋼筋混凝土造,,163.77,3,2,2,有,無,8270000,53445,坡道平面,34.29,1350000,,RPRPNLLMIINFFAH28CB
桃園區,房地(土地+建物)+車位,龍鳳段121~150地號,21.28,住,,,1070703,土地4建物1車位1,九層,15,住宅大樓(11層含以上有電梯),住家用,鋼筋混凝土造,,163.77,3,2,2,有,無,8380000,53908,坡道平面,34.29,1400000,,RPSPNLLMIINFFAH38CB
桃園區,房地(土地+建物)+車位,龍鳳段121~150地號,21.28,住,,,1070615,土地4建物1車位1,十層,15,住宅大樓(11層含以上有電梯),住家用,鋼筋混凝土造,,163.77,3,2,2,有,無,8200000,52904,坡道平面,34.29,1350000,,RPTPNLLMIINFFAH48CB
桃園區,房地(土地+建物)+車位,龍鳳段121~150地號,21.28,住,,,1070604,土地4建物1車位1,十二層,15,住宅大樓(11層含以上有電梯),住家用,鋼筋混凝土造,,163.77,3,2,2,有,無,8200000,52518,坡道平面,34.29,1400000,,RPUPNLLMIINFFAH58CB
桃園區,房地(土地+建物)+車位,龍鳳段121~150地號,21.28,住,,,1070720,土地4建物1車位1,十三層,15,住宅大樓(11層含以上有電梯),住家用,鋼筋混凝土造,,163.77,3,2,2,有,無,8260000,52981,坡道平面,34.29,1400000,,RPVPNLLMIINFFAH68CB
桃園區,房地(土地+建物)+車位,龍鳳段121~150地號,21.28,住,,,1070713,土地4建物1車位1,十四層,15,住宅大樓(11層含以上有電梯),住家用,鋼筋混凝土造,,163.77,3,2,2,有,無,8300000,53290,坡道平面,34.29,1400000,,RPWPNLLMIINFFAH78CB
桃園區,房地(土地+建物)+車位,中路三段121~150地號,22.4,住,,,1060720,土地4建物1車位1,五層,15,住宅大樓(11層含以上有電梯),住家用,鋼筋混凝土造,,156.28,3,2,2,有,無,12790000,82722,坡道平面,24.03,1850000,,RPTPMLMJJINFFAH28CB
桃園區,房地(土地+建物)+車位,中路三段121~150地號,21.79,住,,,1060817,土地4建物1車位1,九層,15,住宅大樓(11層含以上有電梯),住家用,鋼筋混凝土造,,152.76,3,2,2,有,無,12800000,85062,坡道平面,24.03,1850000,,RPVPMLMJJINFFAH48CB
桃園區,房地(土地+建物)+車位,中路三段121~150地號,15.58,住,,,1060711,土地4建物1車位1,十一層,15,住宅大樓(11層含以上有電梯),住家用,鋼筋混凝土造,,115.88,2,2,1,有,無,9250000,81655,坡道平面,24.03,1750000,,RPWPMLMJJINFFAH58CB
桃園區,房地(土地+建物)+車位,中路三段121~150地號,22.44,住,,,1060615,土地4建物1車位2,十二層,15,住宅大樓(11層含以上有電梯),住家用,鋼筋混凝土造,,180.31,3,2,2,有,無,14300000,82420,坡道平面,48.06,3400000,,RPXPMLMJJINFFAH68CB
桃園區,房地(土地+建物)+車位,中路三段121~150地號,15.58,住,,,1060601,土地4建物1車位1,五層,15,住宅大樓(11層含以上有電梯),住家用,鋼筋混凝土造,,114.66,2,2,1,有,無,9100000,82744,坡道平面,22.81,1500000,,RPOQMLMJJINFFAH87CB
桃園區,房地(土地+建物)+車位,中路三段121~150地號,21.84,住,,,1060516,土地4建物1車位2,六層,15,住宅大樓(11層含以上有電梯),住家用,鋼筋混凝土造,,175.57,3,2,2,有,無,14000000,81562,坡道平面,48.06,3600000,,RPPQMLMJJINFFAH97CB
桃園區,房地(土地+建物)+車位,中路三段121~150地號,22.44,住,,,1060503,土地4建物1車位2,十四層,15,住宅大樓(11層含以上有電梯),住家用,鋼筋混凝土造,,179.09,3,2,2,有,無,14000000,82420,坡道平面,46.84,3100000,,RPQQMLMJJINFFAH08CB
桃園區,房地(土地+建物)+車位,中路三段121~150地號,15.58,住,,,1060808,土地4建物1車位1,六層,15,住宅大樓(11層含以上有電梯),住家用,鋼筋混凝土造,,115.88,2,2,1,有,無,9320000,80240,坡道平面,24.03,1950000,,RPRQMLMJJINFFAH18CB
桃園區,房地(土地+建物)+車位,中路三段121~150地號,15.58,住,,,1060731,土地4建物1車位1,十二層,15,住宅大樓(11層含以上有電梯),住家用,鋼筋混凝土造,,115.88,2,2,1,有,無,9190000,81546,坡道平面,24.03,1700000,,RPSQMLMJJINFFAH28CB
桃園區,房地(土地+建物)+車位,中路三段121~150地號,15.58,住,,,1060711,土地4建物1車位1,九層,15,住宅大樓(11層含以上有電梯),住家用,鋼筋混凝土造,,115.88,2,2,1,有,無,9400000,83832,坡道平面,24.03,1700000,,RPTQMLMJJINFFAH38CB
桃園區,房地(土地+建物)+車位,中路三段121~150地號,20.17,住,,,1060626,土地4建物1車位2,三層,15,住宅大樓(11層含以上有電梯),住家用,鋼筋混凝土造,,166.99,3,2,2,有,無,12720000,80047,坡道平面,48.06,3200000,,RPWQMLMJJINFFAH68CB
桃園區,房地(土地+建物)+車位,中路三段121~150地號,21.84,住,,,1060503,土地4建物1車位2,六層,15,住宅大樓(11層含以上有電梯),住家用,鋼筋混凝土造,,176.79,3,2,2,有,無,13970000,80556,坡道平面,48.06,3600000,,RPXQMLMJJINFFAH78CB
桃園區,房地(土地+建物)+車位,中路三段121~150地號,15.45,住,,,1060615,土地4建物1車位1,一層,15,店面(店鋪),商業用,鋼筋混凝土造,,113.59,0,0,0,無,無,13200000,126680,坡道平面,22.81,1700000,,RPPRMLMJJINFFAH08CB
桃園區,房地(土地+建物)+車位,中路三段121~150地號,15.58,住,,,1060927,土地4建物1車位1,五層,15,住宅大樓(11層含以上有電梯),住家用,鋼筋混凝土造,,115.88,2,2,1,有,無,9250000,80566,坡道平面,24.03,1850000,,RPQRMLMJJINFFAH18CB
桃園區,房地(土地+建物)+車位,中路三段121~150地號,22.4,住,,,1060503,土地4建物1車位1,八層,15,住宅大樓(11層含以上有電梯),住家用,鋼筋混凝土造,,156.28,3,2,2,有,無,13150000,85822,坡道平面,24.03,1800000,,RPRRMLMJJINFFAH28CB
桃園區,房地(土地+建物)+車位,中路三段121~150地號,20.12,住,,,1060623,土地4建物1車位1,六層,15,住宅大樓(11層含以上有電梯),住家用,鋼筋混凝土造,,141.74,3,2,2,有,無,11700000,84924,坡道平面,22.81,1600000,,RPSRMLMJJINFFAH38CB
桃園區,房地(土地+建物)+車位,中路三段121~150地號,15.58,住,,,1060706,土地4建物1車位1,十層,15,住宅大樓(11層含以上有電梯),住家用,鋼筋混凝土造,,117.1,2,2,1,有,無,9800000,89276,坡道平面,25.25,1600000,,RPTRMLMJJINFFAH48CB
桃園區,房地(土地+建物)+車位,中路三段121~150地號,15.58,住,,,1060731,土地4建物1車位1,四層,15,住宅大樓(11層含以上有電梯),住家用,鋼筋混凝土造,,115.88,2,2,1,有,無,9010000,79042,坡道平面,24.03,1750000,,RPURMLMJJINFFAH58CB
桃園區,房地(土地+建物)+車位,中路三段121~150地號,20.17,住,,,1060628,土地4建物1車位2,三層,15,住宅大樓(11層含以上有電梯),住家用,鋼筋混凝土造,,165.77,3,2,2,有,無,13030000,80131,坡道平面,46.84,3500000,,RPWRMLMJJINFFAH78CB
桃園區,房地(土地+建物)+車位,中路三段121~150地號,20.12,住,,,1060711,土地4建物1車位1,二層,15,住宅大樓(11層含以上有電梯),住家用,鋼筋混凝土造,,143.87,3,2,2,有,無,12300000,88096,坡道平面,25.25,1850000,,RPXRMLMJJINFFAH88CB
桃園區,房地(土地+建物)+車位,中路三段121~150地號,21.84,住,,,1060503,土地4建物1車位2,五層,15,住宅大樓(11層含以上有電梯),住家用,鋼筋混凝土造,,176.79,3,2,2,有,無,13280000,78303,坡道平面,48.06,3200000,,RPOSMLMJJINFFAH08CB
桃園區,房地(土地+建物)+車位,中路三段121~150地號,15.58,住,,,1060907,土地4建物1車位1,十三層,15,住宅大樓(11層含以上有電梯),住家用,鋼筋混凝土造,,91.85,2,2,1,有,無,9170000,109407,坡道平面,24.03,1750000,,RPPSMLMJJINFFAH18CB
