﻿編號,車位類別,車位價格,車位面積平方公尺
Serial number,berth category,berth price,berth area square meter
RPRPMLKKRHNFFAT37CC,升降機械,0,34.88
RPOOMLNLIINFFAT56CC,一樓平面,0,12.50
RPOOMLNLIINFFAT56CC,一樓平面,0,12.50
RPOOMLNLIINFFAT56CC,一樓平面,0,12.50
RPOOMLNLIINFFAT56CC,一樓平面,0,12.50
RPOOMLNLIINFFAT56CC,坡道平面,0,13.75
RPOOMLNLIINFFAT56CC,坡道平面,0,13.75
RPOOMLNLIINFFAT56CC,坡道平面,0,13.75
RPOOMLNLIINFFAT56CC,坡道平面,0,13.75
RPOOMLNLIINFFAT56CC,坡道平面,0,13.75
RPOOMLNLIINFFAT56CC,坡道平面,0,13.75
RPSNMLQKQHNFFCT97CC,一樓平面,0,15.12
