﻿鄉鎮市區,交易標的,土地區段位置建物區段門牌,土地移轉總面積平方公尺,都市土地使用分區,非都市土地使用分區,非都市土地使用編定,交易年月日,交易筆棟數,移轉層次,總樓層數,建物型態,主要用途,主要建材,建築完成年月,建物移轉總面積平方公尺,建物現況格局-房,建物現況格局-廳,建物現況格局-衛,建物現況格局-隔間,有無管理組織,總價元,單價元平方公尺,車位類別,車位移轉總面積平方公尺,車位總價元,備註,編號
The villages and towns urban district,transaction sign,land sector position building sector house number plate,land shifting total area square meter,the use zoning or compiles and checks,the non-metropolis land use district,non-metropolis land use,transaction year month and day,transaction pen number,shifting level,total floor number,building state,main use,main building materials,construction to complete the years,building shifting total area,Building present situation pattern - room,building present situation pattern - hall,building present situation pattern - health,building present situation pattern - compartmented,Whether there is manages the organization,total price Yuan,the unit price a Yuan square meter,the berth category,berth shifting total area square meter,the berth total price Yuan,the note,serial number
金湖鎮,房地(土地+建物),金門縣金湖鎮環島南路五段121~150號,59.64,其他,,,1070713,土地1建物1車位0,三層,三層,公寓(5樓含以下無電梯),見其他登記事項,鋼筋混凝土造,1061117,105.16,3,2,2,有,無,5700000,54203,,0.0,0,,RPPNMLOKQHNFFAW37CA
金城鎮,土地,祥和段661~690地號,26.9,其他,,,1070808,土地1建物0車位0,,,其他,,,,0.0,0,0,0,有,無,900000,33457,,0.0,0,,RPQNMLOKQHNFFAW47CA
金寧鄉,土地,北二三劃測段571~600地號,1000.0,農,,,1070716,土地3建物0車位0,,,其他,,,,0.0,0,0,0,有,無,10200000,10200,,0.0,0,,RPRNMLSLQHNFFAW08CA
金沙鎮,土地,沙港劃段151~180地號,1000.07,農,,,1070718,土地1建物0車位0,,,其他,,,,0.0,0,0,0,有,無,4600000,4600,,0.0,0,,RPTNMLKKRHNFFAW47CA
金城鎮,房地(土地+建物),金門縣金城鎮莒光路121~150號,38.0,商,,,1070806,土地2建物1車位0,全,三層,透天厝,商業用,鋼筋混凝土造,0620212,107.53,3,1,2,有,無,12000000,111597,,0.0,0,,RPSNMLRKQHNFFAW97CA
金湖鎮,房地(土地+建物),金門縣金湖鎮林兜301~330號,116.94,其他,,,1070720,土地2建物1車位0,全,三層,透天厝,住家用,鋼筋混凝土造,1070327,185.26,4,2,4,有,無,11500000,62075,,0.0,0,土地及建物分次登記案件。前案土地登記收件字號：;,RPUNMLRKQHNFFAW18CA
金沙鎮,土地,浯坑劃測段931~960地號,900.8,農,,,1070710,土地1建物0車位0,,,其他,,,,0.0,0,0,0,有,無,3500000,3885,,0.0,0,受債權債務影響或債務抵償之交易。;急買急賣。;,RPPNMLKLQHNFFAW07CA
金湖鎮,房地(土地+建物),金門縣金湖鎮成功31~60號,216.0,住,,,1070806,土地1建物1車位0,全,二層,透天厝,住家用,鋼筋混凝土造,0980910,210.52,4,2,4,有,無,12000000,57002,,0.0,0,,RPWNMLNJRHNFFAW97CA
烈嶼鄉,房地(土地+建物),金門縣烈嶼鄉后頭31~60號,180.08,其他,,,1070727,土地1建物1車位0,全,一層,透天厝,住家用,鋼筋混凝土造,1040819,108.12,3,2,2,有,無,8000000,73992,,0.0,0,,RPVNMLKKRHNFFAW67CA
金寧鄉,房地(土地+建物)+車位,金門縣金寧鄉東州751~780號,59.65,住,,,1070724,土地1建物1車位1,二層,三層,華廈(10層含以下有電梯),見其他登記事項,鋼筋混凝土造,1040721,145.25,3,2,2,有,無,7300000,50258,坡道平面,0.0,0,,RPUOMLKKRHNFFAW77DA
烈嶼鄉,土地,東面山測段991~1020地號,42.74,其他,,,1070815,土地1建物0車位0,,,其他,,,,0.0,0,0,0,有,無,170960,4000,,0.0,0,,RPOPMLKLQHNFFAW27DA
金沙鎮,土地,陽宅段1381~1410地號,663.0,農,,,1070815,土地1建物0車位0,,,其他,,,,0.0,0,0,0,有,無,1500000,2262,,0.0,0,親友、員工或其他特殊關係間之交易。;,RPQPMLKLQHNFFAW47DA
金寧鄉,土地,湖尾段1171~1200地號,964.78,農,,,1070730,土地1建物0車位0,,,其他,,,,0.0,0,0,0,有,無,3400000,3524,,0.0,0,,RPQNMLKLQHNFFAW17CA
金城鎮,房地(土地+建物),金門縣金城鎮賢聚31~60號,42.08,其他,,,1070710,土地1建物1車位0,三層,三層,公寓(5樓含以下無電梯),見其他登記事項,鋼筋混凝土造,1070214,76.92,3,2,2,有,無,4500000,58502,,0.0,0,,RPSNMLKLQHNFFAW37CA
金寧鄉,房地(土地+建物),金門縣金寧鄉湖下211~240號,52.04,其他,,,1070714,土地1建物1車位0,三層,三層,公寓(5樓含以下無電梯),見其他登記事項,鋼筋混凝土造,1051228,92.41,3,2,2,有,無,4800000,51942,,0.0,0,,RPVNMLRKQHNFFAW28CA
金寧鄉,土地,湖尾村段61~90地號,130.0,其他,,,1070811,土地1建物0車位0,,,其他,,,,0.0,0,0,0,有,無,1500000,11538,,0.0,0,,RPXNMLSLQHNFFAW68CA
金湖鎮,房地(土地+建物),金門縣金湖鎮林兜301~330號,100.09,其他,,,1070726,土地0建物1車位0,全,三層,透天厝,住家用,鋼筋混凝土造,1070327,185.26,4,3,4,有,無,11500000,62075,,0.0,0,,RPWNMLKKRHNFFAW77CA
金湖鎮,房地(土地+建物)+車位,金門縣金湖鎮環島南路五段165巷8弄1~30號,67.36,其他,,,1070801,土地1建物1車位1,二層,三層,華廈(10層含以下有電梯),見其他登記事項,鋼筋混凝土造,1070514,171.33,3,2,2,有,有,5750000,33561,坡道平面,39.24,0,土地及建物分次登記案件。前案土地登記收件字號：;,RPUNMLRJRHNFFAW18CA
金湖鎮,房地(土地+建物)+車位,金門縣金湖鎮環島南路五段165巷7弄1~30號,68.68,其他,,,1070801,土地1建物1車位1,三層,三層,華廈(10層含以下有電梯),見其他登記事項,鋼筋混凝土造,1070514,173.92000000000002,3,2,2,有,有,5880000,33809,坡道平面,39.24,0,土地及建物分次登記案件。前案土地登記收件字號：;,RPVNMLRJRHNFFAW28CA
金湖鎮,房地(土地+建物)+車位,金門縣金湖鎮環島南路五段165巷7弄1~30號,68.68,其他,,,1070801,土地1建物1車位1,三層,三層,華廈(10層含以下有電梯),見其他登記事項,鋼筋混凝土造,1070514,173.92000000000002,3,2,2,有,有,5650000,32486,坡道平面,39.24,0,土地及建物分次登記案件。前案土地登記收件字號：;,RPWNMLRJRHNFFAW38CA
金湖鎮,房地(土地+建物)+車位,金門縣金湖鎮環島南路五段165巷8弄1~30號,67.36,其他,,,1070801,土地1建物1車位1,三層,三層,華廈(10層含以下有電梯),見其他登記事項,鋼筋混凝土造,1070514,171.33,3,2,2,有,有,6300000,36771,坡道平面,39.24,0,土地及建物分次登記案件。前案土地登記收件字號：;,RPXNMLRJRHNFFAW48CA
金湖鎮,房地(土地+建物)+車位,金門縣金湖鎮環島南路五段165巷8弄1~30號,67.36,其他,,,1070801,土地1建物1車位1,三層,三層,華廈(10層含以下有電梯),見其他登記事項,鋼筋混凝土造,1070514,171.33,3,2,2,有,有,5800000,33853,坡道平面,39.24,0,土地及建物分次登記案件。前案土地登記收件字號：;,RPOOMLRJRHNFFAW67CA
金湖鎮,房地(土地+建物)+車位,金門縣金湖鎮環島南路五段165巷7弄1~30號,59.9,其他,,,1070801,土地1建物1車位1,一層,三層,華廈(10層含以下有電梯),見其他登記事項,鋼筋混凝土造,1070514,156.96,3,2,2,有,有,5600000,35678,坡道平面,39.24,0,土地及建物分次登記案件。前案土地登記收件字號：;,RPPOMLRJRHNFFAW77CA
金湖鎮,房地(土地+建物)+車位,金門縣金湖鎮環島南路五段165巷7弄1~30號,59.9,其他,,,1070801,土地1建物1車位1,一層,三層,華廈(10層含以下有電梯),見其他登記事項,鋼筋混凝土造,1070514,156.96,3,2,2,有,有,5520000,35168,坡道平面,39.24,0,土地及建物分次登記案件。前案土地登記收件字號：;,RPQOMLRJRHNFFAW87CA
金湖鎮,房地(土地+建物)+車位,金門縣金湖鎮環島南路五段165巷8弄1~30號,59.9,其他,,,1070801,土地1建物1車位2,一層,三層,華廈(10層含以下有電梯),見其他登記事項,鋼筋混凝土造,1070514,196.34,3,2,2,有,有,5600000,28522,坡道平面,78.48,0,土地及建物分次登記案件。前案土地登記收件字號：;,RPROMLRJRHNFFAW97CA
金湖鎮,房地(土地+建物)+車位,金門縣金湖鎮環島南路五段165巷8弄1~30號,59.9,其他,,,1070801,土地1建物1車位2,一層,三層,華廈(10層含以下有電梯),見其他登記事項,鋼筋混凝土造,1070514,196.34,3,2,2,有,有,4500000,22919,坡道平面,78.48,0,土地及建物分次登記案件。前案土地登記收件字號：;,RPSOMLRJRHNFFAW08CA
金湖鎮,房地(土地+建物)+車位,金門縣金湖鎮環島南路五段165巷7弄1~30號,68.68,其他,,,1070801,土地1建物1車位1,二層,三層,華廈(10層含以下有電梯),見其他登記事項,鋼筋混凝土造,1070514,173.92000000000002,3,2,2,有,有,5700000,32774,坡道平面,39.24,0,土地及建物分次登記案件。前案土地登記收件字號：;,RPTOMLRJRHNFFAW18CA
金湖鎮,房地(土地+建物)+車位,金門縣金湖鎮環島南路五段165巷7弄1~30號,68.68,其他,,,1070801,土地1建物1車位1,二層,三層,華廈(10層含以下有電梯),見其他登記事項,鋼筋混凝土造,1070514,173.92000000000002,3,2,2,有,有,5000000,28749,坡道平面,39.24,0,土地及建物分次登記案件。前案土地登記收件字號：;,RPUOMLRJRHNFFAW28CA
金湖鎮,房地(土地+建物)+車位,金門縣金湖鎮環島南路五段165巷8弄1~30號,67.36,其他,,,1070801,土地1建物1車位1,二層,三層,華廈(10層含以下有電梯),見其他登記事項,鋼筋混凝土造,1070514,171.33,3,2,2,有,有,5300000,30934,坡道平面,39.24,0,土地及建物分次登記案件。前案土地登記收件字號：;,RPVOMLRJRHNFFAW38CA
金湖鎮,房地(土地+建物)+車位,金門縣金湖鎮環島南路五段165巷8弄1~30號,67.36,其他,,,1070801,土地1建物1車位1,二層,三層,華廈(10層含以下有電梯),見其他登記事項,鋼筋混凝土造,1070514,171.33,3,2,2,有,有,6000000,35020,坡道平面,39.24,0,土地及建物分次登記案件。前案土地登記收件字號：;,RPWOMLRJRHNFFAW48CA
金湖鎮,房地(土地+建物)+車位,金門縣金湖鎮環島南路五段165巷7弄1~30號,68.68,其他,,,1070801,土地1建物1車位1,三層,三層,華廈(10層含以下有電梯),見其他登記事項,鋼筋混凝土造,1070514,173.92000000000002,3,2,2,有,有,5150000,29611,坡道平面,39.24,0,土地及建物分次登記案件。前案土地登記收件字號：;,RPXOMLRJRHNFFAW58CA
金湖鎮,房地(土地+建物)+車位,金門縣金湖鎮環島南路五段165巷7弄1~30號,68.68,其他,,,1070801,土地1建物1車位1,三層,三層,華廈(10層含以下有電梯),見其他登記事項,鋼筋混凝土造,1070514,173.92000000000002,3,2,2,有,有,5300000,30474,坡道平面,39.24,0,土地及建物分次登記案件。前案土地登記收件字號：;,RPOPMLRJRHNFFAW77CA
金湖鎮,房地(土地+建物)+車位,金門縣金湖鎮環島南路五段165巷8弄1~30號,67.36,其他,,,1070801,土地1建物1車位1,三層,三層,華廈(10層含以下有電梯),見其他登記事項,鋼筋混凝土造,1070514,171.33,3,2,2,有,有,5800000,33853,坡道平面,39.24,0,土地及建物分次登記案件。前案土地登記收件字號：;,RPPPMLRJRHNFFAW87CA
金湖鎮,房地(土地+建物)+車位,金門縣金湖鎮環島南路五段165巷8弄1~30號,67.36,其他,,,1070801,土地1建物1車位1,三層,三層,華廈(10層含以下有電梯),見其他登記事項,鋼筋混凝土造,1070514,171.33,3,2,2,有,有,6150000,35896,坡道平面,39.24,0,土地及建物分次登記案件。前案土地登記收件字號：;,RPQPMLRJRHNFFAW97CA
金湖鎮,房地(土地+建物)+車位,金門縣金湖鎮環島南路五段165巷7弄1~30號,59.9,其他,,,1070801,土地1建物1車位1,一層,三層,華廈(10層含以下有電梯),見其他登記事項,鋼筋混凝土造,1070514,156.96,3,2,2,有,有,5600000,35678,坡道平面,39.24,0,土地及建物分次登記案件。前案土地登記收件字號：;,RPRPMLRJRHNFFAW08CA
金湖鎮,房地(土地+建物)+車位,金門縣金湖鎮環島南路五段165巷6弄1~30號,111.32,其他,,,1070801,土地1建物1車位1,全,三層,透天厝,見其他登記事項,鋼筋混凝土造,1070514,253.92000000000002,5,2,4,有,有,9300000,36626,坡道平面,39.24,0,土地及建物分次登記案件。前案土地登記收件字號：;,RPPNMLKKRHNFFAW07CA
金湖鎮,房地(土地+建物)+車位,金門縣金湖鎮環島南路五段165巷5弄1~30號,109.14,其他,,,1070801,土地1建物1車位1,全,三層,透天厝,見其他登記事項,鋼筋混凝土造,1070514,249.77999999999997,5,2,4,有,有,9500000,38033,坡道平面,39.24,0,土地及建物分次登記案件。前案土地登記收件字號：;,RPRNMLKKRHNFFAW27CA
金湖鎮,房地(土地+建物)+車位,金門縣金湖鎮環島南路五段165巷5弄1~30號,111.32,其他,,,1070801,土地1建物1車位1,全,三層,透天厝,見其他登記事項,鋼筋混凝土造,1070514,253.92000000000002,5,2,4,有,有,9400000,37020,坡道平面,39.24,0,土地及建物分次登記案件。前案土地登記收件字號：;,RPSNMLKKRHNFFAW37CA
金沙鎮,房地(土地+建物),金門縣金沙鎮何厝31~60號,53.12,其他,,,1070814,土地1建物1車位0,二層,三層,公寓(5樓含以下無電梯),見其他登記事項,鋼筋混凝土造,1050111,101.16,3,2,2,有,無,4650000,45967,,0.0,0,,RPUNMLKKRHNFFAW57CA
金城鎮,房地(土地+建物),金門縣金城鎮歐厝31~60號,156.0,其他,,,1070523,土地1建物1車位0,全,,透天厝,,,,256.65,4,2,4,有,無,8800000,34288,,0.0,0,親友、員工或其他特殊關係間之交易。;,RPUNMLKMQHNFFAW67CA
金湖鎮,房地(土地+建物),金門縣金湖鎮太湖路一段31~60號,99.32,其他,,,1070620,土地1建物1車位0,全,三層,透天厝,見其他登記事項,鋼筋混凝土造,0880730,216.43,4,2,3,有,無,13800000,63762,,0.0,0,,RPRNMLOLQHNFFAW67CA
金城鎮,土地,庵前劃測段361~390地號,445.0,住,,,1070803,土地1建物0車位0,,,其他,,,,0.0,0,0,0,有,無,5200000,11685,,0.0,0,,RPXNMLNJRHNFFAW08CA
金寧鄉,土地,西山段601~630地號,1008.95,農,,,1070816,土地2建物0車位0,,,其他,,,,0.0,0,0,0,有,無,12000000,11894,,0.0,0,,RPOPMLKMQHNFFAW27CA
金湖鎮,房地(土地+建物)+車位,金門縣金湖鎮環島南路五段165巷6弄1~30號,222.64,其他,,,1070713,土地1建物2車位2,全,三層,透天厝,見其他登記事項,鋼筋混凝土造,1070514,507.84000000000003,5,2,4,有,有,20000000,39382,坡道平面,78.48,0,,RPQPMLKMQHNFFAW47CA
金寧鄉,土地,北四劃段601~630地號,347.0,農,,,1070816,土地1建物0車位0,,,其他,,,,0.0,0,0,0,有,無,1280000,3689,,0.0,0,,RPTNMLKMQHNFFAW57CA
金湖鎮,房地(土地+建物)+車位,金門縣金湖鎮環島南路五段165巷6弄1~30號,111.32,其他,,,1070713,土地1建物1車位1,全,三層,透天厝,見其他登記事項,鋼筋混凝土造,1070514,253.92000000000002,5,2,4,有,有,10800000,42533,坡道平面,39.24,0,,RPRNMLLKKINFFAW76CA
金城鎮,土地,小西門劃測段2221~2250地號,31.12,農,,,1070810,土地1建物0車位0,,,其他,,,,0.0,0,0,0,有,無,230000,7391,,0.0,0,,RPSNMLTLQHNFFAW38DA
金城鎮,土地,山前段331~360地號,266.0,農,,,1070818,土地1建物0車位0,,,其他,,,,0.0,0,0,0,有,無,2600000,9774,,0.0,0,,RPRNMLTLQHNFFAW28DA
金沙鎮,房地(土地+建物),金門縣金沙鎮沙美241~270號,38.37,住,,,1070808,土地1建物1車位0,二層,三層,公寓(5樓含以下無電梯),見其他登記事項,鋼筋混凝土造,1060817,76.97,2,1,2,有,無,4200000,54567,,0.0,0,,RPXOMLSLQHNFFAW88DA
金沙鎮,土地,汶沙測段1531~1560地號,369.88,其他,,,1070808,土地3建物0車位0,,,其他,,,,0.0,0,0,0,有,無,11836160,32000,,0.0,0,土地價購,RPPNMLNJRHNFFAW27CA
金城鎮,土地,庵前劃測段241~270地號,800.02,農,,,1070801,土地1建物0車位0,,,其他,,,,0.0,0,0,0,有,無,4800000,6000,,0.0,0,親友、員工或其他特殊關係間之交易。;建商與地主合建案。;畸零地或有合併使用之交易。;受債權債務影響或債務抵償之交易。;,RPSNMLSLQHNFFAW18CA
金沙鎮,土地,后宅段1261~1290地號,127.0,其他,,,1070814,土地1建物0車位0,,,其他,,,,0.0,0,0,0,有,無,800000,6299,,0.0,0,親友、員工或其他特殊關係間之交易。;地上物未辦保存登記，隨同土地一併移轉，土地增值稅由買方負擔。,RPOOMLSLQHNFFAW87CA
金城鎮,房地(土地+建物),金門縣金城鎮浴井31~60號,155.0,其他,,,1070730,土地1建物1車位0,全,,透天厝,,,,293.74,6,2,7,有,無,15500000,52768,,0.0,0,,RPWOMLSLQHNFFAW68CA
金城鎮,房地(土地+建物),金門縣金寧鄉伯玉路一段211~240號,109.45,其他,,,1070725,土地2建物1車位0,全,三層,透天厝,住家用,鋼筋混凝土造,1051027,245.98,4,2,5,有,無,7200000,29271,,0.0,0,,RPOPMLSLQHNFFAW97CA
金城鎮,房地(土地+建物),金門縣金寧鄉伯玉路一段211~240號,109.41,其他,,,1070725,土地2建物1車位0,全,三層,透天厝,住家用,鋼筋混凝土造,1051028,245.98,4,2,5,有,無,7200000,29271,,0.0,0,,RPPPMLSLQHNFFAW08CA
金湖鎮,土地,后壟段151~180地號,1290.0,農,,,1070801,土地1建物0車位0,,,其他,,,,0.0,0,0,0,有,無,4644000,3600,,0.0,0,,RPQNMLLLRHNFFAW37CA
金寧鄉,土地,東洲段781~810地號,1460.85,農,,,1070808,土地1建物0車位0,,,其他,,,,0.0,0,0,0,有,無,5700000,3902,,0.0,0,,RPQNMLSLQHNFFAW08DA
金城鎮,土地,歐厝段961~990地號,1149.29,其他,,,1070823,土地1建物0車位0,,,其他,,,,0.0,0,0,0,有,無,4100000,3567,,0.0,0,,RPQNMLLMQHNFFAW47DA
金沙鎮,土地,洋山段1051~1080地號,232.0,農,,,1070802,土地1建物0車位0,,,其他,,,,0.0,0,0,0,有,無,278400,1200,,0.0,0,,RPRNMLNJRHNFFAW57DA
金沙鎮,土地,后宅測段151~180地號,320.45,農,,,1070802,土地1建物0車位0,,,其他,,,,0.0,0,0,0,有,無,384600,1200,,0.0,0,,RPVNMLNJRHNFFAW97DA
金湖鎮,土地,士校段121~150地號,2074.72,其他,,,1070822,土地2建物0車位0,,,其他,,,,0.0,0,0,0,有,無,7000000,3374,,0.0,0,,RPUNMLTLQHNFFAW58DA
金寧鄉,土地,西堡劃測段511~540地號,166.67,農,,,1070806,土地1建物0車位0,,,其他,,,,0.0,0,0,0,有,無,533344,3200,,0.0,0,,RPPNMLTLQHNFFAW08DA
金城鎮,土地,旗牌段361~390地號,108.8,住,,,1070806,土地1建物0車位0,,,其他,,,,0.0,0,0,0,有,無,2284800,21000,,0.0,0,,RPVNMLTLQHNFFAW58CA
金城鎮,房地(土地+建物),金門縣金城鎮金門城151~180號,46.3,其他,,,1070724,土地1建物1車位0,,,公寓(5樓含以下無電梯),,,,81.25,3,2,2,有,無,4680000,57600,,0.0,0,土地及建物分次登記案件。前案土地登記收件字號：;,RPSNMLKMQHNFFAW47CA
金寧鄉,土地,下埔下段31~60地號,84.0,其他,,,1070807,土地1建物0車位0,,,其他,,,,0.0,0,0,0,有,無,2520000,30000,,0.0,0,,RPOOMLKMQHNFFAW17CA
金寧鄉,土地,寧安二劃段421~450地號,150.0,農,,,1070820,土地1建物0車位0,,,其他,,,,0.0,0,0,0,有,無,1000000,6667,,0.0,0,,RPPNMLLMQHNFFAW27CA
金湖鎮,房地(土地+建物),金門縣金湖鎮庵邊1~30號,83.33,住,,,1070809,土地1建物1車位0,一層,三層,華廈(10層含以下有電梯),見其他登記事項,鋼筋混凝土造,1070425,138.54,3,2,2,有,無,7200000,51971,,0.0,0,,RPRNMLRJRHNFFAW87CA
金沙鎮,土地,后宅測段181~210地號,1613.34,農,,,1070823,土地1建物0車位0,,,其他,,,,0.0,0,0,0,有,無,2420000,1500,,0.0,0,,RPPPMLKMQHNFFAW37CA
金寧鄉,土地,寧湖三劃段541~570地號,435.88,農,,,1070823,土地4建物0車位0,,,其他,,,,0.0,0,0,0,有,無,4350000,9980,,0.0,0,,RPSNMLLLRHNFFAW67DA
金寧鄉,土地,后沙村段211~240地號,380.0,其他,,,1070815,土地1建物0車位0,,,其他,,,,0.0,0,0,0,有,無,9300000,24474,,0.0,0,,RPWOMLKKRHNFFAW87CA
金湖鎮,房地(土地+建物),金門縣金湖鎮林兜331~360號,100.49,其他,,,1070815,土地2建物1車位0,全,三層,透天厝,住家用,鋼筋混凝土造,1070327,185.26,4,3,4,有,無,8600000,46421,,0.0,0,,RPOOMLKKRHNFFAW07CA
金沙鎮,房地(土地+建物),金門縣金沙鎮洋山61~90號,42.87,住,,,1070710,土地2建物1車位0,一層,三層,公寓(5樓含以下無電梯),見其他登記事項,鋼筋混凝土造,1070308,63.209999999999994,2,1,1,有,無,2970000,46986,,0.0,0,,RPOOMLNJRHNFFAW27CA
金沙鎮,土地,官嶼劃段271~300地號,1000.0,農,,,1070815,土地2建物0車位0,,,其他,,,,0.0,0,0,0,有,無,2800000,2800,,0.0,0,,RPSNMLNJRHNFFAW57CA
金沙鎮,土地,汶沙測段1501~1530地號,303.61,其他,,,1070820,土地1建物0車位0,,,其他,,,,0.0,0,0,0,有,無,7225918,23800,,0.0,0,包含公共設施保留地之交易。;,RPVNMLOJRHNFFAW97CA
金湖鎮,土地,山外段121~150地號,120.0,住,,,1070820,土地1建物0車位0,,,其他,,,,0.0,0,0,0,有,無,6000000,50000,,0.0,0,含增建或未登記建物。;,RPWNMLOJRHNFFAW08CA
金寧鄉,土地,寧劃段841~870地號,245.3,農,,,1070816,土地1建物0車位0,,,其他,,,,0.0,0,0,0,有,無,1000000,4077,,0.0,0,,RPQOMLOJRHNFFAW57CA
金寧鄉,房地(土地+建物)+車位,金門縣金寧鄉東州61~90號,58.75,其他,,,1070820,土地1建物1車位1,三層,三層,華廈(10層含以下有電梯),見其他登記事項,鋼筋混凝土造,1040721,144.51,3,2,2,有,無,7000000,48440,一樓平面,0.0,0,,RPPNMLQJRHNFFAW57CA
金寧鄉,土地,大園段151~180地號,1358.4,其他,,,1070801,土地3建物0車位0,,,其他,,,,0.0,0,0,0,有,無,1602900,1180,,0.0,0,,RPTNMLOJRHNFFAW77CA
金寧鄉,房地(土地+建物),金門縣金寧鄉榜林1~30號,56.39,其他,,,1070823,土地1建物1車位0,二層,三層,公寓(5樓含以下無電梯),見其他登記事項,鋼筋混凝土造,1070627,86.97999999999999,3,1,2,有,無,5800000,66682,,0.0,0,土地及建物分次登記案件。前案土地登記收件字號：;,RPTNMLQLRHNFFAW18CA
金沙鎮,土地,官澳段1201~1230地號,73.75,住,,,1070816,土地1建物0車位0,,,其他,,,,0.0,0,0,0,有,無,516250,7000,,0.0,0,親友、員工或其他特殊關係間之交易。;,RPTOMLKKRHNFFAW57CA
金寧鄉,房地(土地+建物),金門縣金寧鄉榜林1~30號,56.39,其他,,,1070823,土地1建物1車位0,一層,三層,公寓(5樓含以下無電梯),見其他登記事項,鋼筋混凝土造,1070627,86.97999999999999,3,1,2,有,無,6000000,68981,,0.0,0,土地及建物分次登記案件。前案土地登記收件字號：;,RPUNMLRKRHNFFAW28CA
金寧鄉,房地(土地+建物),金門縣金寧鄉榜林1~30號,56.39,其他,,,1070823,土地1建物1車位0,三層,三層,公寓(5樓含以下無電梯),見其他登記事項,鋼筋混凝土造,1070627,86.97999999999999,3,1,2,有,無,5900000,67832,,0.0,0,土地及建物分次登記案件。前案土地登記收件字號：;,RPPOMLRKRHNFFAW87CA
金寧鄉,房地(土地+建物),金門縣金寧鄉榜林1~30號,53.08,其他,,,1070823,土地1建物1車位0,一層,三層,公寓(5樓含以下無電梯),見其他登記事項,鋼筋混凝土造,1070627,82.04,2,1,2,有,無,5800000,70697,,0.0,0,土地及建物分次登記案件。前案土地登記收件字號：;,RPQOMLRKRHNFFAW97CA
金城鎮,土地,祥瑞段691~720地號,1.62,其他,,,1070823,土地1建物0車位0,,,其他,,,,0.0,0,0,0,有,無,65826,40633,,0.0,0,,RPXNMLOJRHNFFAW28DA
金城鎮,土地,延平段61~90地號,666.86,農,,,1070821,土地1建物0車位0,,,其他,,,,0.0,0,0,0,有,無,6600000,9897,,0.0,0,,RPOOMLOJRHNFFAW47DA
金城鎮,房地(土地+建物),金門縣金城鎮中興路61~90號,12.22,商,,,1070824,土地2建物1車位0,全,二層,透天厝,住商用,鋼筋混凝土加強磚造,0510701,23.45,1,1,1,有,無,2000000,85288,,0.0,0,,RPUNMLQJRHNFFAW08CA
金湖鎮,房地(土地+建物),金門縣金湖鎮市港三路121~150號,11.85,其他,,,1070827,土地1建物1車位0,一層，見其他登記事項,七層,華廈(10層含以下有電梯),見其他登記事項,鋼筋混凝土造,1040923,135.24,0,0,0,無,無,8250000,61003,,0.0,0,土地及建物分次登記案件。前案土地登記收件字號：;,RPSNMLPJRHNFFAW77CA
金城鎮,土地,城東段481~510地號,133.94,住,,,1070806,土地1建物0車位0,,,其他,,,,0.0,0,0,0,有,無,1836735,13713,,0.0,0,,RPPNMLLKRHNFFAW17CA
金湖鎮,土地,士校段151~180地號,2121.59,農,,,1070730,土地3建物0車位0,,,其他,,,,0.0,0,0,0,有,無,7635000,3599,,0.0,0,,RPUOMLRKRHNFFAW38CA
金湖鎮,房地(土地+建物),金門縣金湖鎮林兜361~390號,100.55,其他,,,1070827,土地2建物1車位0,全,三層,透天厝,住家用,鋼筋混凝土造,1070327,185.26,4,3,4,有,無,10600000,57217,,0.0,0,,RPPNMLSLRHNFFAW97CA
金湖鎮,房地(土地+建物),金門縣金湖鎮林兜331~360號,100.33,其他,,,1070823,土地2建物1車位0,全,三層,透天厝,住家用,鋼筋混凝土造,1070327,185.67,4,3,4,有,無,7600000,40933,,0.0,0,,RPRNMLSLRHNFFAW18CA
金湖鎮,房地(土地+建物),金門縣金湖鎮林兜301~330號,100.46,其他,,,1070827,土地2建物1車位0,全,三層,透天厝,住家用,鋼筋混凝土造,1070327,185.26,4,3,4,有,無,10800000,58296,,0.0,0,,RPPNMLLJIINFFAW88CA
金湖鎮,房地(土地+建物),金門縣金湖鎮林兜301~330號,119.08,其他,,,1070827,土地2建物1車位0,全,三層,透天厝,住家用,鋼筋混凝土造,1070327,185.67,4,3,4,有,無,11400000,61399,,0.0,0,,RPQNMLLJIINFFAW98CA
金湖鎮,房地(土地+建物),金門縣金湖鎮林兜301~330號,106.2,其他,,,1070827,土地2建物1車位0,全,三層,透天厝,住家用,鋼筋混凝土造,1070327,185.26,4,3,4,有,無,10600000,57217,,0.0,0,,SPQNMLLJIINFFAW09CA
金城鎮,房地(土地+建物),金門縣金城鎮富康一村6巷1~30號,74.91,住,,,1070808,土地2建物1車位0,全,四層,透天厝,見其他登記事項,鋼筋混凝土造,0890215,189.75,4,3,3,有,無,9800000,51647,,0.0,0,,RPVOMLKKRHNFFAW77CA
金湖鎮,房地(土地+建物),金門縣金湖鎮市港三路211~240號,21.06,住,,,1070808,土地1建物1車位0,二層,八層,華廈(10層含以下有電梯),見其他登記事項,鋼筋混凝土造,1050421,105.26,3,2,2,有,無,6880000,65362,,0.0,0,土地及建物分次登記案件。前案土地登記收件字號：;,RPPOMLKKRHNFFAW17CA
金城鎮,土地,旗牌段271~300地號,128.0,其他,,,1070817,土地1建物0車位0,,,其他,,,,0.0,0,0,0,有,無,3584000,28000,,0.0,0,,RPQOMLKKRHNFFAW27CA
金湖鎮,土地,湖后劃段451~480地號,1398.22,農,,,1070828,土地1建物0車位0,,,其他,,,,0.0,0,0,0,有,無,3800000,2718,,0.0,0,,RPROMLKKRHNFFAW37CA
金沙鎮,土地,沙田劃段571~600地號,791.0,其他,,,1070822,土地1建物0車位0,,,其他,,,,0.0,0,0,0,有,無,1900000,2402,,0.0,0,,RPSOMLKKRHNFFAW47CA
金湖鎮,房地(土地+建物),金門縣金湖鎮庵邊1~30號,83.33,住,,,1070828,土地1建物1車位0,一層,三層,華廈(10層含以下有電梯),見其他登記事項,鋼筋混凝土造,1070425,138.54,3,2,2,有,無,7400000,53414,,0.0,0,,RPQNMLRJRHNFFAW77CA
金沙鎮,土地,沙田劃段541~570地號,1000.0,其他,,,1070823,土地1建物0車位0,,,其他,,,,0.0,0,0,0,有,無,2200000,2200,,0.0,0,,RPQNMLLKRHNFFAW27CA
金沙鎮,土地,沙東劃段271~300地號,1000.13,農,,,1070822,土地1建物0車位0,,,其他,,,,0.0,0,0,0,有,無,2000000,2000,,0.0,0,,RPRNMLLKRHNFFAW37CA
金城鎮,房地(土地+建物),金門縣金城鎮西海路三段22巷4弄61~90號,119.17,農,,,1070726,土地2建物1車位0,全,三層,透天厝,住家用,鋼筋混凝土造,0840626,195.86,5,2,3,有,無,7850000,40080,,0.0,0,,RPWNMLNKRHNFFAW08CA
金城鎮,房地(土地+建物),金門縣金城鎮浴井61~90號,58.66,其他,,,1070728,土地6建物1車位0,二層,三層,公寓(5樓含以下無電梯),見其他登記事項,鋼筋混凝土造,1070208,124.52,3,2,2,有,無,7800000,62641,,0.0,0,土地及建物分次登記案件。前案土地登記收件字號：;,RPXNMLNKRHNFFAW18CA
金城鎮,房地(土地+建物),金門縣金城鎮浴井61~90號,58.66,其他,,,1070820,土地6建物1車位0,一層,三層,公寓(5樓含以下無電梯),見其他登記事項,鋼筋混凝土造,1070208,115.61999999999999,3,2,2,有,無,7700000,66597,,0.0,0,土地及建物分次登記案件。前案土地登記收件字號：;,RPPOMLNKRHNFFAW47CA
金湖鎮,土地,中五劃段1~30地號,537.0,農,,,1070817,土地1建物0車位0,,,其他,,,,0.0,0,0,0,有,無,5110000,9516,,0.0,0,,RPWOMLOKRHNFFAW38DA
金城鎮,房地(土地+建物),金門縣金城鎮民族路31~60號,42.65,商,,,1070903,土地2建物2車位0,一層,五層,公寓(5樓含以下無電梯),住家用,鋼筋混凝土加強磚造,0850229,151.68,2,1,1,有,無,11500000,75818,,0.0,0,,RPQNMLPLRHNFFAW87DA
金湖鎮,房地(土地+建物),金門縣金湖鎮信義新村1~30號,141.28,其他,,,1070731,土地1建物1車位0,全,三層,透天厝,見其他登記事項,鋼筋混凝土造,1010204,190.68,5,2,5,有,無,11350000,59524,,0.0,0,,RPRNMLMKRHNFFAW47CA
金城鎮,土地,后豐港段391~420地號,419.0,農,,,1070905,土地1建物0車位0,,,其他,,,,0.0,0,0,0,有,無,500000,1193,,0.0,0,畸零地或有合併使用之交易。;沒有通路的農地,RPQNMLNKRHNFFAW47CA
金城鎮,房地(土地+建物),金門縣金城鎮浴井61~90號,89.88,其他,,,1070823,土地5建物1車位0,全,三層,透天厝,見其他登記事項,鋼筋混凝土造,1070208,187.51,5,2,3,有,無,11600000,61863,,0.0,0,土地及建物分次登記案件。前案土地登記收件字號：;,RPTNMLNKRHNFFAW77CA
金寧鄉,房地(土地+建物)+車位,金門縣金寧鄉下堡121~150號,110.44,其他,,,1070829,土地1建物1車位3,全,三層,透天厝,見其他登記事項,鋼筋混凝土造,1070627,335.48,5,3,5,有,無,13200000,39347,坡道平面,59.64,0,土地及建物分次登記案件。前案土地登記收件字號：;,RPPOMLOKRHNFFAW57CA
金寧鄉,房地(土地+建物)+車位,金門縣金寧鄉下堡121~150號,107.03,其他,,,1070829,土地1建物1車位1,全,三層,透天厝,見其他登記事項,鋼筋混凝土造,1070627,296.51,5,3,5,有,無,13850000,46710,坡道平面,32.05,0,土地及建物分次登記案件。前案土地登記收件字號：;,RPROMLOKRHNFFAW77CA
金湖鎮,房地(土地+建物)+車位,金門縣金湖鎮環島南路五段165巷6弄1~30號,111.32,其他,,,1070801,土地1建物1車位1,全,三層,透天厝,見其他登記事項,鋼筋混凝土造,1070514,253.92000000000002,5,2,4,有,有,9500000,37413,坡道平面,39.24,0,土地及建物分次登記案件。前案土地登記收件字號：;,RPTNMLNJIINFFAW86CA
金湖鎮,房地(土地+建物)+車位,金門縣金湖鎮環島南路五段165巷6弄1~30號,111.32,其他,,,1070801,土地1建物1車位1,全,三層,透天厝,見其他登記事項,鋼筋混凝土造,1070514,253.92000000000002,5,2,4,有,有,9500000,37413,坡道平面,39.24,0,土地及建物分次登記案件。前案土地登記收件字號：;,RPUNMLNJIINFFAW96CA
金湖鎮,房地(土地+建物)+車位,金門縣金湖鎮環島南路五段165巷5弄1~30號,111.32,其他,,,1070801,土地1建物1車位1,全,三層,透天厝,見其他登記事項,鋼筋混凝土造,1070514,253.92000000000002,5,2,4,有,有,11000000,43321,坡道平面,39.24,0,土地及建物分次登記案件。前案土地登記收件字號：;,RPVNMLNJIINFFAW07CA
金湖鎮,房地(土地+建物)+車位,金門縣金湖鎮環島南路五段165巷6弄1~30號,111.32,其他,,,1070801,土地1建物1車位1,全,三層,透天厝,見其他登記事項,鋼筋混凝土造,1070514,253.92000000000002,5,2,4,有,有,10000000,39382,坡道平面,39.24,0,土地及建物分次登記案件。前案土地登記收件字號：;,RPWNMLNJIINFFAW17CA
金湖鎮,房地(土地+建物)+車位,金門縣金湖鎮環島南路五段165巷5弄1~30號,109.14,其他,,,1070801,土地1建物1車位1,全,三層,透天厝,見其他登記事項,鋼筋混凝土造,1070514,249.77999999999997,5,2,4,有,有,10800000,43238,坡道平面,39.24,0,土地及建物分次登記案件。前案土地登記收件字號：;,RPXNMLNJIINFFAW27CA
金湖鎮,房地(土地+建物)+車位,金門縣金湖鎮環島南路五段165巷3弄1~30號,115.96,其他,,,1070801,土地1建物1車位1,全,三層,透天厝,見其他登記事項,鋼筋混凝土造,1070514,262.91,5,2,4,有,有,9500000,36134,坡道平面,39.24,0,土地及建物分次登記案件。前案土地登記收件字號：;,RPPOMLNJIINFFAW56CA
金湖鎮,房地(土地+建物)+車位,金門縣金湖鎮環島南路五段165巷2弄1~30號,249.65,其他,,,1070801,土地1建物2車位2,全,三層,透天厝,見其他登記事項,鋼筋混凝土造,1070514,560.4300000000001,5,2,4,有,有,20000000,35687,坡道平面,78.48,0,土地及建物分次登記案件。前案土地登記收件字號：;,RPROMLNJIINFFAW76CA
金寧鄉,房地(土地+建物)+車位,金門縣金寧鄉下堡121~150號,107.03,其他,,,1070829,土地1建物1車位2,全,三層,透天厝,見其他登記事項,鋼筋混凝土造,1070627,310.45,5,3,5,有,無,13200000,42519,坡道平面,45.99,0,土地及建物分次登記案件。前案土地登記收件字號：;,RPSOMLOKRHNFFAW87CA
金寧鄉,房地(土地+建物)+車位,金門縣金寧鄉下堡121~150號,107.03,其他,,,1070829,土地1建物1車位2,全,三層,透天厝,見其他登記事項,鋼筋混凝土造,1070627,309.33,5,3,5,有,無,13600000,43966,坡道平面,44.87,0,,RPXOMLOKRHNFFAW38CA
金寧鄉,房地(土地+建物)+車位,金門縣金寧鄉下堡121~150號,107.03,其他,,,1070829,土地1建物1車位1,全,三層,透天厝,見其他登記事項,鋼筋混凝土造,1070627,296.51,5,3,5,有,無,13600000,45867,坡道平面,32.05,0,,RPPPMLOKRHNFFAW67CA
金寧鄉,房地(土地+建物),金門縣金寧鄉下堡91~120號,34.59,其他,,,1070822,土地1建物1車位0,一層,三層,公寓(5樓含以下無電梯),見其他登記事項,鋼筋混凝土造,1021120,98.63999999999999,3,0,3,有,無,4800000,48662,,0.0,0,,RPQPMLRKRHNFFAW08CA
金沙鎮,房地(土地+建物),金門縣金沙鎮陽翟121~150號,43.83,其他,,,1070622,土地1建物1車位0,二層,三層,華廈(10層含以下有電梯),見其他登記事項,鋼筋混凝土造,1060324,96.1,3,2,2,有,無,4800000,49948,,0.0,0,,RPSOMLKLRHNFFAW57CA
金城鎮,房地(土地+建物),金門縣金城鎮珠浦南路44巷12弄1~30號,12.88,住,,,1070905,土地1建物1車位0,三層,四層,華廈(10層含以下有電梯),見其他登記事項,鋼筋混凝土造,1070117,29.07,1,1,1,有,無,3500000,120399,,0.0,0,,RPWNMLOKRHNFFAW18CA
金寧鄉,土地,安西劃段871~900地號,98.03,農,,,1070911,土地1建物0車位0,,,其他,,,,0.0,0,0,0,有,無,4000000,40804,,0.0,0,,RPTNMLRKRHNFFAW28DA
金城鎮,土地,中一段541~570地號,162.66,其他,,,1070409,土地1建物0車位0,,,其他,,,,0.0,0,0,0,有,無,1600000,9836,,0.0,0,,RPPNMLOKRHNFFAW57DA
金寧鄉,土地,龍潭段361~390地號,486.18,其他,,,1070806,土地1建物0車位0,,,其他,,,,0.0,0,0,0,有,無,250000,514,,0.0,0,沒有通路的農地,RPQPMLOKRHNFFAW77CA
金寧鄉,房地(土地+建物)+車位,金門縣金寧鄉下堡121~150號,107.03,其他,,,1070829,土地1建物1車位1,全,三層,透天厝,見其他登記事項,鋼筋混凝土造,1070627,296.51,5,3,5,有,無,12920000,43574,坡道平面,32.05,0,,RPRPMLOKRHNFFAW87CA
金寧鄉,房地(土地+建物)+車位,金門縣金寧鄉下堡121~150號,106.96,其他,,,1070829,土地1建物1車位1,全,三層,透天厝,見其他登記事項,鋼筋混凝土造,1070627,278.32,5,3,6,有,無,11700000,42038,坡道平面,13.94,0,,RPQNMLRKRHNFFAW87CA
金寧鄉,房地(土地+建物)+車位,金門縣金寧鄉下堡121~150號,106.96,其他,,,1070829,土地1建物1車位2,全,三層,透天厝,見其他登記事項,鋼筋混凝土造,1070627,310.48,5,3,5,有,無,12400000,39938,坡道平面,46.09,0,,RPRNMLRKRHNFFAW97CA
金寧鄉,房地(土地+建物)+車位,金門縣金寧鄉下堡121~150號,106.96,其他,,,1070829,土地1建物1車位1,全,三層,透天厝,見其他登記事項,鋼筋混凝土造,1070627,295.54999999999995,5,3,5,有,無,11300000,38234,坡道平面,31.17,0,,RPVNMLRKRHNFFAW38CA
金寧鄉,房地(土地+建物)+車位,金門縣金寧鄉下堡121~150號,106.77,其他,,,1070829,土地1建物1車位1,全,三層,透天厝,見其他登記事項,鋼筋混凝土造,1070627,278.84,5,3,5,有,無,10000000,35863,坡道平面,13.94,0,,RPXNMLRKRHNFFAW58CA
金寧鄉,房地(土地+建物)+車位,金門縣金寧鄉下堡121~150號,55.98,其他,,,1070829,土地1建物1車位1,一層,三層,華廈(10層含以下有電梯),見其他登記事項,鋼筋混凝土造,1070627,151.07,4,2,2,有,無,7000000,46336,坡道平面,12.82,0,,RPOOMLRKRHNFFAW77CA
金寧鄉,房地(土地+建物)+車位,金門縣金寧鄉下堡121~150號,106.96,其他,,,1070829,土地1建物1車位1,全,三層,透天厝,見其他登記事項,鋼筋混凝土造,1070627,281.31,5,3,5,有,無,11500000,40880,坡道平面,13.94,0,,RPOPMLOKRHNFFAW57CA
金寧鄉,房地(土地+建物)+車位,金門縣金寧鄉下堡121~150號,107.03,其他,,,1070829,土地1建物1車位1,全,三層,透天厝,見其他登記事項,鋼筋混凝土造,1070627,296.51,5,3,5,有,無,11000000,37098,坡道平面,32.05,0,土地及建物分次登記案件。前案土地登記收件字號：;,RPUOMLOKRHNFFAW08CA
金寧鄉,土地,湖下村段121~150地號,99.0,其他,,,1070820,土地1建物0車位0,,,其他,,,,0.0,0,0,0,有,無,2600000,26263,,0.0,0,含增建或未登記建物。;,RPSNMLLJIINFFAW56CA
金湖鎮,房地(土地+建物),金門縣金湖鎮林兜301~330號,100.46,其他,,,1070907,土地2建物1車位0,全,三層,透天厝,住家用,鋼筋混凝土造,1070327,185.67,4,3,4,有,無,7600000,40933,,0.0,0,,RPRNMLLJIINFFAW09CA
金寧鄉,土地,煙墩段1201~1230地號,2924.92,其他,,,1070801,土地3建物0車位0,,,其他,,,,0.0,0,0,0,有,無,11500000,3932,,0.0,0,,RPWOMLNJIINFFAW27CA
金寧鄉,土地,長寮段1381~1410地號,1198.41,農,,,1070820,土地2建物0車位0,,,其他,,,,0.0,0,0,0,有,無,8000000,6676,,0.0,0,,RPPNMLTKRHNFFAW97CA
金寧鄉,房地(土地+建物)+車位,金門縣金寧鄉下堡121~150號,61.06,其他,,,1070829,土地1建物1車位1,二層,三層,華廈(10層含以下有電梯),見其他登記事項,鋼筋混凝土造,1070627,163.82,4,2,2,有,無,7600000,46392,坡道平面,13.94,0,,RPXOMLRKRHNFFAW68CA
金寧鄉,房地(土地+建物)+車位,金門縣金寧鄉下堡121~150號,61.06,其他,,,1070829,土地1建物1車位1,三層,三層,華廈(10層含以下有電梯),見其他登記事項,鋼筋混凝土造,1070627,162.7,4,2,2,有,無,7200000,44253,坡道平面,12.82,0,,RPOPMLRKRHNFFAW87CA
金寧鄉,房地(土地+建物)+車位,金門縣金寧鄉下堡121~150號,59.95,其他,,,1070829,土地1建物1車位1,三層,三層,華廈(10層含以下有電梯),見其他登記事項,鋼筋混凝土造,1070627,158.91,4,2,2,有,無,7000000,44050,坡道平面,12.82,0,,RPQNMLKLRHNFFAW27CA
金寧鄉,房地(土地+建物)+車位,金門縣金寧鄉下堡121~150號,55.02,其他,,,1070829,土地1建物1車位1,一層,三層,華廈(10層含以下有電梯),見其他登記事項,鋼筋混凝土造,1070627,156.37,4,2,2,有,無,7200000,46045,坡道平面,21.28,0,,RPRNMLKLRHNFFAW37CA
金寧鄉,房地(土地+建物)+車位,金門縣金寧鄉下堡121~150號,59.95,其他,,,1070829,土地1建物1車位1,二層,三層,華廈(10層含以下有電梯),見其他登記事項,鋼筋混凝土造,1070627,160.01999999999998,4,2,3,有,無,7750000,48431,坡道平面,13.94,0,,RPSNMLKLRHNFFAW47CA
金城鎮,土地,北一段481~510地號,116.49,農,,,1070813,土地12建物0車位0,,,其他,,,,0.0,0,0,0,有,無,1800000,15452,,0.0,0,親友、員工或其他特殊關係間之交易。;,RPPNMLPLRHNFFAW77DA
金湖鎮,土地,漁村段781~810地號,245.2,其他,,,1070904,土地2建物0車位0,,,其他,,,,0.0,0,0,0,有,無,3187600,13000,,0.0,0,,RPVOMLRKRHNFFAW58DA
金沙鎮,土地,榮湖段511~540地號,576.39,其他,,,1070904,土地1建物0車位0,,,其他,,,,0.0,0,0,0,有,無,1729170,3000,,0.0,0,,RPWOMLRKRHNFFAW68DA
金城鎮,土地,北一段481~510地號,29.12,農,,,1070813,土地12建物0車位0,,,其他,,,,0.0,0,0,0,有,無,450000,15453,,0.0,0,親友、員工或其他特殊關係間之交易。;,RPQNMLKMQHNFFAW57CD
金沙鎮,土地,后宅測段181~210地號,1613.34,農,,,1070910,土地1建物0車位0,,,其他,,,,0.0,0,0,0,有,無,2420000,1500,,0.0,0,,RPTNMLKLRHNFFAW57CA
金湖鎮,房地(土地+建物),金門縣金湖鎮復興路91~120號,84.23,商,,,1070907,土地2建物1車位0,全,三層,透天厝,住商用,鋼筋混凝土造,0691130,251.82,0,0,0,無,無,22000000,87364,,0.0,0,,RPUNMLKLRHNFFAW67CA
金城鎮,房地(土地+建物),金門縣金城鎮金門城91~120號,34.51,其他,,,1070910,土地1建物1車位0,三層,五層,公寓(5樓含以下無電梯),見其他登記事項,鋼筋混凝土造,1070202,83.29,3,1,2,有,無,4600000,55229,,0.0,0,,RPWNMLKLRHNFFAW87CA
金寧鄉,土地,寧劃段841~870地號,490.6,農,,,1070905,土地1建物0車位0,,,其他,,,,0.0,0,0,0,有,無,2280000,4647,,0.0,0,,RPQNMLTKRHNFFAW08CA
金寧鄉,土地,西堡劃測段181~210地號,251.06,農,,,1070712,土地1建物0車位0,,,其他,,,,0.0,0,0,0,有,無,803392,3200,,0.0,0,,RPPNMLMJIINFFAW98CA
金沙鎮,土地,北九劃段1111~1140地號,500.0,農,,,1070906,土地2建物0車位0,,,其他,,,,0.0,0,0,0,有,無,2700000,5400,,0.0,0,,RPXNMLKLRHNFFAW97CA
金湖鎮,房地(土地+建物),金門縣金湖鎮料羅新村601~630號,43.46,其他,,,1070822,土地1建物1車位0,三層,四層,華廈(10層含以下有電梯),見其他登記事項,鋼筋混凝土造,1070118,82.83,3,2,2,有,無,4180000,50465,,0.0,0,,RPOOMLKLRHNFFAW17CA
金湖鎮,房地(土地+建物)+車位,金門縣金湖鎮市港三路211~240號,1.97,住,,,1070831,土地1建物0車位1,,,華廈(10層含以下有電梯),,,,9.94,0,0,0,有,無,500000,0,坡道機械,9.94,200000,土地及建物分次登記案件。前案土地登記收件字號：;,RPQOMLKLRHNFFAW37CA
金湖鎮,房地(土地+建物)+車位,金門縣金湖鎮市港三路211~240號,1.97,住,,,1070831,土地1建物0車位1,,,華廈(10層含以下有電梯),,,,9.94,0,0,0,有,無,500000,0,坡道機械,9.94,200000,土地及建物分次登記案件。前案土地登記收件字號：;,SPQOMLKLRHNFFAW47CA
金寧鄉,土地,安西劃段781~810地號,530.2,農,,,1070828,土地1建物0車位0,,,其他,,,,0.0,0,0,0,有,無,3800000,7167,,0.0,0,,RPPNMLLLRHNFFAW27CA
金城鎮,土地,歐厝段271~300地號,1070.09,農,,,1070828,土地1建物0車位0,,,其他,,,,0.0,0,0,0,有,無,2000000,1869,,0.0,0,,RPSNMLPJIINFFAW96CA
金湖鎮,房地(土地+建物)+車位,金門縣金湖鎮環島南路五段165巷5弄1~30號,109.14,住,,,1070810,土地1建物1車位1,全,三層,透天厝,見其他登記事項,鋼筋混凝土造,1070514,249.77999999999997,5,2,4,有,無,8950000,35832,坡道平面,39.24,0,,RPOOMLLJIINFFAW88CA
金湖鎮,建物,金門縣金湖鎮市港三路241~270號,0.0,,,,1070511,土地0建物1車位0,六層,七層,華廈(10層含以下有電梯),見其他登記事項,鋼筋混凝土造,1061213,115.53999999999999,3,2,2,有,無,2925000,25316,,0.0,0,土地及建物分次登記案件。前案土地登記收件字號：;,RPRNMLTKIINFFAW37CA
金湖鎮,房地(土地+建物),金門縣金湖鎮市港三路241~270號,25.98,住,,,1070511,土地1建物1車位0,六層,七層,華廈(10層含以下有電梯),見其他登記事項,鋼筋混凝土造,1061213,115.53999999999999,3,2,2,有,無,6500000,56258,,0.0,0,土地及建物分次登記案件。前案土地登記收件字號：;,RPSNMLTKIINFFAW47CA
金湖鎮,房地(土地+建物)+車位,金門縣金湖鎮環島南路五段165巷7弄1~30號,68.68,其他,,,1070913,土地1建物1車位1,三層,三層,公寓(5樓含以下無電梯),見其他登記事項,鋼筋混凝土造,1070514,173.92000000000002,3,2,2,有,無,5200000,29899,坡道平面,39.24,0,親友、員工或其他特殊關係間之交易。;,RPPNMLSJIINFFAW96CA
金寧鄉,土地,寧湖二劃測段361~390地號,1000.04,其他,,,1070827,土地2建物0車位0,,,其他,,,,0.0,0,0,0,有,無,17300000,17299,,0.0,0,,RPQNMLLKIINFFAW09CA
金沙鎮,土地,高坑劃測段691~720地號,1950.03,農,,,1070827,土地1建物0車位0,,,其他,,,,0.0,0,0,0,有,無,9100000,4667,,0.0,0,,RPRNMLLKIINFFAW56CA
金湖鎮,房地(土地+建物),金門縣金湖鎮環島南路四段541~570號,30.37,其他,,,1070611,土地1建物1車位0,三層,三層,公寓(5樓含以下無電梯),見其他登記事項,鋼筋混凝土造,1051212,60.4,1,1,1,有,有,4500000,74503,,0.0,0,,RPSNMLMKIINFFAW76CA
金寧鄉,房地(土地+建物),金門縣金寧鄉昔果山61~90號,78.27,其他,,,1070913,土地1建物1車位0,二層,三層,華廈(10層含以下有電梯),見其他登記事項,鋼筋混凝土造,1060712,105.36,3,2,2,有,無,5200000,49355,,0.0,0,,RPRNMLQLRHNFFAW97CA
金城鎮,土地,城隍廟段1~30地號,82.67,商,,,1070915,土地1建物0車位0,,,其他,,,,0.0,0,0,0,有,無,18500000,223781,,0.0,0,含增建或未登記建物。;,RPWNMLQLRHNFFAW48CA
金湖鎮,房地(土地+建物),金門縣金湖鎮夏興1~30號,49.68,其他,,,1070821,土地1建物1車位0,一層,三層,公寓(5樓含以下無電梯),見其他登記事項,鋼筋混凝土造,1060407,82.13,3,2,2,有,無,5400000,65741,,0.0,0,,RPXNMLQLRHNFFAW58CA
金城鎮,房地(土地+建物),金門縣金城鎮金門城151~180號,16.19,其他,,,1070822,土地1建物1車位0,一層,三層,公寓(5樓含以下無電梯),見其他登記事項,鋼筋混凝土造,1051219,27.18,1,1,1,有,無,1900000,69904,,0.0,0,土地及建物分次登記案件。前案土地登記收件字號：;,RPPOMLQLRHNFFAW87CA
金寧鄉,房地(土地+建物),金門縣金寧鄉埔後31~60號,92.07,住,,,1070914,土地3建物1車位0,全,三層,透天厝,見其他登記事項,鋼筋混凝土造,1021008,166.3,3,2,2,有,無,9000000,54119,,0.0,0,,RPQNMLRLRHNFFAW97CA
金湖鎮,房地(土地+建物),金門縣金湖鎮環島南路四段541~570號,28.5,其他,,,1070807,土地1建物1車位0,三層,三層,公寓(5樓含以下無電梯),見其他登記事項,鋼筋混凝土造,1051212,66.64,1,1,1,有,有,5000000,75030,,0.0,0,,RPRNMLMKIINFFAW66CA
金城鎮,土地,古塔段61~90地號,260.55,其他,,,1070904,土地1建物0車位0,,,其他,,,,0.0,0,0,0,有,無,8618994,33080,,0.0,0,,RPUNMLQLRHNFFAW38DA
金城鎮,土地,古塔段61~90地號,42.17,其他,,,1070904,土地1建物0車位0,,,其他,,,,0.0,0,0,0,有,無,1394984,33080,,0.0,0,,RPVNMLQLRHNFFAW48DA
金湖鎮,房地(土地+建物),金門縣金湖鎮環島南路四段541~570號,30.37,其他,,,1070823,土地1建物1車位0,二層,三層,公寓(5樓含以下無電梯),見其他登記事項,鋼筋混凝土造,1051212,60.4,1,1,1,有,有,4500000,74503,,0.0,0,,RPPNMLMKIINFFAW09CA
金湖鎮,房地(土地+建物),金門縣金湖鎮林兜1~30號,26.79,住,,,1070523,土地1建物1車位0,二層,三層,公寓(5樓含以下無電梯),見其他登記事項,鋼筋混凝土造,1040716,60.68,2,1,1,有,有,4150000,68392,,0.0,0,,RPTNMLQKIINFFAW27CA
金沙鎮,土地,后宅測段1081~1110地號,1873.18,農,,,1070729,土地4建物0車位0,,,其他,,,,0.0,0,0,0,有,無,7500000,4004,,0.0,0,,RPQNMLRKIINFFAW07CA
金沙鎮,房地(土地+建物),金門縣金沙鎮斗門61~90號,61.16,其他,,,1070816,土地1建物1車位0,三層,三層,公寓(5樓含以下無電梯),見其他登記事項,鋼筋混凝土造,1070123,110.79,3,2,2,有,無,3000000,27078,,0.0,0,,RPRNMLRKIINFFAW17CA
金寧鄉,房地(土地+建物),金門縣金寧鄉昔果山61~90號,76.72,其他,,,1070911,土地1建物1車位0,二層,三層,華廈(10層含以下有電梯),見其他登記事項,鋼筋混凝土造,1060712,103.47999999999999,3,2,2,有,無,5200000,50251,,0.0,0,,RPSNMLSLRHNFFAW28CA
金寧鄉,土地,東洲段61~90地號,711.36,其他,,,1070906,土地1建物0車位0,,,其他,,,,0.0,0,0,0,有,無,4080000,5735,,0.0,0,,RPTNMLLJIINFFAW66CA
金城鎮,土地,小西門劃測段751~780地號,545.03,農,,,1070914,土地1建物0車位0,,,其他,,,,0.0,0,0,0,有,無,2100000,3853,,0.0,0,,RPXNMLLJIINFFAW07CA
金湖鎮,土地,太武段811~840地號,871.5,其他,,,1070801,土地1建物0車位0,,,其他,,,,0.0,0,0,0,有,無,1220100,1400,,0.0,0,,RPQNMLSLRHNFFAW18DA
金城鎮,土地,古崗段721~750地號,821.61,住,,,1070919,土地1建物0車位0,,,其他,,,,0.0,0,0,0,有,無,19450000,23673,,0.0,0,,RPRNMLMJIINFFAW66DA
金湖鎮,房地(土地+建物),金門縣金湖鎮林兜301~330號,100.19,其他,,,1070918,土地2建物1車位0,全,三層,透天厝,住家用,鋼筋混凝土造,1070327,187.29,4,3,4,有,無,7600000,40579,,0.0,0,,RPSNMLRKIINFFAW27CA
金城鎮,房地(土地+建物),金門縣金城鎮西海路三段39巷2弄1~30號,33.2,農,,,1070915,土地1建物1車位0,一層,三層,公寓(5樓含以下無電梯),住家用,鋼筋混凝土加強磚造,0831008,98.14,3,2,2,有,無,5100000,51967,,0.0,0,,RPRNMLNJIINFFAW66CA
金寧鄉,房地(土地+建物),金門縣金寧鄉下堡181~210號,71.42,其他,,,1070823,土地1建物1車位0,三層,三層,公寓(5樓含以下無電梯),見其他登記事項,鋼筋混凝土造,1031113,121.25,3,2,2,有,無,7250000,59794,,0.0,0,土地及建物分次登記案件。前案土地登記收件字號：;,RPQOMLNJIINFFAW66CA
金湖鎮,房地(土地+建物),金門縣金湖鎮林兜271~300號,163.47,其他,,,1070918,土地2建物1車位0,全,三層,透天厝,住家用,鋼筋混凝土造,1070327,187.29,4,3,4,有,無,7600000,40579,,0.0,0,,RPTNMLRKIINFFAW37CA
金城鎮,房地(土地+建物),金門縣金城鎮小西門1~30號,42.91,其他,,,1070913,土地1建物1車位0,二層,三層,公寓(5樓含以下無電梯),見其他登記事項,鋼筋混凝土造,0991012,88.41,3,2,2,有,無,4250000,48071,,0.0,0,,RPPNMLNLIINFFAW66CA
金城鎮,房地(土地+建物),金門縣金城鎮珠浦西路50巷5弄1~30號,112.06,住,,,1070927,土地1建物1車位0,全,二層,透天厝,住家用,鋼筋混凝土造,0671220,185.64,6,2,2,有,無,11550000,62217,,0.0,0,,RPWNMLQKIINFFAW57CA
金寧鄉,土地,盤山村段211~240地號,105.0,住,,,1070927,土地2建物0車位0,,,其他,,,,0.0,0,0,0,有,無,2100000,20000,,0.0,0,,RPQNMLTJIINFFAW17CA
金城鎮,房地(土地+建物),金門縣金城鎮莒光路151~180號,71.01,商,,,1070910,土地2建物1車位0,全,三層,透天厝,住商用,鋼筋混凝土造,0681230,211.86,2,2,2,有,無,16800000,79298,,0.0,0,,RPUNMLLKIINFFAW86CA
金寧鄉,土地,寧湖一劃段1~30地號,70.74,農,,,1070928,土地1建物0車位0,,,其他,,,,0.0,0,0,0,有,無,799362,11300,,0.0,0,,RPTNMLPKIINFFAW17CA
金寧鄉,土地,寧湖一劃段1~30地號,61.05,農,,,1070928,土地1建物0車位0,,,其他,,,,0.0,0,0,0,有,無,689865,11300,,0.0,0,,RPUNMLPKIINFFAW27CA
金寧鄉,土地,寧北一劃段271~300地號,1957.22,農,,,1070930,土地2建物0車位0,,,其他,,,,0.0,0,0,0,有,無,5400000,2759,,0.0,0,,RPQNMLSJIINFFAW07CA
金沙鎮,土地,洋山測段571~600地號,681.41,農,,,1070920,土地1建物0車位0,,,其他,,,,0.0,0,0,0,有,無,600000,881,,0.0,0,,RPRNMLSJIINFFAW17CA
金寧鄉,土地,后沙劃測段211~240地號,457.96,其他,,,1070831,土地1建物0車位0,,,其他,,,,0.0,0,0,0,有,無,1650000,3603,,0.0,0,,RPSNMLTJIINFFAW37CA
金湖鎮,土地,新頭段721~750地號,1173.37,其他,,,1070831,土地2建物0車位0,,,其他,,,,0.0,0,0,0,有,無,84000000,71589,,0.0,0,受債權債務影響或債務抵償之交易。;,RPPNMLPKJINFFAW86CA
金寧鄉,土地,鎮西段301~330地號,1011.87,農,,,1071008,土地1建物0車位0,,,其他,,,,0.0,0,0,0,有,無,4500000,4447,,0.0,0,,RPUNMLRKIINFFAW57DA
金城鎮,土地,金門城測段211~240地號,692.43,其他,,,1070912,土地1建物0車位0,,,其他,,,,0.0,0,0,0,有,無,23000000,33216,,0.0,0,包含公共設施保留地之交易。;,RPQOMLSKIINFFAW27CA
金寧鄉,土地,后沙劃測段181~210地號,699.99,農,,,1070831,土地1建物0車位0,,,其他,,,,0.0,0,0,0,有,無,2100000,3000,,0.0,0,,RPTNMLTJIINFFAW47CA
金湖鎮,房地(土地+建物),金門縣金湖鎮林兜301~330號,106.25,其他,,,1070928,土地2建物1車位0,全,三層,透天厝,住家用,鋼筋混凝土造,1070327,185.67,4,2,4,有,無,11600000,62476,,0.0,0,,RPSNMLQKIINFFAW17CA
金城鎮,房地(土地+建物),金門縣金城鎮金門城91~120號,34.51,其他,,,1071001,土地1建物1車位0,二層,五層,公寓(5樓含以下無電梯),見其他登記事項,鋼筋混凝土造,1070202,83.29,3,2,2,有,無,4880000,58590,,0.0,0,,RPRNMLNLIINFFAW86CA
金湖鎮,房地(土地+建物)+車位,金門縣金湖鎮環島南路五段165巷6弄1~30號,118.2,其他,,,1070913,土地1建物1車位1,全,三層,透天厝,見其他登記事項,鋼筋混凝土造,1070514,267.21,5,2,4,有,有,9400000,35178,坡道平面,39.24,0,土地及建物分次登記案件。前案土地登記收件字號：;,RPQNMLQLIINFFAW07CA
金湖鎮,房地(土地+建物)+車位,金門縣金湖鎮環島南路五段165巷3弄1~30號,116.52,其他,,,1070913,土地1建物1車位3,全,三層,透天厝,見其他登記事項,鋼筋混凝土造,1070514,342.54,5,2,4,有,有,11000000,32113,坡道平面,117.72,0,土地及建物分次登記案件。前案土地登記收件字號：;,RPRNMLQLIINFFAW17CA
金湖鎮,房地(土地+建物)+車位,金門縣金湖鎮環島南路五段165巷2弄1~30號,125.53,其他,,,1070913,土地1建物1車位2,全,三層,透天厝,見其他登記事項,鋼筋混凝土造,1070514,320.76,5,2,4,有,有,10000000,31176,坡道平面,78.48,0,土地及建物分次登記案件。前案土地登記收件字號：;,RPSNMLQJJINFFAW17CA
金城鎮,房地(土地+建物),金門縣金城鎮小西門31~60號,168.94,其他,,,1071003,土地5建物1車位0,全,三層,透天厝,住家用,鋼筋混凝土造,1001004,168.44,4,1,3,有,無,12000000,71242,,0.0,0,,RPPNMLMLIINFFAW66DA
金寧鄉,土地,機場段451~480地號,1310.05,農,,,1070823,土地4建物0車位0,,,其他,,,,0.0,0,0,0,有,無,300000,229,,0.0,0,親友、員工或其他特殊關係間之交易。;親友交易,RPRNMLPKIINFFAW07DA
金沙鎮,土地,沙港劃段31~60地號,172.05,農,,,1071003,土地2建物0車位0,,,其他,,,,0.0,0,0,0,有,無,2500000,14531,,0.0,0,含增建或未登記建物。;,RPSNMLPKIINFFAW17DA
金湖鎮,土地,尚義段781~810地號,769.12,農,,,1070914,土地2建物0車位0,,,其他,,,,0.0,0,0,0,有,無,2750000,3576,,0.0,0,,RPTNMLQLIINFFAW37CA
金湖鎮,土地,夏興段1321~1350地號,107.0,其他,,,1070920,土地1建物0車位0,,,其他,,,,0.0,0,0,0,有,無,2500000,23364,,0.0,0,,RPROMLSKIINFFAW37CA
金城鎮,房地(土地+建物),金門縣金城鎮西海路35巷1~30號,374.0,農,,,1071005,土地1建物1車位0,全,三層,透天厝,農舍,鋼筋混凝土造,1020918,332.51,9,4,10,有,無,18000000,54134,,0.0,0,,RPXNMLQKIINFFAW67CA
金城鎮,房地(土地+建物),金門縣金城鎮珠浦南路74巷1~30號,33.78,住,,,1070921,土地1建物1車位0,五層,五層,華廈(10層含以下有電梯),見其他登記事項,鋼筋混凝土造,1000705,85.08,3,1,2,有,無,7500000,88152,,0.0,0,,RPPNMLQKIINFFAW96DA
金城鎮,房地(土地+建物),金門縣金城鎮小西門31~60號,34.71,其他,,,1070926,土地1建物1車位0,二層,三層,公寓(5樓含以下無電梯),見其他登記事項,鋼筋混凝土造,1070713,64.00999999999999,2,1,1,有,無,3650000,57022,,0.0,0,,RPPNMLTKIINFFAW17CA
金寧鄉,土地,嚨口村段31~60地號,28.0,其他,,,1071011,土地1建物0車位0,,,其他,,,,0.0,0,0,0,有,無,600000,21429,,0.0,0,,RPPNMLSKIINFFAW07CA
金寧鄉,房地(土地+建物),金門縣金寧鄉下堡211~240號,62.01,其他,,,1070910,土地1建物1車位0,二層,三層,公寓(5樓含以下無電梯),見其他登記事項,鋼筋混凝土造,1061116,99.67,3,2,2,有,無,5560000,55784,,0.0,0,土地及建物分次登記案件。前案土地登記收件字號：;,RPRNMLSKIINFFAW27CA
金城鎮,土地,延平段721~750地號,985.49,農,,,1070927,土地1建物0車位0,,,其他,,,,0.0,0,0,0,有,無,8100000,8219,,0.0,0,,RPQNMLMLIINFFAW66CA
金城鎮,房地(土地+建物),金門縣金城鎮小西門31~60號,34.81,其他,,,1070926,土地1建物1車位0,三層,三層,公寓(5樓含以下無電梯),見其他登記事項,鋼筋混凝土造,1070713,66.59,2,1,1,有,無,3750000,56315,,0.0,0,土地及建物分次登記案件。前案土地登記收件字號：;,RPWNMLSKIINFFAW77CA
金城鎮,房地(土地+建物),金門縣金城鎮小西門31~60號,34.81,其他,,,1070926,土地1建物1車位0,二層,三層,公寓(5樓含以下無電梯),見其他登記事項,鋼筋混凝土造,1070713,66.59,2,1,1,有,無,3700000,55564,,0.0,0,土地及建物分次登記案件。前案土地登記收件字號：;,RPPOMLSKIINFFAW17CA
金城鎮,房地(土地+建物),金門縣金城鎮小西門31~60號,34.71,其他,,,1070926,土地1建物1車位0,三層,三層,公寓(5樓含以下無電梯),見其他登記事項,鋼筋混凝土造,1070713,64.00999999999999,2,1,1,有,無,3800000,59366,,0.0,0,土地及建物分次登記案件。前案土地登記收件字號：;,RPTNMLSKIINFFAW47CA
金城鎮,房地(土地+建物),金門縣金城鎮小西門31~60號,32.45,其他,,,1070926,土地1建物1車位0,一層,三層,公寓(5樓含以下無電梯),見其他登記事項,鋼筋混凝土造,1070713,60.03,2,1,1,有,無,4120000,68632,,0.0,0,,RPUNMLSKIINFFAW57CA
金湖鎮,土地,湖后劃段241~270地號,1000.0,農,,,1070806,土地1建物0車位0,,,其他,,,,0.0,0,0,0,有,無,3700000,3700,,0.0,0,親友、員工或其他特殊關係間之交易。;,RPQNMLOKJINFFAW86CA
金寧鄉,土地,西堡劃測段271~300地號,1260.03,農,,,1070917,土地1建物0車位0,,,其他,,,,0.0,0,0,0,有,無,4500000,3571,,0.0,0,,RPQNMLTKIINFFAW27CA
金湖鎮,房地(土地+建物),金門縣金湖鎮市港五路121~150號,16.49,商,,,1070910,土地1建物1車位0,五層,十層,華廈(10層含以下有電梯),見其他登記事項,鋼筋混凝土造,1051206,117.35,3,1,2,有,無,7350000,62633,,0.0,0,土地及建物分次登記案件。前案土地登記收件字號：;,RPTNMLNLIINFFAW07CA
金湖鎮,房地(土地+建物),金門縣金湖1~30號,118.58,工,,,1070904,土地1建物1車位0,二層,五層,工廠,見其他登記事項,鋼筋混凝土造,1070522,282.96000000000004,0,0,0,無,無,8990000,,,0.0,0,土地及建物分次登記案件。前案土地登記收件字號：;,RPVNMLNLIINFFAW27CA
金寧鄉,土地,西堡劃測段241~270地號,600.02,農,,,1071015,土地2建物0車位0,,,其他,,,,0.0,0,0,0,有,無,1725000,2875,,0.0,0,,RPXNMLNLIINFFAW47CA
金沙鎮,土地,榮湖段691~720地號,403.4,農,,,1071009,土地1建物0車位0,,,其他,,,,0.0,0,0,0,有,無,350000,868,,0.0,0,,RPUNMLQLIINFFAW47CA
金寧鄉,建物,金門縣金寧鄉西浦頭1~30號,0.0,,,,1071008,土地0建物1車位0,三層,三層,公寓(5樓含以下無電梯),見其他登記事項,鋼筋混凝土造,1060908,92.24,3,2,2,有,無,5600000,60711,,0.0,0,建商與地主合建案。;,RPOOMLPLIINFFAW86CA
金湖鎮,土地,瓊林段601~630地號,1576.53,其他,,,1071001,土地1建物0車位0,,,其他,,,,0.0,0,0,0,有,無,8800000,5582,,0.0,0,,RPQNMLTLIINFFAW37CA
金寧鄉,建物,金門縣金寧鄉西浦頭1~30號,0.0,,,,1071008,土地0建物1車位0,三層,三層,公寓(5樓含以下無電梯),見其他登記事項,鋼筋混凝土造,1060908,92.24,3,2,2,有,無,5500000,59627,,0.0,0,建商與地主合建案。;,RPQNMLLMIINFFAW66CA
金城鎮,房地(土地+建物),金門縣金城鎮浴井31~60號,41.79,其他,,,1070916,土地1建物1車位0,一層,三層,公寓(5樓含以下無電梯),見其他登記事項,鋼筋混凝土造,1060807,74.83000000000001,3,2,2,有,無,5160000,68956,,0.0,0,,RPWNMLPLIINFFAW57CA
金城鎮,房地(土地+建物)+車位,金門縣金城鎮民權路226巷2弄1~30號,31.06,住,,,1070910,土地2建物1車位2,九層,十一層,住宅大樓(11層含以上有電梯),見其他登記事項,鋼筋混凝土造,1051104,232.46,4,2,2,有,無,17500000,96718,坡道平面,72.2,2000000,土地及建物分次登記案件。前案土地登記收件字號：;,RPROMLQLIINFFAW27CA
金城鎮,房地(土地+建物)+車位,金門縣金城鎮民權路226巷2弄1~30號,31.06,住,,,1070719,土地2建物1車位1,八層,十一層,住宅大樓(11層含以上有電梯),見其他登記事項,鋼筋混凝土造,1051104,197.20999999999998,4,2,2,有,無,17300000,101173,坡道平面,36.1,1000000,土地及建物分次登記案件。前案土地登記收件字號：;,RPSOMLQLIINFFAW37CA
金寧鄉,房地(土地+建物),金門縣金寧鄉下埔下301~330號,55.79,農,,,1070921,土地1建物1車位0,一層,三層,公寓(5樓含以下無電梯),見其他登記事項,鋼筋混凝土造,1011207,105.0,3,2,3,有,無,7200000,68571,,0.0,0,,RPRNMLPLIINFFAW17DA
金寧鄉,房地(土地+建物),金門縣金寧鄉埔邊31~60號,65.19,其他,,,1071001,土地1建物1車位0,二層,三層,公寓(5樓含以下無電梯),見其他登記事項,鋼筋混凝土造,1021227,114.39,3,2,2,有,無,7900000,69062,,0.0,0,,RPTNMLPLIINFFAW27CA
烈嶼鄉,土地,龍骨山測段871~900地號,1837.07,農,,,1071018,土地1建物0車位0,,,其他,,,,0.0,0,0,0,有,無,8600000,4681,,0.0,0,,RPPOMLPLIINFFAW96CA
金湖鎮,房地(土地+建物),金門縣金湖鎮市港五路151~180號,13.53,住,,,1071012,土地1建物1車位0,五層,九層,華廈(10層含以下有電梯),見其他登記事項,鋼筋混凝土造,1051123,89.23,2,2,1,有,無,6050000,67802,,0.0,0,土地及建物分次登記案件。前案土地登記收件字號：;,RPQNMLKMIINFFAW56CA
金沙鎮,房地(土地+建物),金門縣金沙鎮陽翟121~150號,43.83,其他,,,1071015,土地1建物1車位0,二層,三層,華廈(10層含以下有電梯),見其他登記事項,鋼筋混凝土造,1060324,96.1,3,2,2,有,無,4660000,48491,,0.0,0,,RPPNMLLJJINFFAW98CA
金湖鎮,房地(土地+建物),金門縣金湖鎮市港五路121~150號,19.89,商,,,1071008,土地1建物1車位0,四層,十層,華廈(10層含以下有電梯),見其他登記事項,鋼筋混凝土造,1051206,141.26,3,2,2,有,無,9000000,63712,,0.0,0,土地及建物分次登記案件。前案土地登記收件字號：;,RPSNMLTLIINFFAW57CA
金寧鄉,土地,北二三劃測段691~720地號,1000.09,農,,,1071001,土地1建物0車位0,,,其他,,,,0.0,0,0,0,有,無,6500000,6499,,0.0,0,,RPPNMLTLIINFFAW27CA
金湖鎮,房地(土地+建物),金門縣金湖鎮林兜361~390號,100.44,其他,,,1071011,土地2建物1車位0,全,三層,透天厝,住家用,鋼筋混凝土造,1070327,185.67,4,3,4,有,無,10600000,57091,,0.0,0,,RPPNMLMKJINFFAW56CA
金湖鎮,房地(土地+建物),金門縣金湖鎮林兜301~330號,100.09,其他,,,1071011,土地2建物1車位0,全,三層,透天厝,住家用,鋼筋混凝土造,1070327,185.26,4,3,4,有,無,7600000,41023,,0.0,0,,RPQNMLMKJINFFAW66CA
金城鎮,房地(土地+建物),金門縣金城鎮浴井31~60號,43.23,其他,,,1070922,土地1建物1車位0,一層,三層,公寓(5樓含以下無電梯),見其他登記事項,鋼筋混凝土造,1060807,76.39,3,2,2,有,無,4700000,61526,,0.0,0,,RPVNMLPLIINFFAW47CA
金寧鄉,房地(土地+建物),金門縣金寧鄉盤山村頂堡61~90號,85.81,住,,,1071016,土地1建物1車位0,一層,三層,公寓(5樓含以下無電梯),見其他登記事項,鋼筋混凝土造,1040112,97.27,3,2,2,有,無,5600000,57572,,0.0,0,,RPRNMLMJJINFFAW76DA
金湖鎮,房地(土地+建物),金門縣金湖鎮環島南路五段121~150號,59.64,其他,,,1070814,土地1建物1車位0,二層,三層,公寓(5樓含以下無電梯),見其他登記事項,鋼筋混凝土造,1061117,105.16,3,2,2,有,無,5700000,54203,,0.0,0,,RPTOMLQLIINFFAW47CA
金湖鎮,房地(土地+建物),金門縣金湖1~30號,114.15,工,,,1070904,土地1建物1車位0,一層,五層,工廠,見其他登記事項,鋼筋混凝土造,1070522,272.56,0,0,0,無,無,13150000,,,0.0,0,土地及建物分次登記案件。前案土地登記收件字號：;,RPVOMLQLIINFFAW67CA
金城鎮,房地(土地+建物),金門縣金城鎮西海路三段22巷23弄1~30號,54.5,農,,,1070913,土地2建物1車位0,二層,三層,公寓(5樓含以下無電梯),住家用,鋼筋混凝土加強磚造,0840517,92.6,3,2,2,有,無,3800000,41037,,0.0,0,,RPVNMLKMIINFFAW07CA
金湖鎮,房地(土地+建物),金門縣金湖鎮市港五路121~150號,19.89,商,,,1071016,土地1建物1車位0,五層,十層,華廈(10層含以下有電梯),見其他登記事項,鋼筋混凝土造,1051206,141.26,3,2,2,有,無,9650000,68314,,0.0,0,土地及建物分次登記案件。前案土地登記收件字號：;,RPUNMLTLIINFFAW77CA
金湖鎮,土地,北五劃段211~240地號,953.01,農,,,1071001,土地1建物0車位0,,,其他,,,,0.0,0,0,0,有,無,4300000,4512,,0.0,0,,RPSNMLLJJINFFAW66CA
金湖鎮,房地(土地+建物),金門縣金湖鎮市港五路151~180號,13.53,住,,,1070921,土地1建物1車位0,七層,九層,華廈(10層含以下有電梯),見其他登記事項,鋼筋混凝土造,1051123,89.23,2,2,1,有,無,6290000,70492,,0.0,0,土地及建物分次登記案件。前案土地登記收件字號：;,RPSNMLKMIINFFAW76CA
金沙鎮,土地,官嶼劃段61~90地號,1853.16,農,,,1071018,土地3建物0車位0,,,其他,,,,0.0,0,0,0,有,無,4200000,2266,,0.0,0,,RPTNMLKMIINFFAW86CA
金寧鄉,土地,北二三劃測段331~360地號,783.98,農,,,1070928,土地1建物0車位0,,,其他,,,,0.0,0,0,0,有,無,3920000,5000,,0.0,0,,RPUNMLKMIINFFAW96CA
金湖鎮,房地(土地+建物),金門縣金湖鎮林兜301~330號,100.69,其他,,,1071011,土地2建物1車位0,全,三層,透天厝,住家用,鋼筋混凝土造,1070327,185.67,4,3,4,有,無,7600000,40933,,0.0,0,,RPRNMLMKJINFFAW76CA
金湖鎮,房地(土地+建物),金門縣金湖鎮林兜301~330號,120.22,其他,,,1071011,土地2建物1車位0,全,三層,透天厝,住家用,鋼筋混凝土造,1070327,185.67,4,3,4,有,無,7600000,40933,,0.0,0,,RPSNMLMKJINFFAW86CA
金湖鎮,房地(土地+建物),金門縣金湖鎮林兜301~330號,100.09,其他,,,1071011,土地2建物1車位0,全,三層,透天厝,住家用,鋼筋混凝土造,1070327,185.67,4,3,4,有,無,7600000,40933,,0.0,0,,RPTNMLMKJINFFAW96CA
金城鎮,土地,燕南山段811~840地號,945.69,農,,,1071004,土地1建物0車位0,,,其他,,,,0.0,0,0,0,有,無,3800000,4018,,0.0,0,,RPQNMLMJJINFFAW56CA
金湖鎮,房地(土地+建物),金門縣金湖鎮林兜331~360號,103.28,其他,,,1071011,土地2建物1車位0,全,三層,透天厝,住家用,鋼筋混凝土造,1070327,185.26,4,3,4,有,無,7600000,41023,,0.0,0,,RPRNMLOKJINFFAW96CA
金湖鎮,房地(土地+建物),金門縣金湖鎮市港三路241~270號,25.98,住,,,1071018,土地1建物1車位0,六層,七層,華廈(10層含以下有電梯),見其他登記事項,鋼筋混凝土造,1061213,115.53999999999999,3,2,2,有,無,6400000,55392,,0.0,0,,RPTNMLKLJINFFAW86CA
金湖鎮,房地(土地+建物),金門縣金湖鎮林兜301~330號,100.69,其他,,,1071017,土地2建物1車位0,全,三層,透天厝,住家用,鋼筋混凝土造,1070327,185.26,4,3,4,有,無,7600000,41023,,0.0,0,,RPSNMLOKJINFFAW07CA
金湖鎮,房地(土地+建物),金門縣金湖鎮林兜301~330號,100.53,其他,,,1071017,土地2建物1車位0,全,三層,透天厝,住家用,鋼筋混凝土造,1070327,185.26,4,3,4,有,無,7600000,41023,,0.0,0,,RPTNMLOKJINFFAW17CA
金湖鎮,房地(土地+建物),金門縣金湖鎮林兜301~330號,111.12,其他,,,1071017,土地2建物1車位0,全,三層,透天厝,住家用,鋼筋混凝土造,1070327,185.67,4,3,4,有,無,8600000,46319,,0.0,0,,RPUNMLOKJINFFAW27CA
金湖鎮,房地(土地+建物),金門縣金湖鎮林兜301~330號,100.37,其他,,,1071017,土地2建物1車位0,全,三層,透天厝,住家用,鋼筋混凝土造,1070327,184.13,4,3,4,有,無,8600000,46706,,0.0,0,,RPVNMLOKJINFFAW37CA
金沙鎮,土地,浯坑劃測段91~120地號,550.04,農,,,1071015,土地2建物0車位0,,,其他,,,,0.0,0,0,0,有,無,2500000,4545,,0.0,0,,RPTNMLLJJINFFAW76CA
金寧鄉,土地,東洲段661~690地號,472.2,農,,,1071011,土地1建物0車位0,,,其他,,,,0.0,0,0,0,有,無,2250000,4765,,0.0,0,,RPPNMLMJJINFFAW09CA
金湖鎮,房地(土地+建物),金門縣金湖鎮市港五路151~180號,8.56,住,,,1071002,土地1建物1車位0,六層,九層,華廈(10層含以下有電梯),見其他登記事項,鋼筋混凝土造,1051123,56.089999999999996,1,1,1,有,無,3910000,69709,,0.0,0,土地及建物分次登記案件。前案土地登記收件字號：;,RPRNMLLJJINFFAW56CA
金湖鎮,房地(土地+建物)+車位,金門縣金湖鎮環島南路五段165巷7弄1~30號,68.68,其他,,,1071015,土地1建物1車位1,三層,三層,公寓(5樓含以下無電梯),見其他登記事項,鋼筋混凝土造,1070514,173.92000000000002,3,2,2,有,有,5200000,29899,坡道平面,39.24,0,,RPWNMLOKJINFFAW47CA
金城鎮,土地,后豐港段331~360地號,610.91,其他,,,1071011,土地3建物0車位0,,,其他,,,,0.0,0,0,0,有,無,4200000,6875,,0.0,0,,RPSNMLPJJINFFAW07CA
金湖鎮,土地,尚義段361~390地號,1191.44,其他,,,1071001,土地3建物0車位0,,,其他,,,,0.0,0,0,0,有,無,2000000,1679,,0.0,0,,RPUNMLTLJINFFAW87CA
金城鎮,土地,古崗村測段421~450地號,212.16,住,,,1071023,土地1建物0車位0,,,其他,,,,0.0,0,0,0,有,無,5000000,23567,,0.0,0,,RPSNMLRJJINFFAW27CA
烈嶼鄉,土地,西方劃測段721~750地號,500.0,農,,,1071001,土地1建物0車位0,,,其他,,,,0.0,0,0,0,有,無,1800000,3600,,0.0,0,,RPRNMLNKJINFFAW86CA
金湖鎮,車位,金門縣金湖鎮環島南路五段165巷5弄1~30號,0.0,,,,1071018,土地0建物0車位1,,,其他,,,,0.0,0,0,0,有,有,400000,,坡道平面,39.24,400000,單獨車位交易。;,RPTNMLTLJINFFAW77CA
金湖鎮,土地,湖前段1~30地號,238.24,其他,,,1070907,土地2建物0車位0,,,其他,,,,0.0,0,0,0,有,無,3561763,14950,,0.0,0,,RPPNMLPJJINFFAW86DA
金湖鎮,土地,湖前段1~30地號,238.24,其他,,,1070907,土地2建物0車位0,,,其他,,,,0.0,0,0,0,有,無,3561763,14950,,0.0,0,,RPQNMLPJJINFFAW96DA
金寧鄉,土地,中山林段91~120地號,748.43,其他,,,1071022,土地1建物0車位0,,,其他,,,,0.0,0,0,0,有,無,7858515,10500,,0.0,0,,RPPNMLQJJINFFAW96DA
金城鎮,土地,中一段31~60地號,207.69,農,,,1071101,土地1建物0車位0,,,其他,,,,0.0,0,0,0,有,無,300000,1444,,0.0,0,,RPRNMLRJJINFFAW27DA
金城鎮,房地(土地+建物),金門縣金寧鄉伯玉路一段236巷1弄1~30號,648.77,其他,,,1071001,土地2建物1車位0,一層，二層，三層,三層,農舍,見其他登記事項,鋼筋混凝土造,1020618,184.98,5,2,4,有,無,12500000,,,0.0,0,,RPWNMLKMJINFFAW27CA
金湖鎮,房地(土地+建物),金門縣金湖鎮市港五路151~180號,8.85,住,,,1070927,土地1建物1車位0,六層,九層,華廈(10層含以下有電梯),見其他登記事項,鋼筋混凝土造,1051123,55.68,1,1,1,有,無,3890000,69864,,0.0,0,土地及建物分次登記案件。前案土地登記收件字號：;,RPRNMLQJJINFFAW07CA
金寧鄉,土地,安西劃段781~810地號,461.44,農,,,1071101,土地1建物0車位0,,,其他,,,,0.0,0,0,0,有,無,3300000,7152,,0.0,0,,RPTNMLQJJINFFAW27CA
金寧鄉,土地,西堡劃測段181~210地號,251.06,農,,,1071021,土地1建物0車位0,,,其他,,,,0.0,0,0,0,有,無,803392,3200,,0.0,0,,RPXNMLOKJINFFAW57CA
金湖鎮,房地(土地+建物),金門縣金湖鎮市港一路241~270號,32.52,其他,,,1070917,土地1建物1車位0,三層,三層,公寓(5樓含以下無電梯),見其他登記事項,鋼筋混凝土造,1040429,76.91,3,1,2,有,無,6000000,78013,,0.0,0,,RPQNMLKMJINFFAW66CA
金湖鎮,房地(土地+建物),金門縣金湖1~30號,118.58,其他,,,1070929,土地1建物1車位0,四層,五層,工廠,見其他登記事項,鋼筋混凝土造,1070522,283.22,0,0,0,無,無,15340000,,,0.0,0,土地及建物分次登記案件。前案土地登記收件字號：;,RPQNMLSJJINFFAW17CA
金湖鎮,房地(土地+建物),金門縣金湖1~30號,118.58,其他,,,1070929,土地1建物1車位0,二層,五層,工廠,見其他登記事項,鋼筋混凝土造,1070522,283.22,0,0,0,無,無,17990000,,,0.0,0,土地及建物分次登記案件。前案土地登記收件字號：;,RPSNMLSJJINFFAW37CA
金寧鄉,土地,長寮段61~90地號,737.9,其他,,,1071029,土地3建物0車位0,,,其他,,,,0.0,0,0,0,有,無,13050000,17685,,0.0,0,,RPPNMLOKJINFFAW86DA
金寧鄉,土地,西山段661~690地號,495.24,其他,,,1071030,土地3建物0車位0,,,其他,,,,0.0,0,0,0,有,無,10000000,20192,,0.0,0,,RPSNMLTLJINFFAW77DA
金湖鎮,房地(土地+建物),金門縣金湖鎮山外31~60號,74.26,商,,,1071101,土地1建物1車位0,全,二層,透天厝,見其他登記事項,鋼筋混凝土造,0690429,132.86,4,2,5,有,無,10300000,77525,,0.0,0,含增建或未登記建物。;,RPPOMLTLJINFFAW57DA
金城鎮,房地(土地+建物),金門縣金城鎮西湖路1~30號,443.34,農,,,1071011,土地1建物1車位0,一層，二層，屋頂突出物,二層,農舍,農舍,鋼筋混凝土造,1020702,295.58,8,2,6,有,無,13600000,,,0.0,0,,RPPNMLNKJINFFAW66CA
金沙鎮,土地,北九十劃段151~180地號,981.86,農,,,1071101,土地1建物0車位0,,,其他,,,,0.0,0,0,0,有,無,2850000,2903,,0.0,0,,RPSNMLNJKINFFAW96CA
金沙鎮,土地,北九十劃段121~150地號,3023.93,農,,,1071101,土地5建物0車位0,,,其他,,,,0.0,0,0,0,有,無,7200000,2381,,0.0,0,,RPTNMLNJKINFFAW07CA
金沙鎮,土地,官澳段1531~1560地號,349.0,其他,,,1071101,土地1建物0車位0,,,其他,,,,0.0,0,0,0,有,無,2443000,7000,,0.0,0,,RPUNMLNJKINFFAW17CA
金寧鄉,土地,寧古劃段1441~1470地號,1167.0,農,,,1071019,土地2建物0車位0,,,其他,,,,0.0,0,0,0,有,無,1000000,857,,0.0,0,,RPUNMLMKJINFFAW07CA
