﻿編號,屋齡,建物移轉面積平方公尺,主要用途,主要建材,建築完成日期,總層數,建物分層
The serial number,room age,building shifting area square meter,the main use,main building materials,construction completes the date,total layer,building lamination
RPPNMLRKQHNFFAX77CA,78,75.60,住家用,見其他登記事項,29年1月1日,一層,一層
RPUNMLSLRHNFFAX58CA,,101.35,見其他登記事項,鋼筋混凝土造,107年6月1日,五層,五層
RPUNMLSLRHNFFAX58CA,,45.93,見其他登記事項,鋼筋混凝土造,107年6月1日,五層,
RPTNMLSLRHNFFAX48CA,,101.59,見其他登記事項,鋼筋混凝土造,107年6月1日,五層,三層
RPTNMLSLRHNFFAX48CA,,45.93,見其他登記事項,鋼筋混凝土造,107年6月1日,五層,
RPSNMLSLRHNFFAX38CA,,101.35,見其他登記事項,鋼筋混凝土造,107年6月1日,五層,二層
RPSNMLSLRHNFFAX38CA,,45.93,見其他登記事項,鋼筋混凝土造,107年6月1日,五層,
RPVNMLSLRHNFFAX68CA,,101.35,見其他登記事項,鋼筋混凝土造,107年6月1日,五層,四層
RPVNMLSLRHNFFAX68CA,,45.93,見其他登記事項,鋼筋混凝土造,107年6月1日,五層,
RPWNMLSLRHNFFAX78CA,,101.59,見其他登記事項,鋼筋混凝土造,107年6月1日,五層,五層
RPWNMLSLRHNFFAX78CA,,45.93,見其他登記事項,鋼筋混凝土造,107年6月1日,五層,
RPQNMLLLQHNFFAX37CA,12,106.29,見其他登記事項,鋼筋混凝土造,95年7月10日,十四層,三層
RPQNMLLLQHNFFAX37CA,12,67.26,共用部份,鋼筋混凝土造,95年7月10日,十四層,
RPXNMLOJRHNFFAX28CA,90,3.29,住家用,見其他登記事項,18年1月1日,一層,
RPPNMLLMQHNFFAX37CA,26,108.72,住家用,鋼筋混凝土造,81年12月2日,七層,六層
RPPNMLLMQHNFFAX37CA,26,33.17,見其他登記事項,鋼筋混凝土造,81年12月2日,七層,
RPRNMLTLQHNFFAX28CA,24,113.22,住家用,鋼筋混凝土造,83年5月9日,七層,六層
RPPNMLOLQHNFFAX57CA,37,116.60,住家用,鋼筋混凝土加強磚造,70年12月10日,三層,一層 二層 三層
RPXNMLSLRHNFFAX88CA,,101.35,見其他登記事項,鋼筋混凝土造,107年6月1日,五層,三層
RPXNMLSLRHNFFAX88CA,,45.93,見其他登記事項,鋼筋混凝土造,107年6月1日,五層,
RPRNMLRJRHNFFAX97CA,3,123.08,商業用,見其他登記事項,104年2月9日,一層,一層
RPPNMLSLQHNFFAX97CA,23,200.10,住家用,鋼筋混凝土造,85年1月12日,四層,一層 二層 三層 四層
SPRNMLRJRHNFFAX08CA,3,93.95,商業用,見其他登記事項,104年2月9日,一層,一層
RPRNMLPLRHNFFAX08DA,36,154.59,住商用,鋼筋混凝土造,71年7月2日,四層,一層 二層 三層 四層 地下層
RPPNMLTLQHNFFAX08CA,36,162.91,住商用,鋼筋混凝土造,71年7月2日,四層,一層 二層 三層 四層 地下層
RPPNMLNKRHNFFAX47CA,,33.82,見其他登記事項,鋼筋混凝土造,107年6月20日,九層,一層
RPPNMLNKRHNFFAX47CA,,112.53,共用部份,鋼筋混凝土造,107年6月20日,九層,
RPOOMLSLRHNFFAX08CA,,101.59,見其他登記事項,鋼筋混凝土造,107年6月1日,五層,四層
RPOOMLSLRHNFFAX08CA,,45.93,見其他登記事項,鋼筋混凝土造,107年6月1日,五層,
RPQNMLNKRHNFFAX57CA,,34.58,見其他登記事項,鋼筋混凝土造,107年6月20日,九層,一層
RPQNMLNKRHNFFAX57CA,,89.95,共用部份,鋼筋混凝土造,107年6月20日,九層,
RPRNMLNKRHNFFAX67CA,,39.04,見其他登記事項,鋼筋混凝土造,107年6月20日,九層,四層
RPRNMLNKRHNFFAX67CA,,23.55,共用部份,鋼筋混凝土造,107年6月20日,九層,
RPTNMLNKRHNFFAX87CA,,33.83,見其他登記事項,鋼筋混凝土造,107年6月20日,九層,四層
RPTNMLNKRHNFFAX87CA,,20.41,共用部份,鋼筋混凝土造,107年6月20日,九層,
RPXNMLNKRHNFFAX28CA,,39.04,見其他登記事項,鋼筋混凝土造,107年6月20日,九層,四層
RPXNMLNKRHNFFAX28CA,,23.55,共用部份,鋼筋混凝土造,107年6月20日,九層,
RPUNMLNKRHNFFAX97CA,,37.93,見其他登記事項,鋼筋混凝土造,107年6月20日,九層,四層
RPUNMLNKRHNFFAX97CA,,22.88,共用部份,鋼筋混凝土造,107年6月20日,九層,
RPVNMLNKRHNFFAX08CA,,33.83,見其他登記事項,鋼筋混凝土造,107年6月20日,九層,四層
RPVNMLNKRHNFFAX08CA,,20.41,共用部份,鋼筋混凝土造,107年6月20日,九層,
RPSNMLNKRHNFFAX77CA,,33.83,見其他登記事項,鋼筋混凝土造,107年6月20日,九層,四層
RPSNMLNKRHNFFAX77CA,,20.41,共用部份,鋼筋混凝土造,107年6月20日,九層,
RPSNMLLMQHNFFAX67CA,36,339.98,住商用,鋼筋混凝土加強磚造,71年2月22日,二層,一層 二層 電梯樓梯間
RPOOMLNKRHNFFAX47CA,,36.14,見其他登記事項,鋼筋混凝土造,107年6月20日,九層,四層
RPOOMLNKRHNFFAX47CA,,21.80,共用部份,鋼筋混凝土造,107年6月20日,九層,
RPWNMLNKRHNFFAX18CA,,33.83,見其他登記事項,鋼筋混凝土造,107年6月20日,九層,四層
RPWNMLNKRHNFFAX18CA,,20.41,共用部份,鋼筋混凝土造,107年6月20日,九層,
RPPOMLNKRHNFFAX57CA,,53.62,見其他登記事項,鋼筋混凝土造,107年6月20日,九層,九層
RPPOMLNKRHNFFAX57CA,,101.43,共用部份,鋼筋混凝土造,107年6月20日,九層,
RPPNMLQLRHNFFAX87CA,41,81.96,住家用,鋼筋混凝土加強磚造,66年8月29日,二層,一層 二層 電梯樓梯間
RPROMLNKRHNFFAX77CA,,36.14,見其他登記事項,鋼筋混凝土造,107年6月20日,九層,二層
RPROMLNKRHNFFAX77CA,,21.80,共用部份,鋼筋混凝土造,107年6月20日,九層,
RPQOMLNKRHNFFAX67CA,,37.93,見其他登記事項,鋼筋混凝土造,107年6月20日,九層,二層
RPQOMLNKRHNFFAX67CA,,22.88,共用部份,鋼筋混凝土造,107年6月20日,九層,
RPTOMLNKRHNFFAX97CA,,33.83,見其他登記事項,鋼筋混凝土造,107年6月20日,九層,二層
RPTOMLNKRHNFFAX97CA,,20.41,共用部份,鋼筋混凝土造,107年6月20日,九層,
RPVOMLNKRHNFFAX18CA,,39.04,見其他登記事項,鋼筋混凝土造,107年6月20日,九層,二層
RPVOMLNKRHNFFAX18CA,,23.55,共用部份,鋼筋混凝土造,107年6月20日,九層,
RPSOMLNKRHNFFAX87CA,,31.79,見其他登記事項,鋼筋混凝土造,107年6月20日,九層,二層
RPSOMLNKRHNFFAX87CA,,19.18,共用部份,鋼筋混凝土造,107年6月20日,九層,
RPUOMLNKRHNFFAX08CA,,33.83,見其他登記事項,鋼筋混凝土造,107年6月20日,九層,三層
RPUOMLNKRHNFFAX08CA,,20.41,共用部份,鋼筋混凝土造,107年6月20日,九層,
RPWOMLNKRHNFFAX28CA,,33.52,見其他登記事項,鋼筋混凝土造,107年6月20日,九層,二層
RPWOMLNKRHNFFAX28CA,,20.23,共用部份,鋼筋混凝土造,107年6月20日,九層,
RPOPMLNKRHNFFAX57CA,,33.83,見其他登記事項,鋼筋混凝土造,107年6月20日,九層,二層
RPOPMLNKRHNFFAX57CA,,20.41,共用部份,鋼筋混凝土造,107年6月20日,九層,
RPPPMLNKRHNFFAX67CA,,33.83,見其他登記事項,鋼筋混凝土造,107年6月20日,九層,六層
RPPPMLNKRHNFFAX67CA,,20.41,共用部份,鋼筋混凝土造,107年6月20日,九層,
RPXOMLNKRHNFFAX38CA,,39.04,見其他登記事項,鋼筋混凝土造,107年6月20日,九層,二層
RPXOMLNKRHNFFAX38CA,,23.55,共用部份,鋼筋混凝土造,107年6月20日,九層,
RPTNMLPKRHNFFAX08CA,,36.14,見其他登記事項,鋼筋混凝土造,107年6月20日,九層,三層
RPTNMLPKRHNFFAX08CA,,21.80,共用部份,鋼筋混凝土造,107年6月20日,九層,
RPQNMLPKRHNFFAX77CA,,39.04,見其他登記事項,鋼筋混凝土造,107年6月20日,九層,三層
RPQNMLPKRHNFFAX77CA,,23.55,共用部份,鋼筋混凝土造,107年6月20日,九層,
RPRNMLPKRHNFFAX87CA,,33.83,見其他登記事項,鋼筋混凝土造,107年6月20日,九層,三層
RPRNMLPKRHNFFAX87CA,,20.41,共用部份,鋼筋混凝土造,107年6月20日,九層,
RPVNMLPKRHNFFAX28CA,,33.83,見其他登記事項,鋼筋混凝土造,107年6月20日,九層,三層
RPVNMLPKRHNFFAX28CA,,20.41,共用部份,鋼筋混凝土造,107年6月20日,九層,
RPUNMLPKRHNFFAX18CA,,37.93,見其他登記事項,鋼筋混凝土造,107年6月20日,九層,三層
RPUNMLPKRHNFFAX18CA,,22.88,共用部份,鋼筋混凝土造,107年6月20日,九層,
RPWNMLPKRHNFFAX38CA,,39.04,見其他登記事項,鋼筋混凝土造,107年6月20日,九層,三層
RPWNMLPKRHNFFAX38CA,,23.55,共用部份,鋼筋混凝土造,107年6月20日,九層,
RPXNMLPKRHNFFAX48CA,,39.04,見其他登記事項,鋼筋混凝土造,107年6月20日,九層,五層
RPXNMLPKRHNFFAX48CA,,23.55,共用部份,鋼筋混凝土造,107年6月20日,九層,
RPOOMLPKRHNFFAX67CA,,33.83,見其他登記事項,鋼筋混凝土造,107年6月20日,九層,五層
RPOOMLPKRHNFFAX67CA,,20.41,共用部份,鋼筋混凝土造,107年6月20日,九層,
RPROMLPKRHNFFAX97CA,,37.93,見其他登記事項,鋼筋混凝土造,107年6月20日,九層,五層
RPROMLPKRHNFFAX97CA,,22.88,共用部份,鋼筋混凝土造,107年6月20日,九層,
RPPOMLPKRHNFFAX77CA,,33.83,見其他登記事項,鋼筋混凝土造,107年6月20日,九層,五層
RPPOMLPKRHNFFAX77CA,,20.41,共用部份,鋼筋混凝土造,107年6月20日,九層,
RPUOMLPKRHNFFAX28CA,,39.04,見其他登記事項,鋼筋混凝土造,107年6月20日,九層,五層
RPUOMLPKRHNFFAX28CA,,23.55,共用部份,鋼筋混凝土造,107年6月20日,九層,
RPSNMLPKRHNFFAX97CA,,33.83,見其他登記事項,鋼筋混凝土造,107年6月20日,九層,三層
RPSNMLPKRHNFFAX97CA,,20.41,共用部份,鋼筋混凝土造,107年6月20日,九層,
RPWOMLPKRHNFFAX48CA,,33.83,見其他登記事項,鋼筋混凝土造,107年6月20日,九層,六層
RPWOMLPKRHNFFAX48CA,,20.39,共用部份,鋼筋混凝土造,107年6月20日,九層,
RPTOMLPKRHNFFAX18CA,,33.83,見其他登記事項,鋼筋混凝土造,107年6月20日,九層,五層
RPTOMLPKRHNFFAX18CA,,20.41,共用部份,鋼筋混凝土造,107年6月20日,九層,
RPSOMLPKRHNFFAX08CA,,33.83,見其他登記事項,鋼筋混凝土造,107年6月20日,九層,五層
RPSOMLPKRHNFFAX08CA,,20.41,共用部份,鋼筋混凝土造,107年6月20日,九層,
RPQOMLPKRHNFFAX87CA,,36.14,見其他登記事項,鋼筋混凝土造,107年6月20日,九層,五層
RPQOMLPKRHNFFAX87CA,,21.80,共用部份,鋼筋混凝土造,107年6月20日,九層,
RPXOMLPKRHNFFAX58CA,,33.83,見其他登記事項,鋼筋混凝土造,107年6月20日,九層,六層
RPXOMLPKRHNFFAX58CA,,20.39,共用部份,鋼筋混凝土造,107年6月20日,九層,
RPOPMLPKRHNFFAX77CA,,36.14,見其他登記事項,鋼筋混凝土造,107年6月20日,九層,六層
RPOPMLPKRHNFFAX77CA,,21.80,共用部份,鋼筋混凝土造,107年6月20日,九層,
RPQPMLPKRHNFFAX97CA,,33.83,見其他登記事項,鋼筋混凝土造,107年6月20日,九層,六層
RPQPMLPKRHNFFAX97CA,,20.39,共用部份,鋼筋混凝土造,107年6月20日,九層,
RPPPMLPKRHNFFAX87CA,,37.93,見其他登記事項,鋼筋混凝土造,107年6月20日,九層,六層
RPPPMLPKRHNFFAX87CA,,22.88,共用部份,鋼筋混凝土造,107年6月20日,九層,
RPVOMLPKRHNFFAX38CA,,39.04,見其他登記事項,鋼筋混凝土造,107年6月20日,九層,六層
RPVOMLPKRHNFFAX38CA,,23.55,共用部份,鋼筋混凝土造,107年6月20日,九層,
RPWPMLPKRHNFFAX58CA,,37.93,見其他登記事項,鋼筋混凝土造,107年6月20日,九層,七層
RPWPMLPKRHNFFAX58CA,,22.88,共用部份,鋼筋混凝土造,107年6月20日,九層,
RPSPMLPKRHNFFAX18CA,,39.04,見其他登記事項,鋼筋混凝土造,107年6月20日,九層,七層
RPSPMLPKRHNFFAX18CA,,23.55,共用部份,鋼筋混凝土造,107年6月20日,九層,
RPRPMLPKRHNFFAX08CA,,39.04,見其他登記事項,鋼筋混凝土造,107年6月20日,九層,六層
RPRPMLPKRHNFFAX08CA,,23.55,共用部份,鋼筋混凝土造,107年6月20日,九層,
RPVPMLPKRHNFFAX48CA,,36.14,見其他登記事項,鋼筋混凝土造,107年6月20日,九層,七層
RPVPMLPKRHNFFAX48CA,,21.80,共用部份,鋼筋混凝土造,107年6月20日,九層,
RPUPMLPKRHNFFAX38CA,,33.83,見其他登記事項,鋼筋混凝土造,107年6月20日,九層,七層
RPUPMLPKRHNFFAX38CA,,20.39,共用部份,鋼筋混凝土造,107年6月20日,九層,
RPOQMLPKRHNFFAX87CA,,33.83,見其他登記事項,鋼筋混凝土造,107年6月20日,九層,七層
RPOQMLPKRHNFFAX87CA,,20.39,共用部份,鋼筋混凝土造,107年6月20日,九層,
RPRQMLPKRHNFFAX18CA,,39.04,見其他登記事項,鋼筋混凝土造,107年6月20日,九層,八層
RPRQMLPKRHNFFAX18CA,,23.55,共用部份,鋼筋混凝土造,107年6月20日,九層,
RPSQMLPKRHNFFAX28CA,,33.83,見其他登記事項,鋼筋混凝土造,107年6月20日,九層,八層
RPSQMLPKRHNFFAX28CA,,20.39,共用部份,鋼筋混凝土造,107年6月20日,九層,
RPPQMLPKRHNFFAX97CA,,39.04,見其他登記事項,鋼筋混凝土造,107年6月20日,九層,七層
RPPQMLPKRHNFFAX97CA,,23.55,共用部份,鋼筋混凝土造,107年6月20日,九層,
RPTQMLPKRHNFFAX38CA,,33.83,見其他登記事項,鋼筋混凝土造,107年6月20日,九層,八層
RPTQMLPKRHNFFAX38CA,,20.39,共用部份,鋼筋混凝土造,107年6月20日,九層,
RPTPMLPKRHNFFAX28CA,,33.83,見其他登記事項,鋼筋混凝土造,107年6月20日,九層,七層
RPTPMLPKRHNFFAX28CA,,20.39,共用部份,鋼筋混凝土造,107年6月20日,九層,
RPUQMLPKRHNFFAX48CA,,36.14,見其他登記事項,鋼筋混凝土造,107年6月20日,九層,八層
RPUQMLPKRHNFFAX48CA,,21.80,共用部份,鋼筋混凝土造,107年6月20日,九層,
RPORMLPKRHNFFAX97CA,,39.04,見其他登記事項,鋼筋混凝土造,107年6月20日,九層,八層
RPORMLPKRHNFFAX97CA,,23.55,共用部份,鋼筋混凝土造,107年6月20日,九層,
RPVQMLPKRHNFFAX58CA,,37.93,見其他登記事項,鋼筋混凝土造,107年6月20日,九層,八層
RPVQMLPKRHNFFAX58CA,,22.88,共用部份,鋼筋混凝土造,107年6月20日,九層,
RPXPMLPKRHNFFAX68CA,,33.83,見其他登記事項,鋼筋混凝土造,107年6月20日,九層,七層
RPXPMLPKRHNFFAX68CA,,20.39,共用部份,鋼筋混凝土造,107年6月20日,九層,
RPXQMLPKRHNFFAX78CA,,33.83,見其他登記事項,鋼筋混凝土造,107年6月20日,九層,八層
RPXQMLPKRHNFFAX78CA,,20.39,共用部份,鋼筋混凝土造,107年6月20日,九層,
RPQNMLSKRHNFFAX08CA,20,106.59,住家用,鋼筋混凝土造,87年9月25日,七層,三層
RPQNMLSKRHNFFAX08CA,20,43.57,見其他登記事項,鋼筋混凝土造,87年9月25日,七層,
RPWQMLPKRHNFFAX68CA,,33.83,見其他登記事項,鋼筋混凝土造,107年6月20日,九層,八層
RPWQMLPKRHNFFAX68CA,,20.39,共用部份,鋼筋混凝土造,107年6月20日,九層,
RPQNMLOKRHNFFAX67CA,22,151.33,住家用,鋼筋混凝土造,85年3月8日,十層,六層
RPRNMLOKRHNFFAX77CA,12,114.38,見其他登記事項,鋼筋混凝土造,95年7月10日,十四層,十四層
RPVOMLSLRHNFFAX78CA,5,47.90,見其他登記事項,鋼筋混凝土造,102年12月5日,一層,一層
RPQPMLNKRHNFFAX77CA,39,69.78,住商用,鋼筋混凝土加強磚造,68年3月5日,二層,一層 二層 電梯樓梯間
RPTNMLPLRHNFFAX18CA,,240.45,住家用,鋼筋混凝土造,107年6月7日,三層,一層 二層 三層
RPXOMLMKRHNFFAX28CA,50,30.78,住商用,鋼筋混凝土加強空心磚造,57年6月10日,二層,一層 二層
RPSNMLPLRHNFFAX08CA,23,104.62,住家用,鋼筋混凝土造,85年2月2日,八層,五層
RPRNMLLKRHNFFAX47CA,56,4.97,住家用,見其他登記事項,51年5月19日,一層,一層
RPWQMLMKRHNFFAX38CA,42,60.80,住家用,鋼筋混凝土加強磚造,65年7月27日,二層,一層 二層
RPPOMLSLRHNFFAX18CA,,101.59,見其他登記事項,鋼筋混凝土造,107年6月1日,五層,二層
RPPOMLSLRHNFFAX18CA,,45.93,見其他登記事項,鋼筋混凝土造,107年6月1日,五層,
RPSNMLSLJHOFFAX67CA,24,86.81,住家用,鋼筋混凝土造,83年6月1日,七層,七層
RPSNMLSLJHOFFAX67CA,24,15.88,見其他登記事項,鋼筋混凝土造,83年6月1日,七層,
RPSNMLSLJHOFFAX67CA,24,6.48,見其他登記事項,鋼筋混凝土造,83年6月1日,七層,
RPRNMLTKRHNFFAX28CA,37,79.73,住家用,鋼筋混凝土造,70年8月20日,四層,四層 電梯樓梯間
RPRNMLTKRHNFFAX28CA,37,7.08,見其他登記事項,鋼筋混凝土造,70年8月20日,四層,
RPPNMLRLRHNFFAX97CA,1,264.23,住家用,鋼筋混凝土造,106年5月8日,四層,一層 二層 三層 四層 見其他登記事項
RPQNMLSJIINFFAX27DA,22,94.64,住家用,鋼筋混凝土造,85年3月8日,十層,九層
RPQNMLSJIINFFAX27DA,22,18.50,住家用,鋼筋混凝土造,85年3月8日,十層,九層
RPQNMLSJIINFFAX27DA,22,32.76,住家用,鋼筋混凝土造,85年3月8日,十層,九層
RPQNMLSJIINFFAX27DA,22,32.69,見其他登記事項,鋼筋混凝土造,85年3月8日,十層,
RPSNMLQLRHNFFAX28DA,37,78.98,住家用,鋼筋混凝土加強磚造,70年2月16日,二層,一層 二層 電梯樓梯間
RPRNMLSLJHOFFAX57CA,26,90.26,住家用,鋼筋混凝土加強磚造,81年9月3日,三層,一層 二層 三層
RPTOMLSLRHNFFAX68DA,21,205.26,住家用,鋼筋混凝土造,87年2月23日,三層,一層 二層 三層
RPQNMLPKIINFFAX96CA,22,25.06,見其他登記事項,鋼筋混凝土造,85年8月28日,十二層,四層
RPQNMLPKIINFFAX96CA,22,8.89,見其他登記事項,鋼筋混凝土造,85年8月28日,十二層,
RPRNMLSLRHNFFAX28CA,1,298.03,住家用,鋼筋混凝土造,106年7月5日,三層,一層 二層 三層 見其他登記事項
RPSNMLLJIINFFAX76DA,24,192.47,住家用,鋼筋混凝土造,83年5月25日,三層,一層 二層 三層 電梯樓梯間
RPPNMLPKIINFFAX86CA,22,26.39,見其他登記事項,鋼筋混凝土造,85年8月28日,十二層,四層
RPPNMLPKIINFFAX86CA,22,8.89,見其他登記事項,鋼筋混凝土造,85年8月28日,十二層,
RPRNMLRKIINFFAX27CA,18,125.75,住家用,加強磚造,90年2月2日,一層,一層
RPPNMLPJIINFFAX76CA,50,240.93,住商用,鋼筋混凝土加強空心磚造,57年7月5日,三層,一層 二層 三層
RPPNMLPJIINFFAX76CA,50,74.36,住商用,鋼筋混凝土加強空心磚造,57年7月5日,二層,一層 二層
RPVNMLQLIINFFAX67CA,23,109.67,住家用,鋼筋混凝土造,84年5月30日,四層,四層 夾層
RPVNMLQLIINFFAX67CA,23,19.12,見其他登記事項,鋼筋混凝土造,84年5月30日,四層,
RPUNMLLJIINFFAX86CA,1,272.11,住商用,鋼筋混凝土造,106年6月2日,四層,一層 二層 三層 四層 見其他登記事項
RPRNMLMJIINFFAX66CA,19,209.25,住家用,鋼筋混凝土造,88年7月7日,三層,一層 二層 三層 電梯樓梯間
RPRNMLOJIINFFAX86CA,40,67.12,住商用,鋼筋混凝土造,67年8月2日,三層,一層 二層 三層 地下層
RPTNMLQLIINFFAX47CA,21,96.01,住家用,鋼筋混凝土造,86年3月20日,七層,四層
RPTNMLQLIINFFAX47CA,21,31.24,住家用,鋼筋混凝土造,86年3月20日,七層,
RPQNMLLKIINFFAX76EA,39,68.32,住家用,鋼筋混凝土加強磚造,68年11月5日,二層,一層 二層 電梯樓梯間
RPPNMLTJIINFFAX17CA,,317.24,住家用,鋼筋混凝土造,107年8月27日,三層,一層 二層 三層 見其他登記事項
RPUNMLSKIINFFAX67CA,20,203.33,住家用,鋼筋混凝土造,87年7月2日,三層,一層 二層 三層 電梯樓梯間
RPRNMLLKIINFFAX66CA,25,117.95,住家用,鋼筋混凝土造,82年8月31日,七層,四層
RPRNMLLKIINFFAX66CA,25,34.34,見其他登記事項,鋼筋混凝土造,82年8月31日,七層,
RPPNMLTKIINFFAX27CA,22,108.85,住家用,鋼筋混凝土造,85年8月28日,十二層,三層
RPPNMLTKIINFFAX27CA,22,37.16,見其他登記事項,鋼筋混凝土造,85年8月28日,十二層,
RPPNMLLKIINFFAX09CA,34,145.80,住商用,鋼筋混凝土造,73年4月11日,三層,一層 二層 三層 電梯樓梯間 地下層
RPRNMLMLIINFFAX86CA,16,105.37,住家用,加強磚造,92年2月6日,二層,一層 二層
RPQNMLSKIINFFAX37DA,24,89.92,住家用,鋼筋混凝土造,83年12月27日,三層,
RPTNMLPJJINFFAX27CA,63,4.95,住家用,見其他登記事項,45年1月1日,一層,
RPUNMLQLIINFFAX57CA,22,250.62,住家用,鋼筋混凝土造,85年3月28日,三層,一層 二層 三層 電梯樓梯間 夾層
RPPNMLMLIINFFAX76DA,18,178.89,住家用,鋼筋混凝土造,89年5月6日,三層,一層 二層 三層
RPQNMLPLIINFFAX17DA,37,78.72,住家用,鋼筋混凝土加強磚造,70年1月12日,二層,一層 二層
RPPNMLTLIINFFAX37CA,12,101.58,見其他登記事項,鋼筋混凝土造,95年7月10日,十四層,十四層
RPPNMLTLIINFFAX37CA,12,71.69,共用部份,鋼筋混凝土造,95年7月10日,十四層,
RPSNMLLMIINFFAX07DA,,142.32,住家用,見其他登記事項,,一層,一層
RPRNMLRJJINFFAX27CA,9,143.09,住商用,鋼筋混凝土造,99年3月22日,三層,一層 二層 三層 電梯樓梯間
RPPNMLKMIINFFAX56CA,13,83.11,住家用,加強磚造,95年1月2日,二層,一層 二層
RPSNMLLJJINFFAX86DA,,621.40,住家用,鋼筋混凝土造,107年7月3日,四層,一層 二層 三層 四層 見其他登記事項
RPPNMLRJJINFFAX07CA,23,51.36,住家用,鋼筋混凝土造,85年2月15日,十層,三層
RPPNMLRJJINFFAX07CA,23,5.37,住家用,鋼筋混凝土造,85年2月15日,十層,
RPPNMLRJJINFFAX07CA,23,21.90,見其他登記事項,鋼筋混凝土造,85年2月15日,十層,
RPSNMLPJJINFFAX17CA,36,103.46,住家用,鋼筋混凝土加強磚造,71年12月11日,二層,一層 二層 電梯樓梯間
RPQNMLLJJINFFAX66DA,35,95.00,住家用,鋼筋混凝土加強磚造,72年4月20日,二層,一層 二層 電梯樓梯間
RPPNMLNJJINFFAX76DA,,278.80,住家用,鋼筋混凝土造,107年7月3日,四層,一層 二層 三層 四層
RPPNMLMKJINFFAX66CA,11,319.37,住商用,鋼筋混凝土造,97年1月22日,四層,一層 二層 三層 四層 見其他登記事項
