﻿鄉鎮市區,交易標的,土地區段位置/建物區段門牌,土地移轉總面積平方公尺,都市土地使用分區,非都市土地使用分區,非都市土地使用編定,交易年月日,交易筆棟數,移轉層次,總樓層數,建物型態,主要用途,主要建材,建築完成年月,建物移轉總面積平方公尺,建物現況格局-房,建物現況格局-廳,建物現況格局-衛,建物現況格局-隔間,有無管理組織,總價元,單價元/平方公尺,車位類別,車位移轉總面積平方公尺,車位總價元,備註,編號
The villages and towns urban district,transaction sign,land sector position/building sector house number plate,land shifting total area square meter,the use zoning or compiles and checks,the non-metropolis land use district,non-metropolis land use,transaction year, month and day,transaction pen number,shifting level,total floor number,building state,main use,main building materials,construction to complete the years,building shifting total area,Building present situation pattern - room,building present situation pattern - hall,building present situation pattern - health,building present situation pattern - compartmented,Whether there is manages the organization,total price Yuan,the unit price a Yuan/square meter,the berth category,berth shifting total area square meter,the berth total price Yuan,the note,serial number
鼓山區,房地(土地+建物),龍華段八小段2221~2250地號,7.16,商,,,1020901,土地1建物1車位0,三層,15,住宅大樓(11層含以上有電梯),住家用,,,83.64,0,0,0,無,無,5130000,61334,,0.0,0,,RPQPMLSJJIIFFAE77CB
鼓山區,房地(土地+建物),龍華段八小段2221~2250地號,6.5,商,,,1020901,土地1建物1車位0,二層,15,住宅大樓(11層含以上有電梯),住家用,見使用執照,,75.73,0,0,0,無,無,5250000,69325,,0.0,0,,RPSPMLSJJIIFFAE97CB
鼓山區,房地(土地+建物),龍華段八小段2221~2250地號,7.36,商,,,1020901,土地1建物1車位0,十二層,15,住宅大樓(11層含以上有電梯),住家用,見使用執照,,85.42,0,0,0,無,無,6050000,70827,,0.0,0,,RPTPMLSJJIIFFAE08CB
鼓山區,房地(土地+建物)+車位,龍華段八小段2221~2250地號,9.33,商,,,1020702,土地1建物1車位1,十二層,15,住宅大樓(11層含以上有電梯),住家用,見使用執照,,109.88,2,1,1,有,無,5270000,47961,坡道平面,29.28,0,,RPUPMLSJJIIFFAE18CB
鼓山區,房地(土地+建物)+車位,龍華段八小段2221~2250地號,10.38,商,,,1020702,土地1建物1車位1,八層,15,住宅大樓(11層含以上有電梯),住家用,見使用執照,,121.19,2,1,1,有,無,5930000,48931,坡道平面,29.28,0,,RPVPMLSJJIIFFAE28CB
鼓山區,房地(土地+建物),龍華段八小段2221~2250地號,6.83,商,,,1020702,土地1建物1車位0,六層,15,住宅大樓(11層含以上有電梯),住家用,見使用執照,,80.76,2,1,1,有,無,3950000,48910,,0.0,0,,RPOQMLSJJIIFFAE67CB
鼓山區,房地(土地+建物)+車位,龍華段八小段2221~2250地號,17.02,商,,,1020702,土地1建物1車位1,一層,15,店面(店鋪),商業用,,,197.39,0,0,0,無,無,27000000,136785,坡道機械,9.87,0,,RPPQMLSJJIIFFAE77CB
鼓山區,房地(土地+建物),龍華段八小段2221~2250地號,7.88,商,,,1020702,土地1建物1車位0,四層,15,住宅大樓(11層含以上有電梯),住家用,見使用執照,,91.9,2,1,1,有,無,6200000,67465,,0.0,0,,RPQQMLSJJIIFFAE87CB
鼓山區,房地(土地+建物),龍華段八小段2221~2250地號,10.91,商,,,1020702,土地1建物1車位0,見其他登記事項,15,店面(店鋪),商業用,見使用執照,,127.0,0,0,0,無,無,18800000,148031,,0.0,0,,RPRQMLSJJIIFFAE97CB
鼓山區,房地(土地+建物),龍華段八小段2221~2250地號,7.75,商,,,1020702,土地1建物1車位0,五層,15,住宅大樓(11層含以上有電梯),住家用,見使用執照,,90.05,2,1,1,有,無,5550000,61632,,0.0,0,,RPSQMLSJJIIFFAE08CB
鼓山區,房地(土地+建物)+車位,龍華段八小段2221~2250地號,10.25,商,,,1020702,土地1建物1車位1,七層,15,住宅大樓(11層含以上有電梯),住家用,見使用執照,,119.33,2,1,1,有,無,5930000,49694,坡道平面,29.28,0,,RPTQMLSJJIIFFAE18CB
鼓山區,房地(土地+建物),龍華段八小段2221~2250地號,6.5,商,,,1020702,土地1建物1車位0,二層,15,住宅大樓(11層含以上有電梯),住家用,見使用執照,,75.73,2,1,1,有,無,5380000,71042,,0.0,0,,RPUQMLSJJIIFFAE28CB
鼓山區,房地(土地+建物),龍華段八小段2221~2250地號,6.5,商,,,1020702,土地1建物1車位0,三層,15,住宅大樓(11層含以上有電梯),住家用,見使用執照,,75.73,2,1,1,有,無,4520000,59686,,0.0,0,,RPWQMLSJJIIFFAE48CB
鼓山區,房地(土地+建物),龍華段八小段2221~2250地號,6.5,商,,,1020702,土地1建物1車位0,五層,15,住宅大樓(11層含以上有電梯),住家用,見使用執照,,75.73,2,1,1,有,無,4520000,59686,,0.0,0,,RPXQMLSJJIIFFAE58CB
鼓山區,房地(土地+建物),龍華段八小段2221~2250地號,6.5,商,,,1020702,土地1建物1車位0,四層,15,住宅大樓(11層含以上有電梯),住家用,見使用執照,,75.73,2,1,1,有,無,4870000,64307,,0.0,0,,RPORMLSJJIIFFAE77CB
鼓山區,房地(土地+建物),龍華段八小段2221~2250地號,7.16,商,,,1020702,土地1建物1車位0,七層,15,住宅大樓(11層含以上有電梯),住家用,見使用執照,,83.64,2,1,1,有,無,5930000,70899,,0.0,0,,RPPRMLSJJIIFFAE87CB
鼓山區,房地(土地+建物)+車位,龍華段八小段2221~2250地號,8.21,商,,,1020702,土地1建物1車位1,十四層,15,住宅大樓(11層含以上有電梯),住家用,見使用執照,,95.29,2,1,1,有,無,6160000,64645,坡道機械,9.87,0,,RPQRMLSJJIIFFAE97CB
鼓山區,房地(土地+建物),龍華段八小段2221~2250地號,6.83,商,,,1020702,土地1建物1車位0,九層,15,住宅大樓(11層含以上有電梯),住家用,見使用執照,,80.76,2,1,1,有,無,3970000,49158,,0.0,0,,RPRRMLSJJIIFFAE08CB
鼓山區,房地(土地+建物)+車位,龍華段八小段2221~2250地號,7.69,商,,,1020702,土地1建物1車位1,十四層,15,住宅大樓(11層含以上有電梯),住家用,見使用執照,,90.63,2,1,1,有,無,4840000,53404,坡道機械,9.87,0,,RPSRMLSJJIIFFAE18CB
鼓山區,房地(土地+建物),龍華段八小段2221~2250地號,6.83,商,,,1020702,土地1建物1車位0,三層,15,住宅大樓(11層含以上有電梯),住家用,見使用執照,,80.6,2,1,1,有,無,4700000,58313,,0.0,0,,RPPNMLPKJIIFFAE27CB
鼓山區,房地(土地+建物)+車位,龍華段八小段2221~2250地號,9.33,商,,,1020702,土地1建物1車位1,四層,15,住宅大樓(11層含以上有電梯),住家用,見使用執照,,109.88,2,1,1,有,無,5560000,50601,坡道平面,29.28,0,,RPRNMLPKJIIFFAE47CB
鼓山區,房地(土地+建物)+車位,龍華段八小段2221~2250地號,7.69,商,,,1020702,土地1建物1車位1,十五層,15,住宅大樓(11層含以上有電梯),住家用,見使用執照,,90.47,2,1,1,有,無,5350000,59136,坡道機械,9.87,0,,RPSNMLPKJIIFFAE57CB
鼓山區,房地(土地+建物),龍華段八小段2221~2250地號,6.5,商,,,1020702,土地1建物1車位0,十二層,15,住宅大樓(11層含以上有電梯),住家用,見使用執照,,75.73,2,1,1,有,無,5250000,69325,,0.0,0,,RPTNMLPKJIIFFAE67CB
鼓山區,房地(土地+建物)+車位,龍華段八小段2221~2250地號,8.54,商,,,1020702,土地1建物1車位1,九層,15,住宅大樓(11層含以上有電梯),住家用,見使用執照,,93.51,2,1,1,有,無,5180000,55395,坡道機械,9.87,0,,RPUNMLPKJIIFFAE77CB
鼓山區,房地(土地+建物),龍華段八小段2221~2250地號,7.16,商,,,1020702,土地1建物1車位0,十五層,15,住宅大樓(11層含以上有電梯),住家用,見使用執照,,83.64,2,1,1,有,無,5200000,62171,,0.0,0,,RPVNMLPKJIIFFAE87CB
鼓山區,房地(土地+建物),龍華段八小段2221~2250地號,7.1,商,,,1020702,土地1建物1車位0,二層,15,住宅大樓(11層含以上有電梯),住家用,見使用執照,,83.7,2,1,1,有,無,4680000,55914,,0.0,0,,RPWNMLPKJIIFFAE97CB
鼓山區,房地(土地+建物),龍華段八小段2221~2250地號,6.5,商,,,1020702,土地1建物1車位0,十一層,15,住宅大樓(11層含以上有電梯),住家用,見使用執照,,75.73,2,1,1,有,無,4810000,63515,,0.0,0,,RPXNMLPKJIIFFAE08CB
鼓山區,房地(土地+建物),龍華段八小段2221~2250地號,7.75,商,,,1020702,土地1建物1車位0,十一層,15,住宅大樓(11層含以上有電梯),住家用,見使用執照,,90.05,2,1,1,有,無,5730000,63631,,0.0,0,,RPPOMLPKJIIFFAE37CB
鼓山區,房地(土地+建物)+車位,龍華段八小段2221~2250地號,7.36,商,,,1020702,土地1建物1車位1,十三層,15,住宅大樓(11層含以上有電梯),住家用,見使用執照,,85.6,2,1,1,有,無,5560000,64953,坡道機械,9.87,0,,RPQOMLPKJIIFFAE47CB
鼓山區,房地(土地+建物),龍華段八小段2221~2250地號,6.5,商,,,1020702,土地1建物1車位0,六層,15,住宅大樓(11層含以上有電梯),住家用,見使用執照,,75.73,2,1,1,有,無,4570000,60346,,0.0,0,,RPROMLPKJIIFFAE57CB
鼓山區,房地(土地+建物)+車位,龍華段八小段2221~2250地號,9.0,商,,,1020702,土地1建物1車位1,十五層,15,住宅大樓(11層含以上有電梯),住家用,見使用執照,,105.02,2,1,1,有,無,6290000,59893,坡道平面,29.28,0,,RPSOMLPKJIIFFAE67CB
鼓山區,房地(土地+建物),龍華段八小段2221~2250地號,6.5,商,,,1020702,土地1建物1車位0,十五層,15,住宅大樓(11層含以上有電梯),住家用,見使用執照,,75.73,2,1,1,有,無,4690000,61931,,0.0,0,,RPTOMLPKJIIFFAE77CB
鼓山區,房地(土地+建物)+車位,龍華段八小段2221~2250地號,10.25,商,,,1020702,土地1建物1車位1,九層,15,住宅大樓(11層含以上有電梯),住家用,見使用執照,,119.33,2,1,1,有,無,5850000,49024,坡道平面,29.28,0,,RPUOMLPKJIIFFAE87CB
鼓山區,房地(土地+建物)+車位,龍華段八小段2221~2250地號,10.25,商,,,1020702,土地1建物1車位1,十三層,15,住宅大樓(11層含以上有電梯),住家用,見使用執照,,119.33,2,1,1,有,無,5870000,49191,坡道平面,29.28,0,,RPVOMLPKJIIFFAE97CB
鼓山區,房地(土地+建物)+車位,龍華段八小段2221~2250地號,9.0,商,,,1020708,土地1建物1車位1,十五層,15,住宅大樓(11層含以上有電梯),住家用,見使用執照,,106.09,2,1,1,有,無,5300000,49958,坡道平面,29.28,0,,RPWOMLPKJIIFFAE08CB
鼓山區,房地(土地+建物)+車位,龍華段八小段2221~2250地號,7.69,商,,,1020702,土地1建物1車位1,五層,15,住宅大樓(11層含以上有電梯),住家用,見使用執照,,90.47,2,1,1,有,無,5000000,55267,坡道機械,9.87,0,,RPXOMLPKJIIFFAE18CB
鼓山區,房地(土地+建物),龍華段八小段2221~2250地號,6.83,商,,,1020708,土地1建物1車位0,八層,15,住宅大樓(11層含以上有電梯),住家用,見使用執照,,80.6,2,1,1,有,無,3940000,48883,,0.0,0,,RPOPMLPKJIIFFAE37CB
鼓山區,房地(土地+建物),龍華段八小段2221~2250地號,6.83,商,,,1020708,土地1建物1車位0,九層,15,住宅大樓(11層含以上有電梯),住家用,見使用執照,,80.6,2,1,1,有,無,3970000,49256,,0.0,0,,RPPPMLPKJIIFFAE47CB
鼓山區,房地(土地+建物),龍華段八小段2221~2250地號,6.5,商,,,1020708,土地1建物1車位0,十二層,15,住宅大樓(11層含以上有電梯),住家用,見使用執照,,75.73,2,1,1,有,無,5000000,66024,,0.0,0,,RPQPMLPKJIIFFAE57CB
鼓山區,房地(土地+建物),龍華段八小段2221~2250地號,6.83,商,,,1020708,土地1建物1車位0,五層,15,住宅大樓(11層含以上有電梯),住家用,見使用執照,,80.76,2,1,1,有,無,3930000,48663,,0.0,0,,RPRPMLPKJIIFFAE67CB
鼓山區,房地(土地+建物),龍華段八小段2221~2250地號,6.83,商,,,1020708,土地1建物1車位0,六層,15,住宅大樓(11層含以上有電梯),住家用,見使用執照,,80.6,2,1,1,有,無,3940000,48883,,0.0,0,,RPSPMLPKJIIFFAE77CB
鼓山區,房地(土地+建物),龍華段八小段2221~2250地號,6.5,商,,,1020710,土地1建物1車位0,十四層,15,住宅大樓(11層含以上有電梯),住家用,見使用執照,,75.73,2,1,1,有,無,4520000,59686,,0.0,0,,RPUPMLPKJIIFFAE97CB
鼓山區,房地(土地+建物),龍華段八小段2221~2250地號,6.5,商,,,1020710,土地1建物1車位0,十四層,15,住宅大樓(11層含以上有電梯),住家用,見使用執照,,75.73,2,1,1,有,無,4520000,59686,,0.0,0,,RPVPMLPKJIIFFAE08CB
鼓山區,房地(土地+建物),龍華段八小段2221~2250地號,6.83,商,,,1020710,土地1建物1車位0,三層,15,住宅大樓(11層含以上有電梯),住家用,見使用執照,,80.76,2,1,1,有,無,4790000,59312,,0.0,0,,RPWPMLPKJIIFFAE18CB
鼓山區,房地(土地+建物),龍華段八小段2221~2250地號,7.88,商,,,1020710,土地1建物1車位0,十層,15,住宅大樓(11層含以上有電梯),住家用,見使用執照,,91.9,2,1,1,有,無,5700000,62024,,0.0,0,,RPXPMLPKJIIFFAE28CB
鼓山區,房地(土地+建物),龍華段八小段2221~2250地號,7.88,商,,,1020710,土地1建物1車位0,十二層,15,住宅大樓(11層含以上有電梯),住家用,見使用執照,,91.9,2,1,1,有,無,6100000,66376,,0.0,0,,RPOQMLPKJIIFFAE47CB
鼓山區,房地(土地+建物),龍華段八小段2221~2250地號,7.88,商,,,1020721,土地1建物1車位0,六層,15,住宅大樓(11層含以上有電梯),住家用,見使用執照,,91.9,2,1,1,有,無,5690000,61915,,0.0,0,,RPRNMLMLJIIFFAE27CB
鼓山區,房地(土地+建物)+車位,龍華段八小段2221~2250地號,8.61,商,,,1020721,土地1建物1車位1,十五層,15,住宅大樓(11層含以上有電梯),住家用,見使用執照,,99.92,2,1,1,有,無,6630000,66353,坡道機械,9.87,0,,RPTNMLMLJIIFFAE47CB
鼓山區,房地(土地+建物)+車位,龍華段八小段2221~2250地號,8.21,商,,,1020721,土地1建物1車位1,六層,15,住宅大樓(11層含以上有電梯),住家用,見使用執照,,95.29,2,1,1,有,無,6780000,71151,坡道機械,9.87,0,,RPUNMLMLJIIFFAE57CB
鼓山區,房地(土地+建物),龍華段八小段2221~2250地號,6.83,商,,,1020721,土地1建物1車位0,七層,15,住宅大樓(11層含以上有電梯),住家用,見使用執照,,80.6,2,1,1,有,無,3940000,48883,,0.0,0,,RPVNMLMLJIIFFAE67CB
鼓山區,房地(土地+建物)+車位,龍華段八小段2221~2250地號,8.21,商,,,1020721,土地1建物11車位1,八層,15,住宅大樓(11層含以上有電梯),住家用,見使用執照,,95.29,2,1,1,有,無,6150000,64540,坡道機械,9.87,0,,RPWNMLMLJIIFFAE77CB
鼓山區,房地(土地+建物)+車位,龍華段八小段2221~2250地號,7.69,商,,,1020721,土地1建物1車位1,四層,15,住宅大樓(11層含以上有電梯),住家用,見使用執照,,90.63,2,1,1,有,無,5280000,58259,坡道機械,9.87,0,,RPXNMLMLJIIFFAE87CB
鼓山區,房地(土地+建物),龍華段八小段2221~2250地號,6.83,商,,,1020725,土地1建物1車位0,十層,15,住宅大樓(11層含以上有電梯),住家用,見使用執照,,80.76,2,1,1,有,無,3970000,49158,,0.0,0,,RPOOMLMLJIIFFAE07CB
鼓山區,房地(土地+建物)+車位,龍華段八小段2221~2250地號,10.25,商,,,1020725,土地1建物1車位1,二層,15,住宅大樓(11層含以上有電梯),住家用,見使用執照,,119.33,2,1,1,有,無,6330000,53046,坡道平面,29.28,0,,RPPOMLMLJIIFFAE17CB
鼓山區,房地(土地+建物),龍華段八小段2221~2250地號,6.5,商,,,1020725,土地1建物1車位0,三層,15,住宅大樓(11層含以上有電梯),住家用,見使用執照,,75.73,2,1,1,有,無,4520000,59686,,0.0,0,,RPQOMLMLJIIFFAE27CB
鼓山區,房地(土地+建物)+車位,龍華段八小段2221~2250地號,8.21,商,,,1020725,土地1建物1車位1,十層,15,住宅大樓(11層含以上有電梯),住家用,見使用執照,,95.29,2,1,1,有,無,5170000,54255,坡道機械,9.87,0,,RPROMLMLJIIFFAE37CB
鼓山區,房地(土地+建物)+車位,龍華段八小段2221~2250地號,8.21,商,,,1020725,土地1建物1車位1,十層,15,住宅大樓(11層含以上有電梯),住家用,見使用執照,,90.47,2,1,1,有,無,4620000,51067,坡道機械,9.87,0,,RPSOMLMLJIIFFAE47CB
鼓山區,房地(土地+建物),龍華段八小段2221~2250地號,6.5,商,,,1020730,土地1建物1車位0,四層,15,住宅大樓(11層含以上有電梯),住家用,見使用執照,,75.73,2,1,1,有,無,4550000,60082,,0.0,0,,RPTOMLMLJIIFFAE57CB
鼓山區,房地(土地+建物)+車位,龍華段八小段2221~2250地號,9.33,商,,,1020730,土地1建物1車位1,十一層,15,住宅大樓(11層含以上有電梯),住家用,見使用執照,,108.98,2,1,1,有,無,5980000,54872,坡道平面,29.28,0,,RPUOMLMLJIIFFAE67CB
鼓山區,房地(土地+建物),龍華段八小段2221~2250地號,6.83,商,,,1020730,土地1建物1車位0,十一層,15,住宅大樓(11層含以上有電梯),住家用,見使用執照,,80.76,2,1,1,有,無,4780000,59188,,0.0,0,,RPWOMLMLJIIFFAE87CB
鼓山區,房地(土地+建物),龍華段八小段2221~2250地號,6.83,商,,,1020730,土地1建物1車位0,十四層,15,住宅大樓(11層含以上有電梯),住家用,見使用執照,,80.6,2,1,1,有,無,4560000,56576,,0.0,0,,RPOPMLMLJIIFFAE17CB
鼓山區,房地(土地+建物),龍華段八小段2221~2250地號,6.5,商,,,1020730,土地1建物1車位0,七層,15,住宅大樓(11層含以上有電梯),住家用,見使用執照,,75.73,2,1,1,有,無,4430000,58497,,0.0,0,,RPPPMLMLJIIFFAE27CB
鼓山區,房地(土地+建物),龍華段八小段2221~2250地號,6.5,商,,,1020730,土地1建物1車位0,九層,15,住宅大樓(11層含以上有電梯),住家用,見使用執照,,75.73,2,1,1,有,無,4430000,58497,,0.0,0,,RPQPMLMLJIIFFAE37CB
鼓山區,房地(土地+建物),龍華段八小段2221~2250地號,6.5,商,,,1020730,土地1建物1車位0,八層,15,住宅大樓(11層含以上有電梯),住家用,見使用執照,,75.73,2,1,1,有,無,4430000,58497,,0.0,0,,RPRPMLMLJIIFFAE47CB
鼓山區,房地(土地+建物),龍華段八小段2221~2250地號,6.5,商,,,1020730,土地1建物1車位0,十層,15,住宅大樓(11層含以上有電梯),,見使用執照,,75.73,2,1,1,有,無,4460000,58893,,0.0,0,,RPSPMLMLJIIFFAE57CB
鼓山區,房地(土地+建物),龍華段八小段2221~2250地號,6.5,商,,,1020730,土地1建物1車位0,七層,15,住宅大樓(11層含以上有電梯),住家用,見使用執照,,75.73,2,1,1,有,無,4430000,58497,,0.0,0,,RPTPMLMLJIIFFAE67CB
鼓山區,房地(土地+建物),龍華段八小段2221~2250地號,6.5,商,,,1020730,土地1建物1車位0,九層,15,住宅大樓(11層含以上有電梯),住家用,見使用執照,,75.73,2,1,1,有,無,4430000,58497,,0.0,0,,RPUPMLMLJIIFFAE77CB
鼓山區,房地(土地+建物),龍華段八小段2221~2250地號,6.5,商,,,1020730,土地1建物1車位0,八層,15,住宅大樓(11層含以上有電梯),住家用,見使用執照,,75.73,2,1,1,有,無,4430000,58497,,0.0,0,,RPVPMLMLJIIFFAE87CB
鼓山區,房地(土地+建物),龍華段八小段2221~2250地號,6.5,商,,,1020730,土地1建物1車位0,十層,15,住宅大樓(11層含以上有電梯),住家用,見使用執照,,75.73,2,1,1,有,無,4450000,58761,,0.0,0,,RPWPMLMLJIIFFAE97CB
鼓山區,房地(土地+建物),龍華段八小段2221~2250地號,6.83,商,,,1020730,土地1建物1車位0,十三層,15,住宅大樓(11層含以上有電梯),住家用,見使用執照,,80.76,2,1,1,有,無,4560000,56464,,0.0,0,,RPXPMLMLJIIFFAE08CB
鼓山區,房地(土地+建物),龍華段八小段2221~2250地號,6.5,商,,,1020730,土地1建物1車位0,五層,15,住宅大樓(11層含以上有電梯),住家用,見使用執照,,75.73,2,1,1,有,無,4580000,60478,,0.0,0,,RPPQMLMLJIIFFAE37CB
鼓山區,房地(土地+建物),龍華段八小段2221~2250地號,6.83,商,,,1020730,土地1建物1車位0,十二層,15,住宅大樓(11層含以上有電梯),住家用,見使用執照,,80.76,2,1,1,有,無,4810000,59559,,0.0,0,,RPQQMLMLJIIFFAE47CB
鼓山區,房地(土地+建物),龍華段八小段2221~2250地號,6.83,商,,,1020730,土地1建物1車位0,十三層,15,住宅大樓(11層含以上有電梯),住家用,見使用執照,,80.6,2,1,1,有,無,3980000,49380,,0.0,0,,RPTQMLMLJIIFFAE77CB
鼓山區,房地(土地+建物),龍華段八小段2221~2250地號,6.5,商,,,1020808,土地1建物1車位0,六層,15,住宅大樓(11層含以上有電梯),住家用,見使用執照,,75.73,2,1,1,有,無,4550000,60082,,0.0,0,,RPVQMLMLJIIFFAE97CB
鼓山區,房地(土地+建物),龍華段八小段2221~2250地號,6.5,商,,,1020808,土地1建物1車位0,十三層,15,住宅大樓(11層含以上有電梯),住家用,見使用執照,,75.73,2,1,1,有,無,4500000,59422,,0.0,0,,RPWQMLMLJIIFFAE08CB
鼓山區,房地(土地+建物),龍華段八小段2221~2250地號,7.16,商,,,1020808,土地1建物1車位0,十三層,15,住宅大樓(11層含以上有電梯),住家用,見使用執照,,83.64,2,1,1,有,無,5000000,59780,,0.0,0,,RPXQMLMLJIIFFAE18CB
鼓山區,房地(土地+建物),龍華段八小段2221~2250地號,6.83,商,,,1020808,土地1建物1車位0,二層,15,住宅大樓(11層含以上有電梯),住家用,見使用執照,,80.76,2,1,1,有,無,6000000,74294,,0.0,0,,RPORMLMLJIIFFAE37CB
鼓山區,房地(土地+建物)+車位,龍華段八小段2221~2250地號,7.36,商,,,1020813,土地1建物1車位1,十一層,15,住宅大樓(11層含以上有電梯),住家用,見使用執照,,85.6,2,1,1,有,無,5550000,64836,坡道機械,9.87,0,,RPPRMLMLJIIFFAE47CB
楠梓區,房地(土地+建物)+車位,藍昌段二小段991~1020地號,16.51,商,,,1010908,土地1建物1車位1,七層,15,住宅大樓(11層含以上有電梯),商業用,鋼筋混凝土造,,187.85,4,2,2,有,無,7200000,38774,坡道平面,29.24,1050000,,RPSPMLNJKIIFFEE97CB
楠梓區,房地(土地+建物),藍昌段二小段991~1020地號,6.97,商,,,1010908,土地1建物1車位0,七層,15,住宅大樓(11層含以上有電梯),商業用,鋼筋混凝土造,,69.04,2,1,1,有,無,2700000,39108,,0.0,0,,RPVOMLKKKIIFFEE97CB
楠梓區,房地(土地+建物),藍昌段二小段991~1020地號,9.17,商,,,1010825,土地1建物1車位0,四層,15,住宅大樓(11層含以上有電梯),商業用,鋼筋混凝土造,,91.44,2,1,1,有,無,3030000,33136,,0.0,0,,RPXOMLKKKIIFFEE18CB
楠梓區,房地(土地+建物),藍昌段二小段991~1020地號,9.17,商,,,1010902,土地1建物1車位0,七層,15,住宅大樓(11層含以上有電梯),商業用,鋼筋混凝土造,,91.91,2,1,1,有,無,3400000,36993,,0.0,0,,RPPPMLKKKIIFFEE47CB
楠梓區,房地(土地+建物),藍昌段二小段991~1020地號,9.17,商,,,1010825,土地1建物1車位0,五層,15,住宅大樓(11層含以上有電梯),商業用,鋼筋混凝土造,,91.45,2,1,1,有,無,3070000,33570,,0.0,0,,RPQPMLKKKIIFFEE57CB
楠梓區,房地(土地+建物),藍昌段二小段991~1020地號,9.17,商,,,1010826,土地1建物1車位0,六層,15,住宅大樓(11層含以上有電梯),商業用,鋼筋混凝土造,,91.91,2,1,1,有,無,3330000,36231,,0.0,0,,RPTPMLKKKIIFFEE87CB
楠梓區,房地(土地+建物)+車位,藍昌段二小段991~1020地號,12.1,商,,,1010909,土地1建物1車位1,六層,15,住宅大樓(11層含以上有電梯),商業用,鋼筋混凝土造,,147.64,3,2,2,有,無,5150000,35473,坡道平面,29.24,950000,,RPUPMLKKKIIFFEE97CB
楠梓區,房地(土地+建物)+車位,藍昌段二小段991~1020地號,12.84,商,,,1010909,土地1建物1車位1,四層,15,住宅大樓(11層含以上有電梯),商業用,鋼筋混凝土造,,151.93,3,2,2,有,無,4950000,33264,坡道平面,27.17,800000,,RPVPMLKKKIIFFEE08CB
鳳山區,房地(土地+建物)+車位,竹子腳段61~90地號,32.0,住,,,1020618,土地1建物1車位1,十層,15,住宅大樓(11層含以上有電梯),住家用,,,214.49,4,2,2,有,無,10380000,48394,坡道平面,21.49,0,,RPRPMLSJJHJFFGE48CB
鳳山區,房地(土地+建物)+車位,竹子腳段61~90地號,32.19,住,,,1020625,土地1建物1車位1,十一層,15,住宅大樓(11層含以上有電梯),住家用,見使用執照,,215.18,4,2,2,有,無,10600000,49261,坡道平面,22.18,0,,RPSPMLSJJHJFFGE58CB
鼓山區,房地(土地+建物)+車位,龍華段八小段2221~2250地號,10.25,商,,,1020813,土地1建物1車位1,三層,15,住宅大樓(11層含以上有電梯),住家用,見使用執照,,119.33,2,1,1,有,無,7220000,60504,坡道平面,29.28,0,,RPXNMLSJJHJFFAE28CB
鼓山區,房地(土地+建物)+車位,龍華段八小段2221~2250地號,10.38,商,,,1020819,土地1建物1車位1,十四層,15,住宅大樓(11層含以上有電梯),住家用,見使用執照,,121.19,2,1,1,有,無,5970000,49261,坡道平面,29.28,0,,RPOOMLSJJHJFFAE47CB
鼓山區,房地(土地+建物)+車位,龍華段八小段2221~2250地號,9.33,商,,,1020819,土地1建物1車位1,七層,15,其他,住家用,,,110.04,2,1,1,有,無,5250000,47710,坡道平面,29.28,0,,RPPOMLSJJHJFFAE57CB
鼓山區,房地(土地+建物)+車位,龍華段八小段2221~2250地號,8.21,商,,,1020808,土地1建物1車位1,四層,15,其他,住家用,,,95.29,2,1,1,有,無,6580000,69052,坡道平面,9.87,0,,RPQOMLSJJHJFFAE67CB
鼓山區,房地(土地+建物),龍華段八小段2221~2250地號,7.16,商,,,1020808,土地1建物1車位0,二層,15,住宅大樓(11層含以上有電梯),住家用,見使用執照,,83.64,2,1,1,有,無,6350000,75921,,0.0,0,,RPROMLSJJHJFFAE77CB
鼓山區,房地(土地+建物),龍華段八小段2221~2250地號,6.83,商,,,1020820,土地1建物1車位0,八層,15,住宅大樓(11層含以上有電梯),住家用,見使用執照,,80.76,2,1,1,有,無,3950000,48910,,0.0,0,,RPSOMLSJJHJFFAE87CB
鼓山區,房地(土地+建物)+車位,龍華段八小段2221~2250地號,7.69,商,,,1020826,土地1建物1車位1,十一層,15,住宅大樓(11層含以上有電梯),,見使用執照,,90.47,2,1,1,有,無,5420000,59909,坡道機械,9.87,0,,RPTOMLSJJHJFFAE97CB
鳳山區,房地(土地+建物)+車位,竹子腳段61~90地號,32.19,住,,,1020613,土地1建物1車位1,十二層,15,住宅大樓(11層含以上有電梯),住家用,見使用執照,,215.18,4,2,2,有,無,10520000,48889,坡道平面,22.18,0,,RPWOMLQKJHJFFGE78CB
鳳山區,房地(土地+建物)+車位,竹子腳段61~90地號,32.19,住,,,1020624,土地1建物1車位1,十三層,15,住宅大樓(11層含以上有電梯),住家用,見使用執照,,215.18,4,2,2,有,無,10580000,49168,坡道平面,22.18,0,,RPTPMLQKJHJFFGE58CB
鳳山區,房地(土地+建物)+車位,竹子腳段61~90地號,32.19,住,,,1020612,土地1建物1車位1,十四層,15,住宅大樓(11層含以上有電梯),住家用,,,215.18,4,2,2,有,無,11200000,52049,坡道平面,22.18,0,,RPUPMLQKJHJFFGE68CB
鳳山區,房地(土地+建物)+車位,竹子腳段61~90地號,32.19,住,,,1020602,土地1建物1車位1,十五層,15,住宅大樓(11層含以上有電梯),住家用,見使用執照,,215.18,4,2,2,有,無,10880000,50562,坡道平面,22.18,0,,RPVPMLQKJHJFFGE78CB
鳳山區,房地(土地+建物)+車位,竹子腳段61~90地號,32.19,住,,,1020628,土地1建物1車位1,二層,15,住宅大樓(11層含以上有電梯),住家用,見使用執照,,215.18,4,2,2,有,無,9500000,44149,坡道平面,22.18,0,,RPWPMLQKJHJFFGE88CB
鳳山區,房地(土地+建物)+車位,竹子腳段61~90地號,32.19,住,,,1020625,土地1建物1車位1,三層,15,住宅大樓(11層含以上有電梯),住家用,見使用執照,,215.18,4,2,2,有,無,10380000,48239,坡道平面,22.18,0,,RPPQMLQKJHJFFGE28CB
鳳山區,房地(土地+建物)+車位,竹子腳段61~90地號,32.19,住,,,1020528,土地1建物1車位1,四層,15,住宅大樓(11層含以上有電梯),住家用,見使用執照,,215.18,4,2,2,有,無,10200000,47402,坡道平面,22.18,0,,RPQQMLQKJHJFFGE38CB
鳳山區,房地(土地+建物)+車位,竹子腳段61~90地號,32.19,住,,,1020619,土地1建物1車位1,六層,15,住宅大樓(11層含以上有電梯),住家用,見使用執照,,215.18,4,2,2,有,無,10680000,49633,坡道平面,22.18,0,,RPUOMLNLJHJFFGE38CB
鳳山區,房地(土地+建物)+車位,竹子腳段61~90地號,32.19,住,,,1020610,土地1建物1車位1,七層,15,住宅大樓(11層含以上有電梯),住家用,見使用執照,,215.18,4,2,2,有,無,11000000,51120,坡道平面,22.18,0,,RPVOMLNLJHJFFGE48CB
鳳山區,房地(土地+建物)+車位,竹子腳段61~90地號,32.19,住,,,1020618,土地1建物1車位1,八層,15,住宅大樓(11層含以上有電梯),住家用,見使用執照,,215.18,4,2,2,有,無,11600000,53908,坡道平面,22.18,0,,RPWOMLNLJHJFFGE58CB
鳳山區,房地(土地+建物)+車位,竹子腳段61~90地號,20.1,住,,,1020608,土地1建物1車位1,十層,15,住宅大樓(11層含以上有電梯),住家用,見使用執照,,137.55,3,2,1,有,無,6560000,47692,坡道機械,12.5,0,,RPXOMLNLJHJFFGE68CB
鳳山區,房地(土地+建物)+車位,竹子腳段61~90地號,20.1,住,,,1020606,土地1建物1車位1,十一層,15,住宅大樓(11層含以上有電梯),,見使用執照,,137.55,3,2,1,有,無,6750000,49073,坡道機械,12.5,0,,RPPPMLNLJHJFFGE97CB
鳳山區,房地(土地+建物)+車位,竹子腳段61~90地號,20.1,住,,,1020613,土地1建物1車位1,十三層,15,住宅大樓(11層含以上有電梯),住家用,見使用執照,,137.55,3,2,1,有,無,6750000,49073,坡道機械,12.5,0,,RPQPMLNLJHJFFGE08CB
鳳山區,房地(土地+建物)+車位,竹子腳段61~90地號,20.1,住,,,1020601,土地1建物1車位1,十五層,15,住宅大樓(11層含以上有電梯),住家用,見使用執照,,137.55,3,2,1,有,無,6700000,48710,坡道機械,12.5,0,,RPRPMLNLJHJFFGE18CB
鳳山區,房地(土地+建物)+車位,竹子腳段61~90地號,21.85,住,,,1020615,土地1建物1車位1,二層,15,住宅大樓(11層含以上有電梯),住家用,見使用執照,,147.24,3,2,1,有,無,6860000,46591,坡道平面,22.18,0,,RPSPMLNLJHJFFGE28CB
鳳山區,房地(土地+建物)+車位,竹子腳段61~90地號,20.1,住,,,1020614,土地1建物1車位1,三層,15,住宅大樓(11層含以上有電梯),住家用,見使用執照,,137.55,3,2,1,有,無,6300000,45802,坡道機械,12.5,0,,RPTPMLNLJHJFFGE38CB
鳳山區,房地(土地+建物)+車位,竹子腳段61~90地號,20.1,住,,,1020610,土地1建物1車位1,五層,15,住宅大樓(11層含以上有電梯),住家用,見使用執照,,137.56,3,2,1,有,無,6370000,46307,坡道機械,12.5,0,,RPVPMLNLJHJFFGE58CB
鳳山區,房地(土地+建物)+車位,竹子腳段61~90地號,20.1,住,,,1020603,土地1建物1車位1,六層,15,住宅大樓(11層含以上有電梯),住家用,見使用執照,,147.23,3,2,1,有,無,7230000,49107,坡道平面,22.18,0,,RPWPMLNLJHJFFGE68CB
鳳山區,房地(土地+建物)+車位,竹子腳段61~90地號,20.1,住,,,1020604,土地1建物1車位1,七層,15,住宅大樓(11層含以上有電梯),住家用,見使用執照,,137.55,3,2,1,有,無,6420000,46674,坡道機械,12.5,0,,RPXPMLNLJHJFFGE78CB
鳳山區,房地(土地+建物)+車位,竹子腳段61~90地號,20.1,住,,,1020601,土地1建物1車位1,八層,15,住宅大樓(11層含以上有電梯),住家用,見使用執照,,137.55,3,2,1,有,無,7720000,56125,坡道機械,12.5,0,,RPOQMLNLJHJFFGE97CB
鳳山區,房地(土地+建物)+車位,竹子腳段61~90地號,20.1,住,,,1020601,土地1建物1車位1,九層,15,住宅大樓(11層含以上有電梯),住家用,見使用執照,,146.54,3,2,1,有,無,6720000,45858,坡道平面,21.49,0,,RPPQMLNLJHJFFGE08CB
鳳山區,房地(土地+建物)+車位,竹子腳段61~90地號,13.85,住,,,1020626,土地1建物1車位1,九層,15,住宅大樓(11層含以上有電梯),住家用,見使用執照,,96.55,2,2,1,有,無,4500000,46608,坡道機械,12.5,0,,RPRQMLNLJHJFFGE28CB
鳳山區,房地(土地+建物)+車位,竹子腳段61~90地號,13.85,住,,,1020529,土地1建物1車位1,十層,15,住宅大樓(11層含以上有電梯),住家用,見使用執照,,96.55,2,2,1,有,無,4500000,46608,坡道機械,12.5,0,,RPTQMLNLJHJFFGE48CB
鳳山區,房地(土地+建物),竹子腳段61~90地號,12.1,住,,,1020523,土地1建物1車位0,十一層,15,住宅大樓(11層含以上有電梯),住家用,見使用執照,,84.05,2,2,1,有,無,4050000,48186,,0.0,0,,RPWQMLNLJHJFFGE78CB
前鎮區,房地(土地+建物)+車位,光華段601~630地號,32.89,住,,,1020121,土地1建物1車位1,七層,14,住宅大樓(11層含以上有電梯),住家用,鋼筋混凝土造,,185.79,4,2,2,有,無,12000000,63694,坡道平面,20.94,1500000,,RPVPMLTLJHJFFCE78CB
前鎮區,房地(土地+建物)+車位,光華段601~630地號,33.57,住,,,1020606,土地1建物1車位1,十一層,14,住宅大樓(11層含以上有電梯),住家用,鋼筋混凝土造,,185.79,4,2,2,有,無,12440000,66589,坡道平面,23.0,1600000,,RPXPMLTLJHJFFCE98CB
前鎮區,房地(土地+建物)+車位,光華段601~630地號,40.46,住,,,1020711,土地1建物1車位2,二層,14,住宅大樓(11層含以上有電梯),住家用,鋼筋混凝土造,,180.65,4,2,2,有,無,11400000,62384,坡道平面,46.0,3000000,,RPVRMLTLJHJFFCE98CB
前鎮區,房地(土地+建物)+車位,光華段601~630地號,32.86,住,,,1020616,土地1建物1車位1,三層,14,住宅大樓(11層含以上有電梯),住家用,鋼筋混凝土造,,180.65,4,2,2,有,無,11000000,59626,坡道平面,23.0,1600000,,RPWRMLTLJHJFFCE09CB
前鎮區,房地(土地+建物)+車位,光華段601~630地號,32.86,住,,,1020421,土地1建物1車位1,四層,14,住宅大樓(11層含以上有電梯),住家用,鋼筋混凝土造,,180.65,4,2,2,有,無,10550000,57406,坡道平面,23.0,1500000,,RPXRMLTLJHJFFCE56CB
前鎮區,房地(土地+建物)+車位,光華段601~630地號,40.46,住,,,1020615,土地1建物1車位2,五層,14,住宅大樓(11層含以上有電梯),住家用,鋼筋混凝土造,,180.65,4,2,2,有,無,12500000,69068,坡道平面,46.0,3200000,,RPOSMLTLJHJFFCE38CB
前鎮區,房地(土地+建物)+車位,光華段601~630地號,32.86,住,,,1020424,土地1建物1車位1,六層,14,住宅大樓(11層含以上有電梯),住家用,鋼筋混凝土造,,180.65,4,2,2,有,無,10800000,58991,坡道平面,23.0,1500000,,RPPSMLTLJHJFFCE48CB
前鎮區,房地(土地+建物)+車位,光華段601~630地號,39.77,住,,,1020430,土地1建物1車位2,七層,14,住宅大樓(11層含以上有電梯),住家用,鋼筋混凝土造,,180.65,4,2,2,有,無,12000000,65101,坡道平面,43.94,3100000,,RPQSMLTLJHJFFCE58CB
前鎮區,房地(土地+建物)+車位,光華段601~630地號,32.86,住,,,1020601,土地1建物1車位1,八層,14,住宅大樓(11層含以上有電梯),住家用,鋼筋混凝土造,,180.65,4,2,2,有,無,11590000,63368,坡道平面,23.0,1600000,,RPRSMLTLJHJFFCE68CB
前鎮區,房地(土地+建物)+車位,光華段601~630地號,40.46,住,,,1020512,土地1建物1車位2,九層,14,住宅大樓(11層含以上有電梯),住家用,鋼筋混凝土造,,180.65,4,2,2,有,無,11800000,65355,坡道平面,46.0,3000000,,RPSSMLTLJHJFFCE78CB
前鎮區,房地(土地+建物)+車位,光華段601~630地號,32.86,住,,,1020617,土地1建物1車位1,十層,14,住宅大樓(11層含以上有電梯),住家用,鋼筋混凝土造,,180.65,4,2,2,有,無,11650000,64383,坡道平面,23.0,1500000,,RPTSMLTLJHJFFCE88CB
前鎮區,房地(土地+建物)+車位,光華段601~630地號,32.86,住,,,1020707,土地1建物1車位1,十一層,14,住宅大樓(11層含以上有電梯),住家用,鋼筋混凝土造,,180.65,4,2,2,有,無,11880000,65208,坡道平面,23.0,1600000,,RPUSMLTLJHJFFCE98CB
前鎮區,房地(土地+建物)+車位,光華段601~630地號,33.06,住,,,1020415,土地1建物1車位1,十二層,14,住宅大樓(11層含以上有電梯),住家用,鋼筋混凝土造,,182.09,4,2,2,有,無,11160000,60092,坡道平面,23.0,1600000,,RPVSMLTLJHJFFCE09CB
前鎮區,房地(土地+建物)+車位,光華段601~630地號,33.06,住,,,1020706,土地1建物1車位1,十三層,14,住宅大樓(11層含以上有電梯),住家用,鋼筋混凝土造,,182.09,4,2,2,有,無,12000000,65372,坡道平面,23.0,1600000,,RPWSMLTLJHJFFCE56CB
前鎮區,房地(土地+建物)+車位,光華段601~630地號,36.81,住,,,1020418,土地1建物1車位1,十四層,14,住宅大樓(11層含以上有電梯),住家用,鋼筋混凝土造,,208.9,3,2,2,有,無,13380000,63367,坡道平面,23.0,1600000,,RPXSMLTLJHJFFCE66CB
前鎮區,房地(土地+建物)+車位,光華段601~630地號,26.85,住,,,1020306,土地1建物1車位1,二層,14,住宅大樓(11層含以上有電梯),住家用,鋼筋混凝土造,,137.74,3,2,2,有,無,9080000,66062,坡道平面,23.0,1500000,,RPOTMLTLJHJFFCE48CB
前鎮區,房地(土地+建物)+車位,光華段601~630地號,26.85,住,,,1020413,土地1建物1車位1,四層,14,住宅大樓(11層含以上有電梯),住家用,鋼筋混凝土造,,137.74,3,2,2,有,無,7350000,50985,坡道平面,23.0,1500000,,RPPTMLTLJHJFFCE58CB
前鎮區,房地(土地+建物)+車位,光華段601~630地號,26.85,住,,,1020403,土地1建物1車位1,五層,14,住宅大樓(11層含以上有電梯),住家用,鋼筋混凝土造,,137.74,3,2,2,有,無,7500000,52292,坡道平面,23.0,1500000,,RPQTMLTLJHJFFCE68CB
前鎮區,房地(土地+建物)+車位,光華段601~630地號,26.85,住,,,1020304,土地1建物1車位1,六層,14,住宅大樓(11層含以上有電梯),住家用,鋼筋混凝土造,,137.74,3,2,2,有,無,8000000,56650,坡道平面,23.0,1500000,,RPRTMLTLJHJFFCE78CB
前鎮區,房地(土地+建物)+車位,光華段601~630地號,26.85,住,,,1020329,土地1建物1車位1,七層,14,住宅大樓(11層含以上有電梯),住家用,鋼筋混凝土造,,137.74,3,2,2,有,無,7800000,54907,坡道平面,23.0,1500000,,RPSTMLTLJHJFFCE88CB
前鎮區,房地(土地+建物)+車位,光華段601~630地號,26.85,住,,,1020328,土地1建物1車位1,八層,14,住宅大樓(11層含以上有電梯),住家用,鋼筋混凝土造,,137.74,3,2,2,有,無,8000000,56650,坡道平面,23.0,1500000,,RPTTMLTLJHJFFCE98CB
前鎮區,房地(土地+建物)+車位,光華段601~630地號,26.17,住,,,1020226,土地1建物1車位1,九層,14,住宅大樓(11層含以上有電梯),住家用,鋼筋混凝土造,,137.74,3,2,2,有,無,7770000,54538,坡道平面,20.94,1400000,,RPUTMLTLJHJFFCE09CB
前鎮區,房地(土地+建物)+車位,光華段601~630地號,26.85,住,,,1020318,土地1建物1車位1,十層,14,住宅大樓(11層含以上有電梯),住家用,鋼筋混凝土造,,137.74,3,2,2,有,無,7900000,55778,坡道平面,23.0,1500000,,RPVTMLTLJHJFFCE56CB
前鎮區,房地(土地+建物)+車位,光華段601~630地號,26.85,住,,,1020403,土地1建物1車位1,十一層,14,住宅大樓(11層含以上有電梯),住家用,鋼筋混凝土造,,137.74,3,2,2,有,無,8100000,57521,坡道平面,23.0,1500000,,RPWTMLTLJHJFFCE66CB
前鎮區,房地(土地+建物)+車位,光華段601~630地號,39.21,住,,,1020217,土地1建物1車位2,十二層,14,住宅大樓(11層含以上有電梯),住家用,鋼筋混凝土造,,171.8,3,2,2,有,無,12040000,74722,坡道平面,46.0,2640000,,RPXTMLTLJHJFFCE76CB
前鎮區,房地(土地+建物)+車位,光華段601~630地號,26.87,住,,,1020423,土地1建物1車位1,二層,14,住宅大樓(11層含以上有電梯),住家用,鋼筋混凝土造,,137.89,3,2,2,有,無,7500000,52224,坡道平面,23.0,1500000,,RPOUMLTLJHJFFCE58CB
前鎮區,房地(土地+建物)+車位,光華段601~630地號,26.87,住,,,1020409,土地1建物1車位1,三層,14,住宅大樓(11層含以上有電梯),住家用,鋼筋混凝土造,,137.89,3,2,2,有,無,7700000,53965,坡道平面,23.0,1500000,,RPPUMLTLJHJFFCE68CB
前鎮區,房地(土地+建物)+車位,光華段601~630地號,26.18,住,,,1020304,土地1建物1車位1,四層,14,住宅大樓(11層含以上有電梯),住家用,鋼筋混凝土造,,137.89,3,2,2,有,無,7770000,54468,坡道平面,20.94,1400000,,RPQUMLTLJHJFFCE78CB
前鎮區,房地(土地+建物)+車位,光華段601~630地號,26.18,住,,,1020223,土地1建物1車位1,五層,14,住宅大樓(11層含以上有電梯),住家用,鋼筋混凝土造,,137.89,3,2,2,有,無,8200000,58145,坡道平面,20.94,1400000,,RPRUMLTLJHJFFCE88CB
前鎮區,房地(土地+建物)+車位,光華段601~630地號,26.18,住,,,1020218,土地1建物1車位1,六層,14,住宅大樓(11層含以上有電梯),住家用,鋼筋混凝土造,,137.89,3,2,2,有,無,8300000,58145,坡道平面,20.94,1500000,,RPSUMLTLJHJFFCE98CB
前鎮區,房地(土地+建物)+車位,光華段601~630地號,26.87,住,,,1020223,土地1建物1車位1,七層,14,住宅大樓(11層含以上有電梯),住家用,鋼筋混凝土造,,137.89,3,2,2,有,無,8300000,59187,坡道平面,23.0,1500000,,RPTUMLTLJHJFFCE09CB
前鎮區,房地(土地+建物)+車位,光華段601~630地號,26.18,住,,,1020304,土地1建物1車位1,八層,14,住宅大樓(11層含以上有電梯),住家用,鋼筋混凝土造,,137.89,3,2,2,有,無,8200000,57289,坡道平面,20.94,1500000,,RPUUMLTLJHJFFCE56CB
前鎮區,房地(土地+建物)+車位,光華段601~630地號,26.18,住,,,1020222,土地1建物1車位1,九層,14,住宅大樓(11層含以上有電梯),住家用,鋼筋混凝土造,,137.89,3,2,2,有,無,8360000,58658,坡道平面,20.94,1500000,,RPVUMLTLJHJFFCE66CB
前鎮區,房地(土地+建物)+車位,光華段601~630地號,26.18,住,,,1020121,土地1建物1車位1,十層,14,住宅大樓(11層含以上有電梯),住家用,鋼筋混凝土造,,137.89,3,2,2,有,無,8080000,57118,坡道平面,20.94,1400000,,RPWUMLTLJHJFFCE76CB
前鎮區,房地(土地+建物)+車位,光華段601~630地號,26.87,住,,,1020207,土地1建物1車位1,十一層,14,住宅大樓(11層含以上有電梯),住家用,鋼筋混凝土造,,137.89,3,2,2,有,無,8380000,59883,坡道平面,23.0,1500000,,RPXUMLTLJHJFFCE86CB
前鎮區,房地(土地+建物)+車位,光華段601~630地號,32.89,住,,,1020206,土地1建物1車位1,二層,14,住宅大樓(11層含以上有電梯),住家用,鋼筋混凝土造,,185.79,4,2,2,有,無,12230000,65696,坡道平面,20.94,1400000,,RPOVMLTLJHJFFCE68CB
前鎮區,房地(土地+建物)+車位,光華段601~630地號,33.57,住,,,1020715,土地1建物1車位1,三層,14,住宅大樓(11層含以上有電梯),住家用,鋼筋混凝土造,,185.79,4,2,2,有,無,12580000,67449,坡道平面,23.0,1600000,,RPPVMLTLJHJFFCE78CB
前鎮區,房地(土地+建物)+車位,光華段601~630地號,33.57,住,,,1020409,土地1建物1車位1,四層,14,住宅大樓(11層含以上有電梯),住家用,鋼筋混凝土造,,185.79,4,2,2,有,無,11350000,59893,坡道平面,23.0,1600000,,RPQVMLTLJHJFFCE88CB
前鎮區,房地(土地+建物)+車位,光華段601~630地號,33.57,住,,,1020315,土地1建物1車位1,五層,14,住宅大樓(11層含以上有電梯),住家用,鋼筋混凝土造,,185.79,4,2,2,有,無,11500000,60815,坡道平面,23.0,1600000,,RPRVMLTLJHJFFCE98CB
前鎮區,房地(土地+建物)+車位,光華段601~630地號,33.57,住,,,1020320,土地1建物1車位1,六層,14,住宅大樓(11層含以上有電梯),住家用,鋼筋混凝土造,,185.79,4,2,2,有,無,11540000,61060,坡道平面,23.0,1600000,,RPSVMLTLJHJFFCE09CB
前鎮區,房地(土地+建物)+車位,光華段601~630地號,33.57,住,,,1020610,土地1建物1車位1,八層,14,住宅大樓(11層含以上有電梯),住家用,鋼筋混凝土造,,185.79,4,2,2,有,無,12260000,65483,坡道平面,23.0,1600000,,RPTVMLTLJHJFFCE56CB
前鎮區,房地(土地+建物)+車位,光華段601~630地號,33.57,住,,,1020221,土地1建物1車位1,九層,14,住宅大樓(11層含以上有電梯),住家用,鋼筋混凝土造,,185.79,4,2,2,有,無,11800000,62657,坡道平面,23.0,1600000,,RPUVMLTLJHJFFCE66CB
前鎮區,房地(土地+建物)+車位,光華段601~630地號,32.89,住,,,1020609,土地1建物1車位1,十層,14,住宅大樓(11層含以上有電梯),住家用,鋼筋混凝土造,,185.79,4,2,2,有,無,12400000,66121,坡道平面,20.94,1500000,,RPVVMLTLJHJFFCE76CB
前鎮區,房地(土地+建物)+車位,光華段601~630地號,33.77,住,,,1020327,土地1建物1車位1,十二層,14,住宅大樓(11層含以上有電梯),住家用,鋼筋混凝土造,,187.25,4,2,2,有,無,12000000,63927,坡道平面,23.0,1500000,,RPWVMLTLJHJFFCE86CB
前鎮區,房地(土地+建物)+車位,光華段601~630地號,33.77,住,,,1020504,土地1建物1車位1,十三層,14,住宅大樓(11層含以上有電梯),住家用,鋼筋混凝土造,,187.25,4,2,2,有,無,12000000,63318,坡道平面,23.0,1600000,,RPXVMLTLJHJFFCE96CB
前鎮區,房地(土地+建物)+車位,光華段601~630地號,38.02,住,,,1020706,土地1建物1車位1,十四層,14,住宅大樓(11層含以上有電梯),住家用,鋼筋混凝土造,,217.52,3,2,2,有,無,15380000,71355,坡道平面,23.0,1500000,,RPOWMLTLJHJFFCE78CB
前鎮區,房地(土地+建物)+車位,光華段601~630地號,26.85,住,,,1020416,土地1建物1車位1,三層,14,住宅大樓(11層含以上有電梯),住家用,鋼筋混凝土造,,137.74,3,2,2,有,無,7350000,50985,坡道平面,23.0,1500000,,RPPWMLTLJHJFFCE88CB
