﻿編號,屋齡,建物移轉面積平方公尺,主要用途,主要建材,建築完成日期,總層數,建物分層
The serial number,room age,building shifting area square meter,the main use,main building materials,construction completes the date,total layer,building lamination
RPXNMLLJJIIFFDE97CC,22,348.23,見使用執照,鋼筋混凝土造,81年3月5日,七層,
RPVNMLLJJIIFFAE47CC,8,191.20,住家用,鋼筋混凝土造,94年9月9日,十四層,
RPROMLLJJIIFFCE37CC,21,88.75,住家用,鋼筋混凝土造,82年1月6日,七層,
RPROMLLJJIIFFGE77CC,19,128.31,住家用,鋼筋混凝土造,83年6月28日,十二層,
RPSOMLLJJIIFFBE37CC,17,145.12,住家用,鋼筋混凝土造,86年4月21日,三十五層,
RPXOMLLJJIIFFEE18CC,11,304.45,住商用,見其它登記事項,92年3月5日,五層,
RPPPMLLJJIIFFEE47CC,11,191.64,住商用,見使用執照,91年11月7日,四層,
RPQNMLMJJIIFFBE17CC,24,69.55,,鋼筋混凝土造,78年11月9日,十二層,
RPWNMLMJJIIFFBE77CC,17,181.65,商業用,鋼造,86年2月12日,二十七層,
RPRNMLMJJIIFFBE27CC,34,76.85,,鋼筋混凝土造,69年1月29日,五層,
RPUNMLMJJIIFFBE57CC,22,166.73,住商用,鋼造,81年1月10日,二層,
RPVNMLLJJIIFFIE28CC,34,73.80,住商用,鋼筋混凝土造,68年5月25日,三層,
RPROMLOJJIIFFFE97CC,18,72.00,農舍,見其他登記事項,85年1月25日,一層,
RPVNMLOJJIIFFIE58CC,31,172.35,住商用,鋼筋混凝土造,71年12月24日,三層,
RPVNMLOJJIIFFLE88CC,19,164.99,見使用執照,鋼筋混凝土造,83年11月14日,三層,
RPXOMLPJJIIFFGE78CC,8,125.49,見其他登記事項,見其他登記事項,94年6月30日,十四層,
RPXOMLPJJIIFFGE78CC,8,38.45,見其他登記事項,見其他登記事項,94年6月30日,十四層,
RPPOMLPJJIIFFBE47CC,33,94.50,,鋼筋混凝土造,69年7月14日,五層,
RPXNMLPJJIIFFBE18CC,27,223.50,,鋼筋混凝土造,75年10月23日,七層,
RPOOMLPJJIIFFDE57CC,28,190.56,,鋼筋混凝土造,74年12月6日,五層,
RPOOMLPJJIIFFDE57CC,28,103.45,,鋼筋混凝土造,74年12月6日,五層,
RPUNMLQJJIIFFAE87CC,24,150.74,商業用,鋼筋混凝土造,79年2月16日,十二層,
RPOOMLPJJIIFFEE67CC,22,52.18,住家用,鋼筋混凝土造,80年10月16日,七層,
RPUOMLPJJIIFFDE18CC,32,114.90,,鋼筋混凝土造,70年8月7日,五層,
RPXOMLPJJIIFFAE18CC,7,75.21,商業用,鋼筋混凝土造,95年8月8日,十五層,
RPXOMLPJJIIFFAE18CC,7,9.71,商業用,鋼筋混凝土造,95年8月8日,十五層,
RPXOMLPJJIIFFAE18CC,7,22.39,共有部分,鋼筋混凝土造,95年8月8日,十五層,
RPXOMLPJJIIFFAE18CC,7,15.60,共有部分,鋼筋混凝土造,95年8月8日,十五層,
RPTNMLQJJIIFFBE87CC,7,110.18,住家用,鋼筋混凝土造,96年4月13日,十五層,
RPTNMLQJJIIFFBE87CC,7,12.77,住家用,鋼筋混凝土造,96年4月13日,十五層,
RPWOMLQJJIIFFBE28CC,19,318.17,商業用,鋼筋混凝土造,83年6月10日,十二層,
RPRNMLPJJIIFFDE77CC,32,164.93,商業用,鋼筋混凝土造,70年7月12日,五層,
RPVOMLQJJIIFFBE18CC,17,120.60,住家用,鋼筋混凝土造,86年4月21日,三十五層,
RPSPMLQJJIIFFBE97CC,10,58.08,住家用,鋼筋混凝土造,92年7月4日,十四層,
RPSPMLQJJIIFFBE97CC,10,22.74,見其他登記事項,鋼筋混凝土造,92年7月4日,十四層,
RPRPMLRJJIIFFGE48CC,23,263.31,見使用執照,鋼筋混凝土造,79年11月17日,四層,
RPVNMLRJJIIFFAE08CC,9,90.83,住家用,鋼筋混凝土造,93年8月11日,十四層,
RPVNMLRJJIIFFAE08CC,9,36.43,共有部分,鋼筋混凝土造,93年8月11日,十四層,
RPWNMLRJJIIFFAE18CC,8,84.65,商業用,鋼筋混凝土造,94年5月20日,十四層,
RPWNMLRJJIIFFAE18CC,8,11.59,共有部分,鋼筋混凝土造,94年5月20日,十四層,
RPOQMLRJJIIFFDE97CC,22,159.16,,鋼筋混凝土造,80年9月18日,十二層,
RPSQMLRJJIIFFDE38CC,17,220.60,住商用,鋼筋混凝土造,86年4月19日,十四層,
RPSOMLRJJIIFFCE08CC,16,207.61,住商用,鋼筋混凝土造,86年5月27日,二十七層,
RPVNMLSJJIIFFDE48CC,32,307.20,,鋼筋混凝土造,70年6月19日,五層,
RPOOMLSJJIIFFDE87CC,35,66.69,,鋼筋混凝土造,67年11月25日,五層,
RPWOMLSJJIIFFAE38CC,24,191.35,住家用,鋼筋混凝土造,78年11月27日,十九層,
RPPOMLSJJIIFFBE77CC,25,151.84,,鋼筋混凝土造,78年1月14日,十七層,
RPRNMLSJJIIFFGE38CC,32,73.01,住家用,鋼筋混凝土造,70年4月15日,五層,
RPOQMLSJJIIFFCE97CC,19,232.09,住家用,鋼筋混凝土造,84年4月11日,七層,
RPPNMLTJJIIFFEE08CC,9,41.27,住商用,鋼筋混凝土造,94年4月20日,四層,
RPQOMLSJJIIFFGE38CC,16,345.36,見使用執照,鋼筋混凝土造,87年4月25日,四層,
RPQNMLSJJIIFFFE18CC,22,28.89,見其他登記事項,鋼筋混凝土造,80年3月14日,十二層,
RPXNMLSJJIIFFGE98CC,17,34.48,住商用,鋼筋混凝土造,85年9月28日,五層,
RPXNMLSJJIIFFGE98CC,17,14.40,住商用,鋼筋混凝土造,85年9月28日,五層,
RPVNMLTJJIIFFAE28CC,84,133.38,,見使用執照,18年9月9日,,
RPSPMLLKJIIFFBE57CC,17,126.68,住家用,鋼筋混凝土造,86年4月21日,三十五層,
RPUNMLTJJIIFFEE58CC,18,84.50,住家用,鋼筋混凝土造,84年12月11日,十二層,
RPTPMLLKJIIFFBE67CC,17,122.31,住家用,鋼筋混凝土造,86年4月21日,三十五層,
RPVNMLLKJIIFFAE57CC,9,216.80,住商用,鋼筋混凝土造,94年4月28日,五層,
RPSPMLLKJIIFFEE87CC,18,103.09,住家用,鋼筋混凝土造,84年10月20日,二十四層,
RPSPMLLKJIIFFEE87CC,18,31.98,見使用執照,鋼筋混凝土造,84年10月20日,二十四層,
RPVOMLLKJIIFFCE87CC,50,93.08,,加強磚造,53年1月1日,二層,
RPTOMLMKJIIFFGE18CC,1,129.05,見其他登記事項,見其他登記事項,100年10月17日,一層,
RPVOMLMKJIIFFEE28DC,32,89.75,,鋼筋混凝土造,70年12月24日,五層,
RPQOMLMKJIIFFEE67CC,33,21.41,,鋼筋混凝土造,69年6月26日,三層,
RPXPMLMKJIIFFEE58DC,1,147.39,商業用,鋼筋混凝土造,101年10月4日,十五層,
RPXPMLMKJIIFFEE58DC,1,54.94,見其它登記事項,鋼筋混凝土造,101年10月4日,十五層,
RPOOMLMKJIIFFEE47CC,2,393.47,住家用,鋼筋混凝土造,100年10月3日,二十七層,
RPRNMLMKJIIFFAE27CC,83,134.71,,磚造,19年6月16日,二層,
RPOQMLMKJIIFFEE77DC,14,54.31,國民住宅,見使用執照,89年2月17日,十四層,
RPOQMLMKJIIFFEE77DC,14,97.29,國民住宅,見其它登記事項,89年2月17日,十四層,
RPWOMLMKJIIFFBE97CC,17,23.07,住家用,鋼筋混凝土造,85年6月3日,十三層,
RPWOMLMKJIIFFBE97CC,17,14.24,住家用,鋼筋混凝土造,85年6月3日,十三層,
RPWOMLMKJIIFFBE97CC,17,10.73,見使用執照,鋼筋混凝土造,85年6月3日,十三層,
RPVNMLMKJIIFFAE67CC,18,1085.70,商業用,鋼筋混凝土造,85年5月6日,十二層,
RPVNMLMKJIIFFDE97CC,17,17.04,住家用,鋼筋混凝土造,85年7月29日,十六層,
RPPPMLNKJIIFFBE47CC,21,59.24,商業用,鋼筋混凝土造,82年4月1日,二十層,
RPPPMLNKJIIFFBE47CC,21,8.71,見使用執照,鋼筋混凝土造,82年4月1日,二十層,
RPOOMLNKJIIFFAE17CC,19,178.96,商業用,鋼筋混凝土造,84年1月25日,二十三層,
RPOOMLNKJIIFFAE17CC,19,33.07,商業用,鋼筋混凝土造,84年1月25日,二十三層,
RPOOMLNKJIIFFAE17CC,19,15.62,商業用,鋼筋混凝土造,84年1月25日,二十三層,
RPOOMLNKJIIFFAE17CC,19,64.10,商業用,鋼筋混凝土造,84年1月25日,二十三層,
RPVOMLNKJIIFFBE97CC,12,141.84,見其他登記事項,見其他登記事項,90年4月18日,二十九層,
RPVOMLNKJIIFFAE87CC,5,100.33,商業用,鋼筋混凝土造,97年11月4日,十九層,
RPVNMLNKJIIFFAE77CC,19,215.75,住商用,鋼筋混凝土造,84年1月25日,四層,
RPPPMLNKJIIFFEE77CC,20,51.19,住家用,鋼筋混凝土造,82年6月1日,七層,
RPROMLNKJIIFFAE47CC,1,218.54,商業用,鋼筋混凝土造,101年12月10日,二層,
RPQOMLNKJIIFFDE77DC,24,247.62,,鋼筋混凝土造,78年12月22日,十六層,
RPSNMLOKJIIFFFE08CC,20,70.88,住家用,鋼筋混凝土造,82年5月11日,十三層,
RPTQMLNKJIIFFEE28CC,17,169.31,商業用,鋼筋混凝土造,86年1月22日,十九層,
RPTQMLNKJIIFFEE28CC,17,17.01,見使用執照,鋼筋混凝土造,86年1月22日,十九層,
RPUQMLNKJIIFFEE38CC,8,55.11,住家用,鋼筋混凝土造,94年6月14日,十五層,
RPUQMLNKJIIFFEE38CC,8,46.86,見使用執照,鋼筋混凝土造,94年6月14日,十五層,
RPXOMLOKJIIFFIE98CC,20,219.48,住家用,鋼筋混凝土造,83年3月18日,五層,
RPXOMLOKJIIFFIE98CC,20,30.64,住家用,鋼筋混凝土造,83年3月18日,五層,
RPXOMLOKJIIFFIE98CC,20,.07,住家用,鋼筋混凝土造,83年3月18日,五層,
RPVNMLOKJIIFFBE97CC,23,42.50,,鋼筋混凝土造,80年4月11日,十二層,
RPQNMLOKJIIFFAE37CC,18,396.10,商業用,鋼骨混凝土造,84年11月22日,二十五層,
RPQQMLPKJIIFFAE77CC,18,150.81,住家用,鋼筋混凝土造,84年6月15日,十六層,
RPPQMLPKJIIFFAE67CC,45,35.87,,加強磚造,57年8月12日,五層,
RPPQMLPKJIIFFAE67CC,45,10.26,,加強磚造,57年8月12日,五層,
RPRQMLPKJIIFFAE87CC,22,43.70,住家用,鋼筋混凝土造,80年8月10日,十六層,
RPTRMLPKJIIFFAE18CC,23,94.54,商業用,鋼筋混凝土造,80年4月2日,八層,
RPTOMLPKJIIFFDE18CC,28,95.29,,鋼筋混凝土造,75年1月28日,五層,
RPRNMLPKJIIFFBE67CC,27,43.72,,鋼筋混凝土造,75年12月3日,五層,
RPRNMLPKJIIFFBE67CC,27,17.48,,鋼筋混凝土造,75年12月3日,五層,
RPRNMLPKJIIFFBE67CC,27,51.29,,鋼筋混凝土造,75年12月3日,五層,
RPSOMLPKJIIFFDE08CC,28,88.57,,鋼筋混凝土造,74年8月5日,二層,
RPTNMLPKJIIFFFE28CC,23,139.22,住家用,加強磚造,79年11月20日,二層,
RPROMLPKJIIFFIE48CC,29,47.22,住商用,鋼筋混凝土造,74年3月30日,四層,
RPPOMLPKJIIFFGE08CC,25,92.48,住家用,鋼筋混凝土造,77年12月6日,五層,
RPQPMLPKJIIFFEE08CC,15,111.57,住家用,鋼筋混凝土造,87年8月14日,二十三層,
RPQPMLPKJIIFFEE08CC,15,45.69,見使用執照,鋼筋混凝土造,87年8月14日,二十三層,
RPPPMLPKJIIFFEE97CC,18,241.31,住商用,鋼筋混凝土造,85年5月6日,五層,
RPRNMLPKJIIFFCE77CC,4,54.99,住家用,鋼筋混凝土造,98年12月24日,十九層,
RPRNMLPKJIIFFCE77CC,4,8.43,住家用,鋼筋混凝土造,98年12月24日,十九層,
RPRNMLPKJIIFFCE77CC,4,39.40,住家用,鋼筋混凝土造,98年12月24日,十九層,
RPPNMLQKJIIFFCE67CC,15,166.21,住商用,鋼筋混凝土造,87年9月19日,十四層,
RPTNMLQKJIIFFEE28CC,24,142.08,住商用,鋼筋混凝土造,78年9月7日,七層,
RPTNMLQKJIIFFEE28CC,24,49.35,見使用執照,鋼筋混凝土造,78年9月7日,七層,
RPUNMLQKJIIFFEE38CC,21,98.02,住商用,鋼筋混凝土造,82年2月24日,七層,
RPUNMLQKJIIFFEE38CC,21,37.46,見使用執照,鋼筋混凝土造,82年2月24日,七層,
RPPNMLQKJIIFFAE47CC,24,55.80,商業用,鋼筋混凝土造,79年2月23日,十二層,
RPPNMLSKJIIFFBE77CC,26,132.09,,鋼筋混凝土造,77年2月3日,七層,
RPRNMLSKJIIFFBE97CC,23,33.58,,鋼筋混凝土造,79年8月30日,十二層,
RPRNMLSKJIIFFBE97CC,23,17.47,,鋼筋混凝土造,79年8月30日,十二層,
RPQNMLSKJIIFFBE87CC,5,123.27,商業用,鋼筋混凝土造,97年10月28日,二層,
RPQNMLSKJIIFFBE87CC,5,123.20,商業用,鋼筋混凝土造,97年10月28日,二層,
RPROMLSKJIIFFEE38CC,13,198.13,住家用,見其它登記事項,89年6月23日,十四層,
RPSNMLSKJIIFFBE08CC,1,77.67,住家用,鋼筋混凝土造,102年1月10日,十五層,
RPOPMLTKJIIFFIE68CC,18,231.91,住商用,鋼筋混凝土造,85年1月31日,五層,
RPUOMLTKJIIFFFE88CC,22,84.59,住商用,鋼筋混凝土造,80年9月18日,四層,
RPXNMLTKJIIFFGE56CC,23,233.75,住商用,鋼筋混凝土造,79年7月8日,四層,
RPOOMLTKJIIFFFE28CC,1,211.50,住商用,鋼筋混凝土造,102年1月14日,二層,
RPUNMLTKJIIFFEE68CC,25,175.33,住家用,鋼筋混凝土造,77年5月12日,五層,
RPUNMLTKJIIFFEE68CC,25,11.84,見使用執照,鋼筋混凝土造,77年5月12日,,
RPQOMLTKJIIFFFE48CC,3,178.48,住商用,鋼筋混凝土造,100年3月31日,三層,
RPWNMLTKJIIFFGE09CC,14,119.49,住家用,鋼筋混凝土造,88年7月12日,十四層,
RPWNMLTKJIIFFCE68CC,28,115.94,,見使用執照,75年5月8日,一層,
RPSOMLTKJIIFFGE78CC,17,85.44,住家用,鋼筋混凝土造,85年12月3日,二十七層,
RPTPMLTKJIIFFBE48CC,41,57.06,住商用,加強磚造,61年10月24日,三層,
RPRPMLTKJIIFFBE28CC,50,67.04,,加強磚造,52年7月24日,三層,
RPVNMLTKJIIFFBE48CC,37,183.18,,鋼筋混凝土造,65年10月7日,三層,
RPWOMLTKJIIFFCE78CC,26,174.52,住商用,鋼筋混凝土造,76年12月14日,三層,
RPPPMLTKJIIFFBE08CC,41,166.32,住商用,加強磚造,61年10月24日,三層,
RPUPMLTKJIIFFBE58CC,41,187.10,,加強磚造,62年5月11日,三層,
RPSOMLTKJIIFFBE28CC,15,133.53,住商用,鋼筋混凝土造,88年3月26日,十層,
RPSOMLTKJIIFFBE28CC,15,31.46,見其他登記事項,鋼筋混凝土造,88年3月26日,十層,
RPXOMLTKJIIFFBE78CC,5,31.01,住家用,鋼筋混凝土造,97年9月19日,十三層,
RPXOMLTKJIIFFBE78CC,5,8.41,共有部分,鋼筋混凝土造,97年9月19日,十三層,
RPXOMLTKJIIFFBE78CC,5,8.59,共有部分,鋼筋混凝土造,97年9月19日,十三層,
RPWPMLTKJIIFFBE78CC,41,158.70,,加強磚造,62年4月20日,三層,
RPUNMLKLJIIFFAE47CC,8,156.25,住家用,鋼筋混凝土造,94年6月16日,十四層,
RPWOMLKLJIIFFBE87CC,27,110.01,,鋼筋混凝土造,75年12月3日,五層,
RPUOMLLLJIIFFEE08CC,8,100.09,商業用,鋼筋混凝土造,94年12月6日,十三層,
RPWNMLTKJIIFFAE48CC,8,54.42,住家用,鋼筋混凝土造,95年4月14日,十五層,
RPTPMLKLJIIFFAE57CC,8,92.92,住家用,鋼筋混凝土造,95年2月20日,十五層,
RPTNMLKLJIIFFEE77CC,24,20.74,見其它登記事項,鋼筋混凝土造,79年3月26日,十九層,
RPTOMLTKJIIFFAE28CC,21,159.32,住家用,鋼筋混凝土造,81年7月17日,十四層,
RPWPMLKLJIIFFAE87CC,9,115.30,住家用,鋼筋混凝土造,93年11月26日,十四層,
RPVNMLLLJIIFFBE77CC,38,144.51,,加強磚造,64年7月31日,三層,
RPURMLMLJIIFFAE08CC,17,42.47,住商用,鋼筋混凝土造,85年8月31日,五層,
RPTOMLMLJIIFFBE77CC,8,62.58,住商用,鋼筋混凝土造,94年10月19日,五層,
RPUPMLMLJIIFFBE97CC,34,97.84,,鋼筋混凝土造,68年11月19日,七層,
RPVOMLLLJIIFFBE87CC,21,334.36,商業用,鋼骨鋼筋混凝土造,81年7月25日,四十二層,
RPVPMLMLJIIFFBE08CC,48,114.98,住商用,加強磚造,54年8月15日,二層,
RPXNMLLLJIIFFAE87CC,24,41.22,商業用,鋼筋混凝土造,79年2月16日,十二層,
RPTNMLMLJIIFFBE67CC,1,90.74,住家用,鋼筋混凝土造,102年1月10日,十五層,
RPTNMLMLJIIFFBE67CC,1,65.98,共有部分,鋼筋混凝土造,102年1月10日,十五層,
RPROMLMLJIIFFBE57CC,36,101.14,,鋼筋混凝土造,66年11月10日,五層,
RPVNMLMLJIIFFGE38CC,20,29.72,住商用,鋼筋混凝土造,82年5月26日,五層,
RPVNMLMLJIIFFGE38CC,20,41.97,住商用,鋼筋混凝土造,82年5月26日,五層,
RPWNMLMLJIIFFCE08CC,6,142.00,住家用,鋼筋混凝土造,96年9月20日,十八層,
RPWNMLMLJIIFFEE28CC,25,324.01,住商用,鋼筋混凝土造,77年11月19日,四層,
RPOOMLMLJIIFFCE37CC,16,145.38,住家用,鋼筋混凝土造,86年5月27日,二十七層,
RPXPMLMLJIIFFCE38CC,39,106.18,,鋼筋混凝土造,64年1月22日,四層,
RPQNMLNLJIIFFEE77CC,18,45.86,住家用,鋼筋混凝土造,84年10月19日,二十一層,
RPQNMLNLJIIFFAE37CC,,13.84,住家用,鋼筋混凝土造,102年5月27日,十五層,
RPROMLPLJIIFFAE77CC,34,436.02,,鋼筋混凝土造,68年12月5日,000,
RPVOMLPLJIIFFDE48CC,28,160.66,,鋼筋混凝土造,74年5月17日,五層,
RPPNMLNLJIIFFEE67CC,1,132.59,住家用,鋼筋混凝土造,101年11月23日,十五層,
RPUOMLPLJIIFFGE68CC,37,81.55,住商用,加強磚造,66年5月12日,二層,
RPPOMLPLJIIFFBE67CC,39,56.97,,加強磚造,64年2月22日,二層,
RPTPMLPLJIIFFGE68CC,8,117.49,見其他登記事項,見其他登記事項,95年2月15日,五層,
RPWNMLPLJIIFFIE98CC,33,87.75,住家用,鋼筋混凝土造,70年2月13日,四層,
RPPOMLPLJIIFFIE38CC,33,87.75,住家用,鋼筋混凝土造,70年2月13日,四層,
RPTNMLPLJIIFFFE38CC,20,85.22,住家用,鋼筋混凝土造,82年6月10日,八層,
RPROMLPLJIIFFIE58CC,33,87.75,住家用,鋼筋混凝土造,70年2月13日,四層,
RPTOMLQLJIIFFGE68CC,13,139.01,住商用,鋼筋混凝土造,89年12月2日,十四層,
RPRNMLQLJIIFFCE97CC,26,62.18,住商用,鋼筋混凝土造,77年5月19日,五層,
RPXNMLQLJIIFFFE88CC,19,144.72,住商用,鋼筋混凝土造,84年1月15日,十六層,
RPPOMLQLJIIFFDE97CC,28,197.81,,鋼筋混凝土造,75年2月21日,五層,
RPXNMLQLJIIFFDE68CC,19,61.02,住家用,鋼筋混凝土造,84年5月9日,二十一層,
RPXNMLQLJIIFFDE68CC,19,9.49,見使用執照,鋼筋混凝土造,84年5月9日,二十一層,
RPXNMLQLJIIFFDE68CC,19,8.80,見使用執照,鋼筋混凝土造,84年5月9日,二十一層,
RPUOMLQLJIIFFEE58CC,15,144.84,住商用,鋼筋混凝土造,87年11月10日,二十二層,
RPPOMLQLJIIFFAE67CC,36,173.28,,鋼筋混凝土造,67年5月13日,四層,
RPWNMLQLJIIFFAE28CC,2,221.45,住商用,鋼筋混凝土造,100年7月8日,四層,
RPOOMLQLJIIFFAE57CC,7,87.40,住商用,鋼筋混凝土造,95年5月25日,四層,
RPOOMLQLJIIFFAE57CC,7,78.41,住商用,鋼筋混凝土造,95年5月25日,四層,
RPOOMLQLJIIFFAE57CC,7,73.11,住商用,鋼筋混凝土造,95年5月25日,四層,
RPOOMLQLJIIFFAE57CC,7,38.66,住商用,鋼筋混凝土造,95年5月25日,四層,
RPOOMLQLJIIFFAE57CC,7,13.69,住商用,鋼筋混凝土造,95年5月25日,四層,
RPOOMLQLJIIFFAE57CC,7,52.06,住商用,鋼筋混凝土造,95年5月25日,四層,
RPTNMLQLJIIFFAE97CC,23,172.68,見使用執照,鋼筋混凝土造,79年9月15日,十四層,
RPROMLQLJIIFFAE87CC,6,150.31,商業用,鋼筋混凝土造,97年1月3日,十四層,
RPROMLQLJIIFFAE87CC,6,62.47,商業用,鋼筋混凝土造,97年1月3日,十四層,
RPROMLQLJIIFFAE87CC,6,21.52,商業用,鋼筋混凝土造,97年1月3日,十四層,
RPROMLQLJIIFFAE87CC,6,6.80,商業用,鋼筋混凝土造,97年1月3日,十四層,
RPROMLQLJIIFFAE87CC,6,66.24,商業用,鋼筋混凝土造,97年1月3日,十四層,
RPVNMLQLJIIFFBE28CC,17,59.65,住家用,鋼筋混凝土造,86年4月21日,三十五層,
RPVNMLQLJIIFFBE28CC,17,13.71,住家用,鋼筋混凝土造,86年4月21日,三十五層,
RPVNMLQLJIIFFBE28CC,17,40.61,住家用,鋼筋混凝土造,86年4月21日,三十五層,
RPPQMLRLJIIFFAE97CC,2,208.66,商業用,鋼筋混凝土造,101年4月19日,二十八層,
RPVQMLRLJIIFFAE58CC,8,54.67,商業用,鋼筋混凝土造,95年4月7日,十三層,
RPOQMLRLJIIFFAE87CC,9,231.54,住商用,鋼筋混凝土造,94年4月28日,五層,
RPOPMLRLJIIFFDE08CC,15,396.70,住商用,鋼筋混凝土造,87年10月6日,五層,
RPOOMLRLJIIFFBE77CC,24,38750.25,,鋼筋混凝土造,78年10月21日,七層,
RPVPMLRLJIIFFBE58CC,37,77.36,,鋼筋混凝土造,65年11月24日,十層,
RPVPMLRLJIIFFDE78CC,44,138.80,商業用,鋼筋混凝土造,58年6月26日,六層,
RPPPMLRLJIIFFCE08CC,29,175.36,,鋼筋混凝土造,74年5月6日,四層,
RPPPMLRLJIIFFCE08CC,29,.09,見使用執照,鋼筋混凝土造,74年5月6日,三層,
RPQPMLRLJIIFFCE18CC,20,497.16,住商用,鋼筋混凝土造,82年12月14日,七層,
RPOPMLRLJIIFFEE18CC,14,220.12,住商用,見使用執照,89年2月1日,二層,
RPOPMLRLJIIFFEE18CC,6,84.94,住商用,鋼筋混凝土造,96年11月21日,二層,
RPSQMLRLJIIFFEE68CC,7,312.23,住商用,鋼筋混凝土造,96年2月5日,四層,
RPORMLRLJIIFFEE38CC,18,364.12,住商用,鋼筋混凝土造,85年2月12日,十六層,
RPRPMLRLJIIFFCE28CC,15,253.24,商業用,鋼筋混凝土造,87年7月14日,二十八層,
RPRRMLRLJIIFFEE68CC,19,116.80,住商用,鋼筋混凝土造,83年12月24日,十層,
RPSPMLRLJIIFFGE88DC,15,184.14,住家用,鋼筋混凝土造,88年4月30日,十四層,
RPVPMLRLJIIFFEE98DC,17,315.66,住商用,鋼筋混凝土造,85年6月6日,五層,
RPQNMLRLJIIFFLE88CC,20,103.51,住家用,鋼筋混凝土造,83年2月5日,十層,
RPTPMLRLJIIFFGE98DC,15,184.14,住家用,鋼筋混凝土造,88年4月30日,十四層,
RPOPMLRLJIIFFCE08DC,38,162.12,住商用,加強磚造,64年5月16日,三層,
RPOOMLSLJIIFFBE87CC,17,165.29,住商用,鋼筋混凝土造,86年4月21日,三十五層,
RPSNMLSLJIIFFBE18CC,20,45.96,住家用,鋼筋混凝土造,82年10月5日,十二層,
RPQOMLSLJIIFFBE08CC,35,207.40,,鋼筋混凝土造,67年7月22日,四層,
RPUOMLSLJIIFFEE78CC,33,160.07,,鋼筋混凝土造,70年4月11日,三層,
RPQPMLSLJIIFFEE48CC,8,108.39,住家用,鋼筋混凝土造,94年10月12日,十五層,
RPQPMLSLJIIFFEE48CC,8,26.67,見使用執照,鋼筋混凝土造,94年10月12日,十五層,
RPVOMLSLJIIFFAE48CC,24,44.93,商業用,鋼筋混凝土造,79年2月23日,十二層,
RPXOMLSLJIIFFAE68CC,7,87.80,住家用,鋼筋混凝土造,95年8月25日,十五層,
RPXOMLSLJIIFFAE68CC,7,41.27,共有部分,鋼筋混凝土造,95年8月25日,十五層,
RPWOMLSLJIIFFAE58CC,9,65.64,住家用,鋼筋混凝土造,93年12月6日,十四層,
RPWOMLSLJIIFFAE58CC,9,28.05,共有部分,鋼筋混凝土造,93年12月6日,十四層,
RPQPMLSLJIIFFDE38CC,16,122.20,住家用,鋼筋混凝土造,86年7月9日,十四層,
RPTNMLTLJIIFFDE58CC,21,180.95,住商用,鋼筋混凝土造,81年7月31日,七層,
RPUOMLTLJIIFFGE09CC,13,204.92,住商用,見其他登記事項,90年2月10日,十四層,
RPUOMLTLJIIFFGE09CC,13,42.09,見使用執照,見其他登記事項,90年2月10日,十四層,
RPROMLTLJIIFFFE68CC,36,158.26,住商用,鋼筋混凝土造,66年8月20日,三層,
RPQNMLKMJIIFFJE08CC,19,206.84,住商用,鋼筋混凝土造,83年12月29日,四層,
RPRNMLKMJIIFFCE47CC,2,129.85,住商用,見其它登記事項,100年5月11日,十五層,
RPUNMLKMJIIFFEE97CC,7,86.19,住家用,鋼筋混凝土造,95年5月5日,十三層,
RPUNMLKMJIIFFEE97CC,7,36.78,見使用執照,鋼筋混凝土造,95年5月5日,十三層,
RPSNMLLJKIIFFAE27CC,17,85.37,,鋼筋混凝土造,85年11月20日,十三層,
RPQNMLLJKIIFFAE07CC,7,23.61,住家用,鋼筋混凝土造,95年6月26日,十五層,
RPRNMLLJKIIFFDE47CC,22,348.23,見使用執照,鋼筋混凝土造,81年3月5日,七層,
RPUNMLMJKIIFFDE87CC,20,78.31,住家用,鋼筋混凝土造,83年3月17日,七層,
RPWNMLMJKIIFFDE08CC,28,179.16,,鋼筋混凝土造,75年5月22日,三層,
RPVNMLMJKIIFFAE67CC,24,237.81,商業用,鋼筋混凝土造,78年11月27日,十二層,
RPTOMLMJKIIFFBE67CC,21,157.75,商業用,鋼筋混凝土造,81年6月29日,二十五層,
RPWOMLMJKIIFFBE97CC,5,272.03,住商用,鋼筋混凝土造,97年12月22日,四層,
RPPNMLMJKIIFFCE27CC,20,270.86,商業用,鋼筋混凝土造,82年7月30日,二十四層,
RPWNMLNJKIIFFEE28CC,7,98.37,住商用,鋼筋混凝土造,96年4月2日,四層,
RPWNMLNJKIIFFEE28CC,7,118.75,住商用,鋼筋混凝土造,96年4月2日,四層,
RPTNMLNJKIIFFIE48DC,20,153.90,工業用,見其他登記事項,83年4月18日,一層,
RPQNMLMJKIIFFCE37CC,2,221.49,見其它登記事項,見其它登記事項,100年9月21日,一層,
RPSOMLNJKIIFFEE97CC,7,757.74,住商用,鋼筋混凝土造,95年7月6日,十五層,
RPPOMLNJKIIFFDE57CC,36,55.53,,鋼筋混凝土造,67年2月18日,六層,
RPQOMLNJKIIFFAE37CC,4,335.64,商業用,鋼筋混凝土造,98年8月18日,十三層,
RPROMLOJKIIFFAE57CC,15,217.35,住商用,鋼筋混凝土造,87年12月24日,八層,
RPROMLOJKIIFFAE57CC,15,118.59,住商用,鋼筋混凝土造,87年12月24日,八層,
RPROMLOJKIIFFAE57CC,15,121.10,住商用,鋼筋混凝土造,87年12月24日,八層,
RPSOMLOJKIIFFAE67CC,15,217.35,住商用,鋼筋混凝土造,87年12月24日,八層,
RPSOMLOJKIIFFAE67CC,15,118.59,住商用,鋼筋混凝土造,87年12月24日,八層,
RPSOMLOJKIIFFAE67CC,15,121.10,住商用,鋼筋混凝土造,87年12月24日,八層,
RPSOMLOJKIIFFDE97CC,29,89.39,,鋼筋混凝土造,73年11月19日,五層,
RPUNMLOJKIIFFBE87CC,23,513.02,,鋼筋混凝土造,80年1月24日,十二層,
RPPOMLOJKIIFFEE77CC,35,197.52,,鋼筋混凝土造,68年3月26日,三層,
RPWOMLOJKIIFFCE28CC,30,47.17,,鋼筋混凝土造,72年6月3日,十二層,
RPWOMLOJKIIFFCE28CC,30,47.98,,鋼筋混凝土造,72年6月3日,十二層,
RPSOMLOJKIIFFGE28CC,18,103.85,住商用,鋼筋混凝土造,85年4月6日,十二層,
RPXNMLPJKIIFFCE38CC,42,75.49,住家用,加強磚造,60年9月3日,二層,
RPVOMLPJKIIFFGE68CC,18,508.41,住商用,鋼筋混凝土造,84年6月15日,二十層,
RPRNMLOJKIIFFIE28CC,32,166.00,住家用,鋼筋混凝土造,70年5月15日,五層,
RPRNMLOJKIIFFIE28CC,32,166.00,住家用,鋼筋混凝土造,70年5月15日,五層,
RPRQMLPJKIIFFEE28CC,7,172.04,住商用,鋼筋混凝土造,96年2月5日,五層,
RPOPMLPJKIIFFEE87CC,9,123.77,住家用,鋼筋混凝土造,94年2月2日,十四層,
RPXNMLOJKIIFFEE48CC,18,86.48,住家用,鋼筋混凝土造,84年8月17日,二十八層,
RPTNMLPJKIIFFDE08CC,46,53.03,住商用,加強磚造,57年1月8日,二層,
RPWOMLPJKIIFFDE48CC,41,111.25,,加強磚造,61年7月19日,二層,
RPPPMLPJKIIFFDE87CC,26,78.32,,鋼筋混凝土造,76年8月14日,五層,
RPQPMLQJKIIFFGE38CC,39,183.33,住商用,加強磚造,64年2月20日,三層,
RPVOMLQJKIIFFAE18CC,1,146.08,住家用,鋼筋混凝土造,101年7月10日,十五層,
RPPOMLQJKIIFFBE67CC,29,120.67,,鋼筋混凝土造,73年9月19日,十二層,
RPUOMLQJKIIFFDE38CC,24,252.23,,鋼筋混凝土造,78年9月29日,十二層,
RPPNMLRJKIIFFBE67CC,29,18.31,,鋼筋混凝土造,73年10月27日,七層,
RPRNMLRJKIIFFBE87CC,17,81.81,商業用,鋼造,86年2月12日,二十七層,
RPTNMLQJKIIFFFE38CC,28,169.66,住家用,鋼筋混凝土造,74年5月30日,三層,
RPUOMLQJKIIFFBE18CC,30,261.04,住商用,鋼筋混凝土造,72年12月8日,五層,
RPUOMLQJKIIFFBE18CC,52,66.56,,加強磚造,51年5月23日,二層,
RPUOMLTJKIIFFBE48CC,1,76.77,住家用,鋼筋混凝土造,102年1月10日,十五層,
RPOQMLTJKIIFFEE38CC,2,139.98,住商用,鋼筋混凝土造,100年7月15日,五層,
RPSNMLLKKIIFFEE77CC,33,53.91,,鋼筋混凝土造,69年6月19日,三層,
RPVNMLLKKIIFFCE87CC,15,82.18,住家用,見其它登記事項,88年2月9日,三十九層,
RPVNMLLKKIIFFCE87CC,15,9.66,住家用,見其它登記事項,88年2月9日,三十九層,
RPVNMLLKKIIFFCE87CC,15,31.17,住家用,見其它登記事項,88年2月9日,三十九層,
RPTNMLTJKIIFFDE48CC,26,46.31,,鋼筋混凝土造,76年10月28日,三層,
RPOOMLLKKIIFFCE27CC,21,86.80,住家用,鋼筋混凝土造,81年8月7日,六層,
RPOOMLLKKIIFFCE27CC,21,2.33,見使用執照,鋼筋混凝土造,81年8月7日,六層,
RPOOMLLKKIIFFCE27CC,21,41.82,見使用執照,鋼筋混凝土造,81年8月7日,六層,
RPTNMLLKKIIFFFE97CC,21,2904.00,工業用,鋼造,82年3月1日,一層,
RPQNMLLKKIIFFIE08DC,,644.97,見其他登記事項,鋼筋混凝土造,102年6月13日,三層,
RPUNMLLKKIIFFDE87CC,12,271.50,住商用,鋼筋混凝土造,90年6月15日,十四層,
RPTOMLLKKIIFFAE57CC,6,142.19,住家用,鋼筋混凝土造,97年4月25日,十五層,
RPTOMLMKKIIFFBE77CC,19,107.63,住家用,鋼筋混凝土造,83年9月10日,二十二層,
RPOOMLLKKIIFFBE17CC,7,245.75,商業用,鋼筋混凝土造,96年5月15日,十五層,
RPTOMLLKKIIFFBE67CC,40,112.10,,加強磚造,62年9月19日,三層,
RPUOMLMKKIIFFAE77CC,18,50.36,住家用,鋼筋混凝土造,84年7月7日,二十七層,
RPOPMLMKKIIFFDE57CC,30,101.60,,鋼筋混凝土造,72年10月24日,五層,
RPXOMLMKKIIFFEE58DC,9,173.07,住商用,鋼筋混凝土造,94年4月20日,四層,
RPRNMLMKKIIFFGE97CC,33,89.40,住商用,鋼筋混凝土造,70年1月20日,六層,
RPSOMLMKKIIFFGE18CC,17,171.53,見使用執照,鋼筋混凝土造,85年10月1日,四層,
RPWPMLNKKIIFFEE58CC,14,95.98,住家用,見其它登記事項,88年6月16日,十四層,
RPWPMLNKKIIFFEE58CC,14,53.20,見使用執照,見使用執照,88年6月16日,十四層,
RPSOMLMKKIIFFEE97CC,30,92.11,國民住宅,鋼筋混凝土造,72年8月13日,五層,
RPVPMLNKKIIFFEE48CC,19,71.86,住商用,鋼筋混凝土造,83年11月5日,十層,
RPVPMLNKKIIFFEE48CC,19,31.40,見使用執照,鋼筋混凝土造,83年11月5日,十層,
RPPOMLNKKIIFFEE77CC,2,151.86,住商用,鋼筋混凝土造,100年10月3日,十三層,
RPPOMLNKKIIFFEE77CC,2,66.83,共有部分,鋼筋混凝土造,100年10月3日,十三層,
RPOOMLNKKIIFFCE47CC,27,95.08,,鋼筋混凝土造,75年10月1日,五層,
RPQOMLMKKIIFFEE77CC,16,817.99,商業用,鋼筋混凝土造,87年2月17日,二十六層,
RPQOMLNKKIIFFIE28CC,30,104.99,住商用,加強磚造,72年11月25日,二層,
RPOQMLNKKIIFFEE87CC,13,197.96,住家用,見使用執照,89年6月23日,十四層,
RPOOMLNKKIIFFAE27CC,10,712.58,商業用,見其它登記事項,92年8月18日,一層,
RPWNMLNKKIIFFDE28CC,24,157.09,,鋼筋混凝土造,79年3月22日,十二層,
RPPOMLNKKIIFFDE67CC,2,304.08,商業用,見其它登記事項,100年12月5日,二層,
RPTNMLNKKIIFFBE77CC,35,65.42,,加強磚造,68年1月23日,二層,
RPUOMLNKKIIFFAE87CC,1,75.73,住家用,鋼筋混凝土造,102年5月27日,十五層,
RPPNMLOKKIIFFEE77CC,20,125.26,住家用,鋼筋混凝土造,83年2月28日,十層,
RPOPMLNKKIIFFBE47CC,43,74.52,住家用,加強磚造,59年7月16日,二層,
RPROMLQKKIIFFCE08CC,7,276.05,住家用,鋼筋混凝土造,95年8月22日,四層,
RPQNMLQKKIIFFBE87DC,15,125.64,商業用,鋼骨鋼筋混凝土造,88年4月1日,八十五層,
RPQOMLQKKIIFFEE18CC,19,104.24,住家用,鋼筋混凝土造,83年11月5日,十層,
RPOOMLQKKIIFFLE68CC,31,2148.00,工業用,鋼筋混凝土造,72年2月1日,一層,
RPQOMLQKKIIFFBE87CC,29,240.79,,鋼筋混凝土造,73年8月13日,七層,
RPRNMLRKKIIFFAE87CC,19,33.85,住家用,鋼筋混凝土造,84年1月25日,二十三層,
RPSNMLRKKIIFFBE08CC,31,25.58,,鋼筋混凝土造,71年12月2日,十二層,
RPSNMLRKKIIFFBE08CC,31,5.36,,鋼筋混凝土造,71年12月2日,十二層,
RPWNMLQKKIIFFAE28CC,9,49.58,住商用,鋼筋混凝土造,94年5月26日,五層,
RPSOMLRKKIIFFBE18CC,26,150.46,,鋼筋混凝土造,76年12月3日,四層,
RPTNMLQKKIIFFAE97CC,3,283.50,住商用,鋼筋混凝土造,99年9月8日,五層,
RPUNMLRKKIIFFBE28CC,48,100.91,,加強磚造,,二層,
RPUOMLRKKIIFFBE38CC,40,118.68,,加強磚造,63年2月28日,三層,
RPXNMLQKKIIFFAE38CC,7,169.18,住家用,鋼筋混凝土造,95年12月5日,十九層,
RPXNMLQKKIIFFAE38CC,7,70.54,見其它登記事項,鋼筋混凝土造,95年12月5日,十九層,
RPUNMLRKKIIFFCE38CC,16,189.43,住家用,鋼筋混凝土造,86年11月18日,五層,
RPWNMLRKKIIFFEE78CC,18,25.94,住商用,鋼筋混凝土造,84年7月27日,七層,
RPWNMLSKKIIFFDE88DC,23,90.19,,鋼筋混凝土造,79年9月13日,十二層,
RPUPMLSKKIIFFEE88CC,9,224.59,住商用,見使用執照,93年10月8日,四層,
RPSOMLSKKIIFFCE38CC,2,193.81,住商用,見其它登記事項,101年1月31日,四層,
RPWNMLRKKIIFFDE78DC,18,39.57,住家用,鋼筋混凝土造,84年8月1日,七層,
RPWNMLRKKIIFFDE78DC,18,14.74,見使用執照,鋼筋混凝土造,84年8月1日,七層,
RPQOMLSKKIIFFDE28CC,43,100.45,住商用,加強磚造,60年4月17日,二層,
RPUNMLSKKIIFFGE88CC,31,77.59,住家用,鋼筋混凝土造,72年5月20日,五層,
RPPPMLTKKIIFFDE38CC,35,318.93,,鋼筋混凝土造,67年10月13日,四層,
RPUPMLTKKIIFFDE88CC,33,76.95,,鋼筋混凝土造,70年5月13日,五層,
RPPOMLTKKIIFFAE97CC,28,37.39,,鋼筋混凝土造,75年2月17日,十六層,
RPQOMLTKKIIFFAE08CC,9,170.49,住家用,鋼筋混凝土造,94年1月18日,十三層,
RPWQMLTKKIIFFBE98CC,34,223.02,,鋼筋混凝土造,68年7月25日,三層,
RPQQMLTKKIIFFBE38CC,21,260.00,商業用,鋼筋混凝土造,81年9月15日,二十五層,
RPSPMLTKKIIFFBE48CC,34,142.78,,鋼筋混凝土造,68年8月16日,五層,
RPOOMLTKKIIFFBE97CC,24,268.99,,鋼筋混凝土造,78年12月11日,十二層,
RPVOMLTKKIIFFCE78CC,17,55.67,住家用,鋼筋混凝土造,86年5月27日,二十七層,
RPVOMLTKKIIFFCE78CC,17,5.80,住家用,鋼筋混凝土造,86年5月27日,二十七層,
RPVOMLTKKIIFFCE78CC,17,20.07,住家用,鋼筋混凝土造,86年5月27日,二十七層,
RPTOMLTKKIIFFFE98DC,20,263.52,工業用,見其他登記事項,83年4月29日,一層,
RPSOMLNLKIIFFLE88CC,54,188.16,住商用,加強磚造,48年6月20日,二層,
RPOOMLLLKIIFFBE27CC,37,68.99,,鋼筋混凝土造,65年11月24日,十層,
RPTNMLLLKIIFFDE97DC,46,52.28,,鋼筋混凝土加強磚造,56年12月7日,四層,
RPSOMLNLKIIFFBE87CC,45,183.48,,鋼筋混凝土加強磚造,58年1月24日,四層,
RPTNMLKLKIIFFAE57DC,5,83.11,住家用,鋼筋混凝土造,97年8月26日,二十四層,
RPTNMLKLKIIFFAE57DC,5,42.03,共有部分,鋼筋混凝土造,97年8月26日,二十四層,
RPTNMLKLKIIFFDE77CC,33,209.63,,鋼筋混凝土造,69年11月27日,四層,
RPRNMLOLKIIFFBE77CC,45,2577.74,,鋼筋混凝土造,57年9月13日,八層,
RPROMLNLKIIFFAE67CC,8,102.21,住家用,鋼筋混凝土造,95年3月27日,十三層,
RPQOMLOLKIIFFDE97CC,16,92.21,住商用,鋼筋混凝土造,87年5月8日,十四層,
RPQOMLOLKIIFFDE97CC,16,13.92,見使用執照,鋼筋混凝土造,87年5月8日,十四層,
RPROMLOLKIIFFDE08CC,46,73.86,住家用,加強磚造,56年12月3日,二層,
RPTOMLOLKIIFFBE08CC,48,60.86,,加強磚造,54年10月25日,二層,
RPTOMLOLKIIFFBE08CC,48,71.14,,加強磚造,54年10月25日,二層,
RPVNMLPLKIIFFCE38CC,38,162.48,,鋼筋混凝土造,64年12月8日,三層,
RPVOMLPLKIIFFCE48CC,35,55.30,,鋼筋混凝土造,67年10月16日,五層,
RPORMLOLKIIFFEE18CC,6,338.48,住商用,鋼筋混凝土造,96年8月28日,四層,
RPVOMLPLKIIFFGE88CC,38,76.50,住家用,加強磚造,64年9月2日,四層,
RPVOMLPLKIIFFGE88CC,38,25.56,住家用,加強磚造,64年9月2日,四層,
RPTPMLPLKIIFFDE58DC,34,396.34,,鋼筋混凝土造,69年2月21日,五層,
RPRNMLPLKIIFFDE08CC,44,134.66,,加強磚造,58年10月25日,二層,
RPROMLPLKIIFFLE09DC,7,227.00,見其他登記事項,鋼筋混凝土造,95年7月25日,四層,
RPOOMLPLKIIFFAE57CC,8,206.48,住商用,鋼筋混凝土造,95年5月25日,五層,
RPOOMLQLKIIFFDE97CC,1,357.10,見其它登記事項,鋼筋混凝土造,101年9月3日,二層,
RPOOMLQLKIIFFBE77CC,33,91.01,,鋼筋混凝土造,69年8月22日,十二層,
RPOPMLQLKIIFFBE87CC,57,220.60,,加強磚造,45年12月31日,四層,
RPOPMLQLKIIFFGE38CC,25,62.84,住商用,鋼筋混凝土造,77年8月17日,五層,
RPPOMLPLKIIFFAE67CC,9,90.74,住家用,鋼筋混凝土造,94年2月2日,十四層,
RPPOMLPLKIIFFAE67CC,9,35.31,共有部分,鋼筋混凝土造,93年12月8日,十四層,
RPXNMLRLKIIFFGE56CC,25,62.84,住商用,鋼筋混凝土造,77年8月17日,五層,
RPXOMLQLKIIFFGE56CC,25,62.84,住商用,鋼筋混凝土造,77年8月17日,五層,
RPRNMLRLKIIFFBE08CC,32,28.74,,鋼筋混凝土造,70年10月20日,十一層,
RPQOMLRLKIIFFBE08CC,41,483.20,,加強磚造,62年3月12日,四層,
RPOOMLRLKIIFFDE08CC,20,141.65,住商用,鋼筋混凝土造,82年9月2日,十四層,
RPTOMLRLKIIFFBE38CC,17,120.60,住家用,鋼筋混凝土造,86年4月21日,三十五層,
RPRNMLRLKIIFFDE38DC,33,875.14,,鋼筋混凝土造,70年5月15日,三層,
RPQNMLRLKIIFFAE87CC,8,57.92,住家用,鋼筋混凝土造,95年3月16日,十五層,
RPQNMLRLKIIFFAE87CC,8,25.49,共有部分,鋼筋混凝土造,95年3月16日,十五層,
RPSPMLRLKIIFFDE58CC,1,264.48,住商用,鋼筋混凝土造,102年2月6日,五層,
RPPNMLSLKIIFFGE48CC,25,88.29,住家用,鋼筋混凝土造,78年3月15日,五層,
RPRPMLRLKIIFFDE48CC,1,159.08,住商用,鋼筋混凝土造,102年2月6日,五層,
RPROMLKMKIIFFBE57CC,40,145.26,,加強磚造,62年12月14日,三層,
RPPNMLSLKIIFFEE28CC,6,27.87,住商用,鋼筋混凝土造,96年7月6日,五層,
RPXNMLKMKIIFFAE97CC,8,47.58,住家用,鋼筋混凝土造,95年1月26日,十五層,
RPQNMLTLKIIFFBE18CC,17,94.60,住家用,鋼筋混凝土造,86年4月21日,三十五層,
RPPNMLTLKIIFFBE08CC,17,278.50,住家用,鋼筋混凝土造,86年4月21日,三十五層,
RPWOMLKMKIIFFDE28CC,1,149.57,住家用,鋼筋混凝土造,101年9月27日,十五層,
RPTOMLKMKIIFFIE48CC,37,1485.75,工業用,見其他登記事項,65年12月10日,一層,
RPPQMLKMKIIFFGE08CC,15,126.69,住商用,鋼筋混凝土造,87年6月6日,十三層,
RPUPMLKMKIIFFCE08CC,33,193.92,住商用,鋼筋混凝土造,69年6月18日,四層,
RPOOMLLMKIIFFIE08CC,38,198.02,住家用,加強磚造,64年8月12日,三層,
RPUQMLKMKIIFFGE58CC,21,127.38,住家用,鋼筋混凝土造,81年11月10日,十三層,
RPVQMLKMKIIFFGE68CC,8,142.24,見其他登記事項,見其他登記事項,94年6月30日,十四層,
RPUPMLLMKIIFFDE38DC,35,264.79,,鋼筋混凝土造,68年5月14日,四層,
RPTQMLKMKIIFFGE48CC,9,177.77,見其他登記事項,見其他登記事項,94年1月5日,十三層,
RPVOMLLMKIIFFGE58CC,18,81.44,見其他登記事項,鋼筋混凝土造,84年9月7日,十二層,
RPVOMLLMKIIFFGE58CC,18,22.25,共有部分,鋼筋混凝土造,84年9月7日,十二層,
RPQOMLLMKIIFFDE77CC,41,170.88,,加強磚造,62年4月7日,三層,
RPOOMLLMKIIFFDE57CC,22,212.99,,鋼造,80年12月7日,二層,
RPXNMLLMKIIFFDE38CC,22,212.99,,鋼造,80年12月7日,二層,
RPROMLLMKIIFFAE57CC,18,157.53,商業用,鋼骨混凝土造,84年11月22日,二十五層,
RPROMLLMKIIFFAE57CC,18,37.29,見使用執照,鋼骨混凝土造,84年11月22日,二十五層,
RPROMLLMKIIFFAE57CC,18,63.11,見使用執照,鋼骨混凝土造,84年11月22日,二十五層,
RPOPMLLMKIIFFEE77CC,2,210.76,住家用,鋼筋混凝土造,101年6月15日,十五層,
RPQRMLLMKIIFFEE18CC,33,215.56,住商用,見其它登記事項,70年3月9日,四層,
RPUPMLLMKIIFFEE38CC,2,50.69,住家用,鋼筋混凝土造,100年10月28日,十五層,
RPUPMLLMKIIFFEE38CC,2,29.05,見其它登記事項,鋼筋混凝土造,100年10月28日,十五層,
RPXNMLLMKIIFFBE18CC,31,148.71,,鋼筋混凝土造,72年5月24日,六層,
RPWOMLLMKIIFFBE18CC,32,214.91,,鋼筋混凝土造,70年8月15日,十二層,
RPWOMLLMKIIFFBE18CC,32,32.10,,鋼筋混凝土造,70年8月15日,十二層,
RPOPMLMJJHJFFFE57CC,21,288.00,工業用,鋼造,81年8月22日,一層,
RPQNMLMJJHJFFBE17CC,36,67.23,,加強磚造,66年6月29日,二層,
RPRNMLMJJHJFFDE47CC,1,417.95,住商用,鋼筋混凝土造,101年8月15日,十五層,
RPSPMLMJJHJFFEE87CC,9,103.07,住家用,鋼筋混凝土造,94年1月31日,十一層,
RPWOMLMJJHJFFFE28CC,22,164.80,農舍,鋼造,80年8月19日,一層,
RPXNMLMJJHJFFCE97CC,8,180.16,住家用,鋼筋混凝土造,95年4月27日,四層,
RPWOMLMJJHJFFCE97CC,32,79.69,,鋼筋混凝土造,70年7月6日,五層,
RPUOMLNJJHJFFCE87CC,15,44.95,住家用,見其它登記事項,88年2月9日,三十九層,
RPUOMLNJJHJFFCE87CC,15,20.78,共有部份,見其它登記事項,88年2月9日,三十九層,
RPOOMLNJJHJFFAE07CC,8,134.62,住家用,鋼筋混凝土造,95年5月5日,十五層,
RPOOMLNJJHJFFAE07CC,8,79.64,共有部分,鋼筋混凝土造,95年5月5日,十五層,
RPVOMLNJJHJFFCE97CC,4,129.20,住家用,鋼筋混凝土造,98年12月24日,十九層,
RPVOMLNJJHJFFCE97CC,4,85.09,見其它登記事項,鋼筋混凝土造,98年12月24日,十九層,
RPRQMLNJJHJFFBE67CC,21,293.26,商業用,鋼骨鋼筋混凝土造,81年7月25日,四十二層,
RPWPMLNJJHJFFBE08CC,6,142.31,住家用,鋼筋混凝土造,96年8月13日,十五層,
RPWPMLNJJHJFFBE08CC,6,67.18,,鋼筋混凝土造,96年8月13日,十五層,
RPVQMLNJJHJFFBE08CC,43,99.35,,加強磚造,59年10月2日,二層,
RPPNMLOJJHJFFBE27CC,32,99.14,,鋼筋混凝土造,70年11月4日,五層,
RPRNMLOJJHJFFBE47CC,37,33.12,,鋼筋混凝土造,65年11月24日,十層,
RPPOMLNJJHJFFAE17CC,7,89.52,住家用,鋼筋混凝土造,96年2月8日,十五層,
RPQOMLNJJHJFFAE27CC,2,76.43,住家用,鋼筋混凝土造,100年10月7日,十五層,
RPPNMLPJJHJFFEE67CC,7,160.71,住商用,鋼筋混凝土造,96年4月2日,十五層,
RPSNMLOJJHJFFIE38DC,27,158.15,住商用,鋼筋混凝土造,76年4月20日,三層,
RPTNMLOJJHJFFIE48DC,27,158.15,住商用,鋼筋混凝土造,76年4月20日,三層,
RPPNMLPJJHJFFAE27CC,36,409.23,,鋼筋混凝土造,67年2月20日,十一層,
RPPNMLPJJHJFFBE37CC,17,169.99,住家用,鋼筋混凝土造,85年11月13日,十層,
RPVNMLQJJHJFFAE97CC,24,101.95,商業用,鋼筋混凝土造,79年2月16日,十二層,
RPXNMLQJJHJFFBE28CC,3,88.92,商業用,見其他登記事項,99年11月8日,一層,
RPOPMLRJJHJFFEE97CC,6,125.00,住商用,鋼筋混凝土造,97年4月10日,十五層,
RPUNMLQJJHJFFBE97CC,21,135.90,商業用,鋼筋混凝土造,82年4月1日,二十層,
RPWNMLQJJHJFFEE48CC,24,44.69,見其它登記事項,鋼筋混凝土造,79年3月26日,十九層,
RPRPMLRJJHJFFGE48CC,18,142.96,住商用,鋼筋混凝土造,85年3月13日,十二層,
RPRPMLRJJHJFFGE48CC,18,29.69,共有部分,鋼筋混凝土造,85年3月13日,十二層,
RPVNMLRJJHJFFFE58CC,15,207.36,住商用,鋼筋混凝土造,87年10月3日,四層,
RPOOMLRJJHJFFIE28CC,33,76.50,住商用,鋼筋混凝土造,70年2月13日,四層,
RPSNMLRJJHJFFAE77CC,1,172.90,住家用,鋼筋混凝土造,101年10月11日,十五層,
RPSNMLRJJHJFFAE77CC,1,76.79,見其它登記事項,鋼筋混凝土造,101年10月11日,十五層,
RPVOMLRJJHJFFBE28CC,31,61.62,,鋼筋混凝土造,72年3月5日,十二層,
RPSOMLRJJHJFFAE87CC,10,27.40,住家用,鋼筋混凝土造,92年9月4日,十四層,
RPTNMLRJJHJFFAE87CC,24,164.27,商業用,鋼筋混凝土造,79年1月22日,十三層,
RPRNMLSJJHJFFAE77CC,39,91.28,,鋼筋混凝土造,63年9月26日,四層,
RPWOMLSJJHJFFAE38CC,44,89.81,住商用,鋼筋混凝土造,59年1月24日,三層,
RPOQMLSJJHJFFCE97CC,15,166.77,住商用,見其它登記事項,88年2月9日,三十九層,
RPWOMLSJJHJFFGE98CC,41,65.14,住家用,加強磚造,61年11月16日,二層,
RPRQMLSJJHJFFDE38CC,23,135.60,,鋼筋混凝土造,79年9月27日,十七層,
RPQQMLTJJHJFFEE48CC,5,133.69,住商用,鋼筋混凝土造,98年1月19日,四層,
RPOPMLSJJHJFFEE08CC,7,117.31,住家用,鋼筋混凝土造,96年4月4日,十四層,
RPWNMLTJJHJFFEE78CC,21,78.19,住家用,鋼筋混凝土造,81年10月27日,十二層,
RPWNMLTJJHJFFEE78CC,21,20.38,見使用執照,鋼筋混凝土造,81年10月27日,十二層,
RPOQMLSJJHJFFDE08CC,20,276.34,住商用,鋼筋混凝土造,82年9月29日,七層,
RPTOMLTJJHJFFCE38CC,49,99.06,,加強磚造,54年4月19日,二層,
RPQNMLTJJHJFFGE38CC,35,157.60,住商用,鋼筋混凝土造,67年9月20日,三層,
RPWOMLTJJHJFFAE48CC,20,329.26,商業用,鋼筋混凝土造,83年3月11日,十三層,
RPOOMLTJJHJFFAE67CC,6,195.23,住商用,鋼筋混凝土造,96年8月14日,十五層,
RPVOMLTJJHJFFBE48CC,54,67.53,,加強磚造,49年1月10日,三層,
RPQOMLKKJHJFFAE07CC,1,252.50,住家用,鋼筋混凝土造,101年11月14日,五層,
RPQNMLKKJHJFFAE96CC,7,94.36,住家用,鋼筋混凝土造,96年1月3日,十五層,
RPQNMLKKJHJFFAE96CC,7,35.12,見其它登記事項,鋼筋混凝土造,96年1月3日,十五層,
RPPPMLKKJHJFFDE37CC,2,59.82,住家用,鋼筋混凝土造,101年6月5日,二十二層,
RPROMLKKJHJFFGE77CC,21,53.21,共有部分,鋼筋混凝土造,82年5月22日,十層,
RPROMLKKJHJFFGE77CC,21,93.58,住家用,鋼筋混凝土造,82年5月22日,十層,
RPXOMLKKJHJFFCE97CC,12,225.86,住商用,鋼筋混凝土造,91年2月22日,三層,
RPTNMLKKJHJFFBE37CC,31,95.18,,鋼筋混凝土造,72年7月6日,五層,
RPPNMLLKJHJFFEE37CC,21,223.82,住家用,鋼筋混凝土造,81年11月11日,二十四層,
RPTOMLKKJHJFFBE47CC,21,87.19,住家用,鋼筋混凝土造,81年8月18日,七層,
RPQNMLNKJHJFFBE37CC,47,120.33,,加強磚造,56年4月17日,二層,
RPQNMLMKJHJFFBE27CC,17,120.66,住家用,鋼筋混凝土造,86年4月21日,三十五層,
RPPNMLNKJHJFFDE47CC,43,116.87,住家用,加強磚造,60年4月27日,二層,
RPTPMLNKJHJFFEE18CC,14,918.09,商業用,見使用執照,88年8月3日,二十九層,
RPPNMLMKJHJFFBE17CC,17,122.35,住家用,鋼筋混凝土造,86年4月21日,三十五層,
RPRPMLNKJHJFFGE18CC,32,70.18,住家用,鋼筋混凝土造,70年11月10日,五層,
RPXOMLNKJHJFFDE38CC,33,78.31,,鋼筋混凝土造,70年4月17日,五層,
RPQNMLLKJHJFFBE17CC,17,219.57,住家用,鋼筋混凝土造,86年4月21日,三十五層,
RPWOMLOKJHJFFEE48CC,7,159.80,住商用,鋼筋混凝土造,96年1月31日,五層,
RPSOMLOKJHJFFAE67CC,5,186.34,商業用,鋼筋混凝土造,97年11月4日,十九層,
RPTRMLOKJHJFFEE48CC,15,156.46,住商用,鋼筋混凝土造,87年7月10日,十三層,
RPWQMLOKJHJFFEE68CC,1,93.96,商業用,鋼筋混凝土造,101年7月24日,十一層,
RPUOMLOKJHJFFBE97CC,34,67.32,,鋼筋混凝土造,69年4月21日,五層,
RPRNMLOKJHJFFLE58CC,20,93.69,住家用,鋼筋混凝土造,83年2月5日,十層,
RPRNMLOKJHJFFLE58CC,20,27.35,共有部分,鋼筋混凝土造,83年2月5日,十五層,
RPOQMLQKJHJFFDE97CC,48,119.18,住商用,加強磚造,55年4月14日,二層,
RPROMLPKJHJFFDE97CC,33,143.40,,鋼筋混凝土造,69年12月13日,三層,
RPVOMLOKJHJFFBE08CC,24,56.00,,鋼筋混凝土造,78年11月9日,十二層,
RPXNMLQKJHJFFAE28CC,45,46.13,,加強磚造,57年8月12日,五層,
RPXNMLQKJHJFFAE28CC,45,10.26,,加強磚造,57年8月12日,五層,
RPQOMLQKJHJFFCE87CC,15,25.02,住家用,見其它登記事項,88年2月9日,三十九層,
RPQOMLQKJHJFFCE87CC,15,3.24,住家用,見其它登記事項,88年2月9日,三十九層,
RPQOMLQKJHJFFCE87CC,15,12.99,住家用,見其它登記事項,88年2月9日,三十九層,
RPROMLQKJHJFFCE97CC,15,46.18,住家用,見其它登記事項,88年2月9日,三十九層,
RPROMLQKJHJFFCE97CC,15,4.88,住家用,見其它登記事項,88年2月9日,三十九層,
RPROMLQKJHJFFCE97CC,15,23.57,住家用,見其它登記事項,88年2月9日,三十九層,
RPTNMLQKJHJFFBE97CC,27,198.41,,鋼筋混凝土造,75年7月25日,五層,
RPOOMLQKJHJFFBE57CC,36,41.68,,鋼筋混凝土造,67年6月2日,十二層,
RPVNMLQKJHJFFBE18CC,31,47.34,,鋼筋混凝土造,72年3月5日,十二層,
RPXNMLQKJHJFFBE38CC,21,93.24,商業用,鋼筋混凝土造,81年9月15日,二十五層,
RPQOMLQKJHJFFBE77CC,17,78.56,住家用,鋼筋混凝土造,86年4月21日,三十五層,
RPQOMLQKJHJFFBE77CC,17,18.22,住家用,鋼筋混凝土造,86年4月21日,三十五層,
RPQOMLQKJHJFFBE77CC,17,1.28,住家用,鋼筋混凝土造,86年4月21日,三十五層,
RPQOMLQKJHJFFBE77CC,17,29.30,住家用,鋼筋混凝土造,86年4月21日,三十五層,
RPVOMLRKJHJFFCE48CC,3,49.46,住家用,鋼筋混凝土造,100年1月25日,十五層,
RPVOMLRKJHJFFCE48CC,3,26.65,見其它登記事項,鋼筋混凝土造,100年1月25日,十五層,
RPSOMLRKJHJFFCE18CC,8,85.46,住家用,鋼筋混凝土造,95年3月14日,十四層,
RPSOMLRKJHJFFCE18CC,8,37.18,共有部份,鋼筋混凝土造,95年3月14日,十四層,
RPXQMLRKJHJFFCE88CC,8,84.22,住家用,鋼筋混凝土造,95年3月14日,十四層,
RPXQMLRKJHJFFCE88CC,8,36.63,共有部份,鋼筋混凝土造,95年3月14日,十四層,
RPOOMLRKJHJFFAE57CC,1,42.49,住家用,鋼筋混凝土造,102年5月27日,十五層,
RPTOMLRKJHJFFAE08CC,16,112.97,住家用,鋼筋混凝土造,87年5月6日,十層,
RPRNMLSKJHJFFEE28CC,8,532.83,住家用,鋼筋混凝土造,95年5月18日,五層,
RPPNMLTKJHJFFEE18CC,25,83.42,住商用,鋼筋混凝土造,78年1月30日,五層,
RPRNMLSKJHJFFBE97CC,24,152.76,,鋼筋混凝土造,79年4月18日,十二層,
RPQNMLRKJHJFFBE77CC,49,93.27,住家用,加強磚造,54年4月10日,二層,
RPUNMLRKJHJFFBE18CC,7,83.63,住家用,鋼筋混凝土造,96年4月13日,十五層,
RPUNMLRKJHJFFBE18CC,7,38.40,共有部分,鋼筋混凝土造,96年4月13日,十五層,
RPPNMLTKJHJFFDE08CC,32,75.64,,鋼筋混凝土造,70年7月9日,五層,
RPOPMLKLJHJFFCE27CC,5,125.84,商業用,鋼筋混凝土造,97年10月24日,十五層,
RPOPMLKLJHJFFCE27CC,5,31.51,共有部份,鋼筋混凝土造,97年10月24日,十五層,
RPUNMLKLJHJFFBE57CC,17,147.10,住家用,鋼筋混凝土造,86年4月21日,三十五層,
RPUNMLKLJHJFFAE47CC,34,222.37,,鋼筋混凝土造,68年9月24日,四層,
RPVPMLKLJHJFFGE38CC,2,217.32,見其他登記事項,鋼筋混凝土造,100年12月15日,四層,
RPTNMLKLJHJFFEE77CC,8,92.25,住家用,鋼筋混凝土造,94年10月26日,十五層,
RPTNMLKLJHJFFEE77CC,8,26.14,見使用執照,鋼筋混凝土造,94年10月26日,十五層,
RPXNMLKLJHJFFBE87CC,15,99.55,住商用,鋼筋混凝土造,88年3月26日,十層,
RPXNMLKLJHJFFBE87CC,15,23.37,見其他登記事項,鋼筋混凝土造,88年3月26日,十層,
RPUNMLKLJHJFFLE58CC,33,1293.00,見使用執照,見使用執照,70年6月30日,一層,
RPTOMLKLJHJFFDE87DC,1,165.99,住商用,鋼筋混凝土造,102年4月1日,五層,
RPUNMLLLJHJFFLE68CC,5,366.94,見其他登記事項,見其他登記事項,97年9月15日,四層,
RPUNMLKLJHJFFIE28CC,37,111.26,商業用,鋼筋混凝土造,66年3月20日,七層,
RPTNMLLLJHJFFLE58CC,5,366.94,見其他登記事項,見其他登記事項,97年9月15日,四層,
RPTNMLNLJHJFFGE28CC,34,126.72,住商用,鋼筋混凝土造,69年3月22日,三層,
RPTPMLLLJHJFFGE28CC,6,204.66,見其它登記事項,見其他登記事項,96年12月15日,二十八層,
RPTPMLLLJHJFFGE28CC,6,66.24,見其它登記事項,見其他登記事項,96年12月15日,二十八層,
RPXNMLNLJHJFFFE68DC,19,177.77,住商用,鋼筋混凝土造,84年4月10日,十一層,
RPTNMLNLJHJFFBE77CC,39,83.87,,鋼筋混凝土造,64年4月29日,四層,
RPUNMLNLJHJFFBE87CC,32,134.45,,鋼筋混凝土造,70年8月15日,十二層,
RPOOMLNLJHJFFBE37CC,17,147.10,住家用,鋼筋混凝土造,86年4月21日,三十五層,
RPUNMLNLJHJFFAE77CC,9,79.28,住家用,鋼筋混凝土造,93年8月4日,十三層,
RPVNMLNLJHJFFDE18CC,25,173.53,,鋼筋混凝土造,77年11月10日,七層,
RPPRMLOLJHJFFEE18CC,18,68.96,住家用,鋼筋混凝土造,85年6月25日,十三層,
RPPRMLOLJHJFFEE18CC,18,24.47,見使用執照,鋼筋混凝土造,85年6月25日,十三層,
RPTNMLOLJHJFFCE97CC,21,111.90,住家用,鋼筋混凝土造,82年5月3日,十六層,
RPOPMLNLJHJFFDE67CC,9,268.44,住商用,鋼筋混凝土造,93年11月11日,十四層,
RPPNMLPLJHJFFAE47CC,1,114.38,住家用,鋼筋混凝土造,102年6月4日,十五層,
RPSPMLRLJHJFFDE48CC,23,313.84,,鋼筋混凝土造,79年8月14日,二十四層,
RPPNMLPLJHJFFDE77CC,1,340.14,住商用,鋼筋混凝土造,102年2月6日,五層,
RPXOMLRLJHJFFBE68CC,29,205.77,,鋼筋混凝土造,73年9月5日,十一層,
RPSNMLQLJHJFFBE97CC,27,90.29,,鋼筋混凝土造,75年10月16日,五層,
RPXNMLRLJHJFFEE88CC,7,118.80,住家用,鋼筋混凝土造,95年11月7日,十五層,
RPOOMLRLJHJFFEE08CC,15,26.07,住商用,鋼筋混凝土造,88年5月13日,十四層,
RPVOMLRLJHJFFEE78CC,7,478.35,住商用,鋼筋混凝土造,96年3月26日,五層,
RPXOMLRLJHJFFEE98CC,18,94.54,住家用,鋼筋混凝土造,85年1月13日,七層,
RPXOMLRLJHJFFEE98CC,18,44.74,,鋼筋混凝土造,85年1月13日,七層,
RPWNMLRLJHJFFIE56CC,24,221.98,住家用,鋼筋混凝土造,79年7月15日,四層,
RPTOMLRLJHJFFIE98CC,23,161.86,住家用,鋼筋混凝土造,79年9月17日,三層,
RPQNMLSLJHJFFCE08CC,42,71.06,住家用,加強磚造,60年9月1日,二層,
RPTNMLSLJHJFFAE18CC,7,54.16,住家用,鋼筋混凝土造,95年8月9日,十五層,
RPTNMLSLJHJFFAE18CC,7,25.42,共有部分,鋼筋混凝土造,95年8月9日,十五層,
RPSOMLTLJHJFFDE58CC,48,156.52,,加強磚造,55年6月7日,二層,
RPSOMLTLJHJFFDE58CC,44,229.65,住商用,加強磚造,58年10月18日,三層,
RPSPMLTLJHJFFEE78CC,16,232.73,住商用,見其它登記事項,86年12月6日,二層,
RPTPMLTLJHJFFEE88CC,16,303.34,見其它登記事項,見其它登記事項,86年12月6日,二層,
RPPOMLTLJHJFFBE08CC,27,44.29,,鋼筋混凝土造,75年8月13日,十二層,
