﻿編號,屋齡,建物移轉面積平方公尺,主要用途,主要建材,建築完成日期,總層數,建物分層
The serial number,room age,building shifting area square meter,the main use,main building materials,construction completes the date,total layer,building lamination
RPPPMLLJJIIFFAO28EC,28,109.22,住商用,加強磚造,74年4月6日,二層,
RPORMLOJJIIFFAO48CC,19,95.68,住家用,鋼筋混凝土造,83年10月28日,十二層,
RPPRMLOJJIIFFAO58CC,19,95.68,住家用,鋼筋混凝土造,83年10月28日,十二層,
RPXNMLPJJIIFFAO56DC,6,18.23,見其他登記事項,鋼筋混凝土造,96年6月30日,六層,
RPOOMLPJJIIFFAO38DC,2,44.86,見其他登記事項,鋼筋混凝土造,101年2月21日,十一層,
RPVOMLPJJIIFFAO56EC,2,42.76,見其他登記事項,鋼筋混凝土造,101年2月21日,十一層,
RPVOMLOJJIIFFAO88CC,,270.96,見其他登記事項,鋼筋混凝土造,102年7月10日,二十六層,
RPVOMLLJJIIFFAO58CC,14,101.84,見其他登記事項,鋼筋混凝土造,89年3月2日,四層,
RPVOMLLJJIIFFAO58CC,14,10.61,見其他登記事項,鋼筋混凝土造,89年3月2日,四層,
RPQOMLPJJIIFFAO58DC,18,71.86,住家用,鋼筋混凝土造,85年1月31日,十五層,
RPROMLPJJIIFFAO68DC,2,45.20,見其他登記事項,鋼筋混凝土造,101年2月21日,十一層,
RPQPMLQJJIIFFAO78DC,15,249.50,住家用,鋼筋混凝土造,87年6月30日,五層,
RPUOMLQJJIIFFAO56EC,7,25.77,辦公室,鋼筋混凝土造,96年3月31日,六層,
RPXNMLLKJIIFFAO78CC,25,71.60,商業用,鋼筋混凝土造,77年5月3日,五層,
RPOPMLQJJIIFFAO68EC,9,28.34,見其他登記事項,鋼筋混凝土造,94年2月20日,四層,
RPRNMLLKJIIFFAO28DC,1,127.64,見其他登記事項,見其他登記事項,102年3月18日,二層,
RPRNMLLKJIIFFAO28DC,1,146.88,見其他登記事項,見其他登記事項,102年3月18日,二層,
RPOPMLMKJIIFFAO18CC,29,202.13,見使用執照,鋼筋混凝土造,74年4月6日,三層,
RPPOMLPKJIIFFAO48CC,5,193.11,見其他登記事項,鋼筋混凝土造,97年9月11日,十八層,
RPPOMLPKJIIFFAO48CC,5,53.40,見其他登記事項,鋼筋混凝土造,97年9月11日,十八層,
RPPOMLPKJIIFFAO48CC,5,45.91,見其他登記事項,鋼筋混凝土造,97年9月11日,十八層,
RPQOMLNKJIIFFAO38CC,,385.29,住家用,加強磚造,,三層,
RPUSMLOKJIIFFAO66CC,2,142.90,見其他登記事項,鋼筋混凝土造,100年7月18日,十四層,
RPQOMLPKJIIFFAO58CC,5,168.61,見其他登記事項,鋼筋混凝土造,97年9月11日,十八層,
RPQOMLPKJIIFFAO58CC,5,46.65,見其他登記事項,鋼筋混凝土造,97年9月11日,十八層,
RPQOMLPKJIIFFAO58CC,5,40.17,見其他登記事項,鋼筋混凝土造,97年9月11日,十八層,
RPTNMLQKJIIFFAO88CC,7,23.12,見其他登記事項,鋼筋混凝土造,96年3月5日,十一層,
RPROMLPKJIIFFAO68CC,5,175.53,見其他登記事項,鋼筋混凝土造,97年9月11日,十八層,
RPROMLPKJIIFFAO68CC,5,48.53,見其他登記事項,鋼筋混凝土造,97年9月11日,十八層,
RPROMLPKJIIFFAO68CC,5,41.66,見其他登記事項,鋼筋混凝土造,97年9月11日,十八層,
RPRSMLOKJIIFFAO98CC,14,207.64,見其他登記事項,鋼筋混凝土造,88年7月13日,三層,
RPUNMLQKJIIFFAO98CC,22,92.64,住家用,鋼筋混凝土造,80年10月28日,五層,
RPVNMLQKJIIFFAO09CC,18,58.98,住家用,鋼筋混凝土造,84年6月12日,十二層,
RPVNMLPJJIIFFAO88CC,20,92.47,住家用,鋼筋混凝土造,82年11月2日,八層,
RPPOMLPJJIIFFAO48DC,9,30.98,見其他登記事項,鋼筋混凝土造,94年2月20日,四層,
RPQOMLSKJIIFFAO88CC,2,51.72,見其他登記事項,鋼筋混凝土造,101年2月21日,十一層,
RPRNMLPLJIIFFAO68CC,19,115.08,住家用,鋼筋混凝土造,83年5月30日,七層,
RPRNMLPLJIIFFAO68CC,19,58.89,共有部分,鋼筋混凝土造,83年5月30日,七層,
RPPNMLRLJIIFFAO68CC,4,127.37,見其他登記事項,鋼筋混凝土造,98年6月1日,十五層,
RPPNMLRLJIIFFAO68CC,4,20.71,見其他登記事項,鋼筋混凝土造,98年6月1日,十五層,
RPPNMLRLJIIFFAO68CC,4,33.07,見其他登記事項,鋼筋混凝土造,98年6月1日,十五層,
RPOOMLKMJIIFFAO08CC,22,86.38,住家用,鋼筋混凝土造,80年8月10日,五層,
RPPOMLKMJIIFFAO18CC,22,128.30,住家用,鋼筋混凝土造,81年3月31日,五層,
RPVOMLMJKIIFFAO78CC,14,314.73,共有部分,鋼筋混凝土造,88年11月30日,十四層,
RPVOMLMJKIIFFAO78CC,14,116.20,共有部分,鋼筋混凝土造,88年11月30日,十四層,
RPVOMLMJKIIFFAO78CC,14,191.49,見其他登記事項,鋼筋混凝土造,88年11月30日,十四層,
RPVOMLMJKIIFFAO78CC,14,181.50,見其他登記事項,鋼筋混凝土造,88年11月30日,十四層,
RPVOMLMJKIIFFAO78CC,14,174.13,見其他登記事項,鋼筋混凝土造,88年11月30日,十四層,
RPVOMLMJKIIFFAO78CC,14,158.33,見其他登記事項,鋼筋混凝土造,88年11月30日,十四層,
RPVOMLMJKIIFFAO78CC,14,389.33,見其他登記事項,鋼筋混凝土造,88年11月30日,十四層,
RPWOMLMJKIIFFAO88CC,14,158.33,見其他登記事項,鋼筋混凝土造,88年11月30日,十四層,
RPWOMLMJKIIFFAO88CC,14,389.33,見其他登記事項,鋼筋混凝土造,88年11月30日,十四層,
RPWOMLMJKIIFFAO88CC,14,157.59,共有部分,鋼筋混凝土造,88年11月30日,十四層,
RPWOMLMJKIIFFAO88CC,14,58.19,共有部分,鋼筋混凝土造,88年11月30日,十四層,
RPWQMLNJKIIFFAO56CC,34,161.09,住商用,鋼筋混凝土造,69年4月29日,七層,
RPUQMLNJKIIFFAO98CC,18,73.58,住家用,鋼筋混凝土造,85年2月29日,十三層,
RPORMLNJKIIFFAO48CC,36,221.61,住商用,鋼筋混凝土造,67年1月27日,四層,
RPVPMLOJKIIFFAO56DC,2,45.20,見其他登記事項,鋼筋混凝土造,101年2月21日,十一層,
RPXPMLOJKIIFFAO76DC,5,28.84,辦公室,鋼筋混凝土造,97年7月30日,十層,
RPPQMLOJKIIFFAO68DC,7,20.57,見其他登記事項,鋼筋混凝土造,96年4月16日,五層,
RPQQMLOJKIIFFAO78DC,22,26.69,住家用,鋼筋混凝土造,80年7月30日,十二層,
RPWPMLOJKIIFFAO66DC,2,45.20,見其他登記事項,鋼筋混凝土造,101年2月21日,十一層,
RPSNMLPLJIIFFAO78CC,27,151.22,住家用,鋼筋混凝土造,75年7月3日,二層,
RPPQMLTJKIIFFAO56DC,4,84.32,見其他登記事項,鋼筋混凝土造,98年6月17日,十四層,
RPPQMLTJKIIFFAO56DC,4,17.08,見其他登記事項,鋼筋混凝土造,98年6月17日,,
RPPQMLTJKIIFFAO56DC,4,18.18,見其他登記事項,鋼筋混凝土造,98年6月17日,十四層,
RPOQMLOJKIIFFAO58DC,17,33.74,住家用,鋼筋混凝土造,85年8月29日,十二層,
RPTPMLOJKIIFFAO98DC,16,81.33,住家用,鋼筋混凝土造,86年6月26日,五層,
RPVNMLTJKIIFFAO76CC,16,93.96,國民住宅,鋼筋混凝土造,86年12月10日,八層,
RPWNMLTJKIIFFAO86CC,,68.16,住家用,鋼筋混凝土造,,四層,
RPUPMLOJKIIFFAO09DC,,100.07,住家用,鋼筋混凝土造,,五層,
RPPNMLTJKIIFFAO78CC,1,77.13,共有部分,鋼筋混凝土造,101年10月15日,十一層,
RPPNMLTJKIIFFAO78CC,1,116.84,見其他登記事項,鋼筋混凝土造,101年10月15日,十一層,
RPTNMLTJKIIFFAO56CC,15,103.94,住家用,鋼筋混凝土造,88年3月10日,十四層,
RPPOMLNKKIIFFAO38CC,22,52.93,辦公室,鋼筋混凝土造,80年7月8日,十六層,
RPORMLTKKIIFFAO56CC,30,149.10,住家用,加強磚造,72年11月30日,二層,
RPQPMLNKKIIFFAO78EC,23,39.47,住商用,鋼筋混凝土造,79年9月3日,五層,
RPPQMLOLKIIFFAO98EC,16,92.03,見其他登記事項,鋼筋混凝土造,86年12月10日,七層,
RPOOMLKLKIIFFAO08CC,2,130.17,見其他登記事項,鋼筋混凝土造,100年11月30日,十五層,
RPOOMLKLKIIFFAO08CC,2,35.97,共有部分,鋼筋混凝土造,100年11月30日,十五層,
RPOOMLKLKIIFFAO08CC,2,83.10,共有部分,鋼筋混凝土造,100年11月30日,十五層,
RPOQMLOLKIIFFAO88EC,21,53.96,住家用,鋼筋混凝土造,82年2月27日,六層,
RPQQMLOLKIIFFAO09EC,15,93.41,住家用,鋼筋混凝土造,87年7月26日,七層,
RPXTMLPLKIIFFAO37CC,10,5.13,見其他登記事項,鋼筋混凝土造,92年8月13日,五層,
RPWQMLRLKIIFFAO17CC,21,112.27,住家用,鋼筋混凝土造,81年10月29日,五層,
RPVRMLRLKIIFFAO27DC,1,104.83,見其他登記事項,鋼筋混凝土造,101年10月15日,二十五層,
RPTTMLPLKIIFFAO17EC,17,267.52,見其他登記事項,見其他登記事項,85年8月10日,二層,
RPPNMLTLKIIFFAO98CC,2,128.29,見其他登記事項,見其他登記事項,100年7月13日,十三層,
RPPNMLTLKIIFFAO98CC,2,87.20,共有部分,見其他登記事項,100年7月13日,十四層,
RPSNMLTLKIIFFAO66CC,10,122.09,見其他登記事項,鋼筋混凝土造,93年3月3日,六層,
RPSNMLTLKIIFFAO66CC,10,6.27,停車空間,鋼筋混凝土造,93年3月3日,六層,
RPSNMLTLKIIFFAO66CC,10,28.31,停車空間,鋼筋混凝土造,93年3月3日,六層,
RPUQMLTKKIIFFAO07CC,39,446.35,見其他登記事項,加強磚造,63年8月10日,二層,
RPRNMLTLKIIFFAO56CC,6,21.69,見其他登記事項,鋼筋混凝土造,96年12月6日,十三層,
RPRNMLTLKIIFFAO56CC,6,24.58,見其他登記事項,鋼筋混凝土造,96年12月6日,十三層,
RPRNMLTLKIIFFAO56CC,6,117.48,見其他登記事項,鋼筋混凝土造,96年12月6日,十三層,
RPXQMLKMKIIFFAO66CC,9,30.98,見其他登記事項,鋼筋混凝土造,94年2月20日,四層,
RPTPMLKMKIIFFAO78CC,6,72.63,見其他登記事項,鋼筋混凝土造,97年5月20日,十四層,
RPXPMLKMKIIFFAO56CC,24,92.11,住家用,鋼筋混凝土造,79年5月10日,五層,
RPOQMLKMKIIFFAO38CC,2,42.76,見其他登記事項,鋼筋混凝土造,101年2月21日,十一層,
RPRQMLKMKIIFFAO68CC,2,45.80,見其他登記事項,鋼筋混凝土造,101年2月21日,十一層,
RPPPMLKMKIIFFAO38CC,15,231.89,住家用,鋼筋混凝土造,87年11月25日,四層,
RPWNMLKLKIIFFAO78CC,7,131.07,見其他登記事項,鋼筋混凝土造,95年11月27日,十三層,
RPWNMLKLKIIFFAO78CC,7,26.11,見其他登記事項,鋼筋混凝土造,95年11月27日,十三層,
RPWNMLKLKIIFFAO78CC,7,37.07,見其他登記事項,鋼筋混凝土造,95年11月27日,十三層,
RPPRMLKMKIIFFAO58CC,18,241.51,住商用,鋼筋混凝土造,85年3月1日,三層,
RPORMLKMKIIFFAO48CC,24,131.29,住家用,鋼筋混凝土造,78年11月7日,十二層,
RPQRMLKMKIIFFAO68CC,7,25.75,見其他登記事項,鋼筋混凝土造,96年6月25日,七層,
RPVQMLKMKIIFFAO09CC,5,34.34,辦公室,鋼筋混凝土造,97年12月30日,七層,
RPXOMLNJJHJFFAO98CC,5,110.91,見其他登記事項,鋼筋混凝土造,97年7月20日,二十四層,
RPQPMLNJJHJFFAO38CC,7,18.55,辦公室,鋼筋混凝土造,95年11月1日,八層,
RPVPMLNJJHJFFAO88CC,5,24.20,辦公室,鋼筋混凝土造,97年12月30日,十層,
RPTQMLNJJHJFFAO78CC,18,86.79,住家用,鋼筋混凝土造,85年5月21日,十二層,
RPPNMLLMKIIFFAO28CC,69,161.68,住商用,加強磚造,33年10月25日,二層,
RPPPMLNJJHJFFAO28CC,5,52.24,見其他登記事項,鋼筋混凝土造,97年12月1日,七層,
RPQQMLNJJHJFFAO68EC,14,361.57,商業用,鋼筋混凝土造,89年4月17日,十四層,
RPVQMLNJJHJFFAO98CC,22,25.16,住家用,鋼筋混凝土造,80年12月30日,五層,
RPQNMLLMKIIFFAO38CC,20,115.13,商業用,鋼骨鋼筋混凝土造,82年8月21日,二十三層,
RPQNMLLMKIIFFAO38CC,20,27.32,共有部分,鋼骨鋼筋混凝土造,82年8月21日,二十三層,
RPQNMLLMKIIFFAO38CC,20,39.45,共有部分,鋼筋混凝土造,83年3月1日,二十二層,
RPSNMLOJJHJFFAO48CC,6,99.48,見其他登記事項,鋼筋混凝土造,96年11月1日,二十九層,
RPWPMLNJJHJFFAO98CC,,94.78,住家用,鋼筋混凝土造,,四層,
RPTPMLTJJHJFFAO66CC,22,77.32,住家用,鋼筋混凝土造,81年6月3日,五層,
RPVPMLTJJHJFFAO86CC,,46.44,住家用,鋼筋混凝土造,,六層,
RPXPMLTJJHJFFAO07CC,24,106.35,住家用,鋼筋混凝土造,78年10月30日,五層,
RPTOMLSJJHJFFAO09CC,2,141.44,見其他登記事項,鋼筋混凝土造,100年11月30日,十五層,
RPTOMLSJJHJFFAO09CC,2,39.09,共有部分,鋼筋混凝土造,100年11月30日,十五層,
RPTOMLSJJHJFFAO09CC,2,21.82,共有部分,鋼筋混凝土造,100年11月30日,十五層,
RPWOMLTJJHJFFAO86CC,15,49.16,住家用,鋼筋混凝土造,88年1月21日,十四層,
RPWOMLTJJHJFFAO86CC,15,7.12,共有部分,鋼筋混凝土造,88年1月21日,十四層,
RPWOMLTJJHJFFAO86CC,15,1.30,共有部分,鋼筋混凝土造,88年1月21日,十四層,
RPWOMLTJJHJFFAO86CC,15,1.30,共有部分,鋼筋混凝土造,88年1月21日,十四層,
RPWOMLTJJHJFFAO86CC,15,1.19,共有部分,鋼筋混凝土造,88年1月21日,十四層,
RPSOMLTJJHJFFAO56DC,14,158.12,見其他登記事項,鋼筋混凝土造,89年2月11日,三層,
RPWPMLTJJHJFFAO96CC,16,90.57,國民住宅,鋼筋混凝土造,87年4月10日,十二層,
RPUPMLTJJHJFFAO76CC,30,61.27,住家用,鋼筋混凝土造,73年6月13日,五層,
RPTNMLKKJHJFFAO28CC,8,115.41,見其他登記事項,鋼筋混凝土造,94年9月12日,十四層,
RPTNMLKKJHJFFAO28CC,8,18.68,見其他登記事項,鋼筋混凝土造,94年9月12日,十四層,
RPTNMLKKJHJFFAO28CC,8,24.32,見其他登記事項,鋼筋混凝土造,94年9月12日,十四層,
RPTQMLPKJHJFFAO09CC,21,74.34,住商用,鋼筋混凝土造,81年9月4日,五層,
RPUNMLKKJHJFFAO38CC,4,295.40,見其他登記事項,鋼筋混凝土造,98年9月22日,四層,
RPUNMLKKJHJFFAO38CC,4,2.55,見其他登記事項,鋼筋混凝土造,98年9月22日,十四層,
RPRNMLKKJHJFFAO08CC,,79.80,住家用,加強磚造,,二層,
RPVOMLPKJHJFFAO56DC,1,128.40,見其他登記事項,鋼筋混凝土造,101年10月15日,二十五層,
RPXPMLLLJHJFFAO09CC,9,30.98,見其他登記事項,鋼筋混凝土造,94年2月20日,四層,
RPTPMLLLJHJFFAO68CC,9,30.98,見其他登記事項,鋼筋混凝土造,94年2月20日,四層,
RPQPMLLLJHJFFAO38CC,22,24.26,住家用,鋼筋混凝土造,80年7月30日,十二層,
RPPPMLLLJHJFFAO28CC,5,21.88,辦公室,鋼筋混凝土造,97年9月11日,十層,
RPOOMLKLJHJFFAO97CC,1,125.46,見其他登記事項,鋼筋混凝土造,101年10月15日,二十層,
RPSQMLLLJHJFFAO68CC,,129.40,住家用,加強磚造,,二層,
RPTOMLNLJHJFFAO78CC,3,64.83,見其他登記事項,鋼筋混凝土造,100年3月7日,十三層,
RPQOMLNLJHJFFAO48CC,20,101.22,住家用,鋼筋混凝土造,82年10月7日,十層,
RPROMLNLJHJFFAO58CC,20,54.83,住家用,鋼筋混凝土造,82年9月21日,七層,
RPWOMLNLJHJFFAO56DC,13,122.59,住家用,鋼筋混凝土造,89年10月26日,十四層,
RPWOMLNLJHJFFAO56DC,13,23.87,共有部分,鋼筋混凝土造,89年10月26日,十四層,
RPWOMLNLJHJFFAO56DC,13,5.62,共有部分,鋼筋混凝土造,89年10月26日,十四層,
RPTOMLMLJHJFFAO78DC,3,215.49,見其他登記事項,見其他登記事項,100年7月13日,十四層,
RPUOMLNLJHJFFAO88CC,7,27.44,見其他登記事項,鋼筋混凝土造,96年3月5日,十一層,
RPUPMLNLJHJFFAO98CC,31,87.54,住家用,鋼筋混凝土造,72年5月10日,五層,
RPOTMLOLJHJFFAO88CC,12,111.23,住家用,鋼筋混凝土造,90年8月15日,十層,
RPOTMLOLJHJFFAO88CC,12,21.37,見其他登記事項,鋼筋混凝土造,90年8月15日,十層,
RPOTMLOLJHJFFAO88CC,12,6.26,見其他登記事項,鋼筋混凝土造,90年8月15日,十層,
RPOTMLOLJHJFFAO88CC,12,34.31,見其他登記事項,鋼筋混凝土造,90年8月15日,十層,
RPPQMLNLJHJFFAO58CC,25,148.39,商業用,鋼筋混凝土造,78年4月21日,十層,
RPXPMLNLJHJFFAO66CC,12,823.00,見其他登記事項,見其他登記事項,91年4月20日,七層,
RPRTMLRLJHJFFAO86CC,16,35.31,共有部分,鋼筋混凝土造,87年6月23日,二十二層,
RPRTMLRLJHJFFAO86CC,16,115.18,住家用,鋼筋混凝土造,87年6月23日,二十一層,
RPSVMLRLJHJFFAO17CC,15,.00,見其他登記事項,鋼筋混凝土造,88年4月16日,十層,
RPRQMLRLJHJFFAO76EC,5,23.82,見其他登記事項,鋼筋混凝土造,97年9月11日,十三層,
RPRQMLRLJHJFFAO76EC,5,8.32,見其他登記事項,鋼筋混凝土造,97年9月11日,十三層,
RPRQMLRLJHJFFAO76EC,5,4.04,見其他登記事項,鋼筋混凝土造,97年9月11日,十八層,
RPSQMLRLJHJFFAO86EC,5,24.00,見其他登記事項,鋼筋混凝土造,98年7月21日,十五層,
RPSQMLRLJHJFFAO86EC,5,122.41,見其他登記事項,鋼筋混凝土造,98年7月21日,十五層,
RPSQMLRLJHJFFAO86EC,5,25.88,見其他登記事項,鋼筋混凝土造,98年7月21日,十五層,
RPVOMLNLJHJFFAO98CC,8,30.98,見其他登記事項,鋼筋混凝土造,94年2月20日,四層,
