﻿編號,屋齡,建物移轉面積平方公尺,主要用途,主要建材,建築完成日期,總層數,建物分層
The serial number,room age,building shifting area square meter,the main use,main building materials,construction completes the date,total layer,building lamination
RPUNMLQJJIIFFAV76CA,,319.05,見其他登記事項,見其他登記事項,102年8月30日,三層,騎樓 見其他登記事項 一層 二層 三層
RPPNMLOKJIIFFAV78CA,17,107.32,見其他登記事項,鋼筋混凝土造,85年6月21日,七層,四層
RPPNMLOKJIIFFAV78CA,17,10.35,見其他登記事項,鋼筋混凝土造,85年6月21日,七層,
RPPNMLOKJIIFFAV78CA,17,7.00,見其他登記事項,鋼筋混凝土造,85年6月21日,七層,
RPPNMLOKJIIFFAV78CA,17,7.37,見其他登記事項,鋼筋混凝土造,85年6月21日,七層,
RPPNMLOKJIIFFAV78CA,17,16.82,見其他登記事項,鋼筋混凝土造,85年6月21日,七層,
RPUOMLSJJIIFFAV07CA,,216.56,住家用,見其他登記事項,102年8月5日,三層,一層 二層 三層
RPRPMLOKJIIFFAV56CA,,260.44,住家用,見其他登記事項,102年8月5日,四層,一層 二層 三層 四層
RPQNMLMKJIIFFAV68CA,29,108.58,住家用,加強磚造,73年9月18日,二層,一層 二層
RPUNMLTLJIIFFBV37CA,35,119.94,住家用,加強磚造,67年8月10日,二層,一層 二層 騎樓
RPSNMLOKJIIFFAV09CA,19,227.23,住家用,鋼筋混凝土造,83年9月30日,四層,一層 二層 三層 四層 騎樓
RPSOMLMLJIIFFAV56DA,36,270.70,住家用,見其他登記事項,66年5月7日,二層,一層 二層 騎樓
RPPNMLQJJIIFFAV88CA,38,46.14,住家用,見其他登記事項,64年7月2日,三層,
RPPNMLMKJIIFFAV58CA,20,24.52,見其他登記事項,鋼筋混凝土造,83年4月19日,十四層,
RPPNMLMKJIIFFAV58CA,20,78.36,見其他登記事項,鋼筋混凝土造,83年4月19日,十四層,十層
RPSNMLQJJIIFFAV56CA,19,203.58,住家用,鋼筋混凝土造,83年8月9日,四層,一層 二層 三層 四層
RPRNMLLKJIIFFAV68CA,,94.54,住家用,見其他登記事項,,二層,一層 二層 騎樓
RPRNMLOKJIIFFAV98CA,20,53.78,見其他登記事項,鋼筋混凝土造,82年10月19日,七層,三層
RPRNMLOKJIIFFAV98CA,20,14.75,見其他登記事項,鋼筋混凝土造,82年10月19日,七層,
RPRNMLOKJIIFFAV98CA,20,5.90,見其他登記事項,鋼筋混凝土造,82年10月19日,七層,
RPPOMLMKJIIFFAV68CA,19,203.58,住家用,鋼筋混凝土造,83年8月9日,四層,一層 二層 三層 四層
RPWNMLRJJIIFFAV07CA,6,221.00,住家用,見其他登記事項,97年1月9日,四層,一層 二層 三層 四層
RPPNMLSJJIIFFAV09CA,,156.03,住家用,見其他登記事項,102年7月23日,二層,一層 二層
RPPOMLRJJIIFFAV09CA,19,124.33,見其他登記事項,鋼筋混凝土造,84年1月4日,三層,一層 二層 三層
RPXNMLNKJIIFFAV86CA,27,121.27,住家用,加強磚造,75年11月10日,二層,一層 二層
RPXNMLTKJIIFFAV47CA,30,112.68,住家用,加強磚造,73年2月29日,二層,一層 二層 騎樓
RPWNMLOKJIIFFAV86CA,18,134.32,住家用,鋼筋混凝土造,84年10月26日,三層,一層 二層 三層
RPPNMLLKJIIFFAV48CA,41,48.10,住家用,見其他登記事項,62年1月16日,一層,一層 騎樓
RPPNMLSKJIIFFDV86CA,18,30.87,見其他登記事項,鋼筋混凝土造,84年7月14日,八層,六層
RPRNMLNKJIIFFAV88CA,28,105.14,住家用,加強磚造,75年2月25日,二層,一層 二層
RPUNMLMKJIIFFAV09CA,34,80.10,住家用,加強磚造,68年12月26日,二層,一層 二層
RPRNMLMKJIIFFAV78CA,18,144.70,見其他登記事項,鋼筋混凝土造,84年11月9日,七層,六層
RPRNMLMKJIIFFAV78CA,18,39.03,見其他登記事項,鋼筋混凝土造,84年11月9日,七層,
RPRNMLMKJIIFFAV78CA,18,17.12,見其他登記事項,鋼筋混凝土造,84年11月9日,地下層,
RPRNMLMKJIIFFBV88CA,9,132.58,住家用,鋼筋混凝土造,93年12月16日,二層,一層 二層
RPVNMLMKJIIFFAV56CA,,277.89,住家用,見其他登記事項,102年9月5日,三層,屋頂突出物 一層 二層 三層
RPTNMLMKJIIFFCV66DA,20,152.26,住家用,鋼筋混凝土造,83年1月15日,三層,一層 二層 三層
RPQOMLKLJIIFFAV68CA,20,94.37,見其他登記事項,鋼筋混凝土造,83年2月25日,十二層,十一層
RPQOMLKLJIIFFAV68CA,20,13.50,見其他登記事項,鋼筋混凝土造,83年2月25日,十二層,
RPQOMLKLJIIFFAV68CA,20,12.68,見其他登記事項,鋼筋混凝土造,83年2月25日,十二層,
RPROMLKLJIIFFAV78CA,17,105.49,見其他登記事項,鋼筋混凝土造,85年6月21日,七層,四層
RPROMLKLJIIFFAV78CA,17,10.35,見其他登記事項,鋼筋混凝土造,85年6月21日,七層,
RPROMLKLJIIFFAV78CA,17,7.00,見其他登記事項,鋼筋混凝土造,85年6月21日,七層,
RPROMLKLJIIFFAV78CA,17,7.37,見其他登記事項,鋼筋混凝土造,85年6月21日,七層,
RPROMLKLJIIFFAV78CA,17,16.82,見其他登記事項,鋼筋混凝土造,85年6月21日,七層,
RPUNMLNKJIIFFAV56CA,19,83.72,見其他登記事項,鋼筋混凝土造,84年1月25日,十層,五層
RPUNMLNKJIIFFAV56CA,,2.21,見其他登記事項,鋼筋混凝土造,,十層,
RPUNMLNKJIIFFAV56CA,19,9.76,見其他登記事項,鋼筋混凝土造,84年1月25日,十層,
RPUNMLNKJIIFFAV56CA,19,2.35,見其他登記事項,鋼筋混凝土造,84年1月25日,十層,
RPUNMLNKJIIFFAV56CA,19,11.98,見其他登記事項,鋼筋混凝土造,84年1月25日,十層,
RPXOMLOKJIIFFAV07CA,18,153.60,見其他登記事項,鋼筋混凝土造,85年1月29日,三層,一層 二層 三層
RPTNMLSKJIIFFAV96CA,1,235.26,住家用,見其他登記事項,102年9月6日,三層,一層 二層 三層
RPUNMLSKJIIFFAV07CA,1,232.91,住家用,見其他登記事項,102年9月6日,三層,一層 二層 三層
RPSNMLPKJIIFFAV66DA,22,192.89,住家用,鋼筋混凝土造,81年4月29日,三層,一層 二層 三層
RPSOMLOKJIIFFAV56CA,28,145.90,見其他登記事項,加強磚造,74年5月23日,二層,一層 二層
RPPNMLPKJIIFFAV98DA,34,101.64,住家用,加強磚造,69年1月2日,二層,一層 二層 騎樓
RPSNMLKLJIIFFAV78CA,26,289.02,見其他登記事項,鋼筋混凝土造,76年8月25日,二層,一層 二層
RPVNMLSKJIIFFAV17CA,1,245.16,住家用,見其他登記事項,102年9月6日,三層,一層 二層 三層 屋頂突出物
RPUNMLTKJIIFFAV17CA,15,145.06,住家用,鋼筋混凝土造,87年10月22日,三層,一層 二層 三層
RPPNMLSLJIIFFAV66CA,18,134.32,住家用,鋼筋混凝土造,84年10月26日,三層,一層 二層 三層
RPQNMLTKJIIFFAV76CA,33,103.52,住家用,鋼筋混凝土加強磚造,69年9月8日,二層,一層 二層
RPSNMLKMKIIFFAV09DA,8,141.36,見其他登記事項,見其他登記事項,94年9月26日,三層,一層 二層 三層 騎樓
RPPNMLTKJIIFFAV66CA,21,226.88,住家用,鋼筋混凝土造,81年8月25日,四層,一層 二層 三層 四層 騎樓
RPXNMLSKJIIFFAV37CA,17,27.37,見其他登記事項,鋼筋混凝土造,85年6月28日,九層,五層
RPXNMLSKJIIFFAV37CA,17,5.47,見其他登記事項,鋼筋混凝土造,85年6月28日,九層,
RPXNMLSKJIIFFAV37CA,17,3.28,見其他登記事項,鋼筋混凝土造,85年6月28日,九層,
RPRNMLPKJIIFFAV09CA,32,104.92,住家用,加強磚造,70年9月26日,二層,一層 二層 騎樓
RPSNMLPLJIIFFDV96CA,19,10.16,見其他登記事項,鋼筋混凝土造,83年4月27日,九層,
RPSNMLPLJIIFFDV96CA,19,46.90,見其他登記事項,鋼筋混凝土造,83年4月27日,九層,
RPSNMLPLJIIFFDV96CA,19,42.64,商業用,鋼筋混凝土造,83年4月27日,九層,五層
RPTOMLTKJIIFFAV17CA,15,66.41,見其他登記事項,鋼筋混凝土造,87年10月14日,七層,六層
RPTOMLTKJIIFFAV17CA,15,9.59,見其他登記事項,鋼筋混凝土造,87年10月14日,七層,
RPTOMLTKJIIFFAV17CA,15,14.51,見其他登記事項,鋼筋混凝土造,87年10月14日,七層,
RPQNMLLLJIIFFAV68CA,35,162.88,住家用,加強磚造,68年3月6日,二層,一層 二層 騎樓
RPSOMLTKJIIFFAV07CA,16,148.42,住家用,鋼筋混凝土造,87年2月6日,三層,三層 一層 二層
RPTNMLTKJIIFFAV07CA,7,236.59,住家用,見其他登記事項,95年8月15日,三層,一層 二層 三層
RPQNMLKLJIIFFAV58CA,30,91.74,國民住宅,鋼筋混凝土造,72年10月4日,四層,四層
RPQNMLKLJIIFFAV58CA,,4.61,見其他登記事項,鋼筋混凝土造,,四層,
RPTNMLLLJIIFFAV98CA,32,109.27,住家用,加強磚造,71年1月22日,二層,一層 二層 騎樓
RPQNMLTKJIIFFCV07DA,,202.96,見其他登記事項,鋼筋混凝土造,102年5月30日,三層,一層 二層 三層
RPPNMLKLJIIFFCV78DA,,60.54,住商用,見其他登記事項,,一層,一層 騎樓
RPSNMLMJKIIFFAV98DA,32,218.56,住商用,鋼筋混凝土造,70年11月25日,三層,一層 二層 三層 騎樓 地下層
RPVNMLNKKIIFFAV76CA,56,88.56,住家用,見其他登記事項,47年2月1日,二層,一層 二層 騎樓
RPWNMLRLJIIFFBV37CA,17,206.51,見其他登記事項,加強磚造,85年7月19日,二層,一層 二層
RPRNMLLLJIIFFAV78CA,34,97.31,住家用,加強磚造,69年4月21日,二層,一層 二層
RPUOMLKLJIIFFAV09CA,34,19.51,住家用,加強磚造,69年1月23日,二層,一層 二層 騎樓
RPUOMLKLJIIFFAV09CA,34,58.52,住家用,加強磚造,69年1月23日,二層,二層 騎樓 一層
RPUOMLKLJIIFFAV09CA,34,19.51,住家用,加強磚造,69年1月23日,二層,一層 二層 騎樓
RPUOMLKLJIIFFAV09CA,34,19.51,住家用,加強磚造,69年1月23日,二層,一層 二層 騎樓
RPWNMLSLJIIFFAV37CA,18,185.40,見其他登記事項,鋼筋混凝土造,85年4月19日,三層,一層 二層 三層 騎樓
RPTNMLPLJIIFFAV76CA,,175.11,住家用,見其他登記事項,102年9月5日,三層,一層 二層 三層
RPPNMLMLJIIFFAV68CA,20,63.51,住家用,鋼筋混凝土造,82年6月7日,三層,一層 二層 三層
RPPNMLMLJIIFFAV68CA,20,63.51,住家用,鋼筋混凝土造,82年6月7日,三層,一層 二層 三層
RPOOMLPLJIIFFAV98CA,,207.27,住家用,見其他登記事項,102年9月5日,三層,一層 二層 三層
RPROMLPLJIIFFAV66CA,,200.18,住家用,見其他登記事項,102年9月5日,三層,二層 一層 三層
RPVNMLPLJIIFFAV96CA,,100.09,住家用,見其他登記事項,102年9月5日,三層,一層 二層 三層
RPVNMLPLJIIFFAV96CA,,100.09,住家用,見其他登記事項,102年9月5日,三層,一層 二層 三層
RPQNMLMLJIIFFBV88CA,24,116.93,住家用,加強磚造,78年9月5日,二層,一層 二層
RPQNMLPLJIIFFAV09CA,,200.97,住家用,見其他登記事項,102年9月5日,三層,一層 二層 三層
RPRNMLQLJIIFFAV76DA,9,168.28,住家用,鋼筋混凝土造,93年6月10日,三層,一層 二層 三層
RPQNMLQLJIIFFAV56CA,9,243.22,住家用,鋼筋混凝土造,93年11月24日,三層,一層 二層 三層
RPWNMLRLJIIFFAV27CA,20,28.06,見其他登記事項,鋼筋混凝土造,82年5月22日,十二層,五層
RPWNMLRLJIIFFAV27CA,20,3.34,共同使用部份,鋼筋混凝土造,82年5月22日,十二層,
RPWNMLRLJIIFFAV27CA,20,7.04,見其他登記事項,鋼筋混凝土造,82年5月22日,十二層,
RPOOMLSKKIIFFAV66CA,3,193.97,住家用,見其他登記事項,99年12月7日,三層,一層 二層 三層
RPSNMLQLJIIFFAV76CA,18,200.30,住家用,鋼筋混凝土造,84年12月18日,三層,一層 二層 三層
RPVNMLMJKIIFFAV66DA,20,85.38,住家用,鋼筋混凝土造,82年7月16日,七層,五層
RPVNMLMJKIIFFAV66DA,20,29.32,見其他登記事項,鋼筋混凝土造,82年7月16日,七層,
RPTNMLRKKIIFFAV96CA,17,105.49,見其他登記事項,鋼筋混凝土造,85年6月21日,七層,四層
RPTNMLRKKIIFFAV96CA,17,9.52,見其他登記事項,鋼筋混凝土造,85年6月21日,七層,
RPTNMLRKKIIFFAV96CA,17,6.43,見其他登記事項,鋼筋混凝土造,85年6月21日,七層,
RPTNMLRKKIIFFAV96CA,17,7.25,見其他登記事項,鋼筋混凝土造,85年6月21日,七層,
RPTNMLRKKIIFFAV96CA,17,16.82,見其他登記事項,鋼筋混凝土造,85年6月21日,七層,
RPVNMLRLJIIFFAV17CA,20,20.51,見其他登記事項,鋼筋混凝土造,83年4月19日,十四層,
RPVNMLRLJIIFFAV17CA,20,65.78,見其他登記事項,鋼筋混凝土造,83年4月19日,十四層,十三層
RPXNMLSLJIIFFAV47CA,38,83.34,住家用,見其他登記事項,64年9月11日,二層,一層 二層
RPPOMLSKKIIFFAV76CA,40,46.19,住家用,見其他登記事項,62年6月6日,一層,一層
RPXNMLMKKIIFFAV86CA,34,95.64,住家用,加強磚造,68年6月23日,二層,一層 二層 騎樓
RPQNMLPLJIIFFCV76DA,,115.78,住家用,加強磚造,,二層,一層 二層
RPQOMLPJKIIFFAV09CA,22,196.32,住家用,鋼筋混凝土造,81年3月24日,三層,一層 二層 三層
RPROMLRLJIIFFBV96CA,34,84.28,住家用,鋼筋混凝土加強磚造,68年8月30日,二層,一層 二層 騎樓
RPRNMLMJKIIFFCV09DA,33,86.22,住商用,見其他登記事項,70年3月24日,二層,一層 二層 騎樓
RPSOMLRLJIIFFBV07CA,34,83.16,住家用,鋼筋混凝土加強磚造,68年8月30日,二層,一層 二層 騎樓
RPSNMLRKKIIFFBV96CA,,74.90,住家用,加強磚造,,一層,一層
RPPNMLMJKIIFFBV78DA,32,111.98,住家用,鋼筋混凝土加強磚造,70年12月1日,二層,一層 二層 騎樓
RPXNMLQJKIIFFAV17CA,17,24.74,見其他登記事項,鋼筋混凝土造,85年6月28日,九層,七層
RPXNMLQJKIIFFAV17CA,17,3.01,見其他登記事項,鋼筋混凝土造,85年6月28日,九層,
RPXNMLQJKIIFFAV17CA,17,4.89,見其他登記事項,鋼筋混凝土造,85年6月28日,九層,
RPQNMLPLKIIFFCV76CA,35,80.52,國民住宅,見其他登記事項,67年9月12日,二層,一層 二層
RPVNMLTLJIIFFAV37CA,17,224.73,見其他登記事項,鋼筋混凝土造,85年5月23日,四層,一層 二層 三層 四層 騎樓
RPTNMLMJKIIFFAV98CA,18,255.96,見其他登記事項,鋼筋混凝土造,84年7月21日,五層,二層 三層 一層 五層 四層
RPTNMLMJKIIFFAV98CA,18,29.29,見其他登記事項,鋼筋混凝土造,84年7月21日,二層,
RPSNMLTLJIIFFAV07CA,20,133.00,住家用,鋼筋混凝土造,83年3月8日,三層,一層 二層 三層
RPQNMLLKKIIFFAV68CA,32,58.00,住家用,加強磚造,70年12月24日,二層,一層 二層 騎樓
RPPOMLPJKIIFFAV98CA,15,300.67,見其他登記事項,鋼筋混凝土造,88年3月10日,四層,一層 二層 三層 四層 騎樓
RPROMLNJKIIFFAV98CA,,236.42,住家用,見其他登記事項,102年8月22日,四層,一層 二層 三層 四層
RPPNMLOKKIIFFAV88CA,,211.99,見其他登記事項,見其他登記事項,102年9月12日,三層,一層 二層 三層 屋頂突出物
RPQNMLOKKIIFFAV98CA,,211.99,見其他登記事項,見其他登記事項,102年9月12日,三層,一層 二層 三層 屋頂突出物
RPSNMLQKKIIFFAV76CA,18,185.08,住家用,鋼筋混凝土造,84年12月30日,三層,一層 二層 三層
RPWNMLNJKIIFFAV76CA,,261.12,住家用,見其他登記事項,102年10月14日,三層,一層 二層 三層
RPPNMLNJKIIFFDV98CA,19,7.49,見其他登記事項,鋼筋混凝土造,84年1月10日,八層,
RPPNMLNJKIIFFDV98CA,19,30.15,見其他登記事項,鋼筋混凝土造,84年1月10日,八層,四層
RPPNMLNJKIIFFDV98CA,19,3.56,見其他登記事項,鋼筋混凝土造,84年1月10日,八層,
RPTNMLKKKIIFFBV09DA,36,116.45,住商用,鋼筋混凝土加強磚造,66年12月29日,三層,一層 二層 三層 騎樓
RPXNMLNJKIIFFAV86CA,36,57.12,住家用,見其他登記事項,66年7月15日,一層,一層 騎樓
RPSNMLNJKIIFFAV98CA,19,184.76,住家用,鋼筋混凝土造,84年1月14日,三層,一層 二層 三層
RPWNMLPJKIIFFAV96CA,19,180.77,住家用,鋼筋混凝土造,83年9月9日,三層,二層 三層 一層
RPQNMLRKKIIFFAV66CA,30,93.62,國民住宅,鋼筋混凝土造,72年10月19日,四層,一層
RPQNMLRKKIIFFAV66CA,,5.30,見其他登記事項,見其他登記事項,,四層,
RPOOMLMKKIIFFAV68CA,31,47.47,住家用,加強磚造,71年9月3日,二層,一層 二層
RPOOMLMKKIIFFAV68CA,31,47.47,住家用,加強磚造,71年9月3日,二層,一層 二層
RPOOMLKMKIIFFAV68CA,8,118.69,見其他登記事項,鋼筋混凝土造,95年3月10日,十層,五層
RPOOMLKMKIIFFAV68CA,8,70.51,見其他登記事項,鋼筋混凝土造,95年3月10日,十層,
RPPOMLMKKIIFFAV78CA,,12.70,住家用,鋼筋混凝土造,,一層,騎樓 一層
RPPOMLMKKIIFFAV78CA,,12.70,住家用,鋼筋混凝土造,,一層,一層 騎樓
RPPOMLMKKIIFFAV78CA,,12.70,住家用,鋼筋混凝土造,,一層,一層 騎樓
RPPOMLMKKIIFFAV78CA,,12.70,住家用,鋼筋混凝土造,,一層,一層 騎樓
RPPOMLMKKIIFFAV78CA,,12.70,住家用,鋼筋混凝土造,,一層,一層 騎樓
RPQNMLOLKIIFFAV09CA,,247.93,見其他登記事項,見其他登記事項,102年9月12日,三層,三層 屋頂突出物 騎樓 一層 二層
RPWNMLPLKIIFFAV17CA,,239.37,見其他登記事項,見其他登記事項,102年6月13日,三層,一層 二層 三層 騎樓
RPQOMLKLKIIFFAV78CA,8,192.35,住家用,鋼筋混凝土造,94年5月19日,三層,一層 二層 三層
RPUNMLQJKIIFFAV86CA,17,273.51,見其他登記事項,鋼筋混凝土造,85年5月23日,四層,三層 四層 騎樓 二層 一層
RPVNMLQJKIIFFAV96CA,19,.56,見其他登記事項,鋼筋混凝土造,83年5月16日,十三層,
RPVNMLQJKIIFFAV96CA,19,83.53,見其他登記事項,鋼筋混凝土造,83年5月16日,十三層,十三層
RPVNMLQJKIIFFAV96CA,19,.27,見其他登記事項,鋼筋混凝土造,83年5月16日,十三層,
RPVNMLQJKIIFFAV96CA,19,.30,見其他登記事項,鋼筋混凝土造,83年5月16日,十三層,
RPVNMLQJKIIFFAV96CA,19,.34,見其他登記事項,鋼筋混凝土造,83年5月16日,十三層,
RPVNMLQJKIIFFAV96CA,19,.30,見其他登記事項,鋼筋混凝土造,83年5月16日,十三層,
RPVNMLQJKIIFFAV96CA,19,.30,見其他登記事項,鋼筋混凝土造,83年5月16日,十三層,
RPVNMLQJKIIFFAV96CA,19,.37,見其他登記事項,鋼筋混凝土造,83年5月16日,十三層,
RPVNMLQJKIIFFAV96CA,19,.27,見其他登記事項,鋼筋混凝土造,83年5月16日,十三層,
RPVNMLQJKIIFFAV96CA,19,1.13,見其他登記事項,鋼筋混凝土造,83年5月16日,十三層,
RPVNMLQJKIIFFAV96CA,19,.30,見其他登記事項,鋼筋混凝土造,83年5月16日,十三層,
RPVNMLQJKIIFFAV96CA,19,.30,見其他登記事項,鋼筋混凝土造,83年5月16日,十三層,
RPVNMLQJKIIFFAV96CA,19,.75,見其他登記事項,鋼筋混凝土造,83年5月16日,十三層,
RPVNMLQJKIIFFAV96CA,19,.37,見其他登記事項,鋼筋混凝土造,83年5月16日,十三層,
RPVNMLQJKIIFFAV96CA,19,11.13,見其他登記事項,鋼筋混凝土造,83年5月16日,十三層,
RPVNMLQJKIIFFAV96CA,19,.37,見其他登記事項,鋼筋混凝土造,83年5月16日,十三層,
RPVNMLQJKIIFFAV96CA,19,.30,見其他登記事項,鋼筋混凝土造,83年5月16日,十三層,
RPVNMLQJKIIFFAV96CA,19,.37,見其他登記事項,鋼筋混凝土造,83年5月16日,十三層,
RPVNMLQJKIIFFAV96CA,19,.30,見其他登記事項,鋼筋混凝土造,83年5月16日,十三層,
RPVNMLQJKIIFFAV96CA,19,.53,見其他登記事項,鋼筋混凝土造,83年5月16日,十三層,
RPVNMLQJKIIFFAV96CA,19,.37,見其他登記事項,鋼筋混凝土造,83年5月16日,十三層,
RPVNMLQJKIIFFAV96CA,19,.37,見其他登記事項,鋼筋混凝土造,83年5月16日,十三層,
RPVNMLQJKIIFFAV96CA,19,.37,見其他登記事項,鋼筋混凝土造,83年5月16日,十三層,
RPVNMLQJKIIFFAV96CA,19,.37,見其他登記事項,鋼筋混凝土造,83年5月16日,十三層,
RPVNMLQJKIIFFAV96CA,19,.30,見其他登記事項,鋼筋混凝土造,83年5月16日,十三層,
RPVNMLQJKIIFFAV96CA,19,.37,見其他登記事項,鋼筋混凝土造,83年5月16日,十三層,
RPVNMLQJKIIFFAV96CA,19,.14,見其他登記事項,鋼筋混凝土造,83年5月16日,十三層,
RPVNMLQJKIIFFAV96CA,19,.14,見其他登記事項,鋼筋混凝土造,83年5月16日,十三層,
RPVNMLQJKIIFFAV96CA,19,.30,見其他登記事項,鋼筋混凝土造,83年5月16日,十三層,
RPVNMLQJKIIFFAV96CA,19,.30,見其他登記事項,鋼筋混凝土造,83年5月16日,十三層,
RPVNMLQJKIIFFAV96CA,19,.37,見其他登記事項,鋼筋混凝土造,83年5月16日,十三層,
RPVNMLQJKIIFFAV96CA,19,.28,見其他登記事項,鋼筋混凝土造,83年5月16日,十三層,
RPVNMLQJKIIFFAV96CA,19,.30,見其他登記事項,鋼筋混凝土造,83年5月16日,十三層,
RPVNMLPJKIIFFAV86CA,31,100.53,國民住宅,鋼筋混凝土造,72年2月9日,四層,四層
RPVNMLPJKIIFFAV86CA,31,.99,見其他登記事項,鋼筋混凝土造,72年2月9日,四層,
RPVNMLPJKIIFFAV86CA,31,1.15,見其他登記事項,鋼筋混凝土造,72年2月9日,四層,
RPVNMLPJKIIFFAV86CA,31,6.87,見其他登記事項,鋼筋混凝土造,72年2月9日,四層,
RPWNMLTJKIIFFAV47DA,6,169.72,見其他登記事項,見其他登記事項,96年11月13日,二層,一層 二層
RPQNMLLMKIIFFCV09CA,9,99.65,見其他登記事項,鋼筋混凝土造,94年1月21日,八層,八層
RPQNMLLMKIIFFCV09CA,9,4.38,見其他登記事項,鋼筋混凝土造,94年1月21日,一層,
RPQNMLLMKIIFFCV09CA,9,14.48,見其他登記事項,鋼筋混凝土造,94年1月21日,八層,
RPVNMLLKKIIFFAV56CA,20,93.11,見其他登記事項,鋼筋混凝土造,83年2月25日,十二層,十層
RPVNMLLKKIIFFAV56CA,20,13.30,見其他登記事項,鋼筋混凝土造,83年2月25日,十二層,
RPVNMLLKKIIFFAV56CA,20,12.50,見其他登記事項,鋼筋混凝土造,83年2月25日,十二層,
RPRNMLKLKIIFFAV78CA,20,143.12,住家用,鋼筋混凝土造,83年5月5日,五層,四層
RPRNMLKLKIIFFAV78CA,20,43.37,見其他登記事項,鋼筋混凝土造,83年5月5日,五層,
RPQNMLPJKIIFFAV98CA,35,45.66,住家用,見其他登記事項,68年5月1日,一層,一層
RPSNMLKLKIIFFAV88CA,18,134.32,住家用,鋼筋混凝土造,84年10月26日,三層,一層 二層 三層
RPXNMLMJJHJFFAV66CA,30,93.83,國民住宅,鋼筋混凝土造,72年10月19日,四層,二層
RPXNMLMJJHJFFAV66CA,,4.78,見其他登記事項,見其他登記事項,,四層,
RPOOMLPLKIIFFAV09CA,,234.63,見其他登記事項,見其他登記事項,102年9月12日,三層,一層 二層 三層 屋頂突出物
RPXOMLTJKIIFFAV57CA,,261.12,住家用,見其他登記事項,102年10月14日,三層,一層 二層 三層
RPUOMLTJKIIFFAV27CA,18,172.94,住家用,鋼筋混凝土造,85年2月16日,三層,一層 二層 三層
RPTNMLTJKIIFFAV07CA,10,161.10,見其他登記事項,鋼筋混凝土造,93年3月3日,三層,一層 二層 三層 騎樓
RPTNMLKLKIIFFAV98CA,20,248.18,住家用,鋼筋混凝土造,82年8月9日,四層,一層 二層 三層 四層
RPQNMLMKKIIFFAV88DA,4,192.72,住家用,見其他登記事項,99年3月9日,二層,一層 二層
RPXNMLKKKIIFFAV66CA,,196.67,住家用,見其他登記事項,102年8月8日,三層,一層 二層 三層
RPTNMLLKKIIFFAV98CA,,43.25,住家用,木造,,一層,
RPRNMLMKKIIFFAV88CA,10,255.39,住家用,鋼筋混凝土造,93年3月19日,三層,二層 三層 一層
RPSNMLLKKIIFFAV88CA,18,73.96,見其他登記事項,鋼筋混凝土造,84年6月1日,五層,五層
RPSNMLLKKIIFFAV88CA,18,8.51,見其他登記事項,鋼筋混凝土造,84年6月1日,五層,
RPSNMLLKKIIFFAV88CA,18,10.63,見其他登記事項,鋼筋混凝土造,84年6月1日,五層,
RPQOMLLKKIIFFAV78CA,18,213.53,見其他登記事項,鋼筋混凝土造,85年5月23日,四層,一層 二層 三層 四層
RPOOMLRKKIIFFAV56CA,2,177.20,見其他登記事項,見其他登記事項,101年3月13日,三層,一層 二層 三層
RPWNMLKLKIIFFAV66CA,43,146.50,住商用,見其他登記事項,60年2月1日,二層,一層 二層
RPWNMLKLKIIFFAV66CA,43,31.19,住家用,見其他登記事項,60年2月1日,三層,三層
RPWNMLKLKIIFFAV66CA,,160.48,住商用,見其他登記事項,,二層,一層 二層
RPQNMLNKKIIFFAV88CA,18,66.08,見其他登記事項,鋼筋混凝土造,84年12月20日,七層,二層
RPQNMLNKKIIFFAV88CA,,41.20,見其他登記事項,鋼筋混凝土造,,七層,
RPTNMLNLKIIFFAV66CA,32,74.15,住家用,加強磚造,71年2月4日,四層,一層
RPTNMLNLKIIFFAV66CA,32,6.63,見其他登記事項,加強磚造,71年2月4日,四層,
RPTNMLNLKIIFFAV66CA,32,8.30,見其他登記事項,加強磚造,71年2月4日,四層,
RPWNMLMKKIIFFAV76CA,18,78.10,見其他登記事項,鋼筋混凝土造,84年6月1日,五層,三層
RPWNMLMKKIIFFAV76CA,18,9.16,見其他登記事項,鋼筋混凝土造,84年6月1日,五層,
RPWNMLMKKIIFFAV76CA,18,10.93,見其他登記事項,鋼筋混凝土造,84年6月1日,五層,
RPSNMLMJJHJFFAV78CA,,268.63,住家用,見其他登記事項,102年10月22日,四層,三層 四層 一層 二層
RPOOMLQJJHJFFAV88CA,,294.15,住家用,見其他登記事項,102年10月22日,四層,一層 二層 三層 四層
RPPNMLOLKIIFFDV66CA,18,30.87,見其他登記事項,鋼筋混凝土造,84年7月14日,八層,六層
RPPNMLRKKIIFFAV66DA,14,232.75,見其他登記事項,鋼筋混凝土造,88年7月31日,四層,一層 二層 三層 四層 騎樓
RPRNMLMJJHJFFAV68CA,,289.76,住家用,見其他登記事項,102年10月22日,四層,一層 二層 三層 四層
RPRNMLRKKIIFFAV86DA,35,88.64,國民住宅,加強磚造,67年11月9日,二層,一層 二層
RPQNMLQKKIIFFAV56CA,,130.56,住家用,見其他登記事項,102年10月14日,三層,一層 二層 三層
RPQNMLQKKIIFFAV56CA,,130.56,住家用,見其他登記事項,102年10月14日,三層,一層 二層 三層
RPWNMLNKKIIFFAV86CA,19,198.46,住家用,鋼筋混凝土造,83年9月9日,三層,一層 二層 三層
RPRNMLRLKIIFFAV86CA,1,261.99,住家用,見其他登記事項,102年3月20日,三層,一層 二層 三層 見其他登記事項
RPPNMLQKKIIFFAV09CA,,263.31,住家用,見其他登記事項,102年10月14日,三層,一層 二層 三層
RPOPMLPLKIIFFAV56CA,,237.75,見其他登記事項,見其他登記事項,102年9月12日,三層,一層 二層 三層 屋頂突出物
RPTNMLSKKIIFFAV07CA,,194.23,住家用,見其他登記事項,102年8月8日,三層,三層 一層 二層
RPUNMLSKKIIFFAV17CA,,191.03,住家用,見其他登記事項,102年8月8日,三層,一層 二層 三層
RPXNMLKLKIIFFAV76CA,32,243.49,住家用,見其他登記事項,70年6月16日,三層,騎樓 地下層 一層 二層 三層
RPPNMLSKKIIFFAV66CA,21,234.25,住家用,鋼筋混凝土造,81年6月8日,四層,一層 二層 三層 四層 騎樓
RPSNMLSKKIIFFAV96CA,20,79.07,住家用,鋼筋混凝土造,82年8月19日,七層,七層
RPSNMLSKKIIFFAV96CA,20,2.37,見其他登記事項,鋼筋混凝土造,82年8月19日,七層,
RPSNMLSKKIIFFAV96CA,20,14.22,見其他登記事項,鋼筋混凝土造,82年8月19日,七層,
RPSNMLSKKIIFFAV96CA,20,13.48,見其他登記事項,鋼筋混凝土造,82年8月19日,七層,
RPUNMLQKKIIFFAV96CA,,263.31,住家用,見其他登記事項,102年10月14日,三層,一層 二層 三層
RPPNMLLLKIIFFAV68CA,25,128.96,住家用,加強磚造,78年2月4日,二層,一層 二層
RPXNMLRLKIIFFAV47CA,20,163.39,見其他登記事項,鋼筋混凝土造,82年8月14日,七層,一層 二層 騎樓
RPXNMLRLKIIFFAV47CA,20,2.61,見其他登記事項,鋼筋混凝土造,82年8月14日,七層,
RPXNMLRLKIIFFAV47CA,20,16.87,見其他登記事項,鋼筋混凝土造,82年8月14日,七層,
RPXNMLRLKIIFFAV47CA,20,32.16,見其他登記事項,鋼筋混凝土造,82年8月14日,七層,
RPSNMLRKKIIFFAV86CA,19,100.22,見其他登記事項,鋼筋混凝土造,84年2月17日,八層,五層
RPSNMLRKKIIFFAV86CA,19,17.65,見其他登記事項,鋼筋混凝土造,84年2月17日,八層,
RPSNMLRKKIIFFAV86CA,19,12.74,見其他登記事項,鋼筋混凝土造,84年2月17日,八層,
RPSNMLRJJHJFFAV76DA,18,73.40,見其他登記事項,鋼筋混凝土造,85年3月26日,八層,七層
RPSNMLRJJHJFFAV76DA,18,8.44,見其他登記事項,鋼筋混凝土造,85年3月26日,八層,
RPSNMLRJJHJFFAV76DA,18,12.89,見其他登記事項,鋼筋混凝土造,85年3月26日,八層,
RPTNMLQKKIIFFAV96DA,19,100.22,見其他登記事項,鋼筋混凝土造,84年2月17日,八層,三層
RPTNMLQKKIIFFAV96DA,19,17.65,見其他登記事項,鋼筋混凝土造,84年2月17日,八層,
RPTNMLQKKIIFFAV96DA,19,12.74,見其他登記事項,鋼筋混凝土造,84年2月17日,八層,
RPPNMLKMKIIFFCV88CA,21,75.09,住家用,鋼筋混凝土造,82年2月24日,三層,一層 二層 三層
RPPNMLKMKIIFFCV88CA,21,75.09,住家用,鋼筋混凝土造,82年2月24日,三層,一層 二層 三層
RPOOMLKLKIIFFAV58CA,37,90.46,住家用,見其他登記事項,65年6月1日,二層,一層 二層
RPVNMLQKKIIFFAV07CA,18,66.90,見其他登記事項,鋼筋混凝土造,84年6月1日,五層,五層
RPVNMLQKKIIFFAV07CA,18,8.03,見其他登記事項,鋼筋混凝土造,84年6月1日,五層,
RPVNMLQKKIIFFAV07CA,18,6.70,見其他登記事項,鋼筋混凝土造,84年6月1日,五層,
RPVNMLQKKIIFFAV07CA,18,58.46,見其他登記事項,鋼筋混凝土造,84年6月1日,五層,五層
RPVNMLQKKIIFFAV07CA,18,6.96,見其他登記事項,鋼筋混凝土造,84年6月1日,五層,
RPVNMLQKKIIFFAV07CA,18,6.27,見其他登記事項,鋼筋混凝土造,84年6月1日,五層,
RPPOMLKLKIIFFAV68CA,34,106.48,住家用,加強磚造,68年11月29日,二層,一層 二層 騎樓
RPSNMLQJJHJFFAV56CA,,232.10,住家用,見其他登記事項,102年9月18日,三層,一層 二層 三層
RPPNMLOLKIIFFAV98CA,35,84.27,住家用,加強磚造,67年8月3日,二層,一層 二層
RPPNMLOLKIIFFBV09CA,18,186.99,農舍,加強磚造,84年11月20日,三層,一層 二層 三層
RPVOMLPLKIIFFAV17CA,57,92.46,住商用,木造,46年1月1日,二層,
RPPNMLPLKIIFFCV66CA,27,128.40,農舍,加強磚造,76年1月15日,一層,一層
RPRNMLPLKIIFFCV86CA,36,72.27,住商用,鋼筋混凝土造,66年8月19日,一層,一層 騎樓
RPWNMLKMKIIFFAV86DA,,217.41,住家用,見其他登記事項,102年10月3日,三層,三層 一層 二層
RPTOMLNLKIIFFAV76CA,32,102.09,住家用,加強磚造,70年9月26日,二層,一層 二層 騎樓
RPXNMLSKKIIFFAV47CA,,263.31,住家用,見其他登記事項,102年10月14日,三層,三層 一層 二層
RPTOMLKMKIIFFAV56CA,18,53.65,住家用,鋼筋混凝土造,84年12月5日,六層,四層
RPTOMLKMKIIFFAV56CA,18,11.89,見其他登記事項,鋼筋混凝土造,84年12月5日,六層,
RPTOMLKMKIIFFAV56CA,18,6.85,見其他登記事項,鋼筋混凝土造,84年12月5日,六層,
RPPNMLTKKIIFFDV07CA,18,33.25,見其他登記事項,鋼筋混凝土造,84年7月14日,八層,八層
RPPNMLTKKIIFFDV07CA,18,8.26,見其他登記事項,鋼筋混凝土造,84年7月14日,八層,
RPRNMLOLKIIFFAV56CA,35,91.38,住家用,加強磚造,68年5月2日,二層,一層 二層
RPXNMLQLKIIFFAV37CA,44,64.20,住家用,加強磚造,58年8月12日,一層,一層 騎樓
RPPOMLQJJHJFFAV98CA,,289.69,住家用,見其他登記事項,102年10月22日,四層,一層 二層 三層 四層
RPPNMLPLKIIFFAV56DA,7,239.61,見其他登記事項,見其他登記事項,95年8月24日,三層,一層 二層 三層
RPPOMLNLKIIFFAV09DA,19,59.12,見其他登記事項,鋼筋混凝土造,84年1月25日,十層,八層
RPPOMLNLKIIFFAV09DA,,1.43,見其他登記事項,鋼筋混凝土造,,十層,
RPPOMLNLKIIFFAV09DA,19,6.33,見其他登記事項,鋼筋混凝土造,84年1月25日,十層,
RPPOMLNLKIIFFAV09DA,19,1.54,見其他登記事項,鋼筋混凝土造,84年1月25日,十層,
RPPOMLNLKIIFFAV09DA,19,7.83,見其他登記事項,鋼筋混凝土造,84年1月25日,十層,
RPSNMLOLKIIFFAV66CA,,237.77,住家用,見其他登記事項,102年8月8日,三層,一層 二層 三層 屋頂突出物
RPQNMLQLKIIFFAV66CA,17,16.82,見其他登記事項,鋼筋混凝土造,85年6月21日,七層,
RPQNMLQLKIIFFAV66CA,17,102.24,見其他登記事項,鋼筋混凝土造,85年6月21日,七層,六層
RPQNMLQLKIIFFAV66CA,17,7.37,見其他登記事項,鋼筋混凝土造,85年6月21日,七層,
RPQNMLQLKIIFFAV66CA,17,13.19,見其他登記事項,鋼筋混凝土造,85年6月21日,七層,
RPQNMLQLKIIFFAV66CA,17,6.77,見其他登記事項,鋼筋混凝土造,85年6月21日,七層,
RPSNMLNLKIIFFAV56CA,7,289.16,住家用,見其他登記事項,95年6月19日,三層,三層 一層 二層
RPUNMLKMKIIFFAV56CA,30,93.83,國民住宅,鋼筋混凝土造,72年10月19日,四層,三層
RPUNMLKMKIIFFAV56CA,,4.78,見其他登記事項,見其他登記事項,,四層,
RPQOMLNLKIIFFAV09CA,18,78.87,見其他登記事項,鋼筋混凝土造,84年12月20日,七層,七層
RPXOMLPLKIIFFAV37CA,21,226.88,住家用,鋼筋混凝土造,81年8月25日,四層,一層 二層 三層 四層 騎樓
RPPNMLKLJHJFFCV68CA,25,461.11,見其他登記事項,鋼筋混凝土造,78年4月29日,四層,一層 二層 三層 四層 騎樓
RPWNMLLMKIIFFAV86CA,19,.13,見其他登記事項,鋼筋混凝土造,83年5月16日,十三層,
RPWNMLLMKIIFFAV86CA,19,81.17,見其他登記事項,鋼筋混凝土造,83年5月16日,十三層,七層
RPWNMLLMKIIFFAV86CA,19,.66,見其他登記事項,鋼筋混凝土造,83年5月16日,十三層,
RPWNMLLMKIIFFAV86CA,19,.24,見其他登記事項,鋼筋混凝土造,83年5月16日,十三層,
RPWNMLLMKIIFFAV86CA,19,.26,見其他登記事項,鋼筋混凝土造,83年5月16日,十三層,
RPWNMLLMKIIFFAV86CA,19,.25,見其他登記事項,鋼筋混凝土造,83年5月16日,十三層,
RPWNMLLMKIIFFAV86CA,19,.26,見其他登記事項,鋼筋混凝土造,83年5月16日,十三層,
RPWNMLLMKIIFFAV86CA,19,.33,見其他登記事項,鋼筋混凝土造,83年5月16日,十三層,
RPWNMLLMKIIFFAV86CA,19,.33,見其他登記事項,鋼筋混凝土造,83年5月16日,十三層,
RPWNMLLMKIIFFAV86CA,19,.26,見其他登記事項,鋼筋混凝土造,83年5月16日,十三層,
RPWNMLLMKIIFFAV86CA,19,.33,見其他登記事項,鋼筋混凝土造,83年5月16日,十三層,
RPWNMLLMKIIFFAV86CA,19,.33,見其他登記事項,鋼筋混凝土造,83年5月16日,十三層,
RPWNMLLMKIIFFAV86CA,19,.26,見其他登記事項,鋼筋混凝土造,83年5月16日,十三層,
RPWNMLLMKIIFFAV86CA,19,.99,見其他登記事項,鋼筋混凝土造,83年5月16日,十三層,
RPWNMLLMKIIFFAV86CA,19,9.74,見其他登記事項,鋼筋混凝土造,83年5月16日,十三層,
RPWNMLLMKIIFFAV86CA,19,.33,見其他登記事項,鋼筋混凝土造,83年5月16日,十三層,
RPWNMLLMKIIFFAV86CA,19,.46,見其他登記事項,鋼筋混凝土造,83年5月16日,十三層,
RPWNMLLMKIIFFAV86CA,19,.33,見其他登記事項,鋼筋混凝土造,83年5月16日,十三層,
RPWNMLLMKIIFFAV86CA,19,.26,見其他登記事項,鋼筋混凝土造,83年5月16日,十三層,
RPWNMLLMKIIFFAV86CA,19,.26,見其他登記事項,鋼筋混凝土造,83年5月16日,十三層,
RPWNMLLMKIIFFAV86CA,19,.33,見其他登記事項,鋼筋混凝土造,83年5月16日,十三層,
RPWNMLLMKIIFFAV86CA,19,.49,見其他登記事項,鋼筋混凝土造,83年5月16日,十三層,
RPWNMLLMKIIFFAV86CA,19,.13,見其他登記事項,鋼筋混凝土造,83年5月16日,十三層,
RPWNMLLMKIIFFAV86CA,19,.26,見其他登記事項,鋼筋混凝土造,83年5月16日,十三層,
RPWNMLLMKIIFFAV86CA,19,.26,見其他登記事項,鋼筋混凝土造,83年5月16日,十三層,
RPWNMLLMKIIFFAV86CA,19,.33,見其他登記事項,鋼筋混凝土造,83年5月16日,十三層,
RPWNMLLMKIIFFAV86CA,19,.26,見其他登記事項,鋼筋混凝土造,83年5月16日,十三層,
RPWNMLLMKIIFFAV86CA,19,.26,見其他登記事項,鋼筋混凝土造,83年5月16日,十三層,
RPWNMLLMKIIFFAV86CA,19,.30,見其他登記事項,鋼筋混凝土造,83年5月16日,十三層,
RPWNMLLMKIIFFAV86CA,19,.33,見其他登記事項,鋼筋混凝土造,83年5月16日,十三層,
RPWNMLLMKIIFFAV86CA,19,.33,見其他登記事項,鋼筋混凝土造,83年5月16日,十三層,
RPWNMLLMKIIFFAV86CA,19,.24,見其他登記事項,鋼筋混凝土造,83年5月16日,十三層,
RPWNMLLMKIIFFAV86CA,19,.26,見其他登記事項,鋼筋混凝土造,83年5月16日,十三層,
RPPNMLKKJHJFFBV48CA,33,109.93,住家用,加強磚造,70年3月21日,二層,一層 二層 騎樓
RPPOMLLMKIIFFAV88CA,31,89.75,國民住宅,鋼筋混凝土造,72年2月22日,四層,四層
RPPOMLLMKIIFFAV88CA,31,6.64,見其他登記事項,鋼筋混凝土造,72年2月22日,四層,
RPSNMLOKJHJFFAV09CA,,268.31,住家用,見其他登記事項,102年10月22日,四層,四層 一層 二層 三層
RPQNMLOKJHJFFAV88CA,,268.22,住家用,見其他登記事項,102年10月22日,四層,二層 三層 四層 一層
RPVNMLQJJHJFFAV86CA,19,72.13,見其他登記事項,鋼筋混凝土造,84年1月25日,十層,六層
RPVNMLQJJHJFFAV86CA,,1.95,見其他登記事項,鋼筋混凝土造,,十層,
RPVNMLQJJHJFFAV86CA,19,8.61,見其他登記事項,鋼筋混凝土造,84年1月25日,十層,
RPVNMLQJJHJFFAV86CA,19,2.08,見其他登記事項,鋼筋混凝土造,84年1月25日,十層,
RPVNMLQJJHJFFAV86CA,19,10.60,見其他登記事項,鋼筋混凝土造,84年1月25日,十層,
RPRNMLOKJHJFFAV98CA,,273.23,住家用,見其他登記事項,102年10月22日,四層,一層 二層 三層 四層
RPTNMLNJJHJFFAV98CA,33,104.50,住家用,加強磚造,70年2月2日,二層,一層 二層 騎樓
RPVNMLQLKIIFFAV17CA,,190.30,住家用,見其他登記事項,102年8月8日,三層,一層 二層 三層
RPUNMLRLKIIFFAV17CA,19,77.59,見其他登記事項,見其他登記事項,83年12月5日,一層,一層
RPRNMLOKJHJFFDV66CA,18,30.87,見其他登記事項,鋼筋混凝土造,84年7月14日,八層,八層
RPRNMLOKJHJFFDV66CA,18,7.85,見其他登記事項,鋼筋混凝土造,84年7月14日,八層,
RPWNMLRLKIIFFAV37CA,,56.19,住商用,木造,,一層,騎樓 一層
RPWNMLQJJHJFFAV96CA,,279.66,住家用,見其他登記事項,102年7月15日,三層,一層 二層 三層
RPUNMLLMKIIFFAV66CA,,192.09,住家用,見其他登記事項,102年10月18日,三層,一層 二層 三層 屋頂突出物
RPQNMLRLKIIFFAV76CA,,261.12,住家用,見其他登記事項,102年10月14日,三層,一層 二層 三層
RPTOMLMJJHJFFAV98CA,,192.27,住家用,見其他登記事項,102年10月18日,三層,一層 二層 三層 屋頂突出物
RPQNMLTLKIIFFAV96CA,32,105.04,住家用,加強磚造,70年7月23日,二層,一層 二層 夾層
RPVNMLMJJHJFFAV09CA,31,101.06,國民住宅,鋼筋混凝土造,72年2月9日,四層,四層
RPWNMLMJJHJFFAV56CA,,76.58,住家用,見其他登記事項,,一層,一層
RPPNMLMJJHJFFAV48CA,20,92.57,見其他登記事項,鋼筋混凝土造,83年5月16日,十三層,九層
RPPNMLMJJHJFFAV48CA,20,.27,見其他登記事項,鋼筋混凝土造,83年5月16日,十三層,
RPPNMLMJJHJFFAV48CA,20,.30,見其他登記事項,鋼筋混凝土造,83年5月16日,十三層,
RPPNMLMJJHJFFAV48CA,20,.27,見其他登記事項,鋼筋混凝土造,83年5月16日,十三層,
RPPNMLMJJHJFFAV48CA,20,1.13,見其他登記事項,鋼筋混凝土造,83年5月16日,十三層,
RPPNMLMJJHJFFAV48CA,20,11.13,見其他登記事項,鋼筋混凝土造,83年5月16日,十三層,
RPPNMLMJJHJFFAV48CA,20,.37,見其他登記事項,鋼筋混凝土造,83年5月16日,十三層,
RPPNMLMJJHJFFAV48CA,20,.37,見其他登記事項,鋼筋混凝土造,83年5月16日,十三層,
RPPNMLMJJHJFFAV48CA,20,.30,見其他登記事項,鋼筋混凝土造,83年5月16日,十三層,
RPPNMLMJJHJFFAV48CA,20,.30,見其他登記事項,鋼筋混凝土造,83年5月16日,十三層,
RPPNMLMJJHJFFAV48CA,20,.37,見其他登記事項,鋼筋混凝土造,83年5月16日,十三層,
RPPNMLMJJHJFFAV48CA,20,.30,見其他登記事項,鋼筋混凝土造,83年5月16日,十三層,
RPPNMLMJJHJFFAV48CA,20,.37,見其他登記事項,鋼筋混凝土造,83年5月16日,十三層,
RPPNMLMJJHJFFAV48CA,20,.37,見其他登記事項,鋼筋混凝土造,83年5月16日,十三層,
RPPNMLMJJHJFFAV48CA,20,.30,見其他登記事項,鋼筋混凝土造,83年5月16日,十三層,
RPPNMLMJJHJFFAV48CA,20,.37,見其他登記事項,鋼筋混凝土造,83年5月16日,十三層,
RPPNMLMJJHJFFAV48CA,20,.30,見其他登記事項,鋼筋混凝土造,83年5月16日,十三層,
RPPNMLMJJHJFFAV48CA,20,.30,見其他登記事項,鋼筋混凝土造,83年5月16日,十三層,
RPPNMLMJJHJFFAV48CA,20,.37,見其他登記事項,鋼筋混凝土造,83年5月16日,十三層,
RPPNMLMJJHJFFAV48CA,20,.30,見其他登記事項,鋼筋混凝土造,83年5月16日,十三層,
RPPNMLMJJHJFFAV48CA,20,.53,見其他登記事項,鋼筋混凝土造,83年5月16日,十三層,
RPPNMLMJJHJFFAV48CA,20,.14,見其他登記事項,鋼筋混凝土造,83年5月16日,十三層,
RPPNMLMJJHJFFAV48CA,20,.14,見其他登記事項,鋼筋混凝土造,83年5月16日,十三層,
RPPNMLMJJHJFFAV48CA,20,.30,見其他登記事項,鋼筋混凝土造,83年5月16日,十三層,
RPPNMLMJJHJFFAV48CA,20,.56,見其他登記事項,鋼筋混凝土造,83年5月16日,十三層,
RPPNMLMJJHJFFAV48CA,20,.37,見其他登記事項,鋼筋混凝土造,83年5月16日,十三層,
RPPNMLMJJHJFFAV48CA,20,.75,見其他登記事項,鋼筋混凝土造,83年5月16日,十三層,
RPPNMLMJJHJFFAV48CA,20,.34,見其他登記事項,鋼筋混凝土造,83年5月16日,十三層,
RPPNMLMJJHJFFAV48CA,20,.37,見其他登記事項,鋼筋混凝土造,83年5月16日,十三層,
RPPNMLMJJHJFFAV48CA,20,.30,見其他登記事項,鋼筋混凝土造,83年5月16日,十三層,
RPPNMLMJJHJFFAV48CA,20,.30,見其他登記事項,鋼筋混凝土造,83年5月16日,十三層,
RPXOMLLLJHJFFAV86CA,40,124.89,住家用,見其他登記事項,62年12月21日,二層,一層 二層 騎樓
RPXOMLLLJHJFFAV86CA,34,53.56,住家用,鋼筋混凝土造,68年6月17日,三層,三層
RPRNMLNJJHJFFAV88DA,,137.28,住家用,加強磚造,,二層,一層 二層
RPQNMLNJJHJFFAV68CA,8,111.88,見其他登記事項,鋼筋混凝土造,95年3月10日,十層,七層
RPQNMLNJJHJFFAV68CA,8,85.23,見其他登記事項,鋼筋混凝土造,95年3月10日,十層,
RPUOMLMJJHJFFAV09CA,,192.09,住家用,見其他登記事項,102年10月18日,三層,一層 二層 三層 屋頂突出物
RPSNMLNJJHJFFAV98DA,,92.71,住商用,木造,,二層,一層 二層
RPQNMLNLJHJFFCV09CA,19,152.48,住商用,鋼筋混凝土造,83年11月28日,三層,一層 二層 三層 屋頂突出物
RPWOMLMJJHJFFAV66CA,22,183.71,住家用,鋼筋混凝土造,80年7月1日,四層,一層 二層 三層 四層
RPXOMLMJJHJFFAV76CA,19,8.37,見其他登記事項,鋼筋混凝土造,84年3月27日,十層,
RPXOMLMJJHJFFAV76CA,19,36.92,見其他登記事項,鋼筋混凝土造,84年3月27日,十層,六層
RPPNMLMJJHJFFBV58CA,19,147.42,見其他登記事項,鋼筋混凝土造,84年5月3日,三層,一層 二層 三層
RPUNMLMJJHJFFAV98CA,,94.03,住家用,見其他登記事項,102年8月8日,三層,一層 二層 三層
RPUNMLMJJHJFFAV98CA,,94.03,住家用,見其他登記事項,102年8月8日,三層,一層 二層 三層
RPPNMLNJJHJFFCV88DA,20,157.16,見其他登記事項,鋼筋混凝土造,83年3月7日,二層,一層 二層 屋頂突出物 騎樓
RPPNMLPJJHJFFAV78CA,20,96.47,見其他登記事項,鋼筋混凝土造,83年2月25日,十二層,三層
RPPNMLPJJHJFFAV78CA,20,13.80,見其他登記事項,鋼筋混凝土造,83年2月25日,十二層,
RPPNMLPJJHJFFAV78CA,20,12.96,見其他登記事項,鋼筋混凝土造,83年2月25日,十二層,
RPRNMLRJJHJFFAV56CA,51,79.64,住家用,見其他登記事項,51年12月31日,二層,一層 二層 騎樓
RPRNMLRJJHJFFAV56CA,51,79.64,住家用,見其他登記事項,51年12月31日,二層,一層 二層 騎樓
RPQNMLPJJHJFFAV88CA,39,82.90,住家用,見其他登記事項,64年6月7日,二層,一層 二層
RPPNMLQJJHJFFAV88CA,20,50.59,見其他登記事項,鋼筋混凝土造,82年8月14日,七層,六層
RPPNMLQJJHJFFAV88CA,20,.73,見其他登記事項,鋼筋混凝土造,82年8月14日,七層,
RPPNMLQJJHJFFAV88CA,20,8.98,見其他登記事項,鋼筋混凝土造,82年8月14日,七層,
RPPNMLQJJHJFFAV88CA,20,4.71,見其他登記事項,鋼筋混凝土造,82年8月14日,七層,
RPSNMLSJJHJFFBV86CA,15,199.51,見其他登記事項,鋼筋混凝土造,87年12月17日,五層,一層 二層 騎樓
RPROMLRJJHJFFAV66CA,,200.18,住家用,見其他登記事項,102年9月5日,三層,一層 二層 三層
RPWOMLQJJHJFFAV07CA,15,238.50,住家用,見其他登記事項,88年4月23日,三層,一層 二層 三層
RPROMLQJJHJFFAV56CA,18,235.03,見其他登記事項,鋼筋混凝土造,84年7月1日,四層,一層 二層 三層 四層 騎樓
RPWNMLRJJHJFFAV17DA,20,102.74,國民住宅,鋼筋混凝土造,82年12月3日,四層,三層
RPWNMLRJJHJFFAV17DA,20,2.26,見其他登記事項,鋼筋混凝土造,82年12月3日,四層,
RPWNMLRJJHJFFAV17DA,20,.69,見其他登記事項,鋼筋混凝土造,82年12月3日,四層,
RPWNMLRJJHJFFAV17DA,20,.26,見其他登記事項,鋼筋混凝土造,82年12月3日,四層,
RPWNMLRJJHJFFAV17DA,20,3.58,見其他登記事項,鋼筋混凝土造,82年12月3日,四層,
RPWNMLRJJHJFFAV17DA,20,.69,見其他登記事項,鋼筋混凝土造,82年12月3日,四層,
RPUOMLNLJHJFFAV76CA,34,141.62,住家用,加強磚造,68年11月7日,二層,一層 二層 騎樓
RPPNMLTJJHJFFAV56CA,6,88.83,見其他登記事項,見其他登記事項,97年2月15日,一層,一層
RPPNMLSJJHJFFDV76CA,43,51.75,商業用,加強磚造,60年1月1日,一層,一層
RPPNMLRLJHJFFCV76CA,52,88.00,住家用,見其他登記事項,,一層,
RPUNMLTLJHJFFBV47DA,,101.85,農舍,見其他登記事項,102年8月16日,三層,
RPRNMLSJJHJFFAV76DA,35,18.24,住家用,見其他登記事項,68年1月11日,一層,一層
RPPNMLSJJHJFFAV09CA,43,44.40,住家用,加強磚造,,一層,
RPTOMLRJJHJFFAV86CA,9,193.89,住家用,鋼筋混凝土造,94年5月18日,三層,三層 一層 二層
RPOOMLRJJHJFFAV98CA,,25.34,住家用,木造,,一層,一層
SPOOMLRJJHJFFAV09CA,,19.01,住家用,木造,,一層,一層
RPSOMLTJJHJFFAV96CA,17,27.71,見其他登記事項,鋼筋混凝土造,85年6月28日,九層,五層
RPSOMLTJJHJFFAV96CA,17,5.18,見其他登記事項,鋼筋混凝土造,85年6月28日,九層,
RPSOMLTJJHJFFAV96CA,17,3.28,見其他登記事項,鋼筋混凝土造,85年6月28日,九層,
RPSNMLKKJHJFFAV68CA,18,102.27,國民住宅,鋼筋混凝土造,84年7月6日,四層,四層
RPSNMLKKJHJFFAV68CA,18,8.79,見其他登記事項,鋼筋混凝土造,84年7月6日,四層,
RPSNMLKKJHJFFAV68CA,18,.59,見其他登記事項,鋼筋混凝土造,84年7月6日,,
RPSNMLKKJHJFFAV68CA,18,.58,見其他登記事項,鋼筋混凝土造,84年7月6日,,
RPSNMLKKJHJFFAV68CA,18,1.45,見其他登記事項,鋼筋混凝土造,84年7月6日,四層,
RPSNMLKKJHJFFAV68CA,18,.59,見其他登記事項,鋼筋混凝土造,84年7月6日,,
RPSNMLKKJHJFFAV68CA,18,.58,見其他登記事項,鋼筋混凝土造,84年7月6日,,
RPSNMLKKJHJFFAV68CA,18,.58,見其他登記事項,鋼筋混凝土造,84年7月6日,,
RPSNMLKKJHJFFAV68CA,18,.59,見其他登記事項,鋼筋混凝土造,84年7月6日,,
RPSNMLKKJHJFFAV68CA,18,.58,見其他登記事項,鋼筋混凝土造,84年7月6日,,
RPSNMLKKJHJFFAV68CA,18,.58,見其他登記事項,鋼筋混凝土造,84年7月6日,,
RPSNMLKKJHJFFAV68CA,18,.59,見其他登記事項,鋼筋混凝土造,84年7月6日,,
RPSNMLKKJHJFFAV68CA,18,.59,見其他登記事項,鋼筋混凝土造,84年7月6日,,
RPSNMLKKJHJFFAV68CA,18,.59,見其他登記事項,鋼筋混凝土造,84年7月6日,,
RPSNMLKKJHJFFAV68CA,18,.58,見其他登記事項,鋼筋混凝土造,84年7月6日,,
RPSNMLKKJHJFFAV68CA,18,.59,見其他登記事項,鋼筋混凝土造,84年7月6日,,
RPSNMLKKJHJFFAV68CA,18,.59,見其他登記事項,鋼筋混凝土造,84年7月6日,,
RPWNMLOKJHJFFAV86CA,18,168.18,住家用,鋼筋混凝土造,85年1月13日,四層,二層 三層 一層 四層
RPTNMLOKJHJFFAV56CA,,344.72,見其他登記事項,見其他登記事項,102年11月7日,三層,三層 一層 二層
RPQNMLTJJHJFFCV86CA,28,133.64,住家用,加強磚造,75年2月15日,二層,一層 二層
RPPNMLKKJHJFFDV68CA,20,132.02,農舍,加強磚造,82年12月1日,二層,一層 二層
RPVNMLNLJHJFFCV96CA,16,73.73,住商用,見其他登記事項,86年7月21日,二層,一層 二層 騎樓
RPPNMLNKJHJFFBV78CA,7,175.50,見其他登記事項,見其他登記事項,95年5月18日,一層,一層
RPPNMLKKJHJFFAV38CA,18,187.42,見其他登記事項,鋼筋混凝土造,85年5月3日,三層,一層 二層 三層 騎樓
RPTNMLNKJHJFFAV09CA,20,149.75,住家用,鋼筋混凝土造,83年1月31日,三層,一層 二層 三層
RPQNMLKKJHJFFAV48CA,,192.09,住家用,見其他登記事項,102年10月18日,三層,一層 二層 三層 屋頂突出物
RPQNMLKKJHJFFDV88DA,20,24.26,住家用,鋼筋混凝土造,82年12月31日,五層,一層
RPRNMLKKJHJFFAV68DA,19,61.21,見其他登記事項,鋼筋混凝土造,84年2月17日,八層,八層
RPRNMLKKJHJFFAV68DA,19,4.11,見其他登記事項,鋼筋混凝土造,84年2月17日,八層,
RPRNMLKKJHJFFAV68DA,19,11.38,見其他登記事項,鋼筋混凝土造,84年2月17日,八層,
RPRNMLKKJHJFFAV68DA,19,8.38,見其他登記事項,鋼筋混凝土造,84年2月17日,八層,
RPXOMLMLJHJFFAV96CA,2,188.76,見其他登記事項,見其他登記事項,100年10月31日,三層,騎樓 一層 二層 三層
RPVOMLNLJHJFFAV86CA,18,260.09,見其他登記事項,鋼筋混凝土造,84年12月18日,三層,三層 騎樓 一層 二層
RPWNMLRLJHJFFAV27CA,17,102.24,見其他登記事項,鋼筋混凝土造,85年6月21日,七層,四層
RPWNMLRLJHJFFAV27CA,17,13.19,見其他登記事項,鋼筋混凝土造,85年6月21日,七層,
RPWNMLRLJHJFFAV27CA,17,6.43,見其他登記事項,鋼筋混凝土造,85年6月21日,七層,
RPWNMLRLJHJFFAV27CA,17,7.37,見其他登記事項,鋼筋混凝土造,85年6月21日,七層,
RPWNMLRLJHJFFAV27CA,17,16.82,見其他登記事項,鋼筋混凝土造,85年6月21日,七層,
RPPNMLPKJHJFFAV88CA,,106.71,商業用,木造,,二層,一層 二層
RPPNMLOKJHJFFAV88DA,20,133.58,見其他登記事項,鋼筋混凝土造,83年1月26日,七層,一層 陽台 地下層
RPPNMLOKJHJFFAV88DA,20,1.88,共同使用部份,鋼筋混凝土造,83年1月26日,七層,
RPPNMLOKJHJFFAV88DA,20,1.88,共同使用部份,鋼筋混凝土造,83年1月26日,七層,
RPPNMLOKJHJFFAV88DA,20,1.88,共同使用部份,鋼筋混凝土造,83年1月26日,七層,
RPPNMLOKJHJFFAV88DA,20,1.88,共同使用部份,鋼筋混凝土造,83年1月26日,七層,
RPPNMLOKJHJFFAV88DA,20,1.88,共同使用部份,鋼筋混凝土造,83年1月26日,七層,
RPPNMLOKJHJFFAV88DA,20,1.88,共同使用部份,鋼筋混凝土造,83年1月26日,七層,
RPPNMLOKJHJFFAV88DA,20,1.88,共同使用部份,鋼筋混凝土造,83年1月26日,七層,
RPPNMLOKJHJFFAV88DA,20,14.16,共同使用部份,鋼筋混凝土造,83年1月26日,七層,
RPPOMLOKJHJFFAV88CA,33,83.66,住家用,加強磚造,69年10月30日,二層,一層 二層
RPRNMLNKJHJFFDV66DA,28,188.71,住家用,鋼筋混凝土造,75年5月1日,二層,一層 二層
RPXNMLPKJHJFFAV07CA,31,146.80,住家用,加強磚造,71年8月16日,二層,一層 二層 騎樓
SPPNMLRJKHJFFDV86CA,20,37.61,住家用,鋼筋混凝土造,82年12月31日,五層,一層
SPPNMLRJKHJFFDV86CA,20,8.44,見其他登記事項,鋼筋混凝土造,82年12月31日,五層,
RPPNMLRJKHJFFDV76CA,20,32.35,住家用,鋼筋混凝土造,82年12月31日,五層,一層
RPPNMLRJKHJFFDV76CA,20,7.28,見其他登記事項,鋼筋混凝土造,82年12月31日,五層,
RPPNMLTLJHJFFAV86DA,19,77.59,見其他登記事項,見其他登記事項,83年12月5日,一層,一層
RPQNMLNKJHJFFDV56DA,20,24.26,住家用,鋼筋混凝土造,82年12月31日,五層,二層
RPTOMLPKJHJFFAV76CA,,251.13,住家用,鋼筋混凝土造,102年11月19日,三層,一層 二層 三層 見其他登記事項
RPSOMLPKJHJFFAV66CA,,248.83,住家用,鋼筋混凝土造,102年11月19日,三層,一層 二層 三層 見其他登記事項
RPUOMLPKJHJFFAV86CA,,251.65,住家用,鋼筋混凝土造,102年11月19日,三層,一層 二層 三層 見其他登記事項
RPROMLPKJHJFFAV56CA,,248.91,住家用,鋼筋混凝土造,102年11月19日,三層,一層 二層 三層 見其他登記事項
RPWOMLPKJHJFFAV17DA,,188.90,住家用,見其他登記事項,102年11月27日,三層,一層 二層 三層
RPSNMLPKJHJFFAV56CA,17,329.84,農舍,見其他登記事項,86年4月22日,一層,
RPPNMLRKJHJFFAV09CA,,182.48,住家用,見其他登記事項,102年11月19日,三層,一層 二層 三層
TPRNMLQKJHJFFAV76CA,18,30.38,住家用,鋼筋混凝土造,84年12月4日,十六層,十三層
TPRNMLQKJHJFFAV76CA,18,11.16,見其他登記事項,鋼筋混凝土造,84年12月4日,十六層,
UPRNMLQKJHJFFAV86CA,18,34.53,住家用,鋼筋混凝土造,84年12月4日,十六層,十三層
UPRNMLQKJHJFFAV86CA,18,10.46,見其他登記事項,鋼筋混凝土造,84年12月4日,十六層,
RPSOMLMLJHJFFAV09CA,,221.72,住家用,見其他登記事項,102年11月29日,三層,一層 二層 三層
RPPNMLLLJHJFFAV58CA,31,87.54,國民住宅,鋼筋混凝土造,72年2月22日,四層,一層
RPPNMLLLJHJFFAV58CA,31,6.83,見其他登記事項,鋼筋混凝土造,72年2月22日,四層,
RPRNMLQKJHJFFAV56CA,18,32.55,住家用,鋼筋混凝土造,84年12月4日,十六層,十三層
RPRNMLQKJHJFFAV56CA,18,15.00,見其他登記事項,鋼筋混凝土造,84年12月4日,十六層,
RPTOMLMLJHJFFAV56CA,,221.72,住家用,見其他登記事項,102年11月29日,三層,一層 二層 三層
RPROMLMLJHJFFAV98CA,,225.13,住家用,見其他登記事項,102年11月29日,三層,一層 二層 三層
RPUNMLRKJHJFFAV96CA,18,86.57,見其他登記事項,鋼筋混凝土造,84年12月20日,七層,七層
RPUNMLRKJHJFFAV96CA,,32.96,見其他登記事項,鋼筋混凝土造,,七層,
RPOOMLMLJHJFFAV68CA,,224.86,住家用,見其他登記事項,102年11月29日,三層,一層 二層 三層
RPQNMLQKJHJFFAV56DA,21,24.33,見其他登記事項,鋼筋混凝土造,82年5月22日,十二層,五層
RPQNMLQKJHJFFAV56DA,21,3.03,共同使用部份,鋼筋混凝土造,82年5月22日,十二層,
RPQNMLQKJHJFFAV56DA,21,6.37,見其他登記事項,鋼筋混凝土造,82年5月22日,十二層,
RPXNMLMLJHJFFAV86CA,,185.00,住家用,見其他登記事項,102年11月21日,三層,一層 二層 三層 屋頂突出物
RPRNMLRKJHJFFAV66CA,42,168.80,住商用,見其他登記事項,60年9月1日,三層,一層 二層 三層 騎樓
RPPPMLMLJHJFFAV88CA,41,105.30,住家用,見其他登記事項,62年2月26日,二層,一層 二層 騎樓
RPVNMLRKJHJFFAV07CA,31,95.39,住家用,鋼筋混凝土造,72年2月9日,二層,一層 二層 騎樓
RPTNMLRKJHJFFAV86CA,,121.18,住家用,見其他登記事項,102年11月19日,三層,一層 二層 三層
RPTNMLRKJHJFFAV86CA,,121.18,住家用,見其他登記事項,102年11月19日,三層,一層 二層 三層
RPPNMLOLJHJFFAV88CA,,213.49,住家用,見其他登記事項,102年10月18日,三層,三層 一層 二層
RPTNMLMLJHJFFAV09CA,29,114.90,住家用,加強磚造,73年7月18日,二層,一層 二層
RPQOMLRLJHJFFAV76CA,37,112.49,住家用,見其他登記事項,65年7月31日,二層,一層 二層 騎樓
RPQNMLRJKHJFFAV56CA,21,130.29,見其他登記事項,鋼筋混凝土造,82年2月26日,三層,一層 二層 三層
RPSNMLRKJHJFFAV76CA,,237.96,住家用,見其他登記事項,102年10月3日,三層,一層 二層 三層 屋頂突出物
RPSNMLRKJHJFFAV76CA,,237.96,住家用,見其他登記事項,102年10月3日,三層,一層 二層 三層 屋頂突出物
RPQNMLTKJHJFFAV76CA,18,284.31,住商用,鋼筋混凝土造,85年7月2日,四層,三層 四層 一層 二層 騎樓
RPXNMLRKJHJFFAV27CA,35,123.20,住家用,加強磚造,67年10月19日,二層,一層 二層
RPRNMLTLJHJFFCV17CA,18,71.28,住家用,加強磚造,84年7月8日,一層,一層
RPRNMLTLJHJFFAV07DA,19,96.52,見其他登記事項,鋼筋混凝土造,84年6月1日,五層,三層
RPRNMLTLJHJFFAV07DA,19,11.26,見其他登記事項,鋼筋混凝土造,84年6月1日,五層,
RPRNMLTLJHJFFAV07DA,19,12.02,見其他登記事項,鋼筋混凝土造,84年6月1日,五層,
RPPNMLTJKHJFFCV86CA,9,99.65,見其他登記事項,鋼筋混凝土造,94年1月21日,五層,五層
RPPNMLTJKHJFFCV86CA,9,4.38,見其他登記事項,鋼筋混凝土造,94年1月21日,一層,
RPPNMLTJKHJFFCV86CA,9,14.48,見其他登記事項,鋼筋混凝土造,94年1月21日,八層,
RPVNMLLLJHJFFAV56CA,,226.21,見其他登記事項,見其他登記事項,102年12月11日,三層,一層 二層 三層 屋頂突出物
RPRNMLMLJHJFFAV88CA,27,121.27,住家用,加強磚造,75年10月2日,二層,一層 二層
RPRNMLNLJHJFFAV98CA,45,67.92,住家用,加強磚造,58年5月3日,二層,一層 二層
RPRPMLLLJHJFFAV98CA,20,178.31,住家用,鋼筋混凝土造,82年8月27日,三層,一層 二層 三層
RPWOMLMLJHJFFAV86CA,17,56.46,見其他登記事項,鋼筋混凝土造,85年6月28日,九層,七層
RPWOMLMLJHJFFAV86CA,17,11.22,見其他登記事項,鋼筋混凝土造,85年6月28日,九層,
RPWOMLMLJHJFFAV86CA,17,6.84,見其他登記事項,鋼筋混凝土造,85年6月28日,九層,
RPUNMLMLJHJFFAV56CA,20,87.03,見其他登記事項,鋼筋混凝土造,83年4月19日,十四層,一層
RPUNMLMLJHJFFAV56CA,20,12.48,見其他登記事項,鋼筋混凝土造,83年4月19日,十四層,
RPVNMLNLJHJFFAV76CA,,276.24,見其他登記事項,見其他登記事項,102年11月7日,三層,三層 見其他登記事項 一層 二層
RPSNMLOLJHJFFAV66DA,25,167.55,住家用,加強磚造,77年11月23日,二層,一層 二層
RPUOMLRLJHJFFAV17CA,32,95.00,住家用,加強磚造,71年3月30日,三層,三層
RPUOMLRLJHJFFAV17CA,32,5.61,見其他登記事項,加強磚造,71年2月4日,四層,
RPUOMLRLJHJFFAV17CA,,6.42,見其他登記事項,加強磚造,,地下層,
RPTNMLTLJHJFFDV47CA,20,38.15,見其他登記事項,鋼筋混凝土造,82年11月8日,八層,八層
RPTNMLTLJHJFFDV47CA,20,13.75,見其他登記事項,鋼筋混凝土造,82年11月8日,八層,
RPSNMLRLJHJFFAV86CA,18,91.50,見其他登記事項,鋼筋混凝土造,85年6月21日,七層,七層
RPSNMLRLJHJFFAV86CA,18,8.68,見其他登記事項,鋼筋混凝土造,85年6月21日,七層,
RPSNMLRLJHJFFAV86CA,18,5.87,見其他登記事項,鋼筋混凝土造,85年6月21日,七層,
RPSNMLRLJHJFFAV86CA,18,6.17,見其他登記事項,鋼筋混凝土造,85年6月21日,七層,
RPSNMLRLJHJFFAV86CA,18,16.82,見其他登記事項,鋼筋混凝土造,85年6月21日,七層,
RPQNMLSLJHJFFAV76CA,27,121.27,住家用,加強磚造,75年11月10日,二層,一層 二層
RPPNMLNLJHJFFAV78CA,31,96.30,住家用,加強磚造,72年1月17日,二層,一層 二層
RPSNMLMKKHJFFAV98CA,36,90.45,住家用,加強磚造,66年10月28日,二層,一層 二層
RPRNMLLKKHJFFAV78CA,32,92.00,住家用,鋼筋混凝土造,70年10月21日,七層,四層
RPRNMLLKKHJFFAV78CA,,14.92,見其他登記事項,鋼筋混凝土造,,一層,
RPRNMLLKKHJFFAV78CA,32,16.57,見其他登記事項,鋼筋混凝土造,70年10月21日,七層,
RPQNMLTKKHJFFAV86CA,,217.85,住家用,見其他登記事項,102年10月18日,三層,一層 二層 三層
RPPOMLNLJHJFFAV88CA,18,64.79,商業用,鋼筋混凝土造,85年6月28日,七層,一層 騎樓
RPPOMLNLJHJFFAV88CA,18,2.66,見其他登記事項,鋼筋混凝土造,85年6月28日,七層,
RPPOMLNLJHJFFAV88CA,18,2.63,見其他登記事項,鋼筋混凝土造,85年6月28日,七層,
RPPOMLNLJHJFFAV88CA,18,16.01,見其他登記事項,鋼筋混凝土造,85年6月28日,七層,
RPRNMLOLJHJFFAV09CA,15,100.06,見其他登記事項,鋼筋混凝土造,87年12月16日,九層,六層
RPRNMLOLJHJFFAV09CA,15,20.52,見其他登記事項,鋼筋混凝土造,87年12月16日,九層,
RPRNMLOLJHJFFAV09CA,15,14.53,見其他登記事項,鋼筋混凝土造,87年12月16日,九層,
RPQOMLNLJHJFFAV98CA,,263.31,住家用,見其他登記事項,102年10月14日,三層,一層 二層 三層
RPPNMLSLJHJFFAV66CA,23,147.90,住家用,見其他登記事項,80年2月28日,三層,一層 二層 三層
RPQNMLTLJHJFFAV86CA,33,111.00,住家用,加強磚造,70年4月17日,二層,一層 二層
RPUNMLLLKHJFFAV56CA,30,88.91,國民住宅,鋼筋混凝土造,72年10月19日,四層,一層
RPUNMLLLKHJFFAV56CA,,4.63,見其他登記事項,鋼筋混凝土造,,四層,
RPQNMLPJKHJFFAV98CA,33,138.70,見其他登記事項,加強磚造,69年9月2日,二層,一層 二層 騎樓
RPVNMLSLJHJFFAV37DA,6,284.56,見其他登記事項,見其他登記事項,97年3月28日,三層,一層 二層 三層
RPPNMLPJKHJFFCV56DA,,229.78,見其他登記事項,鋼筋混凝土造,102年12月9日,三層,一層 二層 三層
RPPNMLSKKHJFFAV76DA,33,222.16,住家用,鋼筋混凝土加強磚造,70年5月5日,三層,一層 二層 三層 騎樓 地下層
RPOOMLQJKHJFFAV98CA,,197.07,住家用,鋼筋混凝土造,,三層,
RPXNMLTLJHJFFAV57CA,40,87.00,住家用,見其他登記事項,63年5月1日,二層,一層 二層
RPPNMLQJKHJFFAV98CA,27,121.27,住家用,加強磚造,75年10月31日,二層,一層 二層
RPOOMLTLJHJFFAV76CA,20,102.02,國民住宅,鋼筋混凝土造,82年12月3日,四層,一層
RPOOMLTLJHJFFAV76CA,20,2.20,見其他登記事項,鋼筋混凝土造,82年12月3日,四層,
RPOOMLTLJHJFFAV76CA,20,.24,見其他登記事項,鋼筋混凝土造,82年12月3日,四層,
RPOOMLTLJHJFFAV76CA,20,.24,見其他登記事項,鋼筋混凝土造,82年12月3日,四層,
RPOOMLTLJHJFFAV76CA,20,.24,見其他登記事項,鋼筋混凝土造,82年12月3日,四層,
RPOOMLTLJHJFFAV76CA,20,.24,見其他登記事項,鋼筋混凝土造,82年12月3日,四層,
RPOOMLTLJHJFFAV76CA,20,.24,見其他登記事項,鋼筋混凝土造,82年12月3日,四層,
RPOOMLTLJHJFFAV76CA,20,.24,見其他登記事項,鋼筋混凝土造,82年12月3日,四層,
RPOOMLTLJHJFFAV76CA,20,.24,見其他登記事項,鋼筋混凝土造,82年12月3日,四層,
RPOOMLTLJHJFFAV76CA,20,.24,見其他登記事項,鋼筋混凝土造,82年12月3日,四層,
RPOOMLTLJHJFFAV76CA,20,.67,見其他登記事項,鋼筋混凝土造,82年12月3日,四層,
RPOOMLTLJHJFFAV76CA,20,.67,見其他登記事項,鋼筋混凝土造,82年12月3日,四層,
RPOOMLTLJHJFFAV76CA,20,.25,見其他登記事項,鋼筋混凝土造,82年12月3日,四層,
RPOOMLTLJHJFFAV76CA,20,.25,見其他登記事項,鋼筋混凝土造,82年12月3日,四層,
RPOOMLTLJHJFFAV76CA,20,.25,見其他登記事項,鋼筋混凝土造,82年12月3日,四層,
RPOOMLTLJHJFFAV76CA,20,3.49,見其他登記事項,鋼筋混凝土造,82年12月3日,四層,
RPOOMLTLJHJFFAV76CA,20,.24,見其他登記事項,鋼筋混凝土造,82年12月3日,四層,
RPOOMLTLJHJFFAV76CA,20,.24,見其他登記事項,鋼筋混凝土造,82年12月3日,四層,
RPOOMLTLJHJFFAV76CA,20,.24,見其他登記事項,鋼筋混凝土造,82年12月3日,四層,
RPOOMLTLJHJFFAV76CA,20,.24,見其他登記事項,鋼筋混凝土造,82年12月3日,四層,
RPOOMLTLJHJFFAV76CA,20,.24,見其他登記事項,鋼筋混凝土造,82年12月3日,四層,
RPOOMLTLJHJFFAV76CA,20,.24,見其他登記事項,鋼筋混凝土造,82年12月3日,四層,
RPOOMLTLJHJFFAV76CA,20,.24,見其他登記事項,鋼筋混凝土造,82年12月3日,四層,
RPOOMLTLJHJFFAV76CA,20,.24,見其他登記事項,鋼筋混凝土造,82年12月3日,四層,
RPOOMLTLJHJFFAV76CA,20,.24,見其他登記事項,鋼筋混凝土造,82年12月3日,四層,
RPOOMLTLJHJFFAV76CA,20,.24,見其他登記事項,鋼筋混凝土造,82年12月3日,四層,
RPOOMLTLJHJFFAV76CA,20,.24,見其他登記事項,鋼筋混凝土造,82年12月3日,四層,
RPOOMLTLJHJFFAV76CA,20,.24,見其他登記事項,鋼筋混凝土造,82年12月3日,四層,
RPOOMLTLJHJFFAV76CA,20,.24,見其他登記事項,鋼筋混凝土造,82年12月3日,四層,
RPOOMLTLJHJFFAV76CA,20,.24,見其他登記事項,鋼筋混凝土造,82年12月3日,四層,
RPOOMLTLJHJFFAV76CA,20,.25,見其他登記事項,鋼筋混凝土造,82年12月3日,四層,
RPOOMLTLJHJFFAV76CA,20,.25,見其他登記事項,鋼筋混凝土造,82年12月3日,四層,
RPOOMLTLJHJFFAV76CA,20,.25,見其他登記事項,鋼筋混凝土造,82年12月3日,四層,
RPOOMLTLJHJFFAV76CA,20,.25,見其他登記事項,鋼筋混凝土造,82年12月3日,四層,
RPOOMLTLJHJFFAV76CA,20,.25,見其他登記事項,鋼筋混凝土造,82年12月3日,四層,
RPTNMLKKKHJFFAV88CA,19,114.98,國民住宅,鋼筋混凝土造,84年7月6日,四層,二層
RPTNMLKKKHJFFAV88CA,19,9.80,見其他登記事項,鋼筋混凝土造,84年7月6日,四層,
RPTNMLKKKHJFFAV88CA,19,.65,見其他登記事項,鋼筋混凝土造,84年7月6日,,
RPTNMLKKKHJFFAV88CA,19,.65,見其他登記事項,鋼筋混凝土造,84年7月6日,,
RPTNMLKKKHJFFAV88CA,19,1.61,見其他登記事項,鋼筋混凝土造,84年7月6日,四層,
RPTNMLKKKHJFFAV88CA,19,.65,見其他登記事項,鋼筋混凝土造,84年7月6日,,
RPQNMLKKKHJFFCV78CA,15,211.52,見其他登記事項,鋼筋混凝土造,87年9月22日,四層,一層 二層 三層 四層 騎樓
RPPNMLPLKHJFFBV56CA,38,167.96,住商用,鋼筋混凝土加強磚造,65年3月15日,二層,一層 二層 騎樓
RPPNMLPLKHJFFBV56CA,38,167.96,住商用,鋼筋混凝土加強磚造,65年3月15日,二層,一層 二層 騎樓
