﻿鄉鎮市區,交易標的,土地區段位置/建物區段門牌,土地移轉總面積平方公尺,都市土地使用分區,非都市土地使用分區,非都市土地使用編定,交易年月日,交易筆棟數,移轉層次,總樓層數,建物型態,主要用途,主要建材,建築完成年月,建物移轉總面積平方公尺,建物現況格局-房,建物現況格局-廳,建物現況格局-衛,建物現況格局-隔間,有無管理組織,總價元,單價元/平方公尺,車位類別,車位移轉總面積平方公尺,車位總價元,備註,編號
The villages and towns urban district,transaction sign,land sector position/building sector house number plate,land shifting total area square meter,the use zoning or compiles and checks,the non-metropolis land use district,non-metropolis land use,transaction year, month and day,transaction pen number,shifting level,total floor number,building state,main use,main building materials,construction to complete the years,building shifting total area,Building present situation pattern - room,building present situation pattern - hall,building present situation pattern - health,building present situation pattern - compartmented,Whether there is manages the organization,total price Yuan,the unit price a Yuan/square meter,the berth category,berth shifting total area square meter,the berth total price Yuan,the note,serial number
金寧鄉,土地,寧安二劃段151~180地號,1000.0,農,,,1020902,土地1建物0車位0,,,其他,,,,0.0,0,0,0,有,無,4380000,4380,,0.0,0,,RPPNMLOJJIIFFAW78CA
金湖鎮,房地(土地+建物),金門縣金湖鎮山外91~120號,72.31,住,,,1021023,土地1建物1車位0,全,三層,透天厝,住商用,鋼筋混凝土造,0761210,205.64,5,3,4,有,無,8500000,41334,,0.0,0,,RPRNMLQKJIIFFAW66CA
金湖鎮,土地,陳坑段1~30地號,5087.57,其他,,,1020904,土地16建物0車位0,,,其他,,,,0.0,0,0,0,有,無,2656000,522,,0.0,0,,RPQNMLQJJIIFFAW09CA
金沙鎮,土地,官嶼劃段571~600地號,496.0,農,,,1021022,土地1建物0車位0,,,其他,,,,0.0,0,0,0,有,無,1295000,2611,,0.0,0,,RPSNMLQJJIIFFAW66CA
金湖鎮,土地,新頭段1~30地號,391.78,農,,,1021014,土地1建物0車位0,,,其他,,,,0.0,0,0,0,有,無,900000,2297,,0.0,0,,RPTNMLQJJIIFFAW76CA
金湖鎮,土地,庵邊段211~240地號,762.0,其他,,,1021024,土地1建物0車位0,,,其他,,,,0.0,0,0,0,有,無,11000000,14436,,0.0,0,,RPUNMLQJJIIFFAW86CA
金寧鄉,土地,寧湖二劃測段121~150地號,527.33,農,,,1021023,土地1建物0車位0,,,其他,,,,0.0,0,0,0,有,無,1551240,2942,,0.0,0,親友、員工或其他特殊關係間之交易。;親友、員工或其他特殊關係間之交易。,RPRNMLSJJIIFFAW76CA
金寧鄉,土地,長寮段571~600地號,702.96,住,,,1021029,土地1建物0車位0,,,其他,,,,0.0,0,0,0,有,無,14800000,21054,,0.0,0,,RPSNMLQKJIIFFAW76CA
金寧鄉,土地,長寮段571~600地號,94.83,住,,,1021029,土地1建物0車位0,,,其他,,,,0.0,0,0,0,有,無,2000000,21090,,0.0,0,,RPTNMLQKJIIFFAW86CA
金湖鎮,土地,瓊林段211~240地號,720.08,其他,,,1021018,土地1建物0車位0,,,其他,,,,0.0,0,0,0,有,無,2300000,3194,,0.0,0,,RPPNMLKLJIIFFAW58CA
金湖鎮,房地(土地+建物)+車位,金門縣金湖鎮信義新村61~90號,173.05,住,,,1021016,土地1建物1車位1,全,三層,透天厝,住家用,鋼筋混凝土造,0910924,254.95,6,2,3,有,無,8050000,31575,一樓平面,0.0,0,,RPPNMLKKJIIFFAW48CA
金湖鎮,土地,新頭段721~750地號,662.31,住,,,1021028,土地1建物0車位0,,,其他,,,,0.0,0,0,0,有,無,28150000,42503,,0.0,0,,RPPNMLSJJIIFFAW56CA
金寧鄉,房地(土地+建物),金門縣金寧鄉湖下211~240號,62.46,住,,,1021022,土地5建物1車位0,三層,三層,公寓(5樓含以下無電梯),見其他登記事項,鋼筋混凝土造,1020123,78.96,3,2,2,有,無,5600000,70922,,0.0,0,,RPUNMLRLJIIFFAW27DA
金沙鎮,土地,斗門劃測段331~360地號,800.02,農,,,1021104,土地1建物0車位0,,,其他,,,,0.0,0,0,0,有,無,2400000,3000,,0.0,0,,RPTNMLLKJIIFFAW09DA
金寧鄉,房地(土地+建物),金門縣金寧鄉下堡181~210號,109.1,其他,,,1021022,土地1建物1車位0,全,三層,透天厝,見其他登記事項,鋼筋混凝土造,1020123,207.96,5,2,3,有,無,9800000,47124,,0.0,0,,RPRNMLMKJIIFFAW88CA
金湖鎮,土地,士校段391~420地號,946.16,住,,,1021031,土地1建物0車位0,,,其他,,,,0.0,0,0,0,有,無,25000000,26423,,0.0,0,,RPRNMLKLJIIFFAW78CA
金沙鎮,土地,浯坑劃測段481~510地號,1020.0,農,,,1021023,土地1建物0車位0,,,其他,,,,0.0,0,0,0,有,無,3400000,3333,,0.0,0,,RPWNMLMKJIIFFAW76CA
金寧鄉,房地(土地+建物),金門縣金寧鄉北山271~300號,1555.0,農,,,1021028,土地2建物1車位0,一層，二層，屋頂突出物,二層,農舍,農舍,鋼筋混凝土造,0980311,242.76,6,3,5,有,無,11000000,,,0.0,0,,RPUNMLQKJIIFFAW96CA
金沙鎮,土地,北九十劃段601~630地號,500.0,農,,,1021024,土地1建物0車位0,,,其他,,,,0.0,0,0,0,有,無,1250000,2500,,0.0,0,,RPVNMLQKJIIFFAW07CA
金沙鎮,土地,中蘭劃測段451~480地號,490.03,農,,,1021022,土地1建物0車位0,,,其他,,,,0.0,0,0,0,有,無,2500000,5102,,0.0,0,,RPUNMLMKJIIFFAW56CA
金沙鎮,土地,高坑劃測段511~540地號,492.51,其他,,,1021022,土地1建物0車位0,,,其他,,,,0.0,0,0,0,有,無,2500000,5076,,0.0,0,,RPVNMLMKJIIFFAW66CA
金城鎮,土地,前水頭段1~30地號,841.0,其他,,,1020827,土地3建物0車位0,,,其他,,,,0.0,0,0,0,有,無,23100000,27467,,0.0,0,,RPPNMLMKJIIFFAW68CA
金寧鄉,土地,赤岑段361~390地號,1174.48,農,,,1020831,土地6建物0車位0,,,其他,,,,0.0,0,0,0,有,無,3500000,2980,,0.0,0,,RPPNMLNJKIIFFAW78CA
金城鎮,土地,小西門劃測段1711~1740地號,787.19,農,,,1021106,土地1建物0車位0,,,其他,,,,0.0,0,0,0,有,無,2000000,2541,,0.0,0,,RPTNMLTKJIIFFAW27DA
金湖鎮,土地,湖前段421~450地號,82.59,其他,,,1021022,土地1建物0車位0,,,其他,,,,0.0,0,0,0,有,無,2912949,35270,,0.0,0,,RPQNMLNKJIIFFAW88CA
金城鎮,房地(土地+建物),金門縣金城鎮民族路210巷8弄1~30號,61.24,住,,,1021031,土地2建物1車位0,全,三層,透天厝,住家用,鋼筋混凝土造,0890114,124.71,4,3,3,有,無,7680000,61583,,0.0,0,,RPPNMLOKJIIFFAW88CA
金湖鎮,土地,尚義段391~420地號,425.97,農,,,1021112,土地1建物0車位0,,,其他,,,,0.0,0,0,0,有,無,850000,1995,,0.0,0,,RPQNMLQLJIIFFAW66CA
金湖鎮,土地,市港段91~120地號,107.65,住,,,1021112,土地1建物0車位0,,,其他,,,,0.0,0,0,0,有,無,1400000,13005,,0.0,0,,RPQNMLOKJIIFFAW09DA
金寧鄉,土地,寧安四劃段511~540地號,520.0,農,,,1021106,土地1建物0車位0,,,其他,,,,0.0,0,0,0,有,無,1700000,3269,,0.0,0,,RPQNMLLLJIIFFAW88DA
金寧鄉,房地(土地+建物),金門縣金寧鄉榜林1~30號,28.67,其他,,,1021030,土地1建物1車位0,二層,三層,公寓(5樓含以下無電梯),見其他登記事項,鋼筋混凝土造,1000816,52.16,3,2,2,有,無,3200000,61350,,0.0,0,,RPPNMLOJKIIFFAW88CA
烈嶼鄉,土地,青岐段121~150地號,627.1,住,,,1021107,土地2建物0車位0,,,其他,,,,0.0,0,0,0,有,無,5770000,9201,,0.0,0,,RPPNMLKKKIIFFAW58CA
金沙鎮,土地,山后段991~1020地號,1098.9,農,,,1021107,土地2建物0車位0,,,其他,,,,0.0,0,0,0,有,無,1320000,1201,,0.0,0,,RPQNMLPJKIIFFAW09CA
金湖鎮,土地,湖前段721~750地號,141.73,住,,,1021111,土地3建物0車位0,,,其他,,,,0.0,0,0,0,有,無,1700000,11995,,0.0,0,,RPVNMLKLJIIFFAW56CA
金湖鎮,土地,湖前段721~750地號,9.76,住,,,1021111,土地1建物0車位0,,,其他,,,,0.0,0,0,0,有,無,35500,3637,,0.0,0,,RPWNMLKLJIIFFAW66CA
金寧鄉,土地,煙墩段1~30地號,806.48,農,,,1021108,土地1建物0車位0,,,其他,,,,0.0,0,0,0,有,無,4000000,4960,,0.0,0,,RPRNMLLLJIIFFAW88CA
金湖鎮,房地(土地+建物),金門縣金湖鎮塔后181~210號,69.52,其他,,,1020923,土地1建物1車位0,全,三層,透天厝,住家用,鋼筋混凝土造,0890225,145.42,5,2,3,有,無,8000000,55013,,0.0,0,,RPPNMLSKJIIFFAW66CA
金沙鎮,土地,中蘭劃測段181~210地號,1320.02,農,,,1021017,土地1建物0車位0,,,其他,,,,0.0,0,0,0,有,無,5800000,4394,,0.0,0,,RPPNMLTKJIIFFAW76CA
金湖鎮,土地,夏興段1231~1260地號,508.0,其他,,,1021107,土地1建物0車位0,,,其他,,,,0.0,0,0,0,有,無,4000000,7874,,0.0,0,,RPTNMLTLJIIFFAW27CA
金寧鄉,土地,長寮段1381~1410地號,34.84,農,,,1021030,土地1建物0車位0,,,其他,,,,0.0,0,0,0,有,無,106262,3050,,0.0,0,,RPXNMLTKJIIFFAW67DA
金沙鎮,土地,北九十劃段571~600地號,537.62,農,,,1021112,土地1建物0車位0,,,其他,,,,0.0,0,0,0,有,無,2500000,4650,,0.0,0,,RPPNMLLLJIIFFAW78DA
金城鎮,土地,蜈蚣山段31~60地號,983.1,其他,,,1021030,土地2建物0車位0,,,其他,,,,0.0,0,0,0,有,無,1278000,1300,,0.0,0,,RPOOMLMLJIIFFAW78CA
金湖鎮,土地,漁村段691~720地號,826.98,農,,,1021112,土地2建物0車位0,,,其他,,,,0.0,0,0,0,有,無,1800000,2177,,0.0,0,,RPRNMLMKKIIFFAW98CA
金沙鎮,土地,沙碧劃段91~120地號,5000.0,農,,,1021105,土地5建物0車位0,,,其他,,,,0.0,0,0,0,有,無,13250000,2650,,0.0,0,,RPTNMLKLJIIFFAW98CA
金城鎮,土地,珠山段1381~1410地號,479.34,農,,,1021115,土地1建物0車位0,,,其他,,,,0.0,0,0,0,有,無,400000,834,,0.0,0,,RPPNMLRLJIIFFAW66CA
金湖鎮,房地(土地+建物),金門縣金湖鎮黃海路1~30號,82.37,住,,,1021009,土地0建物1車位0,一層，二層,二層,店面(店鋪),住商用,鋼筋混凝土造,0680415,140.4,4,2,3,有,無,4000000,28490,,0.0,0,,RPPNMLMKKIIFFAW78CA
金城鎮,土地,城隍廟段241~270地號,108.42,住,,,1021118,土地1建物0車位0,,,其他,,,,0.0,0,0,0,有,無,3200000,29515,,0.0,0,親友、員工或其他特殊關係間之交易。;親友、員工或其他特殊關係間之交易。,RPPNMLQLJIIFFAW66DA
金寧鄉,土地,寧安二劃段481~510地號,500.0,農,,,1021112,土地1建物0車位0,,,其他,,,,0.0,0,0,0,有,無,850000,1700,,0.0,0,,RPQNMLMLJIIFFAW88CA
金寧鄉,房地(土地+建物),金門縣金寧鄉埔邊91~120號,83.0,住,,,1021115,土地1建物1車位0,全,三層,透天厝,見其他登記事項,鋼筋混凝土造,1020111,151.7,5,3,4,有,無,12000000,79103,,0.0,0,,RPRNMLMLJIIFFAW98CA
金湖鎮,土地,新頭段1~30地號,391.78,農,,,1021108,土地1建物0車位0,,,其他,,,,0.0,0,0,0,有,無,1800000,4594,,0.0,0,,RPUNMLMLJIIFFAW66CA
金沙鎮,土地,沙宅劃段601~630地號,500.0,農,,,1021101,土地1建物0車位0,,,其他,,,,0.0,0,0,0,有,無,1650000,3300,,0.0,0,,RPVNMLMLJIIFFAW76CA
金沙鎮,土地,沙宅劃段541~570地號,550.0,農,,,1021112,土地1建物0車位0,,,其他,,,,0.0,0,0,0,有,無,1880000,3418,,0.0,0,,RPWNMLMLJIIFFAW86CA
金沙鎮,土地,中蘭劃測段91~120地號,450.0,農,,,1021101,土地1建物0車位0,,,其他,,,,0.0,0,0,0,有,無,1350000,3000,,0.0,0,,RPXNMLMLJIIFFAW96CA
金寧鄉,土地,后湖段901~930地號,800.1,農,,,1021017,土地1建物0車位0,,,其他,,,,0.0,0,0,0,有,無,1200000,1500,,0.0,0,,RPRNMLRLJIIFFAW86CA
金城鎮,土地,中一段481~510地號,148.03,其他,,,1021113,土地3建物0車位0,,,其他,,,,0.0,0,0,0,有,無,1000000,6755,,0.0,0,親友、員工或其他特殊關係間之交易。;親友、員工或其他特殊關係間之交易。,RPTNMLRLJIIFFAW07CA
金湖鎮,房地(土地+建物),金門縣金湖鎮夏興91~120號,98.73,其他,,,1021011,土地1建物1車位0,全,三層,透天厝,見其他登記事項,鋼筋混凝土造,0950725,203.85,5,1,3,有,無,9880000,48467,,0.0,0,,RPPNMLPJKIIFFAW98CA
金寧鄉,土地,中三劃測段691~720地號,30.91,其他,,,1020926,土地1建物0車位0,,,其他,,,,0.0,0,0,0,有,無,468441,15155,,0.0,0,,RPPNMLTLJIIFFAW86CA
金沙鎮,土地,中蘭劃測段421~450地號,970.24,農,,,1021106,土地1建物0車位0,,,其他,,,,0.0,0,0,0,有,無,4200000,4329,,0.0,0,,RPUNMLQJKIIFFAW96CA
金寧鄉,房地(土地+建物),金門縣金寧鄉湖埔村頂埔下1~30號,48.65,其他,,,1021121,土地2建物1車位0,二層,三層,公寓(5樓含以下無電梯),見其他登記事項,鋼筋混凝土造,1021025,108.69,3,2,2,有,無,4600000,42322,,0.0,0,,RPWOMLMKKIIFFAW07DA
金寧鄉,房地(土地+建物),金門縣金寧鄉湖埔村頂埔下1~30號,34.43,其他,,,1021121,土地2建物1車位0,三層,三層,公寓(5樓含以下無電梯),見其他登記事項,鋼筋混凝土造,1021025,77.85,2,1,1,有,無,3650000,46885,,0.0,0,,RPVNMLMKKIIFFAW86DA
金寧鄉,房地(土地+建物),金門縣金寧鄉湖埔村頂埔下1~30號,34.43,其他,,,1021121,土地2建物1車位0,一層,三層,公寓(5樓含以下無電梯),見其他登記事項,鋼筋混凝土造,1021025,77.83,2,1,1,有,無,3250000,41758,,0.0,0,,RPOOMLMKKIIFFAW88DA
金寧鄉,土地,東洲段481~510地號,45.96,其他,,,950307,土地1建物0車位0,,,其他,,,,0.0,0,0,0,有,無,459600,10000,,0.0,0,,RPPNMLMJKIIFFAW78DA
金寧鄉,房地(土地+建物),金門縣金寧鄉湖埔村頂埔下1~30號,14.22,其他,,,1021121,土地2建物1車位0,一層,三層,套房(1房1廳1衛),見其他登記事項,鋼筋混凝土造,1021025,31.57,1,1,1,有,無,1350000,42762,,0.0,0,,RPUPMLMKKIIFFAW96DA
金寧鄉,房地(土地+建物),金門縣金寧鄉湖埔村頂埔下1~30號,34.43,其他,,,1021121,土地2建物1車位0,二層,三層,公寓(5樓含以下無電梯),見其他登記事項,鋼筋混凝土造,1021025,77.85,2,1,1,有,無,3500000,44958,,0.0,0,,RPRPMLMKKIIFFAW66DA
金湖鎮,土地,石牌段451~480地號,7466.23,其他,,,1021120,土地1建物0車位0,,,其他,,,,0.0,0,0,0,有,無,74751895,10012,,0.0,0,,RPQNMLTLJIIFFAW96CA
金城鎮,土地,蜈蚣山段1021~1050地號,400.0,其他,,,1021114,土地1建物0車位0,,,其他,,,,0.0,0,0,0,有,無,1200000,3000,,0.0,0,,RPRNMLTLJIIFFAW07CA
金沙鎮,土地,斗門劃測段961~990地號,699.28,其他,,,1021114,土地1建物0車位0,,,其他,,,,0.0,0,0,0,有,無,2000000,2860,,0.0,0,,RPSNMLTLJIIFFAW17CA
金沙鎮,土地,北八劃段391~420地號,1000.0,農,,,1021112,土地1建物0車位0,,,其他,,,,0.0,0,0,0,有,無,5000000,5000,,0.0,0,,RPPNMLNLKIIFFAW98CA
金城鎮,土地,小西門劃測段1891~1920地號,247.46,其他,,,1021101,土地1建物0車位0,,,其他,,,,0.0,0,0,0,有,無,1500000,6062,,0.0,0,,RPXNMLRLKIIFFAW67DA
金城鎮,土地,水頭段391~420地號,1749.38,其他,,,1021116,土地4建物0車位0,,,其他,,,,0.0,0,0,0,有,無,3300000,1886,,0.0,0,,RPOOMLRLKIIFFAW86DA
金寧鄉,房地(土地+建物),金門縣金寧鄉湖埔村頂埔下1~30號,48.65,其他,,,1021121,土地2建物1車位0,一層,三層,公寓(5樓含以下無電梯),見其他登記事項,鋼筋混凝土造,1021025,108.68,3,2,2,有,無,5000000,46007,,0.0,0,,RPROMLMKKIIFFAW56DA
金沙鎮,土地,沙港劃段661~690地號,750.03,農,,,1021003,土地2建物0車位0,,,其他,,,,0.0,0,0,0,有,無,7000000,9333,,0.0,0,,RPSNMLRLKIIFFAW07CA
金寧鄉,土地,安西劃段871~900地號,327.43,農,,,1021113,土地1建物0車位0,,,其他,,,,0.0,0,0,0,有,無,500000,1527,,0.0,0,,RPSNMLKKKIIFFAW88CA
金湖鎮,土地,夏興段1051~1080地號,438.0,農,,,1021129,土地1建物0車位0,,,其他,,,,0.0,0,0,0,有,無,1500000,3425,,0.0,0,,RPSNMLOJKIIFFAW56CA
金寧鄉,房地(土地+建物),金門縣金寧鄉湖埔村頂埔下1~30號,48.65,其他,,,1021121,土地2建物1車位0,三層,三層,公寓(5樓含以下無電梯),見其他登記事項,鋼筋混凝土造,1021025,108.69,3,2,2,有,無,4800000,44162,,0.0,0,,RPTOMLMKKIIFFAW76DA
金寧鄉,房地(土地+建物),金門縣金寧鄉湖埔村頂埔下1~30號,19.79,其他,,,1021121,土地2建物1車位0,二層,三層,套房(1房1廳1衛),見其他登記事項,鋼筋混凝土造,1021025,44.03,1,1,1,有,無,1800000,40881,,0.0,0,,RPVOMLMKKIIFFAW96DA
金寧鄉,房地(土地+建物),金門縣金寧鄉湖埔村頂埔下1~30號,34.43,其他,,,1021121,土地2建物1車位0,二層,三層,公寓(5樓含以下無電梯),見其他登記事項,鋼筋混凝土造,1021025,77.85,2,1,1,有,無,3580000,45986,,0.0,0,,RPPPMLMKKIIFFAW09DA
金沙鎮,土地,沙港劃段91~120地號,1000.06,農,,,1021125,土地1建物0車位0,,,其他,,,,0.0,0,0,0,有,無,5000000,5000,,0.0,0,,RPQNMLOJKIIFFAW09DA
金沙鎮,土地,沙港劃段61~90地號,1000.05,農,,,1021125,土地1建物0車位0,,,其他,,,,0.0,0,0,0,有,無,4600000,4600,,0.0,0,,RPRNMLOJKIIFFAW56DA
金寧鄉,房地(土地+建物),金門縣金寧鄉湖埔村頂埔下1~30號,13.88,其他,,,1021121,土地2建物1車位0,三層,三層,套房(1房1廳1衛),見其他登記事項,鋼筋混凝土造,1021025,30.810000000000002,1,1,1,有,無,1550000,50308,,0.0,0,,RPTPMLMKKIIFFAW86DA
金寧鄉,房地(土地+建物),金門縣金寧鄉湖埔村頂埔下1~30號,34.43,其他,,,1021121,土地2建物1車位0,三層,三層,公寓(5樓含以下無電梯),見其他登記事項,鋼筋混凝土造,1021025,77.85,2,1,2,有,無,3500000,44958,,0.0,0,,RPXPMLMKKIIFFAW27DA
金寧鄉,房地(土地+建物),金門縣金寧鄉湖埔村頂埔下1~30號,13.88,其他,,,1021121,土地2建物1車位0,二層,三層,套房(1房1廳1衛),見其他登記事項,鋼筋混凝土造,1021025,30.810000000000002,1,1,1,有,無,1450000,47063,,0.0,0,,RPPQMLMKKIIFFAW56DA
金寧鄉,土地,寧劃段841~870地號,490.6,農,,,1021129,土地1建物0車位0,,,其他,,,,0.0,0,0,0,有,無,2000000,4077,,0.0,0,,RPQNMLQJKIIFFAW56CA
金城鎮,土地,歐厝段1~30地號,351.36,農,,,1021105,土地1建物0車位0,,,其他,,,,0.0,0,0,0,有,無,1500000,4269,,0.0,0,,RPRNMLQJKIIFFAW66CA
烈嶼鄉,土地,東坑段61~90地號,494.69,農,,,1021111,土地3建物0車位0,,,其他,,,,0.0,0,0,0,有,無,700000,1415,,0.0,0,,RPTNMLQJKIIFFAW86CA
金城鎮,土地,山前段1~30地號,422.0,其他,,,1021108,土地2建物0車位0,,,其他,,,,0.0,0,0,0,有,無,600000,1422,,0.0,0,,RPQNMLLKKIIFFAW78CA
金沙鎮,土地,碧山段961~990地號,1619.2,農,,,1021121,土地5建物0車位0,,,其他,,,,0.0,0,0,0,有,無,1750000,1081,,0.0,0,,RPQNMLOLKIIFFAW66DA
金寧鄉,土地,東洲段391~420地號,537.41,其他,,,1021203,土地1建物0車位0,,,其他,,,,0.0,0,0,0,有,無,815000,1517,,0.0,0,,RPTNMLPJKIIFFAW86DA
金寧鄉,土地,青山段121~150地號,688.91,農,,,1021203,土地1建物0車位0,,,其他,,,,0.0,0,0,0,有,無,2600000,3774,,0.0,0,,RPPNMLQJKIIFFAW56DA
金寧鄉,土地,后湖村段211~240地號,382.0,其他,,,1021203,土地1建物0車位0,,,其他,,,,0.0,0,0,0,有,無,4300000,11257,,0.0,0,,RPQNMLKKKIIFFAW68CA
金寧鄉,土地,寧湖三劃段721~750地號,550.06,農,,,1021125,土地1建物0車位0,,,其他,,,,0.0,0,0,0,有,無,5000000,9090,,0.0,0,,RPRNMLKKKIIFFAW78CA
金城鎮,土地,后豐港段661~690地號,270.22,住,,,1021108,土地1建物0車位0,,,其他,,,,0.0,0,0,0,有,無,2500000,9252,,0.0,0,,RPTNMLRLKIIFFAW17CA
金城鎮,土地,洪門港段61~90地號,150.0,其他,,,1021203,土地1建物0車位0,,,其他,,,,0.0,0,0,0,有,無,2100000,14000,,0.0,0,,RPPNMLTJKIIFFAW86DA
金寧鄉,房地(土地+建物),金門縣金寧鄉湖埔村頂埔下1~30號,48.65,其他,,,1021121,土地2建物1車位0,三層,三層,公寓(5樓含以下無電梯),見其他登記事項,鋼筋混凝土造,1021025,108.69,3,2,2,有,無,4800000,44162,,0.0,0,,RPQQMLMKKIIFFAW66DA
金寧鄉,土地,北二三劃測段271~300地號,970.35,農,,,1021119,土地1建物0車位0,,,其他,,,,0.0,0,0,0,有,無,9000000,9275,,0.0,0,,RPUNMLSJJHJFFAW17DA
金寧鄉,房地(土地+建物),金門縣金寧鄉頂埔下1~30號,14.22,其他,,,1021121,土地2建物1車位0,一層,三層,套房(1房1廳1衛),見其他登記事項,鋼筋混凝土造,1021025,31.57,1,1,1,有,無,1880000,59550,,0.0,0,,RPSNMLMKKIIFFAW56DA
金沙鎮,土地,碧山段991~1020地號,3954.45,農,,,1021011,土地6建物0車位0,,,其他,,,,0.0,0,0,0,有,無,3500000,885,,0.0,0,,RPUNMLRLKIIFFAW27CA
金湖鎮,土地,塔后段781~810地號,127.47,農,,,1021115,土地2建物0車位0,,,其他,,,,0.0,0,0,0,有,無,159219,1249,,0.0,0,,RPUNMLMKKIIFFAW66CA
金湖鎮,土地,夏興段1~30地號,197.47,住,,,1021115,土地6建物0車位0,,,其他,,,,0.0,0,0,0,有,無,257888,1306,,0.0,0,,RPXNMLMKKIIFFAW96CA
金湖鎮,土地,新頭段691~720地號,921.01,其他,,,1021128,土地1建物0車位0,,,其他,,,,0.0,0,0,0,有,無,3800000,4126,,0.0,0,,RPTQMLMKKIIFFAW86CA
金湖鎮,土地,北五劃段121~150地號,1482.49,農,,,1021129,土地2建物0車位0,,,其他,,,,0.0,0,0,0,有,無,4050000,2732,,0.0,0,,RPSNMLTKKIIFFAW17CA
金寧鄉,土地,長寮段1021~1050地號,211.44,農,,,1021113,土地1建物0車位0,,,其他,,,,0.0,0,0,0,有,無,500000,2365,,0.0,0,,RPTNMLTKKIIFFAW27CA
金城鎮,土地,吳厝村段121~150地號,338.0,住,,,1021205,土地1建物0車位0,,,其他,,,,0.0,0,0,0,有,無,5000000,14793,,0.0,0,,RPQNMLSLKIIFFAW96CA
金城鎮,房地(土地+建物),金門縣金城鎮光前路91~120號,71.82,住,,,1021210,土地1建物1車位0,全,三層,透天厝,住家用,鋼筋混凝土造,0710715,188.62,5,2,3,有,無,22000000,116637,,0.0,0,,RPUNMLLMKIIFFAW86DA
金寧鄉,房地(土地+建物),金門縣金寧鄉湖埔村頂埔下1~30號,34.43,其他,,,1021206,土地2建物1車位0,一層,三層,公寓(5樓含以下無電梯),見其他登記事項,鋼筋混凝土造,1021025,77.83,2,1,1,有,無,3700000,47540,,0.0,0,,RPUQMLMKKIIFFAW07DA
金城鎮,土地,延平段661~690地號,492.56,農,,,1021210,土地2建物0車位0,,,其他,,,,0.0,0,0,0,有,無,3200000,6497,,0.0,0,,RPQNMLMKKIIFFAW98DA
金湖鎮,房地(土地+建物),金門縣金湖鎮復興路1~30號,28.5,住,,,1021204,土地1建物1車位0,五層,五層,公寓(5樓含以下無電梯),住家用,鋼筋混凝土造,0870217,101.66,3,2,2,有,無,4800000,47216,,0.0,0,,RPRNMLSLKIIFFAW07CA
金湖鎮,土地,南雄段121~150地號,1211.78,其他,,,1021127,土地4建物0車位0,,,其他,,,,0.0,0,0,0,有,無,1940000,1601,,0.0,0,,RPTNMLQKKIIFFAW96CA
金湖鎮,房地(土地+建物),金門縣金湖鎮復興路1~30號,28.5,住,,,1021205,土地1建物1車位0,五層,五層,公寓(5樓含以下無電梯),住家用,鋼筋混凝土造,0870217,101.66,3,2,2,有,無,4800000,47216,,0.0,0,,RPSNMLSLKIIFFAW17CA
金沙鎮,土地,浦邊段841~870地號,1549.0,農,,,1021129,土地3建物0車位0,,,其他,,,,0.0,0,0,0,有,無,3245300,2095,,0.0,0,,RPVNMLRLKIIFFAW37CA
金湖鎮,土地,瓊林段301~330地號,1067.21,其他,,,1021125,土地1建物0車位0,,,其他,,,,0.0,0,0,0,有,無,8500000,7965,,0.0,0,,RPWNMLRLKIIFFAW47CA
金湖鎮,土地,湖前段601~630地號,118.03,其他,,,1021122,土地1建物0車位0,,,其他,,,,0.0,0,0,0,有,無,1416360,12000,,0.0,0,,RPPNMLQKKIIFFAW66DA
金湖鎮,土地,湖前段601~630地號,94.02,其他,,,1021122,土地1建物0車位0,,,其他,,,,0.0,0,0,0,有,無,1128240,12000,,0.0,0,,RPQNMLQKKIIFFAW76DA
金湖鎮,土地,湖前段601~630地號,94.02,其他,,,1021122,土地1建物0車位0,,,其他,,,,0.0,0,0,0,有,無,1128240,12000,,0.0,0,,RPRNMLQKKIIFFAW86DA
金湖鎮,土地,湖前段601~630地號,100.09,其他,,,1021122,土地1建物0車位0,,,其他,,,,0.0,0,0,0,有,無,1201080,12000,,0.0,0,,RPSNMLQKKIIFFAW96DA
金湖鎮,土地,新頭段721~750地號,406.9,其他,,,1021119,土地1建物0車位0,,,其他,,,,0.0,0,0,0,有,無,13380000,32883,,0.0,0,,RPPNMLRKKIIFFAW76DA
金湖鎮,土地,新頭段721~750地號,803.97,其他,,,1021119,土地1建物0車位0,,,其他,,,,0.0,0,0,0,有,無,25701000,31968,,0.0,0,,RPQNMLRKKIIFFAW86DA
金城鎮,土地,后豐港段571~600地號,215.0,農,,,1021106,土地1建物0車位0,,,其他,,,,0.0,0,0,0,有,無,701099,3261,,0.0,0,,RPQNMLKLKIIFFAW88DA
金寧鄉,土地,寧湖二劃測段181~210地號,1000.01,農,,,1021211,土地1建物0車位0,,,其他,,,,0.0,0,0,0,有,無,14600000,14600,,0.0,0,,RPVNMLLMKIIFFAW96DA
金寧鄉,土地,煙墩段991~1020地號,1113.94,其他,,,1021122,土地1建物0車位0,,,其他,,,,0.0,0,0,0,有,無,23310757,20926,,0.0,0,,RPUNMLQKKIIFFAW07CA
金寧鄉,土地,煙墩段991~1020地號,1084.24,其他,,,1021122,土地1建物0車位0,,,其他,,,,0.0,0,0,0,有,無,22689243,20926,,0.0,0,,RPVNMLQKKIIFFAW17CA
金寧鄉,土地,寧湖二劃測段271~300地號,960.02,其他,,,1021125,土地1建物0車位0,,,其他,,,,0.0,0,0,0,有,無,14000000,14583,,0.0,0,,RPWNMLQKKIIFFAW27CA
金寧鄉,土地,煙墩段871~900地號,891.92,其他,,,1021122,土地1建物0車位0,,,其他,,,,0.0,0,0,0,有,無,3300000,3700,,0.0,0,,RPXNMLQKKIIFFAW37CA
金寧鄉,土地,湖下村段91~120地號,194.0,其他,,,1021126,土地2建物0車位0,,,其他,,,,0.0,0,0,0,有,無,1860000,9588,,0.0,0,,RPOOMLQKKIIFFAW56CA
金寧鄉,土地,東坑村段1~30地號,587.0,其他,,,1021018,土地1建物0車位0,,,其他,,,,0.0,0,0,0,有,無,16980000,28927,,0.0,0,,RPRNMLRKKIIFFAW86CA
金湖鎮,土地,尚義段481~510地號,260.87,農,,,1021204,土地1建物0車位0,,,其他,,,,0.0,0,0,0,有,無,500000,1917,,0.0,0,,RPPNMLLLKIIFFAW78CA
烈嶼鄉,土地,西方段391~420地號,31.47,其他,,,1021120,土地1建物0車位0,,,其他,,,,0.0,0,0,0,有,無,260257,8270,,0.0,0,,RPOOMLNLKIIFFAW98CA
金寧鄉,土地,盤山村段1~30地號,319.0,住,,,1021217,土地1建物0車位0,,,其他,,,,0.0,0,0,0,有,無,7000000,21944,,0.0,0,,RPTNMLQLKIIFFAW17DA
金城鎮,土地,歐厝段331~360地號,267.1,農,,,1021204,土地2建物0車位0,,,其他,,,,0.0,0,0,0,有,無,750000,2808,,0.0,0,,RPXNMLLMKIIFFAW17DA
金城鎮,土地,祥安段721~750地號,111.29,其他,,,1021209,土地1建物0車位0,,,其他,,,,0.0,0,0,0,有,無,2950000,26507,,0.0,0,,RPSNMLKLKIIFFAW09DA
烈嶼鄉,房地(土地+建物),金門縣烈嶼鄉林湖村西宅91~120號,80.0,住,,,1021210,土地1建物1車位0,全,三層,透天厝,見其他登記事項,鋼筋混凝土造,0941230,217.12,4,1,3,有,無,7000000,32240,,0.0,0,,RPPNMLOLKIIFFAW56DA
金湖鎮,土地,漁村段271~300地號,3590.07,其他,,,1021209,土地1建物0車位0,,,其他,,,,0.0,0,0,0,有,無,35900700,10000,,0.0,0,,RPQNMLLLKIIFFAW88CA
金湖鎮,土地,塔后段181~210地號,298.52,其他,,,1021209,土地1建物0車位0,,,其他,,,,0.0,0,0,0,有,無,1000000,3350,,0.0,0,,RPRNMLLLKIIFFAW98CA
金湖鎮,房地(土地+建物),金門縣金湖鎮塔后31~60號,53.0,其他,,,1021024,土地1建物1車位0,全,二層,透天厝,住商用,鋼筋混凝土造,0740614,78.38,5,2,2,有,無,5000000,63792,,0.0,0,,RPQNMLTKKIIFFAW96CA
金沙鎮,土地,北九十劃段511~540地號,500.28,農,,,1021209,土地1建物0車位0,,,其他,,,,0.0,0,0,0,有,無,1550000,3098,,0.0,0,,RPRNMLTKKIIFFAW07CA
金沙鎮,土地,山后段1531~1560地號,508.0,其他,,,1021125,土地1建物0車位0,,,其他,,,,0.0,0,0,0,有,無,1000000,1969,,0.0,0,,RPROMLQJJHJFFAW66CA
金沙鎮,土地,北八劃段211~240地號,880.0,農,,,1021208,土地1建物0車位0,,,其他,,,,0.0,0,0,0,有,無,4300000,4886,,0.0,0,,RPXNMLNLKIIFFAW17CA
金寧鄉,房地(土地+建物),金門縣金寧鄉前厝61~90號,101.51,其他,,,1021125,土地2建物1車位0,全,三層,透天厝,住家用,鋼筋混凝土造,1021023,191.78,4,2,5,有,無,7200000,37543,,0.0,0,,RPROMLNLKIIFFAW66CA
金城鎮,土地,歐厝段301~330地號,546.38,農,,,1020809,土地1建物0車位0,,,其他,,,,0.0,0,0,0,有,無,660000,1208,,0.0,0,,RPQOMLLMKIIFFAW56DA
金湖鎮,房地(土地+建物),金門縣金湖鎮菜市場1~30號,32.11,其他,,,1021216,土地1建物1車位0,一層，二層,二層,店面(店鋪),住商用,鋼筋混凝土造,0590420,52.5,0,0,0,無,無,3900000,74286,,0.0,0,,RPTNMLRKJHJFFAW07DA
金城鎮,土地,祥安段721~750地號,111.29,其他,,,1021209,土地1建物0車位0,,,其他,,,,0.0,0,0,0,有,無,2950000,26507,,0.0,0,,RPRNMLKLKIIFFAW98DA
金城鎮,土地,祥和段751~780地號,109.9,其他,,,1021205,土地5建物0車位0,,,其他,,,,0.0,0,0,0,有,無,4245000,38626,,0.0,0,,RPPNMLKLKIIFFAW78DA
金寧鄉,土地,長寮段571~600地號,175.74,其他,,,1021211,土地1建物0車位0,,,其他,,,,0.0,0,0,0,有,無,500000,2845,,0.0,0,受債權債務影響或債務抵償之交易。;受債權債務影響或債務抵償之交易。,RPSNMLNLKIIFFAW66CA
金沙鎮,土地,陽宅段1051~1080地號,1299.0,其他,,,1021210,土地2建物0車位0,,,其他,,,,0.0,0,0,0,有,無,24031500,18500,,0.0,0,,RPTNMLNLKIIFFAW76CA
金城鎮,房地(土地+建物),金門縣金城鎮中興路205巷1~30號,7.92,其他,,,1021213,土地1建物1車位0,二層,七層,華廈(10層含以下有電梯),見其他登記事項,鋼筋混凝土造,0991018,54.84,1,1,1,有,無,3500000,63822,,0.0,0,,RPTNMLSJJHJFFAW96CA
金寧鄉,土地,寧劃段451~480地號,488.93,農,,,1021220,土地1建物0車位0,,,其他,,,,0.0,0,0,0,有,無,550000,1125,,0.0,0,,RPPNMLRKJHJFFAW66DA
金寧鄉,土地,寧湖一劃段391~420地號,115.5,其他,,,1021212,土地1建物0車位0,,,其他,,,,0.0,0,0,0,有,無,4042500,35000,,0.0,0,,RPWNMLLMKIIFFAW07DA
金寧鄉,房地(土地+建物),金門縣金寧鄉昔果山31~60號,39.62,住,,,1021209,土地1建物1車位0,二層,三層,公寓(5樓含以下無電梯),見其他登記事項,鋼筋混凝土造,1021025,68.71,2,2,1,有,無,2650000,38568,,0.0,0,,RPUNMLNLJHJFFAW76CA
金寧鄉,房地(土地+建物),金門縣金寧鄉昔果山31~60號,39.62,住,,,1021209,土地1建物1車位0,三層,三層,公寓(5樓含以下無電梯),見其他登記事項,鋼筋混凝土造,1021025,68.71,2,2,1,有,無,2850000,41479,,0.0,0,,RPVNMLNLJHJFFAW86CA
金寧鄉,房地(土地+建物),金門縣金寧鄉昔果山31~60號,50.84,住,,,1021209,土地1建物1車位0,一層,三層,公寓(5樓含以下無電梯),見其他登記事項,鋼筋混凝土造,1021025,88.00999999999999,3,2,2,有,無,4200000,47722,,0.0,0,,RPXNMLNLJHJFFAW07CA
金寧鄉,房地(土地+建物),金門縣金寧鄉昔果山31~60號,54.32,住,,,1021209,土地1建物1車位0,二層,三層,公寓(5樓含以下無電梯),見其他登記事項,鋼筋混凝土造,1021025,90.71,3,2,2,有,無,3600000,39687,,0.0,0,,RPOOMLNLJHJFFAW88CA
金寧鄉,房地(土地+建物),金門縣金寧鄉昔果山31~60號,54.32,住,,,1021209,土地1建物1車位0,三層,三層,公寓(5樓含以下無電梯),見其他登記事項,鋼筋混凝土造,1021025,94.07,3,2,2,有,無,3700000,39332,,0.0,0,,RPPOMLNLJHJFFAW98CA
金寧鄉,房地(土地+建物),金門縣金寧鄉昔果山31~60號,54.56,住,,,1021209,土地1建物1車位0,一層,三層,公寓(5樓含以下無電梯),見其他登記事項,鋼筋混凝土造,1021025,94.07,3,2,2,有,無,4000000,42522,,0.0,0,,RPQOMLNLJHJFFAW09CA
金寧鄉,房地(土地+建物),金門縣金寧鄉昔果山31~60號,55.08,住,,,1021209,土地1建物1車位0,二層,三層,公寓(5樓含以下無電梯),見其他登記事項,鋼筋混凝土造,1021025,94.99000000000001,3,2,2,有,無,3600000,37899,,0.0,0,,RPROMLNLJHJFFAW56CA
金寧鄉,房地(土地+建物),金門縣金寧鄉昔果山31~60號,45.2,住,,,1021209,土地1建物1車位0,一層,三層,公寓(5樓含以下無電梯),見其他登記事項,鋼筋混凝土造,1021025,78.19,2,2,1,有,無,3380000,43228,,0.0,0,,RPSOMLNLJHJFFAW66CA
金寧鄉,房地(土地+建物),金門縣金寧鄉昔果山31~60號,48.11,住,,,1021209,土地1建物1車位0,二層,三層,公寓(5樓含以下無電梯),見其他登記事項,鋼筋混凝土造,1021025,83.22999999999999,2,2,1,有,無,3230000,38808,,0.0,0,,RPTOMLNLJHJFFAW76CA
金寧鄉,房地(土地+建物),金門縣金寧鄉昔果山31~60號,48.11,住,,,1021209,土地1建物1車位0,三層,三層,公寓(5樓含以下無電梯),見其他登記事項,鋼筋混凝土造,1021025,83.13,3,2,2,有,無,3300000,39697,,0.0,0,,RPVOMLNLJHJFFAW96CA
金寧鄉,房地(土地+建物),金門縣金寧鄉昔果山31~60號,55.08,住,,,1021209,土地1建物1車位0,三層,三層,公寓(5樓含以下無電梯),見其他登記事項,鋼筋混凝土造,1021025,96.34,3,2,2,有,無,3700000,38406,,0.0,0,,RPWOMLNLJHJFFAW07CA
金湖鎮,土地,山外段301~330地號,89.94,商,,,1021211,土地2建物0車位0,,,其他,,,,0.0,0,0,0,有,無,2200000,24461,,0.0,0,,RPOOMLLLJHJFFAW68CA
烈嶼鄉,土地,西方劃測段151~180地號,206.97,其他,,,1021204,土地1建物0車位0,,,其他,,,,0.0,0,0,0,有,無,1600000,7731,,0.0,0,,RPQNMLNJJHJFFAW88DA
金城鎮,房地(土地+建物),金門縣金城鎮民生路31~60號,187.67,住,,,1021118,土地2建物1車位0,全,二層,透天厝,住商用,鋼筋混凝土造,0621015,360.0,7,2,3,有,無,13000000,36111,,0.0,0,親屬間移轉過戶,RPRNMLPLKIIFFAW86DA
金寧鄉,土地,昔果山段31~60地號,500.0,其他,,,1021205,土地1建物0車位0,,,其他,,,,0.0,0,0,0,有,無,950000,1900,,0.0,0,親屬間買賣,RPTNMLPLKIIFFAW07DA
金城鎮,土地,金門城段1021~1050地號,278.0,其他,,,1021223,土地1建物0車位0,,,其他,,,,0.0,0,0,0,有,無,2500000,8993,,0.0,0,,RPPNMLLMKIIFFAW88CA
金寧鄉,土地,寧湖六劃段91~120地號,1000.0,其他,,,1021125,土地1建物0車位0,,,其他,,,,0.0,0,0,0,有,無,4800000,4800,,0.0,0,,RPRNMLNJJHJFFAW88CA
金湖鎮,土地,湖東劃段121~150地號,1000.0,農,,,1021212,土地1建物0車位0,,,其他,,,,0.0,0,0,0,有,無,2650000,2650,,0.0,0,,RPPNMLQLKIIFFAW66CA
金寧鄉,土地,煙墩段481~510地號,789.58,其他,,,1021216,土地1建物0車位0,,,其他,,,,0.0,0,0,0,有,無,3500000,4433,,0.0,0,,RPQNMLQLKIIFFAW76CA
金寧鄉,土地,后湖段901~930地號,800.1,農,,,1021204,土地1建物0車位0,,,其他,,,,0.0,0,0,0,有,無,2100000,2625,,0.0,0,,RPRNMLQLKIIFFAW86CA
金城鎮,土地,歐厝段481~510地號,948.07,農,,,1021123,土地2建物0車位0,,,其他,,,,0.0,0,0,0,有,無,3800000,4008,,0.0,0,,RPQNMLRLKIIFFAW86CA
金城鎮,土地,歐厝段481~510地號,3758.52,其他,,,1021123,土地8建物0車位0,,,其他,,,,0.0,0,0,0,有,無,8000000,2128,,0.0,0,,RPRNMLRLKIIFFAW96CA
金城鎮,土地,延平段361~390地號,799.25,農,,,1021201,土地2建物0車位0,,,其他,,,,0.0,0,0,0,有,無,8900000,11135,,0.0,0,,RPVNMLSLKIIFFAW47CA
金湖鎮,房地(土地+建物),金門縣金湖鎮新市里中正路61~90號,75.3,商,,,1021220,土地2建物1車位0,三層，騎樓，一層，二層,三層,店面(店鋪),住商用,鋼筋混凝土造,0650615,171.0,2,1,3,有,無,16000000,93567,,0.0,0,,RPUNMLPLKIIFFAW17DA
金湖鎮,土地,湖前段271~300地號,163.22,住,,,1021225,土地1建物0車位0,,,其他,,,,0.0,0,0,0,有,無,8550000,52383,,0.0,0,,RPTNMLMLJHJFFAW66DA
金湖鎮,土地,士校段361~390地號,70.75,其他,,,1021218,土地1建物0車位0,,,其他,,,,0.0,0,0,0,有,無,7500000,106007,,0.0,0,含增建或未登記建物。;含地上未登記建物壹幢。,RPUNMLRKJHJFFAW17DA
金湖鎮,土地,士校段361~390地號,70.75,其他,,,1021218,土地1建物0車位0,,,其他,,,,0.0,0,0,0,有,無,7500000,106007,,0.0,0,含增建或未登記建物。;含地上未登記建物壹幢。權利人共二人。,RPVNMLRKJHJFFAW27DA
金湖鎮,土地,士校段361~390地號,70.75,其他,,,1021218,土地1建物0車位0,,,其他,,,,0.0,0,0,0,有,無,7500000,106007,,0.0,0,含增建或未登記建物。;含地上未登記建物壹幢。,RPWNMLRKJHJFFAW37DA
金湖鎮,土地,士校段361~390地號,70.75,其他,,,1021218,土地1建物0車位0,,,其他,,,,0.0,0,0,0,有,無,7500000,106007,,0.0,0,含增建或未登記建物。;含地上未登記建物壹幢。,RPXNMLRKJHJFFAW47DA
金湖鎮,土地,士校段361~390地號,70.75,其他,,,1021218,土地1建物0車位0,,,其他,,,,0.0,0,0,0,有,無,7500000,106007,,0.0,0,含增建或未登記建物。;含地上未登記建物壹幢。,RPPOMLRKJHJFFAW76DA
金寧鄉,房地(土地+建物),金門縣金寧鄉榜林31~60號,14.98,其他,,,1021223,土地2建物1車位0,二層,三層,套房(1房1廳1衛),見其他登記事項,鋼筋混凝土造,1020318,26.06,1,1,1,有,無,1950000,74827,,0.0,0,,RPOPMLNLJHJFFAW98CA
金城鎮,土地,北堤段121~150地號,38.86,住,,,1021225,土地1建物0車位0,,,其他,,,,0.0,0,0,0,有,無,1110307,28572,,0.0,0,,RPPNMLMLJHJFFAW88DA
金寧鄉,土地,西山段991~1020地號,1163.62,農,,,1021217,土地1建物0車位0,,,其他,,,,0.0,0,0,0,有,無,3600000,3094,,0.0,0,,RPPOMLRLKIIFFAW96DA
金寧鄉,土地,長寮段61~90地號,1421.99,其他,,,1021221,土地2建物0車位0,,,其他,,,,0.0,0,0,0,有,無,16300000,11463,,0.0,0,,RPPNMLTLKIIFFAW96CA
金寧鄉,房地(土地+建物),金門縣金寧鄉林堡路250巷2弄1~30號,497.79,農,,,1021212,土地1建物1車位0,一層，二層，屋頂突出物,二層,農舍,農舍,鋼筋混凝土造,1021031,304.85,7,4,5,有,無,15000000,,,0.0,0,,RPQOMLRLKIIFFAW96CA
金城鎮,土地,延平段781~810地號,984.81,農,,,1021224,土地1建物0車位0,,,其他,,,,0.0,0,0,0,有,無,5000000,5077,,0.0,0,,RPQNMLNKJHJFFAW88CA
金寧鄉,土地,寧古劃段751~780地號,1225.0,農,,,1021214,土地2建物0車位0,,,其他,,,,0.0,0,0,0,有,無,2100000,1714,,0.0,0,,RPUNMLOKJHJFFAW76CA
金湖鎮,土地,湖前段721~750地號,176.51,農,,,1021217,土地1建物0車位0,,,其他,,,,0.0,0,0,0,有,無,1765100,10000,,0.0,0,,RPPNMLQKJHJFFAW09CA
金湖鎮,土地,尚義段481~510地號,260.87,農,,,1021218,土地1建物0車位0,,,其他,,,,0.0,0,0,0,有,無,500000,1917,,0.0,0,,RPVNMLKLJHJFFAW56CA
金寧鄉,房地(土地+建物),金門縣金寧鄉前厝61~90號,173.63,其他,,,1021125,土地2建物1車位0,全,三層,透天厝,住家用,鋼筋混凝土造,1021023,269.31,4,2,5,有,無,11000000,40845,,0.0,0,,RPQOMLQJJHJFFAW56CA
金寧鄉,土地,寧安四劃段121~150地號,666.67,農,,,1021212,土地1建物0車位0,,,其他,,,,0.0,0,0,0,有,無,1650000,2475,,0.0,0,,RPRNMLSJJHJFFAW76CA
金寧鄉,土地,寧安二劃段331~360地號,1000.0,農,,,1021222,土地1建物0車位0,,,其他,,,,0.0,0,0,0,有,無,4900000,4900,,0.0,0,,RPPNMLQJJHJFFAW09DA
金湖鎮,土地,湖前段601~630地號,94.02,其他,,,1021122,土地1建物0車位0,,,其他,,,,0.0,0,0,0,有,無,1410300,15000,,0.0,0,,RPQNMLMJJHJFFAW78DA
金湖鎮,土地,漁村段661~690地號,3221.51,其他,,,1021224,土地3建物0車位0,,,其他,,,,0.0,0,0,0,有,無,1786000,554,,0.0,0,,RPPOMLLMKIIFFAW09DA
金寧鄉,土地,煙墩段961~990地號,40.88,其他,,,1021215,土地1建物0車位0,,,其他,,,,0.0,0,0,0,有,無,929611,22740,,0.0,0,,RPRNMLOKJHJFFAW56DA
金湖鎮,土地,山外段481~510地號,146.74,其他,,,1021220,土地1建物0車位0,,,其他,,,,0.0,0,0,0,有,無,1980000,13493,,0.0,0,,RPTOMLRLJHJFFAW27DA
金寧鄉,土地,后沙劃測段541~570地號,656.01,農,,,1021225,土地1建物0車位0,,,其他,,,,0.0,0,0,0,有,無,3900000,5945,,0.0,0,,RPQNMLMLJHJFFAW98DA
金寧鄉,房地(土地+建物),金門縣金寧鄉前厝61~90號,100.02,其他,,,1021125,土地2建物1車位0,全,三層,透天厝,住家用,鋼筋混凝土造,1021023,191.43,4,2,5,有,無,6780000,35418,,0.0,0,,RPTNMLQJJHJFFAW76CA
金寧鄉,房地(土地+建物),金門縣金寧鄉前厝61~90號,97.85,其他,,,1021125,土地2建物1車位0,全,三層,透天厝,住家用,鋼筋混凝土造,1021023,191.43,4,2,5,有,無,6880000,35940,,0.0,0,,RPVNMLQJJHJFFAW96CA
金寧鄉,房地(土地+建物),金門縣金寧鄉前厝61~90號,216.34,其他,,,1021125,土地2建物1車位0,全,三層,透天厝,住家用,鋼筋混凝土造,1021023,270.04,4,2,5,有,無,11000000,40735,,0.0,0,,RPOOMLQJJHJFFAW98CA
金城鎮,土地,延平段571~600地號,1415.9,農,,,1021204,土地2建物0車位0,,,其他,,,,0.0,0,0,0,有,無,15290000,10799,,0.0,0,,RPOOMLLMKIIFFAW88CA
金寧鄉,土地,煙墩段601~630地號,1959.69,其他,,,1021128,土地2建物0車位0,,,其他,,,,0.0,0,0,0,有,無,5100000,2602,,0.0,0,,RPPNMLMJJHJFFAW58CA
金城鎮,房地(土地+建物),金門縣金城鎮民權路211~240號,27.32,住,,,1021206,土地1建物1車位0,六層,十層,華廈(10層含以下有電梯),見其他登記事項,鋼筋混凝土造,1010725,149.07999999999998,3,2,2,有,無,11500000,77140,,0.0,0,,RPPOMLNKJHJFFAW88CA
金湖鎮,土地,塔后段1021~1050地號,120.67,住,,,1021223,土地1建物0車位0,,,其他,,,,0.0,0,0,0,有,無,2200000,18232,,0.0,0,,RPRNMLQKJHJFFAW66CA
金湖鎮,房地(土地+建物),金門縣金湖鎮湖前301~330號,63.58,住,,,1021210,土地2建物1車位0,全,三層,透天厝,見其他登記事項,鋼筋混凝土造,1021011,143.68,5,2,4,有,無,4900000,34104,,0.0,0,,RPSNMLRLJHJFFAW96CA
金湖鎮,房地(土地+建物),金門縣金湖鎮湖前301~330號,80.04,住,,,1021210,土地2建物1車位0,全,三層,透天厝,見其他登記事項,鋼筋混凝土造,1021011,146.71,5,2,4,有,無,4900000,33399,,0.0,0,,RPTNMLRLJHJFFAW07CA
金湖鎮,房地(土地+建物),金門縣金湖鎮湖前301~330號,63.55,住,,,1021210,土地2建物1車位0,全,三層,透天厝,見其他登記事項,鋼筋混凝土造,1021011,146.71,5,2,4,有,無,5500000,37489,,0.0,0,,RPUNMLRLJHJFFAW17CA
金湖鎮,房地(土地+建物),金門縣金湖鎮湖前301~330號,59.8,住,,,1021210,土地2建物1車位0,全,三層,透天厝,見其他登記事項,鋼筋混凝土造,1021011,143.68,5,2,4,有,無,5500000,38280,,0.0,0,,RPVNMLRLJHJFFAW27CA
金湖鎮,房地(土地+建物),金門縣金湖鎮湖前301~330號,59.8,住,,,1021210,土地2建物1車位0,全,三層,透天厝,見其他登記事項,鋼筋混凝土造,1021011,143.68,5,2,4,有,無,5500000,38280,,0.0,0,,RPWNMLRLJHJFFAW37CA
金湖鎮,房地(土地+建物),金門縣金湖鎮湖前301~330號,59.8,住,,,1021210,土地2建物1車位0,全,三層,透天厝,見其他登記事項,鋼筋混凝土造,1021011,143.68,5,2,4,有,無,5500000,38280,,0.0,0,,RPXNMLRLJHJFFAW47CA
金湖鎮,房地(土地+建物),金門縣金湖鎮湖前301~330號,59.8,住,,,1021210,土地2建物1車位0,全,三層,透天厝,見其他登記事項,鋼筋混凝土造,1021011,143.68,5,2,4,有,無,5500000,38280,,0.0,0,,SPXNMLRLJHJFFAW57CA
金湖鎮,房地(土地+建物),金門縣金湖鎮湖前301~330號,60.09,住,,,1021210,土地2建物1車位0,全,三層,透天厝,見其他登記事項,鋼筋混凝土造,1021011,143.68,5,2,4,有,無,4900000,34104,,0.0,0,,RPUOMLRLJHJFFAW27CA
金湖鎮,房地(土地+建物),金門縣金湖鎮湖前301~330號,59.8,住,,,1021210,土地2建物1車位0,全,三層,透天厝,見其他登記事項,鋼筋混凝土造,1021011,143.68,5,2,4,有,無,4900000,34104,,0.0,0,,RPVOMLRLJHJFFAW37CA
金湖鎮,房地(土地+建物),金門縣金湖鎮湖前301~330號,59.8,住,,,1021210,土地2建物1車位0,全,三層,透天厝,見其他登記事項,鋼筋混凝土造,1021011,143.68,5,2,4,有,無,4900000,34104,,0.0,0,,RPWOMLRLJHJFFAW47CA
金湖鎮,房地(土地+建物),金門縣金湖鎮湖前301~330號,63.55,住,,,1021210,土地2建物1車位0,全,三層,透天厝,見其他登記事項,鋼筋混凝土造,1021011,146.71,5,2,4,有,無,5000000,34081,,0.0,0,,RPXOMLRLJHJFFAW57CA
金湖鎮,房地(土地+建物),金門縣金湖鎮湖前301~330號,59.8,住,,,1021210,土地2建物1車位0,全,三層,透天厝,見其他登記事項,鋼筋混凝土造,1021011,143.68,5,2,4,有,無,4900000,34104,,0.0,0,,RPOPMLRLJHJFFAW76CA
金湖鎮,房地(土地+建物),金門縣金湖鎮湖前301~330號,59.8,住,,,1021210,土地2建物1車位0,全,三層,透天厝,見其他登記事項,鋼筋混凝土造,1021011,143.68,5,2,4,有,無,4900000,34104,,0.0,0,,RPPPMLRLJHJFFAW86CA
金湖鎮,房地(土地+建物),金門縣金湖鎮湖前301~330號,77.31,住,,,1021210,土地2建物1車位0,全,三層,透天厝,見其他登記事項,鋼筋混凝土造,1021011,146.71,5,2,4,有,無,5200000,35444,,0.0,0,,RPQPMLRLJHJFFAW96CA
金湖鎮,房地(土地+建物),金門縣金湖鎮湖前301~330號,63.55,住,,,1021210,土地2建物1車位0,全,三層,透天厝,見其他登記事項,鋼筋混凝土造,1021011,146.71,5,2,4,有,無,5200000,35444,,0.0,0,,RPRPMLRLJHJFFAW07CA
金湖鎮,房地(土地+建物),金門縣金湖鎮湖前301~330號,67.58,住,,,1021210,土地2建物1車位0,全,三層,透天厝,見其他登記事項,鋼筋混凝土造,1021011,143.68,5,2,4,有,無,4900000,34104,,0.0,0,,RPSPMLRLJHJFFAW17CA
金湖鎮,房地(土地+建物),金門縣金湖鎮湖前301~330號,37.93,住,,,1021210,土地2建物1車位0,一層,三層,公寓(5樓含以下無電梯),見其他登記事項,鋼筋混凝土造,1021011,76.03,3,2,2,有,無,3550000,46692,,0.0,0,,RPTPMLRLJHJFFAW27CA
金湖鎮,房地(土地+建物),金門縣金湖鎮湖前301~330號,37.93,住,,,1021210,土地2建物1車位0,二層,三層,公寓(5樓含以下無電梯),見其他登記事項,鋼筋混凝土造,1021011,78.19,3,2,2,有,無,3400000,43484,,0.0,0,,RPUPMLRLJHJFFAW37CA
金湖鎮,房地(土地+建物),金門縣金湖鎮湖前301~330號,37.93,住,,,1021210,土地2建物1車位0,三層,三層,公寓(5樓含以下無電梯),見其他登記事項,鋼筋混凝土造,1021011,78.19,3,2,2,有,無,3500000,44763,,0.0,0,,RPWPMLRLJHJFFAW57CA
金湖鎮,房地(土地+建物),金門縣金湖鎮湖前331~360號,45.41,住,,,1021210,土地2建物1車位0,一層,三層,公寓(5樓含以下無電梯),見其他登記事項,鋼筋混凝土造,1021011,87.31,3,2,2,有,無,3300000,37796,,0.0,0,,RPXPMLRLJHJFFAW67CA
金湖鎮,房地(土地+建物),金門縣金湖鎮湖前331~360號,45.41,住,,,1021210,土地2建物1車位0,二層,三層,公寓(5樓含以下無電梯),見其他登記事項,鋼筋混凝土造,1021011,91.07,3,2,2,有,無,3100000,34040,,0.0,0,,RPOQMLRLJHJFFAW86CA
金湖鎮,房地(土地+建物),金門縣金湖鎮塔后511~540號,120.3,其他,,,1021211,土地1建物1車位0,全,三層,透天厝,住家用,鋼筋混凝土造,0960530,217.75,5,2,4,有,無,10000000,45924,,0.0,0,,RPRNMLQJJHJFFAW56CA
金沙鎮,房地(土地+建物),金門縣金沙鎮太武社區61~90號,105.0,其他,,,1021226,土地1建物1車位0,全,二層,透天厝,住家用,鋼筋混凝土造,0880806,196.36,4,1,4,有,無,4700000,23936,,0.0,0,,RPSOMLQJJHJFFAW86DA
金沙鎮,土地,沙港劃段661~690地號,1000.06,農,,,1021223,土地1建物0車位0,,,其他,,,,0.0,0,0,0,有,無,4800000,4800,,0.0,0,,RPUNMLNJJHJFFAW66DA
金湖鎮,房地(土地+建物),金門縣金湖鎮湖前331~360號,45.41,住,,,1021210,土地2建物1車位0,三層,三層,公寓(5樓含以下無電梯),見其他登記事項,鋼筋混凝土造,1021011,91.07,3,2,2,有,無,3200000,35138,,0.0,0,,RPQQMLRLJHJFFAW07CA
金寧鄉,房地(土地+建物),金門縣金寧鄉環島西路二段485巷2弄1~30號,153.25,其他,,,1021205,土地1建物1車位0,一層，二層，三層,三層,農舍,農舍,鋼筋混凝土造,1020917,166.12,2,3,3,有,無,8420000,,,0.0,0,,RPTPMLTLJHJFFAW47CA
金寧鄉,房地(土地+建物),金門縣金寧鄉環島西路二段485巷2弄1~30號,153.25,其他,,,1021202,土地1建物1車位0,一層，二層，三層,三層,農舍,農舍,鋼筋混凝土造,1020917,166.12,6,3,3,有,無,10600000,,,0.0,0,,RPOPMLTLJHJFFAW96CA
金寧鄉,房地(土地+建物),金門縣金寧鄉環島西路二段485巷2弄1~30號,153.26,其他,,,1021202,土地1建物1車位0,一層，二層，三層,三層,農舍,農舍,鋼筋混凝土造,1020917,166.12,6,3,3,有,無,11600000,,,0.0,0,,RPQPMLTLJHJFFAW17CA
金寧鄉,土地,寧湖二劃測段1381~1410地號,507.97,農,,,1021220,土地1建物0車位0,,,其他,,,,0.0,0,0,0,有,無,3500000,6890,,0.0,0,,RPQNMLQJJHJFFAW09CA
金湖鎮,土地,塔后段1021~1050地號,120.67,住,,,1021223,土地1建物0車位0,,,其他,,,,0.0,0,0,0,有,無,2200000,18232,,0.0,0,,RPSNMLQKJHJFFAW76CA
金湖鎮,土地,塔后段1021~1050地號,120.67,住,,,1021223,土地1建物0車位0,,,其他,,,,0.0,0,0,0,有,無,2200000,18232,,0.0,0,,RPQNMLQKJHJFFAW56CA
金城鎮,土地,祥瑞段781~810地號,561.54,其他,,,1021211,土地12建物0車位0,,,其他,,,,0.0,0,0,0,有,無,12000000,21370,,0.0,0,,RPSOMLRLJHJFFAW17DA
金沙鎮,土地,北八劃段391~420地號,1000.0,農,,,1021218,土地1建物0車位0,,,其他,,,,0.0,0,0,0,有,無,3760000,3760,,0.0,0,,RPRNMLRJJHJFFAW66CA
金湖鎮,土地,新頭段721~750地號,511.06,住,,,1021230,土地2建物0車位0,,,其他,,,,0.0,0,0,0,有,無,8952457,17517,,0.0,0,,RPPOMLSLJHJFFAW86CA
金寧鄉,土地,東洲段421~450地號,750.74,其他,,,1030103,土地1建物0車位0,,,其他,,,,0.0,0,0,0,有,無,2000000,2664,,0.0,0,,RPQNMLRJJHJFFAW66DA
金寧鄉,土地,湖尾村段241~270地號,10.0,其他,,,1021231,土地1建物0車位0,,,其他,,,,0.0,0,0,0,有,無,100000,10000,,0.0,0,,RPRNMLTJJHJFFAW96DA
金寧鄉,土地,安西劃段181~210地號,1025.2,其他,,,1021228,土地1建物0車位0,,,其他,,,,0.0,0,0,0,有,無,17000000,16582,,0.0,0,,RPPNMLSJJHJFFAW56CA
金城鎮,土地,舊金城段961~990地號,120.0,其他,,,1021218,土地1建物0車位0,,,其他,,,,0.0,0,0,0,有,無,180000,1500,,0.0,0,,RPQNMLSJJHJFFAW66CA
金寧鄉,房地(土地+建物),金門縣金寧鄉埔邊121~150號,76.7,住,,,1030103,土地1建物1車位0,全,三層,透天厝,見其他登記事項,鋼筋混凝土造,1020726,143.52,5,3,5,有,無,8450000,58877,,0.0,0,,RPUNMLNKJHJFFAW66CA
金寧鄉,房地(土地+建物),金門縣金寧鄉埔邊121~150號,69.7,住,,,1030103,土地1建物1車位0,全,三層,透天厝,見其他登記事項,鋼筋混凝土造,1020726,140.76,5,4,5,有,無,8300000,58966,,0.0,0,,RPVNMLNKJHJFFAW76CA
金寧鄉,房地(土地+建物),金門縣金寧鄉埔邊121~150號,95.8,住,,,1030103,土地1建物1車位0,全,三層,透天厝,見其他登記事項,鋼筋混凝土造,1020726,159.04,5,4,5,有,無,8700000,54703,,0.0,0,,RPWNMLNKJHJFFAW86CA
金湖鎮,房地(土地+建物),金門縣金湖鎮復興路1~30號,28.5,住,,,1021225,土地1建物1車位0,五層,五層,公寓(5樓含以下無電梯),住家用,鋼筋混凝土造,0870217,102.83,3,2,2,有,無,4800000,46679,,0.0,0,,RPPNMLLKJHJFFAW58CA
金湖鎮,土地,湖前段361~390地號,59.8,住,,,1021210,土地2建物0車位0,,,其他,,,,0.0,0,0,0,有,無,5400000,90301,,0.0,0,含建物一棟面積143.68平方公尺,RPOOMLTLJHJFFAW96DA
金湖鎮,土地,湖前段361~390地號,63.55,住,,,1021210,土地2建物0車位0,,,其他,,,,0.0,0,0,0,有,無,5400000,84972,,0.0,0,含建物一棟面積146.71平方公尺,RPROMLTLJHJFFAW27DA
金湖鎮,土地,中六劃段121~150地號,820.0,其他,,,1021217,土地1建物0車位0,,,其他,,,,0.0,0,0,0,有,無,9600000,11707,,0.0,0,,RPTNMLOKJHJFFAW66CA
金沙鎮,土地,高坑劃測段421~450地號,925.42,農,,,1021220,土地2建物0車位0,,,其他,,,,0.0,0,0,0,有,無,5280000,5706,,0.0,0,,RPVNMLOKJHJFFAW86CA
金沙鎮,土地,官嶼劃段31~60地號,1333.33,農,,,1030106,土地5建物0車位0,,,其他,,,,0.0,0,0,0,有,無,3000000,2250,,0.0,0,,RPOOMLNKJHJFFAW78CA
金寧鄉,土地,煙墩段1081~1110地號,922.54,其他,,,1021227,土地1建物0車位0,,,其他,,,,0.0,0,0,0,有,無,9220000,9994,,0.0,0,,RPUNMLTJJHJFFAW17CA
金城鎮,土地,中一段511~540地號,34.08,其他,,,1021210,土地2建物0車位0,,,其他,,,,0.0,0,0,0,有,無,511200,15000,,0.0,0,,RPPNMLTJJHJFFAW66CA
金城鎮,土地,中一段511~540地號,620.23,其他,,,1021210,土地2建物0車位0,,,其他,,,,0.0,0,0,0,有,無,9303450,15000,,0.0,0,,RPQNMLTJJHJFFAW76CA
金寧鄉,土地,寧安二劃段271~300地號,667.0,農,,,1021226,土地1建物0車位0,,,其他,,,,0.0,0,0,0,有,無,2000000,2999,,0.0,0,,RPSNMLTJJHJFFAW96CA
金城鎮,土地,城南段211~240地號,132.38,住,,,1021204,土地3建物0車位0,,,其他,,,,0.0,0,0,0,有,無,11000000,83094,,0.0,0,,RPTNMLTJJHJFFAW07CA
金沙鎮,土地,北九十劃段571~600地號,500.27,農,,,1021227,土地1建物0車位0,,,其他,,,,0.0,0,0,0,有,無,1500000,2998,,0.0,0,,RPQNMLLKJHJFFAW68CA
金城鎮,土地,前水頭段571~600地號,206.0,其他,,,1021225,土地1建物0車位0,,,其他,,,,0.0,0,0,0,有,無,5150000,25000,,0.0,0,,RPRNMLLKJHJFFAW78CA
金寧鄉,土地,中一段151~180地號,1219.35,住,,,1021211,土地2建物0車位0,,,其他,,,,0.0,0,0,0,有,無,11000000,9021,,0.0,0,,RPWNMLRJKHJFFAW37DA
金寧鄉,土地,青山段1141~1170地號,1166.44,農,,,1021231,土地1建物0車位0,,,其他,,,,0.0,0,0,0,有,無,8000000,6858,,0.0,0,,RPPNMLNKJHJFFAW98EA
金寧鄉,土地,安西劃段931~960地號,646.24,農,,,1030109,土地1建物0車位0,,,其他,,,,0.0,0,0,0,有,無,2600000,4023,,0.0,0,,RPPOMLTLJHJFFAW07DA
金湖鎮,土地,塔后段1~30地號,519.4,其他,,,1021231,土地1建物0車位0,,,其他,,,,0.0,0,0,0,有,無,2700000,5198,,0.0,0,,RPOOMLRLJHJFFAW76DA
金寧鄉,土地,北四劃段541~570地號,733.0,農,,,1021218,土地1建物0車位0,,,其他,,,,0.0,0,0,0,有,無,3811600,5200,,0.0,0,,RPTPMLNLJHJFFAW96DA
金沙鎮,土地,沙溪一劃段301~330地號,933.0,農,,,1021024,土地1建物0車位0,,,其他,,,,0.0,0,0,0,有,無,3300000,3537,,0.0,0,,RPRNMLPKJHJFFAW56CA
金湖鎮,土地,中四劃段391~420地號,798.0,農,,,1020329,土地1建物0車位0,,,其他,,,,0.0,0,0,0,有,無,3192000,4000,,0.0,0,,RPQNMLLLJHJFFAW78CA
金湖鎮,土地,中四劃段331~360地號,357.0,農,,,1021004,土地1建物0車位0,,,其他,,,,0.0,0,0,0,有,無,1200000,3361,,0.0,0,,RPSNMLLLJHJFFAW98CA
金湖鎮,土地,太湖劃測段331~360地號,1054.04,工,,,1021212,土地1建物0車位0,,,其他,,,,0.0,0,0,0,有,無,12000000,11385,,0.0,0,,RPRNMLRKJHJFFAW76CA
金寧鄉,房地(土地+建物),金門縣金寧鄉頂埔下1~30號,48.65,其他,,,1021231,土地2建物1車位0,二層,三層,公寓(5樓含以下無電梯),見其他登記事項,鋼筋混凝土造,1021025,108.69,3,2,2,有,無,4700000,43242,,0.0,0,,RPSPMLTLJHJFFAW37CA
金城鎮,土地,古塔段1~30地號,316.08,住,,,1021219,土地1建物0車位0,,,其他,,,,0.0,0,0,0,有,無,1160000,3670,,0.0,0,,RPOOMLLKKHJFFAW68CA
金寧鄉,土地,寧安四劃段391~420地號,353.0,農,,,1030103,土地1建物0車位0,,,其他,,,,0.0,0,0,0,有,無,385000,1091,,0.0,0,,RPTNMLSLJHJFFAW17CA
金寧鄉,房地(土地+建物),金門縣金寧鄉榜林31~60號,14.98,其他,,,1021231,土地2建物1車位0,三層,三層,套房(1房1廳1衛),見其他登記事項,鋼筋混凝土造,1020318,28.58,1,1,1,有,無,1950000,68230,,0.0,0,,RPSPMLNLJHJFFAW76CA
金湖鎮,土地,漁村段391~420地號,377.24,住,,,1021225,土地1建物0車位0,,,其他,,,,0.0,0,0,0,有,無,5550000,14712,,0.0,0,,RPROMLRKJHJFFAW86CA
金寧鄉,房地(土地+建物),金門縣金寧鄉下埔下91~120號,76.08,住,,,1030112,土地1建物1車位0,二層,三層,公寓(5樓含以下無電梯),見其他登記事項,鋼筋混凝土造,1000711,131.69,3,2,2,有,無,7100000,53914,,0.0,0,,RPQNMLKLJHJFFAW68CA
金沙鎮,土地,沙東劃段301~330地號,2000.17,農,,,1030102,土地2建物0車位0,,,其他,,,,0.0,0,0,0,有,無,6000000,3000,,0.0,0,,RPQNMLRKJHJFFAW66CA
金湖鎮,房地(土地+建物),金門縣金湖鎮武德新莊121~150號,27.74,住,,,1021119,土地1建物1車位0,一層,五層,公寓(5樓含以下無電梯),見其他登記事項,鋼筋混凝土造,0930510,124.55000000000001,3,2,2,有,無,4000000,32116,,0.0,0,,RPRNMLKLJHJFFAW78CA
烈嶼鄉,土地,東面山測段181~210地號,242.4,農,,,1030110,土地1建物0車位0,,,其他,,,,0.0,0,0,0,有,無,600000,2475,,0.0,0,,RPSNMLKLJHJFFAW88CA
金城鎮,土地,金門城段241~270地號,1444.0,農,,,1021226,土地2建物0車位0,,,其他,,,,0.0,0,0,0,有,無,9000000,6233,,0.0,0,,RPTNMLKLJHJFFAW98CA
金城鎮,土地,金門城段241~270地號,1241.0,其他,,,1021226,土地3建物0車位0,,,其他,,,,0.0,0,0,0,有,無,24000000,19339,,0.0,0,,RPUNMLKLJHJFFAW09CA
金寧鄉,土地,長寮段571~600地號,50.01,住,,,1030107,土地1建物0車位0,,,其他,,,,0.0,0,0,0,有,無,1000000,19996,,0.0,0,,RPVNMLSLJHJFFAW37CA
金沙鎮,土地,斗門劃測段631~660地號,1586.37,農,,,1030115,土地1建物0車位0,,,其他,,,,0.0,0,0,0,有,無,7600000,4791,,0.0,0,,RPPNMLKLJHJFFAW68DA
金城鎮,土地,祥瑞段781~810地號,1013.19,其他,,,1021231,土地4建物0車位0,,,其他,,,,0.0,0,0,0,有,無,25856600,25520,,0.0,0,,RPPNMLLLJHJFFAW78DA
金城鎮,土地,祥瑞段781~810地號,96.0,住,,,1021231,土地8建物0車位0,,,其他,,,,0.0,0,0,0,有,無,2450000,25521,,0.0,0,,RPRNMLLLJHJFFAW98DA
金湖鎮,土地,尚義段1051~1080地號,357.0,其他,,,1030114,土地1建物0車位0,,,其他,,,,0.0,0,0,0,有,無,4000000,11204,,0.0,0,,RPTNMLLLJHJFFAW56DA
金湖鎮,土地,小徑段61~90地號,91.14,農,,,1021216,土地1建物0車位0,,,其他,,,,0.0,0,0,0,有,無,123039,1350,,0.0,0,,RPUNMLLLJHJFFAW66DA
金湖鎮,土地,小徑段61~90地號,6.5,農,,,1021216,土地1建物0車位0,,,其他,,,,0.0,0,0,0,有,無,8775,1350,,0.0,0,,RPVNMLLLJHJFFAW76DA
金湖鎮,土地,小徑段61~90地號,6.0,農,,,1021216,土地1建物0車位0,,,其他,,,,0.0,0,0,0,有,無,8100,1350,,0.0,0,,RPWNMLLLJHJFFAW86DA
金湖鎮,土地,小徑段61~90地號,43.2,農,,,1021216,土地1建物0車位0,,,其他,,,,0.0,0,0,0,有,無,58320,1350,,0.0,0,,RPXNMLLLJHJFFAW96DA
金湖鎮,土地,小徑段61~90地號,33.5,農,,,1021216,土地1建物0車位0,,,其他,,,,0.0,0,0,0,有,無,45225,1350,,0.0,0,,RPPNMLNLJHJFFAW98DA
金湖鎮,土地,小徑段61~90地號,44.0,農,,,1021216,土地1建物0車位0,,,其他,,,,0.0,0,0,0,有,無,59400,1350,,0.0,0,,RPQNMLNLJHJFFAW09DA
金湖鎮,土地,小徑段61~90地號,45.0,農,,,1021216,土地1建物0車位0,,,其他,,,,0.0,0,0,0,有,無,60750,1350,,0.0,0,,RPRNMLNLJHJFFAW56DA
金湖鎮,土地,小徑段61~90地號,31.0,農,,,1021216,土地1建物0車位0,,,其他,,,,0.0,0,0,0,有,無,41850,1350,,0.0,0,,RPSNMLNLJHJFFAW66DA
金寧鄉,土地,寧安二劃段451~480地號,700.01,農,,,1021210,土地2建物0車位0,,,其他,,,,0.0,0,0,0,有,無,700000,1000,,0.0,0,,RPSNMLTLJHJFFAW17CA
金湖鎮,土地,料羅段1231~1260地號,135.0,其他,,,1030113,土地1建物0車位0,,,其他,,,,0.0,0,0,0,有,無,1540000,11407,,0.0,0,,RPUNMLMLJHJFFAW66CA
金寧鄉,土地,青山段91~120地號,2448.75,農,,,1030112,土地4建物0車位0,,,其他,,,,0.0,0,0,0,有,無,4700000,1919,,0.0,0,,RPQPMLNLJHJFFAW56CA
金城鎮,土地,小西門劃測段2011~2040地號,148.32,住,,,1030101,土地1建物0車位0,,,其他,,,,0.0,0,0,0,有,無,1000000,6742,,0.0,0,,RPTNMLSKKHJFFAW27DA
烈嶼鄉,土地,西方劃測段121~150地號,1450.0,其他,,,1021205,土地1建物0車位0,,,其他,,,,0.0,0,0,0,有,無,4230000,2917,,0.0,0,,RPSOMLTLJHJFFAW37DA
金寧鄉,房地(土地+建物),金門縣金寧鄉湖埔村頂埔下1~30號,19.79,其他,,,1021225,土地2建物1車位0,三層,三層,套房(1房1廳1衛),見其他登記事項,鋼筋混凝土造,1021025,44.03,1,1,1,有,無,2150000,48830,,0.0,0,,RPQNMLRLJHJFFAW86DA
金寧鄉,土地,寧湖二劃測段1201~1230地號,440.82,農,,,1030106,土地1建物0車位0,,,其他,,,,0.0,0,0,0,有,無,1460000,3312,,0.0,0,,RPRNMLOLJHJFFAW56CA
金湖鎮,土地,峰上段931~960地號,331.0,其他,,,1030109,土地2建物0車位0,,,其他,,,,0.0,0,0,0,有,無,4500000,13595,,0.0,0,,RPQPMLOLJHJFFAW66CA
金寧鄉,土地,西堡劃測段421~450地號,1314.44,其他,,,1021210,土地2建物0車位0,,,其他,,,,0.0,0,0,0,有,無,600000,456,,0.0,0,,RPPNMLTLJHJFFAW86CA
金寧鄉,土地,北四劃段541~570地號,733.0,農,,,1030120,土地1建物0車位0,,,其他,,,,0.0,0,0,0,有,無,5277600,7200,,0.0,0,,RPUPMLNLJHJFFAW07DA
金沙鎮,土地,英坑段331~360地號,1257.14,農,,,1030117,土地2建物0車位0,,,其他,,,,0.0,0,0,0,有,無,2500000,1989,,0.0,0,,RPOPMLOLJHJFFAW56DA
金城鎮,房地(土地+建物),金門縣金寧鄉珠浦北路1~30號,68.31,住,,,1021230,土地2建物1車位0,全,一層,透天厝,住家用,鋼筋混凝土加強磚造,0000101,58.23,2,1,1,有,無,2500000,42933,,0.0,0,親友、員工或其他特殊關係間之交易。;親友間買賣,RPORMLRLJHJFFAW96CA
金寧鄉,土地,寧劃段1501~1530地號,2303.02,農,,,1030103,土地8建物0車位0,,,其他,,,,0.0,0,0,0,有,無,10000000,4342,,0.0,0,,RPQNMLSLJHJFFAW86CA
金寧鄉,房地(土地+建物),金門縣金寧鄉榜林31~60號,20.28,其他,,,1021231,土地2建物1車位0,一層,三層,套房(1房1廳1衛),見其他登記事項,鋼筋混凝土造,1020318,36.230000000000004,1,1,1,有,無,2300000,63483,,0.0,0,,RPUNMLMKKHJFFAW66CA
金寧鄉,房地(土地+建物),金門縣金寧鄉榜林31~60號,20.28,其他,,,1021231,土地2建物1車位0,三層,三層,套房(1房1廳1衛),見其他登記事項,鋼筋混凝土造,1020318,40.06999999999999,1,1,1,有,無,2300000,57400,,0.0,0,,SPUNMLMKKHJFFAW76CA
金寧鄉,房地(土地+建物),金門縣金寧鄉榜林31~60號,17.12,其他,,,1021231,土地2建物1車位0,一層,三層,套房(1房1廳1衛),見其他登記事項,鋼筋混凝土造,1020318,31.509999999999998,1,1,1,有,無,1900000,60298,,0.0,0,,TPUNMLMKKHJFFAW86CA
金寧鄉,房地(土地+建物),金門縣金寧鄉榜林31~60號,17.12,其他,,,1021231,土地2建物1車位0,三層,三層,套房(1房1廳1衛),見其他登記事項,鋼筋混凝土造,1020318,31.509999999999998,1,1,1,有,無,1900000,60298,,0.0,0,,UPUNMLMKKHJFFAW96CA
金寧鄉,房地(土地+建物),金門縣金寧鄉榜林31~60號,15.02,其他,,,1021231,土地2建物1車位0,一層,三層,套房(1房1廳1衛),見其他登記事項,鋼筋混凝土造,1020318,28.650000000000002,1,1,1,有,無,1900000,66318,,0.0,0,,VPUNMLMKKHJFFAW07CA
金寧鄉,房地(土地+建物),金門縣金寧鄉榜林31~60號,15.02,其他,,,1021231,土地2建物1車位0,三層,三層,套房(1房1廳1衛),見其他登記事項,鋼筋混凝土造,1020318,28.650000000000002,1,1,1,有,無,1900000,66318,,0.0,0,,WPUNMLMKKHJFFAW17CA
金寧鄉,房地(土地+建物),金門縣金寧鄉榜林31~60號,15.24,其他,,,1021231,土地2建物1車位0,一層,三層,套房(1房1廳1衛),見其他登記事項,鋼筋混凝土造,1020318,29.16,1,1,1,有,無,1900000,65158,,0.0,0,,XPUNMLMKKHJFFAW27CA
金寧鄉,房地(土地+建物),金門縣金寧鄉榜林31~60號,15.24,其他,,,1021231,土地2建物1車位0,三層,三層,套房(1房1廳1衛),見其他登記事項,鋼筋混凝土造,1020318,29.16,1,1,1,有,無,1900000,65158,,0.0,0,,YPUNMLMKKHJFFAW37CA
金寧鄉,房地(土地+建物),金門縣金寧鄉榜林31~60號,20.84,其他,,,1021231,土地2建物1車位0,一層,三層,套房(1房1廳1衛),見其他登記事項,鋼筋混凝土造,1020318,37.47,1,1,1,有,無,2300000,61382,,0.0,0,,ZPUNMLMKKHJFFAW47CA
金寧鄉,房地(土地+建物),金門縣金寧鄉榜林31~60號,20.84,其他,,,1021231,土地2建物1車位0,三層,三層,套房(1房1廳1衛),見其他登記事項,鋼筋混凝土造,1020318,41.199999999999996,1,1,1,有,無,2300000,55825,,0.0,0,,QQUNMLMKKHJFFAW66CA
金寧鄉,房地(土地+建物),金門縣金寧鄉榜林31~60號,17.12,其他,,,1021231,土地2建物1車位0,一層,三層,套房(1房1廳1衛),見其他登記事項,鋼筋混凝土造,1020318,31.509999999999998,1,1,1,有,無,1900000,60298,,0.0,0,,RQUNMLMKKHJFFAW76CA
金寧鄉,房地(土地+建物),金門縣金寧鄉榜林31~60號,17.12,其他,,,1021231,土地2建物1車位0,三層,三層,套房(1房1廳1衛),見其他登記事項,鋼筋混凝土造,1020318,31.509999999999998,1,1,1,有,無,1900000,60298,,0.0,0,,SQUNMLMKKHJFFAW86CA
金寧鄉,房地(土地+建物),金門縣金寧鄉榜林31~60號,14.98,其他,,,1021231,土地2建物1車位0,一層,三層,套房(1房1廳1衛),見其他登記事項,鋼筋混凝土造,1020318,28.58,1,1,1,有,無,1900000,66480,,0.0,0,,TQUNMLMKKHJFFAW96CA
金寧鄉,土地,寧湖一劃段331~360地號,223.36,其他,,,1021231,土地1建物0車位0,,,其他,,,,0.0,0,0,0,有,無,2000000,8954,,0.0,0,,RPPQMLRLJHJFFAW96CA
金城鎮,土地,祥瑞段271~300地號,139.74,其他,,,1021230,土地2建物0車位0,,,其他,,,,0.0,0,0,0,有,無,2000000,14312,,0.0,0,(包含)公共設施保留地之交易。;公共設施保留地之交易。,RPPNMLLLKHJFFAW78CA
金寧鄉,土地,寧古劃段511~540地號,1000.0,其他,,,1030113,土地2建物0車位0,,,其他,,,,0.0,0,0,0,有,無,3600000,3600,,0.0,0,,RPWNMLSLJHJFFAW47CA
金寧鄉,土地,龍潭段331~360地號,124.75,其他,,,1021225,土地1建物0車位0,,,其他,,,,0.0,0,0,0,有,無,200000,1603,,0.0,0,,RPXNMLSLJHJFFAW57CA
金湖鎮,土地,多年段991~1020地號,600.87,其他,,,1030106,土地2建物0車位0,,,其他,,,,0.0,0,0,0,有,無,7100000,11816,,0.0,0,,RPUNMLSLJHJFFAW27CA
金寧鄉,土地,寧湖二劃測段1141~1170地號,348.56,農,,,1030110,土地1建物0車位0,,,其他,,,,0.0,0,0,0,有,無,1600000,4590,,0.0,0,,RPWQMLRLJHJFFAW67CA
金沙鎮,土地,北九劃段721~750地號,5561.62,農,,,1030108,土地8建物0車位0,,,其他,,,,0.0,0,0,0,有,無,20000000,3596,,0.0,0,,RPXQMLRLJHJFFAW77CA
金寧鄉,土地,中山林段301~330地號,93.79,其他,,,1030114,土地1建物0車位0,,,其他,,,,0.0,0,0,0,有,無,1772631,18900,,0.0,0,,RPQOMLRLJHJFFAW96DA
金沙鎮,土地,斗門劃測段361~390地號,808.34,農,,,1030113,土地1建物0車位0,,,其他,,,,0.0,0,0,0,有,無,3000000,3711,,0.0,0,,RPXNMLTLJHJFFAW77DA
金寧鄉,土地,東洲段301~330地號,4978.88,農,,,1030121,土地1建物0車位0,,,其他,,,,0.0,0,0,0,有,無,32362720,6500,,0.0,0,,RPSNMLLLKHJFFAW56DA
金寧鄉,土地,東洲段31~60地號,1021.12,農,,,1030121,土地1建物0車位0,,,其他,,,,0.0,0,0,0,有,無,6637280,6500,,0.0,0,,RPUNMLLLKHJFFAW76DA
金寧鄉,房地(土地+建物),金門縣金寧鄉榜林31~60號,15.02,其他,,,1021231,土地2建物1車位0,二層,三層,套房(1房1廳1衛),見其他登記事項,鋼筋混凝土造,1020318,28.650000000000002,1,1,1,有,無,1900000,66318,,0.0,0,,RPRNMLMKKHJFFAW98CA
金寧鄉,房地(土地+建物),金門縣金寧鄉榜林31~60號,15.24,其他,,,1021231,土地2建物1車位0,二層,三層,套房(1房1廳1衛),見其他登記事項,鋼筋混凝土造,1020318,29.16,1,1,1,有,無,1900000,65158,,0.0,0,,SPRNMLMKKHJFFAW09CA
金寧鄉,房地(土地+建物),金門縣金寧鄉榜林31~60號,20.84,其他,,,1021231,土地2建物1車位0,二層,三層,套房(1房1廳1衛),見其他登記事項,鋼筋混凝土造,1020318,41.199999999999996,1,1,1,有,無,2300000,55825,,0.0,0,,TPRNMLMKKHJFFAW56CA
金湖鎮,土地,太湖劃測段241~270地號,1003.42,其他,,,1021231,土地1建物0車位0,,,其他,,,,0.0,0,0,0,有,無,8200000,8172,,0.0,0,,RPRNMLSLJHJFFAW96CA
金寧鄉,土地,寧湖三劃段31~60地號,1000.0,農,,,1030116,土地1建物0車位0,,,其他,,,,0.0,0,0,0,有,無,6500000,6500,,0.0,0,,RPSNMLSLJHJFFAW07CA
金湖鎮,土地,漁村段481~510地號,553.87,其他,,,1021228,土地1建物0車位0,,,其他,,,,0.0,0,0,0,有,無,1000000,1805,,0.0,0,,RPPNMLQLKHJFFAW66CA
金沙鎮,土地,沙港劃段451~480地號,1000.02,農,,,1030127,土地1建物0車位0,,,其他,,,,0.0,0,0,0,有,無,4500000,4500,,0.0,0,,RPSNMLRJKHJFFAW86CA
金寧鄉,房地(土地+建物),金門縣金寧鄉下堡91~120號,11.1,住,,,1021230,土地1建物1車位0,一層,三層,套房(1房1廳1衛),見其他登記事項,鋼筋混凝土造,1021120,31.630000000000003,1,1,1,有,無,1648000,52102,,0.0,0,,RPQOMLOLKHJFFAW66CA
金寧鄉,房地(土地+建物),金門縣金寧鄉下堡91~120號,11.1,住,,,1021230,土地1建物1車位0,二層,三層,套房(1房1廳1衛),見其他登記事項,鋼筋混凝土造,1021120,31.630000000000003,1,1,1,有,無,1632000,51597,,0.0,0,,RPUOMLOLKHJFFAW07CA
金寧鄉,房地(土地+建物),金門縣金寧鄉下堡91~120號,50.5,住,,,1021230,土地1建物1車位0,二層,三層,公寓(5樓含以下無電梯),見其他登記事項,鋼筋混凝土造,1021120,142.49,4,4,4,有,無,5610000,39371,,0.0,0,,RPXNMLOLKHJFFAW27CA
金寧鄉,房地(土地+建物),金門縣金寧鄉下堡91~120號,12.39,住,,,1021230,土地1建物1車位0,一層,三層,套房(1房1廳1衛),見其他登記事項,鋼筋混凝土造,1021120,35.129999999999995,1,1,1,有,無,1833000,52178,,0.0,0,,RPRNMLRKKHJFFAW86CA
金寧鄉,房地(土地+建物)+車位,金門縣金寧鄉下堡91~120號,52.53,住,,,1021230,土地1建物1車位1,一層,三層,公寓(5樓含以下無電梯),見其他登記事項,鋼筋混凝土造,1021120,147.26,3,2,2,有,無,5194000,35271,坡道平面,26.94,0,,RPUNMLRKKHJFFAW17CA
金寧鄉,房地(土地+建物),金門縣金寧鄉下堡91~120號,11.1,住,,,1021230,土地1建物1車位0,一層,三層,套房(1房1廳1衛),見其他登記事項,鋼筋混凝土造,1021120,31.630000000000003,1,1,1,有,無,1683000,53209,,0.0,0,,RPWNMLSKKHJFFAW47CA
金城鎮,土地,庵前劃測段781~810地號,504.25,農,,,1030114,土地2建物0車位0,,,其他,,,,0.0,0,0,0,有,無,4000000,7933,,0.0,0,,RPTOMLKLKHJFFAW56CA
金城鎮,土地,祥瑞段271~300地號,96.9,其他,,,1021230,土地2建物0車位0,,,其他,,,,0.0,0,0,0,有,無,1000000,10320,,0.0,0,(包含)公共設施保留地之交易。;公共設施保留地之交易。,RPUPMLKLKHJFFAW76CA
金寧鄉,房地(土地+建物)+車位,金門縣金寧鄉下堡91~120號,52.53,住,,,1021230,土地1建物1車位1,一層,三層,公寓(5樓含以下無電梯),見其他登記事項,鋼筋混凝土造,1021120,147.26,3,2,2,有,無,5240000,35583,坡道平面,26.94,0,,RPQNMLOKKHJFFAW09CA
金寧鄉,房地(土地+建物),金門縣金寧鄉下堡91~120號,12.39,住,,,1021230,土地1建物1車位0,三層,三層,套房(1房1廳1衛),見其他登記事項,鋼筋混凝土造,1021120,35.42,1,1,1,有,無,1957000,55251,,0.0,0,,RPRNMLOKKHJFFAW56CA
金寧鄉,房地(土地+建物),金門縣金寧鄉下堡91~120號,33.3,住,,,1021230,土地1建物1車位0,一層,三層,公寓(5樓含以下無電梯),見其他登記事項,鋼筋混凝土造,1021120,94.44,3,3,3,有,無,4182000,44282,,0.0,0,,RPSNMLOKKHJFFAW66CA
金寧鄉,房地(土地+建物),金門縣金寧鄉下堡91~120號,11.1,住,,,1021230,土地1建物1車位0,三層,三層,套房(1房1廳1衛),見其他登記事項,鋼筋混凝土造,1021120,31.630000000000003,1,1,1,有,無,1734000,54821,,0.0,0,,RPVNMLOKKHJFFAW96CA
金寧鄉,房地(土地+建物)+車位,金門縣金寧鄉下堡91~120號,49.57,住,,,1021230,土地1建物1車位1,二層,三層,公寓(5樓含以下無電梯),見其他登記事項,鋼筋混凝土造,1021120,140.04,2,2,1,有,無,5350000,38203,坡道平面,26.94,0,,RPPNMLPKKHJFFAW09CA
金寧鄉,房地(土地+建物),金門縣金寧鄉下堡91~120號,42.91,住,,,1021230,土地1建物1車位0,二層,三層,公寓(5樓含以下無電梯),見其他登記事項,鋼筋混凝土造,1021120,120.57000000000001,2,2,1,有,無,5151000,42722,,0.0,0,,RPQNMLPKKHJFFAW56CA
金寧鄉,土地,西堡劃測段181~210地號,1019.59,農,,,1030115,土地1建物0車位0,,,其他,,,,0.0,0,0,0,有,無,2800000,2746,,0.0,0,,RPWNMLTLJHJFFAW57CA
金寧鄉,土地,寧安二劃段421~450地號,1000.0,農,,,1030115,土地1建物0車位0,,,其他,,,,0.0,0,0,0,有,無,3800000,3800,,0.0,0,,RPQOMLTLJHJFFAW07CA
金城鎮,房地(土地+建物),金門縣金城鎮民權路122巷5弄1~30號,100.83,住,,,1021230,土地1建物5車位0,五層，見其他登記事項,五層,華廈(10層含以下有電梯),見其他登記事項,鋼筋混凝土造,1021030,261.84,1,1,1,有,無,19800000,75619,,0.0,0,,RPQNMLSKKHJFFAW96DA
金城鎮,房地(土地+建物),金門縣金城鎮民權路122巷5弄1~30號,51.88,住,,,1021230,土地1建物1車位0,二層,五層,華廈(10層含以下有電梯),見其他登記事項,鋼筋混凝土造,1021030,114.98,1,1,1,有,無,12100000,105236,,0.0,0,,RPRNMLSKKHJFFAW07DA
金湖鎮,土地,南雄段121~150地號,321.24,其他,,,1021230,土地1建物0車位0,,,其他,,,,0.0,0,0,0,有,無,4800000,14942,,0.0,0,,RPQNMLQJKHJFFAW66DA
金城鎮,土地,金門城段991~1020地號,333.0,其他,,,1021230,土地1建物0車位0,,,其他,,,,0.0,0,0,0,有,無,6660000,20000,,0.0,0,,RPPNMLRJKHJFFAW66DA
金寧鄉,土地,湖下村段241~270地號,228.0,其他,,,1021230,土地1建物0車位0,,,其他,,,,0.0,0,0,0,有,無,5700000,25000,,0.0,0,,RPQNMLRJKHJFFAW76DA
金湖鎮,土地,石牌段181~210地號,420.47,農,,,1030116,土地1建物0車位0,,,其他,,,,0.0,0,0,0,有,無,500000,1189,,0.0,0,,RPTNMLRJKHJFFAW07DA
金湖鎮,土地,石牌段121~150地號,386.19,農,,,1020914,土地1建物0車位0,,,其他,,,,0.0,0,0,0,有,無,500000,1295,,0.0,0,,RPUNMLRJKHJFFAW17DA
烈嶼鄉,土地,烈濱劃測段151~180地號,1290.46,農,,,1030128,土地3建物0車位0,,,其他,,,,0.0,0,0,0,有,無,4000000,3100,,0.0,0,,RPVNMLRJKHJFFAW27DA
金城鎮,土地,北一段61~90地號,500.14,農,,,1030123,土地1建物0車位0,,,其他,,,,0.0,0,0,0,有,無,4750000,9497,,0.0,0,,RPQNMLPJKHJFFAW56DA
金城鎮,土地,中一段421~450地號,988.52,農,,,1030116,土地4建物0車位0,,,其他,,,,0.0,0,0,0,有,無,30000000,30348,,0.0,0,,RPSNMLRLKHJFFAW17DA
金寧鄉,房地(土地+建物),金門縣金寧鄉下堡91~120號,11.1,住,,,1021230,土地1建物1車位0,二層,三層,套房(1房1廳1衛),見其他登記事項,鋼筋混凝土造,1021120,32.14,1,1,1,有,無,1630000,50716,,0.0,0,,RPQNMLRKKHJFFAW76CA
金城鎮,土地,延平段541~570地號,117.99,農,,,1021230,土地2建物0車位0,,,其他,,,,0.0,0,0,0,有,無,1500000,12713,,0.0,0,親友、員工或其他特殊關係間之交易。;親友間之交易。,RPVPMLKLKHJFFAW86CA
金寧鄉,房地(土地+建物),金門縣金寧鄉下堡91~120號,12.39,住,,,1021230,土地1建物1車位0,三層,三層,套房(1房1廳1衛),見其他登記事項,鋼筋混凝土造,1021120,35.129999999999995,1,1,1,有,無,1795200,51102,,0.0,0,,RPPOMLOLKHJFFAW56CA
金湖鎮,土地,夏興段361~390地號,581.92,其他,,,1021223,土地1建物0車位0,,,其他,,,,0.0,0,0,0,有,無,8728800,15000,,0.0,0,,RPPNMLQJKHJFFAW09CA
