﻿編號,屋齡,建物移轉面積平方公尺,主要用途,主要建材,建築完成日期,總層數,建物分層
The serial number,room age,building shifting area square meter,the main use,main building materials,construction completes the date,total layer,building lamination
RPVNMLLJJILFFBE87CC,28,107.18,,鋼筋混凝土造,77年6月14日,七層,
RPOOMLLJJILFFBE27CC,43,264.27,,加強磚造,62年9月13日,三層,
RPOOMLLJJILFFAE17CC,9,62.49,商業用,鋼筋混凝土造,97年1月3日,十四層,
RPOOMLLJJILFFAE17CC,9,66.27,商業用,鋼筋混凝土造,97年1月3日,十四層,
RPOOMLLJJILFFAE17CC,9,21.55,商業用,鋼筋混凝土造,97年1月3日,十四層,
RPOOMLLJJILFFAE17CC,9,6.80,商業用,鋼筋混凝土造,97年1月3日,十四層,
RPOOMLLJJILFFAE17CC,9,76.82,商業用,鋼筋混凝土造,97年1月3日,十四層,
RPSOMLLJJILFFBE67CC,2,292.21,住家用,鋼筋混凝土造,103年11月7日,十五層,
RPOPMLLJJILFFBE37CC,27,448.89,,鋼筋混凝土造,78年9月4日,十二層,
RPRNMLLJJILFFIE18CC,1,318.07,見其他登記事項,鋼筋混凝土造,104年9月30日,四層,
RPOPMLLJJILFFBE37CC,27,15.20,,鋼筋混凝土造,78年9月4日,十二層,
RPTOMLLJJILFFAE67CC,23,270.97,住家用,鋼筋混凝土造,83年1月31日,十二層,
RPTOMLLJJILFFGE38DC,34,73.01,住家用,鋼筋混凝土造,71年4月30日,五層,
RPXNMLLJJILFFEE38CC,16,130.39,商業用,見使用執照,89年8月17日,一層,
RPPNMLLJJILFFAE17CC,1,82.42,住家用,鋼筋混凝土造,104年7月31日,十五層,
RPVOMLMJJILFFAE97CC,11,123.29,住家用,鋼筋混凝土造,94年8月2日,十四層,
RPXOMLMJJILFFAE18CC,25,101.67,商業用,鋼筋混凝土造,80年5月8日,十二層,
RPXOMLMJJILFFAE18CC,25,38.84,見使用執照,鋼筋混凝土造,80年5月8日,十二層,
RPOOMLMJJILFFLE48DC,25,142.27,住家用,鋼筋混凝土造,81年1月15日,三層,
RPWOMLMJJILFFDE38CC,35,77.46,,鋼筋混凝土造,71年2月9日,四層,
RPTNMLMJJILFFBE77CC,20,144.28,住家用,鋼筋混凝土造,86年4月21日,三十五層,
RPXNMLMJJILFFBE18CC,47,47.39,,鋼筋混凝土造,58年7月4日,五層,
RPXNMLMJJILFFBE18CC,47,47.39,,鋼筋混凝土造,58年7月4日,五層,
RPPOMLMJJILFFBE47CC,49,156.92,,加強磚造,56年6月2日,三層,
RPQOMLMJJILFFBE57CC,29,141.59,,鋼筋混凝土造,77年2月9日,十八層,
RPQOMLMJJILFFBE57CC,29,24.79,,鋼筋混凝土造,77年2月9日,十八層,
RPXOMLMJJILFFBE28CC,32,284.70,,鋼筋混凝土造,73年9月19日,七層,
RPXOMLMJJILFFBE28CC,32,13.21,,鋼筋混凝土造,73年9月19日,七層,
RPWOMLMJJILFFEE48CC,2,215.55,見其它登記事項,見其它登記事項,103年9月24日,二十三層,
RPOPMLMJJILFFEE77CC,50,114.43,,加強磚造,56年3月2日,三層,
RPOPMLMJJILFFEE77CC,38,37.04,,鋼筋混凝土造,68年3月24日,三層,
RPVOMLMJJILFFEE38CC,23,108.79,住家用,鋼筋混凝土造,82年11月16日,八層,
RPQNMLNJJILFFBE57CC,44,42.45,,鋼筋混凝土造,61年6月2日,四層,
RPWNMLNJJILFFDE38CC,30,39.15,,鋼筋混凝土造,75年6月13日,四層,
RPSOMLNJJILFFDE08CC,69,180.04,,磚造,36年8月20日,二層,
RPUNMLOJJILFFEE38CC,6,447.47,見其它登記事項,見其它登記事項,100年3月31日,四層,
RPWOMLOJJILFFDE58CC,13,213.03,住家用,鋼筋混凝土造,93年2月18日,五層,
RPWNMLNJJILFFEE48CC,11,83.62,住家用,鋼筋混凝土造,95年4月10日,十五層,
RPWNMLNJJILFFEE48CC,11,36.49,見使用執照,鋼筋混凝土造,95年4月10日,十五層,
RPUNMLOJJILFFCE18CC,14,512.78,住商用,鋼筋混凝土造,91年6月19日,十四層,
RPSNMLPJJILFFCE08CC,29,69.68,住商用,鋼筋混凝土造,77年2月22日,五層,
RPQNMLPJJILFFBE77CC,50,50.97,,加強磚造,56年1月12日,三層,
RPRNMLPJJILFFBE87CC,30,105.34,,鋼筋混凝土造,76年4月22日,七層,
RPRNMLPJJILFFBE87CC,30,26.08,,鋼筋混凝土造,76年4月22日,七層,
RPTNMLPJJILFFBE08CC,8,31.27,住家用,鋼筋混凝土造,97年9月19日,十三層,
RPTNMLPJJILFFBE08CC,8,8.45,共有部分,鋼筋混凝土造,97年9月19日,十三層,
RPRPMLNJJILFFLE88CC,42,80.67,住家用,加強磚造,63年10月21日,二層,
RPUNMLPJJILFFBE18CC,29,106.50,,鋼筋混凝土造,76年9月11日,七層,
RPUNMLPJJILFFBE18CC,29,35.69,,鋼筋混凝土造,76年9月11日,七層,
RPPNMLPJJILFFDE87CC,49,102.01,住商用,加強磚造,57年4月26日,三層,
RPTNMLPJJILFFDE28CC,42,307.32,住商用,鋼筋混凝土造,63年11月13日,四層,
RPVNMLRJJILFFFE88CC,18,266.11,商業用,鋼筋混凝土造,88年2月3日,二層,
RPPOMLRJJILFFEE28CC,10,30.23,住商用,鋼筋混凝土造,96年1月24日,四層,
RPWNMLRJJILFFFE98CC,18,273.67,商業用,鋼筋混凝土造,88年2月3日,二層,
RPRNMLRJJILFFCE18CC,19,176.99,住商用,鋼筋混凝土造,86年5月27日,二十七層,
RPRNMLRJJILFFCE18CC,19,16.46,見使用執照,鋼筋混凝土造,86年5月27日,二十七層,
RPUNMLSJJILFFCE58CC,34,58.18,住家用,鋼筋混凝土造,71年8月2日,五層,
RPUNMLSJJILFFCE58CC,34,14.36,見使用執照,鋼筋混凝土造,71年8月2日,五層,
RPXNMLSJJILFFCE88CC,36,88.03,,鋼筋混凝土造,70年1月22日,十層,
RPQNMLSJJILFFAE97CC,21,113.18,住家用,鋼筋混凝土造,84年11月6日,十七層,
RPWNMLSJJILFFAE58CC,28,30.20,,鋼筋混凝土造,77年6月6日,十二層,
RPWNMLSJJILFFAE58CC,28,10.50,,鋼筋混凝土造,77年6月6日,十二層,
RPXNMLSJJILFFBE78CC,20,94.05,住家用,鋼筋混凝土造,86年4月21日,三十五層,
RPOOMLSJJILFFBE97CC,30,132.25,住商用,鋼筋混凝土造,76年2月11日,三層,
RPOOMLSJJILFFAE87CC,12,79.96,住家用,鋼筋混凝土造,93年11月19日,四層,
RPVNMLRJJILFFEE78CC,38,117.64,,鋼筋混凝土造,68年4月11日,五層,
RPROMLSJJILFFAE18CC,3,47.77,住家用,鋼筋混凝土造,102年8月5日,二十四層,
RPSOMLSJJILFFBE38CC,35,87.20,,鋼筋混凝土造,70年12月16日,五層,
RPTOMLSJJILFFBE48CC,26,50.09,,鋼筋混凝土造,79年11月10日,十二層,
RPTOMLSJJILFFBE48CC,26,19.36,,鋼筋混凝土造,79年11月10日,十二層,
RPROMLSJJILFFFE68CC,40,90.00,住家用,加強磚造,65年5月31日,二層,
RPVOMLSJJILFFBE68CC,24,111.47,商業用,鋼筋混凝土造,82年4月1日,二十層,
RPVOMLSJJILFFBE68CC,24,7.66,見使用執照,鋼筋混凝土造,82年4月1日,二十層,
RPWOMLSJJILFFBE78CC,33,101.23,,鋼筋混凝土造,72年12月13日,十二層,
RPWOMLSJJILFFBE78CC,33,21.99,,鋼筋混凝土造,72年12月13日,十二層,
RPTNMLSJJILFFEE68CC,17,132.41,住商用,見使用執照,88年5月28日,五層,
RPQQMLSJJILFFEE68CC,24,247.93,見使用執照,鋼筋混凝土造,81年11月11日,二十四層,
RPOQMLSJJILFFEE48CC,24,247.93,見使用執照,鋼筋混凝土造,81年11月11日,二十四層,
RPSPMLSJJILFFEE78CC,18,57.61,住家用,見使用執照,88年4月14日,十三層,
RPSPMLSJJILFFEE78CC,18,19.40,見使用執照,見使用執照,88年4月14日,十三層,
RPPPMLSJJILFFEE48CC,20,114.08,商業用,鋼筋混凝土造,86年4月19日,二十二層,
RPPPMLSJJILFFEE48CC,20,22.15,見使用執照,鋼筋混凝土造,86年4月19日,二十二層,
RPOOMLSJJILFFDE18CC,28,169.44,,鋼筋混凝土造,78年3月25日,五層,
RPRQMLSJJILFFEE78CC,26,1575.77,見使用執照,鋼筋混凝土造,80年1月18日,五層,
RPPOMLSJJILFFDE28CC,33,14.25,,鋼筋混凝土造,73年5月3日,四層,
RPOOMLTJJILFFEE38CC,1,45.18,見其它登記事項,見其它登記事項,105年3月22日,十五層,
RPOOMLTJJILFFEE38CC,1,6.37,見其它登記事項,見其它登記事項,105年3月22日,十五層,
RPOOMLTJJILFFEE38CC,1,55.02,見其它登記事項,見其它登記事項,105年3月22日,十五層,
RPOQMLTJJILFFCE48DC,9,215.21,住商用,鋼筋混凝土造,96年6月8日,五層,
RPXOMLSJJILFFDE09CC,32,34.11,,鋼筋混凝土造,73年9月21日,五層,
RPWOMLSJJILFFDE98CC,29,120.67,,鋼筋混凝土造,76年12月9日,五層,
RPXPMLTJJILFFCE66DC,9,215.21,住商用,鋼筋混凝土造,96年6月8日,五層,
RPPNMLTJJILFFEE48DC,20,2735.14,見使用執照,見使用執照,86年1月9日,三層,
RPTNMLTJJILFFLE96DC,25,223.96,住商用,鋼筋混凝土造,81年4月18日,四層,
RPUNMLTJJILFFAE48CC,4,142.01,住家用,鋼筋混凝土造,102年4月9日,二十四層,
RPUNMLTJJILFFAE48CC,4,27.05,住家用,鋼筋混凝土造,102年4月9日,二十四層,
RPUNMLTJJILFFAE48CC,4,104.62,見其它登記事項,鋼筋混凝土造,102年4月9日,二十四層,
RPQPMLTJJILFFGE88CC,15,9.17,見其他登記事項,見其他登記事項,90年7月10日,七層,
RPQPMLTJJILFFGE88CC,15,274.36,見其他登記事項,見其他登記事項,90年7月10日,七層,
RPOOMLTJJILFFCE18CC,10,101.53,住商用,見其它登記事項,95年11月21日,十五層,
RPOOMLTJJILFFCE18CC,10,34.27,共有部份,見其它登記事項,95年11月21日,十五層,
RPPOMLTJJILFFCE28CC,3,108.80,住家用,鋼筋混凝土造,102年9月18日,十五層,
RPPOMLTJJILFFCE28CC,3,14.11,住家用,鋼筋混凝土造,102年9月18日,十五層,
RPPOMLTJJILFFCE28CC,3,96.96,共有部份,鋼筋混凝土造,102年9月18日,十五層,
RPQNMLKKJILFFCE47CC,2,191.91,住家用,鋼筋混凝土造,103年7月15日,二十九層,
RPQNMLKKJILFFCE47CC,2,15.14,住家用,鋼筋混凝土造,103年7月15日,二十九層,
RPQNMLKKJILFFCE47CC,2,124.97,見其它登記事項,鋼筋混凝土造,103年7月15日,二十九層,
RPQNMLKKJILFFCE47CC,2,42.22,見其它登記事項,鋼筋混凝土造,103年7月15日,二十九層,
RPWOMLTJJILFFCE98CC,1,123.88,見其它登記事項,鋼筋混凝土造,104年10月14日,十五層,
RPWOMLTJJILFFCE98CC,1,15.26,見其它登記事項,鋼筋混凝土造,104年10月14日,十五層,
RPWOMLTJJILFFCE98CC,1,54.23,見其它登記事項,鋼筋混凝土造,104年10月14日,十五層,
RPQOMLTJJILFFCE38CC,10,94.95,住家用,見其它登記事項,96年1月26日,十五層,
RPQOMLTJJILFFCE38CC,10,11.48,住家用,見其它登記事項,96年1月26日,十五層,
RPQOMLTJJILFFCE38CC,10,66.70,共有部份,見其它登記事項,96年1月26日,十五層,
RPSNMLKKJILFFCE67CC,9,115.28,住家用,鋼筋混凝土造,96年5月9日,二十七層,
RPSNMLKKJILFFCE67CC,9,18.74,住家用,鋼筋混凝土造,96年5月9日,二十七層,
RPSNMLKKJILFFCE67CC,9,84.62,共有部份,鋼筋混凝土造,96年5月9日,二十七層,
RPTNMLKKJILFFAE57CC,4,49.25,住家用,鋼筋混凝土造,101年10月25日,十五層,
RPTNMLKKJILFFAE57CC,4,4.15,住家用,鋼筋混凝土造,101年10月25日,十五層,
RPTNMLKKJILFFAE57CC,4,34.83,見其它登記事項,鋼筋混凝土造,101年10月25日,十五層,
RPTNMLKKJILFFEE97CC,10,189.57,住商用,鋼筋混凝土造,96年1月8日,四層,
RPRNMLKKJILFFEE77CC,3,50.38,住家用,鋼筋混凝土造,103年3月27日,十五層,
RPRNMLKKJILFFEE77CC,3,5.87,住家用,鋼筋混凝土造,103年3月27日,十五層,
RPRNMLKKJILFFEE77CC,3,29.12,見其它登記事項,鋼筋混凝土造,103年3月27日,十五層,
RPPOMLKKJILFFAE27CC,40,74.41,,鋼筋混凝土造,66年3月9日,八層,
RPRNMLLKJILFFDE77CC,11,86.30,住家用,鋼筋混凝土造,94年10月31日,十四層,
RPRNMLLKJILFFBE57CC,26,340.45,,鋼筋混凝土造,79年12月28日,十二層,
RPXNMLLKJILFFAE08CC,69,57.80,,加強磚造,36年10月1日,二層,
RPPOMLLKJILFFAE37CC,12,178.82,住商用,鋼筋混凝土造,93年9月1日,四層,
RPPOMLLKJILFFAE37CC,12,181.40,住商用,鋼筋混凝土造,93年9月1日,四層,
RPRNMLKKJILFFBE47CC,2,41.88,住家用,鋼筋混凝土造,104年3月6日,十四層,
RPRNMLKKJILFFBE47CC,2,11.48,住家用,鋼筋混凝土造,104年3月6日,十四層,
RPRNMLKKJILFFBE47CC,2,32.63,共有部分,鋼筋混凝土造,104年3月6日,十四層,
RPVNMLKKJILFFEE18CC,5,42.60,住商用,鋼筋混凝土造,100年12月29日,五層,
RPVNMLKKJILFFEE18CC,5,42.60,住商用,鋼筋混凝土造,100年12月29日,五層,
RPVNMLKKJILFFEE18CC,5,42.60,住商用,鋼筋混凝土造,100年12月29日,五層,
RPVNMLKKJILFFEE18CC,5,42.60,住商用,鋼筋混凝土造,100年12月29日,五層,
RPVNMLKKJILFFEE18CC,5,22.24,住商用,鋼筋混凝土造,100年12月29日,五層,
RPVNMLKKJILFFEE18CC,5,29.92,住商用,鋼筋混凝土造,100年12月29日,五層,
RPVNMLKKJILFFEE18CC,5,4.60,住商用,鋼筋混凝土造,100年12月29日,五層,
RPQNMLKKJILFFEE67CC,3,67.17,住家用,鋼筋混凝土造,103年4月29日,十三層,
RPQNMLKKJILFFEE67CC,3,10.11,住家用,鋼筋混凝土造,103年4月29日,十三層,
RPQNMLKKJILFFEE67CC,3,68.93,見其它登記事項,鋼筋混凝土造,103年4月29日,十三層,
RPSNMLMKJILFFCE87CC,25,99.78,住家用,鋼筋混凝土造,81年5月11日,三層,
RPVNMLOKJILFFAE18CC,22,45.03,商業用,鋼筋混凝土造,83年4月22日,十三層,
RPVNMLOKJILFFAE18CC,22,31.43,商業用,鋼筋混凝土造,83年4月22日,十三層,
RPVNMLOKJILFFAE18CC,22,37.56,商業用,鋼筋混凝土造,83年4月22日,十三層,
RPVNMLOKJILFFAE18CC,22,49.38,見使用執照,鋼筋混凝土造,83年4月22日,十三層,
RPUNMLOKJILFFAE08CC,13,124.19,住家用,鋼筋混凝土造,92年8月14日,十二層,
RPQOMLOKJILFFAE77CC,10,62.75,住家用,鋼筋混凝土造,96年1月31日,十五層,
RPQOMLOKJILFFAE77CC,10,29.50,見其它登記事項,鋼筋混凝土造,96年1月31日,十五層,
RPUPMLOKJILFFDE58CC,33,106.07,,鋼筋混凝土造,72年12月27日,五層,
RPXNMLOKJILFFAE38CC,35,53.57,,鋼筋混凝土造,71年2月26日,十二層,
RPXNMLOKJILFFAE38CC,35,12.28,,鋼筋混凝土造,71年2月26日,十二層,
RPTOMLOKJILFFAE08CC,8,103.17,住家用,鋼筋混凝土造,97年7月11日,十四層,
RPTOMLOKJILFFAE08CC,8,41.00,共有部分,鋼筋混凝土造,97年7月11日,十四層,
RPTNMLOKJILFFIE78CC,38,160.08,住家用,加強磚造,67年7月6日,二層,
RPVNMLOKJILFFEE58CC,18,98.98,見其它登記事項,鋼筋混凝土造,87年7月9日,五層,
RPSOMLOKJILFFGE58CC,5,49.85,見其他登記事項,鋼筋混凝土造,100年9月12日,十五層,
RPSOMLOKJILFFGE58CC,5,26.56,見其他登記事項,鋼筋混凝土造,100年9月12日,十五層,
RPRNMLOKJILFFLE88CC,33,35.28,住商用,鋼筋混凝土造,72年12月10日,四層,
RPPOMLPKJILFFIE58CC,18,79.45,住商用,鋼筋混凝土造,88年4月6日,五層,
RPSNMLPKJILFFGE58CC,18,78.74,見使用執照,鋼筋混凝土造,88年1月27日,五層,
RPSNMLPKJILFFGE58CC,18,78.74,見使用執照,鋼筋混凝土造,88年1月27日,五層,
RPOOMLPKJILFFIE48CC,18,77.78,住商用,鋼筋混凝土造,88年4月6日,五層,
RPWOMLPKJILFFGE09CC,48,92.00,住商用,加強磚造,58年1月15日,二層,
RPVNMLPKJILFFGE88CC,20,189.68,住商用,鋼筋混凝土造,85年11月30日,十九層,
RPWOMLPKJILFFEE88CC,6,108.25,商業用,鋼筋混凝土造,99年12月7日,十四層,
RPROMLPKJILFFAE97CC,12,84.76,住家用,鋼筋混凝土造,93年7月22日,十四層,
RPSNMLPKJILFFBE08CC,20,121.61,住家用,鋼筋混凝土造,86年4月21日,三十五層,
RPTNMLPKJILFFBE18CC,51,121.69,,加強磚造,54年9月24日,2,
RPOOMLPKJILFFBE77CC,16,204.92,商業用,見其他登記事項,90年4月18日,二十九層,
RPOOMLPKJILFFBE77CC,16,136.39,見其他登記事項,見其他登記事項,90年4月18日,二十九層,
RPUNMLPKJILFFBE28CC,27,50.21,,鋼筋混凝土造,78年11月9日,十二層,
RPUNMLQKJILFFBE38CC,26,170.82,,鋼筋混凝土造,79年8月18日,十一層,
RPUNMLQKJILFFBE38CC,26,37.61,,鋼筋混凝土造,79年8月18日,十一層,
RPRNMLPKJILFFCE08CC,39,328.34,,鋼筋混凝土造,66年10月26日,四層,
RPOOMLQKJILFFDE08CC,1,138.87,商業用,鋼筋混凝土造,104年9月3日,十八層,
RPOOMLQKJILFFDE08CC,1,46.16,見其它登記事項,鋼筋混凝土造,104年9月3日,十八層,
RPWNMLQKJILFFBE58CC,43,178.02,,加強磚造,63年2月28日,三層,
RPVNMLQKJILFFFE88CC,21,250.50,住家用,見其他登記事項,84年7月15日,一層,
RPQNMLQKJILFFJE88DC,18,425.29,住商用,加強磚造,87年12月15日,二層,
RPVNMLQKJILFFGE98CC,31,30.65,住商用,鋼筋混凝土造,75年5月5日,三層,
RPTNMLQKJILFFGE78CC,6,131.64,見其他登記事項,鋼筋混凝土造,99年11月19日,五層,
RPTOMLQKJILFFGE88CC,4,112.65,見其他登記事項,見其他登記事項,101年9月1日,十五層,
RPOOMLRKJILFFBE97CC,26,431.48,,鋼筋混凝土造,79年7月13日,十二層,
RPSOMLRKJILFFEE68CC,19,76.83,見使用執照,鋼筋混凝土造,86年12月26日,七層,
RPSOMLRKJILFFEE68CC,19,82.60,見使用執照,鋼筋混凝土造,86年12月26日,七層,
RPQOMLRKJILFFBE18CC,37,82.96,,鋼筋混凝土造,68年10月30日,四層,
RPQOMLRKJILFFCE28CC,1,89.49,見其它登記事項,鋼筋混凝土造,104年11月6日,十五層,
RPQOMLRKJILFFCE28CC,1,50.95,見其它登記事項,鋼筋混凝土造,104年11月6日,十五層,
RPSNMLSKJILFFCE48CC,44,114.86,,鋼筋混凝土造,61年12月21日,四層,
RPSOMLRKJILFFAE28CC,11,106.36,商業用,鋼筋混凝土造,95年4月7日,十三層,
RPSOMLRKJILFFAE28CC,11,26.23,共有部分,鋼筋混凝土造,95年4月7日,十三層,
RPSOMLRKJILFFAE28CC,11,106.17,商業用,鋼筋混凝土造,95年4月7日,十三層,
RPUNMLSKJILFFDE78CC,37,178.65,,鋼筋混凝土造,68年7月26日,三層,
RPSNMLSKJILFFBE48DC,24,106.72,商業用,鋼筋混凝土造,81年6月29日,二十五層,
RPPNMLTKJILFFGE68CC,35,127.02,住商用,鋼筋混凝土造,70年8月30日,三層,
RPSNMLSKJILFFAE28CC,43,291.76,,鋼筋混凝土造,63年1月9日,四層,
RPPOMLRKJILFFBE08CC,50,129.34,住商用,加強磚造,55年9月11日,二層,
RPOOMLLLJILFFGE97CC,31,86.39,住家用,鋼筋混凝土造,74年12月16日,五層,
RPQOMLSKJILFFDE48CC,38,55.32,住家用,鋼筋混凝土造,67年12月16日,五層,
RPSPMLLLJILFFAE87CC,25,48.89,住商用,鋼筋混凝土造,80年12月6日,十二層,
RPTNMLLLJILFFAE77CC,22,79.99,住家用,鋼筋混凝土造,84年3月2日,二十層,
RPXPMLLLJILFFAE38CC,4,65.97,住家用,鋼筋混凝土造,101年9月28日,十四層,
RPTNMLLLJILFFBE87CC,8,28.48,住家用,鋼筋混凝土造,97年9月19日,十三層,
RPTNMLLLJILFFBE87CC,8,2.59,住家用,鋼筋混凝土造,97年9月19日,十三層,
RPTNMLLLJILFFBE87CC,8,8.41,共有部分,鋼筋混凝土造,97年9月19日,十三層,
RPROMLLLJILFFCE87CC,35,78.86,住家用,鋼筋混凝土造,70年9月23日,五層,
RPWNMLLLJILFFBE18CC,20,147.13,住家用,鋼筋混凝土造,86年4月21日,三十五層,
RPSOMLLLJILFFBE87CC,20,122.36,住家用,鋼筋混凝土造,86年4月21日,三十五層,
RPPNMLMLJILFFBE57CC,31,828.52,,鋼筋混凝土造,74年10月22日,二十一層,
RPQNMLMLJILFFBE67CC,20,132.16,住商用,鋼筋混凝土造,86年4月21日,三十五層,
RPQNMLMLJILFFBE67CC,20,47.94,見使用執照,鋼筋混凝土造,86年4月21日,三十五層,
RPRNMLMLJILFFBE77CC,30,317.66,商業用,加強磚造,75年6月2日,二層,
RPTNMLMLJILFFBE97CC,51,57.61,,加強磚造,55年4月11日,三層,
RPUNMLMLJILFFBE08CC,51,100.46,,加強磚造,55年4月11日,三層,
RPXNMLMLJILFFBE38CC,1,40.63,住家用,鋼筋混凝土造,104年10月23日,十五層,
RPXNMLMLJILFFBE38CC,1,6.41,住家用,鋼筋混凝土造,104年10月23日,十五層,
RPXNMLMLJILFFBE38CC,1,25.14,共有部分,鋼筋混凝土造,104年10月23日,十五層,
RPPOMLMLJILFFBE67CC,7,106.64,住家用,鋼筋混凝土造,98年12月22日,十五層,
RPPOMLMLJILFFBE67CC,7,29.40,住家用,鋼筋混凝土造,98年12月22日,十五層,
RPPOMLMLJILFFBE67CC,7,75.86,見其他登記事項,鋼筋混凝土造,98年12月22日,十五層,
RPOOMLMLJILFFBE57CC,8,28.91,住家用,鋼筋混凝土造,97年9月19日,十三層,
RPOOMLMLJILFFBE57CC,8,9.46,住家用,鋼筋混凝土造,97年9月19日,十三層,
RPOOMLMLJILFFBE57CC,8,9.48,共有部分,鋼筋混凝土造,97年9月19日,十三層,
RPOOMLMLJILFFBE57CC,8,10.61,共有部分,鋼筋混凝土造,97年9月19日,十三層,
RPQOMLMLJILFFBE77CC,9,52.18,住家用,鋼筋混凝土造,96年5月15日,十五層,
RPQOMLMLJILFFBE77CC,9,27.30,住家用,鋼筋混凝土造,96年5月15日,十五層,
RPQOMLMLJILFFBE77CC,,33.42,共有部分,鋼筋混凝土造,,十五層,
RPVNMLMLJILFFAE08CC,5,149.33,住家用,鋼筋混凝土造,101年4月19日,二十八層,
RPVNMLMLJILFFAE08CC,5,23.93,住家用,鋼筋混凝土造,101年4月19日,二十八層,
RPVNMLMLJILFFAE08CC,5,113.90,見其它登記事項,鋼筋混凝土造,101年4月19日,二十八層,
RPTNMLMLJILFFAE87CC,10,60.15,住家用,鋼筋混凝土造,96年1月31日,十五層,
RPTNMLMLJILFFAE87CC,10,28.29,見其它登記事項,鋼筋混凝土造,96年1月31日,十五層,
RPOOMLMLJILFFAE47CC,6,47.72,見其它登記事項,見其它登記事項,99年6月1日,二層,
RPQOMLMLJILFFCE87CC,6,42.95,住家用,鋼筋混凝土造,100年1月25日,十五層,
RPQOMLMLJILFFCE87CC,6,7.10,住家用,鋼筋混凝土造,100年1月25日,十五層,
RPQOMLMLJILFFCE87CC,6,6.93,見其它登記事項,鋼筋混凝土造,100年1月25日,十五層,
RPXNMLMLJILFFCE48CC,6,50.05,住家用,鋼筋混凝土造,100年1月25日,十五層,
RPXNMLMLJILFFCE48CC,6,26.90,見其它登記事項,鋼筋混凝土造,100年1月25日,十五層,
RPTNMLMLJILFFGE48CC,2,63.27,見其他登記事項,見其他登記事項,103年8月20日,十五層,
RPTNMLMLJILFFGE48CC,2,59.01,見其他登記事項,見其他登記事項,103年8月20日,十五層,
RPWNMLMLJILFFGE78CC,27,215.80,住商用,鋼筋混凝土造,78年11月20日,四層,
RPXNMLMLJILFFGE88CC,34,61.65,住家用,鋼筋混凝土造,72年2月28日,五層,
RPOOMLMLJILFFCE67CC,6,37.41,住家用,鋼筋混凝土造,100年1月25日,十五層,
RPOOMLMLJILFFCE67CC,6,20.16,見其它登記事項,鋼筋混凝土造,100年1月25日,十五層,
RPTNMLMLJILFFLE09DC,23,84.08,見使用執照,鋼筋混凝土造,82年9月3日,七層,
RPOOMLMLJILFFFE97CC,21,125.13,住商用,鋼筋混凝土造,84年9月30日,十一層,
RPOOMLMLJILFFFE97CC,21,41.55,見其他登記事項,鋼筋混凝土造,84年9月30日,十一層,
RPOPMLMLJILFFDE87CC,22,93.96,住家用,鋼筋混凝土造,83年5月19日,八層,
RPOPMLMLJILFFDE87CC,22,11.90,住家用,鋼筋混凝土造,83年5月19日,八層,
RPOPMLMLJILFFDE87CC,22,26.92,見使用執照,鋼筋混凝土造,83年5月19日,八層,
RPWOMLMLJILFFDE58CC,48,99.70,住家用,加強磚造,58年5月1日,二層,
RPPPMLMLJILFFDE97CC,22,120.95,住家用,鋼筋混凝土造,83年7月28日,二十四層,
RPOPMLNLJILFFDE97CC,46,283.96,住商用,鋼筋混凝土造,59年6月9日,四層,
RPTOMLNLJILFFGE68CC,30,217.93,見使用執照,鋼筋混凝土造,76年3月2日,四層,
RPPQMLMLJILFFEE18CC,9,31.73,住商用,鋼筋混凝土造,96年9月28日,五層,
RPPQMLMLJILFFEE18CC,9,15.03,住商用,鋼筋混凝土造,96年9月28日,五層,
RPUNMLNLJILFFGE68CC,40,73.20,住家用,加強磚造,65年8月18日,四層,
RPXNMLNLJILFFAE38CC,11,28.67,住家用,鋼筋混凝土造,94年6月24日,十五層,
RPXNMLNLJILFFAE38CC,11,2.54,共有部分,鋼筋混凝土造,94年6月24日,十五層,
RPXNMLNLJILFFAE38CC,11,5.70,共有部分,鋼筋混凝土造,94年6月24日,十五層,
RPXNMLNLJILFFAE38CC,11,9.72,共有部分,鋼筋混凝土造,94年6月24日,十五層,
RPQNMLNLJILFFBE77CC,50,119.32,,加強磚造,55年9月9日,四層,
RPRNMLNLJILFFBE87CC,50,119.32,住商用,加強磚造,55年9月9日,四層,
RPUNMLNLJILFFBE18CC,46,158.50,,加強磚造,60年3月8日,二層,
RPROMLNLJILFFBE97CC,26,37.54,,鋼筋混凝土造,79年11月30日,十二層,
RPSNMLNLJILFFBE97CC,50,75.19,住商用,加強磚造,55年9月9日,二層,
RPXNMLOLJILFFBE58CC,39,44.15,,鋼筋混凝土造,66年11月10日,五層,
RPUOMLNLJILFFBE28CC,31,110.96,,鋼筋混凝土造,74年12月10日,五層,
RPTOMLNLJILFFBE18CC,20,234.10,住家用,鋼筋混凝土造,86年4月21日,三十五層,
RPQOMLOLJILFFAE87CC,11,80.02,住家用,鋼筋混凝土造,95年4月7日,十三層,
RPQOMLOLJILFFAE87CC,11,35.55,共有部分,鋼筋混凝土造,95年4月7日,十三層,
RPWOMLOLJILFFBE58CC,19,599.96,商業用,鋼筋混凝土造,86年7月23日,二十四層,
RPWNMLNLJILFFBE38CC,27,7.87,,鋼筋混凝土造,78年11月9日,十二層,
RPWNMLOLJILFFCE58CC,10,269.86,住商用,鋼筋混凝土造,96年3月12日,五層,
RPVNMLOLJILFFCE48CC,10,206.82,住家用,鋼筋混凝土造,96年1月9日,十五層,
RPROMLOLJILFFCE18CC,20,402.09,住商用,鋼筋混凝土造,86年1月10日,九層,
RPSPMLOLJILFFGE78CC,21,87.21,住商用,鋼筋混凝土造,85年4月17日,七層,
RPSPMLOLJILFFGE78CC,21,32.76,共有部份,鋼筋混凝土造,85年4月17日,七層,
RPSQMLOLJILFFDE58CC,24,150.00,住家用,鋼筋混凝土造,81年5月14日,二十五層,
RPWNMLPLJILFFDE78CC,22,86.43,住家用,鋼筋混凝土造,83年12月2日,二十層,
RPWNMLPLJILFFDE78CC,22,28.37,見使用執照,鋼筋混凝土造,83年12月2日,二十層,
RPPNMLPLJILFFDE08CC,54,47.54,,鋼筋混凝土造,52年4月30日,四層,
RPROMLPLJILFFDE38CC,24,201.65,見使用執照,鋼骨鋼筋混凝土造,81年8月21日,五十層,
RPXNMLPLJILFFGE56CC,4,83.19,見其他登記事項,見其他登記事項,101年12月10日,十五層,
RPXNMLPLJILFFGE56CC,4,43.99,見其他登記事項,見其他登記事項,101年12月10日,十五層,
RPRNMLPLJILFFAE08DC,4,122.43,住家用,鋼筋混凝土造,101年11月7日,十五層,
RPUNMLPLJILFFAE38DC,41,60.90,,鋼筋混凝土造,65年4月14日,四層,
RPVNMLPLJILFFCE58CC,37,92.26,,鋼筋混凝土造,68年10月3日,五層,
RPPNMLPLJILFFFE38DC,25,45.38,住商用,鋼筋混凝土造,80年9月30日,五層,
RPPNMLPLJILFFCE97CC,37,90.44,住家用,鋼筋混凝土造,68年8月24日,五層,
RPPNMLSLJILFFIE88CC,47,793.38,工業用,鐵造,58年8月20日,一層,
RPPNMLRLJILFFDE28CC,24,150.87,住家用,鋼筋混凝土造,82年3月20日,十二層,
RPSOMLSLJILFFDE78CC,4,142.25,住家用,鋼筋混凝土造,101年8月15日,十五層,
RPRNMLSLJILFFAE28CC,2,48.38,住家用,鋼筋混凝土造,104年3月25日,十五層,
RPRNMLSLJILFFAE28CC,2,4.40,住家用,鋼筋混凝土造,104年3月25日,十五層,
RPRNMLSLJILFFAE28CC,2,24.84,見其它登記事項,鋼筋混凝土造,104年3月25日,十五層,
RPUOMLSLJILFFGE66CC,38,69.38,住家用,加強磚造,67年10月5日,二層,
RPPNMLSLJILFFDE38CC,49,53.03,住商用,加強磚造,57年1月8日,二層,
RPQOMLSLJILFFBE38CC,50,104.68,見其他登記事項,加強磚造,55年10月28日,二層,
RPXOMLSLJILFFBE09CC,45,134.62,,加強磚造,61年3月13日,三層,
RPUOMLSLJILFFBE78CC,37,71.48,,鋼筋混凝土造,69年5月17日,四層,
RPOPMLSLJILFFBE28CC,45,67.32,,加強磚造,61年3月13日,三層,
RPTNMLSLJILFFBE58CC,36,53.53,,鋼筋混凝土造,70年1月19日,五層,
RPQOMLTLJILFFBE48CC,7,154.75,見其他登記事項,鋼筋混凝土造,98年11月9日,二十四層,
RPQOMLTLJILFFBE48CC,7,22.73,見其他登記事項,鋼筋混凝土造,98年11月9日,二十四層,
RPQOMLTLJILFFBE48CC,7,123.80,見其他登記事項,鋼筋混凝土造,98年11月9日,二十四層,
RPPNMLTLJILFFAE18CC,8,65.30,住家用,鋼筋混凝土造,98年3月25日,十五層,
RPSOMLTLJILFFBE68CC,7,107.97,見其他登記事項,鋼筋混凝土造,98年11月9日,二十四層,
RPSOMLTLJILFFBE68CC,7,22.73,見其他登記事項,鋼筋混凝土造,98年11月9日,二十四層,
RPSOMLTLJILFFBE68CC,7,123.80,見其他登記事項,鋼筋混凝土造,98年11月9日,二十四層,
RPWOMLTLJILFFBE09CC,49,106.78,,加強磚造,56年9月20日,二層,
RPUNMLTLJILFFAE68CC,4,105.29,住商用,鋼筋混凝土造,101年11月7日,十五層,
RPUNMLTLJILFFAE68CC,4,119.41,住商用,鋼筋混凝土造,101年11月7日,十五層,
RPPOMLTLJILFFIE09CC,24,284.73,住家用,鋼筋混凝土造,81年9月15日,四層,
RPPOMLTLJILFFIE09CC,24,24.08,住家用,鋼筋混凝土造,81年9月15日,四層,
RPPOMLTLJILFFIE09CC,24,163.22,見其他登記事項,鋼筋混凝土造,81年9月15日,四層,
RPOOMLTLJILFFIE98CC,29,158.34,住家用,鋼筋混凝土造,76年10月25日,三層,
RPXNMLTLJILFFAE98CC,3,97.12,住家用,鋼筋混凝土造,103年2月12日,二十四層,
RPXNMLTLJILFFAE98CC,3,15.15,住家用,鋼筋混凝土造,103年2月12日,二十四層,
RPXNMLTLJILFFAE98CC,3,91.52,見其它登記事項,鋼筋混凝土造,103年2月12日,二十四層,
RPWNMLTLJILFFIE07CC,22,218.18,住商用,鋼筋混凝土造,83年3月18日,四層,
RPXNMLKMJILFFDE48CC,13,50.96,住商用,鋼筋混凝土造,93年2月12日,五層,
RPXNMLTLJILFFDE66CC,4,73.43,住家用,鋼筋混凝土造,101年6月5日,二十二層,
RPXNMLTLJILFFDE66CC,4,21.09,住家用,鋼筋混凝土造,101年6月5日,二十二層,
RPXNMLTLJILFFDE66CC,4,51.88,共有部分,鋼筋混凝土造,101年6月5日,二十二層,
RPOOMLKMJILFFGE08DC,21,207.06,見使用執照,鋼筋混凝土造,85年4月2日,五層,
RPUNMLKMJILFFIE68CC,23,207.44,住商用,鋼筋混凝土造,83年5月13日,四層,
RPOPMLKMJILFFCE77DC,4,167.94,見其它登記事項,鋼筋混凝土造,102年1月29日,十五層,
RPXOMLKMJILFFCE48CC,7,70.67,住家用,鋼筋混凝土造,98年12月24日,十九層,
RPXOMLKMJILFFCE48CC,7,41.29,見其它登記事項,鋼筋混凝土造,98年12月24日,十九層,
RPQPMLKMJILFFCE87CC,19,427.74,見其它登記事項,見其它登記事項,86年7月9日,二層,
RPSOMLKMJILFFBE87CC,23,145.81,住商用,鋼筋混凝土造,83年3月2日,八層,
RPUNMLLJKILFFCE97CC,19,146.54,住家用,鋼筋混凝土造,86年11月5日,二十八層,
RPUNMLLJKILFFCE97CC,19,65.03,住家用,鋼筋混凝土造,86年11月5日,二十八層,
RPWNMLLJKILFFBE08CC,43,177.12,,加強磚造,62年12月17日,三層,
RPXNMLKMJILFFBE28CC,38,45.65,,鋼筋混凝土造,67年8月21日,十四層,
RPVNMLLJKILFFBE97CC,2,45.88,住家用,鋼筋混凝土造,104年3月6日,十四層,
RPVNMLLJKILFFBE97CC,2,26.38,共有部分,鋼筋混凝土造,104年3月6日,十四層,
RPOOMLLJKILFFCE47CC,20,122.56,住家用,鋼筋混凝土造,86年5月27日,二十七層,
RPOOMLLJKILFFCE47CC,20,37.71,見使用執照,鋼筋混凝土造,86年5月27日,二十七層,
RPQOMLLJKILFFAE47CC,8,51.64,住家用,鋼筋混凝土造,98年2月17日,十五層,
RPQOMLLJKILFFAE47CC,8,27.64,共有部分,鋼筋混凝土造,98年2月17日,十五層,
RPROMLLJKILFFBE67CC,20,75.79,住家用,鋼筋混凝土造,86年4月21日,三十五層,
RPROMLLJKILFFBE67CC,20,14.10,住家用,鋼筋混凝土造,86年4月21日,三十五層,
RPROMLLJKILFFBE67CC,20,1.42,住家用,鋼筋混凝土造,86年4月21日,三十五層,
RPROMLLJKILFFBE67CC,20,41.95,見使用執照,鋼筋混凝土造,86年4月21日,三十五層,
RPUOMLKMJILFFBE08CC,49,172.77,住商用,加強磚造,56年9月26日,三層,
RPSOMLLJKILFFAE67CC,11,74.83,住家用,鋼筋混凝土造,95年3月3日,十五層,
RPSOMLLJKILFFAE67CC,11,13.06,住家用,鋼筋混凝土造,95年3月3日,十五層,
RPSOMLLJKILFFAE67CC,11,69.47,共有部分,鋼筋混凝土造,95年3月3日,十五層,
RPROMLLJKILFFAE57CC,1,51.27,住家用,鋼筋混凝土造,104年7月3日,十五層,
RPROMLLJKILFFAE57CC,1,2.50,住家用,鋼筋混凝土造,104年7月3日,十五層,
RPROMLLJKILFFAE57CC,1,47.50,見其它登記事項,鋼筋混凝土造,104年7月3日,十五層,
RPTPMLLJKILFFDE18CC,35,245.61,,鋼筋混凝土造,70年12月21日,十二層,
RPTOMLLJKILFFGE38CC,3,333.36,見其他登記事項,鋼筋混凝土造,102年10月30日,四層,
RPPQMLLJKILFFEE97CC,12,45.31,住商用,鋼筋混凝土造,94年2月24日,四層,
RPPOMLLJKILFFEE77CC,2,60.00,住家用,見其它登記事項,103年7月16日,十五層,
RPPOMLLJKILFFEE77CC,2,36.76,見其它登記事項,見其它登記事項,103年7月16日,十五層,
RPSNMLMJKILFFDE97CC,23,73.85,商業用,鋼筋混凝土造,82年9月24日,十三層,
RPSNMLMJKILFFDE97CC,23,97.88,商業用,鋼筋混凝土造,82年9月24日,十三層,
RPUNMLMJKILFFDE18CC,23,73.34,住商用,鋼筋混凝土造,82年7月10日,五層,
RPUPMLLJKILFFDE28CC,22,160.46,住家用,鋼筋混凝土造,83年6月20日,十三層,
RPVNMLMJKILFFEE38CC,35,81.54,,鋼筋混凝土造,70年12月24日,五層,
RPROMLMJKILFFCE97DC,23,31.68,住家用,鋼筋混凝土造,82年11月30日,七層,
RPROMLMJKILFFCE97DC,23,.69,住家用,鋼筋混凝土造,82年11月30日,七層,
RPROMLMJKILFFCE97DC,23,13.01,見使用執照,鋼筋混凝土造,82年11月30日,七層,
RPTPMLMJKILFFCE28DC,28,125.90,住商用,鋼筋混凝土造,77年6月8日,七層,
RPTPMLMJKILFFCE28DC,28,123.20,住商用,鋼筋混凝土造,77年6月8日,七層,
RPPOMLMJKILFFFE97CC,24,188.34,住工用,鋼筋混凝土造,81年11月16日,三層,
RPWNMLMJKILFFBE18CC,24,189.41,商業用,鋼筋混凝土造,82年3月4日,二十八層,
RPWNMLMJKILFFBE18CC,24,93.64,見使用執照,鋼筋混凝土造,82年3月4日,二十八層,
RPRNMLMJKILFFAE57CC,12,88.73,住家用,鋼筋混凝土造,93年10月6日,十四層,
RPUPMLMJKILFFCE28CC,18,129.60,商業用,鋼筋混凝土造,87年11月23日,二十三層,
RPUPMLMJKILFFCE28CC,44,22.53,住商用,加強磚造,61年6月29日,二層,
RPVNMLMJKILFFBE08CC,46,100.96,住商用,加強磚造,59年11月27日,三層,
RPVNMLMJKILFFAE97CC,11,111.94,住家用,鋼筋混凝土造,95年3月16日,十五層,
RPPNMLNJKILFFGE08CC,21,556.22,商業用,鋼筋混凝土造,85年1月25日,八層,
RPSNMLOJKILFFCE08CC,25,996.29,商業用,鋼筋混凝土造,81年2月5日,十八層,
RPXNMLPJKILFFAE48CC,21,41.98,住商用,鋼筋混凝土造,84年6月15日,十六層,
RPSOMLPJKILFFAE08CC,11,327.19,住商用,鋼筋混凝土造,95年5月1日,五層,
RPUOMLPJKILFFBE38CC,32,40.98,,鋼筋混凝土造,73年12月18日,七層,
RPUNMLPJKILFFBE38DC,4,208.90,商業用,鋼筋混凝土造,102年1月10日,十五層,
RPUNMLPJKILFFBE38DC,4,100.21,共有部分,鋼筋混凝土造,102年1月10日,十五層,
RPOOMLPJKILFFAE67CC,11,363.70,商業用,鋼筋混凝土造,94年12月30日,二十七層,
RPVNMLPJKILFFDE58CC,47,159.06,住商用,加強磚造,58年11月11日,三層,
RPPNMLPJKILFFDE97CC,43,38.49,,加強磚造,62年12月24日,三層,
RPVOMLPJKILFFBE48CC,32,49.78,,鋼筋混凝土造,73年12月18日,七層,
RPSOMLPJKILFFEE48CC,22,123.76,住商用,鋼筋混凝土造,84年3月2日,十七層,
RPUNMLQJKILFFEE68CC,19,112.39,住商用,鋼筋混凝土造,87年2月19日,五層,
RPSOMLPJKILFFEE48CC,22,21.87,見使用執照,鋼筋混凝土造,84年3月2日,十七層,
RPOPMLQJKILFFEE28CC,2,85.15,見其它登記事項,見其它登記事項,104年1月8日,十五層,
RPOPMLQJKILFFEE28CC,2,14.33,見其它登記事項,見其它登記事項,104年1月8日,十五層,
RPOPMLQJKILFFEE28CC,2,51.28,見其它登記事項,見其它登記事項,104年1月8日,十五層,
RPQPMLQJKILFFEE48CC,3,49.75,住家用,見其它登記事項,103年5月28日,十五層,
RPQPMLQJKILFFEE48CC,3,7.28,住家用,見其它登記事項,103年5月28日,十五層,
RPQPMLQJKILFFEE48CC,3,30.81,見其它登記事項,見其它登記事項,103年5月28日,十五層,
RPXOMLQJKILFFDE98CC,50,74.80,住家用,加強磚造,55年8月17日,二層,
RPSPMLQJKILFFEE68CC,3,50.38,住家用,鋼筋混凝土造,103年3月27日,十五層,
RPSPMLQJKILFFEE68CC,3,5.87,住家用,鋼筋混凝土造,103年3月27日,十五層,
RPSPMLQJKILFFEE68CC,3,29.12,見其它登記事項,鋼筋混凝土造,103年3月27日,十五層,
RPRPMLQJKILFFDE48CC,42,226.53,,鋼筋混凝土造,64年1月1日,三層,
RPSOMLQJKILFFAE28DC,,157.80,見其它登記事項,見其它登記事項,105年8月11日,一層,
RPPOMLQJKILFFBE97CC,50,190.33,,加強磚造,55年9月12日,三層,
RPROMLQJKILFFBE18CC,10,111.75,住家用,鋼筋混凝土造,96年2月8日,十五層,
RPROMLQJKILFFBE18CC,10,20.69,住家用,鋼筋混凝土造,96年2月8日,十五層,
RPROMLQJKILFFBE18CC,10,75.31,共有部分,鋼筋混凝土造,96年2月8日,十五層,
RPWOMLQJKILFFAE58CC,12,186.79,住家用,鋼筋混凝土造,93年8月11日,十四層,
RPWOMLQJKILFFAE58CC,12,9.83,住家用,鋼筋混凝土造,93年8月11日,十四層,
RPWOMLQJKILFFAE58CC,12,111.86,共有部分,鋼筋混凝土造,93年8月11日,十四層,
RPUNMLQJKILFFAE28CC,33,253.13,,加強磚造,72年10月5日,二層,
RPQNMLQJKILFFCE08CC,11,90.78,住家用,鋼筋混凝土造,94年12月28日,十五層,
RPSNMLRJKILFFBE28CC,51,40.75,住家用,加強磚造,54年9月13日,二層,
RPPQMLQJKILFFCE28CC,7,85.52,住家用,鋼筋混凝土造,98年12月24日,十九層,
RPPQMLQJKILFFCE28CC,7,21.42,住家用,鋼筋混凝土造,98年12月24日,十九層,
RPPQMLQJKILFFCE28CC,7,59.87,見其它登記事項,鋼筋混凝土造,98年12月24日,十九層,
RPUOMLQJKILFFCE58CC,6,32.61,住家用,鋼筋混凝土造,100年1月25日,十五層,
RPUOMLQJKILFFCE58CC,6,4.80,住家用,鋼筋混凝土造,100年1月25日,十五層,
RPUOMLQJKILFFCE58CC,6,20.16,見其它登記事項,鋼筋混凝土造,100年1月25日,十五層,
RPWNMLRJKILFFAE58CC,10,83.27,住家用,鋼筋混凝土造,95年8月25日,十五層,
RPOPMLRJKILFFBE08CC,28,78.66,,鋼筋混凝土造,77年10月27日,二十層,
RPOPMLRJKILFFBE08CC,28,8.33,,鋼筋混凝土造,77年10月27日,二十層,
RPWPMLQJKILFFCE88CC,5,169.93,住家用,見其它登記事項,100年6月22日,二十七層,
RPWPMLQJKILFFCE88CC,5,6.10,住家用,見其它登記事項,100年6月22日,二十七層,
RPWPMLQJKILFFCE88CC,5,159.93,見其它登記事項,見其它登記事項,100年6月22日,二十七層,
RPTPMLQJKILFFCE58CC,5,151.36,住家用,見其它登記事項,100年6月22日,二十七層,
RPTPMLQJKILFFCE58CC,5,22.63,住家用,見其它登記事項,100年6月22日,二十七層,
RPTPMLQJKILFFCE58CC,5,120.72,見其它登記事項,見其它登記事項,100年6月22日,二十七層,
RPPPMLRJKILFFBE18CC,56,190.27,,見使用執照,49年12月5日,三層,
RPQPMLRJKILFFBE28CC,28,73.34,,鋼筋混凝土造,77年10月27日,二十層,
RPQPMLRJKILFFBE28CC,28,8.33,,鋼筋混凝土造,77年10月27日,二十層,
RPUNMLRJKILFFDE68CC,23,120.79,商業用,鋼筋混凝土造,83年1月4日,七層,
RPUNMLRJKILFFDE68CC,23,23.57,見使用執照,鋼筋混凝土造,83年1月4日,七層,
RPUOMLRJKILFFGE09CC,9,55.27,見其他登記事項,見其他登記事項,96年12月15日,二十八層,
RPUOMLRJKILFFGE09CC,9,49.68,見其他登記事項,見其他登記事項,96年12月15日,二十八層,
RPPOMLRJKILFFGE58CC,42,15.84,住商用,加強磚造,63年7月2日,三層,
RPSNMLRJKILFFGE78CC,,312.38,見其他登記事項,見其他登記事項,105年10月3日,一層,
RPQOMLRJKILFFEE48CC,23,153.84,住家用,鋼筋混凝土造,83年4月12日,四層,
RPOOMLSJKILFFEE38CC,3,50.38,住家用,鋼筋混凝土造,103年3月27日,十五層,
RPOOMLSJKILFFEE38CC,3,5.87,住家用,鋼筋混凝土造,103年3月27日,十五層,
RPOOMLSJKILFFEE38CC,3,58.38,見其它登記事項,鋼筋混凝土造,103年3月27日,十五層,
RPOOMLRJKILFFEE28CC,11,589.34,住家用,鋼筋混凝土造,95年1月4日,五層,
RPQOMLSJKILFFEE58CC,3,51.06,住家用,鋼筋混凝土造,103年3月27日,十五層,
RPQOMLSJKILFFEE58CC,3,5.95,住家用,鋼筋混凝土造,103年3月27日,十五層,
RPQOMLSJKILFFEE58CC,3,58.62,見其它登記事項,鋼筋混凝土造,103年3月27日,十五層,
RPWOMLSJKILFFDE09CC,54,249.51,,鋼筋混凝土造,52年4月30日,四層,
RPOOMLSJKILFFBE08CC,44,147.66,,加強磚造,61年8月2日,三層,
RPROMLSJKILFFGE88CC,15,249.23,見其他登記事項,見其他登記事項,90年7月10日,七層,
RPQNMLSJKILFFFE58CC,41,35.63,住家用,鋼筋混凝土造,64年10月1日,三層,
RPVOMLSJKILFFGE66CC,5,53.20,見其他登記事項,鋼筋混凝土造,101年5月15日,十五層,
RPTQMLSJKILFFDE98CC,19,113.40,住家用,鋼筋混凝土造,86年7月5日,二十二層,
RPXOMLSJKILFFAE88CC,10,89.52,住家用,鋼筋混凝土造,95年11月1日,十五層,
RPXOMLSJKILFFAE88CC,10,36.72,見其它登記事項,鋼筋混凝土造,95年11月1日,十五層,
RPSOMLSJKILFFAE38CC,12,142.50,住家用,鋼筋混凝土造,93年10月18日,十四層,
RPQOMLSJKILFFGE78CC,18,132.35,住商用,鋼筋混凝土造,88年5月1日,十二層,
RPPNMLTJKILFFCE28CC,28,91.64,住家用,鋼筋混凝土造,77年11月28日,二層,
RPUNMLTJKILFFEE98CC,41,158.80,,鋼筋混凝土造,65年3月31日,三層,
RPSNMLTJKILFFDE68CC,38,210.96,,鋼筋混凝土造,68年4月25日,四層,
RPPNMLLKKILFFFE87CC,20,34.61,住家用,鋼筋混凝土造,85年11月25日,八層,
RPRNMLTJKILFFBE38CC,20,94.58,住家用,鋼筋混凝土造,86年4月21日,三十五層,
RPSNMLMKKILFFGE38CC,38,82.37,住家用,鋼筋混凝土造,68年1月11日,四層,
RPSNMLTJKILFFBE48CC,17,43.56,住家用,鋼筋混凝土造,88年12月23日,十四層,
RPTNMLMKKILFFAE87CC,12,53.99,商業用,鋼筋混凝土造,94年4月21日,十五層,
RPOOMLMKKILFFEE87CC,36,156.04,,鋼筋混凝土造,69年7月30日,三層,
RPQNMLMKKILFFBE67CC,46,53.80,,鋼筋混凝土造,60年1月25日,四層,
RPUNMLMKKILFFGE58CC,42,37.26,住商用,加強磚造,63年7月13日,三層,
RPSNMLNKKILFFAE87CC,8,51.64,住家用,鋼筋混凝土造,98年2月17日,十五層,
RPSNMLNKKILFFAE87CC,8,37.10,共有部分,鋼筋混凝土造,98年2月17日,十五層,
RPTNMLNKKILFFCE18CC,24,224.70,住家用,鋼筋混凝土造,82年1月29日,十三層,
RPVNMLNKKILFFAE18CC,11,102.33,住家用,鋼筋混凝土造,95年3月16日,十五層,
RPVNMLNKKILFFAE18CC,11,64.65,共有部分,鋼筋混凝土造,95年3月16日,十五層,
RPVNMLNKKILFFCE38CC,18,154.82,住家用,見其它登記事項,88年2月9日,三十九層,
RPPNMLNKKILFFCE77CC,48,93.69,住商用,加強磚造,57年8月20日,二層,
RPUNMLNKKILFFCE28CC,4,109.35,住家用,鋼筋混凝土造,102年5月20日,十五層,
RPUNMLNKKILFFCE28CC,4,76.64,見其它登記事項,鋼筋混凝土造,102年5月20日,十五層,
RPUOMLNKKILFFCE38CC,22,43.66,住家用,鋼筋混凝土造,83年9月26日,四層,
RPQOMLNKKILFFBE87CC,29,209.90,,鋼筋混凝土造,77年2月9日,十八層,
RPRNMLNKKILFFBE87CC,55,109.52,,加強磚造,51年3月31日,二層,
RPWNMLNKKILFFBE38CC,36,48.94,,鋼筋混凝土造,70年1月19日,五層,
RPSNMLNKKILFFBE97CC,51,73.82,,加強磚造,55年1月10日,三層,
RPVNMLNKKILFFBE28CC,44,108.40,,加強磚造,61年9月20日,三層,
RPQNMLNKKILFFBE77CC,41,285.12,,鋼筋混凝土造,64年9月25日,四層,
RPTOMLNKKILFFGE68CC,3,133.44,見其他登記事項,見其他登記事項,102年6月20日,十五層,
RPSOMLNKKILFFBE08CC,49,121.07,住商用,加強磚造,57年1月6日,三層,
RPOPMLNKKILFFEE08CC,14,175.56,住商用,見使用執照,92年1月14日,十四層,
RPOPMLNKKILFFEE08CC,14,22.94,見使用執照,見使用執照,92年1月14日,十四層,
RPROMLOKKILFFDE28CC,71,88.15,,見其它登記事項,35年5月26日,一層,
RPOOMLOKKILFFBE77CC,26,170.82,,鋼筋混凝土造,79年8月18日,十一層,
RPOOMLOKKILFFBE77CC,26,37.56,,鋼筋混凝土造,79年8月18日,十一層,
RPXNMLOKKILFFBE58CC,26,170.82,,鋼筋混凝土造,79年8月18日,十一層,
RPXNMLOKKILFFBE58CC,26,37.61,,鋼筋混凝土造,79年8月18日,十一層,
RPOOMLOKKILFFCE87CC,16,167.54,住家用,鋼筋混凝土造,89年8月31日,十四層,
RPPOMLOKKILFFBE87CC,40,77.36,,鋼筋混凝土造,65年11月24日,十層,
RPRNMLOKKILFFAE87CC,4,26.42,住家用,鋼筋混凝土造,101年9月26日,十五層,
RPRNMLOKKILFFAE87CC,4,13.21,見其它登記事項,鋼筋混凝土造,101年9月26日,十五層,
RPXOMLOKKILFFAE58CC,26,171.62,住家用,鋼筋混凝土造,80年3月22日,十四層,
RPVOMLOKKILFFAE38CC,2,45.59,住家用,鋼筋混凝土造,104年3月25日,十五層,
RPVOMLOKKILFFAE38CC,2,3.39,住家用,鋼筋混凝土造,104年3月25日,十五層,
RPVOMLOKKILFFAE38CC,2,23.42,見其它登記事項,鋼筋混凝土造,104年3月25日,十五層,
RPROMLPKKILFFDE38CC,42,214.56,,加強磚造,64年3月31日,三層,
RPUNMLPKKILFFBE38CC,34,68.43,,鋼筋混凝土造,71年10月19日,五層,
RPSOMLPKKILFFDE48CC,1,61.74,見其它登記事項,鋼筋混凝土造,105年3月9日,十四層,
RPSOMLPKKILFFDE48CC,1,60.25,見其它登記事項,鋼筋混凝土造,105年3月9日,十四層,
RPVOMLPKKILFFDE78CC,3,119.39,住家用,鋼筋混凝土造,103年6月10日,十五層,
RPVOMLPKKILFFDE78CC,3,17.67,住家用,鋼筋混凝土造,103年6月10日,十五層,
RPVOMLPKKILFFDE78CC,3,99.19,共有部分,鋼筋混凝土造,103年6月10日,十五層,
RPUOMLPKKILFFDE68CC,1,54.36,見其它登記事項,鋼筋混凝土造,105年3月9日,十四層,
RPUOMLPKKILFFDE68CC,1,56.40,見其它登記事項,鋼筋混凝土造,105年3月9日,十四層,
RPWNMLPKKILFFBE68DC,36,377.50,,鋼筋混凝土造,69年10月24日,五層,
RPSOMLPKKILFFEE58CC,3,122.90,住家用,鋼筋混凝土造,102年11月11日,十五層,
RPSOMLPKKILFFEE58CC,3,17.04,住家用,鋼筋混凝土造,102年11月11日,十五層,
RPSOMLPKKILFFEE58CC,3,90.74,見其它登記事項,鋼筋混凝土造,102年11月11日,十五層,
RPOOMLPKKILFFIE58CC,20,204.51,住商用,鋼筋混凝土造,85年11月20日,四層,
RPSOMLQKKILFFIE09CC,20,176.76,住家用,鋼筋混凝土造,85年7月2日,四層,
RPTNMLPKKILFFGE78CC,31,497.38,見其他登記事項,鋼筋混凝土造,75年3月25日,十一層,
RPVNMLPKKILFFGE98CC,22,78.38,住家用,鋼筋混凝土造,83年7月13日,十三層,
RPVNMLPKKILFFGE98CC,22,16.38,共有部份,鋼筋混凝土造,83年7月13日,十三層,
RPVNMLQKKILFFGE09CC,3,125.05,見其他登記事項,見其他登記事項,102年7月1日,十五層,
RPOPMLQKKILFFAE97CC,90,83.82,,加強磚造,15年12月1日,四層,
RPRNMLQKKILFFCE28CC,38,83.79,,鋼筋混凝土造,67年11月25日,三層,
RPRPMLQKKILFFEE68CC,16,241.10,住商用,見使用執照,89年6月23日,十四層,
RPPNMLRKKILFFGE58CC,5,152.89,見其他登記事項,鋼筋混凝土造,101年5月2日,十四層,
RPPNMLRKKILFFGE58CC,5,91.86,見其他登記事項,鋼筋混凝土造,101年5月2日,十四層,
RPQPMLQKKILFFEE58CC,22,104.06,住商用,鋼筋混凝土造,83年11月24日,九層,
RPUPMLQKKILFFEE98CC,6,205.46,住家用,鋼筋混凝土造,99年12月1日,十四層,
RPWNMLRKKILFFCE88CC,49,34.40,住家用,加強磚造,57年5月9日,二層,
RPSPMLTKKILFFGE66CC,5,46.27,見其他登記事項,鋼筋混凝土造,100年9月12日,十五層,
RPXOMLTKKILFFGE07CC,22,139.68,住家用,鋼筋混凝土造,84年5月10日,十六層,
RPPNMLRKKILFFBE08CC,31,91.88,,鋼筋混凝土造,74年7月31日,五層,
RPVNMLTKKILFFEE56CC,1,80.38,見其它登記事項,見其它登記事項,104年10月2日,十五層,
RPRPMLTKKILFFEE98CC,18,63.93,住家用,鋼筋混凝土造,87年8月14日,二十三層,
RPRPMLTKKILFFEE98CC,18,23.84,見使用執照,鋼筋混凝土造,87年8月14日,二十三層,
RPSNMLTKKILFFEE88CC,2,64.68,住家用,鋼筋混凝土造,103年11月4日,十五層,
RPSNMLTKKILFFEE88CC,2,45.61,見其它登記事項,鋼筋混凝土造,103年11月4日,十五層,
RPVNMLTKKILFFBE88CC,5,125.41,商業用,鋼筋混凝土造,101年4月9日,十五層,
RPVNMLTKKILFFBE88CC,5,133.72,商業用,鋼筋混凝土造,101年4月9日,十五層,
RPVNMLTKKILFFBE88CC,5,78.32,見其他登記事項,鋼筋混凝土造,101年4月9日,十五層,
RPPOMLTKKILFFAE28CC,35,91.82,,鋼筋混凝土造,70年11月27日,十二層,
RPXNMLTKKILFFDE66CC,31,29.79,,鋼筋混凝土造,75年2月6日,五層,
RPUNMLTKKILFFDE98CC,11,213.30,見其它登記事項,鋼筋混凝土造,94年10月25日,四層,
RPTNMLTKKILFFAE58CC,36,99.12,,鋼筋混凝土造,69年7月31日,五層,
RPQOMLTKKILFFDE68CC,34,256.99,,鋼筋混凝土造,71年7月5日,十二層,
RPQOMLTKKILFFDE68CC,34,55.68,,鋼筋混凝土造,71年7月5日,十二層,
RPQOMLTKKILFFDE68CC,34,311.42,,鋼筋混凝土造,71年7月5日,十二層,
RPXNMLTKKILFFAE98CC,1,188.44,見其它登記事項,鋼筋混凝土造,104年7月9日,二層,
RPROMLTKKILFFAE48CC,22,157.63,住家用,鋼筋混凝土造,83年8月16日,十二層,
RPPNMLKLKILFFCE57CC,20,75.45,住商用,鋼筋混凝土造,85年7月23日,十層,
RPUNMLKLKILFFBE97CC,28,429.20,,鋼筋混凝土造,77年12月16日,七層,
RPROMLKLKILFFDE97CC,4,193.23,商業用,鋼筋混凝土造,102年1月7日,六層,
RPROMLKLKILFFDE97CC,4,111.23,共有部分,鋼筋混凝土造,102年1月7日,六層,
RPPNMLKLKILFFDE67CC,34,351.19,,鋼筋混凝土造,72年1月10日,五層,
RPTOMLKLKILFFDE18CC,27,400.39,,鋼筋混凝土造,79年2月15日,十六層,
RPTOMLKLKILFFDE18CC,27,326.09,,鋼筋混凝土造,79年2月15日,十六層,
RPVOMLKLKILFFIE88CC,5,79.37,見其他登記事項,鋼筋混凝土造,100年8月22日,四層,
RPWOMLKLKILFFIE98CC,5,314.33,見其他登記事項,鋼筋混凝土造,100年8月22日,四層,
RPXNMLLLKILFFDE58CC,21,144.00,住家用,鋼筋混凝土造,84年7月7日,八層,
RPRPMLLLKILFFEE28CC,33,232.62,,鋼筋混凝土造,72年9月26日,三層,
RPRPMLLLKILFFEE28CC,33,234.30,,鋼筋混凝土造,72年9月26日,三層,
RPSPMLLLKILFFEE38CC,35,88.02,,加強磚造,70年12月31日,二層,
RPSPMLLLKILFFEE38CC,35,11.88,,加強磚造,70年12月31日,二層,
RPTNMLLLKILFFBE97CC,27,280.91,,鋼筋混凝土造,79年5月30日,十九層,
RPXNMLLLKILFFBE38CC,18,124.36,住家用,鋼筋混凝土造,87年10月14日,十九層,
RPXNMLLLKILFFBE38CC,18,24.61,見其他登記事項,鋼筋混凝土造,87年10月14日,十九層,
RPXNMLLLKILFFBE38CC,18,19.49,見其他登記事項,鋼筋混凝土造,87年10月14日,十九層,
RPXNMLLLKILFFBE38CC,18,30.42,停車空間,鋼筋混凝土造,87年10月14日,十九層,
RPPOMLLLKILFFBE67CC,43,272.59,,鋼筋混凝土造,62年11月16日,四層,
RPVNMLLLKILFFBE18CC,20,143.70,住家用,鋼筋混凝土造,86年4月21日,三十五層,
RPVNMLLLKILFFAE08CC,21,25.48,住家用,鋼筋混凝土造,85年5月6日,十二層,
RPVNMLLLKILFFAE08CC,21,9.42,見使用執照,鋼筋混凝土造,85年5月6日,十二層,
RPROMLLLKILFFCE97CC,18,219.47,住商用,鋼筋混凝土造,88年1月26日,十四層,
RPROMLLLKILFFCE97CC,18,37.72,共有部份,鋼筋混凝土造,88年1月26日,十四層,
RPROMLLLKILFFAE77CC,10,61.52,住家用,鋼筋混凝土造,95年8月25日,十五層,
RPROMLLLKILFFAE77CC,10,26.11,共有部分,鋼筋混凝土造,95年8月25日,十五層,
RPUOMLLLKILFFAE08CC,10,57.47,住家用,鋼筋混凝土造,95年10月13日,十五層,
RPUOMLLLKILFFAE08CC,10,25.82,見其它登記事項,鋼筋混凝土造,95年10月13日,十五層,
RPVOMLLLKILFFAE18CC,1,54.07,住家用,鋼筋混凝土造,104年7月31日,十五層,
RPVOMLLLKILFFAE18CC,1,28.35,見其它登記事項,鋼筋混凝土造,104年7月31日,十五層,
RPQOMLMLKILFFAE77CC,4,50.74,住家用,鋼筋混凝土造,102年5月27日,十五層,
RPQOMLMLKILFFAE77CC,4,32.90,見其它登記事項,鋼筋混凝土造,102年5月27日,十五層,
RPQNMLMLKILFFBE77CC,35,76.08,,鋼筋混凝土造,71年2月27日,七層,
RPVNMLMLKILFFIE98CC,,141.19,見其他登記事項,鋼骨鋼筋混凝土造,105年8月17日,一層,
RPVNMLMLKILFFIE98CC,,96.19,見其他登記事項,鋼骨鋼筋混凝土造,105年8月17日,一層,
RPVNMLMLKILFFDE48CC,20,21.52,住家用,鋼筋混凝土造,85年7月29日,十六層,
RPVNMLMLKILFFDE48CC,20,7.88,見使用執照,鋼筋混凝土造,85年7月29日,十六層,
RPWOMLMLKILFFGE98CC,12,179.43,見其他登記事項,見其他登記事項,94年5月4日,三層,
RPOOMLNLKILFFBE77CC,10,171.44,住家用,鋼骨鋼筋混凝土造,95年7月28日,十五層,
RPOOMLNLKILFFBE77CC,10,70.64,見其他登記事項,鋼骨鋼筋混凝土造,95年7月28日,十五層,
RPWNMLNLKILFFBE48CC,15,150.01,住家用,鋼骨鋼筋混凝土造,91年3月1日,二十六層,
RPWNMLNLKILFFBE48CC,15,77.78,見其他登記事項,鋼骨鋼筋混凝土造,91年3月1日,二十六層,
RPPOMLNLKILFFBE87CC,1,52.96,住家用,鋼筋混凝土造,104年10月23日,十五層,
RPPOMLNLKILFFBE87CC,1,29.15,共有部分,鋼筋混凝土造,104年10月23日,十五層,
RPSOMLNLKILFFBE18CC,10,122.90,住家用,鋼筋混凝土造,96年4月13日,十五層,
RPSOMLNLKILFFBE18CC,10,56.23,共有部分,鋼筋混凝土造,96年4月13日,十五層,
RPROMLNLKILFFBE08CC,15,150.00,住家用,鋼骨鋼筋混凝土造,91年3月1日,二十六層,
RPROMLNLKILFFBE08CC,15,77.78,見其他登記事項,鋼骨鋼筋混凝土造,91年3月1日,二十六層,
RPXNMLNLKILFFBE58CC,10,31.19,住家用,鋼筋混凝土造,96年5月8日,十五層,
RPXNMLNLKILFFBE58CC,10,14.83,共有部分,鋼筋混凝土造,96年5月8日,十五層,
RPSOMLQLKILFFBE48CC,42,101.28,,鋼筋混凝土造,64年5月22日,四層,
RPVNMLQLKILFFBE68CC,20,120.61,住家用,鋼筋混凝土造,86年4月21日,三十五層,
RPQOMLQLKILFFAE28DC,4,99.23,住家用,鋼筋混凝土造,101年11月21日,十五層,
RPPOMLQLKILFFDE38CC,35,114.62,,鋼筋混凝土造,70年12月14日,八層,
RPQPMLQLKILFFEE68CC,19,110.34,住家用,鋼筋混凝土造,86年11月20日,十四層,
RPQPMLQLKILFFEE68CC,19,53.38,見使用執照,鋼筋混凝土造,86年11月20日,十四層,
RPROMLRLKILFFEE78CC,2,52.47,住家用,鋼筋混凝土造,103年11月4日,十五層,
RPROMLRLKILFFEE78CC,2,28.52,見其它登記事項,鋼筋混凝土造,103年11月4日,十五層,
RPPPMLQLKILFFEE58CC,21,83.08,住家用,鋼筋混凝土造,84年8月17日,二十八層,
RPPPMLQLKILFFEE58CC,21,25.36,見使用執照,鋼筋混凝土造,84年8月17日,二十八層,
RPOPMLRLKILFFDE48CC,42,138.92,,鋼筋混凝土造,64年5月26日,四層,
RPOOMLRLKILFFDE38CC,4,72.37,住家用,鋼筋混凝土造,101年9月26日,十五層,
RPOOMLRLKILFFDE38CC,4,40.36,共有部分,鋼筋混凝土造,101年9月26日,十五層,
RPRQMLRLKILFFEE98CC,13,355.37,商業用,見使用執照,92年12月19日,一層,
RPXOMLRLKILFFEE76CC,27,41.92,住商用,鋼筋混凝土造,79年1月12日,七層,
RPXOMLRLKILFFEE76CC,27,16.87,見使用執照,鋼筋混凝土造,79年1月12日,七層,
RPVOMLRLKILFFDE09CC,33,14.25,,鋼筋混凝土造,73年5月3日,四層,
RPTOMLRLKILFFDE88CC,26,63.24,,鋼筋混凝土造,79年9月27日,十八層,
RPTOMLRLKILFFDE88CC,26,135.60,,鋼筋混凝土造,79年9月27日,十七層,
RPXNMLRLKILFFGE86CC,4,97.67,見其他登記事項,見其他登記事項,101年9月1日,十五層,
RPXNMLRLKILFFGE86CC,4,74.32,見其他登記事項,見其他登記事項,101年9月1日,十五層,
RPXNMLRLKILFFBE98CC,24,137.03,商業用,鋼骨鋼筋混凝土造,81年7月25日,四十二層,
RPXNMLRLKILFFBE98CC,24,72.73,見使用執照,鋼骨鋼筋混凝土造,81年7月25日,四十二層,
RPQNMLRLKILFFBE28CC,37,48.84,,鋼筋混凝土造,69年1月18日,十一層,
RPPOMLRLKILFFBE28CC,37,81.07,,鋼筋混凝土造,68年6月27日,五層,
RPXNMLRLKILFFAE88CC,10,21.09,住家用,鋼筋混凝土造,95年8月23日,十五層,
RPXNMLRLKILFFAE88CC,10,54.22,共有部分,鋼筋混凝土造,95年8月23日,十五層,
RPROMLSLKILFFAE48CC,40,90.13,住商用,鋼筋混凝土造,65年12月16日,二層,
RPXPMLSLKILFFCE76CC,18,122.55,商業用,鋼筋混凝土造,87年7月14日,二十八層,
RPXPMLSLKILFFCE76CC,18,88.84,共有部份,鋼筋混凝土造,87年7月14日,二十八層,
RPROMLRLKILFFCE58CC,11,90.84,住家用,鋼筋混凝土造,94年12月28日,十五層,
RPXOMLSLKILFFCE66CC,31,369.73,,鋼筋混凝土造,74年8月17日,四層,
RPUOMLRLKILFFCE88CC,38,64.66,,鋼筋混凝土造,68年6月9日,五層,
RPVOMLRLKILFFCE98CC,37,73.07,,鋼筋混凝土造,68年9月20日,五層,
RPSNMLSLKILFFBE58CC,35,95.69,,鋼筋混凝土造,70年11月10日,十二層,
RPSNMLSLKILFFBE58CC,35,50.92,,鋼筋混凝土造,70年11月10日,十二層,
RPPNMLSLKILFFGE78CC,44,167.27,住商用,加強磚造,62年2月1日,三層,
RPPOMLSLKILFFGE88CC,21,132.24,住商用,鋼筋混凝土造,85年5月15日,二十層,
RPXOMLSLKILFFDE76CC,8,114.56,住家用,鋼筋混凝土造,97年10月16日,五層,
RPQQMLSLKILFFEE09DC,18,311.58,住商用,見使用執照,88年1月11日,五層,
RPTOMLSLKILFFDE98CC,42,71.54,,鋼筋混凝土造,63年9月9日,四層,
RPQOMLSLKILFFEE78CC,14,313.37,住商用,見使用執照,92年1月27日,五層,
RPSNMLSLKILFFEE88CC,76,50.86,住商用,磚造,30年2月10日,一層,
RPPQMLTLKILFFEE98CC,22,85.99,住家用,鋼筋混凝土造,83年6月21日,七層,
RPSPMLTLKILFFEE56CC,18,143.69,住商用,鋼筋混凝土造,87年6月29日,十四層,
RPRQMLTLKILFFEE56CC,2,921.95,見其它登記事項,見其它登記事項,104年3月20日,四層,
RPQNMLTLKILFFDE68CC,25,97.19,,鋼筋混凝土造,80年9月19日,二十層,
RPOPMLTLKILFFEE78CC,22,50.43,住商用,鋼筋混凝土造,83年10月26日,五層,
RPUPMLTLKILFFGE96CC,36,218.11,住商用,鋼筋混凝土造,69年9月22日,四層,
RPTQMLTLKILFFDE66CC,25,74.18,,鋼筋混凝土造,80年9月19日,二十層,
RPTQMLTLKILFFDE66CC,25,43.10,,鋼筋混凝土造,80年9月19日,二十層,
RPPOMLTLKILFFBE48CC,24,49.50,商業用,鋼筋混凝土造,81年12月8日,四層,
RPROMLTLKILFFBE68CC,32,77.63,,鋼筋混凝土造,73年8月10日,五層,
RPROMLTLKILFFBE68CC,32,77.69,,鋼筋混凝土造,73年8月10日,五層,
RPRPMLTLKILFFBE78CC,26,309.56,,鋼筋混凝土造,79年8月30日,十二層,
RPRPMLTLKILFFBE78CC,26,113.74,,鋼筋混凝土造,79年8月30日,十二層,
RPXPMLTLKILFFBE76CC,73,66.95,,木造,32年10月21日,一層,
RPXOMLTLKILFFAE56CC,28,205.15,住商用,鋼筋混凝土造,78年2月10日,十二層,
RPXOMLTLKILFFAE56CC,28,27.08,見使用執照,鋼筋混凝土造,78年2月10日,十二層,
RPWOMLTLKILFFCE66CC,12,40.57,住商用,鋼筋混凝土造,93年11月3日,五層,
RPWOMLKMKILFFCE48CC,26,165.28,商業用,鋼筋混凝土造,79年7月4日,十二層,
RPSPMLKMKILFFCE18CC,10,122.62,住家用,見其它登記事項,95年11月21日,十五層,
RPSPMLKMKILFFCE18CC,10,12.58,住家用,見其它登記事項,95年11月21日,十五層,
RPSPMLKMKILFFCE18CC,10,83.62,共有部份,見其它登記事項,95年11月21日,十五層,
RPWNMLKMKILFFAE18CC,20,21.26,住家用,鋼筋混凝土造,85年10月28日,十二層,
RPWNMLKMKILFFAE18CC,20,33.34,見使用執照,鋼筋混凝土造,85年10月28日,十二層,
RPROMLKMKILFFAE77CC,1,66.34,住家用,鋼筋混凝土造,104年7月3日,十五層,
RPROMLKMKILFFAE77CC,1,7.22,住家用,鋼筋混凝土造,104年7月3日,十五層,
RPROMLKMKILFFAE77CC,1,48.02,見其它登記事項,鋼筋混凝土造,104年7月3日,十五層,
RPPOMLKMKILFFLE68CC,21,1619.37,工業用,鋼筋混凝土造,84年8月19日,五層,
RPPOMLKMKILFFIE38CC,23,208.97,住家用,鋼筋混凝土造,82年12月31日,四層,
RPOOMLKMKILFFIE28CC,10,179.32,見其他登記事項,鋼筋混凝土造,96年2月7日,四層,
RPXNMLKMKILFFBE38CC,34,85.64,,鋼筋混凝土造,72年1月12日,五層,
RPPNMLKMKILFFDE77CC,5,100.94,住家用,鋼筋混凝土造,101年6月5日,二十二層,
RPPNMLKMKILFFDE77CC,5,15.51,住家用,鋼筋混凝土造,101年6月5日,二十二層,
RPPNMLKMKILFFDE77CC,5,69.91,共有部分,鋼筋混凝土造,101年6月5日,二十二層,
RPSNMLKMKILFFFE28CC,24,160.94,住商用,鋼筋混凝土造,81年11月25日,二層,
RPXNMLKMKILFFDE58CC,4,466.54,住商用,鋼筋混凝土造,101年8月13日,五層,
RPSOMLKMKILFFDE18CC,21,93.48,住家用,鋼筋混凝土造,84年10月20日,十層,
RPSNMLKMKILFFEE18CC,11,79.41,住家用,鋼筋混凝土造,95年3月6日,十五層,
RPSNMLKMKILFFEE18CC,11,8.60,住家用,鋼筋混凝土造,95年3月6日,十五層,
RPSNMLKMKILFFEE18CC,11,63.52,見其它登記事項,鋼筋混凝土造,95年3月6日,十五層,
RPUOMLKMKILFFEE48CC,27,56.56,見其它登記事項,鋼筋混凝土造,79年3月26日,十九層,
RPXOMLKMKILFFEE78CC,3,46.98,住家用,鋼筋混凝土造,103年3月27日,十五層,
RPXOMLKMKILFFEE78CC,3,8.44,住家用,鋼筋混凝土造,103年3月27日,十五層,
RPXOMLKMKILFFEE78CC,3,28.64,見其它登記事項,鋼筋混凝土造,103年3月27日,十五層,
RPROMLLMKILFFDE18CC,22,207.12,住商用,鋼筋混凝土造,83年11月2日,十五層,
RPROMLLMKILFFDE18CC,22,38.82,見使用執照,鋼筋混凝土造,83年11月2日,十五層,
RPXNMLLMKILFFDE68CC,28,151.03,,鋼筋混凝土造,77年12月10日,四層,
RPSNMLLMKILFFCE08CC,18,105.67,住家用,見其它登記事項,88年2月9日,三十九層,
RPSNMLLMKILFFCE08CC,18,33.76,共有部份,見其它登記事項,88年2月9日,三十九層,
RPSNMLLMKILFFCE08CC,18,34.75,見其它登記事項,見其它登記事項,88年2月9日,三十九層,
RPPNMLLMKILFFBE67CC,23,145.81,住商用,鋼筋混凝土造,83年3月2日,八層,
RPPNMLLMKILFFBE67CC,23,36.12,見使用執照,鋼筋混凝土造,83年3月2日,八層,
RPROMLNJJHMFFEE08CC,3,67.17,住家用,鋼筋混凝土造,103年4月29日,十三層,
RPROMLNJJHMFFEE08CC,3,10.35,住家用,鋼筋混凝土造,103年4月29日,十三層,
RPROMLNJJHMFFEE08CC,3,68.20,見其它登記事項,鋼筋混凝土造,103年4月29日,十三層,
RPTOMLNJJHMFFEE28CC,9,55.95,住家用,鋼筋混凝土造,97年4月10日,十五層,
RPTOMLNJJHMFFEE28CC,9,8.84,住家用,鋼筋混凝土造,97年4月10日,十五層,
RPTOMLNJJHMFFEE28CC,9,27.71,共有部分,鋼筋混凝土造,97年4月10日,十五層,
RPPNMLMJJHMFFAE27CC,13,161.09,商業用,鋼筋混凝土造,93年6月10日,十四層,
RPPNMLMJJHMFFAE27CC,13,56.12,共有部分,鋼筋混凝土造,93年6月10日,十四層,
RPSOMLNJJHMFFEE18CC,3,49.75,住家用,見其它登記事項,103年5月28日,十五層,
RPSOMLNJJHMFFEE18CC,3,7.28,住家用,見其它登記事項,103年5月28日,十五層,
RPSOMLNJJHMFFEE18CC,3,30.81,見其它登記事項,見其它登記事項,103年5月28日,十五層,
RPVNMLNJJHMFFFE48CC,29,273.95,住商用,鋼筋混凝土造,77年1月15日,四層,
RPPNMLLJJHMFFCE37CC,38,56.12,,鋼筋混凝土造,67年10月16日,五層,
RPQNMLMJJHMFFCE57CC,11,87.10,住家用,鋼筋混凝土造,94年12月27日,十三層,
RPSRMLNJJHMFFGE68CC,31,79.44,住家用,鋼筋混凝土造,75年3月25日,五層,
RPRNMLNJJHMFFAE57CC,,51.85,見其它登記事項,見其它登記事項,105年8月3日,十三層,
RPSNMLNJJHMFFAE67CC,3,120.05,住家用,鋼筋混凝土造,102年8月5日,二十四層,
RPRNMLNJJHMFFAE57CC,,4.20,見其它登記事項,見其它登記事項,105年8月3日,十三層,
RPSNMLNJJHMFFAE67CC,3,16.03,住家用,鋼筋混凝土造,102年8月5日,二十四層,
RPRNMLNJJHMFFAE57CC,,28.87,見其它登記事項,見其它登記事項,105年8月3日,十三層,
RPSNMLNJJHMFFAE67CC,3,80.68,見其它登記事項,鋼筋混凝土造,102年8月5日,二十四層,
RPRNMLNJJHMFFCE77CC,39,157.22,住家用,鋼筋混凝土造,67年6月1日,四層,
RPQSMLNJJHMFFGE58CC,35,73.65,住家用,鋼筋混凝土造,70年12月30日,五層,
RPOOMLNJJHMFFAE37CC,28,49.28,住家用,鋼筋混凝土造,77年12月19日,十二層,
RPVNMLNJJHMFFCE18CC,7,58.22,住家用,鋼筋混凝土造,98年12月24日,十九層,
RPVNMLNJJHMFFCE18CC,7,10.74,住家用,鋼筋混凝土造,98年12月24日,十九層,
RPVNMLNJJHMFFCE18CC,7,42.01,見其它登記事項,鋼筋混凝土造,98年12月24日,十九層,
RPQNMLNJJHMFFBE57CC,1,57.67,住家用,鋼筋混凝土造,104年10月23日,十五層,
RPQNMLNJJHMFFBE57CC,1,3.76,住家用,鋼筋混凝土造,104年10月23日,十五層,
RPQNMLNJJHMFFBE57CC,1,63.33,共有部分,鋼筋混凝土造,104年10月23日,十五層,
RPTNMLNJJHMFFBE87CC,8,28.91,住家用,鋼筋混凝土造,97年9月19日,十三層,
RPTNMLNJJHMFFBE87CC,8,9.46,住家用,鋼筋混凝土造,97年9月19日,十三層,
RPTNMLNJJHMFFBE87CC,8,9.48,共有部分,鋼筋混凝土造,97年9月19日,十三層,
RPSNMLNJJHMFFBE77CC,20,239.20,住家用,鋼筋混凝土造,86年4月30日,二十八層,
RPSNMLNJJHMFFBE77CC,20,16.86,住家用,鋼筋混凝土造,86年4月30日,二十八層,
RPSNMLNJJHMFFBE77CC,20,131.84,見使用執照,鋼筋混凝土造,86年4月30日,二十八層,
RPQNMLOJJHMFFBE67CC,20,76.07,住家用,鋼筋混凝土造,86年4月21日,三十五層,
RPQNMLOJJHMFFBE67CC,20,9.91,住家用,鋼筋混凝土造,86年4月21日,三十五層,
RPQNMLOJJHMFFBE67CC,20,41.95,見使用執照,鋼筋混凝土造,86年4月21日,三十五層,
RPPNMLOJJHMFFBE57CC,20,59.70,住家用,鋼筋混凝土造,86年4月21日,三十五層,
RPPNMLOJJHMFFBE57CC,20,13.71,住家用,鋼筋混凝土造,86年4月21日,三十五層,
RPPNMLOJJHMFFBE57CC,20,34.63,見使用執照,鋼筋混凝土造,86年4月21日,三十五層,
RPWOMLNJJHMFFBE28CC,38,73.48,,鋼筋混凝土造,68年4月21日,五層,
RPSOMLOJJHMFFBE97CC,39,61.29,,鋼筋混凝土造,66年11月10日,五層,
RPRNMLNJJHMFFBE67CC,8,34.10,住家用,鋼筋混凝土造,97年9月19日,十三層,
RPRNMLNJJHMFFBE67CC,8,3.74,住家用,鋼筋混凝土造,97年9月19日,十三層,
RPRNMLNJJHMFFBE67CC,8,9.40,共有部分,鋼筋混凝土造,97年9月19日,十三層,
RPRNMLOJJHMFFBE77CC,10,81.27,住家用,鋼筋混凝土造,96年3月14日,二十八層,
RPRNMLOJJHMFFBE77CC,10,11.71,住家用,鋼筋混凝土造,96年3月14日,二十八層,
RPRNMLOJJHMFFBE77CC,10,35.21,共有部分,鋼筋混凝土造,96年3月14日,三十層,
RPXNMLOJJHMFFAE28CC,24,125.47,住商用,鋼造,82年3月4日,二層,
RPSNMLOJJHMFFAE77CC,4,77.47,住家用,鋼筋混凝土造,101年10月25日,十五層,
RPSNMLOJJHMFFAE77CC,4,8.20,住家用,鋼筋混凝土造,101年10月25日,十五層,
RPSNMLOJJHMFFAE77CC,4,60.96,見其它登記事項,鋼筋混凝土造,101年10月25日,十五層,
RPRNMLOJJHMFFEE08CC,1,59.47,見其它登記事項,見其它登記事項,105年3月22日,十五層,
RPRNMLOJJHMFFEE08CC,1,10.30,見其它登記事項,見其它登記事項,105年3月22日,十五層,
RPRNMLOJJHMFFEE08CC,1,58.06,見其它登記事項,見其它登記事項,105年3月22日,十五層,
RPRNMLOJJHMFFAE67CC,4,153.47,住家用,鋼筋混凝土造,102年3月13日,二十六層,
RPRNMLOJJHMFFAE67CC,4,15.91,住家用,鋼筋混凝土造,102年3月13日,二十六層,
RPRNMLOJJHMFFAE67CC,4,109.54,見其它登記事項,鋼筋混凝土造,102年3月13日,二十六層,
RPQOMLOJJHMFFEE08CC,18,152.87,住商用,鋼筋混凝土造,87年10月28日,十四層,
RPQOMLOJJHMFFEE08CC,18,55.05,見使用執照,鋼筋混凝土造,87年10月28日,十四層,
RPXOMLOJJHMFFDE68CC,37,216.02,,鋼筋混凝土造,68年10月26日,四層,
RPUNMLPJJHMFFDE38CC,26,32.89,,鋼筋混凝土造,79年9月21日,十二層,
RPUNMLPJJHMFFDE38CC,26,13.78,,鋼筋混凝土造,79年9月21日,十二層,
RPXNMLPJJHMFFDE68CC,48,153.96,住商用,加強磚造,58年6月2日,三層,
RPUNMLPJJHMFFGE68CC,22,109.26,住家用,鋼筋混凝土造,83年8月27日,二十三層,
RPUNMLPJJHMFFGE68CC,22,22.90,共有部份,鋼筋混凝土造,83年8月27日,二十三層,
RPROMLPJJHMFFGE48CC,38,80.64,住商用,加強磚造,68年1月5日,二層,
RPQOMLQJJHMFFFE38CC,23,426.80,工業用,鋼筋混凝土造,83年2月3日,四層,
RPVOMLQJJHMFFDE68CC,36,78.31,,鋼筋混凝土造,70年4月17日,五層,
RPPOMLPJJHMFFAE77DC,7,104.66,住家用,鋼筋混凝土造,98年12月30日,十五層,
RPPOMLPJJHMFFAE77DC,7,67.41,共有部分,鋼筋混凝土造,98年12月30日,十五層,
RPOOMLQJJHMFFBE77CC,10,123.90,住家用,鋼筋混凝土造,96年5月15日,十五層,
RPUNMLRJJHMFFBE38CC,40,103.31,,鋼筋混凝土造,65年11月24日,十層,
RPTNMLRJJHMFFBE28CC,40,36.56,,鋼筋混凝土造,65年11月24日,十層,
RPVNMLRJJHMFFBE48CC,40,85.69,,鋼筋混凝土造,65年11月24日,十層,
RPXNMLRJJHMFFBE68CC,40,68.99,,鋼筋混凝土造,65年11月24日,十層,
RPRNMLRJJHMFFFE48CC,21,100.82,住家用,鋼筋混凝土造,84年11月18日,二十四層,
RPQNMLRJJHMFFIE68CC,18,219.27,住商用,鋼筋混凝土造,88年3月24日,十二層,
RPWOMLTJJHMFFIE07DC,38,315.00,住家用,加強磚造,68年4月20日,二層,
RPPOMLTJJHMFFGE68CC,2,322.11,見其他登記事項,見其他登記事項,103年8月20日,五層,
RPSQMLTJJHMFFDE88CC,22,107.24,住家用,鋼筋混凝土造,83年10月4日,二十二層,
RPSQMLTJJHMFFDE88CC,22,14.46,見使用執照,鋼筋混凝土造,83年10月4日,二十二層,
RPQOMLTJJHMFFDE48CC,36,92.79,,鋼筋混凝土造,69年7月21日,十二層,
RPQOMLTJJHMFFAE18CC,4,127.53,商業用,鋼骨鋼筋混凝土造,101年10月11日,三十層,
RPQOMLTJJHMFFAE18CC,4,42.47,見其它登記事項,鋼骨鋼筋混凝土造,101年10月11日,三十層,
RPOOMLTJJHMFFBE08CC,52,98.58,,加強磚造,54年5月10日,二層,
RPVNMLTJJHMFFAE58CC,12,86.89,住家用,鋼筋混凝土造,94年4月21日,十五層,
RPVNMLTJJHMFFAE58CC,12,36.61,共有部分,鋼筋混凝土造,94年4月21日,十五層,
RPPOMLTJJHMFFEE48CC,37,157.23,,鋼筋混凝土造,68年8月9日,三層,
RPQPMLTJJHMFFCE48CC,2,274.48,住家用,鋼筋混凝土造,103年7月15日,二十九層,
RPWNMLKKJHMFFAE87CC,33,131.38,,鋼筋混凝土造,72年12月24日,十二層,
RPWNMLKKJHMFFAE87CC,33,5.93,,鋼筋混凝土造,72年12月24日,十二層,
RPVNMLKKJHMFFBE87CC,26,594.13,,鋼筋混凝土造,79年11月30日,十二層,
RPVNMLKKJHMFFBE87CC,26,311.14,,鋼筋混凝土造,79年11月30日,十二層,
RPSNMLKKJHMFFCE67CC,34,75.42,,鋼筋混凝土造,71年8月5日,五層,
RPOOMLKKJHMFFEE57CC,28,38.41,住商用,鋼筋混凝土造,77年12月6日,四層,
RPOOMLKKJHMFFEE57CC,28,48.65,住商用,鋼筋混凝土造,77年12月6日,四層,
RPOOMLKKJHMFFEE57CC,28,48.65,住商用,鋼筋混凝土造,77年12月6日,四層,
RPOOMLKKJHMFFEE57CC,28,48.65,住商用,鋼筋混凝土造,77年12月6日,四層,
RPOOMLKKJHMFFEE57CC,28,6.33,住商用,鋼筋混凝土造,77年12月6日,四層,
RPOOMLKKJHMFFEE57CC,28,13.89,住商用,鋼筋混凝土造,77年12月6日,四層,
RPOOMLKKJHMFFEE57CC,28,14.87,住商用,鋼筋混凝土造,77年12月6日,四層,
RPOOMLKKJHMFFEE57CC,28,34.16,住商用,鋼筋混凝土造,77年12月6日,四層,
RPTNMLKKJHMFFEE97CC,19,104.60,住家用,鋼筋混凝土造,87年2月17日,二十六層,
RPTNMLKKJHMFFEE97CC,19,37.33,見使用執照,鋼筋混凝土造,87年2月17日,二十六層,
RPQOMLKKJHMFFEE77CC,8,37.89,住家用,鋼筋混凝土造,98年6月12日,四層,
RPQOMLKKJHMFFEE77CC,8,37.89,住家用,鋼筋混凝土造,98年6月12日,四層,
RPQOMLKKJHMFFEE77CC,8,37.89,住家用,鋼筋混凝土造,98年6月12日,四層,
RPQOMLKKJHMFFEE77CC,8,37.89,住家用,鋼筋混凝土造,98年6月12日,四層,
RPQOMLKKJHMFFEE77CC,8,19.02,住家用,鋼筋混凝土造,98年6月12日,四層,
RPQOMLKKJHMFFEE77CC,8,29.62,住家用,鋼筋混凝土造,98年6月12日,四層,
RPQOMLKKJHMFFEE77CC,8,5.46,住家用,鋼筋混凝土造,98年6月12日,四層,
RPUNMLKKJHMFFAE77DC,34,323.70,,鋼筋混凝土造,72年3月21日,五層,
RPVNMLKKJHMFFGE38CC,12,214.47,見其他登記事項,見其他登記事項,94年5月15日,四層,
RPWNMLKKJHMFFIE78DC,29,35.64,住商用,鋼筋混凝土造,76年11月20日,四層,
RPPPMLLKJHMFFGE08CC,43,189.00,住商用,加強磚造,63年2月28日,三層,
RPQOMLLKJHMFFDE77CC,38,87.41,,鋼筋混凝土造,68年5月28日,五層,
RPUOMLLKJHMFFCE08CC,18,47.47,住家用,見其它登記事項,88年2月9日,三十九層,
RPOPMLLKJHMFFIE18CC,28,737.40,住商用,鋼造,77年9月18日,一層,
RPWOMLLKJHMFFCE28CC,18,47.47,住家用,見其它登記事項,88年2月9日,三十九層,
RPXOMLLKJHMFFCE38CC,2,452.00,住家用,鋼筋混凝土造,103年10月6日,二十六層,
RPPNMLMKJHMFFBE47CC,35,99.14,,鋼筋混凝土造,70年11月4日,五層,
RPXNMLLKJHMFFBE18CC,43,47.59,,加強磚造,62年7月20日,三層,
RPTNMLMKJHMFFDE08CC,49,89.48,,加強磚造,57年3月15日,二層,
RPOPMLMKJHMFFEE87CC,9,389.82,住商用,鋼筋混凝土造,96年12月28日,五層,
RPPNMLMKJHMFFLE58DC,36,143.40,住商用,鋼筋混凝土造,69年6月25日,三層,
RPVNMLQKJHMFFAE38CC,4,124.02,住商用,鋼筋混凝土造,102年3月13日,二十三層,
RPSNMLNKJHMFFCE97CC,40,63.74,,鋼筋混凝土造,66年7月1日,五層,
RPRNMLNKJHMFFDE97CC,46,64.52,,加強磚造,60年5月12日,三層,
RPSNMLQKJHMFFAE08CC,7,70.45,住商用,鋼筋混凝土造,98年7月16日,五層,
RPSNMLQKJHMFFAE08CC,7,70.45,住商用,鋼筋混凝土造,98年7月16日,五層,
RPSNMLQKJHMFFAE08CC,7,67.63,住商用,鋼筋混凝土造,98年7月16日,五層,
RPSNMLQKJHMFFAE08CC,7,67.63,住商用,鋼筋混凝土造,98年7月16日,五層,
RPSNMLQKJHMFFAE08CC,7,68.02,住商用,鋼筋混凝土造,98年7月16日,五層,
RPSNMLQKJHMFFAE08CC,7,17.98,住商用,鋼筋混凝土造,98年7月16日,五層,
RPSNMLQKJHMFFAE08CC,7,41.83,住商用,鋼筋混凝土造,98年7月16日,五層,
RPSNMLQKJHMFFAE08CC,7,2.43,住商用,鋼筋混凝土造,98年7月16日,五層,
RPPOMLNKJHMFFAE57CC,11,135.51,住家用,鋼筋混凝土造,94年9月9日,十四層,
RPVNMLQKJHMFFDE68CC,10,272.92,見其它登記事項,鋼筋混凝土造,96年6月26日,二十四層,
RPXNMLQKJHMFFBE68CC,20,135.64,商業用,鋼造,86年2月12日,二十七層,
RPXNMLQKJHMFFBE68CC,20,89.74,見使用執照,鋼造,86年2月12日,二十七層,
RPUOMLQKJHMFFBE48CC,40,49.70,,鋼筋混凝土造,66年7月8日,八層,
RPROMLQKJHMFFBE18CC,29,134.47,,鋼筋混凝土造,77年2月9日,十八層,
RPROMLQKJHMFFBE18CC,29,39.54,,鋼筋混凝土造,77年2月9日,十八層,
RPXOMLQKJHMFFEE09CC,26,533.63,住商用,鋼筋混凝土造,79年7月20日,五層,
RPWOMLQKJHMFFEE98CC,37,79.02,,鋼筋混凝土造,68年12月6日,四層,
RPTOMLQKJHMFFBE48DC,37,114.91,,鋼筋混凝土造,68年11月14日,五層,
RPQPMLQKJHMFFEE48CC,27,74.08,見其它登記事項,鋼筋混凝土造,79年3月26日,十九層,
RPPNMLQKJHMFFGE38CC,5,185.86,見其他登記事項,鋼筋混凝土造,100年12月15日,四層,
RPQNMLQKJHMFFGE48CC,27,170.08,住商用,鋼筋混凝土造,78年11月15日,七層,
RPWNMLQKJHMFFGE09CC,24,81.98,住商用,鋼筋混凝土造,81年11月10日,十三層,
RPWNMLQKJHMFFGE09CC,24,77.30,住商用,鋼筋混凝土造,81年11月10日,十三層,
RPUOMLQKJHMFFGE98CC,,54.08,見其他登記事項,見其他登記事項,105年11月1日,十五層,
RPRNMLQKJHMFFEE48DC,25,139.88,住家用,鋼筋混凝土造,81年5月18日,六層,
RPVNMLRKJHMFFGE09CC,30,222.95,見使用執照,鋼筋混凝土造,76年1月7日,四層,
RPQOMLRKJHMFFEE48CC,17,965.84,見使用執照,見使用執照,88年8月31日,二層,
RPQOMLRKJHMFFEE48CC,17,872.28,見使用執照,見使用執照,88年8月31日,二層,
RPQPMLRKJHMFFDE48CC,33,509.77,,鋼筋混凝土造,72年12月19日,二層,
RPWOMLRKJHMFFIE86CC,9,133.61,見其他登記事項,鋼筋混凝土造,97年1月15日,十五層,
RPWOMLRKJHMFFIE86CC,9,24.53,見其他登記事項,鋼筋混凝土造,97年1月15日,十五層,
RPWOMLRKJHMFFIE86CC,9,93.95,共有部份,鋼筋混凝土造,97年1月15日,二十三層,
RPSPMLRKJHMFFDE68CC,52,99.06,住家用,加強磚造,54年6月1日,二層,
RPUOMLRKJHMFFCE68CC,6,169.93,住家用,見其它登記事項,100年6月22日,二十七層,
RPUOMLRKJHMFFCE68CC,6,20.15,住家用,見其它登記事項,100年6月22日,二十七層,
RPUOMLRKJHMFFCE68CC,6,129.14,見其它登記事項,見其它登記事項,100年6月22日,二十七層,
RPSOMLRKJHMFFDE58CC,4,75.79,住家用,鋼筋混凝土造,101年9月27日,十五層,
RPSOMLRKJHMFFDE58CC,4,10.26,住家用,鋼筋混凝土造,101年9月27日,十五層,
RPSOMLRKJHMFFDE58CC,4,63.52,共有部分,鋼筋混凝土造,101年9月27日,十五層,
RPSOMLRKJHMFFBE38CC,10,130.14,住家用,鋼骨鋼筋混凝土造,95年7月28日,十五層,
RPSOMLRKJHMFFBE38CC,10,25.59,住家用,鋼骨鋼筋混凝土造,95年7月28日,十五層,
RPSOMLRKJHMFFBE38CC,10,85.63,見其他登記事項,鋼骨鋼筋混凝土造,95年7月28日,十五層,
RPQOMLRKJHMFFAE08CC,5,157.59,住家用,鋼筋混凝土造,101年4月19日,二十八層,
RPQOMLRKJHMFFAE08CC,5,19.00,住家用,鋼筋混凝土造,101年4月19日,二十八層,
RPQOMLRKJHMFFAE08CC,5,150.96,見其它登記事項,鋼筋混凝土造,101年4月19日,二十八層,
RPROMLRKJHMFFBE28CC,27,32.12,,鋼筋混凝土造,79年7月13日,七層,
RPROMLRKJHMFFBE28CC,27,10.31,,鋼筋混凝土造,79年7月13日,七層,
RPXNMLSKJHMFFCE98CC,33,82.91,,鋼筋混凝土造,72年11月4日,五層,
RPTNMLSKJHMFFCE58CC,3,183.23,住家用,鋼筋混凝土造,103年7月15日,二十九層,
RPTNMLSKJHMFFCE58CC,3,23.60,住家用,鋼筋混凝土造,103年7月15日,二十九層,
RPTNMLSKJHMFFCE58CC,3,83.94,見其它登記事項,鋼筋混凝土造,103年7月15日,二十九層,
RPWQMLSKJHMFFCE56CC,18,168.94,商業用,鋼筋混凝土造,87年7月14日,二十八層,
RPWQMLSKJHMFFCE56CC,18,76.22,共有部份,鋼筋混凝土造,87年7月14日,二十八層,
RPPNMLSKJHMFFAE97CC,3,155.62,住家用,見其它登記事項,103年5月8日,二十一層,
RPPNMLSKJHMFFAE97CC,3,30.07,住家用,見其它登記事項,103年5月8日,二十一層,
RPPNMLSKJHMFFAE97CC,3,144.66,見其它登記事項,見其它登記事項,103年5月8日,二十一層,
RPVNMLSKJHMFFAE58CC,10,121.23,住家用,鋼筋混凝土造,96年4月2日,十五層,
RPVNMLSKJHMFFAE58CC,10,62.96,見其它登記事項,鋼筋混凝土造,96年4月2日,十五層,
RPRNMLSKJHMFFAE18CC,3,121.10,住家用,見其它登記事項,103年5月8日,二十一層,
RPRNMLSKJHMFFAE18CC,3,21.47,住家用,見其它登記事項,103年5月8日,二十一層,
RPRNMLSKJHMFFAE18CC,3,99.80,見其它登記事項,見其它登記事項,103年5月8日,二十一層,
RPPNMLSKJHMFFBE08CC,10,81.27,住家用,鋼筋混凝土造,96年3月14日,二十八層,
RPPNMLSKJHMFFBE08CC,10,12.23,住家用,鋼筋混凝土造,96年3月14日,二十八層,
RPPNMLSKJHMFFBE08CC,10,52.03,共有部分,鋼筋混凝土造,96年3月14日,三十層,
RPXNMLSKJHMFFBE88CC,20,147.13,住家用,鋼筋混凝土造,86年4月21日,三十五層,
RPSNMLSKJHMFFBE38CC,14,97.56,住家用,鋼筋混凝土造,91年7月17日,十四層,
RPSNMLSKJHMFFBE38CC,14,14.74,住家用,鋼筋混凝土造,91年7月17日,十四層,
RPSNMLSKJHMFFBE38CC,14,63.21,見其他登記事項,鋼筋混凝土造,91年7月17日,十四層,
RPRNMLSKJHMFFBE28CC,5,128.26,住家用,鋼筋混凝土造,101年7月5日,二十九層,
RPRNMLSKJHMFFBE28CC,5,38.04,住家用,鋼筋混凝土造,101年7月5日,二十九層,
RPRNMLSKJHMFFBE28CC,5,85.75,見其他登記事項,鋼筋混凝土造,101年7月5日,二十九層,
RPTOMLSKJHMFFBE58CC,32,102.59,,鋼筋混凝土造,73年9月19日,十二層,
RPTOMLSKJHMFFBE58CC,32,18.08,,鋼筋混凝土造,73年9月19日,十二層,
RPUOMLSKJHMFFBE68CC,51,400.38,,加強磚造,55年1月15日,三層,
RPOOMLSKJHMFFBE08CC,20,167.16,住商用,鋼筋混凝土造,86年4月21日,三十五層,
RPVOMLSKJHMFFBE78CC,29,141.04,,鋼筋混凝土造,77年3月31日,七層,
RPRNMLSKJHMFFDE48CC,3,86.23,住家用,鋼筋混凝土造,102年10月3日,十五層,
RPRNMLSKJHMFFDE48CC,3,14.01,住家用,鋼筋混凝土造,102年10月3日,十五層,
RPRNMLSKJHMFFDE48CC,3,74.91,共有部分,鋼筋混凝土造,102年10月3日,十五層,
RPUNMLSKJHMFFDE78CC,12,217.30,住商用,鋼筋混凝土造,94年6月1日,十二層,
RPOOMLSKJHMFFDE28CC,32,259.21,,鋼筋混凝土造,73年12月19日,四層,
RPOOMLSKJHMFFDE28CC,32,259.21,,鋼筋混凝土造,73年12月19日,四層,
RPQOMLSKJHMFFDE48CC,31,86.30,,鋼筋混凝土造,74年7月22日,四層,
RPRPMLSKJHMFFGE98CC,6,391.97,見其他登記事項,見其他登記事項,100年5月10日,五層,
RPUNMLTKJHMFFGE56CC,20,46.49,住家用,鋼筋混凝土造,86年6月7日,二十三層,
RPTPMLSKJHMFFGE56CC,16,53.62,見其他登記事項,鋼筋混凝土造,90年6月22日,十二層,
RPTPMLSKJHMFFGE56CC,16,17.89,見其他登記事項,鋼筋混凝土造,90年6月22日,十二層,
RPWOMLSKJHMFFEE56CC,26,42.43,住商用,鋼筋混凝土造,80年7月3日,十四層,
RPWOMLSKJHMFFEE56CC,26,42.43,住商用,鋼筋混凝土造,80年7月3日,十四層,
RPRNMLSKJHMFFEE58CC,3,70.99,住家用,鋼筋混凝土造,102年11月11日,十五層,
RPRNMLSKJHMFFEE58CC,3,12.14,住家用,鋼筋混凝土造,102年11月11日,十五層,
RPRNMLSKJHMFFEE58CC,3,60.87,見其它登記事項,鋼筋混凝土造,102年11月11日,十五層,
RPQNMLSKJHMFFEE48CC,3,42.90,住家用,鋼筋混凝土造,102年8月8日,十五層,
RPQNMLSKJHMFFEE48CC,3,10.37,住家用,鋼筋混凝土造,102年8月8日,十五層,
RPQNMLSKJHMFFEE48CC,3,28.83,見其它登記事項,鋼筋混凝土造,102年8月8日,十五層,
RPRNMLTKJHMFFDE58CC,3,117.98,見其它登記事項,見其它登記事項,102年12月1日,一層,
RPUOMLTKJHMFFBE78CC,20,142.51,住家用,鋼筋混凝土造,86年4月21日,三十五層,
RPXOMLTKJHMFFBE09CC,36,75.17,,鋼筋混凝土造,69年12月20日,五層,
RPPPMLTKJHMFFBE38CC,51,79.84,住家用,加強磚造,55年5月28日,二層,
RPQPMLTKJHMFFBE48CC,40,154.20,,鋼筋混凝土造,66年3月28日,三層,
RPOPMLTKJHMFFBE28CC,40,75.88,,鋼筋混凝土造,66年3月19日,十一層,
RPOPMLTKJHMFFBE28CC,40,15.24,見其他登記事項,鋼筋混凝土造,66年3月19日,十一層,
RPOPMLTKJHMFFAE18CC,23,131.05,商業用,鋼筋混凝土造,83年4月22日,十三層,
RPOPMLTKJHMFFAE18CC,23,62.44,見使用執照,鋼筋混凝土造,83年4月22日,十三層,
RPPOMLTKJHMFFCE38CC,9,157.76,住家用,鋼筋混凝土造,97年3月7日,二十九層,
RPPOMLTKJHMFFCE38CC,9,22.36,住家用,鋼筋混凝土造,97年3月7日,二十九層,
RPPOMLTKJHMFFCE38CC,9,91.11,共有部份,鋼筋混凝土造,97年3月7日,二十九層,
RPWOMLTKJHMFFCE09CC,28,230.28,住商用,鋼筋混凝土造,77年9月30日,三層,
RPUNMLKLJHMFFBE87CC,41,100.48,,鋼筋混凝土造,64年7月21日,四層,
RPSPMLKLJHMFFDE08CC,38,62.69,,鋼筋混凝土造,68年4月16日,五層,
RPSPMLKLJHMFFDE08CC,38,53.51,,鋼筋混凝土造,68年4月16日,五層,
RPWNMLKLJHMFFGE58CC,21,154.56,住商用,鋼筋混凝土造,85年1月10日,十六層,
RPUOMLKLJHMFFEE28CC,2,112.59,住家用,鋼筋混凝土造,103年11月4日,十五層,
RPPNMLLLJHMFFAE37CC,11,192.21,住商用,鋼筋混凝土造,95年3月31日,五層,
RPSNMLKLJHMFFGE18CC,26,123.00,見使用執照,鋼筋混凝土造,80年2月20日,七層,
RPOOMLNLJHMFFAE57CC,27,375.26,商業用,鋼筋混凝土造,78年12月22日,十二層,
RPOOMLNLJHMFFAE57CC,27,138.30,住商用,鋼筋混凝土造,78年12月22日,十二層,
RPSOMLNLJHMFFBE08CC,49,214.50,住商用,加強磚造,56年12月27日,三層,
RPWOMLNLJHMFFBE48CC,35,120.28,,鋼筋混凝土造,70年8月15日,十二層,
RPXNMLNLJHMFFGE98CC,7,327.00,見其他登記事項,鋼筋混凝土造,99年1月20日,四層,
RPXOMLNLJHMFFLE07DC,45,26.44,住家用,加強磚造,61年2月10日,二層,
RPORMLNLJHMFFDE18CC,23,54.14,住商用,鋼筋混凝土造,83年2月8日,十三層,
RPORMLNLJHMFFDE18CC,23,22.08,見使用執照,鋼筋混凝土造,83年2月8日,十三層,
RPUOMLOLJHMFFDE58CC,20,34.45,住家用,鋼筋混凝土造,85年7月29日,十六層,
RPOQMLOLJHMFFEE28CC,,53.05,見其它登記事項,見其它登記事項,105年8月19日,十五層,
RPOQMLOLJHMFFEE28CC,,5.13,見其它登記事項,見其它登記事項,105年8月19日,十五層,
RPOQMLOLJHMFFEE28CC,,31.05,見其它登記事項,見其它登記事項,105年8月19日,十五層,
RPXOMLOLJHMFFDE88CC,49,88.53,住商用,加強磚造,56年10月9日,二層,
RPTOMLNLJHMFFEE48CC,38,38.22,,鋼筋混凝土造,68年2月20日,三層,
RPWNMLOLJHMFFFE88CC,23,203.76,工業用,鋼造,83年3月17日,二層,
RPWNMLOLJHMFFFE88CC,23,212.25,工業用,鋼造,83年3月17日,二層,
RPQOMLOLJHMFFGE48CC,37,133.98,住商用,鋼筋混凝土造,69年1月9日,三層,
RPRNMLOLJHMFFBE97CC,2,24.55,住家用,鋼筋混凝土造,104年2月24日,七層,
RPUNMLOLJHMFFBE28CC,33,57.18,,鋼筋混凝土造,72年10月29日,二十三層,
RPROMLOLJHMFFBE08CC,7,138.86,住家用,鋼筋混凝土造,98年10月5日,十五層,
RPROMLOLJHMFFBE08CC,,63.93,見其他登記事項,鋼筋混凝土造,,十五層,
RPUOMLOLJHMFFBE38CC,9,142.49,住家用,鋼筋混凝土造,96年8月13日,十五層,
RPUOMLOLJHMFFBE38CC,9,67.27,,鋼筋混凝土造,96年8月13日,十五層,
RPROMLOLJHMFFCE18CC,18,139.06,商業用,鋼筋混凝土造,87年7月14日,二十八層,
RPROMLOLJHMFFCE18CC,18,3.65,商業用,鋼筋混凝土造,87年7月14日,二十八層,
RPROMLOLJHMFFCE18CC,18,81.06,共有部份,鋼筋混凝土造,87年7月14日,二十八層,
RPROMLOLJHMFFCE18CC,18,151.75,商業用,鋼筋混凝土造,87年7月14日,二十八層,
RPROMLOLJHMFFCE18CC,18,13.08,商業用,鋼筋混凝土造,87年7月14日,二十八層,
RPROMLOLJHMFFCE18CC,18,4.11,商業用,鋼筋混凝土造,87年7月14日,二十八層,
RPROMLOLJHMFFCE18CC,18,90.91,共有部份,鋼筋混凝土造,87年7月14日,二十八層,
RPSNMLOLJHMFFCE18CC,10,107.90,住家用,見其它登記事項,95年11月21日,十五層,
RPSNMLOLJHMFFCE18CC,10,12.55,住家用,見其它登記事項,95年11月21日,十五層,
RPSNMLOLJHMFFCE18CC,10,2.46,住家用,見其它登記事項,95年11月21日,十五層,
RPSNMLOLJHMFFCE18CC,10,66.55,共有部份,見其它登記事項,95年11月21日,十五層,
RPUNMLOLJHMFFAE18CC,27,375.26,商業用,鋼筋混凝土造,78年12月22日,十二層,
RPUNMLOLJHMFFAE18CC,27,138.30,住商用,鋼筋混凝土造,78年12月22日,十二層,
RPPPMLOLJHMFFBE97CC,2,85.92,住家用,鋼筋混凝土造,103年10月31日,二十四層,
RPPPMLOLJHMFFBE97CC,2,57.07,共有部分,鋼筋混凝土造,103年10月31日,二十四層,
RPSOMLOLJHMFFCE28CC,18,27.14,住家用,見其它登記事項,88年2月9日,三十九層,
RPSOMLOLJHMFFCE28CC,18,4.75,住家用,見其它登記事項,88年2月9日,三十九層,
RPSOMLOLJHMFFCE28CC,18,15.58,共有部份,見其它登記事項,88年2月9日,三十九層,
RPVOMLOLJHMFFCE58CC,7,63.08,住家用,鋼筋混凝土造,98年12月24日,十九層,
RPVOMLOLJHMFFCE58CC,7,39.22,見其它登記事項,鋼筋混凝土造,98年12月24日,十九層,
RPPPMLOLJHMFFCE08CC,18,31.89,住家用,見其它登記事項,88年2月9日,三十九層,
RPPPMLOLJHMFFCE08CC,18,15.58,共有部份,見其它登記事項,88年2月9日,三十九層,
RPUOMLOLJHMFFCE48CC,6,50.04,住家用,鋼筋混凝土造,100年1月25日,十五層,
RPUOMLOLJHMFFCE48CC,6,26.92,見其它登記事項,鋼筋混凝土造,100年1月25日,十五層,
RPQPMLOLJHMFFCE18CC,11,128.94,住家用,鋼筋混凝土造,94年12月28日,十五層,
RPQPMLOLJHMFFCE18CC,10,58.58,共有部份,鋼筋混凝土造,96年5月9日,二十七層,
RPXOMLOLJHMFFCE78CC,11,85.46,住家用,鋼筋混凝土造,95年3月14日,十四層,
RPXOMLOLJHMFFCE78CC,11,37.18,共有部份,鋼筋混凝土造,95年3月14日,十四層,
RPSPMLOLJHMFFCE38CC,18,28.26,住家用,見其它登記事項,88年2月9日,三十九層,
RPSPMLOLJHMFFCE38CC,18,12.98,共有部份,見其它登記事項,88年2月9日,三十九層,
RPPQMLPLJHMFFCE28CC,33,79.00,,鋼筋混凝土造,73年4月27日,五層,
RPWOMLPLJHMFFCE78CC,1,71.33,見其它登記事項,鋼筋混凝土造,104年12月16日,十三層,
RPTNMLPLJHMFFBE28CC,25,177.97,商業用,鋼筋混凝土造,80年7月22日,十二層,
RPTNMLPLJHMFFBE28CC,25,67.99,見使用執照,鋼筋混凝土造,80年7月22日,十二層,
RPWNMLPLJHMFFBE58CC,24,152.89,商業用,鋼骨鋼筋混凝土造,81年7月25日,四十二層,
RPWNMLPLJHMFFBE58CC,24,70.20,見使用執照,鋼骨鋼筋混凝土造,81年7月25日,四十二層,
RPQOMLPLJHMFFAE97CC,10,85.79,住家用,鋼筋混凝土造,95年11月1日,十五層,
RPXNMLPLJHMFFBE68CC,26,164.14,,鋼筋混凝土造,79年8月18日,十一層,
RPXNMLPLJHMFFBE68CC,26,37.56,,鋼筋混凝土造,79年8月18日,十一層,
RPVNMLPLJHMFFAE38CC,27,223.44,商業用,鋼筋混凝土造,79年1月22日,十四層,
RPVNMLPLJHMFFAE38CC,27,55.58,見使用執照,鋼筋混凝土造,79年1月22日,十四層,
RPOPMLPLJHMFFBE97CC,25,138.91,商業用,鋼筋混凝土造,80年11月4日,十八層,
RPUNMLPLJHMFFDE58CC,23,361.78,住商用,鋼筋混凝土造,82年8月13日,七層,
RPVQMLPLJHMFFDE98CC,18,39.78,商業用,鋼骨鋼筋混凝土造,87年9月29日,二十五層,
RPTNMLQLJHMFFDE58CC,44,170.88,,加強磚造,62年4月7日,三層,
RPVNMLPLJHMFFBE58DC,35,112.37,,鋼筋混凝土造,70年12月22日,七層,
RPVNMLPLJHMFFBE58DC,35,112.37,,鋼筋混凝土造,70年12月22日,七層,
RPPQMLPLJHMFFEE48CC,13,207.76,住商用,見使用執照,93年6月17日,四層,
RPTOMLQLJHMFFEE78CC,18,61.00,住商用,鋼筋混凝土造,87年7月6日,十四層,
RPTOMLQLJHMFFEE78CC,18,26.29,見使用執照,鋼筋混凝土造,87年7月6日,十四層,
RPWNMLQLJHMFFJE86CC,24,173.36,住商用,鋼筋混凝土造,81年12月4日,四層,
RPROMLQLJHMFFJE09CC,21,104.32,見其他登記事項,鋼筋混凝土造,85年7月8日,七層,
RPVNMLQLJHMFFBE58CC,20,296.59,住家用,鋼筋混凝土造,86年4月21日,三十五層,
RPUNMLQLJHMFFJE66CC,34,189.21,住商用,鋼筋混凝土造,72年5月23日,三層,
RPSNMLQLJHMFFBE28CC,20,73.27,住家用,鋼筋混凝土造,86年4月21日,三十五層,
RPSNMLQLJHMFFBE28CC,20,27.97,見使用執照,鋼筋混凝土造,86年4月21日,三十五層,
