﻿編號,屋齡,建物移轉面積平方公尺,主要用途,主要建材,建築完成日期,總層數,建物分層
The serial number,room age,building shifting area square meter,the main use,main building materials,construction completes the date,total layer,building lamination
RPSNMLOJJILFFCQ98CA,36,102.03,住商用,鋼筋混凝土加強磚造,69年7月31日,二層,一層 二層 電梯樓梯間
RPPNMLMKJILFFDQ68CA,19,77.79,住家用,鋼筋混凝土造,86年5月24日,五層,四層
RPPNMLMKJILFFDQ68CA,19,11.82,見其他登記事項,鋼筋混凝土造,86年5月24日,五層,
RPPNMLMKJILFFDQ68CA,19,26.61,見其他登記事項,鋼筋混凝土造,86年5月24日,五層,
RPQNMLMJJILFFDQ68CA,36,130.77,住家用,鋼筋混凝土加強磚造,70年3月15日,二層,一層 二層 騎樓
RPQNMLMKJILFFDQ78CA,19,71.29,住家用,鋼筋混凝土造,86年5月24日,五層,四層
RPQNMLMKJILFFDQ78CA,19,10.14,見其他登記事項,鋼筋混凝土造,86年5月24日,五層,
RPQNMLMKJILFFDQ78CA,19,24.23,見其他登記事項,鋼筋混凝土造,86年5月24日,五層,
RPXNMLNJJILFFDQ86CA,1,192.36,住家用,見其他登記事項,104年9月10日,四層,一層 二層 三層 四層
RPRNMLMLJILFFCQ88CA,35,98.04,住家用,鋼筋混凝土加強磚造,71年2月27日,二層,一層 二層
RPSNMLRJJILFFDQ86DA,23,194.73,住商用,鋼筋混凝土造,83年3月3日,三層,一層 二層 三層 騎樓
RPPNMLSJJILFFCQ09CA,15,125.47,住家用,鋼筋混凝土造,91年1月14日,三層,一層 二層 三層
RPPNMLOKJILFFCQ78CA,29,210.79,住家用,鋼筋混凝土造,76年2月15日,三層,一層 二層 三層
RPSNMLOLJILFFBQ09CA,10,15.06,住家用,鋼筋混凝土造,95年8月28日,八層,四層
RPSNMLOLJILFFBQ09CA,10,5.78,共有部份,鋼筋混凝土造,95年8月28日,,
RPSNMLOLJILFFBQ09CA,10,4.20,共有部份,鋼筋混凝土造,95年8月28日,,
RPRNMLSJJILFFBQ56CA,1,190.82,住家用,鋼筋混凝土造,104年11月12日,四層,一層 二層 三層 四層
SPSNMLOLJILFFBQ56CA,10,15.06,住家用,鋼筋混凝土造,95年8月28日,八層,四層
SPSNMLOLJILFFBQ56CA,10,5.78,共有部份,鋼筋混凝土造,95年8月28日,,
SPSNMLOLJILFFBQ56CA,10,4.20,共有部份,鋼筋混凝土造,95年8月28日,,
RPTNMLSJJILFFBQ76CA,39,92.00,住家用,鋼筋混凝土加強磚造,66年10月28日,二層,一層 二層
RPPNMLMKJILFFCQ58CA,35,111.71,住家用,鋼筋混凝土加強磚造,70年12月29日,二層,一層 二層
RPUNMLSJJILFFBQ86CA,1,190.82,住家用,鋼筋混凝土造,104年11月12日,四層,一層 二層 三層 四層
RPSNMLSJJILFFBQ66CA,1,190.82,住家用,鋼筋混凝土造,104年11月12日,四層,一層 二層 三層 四層
RPSNMLPKJILFFCQ56CA,35,111.71,住家用,鋼筋混凝土加強磚造,70年12月29日,二層,一層 二層
RPVNMLSJJILFFBQ96CA,1,190.82,住家用,鋼筋混凝土造,104年11月12日,四層,一層 二層 三層 四層
RPWNMLSJJILFFBQ07CA,1,190.82,住家用,鋼筋混凝土造,104年11月12日,四層,一層 二層 三層 四層
RPOOMLNJJILFFDQ68CA,31,66.81,住家用,鋼筋混凝土加強磚造,74年10月15日,一層,一層
RPVNMLLKJILFFDQ66DA,37,50.51,住家用,磚造,68年12月27日,一層,一層
RPTNMLRJJILFFDQ86CA,16,142.02,住家用,鋼筋混凝土造,89年4月19日,三層,一層 二層 三層
RPUNMLOJJILFFDQ66CA,38,73.82,住家用,鋼筋混凝土加強磚造,67年9月1日,一層,一層
RPSNMLRKJILFFCQ76CA,32,452.07,見其他登記事項,見其他登記事項,73年6月15日,一層,一層
RPRNMLRJJILFFCQ56CA,,133.90,住家用,竹造,,一層,一層 騎樓
RPPNMLRJJILFFEQ56CA,2,185.20,住家用,鋼筋混凝土造,103年6月4日,四層,一層 二層 三層 四層
RPOOMLSJJILFFBQ98CA,11,17.24,住家用,鋼筋混凝土造,94年10月3日,十層,九層
RPOOMLSJJILFFBQ98CA,11,.11,見其他登記事項,鋼筋混凝土造,94年10月3日,十層,
RPOOMLSJJILFFBQ98CA,11,9.11,見其他登記事項,鋼筋混凝土造,94年10月3日,十層,
RPPNMLSJJILFFBQ98CA,2,50.55,見其他登記事項,鋼筋混凝土造,103年8月15日,八層,三層
RPSNMLTJJILFFBQ76CA,17,78.42,住家用,鋼筋混凝土造,88年12月21日,三層,一層 二層 三層
RPSNMLTJJILFFBQ76CA,17,78.42,住家用,鋼筋混凝土造,88年12月21日,三層,一層 二層 三層
RPQNMLQJKILFFCQ09CA,,221.72,見其他登記事項,鋼筋混凝土造,105年7月21日,三層,一層 二層 三層 見其他登記事項
RPSNMLQJKILFFCQ66CA,,215.66,見其他登記事項,鋼筋混凝土造,105年7月21日,三層,一層 二層 三層 見其他登記事項
RPTNMLTJJILFFCQ96CA,22,212.07,住家用,鋼筋混凝土造,83年10月3日,四層,一層 二層 三層 四層
RPSNMLSJJILFFDQ86CA,34,154.79,住家用,鋼筋混凝土加強磚造,71年7月29日,三層,一層 二層 三層 騎樓
RPUNMLQJKILFFCQ86CA,,212.04,見其他登記事項,鋼筋混凝土造,105年7月21日,三層,一層 二層 三層 見其他登記事項
RPTNMLQJKILFFCQ76CA,,211.10,見其他登記事項,鋼筋混凝土造,105年7月21日,三層,一層 二層 三層 見其他登記事項
RPVNMLQJKILFFCQ96CA,,214.15,見其他登記事項,鋼筋混凝土造,105年7月21日,三層,一層 二層 三層 見其他登記事項
RPVNMLOKJILFFCQ86DA,10,171.45,住家用,鋼筋混凝土造,95年9月4日,四層,一層 二層 三層 四層
RPPNMLLJKILFFDQ68DA,37,146.37,住商用,鋼筋混凝土加強磚造,69年2月1日,三層,一層 二層 三層 騎樓
RPUOMLTLJILFFDQ47CA,,167.92,住家用,見其他登記事項,105年6月27日,三層,一層 二層 三層 見其他登記事項
RPVOMLTLJILFFDQ57CA,,167.92,住家用,見其他登記事項,105年6月27日,三層,一層 二層 三層 見其他登記事項
RPVNMLOLJILFFDQ96CA,34,114.01,住家用,鋼筋混凝土加強磚造,71年8月5日,二層,一層 二層
RPQOMLOKJILFFDQ56DA,34,97.00,住家用,鋼筋混凝土加強磚造,71年9月10日,二層,一層 二層
RPTOMLTLJILFFDQ37CA,1,178.73,住家用,見其他登記事項,104年7月31日,三層,一層 二層 三層 見其他登記事項
RPQNMLTKJILFFDQ86CA,6,168.20,住家用,鋼筋混凝土造,99年12月16日,四層,一層 二層 三層 四層
RPSNMLLKJILFFCQ78CA,1,185.19,住家用,鋼筋混凝土造,105年3月30日,三層,一層 二層 三層
RPPNMLTJJILFFCQ56CA,36,111.96,住商用,鋼筋混凝土加強磚造,69年12月13日,二層,一層 二層 騎樓 電梯樓梯間
RPPNMLLKJILFFBQ38CA,10,15.06,住家用,鋼筋混凝土造,95年8月28日,八層,四層
RPPNMLLKJILFFBQ38CA,10,5.78,共有部份,鋼筋混凝土造,95年8月28日,,
RPPNMLLKJILFFBQ38CA,10,4.20,共有部份,鋼筋混凝土造,95年8月28日,,
RPPNMLLKJILFFBQ38CA,10,15.06,住家用,鋼筋混凝土造,95年8月28日,八層,四層
RPQNMLOKJILFFBQ78CA,20,119.15,住家用,鋼筋混凝土造,85年8月15日,十四層,十四層
RPUNMLLKJILFFCQ98CA,1,238.26,住家用,鋼筋混凝土造,105年3月30日,四層,一層 二層 三層 四層
RPQNMLKKJILFFDQ58CA,35,157.44,住商用,鋼筋混凝土加強磚造,70年12月8日,三層,一層 二層 三層 騎樓
RPRNMLKMJILFFDQ88CA,39,39.40,住房,見其他登記事項,66年8月11日,一層,一層
RPRNMLLLJILFFCQ78CA,23,136.17,住家用,鋼筋混凝土造,82年12月16日,三層,一層 二層 三層
RPUNMLLKJILFFBQ88CA,2,194.24,見其他登記事項,鋼筋混凝土造,104年4月13日,三層,一層 二層 三層 見其他登記事項
RPQNMLOKJILFFDQ09DA,17,217.29,住商用,鋼筋混凝土造,88年6月3日,四層,一層 二層 三層 四層
RPTNMLLKJILFFBQ88DA,13,176.07,住商用,鋼筋混凝土造,92年9月22日,四層,一層 二層 三層 四層
RPTNMLSKJILFFDQ17DA,12,121.00,住家用,鋼筋混凝土造,93年12月16日,三層,一層 二層 三層
RPXNMLSKJILFFDQ47CA,36,95.41,住家用,鋼筋混凝土加強磚造,69年4月1日,二層,一層 二層
RPWNMLQKJILFFDQ17CA,19,244.51,見其他登記事項,鋼筋混凝土造,86年8月5日,四層,一層 二層 三層 四層 夾層 地下層
RPROMLPKJILFFCQ56CA,15,212.77,住商用,鋼筋混凝土造,91年1月14日,四層,一層 二層 三層 四層
SPPNMLLKJILFFBQ48CA,10,15.06,住家用,鋼筋混凝土造,95年8月28日,八層,四層
SPPNMLLKJILFFBQ48CA,10,5.78,共有部份,鋼筋混凝土造,95年8月28日,,
SPPNMLLKJILFFBQ48CA,10,4.20,共有部份,鋼筋混凝土造,95年8月28日,,
SPPNMLLKJILFFBQ48CA,10,15.06,住家用,鋼筋混凝土造,95年8月28日,八層,四層
RPRNMLTJJILFFEQ96CA,37,109.11,住家用,鋼筋混凝土加強磚造,68年8月28日,二層,一層 二層
RPRNMLTJKILFFDQ96CA,35,70.12,住家用,鋼筋混凝土加強磚造,70年6月3日,二層,一層 二層
RPSOMLTLJILFFBQ07CA,22,163.48,住商用,見其他登記事項,84年3月20日,四層,一層 二層 三層 四層
RPRNMLQKJILFFCQ56CA,36,100.02,住家用,鋼筋混凝土加強磚造,70年2月10日,二層,一層 二層 騎樓 電梯樓梯間
RPXNMLOLJILFFCQ07CA,24,82.22,住家用,鋼筋混凝土造,81年11月30日,五層,五層
RPXNMLOLJILFFCQ07CA,24,8.46,共有部份,鋼筋混凝土造,81年11月30日,地下層,
RPXNMLOLJILFFCQ07CA,24,6.94,共有部份,鋼筋混凝土造,81年11月30日,五層,
RPROMLOLJILFFCQ56CA,18,181.65,住家用,鋼筋混凝土造,87年11月26日,三層,一層 二層 三層 電梯樓梯間
RPTOMLTLJILFFBQ17CA,17,283.94,見其他登記事項,見其他登記事項,89年3月24日,一層,一層
RPSNMLTKJILFFCQ96CA,35,116.46,住家用,鋼筋混凝土加強磚造,70年5月20日,二層,一層 二層 電梯樓梯間
RPSNMLMJKILFFCQ88CA,26,158.14,住家用,鋼筋混凝土加強磚造,79年12月15日,二層,一層 二層
RPTNMLMJKILFFBQ88CA,,214.72,住家用,鋼筋混凝土造,105年6月24日,四層,一層 二層 三層 四層
RPXNMLMJKILFFBQ66CA,,192.75,見其他登記事項,鋼筋混凝土造,105年6月24日,三層,二層 三層 見其他登記事項 一層
RPOOMLMJKILFFBQ48CA,,176.61,見其他登記事項,鋼筋混凝土造,105年6月24日,三層,一層 二層 三層 見其他登記事項
RPUNMLMJKILFFBQ98CA,,214.72,住家用,鋼筋混凝土造,105年6月24日,四層,一層 二層 三層 四層
RPWNMLMJKILFFBQ56CA,,214.72,住家用,鋼筋混凝土造,105年6月24日,四層,一層 二層 三層 四層
RPVNMLMJKILFFBQ09CA,,214.72,住家用,鋼筋混凝土造,105年6月24日,四層,一層 二層 三層 四層
RPQNMLRJKILFFBQ09CA,,176.43,見其他登記事項,鋼筋混凝土造,105年6月24日,三層,一層 二層 三層 見其他登記事項
RPPNMLPLJILFFCQ56EA,35,130.47,住家用,鋼筋混凝土加強磚造,70年11月10日,二層,一層 二層 騎樓 電梯樓梯間
RPQNMLPKJILFFDQ09CA,11,15.37,見其他登記事項,鋼筋混凝土造,94年8月15日,五層,一層
RPRNMLPKJILFFDQ56CA,11,15.37,見其他登記事項,鋼筋混凝土造,94年8月15日,五層,一層
RPWNMLPKJILFFDQ07CA,20,181.95,住家用,鋼筋混凝土造,85年10月15日,四層,一層 二層 三層 四層
RPWNMLSKJILFFDQ37CA,4,143.84,住家用,鋼筋混凝土造,102年1月22日,四層,一層 二層 三層 四層
RPRNMLTKJILFFDQ96CA,23,33.60,見其他登記事項,鋼筋混凝土造,82年10月6日,九層,三層
RPRNMLTKJILFFDQ96CA,23,2.00,見其他登記事項,鋼筋混凝土造,82年10月6日,九層,
RPRNMLTKJILFFDQ96CA,23,5.20,見其他登記事項,鋼筋混凝土造,82年10月6日,9,
RPRNMLTKJILFFDQ96CA,23,10.98,見其他登記事項,鋼筋混凝土造,82年10月6日,九層,
RPRNMLQLJILFFDQ76CA,10,.65,見其他登記事項,鋼筋混凝土造,95年7月18日,三層,
RPRNMLQLJILFFDQ76CA,10,.27,見其他登記事項,鋼筋混凝土造,95年7月18日,一層,
RPRNMLQLJILFFDQ76CA,10,.48,見其他登記事項,鋼筋混凝土造,95年7月18日,四層,
RPRNMLQLJILFFDQ76CA,4,198.30,集合住宅,鋼筋混凝土造,101年8月29日,四層,一層 二層 三層 四層
RPTNMLQKJILFFBQ66CA,40,99.96,住家用,鋼筋混凝土加強磚造,65年5月17日,二層,一層 二層
RPPOMLRJKILFFDQ66CA,18,124.21,住家用,鋼筋混凝土造,87年11月24日,三層,一層 二層 三層
RPPNMLNJKILFFBQ58CA,20,68.77,農舍,磚造,85年10月11日,一層,一層
RPUOMLTLJILFFBQ27CA,38,101.20,住家用,鋼筋混凝土加強磚造,67年11月1日,二層,一層 二層
RPTNMLTJKILFFDQ17CA,4,169.05,集合住宅,鋼筋混凝土造,102年1月18日,三層,一層 二層 三層
RPQNMLQKJILFFCQ09CA,6,169.79,住家用,鋼筋混凝土造,100年3月22日,三層,一層 二層 三層 電梯樓梯間
RPUNMLKMJILFFDQ56CA,36,126.93,住家用,鋼筋混凝土加強磚造,69年6月30日,二層,一層 二層 騎樓
RPOOMLRJKILFFDQ56CA,25,131.88,住家用,鋼筋混凝土加強磚造,81年1月6日,三層,一層 二層 三層
RPUNMLTLJILFFBQ27DA,33,213.95,見其他登記事項,鋼筋混凝土造,72年10月2日,四層,一層 二層 三層 四層 騎樓
RPPNMLRKJILFFDQ66DA,35,95.71,住家用,鋼筋混凝土加強磚造,70年12月9日,二層,一層 二層
RPRNMLNLJILFFBQ98DA,31,137.43,住家用,鋼筋混凝土加強磚造,74年5月24日,二層,二層 騎樓 一層
RPPNMLRKJILFFCQ56DA,24,157.77,住家用,鋼筋混凝土造,81年6月30日,三層,一層 二層 三層 電梯樓梯間
RPSNMLSKJILFFDQ96CA,36,100.91,住家用,鋼筋混凝土加強磚造,69年6月26日,二層,一層 二層 騎樓
RPVNMLKMJILFFDQ66CA,1,173.48,住家用,鋼筋混凝土造,105年8月19日,三層,一層 二層 三層 見其他登記事項
RPWNMLKMJILFFDQ76CA,1,185.35,住家用,鋼筋混凝土造,105年8月19日,三層,一層 二層 三層 見其他登記事項
RPXNMLKMJILFFDQ86CA,1,209.46,住家用,鋼筋混凝土造,105年8月19日,三層,一層 二層 三層 見其他登記事項
RPOOMLKMJILFFDQ68CA,,85.48,住家用,鋼筋混凝土造,105年8月19日,三層,一層 二層 三層 見其他登記事項
RPOOMLKMJILFFDQ68CA,,85.48,住家用,鋼筋混凝土造,105年8月19日,三層,一層 二層 三層 見其他登記事項
RPRNMLMJKILFFDQ88CA,,172.19,住家用,鋼筋混凝土造,105年8月19日,三層,一層 二層 三層 見其他登記事項
RPQNMLMJKILFFDQ78CA,,170.27,住家用,鋼筋混凝土造,105年8月19日,三層,一層 二層 三層 見其他登記事項
RPPNMLMJKILFFDQ68CA,1,171.01,住家用,鋼筋混凝土造,105年8月19日,三層,一層 二層 三層 見其他登記事項
RPSNMLLLJILFFCQ88CA,14,100.16,見其他登記事項,鋼筋混凝土造,91年7月25日,五層,一層
RPSNMLLLJILFFCQ88CA,14,12.64,見其他登記事項,鋼筋混凝土造,91年7月25日,五層,
RPSNMLLLJILFFCQ88CA,14,33.34,停車空間,鋼筋混凝土造,91年7月25日,五層,
RPQNMLRKJILFFCQ56CA,20,143.91,住家用,鋼筋混凝土造,85年11月14日,三層,一層 二層 三層
RPUNMLOLJILFFCQ76CA,32,112.56,住家用,鋼筋混凝土加強磚造,73年10月13日,二層,一層 二層 騎樓 電梯樓梯間
RPRNMLMLJILFFBQ78CA,35,143.70,住商用,鋼筋混凝土加強磚造,70年10月8日,三層,一層 二層 三層 騎樓
RPWNMLOLJILFFCQ96CA,35,113.45,住家用,鋼筋混凝土加強磚造,70年12月11日,二層,一層 二層 電梯樓梯間
RPPNMLRLJILFFBQ09CA,20,92.00,住家用,鋼筋混凝土造,85年8月15日,十四層,十三層
RPPNMLRLJILFFBQ09CA,20,34.09,見其他登記事項,鋼筋混凝土造,85年8月15日,十四層,
RPQPMLMJKILFFDQ98CA,1,179.29,住家用,鋼筋混凝土造,105年8月19日,三層,一層 二層 三層 見其他登記事項
RPOPMLMJKILFFDQ78CA,,151.23,住家用,鋼筋混凝土造,105年8月19日,三層,一層 二層 三層 見其他登記事項
RPTNMLMJKILFFDQ09CA,,159.48,住家用,鋼筋混凝土造,105年8月19日,三層,一層 二層 三層 見其他登記事項
RPSNMLMJKILFFDQ98CA,,159.14,住家用,鋼筋混凝土造,105年8月19日,三層,一層 二層 三層 見其他登記事項
RPVNMLMJKILFFDQ66CA,,159.14,住家用,鋼筋混凝土造,105年8月19日,三層,一層 二層 三層 見其他登記事項
RPSPMLMJKILFFDQ56CA,2,150.94,住家用,鋼筋混凝土造,105年8月19日,三層,一層 二層 三層 見其他登記事項
RPRPMLMJKILFFDQ09CA,2,75.47,住家用,鋼筋混凝土造,105年8月19日,三層,一層 二層 三層 見其他登記事項
RPRPMLMJKILFFDQ09CA,2,75.47,住家用,鋼筋混凝土造,105年8月19日,三層,一層 二層 三層 見其他登記事項
RPQOMLMJKILFFDQ88CA,,155.57,住家用,鋼筋混凝土造,105年8月19日,三層,一層 二層 三層 見其他登記事項
RPROMLMJKILFFDQ98CA,,155.23,住家用,鋼筋混凝土造,105年8月19日,三層,一層 二層 三層 見其他登記事項
RPPOMLMJKILFFDQ78CA,,77.62,住家用,鋼筋混凝土造,105年8月19日,三層,一層 二層 三層 見其他登記事項
RPPOMLMJKILFFDQ78CA,,77.62,住家用,鋼筋混凝土造,105年8月19日,三層,一層 二層 三層 見其他登記事項
RPTOMLMJKILFFDQ56CA,1,189.22,住家用,鋼筋混凝土造,105年8月19日,三層,一層 二層 三層 見其他登記事項
RPSOMLMJKILFFDQ09CA,,155.57,住家用,鋼筋混凝土造,105年8月19日,三層,一層 二層 三層 見其他登記事項
RPXNMLMJKILFFDQ86CA,,224.26,住家用,鋼筋混凝土造,105年8月19日,四層,一層 二層 三層 四層
RPWNMLMJKILFFDQ76CA,,79.74,住家用,鋼筋混凝土造,105年8月19日,三層,一層 二層 三層 見其他登記事項
RPWNMLMJKILFFDQ76CA,,79.74,住家用,鋼筋混凝土造,105年8月19日,三層,一層 二層 三層 見其他登記事項
RPOOMLMJKILFFDQ68CA,,155.57,住家用,鋼筋混凝土造,105年8月19日,三層,一層 二層 三層 見其他登記事項
RPVNMLSKJILFFDQ37DA,11,180.17,見其他登記事項,鋼筋混凝土造,94年8月26日,四層,一層 二層 三層 四層
RPVNMLSKJILFFDQ37DA,11,1.59,見其他登記事項,鋼筋混凝土造,94年8月26日,三層,
RPVNMLSKJILFFDQ37DA,11,5.08,見其他登記事項,鋼筋混凝土造,94年8月26日,二層,
RPQNMLPLJILFFCQ66EA,39,71.40,住家用,磚造,66年5月10日,一層,一層 騎樓
RPVOMLMJKILFFDQ76CA,1,161.97,住家用,鋼筋混凝土造,105年8月19日,三層,一層 二層 三層 見其他登記事項
RPWOMLMJKILFFDQ86CA,1,82.60,住家用,鋼筋混凝土造,105年8月19日,三層,一層 二層 三層 見其他登記事項
RPWOMLMJKILFFDQ86CA,1,82.60,住家用,鋼筋混凝土造,105年8月19日,三層,一層 二層 三層 見其他登記事項
RPQNMLNLJILFFDQ98CA,37,131.56,住家用,鋼筋混凝土加強磚造,69年3月18日,二層,一層 二層
RPQNMLMLJILFFDQ88CA,19,82.27,住家用,鋼筋混凝土造,86年10月14日,七層,四層
RPQNMLMLJILFFDQ88CA,19,28.96,見其他登記事項,鋼筋混凝土造,86年10月14日,七層,
RPQNMLMLJILFFDQ88CA,19,74.18,住家用,鋼筋混凝土造,86年10月14日,七層,四層
RPQNMLMLJILFFDQ88CA,19,28.96,見其他登記事項,鋼筋混凝土造,86年10月14日,七層,
RPXOMLMJKILFFDQ96CA,1,151.23,住家用,鋼筋混凝土造,105年8月19日,三層,一層 二層 三層 見其他登記事項
RPPNMLLLJILFFEQ98EA,18,261.90,住家用,鋼筋混凝土造,87年9月24日,四層,一層 二層 三層 四層 騎樓
RPPNMLMLJILFFCQ68CA,35,120.83,住商用,鋼筋混凝土加強磚造,70年12月30日,三層,一層 二層 三層 電梯樓梯間
RPPNMLLLJILFFDQ68CA,36,140.08,住家用,鋼筋混凝土加強磚造,69年10月1日,二層,一層 二層 騎樓
RPSNMLOKKILFFCQ56CA,,258.17,見其他登記事項,鋼筋混凝土造,105年7月21日,四層,一層 二層 三層 四層
RPTNMLTJKILFFCQ07CA,12,171.34,見其他登記事項,鋼筋混凝土造,94年2月21日,三層,一層 二層 三層 電梯樓梯間
RPSNMLKMJILFFCQ88CA,22,172.07,住商用,鋼筋混凝土造,83年8月8日,十一層,一層 二層 三層 騎樓
RPSNMLKMJILFFCQ88CA,22,19.32,共有部份,鋼筋混凝土造,83年8月8日,十一層,
RPSNMLKMJILFFCQ88CA,22,19.30,共有部份,鋼筋混凝土造,83年8月8日,十一層,
RPPOMLMJKILFFBQ58CA,1,204.01,見其他登記事項,鋼筋混凝土造,104年7月20日,四層,一層 二層 三層 四層
RPTNMLTLJILFFBQ07CA,31,261.50,住家用,鋼筋混凝土加強磚造,74年12月16日,三層,一層 二層 三層
RPTNMLTLJILFFBQ07CA,31,261.50,住家用,鋼筋混凝土加強磚造,74年12月16日,三層,一層 二層 三層
RPPNMLSKKILFFDQ76CA,14,149.28,見其他登記事項,鋼筋混凝土造,91年6月17日,三層,一層 二層 三層
RPTNMLNLJILFFDQ76DA,21,144.15,住家用,鋼筋混凝土造,84年6月24日,三層,一層 二層 三層
RPQNMLQJKILFFEQ66CA,9,165.76,見其他登記事項,見其他登記事項,96年8月20日,一層,一層 屋頂突出物
RPTNMLPKKILFFCQ76CA,18,161.61,住商用,鋼筋混凝土造,87年12月15日,三層,一層 二層 三層 電梯樓梯間
RPRNMLMLJILFFDQ09DA,24,86.64,住家用,鋼筋混凝土造,81年11月5日,二層,一層 二層
RPRNMLNLJILFFCQ56EA,1,207.20,見其他登記事項,鋼筋混凝土造,105年3月7日,三層,一層 二層 三層 見其他登記事項
RPQNMLRLJILFFBQ56CA,35,79.84,住家用,鋼筋混凝土加強磚造,70年7月23日,二層,一層 二層
RPUNMLPKKILFFCQ86CA,23,79.05,住家用,鋼筋混凝土造,82年12月14日,七層,一層
RPUNMLPKKILFFCQ86CA,23,7.89,共有部份,鋼筋混凝土造,82年12月14日,七層,
RPUNMLPKKILFFCQ86CA,23,6.42,共有部份,鋼筋混凝土造,82年12月14日,七層,
RPVNMLTJKILFFCQ27CA,36,169.65,住家用,鋼筋混凝土加強磚造,69年10月27日,三層,一層 二層 三層 騎樓 電梯樓梯間
RPUNMLLJKILFFCQ98CA,14,103.84,見其他登記事項,鋼筋混凝土造,91年7月25日,五層,三層
RPUNMLLJKILFFCQ98CA,14,15.40,見其他登記事項,鋼筋混凝土造,91年7月25日,五層,
RPUNMLLJKILFFCQ98CA,14,33.34,停車空間,鋼筋混凝土造,91年7月25日,五層,
RPPNMLPLJILFFBQ88CA,26,173.74,住商用,鋼筋混凝土造,80年2月13日,三層,一層 二層 三層 騎樓
RPQNMLPLJILFFBQ98CA,26,173.74,住商用,鋼筋混凝土造,80年2月13日,三層,一層 二層 三層 騎樓
RPROMLRJKILFFDQ86CA,23,86.36,見其他登記事項,鋼筋混凝土造,82年10月6日,九層,九層
RPROMLRJKILFFDQ86CA,23,5.14,見其他登記事項,鋼筋混凝土造,82年10月6日,九層,
RPROMLRJKILFFDQ86CA,23,15.83,見其他登記事項,鋼筋混凝土造,82年10月6日,9,
RPUNMLPLJILFFDQ07DA,17,79.58,見其他登記事項,鋼筋混凝土造,88年10月11日,二層,一層 二層 見其他登記事項
RPOOMLOLJILFFCQ09EA,33,86.83,住家用,鋼筋混凝土加強磚造,72年8月15日,二層,一層 二層 電梯樓梯間
RPRNMLNLJILFFDQ56DA,21,133.35,住家用,鋼筋混凝土造,84年6月26日,三層,一層 二層 三層
RPQNMLSLJILFFDQ86CA,24,145.45,住家用,鋼筋混凝土造,81年11月26日,三層,一層 二層 三層
RPPNMLTLJILFFBQ66CA,39,104.44,住家用,鋼筋混凝土加強磚造,67年4月15日,二層,一層 二層 騎樓
RPVNMLTJKILFFDQ37CA,20,159.49,住家用,鋼筋混凝土造,86年1月3日,三層,一層 二層 三層
RPVNMLPLJILFFDQ07CA,48,150.96,住家用,加強磚造,57年12月15日,三層,一層 二層 三層
RPQOMLTLJILFFDQ07CA,29,131.66,住商用,鋼筋混凝土造,76年9月6日,三層,一層 二層 三層
RPWNMLPLJILFFCQ07CA,35,93.30,住家用,鋼筋混凝土加強磚造,71年2月5日,二層,一層 二層 騎樓 電梯樓梯間
RPPNMLPKKILFFCQ98CA,,243.29,住家用,鋼筋混凝土造,105年6月16日,四層,一層 二層 三層 四層
RPTNMLNKKILFFBQ09CA,19,110.12,住家用,鋼筋混凝土造,86年9月8日,四層,一層 二層 三層 四層
RPTNMLNKKILFFBQ09CA,19,110.12,住家用,鋼筋混凝土造,86年9月8日,四層,一層 二層 三層 四層
RPTNMLNKKILFFBQ09CA,19,108.25,住家用,鋼筋混凝土造,86年9月8日,四層,一層 二層 三層 四層
RPTNMLNKKILFFBQ09CA,19,108.25,住家用,鋼筋混凝土造,86年9月8日,四層,一層 二層 三層 四層
RPQNMLOJKILFFCQ88CA,24,162.59,住家用,鋼筋混凝土造,81年6月24日,三層,一層 二層 三層 騎樓 電梯樓梯間
RPQNMLTLJILFFCQ86CA,39,122.77,住家用,鋼筋混凝土加強磚造,66年9月1日,二層,一層 二層 騎樓
RPTNMLPJKILFFBQ56CA,14,17.31,住家用,鋼筋混凝土造,92年2月14日,四層,四層
RPTNMLPJKILFFBQ56CA,14,2.11,見其他登記事項,鋼筋混凝土造,92年2月14日,四層,
RPTNMLPJKILFFBQ56CA,14,3.10,見其他登記事項,鋼筋混凝土造,92年2月14日,四層,
RPRNMLKMJILFFBQ68CA,23,166.82,住商用,鋼筋混凝土造,83年3月31日,四層,一層 二層 三層 四層
RPPNMLQLJILFFDQ56CA,23,104.22,住家用,鋼筋混凝土造,83年1月4日,三層,一層 二層 三層
RPWNMLTLJILFFDQ57CA,37,124.02,住家用,鋼筋混凝土加強磚造,69年1月26日,三層,一層 二層 三層 騎樓
RPQNMLQLJILFFDQ66CA,36,86.72,住家用,鋼筋混凝土加強磚造,69年5月10日,二層,一層 二層
RPPNMLTLJILFFDQ86CA,37,131.56,住家用,鋼筋混凝土加強磚造,69年3月18日,二層,一層 二層
RPQNMLNKKILFFEQ09CA,22,164.94,住家用,鋼筋混凝土造,83年7月25日,三層,一層 二層 三層
RPQNMLNKKILFFDQ98CA,23,63.63,見其他登記事項,鋼筋混凝土造,82年10月6日,九層,六層
RPQNMLNKKILFFDQ98CA,23,8.06,見其他登記事項,鋼筋混凝土造,82年10月6日,九層,
RPQNMLNKKILFFDQ98CA,23,10.40,見其他登記事項,鋼筋混凝土造,82年10月6日,9,
RPSNMLPKKILFFDQ76CA,21,201.03,住商用,鋼筋混凝土造,84年7月21日,四層,一層 二層 三層 四層
RPSNMLNKKILFFDQ56CA,35,134.27,住商用,鋼筋混凝土加強磚造,70年6月20日,二層,一層 二層 騎樓
RPOOMLTLJILFFDQ86CA,35,136.41,住家用,鋼筋混凝土加強磚造,70年6月20日,二層,一層 二層
RPVNMLQJKILFFDQ07CA,37,42.71,住家用,木造,68年7月15日,一層,一層
RPUNMLTLJILFFCQ27CA,36,106.41,住家用,鋼筋混凝土加強磚造,69年10月27日,二層,一層 二層 騎樓 電梯樓梯間
RPQNMLMKKILFFCQ78CA,21,188.20,住家用,見其他登記事項,84年10月28日,二層,一層 二層 騎樓
RPPNMLTLJILFFCQ76CA,34,111.71,住家用,鋼筋混凝土加強磚造,71年12月31日,二層,一層 二層
RPRNMLKLKILFFCQ78CA,24,116.41,國民住宅,鋼筋混凝土造,82年2月17日,五層,一層
RPTNMLTLJILFFCQ17CA,,207.69,見其他登記事項,鋼筋混凝土造,104年11月13日,四層,一層 二層 三層 四層
RPQNMLRKKILFFCQ66CA,23,167.91,住商用,鋼筋混凝土造,82年11月16日,三層,一層 二層 三層 電梯樓梯間
RPRNMLMJKILFFCQ78CA,23,152.63,住家用,鋼筋混凝土造,82年7月22日,三層,一層 二層 三層 電梯樓梯間
RPRNMLLJKILFFCQ68CA,35,107.70,住商用,鋼筋混凝土加強磚造,70年7月31日,二層,一層 二層 騎樓 電梯樓梯間
RPWNMLKMJILFFCQ66CA,,206.55,見其他登記事項,鋼筋混凝土造,105年9月26日,三層,一層 二層 三層 見其他登記事項
RPVNMLKMJILFFCQ56CA,,630.37,住家用,鋼筋混凝土造,105年8月10日,四層,一層 二層 三層 四層
RPWNMLLJKILFFDQ66CA,,141.80,住家用,鋼筋混凝土造,105年7月26日,四層,一層 二層 三層 四層
RPPNMLLJKILFFCQ58DA,38,92.02,住商用,鋼筋混凝土加強磚造,68年2月16日,二層,一層 二層 騎樓
RPPNMLOKKILFFEQ66EA,35,116.73,住商用,鋼筋混凝土加強磚造,70年6月30日,二層,一層 二層 騎樓
RPQNMLLJKILFFCQ78EA,1,178.73,見其他登記事項,鋼筋混凝土造,104年11月25日,三層,一層 二層 三層 見其他登記事項
RPXNMLLJKILFFDQ76CA,6,176.02,見其他登記事項,鋼筋混凝土造,99年12月16日,三層,一層 二層 三層 見其他登記事項
RPQNMLOKKILFFCQ56EA,34,76.65,國民住宅,鋼筋混凝土造,72年3月12日,五層,四層
RPSNMLKMJILFFDQ09DA,38,85.80,住家用,鋼筋混凝土加強磚造,67年7月22日,二層,一層 二層
RPPPMLMJKILFFDQ88CA,19,170.48,見其他登記事項,鋼筋混凝土造,87年3月27日,四層,一層 二層 三層 四層
RPTNMLNLKILFFEQ86CA,38,102.11,住家用,鋼筋混凝土加強磚造,68年1月25日,二層,一層 二層
RPSNMLSLKILFFCQ27EA,15,125.47,住家用,鋼筋混凝土造,91年1月14日,三層,一層 二層 三層
RPTNMLLJKILFFDQ98CA,,142.35,住家用,鋼筋混凝土造,105年7月26日,四層,一層 二層 三層 四層
RPUNMLLJKILFFDQ09CA,,145.19,住家用,鋼筋混凝土造,105年7月26日,四層,一層 二層 三層 四層
RPVNMLLJKILFFDQ56CA,,142.35,住家用,鋼筋混凝土造,105年7月26日,四層,一層 二層 三層 四層
RPOOMLMKKILFFDQ78CA,36,97.04,住家用,鋼筋混凝土加強磚造,70年4月3日,二層,一層 二層
RPPNMLRKKILFFCQ56CA,34,32.91,住家用,見其他登記事項,71年12月31日,一層,一層
RPSNMLSJKILFFCQ86CA,30,105.35,住家用,鋼筋混凝土加強磚造,75年12月27日,二層,一層 二層 騎樓 電梯樓梯間
RPVNMLSJKILFFBQ07CA,16,381.28,住商用,鋼筋混凝土造,89年12月18日,四層,一層 二層 三層 四層 地下層
RPPNMLSJKILFFBQ09CA,33,182.15,住商用,鋼筋混凝土加強磚造,73年4月26日,三層,一層 二層 三層 騎樓
RPPNMLTJKILFFBQ56CA,9,204.00,見其他登記事項,鋼筋混凝土造,96年6月28日,四層,一層 二層 三層 四層
RPQNMLRLKILFFCQ76CA,,212.94,見其他登記事項,鋼筋混凝土造,105年7月21日,三層,一層 二層 三層 見其他登記事項
RPTNMLPJKILFFCQ66CA,1,215.99,住家用,鋼筋混凝土造,105年3月30日,四層,一層 二層 三層 四層
RPVNMLQKKILFFDQ17CA,,172.19,住家用,鋼筋混凝土造,105年8月19日,三層,一層 二層 三層 見其他登記事項
RPXNMLQKKILFFDQ37CA,,97.02,住家用,鋼筋混凝土造,105年8月19日,三層,一層 二層 三層 見其他登記事項
RPXNMLQKKILFFDQ37CA,,97.02,住家用,鋼筋混凝土造,105年8月19日,三層,一層 二層 三層 見其他登記事項
RPWNMLQKKILFFDQ27CA,,172.19,住家用,鋼筋混凝土造,105年8月19日,三層,一層 二層 三層 見其他登記事項
RPPOMLRLKILFFDQ86CA,37,95.69,住家用,鋼筋混凝土加強磚造,69年4月1日,二層,一層 二層
RPTNMLRJKILFFDQ96CA,39,68.83,住家用,磚造,66年7月10日,一層,一層
RPTNMLQKKILFFDQ96CA,,186.60,住家用,鋼筋混凝土造,105年8月19日,三層,一層 二層 三層 見其他登記事項
RPTNMLQJKILFFDQ86CA,37,99.32,住家用,鋼筋混凝土加強磚造,68年11月15日,二層,一層 二層 騎樓
RPWOMLQKKILFFDQ37CA,2,151.23,住家用,鋼筋混凝土造,105年8月19日,三層,一層 二層 三層 見其他登記事項
RPVOMLQKKILFFDQ27CA,1,151.23,住家用,鋼筋混凝土造,105年8月19日,三層,一層 二層 三層 見其他登記事項
RPVNMLPKKILFFDQ17DA,21,71.75,住家用,鋼筋混凝土加強磚造,84年9月12日,三層,一層 二層 三層
RPOOMLQKKILFFDQ56CA,,79.74,住家用,鋼筋混凝土造,105年8月19日,三層,一層 二層 三層 見其他登記事項
RPOOMLQKKILFFDQ56CA,,79.74,住家用,鋼筋混凝土造,105年8月19日,三層,一層 二層 三層 見其他登記事項
RPQOMLQKKILFFDQ76CA,1,186.19,住家用,鋼筋混凝土造,105年8月19日,三層,一層 二層 三層 見其他登記事項
RPPOMLQKKILFFDQ66CA,,159.14,住家用,鋼筋混凝土造,105年8月19日,三層,一層 二層 三層 見其他登記事項
RPROMLQKKILFFDQ86CA,1,150.94,住家用,鋼筋混凝土造,105年8月19日,三層,一層 二層 三層 見其他登記事項
RPSOMLQKKILFFDQ96CA,1,150.94,住家用,鋼筋混凝土造,105年8月19日,三層,一層 二層 三層 見其他登記事項
RPTNMLSJKILFFCQ96CA,14,99.84,見其他登記事項,鋼筋混凝土造,91年7月25日,五層,二層
RPTNMLSJKILFFCQ96CA,14,12.64,見其他登記事項,鋼筋混凝土造,91年7月25日,五層,
RPTNMLSJKILFFCQ96CA,14,.60,見其他登記事項,鋼筋混凝土造,91年7月25日,五層,
RPXOMLQKKILFFDQ47CA,1,180.28,住家用,鋼筋混凝土造,105年8月19日,三層,一層 二層 三層 見其他登記事項
RPPNMLRJKILFFCQ66EA,,204.82,見其他登記事項,鋼筋混凝土造,105年6月28日,三層,一層 二層 三層 見其他登記事項
RPPNMLQJKILFFBQ88CA,13,17.99,住家用,鋼筋混凝土造,92年8月21日,五層,二層
RPQNMLTKKILFFBQ76CA,3,163.76,住家用,鋼筋混凝土造,102年12月11日,三層,一層 二層 三層
RPUNMLSJKILFFBQ96CA,9,281.52,見其他登記事項,鋼筋混凝土造,96年11月2日,四層,一層 二層 三層 四層
RPQOMLQJKILFFCQ56CA,1,203.68,見其他登記事項,鋼筋混凝土造,104年11月13日,四層,一層 二層 三層 四層
RPQNMLSJKILFFBQ56CA,40,84.80,住家用,鋼筋混凝土加強磚造,66年1月4日,二層,一層 二層
RPOOMLOKKILFFDQ98CA,39,96.00,住家用,鋼筋混凝土加強磚造,66年8月25日,二層,一層 二層
RPWNMLMLKILFFBQ76CA,12,17.44,住家用,鋼筋混凝土造,94年1月3日,五層,四層
RPWNMLMLKILFFBQ76CA,12,1.72,見其他登記事項,鋼筋混凝土造,94年1月3日,五層,
RPWNMLMLKILFFBQ76CA,12,2.62,見其他登記事項,鋼筋混凝土造,94年1月3日,五層,
RPTNMLQLKILFFDQ07CA,21,213.31,住家用,鋼筋混凝土造,84年5月5日,四層,一層 二層 三層 四層
RPRNMLQJKILFFEQ76CA,24,52.05,住家用,鋼筋混凝土造,82年4月1日,十八層,四層
RPRNMLQJKILFFEQ76CA,24,10.39,見其他登記事項,鋼筋混凝土造,82年4月1日,十八層,
RPRNMLQJKILFFEQ76CA,24,2.45,見其他登記事項,鋼筋混凝土造,82年4月1日,,
RPPNMLOKKILFFDQ09DA,21,192.91,見其他登記事項,鋼筋混凝土造,85年3月12日,五層,一層 二層 三層 四層 五層
RPQNMLTJKILFFCQ86DA,9,251.37,見其他登記事項,鋼筋混凝土造,96年6月11日,四層,一層 二層 三層 四層 電梯樓梯間
RPXNMLOKKILFFDQ27DA,10,.65,見其他登記事項,鋼筋混凝土造,95年7月18日,三層,
RPXNMLOKKILFFDQ27DA,10,.27,見其他登記事項,鋼筋混凝土造,95年7月18日,一層,
RPXNMLOKKILFFDQ27DA,10,.48,見其他登記事項,鋼筋混凝土造,95年7月18日,四層,
RPXNMLOKKILFFDQ27DA,4,221.92,集合住宅,鋼筋混凝土造,101年8月29日,四層,一層 二層 三層 四層
RPSOMLRJKILFFDQ96CA,23,194.73,住商用,鋼筋混凝土造,83年3月3日,三層,一層 二層 三層 騎樓
RPRNMLSJKILFFCQ76CA,14,11.73,見其他登記事項,鋼筋混凝土造,91年7月25日,五層,
RPRNMLSJKILFFCQ76CA,14,103.63,見其他登記事項,鋼筋混凝土造,91年7月25日,五層,二層
RPRNMLSJKILFFCQ76CA,14,.60,見其他登記事項,鋼筋混凝土造,91年7月25日,五層,
RPRNMLRKKILFFCQ76CA,18,157.48,住家用,鋼筋混凝土造,88年2月3日,三層,一層 二層 三層 電梯樓梯間
RPVNMLTLKILFFCQ47CA,22,163.92,住商用,鋼筋混凝土造,83年10月29日,三層,一層 二層 三層 電梯樓梯間
RPPNMLPKKILFFBQ88CA,11,16.18,住家用,鋼筋混凝土造,94年10月3日,十層,四層
RPPNMLPKKILFFBQ88CA,11,.10,見其他登記事項,鋼筋混凝土造,94年10月3日,十層,
RPPNMLPKKILFFBQ88CA,11,8.53,見其他登記事項,鋼筋混凝土造,94年10月3日,十層,
RPPNMLNKKILFFBQ68CA,2,1.00,見其他登記事項,鋼筋混凝土造,104年1月6日,一層,
RPPNMLNKKILFFBQ68CA,1,294.25,見其他登記事項,鋼筋混凝土造,104年7月20日,三層,一層 二層 三層
RPSNMLTJKILFFCQ96CA,15,125.47,住家用,鋼筋混凝土造,91年1月14日,三層,一層 二層 三層
RPSNMLTKKILFFDQ17CA,9,265.65,見其他登記事項,鋼筋混凝土造,96年9月29日,四層,一層 二層 三層 四層 地下一層
RPSNMLTKKILFFDQ17CA,11,1.59,見其他登記事項,鋼筋混凝土造,94年8月26日,三層,
RPSNMLTKKILFFDQ17CA,11,5.08,見其他登記事項,鋼筋混凝土造,94年8月26日,二層,
RPUNMLQKKILFFDQ07CA,,171.25,住家用,鋼筋混凝土造,105年8月19日,三層,一層 二層 三層 見其他登記事項
RPTOMLQKKILFFDQ07CA,1,198.74,住家用,鋼筋混凝土造,105年8月19日,三層,一層 二層 三層 見其他登記事項
RPSNMLRKKILFFDQ96CA,12,163.28,住家用,鋼筋混凝土造,94年3月3日,三層,一層 二層 三層
RPQNMLNKKILFFBQ78CA,22,163.48,住商用,鋼骨鋼筋混凝土造,84年3月20日,四層,一層 二層 三層 四層
RPRNMLNKKILFFBQ88CA,22,163.48,住商用,鋼骨鋼筋混凝土造,84年3月20日,四層,一層 二層 三層 四層
RPSNMLNKKILFFBQ98CA,26,117.70,住商用,鋼筋混凝土造,79年12月13日,三層,一層 二層 三層
RPQNMLSLKILFFBQ76CA,1,206.49,住家用,鋼筋混凝土造,104年8月4日,四層,一層 二層 三層 四層
RPQNMLMKKILFFBQ68CA,20,145.46,住家用,鋼筋混凝土造,85年5月25日,十層,四層
RPWNMLTJKILFFCQ37CA,31,104.82,住家用,鋼筋混凝土加強磚造,74年7月17日,二層,一層 二層 騎樓 電梯樓梯間
RPTNMLMKKILFFDQ56CA,17,87.84,見其他登記事項,鋼筋混凝土造,88年5月31日,五層,一層
RPTNMLMKKILFFDQ56CA,17,10.07,見其他登記事項,鋼筋混凝土造,88年5月31日,五層,
RPTNMLMKKILFFDQ56CA,17,.80,見其他登記事項,鋼筋混凝土造,88年5月31日,一層,
RPUNMLLLKILFFCQ56CA,14,135.88,見其他登記事項,鋼筋混凝土造,91年7月25日,五層,二層
RPUNMLLLKILFFCQ56CA,14,11.69,見其他登記事項,鋼筋混凝土造,91年7月25日,五層,
RPUNMLLLKILFFCQ56CA,14,.68,見其他登記事項,鋼筋混凝土造,91年7月25日,五層,
RPQOMLMKKILFFDQ09DA,1,167.25,見其他登記事項,鋼筋混凝土造,104年10月16日,三層,一層 二層 三層
RPRNMLOKKILFFCQ09CA,2,168.80,見其他登記事項,鋼筋混凝土造,103年12月24日,三層,一層 二層 三層 見其他登記事項
RPUNMLNKKILFFDQ76CA,21,133.58,住家用,鋼筋混凝土造,84年6月9日,四層,一層 二層 三層 四層
RPRNMLNKKILFFDQ09CA,11,16.15,見其他登記事項,鋼筋混凝土造,94年8月15日,五層,二層
RPRNMLNKKILFFDQ09CA,11,7.19,見其他登記事項,鋼筋混凝土造,94年8月15日,五層,
RPVNMLKMKILFFDQ76CA,1,152.04,見其他登記事項,鋼筋混凝土造,104年10月2日,三層,一層 二層 三層 見其他登記事項
RPTNMLOKKILFFCQ66CA,35,146.35,住商用,鋼筋混凝土加強磚造,71年1月11日,五層,一層 二層 三層 四層 五層
RPPNMLPLKILFFDQ56CA,36,113.36,住家用,鋼筋混凝土加強磚造,70年3月28日,二層,一層 二層
RPWNMLKMKILFFCQ76CA,11,211.93,見其他登記事項,鋼筋混凝土造,95年1月4日,三層,一層 二層 三層 騎樓 電梯樓梯間
RPWNMLOKKILFFCQ96CA,36,187.16,住家用,磚造,70年5月1日,一層,一層
RPRNMLTKKILFFEQ17CA,26,148.18,住家用,鋼筋混凝土造,79年7月10日,三層,一層 二層 三層
RPQNMLPKKILFFDQ66DA,1,167.25,見其他登記事項,鋼筋混凝土造,104年10月16日,三層,一層 二層 三層
RPPNMLSKKILFFEQ86CA,34,321.66,住商用,鋼筋混凝土加強磚造,71年12月22日,四層,一層 二層 三層 四層 騎樓
RPQPMLQKKILFFDQ96DA,23,154.02,住家用,鋼筋混凝土造,82年9月8日,三層,一層 二層 三層 夾層
RPSNMLLLKILFFEQ56CA,39,69.28,住商用,鋼筋混凝土加強磚造,66年10月28日,三層,一層 二層 三層 電梯樓梯間
RPSNMLLLKILFFEQ56CA,39,143.84,工業用,鋼造,66年10月28日,一層,一層
RPWNMLMLKILFFDQ96CA,,153.73,見其他登記事項,鋼筋混凝土造,105年7月18日,三層,一層 二層 三層 見其他登記事項
RPSNMLOLKILFFDQ76CA,32,117.66,住家用,鋼筋混凝土加強磚造,74年4月11日,二層,一層 二層
SPSNMLSKKILFFBQ96CA,31,131.00,住家用,鋼筋混凝土加強磚造,75年3月19日,二層,一層 二層 騎樓
RPSNMLSKKILFFBQ86CA,30,131.00,住家用,鋼筋混凝土加強磚造,75年11月17日,二層,一層 二層 騎樓
RPSNMLTKKILFFCQ07CA,23,124.08,住商用,鋼筋混凝土造,82年9月29日,三層,一層 二層 三層 電梯樓梯間
RPPNMLTJJHMFFCQ56CA,,243.29,住家用,鋼筋混凝土造,105年6月16日,四層,一層 二層 三層 四層
RPRNMLMJJHMFFBQ58CA,22,137.13,住家用,鋼筋混凝土加強磚造,83年9月16日,三層,一層 二層 三層
RPSNMLTKKILFFBQ96CA,24,201.19,住家用,鋼筋混凝土造,82年4月19日,四層,一層 二層 三層 四層
RPSOMLMLKILFFDQ66CA,,169.71,見其他登記事項,鋼筋混凝土造,105年7月18日,三層,一層 二層 三層 見其他登記事項
RPPOMLMLKILFFDQ98CA,,167.01,見其他登記事項,鋼筋混凝土造,105年7月18日,三層,一層 二層 三層 見其他登記事項
RPQOMLMLKILFFDQ09CA,,151.60,見其他登記事項,鋼筋混凝土造,105年7月18日,三層,一層 二層 三層 見其他登記事項
RPOOMLMLKILFFDQ88CA,,157.93,住家用,鋼筋混凝土造,105年7月18日,三層,一層 二層 三層
RPTNMLOLKILFFDQ86CA,37,106.52,住家用,鋼筋混凝土加強磚造,69年1月18日,二層,一層 二層 騎樓
RPQNMLQKKILFFCQ66DA,23,150.79,住家用,鋼筋混凝土造,82年7月22日,三層,一層 二層 三層
RPPNMLRKKILFFDQ66CA,38,43.96,住商用,鋼筋混凝土加強磚造,67年7月20日,二層,一層 二層
RPQNMLMLKILFFCQ88CA,35,56.12,住家用,鋼筋混凝土加強磚造,70年7月9日,三層,二層
RPXNMLTJJHMFFDQ47CA,39,116.45,住家用,鋼筋混凝土加強磚造,66年5月30日,二層,一層 二層 騎樓
RPOOMLLLKILFFDQ78CA,,167.92,住家用,見其他登記事項,105年6月27日,三層,一層 二層 三層 見其他登記事項
RPPNMLLLKILFFCQ88EA,34,86.02,住家用,鋼筋混凝土加強磚造,71年6月22日,二層,一層 二層 電梯樓梯間
RPPOMLTJJHMFFBQ56CA,35,132.17,住商用,鋼筋混凝土加強磚造,70年12月19日,二層,一層 二層 騎樓
RPVNMLKMKILFFCQ86EA,7,224.79,住家用,鋼筋混凝土造,99年3月16日,四層,一層 二層 三層 四層
SPPOMLTJJHMFFBQ66CA,35,132.17,住商用,鋼筋混凝土加強磚造,70年12月19日,二層,一層 二層 騎樓
RPQNMLNLKILFFBQ88CA,39,92.00,住家用,鋼筋混凝土加強磚造,66年10月28日,二層,一層 二層
RPWNMLTLKILFFCQ57CA,35,113.50,住家用,鋼筋混凝土加強磚造,70年12月26日,二層,一層 二層 電梯樓梯間
RPPNMLRJJHMFFCQ98CA,19,166.62,住家用,鋼筋混凝土造,86年12月31日,三層,一層 二層 三層 電梯樓梯間
RPRNMLKLKILFFDQ88CA,39,91.00,住家用,鋼筋混凝土加強磚造,66年5月10日,二層,一層 二層
RPVNMLTKKILFFDQ47CA,11,196.15,見其他登記事項,鋼筋混凝土造,95年2月16日,四層,一層 二層 三層 四層
RPVNMLTKKILFFDQ47CA,11,1.59,見其他登記事項,鋼筋混凝土造,94年8月26日,三層,
RPVNMLTKKILFFDQ47CA,11,5.08,見其他登記事項,鋼筋混凝土造,94年8月26日,二層,
RPRNMLLLKILFFDQ09DA,1,167.25,見其他登記事項,鋼筋混凝土造,104年10月16日,三層,一層 二層 三層
RPPNMLPKJHMFFDQ98CA,10,214.89,見其他登記事項,鋼筋混凝土造,95年12月5日,四層,一層 二層 三層 四層 地下層 見其他登記事項
RPPNMLRKJHMFFCQ09CA,,188.71,住家用,鋼筋混凝土造,105年7月25日,四層,一層 二層 三層 四層
RPWNMLKMKILFFDQ86CA,36,62.34,住家用,鋼筋混凝土加強磚造,70年6月5日,一層,一層
RPVNMLSLKILFFDQ47CA,1,179.17,住家用,見其他登記事項,105年1月29日,四層,一層 二層 三層 四層
RPTNMLLLKILFFDQ56CA,32,124.88,住家用,鋼筋混凝土加強磚造,73年6月5日,二層,一層 二層
RPPNMLSLKILFFBQ66CA,24,127.41,住商用,鋼筋混凝土造,82年3月1日,三層,一層 二層 三層 騎樓
RPPNMLMLKILFFBQ68CA,26,115.67,住商用,鋼筋混凝土造,79年10月5日,三層,一層 二層 三層
RPSNMLMLKILFFBQ98CA,40,84.80,住家用,鋼筋混凝土加強磚造,66年1月4日,二層,一層 二層
RPRNMLQJJHMFFDQ66DA,19,73.32,見其他登記事項,鋼筋混凝土造,86年6月23日,七層,七層
RPQOMLKMKILFFBQ78CA,12,18.11,住家用,鋼筋混凝土造,94年1月3日,五層,三層
RPQOMLKMKILFFBQ78CA,12,2.73,見其他登記事項,鋼筋混凝土造,94年1月3日,五層,
RPQOMLKMKILFFBQ78CA,12,1.79,見其他登記事項,鋼筋混凝土造,94年1月3日,五層,
RPPNMLNLKILFFCQ09EA,34,76.65,見其他登記事項,鋼筋混凝土造,72年3月12日,五層,二層
RPSOMLTJJHMFFBQ86CA,33,155.70,住商用,鋼筋混凝土造,72年7月11日,三層,一層 二層 三層
SPSOMLTJJHMFFBQ96CA,33,155.70,住商用,鋼筋混凝土造,72年7月11日,二層,一層 二層 三層
RPVNMLNLKILFFCQ86CA,,193.86,住家用,鋼筋混凝土造,105年7月29日,四層,一層 二層 三層 四層
RPTNMLRLKILFFDQ27DA,37,50.93,住家用,磚造,68年12月27日,一層,一層
RPQNMLPLKILFFEQ76CA,22,148.86,住家用,鋼筋混凝土造,83年6月28日,三層,一層 二層 三層
RPRNMLPLKILFFEQ86CA,47,60.40,住家用,見其他登記事項,58年7月15日,二層,一層 二層
RPSNMLQLKILFFCQ86CA,14,100.80,見其他登記事項,鋼筋混凝土造,91年7月25日,五層,二層
RPPOMLRLKILFFCQ76CA,24,148.24,住商用,鋼筋混凝土造,81年10月7日,三層,一層 二層 三層 電梯樓梯間
RPPNMLQLKILFFCQ56CA,24,82.22,住家用,鋼筋混凝土造,81年11月30日,五層,二層
RPPNMLQLKILFFCQ56CA,24,8.46,共有部份,鋼筋混凝土造,81年11月30日,地下層,
RPPNMLQLKILFFCQ56CA,24,6.94,共有部份,鋼筋混凝土造,81年11月30日,五層,
RPSNMLTKJHMFFDQ17DA,39,56.85,住家用,鋼筋混凝土加強磚造,67年3月15日,二層,一層 二層 騎樓
RPOOMLTKJHMFFCQ66CA,,182.57,見其他登記事項,鋼筋混凝土造,105年10月5日,三層,一層 二層 三層 見其他登記事項
RPXNMLTKJHMFFCQ47CA,,182.57,見其他登記事項,鋼筋混凝土造,105年10月5日,三層,一層 二層 三層 見其他登記事項
RPUOMLTKJHMFFCQ27CA,,182.57,見其他登記事項,鋼筋混凝土造,105年10月5日,三層,一層 二層 三層 見其他登記事項
RPPNMLPLKILFFEQ66CA,38,86.26,住家用,鋼筋混凝土加強磚造,67年12月22日,二層,一層 二層 騎樓 電梯樓梯間
RPPNMLPLKILFFEQ66CA,41,106.17,住家用,木造,64年7月23日,二層,一層 二層 騎樓
RPPNMLQLKILFFBQ09CA,38,143.90,住家用,見其他登記事項,68年4月11日,三層,一層 二層 三層 夾層
RPSNMLLJJHMFFDQ78CA,,158.43,住家用,鋼筋混凝土造,105年9月27日,四層,一層 二層 三層 四層
RPPNMLLJJHMFFDQ48CA,,175.99,住家用,鋼筋混凝土造,105年9月27日,四層,一層 二層 三層 四層
RPQNMLLJJHMFFDQ58CA,,167.40,住家用,鋼筋混凝土造,105年9月27日,四層,一層 二層 三層 四層
RPTNMLLJJHMFFDQ88CA,,167.21,住家用,鋼筋混凝土造,105年9月27日,四層,一層 二層 三層 四層
RPQNMLRKJHMFFDQ66CA,27,153.35,住商用,鋼筋混凝土造,79年3月17日,三層,一層 二層 三層
RPUNMLLJJHMFFDQ98CA,,177.01,住家用,鋼筋混凝土造,105年9月27日,四層,一層 二層 三層 四層
RPOOMLLJJHMFFDQ48CA,,177.01,住家用,鋼筋混凝土造,105年9月27日,四層,一層 二層 三層 四層
RPPOMLLJJHMFFDQ58CA,,173.74,住家用,鋼筋混凝土造,105年9月27日,四層,一層 二層 三層 四層
RPWNMLLJJHMFFDQ56CA,,144.92,住家用,鋼筋混凝土造,105年9月27日,三層,一層 二層 三層
RPVNMLNJJHMFFDQ66CA,,162.91,見其他登記事項,鋼筋混凝土造,105年7月26日,四層,一層 二層 三層 四層
RPVNMLLJJHMFFDQ09CA,,166.33,住家用,鋼筋混凝土造,105年9月27日,四層,一層 二層 三層 四層
RPXNMLLJJHMFFDQ66CA,,148.54,住家用,鋼筋混凝土造,105年9月27日,三層,一層 二層 三層
RPRNMLNJJHMFFDQ88CA,,142.35,住家用,鋼筋混凝土造,105年7月26日,四層,一層 二層 三層 四層
RPTNMLNJJHMFFDQ09CA,,80.24,住家用,鋼筋混凝土造,105年7月26日,三層,一層 二層 三層
RPUNMLNJJHMFFDQ56CA,,141.80,住家用,鋼筋混凝土造,105年7月26日,四層,一層 二層 三層 四層
RPRNMLLJJHMFFDQ68CA,,172.57,住家用,鋼筋混凝土造,105年9月27日,四層,一層 二層 三層 四層
RPSNMLNJJHMFFDQ98CA,,136.29,住家用,鋼筋混凝土造,105年7月26日,四層,一層 二層 三層 四層
RPOOMLRKJHMFFCQ09CA,,181.75,見其他登記事項,鋼筋混凝土造,105年10月5日,三層,一層 二層 三層 見其他登記事項
RPWOMLRKJHMFFCQ27CA,,181.75,見其他登記事項,鋼筋混凝土造,105年10月5日,三層,一層 二層 三層 見其他登記事項
RPPOMLRKJHMFFCQ56CA,,154.12,見其他登記事項,鋼筋混凝土造,105年10月5日,三層,一層 二層 三層 見其他登記事項
RPVOMLTKJHMFFCQ37CA,,181.75,見其他登記事項,鋼筋混凝土造,105年10月5日,三層,一層 二層 三層 見其他登記事項
RPQOMLRKJHMFFCQ66CA,,181.75,見其他登記事項,鋼筋混凝土造,105年10月5日,三層,一層 二層 三層 見其他登記事項
RPWOMLTKJHMFFCQ47CA,,182.57,見其他登記事項,鋼筋混凝土造,105年10月5日,三層,一層 二層 三層 見其他登記事項
RPPOMLTKJHMFFCQ76CA,,182.57,見其他登記事項,鋼筋混凝土造,105年10月5日,三層,一層 二層 三層 見其他登記事項
RPROMLRKJHMFFCQ76CA,,181.75,見其他登記事項,鋼筋混凝土造,105年10月5日,三層,一層 二層 三層 見其他登記事項
RPTOMLRKJHMFFCQ96CA,,181.75,見其他登記事項,鋼筋混凝土造,105年10月5日,三層,一層 二層 三層 見其他登記事項
RPTNMLTLKILFFCQ27CA,13,192.67,見其他登記事項,鋼筋混凝土造,93年1月30日,三層,一層 二層 三層
RPSNMLSLKILFFEQ47EA,,7.35,住家用,木造,,一層,
RPUNMLSLKILFFCQ27CA,1,194.52,見其他登記事項,鋼筋混凝土造,104年11月13日,三層,一層 二層 三層 見其他登記事項
RPSNMLTJJHMFFCQ86CA,19,89.80,見其他登記事項,鋼筋混凝土造,87年4月3日,五層,三層
RPSNMLTJJHMFFCQ86CA,19,21.85,停車空間,鋼筋混凝土造,87年4月3日,五層,
RPSNMLTJJHMFFCQ86CA,19,18.87,共有部份,鋼筋混凝土造,87年4月3日,五層,
RPTNMLOLJHMFFDQ96EA,35,65.32,住家用,鋼筋混凝土加強磚造,70年10月30日,一層,一層
RPWNMLSLKILFFCQ47CA,,177.38,見其他登記事項,鋼筋混凝土造,105年7月29日,四層,一層 二層 三層 四層
RPXNMLSLKILFFCQ57CA,,175.67,見其他登記事項,鋼筋混凝土造,105年7月29日,四層,一層 二層 三層 四層
RPTNMLSLKILFFBQ07CA,1,235.65,見其他登記事項,鋼筋混凝土造,105年4月27日,四層,一層 二層 三層 四層
RPRNMLSLKILFFBQ86CA,26,124.09,住商用,鋼筋混凝土造,80年4月18日,三層,一層 二層 三層 騎樓
RPVNMLSLKILFFCQ37CA,,180.87,住家用,鋼筋混凝土造,105年7月29日,四層,一層 二層 三層 四層
RPUNMLTJJHMFFBQ96CA,11,17.64,住家用,鋼筋混凝土造,94年10月3日,十層,九層
RPUNMLTJJHMFFBQ96CA,11,.11,見其他登記事項,鋼筋混凝土造,94年10月3日,十層,
RPUNMLTJJHMFFBQ96CA,11,9.30,見其他登記事項,鋼筋混凝土造,94年10月3日,十層,
RPTNMLTJJHMFFBQ86CA,11,17.73,住家用,鋼筋混凝土造,94年10月3日,十層,九層
RPTNMLTJJHMFFBQ86CA,11,.11,見其他登記事項,鋼筋混凝土造,94年10月3日,十層,
RPTNMLTJJHMFFBQ86CA,11,9.36,見其他登記事項,鋼筋混凝土造,94年10月3日,十層,
RPPNMLTJJHMFFBQ09CA,11,16.18,住家用,鋼筋混凝土造,94年10月3日,十層,五層
RPPNMLTJJHMFFBQ09CA,11,.10,見其他登記事項,鋼筋混凝土造,94年10月3日,十層,
RPPNMLTJJHMFFBQ09CA,11,8.53,見其他登記事項,鋼筋混凝土造,94年10月3日,十層,
RPSNMLSLKILFFDQ27DA,1,167.25,見其他登記事項,鋼筋混凝土造,104年10月16日,三層,一層 二層 三層
RPRNMLTJJHMFFBQ66CA,11,16.76,住家用,鋼筋混凝土造,94年10月3日,十層,九層
RPRNMLTJJHMFFBQ66CA,11,.10,見其他登記事項,鋼筋混凝土造,94年10月3日,十層,
RPRNMLTJJHMFFBQ66CA,11,8.83,見其他登記事項,鋼筋混凝土造,94年10月3日,十層,
RPXNMLKMKILFFCQ96DA,35,98.17,住家用,鋼筋混凝土加強磚造,71年4月16日,二層,一層 二層 騎樓
RPQNMLTJJHMFFBQ56CA,11,16.65,住家用,鋼筋混凝土造,94年10月3日,十層,九層
RPQNMLTJJHMFFBQ56CA,11,.10,見其他登記事項,鋼筋混凝土造,94年10月3日,十層,
RPQNMLTJJHMFFBQ56CA,11,8.78,見其他登記事項,鋼筋混凝土造,94年10月3日,十層,
RPQOMLLJJHMFFDQ68CA,,166.73,住家用,鋼筋混凝土造,105年9月27日,四層,一層 二層 三層 四層
RPQNMLOKJHMFFDQ98CA,17,88.55,見其他登記事項,鋼筋混凝土造,88年5月31日,五層,四層
RPQNMLOKJHMFFDQ98CA,17,10.59,見其他登記事項,鋼筋混凝土造,88年5月31日,五層,
RPQNMLOKJHMFFDQ98CA,17,.80,見其他登記事項,鋼筋混凝土造,88年5月31日,一層,
RPQNMLOJJHMFFDQ88CA,21,145.92,住家用,鋼筋混凝土加強磚造,84年9月12日,三層,一層 二層 三層
RPXNMLTLKILFFDQ77CA,23,33.00,見其他登記事項,鋼筋混凝土造,82年10月6日,九層,三層
RPPPMLOJJHMFFDQ98CA,21,66.38,見其他登記事項,鋼筋混凝土造,84年12月27日,五層,五層
RPPPMLOJJHMFFDQ98CA,21,12.08,見其他登記事項,鋼筋混凝土造,84年12月27日,五層,
RPQPMLOJJHMFFDQ09CA,21,66.38,見其他登記事項,鋼筋混凝土造,84年12月27日,五層,五層
RPQPMLOJJHMFFDQ09CA,21,12.08,見其他登記事項,鋼筋混凝土造,84年12月27日,五層,
RPTNMLTLKILFFDQ37CA,38,107.28,住家用,鋼筋混凝土加強磚造,67年9月1日,二層,一層 二層
RPPNMLNJJHMFFCQ68DA,36,59.48,住家用,磚造,70年3月13日,一層,一層
RPQNMLMJJHMFFBQ48CA,9,236.40,見其他登記事項,鋼筋混凝土造,96年6月28日,四層,一層 二層 三層 四層
RPSNMLKMKILFFCQ98CA,23,105.07,住家用,鋼筋混凝土造,82年12月30日,二層,一層 二層 電梯樓梯間
RPSOMLRKJHMFFCQ86CA,,181.75,見其他登記事項,鋼筋混凝土造,105年10月5日,三層,一層 二層 三層 見其他登記事項
RPVOMLRKJHMFFCQ17CA,,189.70,見其他登記事項,鋼筋混凝土造,105年10月5日,三層,一層 二層 三層 見其他登記事項
RPSOMLTKJHMFFCQ07CA,,272.86,見其他登記事項,鋼筋混凝土造,105年10月5日,三層,一層 二層 三層 見其他登記事項
RPRNMLNJJHMFFCQ78CA,21,107.98,見其他登記事項,鋼筋混凝土造,85年5月17日,八層,七層
RPRNMLNJJHMFFCQ78CA,21,19.09,共有部份,鋼筋混凝土造,85年5月17日,八層,
RPRNMLNJJHMFFCQ78CA,21,.08,見其他登記事項,鋼筋混凝土造,85年5月17日,八層,
RPRNMLNJJHMFFCQ78CA,21,6.70,共有部份,鋼筋混凝土造,85年5月17日,八層,
RPUNMLOJJHMFFCQ56CA,12,162.93,見其他登記事項,鋼筋混凝土造,93年9月6日,三層,一層 二層 三層 電梯樓梯間
RPOOMLTLKILFFDQ07DA,18,132.56,見其他登記事項,鋼筋混凝土造,88年5月31日,三層,一層 二層 三層
RPPNMLMKJHMFFDQ68CA,36,98.48,住家用,鋼筋混凝土加強磚造,70年3月28日,二層,一層 二層
RPRNMLMKJHMFFDQ88CA,22,204.20,見其他登記事項,鋼筋混凝土造,83年8月19日,七層,一層 二層 三層 地下層
RPRNMLMKJHMFFDQ88CA,22,21.52,見其他登記事項,鋼筋混凝土造,83年8月19日,七層,
RPRNMLLKJHMFFCQ68CA,22,208.67,住商用,鋼筋混凝土造,83年11月3日,四層,一層 二層 三層 四層 電梯樓梯間
RPPNMLSKJHMFFBQ09CA,20,212.20,住家用,鋼筋混凝土造,86年1月23日,四層,一層 二層 三層 四層
RPQNMLRJJHMFFEQ66CA,22,260.22,住家用,鋼筋混凝土加強磚造,83年8月17日,三層,一層 二層 三層
RPPNMLRJJHMFFDQ09CA,23,86.01,見其他登記事項,鋼筋混凝土造,82年10月6日,九層,八層
RPPNMLRJJHMFFDQ09CA,23,10.91,見其他登記事項,鋼筋混凝土造,82年10月6日,九層,
RPPNMLRJJHMFFDQ09CA,23,13.34,見其他登記事項,鋼筋混凝土造,82年10月6日,9,
RPQNMLPLJHMFFCQ56DA,35,102.51,住家用,鋼筋混凝土加強磚造,70年12月30日,二層,一層 二層 騎樓 電梯樓梯間
RPSNMLMKJHMFFDQ98CA,1,169.80,見其他登記事項,見其他登記事項,105年3月1日,三層,一層 二層 三層 見其他登記事項
RPTNMLMKJHMFFDQ09CA,1,172.49,住家用,見其他登記事項,105年3月1日,三層,一層 二層 三層 見其他登記事項
RPUOMLLKJHMFFDQ56CA,12,180.81,住家用,鋼筋混凝土造,94年1月27日,三層,一層 二層 三層
RPSNMLPJJHMFFDQ56CA,24,150.42,住家用,鋼筋混凝土造,81年7月4日,三層,一層 二層 三層
RPVNMLPJJHMFFDQ86CA,25,135.71,住家用,鋼筋混凝土造,80年12月31日,三層,一層 二層 三層 騎樓
RPVNMLPJJHMFFDQ86CA,25,135.71,住家用,鋼筋混凝土造,80年12月31日,三層,一層 二層 三層 騎樓
RPPNMLTJJHMFFDQ66CA,39,204.85,住房,見其他登記事項,67年1月24日,三層,一層 二層 三層
RPXNMLOJJHMFFDQ96CA,,194.57,住家用,鋼筋混凝土造,105年7月19日,四層,一層 二層 三層 四層
RPPNMLQLJHMFFBQ98CA,10,15.06,住家用,鋼筋混凝土造,95年8月28日,八層,四層
RPPNMLQLJHMFFBQ98CA,10,4.20,共有部份,鋼筋混凝土造,95年8月28日,,
RPPNMLQLJHMFFBQ98CA,10,5.78,共有部份,鋼筋混凝土造,95年8月28日,,
SPPNMLQLJHMFFBQ09CA,10,15.06,住家用,鋼筋混凝土造,95年8月28日,八層,四層
SPPNMLQLJHMFFBQ09CA,10,4.20,共有部份,鋼筋混凝土造,95年8月28日,,
SPPNMLQLJHMFFBQ09CA,10,5.78,共有部份,鋼筋混凝土造,95年8月28日,,
RPUNMLOJJHMFFDQ66CA,,189.26,住家用,鋼筋混凝土造,105年7月19日,四層,一層 二層 三層 四層
RPPOMLOJJHMFFDQ88CA,,166.78,住家用,鋼筋混凝土造,105年7月19日,三層,一層 二層 三層
RPVNMLOJJHMFFDQ76CA,,186.23,住家用,鋼筋混凝土造,105年7月19日,四層,一層 二層 三層 四層
RPROMLOJJHMFFDQ09CA,,166.79,住家用,鋼筋混凝土造,105年7月19日,三層,一層 二層 三層
RPQOMLOJJHMFFDQ98CA,,164.36,住家用,鋼筋混凝土造,105年7月19日,三層,一層 二層 三層
RPSOMLOJJHMFFDQ56CA,,164.64,住家用,鋼筋混凝土造,105年7月19日,三層,一層 二層 三層
RPOOMLOJJHMFFDQ78CA,,166.78,住家用,鋼筋混凝土造,105年7月19日,三層,一層 二層 三層
RPTOMLOJJHMFFDQ66CA,,164.69,住家用,鋼筋混凝土造,105年7月19日,三層,一層 二層 三層
RPUOMLOJJHMFFDQ76CA,,191.55,住家用,鋼筋混凝土造,105年7月19日,四層,一層 二層 三層 四層
RPQOMLOLJHMFFDQ56CA,18,88.55,見其他登記事項,鋼筋混凝土造,88年5月31日,五層,三層
RPQOMLOLJHMFFDQ56CA,18,10.59,見其他登記事項,鋼筋混凝土造,88年5月31日,五層,
RPQOMLOLJHMFFDQ56CA,18,.80,見其他登記事項,鋼筋混凝土造,88年5月31日,一層,
RPQNMLPJJHMFFDQ09DA,2,235.91,見其他登記事項,鋼筋混凝土造,103年9月29日,四層,一層 二層 三層 四層 見其他登記事項
RPQNMLPJJHMFFCQ09EA,32,95.50,住家用,鋼筋混凝土加強磚造,74年5月29日,二層,一層 二層 電梯樓梯間
RPPNMLLKJHMFFBQ38CA,29,135.14,住家用,鋼筋混凝土加強磚造,77年5月7日,二層,一層 二層 騎樓
RPRNMLOJJHMFFBQ78CA,2,1.00,見其他登記事項,鋼筋混凝土造,104年1月6日,一層,
RPRNMLOJJHMFFBQ78CA,1,294.25,見其他登記事項,鋼筋混凝土造,104年7月20日,三層,一層 二層 三層
RPPNMLNJJHMFFBQ48CA,27,712.76,工業用,鋼造,78年6月28日,一層,一層
RPPNMLNJJHMFFBQ48CA,24,1009.08,工業用,鋼造,82年5月3日,一層,一層
RPPNMLNJJHMFFBQ48CA,23,228.92,見其他登記事項,鋼造,82年8月18日,二層,一層 二層
RPPNMLNJJHMFFBQ48CA,20,1427.15,見其他登記事項,見其他登記事項,86年2月1日,一層,一層
RPPNMLPJJHMFFCQ78CA,24,181.89,住家用,鋼筋混凝土造,81年12月24日,三層,一層 二層 三層 電梯樓梯間
RPPNMLOJJHMFFCQ68CA,,229.05,見其他登記事項,鋼筋混凝土造,104年11月13日,四層,一層 二層 三層 四層
RPSNMLOJJHMFFCQ98CA,1,222.17,住家用,鋼筋混凝土造,105年3月15日,四層,一層 二層 三層 四層
RPQNMLOJJHMFFCQ78CA,,205.42,見其他登記事項,鋼筋混凝土造,104年11月13日,三層,一層 二層 三層 見其他登記事項
RPTNMLOJJHMFFDQ56CA,12,19.73,見其他登記事項,鋼筋混凝土造,94年2月4日,五層,五層
RPTNMLOJJHMFFDQ56CA,12,7.22,見其他登記事項,鋼筋混凝土造,94年2月4日,五層,
RPQNMLQJJHMFFDQ09CA,,173.68,住家用,鋼筋混凝土造,105年9月13日,三層,一層 二層 三層
RPQNMLMKJHMFFDQ78CA,38,91.60,住家用,鋼筋混凝土加強磚造,67年10月30日,二層,一層 二層 騎樓
RPSNMLTJJHMFFEQ07CA,24,38.83,住家用,鋼筋混凝土造,82年4月1日,十八層,十七層
RPSNMLTJJHMFFEQ07CA,24,1.75,見其他登記事項,鋼筋混凝土造,82年4月1日,,
RPSNMLTJJHMFFEQ07CA,24,7.53,見其他登記事項,鋼筋混凝土造,82年4月1日,十八層,
RPOPMLTKJHMFFCQ76CA,,182.57,見其他登記事項,鋼筋混凝土造,105年10月5日,三層,一層 二層 三層 見其他登記事項
RPPNMLKKJHMFFCQ48DA,15,127.75,住家用,鋼筋混凝土造,91年1月14日,三層,一層 二層 三層
RPQNMLRJJHMFFCQ09CA,36,100.57,住家用,鋼筋混凝土加強磚造,70年2月10日,二層,一層 二層 電梯樓梯間
RPPNMLPJJHMFFBQ68CA,11,4140.00,見其他登記事項,見其他登記事項,95年5月8日,二層,一層 二層
RPPNMLPJJHMFFBQ68CA,9,4140.00,見其他登記事項,見其他登記事項,97年1月4日,二層,一層 二層
RPPNMLPJJHMFFBQ68CA,11,83.22,見其他登記事項,見其他登記事項,95年5月8日,一層,一層
RPROMLPJJHMFFCQ09CA,40,127.42,住家用,鋼筋混凝土加強磚造,66年3月3日,二層,一層 二層 騎樓
RPRNMLRJJHMFFCQ56CA,24,79.90,住家用,鋼筋混凝土造,81年11月30日,五層,五層
RPRNMLRJJHMFFCQ56CA,24,8.04,共有部份,鋼筋混凝土造,81年11月30日,地下層,
RPRNMLRJJHMFFCQ56CA,24,6.74,共有部份,鋼筋混凝土造,81年11月30日,五層,
RPPOMLPJJHMFFCQ09EA,24,103.08,見其他登記事項,鋼筋混凝土造,82年2月17日,五層,四層
RPQNMLKKJHMFFBQ38CA,13,17.99,住家用,鋼筋混凝土造,92年8月21日,五層,二層
RPQNMLKKJHMFFBQ38CA,13,4.74,見其他登記事項,鋼筋混凝土造,92年8月21日,五層,
RPSNMLRKJHMFFDQ96DA,35,66.81,住家用,鋼筋混凝土加強磚造,70年7月10日,一層,一層
RPTNMLPJJHMFFDQ76DA,14,158.28,住家用,鋼筋混凝土造,92年5月23日,三層,一層 二層 三層
RPQNMLKLJHMFFDQ68CA,35,79.91,住商用,鋼筋混凝土加強磚造,71年5月18日,三層,一層 二層 三層
RPVNMLSKJHMFFBQ07CA,34,147.40,住家用,鋼筋混凝土加強磚造,71年11月2日,三層,一層 二層 三層
RPUNMLMKJHMFFDQ56CA,1,169.68,見其他登記事項,見其他登記事項,105年3月1日,三層,一層 二層 三層 見其他登記事項
RPQNMLLKJHMFFEQ78CA,36,134.24,住家用,鋼筋混凝土加強磚造,69年9月30日,三層,一層 二層 三層 騎樓
RPSNMLOKJHMFFDQ56CA,24,167.49,見其他登記事項,鋼筋混凝土造,82年1月9日,四層,一層 二層 三層 四層
RPROMLTJJHMFFDQ96CA,,179.71,住家用,鋼筋混凝土造,105年9月27日,四層,一層 二層 三層 四層
RPVNMLTJJHMFFDQ27CA,38,89.65,住家用,鋼筋混凝土加強磚造,67年6月28日,二層,一層 二層
RPSNMLTJJHMFFDQ96CA,,162.88,住家用,鋼筋混凝土造,105年7月18日,三層,一層 二層 三層
RPRNMLQJJHMFFCQ09CA,1,220.22,見其他登記事項,鋼筋混凝土造,104年11月13日,四層,一層 二層 三層 四層 見其他登記事項
RPQNMLNKJHMFFCQ88DA,21,79.04,見其他登記事項,鋼筋混凝土造,85年2月9日,五層,五層
RPQNMLNKJHMFFCQ88DA,21,.84,共有部份,鋼筋混凝土造,85年2月9日,五層,
RPQNMLNKJHMFFCQ88DA,21,2.74,共有部份,鋼筋混凝土造,85年2月9日,五層,
RPQNMLNKJHMFFCQ88DA,21,2.75,共有部份,鋼筋混凝土造,85年2月9日,五層,
RPQNMLNKJHMFFCQ88DA,21,2.53,共有部份,鋼筋混凝土造,85年2月9日,五層,
RPSNMLQKJHMFFCQ66CA,37,177.82,住家用,鋼筋混凝土加強磚造,68年11月8日,二層,一層 二層 騎樓
RPXNMLTJJHMFFBQ27CA,10,19.19,住家用,鋼筋混凝土造,95年8月28日,八層,二層
RPXNMLTJJHMFFBQ27CA,10,4.61,共有部份,鋼筋混凝土造,95年8月28日,,
RPXNMLTJJHMFFBQ27CA,10,7.43,共有部份,鋼筋混凝土造,95年8月28日,,
RPUNMLTJJHMFFCQ07CA,,169.94,見其他登記事項,鋼筋混凝土造,105年7月29日,四層,一層 二層 三層 四層
RPTNMLTJJHMFFEQ17CA,22,263.53,住家用,鋼筋混凝土造,84年3月8日,四層,一層 二層 三層 四層
RPVNMLKKJHMFFBQ88CA,20,260.22,住家用,鋼筋混凝土造,85年11月15日,三層,
RPOOMLPLJHMFFCQ09DA,1,207.61,見其他登記事項,鋼筋混凝土造,105年5月19日,四層,一層 二層 三層 四層
RPPPMLTKJHMFFCQ86CA,,261.42,見其他登記事項,鋼筋混凝土造,105年10月5日,三層,一層 二層 三層 見其他登記事項
RPTNMLSKJHMFFBQ86CA,22,88.02,住家用,鋼筋混凝土造,83年9月10日,十二層,八層
RPTNMLSKJHMFFBQ86CA,22,27.44,見其他登記事項,鋼筋混凝土造,83年9月10日,十三層,
RPTNMLSKJHMFFBQ86CA,22,88.02,住家用,鋼筋混凝土造,83年9月10日,十二層,八層
RPTNMLSKJHMFFBQ86CA,22,10.01,見其他登記事項,鋼筋混凝土造,83年9月10日,十二層,
RPPNMLMJKHMFFBQ48CA,22,97.21,住家用,鋼筋混凝土造,83年12月15日,五層,四層
RPXOMLTKJHMFFCQ57CA,,181.96,見其他登記事項,鋼筋混凝土造,105年10月5日,三層,一層 二層 三層 見其他登記事項
RPQNMLNKJHMFFEQ98CA,1,207.33,見其他登記事項,鋼筋混凝土造,105年2月2日,三層,一層 二層 三層
RPOOMLTJJHMFFDQ66CA,,170.95,住家用,鋼筋混凝土造,105年8月19日,三層,一層 二層 三層 見其他登記事項
RPPOMLTJJHMFFDQ76CA,,172.19,住家用,鋼筋混凝土造,105年8月19日,三層,一層 二層 三層 見其他登記事項
RPQOMLLKJHMFFDQ78CA,,141.80,住家用,鋼筋混凝土造,105年7月26日,四層,一層 二層 三層 四層
RPROMLLKJHMFFDQ88CA,,160.39,住家用,鋼筋混凝土造,105年7月26日,三層,一層 二層 三層
RPSOMLLKJHMFFDQ98CA,,141.80,住家用,鋼筋混凝土造,105年7月26日,四層,一層 二層 三層 四層
RPTOMLLKJHMFFDQ09CA,,160.39,住家用,鋼筋混凝土造,105年7月26日,三層,一層 二層 三層
RPPNMLOJKHMFFDQ88CA,,195.51,見其他登記事項,鋼筋混凝土造,105年8月31日,三層,一層 二層 三層 見其他登記事項
RPQOMLSKJHMFFDQ86CA,39,62.87,住家用,磚造,66年5月25日,一層,一層
RPVNMLLKJHMFFDQ56CA,,141.80,住家用,鋼筋混凝土造,105年7月26日,四層,一層 二層 三層 四層
RPXNMLLKJHMFFDQ76CA,,160.02,住家用,鋼筋混凝土造,105年7月26日,三層,一層 二層 三層
RPTNMLLKJHMFFDQ98CA,,141.80,住家用,鋼筋混凝土造,105年7月26日,四層,一層 二層 三層 四層
RPWNMLOLJHMFFDQ07CA,37,102.71,住家用,鋼筋混凝土加強磚造,68年9月1日,二層,一層 二層 騎樓
RPOOMLLKJHMFFDQ58CA,,142.35,住家用,鋼筋混凝土造,105年7月26日,四層,一層 二層 三層 四層
RPSNMLNLJHMFFDQ56CA,8,177.83,住家用,鋼筋混凝土造,97年11月13日,三層,一層 二層 三層
RPSNMLKKJHMFFCQ68CA,23,50.62,共有部份,鋼筋混凝土造,82年12月14日,七層,
RPQNMLKKJHMFFCQ48CA,1,194.52,見其他登記事項,鋼筋混凝土造,104年11月13日,三層,一層 二層 三層 見其他登記事項
RPSNMLNLJHMFFCQ09CA,35,96.98,住家用,鋼筋混凝土加強磚造,71年3月6日,二層,一層 二層
RPVNMLNKJHMFFCQ66CA,37,105.99,住家用,鋼筋混凝土加強磚造,68年12月31日,二層,一層 二層 電梯樓梯間
RPUNMLLKJHMFFCQ98CA,10,228.34,見其他登記事項,鋼筋混凝土造,95年8月14日,四層,一層 二層 三層 四層
RPVOMLNKJHMFFCQ76CA,35,119.07,住家用,鋼筋混凝土加強磚造,70年7月28日,二層,一層 二層 電梯樓梯間
RPVNMLLKJHMFFCQ09CA,35,130.37,住家用,鋼筋混凝土加強磚造,70年12月28日,二層,一層 二層 電梯樓梯間
RPPNMLLJKHMFFBQ38CA,10,19.19,住家用,鋼筋混凝土造,95年8月28日,八層,四層
RPPNMLLJKHMFFBQ38CA,10,4.83,共有部份,鋼筋混凝土造,95年8月28日,,
RPPNMLLJKHMFFBQ38CA,10,7.44,共有部份,鋼筋混凝土造,95年8月28日,,
RPQNMLMKJHMFFCQ68CA,40,138.60,住家用,鋼筋混凝土加強磚造,65年9月7日,三層,一層 二層 三層
RPQNMLLJKHMFFBQ48CA,10,19.19,住家用,鋼筋混凝土造,95年8月28日,八層,四層
RPQNMLLJKHMFFBQ48CA,10,4.83,共有部份,鋼筋混凝土造,95年8月28日,,
RPQNMLLJKHMFFBQ48CA,10,7.44,共有部份,鋼筋混凝土造,95年8月28日,,
RPUOMLNKJHMFFCQ66CA,38,78.79,住商用,鋼筋混凝土加強磚造,67年11月3日,二層,一層 二層 騎樓 電梯樓梯間
RPROMLQJKHMFFDQ86DA,,208.36,住家用,鋼筋混凝土造,105年11月11日,三層,一層 二層 三層 見其他登記事項
RPQOMLQJKHMFFDQ76DA,,207.34,住家用,鋼筋混凝土造,105年11月11日,三層,一層 二層 三層 見其他登記事項
RPPOMLQJKHMFFDQ66DA,,225.71,住家用,鋼筋混凝土造,105年11月11日,三層,一層 二層 三層 見其他登記事項
RPPOMLSKJHMFFDQ76CA,36,70.12,住家用,鋼筋混凝土加強磚造,70年6月3日,二層,一層 二層
RPRNMLNKJHMFFBQ78CA,84,247.94,住商用,木造,22年1月1日,一層,一層
RPROMLOLJHMFFDQ66CA,37,146.37,住商用,鋼筋混凝土加強磚造,69年2月1日,三層,一層 二層 三層 騎樓
RPUNMLQKJHMFFDQ96CA,,141.80,住家用,鋼筋混凝土造,105年7月26日,四層,一層 二層 三層 四層
RPVNMLQKJHMFFDQ07CA,,160.39,住家用,鋼筋混凝土造,105年7月26日,三層,一層 二層 三層
RPQOMLNKJHMFFCQ88CA,22,163.83,住商用,鋼筋混凝土造,83年8月8日,十一層,一層 二層 三層 騎樓
RPWNMLQKJHMFFCQ07CA,,202.07,住家用,鋼筋混凝土造,105年8月22日,四層,一層 二層 三層 四層
RPTOMLNKJHMFFCQ56CA,38,80.98,住商用,鋼筋混凝土加強磚造,67年11月3日,二層,一層 二層 騎樓
RPUNMLOKJHMFFDQ86DA,32,159.08,見其他登記事項,鋼筋混凝土加強磚造,73年12月10日,二層,一層 二層
RPQNMLNKJHMFFBQ68CA,31,146.13,住家用,鋼筋混凝土加強磚造,75年6月16日,二層,一層 二層 騎樓
RPPNMLTKJHMFFBQ56CA,23,171.56,住商用,鋼筋混凝土造,83年5月23日,四層,一層 二層 三層 四層
RPTNMLPLJHMFFCQ76CA,35,111.72,住家用,鋼筋混凝土加強磚造,70年11月21日,二層,一層 二層
RPOOMLMJKHMFFCQ58CA,2,197.02,見其他登記事項,鋼筋混凝土造,103年10月13日,三層,一層 二層 三層 見其他登記事項
RPSNMLQKJHMFFDQ76CA,,155.99,住家用,鋼筋混凝土造,105年7月26日,四層,一層 二層 三層 四層
RPQNMLQKJHMFFDQ56CA,,141.80,住家用,鋼筋混凝土造,105年7月26日,四層,一層 二層 三層 四層
RPPNMLQKJHMFFDQ09CA,,141.80,住家用,鋼筋混凝土造,105年7月26日,四層,一層 二層 三層 四層
RPRNMLLLJHMFFDQ88CA,14,21.64,見其他登記事項,鋼筋混凝土造,92年5月5日,五層,三層
RPRNMLLLJHMFFDQ88CA,14,3.80,見其他登記事項,鋼筋混凝土造,92年5月5日,五層,
RPTNMLQKJHMFFDQ86CA,,142.35,住家用,鋼筋混凝土造,105年7月26日,四層,一層 二層 三層 四層
RPRNMLQKJHMFFDQ66CA,,155.23,住家用,鋼筋混凝土造,105年7月26日,四層,一層 二層 三層 四層
RPPNMLSJKHMFFBQ09CA,16,292.19,住商用,鋼筋混凝土造,89年12月18日,四層,一層 二層 三層 四層 地下層
RPROMLQKJHMFFDQ76CA,13,16.26,見其他登記事項,鋼筋混凝土造,93年6月9日,五層,三層
RPWNMLQLJHMFFDQ27CA,22,46.07,見其他登記事項,鋼筋混凝土造,83年8月19日,七層,六層
RPWNMLQLJHMFFDQ27CA,22,21.52,見其他登記事項,鋼筋混凝土造,83年8月19日,七層,
RPWNMLQLJHMFFDQ27CA,22,10.90,見其他登記事項,鋼筋混凝土造,83年8月19日,七層,
RPXNMLNLJHMFFCQ96CA,9,814.00,見其他登記事項,鋼筋混凝土造,96年6月11日,五層,一層 二層 三層 四層 五層
SPXNMLNLJHMFFCQ07CA,9,814.00,見其他登記事項,鋼筋混凝土造,96年6月11日,五層,一層 二層 三層 四層 五層
TPXNMLNLJHMFFCQ17CA,9,814.00,見其他登記事項,鋼筋混凝土造,96年6月11日,五層,一層 二層 三層 四層 五層
RPPNMLPJKHMFFDQ98CA,41,232.19,住房,見其他登記事項,64年6月15日,三層,一層 二層 三層
SPOOMLNLJHMFFCQ88CA,9,814.00,見其他登記事項,鋼筋混凝土造,96年6月11日,五層,一層 二層 三層 四層 五層
UPXNMLNLJHMFFCQ27CA,9,819.40,見其他登記事項,鋼筋混凝土造,96年6月11日,五層,一層 二層 三層 四層 五層
RPOOMLNLJHMFFCQ78CA,9,1553.28,見其他登記事項,鋼筋混凝土造,96年6月11日,五層,一層 二層 三層 四層 五層
VPOOMLNLJHMFFCQ56CA,9,814.00,見其他登記事項,鋼筋混凝土造,96年6月11日,五層,一層 二層 三層 四層 五層
UPOOMLNLJHMFFCQ09CA,9,814.00,見其他登記事項,鋼筋混凝土造,96年6月11日,五層,一層 二層 三層 四層 五層
TPOOMLNLJHMFFCQ98CA,9,814.00,見其他登記事項,鋼筋混凝土造,96年6月11日,五層,一層 二層 三層 四層 五層
SPPOMLNLJHMFFCQ98CA,9,651.08,見其他登記事項,鋼筋混凝土造,96年6月11日,四層,一層 二層 三層 四層
RPPOMLNLJHMFFCQ88CA,9,655.99,見其他登記事項,鋼筋混凝土造,96年6月11日,四層,一層 二層 三層 四層
TPPOMLNLJHMFFCQ09CA,9,651.08,見其他登記事項,鋼筋混凝土造,96年6月11日,四層,一層 二層 三層 四層
UPPOMLNLJHMFFCQ56CA,9,651.08,見其他登記事項,鋼筋混凝土造,96年6月11日,四層,一層 二層 三層 四層
VPPOMLNLJHMFFCQ66CA,9,655.40,見其他登記事項,鋼筋混凝土造,96年6月11日,四層,一層 二層 三層 四層
RPRNMLSKJHMFFCQ76CA,35,101.71,住家用,鋼筋混凝土加強磚造,70年10月15日,二層,一層 二層
RPVNMLSKJHMFFDQ37DA,1,167.25,見其他登記事項,鋼筋混凝土造,104年10月16日,三層,一層 二層 三層
RPPNMLPLJHMFFCQ98CA,35,129.20,住家用,鋼筋混凝土加強磚造,70年11月27日,二層,一層 二層 電梯樓梯間
RPSNMLSKJHMFFDQ07DA,1,167.25,見其他登記事項,鋼筋混凝土造,104年10月16日,三層,一層 二層 三層
RPQNMLSKJHMFFDQ86DA,23,150.39,住家用,鋼筋混凝土造,82年7月12日,三層,一層 二層 三層
RPPNMLKLJHMFFCQ48CA,,214.10,住家用,鋼筋混凝土造,105年7月29日,四層,一層 二層 三層 四層
RPRNMLKLJHMFFBQ58CA,12,209.44,住家用,鋼筋混凝土造,93年9月6日,四層,一層 二層 三層 四層
RPXNMLSKJHMFFDQ47CA,,141.80,住家用,鋼筋混凝土造,105年7月26日,四層,一層 二層 三層 四層
RPOOMLSKJHMFFDQ66CA,,135.23,住家用,鋼筋混凝土造,105年7月26日,四層,一層 二層 三層 四層
RPPNMLOKKHMFFBQ78CA,1,176.43,見其他登記事項,鋼筋混凝土造,105年6月24日,三層,一層 二層 三層 見其他登記事項
RPRNMLTKJHMFFCQ96DA,3,168.64,見其他登記事項,鋼筋混凝土造,102年11月4日,三層,一層 二層 三層 見其他登記事項
RPPNMLTKJHMFFCQ76DA,18,144.85,見其他登記事項,鋼筋混凝土造,88年4月28日,五層,三層
RPPNMLNJKHMFFDQ78CA,30,119.54,住家用,鋼筋混凝土加強磚造,75年12月29日,三層,一層 二層 三層
RPRNMLMJKHMFFDQ88CA,14,18.87,見其他登記事項,鋼筋混凝土造,92年5月5日,五層,二層
RPRNMLMJKHMFFDQ88CA,14,3.32,見其他登記事項,鋼筋混凝土造,92年5月5日,五層,
RPTNMLNJKHMFFBQ98CA,,271.05,住家用,鋼筋混凝土造,105年11月14日,四層,一層 二層 三層 四層
RPVNMLNJKHMFFBQ56CA,,279.72,住家用,鋼筋混凝土造,105年11月14日,四層,一層 二層 三層 四層
RPRNMLQLJHMFFCQ66CA,4,144.07,住家用,鋼筋混凝土造,101年9月12日,三層,一層 二層 三層
RPPNMLTJKHMFFBQ56CA,33,155.88,住商用,鋼筋混凝土造,73年3月19日,三層,一層 二層 三層 騎樓
RPUNMLNJKHMFFBQ09CA,,279.77,住家用,鋼筋混凝土造,105年11月14日,四層,一層 二層 三層 四層
RPUNMLNJKHMFFDQ76DA,25,161.18,住家用,鋼筋混凝土造,80年6月20日,四層,一層 二層 三層 四層
RPVNMLKLJHMFFDQ66DA,11,175.94,住商用,鋼筋混凝土造,94年9月16日,四層,一層 二層 三層 四層
RPTNMLNLJHMFFCQ76EA,37,98.09,住商用,鋼筋混凝土加強磚造,69年1月24日,二層,一層 二層 騎樓
RPUNMLPLJHMFFCQ86CA,1,222.18,見其他登記事項,鋼筋混凝土造,105年1月29日,三層,一層 二層 三層 見其他登記事項
RPPNMLRLJHMFFBQ09CA,10,213.36,住商用,鋼筋混凝土造,95年10月28日,四層,一層 二層 三層 四層
RPPNMLMJKHMFFCQ58CA,15,127.75,住家用,鋼筋混凝土造,91年1月14日,三層,一層 二層 三層
RPPNMLLJKHMFFCQ48CA,22,82.41,見其他登記事項,鋼筋混凝土造,83年8月10日,七層,七層
RPPNMLLJKHMFFCQ48CA,22,29.16,共有部份,鋼筋混凝土造,83年8月10日,七層,
RPPNMLLJKHMFFCQ48CA,22,13.25,共有部份,鋼筋混凝土造,83年8月10日,七層,
RPOOMLMJKHMFFBQ48CA,3,231.78,見其他登記事項,鋼筋混凝土造,103年6月25日,四層,一層 二層 三層 四層 見其他登記事項
RPPNMLKLJHMFFDQ58CA,36,99.24,住家用,鋼筋混凝土加強磚造,69年6月1日,二層,一層 二層
RPPNMLNLJHMFFDQ88CA,,156.54,住家用,鋼筋混凝土造,105年7月18日,三層,一層 二層 三層
RPQNMLTJKHMFFDQ86CA,21,74.22,見其他登記事項,鋼筋混凝土造,85年2月7日,九層,六層
RPQNMLTJKHMFFDQ86CA,21,15.37,見其他登記事項,鋼筋混凝土造,85年2月7日,九層,
RPQNMLTJKHMFFDQ86CA,21,10.57,見其他登記事項,鋼筋混凝土造,85年2月7日,九層,
RPWNMLNLJHMFFBQ86DA,21,303.40,住家用,鋼筋混凝土加強磚造,85年7月1日,四層,一層 二層 三層 四層
RPWNMLKLJHMFFDQ66CA,18,124.21,住家用,鋼筋混凝土造,87年11月24日,三層,一層 二層 三層
RPRNMLNLJHMFFBQ88CA,37,105.18,住家用,鋼筋混凝土加強磚造,68年11月17日,二層,一層 二層
RPVNMLKLJHMFFCQ09CA,23,25.31,共有部份,鋼筋混凝土造,82年12月14日,七層,
RPVNMLOLJHMFFCQ86CA,1,217.75,住家用,鋼筋混凝土造,105年3月15日,四層,一層 二層 三層 四層
RPPOMLOLJHMFFDQ56DA,11,16.15,見其他登記事項,鋼筋混凝土造,94年8月15日,五層,五層
RPPOMLOLJHMFFDQ56DA,11,7.19,見其他登記事項,鋼筋混凝土造,94年8月15日,五層,
SPPOMLOLJHMFFDQ66DA,11,16.15,見其他登記事項,鋼筋混凝土造,94年8月15日,五層,五層
SPPOMLOLJHMFFDQ66DA,11,7.19,見其他登記事項,鋼筋混凝土造,94年8月15日,五層,
RPRNMLOKKHMFFCQ09CA,4,218.00,見其他登記事項,鋼筋混凝土造,102年6月4日,四層,一層 二層 三層 四層 見其他登記事項
RPTNMLKLKHMFFDQ56DA,25,140.46,住家用,鋼筋混凝土造,81年7月4日,三層,一層 二層 三層
RPOOMLOLJHMFFDQ09DA,11,16.15,見其他登記事項,鋼筋混凝土造,94年8月15日,五層,五層
RPOOMLOLJHMFFDQ09DA,11,7.19,見其他登記事項,鋼筋混凝土造,94年8月15日,五層,
RPSNMLOLJHMFFCQ56CA,18,143.92,見其他登記事項,鋼筋混凝土造,88年4月28日,五層,五層
RPSNMLOLJHMFFCQ56CA,18,27.91,見其他登記事項,鋼筋混凝土造,88年4月28日,五層,
RPUOMLNLJHMFFDQ86CA,12,175.63,住家用,鋼筋混凝土造,93年6月21日,四層,一層 二層 三層 四層
RPQNMLOJKHMFFDQ98CA,35,157.91,住家用,鋼筋混凝土加強磚造,70年6月20日,二層,一層 二層
RPQNMLLKKHMFFDQ78CA,39,105.62,住家用,鋼筋混凝土加強磚造,67年2月10日,二層,一層 二層 騎樓
RPSNMLPLJHMFFEQ86CA,2,230.65,見其他登記事項,鋼筋混凝土造,104年4月15日,三層,一層 二層 三層 屋頂突出物
RPQNMLQLJHMFFBQ56DA,20,77.53,住家用,鋼筋混凝土造,86年1月10日,十層,九層
RPUNMLPLJHMFFBQ86DA,,183.68,見其他登記事項,鋼筋混凝土造,105年8月4日,三層,一層 二層 三層
RPPNMLSKKHMFFDQ76CA,13,17.00,見其他登記事項,鋼筋混凝土造,93年6月9日,五層,三層
SPPNMLSKKHMFFDQ86CA,13,19.53,見其他登記事項,鋼筋混凝土造,93年6月9日,五層,四層
RPWNMLMJKHMFFBQ56CA,,282.57,住家用,鋼筋混凝土造,105年11月14日,四層,一層 二層 三層 四層
RPXNMLPLJHMFFBQ07CA,36,99.46,住家用,鋼筋混凝土加強磚造,69年7月11日,二層,一層 二層
RPSNMLSKKHMFFDQ07CA,,208.68,住家用,鋼筋混凝土造,105年10月14日,四層,一層 二層 三層 四層
RPQNMLOLJHMFFCQ98CA,1,191.15,見其他登記事項,鋼筋混凝土造,104年11月13日,三層,一層 二層 三層 見其他登記事項
RPRNMLMJKHMFFCQ78CA,36,109.59,住家用,鋼筋混凝土加強磚造,70年5月8日,二層,一層 二十五層 電梯樓梯間
RPQNMLQLJHMFFDQ76DA,12,16.70,住家用,鋼筋混凝土造,93年8月3日,五層,三層
RPQNMLQLJHMFFDQ76DA,12,.76,見其他登記事項,鋼筋混凝土造,93年8月3日,五層,
RPQNMLQLJHMFFDQ76DA,12,6.83,見其他登記事項,鋼筋混凝土造,93年8月3日,五層,
RPQNMLQLJHMFFDQ76DA,12,1.26,見其他登記事項,鋼筋混凝土造,93年8月3日,五層,
RPQNMLQLJHMFFDQ76DA,12,6.99,見其他登記事項,鋼筋混凝土造,93年8月3日,五層,
RPQNMLQLJHMFFDQ76DA,12,.17,見其他登記事項,鋼筋混凝土造,93年8月3日,五層,
SPQNMLQLJHMFFDQ86DA,12,19.39,住家用,鋼筋混凝土造,93年8月3日,五層,三層
SPQNMLQLJHMFFDQ86DA,12,9.01,見其他登記事項,鋼筋混凝土造,93年8月3日,五層,
SPQNMLQLJHMFFDQ86DA,12,8.06,見其他登記事項,鋼筋混凝土造,93年8月3日,五層,
SPQNMLQLJHMFFDQ86DA,12,1.48,見其他登記事項,鋼筋混凝土造,93年8月3日,五層,
SPQNMLQLJHMFFDQ86DA,12,.82,見其他登記事項,鋼筋混凝土造,93年8月3日,五層,
SPQNMLQLJHMFFDQ86DA,12,.20,見其他登記事項,鋼筋混凝土造,93年8月3日,五層,
RPTNMLOLJHMFFDQ86DA,37,96.88,住家用,鋼筋混凝土加強磚造,69年5月10日,二層,一層 二層
RPSNMLQLJHMFFDQ96DA,20,187.90,住商用,鋼筋混凝土造,86年1月7日,四層,一層 二層 三層 四層 騎樓
RPXNMLMJKHMFFCQ76CA,34,.25,見其他登記事項,鋼筋混凝土造,72年3月12日,五層,
RPXNMLMJKHMFFCQ76CA,34,7.86,共有部份,鋼筋混凝土造,72年3月12日,五層,
RPXNMLMJKHMFFCQ76CA,34,61.08,國民住宅,鋼筋混凝土造,72年3月12日,五層,一層
RPXNMLMJKHMFFCQ76CA,34,7.92,共有部份,鋼筋混凝土造,72年3月12日,五層,
RPQNMLMKKHMFFCQ78CA,10,21.15,見其他登記事項,鋼筋混凝土造,96年6月23日,五層,三層
RPQNMLMKKHMFFCQ78CA,10,7.03,見其他登記事項,鋼筋混凝土造,96年6月23日,五層,
RPRNMLPLJHMFFDQ66CA,,170.95,住家用,鋼筋混凝土造,105年8月19日,三層,一層 二層 三層 見其他登記事項
RPVNMLSKKHMFFDQ37CA,23,197.74,住家用,鋼筋混凝土造,82年11月23日,四層,一層 二層 三層 四層 夾層
RPTNMLPLJHMFFDQ86CA,20,173.21,住商用,鋼筋混凝土造,86年2月5日,四層,一層 二層 三層 四層
RPTNMLNJKHMFFCQ09CA,35,111.71,住家用,鋼筋混凝土加強磚造,70年12月31日,二層,一層 二層
RPRNMLNJKHMFFDQ98CA,20,10.90,見其他登記事項,鋼筋混凝土造,86年6月23日,七層,
RPRNMLNJKHMFFDQ98CA,20,74.29,見其他登記事項,鋼筋混凝土造,86年6月28日,六層,三層
RPRNMLNJKHMFFDQ98CA,20,13.30,見其他登記事項,鋼筋混凝土造,86年6月23日,七層,
RPTNMLQJKHMFFDQ86CA,,142.35,住家用,鋼筋混凝土造,105年7月26日,四層,一層 二層 三層 四層
RPWNMLQJKHMFFDQ17CA,,158.45,住家用,鋼筋混凝土造,105年7月26日,三層,一層 二層 三層
RPVNMLQJKHMFFDQ07CA,,135.38,住家用,鋼筋混凝土造,105年7月26日,四層,一層 二層 三層 四層
RPRNMLQJKHMFFDQ66CA,,167.01,見其他登記事項,鋼筋混凝土造,105年7月26日,四層,一層 二層 三層 四層
RPPNMLLKKHMFFCQ58CA,23,164.12,住家用,鋼筋混凝土造,82年8月16日,三層,一層 二層 三層 電梯樓梯間
RPXNMLQJKHMFFDQ27CA,,141.80,住家用,鋼筋混凝土造,105年7月26日,四層,一層 二層 三層 四層
RPOOMLQJKHMFFDQ09CA,,205.76,住家用,鋼筋混凝土造,105年7月26日,四層,一層 二層 三層 四層
RPQNMLNJKHMFFBQ68CA,33,115.29,住商用,鋼筋混凝土加強磚造,73年3月30日,三層,一層 二層 三層
RPQNMLNJKHMFFCQ78CA,16,1887.94,見其他登記事項,見其他登記事項,89年6月21日,一層,一層
RPUNMLKLKHMFFDQ66DA,22,193.52,住家用,鋼筋混凝土造,83年8月10日,三層,一層 二層 三層
RPOOMLQKKHMFFCQ09CA,11,185.71,見其他登記事項,鋼筋混凝土造,94年7月13日,三層,一層 二層 三層 電梯樓梯間
RPPNMLKKKHMFFBQ38CA,1,200.15,見其他登記事項,鋼筋混凝土造,105年4月27日,三層,一層 二層 三層 見其他登記事項
RPTNMLOLKHMFFCQ96EA,35,121.65,住家用,鋼筋混凝土加強磚造,71年6月11日,二層,一層 二層 電梯樓梯間
