﻿編號,屋齡,建物移轉面積平方公尺,主要用途,主要建材,建築完成日期,總層數,建物分層
The serial number,room age,building shifting area square meter,the main use,main building materials,construction completes the date,total layer,building lamination
RPSNMLLJJILFFAV98CA,43,100.80,住家用,見其他登記事項,62年4月4日,一層,一層
RPTNMLMJJILFFAV56CA,38,121.22,住家用,加強磚造,67年9月29日,二層,一層 二層 騎樓
RPSNMLSJJILFFAV07CA,23,99.75,見其他登記事項,鋼筋混凝土造,82年12月3日,四層,一層
RPSNMLSJJILFFAV07CA,23,.24,見其他登記事項,鋼筋混凝土造,82年12月3日,四層,
RPSNMLSJJILFFAV07CA,23,.25,見其他登記事項,鋼筋混凝土造,82年12月3日,四層,
RPSNMLSJJILFFAV07CA,23,.24,見其他登記事項,鋼筋混凝土造,82年12月3日,四層,
RPSNMLSJJILFFAV07CA,23,.24,見其他登記事項,鋼筋混凝土造,82年12月3日,四層,
RPSNMLSJJILFFAV07CA,23,.65,見其他登記事項,鋼筋混凝土造,82年12月3日,四層,
RPSNMLSJJILFFAV07CA,23,3.39,見其他登記事項,鋼筋混凝土造,82年12月3日,四層,
RPSNMLSJJILFFAV07CA,23,.24,見其他登記事項,鋼筋混凝土造,82年12月3日,四層,
RPSNMLSJJILFFAV07CA,23,.24,見其他登記事項,鋼筋混凝土造,82年12月3日,四層,
RPSNMLSJJILFFAV07CA,23,.25,見其他登記事項,鋼筋混凝土造,82年12月3日,四層,
RPSNMLSJJILFFAV07CA,23,.25,見其他登記事項,鋼筋混凝土造,82年12月3日,四層,
RPSNMLSJJILFFAV07CA,23,.24,見其他登記事項,鋼筋混凝土造,82年12月3日,四層,
RPSNMLSJJILFFAV07CA,23,.24,見其他登記事項,鋼筋混凝土造,82年12月3日,四層,
RPSNMLSJJILFFAV07CA,23,.24,見其他登記事項,鋼筋混凝土造,82年12月3日,四層,
RPSNMLSJJILFFAV07CA,23,.24,見其他登記事項,鋼筋混凝土造,82年12月3日,四層,
RPSNMLSJJILFFAV07CA,23,.24,見其他登記事項,鋼筋混凝土造,82年12月3日,四層,
RPSNMLSJJILFFAV07CA,23,.25,見其他登記事項,鋼筋混凝土造,82年12月3日,四層,
RPSNMLSJJILFFAV07CA,23,.24,見其他登記事項,鋼筋混凝土造,82年12月3日,四層,
RPSNMLSJJILFFAV07CA,23,.25,見其他登記事項,鋼筋混凝土造,82年12月3日,四層,
RPSNMLSJJILFFAV07CA,23,.24,見其他登記事項,鋼筋混凝土造,82年12月3日,四層,
RPSNMLSJJILFFAV07CA,23,.25,見其他登記事項,鋼筋混凝土造,82年12月3日,四層,
RPSNMLSJJILFFAV07CA,23,.25,見其他登記事項,鋼筋混凝土造,82年12月3日,四層,
RPSNMLSJJILFFAV07CA,23,.24,見其他登記事項,鋼筋混凝土造,82年12月3日,四層,
RPSNMLSJJILFFAV07CA,23,.24,見其他登記事項,鋼筋混凝土造,82年12月3日,四層,
RPSNMLSJJILFFAV07CA,23,.24,見其他登記事項,鋼筋混凝土造,82年12月3日,四層,
RPSNMLSJJILFFAV07CA,23,.24,見其他登記事項,鋼筋混凝土造,82年12月3日,四層,
RPSNMLSJJILFFAV07CA,23,.24,見其他登記事項,鋼筋混凝土造,82年12月3日,四層,
RPSNMLSJJILFFAV07CA,23,.25,見其他登記事項,鋼筋混凝土造,82年12月3日,四層,
RPSNMLSJJILFFAV07CA,23,.24,見其他登記事項,鋼筋混凝土造,82年12月3日,四層,
RPSNMLSJJILFFAV07CA,23,.24,見其他登記事項,鋼筋混凝土造,82年12月3日,四層,
RPSNMLSJJILFFAV07CA,23,.65,見其他登記事項,鋼筋混凝土造,82年12月3日,四層,
RPSNMLSJJILFFAV07CA,23,.24,見其他登記事項,鋼筋混凝土造,82年12月3日,四層,
RPSNMLSJJILFFAV07CA,23,.24,見其他登記事項,鋼筋混凝土造,82年12月3日,四層,
RPSNMLSJJILFFAV07CA,23,2.14,見其他登記事項,鋼筋混凝土造,82年12月3日,四層,
RPSNMLSJJILFFAV07CA,23,.24,見其他登記事項,鋼筋混凝土造,82年12月3日,四層,
RPQNMLSJJILFFAV86CA,21,73.96,見其他登記事項,鋼筋混凝土造,84年6月1日,五層,二層
RPQNMLSJJILFFAV86CA,21,8.53,見其他登記事項,鋼筋混凝土造,84年6月1日,五層,
RPQNMLSJJILFFAV86CA,21,10.63,見其他登記事項,鋼筋混凝土造,84年6月1日,五層,
RPQNMLNJJILFFAV98CA,,243.89,住家用,見其他登記事項,105年6月17日,三層,一層 二層 三層
RPXNMLNJJILFFAV17DA,30,36.61,住家用,鋼筋混凝土造,75年10月7日,二層,二層
RPRNMLTLJILFFDV57CA,3,2154.11,見其他登記事項,見其他登記事項,102年6月4日,二層,一層 二層
RPPNMLKKJILFFAV68CA,32,110.49,住家用,加強磚造,73年7月18日,二層,
RPPNMLOJJILFFAV98CA,24,119.16,住家用,鋼筋混凝土造,81年6月18日,三層,一層 二層 三層
RPSNMLOJJILFFAV66CA,22,69.56,見其他登記事項,鋼筋混凝土造,83年5月17日,六層,五層
RPSNMLOJJILFFAV66CA,22,5.95,見其他登記事項,鋼筋混凝土造,83年5月17日,六層,
RPSNMLOJJILFFAV66CA,22,13.89,見其他登記事項,鋼筋混凝土造,83年5月17日,六層,
RPSNMLOJJILFFAV66CA,22,7.19,見其他登記事項,鋼筋混凝土造,83年5月17日,六層,
RPPNMLSJJILFFAV76CA,,229.95,住家用,見其他登記事項,105年4月19日,三層,一層 二層 三層
RPWNMLNJJILFFAV96CA,,65.58,住家用,見其他登記事項,,二層,一層 二層
RPXNMLOKJILFFAV27CA,23,27.42,見其他登記事項,鋼筋混凝土造,82年10月19日,七層,一層
RPXNMLOKJILFFAV27CA,23,7.45,見其他登記事項,鋼筋混凝土造,82年10月19日,七層,
RPXNMLOKJILFFAV27CA,23,2.98,見其他登記事項,鋼筋混凝土造,82年10月19日,七層,
RPTNMLSJJILFFAV17CA,41,213.30,住商用,見其他登記事項,64年7月1日,二層,一層 二層 騎樓
RPPNMLSJJILFFDV07CA,22,30.15,見其他登記事項,鋼筋混凝土造,84年1月10日,八層,六層
RPPNMLSJJILFFDV07CA,22,7.49,見其他登記事項,鋼筋混凝土造,84年1月10日,八層,
RPPNMLSJJILFFDV07CA,22,2.87,見其他登記事項,鋼筋混凝土造,84年1月10日,八層,
RPPNMLQKJILFFAV66CA,27,142.56,住商用,鋼筋混凝土造,78年12月8日,三層,一層 二層 三層
RPRNMLKKJILFFAV88CA,29,74.45,住家用,加強磚造,76年9月3日,二層,一層 二層
RPTNMLTJJILFFAV27CA,,216.67,住家用,見其他登記事項,105年8月10日,三層,一層 二層 三層 見其他登記事項
RPTNMLLKJILFFAV56CA,69,12.57,住家用,木造,36年4月5日,一層,一層
RPRNMLPKJILFFAV76CA,41,50.21,住家用,加強磚造,64年7月15日,一層,一層 騎樓
RPVNMLOKJILFFAV07CA,36,112.15,住家用,加強磚造,69年5月12日,二層,一層 二層 騎樓
RPPNMLLKJILFFAV78CA,,216.67,住家用,見其他登記事項,105年8月10日,三層,一層 二層 三層 見其他登記事項
RPRNMLSJJILFFAV96CA,33,69.83,住家用,加強磚造,72年6月4日,二層,一層 二層 騎樓
RPOOMLQKJILFFAV66CA,44,94.16,住家用,見其他登記事項,62年1月26日,二層,一層 二層
RPPOMLOKJILFFAV56CA,6,261.65,農舍,鋼筋混凝土造,100年1月21日,一層,一層
RPQNMLTJJILFFAV96CA,,269.84,住家用,見其他登記事項,105年7月27日,三層,一層 二層 三層
RPXNMLQKJILFFAV47CA,20,.05,商業用,鋼筋混凝土造,85年6月28日,九層,
RPXNMLQKJILFFAV47CA,20,123.96,見其他登記事項,鋼筋混凝土造,85年6月28日,九層,九層
RPQNMLKKJILFFAV78CA,16,210.91,住家用,鋼筋混凝土造,89年9月20日,四層,一層 二層 三層 四層
RPUNMLLKJILFFAV66CA,43,67.02,住家用,見其他登記事項,62年7月30日,一層,一層 騎樓
RPRNMLLKJILFFAV98CA,33,91.99,住家用,加強磚造,73年4月3日,二層,一層 二層
RPROMLOKJILFFAV76CA,37,226.39,住商用,鋼筋混凝土造,69年1月15日,三層,一層 二層 三層 騎樓 地下層
RPQOMLOKJILFFAV66CA,21,168.18,住家用,鋼筋混凝土造,85年1月13日,四層,一層 二層 三層 四層
RPSNMLLKJILFFAV56DA,30,121.27,住家用,加強磚造,75年10月2日,二層,一層 二層
RPVNMLTLJILFFCV87CA,14,152.98,住家用,鋼筋混凝土造,91年12月20日,三層,一層 二層 三層
RPPNMLPKJILFFAV56CA,,225.36,見其他登記事項,見其他登記事項,,二層,一層 二層
RPPNMLPKJILFFAV56CA,,27.08,住家用,見其他登記事項,,一層,一層
RPPNMLOKJILFFAV09CA,34,123.62,住家用,加強磚造,71年6月8日,二層,一層 二層 騎樓
RPRNMLTLJILFFAV27CA,43,79.32,住家用,見其他登記事項,62年11月5日,二層,一層 二層 騎樓
RPRNMLQKJILFFAV86CA,20,268.47,見其他登記事項,鋼筋混凝土造,85年11月21日,三層,一層 二層 三層 騎樓
RPQNMLQKJILFFAV76CA,,231.86,住家用,見其他登記事項,105年6月17日,三層,一層 二層 三層
RPRNMLNLJILFFAV76DA,20,300.08,住家用,鋼筋混凝土造,85年7月2日,四層,一層 二層 三層 四層 騎樓
RPPNMLMLJILFFCV56CA,24,137.14,住家用,鋼筋混凝土造,81年12月22日,三層,一層 二層 三層 騎樓
RPPNMLSKJILFFAV86CA,,182.74,住家用,見其他登記事項,105年8月30日,三層,一層 二層 三層
RPPNMLLLJILFFAV88CA,,347.48,住家用,見其他登記事項,105年7月26日,四層,一層 二層 三層 四層
RPSNMLMLJILFFAV66CA,,92.33,住家用,鋼造,,二層,一層 二層 騎樓
RPPNMLQLJILFFAV76CA,35,144.52,住家用,加強磚造,70年8月3日,二層,一層 二層
RPQNMLMLJILFFAV09CA,42,46.92,住家用,見其他登記事項,63年7月12日,一層,一層
RPQNMLSKJILFFAV96CA,20,24.74,見其他登記事項,鋼筋混凝土造,85年6月28日,九層,二層
RPQNMLSKJILFFAV96CA,20,3.01,見其他登記事項,鋼筋混凝土造,85年6月28日,九層,
RPQNMLSKJILFFAV96CA,20,4.89,見其他登記事項,鋼筋混凝土造,85年6月28日,九層,
RPSNMLQJKILFFAV96CA,37,103.26,住家用,加強磚造,69年1月28日,二層,一層 二層 停車場
RPVNMLSLJILFFAV57CA,35,114.46,住家用,加強磚造,70年4月24日,二層,一層 二層
RPQNMLLLJILFFCV66DA,,164.52,住家用,見其他登記事項,,二層,一層 二層 騎樓
RPTNMLOLJILFFAV07DA,20,40.82,見其他登記事項,鋼筋混凝土造,85年6月28日,九層,七層
RPTNMLOLJILFFAV07DA,20,7.48,見其他登記事項,鋼筋混凝土造,85年6月28日,九層,
RPTNMLOLJILFFAV07DA,20,4.65,見其他登記事項,鋼筋混凝土造,85年6月28日,九層,
RPSNMLPKKILFFCV27DA,1,172.91,見其他登記事項,鋼筋混凝土造,104年12月18日,三層,一層 二層 三層
RPVNMLMLJILFFAV96CA,,198.03,住家用,見其他登記事項,105年8月30日,三層,一層 二層 三層
RPTNMLMLJILFFAV76CA,17,102.20,商業用,見其他登記事項,88年12月15日,一層,一層
RPRNMLSLJILFFAV17CA,21,99.47,見其他登記事項,鋼筋混凝土造,84年12月20日,七層,三層
RPSNMLOLJILFFAV86CA,34,101.06,見其他登記事項,鋼筋混凝土造,72年2月9日,四層,三層
RPSNMLOLJILFFAV86CA,34,1.15,見其他登記事項,鋼筋混凝土造,72年2月9日,四層,
RPSNMLOLJILFFAV86CA,34,9.33,見其他登記事項,鋼筋混凝土造,72年2月9日,四層,
RPSNMLOLJILFFAV86CA,34,.99,見其他登記事項,鋼筋混凝土造,72年2月9日,四層,
RPWNMLRJKILFFAV47CA,32,113.09,住家用,加強磚造,73年8月6日,二層,一層 二層 騎樓
RPPNMLRKKILFFAV86CA,2,220.65,住家用,見其他登記事項,103年7月3日,三層,一層 二層 三層
RPQNMLSLJILFFAV17DA,36,85.44,住家用,加強磚造,69年12月29日,二層,一層 二層
RPPNMLPLJILFFCV86CA,20,136.00,住家用,加強磚造,85年7月17日,二層,一層 二層 屋頂突出物
RPRNMLQKKILFFAV96CA,46,320.86,工業用,見其他登記事項,60年1月2日,一層,
RPRNMLQKKILFFAV96CA,46,102.30,住家用,見其他登記事項,59年8月30日,二層,一層 二層 騎樓
RPSNMLKMJILFFAV56CA,23,79.35,見其他登記事項,鋼筋混凝土造,83年4月19日,十四層,六層
RPSNMLKMJILFFAV56CA,23,22.29,見其他登記事項,鋼筋混凝土造,83年4月19日,十四層,
RPQNMLQLJILFFAV86CA,,229.95,住家用,見其他登記事項,105年4月19日,三層,一層 二層 三層
RPQNMLPLJILFFAV76CA,24,134.24,住家用,鋼筋混凝土造,81年12月28日,三層,一層 二層 三層
RPPNMLPLJILFFAV66CA,27,178.20,農舍,加強磚造,79年2月26日,二層,一層 二層
RPPNMLSLJILFFAV96CA,,287.30,見其他登記事項,見其他登記事項,105年8月30日,三層,一層 二層 三層 見其他登記事項
RPPNMLTLJILFFAV07CA,,83.08,住家用,加強磚造,,一層,一層 騎樓
RPSNMLTLJILFFAV37CA,36,228.80,住家用,鋼筋混凝土加強磚造,69年3月10日,三層,一層 二層 三層 騎樓 地下層
RPQNMLPJKILFFAV66CA,36,111.80,住家用,加強磚造,69年7月2日,二層,一層 二層 騎樓
RPUNMLPKKILFFAV17CA,15,176.57,住家用,鋼筋混凝土造,90年4月11日,四層,一層 二層 三層 四層
RPTNMLPJKILFFAV96CA,40,109.20,住家用,見其他登記事項,65年10月1日,二層,一層 二層 騎樓
RPXOMLKMJILFFAV17CA,44,105.30,住家用,見其他登記事項,62年1月30日,二層,一層 二層 騎樓
RPWOMLKMJILFFAV07CA,23,81.86,見其他登記事項,鋼筋混凝土造,83年4月19日,十四層,八層
RPWOMLKMJILFFAV07CA,23,21.84,見其他登記事項,鋼筋混凝土造,83年4月19日,十四層,
RPSNMLPKKILFFAV96CA,36,59.85,住家用,鋼筋混凝土造,69年10月1日,二層,一層 二層
RPWNMLLJKILFFAV86CA,35,101.29,住家用,鋼筋混凝土造,70年10月21日,七層,二層
RPWNMLLJKILFFAV86CA,,14.92,見其他登記事項,鋼筋混凝土造,,一層,
RPWNMLLJKILFFAV86CA,35,16.57,見其他登記事項,鋼筋混凝土造,70年10月21日,七層,
RPRNMLMJKILFFAV56DA,4,174.80,住家用,見其他登記事項,101年12月17日,三層,一層 二層 三層
RPVNMLRJKILFFAV37CA,29,144.31,住家用,加強磚造,77年1月4日,二層,一層 二層
RPWNMLMJKILFFAV96CA,23,61.35,住家用,鋼筋混凝土造,82年5月19日,五層,二層
RPWNMLMJKILFFAV96CA,23,4.86,見其他登記事項,鋼筋混凝土造,82年5月19日,五層,
RPWNMLMJKILFFAV96CA,23,1.89,見其他登記事項,鋼筋混凝土造,82年5月19日,五層,
RPWNMLMJKILFFAV96CA,23,2.42,見其他登記事項,鋼筋混凝土造,82年5月19日,五層,
RPWNMLMJKILFFAV96CA,23,.40,見其他登記事項,鋼筋混凝土造,82年5月19日,五層,
RPSNMLMJKILFFAV56CA,46,159.96,住商用,見其他登記事項,59年12月2日,二層,騎樓 一層 二層
RPPNMLMJKILFFAV88CA,21,191.91,住家用,鋼筋混凝土造,85年3月15日,三層,一層 二層 三層
RPQNMLQJKILFFAV76CA,30,112.53,見其他登記事項,加強磚造,76年4月7日,二層,一層 二層 騎樓
RPPNMLQJKILFFAV66CA,22,79.51,見其他登記事項,鋼筋混凝土造,84年1月25日,十層,九層
RPPNMLQJKILFFAV66CA,,2.14,見其他登記事項,鋼筋混凝土造,,十層,
RPPNMLQJKILFFAV66CA,22,11.52,見其他登記事項,鋼筋混凝土造,84年1月25日,十層,
RPPNMLQJKILFFAV66CA,22,9.44,見其他登記事項,鋼筋混凝土造,84年1月25日,十層,
RPPNMLQJKILFFAV66CA,22,2.26,見其他登記事項,鋼筋混凝土造,84年1月25日,十層,
RPPNMLPJKILFFAV56CA,,171.78,住家用,加強磚造,,二層,一層 二層
RPVNMLPJKILFFAV17CA,,213.65,見其他登記事項,見其他登記事項,105年9月20日,四層,一層 二層 三層 四層 騎樓
RPTNMLRLKILFFDV77DA,11,163.27,見其他登記事項,加強磚造,93年12月30日,二層,一層 二層 屋頂突出物
RPTNMLMJKILFFAV66CA,,229.79,住家用,見其他登記事項,105年8月30日,三層,一層 二層 三層
RPUNMLMJKILFFAV76CA,,209.38,住家用,見其他登記事項,105年8月30日,三層,一層 二層 三層
RPRNMLRJKILFFAV96CA,1,271.16,住家用,見其他登記事項,104年10月15日,三層,一層 二層 三層
RPRNMLPJKILFFAV86DA,38,92.88,住家用,加強磚造,67年6月7日,二層,一層 二層
RPQNMLKMKILFFBV56CA,36,76.67,住家用,加強磚造,70年5月1日,二層,一層 二層
RPRNMLMKKILFFAV66DA,21,73.40,見其他登記事項,鋼筋混凝土造,85年3月26日,八層,六層
RPRNMLMKKILFFAV66DA,21,8.44,見其他登記事項,鋼筋混凝土造,85年3月26日,八層,
RPRNMLMKKILFFAV66DA,21,12.89,見其他登記事項,鋼筋混凝土造,85年3月26日,八層,
RPOOMLQJKILFFAV66CA,24,119.16,住家用,鋼筋混凝土造,81年6月18日,三層,一層 二層 三層
RPUNMLQJKILFFAV17CA,19,178.52,住家用,鋼筋混凝土造,86年6月30日,四層,一層 二層 三層 四層
RPUNMLLLKILFFAV86CA,21,330.76,住家用,鋼筋混凝土造,84年11月9日,四層,一層 二層 三層 四層
RPWNMLQJKILFFAV37CA,21,20.35,見其他登記事項,見其他登記事項,84年10月4日,十二層,
RPWNMLQJKILFFAV37CA,21,28.24,見其他登記事項,見其他登記事項,84年10月4日,十二層,七層
RPRNMLSLKILFFAV27CA,21,63.23,見其他登記事項,見其他登記事項,84年10月4日,十二層,四層
RPRNMLSLKILFFAV27CA,21,144.13,見其他登記事項,見其他登記事項,84年10月4日,十二層,
RPTNMLRJKILFFAV17CA,43,56.88,住家用,見其他登記事項,63年5月2日,一層,一層
RPQNMLRJKILFFAV86CA,21,169.50,住家用,鋼筋混凝土造,85年1月13日,四層,一層 二層 三層 四層
RPQNMLSJKILFFCV27DA,31,104.20,住家用,加強磚造,74年7月16日,二層,一層 二層
RPSNMLTLKILFFCV67CA,33,141.10,見其他登記事項,加強磚造,72年5月10日,二層,一層 二層 屋頂突出物 騎樓
RPPNMLRKKILFFBV96CA,40,94.00,住商用,鋼筋混凝土加強磚造,65年12月20日,二層,一層 二層
RPWNMLNKKILFFAV17CA,39,92.77,住家用,加強磚造,66年10月28日,二層,一層 二層
RPPNMLQLKILFFDV17CA,22,481.56,農舍,加強磚造,83年12月7日,三層,一層 二層 三層
RPPNMLSJKILFFAV96DA,32,123.21,住家用,加強磚造,73年6月2日,二層,一層 二層 騎樓
RPRNMLNKKILFFAV66CA,11,74.52,見其他登記事項,鋼筋混凝土造,95年3月10日,十層,
RPRNMLNKKILFFAV66CA,11,118.69,見其他登記事項,鋼筋混凝土造,95年3月10日,十層,四層
RPRNMLSJKILFFAV07CA,21,260.08,住家用,鋼筋混凝土造,85年2月16日,三層,一層 二層 三層
RPRNMLTJKILFFAV17CA,22,224.17,住家用,鋼筋混凝土造,83年2月15日,四層,一層 二層 三層 四層 騎樓
RPSNMLTJKILFFAV27CA,1,252.96,住家用,見其他登記事項,105年4月19日,三層,一層 二層 三層
RPTNMLTJKILFFAV37CA,34,104.18,住家用,加強磚造,71年6月29日,二層,一層 二層
RPPNMLKKKILFFAV78CA,22,23.28,商業用,鋼筋混凝土造,83年11月24日,九層,九層
RPPNMLKKKILFFAV78CA,22,.97,見其他登記事項,鋼筋混凝土造,83年11月24日,九層,
RPPNMLKKKILFFAV78CA,22,4.45,見其他登記事項,鋼筋混凝土造,83年11月24日,九層,
RPPNMLKKKILFFAV78CA,22,1.60,見其他登記事項,鋼筋混凝土造,83年11月24日,九層,
RPPNMLKKKILFFAV78CA,22,2.12,見其他登記事項,鋼筋混凝土造,83年11月24日,九層,
RPSNMLNKKILFFAV76CA,19,64.72,見其他登記事項,鋼筋混凝土造,86年9月26日,五層,一層
RPSNMLNKKILFFAV76CA,19,14.61,見其他登記事項,鋼筋混凝土造,86年9月26日,五層,
RPSNMLNKKILFFAV76CA,19,4.40,見其他登記事項,鋼筋混凝土造,86年9月26日,五層,
SPPNMLKKKILFFAV88CA,22,9.00,商業用,鋼筋混凝土造,83年11月24日,九層,二層
SPPNMLKKKILFFAV88CA,22,.64,見其他登記事項,鋼筋混凝土造,83年11月24日,九層,
SPPNMLKKKILFFAV88CA,22,1.05,見其他登記事項,鋼筋混凝土造,83年11月24日,九層,
SPPNMLKKKILFFAV88CA,22,2.92,見其他登記事項,鋼筋混凝土造,83年11月24日,九層,
SPPNMLKKKILFFAV88CA,22,1.39,見其他登記事項,鋼筋混凝土造,83年11月24日,九層,
RPPNMLMKKILFFDV66CA,23,38.25,見其他登記事項,鋼筋混凝土造,82年11月8日,八層,八層
RPPNMLMKKILFFDV66CA,23,14.01,見其他登記事項,鋼筋混凝土造,82年11月8日,八層,
RPQNMLMKKILFFAV09CA,,218.94,住家用,見其他登記事項,105年5月3日,三層,一層 二層 三層
RPRNMLPKKILFFCV17DA,24,129.17,住家用,鋼筋混凝土造,81年12月22日,三層,一層 二層 三層 騎樓
RPTNMLMKKILFFAV76CA,,173.74,住家用,見其他登記事項,105年7月26日,四層,一層 二層 三層 四層
RPTNMLMKKILFFAV76CA,,173.74,住家用,見其他登記事項,105年7月26日,四層,一層 二層 三層 四層
RPTNMLPKKILFFAV07CA,42,130.78,住家用,見其他登記事項,64年2月20日,二層,一層 二層 騎樓
RPVNMLTJKILFFAV57CA,38,98.70,住家用,加強磚造,68年4月30日,二層,一層 二層
RPQNMLRLKILFFAV07CA,21,60.08,見其他登記事項,鋼筋混凝土造,85年3月26日,八層,五層
RPQNMLRLKILFFAV07CA,21,7.52,見其他登記事項,鋼筋混凝土造,85年3月26日,八層,
RPQNMLRLKILFFAV07CA,21,11.48,見其他登記事項,鋼筋混凝土造,85年3月26日,八層,
RPWNMLQLKILFFAV57CA,39,98.40,住家用,見其他登記事項,66年12月2日,二層,一層 二層 騎樓
RPQNMLQKKILFFAV86CA,12,237.21,見其他登記事項,鋼筋混凝土造,93年11月16日,三層,一層 二層 三層 地下一層
RPQNMLQKKILFFAV86CA,12,20.63,見其他登記事項,鋼筋混凝土造,93年11月16日,,
RPTNMLNKKILFFAV86CA,1,229.95,住家用,見其他登記事項,105年4月19日,三層,一層 二層 三層
RPRNMLOKKILFFAV76CA,,263.45,見其他登記事項,見其他登記事項,105年6月17日,三層,一層 二層 三層 騎樓 見其他登記事項
RPQNMLOKKILFFCV86CA,22,169.34,住家用,鋼筋混凝土造,83年12月28日,三層,一層 二層 三層 屋頂突出物
RPQNMLOKKILFFAV66CA,37,126.04,住家用,鋼筋混凝土造,69年2月11日,二層,一層 二層 騎樓
RPPNMLOKKILFFAV56CA,23,43.58,見其他登記事項,鋼筋混凝土造,83年4月19日,十四層,三層
RPPNMLOKKILFFAV56CA,23,12.26,見其他登記事項,鋼筋混凝土造,83年4月19日,十四層,
RPPNMLOKKILFFAV56CA,23,43.58,見其他登記事項,鋼筋混凝土造,83年4月19日,十四層,三層
RPPNMLOKKILFFAV56CA,23,12.26,見其他登記事項,鋼筋混凝土造,83年4月19日,十四層,
RPQNMLKMKILFFAV56DA,43,146.56,住商用,見其他登記事項,62年11月23日,二層,一層 二層 騎樓
RPPNMLQKKILFFCV07DA,16,164.00,住家用,鋼筋混凝土造,89年6月19日,三層,一層 二層 三層 屋頂突出物
RPQNMLNJJHMFFAV98CA,1,221.26,見其他登記事項,見其他登記事項,105年1月21日,三層,一層 二層 三層 屋頂突出物
RPRNMLPKKILFFAV86CA,30,107.32,住家用,加強磚造,75年9月30日,二層,一層 二層 騎樓
RPSNMLQKKILFFAV07CA,39,92.02,住家用,加強磚造,66年12月2日,二層,一層 二層
RPQNMLTKKILFFAV17CA,44,45.82,住家用,見其他登記事項,62年1月16日,一層,一層 騎樓
RPPNMLMLKILFFAV09CA,23,153.66,住家用,鋼筋混凝土造,82年8月27日,三層,一層 二層 三層
RPPNMLQJJHMFFCV76CA,21,327.92,住家用,鋼筋混凝土造,84年5月27日,三層,一層 二層 三層
RPOOMLLLKILFFAV98CA,,269.61,住家用,見其他登記事項,105年8月10日,四層,一層 二層 三層 四層
RPPNMLTKKILFFCV37DA,44,94.62,住商用,見其他登記事項,62年2月20日,二層,一層 二層 騎樓
RPOOMLNLKILFFAV56CA,44,59.26,住家用,見其他登記事項,62年1月16日,一層,一層 騎樓
RPPNMLLLKILFFAV98CA,13,95.89,見其他登記事項,鋼筋混凝土造,92年5月27日,九層,四層
RPPNMLLLKILFFAV98CA,13,34.21,見其他登記事項,鋼筋混凝土造,92年5月27日,九層,
RPPNMLTKKILFFDV47DA,15,161.60,住家用,加強磚造,91年2月18日,二層,一層 二層 屋頂突出物
RPQNMLMJJHMFFAV88CA,1,233.25,住家用,見其他登記事項,105年4月19日,三層,一層 二層 三層
RPOOMLMLKILFFAV09CA,1,229.95,住家用,見其他登記事項,105年4月19日,三層,一層 二層 三層
RPWNMLMLKILFFAV17CA,1,275.57,住家用,見其他登記事項,105年4月19日,三層,一層 二層 三層
RPPNMLNKJHMFFCV66DA,31,135.10,商業用,鋼筋混凝土造,74年12月13日,四層,一層 二層 三層 四層 騎樓
RPVOMLSKJHMFFAV57CA,44,82.98,住家用,見其他登記事項,61年6月2日,二層,一層 二層 騎樓 見其他登記事項
RPUNMLNJJHMFFAV76CA,44,43.35,住家用,見其他登記事項,62年1月15日,一層,一層 騎樓
RPRNMLMLKILFFAV66CA,23,156.05,住家用,鋼筋混凝土造,83年5月12日,三層,一層 二層 三層
RPQNMLNLKILFFAV66CA,22,109.58,見其他登記事項,鋼筋混凝土造,84年2月17日,八層,五層
RPQNMLNLKILFFAV66CA,22,19.35,見其他登記事項,鋼筋混凝土造,84年2月17日,八層,
RPQNMLNLKILFFAV66CA,22,14.08,見其他登記事項,鋼筋混凝土造,84年2月17日,八層,
RPSNMLMLKILFFAV76CA,38,107.51,住家用,加強磚造,67年12月24日,二層,一層 二層 騎樓
RPSNMLNLKILFFAV86CA,,3262.83,見其他登記事項,鋼筋混凝土造,105年8月31日,七層,一層 二層 三層 四層 五層 六層 七層 見其他登記事項
RPRNMLNLKILFFAV76CA,11,220.88,住家用,見其他登記事項,95年2月14日,三層,一層 二層 三層
RPUNMLNLKILFFAV07CA,34,64.06,住家用,磚造,72年1月6日,二層,一層 二層
RPXNMLNLKILFFAV37CA,17,198.05,住家用,鋼筋混凝土造,89年6月7日,三層,一層 二層 三層
RPPOMLMLKILFFAV56CA,21,76.34,住家用,鋼筋混凝土造,84年12月4日,十六層,一層
RPPOMLMLKILFFAV56CA,21,21.97,見其他登記事項,鋼筋混凝土造,84年12月4日,十六層,
RPRNMLQLKILFFAV07CA,,388.30,住家用,見其他登記事項,105年6月23日,三層,一層 二層 三層
RPSNMLQLKILFFAV17CA,22,78.10,見其他登記事項,鋼筋混凝土造,84年6月1日,五層,三層
RPSNMLQLKILFFAV17CA,22,9.16,見其他登記事項,鋼筋混凝土造,84年6月1日,五層,
RPSNMLQLKILFFAV17CA,22,10.93,見其他登記事項,鋼筋混凝土造,84年6月1日,五層,
RPPNMLRLKILFFAV96CA,28,100.32,見其他登記事項,鋼筋混凝土造,77年6月21日,三層,一層 二層 三層 廚房 地下層
RPPNMLRLKILFFAV96CA,28,100.32,見其他登記事項,鋼筋混凝土造,77年6月21日,三層,一層 二層 三層 廚房 地下層
RPPNMLOJJHMFFAV98CA,37,107.93,住家用,加強磚造,69年3月19日,二層,一層 二層 騎樓
RPPNMLPLKILFFAV76CA,9,173.87,見其他登記事項,見其他登記事項,96年9月21日,三層,一層 二層 三層
RPVNMLQLKILFFAV47CA,17,97.52,見其他登記事項,見其他登記事項,88年11月6日,一層,一層
RPVNMLRLKILFFAV57CA,,236.89,見其他登記事項,見其他登記事項,105年6月17日,三層,一層 二層 三層 見其他登記事項
RPQNMLSLKILFFAV17CA,41,106.48,住家用,見其他登記事項,65年5月1日,二層,一層 二層
RPUNMLTLKILFFAV67CA,23,156.05,住家用,鋼筋混凝土造,83年5月12日,三層,一層 二層 三層
RPPNMLRLKILFFCV27DA,,93.30,住家用,鋼筋混凝土造,,二層,一層 二層 騎樓
RPSNMLRLKILFFDV67DA,22,34.45,見其他登記事項,鋼筋混凝土造,83年9月30日,八層,七層
RPSNMLRLKILFFDV67DA,22,7.16,見其他登記事項,鋼筋混凝土造,83年9月30日,八層,
RPQNMLQKJHMFFAV76CA,21,218.56,住商用,鋼筋混凝土造,84年12月20日,二層,一層 二層 騎樓
RPPNMLPJJHMFFCV66CA,7,153.35,見其他登記事項,鋼筋混凝土造,98年6月19日,三層,一層 二層 三層
UPPNMLPJJHMFFCV96CA,7,147.31,見其他登記事項,鋼筋混凝土造,98年6月19日,三層,一層 二層 三層
TPPNMLPJJHMFFCV86CA,7,164.38,見其他登記事項,鋼筋混凝土造,98年6月19日,三層,一層 二層 三層
SPPNMLPJJHMFFCV76CA,7,156.46,見其他登記事項,鋼筋混凝土造,98年6月19日,三層,一層 二層 三層
RPRNMLLJJHMFFAV88CA,,134.80,住家用,見其他登記事項,105年8月10日,四層,一層 二層 三層 四層
RPRNMLLJJHMFFAV88CA,,134.80,住家用,見其他登記事項,105年8月10日,四層,一層 二層 三層 四層
RPPNMLKMKILFFAV98CA,21,156.32,見其他登記事項,鋼筋混凝土造,84年5月16日,三層,一層 二層 三層
RPXOMLSLKILFFAV97CA,19,38.33,住家用,加強磚造,87年1月20日,一層,一層
RPPPMLSLKILFFAV27CA,2,225.59,住家用,見其他登記事項,103年8月18日,二層,一層 二層
RPPNMLNJJHMFFAV88CA,19,158.71,住家用,加強磚造,86年12月1日,二層,一層 二層
RPPNMLMJJHMFFAV78CA,,273.32,住家用,見其他登記事項,105年8月10日,四層,一層 二層 三層 四層
RPXNMLTJJHMFFAV67CA,36,196.00,住商用,鋼筋混凝土造,70年5月8日,四層,一層 二層 三層 四層 騎樓
RPRNMLOJJHMFFAV56CA,30,121.27,住家用,加強磚造,75年8月28日,二層,一層 二層
RPUNMLOJJHMFFAV86CA,23,106.02,見其他登記事項,鋼筋混凝土造,83年5月16日,十三層,三層
RPUNMLOJJHMFFAV86CA,23,.14,見其他登記事項,鋼筋混凝土造,83年5月16日,十三層,
RPUNMLOJJHMFFAV86CA,23,.30,見其他登記事項,鋼筋混凝土造,83年5月16日,十三層,
RPUNMLOJJHMFFAV86CA,23,.56,見其他登記事項,鋼筋混凝土造,83年5月16日,十三層,
RPUNMLOJJHMFFAV86CA,23,.30,見其他登記事項,鋼筋混凝土造,83年5月16日,十三層,
RPUNMLOJJHMFFAV86CA,23,.34,見其他登記事項,鋼筋混凝土造,83年5月16日,十三層,
RPUNMLOJJHMFFAV86CA,23,.37,見其他登記事項,鋼筋混凝土造,83年5月16日,十三層,
RPUNMLOJJHMFFAV86CA,23,.37,見其他登記事項,鋼筋混凝土造,83年5月16日,十三層,
RPUNMLOJJHMFFAV86CA,23,.30,見其他登記事項,鋼筋混凝土造,83年5月16日,十三層,
RPUNMLOJJHMFFAV86CA,23,.75,見其他登記事項,鋼筋混凝土造,83年5月16日,十三層,
RPUNMLOJJHMFFAV86CA,23,.27,見其他登記事項,鋼筋混凝土造,83年5月16日,十三層,
RPUNMLOJJHMFFAV86CA,23,.30,見其他登記事項,鋼筋混凝土造,83年5月16日,十三層,
RPUNMLOJJHMFFAV86CA,23,.27,見其他登記事項,鋼筋混凝土造,83年5月16日,十三層,
RPUNMLOJJHMFFAV86CA,23,.30,見其他登記事項,鋼筋混凝土造,83年5月16日,十三層,
RPUNMLOJJHMFFAV86CA,23,.30,見其他登記事項,鋼筋混凝土造,83年5月16日,十三層,
RPUNMLOJJHMFFAV86CA,23,.37,見其他登記事項,鋼筋混凝土造,83年5月16日,十三層,
RPUNMLOJJHMFFAV86CA,23,.28,見其他登記事項,鋼筋混凝土造,83年5月16日,十三層,
RPUNMLOJJHMFFAV86CA,23,.30,見其他登記事項,鋼筋混凝土造,83年5月16日,十三層,
RPUNMLOJJHMFFAV86CA,23,.37,見其他登記事項,鋼筋混凝土造,83年5月16日,十三層,
RPUNMLOJJHMFFAV86CA,23,.37,見其他登記事項,鋼筋混凝土造,83年5月16日,十三層,
RPUNMLOJJHMFFAV86CA,23,.14,見其他登記事項,鋼筋混凝土造,83年5月16日,十三層,
RPUNMLOJJHMFFAV86CA,23,11.13,見其他登記事項,鋼筋混凝土造,83年5月16日,十三層,
RPUNMLOJJHMFFAV86CA,23,.30,見其他登記事項,鋼筋混凝土造,83年5月16日,十三層,
RPUNMLOJJHMFFAV86CA,23,.30,見其他登記事項,鋼筋混凝土造,83年5月16日,十三層,
RPUNMLOJJHMFFAV86CA,23,.53,見其他登記事項,鋼筋混凝土造,83年5月16日,十三層,
RPUNMLOJJHMFFAV86CA,23,.37,見其他登記事項,鋼筋混凝土造,83年5月16日,十三層,
RPUNMLOJJHMFFAV86CA,23,.37,見其他登記事項,鋼筋混凝土造,83年5月16日,十三層,
RPUNMLOJJHMFFAV86CA,23,1.13,見其他登記事項,鋼筋混凝土造,83年5月16日,十三層,
RPUNMLOJJHMFFAV86CA,23,.37,見其他登記事項,鋼筋混凝土造,83年5月16日,十三層,
RPUNMLOJJHMFFAV86CA,23,.30,見其他登記事項,鋼筋混凝土造,83年5月16日,十三層,
RPUNMLOJJHMFFAV86CA,23,.37,見其他登記事項,鋼筋混凝土造,83年5月16日,十三層,
RPUNMLOJJHMFFAV86CA,23,.30,見其他登記事項,鋼筋混凝土造,83年5月16日,十三層,
RPUNMLOJJHMFFAV86CA,23,.37,見其他登記事項,鋼筋混凝土造,83年5月16日,十三層,
RPPNMLSJJHMFFCV96CA,17,334.89,見其他登記事項,鋼筋混凝土造,89年5月3日,三層,一層 二層 三層 屋頂突出物 騎樓
RPPNMLSKJHMFFCV07CA,24,137.14,住家用,見其他登記事項,81年12月22日,三層,一層 二層 三層
RPPNMLPJJHMFFAV09CA,12,240.02,見其他登記事項,鋼筋混凝土造,93年11月16日,三層,一層 二層 三層 地下一層
RPPNMLPJJHMFFAV09CA,12,20.89,見其他登記事項,鋼筋混凝土造,93年11月16日,,
RPSNMLKMKILFFAV66CA,,204.24,見其他登記事項,見其他登記事項,105年7月13日,三層,一層 二層 三層 見其他登記事項
RPUNMLTJJHMFFAV37CA,37,104.00,住家用,加強磚造,69年1月8日,二層,一層 二層
RPPNMLNJJHMFFCV09CA,20,185.28,住家用,鋼筋混凝土造,86年5月2日,三層,一層 二層 三層
RPQNMLLJJHMFFAV78CA,1,275.57,住家用,見其他登記事項,105年4月19日,三層,一層 二層 三層
RPQNMLNJJHMFFBV09CA,22,231.46,住家用,鋼筋混凝土造,83年7月8日,三層,一層 二層 三層 騎樓
RPWNMLNJJHMFFBV17DA,39,105.96,住家用,鋼筋混凝土加強磚造,67年5月10日,二層,一層 二層 騎樓
RPPNMLMKJHMFFBV09DA,24,126.49,見其他登記事項,加強磚造,82年3月1日,一層,一層
RPSNMLOJJHMFFBV86DA,24,162.27,見其他登記事項,鋼筋混凝土造,81年6月29日,二層,一層 二層
RPVNMLPJJHMFFAV07CA,36,115.65,住家用,加強磚造,69年10月30日,二層,一層 二層 騎樓
RPWNMLPJJHMFFAV17CA,22,157.69,住家用,鋼筋混凝土造,84年1月14日,三層,一層 二層 三層
RPQNMLNJJHMFFDV76DA,31,99.00,住家用,加強磚造,75年5月27日,二層,一層 二層
RPPNMLOKJHMFFAV09CA,36,101.07,住家用,加強磚造,69年7月10日,二層,一層 二層 騎樓
SPPNMLOKJHMFFAV56CA,36,101.07,住家用,加強磚造,69年7月10日,二層,一層 二層 騎樓
RPQNMLOKJHMFFAV56CA,36,101.07,住家用,加強磚造,69年7月10日,二層,一層 二層 騎樓
RPOOMLQKJHMFFAV66CA,,455.39,見其他登記事項,見其他登記事項,105年11月10日,四層,一層 二層 三層 四層 見其他登記事項
RPPNMLTJJHMFFAV86CA,22,74.68,見其他登記事項,鋼筋混凝土造,84年2月17日,八層,八層
RPPNMLTJJHMFFAV86CA,22,11.95,見其他登記事項,鋼筋混凝土造,84年2月17日,八層,
RPPNMLTJJHMFFAV86CA,22,9.05,見其他登記事項,鋼筋混凝土造,84年2月17日,八層,
RPPNMLTJJHMFFAV86CA,22,4.48,見其他登記事項,鋼筋混凝土造,84年2月17日,八層,
RPQNMLTJJHMFFAV96CA,21,182.07,見其他登記事項,鋼筋混凝土造,85年5月23日,四層,一層 二層 三層 四層
RPUNMLLKJHMFFDV07DA,36,139.38,住家用,加強磚造,69年12月26日,二層,一層 二層 騎樓
RPQNMLTLJHMFFAV17CA,23,91.49,見其他登記事項,鋼筋混凝土造,82年12月3日,四層,四層
RPQNMLTLJHMFFAV17CA,23,.22,見其他登記事項,鋼筋混凝土造,82年12月3日,四層,
RPQNMLTLJHMFFAV17CA,23,.22,見其他登記事項,鋼筋混凝土造,82年12月3日,四層,
RPQNMLTLJHMFFAV17CA,23,.22,見其他登記事項,鋼筋混凝土造,82年12月3日,四層,
RPQNMLTLJHMFFAV17CA,23,.22,見其他登記事項,鋼筋混凝土造,82年12月3日,四層,
RPQNMLTLJHMFFAV17CA,23,.22,見其他登記事項,鋼筋混凝土造,82年12月3日,四層,
RPQNMLTLJHMFFAV17CA,23,.23,見其他登記事項,鋼筋混凝土造,82年12月3日,四層,
RPQNMLTLJHMFFAV17CA,23,.23,見其他登記事項,鋼筋混凝土造,82年12月3日,四層,
RPQNMLTLJHMFFAV17CA,23,.22,見其他登記事項,鋼筋混凝土造,82年12月3日,四層,
RPQNMLTLJHMFFAV17CA,23,.23,見其他登記事項,鋼筋混凝土造,82年12月3日,四層,
RPQNMLTLJHMFFAV17CA,23,.22,見其他登記事項,鋼筋混凝土造,82年12月3日,四層,
RPQNMLTLJHMFFAV17CA,23,.22,見其他登記事項,鋼筋混凝土造,82年12月3日,四層,
RPQNMLTLJHMFFAV17CA,23,.22,見其他登記事項,鋼筋混凝土造,82年12月3日,四層,
RPQNMLTLJHMFFAV17CA,23,.22,見其他登記事項,鋼筋混凝土造,82年12月3日,四層,
RPQNMLTLJHMFFAV17CA,23,.23,見其他登記事項,鋼筋混凝土造,82年12月3日,四層,
RPQNMLTLJHMFFAV17CA,23,.22,見其他登記事項,鋼筋混凝土造,82年12月3日,四層,
RPQNMLTLJHMFFAV17CA,23,.22,見其他登記事項,鋼筋混凝土造,82年12月3日,四層,
RPQNMLTLJHMFFAV17CA,23,.22,見其他登記事項,鋼筋混凝土造,82年12月3日,四層,
RPQNMLTLJHMFFAV17CA,23,.22,見其他登記事項,鋼筋混凝土造,82年12月3日,四層,
RPQNMLTLJHMFFAV17CA,23,.22,見其他登記事項,鋼筋混凝土造,82年12月3日,四層,
RPQNMLTLJHMFFAV17CA,23,.62,見其他登記事項,鋼筋混凝土造,82年12月3日,四層,
RPQNMLTLJHMFFAV17CA,23,.22,見其他登記事項,鋼筋混凝土造,82年12月3日,四層,
RPQNMLTLJHMFFAV17CA,23,.23,見其他登記事項,鋼筋混凝土造,82年12月3日,四層,
RPQNMLTLJHMFFAV17CA,23,.22,見其他登記事項,鋼筋混凝土造,82年12月3日,四層,
RPQNMLTLJHMFFAV17CA,23,.22,見其他登記事項,鋼筋混凝土造,82年12月3日,四層,
RPQNMLTLJHMFFAV17CA,23,.23,見其他登記事項,鋼筋混凝土造,82年12月3日,四層,
RPQNMLTLJHMFFAV17CA,23,3.20,見其他登記事項,鋼筋混凝土造,82年12月3日,四層,
RPQNMLTLJHMFFAV17CA,23,.22,見其他登記事項,鋼筋混凝土造,82年12月3日,四層,
RPQNMLTLJHMFFAV17CA,23,.22,見其他登記事項,鋼筋混凝土造,82年12月3日,四層,
RPQNMLTLJHMFFAV17CA,23,.22,見其他登記事項,鋼筋混凝土造,82年12月3日,四層,
RPQNMLTLJHMFFAV17CA,23,.23,見其他登記事項,鋼筋混凝土造,82年12月3日,四層,
RPQNMLTLJHMFFAV17CA,23,2.01,見其他登記事項,鋼筋混凝土造,82年12月3日,四層,
RPQNMLTLJHMFFAV17CA,23,.23,見其他登記事項,鋼筋混凝土造,82年12月3日,四層,
RPQNMLTLJHMFFAV17CA,23,.62,見其他登記事項,鋼筋混凝土造,82年12月3日,四層,
RPQNMLTLJHMFFAV17CA,23,.22,見其他登記事項,鋼筋混凝土造,82年12月3日,四層,
RPQNMLSKJHMFFAV07DA,47,174.35,住家用,加強磚造,59年3月9日,二層,一層 二層
RPVNMLKKJHMFFAV66CA,22,77.34,見其他登記事項,鋼筋混凝土造,84年1月25日,十層,八層
RPPNMLLKJHMFFCV98CA,31,250.52,住商用,加強磚造,75年3月24日,三層,一層 二層 三層 騎樓
RPPNMLRKJHMFFCV96CA,35,171.60,住家用,見其他登記事項,70年12月8日,三層,一層 二層 三層 騎樓
RPPNMLMKJHMFFCV09CA,27,60.00,住家用,見其他登記事項,78年11月2日,一層,一層
RPTNMLNKJHMFFAV86DA,36,102.42,住家用,加強磚造,70年2月13日,二層,一層 二層 騎樓
RPSNMLNKJHMFFAV76DA,34,150.69,住家用,鋼筋混凝土造,72年4月19日,三層,一層 二層 三層 騎樓
RPQNMLNKJHMFFBV56CA,23,86.29,住家用,加強磚造,82年4月17日,一層,一層
SPQNMLNJKHMFFAV56CA,22,78.95,見其他登記事項,鋼筋混凝土造,84年1月25日,十層,十層
SPQNMLNJKHMFFAV56CA,,2.14,見其他登記事項,鋼筋混凝土造,,十層,
SPQNMLNJKHMFFAV56CA,22,9.44,見其他登記事項,鋼筋混凝土造,84年1月25日,十層,
SPQNMLNJKHMFFAV56CA,22,11.52,見其他登記事項,鋼筋混凝土造,84年1月25日,十層,
SPQNMLNJKHMFFAV56CA,22,2.26,見其他登記事項,鋼筋混凝土造,84年1月25日,十層,
RPQNMLNJKHMFFAV09CA,35,111.78,住家用,鋼筋混凝土造,70年8月21日,二層,一層 二層
RPPNMLNJKHMFFAV98CA,38,100.92,住家用,加強磚造,68年2月27日,二層,一層 二層
RPRNMLRKJHMFFAV96CA,38,49.82,住家用,加強磚造,68年1月10日,一層,一層 騎樓
RPOOMLRKJHMFFAV76CA,,84.87,住家用,見其他登記事項,,二層,一層 二層
RPUNMLQKJHMFFAV17CA,3,285.82,住家用,見其他登記事項,102年12月11日,四層,三層 四層 一層 二層
RPRNMLMKJHMFFAV09CA,21,172.94,住家用,鋼筋混凝土造,85年2月16日,三層,一層 二層 三層
RPPNMLPKJHMFFAV56CA,1,229.95,住家用,見其他登記事項,105年4月19日,三層,一層 二層 三層
RPQOMLSKJHMFFAV07CA,33,107.52,住家用,鋼筋混凝土加強磚造,73年1月25日,三層,一層 二層 三層 騎樓
RPQOMLKLJHMFFAV98CA,35,103.95,住家用,加強磚造,70年8月13日,二層,一層 二層 騎樓
RPVNMLMKJHMFFAV86CA,34,117.76,住家用,加強磚造,72年5月19日,二層,一層 二層
RPSNMLPLJHMFFCV17CA,,93.62,住家用,加強磚造,,二層,一層 二層
RPRNMLQKJHMFFAV86CA,1,189.35,住家用,見其他登記事項,105年3月3日,三層,一層 二層 三層
RPWNMLQKJHMFFAV37CA,18,104.16,住家用,鋼筋混凝土造,88年1月22日,三層,一層 二層 三層
RPWNMLQKJHMFFAV37CA,18,104.16,住家用,鋼筋混凝土造,88年1月22日,三層,一層 二層 三層
RPTOMLSKJHMFFAV37CA,22,61.21,見其他登記事項,鋼筋混凝土造,84年2月17日,八層,八層
RPTOMLSKJHMFFAV37CA,22,8.38,見其他登記事項,鋼筋混凝土造,84年2月17日,八層,
RPTOMLSKJHMFFAV37CA,22,25.62,見其他登記事項,鋼筋混凝土造,84年2月17日,八層,
RPTOMLSKJHMFFAV37CA,22,4.11,見其他登記事項,鋼筋混凝土造,84年2月17日,八層,
RPROMLKLJHMFFAV09CA,29,176.91,住家用,加強磚造,77年3月10日,二層,一層 二層 騎樓
RPQNMLKLJHMFFCV09CA,20,111.14,住家用,加強磚造,85年8月9日,二層,一層 二層 屋頂突出物
RPPOMLKLJHMFFAV88CA,23,11.62,見其他登記事項,鋼筋混凝土造,82年10月26日,六層,
RPPOMLKLJHMFFAV88CA,23,28.00,見其他登記事項,鋼筋混凝土造,82年10月26日,六層,二層
RPTNMLRKJHMFFAV27DA,2,316.12,住家用,見其他登記事項,103年9月25日,三層,一層 二層 三層
RPRNMLPLJHMFFAV86CA,38,76.94,住家用,加強磚造,67年11月8日,二層,一層 二層
RPPNMLTKJHMFFAV96CA,,269.61,住家用,見其他登記事項,105年8月10日,四層,一層 二層 三層 四層
RPQNMLKLJHMFFAV88CA,,204.24,見其他登記事項,見其他登記事項,105年7月13日,三層,一層 二層 三層 見其他登記事項
RPWNMLKLJHMFFAV86CA,36,228.48,住家用,鋼筋混凝土加強磚造,70年5月5日,三層,一層 二層 三層 騎樓 地下層
RPTNMLPLJHMFFAV07CA,17,56.29,商業用,見其他登記事項,88年8月20日,一層,一層
RPSNMLKLJHMFFAV09CA,12,241.56,見其他登記事項,鋼筋混凝土造,93年11月16日,三層,一層 二層 三層 地下一層
RPSNMLKLJHMFFAV09CA,12,21.03,見其他登記事項,鋼筋混凝土造,93年11月16日,,
RPSNMLTKJHMFFAV27CA,22,187.61,住家用,鋼筋混凝土造,83年9月9日,三層,一層 二層 三層
RPVNMLKLJHMFFAV76CA,15,163.84,住家用,鋼筋混凝土造,90年10月2日,三層,二層 三層 一層
RPTNMLTKJHMFFAV37CA,24,146.36,住家用,加強磚造,81年10月17日,二層,一層 二層
RPWNMLOLJHMFFAV27CA,21,34.03,見其他登記事項,見其他登記事項,84年10月4日,十二層,七層
RPRNMLNLJHMFFAV66CA,23,87.03,見其他登記事項,鋼筋混凝土造,83年4月19日,十四層,五層
RPRNMLNLJHMFFAV66CA,23,28.98,見其他登記事項,鋼筋混凝土造,83年4月19日,十四層,
RPPNMLTLJHMFFAV07CA,42,82.90,住家用,見其他登記事項,64年6月7日,二層,一層 二層
RPRNMLKKKHMFFAV98CA,22,109.58,見其他登記事項,鋼筋混凝土造,84年2月17日,八層,五層
RPRNMLKKKHMFFAV98CA,22,14.08,見其他登記事項,鋼筋混凝土造,84年2月17日,八層,
RPRNMLKKKHMFFAV98CA,22,19.35,見其他登記事項,鋼筋混凝土造,84年2月17日,八層,
RPPNMLOLJHMFFAV56CA,23,78.36,見其他登記事項,鋼筋混凝土造,83年4月19日,十四層,十三層
RPPNMLOLJHMFFAV56CA,23,24.52,見其他登記事項,鋼筋混凝土造,83年4月19日,十四層,
RPRNMLTKJHMFFAV17CA,22,68.73,見其他登記事項,鋼筋混凝土造,84年1月25日,十層,十層
RPRNMLTKJHMFFAV17CA,,1.69,見其他登記事項,鋼筋混凝土造,,十層,
RPRNMLTKJHMFFAV17CA,22,7.47,見其他登記事項,鋼筋混凝土造,84年1月25日,十層,
RPRNMLTKJHMFFAV17CA,22,1.81,見其他登記事項,鋼筋混凝土造,84年1月25日,十層,
RPRNMLTKJHMFFAV17CA,22,9.22,見其他登記事項,鋼筋混凝土造,84年1月25日,十層,
RPRNMLNLJHMFFCV86CA,39,61.00,住家用,加強磚造,67年1月15日,一層,一層 騎樓
RPPNMLKLJHMFFAV78CA,,204.42,見其他登記事項,見其他登記事項,105年7月13日,三層,一層 二層 三層 見其他登記事項
RPRNMLQJKHMFFAV86CA,23,22.50,見其他登記事項,鋼筋混凝土造,83年1月26日,七層,二層
RPRNMLQJKHMFFAV86CA,23,.48,共有部分,鋼筋混凝土造,83年1月26日,七層,
RPRNMLQJKHMFFAV86CA,23,.48,共有部分,鋼筋混凝土造,83年1月26日,七層,
RPRNMLQJKHMFFAV86CA,23,.48,共有部分,鋼筋混凝土造,83年1月26日,七層,
RPRNMLQJKHMFFAV86CA,23,.48,共有部分,鋼筋混凝土造,83年1月26日,七層,
RPRNMLQJKHMFFAV86CA,23,.48,共有部分,鋼筋混凝土造,83年1月26日,七層,
RPRNMLQJKHMFFAV86CA,23,.48,共有部分,鋼筋混凝土造,83年1月26日,七層,
RPRNMLQJKHMFFAV86CA,23,.49,共有部分,鋼筋混凝土造,83年1月26日,七層,
RPRNMLQJKHMFFAV86CA,23,3.66,共有部分,鋼筋混凝土造,83年1月26日,七層,
RPRNMLTKJHMFFDV57DA,24,77.14,住家用,加強磚造,82年4月21日,二層,一層 二層
RPXNMLKLJHMFFAV96CA,11,239.26,住家用,見其他登記事項,95年1月24日,三層,一層 二層 三層
RPTNMLNLJHMFFAV86CA,1,194.86,住家用,見其他登記事項,105年3月14日,二層,一層 二層
RPPNMLPLJHMFFAV66CA,22,188.39,住商用,鋼筋混凝土造,83年11月24日,三層,一層 二層 三層
RPPNMLQLJHMFFDV07CA,21,30.87,見其他登記事項,鋼筋混凝土造,84年7月14日,八層,六層
RPPNMLQLJHMFFDV07CA,21,7.85,見其他登記事項,鋼筋混凝土造,84年7月14日,八層,
RPPNMLRJKHMFFAV76CA,,89.35,住家用,木造,,一層,
TPQNMLSJKHMFFAV17CA,45,66.72,住家用,見其他登記事項,60年7月20日,一層,一層
RPQNMLSJKHMFFAV96CA,43,113.85,住商用,見其他登記事項,62年9月15日,三層,一層 二層 三層
SPQNMLSJKHMFFAV07CA,43,108.90,住商用,見其他登記事項,62年9月15日,三層,一層 二層 三層
RPUNMLQLJHMFFAV27CA,21,29.39,見其他登記事項,鋼筋混凝土造,85年6月28日,九層,七層
RPUNMLQLJHMFFAV27CA,21,6.33,見其他登記事項,鋼筋混凝土造,85年6月28日,九層,
RPUNMLQLJHMFFAV27CA,21,3.56,見其他登記事項,鋼筋混凝土造,85年6月28日,九層,
RPRNMLPLJHMFFCV17DA,,74.93,住家用,見其他登記事項,,二層,一層 二層
RPUNMLRJKHMFFAV37DA,17,177.59,見其他登記事項,鋼筋混凝土造,89年5月3日,三層,一層 二層 三層
RPXNMLNLJHMFFAV27CA,2,240.35,住家用,見其他登記事項,103年10月24日,三層,一層 二層 三層
RPUNMLOLJHMFFAV17DA,31,121.95,住家用,加強磚造,75年4月28日,二層,一層 二層
RPVNMLPLJHMFFAV27CA,23,83.80,住家用,鋼筋混凝土造,83年6月1日,三層,一層
RPVNMLPLJHMFFAV27CA,23,9.54,見其他登記事項,鋼筋混凝土造,83年6月1日,三層,
RPSNMLPKKHMFFAV96CA,35,121.44,住家用,加強磚造,70年10月1日,二層,一層 二層
RPTNMLPKKHMFFAV17DA,43,525.61,見其他登記事項,鋼筋混凝土造,62年12月1日,一層,一層 騎樓
RPWNMLPLJHMFFAV37CA,38,106.26,住商用,加強磚造,67年12月24日,二層,一層 二層 騎樓
RPQNMLQLJHMFFAV86CA,37,95.64,住家用,加強磚造,68年6月23日,二層,一層 二層 騎樓
RPPOMLPLJHMFFAV76CA,45,93.28,住家用,見其他登記事項,61年4月4日,二層,一層 二層
RPVNMLKLKHMFFAV86CA,7,217.30,住家用,見其他登記事項,98年6月19日,三層,一層 二層 三層
RPXNMLPLJHMFFAV47CA,22,100.22,見其他登記事項,鋼筋混凝土造,83年12月17日,八層,五層
RPXNMLPLJHMFFAV47CA,22,12.48,見其他登記事項,鋼筋混凝土造,83年12月17日,八層,
RPXNMLPLJHMFFAV47CA,22,27.83,見其他登記事項,鋼筋混凝土造,83年12月17日,八層,
RPXNMLPLJHMFFAV47CA,22,13.49,見其他登記事項,鋼筋混凝土造,83年12月17日,八層,
RPOOMLPLJHMFFAV66CA,28,158.70,住家用,加強磚造,78年4月10日,二層,一層 二層
RPPNMLPLJHMFFBV76CA,28,101.24,見其他登記事項,鋼筋混凝土造,77年12月27日,二層,一層 二層 騎樓
SPQNMLOKKHMFFAV76CA,10,.67,住家用,見其他登記事項,95年8月15日,一層,
RPQNMLQJKHMFFAV76CA,8,186.01,見其他登記事項,見其他登記事項,97年7月31日,三層,一層 二層 三層
RPQNMLOKKHMFFAV66CA,10,263.85,住家用,見其他登記事項,95年8月15日,三層,一層 二層 三層
RPPNMLNJKHMFFDV76DA,21,30.87,見其他登記事項,鋼筋混凝土造,84年7月14日,八層,三層
RPPNMLNJKHMFFDV76DA,21,7.44,見其他登記事項,鋼筋混凝土造,84年7月14日,八層,
RPSNMLQLJHMFFAV17DA,43,90.36,住家用,鋼筋混凝土加強磚造,63年3月28日,二層,一層 二層
RPWNMLQLJHMFFAV47CA,21,132.21,見其他登記事項,鋼筋混凝土造,84年12月4日,十六層,四層
RPWNMLQLJHMFFAV47CA,21,50.22,見其他登記事項,鋼筋混凝土造,84年12月4日,十六層,
RPSNMLQJKHMFFAV96CA,41,47.60,住家用,見其他登記事項,65年3月1日,一層,一層
RPTNMLQJKHMFFAV07CA,21,325.63,見其他登記事項,加強磚造,85年2月12日,二層,一層 二層
RPQNMLMJKHMFFAV98CA,13,168.59,住商用,鋼筋混凝土造,92年7月31日,三層,一層 二層 三層 騎樓
RPPNMLMJKHMFFDV56CA,21,177.39,住家用,鋼筋混凝土造,84年7月25日,三層,一層 二層 三層 騎樓
