﻿鄉鎮市區,交易標的,土地區段位置/建物區段門牌,土地移轉總面積平方公尺,都市土地使用分區,非都市土地使用分區,非都市土地使用編定,交易年月日,交易筆棟數,移轉層次,總樓層數,建物型態,主要用途,主要建材,建築完成年月,建物移轉總面積平方公尺,建物現況格局-房,建物現況格局-廳,建物現況格局-衛,建物現況格局-隔間,有無管理組織,總價元,單價元/平方公尺,車位類別,車位移轉總面積平方公尺,車位總價元,備註,編號
The villages and towns urban district,transaction sign,land sector position/building sector house number plate,land shifting total area square meter,the use zoning or compiles and checks,the non-metropolis land use district,non-metropolis land use,transaction year, month and day,transaction pen number,shifting level,total floor number,building state,main use,main building materials,construction to complete the years,building shifting total area,Building present situation pattern - room,building present situation pattern - hall,building present situation pattern - health,building present situation pattern - compartmented,Whether there is manages the organization,total price Yuan,the unit price a Yuan/square meter,the berth category,berth shifting total area square meter,the berth total price Yuan,the note,serial number
望安鄉,土地,望安段301~330地號,533.0,,一般農業區,農牧用地,1051006,土地1建物0車位0,,,其他,,,,0.0,0,0,0,有,無,500000,938,,0.0,0,"交易總價含代繳土地增值稅,過戶相關費用",RPTNMLLKJILFFAX76CA
馬公市,土地,山水北段661~690地號,3.8,,鄉村區,交通用地,1051028,土地2建物0車位0,,,其他,,,,0.0,0,0,0,有,無,21530,5666,,0.0,0,"山水30高地聯外道路拓寬工程協議價購(農牧用地3,700元/M2、建築用地10,200元/M2)",RPSNMLMJJILFFAX66CA
馬公市,土地,興仁段811~840地號,1878.55,,一般農業區,農牧用地,1051020,土地1建物0車位0,,,其他,,,,0.0,0,0,0,有,無,21830000,11621,,0.0,0,,RPPNMLRLJILFFAX17DA
西嶼鄉,土地,內垵三段1531~1560地號,289.06,,一般農業區,農牧用地,1051020,土地1建物0車位0,,,其他,,,,0.0,0,0,0,有,無,660000,2283,,0.0,0,,RPPNMLTJJILFFAX07CA
馬公市,土地,五福段541~570地號,279.01,,一般農業區,農牧用地,1051025,土地1建物0車位0,,,其他,,,,0.0,0,0,0,有,無,5980000,21433,,0.0,0,,RPVNMLTJJILFFAX67CA
湖西鄉,土地,成功南段721~750地號,379.11,,一般農業區,農牧用地,1051027,土地1建物0車位0,,,其他,,,,0.0,0,0,0,有,無,742000,1957,,0.0,0,,RPPNMLQJJILFFAX76CA
馬公市,土地,山水北段181~210地號,664.64,,一般農業區,農牧用地,1051028,土地1建物0車位0,,,其他,,,,0.0,0,0,0,有,無,6140000,9238,,0.0,0,,RPQNMLQJJILFFAX86CA
湖西鄉,土地,東石新段121~150地號,1.26,,一般農業區,交通用地,1051004,土地2建物0車位0,,,其他,,,,0.0,0,0,0,有,無,4802,3811,,0.0,0,"澎11號線（鼎灣-成功）道路拓寬工程協議價購(3,800/m2)",RPPNMLLKJILFFAX98CA
馬公市,房地(土地+建物),澎湖縣馬公市東衛61~90號,367.7,,一般農業區,甲種建築用地,1051015,土地2建物1車位0,全,三層,透天厝,住家用,鋼筋混凝土造,1041005,306.14,4,1,4,有,無,8920000,29137,,0.0,0,,RPQNMLPLJILFFAX96CA
馬公市,土地,六合段421~450地號,609.55,,一般農業區,農牧用地,1051020,土地1建物0車位0,,,其他,,,,0.0,0,0,0,有,無,15857500,26015,,0.0,0,,RPQNMLRLJILFFAX27DA
馬公市,土地,五福段271~300地號,35.21,,一般農業區,農牧用地,1051011,土地2建物0車位0,,,其他,,,,0.0,0,0,0,有,無,200000,5680,,0.0,0,親友、員工或其他特殊關係間之交易。;親友、員工或其他特殊關係間之交易。,RPQNMLRJJILFFAX07DA
西嶼鄉,土地,竹灣段1411~1440地號,78.06,,鄉村區,乙種建築用地,1051025,土地1建物0車位0,,,其他,,,,0.0,0,0,0,有,無,188893,2420,,0.0,0,,RPTNMLSJJILFFAX57EA
西嶼鄉,土地,小池角段871~900地號,536.0,,一般農業區,農牧用地,1051027,土地1建物0車位0,,,其他,,,,0.0,0,0,0,有,無,5400000,10075,,0.0,0,,RPRNMLPLJILFFAX07CA
西嶼鄉,土地,小池角段871~900地號,220.0,,一般農業區,農牧用地,1051027,土地1建物0車位0,,,其他,,,,0.0,0,0,0,有,無,1300000,5909,,0.0,0,,SPRNMLPLJILFFAX17CA
湖西鄉,土地,鼎灣新段721~750地號,15.12,,一般農業區,農牧用地,1051102,土地1建物0車位0,,,其他,,,,0.0,0,0,0,有,無,57475,3801,,0.0,0,"澎11號線（鼎灣-成功）道路拓寬工程協議價購(3,800/m2)",RPQNMLLKJILFFAX09CA
湖西鄉,土地,鼎灣新段721~750地號,15.12,,一般農業區,農牧用地,1051102,土地1建物0車位0,,,其他,,,,0.0,0,0,0,有,無,57475,3801,,0.0,0,"澎11號線（鼎灣-成功）道路拓寬工程協議價購(3,800/m2)",RPRNMLLKJILFFAX56CA
湖西鄉,土地,鼎灣新段661~690地號,5.6,,一般農業區,交通用地,1051103,土地1建物0車位0,,,其他,,,,0.0,0,0,0,有,無,21269,3798,,0.0,0,"澎11號線（鼎灣-成功）道路拓寬工程協議價購(3,800/m2)",RPSNMLLKJILFFAX66CA
湖西鄉,土地,湖西北段511~540地號,184.48,,鄉村區,乙種建築用地,1051021,土地1建物0車位0,,,其他,,,,0.0,0,0,0,有,無,1320000,7155,,0.0,0,,RPWNMLSKJILFFAX77CA
馬公市,房地(土地+建物)+車位,澎湖縣馬公市三多路31~60號,24.99,住,,,1051027,土地2建物1車位1,二層,十層,華廈(10層含以下有電梯),住家用,鋼筋混凝土造,0850215,108.44,3,1,2,有,有,4600000,42420,一樓平面,0.0,0,,RPOOMLOLJILFFAX76CA
馬公市,房地(土地+建物),澎湖縣馬公市鎖管港181~210號,78.1,住,,,1051017,土地1建物1車位0,全,二層,透天厝,國民住宅,鋼筋混凝土加強磚造,0700216,78.98,4,1,1,有,無,500000,6331,,0.0,0,親友、員工或其他特殊關係間之交易。;親友、員工或其他特殊關係間之交易。,RPPNMLKKJILFFAX98DA
馬公市,房地(土地+建物),澎湖縣馬公市五福路138巷1~30號,242.4,,一般農業區,甲種建築用地,1051028,土地3建物1車位0,全,三層,透天厝,住家用,鋼筋混凝土造,1050603,337.31,6,2,7,有,無,13200000,39133,,0.0,0,,RPTNMLQKJILFFAX37DA
馬公市,土地,興崁段1171~1200地號,27.15,,一般農業區,農牧用地,1051028,土地1建物0車位0,,,其他,,,,0.0,0,0,0,有,無,3660000,134807,,0.0,0,,RPRNMLQJKILFFAX17DA
馬公市,土地,中山段571~600地號,310.05,住,,,1050929,土地3建物0車位0,,,其他,,,,0.0,0,0,0,有,無,11250000,36284,,0.0,0,,RPQNMLTLJILFFAX37CA
白沙鄉,房地(土地+建物),澎湖縣白沙鄉大赤崁361~390號,61.38,,鄉村區,乙種建築用地,1051022,土地1建物1車位0,全,三層,透天厝,住家用,鋼筋混凝土加強磚造,0760209,129.99,3,1,3,有,無,1100000,8462,,0.0,0,,RPTNMLSLJILFFAX57CA
白沙鄉,土地,講美段61~90地號,1397.1,,風景區,農牧用地,1051012,土地1建物0車位0,,,其他,,,,0.0,0,0,0,有,無,940000,673,,0.0,0,,RPUNMLSKJILFFAX57CA
馬公市,土地,北極段931~960地號,145.49,住,,,1051013,土地1建物0車位0,,,其他,,,,0.0,0,0,0,有,無,1710000,11753,,0.0,0,親友、員工或其他特殊關係間之交易。;親友、員工或其他特殊關係間之交易。,RPPNMLOKJILFFAX66CA
湖西鄉,土地,南寮北段1531~1560地號,711.03,,一般農業區,農牧用地,1051101,土地1建物0車位0,,,其他,,,,0.0,0,0,0,有,無,860000,1210,,0.0,0,親友、員工或其他特殊關係間之交易。;親友、員工或其他特殊關係間之交易。,RPRNMLOKJILFFAX86CA
湖西鄉,土地,龍門南段331~360地號,563.76,,一般農業區,農牧用地,1051103,土地2建物0車位0,,,其他,,,,0.0,0,0,0,有,無,2100000,3725,,0.0,0,,RPSNMLOKJILFFAX96CA
馬公市,房地(土地+建物),澎湖縣馬公市永興街1~30號,74.0,商,,,1051014,土地1建物1車位0,全,四層,透天厝,住商用,鋼筋混凝土加強磚造,0581220,230.89,5,1,4,有,無,12000000,51973,,0.0,0,,RPPNMLQKJILFFAX86CA
湖西鄉,土地,青螺新段1081~1110地號,386.1,,鄉村區,乙種建築用地,1051104,土地1建物0車位0,,,其他,,,,0.0,0,0,0,有,無,2100000,5439,,0.0,0,,RPVNMLSKJILFFAX67CA
白沙鄉,土地,後寮段1381~1410地號,2616.0,,一般農業區,農牧用地,1051101,土地4建物0車位0,,,其他,,,,0.0,0,0,0,有,無,12800000,4893,,0.0,0,,RPQNMLRKJILFFAX07CA
馬公市,土地,雙湖段811~840地號,554.7,,一般農業區,農牧用地,1051103,土地1建物0車位0,,,其他,,,,0.0,0,0,0,有,無,4000000,7211,,0.0,0,,RPSNMLRLJILFFAX37CA
馬公市,土地,五福段961~990地號,75.66,,鄉村區,乙種建築用地,1050602,土地1建物0車位0,,,其他,,,,0.0,0,0,0,有,無,916070,12108,,0.0,0,,RPQOMLPLJILFFAX07CA
湖西鄉,土地,沙港北段541~570地號,638.59,,一般農業區,農牧用地,1051019,土地2建物0車位0,,,其他,,,,0.0,0,0,0,有,無,5486000,8591,,0.0,0,交通用地未計價共有人2人,RPPNMLSKJILFFAX17DA
馬公市,房地(土地+建物),澎湖縣馬公市西文澳91~120號,158.52,農,,,1051107,土地1建物1車位0,全,三層,透天厝,住家用,鋼筋混凝土造,0860527,259.54,6,2,5,有,無,10200000,39300,,0.0,0,親友、員工或其他特殊關係間之交易。;親友、員工或其他特殊關係間之交易。,RPSNMLQKJILFFAX27DA
西嶼鄉,土地,小池角段4201~4230地號,708.0,,一般農業區,農牧用地,1051109,土地1建物0車位0,,,其他,,,,0.0,0,0,0,有,無,260000,367,,0.0,0,親友、員工或其他特殊關係間之交易。;親友、員工或其他特殊關係間之交易。,RPSNMLSKJILFFAX47DA
馬公市,土地,五福段961~990地號,75.67,,鄉村區,乙種建築用地,1050602,土地1建物0車位0,,,其他,,,,0.0,0,0,0,有,無,916190,12108,,0.0,0,,RPROMLPLJILFFAX17CA
西嶼鄉,土地,外垵一段421~450地號,129.6,,鄉村區,乙種建築用地,1051102,土地1建物0車位0,,,其他,,,,0.0,0,0,0,有,無,336968,2600,,0.0,0,親友、員工或其他特殊關係間之交易。;親友、員工或其他特殊關係間之交易。,RPSNMLLJKILFFAX66CA
馬公市,土地,馬公段2071~2100地號,32.78,住,,,1051027,土地1建物0車位0,,,其他,,,,0.0,0,0,0,有,無,2772000,84564,,0.0,0,,RPRNMLRLJILFFAX27CA
馬公市,土地,山水北段661~690地號,5.3,,鄉村區,交通用地,1051114,土地1建物0車位0,,,其他,,,,0.0,0,0,0,有,無,19601,3698,,0.0,0,"山水30高地聯外道路拓寬工程協議價購(交通用地3,700元/M2)",RPPNMLRKJILFFAX96CA
馬公市,房地(土地+建物)+車位,澎湖縣馬公市貿商街121~150號,26.48,住,,,1051101,土地2建物1車位1,六層,七層,華廈(10層含以下有電梯),見其他登記事項,鋼筋混凝土造,0950710,162.8,3,1,2,有,有,2883651,17713,坡道平面,0.0,0,向政府機關承購之案件。;向政府機關承購之案件。,RPTNMLPJKILFFAX17CA
西嶼鄉,土地,二崁南段1201~1230地號,505.44,,風景區,農牧用地,1051025,土地1建物0車位0,,,其他,,,,0.0,0,0,0,有,無,856184,1694,,0.0,0,,RPSNMLQJKILFFAX17CA
白沙鄉,土地,講美段451~480地號,138.9,,鄉村區,乙種建築用地,1051108,土地2建物0車位0,,,其他,,,,0.0,0,0,0,有,無,420100,3024,,0.0,0,,RPQNMLMJKILFFAX56CA
馬公市,房地(土地+建物),澎湖縣馬公市三多路146巷1~30號,39.52,住,,,1051025,土地1建物1車位0,全,二層,透天厝,住家用,鋼筋混凝土加強空心磚造,0640617,55.44,4,2,3,有,無,3980000,71789,,0.0,0,,RPPNMLPLJILFFAX86CA
馬公市,土地,鎖港西段991~1020地號,443.75,,一般農業區,農牧用地,1051021,土地1建物0車位0,,,其他,,,,0.0,0,0,0,有,無,2146620,4837,,0.0,0,親友、員工或其他特殊關係間之交易。;親友、員工或其他特殊關係間之交易。,RPVNMLPLJILFFAX47CA
馬公市,土地,烏崁新段1801~1830地號,1115.59,,一般農業區,農牧用地,1051003,土地1建物0車位0,,,其他,,,,0.0,0,0,0,有,無,1680000,1506,,0.0,0,,RPTNMLRLJILFFAX47CA
湖西鄉,土地,成功北段181~210地號,61.86,,一般農業區,交通用地,1051114,土地3建物0車位0,,,其他,,,,0.0,0,0,0,有,無,235068,3800,,0.0,0,"澎11號線（鼎灣-成功）道路拓寬工程協議價購(交通用地3,800/m2)",RPTNMLSKJILFFAX47CA
馬公市,土地,五德東段331~360地號,233.87,,一般農業區,農牧用地,1051107,土地1建物0車位0,,,其他,,,,0.0,0,0,0,有,無,9000000,38483,,0.0,0,變更起造人，含未來興建房屋之價格,RPSNMLPLJILFFAX17CA
馬公市,土地,烏崁新段31~60地號,669.48,,一般農業區,農牧用地,1051108,土地1建物0車位0,,,其他,,,,0.0,0,0,0,有,無,2430000,3630,,0.0,0,,RPTNMLPLJILFFAX27CA
湖西鄉,土地,紅羅段2491~2520地號,194.78,,一般農業區,農牧用地,1051107,土地1建物0車位0,,,其他,,,,0.0,0,0,0,有,無,500000,2567,,0.0,0,"受債權債務影響或債務抵償之交易。;債權債務關係,土地經拍賣承受後,以原承受價,移轉給另一債權人.",RPUNMLLLJILFFAX96CA
馬公市,土地,山水北段931~960地號,7.65,,一般農業區,交通用地,1051114,土地2建物0車位0,,,其他,,,,0.0,0,0,0,有,無,28305,3700,,0.0,0,"山水30高地聯外道路拓寬工程協議價購(農牧用地3,700元/M2)",RPPNMLMLJILFFAX56CA
馬公市,土地,東澳段691~720地號,32.82,住,,,1051101,土地1建物0車位0,,,其他,,,,0.0,0,0,0,有,無,1010000,30774,,0.0,0,,RPPNMLOLJILFFAX76CA
馬公市,建物,澎湖縣馬公市光武街1~30號,0.0,,,,1051101,土地0建物1車位0,全,三層,透天厝,住商用,鋼筋混凝土加強空心磚造,0570705,40.16,6,2,4,有,無,38000,946,,0.0,0,親友、員工或其他特殊關係間之交易。;親友、員工或其他特殊關係間之交易。,RPQNMLPKKILFFAX96CA
馬公市,土地,鐵線段481~510地號,1181.02,,一般農業區,農牧用地,1051103,土地1建物0車位0,,,其他,,,,0.0,0,0,0,有,無,10003000,8470,,0.0,0,,RPQNMLSKJILFFAX27DA
馬公市,土地,東衛段1081~1110地號,205.65,,鄉村區,乙種建築用地,1051101,土地1建物0車位0,,,其他,,,,0.0,0,0,0,有,無,3607600,17542,,0.0,0,,RPSNMLLLJILFFAX76CA
馬公市,土地,東衛段1111~1140地號,122.32,,鄉村區,乙種建築用地,1051101,土地1建物0車位0,,,其他,,,,0.0,0,0,0,有,無,2146000,17544,,0.0,0,,RPTNMLLLJILFFAX86CA
馬公市,房地(土地+建物),澎湖縣馬公市永平街31~60號,112.0,住,,,1051020,土地2建物1車位0,全,二層,透天厝,住家用,鋼筋混凝土加強空心磚造,0600101,87.2,4,2,2,有,無,7800000,89450,,0.0,0,,RPPNMLLLJILFFAX09CA
馬公市,房地(土地+建物),澎湖縣馬公市五福路1~30號,116.82,,鄉村區,乙種建築用地,1051111,土地1建物1車位0,全,二層,透天厝,住家用,鋼筋混凝土加強磚造,0800121,143.39,3,2,2,有,無,4000000,27896,,0.0,0,,RPXNMLTLJILFFAX08CA
馬公市,土地,山水南段61~90地號,599.1,,一般農業區,農牧用地,1051104,土地2建物0車位0,,,其他,,,,0.0,0,0,0,有,無,150000,250,,0.0,0,親友、員工或其他特殊關係間之交易。;親友、員工或其他特殊關係間之交易。,RPQNMLKMJILFFAX56CA
馬公市,土地,東澳段691~720地號,260.79,住,,,1051101,土地1建物0車位0,,,其他,,,,0.0,0,0,0,有,無,10232000,39235,,0.0,0,,RPSOMLPLJILFFAX27CA
馬公市,土地,東澳段691~720地號,18.83,住,,,1051101,土地1建物0車位0,,,其他,,,,0.0,0,0,0,有,無,580000,30802,,0.0,0,,RPQNMLOLJILFFAX86CA
馬公市,房地(土地+建物),澎湖縣馬公市雞母塢121~150號,886.57,農,,,1051018,土地2建物1車位0,一層，二層，三層，四層，電梯樓梯間,四層,農舍,見其他登記事項,鋼筋混凝土造,0990517,254.74,8,1,8,有,無,10000000,,,0.0,0,,RPQNMLMKKILFFAX66CA
湖西鄉,土地,鼎灣新段661~690地號,5.6,,一般農業區,交通用地,1051117,土地1建物0車位0,,,其他,,,,0.0,0,0,0,有,無,21269,3798,,0.0,0,"澎11號線（鼎灣-成功）道路拓寬工程協議價購(3,800/m2)",RPRNMLOLJILFFAX96CA
湖西鄉,土地,東石新段31~60地號,3.15,,一般農業區,農牧用地,1051118,土地1建物0車位0,,,其他,,,,0.0,0,0,0,有,無,11970,3800,,0.0,0,"澎11號線（鼎灣-成功）道路拓寬工程協議價購(3,800/m2)",RPSNMLOLJILFFAX07CA
湖西鄉,土地,鼎灣新段541~570地號,2.08,,一般農業區,農牧用地,1051019,土地1建物0車位0,,,其他,,,,0.0,0,0,0,有,無,7923,3809,,0.0,0,"澎11號線（鼎灣-成功）道路拓寬工程協議價購(3,800/m2)",RPQNMLMLJILFFAX66CA
湖西鄉,土地,鼎灣新段661~690地號,16.04,,一般農業區,農牧用地,1051019,土地2建物0車位0,,,其他,,,,0.0,0,0,0,有,無,60971,3801,,0.0,0,"澎11號線（鼎灣-成功）道路拓寬工程協議價購(3,800/m2)",RPRNMLMLJILFFAX76CA
馬公市,土地,東澳段691~720地號,27.74,住,,,1051101,土地1建物0車位0,,,其他,,,,0.0,0,0,0,有,無,1072000,38645,,0.0,0,,RPVNMLOLJILFFAX37CA
七美鄉,土地,大嶼段4081~4110地號,382.0,,一般農業區,農牧用地,1051114,土地1建物0車位0,,,其他,,,,0.0,0,0,0,有,無,374360,980,,0.0,0,親友、員工或其他特殊關係間之交易。;親友、員工或其他特殊關係間之交易。,RPWNMLOLJILFFAX47CA
湖西鄉,土地,南寮北段1111~1140地號,905.5,,一般農業區,農牧用地,1051114,土地1建物0車位0,,,其他,,,,0.0,0,0,0,有,無,4656470,5142,,0.0,0,,RPUNMLPLJILFFAX37CA
湖西鄉,房地(土地+建物),澎湖縣湖西鄉湖西121~150號,81.22,,鄉村區,乙種建築用地,1051110,土地1建物1車位0,全,二層,透天厝,住家用,加強磚造,0560505,111.67,5,1,3,有,無,3800000,34029,,0.0,0,,RPUNMLRLJILFFAX57CA
馬公市,土地,馬公段2641~2670地號,97.0,商,,,1051102,土地1建物0車位0,,,其他,,,,0.0,0,0,0,有,無,9682200,99816,,0.0,0,,RPPNMLSLJILFFAX17CA
馬公市,土地,山水南段301~330地號,24.1,,一般農業區,水利用地,1051031,土地1建物0車位0,,,其他,,,,0.0,0,0,0,有,無,367525,15250,,0.0,0,向政府機關承購之案件。;向政府機關承購之案件。,RPPNMLQJKILFFAX96DA
馬公市,土地,埕西段811~840地號,32.37,住,,,1051115,土地1建物0車位0,,,其他,,,,0.0,0,0,0,有,無,2250000,69509,,0.0,0,向政府機關承購之案件。;向政府機關承購之案件。,RPPNMLNLJILFFAX86EA
馬公市,房地(土地+建物),澎湖縣馬公市臨海路1~30號,89.0,商,,,1051107,土地1建物1車位0,全,三層,透天厝,住商用,鋼筋混凝土造,0680305,237.8,5,2,3,有,無,13600000,57191,,0.0,0,,RPXNMLOLJILFFAX57CA
湖西鄉,土地,鼎灣新段661~690地號,5.6,,一般農業區,交通用地,1051122,土地1建物0車位0,,,其他,,,,0.0,0,0,0,有,無,21269,3798,,0.0,0,"澎11號線（鼎灣-成功）道路拓寬工程協議價購(3,800/m2)",RPTNMLOLJILFFAX17CA
湖西鄉,土地,成功北段241~270地號,18.51,,鄉村區,乙種建築用地,1051121,土地5建物0車位0,,,其他,,,,0.0,0,0,0,有,無,106427,5750,,0.0,0,"澎11號線（鼎灣-成功）道路拓寬工程協議價購(交通用地3,800/m2)、(建築用地7,000/m2)",RPRNMLTLJILFFAX47CA
湖西鄉,土地,鼎灣新段661~690地號,5.6,,一般農業區,交通用地,1051122,土地1建物0車位0,,,其他,,,,0.0,0,0,0,有,無,21269,3798,,0.0,0,"澎11號線（鼎灣-成功）道路拓寬工程協議價購(3,800/m2)",RPSNMLTLJILFFAX57CA
湖西鄉,土地,東石新段571~600地號,124.53,,一般農業區,交通用地,1051122,土地2建物0車位0,,,其他,,,,0.0,0,0,0,有,無,473214,3800,,0.0,0,"澎11號線（鼎灣-成功）道路拓寬工程協議價購(3,800/m2)",RPTNMLTLJILFFAX67CA
湖西鄉,土地,白坑段661~690地號,350.49,,一般農業區,農牧用地,1051013,土地1建物0車位0,,,其他,,,,0.0,0,0,0,有,無,390000,1113,,0.0,0,,RPVNMLTLJILFFAX87CA
湖西鄉,土地,白坑段721~750地號,874.24,,一般農業區,農牧用地,1051013,土地2建物0車位0,,,其他,,,,0.0,0,0,0,有,無,970000,1110,,0.0,0,,RPWNMLTLJILFFAX97CA
馬公市,土地,風櫃東段421~450地號,246.37,,風景區,農牧用地,1051116,土地1建物0車位0,,,其他,,,,0.0,0,0,0,有,無,2600000,10553,,0.0,0,,RPWNMLPLJILFFAX57CA
七美鄉,土地,大嶼段5431~5460地號,1886.0,,一般農業區,農牧用地,1051111,土地2建物0車位0,,,其他,,,,0.0,0,0,0,有,無,1820000,965,,0.0,0,,RPXNMLPLJILFFAX67CA
湖西鄉,土地,成功北段241~270地號,18.51,,鄉村區,乙種建築用地,1051117,土地5建物0車位0,,,其他,,,,0.0,0,0,0,有,無,106427,5750,,0.0,0,"澎11號線（鼎灣-成功）道路拓寬工程協議價購(交通用地3,800/m2)、(建築用地7,000/m2)",RPPNMLTLJILFFAX27CA
湖西鄉,房地(土地+建物),澎湖縣湖西鄉湖西31~60號,169.14,,一般農業區,甲種建築用地,1051020,土地2建物1車位0,全,三層,透天厝,住家用,鋼筋混凝土造,0971118,174.1,5,2,4,有,無,4600000,26422,,0.0,0,,RPPNMLOJKILFFAX66CA
白沙鄉,土地,港子段421~450地號,33.0,,一般農業區,農牧用地,1051121,土地1建物0車位0,,,其他,,,,0.0,0,0,0,有,無,160000,4848,,0.0,0,,RPQNMLOJKILFFAX76CA
馬公市,土地,山水南段31~60地號,526.51,,一般農業區,農牧用地,1051114,土地1建物0車位0,,,其他,,,,0.0,0,0,0,有,無,11148200,21174,,0.0,0,,RPTOMLPLJILFFAX37CA
馬公市,土地,山水西段481~510地號,226.11,,一般農業區,甲種建築用地,1051114,土地2建物0車位0,,,其他,,,,0.0,0,0,0,有,無,5600000,24767,,0.0,0,,RPTNMLTKKILFFAX67CA
馬公市,房地(土地+建物),澎湖縣馬公市東衛151~180號,208.84,,一般農業區,甲種建築用地,1051006,土地2建物1車位0,全,二層,透天厝,住家用,鋼筋混凝土造,0940809,273.88,5,2,5,有,無,7000000,25559,,0.0,0,親友、員工或其他特殊關係間之交易。;親友、員工或其他特殊關係間之交易。,RPPNMLKMJILFFAX56DA
馬公市,土地,光榮段331~360地號,308.74,其他,,,1051004,土地2建物0車位0,,,其他,,,,0.0,0,0,0,有,無,5000000,16195,,0.0,0,,RPPNMLOKKILFFAX76CA
馬公市,土地,山水西段151~180地號,13.72,,一般農業區,交通用地,1051020,土地2建物0車位0,,,其他,,,,0.0,0,0,0,有,無,50764,3700,,0.0,0,"山水30高地聯外道路拓寬工程協議價購(農牧用地3,700元/M2)",RPRNMLPJKILFFAX96CA
馬公市,土地,興崁段511~540地號,1452.22,,一般農業區,農牧用地,1051025,土地1建物0車位0,,,其他,,,,0.0,0,0,0,有,無,9320000,6418,,0.0,0,,RPRNMLKMJILFFAX66CA
馬公市,房地(土地+建物)+車位,澎湖縣馬公市三多路331~360號,30.98,住,,,1051116,土地2建物1車位1,十四層,十四層,住宅大樓(11層含以上有電梯),見其他登記事項,鋼筋混凝土造,0950710,190.31,3,2,2,有,有,4300000,22595,坡道平面,0.0,0,土地增值稅由買方繳納,RPUNMLPJKILFFAX27CA
馬公市,土地,馬公段91~120地號,63.0,商,,,1051124,土地1建物0車位0,,,其他,,,,0.0,0,0,0,有,無,11800000,187302,,0.0,0,,RPPNMLLJKILFFAX98CA
馬公市,土地,興崁段571~600地號,2910.18,,一般農業區,農牧用地,1051024,土地1建物0車位0,,,其他,,,,0.0,0,0,0,有,無,16500000,5670,,0.0,0,,RPPNMLMJKILFFAX09CA
馬公市,房地(土地+建物),澎湖縣馬公市東文澳91~120號,164.98,,一般農業區,甲種建築用地,1051021,土地2建物1車位0,全,三層,透天厝,住家用,鋼筋混凝土造,0991103,198.5,4,1,4,有,無,7680000,38690,,0.0,0,,RPSNMLMJKILFFAX76CA
湖西鄉,土地,葉新段541~570地號,262.05,,鄉村區,乙種建築用地,1051123,土地3建物0車位0,,,其他,,,,0.0,0,0,0,有,無,2000000,7632,,0.0,0,,RPTNMLMJKILFFAX86CA
馬公市,土地,馬公段2071~2100地號,4.1,住,,,1051125,土地1建物0車位0,,,其他,,,,0.0,0,0,0,有,無,360000,87805,,0.0,0,,RPRNMLOJKILFFAX86CA
七美鄉,房地(土地+建物),澎湖1~30號,125.3,,鄉村區,乙種建築用地,1051112,土地1建物1車位0,全,四層,透天厝,住家用,鋼筋混凝土造,0890517,296.31,15,3,15,有,無,5000000,16874,,0.0,0,親友、員工或其他特殊關係間之交易。;親友、員工或其他特殊關係間之交易。,RPPNMLPJKILFFAX76CA
湖西鄉,土地,鼎灣新段661~690地號,5.6,,一般農業區,交通用地,1051129,土地1建物0車位0,,,其他,,,,0.0,0,0,0,有,無,21269,3798,,0.0,0,"澎11號線（鼎灣-成功）道路拓寬工程協議價購(3,800/m2)",RPVNMLPJKILFFAX37CA
西嶼鄉,土地,小池角段781~810地號,761.0,,一般農業區,農牧用地,1051119,土地1建物0車位0,,,其他,,,,0.0,0,0,0,有,無,1725000,2267,,0.0,0,,RPXNMLPJKILFFAX57CA
馬公市,土地,興仁段1411~1440地號,39.0,,一般農業區,交通用地,1050801,土地1建物0車位0,,,其他,,,,0.0,0,0,0,有,無,247590,6348,,0.0,0,,RPPNMLQKKILFFAX96CA
馬公市,土地,鐵線段601~630地號,1911.09,,一般農業區,農牧用地,1051122,土地1建物0車位0,,,其他,,,,0.0,0,0,0,有,無,56810000,29726,,0.0,0,農變建持分土地權利人共7人(內含未來興建之成本)5681萬,RPUNMLLLKILFFAX07CA
馬公市,土地,文東段121~150地號,23.7,,一般農業區,水利用地,1051115,土地1建物0車位0,,,其他,,,,0.0,0,0,0,有,無,276816,11680,,0.0,0,向政府機關承購之案件。;向政府機關承購之案件。,RPQNMLPJKILFFAX07EA
西嶼鄉,土地,竹篙灣段3361~3390地號,1923.78,,一般農業區,農牧用地,1051128,土地7建物0車位0,,,其他,,,,0.0,0,0,0,有,無,2356331,1225,,0.0,0,,RPSNMLSLKILFFAX77EA
馬公市,房地(土地+建物),澎湖縣馬公市宅?嶼151~180號,229.77,,一般農業區,甲種建築用地,1051114,土地2建物1車位0,全,三層,透天厝,住家用,鋼筋混凝土造,1030314,241.78,6,1,6,有,無,10000000,41360,,0.0,0,,RPQNMLOKKILFFAX86CA
西嶼鄉,土地,竹灣段1021~1050地號,708.24,,一般農業區,農牧用地,1051118,土地2建物0車位0,,,其他,,,,0.0,0,0,0,有,無,1819850,2570,,0.0,0,,RPOOMLPJKILFFAX76CA
西嶼鄉,土地,二崁南段1201~1230地號,36.1,,風景區,農牧用地,1051030,土地1建物0車位0,,,其他,,,,0.0,0,0,0,有,無,140000,3878,,0.0,0,,RPPOMLPJKILFFAX86CA
馬公市,土地,海堤段601~630地號,36.89,住,,,1051020,土地1建物0車位0,,,其他,,,,0.0,0,0,0,有,無,279000,7563,,0.0,0,親友、員工或其他特殊關係間之交易。;親友、員工或其他特殊關係間之交易。,RPQOMLPJKILFFAX96CA
湖西鄉,土地,鼎灣新段661~690地號,5.6,,一般農業區,交通用地,1051129,土地1建物0車位0,,,其他,,,,0.0,0,0,0,有,無,21269,3798,,0.0,0,"澎11號線（鼎灣-成功）道路拓寬工程協議價購(3,800/m2)",RPWNMLPJKILFFAX47CA
湖西鄉,土地,湖西北段541~570地號,285.06,,一般農業區,農牧用地,1051130,土地1建物0車位0,,,其他,,,,0.0,0,0,0,有,無,700000,2456,,0.0,0,,RPQNMLQJKILFFAX17EA
馬公市,土地,馬公段1771~1800地號,4.0,住,,,1051123,土地1建物0車位0,,,其他,,,,0.0,0,0,0,有,無,460000,115000,,0.0,0,,RPTNMLQJKILFFAX37DA
馬公市,房地(土地+建物),澎湖縣馬公市朝陽里10鄰四維路151~180號,91.24,住,,,1051110,土地1建物1車位0,全,二層,透天厝,住家用,鋼筋混凝土加強磚造,0670627,82.76,3,2,2,有,無,4800000,57999,,0.0,0,,RPPNMLRJKILFFAX07DA
馬公市,房地(土地+建物),澎湖縣馬公市三多路31~60號,28.53,住,,,1051128,土地2建物1車位0,一層,十層,華廈(10層含以下有電梯),住家用,鋼筋混凝土造,0850215,168.39999999999998,4,2,2,有,有,5000000,29691,,0.0,0,,RPPNMLLKKILFFAX56DA
馬公市,土地,五福段511~540地號,252.44,,一般農業區,甲種建築用地,1051115,土地2建物0車位0,,,其他,,,,0.0,0,0,0,有,無,19000000,75265,,0.0,0,農變建之起造人變更含未來興建房屋價款,RPUNMLOKKILFFAX37DA
馬公市,土地,四維段571~600地號,955.64,,一般農業區,農牧用地,1051121,土地1建物0車位0,,,其他,,,,0.0,0,0,0,有,無,21750000,22760,,0.0,0,,RPOOMLLLKILFFAX66DA
馬公市,房地(土地+建物)+車位,澎湖縣馬公市朝陽路61~90號,33.9,住,,,1051122,土地1建物1車位1,六層,七層,華廈(10層含以下有電梯),住家用,鋼筋混凝土造,0840426,168.14,4,1,2,有,無,5600000,33306,升降機械,0.0,0,,RPQNMLRJKILFFAX07CA
馬公市,土地,興仁段31~60地號,398.0,,鄉村區,乙種建築用地,1051115,土地1建物0車位0,,,其他,,,,0.0,0,0,0,有,無,3500000,8794,,0.0,0,,RPRNMLRJKILFFAX17CA
湖西鄉,土地,湖西南段1501~1530地號,643.75,,一般農業區,農牧用地,1051205,土地1建物0車位0,,,其他,,,,0.0,0,0,0,有,無,2530000,3930,,0.0,0,,RPTNMLRJKILFFAX37CA
湖西鄉,土地,成功南段1321~1350地號,4264.76,,一般農業區,農牧用地,1051107,土地1建物0車位0,,,其他,,,,0.0,0,0,0,有,無,31250000,7327,,0.0,0,,RPPOMLLLKILFFAX66CA
馬公市,房地(土地+建物),澎湖縣馬公市東文澳151~180號,52.14,,一般農業區,甲種建築用地,1051130,土地1建物1車位0,全,四層,透天厝,國民住宅,鋼筋混凝土加強磚造,0750125,149.8,3,3,3,有,無,4200000,28037,,0.0,0,,RPRNMLKLKILFFAX66CA
馬公市,土地,光榮段301~330地號,2122.22,其他,,,1051110,土地1建物0車位0,,,其他,,,,0.0,0,0,0,有,無,40444207,19057,,0.0,0,(包含)公共設施保留地之交易。,RPPNMLLLKILFFAX56CA
湖西鄉,土地,紅羅段2251~2280地號,1634.09,,一般農業區,農牧用地,1051125,土地1建物0車位0,,,其他,,,,0.0,0,0,0,有,無,2470000,1512,,0.0,0,,RPPNMLMKKILFFAX56CA
西嶼鄉,土地,池西段901~930地號,272.84,,鄉村區,乙種建築用地,1051130,土地1建物0車位0,,,其他,,,,0.0,0,0,0,有,無,1380000,5058,,0.0,0,,RPSNMLRJKILFFAX27CA
馬公市,土地,海堤段841~870地號,30.95,住,,,1051125,土地1建物0車位0,,,其他,,,,0.0,0,0,0,有,無,401112,12960,,0.0,0,向政府機關承購之案件。;向政府機關承購之案件。,RPPNMLSJKILFFAX27EA
馬公市,土地,興崁段1171~1200地號,543.08,,一般農業區,農牧用地,1051125,土地1建物0車位0,,,其他,,,,0.0,0,0,0,有,無,7340000,13516,,0.0,0,,RPQNMLLKKILFFAX66DA
馬公市,土地,國宅段91~120地號,1566.02,,一般農業區,農牧用地,1051202,土地1建物0車位0,,,其他,,,,0.0,0,0,0,有,無,7000000,4470,,0.0,0,,RPSNMLMKKILFFAX86CA
馬公市,土地,四維段601~630地號,99.82,,一般農業區,農牧用地,1051201,土地1建物0車位0,,,其他,,,,0.0,0,0,0,有,無,2110000,21138,,0.0,0,,RPPNMLTJKILFFAX17CA
馬公市,土地,五德東段211~240地號,208.87,,一般農業區,農牧用地,1051206,土地1建物0車位0,,,其他,,,,0.0,0,0,0,有,無,600000,2873,,0.0,0,,RPWNMLMKKILFFAX27CA
湖西鄉,土地,湖西南段721~750地號,59.55,,鄉村區,乙種建築用地,1051105,土地1建物0車位0,,,其他,,,,0.0,0,0,0,有,無,500000,8396,,0.0,0,親友、員工或其他特殊關係間之交易。;親友、員工或其他特殊關係間之交易。,RPSNMLOKKILFFAX07CA
馬公市,土地,北極段661~690地號,1479.38,住,,,1051115,土地2建物0車位0,,,其他,,,,0.0,0,0,0,有,無,22370000,15121,,0.0,0,,RPQNMLQKKILFFAX07CA
馬公市,土地,鐵線段451~480地號,930.02,,一般農業區,農牧用地,1051202,土地1建物0車位0,,,其他,,,,0.0,0,0,0,有,無,8250000,8871,,0.0,0,,RPUNMLMKKILFFAX07CA
馬公市,土地,國宅段91~120地號,824.66,,一般農業區,農牧用地,1051202,土地1建物0車位0,,,其他,,,,0.0,0,0,0,有,無,7000000,8488,,0.0,0,,RPVNMLMKKILFFAX17CA
白沙鄉,土地,後寮段451~480地號,553.0,,一般農業區,農牧用地,1051031,土地1建物0車位0,,,其他,,,,0.0,0,0,0,有,無,4700000,8499,,0.0,0,,RPROMLLLKILFFAX86CA
馬公市,土地,山水北段481~510地號,304.24,,一般農業區,農牧用地,1051025,土地2建物0車位0,,,其他,,,,0.0,0,0,0,有,無,3350000,11011,,0.0,0,,RPQNMLMLKILFFAX76CA
馬公市,房地(土地+建物),澎湖縣馬公市光明里23鄰信義路9巷1~30號,79.0,住,,,1051109,土地2建物1車位0,全,三層,透天厝,住商用,鋼筋混凝土造,0750404,159.98,3,1,3,有,無,3800000,23753,,0.0,0,,RPQNMLNKKILFFAX86DA
西嶼鄉,土地,合界段1351~1380地號,390.07,,一般農業區,農牧用地,1051206,土地2建物0車位0,,,其他,,,,0.0,0,0,0,有,無,429077,1100,,0.0,0,,RPTNMLSLKILFFAX87EA
湖西鄉,土地,葉新段1831~1860地號,678.59,,一般農業區,農牧用地,1050828,土地1建物0車位0,,,其他,,,,0.0,0,0,0,有,無,1230000,1813,,0.0,0,,RPQNMLQLKILFFAX17CA
馬公市,土地,光榮段361~390地號,1392.1,其他,,,1051114,土地3建物0車位0,,,其他,,,,0.0,0,0,0,有,無,26500000,19036,,0.0,0,,RPSNMLPJJHMFFAX96CA
馬公市,土地,五福段511~540地號,233.08,,一般農業區,甲種建築用地,1051130,土地2建物0車位0,,,其他,,,,0.0,0,0,0,有,無,17800000,76369,,0.0,0,農變建之起造人變更含未來興建房屋價款,RPTNMLOKKILFFAX17CA
湖西鄉,土地,東石新段421~450地號,2.64,,鄉村區,乙種建築用地,1051208,土地1建物0車位0,,,其他,,,,0.0,0,0,0,有,無,18480,7000,,0.0,0,"澎11號線（鼎灣-成功）道路拓寬工程協議價購(建築用地7,000/m2)",RPRNMLNKKILFFAX86CA
西嶼鄉,土地,橫礁段601~630地號,470.0,,風景區,農牧用地,1051201,土地1建物0車位0,,,其他,,,,0.0,0,0,0,有,無,2880000,6128,,0.0,0,,RPPNMLPKKILFFAX86CA
望安鄉,房地(土地+建物),澎湖縣望安鄉中社91~120號,590.33,,一般農業區,農牧用地,1051128,土地6建物1車位0,一層,一層,其他,住家用,見其他登記事項,0200101,19.33,0,0,0,無,無,600000,31040,,0.0,0,親友、員工或其他特殊關係間之交易。;二親等間買賣,RPPNMLTKKILFFAX27CA
馬公市,土地,興仁段301~330地號,224.91,,一般農業區,甲種建築用地,1051130,土地2建物0車位0,,,其他,,,,0.0,0,0,0,有,無,8150000,36237,,0.0,0,包含未來興建房屋之建築費用,RPRNMLQKKILFFAX27DA
馬公市,房地(土地+建物),澎湖縣馬公市貿商街121~150號,28.82,住,,,1051021,土地2建物1車位0,四層,十四層,住宅大樓(11層含以上有電梯),見其他登記事項,鋼筋混凝土造,0950710,177.19,4,2,2,有,無,3000000,16931,,0.0,0,親屬間買賣,RPTNMLQJJHMFFAX17CA
湖西鄉,土地,成功北段511~540地號,111.67,,一般農業區,農牧用地,1051130,土地1建物0車位0,,,其他,,,,0.0,0,0,0,有,無,170000,1522,,0.0,0,親友、員工或其他特殊關係間之交易。;親友、員工或其他特殊關係間之交易(母女之間)。,RPSNMLTKKILFFAX57CA
白沙鄉,土地,吉貝西段841~870地號,414.66,,鄉村區,乙種建築用地,1051121,土地2建物0車位0,,,其他,,,,0.0,0,0,0,有,無,1360000,3280,,0.0,0,,RPRNMLPKKILFFAX07CA
馬公市,土地,山水北段241~270地號,724.31,,一般農業區,農牧用地,1051203,土地2建物0車位0,,,其他,,,,0.0,0,0,0,有,無,5100000,7041,,0.0,0,,RPTNMLQKKILFFAX37CA
白沙鄉,房地(土地+建物),澎湖縣白沙鄉國宅社區1~30號,185.27,住,,,1051125,土地6建物1車位0,全,二層,透天厝,住家用,鋼筋混凝土加強磚造,0821015,128.48,4,2,2,有,無,3060000,23817,,0.0,0,,RPVNMLQKKILFFAX57CA
馬公市,土地,山水西段361~390地號,0.09,,一般農業區,交通用地,1051213,土地1建物0車位0,,,其他,,,,0.0,0,0,0,有,無,345,0,,0.0,0,"山水30高地聯外道拓寬工程協議價購(農牧用地3,700元/M2)",RPQNMLLLKILFFAX66CA
馬公市,土地,山水西段361~390地號,0.09,,一般農業區,交通用地,1051213,土地1建物0車位0,,,其他,,,,0.0,0,0,0,有,無,345,0,,0.0,0,"山水30高地聯外道路拓寬工程協議價購(農牧用地3,700元/M2)",RPRNMLLLKILFFAX76CA
馬公市,土地,五德東段181~210地號,1796.87,,風景區,農牧用地,1051214,土地3建物0車位0,,,其他,,,,0.0,0,0,0,有,無,17500000,9739,,0.0,0,,RPTNMLLLKILFFAX96CA
馬公市,房地(土地+建物)+車位,澎湖縣馬公市陽明路61~90號,25.84,住,,,1051206,土地2建物1車位1,六層,七層,華廈(10層含以下有電梯),住家用,鋼筋混凝土造,0880515,151.57999999999998,3,2,2,有,無,6000000,39583,升降機械,0.0,0,,RPQNMLKLKILFFAX56CA
湖西鄉,土地,湖西南段2701~2730地號,684.71,,一般農業區,農牧用地,1051120,土地1建物0車位0,,,其他,,,,0.0,0,0,0,有,無,821664,1200,,0.0,0,受債權債務影響或債務抵償之交易。;受債權債務影響或債務抵償之交易。,RPRNMLMLKILFFAX86CA
馬公市,房地(土地+建物),澎湖縣馬公市成功街6巷1~30號,29.31,住,,,1051128,土地1建物1車位0,全,一層,透天厝,住家用,見其他登記事項,0550919,9.94,1,2,1,有,無,1150000,115694,,0.0,0,,RPPNMLNLKILFFAX76CA
馬公市,土地,興崁段781~810地號,1241.66,,一般農業區,農牧用地,1051201,土地1建物0車位0,,,其他,,,,0.0,0,0,0,有,無,25850000,20819,,0.0,0,,RPSNMLTLKILFFAX77DA
湖西鄉,土地,湖西南段1051~1080地號,704.59,,一般農業區,農牧用地,1051025,土地1建物0車位0,,,其他,,,,0.0,0,0,0,有,無,2131394,3025,,0.0,0,親友、員工或其他特殊關係間之交易。;親友、員工或其他特殊關係間之交易。,RPUNMLTLKILFFAX97DA
馬公市,土地,山水西段361~390地號,0.09,,一般農業區,交通用地,1051213,土地1建物0車位0,,,其他,,,,0.0,0,0,0,有,無,346,0,,0.0,0,"山水30高地聯外道路拓寬工程協議價購(農牧用地3,700元/M2)",RPSNMLLLKILFFAX86CA
湖西鄉,土地,尖山南段811~840地號,578.25,,一般農業區,農牧用地,1051209,土地6建物0車位0,,,其他,,,,0.0,0,0,0,有,無,450000,778,,0.0,0,受債權債務影響或債務抵償之交易。;受債權債務影響或債務抵償之交易。,RPXNMLLLKILFFAX47DA
馬公市,房地(土地+建物),澎湖縣馬公市成功街1~30號,112.28,住,,,1051028,土地1建物1車位0,全,四層,透天厝,住商用,鋼筋混凝土造,1030613,325.89,5,2,6,有,無,19000000,58302,,0.0,0,,RPPNMLQLKILFFAX17DA
馬公市,土地,西澳段241~270地號,41.19,其他,,,1051220,土地1建物0車位0,,,其他,,,,0.0,0,0,0,有,無,1247398,30284,,0.0,0,都市計畫道路用地協議價購(30284元/m2）,RPRNMLSLKILFFAX57DA
馬公市,土地,鎖港西段991~1020地號,834.13,,一般農業區,農牧用地,1051114,土地1建物0車位0,,,其他,,,,0.0,0,0,0,有,無,6000000,7193,,0.0,0,,RPWNMLLLKILFFAX27CA
馬公市,房地(土地+建物),澎湖縣馬公市西衛361~390號,203.34,,一般農業區,甲種建築用地,1051201,土地2建物1車位0,全,三層,透天厝,住家用,鋼筋混凝土造,1050311,269.2,6,1,7,有,無,13000000,48291,,0.0,0,,RPPOMLSLKILFFAX47DA
馬公市,房地(土地+建物),澎湖縣馬公市西衛里241~270號,133.72,,一般農業區,甲種建築用地,1051130,土地2建物1車位0,全,三層,透天厝,住家用,鋼筋混凝土造,0880901,206.01,4,1,4,有,無,6500000,31552,,0.0,0,,RPQNMLPJJHMFFAX86DA
馬公市,土地,井垵西段421~450地號,549.05,,一般農業區,農牧用地,1051216,土地1建物0車位0,,,其他,,,,0.0,0,0,0,有,無,2500000,4553,,0.0,0,,RPSNMLMLKILFFAX96CA
馬公市,房地(土地+建物),澎湖縣馬公市文昌街4巷1~30號,80.48,住,,,1051213,土地1建物1車位0,全,二層,透天厝,住家用,鋼筋混凝土加強磚造,0670330,77.88,5,1,5,有,無,6880000,88341,,0.0,0,,RPTNMLMLKILFFAX07CA
馬公市,土地,烏崁新段781~810地號,301.11,,一般農業區,農牧用地,1051206,土地1建物0車位0,,,其他,,,,0.0,0,0,0,有,無,2000000,6642,,0.0,0,,RPPNMLMLKILFFAX66CA
湖西鄉,土地,城北段331~360地號,3308.63,,一般農業區,殯葬用地,1051213,土地2建物0車位0,,,其他,,,,0.0,0,0,0,有,無,20000000,6045,,0.0,0,,RPVNMLLLKILFFAX17CA
湖西鄉,房地(土地+建物),澎湖縣湖西鄉良文港31~60號,259.14,,鄉村區,乙種建築用地,1051209,土地1建物1車位0,全,一層,透天厝,住家用,見其他登記事項,0140101,134.05,0,0,0,無,無,1600000,11936,,0.0,0,格局不明，屋況不堪，預備拆除,RPPNMLQJJHMFFAX76CA
馬公市,土地,鎖港西段91~120地號,456.49,住,,,1051219,土地3建物0車位0,,,其他,,,,0.0,0,0,0,有,無,7318240,16032,,0.0,0,,RPQNMLMKJHMFFAX66DA
白沙鄉,土地,瓦硐段1681~1710地號,989.0,,風景區,農牧用地,1051115,土地2建物0車位0,,,其他,,,,0.0,0,0,0,有,無,1500000,1517,,0.0,0,,RPPNMLQKJHMFFAX96DA
馬公市,土地,文東段121~150地號,13.9,,一般農業區,水利用地,1051122,土地1建物0車位0,,,其他,,,,0.0,0,0,0,有,無,162352,11680,,0.0,0,向政府機關承購之案件。;向政府機關承購之案件。,RPPNMLSLKILFFAX47EA
望安鄉,土地,東吉段871~900地號,229.0,,鄉村區,乙種建築用地,1051108,土地1建物0車位0,,,其他,,,,0.0,0,0,0,有,無,9160,40,,0.0,0,向政府機關承購之案件。;向政府機關承購之案件。,RPQNMLSLKILFFAX57EA
湖西鄉,土地,鼎灣新段361~390地號,115.07,,鄉村區,乙種建築用地,1051128,土地1建物0車位0,,,其他,,,,0.0,0,0,0,有,無,600000,5214,,0.0,0,親友、員工或其他特殊關係間之交易。;親友、員工或其他特殊關係間之交易。,RPRNMLTLKILFFAX77EA
馬公市,土地,西澳段151~180地號,89.35,住,,,1051214,土地1建物0車位0,,,其他,,,,0.0,0,0,0,有,無,17860000,199888,,0.0,0,"權利人數3人,含未來興建房屋之費用",RPTNMLNLKILFFAX17CA
馬公市,房地(土地+建物),澎湖縣馬公市文明路61~90號,26.88,住,,,1051210,土地3建物1車位0,一層,七層,華廈(10層含以下有電梯),住家用,鋼筋混凝土造,0841208,86.23,3,1,2,有,無,4300000,49867,,0.0,0,,RPQNMLRLKILFFAX27CA
馬公市,房地(土地+建物),澎湖縣馬公市鎖管港1~30號,100.67,住,,,1051220,土地1建物1車位0,全,三層,透天厝,住家用,鋼筋混凝土造,0830525,179.26,4,2,3,有,無,4800000,26777,,0.0,0,,RPXNMLSLKILFFAX08CA
馬公市,房地(土地+建物),澎湖縣馬公市東衛151~180號,119.06,,鄉村區,乙種建築用地,1051213,土地2建物1車位0,全,三層,透天厝,住家用,鋼筋混凝土造,0840610,198.34,4,2,5,有,無,3500000,17646,,0.0,0,賣方賣清價,RPPNMLTLKILFFAX47DA
馬公市,土地,海堤段331~360地號,36.29,住,,,1051214,土地2建物0車位0,,,其他,,,,0.0,0,0,0,有,無,431125,11880,,0.0,0,向政府機關承購之案件。;向政府機關承購之案件。,RPQNMLTLKILFFAX67EA
馬公市,土地,東澳段1171~1200地號,39.14,農,,,1051201,土地8建物0車位0,,,其他,,,,0.0,0,0,0,有,無,500000,12775,,0.0,0,,RPQNMLQJJHMFFAX86CA
馬公市,房地(土地+建物),澎湖縣馬公市西文澳31~60號,29.76,住,,,1051210,土地1建物1車位0,三層,五層,公寓(5樓含以下無電梯),住家用,鋼筋混凝土造,0840322,94.52,3,1,2,有,有,3860000,40838,,0.0,0,,RPOOMLSLKILFFAX27CA
西嶼鄉,土地,大池段1351~1380地號,16.88,,鄉村區,乙種建築用地,1051219,土地1建物0車位0,,,其他,,,,0.0,0,0,0,有,無,51000,3021,,0.0,0,,RPUNMLSLKILFFAX77CA
馬公市,土地,鎖港南段871~900地號,259.02,住,,,1051217,土地1建物0車位0,,,其他,,,,0.0,0,0,0,有,無,3800000,14671,,0.0,0,,RPVNMLSLKILFFAX87CA
馬公市,土地,山水東段691~720地號,869.34,,一般農業區,農牧用地,1051115,土地1建物0車位0,,,其他,,,,0.0,0,0,0,有,無,5040000,5798,,0.0,0,,RPWNMLSLKILFFAX97CA
湖西鄉,房地(土地+建物),澎湖縣湖西鄉鼎灣1~30號,142.35,,鄉村區,乙種建築用地,1051213,土地1建物1車位0,全,三層,透天厝,住家用,鋼筋混凝土造,1050829,225.1,5,1,4,有,無,6100000,27099,,0.0,0,親友、員工或其他特殊關係間之交易。;親友、員工或其他特殊關係間之交易。,RPSNMLTLKILFFAX87EA
馬公市,土地,文光段871~900地號,8.23,住,,,1051212,土地1建物0車位0,,,其他,,,,0.0,0,0,0,有,無,544744,66190,,0.0,0,向政府機關承購之案件。;向政府機關承購之案件。,RPTNMLTLKILFFAX97EA
白沙鄉,土地,後寮段811~840地號,509.78,,一般農業區,農牧用地,1051223,土地1建物0車位0,,,其他,,,,0.0,0,0,0,有,無,50000,98,,0.0,0,親友、員工或其他特殊關係間之交易。;親友、員工或其他特殊關係間之交易。,RPPNMLKMKILFFAX76EA
馬公市,房地(土地+建物),澎湖縣馬公市石泉61~90號,54.39,,鄉村區,乙種建築用地,1051213,土地2建物1車位0,一層,五層,公寓(5樓含以下無電梯),見其他登記事項,鋼筋混凝土造,1051031,148.21,4,2,3,有,無,4900000,33061,,0.0,0,,RPSNMLMKJHMFFAX76CA
馬公市,房地(土地+建物),澎湖縣馬公市石泉61~90號,27.77,,鄉村區,乙種建築用地,1051213,土地2建物1車位0,二層,五層,公寓(5樓含以下無電梯),見其他登記事項,鋼筋混凝土造,1051031,81.09,2,2,2,有,無,2750000,33913,,0.0,0,,RPTNMLMKJHMFFAX86CA
馬公市,房地(土地+建物),澎湖縣馬公市石泉61~90號,30.96,,鄉村區,乙種建築用地,1051213,土地2建物1車位0,二層,五層,公寓(5樓含以下無電梯),見其他登記事項,鋼筋混凝土造,1051031,79.71,2,2,2,有,無,2680000,33622,,0.0,0,,RPUNMLMKJHMFFAX96CA
馬公市,房地(土地+建物),澎湖縣馬公市石泉61~90號,27.77,,鄉村區,乙種建築用地,1051213,土地2建物1車位0,三層,五層,公寓(5樓含以下無電梯),見其他登記事項,鋼筋混凝土造,1051031,81.09,2,2,2,有,無,3800000,46862,,0.0,0,,RPVNMLMKJHMFFAX07CA
馬公市,房地(土地+建物),澎湖縣馬公市石泉61~90號,30.96,,鄉村區,乙種建築用地,1051213,土地2建物1車位0,三層,五層,公寓(5樓含以下無電梯),見其他登記事項,鋼筋混凝土造,1051031,79.71,2,2,2,有,無,2980000,37386,,0.0,0,,RPWNMLMKJHMFFAX17CA
馬公市,房地(土地+建物),澎湖縣馬公市石泉61~90號,30.96,,鄉村區,乙種建築用地,1051213,土地2建物1車位0,四層,五層,公寓(5樓含以下無電梯),見其他登記事項,鋼筋混凝土造,1051031,79.71,2,2,2,有,無,2900000,36382,,0.0,0,,RPXNMLMKJHMFFAX27CA
馬公市,房地(土地+建物),澎湖縣馬公市石泉61~90號,27.77,,鄉村區,乙種建築用地,1051213,土地2建物1車位0,四層,五層,公寓(5樓含以下無電梯),見其他登記事項,鋼筋混凝土造,1051031,81.09,2,2,2,有,無,2980000,36749,,0.0,0,,RPOOMLMKJHMFFAX09CA
馬公市,房地(土地+建物),澎湖縣馬公市石泉61~90號,27.77,,鄉村區,乙種建築用地,1051213,土地2建物1車位0,五層,五層,公寓(5樓含以下無電梯),見其他登記事項,鋼筋混凝土造,1051031,81.09,2,2,2,有,無,3680000,45382,,0.0,0,,RPPOMLMKJHMFFAX56CA
馬公市,房地(土地+建物),澎湖縣馬公市石泉61~90號,30.96,,鄉村區,乙種建築用地,1051213,土地2建物1車位0,五層,五層,公寓(5樓含以下無電梯),見其他登記事項,鋼筋混凝土造,1051031,79.71,2,2,2,有,無,3200000,40146,,0.0,0,,RPQOMLMKJHMFFAX66CA
西嶼鄉,房地(土地+建物),澎湖縣西嶼鄉外垵31~60號,196.56,,一般農業區,甲種建築用地,1051216,土地2建物1車位0,全,三層,透天厝,住家用,鋼筋混凝土造,0900925,199.49,4,2,5,有,無,4800000,24061,,0.0,0,,RPPNMLPJJHMFFAX66CA
馬公市,房地(土地+建物),澎湖縣馬公市三多路121~150號,95.43,住,,,1051213,土地1建物1車位0,全,四層,透天厝,住商用,鋼筋混凝土造,0730424,180.6,5,1,3,有,無,15800000,87486,,0.0,0,,RPPNMLNJJHMFFAX09CA
馬公市,土地,文東段1771~1800地號,234.16,,一般農業區,甲種建築用地,1051128,土地2建物0車位0,,,其他,,,,0.0,0,0,0,有,無,9260000,39546,,0.0,0,變更起造人，含未來興建房屋之價格。,RPQNMLOJJHMFFAX66CA
馬公市,土地,井垵西段421~450地號,320.57,,一般農業區,農牧用地,1051224,土地1建物0車位0,,,其他,,,,0.0,0,0,0,有,無,1000000,3119,,0.0,0,,RPPNMLOJJHMFFAX56CA
馬公市,土地,文寮段571~600地號,151.08,,一般農業區,水利用地,1051209,土地1建物0車位0,,,其他,,,,0.0,0,0,0,有,無,1664902,11020,,0.0,0,向政府機關承購之案件。;向政府機關承購之案件。,RPQNMLKMKILFFAX86EA
馬公市,土地,鎖港南段361~390地號,658.68,,一般農業區,農牧用地,1051215,土地7建物0車位0,,,其他,,,,0.0,0,0,0,有,無,5580000,8471,,0.0,0,,RPUNMLRKJHMFFAX57DA
馬公市,房地(土地+建物),澎湖縣馬公市臨海路海關巷1~30號,96.0,商,,,1051116,土地1建物1車位0,全,三層,透天厝,住家用,鋼筋混凝土加強磚造,0640115,147.92,4,2,3,有,無,3240000,21904,,0.0,0,親友、員工或其他特殊關係間之交易。;親友、員工或其他特殊關係間之交易。,RPQNMLNJJHMFFAX66DA
馬公市,房地(土地+建物),澎湖縣馬公市雞母塢181~210號,329.9,,一般農業區,甲種建築用地,1051220,土地1建物1車位0,全,一層,透天厝,住家用,加強磚造,1031217,141.45,4,1,4,有,無,7000000,49487,,0.0,0,,RPWNMLRKJHMFFAX67CA
西嶼鄉,土地,小池角段3421~3450地號,267.0,,鄉村區,乙種建築用地,1051214,土地1建物0車位0,,,其他,,,,0.0,0,0,0,有,無,1211000,4536,,0.0,0,,RPRNMLQJJHMFFAX96CA
馬公市,房地(土地+建物),澎湖縣馬公市光復路5巷8弄1~30號,21.15,商,,,1051226,土地1建物1車位0,一層，騎樓,五層,公寓(5樓含以下無電梯),住商用,鋼筋混凝土加強磚造,0661111,82.21,3,1,1,有,無,2600000,31626,,0.0,0,,RPRNMLOJJHMFFAX76CA
馬公市,土地,國宅段331~360地號,1238.77,住,,,1051209,土地1建物0車位0,,,其他,,,,0.0,0,0,0,有,無,13864640,11192,,0.0,0,,RPRNMLPJJHMFFAX86CA
馬公市,土地,文寮段991~1020地號,578.96,,鄉村區,乙種建築用地,1051208,土地1建物0車位0,,,其他,,,,0.0,0,0,0,有,無,11862960,20490,,0.0,0,,RPPNMLMJKHMFFAX09CA
馬公市,房地(土地+建物),澎湖縣馬公市大智街18巷20弄1~30號,44.0,商,,,1051227,土地1建物1車位0,全,四層,透天厝,住商用,鋼筋混凝土加強磚造,0690213,147.2,3,1,3,有,無,7000000,47554,,0.0,0,,RPTNMLKLJHMFFAX76CA
馬公市,土地,井垵西段121~150地號,412.19,,風景區,農牧用地,1051215,土地1建物0車位0,,,其他,,,,0.0,0,0,0,有,無,1246800,3025,,0.0,0,,RPPNMLTJJHMFFAX07CA
馬公市,房地(土地+建物),澎湖縣馬公市林森路31~60號,18.55,其他,,,1051221,土地2建物1車位0,五層,八層,華廈(10層含以下有電梯),住家用,鋼筋混凝土造,0850202,134.53,3,1,2,有,有,4260000,31666,,0.0,0,,RPRNMLTJJHMFFAX27CA
馬公市,土地,西澳段961~990地號,71.23,住,,,1051230,土地1建物0車位0,,,其他,,,,0.0,0,0,0,有,無,1843004,25874,,0.0,0,,RPOOMLRKJHMFFAX96CA
馬公市,土地,五福段511~540地號,762.39,,一般農業區,農牧用地,1051214,土地1建物0車位0,,,其他,,,,0.0,0,0,0,有,無,13836000,18148,,0.0,0,,RPRNMLTKJHMFFAX37CA
馬公市,房地(土地+建物)+車位,澎湖縣馬公市中華路211~240號,29.26,住,,,1051221,土地2建物1車位1,四層,七層,華廈(10層含以下有電梯),住家用,鋼筋混凝土造,0821119,155.11,3,2,2,有,無,5080000,32751,坡道平面,0.0,0,,RPPNMLNKJHMFFAX66DA
白沙鄉,土地,赤崁北段121~150地號,136.65,,鄉村區,乙種建築用地,1051210,土地1建物0車位0,,,其他,,,,0.0,0,0,0,有,無,669572,4900,,0.0,0,,RPSNMLKLJHMFFAX76DA
馬公市,土地,山水南段211~240地號,141.16,,鄉村區,乙種建築用地,1051225,土地1建物0車位0,,,其他,,,,0.0,0,0,0,有,無,1370000,9705,,0.0,0,,RPPNMLMKJHMFFAX66EA
馬公市,土地,文光段391~420地號,136.37,住,,,1051220,土地2建物0車位0,,,其他,,,,0.0,0,0,0,有,無,9998168,73316,,0.0,0,,RPRNMLRKJHMFFAX17CA
馬公市,房地(土地+建物)+車位,澎湖縣馬公市朝陽路61~90號,24.04,住,,,1051223,土地4建物1車位1,六層,七層,華廈(10層含以下有電梯),住家用,鋼筋混凝土造,0830509,134.55,2,1,2,有,有,3980000,29580,升降機械,0.0,0,,RPSNMLNKJHMFFAX86CA
湖西鄉,土地,紅羅段181~210地號,1092.68,,一般農業區,農牧用地,1050910,土地1建物0車位0,,,其他,,,,0.0,0,0,0,有,無,2000000,1830,,0.0,0,,RPPNMLPLJHMFFAX86CA
馬公市,房地(土地+建物),澎湖縣馬公市六合路61~90號,36.73,住,,,1051230,土地1建物1車位0,五層，夾層,五層,公寓(5樓含以下無電梯),住家用,鋼筋混凝土造,0861206,126.44,4,1,2,有,無,1744024,13793,,0.0,0,親友、員工或其他特殊關係間之交易。;親友、員工或其他特殊關係間之交易。,RPPNMLQLJHMFFAX96CA
湖西鄉,土地,林投南段31~60地號,96.9,,一般農業區,農牧用地,1051223,土地1建物0車位0,,,其他,,,,0.0,0,0,0,有,無,439000,4530,,0.0,0,,RPQNMLQKJHMFFAX96CA
湖西鄉,土地,林投南段1~30地號,493.8,,一般農業區,農牧用地,1051223,土地1建物0車位0,,,其他,,,,0.0,0,0,0,有,無,2350000,4759,,0.0,0,,RPRNMLQKJHMFFAX07CA
馬公市,土地,興崁段1051~1080地號,1028.57,,一般農業區,農牧用地,1051216,土地1建物0車位0,,,其他,,,,0.0,0,0,0,有,無,5000000,4861,,0.0,0,,RPQNMLRKJHMFFAX07CA
湖西鄉,土地,潭邊新段361~390地號,281.25,,一般農業區,農牧用地,1051231,土地1建物0車位0,,,其他,,,,0.0,0,0,0,有,無,900000,3200,,0.0,0,,RPRNMLMKJHMFFAX66CA
湖西鄉,土地,成功南段751~780地號,348.23,,一般農業區,農牧用地,1051231,土地1建物0車位0,,,其他,,,,0.0,0,0,0,有,無,1800000,5169,,0.0,0,,RPRNMLNKJHMFFAX76CA
湖西鄉,土地,林投南段91~120地號,98.2,,一般農業區,農牧用地,1051230,土地1建物0車位0,,,其他,,,,0.0,0,0,0,有,無,108016,1100,,0.0,0,親友、員工或其他特殊關係間之交易。;親友、員工或其他特殊關係間之交易。,RPSNMLQKJHMFFAX37EA
白沙鄉,土地,講美段271~300地號,124.33,,鄉村區,乙種建築用地,1051231,土地1建物0車位0,,,其他,,,,0.0,0,0,0,有,無,455000,3660,,0.0,0,土地增值稅及移轉相關費用由權利人負擔,RPPNMLNJKHMFFAX66DA
湖西鄉,土地,沙港北段661~690地號,50.96,,鄉村區,乙種建築用地,1051229,土地1建物0車位0,,,其他,,,,0.0,0,0,0,有,無,132496,2600,,0.0,0,,RPVNMLRKJHMFFAX67DA
馬公市,土地,光榮段691~720地號,19.22,住,,,1051231,土地1建物0車位0,,,其他,,,,0.0,0,0,0,有,無,600000,31217,,0.0,0,,RPRNMLSKJHMFFAX37DA
西嶼鄉,土地,二崁北段1171~1200地號,6638.4,,一般農業區,農牧用地,1051229,土地11建物0車位0,,,其他,,,,0.0,0,0,0,有,無,2352669,354,,0.0,0,親友、員工或其他特殊關係間之交易。;親友、員工或其他特殊關係間之交易。,RPTNMLQKJHMFFAX47EA
白沙鄉,土地,講美段1561~1590地號,672.63,,一般農業區,農牧用地,1051215,土地1建物0車位0,,,其他,,,,0.0,0,0,0,有,無,850000,1264,,0.0,0,向政府機關承購之案件。;向政府機關承購之案件。,RPPNMLRKJHMFFAX17EA
馬公市,土地,六合段391~420地號,277.19,,一般農業區,農牧用地,1060105,土地2建物0車位0,,,其他,,,,0.0,0,0,0,有,無,3900000,14070,,0.0,0,賣方賣清價,RPXNMLRKJHMFFAX77CA
七美鄉,土地,七美二段451~480地號,698.01,,一般農業區,農牧用地,1051212,土地1建物0車位0,,,其他,,,,0.0,0,0,0,有,無,1941400,2781,,0.0,0,,RPPNMLSKJHMFFAX07CA
馬公市,土地,西澳段961~990地號,42.74,住,,,1051230,土地1建物0車位0,,,其他,,,,0.0,0,0,0,有,無,1288179,30140,,0.0,0,,RPPOMLRKJHMFFAX07CA
馬公市,土地,興崁段511~540地號,1886.14,,一般農業區,農牧用地,1051231,土地1建物0車位0,,,其他,,,,0.0,0,0,0,有,無,13000000,6892,,0.0,0,,RPSNMLRKJHMFFAX27CA
馬公市,房地(土地+建物),澎湖縣馬公市風櫃尾1~30號,394.59,,一般農業區,農牧用地,1051220,土地3建物1車位0,全,二層,透天厝,住家用,鋼筋混凝土造,0991223,188.76,3,2,2,有,無,10000000,52977,,0.0,0,受債權債務影響或債務抵償之交易。;受債權債務影響或債務抵償之交易。,RPRNMLMJKHMFFAX66CA
馬公市,土地,中衛段751~780地號,2075.59,農,,,1060106,土地2建物0車位0,,,其他,,,,0.0,0,0,0,有,無,12000000,5781,,0.0,0,,RPQNMLNKKHMFFAX76CA
白沙鄉,土地,下瓦硐段1201~1230地號,3490.81,,一般農業區,農牧用地,1051227,土地1建物0車位0,,,其他,,,,0.0,0,0,0,有,無,11800000,3380,,0.0,0,,RPRNMLNKKHMFFAX86CA
馬公市,土地,五福段1501~1530地號,396.99,,鄉村區,乙種建築用地,1051230,土地1建物0車位0,,,其他,,,,0.0,0,0,0,有,無,18010000,45366,,0.0,0,,RPQNMLSKJHMFFAX17CA
湖西鄉,土地,湖西南段1501~1530地號,552.05,,一般農業區,農牧用地,1051230,土地1建物0車位0,,,其他,,,,0.0,0,0,0,有,無,950000,1721,,0.0,0,,RPPNMLTKJHMFFAX17CA
馬公市,房地(土地+建物),澎湖縣馬公市永和街1巷1~30號,68.71,住,,,1060103,土地2建物1車位0,全,二層,透天厝,住家用,鋼筋混凝土加強磚造,0700305,87.02,4,3,2,有,無,3800000,43668,,0.0,0,,RPQNMLTKJHMFFAX27CA
湖西鄉,土地,成功南段1261~1290地號,185.84,,一般農業區,農牧用地,1051230,土地4建物0車位0,,,其他,,,,0.0,0,0,0,有,無,300000,1614,,0.0,0,親友、員工或其他特殊關係間之交易。;親友、員工或其他特殊關係間之交易。,RPSNMLOLJHMFFAX17DA
白沙鄉,土地,港子段871~900地號,795.0,,一般農業區,農牧用地,1051222,土地1建物0車位0,,,其他,,,,0.0,0,0,0,有,無,1500000,1887,,0.0,0,,RPUNMLKLJHMFFAX96DA
白沙鄉,土地,港子段1051~1080地號,456.0,,一般農業區,農牧用地,1060106,土地1建物0車位0,,,其他,,,,0.0,0,0,0,有,無,600000,1316,,0.0,0,,RPXNMLKLJHMFFAX27DA
馬公市,房地(土地+建物),澎湖縣馬公市五福路61巷6弄1~30號,87.07,,鄉村區,乙種建築用地,1060105,土地1建物1車位0,全,三層,透天厝,住家用,鋼筋混凝土加強磚造,0700801,88.9,3,1,1,有,無,4200000,47244,,0.0,0,,RPPNMLKLJHMFFAX98CA
湖西鄉,土地,隘門新段991~1020地號,205.68,,一般農業區,農牧用地,1051231,土地1建物0車位0,,,其他,,,,0.0,0,0,0,有,無,500000,2431,,0.0,0,,RPTNMLNKKHMFFAX07CA
馬公市,房地(土地+建物),澎湖縣馬公市保安街1~30號,24.67,商,,,1051227,土地1建物1車位0,全,一層,透天厝,住家用,見其他登記事項,,23.14,1,1,1,有,無,2800000,121003,,0.0,0,,RPPNMLTJKHMFFAX17CA
馬公市,房地(土地+建物),澎湖縣馬公市三多路331~360號,28.52,住,,,1051214,土地1建物1車位0,十四層,十四層,住宅大樓(11層含以上有電梯),見其他登記事項,鋼筋混凝土造,0950629,191.89999999999998,3,2,2,有,有,4600000,23971,,0.0,0,,RPVNMLNKKHMFFAX27CA
白沙鄉,土地,小赤段901~930地號,715.8,,一般農業區,農牧用地,1051231,土地1建物0車位0,,,其他,,,,0.0,0,0,0,有,無,800000,1118,,0.0,0,,RPVNMLKLJHMFFAX96CA
白沙鄉,土地,港子段1051~1080地號,844.0,,一般農業區,農牧用地,1060107,土地2建物0車位0,,,其他,,,,0.0,0,0,0,有,無,1100000,1303,,0.0,0,,RPWNMLKLJHMFFAX07CA
馬公市,土地,東澳段1171~1200地號,78.28,農,,,1051213,土地8建物0車位0,,,其他,,,,0.0,0,0,0,有,無,1000000,12775,,0.0,0,,RPQNMLNLJHMFFAX76CA
七美鄉,土地,大嶼段3841~3870地號,130.12,,鄉村區,乙種建築用地,1060113,土地2建物0車位0,,,其他,,,,0.0,0,0,0,有,無,100000,769,,0.0,0,親友、員工或其他特殊關係間之交易。;親友、員工或其他特殊關係間之交易。賣方賣清(費用稅費皆由買方付?)。,RPRNMLPLJHMFFAX07CA
馬公市,土地,光榮段331~360地號,120.26,其他,,,1051215,土地2建物0車位0,,,其他,,,,0.0,0,0,0,有,無,2400000,19957,,0.0,0,,RPRNMLNJKHMFFAX76CA
西嶼鄉,土地,竹灣段2791~2820地號,2662.94,,一般農業區,農牧用地,1060101,土地1建物0車位0,,,其他,,,,0.0,0,0,0,有,無,3220000,1209,,0.0,0,,RPQNMLKLJHMFFAX09CA
馬公市,房地(土地+建物),澎湖縣馬公市中興路8巷1~30號,22.0,商,,,1060112,土地1建物1車位0,全,二層,透天厝,商業用,鋼筋混凝土加強空心磚造,0610828,31.5,1,1,2,有,無,2000000,63492,,0.0,0,,RPRNMLKLJHMFFAX56CA
西嶼鄉,土地,竹灣段1321~1350地號,238.38,,鄉村區,乙種建築用地,1051230,土地4建物0車位0,,,其他,,,,0.0,0,0,0,有,無,1000000,4195,,0.0,0,,RPQNMLKKKHMFFAX56DA
馬公市,土地,裡新段241~270地號,20.09,,鄉村區,乙種建築用地,1051230,土地1建物0車位0,,,其他,,,,0.0,0,0,0,有,無,270000,13440,,0.0,0,親友、員工或其他特殊關係間之交易。;親友、員工或其他特殊關係間之交易。,RPUNMLNKKHMFFAX17CA
馬公市,房地(土地+建物),澎湖縣馬公市光明路1~30號,15.0,住,,,1060112,土地1建物1車位0,全,四層,透天厝,住商用,鋼筋混凝土加強空心磚造,0611012,50.76,3,1,1,有,無,620000,12214,,0.0,0,親友、員工或其他特殊關係間之交易。;親友、員工或其他特殊關係間之交易。,RPQNMLQLJHMFFAX07CA
馬公市,土地,北極段1141~1170地號,62.85,住,,,1060111,土地2建物0車位0,,,其他,,,,0.0,0,0,0,有,無,866702,13790,,0.0,0,,RPPNMLOLJHMFFAX76CA
湖西鄉,房地(土地+建物),澎湖縣湖西鄉西溪31~60號,174.82,,鄉村區,乙種建築用地,1060117,土地1建物1車位0,全,一層,透天厝,住家用,見其他登記事項,,36.04,2,1,1,有,無,900000,24972,,0.0,0,含增建或未登記建物。;含增建或未登記建物。,RPQNMLPLJHMFFAX96CA
馬公市,土地,文化段331~360地號,110.42,住,,,1051230,土地1建物0車位0,,,其他,,,,0.0,0,0,0,有,無,10200000,92375,,0.0,0,,RPQNMLMJKHMFFAX56CA
馬公市,土地,五德東段481~510地號,1081.57,,一般農業區,農牧用地,1051230,土地1建物0車位0,,,其他,,,,0.0,0,0,0,有,無,3590000,3319,,0.0,0,,RPQNMLQJKHMFFAX96CA
馬公市,土地,春暉段421~450地號,156.89,其他,,,1060119,土地1建物0車位0,,,其他,,,,0.0,0,0,0,有,無,3220000,20524,,0.0,0,,RPSNMLMJKHMFFAX76CA
