﻿編號,屋齡,建物移轉面積平方公尺,主要用途,主要建材,建築完成日期,總層數,建物分層
The serial number,room age,building shifting area square meter,the main use,main building materials,construction completes the date,total layer,building lamination
RPRNMLKKQHHFFAB37DC,6,119.40,見其他登記事項,鋼筋混凝土造,95年12月22日,十五層,十二層
RPSNMLKKQHHFFAB37CC,14,104.22,見其他登記事項,鋼筋混凝土造,88年2月10日,十二層,六層
RPTNMLKKQHHFFBB57CC,,76.88,住家用,鋼筋混凝土造,74年2月15日,五層,五層
RPSNMLSJQHHFFAB08CC,7,148.63,見其他登記事項,鋼筋混凝土造,94年11月17日,二十二層,四層
RPQNMLKKQHHFFBB37DC,,69.07,住家用,鋼筋混凝土造,86年6月20日,五層,三層
RPQNMLKKQHHFFBB37DC,,19.10,共有部分,鋼筋混凝土造,86年6月20日,五層,
RPPNMLKKQHHFFAL18DC,18,77.41,住家用,鋼筋混凝土造,84年2月23日,005,一層 二層 三層 四層 五層 騎樓 見其他登記事項
RPUNMLSJQHHFFBB48DC,,31.79,住家用,鋼筋混凝土造,79年10月2日,七層,五層
RPQNMLRJQHHFFCB08DC,6,91.02,住家用,鋼筋混凝土造,95年11月13日,二十八層,二十六層
RPPNMLKKQHHFFCL38DC,3,181.16,見其他登記事項,見其他登記事項,98年8月19日,004,一層 二層 三層 四層
RPUNMLNKQHHFFCB08CC,6,109.09,住家用,鋼筋混凝土造,95年8月16日,二十二層,十五層
RPRNMLNKQHHFFCB87DC,15,38.21,住家用,鋼筋混凝土造,86年3月21日,七層,五層
RPUNMLOKQHHFFBB18DC,,196.11,住商用,鋼筋混凝土造,74年10月17日,五層,一層 騎樓 夾層 地下層
RPUNMLNKQHHFFBB08DC,,132.04,住家用,鋼筋混凝土造,82年11月10日,九層,二層
RPQOMLOKQHHFFBB77CC,,136.33,住家用,鋼筋混凝土造,86年4月16日,二十四層,十四層
RPOOMLNKQHHFFBB47CC,,81.70,住家用,鋼筋混凝土造,85年3月5日,八層,四層
RPPNMLPKQHHFFCL88DC,32,26.76,住家用,鋼筋混凝土造,69年5月9日,004,二層 電梯樓梯間
RPRNMLOKQHHFFAL78DC,40,98.40,住家用,加強磚造,61年7月22日,002,一層 二層 騎樓
RPPNMLOKQHHFFAL58DC,19,92.57,住家用,鋼筋混凝土造,82年6月15日,006,三層
RPQNMLOKQHHFFFL09CC,32,13.60,住商用,加強磚造,69年6月18日,002,一層 二層 騎樓 見其他登記事項
RPPNMLRJQHHFFGL66CC,7,167.11,見其他登記事項,鋼筋混凝土造,94年8月3日,004,一層 二層 三層 四層
RPVNMLPKQHHFFBB28CC,,98.32,國民住宅,鋼筋混凝土造,85年1月8日,八層,八層
RPVNMLPKQHHFFBB28CC,,36.37,國民住宅,鋼筋混凝土造,85年1月8日,八層,八層
RPWNMLQKQHHFFBB48CC,,270.46,見其他登記事項,鋼筋混凝土造,94年5月5日,四層,一層 二層 三層 四層 屋頂突出物 騎樓
RPTNMLRKQHHFFBB28CC,,143.93,住家用,鋼筋混凝土造,98年8月5日,十八層,五層
RPRPMLRKQHHFFAB18CC,13,116.93,住家用,鋼筋混凝土造,88年6月8日,八層,八層
RPTOMLRKQHHFFBB38CC,,314.43,住商用,鋼筋混凝土造,71年6月23日,三層,一層 二層 三層 騎樓 地下層
RPTNMLRKQHHFFCL86DC,18,285.43,住家用,鋼筋混凝土造,83年10月11日,004,一層 二層 三層 四層 電梯樓梯間 地下層
RPQNMLPKQHHFFBB87DC,,98.17,住家用,鋼筋混凝土加強磚造,64年1月15日,四層,三層
RPRNMLQKQHHFFGL86CC,35,115.00,住商用,加強磚造,66年6月10日,003,一層 二層 三層 騎樓
RPQNMLPKQHHFFAL68CC,1,227.26,住家用,鋼筋混凝土造,100年8月24日,004,一層 二層 三層 四層
RPPNMLSKQHHFFFL76CC,7,209.78,見其他登記事項,鋼筋混凝土造,94年12月30日,004,一層 二層 三層 四層 騎樓
RPRNMLKLQHHFFGL98CC,31,170.51,住商用,鋼筋混凝土造,70年12月28日,003,一層 二層 三層 騎樓 電梯樓梯間
RPROMLKLQHHFFBB57CC,,81.08,住家用,鋼筋混凝土造,89年2月18日,十四層,二層
RPQNMLKLQHHFFFL78CC,19,26.34,住家用,鋼筋混凝土造,82年12月23日,008,三層
RPVNMLKLQHHFFBB97DC,,179.55,住商用,鋼筋混凝土造,65年11月2日,三層,一層 二層 三層 騎樓 地下層
RPVNMLKLQHHFFBB97DC,,306.39,住商用,鋼筋混凝土造,65年11月2日,三層,一層 二層 三層 騎樓 地下層
RPUNMLKLQHHFFBB77CC,,120.33,住商用,鋼筋混凝土造,83年1月31日,八層,一層 二層 騎樓
RPUNMLKLQHHFFBB77CC,,19.36,共有部分,鋼筋混凝土造,83年1月31日,八層,
RPOPMLKLQHHFFCB47CC,3,48.59,住家用,鋼筋混凝土造,98年8月13日,二十六層,九層
RPPNMLSKQHHFFHL96CC,22,374.06,見其他登記事項,鋼筋混凝土造,79年5月29日,004,地下層 見其他登記事項 一層 二層 三層 四層 騎樓
RPVNMLKLQHHFFAB77CC,15,88.24,住商用,鋼筋混凝土造,87年1月17日,十四層,一層 二層 騎樓
RPPOMLLLQHHFFBB47CC,,45.25,住家用,鋼筋混凝土造,68年8月17日,五層,一層 二層 騎樓
RPPOMLLLQHHFFBB47CC,,87.49,住家用,鋼筋混凝土造,68年8月17日,五層,一層 二層 騎樓
RPWOMLLLQHHFFBB18CC,,45.62,住家用,見其他登記事項,93年9月3日,十四層,十四層
RPRNMLKLQHHFFFL88CC,18,28.75,住家用,鋼筋混凝土造,83年8月25日,008,二層
RPPPMLKLQHHFFCB57CC,4,97.71,住家用,鋼筋混凝土造,98年1月21日,十層,五層
RPQOMLLLQHHFFAB47CC,17,95.92,見其他登記事項,鋼筋混凝土造,84年12月5日,八層,一層 二層 騎樓
RPQOMLLLQHHFFAB47CC,17,35.26,見其他登記事項,鋼筋混凝土造,84年12月5日,八層,
RPQOMLMLQHHFFGL56CC,1,273.03,見其他登記事項,鋼筋混凝土造,101年1月11日,004,三層 四層 騎樓 見其他登記事項 一層 二層
RPQPMLLLQHHFFCB87DC,12,271.11,見其他登記事項,鋼筋混凝土造,89年8月24日,二十五層,十四層
RPVNMLMLQHHFFCB18CC,18,77.02,住家用,鋼筋混凝土造,84年2月15日,十六層,六層
RPXOMLNLQHHFFCB58CC,20,122.00,住家用,鋼筋混凝土造,81年12月6日,六層,三層
RPSNMLNLQHHFFCL09DC,8,347.00,見其他登記事項,鋼筋混凝土造,93年10月1日,003,一層 二層 三層 屋頂突出物
RPVOMLRLQHHFFGL67DC,19,104.40,見其他登記事項,鋼筋混凝土造,82年8月6日,012,一層 二層 騎樓
RPSNMLNLQHHFFFL76DC,19,104.08,見其他登記事項,鋼筋混凝土造,82年5月31日,007,一層 二層 騎樓
RPRNMLNLQHHFFBB87DC,,113.93,住家用,鋼筋混凝土造,86年8月5日,八層,五層
RPRNMLNLQHHFFBB87DC,,48.49,共有部分,鋼筋混凝土造,86年8月5日,八層,
RPPOMLLLQHHFFCB57CC,5,46.09,住家用,鋼筋混凝土造,96年9月29日,十三層,十三層
RPWOMLSLQHHFFCB98CC,17,119.07,住家用,鋼筋混凝土造,84年8月17日,十六層,九層
RPTNMLRLQHHFFBB38CC,,22.07,住家用,鋼筋混凝土造,84年11月24日,二十四層,十層
RPTNMLRLQHHFFBB38CC,,16.35,見其他登記事項,鋼筋混凝土造,84年11月24日,二十四層,
RPOQMLSLQHHFFBB38DC,,86.20,住家用,鋼筋混凝土加強磚造,59年10月21日,二層,一層 二層 騎樓
RPRNMLSLQHHFFFL07CC,18,109.58,住家用,鋼筋混凝土造,83年9月5日,008,六層
RPPOMLSLQHHFFBB18CC,,124.29,住家用,鋼筋混凝土造,99年9月9日,18,三層
RPPOMLSLQHHFFBB18CC,,52.66,見其他登記事項,鋼筋混凝土造,99年9月9日,十八層,
RPPOMLSLQHHFFBB18CC,,23.39,見其他登記事項,鋼筋混凝土造,99年9月9日,十八層,
RPSOMLLLQHHFFCB97DC,20,326.74,見其他登記事項,見其他登記事項,81年7月1日,二十八層,四層
RPXOMLLLQHHFFCB38CC,15,118.56,住家用,鋼筋混凝土造,86年7月15日,二十五層,十三層
RPXOMLLLQHHFFCB38CC,15,61.13,共有部分,鋼筋混凝土造,86年7月15日,二十五層,
RPROMLLLQHHFFCB77CC,15,190.70,見其他登記事項,鋼筋混凝土造,86年11月21日,二十一層,十七層
RPTNMLTLQHHFFFL37CC,34,105.72,住商用,加強磚造,67年12月15日,002,一層 二層 電梯樓梯間
RPTNMLSLQHHFFAL76CC,19,177.19,見其他登記事項,鋼筋混凝土造,82年4月17日,006,一層 二層 騎樓
RPOOMLTLQHHFFBB28DC,,32.33,住家用,鋼筋混凝土造,97年11月28日,十七層,六層
RPROMLTLQHHFFBB58DC,,28.33,住家用,鋼筋混凝土造,97年11月28日,十七層,八層
RPXNMLTLQHHFFBB09DC,,32.33,住家用,鋼筋混凝土造,97年11月28日,十七層,五層
RPTOMLTLQHHFFBB78DC,,30.12,住家用,鋼筋混凝土造,97年11月28日,十七層,十層
RPTPMLTLQHHFFCB98DC,15,154.00,見其他登記事項,鋼筋混凝土造,86年11月21日,二十一層,二十一層
RPQPMLTLQHHFFCB68DC,15,154.00,見其他登記事項,鋼筋混凝土造,86年11月21日,二十一層,六層
RPRNMLSLQHHFFHL37DC,21,155.00,見其他登記事項,鋼筋混凝土造,80年12月26日,004,一層 二層 三層 四層 見其他登記事項
RPPPMLTLQHHFFBB48DC,,30.12,住家用,鋼筋混凝土造,97年11月28日,十七層,十四層
RPQNMLTLQHHFFCB38CC,39,111.29,住家用,見其他登記事項,62年6月5日,二層,一層 二層
RPOPMLTLQHHFFBB28CC,,48.80,住家用,鋼筋混凝土造,95年5月19日,十一層,十一層
RPVPMLTLQHHFFBB98CC,,75.30,見其他登記事項,鋼筋混凝土造,95年6月26日,四層,騎樓 地下一層 一層 二層 三層 四層
RPXOMLTLQHHFFBB56DC,,32.33,住家用,鋼筋混凝土造,97年11月28日,十七層,三層
RPPPMLTLQHHFFCB48CC,14,125.74,住家用,鋼筋混凝土造,87年9月15日,十四層,十層
RPVOMLTLQHHFFBB98DC,,28.33,住家用,鋼筋混凝土造,97年11月28日,十七層,六層
RPWOMLKMQHHFFBB18CC,,61.77,住家用,鋼筋混凝土造,85年7月10日,九層,九層
RPTOMLKMQHHFFBB87CC,,162.25,商業用,鋼筋混凝土造,78年5月30日,五層,一層 騎樓
RPTNMLKMQHHFFBB77CC,,75.53,住家用,鋼筋混凝土造,84年9月13日,二十二層,十七層
RPTNMLKMQHHFFBB77CC,,5.23,共有部分,鋼筋混凝土造,84年9月13日,二十二層,
RPTNMLKMQHHFFBB77CC,,31.36,共有部分,鋼筋混凝土造,84年9月13日,二十二層,
RPXNMLKMQHHFFBB18CC,,39.87,住家用,鋼筋混凝土造,83年2月7日,十八層,五層
RPWNMLKMQHHFFBB08CC,,35.75,住家用,鋼筋混凝土造,83年2月7日,十八層,十七層
RPSPMLKMQHHFFBB87CC,,64.07,住家用,鋼筋混凝土造,94年12月8日,十八層,七層
RPSSMLKMQHHFFAB08CC,24,151.02,住商用,鋼筋混凝土造,78年2月22日,八層,一層 騎樓
RPWTMLKMQHHFFAB58CC,22,203.00,商業用,鋼筋混凝土造,80年2月4日,十二層,四層
RPQOMLKMQHHFFCB67CC,18,96.00,住商用,鋼筋混凝土造,83年10月21日,十五層,一層 二層
RPVSMLKMQHHFFCB58CC,1,41.70,住家用,鋼筋混凝土造,100年12月28日,二十四層,七層
RPVSMLKMQHHFFCB58CC,1,11.25,見其他登記事項,鋼筋混凝土造,100年12月28日,二十四層,
RPVSMLKMQHHFFCB58CC,1,24.45,見其他登記事項,鋼筋混凝土造,100年12月28日,二十四層,
RPURMLKMQHHFFCB38CC,25,75.31,住家用,鋼筋混凝土造,76年3月27日,四層,一層 二層 三層 四層 地下層
RPSRMLKMQHHFFCB18CC,3,52.20,住家用,鋼筋混凝土造,98年8月13日,十八層,十八層
RPRRMLKMQHHFFCB08CC,18,269.74,住商用,鋼筋混凝土造,83年4月25日,五層,二層 三層 四層 五層 屋頂突出物 騎樓 一層
RPXTMLKMQHHFFAB68CC,16,20.04,見其他登記事項,鋼筋混凝土造,85年5月6日,十八層,六層
RPOUMLKMQHHFFAB87CC,16,20.41,見其他登記事項,鋼筋混凝土造,85年5月6日,十八層,十層
RPUSMLKMQHHFFCB48CC,17,89.31,住家用,鋼筋混凝土造,84年10月26日,八層,七層
RPPSMLKMQHHFFCB97CC,3,32.01,住家用,鋼筋混凝土造,98年8月13日,二十六層,九層
RPOSMLKMQHHFFCB87CC,40,128.94,見其他登記事項,見其他登記事項,61年5月6日,二層,一層 二層 騎樓
RPRUMLKMQHHFFAB18CC,13,358.21,見使用執照,鋼筋混凝土造,89年1月14日,十三層,五層
RPPUMLKMQHHFFAB97CC,22,310.33,商業用,鋼筋混凝土造,79年11月10日,十四層,十一層
RPPUMLKMQHHFFAB97CC,22,37.46,見其他登記事項,鋼筋混凝土造,79年11月10日,十四層,地下二層
RPSUMLKMQHHFFAB28CC,16,19.33,見其他登記事項,鋼筋混凝土造,85年5月6日,十八層,六層
RPSNMLKMQHHFFFL56DC,,184.15,,,,,
RPTUMLKMQHHFFAB38CC,16,19.33,見其他登記事項,鋼筋混凝土造,85年5月6日,十八層,十層
RPSQMLKMQHHFFAB97DC,19,133.55,商業用,鋼筋混凝土造,82年7月13日,七層,一層 二層 騎樓
RPWNMLLMQHHFFCL66CC,5,165.13,見其他登記事項,鋼筋混凝土造,96年9月13日,004,一層 二層 三層 四層
RPSOMLLMQHHFFCL98CC,33,17.14,住家用,加強磚造,69年1月28日,002,二層 電梯樓梯間 一層
RPVNMLLMQHHFFCB18CC,3,107.74,住家用,鋼筋混凝土造,98年9月1日,十二層,七層
RPWPMLLMQHHFFCB48CC,16,109.37,國民住宅,鋼筋混凝土造,86年1月18日,二十一層,二十一層
RPWPMLLMQHHFFCB48CC,16,49.56,共有部分,鋼筋混凝土造,86年1月18日,二十一層,
RPWNMLLMQHHFFBB18CC,,27.27,住家用,鋼筋混凝土造,82年9月9日,七層,六層
RPWNMLLMQHHFFBB18CC,,8.53,共有部分,鋼筋混凝土造,82年9月9日,七層,
RPTNMLLJRHHFFBB67CC,,110.83,住家用,鋼筋混凝土造,83年2月7日,九層,六層
RPTNMLLJRHHFFBB67CC,,43.00,共有部分,鋼筋混凝土造,83年2月7日,九層,
RPUNMLLJRHHFFBB77CC,,149.35,住家用,鋼筋混凝土造,74年5月30日,二層,一層 二層 夾層
RPOQMLLMQHHFFCB87DC,1,3742.42,見其他登記事項,見其他登記事項,100年12月1日,二層,一層 二層
RPPQMLLMQHHFFCB87CC,8,57.98,住家用,見其他登記事項,94年1月26日,十四層,九層
RPPQMLLMQHHFFCB87CC,8,12.20,見其他登記事項,見其他登記事項,94年1月26日,十四層,
RPPQMLLMQHHFFCB87CC,8,7.98,見其他登記事項,見其他登記事項,94年1月26日,十四層,
RPPQMLLMQHHFFCB87CC,8,.04,住家用,見其他登記事項,94年1月26日,十四層,一層
RPPQMLLMQHHFFCB87CC,8,27.18,見其他登記事項,見其他登記事項,94年1月26日,十四層,
RPWNMLNJRHHFFBB18CC,,160.75,商業用,鋼筋混凝土造,83年12月10日,十六層,一層 二層
RPTNMLNJRHHFFAL78CC,11,161.29,住家用,鋼骨鋼筋混凝土造,90年10月17日,014,九層
RPWOMLNJRHHFFCB38CC,18,99.00,住家用,鋼筋混凝土造,83年3月28日,十四層,九層
RPPNMLLJRHHFFAB17CC,,71.30,見其他登記事項,鋼筋混凝土造,101年5月28日,十五層,十五層
RPPPMLNJRHHFFBB77DC,,31.39,商業用,鋼筋混凝土造,83年12月22日,十七層,十一層
RPPPMLNJRHHFFBB77DC,,14.23,共有部分,鋼筋混凝土造,83年12月22日,十七層,
RPQPMLNJRHHFFBB77CC,,84.07,住家用,鋼筋混凝土造,96年3月22日,十五層,十一層
RPXQMLNJRHHFFCB68CC,17,126.41,商業用,鋼筋混凝土造,84年10月24日,二十五層,五層
RPSRMLNJRHHFFCB28CC,18,107.18,住家用,鋼筋混凝土造,83年7月7日,十三層,八層
RPPOMLNJRHHFFAB47CC,32,101.75,住家用,鋼筋混凝土造,69年8月26日,五層,二層
RPTNMLOJRHHFFCB08CC,18,113.61,住家用,鋼筋混凝土造,83年10月21日,十五層,十層
RPWQMLNJRHHFFCB58CC,21,201.09,商業用,鋼筋混凝土造,80年9月30日,七層,三層
RPUQMLNJRHHFFCB38CC,2,104.39,見其他登記事項,鋼筋混凝土造,99年9月30日,二十三層,十八層
RPVNMLOJRHHFFCB28CC,4,90.77,住家用,鋼筋混凝土造,97年7月24日,二十一層,十六層
RPPPMLOJRHHFFCB87CC,24,82.46,見其他登記事項,鋼筋混凝土造,77年7月12日,五層,一層
RPPPMLOJRHHFFCB87CC,24,5.30,共有部分,鋼筋混凝土造,77年7月12日,五層,
RPQOMLOJRHHFFFL56CC,7,164.16,見其他登記事項,鋼筋混凝土造,94年5月6日,003,一層 二層 三層 見其他登記事項
RPTPMLOJRHHFFBB18CC,,126.05,見其他登記事項,鋼筋混凝土造,100年11月18日,十層,一層 二層 騎樓 見其他登記事項
RPVNMLOJRHHFFBB18CC,,92.96,住家用,鋼筋混凝土造,99年9月9日,十八層,十四層
RPVNMLOJRHHFFBB18CC,,43.09,見其他登記事項,鋼筋混凝土造,99年9月9日,十八層,
RPVNMLOJRHHFFBB18CC,,24.39,見其他登記事項,鋼筋混凝土造,99年9月9日,十八層,
RPOOMLOJRHHFFBB57CC,,112.60,住家用,加強磚造,70年2月2日,二層,一層 二層
RPOPMLOJRHHFFBB67CC,,61.04,見其他登記事項,鋼筋混凝土造,86年2月3日,十三層,一層 二層
RPPNMLOJRHHFFHL56CC,34,116.54,見其他登記事項,加強磚造,67年4月15日,002,一層 二層 騎樓
RPTNMLOJRHHFFBB97CC,,67.94,住家用,鋼筋混凝土造,99年9月9日,十八層,十八層
RPTNMLOJRHHFFBB97CC,,30.34,見其他登記事項,鋼筋混凝土造,99年9月9日,十八層,
RPTNMLOJRHHFFBB97CC,,17.89,見其他登記事項,鋼筋混凝土造,99年9月9日,十八層,
RPSPMLOJRHHFFBB08CC,,129.19,見其他登記事項,鋼筋混凝土造,100年11月18日,十層,二層 騎樓 一層 見其他登記事項
RPUOMLOJRHHFFCB38DC,18,120.94,住家用,鋼筋混凝土造,83年7月21日,二十四層,八層
RPUOMLOJRHHFFCB38DC,18,43.09,共有部分,鋼筋混凝土造,83年7月21日,二十四層,
RPQOMLPJRHHFFCL09DC,32,54.44,住家用,加強磚造,69年6月14日,003,一層 二層 三層
RPQNMLOJRHHFFCB87DC,44,89.75,住家用,見其他登記事項,57年9月1日,二層,一層 二層 騎樓
RPUOMLPJRHHFFAB18CC,41,110.74,商業用,見其他登記事項,60年12月14日,二層,一層 二層 騎樓
RPQPMLPJRHHFFAB87CC,6,72.51,見其他登記事項,鋼筋混凝土造,95年9月22日,十五層,三層
RPUOMLOJRHHFFAB18DC,6,72.51,見其他登記事項,鋼筋混凝土造,95年9月22日,十五層,三層
RPPOMLOJRHHFFAB57CC,6,74.34,見其他登記事項,鋼筋混凝土造,95年12月22日,十五層,十三層
RPWNMLPJRHHFFHL37CC,37,18.79,住家用,磚造,65年1月12日,001,一層 走廊
RPRQMLPJRHHFFCB38DC,27,54.78,住商用,鋼筋混凝土造,74年8月12日,四層,一層 二層 三層 四層 騎樓 地下層
RPXNMLPJRHHFFHL47CC,17,52.12,見其他登記事項,鋼筋混凝土造,85年2月12日,004,一層 二層 三層 四層 騎樓 見其他登記事項
RPRNMLOJRHHFFAB67CC,6,81.36,見其他登記事項,鋼筋混凝土造,95年12月22日,十五層,十二層
RPTNMLPJRHHFFFL86CC,6,144.59,見其他登記事項,鋼筋混凝土造,95年12月10日,003,一層 二層 三層 見其他登記事項
RPTNMLPJRHHFFFL86CC,6,.29,見其他登記事項,鋼筋混凝土造,95年12月10日,001,一層
RPPOMLPJRHHFFBB77CC,,69.80,住家用,鋼筋混凝土造,89年6月29日,五層,四層
RPPOMLPJRHHFFBB77CC,,11.49,共有部分,鋼筋混凝土造,89年6月29日,五層,
RPXOMLPJRHHFFBB58CC,,167.01,住家用,鋼筋混凝土造,69年9月26日,三層,一層 二層 三層 騎樓 地下層
RPUPMLPJRHHFFBB48DC,,27.52,商業用,鋼筋混凝土造,83年12月22日,十七層,十六層
RPUPMLPJRHHFFBB48DC,,12.26,共有部分,鋼筋混凝土造,83年12月22日,十七層,
RPOPMLPJRHHFFBB77CC,,180.41,住商用,鋼筋混凝土造,83年11月12日,十七層,一層 二層 三層 騎樓
RPOPMLPJRHHFFBB77CC,,37.37,共有部分,鋼筋混凝土造,83年11月12日,十七層,
RPXPMLPJRHHFFBB78DC,,77.16,共有部分,鋼筋混凝土造,72年2月10日,五層,
RPSPMLPJRHHFFBB28DC,,73.89,住家用,鋼筋混凝土造,83年12月10日,十六層,十五層
RPVNMLPJRHHFFBB28CC,,99.55,住家用,鋼筋混凝土造,69年12月13日,五層,一層 騎樓 地下層
RPUOMLPJRHHFFCB38CC,15,85.94,住家用,鋼筋混凝土造,86年8月15日,十二層,三層
RPUOMLPJRHHFFCB38CC,15,26.65,共有部分,鋼筋混凝土造,86年8月15日,十二層,
RPTQMLPJRHHFFCB48CC,19,92.61,住家用,鋼筋混凝土造,83年2月15日,十一層,五層
RPTQMLPJRHHFFCB48CC,19,25.42,共有部分,鋼筋混凝土造,83年2月15日,十一層,
RPSRMLPJRHHFFCB48CC,30,278.87,住商用,鋼筋混凝土造,71年4月22日,四層,一層 二層 三層 四層 騎樓 夾層 地下層
RPWRMLPJRHHFFCB88CC,19,16.68,共有部分,鋼筋混凝土造,83年1月20日,七層,
RPORMLPJRHHFFCB08CC,20,80.78,住家用,鋼筋混凝土造,81年5月27日,七層,四層
RPOQMLPJRHHFFBB87CC,,245.19,見其他登記事項,鋼筋混凝土造,95年4月25日,五層,一層 二層 三層 四層 五層
RPOQMLPJRHHFFBB87CC,,17.27,共有部分,鋼筋混凝土造,95年4月25日,五層,
RPSOMLPJRHHFFBB18DC,,124.15,見其他登記事項,鋼筋混凝土造,95年11月2日,五層,一層 二層 三層 四層 五層 騎樓 地下一層 見其他登記事項
RPSPMLQJRHHFFCB38CC,16,102.04,見其他登記事項,鋼筋混凝土造,86年1月28日,四層,一層 二層 三層 四層 屋頂突出物 騎樓 地下層
RPVPMLQJRHHFFCB68CC,31,140.50,住商用,加強磚造,70年3月13日,二層,一層 二層 騎樓
RPSRMLQJRHHFFCB58CC,20,47.72,住家用,鋼筋混凝土造,81年11月20日,十層,九層
RPQRMLQJRHHFFCB38CC,13,58.34,見其他登記事項,鋼筋混凝土造,88年5月6日,十四層,一層
RPPQMLQJRHHFFBB08CC,,78.54,住家用,鋼筋混凝土加強磚造,62年5月30日,二層,一層 二層
RPPRMLQJRHHFFBB18CC,,67.13,商業用,鋼筋混凝土造,83年3月30日,九層,一層 騎樓
RPPRMLQJRHHFFBB18CC,,12.09,共有部分,鋼筋混凝土造,83年3月30日,九層,
RPSPMLQJRHHFFBB28CC,,72.80,住家用,鋼筋混凝土造,83年3月30日,九層,八層
RPXNMLQJRHHFFAL86CC,35,57.65,,加強磚造,66年9月29日,002,一層 二層 騎樓
RPRNMLQJRHHFFAL88CC,18,246.51,住商用,鋼骨混凝土造,83年3月28日,003,一層 二層 三層 騎樓
RPOPMLQJRHHFFBB87CC,,68.69,住家用,鋼筋混凝土造,83年3月30日,九層,八層
RPSNMLRJRHHFFFL96CC,27,200.36,住商用,鋼筋混凝土造,74年5月28日,003,一層 二層 三層 騎樓 見其他登記事項
RPPOMLQJRHHFFGL86DC,8,113.87,見其他登記事項,鋼筋混凝土造,93年9月6日,008,一層 二層 騎樓
RPPOMLQJRHHFFGL86DC,8,48.25,共有部份,鋼筋混凝土造,93年9月6日,008,
RPVNMLQJRHHFFBB48DC,,222.93,見其他登記事項,鋼筋混凝土造,99年8月25日,三層,一層 二層 三層 見其他登記事項
RPQOMLRJRHHFFFL86CC,29,20.00,見其他登記事項,加強磚造,73年1月27日,003,二層 一層 三層 騎樓
RPQQMLRJRHHFFAB28DC,18,82.55,住家用,鋼筋混凝土造,83年6月30日,十四層,十一層
RPQQMLRJRHHFFAB28DC,18,23.29,共有部分,鋼筋混凝土造,83年6月30日,十四層,
RPVPMLQJRHHFFAB58DC,41,117.68,商業用,見其他登記事項,61年2月23日,二層,一層 二層 騎樓
RPROMLQJRHHFFGL07DC,19,25.85,見其他登記事項,鋼筋混凝土造,82年6月8日,007,四層
RPQSMLRJRHHFFAB38CC,22,341.62,商業用,見其他登記事項,79年6月28日,二十五層,十一層
RPQSMLRJRHHFFAB38CC,22,111.88,見其他登記事項,見其他登記事項,79年6月28日,二十五層,
RPVNMLRJRHHFFCB68DC,19,100.43,住家用,鋼筋混凝土造,82年4月19日,十三層,九層
RPWPMLRJRHHFFCB98DC,21,11.85,住家用,鋼筋混凝土造,81年1月15日,十一層,九層
RPPOMLRJRHHFFFL76CC,29,157.68,見其他登記事項,加強磚造,73年1月27日,003,一層 二層 三層 騎樓
RPSOMLRJRHHFFBB38DC,,181.24,住家用,鋼筋混凝土造,80年1月19日,十三層,三層
RPSOMLRJRHHFFBB38DC,,25.08,共有部分,鋼筋混凝土造,80年1月19日,十三層,
RPSNMLRJRHHFFBB28DC,,32.06,住家用,鋼筋混凝土造,97年11月28日,十七層,十四層
RPPOMLRJRHHFFCL09CC,17,166.18,住家用,鋼筋混凝土造,84年6月4日,004,一層 二層 三層 四層
RPUNMLRJRHHFFBB48DC,,50.49,住家用,鋼筋混凝土造,97年11月28日,十七層,十四層
RPOPMLRJRHHFFBB08DC,,51.17,住家用,鋼筋混凝土造,97年11月28日,十七層,十七層
RPQNMLRJRHHFFBB08DC,,30.12,住家用,鋼筋混凝土造,97年11月28日,十七層,十一層
RPTNMLRJRHHFFBB38DC,,30.35,住家用,鋼筋混凝土造,97年11月28日,十七層,四層
RPPNMLRJRHHFFBB97DC,,30.35,住家用,鋼筋混凝土造,97年11月28日,十七層,十三層
RPVNMLRJRHHFFBB58DC,,50.49,住家用,鋼筋混凝土造,97年11月28日,十七層,十四層
RPQPMLRJRHHFFBB28DC,,24.80,共有部分,鋼筋混凝土造,97年11月28日,十七層,
RPVPMLRJRHHFFBB78DC,,152.80,住家用,鋼筋混凝土造,99年9月9日,十八層,十四層
RPOQMLRJRHHFFBB08CC,,12.50,住家用,鋼筋混凝土造,68年9月27日,五層,三層
RPWNMLTJRHHFFCB98DC,18,166.43,住家用,鋼筋混凝土造,84年1月16日,十七層,三層
RPPPMLRJRHHFFBB08CC,,110.52,見其他登記事項,加強磚造,68年8月31日,二層,一層 二層 騎樓
RPXNMLKKRHHFFBB08CC,,64.63,住家用,鋼筋混凝土造,71年12月3日,五層,四層
RPTNMLSJRHHFFBB38CC,,85.30,見其他登記事項,鋼筋混凝土造,95年5月19日,十一層,三層
RPTNMLSJRHHFFBB38CC,,60.39,共有部分,鋼筋混凝土造,95年5月19日,十一層,
RPTPMLKKRHHFFCB97CC,16,82.07,住家用,鋼筋混凝土造,85年5月27日,十九層,九層
RPROMLKKRHHFFAL48CC,25,174.98,見其他登記事項,加強磚造,76年5月20日,002,二層 見其他登記事項 一層
RPWNMLKKRHHFFCB08CC,20,122.27,住商用,鋼筋混凝土造,81年8月26日,五層,五層 屋頂突出物 騎樓 地下層 一層 二層 三層 四層
RPTOMLKKRHHFFAL68CC,4,13.20,見其他登記事項,鋼筋混凝土造,97年8月29日,006,一層 二層 三層
RPQOMLKKRHHFFAB37CC,36,82.08,商業用,見其他登記事項,66年1月5日,四層,一層 二層 三層 四層 騎樓 地下層
RPXNMLKKRHHFFCB18CC,20,383.32,住商用,鋼筋混凝土造,81年8月26日,五層,騎樓 地下層 一層 二層 三層 四層 五層 屋頂突出物
RPXNMLKKRHHFFAL09DC,27,152.53,見使用執照,加強磚造,74年3月2日,002,一層 二層 見使用執照
RPPPMLKKRHHFFAL38CC,4,9.90,見其他登記事項,鋼筋混凝土造,97年8月29日,006,一層 二層 三層
RPPNMLKKRHHFFHL98DC,19,59.25,見其他登記事項,鋼筋混凝土造,82年4月15日,007,三層
RPTPMLLKRHHFFBB97CC,,66.37,住家用,鋼筋混凝土造,94年12月8日,十八層,八層
RPQNMLKKRHHFFHL09DC,19,30.00,見其他登記事項,鋼筋混凝土造,82年12月31日,012,五層
RPSPMLLKRHHFFBB87CC,,46.58,住家用,鋼筋混凝土造,83年2月7日,十八層,十五層
RPQPMLLKRHHFFCB77CC,21,84.33,商業用,鋼筋混凝土造,81年1月30日,十二層,九層
RPWPMLLKRHHFFBB28CC,,69.26,住家用,鋼筋混凝土造,94年12月8日,十八層,十二層
RPQQMLLKRHHFFBB77CC,,121.14,住家用,鋼筋混凝土造,81年9月3日,五層,二層
RPQQMLLKRHHFFBB77CC,,15.19,共有部分,鋼筋混凝土造,81年9月3日,五層,
RPVPMLLKRHHFFBB18CC,,91.00,住家用,鋼筋混凝土造,94年12月8日,十八層,十層
RPWNMLMKRHHFFBB18CC,,17.38,住家用,鋼筋混凝土造,97年11月28日,十七層,九層
RPUNMLMKRHHFFFL76CC,15,122.37,見其他登記事項,鋼筋混凝土造,86年3月31日,004,一層 二層 三層 四層 騎樓 見其他登記事項
RPUPMLMKRHHFFBB18CC,,62.67,商業用,鋼筋混凝土造,84年4月1日,十三層,三層
RPUPMLMKRHHFFBB18CC,,29.84,共有部分,鋼筋混凝土造,84年4月1日,十三層,
RPUPMLMKRHHFFBB18CC,,1.03,共有部分,鋼筋混凝土造,84年4月1日,十三層,
RPVNMLMKRHHFFFL86CC,19,177.58,住家用,鋼筋混凝土造,82年9月9日,004,一層 二層 三層 四層
RPWNMLMKRHHFFCB28CC,22,194.99,住家用,鋼筋混凝土造,79年12月19日,三層,一層 二層 三層 屋頂突出物
RPRQMLLKRHHFFCB97CC,15,58.58,住家用,鋼筋混凝土造,86年10月23日,二十八層,十七層
RPRQMLLKRHHFFCB97CC,15,53.71,共有部分,鋼筋混凝土造,86年10月23日,二十八層,
RPRPMLLKRHHFFCB87CC,1,101.45,住家用,鋼筋混凝土造,101年2月24日,十二層,九層
RPXOMLMKRHHFFGL27CC,20,35.20,見其他登記事項,鋼筋混凝土造,81年6月25日,007,七層
RPWPMLLKRHHFFCB38CC,3,38.36,住家用,鋼筋混凝土造,98年8月13日,二十六層,十七層
RPXOMLMKRHHFFBB48DC,,46.54,住家用,鋼筋混凝土造,83年12月10日,十六層,五層
RPWNMLMKRHHFFFL96CC,19,23.86,見其他登記事項,鋼筋混凝土造,83年1月11日,005,一層 二層 三層 騎樓
RPWNMLMKRHHFFAB08CC,18,50.18,住家用,鋼筋混凝土造,84年1月13日,十九層,三層
RPSOMLMKRHHFFAB77CC,18,26.13,住家用,鋼筋混凝土造,84年1月13日,十九層,十六層
RPVOMLMKRHHFFBB28DC,,117.38,住家用,鋼筋混凝土造,95年5月18日,十五層,十二層
RPQQMLLKRHHFFCB87CC,4,83.18,住家用,鋼筋混凝土造,98年1月21日,十層,十層
RPXNMLMKRHHFFCL76CC,1,167.97,見其他登記事項,鋼筋混凝土造,100年11月16日,004,二層 三層 一層 四層
RPTQMLNKRHHFFCB48DC,25,247.18,見其他登記事項,鋼筋混凝土造,76年12月30日,五層,一層 二層 三層 四層 五層 騎樓 地下層
RPQOMLNKRHHFFCB87CC,33,72.80,住家用,鋼筋混凝土造,68年9月10日,四層,三層
RPWQMLNKRHHFFCB78DC,17,150.29,住家用,鋼筋混凝土造,84年10月24日,二十五層,三層
RPRNMLNKRHHFFBB77CC,,482.18,商業用,鋼筋混凝土造,80年6月27日,二十二層,十一層
RPRNMLNKRHHFFBB77CC,,240.21,共有部分,鋼筋混凝土造,80年6月27日,二十二層,
RPVQMLNKRHHFFCB68DC,17,132.24,住家用,鋼筋混凝土造,84年10月24日,二十五層,十八層
RPTNMLNKRHHFFCB08CC,21,187.11,商業用,鋼筋混凝土造,80年5月16日,二十三層,十五層
RPTNMLNKRHHFFCB08CC,21,29.79,共有部分,鋼筋混凝土造,80年5月16日,二十三層,
RPXOMLNKRHHFFBB48CC,,29.75,商業用,鋼筋混凝土造,83年12月22日,十七層,十五層
RPXOMLNKRHHFFBB48CC,,13.83,共有部分,鋼筋混凝土造,83年12月22日,十七層,
RPOOMLNKRHHFFFL98CC,18,255.19,見其他登記事項,鋼筋混凝土造,83年4月1日,004,四層 騎樓 見其他登記事項 一層 二層 三層
RPXOMLOKRHHFFBB58CC,,108.48,住家用,鋼筋混凝土造,88年1月19日,十三層,九層
RPWNMLNKRHHFFFL17DC,19,79.55,住家用,鋼筋混凝土造,82年12月13日,007,三層
RPROMLOKRHHFFBB97CC,,245.49,見其他登記事項,鋼筋混凝土造,96年6月28日,五層,四層 五層 一層 二層 三層 騎樓
RPPPMLNKRHHFFBB77CC,,36.19,商業用,鋼筋混凝土造,83年12月22日,十七層,六層
RPPPMLNKRHHFFBB77CC,,16.39,共有部分,鋼筋混凝土造,83年12月22日,十七層,
RPVPMLOKRHHFFAB48DC,2,102.78,見其他登記事項,鋼筋混凝土造,99年8月23日,十四層,十四層
RPTNMLOKRHHFFFL86CC,32,82.71,住商用,鋼筋混凝土造,69年8月18日,003,一層 二層 三層 騎樓 見其他登記事項
RPXNMLOKRHHFFCB58CC,16,45.99,住家用,鋼筋混凝土造,85年5月27日,十九層,十三層
RPSPMLOKRHHFFAB18DC,6,88.43,見其他登記事項,鋼筋混凝土造,95年12月22日,十五層,十二層
RPPPMLOKRHHFFAL78CC,13,384.00,住商用,見其他登記事項,89年3月9日,002,一層 二層
RPPPMLNKRHHFFAB77DC,18,110.11,住家用,鋼筋混凝土造,83年11月18日,十七層,八層
RPTQMLOKRHHFFCB48CC,33,9.80,住家用,鋼筋混凝土造,68年7月12日,四層,二層
RPWQMLOKRHHFFAB58CC,39,15.00,商業用,見其他登記事項,63年2月15日,三層,一層 二層 三層 騎樓 地下層
RPPNMLPKRHHFFAL68CC,38,134.65,住家用,加強磚造,63年11月18日,002,一層 二層 騎樓
RPQNMLPKRHHFFAL78CC,28,92.34,住家用,鋼筋混凝土造,73年8月31日,005,四層
RPVQMLOKRHHFFAB48CC,39,15.00,商業用,見其他登記事項,63年2月15日,三層,一層 二層 三層 騎樓 地下層
RPUQMLOKRHHFFAB38CC,39,15.00,商業用,見其他登記事項,63年2月15日,三層,一層 二層 三層 騎樓 地下層
RPSNMLPKRHHFFBB08CC,,67.33,住家用,鋼筋混凝土造,100年12月21日,十二層,八層
RPSNMLPKRHHFFBB08CC,,28.40,見其他登記事項,鋼筋混凝土造,100年12月21日,十二層,
RPROMLRKRHHFFBB28CC,,134.96,住家用,鋼筋混凝土造,82年12月30日,十二層,十一層
RPROMLRKRHHFFBB28CC,,13.08,共有部分,鋼筋混凝土造,82年12月30日,十三層,
RPQNMLPKRHHFFFL66CC,6,83.07,見其他登記事項,鋼筋混凝土造,95年6月10日,015,五層
RPQNMLPKRHHFFFL66CC,6,30.00,見其他登記事項,鋼筋混凝土造,95年6月10日,015,
RPXQMLOKRHHFFAB68CC,39,15.00,商業用,見其他登記事項,63年2月15日,三層,一層 二層 三層 騎樓 地下層
RPUOMLOKRHHFFBB38DC,,127.39,住家用,鋼筋混凝土造,82年12月13日,八層,六層
RPUOMLOKRHHFFBB38DC,,26.46,共有部分,鋼筋混凝土造,82年12月13日,八層,
RPUOMLRKRHHFFCB68CC,3,46.46,住家用,鋼筋混凝土造,99年2月1日,十一層,九層
RPPPMLRKRHHFFCB28CC,3,39.57,住家用,鋼筋混凝土造,99年2月1日,十一層,四層
RPWOMLRKRHHFFCB88CC,3,39.72,住家用,鋼筋混凝土造,99年2月1日,十一層,四層
RPVOMLRKRHHFFCB78CC,18,111.68,見其他登記事項,鋼筋混凝土造,84年1月7日,二十四層,一層 二層
RPROMLOKRHHFFCB18DC,19,26.64,共有部分,鋼筋混凝土造,82年8月10日,七層,
RPROMLOKRHHFFCB18DC,19,99.92,住家用,鋼筋混凝土造,82年8月10日,七層,六層
RPUNMLRKRHHFFCB58CC,6,38.55,住家用,鋼筋混凝土造,95年11月24日,十四層,十一層
RPUNMLSKRHHFFFL47DC,21,79.07,見其他登記事項,鋼筋混凝土造,80年10月18日,005,四層 一層 二層 三層 五層 騎樓 地下層 見其他登記事項
RPTNMLSKRHHFFFL37DC,18,253.35,見其他登記事項,鋼筋混凝土造,83年5月3日,004,一層 二層 三層 四層 騎樓 見其他登記事項
RPPPMLRKRHHFFAB08CC,16,11.00,住家用,見其他登記事項,86年1月31日,二十八層,二十八層
RPQNMLRKRHHFFAB97CC,6,72.74,見其他登記事項,鋼筋混凝土造,95年12月22日,十五層,十層
RPVOMLSKRHHFFAB78DC,14,147.66,住家用,鋼筋混凝土造,87年10月30日,二十四層,十二層
RPVOMLSKRHHFFAB78DC,14,24.68,共有部分,鋼筋混凝土造,87年10月30日,二十四層,
RPVOMLSKRHHFFAB78DC,14,56.13,共有部分,鋼筋混凝土造,87年10月30日,二十四層,
RPPOMLSKRHHFFGL07CC,32,146.81,見其他登記事項,加強磚造,69年5月26日,002,一層 二層 見其他登記事項
RPPOMLSKRHHFFGL07CC,32,197.02,工業用,加強磚造,69年5月26日,001,一層
RPOOMLSKRHHFFBB18DC,,21945.00,住家用,鋼筋混凝土造,84年4月15日,十二層,八層
RPUPMLRKRHHFFCB78CC,19,22.79,住家用,鋼筋混凝土造,82年7月30日,六層,六層
RPTOMLRKRHHFFAB48DC,13,224.07,見使用執照,鋼筋混凝土造,89年1月24日,五層,一層 二層 三層 四層 五層 騎樓
RPXNMLSKRHHFFBL27CC,,147.07,住家用,加強磚造,75年8月4日,002,一層 二層 屋頂突出物 夾層
RPUOMLSKRHHFFCB78CC,22,1009.56,住商用,加強磚造,79年5月23日,二層,一層 二層 騎樓
RPRRMLSKRHHFFCB78CC,3,42.61,住家用,鋼筋混凝土造,99年2月1日,十一層,七層
RPVPMLTKRHHFFBB98CC,,83.83,住家用,鋼筋混凝土造,67年8月10日,七層,三層
RPWNMLTKRHHFFBB88CC,,69.28,住家用,鋼筋混凝土造,72年11月11日,五層,三層
RPXPMLTKRHHFFBB56CC,,74.32,住家用,鋼筋混凝土造,69年9月2日,五層,五層
RPPOMLTKRHHFFBB28CC,,79.94,住家用,鋼筋混凝土造,70年10月30日,五層,五層
RPXQMLSKRHHFFBB56CC,,15.90,住家用,鋼筋混凝土造,97年11月28日,十七層,九層
RPTQMLSKRHHFFCB88CC,31,103.14,住家用,見其他登記事項,70年4月1日,五層,三層
RPVQMLSKRHHFFCB09CC,30,101.16,住家用,加強磚造,71年7月31日,二層,一層 二層
RPWQMLSKRHHFFCB56CC,3,27.41,住家用,鋼筋混凝土造,99年2月1日,十一層,九層
RPQRMLSKRHHFFCB68CC,3,59.19,住家用,鋼筋混凝土造,99年2月1日,十二層,四層
RPQQMLTKRHHFFBB58CC,,84.17,住家用,鋼筋混凝土造,94年12月8日,十八層,三層
RPQNMLTKRHHFFCB38CC,20,165.41,見其他登記事項,見其他登記事項,81年7月1日,二十八層,十六層
RPQNMLTKRHHFFCB38CC,20,74.35,共有部分,見其他登記事項,81年7月1日,二十八層,
RPSNMLTKRHHFFCB58CC,4,124.79,住家用,鋼筋混凝土造,97年11月27日,二十二層,二層
RPRPMLTKRHHFFCB68CC,14,83.80,住家用,鋼筋混凝土造,88年2月6日,十三層,二層
RPRPMLTKRHHFFCB68CC,14,20.86,共有部分,鋼筋混凝土造,88年2月6日,十三層,
RPSPMLTKRHHFFCB78CC,17,220.47,見其他登記事項,鋼筋混凝土造,84年12月15日,四層,一層 二層 三層 四層 屋頂突出物 騎樓
RPRNMLTKRHHFFCB48CC,4,124.65,住家用,鋼筋混凝土造,98年1月21日,十層,七層
RPPQMLTKRHHFFCB58CC,3,91.15,住家用,鋼筋混凝土造,99年2月1日,十二層,九層
RPQQMLTKRHHFFCB68CC,3,62.26,住家用,鋼筋混凝土造,99年2月1日,十一層,七層
RPRQMLTKRHHFFCB78CC,18,98.25,住家用,鋼筋混凝土造,83年3月18日,二十層,五層
RPTNMLTKRHHFFCB68CC,4,107.07,住家用,鋼筋混凝土造,97年11月27日,二十二層,五層
RPSOMLTKRHHFFGL47CC,14,235.57,見其他登記事項,鋼筋混凝土造,88年2月12日,005,一層 二層 三層 四層 五層 騎樓
RPOOMLTKRHHFFBB28DC,,323.73,住商用,鋼筋混凝土造,69年12月16日,五層,一層 二層 三層 四層 五層 騎樓 地下層
RPRNMLTKRHHFFFL17CC,24,229.86,住家用,鋼筋混凝土造,78年1月31日,003,一層 二層 三層 騎樓 見其他登記事項
RPQNMLTKRHHFFFL17DC,20,77.90,住家用,鋼筋混凝土造,81年11月14日,007,五層
RPVNMLKLRHHFFAL98DC,32,81.65,住家用,加強磚造,70年3月25日,002,一層 二層 電梯樓梯間
RPSOMLKLRHHFFAB67CC,14,210.83,住家用,鋼筋混凝土造,87年10月30日,二十四層,二十四層
RPOOMLKLRHHFFGL98DC,16,162.67,見其他登記事項,鋼筋混凝土造,85年9月20日,003,一層 二層 三層 騎樓 見其他登記事項
RPVNMLTKRHHFFCL37DC,24,262.32,住商用,鋼筋混凝土造,77年6月1日,003,一層 二層 三層 騎樓 電梯樓梯間 地下層
RPVOMLKLRHHFFCL66DC,29,129.30,住商用,加強磚造,73年2月20日,002,一層 二層 騎樓 電梯樓梯間
RPWNMLTKRHHFFHL87CC,20,45.20,見其他登記事項,鋼筋混凝土造,81年4月30日,007,七層
RPVNMLKLRHHFFGL86CC,1,162.05,見其他登記事項,鋼筋混凝土造,101年1月11日,004,一層 二層 三層 四層 騎樓 見其他登記事項
RPPOMLTKRHHFFAB28DC,6,66.04,見其他登記事項,鋼筋混凝土造,95年12月22日,十五層,六層
RPPOMLTKRHHFFAB28DC,6,13.93,見其他登記事項,鋼筋混凝土造,95年12月22日,十五層,
RPPOMLTKRHHFFAB28DC,6,9.89,見其他登記事項,鋼筋混凝土造,95年12月22日,十五層,
RPXOMLKLRHHFFCB48DC,18,109.75,國民住宅,鋼筋混凝土造,83年5月23日,十二層,三層
RPQPMLKLRHHFFCB87DC,18,109.74,國民住宅,鋼筋混凝土造,83年5月23日,十二層,九層
RPWPMLLLRHHFFCB48CC,20,19.60,住家用,鋼筋混凝土造,81年3月17日,六層,五層
RPWOMLKLRHHFFCB28CC,17,111.96,住家用,鋼筋混凝土造,85年2月8日,八層,七層
RPVOMLKLRHHFFCB18CC,30,109.80,住商用,鋼筋混凝土造,71年7月9日,三層,一層 二層 三層 騎樓 地下層
RPWNMLLLRHHFFCB28CC,28,152.97,住家用,加強磚造,73年12月13日,二層,一層 二層
RPRPMLKLRHHFFCB97DC,21,111.07,住家用,鋼筋混凝土造,81年1月15日,十一層,十層
RPVOMLLLRHHFFCB28CC,3,61.72,住家用,鋼筋混凝土造,98年8月13日,二十六層,十六層
RPUNMLLLRHHFFCB08CC,19,47.56,住家用,鋼筋混凝土造,82年11月20日,八層,八層
RPTNMLLLRHHFFBB87CC,,104.16,見其他登記事項,鋼筋混凝土造,65年10月6日,四層,一層 二層 三層 四層 屋頂突出物 騎樓 地下一層
RPOQMLKLRHHFFCB67CC,13,265.69,住家用,鋼筋混凝土造,88年10月25日,十四層,四層
RPTNMLLLRHHFFCB08DC,18,88.50,住家用,鋼筋混凝土造,83年5月23日,十二層,十一層
RPSPMLLLRHHFFBB97CC,,119.47,住家用,鋼筋混凝土造,100年11月11日,十二層,二層
RPUPMLLLRHHFFBB18CC,,173.25,商業用,鋼筋混凝土造,80年6月27日,二十二層,十四層
RPUPMLLLRHHFFBB18CC,,104.91,共有部分,鋼筋混凝土造,80年6月27日,二十二層,
RPUNMLLLRHHFFGL86CC,8,241.29,見其他登記事項,鋼筋混凝土造,93年8月9日,004,一層 二層 三層 四層
RPOPMLLLRHHFFAB57DC,,113.85,住家用,磚造,,二層,一層 二層 騎樓
RPRPMLLLRHHFFBB87CC,,108.81,住家用,鋼筋混凝土造,100年11月11日,十二層,二層
RPTPMLLLRHHFFBB08CC,,119.47,住家用,鋼筋混凝土造,100年11月11日,十二層,二層
RPPNMLNLRHHFFCB77CC,21,67.75,住家用,鋼筋混凝土造,80年10月21日,六層,一層
RPPNMLNLRHHFFCB77CC,21,15.75,共有部分,鋼筋混凝土造,80年10月21日,六層,
RPRNMLOLRHHFFCB08CC,18,167.36,商業用,鋼筋混凝土造,83年4月7日,十八層,一層 騎樓 地下一層
RPXNMLOLRHHFFCB68CC,21,468.89,商業用,鋼筋混凝土造,80年5月16日,二十三層,十一層
RPXNMLOLRHHFFCB68CC,21,92.65,共有部分,鋼筋混凝土造,80年5月16日,二十三層,
RPQNMLOLRHHFFCB08DC,3,36.12,見其他登記事項,鋼筋混凝土造,98年9月14日,二十四層,三層
RPQOMLOLRHHFFCL09CC,16,55.19,國民住宅,鋼筋混凝土造,85年3月27日,008,六層
RPPNMLOLRHHFFBB87DC,,33.83,住家用,鋼筋混凝土造,97年11月28日,十七層,七層
RPVNMLOLRHHFFCB48CC,32,57.38,見其他登記事項,鋼筋混凝土造,69年5月22日,四層,一層 二層 三層 四層 騎樓 地下層
RPQPMLOLRHHFFBB08CC,,31.72,商業用,鋼筋混凝土造,83年12月22日,十七層,四層
RPQPMLOLRHHFFBB08CC,,14.64,共有部分,鋼筋混凝土造,83年12月22日,十七層,
RPUOMLOLRHHFFCB48CC,18,32.00,住家用,鋼筋混凝土造,83年6月10日,七層,三層
RPQNMLOLRHHFFBB97DC,,31.90,住家用,鋼筋混凝土造,97年11月28日,十七層,十四層
RPPNMLMLRHHFFCB77DC,15,98.61,見其他登記事項,鋼筋混凝土造,86年11月21日,二十一層,八層
RPPNMLMLRHHFFCB77DC,15,40.66,共有部分,鋼筋混凝土造,86年11月21日,二十一層,
RPSNMLOLRHHFFCB18CC,8,89.63,住家用,鋼筋混凝土造,94年2月15日,十三層,十二層
RPSNMLOLRHHFFCB18CC,8,54.62,見其他登記事項,鋼筋混凝土造,94年2月15日,十三層,
RPSNMLOLRHHFFBB18DC,,32.06,住家用,鋼筋混凝土造,97年11月28日,十七層,十五層
RPWNMLOLRHHFFBB58DC,,24.80,共有部分,鋼筋混凝土造,97年11月28日,十七層,
RPVNMLOLRHHFFBB48DC,,33.84,住家用,鋼筋混凝土造,97年11月28日,十七層,十五層
RPUNMLOLRHHFFBB38DC,,24.80,共有部分,鋼筋混凝土造,97年11月28日,十七層,
RPRNMLOLRHHFFBB08DC,,32.33,住家用,鋼筋混凝土造,97年11月28日,十七層,十四層
RPXNMLOLRHHFFBB68DC,,32.33,住家用,鋼筋混凝土造,97年11月28日,十七層,十二層
RPOOMLOLRHHFFBB87DC,,32.06,住家用,鋼筋混凝土造,97年11月28日,十七層,十六層
RPTNMLOLRHHFFBB28DC,,30.67,住家用,鋼筋混凝土造,97年11月28日,十七層,十六層
RPQOMLPLRHHFFFL86CC,18,116.86,住家用,鋼筋混凝土造,83年8月25日,008,六層
RPVNMLPLRHHFFFL27CC,29,128.69,住商用,鋼筋混凝土造,72年5月30日,003,一層 二層 三層
RPQOMLOLRHHFFAB87CC,26,89.41,住工用,鋼筋混凝土造,75年5月6日,二層,一層 二層 騎樓
RPPNMLOLRHHFFAB67CC,16,159.46,商業用,鋼筋混凝土造,86年1月4日,十四層,一層 二層 騎樓
RPPNMLOLRHHFFAB67CC,16,37.89,見其他登記事項,鋼筋混凝土造,86年1月4日,十四層,
RPPNMLOLRHHFFAB67CC,16,47.22,商業用,鋼筋混凝土造,86年1月4日,十四層,一層 騎樓
RPPNMLOLRHHFFAB67CC,16,14.16,共有部分,鋼筋混凝土造,86年1月4日,十四層,
RPPNMLOLRHHFFAB67CC,16,12.07,見其他登記事項,鋼筋混凝土造,86年1月4日,十四層,
RPOOMLPLRHHFFFL66CC,19,104.75,住家用,鋼筋混凝土造,82年7月2日,007,三層
RPOOMLPLRHHFFFL66CC,19,35.69,共有部份,鋼筋混凝土造,82年7月2日,007,
RPQNMLOLRHHFFAB77CC,12,156.09,住家用,鋼筋混凝土造,89年6月5日,十二層,四層
RPTNMLPLRHHFFFL07CC,19,67.60,住家用,鋼筋混凝土造,82年11月22日,014,四層
RPTNMLPLRHHFFFL07CC,19,20.78,共有部份,鋼筋混凝土造,82年11月22日,014,
RPXOMLPLRHHFFBB88DC,,145.08,住家用,鋼筋混凝土造,85年5月20日,九層,四層
RPVNMLOLRHHFFAB28CC,18,46.34,住家用,鋼筋混凝土造,83年4月6日,七層,三層
RPWOMLPLRHHFFCB88DC,18,208.79,住商用,鋼筋混凝土造,84年2月20日,十三層,一層 二層 三層 騎樓
RPPPMLQLRHHFFAL09CC,36,78.96,住家用,加強磚造,65年10月23日,002,二層 一層
RPWOMLQLRHHFFAB68CC,23,160.05,住商用,鋼筋混凝土造,78年4月12日,三層,一層 二層 三層 騎樓
RPSOMLQLRHHFFBB48DC,,106.50,住家用,鋼骨鋼筋混凝土造,84年12月8日,二十一層,六層
RPUNMLPLRHHFFCB48CC,17,221.15,住商用,鋼筋混凝土造,84年4月26日,八層,騎樓 一層 二層
RPROMLRLRHHFFAB28CC,19,115.70,住家用,鋼筋混凝土造,83年2月8日,八層,五層
RPWRMLPLRHHFFCB09CC,15,193.11,見其他登記事項,鋼筋混凝土造,87年1月8日,十四層,三層
RPWRMLPLRHHFFCB09CC,15,217.09,共有部分,鋼筋混凝土造,87年1月8日,十四層,
RPWRMLPLRHHFFCB09CC,15,181.65,見其他登記事項,鋼筋混凝土造,87年1月8日,十四層,三層
RPSPMLPLRHHFFCB48CC,13,254.91,見其他登記事項,鋼筋混凝土造,88年7月7日,五層,一層 二層 三層 四層 五層 騎樓
RPRPMLQLRHHFFCB58DC,7,255.40,見其他登記事項,鋼筋混凝土造,94年11月28日,四層,一層 二層 三層 四層 地下層 見其他登記事項
RPRPMLQLRHHFFCB58DC,7,81.43,見其他登記事項,鋼筋混凝土造,94年11月28日,五層,
RPPOMLRLRHHFFCB28CC,2,200.78,住家用,鋼筋混凝土造,100年1月21日,三十五層,十三層
RPQPMLRLRHHFFCB48CC,4,125.83,住家用,鋼筋混凝土造,97年4月25日,十四層,三層
RPUPMLRLRHHFFCB88CC,,1173.62,見其他登記事項,見其他登記事項,101年5月4日,二層,一層 二層
RPWPMLQLRHHFFCB09DC,5,27.59,住家用,鋼筋混凝土造,96年3月13日,十五層,四層
RPOOMLSLRHHFFAL56DC,20,37.92,住家用,鋼筋混凝土造,81年8月18日,002,一層 二層 夾層 見其他登記事項
RPTPMLRLRHHFFBB78DC,,115.32,見其他登記事項,鋼筋混凝土造,96年12月31日,十二層,一層 二層 騎樓
RPTPMLRLRHHFFBB78DC,,28.87,共有部分,鋼筋混凝土造,96年12月31日,十二層,
RPSOMLRLRHHFFBB48CC,,71.60,住家用,鋼筋混凝土造,86年1月27日,十二層,五層
RPSOMLRLRHHFFBB48CC,,7.75,共有部分,鋼筋混凝土造,86年1月27日,十二層,
RPSOMLRLRHHFFBB48CC,,6.98,共有部分,鋼筋混凝土造,86年1月27日,十二層,
RPSOMLRLRHHFFBB48CC,,15.40,共有部分,鋼筋混凝土造,86年1月27日,十二層,
RPOPMLRLRHHFFBB18CC,,229.77,見其他登記事項,鋼筋混凝土造,86年6月28日,五層,一層 二層 三層 四層 五層 屋頂突出物
RPSPMLSLRHHFFBB68CC,,78.25,商業用,鋼筋混凝土造,82年11月23日,八層,一層 騎樓
RPXOMLSLRHHFFBB09CC,,106.08,住家用,鋼筋混凝土造,89年2月18日,十四層,七層
RPXOMLSLRHHFFBB09CC,,47.89,共有部分,鋼筋混凝土造,89年2月18日,十四層,
RPVPMLSLRHHFFBB98CC,,64.28,住家用,鋼筋混凝土造,89年2月18日,十四層,三層
RPVPMLSLRHHFFBB98CC,,23.00,共有部分,鋼筋混凝土造,89年2月18日,十四層,
RPTOMLRLRHHFFAL96DC,7,33.00,見其他登記事項,鋼筋混凝土造,94年11月25日,004,一層 二層 三層 四層
RPTPMLSLRHHFFBB78CC,,44.39,住家用,鋼筋混凝土造,96年12月31日,十四層,七層
RPTPMLSLRHHFFBB78CC,,34.21,共有部分,鋼筋混凝土造,96年12月31日,十四層,
RPRQMLSLRHHFFBB68CC,,29.23,住家用,鋼筋混凝土造,82年10月28日,七層,四層
RPRQMLSLRHHFFBB68CC,,8.45,共有部分,鋼筋混凝土造,82年10月28日,七層,
RPWQMLSLRHHFFBB56CC,,78.13,住家用,鋼筋混凝土造,89年2月18日,十四層,四層
RPWQMLSLRHHFFBB56CC,,27.87,共有部分,鋼筋混凝土造,89年2月18日,十四層,
RPPOMLSLRHHFFHL27CC,33,84.70,住家用,加強磚造,69年2月5日,002,一層 二層
RPXNMLSLRHHFFHL97CC,28,170.35,見其他登記事項,鋼筋混凝土造,73年5月26日,003,見其他登記事項 一層 二層 三層 騎樓
RPPOMLSLRHHFFCB38CC,15,23.60,見其他登記事項,鋼筋混凝土造,86年12月16日,二十三層,二十二層
RPXPMLSLRHHFFBB66DC,,41.65,住家用,鋼筋混凝土造,99年9月9日,十七層,八層
RPWNMLSLRHHFFAL17CC,20,84.18,住家用,鋼筋混凝土造,81年12月12日,007,六層
RPSQMLSLRHHFFCB88CC,13,220.21,見其他登記事項,鋼筋混凝土造,88年12月24日,九層,騎樓 一層 二層
RPROMLRLRHHFFBB38CC,,178.28,商業用,鋼筋混凝土造,80年12月24日,十二層,七層
RPPNMLTLRHHFFCB48DC,5,37.81,住家用,鋼筋混凝土造,96年3月13日,十五層,六層
RPSOMLLJIIHFFCL97CC,5,157.03,見其他登記事項,鋼筋混凝土造,96年9月13日,004,一層 二層 三層 四層
RPUNMLLJIIHFFHL58CC,17,153.31,見其他登記事項,鋼筋混凝土造,84年12月12日,003,一層 二層 三層 見其他登記事項
RPUNMLLJIIHFFCB17DC,21,39.29,住家用,鋼筋混凝土造,81年1月15日,十一層,七層
RPVQMLSLRHHFFBB09CC,,30.95,住家用,鋼筋混凝土造,80年6月6日,十六層,五層
RPVQMLSLRHHFFBB09CC,,1.41,共有部分,鋼筋混凝土造,80年6月6日,十六層,
RPVQMLSLRHHFFBB09CC,,.90,共有部分,鋼筋混凝土造,80年6月6日,十六層,
RPVQMLSLRHHFFBB09CC,,1.11,共有部分,鋼筋混凝土造,80年6月6日,十六層,
RPVQMLSLRHHFFBB09CC,,11.74,共有部分,鋼筋混凝土造,80年6月6日,十六層,
RPSNMLLJIIHFFCB96DC,19,229.52,住商用,鋼筋混凝土造,82年5月7日,四層,一層 二層 三層 四層 屋頂突出物 騎樓
RPTNMLLJIIHFFBB96DC,,51.28,住家用,鋼筋混凝土造,97年11月28日,十七層,十七層
RPRNMLSLRHHFFAB28CC,6,100.98,見其他登記事項,鋼筋混凝土造,95年12月22日,十五層,十四層
RPUNMLLJIIHFFBB07DC,,14.88,共有部分,鋼筋混凝土造,97年11月28日,十七層,
RPVNMLLJIIHFFBB17DC,,30.85,住家用,鋼筋混凝土造,97年11月28日,十七層,七層
RPWNMLLJIIHFFBB27DC,,50.49,住家用,鋼筋混凝土造,97年11月28日,十七層,十四層
RPTOMLLJIIHFFCB07CC,19,172.62,住家用,鋼筋混凝土造,83年1月5日,四層,一層 二層 三層 四層
RPQQMLLJIIHFFCB96CC,4,42.99,住家用,鋼筋混凝土造,97年12月12日,九層,九層
RPQQMLLJIIHFFCB96CC,4,10.69,見其他登記事項,鋼筋混凝土造,97年12月12日,九層,
RPQQMLLJIIHFFCB96CC,4,6.93,見其他登記事項,鋼筋混凝土造,97年12月12日,九層,
RPPOMLLJIIHFFCL77DC,17,132.12,住家用,鋼筋混凝土造,84年12月30日,007,二層
RPTNMLMJIIHFFHL68DC,22,100.77,見其他登記事項,鋼筋混凝土造,79年5月10日,005,一層
RPTNMLMJIIHFFHL68DC,22,.16,共有部份,鋼筋混凝土造,79年5月10日,005,
RPSOMLLJIIHFFCB96CC,17,48.74,住家用,鋼筋混凝土造,84年5月25日,十二層,三層
RPSQMLLJIIHFFBB07CC,,332.89,見其他登記事項,鋼筋混凝土造,98年6月2日,四層,一層 二層 三層 四層 騎樓
RPWNMLMJIIHFFHL98DC,22,102.15,見其他登記事項,鋼筋混凝土造,79年5月10日,005,五層
RPOPMLMJIIHFFAB66DC,32,61.98,住商用,見其他登記事項,69年5月28日,四層,一層
RPUOMLMJIIHFFBB17CC,,169.10,商業用,鋼筋混凝土造,68年7月25日,五層,通道 一層
RPSOMLLJIIHFFFL28CC,7,40.02,見其他登記事項,鋼筋混凝土造,94年8月8日,003,一層 二層 三層 見其他登記事項
RPWNMLMJIIHFFAB17CC,14,53.00,見其他登記事項,鋼筋混凝土造,88年2月10日,十二層,七層
RPXQMLSLRHHFFCB76CC,3,59.76,住家用,鋼筋混凝土造,98年8月13日,十八層,十四層
RPOOMLMJIIHFFCB66CC,,89.25,住家用,鋼筋混凝土造,101年5月23日,十一層,二層
RPTOMLMJIIHFFBB17DC,,112.12,住家用,鋼筋混凝土造,84年9月13日,二十二層,十七層
RPRNMLLJIIHFFBB76DC,,30.12,住家用,鋼筋混凝土造,97年11月28日,十七層,六層
RPPQMLMJIIHFFBB96DC,,79.85,住家用,鋼筋混凝土造,75年4月19日,五層,四層
RPQNMLLJIIHFFGL18DC,22,306.40,見其他登記事項,鋼筋混凝土造,79年6月30日,004,一層 二層 三層 四層 屋頂突出物
RPSOMLMJIIHFFCB17DC,20,60.56,商業用,鋼筋混凝土造,82年2月25日,七層,一層 地下層
RPVNMLNJIIHFFBB37DC,,247.46,住商用,鋼筋混凝土造,77年1月11日,四層,一層 二層 三層 四層 騎樓 地下層
RPUQMLNJIIHFFCB57CC,27,212.61,見其他登記事項,鋼筋混凝土造,75年3月11日,三層,一層 二層 三層 騎樓 地下層
RPTRMLNJIIHFFCB57CC,18,113.62,住家用,鋼筋混凝土造,83年7月21日,二十四層,十四層
RPTRMLNJIIHFFCB57CC,18,41.90,共有部分,鋼筋混凝土造,83年7月21日,二十四層,
RPSOMLNJIIHFFBB07CC,,74.30,住家用,鋼筋混凝土造,66年12月14日,五層,二層
RPVRMLNJIIHFFCB77CC,18,152.16,住家用,鋼筋混凝土造,83年7月21日,二十四層,十四層
RPVRMLNJIIHFFCB77CC,18,49.08,共有部分,鋼筋混凝土造,83年7月21日,二十四層,
RPQOMLNJIIHFFHL58DC,25,100.07,見其他登記事項,加強磚造,77年2月15日,002,一層 二層 見其他登記事項
RPWOMLMJIIHFFCB57DC,25,247.18,見其他登記事項,鋼筋混凝土造,76年12月30日,五層,一層 二層 三層 四層 五層 騎樓 地下層
RPROMLMJIIHFFAL77CC,32,208.72,住商用,鋼筋混凝土造,69年12月11日,003,一層 二層 三層 地下層 見其他登記事項
RPOOMLNJIIHFFAB56CC,18,125.15,住商用,鋼筋混凝土造,83年10月18日,十四層,一層 二層 騎樓
RPSNMLOJIIHFFHL78DC,37,123.06,見其他登記事項,加強磚造,65年2月17日,002,一層 二層 走廊
RPWNMLOJIIHFFCB57CC,3,34.09,住家用,鋼筋混凝土造,98年8月13日,二十六層,十五層
RPRNMLNJIIHFFAB86DC,15,98.84,住家用,鋼筋混凝土造,86年9月25日,十八層,八層
RPWOMLOJIIHFFBB57CC,,380.24,商業用,鋼筋混凝土造,81年11月10日,十九層,五層
RPWOMLOJIIHFFBB57CC,,33.78,共有部分,鋼筋混凝土造,81年11月10日,十九層,
RPTPMLOJIIHFFBB37CC,,135.86,國民住宅,鋼筋混凝土造,87年6月10日,十四層,三層
RPWNMLOJIIHFFFL88CC,19,63.98,住家用,鋼筋混凝土造,82年5月25日,012,十一層
RPWNMLOJIIHFFFL88CC,19,17.45,共有部份,鋼筋混凝土造,82年5月25日,012,
RPSOMLNJIIHFFAB96CC,43,71.22,商業用,見其他登記事項,58年9月30日,二層,一層 二層
RPTQMLOJIIHFFAB37CC,16,18.73,見其他登記事項,鋼筋混凝土造,85年5月6日,十八層,十一層
RPUNMLNJIIHFFCB27CC,6,220.74,見其他登記事項,鋼筋混凝土造,95年8月16日,二十二層,一層 二層 騎樓
RPTPMLOJIIHFFCB47CC,5,92.53,住家用,鋼筋混凝土造,96年10月12日,十五層,十三層
RPWOMLOJIIHFFCB67CC,20,57.38,住家用,鋼筋混凝土造,81年10月16日,六層,三層
RPXOMLOJIIHFFCB77CC,18,116.24,住家用,鋼筋混凝土造,83年7月21日,二十四層,二十層
RPXOMLOJIIHFFCB77CC,18,44.30,共有部分,鋼筋混凝土造,83年7月21日,二十四層,
RPOPMLNJIIHFFAL67CC,15,151.88,住商用,鋼筋混凝土造,86年11月18日,003,一層 二層 三層 騎樓
RPQOMLOJIIHFFFL38CC,1,22.85,見其他登記事項,鋼筋混凝土造,100年11月8日,004,三層 四層 騎樓 見其他登記事項 一層 二層
RPOQMLOJIIHFFAB86CC,6,94.84,見其他登記事項,鋼筋混凝土造,95年8月10日,十五層,十一層
RPOQMLOJIIHFFAB86CC,6,17.84,見其他登記事項,鋼筋混凝土造,95年8月10日,十五層,
RPOQMLOJIIHFFAB86CC,6,16.66,見其他登記事項,鋼筋混凝土造,95年8月10日,十五層,
RPUPMLPJIIHFFBB67DC,,72.73,商業用,鋼筋混凝土造,76年4月25日,五層,一層 騎樓
RPROMLPJIIHFFGL68CC,18,96.21,見其他登記事項,鋼筋混凝土造,83年5月21日,012,一層 二層 騎樓
RPUPMLPJIIHFFAB47CC,14,93.52,住家用,鋼筋混凝土造,88年2月11日,十一層,十層
RPRUMLPJIIHFFCB87CC,17,258.38,商業用,鋼筋混凝土造,84年10月24日,二十五層,十五層
RPUUMLPJIIHFFCB18CC,20,174.51,見其他登記事項,見其他登記事項,81年7月1日,二十八層,九層
RPVSMLPJIIHFFCB08CC,3,149.11,住家用,鋼筋混凝土造,98年9月29日,十五層,十二層
RPOOMLPJIIHFFBB86CC,,181.59,住家用,鋼筋混凝土造,80年6月3日,六層,三層
RPWNMLPJIIHFFBB57CC,,63.68,住家用,鋼筋混凝土造,94年12月8日,十八層,七層
RPWNMLPJIIHFFBB57CC,,25.50,共有部分,鋼筋混凝土造,94年12月8日,十八層,
RPTUMLPJIIHFFCB08CC,18,280.99,商業用,鋼筋混凝土造,83年10月24日,十四層,八層
RPVPMLPJIIHFFCB77CC,3,64.83,住家用,鋼筋混凝土造,99年2月1日,十一層,七層
RPVPMLPJIIHFFCB77CC,3,23.89,見其他登記事項,鋼筋混凝土造,99年2月1日,十二層,
RPSOMLPJIIHFFBB27CC,,144.87,住家用,鋼筋混凝土造,97年1月22日,十五層,十一層
RPSOMLPJIIHFFBB27CC,,29.05,共有部分,鋼筋混凝土造,97年1月22日,十五層,
RPSOMLPJIIHFFBB27CC,,20.98,共有部分,鋼筋混凝土造,97年1月22日,十五層,
RPUQMLPJIIHFFBB67CC,,53.31,見其他登記事項,見其他登記事項,93年2月27日,四層,二層 三層 一層 四層
RPPOMLPJIIHFFBB96CC,,31.76,住家用,鋼筋混凝土造,94年12月8日,十八層,十八層
RPPOMLPJIIHFFBB96CC,,35.07,共有部分,鋼筋混凝土造,94年12月8日,十八層,
RPPSMLPJIIHFFBB37CC,,167.37,商業用,見其他登記事項,81年8月29日,二十六層,六層
RPXQMLPJIIHFFBB97CC,,175.36,住商用,鋼筋混凝土造,80年1月4日,九層,一層 二層 騎樓
RPXQMLPJIIHFFBB97CC,,10.04,見其他登記事項,鋼筋混凝土造,80年1月4日,十層,地下層
RPVQMLPJIIHFFBB77CC,,153.61,見其他登記事項,見其他登記事項,93年2月27日,四層,一層 二層 三層 四層
RPOSMLPJIIHFFBB27CC,,459.40,商業用,鋼筋混凝土造,79年8月17日,十二層,八層
RPTRMLPJIIHFFBB67CC,,318.21,商業用,見其他登記事項,81年8月29日,二十六層,十二層
RPWTMLPJIIHFFCB28CC,5,79.90,見其他登記事項,鋼筋混凝土造,96年9月27日,五層,一層 二層 三層 四層 五層 騎樓 見其他登記事項
RPRPMLQJIIHFFCB47CC,16,290.32,見其他登記事項,鋼筋混凝土造,85年11月18日,十二層,二層
RPRPMLQJIIHFFCB47CC,16,180.90,共有部分,鋼筋混凝土造,85年11月18日,十二層,
RPXOMLQJIIHFFCB97CC,2,130.10,見其他登記事項,鋼筋混凝土造,99年8月12日,一層,騎樓 一層
RPRNMLRJIIHFFBB37DC,18,46.92,住家用,鋼筋混凝土造,83年12月10日,十六層,
RPPNMLQJIIHFFHL58CC,28,87.40,見其他登記事項,鋼筋混凝土造,73年10月11日,004,四層
RPPNMLQJIIHFFHL58CC,28,4.84,見其他登記事項,鋼筋混凝土造,73年10月11日,004,地下層
RPXTMLPJIIHFFCB38CC,2,137.79,見其他登記事項,鋼筋混凝土造,99年9月30日,二十三層,十八層
RPTNMLSJIIHFFBB67DC,4,19.56,住家用,鋼筋混凝土造,97年11月28日,十七層,
RPTNMLSJIIHFFBB67DC,4,4.08,共有部分,鋼筋混凝土造,97年11月28日,十七層,
RPTNMLSJIIHFFBB67DC,4,8.42,共有部分,鋼筋混凝土造,97年11月28日,十七層,
RPSPMLSJIIHFFBB77DC,21,257.97,住商用,鋼筋混凝土造,80年12月28日,十二層,
RPSPMLSJIIHFFBB77DC,21,238.31,住商用,鋼筋混凝土造,80年12月28日,十二層,
RPUNMLSJIIHFFBB77DC,4,18.50,住家用,鋼筋混凝土造,97年11月28日,十七層,
RPUNMLSJIIHFFBB77DC,4,3.86,共有部分,鋼筋混凝土造,97年11月28日,十七層,
RPUNMLSJIIHFFBB77DC,4,7.76,共有部分,鋼筋混凝土造,97年11月28日,十七層,
RPQUMLPJIIHFFCB77CC,18,486.45,商業用,鋼筋混凝土造,83年10月24日,十四層,十層
RPSPMLSJIIHFFCB87DC,20,68.03,住家用,鋼筋混凝土造,82年1月12日,十六層,十層
RPTPMLSJIIHFFAB67CC,24,136.47,住商用,加強磚造,78年1月20日,二層,一層 二層
RPVQMLSJIIHFFCB18CC,16,94.72,國民住宅,鋼筋混凝土造,85年9月23日,十二層,七層
RPUNMLSJIIHFFAL58CC,4,46.20,見其他登記事項,鋼筋混凝土造,97年8月29日,006,
RPVNMLSJIIHFFAL68CC,4,32.70,見其他登記事項,鋼筋混凝土造,97年8月29日,006,
RPPOMLSJIIHFFAL18CC,4,31.40,見其他登記事項,鋼筋混凝土造,97年8月29日,006,
RPRQMLSJIIHFFCB77CC,4,74.75,住家用,鋼筋混凝土造,97年11月27日,二十二層,十四層
RPOOMLQJIIHFFCB07CC,18,110.62,商業用,鋼筋混凝土造,83年12月5日,九層,一層 騎樓
RPOOMLQJIIHFFCB07CC,18,15.88,共有部分,鋼筋混凝土造,83年12月5日,九層,
RPOOMLQJIIHFFCB07CC,18,40.97,共有部分,鋼筋混凝土造,83年12月5日,九層,
RPOOMLQJIIHFFCB07CC,18,14.19,共有部分,鋼筋混凝土造,83年12月5日,九層,
RPSNMLSJIIHFFBB57DC,4,19.83,住家用,鋼筋混凝土造,97年11月28日,十七層,
RPSNMLSJIIHFFBB57DC,4,4.13,共有部分,鋼筋混凝土造,97年11月28日,十七層,
RPSNMLSJIIHFFBB57DC,4,8.37,共有部分,鋼筋混凝土造,97年11月28日,十七層,
RPXNMLSJIIHFFCL56DC,6,212.17,見其他登記事項,鋼筋混凝土造,95年10月16日,004,
RPXNMLSJIIHFFCL56DC,6,2.67,見其他登記事項,鋼筋混凝土造,95年9月19日,003,
RPQOMLSJIIHFFAL28CC,4,101.40,見其他登記事項,鋼筋混凝土造,97年8月29日,006,
RPROMLSJIIHFFCL68DC,28,77.00,住家用,加強磚造,73年10月1日,002,
RPOPMLTJIIHFFCB47CC,20,294.00,住商用,鋼筋混凝土造,81年11月27日,五層,一層 二層 三層 四層 五層 屋頂突出物 騎樓
RPTQMLTJIIHFFCB08CC,2,40.87,住家用,鋼筋混凝土造,99年11月19日,二十四層,十九層
RPQQMLTJIIHFFCB77CC,4,74.75,住家用,鋼筋混凝土造,97年11月27日,二十二層,十二層
RPSNMLTJIIHFFHL56CC,22,110.09,見其他登記事項,鋼筋混凝土造,79年7月2日,005,四層
RPSNMLTJIIHFFHL56CC,22,36.50,見其他登記事項,鋼筋混凝土造,79年7月2日,005,地下層
RPVVMLTJIIHFFBB68CC,27,221.69,住家用,鋼筋混凝土造,75年1月6日,四層,
RPUOMLTJIIHFFCL98CC,7,164.90,見其他登記事項,鋼筋混凝土造,94年10月21日,004,
RPPOMLKKIIHFFCB66CC,16,23.44,住家用,鋼筋混凝土造,85年5月27日,十九層,
RPPOMLKKIIHFFCB66CC,16,6.70,共有部分,鋼筋混凝土造,85年5月27日,十九層,
RPPOMLKKIIHFFCB66CC,16,3.09,共有部分,鋼筋混凝土造,85年5月27日,十九層,
RPSOMLKKIIHFFCB96CC,6,19.93,住家用,鋼筋混凝土造,95年11月24日,十四層,
RPTOMLKKIIHFFCB07CC,15,17.83,住家用,鋼筋混凝土造,86年4月8日,十三層,
RPXSMLTJIIHFFBB68DC,23,37.37,住商用,鋼筋混凝土造,78年6月13日,八層,
RPSNMLKKIIHFFHL48DC,22,260.65,見其他登記事項,鋼筋混凝土造,79年8月26日,004,一層 二層 三層 四層 騎樓 地下層 見其他登記事項
RPUPMLTJIIHFFAB87CC,14,139.45,住家用,鋼筋混凝土造,87年10月30日,二十四層,十層
RPUQMLTJIIHFFAB97CC,16,18.73,見其他登記事項,鋼筋混凝土造,85年5月6日,十八層,十層
RPTNMLKKIIHFFAB76CC,18,141.87,住商用,鋼筋混凝土造,83年8月4日,七層,一層 二層
RPXQMLTJIIHFFAB28CC,16,18.73,見其他登記事項,鋼筋混凝土造,85年5月6日,十八層,十三層
RPTNMLLKIIHFFAB96DC,41,198.54,商業用,見其他登記事項,60年11月23日,三層,一層 二層 三層 騎樓 地下層
RPQOMLLKIIHFFCB86CC,18,633.25,商業用,鋼筋混凝土造,83年12月27日,十四層,
RPQOMLLKIIHFFCB86CC,18,250.57,共有部分,鋼筋混凝土造,83年12月27日,十四層,
RPOOMLLKIIHFFBB56CC,24,108.13,住家用,鋼筋混凝土造,77年12月29日,五層,
RPOQMLLKIIHFFBB76CC,32,36.35,商業用,鋼骨混凝土造,69年10月21日,十層,
RPQNMLLKIIHFFAL57CC,18,236.25,見其他登記事項,鋼筋混凝土造,83年12月8日,005,
RPXNMLLKIIHFFCB47CC,6,68.92,住家用,鋼筋混凝土造,95年8月16日,二十二層,
RPTNMLLKIIHFFFL38CC,31,306.71,住商用,鋼筋混凝土造,70年11月13日,004,一層 二層 三層 四層 騎樓 見其他登記事項
RPWPMLLKIIHFFBB47CC,16,31.97,住家用,鋼筋混凝土造,85年7月15日,十四層,
RPQOMLLKIIHFFBB86DC,4,24.80,共有部分,鋼筋混凝土造,97年11月28日,十七層,
RPQNMLMKIIHFFHL38CC,28,92.26,見其他登記事項,鋼筋混凝土造,73年10月11日,004,一層 二層 騎樓
RPQNMLMKIIHFFHL38CC,28,4.38,見其他登記事項,鋼筋混凝土造,73年10月11日,004,地下層
RPVQMLTJIIHFFAB08CC,16,14.66,見其他登記事項,鋼筋混凝土造,85年5月6日,十八層,九層
RPSOMLMKIIHFFBB07CC,19,96.70,商業用,鋼筋混凝土造,82年11月11日,七層,
RPXPMLMKIIHFFBB67CC,19,98.47,商業用,鋼筋混凝土造,83年2月7日,十八層,
RPXPMLMKIIHFFBB67CC,19,37.72,共有部分,鋼筋混凝土造,83年2月7日,十八層,
RPXPMLMKIIHFFBB67CC,19,19.68,共有部分,鋼筋混凝土造,83年2月7日,十八層,
RPPQMLMKIIHFFBB96CC,4,44.95,住家用,鋼筋混凝土造,97年12月2日,四層,
RPPQMLMKIIHFFBB96CC,4,12.87,見其他登記事項,鋼筋混凝土造,97年12月2日,四層,
RPRQMLMKIIHFFBB17CC,19,44.07,住家用,鋼筋混凝土造,83年2月7日,十八層,
RPRQMLMKIIHFFBB17CC,19,33.46,共有部分,鋼筋混凝土造,83年2月7日,十八層,
RPQQMLMKIIHFFBB07CC,19,20.63,住家用,鋼筋混凝土造,83年2月7日,十八層,
RPQQMLMKIIHFFBB07CC,19,9.13,共有部分,鋼筋混凝土造,83年2月7日,十八層,
RPTQMLMKIIHFFBB37CC,2,40.40,住家用,鋼筋混凝土造,99年9月9日,十七層,
RPTQMLMKIIHFFBB37CC,2,23.92,見其他登記事項,鋼筋混凝土造,99年9月9日,十七層,
RPTQMLMKIIHFFBB37CC,2,14.21,見其他登記事項,鋼筋混凝土造,99年9月9日,十七層,
RPSNMLLKIIHFFAL77CC,1,163.14,農舍,見其他登記事項,101年3月8日,001,
RPORMLMKIIHFFCB07CC,3,52.45,見其他登記事項,鋼筋混凝土造,98年8月13日,二十六層,
RPORMLMKIIHFFCB07CC,3,3.28,見其他登記事項,鋼筋混凝土造,98年8月13日,二十六層,
RPQRMLMKIIHFFCB27CC,3,36.14,住家用,鋼筋混凝土造,98年8月13日,二十六層,
RPQRMLMKIIHFFCB27CC,3,3.28,見其他登記事項,鋼筋混凝土造,98年8月13日,二十六層,
RPQRMLMKIIHFFCB27CC,3,15.60,見其他登記事項,鋼筋混凝土造,98年8月13日,二十六層,
RPQNMLNKIIHFFHL48CC,20,178.98,見其他登記事項,鋼筋混凝土造,82年3月26日,003,一層 二層 三層 騎樓 見其他登記事項
RPRRMLMKIIHFFCB37CC,3,53.07,住家用,鋼筋混凝土造,98年8月13日,二十六層,
RPRRMLMKIIHFFCB37CC,3,42.64,見其他登記事項,鋼筋混凝土造,98年8月13日,二十六層,
RPRRMLMKIIHFFCB37CC,3,23.14,見其他登記事項,鋼筋混凝土造,98年8月13日,二十六層,
RPTOMLMKIIHFFCB37DC,20,99.59,住家用,鋼筋混凝土造,81年12月5日,六層,
RPRNMLOKIIHFFCL28DC,1,161.54,見其他登記事項,鋼筋混凝土造,100年11月16日,004,
RPSOMLMKIIHFFCB17CC,23,312.22,住商用,鋼筋混凝土造,79年1月13日,五層,
RPPRMLMKIIHFFCB17CC,6,244.40,住家用,鋼筋混凝土造,95年8月16日,二十二層,
RPPRMLMKIIHFFCB17CC,6,27.50,見其他登記事項,鋼筋混凝土造,95年8月16日,二十二層,
RPRNMLNKIIHFFCB07CC,19,135.81,見其他登記事項,見其他登記事項,82年5月7日,二十二層,
RPOQMLPKIIHFFAB17DC,,86.67,見其他登記事項,鋼筋混凝土造,101年5月28日,十五層,一層 騎樓
RPOQMLPKIIHFFAB17DC,,21.76,見其他登記事項,鋼筋混凝土造,101年5月28日,十五層,
RPWNMLPKIIHFFAB67DC,34,144.45,工業用,加強磚造,67年11月16日,二層,一層 二層
RPPNMLOKIIHFFCB96CC,21,26.86,住家用,鋼筋混凝土造,80年6月22日,六層,
RPQPMLPKIIHFFCB37CC,14,200.45,見其他登記事項,鋼筋混凝土造,87年12月21日,四層,
RPQPMLPKIIHFFCB37CC,14,40.48,共有部分,鋼筋混凝土造,87年12月21日,十層,
RPXPMLPKIIHFFCB08CC,15,121.59,住家用,鋼筋混凝土造,86年6月27日,九層,
RPVNMLPKIIHFFBB57CC,31,101.48,住家用,加強磚造,70年6月11日,二層,
RPVNMLPKIIHFFBB57CC,31,101.48,住家用,加強磚造,70年6月11日,二層,
RPTPMLPKIIHFFBB57CC,16,76.10,住商用,鋼筋混凝土造,85年9月26日,十層,
RPTPMLPKIIHFFBB57CC,16,43.93,共有部分,鋼筋混凝土造,85年9月26日,十層,
RPXNMLPKIIHFFBB77CC,18,33.85,商業用,鋼筋混凝土造,83年12月22日,十七層,
RPXNMLPKIIHFFBB77CC,18,15.71,共有部分,鋼筋混凝土造,83年12月22日,十七層,
RPUPMLPKIIHFFBB67CC,16,43.73,住家用,鋼筋混凝土造,85年7月15日,十四層,
RPQQMLPKIIHFFBB37CC,2,300.37,見其他登記事項,鋼筋混凝土造,100年4月15日,五層,
RPXPMLPKIIHFFBB97CC,11,35.96,共有部分,鋼筋混凝土造,90年9月7日,十四層,
RPXPMLPKIIHFFBB97CC,11,8.92,共有部分,鋼筋混凝土造,90年9月7日,十四層,
RPXPMLPKIIHFFBB97CC,11,82.14,住家用,鋼筋混凝土造,90年9月7日,十四層,
RPQOMLPKIIHFFGL68CC,7,73.22,見其他登記事項,鋼筋混凝土造,94年11月1日,004,
RPVPMLPKIIHFFAB67CC,18,30.81,住家用,鋼筋混凝土造,84年1月13日,十九層,六層
RPOPMLPKIIHFFBB17DC,3,18.99,見其他登記事項,鋼筋混凝土造,99年2月4日,五層,
RPWPMLPKIIHFFAB77CC,15,72.07,見其他登記事項,鋼筋混凝土造,87年4月10日,十三層,一層 騎樓
RPPPMLQKIIHFFCB37CC,40,11.30,住家用,加強磚造,62年2月15日,二層,
RPUQMLPKIIHFFCB87CC,16,80.31,國民住宅,鋼筋混凝土造,85年9月23日,十二層,
RPUQMLPKIIHFFCB87CC,16,48.90,共有部分,鋼筋混凝土造,85年9月23日,十二層,
RPTNMLQKIIHFFBB57DC,5,97.34,住家用,鋼筋混凝土造,96年12月31日,十四層,
RPUNMLRKIIHFFFL56DC,25,176.40,住家用,鋼筋混凝土造,76年12月31日,003,
RPUPMLRKIIHFFHL96DC,19,81.80,見其他登記事項,鋼筋混凝土造,82年8月2日,007,
RPSOMLQKIIHFFCB57CC,2,386.87,見其他登記事項,見其他登記事項,99年6月4日,三十八層,
RPXOMLQKIIHFFCB08CC,20,14.20,住商用,鋼筋混凝土造,81年9月30日,五層,
RPOPMLQKIIHFFCB27CC,24,13.60,商業用,鋼筋混凝土造,77年7月27日,五層,
RPQPMLQKIIHFFCB47CC,40,11.30,住家用,加強磚造,62年2月15日,二層,
RPVNMLQKIIHFFHL76DC,19,58.15,見其他登記事項,鋼筋混凝土造,82年4月15日,007,
RPSNMLQKIIHFFHL09DC,19,96.22,見其他登記事項,鋼筋混凝土造,82年12月31日,012,
RPSOMLRKIIHFFAL58DC,27,233.45,見其他登記事項,鋼筋混凝土造,74年7月9日,003,
RPVNMLRKIIHFFCB87CC,28,310.15,工業用,鋼筋混凝土造,74年1月14日,二層,
RPROMLRKIIHFFAL48DC,,25.31,見其他登記事項,鋼筋混凝土造,100年11月26日,003,
RPVPMLRKIIHFFCB08CC,18,191.61,住商用,鋼筋混凝土造,84年2月15日,十六層,
RPVPMLRKIIHFFCB08CC,18,32.17,共有部分,鋼筋混凝土造,84年2月15日,十六層,
RPPOMLRKIIHFFCB37CC,1,137.14,住家用,鋼筋混凝土造,100年12月28日,二十四層,
RPPOMLRKIIHFFCB37CC,1,37.20,見其他登記事項,鋼筋混凝土造,100年12月28日,二十四層,
RPPOMLRKIIHFFCB37CC,1,29.94,見其他登記事項,鋼筋混凝土造,100年12月28日,二十四層,
RPVOMLRKIIHFFCB97CC,1,137.39,住家用,鋼筋混凝土造,100年12月28日,二十四層,
RPVOMLRKIIHFFCB97CC,1,37.20,見其他登記事項,鋼筋混凝土造,100年12月28日,二十四層,
RPVOMLRKIIHFFCB97CC,1,29.94,見其他登記事項,鋼筋混凝土造,100年12月28日,二十四層,
RPUOMLRKIIHFFCB87CC,14,238.14,住家用,鋼筋混凝土造,87年8月3日,四層,
RPPRMLRKIIHFFAB57DC,24,196.77,住商用,鋼筋混凝土造,77年11月4日,四層,一層 二層 三層 四層 騎樓 地下層
RPOQMLRKIIHFFCB47CC,16,58.33,住家用,鋼筋混凝土造,85年12月30日,五層,
RPOQMLRKIIHFFCB47CC,16,11.35,共有部分,鋼筋混凝土造,85年12月30日,五層,
RPOQMLRKIIHFFCB47CC,16,5.27,共有部分,鋼筋混凝土造,85年12月30日,五層,
RPXNMLRKIIHFFCB08CC,3,54.97,住家用,鋼筋混凝土造,99年2月1日,十二層,
RPXOMLRKIIHFFCB18CC,5,21.57,住家用,鋼筋混凝土造,96年11月22日,十二層,
RPTNMLRKIIHFFGL09CC,46,130.20,住商用,見其他登記事項,56年2月16日,002,
RPRRMLRKIIHFFCB87CC,18,13.95,住家用,鋼筋混凝土造,83年4月13日,七層,
RPSOMLRKIIHFFCL68CC,23,63.00,見其他登記事項,加強磚造,79年3月15日,001,
RPRQMLRKIIHFFCB77CC,24,13.60,商業用,鋼筋混凝土造,77年7月27日,五層,
RPQNMLRKIIHFFBB27CC,25,169.83,住家用,鋼筋混凝土造,76年11月13日,三層,
RPWPMLRKIIHFFBB08CC,,17.80,住家用,鋼筋混凝土加強磚造,,二層,
RPUSMLRKIIHFFCB38DC,7,241.24,見其他登記事項,鋼筋混凝土造,94年12月2日,二十四層,
RPXRMLRKIIHFFCB58DC,4,200.04,住家用,鋼筋混凝土造,97年7月24日,二十一層,
RPTOMLRKIIHFFCL78CC,1,133.13,見其他登記事項,鋼筋混凝土造,101年3月27日,003,
RPVSMLRKIIHFFCB48DC,6,242.97,住家用,鋼筋混凝土造,95年4月27日,十三層,
RPOOMLRKIIHFFAL08CC,28,542.80,見其他登記事項,鋼造,73年5月7日,001,
RPRNMLRKIIHFFAB27CC,14,219.54,見其他登記事項,鋼筋混凝土造,88年2月8日,十四層,一層 騎樓
RPRNMLRKIIHFFAB27CC,14,7857.19,共有部分,鋼筋混凝土造,88年2月8日,十四層,
RPRNMLRKIIHFFAB27CC,14,136.66,共有部分,鋼筋混凝土造,88年2月8日,十四層,
RPPNMLRKIIHFFAL08CC,23,92.85,住家用,鋼筋混凝土造,78年9月28日,005,
RPQNMLSKIIHFFFL78CC,17,173.26,見其他登記事項,鋼筋混凝土造,84年12月28日,003,
RPQQMLRKIIHFFAB47CC,22,216.34,商業用,鋼筋混凝土造,80年2月7日,八層,八層
RPQQMLRKIIHFFAB47CC,22,54.93,見其他登記事項,鋼筋混凝土造,80年2月7日,八層,
RPXNMLSKIIHFFFL86CC,19,119.14,住家用,鋼筋混凝土造,83年4月26日,010,
RPROMLRKIIHFFAB37CC,45,126.08,,加強磚造,56年6月29日,二層,一層 二層 騎樓
RPUOMLSKIIHFFBB87CC,17,45.93,商業用,鋼筋混凝土造,84年9月1日,七層,
RPUOMLSKIIHFFBB87CC,17,12.29,共有部分,鋼筋混凝土造,84年9月1日,七層,
RPVNMLSKIIHFFBB87CC,32,78.28,住家用,加強磚造,69年8月6日,二層,
RPSOMLSKIIHFFBB67CC,17,116.50,住商用,鋼筋混凝土造,84年9月1日,七層,
RPSOMLSKIIHFFBB67CC,17,20.63,住商用,鋼筋混凝土造,84年9月1日,七層,
RPSOMLSKIIHFFBB67CC,17,38.32,共有部分,鋼筋混凝土造,84年9月1日,七層,
RPTONLSKIIHFFBB87CC,2,58.00,住家用,鋼筋混凝土造,99年12月24日,十二層,
RPTONLSKIIHFFBB87CC,2,19.78,見其他登記事項,鋼筋混凝土造,99年12月24日,十二層,
RPTONLSKIIHFFBB87CC,2,7.52,見其他登記事項,鋼筋混凝土造,99年12月24日,十二層,
RPWOMLSKIIHFFBB08CC,17,116.82,住商用,鋼筋混凝土造,84年9月1日,七層,
RPWOMLSKIIHFFBB08CC,17,17.04,住商用,鋼筋混凝土造,84年9月1日,七層,
RPWOMLSKIIHFFBB08CC,17,36.88,共有部分,鋼筋混凝土造,84年9月1日,七層,
RPSONLSKIIHFFBB77CC,18,19.53,住家用,鋼筋混凝土造,83年6月14日,七層,
RPSONLSKIIHFFBB77CC,18,10.69,共有部分,鋼筋混凝土造,83年6月14日,七層,
RPQNMLSKIIHFFCB47CC,21,120.27,住家用,鋼筋混凝土造,80年10月3日,十六層,
RPQNMLSKIIHFFCB47CC,21,8.02,共有部分,鋼筋混凝土造,80年10月3日,十六層,
RPWQMLSKIIHFFCB38CC,26,163.48,住家用,加強磚造,75年9月3日,二層,
RPOPMLSKIIHFFBB37CC,18,33.85,商業用,鋼筋混凝土造,83年12月22日,十七層,
RPOPMLSKIIHFFBB37CC,18,15.71,共有部分,鋼筋混凝土造,83年12月22日,十七層,
RPPOMLTKIIHFFCB57CC,19,115.54,住家用,鋼筋混凝土造,82年10月5日,十三層,
RPRONLSKIIHFFBB67CC,12,364.00,見其他登記事項,鋼筋混凝土造,89年5月1日,四層,
RPQOMLTKIIHFFCB67CC,1,107.21,住家用,鋼筋混凝土造,100年4月28日,十二層,
RPSOMLTKIIHFFCB87CC,1,119.86,住家用,鋼筋混凝土造,100年4月28日,十二層,
RPUOMLTKIIHFFCB08CC,19,71.73,商業用,鋼造,82年7月22日,一層,
RPUQMLTKIIHFFCB28CC,29,16.50,住家用,加強磚造,72年11月10日,二層,
RPRNMLTKIIHFFFL98CC,19,67.54,住家用,鋼筋混凝土造,83年1月18日,006,
RPXOMLTKIIHFFCB38CC,7,55.19,住家用,鋼筋混凝土造,94年10月18日,十四層,
RPSOMLTKIIHFFAB67CC,17,114.94,見其他登記事項,鋼筋混凝土造,84年5月10日,十三層,騎樓 一層 二層
RPSOMLTKIIHFFAB67CC,17,19.93,見其他登記事項,鋼筋混凝土造,84年5月10日,十三層,
RPQNNLTKIIHFFBB57CC,18,62.60,住家用,鋼筋混凝土造,83年8月18日,七層,
RPQNNLTKIIHFFBB57CC,18,593.22,共有部分,鋼筋混凝土造,83年8月18日,七層,
RPSSMLTKIIHFFCB28CC,24,58.52,見其他登記事項,鋼筋混凝土造,77年9月30日,五層,
RPQNMLKLIIHFFAB56CC,12,77.19,見其他登記事項,鋼筋混凝土造,89年10月21日,十四層,二層
RPQNMLKLIIHFFAB56CC,12,35.51,共有部分,鋼筋混凝土造,89年10月21日,十四層,
RPQNMLKLIIHFFAB56CC,12,12.81,共有部分,鋼筋混凝土造,89年10月21日,十四層,
RPUQMLTKIIHFFAB08CC,24,99.75,見其他登記事項,鋼筋混凝土造,77年6月27日,五層,四層
RPROMLTKIIHFFCB77CC,18,155.76,住家用,鋼筋混凝土造,83年10月24日,十六層,
RPWNNLTKIIHFFBB18CC,29,140.32,住商用,鋼筋混凝土造,72年12月12日,五層,
RPWNNLTKIIHFFBB18CC,29,136.23,商業用,鋼筋混凝土造,72年12月12日,五層,
RPTNMLKLIIHFFBB96CC,10,126.28,見其他登記事項,鋼筋混凝土造,91年5月3日,三層,
RPVOMLKLIIHFFCB37CC,16,254.86,見其他登記事項,鋼筋混凝土造,85年11月18日,十二層,
RPPNMLKLIIHFFCB66CC,26,265.41,住商用,鋼筋混凝土造,75年9月1日,四層,
RPTNMLTKIIHFFBL88DC,19,124.56,住家用,鋼筋混凝土造,83年3月28日,010,
RPTQMLTKIIHFFAB97CC,26,381.60,住商用,鋼筋混凝土造,75年10月4日,四層,一層 二層 三層 四層 騎樓 地下層
RPUNMLKLIIHFFBB07CC,3,126.28,住家用,鋼筋混凝土造,98年6月26日,十三層,
RPXNMLKLIIHFFAB27CC,1,229.92,見其他登記事項,鋼筋混凝土造,101年1月2日,十八層,
RPTOMLTKIIHFFAB77CC,17,136.25,見其他登記事項,鋼筋混凝土造,84年6月28日,十三層,九層
RPTOMLTKIIHFFAB77CC,17,87.63,見其他登記事項,鋼筋混凝土造,84年6月28日,十三層,
RPQNMLLLIIHFFAB66CC,16,14.66,見其他登記事項,鋼筋混凝土造,85年5月6日,十八層,十層
RPXQMLMLIIHFFAB77CC,16,53.25,見其他登記事項,鋼筋混凝土造,85年5月6日,十八層,十五層 十六層
RPWPMLMLIIHFFAB57CC,15,107.73,住家用,鋼筋混凝土造,87年1月23日,十四層,十三層
RPWPMLMLIIHFFAB57CC,15,12.42,住家用,鋼筋混凝土造,87年1月23日,十四層,十三層
RPWPMLMLIIHFFAB57CC,15,57.76,共有部分,鋼筋混凝土造,87年1月23日,十四層,
RPPNMLLLIIHFFAB56CC,16,16.58,見其他登記事項,鋼筋混凝土造,85年5月6日,十八層,九層
RPPQMLTKIIHFFBB77DC,23,258.81,商業用,鋼筋混凝土造,78年10月19日,十六層,
RPVQMLMLIIHFFAB57CC,16,15.77,見其他登記事項,鋼筋混凝土造,85年5月6日,十八層,六層
RPORMLMLIIHFFAB96CC,16,20.55,見其他登記事項,鋼筋混凝土造,85年5月6日,十八層,六層
RPRPMLMLIIHFFGL68CC,7,107.80,見其他登記事項,鋼筋混凝土造,95年1月18日,005,
RPUQMLMLIIHFFCB67CC,16,125.59,住家用,鋼筋混凝土造,86年1月10日,十四層,
RPXOMLMLIIHFFAB57CC,44,120.54,住家用,見其他登記事項,57年5月23日,二層,二層 騎樓 一層
RPRNMLMLIIHFFAL87CC,29,375.78,見其他登記事項,見其他登記事項,72年10月3日,002,
RPQNMLMLIIHFFHL48CC,28,92.26,見其他登記事項,鋼筋混凝土造,73年10月11日,004,
RPQNMLMLIIHFFHL48CC,28,4.38,見其他登記事項,鋼筋混凝土造,73年10月11日,004,
RPOQMLMLIIHFFCB07CC,16,98.63,住家用,鋼筋混凝土造,85年9月19日,七層,
RPOQMLMLIIHFFCB07CC,16,59.39,共有部分,鋼筋混凝土造,85年9月19日,九層,
RPSOMLMLIIHFFHL88DC,19,30.00,見其他登記事項,鋼筋混凝土造,82年12月31日,012,
RPWNMLMLIIHFFBB47CC,37,197.95,商業用,加強磚造,64年5月31日,三層,
RPTOMLMLIIHFFBB27CC,18,29.75,商業用,鋼筋混凝土造,83年12月22日,十七層,
RPTOMLMLIIHFFBB27CC,18,13.83,共有部分,鋼筋混凝土造,83年12月22日,十七層,
RPQOMLMLIIHFFBB96CC,6,26.43,住家用,鋼筋混凝土造,96年4月9日,八層,
RPUPMLMLIIHFFBB47CC,17,120.07,住家用,鋼筋混凝土造,84年12月29日,十一層,
RPUOMLMLIIHFFBB37CC,34,93.36,商業用,鋼筋混凝土造,68年3月9日,五層,
RPUOMLMLIIHFFBB37CC,34,84.65,住家用,鋼筋混凝土造,68年3月9日,五層,
RPTRMLNLIIHFFBB67CC,20,129.07,住家用,鋼筋混凝土造,82年4月21日,七層,
RPUPMLNLIIHFFCB67CC,4,101.06,住家用,鋼筋混凝土造,98年1月21日,十層,
RPUOMLNLIIHFFCB57CC,,215.36,住家用,鋼筋混凝土造,101年7月13日,十四層,
RPVPMLNLIIHFFCB77CC,4,98.68,住家用,鋼筋混凝土造,98年1月21日,十層,
RPUNMLNLIIHFFBB47DC,4,18.63,住家用,鋼筋混凝土造,97年11月28日,十七層,
RPUNMLNLIIHFFBB47DC,4,3.86,共有部分,鋼筋混凝土造,97年11月28日,十七層,
RPUNMLNLIIHFFBB47DC,4,7.86,共有部分,鋼筋混凝土造,97年11月28日,十七層,
RPRNMLNLIIHFFBB17DC,4,17.38,住家用,鋼筋混凝土造,97年11月28日,十七層,
RPRNMLNLIIHFFBB17DC,4,3.65,共有部分,鋼筋混凝土造,97年11月28日,十七層,
RPRNMLNLIIHFFBB17DC,4,7.30,共有部分,鋼筋混凝土造,97年11月28日,十七層,
RPROMLNLIIHFFBB27DC,4,18.59,住家用,鋼筋混凝土造,97年11月28日,十七層,
RPROMLNLIIHFFBB27DC,4,3.86,共有部分,鋼筋混凝土造,97年11月28日,十七層,
RPROMLNLIIHFFBB27DC,4,7.86,共有部分,鋼筋混凝土造,97年11月28日,十七層,
RPQRMLNLIIHFFCB47CC,18,89.26,住家用,鋼筋混凝土造,83年10月21日,十五層,
RPWPMLNLIIHFFCB87CC,15,158.31,見其他登記事項,鋼筋混凝土造,86年12月29日,四層,
RPVNMLNLIIHFFBB57DC,4,20.35,住家用,鋼筋混凝土造,97年11月28日,十七層,
RPVNMLNLIIHFFBB57DC,4,4.24,共有部分,鋼筋混凝土造,97年11月28日,十七層,
RPVNMLNLIIHFFBB57DC,4,8.48,共有部分,鋼筋混凝土造,97年11月28日,十七層,
RPPOMLNLIIHFFBB07DC,4,19.83,住家用,鋼筋混凝土造,97年11月28日,十七層,
RPPOMLNLIIHFFBB07DC,4,4.13,共有部分,鋼筋混凝土造,97年11月28日,十七層,
RPPOMLNLIIHFFBB07DC,4,8.37,共有部分,鋼筋混凝土造,97年11月28日,十七層,
RPVOMLNLIIHFFBB67DC,3,19.09,住家用,鋼筋混凝土造,97年11月28日,十七層,
RPVOMLNLIIHFFBB67DC,3,3.97,共有部分,鋼筋混凝土造,97年11月28日,十七層,
RPVOMLNLIIHFFBB67DC,3,7.71,共有部分,鋼筋混凝土造,97年11月28日,十七層,
RPTOMLNLIIHFFBB47DC,4,19.45,住家用,鋼筋混凝土造,97年11月28日,十七層,
RPTOMLNLIIHFFBB47DC,4,4.08,共有部分,鋼筋混凝土造,97年11月28日,十七層,
RPTOMLNLIIHFFBB47DC,4,8.37,共有部分,鋼筋混凝土造,97年11月28日,十七層,
RPVNMLNLIIHFFAB47DC,17,99.19,見其他登記事項,鋼筋混凝土造,84年10月16日,四層,一層 二層 三層 四層
RPOOMLNLIIHFFAB86DC,17,41.89,見其他登記事項,鋼筋混凝土造,84年10月16日,四層,一層 二層 三層 四層
RPSNMLNLIIHFFBB27DC,4,18.50,住家用,鋼筋混凝土造,97年11月28日,十七層,
RPSNMLNLIIHFFBB27DC,4,3.86,共有部分,鋼筋混凝土造,97年11月28日,十七層,
RPSNMLNLIIHFFBB27DC,4,7.76,共有部分,鋼筋混凝土造,97年11月28日,十七層,
RPPNMLNLIIHFFFL28CC,19,67.56,住家用,鋼筋混凝土造,82年6月11日,010,
RPOPMLNLIIHFFBB07DC,4,19.83,住家用,鋼筋混凝土造,97年11月28日,十七層,
RPOPMLNLIIHFFBB07DC,4,4.13,共有部分,鋼筋混凝土造,97年11月28日,十七層,
RPOPMLNLIIHFFBB07DC,4,8.37,共有部分,鋼筋混凝土造,97年11月28日,十七層,
RPWOMLOLIIHFFAB67CC,,127.55,住家用,見其他登記事項,,二層,一層 二層 騎樓
RPWOMLNLIIHFFBB77DC,4,24.80,共有部分,鋼筋混凝土造,97年11月28日,十七層,
RPSPMLNLIIHFFAB27CC,20,82.26,住家用,鋼筋混凝土造,81年12月17日,七層,五層
RPSPMLNLIIHFFAB27CC,20,15.00,共有部分,鋼筋混凝土造,81年12月17日,七層,
RPXNMLNLIIHFFAL58CC,11,157.11,住家用,鋼骨鋼筋混凝土造,90年10月17日,014,
RPQNMLOLIIHFFFL48CC,36,86.37,農舍,加強磚造,65年9月13日,002,
RPPNMLNLIIHFFAB76CC,45,94.14,住家用,見其他登記事項,57年1月10日,二層,一層 二層
RPUNMLNLIIHFFFL78CC,19,131.16,住家用,鋼筋混凝土造,82年10月29日,008,
RPQQMLNLIIHFFBB37DC,29,77.77,住家用,鋼筋混凝土造,72年7月1日,五層,
RPOOMLOLIIHFFCB07CC,30,96.22,住家用,鋼筋混凝土造,71年4月28日,五層,
RPXUMLOLIIHFFCB58CC,7,69.72,見其他登記事項,鋼筋混凝土造,95年2月22日,十四層,
RPTVMLOLIIHFFCB28CC,14,105.94,住家用,鋼筋混凝土造,87年11月30日,九層,
RPUNMLOLIIHFFAL38CC,2,242.87,見其他登記事項,鋼筋混凝土造,100年5月4日,004,
RPXOMLNLIIHFFBB87DC,4,14.87,共有部分,鋼筋混凝土造,97年11月28日,十七層,
RPUNMLOLIIHFFCB57CC,3,40.53,住家用,鋼筋混凝土造,98年8月13日,二十六層,
RPUNMLOLIIHFFCB57CC,3,3.97,見其他登記事項,鋼筋混凝土造,98年8月13日,二十六層,
RPUNMLOLIIHFFCB57CC,3,19.16,見其他登記事項,鋼筋混凝土造,98年8月13日,二十六層,
RPSOMLOLIIHFFGL98DC,18,118.76,見其他登記事項,鋼筋混凝土造,83年6月1日,011,
RPRQMLOLIIHFFBB57DC,5,47.02,住家用,鋼筋混凝土造,96年12月31日,十四層,
RPRQMLOLIIHFFBB57DC,5,35.45,共有部分,鋼筋混凝土造,96年12月31日,十四層,
RPRNMLPLIIHFFBB27CC,39,129.69,住家用,鋼筋混凝土造,63年1月14日,二層,
RPQOMLOLIIHFFGL68CC,34,97.30,住家用,鋼筋混凝土造,67年8月1日,004,
RPQOMLOLIIHFFGL68CC,34,6.03,共有部份,鋼筋混凝土造,67年8月1日,004,
RPRPMLPLIIHFFBB47CC,15,71.54,見其他登記事項,鋼筋混凝土造,87年1月19日,十四層,
RPPQMLOLIIHFFCB37CC,19,76.45,住家用,鋼筋混凝土造,82年6月2日,七層,
RPPQMLOLIIHFFCB37CC,19,130.22,住家用,鋼筋混凝土造,82年6月2日,七層,
RPSPMLOLIIHFFBB47CC,23,109.37,住家用,鋼筋混凝土造,78年10月12日,十層,
RPSPMLOLIIHFFBB47CC,23,21.04,共有部分,鋼筋混凝土造,78年10月12日,十層,
RPSPMLOLIIHFFBB47CC,23,.75,住家用,鋼筋混凝土造,78年10月12日,十層,
RPSPMLOLIIHFFBB47CC,23,1.04,住家用,鋼筋混凝土造,78年10月12日,十層,
RPSOMLPLIIHFFCB57CC,18,93.36,住商用,鋼筋混凝土造,83年6月28日,十四層,
RPOSMLOLIIHFFBB37CC,31,73.74,住家用,鋼筋混凝土造,70年10月30日,五層,
RPSPMLPLIIHFFCB67CC,10,277.38,見其他登記事項,鋼筋混凝土造,92年2月19日,四層,
RPTPMLPLIIHFFBB67CC,18,15.87,商業用,鋼筋混凝土造,83年8月25日,七層,
RPTPMLPLIIHFFBB67CC,18,4.21,共有部分,鋼筋混凝土造,83年8月25日,九層,
RPTOMLPLIIHFFCB67CC,1,103.02,住家用,鋼筋混凝土造,100年12月28日,二十四層,
RPRNMLPLIIHFFFL68CC,19,265.50,見其他登記事項,鋼筋混凝土造,83年2月2日,005,
RPPOMLPLIIHFFGL68CC,1,162.75,見其他登記事項,鋼筋混凝土造,101年1月11日,004,
RPTOMLPLIIHFFBB67DC,22,126.09,住家用,鋼筋混凝土造,79年8月3日,七層,
RPWTMLPLIIHFFCB48CC,17,102.15,住家用,鋼筋混凝土造,84年8月17日,十六層,
RPTPMLPLIIHFFCB77CC,19,1488.00,工業用,鋼筋混凝土造,82年5月22日,四層,
RPUPMLPLIIHFFBB77CC,15,70.38,住家用,鋼筋混凝土造,87年4月17日,二十五層,
RPUPMLPLIIHFFBB77CC,15,13.69,共有部分,鋼筋混凝土造,87年4月17日,二十五層,
RPUPMLPLIIHFFBB77CC,15,33.86,共有部分,鋼筋混凝土造,87年4月17日,二十五層,
RPROMLPLIIHFFAB27CC,18,155.85,住商用,鋼筋混凝土造,83年10月27日,三層,一層 二層 三層
RPUOMLPLIIHFFCL78CC,8,108.63,見其他登記事項,鋼筋混凝土造,93年7月22日,004,
RPSNMLQLIIHFFFL88CC,20,128.59,住家用,鋼筋混凝土造,82年1月12日,007,
RPXNMLQLIIHFFCL09CC,18,84.39,住家用,鋼筋混凝土造,83年6月1日,008,
RPSOMLQLIIHFFGL09CC,5,185.64,見其他登記事項,鋼筋混凝土造,96年11月23日,004,
RPUPMLQLIIHFFCB08DC,4,101.30,住家用,鋼筋混凝土造,97年9月26日,十四層,
RPSOMLQLIIHFFCB77DC,1,157.46,住家用,鋼筋混凝土造,100年10月17日,十一層,
RPSNMLQLIIHFFBB47CC,20,93.34,住家用,鋼筋混凝土造,81年10月2日,七層,
RPROMLQLIIHFFCB57CC,29,183.63,住商用,鋼筋混凝土造,73年1月10日,五層,
RPTPMLQLIIHFFCB87CC,19,126.77,住家用,鋼筋混凝土造,82年7月13日,五層,
RPSPMLQLIIHFFCB77CC,24,142.74,住商用,鋼筋混凝土造,77年5月23日,五層,
RPXNMLQLIIHFFAL88CC,4,425.12,見其他登記事項,鋼筋混凝土造,97年8月29日,006,
RPSNMLTLIIHFFAB67CC,17,282.61,見其他登記事項,鋼筋混凝土造,85年4月19日,五層,一層 二層 三層 四層 五層 屋頂突出物 騎樓
RPTOMLTLIIHFFCB18DC,24,86.16,商業用,鋼筋混凝土造,78年3月16日,五層,
RPWOMLTLIIHFFAB18CC,7,74.35,見其他登記事項,鋼筋混凝土造,94年10月11日,十五層,七層
RPTNMLQLIIHFFBB57CC,18,66.88,商業用,鋼筋混凝土造,83年5月29日,六層,
RPRNMLRLIIHFFAB37CC,1,217.45,見其他登記事項,鋼筋混凝土造,100年11月10日,十一層,三層
RPOOMLQLIIHFFAL08CC,4,9.90,見其他登記事項,鋼筋混凝土造,97年8月29日,006,
RPRNMLTLIIHFFHL66CC,42,44.31,住家用,磚造,59年6月1日,001,
RPUOMLTLIIHFFBB08CC,8,85.22,住家用,見其他登記事項,93年9月3日,十四層,
RPUOMLTLIIHFFBB08CC,8,30.35,共有部分,見其他登記事項,93年9月3日,十四層,
RPSOMLTLIIHFFBB87CC,33,71.31,住家用,鋼筋混凝土造,68年10月4日,四層,
RPPOMLQLIIHFFAL18CC,4,38.34,見其他登記事項,鋼筋混凝土造,97年8月29日,006,
RPROMLTLIIHFFCB97DC,7,164.42,見其他登記事項,鋼筋混凝土造,94年12月2日,二十四層,
RPQPMLQLIIHFFCB57CC,19,42.30,住商用,鋼筋混凝土造,82年4月26日,八層,
RPVOMLTLIIHFFCB28CC,20,121.99,住家用,鋼筋混凝土造,82年1月19日,七層,
RPVOMLTLIIHFFCB28CC,20,30.02,共有部分,鋼筋混凝土造,82年1月19日,七層,
RPQNMLTLIIHFFFL09DC,18,82.62,住家用,鋼筋混凝土造,83年8月24日,017,
RPTNMLTLIIHFFBB87CC,14,162.77,住家用,鋼筋混凝土造,88年2月8日,七層,
RPTNMLTLIIHFFBB87CC,14,87.20,共有部分,鋼筋混凝土造,88年2月8日,七層,
RPVNMLKMIIHFFCB37CC,7,22.96,住家用,鋼筋混凝土造,94年12月20日,十層,
RPPPMLTLIIHFFCB77CC,18,76.59,商業用,鋼筋混凝土造,83年9月23日,十七層,
RPPPMLTLIIHFFCB77CC,18,20.08,共有部分,鋼筋混凝土造,83年9月23日,十七層,
RPSSMLKMIIHFFCB57CC,29,375.11,商業用,鋼筋混凝土造,72年7月22日,四層,
RPURMLKMIIHFFCB67CC,26,192.61,住商用,鋼筋混凝土造,75年7月28日,三層,
RPTPMLQLIIHFFBB77CC,35,218.14,住商用,加強磚造,66年10月19日,三層,
RPXQMLKMIIHFFBB77CC,6,72.49,住家用,鋼筋混凝土造,95年12月25日,十四層,
RPXQMLKMIIHFFBB77CC,6,15.73,共有部分,鋼筋混凝土造,95年12月25日,十四層,
RPXQMLKMIIHFFBB77CC,6,9.74,共有部分,鋼筋混凝土造,95年12月25日,十四層,
RPSRMLKMIIHFFBB37CC,19,91.25,住家用,鋼筋混凝土造,83年2月2日,八層,
RPSRMLKMIIHFFBB37CC,19,10.91,共有部分,鋼筋混凝土造,83年2月2日,八層,
RPXRMLKMIIHFFBB87CC,18,196.90,商業用,鋼筋混凝土造,83年6月1日,十六層,
RPXNMLLMIIHFFBB57CC,5,195.04,見其他登記事項,鋼筋混凝土造,96年7月30日,五層,
RPUOMLLMIIHFFBB37CC,28,81.56,住家用,鋼筋混凝土造,74年1月10日,五層,
RPQSMLKMIIHFFBB27CC,5,46.25,住家用,鋼筋混凝土造,96年4月9日,八層,
RPQNMLLMIIHFFCB96CC,16,513.05,商業用,鋼筋混凝土造,85年8月22日,十一層,
RPRQMLKMIIHFFBB17CC,14,90.81,住家用,鋼筋混凝土造,87年11月11日,十四層,
RPRQMLKMIIHFFBB17CC,14,28.99,共有部分,鋼筋混凝土造,87年11月11日,十四層,
RPVQMLTLIIHFFCB48CC,18,145.07,住商用,鋼筋混凝土造,83年10月6日,三層,
RPSQMLLMIIHFFBB37CC,15,47.00,住家用,鋼筋混凝土造,86年6月28日,十五層,
RPSQMLLMIIHFFBB37CC,15,31.29,共有部分,鋼筋混凝土造,86年6月28日,十五層,
RPSQMLLMIIHFFBB37CC,15,7.47,共有部分,鋼筋混凝土造,86年6月28日,十五層,
RPPPMLLMIIHFFBB96CC,19,96.70,住家用,鋼筋混凝土造,82年8月31日,十三層,
RPPPMLLMIIHFFBB96CC,19,27.25,共有部分,鋼筋混凝土造,82年8月31日,十三層,
RPPPMLLMIIHFFBB96CC,19,8.31,見其他登記事項,鋼筋混凝土造,82年8月31日,十三層,
RPVPMLLMIIHFFBB57CC,25,362.46,住家用,鋼筋混凝土造,76年4月20日,四層,
RPUNMLLMIIHFFCB37CC,20,239.77,見其他登記事項,見其他登記事項,81年7月1日,二十八層,
RPROMLLMIIHFFCB17CC,20,203.47,商業用,鋼筋混凝土造,82年2月26日,二十三層,
RPWOMLLMIIHFFCB67CC,13,72.72,見其他登記事項,鋼筋混凝土造,88年12月31日,十四層,
RPXNMLLMIIHFFCB67CC,18,283.47,商業用,鋼筋混凝土造,83年10月24日,十四層,
RPOOMLLMIIHFFHL38CC,27,111.86,見其他登記事項,鋼筋混凝土造,75年4月15日,002,
RPSPMLLMIIHFFCB37CC,3,62.86,住家用,鋼筋混凝土造,98年8月13日,十八層,
RPSPMLLMIIHFFCB37CC,3,43.85,見其他登記事項,鋼筋混凝土造,98年8月13日,二十六層,
RPSPMLLMIIHFFCB37CC,3,26.07,見其他登記事項,鋼筋混凝土造,98年8月13日,二十六層,
RPRPMLLMIIHFFCB27CC,3,52.45,見其他登記事項,鋼筋混凝土造,98年8月13日,二十六層,
RPRPMLLMIIHFFCB27CC,3,3.28,見其他登記事項,鋼筋混凝土造,98年8月13日,二十六層,
RPSQMLLMIIHFFCB47CC,22,207.29,見其他登記事項,鋼筋混凝土造,79年8月22日,七層,
RPSQMLLMIIHFFCB47CC,22,43.95,共有部分,鋼筋混凝土造,79年8月22日,七層,
RPSQMLLMIIHFFCB47CC,22,27.66,見其他登記事項,鋼筋混凝土造,79年8月22日,七層,
RPSQMLLMIIHFFCB47CC,22,3.93,共有部分,鋼筋混凝土造,79年8月22日,七層,
RPOOMLLMIIHFFGL28CC,26,172.66,見其他登記事項,鋼筋混凝土造,75年10月7日,003,
RPRNMLLMIIHFFBB07DC,4,18.63,住家用,鋼筋混凝土造,97年11月28日,十七層,
RPRNMLLMIIHFFBB07DC,4,3.86,共有部分,鋼筋混凝土造,97年11月28日,十七層,
RPRNMLLMIIHFFBB07DC,4,7.86,共有部分,鋼筋混凝土造,97年11月28日,十七層,
RPSNMLLMIIHFFBB17DC,4,17.36,住家用,鋼筋混凝土造,97年11月28日,十七層,
RPSNMLLMIIHFFBB17DC,4,3.65,共有部分,鋼筋混凝土造,97年11月28日,十七層,
RPSNMLLMIIHFFBB17DC,4,7.30,共有部分,鋼筋混凝土造,97年11月28日,十七層,
RPTQMLLMIIHFFBB57DC,6,46.59,住家用,鋼筋混凝土造,95年12月25日,十四層,
RPTQMLLMIIHFFBB57DC,6,11.77,共有部分,鋼筋混凝土造,95年12月25日,十四層,
RPTQMLLMIIHFFBB57DC,6,7.24,共有部分,鋼筋混凝土造,95年12月25日,十四層,
RPUNMLLMIIHFFAB17CC,16,51.76,見其他登記事項,鋼筋混凝土造,85年7月30日,八層,七層
RPTOMLLMIIHFFCB37CC,2,184.00,見其他登記事項,鋼筋混凝土造,99年9月30日,二十三層,
RPQNMLLMIIHFFBB96DC,4,18.50,住家用,鋼筋混凝土造,97年11月28日,十七層,
RPQNMLLMIIHFFBB96DC,4,3.86,共有部分,鋼筋混凝土造,97年11月28日,十七層,
RPQNMLLMIIHFFBB96DC,4,7.76,共有部分,鋼筋混凝土造,97年11月28日,十七層,
RPQQMLLMIIHFFCL28CC,18,204.39,住家用,鋼筋混凝土造,83年9月10日,007,
RPPNMLLMIIHFFAB66CC,22,165.29,商業用,鋼筋混凝土造,80年1月18日,十七層,四層
RPUNMLLMIIHFFBB37DC,4,17.38,住家用,鋼筋混凝土造,97年11月28日,十七層,
RPUNMLLMIIHFFBB37DC,4,3.65,共有部分,鋼筋混凝土造,97年11月28日,十七層,
RPUNMLLMIIHFFBB37DC,4,7.30,共有部分,鋼筋混凝土造,97年11月28日,十七層,
RPTNMLLMIIHFFBB27DC,4,19.83,住家用,鋼筋混凝土造,97年11月28日,十七層,
RPTNMLLMIIHFFBB27DC,4,4.13,共有部分,鋼筋混凝土造,97年11月28日,十七層,
RPTNMLLMIIHFFBB27DC,4,8.37,共有部分,鋼筋混凝土造,97年11月28日,十七層,
RPVNMLLMIIHFFBB47DC,4,29.75,住家用,鋼筋混凝土造,97年11月28日,十七層,
RPVNMLLMIIHFFBB47DC,4,6.23,共有部分,鋼筋混凝土造,97年11月28日,十七層,
RPVNMLLMIIHFFBB47DC,4,13.79,共有部分,鋼筋混凝土造,97年11月28日,十七層,
