﻿編號,屋齡,建物移轉面積平方公尺,主要用途,主要建材,建築完成日期,總層數,建物分層
The serial number,room age,building shifting area square meter,the main use,main building materials,construction completes the date,total layer,building lamination
RPPNMLOKQHHFFCQ98CA,1,176.35,住家用,鋼筋混凝土造,101年1月18日,3,一層 二層 三層 電梯樓梯間
RPSNMLQKQHHFFCQ96DA,,155.58,見其他登記事項,鋼筋混凝土造,101年4月25日,3,一層 二層 三層 見其他登記事項
RPPNMLLLQHHFFCQ78CA,31,104.24,住家用,鋼筋混凝土加強磚造,70年5月10日,2,一層 二層
RPRNMLNKQHHFFDQ56CA,35,42.32,住家用,見其他登記事項,66年7月1日,一層,
RPQNMLSLQHHFFEQ27DA,30,65.76,住家用,見其他登記事項,71年11月6日,一層,一層
RPQNMLNKQHHFFDQ09CA,20,141.90,住家用,鋼筋混凝土造,81年10月13日,三層,一層 二層 三層
RPRNMLPKQHHFFBQ56CA,,179.07,住商用,鋼筋混凝土造,101年5月7日,四層,一層 二層 三層 四層
RPQNMLKKQHHFFEQ88CA,18,170.46,住家用,鋼筋混凝土造,83年12月2日,四層,一層 二層 三層 四層
RPPNMLPKQHHFFBQ98CA,18,164.79,住商用,見其他登記事項,83年7月26日,三層,一層 二層 三層 騎樓
RPSNMLPKQHHFFBQ66CA,,190.32,住商用,鋼筋混凝土造,101年5月7日,四層,一層 二層 三層 四層
RPUNMLPKQHHFFBQ86CA,,168.26,住家用,鋼筋混凝土造,101年5月7日,四層,一層 二層 三層 四層
RPTNMLPKQHHFFBQ76CA,,179.07,住商用,鋼筋混凝土造,101年5月7日,四層,一層 二層 三層 四層
RPQNMLTJQHHFFBQ86DA,16,71.07,住家用,鋼筋混凝土造,85年11月23日,七層,六層
RPSNMLOKQHHFFDQ86DA,28,136.62,住家用,鋼筋混凝土加強磚造,73年7月17日,二層,一層 二層
RPPNMLPKQHHFFDQ76EA,18,166.50,住家用,鋼筋混凝土造,83年3月3日,三層,
RPRNMLKMQHHFFDQ56DA,10,307.96,見其他登記事項,鋼筋混凝土造,91年1月24日,三層,一層 二層 三層
RPTNMLNJRHHFFDQ86DA,31,104.98,住家用,鋼筋混凝土加強磚造,70年10月28日,二層,一層 二層
RPQNMLNKRHHFFCQ66EA,,83.81,住家用,木造,,2,一層 二層 騎樓
RPQNMLKKQHHFFDQ98EA,19,174.72,見其他登記事項,鋼筋混凝土造,82年8月6日,四層,一層 二層 三層 四層
RPPNMLNJRHHFFDQ98CA,32,100.71,住商用,鋼筋混凝土加強磚造,69年8月20日,二層,一層 二層
RPSNMLQJRHHFFEQ07CA,,244.80,住家用,鋼筋混凝土造,101年3月27日,四層,一層 二層 三層 四層
RPQNMLOKQHHFFBQ98CA,5,212.16,見其他登記事項,鋼筋混凝土造,96年6月28日,四層,一層 二層 三層 四層
RPVNMLSLQHHFFBQ47DA,16,122.65,住家用,鋼筋混凝土造,85年8月15日,十四層,十一層 十二層
RPVNMLSLQHHFFBQ47DA,16,43.16,見其他登記事項,鋼筋混凝土造,85年8月15日,十四層,
RPQNMLPKQHHFFBQ56DA,40,85.44,住家用,鋼筋混凝土加強磚造,61年7月5日,二層,一層 二層
RPWNMLMKRHHFFCQ17EA,31,64.35,住家用,磚造,70年3月13日,1,一層
RPRNMLQKQHHFFBQ66CA,,179.07,住商用,鋼筋混凝土造,101年5月7日,四層,四層 一層 二層 三層
RPVNMLPKQHHFFBQ96CA,,190.32,住商用,鋼筋混凝土造,101年5月7日,四層,一層 二層 三層 四層
RPQNMLNKQHHFFCQ98CA,12,157.41,住家用,鋼筋混凝土造,89年3月21日,3,一層 二層 三層 電梯樓梯間
RPQNMLQJRHHFFEQ86CA,,244.80,住家用,鋼筋混凝土造,101年3月27日,四層,一層 二層 三層 四層
RPWNMLPKQHHFFBQ07CA,,180.23,住商用,鋼筋混凝土造,101年5月7日,四層,一層 二層 三層 四層
RPQNMLPLQHHFFDQ76CA,17,153.03,住家用,鋼筋混凝土造,84年8月9日,三層,一層 二層 三層
RPPNMLKLQHHFFCQ68CA,17,111.04,住家用,鋼筋混凝土造,85年1月24日,2,
RPVNMLQKQHHFFDQ27CA,10,157.11,見其他登記事項,鋼筋混凝土造,91年6月17日,三層,一層 二層 三層
RPPNMLQKQHHFFCQ66DA,8,192.67,見其他登記事項,鋼筋混凝土造,93年1月30日,三層,一層 二層 三層
RPUNMLQKQHHFFDQ17CA,18,251.79,住商用,鋼筋混凝土造,83年10月8日,五層,一層 二層 三層 四層 五層
RPSNMLPKQHHFFDQ96DA,23,1.38,住家用,鋼筋混凝土造,78年8月19日,三層,一層 二層 三層
RPQNMLOKQHHFFBQ56EA,33,100.66,住家用,鋼筋混凝土加強磚造,68年2月15日,二層,一層 二層 騎樓 夾層
RPSNMLMLQHHFFDQ76DA,2,162.92,住家用,鋼筋混凝土造,99年12月16日,四層,一層 二層 三層 四層
RPSNMLMKRHHFFCQ56CA,33,198.92,見其他登記事項,鋼筋混凝土加強磚造,68年11月29日,2,一層 二層
RPQNMLQKQHHFFDQ86DA,35,116.45,住家用,鋼筋混凝土加強磚造,66年5月30日,二層,一層 二層 騎樓
RPVNMLQKQHHFFBQ07CA,,179.07,住商用,鋼筋混凝土造,101年5月7日,四層,一層 二層 三層 四層
RPQNMLRKQHHFFBQ66CA,6,17.36,住家用,鋼筋混凝土造,95年8月28日,八層,八層
RPQNMLRKQHHFFBQ66CA,6,19.19,住家用,鋼筋混凝土造,95年8月28日,八層,八層
RPPNMLLKRHHFFDQ88CA,31,106.29,住家用,鋼筋混凝土加強磚造,70年2月26日,二層,一層 二層 騎樓
SPTNMLQKQHHFFEQ27CA,32,95.10,住商用,鋼筋混凝土加強磚造,69年2月13日,二層,一層 二層 電梯樓梯間
RPUNMLRKQHHFFDQ27CA,,148.90,住家用,鋼筋混凝土造,101年3月16日,三層,一層 二層 三層
RPTNMLQKQHHFFEQ17CA,32,95.10,住商用,鋼筋混凝土加強磚造,69年2月13日,二層,一層 二層 電梯樓梯間
RPQNMLRKQHHFFDQ96DA,8,132.12,見其他登記事項,鋼筋混凝土造,93年11月1日,三層,一層 二層 三層
RPPNMLRKQHHFFDQ86DA,32,174.80,住商用,鋼筋混凝土加強磚造,69年2月14日,三層,一層 二層 三層 騎樓
RPTNMLRKQHHFFBQ96CA,,204.96,住商用,鋼筋混凝土造,101年5月7日,四層,一層 二層 三層 四層
RPSNMLRKQHHFFBQ86CA,,179.07,住商用,鋼筋混凝土造,101年5月7日,四層,二層 三層 一層 四層
RPPNMLKMQHHFFCQ98EA,31,110.06,住商用,鋼筋混凝土加強磚造,70年2月24日,2,一層 二層 電梯樓梯間
RPPNMLMKRHHFFCQ88CA,32,94.79,住家用,鋼筋混凝土加強磚造,70年1月9日,2,一層 二層 電梯樓梯間
RPOOMLNJRHHFFDQ98CA,20,384.54,農舍,鋼筋混凝土造,81年11月24日,三層,一層 二層 三層
RPTNMLOKRHHFFDQ96CA,32,102.38,住家用,鋼筋混凝土加強磚造,69年5月10日,二層,一層 二層
RPSNMLRLQHHFFEQ27CA,22,138.18,住家用,鋼筋混凝土造,78年12月20日,三層,一層 二層 三層
RPSNMLLLQHHFFCQ09CA,31,108.96,住家用,鋼筋混凝土加強磚造,70年12月31日,2,一層 二層
RPRNMLMLQHHFFDQ66DA,33,97.84,住家用,鋼筋混凝土加強磚造,69年1月18日,二層,二層 騎樓 一層
RPPNMLRLQHHFFBQ66CA,,212.28,住商用,鋼筋混凝土造,101年5月7日,四層,一層 二層 三層 四層
RPQNMLRLQHHFFBQ76CA,,168.26,住家用,鋼筋混凝土造,101年5月7日,四層,一層 二層 三層 四層
RPPNMLSLQHHFFDQ96CA,34,94.50,住家用,鋼筋混凝土加強磚造,67年6月16日,二層,一層 二層
RPWNMLLLQHHFFDQ96CA,,148.90,住家用,鋼筋混凝土造,101年3月16日,三層,一層 二層 三層
RPRNMLTLQHHFFBQ07CA,22,213.35,住商用,鋼筋混凝土造,79年12月13日,三層,一層 二層 三層 騎樓
RPSNMLMLQHHFFDQ86EA,10,144.93,見其他登記事項,鋼筋混凝土造,91年1月30日,四層,一層 二層 三層 四層
RPQOMLLMQHHFFDQ66DA,,153.00,住家用,見其他登記事項,101年4月26日,三層,一層 三層 二層
RPTNMLMLQHHFFBQ66DA,32,82.80,住家用,鋼筋混凝土加強磚造,69年10月30日,二層,一層 二層 夾層
RPSOMLLMQHHFFDQ86DA,,152.39,住家用,見其他登記事項,101年4月26日,三層,一層 二層 三層
RPPNMLRLQHHFFCQ76CA,1,184.87,住家用,鋼筋混凝土造,101年1月18日,4,一層 二層 三層 四層
RPPNMLRLQHHFFDQ86CA,16,162.10,住家用,鋼筋混凝土造,85年11月29日,四層,一層 二層 三層 四層
RPRNMLNJRHHFFDQ56CA,33,105.61,住家用,鋼筋混凝土加強磚造,69年1月18日,二層,一層 二層 騎樓
RPOOMLTLQHHFFDQ07CA,24,143.58,住家用,加強磚造,77年11月3日,二層,一層 二層 夾層
RPQNMLSLQHHFFDQ07CA,31,65.22,住家用,鋼筋混凝土加強磚造,71年1月22日,一層,一層
RPSNMLRLQHHFFBQ96CA,23,79.98,住商用,鋼筋混凝土造,79年2月7日,三層,一層 二層 三層
RPPNMLSLQHHFFBQ86DA,2,196.47,見其他登記事項,鋼筋混凝土造,100年1月31日,四層,一層 二層 三層 四層
RPTNMLLMQHHFFDQ86DA,35,401.22,商業用,鋼筋混凝土加強磚造,66年4月26日,三層,一層 二層 三層 騎樓
RPTNMLLMQHHFFDQ86DA,35,259.54,住家用,鋼筋混凝土加強磚造,66年4月26日,三層,一層 二層 三層 騎樓
RPTNMLLMQHHFFDQ86DA,35,307.04,住家用,鋼筋混凝土加強磚造,66年4月26日,一層,一層
RPTNMLLMQHHFFDQ86DA,35,404.32,住家用,鋼筋混凝土加強磚造,66年4月26日,二層,一層 二層
RPPOMLPJRHHFFDQ76DA,21,171.12,住商用,鋼筋混凝土造,80年6月5日,三層,一層 二層 三層 騎樓
RPRNMLRLQHHFFEQ27DA,17,246.97,見其他登記事項,鋼筋混凝土造,85年1月23日,三層,一層 二層 三層 地下層
RPUNMLLKRHHFFDQ86DA,2,198.91,住商用,鋼筋混凝土造,99年12月28日,四層,一層 二層 三層 四層
RPRNMLSLQHHFFBQ96CA,4,247.56,見其他登記事項,鋼筋混凝土造,97年4月8日,四層,一層 二層 三層 四層 地下一層
RPRNMLKMQHHFFBQ88CA,,169.35,住家用,鋼筋混凝土造,101年5月7日,四層,一層 二層 三層 四層
SPRNMLKMQHHFFBQ98CA,,190.32,住商用,鋼筋混凝土造,101年5月7日,四層,一層 二層 三層 四層
RPSNMLKMQHHFFBQ98CA,,190.32,住商用,鋼筋混凝土造,101年5月7日,四層,一層 二層 三層 四層
RPVNMLSLQHHFFDQ57CA,8,117.50,住家用,鋼筋混凝土造,93年11月3日,三層,一層 二層 三層
RPQNMLOKRHHFFEQ76CA,22,133.63,住家用,加強磚造,79年3月2日,二層,一層 二層
RPQNMLLJRHHFFBQ68CA,22,138.20,住商用,鋼筋混凝土造,80年2月13日,三層,一層 二層 三層 騎樓
RPPNMLPJRHHFFDQ56CA,4,141.67,住家用,鋼筋混凝土造,97年10月30日,三層,一層 二層 三層
RPPNMLOJRHHFFDQ09CA,,201.48,見其他登記事項,鋼筋混凝土造,101年6月19日,四層,一層 二層 三層 四層 騎樓
RPQNMLNJRHHFFBQ88CA,25,164.80,住家用,鋼筋混凝土造,76年10月9日,三層,一層 二層 三層 騎樓
RPVNMLLMQHHFFDQ96CA,20,89.42,住商用,鋼筋混凝土造,81年12月21日,二層,一層 二層
RPOOMLOJRHHFFDQ09CA,22,119.11,住商用,鋼筋混凝土加強磚造,79年5月29日,二層,一層 二層
RPXNMLKKRHHFFDQ07DA,36,42.12,住家用,見其他登記事項,66年1月6日,一層,一層
RPSNMLNJRHHFFDQ66CA,30,100.42,住商用,鋼筋混凝土加強磚造,71年7月24日,二層,一層 二層 騎樓
RPUNMLOJRHHFFDQ96CA,7,75.92,商業用,鋼筋混凝土造,94年8月15日,五層,一層
RPVNMLLKRHHFFCQ76CA,31,111.87,住家用,鋼筋混凝土加強磚造,70年9月15日,2,
RPUNMLOJRHHFFDQ96CA,7,22.47,見其他登記事項,鋼筋混凝土造,94年8月15日,五層,
RPSNMLQLRHHFFDQ17CA,35,77.46,住家用,磚造,66年8月13日,一層,一層
RPRNMLQLRHHFFDQ07CA,29,109.99,住家用,鋼筋混凝土加強磚造,73年2月10日,二層,一層 二層 騎樓
SPRNMLLMQHHFFBQ09CA,6,240.66,住家用,鋼筋混凝土造,95年8月28日,三層,一層 二層 三層 見其他登記事項
SPRNMLLMQHHFFBQ09CA,6,.25,見其他登記事項,鋼筋混凝土造,95年8月28日,一層,
RPRNMLLMQHHFFBQ98CA,6,.25,見其他登記事項,鋼筋混凝土造,95年8月28日,一層,
RPRNMLLMQHHFFBQ98CA,6,240.66,住家用,鋼筋混凝土造,95年8月28日,三層,一層 二層 三層 見其他登記事項
RPSNMLMKRHHFFBQ56DA,12,210.21,見其他登記事項,鋼筋混凝土造,89年11月23日,三層,一層 二層 三層 地下層
RPQNMLLKRHHFFCQ98DA,9,198.69,見其他登記事項,鋼筋混凝土造,92年12月12日,3,一層 二層 三層
RPTNMLPLRHHFFCQ17DA,45,52.68,商業用,見其他登記事項,56年10月1日,一層,一層 騎樓
RPRNMLNJRHHFFCQ56DA,16,61.29,見其他登記事項,鋼筋混凝土造,85年5月17日,8,四層
RPRNMLNJRHHFFCQ56DA,16,13.09,共有部分,鋼筋混凝土造,85年5月17日,8,
RPRNMLNJRHHFFCQ56DA,16,3.00,共有部分,鋼筋混凝土造,85年5月17日,8,
RPRNMLNJRHHFFCQ56DA,16,.08,見其他登記事項,鋼筋混凝土造,85年5月17日,8,
RPVNMLNJRHHFFCQ86CA,24,148.32,住家用,加強磚造,77年2月27日,2,一層 二層 電梯樓梯間
RPQOMLOKRHHFFDQ76CA,7,1.59,見其他登記事項,鋼筋混凝土造,94年8月26日,三層,
RPQOMLOKRHHFFDQ76CA,7,5.08,見其他登記事項,鋼筋混凝土造,94年8月26日,二層,
RPQOMLOKRHHFFDQ76CA,7,196.15,見其他登記事項,鋼筋混凝土造,94年8月26日,四層,一層 二層 三層 四層
RPSNMLPJRHHFFDQ96DA,6,180.02,見其他登記事項,鋼筋混凝土造,95年2月16日,四層,一層 二層 三層 四層
RPSNMLPJRHHFFDQ96DA,6,1.59,見其他登記事項,鋼筋混凝土造,95年2月16日,三層,
RPSNMLPJRHHFFDQ96DA,6,5.08,見其他登記事項,鋼筋混凝土造,95年2月16日,二層,
RPPNMLKKRHHFFDQ88DA,2,202.85,住商用,鋼筋混凝土造,99年3月24日,四層,一層 二層 三層 四層
RPTNMLLKRHHFFDQ76DA,2,215.44,住商用,鋼筋混凝土造,99年12月28日,四層,一層 二層 三層 四層
RPPNMLQJRHHFFCQ66DA,17,149.61,住家用,鋼筋混凝土造,84年8月5日,3,一層 二層 三層 電梯樓梯間
RPQNMLMKRHHFFDQ09CA,15,139.12,住家用,鋼筋混凝土造,86年12月29日,三層,一層 二層 三層
RPTOMLNKRHHFFDQ96CA,19,461.43,見其他登記事項,鋼筋混凝土造,82年3月17日,三層,一層 二層 三層
RPQNMLPJRHHFFBQ09CA,,190.32,住商用,鋼筋混凝土造,101年5月7日,四層,四層 一層 二層 三層
RPROMLLKRHHFFDQ56CA,21,157.47,住家用,鋼筋混凝土造,80年12月31日,三層,一層 二層 三層 騎樓
RPPNMLRJRHHFFDQ76CA,35,77.46,住家用,磚造,66年8月13日,一層,一層
RPRNMLPJRHHFFBQ56CA,6,246.69,住家用,鋼筋混凝土造,95年12月28日,四層,一層 二層 三層 四層
RPQNMLOLRHHFFCQ66CA,20,153.90,住商用,見其他登記事項,81年10月30日,三層,一層 二層 三層 電梯樓梯間
RPRNMLMKRHHFFBQ98CA,16,143.36,住家用,鋼筋混凝土造,86年1月10日,十層,五層 四層
RPRNMLMKRHHFFBQ98CA,16,23.15,見其他登記事項,鋼筋混凝土造,86年1月10日,十層,
RPRNMLMKRHHFFBQ98CA,16,14.59,見其他登記事項,鋼筋混凝土造,86年1月10日,十層,
RPWNMLSLRHHFFDQ77CA,6,153.70,見其他登記事項,鋼筋混凝土造,95年12月11日,三層,一層 二層 三層
RPPNMLTKRHHFFDQ07CA,17,163.83,住商用,鋼筋混凝土造,84年11月11日,三層,一層 二層 三層
RPPNMLQJRHHFFDQ76DA,23,109.19,住家用,加強磚造,78年11月15日,二層,一層 二層
RPPNMLRJRHHFFBQ66DA,14,135.48,住家用,鋼筋混凝土加強磚造,87年6月11日,三層,一層 二層 三層
RPRNMLLKRHHFFCQ09DA,9,184.88,見其他登記事項,鋼筋混凝土造,92年12月26日,3,一層 二層 三層
RPTNMLKKRHHFFDQ66DA,19,125.35,住家用,鋼筋混凝土造,82年10月16日,三層,一層 二層 三層
RPQNMLRJRHHFFBQ76DA,79,6.82,住家用,見其他登記事項,23年0月0日,一層,一層
RPOOMLLKRHHFFDQ98DA,20,148.50,住商用,鋼筋混凝土造,81年12月11日,三層,一層 二層 三層
RPPNMLOKRHHFFBQ98CA,8,194.28,見其他登記事項,鋼筋混凝土造,93年3月26日,四層,一層 二層 三層 四層
RPPNMLOKRHHFFBQ98CA,8,5.48,見其他登記事項,鋼筋混凝土造,93年3月26日,三層,
RPUOMLNKRHHFFDQ07CA,7,1.59,見其他登記事項,鋼筋混凝土造,94年8月26日,三層,
RPUOMLNKRHHFFDQ07CA,7,5.08,見其他登記事項,鋼筋混凝土造,94年8月26日,二層,
RPUOMLNKRHHFFDQ07CA,7,200.09,見其他登記事項,鋼筋混凝土造,94年8月26日,四層,一層 二層 三層 四層
RPQNMLKLRHHFFDQ09DA,16,193.74,農舍,鋼筋混凝土造,85年10月23日,二層,一層 二層
RPWNMLLKRHHFFDQ07DA,19,180.86,見其他登記事項,鋼筋混凝土造,82年10月6日,九層,一層 二層 騎樓 地下層
RPWNMLLKRHHFFDQ07DA,19,22.91,見其他登記事項,鋼筋混凝土造,82年10月6日,九層,
RPWNMLLKRHHFFDQ07DA,19,28.27,見其他登記事項,鋼筋混凝土造,82年10月6日,9,
RPQNMLLKRHHFFDQ09DA,2,201.02,住商用,鋼筋混凝土造,99年12月28日,四層,一層 二層 三層 四層
RPXNMLSKRHHFFBQ67DA,18,166.56,住商用,鋼筋混凝土造,83年5月23日,四層,一層 二層 三層 四層
RPTNMLPJIIHFFCQ88EA,1,231.13,見其他登記事項,鋼筋混凝土造,100年12月23日,四層,一層 二層 三層 四層 見其他登記事項
RPPNMLMKRHHFFBQ78CA,4,247.56,見其他登記事項,鋼筋混凝土造,97年4月8日,四層,四層 地下一層 二層 三層 一層
RPPNMLMKRHHFFBQ78CA,4,4.08,見其他登記事項,鋼筋混凝土造,97年4月8日,三層,
RPPNMLMKRHHFFBQ78CA,4,25.97,停車空間,鋼筋混凝土造,97年4月8日,四層,
RPXNMLLKRHHFFCQ96CA,16,91.20,見其他登記事項,鋼筋混凝土造,85年12月3日,5,五層
RPXNMLLKRHHFFCQ96CA,16,36.41,共有部分,鋼筋混凝土造,85年12月3日,5,
RPQNMLLKRHHFFBQ78CA,28,132.25,住家用,鋼筋混凝土加強磚造,73年6月15日,二層,一層 二層 騎樓
RPSNMLSKRHHFFBQ07CA,6,15.06,住家用,鋼筋混凝土造,95年8月28日,八層,六層
RPSNMLSKRHHFFBQ07CA,6,15.06,住家用,鋼筋混凝土造,95年8月28日,八層,六層
RPSNMLSKRHHFFBQ07CA,6,15.06,住家用,鋼筋混凝土造,95年8月28日,八層,六層
RPSNMLSKRHHFFBQ07CA,6,15.06,住家用,鋼筋混凝土造,95年8月28日,八層,六層
TPSNMLSKRHHFFBQ27CA,6,15.06,住家用,鋼筋混凝土造,95年8月28日,八層,六層
RPSNMLMKRHHFFDQ66CA,,247.76,見其他登記事項,鋼筋混凝土造,101年6月19日,四層,一層 二層 三層 四層 騎樓
UPSNMLSKRHHFFBQ37CA,6,15.06,住家用,鋼筋混凝土造,95年8月28日,八層,六層
SPSNMLSKRHHFFBQ17CA,6,15.06,住家用,鋼筋混凝土造,95年8月28日,八層,六層
RPOOMLSKRHHFFDQ96CA,1,166.65,見其他登記事項,鋼筋混凝土造,100年12月6日,三層,一層 二層 三層 見其他登記事項
RPRNMLSKRHHFFDQ17CA,17,209.11,住家用,鋼筋混凝土造,84年9月18日,三層,一層 二層 三層 地下層
RPRNMLSKRHHFFDQ17CA,17,19.27,見其他登記事項,鋼筋混凝土造,84年9月18日,地下層,
RPTNMLMKRHHFFCQ76DA,,157.63,見其他登記事項,鋼筋混凝土造,101年4月25日,3,一層 二層 三層 見其他登記事項
RPPNMLOJIIHFFCQ28DA,31,118.69,住家用,鋼筋混凝土加強磚造,70年12月1日,二層,一層 二層 電梯樓梯間
RPROMLNKRHHFFDQ76CA,26,700.00,住家用,見其他登記事項,75年10月23日,二層,一層 二層
RPPNMLTKRHHFFEQ17CA,27,119.22,住家用,加強磚造,75年1月27日,二層,一層 二層
RPPNMLRKRHHFFBQ66CA,40,161.64,住商用,見其他登記事項,61年8月31日,四層,一層 二層 三層 四層 騎樓
RPUNMLLLRHHFFBQ76DA,26,109.36,住家用,鋼筋混凝土加強磚造,75年3月19日,二層,一層 二層
RPWNMLSKRHHFFBQ47CA,6,21.72,住家用,鋼筋混凝土造,95年8月28日,八層,四層
RPPNMLSKRHHFFBQ86DA,6,29.33,住家用,鋼筋混凝土造,95年8月28日,八層,八層
RPPNMLSKRHHFFBQ86DA,6,7.29,共有部分,鋼筋混凝土造,95年8月28日,,
RPPNMLSKRHHFFBQ86DA,6,11.81,共有部分,鋼筋混凝土造,95年8月28日,,
RPQNMLRKRHHFFBQ86DA,35,120.60,住家用,鋼筋混凝土加強磚造,66年9月18日,三層,一層 二層 三層
RPQNMLLLRHHFFCQ09DA,31,109.10,住家用,鋼筋混凝土加強磚造,70年12月3日,二層,電梯樓梯間 一層 二層 騎樓
RPUNMLOLRHHFFDQ27DA,19,121.99,見其他登記事項,鋼筋混凝土造,82年10月6日,九層,三層
RPUNMLOLRHHFFDQ27DA,19,15.43,見其他登記事項,鋼筋混凝土造,82年10月6日,九層,
RPUNMLOLRHHFFDQ27DA,19,18.77,見其他登記事項,鋼筋混凝土造,82年10月6日,9,
RPQNMLPLRHHFFCQ76CA,1,159.05,住家用,鋼筋混凝土造,100年8月5日,三層,一層 二層 三層 電梯樓梯間
RPSNMLPLRHHFFDQ07CA,33,102.46,住家用,鋼筋混凝土加強磚造,68年10月13日,二層,一層 二層
RPSNMLLLRHHFFCQ56CA,40,48.01,住家用,見其他登記事項,61年3月31日,一層,
RPPNMLPLRHHFFDQ76CA,32,153.45,住家用,鋼筋混凝土加強磚造,69年3月18日,二層,一層 二層
RPWNMLOJIIHFFDQ98CA,13,310.48,農舍,鋼筋混凝土造,88年3月2日,三層,三層 一層 二層
RPPNMLOLRHHFFDQ66CA,23,185.14,住家用,鋼筋混凝土造,79年2月8日,三層,
RPPNMLKLRHHFFCQ88DA,5,143.43,見其他登記事項,鋼筋混凝土造,96年11月26日,三層,一層 二層 三層 電梯樓梯間
RPRNMLLLRHHFFBQ98CA,19,310.65,農舍,鐵造,83年1月13日,一層,一層
RPSNMLTJIIHFFDQ09CA,12,136.17,住家用,鋼筋混凝土造,90年2月20日,三層,一層 二層 三層
RPSNMLSJIIHFFCQ88CA,19,193.36,住家用,鋼筋混凝土造,82年10月15日,四層,一層 二層 三層 四層 電梯樓梯間
RPRNMLLJIIHFFDQ28DA,12,254.30,見其他登記事項,見其他登記事項,90年2月1日,二層,
RPWNMLLLRHHFFDQ17DA,,166.19,住家用,見其他登記事項,101年4月26日,三層,一層 二層 三層
RPXNMLLLRHHFFDQ27DA,32,97.20,住商用,鋼筋混凝土加強磚造,69年12月5日,二層,二層 騎樓 一層
RPRNMLKLRHHFFCQ98CA,16,151.86,住家用,鋼筋混凝土造,86年1月28日,三層,一層 二層 三層
RPPNMLKLRHHFFBQ68CA,18,160.02,見其他登記事項,鋼筋混凝土造,82年12月7日,三層,一層 二層 三層 騎樓
RPWNMLPLRHHFFBQ27CA,18,96.71,住家用,鋼筋混凝土造,83年9月10日,十三層,十二層
RPWNMLPLRHHFFBQ27CA,18,13.50,見其他登記事項,鋼筋混凝土造,83年9月10日,十三層,
RPWNMLPLRHHFFBQ27CA,18,7.31,見其他登記事項,鋼筋混凝土造,83年9月10日,十三層,
RPUNMLPLRHHFFCQ17CA,36,97.00,住家用,鋼筋混凝土加強磚造,66年1月15日,二層,一層 二層 騎樓
RPRNMLLJIIHFFEQ28CA,19,52.05,住家用,鋼筋混凝土造,82年4月1日,十八層,七層
RPVNMLKLRHHFFEQ96CA,19,122.39,住家用,鋼筋混凝土加強磚造,83年1月20日,二層,一層 二層
RPSOMLLLRHHFFDQ76CA,31,124.55,住家用,鋼筋混凝土加強磚造,70年4月9日,二層,一層 二層
RPVNMLNJIIHFFDQ78CA,7,1.59,見其他登記事項,鋼筋混凝土造,94年8月26日,三層,
RPVNMLNJIIHFFDQ78CA,7,5.08,見其他登記事項,鋼筋混凝土造,94年8月26日,二層,
RPVNMLNJIIHFFDQ78CA,7,196.15,見其他登記事項,鋼筋混凝土造,94年8月26日,四層,一層 二層 三層 四層
RPQNMLQLRHHFFDQ96CA,33,87.08,住家用,鋼筋混凝土加強磚造,68年10月1日,二層,一層 二層
RPPNMLQLRHHFFDQ86CA,32,88.82,住家用,鋼筋混凝土加強磚造,69年3月1日,二層,一層 二層
RPPNMLSLRHHFFDQ07CA,31,112.45,住家用,鋼筋混凝土加強磚造,70年6月3日,二層,一層 二層 騎樓
RPUNMLSJIIHFFDQ56CA,20,167.49,見其他登記事項,鋼筋混凝土造,82年1月9日,四層,一層 二層 三層 四層
RPVNMLPLRHHFFCQ27CA,32,107.18,住家用,鋼筋混凝土加強磚造,69年7月15日,二層,一層 二層 騎樓
RPOOMLLLRHHFFDQ09DA,,167.12,住家用,見其他登記事項,101年4月26日,三層,一層 二層 三層
RPPNMLLJIIHFFCQ97DA,31,88.76,住家用,鋼筋混凝土加強磚造,70年12月29日,二層,一層 二層
RPQNMLLJIIHFFCQ08DA,31,102.54,住家用,鋼筋混凝土加強磚造,70年12月29日,二層,一層 二層
RPRNMLPLRHHFFBQ76CA,,190.35,住家用,鋼筋混凝土造,101年5月7日,四層,一層 二層 三層 四層
RPPNMLPLRHHFFBQ56CA,,190.35,住家用,鋼筋混凝土造,101年5月7日,四層,一層 二層 三層 四層
RPQNMLNJIIHFFDQ38DA,32,90.10,住家用,鋼筋混凝土加強磚造,69年3月1日,二層,一層 二層
RPQNMLNJIIHFFBQ08CA,28,114.09,住商用,鋼筋混凝土造,73年5月17日,四層,一層 二層 三層 四層 騎樓
RPQNMLNJIIHFFBQ08CA,28,113.05,住商用,鋼筋混凝土造,73年5月17日,四層,二層 一層 四層 騎樓 三層
RPRNMLMJIIHFFCQ18CA,1,186.24,見其他登記事項,鋼筋混凝土造,101年1月18日,四層,一層 二層 三層 四層
RPPOMLLLRHHFFDQ56DA,19,186.90,住家用,鋼筋混凝土造,82年4月22日,四層,一層 二層 三層 四層
RPSNMLOJIIHFFDQ58CA,37,552.23,商業用,鋼筋混凝土加強磚造,64年4月18日,一層,
RPPNMLRJIIHFFDQ58CA,19,158.14,住家用,鋼筋混凝土造,83年2月15日,三層,一層 二層 三層
RPSNMLRLRHHFFDQ27CA,5,163.87,見其他登記事項,鋼筋混凝土造,96年10月1日,三層,一層 二層 三層 見其他登記事項
RPXNMLTJIIHFFDQ96CA,16,164.54,住家用,鋼筋混凝土造,85年11月22日,三層,
RPWNMLNJIIHFFDQ88CA,5,196.15,見其他登記事項,鋼筋混凝土造,96年9月29日,四層,一層 二層 三層 四層
RPWNMLNJIIHFFDQ88CA,5,1.59,見其他登記事項,鋼筋混凝土造,96年9月29日,三層,
RPWNMLNJIIHFFDQ88CA,5,5.08,見其他登記事項,鋼筋混凝土造,96年9月29日,二層,
RPUNMLMJIIHFFCQ48CA,16,174.03,住商用,鋼筋混凝土造,85年9月9日,五層,一層 二層 騎樓
RPVNMLLJIIHFFDQ68DA,19,199.50,住商用,鋼筋混凝土造,83年3月3日,三層,一層 二層 三層
RPQNMLTKIIHFFDQ09DA,35,107.31,住商用,磚造,66年9月7日,一層,一層
RPUNMLRLRHHFFBQ37DA,19,167.98,住家用,鋼筋混凝土造,82年4月22日,三層,一層 二層 三層
RPTNMLMLIIHFFBQ48CA,8,18.19,住家用,鋼筋混凝土造,94年1月3日,五層,二層
RPTNMLMLIIHFFBQ48CA,8,1.79,見其他登記事項,鋼筋混凝土造,94年1月3日,五層,
RPTNMLMLIIHFFBQ48CA,8,2.72,見其他登記事項,鋼筋混凝土造,94年1月3日,五層,
RPRNMLLJIIHFFBQ97CA,16,105.67,住家用,鋼筋混凝土造,85年8月15日,十四層,七層
RPRNMLLJIIHFFBQ97CA,16,29.74,見其他登記事項,鋼筋混凝土造,85年8月15日,十四層,
RPWNMLTKIIHFFDQ96CA,,155.09,見其他登記事項,鋼筋混凝土造,101年7月24日,三層,一層 二層 三層
RPQNMLMJIIHFFDQ18CA,33,152.29,住家用,鋼筋混凝土加強磚造,68年12月6日,三層,一層 二層 三層 騎樓
RPXNMLTKIIHFFDQ07CA,,155.09,見其他登記事項,鋼筋混凝土造,101年7月24日,三層,一層 二層 三層
RPOOMLTKIIHFFDQ88CA,,310.19,見其他登記事項,鋼筋混凝土造,101年7月24日,三層,二層 三層 一層
RPTOMLTKIIHFFDQ76CA,,155.09,見其他登記事項,鋼筋混凝土造,101年7月24日,三層,一層 二層 三層
RPUOMLTKIIHFFDQ86CA,,312.93,見其他登記事項,鋼筋混凝土造,101年7月24日,三層,二層 三層 見其他登記事項 一層
RPWOMLTKIIHFFDQ07CA,,171.72,見其他登記事項,鋼筋混凝土造,101年4月18日,三層,見其他登記事項 一層 二層 三層
RPSOMLTKIIHFFDQ66CA,,155.09,見其他登記事項,鋼筋混凝土造,101年7月24日,三層,一層 二層 三層
RPXOMLTKIIHFFDQ17CA,,160.15,見其他登記事項,鋼筋混凝土造,101年4月18日,三層,一層 二層 三層
RPVOMLTKIIHFFDQ96CA,,169.63,見其他登記事項,鋼筋混凝土造,101年7月24日,三層,一層 二層 三層 見其他登記事項
RPPPMLTKIIHFFDQ09CA,,157.34,見其他登記事項,鋼筋混凝土造,101年4月18日,三層,一層 二層 三層
RPOPMLTKIIHFFDQ98CA,,157.34,見其他登記事項,鋼筋混凝土造,101年4月18日,三層,一層 二層 三層
RPQOMLTKIIHFFDQ09CA,,155.09,見其他登記事項,鋼筋混凝土造,101年7月24日,三層,一層 二層 三層
RPWPMLSKIIHFFDQ07CA,,162.29,見其他登記事項,鋼筋混凝土造,101年7月24日,三層,一層 二層 三層 見其他登記事項
RPVPMLSKIIHFFDQ96CA,,155.09,見其他登記事項,鋼筋混凝土造,101年7月24日,三層,三層 一層 二層
RPVPMLSKIIHFFDQ96CA,,155.09,見其他登記事項,鋼筋混凝土造,101年7月24日,三層,一層 二層 三層
RPROMLTKIIHFFDQ56CA,,155.09,見其他登記事項,鋼筋混凝土造,101年7月24日,三層,一層 二層 三層
RPPOMLTKIIHFFDQ98CA,,155.09,見其他登記事項,鋼筋混凝土造,101年7月24日,三層,一層 二層 三層
RPQPMLTKIIHFFDQ56CA,,160.15,見其他登記事項,鋼筋混凝土造,101年4月18日,三層,一層 二層 三層
RPTNMLLJIIHFFBQ18CA,17,151.00,住家用,鋼筋混凝土加強磚造,84年5月1日,三層,
RPRNMLLJIIHFFCQ18DA,16,23.97,見其他登記事項,鋼筋混凝土造,85年12月3日,五層,四層
RPRNMLLJIIHFFCQ18DA,16,12.09,共有部分,鋼筋混凝土造,85年12月3日,五層,
RPXNMLMJIIHFFDQ98DA,19,155.55,住家用,鋼筋混凝土造,82年9月7日,三層,一層 二層 三層
RPPNMLSLRHHFFCQ17EA,15,155.84,住家用,鋼筋混凝土造,86年12月18日,三層,一層 二層 三層 電梯樓梯間
RPPNMLLJIIHFFDQ08DA,25,146.40,住家用,鋼筋混凝土加強磚造,76年10月23日,二層,一層 二層
RPSNMLMKIIHFFDQ58DA,34,88.52,住家用,鋼筋混凝土加強磚造,67年7月10日,二層,一層 二層
RPRNMLMJIIHFFDQ38DA,,165.39,住家用,見其他登記事項,101年4月26日,三層,一層 二層 三層
RPRNMLNJIIHFFDQ48DA,15,127.31,住家用,鋼筋混凝土造,86年10月23日,三層,一層 二層 三層
RPOOMLLJIIHFFDQ08DA,32,95.58,住家用,鋼筋混凝土加強磚造,69年4月1日,二層,一層 二層
RPTNMLOJIIHFFCQ58CA,31,34.41,住家用,磚造,70年12月29日,一層,
RPTNMLOJIIHFFCQ58CA,31,34.41,住家用,磚造,70年12月29日,一層,
RPQNMLOJIIHFFBQ18CA,3,224.13,住商用,鋼筋混凝土造,98年11月11日,四層,一層 二層 三層 四層
RPQNMLOJIIHFFBQ18CA,3,.88,見其他登記事項,鋼筋混凝土造,98年11月11日,二層,
RPPNMLMJIIHFFCQ97CA,1,252.73,住家用,鋼筋混凝土造,101年1月18日,四層,一層 二層 三層 四層
RPPNMLQLIIHFFCQ58CA,32,120.22,住家用,鋼筋混凝土加強磚造,70年2月23日,二層,一層 二層 騎樓 電梯樓梯間
RPUNMLMLIIHFFDQ78CA,4,159.21,見其他登記事項,鋼筋混凝土造,97年9月3日,三層,二層 三層 一層
RPPOMLLJIIHFFDQ08CA,19,164.73,住家用,鋼筋混凝土造,82年9月25日,三層,一層 二層 三層
RPVNMLPKIIHFFDQ09CA,31,114.68,住商用,鋼筋混凝土加強磚造,70年8月5日,二層,一層 二層
RPSNMLNJIIHFFDQ48CA,33,143.66,住家用,鋼筋混凝土加強磚造,68年8月10日,三層,一層 二層 三層 騎樓
RPWNMLRKIIHFFCQ66CA,,208.00,見其他登記事項,鋼筋混凝土造,101年6月5日,三層,一層 二層 三層 見其他登記事項
RPSNMLNJIIHFFCQ38CA,22,139.78,住家用,鋼筋混凝土加強磚造,80年2月5日,二層,一層 二層 電梯樓梯間
RPTNMLMJIIHFFCQ48DA,,155.50,見其他登記事項,鋼筋混凝土造,101年4月25日,三層,一層 二層 三層 見其他登記事項
RPQNMLOJIIHFFEQ68EA,19,267.65,住家用,鋼筋混凝土造,82年4月1日,十九層,十七層
RPQNMLOJIIHFFEQ68EA,19,50.90,見其他登記事項,鋼筋混凝土造,82年4月1日,十九層,
RPQNMLOJIIHFFEQ68EA,19,12.79,見其他登記事項,鋼筋混凝土造,82年4月1日,,
RPQNMLPJIIHFFCQ38CA,20,116.41,國民住宅,鋼筋混凝土造,82年2月17日,五層,二層
RPPNMLKKIIHFFCQ87CA,16,106.48,國民住宅,鋼筋混凝土造,85年11月15日,五層,三層
RPPNMLKKIIHFFCQ87CA,16,.52,共有部分,鋼筋混凝土造,85年11月15日,地下二層,
RPPNMLKKIIHFFCQ87CA,16,9.83,共有部分,鋼筋混凝土造,85年11月15日,五層,
RPRNMLOJIIHFFDQ48CA,6,144.70,見其他登記事項,鋼筋混凝土造,95年12月8日,三層,一層 二層 三層 見其他登記事項
RPTNMLMKIIHFFDQ58CA,,231.73,見其他登記事項,鋼筋混凝土造,101年6月19日,四層,騎樓 一層 二層 三層 四層
RPUNMLMKIIHFFDQ68CA,,215.50,見其他登記事項,鋼筋混凝土造,101年6月19日,四層,三層 一層 四層 騎樓 二層
RPSNMLOJIIHFFCQ48CA,19,177.36,住家用,鋼筋混凝土造,82年11月17日,三層,一層 二層 三層 電梯樓梯間
RPSNMLQLIIHFFDQ09DA,32,103.40,住家用,鋼筋混凝土加強磚造,69年8月13日,二層,一層 二層 騎樓
RPPNMLSJIIHFFBQ48CA,36,111.66,住家用,鋼筋混凝土加強磚造,66年2月7日,二層,一層 二層 夾層
RPXPMLSKIIHFFDQ17CA,,155.09,見其他登記事項,鋼筋混凝土造,101年7月24日,三層,一層 二層 三層
RPPNMLPJIIHFFDQ48DA,17,483.10,農舍,鋼筋混凝土加強磚造,84年11月3日,二層,一層 二層 地下層
RPTNMLPJIIHFFBQ68DA,8,135.63,住家用,鋼筋混凝土造,93年5月24日,三層,一層 二層 三層
RPSNMLMKIIHFFCQ38CA,17,19.15,住家用,鋼筋混凝土造,84年8月15日,五層,二層
RPWNMLQLIIHFFCQ66CA,19,213.56,見其他登記事項,鋼筋混凝土造,82年4月19日,三層,一層 二層 三層 水箱 電梯樓梯間 地下層
RPUOMLTJIIHFFDQ76CA,32,95.41,住家用,鋼筋混凝土加強磚造,69年7月1日,二層,一層 二層
RPQNMLPJIIHFFDQ48CA,32,102.33,住商用,鋼筋混凝土加強磚造,70年2月1日,二層,一層 二層 騎樓
RPPNMLTJIIHFFCQ68CA,16,183.96,住家用,鋼筋混凝土造,85年5月3日,三層,
RPVNMLMKIIHFFDQ78CA,34,105.93,住家用,鋼筋混凝土加強磚造,67年5月2日,二層,一層 二層
RPPNMLQJIIHFFDQ48CA,14,124.21,住家用,鋼筋混凝土造,87年11月24日,三層,三層 一層 二層
RPSNMLQKIIHFFDQ88CA,7,168.13,住家用,鋼筋混凝土造,95年1月25日,三層,一層 二層 三層
RPRNMLMKIIHFFCQ28CA,17,19.15,住家用,鋼筋混凝土造,84年8月15日,五層,二層
RPPNMLQJIIHFFCQ38CA,19,167.21,住家用,鋼筋混凝土造,82年8月9日,三層,一層 二層 三層 電梯樓梯間
RPWNMLLKIIHFFDQ78CA,12,179.50,住商用,鋼筋混凝土造,89年7月12日,四層,一層 二層 三層 四層
RPTNMLPLIIHFFBQ78CA,20,57.47,商業用,見其他登記事項,81年12月31日,一層,一層 騎樓
RPTNMLPLIIHFFBQ78CA,20,25.79,商業用,見其他登記事項,81年12月31日,一層,一層
RPTNMLPLIIHFFBQ78CA,20,1581.23,住家用,鋼筋混凝土加強磚造,81年12月31日,二層,一層 二層
RPVNMLMLIIHFFDQ98DA,16,129.67,住家用,鋼筋混凝土造,85年12月13日,三層,一層 二層 三層
RPQNMLTJIIHFFBQ68CA,34,97.74,住家用,鋼筋混凝土加強磚造,68年2月15日,二層,一層 二層 騎樓 夾層
RPTNMLPKIIHFFBQ68CA,3,.88,見其他登記事項,鋼筋混凝土造,98年11月11日,二層,
RPTNMLPKIIHFFBQ68CA,3,224.13,住商用,鋼筋混凝土造,98年11月11日,四層,一層 二層 三層 四層
RPRNMLQLIIHFFCQ78CA,31,86.60,住商用,鋼筋混凝土加強磚造,70年12月5日,二層,一層 二層 電梯樓梯間
RPVNMLLKIIHFFDQ68CA,31,68.75,住家用,磚造,70年7月31日,一層,一層
RPQOMLRKIIHFFCQ78CA,18,150.81,住家用,鋼筋混凝土造,84年2月17日,三層,一層 二層 三層 電梯樓梯間
RPSNMLRKIIHFFDQ98CA,10,147.92,見其他登記事項,鋼筋混凝土造,92年1月15日,三層,一層 二層 三層
RPTNMLPKIIHFFDQ88CA,32,102.28,住家用,鋼筋混凝土加強磚造,69年3月1日,二層,一層 二層 騎樓
RPQNMLLKIIHFFCQ28EA,5,151.45,住家用,鋼筋混凝土造,96年11月26日,三層,一層 二層 三層 電梯樓梯間
RPUNMLRKIIHFFCQ09CA,,178.61,見其他登記事項,鋼筋混凝土造,101年6月5日,三層,一層 二層 三層 見其他登記事項
RPXNMLRKIIHFFCQ76CA,,178.64,見其他登記事項,鋼筋混凝土造,101年6月5日,三層,一層 二層 三層 見其他登記事項
RPUNMLPKIIHFFBQ78CA,3,.88,見其他登記事項,鋼筋混凝土造,98年11月11日,二層,
RPUNMLPKIIHFFBQ78CA,3,221.13,住商用,鋼筋混凝土造,98年11月11日,四層,一層 二層 三層 四層
RPPNMLPLIIHFFCQ48CA,,176.23,見其他登記事項,鋼筋混凝土造,101年6月5日,三層,一層 二層 三層 見其他登記事項
RPSNMLSKIIHFFDQ09CA,29,110.10,住家用,鋼筋混凝土加強磚造,72年5月12日,二層,騎樓 一層 二層
RPSNMLPKIIHFFDQ78CA,32,102.06,住家用,加強磚造,70年2月15日,二層,一層 二層
RPUNMLTKIIHFFDQ76CA,16,238.42,住商用,鋼筋混凝土造,85年11月29日,四層,一層 二層 三層 四層
RPOOMLPLIIHFFDQ58CA,13,981.24,見其他登記事項,鋼造,88年6月15日,二層,一層 二層
RPTNMLRKIIHFFDQ09CA,8,120.13,住家用,鋼筋混凝土造,93年11月3日,三層,一層 二層 三層
RPUNMLPKIIHFFDQ98CA,19,174.28,住家用,鋼筋混凝土造,82年10月7日,三層,一層 二層 三層
RPQNMLRKIIHFFDQ88DA,6,213.88,見其他登記事項,鋼筋混凝土造,95年12月5日,四層,一層 二層 三層 四層 地下層 見其他登記事項
RPUOMLKMIIHFFDQ88DA,19,32.58,見其他登記事項,鋼筋混凝土造,82年10月6日,九層,五層
RPRNMLQKIIHFFEQ88CA,20,198.81,住家用,鋼筋混凝土加強磚造,81年5月21日,三層,一層 二層 三層
RPRPMLKMIIHFFCQ48CA,18,92.92,見其他登記事項,鋼筋混凝土造,83年8月8日,十一層,七層
RPRPMLKMIIHFFCQ48CA,18,15.71,共有部分,鋼筋混凝土造,83年8月8日,十一層,
RPRPMLKMIIHFFCQ48CA,18,19.30,共有部分,鋼筋混凝土造,83年8月8日,十一層,
RPTNMLOLIIHFFCQ78CA,18,92.92,見其他登記事項,鋼筋混凝土造,83年8月8日,十一層,十層
RPTNMLOLIIHFFCQ78CA,18,15.71,共有部分,鋼筋混凝土造,83年8月8日,十一層,
RPTNMLOLIIHFFCQ78CA,18,19.30,共有部分,鋼筋混凝土造,83年8月8日,十一層,
RPPNMLRKIIHFFBQ48CA,26,141.27,住家用,鋼筋混凝土加強磚造,75年6月12日,二層,一層 二層
RPRNMLMLIIHFFBQ28CA,13,163.60,住家用,鋼筋混凝土造,88年12月21日,三層,一層 二層 三層
RPSPMLKMIIHFFCQ58CA,15,95.78,住家用,鋼筋混凝土造,86年4月24日,五層,二層
RPSPMLKMIIHFFCQ58CA,15,11.00,共有部分,鋼筋混凝土造,86年4月24日,五層,
RPPNMLOLIIHFFCQ38CA,17,65.01,住家用,鋼筋混凝土造,85年3月15日,三層,一層
RPPNMLOLIIHFFCQ38CA,17,6.77,共有部分,鋼筋混凝土造,85年3月15日,三層,
RPPNMLSKIIHFFCQ68CA,31,60.55,住家用,鋼筋混凝土加強磚造,70年12月16日,一層,一層
RPPNMLSKIIHFFDQ78CA,31,114.30,住家用,鋼筋混凝土加強磚造,70年7月10日,二層,一層 二層 騎樓
RPRNMLMLIIHFFDQ68EA,27,114.30,住家用,鋼筋混凝土加強磚造,74年6月20日,三層,一層 二層 三層
RPUNMLMJJIHFFDQ78DA,13,184.80,住商用,鋼筋混凝土造,88年7月23日,四層,一層 二層 三層 四層
RPRNMLTLIIHFFCQ56DA,10,99.71,見其他登記事項,鋼筋混凝土造,91年7月25日,五層,
RPRNMLTLIIHFFCQ56DA,10,12.17,見其他登記事項,鋼筋混凝土造,91年7月25日,五層,
RPRNMLTLIIHFFCQ56DA,10,.61,見其他登記事項,鋼筋混凝土造,91年7月25日,五層,
RPRNMLSKIIHFFCQ09EA,38,77.00,住家用,鋼筋混凝土加強磚造,64年1月7日,三層,三層 一層 二層
RPOOMLNLIIHFFDQ38CA,34,117.60,住家用,鋼筋混凝土加強磚造,67年3月27日,二層,一層 二層 騎樓
RPXPMLKMIIHFFDQ56CA,20,167.49,見其他登記事項,鋼筋混凝土造,82年1月9日,四層,一層 二層 三層 四層
RPQNMLPLIIHFFDQ68CA,20,207.89,住商用,鋼筋混凝土造,81年8月21日,四層,四層 一層 二層 三層
RPSNMLSKIIHFFCQ56EA,20,116.41,國民住宅,鋼筋混凝土造,82年2月17日,五層,四層
RPSNMLSKIIHFFCQ56EA,20,17.95,共有部分,鋼筋混凝土造,82年2月17日,五層,
RPSNMLLJJIHFFCQ28CA,18,98.55,住家用,鋼筋混凝土造,83年10月4日,五層,四層
RPRNMLMJJIHFFCQ28CA,17,188.27,住家用,鋼筋混凝土造,84年7月3日,三層,一層 二層 三層 電梯樓梯間
RPQNMLQLIIHFFCQ68CA,1,279.90,見其他登記事項,鋼筋混凝土造,100年12月23日,四層,三層 四層 見其他登記事項 一層 二層
RPVPMLKMIIHFFDQ98CA,5,172.62,見其他登記事項,鋼筋混凝土造,96年5月1日,四層,三層 一層 二層 四層
RPUNMLTLIIHFFDQ86CA,44,155.29,住家用,磚造,58年1月10日,一層,一層
RPUNMLTLIIHFFDQ86CA,44,212.50,工業用,竹造,58年1月10日,一層,一層
RPROMLTJJIHFFDQ56CA,8,142.45,住家用,鋼筋混凝土造,94年3月3日,三層,一層 二層 三層
RPTNMLPKJIHFFCQ88CA,18,194.72,住家用,鋼筋混凝土造,83年5月13日,四層,一層 二層 三層 四層
RPROMLSJJIHFFDQ09CA,33,95.24,住家用,鋼筋混凝土加強磚造,68年3月2日,二層,一層 二層
RPPNMLQKJIHFFDQ78DA,35,86.52,住家用,鋼筋混凝土加強磚造,66年9月26日,二層,一層 二層
RPOOMLMLIIHFFDQ38DA,30,97.00,住家用,鋼筋混凝土加強磚造,71年9月10日,二層,一層 二層
RPTNMLOLIIHFFBQ78DA,16,97.50,住家用,鋼筋混凝土造,86年1月10日,十層,三層
RPRNMLQKJIHFFEQ98CA,22,182.75,住家用,鋼筋混凝土造,80年1月5日,三層,一層 二層 三層
RPQNMLKKJIHFFCQ08CA,33,125.20,住商用,鋼筋混凝土加強磚造,68年12月20日,二層,二層 電梯樓梯間 一層
RPTNMLLJJIHFFCQ38CA,18,287.80,住商用,鋼筋混凝土造,83年6月30日,四層,一層 二層 三層 地下層 四層
RPTNMLLJJIHFFCQ38CA,18,8.20,見其他登記事項,鋼筋混凝土造,83年6月30日,一層,
RPRNMLNLIIHFFDQ68DA,7,16.15,見其他登記事項,鋼筋混凝土造,94年8月15日,五層,五層
RPRNMLNLIIHFFDQ68DA,7,7.19,見其他登記事項,鋼筋混凝土造,94年8月15日,五層,
RPWNMLMJJIHFFDQ88CA,31,69.36,住家用,加強磚造,70年8月1日,一層,一層
RPQNMLNLIIHFFCQ38CA,16,165.72,住家用,鋼筋混凝土造,85年7月29日,三層,
RPPPMLKMIIHFFCQ28CA,11,125.47,住家用,鋼筋混凝土造,91年1月14日,三層,
RPQPMLKMIIHFFCQ38CA,19,197.70,住商用,鋼筋混凝土加強磚造,83年2月1日,四層,一層 二層 三層 四層 電梯樓梯間
RPUNMLOLIIHFFCQ88CA,17,233.02,住家用,鋼筋混凝土造,84年4月18日,四層,一層 二層 三層 四層 電梯樓梯間
RPWNMLMJJIHFFCQ78CA,24,176.10,住家用,鋼筋混凝土造,77年12月28日,三層,一層 二層 三層 電梯樓梯間
RPVNMLPLIIHFFDQ66DA,32,122.81,住家用,鋼筋混凝土加強磚造,69年6月15日,二層,一層 二層 騎樓
RPQNMLOLIIHFFDQ58CA,16,137.71,住家用,鋼筋混凝土造,85年3月28日,三層,一層 二層 三層
RPVNMLNLIIHFFBQ88DA,24,170.61,住家用,鋼筋混凝土加強磚造,78年3月13日,三層,一層 二層 三層 騎樓
RPUNMLNLIIHFFDQ98DA,35,90.14,住商用,鋼筋混凝土加強磚造,67年3月10日,二層,一層 二層 騎樓
RPPNMLPJJIHFFCQ38CA,31,115.00,住家用,鋼筋混凝土加強磚造,70年5月20日,二層,一層 二層 電梯樓梯間
RPQNMLOLIIHFFBQ48DA,24,49.44,住家用,磚造,78年2月25日,一層,一層 騎樓
RPRNMLRJJIHFFCQ78CA,7,201.77,住家用,鋼筋混凝土造,94年9月12日,三層,一層 二層 三層 電梯樓梯間
RPTPMLKMIIHFFCQ68CA,30,94.97,住家用,鋼筋混凝土加強磚造,71年12月15日,二層,
RPVNMLQLIIHFFCQ56CA,21,180.53,住家用,鋼筋混凝土造,81年3月4日,三層,三層 電梯樓梯間 一層 二層
RPWNMLSJJIHFFDQ86CA,,43.44,農舍,見其他登記事項,101年8月23日,一層,
RPPNMLQKJIHFFCQ58CA,9,167.32,見其他登記事項,鋼筋混凝土造,93年1月30日,四層,三層 四層 一層 二層
RPQOMLLMIIHFFDQ48CA,31,136.41,住家用,鋼筋混凝土加強磚造,70年6月20日,二層,一層 二層
RPPNMLKMIIHFFDQ18CA,33,91.20,住家用,鋼筋混凝土加強磚造,68年8月14日,二層,一層 二層
RPTNMLPJJIHFFCQ78CA,19,170.45,住家用,鋼筋混凝土造,82年5月20日,四層,一層 二層 三層 四層 騎樓
SPTNMLQLIIHFFBQ98CA,6,191.08,住家用,鋼筋混凝土造,95年8月28日,三層,見其他登記事項 一層 二層 三層
RPQNMLKMIIHFFBQ08CA,4,269.21,見其他登記事項,鋼筋混凝土造,97年4月8日,四層,一層 二層 三層 四層 地下一層
RPQNMLKMIIHFFBQ08CA,4,5.05,見其他登記事項,鋼筋混凝土造,97年4月8日,三層,
RPQNMLKMIIHFFBQ08CA,4,32.14,停車空間,鋼筋混凝土造,97年4月8日,四層,
RPVNMLMJJIHFFCQ68CA,5,232.04,見其他登記事項,鋼筋混凝土造,96年7月19日,四層,一層 二層 三層 四層
RPSPMLKMIIHFFDQ68CA,4,194.82,見其他登記事項,鋼筋混凝土造,97年8月4日,四層,一層 二層 三層 四層
RPPNMLKKJIHFFDQ18DA,7,130.59,見其他登記事項,鋼筋混凝土造,94年7月19日,三層,一層 二層 三層
RPRNMLQJJIHFFDQ98EA,17,150.38,住家用,鋼筋混凝土造,84年11月8日,三層,一層 二層 三層
RPPNMLPKJIHFFDQ78EA,15,131.90,住家用,鋼筋混凝土造,86年4月23日,四層,一層 二層 三層 四層
RPQOMLTJJIHFFDQ09CA,,155.09,見其他登記事項,鋼筋混凝土造,101年7月24日,三層,一層 二層 三層
RPQPMLKMIIHFFDQ58DA,17,67.00,見其他登記事項,鋼筋混凝土造,84年12月27日,五層,一層
RPQPMLKMIIHFFDQ58DA,17,12.19,見其他登記事項,鋼筋混凝土造,84年12月27日,五層,
RPROMLKMIIHFFDQ48CA,32,108.76,住商用,鋼筋混凝土加強磚造,69年8月20日,二層,一層 二層
RPTPMLKMIIHFFDQ78CA,4,194.82,見其他登記事項,鋼筋混凝土造,97年8月4日,四層,一層 二層 三層 四層
RPPNMLNJJIHFFCQ18CA,24,77.14,住商用,見其他登記事項,77年7月12日,三層,一層 二層 三層 騎樓 電梯樓梯間
RPPNMLNJJIHFFCQ18CA,24,77.14,住商用,見其他登記事項,77年7月12日,三層,一層 二層 三層 騎樓 電梯樓梯間
RPTNMLMJJIHFFCQ48CA,15,166.74,見其他登記事項,鋼筋混凝土造,86年11月18日,四層,一層 二層 三層 四層
RPSNMLTJJIHFFCQ09CA,34,202.53,住家用,鋼筋混凝土加強磚造,67年7月1日,二層,一層 二層 騎樓 電梯樓梯間
RPPOMLLMIIHFFDQ38CA,20,100.50,住家用,鋼筋混凝土加強磚造,82年1月13日,二層,一層 二層
RPRNMLPJJIHFFDQ68CA,31,88.06,見其他登記事項,鋼筋混凝土加強磚造,70年12月19日,二層,一層 見其他登記事項 二層
RPPNMLRJJIHFFEQ78CA,20,6.62,見其他登記事項,鋼筋混凝土造,82年4月1日,十八層,
RPPNMLRJJIHFFEQ78CA,20,33.90,住家用,鋼筋混凝土造,82年4月1日,十八層,六層
RPPNMLRJJIHFFEQ78CA,20,1.75,見其他登記事項,鋼筋混凝土造,82年4月1日,,
RPQNMLQKJIHFFDQ88DA,31,107.29,住家用,鋼筋混凝土加強磚造,70年5月1日,二層,一層 二層 騎樓
RPRNMLPJJIHFFBQ58DA,38,87.30,住家用,鋼筋混凝土加強磚造,63年9月27日,二層,一層 二層 騎樓
RPPNMLOJJIHFFEQ48CA,18,.36,住家用,鋼筋混凝土造,84年2月3日,一層,
RPPNMLOJJIHFFEQ48CA,18,220.62,住家用,鋼筋混凝土造,84年2月3日,四層,一層 四層 騎樓 三層 二層
RPSOMLTJJIHFFDQ66CA,18,166.87,住家用,鋼筋混凝土造,84年1月10日,三層,二層 三層 一層
RPSNMLLJJIHFFBQ18CA,2,219.18,住家用,鋼筋混凝土造,99年6月18日,四層,一層 二層 三層 四層
RPVNMLRLJIHFFDQ86CA,12,184.62,見其他登記事項,鋼筋混凝土造,90年3月26日,三層,一層 二層 三層
RPTNMLTLJIHFFDQ86CA,20,139.31,住家用,鋼筋混凝土造,82年2月19日,二層,一層 二層
RPPNMLMJJIHFFBQ97CA,31,127.44,住家用,鋼筋混凝土加強磚造,71年4月2日,二層,一層 二層 騎樓
