﻿編號,土地區段位置,土地移轉面積平方公尺,使用分區或編定
The serial number,land sector position,land shifting area square meter,the use zoning or compiles and checks
RPPNMLPJRHHFFDV17DA,大武段,1882.00,非都市：山坡地保育區 ; 非都市編定：農牧用地
RPTNMLLLQHHFFAV86CA,青林段,1508.44,非都市：一般農業區 ; 非都市編定：農牧用地
RPPNMLSJQHHFFAV96CA,台東段,51.00,都市：住
RPPNMLSJQHHFFAV96CA,台東段,8.00,都市：住
RPPNMLQJRHHFFAV86CA,利家段,6068.00,都市：其他
RPQNMLPKQHHFFAV86CA,台東段,132.00,都市：住
RPWNMLLLQHHFFAV17CA,豐嘉段,1185.48,非都市：特定農業區 ; 非都市編定：農牧用地
RPRNMLNKQHHFFAV76CA,上南寮段,78.25,都市：農
RPRNMLNKQHHFFAV76CA,上南寮段,558.52,都市：農
RPQNMLKLQHHFFAV56DA,建業段,112.00,都市：住
RPPNMLNJRHHFFCV76CA,隆昌段,7881.72,都市：農
RPPNMLPKQHHFFAV86DA,德安段,20.51,都市：住
RPPNMLPKQHHFFAV86DA,德安段,.14,都市：住
RPPNMLPKQHHFFAV86DA,德安段,1.89,都市：住
RPPNMLPKQHHFFAV86DA,德安段,.04,都市：住
RPUNMLQKQHHFFAV37CA,下賓朗段,270.05,都市：住
RPSNMLNKQHHFFAV86CA,中山段,72.24,都市：住
RPRNMLLMQHHFFAV76CA,南清段,109.75,都市：住
RPVNMLPKQHHFFAV47DA,豐里段,114.44,都市：其他
RPPNMLPJRHHFFAV86DA,建樂段,9.12,都市：住
RPQNMLQKQHHFFAV07DA,東海段,16.12,都市：住
RPQNMLQKQHHFFAV07DA,東海段,1.04,都市：住
RPVNMLQKQHHFFAV57DA,台東段,5.00,都市：住
RPQNMLQJRHHFFAV96CA,馬蘭段,10.98,都市：住
RPQNMLOKQHHFFAV86DA,豐年段,135.27,都市：住
RPQNMLOKQHHFFAV86DA,豐年段,25.55,都市：住
RPPNMLTJQHHFFAV07CA,南王段,242.92,都市：住
RPQNMLTJQHHFFCV37CA,豐泉段,62.40,都市：住
RPQNMLTJQHHFFCV37CA,豐泉段,24.63,都市：其他
RPQNMLTJQHHFFCV37CA,豐泉段,20.61,都市：住
RPQNMLTJQHHFFCV37CA,豐泉段,16.13,都市：住
RPQNMLTJQHHFFCV37CA,豐泉段,239.68,都市：住
RPQNMLTJQHHFFCV37CA,豐泉段,112.87,都市：住
RPPNMLQKQHHFFAV96DA,豐源段,4259.64,都市：農
RPPNMLKKQHHFFCV56DA,溪埔段,94.38,都市：工
RPTNMLOKQHHFFAV07CA,台東段,168.00,都市：住
RPQNMLMLQHHFFAV66CA,豐嘉段,1182.19,都市：農
RPQNMLMLQHHFFAV66CA,豐嘉段,1342.77,都市：農
RPQNMLNKQHHFFAV76DA,旭川段,104.90,都市：住
RPRNMLOKQHHFFAV86CA,台東段,15.23,都市：住
RPRNMLQJRHHFFAV07CA,豐年段,8.00,都市：住
RPQNMLRKQHHFFAV07CA,岩灣段,1935.29,都市：商
RPVNMLNKQHHFFAV17CA,台東段,82.00,都市：住
RPTNMLNKQHHFFAV07DA,台東段,141.00,都市：住
RPQNMLOJRHHFFBV86CA,新美山段,3847.53,非都市：風景區 ; 非都市編定：農牧用地
RPWNMLPKQHHFFAV47CA,興安段,178.02,都市：住
RPUNMLOKQHHFFAV37EA,台東段,80.00,都市：住
RPPNMLOKQHHFFAV76DA,常德段,11.38,都市：住
RPUNMLOKQHHFFAV27DA,新生段,84.00,都市：住
RPTNMLMKRHHFFCV27DA,康源段,372.00,非都市：鄉村區 ; 非都市編定：乙種建築用地
RPPNMLQKQHHFFDV37EA,尚武段,6.06,都市：住
RPPNMLQKQHHFFDV37EA,尚武段,6.09,都市：住
RPPNMLQKQHHFFDV37EA,尚武段,.32,都市：住
RPPNMLQKQHHFFDV37EA,尚武段,.59,都市：住
RPPNMLQKQHHFFDV37EA,尚武段,90.62,都市：住
RPPNMLQKQHHFFDV37EA,尚武段,2.74,都市：住
RPSNMLPKQHHFFAV07CA,富山段,7306.84,都市：農
RPPNMLMKRHHFFCV76CA,武陵段,113.00,非都市：鄉村區 ; 非都市編定：乙種建築用地
RPPNMLMLQHHFFCV76CA,中華東段,1142.98,都市：農
RPPNMLMLQHHFFCV76CA,中華東段,440.88,都市：農
RPPNMLMLQHHFFCV76CA,中華東段,1029.63,都市：農
RPPNMLMLQHHFFCV76CA,中華東段,1200.65,都市：農
RPPNMLMLQHHFFCV76CA,中華東段,138.52,都市：其他
RPPNMLMLQHHFFCV76CA,中華東段,81.06,都市：其他
RPPNMLPKQHHFFCV96CA,隆昌段,4014.01,非都市：山坡地保育區 ; 非都市編定：農牧用地
RPPNMLPKQHHFFCV96CA,隆昌段,2210.55,非都市：山坡地保育區 ; 非都市編定：農牧用地
RPPNMLPKQHHFFCV96CA,隆昌段,406.05,非都市：山坡地保育區 ; 非都市編定：農牧用地
RPPNMLPKQHHFFCV96CA,隆昌段,1591.02,非都市：山坡地保育區 ; 非都市編定：農牧用地
RPUNMLPKQHHFFAV37DA,台東段,123.00,都市：商
RPPNMLPKQHHFFDV17DA,秀山段,9.39,都市：其他
RPPNMLPKQHHFFDV17DA,秀山段,.32,都市：其他
RPRNMLLKRHHFFAV76DA,台東段,280.00,都市：住
RPTNMLQKQHHFFAV27CA,石壁段,2124.10,都市：農
RPPNMLKLQHHFFBV09CA,忠仁段,61.00,都市：住
RPPNMLKLQHHFFBV09CA,忠仁段,8.90,都市：住
RPSNMLQJRHHFFAV17CA,台東段,71.00,都市：住
RPPNMLRKQHHFFAV07DA,台東段,326.00,都市：住
RPQNMLMKRHHFFCV86CA,武陵段,118.00,非都市：鄉村區 ; 非都市編定：乙種建築用地
RPRNMLRKQHHFFAV27DA,豐川段,628.72,非都市：特定農業區 ; 非都市編定：農牧用地
RPRNMLRKQHHFFAV27DA,豐川段,281.89,非都市：特定農業區 ; 非都市編定：農牧用地
RPQNMLKLQHHFFBV56CA,高台段,213.09,都市：其他
RPQNMLKLQHHFFBV56CA,高台段,26.43,都市：其他
RPPNMLKLQHHFFDV66CA,秀山段,8.36,都市：住
RPTNMLLKRHHFFAV86CA,利家段,90.00,都市：其他
RPQNMLNLQHHFFAV76CA,東海段,22.69,都市：住
RPQNMLNLQHHFFAV76CA,東海段,1.46,都市：住
RPQNMLQJRHHFFBV17DA,三仙段,3065.69,都市：其他
RPOOMLTLQHHFFAV37DA,豐年段,7.00,都市：住
RPPNMLPLRHHFFBV07CA,濱海段,403.33,都市：住
RPVNMLQJRHHFFBV57CA,濱海段,28.39,都市：住
RPVNMLQJRHHFFBV57CA,濱海段,174.00,都市：住
RPQNMLRJRHHFFBV17CA,新港段芝田小段,29930.00,都市：其他
RPSNMLLLQHHFFAV86DA,南王段,140.73,都市：住
RPPNMLLLQHHFFBV56CA,長濱段,14777.00,非都市：風景區 ; 非都市編定：農牧用地
RPUNMLLLQHHFFAV96CA,岩灣段,99.73,都市：住
RPPNMLLLQHHFFAV09CA,豐康段,6203.56,非都市：特定農業區 ; 非都市編定：農牧用地
RPVNMLLLQHHFFAV07CA,豐年段,17.00,都市：住
RPXNMLLKRHHFFAV27CA,豐工段,4778.73,都市：工
RPRNMLNLQHHFFAV86CA,富岡南段,88.41,非都市：鄉村區 ; 非都市編定：乙種建築用地
RPQNMLRJRHHFFAV07CA,利家段,1927.00,非都市：特定農業區 ; 非都市編定：農牧用地
RPQNMLRJRHHFFAV07CA,利家段,251.00,非都市：特定農業區 ; 非都市編定：農牧用地
RPRNMLLLQHHFFAV66CA,普優瑪段,69.89,都市：住
RPQNMLLMQHHFFAV76DA,新田段,3007.71,都市：農
RPRNMLRJRHHFFAV17CA,利家段,93.00,非都市：鄉村區 ; 非都市編定：乙種建築用地
RPPNMLKMQHHFFDV86DA,秀山段,6.53,都市：商
RPPNMLMKRHHFFAV66DA,豐榮段,20.00,都市：住
RPPNMLMKRHHFFAV66DA,豐榮段,28.00,都市：住
RPUNMLPJRHHFFAV37DA,豐康段,.75,都市：農
RPUNMLPJRHHFFAV37DA,豐康段,.46,都市：農
RPUNMLPJRHHFFAV37DA,豐康段,.88,都市：農
RPUNMLPJRHHFFAV37DA,豐康段,3.98,都市：住
RPUNMLPJRHHFFAV37DA,豐康段,2.08,都市：農
RPUNMLPJRHHFFAV37DA,豐康段,124.98,都市：住
RPPNMLNKRHHFFDV07DA,蘭里段,101.81,都市：農
RPQNMLMLQHHFFDV17EA,北橋段,130.77,都市：住
RPQNMLMLQHHFFDV17EA,北橋段,5.62,都市：住
RPPNMLMLQHHFFDV07EA,介達段,290.00,非都市：山坡地保育區 ; 非都市編定：丙種建築用地
RPPNMLMLQHHFFDV07EA,介達段,5180.00,非都市：山坡地保育區 ; 非都市編定：農牧用地
RPSNMLMLQHHFFAV86CA,馬蘭段,90.00,都市：住
RPPNMLRLQHHFFDV57EA,荖花段,590.23,非都市：山坡地保育區 ; 非都市編定：丙種建築用地
RPSNMLNLQHHFFAV96CA,富岡南段,88.41,非都市：鄉村區 ; 非都市編定：乙種建築用地
SPTNMLRLQHHFFAV57CA,大業段,2275.96,都市：農
RPTNMLRLQHHFFAV47CA,大業段,561.07,都市：住
RPQNMLRLQHHFFAV27DA,台東段,103.00,都市：住
RPVNMLTLQHHFFAV97DA,常德段,16.99,都市：住
RPPNMLOLQHHFFAV76CA,常德段,114.01,都市：住
RPWNMLTLQHHFFAV97CA,馬蘭段,11.54,都市：住
RPUNMLRLQHHFFAV57CA,豐里段,5122.28,非都市：特定農業區 ; 非都市編定：農牧用地
RPVNMLMLQHHFFAV27DA,常德段,116.54,都市：住
RPQNMLOLQHHFFAV86CA,常德段,109.86,都市：住
TPTNMLRLQHHFFAV67CA,大業段,234.94,都市：農
RPVNMLQJRHHFFAV47CA,利家段,4643.00,都市：農
RPRNMLRJRHHFFBV27CA,忠仁段,57.20,都市：住
RPSNMLNKRHHFFBV07CA,忠智段,198.21,都市：住
RPSNMLRJRHHFFBV37CA,忠仁段,37.37,都市：住
RPUNMLMKRHHFFAV07CA,常德段,110.26,都市：住
RPSNMLTLQHHFFAV57CA,興航段,135.25,都市：住
RPPNMLMKRHHFFBV66CA,東河段,3574.65,都市：農
RPRNMLTLQHHFFAV47CA,青林段,4167.44,非都市：山坡地保育區 ; 非都市編定：農牧用地
RPPNMLRLQHHFFBV27DA,和平南段,7540.17,非都市：風景區 ; 非都市編定：農牧用地
RPQNMLOJRHHFFDV17DA,金富段,127.78,非都市：鄉村區 ; 非都市編定：乙種建築用地
RPRNMLMKRHHFFBV96DA,三間段大來小段,2784.00,非都市：風景區 ; 非都市編定：農牧用地
RPRNMLMKRHHFFBV96DA,三間段大來小段,572.00,非都市：風景區 ; 非都市編定：農牧用地
RPPNMLTLQHHFFAV37DA,台東段,88.00,都市：住
RPQNMLLKRHHFFCV76CA,大同段,2454.76,都市：農
RPTNMLTLQHHFFAV67CA,梧州段,90.67,都市：住
RPRNMLPJRHHFFAV96CA,豐年段,18.03,都市：住
RPRNMLLKRHHFFCV86CA,大同段,2093.20,都市：農
RPRNMLLKRHHFFCV86CA,大同段,1502.52,都市：農
RPRNMLLKRHHFFCV86CA,大同段,1945.00,都市：農
RPQNMLTLQHHFFAV47DA,自強段,61.00,都市：住
RPPOMLMKRHHFFAV66CA,富岡南段,310.26,都市：住
RPQNMLOKRHHFFBV96CA,中濱段竹湖小段,224.00,非都市：鄉村區 ; 非都市編定：乙種建築用地
RPRNMLOKRHHFFAV07DA,中正段,40.50,都市：住
RPRNMLLLRHHFFAV76CA,台東段,217.00,都市：商
RPPNMLSJRHHFFBV17CA,南八里段,438.07,非都市：鄉村區 ; 非都市編定：乙種建築用地
RPTNMLMKRHHFFAV96CA,岩灣段,156.32,都市：住
RPXNMLLLRHHFFAV37CA,永清段,97.18,都市：住
RPUNMLLKRHHFFAV96CA,豐工段,1923.92,都市：工
RPPNMLKMQHHFFBV56CA,萬年段,94.00,非都市：鄉村區 ; 非都市編定：乙種建築用地
RPPNMLKMQHHFFBV56CA,萬年段,372.00,非都市：鄉村區 ; 非都市編定：乙種建築用地
RPPNMLOJRHHFFBV76CA,東河段,21.18,都市：其他
RPPNMLOJRHHFFBV76CA,東河段,63.63,都市：住
RPPNMLOJRHHFFBV76CA,東河段,21.55,都市：其他
RPPNMLPJRHHFFBV96DA,都蘭段,1117.00,非都市：風景區 ; 非都市編定：農牧用地
RPQNMLPJRHHFFBV07DA,南八里段,1003.87,非都市：風景區 ; 非都市編定：農牧用地
RPRNMLRLRHHFFAV37CA,豐年段,155.97,都市：住
RPWNMLMKRHHFFAV27CA,豐年段,18.03,都市：住
RPUNMLPLRHHFFBV67DA,北都歷段,85.64,非都市：鄉村區 ; 非都市編定：乙種建築用地
RPSNMLOJRHHFFCV27DA,萬福段,2906.05,非都市：特定農業區 ; 非都市編定：農牧用地
RPPNMLNJRHHFFAV66DA,利泰段,111.45,都市：住
RPPNMLMKRHHFFDV96DA,秀山段,12.70,都市：住
RPPNMLOJRHHFFAV66CA,利家段,1415.00,都市：農
RPVNMLLLRHHFFAV27DA,康樂段,2370.00,非都市：特定農業區 ; 非都市編定：農牧用地
RPPNMLQJRHHFFDV17CA,復興段,220.38,都市：住
RPSNMLNKRHHFFAV96CA,興安段,122.28,都市：住
RPQNMLKKRHHFFAV09CA,利家段,1264.00,非都市：特定農業區 ; 非都市編定：農牧用地
RPOOMLLLRHHFFAV56CA,台東段,104.00,都市：住
RPQNMLLKRHHFFAV66DA,初鹿段,9860.00,都市：其他
RPQNMLMKRHHFFAV76DA,富岡段,140.34,都市：住
RPQNMLMKRHHFFAV76DA,富岡段,59.89,都市：住
RPTNMLPJIIHFFAV98CA,馬蘭段,59.50,都市：住
RPTNMLPJIIHFFAV98CA,馬蘭段,59.50,都市：住
RPRNMLMKRHHFFCV96CA,大埔段,112.51,都市：住
RPPNMLQJRHHFFBV07DA,都蘭段,1882.00,都市：農
RPPNMLQJRHHFFBV07DA,都蘭段,50.00,都市：農
RPPNMLRJRHHFFDV37DA,金崙段,1686.67,非都市：山坡地保育區 ; 非都市編定：農牧用地
RPSNMLMKRHHFFAV96DA,岩灣段,112.02,都市：住
RPPNMLOKRHHFFCV96CA,新興段,1399.28,非都市：特定農業區 ; 非都市編定：農牧用地
RPPNMLOKRHHFFCV96CA,新興段,5866.41,非都市：特定農業區 ; 非都市編定：農牧用地
RPRNMLQJRHHFFCV27CA,隆盛段,342.83,非都市：特定農業區 ; 非都市編定：農牧用地
RPTNMLQJRHHFFAV27CA,永樂段,76.00,都市：住
RPRNMLQJRHHFFBV27DA,南河段,89.54,都市：住
RPUNMLOJRHHFFAV17CA,石壁段,1500.00,都市：其他
RPPNMLNJIIHFFAV48DA,東谷段,121.18,都市：住
RPVNMLOJRHHFFAV27CA,自強段,96.00,都市：住
RPPNMLOKRHHFFBV86CA,加走灣段,5589.38,非都市：風景區 ; 非都市編定：農牧用地
RPSNMLRJRHHFFAV27CA,永清段,75.27,都市：住
RPWNMLOJRHHFFAV37CA,建本段,3472.85,都市：農
RPTNMLNKRHHFFAV07CA,中正段,102.00,都市：住
RPTNMLOJRHHFFAV07CA,東海段,1.46,都市：住
RPTNMLOJRHHFFAV07CA,東海段,22.69,都市：住
RPQNMLRJRHHFFCV37DA,大原段,5840.00,非都市：一般農業區 ; 非都市編定：農牧用地
RPQNMLQJRHHFFCV27DA,武陵段,375.00,非都市：山坡地保育區 ; 非都市編定：農牧用地
RPPNMLOLRHHFFBV17EA,新美山段,494.21,都市：其他
RPPNMLOLRHHFFBV17EA,新美山段,2555.00,都市：其他
RPRNMLRJRHHFFCV47DA,隆興段,5484.18,非都市：山坡地保育區 ; 非都市編定：農牧用地
RPRNMLRJRHHFFCV47DA,隆興段,19057.25,非都市：山坡地保育區 ; 非都市編定：農牧用地
RPRNMLKKRHHFFAV56CA,富岡南段,85.43,非都市：鄉村區 ; 非都市編定：乙種建築用地
RPQNMLSKRHHFFCV47CA,鹿野段,883.00,非都市：特定農業區 ; 非都市編定：農牧用地
RPQNMLSKRHHFFCV47CA,鹿野段,956.00,非都市：特定農業區 ; 非都市編定：農牧用地
RPQNMLSKRHHFFCV47CA,鹿野段,890.00,非都市：特定農業區 ; 非都市編定：農牧用地
RPPNMLKKRHHFFAV09DA,順天段,89.53,都市：住
RPPNMLRKRHHFFDV37CA,北橋段,160.42,都市：住
RPPNMLSJRHHFFAV27EA,台東段,69.00,都市：住
RPUNMLQLRHHFFAV57CA,利家段,3549.00,非都市：特定農業區 ; 非都市編定：農牧用地
RPUNMLQLRHHFFAV57CA,利家段,1484.00,非都市：特定農業區 ; 非都市編定：農牧用地
RPPNMLRJRHHFFBV17DA,萬年段,84.00,都市：住
RPTNMLRJRHHFFAV37CA,豐田段,1363.00,都市：其他
RPPNMLLKRHHFFBV56CA,北都歷段,957.18,非都市：風景區 ; 非都市編定：農牧用地
RPPNMLLKRHHFFBV56CA,北都歷段,957.18,非都市：風景區 ; 非都市編定：農牧用地
RPQNMLLKRHHFFBV66CA,北都歷段,1085.02,非都市：風景區 ; 非都市編定：農牧用地
RPVNMLLKRHHFFAV07CA,東海段,25.08,都市：住
RPVNMLLKRHHFFAV07CA,東海段,1.62,都市：住
RPSNMLLKRHHFFBV86CA,都蘭段,1655.00,非都市：風景區 ; 非都市編定：農牧用地
RPTNMLLKRHHFFBV96CA,都蘭段,2895.00,非都市：風景區 ; 非都市編定：農牧用地
RPTNMLLKRHHFFBV96CA,都蘭段,6484.00,非都市：風景區 ; 非都市編定：農牧用地
RPQNMLOKRHHFFAV86CA,澱粉段,7793.44,都市：農
RPVNMLMKRHHFFAV17CA,石山段,7565.00,非都市：風景區 ; 非都市編定：農牧用地
RPVNMLMKRHHFFAV17CA,石山段,1940.00,非都市：風景區 ; 非都市編定：農牧用地
RPXNMLMKRHHFFAV37CA,南榮段,101.57,都市：住
RPXNMLMKRHHFFAV37CA,南榮段,.07,都市：住
RPSNMLQLRHHFFAV37CA,公東段,78.02,都市：其他
RPSNMLQLRHHFFAV37CA,公東段,61.79,都市：住
RPSNMLQLRHHFFAV37CA,公東段,18.45,都市：其他
RPSNMLQLRHHFFAV37CA,公東段,150.43,都市：住
RPSNMLQLRHHFFAV37CA,公東段,145.98,都市：住
RPSNMLQLRHHFFAV37CA,公東段,286.20,都市：住
RPSNMLQLRHHFFAV37CA,公東段,19.50,都市：住
RPSNMLQLRHHFFAV37CA,公東段,60.52,都市：住
RPSNMLQLRHHFFAV37CA,公東段,101.55,都市：住
RPSNMLQLRHHFFAV37CA,公東段,142.59,都市：住
RPSNMLQLRHHFFAV37CA,公東段,163.42,都市：住
RPSNMLQLRHHFFAV37CA,公東段,140.95,都市：住
RPSNMLQLRHHFFAV37CA,公東段,125.58,都市：住
RPSNMLQLRHHFFAV37CA,公東段,101.32,都市：住
RPSNMLQLRHHFFAV37CA,公東段,89.42,都市：住
RPSNMLQLRHHFFAV37CA,公東段,70.64,都市：住
RPSNMLQLRHHFFAV37CA,公東段,50.74,都市：住
RPSNMLQLRHHFFAV37CA,公東段,56.40,都市：住
RPSNMLQLRHHFFAV37CA,公東段,61.48,都市：住
RPSNMLQLRHHFFAV37CA,公東段,66.53,都市：住
RPSNMLQLRHHFFAV37CA,公東段,69.35,都市：住
RPSNMLQLRHHFFAV37CA,公東段,73.25,都市：住
RPSNMLQLRHHFFAV37CA,公東段,74.31,都市：住
RPSNMLQLRHHFFAV37CA,公東段,27.38,都市：其他
RPSNMLQLRHHFFAV37CA,公東段,133.68,都市：住
RPSNMLQLRHHFFAV37CA,公東段,77.91,都市：住
RPSNMLQLRHHFFAV37CA,公東段,26.12,都市：其他
RPSNMLQLRHHFFAV37CA,公東段,151.90,都市：住
RPSNMLQLRHHFFAV37CA,公東段,38.21,都市：住
RPSNMLQLRHHFFAV37CA,公東段,9.16,都市：其他
RPSNMLQLRHHFFAV37CA,公東段,208.36,都市：住
RPSNMLQLRHHFFAV37CA,公東段,41.19,都市：住
RPSNMLQLRHHFFAV37CA,公東段,.76,都市：其他
RPSNMLQLRHHFFAV37CA,公東段,723.31,都市：住
RPSNMLQLRHHFFAV37CA,公東段,19.02,都市：其他
RPSNMLQLRHHFFAV37CA,公東段,397.89,都市：住
RPSNMLQLRHHFFAV37CA,公東段,30.25,都市：住
RPSNMLQLRHHFFAV37CA,公東段,.31,都市：其他
RPSNMLQLRHHFFAV37CA,公東段,311.29,都市：住
RPSNMLQLRHHFFAV37CA,公東段,206.23,都市：其他
RPSNMLQLRHHFFAV37CA,公東段,359.34,都市：其他
RPSNMLQLRHHFFAV37CA,公東段,255.24,都市：住
RPSNMLQLRHHFFAV37CA,公東段,25.59,都市：住
RPSNMLQLRHHFFAV37CA,公西段,637.92,都市：住
RPSNMLQLRHHFFAV37CA,公西段,30.85,都市：農
RPSNMLQLRHHFFAV37CA,公西段,147.60,都市：住
RPSNMLQLRHHFFAV37CA,公西段,269.55,都市：住
RPSNMLQLRHHFFAV37CA,公西段,9.38,都市：農
RPSNMLQLRHHFFAV37CA,公西段,404.77,都市：住
RPSNMLQLRHHFFAV37CA,公西段,1.22,都市：農
RPSNMLQLRHHFFAV37CA,公西段,487.08,都市：住
RPSNMLQLRHHFFAV37CA,公西段,81.19,都市：住
RPSNMLQLRHHFFAV37CA,公西段,15.02,都市：其他
RPSNMLQLRHHFFAV37CA,公西段,577.90,都市：住
RPSNMLQLRHHFFAV37CA,公西段,15.86,都市：其他
RPSNMLQLRHHFFAV37CA,公西段,40.53,都市：其他
RPSNMLQLRHHFFAV37CA,公西段,27.14,都市：其他
RPPNMLSKRHHFFCV47DA,豐泉段,424.71,都市：農
RPPNMLSKRHHFFCV47DA,豐泉段,1015.77,都市：農
RPPNMLSKRHHFFCV47DA,豐泉段,584.27,都市：農
RPPNMLSKRHHFFCV47DA,豐泉段,688.91,都市：農
RPVNMLPLRHHFFBV77DA,高台段,255.49,非都市：鄉村區 ; 非都市編定：乙種建築用地
RPPNMLSLRHHFFBV47DA,新美山段,6711.75,非都市：風景區 ; 非都市編定：農牧用地
RPPNMLOKRHHFFDV17DA,金山段,444.51,都市：其他
RPQNMLOJIIHFFCV78CA,廣原段,15420.00,都市：其他
RPSNMLLLRHHFFAV96DA,台東段,51.00,都市：住
RPSNMLLLRHHFFAV96DA,台東段,19.00,都市：住
RPSNMLNJIIHFFAV68CA,中正段,58.00,都市：住
RPRNMLOJIIHFFCV88CA,福文段,1501.41,都市：農
RPUNMLKLRHHFFAV96CA,利家段,3545.00,非都市：特定農業區 ; 非都市編定：農牧用地
RPUNMLKLRHHFFAV96CA,利家段,97.00,非都市：特定農業區 ; 非都市編定：甲種建築用地
RPRNMLRKRHHFFAV27CA,建本段,2995.30,都市：農
RPVNMLNJIIHFFAV98CA,初鹿段,4290.00,非都市：特定農業區 ; 非都市編定：農牧用地
RPPNMLKMRHHFFAV66DA,康樂段,4986.00,非都市：特定農業區 ; 非都市編定：農牧用地
RPPNMLKMRHHFFAV66DA,康樂段,2450.00,非都市：特定農業區 ; 非都市編定：農牧用地
RPPNMLKMRHHFFAV66DA,康樂段,2770.00,非都市：特定農業區 ; 非都市編定：農牧用地
RPPNMLKMRHHFFAV66DA,康樂段,3189.00,非都市：特定農業區 ; 非都市編定：農牧用地
RPPNMLKMRHHFFAV66DA,康樂段,3798.00,非都市：特定農業區 ; 非都市編定：農牧用地
RPPNMLKMRHHFFAV66DA,康樂段,10.00,非都市：特定農業區 ; 非都市編定：農牧用地
RPPNMLKMRHHFFAV66DA,康樂段,8704.00,非都市：特定農業區 ; 非都市編定：農牧用地
RPPNMLKMRHHFFAV66DA,康樂段,2702.00,非都市：特定農業區 ; 非都市編定：農牧用地
RPXNMLSKRHHFFAV97CA,台東段,70.00,都市：住
RPQNMLOKRHHFFCV17DA,鹿野段,1240.00,非都市：特定農業區 ; 非都市編定：農牧用地
RPQNMLOKRHHFFCV17DA,鹿野段,1605.00,非都市：特定農業區 ; 非都市編定：農牧用地
RPQNMLOKRHHFFCV17DA,隆昌段,3701.04,非都市：山坡地保育區 ; 非都市編定：農牧用地
RPPNMLMJIIHFFDV68DA,金灣段,2130.00,非都市：森林區 ; 非都市編定：農牧用地
RPPNMLMJIIHFFDV68DA,金灣段,1315.00,非都市：森林區 ; 非都市編定：農牧用地
RPTNMLLJIIHFFAV68DA,建康段,66.79,都市：住
RPTNMLLJIIHFFAV68DA,建康段,1194.39,都市：住
RPTNMLLJIIHFFAV68DA,建康段,121.04,都市：住
RPTNMLLJIIHFFAV68DA,建康段,17.08,都市：住
RPRNMLPLRHHFFAV17CA,台東段,79.00,都市：住
RPPOMLRLRHHFFAV27CA,興安段,206.66,都市：住
RPPNMLQLRHHFFDV37CA,秀山段,17.31,都市：住
RPPNMLQLRHHFFDV37CA,秀山段,.00,都市：住
RPPNMLNKRHHFFCV86CA,水井段,304.90,都市：其他
RPUNMLSJIIHFFAV86DA,岩灣段,443.29,都市：住
RPRNMLNJIIHFFAV58CA,豐川段,2858.67,都市：農
RPTOMLPJKIHFFAV66CA,興安段,104.49,都市：農
RPRNMLSKRHHFFAV37CA,利家段,3182.00,都市：農
RPRNMLSKRHHFFAV37CA,利家段,1452.00,都市：農
RPPNMLOKRHHFFAV86DA,富山段,86.05,都市：其他
RPQNMLSKRHHFFAV27CA,永豐段,6.07,都市：住
RPSNMLRKRHHFFAV37CA,中山段,86.00,都市：住
RPRNMLNKRHHFFAV96DA,建成段,77.26,都市：住
RPSNMLTKRHHFFAV57CA,豐里段,170.69,都市：住
RPUNMLNJIIHFFAV88CA,興安段,167.45,都市：住
RPUNMLRKRHHFFAV57CA,東海段,29.97,都市：住
RPVNMLRKRHHFFAV77DA,豐工段,1740.51,都市：工
RPQNMLRKRHHFFAV27DA,青林段,101.47,都市：住
RPRNMLOJIIHFFAV68CA,射馬干段,347.16,非都市：特定農業區 ; 非都市編定：甲種建築用地
RPRNMLOJIIHFFAV68CA,射馬干段,167.77,非都市：特定農業區 ; 非都市編定：農牧用地
SPQNMLLJIIHFFAV38CA,台東段,808.00,都市：住
SPQNMLLJIIHFFAV38CA,台東段,3.00,都市：住
RPTNMLRLRHHFFAV57CA,豐年段,155.95,都市：住
RPWNMLSJIIHFFAV07DA,豐里段,1268.89,都市：農
RPWNMLRKRHHFFAV87DA,自強段,90.00,都市：住
RPWNMLRKRHHFFAV87DA,自強段,88.00,都市：住
RPWNMLRKRHHFFAV87DA,自強段,95.00,都市：住
RPQNMLSKRHHFFDV67DA,金崙段,4456.67,非都市：山坡地保育區 ; 非都市編定：農牧用地
RPWNMLLLRHHFFAV37DA,東農段,239.83,都市：農
RPWNMLLLRHHFFAV37DA,東農段,165.29,都市：住
RPWNMLLLRHHFFAV37DA,東農段,146.41,都市：農
RPRNMLKLRHHFFAV76DA,梧州段,92.60,都市：住
RPOOMLNJIIHFFAV38CA,東海段,1.28,都市：住
RPOOMLNJIIHFFAV38CA,東海段,124.31,都市：住
RPTNMLRKRHHFFAV47CA,永清段,29.83,都市：住
RPTNMLRKRHHFFAV47CA,永清段,64.97,都市：住
RPTNMLKLRHHFFBV96CA,玉港段,3325.96,非都市：風景區 ; 非都市編定：農牧用地
RPVNMLSKRHHFFAV77CA,豐康段,24.10,都市：住
RPVNMLSKRHHFFAV77CA,豐康段,9.15,都市：住
RPUNMLSKRHHFFAV77DA,岩灣段,225.55,都市：住
RPQNMLSJIIHFFBV09CA,忠智段,143.68,都市：住
RPQNMLSJIIHFFBV09CA,忠智段,41.38,都市：住
RPQNMLSJIIHFFBV09CA,忠智段,183.85,都市：住
RPSNMLSKRHHFFAV57DA,東海段,195.00,都市：住
RPWNMLSKRHHFFAV87CA,台東段,16.72,都市：住
RPVNMLTKRHHFFAV87CA,常德段,.26,都市：商
RPVNMLTKRHHFFAV87CA,常德段,3.84,都市：商
RPVNMLTKRHHFFAV87CA,常德段,280.01,都市：商
RPVNMLTKRHHFFAV87CA,常德段,13.51,都市：商
RPVNMLTKRHHFFAV87CA,常德段,10.18,都市：商
RPVNMLTKRHHFFAV87CA,常德段,15.51,都市：商
RPVNMLTKRHHFFAV87CA,常德段,96.01,都市：商
RPVNMLTKRHHFFAV87CA,常德段,22.23,都市：商
RPSNMLSLRHHFFCV77CA,大原段,86.00,非都市：一般農業區 ; 非都市編定：甲種建築用地
RPRNMLOLRHHFFAV07CA,建和段,4067.22,非都市：特定農業區 ; 非都市編定：農牧用地
RPRNMLOLRHHFFAV07CA,建和段,4813.12,非都市：特定農業區 ; 非都市編定：農牧用地
RPPNMLOJIIHFFDV78CA,秀山段,.61,都市：住
RPPNMLOJIIHFFDV78CA,秀山段,8.04,都市：住
RPQNMLSLRHHFFAV37CA,台東段,98.00,都市：住
RPVNMLSJIIHFFAV96DA,利家段,3193.00,都市：農
RPQNMLOLRHHFFAV96CA,興安段,1272.90,都市：住
RPROMLRLRHHFFAV47CA,自強段,87.00,都市：住
RPQNMLKLRHHFFAV56CA,中正段,14.00,都市：住
RPQNMLKLRHHFFAV56CA,中正段,69.00,都市：住
RPPNMLPLRHHFFAV96CA,台東段,81.00,都市：住
RPTNMLOLRHHFFAV27CA,台東段,181.00,都市：住
RPQNMLRLRHHFFBV37CA,中濱段掃別小段,118.00,非都市：風景區 ; 非都市編定：丙種建築用地
RPPNMLRKIIHFFCV09CA,大同段,904.54,都市：住
RPPNMLRKIIHFFCV09CA,大同段,.71,都市：住
RPPNMLRKIIHFFCV09CA,大同段,158.02,都市：住
RPPNMLRKIIHFFCV09CA,大同段,157.31,都市：住
RPPNMLRKIIHFFCV09CA,大同段,165.20,都市：住
RPPNMLRKIIHFFCV09CA,大同段,66.80,都市：住
RPTOMLRLRHHFFAV67CA,岩灣段,235.28,都市：住
RPPNMLKLRHHFFAV56DA,石川段,133.73,都市：住
RPPNMLKLRHHFFAV56DA,石川段,22.25,都市：住
RPUNMLPLRHHFFAV57DA,煙草間段,489.59,都市：其他
RPUNMLPLRHHFFAV57DA,煙草間段,2.70,都市：其他
RPPNMLQLRHHFFCV27CA,大原段,71.00,都市：其他
RPPNMLTKRHHFFDV67DA,秀山段,8.52,都市：住
RPPNMLOJIIHFFAV58DA,南王段,79.64,都市：住
RPQNMLLLRHHFFAV66CA,富岡南段,210.47,非都市：鄉村區 ; 非都市編定：乙種建築用地
RPUNMLKLRHHFFBV17DA,南河段,25.31,都市：住
RPVNMLTKIIHFFAV07CA,豐年段,1854.94,都市：農
RPVNMLTKIIHFFAV07CA,豐年段,1854.94,都市：農
RPVNMLTKIIHFFAV07CA,豐年段,1854.94,都市：農
RPUNMLTKIIHFFAV96CA,豐航段,359.92,都市：農
RPUNMLTKIIHFFAV96CA,豐航段,359.92,都市：農
RPUNMLTKIIHFFAV96CA,豐航段,359.92,都市：農
RPTNMLTKIIHFFAV86CA,建成段,51.26,都市：住
RPTNMLTKIIHFFAV86CA,建成段,51.26,都市：住
RPTNMLTKIIHFFAV86CA,建成段,51.26,都市：住
RPTNMLTKIIHFFAV86CA,建成段,21.58,都市：住
RPPNMLLKIIHFFBV38CA,中濱段竹湖小段,2370.00,都市：農
RPPNMLLKIIHFFBV38CA,中濱段竹湖小段,2740.00,都市：農
RPPNMLLJIIHFFDV58DA,荒野段,1332.97,非都市：鄉村區 ; 非都市編定：乙種建築用地
RPPNMLLJIIHFFDV58DA,荒野段,118.03,非都市：鄉村區 ; 非都市編定：交通用地
RPQOMLRLRHHFFAV37CA,自強段,92.00,都市：住
RPSNMLRLRHHFFAV47CA,建成段,274.12,都市：住
RPRNMLQLRHHFFAV27CA,自強段,125.68,都市：住
RPTNMLPLRHHFFAV37CA,興安段,167.92,都市：住
RPSNMLOLRHHFFAV17CA,台東段,74.00,都市：住
RPRNMLSLRHHFFAV47CA,自強段,174.93,都市：住
RPOOMLSLRHHFFAV27CA,豐年段,155.45,都市：住
RPUNMLRLRHHFFAV67CA,台東段,145.00,都市：住
RPPNMLLLRHHFFBV76DA,小湊段美山小段,2556.00,非都市：風景區 ; 非都市編定：農牧用地
RPPNMLLLRHHFFBV76DA,小湊段美山小段,300.00,非都市：風景區 ; 非都市編定：農牧用地
RPPNMLLLRHHFFBV76DA,小湊段美山小段,2265.00,非都市：風景區 ; 非都市編定：農牧用地
RPUNMLNJIIHFFBV98CA,南佳里段,2173.41,非都市：風景區 ; 非都市編定：農牧用地
RPUNMLNJIIHFFBV98CA,南佳里段,1391.00,非都市：風景區 ; 非都市編定：農牧用地
RPQNMLOJIIHFFAV58CA,馬蘭段,119.00,都市：住
RPUNMLOLRHHFFAV47DA,台東段,115.00,都市：住
RPUNMLOLRHHFFAV47DA,台東段,189.00,都市：住
RPUNMLOLRHHFFAV47DA,台東段,29.00,都市：住
RPUNMLOLRHHFFAV47DA,台東段,27.00,都市：住
RPUNMLOLRHHFFAV47DA,台東段,30.00,都市：住
RPUNMLOLRHHFFAV47DA,台東段,40.00,都市：住
RPUNMLOLRHHFFAV47DA,台東段,56.00,都市：住
RPUNMLOLRHHFFAV47DA,台東段,60.00,都市：住
RPUNMLOLRHHFFAV47DA,台東段,752.00,都市：商
RPUNMLOLRHHFFAV47DA,台東段,218.00,都市：商
RPPNMLOLRHHFFDV27DA,秀山段,.58,都市：住
RPPNMLOLRHHFFDV27DA,秀山段,.00,都市：住
RPRNMLNJIIHFFBV78DA,興隆段,3813.18,都市：農
RPQNMLPLRHHFFAV17DA,建成段,120.74,都市：住
RPQNMLPLRHHFFAV17DA,建成段,118.34,都市：住
RPQNMLPLRHHFFAV17DA,建成段,115.93,都市：住
RPQNMLPLRHHFFAV17DA,建成段,113.53,都市：住
RPQNMLSLRHHFFCV57CA,豐泉段,24.93,都市：住
RPQNMLSLRHHFFCV57CA,豐泉段,24.16,都市：住
RPPNMLOLRHHFFCV07CA,中和段,6.28,非都市：一般農業區 ; 非都市編定：農牧用地
RPPNMLOLRHHFFCV07CA,中和段,3220.98,非都市：一般農業區 ; 非都市編定：農牧用地
RPRNMLQLRHHFFCV47CA,海端段,680.00,都市：住
RPSNMLNJIIHFFBV88DA,北八里段,722.26,都市：農
RPSNMLNJIIHFFBV88DA,北八里段,4681.97,都市：農
RPSNMLNJIIHFFBV88DA,北八里段,987.03,都市：農
RPSNMLNJIIHFFBV88DA,北八里段,732.76,都市：農
RPRNMLOJIIHFFBV78CA,南八里段,409.02,非都市：鄉村區 ; 非都市編定：乙種建築用地
RPPNMLQLRHHFFBV17CA,城山段彭仔存小段,2666.00,非都市：風景區 ; 非都市編定：農牧用地
RPPNMLQLRHHFFBV17CA,城山段彭仔存小段,20.00,非都市：風景區 ; 非都市編定：農牧用地
RPVNMLRLRHHFFAV87DA,台東段,69.00,都市：住
RPPNMLOLRHHFFBV96CA,中柄段,599.56,非都市：風景區 ; 非都市編定：農牧用地
RPQNMLPKIIHFFCV09DA,慶福段,91.22,都市：住
RPWNMLRLRHHFFAV87CA,石壁段,3105.31,都市：農
RPXNMLRLRHHFFAV97CA,馬蘭段,112.00,都市：住
RPQNMLPKIIHFFAV78CA,石山段,61.00,都市：農
RPQNMLPKIIHFFAV78CA,石山段,581.00,都市：農
RPPNMLQLRHHFFAV07CA,豐年段,144.08,都市：住
RPSOMLRLRHHFFAV57CA,南榮段,408.36,都市：農
RPSOMLRLRHHFFAV57CA,南榮段,77.56,都市：農
RPSOMLRLRHHFFAV57CA,南榮段,289.31,都市：農
RPSOMLRLRHHFFAV57CA,南榮段,8.00,都市：農
SPXNMLRLRHHFFAV08CA,馬蘭段,75.00,都市：住
RPVNMLLKIIHFFAV88CA,興安段,171.76,都市：住
RPSNMLSLRHHFFAV57CA,台東段,60.00,都市：住
RPSNMLSLRHHFFAV57CA,台東段,3.00,都市：住
RPXNMLPLRHHFFAV77CA,南清段,61.03,都市：住
RPQNMLQLRHHFFCV47DA,瑞豐段,1190.12,非都市：一般農業區 ; 非都市編定：農牧用地
RPQNMLQLRHHFFCV47DA,瑞豐段,409.84,非都市：一般農業區 ; 非都市編定：農牧用地
RPQNMLQLRHHFFCV47DA,瑞豐段,1431.22,非都市：一般農業區 ; 非都市編定：農牧用地
RPUNMLSLRHHFFAV77CA,大業段,238.64,都市：住
RPTNMLSLRHHFFCV87CA,大原段,3279.00,非都市：特定農業區 ; 非都市編定：農牧用地
RPTNMLSLRHHFFCV87CA,大原段,281.00,非都市：特定農業區 ; 非都市編定：交通用地
RPPNMLOJIIHFFCV68CA,東明段,1111.64,都市：其他
RPQNMLSKIIHFFBV66DA,都豐段,4575.46,都市：農
RPQNMLSKIIHFFBV66DA,都豐段,673.03,都市：農
RPWNMLNJIIHFFAV56DA,台東段,103.00,都市：住
RPTNMLMLIIHFFAV88CA,東興段,140.67,都市：住
RPVNMLSLRHHFFAV97DA,台東段,100.00,都市：住
RPRNMLSLRHHFFCV67CA,豐泉段,18.36,都市：住
RPWNMLSLRHHFFAV08DA,台東段,100.00,都市：住
RPTNMLQLIIHFFCV96DA,西莊段,1894.30,都市：其他
RPSNMLSJIIHFFBV66CA,南河段,10.91,都市：住
RPPOMLSLRHHFFAV37CA,馬蘭段,132.00,都市：住
RPTNMLNJIIHFFBV88CA,南佳里段,1116.30,非都市：風景區 ; 非都市編定：農牧用地
RPTNMLNJIIHFFBV88CA,南佳里段,426.68,非都市：風景區 ; 非都市編定：農牧用地
RPSNMLPJJIHFFCV56CA,豐泉段,21.97,都市：住
RPVNMLLJIIHFFAV78CA,豐谷段,5.45,都市：住
RPVNMLLJIIHFFAV78CA,豐谷段,102.90,都市：住
RPVNMLLJIIHFFAV78CA,豐谷段,309.55,都市：住
RPVNMLLJIIHFFAV78CA,豐谷段,415.80,都市：住
RPVNMLLJIIHFFAV78CA,豐谷段,2.00,都市：住
RPVOMLRLRHHFFAV87CA,馬蘭段,122.00,都市：住
RPSNMLMJIIHFFAV58CA,自強段,326.77,都市：住
RPQNMLSLRHHFFDV77DA,大武段,7990.00,都市：其他
RPTNMLSLRHHFFAV67CA,馬蘭段,34.68,都市：住
RPPNMLSLRHHFFDV67DA,大武段,8642.00,都市：其他
RPPNMLSLRHHFFDV67DA,大武段,5620.00,都市：其他
RPUOMLRLRHHFFAV87DA,東海段,650.08,都市：農
RPPNMLSLRHHFFAV37DA,台東段,75.00,都市：住
RPSNMLNJIIHFFCV98DA,豐泉段,24.58,都市：住
RPQNMLMJIIHFFAV48DA,南清段,107.84,都市：住
RPQNMLQLIIHFFCV66DA,慶福段,121.23,都市：住
RPRNMLPLIIHFFCV66DA,慶福段,122.67,都市：住
RPPNMLMJIIHFFAV28CA,建成段,255.98,都市：住
RPPNMLMJIIHFFAV28CA,建成段,17.97,都市：住
RPWNMLLJIIHFFAV98DA,豐榮段,96.00,都市：住
RPTNMLNJIIHFFCV09DA,豐泉段,52.72,都市：住
RPOOMLPJIIHFFAV58CA,岩灣段,134.65,都市：住
RPPNMLQLIIHFFCV56DA,慶福段,73.99,都市：住
RPPNMLQLIIHFFCV56DA,慶福段,53.38,都市：住
RPPNMLLJIIHFFBV28CA,南八里段,4214.20,非都市：風景區 ; 非都市編定：農牧用地
RPRNMLSKIIHFFBV66CA,忠智段,179.03,都市：住
RPQNMLLJIIHFFBV38CA,南佳里段,13925.00,非都市：風景區 ; 非都市編定：農牧用地
RPUNMLLJIIHFFAV68CA,東海段,25.08,都市：住
RPUNMLLJIIHFFAV68CA,東海段,1.62,都市：住
RPRNMLOLIIHFFAV88CA,石壁段,3.33,都市：其他
RPSNMLOLIIHFFAV98CA,石壁段,1.40,都市：其他
RPSNMLSJIIHFFAV56CA,台東段,48.00,都市：住
RPTNMLOLIIHFFAV09CA,石壁段,4.00,都市：其他
RPUNMLOLIIHFFAV56CA,石壁段,7.83,都市：其他
RPVNMLOLIIHFFAV66CA,石壁段,3.94,都市：其他
RPPNMLSJIIHFFAV88CA,建成段,154.70,都市：住
RPWNMLOLIIHFFAV76CA,新園段,1000.00,都市：其他
RPWNMLOLIIHFFAV76CA,新園段,1000.00,都市：其他
RPQNMLSJIIHFFAV98CA,建成段,120.17,都市：住
RPQNMLSJIIHFFAV98CA,建成段,120.17,都市：住
RPTNMLMJIIHFFAV68CA,中清段,143.68,都市：住
RPTNMLMJIIHFFAV68CA,中清段,140.84,都市：住
RPPNMLQLIIHFFDV66DA,大竹段,3240.00,非都市：山坡地保育區 ; 非都市編定：林業用地
RPPNMLQLIIHFFDV66DA,大竹段,5000.00,非都市：山坡地保育區 ; 非都市編定：農牧用地
RPWNMLLKIIHFFAV98CA,台東段,56.00,都市：住
RPWNMLLKIIHFFAV98CA,台東段,56.00,都市：住
RPRNMLPJJIHFFCV56DA,福原段,17.12,都市：住
RPRNMLPJJIHFFCV56DA,福原段,248.19,都市：住
RPPNMLQJIIHFFAV68CA,中心段,115.00,都市：住
RPVNMLTJIIHFFAV96CA,豐年段,117.51,都市：住
RPQNMLLMIIHFFAV58CA,自強段,80.00,都市：住
RPPOMLNJIIHFFAV48CA,台東段,19.11,都市：住
RPPNMLSKIIHFFCV56CA,月野段,830.00,非都市：特定農業區 ; 非都市編定：農牧用地
RPXNMLLJIIHFFAV09DA,中心段,110.00,都市：商
RPPNMLMKIIHFFCV58CA,廣原段,2160.00,非都市：一般農業區 ; 非都市編定：農牧用地
RPPNMLQKIIHFFCV98CA,新興段,1399.28,非都市：特定農業區 ; 非都市編定：農牧用地
RPQNMLQKIIHFFDV56CA,泰王段,99.90,都市：住
RPPNMLQKIIHFFDV09CA,泰王段,42.09,都市：住
RPPNMLMJIIHFFCV48CA,南山段,114.67,都市：住
RPROMLNJIIHFFAV78DA,初鹿段,2810.00,都市：農
RPTNMLRKIIHFFAV76DA,興安段,209.98,都市：住
RPQNMLNJIIHFFBV68DA,南八里段,5931.34,都市：其他
RPQNMLNJIIHFFBV68DA,南八里段,844.28,都市：其他
RPSNMLTLIIHFFAV96DA,豐康段,1507.75,都市：農
RPVNMLMJIIHFFAV88CA,岩灣段,237.02,都市：住
RPXNMLTJIIHFFAV17CA,青林段,193.71,都市：住
RPXNMLTJIIHFFAV17CA,青林段,19.54,都市：住
RPRNMLNLIIHFFAV88DA,中心段,78.00,都市：住
RPPNMLNJIIHFFDV78DA,秀山段,6.43,都市：住
RPXNMLPJIIHFFAV76CA,台東段,16.72,都市：住
RPUNMLMJIIHFFAV78CA,岩灣段,235.34,都市：住
RPQNMLNJIIHFFAV58DA,新園段,2977.00,都市：農
RPTNMLSJIIHFFAV66CA,中山段,122.00,都市：住
RPRNMLSJIIHFFAV09CA,常德段,87.93,都市：住
SPTNMLMJJIHFFAV88CA,台東段,319.00,都市：住
SPTNMLMJJIHFFAV88CA,台東段,52.00,都市：住
SPTNMLMJJIHFFAV88CA,台東段,8.00,都市：住
RPVNMLMLIIHFFAV09CA,上岩灣段,14.10,都市：住
RPVNMLMLIIHFFAV09CA,上岩灣段,4.43,都市：其他
RPVNMLMLIIHFFAV09CA,上岩灣段,255.34,都市：住
RPQNMLMKIIHFFAV48CA,普優瑪段,72.93,都市：住
RPOOMLTJIIHFFAV98CA,台東段,320.00,都市：住
RPTNMLOJIIHFFAV88CA,初鹿段,3173.00,都市：農
RPQNMLQJIIHFFAV78CA,泰安段,75.88,非都市：鄉村區 ; 非都市編定：乙種建築用地
RPUNMLLKIIHFFAV78CA,馬蘭段,45.08,都市：住
RPQNMLPJIIHFFAV78DA,台東段,112.00,都市：住
RPSNMLMKIIHFFAV68CA,新生段,75.50,都市：住
RPWNMLOJIIHFFAV56CA,中正段,169.00,都市：住
RPSNMLOJIIHFFCV98CA,中和段,3220.98,都市：其他
RPSNMLOJIIHFFCV98CA,中和段,6.28,都市：其他
RPPNMLPJIIHFFAV58CA,台東段,48.87,都市：住
RPRNMLTLIIHFFCV96CA,高台段,2693.00,都市：其他
RPPNMLPJIIHFFCV88DA,萬安段水墜小段,550.00,非都市：一般農業區 ; 非都市編定：農牧用地
RPPNMLPJIIHFFCV88DA,萬安段水墜小段,37.00,非都市：一般農業區 ; 非都市編定：甲種建築用地
RPPNMLPJIIHFFCV88DA,萬安段水墜小段,215.00,非都市：一般農業區 ; 非都市編定：農牧用地
RPPNMLPJIIHFFCV88DA,萬安段水墜小段,175.00,非都市：一般農業區 ; 非都市編定：甲種建築用地
RPWNMLPJIIHFFAV76DA,岩灣段,151.95,都市：住
RPWNMLRKIIHFFAV07DA,豐年段,16.64,都市：住
RPRNMLTJIIHFFBV66CA,萬年段,3583.00,非都市：風景區 ; 非都市編定：暫未編定
RPRNMLTJIIHFFBV66CA,萬年段,3066.00,非都市：風景區 ; 非都市編定：農牧用地
RPPNMLSJIIHFFCV56DA,武陵段,1030.00,非都市：山坡地保育區 ; 非都市編定：農牧用地
RPPNMLMKIIHFFBV58DA,新美山段,110.74,非都市：風景區 ; 非都市編定：農牧用地
RPXNMLTLIIHFFAV37CA,上岩灣段,3655.35,都市：農
RPXNMLTLIIHFFAV37CA,上岩灣段,1.85,都市：農
RPSNMLPKIIHFFCV56CA,瑞豐段,109.57,非都市：鄉村區 ; 非都市編定：乙種建築用地
RPQNMLPLIIHFFBV98CA,忠智段,89.81,都市：住
RPPNMLNLIIHFFBV68CA,成功段,174.80,都市：住
RPPNMLNLIIHFFBV68CA,成功段,6.55,都市：住
RPTNMLLKIIHFFAV68CA,建本段,98.72,都市：住
RPQOMLTJIIHFFAV56CA,建成段,245.89,都市：住
RPQOMLTJIIHFFAV56CA,建成段,200.70,都市：住
RPQOMLTJIIHFFAV56CA,建成段,208.41,都市：住
RPQOMLTJIIHFFAV56CA,岩灣段,117.41,都市：住
RPQOMLTJIIHFFAV56CA,豐工段,2925.75,都市：工
RPQOMLTJIIHFFAV56CA,興安段,485.76,都市：住
RPQOMLTJIIHFFAV56CA,興安段,142.68,都市：住
RPPNMLSJIIHFFBV09DA,高原段,4490.00,非都市：森林區 ; 非都市編定：農牧用地
RPRNMLLJJIHFFAV48CA,下賓朗段,102.54,都市：住
RPRNMLQKIIHFFAV98CA,豐谷段,77.00,都市：住
RPRNMLQKIIHFFAV98CA,豐谷段,88.00,都市：住
RPQNMLTJIIHFFBV66DA,寧埔段石寧埔小段,747.00,非都市：風景區 ; 非都市編定：農牧用地
RPSNMLTJIIHFFBV86DA,三民段,123.46,都市：住
RPQNMLSJIIHFFCV66DA,隆盛段,665.21,非都市：特定農業區 ; 非都市編定：農牧用地
RPRNMLSJIIHFFCV76DA,南山段,8.98,都市：住
RPRNMLSJIIHFFCV76DA,南山段,.86,都市：住
RPRNMLSJIIHFFCV76DA,南山段,2.96,都市：住
RPRNMLSJIIHFFCV76DA,南山段,36.48,都市：住
RPSNMLRKIIHFFDV96DA,金崙段,1686.67,非都市：山坡地保育區 ; 非都市編定：農牧用地
RPQNMLQJJIHFFBV98CA,大馬段,2792.00,都市：農
RPQNMLMKIIHFFAV68EA,岩灣段,165.97,都市：住
RPRNMLLKIIHFFAV58DA,建成段,232.02,都市：商
RPRNMLLKIIHFFAV58DA,建成段,231.35,都市：商
RPRNMLLJJIHFFDV78CA,秀山段,10.39,都市：住
RPRNMLLJJIHFFDV78CA,秀山段,.00,都市：住
RPTNMLLJJIHFFDV98CA,秀山段,10.39,都市：住
RPTNMLLJJIHFFDV98CA,秀山段,.00,都市：住
SPRNMLLJJIHFFDV88CA,秀山段,10.39,都市：住
SPRNMLLJJIHFFDV88CA,秀山段,.00,都市：住
RPTNMLTJIIHFFAV86DA,東谷段,82.44,都市：住
RPPNMLPKIIHFFCV88CA,中福段,24.53,都市：商
RPPNMLPKIIHFFCV88CA,中福段,24.53,都市：商
RPUNMLLJJIHFFDV09CA,秀山段,10.39,都市：住
RPUNMLLJJIHFFDV09CA,秀山段,.00,都市：住
RPSNMLLJJIHFFDV88CA,秀山段,4.62,都市：住
RPSNMLLJJIHFFDV88CA,秀山段,.00,都市：住
RPPNMLSKIIHFFDV76DA,多良段,6249.00,非都市：山坡地保育區 ; 非都市編定：農牧用地
RPQNMLMJJIHFFDV88DA,秀山段,11.58,都市：其他
RPQNMLRKIIHFFDV76DA,金灣段,2500.00,非都市：山坡地保育區 ; 非都市編定：農牧用地
RPROMLTJIIHFFAV66CA,豐工段,1917.84,都市：工
RPSNMLTJIIHFFAV66CA,旭川段,32.59,都市：住
RPQNMLTJIIHFFAV09CA,岩灣段,226.12,都市：住
RPQNMLTJIIHFFAV09CA,興安段,322.65,都市：住
RPWNMLMKIIHFFAV09CA,興安段,164.00,都市：住
RPQNMLSKIIHFFCV76DA,大埔段,535.62,都市：住
RPQNMLSKIIHFFCV76DA,大埔段,520.00,都市：住
RPQNMLSKIIHFFCV76DA,大埔段,40.55,都市：其他
RPPNMLTJIIHFFAV98CA,豐年段,5.00,都市：住
RPRNMLSKIIHFFAV56CA,建華段,2228.40,都市：農
RPRNMLSKIIHFFAV56CA,建華段,213.18,都市：農
RPRNMLSKIIHFFAV56CA,建康段,5777.42,都市：農
RPXNMLMKIIHFFAV66DA,興安段,110.45,都市：住
RPPNMLMKIIHFFDV78DA,蘭里段,233.00,都市：住
RPPNMLMKIIHFFDV78DA,蘭里段,266.01,都市：住
RPPNMLMKIIHFFAV48DA,射馬干段,73.58,都市：住
RPPNMLMKIIHFFAV48DA,射馬干段,6.10,都市：住
RPPNMLMKIIHFFAV48DA,射馬干段,124.50,都市：住
RPSNMLMLIIHFFAV78CA,建成段,1292.51,都市：住
RPPNMLQKIIHFFBV88CA,沙泥灣段,4987.55,非都市：風景區 ; 非都市編定：農牧用地
RPPNMLQKIIHFFBV88CA,沙泥灣段,3337.17,非都市：風景區 ; 非都市編定：農牧用地
RPPNMLQKIIHFFBV88CA,沙泥灣段,302.03,非都市：風景區 ; 非都市編定：農牧用地
RPPNMLQKIIHFFBV88CA,沙泥灣段,1773.26,非都市：風景區 ; 非都市編定：農牧用地
RPQOMLRKIIHFFAV56DA,台東段,108.00,都市：住
RPXNMLLKIIHFFAV09CA,興安段,79.53,非都市： ; 非都市編定：
RPQNMLPJJIHFFCV98CA,龍田段,1095.73,都市：住
RPRNMLLKIIHFFBV58CA,三間段大來小段,10270.00,非都市：風景區 ; 非都市編定：農牧用地
RPPOMLTJIIHFFAV56DA,南清段,81.03,都市：住
RPPOMLTJIIHFFAV56DA,南清段,25.92,都市：住
RPUNMLMKIIHFFAV88CA,豐工段,870.25,都市：工
RPUNMLMKIIHFFAV88CA,豐工段,870.25,都市：工
RPQOMLPJKIHFFAV98CA,東海段,25.08,都市：住
RPQOMLPJKIHFFAV98CA,東海段,1.62,都市：住
RPQNMLQKIIHFFAV88CA,岩灣段,542.98,都市：住
RPPOMLMKIIHFFAV48CA,自強段,47.79,都市：住
RPQOMLMKIIHFFAV58CA,常德段,119.16,都市：住
RPPNMLPKIIHFFDV09DA,泰和段,3000.00,非都市：山坡地保育區 ; 非都市編定：農牧用地
RPPNMLQKIIHFFAV98EA,青林段,701.16,非都市：山坡地保育區 ; 非都市編定：農牧用地
RPPNMLQKIIHFFAV98EA,青林段,1618.81,非都市：山坡地保育區 ; 非都市編定：農牧用地
RPUNMLLMIIHFFAV09DA,豐年段,135.28,都市：住
RPUNMLLMIIHFFAV09DA,豐年段,25.55,都市：其他
RPVNMLLMIIHFFAV56DA,豐年段,155.98,都市：住
RPVNMLLMIIHFFAV56DA,豐年段,29.54,都市：其他
RPQNMLRKIIHFFAV98CA,中正段,78.00,都市：住
RPXNMLRKIIHFFAV17DA,豐年段,25.00,都市：住
RPSNMLQKIIHFFAV09CA,馬蘭段,20.12,都市：住
RPVNMLRKIIHFFAV96DA,新園段,1976.00,非都市：特定農業區 ; 非都市編定：農牧用地
RPOOMLRKIIHFFAV98DA,南王段,211.59,都市：住
RPPNMLPKIIHFFAV68CA,北南王段,63.65,都市：住
RPPOMLRKIIHFFAV09DA,南王段,282.62,都市：住
RPSNMLRKIIHFFAV66DA,建興段,23.00,都市：住
RPPNMLMLIIHFFAV58DA,岩灣段,162.27,都市：住
RPSNMLPKIIHFFAV09DA,興安段,129.17,都市：住
RPUNMLNLIIHFFAV56DA,常德段,107.50,都市：住
RPQNMLMLIIHFFBV78DA,小湊段石傘小段,1232.00,非都市：風景區 ; 非都市編定：農牧用地
RPQNMLMLIIHFFBV78DA,小湊段石傘小段,592.00,非都市：風景區 ; 非都市編定：農牧用地
RPQNMLMLIIHFFBV78DA,小湊段石傘小段,456.00,非都市：風景區 ; 非都市編定：農牧用地
RPQNMLMLIIHFFBV78DA,小湊段石傘小段,1775.00,非都市：風景區 ; 非都市編定：農牧用地
RPQNMLMLIIHFFBV78DA,南都歷段,3820.21,非都市：風景區 ; 非都市編定：農牧用地
RPQNMLMLIIHFFBV78DA,玉港段,1137.26,非都市：風景區 ; 非都市編定：農牧用地
RPQNMLMLIIHFFBV78DA,新都威段,2511.06,非都市：風景區 ; 非都市編定：農牧用地
RPPNMLTKIIHFFCV76DA,慶福段,27.02,都市：住
RPROMLRKIIHFFAV66DA,大業段,91.73,都市：住
RPUNMLQKIIHFFAV66CA,台東段,58.00,都市：住
RPWNMLMLIIHFFAV56CA,鎮樂段,11140.00,都市：農
RPTNMLPKJIHFFAV56CA,順天段,2265.22,都市：農
RPWNMLTKIIHFFAV17CA,豐年段,23.57,都市：住
RPPOMLNKJIHFFAV68CA,常德段,140.94,都市：住
RPPNMLRKIIHFFAV88CA,台東段,105.00,都市：住
RPROMLOLIIHFFAV98CA,台東段,69.00,都市：住
RPXNMLNKJIHFFAV76CA,常德段,114.43,都市：住
RPTNMLSKIIHFFAV76CA,建康段,82.02,都市：住
RPTNMLSKIIHFFAV76CA,建康段,8.23,都市：住
RPPNMLOLIIHFFDV98CA,嘉新段,599.58,非都市：山坡地保育區 ; 非都市編定：農牧用地
RPSOMLRKIIHFFAV76DA,豐工段,2911.86,都市：工
RPQNMLLJJIHFFCV58CA,鹿野段,1407.00,都市：農
RPQNMLLJJIHFFCV58CA,鹿野段,1335.00,都市：農
RPOOMLOLIIHFFAV78DA,常德段,108.23,都市：其他
RPPNMLMLIIHFFDV78CA,南田段,1137.50,非都市：山坡地保育區 ; 非都市編定：農牧用地
RPQNMLSKIIHFFDV86DA,秀山段,7.08,都市：住
RPTNMLQKIIHFFAV56CA,南清段,138.22,都市：住
RPRNMLRKIIHFFAV56DA,東海段,26.98,都市：住
RPPNMLRKIIHFFDV56CA,樂山段,4668.19,非都市：山坡地保育區 ; 非都市編定：農牧用地
RPQNMLMLIIHFFDV88CA,南田段,5905.00,非都市：山坡地保育區 ; 非都市編定：農牧用地
RPRNMLMLIIHFFDV98CA,森永段,4720.00,非都市：山坡地保育區 ; 非都市編定：農牧用地
RPQNMLTKIIHFFCV76CA,鹿野段,2900.00,非都市：山坡地保育區 ; 非都市編定：農牧用地
RPRNMLRKIIHFFDV86DA,泰王段,348.69,都市：住
RPPNMLMLIIHFFBV68DA,小湊段石傘小段,116.00,非都市：風景區 ; 非都市編定：農牧用地
RPPNMLMLIIHFFBV68DA,新都威段,1194.70,非都市：風景區 ; 非都市編定：農牧用地
RPPNMLMLIIHFFBV68DA,中濱段竹湖小段,8332.00,非都市：風景區 ; 非都市編定：農牧用地
RPPNMLMLIIHFFBV68DA,黃金橋段,2394.66,非都市：風景區 ; 非都市編定：農牧用地
RPPNMLMLIIHFFBV68DA,八仙洞段,2157.96,非都市：風景區 ; 非都市編定：農牧用地
RPPNMLMLIIHFFBV68DA,八仙洞段,1049.04,非都市：風景區 ; 非都市編定：農牧用地
RPPNMLMLIIHFFBV68DA,三間屋段,1198.00,非都市：風景區 ; 非都市編定：農牧用地
RPSNMLSKIIHFFAV66CA,台東段,70.00,都市：住
RPRNMLMLIIHFFBV88DA,玉港段,201.86,非都市：鄉村區 ; 非都市編定：乙種建築用地
RPRNMLMLIIHFFBV88DA,玉港段,665.32,非都市：風景區 ; 非都市編定：農牧用地
RPQNMLOKJIHFFBV98DA,黃金橋段,811.86,非都市：風景區 ; 非都市編定：丙種建築用地
RPPNMLLJJIHFFCV58DA,大原段,1385.00,都市：農
RPPNMLLJJIHFFCV58DA,大原段,740.00,都市：農
RPPNMLLJJIHFFCV58DA,大原段,500.00,都市：農
RPPNMLLJJIHFFCV58DA,大原段,420.00,都市：農
RPPNMLLJJIHFFCV58DA,大原段,890.00,都市：農
RPPNMLLJJIHFFCV58DA,大原段,1673.00,都市：農
RPPNMLLJJIHFFCV58DA,大原段,1485.00,都市：農
RPPNMLLJJIHFFCV58DA,大原段,1221.00,都市：農
RPPNMLLJJIHFFCV58DA,大原段,1249.00,都市：農
RPPNMLLJJIHFFCV58DA,大原段,1253.00,都市：農
RPPNMLLJJIHFFCV58DA,大原段,1370.00,都市：農
RPPNMLLJJIHFFCV58DA,大原段,1210.00,都市：農
RPPNMLLJJIHFFCV58DA,大原段,1323.00,都市：農
RPSOMLTKIIHFFAV86CA,大業段,145.87,都市：住
RPROMLTKIIHFFAV76CA,大業段,145.84,都市：住
RPQNMLSKIIHFFAV09CA,豐年段,5.50,都市：住
RPTOMLTKIIHFFAV96CA,大業段,145.90,都市：住
RPUOMLTKIIHFFAV07CA,大業段,145.93,都市：住
RPSOMLOLIIHFFAV09CA,台東段,376.00,都市：住
RPSNMLNLIIHFFBV98CA,城仔埔段,1306.57,非都市：風景區 ; 非都市編定：農牧用地
RPPNMLRKIIHFFBV98CA,新港段八邊小段,7096.00,非都市：風景區 ; 非都市編定：農牧用地
RPPNMLRKIIHFFBV98CA,新港段八邊小段,104.00,非都市：風景區 ; 非都市編定：農牧用地
RPPNMLKKJIHFFAV28CA,石川段,1150.79,都市：農
RPPNMLKKJIHFFAV28CA,石川段,4798.07,都市：農
RPVOMLTKIIHFFAV17CA,大業段,143.25,都市：住
RPXNMLOLIIHFFAV86CA,台東段,48.26,都市：住
RPOPMLTKIIHFFAV56CA,常德段,102.22,都市：住
RPWOMLTKIIHFFAV27CA,大業段,208.76,都市：住
RPQOMLNKJIHFFAV78CA,常德段,14.04,都市：住
RPQOMLNKJIHFFAV78CA,常德段,2.98,都市：住
RPQOMLNKJIHFFAV78CA,常德段,128.82,都市：住
RPRNMLMLIIHFFAV78DA,建業段,98.18,都市：住
RPRNMLMLIIHFFAV78DA,建業段,23.12,都市：住
RPTNMLQJJIHFFBV76DA,三間段大來小段,10270.00,非都市：風景區 ; 非都市編定：農牧用地
RPQOMLTKIIHFFAV76DA,豐年段,54.78,都市：住
RPQOMLTKIIHFFAV76DA,豐年段,14.49,都市：住
RPQOMLTKIIHFFAV76DA,豐年段,97.16,都市：住
RPPNMLNLIIHFFAV68DA,泰安段,103.40,都市：住
RPPNMLPKJIHFFCV98CA,高台段,5373.30,都市：其他
RPPNMLPKJIHFFCV98CA,高台段,2750.00,都市：其他
RPPNMLPKJIHFFCV98CA,高台段,380.00,都市：其他
RPPPMLTKIIHFFAV66CA,常德段,123.57,都市：住
RPRNMLMKJIHFFAV78DA,興安段,120.41,都市：住
RPQNMLMKJIHFFAV68DA,台東段,4.00,都市：住
RPQNMLMKJIHFFAV68DA,台東段,73.00,都市：住
RPQNMLPKJIHFFAV98DA,興安段,120.21,都市：住
RPTNMLMLIIHFFBV09DA,新都威段,1445.15,非都市：風景區 ; 非都市編定：農牧用地
RPTNMLMLIIHFFBV09DA,新都威段,210.03,非都市：風景區 ; 非都市編定：農牧用地
RPPOMLTKIIHFFAV66DA,利家段,87.00,都市：住
RPPNMLTLIIHFFAV56CA,台東段,19.49,都市：住
RPPNMLTLIIHFFAV56CA,台東段,8.34,都市：住
RPPNMLTLIIHFFAV56CA,台東段,7.68,都市：住
RPPNMLTLIIHFFAV56CA,台東段,5.85,都市：住
RPPNMLTLIIHFFAV56CA,台東段,1.03,都市：住
RPPNMLTLIIHFFAV56CA,台東段,.97,都市：住
RPQNMLNLIIHFFAV68CA,豐谷段,52.00,都市：住
RPQNMLQLIIHFFAV98CA,石山段,2224.00,非都市：風景區 ; 非都市編定：農牧用地
RPUNMLOKJIHFFAV56CA,豐年段,18.03,都市：住
RPPNMLPLIIHFFBV88CA,忠勇段,7.98,都市：住
RPRNMLLLJIHFFAV68CA,普優瑪段,29.48,都市：住
RPRNMLLLJIHFFAV68CA,普優瑪段,51.58,都市：住
RPRNMLPLIIHFFBV09CA,富民段,1031.98,非都市：風景區 ; 非都市編定：農牧用地
RPRNMLPLIIHFFBV09CA,富民段,1031.98,非都市：風景區 ; 非都市編定：農牧用地
RPTNMLNLIIHFFAV98CA,利家段,44.50,都市：住
RPTNMLNLIIHFFAV98CA,利家段,44.50,都市：住
RPWNMLNLIIHFFAV66CA,富岡南段,2230.49,非都市：風景區 ; 非都市編定：農牧用地
RPSNMLPLIIHFFAV09CA,台東段,11.00,都市：住
RPSOMLNKJIHFFAV98CA,常德段,113.14,都市：住
RPQNMLOKJIHFFAV78CA,德安段,22.88,都市：住
RPQNMLOKJIHFFAV78CA,德安段,.16,都市：住
RPQNMLOKJIHFFAV78CA,德安段,2.11,都市：住
RPQNMLOKJIHFFAV78CA,德安段,.04,都市：住
RPTNMLQLIIHFFAV66CA,建興段,72.00,都市：住
RPPNMLRJJIHFFCV09CA,大池段,6897.62,非都市：風景區 ; 非都市編定：農牧用地
RPQNMLSJJIHFFBV66DA,都蘭段,3453.00,非都市：風景區 ; 非都市編定：農牧用地
RPQNMLPJJIHFFDV09CA,泰和段,13910.00,非都市：山坡地保育區 ; 非都市編定：林業用地
RPPNMLPLIIHFFCV98CA,日出段,8000.00,都市：農
RPPNMLPLIIHFFCV98CA,日出段,273.00,都市：住
RPPNMLPLIIHFFCV98CA,日出段,4076.00,都市：農
RPPNMLPLIIHFFCV98CA,日出段,1330.00,都市：農
RPPNMLPLIIHFFCV98CA,日出段,1033.00,都市：農
RPPNMLPLIIHFFCV98CA,日出段,5742.00,都市：農
RPPNMLPLIIHFFCV98CA,日出段,1809.00,都市：農
RPPNMLNLIIHFFDV98DA,笆札筏段,192.06,非都市：鄉村區 ; 非都市編定：乙種建築用地
RPQNMLRJJIHFFCV66DA,高台段,2500.20,都市：農
RPQNMLQKJIHFFDV76DA,安朔段,11595.00,非都市：山坡地保育區 ; 非都市編定：林業用地
RPPNMLTLIIHFFBV66CA,三間段大來小段,1976.00,非都市：風景區 ; 非都市編定：農牧用地
RPPNMLTLIIHFFBV66CA,三間段大來小段,90.00,非都市：風景區 ; 非都市編定：農牧用地
RPPNMLQKJIHFFDV66DA,荖花段,103.26,非都市：山坡地保育區 ; 非都市編定：丙種建築用地
RPPNMLQKJIHFFDV66DA,荖花段,6.08,非都市：山坡地保育區 ; 非都市編定：丙種建築用地
RPPNMLPLIIHFFAV78CA,東海段,649.99,都市：農
RPVNMLPJJIHFFAV76DA,利卡夢段,57.75,非都市：特定農業區 ; 非都市編定：特定目的事業用地
RPPNMLMJJIHFFBV58DA,都蘭段,1884.00,非都市：風景區 ; 非都市編定：農牧用地
RPQNMLLJJIHFFAV48DA,常德段,162.79,都市：住
RPPOMLOLIIHFFAV78CA,永和段,86.09,非都市：一般農業區 ; 非都市編定：農牧用地
RPPOMLOLIIHFFAV78CA,南榮段,391.10,都市：農
RPRNMLPLIIHFFAV98CA,永和段,107.53,都市：住
RPRNMLTLIIHFFAV76CA,岩灣段,150.19,都市：住
RPRNMLQLIIHFFAV09CA,東海段,26.98,都市：住
RPSNMLQKJIHFFAV66DA,豐川段,2500.00,都市：農
RPQNMLTLIIHFFBV76CA,玉港段,1062.08,非都市：風景區 ; 非都市編定：農牧用地
RPQNMLTLIIHFFBV76CA,玉港段,647.71,非都市：風景區 ; 非都市編定：農牧用地
RPQNMLTLIIHFFBV76CA,玉港段,790.75,非都市：風景區 ; 非都市編定：農牧用地
RPTNMLLMIIHFFAV98DA,豐川段,1517.05,都市：農
RPPNMLTLIIHFFCV76CA,鹿野段,2900.00,非都市：山坡地保育區 ; 非都市編定：農牧用地
RPTNMLQKJIHFFAV76DA,豐川段,2500.00,都市：農
RPQNMLTKJIHFFBV76CA,新都威段,3826.15,非都市：風景區 ; 非都市編定：農牧用地
RPRNMLLJJIHFFCV78DA,西莊段,2365.11,都市：農
RPRNMLLJJIHFFCV78DA,西莊段,5025.67,都市：農
RPPNMLSLIIHFFAV56DA,豐年段,5.50,都市：住
RPUNMLQLIIHFFCV07DA,瑞里段,1081.85,都市：農
RPPNMLPLIIHFFDV56DA,金富段,69.05,都市：住
RPPNMLQLIIHFFBV98CA,東河段,137.42,都市：農
RPPNMLQLIIHFFBV98CA,東河段,6.52,都市：農
RPPNMLQLIIHFFBV98CA,東河段,43.56,都市：其他
RPPNMLQJKIHFFAV88CA,新園段,2286.00,非都市：特定農業區 ; 非都市編定：農牧用地
RPPNMLQJKIHFFAV88CA,新園段,6042.00,非都市：特定農業區 ; 非都市編定：農牧用地
RPOOMLLMIIHFFAV48CA,台東段,39.00,都市：住
RPOOMLLMIIHFFAV48CA,台東段,11.00,都市：住
RPXNMLKMIIHFFAV56CA,常德段,113.10,都市：住
RPPNMLMJJIHFFAV38CA,豐年段,25.55,都市：住
RPPNMLMJJIHFFAV38CA,豐年段,135.32,都市：住
RPVNMLQLIIHFFAV86CA,新生段,711.00,都市：住
RPVNMLQLIIHFFAV86CA,新生段,51.00,都市：住
RPXNMLLMIIHFFAV66CA,知本段,3000.00,都市：農
RPTNMLTLIIHFFAV96CA,富岡南段,101.48,非都市：風景區 ; 非都市編定：丙種建築用地
RPTNMLTLIIHFFAV96CA,富岡南段,4.82,非都市：鄉村區 ; 非都市編定：乙種建築用地
RPTNMLTLIIHFFAV96CA,富岡南段,22.53,非都市：鄉村區 ; 非都市編定：乙種建築用地
RPTNMLTLIIHFFAV96CA,富岡南段,16.08,非都市：風景區 ; 非都市編定：丙種建築用地
RPPOMLLMIIHFFAV58CA,大業段,157.08,都市：住
SPWNMLQLIIHFFAV07CA,岩灣段,92.41,都市：住
SPWNMLQLIIHFFAV07CA,岩灣段,239.94,都市：住
RPWNMLQLIIHFFAV96CA,岩灣段,92.41,都市：住
RPWNMLQLIIHFFAV96CA,岩灣段,179.12,都市：住
RPUNMLTLIIHFFAV07CA,岩灣段,120.64,都市：住
RPSNMLLMIIHFFAV78CA,永清段,466.47,都市：住
RPSNMLQLIIHFFAV56CA,常德段,19.84,都市：住
RPQNMLTLIIHFFCV86CA,豐泉段,14.82,都市：住
RPRNMLLMIIHFFDV09DA,泰和段,552.00,非都市：山坡地保育區 ; 非都市編定：農牧用地
RPWNMLTLIIHFFAV27CA,永和段,29.19,都市：住
RPWNMLTLIIHFFAV27CA,永和段,78.61,都市：住
RPPNMLKMIIHFFAV38CA,南榮段,109.49,都市：住
RPPNMLKMIIHFFAV38CA,南榮段,85.03,都市：住
RPSNMLLLJIHFFBV09EA,城山段彭仔存小段,149.33,非都市：風景區 ; 非都市編定：丙種建築用地
RPSNMLLLJIHFFBV09EA,城山段彭仔存小段,197.33,非都市：風景區 ; 非都市編定：丙種建築用地
RPUNMLQLIIHFFAV76CA,石壁段,3461.91,都市：農
RPQNMLMJJIHFFBV58CA,南都歷段,2718.15,非都市：風景區 ; 非都市編定：農牧用地
RPQNMLMJJIHFFBV58CA,南都歷段,106.84,非都市：風景區 ; 非都市編定：農牧用地
RPQNMLMJJIHFFBV58CA,南都歷段,303.51,非都市：風景區 ; 非都市編定：交通用地
RPOOMLKMIIHFFAV48DA,新生段,11.41,都市：住
RPPNMLKMIIHFFBV48CA,大霸來段,2510.66,非都市：風景區 ; 非都市編定：農牧用地
RPSNMLMJJIHFFAV78DA,建興段,2741.00,都市：農
RPQNMLRJJIHFFBV09CA,忠智段,25.89,都市：住
RPQNMLRJJIHFFBV09CA,忠智段,68.84,都市：住
RPRNMLKMIIHFFAV58CA,興安段,85.26,都市：住
RPRNMLKMIIHFFAV58CA,興安段,166.09,都市：住
RPRNMLKMIIHFFAV58CA,興安段,128.99,都市：住
RPRNMLKMIIHFFAV58CA,興安段,124.85,都市：住
RPUNMLMJJIHFFAV98DA,建興段,3363.00,都市：農
RPSNMLNKJIHFFBV09DA,忠仁段,71.70,都市：住
RPUOMLNKJIHFFAV56CA,常德段,115.22,都市：住
RPQNMLTJJIHFFAV56CA,中山段,85.00,都市：住
RPQNMLKMIIHFFAV48CA,中心段,111.00,都市：住
RPWNMLKMIIHFFAV09CA,永清段,279.87,都市：住
RPWNMLKMIIHFFAV09CA,永清段,122.86,都市：住
RPWNMLKMIIHFFAV09CA,永清段,113.42,都市：住
RPWNMLKMIIHFFAV09CA,永清段,6.74,都市：其他
RPWNMLLMIIHFFAV56CA,豐年段,8.57,都市：住
RPWNMLLMIIHFFAV56CA,豐年段,33.19,都市：住
RPWNMLLMIIHFFAV56CA,豐年段,126.70,都市：住
RPPNMLLJJIHFFDV68DA,秀山段,250.29,都市：農
RPPOMLKMIIHFFAV58DA,豐年段,138.24,都市：住
RPPOMLKMIIHFFAV58DA,豐年段,26.14,都市：住
RPSNMLLLJIHFFAV78CA,豐年段,103.56,都市：住
RPQNMLKMIIHFFDV88DA,復興段,179.36,都市：商
RPWPMLQKJIHFFAV17CA,常德段,16.99,都市：住
RPVNMLKMIIHFFAV98CA,富岡段,188.11,都市：住
RPSNMLLJJIHFFAV58CA,豐康段,19.69,都市：住
RPSNMLLJJIHFFAV58CA,豐康段,7.48,都市：住
RPSNMLKMIIHFFAV68CA,建康段,95.55,都市：住
RPVOMLNKJIHFFAV66CA,常德段,144.61,都市：住
RPPNMLLMIIHFFDV88DA,多良段,13920.00,非都市：山坡地保育區 ; 非都市編定：農牧用地
RPPNMLLMIIHFFDV88DA,多良段,19000.00,非都市：山坡地保育區 ; 非都市編定：農牧用地
RPQNMLLMIIHFFDV98DA,多良段,15120.00,非都市：山坡地保育區 ; 非都市編定：林業用地
RPQNMLLMIIHFFDV98DA,多良段,10540.00,非都市：山坡地保育區 ; 非都市編定：林業用地
RPPNMLLJJIHFFBV38CA,北八里段,331.00,非都市：鄉村區 ; 非都市編定：乙種建築用地
RPQNMLLJJIHFFDV78DA,樂山段,221.96,非都市：山坡地保育區 ; 非都市編定：農牧用地
RPPNMLMJJIHFFCV68DA,大原段,1440.00,都市：農
RPPNMLMJJIHFFCV68DA,大原段,540.00,都市：農
RPOPMLOKJIHFFAV88DA,台東段,4.00,都市：住
RPPNMLQJJIHFFDV56DA,德其段,1225.24,都市：農
RPPNMLQJJIHFFDV56DA,德其段,1701.56,都市：農
RPQNMLLMIIHFFCV78CA,中福段,131.25,都市：商
RPSNMLKMJIHFFCV98CA,福原段,74.75,都市：其他
RPXNMLKMJIHFFCV86CA,福原段,89.62,都市：其他
RPXOMLOKJIHFFAV96CA,梧州段,148.95,都市：住
RPVNMLMJJIHFFAV09DA,建興段,7887.21,都市：農
RPTPMLQKJIHFFAV86CA,豐年段,76.73,都市：住
