﻿編號,屋齡,建物移轉面積平方公尺,主要用途,主要建材,建築完成日期,總層數,建物分層
The serial number,room age,building shifting area square meter,the main use,main building materials,construction completes the date,total layer,building lamination
RPWNMLPJQHIFFBD58CC,10,85.33,商業用,見其他登記事項,92年8月13日,一層,
RPQNMLRJQHIFFFR47DC,3,70.71,住商用,見其他登記事項,99年12月9日,二層,
RPQNMLRJQHIFFFR47DC,3,74.93,住商用,見其他登記事項,99年12月9日,二層,
RPQNMLQJQHIFFER17CC,21,116.04,住家用,鋼筋混凝土造,81年8月5日,七層,
RPXNMLMJQHIFFCD48CC,28,42.44,見其他登記事項,見其他登記事項,74年11月20日,一層,
RPPNMLRJQHIFFCD18CC,17,107.83,住商用,鋼筋混凝土構造,85年10月14日,五層,
RPPOMLPJQHIFFBD97CC,10,85.33,商業用,見其他登記事項,92年8月13日,一層,
RPRNMLQJQHIFFDR27DC,28,196.36,見其他登記事項,鋼筋混凝土造,74年12月13日,二層,
RPPNMLRJQHIFFAD97CC,10,47.06,見其他登記事項,鋼筋混凝土構造,92年9月16日,十三層,
RPPOMLLJQHIFFHR96CC,1,50.99,見其他登記事項,見其他登記事項,101年5月21日,四層,
RPOOMLRJQHIFFCD18CC,23,115.18,住商用,鋼筋混凝土構造,79年3月1日,七層,
RPOOMLRJQHIFFCD18CC,23,9.45,共有部分,鋼筋混凝土構造,79年3月1日,七層,
RPWOMLRJQHIFFCD09DC,7,217.31,住商用,見其他登記事項,95年9月28日,四層,
RPOPMLRJQHIFFCD38DC,20,1697.17,住商用,見其他登記事項,82年10月16日,三層,
RPWNMLSJQHIFFCD98CC,36,1310.34,見其他登記事項,鋼筋混凝土構造,66年7月7日,二層,
RPWNMLSJQHIFFCD98CC,24,623.05,見其他登記事項,見其他登記事項,78年7月13日,一層,
RPXNMLSJQHIFFCD09CC,36,1017.49,見其他登記事項,加強磚造,66年12月23日,一層,
RPTOMLSJQHIFFHR18DC,18,249.04,住商用,鋼筋混凝土造,84年12月5日,四層,
RPPOMLRJQHIFFCD28CC,19,90.67,住家用,鋼筋混凝土構造,84年1月12日,九層,
RPPOMLRJQHIFFCD28CC,19,34.81,共有部分,鋼筋混凝土構造,84年1月12日,九層,
RPQOMLTJQHIFFHR87CC,25,147.00,住商用,鋼筋混凝土造,77年6月20日,四層,
RPWOMLSJQHIFFAD88CC,19,108.68,住家用,鋼筋混凝土構造,83年6月3日,八層,
RPUOMLSJQHIFFAD68CC,26,53.50,住商用,鋼筋混凝土構造,76年6月16日,五層,
RPTOMLTJQHIFFHR18CC,14,22.85,住家用,鋼筋混凝土造,88年8月24日,十四層,
RPWOMLTJQHIFFHR48CC,14,57.02,住家用,鋼筋混凝土造,88年5月19日,十一層,
RPTOMLTJQHIFFHR18CC,14,.53,共有部分,鋼筋混凝土造,88年8月24日,十四層,
RPWOMLTJQHIFFHR48CC,14,17.88,共有部分,鋼筋混凝土造,88年5月19日,十四層,
RPTOMLTJQHIFFHR18CC,14,1.03,共有部分,鋼筋混凝土造,88年8月24日,十四層,
RPWOMLTJQHIFFHR48CC,14,6.37,共有部分,鋼筋混凝土造,88年5月19日,十四層,
RPTOMLTJQHIFFHR18CC,14,5.91,共有部分,鋼筋混凝土造,88年8月24日,十四層,
RPOPMLTJQHIFFHR77CC,18,20.67,住家用,鋼筋混凝土造,84年7月12日,七層,
RPOPMLTJQHIFFHR77CC,18,29.71,共有部分,鋼筋混凝土造,84年7月12日,七層,
RPSOMLSJQHIFFAD48CC,20,110.97,住家用,鋼筋混凝土構造,82年6月12日,六層,
RPSNMLNKQHIFFER17CC,16,206.20,住家用,鋼筋混凝土造,86年4月14日,四層,
RPSNMLOKQHIFFCD28CC,14,31.97,見其他登記事項,鋼筋混凝土構造,88年3月12日,五層,
RPRQMLMKQHIFFCD28CC,32,46.25,住商用,鋼筋混凝土構造,70年11月3日,五層,
RPOOMLPKQHIFFHR37CC,32,91.19,住家用,鋼筋混凝土造,70年12月11日,五層,
RPSQMLMKQHIFFCD38CC,32,61.25,住商用,鋼筋混凝土構造,70年11月3日,五層,
RPSQMLMKQHIFFCD38CC,32,27.21,見其他登記事項,鋼筋混凝土構造,70年11月3日,五層,
RPWOMLOKQHIFFAD58CC,55,63.82,住家用,磚造,48年1月1日,二層,
RPWNMLTJQHIFFFR18CC,,58.00,住家用,加強磚造,,二層,
RPXPMLTJQHIFFAD56CC,6,60.12,見其他登記事項,鋼筋混凝土構造,96年12月27日,十九層,
RPXPMLTJQHIFFAD56CC,6,24.91,共有部分,鋼筋混凝土構造,96年12月27日,十九層,
RPRNMLQKQHIFFER37CC,7,199.63,見其他登記事項,鋼筋混凝土造,95年3月17日,四層,
RPVPMLTJQHIFFAD98CC,18,33.50,住家用,鋼筋混凝土構造,84年2月7日,十二層,
RPVPMLTJQHIFFAD98CC,18,19.26,共有部分,鋼筋混凝土構造,84年2月7日,十二層,
RPQOMLNKQHIFFAD97DC,18,130.00,商業用,鋼筋混凝土構造,84年7月25日,十五層,
RPRQMLTJQHIFFAD68CC,27,75.40,住家用,鋼筋混凝土構造,76年1月10日,五層,
RPRQMLTJQHIFFAD68CC,27,6.99,住家用,鋼筋混凝土構造,76年1月10日,五層,
RPRQMLTJQHIFFAD68CC,27,23.38,住家用,鋼筋混凝土構造,76年1月10日,五層,
RPUNMLRKQHIFFCD78CC,18,268.14,見其他登記事項,鋼筋混凝土構造,84年5月9日,四層,
RPQNMLRKQHIFFCD38CC,7,161.80,住家用,見其他登記事項,95年8月22日,一層,
RPVNMLRKQHIFFAD68CC,22,42.39,住家用,鋼筋混凝土構造,80年12月13日,五層,
RPVNMLRKQHIFFAD68CC,22,13.77,共有部分,鋼筋混凝土構造,80年12月13日,五層,
RPTNMLRKQHIFFAD48CC,15,26.02,住家用,鋼筋混凝土構造,87年2月19日,二十一層,
RPTNMLRKQHIFFAD48CC,15,10.00,共有部分,鋼筋混凝土構造,87年2月19日,二十一層,
RPXOMLQKQHIFFCD09CC,13,93.22,商業用,鋼筋混凝土構造,89年6月21日,十二層,
RPVOMLQKQHIFFCD88CC,42,187.40,住家用,加強磚造,59年12月31日,二層,
RPWNMLRKQHIFFAD78CC,43,122.09,住商用,加強磚造,59年8月14日,二層,
RPXNMLRKQHIFFAD88CC,5,143.09,見其他登記事項,鋼筋混凝土構造,97年10月6日,十五層,
RPXNMLRKQHIFFAD88CC,5,99.55,共有部分,鋼筋混凝土構造,97年10月6日,十五層,
RPOOMLRKQHIFFAD08CC,18,88.87,住家用,鋼筋混凝土構造,84年5月16日,二十二層,
RPOOMLRKQHIFFAD08CC,18,46.13,共有部分,鋼筋混凝土構造,84年5月16日,二十二層,
RPOOMLRKQHIFFAD08CC,18,13.63,共有部分,鋼筋混凝土構造,84年5月16日,二十二層,
RPSNMLRKQHIFFCD58CC,19,134.26,見其他登記事項,鋼筋混凝土構造,83年7月13日,九層,
RPSNMLRKQHIFFCD58CC,19,30.14,共有部分,鋼筋混凝土構造,83年7月13日,九層,
RPPOMLRKQHIFFAD18CC,8,284.02,見其他登記事項,見其他登記事項,94年4月8日,二十四層,
RPPOMLRKQHIFFAD18CC,8,94.95,共有部分,見其他登記事項,94年4月8日,二十四層,
RPPOMLRKQHIFFAD18CC,8,27.42,共有部分,見其他登記事項,94年4月8日,二十四層,
RPVNMLQKQHIFFFR97DC,30,414.11,見其他登記事項,加強磚造,72年2月24日,二層,
RPQNMLRKQHIFFER37CC,1,61.78,住家用,鋼筋混凝土造,101年8月17日,四層,
RPQNMLTKQHIFFER57CC,19,157.92,住家用,鋼筋混凝土造,83年5月10日,三層,
RPPOMLKLQHIFFCR56CC,29,98.18,住家用,鋼筋混凝土造,74年1月22日,四層,
RPSNMLRKQHIFFHR87CC,25,130.54,住商用,鋼筋混凝土造,77年5月19日,二層,
RPPNMLMLQHIFFAD67CC,48,84.89,住商用,加強磚造,54年8月20日,二層,
RPXNMLKLQHIFFCD58DC,17,69.57,住商用,鋼筋混凝土構造,85年2月3日,十六層,
RPXNMLKLQHIFFCD58DC,17,70.65,住商用,鋼筋混凝土構造,85年2月3日,十六層,
RPXNMLKLQHIFFCD58DC,17,1.08,住商用,鋼筋混凝土構造,85年2月3日,十六層,
RPXNMLKLQHIFFCD58DC,17,6.48,住商用,鋼筋混凝土構造,85年2月3日,十六層,
RPXNMLKLQHIFFCD58DC,17,927967.00,共有部分,鋼筋混凝土構造,85年2月3日,十六層,
RPSOMLMLQHIFFBD18CC,5,213.81,見其他登記事項,鋼筋混凝土構造,97年11月28日,四層,
RPSOMLMLQHIFFBD18CC,5,12.69,見其他登記事項,鋼筋混凝土構造,97年11月28日,四層,
RPSOMLMLQHIFFBD18CC,5,.23,見其他登記事項,鋼筋混凝土構造,97年11月28日,四層,
RPOPMLTLQHIFFAD48CC,40,253.00,住商用,鋼筋混凝土構造,63年1月7日,四層,
RPOPMLTLQHIFFAD48CC,40,256.48,住商用,鋼筋混凝土構造,63年1月7日,四層,
RPTNMLRKQHIFFCD68CC,32,101.19,住家用,鋼筋混凝土構造,70年9月11日,五層,
RPTNMLRKQHIFFCD68CC,32,1.58,共有部分,鋼筋混凝土構造,70年9月10日,五層,
RPPOMLTLQHIFFHR97CC,11,181.76,見使用執照,鋼筋混凝土造,91年12月24日,四層,
RPQOMLNLQHIFFCD18CC,7,117.74,住家用,鋼筋混凝土構造,95年6月9日,三層,
RPXNMLSLQHIFFCD66CC,5,21.81,住家用,鋼筋混凝土構造,97年2月29日,十四層,
RPVNMLSLQHIFFCD09CC,31,77.18,國民住宅,鋼筋混凝土構造,71年11月29日,五層,
RPQNMLTLQHIFFER67CC,19,139.71,住家用,鋼筋混凝土造,83年3月5日,三層,
RPQNMLLMQHIFFAD77CC,19,33.89,商業用,鋼筋混凝土構造,83年12月22日,二十一層,
RPQNMLLMQHIFFAD77CC,19,5.48,商業用,鋼筋混凝土構造,83年12月22日,二十一層,
RPQNMLLMQHIFFAD77CC,19,7.30,商業用,鋼筋混凝土構造,83年12月22日,二十一層,
RPQNMLLMQHIFFAD77CC,19,6.43,商業用,鋼筋混凝土構造,83年12月22日,二十一層,
RPRNMLMJRHIFFER96CC,1,244.84,見其他登記事項,鋼筋混凝土造,102年1月15日,四層,
RPPPMLTLQHIFFAD58CC,18,73.92,住家用,鋼筋混凝土構造,84年9月12日,十八層,
RPWNMLRLQHIFFFR18CC,10,158.98,工業用,見其他登記事項,92年7月22日,一層,
RPVNMLRLQHIFFFR08CC,10,158.98,工業用,見其他登記事項,92年7月22日,一層,
RPRNMLOJRHIFFDR07CC,19,154.61,住商用,鋼筋混凝土造,83年10月27日,三層,
RPQOMLMLQHIFFCD08CC,22,23.85,住家用,鋼筋混凝土構造,80年11月2日,七層,
RPQOMLMLQHIFFCD08CC,22,5.87,共有部分,鋼筋混凝土構造,80年11月2日,七層,
RPRNMLPJRHIFFCD28CC,19,101.55,住商用,鋼筋混凝土構造,83年4月1日,十四層,
RPRNMLPJRHIFFCD28CC,19,97.39,住商用,鋼筋混凝土構造,83年4月1日,十四層,
RPRNMLPJRHIFFCD28CC,19,35.67,共有部分,鋼筋混凝土構造,83年4月1日,十四層,
RPXNMLMJRHIFFER57CC,44,46.30,住家用,磚造,59年2月1日,一層,
RPTNMLMJRHIFFER17CC,1,244.84,見其他登記事項,鋼筋混凝土造,102年1月15日,四層,
RPSNMLMJRHIFFER07CC,1,244.84,見其他登記事項,鋼筋混凝土造,102年1月15日,四層,
RPPNMLRJRHIFFCD28CC,19,84.98,住家用,鋼筋混凝土構造,83年9月9日,十二層,
RPRNMLQJRHIFFER37CC,1,365.02,住家用,鋼筋混凝土造,101年4月5日,四層,
RPQNMLQJRHIFFER27CC,2,223.93,見其他登記事項,鋼筋混凝土造,100年11月7日,四層,
RPUOMLPJRHIFFER67CC,14,161.05,住家用,鋼筋混凝土造,89年1月17日,三層,
RPSNMLQJRHIFFER47CC,29,115.37,住商用,鋼筋混凝土造,73年7月10日,四層,
RPWNMLNJRHIFFER57CC,19,80.74,住家用,鋼筋混凝土造,83年9月23日,八層,
RPPNMLRJRHIFFAD08CC,26,142.81,住家用,鋼筋混凝土構造,76年10月2日,二層,
RPROMLLKRHIFFHR37CC,2,350.90,住家用,見其他登記事項,100年6月1日,四層,
RPUOMLLKRHIFFHR67CC,20,221.93,住商用,鋼筋混凝土造,82年8月20日,十二層,
RPUOMLLKRHIFFHR67CC,20,42.03,共有部分,鋼筋混凝土造,82年8月20日,十二層,
RPWOMLLKRHIFFHR87CC,14,90.54,住家用,鋼筋混凝土造,88年8月24日,十四層,
RPWOMLLKRHIFFHR87CC,14,2.23,共有部分,鋼筋混凝土造,88年8月24日,十四層,
RPWOMLLKRHIFFHR87CC,14,30.59,共有部分,鋼筋混凝土造,88年8月24日,十四層,
RPWOMLLKRHIFFHR87CC,14,17.85,共有部分,鋼筋混凝土造,88年8月24日,十四層,
RPTOMLLKRHIFFHR57CC,7,195.72,住家用,鋼筋混凝土造,95年3月6日,四層,
RPSOMLLKRHIFFHR47CC,13,34.55,住家用,鋼筋混凝土造,90年1月10日,十一層,
RPSOMLLKRHIFFHR47CC,13,7.81,共有部分,鋼筋混凝土造,90年1月10日,十一層,
RPSOMLLKRHIFFHR47CC,13,5.09,共有部分,鋼筋混凝土造,90年1月10日,十一層,
RPSNMLTJRHIFFER77CC,9,108.10,見其他登記事項,鋼筋混凝土造,94年1月4日,四層,
RPSNMLRJRHIFFER57CC,25,196.31,住家用,鋼筋混凝土造,77年9月14日,三層,
RPTNMLLKRHIFFAD97CC,40,253.00,住商用,鋼筋混凝土構造,63年1月7日,四層,
RPTNMLLKRHIFFAD97CC,40,256.48,住商用,鋼筋混凝土構造,63年1月7日,四層,
RPXNMLLKRHIFFAD38CC,18,73.92,住家用,鋼筋混凝土構造,84年9月12日,十八層,
RPWNMLLKRHIFFAD28CC,6,16.36,見其他登記事項,見其他登記事項,96年8月24日,十四層,
RPTNMLTJRHIFFER87CC,19,75.04,住家用,鋼筋混凝土造,83年8月6日,八層,
RPOOMLMKRHIFFCD87CC,36,93.90,住家用,鋼筋混凝土構造,67年1月11日,四層,
RPSOMLMKRHIFFCD28CC,33,77.38,國民住宅,鋼筋混凝土構造,69年5月22日,七層,
RPSOMLMKRHIFFCD28CC,33,9.84,共有部分,鋼筋混凝土構造,69年5月22日,七層,
RPTOMLMKRHIFFCD38CC,31,166.22,住商用,鋼筋混凝土構造,71年5月11日,五層,
RPWOMLMKRHIFFCD68CC,5,31.31,住家用,鋼筋混凝土構造,97年2月29日,十四層,
RPWOMLMKRHIFFCD68CC,5,33.56,共有部分,鋼筋混凝土構造,97年2月29日,十四層,
RPWOMLMKRHIFFCD68CC,5,10.19,共有部分,鋼筋混凝土構造,97年2月29日,十四層,
RPXOMLMKRHIFFCD78CC,15,37.42,住商用,鋼筋混凝土構造,87年9月14日,九層,
RPXOMLMKRHIFFCD78CC,15,5.47,共有部分,鋼筋混凝土構造,87年9月14日,九層,
RPXOMLMKRHIFFCD78CC,15,17.80,共有部分,鋼筋混凝土構造,87年9月14日,九層,
RPQPMLMKRHIFFFR27CC,37,95.51,住家用,加強磚造,65年9月18日,二層,
RPQOMLMKRHIFFHR37CC,16,49.81,住家用,鋼筋混凝土造,86年9月26日,十一層,
RPQOMLMKRHIFFHR37CC,16,13.32,共有部分,鋼筋混凝土造,86年9月26日,十一層,
RPQOMLMKRHIFFHR37CC,16,5.18,共有部分,鋼筋混凝土造,86年9月26日,十一層,
RPROMLMKRHIFFHR47CC,6,214.64,見其他登記事項,鋼筋混凝土造,97年2月14日,四層,
RPXNMLMKRHIFFHR97CC,19,110.02,住家用,鋼筋混凝土造,83年10月6日,十七層,
RPXNMLMKRHIFFHR97CC,19,35.82,共有部分,鋼筋混凝土造,83年10月6日,十七層,
RPSOMLNKRHIFFHR67CC,21,16.60,住商用,鋼筋混凝土造,81年11月4日,四層,
RPSOMLNKRHIFFER37CC,7,46.74,見其他登記事項,鋼筋混凝土造,95年11月16日,四層,
RPTOMLNKRHIFFER47CC,7,46.74,見其他登記事項,鋼筋混凝土造,95年11月16日,四層,
RPWNMLNKRHIFFCD68CC,39,85.28,住家用,加強磚造,63年12月11日,二層,
RPPOMLMKRHIFFAD77CC,32,241.52,住家用,鋼筋混凝土構造,70年3月24日,四層,
RPQOMLNKRHIFFCD18CC,21,120.53,國民住宅,鋼筋混凝土構造,81年9月4日,三層,
RPQOMLNKRHIFFCD18CC,21,10.00,共有部分,鋼筋混凝土構造,81年9月4日,三層,
RPSNMLNKRHIFFAD08CC,23,50.82,住商用,鋼筋混凝土構造,79年3月5日,四層,
RPUOMLMKRHIFFAD28CC,18,169.83,住商用,鋼筋混凝土構造,84年8月29日,十七層,
RPUOMLMKRHIFFAD28CC,18,52.63,共有部分,鋼筋混凝土構造,84年8月29日,十七層,
RPVOMLQKRHIFFCD98CC,8,73.83,見其他登記事項,見其他登記事項,94年6月14日,四層,
RPTOMLQKRHIFFCD78CC,23,160.65,住家用,鋼筋混凝土構造,79年7月5日,四層,
RPVOMLMKRHIFFAD38CC,19,54.95,住家用,鋼筋混凝土構造,83年12月22日,二十一層,
RPVOMLMKRHIFFAD38CC,19,9.73,共有部分,鋼筋混凝土構造,83年12月22日,二十一層,
RPVOMLMKRHIFFAD38CC,19,6.29,共有部分,鋼筋混凝土構造,83年12月22日,二十一層,
RPTNMLQKRHIFFHR97CC,20,25.80,住商用,鋼筋混凝土造,82年12月6日,四層,
RPQNMLPKRHIFFAD08CC,23,72.18,住家用,鋼筋混凝土構造,80年2月13日,七層,
RPVNMLOKRHIFFAD48CC,17,63.80,住家用,鋼筋混凝土構造,85年4月27日,十二層,
RPRNMLRKRHIFFER57CC,1,248.31,見其他登記事項,鋼筋混凝土造,102年1月15日,四層,
RPTOMLQKRHIFFAD58CC,7,97.61,見其他登記事項,見其他登記事項,95年11月21日,五層,
RPPNMLPKRHIFFAD97CC,19,36.07,住家用,鋼筋混凝土構造,84年3月13日,三層,
RPPNMLRKRHIFFER37CC,1,248.31,見其他登記事項,鋼筋混凝土造,102年1月15日,四層,
RPQNMLRKRHIFFER47CC,1,248.31,見其他登記事項,鋼筋混凝土造,102年1月15日,四層,
RPWOMLQKRHIFFCD09CC,26,113.12,見其他登記事項,鋼筋混凝土構造,76年12月28日,六層,
RPPNMLTKRHIFFHR87CC,3,48.37,住商用,鋼筋混凝土造,99年10月6日,四層,
RPPNMLKLRHIFFER76CC,1,53.29,住家用,鋼筋混凝土造,101年8月17日,四層,
RPXNMLNLRHIFFBD78CC,1,8.45,見其他登記事項,見其他登記事項,102年1月28日,一層,
RPPNMLMLRHIFFAR56CC,20,96.69,住家用,鋼筋混凝土造,82年12月21日,十六層,
RPPNMLMLRHIFFAR56CC,20,29.74,共有部分,鋼筋混凝土造,82年12月21日,十六層,
RPSNMLNLRHIFFER37CC,1,248.31,見其他登記事項,鋼筋混凝土造,102年1月15日,四層,
RPWNMLSKRHIFFCD56CC,19,89.88,住家用,鋼筋混凝土構造,83年4月28日,十層,
RPQNMLKLRHIFFCD87CC,16,67.99,住商用,鋼筋混凝土構造,86年3月26日,九層,
RPPNMLKLRHIFFCD77CC,16,43.96,住商用,鋼筋混凝土構造,86年3月26日,九層,
RPXNMLOLRHIFFHR28CC,8,83.01,住家用,鋼筋混凝土造,95年1月26日,六層,
RPXNMLOLRHIFFHR28CC,8,24.93,共有部分,鋼筋混凝土造,95年1月26日,六層,
RPXNMLOLRHIFFHR28CC,8,18.62,共有部分,鋼筋混凝土造,95年1月26日,六層,
RPUNMLPLRHIFFAD58CC,8,74.22,見其他登記事項,見其他登記事項,94年4月8日,五層,
RPXOMLOLRHIFFAD88CC,18,213.46,見其他登記事項,鋼筋混凝土構造,84年7月3日,八層,
RPUNMLRLRHIFFHR28CC,24,67.94,住商用,鋼筋混凝土造,78年9月7日,四層,
RPWNMLQLRHIFFCD09CC,28,131.91,住家用,鋼筋混凝土構造,74年11月22日,二層,
RPQNMLTKRHIFFHR97CC,3,48.37,住商用,鋼筋混凝土造,99年10月6日,四層,
RPPOMLKMRHIFFHR27CC,29,65.05,住家用,鋼筋混凝土造,73年10月1日,四層,
RPWNMLOLRHIFFCD88CC,3,183.44,住家用,鋼筋混凝土構造,99年12月13日,十四層,
RPVNMLNLRHIFFCD68CC,15,81.18,住家用,鋼筋混凝土構造,87年9月19日,十二層,
RPWNMLKMRHIFFBD48CC,3,179.70,住家用,鋼筋混凝土構造,99年9月24日,四層,
RPPPMLKMRHIFFAD87CC,10,53.54,見其他登記事項,見其他登記事項,92年12月26日,四層,
RPOPMLKMRHIFFAD77CC,33,61.11,住商用,鋼筋混凝土構造,70年1月14日,四層,
RPVPMLKMRHIFFAD48CC,32,79.44,住家用,鋼筋混凝土構造,70年12月31日,七層,
RPVPMLKMRHIFFAD48CC,32,29.29,共有部分,鋼筋混凝土構造,70年12月31日,七層,
RPPNMLKMRHIFFER86CC,1,365.02,住家用,鋼筋混凝土造,101年4月5日,四層,
RPVNMLKMRHIFFCD48CC,30,86.75,住家用,鋼筋混凝土構造,73年1月18日,十二層,
RPVNMLKMRHIFFCD48CC,30,12.02,共有部分,鋼筋混凝土構造,73年1月18日,十二層,
RPWNMLKMRHIFFCD58CC,32,77.42,住家用,鋼筋混凝土構造,70年12月30日,五層,
RPWNMLKMRHIFFCD58CC,32,3.98,共有部分,鋼筋混凝土構造,70年12月30日,五層,
RPSPMLKMRHIFFAD18CC,15,42.68,見其他登記事項,鋼筋混凝土構造,88年2月11日,二十四層,
RPUOMLKMRHIFFCD48CC,18,15.16,住家用,鋼筋混凝土構造,84年6月27日,五層,
RPUOMLKMRHIFFCD48CC,18,5.11,共有部分,鋼筋混凝土構造,84年6月27日,五層,
RPROMLPLRHIFFER57CC,5,18.89,住商用,鋼筋混凝土造,97年7月1日,三層,
RPOOMLKMRHIFFCD87CC,6,31.31,住家用,鋼筋混凝土構造,97年2月29日,十四層,
RPOOMLKMRHIFFCD87CC,6,35.59,共有部分,鋼筋混凝土構造,97年2月29日,十四層,
RPOOMLKMRHIFFCD87CC,6,10.19,共有部分,鋼筋混凝土構造,97年2月29日,十四層,
RPSOMLKMRHIFFCD28CC,6,25.46,住家用,鋼筋混凝土構造,97年2月29日,十四層,
RPSOMLKMRHIFFCD28CC,6,6.27,共有部分,鋼筋混凝土構造,97年2月29日,十四層,
RPSOMLKMRHIFFCD28CC,6,8.24,共有部分,鋼筋混凝土構造,97年2月29日,十四層,
RPVOMLKMRHIFFCD58CC,46,54.52,住家用,加強磚造,56年11月24日,一層,
RPXOMLLJIIIFFCD77CC,6,228.77,見其他登記事項,鋼筋混凝土構造,96年12月21日,四層,
RPQNMLLJIIIFFER58CC,1,365.02,住家用,鋼筋混凝土造,101年4月5日,四層,
RPWPMLKMRHIFFAD58CC,23,29.15,住家用,鋼筋混凝土構造,80年2月2日,六層,
RPWPMLKMRHIFFAD58CC,23,5.35,共有部分,鋼筋混凝土構造,80年2月2日,六層,
RPWPMLKMRHIFFAD58CC,23,4.84,共有部分,鋼筋混凝土構造,80年2月2日,六層,
RPWPMLKMRHIFFAD58CC,23,5.01,共有部分,鋼筋混凝土構造,80年2月2日,六層,
RPXPMLKMRHIFFAD68CC,9,51.07,見其他登記事項,鋼筋混凝土構造,93年12月3日,八層,
RPXPMLKMRHIFFAD68CC,9,8.80,共有部分,鋼筋混凝土構造,93年12月3日,八層,
RPXPMLKMRHIFFAD68CC,9,39.57,共有部分,鋼筋混凝土構造,93年12月3日,八層,
RPPQMLKMRHIFFAD97CC,15,93.89,見其他登記事項,鋼筋混凝土構造,88年2月11日,二十四層,
RPPQMLKMRHIFFAD97CC,15,10.88,共有部分,鋼筋混凝土構造,88年2月11日,二十四層,
RPPQMLKMRHIFFAD97CC,15,18.75,共有部分,鋼筋混凝土構造,88年2月11日,二十四層,
RPPQMLKMRHIFFAD97CC,15,4.13,共有部分,鋼筋混凝土構造,88年2月11日,二十四層,
RPOOMLMJIIIFFCD96CC,10,70.81,見其他登記事項,鋼筋混凝土構造,92年6月17日,五層,
RPSOMLMJIIIFFCD37CC,32,118.84,住商用,鋼筋混凝土構造,70年12月29日,五層,
RPRNMLMJIIIFFER78CC,22,42.39,住家用,鋼筋混凝土造,80年5月17日,四層,
RPTNMLMJIIIFFAD17CC,6,148.23,見其他登記事項,見其他登記事項,96年4月20日,一層,
RPSOMLOJIIIFFAD37CC,10,217.98,住家用,見其他登記事項,93年1月19日,四層,
RPWNMLOJIIIFFAD67CC,26,63.34,住商用,見其他登記事項,76年7月1日,三層,
RPWNMLOJIIIFFAD67CC,26,56.72,住商用,見其他登記事項,76年7月1日,三層,
RPQNMLMJIIIFFER68CC,30,80.26,住家用,加強磚造,72年11月16日,二層,
RPROMLMJIIIFFFR98CC,1,40.72,住商用,鋼筋混凝土造,101年7月2日,四層,
RPRNMLRJIIIFFDR56CC,13,109.20,農舍,加強磚造,89年4月15日,一層,
RPTNMLLJIIIFFDR78CC,17,191.54,住商用,鋼筋混凝土造,85年8月21日,十層,
RPWOMLSJIIIFFCD38CC,32,56.18,住商用,鋼筋混凝土構造,70年3月21日,五層,
RPRNMLMKIIIFFAD07CC,17,38.36,住家用,鋼筋混凝土構造,85年4月27日,十二層,
RPVOMLSJIIIFFAD08CC,27,299.80,住商用,鋼筋混凝土構造,75年10月23日,四層,
RPOOMLOJIIIFFCD17CC,3,52.18,住家用,鋼筋混凝土構造,99年5月7日,十四層,
RPWNMLOJIIIFFER86CC,16,79.57,住家用,鋼筋混凝土造,86年8月25日,八層,
RPQOMLLKIIIFFCD17CC,30,94.06,國民住宅,鋼筋混凝土構造,72年4月22日,五層,
RPSOMLRJIIIFFHR17CC,18,222.84,住商用,鋼筋混凝土造,84年11月8日,四層,
RPTNMLOKIIIFFAD47CC,24,64.45,住家用,鋼筋混凝土構造,79年2月9日,五層,
RPPQMLOKIIIFFAD37CC,15,57.61,見其他登記事項,鋼筋混凝土構造,88年2月11日,二十四層,
RPQOMLTJIIIFFCD87CC,43,30.00,住家用,加強磚造,59年12月31日,二層,
RPPOMLTJIIIFFAD57CC,18,41.09,住家用,鋼筋混凝土構造,85年1月6日,七層,
RPWQMLOKIIIFFAD08CC,6,59.80,見其他登記事項,鋼筋混凝土構造,96年12月27日,十九層,
RPWQMLOKIIIFFAD08CC,6,24.39,共有部分,鋼筋混凝土構造,96年12月27日,十九層,
RPXQMLOKIIIFFAD18CC,6,60.50,見其他登記事項,鋼筋混凝土構造,96年12月27日,十九層,
RPXQMLOKIIIFFAD18CC,6,41.40,共有部分,鋼筋混凝土構造,96年12月27日,十九層,
RPRQMLOKIIIFFAD57CC,31,63.64,住家用,鋼筋混凝土構造,71年7月9日,七層,
RPRQMLOKIIIFFAD57CC,31,6.13,共有部分,鋼筋混凝土構造,71年7月9日,七層,
RPWOMLOKIIIFFHR37CC,23,74.35,住家用,鋼筋混凝土造,79年4月24日,二層,
RPVNMLQKIIIFFCD08CC,33,62.63,國民住宅,鋼筋混凝土構造,69年5月22日,七層,
RPVNMLQKIIIFFCD08CC,33,9.84,共有部分,鋼筋混凝土構造,69年5月22日,七層,
RPQNMLPKIIIFFER09CC,2,365.02,住家用,鋼筋混凝土造,101年4月5日,四層,
RPWPMLOKIIIFFAD97CC,33,45.61,住商用,鋼筋混凝土構造,70年2月3日,七層,
RPSNMLQKIIIFFCD77CC,7,78.03,住家用,見其他登記事項,95年11月22日,十三層,
RPTOMLSKIIIFFAD97CC,5,52.99,見其他登記事項,鋼筋混凝土構造,98年1月9日,十四層,
RPXNMLQKIIIFFER27CC,8,179.18,見其他登記事項,鋼筋混凝土造,95年3月24日,四層,
RPRNMLSKIIIFFFR96CC,12,66.22,住家用,鋼筋混凝土造,90年11月28日,三層,
RPUQMLLLIIIFFAD77DC,6,242.84,見其他登記事項,鋼筋混凝土構造,96年6月12日,四層,
RPROMLSKIIIFFAD87DC,28,39.61,住家用,鋼筋混凝土構造,74年12月26日,五層,
RPWNMLOKIIIFFCD97CC,13,133.40,住家用,鋼筋混凝土構造,89年11月28日,二十層,
RPWNMLQKIIIFFCD18CC,39,66.92,住家用,加強磚造,63年6月13日,二層,
RPVNMLOKIIIFFCD97DC,22,83.61,住家用,鋼筋混凝土構造,80年8月29日,十二層,
RPROMLMLIIIFFCD47CC,17,16.25,住家用,鋼筋混凝土構造,85年4月26日,八層,
RPTNMLNLIIIFFAD47CC,15,84.15,見其他登記事項,鋼筋混凝土構造,88年2月11日,二十四層,
RPOOMLLLIIIFFHR09DC,,432.13,見其他登記事項,見其他登記事項,102年8月21日,三層,
RPPQMLNLIIIFFAD37CC,35,39.10,住商用,鋼筋混凝土構造,68年2月12日,四層,
RPXQMLNLIIIFFAD18CC,15,42.68,見其他登記事項,鋼筋混凝土構造,88年2月11日,二十四層,
RPQNMLMLIIIFFAD07CC,24,25.55,住家用,鋼筋混凝土構造,78年8月3日,十層,
RPORMLNLIIIFFAD37CC,24,51.20,住家用,鋼筋混凝土構造,78年8月3日,十層,
RPORMLNLIIIFFAD37CC,24,7.72,共有部分,鋼筋混凝土構造,78年8月3日,十層,
RPORMLNLIIIFFAD37CC,24,1.08,共有部分,鋼筋混凝土構造,78年8月3日,十層,
RPTQMLNLIIIFFAD77CC,39,77.48,住家用,鋼筋混凝土構造,63年8月20日,三層,
RPTQMLNLIIIFFAD77CC,24,2.52,共有部分,鋼筋混凝土構造,79年3月22日,,
RPOOMLMLIIIFFAD96CC,19,408.98,見其他登記事項,見其他登記事項,83年8月4日,一層,
RPOOMLMLIIIFFAD96CC,19,494.40,見其他登記事項,見其他登記事項,83年8月4日,一層,
RPXPMLNLIIIFFAD08CC,30,20.02,住商用,鋼筋混凝土構造,72年6月30日,五層,
RPWPMLNLIIIFFCD18CC,24,99.03,住家用,鋼筋混凝土構造,78年12月8日,五層,
RPWPMLNLIIIFFCD18CC,24,42.76,共有部分,鋼筋混凝土構造,78年12月8日,五層,
RPRNMLLLIIIFFCD27CC,19,37.62,商業用,鋼筋混凝土構造,84年1月14日,七層,
RPOPMLNLIIIFFCD37CC,21,119.91,住家用,鋼筋混凝土構造,81年10月22日,十五層,
RPOPMLNLIIIFFCD37CC,21,5.72,共有部分,鋼筋混凝土構造,81年10月22日,十五層,
RPOPMLNLIIIFFCD37CC,21,19.62,共有部分,鋼筋混凝土構造,81年10月22日,十五層,
RPVNMLMLIIIFFAD57CC,20,82.98,住家用,鋼筋混凝土構造,82年6月3日,八層,
RPVOMLNLIIIFFCD97CC,32,118.86,住家用,鋼筋混凝土構造,70年12月14日,五層,
RPVOMLNLIIIFFCD97CC,32,17.35,共有部分,鋼筋混凝土構造,70年12月14日,五層,
RPXOMLNLIIIFFCD18CC,32,101.19,住家用,鋼筋混凝土構造,70年9月11日,五層,
RPXOMLNLIIIFFCD18CC,32,1.58,共有部分,鋼筋混凝土構造,70年9月10日,五層,
RPXOMLNLIIIFFHR47CC,32,102.03,住商用,鋼筋混凝土造,70年12月2日,五層,
RPTPMLNLIIIFFCD87CC,2,193.00,住家用,鋼筋混凝土構造,101年3月12日,四層,
RPVOMLNLIIIFFHR27CC,31,20.80,國民住宅,鋼筋混凝土造,72年2月24日,五層,
RPWOMLNLIIIFFHR37CC,32,96.96,住家用,加強磚造,70年12月23日,二層,
RPWNMLOLIIIFFHR37CC,13,38.09,住家用,鋼筋混凝土造,90年1月10日,十一層,
RPPPMLNLIIIFFHR76CC,17,84.47,住家用,鋼筋混凝土造,86年1月28日,十九層,
RPWNMLOLIIIFFHR37CC,13,8.74,共有部分,鋼筋混凝土造,90年1月10日,十一層,
RPPPMLNLIIIFFHR76CC,17,18.65,共有部分,鋼筋混凝土造,86年1月28日,十九層,
RPWNMLOLIIIFFHR37CC,13,5.58,共有部分,鋼筋混凝土造,90年1月10日,十一層,
RPPPMLNLIIIFFHR76CC,17,16.00,共有部分,鋼筋混凝土造,86年1月28日,十九層,
RPOOMLOLIIIFFHR66CC,6,125.98,住家用,鋼筋混凝土造,96年9月20日,十四層,
RPOOMLOLIIIFFHR66CC,6,78.18,共有部分,鋼筋混凝土造,96年9月20日,十四層,
RPUNMLOLIIIFFHR17CC,17,57.21,住家用,鋼筋混凝土造,85年4月26日,六層,
RPUNMLOLIIIFFHR17CC,17,5.28,共有部分,鋼筋混凝土造,85年4月26日,六層,
RPUNMLOLIIIFFHR17CC,17,18.75,共有部分,鋼筋混凝土造,85年4月26日,六層,
RPOOMLNLIIIFFBD17CC,5,245.32,住商用,鋼筋混凝土構造,97年5月23日,五層,
RPXPMLOLIIIFFAD18CC,6,16.82,見其他登記事項,見其他登記事項,96年8月24日,十四層,
RPXPMLOLIIIFFAD18CC,6,4.34,見其他登記事項,見其他登記事項,96年8月24日,十四層,
RPXPMLOLIIIFFAD18CC,6,2.88,見其他登記事項,見其他登記事項,96年8月24日,十四層,
RPXPMLOLIIIFFAD18CC,6,5.50,見其他登記事項,見其他登記事項,96年8月24日,十四層,
RPWPMLOLIIIFFAD08CC,7,211.93,見其他登記事項,見其他登記事項,95年7月21日,四層,
RPUOMLOLIIIFFAD77CC,22,118.26,住家用,見其他登記事項,80年7月25日,一層,
RPOOMLNLIIIFFFR98CC,11,218.28,工業用,見其他登記事項,91年10月14日,一層,
RPQOMLOLIIIFFHR86CC,5,78.90,住商用,鋼筋混凝土造,97年9月3日,十四層,
RPQOMLOLIIIFFHR86CC,5,22.66,住商用,鋼筋混凝土造,97年9月3日,十四層,
RPQOMLOLIIIFFHR86CC,5,3.74,住商用,鋼筋混凝土造,97年9月3日,十四層,
RPUNMLNLIIIFFFR86CC,17,233.02,住家用,鋼筋混凝土造,85年4月9日,四層,
RPSNMLRLIIIFFAD77CC,32,248.06,住商用,鋼筋混凝土構造,70年5月25日,四層,
RPQNMLRLIIIFFAD57CC,5,52.12,見其他登記事項,鋼筋混凝土構造,97年12月19日,十四層,
RPTNMLSLIIIFFHR47CC,1,198.64,見其他登記事項,見其他登記事項,101年6月19日,四層,
RPQNMLRLIIIFFHR07CC,26,166.90,住家用,鋼筋混凝土造,77年3月22日,二層,
RPUPMLOLIIIFFAD87CC,7,30.19,見其他登記事項,見其他登記事項,95年7月13日,十一層,
RPSNMLPLIIIFFAD57CC,26,99.16,住家用,鋼筋混凝土構造,77年2月22日,五層,
RPUPMLOLIIIFFAD87CC,7,4.87,共有部分,見其他登記事項,95年7月13日,十一層,
RPUPMLOLIIIFFAD87CC,7,8.05,共有部分,見其他登記事項,95年7月13日,十一層,
RPUPMLOLIIIFFAD87CC,7,.01,共有部分,見其他登記事項,95年7月13日,十一層,
RPOOMLSLIIIFFAD57CC,15,95.22,見其他登記事項,鋼筋混凝土構造,88年2月11日,二十四層,
RPXNMLNLIIIFFFR17CC,19,58.89,住家用,鋼筋混凝土造,84年3月31日,十一層,
RPXNMLNLIIIFFFR17CC,19,15.62,住家用,鋼筋混凝土造,84年3月31日,十一層,
RPXNMLNLIIIFFFR17CC,19,8.10,共有部分,鋼筋混凝土造,84年3月31日,十一層,
RPPPMLTLIIIFFAD87CC,25,42.67,住商用,鋼筋混凝土構造,77年8月25日,三層,
RPVOMLTLIIIFFCD58CC,18,51.85,住家用,鋼筋混凝土構造,85年2月3日,十六層,
RPRNMLKMIIIFFCD27CC,8,243.94,見其他登記事項,鋼筋混凝土構造,94年11月21日,五層,
RPRNMLRLIIIFFCD87CC,9,205.33,住家用,鋼筋混凝土構造,93年5月27日,四層,
RPOPMLTLIIIFFAD77CC,25,26.52,住商用,鋼筋混凝土構造,77年8月25日,三層,
RPQOMLLMIIIFFBD27CC,18,226.55,住商用,鋼筋混凝土構造,84年5月25日,十五層,
RPPNMLSLIIIFFCD77CC,15,24.50,住家用,鋼筋混凝土構造,87年9月19日,十二層,
RPPNMLSLIIIFFCD77CC,15,3.40,住家用,鋼筋混凝土構造,87年9月19日,十二層,
