﻿編號,土地區段位置,土地移轉面積平方公尺,使用分區或編定
The serial number,land sector position,land shifting area square meter,the use zoning or compiles and checks
RPXNMLLJQHIFFIE09CC,保社段,1223.14,都市：工
RPVNMLMJQHIFFCE38CC,愛群段,18.00,都市：商
RPVNMLLJQHIFFBE18CC,意誠段,.00,都市：商
RPTNMLLJQHIFFCE08CC,獅甲段,1.44,都市：住
RPTNMLLJQHIFFCE08CC,獅甲段,4.54,都市：住
RPVNMLMJQHIFFEE58CC,福民段,14.98,都市：住
RPROMLLJQHIFFAE77CC,青海段,13.20,都市：商
RPUPMLMJQHIFFAE28CC,鹽新段,51.51,都市：商
RPWOMLLJQHIFFAE28CC,鹽壽段,2582.00,都市：商
RPXNMLMJQHIFFDE68CC,灣和段,136.71,都市：住
RPSNMLLJQHIFFBE87CC,成功段,14.34,都市：住
RPWOMLMJQHIFFBE48CC,苓洲段,21.24,都市：商
RPQOMLMJQHIFFBE87CC,苓洲段,16.32,都市：商
RPRNMLNJQHIFFCE08CC,獅甲段,.00,都市：住
RPQNMLOJQHIFFEE38DC,和平段一小段,21.00,都市：住
RPQOMLLJQHIFFAE67CC,龍華段一小段,2995.00,都市：住
RPWNMLNJQHIFFDE68CC,陽明段四小段,.00,非都市： ; 非都市編定：
RPPNMLNJQHIFFGE28CC,五甲段,67.00,非都市： ; 非都市編定：
RPQNMLOJQHIFFAE87CC,龍中段,.00,非都市： ; 非都市編定：
RPRNMLPJQHIFFAE08CC,龍華段二小段,57.00,都市：住
RPPNMLOJQHIFFBE87CC,意誠段,.00,都市：商
RPRNMLOJQHIFFAE97CC,文東段,.00,都市：住
RPPPMLPJQHIFFCE28CC,盛興段,77.00,都市：商
RPUNMLPJQHIFFEE78CC,福民段,12.53,都市：住
RPUQMLPJQHIFFEE09CC,和平段三小段,27.37,都市：住
RPUPMLPJQHIFFDE88CC,灣內段,.00,都市：住
RPWOMLQJQHIFFAE88DC,龍中段,24.87,都市：住
RPOSMLQJQHIFFEE78CC,興隆段,8.20,都市：住
RPSNMLNJQHIFFBE08CC,意誠段,7.80,都市：其他
RPQOMLQJQHIFFEE68DC,高昌段,24.13,都市：住
RPXOMLQJQHIFFCE09CC,草衙段三小段,1374.00,都市：住
RPXPMLPJQHIFFDE56CC,中都段二小段,.00,都市：住
RPOOMLQJQHIFFAE97CC,前金段,39.60,都市：商
RPTOMLQJQHIFFCE68CC,愛群段,1.89,都市：商
RPXNMLQJQHIFFAE78CC,龍華段八小段,5.54,都市：住
RPSNMLQJQHIFFDE58CC,大港段,26.26,都市：住
RPXOMLQJQHIFFAE88CC,龍中段,1171.80,都市：商
RPTNMLRJQHIFFIE66CC,竹園段,282.00,都市：工
RPROMLRJQHIFFAE38CC,東金段,5.76,都市：商
RPPOMLRJQHIFFBE28CC,意誠段,5.73,都市：商
RPUNMLQJQHIFFBE58CC,林德官段一小段,33.06,非都市： ; 非都市編定：
RPWOMLQJQHIFFBE88CC,新興段一小段,3.75,都市：商
RPRNMLSJQHIFFFE88CC,下竹圍段,416.68,都市：住
RPSPMLSJQHIFFGE66CC,大貝湖段,100.56,都市：住
RPUNMLSJQHIFFCE88CC,佛公段,11.34,非都市： ; 非都市編定：
RPWOMLSJQHIFFAE98CC,博孝段,6.88,都市：住
RPRPMLRJQHIFFGE09CC,七老爺段一甲小段,148.00,都市：住
RPRPMLRJQHIFFGE09CC,七老爺段一甲小段,10.00,都市：其他
RPQOMLSJQHIFFFE88CC,岡山段,36.63,都市：其他
RPOOMLSJQHIFFFE68CC,下竹圍段,15.42,都市：其他
RPTNMLQJQHIFFBE48CC,大統段一小段,13.68,都市：商
RPTNMLTJQHIFFDE98CC,灣和段,.00,都市：商
RPUNMLTJQHIFFDE09CC,灣和段,.00,都市：商
RPWPMLTJQHIFFEE96CC,新福段二小段,11.16,都市：住
RPROMLTJQHIFFEE98CC,新博段,306.15,都市：住
RPQPMLTJQHIFFGE56CC,文英段,115.00,都市：住
RPUNMLTJQHIFFBE88CC,大統段二小段,.00,都市：商
RPUNMLTJQHIFFBE88CC,大統段二小段,.00,都市：商
RPTNMLSJQHIFFDE88CC,三塊厝段一小段,2.99,都市：商
RPWOMLTJQHIFFEE96DC,新庄段十三小段,7.83,都市：商
RPPQMLTJQHIFFEE98CC,福山段,25.09,都市：住
RPRPMLTJQHIFFGE66CC,道爺?段,.00,非都市： ; 非都市編定：
RPSPMLTJQHIFFGE76CC,明頂段,68.00,都市：住
RPRNMLKKQHIFFEE08CC,翠屏段一小段,18.78,都市：住
RPOOMLMKQHIFFBE77CC,意誠段,.00,都市：商
RPQNMLKKQHIFFAE57CC,龍華段八小段,9.69,都市：住
RPXOMLTJQHIFFEE07DC,新庄段二小段,36.10,都市：住
RPPOMLTJQHIFFGE98CC,大貝湖段,144.49,都市：住
RPSNMLKKQHIFFAE77CC,龍中段,9.53,都市：商
RPVNMLMKQHIFFAE28CC,北金段,1753.00,都市：住
RPSNMLMKQHIFFGE58CC,新甲段,58.00,都市：住
RPUNMLMKQHIFFCE38CC,憲德段一小段,5014.00,都市：住
RPRPMLNKQHIFFDE48CC,大港段七小段,26.44,都市：住
RPWPMLNKQHIFFEE09CC,新庄段七小段,.00,都市：住
RPSOMLNKQHIFFBE28CC,林德官段,.00,都市：住
RPPQMLNKQHIFFEE48CC,新庄段十二小段,.00,都市：商
RPXPMLNKQHIFFDE09CC,鼎泰段一小段,98.00,都市：住
RPXPMLNKQHIFFDE09CC,鼎泰段一小段,32.00,都市：住
RPVNMLNKQHIFFEE78CC,福山段,12.34,都市：住
RPWQMLOKQHIFFAE88CC,龍華段八小段,7.96,都市：商
RPWOMLOKQHIFFGE66CC,新甲段,75.00,都市：住
RPUNMLOKQHIFFLE86CC,山子頂段,70.00,都市：住
RPTOMLPKQHIFFEE98DC,新民段,7.49,都市：商
RPSOMLOKQHIFFDE58CC,三塊厝段一小段,3.24,都市：商
RPWPMLOKQHIFFDE09CC,灣子內段寶珠溝小段,2167.00,都市：住
RPTOMLOKQHIFFBE48CC,五塊厝段,42.80,都市：住
RPTOMLOKQHIFFDE68CC,大港段,516.00,都市：商
RPTOMLOKQHIFFDE68CC,大港段,126.00,都市：住
RPUOMLOKQHIFFBE58CC,過田子段,71.00,都市：商
RPXNMLPKQHIFFBE88CC,福裕段,33.60,都市：住
RPVNMLPKQHIFFBE68CC,意誠段,.00,都市：商
RPVNMLPKQHIFFDE88CC,灣和段,107.37,都市：住
RPXOMLQKQHIFFEE86DC,楠梓段五小段,14.07,都市：住
RPSNMLPKQHIFFBE38CC,意誠段,.00,都市：商
RPQNMLPKQHIFFBE18CC,福東段,74.00,都市：商
RPTNMLPKQHIFFBE48CC,大統段二小段,71.30,都市：商
RPVOMLQKQHIFFCE98CC,憲德段二小段,23.14,都市：住
RPQNMLSKQHIFFBE48CC,意誠段,.00,都市：商
RPTOMLQKQHIFFFE09CC,橋北段,55.00,非都市： ; 非都市編定：
RPPOMLQKQHIFFBE38DC,大統段一小段,73.00,都市：商
RPOOMLQKQHIFFBE28DC,林德官段一小段,15.84,都市：住
RPSNMLRKQHIFFBE58CC,福裕段,12.34,都市：住
RPWOMLQKQHIFFBE98CC,大統段一小段,.00,都市：商
RPWOMLQKQHIFFBE98CC,大統段一小段,.00,都市：商
RPUOMLQKQHIFFCE88CC,憲德段二小段,13.98,都市：商
RPXNMLTKQHIFFBE66CC,新興段二小段,13.48,都市：商
RPRPMLQKQHIFFEE88CC,福山段,2.49,都市：商
RPRPMLQKQHIFFEE88CC,福山段,6.03,都市：商
RPRPMLQKQHIFFEE88CC,福山段,4.28,都市：商
RPOOMLTKQHIFFBE48CC,衛武段,92.00,都市：商
RPVNMLTKQHIFFBE09CC,過田子段,15.00,都市：商
RPVNMLTKQHIFFBE09CC,過田子段,14.80,都市：商
RPROMLKLQHIFFEE28CC,新庄段二小段,.00,都市：住
RPTOMLKLQHIFFEE48CC,加昌段一小段,81.00,都市：住
RPPOMLTKQHIFFDE78CC,澄東段,19.24,都市：住
RPUNMLTKQHIFFDE56CC,灣復段,46.46,都市：商
RPUNMLTKQHIFFDE56CC,灣復段,.03,都市：商
RPPOMLTKQHIFFCE68CC,瑞南段一小段,13.21,都市：住
RPOOMLKLQHIFFBE67CC,林德官段二小段,.00,都市：住
RPSOMLLLQHIFFAE08CC,龍中段,111.14,都市：住
RPPQMLLLQHIFFDE28CC,獅頭段,20.59,都市：住
RPRQMLMLQHIFFAE28CC,青海段,2019.46,都市：住
RPXNMLLLQHIFFBE58CC,苓洲段,.00,非都市： ; 非都市編定：
RPTPMLNLQHIFFDE78CC,鼎泰段,20.12,都市：住
RPPOMLLLQHIFFCE08DC,光華段一小段,50.52,都市：住
RPWPMLMLQHIFFDE09DC,灣華段,337.10,都市：住
RPTOMLNLQHIFFAE38CC,東金段,152.00,都市：商
RPRNMLLLQHIFFBE08DC,林德官段,41.28,都市：住
RPUNMLNLQHIFFAE38CC,博孝段,1029.00,都市：商
RPOOMLNLQHIFFAE87CC,博孝段,.00,都市：住
RPXPMLNLQHIFFDE56CC,寶國段,2.13,都市：商
RPQOMLMLQHIFFFE48CC,岡山段,17.74,非都市： ; 非都市編定：
RPWNMLLLQHIFFBE58DC,成功段,11.03,都市：商
RPQNMLNLQHIFFBE08CC,過田子段,55.62,都市：商
RPPPMLNLQHIFFBE18CC,新興段四小段,300.00,都市：住
RPPPMLNLQHIFFGE68CC,鳳翔段,220.58,都市：住
RPQNMLOLQHIFFBE18CC,意誠段,.00,都市：商
RPRNMLOLQHIFFBE28CC,意誠段,.00,都市：商
RPPNMLOLQHIFFGE58CC,鳳山段大老衙小段,14.20,都市：商
RPPNMLOLQHIFFEE38CC,和平段四小段,26.82,都市：住
RPTNMLOLQHIFFAE38CC,龍華段八小段,6.21,都市：商
RPTNMLQLQHIFFBE68CC,林德官段二小段,140.00,都市：住
RPPNMLPLQHIFFAE08CC,龍中段,21.10,都市：住
RPTNMLOLQHIFFDE68CC,獅頭段,54.00,都市：商
RPSNMLRLQHIFFFE56DC,大舍甲段,53.00,非都市：鄉村區 ; 非都市編定：乙種建築用地
RPSNMLRLQHIFFFE56DC,大舍甲段,29.64,非都市：鄉村區 ; 非都市編定：乙種建築用地
RPSNMLRLQHIFFFE56DC,大舍甲段,2.80,非都市：鄉村區 ; 非都市編定：乙種建築用地
RPPNMLRLQHIFFGE88CC,新甲段,72.00,都市：其他
RPVNMLQLQHIFFCE98CC,草衙段二小段,105.00,都市：住
RPTNMLRLQHIFFAE68CC,前金段,.00,非都市： ; 非都市編定：
RPSNMLSLQHIFFFE56CC,大公段,76.00,非都市： ; 非都市編定：
RPROMLSLQHIFFBE78CC,新興段四小段,.00,都市：商
RPROMLSLQHIFFBE78CC,新興段四小段,.00,都市：商
RPSOMLTLQHIFFCE09CC,憲德段一小段,5.21,都市：住
RPTNMLTLQHIFFBE98CC,苓雅寮段,28.34,都市：商
RPRNMLTLQHIFFBE78CC,林德官段,3.70,都市：商
RPTPMLNLQHIFFGE09CC,文山段,120.00,都市：其他
RPPPMLSLQHIFFDE88CC,三塊厝段,.00,非都市： ; 非都市編定：
RPPPMLSLQHIFFDE88CC,三塊厝段,.00,非都市： ; 非都市編定：
RPPPMLSLQHIFFDE88CC,三塊厝段,.00,非都市： ; 非都市編定：
RPVNMLTLQHIFFDE76CC,大豐段一小段,22.89,都市：住
RPQNMLTLQHIFFDE88CC,義民段,82.06,都市：住
RPROMLKMQHIFFDE28CC,鼎泰段,130.58,都市：住
RPOOMLKMQHIFFAE67CC,青海段,.00,都市：住
RPSNMLKMQHIFFCE18CC,鎮昌段,28827.00,都市：住
RPOOMLKMQHIFFEE08CC,新庄段十三小段,.00,非都市： ; 非都市編定：
RPOOMLKMQHIFFEE08CC,新庄段十三小段,.00,非都市： ; 非都市編定：
RPTNMLKMQHIFFBE18CC,成功段,.00,都市：商
RPPNMLKMQHIFFIE58DC,大安段,116.00,都市：住
RPOOMLTLQHIFFDE78CC,澄東段,.00,都市：住
RPOOMLTLQHIFFDE78CC,澄東段,.00,都市：住
RPSNMLTLQHIFFDE09CC,大港段,23.30,都市：住
RPQNMLKMQHIFFDE08CC,澄義段,112.05,都市：住
RPPOMLKMQHIFFBE87CC,成功段,.00,都市：商
RPOPMLKMQHIFFBE87CC,意誠段,12.67,都市：商
RPXNMLKMQHIFFJE76CC,保安段,578.81,非都市： ; 非都市編定：
RPPNMLLJRHIFFDE87CC,大港段四小段,24.76,都市：商
RPRNMLLMQHIFFCE18CC,獅甲段三小段,85.10,都市：商
RPPOMLKMQHIFFEE18CC,新夏段,187.14,都市：住
RPTOMLKMQHIFFEE58CC,新庄段十二小段,79.32,都市：住
RPVOMLMJRHIFFDE68CC,鼎泰段,139.96,都市：住
RPROMLMJRHIFFBE08CC,林德官段一小段,30.60,都市：住
RPSNMLMJRHIFFAE97CC,前峰段,30.54,都市：住
RPVNMLMJRHIFFAE28CC,文東段,67.00,都市：商
RPOOMLMJRHIFFAE67CC,鹽壽段,.00,非都市： ; 非都市編定：
RPXOMLMJRHIFFBE68CC,五塊厝段,65.00,都市：商
RPOOMLMJRHIFFDE97CC,獅頭段,30.00,都市：商
RPTPMLMJRHIFFBE38CC,林德官段一小段,63.00,都市：住
RPUOMLMJRHIFFDE58CC,三塊厝段,34.33,都市：其他
RPUPMLMJRHIFFBE48CC,意誠段,5.65,非都市： ; 非都市編定：
RPWOMLMJRHIFFCE68CC,愛群段,78.00,都市：商
RPSNMLMJRHIFFCE18CC,仁愛段,262.00,都市：工
RPPPMLMJRHIFFCE08CC,獅甲段二小段,102.50,都市：其他
RPOPMLMJRHIFFCE97CC,獅甲段,5.51,都市：商
RPOPMLMJRHIFFCE97CC,獅甲段,1.75,都市：商
RPRPMLMJRHIFFCE28CC,愛群段,.00,非都市： ; 非都市編定：
RPOQMLMJRHIFFBE97CC,林德官段,5.06,都市：商
RPPOMLMJRHIFFGE38CC,華鳳段,104.66,都市：住
RPOPMLMJRHIFFEE18CC,新庄段八小段,188.00,都市：住
RPOPMLMJRHIFFEE18CC,新庄段八小段,188.00,都市：住
RPVPMLMJRHIFFCE68CC,愛群段,135.00,都市：商
RPPPMLMJRHIFFBE97CC,林德官段四小段,73.00,都市：住
RPSPMLMJRHIFFBE28CC,林德官段,26.49,非都市： ; 非都市編定：
RPQPMLMJRHIFFBE08CC,林德官段二小段,46.94,都市：住
RPUNMLMJRHIFFFE68CC,大仁段,93.00,都市：住
RPVNMLMJRHIFFFE78CC,大仁段,93.00,都市：住
RPXOMLMJRHIFFCE78CC,愛群段,69.00,都市：商
RPQNMLMJRHIFFIE58CC,八德段,84.00,都市：住
RPSPMLMJRHIFFGE78CC,大貝湖段,161.80,都市：住
RPUPMLMJRHIFFGE98CC,華鳳段,15.52,都市：住
RPROMLNJRHIFFIE88CC,灣勢段,482.12,都市：農
RPWNMLNJRHIFFAE48CC,龍華段一小段,1392.00,都市：住
RPSPMLOJRHIFFAE38CC,青海段,.00,非都市： ; 非都市編定：
RPQPMLOJRHIFFDE48CC,覆鼎金段覆鼎金小段,59.00,都市：住
RPTOMLOJRHIFFLE86CC,大寮段,440.00,都市：工
RPWNMLOJRHIFFDE88CC,灣立段,138.80,都市：商
RPPOMLOJRHIFFBE08CC,福河段,249.20,都市：商
RPVOMLOJRHIFFAE58CC,龍中段,6.51,都市：商
RPQPMLOJRHIFFIE98CC,暘善段,595.00,都市：農
RPTOMLOJRHIFFDE68CC,灣和段,160.82,都市：商
RPSOMLPJRHIFFIE56CC,新赤山段,569.91,都市：住
RPOPMLPJRHIFFEE58DC,新庄段七小段,23.37,都市：其他
RPOPMLOJRHIFFBE08CC,過田子段,.00,非都市： ; 非都市編定：
RPWOMLPJRHIFFDE09CC,大港段二小段,78.00,都市：住
RPVOMLPJRHIFFDE09DC,灣立段,138.80,都市：商
RPQOMLOJRHIFFEE48CC,福山段,19.50,都市：其他
RPQOMLPJRHIFFEE58CC,新民段,7.26,都市：住
RPOPMLPJRHIFFDE38CC,大港段二小段,78.00,都市：住
RPUOMLOJRHIFFBE58CC,意誠段,10.72,都市：住
RPSNMLRJRHIFFGE09CC,赤山段,7.87,都市：商
RPUNMLQJRHIFFBE68CC,意誠段,.00,都市：商
RPVNMLQJRHIFFBE78CC,意誠段,14.65,都市：商
RPXNMLQJRHIFFBE98CC,意誠段,.00,都市：商
RPTNMLQJRHIFFBE58CC,新興段三小段,83.00,都市：商
RPOOMLQJRHIFFBE18CC,五塊厝段,34.80,都市：住
RPPNMLOJRHIFFCE08CC,愛群段,19.65,都市：商
RPUNMLQJRHIFFCE78CC,盛興段,1105.00,都市：住
RPVOMLTJRHIFFCE66CC,憲德段一小段,.00,非都市： ; 非都市編定：
RPWNMLQJRHIFFBE88CC,意誠段,.00,都市：商
RPWNMLTJRHIFFDE76CC,獅頭段,7.85,都市：住
RPOPMLTJRHIFFEE88CC,福山段,2.58,都市：商
RPOPMLTJRHIFFEE88CC,福山段,6.25,都市：商
RPOPMLTJRHIFFEE88CC,福山段,4.44,都市：商
RPQPMLTJRHIFFEE09CC,福山段,5.57,都市：商
RPVPMLTJRHIFFEE96CC,福民段,14.02,都市：住
RPUPMLKKRHIFFAE28CC,內惟段一小段,1.97,都市：其他
RPTRMLKKRHIFFAE38CC,龍中段,6.91,都市：住
RPURMLKKRHIFFAE48CC,龍中段,18.31,都市：住
RPRQMLKKRHIFFAE08CC,龍水段一小段,22.56,都市：住
RPQOMLKKRHIFFDE08CC,鼎泰段,15.72,都市：住
RPWOMLKKRHIFFDE68CC,大港段七小段,2.15,都市：住
RPXNMLKKRHIFFDE68CC,獅頭段,614.00,都市：商
RPXOMLKKRHIFFBE58CC,意誠段,.00,都市：商
RPRNMLKKRHIFFCE97CC,愛群段,.00,非都市： ; 非都市編定：
RPPPMLKKRHIFFBE87CC,意誠段,.00,都市：商
RPTPMLTJRHIFFGE96CC,文山段,11.72,都市：住
RPUOMLLKRHIFFDE58CC,建德段,236.00,都市：商
RPQOMLKKRHIFFGE38CC,赤山段,11.41,都市：住
RPSNMLMKRHIFFAE08CC,北金段,34.58,都市：商
RPROMLKKRHIFFIE68CC,永仁段,80.71,都市：住
RPRNMLTJRHIFFBE68CC,苓中段,89.00,都市：商
RPQPMLKKRHIFFGE48CC,新庄子段,120.00,都市：住
RPVNMLTJRHIFFAE98CC,龍華段三小段,1967.00,都市：工
RPORMLLKRHIFFAE97CC,龍華段四小段,14.32,都市：住
RPPOMLKKRHIFFGE28CC,鳳甲段,22.47,非都市： ; 非都市編定：
RPWQMLLKRHIFFAE68CC,文東段,2.00,都市：商
RPWQMLLKRHIFFAE68CC,文東段,102.00,都市：商
RPROMLMKRHIFFBE18CC,意誠段,.00,非都市： ; 非都市編定：
RPOOMLMKRHIFFDE08CC,鼎泰段,16.97,都市：住
RPQPMLMKRHIFFDE38CC,覆鼎金段覆鼎金小段,28.45,都市：住
RPOOMLNKRHIFFBE97CC,意誠段,.00,都市：商
RPSNMLMKRHIFFBE28DC,新興段四小段,8.07,都市：商
RPTNMLNKRHIFFBE38CC,意誠段,.00,都市：商
RPUNMLNKRHIFFBE48CC,意誠段,14.65,都市：商
RPPOMLNKRHIFFCE18CC,獅甲段二小段,16.62,都市：住
RPSOMLNKRHIFFBE38CC,新興段一小段,.00,都市：商
RPTOMLNKRHIFFBE48CC,新興段四小段,97.00,都市：商
RPVNMLNKRHIFFDE78CC,建民段,15.94,都市：住
RPXNMLNKRHIFFBE78CC,意誠段,.00,都市：商
RPPOMLNKRHIFFDE28CC,大港段六小段,75.00,都市：商
RPVNMLOKRHIFFAE58CC,龍水段一小段,38455.00,都市：商
RPTOMLOKRHIFFGE09CC,文山段,13.50,都市：住
RPPNMLQKRHIFFBE28CC,大統段二小段,18.20,都市：商
RPPNMLQKRHIFFBE28CC,大統段二小段,3.60,都市：商
RPOOMLOKRHIFFBE08CC,苓東段,.00,都市：住
RPUOMLOKRHIFFCE78CC,愛群段,52.00,都市：商
RPSNMLPKRHIFFBE48CC,意誠段,.00,都市：商
RPQOMLOKRHIFFBE28CC,意誠段,.00,都市：商
RPWNMLOKRHIFFBE78CC,過田子段,.00,非都市： ; 非都市編定：
RPUNMLNKRHIFFAE38CC,博孝段,3.35,都市：住
RPPNMLPKRHIFFBE18CC,意誠段,.00,都市：商
RPXNMLQKRHIFFBE09CC,苓雅寮段,3.81,都市：商
RPSOMLQKRHIFFBE68CC,新興段一小段,4.10,都市：商
RPQNMLQKRHIFFAE28CC,前金段,48.44,都市：商
RPVNMLQKRHIFFBE88CC,新興段三小段,4.33,都市：商
RPWNMLQKRHIFFAE88CC,大東段,22.25,都市：商
RPPOMLQKRHIFFAE28CC,北金段,42.00,都市：住
RPROMLQKRHIFFGE09CC,道爺?段,26.90,都市：住
RPOPMLQKRHIFFDE58CC,鼎泰段一小段,33.81,都市：住
RPOPMLQKRHIFFDE58CC,鼎泰段一小段,101.43,都市：住
RPPOMLRKRHIFFGE98CC,新庄子段,113.00,都市：住
RPROMLQKRHIFFDE78CC,大裕段一小段,73.00,都市：住
RPQOMLQKRHIFFEE78CC,新民段,11.47,都市：住
RPOOMLQKRHIFFBE28CC,林德官段二小段,29.84,都市：住
RPXNMLRKRHIFFEE96DC,新福段九小段,17.18,都市：商
RPSPMLQKRHIFFEE09CC,新庄段十三小段,114.00,都市：商
RPSPMLQKRHIFFDE98CC,大港段三小段,183.00,都市：商
RPWOMLRKRHIFFBE56CC,福裕段,80.00,都市：住
RPQPMLRKRHIFFBE68CC,新興段二小段,108.00,都市：商
RPTNMLRKRHIFFJE96CC,福安段,1680.58,都市：工
RPROMLQKRHIFFEE88CC,新福段二小段,11.15,都市：住
RPTOMLRKRHIFFBE88CC,大統段一小段,.00,都市：商
RPTOMLRKRHIFFBE88CC,大統段一小段,.00,都市：商
RPUNMLSKRHIFFDE56CC,鼎泰段,9.56,都市：住
RPRPMLRKRHIFFBE78CC,苓雅寮段,13.74,都市：商
RPUOMLSKRHIFFDE66CC,大港段,72.00,都市：住
RPUNMLSKRHIFFBE98CC,意誠段,.00,都市：商
RPWPMLSKRHIFFDE96CC,獅頭段,34.40,都市：住
RPPPMLSKRHIFFBE68CC,意誠段,11.85,都市：商
RPUPMLSKRHIFFDE76CC,獅頭段一小段,81.00,都市：商
RPQOMLSKRHIFFAE58CC,龍中段,9.33,都市：商
RPXNMLSKRHIFFAE56CC,龍華段七小段,304.00,都市：住
RPQPMLSKRHIFFDE98CC,灣立段,30.33,都市：住
RPXOMLSKRHIFFDE96CC,覆鼎金段覆鼎金小段,133.00,都市：商
RPQNMLTKRHIFFDE88CC,大港段二小段,78.00,都市：住
RPSNMLKLRHIFFBE08CC,意誠段,.00,都市：商
RPUNMLLLRHIFFGE88CC,灣頭段,85.51,都市：住
RPPOMLSKRHIFFAE48CC,龍華段二小段,32.01,都市：住
RPVOMLSKRHIFFAE09CC,龍中段,.00,都市：商
RPVNMLLLRHIFFGE98CC,灣頭段,85.51,都市：住
RPQNMLSKRHIFFGE09CC,竹子腳段,97.00,都市：住
RPQNMLSKRHIFFGE09CC,竹子腳段,115.00,都市：住
RPQNMLSKRHIFFFE09DC,茄苳坑段,.07,非都市：特定農業區 ; 非都市編定：甲種建築用地
RPQNMLSKRHIFFFE09DC,頂?田段,3.29,非都市：一般農業區 ; 非都市編定：甲種建築用地
RPQNMLSKRHIFFFE09DC,茄苳坑段,5.52,非都市：特定農業區 ; 非都市編定：甲種建築用地
RPWOMLSKRHIFFGE17CC,鳳西段,9.52,都市：住
RPXNMLNLRHIFFBE88CC,過田子段,.00,非都市： ; 非都市編定：
RPSNMLNLRHIFFDE58CC,三塊厝段一小段,59.00,都市：商
RPTNMLNLRHIFFDE68CC,建豐段,18.33,都市：商
RPSPMLNLRHIFFBE58CC,成功段,58.21,都市：商
RPQPMLNLRHIFFEE68CC,新庄段三小段,.00,都市：商
RPUOMLOLRHIFFBE78CC,成功段,.00,非都市： ; 非都市編定：
RPXNMLNLRHIFFFE66CC,下竹圍段,407.93,都市：住
RPOOMLOLRHIFFBE18CC,新興段一小段,.00,都市：商
RPVOMLOLRHIFFBE88CC,過田子段,.00,都市：商
RPVOMLNLRHIFFAE68CC,前金段,320.00,都市：商
RPVNMLOLRHIFFBE78CC,林德官段,4.56,都市：商
RPSPMLNLRHIFFAE48CC,青海段,14.27,都市：住
RPXOMLNLRHIFFAE88CC,龍華段一小段,72.00,都市：住
RPPOMLOLRHIFFGE78CC,五甲段,93.00,都市：住
RPPOMLOLRHIFFGE78CC,五甲段,51.00,都市：住
RPUOMLOLRHIFFCE88CC,愛群段,.00,都市：商
RPOOMLOLRHIFFCE38DC,店子後段,208.00,都市：商
RPSOMLPLRHIFFGE56CC,新甲段,70.00,都市：住
RPPNMLPLRHIFFIE98CC,慈惠段,.00,非都市： ; 非都市編定：
RPROMLPLRHIFFGE09CC,新甲段,104.00,都市：住
RPWNMLPLRHIFFCE09CC,獅甲段二小段,8.50,都市：住
RPTOMLPLRHIFFBE78CC,過田子段,.00,非都市： ; 非都市編定：
RPQOMLPLRHIFFBE48CC,意誠段,.00,都市：商
RPOOMLPLRHIFFBE28CC,意誠段,.00,都市：商
RPPOMLPLRHIFFBE38CC,意誠段,.00,都市：商
RPPQMLPLRHIFFEE88CC,新庄段五小段,104.00,非都市： ; 非都市編定：
RPRNMLPLRHIFFHE09CC,大德段,47.91,都市：住
RPPPMLOLRHIFFEE68CC,新光段,71.69,都市：商
RPVPMLPLRHIFFEE76CC,新民段,7.63,都市：住
RPTPMLOLRHIFFEE09CC,新庄段六小段,106.00,都市：商
RPTOMLPLRHIFFCE88CC,獅甲段,.62,都市：住
RPTOMLPLRHIFFCE88CC,獅甲段,1.94,都市：住
RPOOMLQLRHIFFAE28CC,青海段,166.41,都市：住
RPPOMLPLRHIFFDE58CC,澄清段二小段,55.54,都市：住
RPWNMLQLRHIFFGE96CC,園尾段,124.64,都市：住
RPXNMLPLRHIFFAE98CC,龍華段八小段,7.55,都市：商
RPXNMLRLRHIFFLE67CC,昭明段,60.01,都市：住
RPTOMLQLRHIFFGE76CC,大貝湖段,419.83,都市：住
RPSOMLQLRHIFFBE78CC,意誠段,.00,都市：商
RPXPMLRLRHIFFEE17CC,新福段二小段,.00,都市：商
RPOPMLQLRHIFFBE48CC,林德官段,719.17,都市：商
RPWNMLRLRHIFFAE56DC,龍中段,16.87,都市：商
RPQNMLSLRHIFFAE58CC,龍華段四小段,40.83,都市：商
RPUNMLRLRHIFFBE98CC,五塊厝段,66.00,都市：商
RPSNMLRLRHIFFBE78CC,意誠段,.00,都市：商
RPOOMLRLRHIFFBE48CC,林德官段,3.35,都市：商
RPTNMLRLRHIFFBE88CC,林興段,60.00,都市：住
RPVNMLRLRHIFFBE09CC,苓洲段,4.32,都市：商
RPTNMLRLRHIFFDE56DC,陽明段四小段,68.00,都市：商
RPVPMLRLRHIFFDE86CC,覆鼎金段覆鼎金小段,80.00,都市：住
RPPNMLSLRHIFFBE58CC,意誠段,.00,都市：商
RPVNMLSLRHIFFEE86CC,興隆段,16.43,都市：住
RPPNMLSLRHIFFGE09CC,五甲段,90.00,都市：住
RPRNMLKMRHIFFDE28CC,覆鼎金段覆鼎金一小段,115.83,都市：其他
RPUNMLKMRHIFFDE58CC,灣子內段寶珠溝小段,24.38,都市：住
RPWOMLKMRHIFFCE78CC,愛群段,.00,非都市： ; 非都市編定：
RPVNMLTLRHIFFAE56CC,北金段,94.68,都市：住
RPTNMLTLRHIFFCE56CC,新生段,109.96,都市：住
RPOPMLKMRHIFFBE97CC,林聖段,38.50,都市：住
RPUOMLLJIIIFFIE18CC,綠園段,79.34,非都市：特定專用區 ; 非都市編定：特定目的事業用地
RPTNMLTLRHIFFBE09CC,意誠段,129.59,都市：住
RPRNMLKMRHIFFLE09CC,赤崁段潮州寮小段,462.81,都市：農
RPXOMLLJIIIFFEE08CC,清豐段,172.00,都市：住
RPPPMLLJIIIFFEE37CC,新庄段八小段,99.00,都市：住
RPUNMLKMRHIFFBE38CC,林聖段,15.22,都市：住
RPQRMLLJIIIFFEE67CC,新庄段十二小段,11.35,都市：住
RPXPMLLJIIIFFLE98DC,磚子?段,2178.00,都市：工
RPXPMLLJIIIFFLE98DC,磚子?段,2720.00,都市：工
RPUPMLLJIIIFFLE58CC,義堂段,275.58,都市：工
RPVPMLLJIIIFFLE68CC,山子頂段,557.00,都市：工
RPXQMLLJIIIFFAE87CC,龍中段,17.49,都市：住
RPQRMLLJIIIFFAE27CC,青海段,9.18,都市：住
RPQRMLLJIIIFFAE27CC,龍水段,2.53,都市：住
RPXNMLLJIIIFFFE08CC,大公段,380.00,都市：商
RPUOMLLJIIIFFAE37CC,內惟段三小段,68.00,都市：住
RPUNMLMJIIIFFDE67CC,陽明段四小段,251.00,都市：住
RPTNMLLJIIIFFDE47CC,河濱段,13.11,都市：住
RPPNMLLJIIIFFDE07CC,獅頭段,12.76,都市：商
RPURMLLJIIIFFAE67CC,龍中段,12.25,都市：商
RPQPMLLJIIIFFBE17CC,過田子段,99.00,都市：住
RPRPMLLJIIIFFBE27CC,大統段一小段,33.00,都市：商
RPXNMLMJIIIFFBE77CC,新興段二小段,91.00,都市：商
RPQOMLMJIIIFFGE67CC,五甲段,78.00,都市：住
RPPOMLMJIIIFFBE07CC,意誠段,.00,都市：商
RPVPMLNJIIIFFEE18CC,新庄段十二小段,.00,都市：商
RPUOMLNJIIIFFEE97CC,新福段二小段,102.21,都市：住
RPOOMLMJIIIFFBE96CC,意誠段,.00,都市：商
RPRNMLNJIIIFFCE37CC,瑞崗段四小段,39.00,都市：住
RPOOMLNJIIIFFBE07CC,過田子段,59.00,都市：商
RPVNMLNJIIIFFAE57CC,文東段,79.00,都市：商
RPROMLNJIIIFFBE37CC,意誠段,.00,都市：商
RPXOMLNJIIIFFDE18CC,大順段,16.51,都市：商
RPQOMLOJIIIFFAE27CC,龍中段,21.68,都市：住
RPQPMLNJIIIFFDE57CC,澄東段,231.40,都市：住
RPROMLMJIIIFFBE27CC,林德官段,3.64,都市：商
RPTNMLNJIIIFFFE87CC,大公段,380.00,都市：商
RPQQMLOJIIIFFEE87CC,藍田中段,33.60,都市：住
RPOPMLOJIIIFFEE57CC,新庄段六小段,8.93,都市：住
RPQNMLPJIIIFFEE67CC,新庄段七小段,76.00,都市：住
RPRNMLPJIIIFFIE18CC,金鼎段,76.78,都市：住
RPRNMLRJIIIFFFE08CC,程香段,338.00,都市：農
RPRNMLRJIIIFFFE08CC,程香段,224.00,都市：農
RPPPMLNJIIIFFDE47CC,三塊厝段,317.00,都市：住
RPOOMLRJIIIFFBE47CC,意誠段,1662.00,都市：其他
RPXNMLRJIIIFFBE28CC,苓洲段,990.00,都市：住
RPPOMLOJIIIFFBE27CC,大統段一小段,2926.00,都市：住
RPRNMLRJIIIFFCE77CC,獅甲段二小段,55.63,都市：其他
RPPOMLRJIIIFFCE67CC,店鎮段一小段,45.00,都市：商
RPUNMLOJIIIFFBE67CC,意誠段,.00,都市：商
RPXNMLRJIIIFFDE48CC,陽明段四小段,.00,都市：住
RPWNMLOJIIIFFBE87CC,意誠段,.00,都市：商
RPTNMLRJIIIFFAE77CC,青海段,7.85,都市：商
RPQNMLRJIIIFFDE77CC,灣華段,112.42,都市：商
RPVNMLRJIIIFFAE97CC,大勇段,92.00,都市：商
RPVNMLRJIIIFFAE97CC,大勇段,19.00,都市：其他
RPVNMLRJIIIFFAE97CC,大勇段,3.00,都市：商
RPVNMLRJIIIFFAE97CC,大勇段,26.00,都市：商
RPXNMLSJIIIFFAE28CC,青海段,77.23,都市：住
RPXNMLSJIIIFFAE28CC,青海段,25.61,都市：住
RPXNMLSJIIIFFAE28CC,青海段,4.68,都市：住
RPWNMLRJIIIFFAE08CC,青海段,40.64,都市：其他
RPWNMLRJIIIFFAE08CC,龍水段一小段,10.71,都市：其他
RPTOMLTJIIIFFFE58CC,岡工段,869.30,非都市：工業區 ; 非都市編定：丁種建築用地
RPRPMLSJIIIFFEE28CC,藍昌段二小段,15.40,都市：住
RPUOMLTJIIIFFFE68CC,燕北段,3514.31,非都市：一般農業區 ; 非都市編定：農牧用地
RPVOMLTJIIIFFCE48CC,獅甲段,.00,非都市： ; 非都市編定：
RPWOMLTJIIIFFFE88CC,文化段,85.00,都市：住
RPVOMLTJIIIFFCE48CC,獅甲段,.00,非都市： ; 非都市編定：
RPVOMLTJIIIFFFE78CC,文化段,85.00,都市：住
RPVNMLTJIIIFFEE58CC,德昌段,420.00,都市：住
RPWOMLTJIIIFFDE68CC,鼎泰段一小段,57.00,都市：住
RPWOMLTJIIIFFDE68CC,鼎泰段一小段,174.00,都市：住
RPWOMLTJIIIFFCE58CC,獅甲段,.00,非都市： ; 非都市編定：
RPWOMLTJIIIFFCE58CC,獅甲段,.00,非都市： ; 非都市編定：
RPXPMLTJIIIFFEE98CC,和平段一小段,979.00,都市：其他
RPOOMLTJIIIFFEE97CC,德昌段,231.00,都市：住
RPPNMLKKIIIFFAE76CC,前金段,.00,非都市： ; 非都市編定：
RPSNMLLKIIIFFCE37CC,瑞隆段一小段,2344.00,都市：住
RPSNMLLKIIIFFCE37CC,瑞隆段一小段,28.00,都市：住
RPWNMLLKIIIFFCE77CC,獅甲段,3240.00,都市：住
RPQOMLTJIIIFFBE87CC,意誠段,.00,都市：商
RPTNMLLKIIIFFDE57CC,大豐段二小段,35.40,都市：住
RPTNMLLKIIIFFDE57CC,大豐段二小段,2.08,都市：住
RPPNMLMKIIIFFDE27CC,鼎泰段一小段,120.00,都市：住
RPPNMLMKIIIFFDE27CC,鼎泰段一小段,40.00,都市：住
RPWOMLLKIIIFFAE67CC,興橋段,30.42,都市：住
RPROMLTJIIIFFBE97CC,意誠段,.00,都市：商
RPVOMLLKIIIFFAE57CC,龍華段八小段,5.54,都市：住
RPRPMLTJIIIFFBE08CC,意誠段,.00,非都市： ; 非都市編定：
RPPOMLLKIIIFFCE17CC,獅甲段,3240.00,都市：住
RPXNMLOKIIIFFAE97CC,文東段,106.00,都市：商
RPRQMLLKIIIFFEE77CC,福山段,.00,都市：住
RPSOMLLKIIIFFEE67CC,新博段,23.43,都市：其他
RPQNMLNKIIIFFBE27CC,意誠段,.00,都市：商
RPPNMLNKIIIFFBE17CC,意誠段,.00,都市：商
RPRNMLKKIIIFFAE96CC,前金段,.00,非都市： ; 非都市編定：
RPPNMLMKIIIFFBE07CC,大統段二小段,91.00,都市：商
RPPNMLMKIIIFFBE07CC,大統段二小段,79.00,都市：商
RPTNMLPKIIIFFAE67CC,青海段,32.36,都市：商
RPVNMLPKIIIFFEE28CC,福山段,162.76,都市：住
RPVNMLPKIIIFFEE28CC,福山段,161.50,都市：住
RPUNMLPKIIIFFAE77CC,龍華段八小段,38.27,都市：商
RPROMLPKIIIFFBE67CC,林德官段,.00,非都市： ; 非都市編定：
RPQNMLPKIIIFFGE97CC,五甲段,93.00,都市：住
RPRNMLPKIIIFFGE08CC,五甲段,92.00,都市：住
RPUNMLOKIIIFFCE87CC,瑞隆段二小段,53.14,非都市： ; 非都市編定：
RPXNMLPKIIIFFEE48CC,新博段,16.63,都市：其他
RPSNMLQKIIIFFCE87CC,瑞隆段一小段,30.50,都市：住
RPXPMLOKIIIFFEE58CC,清楠段,23.95,都市：住
RPTOMLQKIIIFFBE97CC,林聖段,2491.00,都市：住
RPVNMLQKIIIFFDE28CC,大港段四小段,23.33,都市：住
RPSOMLPKIIIFFBE77CC,林德官段一小段,.00,非都市： ; 非都市編定：
RPROMLQKIIIFFDE97CC,大港段二小段,78.00,都市：住
RPUNMLOKIIIFFGE28CC,五甲段,126.00,都市：住
RPQOMLQKIIIFFBE67CC,五塊厝段,19.48,都市：商
RPTOMLQKIIIFFDE18CC,大港段二小段,78.00,都市：住
RPQOMLQKIIIFFCE77CC,愛群段,10.19,都市：商
RPUNMLQKIIIFFGE48CC,新甲段,19.25,都市：住
RPTNMLQKIIIFFGE38CC,文英段,7.27,都市：住
RPTNMLQKIIIFFGE38CC,文英段,.18,都市：住
RPTNMLQKIIIFFGE38CC,文英段,.94,都市：住
RPQNMLQKIIIFFFE97CC,大全段,87.00,都市：住
RPWNMLQKIIIFFDE38CC,大港段四小段,75.70,都市：住
RPRNMLSKIIIFFDE08CC,大豐段三小段,67.00,都市：住
RPSNMLSKIIIFFDE18CC,三塊厝段四小段,18.91,都市：其他
RPTNMLRKIIIFFAE87CC,龍中段,11.87,都市：其他
RPRNMLRKIIIFFIE48CC,尖山腳段,3896.86,非都市：一般農業區 ; 非都市編定：農牧用地
RPQOMLSKIIIFFGE38CC,赤山段,13.06,都市：其他
RPVNMLSKIIIFFBE28CC,正昌段,29.05,都市：住
RPOSMLRKIIIFFGE48CC,大貝湖段,90.73,都市：住
RPTOMLRKIIIFFIE78CC,仁營段,.00,都市：住
RPTNMLTKIIIFFCE28CC,獅甲段,.97,都市：住
RPTNMLTKIIIFFCE28CC,獅甲段,.31,都市：住
RPROMLLLIIIFFCE47CC,籬子內段崗山子小段,.00,都市：住
RPPNMLKLIIIFFAE96DC,北金段,29.68,都市：住
RPSNMLTKIIIFFCE18CC,獅甲段,.97,都市：住
RPSNMLTKIIIFFCE18CC,獅甲段,.31,都市：住
RPXNMLSKIIIFFBE48CC,新興段四小段,450.00,都市：商
RPVOMLLLIIIFFBE77CC,成功段,.00,都市：商
RPUNMLSKIIIFFBE18CC,新興段二小段,713.00,都市：商
RPUOMLLLIIIFFBE67CC,五塊厝段,.00,都市：住
RPUOMLLLIIIFFBE67CC,五塊厝段,.00,都市：商
RPWNMLLLIIIFFDE97CC,陽明段三小段,26.09,都市：住
RPQNMLMLIIIFFAE17CC,青海段,99.23,都市：住
RPRPMLMLIIIFFDE77CC,大豐段三小段,27.32,都市：住
RPQNMLMLIIIFFFE67CC,岡山段,60.87,都市：其他
RPUNMLSKIIIFFEE58DC,和平段五小段,72.00,都市：住
RPRNMLNLIIIFFGE97CC,灣頭段,73.79,都市：住
RPSOMLLLIIIFFCE57CC,憲德段一小段,4.91,都市：住
RPVNMLMLIIIFFGE28CC,文山段,27.74,都市：住
RPSNMLMLIIIFFGE97CC,文山段,27.74,都市：住
RPVNMLMLIIIFFIE48CC,灣勢段,1847.58,都市：農
RPQQMLNLIIIFFGE18CC,竹子腳段,31.89,都市：其他
RPQNMLNLIIIFFEE67CC,新庄段十二小段,34.47,都市：住
RPRNMLNLIIIFFAE37CC,北金段,41.00,都市：住
RPSNMLNLIIIFFAE47CC,前金段,2.89,都市：商
RPSNMLNLIIIFFBE57CC,新興段二小段,16.35,都市：商
RPTNMLNLIIIFFCE77CC,瑞南段,98.00,都市：住
RPTNMLNLIIIFFCE77CC,瑞南段,41.00,都市：住
RPSNMLOLIIIFFAE57CC,龍中段,9.48,都市：住
RPUNMLOLIIIFFEE18CC,福民段,.00,都市：商
RPPOMLOLIIIFFDE67CC,灣復段,23.05,都市：商
RPROMLOLIIIFFFE18DC,仕隆段,83.64,都市：其他
RPOPMLOLIIIFFEE77CC,福山段,9.97,都市：住
RPWOMLPLIIIFFEE58CC,新光段,71.69,都市：商
RPWOMLPLIIIFFGE78CC,新庄子段,.00,都市：住
RPRPMLOLIIIFFBE77CC,林聖段一小段,23.76,都市：住
RPUPMLOLIIIFFBE08CC,新興段四小段,.00,非都市： ; 非都市編定：
RPSNMLPLIIIFFFE28DC,台安段,228.46,非都市：一般農業區 ; 非都市編定：丁種建築用地
RPSNMLPLIIIFFFE28DC,台安段,228.46,非都市：一般農業區 ; 非都市編定：丁種建築用地
RPSNMLPLIIIFFFE28DC,台安段,228.50,非都市：一般農業區 ; 非都市編定：丁種建築用地
RPSNMLPLIIIFFFE28DC,台安段,71.41,非都市：一般農業區 ; 非都市編定：丁種建築用地
RPSNMLPLIIIFFFE28DC,台安段,265.84,非都市：一般農業區 ; 非都市編定：甲種建築用地
RPSNMLPLIIIFFFE28DC,台安段,16.55,非都市：一般農業區 ; 非都市編定：丁種建築用地
RPVNMLPLIIIFFBE08CC,意誠段,.00,都市：商
RPWNMLPLIIIFFBE18CC,成功段,.00,都市：商
RPQNMLQLIIIFFBE67CC,五塊厝段,17.75,都市：住
RPRNMLRLIIIFFCE97CC,愛群段,4.34,都市：住
RPPNMLRLIIIFFCE77CC,愛群段,6.77,都市：住
RPQPMLSLIIIFFEE38CC,興隆段,16.97,都市：住
RPROMLSLIIIFFEE38CC,新庄段十二小段,28.84,都市：住
RPXPMLSLIIIFFEE09CC,福山段,.00,都市：住
RPSOMLTLIIIFFDE48CC,獅頭段一小段,19.76,都市：住
RPOQMLSLIIIFFEE28CC,新庄段八小段,.00,都市：住
RPROMLTLIIIFFAE08CC,文東段,60.00,都市：商
RPSOMLOLIIIFFBE77CC,林德官段二小段,.00,都市：住
RPSOMLOLIIIFFBE77CC,林德官段二小段,.00,都市：住
RPTOMLSLIIIFFDE48CC,灣和段,76.18,都市：住
RPXNMLTLIIIFFBE68CC,意誠段,.00,都市：商
RPUNMLOLIIIFFBE87CC,五塊厝段,32.82,都市：其他
RPTPMLTLIIIFFCE58CC,憲德段一小段,18.59,都市：商
RPROMLTLIIIFFFE68DC,灣裡西段,65.63,都市：住
RPWOMLTLIIIFFAE58CC,東金段,124.00,都市：商
RPQOMLKMIIIFFGE77CC,七老爺段一甲小段,20.46,非都市： ; 非都市編定：
RPQOMLKMIIIFFFE67CC,大全段,57.00,都市：住
RPXNMLKMIIIFFAE77CC,龍中段,8.31,都市：住
RPVNMLKMIIIFFAE57CC,青海段,13.00,都市：住
RPVNMLTLIIIFFLE86CC,翁公園段,16582.00,都市：工
RPOOMLKMIIIFFFE47CC,海城段,73.04,都市：住
RPOOMLKMIIIFFBE07CC,新興段三小段,87.00,都市：商
RPVNMLLMIIIFFEE08CC,右昌段二小段,34.53,都市：住
RPSOMLLMIIIFFFE97CC,橋南段,28.00,都市：住
RPROMLKMIIIFFGE87CC,福誠段,22.90,都市：住
RPRPMLKMIIIFFEE77CC,福山段,13.64,都市：商
RPUNMLLMIIIFFCE77CC,瑞隆段二小段,77.00,都市：商
RPTNMLLMIIIFFAE57DC,龍中段,11.55,都市：商
RPUNMLLMIIIFFDE97DC,灣內段,68.04,都市：住
