﻿編號,土地區段位置,土地移轉面積平方公尺,使用分區或編定
The serial number,land sector position,land shifting area square meter,the use zoning or compiles and checks
RPOOMLMJQHIFFAI77CA,大溪厝段,477.00,都市：住
RPOOMLMJQHIFFAI77CA,大溪厝段,9.00,都市：住
RPROMLMJQHIFFAI08CA,竹圍子段三小段,12.24,都市：住
RPXNMLNKQHIFFAI78CA,港子坪段港坪小段,13.71,都市：住
RPVNMLPJQHIFFAI68CA,港子坪段港坪小段,78.00,都市：住
RPPPMLTJQHIFFAI68CA,北社尾段,24.64,都市：住
RPWNMLPJQHIFFAI78CA,湖內段,77.00,都市：住
RPXNMLQLQHIFFAI56CA,同興段,20.50,都市：住
RPQNMLNLQHIFFAI28DA,盧厝段,21.77,都市：住
RPRNMLKKQHIFFAI87CA,興村段,87.00,都市：住
RPVNMLQJQHIFFAI98EA,埤子頭段,91.00,都市：住
RPSNMLMJQHIFFAI28EA,遠東段,34.00,都市：住
RPSNMLMJQHIFFAI28EA,遠東段,151.00,都市：住
RPSNMLPJQHIFFAI58EA,短竹段,1219.00,都市：住
RPRNMLSJQHIFFAI68DA,新富段八小段,43.33,都市：住
RPVNMLTJQHIFFAI66EA,車店段車店小段,18.33,都市：住
RPOPMLMJQHIFFAI08EA,堀川段,455.00,都市：住
RPWNMLQJQHIFFAI09EA,西門段四小段,26.35,都市：商
RPQNMLKMQHIFFAI97CA,下路頭段,24.58,都市：住
RPQNMLKMQHIFFAI97CA,下路頭段,71.00,都市：住
RPRNMLPJQHIFFAI38DA,興村段,2.17,都市：商
RPRNMLPJQHIFFAI38DA,興村段,13.08,都市：商
RPSNMLKKQHIFFAI97CA,劉厝段劉厝小段,72.00,都市：住
RPTPMLTJQHIFFAI09CA,下埤段,247.05,都市：住
RPPNMLTLQHIFFAI68CA,下路頭段,36.32,都市：住
RPPNMLTLQHIFFAI68CA,下路頭段,.35,都市：住
RPUPMLTJQHIFFAI56CA,下路頭段,1.78,都市：住
RPUPMLTJQHIFFAI56CA,下路頭段,1.44,都市：住
RPUPMLTJQHIFFAI56CA,下路頭段,16.51,都市：住
RPPNMLPJQHIFFAI08CA,竹圍子段,73.62,都市：住
RPROMLQJQHIFFAI48CA,車店段,66.00,都市：住
RPPNMLQJQHIFFAI18CA,白川段,36.44,都市：住
RPSPMLQKQHIFFAI78CA,大溪段,286.74,都市：住
RPSPMLQKQHIFFAI78CA,大溪段,.80,都市：住
RPSPMLQKQHIFFAI78CA,大溪段,313.53,都市：住
RPPNMLRJQHIFFAI28CA,新富段二小段,11.35,都市：住
RPWOMLRJQHIFFAI09CA,竹圍子段,35.00,都市：住
RPWOMLRJQHIFFAI09CA,竹圍子段,106.00,都市：住
RPWOMLRJQHIFFAI09CA,竹圍子段,106.00,都市：住
RPXOMLRJQHIFFAI56CA,竹圍子段,495.00,都市：住
RPPNMLKLQHIFFAI77CA,台斗坑段,94.00,都市：住
RPUOMLQKQHIFFAI88CA,北園段,11.93,都市：住
RPUOMLQKQHIFFAI88CA,北園段,14.42,都市：住
RPUOMLQKQHIFFAI88CA,北園段,85.00,都市：住
RPSOMLQKQHIFFAI68CA,劉厝段劉厝小段,21.71,都市：住
RPWNMLNKQHIFFAI68CA,彌陀段,69.00,都市：住
RPPOMLQKQHIFFAI38CA,長竹段,.60,都市：住
RPPOMLQKQHIFFAI38CA,長竹段,93.00,都市：住
RPPOMLQKQHIFFAI38CA,長竹段,44.25,都市：住
RPPOMLQKQHIFFAI38CA,長竹段,5.75,都市：住
RPPPMLRJQHIFFAI48CA,竹圍子段,3.39,都市：住
RPQPMLRJQHIFFAI58CA,車店段車店小段,10.79,都市：住
RPPNMLTJQHIFFAI48CA,港子坪段,5.78,都市：住
RPVNMLKMQHIFFAI48CA,盧厝段,86.00,都市：住
RPRNMLRJQHIFFAI68EA,南門段四小段,24.00,都市：商
RPRNMLRJQHIFFAI68EA,南門段四小段,21.00,都市：商
RPQOMLQLQHIFFAI58CA,下路頭段,67.00,都市：住
RPTOMLQLQHIFFAI88CA,白川段,60.00,都市：住
RPWNMLQLQHIFFAI09CA,同興段,20.50,都市：住
RPRNMLNKQHIFFAI38EA,竹圍子段,68.00,都市：住
RPXNMLQJQHIFFAI56EA,下路頭段,133.00,都市：住
RPPNMLNLQHIFFAI18DA,湖內段,59.00,都市：住
RPPNMLNLQHIFFAI18DA,湖內段,25.60,都市：住
RPPNMLNLQHIFFAI18DA,湖內段,3.80,都市：住
RPROMLTJQHIFFAI98EA,後庄段,83.00,都市：住
RPRNMLNLQHIFFAI38DA,遠東段,33.00,都市：住
RPQOMLRJQHIFFAI58DA,盧厝段,43.33,都市：住
RPUOMLTJQHIFFAI09CA,短竹段,2146.00,都市：農
RPUOMLTJQHIFFAI09CA,短竹段,780.00,都市：農
RPSOMLQLQHIFFAI78CA,下路頭段,4.38,都市：住
RPSOMLQLQHIFFAI78CA,下路頭段,8.90,都市：住
RPSOMLQLQHIFFAI78CA,湖內段,.29,都市：住
RPSOMLQLQHIFFAI78CA,湖內段,3.07,都市：住
RPSOMLQLQHIFFAI78CA,湖內段,4.49,都市：住
RPRPMLQKQHIFFAI68CA,劉厝段玉山小段,122.56,都市：住
RPTNMLKMQHIFFAI28CA,盧厝段,41.69,都市：住
RPQNMLNKQHIFFAI08CA,車店段,34.51,都市：住
RPQNMLNKQHIFFAI08CA,白川段,3.27,都市：住
RPTNMLKKQHIFFAI08CA,彌陀段,5.03,都市：住
RPXNMLTJQHIFFAI66CA,車店段,26.98,都市：其他
RPXNMLTJQHIFFAI66CA,白川段,4.29,都市：其他
RPOPMLRJQHIFFAI38CA,車店段車店小段,77.00,都市：住
RPVOMLOKQHIFFAI78CA,鳥岫段,92.97,都市：住
RPVOMLOKQHIFFAI78CA,鳥岫段,.46,都市：住
RPRNMLPKQHIFFAI38CA,港子坪段港坪小段,24.22,都市：住
RPPNMLKKQHIFFAI67CA,車店段車店小段,88.00,都市：住
RPQNMLRKQHIFFAI48CA,北社尾段保安小段,22.62,都市：住
RPVPMLTJQHIFFAI66CA,同興段,21.87,都市：住
RPSOMLOKQHIFFAI48CA,湖子內段湖內小段,125.00,都市：住
RPUNMLNKQHIFFAI48CA,劉厝段玉山小段,113.51,都市：住
RPOOMLNKQHIFFAI97CA,車店段,4.83,都市：住
RPOOMLNKQHIFFAI97CA,白川段,3.41,都市：住
RPROMLNJRHIFFAI28CA,盧厝段,18.55,都市：住
RPUNMLLJRHIFFAI28CA,竹圍子段二小段,10.39,都市：住
RPTNMLNKQHIFFAI38CA,劉厝段玉山小段,93.66,都市：住
RPTNMLSJQHIFFAI98EA,民族段三小段,122.00,都市：住
RPTNMLSJQHIFFAI98EA,民族段三小段,7.00,都市：住
RPQNMLSJQHIFFAI68EA,新富段五小段,105.00,都市：商
RPQNMLSJQHIFFAI68EA,新富段五小段,10.00,都市：商
RPQNMLSJQHIFFAI68EA,新富段五小段,3.00,都市：商
RPVNMLSJQHIFFAI56EA,元段六小段,1.77,都市：商
RPPNMLSJQHIFFAI58EA,東川段,5.51,都市：住
RPUNMLKLQHIFFAI48EA,短竹段,13.93,都市：住
RPPOMLSJQHIFFAI68EA,湖內段,23.52,都市：住
RPWNMLSJQHIFFAI66EA,同興段,52.00,都市：住
RPOOMLOKQHIFFAI28EA,北園段,1698.00,都市：農
RPPNMLNJRHIFFAI18EA,白川段,45.98,都市：住
RPPOMLTJQHIFFAI78EA,中庄段,42.46,都市：住
RPUNMLMKQHIFFAI48DA,西門段四小段,350.00,都市：商
RPUNMLMKQHIFFAI48DA,西門段四小段,45.00,都市：商
RPUNMLMKQHIFFAI48DA,西門段四小段,90.00,都市：商
RPRNMLMKQHIFFAI28EA,下埤段,199.68,都市：住
RPRNMLMKQHIFFAI28EA,下埤段,195.06,都市：住
RPTNMLTJQHIFFAI09EA,榮段四小段,57.00,都市：住
RPTOMLOKQHIFFAI78EA,山下段,25.75,都市：住
RPTOMLOKQHIFFAI78EA,山下段,2.00,都市：住
RPTOMLOKQHIFFAI78EA,山下段,24.50,都市：住
RPWNMLOKQHIFFAI88DA,新富段三小段,20.83,都市：住
RPSNMLNLQHIFFAI48DA,西門段五小段,19.69,都市：商
RPSNMLNLQHIFFAI48DA,西門段五小段,8.12,都市：商
RPSNMLMKQHIFFAI38EA,車店段,17.50,都市：住
RPSNMLMKQHIFFAI38EA,車店段,.59,都市：住
RPROMLOKQHIFFAI38CA,竹圍子段,2.00,都市：住
RPROMLOKQHIFFAI38CA,竹圍子段,2.00,都市：住
RPROMLOKQHIFFAI38CA,竹圍子段,2.00,都市：住
RPQPMLTJQHIFFAI78CA,盧東段,2922.56,都市：住
RPQPMLTJQHIFFAI78CA,盧東段,5101.74,都市：農
RPWNMLOJRHIFFAI78CA,太平段,12.05,都市：住
RPWNMLOJRHIFFAI78CA,盧厝段,4.95,都市：住
RPSNMLLJRHIFFAI08CA,埤子頭段,229.00,都市：住
RPPOMLOKQHIFFAI18CA,劉厝段,43.79,都市：住
RPPOMLOJRHIFFAI18CA,元段六小段,112.00,都市：商
RPXNMLMKQHIFFAI68CA,劉厝段玉山小段,135.33,都市：住
RPSNMLNJRHIFFAI48EA,後庄段,514.00,都市：農
RPQPMLQKQHIFFAI58CA,後庄段,116.00,都市：住
RPQPMLQKQHIFFAI58CA,後庄段,9.00,都市：住
RPQPMLQKQHIFFAI58CA,後庄段,20.00,都市：住
RPQPMLQKQHIFFAI58CA,後庄段,.40,都市：住
RPQPMLQKQHIFFAI58CA,後庄段,3.00,都市：住
RPSNMLNKQHIFFAI48EA,大溪段,176.38,都市：住
RPSNMLNKQHIFFAI48EA,大溪段,131.76,都市：住
RPVNMLQJRHIFFAI09EA,埤子頭段,49.00,都市：住
RPVNMLQJRHIFFAI09EA,埤子頭段,40.00,都市：住
RPPOMLKLQHIFFAI87CA,港子坪段港坪小段,13.84,都市：住
RPPNMLMKQHIFFAI08EA,彌陀段,69.00,都市：住
RPTNMLMKQHIFFAI48EA,白川段,7.67,都市：住
RPTNMLMKQHIFFAI48EA,白川段,6.53,都市：住
RPXNMLOKQHIFFAI98DA,元段二小段,4.00,都市：商
RPXNMLOKQHIFFAI98DA,元段二小段,27.00,都市：商
RPXNMLOKQHIFFAI98DA,元段二小段,24.00,都市：商
RPXNMLOKQHIFFAI98DA,元段二小段,22.00,都市：商
RPROMLTJRHIFFAI09EA,中山段三小段,7.11,都市：住
RPUNMLOKQHIFFAI68DA,竹圍子段,156.00,都市：農
RPPNMLOKQHIFFAI18DA,末廣段五小段,51.00,都市：商
RPTNMLKLQHIFFAI18CA,新富段二小段,21.73,都市：住
RPTNMLKLQHIFFAI18CA,新富段二小段,.07,都市：住
RPTNMLNLQHIFFAI58DA,長竹段,12.84,都市：住
RPVOMLQKQHIFFAI98CA,白川段,58.00,都市：住
RPPNMLRKQHIFFAI38CA,東門段八小段,111.00,都市：住
RPQOMLMLQHIFFAI28DA,榮段五小段,7.00,都市：商
RPQOMLMLQHIFFAI28DA,榮段五小段,86.00,都市：商
RPQOMLMLQHIFFAI28DA,榮段五小段,133.00,都市：商
RPQOMLMLQHIFFAI28DA,榮段五小段,7.00,都市：商
RPQOMLMLQHIFFAI28DA,榮段五小段,16.00,都市：商
RPQOMLMLQHIFFAI28DA,榮段五小段,1.00,都市：商
RPQOMLMLQHIFFAI28DA,榮段五小段,48.00,都市：商
RPQOMLTKQHIFFAI78CA,西門段四小段,6.49,都市：商
RPPNMLPKQHIFFAI18CA,竹圍子段,7.18,都市：住
RPPNMLPKQHIFFAI18CA,竹圍子段,22.91,都市：住
RPSNMLOKQHIFFAI38CA,盧厝段,10.27,都市：住
RPQNMLPKQHIFFAI28CA,後庄段,105.00,都市：住
RPPNMLLMQHIFFAI97CA,車店段,4.05,都市：住
RPPNMLLMQHIFFAI97CA,白川段,42.09,都市：住
RPOOMLKLQHIFFAI77CA,劉厝段劉厝小段,9.66,都市：商
RPPPMLTJRHIFFAI78CA,竹圍子段,20.90,都市：住
RPPNMLMKRHIFFAI97CA,頂庄段,27.82,都市：住
RPTOMLQKQHIFFAI78CA,竹圍子段中興小段,134.00,都市：住
RPXOMLTJRHIFFAI86CA,短竹段,7.14,都市：住
RPQOMLPKQHIFFAI38CA,遠東段,82.00,都市：住
RPVOMLTJRHIFFAI66CA,西門段六小段,73.00,都市：住
RPROMLPKQHIFFAI48CA,湖內段,14.48,都市：住
RPWNMLKLQHIFFAI58DA,盧東段,2147.25,都市：農
RPRNMLOKQHIFFAI38DA,車店段車店小段,117.00,都市：住
RPPNMLLLQHIFFAI87CA,竹圍子段,44.00,都市：住
RPQOMLTJRHIFFAI98EA,溪東段,33.41,都市：其他
RPPOMLPKQHIFFAI38DA,同興段,24.60,都市：住
RPOOMLPKQHIFFAI28DA,堀川段,2.82,都市：住
RPOOMLPKQHIFFAI28DA,堀川段,3.20,都市：住
RPOOMLPKQHIFFAI28DA,下路頭段,17.28,都市：住
RPOOMLPKQHIFFAI28DA,下路頭段,2.05,都市：住
RPOOMLPKQHIFFAI28DA,下路頭段,1.34,都市：住
RPRNMLPJRHIFFAI58EA,東川段,75.00,都市：其他
RPRNMLNJRHIFFAI38EA,後庄段,388.00,都市：農
RPXNMLPKQHIFFAI56EA,彌陀段,23.00,都市：住
RPQNMLMKRHIFFAI28EA,短竹段,10.68,都市：住
RPSNMLPKQHIFFAI48CA,大溪段,971.99,都市：農
RPSNMLTKQHIFFAI88CA,下路頭段,8.00,都市：住
RPSNMLTKQHIFFAI88CA,下路頭段,11.00,都市：住
RPSNMLTKQHIFFAI88CA,下路頭段,38.00,都市：住
RPWNMLPKQHIFFAI88CA,北園段,2378.67,都市：農
RPWNMLPKQHIFFAI88CA,北園段,2378.67,都市：農
RPWNMLPKQHIFFAI88CA,北園段,2378.67,都市：農
RPWNMLPKQHIFFAI88CA,北園段,12.33,都市：農
RPWNMLPKQHIFFAI88CA,北園段,12.33,都市：農
RPWNMLPKQHIFFAI88CA,北園段,12.33,都市：農
RPOOMLTKQHIFFAI58CA,彌陀段,111.00,都市：住
RPPNMLTKQHIFFAI58CA,白川段,45.98,都市：住
RPTNMLSLQHIFFAI98CA,山下段,157.00,都市：住
RPTNMLSLQHIFFAI98CA,山下段,4.50,都市：住
RPTNMLSLQHIFFAI98CA,山下段,1.25,都市：住
RPTNMLSLQHIFFAI98CA,山下段,3.00,都市：住
RPTNMLSLQHIFFAI98CA,山下段,2.75,都市：住
RPROMLQKQHIFFAI58CA,車店段,34.51,都市：住
RPROMLQKQHIFFAI58CA,白川段,3.27,都市：住
RPVNMLPKQHIFFAI78CA,民族段五小段,66.00,都市：住
RPUNMLQLQHIFFAI88CA,遠東段,19.60,都市：住
RPTOMLQJRHIFFAI78CA,盧厝段,141.00,都市：住
RPTOMLKKRHIFFAI28CA,竹圍子段二小段,16.11,都市：住
RPPOMLTJRHIFFAI68CA,新富段八小段,13.46,都市：商
RPPOMLTJRHIFFAI68CA,末廣段一小段,.40,都市：商
RPRNMLTLQHIFFAI88CA,下路頭段,8.70,都市：住
RPRNMLMJRHIFFAI08CA,中庄段,78.85,都市：其他
RPQNMLTLQHIFFAI78CA,北社尾段,12.36,都市：住
RPRNMLLJRHIFFAI97CA,遠東段,17.20,都市：住
RPRNMLLJRHIFFAI97CA,遠東段,78.00,都市：住
RPUOMLQJRHIFFAI88CA,盧厝段,41.69,都市：住
RPPNMLNKRHIFFAI08CA,中庄段,11.67,都市：住
RPPNMLNKRHIFFAI08CA,中庄段,18.67,都市：住
RPPNMLNKRHIFFAI08CA,中庄段,87.00,都市：住
RPSNMLQJRHIFFAI58CA,台斗坑段,20.00,都市：住
RPSNMLQJRHIFFAI58CA,台斗坑段,.02,都市：其他
RPVOMLQJRHIFFAI98CA,長竹段,99.00,都市：住
RPUOMLTJRHIFFAI56CA,車店段車店小段,120.00,都市：住
RPWOMLKKRHIFFAI58CA,短竹段,26.31,都市：住
RPUNMLNLQHIFFAI58CA,下路頭段,19.93,都市：住
SPWOMLKKRHIFFAI68CA,短竹段,28.22,都市：住
RPPNMLLKRHIFFAI87CA,白川段,36.76,都市：住
RPUNMLQKQHIFFAI98EA,興村段,61.00,都市：住
RPPNMLMLQHIFFAI97CA,榮段三小段,198.00,都市：商
RPQNMLMLQHIFFAI08CA,榮段三小段,177.00,都市：商
RPROMLOJRHIFFAI58EA,大溪段,302.32,都市：住
RPQOMLQKQHIFFAI58DA,竹圍子段,7.61,都市：住
RPQOMLQKQHIFFAI58DA,竹圍子段,23.69,都市：住
RPTNMLTKQHIFFAI56EA,竹圍子段三小段,20.90,都市：住
RPPNMLRLQHIFFAI48CA,中山段四小段,96.00,都市：住
RPXOMLQKQHIFFAI66DA,中山段五小段,32.30,都市：住
RPXOMLQKQHIFFAI66DA,中山段五小段,1.30,都市：住
RPPNMLKLQHIFFAI97EA,中庄段,45.50,都市：住
RPQNMLNJRHIFFAI18DA,短竹段,23.01,都市：其他
RPVOMLQKQHIFFAI56EA,南門段五小段,11.17,都市：商
RPVOMLQKQHIFFAI56EA,南門段五小段,4.18,都市：住
RPVOMLQKQHIFFAI56EA,南門段五小段,.55,都市：住
RPUNMLTKQHIFFAI66EA,車店段車店小段,108.00,都市：住
RPVNMLQKQHIFFAI98DA,車店段車店小段,3.32,都市：住
RPVNMLQKQHIFFAI98DA,車店段車店小段,8.73,都市：住
RPRNMLTKQHIFFAI98EA,車店段車店小段,29.42,都市：住
RPWOMLQKQHIFFAI66EA,遠東段,1.00,都市：住
RPWOMLQKQHIFFAI66EA,遠東段,1725.00,都市：住
RPSNMLTLQHIFFAI98CA,新富段八小段,8.41,都市：住
RPSNMLTLQHIFFAI98CA,末廣段一小段,.25,都市：住
RPOPMLLKRHIFFAI97CA,末廣段二小段,160.00,都市：商
RPQNMLLKRHIFFAI97CA,短竹段,235.00,都市：其他
RPQNMLLKRHIFFAI97CA,短竹段,146.00,都市：其他
RPQNMLLKRHIFFAI97CA,短竹段,3.00,都市：其他
RPVNMLTKQHIFFAI56CA,車店段車店小段,102.00,都市：住
RPUNMLKKRHIFFAI28CA,檜段四小段,60.00,都市：住
RPTNMLTLQHIFFAI09CA,竹圍子段三小段,11.52,都市：住
RPPOMLNJRHIFFAI08CA,短竹段,11.09,都市：住
RPVNMLKLQHIFFAI38CA,車店段,24.64,都市：住
RPVNMLKLQHIFFAI38CA,白川段,4.43,都市：住
RPWOMLSLQHIFFAI76CA,盧厝段,133.00,都市：住
RPWOMLSLQHIFFAI76CA,盧厝段,480.00,都市：其他
RPWOMLSLQHIFFAI76CA,盧厝段,22.00,都市：其他
RPPNMLSLQHIFFAI58CA,中庄段,101.00,都市：住
RPUOMLMLQHIFFAI58CA,白川段,34.83,都市：住
RPSOMLNLQHIFFAI48CA,後庄段,72.00,都市：住
RPROMLMLQHIFFAI28CA,竹圍子段,44.00,都市：住
RPVNMLLKRHIFFAI58DA,盧東段,2578.52,都市：農
RPOOMLMLQHIFFAI18EA,盧厝段,11.15,都市：住
RPUOMLNLQHIFFAI68CA,中山段六小段,42.00,都市：住
RPOOMLQLQHIFFAI58EA,盧厝段,315.00,都市：住
RPOOMLQLQHIFFAI58EA,盧厝段,52.00,都市：住
RPOOMLQLQHIFFAI58EA,盧厝段,63.00,都市：住
RPXNMLRLQHIFFAI86EA,堀川段,169.00,都市：住
RPRNMLMLQHIFFAI28DA,竹圍子段一小段,19.97,都市：住
RPRNMLRLQHIFFAI78DA,新富段七小段,51.00,都市：商
RPWNMLMLQHIFFAI88EA,短竹段,3.39,都市：住
RPWNMLLKRHIFFAI68DA,東門段五小段,17.67,都市：住
RPWNMLLKRHIFFAI68DA,東門段五小段,17.00,都市：住
RPWNMLLKRHIFFAI68DA,東門段五小段,101.00,都市：住
RPUOMLRLQHIFFAI09CA,玉川段,77.00,都市：住
RPTNMLMLQHIFFAI58EA,埤子頭段新厝小段,23.99,都市：住
RPRNMLLLQHIFFAI08CA,下路頭段,68.00,都市：住
RPTNMLLLQHIFFAI28CA,下路頭段,156.56,都市：住
RPRPMLLKRHIFFAI28CA,末廣段二小段,149.00,都市：商
RPTOMLNLQHIFFAI58CA,車店段車店小段,12.58,都市：住
RPPNMLOLQHIFFAI18CA,中山段七小段,16.02,都市：商
RPPNMLOLQHIFFAI18CA,中山段七小段,50.00,都市：商
RPUNMLMKRHIFFAI48CA,下路頭段,53.00,都市：住
RPXNMLQJRHIFFAI56DA,下路頭段,3.81,都市：住
RPXNMLQJRHIFFAI56DA,下路頭段,3.81,都市：住
RPUNMLLKRHIFFAI48DA,八掌段,496.68,都市：農
RPXNMLKLQHIFFAI58CA,白川段,45.98,都市：商
RPSOMLMLQHIFFAI38CA,下路頭段,26.30,都市：住
RPQNMLNKRHIFFAI18CA,後庄段,76.00,都市：住
RPUNMLRLQHIFFAI98CA,遠東段,4.67,都市：住
RPWNMLNKRHIFFAI78CA,後庄段,77.00,都市：住
RPVNMLRLQHIFFAI09CA,遠東段,4.67,都市：住
RPSNMLRLQHIFFAI78CA,下路頭段,128.00,都市：住
RPTNMLQLQHIFFAI78CA,下路頭段,100.00,都市：住
RPTNMLQLQHIFFAI78CA,下路頭段,7.00,都市：住
RPTNMLQLQHIFFAI78CA,下路頭段,17.00,都市：住
RPWNMLMKRHIFFAI68CA,竹圍子段三小段,26.00,都市：住
RPVNMLLJRHIFFAI38CA,北社尾段,13.33,都市：住
RPUNMLTLQHIFFAI56CA,北社尾段保安小段,283.00,都市：住
RPQNMLPLQHIFFAI38CA,車店段車店小段,28.94,都市：住
RPRNMLLMQHIFFAI18CA,西門段四小段,27.00,都市：商
RPUNMLMLQHIFFAI68EA,玉川段,51.00,都市：住
RPUNMLMLQHIFFAI68EA,玉川段,51.00,都市：住
RPUNMLMLQHIFFAI68EA,玉川段,58.00,都市：住
RPRNMLQLQHIFFAI58CA,竹圍子段二小段,88.00,都市：住
RPPOMLMLQHIFFAI28EA,鳥岫段,75.57,都市：住
RPWNMLNLQHIFFAI98EA,埤子頭段,38.00,都市：住
RPWNMLNLQHIFFAI98EA,埤子頭段,9.00,都市：住
RPSNMLRKRHIFFAI98EA,下埤段,2704.10,都市：農
RPVNMLTLQHIFFAI66CA,下路頭段,9.79,都市：住
RPOOMLKMQHIFFAI87CA,仁義段,20.09,都市：住
RPVNMLNKRHIFFAI88EA,榮段二小段,8.70,都市：住
RPSNMLMLQHIFFAI48EA,盧厝段,4.00,都市：住
RPSNMLMLQHIFFAI48EA,盧厝段,94.00,都市：住
RPUNMLSLQHIFFAI66EA,竹圍子段,7.00,都市：住
RPPNMLQLQHIFFAI58EA,下路頭段,25.67,都市：住
RPPNMLQLQHIFFAI58EA,下路頭段,60.00,都市：住
RPUNMLLMQHIFFAI48CA,短竹段,5.00,都市：住
RPROMLNLQHIFFAI58EA,下路頭段,2.03,都市：住
RPROMLNLQHIFFAI58EA,下路頭段,37.44,都市：住
RPROMLNLQHIFFAI58EA,下路頭段,6.27,都市：住
RPROMLNLQHIFFAI58EA,下路頭段,.34,都市：住
RPXNMLLKRHIFFAI78DA,西門段二小段,23.77,都市：商
RPQOMLOJRHIFFAI48EA,北門段二小段,24.60,都市：住
RPSNMLLMQHIFFAI28CA,港子坪段港坪小段,22.32,都市：住
RPOOMLLKRHIFFAI97DA,短竹段,12.26,都市：住
RPTNMLLJRHIFFAI18CA,竹圍子段二小段,24.26,都市：住
RPSOMLKMQHIFFAI28CA,竹村段,23.28,都市：住
RPUNMLKMQHIFFAI38CA,竹圍子段三小段,18.30,都市：住
RPPNMLPLQHIFFAI28CA,湖內段,200.00,都市：農
RPPNMLPLQHIFFAI28CA,湖內段,53.71,都市：農
RPSNMLQLQHIFFAI68CA,下路頭段,31.57,都市：住
RPVNMLKKRHIFFAI38CA,下路頭段,69.00,都市：住
RPQNMLQLQHIFFAI48CA,東門段四小段,56.00,都市：住
RPQNMLOLQHIFFAI28CA,竹村段,23.07,都市：住
RPXOMLQJRHIFFAI56CA,中庄段,42.64,都市：住
RPRNMLSLQHIFFAI78CA,竹圍子段,336.00,都市：住
RPSOMLOKRHIFFAI58CA,湖內段,21.78,都市：住
RPUPMLLKRHIFFAI58CA,港子坪段港坪小段,12.54,都市：住
RPUPMLLKRHIFFAI58CA,港子坪段港坪小段,3.53,都市：住
RPQNMLRKRHIFFAI58CA,軍輝段,70.00,都市：住
RPRNMLRKRHIFFAI68CA,港子坪段,1.58,都市：住
RPRNMLRKRHIFFAI68CA,港子坪段港坪小段,15.64,都市：住
RPSOMLRLQHIFFAI88CA,車店段車店小段,36.00,都市：住
RPSOMLRLQHIFFAI88CA,車店段車店小段,36.00,都市：住
RPSOMLRLQHIFFAI88CA,車店段車店小段,36.00,都市：住
RPPOMLRLQHIFFAI58CA,太平段,12.05,都市：住
RPPOMLRLQHIFFAI58CA,盧厝段,4.95,都市：住
SPOOMLRKRHIFFAI58CA,北社尾段,14.70,都市：住
RPUOMLSLQHIFFAI56CA,盧東段,93.33,都市：農
RPUOMLSLQHIFFAI56CA,盧東段,15.83,都市：農
RPTNMLMJRHIFFAI48EA,崎頂段,1871.50,都市：農
RPTNMLMJRHIFFAI48EA,崎頂段,263.50,都市：農
RPWNMLTLQHIFFAI76CA,北社尾段,12.01,都市：住
RPROMLKMQHIFFAI18CA,下埤段,2940.76,都市：農
RPPOMLLKRHIFFAI08DA,北社尾段,13.62,都市：住
RPTNMLRLQHIFFAI98DA,盧厝段,112.00,都市：住
RPXNMLSKRHIFFAI76CA,車店段,148.00,都市：住
RPOPMLSLQHIFFAI78DA,劉厝段劉厝小段,90.00,都市：住
RPOPMLSLQHIFFAI78DA,劉厝段劉厝小段,5.00,都市：住
RPROMLSLQHIFFAI88CA,中庄段,81.00,都市：住
RPWNMLRLQHIFFAI56CA,下路頭段,83.00,都市：住
RPPOMLRKRHIFFAI58CA,車店段,26.34,都市：住
RPPOMLRKRHIFFAI58CA,車店段,81.00,都市：住
RPVOMLOKRHIFFAI88CA,末廣段五小段,68.00,都市：商
RPOPMLQJRHIFFAI38CA,竹圍子段二小段,27.76,都市：住
RPROMLQJRHIFFAI58CA,長竹段,24.54,都市：住
RPOOMLTJRHIFFAI58CA,中庄段,.69,都市：住
RPOOMLTJRHIFFAI58CA,中庄段,2.39,都市：住
RPOOMLTJRHIFFAI58CA,中庄段,2.48,都市：住
RPOOMLTJRHIFFAI58CA,中庄段,32.70,都市：住
RPOOMLTJRHIFFAI58CA,中庄段,4.90,都市：住
RPSNMLSLQHIFFAI88CA,榮段三小段,.50,都市：住
RPVOMLLKRHIFFAI58CA,末廣段三小段,108.00,都市：商
RPOOMLNJRHIFFAI97CA,遠東段,4.67,都市：住
RPXNMLNKRHIFFAI88CA,短竹段,15.37,都市：住
RPXNMLNKRHIFFAI88CA,短竹段,54.00,都市：住
RPTOMLNLRHIFFAI68CA,同興段,21.87,都市：住
RPOOMLOJRHIFFAI08CA,湖內段,73.00,都市：住
RPOOMLSKRHIFFAI58CA,遠東段,23.33,都市：住
RPQOMLKMQHIFFAI08CA,港子坪段,151.00,都市：住
RPQOMLSLQHIFFAI78CA,竹圍子段一小段,77.00,都市：住
RPWNMLSLQHIFFAI86EA,車店段,6.00,都市：住
RPWNMLSLQHIFFAI86EA,車店段,8.00,都市：住
RPQNMLSLQHIFFAI78DA,台斗坑段,20.71,都市：住
RPQNMLSLQHIFFAI78DA,台斗坑段,.01,都市：其他
RPVNMLSLQHIFFAI66DA,下路頭段,23.60,都市：住
RPQOMLLKRHIFFAI18DA,中山段五小段,15.00,都市：住
RPOOMLTLQHIFFAI68CA,後庄段,97.00,都市：住
RPPNMLPJRHIFFAI38EA,車店段,15.13,都市：住
RPPNMLPJRHIFFAI38EA,車店段,1.03,都市：住
RPPNMLPJRHIFFAI38EA,車店段,3.45,都市：住
RPTOMLSLQHIFFAI66EA,下路頭段,57.00,都市：住
RPVNMLKMQHIFFAI68EA,盧厝段,11.55,都市：住
RPVNMLKMQHIFFAI68EA,長竹段,.13,都市：住
RPSOMLSLQHIFFAI56EA,下路頭段,90.00,都市：住
RPQNMLMJRHIFFAI08DA,車店段車店小段,113.00,都市：住
RPQNMLMJRHIFFAI08DA,車店段車店小段,116.00,都市：住
RPVOMLSLQHIFFAI66CA,榮段三小段,142.50,都市：住
RPVOMLSLQHIFFAI66CA,榮段三小段,65.50,都市：住
RPXOMLSLQHIFFAI86CA,育人段,846.49,都市：農
RPUNMLMJRHIFFAI58EA,中山段五小段,.09,都市：住
RPUNMLMJRHIFFAI58EA,中山段五小段,.36,都市：住
RPUNMLMJRHIFFAI58EA,中山段五小段,23.49,都市：住
RPUNMLMJRHIFFAI58EA,中山段五小段,.54,都市：住
RPXNMLMJRHIFFAI68CA,大溪段,519.66,都市：住
RPXNMLKMQHIFFAI68CA,荖藤段,92.00,都市：住
RPVNMLMJRHIFFAI48CA,竹圍子段中興小段,5.86,都市：商
RPPOMLPLRHIFFAI48CA,湖子內段湖內小段,2618.00,都市：農
RPUNMLNKRHIFFAI58CA,興村段,12.60,都市：商
RPVOMLKKRHIFFAI48CA,中庄段,139.00,都市：住
RPQOMLNJRHIFFAI18CA,港子坪段,386.00,都市：住
RPQOMLQJRHIFFAI48CA,下路頭段,16.39,都市：住
RPUOMLNLRHIFFAI78CA,育人段,87.16,都市：住
RPPNMLPLRHIFFAI38CA,埤子頭段新厝小段,78.00,都市：住
RPSOMLTJRHIFFAI98CA,南門段五小段,80.00,都市：商
RPROMLOJRHIFFAI38CA,北園段,20.64,都市：住
RPQNMLPJRHIFFAI28CA,車店段車店小段,86.00,都市：住
RPSNMLPJRHIFFAI48CA,港子坪段港坪小段,97.00,都市：住
RPSNMLOJRHIFFAI38CA,港子坪段港坪小段,228.00,都市：住
RPTNMLPJRHIFFAI58CA,中庄段,29.88,都市：住
RPTNMLPJRHIFFAI58CA,中庄段,6.55,都市：住
RPVNMLPJRHIFFAI78CA,白川段,34.83,都市：住
RPWOMLQJRHIFFAI09CA,車店段,79.00,都市：住
RPWOMLQJRHIFFAI09CA,車店段,23.00,都市：其他
RPQNMLTJRHIFFAI68CA,下路頭段,120.00,都市：住
RPQNMLTJRHIFFAI68CA,下路頭段,8.60,都市：住
RPXOMLOKRHIFFAI09CA,同興段,1.00,都市：住
RPRNMLTJRHIFFAI78CA,下路頭段,103.00,都市：住
RPRNMLTJRHIFFAI78CA,下路頭段,8.60,都市：住
RPSNMLRJRHIFFAI68CA,車店段車店小段,29.20,都市：住
RPTNMLTJRHIFFAI98CA,下路頭段,68.00,都市：住
RPTNMLTJRHIFFAI98CA,下路頭段,8.60,都市：住
RPUNMLTJRHIFFAI09CA,下路頭段,83.00,都市：住
RPUNMLTJRHIFFAI09CA,下路頭段,8.60,都市：住
RPSNMLTJRHIFFAI88CA,下路頭段,99.00,都市：住
RPSNMLTJRHIFFAI88CA,下路頭段,8.60,都市：住
RPXNMLOLRHIFFAI09CA,西門段八小段,137.61,都市：商
RPOPMLOKRHIFFAI28CA,同興段,1.00,都市：住
RPPPMLOKRHIFFAI38CA,同興段,2.00,都市：住
RPWNMLNLRHIFFAI88CA,山下段,18.82,都市：住
RPOOMLMJRHIFFAI87CA,竹圍子段二小段,119.00,都市：住
RPWNMLKMQHIFFAI58CA,下路頭段,7.07,都市：住
RPXNMLOJRHIFFAI98DA,竹圍子段,3.84,都市：其他
RPROMLLKRHIFFAI28DA,短竹段,14.66,都市：住
RPXNMLNJRHIFFAI88DA,新富段三小段,168.00,都市：商
RPTNMLNJRHIFFAI58EA,湖內段,11.98,都市：住
RPSNMLMJRHIFFAI38EA,遠東段,34.00,都市：住
RPTNMLNJRHIFFAI58EA,湖內段,9.48,都市：住
RPSNMLMJRHIFFAI38EA,遠東段,176.00,都市：住
RPPNMLMJRHIFFAI08EA,興村段,34.40,都市：住
RPQNMLRLRHIFFAI88EA,新富段四小段,5.46,都市：商
RPPNMLOJRHIFFAI28EA,後庄段,233.00,都市：住
RPRNMLOJRHIFFAI48EA,下路頭段,.01,都市：住
RPRNMLOJRHIFFAI48EA,下路頭段,60.44,都市：住
RPVNMLNJRHIFFAI78EA,台斗坑段,19.18,都市：住
RPVNMLNJRHIFFAI78EA,台斗坑段,.01,都市：住
RPQNMLPLRHIFFAI48CA,港子坪段,143.00,都市：住
RPSPMLOKRHIFFAI68CA,下路頭段,18.73,都市：住
RPTPMLOKRHIFFAI78CA,下路頭段,16.09,都市：住
RPTNMLQJRHIFFAI68CA,港子坪段,643.00,都市：工
RPUNMLQJRHIFFAI78CA,竹圍子段三小段,31.41,都市：住
RPPNMLTLRHIFFAI78CA,新富段一小段,110.00,都市：住
RPPNMLTLRHIFFAI78CA,新富段一小段,26.50,都市：住
RPXNMLNLRHIFFAI98CA,車店段車店小段,8.41,都市：住
RPWOMLQLRHIFFAI66CA,台斗坑段,17.73,都市：住
RPQOMLKKRHIFFAI97CA,崎頂段,1004.00,都市：農
RPTNMLOJRHIFFAI48CA,盧厝段,95.00,都市：住
RPUNMLOJRHIFFAI58CA,盧厝段,56.00,都市：住
RPQNMLRJRHIFFAI48CA,湖內段,22.33,都市：住
RPQNMLOJRHIFFAI38EA,後庄段,243.00,都市：住
RPTPMLLKRHIFFAI48CA,竹圍子段,74.00,都市：住
RPUOMLLKRHIFFAI68EA,黑金段,29.00,都市：商
RPUOMLLKRHIFFAI68EA,黑金段,10.00,都市：商
RPSPMLLKRHIFFAI38CA,彌陀段,10.25,都市：住
RPSOMLLKRHIFFAI38DA,荖藤段,681.00,都市：農
RPSOMLLKRHIFFAI38DA,荖藤段,138.44,都市：農
RPVNMLLLRHIFFAI58CA,盧厝段,43.33,都市：住
RPWNMLNJRHIFFAI88EA,台斗坑段,98.00,都市：住
RPUNMLRKRHIFFAI98CA,短竹段,166.00,都市：住
RPUNMLRKRHIFFAI98CA,短竹段,163.00,都市：住
RPSNMLNKRHIFFAI48DA,榮段二小段,40.75,都市：住
RPRNMLNKRHIFFAI38DA,玉川段,690.00,都市：住
RPRNMLNKRHIFFAI38DA,玉川段,58.00,都市：住
RPQOMLOJRHIFFAI38DA,埤子頭段,15.00,都市：住
RPQOMLOJRHIFFAI38DA,埤子頭段,45.00,都市：住
RPSNMLOLRHIFFAI78EA,短竹段,.31,都市：住
RPSNMLOLRHIFFAI78EA,短竹段,4.94,都市：住
RPPOMLQJRHIFFAI48DA,下路頭段,105.00,都市：住
RPWOMLTJRHIFFAI86DA,下埤段,.18,都市：住
RPWOMLTJRHIFFAI86DA,下埤段,78.30,都市：住
RPXNMLKKRHIFFAI68DA,下路頭段,92.00,都市：商
RPUNMLPJRHIFFAI88EA,盧厝段,12.04,都市：住
RPSNMLLKRHIFFAI38EA,下路頭段,53.00,都市：住
RPXOMLLKRHIFFAI78CA,竹圍子段,65.00,都市：住
RPQPMLOKRHIFFAI48CA,埤子頭段新厝小段,38.00,都市：住
RPQPMLOKRHIFFAI48CA,埤子頭段新厝小段,38.00,都市：住
RPPNMLRJRHIFFAI38CA,下路頭段,60.00,都市：住
RPRPMLOKRHIFFAI58CA,劉厝段玉山小段,157.95,都市：住
RPSNMLKKRHIFFAI08CA,白川段,10.30,都市：住
RPVNMLTJRHIFFAI56CA,下路頭段,92.00,都市：住
RPVNMLTJRHIFFAI56CA,下路頭段,8.60,都市：住
RPOOMLNLRHIFFAI18CA,盧東段,99.65,都市：住
RPOOMLNLRHIFFAI18CA,盧東段,35.96,都市：住
RPOOMLNLRHIFFAI18CA,盧東段,.02,都市：住
RPTNMLLKRHIFFAI48EA,軍輝段,101.00,都市：住
RPPNMLRLRHIFFAI68DA,下路頭段,8.70,都市：住
RPOOMLLLRHIFFAI97CA,北湖段,119.00,都市：住
RPUNMLOLRHIFFAI98EA,下路頭段,19.84,都市：住
RPSNMLMKRHIFFAI48EA,港子坪段港坪小段,232.00,都市：住
RPVNMLOLRHIFFAI09EA,下路頭段,112.00,都市：住
RPWNMLOLRHIFFAI56EA,下路頭段,112.00,都市：住
RPWNMLKKRHIFFAI58DA,短竹段,81.00,都市：住
RPXNMLLJJIIFFAI08EA,長竹段,32.98,都市：住
RPOOMLQKRHIFFAI48DA,中庄段,64.00,都市：住
RPPOMLNLRHIFFAI28CA,湖內段,25.12,都市：住
RPROMLNLRHIFFAI48CA,車店段車店小段,12.25,都市：住
RPXNMLLLRHIFFAI78CA,下路頭段,7.61,都市：住
RPROMLOKRHIFFAI48CA,何庄段,94.08,都市：住
RPPNMLNLRHIFFAI18CA,遠東段,13.06,都市：住
RPQNMLTKRHIFFAI78CA,下路頭段,24.29,都市：住
RPSNMLLLRHIFFAI28CA,台斗坑段,11.89,都市：住
RPVNMLSKRHIFFAI56CA,遠東段,16.80,都市：住
RPPOMLQKRHIFFAI48CA,北門段六小段,64.00,都市：商
RPPOMLQKRHIFFAI48CA,北門段六小段,17.00,都市：商
RPPOMLOKRHIFFAI28CA,堀川段,206.00,都市：住
RPPOMLOKRHIFFAI28CA,堀川段,21.00,都市：其他
SPSNMLLLRHIFFAI38CA,台斗坑段,14.57,都市：住
RPPNMLKKRHIFFAI77CA,下路頭段,107.00,都市：住
RPXNMLTJRHIFFAI76CA,軍輝段,67.00,都市：住
RPWNMLTJRHIFFAI66CA,車店段,97.00,都市：住
RPRNMLKKRHIFFAI97CA,下路頭段,23.80,都市：住
RPWOMLLKRHIFFAI68CA,盧厝段,61.00,都市：住
RPXNMLPLRHIFFAI56CA,埤子頭段,72.00,都市：住
RPQPMLLKRHIFFAI18CA,短竹段,5.12,都市：住
RPQNMLQLRHIFFAI58CA,劉厝段玉山小段,122.52,都市：住
RPWNMLKMRHIFFAI68CA,台斗坑段,148.00,都市：商
RPVNMLLJIIIFFAI57CA,竹圍子段,48.00,都市：住
RPVNMLLJIIIFFAI57CA,竹圍子段,7.00,都市：住
RPUOMLNJIIIFFAI77CA,車店段車店小段,135.00,都市：住
RPPPMLLKRHIFFAI08CA,短竹段,8.10,都市：住
RPTOMLTJRHIFFAI09CA,竹圍子段一小段,19.55,都市：住
RPWOMLOKRHIFFAI98CA,新厝段,51.00,都市：住
RPSNMLMJIIIFFAI37CA,埤子頭段,21.22,都市：住
RPQNMLQJIIIFFAI57CA,下路頭段,20.80,都市：住
RPXNMLKMRHIFFAI78CA,下路頭段,24.10,都市：住
RPXNMLKMRHIFFAI78CA,下路頭段,.02,都市：其他
RPRNMLTKRHIFFAI88CA,彌陀段,11.22,都市：住
RPOPMLTJRHIFFAI68CA,白川段,10.00,都市：住
RPOOMLKKRHIFFAI87DA,下路頭段,88.00,都市：住
RPUOMLKKRHIFFAI58EA,下路頭段,71.00,都市：住
RPUOMLKKRHIFFAI58EA,下路頭段,29.50,都市：住
RPUOMLKKRHIFFAI58EA,下路頭段,33.87,都市：住
RPUOMLKKRHIFFAI58EA,下路頭段,5.47,都市：住
RPRNMLMKRHIFFAI38EA,北園段,97.00,都市：住
RPRNMLMKRHIFFAI38EA,北園段,.23,都市：住
RPQNMLNLRHIFFAI48EA,短竹段,167.00,都市：商
RPPOMLKKRHIFFAI97DA,玉川段,21.33,都市：住
RPPOMLKKRHIFFAI97DA,下路頭段,8.70,都市：住
RPSNMLTKRHIFFAI98CA,竹圍子段二小段,4.90,都市：住
RPRNMLQKRHIFFAI58CA,興村段,2.57,都市：商
RPRNMLQKRHIFFAI58CA,興村段,15.51,都市：商
RPPNMLOKRHIFFAI18CA,後庄段,137.00,都市：住
RPPNMLSKRHIFFAI58CA,竹村段,739.26,都市：其他
RPPNMLSKRHIFFAI58CA,竹村段,739.26,都市：其他
RPPNMLSKRHIFFAI58CA,竹村段,224.92,都市：其他
RPPNMLSKRHIFFAI58CA,竹村段,224.92,都市：其他
RPPNMLSKRHIFFAI58CA,竹村段,1312.72,都市：其他
RPPNMLSKRHIFFAI58CA,竹村段,1312.72,都市：其他
RPPNMLSKRHIFFAI58CA,竹村段,77.52,都市：其他
RPPNMLSKRHIFFAI58CA,竹村段,77.52,都市：其他
RPPNMLSKRHIFFAI58CA,竹村段,38.62,都市：其他
RPPNMLSKRHIFFAI58CA,竹村段,38.62,都市：其他
RPPNMLSKRHIFFAI58CA,竹村段,4.63,都市：其他
RPPNMLSKRHIFFAI58CA,竹村段,4.63,都市：其他
RPPNMLSKRHIFFAI58CA,竹村段,275.32,都市：其他
RPPNMLSKRHIFFAI58CA,竹村段,275.32,都市：其他
RPQNMLLLRHIFFAI08CA,竹村段,22.96,都市：住
RPQNMLLLRHIFFAI08CA,竹村段,254.24,都市：住
RPQNMLLLRHIFFAI08CA,竹村段,9.16,都市：住
RPQNMLLLRHIFFAI08CA,竹村段,12.11,都市：住
RPWNMLPLRHIFFAI09CA,新富段二小段,21.73,都市：住
RPWNMLPLRHIFFAI09CA,新富段二小段,.07,都市：住
RPRNMLOLRHIFFAI48CA,港子坪段,71.00,都市：住
RPOOMLRLRHIFFAI58CA,竹圍子段中興小段,51.66,都市：商
RPUNMLQKRHIFFAI88CA,盧厝段,263.00,都市：農
RPUNMLQKRHIFFAI88CA,盧厝段,316.00,都市：住
RPOPMLNLRHIFFAI28CA,長竹段,77.00,都市：住
RPTNMLTKRHIFFAI09CA,埤子頭段,19.89,都市：住
RPTOMLLKRHIFFAI38CA,港子坪段港坪小段,16.01,都市：住
RPSOMLNLRHIFFAI58CA,末廣段四小段,1.08,都市：住
RPSOMLNLRHIFFAI58CA,末廣段四小段,53.00,都市：住
RPSOMLNLRHIFFAI58CA,末廣段四小段,.75,都市：住
RPSNMLLKIIIFFAI37CA,中山段三小段,.14,都市：住
RPSNMLLKIIIFFAI37CA,中山段三小段,22.18,都市：住
RPUNMLTKRHIFFAI56CA,長竹段,68.00,都市：住
RPWNMLQKRHIFFAI09CA,車店段車店小段,171.00,都市：住
RPVNMLQKRHIFFAI98CA,下路頭段,53.00,都市：住
RPTNMLOKRHIFFAI58CA,盧厝段,201.00,都市：住
RPROMLQLRHIFFAI78CA,竹圍子段二小段,18.56,都市：商
RPQOMLOKRHIFFAI38CA,車店段,9.14,都市：住
RPSNMLOJIIIFFAI57CA,盧厝段,62.00,都市：住
RPTNMLQLRHIFFAI98DA,育人段,417.88,都市：住
RPTNMLQLRHIFFAI98DA,育人段,33.49,都市：住
RPUNMLNKRHIFFAI78EA,竹圍子段中興小段,79.00,都市：商
RPVOMLNLRHIFFAI98DA,車店段,93.00,都市：住
RPVOMLNLRHIFFAI98DA,車店段,3.00,都市：住
RPVOMLNLRHIFFAI98DA,車店段,92.00,都市：住
RPRNMLSKRHIFFAI98EA,車店段車店小段,7.89,都市：住
RPOOMLPLRHIFFAI38CA,中山段五小段,7.14,都市：商
RPOOMLPLRHIFFAI38CA,中山段五小段,87.00,都市：商
RPRNMLOKRHIFFAI58EA,下路頭段,136.00,都市：住
RPUNMLOKRHIFFAI68CA,下埤段,2132.06,都市：農
RPVNMLOKRHIFFAI78CA,下埤段,117.54,都市：農
RPVNMLOKRHIFFAI78CA,下埤段,59.92,都市：農
RPVNMLOKRHIFFAI78CA,下埤段,189.72,都市：農
RPVNMLOKRHIFFAI78CA,下埤段,75.31,都市：農
RPVNMLOKRHIFFAI78CA,下埤段,89.71,都市：農
RPVNMLOKRHIFFAI78CA,下埤段,100.95,都市：農
RPVNMLOKRHIFFAI78CA,下埤段,251.21,都市：農
RPVNMLOKRHIFFAI78CA,下埤段,110.84,都市：農
RPVNMLOKRHIFFAI78CA,下埤段,55.80,都市：農
RPPNMLRKRHIFFAI48CA,湖內段,168.00,都市：住
RPQNMLOKRHIFFAI48EA,埤子頭段,25.52,都市：住
RPTNMLOKRHIFFAI78EA,短竹段,4.88,都市：住
RPRNMLTJIIIFFAI97CA,竹圍子段二小段,8.33,都市：住
RPPNMLQKRHIFFAI38CA,後庄段,29.45,都市：住
RPPNMLQKRHIFFAI38CA,後庄段,85.00,都市：住
RPTNMLNLRHIFFAI58CA,中山段六小段,139.00,都市：住
RPTNMLQKRHIFFAI78CA,頭港段,19.14,都市：住
RPTNMLQKRHIFFAI78CA,頭港段,8.53,都市：住
RPVNMLTKRHIFFAI66CA,短竹段,8.00,都市：住
RPVNMLTKRHIFFAI66CA,短竹段,41.00,都市：住
RPSNMLQKRHIFFAI68CA,竹圍子段,.21,都市：住
RPSNMLQKRHIFFAI68CA,竹圍子段,97.00,都市：住
RPSNMLQKRHIFFAI68CA,竹圍子段,15.83,都市：住
RPXNMLRKRHIFFAI66CA,北湖段,.33,都市：住
RPXNMLRKRHIFFAI66CA,北湖段,80.00,都市：住
RPXNMLQKRHIFFAI56CA,港子坪段港坪小段,22.98,都市：住
RPPNMLLLRHIFFAI97CA,太平段,9.00,都市：住
RPPNMLLLRHIFFAI97CA,太平段,236.00,都市：住
RPPNMLLLRHIFFAI97CA,太平段,18.40,都市：住
RPQNMLKKIIIFFAI07CA,軍輝段,12.78,都市：住
RPRNMLKKIIIFFAI17CA,港子坪段港坪小段,16.62,都市：住
RPRNMLPLRHIFFAI58CA,遠東段,8.86,都市：住
RPTNMLLJIIIFFAI37CA,民族段五小段,2.17,都市：住
RPTNMLLJIIIFFAI37CA,民族段五小段,51.00,都市：住
RPTNMLLJIIIFFAI37CA,民族段五小段,7.78,都市：住
RPXNMLMKIIIFFAI97CA,後庄段,90.00,都市：住
RPQOMLPLRHIFFAI58CA,盧厝段,22.49,都市：住
RPQOMLPLRHIFFAI58CA,盧厝段,.01,都市：其他
RPVOMLNJIIIFFAI87CA,育人段,496.16,都市：農
RPSOMLPLRHIFFAI78CA,短竹段,19.43,都市：住
RPQNMLQKRHIFFAI68EA,遠東段,4.67,都市：住
RPTOMLPLRHIFFAI88CA,頂庄段,170.00,都市：農
RPTOMLPLRHIFFAI88CA,頂庄段,93.00,都市：住
RPTOMLPLRHIFFAI88CA,頂庄段,68.00,都市：其他
RPRNMLQLRHIFFAI78DA,港子坪段港坪小段,11.42,都市：住
RPPNMLSLRHIFFAI68CA,車店段車店小段,91.00,都市：住
RPRNMLSLRHIFFAI88CA,劉厝段玉山小段,86.41,都市：住
RPUNMLLKIIIFFAI67DA,新富段五小段,155.00,都市：商
RPWNMLRKRHIFFAI56CA,港子坪段,1646.00,都市：住
RPWNMLLLRHIFFAI68CA,白川段,89.00,都市：住
RPWNMLLKIIIFFAI77CA,短竹段,3.39,都市：住
RPQOMLQKRHIFFAI78EA,榮段一小段,55.94,都市：住
RPOOMLOLRHIFFAI28CA,車店段,26.98,都市：住
RPOOMLOLRHIFFAI28CA,白川段,4.29,都市：住
RPTNMLRJIIIFFAI08DA,埤子頭段,25.36,都市：住
RPTNMLRJIIIFFAI08DA,埤子頭段,1.49,都市：住
RPQNMLSKRHIFFAI68CA,下路頭段,75.00,都市：住
RPRNMLPKIIIFFAI67CA,竹圍子段,7.50,都市：住
RPPOMLSJIIIFFAI77CA,短竹段,75.00,都市：住
RPQOMLOLRHIFFAI58DA,盧厝段,90.00,都市：住
RPOOMLSJIIIFFAI67CA,短竹段,82.00,都市：住
RPTNMLOJIIIFFAI67CA,車店段,85.00,都市：住
RPVNMLSLRHIFFAI66CA,竹圍子段,18.44,都市：住
RPVNMLRJIIIFFAI28DA,遠東段,86.00,都市：住
RPRNMLSJIIIFFAI97DA,遠東段,95.00,都市：住
RPOOMLRJIIIFFAI67DA,遠東段,139.00,都市：住
RPSNMLSLRHIFFAI98CA,盧厝段,11.55,都市：住
RPSNMLSLRHIFFAI98CA,長竹段,.13,都市：住
RPTOMLRJIIIFFAI18DA,遠東段,138.00,都市：住
RPSOMLRJIIIFFAI08DA,遠東段,108.00,都市：住
RPVNMLNLRHIFFAI98EA,頭港段,28.35,都市：住
RPWOMLNLRHIFFAI09DA,南門段四小段,48.00,都市：商
RPWOMLNLRHIFFAI09DA,南門段四小段,123.00,都市：商
RPWOMLNLRHIFFAI09DA,南門段四小段,121.00,都市：商
RPPNMLOLRHIFFAI48EA,下路頭段,64.00,都市：住
RPUOMLRJIIIFFAI28DA,遠東段,86.00,都市：住
RPWOMLRJIIIFFAI48DA,遠東段,95.00,都市：住
RPPOMLOLRHIFFAI38CA,玉川段,192.00,都市：住
RPUNMLSLRHIFFAI56CA,檜段四小段,3.99,都市：住
RPRNMLKMRHIFFAI38EA,東川段,21.44,都市：住
RPWNMLSLRHIFFAI76CA,興村段,106.00,都市：住
RPSNMLRLRHIFFAI88CA,港子坪段港坪小段,12.90,都市：商
RPOPMLLJIIIFFAI07CA,劉厝段玉山小段,99.36,都市：住
RPTOMLQLRHIFFAI98CA,埤子頭段新厝小段,56.00,都市：住
RPPNMLQLIIIFFAI67CA,遠東段,7.46,都市：住
RPQOMLNLRHIFFAI38CA,中山段三小段,9.25,都市：住
RPWNMLPKIIIFFAI18CA,竹圍子段中興小段,357.00,都市：商
RPUNMLMJIIIFFAI57CA,興村段,6.60,都市：住
RPPNMLRKIIIFFAI67CA,港子坪段港坪小段,31.33,都市：住
RPSNMLNLRHIFFAI48CA,劉厝段劉厝小段,38.00,都市：住
RPSNMLNLRHIFFAI48CA,劉厝段劉厝小段,38.00,都市：住
RPTNMLSLRHIFFAI09CA,港子坪段港坪小段,12.75,都市：住
RPTNMLSLRHIFFAI09CA,港子坪段港坪小段,21.00,都市：住
RPTNMLPLRHIFFAI78CA,白川段,35.76,都市：住
RPWNMLQLRHIFFAI56CA,港子坪段,78.00,都市：住
RPXNMLQLRHIFFAI66CA,港子坪段,79.00,都市：住
RPPPMLRJIIIFFAI87DA,下路頭段,31.00,都市：其他
RPUNMLQLRHIFFAI98CA,港子坪段,78.00,都市：住
RPTPMLRJIIIFFAI28DA,下路頭段,126.00,都市：其他
RPQOMLRJIIIFFAI87DA,下路頭段,83.00,都市：其他
RPUPMLRJIIIFFAI38DA,下路頭段,299.33,都市：其他
RPSOMLQLRHIFFAI09EA,車店段車店小段,7.97,都市：住
RPXOMLRJIIIFFAI58DA,下路頭段,34.00,都市：其他
RPXOMLNLRHIFFAI56DA,太平段,12.05,都市：住
RPXOMLNLRHIFFAI56DA,盧厝段,4.95,都市：住
RPQNMLOLRHIFFAI58EA,埤子頭段,115.00,都市：住
RPUNMLLJIIIFFAI57DA,末廣段三小段,32.00,都市：商
RPPOMLQLRHIFFAI78EA,埤子頭段,62.00,都市：住
RPSNMLPLRHIFFAI78DA,下路頭段,52.55,都市：住
RPSNMLPLRHIFFAI78DA,下路頭段,.01,都市：住
RPVOMLQLRHIFFAI76EA,短竹段,35.78,都市：其他
RPVOMLQLRHIFFAI76EA,短竹段,.00,都市：其他
RPTNMLKKIIIFFAI37CA,竹圍子段二小段,10.39,都市：住
RPSNMLQLRHIFFAI88DA,中山段七小段,53.00,都市：住
RPSNMLQLRHIFFAI88DA,中山段七小段,96.00,都市：住
RPVOMLLJIIIFFAI67CA,竹圍子段,94.00,都市：住
RPTNMLNJIIIFFAI57CA,中庄段,42.64,都市：住
RPSNMLKKIIIFFAI27CA,湖內段,14.48,都市：住
RPVNMLMKIIIFFAI77CA,短竹段,10.74,都市：住
RPTNMLKMRHIFFAI38CA,竹圍子段一小段,10.84,都市：住
RPXNMLRLRHIFFAI76CA,中山段六小段,42.00,都市：住
RPTOMLLJIIIFFAI47CA,短竹段,7.41,都市：住
RPPNMLQLRHIFFAI48CA,頂庄段,502.00,都市：農
RPXOMLQLRHIFFAI76CA,元段五小段,20.38,都市：商
RPOOMLQLRHIFFAI48CA,港子坪段,97.00,都市：住
RPVNMLKKIIIFFAI57CA,埤子頭段,95.00,都市：住
RPVNMLKKIIIFFAI57CA,埤子頭段,103.00,都市：住
RPVOMLQLRHIFFAI56CA,下路頭段,81.00,都市：住
RPUNMLKKIIIFFAI47CA,埤子頭段,86.00,都市：住
RPTNMLRLRHIFFAI98CA,竹圍子段,22.44,都市：住
RPTNMLRLRHIFFAI98CA,竹圍子段,84.00,都市：住
RPOOMLOJIIIFFAI27CA,車店段,34.51,都市：住
RPOOMLOJIIIFFAI27CA,白川段,3.27,都市：住
RPUOMLQLRHIFFAI09CA,遠東段,15.86,都市：住
RPOOMLMLIIIFFAI27CA,港子坪段,14.46,都市：住
RPQNMLLLIIIFFAI27CA,下路頭段,56.00,都市：住
RPWNMLKKIIIFFAI67CA,後庄段,109.00,都市：住
RPVNMLQLRHIFFAI56DA,劉厝段劉厝小段,2097.00,都市：農
RPXNMLTJIIIFFAI68DA,東門段四小段,9.36,都市：住
RPXNMLTJIIIFFAI68DA,東門段四小段,15.81,都市：住
RPXNMLLJIIIFFAI97EA,白川段,4.00,都市：住
RPTNMLOLIIIFFAI87CA,太平段,75.00,都市：住
RPWNMLLJIIIFFAI87EA,白川段,7.00,都市：住
RPQOMLQLRHIFFAI88EA,新富段二小段,26.14,都市：住
RPQOMLQLRHIFFAI88EA,新富段二小段,.09,都市：住
RPSNMLOLIIIFFAI77CA,太平段,15.28,都市：住
RPVOMLRJIIIFFAI38DA,遠東段,95.00,都市：住
RPUNMLRJIIIFFAI18DA,竹圍子段二小段,9.63,都市：住
RPUNMLRLRHIFFAI09CA,下路頭段,57.00,都市：住
RPXNMLKKIIIFFAI77CA,遠東段,81.00,都市：住
RPPNMLKLIIIFFAI07CA,遠東段,17.73,都市：住
RPVNMLOJIIIFFAI87CA,玉川段,27.00,都市：住
RPVNMLOJIIIFFAI87CA,玉川段,47.00,都市：住
RPRNMLQKIIIFFAI97EA,短竹段,6.01,都市：住
RPPOMLTJIIIFFAI87CA,短竹段,11.00,都市：商
RPPOMLTJIIIFFAI87CA,短竹段,497.00,都市：商
RPPOMLTJIIIFFAI87CA,短竹段,96.00,都市：其他
RPQNMLNLIIIFFAI57DA,台斗坑段,36.60,都市：住
RPQNMLPJIIIFFAI47CA,盧厝段,10.78,都市：住
RPQNMLPJIIIFFAI47CA,長竹段,.12,都市：住
RPRNMLPJIIIFFAI57CA,長竹段,22.58,都市：住
RPRNMLRLRHIFFAI78CA,短竹段,3.57,都市：住
RPSNMLPJIIIFFAI67CA,興村段,65.00,都市：住
RPWNMLNJIIIFFAI87CA,溪東段,21.35,都市：農
RPXNMLNJIIIFFAI97CA,鳥岫段,1463.71,都市：農
RPXNMLNJIIIFFAI97CA,鳥岫段,41.00,都市：農
RPUNMLKMRHIFFAI48CA,同興段,88.00,都市：住
RPSOMLLJIIIFFAI37CA,埤子頭段,11.56,都市：住
RPXOMLLJIIIFFAI87CA,盧東段,216.85,都市：農
RPRNMLMJIIIFFAI27CA,車店段車店小段,8.41,都市：住
RPVNMLKMRHIFFAI58CA,下路頭段,56.38,都市：住
RPWOMLLJIIIFFAI77CA,港子坪段港坪小段,133.00,都市：住
RPVNMLRLRHIFFAI56CA,短竹段,3.49,都市：住
RPPOMLLJIIIFFAI07CA,下路頭段,10.00,都市：住
RPPOMLLJIIIFFAI07CA,下路頭段,69.00,都市：住
RPQNMLLJIIIFFAI07CA,埤子頭段,107.00,都市：住
RPQNMLMJIIIFFAI17CA,港子坪段港坪小段,15.26,都市：住
RPWOMLNJIIIFFAI97CA,埤子頭段,66.84,都市：住
RPSNMLMKIIIFFAI47CA,北社尾段保安小段,5.77,都市：住
RPSNMLMKIIIFFAI47CA,北社尾段保安小段,7.49,都市：住
RPXNMLPKIIIFFAI28CA,車店段車店小段,108.00,都市：住
RPPOMLNJIIIFFAI27CA,新厝段,86.45,都市：住
RPPOMLNJIIIFFAI27CA,新厝段,.31,都市：住
RPTNMLMKIIIFFAI57CA,台斗坑段,21.48,都市：住
RPTNMLMKIIIFFAI57CA,台斗坑段,.01,都市：住
RPPNMLNKIIIFFAI27CA,埤子頭段,29.00,都市：住
RPPNMLNKIIIFFAI27CA,埤子頭段,109.00,都市：住
RPOPMLRJIIIFFAI67CA,車店段,15.70,都市：住
RPQNMLNKIIIFFAI37CA,車店段車店小段,32.40,都市：住
RPROMLNLIIIFFAI67CA,埤子頭段,27.65,都市：住
RPPNMLKMRHIFFAI18EA,崎頂段,65.00,都市：農
RPRNMLNKIIIFFAI47CA,短竹段,13.33,都市：住
RPQNMLRKIIIFFAI77CA,下路頭段,24.18,都市：住
RPPNMLSJIIIFFAI87EA,元段四小段,70.00,都市：商
RPPNMLSJIIIFFAI87EA,元段四小段,8.00,都市：商
RPQNMLKMRHIFFAI28EA,車店段,9.15,都市：住
RPQNMLKMRHIFFAI28EA,白川段,18.04,都市：住
RPSNMLLJIIIFFAI37DA,竹圍子段一小段,92.38,都市：住
RPTNMLNJIIIFFAI77EA,下路頭段,89.00,都市：商
RPUNMLNJIIIFFAI77DA,短竹段,8.31,都市：商
RPUNMLNJIIIFFAI77DA,短竹段,6.96,都市：商
RPRNMLNJIIIFFAI47DA,竹圍子段三小段,58.95,都市：住
RPPNMLLJIIIFFAI17EA,北社尾段保安小段,6.06,都市：住
RPPNMLLJIIIFFAI17EA,北社尾段保安小段,7.86,都市：住
RPPOMLRKIIIFFAI87DA,下路頭段,36.48,都市：住
RPPOMLRKIIIFFAI87DA,下路頭段,.35,都市：住
RPWPMLRJIIIFFAI48CA,下路頭段,69.00,都市：住
RPTNMLRKIIIFFAI28EA,北社尾段保安小段,75.00,都市：住
RPTNMLRKIIIFFAI28EA,北社尾段保安小段,9.64,都市：住
RPTNMLRKIIIFFAI28EA,北社尾段保安小段,5.09,都市：住
RPTNMLRKIIIFFAI28EA,北社尾段保安小段,4.73,都市：住
RPTNMLRKIIIFFAI28EA,北社尾段保安小段,.18,都市：住
RPSNMLNKIIIFFAI57CA,劉厝段,34.61,都市：住
RPXNMLPLIIIFFAI38CA,仁義段,13.55,都市：住
RPSNMLOJIIIFFAI77EA,彌陀段,75.00,都市：住
RPPNMLPJIIIFFAI37CA,遠東段,81.00,都市：住
RPSNMLRJIIIFFAI87CA,湖子內段湖內小段,2176.00,都市：農
RPPNMLMJIIIFFAI17DA,竹圍子段,86.00,都市：住
RPPNMLMJIIIFFAI17DA,竹圍子段,8.00,都市：住
RPQNMLTKIIIFFAI97CA,長竹段,109.00,都市：住
RPUNMLPJIIIFFAI87CA,西門段三小段,8.50,都市：住
RPUNMLPJIIIFFAI87CA,西門段三小段,2.13,都市：住
RPXNMLPJIIIFFAI18CA,北門段七小段,6.53,都市：住
RPRNMLRJIIIFFAI77CA,下路頭段,71.00,都市：住
RPRNMLRJIIIFFAI77CA,下路頭段,74.00,都市：住
RPTNMLPJIIIFFAI77CA,新富段八小段,3.82,都市：住
RPTNMLPJIIIFFAI77CA,末廣段一小段,.11,都市：住
RPQNMLRJIIIFFAI67CA,竹圍子段,18.44,都市：住
RPQNMLOJIIIFFAI37CA,盧厝段,370.00,都市：住
RPQOMLLJIIIFFAI17CA,長竹段,31.50,都市：住
RPQOMLLJIIIFFAI17CA,長竹段,151.00,都市：住
RPVNMLMJIIIFFAI67CA,盧厝段,242.00,都市：住
RPROMLLJIIIFFAI27CA,盧厝段,12.17,都市：住
RPROMLLJIIIFFAI27CA,長竹段,.13,都市：住
RPTNMLMJIIIFFAI47CA,竹圍子段,113.00,都市：住
RPQPMLRJIIIFFAI87CA,盧東段,232.23,都市：農
RPWNMLMKIIIFFAI87CA,車店段車店小段,33.96,都市：住
RPUNMLTJIIIFFAI28CA,末廣段五小段,22.36,都市：住
RPRNMLTKIIIFFAI08CA,北社尾段,12.36,都市：住
RPRNMLKMIIIFFAI47DA,檜段三小段,4516.00,都市：商
RPRNMLKMIIIFFAI47DA,檜段三小段,480.80,都市：商
RPSNMLRKIIIFFAI97CA,劉厝段劉厝小段,19.06,都市：住
RPSNMLRKIIIFFAI97CA,劉厝段劉厝小段,76.00,都市：住
RPROMLMLIIIFFAI57CA,劉厝段劉厝小段,156.00,都市：住
RPXOMLRJIIIFFAI68EA,長竹段,31.00,都市：住
RPXOMLRJIIIFFAI68EA,長竹段,129.00,都市：住
RPVNMLPLIIIFFAI38EA,車店段車店小段,143.00,都市：住
RPQOMLRKIIIFFAI97DA,北社尾段保安小段,11.40,都市：住
RPTOMLLMIIIFFAI77CA,短竹段,1.44,都市：其他
RPTOMLLMIIIFFAI77CA,短竹段,22.70,都市：其他
RPRNMLOJIIIFFAI67EA,港子坪段港坪小段,128.00,都市：住
RPRNMLOJIIIFFAI67EA,港子坪段港坪小段,120.00,都市：住
RPSNMLTLIIIFFAI48EA,盧厝段,25.88,都市：住
RPSNMLTLIIIFFAI48EA,盧厝段,.02,都市：住
RPUNMLQLIIIFFAI18CA,同興段,77.28,都市：住
RPUNMLQLIIIFFAI18CA,同興段,1.73,都市：住
RPQOMLQKIIIFFAI77CA,下路頭段,24.00,都市：住
RPQOMLQKIIIFFAI77CA,下路頭段,2.97,都市：住
RPSNMLNJIIIFFAI57DA,竹圍子段三小段,22.64,都市：住
RPPNMLQJIIIFFAI47CA,下路頭段,51.00,都市：住
RPPNMLQJIIIFFAI47CA,下路頭段,35.00,都市：住
RPQOMLSJIIIFFAI87CA,車店段,163.00,都市：住
RPVNMLNJIIIFFAI77CA,港子坪段,97.00,都市：住
RPVNMLLKIIIFFAI67CA,後庄段,123.00,都市：住
RPUNMLMKIIIFFAI67CA,湖內段,70.00,都市：住
RPUNMLMKIIIFFAI67CA,湖內段,3.25,都市：住
RPUNMLMKIIIFFAI67CA,湖內段,13.92,都市：住
RPWNMLPJIIIFFAI08CA,短竹段,3.57,都市：住
RPSPMLRJIIIFFAI08CA,湖子內段湖內小段,385.67,都市：農
RPPNMLRJIIIFFAI57CA,劉厝段劉厝小段,1378.00,都市：農
RPVNMLPJIIIFFAI97CA,竹圍子段,16.48,都市：住
RPXPMLRJIIIFFAI58CA,竹圍子段三小段,28.35,都市：住
RPWNMLOKIIIFFAI08CA,盧厝段,86.00,都市：住
RPRNMLOKIIIFFAI57CA,竹圍子段,13.14,都市：住
RPVNMLQKIIIFFAI18CA,竹圍子段二小段,10.39,都市：住
RPSNMLTKIIIFFAI18CA,短竹段,6.91,都市：住
RPVNMLSLIIIFFAI48CA,短竹段,.32,都市：住
RPVNMLSLIIIFFAI48CA,短竹段,5.05,都市：住
RPXNMLOJIIIFFAI28EA,埤子頭段新厝小段,77.00,都市：住
RPROMLNJIIIFFAI47CA,盧厝段,112.00,都市：住
RPROMLNJIIIFFAI47CA,盧厝段,25.00,都市：住
RPPOMLQKIIIFFAI67CA,盧厝段,11.74,都市：住
RPQOMLOJIIIFFAI67EA,軍輝段,13.05,都市：住
RPTQMLTLIIIFFAI68CA,新富段三小段,6.00,都市：商
RPPNMLOJIIIFFAI37DA,頭港段,133.92,都市：住
RPPNMLOJIIIFFAI37DA,頭港段,677.88,都市：住
RPPNMLOJIIIFFAI37DA,頭港段,10.69,都市：農
RPQOMLNJIIIFFAI47DA,埤子頭段,25.18,都市：住
RPPNMLTJIIIFFAI87DA,末廣段二小段,120.00,都市：住
RPROMLLJJIIFFAI37CA,榮段二小段,153.00,都市：商
RPPNMLLKIIIFFAI07CA,盧厝段,43.00,都市：住
RPPNMLLKIIIFFAI07CA,盧厝段,254.00,都市：住
RPOOMLTJIIIFFAI87DA,新富段八小段,5.96,都市：商
RPOOMLTJIIIFFAI87DA,末廣段一小段,.18,都市：商
RPPOMLLKIIIFFAI27DA,竹圍子段,7.50,都市：住
RPTNMLRJIIIFFAI18EA,長竹段,.20,都市：住
RPTNMLRJIIIFFAI18EA,長竹段,30.20,都市：住
RPQNMLLKIIIFFAI17CA,盧厝段,165.00,都市：住
RPQNMLLKIIIFFAI17CA,盧厝段,132.00,都市：住
RPUNMLOKIIIFFAI08EA,堀川段,9.25,都市：住
RPUNMLOKIIIFFAI08EA,堀川段,81.00,都市：住
RPUNMLOKIIIFFAI08EA,堀川段,14.50,都市：住
RPUNMLPKIIIFFAI08DA,車店段車店小段,76.00,都市：住
RPVPMLRJIIIFFAI38CA,港子坪段,148.00,都市：住
RPVPMLRJIIIFFAI38CA,港子坪段,1.00,都市：住
RPPOMLLJJIIFFAI17CA,港子坪段,13.00,都市：住
RPPOMLLJJIIFFAI17CA,港子坪段,3.00,都市：住
RPPOMLLJJIIFFAI17CA,港子坪段,129.00,都市：住
RPPOMLRJIIIFFAI67CA,車店段,34.51,都市：住
RPPOMLRJIIIFFAI67CA,白川段,3.27,都市：住
RPSOMLPKIIIFFAI87CA,下路頭段,51.00,都市：住
RPSOMLPKIIIFFAI87CA,下路頭段,35.00,都市：住
RPUNMLSJIIIFFAI18CA,竹圍子段,16.84,都市：住
RPTNMLQLIIIFFAI08CA,竹圍子段,58.00,都市：住
RPTNMLQLIIIFFAI08CA,竹圍子段,82.00,都市：其他
RPTNMLQLIIIFFAI08CA,竹圍子段,179.00,都市：住
RPTNMLQLIIIFFAI08CA,竹圍子段,296.00,都市：住
RPTNMLTJIIIFFAI28DA,下路頭段,72.00,都市：住
RPXNMLSJIIIFFAI58DA,劉厝段玉山小段,155.69,都市：住
RPPNMLMKIIIFFAI17CA,北園段,16.43,都市：住
RPQNMLSJIIIFFAI77CA,西門段三小段,2.93,都市：商
RPQNMLSJIIIFFAI77CA,西門段三小段,.74,都市：商
RPOOMLOKIIIFFAI37CA,台斗坑段,19.18,都市：住
RPOOMLOKIIIFFAI37CA,台斗坑段,.01,都市：住
RPQOMLLKIIIFFAI27CA,中山段一小段,40.00,都市：住
RPQOMLLKIIIFFAI27CA,中山段一小段,18.00,都市：住
RPQOMLLKIIIFFAI27CA,中山段一小段,1.00,都市：住
RPRNMLOJJIIFFAI57CA,中庄段,35.50,都市：住
RPRNMLOJJIIFFAI57CA,中庄段,35.50,都市：住
RPROMLPKIIIFFAI77CA,後庄段,103.00,都市：住
RPROMLPKIIIFFAI77CA,後庄段,27.30,都市：住
RPQNMLMKIIIFFAI27CA,榮段二小段,56.00,都市：住
RPQNMLMKIIIFFAI27CA,榮段二小段,10.00,都市：住
RPQNMLMKIIIFFAI27CA,榮段二小段,17.00,都市：住
RPOOMLLKIIIFFAI17DA,車店段,34.51,都市：住
RPOOMLLKIIIFFAI17DA,白川段,3.27,都市：住
RPVOMLMJJIIFFAI87CA,同興段,237.78,都市：住
RPVNMLLJJIIFFAI77DA,港子坪段港坪小段,8.61,都市：住
RPRNMLLMIIIFFAI57DA,檜段二小段,87.00,都市：住
RPTNMLPKIIIFFAI08EA,短竹段,.31,都市：住
RPTNMLPKIIIFFAI08EA,短竹段,4.94,都市：住
RPXNMLSLIIIFFAI78DA,埤子頭段,9.83,都市：住
RPSNMLLLIIIFFAI67EA,竹圍子段一小段,9.67,都市：住
RPVNMLQLIIIFFAI28CA,台斗坑段,87.00,都市：住
RPQOMLMLIIIFFAI47CA,軍輝段,4.84,都市：住
RPWNMLSJIIIFFAI58EA,中庄段,.69,都市：住
RPWNMLSJIIIFFAI58EA,中庄段,2.39,都市：住
RPWNMLSJIIIFFAI58EA,中庄段,2.48,都市：住
RPWNMLSJIIIFFAI58EA,中庄段,29.10,都市：住
RPWNMLSJIIIFFAI58EA,中庄段,4.90,都市：住
RPUNMLSLIIIFFAI48DA,下路頭段,138.00,都市：住
RPQNMLKLIIIFFAI17CA,堀川段,66.00,都市：住
RPRNMLLKIIIFFAI27CA,湖內段,1484.00,都市：工
RPRNMLMKIIIFFAI37CA,盧厝段,41.69,都市：住
RPSNMLKLIIIFFAI37CA,劉厝段劉厝小段,14.63,都市：住
RPXNMLQLIIIFFAI48CA,同興段,1922.00,都市：農
RPSOMLNLIIIFFAI77CA,短竹段,87.30,都市：其他
RPSNMLTJIIIFFAI08CA,車店段,68.00,都市：住
RPTNMLLKIIIFFAI67EA,溪厝段,3966.95,都市：農
RPWNMLQKIIIFFAI28CA,車店段車店小段,26.80,都市：住
RPTNMLTKIIIFFAI28CA,竹圍子段,25.53,都市：住
RPWNMLTJIIIFFAI48CA,短竹段,5.12,都市：住
RPROMLQKIIIFFAI87CA,白川段,44.56,都市：住
RPUQMLTLIIIFFAI78CA,彌陀段,10.44,都市：住
RPPNMLMLIIIFFAI47EA,育人段,60.97,都市：住
RPTNMLOKIIIFFAI97EA,下路頭段,8.16,都市：住
RPSNMLOKIIIFFAI87EA,盧厝段,97.00,都市：住
RPXNMLLKIIIFFAI08EA,盧東段,270.25,都市：農
RPVNMLOKIIIFFAI18EA,港子坪段,71.00,都市：其他
RPVNMLOKIIIFFAI18EA,港子坪段,4.00,都市：其他
RPWOMLLMIIIFFAI08CA,埤子頭段新厝小段,95.00,都市：住
RPPNMLPKIIIFFAI57DA,劉厝段玉山小段,147.28,都市：住
RPOPMLMJJIIFFAI27CA,盧厝段,29.87,都市：住
RPSNMLPKIIIFFAI97EA,竹圍子段,15.45,都市：其他
RPSNMLPKIIIFFAI97EA,竹圍子段,106.00,都市：住
RPSNMLPKIIIFFAI97EA,竹圍子段,18.28,都市：住
RPUPMLKMIIIFFAI87CA,育人段,3.69,都市：住
RPUPMLKMIIIFFAI87CA,育人段,180.67,都市：住
RPTNMLQKIIIFFAI18EA,軍輝段,11.84,都市：住
RPXNMLRKIIIFFAI48CA,劉厝段玉山小段,83.81,都市：住
RPOOMLQKIIIFFAI57CA,台斗坑段,140.00,都市：住
RPXNMLQKIIIFFAI38CA,長竹段,210.00,都市：住
RPQOMLPKIIIFFAI67CA,下路頭段,16.31,都市：住
RPVNMLKMIIIFFAI77CA,山下段,67.00,都市：住
RPVNMLPKIIIFFAI08CA,盧厝段,4.89,都市：住
RPWNMLKMIIIFFAI87CA,山下段,3.75,都市：住
RPWNMLKMIIIFFAI87CA,山下段,6.00,都市：住
RPWNMLKMIIIFFAI87CA,山下段,2.00,都市：住
RPWNMLQLIIIFFAI38CA,堀川段,5.56,都市：住
RPWNMLQLIIIFFAI38CA,堀川段,12.61,都市：住
RPQOMLOKIIIFFAI57CA,港子坪段港坪小段,120.00,都市：住
RPPNMLTLIIIFFAI97CA,遠東段,5.60,都市：住
RPRNMLLLIIIFFAI57EA,埤子頭段,84.00,都市：住
RPRNMLLLIIIFFAI57EA,埤子頭段,8.00,都市：住
RPXNMLNLIIIFFAI38EA,短竹段,8.10,都市：住
RPRNMLTKJIIFFAI18CA,西門段七小段,8.00,都市：商
RPRNMLTKJIIFFAI18CA,西門段七小段,11.00,都市：商
RPRNMLTKJIIFFAI18CA,西門段七小段,2.00,都市：商
RPRNMLTKJIIFFAI18CA,西門段七小段,927.00,都市：商
RPRNMLTKJIIFFAI18CA,西門段七小段,20.00,都市：商
RPWNMLRKIIIFFAI48DA,興村段,95.25,都市：住
RPQNMLSKIIIFFAI97DA,港子坪段,79.00,都市：住
RPQNMLSKIIIFFAI97DA,港子坪段,7.82,都市：住
RPQNMLSKIIIFFAI97DA,港子坪段,5.79,都市：住
RPQNMLSKIIIFFAI97DA,港子坪段,4.76,都市：住
RPQNMLSKIIIFFAI97DA,港子坪段,6.03,都市：住
RPVNMLOJJIIFFAI97CA,竹圍子段二小段,9.47,都市：住
RPSOMLKLJHJFFAI57CA,北園段,123.00,都市：住
RPSNMLLMIIIFFAI67DA,竹圍子段一小段,9.81,都市：住
RPPOMLMJJIIFFAI27CA,北園段,81.00,都市：住
RPOOMLRKIIIFFAI87EA,育人段,97.98,都市：住
RPUNMLQKIIIFFAI18DA,北社尾段,78.00,都市：住
RPTNMLOKJIIFFAI08EA,短竹段,6.55,都市：住
RPXNMLKMIIIFFAI97CA,北園段,81.00,都市：住
RPWOMLTLIIIFFAI78CA,北園段,81.00,都市：住
RPQOMLKMIIIFFAI37CA,北園段,81.00,都市：住
RPPNMLQKIIIFFAI77EA,下路頭段,69.00,都市：住
RPSOMLKMIIIFFAI57CA,北園段,90.00,都市：住
RPROMLKMIIIFFAI47CA,北園段,81.00,都市：住
RPTOMLKMIIIFFAI67CA,北園段,106.00,都市：住
RPUOMLKMIIIFFAI77CA,北園段,96.00,都市：住
RPOPMLKMIIIFFAI27CA,北園段,98.00,都市：住
RPWOMLKMIIIFFAI97CA,北園段,135.00,都市：住
RPPPMLKMIIIFFAI37CA,北園段,104.00,都市：住
RPXOMLKMIIIFFAI08CA,北園段,91.00,都市：住
RPUNMLLJJIIFFAI67DA,下路頭段,6.53,都市：住
RPSPMLKMIIIFFAI67CA,北園段,124.00,都市：住
RPQPMLKMIIIFFAI47CA,北園段,111.00,都市：住
RPTPMLKMIIIFFAI77CA,北園段,81.00,都市：住
RPXQMLTLIIIFFAI09CA,北園段,112.00,都市：住
RPXPMLTLIIIFFAI98CA,北園段,81.00,都市：住
RPQRMLTLIIIFFAI48CA,北園段,89.00,都市：住
RPPRMLTLIIIFFAI38CA,北園段,95.00,都市：住
SPQRMLTLIIIFFAI58CA,北園段,91.00,都市：住
RPWQMLTLIIIFFAI98CA,北園段,98.00,都市：住
RPVOMLKMIIIFFAI87CA,北園段,136.00,都市：住
RPSRMLTLIIIFFAI68CA,北園段,79.00,都市：住
RPRRMLTLIIIFFAI58CA,北園段,79.00,都市：住
RPTRMLTLIIIFFAI78CA,北園段,79.00,都市：住
RPURMLTLIIIFFAI88CA,北園段,81.00,都市：住
RPWRMLTLIIIFFAI09CA,北園段,81.00,都市：住
RPORMLTLIIIFFAI28CA,北園段,81.00,都市：住
RPWNMLTLIIIFFAI68CA,北園段,81.00,都市：住
RPOOMLTLIIIFFAI97CA,北園段,81.00,都市：住
RPXNMLTLIIIFFAI78CA,北園段,81.00,都市：住
RPROMLTLIIIFFAI28CA,北園段,81.00,都市：住
RPPOMLTLIIIFFAI08CA,北園段,81.00,都市：住
RPVNMLTLIIIFFAI58CA,北園段,81.00,都市：住
RPQOMLTLIIIFFAI18CA,北園段,81.00,都市：住
RPPSMLTLIIIFFAI48CA,竹圍子段二小段,8.33,都市：住
RPSOMLTLIIIFFAI38CA,北園段,81.00,都市：住
RPTOMLTLIIIFFAI48CA,北園段,81.00,都市：住
RPXRMLTLIIIFFAI56CA,北園段,81.00,都市：住
RPUOMLTLIIIFFAI58CA,北園段,81.00,都市：住
RPPPMLTLIIIFFAI18CA,北園段,81.00,都市：住
RPOPMLTLIIIFFAI08CA,北園段,81.00,都市：住
RPQPMLTLIIIFFAI28CA,北園段,81.00,都市：住
RPSPMLTLIIIFFAI48CA,北園段,101.00,都市：住
RPSPMLTLIIIFFAI48CA,北園段,101.00,都市：住
RPRPMLTLIIIFFAI38CA,北園段,81.00,都市：住
RPUPMLTLIIIFFAI68CA,北園段,89.00,都市：住
RPQNMLTLIIIFFAI08CA,北園段,129.00,都市：住
RPRNMLTLIIIFFAI18CA,北園段,81.00,都市：住
RPSNMLTLIIIFFAI28CA,北園段,81.00,都市：住
RPTNMLTLIIIFFAI38CA,北園段,81.00,都市：住
RPPOMLSLIIIFFAI97CA,北園段,97.00,都市：住
RPOOMLSLIIIFFAI87CA,北園段,106.00,都市：住
RPQOMLSLIIIFFAI08CA,北園段,118.00,都市：住
RPTOMLPLIIIFFAI08CA,北園段,140.00,都市：住
RPROMLPLIIIFFAI87CA,北園段,81.00,都市：住
RPSOMLPLIIIFFAI97CA,北園段,81.00,都市：住
RPVNMLSKIIIFFAI38CA,竹圍子段三小段,27.34,都市：住
RPVNMLLLIIIFFAI77CA,埤子頭段,35.00,都市：住
RPUNMLMLIIIFFAI77CA,西門段四小段,3.15,都市：其他
RPUNMLMLIIIFFAI77CA,西門段四小段,.03,都市：其他
RPUNMLMLIIIFFAI77CA,西門段四小段,2.20,都市：其他
RPTPMLTLIIIFFAI58CA,北園段,84.00,都市：住
RPTNMLLLIIIFFAI57CA,下路頭段,25.00,都市：住
RPTNMLLLIIIFFAI57CA,下路頭段,1.50,都市：住
RPTNMLLLIIIFFAI57CA,下路頭段,2.75,都市：住
RPQOMLLLIIIFFAI37CA,下路頭段,24.00,都市：住
RPQOMLLLIIIFFAI37CA,下路頭段,24.00,都市：住
RPQOMLLLIIIFFAI37CA,下路頭段,4.50,都市：住
RPQOMLLLIIIFFAI37CA,下路頭段,4.50,都市：住
RPVNMLRKIIIFFAI48EA,荖藤段,644.00,都市：農
RPTNMLNLIIIFFAI77CA,竹圍子段二小段,82.00,都市：住
RPUNMLRKIIIFFAI38EA,荖藤段,656.00,都市：農
RPTNMLSKIIIFFAI38EA,遠東段,66.00,都市：住
RPSNMLLKJIIFFAI57DA,溪東段,91.91,都市：住
RPSNMLSKIIIFFAI18DA,港子坪段港坪小段,11.83,都市：商
RPPOMLMLIIIFFAI47DA,車店段車店小段,159.00,都市：住
RPXNMLOLIIIFFAI28CA,劉厝段玉山小段,98.36,都市：住
RPUNMLLLIIIFFAI87EA,竹圍子段二小段,3.71,都市：住
RPQNMLTJJIIFFAI97CA,車店段,34.51,都市：住
RPQNMLTJJIIFFAI97CA,白川段,3.27,都市：住
RPUNMLNLIIIFFAI08EA,長竹段,14.90,都市：住
RPXNMLLKJIIFFAI08DA,興村段,14.80,都市：商
RPWNMLSKIIIFFAI48CA,下路頭段,23.80,都市：住
RPSNMLMLIIIFFAI57CA,中庄段,42.46,都市：住
RPRNMLNLIIIFFAI57CA,下路頭段,8.70,都市：住
RPUNMLPLIIIFFAI08CA,台斗坑段,.80,都市：住
RPSNMLPLIIIFFAI87CA,台斗坑段,2.75,都市：住
RPQNMLMLIIIFFAI57EA,育人段,417.88,都市：住
RPQNMLMLIIIFFAI57EA,育人段,7.21,都市：住
RPXNMLLLIIIFFAI08DA,新富段七小段,45.00,都市：商
RPUNMLSKIIIFFAI48EA,山下段,16.38,都市：住
RPTNMLMLIIIFFAI87EA,台斗坑段,46.60,都市：住
RPUNMLOLIIIFFAI97CA,太平段,9.65,都市：住
RPPOMLLKJIIFFAI27CA,湖內段,13.45,都市：住
RPSOMLMKJIIFFAI67CA,竹圍子段三小段,18.77,都市：住
RPQNMLMJJIIFFAI27CA,竹圍子段二小段,10.76,都市：住
RPVNMLOLIIIFFAI08CA,玉川段,166.00,都市：住
RPPNMLLMIIIFFAI37DA,八掌段,4647.12,都市：農
RPPNMLLMIIIFFAI37DA,八掌段,6.07,都市：農
RPPNMLLMIIIFFAI37DA,八掌段,44.66,都市：農
RPPNMLLMIIIFFAI37DA,八掌段,23.12,都市：農
RPPOMLLLIIIFFAI27CA,下路頭段,16.93,都市：住
RPWOMLMJJIIFFAI97CA,同興段,41.61,都市：住
RPWOMLMJJIIFFAI97CA,同興段,.93,都市：住
RPPNMLNLIIIFFAI47DA,車店段車店小段,90.00,都市：住
RPTNMLPLIIIFFAI08DA,車店段車店小段,33.81,都市：住
RPUNMLNLIIIFFAI97DA,西門段二小段,88.00,都市：住
RPTNMLSLIIIFFAI38DA,中庄段,93.00,都市：住
RPPNMLTJJIIFFAI97DA,下路頭段,24.09,都市：住
RPQOMLNLIIIFFAI67DA,台斗坑段,81.91,都市：住
RPUOMLMJJIIFFAI77CA,下路頭段,7.61,都市：住
RPSOMLSKJIIFFAI28CA,仁義段,9.54,都市：住
RPWNMLMLIIIFFAI97CA,車店段車店小段,81.00,都市：住
RPRNMLNLIIIFFAI77EA,軍輝段,56.81,都市：住
RPVNMLMLIIIFFAI87CA,北園段,7.00,都市：住
RPQNMLKLJIIFFAI27CA,埤子頭段,60.00,都市：住
RPWNMLNLIIIFFAI08CA,劉厝段劉厝小段,76.00,都市：住
RPSNMLNLIIIFFAI87EA,北園段,110.00,都市：住
RPOOMLOLIIIFFAI47CA,車店段,3.49,都市：住
RPOOMLOLIIIFFAI47CA,白川段,2.47,都市：住
RPQNMLOLIIIFFAI57CA,彌陀段,7.68,都市：住
RPQNMLOLIIIFFAI57CA,彌陀段,2.63,都市：其他
RPQNMLOLIIIFFAI57CA,彌陀段,3.42,都市：住
RPOOMLLLIIIFFAI17CA,劉厝段玉山小段,107.26,都市：住
RPXOMLTLIIIFFAI88CA,車店段車店小段,127.00,都市：住
SPXOMLTLIIIFFAI98CA,車店段車店小段,127.00,都市：住
RPPNMLOKJIIFFAI67EA,中庄段,63.00,都市：住
RPPNMLTKJIIFFAI97CA,竹圍子段,12.51,都市：住
RPQNMLPLIIIFFAI77DA,遠東段,4.67,都市：住
RPWNMLOLIIIFFAI18CA,西門段四小段,113.00,都市：商
RPWNMLOLIIIFFAI18CA,西門段四小段,2.78,都市：商
RPRNMLOLIIIFFAI67CA,遠東段,82.00,都市：住
RPRNMLOLIIIFFAI67CA,遠東段,.46,都市：其他
RPRNMLOLIIIFFAI67CA,遠東段,18.37,都市：其他
RPSNMLSLIIIFFAI18CA,車店段車店小段,100.00,都市：住
TPXOMLTLIIIFFAI09CA,車店段車店小段,129.00,都市：住
RPPNMLRJJIIFFAI77DA,頂庄段,47.00,都市：住
RPVNMLKLJIIFFAI87DA,港子坪段港坪小段,23.41,都市：住
RPWNMLRJJIIFFAI38CA,末廣段三小段,27.00,都市：商
RPWNMLRJJIIFFAI38CA,末廣段三小段,16.00,都市：商
RPQNMLLMIIIFFAI47DA,遠東段,158.00,都市：住
RPPOMLPLIIIFFAI77DA,東門段四小段,75.00,都市：住
RPPOMLPLIIIFFAI77DA,東門段四小段,15.50,都市：住
RPPNMLKMIIIFFAI27DA,劉厝段,40.31,都市：住
RPPNMLLLJIIFFAI27CA,白川段,83.00,都市：住
RPSNMLMJJIIFFAI47CA,下路頭段,4.89,都市：住
RPPNMLMJJIIFFAI17CA,車店段,34.51,都市：住
RPPNMLMJJIIFFAI17CA,白川段,3.27,都市：住
RPRNMLMJJIIFFAI37CA,竹圍子段二小段,12.05,都市：住
RPPNMLOLIIIFFAI67EA,下路頭段,19.00,都市：住
RPPNMLOLIIIFFAI67EA,湖內段,17.18,都市：住
RPUNMLOLIIIFFAI18EA,下路頭段,.01,都市：住
RPUNMLOLIIIFFAI18EA,下路頭段,52.55,都市：住
RPOOMLLMIIIFFAI27CA,同興段,2.00,都市：住
RPPNMLPLIIIFFAI77EA,竹圍子段,23.10,都市：住
RPQNMLSLIIIFFAI97CA,車店段車店小段,88.00,都市：住
RPQQMLTLIIIFFAI38CA,新富段二小段,14.48,都市：商
RPRNMLQLIIIFFAI87CA,北園段,93.00,都市：住
RPTNMLPLIIIFFAI18EA,車店段車店小段,95.00,都市：商
RPTNMLPLIIIFFAI18EA,車店段車店小段,1.17,都市：商
RPTNMLPLIIIFFAI18EA,車店段車店小段,1.33,都市：商
RPTNMLPLIIIFFAI18EA,車店段車店小段,1.33,都市：商
RPTNMLPLIIIFFAI18EA,車店段車店小段,1.67,都市：商
RPWNMLPLIIIFFAI48EA,盧厝段,21.43,都市：住
RPROMLTLIIIFFAI48EA,中庄段,22.30,都市：住
RPSQMLTLIIIFFAI78EA,下路頭段,69.00,都市：住
RPTOMLPKJIIFFAI08CA,車店段車店小段,108.00,都市：住
RPWNMLPKJIIFFAI48EA,長竹段,17.20,都市：住
RPTNMLNKJIIFFAI87DA,下路頭段,22.33,都市：其他
RPQPMLMJJIIFFAI47CA,白川段,36.96,都市：商
RPSOMLLJJIIFFAI47CA,西門段一小段,4.57,都市：住
RPSOMLLJJIIFFAI47CA,西門段一小段,1.39,都市：住
RPRNMLKLJIIFFAI47DA,短竹段,6.67,都市：住
RPSNMLQKJIIFFAI97CA,北社尾段保安小段,11.62,都市：住
RPROMLLLJIIFFAI77EA,北湖段,214.00,都市：住
RPROMLLLJIIFFAI77EA,北湖段,17.75,都市：住
RPUOMLPLIIIFFAI28DA,北社尾段,14.24,都市：住
RPUNMLPJJIIFFAI97CA,下路頭段,17.00,都市：住
RPUNMLPJJIIFFAI97CA,下路頭段,8.67,都市：住
RPVNMLLMIIIFFAI97DA,興村段,86.00,都市：住
RPVNMLLMIIIFFAI97DA,興村段,25.90,都市：住
RPWNMLLKJIIFFAI87CA,遠東段,15.86,都市：住
RPPQMLTLIIIFFAI28CA,埤子頭段,93.00,都市：住
RPTNMLQKJIIFFAI08CA,竹圍子段二小段,10.39,都市：住
RPQNMLOJJIIFFAI47CA,荖藤段,104.00,都市：住
RPQNMLOJJIIFFAI47CA,荖藤段,31.36,都市：住
RPPOMLLMIIIFFAI37CA,竹圍子段,7.00,都市：住
RPSOMLLMIIIFFAI67CA,元段五小段,71.00,都市：住
RPVPMLKMIIIFFAI97CA,北園段,81.00,都市：住
RPWPMLKMIIIFFAI08CA,北園段,81.00,都市：住
RPUNMLTLIIIFFAI48CA,竹圍子段三小段,88.00,都市：住
RPXNMLLMIIIFFAI08CA,下路頭段,7.07,都市：住
RPXPMLKMIIIFFAI18CA,北園段,97.00,都市：住
RPVOMLTLIIIFFAI68CA,遠東段,2868.00,都市：工
RPVOMLTLIIIFFAI68CA,遠東段,491.38,都市：工
RPVOMLTLIIIFFAI68CA,遠東段,3444.00,都市：工
RPVPMLTLIIIFFAI78CA,下路頭段,71.00,都市：住
RPVOMLLMIIIFFAI97CA,台斗坑段,72.00,都市：住
RPVOMLLMIIIFFAI97CA,台斗坑段,89.00,都市：住
RPVOMLLMIIIFFAI97CA,台斗坑段,.33,都市：住
RPVOMLLMIIIFFAI97CA,台斗坑段,12.00,都市：住
RPVOMLLMIIIFFAI97CA,台斗坑段,4.33,都市：住
RPVOMLLMIIIFFAI97CA,台斗坑段,2.00,都市：住
RPVOMLLMIIIFFAI97CA,台斗坑段,1.20,都市：住
RPVOMLLMIIIFFAI97CA,台斗坑段,1.33,都市：住
RPVOMLLMIIIFFAI97CA,台斗坑段,3.05,都市：住
RPRNMLSLIIIFFAI08CA,北園段,46.00,都市：住
RPRNMLSLIIIFFAI08CA,北園段,77.00,都市：住
RPWPMLTLIIIFFAI88CA,下路頭段,71.00,都市：住
RPPOMLLLJIIFFAI37CA,埤子頭段,299.00,都市：住
RPQNMLKMIIIFFAI47EA,興村段,25.05,都市：住
RPQNMLQLJIIFFAI87CA,長竹段,17.43,都市：住
RPOOMLLLJIIFFAI27CA,太平段,9.65,都市：住
RPTNMLQJJIIFFAI08DA,元段二小段,78.00,都市：住
RPPQMLTLIIIFFAI48EA,下路頭段,17.05,都市：住
RPPNMLPJJIIFFAI47CA,車店段,78.00,都市：住
RPWNMLLJJIIFFAI77CA,北社尾段,90.00,都市：住
RPTNMLKMIIIFFAI67DA,南門段四小段,1086.00,都市：商
RPTNMLMJJIIFFAI57CA,竹圍子段中興小段,12.81,都市：住
RPOOMLLKJIIFFAI17CA,短竹段,13.81,都市：住
RPSOMLMJJIIFFAI57CA,盧厝段,73.00,都市：住
RPTNMLLMIIIFFAI77DA,盧厝段,93.50,都市：農
RPVNMLMJJIIFFAI77CA,榮段二小段,131.00,都市：商
RPQNMLPKJIIFFAI77DA,短竹段,99.00,都市：住
RPRPMLKMIIIFFAI67DA,下路頭段,4.89,都市：住
RPWNMLOKJIIFFAI28DA,短竹段,99.00,都市：住
RPRNMLRJJIIFFAI97DA,下路頭段,9.24,都市：住
RPVNMLOKJIIFFAI18DA,短竹段,70.00,都市：住
RPWNMLMJJIIFFAI87CA,短竹段,13.33,都市：住
RPXNMLMJJIIFFAI97CA,竹圍子段中興小段,109.00,都市：商
RPWNMLLMIIIFFAI08DA,盧厝段,6.52,都市：住
RPPPMLMJJIIFFAI37CA,下路頭段,3.81,都市：住
RPQNMLLJJIIFFAI37EA,中山段四小段,41.00,都市：住
RPQNMLLJJIIFFAI37EA,山下段,8.00,都市：住
RPQNMLLJJIIFFAI37EA,山下段,15.00,都市：住
RPUNMLQKJIIFFAI18CA,竹圍子段,20.95,都市：住
RPVNMLTJJIIFFAI48CA,堀川段,80.00,都市：住
RPWOMLQKJIIFFAI48CA,盧厝段,11.55,都市：住
RPWOMLQKJIIFFAI48CA,長竹段,.13,都市：住
RPSNMLKMIIIFFAI67EA,元段二小段,31.00,都市：商
RPXNMLLLJIIFFAI28EA,軍輝段,25.99,都市：住
RPUNMLKMIIIFFAI67CA,長竹段,100.00,都市：住
RPSNMLOJJIIFFAI87EA,南門段五小段,9.97,都市：住
RPSNMLOJJIIFFAI87EA,南門段五小段,3.73,都市：住
RPSNMLOJJIIFFAI87EA,南門段五小段,.49,都市：住
RPPNMLQLJIIFFAI77CA,彌陀段,81.00,都市：住
RPROMLLMIIIFFAI57CA,盧厝段,16.14,都市：住
RPOQMLKMIIIFFAI37CA,北園段,84.00,都市：住
RPPPMLTKJIIFFAI18CA,同興段,8.00,都市：其他
RPPPMLTKJIIFFAI18CA,同興段,87.00,都市：其他
RPSNMLLJJIIFFAI37CA,北社尾段,12.36,都市：住
RPOOMLKMIIIFFAI17CA,下路頭段,10.83,都市：住
RPOOMLLJJIIFFAI17DA,蘭潭段,313.00,都市：農
RPTNMLNKJIIFFAI97EA,新厝段,156.63,都市：住
RPTNMLNKJIIFFAI97EA,新厝段,.10,都市：住
RPPNMLRLJIIFFAI87CA,竹圍子段,19.08,都市：住
RPRNMLLJJIIFFAI37DA,東門段四小段,6.51,都市：其他
RPRNMLLJJIIFFAI37DA,東門段四小段,4.59,都市：其他
RPQOMLMJJIIFFAI37CA,北社尾段,7.83,都市：其他
RPSNMLRJJIIFFAI08DA,何庄段,94.08,都市：住
RPUNMLLMIIIFFAI87DA,北社尾段保安小段,94.00,都市：住
RPROMLMJJIIFFAI47CA,竹圍子段,111.00,都市：住
RPRNMLPJJIIFFAI67CA,元段六小段,112.00,都市：商
RPRPMLMJJIIFFAI57CA,遠東段,254.00,都市：工
RPRNMLQJJIIFFAI77CA,軍輝段,548.00,都市：住
RPSNMLKLJIIFFAI57DA,下路頭段,16.39,都市：住
RPOOMLMJJIIFFAI17CA,短竹段,141.00,都市：住
RPXOMLMJJIIFFAI08CA,下路頭段,52.00,都市：住
RPPNMLSJJIIFFAI77CA,盧厝段,43.56,都市：住
RPUNMLTJJIIFFAI38CA,竹圍子段,220.00,都市：住
RPUNMLTJJIIFFAI38CA,竹圍子段,16.00,都市：住
RPSNMLTJJIIFFAI18CA,竹圍子段三小段,21.79,都市：住
RPUNMLMJJIIFFAI67CA,長竹段,4.40,都市：住
RPSNMLSJJIIFFAI08CA,港子坪段,84.00,都市：住
RPWNMLTJJIIFFAI58CA,車店段,4.83,都市：住
RPWNMLTJJIIFFAI58CA,白川段,3.41,都市：住
RPTNMLTJJIIFFAI28CA,車店段車店小段,100.00,都市：住
RPTNMLTJJIIFFAI28CA,車店段車店小段,8.33,都市：住
RPTNMLSJJIIFFAI18CA,港子坪段,91.00,都市：住
RPPNMLSKJIIFFAI87CA,竹圍子段三小段,15.10,都市：住
RPROMLMKJIIFFAI57CA,白川段,62.00,都市：商
RPVNMLQKJIIFFAI28CA,竹圍子段二小段,11.99,都市：住
RPRNMLRLJIIFFAI28EA,劉厝段劉厝小段,9.92,都市：住
RPPNMLTLJIIFFAI28EA,同興段,88.00,都市：住
RPUOMLQLJIIFFAI38CA,劉厝段玉山小段,89.82,都市：住
RPTNMLLJJIIFFAI47CA,竹圍子段三小段,17.34,都市：住
RPUOMLLMIIIFFAI87CA,車店段車店小段,184.00,都市：住
RPQOMLTLJIIFFAI28CA,末廣段五小段,60.00,都市：商
RPXNMLQKJIIFFAI48CA,北社尾段保安小段,342.00,都市：住
RPQOMLLMIIIFFAI67EA,北社尾段,12.41,都市：住
