﻿編號,屋齡,建物移轉面積平方公尺,主要用途,主要建材,建築完成日期,總層數,建物分層
The serial number,room age,building shifting area square meter,the main use,main building materials,construction completes the date,total layer,building lamination
RPPNMLMJQHIFFAM18CA,34,74.94,住家用,鋼筋混凝土加強磚造,68年4月7日,二層,一層 二層
RPPNMLNKQHIFFAM38CA,16,86.70,住家用,鋼筋混凝土造,86年9月19日,十四層,六層
RPTNMLMKQHIFFBM78CA,,217.29,見其他登記事項,鋼筋混凝土造,102年3月14日,三層,一層 二層 三層 地下一層 見其他登記事項
RPTNMLMKQHIFFBM78CA,,2.08,見其他登記事項,鋼筋混凝土造,102年3月14日,一層,
RPTNMLMKQHIFFBM78CA,,51.35,見其他登記事項,鋼筋混凝土造,102年3月14日,一層,
RPVNMLMKQHIFFBM98CA,,217.29,見其他登記事項,鋼筋混凝土造,102年3月14日,三層,一層 二層 三層 地下一層 見其他登記事項
RPVNMLMKQHIFFBM98CA,,51.35,見其他登記事項,鋼筋混凝土造,102年3月14日,一層,
RPVNMLMKQHIFFBM98CA,,2.08,見其他登記事項,鋼筋混凝土造,102年3月14日,一層,
RPWOMLMKQHIFFCM66CA,21,115.51,住家用,加強磚造,81年8月25日,二層,一層 二層 騎樓
RPXNMLMLQHIFFBM66CA,35,109.85,住家用,鋼筋混凝土加強磚造,67年3月15日,二層,一層 二層
RPPNMLNLQHIFFCM78DA,5,177.26,見其他登記事項,鋼筋混凝土造,97年5月22日,四層,屋頂突出物 四層 一層 二層 三層
RPPNMLOKQHIFFEM88CA,26,131.27,國民住宅,鋼筋混凝土造,76年6月16日,二層,一層 二層 騎樓
RPRNMLPJQHIFFCM98DA,32,100.36,住家用,加強磚造,70年4月8日,二層,一層 二層 騎樓
RPWNMLQJQHIFFCM96DA,23,169.89,住家用,鋼筋混凝土造,79年3月10日,三層,一層 二層 三層
RPTNMLPJQHIFFCM56DA,33,85.03,住家用,加強磚造,69年1月3日,二層,一層 二層
RPTNMLQJQHIFFDM66CA,,70.56,住家用,鋼筋混凝土加強磚造,,一層,一層
RPVNMLMJQHIFFCM98CA,32,107.91,住家用,鋼筋混凝土加強磚造,70年1月15日,二層,一層 二層
RPUNMLPJQHIFFCM56CA,35,104.32,住商用,鋼筋混凝土加強磚造,67年11月3日,二層,一層 二層 騎樓
RPRNMLQJQHIFFCM98CA,29,40.70,住家用,鋼筋混凝土造,73年11月18日,二層,一層 二層
RPSNMLQJQHIFFCM09CA,9,154.70,住家用,鋼筋混凝土造,93年10月13日,四層,一層 二層 三層 四層
RPPOMLMKQHIFFBM48CA,,217.29,見其他登記事項,鋼筋混凝土造,102年3月14日,三層,一層 二層 三層 地下一層 見其他登記事項
RPPOMLMKQHIFFBM48CA,,51.35,見其他登記事項,鋼筋混凝土造,102年3月14日,一層,
RPPOMLMKQHIFFBM48CA,,2.08,見其他登記事項,鋼筋混凝土造,102年3月14日,一層,
RPQNMLPJQHIFFAM58CA,18,176.95,住家用,鋼筋混凝土造,84年2月23日,三層,二層 三層 一層 屋頂突出物
RPQNMLTJQHIFFBM09CA,34,117.00,住商用,鋼筋混凝土加強磚造,68年6月28日,二層,一層 二層 騎樓
RPQNMLRJQHIFFAM78CA,21,87.41,住家用,鋼筋混凝土造,81年9月10日,五層,一層
RPVOMLMKQHIFFCM56CA,39,126.00,住商用,鋼筋混凝土加強磚造,63年4月1日,二層,一層 騎樓 二層
RPQNMLRJQHIFFAM78CA,21,16.80,見其他登記事項,鋼筋混凝土造,81年9月10日,五層,
RPROMLTJQHIFFCM76CA,1,76.46,住家用,鋼筋混凝土造,101年8月22日,三層,一層 二層 三層
RPROMLTJQHIFFCM76CA,1,76.46,住家用,鋼筋混凝土造,101年8月22日,三層,一層 二層 三層
RPPNMLQJQHIFFDM88CA,20,117.96,住家用,鋼筋混凝土造,82年7月15日,三層,一層 二層 三層
RPXOMLMKQHIFFCM76CA,1,152.88,住家用,鋼筋混凝土造,101年8月22日,三層,二層 一層 三層
RPRNMLQLQHIFFBM09CA,,195.02,見其他登記事項,鋼筋混凝土造,102年3月20日,三層,一層 二層 三層 見其他登記事項
RPTNMLRJQHIFFDM76CA,15,80.96,國民住宅,鋼筋混凝土造,87年11月17日,八層,一層
RPOOMLQJQHIFFAM68DA,12,107.82,住家用,鋼筋混凝土造,90年3月8日,二層,一層 二層
RPPNMLRJQHIFFDM98CA,47,30.78,住家用,見其他登記事項,55年7月15日,一層,一層
RPTNMLTKQHIFFDM07CA,6,133.13,住家用,鋼筋混凝土造,96年4月13日,二層,二層 一層
RPTNMLTKQHIFFDM07CA,6,133.22,住家用,鋼筋混凝土造,96年4月13日,二層,一層 二層
RPPNMLNKQHIFFBM58DA,37,86.74,住家用,鋼筋混凝土加強磚造,65年1月24日,二層,一層 二層
RPPNMLSJQHIFFEM56CA,1,183.01,住家用,見其他登記事項,101年5月30日,三層,一層 二層 三層
RPWNMLOKQHIFFCM76CA,9,172.28,見其他登記事項,鋼筋混凝土造,93年8月23日,三層,一層 二層 三層 屋頂突出物
RPUNMLTJQHIFFBM86CA,,166.42,見其他登記事項,鋼筋混凝土造,102年2月7日,三層,一層 二層 三層 見其他登記事項
RPPNMLRJQHIFFBM78CA,52,102.86,住家用,鋼筋混凝土加強磚造,50年7月15日,二層,一層 二層
RPVNMLQJQHIFFAM56CA,33,80.52,住家用,鋼筋混凝土加強磚造,69年12月1日,二層,一層 二層
RPSOMLMKQHIFFBM78CA,,327.77,見其他登記事項,鋼筋混凝土造,102年3月14日,四層,一層 二層 三層 四層 地下一層
RPSOMLMKQHIFFBM78CA,,51.35,見其他登記事項,鋼筋混凝土造,102年3月14日,一層,
RPSOMLMKQHIFFBM78CA,,2.08,見其他登記事項,鋼筋混凝土造,102年3月14日,一層,
RPQNMLPKQHIFFAM68CA,17,90.11,住家用,鋼筋混凝土造,85年11月30日,七層,二層
RPQNMLPKQHIFFAM68CA,17,20.58,,鋼筋混凝土造,85年11月30日,七層,
RPQNMLPKQHIFFAM68CA,17,7.73,,鋼筋混凝土造,85年11月30日,七層,
RPVNMLOKQHIFFAM09CA,33,82.38,住家用,鋼筋混凝土加強磚造,69年12月1日,一層,一層
RPWOMLLLQHIFFAM09CA,9,166.35,住家用,鋼筋混凝土造,93年6月21日,三層,一層 二層 三層 屋頂突出物
RPPNMLMLQHIFFAM38CA,19,166.36,見其他登記事項,鋼筋混凝土造,83年5月5日,四層,一層 二層 三層 四層 騎樓
RPPNMLOKQHIFFAM48CA,17,88.34,住家用,鋼筋混凝土造,85年11月30日,七層,一層 二層 騎樓
RPPNMLOKQHIFFAM48CA,17,21.86,,鋼筋混凝土造,85年11月30日,七層,
RPPNMLMKQHIFFAM28CA,12,115.50,住家用,鋼筋混凝土造,90年3月29日,三層,一層 二層 三層
RPQOMLNKQHIFFBM68CA,44,511.66,商業用,鋼筋混凝土加強磚造,58年2月1日,二層,一層 二層
RPXNMLSJQHIFFBM07CA,,217.29,見其他登記事項,鋼筋混凝土造,102年3月14日,三層,一層 二層 三層 地下一層 見其他登記事項
RPXNMLSJQHIFFBM07CA,,2.08,見其他登記事項,鋼筋混凝土造,102年3月14日,一層,
RPXNMLSJQHIFFBM07CA,,51.35,見其他登記事項,鋼筋混凝土造,102年3月14日,一層,
RPXNMLTJQHIFFCM27CA,15,248.47,住家用,鋼筋混凝土造,87年4月22日,四層,一層 二層 三層 四層 地下層
RPQNMLSJQHIFFCM09CA,41,80.06,住家用,鋼筋混凝土加強磚造,61年5月19日,二層,一層 二層
RPWNMLRLQHIFFCM17CA,35,160.00,住商用,鋼筋混凝土加強磚造,67年2月28日,三層,一層 二層 三層 騎樓
RPUNMLMKQHIFFCM09DA,17,148.83,住商用,鋼筋混凝土造,85年9月18日,四層,一層 二層 三層 四層
RPUNMLMKQHIFFCM09DA,17,148.83,住商用,鋼筋混凝土造,85年9月18日,四層,一層 二層 三層 四層
RPVNMLRJQHIFFCM96DA,,71.21,住家用,土造,,一層,一層
RPQNMLPKQHIFFDM98CA,20,207.60,住家用,鋼筋混凝土造,83年1月12日,三層,一層 二層 三層
RPSNMLOKQHIFFCM98CA,44,49.11,見其他登記事項,鋼筋混凝土加強磚造,58年11月4日,一層,一層
RPTNMLRLQHIFFCM86CA,9,252.32,住家用,見其他登記事項,93年3月26日,三層,一層 二層 三層
RPRNMLNJRHIFFCM78CA,52,112.00,住商用,鋼筋混凝土加強磚造,50年3月5日,二層,一層 二層 騎樓
RPPNMLQKQHIFFCM88CA,33,54.76,住家用,加強磚造,69年6月11日,一層,一層
RPRNMLQKQHIFFCM09CA,12,172.52,住家用,鋼筋混凝土造,90年3月15日,三層,一層 二層 三層
RPRNMLMLQHIFFCM78CA,1,151.19,住家用,鋼筋混凝土造,101年8月22日,三層,一層 二層 三層
RPPOMLSJQHIFFAM88CA,20,19.20,見其他登記事項,鋼筋混凝土造,82年3月22日,八層,
RPPOMLSJQHIFFAM88CA,20,74.74,住家用,鋼筋混凝土造,82年3月22日,八層,七層
RPPOMLLLQHIFFAM38CA,12,197.89,住家用,鋼筋混凝土造,90年2月27日,三層,一層 二層 三層 屋頂突出物 地下層
RPUNMLSLQHIFFAM86CA,34,112.58,住家用,鋼筋混凝土加強磚造,68年12月18日,二層,一層 二層
RPTPMLMKQHIFFBM98CA,31,144.95,住商用,鋼筋混凝土造,71年6月5日,三層,一層 二層 三層 騎樓
RPVNMLNKQHIFFAM98CA,30,129.47,住家用,鋼筋混凝土加強磚造,72年7月20日,二層,一層 二層
RPTOMLMKQHIFFCM98CA,38,99.00,住商用,鋼筋混凝土加強磚造,64年4月7日,二層,一層 二層 騎樓
RPRNMLOKQHIFFDM98CA,6,133.22,住家用,鋼筋混凝土造,96年4月13日,二層,一層 二層
RPPOMLSLQHIFFCM66CA,1,74.01,住家用,鋼筋混凝土造,101年8月22日,三層,二層 三層 一層
RPPOMLSLQHIFFCM66CA,1,74.01,住家用,鋼筋混凝土造,101年8月22日,三層,一層 二層 三層
RPXNMLSLQHIFFAM27DA,27,222.38,住商用,鋼筋混凝土造,76年1月12日,五層,一層 二層 騎樓
RPXNMLSLQHIFFAM27DA,27,123.76,住商用,鋼筋混凝土造,76年1月12日,五層,一層 二層 騎樓
RPXNMLSLQHIFFAM27DA,27,123.76,住商用,鋼筋混凝土造,76年1月12日,五層,一層 二層 騎樓
RPXNMLSLQHIFFAM27DA,27,123.76,住商用,鋼筋混凝土造,76年1月12日,五層,一層 二層 騎樓
RPXNMLSLQHIFFAM27DA,27,664.45,商業用,鋼筋混凝土造,76年1月12日,五層,三層
RPXNMLSLQHIFFAM27DA,27,92.82,住商用,鋼筋混凝土造,76年1月12日,五層,一層 二層 騎樓
RPXNMLSLQHIFFAM27DA,27,124.90,見其他登記事項,鋼筋混凝土造,76年1月12日,,地下層
RPXNMLSLQHIFFAM27DA,27,152.75,住商用,鋼筋混凝土造,76年1月12日,五層,一層 二層 屋頂突出物 騎樓
RPQNMLOKQHIFFBM78DA,35,97.28,住家用,鋼筋混凝土加強磚造,67年11月25日,二層,一層 二層
RPROMLSLQHIFFCM86CA,15,188.71,住家用,鋼筋混凝土造,87年7月20日,三層,一層 二層 三層 屋頂突出物
RPPNMLMLQHIFFCM58CA,1,207.38,見其他登記事項,鋼筋混凝土造,101年8月22日,四層,二層 三層 四層 一層
RPPNMLQJRHIFFBM78CA,31,110.26,住家用,鋼筋混凝土造,71年1月22日,一層,一層
RPSNMLTJRHIFFCM86CA,17,217.90,住商用,鋼筋混凝土造,85年12月11日,四層,一層 二層 三層 四層 屋頂突出物 騎樓
RPWNMLPKQHIFFBM76CA,35,93.74,住家用,加強磚造,,二層,一層 二層
RPRNMLMLQHIFFBM68CA,22,106.15,住家用,加強磚造,80年10月23日,二層,一層 二層 電梯樓梯間
RPUNMLOKQHIFFAM98CA,20,82.90,住家用,鋼筋混凝土造,82年11月10日,十四層,九層
RPUNMLOKQHIFFAM98CA,20,10.42,見其他登記事項,鋼筋混凝土造,82年11月10日,十四層,
RPUNMLOKQHIFFAM98CA,20,8.97,見其他登記事項,鋼筋混凝土造,82年11月10日,十四層,
RPSNMLTLQHIFFAM76CA,19,139.20,住家用,鋼筋混凝土造,83年2月4日,三層,一層 二層 三層
RPVNMLSLQHIFFAM96CA,16,210.06,見其他登記事項,鋼筋混凝土造,86年5月10日,三層,一層 二層 三層 騎樓
RPQNMLRLQHIFFAM98CA,15,189.68,見其他登記事項,鋼筋混凝土造,87年7月7日,三層,一層 二層 三層 屋頂突出物
RPQNMLKKRHIFFAM28CA,1,193.02,住家用,鋼筋混凝土造,101年11月15日,四層,一層 二層 三層 四層
RPPNMLMLQHIFFBM48CA,18,297.49,商業用,鋼筋混凝土造,84年9月27日,十二層,三層
RPPNMLMLQHIFFBM48CA,18,110.48,見其他登記事項,鋼筋混凝土造,84年9月27日,十二層,
RPSNMLPJRHIFFCM09CA,19,99.18,見其他登記事項,鋼筋混凝土造,83年7月8日,十二層,六層
RPQNMLQKQHIFFCM09DA,52,35.15,住家用,磚造,50年3月7日,一層,
RPQNMLPKQHIFFBM88DA,6,12.00,農舍,見其他登記事項,96年11月22日,一層,一層
RPQNMLPKQHIFFEM09CA,26,136.38,住家用,鋼筋混凝土造,76年6月11日,二層,一層 二層 騎樓
RPXNMLPKQHIFFDM07CA,18,141.00,住商用,鋼筋混凝土造,84年7月10日,四層,電梯樓梯間 一層 二層 三層 四層 騎樓
RPOOMLPKQHIFFDM88CA,24,180.58,住家用,鋼筋混凝土造,78年11月28日,三層,三層 一層 二層
RPQNMLKMQHIFFDM68CA,17,10.90,見其他登記事項,鋼筋混凝土造,85年3月9日,五層,四層
RPQNMLKMQHIFFDM68CA,17,10.90,見其他登記事項,鋼筋混凝土造,85年3月9日,五層,四層
RPSOMLLLQHIFFAM68CA,6,101.41,農舍,鋼筋混凝土造,96年12月18日,三層,一層 二層 三層 屋頂突出物
RPUNMLQJRHIFFCM76CA,19,349.62,見其他登記事項,鋼筋混凝土造,83年8月2日,二層,一層 二層
RPQNMLTKQHIFFAM09CA,34,130.19,住家用,鋼筋混凝土加強磚造,69年1月16日,二層,一層 二層 騎樓
RPTNMLQJRHIFFAM09CA,16,86.70,住家用,鋼筋混凝土造,86年9月19日,十四層,四層
RPTNMLQJRHIFFAM09CA,16,21.41,見其他登記事項,鋼筋混凝土造,86年9月19日,十四層,
RPROMLLLQHIFFAM58CA,6,111.30,農舍,鋼筋混凝土造,96年12月18日,三層,一層 二層 三層
RPUNMLTKQHIFFAM86CA,20,299.13,農舍,鋼造,82年10月4日,一層,一層 夾層
RPQNMLKLQHIFFBM38CA,37,211.23,住商用,鋼筋混凝土加強磚造,65年8月30日,三層,一層 二層 三層 騎樓
RPVNMLLLQHIFFBM98CA,,233.76,住家用,鋼筋混凝土造,102年5月14日,四層,一層 二層 三層 四層
RPPOMLTKQHIFFBM56CA,10,216.57,住商用,鋼筋混凝土造,93年1月14日,三層,一層 二層 三層 電梯樓梯間
RPTNMLLLQHIFFBM78CA,,233.76,住家用,鋼筋混凝土造,102年5月14日,四層,一層 二層 三層 四層
RPTNMLTLQHIFFBM96CA,33,103.71,住商用,鋼筋混凝土加強磚造,69年7月21日,二層,一層 二層 騎樓
RPTOMLTKQHIFFCM07CA,23,186.70,農舍,加強磚造,79年11月29日,一層,一層 騎樓
RPRNMLOJRHIFFDM98CA,35,142.50,住家用,鋼筋混凝土加強磚造,67年6月30日,二層,一層 二層
RPPNMLTKQHIFFEM76CA,6,190.77,住家用,見其他登記事項,96年2月15日,三層,一層 二層 三層
RPVOMLTKQHIFFCM37DA,38,78.12,住家用,鋼筋混凝土加強磚造,64年12月6日,二層,一層 二層
RPTNMLRLQHIFFAM76DA,3,161.87,住家用,鋼筋混凝土造,99年6月21日,三層,一層 二層 三層 屋頂突出物
RPRNMLLKRHIFFDM78CA,19,178.00,住商用,鋼筋混凝土造,83年10月5日,三層,一層 二層 三層 電梯樓梯間
RPUOMLTKQHIFFCM17CA,32,173.23,見其他登記事項,鋼筋混凝土造,70年12月21日,三層,一層 二層 三層 騎樓
RPTNMLRLQHIFFDM96CA,29,38.60,商業用,鋼筋混凝土加強磚造,73年8月22日,五層,一層 騎樓
RPTNMLRLQHIFFDM96CA,29,36.22,商業用,鋼筋混凝土加強磚造,73年8月22日,五層,一層 騎樓
RPTNMLRLQHIFFDM96CA,29,73.66,見其他登記事項,鋼筋混凝土加強磚造,73年8月22日,五層,二層
RPTNMLRLQHIFFDM96CA,29,73.66,見其他登記事項,鋼筋混凝土加強磚造,73年8月22日,五層,三層
RPTNMLRLQHIFFDM96CA,29,73.66,見其他登記事項,鋼筋混凝土加強磚造,73年8月22日,五層,四層
RPTNMLRLQHIFFDM96CA,29,73.66,見其他登記事項,鋼筋混凝土加強磚造,73年8月22日,五層,五層
RPOOMLLLQHIFFDM68DA,36,93.08,住家用,鋼筋混凝土加強磚造,66年3月11日,二層,一層 二層
RPRNMLKMQHIFFBM58CA,20,33.40,住家用,鋼筋混凝土造,83年1月17日,十二層,十一層
RPRNMLKMQHIFFBM58CA,20,16.22,見其他登記事項,鋼筋混凝土造,83年1月17日,十二層,
RPVNMLNLQHIFFBM56CA,1,6.00,農舍,見其他登記事項,101年3月19日,一層,一層
RPQNMLNLQHIFFBM68CA,33,103.46,住商用,鋼筋混凝土造,69年8月20日,三層,一層 二層 三層 騎樓
RPQOMLLLQHIFFAM48CA,7,611.26,住家用,鋼筋混凝土造,95年3月15日,四層,二層 三層 四層 一層
RPQNMLLLQHIFFAM38CA,38,95.94,住家用,鋼筋混凝土造,64年10月1日,二層,一層 二層
RPTNMLTKQHIFFAM76CA,46,109.25,住家用,鋼筋混凝土加強磚造,56年9月30日,三層,一層 二層 三層
RPTNMLTLQHIFFAM86CA,15,185.11,住家用,鋼筋混凝土造,87年3月9日,四層,二層 三層 四層 一層
RPPNMLQLQHIFFAM78CA,19,122.80,住家用,鋼筋混凝土造,83年12月23日,三層,一層 二層 三層 屋頂突出物 騎樓
RPSNMLTKQHIFFAM66CA,17,195.93,住家用,鋼筋混凝土造,85年11月18日,四層,一層 二層 三層 四層
RPUNMLQJRHIFFBM66CA,21,348.90,農舍,鋼筋混凝土造,81年3月13日,二層,
RPSNMLNLQHIFFBM88CA,28,485.75,住工用,鋼筋混凝土造,74年4月1日,四層,電梯樓梯間 三層 四層 一層 二層
RPXNMLTLQHIFFAM27CA,33,97.04,住商用,鋼筋混凝土加強磚造,69年6月4日,二層,一層 二層 騎樓
RPVNMLRLQHIFFAM86CA,2,366.41,見其他登記事項,鋼筋混凝土造,100年2月8日,四層,一層 二層 三層 四層 地下一層
RPVNMLRLQHIFFAM86CA,2,45.11,見其他登記事項,鋼筋混凝土造,100年2月8日,,
RPWNMLKLQHIFFCM09CA,9,250.73,住家用,鋼筋混凝土造,93年7月21日,三層,三層 二層 一層
RPPNMLLLQHIFFCM48CA,15,61.92,見其他登記事項,鋼筋混凝土造,87年12月31日,八層,七層
RPPNMLLLQHIFFCM48CA,15,32.09,見其他登記事項,鋼筋混凝土造,87年12月31日,八層,
RPOOMLOJRHIFFCM68CA,,208.67,見其他登記事項,鋼筋混凝土造,102年4月19日,三層,一層 二層 三層 見其他登記事項
RPQOMLOJRHIFFCM88CA,,169.12,見其他登記事項,鋼筋混凝土造,102年4月19日,三層,見其他登記事項 一層 二層 三層
RPWNMLNLQHIFFCM76CA,14,79.20,農舍,加強磚造,88年7月12日,一層,一層
RPWNMLQKRHIFFCM07CA,49,149.60,商業用,鋼筋混凝土加強磚造,53年6月30日,二層,一層 二層 騎樓
RPWNMLQKRHIFFCM07CA,30,211.85,住家用,鋼筋混凝土造,73年1月20日,四層,一層 二層 三層 四層
RPSNMLRKRHIFFCM76CA,20,78.01,見其他登記事項,鋼筋混凝土造,83年1月14日,十一層,六層
RPTNMLRKRHIFFCM86CA,44,57.29,住家用,鋼筋混凝土加強磚造,58年5月15日,一層,一層
RPSNMLRJRHIFFCM66CA,19,125.70,住商用,鋼筋混凝土造,83年5月20日,三層,一層 二層 三層 騎樓
RPQNMLLLQHIFFCM58CA,29,193.89,住家用,鋼筋混凝土造,74年1月5日,三層,一層 二層 三層
RPXNMLNLQHIFFBM76CA,,182.07,見其他登記事項,鋼筋混凝土造,102年4月11日,三層,見其他登記事項 一層 二層 三層
RPWNMLNLQHIFFBM66CA,,190.83,見其他登記事項,鋼筋混凝土造,102年4月11日,三層,一層 二層 三層 見其他登記事項
RPPNMLTLQHIFFBM56CA,38,229.28,住商用,鋼筋混凝土加強磚造,63年12月28日,三層,一層 二層 三層 騎樓
RPRNMLRLQHIFFAM09CA,33,471.96,住商用,鋼筋混凝土加強磚造,69年4月28日,三層,一層 二層 三層 騎樓
RPOOMLLLQHIFFBM38CA,19,61.73,住家用,鋼筋混凝土造,83年4月11日,八層,二層
RPOOMLLLQHIFFBM38CA,19,17.97,見其他登記事項,鋼筋混凝土造,83年4月11日,八層,
RPOOMLNLQHIFFAM48CA,39,81.40,住家用,鋼筋混凝土加強磚造,63年4月11日,二層,一層 二層 騎樓
RPRNMLRLQHIFFBM56CA,18,88.64,住家用,鋼筋混凝土造,84年12月13日,十三層,十層
RPRNMLRLQHIFFBM56CA,18,25.82,見其他登記事項,鋼筋混凝土造,84年12月13日,十三層,
RPPNMLSJRHIFFBM98CA,,201.50,見其他登記事項,鋼筋混凝土造,102年2月18日,三層,一層 二層 三層 見其他登記事項
RPQNMLSLQHIFFCM66CA,14,233.25,住家用,鋼筋混凝土造,88年2月2日,三層,一層 二層 三層
RPVNMLLLQHIFFCM09CA,19,16.02,見其他登記事項,鋼筋混凝土造,83年7月8日,十二層,
RPVNMLLLQHIFFCM09CA,19,99.18,見其他登記事項,鋼筋混凝土造,83年7月8日,十二層,十一層
RPSNMLNLQHIFFCM09DA,15,119.74,住家用,鋼筋混凝土造,86年11月24日,三層,一層 二層 三層
RPRNMLNLQHIFFCM98DA,33,87.62,住家用,加強磚造,69年5月21日,二層,一層 二層
RPSNMLQJRHIFFDM66CA,9,142.48,住商用,鋼筋混凝土造,93年6月22日,三層,一層 二層 三層
RPWNMLOKRHIFFCM96DA,18,105.74,見其他登記事項,鋼筋混凝土造,84年11月22日,十二層,十層
RPXNMLLLQHIFFBM66DA,8,206.65,住家用,鋼筋混凝土造,94年5月6日,三層,一層 二層 三層
RPPNMLSLQHIFFCM56CA,17,84.59,見其他登記事項,鋼筋混凝土造,85年2月9日,十五層,十三層
RPOOMLQJRHIFFBM78CA,19,76.00,住家用,鋼筋混凝土造,83年11月7日,十三層,十一層
RPOOMLQJRHIFFBM78CA,19,26.80,見其他登記事項,鋼筋混凝土造,83年11月7日,十三層,
RPUOMLQJRHIFFBM76CA,1,268.79,住家用,鋼筋混凝土造,101年9月6日,四層,一層 二層 三層 四層
RPVOMLQJRHIFFBM86CA,15,172.20,住家用,鋼筋混凝土造,88年1月18日,三層,一層 二層 三層 電梯樓梯間
RPRNMLPJRHIFFDM09CA,,70.56,住家用,鋼筋混凝土加強磚造,,一層,一層
RPXNMLQLQHIFFBM07CA,18,193.72,住家用,鋼筋混凝土造,84年8月2日,四層,一層 二層 三層 四層
RPPNMLMKRHIFFBM48CA,1,170.29,見其他登記事項,鋼筋混凝土造,102年1月2日,三層,見其他登記事項 一層 二層 三層
RPRNMLNLQHIFFBM78CA,22,24.00,見其他登記事項,鋼筋混凝土造,80年11月15日,七層,
RPRNMLNLQHIFFBM78CA,22,105.18,住家用,鋼筋混凝土造,80年11月15日,七層,四層
RPVNMLRLQHIFFBM96CA,2,177.75,見其他登記事項,鋼筋混凝土造,101年1月4日,三層,一層 二層 三層 見其他登記事項
RPUNMLNLQHIFFAM98CA,20,78.39,住家用,鋼筋混凝土造,82年3月22日,八層,五層
RPUNMLNLQHIFFAM98CA,20,20.29,見其他登記事項,鋼筋混凝土造,82年3月22日,八層,
RPPNMLRLQHIFFAM88CA,22,129.82,住家用,鋼筋混凝土造,80年10月17日,三層,一層 二層 三層
RPPOMLMLQHIFFAM48CA,34,93.94,住商用,鋼筋混凝土加強磚造,69年1月11日,二層,一層 二層
RPVNMLTLQHIFFAM07CA,37,93.92,住家用,鋼筋混凝土加強磚造,65年4月2日,二層,一層 二層
RPSOMLKKRHIFFAM58CA,19,178.33,住家用,鋼筋混凝土造,83年3月31日,四層,一層 二層 三層 四層
RPSOMLKKRHIFFAM58CA,19,1.39,見其他登記事項,鋼筋混凝土造,83年3月31日,四層,
RPQNMLQJRHIFFAM78CA,20,199.08,住家用,鋼筋混凝土造,82年6月17日,三層,一層 二層 三層 屋頂突出物
RPSNMLNJRHIFFAM68CA,33,78.12,住商用,鋼筋混凝土加強磚造,69年4月29日,二層,一層 二層
RPQOMLQJRHIFFBM98CA,,201.45,見其他登記事項,鋼筋混凝土造,102年3月20日,三層,見其他登記事項 一層 二層 三層
RPPOMLQKRHIFFBM98CA,18,83.98,住家用,鋼筋混凝土造,84年9月27日,十二層,八層
RPPOMLQKRHIFFBM98CA,18,24.64,見其他登記事項,鋼筋混凝土造,84年9月27日,十二層,
RPQNMLTJRHIFFAM09CA,24,633.70,住商用,鋼筋混凝土造,78年9月20日,三層,一層 二層 三層 騎樓 地下層
RPSNMLMJRHIFFBM68CA,,224.03,農舍,鋼筋混凝土造,102年4月29日,三層,一層 二層 三層
RPPOMLMJRHIFFCM58CA,,12.00,農舍,見其他登記事項,102年7月3日,一層,一層
RPVNMLOJRHIFFCM66CA,18,105.74,見其他登記事項,鋼筋混凝土造,84年11月22日,十二層,四層
RPVNMLOJRHIFFCM66CA,18,31.45,見其他登記事項,鋼筋混凝土造,84年11月22日,十二層,
RPUNMLNJRHIFFCM09CA,29,127.77,住商用,加強磚造,73年4月30日,二層,一層 二層 騎樓
RPUNMLTLQHIFFCM27DA,10,123.49,見其他登記事項,鋼筋混凝土造,93年1月8日,三層,一層 二層 三層
RPUNMLTLQHIFFCM27DA,10,123.49,見其他登記事項,鋼筋混凝土造,93年1月8日,三層,一層 三層 二層
RPUNMLTLQHIFFCM27DA,10,123.49,見其他登記事項,鋼筋混凝土造,93年1月8日,三層,一層 二層 三層
RPUNMLTLQHIFFCM27DA,10,123.49,見其他登記事項,鋼筋混凝土造,93年1月8日,三層,二層 三層 一層
RPXNMLNJRHIFFDM86CA,24,163.19,住家用,鋼筋混凝土造,78年11月28日,三層,一層 二層 三層
RPUNMLRLQHIFFDM07CA,19,183.59,住家用,鋼筋混凝土造,83年7月18日,三層,電梯樓梯間 一層 二層 三層
RPRNMLQLQHIFFCM56CA,27,142.17,住商用,鋼筋混凝土造,75年11月21日,二層,一層 二層 騎樓
RPUNMLSLQHIFFCM07CA,20,153.77,見其他登記事項,鋼筋混凝土造,83年1月14日,十一層,一層 二層 三層 騎樓
RPUNMLSLQHIFFCM07CA,20,15.81,見其他登記事項,鋼筋混凝土造,83年1月14日,十一層,
RPSNMLRLQHIFFBM66CA,11,146.96,住家用,鋼骨鋼筋混凝土造,91年12月2日,三層,
RPQNMLRLQHIFFBM09CA,20,174.59,住家用,鋼筋混凝土造,83年2月7日,四層,一層 二層 三層 四層
RPQNMLLJRHIFFAM28CA,22,117.50,農舍,加強磚造,80年9月17日,二層,一層 二層
RPUNMLLKRHIFFAM78CA,22,132.25,見其他登記事項,鋼筋混凝土造,80年11月13日,二層,一層 二層 見其他登記事項
RPQNMLTLQHIFFBM66CA,3,12.00,農舍,見其他登記事項,99年4月14日,一層,一層
RPOOMLSLQHIFFBM09CA,15,159.99,住家用,鋼筋混凝土造,87年5月26日,三層,一層 二層 三層 屋頂突出物
RPVNMLTLQHIFFBM17CA,24,155.68,住家用,鋼筋混凝土造,78年5月31日,三層,一層 二層 三層 騎樓
RPQNMLRKRHIFFCM56CA,13,209.96,住商用,鋼筋混凝土造,89年11月20日,三層,一層 二層 三層 屋頂突出物
RPPNMLKMQHIFFDM58CA,15,98.24,見其他登記事項,鋼筋混凝土造,87年11月17日,八層,六層
RPQNMLOLRHIFFDM09CA,18,85.39,見其他登記事項,鋼筋混凝土造,84年4月8日,六層,一層
RPPNMLQJRHIFFCM98DA,40,85.83,住家用,鋼筋混凝土加強磚造,62年9月1日,二層,一層 二層
RPQNMLSLQHIFFBM66DA,3,15.00,農舍,見其他登記事項,99年4月26日,一層,一層
RPRNMLSKRHIFFEM96CA,34,94.92,住商用,鋼筋混凝土加強磚造,68年6月16日,二層,一層 二層 騎樓
RPTNMLSLQHIFFCM07DA,33,128.88,見其他登記事項,鋼筋混凝土加強磚造,69年10月13日,一層,一層 騎樓
RPSNMLKMQHIFFCM88DA,5,204.49,見其他登記事項,鋼筋混凝土造,97年5月22日,四層,一層 二層 三層 四層 屋頂突出物
RPVNMLPJRHIFFCM86DA,24,150.95,住商用,加強磚造,78年8月14日,二層,一層 二層 騎樓
RPRNMLRJRHIFFCM56CA,31,79.77,住商用,鋼筋混凝土造,71年8月23日,二層,一層 二層 騎樓
RPUNMLTLQHIFFBM07CA,36,92.30,住家用,磚造,66年2月16日,二層,一層 二層
RPRNMLTLQHIFFBM76CA,9,174.88,住家用,鋼筋混凝土造,93年10月18日,四層,四層 一層 二層 三層
RPSNMLQJRHIFFAM98CA,32,157.14,住商用,鋼筋混凝土加強磚造,70年2月24日,三層,一層 二層 三層 騎樓
RPTNMLNJRHIFFAM78CA,32,111.61,住家用,鋼筋混凝土加強磚造,70年12月15日,二層,一層 二層 騎樓
RPPOMLLKRHIFFAM38CA,8,152.70,住家用,鋼筋混凝土造,95年1月19日,三層,一層 二層 三層 屋頂突出物
RPWNMLTJRHIFFAM07CA,12,161.03,住家用,鋼筋混凝土造,90年5月4日,三層,二層 一層 三層 屋頂突出物
RPUNMLTJRHIFFAM86CA,27,89.80,住家用,鋼筋混凝土造,75年11月19日,二層,一層 二層
RPROMLTJRHIFFAM66CA,19,147.72,見其他登記事項,鋼筋混凝土造,84年1月28日,三層,一層 二層 三層 騎樓
RPTNMLSKRHIFFAM76CA,18,347.38,住家用,鋼筋混凝土造,85年1月16日,四層,一層 二層 三層 四層 屋頂突出物 騎樓
RPPNMLQJRHIFFAM68CA,22,93.38,住商用,鋼筋混凝土造,80年9月26日,三層,騎樓 一層 二層 三層
RPPNMLQJRHIFFAM68CA,22,93.38,住商用,鋼筋混凝土造,80年9月26日,三層,一層 二層 三層 騎樓
RPQNMLNJRHIFFAM48CA,2,69.27,住家用,鋼筋混凝土造,100年12月14日,五層,四層
RPQNMLNJRHIFFAM48CA,2,11.30,見其他登記事項,鋼筋混凝土造,100年12月14日,五層,
RPRNMLLKRHIFFBM58CA,33,116.16,住家用,加強磚造,69年12月31日,二層,一層 二層
RPSNMLMJRHIFFAM58CA,20,84.34,住家用,鋼筋混凝土造,82年3月22日,八層,二層
RPSNMLMJRHIFFAM58CA,20,21.12,見其他登記事項,鋼筋混凝土造,82年3月22日,八層,
RPQNMLNJRHIFFBM58CA,,188.72,見其他登記事項,鋼筋混凝土造,102年4月11日,三層,二層 三層 見其他登記事項 一層
RPQNMLRJRHIFFCM09CA,18,146.89,住商用,鋼筋混凝土造,84年11月22日,十二層,騎樓 一層 二層
RPVNMLNLRHIFFAM66DA,32,111.84,住商用,加強磚造,70年10月3日,二層,一層 二層 屋頂突出物
RPUNMLRKRHIFFCM96CA,7,166.59,住家用,鋼骨鋼筋混凝土造,95年12月14日,三層,一層 二層 三層
RPPNMLTLQHIFFEM86CA,33,106.68,住家用,鋼筋混凝土加強磚造,69年9月1日,二層,一層 二層
RPPNMLMJRHIFFDM58CA,19,236.95,住商用,鋼筋混凝土造,83年12月14日,四層,一層 二層 三層 四層 騎樓
RPWNMLQJRHIFFCM96CA,16,158.58,住家用,鋼筋混凝土造,86年2月3日,三層,一層 二層 三層 屋頂突出物
RPQNMLOLRHIFFCM09DA,38,155.25,住商用,鋼筋混凝土加強磚造,64年8月20日,二層,一層 二層 騎樓
RPXNMLNLRHIFFBM86CA,31,77.33,住家用,加強磚造,71年2月25日,二層,一層 二層
RPXNMLTJRHIFFAM17CA,19,147.50,見其他登記事項,鋼筋混凝土造,83年3月10日,四層,一層 二層 三層 四層
RPUNMLNJRHIFFAM88CA,11,158.29,住家用,鋼筋混凝土造,91年9月19日,三層,一層 二層 三層 屋頂突出物
RPVNMLTJRHIFFAM96CA,21,126.72,住商用,加強磚造,81年7月7日,二層,一層 二層 騎樓
RPSNMLTJRHIFFAM66CA,15,93.12,住家用,鋼筋混凝土造,87年10月27日,十三層,六層
RPSNMLTJRHIFFAM66CA,15,28.39,見其他登記事項,鋼筋混凝土造,87年10月27日,十三層,
RPSOMLNLRHIFFAM98CA,16,17.18,停車空間,鋼筋混凝土造,86年9月19日,十四層,
RPSOMLNLRHIFFAM98CA,16,17.18,停車空間,鋼筋混凝土造,86年9月19日,十四層,
RPUOMLNLRHIFFAM56CA,16,17.18,停車空間,鋼筋混凝土造,86年9月19日,十四層,
RPTOMLNLRHIFFAM09CA,16,17.18,停車空間,鋼筋混凝土造,86年9月19日,十四層,
RPOOMLKKRHIFFAM18CA,5,148.99,住家用,鋼筋混凝土造,97年7月2日,三層,一層 二層 三層
RPXOMLQJRHIFFBM07CA,,12.00,農舍,見其他登記事項,102年7月16日,一層,一層
RPVOMLNLRHIFFAM66CA,16,17.18,停車空間,鋼筋混凝土造,86年9月19日,十四層,
RPVNMLNJRHIFFDM66CA,35,103.10,住家用,鋼筋混凝土加強磚造,67年10月9日,二層,騎樓 一層 二層
RPQNMLLKRHIFFDM68CA,5,266.33,住家用,鋼筋混凝土造,96年4月13日,二層,二層 一層
RPTNMLOJRHIFFAM98DA,34,101.79,住家用,鋼筋混凝土加強磚造,68年10月17日,二層,一層 二層
RPPNMLPJRHIFFEM98CA,44,324.14,住商用,鋼筋混凝土加強磚造,58年2月14日,三層,一層 二層 三層 騎樓 地下層
RPTNMLQKRHIFFBM66CA,7,130.94,住家用,鋼筋混凝土造,95年11月29日,三層,一層 二層 三層 屋頂突出物
RPOOMLMKRHIFFCM58CA,42,111.20,住商用,鋼筋混凝土加強磚造,60年12月23日,二層,二層 騎樓 一層
RPPNMLQKRHIFFBM88CA,7,267.06,住家用,鋼筋混凝土造,95年10月18日,四層,一層 二層 三層 四層
RPTNMLLKRHIFFBM78CA,,190.21,見其他登記事項,鋼筋混凝土造,102年4月1日,三層,一層 二層 三層 見其他登記事項
RPTNMLPJRHIFFCM56CA,32,108.23,住商用,鋼筋混凝土造,70年10月27日,二層,一層 二層 騎樓
RPSNMLLKRHIFFBM68CA,,190.13,見其他登記事項,鋼筋混凝土造,102年4月1日,三層,一層 二層 三層 見其他登記事項
RPXNMLQJRHIFFBM96CA,36,126.94,住商用,鋼筋混凝土加強磚造,66年11月11日,二層,一層 二層 騎樓
RPSNMLNLRHIFFAM88CA,19,12.67,停車空間,鋼筋混凝土造,84年2月16日,十三層,
RPTNMLNKRHIFFAM88CA,10,31.90,見其他登記事項,鋼筋混凝土造,92年10月23日,九層,
RPTNMLNKRHIFFAM88CA,10,132.44,住家用,鋼筋混凝土造,92年10月23日,九層,五層
RPTNMLKKRHIFFAM58CA,20,92.28,住家用,鋼筋混凝土造,82年7月28日,三層,一層 二層 三層
RPWNMLQKRHIFFBM96CA,18,254.32,住商用,鋼筋混凝土造,84年4月24日,四層,一層 二層 三層 四層 屋頂突出物 騎樓
RPWOMLQJRHIFFBM96CA,17,104.54,住商用,鋼筋混凝土造,85年12月7日,八層,一層 二層 騎樓
RPWOMLQJRHIFFBM96CA,17,33.55,見其他登記事項,鋼筋混凝土造,85年12月7日,八層,
RPUNMLMKRHIFFBM98CA,32,108.50,住商用,鋼筋混凝土造,71年1月15日,二層,一層 二層
RPTNMLQJRHIFFCM66CA,20,81.78,見其他登記事項,鋼筋混凝土造,83年1月14日,十一層,三層
RPTNMLQJRHIFFCM66CA,20,21.36,見其他登記事項,鋼筋混凝土造,83年1月14日,十一層,
RPUNMLLJIIIFFCM18DA,9,112.20,見其他登記事項,鋼筋混凝土造,93年11月16日,九層,五層
RPUNMLLJIIIFFCM18DA,9,57.63,見其他登記事項,鋼筋混凝土造,93年11月16日,九層,
RPPNMLNLIIIFFBM87CA,,237.99,見其他登記事項,鋼筋混凝土造,102年4月1日,三層,一層 二層 三層 見其他登記事項
RPWNMLLJIIIFFCM28CA,,157.67,見其他登記事項,鋼筋混凝土造,102年4月19日,三層,一層 二層 三層 見其他登記事項
RPTNMLOLRHIFFCM76DA,2,182.34,見其他登記事項,鋼筋混凝土造,100年4月11日,三層,一層 二層 三層 見其他登記事項
RPSNMLKMRHIFFCM98DA,19,47.46,見其他登記事項,鋼筋混凝土造,83年11月28日,九層,四層
RPSNMLKMRHIFFCM98DA,19,.12,見其他登記事項,鋼筋混凝土造,83年11月28日,九層,
RPVNMLPLRHIFFCM96CA,25,144.08,住商用,鋼筋混凝土造,77年12月9日,二層,一層 二層
RPSNMLQJRHIFFCM56CA,21,199.74,住商用,鋼筋混凝土造,81年12月21日,四層,一層 二層 三層 四層 騎樓
RPQNMLQJRHIFFCM98CA,40,63.92,住商用,鋼筋混凝土加強磚造,62年10月24日,二層,一層 二層
RPWOMLNLRHIFFAM76CA,16,17.18,停車空間,鋼筋混凝土造,86年9月19日,十四層,
RPSNMLNKRHIFFBM88CA,17,65.13,農舍,鋼筋混凝土造,85年11月11日,三層,一層 二層 三層 電梯樓梯間
RPRNMLQJRHIFFBM98CA,5,15.00,農舍,見其他登記事項,97年4月23日,一層,一層
RPROMLKKRHIFFAM48CA,22,143.75,住家用,鋼筋混凝土造,80年3月6日,三層,二層 三層 屋頂突出物 一層
RPSNMLKKRHIFFAM48CA,,228.96,住商用,鋼筋混凝土加強磚造,,二層,騎樓 地下層 一層 二層
RPQOMLKKRHIFFAM38CA,14,89.56,商業用,見其他登記事項,88年6月1日,一層,一層 騎樓
RPQOMLKKRHIFFAM38CA,14,106.39,商業用,見其他登記事項,88年6月1日,一層,一層 騎樓
RPTOMLTJRHIFFAM86CA,33,396.38,住商用,鋼筋混凝土加強磚造,70年1月27日,三層,一層 二層 三層 騎樓 地下層
RPRNMLOJIIIFFAM87CA,,208.33,住家用,鋼筋混凝土造,102年5月21日,四層,三層 四層 一層 二層
RPVNMLQKRHIFFBM86CA,34,61.38,住家用,鋼筋混凝土加強磚造,68年7月28日,一層,
RPTNMLOJIIIFFAM08CA,,208.33,住家用,鋼筋混凝土造,102年5月21日,四層,三層 四層 一層 二層
RPVNMLOLRHIFFBM76CA,17,182.34,住商用,鋼筋混凝土造,86年2月18日,三層,一層 二層 三層 電梯樓梯間
RPQNMLKKRHIFFCM48CA,33,90.12,住家用,加強磚造,69年5月23日,二層,一層 二層
RPUNMLOLRHIFFBM66CA,17,182.34,住商用,鋼筋混凝土造,86年2月18日,三層,二層 三層 一層 電梯樓梯間
RPSNMLKKRHIFFCM68CA,32,107.47,見其他登記事項,鋼筋混凝土造,70年12月3日,二層,一層 二層 騎樓
RPTNMLKMRHIFFCM09DA,17,96.21,住商用,鋼筋混凝土造,85年3月10日,三層,一層 二層 三層
RPTNMLKKRHIFFCM78CA,34,85.92,住家用,加強磚造,68年7月9日,二層,一層 二層
RPUNMLMKRHIFFCM56DA,26,237.51,住商用,鋼筋混凝土造,76年8月3日,四層,一層 二層 三層 四層 騎樓
RPRNMLNKRHIFFBM78CA,26,125.80,住家用,加強磚造,76年9月10日,二層,
RPPNMLOJIIIFFBM77CA,3,12.00,農舍,見其他登記事項,99年8月27日,一層,
RPQNMLNKRHIFFDM88CA,17,34.86,見其他登記事項,鋼筋混凝土造,85年4月1日,四層,
RPQNMLNKRHIFFDM88CA,17,51.14,見其他登記事項,鋼筋混凝土造,85年4月1日,四層,三層
RPWNMLOLRHIFFBM86CA,17,182.34,住商用,鋼筋混凝土造,86年2月18日,三層,一層 二層 三層 電梯樓梯間
RPPNMLOKRHIFFAM58CA,9,171.14,住家用,鋼筋混凝土造,93年12月2日,四層,四層 一層 二層 三層
RPQNMLRJIIIFFAM08CA,,207.85,住家用,鋼筋混凝土造,102年5月21日,四層,一層 二層 三層 四層
RPSNMLRJIIIFFAM28CA,,209.70,住家用,鋼筋混凝土造,102年5月21日,四層,三層 四層 一層 二層
RPUNMLRJIIIFFAM48CA,,217.82,見其他登記事項,鋼筋混凝土造,102年5月21日,四層,一層 二層 三層 四層 騎樓
RPRNMLOKRHIFFAM78CA,20,149.40,住商用,鋼筋混凝土造,83年1月17日,三層,一層 二層 三層
RPUNMLNKRHIFFAM98CA,33,138.60,住商用,鋼筋混凝土加強磚造,69年6月4日,二層,一層 二層 地下層
RPQOMLLKRHIFFAM48CA,14,59.42,住家用,鋼筋混凝土造,88年8月30日,五層,二層
RPQOMLLKRHIFFAM48CA,14,6.06,見其他登記事項,鋼筋混凝土造,88年8月30日,五層,
RPSNMLMKRHIFFAM68CA,21,136.24,住家用,鋼筋混凝土造,81年11月2日,三層,三層 一層 二層
RPPPMLQLRHIFFBM56CA,32,133.07,住商用,鋼筋混凝土造,70年12月22日,二層,一層 二層 騎樓
RPRNMLMKRHIFFBM68CA,18,187.68,住家用,鋼筋混凝土造,85年1月16日,三層,一層 二層 三層 電梯樓梯間
RPWNMLLKRHIFFBM09CA,,229.69,見其他登記事項,鋼筋混凝土造,102年4月1日,三層,一層 二層 三層 見其他登記事項
RPRNMLKMRHIFFCM88DA,6,520.35,見其他登記事項,鋼筋混凝土造,96年4月18日,四層,一層 二層 三層 四層 騎樓
RPVNMLMKRHIFFCM66DA,38,76.38,住商用,鋼筋混凝土加強磚造,64年6月13日,二層,一層 二層
RPPNMLLLRHIFFCM58CA,9,152.93,住家用,鋼筋混凝土造,93年10月14日,四層,一層 二層 三層 四層
RPPNMLOLRHIFFDM98CA,19,68.80,住家用,鋼筋混凝土造,83年5月24日,五層,二層
RPRNMLOKRHIFFDM09CA,33,68.52,住家用,鋼筋混凝土加強磚造,70年2月20日,一層,一層
RPSOMLQKRHIFFDM86CA,17,23.16,見其他登記事項,鋼筋混凝土造,85年3月9日,七層,四層
RPRNMLNLRHIFFEM56CA,12,224.09,住家用,鋼骨混凝土造,90年4月4日,三層,一層 二層 三層 騎樓
RPQNMLMKRHIFFDM78CA,37,90.72,住家用,鋼筋混凝土加強磚造,66年1月18日,二層,二層 一層
RPUOMLQKRHIFFDM17DA,21,131.38,住家用,鋼筋混凝土造,81年4月7日,四層,三層 四層
RPUOMLQKRHIFFDM17DA,21,20.16,見其他登記事項,鋼筋混凝土造,81年4月7日,四層,
RPRNMLNKRHIFFCM88CA,29,82.45,住家用,鋼筋混凝土造,73年8月23日,二層,一層 二層
RPPNMLMKRHIFFCM58CA,31,55.54,住家用,鋼筋混凝土造,71年3月31日,三層,三層
RPPNMLMKRHIFFCM58CA,31,55.54,住家用,鋼筋混凝土造,71年3月31日,三層,三層
RPPNMLMKRHIFFCM58CA,31,2.20,見其他登記事項,鋼筋混凝土造,71年3月31日,三層,
RPPNMLMKRHIFFCM58CA,31,2.20,見其他登記事項,鋼筋混凝土造,71年3月31日,三層,
RPPNMLMKRHIFFCM58CA,31,50.60,住家用,鋼筋混凝土造,71年3月31日,二層,一層 二層
RPPNMLMKRHIFFCM58CA,31,50.60,住家用,鋼筋混凝土造,71年3月31日,二層,一層 二層
RPPNMLMKRHIFFCM58CA,31,2.20,見其他登記事項,鋼筋混凝土造,71年3月31日,三層,
RPPNMLMKRHIFFCM58CA,31,2.20,見其他登記事項,鋼筋混凝土造,71年3月31日,三層,
RPXNMLMKRHIFFAM56CA,24,95.50,住家用,鋼筋混凝土造,79年1月10日,二層,一層 二層
RPPNMLNKRHIFFAM48CA,35,84.82,住家用,鋼筋混凝土造,67年12月1日,一層,一層
RPTNMLRKRHIFFBM76CA,19,79.75,住家用,鋼筋混凝土造,83年10月29日,八層,八層
RPTNMLRKRHIFFBM76CA,19,30.02,見其他登記事項,鋼筋混凝土造,83年10月29日,八層,
RPROMLNLRHIFFAM88CA,16,86.70,住家用,鋼筋混凝土造,86年9月19日,十四層,一層
RPROMLNLRHIFFAM88CA,16,21.41,見其他登記事項,鋼筋混凝土造,86年9月19日,十四層,
RPROMLNLRHIFFAM88CA,16,17.18,停車空間,鋼筋混凝土造,86年9月19日,十四層,
RPOOMLOLRHIFFAM68CA,16,119.87,住家用,鋼筋混凝土造,86年9月19日,十四層,九層 十層
RPOOMLOLRHIFFAM68CA,16,28.97,見其他登記事項,鋼筋混凝土造,86年9月19日,十四層,
RPOOMLOLRHIFFAM68CA,16,17.18,停車空間,鋼筋混凝土造,86年9月19日,十四層,
RPQNMLOKRHIFFAM68CA,20,141.90,住家用,鋼筋混凝土造,83年1月17日,三層,一層 二層 三層
RPOOMLRJIIIFFAM97CA,22,132.41,住家用,鋼筋混凝土造,80年4月17日,二層,一層 二層
RPVNMLNLRHIFFBM66CA,38,88.98,住商用,鋼筋混凝土加強磚造,64年7月4日,二層,一層 二層 騎樓
RPUNMLQLRHIFFBM86CA,,201.45,見其他登記事項,鋼筋混凝土造,102年3月20日,三層,一層 二層 三層 見其他登記事項
RPQOMLOLRHIFFAM88CA,16,86.72,住家用,鋼筋混凝土造,86年9月19日,十四層,七層
RPQOMLOLRHIFFAM88CA,16,21.62,見其他登記事項,鋼筋混凝土造,86年9月19日,十四層,
RPSOMLSJIIIFFCM78DA,25,2196.20,見其他登記事項,鋼造,77年11月1日,一層,一層
RPWNMLNKRHIFFAM66DA,33,99.28,住商用,鋼筋混凝土加強磚造,69年12月1日,二層,一層 二層 騎樓
RPTNMLRLRHIFFCM96CA,15,248.47,住家用,鋼筋混凝土造,87年4月22日,四層,一層 二層 三層 四層 地下層
RPPNMLQKRHIFFAM88DA,10,68.03,住家用,鋼筋混凝土造,93年1月19日,五層,五層
RPPNMLQKRHIFFAM88DA,10,8.02,見其他登記事項,鋼筋混凝土造,93年1月19日,五層,
RPRNMLQKRHIFFDM66CA,35,148.03,住商用,鋼筋混凝土加強磚造,67年9月23日,三層,一層 二層 三層 騎樓
RPOOMLRKRHIFFCM56DA,46,20.29,住家用,鋼筋混凝土加強磚造,56年5月15日,二層,一層 二層
RPPOMLLLIIIFFCM87CA,21,166.74,農舍,鋼筋混凝土造,81年2月27日,一層,一層
RPSNMLPLRHIFFDM86DA,41,113.51,住家用,鋼筋混凝土加強磚造,61年10月18日,二層,一層 二層 騎樓
RPRNMLOJIIIFFCM08CA,15,262.05,見其他登記事項,鋼筋混凝土造,87年12月31日,八層,一層 二層 騎樓
RPRNMLOJIIIFFCM08CA,15,100.72,見其他登記事項,鋼筋混凝土造,87年12月31日,八層,
RPRNMLNJIIIFFCM97CA,1,205.84,見其他登記事項,鋼筋混凝土造,101年8月22日,四層,一層 二層 三層 四層
RPTNMLOJIIIFFCM28CA,28,105.79,住商用,加強磚造,74年9月27日,二層,一層 二層 騎樓
RPTNMLQKRHIFFCM76CA,9,155.73,住家用,見其他登記事項,93年8月18日,三層,一層 二層 三層
RPSNMLOKRHIFFCM09CA,35,87.74,住家用,鋼筋混凝土加強磚造,68年2月14日,二層,一層 二層
RPTNMLOKRHIFFCM56CA,18,79.15,見其他登記事項,鋼筋混凝土造,84年7月17日,七層,二層
RPSNMLNLRHIFFBM98CA,20,170.07,住家用,鋼筋混凝土造,83年2月7日,四層,一層 二層 三層 四層
RPTNMLSJIIIFFAM48CA,12,212.27,見其他登記事項,鋼筋混凝土造,90年7月5日,五層,五層 騎樓 一層 二層 三層 四層
RPQNMLQKRHIFFCM09CA,18,191.72,住家用,鋼筋混凝土造,84年12月30日,三層,屋頂突出物 一層 二層 三層
RPPNMLKLRHIFFAM28CA,18,210.27,住家用,鋼筋混凝土造,84年9月15日,三層,三層 屋頂突出物 一層 二層 地下層
RPPNMLKLRHIFFAM28CA,18,15.09,住家用,鋼筋混凝土造,84年9月15日,三層,
RPWNMLRLRHIFFAM07CA,20,74.74,住家用,鋼筋混凝土造,82年3月22日,八層,六層
RPQNMLSKRHIFFBM56CA,4,12.00,農舍,見其他登記事項,98年11月13日,一層,一層
RPRNMLNJIIIFFBM87CA,12,271.02,住家用,鋼筋混凝土造,90年8月7日,三層,一層 二層 三層
RPSNMLQKRHIFFDM76CA,10,154.80,住家用,鋼筋混凝土造,92年6月11日,三層,一層 屋頂突出物 二層 三層
RPPNMLKLRHIFFEM68CA,19,117.37,住家用,鋼筋混凝土造,83年2月21日,三層,一層 二層 三層
RPSNMLSKRHIFFBM76CA,30,41.76,住商用,鋼造,72年6月23日,一層,一層
RPRNMLTJIIIFFBM48CA,20,553.98,住商用,鋼筋混凝土造,83年2月7日,五層,二層 三層 四層 五層 屋頂突出物 騎樓 一層
RPTNMLSKRHIFFCM96CA,18,69.88,見其他登記事項,鋼筋混凝土造,84年10月2日,七層,一層
RPTNMLSKRHIFFCM96CA,18,21.63,見其他登記事項,鋼筋混凝土造,84年10月2日,七層,
RPPOMLOLRHIFFAM78CA,16,86.72,住家用,鋼筋混凝土造,86年9月19日,十四層,十三層
RPPOMLOLRHIFFAM78CA,16,21.62,見其他登記事項,鋼筋混凝土造,86年9月19日,十四層,
RPUNMLPLRHIFFAM66CA,33,78.61,住商用,鋼筋混凝土加強磚造,69年7月2日,二層,一層 二層
RPOOMLNLRHIFFAM58CA,18,150.96,住家用,鋼筋混凝土造,84年12月4日,三層,一層 二層 三層 電梯樓梯間
RPRNMLMJIIIFFCM87CA,32,113.27,住商用,鋼筋混凝土造,70年4月7日,三層,一層 二層 三層 騎樓
RPUNMLSKRHIFFAM86CA,33,116.96,住商用,鋼筋混凝土加強磚造,69年6月7日,二層,一層 二層 騎樓
RPPNMLPKIIIFFCM08CA,9,171.83,住商用,鋼筋混凝土造,93年11月16日,九層,一層 二層 三層 騎樓
RPPNMLPKIIIFFCM08CA,9,56.21,見其他登記事項,鋼筋混凝土造,93年11月16日,九層,
RPPNMLSKRHIFFAM98CA,33,88.20,住商用,鋼筋混凝土加強磚造,69年4月12日,二層,一層 二層 騎樓
RPROMLNJIIIFFCM08CA,11,101.11,農舍,見其他登記事項,91年12月5日,一層,一層
RPVNMLSKRHIFFCM17CA,19,81.71,見其他登記事項,鋼筋混凝土造,83年12月31日,十二層,十二層
RPWNMLNLRHIFFBM76CA,38,315.06,住家用,鋼筋混凝土加強磚造,64年11月11日,二層,一層 二層
RPPNMLNLRHIFFBM68CA,29,100.05,住商用,鋼筋混凝土造,73年9月1日,二層,二層 一層
RPVOMLNLRHIFFBM76CA,,312.39,見其他登記事項,鋼筋混凝土造,102年7月5日,四層,一層 二層 三層 四層 見其他登記事項
RPRNMLSKRHIFFDM86CA,17,51.14,見其他登記事項,鋼筋混凝土造,85年4月1日,四層,四層
RPRNMLSKRHIFFDM86CA,17,33.45,見其他登記事項,鋼筋混凝土造,85年4月1日,四層,
RPUNMLPKIIIFFCM68DA,9,134.23,見其他登記事項,鋼筋混凝土造,93年11月16日,九層,八層
RPUNMLPKIIIFFCM68DA,9,58.14,見其他登記事項,鋼筋混凝土造,93年11月16日,九層,
RPPNMLPLRHIFFEM56CA,33,92.10,住家用,鋼筋混凝土加強磚造,69年9月16日,二層,一層 二層
RPUOMLNLRHIFFBM66CA,25,113.10,住家用,鋼筋混凝土造,78年3月1日,三層,騎樓 地下層 一層 二層 三層
RPSNMLPLRHIFFCM66CA,35,82.60,見其他登記事項,加強磚造,67年4月25日,二層,一層 二層
RPQNMLMJIIIFFAM57CA,31,88.54,住商用,鋼筋混凝土加強磚造,71年8月30日,三層,一層 二層 三層
RPTOMLOLRHIFFAM56CA,33,82.38,住家用,鋼筋混凝土加強磚造,69年12月1日,一層,
RPSNMLOLRHIFFCM56CA,29,109.69,住家用,鋼筋混凝土造,74年3月9日,二層,一層 二層 騎樓
RPROMLOLRHIFFAM98CA,36,243.63,見其他登記事項,見其他登記事項,66年4月22日,一層,見其他登記事項
RPUOMLOLRHIFFAM66CA,19,16.93,見其他登記事項,鋼筋混凝土造,83年3月31日,四層,
RPUOMLOLRHIFFAM66CA,19,1.39,見其他登記事項,鋼筋混凝土造,83年3月31日,四層,
RPUOMLOLRHIFFAM66CA,19,189.93,住家用,鋼筋混凝土造,83年3月31日,三層,一層 二層 三層 屋頂突出物 地下層
RPOOMLRLRHIFFAM98CA,34,80.56,住家用,鋼筋混凝土加強磚造,69年3月4日,二層,一層 二層
RPQOMLOLRHIFFBM98CA,19,61.73,住家用,鋼筋混凝土造,83年4月11日,八層,六層
RPQOMLOLRHIFFBM98CA,19,14.26,見其他登記事項,鋼筋混凝土造,83年4月11日,八層,
RPOOMLOLRHIFFBM78CA,19,25.25,住家用,鋼筋混凝土造,83年7月21日,十三層,七層
RPOOMLOLRHIFFBM78CA,19,14.15,見其他登記事項,鋼筋混凝土造,83年7月21日,十三層,
RPSPMLQLRHIFFBM86CA,,44.53,農舍,見其他登記事項,102年6月19日,一層,一層
RPPOMLQLRHIFFBM09CA,19,68.97,住家用,鋼筋混凝土造,83年10月29日,八層,六層
RPPOMLQLRHIFFBM09CA,19,25.54,見其他登記事項,鋼筋混凝土造,83年10月29日,八層,
RPSNMLKMRHIFFEM09CA,8,189.82,住商用,見其他登記事項,94年4月29日,三層,一層 二層 三層 騎樓 見其他登記事項
RPQNMLQLRHIFFAM09DA,35,89.18,住家用,鋼筋混凝土加強磚造,67年8月1日,二層,一層 二層
RPPNMLLKIIIFFEM97DA,39,139.46,商業用,鋼筋混凝土加強磚造,63年12月2日,二層,一層 二層 騎樓
RPOOMLOKIIIFFBM87CA,19,32.88,見其他登記事項,鋼筋混凝土造,83年10月29日,八層,
RPOOMLOKIIIFFBM87CA,19,91.96,住家用,鋼筋混凝土造,83年10月29日,八層,二層
RPOOMLQLRHIFFBM98CA,2,12.00,農舍,見其他登記事項,100年7月21日,一層,一層
RPPNMLRLRHIFFBM09CA,,217.29,見其他登記事項,鋼筋混凝土造,102年3月14日,三層,一層 二層 三層 地下一層 見其他登記事項
RPPNMLRLRHIFFBM09CA,,2.08,見其他登記事項,鋼筋混凝土造,102年3月14日,一層,
RPPNMLRLRHIFFBM09CA,,51.35,見其他登記事項,鋼筋混凝土造,102年3月14日,一層,
RPVPMLSJIIIFFCM09CA,47,76.85,住家用,磚造,56年1月1日,一層,一層
RPXPMLSJIIIFFCM66CA,18,64.53,見其他登記事項,鋼筋混凝土造,84年11月22日,十二層,四層
RPQNMLQLRHIFFCM56CA,12,165.27,見其他登記事項,鋼筋混凝土造,90年5月1日,二層,一層 二層 騎樓
RPSNMLLLIIIFFCM18DA,19,31.92,見其他登記事項,鋼筋混凝土造,83年11月28日,九層,三層
RPTNMLKMRHIFFAM78CA,24,144.15,住商用,鋼筋混凝土造,78年8月29日,三層,一層 二層 三層 騎樓
RPRNMLQLRHIFFAM09CA,25,190.40,住家用,鋼筋混凝土造,77年5月16日,三層,一層 二層 三層
RPUNMLQLRHIFFAM76CA,34,126.90,住商用,鋼筋混凝土造,69年1月28日,二層,一層 二層 騎樓
RPSNMLRLRHIFFAM66CA,20,78.39,住家用,鋼筋混凝土造,82年3月22日,八層,二層
RPSNMLMJIIIFFAM77CA,25,119.43,住家用,加強磚造,77年9月8日,二層,一層 二層
RPSNMLMJIIIFFAM77CA,25,119.43,住家用,加強磚造,77年9月8日,二層,一層 二層
RPTNMLPLRHIFFAM56CA,2,68.05,住家用,鋼筋混凝土造,100年12月14日,五層,二層
RPTNMLPLRHIFFAM56CA,2,10.86,見其他登記事項,鋼筋混凝土造,100年12月14日,五層,
RPSNMLQKIIIFFAM28CA,33,91.44,住商用,鋼筋混凝土加強磚造,69年12月26日,二層,一層 二層
RPXNMLRLRHIFFAM17CA,19,85.63,住家用,鋼筋混凝土造,83年10月7日,十一層,十一層
RPXNMLRLRHIFFAM17CA,19,33.27,見其他登記事項,鋼筋混凝土造,83年10月7日,十一層,
RPTNMLQLRHIFFCM86CA,27,167.11,見其他登記事項,鋼筋混凝土造,76年2月19日,三層,一層 二層 三層 騎樓
RPPOMLSJIIIFFCM38CA,8,473.25,見其他登記事項,鋼筋混凝土造,94年5月31日,二層,一層 二層 屋頂突出物
RPVNMLRJIIIFFCM78CA,,109.16,見其他登記事項,鋼筋混凝土造,102年4月19日,四層,一層
RPWNMLRJIIIFFCM88CA,,159.58,住家用,鋼筋混凝土造,102年4月19日,四層,三層 四層
RPXNMLMLIIIFFBM58CA,,12.00,農舍,見其他登記事項,102年6月20日,一層,一層
RPXNMLMLIIIFFBM58CA,,12.00,農舍,見其他登記事項,102年6月20日,一層,一層
RPUNMLSJIIIFFBM68CA,17,80.92,住家用,鋼筋混凝土造,85年6月13日,九層,六層
RPUNMLSJIIIFFBM68CA,17,29.09,見其他登記事項,鋼筋混凝土造,85年6月13日,九層,
RPUNMLSJIIIFFBM68CA,17,94.41,住家用,鋼筋混凝土造,85年6月13日,九層,六層
RPUNMLSJIIIFFBM68CA,17,33.64,見其他登記事項,鋼筋混凝土造,85年6月13日,九層,
RPUNMLSJIIIFFBM68CA,17,.30,見其他登記事項,鋼筋混凝土造,85年6月13日,九層,
RPUNMLSJIIIFFBM68CA,17,69.78,見其他登記事項,鋼筋混凝土造,85年6月13日,九層,
RPXNMLRJIIIFFCM98CA,,110.50,住家用,鋼筋混凝土造,102年4月19日,四層,二層
RPWNMLQLRHIFFBM07CA,34,70.00,住家用,鋼筋混凝土加強磚造,68年6月26日,一層,一層
RPQOMLQLRHIFFBM56CA,,83.46,住家用,鋼筋混凝土加強磚造,,二層,一層 二層
RPUNMLLLIIIFFCM38DA,19,47.46,見其他登記事項,鋼筋混凝土造,83年11月28日,九層,六層
RPXNMLQLRHIFFBM17CA,15,138.36,住家用,鋼筋混凝土造,87年7月4日,三層,一層 二層 三層
RPTNMLLLIIIFFCM28DA,19,110.69,見其他登記事項,鋼筋混凝土造,83年7月8日,十二層,四層
RPTNMLLLIIIFFCM28DA,19,.57,見其他登記事項,鋼筋混凝土造,83年7月8日,十二層,
RPSNMLQLRHIFFCM86DA,43,70.40,住家用,鋼筋混凝土加強磚造,59年12月1日,二層,一層 二層
RPRNMLSKIIIFFCM58CA,10,505.82,見其他登記事項,鋼筋混凝土造,92年7月8日,五層,一層 二層 三層 四層 五層 屋頂突出物 騎樓
RPPOMLOLIIIFFCM18CA,20,131.50,住家用,鋼筋混凝土造,82年6月7日,三層,一層 二層 三層
RPQNMLRLRHIFFDM76CA,35,87.30,住商用,鋼筋混凝土加強磚造,67年7月18日,二層,一層 二層 騎樓
RPQNMLLKIIIFFEM97CA,30,111.54,住家用,鋼筋混凝土加強磚造,72年5月31日,二層,一層 二層
RPSNMLRLRHIFFBM76CA,20,95.02,住家用,鋼筋混凝土造,82年3月12日,七層,五層
RPSNMLRLRHIFFBM76CA,20,36.15,見其他登記事項,鋼筋混凝土造,82年3月12日,七層,
RPWNMLSKIIIFFDM56CA,6,130.81,住家用,鋼筋混凝土造,96年4月13日,二層,一層 二層
RPTPMLQLRHIFFBM96CA,1,162.31,住家用,鋼筋混凝土造,101年7月19日,四層,一層 二層 三層 四層
RPTPMLQLRHIFFBM96CA,1,12.88,住家用,見其他登記事項,101年12月13日,一層,
RPOOMLMLIIIFFCM87CA,19,125.70,住商用,鋼筋混凝土造,83年5月20日,三層,一層 二層 三層 騎樓
SPPNMLPKIIIFFBM08CA,40,177.24,住家用,鋼筋混凝土加強磚造,62年7月18日,三層,一層 二層 三層 騎樓
RPPNMLPKIIIFFBM97CA,20,187.00,住商用,鋼造,82年7月2日,二層,二層 騎樓 一層
RPRNMLLJIIIFFBM67CA,30,90.30,住家用,鋼筋混凝土造,72年5月12日,二層,一層 二層
RPRNMLLJIIIFFCM77CA,25,96.99,見其他登記事項,鋼筋混凝土造,77年7月8日,五層,三層
RPTNMLSJIIIFFBM58CA,2,489.81,住家用,鋼筋混凝土造,100年7月15日,五層,一層 二層 三層 四層 五層
RPTOMLOKIIIFFAM28CA,16,233.77,住商用,鋼筋混凝土造,86年10月27日,四層,一層 二層 三層 四層 屋頂突出物
RPTOMLOKIIIFFAM28CA,16,29.70,見其他登記事項,鋼筋混凝土造,87年1月6日,四層,
RPSNMLSJIIIFFAM38CA,20,82.99,住家用,鋼筋混凝土造,82年3月22日,八層,五層
RPSNMLSJIIIFFAM38CA,20,19.20,見其他登記事項,鋼筋混凝土造,82年3月22日,八層,
RPRNMLLKIIIFFAM67CA,11,176.02,見其他登記事項,鋼筋混凝土造,91年3月1日,五層,一層 二層 三層 四層 地下一層
RPRNMLLKIIIFFAM67CA,11,46.74,見其他登記事項,鋼筋混凝土造,91年3月1日,五層,
RPRNMLKMRHIFFAM58CA,3,304.52,住家用,鋼筋混凝土造,99年6月9日,五層,一層 二層 三層 四層 五層
RPUOMLOJIIIFFAM28CA,34,117.90,住家用,鋼筋混凝土加強磚造,68年11月9日,二層,二層 一層
RPQNMLNJIIIFFAM67CA,20,68.78,住家用,鋼筋混凝土造,82年3月22日,八層,七層
RPVOMLOJIIIFFAM38CA,34,113.98,住家用,鋼筋混凝土加強磚造,68年11月9日,二層,一層 二層
RPUOMLOKIIIFFAM38CA,16,234.92,住商用,鋼筋混凝土造,87年1月6日,四層,一層 二層 三層 四層 屋頂突出物 騎樓
RPVNMLSJIIIFFAM68CA,,220.47,見其他登記事項,鋼筋混凝土造,102年5月21日,四層,一層 二層 三層 四層 騎樓
RPPOMLLJIIIFFCM67CA,37,81.49,住家用,鋼筋混凝土加強磚造,65年12月9日,二層,一層 二層
RPROMLLKIIIFFBM87CA,18,191.71,住家用,鋼筋混凝土造,84年8月2日,四層,一層 二層 三層 四層
RPRNMLOKIIIFFDM28CA,17,225.26,住商用,鋼筋混凝土造,85年11月22日,三層,三層 騎樓 一層 二層
RPVNMLMLIIIFFCM48CA,38,90.68,住家用,見其他登記事項,,一層,一層
RPVNMLLLIIIFFCM48DA,19,28.77,見其他登記事項,鋼筋混凝土造,83年11月28日,九層,六層
RPVNMLLLIIIFFCM48DA,19,28.77,見其他登記事項,鋼筋混凝土造,83年11月28日,九層,六層
RPPNMLLJIIIFFBM57DA,51,172.91,住商用,鋼筋混凝土加強磚造,51年1月1日,二層,一層 二層 騎樓
RPPOMLMLIIIFFCM97CA,18,80.83,見其他登記事項,鋼筋混凝土造,84年10月2日,七層,四層
RPQNMLNKIIIFFBM87CA,5,225.46,農舍,鋼筋混凝土造,97年6月6日,三層,一層 二層 三層
RPVNMLKMRHIFFDM66CA,34,216.13,住家用,鋼筋混凝土加強磚造,69年2月4日,三層,一層 二層 三層 騎樓
RPWNMLKMRHIFFDM76CA,33,92.23,住商用,鋼筋混凝土加強磚造,69年12月27日,二層,一層 二層 騎樓
RPUNMLOJIIIFFCM38CA,12,114.03,住商用,鋼骨鋼筋混凝土造,90年5月23日,三層,一層 二層 三層 屋頂突出物 騎樓
RPQOMLLJIIIFFCM77CA,27,291.65,住家用,鋼筋混凝土造,75年4月9日,四層,一層 二層 三層 四層 騎樓
RPPNMLLJIIIFFDM67CA,7,184.37,住家用,鋼筋混凝土造,96年1月12日,四層,一層 二層 三層 四層
RPTNMLMJIIIFFDM18CA,,65.79,農舍,鋼筋混凝土造,102年6月5日,一層,一層
RPSNMLLKIIIFFAM77CA,6,227.58,住家用,鋼筋混凝土造,97年1月31日,四層,一層 二層 三層 四層
RPUNMLLLIIIFFAM08CA,38,74.38,住家用,加強磚造,64年6月5日,二層,一層 二層
RPROMLRKIIIFFAM38CA,20,138.83,住家用,鋼筋混凝土造,82年12月3日,三層,一層 二層 三層
RPQNMLOJIIIFFAM77CA,16,120.60,住家用,加強磚造,86年9月25日,二層,一層 二層
RPUNMLLJIIIFFAM87CA,32,119.26,住商用,鋼筋混凝土加強磚造,70年6月27日,二層,一層 二層 騎樓
RPQNMLLJIIIFFAM47CA,19,85.63,住家用,鋼筋混凝土造,83年10月7日,十一層,四層
RPQNMLLJIIIFFAM47CA,19,33.27,見其他登記事項,鋼筋混凝土造,83年10月7日,十一層,
RPRNMLNLIIIFFCM18CA,20,153.77,見其他登記事項,鋼筋混凝土造,83年1月14日,十一層,一層 二層 三層 騎樓
RPQNMLNLIIIFFCM08CA,19,158.88,見其他登記事項,鋼筋混凝土造,83年3月24日,二層,一層 二層 騎樓
RPSNMLRKIIIFFCM58CA,37,50.55,住家用,磚造,65年8月24日,一層,一層
RPUNMLPKIIIFFDM68CA,15,88.23,見其他登記事項,鋼筋混凝土造,87年11月17日,八層,七層
RPRNMLMJIIIFFDM97CA,23,101.50,住商用,鋼筋混凝土造,79年9月3日,三層,三層 騎樓 一層 二層
RPUNMLMJIIIFFDM28CA,45,85.28,住家用,鋼筋混凝土造,57年9月1日,二層,一層 二層 騎樓
RPVNMLNJIIIFFCM38CA,39,89.53,住家用,鋼筋混凝土加強磚造,64年1月23日,二層,一層 二層
RPOOMLMLIIIFFBM77CA,10,183.28,住家用,鋼筋混凝土造,93年2月5日,三層,一層 二層 三層 屋頂突出物
RPQNMLRJIIIFFCM28CA,35,63.22,住商用,加強磚造,67年12月19日,二層,一層 二層
RPPNMLOKIIIFFCM97CA,39,149.94,住家用,鋼筋混凝土加強磚造,63年5月31日,二層,一層 二層
RPQNMLNLIIIFFAM87CA,15,76.63,住家用,鋼筋混凝土造,88年2月12日,十二層,四層
RPQNMLNLIIIFFAM87CA,15,29.27,見其他登記事項,鋼筋混凝土造,88年2月12日,十二層,
RPQOMLLLIIIFFAM77CA,20,443.21,工業用,見其他登記事項,82年10月21日,一層,一層
RPQOMLLLIIIFFAM77CA,15,428.79,工業用,見其他登記事項,87年6月18日,一層,一層
RPRNMLNKIIIFFAM87CA,10,160.17,住家用,鋼筋混凝土造,92年4月22日,三層,一層 二層 三層 屋頂突出物
RPSNMLMLIIIFFAM97CA,,207.81,住家用,鋼筋混凝土造,102年8月26日,三層,一層 二層 三層
RPSOMLOJIIIFFAM08CA,21,90.77,住家用,鋼筋混凝土造,82年1月4日,八層,七層
RPSOMLOJIIIFFAM08CA,21,26.37,見其他登記事項,鋼筋混凝土造,82年1月4日,八層,
RPXNMLSJIIIFFAM88CA,17,2375.61,見其他登記事項,鋼骨鋼筋混凝土造,85年12月17日,一層,一層 地下層
RPWOMLSJIIIFFCM09CA,19,235.83,住家用,鋼筋混凝土造,84年2月27日,四層,地下層 一層 二層 三層 四層 屋頂突出物
RPTNMLMLIIIFFAM08CA,,189.96,住家用,鋼筋混凝土造,102年8月26日,三層,一層 二層 三層
RPRNMLSKIIIFFAM38CA,35,63.00,住家用,鋼筋混凝土加強磚造,67年11月6日,一層,一層
RPQOMLRJIIIFFCM38CA,18,84.59,見其他登記事項,鋼筋混凝土造,85年2月9日,十五層,六層
RPQNMLSJIIIFFBM28CA,22,186.14,住商用,鋼筋混凝土造,80年10月22日,四層,三層 四層 騎樓 一層 二層
RPTNMLRJIIIFFBM48CA,33,157.83,農舍,鋼筋混凝土加強磚造,70年1月3日,二層,一層 二層
RPQNMLTJIIIFFBM38CA,12,157.56,住家用,鋼筋混凝土造,90年8月20日,二層,屋頂突出物 一層 二層
RPVNMLRJIIIFFBM68CA,46,347.03,商業用,鋼筋混凝土加強磚造,56年10月30日,四層,二層 三層 一層 四層
RPVNMLRJIIIFFBM68CA,46,347.03,商業用,鋼筋混凝土加強磚造,56年10月30日,四層,一層 二層 三層 四層
RPSOMLMLIIIFFBM18CA,28,135.24,住家用,加強磚造,75年1月31日,二層,一層 二層
RPRNMLQKIIIFFBM28CA,17,278.43,農舍,鋼筋混凝土造,85年11月11日,三層,三層 電梯樓梯間 一層 二層
RPPNMLQJIIIFFBM97CA,7,153.69,住家用,鋼筋混凝土造,95年11月29日,三層,一層 二層 三層 屋頂突出物
RPTNMLRKIIIFFDM78CA,23,172.47,住家用,加強磚造,79年7月27日,三層,一層 二層 三層
RPWNMLLLIIIFFCM58DA,19,28.77,見其他登記事項,鋼筋混凝土造,83年11月28日,九層,四層
RPUNMLTJIIIFFCM88CA,18,151.06,住家用,鋼筋混凝土造,84年8月11日,四層,一層 二層 三層 四層
RPROMLRJIIIFFCM58DA,33,91.40,住家用,加強磚造,69年10月6日,二層,一層 二層
RPUNMLOKIIIFFBM38CA,19,38.11,見其他登記事項,鋼筋混凝土造,83年10月29日,八層,
RPUNMLOKIIIFFBM38CA,19,107.16,住家用,鋼筋混凝土造,83年10月29日,八層,三層
RPPNMLKMIIIFFBM67CA,1,176.57,見其他登記事項,鋼筋混凝土造,102年1月2日,三層,一層 二層 三層 見其他登記事項
RPQNMLOKIIIFFDM18CA,12,177.98,住商用,鋼筋混凝土造,90年10月31日,二層,二層 騎樓 一層
RPPNMLMKIIIFFEM97CA,34,110.08,住商用,鋼筋混凝土加強磚造,68年8月31日,二層,一層 二層 騎樓
RPPNMLTJIIIFFAM28DA,19,59.08,住家用,鋼筋混凝土造,84年2月16日,十三層,十二層
RPPNMLTJIIIFFAM28DA,19,15.42,見其他登記事項,鋼筋混凝土造,84年2月16日,十三層,
RPOOMLRJIIIFFCM18CA,16,171.14,見其他登記事項,鋼筋混凝土造,86年6月17日,四層,一層 二層 三層 四層
RPRNMLQLIIIFFCM48CA,19,155.67,住家用,鋼筋混凝土造,84年2月25日,四層,一層 二層 三層 四層
RPPNMLRJIIIFFDM28CA,34,107.52,住商用,鋼筋混凝土加強磚造,69年2月2日,二層,一層 二層 騎樓
RPVNMLSJIIIFFBM78CA,39,179.39,住商用,鋼筋混凝土加強磚造,63年12月9日,四層,三層 四層 騎樓 一層 二層
RPPNMLSJIIIFFBM18CA,18,186.51,住商用,鋼筋混凝土造,84年6月1日,四層,一層 二層 三層 四層
RPTNMLOLIIIFFBM38CA,13,133.20,農舍,鋼造,89年9月13日,一層,一層
RPWNMLLLIIIFFAM28CA,2,71.11,住家用,鋼筋混凝土造,100年12月14日,五層,一層
RPVNMLMLIIIFFAM28CA,30,2012.20,見其他登記事項,見其他登記事項,72年5月11日,一層,一層 地下層
RPVNMLMLIIIFFAM28CA,29,1035.26,見其他登記事項,見其他登記事項,73年11月16日,二層,一層 二層
RPRNMLPLIIIFFAM18CA,,200.82,見其他登記事項,鋼筋混凝土造,102年7月17日,四層,二層 三層 四層 一層
RPPNMLPLIIIFFAM97CA,,171.22,住家用,鋼筋混凝土造,102年7月17日,四層,一層 二層 三層 四層
RPQNMLPLIIIFFAM08CA,,179.66,住家用,鋼筋混凝土造,102年7月17日,四層,三層 四層 一層 二層
RPSNMLPLIIIFFAM28CA,,171.31,見其他登記事項,鋼筋混凝土造,102年7月17日,四層,一層 二層 三層 四層
RPTNMLPLIIIFFAM38CA,,190.10,住家用,鋼筋混凝土造,102年7月17日,四層,一層 二層 三層 四層
RPUNMLPLIIIFFAM48CA,,171.33,住家用,鋼筋混凝土造,102年7月17日,四層,一層 二層 三層 四層
RPWNMLPLIIIFFAM68CA,,171.33,住家用,鋼筋混凝土造,102年7月17日,四層,一層 二層 三層 四層
RPVOMLOKIIIFFAM48CA,20,78.24,住家用,鋼筋混凝土造,82年4月23日,五層,三層
RPQNMLMKIIIFFAM67CA,16,86.70,住家用,鋼筋混凝土造,86年9月19日,十四層,十四層
RPSNMLTJIIIFFAM48CA,,177.10,住家用,鋼筋混凝土造,102年7月17日,四層,一層 二層 三層 四層
RPPNMLNKIIIFFAM67CA,16,86.72,住家用,鋼筋混凝土造,86年9月19日,十四層,十一層
RPTNMLTJIIIFFAM58CA,,200.82,見其他登記事項,鋼筋混凝土造,102年7月17日,四層,一層 二層 三層 四層
RPWNMLTJIIIFFAM88CA,,199.45,住家用,鋼筋混凝土造,102年7月17日,四層,一層 二層 三層 四層
RPVNMLTJIIIFFAM78CA,,200.24,住家用,鋼筋混凝土造,102年7月17日,四層,一層 二層 三層 四層
RPUNMLTJIIIFFAM68CA,,200.82,見其他登記事項,鋼筋混凝土造,102年7月17日,四層,一層 二層 三層 四層
RPPOMLPLIIIFFAM08CA,,171.23,住家用,鋼筋混凝土造,102年7月17日,四層,一層 二層 三層 四層
RPROMLPLIIIFFAM28CA,,234.48,住家用,鋼筋混凝土造,102年7月17日,四層,一層 二層 三層 四層
RPQOMLPLIIIFFAM18CA,,171.23,住家用,鋼筋混凝土造,102年7月17日,四層,一層 二層 三層 四層
RPTNMLOLIIIFFAM28CA,,215.21,見其他登記事項,鋼筋混凝土造,102年5月21日,四層,一層 二層 三層 四層 騎樓
RPTNMLSKIIIFFAM58CA,34,98.79,住商用,鋼筋混凝土加強磚造,69年1月23日,二層,一層 二層 騎樓
RPXNMLPKIIIFFCM88CA,15,125.79,住家用,鋼筋混凝土造,87年10月19日,三層,一層 二層 三層
RPSNMLSKIIIFFAM48CA,29,123.09,住家用,鋼筋混凝土造,74年1月18日,三層,一層 二層 三層
RPVNMLTJIIIFFBM88CA,8,206.90,住商用,鋼筋混凝土造,94年12月2日,三層,騎樓 一層 二層 三層 屋頂突出物
RPOOMLLKIIIFFDM77CA,17,251.34,住商用,鋼筋混凝土造,86年2月22日,四層,二層 三層 四層 騎樓 電梯樓梯間 一層
RPUNMLSJIIIFFEM98CA,37,81.12,住家用,鋼筋混凝土加強磚造,65年8月23日,二層,一層 二層
RPPNMLTJIIIFFEM58CA,39,69.08,住家用,見其他登記事項,63年4月23日,一層,一層 騎樓
RPPNMLTJIIIFFBM38DA,48,132.69,商業用,磚造,54年7月1日,二層,
RPPNMLTJIIIFFBM38DA,48,145.38,工商用,土磚石混合造,54年7月1日,一層,
RPQNMLMKIIIFFDM97CA,21,125.00,農舍,加強磚造,81年4月15日,一層,一層
RPQNMLQLIIIFFCM38CA,18,148.72,住家用,加強磚造,84年6月1日,三層,一層 二層 三層
RPSNMLSKIIIFFCM68CA,51,200.68,住家用,磚造,51年12月1日,一層,一層
RPWNMLPKIIIFFDM88CA,7,91.90,住商用,鋼筋混凝土造,95年10月27日,四層,一層 二層 三層 四層
RPWNMLPKIIIFFDM88CA,7,91.90,住商用,鋼筋混凝土造,95年10月27日,四層,一層 二層 三層 四層
RPPNMLMLIIIFFEM08CA,3,183.36,見其他登記事項,見其他登記事項,99年12月17日,三層,一層 二層 三層 見其他登記事項
RPUOMLMLIIIFFBM38CA,16,154.54,住家用,鋼筋混凝土造,86年4月29日,三層,一層 二層 三層 屋頂突出物
RPQNMLLLIIIFFAM67CA,33,105.38,住商用,鋼筋混凝土加強磚造,69年6月1日,二層,一層 二層 騎樓
RPWOMLPLIIIFFAM78CA,,171.33,住家用,鋼筋混凝土造,102年7月17日,四層,一層 二層 三層 四層
RPVNMLPLIIIFFAM58CA,,303.16,見其他登記事項,鋼筋混凝土造,102年5月21日,四層,一層 二層 三層 四層 騎樓
RPQNMLNKIIIFFAM77CA,16,86.72,住家用,鋼筋混凝土造,86年9月19日,十四層,十二層
RPQNMLNKIIIFFAM77CA,16,21.62,見其他登記事項,鋼筋混凝土造,86年9月19日,十四層,
RPQNMLNKIIIFFAM77CA,16,15.27,停車空間,鋼筋混凝土造,86年9月19日,十四層,
RPTOMLPLIIIFFAM48CA,,171.67,住家用,鋼筋混凝土造,102年7月17日,四層,一層 二層 三層 四層
RPUOMLPLIIIFFAM58CA,,171.67,住家用,鋼筋混凝土造,102年7月17日,四層,三層 四層 一層 二層
RPPNMLRKIIIFFAM08CA,33,85.35,住商用,鋼筋混凝土加強磚造,69年12月31日,二層,一層 二層 騎樓
RPSOMLPLIIIFFAM38CA,,197.73,住家用,鋼筋混凝土造,102年7月17日,四層,一層 二層 三層 四層
RPRNMLPKIIIFFBM18CA,19,159.10,住家用,鋼筋混凝土造,83年12月12日,四層,一層 二層 三層 四層
RPRNMLPKIIIFFBM18CA,19,31.58,停車空間,鋼筋混凝土造,83年12月12日,地下層,
RPRNMLOKIIIFFCM18CA,6,92.90,農舍,鋼骨鋼筋混凝土造,96年10月24日,一層,一層
RPTNMLOKIIIFFDM48CA,43,85.41,住商用,鋼筋混凝土加強磚造,59年10月15日,三層,一層 二層 三層
RPTOMLMLIIIFFBM28CA,18,174.90,住家用,鋼筋混凝土造,84年12月5日,四層,一層 二層 三層 四層
RPQNMLOLIIIFFCM18CA,12,141.09,住家用,鋼筋混凝土造,91年2月1日,三層,一層 二層 三層
RPQOMLRKIIIFFCM48CA,19,159.37,住商用,鋼筋混凝土造,84年3月1日,三層,一層 二層 三層 屋頂突出物 騎樓
RPPNMLOKIIIFFEM18CA,32,136.39,住家用,鋼筋混凝土加強磚造,70年8月10日,三層,一層 二層 三層
RPRNMLPLIIIFFEM58CA,19,152.64,住家用,鋼筋混凝土造,83年7月26日,三層,一層 二層 三層 屋頂突出物
RPOOMLKMIIIFFBM67CA,9,179.68,住家用,鋼筋混凝土造,93年12月30日,三層,一層 二層 三層
RPTNMLPKIIIFFCM48CA,18,80.84,見其他登記事項,鋼筋混凝土造,84年7月17日,七層,二層
RPVOMLPLIIIFFAM68CA,,171.31,見其他登記事項,鋼筋混凝土造,102年7月17日,四層,一層 二層 三層 四層
RPTNMLPKIIIFFBM38CA,31,75.64,農舍,鋼筋混凝土造,71年9月9日,三層,一層 二層 三層 騎樓
RPSNMLSLIIIFFAM58CA,34,101.94,住家用,鋼筋混凝土加強磚造,69年1月10日,二層,一層 二層
RPUNMLQKIIIFFAM48CA,3,323.47,見其他登記事項,鋼筋混凝土造,100年2月8日,四層,一層 二層 三層 四層 地下一層
RPUNMLQKIIIFFAM48CA,3,45.11,見其他登記事項,鋼筋混凝土造,100年2月8日,,
RPPOMLPKIIIFFAM97CA,,217.86,住家用,鋼筋混凝土造,102年7月17日,四層,四層 一層 二層 三層
RPOOMLPKIIIFFAM87CA,,190.10,住家用,鋼筋混凝土造,102年7月17日,四層,一層 二層 三層 四層
RPOOMLRKIIIFFAM08CA,14,181.87,住家用,鋼筋混凝土造,88年7月13日,三層,一層 二層 三層 屋頂突出物
RPPOMLRKIIIFFAM18CA,,12.00,農舍,見其他登記事項,102年6月24日,一層,一層
RPVNMLPKIIIFFCM68CA,43,83.85,住商用,鋼筋混凝土加強磚造,59年8月5日,二層,一層 二層
RPOOMLLLIIIFFAM57CA,20,153.36,見其他登記事項,鋼筋混凝土造,82年8月28日,六層,騎樓 地下層 一層 二層
RPWNMLPKIIIFFAM58CA,35,85.26,住家用,鋼筋混凝土加強磚造,67年12月1日,二層,一層 二層
RPSNMLQKIIIFFBM38CA,,264.43,住家用,鋼筋混凝土造,102年5月28日,四層,一層 二層 三層 四層
RPQOMLRKIIIFFAM28CA,8,182.43,住家用,鋼筋混凝土造,94年6月7日,三層,屋頂突出物 一層 二層 三層
RPPNMLOJJIIFFCM97CA,10,156.60,住家用,鋼筋混凝土造,92年10月24日,三層,一層 二層 三層
RPQNMLRKIIIFFBM38DA,32,92.26,住家用,鋼筋混凝土加強磚造,70年3月20日,二層,一層 二層
RPUNMLRJJIIFFCM88DA,9,134.02,見其他登記事項,鋼筋混凝土造,93年7月12日,三層,二層 一層 三層
RPPNMLRKIIIFFCM28CA,44,47.20,住家用,鋼筋混凝土加強磚造,59年1月20日,一層,一層
RPPNMLOLIIIFFBM97CA,22,12.18,見其他登記事項,鋼筋混凝土造,80年9月20日,十一層,
RPPNMLOLIIIFFBM97CA,22,115.68,住家用,鋼筋混凝土造,80年9月20日,十層,九層
RPPNMLOLIIIFFBM97CA,22,764.24,見其他登記事項,鋼筋混凝土造,80年9月20日,十一層,
RPPNMLOLIIIFFBM97CA,22,14.37,見其他登記事項,鋼筋混凝土造,80年9月20日,十層,
RPWNMLMLIIIFFBM48CA,1,201.45,見其他登記事項,鋼筋混凝土造,102年3月20日,三層,一層 二層 三層 見其他登記事項
RPWNMLLLIIIFFBM38CA,1,201.45,見其他登記事項,鋼筋混凝土造,102年3月20日,三層,一層 二層 三層 見其他登記事項
RPVNMLRKIIIFFAM68CA,9,183.65,住家用,鋼筋混凝土造,93年10月7日,三層,一層 二層 三層
RPRNMLRKIIIFFAM28CA,,199.88,見其他登記事項,鋼筋混凝土造,102年7月17日,四層,一層 二層 三層 四層
RPSNMLRKIIIFFAM38CA,,197.73,住家用,鋼筋混凝土造,102年7月17日,四層,一層 二層 三層 四層
RPQNMLSKIIIFFAM28CA,15,106.89,住家用,鋼筋混凝土造,87年11月21日,二層,一層 二層
RPPNMLSKIIIFFAM18CA,23,80.76,住家用,加強磚造,79年3月30日,二層,一層 二層
RPPNMLPLIIIFFBM08CA,22,60.23,住家用,鋼筋混凝土造,81年2月21日,六層,二層
RPPNMLPLIIIFFBM08CA,22,22.21,見其他登記事項,鋼筋混凝土造,81年2月21日,六層,
RPPNMLRKIIIFFDM38CA,14,483.16,見其他登記事項,見其他登記事項,88年8月2日,一層,一層
RPPNMLRKIIIFFDM38CA,14,187.14,見其他登記事項,見其他登記事項,88年8月2日,一層,一層
RPQNMLSKIIIFFDM58CA,20,209.22,住商用,鋼筋混凝土造,82年8月21日,四層,一層 二層 三層 四層
RPRNMLOJJIIFFCM18CA,26,213.89,住商用,鋼筋混凝土造,76年9月30日,三層,一層 二層 三層 騎樓
RPTNMLKMIIIFFBM18DA,32,105.84,住商用,鋼筋混凝土加強磚造,70年12月15日,二層,一層 二層 騎樓
RPVNMLRJJIIFFCM98DA,19,58.89,見其他登記事項,鋼筋混凝土造,83年11月28日,九層,六層
RPSNMLMLIIIFFCM18CA,28,111.73,住家用,鋼筋混凝土造,74年5月14日,二層,一層 二層 騎樓
RPXNMLNLIIIFFCM78CA,42,241.08,住家用,鋼筋混凝土加強磚造,60年9月17日,三層,一層 二層 三層
RPXNMLNLIIIFFBM68CA,18,149.71,住家用,鋼筋混凝土造,84年11月7日,三層,一層 二層 三層
RPTNMLSKIIIFFCM78CA,8,162.60,農舍,鋼筋混凝土造,94年6月20日,二層,一層 二層
RPXNMLRKIIIFFAM88CA,32,104.56,見其他登記事項,鋼筋混凝土造,70年7月6日,二層,一層 二層 騎樓
RPWNMLRKIIIFFAM78CA,40,98.98,住家用,鋼筋混凝土加強磚造,62年12月28日,二層,一層 二層
RPSOMLRKIIIFFAM48CA,,217.86,住家用,鋼筋混凝土造,102年7月17日,四層,三層 四層 一層 二層
RPUNMLSKIIIFFAM68CA,21,129.00,住家用,鋼筋混凝土造,81年12月21日,三層,一層 二層 三層
RPUNMLMLIIIFFAM18CA,21,121.12,住家用,鋼筋混凝土造,81年11月2日,三層,一層 二層 三層
RPSNMLTLIIIFFBM78CA,39,80.10,住家用,鋼筋混凝土加強磚造,64年2月4日,二層,一層 二層
RPROMLPJJIIFFBM28CA,1,176.57,見其他登記事項,鋼筋混凝土造,102年1月2日,三層,一層 二層 三層 見其他登記事項
RPUNMLLKJIIFFBM18CA,16,140.90,住家用,鋼筋混凝土造,86年12月3日,三層,一層 二層 三層 電梯樓梯間
RPQNMLMLIIIFFCM97CA,21,135.51,住商用,鋼筋混凝土造,82年2月5日,三層,一層 二層 三層 騎樓
RPXNMLOJJIIFFCM78CA,27,349.05,農舍,鋼筋混凝土造,76年1月15日,三層,一層 二層 三層
RPUNMLLLIIIFFBM18CA,31,217.47,住商用,鋼筋混凝土造,71年12月30日,三層,二層 三層 一層
RPPNMLMKJIIFFDM97CA,30,239.98,住商用,鋼筋混凝土造,72年9月6日,四層,一層 二層 三層 四層 騎樓
RPPNMLLLIIIFFBM77DA,3,125.76,農舍,見其他登記事項,99年11月17日,三層,一層 二層 三層
RPWNMLMLIIIFFCM68DA,15,208.25,住商用,鋼筋混凝土造,87年3月24日,三層,一層 二層 三層 屋頂突出物 騎樓
RPUNMLSLIIIFFDM56DA,18,119.73,住家用,鋼筋混凝土造,84年9月1日,三層,一層 二層 三層 電梯樓梯間
RPSNMLOKJIIFFCM48DA,19,58.02,見其他登記事項,鋼筋混凝土造,83年11月28日,九層,六層
RPOOMLLMIIIFFCM87CA,16,328.58,農舍,加強磚造,,二層,一層 二層
RPUNMLMLIIIFFCM38CA,19,96.07,見其他登記事項,鋼筋混凝土造,83年12月31日,十二層,七層
RPVNMLOLIIIFFCM68CA,15,84.58,見其他登記事項,鋼筋混凝土造,87年12月31日,八層,一層 二層 騎樓
RPVNMLOLIIIFFCM68CA,15,73.98,見其他登記事項,鋼筋混凝土造,87年12月31日,八層,
RPVNMLOLIIIFFCM68CA,15,84.58,見其他登記事項,鋼筋混凝土造,87年12月31日,八層,二層 一層 騎樓
RPRNMLPLIIIFFCM38CA,35,110.53,住商用,鋼筋混凝土加強磚造,67年3月15日,二層,一層 二層 騎樓
RPTNMLNLIIIFFBM28CA,15,164.64,住家用,鋼筋混凝土造,87年5月2日,三層,一層 二層 三層 電梯樓梯間
RPVOMLMLIIIFFBM48CA,16,74.44,住家用,鋼筋混凝土造,86年4月29日,三層,一層 二層 三層 屋頂突出物
RPVOMLMLIIIFFBM48CA,16,74.44,住家用,鋼筋混凝土造,86年4月29日,三層,一層 二層 三層 屋頂突出物
RPVNMLLMIIIFFBM38CA,7,192.00,住家用,鋼筋混凝土造,95年10月18日,三層,一層 二層 三層 屋頂突出物
RPUNMLKMIIIFFAM08CA,35,63.00,住家用,鋼筋混凝土加強磚造,67年11月6日,一層,一層
RPPNMLLKJIIFFAM57CA,28,567.73,住家用,磚造,74年11月8日,一層,
RPWNMLKMIIIFFAM28CA,35,115.64,住家用,鋼筋混凝土加強磚造,67年7月12日,二層,一層 二層
RPVNMLKMIIIFFAM18CA,25,119.10,住家用,加強磚造,77年5月16日,二層,一層 二層 騎樓
RPVOMLOKJIIFFAM58CA,,197.73,住家用,鋼筋混凝土造,102年7月17日,四層,一層 二層 三層 四層
RPPNMLLJJIIFFAM47CA,35,82.94,住家用,鋼筋混凝土加強磚造,68年1月26日,二層,二層 一層
RPTNMLPLIIIFFDM68CA,18,190.58,住商用,鋼筋混凝土造,84年5月8日,二層,一層 二層 屋頂突出物 騎樓
RPVNMLPLIIIFFCM78CA,25,109.80,住家用,鋼筋混凝土造,77年5月31日,二層,一層 二層
RPUNMLPLIIIFFCM68CA,17,111.15,住家用,鋼筋混凝土造,85年8月15日,七層,四層
RPUNMLPLIIIFFCM68CA,17,51.98,見其他登記事項,鋼筋混凝土造,85年8月15日,七層,
RPWNMLRJJIIFFCM98CA,33,97.08,住家用,鋼筋混凝土加強磚造,69年4月8日,二層,一層 二層
RPXNMLPLIIIFFBM98DA,22,96.38,住家用,鋼筋混凝土造,80年9月20日,十層,六層
RPXNMLPLIIIFFBM98DA,22,12.18,見其他登記事項,鋼筋混凝土造,80年9月20日,十一層,
RPXNMLPLIIIFFBM98DA,22,14.63,見其他登記事項,鋼筋混凝土造,80年9月20日,十層,
RPXNMLPLIIIFFBM98DA,22,9.42,見其他登記事項,鋼筋混凝土造,80年9月20日,十一層,
RPXNMLPLIIIFFBM98DA,22,10.19,見其他登記事項,鋼筋混凝土造,80年9月20日,十一層,
RPSNMLTKJIIFFDM98CA,,249.18,見其他登記事項,鋼筋混凝土造,102年8月23日,三層,一層 二層 三層 屋頂突出物
RPRNMLMKJIIFFBM97CA,3,12.00,農舍,見其他登記事項,99年8月27日,一層,
RPPNMLLMIIIFFEM08CA,51,39.65,住家用,磚造,51年10月1日,一層,一層
RPPNMLLLJIIFFDM97CA,,249.36,見其他登記事項,鋼筋混凝土造,102年8月23日,三層,一層 二層 三層 屋頂突出物
RPOOMLNLIIIFFBM87CA,19,150.05,住家用,鋼筋混凝土造,84年3月8日,三層,一層 二層 三層
RPXOMLPLIIIFFAM88CA,,171.22,住家用,鋼筋混凝土造,102年7月17日,四層,三層 一層 二層 四層
RPPNMLRLIIIFFAM18CA,33,87.75,住商用,鋼筋混凝土加強磚造,69年12月31日,二層,一層 二層 騎樓
RPTNMLLJJIIFFAM87CA,12,150.78,農舍,見其他登記事項,91年3月20日,一層,一層
RPSNMLPLIIIFFBM38CA,25,128.39,住家用,加強磚造,78年3月15日,二層,一層 二層
RPSNMLOKJIIFFAM18CA,20,99.11,住家用,鋼筋混凝土造,82年12月8日,十層,三層
RPSNMLOKJIIFFAM18CA,20,.53,住家用,鋼筋混凝土造,82年12月8日,十層,
RPSNMLOKJIIFFAM18CA,20,29.62,見其他登記事項,鋼筋混凝土造,82年12月8日,十層,
RPUNMLTKJIIFFAM88CA,10,131.31,住商用,鋼筋混凝土造,92年7月15日,三層,一層 二層 三層
RPTNMLSLIIIFFAM68CA,32,82.74,住商用,鋼筋混凝土加強磚造,70年7月6日,二層,騎樓 一層 二層
RPTNMLSJJIIFFAM58CA,19,88.39,住家用,鋼筋混凝土造,84年2月16日,十三層,七層
RPVNMLSLIIIFFBM98CA,30,72.45,國民住宅,鋼筋混凝土造,72年4月12日,四層,二層
RPVNMLSLIIIFFBM98CA,30,5.40,國民住宅,鋼筋混凝土造,72年4月12日,四層,
RPVNMLSLIIIFFBM98CA,30,1.68,國民住宅,鋼筋混凝土造,72年4月12日,四層,
RPVNMLSLIIIFFBM98CA,30,.84,國民住宅,鋼筋混凝土造,72年4月12日,四層,
RPPNMLSLIIIFFAM38DA,27,205.62,住家用,鋼筋混凝土造,75年10月9日,三層,一層 二層 三層 騎樓
RPTNMLLLJIIFFCM28CA,12,204.28,住商用,鋼骨鋼筋混凝土造,90年5月30日,三層,一層 二層 三層 騎樓
RPTOMLLKJIIFFCM28CA,20,163.98,住商用,鋼筋混凝土造,82年8月24日,三層,一層 二層 三層 騎樓
RPQNMLOJJIIFFCM08CA,25,100.96,住商用,鋼筋混凝土造,77年11月5日,二層,騎樓 一層 二層
RPROMLMKJIIFFCM18CA,33,141.29,住商用,鋼筋混凝土加強磚造,70年1月8日,二層,一層 二層 騎樓 地下層
RPVNMLOJLHJFFCM78CA,10,93.25,見其他登記事項,鋼筋混凝土造,93年1月15日,五層,一層 二層 三層 四層 五層
RPWNMLSLIIIFFAM98CA,36,163.86,住商用,見其他登記事項,66年6月3日,三層,一層 二層 三層 騎樓
RPUNMLTLIIIFFAM88CA,9,89.53,住家用,鋼筋混凝土造,93年12月28日,十二層,五層
RPSNMLLMIIIFFAM97CA,22,216.16,住家用,鋼筋混凝土造,80年3月28日,三層,一層 二層 三層 屋頂突出物
RPRNMLTLIIIFFAM58CA,19,176.47,住家用,鋼筋混凝土造,84年1月10日,三層,一層 二層 三層 屋頂突出物
RPPNMLMKJIIFFAM67CA,22,134.13,住家用,鋼筋混凝土造,80年12月5日,三層,一層 二層 三層
RPRNMLKMIIIFFAM77CA,,210.08,住家用,鋼筋混凝土造,102年7月17日,四層,一層 二層 三層 四層
RPXNMLLJJIIFFAM28CA,34,114.30,住家用,鋼筋混凝土加強磚造,68年11月9日,二層,一層 二層
RPXNMLLMIIIFFBM58CA,18,78.67,住家用,鋼筋混凝土造,84年12月20日,七層,二層
RPXNMLLMIIIFFBM58CA,18,34.63,見其他登記事項,鋼筋混凝土造,84年12月20日,七層,
RPVNMLTLIIIFFBM09CA,3,205.11,住商用,鋼筋混凝土造,99年12月29日,四層,三層 四層 一層 二層
RPWNMLLMIIIFFBM48CA,32,77.10,住商用,鋼筋混凝土造,70年5月25日,二層,騎樓 二層 一層
RPRNMLMLJIIFFEM38CA,35,330.60,住商用,鋼筋混凝土加強磚造,67年3月8日,三層,一層 二層 三層 騎樓
RPSNMLMLJIIFFEM48CA,20,208.74,住商用,鋼筋混凝土造,82年10月23日,三層,一層 二層 三層 騎樓
RPPNMLPKJIIFFEM38CA,17,141.24,住商用,鋼筋混凝土造,85年6月5日,三層,一層 二層 三層 屋頂突出物
RPXNMLRJJIIFFCM09CA,,46.31,住家用,鋼骨鋼筋混凝土造,102年4月22日,二層,一層 二層
RPPNMLQKJIIFFBM18CA,18,220.37,住家用,鋼筋混凝土造,84年8月2日,四層,一層 二層 三層 四層
RPQNMLLJJIIFFCM77CA,19,96.79,見其他登記事項,鋼筋混凝土造,83年7月7日,十三層,九層
RPPNMLKMIIIFFDM87CA,34,94.66,住商用,鋼筋混凝土加強磚造,69年2月11日,二層,一層 二層 騎樓
RPUNMLTKJIIFFDM56CA,,251.61,見其他登記事項,鋼筋混凝土造,102年8月23日,三層,屋頂突出物 一層 二層 三層
RPVNMLTLIIIFFDM66CA,18,5.00,見其他登記事項,鋼筋混凝土造,85年3月9日,七層,
RPVNMLTLIIIFFDM66CA,18,25.97,見其他登記事項,鋼筋混凝土造,85年3月9日,七層,三層
RPVNMLTLIIIFFDM66CA,18,4.80,見其他登記事項,鋼筋混凝土造,85年3月9日,七層,
RPWNMLKMIIIFFBM38CA,,276.95,見其他登記事項,鋼筋混凝土造,102年3月14日,三層,二層 三層 一層 地下一層 見其他登記事項
RPWNMLKMIIIFFBM38CA,,2.08,見其他登記事項,鋼筋混凝土造,102年3月14日,一層,
RPWNMLKMIIIFFBM38CA,,51.35,見其他登記事項,鋼筋混凝土造,102年3月14日,一層,
RPTNMLQJJIIFFBM48CA,16,15.00,農舍,見其他登記事項,86年6月11日,一層,一層
RPQNMLLLJIIFFBM87CA,,194.93,見其他登記事項,鋼筋混凝土造,102年8月5日,三層,一層 二層 三層 屋頂突出物
RPPNMLLLJIIFFBM77CA,,196.01,見其他登記事項,鋼筋混凝土造,102年8月5日,三層,一層 二層 三層 屋頂突出物
RPUNMLOJJIIFFBM38CA,22,44.82,住家用,鋼筋混凝土造,81年1月30日,六層,五層
RPUNMLOJJIIFFBM38CA,22,16.88,見其他登記事項,鋼筋混凝土造,81年1月30日,六層,
RPQNMLKMIIIFFAM67CA,,113.40,住商用,鋼筋混凝土加強磚造,,二層,二層 騎樓 一層
RPPNMLMJJIIFFBM67CA,19,13.12,見其他登記事項,鋼筋混凝土造,83年4月11日,八層,
RPPNMLMJJIIFFBM67CA,19,99.78,住商用,鋼筋混凝土造,83年4月11日,八層,一層 二層 騎樓
RPRNMLLKJIIFFAM77CA,21,127.31,住商用,鋼筋混凝土造,81年11月11日,三層,一層 二層 三層 騎樓
RPXNMLKMIIIFFBM48CA,,253.45,見其他登記事項,鋼筋混凝土造,102年3月14日,三層,一層 二層 三層 地下一層 見其他登記事項
RPXNMLKMIIIFFBM48CA,,2.08,見其他登記事項,鋼筋混凝土造,102年3月14日,一層,
RPXNMLKMIIIFFBM48CA,,51.35,見其他登記事項,鋼筋混凝土造,102年3月14日,一層,
RPPNMLLMIIIFFDM97CA,12,87.53,住家用,鋼筋混凝土造,90年8月31日,三層,一層 二層 三層 電梯樓梯間
RPPNMLLMIIIFFDM97CA,12,87.53,住家用,鋼筋混凝土造,90年8月31日,三層,一層 二層 三層 電梯樓梯間
RPRNMLLMIIIFFDM18CA,12,177.28,住家用,鋼筋混凝土造,90年5月22日,三層,一層 二層 三層 屋頂突出物
RPPNMLNKJIIFFEM18CA,,181.76,見其他登記事項,鋼造,,一層,一層
RPTNMLRJJIIFFAM48CA,23,198.27,住家用,鋼筋混凝土造,79年10月18日,三層,一層 二層 三層
RPTOMLNKJIIFFCM48CA,19,30.29,見其他登記事項,鋼筋混凝土造,83年11月28日,九層,七層
RPTOMLNKJIIFFCM48CA,19,9.50,見其他登記事項,鋼筋混凝土造,83年11月28日,九層,
RPXNMLNKJIIFFCM78CA,19,28.77,見其他登記事項,鋼筋混凝土造,83年11月28日,九層,七層
RPXNMLNKJIIFFCM78CA,19,9.01,見其他登記事項,鋼筋混凝土造,83年11月28日,九層,
RPTNMLPKJIIFFCM58CA,19,200.50,住家用,鋼筋混凝土造,83年11月28日,四層,一層 二層 三層 四層
RPTNMLPKJIIFFCM58CA,19,44.32,見其他登記事項,鋼筋混凝土造,83年11月28日,九層,
RPSNMLLJJIIFFCM97CA,,212.10,見其他登記事項,鋼筋混凝土造,102年7月8日,三層,一層 二層 三層 見其他登記事項
RPPOMLOJJIIFFCM08CA,19,98.18,見其他登記事項,鋼筋混凝土造,83年7月7日,十三層,九層
RPUNMLNKJIIFFCM48CA,19,28.77,見其他登記事項,鋼筋混凝土造,83年11月28日,九層,五層
RPUNMLNKJIIFFCM48CA,19,9.01,見其他登記事項,鋼筋混凝土造,83年11月28日,九層,
RPRNMLNKJIIFFCM18CA,19,30.40,見其他登記事項,鋼筋混凝土造,83年11月28日,九層,二層
RPRNMLNKJIIFFCM18CA,19,9.54,見其他登記事項,鋼筋混凝土造,83年11月28日,九層,
SPOOMLOKJIIFFCM18CA,19,28.77,見其他登記事項,鋼筋混凝土造,83年11月28日,九層,四層
SPOOMLOKJIIFFCM18CA,19,9.03,見其他登記事項,鋼筋混凝土造,83年11月28日,九層,
RPOOMLOKJIIFFCM08CA,19,28.77,見其他登記事項,鋼筋混凝土造,83年11月28日,九層,四層
RPOOMLOKJIIFFCM08CA,19,9.01,見其他登記事項,鋼筋混凝土造,83年11月28日,九層,
RPPOMLOKJIIFFCM18CA,19,30.88,見其他登記事項,鋼筋混凝土造,83年11月28日,九層,二層
RPPOMLOKJIIFFCM18CA,19,9.68,見其他登記事項,鋼筋混凝土造,83年11月28日,九層,
SPPOMLOKJIIFFCM28CA,19,30.40,見其他登記事項,鋼筋混凝土造,83年11月28日,九層,二層
SPPOMLOKJIIFFCM28CA,19,9.54,見其他登記事項,鋼筋混凝土造,83年11月28日,九層,
RPTNMLLJJIIFFCM18DA,18,68.26,見其他登記事項,鋼筋混凝土造,85年2月9日,十五層,四層
RPQOMLTKJIIFFCM88DA,19,58.01,見其他登記事項,鋼筋混凝土造,83年11月28日,九層,八層
RPQNMLLLJIIFFAM87DA,33,88.20,住商用,鋼筋混凝土加強磚造,69年4月12日,二層,一層 二層 騎樓
RPQOMLOKJIIFFCM28CA,19,30.29,見其他登記事項,鋼筋混凝土造,83年11月28日,九層,七層
RPQOMLOKJIIFFCM28CA,19,9.50,見其他登記事項,鋼筋混凝土造,83年11月28日,九層,
SPQOMLOKJIIFFCM38CA,19,28.77,見其他登記事項,鋼筋混凝土造,83年11月28日,九層,七層
SPQOMLOKJIIFFCM38CA,19,9.01,見其他登記事項,鋼筋混凝土造,83年11月28日,九層,
TPQOMLOKJIIFFCM48CA,19,30.29,見其他登記事項,鋼筋混凝土造,83年11月28日,九層,七層
TPQOMLOKJIIFFCM48CA,19,9.50,見其他登記事項,鋼筋混凝土造,83年11月28日,九層,
UPQOMLOKJIIFFCM58CA,19,58.89,見其他登記事項,鋼筋混凝土造,83年11月28日,九層,七層
UPQOMLOKJIIFFCM58CA,19,18.47,見其他登記事項,鋼筋混凝土造,83年11月28日,九層,
WPQOMLOKJIIFFCM78CA,19,30.29,見其他登記事項,鋼筋混凝土造,83年11月28日,九層,九層
WPQOMLOKJIIFFCM78CA,19,9.50,見其他登記事項,鋼筋混凝土造,83年11月28日,九層,
VPQOMLOKJIIFFCM68CA,19,256.62,見其他登記事項,鋼筋混凝土造,83年11月28日,九層,九層 屋頂突出物
VPQOMLOKJIIFFCM68CA,19,76.73,見其他登記事項,鋼筋混凝土造,83年11月28日,九層,
XPQOMLOKJIIFFCM88CA,19,73.35,見其他登記事項,鋼筋混凝土造,83年11月28日,九層,九層
XPQOMLOKJIIFFCM88CA,19,16.01,見其他登記事項,鋼筋混凝土造,83年11月28日,九層,
YPQOMLOKJIIFFCM98CA,19,99.05,見其他登記事項,鋼筋混凝土造,83年11月28日,九層,九層
YPQOMLOKJIIFFCM98CA,19,18.18,見其他登記事項,鋼筋混凝土造,83年11月28日,九層,
ZPQOMLOKJIIFFCM09CA,19,200.50,住家用,鋼筋混凝土造,83年11月28日,四層,一層 二層 三層 四層
ZPQOMLOKJIIFFCM09CA,19,44.32,見其他登記事項,鋼筋混凝土造,83年11月28日,九層,
RPVNMLPKJIIFFCM78CA,19,28.77,見其他登記事項,鋼筋混凝土造,83年11月28日,九層,六層
RPVNMLPKJIIFFCM78CA,19,9.01,見其他登記事項,鋼筋混凝土造,83年11月28日,九層,
RPUNMLPKJIIFFCM68CA,19,28.77,見其他登記事項,鋼筋混凝土造,83年11月28日,九層,六層
RPUNMLPKJIIFFCM68CA,19,9.01,見其他登記事項,鋼筋混凝土造,83年11月28日,九層,
RPPNMLNJJIIFFCM87CA,32,43.88,住商用,鋼筋混凝土加強磚造,70年7月28日,二層,一層 二層
SPUNMLPKJIIFFCM78CA,19,200.50,住家用,鋼筋混凝土造,83年11月28日,四層,一層 二層 三層 四層
SPUNMLPKJIIFFCM78CA,19,44.32,見其他登記事項,鋼筋混凝土造,83年11月28日,九層,
RPWNMLPKJIIFFCM88CA,19,103.94,見其他登記事項,鋼筋混凝土造,83年5月30日,七層,七層
SPVNMLPKJIIFFCM88CA,19,200.50,住家用,鋼筋混凝土造,83年11月28日,四層,一層 二層 三層 四層
SPVNMLPKJIIFFCM88CA,19,44.32,見其他登記事項,鋼筋混凝土造,83年11月28日,九層,
RPQNMLOJJIIFFEM28CA,43,128.77,住家用,磚造,59年6月1日,一層,一層
RPQNMLOJJIIFFDM18CA,6,133.13,住家用,鋼筋混凝土造,96年4月13日,二層,二層 一層
RPUOMLQLJIIFFDM09CA,,181.46,住家用,鋼筋混凝土造,102年8月27日,三層,一層 二層 三層
RPWNMLQLJIIFFDM56CA,,181.46,住家用,鋼筋混凝土造,102年8月27日,三層,一層 二層 三層
RPQNMLPJJIIFFBM08CA,10,112.66,見其他登記事項,鋼筋混凝土造,93年2月5日,七層,二層
RPQNMLPJJIIFFBM08CA,10,66.33,見其他登記事項,鋼筋混凝土造,93年2月5日,七層,
RPQOMLQLJIIFFDM68CA,,181.46,住家用,鋼筋混凝土造,102年8月27日,三層,一層 二層 三層
RPSOMLQLJIIFFDM88CA,,181.46,住家用,鋼筋混凝土造,102年8月27日,三層,一層 二層 三層
RPOOMLQLJIIFFDM48CA,,181.46,住家用,鋼筋混凝土造,102年8月27日,三層,一層 二層 三層
RPUNMLQLJIIFFDM98CA,,181.46,住家用,鋼筋混凝土造,102年8月27日,三層,一層 二層 三層
RPPNMLLJJIIFFBM57CA,,228.82,見其他登記事項,鋼筋混凝土造,102年4月1日,三層,一層 二層 三層 見其他登記事項
RPVNMLTKJIIFFBM09CA,7,3112.52,見其他登記事項,見其他登記事項,96年2月16日,一層,見其他登記事項
RPVNMLLKJIIFFBM28CA,21,103.95,住家用,鋼造,81年10月11日,一層,一層 騎樓
RPSNMLQJJIIFFAM28CA,19,106.97,住家用,鋼筋混凝土造,83年11月9日,十六層,三層
RPSNMLQJJIIFFAM28CA,19,13.55,見其他登記事項,鋼筋混凝土造,83年11月9日,十六層,
RPWNMLPLJIIFFBM88CA,4,71.20,農舍,見其他登記事項,98年12月2日,一層,一層
RPUNMLLJJIIFFAM97CA,23,147.53,住家用,鋼筋混凝土造,79年9月14日,三層,一層 二層 三層
RPWOMLOKJIIFFAM68CA,10,160.17,住家用,鋼筋混凝土造,92年4月22日,三層,屋頂突出物 一層 二層 三層
