﻿編號,屋齡,建物移轉面積平方公尺,主要用途,主要建材,建築完成日期,總層數,建物分層
The serial number,room age,building shifting area square meter,the main use,main building materials,construction completes the date,total layer,building lamination
RPRPMLMJQHIFFAO09DC,29,74.55,住家用,鋼筋混凝土造,73年2月7日,四層,
RPSPMLMJQHIFFAO56DC,5,24.20,辦公室,鋼筋混凝土造,97年12月30日,十層,
RPQNMLNJQHIFFAO78CC,36,57.28,住家用,加強磚造,67年1月23日,四層,
RPWPMLMJQHIFFAO96DC,,86.84,商業用,鋼筋混凝土造,,九層,
RPXPMLMJQHIFFAO07DC,27,87.60,住家用,鋼筋混凝土造,75年9月17日,五層,
RPPNMLNJQHIFFAO68CC,14,51.98,見其他登記事項,鋼筋混凝土造,88年12月1日,十二層,
RPPNMLNJQHIFFAO68CC,14,5.22,共有部分,鋼筋混凝土造,88年12月1日,十二層,
RPPNMLNJQHIFFAO68CC,14,4.08,共有部分,鋼筋混凝土造,88年12月1日,十二層,
RPPNMLNJQHIFFAO68CC,14,20.77,見其他登記事項,鋼筋混凝土造,88年12月1日,十二層,
RPVPMLPJQHIFFAO27EC,8,30.98,見其他登記事項,鋼筋混凝土造,94年2月20日,四層,
RPTPMLMJQHIFFAO66DC,8,30.98,見其他登記事項,鋼筋混凝土造,94年2月20日,四層,
RPPQMLPJQHIFFAO66DC,8,30.98,見其他登記事項,鋼筋混凝土造,94年2月20日,四層,
RPXPMLPJQHIFFAO37DC,6,18.23,見其他登記事項,鋼筋混凝土造,96年6月30日,六層,
RPPPMLMJQHIFFAO78CC,13,86.59,見其他登記事項,鋼筋混凝土造,89年5月1日,二十一層,
RPPPMLMJQHIFFAO78CC,13,26.98,見其他登記事項,鋼筋混凝土造,89年5月1日,二十二層,
RPUPMLMJQHIFFAO76DC,8,30.98,見其他登記事項,鋼筋混凝土造,94年2月20日,四層,
RPOPMLQJQHIFFAO09CC,6,23.04,見其他登記事項,鋼筋混凝土造,96年5月1日,七層,
RPSSMLRJQHIFFAO27CC,5,21.00,見其他登記事項,見其他登記事項,97年11月10日,三層,
RPXOMLQJQHIFFAO27CC,16,96.77,住家用,鋼筋混凝土造,86年4月10日,七層,
RPTOMLTJQHIFFAO17CC,2,14.23,共有部分,鋼筋混凝土造,100年7月18日,十四層,
RPTOMLTJQHIFFAO17CC,2,103.20,見其他登記事項,鋼筋混凝土造,100年7月18日,十四層,
RPTOMLTJQHIFFAO17CC,2,23.88,共有部分,鋼筋混凝土造,100年7月18日,十四層,
RPOPMLOKQHIFFAO98CC,25,82.61,住家用,鋼筋混凝土造,77年8月16日,五層,
RPRPMLOKQHIFFAO66CC,,93.74,住家用,鋼筋混凝土造,,八層,
RPPPMLOKQHIFFAO09CC,,41.19,住家用,鋼筋混凝土造,,七層,
RPVTMLMLQHIFFAO47DC,16,100.43,住家用,鋼筋混凝土造,86年10月5日,十三層,
RPVTMLMLQHIFFAO47DC,16,12.25,共有部分,鋼筋混凝土造,86年10月5日,十三層,
RPVTMLMLQHIFFAO47DC,16,21.48,共有部分,鋼筋混凝土造,86年10月5日,十三層,
RPTOMLOKQHIFFAO76CC,15,78.28,住家用,鋼筋混凝土造,87年10月15日,八層,
RPPNMLKLQHIFFAO68DC,4,307.26,見其他登記事項,鋼筋混凝土造,98年6月1日,四層,
RPPNMLKLQHIFFAO68DC,4,2.72,見其他登記事項,鋼筋混凝土造,98年6月1日,十五層,
RPOPMLNLQHIFFAO98CC,6,22.72,見其他登記事項,鋼筋混凝土造,96年5月1日,七層,
RPTPMLNLQHIFFAO86CC,,91.20,住家用,鋼筋混凝土造,,五層,
RPTNMLPLQHIFFAO86CC,7,124.06,見其他登記事項,鋼筋混凝土造,95年2月17日,十二層,
RPTNMLPLQHIFFAO86CC,7,45.32,見其他登記事項,鋼筋混凝土造,95年2月17日,十二層,
RPWNMLQLQHIFFAO27CC,5,193.11,見其他登記事項,鋼筋混凝土造,97年9月11日,十八層,
RPXNMLQLQHIFFAO37CC,16,107.97,辦公室,鋼筋混凝土造,86年12月1日,十二層,
RPROMLQLQHIFFAO96DC,7,111.52,見其他登記事項,鋼筋混凝土造,95年10月12日,十三層,
RPROMLQLQHIFFAO96DC,7,22.08,見其他登記事項,鋼筋混凝土造,95年10月12日,十三層,
RPROMLQLQHIFFAO96DC,7,15.55,見其他登記事項,鋼筋混凝土造,95年10月12日,十三層,
RPPOMLKMQHIFFAO78CC,32,159.92,住家用,鋼筋混凝土造,70年2月23日,四層,
RPUNMLPLQHIFFAO96CC,,281.14,住家用,加強磚造,,三層,
RPUPMLNLQHIFFAO96CC,20,63.16,住家用,鋼筋混凝土造,83年1月22日,十二層,
RPROMLKMQHIFFAO98CC,2,81.62,見其他登記事項,鋼筋混凝土造,100年10月1日,十五層,
RPTNMLLMQHIFFAO56CC,15,116.99,住家用,鋼筋混凝土造,87年7月20日,八層,
RPTNMLLMQHIFFAO56CC,15,9.25,共有部分,鋼筋混凝土造,87年7月20日,八層,
RPTNMLLMQHIFFAO56CC,15,16.70,共有部分,鋼筋混凝土造,87年7月20日,八層,
RPSNMLLMQHIFFAO09CC,2,114.02,見其他登記事項,見其他登記事項,100年7月13日,十四層,
RPSNMLLMQHIFFAO09CC,2,77.28,共有部分,見其他登記事項,100年7月13日,十四層,
RPQOMLNJRHIFFAO98CC,18,74.65,商業用,鋼筋混凝土造,84年12月8日,八層,
RPQOMLNJRHIFFAO98CC,18,.05,共有部分,鋼筋混凝土造,84年12月8日,八層,
RPQOMLNJRHIFFAO98CC,18,40.67,共有部分,鋼筋混凝土造,84年12月8日,八層,
RPUOMLQLQHIFFAO37EC,20,72.64,住商用,鋼筋混凝土造,82年10月26日,八層,
RPUOMLQLQHIFFAO37EC,20,20.82,共有部分,鋼筋混凝土造,82年10月26日,000,
RPPNMLLJRHIFFAO58CC,6,95.21,見其他登記事項,鋼筋混凝土造,96年11月1日,二十九層,
RPPNMLLJRHIFFAO58CC,6,55.64,見其他登記事項,鋼筋混凝土造,96年11月1日,二十九層,
RPPNMLLJRHIFFAO58CC,6,14.94,見其他登記事項,鋼筋混凝土造,96年11月1日,二十九層,
RPQNMLLJRHIFFAO68CC,17,91.09,住家用,鋼筋混凝土造,85年10月9日,六層,
RPQNMLLJRHIFFAO68CC,17,38.80,共有部分,鋼筋混凝土造,85年10月9日,六層,
RPRNMLPJRHIFFAO56CC,,133.00,住家用,加強磚造,,二層,
RPWPMLPJRHIFFAO47EC,8,30.98,見其他登記事項,鋼筋混凝土造,94年2月20日,四層,
RPPOMLPJRHIFFAO56DC,17,29.06,住家用,鋼筋混凝土造,85年11月5日,六層,
RPTOMLPJRHIFFAO96DC,17,23.32,住家用,鋼筋混凝土造,85年11月5日,六層,
RPROMLPJRHIFFAO76DC,34,74.05,住家用,鋼筋混凝土造,68年11月24日,五層,
RPVOMLPJRHIFFAO17DC,30,112.40,住家用,加強磚造,72年6月7日,二層,
RPUPMLPJRHIFFAO17DC,9,30.98,見其他登記事項,鋼筋混凝土造,94年2月20日,四層,
RPWOMLPJRHIFFAO27DC,4,32.97,辦公室,鋼筋混凝土造,98年3月19日,十層,
RPSPMLPJRHIFFAO96DC,,77.53,住家用,鋼筋混凝土造,,七層,
RPPPMLPJRHIFFAO66DC,25,91.84,見使用執照,鋼筋混凝土造,78年1月27日,五層,
RPWOMLQJRHIFFAO27CC,,75.32,國民住宅,加強磚造,,四層,
RPSPMLQJRHIFFAO17EC,7,54.79,辦公室,鋼筋混凝土造,95年11月1日,八層,
RPQPMLQJRHIFFAO96EC,16,96.14,國民住宅,鋼筋混凝土造,86年11月11日,十五層,
RPPPMLQJRHIFFAO66CC,18,67.54,住家用,鋼筋混凝土造,84年6月29日,五層,
RPRPMLQJRHIFFAO86CC,16,154.32,住家用,鋼筋混凝土造,87年1月5日,五層,
RPSPMLNKRHIFFAO76CC,37,674.14,工業用,,65年11月4日,一層,
RPOPMLQJRHIFFAO56CC,17,18.27,住家用,鋼筋混凝土造,85年11月5日,六層,
RPXNMLLKRHIFFAO86CC,,116.71,住家用,加強磚造,,三層,
RPQOMLLKRHIFFAO88CC,23,102.86,住商用,鋼筋混凝土造,79年9月3日,五層,
RPOQMLRKRHIFFAO86CC,20,65.24,住商用,鋼筋混凝土造,82年7月12日,五層,
RPWPMLRKRHIFFAO57CC,12,91.32,住家用,鋼筋混凝土造,90年11月20日,七層,
RPWPMLNKRHIFFAO17CC,22,76.06,住家用,鋼筋混凝土造,80年12月19日,五層,
RPWPMLNKRHIFFAO17CC,22,4.85,共有部分,鋼筋混凝土造,80年12月19日,五層,
RPOOMLSKRHIFFAO76CC,24,340.53,見使用執照,鋼筋混凝土造,79年3月12日,三層,
RPSQMLRKRHIFFAO27CC,27,111.87,住家用,鋼筋混凝土造,75年10月16日,五層,
RPRNMLLLRHIFFAO98CC,20,75.73,住家用,鋼筋混凝土造,82年4月15日,六層,
RPUNMLLLRHIFFAO66CC,21,58.00,住家用,鋼筋混凝土造,82年2月22日,七層,
RPTNMLLLRHIFFAO56CC,27,133.72,住家用,鋼筋混凝土造,75年10月29日,二層,
RPPNMLLLRHIFFAO78CC,15,80.74,國民住宅,鋼筋混凝土造,87年6月15日,十層,
RPQNMLLLRHIFFAO88CC,,48.03,住家用,鋼筋混凝土造,,七層,
RPPPMLNLRHIFFAO56CC,12,137.93,見其他登記事項,鋼筋混凝土造,90年5月15日,十四層,
RPTNMLPLRHIFFAO96CC,,51.88,住家用,鋼筋混凝土造,,五層,
RPVTMLQLRHIFFAO97DC,4,32.56,辦公室,鋼筋混凝土造,98年3月19日,十層,
RPTTMLQLRHIFFAO77DC,24,206.36,住家用,鋼筋混凝土造,78年6月12日,五層,
RPOUMLQLRHIFFAO37DC,3,49.87,見其他登記事項,鋼筋混凝土造,99年6月25日,十三層,
RPPUMLQLRHIFFAO47DC,17,23.32,住家用,鋼筋混凝土造,85年11月5日,六層,
RPWTMLQLRHIFFAO08DC,16,63.82,住家用,鋼筋混凝土造,86年7月15日,九層,
RPTSMLQLRHIFFAO57CC,,150.07,住商用,鋼筋混凝土造,,五層,
RPTSMLQLRHIFFAO57CC,,127.29,住商用,鋼筋混凝土造,,五層,
RPTSMLQLRHIFFAO57CC,,25.31,住商用,鋼筋混凝土造,,五層,
RPXTMLQLRHIFFAO18DC,10,55.33,住家用,鋼筋混凝土造,92年5月28日,五層,
RPUTMLQLRHIFFAO87DC,2,44.86,見其他登記事項,鋼筋混凝土造,101年2月21日,十一層,
RPRUMLQLRHIFFAO77EC,19,90.03,住家用,鋼筋混凝土造,83年11月23日,八層,
RPSOMLQLRHIFFAO07CC,29,75.90,國民住宅,鋼筋混凝土造,73年5月23日,五層,
RPWPMLRLRHIFFAO67CC,2,127.61,見其他登記事項,見其他登記事項,100年7月13日,十四層,
RPWPMLRLRHIFFAO67CC,2,86.68,共有部分,見其他登記事項,100年7月13日,十四層,
RPQUMLQLRHIFFAO57DC,9,30.98,見其他登記事項,鋼筋混凝土造,94年2月20日,四層,
RPVPMLRLRHIFFAO57CC,6,25.60,見其他登記事項,鋼筋混凝土造,96年6月25日,七層,
RPVPMLRLRHIFFAO57CC,6,9.09,見其他登記事項,鋼筋混凝土造,96年6月25日,七層,
RPVPMLRLRHIFFAO57CC,6,2.95,見其他登記事項,鋼筋混凝土造,96年6月25日,七層,
RPPRMLRLRHIFFAO17CC,2,42.76,見其他登記事項,鋼筋混凝土造,101年2月21日,十一層,
RPPRMLRLRHIFFAO17CC,2,23.04,共有部分,鋼筋混凝土造,101年2月21日,十一層,
RPRSMLRLRHIFFAO47CC,19,94.61,住家用,鋼筋混凝土造,83年12月28日,十九層,
RPPNMLKMRHIFFAO78CC,15,194.66,見其他登記事項,鋼筋混凝土造,87年10月30日,四層,
RPUQMLKMRHIFFAO96CC,6,60.47,見其他登記事項,鋼筋混凝土造,96年12月20日,十三層,
RPUQMLKMRHIFFAO96CC,6,11.40,見其他登記事項,鋼筋混凝土造,96年12月20日,十三層,
RPUQMLKMRHIFFAO96CC,6,12.59,見其他登記事項,鋼筋混凝土造,96年12月20日,十三層,
RPVNMLSLRHIFFAO47CC,2,69.08,見其他登記事項,鋼筋混凝土造,100年3月24日,十二層,
RPVNMLSLRHIFFAO47CC,2,21.26,共有部分,鋼筋混凝土造,100年3月24日,十二層,
RPVNMLSLRHIFFAO47CC,2,10.30,共有部分,鋼筋混凝土造,100年3月24日,十二層,
RPSQMLLJIIIFFAO38CC,5,88.37,見其他登記事項,鋼筋混凝土造,97年10月22日,十四層,
RPSQMLLJIIIFFAO38CC,5,17.69,見其他登記事項,鋼筋混凝土造,97年10月22日,十四層,
RPSQMLLJIIIFFAO38CC,5,19.87,見其他登記事項,鋼筋混凝土造,97年10月22日,十四層,
RPSPMLNJIIIFFAO48CC,,79.98,住家用,鋼筋混凝土造,,五層,
RPPQMLLJIIIFFAO08CC,5,116.04,見其他登記事項,鋼筋混凝土造,98年3月31日,十四層,
RPPQMLLJIIIFFAO08CC,5,70.15,見其他登記事項,鋼筋混凝土造,98年3月31日,十四層,
RPVRMLLKIIIFFAO88CC,20,86.71,住家用,鋼筋混凝土造,82年7月5日,五層,
RPVRMLLKIIIFFAO88CC,20,13.09,共有部分,鋼筋混凝土造,82年7月5日,五層,
RPUOMLOKIIIFFAO78CC,20,60.17,住家用,鋼筋混凝土造,83年1月22日,十二層,
RPTSMLLKIIIFFAO78CC,22,63.72,見使用執照,鋼筋混凝土造,80年12月16日,五層,
RPXNMLMKIIIFFAO78CC,11,56.99,住家用,鋼筋混凝土造,92年1月10日,十三層,
RPXNMLMKIIIFFAO78CC,11,12.32,見其他登記事項,鋼筋混凝土造,92年1月10日,十三層,
RPXNMLMKIIIFFAO78CC,11,7.44,見其他登記事項,鋼筋混凝土造,92年1月10日,十三層,
RPXNMLMKIIIFFAO78CC,11,2.94,住家用,鋼筋混凝土造,92年1月10日,十三層,
RPQQMLOKIIIFFAO58CC,17,198.33,住家用,鋼筋混凝土造,85年11月14日,二十一層,
RPVOMLOKIIIFFAO88CC,25,104.82,住家用,鋼筋混凝土造,77年10月7日,五層,
RPOQMLOKIIIFFAO38CC,22,186.24,辦公室,鋼筋混凝土造,80年7月8日,十六層,
RPUPMLQKIIIFFAO09CC,1,51.13,辦公室,鋼筋混凝土造,101年7月30日,十一層,
RPUPMLQKIIIFFAO09CC,1,17.75,共有部分,鋼筋混凝土造,101年7月30日,十一層,
RPXNMLQKIIIFFAO66DC,5,141.18,辦公室,鋼筋混凝土造,97年11月26日,十四層,
RPXNMLQKIIIFFAO66DC,5,20.93,見其他登記事項,鋼筋混凝土造,97年11月26日,十四層,
RPXNMLQKIIIFFAO66DC,5,33.35,見其他登記事項,鋼筋混凝土造,97年11月26日,十四層,
RPOPMLOKIIIFFAO28CC,19,66.48,住家用,鋼筋混凝土造,84年1月28日,五層,
RPSPMLQKIIIFFAO88CC,1,192.62,見其他登記事項,鋼筋混凝土造,101年10月29日,十四層,
RPSPMLQKIIIFFAO88CC,1,51.62,共有部分,鋼筋混凝土造,101年10月29日,十四層,
RPSPMLQKIIIFFAO88CC,1,.15,共有部分,鋼筋混凝土造,101年10月29日,十四層,
RPQRMLNJIIIFFAO48CC,19,62.39,住家用,鋼筋混凝土造,83年11月14日,五層,
RPORMLNJIIIFFAO28CC,29,79.41,國民住宅,鋼筋混凝土造,73年5月23日,五層,
RPRSMLLKIIIFFAO58CC,14,.00,見其他登記事項,鋼筋混凝土造,88年4月16日,十層,
RPXNMLKLIIIFFAO68CC,15,96.73,國民住宅,鋼筋混凝土造,87年4月10日,十二層,
RPTOMLRKIIIFFAO98CC,6,23.62,見其他登記事項,鋼筋混凝土造,96年12月5日,十一層,
RPUNMLKLIIIFFAO38CC,,85.54,住家用,鋼筋混凝土造,,五層,
RPOOMLKLIIIFFAO87CC,19,88.10,住家用,鋼筋混凝土造,84年1月24日,十四層,
RPXSMLLLIIIFFAO66CC,6,92.31,見其他登記事項,鋼骨鋼筋混凝土造,96年7月3日,二十八層,
RPXSMLLLIIIFFAO66CC,6,11.15,見其他登記事項,鋼骨鋼筋混凝土造,96年7月3日,二十八層,
RPXSMLLLIIIFFAO66CC,6,19.62,見其他登記事項,鋼骨鋼筋混凝土造,96年7月3日,二十八層,
RPXSMLLLIIIFFAO66CC,6,.27,見其他登記事項,鋼骨鋼筋混凝土造,96年7月3日,二十八層,
RPPOMLKLIIIFFAO97CC,29,89.83,住家用,鋼筋混凝土造,73年11月9日,五層,
RPORMLNLIIIFFAO48CC,5,134.07,見其他登記事項,鋼筋混凝土造,97年11月26日,十四層,
RPORMLNLIIIFFAO48CC,5,20.82,見其他登記事項,鋼筋混凝土造,97年11月26日,十四層,
RPORMLNLIIIFFAO48CC,5,30.71,見其他登記事項,鋼筋混凝土造,97年11月26日,十四層,
RPVNMLKLIIIFFAO48CC,20,90.83,住家用,鋼筋混凝土造,82年10月12日,七層,
RPUOMLMLIIIFFAO68CC,7,93.08,見其他登記事項,鋼筋混凝土造,95年12月20日,十三層,
RPUOMLMLIIIFFAO68CC,7,19.70,見其他登記事項,鋼筋混凝土造,95年12月20日,十三層,
RPUOMLMLIIIFFAO68CC,7,13.05,見其他登記事項,鋼筋混凝土造,95年12月20日,十三層,
RPSOMLSLIIIFFAO66EC,21,85.68,住家用,鋼筋混凝土造,81年10月30日,七層,
RPVOMLMLIIIFFAO78CC,18,118.24,住家用,鋼筋混凝土造,84年10月30日,七層,
RPVOMLMLIIIFFAO78CC,18,18.53,共有部分,鋼筋混凝土造,84年10月30日,七層,
RPVOMLMLIIIFFAO78CC,18,29.30,共有部分,鋼筋混凝土造,84年10月30日,七層,
RPWOMLKMIIIFFAO78CC,17,79.39,住家用,鋼筋混凝土造,85年11月14日,二十層,
RPWOMLKMIIIFFAO78CC,17,17.19,共有部分,鋼筋混凝土造,85年11月14日,二十層,
RPWOMLKMIIIFFAO78CC,17,.52,共有部分,鋼筋混凝土造,85年11月14日,二十一層,
RPWOMLKMIIIFFAO78CC,17,28.53,共有部分,鋼筋混凝土造,85年11月14日,二十一層,
RPPOMLQKIIIFFAO58DC,5,117.79,見其他登記事項,鋼筋混凝土造,97年8月26日,二十六層,
RPPOMLQKIIIFFAO58DC,5,25.15,見其他登記事項,鋼筋混凝土造,97年8月26日,二十六層,
RPPOMLQKIIIFFAO58DC,5,20.69,見其他登記事項,鋼筋混凝土造,97年8月26日,二十六層,
RPSNMLLMIIIFFAO38CC,5,217.53,見其他登記事項,鋼筋混凝土造,97年8月20日,十一層,
RPSNMLLMIIIFFAO38CC,5,249.68,見其他登記事項,鋼筋混凝土造,97年8月20日,十一層,
RPUOMLKMIIIFFAO58CC,22,157.00,辦公室,鋼筋混凝土造,80年7月8日,十六層,
RPWNMLKLIIIFFAO58CC,,86.54,住家用,鋼筋混凝土造,,四層,
RPPRMLNLIIIFFAO58CC,3,77.40,見其他登記事項,鋼筋混凝土造,99年12月6日,十四層,
RPPRMLNLIIIFFAO58CC,3,2.11,共有部分,鋼筋混凝土造,99年12月6日,十四層,
RPPRMLNLIIIFFAO58CC,3,22.39,共有部分,鋼筋混凝土造,99年12月6日,十四層,
RPVOMLSLIIIFFAO76CC,6,83.49,見其他登記事項,鋼筋混凝土造,96年10月24日,九層,
RPXNMLLMIIIFFAO88CC,17,94.59,住家用,鋼筋混凝土造,86年3月14日,十二層,
RPUOMLTLIIIFFAO86DC,1,164.01,見其他登記事項,鋼筋混凝土造,101年6月8日,十四層,
