﻿編號,土地區段位置,土地移轉面積平方公尺,使用分區或編定
The serial number,land sector position,land shifting area square meter,the use zoning or compiles and checks
RPQPMLPJQHIFFAU37EC,仁義段,78.00,都市：商
RPQNMLNJQHIFFAU76CC,富國段,9.94,都市：商
RPQPMLPJQHIFFAU17CC,莊敬段,5.50,都市：住
RPRNMLMKQHIFFAU96DC,民勤段,32.75,都市：住
RPPNMLNJQHIFFAU66CC,廣安段,290.34,非都市：一般農業區 ; 非都市編定：甲種建築用地
RPWOMLLJQHIFFAU37DC,富國段,6.62,都市：住
RPPNMLMKQHIFFAU76DC,民勤段,32.75,都市：住
RPTOMLLJQHIFFAU07DC,嘉南段,98.00,都市：住
RPXNMLLJQHIFFAU37DC,莊敬段,52.20,都市：住
RPTOMLNKQHIFFAU27CC,自強段,106.00,都市：住
RPOOMLLJQHIFFAU56DC,自強段,6.28,都市：住
RPUNMLQKQHIFFAU67DC,富國段,8.40,都市：住
RPXQMLKLQHIFFAU67CC,莊敬段,237.00,都市：住
RPTNMLQKQHIFFAU57DC,莊敬段,17.54,都市：住
RPWNMLTKQHIFFAU08CC,民意段,15.89,都市：住
RPXNMLTKQHIFFAU18CC,富國段,26.28,都市：商
RPTPMLKLQHIFFAU17CC,林森段,160.00,都市：住
RPRNMLOKQHIFFAU27EC,國風段,36.80,都市：住
RPQNMLTKQHIFFAU57DC,福祥段,5.70,都市：住
RPPRMLKLQHIFFAU96CC,民勤段,8.80,都市：住
RPWNMLQKQHIFFAU87DC,莊敬段,10.81,都市：住
RPVQMLKLQHIFFAU47CC,主商段,20.62,都市：住
RPVQMLKLQHIFFAU47CC,主商段,.27,都市：住
RPRNMLLLQHIFFAU07EC,富國段,15.79,都市：商
RPWOMLMLQHIFFAU57CC,慶豐段,73.00,都市：住
RPOQMLRLQHIFFAU47CC,林森段,65.00,都市：住
RPOPMLSLQHIFFAU47CC,仁義段,103.00,都市：其他
RPRNMLKMQHIFFAU07EC,裕民段,12.33,都市：住
RPXNMLMLQHIFFAU57CC,主權段,17.09,都市：住
RPXOMLSLQHIFFAU28CC,富國段,6.17,都市：商
RPVOMLNLQHIFFAU57CC,福祥段,15.00,都市：住
RPXNMLNLQHIFFAU67CC,莊敬段,133.00,都市：住
RPOOMLNLQHIFFAU86CC,明義段,21.80,都市：商
RPXOMLNLQHIFFAU77CC,慶豐段,12.50,都市：住
RPWOMLNLQHIFFAU67CC,慶豐段,12.50,都市：住
RPWNMLOJRHIFFAU67DC,國風段,82.00,都市：住
RPXOMLOJRHIFFAU77CC,富國段,992.00,都市：商
RPSNMLOJRHIFFAU27DC,慶豐段,124.00,都市：住
RPUNMLTJRHIFFAU87CC,莊敬段,5.50,都市：住
RPROMLTJRHIFFAU67CC,莊敬段,5.50,都市：住
RPROMLNJRHIFFAU07CC,富國段,44.25,都市：商
RPRPMLPJRHIFFAU37CC,林森段,81.00,都市：商
RPTOMLLKRHIFFAU17CC,富國段,9.52,都市：商
RPUNMLLKRHIFFAU17CC,主商段,20.36,都市：商
RPSNMLPJRHIFFAU37DC,富國段,17.26,都市：住
RPXNMLPJRHIFFAU87DC,民勤段,16.37,都市：住
RPUNMLPJRHIFFAU57DC,莊敬段,54.80,都市：住
RPVNMLPJRHIFFAU67DC,林森段,19.00,都市：住
RPWNMLPJRHIFFAU77DC,富國段,4.76,都市：住
RPTOMLQKRHIFFAU67CC,富國段,20.40,都市：住
RPVOMLQKRHIFFAU87CC,慶豐段,77.00,都市：住
RPVPMLQKRHIFFAU97CC,莊敬段,87.00,都市：住
RPUNMLPLRHIFFAU67CC,林森段,335.00,都市：住
RPUNMLPLRHIFFAU67CC,林森段,626.00,都市：住
RPUNMLPLRHIFFAU67CC,林森段,1229.00,都市：住
RPSNMLRKRHIFFAU67DC,功學段,141.91,都市：住
RPQNMLRKRHIFFAU47DC,主權段,17.76,都市：住
RPXNMLOLRHIFFAU87CC,富國段,70.00,都市：商
RPXNMLOLRHIFFAU87CC,富國段,12.00,都市：商
RPRNMLOLRHIFFAU37DC,民勤段,94.84,都市：住
RPOOMLRKRHIFFAU37DC,碧雲段,93.00,都市：住
RPPOMLRKRHIFFAU47DC,福德段,58.00,都市：農
RPQNMLPLRHIFFAU27CC,嘉南段,49.00,都市：農
RPQNMLPLRHIFFAU27CC,嘉南段,1.00,都市：農
RPWNMLOLRHIFFAU77CC,德安段,15.56,都市：住
RPVNMLPLRHIFFAU77CC,福祥段,46.80,都市：住
RPUOMLPLRHIFFAU77CC,自強段,13.10,都市：住
RPTOMLPLRHIFFAU77DC,民德段,137.00,都市：商
RPTOMLPLRHIFFAU77DC,民德段,94.00,都市：商
RPROMLRLRHIFFAU67CC,富國段,27.14,都市：住
RPWOMLNJIIIFFAU76CC,嘉南段,95.00,都市：商
RPXOMLOJIIIFFAU07DC,裕民段,5.94,都市：商
RPWOMLOJIIIFFAU96DC,民勤段,16.37,都市：住
RPVOMLOJIIIFFAU86DC,主權段,60.00,都市：商
RPUOMLOJIIIFFAU76DC,北濱段,2.53,都市：商
RPXOMLTJIIIFFAU47CC,福祥段,2871.00,都市：住
RPVNMLTJIIIFFAU17CC,富國段,28.43,都市：住
RPWNMLTJIIIFFAU27CC,富國段,28.43,都市：住
RPTNMLOJIIIFFAU09CC,莊敬段,11.04,都市：住
RPUNMLSJIIIFFAU96CC,民孝段,9490.00,非都市： ; 非都市編定：
RPSNMLPKIIIFFAU56CC,裕民段,131.00,都市：住
RPSOMLLKIIIFFAU98DC,德安段,25.96,都市：住
RPPOMLRKIIIFFAU56CC,富國段,13.15,都市：商
RPTNMLPKIIIFFAU66CC,慈安段,57.00,都市：住
RPOPMLRKIIIFFAU56CC,莊敬段,5.50,都市：住
RPVOMLPKIIIFFAU07DC,民意段,116.00,都市：住
RPOOMLQKIIIFFAU98CC,慶豐段,125.00,都市：住
RPWOMLLLIIIFFAU76CC,仁恥段,135.00,都市：住
RPROMLQKIIIFFAU66CC,民勤段,7.00,都市：住
RPWNMLQKIIIFFAU07CC,慶豐段,675.00,都市：住
RPQOMLPKIIIFFAU09CC,福吉段,63.83,非都市：特定農業區 ; 非都市編定：甲種建築用地
RPOPMLLLIIIFFAU68CC,民勤段,8.80,都市：住
RPQPMLLLIIIFFAU88CC,慶豐段,103.05,都市：住
RPXOMLLLIIIFFAU86CC,樹人段,9.75,都市：住
RPVPMLLLIIIFFAU76CC,自強段,40.80,都市：住
RPVNMLSLIIIFFAU37DC,裕民段,21.75,都市：住
RPRPMLLLIIIFFAU98CC,主權段,18.24,都市：住
RPXNMLKMIIIFFAU76CC,宜寧段,82.00,都市：商
RPSNMLTLIIIFFAU17DC,樹人段,67.00,都市：住
RPRNMLTLIIIFFAU07DC,自強段,70.00,都市：住
