﻿鄉鎮市區,交易標的,土地區段位置/建物區段門牌,土地面積平方公尺,都市土地使用分區,非都市土地使用分區,非都市土地使用編定,租賃年月日,租賃筆棟數,租賃層次,總樓層數,建物型態,主要用途,主要建材,建築完成年月,建物總面積平方公尺,建物現況格局-房,建物現況格局-廳,建物現況格局-衛,建物現況格局-隔間,有無管理組織,有無附傢俱,總額元,單價元/平方公尺,車位類別,車位面積平方公尺,車位總額元,備註,編號
The villages and towns urban district,transaction sign,land sector position/building sector house number plate,land shifting total area square meter,the use zoning or compiles and checks,the non-metropolis land use district,non-metropolis land use,transaction year, month and day,transaction pen number,shifting level,total floor number,building state,main use,main building materials,construction to complete the years,building shifting total area,Building present situation pattern - room,building present situation pattern - hall,building present situation pattern - health,building present situation pattern - compartmented,Whether there is manages the organization,Whether there is attaches the furniture,total price Yuan,the unit price a Yuan/square meter,the berth category,berth shifting total area square meter,the berth total price Yuan,the note,serial number
安平區,建物,臺南市安平區育平路211~240號,15.46,住,,,1030122,土地0建物1車位0,見其他登記事項,2,店面(店鋪),住商用,鋼筋混凝土構造,0850919,114.36,2,2,2,有,無,有,15000,131,,0.0,0,,RPSOMLPJKHJFFAD67CC
新市區,房地(土地+建物),臺南市新市區中正路31~60號,66.87,其他,,,1030128,土地1建物1車位0,全,2,透天厝,住家用,加強磚造,0680401,100.38,8,1,7,有,無,有,20000,199,,0.0,0,,RPSNMLPJKHJFFER76CC
佳里區,建物,臺南市佳里區鎮山街346巷18弄1~30號,0.0,住,,,1030125,土地0建物1車位0,全,3,透天厝,住家用,鋼筋混凝土造,0820810,162.7,5,2,3,有,無,有,9000,55,,0.0,0,1.合約書無填具土地租賃面積.2.由所有權人提供出租資訊,RPTNMLPJKHJFFDR76CC
仁德區,房地(土地+建物),臺南市仁德區德南路209巷31~60號,72.13,住,,,1030123,土地1建物1車位0,全,4,透天厝,住家用,鋼筋混凝土造,1020114,167.79,4,2,4,有,無,有,30000,179,,0.0,0,,RPRNMLPJKHJFFFR76CC
東區,房地(土地+建物),臺南市東區崇善路31~60號,77.0,商,,,1030201,土地1建物1車位0,見其他登記事項,5,店面(店鋪),住商用,鋼筋混凝土構造,0831024,269.35,8,2,5,有,無,無,15000,56,,0.0,0,,RPQNMLQJKHJFFCD67CC
安平區,土地,新南段31~60地號,428.0,商,,,1030125,土地1建物0車位0,,,其他,,,,0.0,0,0,0,有,無,無,45000,105,,0.0,0,,RPROMLQJKHJFFAD67CC
中西區,房地(土地+建物),臺南市中西區西門路一段451~480號,0.0,住,,,1030206,土地5建物1車位0,四層,7,華廈(10層含以下有電梯),住家用,鋼筋混凝土構造,0700605,40.8,2,1,1,有,無,有,6500,159,,0.0,0,,RPPNMLRJKHJFFAD47CC
安平區,建物,臺南市安平區華平路721~750號,0.0,商,,,1030118,土地0建物0車位0,一層,4,店面(店鋪),見其他登記事項,鋼筋混凝土構造,0970306,78.88,0,1,1,有,無,無,25000,317,,0.0,0,,RPTNMLRJKHJFFAD87CC
安平區,房地(土地+建物),臺南市安平區永華八街121~150號,95.0,住,,,1030122,土地1建物1車位0,全,2,透天厝,住商用,鋼筋混凝土構造,0760806,127.76,1,1,1,有,無,無,17000,133,,0.0,0,,RPROMLRJKHJFFAD77CC
東區,房地(土地+建物),臺南市東區德東街211~240號,0.0,住,,,1030121,土地2建物1車位0,全,2,透天厝,住商用,鋼筋混凝土構造,0781030,113.32,3,3,3,有,無,無,14000,124,,0.0,0,,RPPNMLRJKHJFFCD67CC
安南區,房地(土地+建物),臺南市安南區海佃路二段150巷10弄31~60號,0.0,住,,,1030124,土地1建物1車位0,全,3,透天厝,住商用,鋼筋混凝土構造,0691107,160.09,5,0,2,有,無,無,13000,81,,0.0,0,,RPPNMLRJKHJFFBD57CC
後壁區,房地(土地+建物),臺南市後壁區上茄苳1~30號,9659.6,,一般農業區,農牧用地,1030118,土地4建物8車位0,見其他登記事項,2,工廠,工業用,見其他登記事項,0680101,3172.43,0,0,0,無,無,無,135000,,,0.0,0,,RPQNMLRJKHJFFBR09CC
安南區,房地(土地+建物),臺南市安南區安中路一段757巷31~60號,0.0,住,,,1030113,土地1建物1車位0,全,3,透天厝,住商用,鋼筋混凝土構造,0800619,175.01,3,2,3,有,無,無,12500,71,,0.0,0,,RPQNMLSJKHJFFBD77CC
新市區,房地(土地+建物),臺南市新市區中正路92巷1~30號,19.48,其他,,,1030209,土地1建物1車位0,二層,8,華廈(10層含以下有電梯),住家用,鋼筋混凝土造,0830806,71.12,3,2,2,有,無,有,10000,141,,0.0,0,,RPTNMLKKKHJFFER09CC
善化區,土地,茄拔段一小段1291~1320地號,73.0,,鄉村區,乙種建築用地,1030210,土地1建物0車位0,,,其他,,,,0.0,2,0,0,有,無,無,8000,110,,0.0,0,,RPWNMLKKKHJFFER76CC
新市區,土地,社內段1~30地號,175.0,,鄉村區,乙種建築用地,1030211,土地1建物0車位0,,,其他,,,,0.0,6,0,0,有,無,有,21000,120,,0.0,0,,RPPNMLLKKHJFFER78CC
新市區,房地(土地+建物),臺南市新市區中山路13巷1~30號,1401.0,,特定農業區,農牧用地,1020201,土地1建物1車位0,見其他登記事項,1,農舍,農舍,鐵造,0840408,108.52,0,0,0,無,無,無,20000,,,0.0,0,,RPQNMLLKKHJFFER88CC
新化區,房地(土地+建物),臺南市新化區中山路194巷1~30號,87.33,其他,,,1030211,土地1建物1車位0,全,2,透天厝,住家用,加強磚造,0700701,93.94,3,2,2,有,無,無,9000,96,,0.0,0,,RPQOMLLKKHJFFER98CC
南區,房地(土地+建物),臺南市南區西門路一段545巷31~60號,30.0,住,,,1030208,土地1建物1車位0,一層,5,公寓(5樓含以下無電梯),住家用,鋼筋混凝土構造,0731017,130.61,3,2,2,有,無,有,8500,65,,0.0,0,,RPTNMLLKKHJFFCD67DC
東區,建物,臺南市東區崇善路151~180號,166.0,,,,1030201,土地0建物1車位0,一層,5,店面(店鋪),見其他登記事項,鋼筋混凝土構造,0750222,81.31,0,0,0,無,無,有,50000,615,,0.0,0,,RPPOMLLKKHJFFCD37DC
永康區,房地(土地+建物),臺南市永康區龍中街151~180號,73.0,住,,,1030201,土地1建物1車位0,全,5,透天厝,住商用,鋼筋混凝土造,0811104,16.6,1,0,0,有,無,有,3700,223,,0.0,0,僅承租一樓房間一間,RPOPMLLKKHJFFHR56CC
永康區,建物,臺南市永康區中山南路471巷81弄1~30號,0.0,住,,,1030129,土地0建物1車位0,全,4,透天厝,住家用,鋼筋混凝土造,0820422,179.78,4,2,5,有,無,有,14000,78,,0.0,0,1.合約書無填具土地租賃面積.2.由所有權人提供出租資訊3.租金以包含平面車位,RPSOMLNKKHJFFHR07CC
安南區,建物,臺南市安南區長和路一段527巷1~30號,0.0,住,,,1030124,土地0建物1車位0,全,4,透天厝,見其他登記事項,鋼筋混凝土構造,1020206,158.46,5,2,4,有,無,有,16000,101,,0.0,0,,RPQOMLNKKHJFFBD47CC
安平區,土地,金華段121~150地號,10195.0,其他,,,1030211,土地1建物0車位0,,,其他,,,,0.0,0,0,0,有,無,無,100000,10,,0.0,0,,RPUNMLNKKHJFFAD67CC
安平區,土地,金華段121~150地號,10195.0,其他,,,1030211,土地1建物0車位0,,,其他,,,,0.0,0,0,0,有,無,無,100000,10,,0.0,0,,RPWNMLNKKHJFFAD87CC
北區,建物,臺南市北區開南街275巷61~90號,0.0,住,,,1030125,土地0建物1車位0,全,2,透天厝,住家用,加強磚造,0690212,36.23,1,1,1,有,有,有,6000,166,,0.0,0,,RPQPMLNKKHJFFAD47CC
北區,建物,臺南市北區公園路1074巷1~30號,0.0,住,,,1030126,土地0建物1車位0,全,2,透天厝,住家用,加強磚造,0621112,90.09,4,2,5,有,無,有,19000,211,,0.0,0,,RPWPMLNKKHJFFAD08CC
北區,建物,臺南市北區北門路二段527巷1~30號,20955.0,住,,,1030201,土地0建物1車位0,九層,10,華廈(10層含以下有電梯),國民住宅,鋼筋混凝土構造,0930329,86.33,3,2,2,有,無,有,13000,151,,0.0,0,,RPOQMLNKKHJFFAD37CC
安平區,建物,臺南市安平區郡平路181~210號,7.79,住,,,1030101,土地0建物1車位0,十五層,17,住宅大樓(11層含以上有電梯),住家用,鋼筋混凝土構造,0850907,64.9,3,2,4,有,無,有,15000,231,,0.0,0,,RPPQMLNKKHJFFAD47CC
中西區,房地(土地+建物)+車位,臺南市中西區中華西路二段511~540號,11.54,住,,,1030212,土地1建物1車位1,三層,15,住宅大樓(11層含以上有電梯),見其他登記事項,見其他登記事項,1020620,54.02,2,2,1,有,有,有,24000,444,坡道平面,0.0,0,,RPUQMLNKKHJFFAD97CC
北區,房地(土地+建物),臺南市北區成功路571~600號,3.53,住,,,1030205,土地1建物1車位0,五層,12,套房(1房1廳1衛),住家用,鋼筋混凝土構造,0840307,27.61,1,1,1,有,無,有,6700,243,,0.0,0,,RPQOMLOKKHJFFAD47CC
安南區,建物,臺南市安南區北安路二段391~420號,0.0,住,,,1030115,土地0建物1車位0,全,4,透天厝,住商用,鋼筋混凝土構造,1010907,44.11,2,1,1,有,有,有,13000,295,,0.0,0,,RPRNMLOKKHJFFBD57CC
北區,房地(土地+建物),臺南市北區長榮路五段253巷1~30號,72.0,住,,,1030116,土地1建物1車位0,全,3,透天厝,住家用,鋼筋混凝土構造,0660803,97.92,8,2,3,有,無,無,8000,82,,0.0,0,,RPRNMLPKKHJFFAD57CC
歸仁區,房地(土地+建物),臺南市歸仁區信義北路96巷61~90號,82.0,住,,,1030126,土地1建物1車位0,全,4,透天厝,住家用,鋼筋混凝土造,1020508,172.88,4,3,3,有,無,有,15000,87,,0.0,0,,RPPNMLQKKHJFFFR76CC
關廟區,房地(土地+建物),臺南市關廟區中正路691~720號,54.0,住,,,1030119,土地1建物1車位0,全,3,透天厝,住家用,鋼筋混凝土造,0771024,112.73,5,2,3,有,無,無,8000,71,,0.0,0,,RPQNMLQKKHJFFFR86CC
北區,建物,臺南市北區公園南路361~390號,0.0,住,,,1030217,土地0建物0車位0,十二層,14,住宅大樓(11層含以上有電梯),見其他登記事項,見其他登記事項,0960824,53.34,2,1,1,有,有,有,20000,375,,0.0,0,,RPRPMLRKKHJFFAD97CC
北區,建物,臺南市北區公園南路361~390號,0.0,住,,,1030117,土地0建物1車位0,十二層,14,住宅大樓(11層含以上有電梯),見其他登記事項,見其他登記事項,0960824,53.34,2,1,1,有,有,有,20000,375,,0.0,0,,RPUPMLRKKHJFFAD28CC
北區,建物,臺南市北區北園街61~90號,0.0,住,,,1030122,土地0建物1車位0,六層,7,華廈(10層含以下有電梯),住家用,鋼筋混凝土構造,0710709,60.78,3,1,1,有,有,有,6000,99,,0.0,0,,RPVPMLRKKHJFFAD38CC
北區,建物,臺南市北區北成路331~360號,0.0,其他,,,1030125,土地0建物1車位0,五層,10,華廈(10層含以下有電梯),見其他登記事項,見其他登記事項,0941213,101.15,2,1,1,有,有,有,19000,188,,0.0,0,,RPWPMLRKKHJFFAD48CC
北區,房地(土地+建物),臺南市北區文賢路1122巷92弄1~30號,0.0,住,,,1030210,土地1建物1車位0,全,4,透天厝,住商用,鋼筋混凝土構造,0690801,177.63,4,2,3,有,無,有,14000,79,,0.0,0,,RPXPMLRKKHJFFAD58CC
安平區,建物,臺南市安平區建平八街61~90號,0.0,商,,,1030211,土地0建物1車位0,十四層,14,住宅大樓(11層含以上有電梯),見其他登記事項,鋼筋混凝土構造,0880816,99.46000000000001,3,2,2,有,有,有,14000,141,,0.0,0,,RPPQMLRKKHJFFAD87CC
中西區,建物,臺南市中西區永福路一段1~30號,0.0,住,,,1030214,土地0建物1車位0,全,3,透天厝,住商用,加強磚造,0640107,115.9,4,2,1,有,無,有,13000,112,,0.0,0,,RPQQMLRKKHJFFAD97CC
安南區,房地(土地+建物),臺南市安南區大安街461巷37弄61~90號,0.0,住,,,1030122,土地1建物1車位0,全,3,透天厝,住商用,鋼筋混凝土構造,0820825,435.87,7,1,4,有,無,無,19000,44,,0.0,0,,RPTNMLRKKHJFFBD08CC
安南區,房地(土地+建物),臺南市安南區安中二街70巷1~30號,0.0,住,,,1030128,土地1建物1車位0,全,4,透天厝,見其他登記事項,鋼筋混凝土構造,1011225,164.21,3,2,3,有,無,有,18000,110,,0.0,0,,RPVNMLRKKHJFFBD28CC
南區,房地(土地+建物),臺南市南區夏林路222巷1~30號,0.0,住,,,1020225,土地1建物1車位0,全,3,透天厝,住家用,鋼筋混凝土構造,0670111,126.39,3,1,2,有,無,有,10000,79,,0.0,0,,RPSOMLRKKHJFFCD18CC
東區,建物,臺南市東區東門路三段91~120號,0.0,住,,,1030125,土地0建物1車位0,四層,12,住宅大樓(11層含以上有電梯),住家用,鋼筋混凝土構造,0840322,140.63,3,1,2,有,有,有,13000,92,,0.0,0,,RPTOMLRKKHJFFCD28CC
南區,房地(土地+建物),臺南市南區興隆路41巷1~30號,0.0,住,,,1030209,土地1建物1車位0,全,3,透天厝,見其他登記事項,鋼筋混凝土構造,0830609,165.75,5,2,5,有,無,無,17000,103,,0.0,0,,RPUOMLRKKHJFFCD38CC
東區,建物,臺南市東區富農街一段131巷42弄1~30號,0.0,住,,,1030209,土地0建物0車位0,五層,9,華廈(10層含以下有電梯),住家用,鋼筋混凝土構造,0840112,125.57999999999998,3,1,2,有,有,有,10000,80,,0.0,0,,RPVOMLRKKHJFFCD48CC
南區,建物,臺南市南區體育路41巷31~60號,0.0,住,,,1030212,土地0建物1車位0,三層,5,公寓(5樓含以下無電梯),住家用,鋼筋混凝土構造,0721214,89.22,3,2,2,有,無,無,8000,90,,0.0,0,,RPOPMLRKKHJFFCD87CC
安平區,房地(土地+建物),臺南市安平區華平路661~690號,132.35,住,,,1030128,土地1建物1車位0,見其他登記事項,5,店面(店鋪),見其他登記事項,鋼筋混凝土構造,0971106,352.46,6,2,5,有,無,無,60000,170,,0.0,0,,RPXNMLSKKHJFFAD48CC
西港區,房地(土地+建物),臺南市西港區後營村後營361~390號,72.86,,鄉村區,乙種建築用地,1030211,土地1建物1車位0,全,3,透天厝,住商用,鋼筋混凝土造,0830601,155.58,4,2,3,有,無,有,6000,39,,0.0,0,,RPQNMLSKKHJFFDR86CC
北區,土地,仁愛段421~450地號,107.0,商,,,1030129,土地2建物0車位0,,,其他,,,,0.0,0,0,0,有,無,無,13000,121,,0.0,0,,RPSQMLTKKHJFFAD38CC
中西區,建物,臺南市中西區西賢六街13巷1~30號,77.79,住,,,1030219,土地0建物1車位0,全,3,透天厝,住家用,鋼筋混凝土構造,0750215,85.95,4,2,3,有,無,有,11000,128,,0.0,0,,RPPOMLKLKHJFFAD07CC
南區,建物,臺南市南區大成路一段61巷31~60號,146.16,住,,,1030217,土地0建物1車位0,全,3,透天厝,住商用,鋼筋混凝土構造,0730326,146.16,7,2,5,有,無,有,20000,137,,0.0,0,,RPTOMLKLKHJFFCD67CC
東區,建物,臺南市東區崇德二十三街61~90號,80.0,住,,,1030216,土地0建物1車位0,全,3,透天厝,住商用,鋼筋混凝土構造,0700826,167.75,4,2,3,有,無,有,15000,89,,0.0,0,,RPWOMLKLKHJFFCD97CC
永康區,建物,臺南市永康區永華路201巷32弄61~90號,60.0,住,,,1030214,土地0建物1車位0,全,4,透天厝,住家用,鋼筋混凝土造,0791203,153.56,4,2,2,有,無,有,15000,98,,0.0,0,,RPPPMLKLKHJFFHR66CC
永康區,建物,臺南市永康區勝利街1巷31~60號,0.0,住,,,1021231,土地0建物1車位0,五層,14,住宅大樓(11層含以上有電梯),住家用,鋼筋混凝土造,0690624,86.0,2,2,2,有,有,有,12000,140,,0.0,0,1.合約書無填具土地租賃面積.2.由所有權人提供出租資訊3.租金以包含機械車位,RPSNMLLLKHJFFHR86CC
永康區,建物,臺南市永康區忠勇街32巷31~60號,0.0,住,,,1030103,土地0建物1車位0,一層,4,店面(店鋪),住商用,鋼筋混凝土造,0771229,95.52,0,2,1,有,無,有,12000,126,,0.0,0,,RPUNMLLLKHJFFHR07CC
北區,房地(土地+建物),臺南市北區和緯路四段211~240號,106.85,住,,,1030217,土地1建物1車位0,全,3,透天厝,住商用,鋼筋混凝土構造,0691220,216.83,5,5,3,有,無,無,26000,120,,0.0,0,,RPROMLLLKHJFFAD47DC
新營區,房地(土地+建物),臺南市新營區長榮路一段331~360號,80.39,住,,,1030221,土地1建物1車位0,見其他登記事項,5,店面(店鋪),住商用,鋼筋混凝土造,0840407,275.49,7,3,6,有,無,有,20000,73,,0.0,0,,RPVOMLLLKHJFFAR56CC
北區,建物,臺南市北區開元路485巷41弄1~30號,0.0,商,,,1030110,土地0建物1車位0,七層,14,住宅大樓(11層含以上有電梯),見其他登記事項,鋼筋混凝土構造,0891120,33.1,1,0,1,有,有,有,6500,196,,0.0,0,,RPUOMLLLKHJFFAD67CC
東區,房地(土地+建物),臺南市東區光華街1~30號,0.0,住,,,1030218,土地3建物1車位0,二層,9,華廈(10層含以下有電梯),住家用,鋼筋混凝土構造,0831111,56.23,1,2,1,有,無,有,8000,142,,0.0,0,,RPPNMLNLKHJFFCD47CC
東區,房地(土地+建物),臺南市東區文化6街61~90號,74.0,其他,,,1030217,土地1建物2車位0,全,2,透天厝,見其他登記事項,加強磚造,0721006,144.17,0,0,0,有,無,無,28000,194,,0.0,0,,RPSNMLOLKHJFFCD87CC
東區,建物,臺南市東區長榮路一段1~30號,0.0,住,,,1030215,土地0建物1車位0,十二層,14,住宅大樓(11層含以上有電梯),住家用,鋼筋混凝土構造,0991213,65.62,2,1,1,有,有,有,17000,259,,0.0,0,,RPVNMLOLKHJFFCD18CC
東區,建物,臺南市東區立德十路31~60號,75.37,住,,,1030223,土地0建物1車位0,全,3,透天厝,住商用,加強磚造,0630423,105.27,2,3,2,有,無,有,9000,85,,0.0,0,,RPWNMLOLKHJFFCD28CC
中西區,建物,臺南市中西區健康路一段241~270號,0.0,住,,,1030213,土地0建物1車位0,四層,7,華廈(10層含以下有電梯),住家用,鋼筋混凝土構造,0851204,119.78,3,2,2,有,無,有,11000,92,,0.0,0,,RPOOMLOLKHJFFAD37CC
北區,建物,臺南市北區公園南路361~390號,0.0,住,,,1030207,土地0建物1車位0,十層,14,住宅大樓(11層含以上有電梯),見其他登記事項,見其他登記事項,0960824,27.21,1,0,1,有,有,有,8000,294,,0.0,0,,RPROMLOLKHJFFAD67CC
永康區,建物,臺南市永康區中山南路262巷1~30號,0.0,住,,,1030125,土地0建物1車位0,八層,15,套房(1房1廳1衛),住家用,鋼筋混凝土造,0841204,40.37,1,1,1,有,無,有,10000,248,,0.0,0,1.合約書無填具土地租賃面積.2.由所有權人提供出租資訊3.租金以包含機械車位,RPWNMLOLKHJFFHR57CC
學甲區,房地(土地+建物),臺南市學甲區中山路31~60號,95.59,住,,,1030225,土地2建物1車位0,全,4,透天厝,住商用,鋼筋混凝土造,0811126,191.11,4,2,2,有,無,無,6000,31,,0.0,0,,RPUNMLQLKHJFFDR17CC
安平區,建物,臺南市安平區建平六街80巷91~120號,56.78,住,,,1030225,土地0建物1車位0,六層,6,住宅大樓(11層含以上有電梯),住家用,鋼筋混凝土構造,0800202,30.47,1,1,1,有,無,有,7000,230,,0.0,0,,RPSOMLQLKHJFFAD97CC
東區,建物,臺南市東區長榮路二段32巷181~210號,39.55,住,,,1030214,土地0建物1車位0,全,2,透天厝,住家用,加強磚造,0601108,82.46,6,2,3,有,無,有,30000,364,,0.0,0,,RPSNMLQLKHJFFCD08CC
東區,土地,竹篙厝段2371~2400地號,1093.0,其他,,,1030217,土地1建物0車位0,,,其他,,,,0.0,0,0,0,有,無,無,70000,64,,0.0,0,,RPUPMLQLKHJFFCD48CC
安南區,建物,臺南市安南區公學路五段363巷1~30號,0.0,,,,1030201,土地0建物0車位0,全,5,透天厝,見其他登記事項,鋼筋混凝土構造,0920609,19.8,1,0,1,有,無,有,3600,182,,0.0,0,,RPOPMLQLKHJFFBD77CC
新市區,房地(土地+建物),臺南市新市區信義街1~30號,80.6,住,,,1030225,土地1建物1車位0,四層,4,公寓(5樓含以下無電梯),見其他登記事項,鋼筋混凝土造,1001107,223.93,8,1,9,有,無,有,5500,25,,0.0,0,,RPPNMLRLKHJFFER86CC
東區,建物,臺南市東區長榮路一段211~240號,0.0,商,,,1030217,土地0建物1車位0,五層,12,住宅大樓(11層含以上有電梯),住家用,鋼筋混凝土構造,0880805,30.919999999999998,1,1,1,有,有,有,8000,259,,0.0,0,,RPVNMLRLKHJFFCD48CC
東區,建物,臺南市東區中華東路二段151~180號,0.0,商,,,1030217,土地0建物1車位0,十層,14,住宅大樓(11層含以上有電梯),住家用,鋼筋混凝土構造,0970229,28.939999999999998,1,1,1,有,無,有,8500,294,,0.0,0,,RPXNMLRLKHJFFCD68CC
東區,建物,臺南市東區中華東二段151~180號,0.0,商,,,1030217,土地0建物1車位0,十層,14,住宅大樓(11層含以上有電梯),住家用,鋼筋混凝土構造,0970229,36.3,1,1,1,有,有,有,10000,275,,0.0,0,,RPOOMLRLKHJFFCD87CC
中西區,房地(土地+建物),臺南市中西區臨安路一段211~240號,100.0,住,,,1030210,土地1建物1車位0,全,2,透天厝,住家用,磚造,0520101,123.38,1,1,1,有,無,有,13000,105,,0.0,0,,RPVNMLRLKHJFFAD28CC
安南區,建物,臺南市安南區公學路五段363巷1~30號,0.0,,,,1030209,土地0建物0車位0,全,5,透天厝,見其他登記事項,鋼筋混凝土構造,0920609,19.8,1,0,1,有,無,有,3600,182,,0.0,0,,RPPNMLSLKHJFFBD87CC
安南區,建物,臺南市安南區公學路五段363巷1~30號,0.0,,,,1030220,土地0建物0車位0,全,5,透天厝,見其他登記事項,鋼筋混凝土構造,0920609,19.8,1,0,1,有,無,有,3600,182,,0.0,0,,RPQNMLSLKHJFFBD97CC
新市區,房地(土地+建物),臺南市新市區銘傳街61~90號,87.5,住,,,1030301,土地1建物1車位0,全,4,透天厝,見其他登記事項,鋼筋混凝土造,1020115,244.84,8,1,8,有,無,有,6000,25,,0.0,0,,RPPNMLLJLHJFFER78CC
新市區,房地(土地+建物),臺南市新市區銘傳街61~90號,87.5,住,,,1030301,土地1建物1車位0,全,4,透天厝,見其他登記事項,鋼筋混凝土造,1020115,244.84,8,1,8,有,無,有,10000,41,,0.0,0,,RPQNMLLJLHJFFER88CC
中西區,房地(土地+建物),臺南市中西區永福路二段61~90號,19.84,商,,,1030224,土地1建物1車位0,見其他登記事項,3,店面(店鋪),住商用,加強磚造,0480530,52.65,0,0,0,無,無,無,15000,285,,0.0,0,,RPPNMLLJLHJFFAD96CC
東區,房地(土地+建物),臺南市東區東門路二段365巷34弄1~30號,0.0,住,,,1030225,土地1建物1車位0,四層,5,公寓(5樓含以下無電梯),住家用,鋼筋混凝土構造,0771224,83.8,3,2,2,有,無,無,8000,95,,0.0,0,,RPTNMLNJLHJFFCD77CC
永康區,房地(土地+建物),臺南市永康區六合路42巷1~30號,0.0,住,,,1030217,土地1建物1車位0,全,2,透天厝,住家用,加強磚造,0640603,96.48,5,2,3,有,無,有,16000,166,,0.0,0,,RPRNMLNJLHJFFHR86CC
新市區,房地(土地+建物),臺南市新市區銘傳街61~90號,87.5,住,,,1030301,土地1建物1車位0,全,4,透天厝,見其他登記事項,鋼筋混凝土造,1020115,244.84,8,1,8,有,無,有,6500,27,,0.0,0,,RPSNMLOJLHJFFER76CC
新市區,房地(土地+建物),臺南市新市區銘傳街61~90號,87.5,住,,,1030301,土地1建物1車位0,全,4,透天厝,見其他登記事項,鋼筋混凝土造,1020115,244.84,8,1,8,有,無,有,7500,31,,0.0,0,,RPUNMLOJLHJFFER96CC
安南區,房地(土地+建物),臺南市安南區安中路一段699巷1~30號,13.46,住,,,1030227,土地1建物1車位0,三層,4,公寓(5樓含以下無電梯),國民住宅,鋼筋混凝土構造,0700907,98.78,3,2,2,有,無,有,3000,30,,0.0,0,套房,RPXNMLOJLHJFFBD18CC
安南區,房地(土地+建物),臺南市安南區長和路一段871~900號,121.94,住,,,1030218,土地1建物1車位0,全,2,透天厝,住家用,加強磚造,0691106,91.03,0,0,0,無,無,有,17000,187,,0.0,0,,RPOOMLOJLHJFFBD37CC
安平區,土地,金華段121~150地號,330.57,住,,,1030305,土地1建物0車位0,,,其他,,,,0.0,0,0,0,有,無,無,120000,363,,0.0,0,,RPWOMLPJLHJFFAD18CC
安平區,土地,金華段121~150地號,224.79,住,,,1030305,土地1建物0車位0,,,其他,,,,0.0,0,0,0,有,無,有,85000,378,,0.0,0,,RPXOMLPJLHJFFAD28CC
學甲區,房地(土地+建物),臺南市學甲區中山路151~180號,79.96,住,,,1030303,土地1建物1車位0,全,3,透天厝,住商用,鋼筋混凝土造,0680115,182.71,6,2,3,有,無,無,8500,47,,0.0,0,,RPTNMLPJLHJFFDR86CC
永康區,房地(土地+建物),臺南市永康區南臺街89巷1~30號,27.3,住,,,1030303,土地1建物1車位0,十二層,13,住宅大樓(11層含以上有電梯),住家用,鋼筋混凝土造,0850729,207.63,2,2,2,有,有,有,11100,53,,0.0,0,,RPUOMLQJLHJFFHR67DC
永康區,建物,臺南市永康區中華路727巷1~30號,85.65,住,,,1030302,土地0建物1車位0,三層,14,住宅大樓(11層含以上有電梯),住家用,鋼筋混凝土造,0880824,96.68,3,2,2,有,無,無,16000,165,,0.0,0,,RPRNMLQJLHJFFHR17CC
永康區,房地(土地+建物),臺南市永康區鹽信街601~630號,1175.15,工,,,1030305,土地2建物1車位0,一層,1,工廠,工業用,鋼造,0900105,431.21,0,0,0,無,無,無,125000,,,0.0,0,,RPVNMLRJLHJFFHR67CC
北區,土地,北元段901~930地號,1768.76,住,,,1030217,土地1建物0車位0,,,其他,,,,0.0,0,0,0,有,無,無,230000,130,,0.0,0,,RPWNMLRJLHJFFAD28CC
北區,房地(土地+建物),臺南市北區旭日街120巷1~30號,37.2,住,,,1030221,土地1建物1車位0,全,1,透天厝,見其他登記事項,鋼筋混凝土構造,0911115,35.29,0,0,0,無,無,無,10000,283,,0.0,0,,RPXOMLRJLHJFFAD48CC
東區,建物,臺南市東區莊敬路116巷1~30號,39.58,其他,,,1030228,土地0建物1車位0,全,5,透天厝,住商用,鋼筋混凝土構造,0780906,39.58,5,2,5,有,無,有,5000,126,,0.0,0,,RPOPMLKKLHJFFCD27CC
南區,建物,臺南市南區仁南二街1~30號,75.38,住,,,1030303,土地0建物1車位0,一層,14,住宅大樓(11層含以上有電梯),住家用,鋼筋混凝土構造,0920703,87.18,3,3,3,有,無,有,13000,149,,0.0,0,租賃契約無需填寫土地租賃面積由所有權人提供租屋資訊,RPPPMLKKLHJFFCD37CC
永康區,建物,臺南市永康區新行街121~150號,83.05,住,,,1030228,土地0建物1車位0,十層,14,住宅大樓(11層含以上有電梯),住家用,鋼筋混凝土造,0820827,91.45,3,2,2,有,無,有,13000,142,,0.0,0,,RPSPMLKKLHJFFHR96CC
佳里區,房地(土地+建物),臺南市佳里區林園街174巷1~30號,197.56,住,,,1030309,土地1建物1車位0,全,1,透天厝,住家用,見其他登記事項,0650305,71.78,1,1,1,有,無,有,5000,70,,0.0,0,,RPQNMLKKLHJFFDR78CC
永康區,土地,富強段391~420地號,146.39,住,,,1030214,土地1建物0車位0,,,其他,,,,0.0,4,0,0,有,無,有,9000,61,,0.0,0,有民情風俗因素之交易。;含增建或未登記建物。,RPTNMLLKLHJFFHR96CC
東區,建物,臺南市東區崇德路661~690號,192.0,住,,,1030310,土地0建物1車位0,全,5,透天厝,見其他登記事項,見其他登記事項,0940524,163.4,0,1,1,有,無,有,18000,110,,0.0,0,,RPSNMLLKLHJFFCD57CC
南區,建物,臺南市南區福吉四街47巷1弄1~30號,122.72,住,,,1030303,土地0建物1車位0,全,3,透天厝,住家用,加強磚造,0660101,122.72,5,3,2,有,無,有,15000,122,,0.0,0,,RPUNMLLKLHJFFCD77CC
安南區,房地(土地+建物),臺南市安南區北安路二段31~60號,100.15,住,,,1030305,土地1建物1車位0,全,4,透天厝,見其他登記事項,鋼筋混凝土構造,0950102,189.71,0,0,0,無,無,無,16000,84,,0.0,0,只租一樓,RPUNMLLKLHJFFBD67CC
安南區,房地(土地+建物),臺南市安南區安通路四段145巷1~30號,91.11,住,,,1030305,土地1建物1車位0,全,4,透天厝,住家用,鋼筋混凝土構造,1011113,274.87,5,0,3,有,無,有,8500,31,,0.0,0,套房出租,RPVNMLLKLHJFFBD77CC
新市區,房地(土地+建物),臺南市新市區中正路91~120號,93.79,其他,,,1030227,土地1建物1車位0,二層,3,其他,住商用,鋼筋混凝土造,0970701,122.61,0,0,0,無,無,無,25000,204,,0.0,0,,RPWNMLLKLHJFFER96CC
北區,房地(土地+建物),臺南市北區長榮路五段276巷1~30號,23.52,住,,,1030310,土地1建物1車位0,一層,5,公寓(5樓含以下無電梯),住家用,鋼筋混凝土構造,0740816,85.12,3,2,1,有,無,無,8300,98,,0.0,0,,RPWOMLLKLHJFFAD87CC
新市區,房地(土地+建物),臺南市新市區銘傳街61~90號,87.5,住,,,1030310,土地1建物1車位0,全,4,透天厝,見其他登記事項,鋼筋混凝土造,1020115,244.84,8,1,8,有,無,有,6500,27,,0.0,0,,RPSNMLMKLHJFFER66CC
安南區,房地(土地+建物),臺南市安南區環管北路849巷6弄1~30號,62.63,住,,,1030301,土地1建物1車位0,全,4,透天厝,見其他登記事項,鋼筋混凝土構造,0971128,262.39,3,2,5,有,無,無,30000,114,,0.0,0,,RPWNMLMKLHJFFBD97CC
東區,房地(土地+建物),臺南市東區自由路一段31~60號,89.0,住,,,1030312,土地1建物1車位0,見其他登記事項,4,店面(店鋪),見其他登記事項,鋼筋混凝土構造,1010312,209.3,5,2,3,有,無,無,22000,105,,0.0,0,,RPWNMLMKLHJFFCD08CC
南區,房地(土地+建物),臺南市南區大同路二段601~630號,440.46,住,,,1030225,土地1建物1車位0,一層,1,店面(店鋪),住家用,見其他登記事項,0560210,169.32,0,2,0,有,無,無,45000,266,,0.0,0,,RPXPMLNKLHJFFCD48CC
中西區,房地(土地+建物),臺南市中西區府前路一段301~330號,73.85,住,,,1030312,土地4建物1車位0,一層,4,店面(店鋪),住商用,鋼筋混凝土構造,0880721,61.34,0,0,0,無,無,無,22000,359,,0.0,0,,RPQOMLNKLHJFFAD47CC
新市區,房地(土地+建物),臺南市新市區中正路31~60號,80.01,住,,,1030225,土地1建物1車位0,見其他登記事項,3,店面(店鋪),住家用,鋼筋混凝土造,0781209,169.98,6,2,3,有,無,有,20000,118,,0.0,0,,RPXNMLNKLHJFFER37DC
歸仁區,房地(土地+建物),臺南市歸仁區信義北路96巷1~30號,1644.0,住,,,1030217,土地1建物1車位0,一層,7,華廈(10層含以下有電梯),住家用,鋼筋混凝土造,0841009,56.39,2,2,1,有,無,有,6500,115,,0.0,0,,RPPNMLQKLHJFFFR86CC
永康區,房地(土地+建物),臺南市永康區中華二路266巷1~30號,8.9,住,,,1030315,土地1建物1車位0,二層,2,住宅大樓(11層含以上有電梯),住商用,鋼筋混凝土造,0860128,100.72,0,2,2,有,無,無,16000,159,,0.0,0,,RPUNMLRKLHJFFHR67CC
安平區,建物,臺南市安平區健康三街12巷1~30號,6664.0,住,,,1030309,土地0建物1車位0,十四層,17,住宅大樓(11層含以上有電梯),見其他登記事項,鋼筋混凝土構造,0890822,86.44,3,2,2,有,無,有,15000,174,,0.0,0,,RPOOMLRKLHJFFAD67CC
安平區,建物,臺南市安平區建平五街241~270號,30.42,住,,,1030316,土地0建物1車位0,全,4,透天厝,住商用,鋼筋混凝土構造,0810220,197.83,6,2,4,有,無,有,28000,142,,0.0,0,,RPROMLRKLHJFFAD97CC
南區,建物,臺南市南區大同路二段121~150號,70816.0,住,,,1030315,土地0建物1車位0,三層,13,住宅大樓(11層含以上有電梯),國民住宅,鋼筋混凝土構造,0881021,96.22,3,2,2,有,無,有,13000,135,,0.0,0,,RPQOMLRKLHJFFCD08CC
南區,建物,臺南市南區健康路一段391巷1~30號,53.44,住,,,1030306,土地0建物1車位0,全,5,透天厝,住家用,鋼筋混凝土構造,0710201,61.13,2,1,1,有,無,有,4900,80,,0.0,0,,RPSOMLRKLHJFFCD28CC
東區,土地,虎尾寮段571~600地號,344.0,住,,,1030303,土地1建物0車位0,,,其他,,,,0.0,0,0,0,有,有,無,46000,134,,0.0,0,,RPVPMLSKLHJFFCD78CC
北區,房地(土地+建物),臺南市北區公園南路331~360號,22.6,住,,,1030219,土地1建物1車位0,一層,14,住宅大樓(11層含以上有電梯),見其他登記事項,鋼筋混凝土構造,0971219,135.47,0,2,2,有,有,無,35000,258,,0.0,0,,RPTOMLSKLHJFFAD28CC
永康區,房地(土地+建物),臺南市永康區新興街1~30號,8.25,住,,,1030223,土地1建物1車位0,三層,11,住宅大樓(11層含以上有電梯),住家用,鋼筋混凝土造,0880519,44.1,3,2,2,有,有,無,8500,193,,0.0,0,,RPTNMLSKLHJFFHR67CC
安平區,房地(土地+建物),臺南市安平區建平八街451~480號,10.49,住,,,1030305,土地1建物1車位0,一層,9,華廈(10層含以下有電梯),住商用,鋼筋混凝土構造,0830330,216.68,2,3,2,有,有,有,13000,60,,0.0,0,,RPQNMLTKLHJFFAD97CC
安平區,房地(土地+建物),臺南市安平區府前三街121~150號,5.94,住,,,1030319,土地1建物1車位0,三層,7,套房(1房1廳1衛),住家用,鋼筋混凝土構造,0850106,38.96,1,1,1,有,無,有,6000,154,,0.0,0,,RPWNMLKLLHJFFAD77CC
永康區,建物,臺南市永康區鹽洲二街160巷1~30號,72.54,住,,,1030307,土地0建物1車位0,十一層,12,住宅大樓(11層含以上有電梯),住家用,鋼筋混凝土造,0831101,89.18,3,2,2,有,無,有,14000,157,,0.0,0,,RPSNMLLLLHJFFHR96CC
東區,建物,臺南市東區中華東路三段361~390號,0.0,住,,,1030319,土地0建物1車位0,十八層,20,住宅大樓(11層含以上有電梯),住家用,鋼筋混凝土構造,0891128,40.15,2,2,1,有,有,有,23000,573,,0.0,0,,RPPNMLNLLHJFFCD57CC
東區,建物,臺南市東區崇德路31~60號,128.44,住,,,1030318,土地0建物1車位0,五層,7,華廈(10層含以下有電梯),住商用,鋼筋混凝土構造,0790312,138.69,2,0,1,有,無,有,16000,115,,0.0,0,,RPVOMLOLLHJFFCD38CC
北區,房地(土地+建物),臺南市北區南園街91~120號,125.0,住,,,1030322,土地1建物1車位0,全,2,透天厝,,加強磚造,0601020,66.35,0,1,1,有,無,無,16000,241,,0.0,0,,RPSOMLOLLHJFFAD87CC
永康區,建物,臺南市永康區永大路三段618巷55弄1~30號,44.28,住,,,1030312,土地0建物1車位0,全,4,透天厝,住家用,見其他登記事項,1020403,198.19,3,2,5,有,無,有,22500,114,,0.0,0,,RPTNMLOLLHJFFHR37CC
永康區,建物,臺南市永康區大仁街199巷1~30號,66.98,住,,,1030315,土地0建物1車位0,全,4,透天厝,住家用,鋼筋混凝土造,0831021,255.23,5,3,3,有,無,有,16500,65,,0.0,0,,RPWNMLOLLHJFFHR67CC
東區,房地(土地+建物),臺南市東區裕平路301~330號,112.34,住,,,1030324,土地1建物1車位0,全,5,透天厝,見其他登記事項,見其他登記事項,0940727,244.73,5,2,3,有,無,有,35000,143,,0.0,0,,RPRNMLPLLHJFFCD08DC
中西區,建物,臺南市中西區中華西路二段511~540號,56.67,住,,,1030318,土地0建物1車位0,十層,15,住宅大樓(11層含以上有電梯),見其他登記事項,見其他登記事項,1020620,60.93,2,1,1,有,無,有,30000,492,,0.0,0,,RPUNMLQLLHJFFAD18CC
中西區,建物,臺南市中西區中華西路二段511~540號,54.02,住,,,1030318,土地0建物1車位0,十三層,15,住宅大樓(11層含以上有電梯),見其他登記事項,見其他登記事項,1020620,57.3,2,1,1,有,無,有,27000,471,,0.0,0,,RPVNMLQLLHJFFAD28CC
中西區,房地(土地+建物),臺南市中西區府中街31~60號,0.0,住,,,1030322,土地1建物1車位0,三層,5,公寓(5樓含以下無電梯),住家用,鋼筋混凝土構造,0701224,64.91,3,2,1,有,無,有,7500,116,,0.0,0,,RPOQMLQLLHJFFAD87CC
東區,房地(土地+建物),臺南市東區東門路一段61~90號,0.0,住,,,1030318,土地1建物1車位0,全,2,透天厝,住商用,加強磚造,0551217,108.97,2,0,1,有,無,無,10000,92,,0.0,0,,RPUQMLQLLHJFFCD68CC
南區,房地(土地+建物),臺南市南區仁南二街1~30號,20.66,住,,,1030301,土地1建物1車位0,一層,6,華廈(10層含以下有電梯),住商用,鋼筋混凝土構造,0720905,61.14,3,2,2,有,有,有,13500,221,,0.0,0,,RPUOMLRLLHJFFCD58CC
東區,房地(土地+建物),臺南市東區東門路二段301~330號,37.26,商,,,1030310,土地1建物1車位0,全,2,透天厝,住商用,加強磚造,0611228,52.12,3,1,2,有,無,有,4000,77,,0.0,0,,RPVOMLRLLHJFFCD68CC
安平區,房地(土地+建物),臺南市安平區怡平路140巷27弄1~30號,15.28,住,,,1030326,土地1建物1車位0,四層,6,華廈(10層含以下有電梯),住家用,鋼筋混凝土構造,0810312,84.67,3,2,2,有,有,無,7000,83,,0.0,0,,RPWNMLRLLHJFFAD48CC
安平區,房地(土地+建物),臺南市安平區永華路二段691~720號,614.9,商,,,1030311,土地1建物2車位0,一層,1,店面(店鋪),見其他登記事項,見其他登記事項,1030103,614.9,0,0,0,無,無,有,190000,309,,0.0,0,,RPXNMLRLLHJFFAD58CC
安平區,房地(土地+建物),臺南市安平區建平八街61~90號,11.71,其他,,,1030318,土地1建物1車位0,十層,14,住宅大樓(11層含以上有電梯),見其他登記事項,鋼筋混凝土構造,0880816,135.46,3,2,2,有,有,有,12000,89,,0.0,0,,RPSOMLRLLHJFFAD18CC
安平區,房地(土地+建物),臺南市安平區永華路二段691~720號,83.0,其他,,,1030315,土地1建物1車位0,全,5,透天厝,住商用,鋼筋混凝土構造,0760825,245.69,5,3,4,有,無,有,20000,81,,0.0,0,,RPUOMLRLLHJFFAD38CC
安平區,建物,臺南市安平區永華六街279巷1~30號,1.0,其他,,,1030310,土地0建物1車位0,二層,,辦公商業大樓,,,,133.73,3,0,1,有,無,有,8000,60,,0.0,0,,RPVOMLRLLHJFFAD48CC
北區,房地(土地+建物),臺南市北區東豐路541~570號,69.0,其他,,,1030322,土地1建物1車位0,三層,4,店面(店鋪),住商用,鋼筋混凝土構造,0700204,184.67,1,1,3,有,無,有,22000,119,,0.0,0,,RPWOMLRLLHJFFAD58CC
永康區,房地(土地+建物),臺南市永康區復華七街32巷22弄1~30號,70.26,住,,,1030326,土地1建物1車位0,全,3,透天厝,住家用,鋼筋混凝土造,0730407,99.47,5,2,4,有,無,有,21000,211,,0.0,0,,RPWNMLRLLHJFFHR08DC
永康區,房地(土地+建物),臺南市永康區中山東路151~180號,10.73,住,,,1030301,土地1建物1車位0,七層,11,住宅大樓(11層含以上有電梯),住家用,鋼筋混凝土造,0900110,126.31,3,2,2,有,無,有,12500,99,,0.0,0,,RPQOMLRLLHJFFHR47CC
北區,房地(土地+建物),臺南市北區勝利路211~240號,12.78,住,,,1030310,土地1建物1車位0,四層,5,公寓(5樓含以下無電梯),住家用,鋼筋混凝土構造,0810813,43.44,2,2,1,有,無,無,9000,207,,0.0,0,,RPROMLSLLHJFFAD18CC
安定區,土地,六塊寮段3241~3270地號,141.0,,鄉村區,乙種建築用地,1030328,土地1建物0車位0,,,其他,,,,0.0,1,0,0,有,無,有,17000,121,,0.0,0,建物未保存登記,RPVPMLSLLHJFFER87CC
安南區,房地(土地+建物),臺南市安南區安中路一段751~780號,113.74,住,,,1030328,土地1建物1車位0,見其他登記事項,4,店面(店鋪),住商用,鋼筋混凝土構造,0791229,293.52,8,2,7,有,無,無,38000,129,,0.0,0,,RPPNMLTLLHJFFBD08CC
北區,房地(土地+建物),臺南市北區公園南路331~360號,8.14,住,,,1030307,土地2建物1車位0,十層,14,住宅大樓(11層含以上有電梯),見其他登記事項,鋼筋混凝土構造,0971219,47.57,2,1,1,有,有,有,16837,354,,0.0,0,,RPWOMLTLLHJFFAD78CC
北區,房地(土地+建物),臺南市北區公園南路370巷61~90號,6.51,住,,,1030305,土地1建物1車位0,二十六層,16,住宅大樓(11層含以上有電梯),住家用,鋼筋混凝土構造,0840912,21.15,1,0,1,有,有,有,7000,331,,0.0,0,,RPXOMLTLLHJFFAD88CC
北區,房地(土地+建物),臺南市北區公園南路361~390號,3.98,住,,,1030301,土地1建物1車位0,八層,14,住宅大樓(11層含以上有電梯),見其他登記事項,見其他登記事項,0960824,23.78,1,0,1,有,有,有,9000,378,,0.0,0,,RPOPMLTLLHJFFAD08CC
歸仁區,房地(土地+建物),臺南市歸仁區信義北路96巷1~30號,15.61,住,,,1030329,土地1建物1車位0,五層,7,華廈(10層含以下有電梯),住家用,鋼筋混凝土造,0841009,88.32,3,2,2,有,無,無,6000,68,,0.0,0,,RPQNMLTLLHJFFFR47DC
仁德區,土地,中正段61~90地號,101.69,農,,,1030325,土地2建物0車位0,,,其他,,,,0.0,0,0,0,有,無,有,12000,118,,0.0,0,建物未保存登記,RPPOMLLJMHJFFFR09CC
永康區,土地,南工段991~1020地號,116.16,住,,,1030327,土地2建物0車位0,,,其他,,,,0.0,0,0,0,有,無,無,14000,121,,0.0,0,,RPUOMLLJMHJFFHR17CC
永康區,建物,臺南市永康區勝利街1巷31~60號,0.0,住,,,1030301,土地0建物1車位0,六層,14,住宅大樓(11層含以上有電梯),住家用,鋼筋混凝土造,0830926,126.82,3,2,2,有,有,有,11000,87,,0.0,0,,RPRPMLLJMHJFFHR96CC
中西區,房地(土地+建物),臺南市中西區北門路一段123巷31~60號,0.0,住,,,1030321,土地1建物1車位0,三層,5,公寓(5樓含以下無電梯),住家用,鋼筋混凝土構造,0801228,37.85,2,1,1,有,無,有,6500,172,,0.0,0,,RPPNMLLJMHJFFAD07CC
北區,建物,臺南市北區育德一街1~30號,0.0,住,,,1030301,土地0建物1車位0,六層,10,華廈(10層含以下有電梯),見其他登記事項,鋼筋混凝土構造,0930818,100.89,2,1,1,有,有,有,16000,159,,0.0,0,,RPXOMLLJMHJFFAD97CC
善化區,房地(土地+建物),臺南市善化區胡厝寮241~270號,126.0,,鄉村區,乙種建築用地,1030401,土地1建物1車位0,全,2,透天厝,國民住宅,加強磚造,0691021,102.41,4,2,2,有,無,無,7000,68,,0.0,0,,RPSNMLLJMHJFFER56CC
東區,建物,臺南市東區仁東街1~30號,49.53,住,,,1030321,土地0建物1車位0,二層,14,住宅大樓(11層含以上有電梯),住家用,鋼筋混凝土構造,0871218,56.77,2,2,1,有,無,有,12000,211,,0.0,0,,RPPOMLMJMHJFFCD47CC
南區,建物,臺南市南區新建路22巷1~30號,9.32,住,,,1030321,土地0建物1車位0,五層,,公寓(5樓含以下無電梯),,,,9.32,3,2,2,有,無,有,6000,644,,0.0,0,,RPQOMLMJMHJFFCD57CC
南區,建物,臺南市南區大同路二段121~150號,87.26,住,,,1030322,土地0建物1車位0,十一層,13,住宅大樓(11層含以上有電梯),國民住宅,鋼筋混凝土構造,0881021,95.72,3,2,2,有,無,有,15000,157,,0.0,0,,RPUOMLMJMHJFFCD97CC
中西區,房地(土地+建物),臺南市中西區中華西路二段511~540號,12.14,住,,,1030401,土地1建物1車位0,見使用執照,15,住宅大樓(11層含以上有電梯),見其他登記事項,見其他登記事項,1020620,116.3,0,1,1,有,無,無,10000,86,,0.0,0,,RPWNMLMJMHJFFAD87CC
中西區,建物,臺南市中西區府前路一段122巷1~30號,20.44,住,,,1030401,土地0建物1車位0,三層,10,華廈(10層含以下有電梯),見其他登記事項,見其他登記事項,1021031,53.83,2,1,1,有,有,有,25000,464,,0.0,0,,RPTOMLMJMHJFFAD67CC
北區,建物,臺南市北區民德路58巷23弄1~30號,50.2,住,,,1030323,土地0建物1車位0,全,3,透天厝,住家用,鋼筋混凝土構造,0771220,163.88,6,2,4,有,無,有,17000,104,,0.0,0,,RPXOMLMJMHJFFAD08CC
仁德區,建物,臺南市仁德區德崙路241~270號,25.42,住,,,1030321,土地0建物1車位0,七層,7,華廈(10層含以下有電梯),住家用,鋼筋混凝土造,0860922,30.05,1,1,1,有,無,有,5500,183,,0.0,0,租任契約無需填寫土地租賃面積由所有權人提供租屋資訊,RPUNMLMJMHJFFFR96CC
東區,房地(土地+建物),臺南市東區中華東路二段151~180號,3.81,住,,,1030311,土地1建物1車位0,八層,14,套房(1房1廳1衛),住家用,鋼筋混凝土構造,0970229,44.32,1,0,1,有,有,有,11500,259,,0.0,0,,RPTPMLNJMHJFFCD08CC
北區,房地(土地+建物),臺南市北區和緯路一段31~60號,41.91,住,,,1030310,土地1建物1車位0,見其他登記事項,11,住宅大樓(11層含以上有電梯),見其他登記事項,鋼筋混凝土構造,0930329,167.4,1,2,2,有,有,無,15000,90,,0.0,0,,RPQOMLRJMHJFFAD87CC
北區,房地(土地+建物),臺南市北區和緯路一段91~120號,44.26,住,,,1030329,土地1建物1車位0,見其他登記事項,11,住宅大樓(11層含以上有電梯),見其他登記事項,鋼筋混凝土構造,0911115,170.23,1,2,2,有,有,無,15000,88,,0.0,0,,RPROMLRJMHJFFAD97CC
永康區,土地,鹽東段451~480地號,1484.29,其他,,,1030401,土地1建物0車位0,,,其他,,,,0.0,0,0,0,有,無,無,67350,45,,0.0,0,,RPPOMLRJMHJFFHR27CC
永康區,建物,臺南市永康區正南五街289巷31~60號,56.9,住,,,1030326,土地0建物1車位0,二層,7,華廈(10層含以下有電梯),住商用,鋼筋混凝土造,0821228,66.8,3,1,1,有,無,有,9000,135,,0.0,0,,RPROMLRJMHJFFHR47CC
東區,房地(土地+建物),臺南市東區富農街一段91~120號,73.22,住,,,1030310,土地1建物1車位0,全,5,透天厝,住家用,鋼筋混凝土構造,0810508,189.52,4,2,4,有,無,無,18000,95,,0.0,0,,RPROMLSJMHJFFCD28CC
善化區,房地(土地+建物),臺南市善化區光文路1~30號,122.19,住,,,1030401,土地1建物1車位0,全,3,透天厝,住家用,見其他登記事項,0700727,156.15,23,1,1,有,無,有,4500,29,,0.0,0,,RPVNMLSJMHJFFER57CC
善化區,房地(土地+建物),臺南市善化區光文路1~30號,122.19,住,,,1030315,土地1建物1車位0,全,3,透天厝,住家用,見其他登記事項,0700727,156.15,23,23,23,有,無,有,5000,32,,0.0,0,,RPWNMLSJMHJFFER67CC
東區,房地(土地+建物),臺南市東區長榮路一段1~30號,6.57,住,,,1030401,土地1建物1車位0,三層,14,住宅大樓(11層含以上有電梯),住家用,鋼筋混凝土構造,0991213,234.23,4,2,2,有,無,有,37000,158,,0.0,0,,RPVOMLTJMHJFFCD78CC
北區,房地(土地+建物),臺南市北區臨安路二段241~270號,79.8,商,,,1030409,土地1建物1車位0,見其他登記事項,4,店面(店鋪),住商用,鋼筋混凝土構造,0701228,237.54,6,2,4,有,無,無,23000,97,,0.0,0,,RPPNMLTJMHJFFAD87CC
北區,房地(土地+建物),臺南市北區臨安路二段241~270號,17.0,住,,,1030407,土地1建物1車位0,十八層,22,住宅大樓(11層含以上有電梯),見其他登記事項,鋼筋混凝土構造,0890406,201.75,4,2,2,有,無,無,25910,128,,0.0,0,,RPVNMLTJMHJFFAD48CC
北區,土地,仁愛段421~450地號,208.0,商,,,1030318,土地1建物0車位0,,,其他,,,,0.0,0,0,0,有,無,有,20000,96,,0.0,0,,RPOOMLTJMHJFFAD87CC
新市區,房地(土地+建物),臺南市新市區永華三街1~30號,43.75,,特定專用區,甲種建築用地,1030331,土地1建物1車位0,五層,8,華廈(10層含以下有電梯),住家用,鋼筋混凝土造,0860825,134.21,3,2,2,有,有,有,8000,60,,0.0,0,售價包含裝潢或家電。;租賃範圍含車位，且無法區分車位面積。,RPXNMLTJMHJFFER97DC
安平區,土地,金華段61~90地號,2339.0,住,,,1030321,土地6建物0車位0,,,其他,,,,0.0,0,0,0,有,無,無,250000,107,,0.0,0,,RPSNMLKKMHJFFAD37CC
安平區,房地(土地+建物),臺南市安平區育平四街31~60號,11.66,其他,,,1030406,土地1建物1車位0,一層,17,住宅大樓(11層含以上有電梯),住商用,鋼筋混凝土構造,0850907,105.71,1,2,2,有,無,有,12000,114,,0.0,0,,RPXNMLKKMHJFFAD87CC
安平區,房地(土地+建物),臺南市安平區永華路二段691~720號,243.53,商,,,1030403,土地1建物1車位0,一層,1,店面(店鋪),見其他登記事項,見其他登記事項,1030103,243.53,0,0,0,無,無,無,105000,431,,0.0,0,,RPPOMLKKMHJFFAD17CC
中西區,建物,臺南市中西區忠義路二段211~240號,0.0,商,,,1030401,土地0建物1車位0,全,3,透天厝,住商用,加強磚造,0580131,70.41,2,1,1,有,無,有,12000,170,,0.0,0,,RPTOMLKKMHJFFAD57CC
中西區,建物,臺南市中西區五妃街309巷1~30號,0.0,住,,,1030325,土地0建物1車位0,五層,5,公寓(5樓含以下無電梯),住家用,鋼筋混凝土構造,0730626,143.04,4,2,2,有,無,有,11000,77,,0.0,0,,RPUOMLKKMHJFFAD67CC
安平區,建物,臺南市安平區平通路331~360號,90.6,商,,,1030327,土地0建物1車位0,七層,10,華廈(10層含以下有電梯),住家用,鋼筋混凝土構造,0820701,97.38,4,2,2,有,無,有,10000,103,,0.0,0,,RPVOMLKKMHJFFAD77CC
東區,建物,臺南市東區崇明十一街1~30號,0.0,住,,,1030401,土地0建物1車位0,全,3,透天厝,住商用,鋼筋混凝土構造,0750808,116.83,0,1,1,有,無,無,15000,128,,0.0,0,1.租賃契約書無填寫土地租賃面積。2.由所有權人提供租屋資訊。3.租賃樓層為1~2樓。,RPQOMLKKMHJFFCD47CC
東區,建物,臺南市東區勝利路31~60號,78.4,住,,,1030325,土地0建物1車位0,全,4,透天厝,住商用,鋼筋混凝土構造,0721103,356.01,25,0,7,有,無,有,50000,140,,0.0,0,,RPWOMLKKMHJFFCD08CC
南區,建物,臺南市南區大同路二段164巷5弄1~30號,0.0,住,,,1030331,土地0建物1車位0,見其他登記事項,13,住宅大樓(11層含以上有電梯),住商用,鋼筋混凝土構造,0881021,107.94,2,2,2,有,有,無,10000,93,,0.0,0,,RPPQMLKKMHJFFCD57CC
東區,建物,臺南市東區崇明路931~960號,0.0,住,,,1030320,土地0建物1車位0,全,5,透天厝,見其他登記事項,鋼筋混凝土構造,0960626,153.26,2,2,1,有,無,有,25000,163,,0.0,0,,RPUNMLLKMHJFFCD87CC
東區,建物,臺南市東區凱旋路1~30號,0.0,住,,,1030321,土地0建物1車位0,一層,10,華廈(10層含以下有電梯),商業用,鋼筋混凝土構造,0780419,44.9,0,0,1,有,有,無,13500,301,,0.0,0,,RPVNMLLKMHJFFCD97CC
安平區,建物,臺南市安平區建平七街661~690號,98.05,住,,,1030331,土地0建物1車位0,一層,12,住宅大樓(11層含以上有電梯),商業用,鋼筋混凝土構造,0830914,113.26,0,0,0,無,無,無,46000,406,,0.0,0,,RPSNMLLKMHJFFAD47CC
中西區,建物,臺南市中西區忠義路二段181~210號,133.79,住,,,1030401,土地0建物1車位0,全,3,透天厝,住商用,加強磚造,0510101,79.07,0,0,0,無,無,無,28000,354,,0.0,0,,RPSOMLLKMHJFFAD57CC
仁德區,建物,臺南市仁德區文華路三段428巷53弄1~30號,0.0,工,,,1030313,土地0建物1車位0,一層,1,廠辦,工業用,見其他登記事項,1020729,158.52,0,0,1,有,無,無,30000,189,,0.0,0,1.租賃契約書無填寫土地租賃面積。2.由所有權人提供租屋資訊。,RPWNMLLKMHJFFFR17CC
永康區,建物,臺南市永康區南工街267巷31~60號,0.0,住,,,1030317,土地0建物1車位0,十一層,11,住宅大樓(11層含以上有電梯),住家用,鋼筋混凝土造,0860926,67.46,3,2,2,有,有,有,7000,104,,0.0,0,,RPTNMLLKMHJFFHR07CC
佳里區,房地(土地+建物),臺南市佳里區光華街217巷1~30號,119.78,住,,,1030412,土地1建物1車位0,全,2,透天厝,住家用,加強磚造,0750725,138.64,5,2,2,有,無,無,9000,65,,0.0,0,,RPPNMLMKMHJFFDR98CC
東區,房地(土地+建物),臺南市東區莊敬路91~120號,23.49,住,,,1030328,土地1建物1車位0,三層,9,華廈(10層含以下有電梯),住商用,鋼筋混凝土構造,0860326,111.95,3,2,3,有,無,無,18000,161,,0.0,0,租1~3F,RPUOMLOKMHJFFCD28CC
東區,房地(土地+建物),臺南市東區中華東路三段399巷29弄1~30號,0.0,住,,,1030331,土地1建物1車位0,四層,9,華廈(10層含以下有電梯),住家用,鋼筋混凝土構造,0880706,96.74,3,2,2,有,無,無,15000,155,,0.0,0,,RPPNMLPKMHJFFCD77CC
東區,房地(土地+建物),臺南市東區東安路48巷31~60號,0.0,住,,,1030408,土地1建物1車位0,三層,3,公寓(5樓含以下無電梯),住家用,鋼筋混凝土構造,0750612,92.35,4,1,2,有,無,有,16000,173,,0.0,0,,RPQNMLPKMHJFFCD87CC
南區,房地(土地+建物),臺南市南區鹽?路291巷60弄1~30號,53.54,住,,,1030411,土地1建物1車位0,全,2,透天厝,住家用,加強磚造,0621231,77.04,4,2,3,有,無,無,11000,143,,0.0,0,,RPSNMLPKMHJFFCD18DC
東區,房地(土地+建物),臺南市東區府連東路31~60號,139.0,住,,,1030328,土地1建物1車位0,一層,1,店面(店鋪),見其他登記事項,鋼筋混凝土構造,0930917,139.0,0,0,0,無,無,有,91023,655,,0.0,0,,RPTNMLQKMHJFFCD28CC
南區,建物,臺南市南區大同路二段406巷12弄1~30號,74.73,住,,,1030402,土地0建物1車位0,二層,5,公寓(5樓含以下無電梯),住家用,鋼筋混凝土構造,0710217,86.05,3,1,2,有,無,有,12000,139,,0.0,0,,RPWNMLQKMHJFFCD58CC
安平區,建物,臺南市安平區慶平路511~540號,47.1,商,,,1030403,土地0建物1車位0,十七層,24,住宅大樓(11層含以上有電梯),見其他登記事項,鋼筋混凝土構造,0880211,50.47,3,2,2,有,無,有,13000,258,,0.0,0,,RPSNMLQKMHJFFAD97CC
中西區,建物,臺南市中西區南門路241~270號,59.5,住,,,1030409,土地0建物1車位0,二層,5,店面(店鋪),見其他登記事項,鋼筋混凝土構造,0770315,219.15,0,0,0,無,無,無,35000,160,,0.0,0,,RPXNMLQKMHJFFAD48CC
安平區,房地(土地+建物),臺南市安平區文平路181~210號,17.12,住,,,1030317,土地1建物1車位0,十六層,21,住宅大樓(11層含以上有電梯),見其他登記事項,鋼筋混凝土構造,0960815,217.19,2,2,2,有,無,有,48000,221,,0.0,0,,RPPOMLQKMHJFFAD77CC
北區,建物,臺南市北區北園街1~30號,0.0,商,,,1030308,土地0建物1車位0,四層,14,住宅大樓(11層含以上有電梯),見其他登記事項,鋼筋混凝土構造,0870420,68.41,2,1,1,有,有,有,9000,132,,0.0,0,,RPWOMLRKMHJFFAD58CC
北區,建物,臺南市北區北成路391~420號,0.0,住,,,1030308,土地0建物1車位0,十層,14,住宅大樓(11層含以上有電梯),見其他登記事項,鋼筋混凝土構造,0990406,112.35,2,2,1,有,有,有,19000,169,,0.0,0,,RPXOMLRKMHJFFAD68CC
安平區,建物,臺南市安平區文平路181~210號,0.0,商,,,1030405,土地0建物1車位0,二十一層,21,住宅大樓(11層含以上有電梯),見其他登記事項,鋼筋混凝土構造,0960815,432.85,4,2,2,有,有,有,68000,157,,0.0,0,,RPOPMLRKMHJFFAD87CC
東區,建物,臺南市東區東門路一段267巷1~30號,43.5,商,,,1030408,土地0建物1車位0,全,3,透天厝,住家用,磚造,0520101,43.5,0,0,0,無,無,有,26000,598,,0.0,0,,RPTOMLRKMHJFFCD48CC
東區,建物,臺南市東區崇德路781~810號,0.0,住,,,1030315,土地0建物1車位0,七層,8,華廈(10層含以下有電梯),住家用,鋼筋混凝土構造,0860729,159.58,4,2,2,有,有,有,12000,75,,0.0,0,,RPWOMLRKMHJFFCD78CC
新市區,房地(土地+建物),臺南市新市區大營121~150號,88.0,,特定農業區,甲種建築用地,1030410,土地1建物1車位0,全,4,透天厝,住商用,鋼筋混凝土造,0870812,207.41,5,2,3,有,無,無,16000,77,,0.0,0,,RPPOMLRKMHJFFER07CC
永康區,建物,臺南市永康區東橋二街71巷61~90號,138.6,住,,,1030409,土地0建物1車位0,全,4,透天厝,住家用,見其他登記事項,1000601,350.9,4,3,5,有,無,有,55000,157,,0.0,0,,RPWNMLRKMHJFFHR97CC
永康區,建物,臺南市永康區東橋八街1~30號,0.0,住,,,1030304,土地0建物1車位0,全,4,透天厝,見其他登記事項,鋼筋混凝土造,0980317,243.16,3,3,4,有,無,無,28000,115,,0.0,0,1.合約書無填具土地租賃面積.2.由所有權人提供出租資訊3.租金以包含平面式車位,RPOOMLRKMHJFFHR27CC
東區,房地(土地+建物),臺南市東區崇明路121~150號,13.02,住,,,1030401,土地1建物1車位0,一層,16,店面(店鋪),住商用,鋼筋混凝土構造,0850203,135.75,2,1,2,有,無,無,23000,169,,0.0,0,,RPPNMLSKMHJFFCD18DC
東區,房地(土地+建物),臺南市東區中華東路二段151~180號,2.96,住,,,1030401,土地1建物1車位0,十四層,14,套房(1房1廳1衛),住家用,鋼筋混凝土構造,0970229,34.2,1,0,1,有,有,有,7000,205,,0.0,0,,RPOOMLSKMHJFFCD08CC
東區,房地(土地+建物),臺南市東區長榮路二段86巷1~30號,0.0,住,,,1030415,土地1建物1車位0,全,2,透天厝,住家用,加強磚造,0621017,58.42,3,1,3,有,無,無,12000,205,,0.0,0,,RPVOMLSKMHJFFCD78CC
北區,房地(土地+建物),臺南市北區北安路一段142巷1~30號,0.0,住,,,1030414,土地1建物1車位0,全,3,透天厝,住商用,鋼筋混凝土構造,0821228,236.39,4,1,5,有,無,無,21666,92,,0.0,0,,RPSOMLSKMHJFFAD28CC
北區,建物,臺南市北區大興街96巷31~60號,0.0,住,,,1030316,土地0建物1車位0,全,3,透天厝,住工用,鋼筋混凝土構造,0760423,139.89,0,1,1,有,無,無,15000,107,,0.0,0,,RPOOMLTKMHJFFAD97CC
北區,建物,臺南市北區北成路391~420號,0.0,住,,,1030316,土地0建物1車位0,六層,14,住宅大樓(11層含以上有電梯),見其他登記事項,鋼筋混凝土構造,0990406,51.22,1,1,1,有,有,有,14000,273,,0.0,0,,RPPOMLTKMHJFFAD08CC
安平區,建物,臺南市安平區郡平路331~360號,0.0,商,,,1030324,土地0建物1車位0,十一層,12,住宅大樓(11層含以上有電梯),住家用,鋼筋混凝土構造,0840620,102.0,3,2,2,有,有,有,11000,108,,0.0,0,,RPQOMLTKMHJFFAD18CC
永康區,建物,臺南市永康區中華路7巷20弄31~60號,0.0,住,,,1030401,土地0建物1車位0,十七層,17,住宅大樓(11層含以上有電梯),住家用,鋼筋混凝土造,0840407,116.38999999999999,3,2,2,有,有,有,18000,155,,0.0,0,1.合約書無填具土地租賃面積.2.由所有權人提供出租資訊3.租金以包含平面車位,RPTNMLTKMHJFFHR87CC
永康區,建物,臺南市永康區永大路三段618巷31~60號,0.0,住,,,1030325,土地0建物1車位0,全,4,透天厝,見其他登記事項,見其他登記事項,1020403,256.62,5,2,6,有,無,無,32000,125,,0.0,0,1.合約書無填具土地租賃面積.2.由所有權人提供出租資訊3.租金以包含平面車位,RPVNMLTKMHJFFHR08CC
永康區,建物,臺南市永康區文賢街356巷1~30號,0.0,住,,,1030326,土地0建物1車位0,全,4,透天厝,住家用,見其他登記事項,1020318,183.38,5,2,3,有,無,無,25000,136,,0.0,0,,RPOOMLTKMHJFFHR47CC
新營區,房地(土地+建物),臺南市新營區新進路61~90號,28.09,住,,,1030411,土地1建物1車位0,全,3,透天厝,住商用,鋼筋混凝土造,0870903,156.61,0,0,0,無,無,有,12000,77,,0.0,0,,RPTNMLLLMHJFFAR09CC
新營區,房地(土地+建物),臺南市新營區中山路31~60號,122.01,商,,,1030410,土地1建物1車位0,見其他登記事項,4,店面(店鋪),見其他登記事項,鋼筋混凝土造,0660703,384.24,12,2,4,有,無,無,15000,39,,0.0,0,,RPUNMLLLMHJFFAR56CC
善化區,房地(土地+建物),臺南市善化區成功路151~180號,86.0,住,,,1030419,土地1建物1車位0,一層,4,其他,住商用,鋼筋混凝土造,0960123,48.35,0,0,0,無,無,無,5000,103,,0.0,0,,RPRNMLLLMHJFFER66CC
安定區,房地(土地+建物),臺南市安定區許中營61~90號,100.31,,鄉村區,乙種建築用地,1030410,土地1建物1車位0,全,3,透天厝,見其他登記事項,鋼筋混凝土造,0940221,189.89,4,3,4,有,無,有,15000,79,,0.0,0,,RPQNMLMLMHJFFER66CC
北區,房地(土地+建物),臺南市北區北園街99巷31~60號,0.0,住,,,1030418,土地1建物1車位0,全,3,透天厝,住家用,鋼筋混凝土構造,0650825,115.05,4,1,4,有,無,有,12000,104,,0.0,0,,RPSOMLMLMHJFFAD77CC
中西區,建物,臺南市中西區永福路一段1~30號,40.99,住,,,1030411,土地0建物1車位0,全,4,透天厝,住商用,鋼筋混凝土構造,0660713,54.56,0,0,1,有,無,有,13000,238,,0.0,0,,RPXOMLMLMHJFFAD28CC
北區,建物,臺南市北區公園南路370巷31~60號,70.14,住,,,1030413,土地0建物1車位0,十三層,18,住宅大樓(11層含以上有電梯),住家用,鋼筋混凝土構造,0840912,77.75,3,2,2,有,無,有,15000,193,,0.0,0,,RPQPMLMLMHJFFAD67CC
北區,建物,臺南市北區開元路66巷1~30號,78.49,住,,,1030411,土地0建物1車位0,四層,5,公寓(5樓含以下無電梯),住家用,鋼筋混凝土構造,0700529,83.31,3,2,1,有,無,有,9000,108,,0.0,0,,RPRPMLMLMHJFFAD77CC
中西區,建物,臺南市中西區民權路二段271~300號,190.28,商,,,1030415,土地0建物1車位0,全,3,透天厝,商業用,磚造,0400101,161.31,0,1,1,有,無,有,40000,248,,0.0,0,,RPSPMLMLMHJFFAD87CC
永康區,建物,臺南市永康區中華西街122巷31~60號,66.91,住,,,1030409,土地0建物1車位0,一層,7,華廈(10層含以下有電梯),住家用,鋼筋混凝土造,0820913,73.59,3,1,2,有,無,有,10500,143,,0.0,0,,RPPOMLMLMHJFFHR96CC
北區,建物,臺南市北區勝利路421~450號,0.0,住,,,1030412,土地0建物0車位0,全,4,透天厝,見其他登記事項,見其他登記事項,0921003,62.81,0,1,1,有,無,無,19000,302,,0.0,0,,RPXOMLNLMHJFFAD38CC
南區,土地,興農段181~210地號,1520.12,其他,,,1030415,土地1建物0車位0,,,其他,,,,0.0,0,0,0,有,無,無,70000,46,,0.0,0,,RPWOMLNLMHJFFCD48CC
仁德區,房地(土地+建物),臺南市仁德區忠義一街31~60號,2264.86,工,,,1030414,土地2建物3車位0,見其他登記事項,3,廠辦,工業用,見其他登記事項,0891110,3556.63,0,0,0,無,無,無,255000,72,,0.0,0,,RPOOMLOLMHJFFFR86CC
仁德區,建物,臺南市仁德區文心路31~60號,41.41,商,,,1030416,土地0建物1車位0,全,4,透天厝,住商用,鋼筋混凝土造,0910503,181.32,5,2,4,有,無,有,20000,110,,0.0,0,1.租?契約無需填寫土地租任面積2.由所有權人提供租資訊,RPSOMLPLMHJFFFR37CC
仁德區,土地,崁腳段391~420地號,172.0,農,,,1030423,土地2建物0車位0,,,其他,,,,0.0,0,0,0,有,無,無,7000,41,,0.0,0,,RPTOMLPLMHJFFFR47CC
安南區,房地(土地+建物),臺南市安南區公學路五段697巷151~180號,12.55,住,,,1030423,土地1建物1車位0,一層,12,住宅大樓(11層含以上有電梯),住家用,鋼筋混凝土造,0870814,54.49,2,2,1,有,有,有,6000,110,,0.0,0,,RPSNMLPLMHJFFBD08CC
佳里區,房地(土地+建物),臺南市佳里區四維二街222巷1~30號,111.62,住,,,1030425,土地1建物1車位0,全,4,透天厝,住家用,鋼筋混凝土造,0931029,210.34,4,2,3,有,無,無,10000,48,,0.0,0,,RPPNMLQLMHJFFDR86CC
東區,房地(土地+建物),臺南市東區崇明十一街1~30號,83.0,住,,,1030427,土地1建物1車位0,見其他登記事項,3,店面(店鋪),住商用,鋼筋混凝土構造,0750808,198.94,6,3,4,有,無,無,33333,168,,0.0,0,,RPVNMLSLMHJFFCD88DC
東區,建物,臺南市東區崇明路511~540號,33.96,住,,,1030418,土地0建物1車位0,全,4,透天厝,見其他登記事項,鋼筋混凝土構造,0951222,279.5,4,2,3,有,無,有,45000,161,,0.0,0,,RPOOMLSLMHJFFCD18CC
安平區,建物,臺南市安平區建平七街811~840號,53.27,住,,,1030418,土地0建物1車位0,三層,6,華廈(10層含以下有電梯),住家用,鋼筋混凝土造,0811123,62.06,3,1,1,有,無,有,10000,161,,0.0,0,,RPSOMLSLMHJFFAD38CC
安平區,建物,臺南市安平區慶平路181~210號,0.0,商,,,1030327,土地0建物1車位0,七層,13,套房(1房1廳1衛),住家用,鋼筋混凝土造,0841024,37.18,1,1,1,有,有,有,8000,215,,0.0,0,,RPSOMLTLMHJFFAD48CC
東區,房地(土地+建物),臺南市東區中華東路三段399巷1~30號,4654.0,其他,,,1030417,土地1建物1車位0,一層,20,住宅大樓(11層含以上有電梯),住商用,鋼筋混凝土構造,0891128,89.24,2,2,2,有,無,無,22000,247,,0.0,0,,RPVNMLTLMHJFFCD88CC
南區,建物,臺南市南區鹽埕路291巷14弄61~90號,44.59,住,,,1030417,土地0建物1車位0,全,2,透天厝,住家用,加強磚造,0610311,44.59,1,1,1,有,無,有,5000,112,,0.0,0,,RPPOMLTLMHJFFCD38CC
東區,房地(土地+建物),臺南市東區東門路二段451~480號,90.0,住,,,1030314,土地1建物1車位0,全,4,透天厝,住商用,鋼筋混凝土構造,0680821,229.56,5,2,3,有,無,無,60000,261,,0.0,0,,RPPNMLTLMHJFFCD38DC
佳里區,房地(土地+建物),臺南市佳里區佳東路511~540號,86.0,住,,,1030429,土地1建物1車位0,全,4,透天厝,見其他登記事項,鋼筋混凝土造,1010808,211.02,4,2,4,有,無,無,20000,95,,0.0,0,,RPRNMLTLMHJFFDR37CC
永康區,建物,臺南市永康區大橋二街239巷22弄1~30號,0.0,住,,,1030402,土地0建物1車位0,全,2,透天厝,住家用,加強磚造,0730116,105.0,4,2,2,有,無,有,13000,124,,0.0,0,,RPWNMLTLMHJFFHR28CC
永康區,建物,臺南市永康區中山南路262巷1~30號,0.0,住,,,1030403,土地0建物1車位0,十層,15,住宅大樓(11層含以上有電梯),住家用,鋼筋混凝土造,0841204,59.18,1,1,1,有,有,有,9500,161,,0.0,0,1.合約書無填具土地租賃面積.2.由所有權人提供出租資訊3.租金以包含機械式車位,RPXNMLTLMHJFFHR38CC
永康區,建物,臺南市永康區新行街151~180號,0.0,住,,,1030406,土地0建物1車位0,全,4,透天厝,住商用,鋼筋混凝土造,0840125,218.37,6,2,4,有,無,有,16000,73,,0.0,0,,RPPOMLTLMHJFFHR67CC
永康區,建物,臺南市永康區鹽洲二街121~150號,0.0,住,,,1030409,土地0建物1車位0,全,4,透天厝,住商用,鋼筋混凝土造,0820226,211.86,5,2,6,有,無,有,27000,127,,0.0,0,,RPQOMLTLMHJFFHR77CC
永康區,房地(土地+建物),臺南市永康區中華路541~570號,118.38,住,,,1030421,土地1建物1車位0,三層,3,套房(1房1廳1衛),見其他登記事項,見其他登記事項,1020625,17.0,1,0,1,有,無,有,5000,294,,0.0,0,,RPUOMLKMMHJFFHR37CC
南區,建物,臺南市南區新建路53巷1~30號,76.54,住,,,1030419,土地0建物1車位0,一層,5,公寓(5樓含以下無電梯),國民住宅,鋼筋混凝土構造,0711210,87.02,3,2,1,有,無,有,10000,115,,0.0,0,,RPSNMLKMMHJFFCD77CC
東區,建物,臺南市東區中華東路三段541~570號,0.0,商,,,1030401,土地0建物1車位0,四層,5,公寓(5樓含以下無電梯),住家用,鋼筋混凝土構造,0821224,50.76,2,1,1,有,有,有,8500,167,,0.0,0,,RPPPMLKMMHJFFCD67CC
安南區,房地(土地+建物),臺南市安南區鹽田六街61~90號,136.58,住,,,1030430,土地1建物1車位0,全,4,透天厝,住家用,鋼筋混凝土造,0950403,230.74,5,2,3,有,無,無,21250,92,,0.0,0,,RPWOMLKMMHJFFBD18CC
安南區,房地(土地+建物),臺南市安南區鹽田六街61~90號,110.56,住,,,1030430,土地1建物1車位0,全,4,透天厝,住家用,鋼筋混凝土造,0950403,228.16,5,2,4,有,無,無,21250,93,,0.0,0,,RPXOMLKMMHJFFBD28CC
安南區,房地(土地+建物),臺南市安南區鹽田六街61~90號,110.99,住,,,1030430,土地1建物1車位0,全,4,透天厝,住家用,鋼筋混凝土造,0950403,228.16,4,2,4,有,無,無,21250,93,,0.0,0,,RPOPMLKMMHJFFBD47CC
安平區,建物,臺南市安平區育平九街372巷189弄1~30號,55.52,住,,,1030420,土地0建物1車位0,五層,6,華廈(10層含以下有電梯),住家用,鋼筋混凝土造,0830518,63.37,3,1,2,有,無,有,10000,158,,0.0,0,,RPWNMLKMMHJFFAD97CC
