﻿編號,土地區段位置,土地移轉面積平方公尺,使用分區或編定
The serial number,land sector position,land shifting area square meter,the use zoning or compiles and checks
RPQOMLPJKHJFFEE97CC,新庄段十三小段,8.40,都市：商
RPWOMLPJKHJFFIE98CC,仁龍段,330.58,非都市：一般農業區 ; 非都市編定：農牧用地
RPXQMLPJKHJFFGE09CC,福誠段,24.27,都市：住
RPSOMLPJKHJFFIE58CC,新赤山段,963.21,都市：住
RPPOMLPJKHJFFDE77CC,灣和段,12.00,都市：其他
RPSNMLPJKHJFFAE67CC,鹽府段,36.29,都市：商
RPQOMLPJKHJFFIE38CC,灣勢段,330.58,都市：農
RPPOMLPJKHJFFAE47CC,龍華段八小段,15.05,都市：住
RPXOMLPJKHJFFIE09CC,長庚段,165.29,都市：農
RPPOMLPJKHJFFIE28CC,興工段,11.44,都市：其他
RPTOMLPJKHJFFAE87CC,青海段,14.96,都市：住
RPVOMLQJKHJFFGE88DC,埤頂段,109.86,都市：住
RPSOMLPJKHJFFLE88CC,山子頂段,826.45,都市：農
RPPNMLRJKHJFFDE87CC,大順段,.00,都市：住
RPVNMLRJKHJFFBE28CC,林德官段二小段,66.00,都市：住
RPWNMLRJKHJFFBE38CC,苓東段,93.00,都市：商
RPVNMLQJKHJFFBE18CC,意誠段,.00,都市：商
RPPOMLQJKHJFFBE67CC,意誠段,.00,都市：商
RPUNMLQJKHJFFBE08CC,意誠段,.00,都市：商
RPQOMLQJKHJFFCE87CC,獅甲段二小段,16.48,都市：住
RPQNMLSJKHJFFBE87CC,意誠段,6.77,都市：其他
RPPNMLSJKHJFFAE67CC,龍華段八小段,11.24,都市：其他
RPRNMLSJKHJFFEE28CC,新庄段八小段,25.64,都市：其他
RPWNMLKKKHJFFEE18DC,和平段六小段,81.00,都市：住
RPUNMLKKKHJFFBE57CC,成功段,1580.00,都市：商
RPSNMLKKKHJFFAE27CC,內惟段七小段,74.00,都市：住
RPUNMLKKKHJFFAE47CC,龍中段,15.05,都市：住
RPPNMLLKKHJFFBE17CC,過田子段,.00,非都市： ; 非都市編定：
RPPNMLLKKHJFFBE17CC,過田子段,.00,非都市： ; 非都市編定：
RPWNMLQJKHJFFBE28CC,意誠段,.00,都市：商
RPOOMLQJKHJFFBE57CC,意誠段,.00,都市：商
RPUNMLRJKHJFFAE08CC,鹽壽段,3.00,都市：其他
RPTNMLKKKHJFFDE67CC,鼎金段,32.93,都市：住
RPVNMLLKKHJFFBE77CC,苓洲段,104.22,都市：商
RPRNMLLKKHJFFBE37CC,意誠段,.00,都市：商
RPOOMLLKKHJFFEE47CC,新福段九小段,14.87,都市：其他
RPRNMLKKKHJFFDE47CC,中都段四小段,29.22,都市：住
RPSNMLLKKHJFFDE67CC,建豐段,77.00,都市：商
RPRNMLLKKHJFFCE47CC,光華段一小段,.00,都市：住
RPVNMLLKKHJFFCE87CC,憲德段二小段,.00,都市：商
RPQQMLLKKHJFFEE87CC,新光段,.00,都市：住
RPQQMLLKKHJFFEE87CC,新光段,.00,都市：住
RPXNMLMKKHJFFEE38CC,新庄段三小段,.00,非都市： ; 非都市編定：
RPSOMLLKKHJFFDE77CC,建民段,.00,都市：商
RPUNMLLKKHJFFDE87CC,覆鼎金段覆鼎金小段,.00,都市：住
RPUNMLLKKHJFFDE87CC,覆鼎金段覆鼎金小段,.00,都市：住
RPRQMLNKKHJFFGE38CC,青年段,18.73,都市：住
RPROMLNKKHJFFAE57CC,前金段,13.67,都市：商
RPRQMLOKKHJFFEE28CC,福山段,13.87,都市：商
RPVNMLMKKHJFFFE28CC,橋南段,86.00,都市：商
RPPOMLOKKHJFFAE47CC,青海段,15.09,都市：其他
RPTOMLOKKHJFFEE28CC,福民段,364.61,都市：其他
RPWNMLMKKHJFFFE38CC,下竹圍段,98.10,都市：住
RPTOMLNKKHJFFBE87CC,意誠段,.00,都市：商
RPPNMLRKKHJFFGE28CC,五甲段,4.80,都市：住
RPQPMLRKKHJFFGE58CC,新庄子段,11.00,都市：住
RPRPMLRKKHJFFGE68CC,新庄子段,11.00,都市：住
RPPPMLRKKHJFFGE48CC,新甲段,120.00,都市：住
RPPPMLRKKHJFFGE48CC,新甲段,331.00,都市：住
RPTPMLRKKHJFFGE88CC,新甲段,11.98,都市：其他
RPROMLRKKHJFFCE18CC,店鎮段二小段,29.28,都市：住
RPXNMLMKKHJFFFE48CC,下竹圍段,98.10,都市：住
RPUNMLRKKHJFFAE18CC,龍水段一小段,20.72,都市：住
RPTNMLSKKHJFFBE28CC,新興段四小段,94.21,都市：商
RPTNMLSKKHJFFBE28CC,新興段四小段,3.32,都市：其他
RPQNMLSKKHJFFBE97CC,林德官段二小段,.00,都市：住
RPUNMLRKKHJFFBE28CC,林德官段一小段,33.00,都市：商
RPUNMLRKKHJFFBE28CC,林德官段一小段,51.00,都市：商
RPPPMLRKKHJFFAE87CC,龍中段,11.94,都市：其他
RPUNMLSKKHJFFCE48CC,獅甲段,.97,都市：商
RPOOMLSKKHJFFDE08CC,河濱段,.00,都市：住
RPOOMLSKKHJFFDE08CC,河濱段,.00,都市：住
RPPNMLSKKHJFFIE58CC,澄合段,1195.14,都市：住
RPWNMLSKKHJFFDE78CC,灣華段,3.21,都市：住
RPUNMLSKKHJFFDE58CC,澄義段,86.15,都市：住
RPTPMLSKKHJFFCE58CC,二苓段,99.00,都市：商
RPTPMLSKKHJFFCE58CC,二苓段,100.00,都市：商
RPXOMLSKKHJFFDE98CC,灣子內段寶珠溝小段,22.32,都市：商
RPTOMLSKKHJFFEE68CC,藍田東段,80.36,都市：其他
RPRNMLSKKHJFFAE97CC,青海段,.00,都市：住
RPTNMLTKKHJFFCE48CC,瑞隆段四小段,70.00,都市：商
RPPNMLSKKHJFFAE77CC,大勇段,94.00,都市：商
RPSOMLTKKHJFFGE88CC,五甲段,25.77,都市：住
RPOOMLTKKHJFFCE08CC,獅甲段,3240.00,都市：住
RPPNMLTKKHJFFFE38CC,大仁段,166.00,都市：住
RPTNMLTKKHJFFBE38CC,新興段三小段,20.00,都市：商
RPXNMLTKKHJFFAE68CC,鹽中段,5.00,都市：商
RPXNMLTKKHJFFAE68CC,鹽中段,20.00,都市：商
RPXNMLTKKHJFFAE68CC,鹽中段,98.00,都市：商
RPROMLTKKHJFFDE48CC,獅頭段,9.69,都市：商
RPTOMLTKKHJFFEE78CC,福民段,80.16,都市：住
RPTNMLKLKHJFFAE47CC,青海段,92.61,都市：住
RPXNMLKLKHJFFFE38CC,後壁田段,5375.35,都市：住
RPRPMLKLKHJFFEE87CC,新光段,15.68,都市：住
RPQNMLTKKHJFFEE38CC,新庄段八小段,120.00,都市：住
RPOPMLLLKHJFFEE67CC,後段,44.81,都市：住
RPQPMLTKKHJFFEE58CC,新民段,5.84,都市：其他
RPVOMLLLKHJFFGE48CC,竹子腳段,72.00,都市：商
RPVOMLLLKHJFFGE48CC,竹子腳段,19.00,都市：商
RPQOMLLLKHJFFCE57CC,獅甲段,.00,都市：住
RPSNMLTKKHJFFBE28CC,新興段四小段,1.35,都市：商
RPSNMLTKKHJFFBE28CC,新興段四小段,1.27,都市：商
RPPPMLKLKHJFFEE67CC,新庄段十三小段,9.63,都市：商
RPVNMLKLKHJFFBE77CC,意誠段,.00,都市：商
RPTNMLKLKHJFFBE57CC,意誠段,.00,都市：商
RPSNMLOLKHJFFCE97CC,瑞隆段三小段,37.00,都市：住
RPTNMLOLKHJFFBE97CC,新興段二小段,76.00,都市：商
RPWNMLLLKHJFFBE97CC,新興段二小段,12.55,都市：住
RPTOMLLLKHJFFDE97CC,灣復段,8.13,都市：商
RPUNMLKLKHJFFBE67CC,意誠段,.00,都市：商
RPSNMLOLKHJFFDE08CC,長明段,6.06,都市：商
RPSOMLOLKHJFFDE28DC,大港段三小段,16.00,都市：商
RPSOMLOLKHJFFDE28DC,大港段三小段,46.00,都市：商
RPXNMLPLKHJFFDE78DC,大港段三小段,16.00,都市：商
RPXNMLPLKHJFFDE78DC,大港段三小段,46.00,都市：商
RPVOMLOLKHJFFGE88DC,文英段,3044.00,都市：住
RPTNMLPLKHJFFLE09CC,山子頂段,51.00,都市：商
RPOOMLPLKHJFFGE18CC,新庄子段,53.88,都市：商
RPPOMLPLKHJFFGE28CC,文英段,57.00,都市：住
RPPOMLPLKHJFFGE28CC,文英段,21.00,都市：住
RPVOMLOLKHJFFIE98CC,山水段,37.48,都市：住
RPPOMLPLKHJFFDE97CC,水源段,48.47,都市：住
RPPOMLPLKHJFFDE97CC,水源段,36.11,都市：住
RPOOMLPLKHJFFDE87CC,水源段,37.44,都市：住
RPOOMLPLKHJFFDE87CC,水源段,50.27,都市：住
RPRPMLQLKHJFFGE68CC,文英段,18.81,都市：住
RPWPMLQLKHJFFGE56CC,新庄子段,19.20,都市：住
RPSNMLQLKHJFFBE08CC,意誠段,.00,都市：商
RPVOMLRLKHJFFEE88CC,新民段,44.16,都市：其他
RPSPMLRLKHJFFEE68CC,左東段,36.50,都市：住
RPVQMLRLKHJFFEE09CC,新庄段二小段,.00,都市：商
RPUPMLRLKHJFFEE88CC,新庄段十二小段,14.53,都市：住
RPQNMLRLKHJFFGE48CC,鳳甲段,15.33,都市：住
RPQOMLRLKHJFFBE08CC,大統段一小段,.00,非都市： ; 非都市編定：
RPVOMLRLKHJFFBE58CC,大統段二小段,138.00,都市：商
RPSNMLQLKHJFFEE38CC,福山段,19.19,都市：商
RPRNMLQLKHJFFBE97CC,意誠段,.00,都市：商
RPSNMLRLKHJFFFE58CC,岡山段,32.50,都市：住
RPPOMLRLKHJFFDE18CC,義民段,.00,非都市： ; 非都市編定：
RPQNMLSLKHJFFDE28CC,金獅段,13.79,都市：商
RPRNMLSLKHJFFAE08CC,大成段,.00,都市：住
RPQNMLSLKHJFFGE58CC,大貝湖段,559.04,都市：住
RPPNMLRLKHJFFAE77CC,青海段,12.21,都市：其他
RPQNMLLJLHJFFCE37CC,盛興段,16.69,都市：住
RPQNMLSLKHJFFEE38CC,藍田西段,436.17,都市：住
RPRNMLSLKHJFFEE48CC,藍田西段,540.89,都市：住
RPVOMLRLKHJFFFE98CC,大仁段,13.74,都市：住
RPTOMLRLKHJFFAE28CC,龍中段,20.44,都市：商
RPRNMLLJLHJFFAE27CC,青海段,13.55,都市：住
RPWOMLNJLHJFFDE38CC,中華段二小段,24.10,都市：住
RPQNMLLJLHJFFBE27CC,意誠段,.00,都市：商
RPWOMLNJLHJFFGE68CC,赤山段,270.00,都市：住
RPXOMLNJLHJFFDE48CC,金獅段,238.02,都市：住
RPQOMLNJLHJFFFE97CC,中崎段,214.88,都市：農
RPOOMLNJLHJFFFE77CC,灣裡段,654.14,都市：工
RPVNMLNJLHJFFIE68CC,善德段,81.62,都市：農
RPPOMLNJLHJFFFE87CC,灣裡段,669.45,都市：工
RPPOMLNJLHJFFIE18CC,竹園段,165.29,都市：工
RPWNMLNJLHJFFIE78CC,仁新段,907.00,都市：農
RPOOMLNJLHJFFIE08CC,澄清段,466.12,都市：住
RPRNMLOJLHJFFFE08CC,大寮段,644.00,都市：農
RPPPMLNJLHJFFGE08CC,過勇段,684.73,都市：住
RPPQMLOJLHJFFEE08CC,新庄段三小段,.00,非都市： ; 非都市編定：
RPROMLOJLHJFFDE08DC,灣子內段寶珠溝小段,24.17,都市：住
RPSNMLPJLHJFFDE08CC,灣內段,29.22,都市：工
RPRNMLOJLHJFFGE18CC,五甲段,60.00,都市：住
RPPPMLPJLHJFFBE77CC,新興段二小段,70.00,都市：商
RPRNMLOJLHJFFBE67CC,成功段,15.66,都市：住
RPXNMLOJLHJFFAE18CC,龍華段八小段,.00,非都市： ; 非都市編定：
RPXOMLPJLHJFFDE68CC,凱歌段,14.74,都市：住
RPSNMLLJLHJFFAE37CC,龍華段八小段,7.68,都市：住
RPUNMLPJLHJFFDE28CC,灣昌段,35.65,都市：住
RPVOMLPJLHJFFDE48CC,陽明段三小段,1002.00,都市：住
RPUOMLPJLHJFFGE68CC,五甲段,32.51,都市：住
RPSNMLOJLHJFFAE67CC,鹽壽段,2582.00,都市：商
RPRQMLPJLHJFFEE38CC,菜公段六小段,11.93,都市：住
RPRQMLPJLHJFFEE38CC,菜公段六小段,12.31,都市：住
RPTNMLPJLHJFFIE68CC,埔段,840.00,都市：農
RPRPMLPJLHJFFDE28DC,建德段,5.74,都市：其他
RPUNMLQJLHJFFLE56CC,大寮段芎蕉腳小段,495.67,都市：農
RPXNMLQJLHJFFFE98DC,茄苳坑段,96.88,非都市：一般農業區 ; 非都市編定：甲種建築用地
RPSNMLQJLHJFFGE48CC,新甲段,70.00,都市：住
RPVOMLQJLHJFFGE88CC,大貝湖段,369.36,都市：住
RPWOMLQJLHJFFDE68CC,大港段二小段,61.00,非都市： ; 非都市編定：
RPPOMLQJLHJFFEE08CC,新庄段十小段,66.00,都市：住
RPTNMLQJLHJFFCE18CC,瑞隆段一小段,1121.00,都市：住
RPWNMLQJLHJFFCE48CC,獅甲段二小段,18.43,都市：住
RPUQMLQJLHJFFEE78CC,新庄段十三小段,5.88,都市：商
RPOOMLQJLHJFFBE67CC,意誠段,.00,都市：商
RPROMLRJLHJFFBE08CC,正福段,30.49,都市：商
RPPOMLQJLHJFFBE77CC,意誠段,.00,都市：商
RPXNMLQJLHJFFBE48CC,意誠段,.00,都市：商
RPVNMLPJLHJFFFE58CC,岡山段,107.93,都市：商
RPSNMLRJLHJFFDE28CC,大順段,.00,都市：商
RPXNMLRJLHJFFDE78CC,大港段四小段,.00,非都市： ; 非都市編定：
RPOOMLRJLHJFFFE28DC,下竹圍段,64.69,都市：住
RPWNMLRJLHJFFFE98DC,下竹圍段,64.69,都市：住
RPTNMLSJLHJFFDE58DC,大港段一小段,59.00,都市：其他
RPVNMLRJLHJFFEE78DC,後段,16.40,都市：住
RPSPMLRJLHJFFEE58CC,福山段,102.05,都市：其他
RPSOMLQJLHJFFBE08CC,新興段四小段,.00,非都市： ; 非都市編定：
RPSOMLQJLHJFFBE08CC,新興段四小段,.00,非都市： ; 非都市編定：
RPVOMLRJLHJFFEE78CC,福民段,.00,非都市： ; 非都市編定：
RPUNMLRJLHJFFAE18CC,青海段,.00,非都市： ; 非都市編定：
RPPNMLSJLHJFFEE18CC,福山段,.00,都市：住
RPSNMLSJLHJFFIE88CC,鳳松段,101.42,都市：住
RPUNMLSJLHJFFBE38CC,意誠段,.00,都市：商
RPVNMLRJLHJFFAE28CC,青海段,21.10,都市：商
RPTNMLSJLHJFFBE28CC,大統段二小段,69.00,都市：商
RPUNMLKKLHJFFAE57CC,府北段五小段,1.88,都市：住
RPVNMLKKLHJFFBE77CC,意誠段,9.85,都市：住
RPXOMLRJLHJFFGE56CC,埤頂段,.00,都市：住
RPXNMLKKLHJFFBE97CC,新興段二小段,74.00,都市：商
RPXNMLKKLHJFFBE97CC,新興段二小段,74.00,都市：商
RPQPMLKKLHJFFEE77CC,左東段,10.75,都市：住
RPRNMLLKLHJFFGE97CC,七老爺段,18.56,都市：住
RPUPMLLKLHJFFGE48CC,七老爺段,2486.00,都市：農
RPRNMLLKLHJFFBE47CC,新興段四小段,1.62,都市：商
RPPOMLMKLHJFFBE47CC,新興段四小段,.00,非都市： ; 非都市編定：
RPPOMLMKLHJFFBE47CC,新興段四小段,.00,非都市： ; 非都市編定：
RPPPMLMKLHJFFGE08CC,新庄子段,23.40,都市：住
RPXNMLMKLHJFFBE18CC,林德官段二小段,.00,都市：商
RPUNMLMKLHJFFBE87CC,大統段一小段,3.95,都市：住
RPROMLSJLHJFFAE08CC,龍中段,12.43,都市：商
RPXOMLMKLHJFFEE58CC,福山段,9.21,都市：住
RPVNMLMKLHJFFDE18CC,義民段,36.00,都市：商
RPOOMLMKLHJFFCE47CC,港墘段,264.00,都市：住
RPROMLKKLHJFFCE57CC,愛群段,26.11,都市：商
RPPOMLKKLHJFFCE37CC,大業段,24.48,非都市： ; 非都市編定：
RPUQMLMKLHJFFEE48CC,新庄段十三小段,.00,非都市： ; 非都市編定：
RPUQMLMKLHJFFEE48CC,新庄段十三小段,.00,非都市： ; 非都市編定：
RPOPMLNKLHJFFGE08CC,鳳山段草店尾小段,133.00,都市：商
RPOPMLNKLHJFFGE08CC,鳳山段草店尾小段,57.00,都市：商
RPOPMLNKLHJFFGE08CC,鳳山段草店尾小段,22.00,都市：商
RPTSMLNKLHJFFEE68CC,新庄段七小段,.00,都市：住
RPXOMLNKLHJFFGE88CC,鳳山段草店尾小段,133.00,都市：商
RPXOMLNKLHJFFGE88CC,鳳山段草店尾小段,57.00,都市：商
RPXOMLNKLHJFFGE88CC,鳳山段草店尾小段,22.00,都市：商
RPXNMLNKLHJFFGE78CC,新甲段,2031.00,都市：住
RPXOMLNKLHJFFDE58CC,大港段七小段,179.00,都市：商
RPTNMLNKLHJFFDE08CC,灣內段,3247.58,都市：其他
RPSNMLNKLHJFFDE97CC,灣內段,3247.58,都市：其他
RPXOMLNKLHJFFBE38CC,五塊厝段,.00,都市：商
RPOPMLNKLHJFFAE47CC,前金段,.00,都市：商
RPPQMLNKLHJFFAE67CC,青海段,11.11,都市：住
RPVPMLNKLHJFFBE28CC,過田子段,.00,都市：商
RPRNMLOKLHJFFDE97CC,鼎泰段,140.83,都市：商
RPOOMLOKLHJFFCE67CC,瑞崗段五小段,91.00,都市：住
RPVNMLOKLHJFFBE18CC,意誠段,.00,都市：商
RPWNMLOKLHJFFCE38CC,獅甲段,3240.00,都市：住
RPUPMLOKLHJFFEE58CC,新庄段十三小段,26.87,都市：商
RPTOMLOKLHJFFIE88DC,澄清段,124.05,都市：住
RPQPMLNKLHJFFBE77CC,意誠段,8738.00,都市：住
RPPNMLPKLHJFFDE87CC,獅頭段一小段,91.00,都市：住
RPWNMLOKLHJFFBE28CC,意誠段,.00,都市：商
RPPNMLQKLHJFFDE97CC,大豐段二小段,35.07,都市：住
RPPOMLPKLHJFFCE87CC,光華段一小段,8.91,非都市： ; 非都市編定：
RPUNMLRKLHJFFIE09CC,竹園段,236.00,都市：工
RPUNMLRKLHJFFIE09CC,竹園段,231.00,都市：工
RPUNMLRKLHJFFIE09CC,竹園段,240.00,都市：工
RPXSMLPKLHJFFGE86CC,新庄子段,41.37,都市：住
RPOOMLRKLHJFFEE18CC,新博段,82.90,都市：住
RPPNMLPKLHJFFBE67CC,新興段三小段,165.00,都市：商
RPSNMLPKLHJFFBE97CC,林德官段,26.49,非都市： ; 非都市編定：
RPPOMLRKLHJFFIE68CC,灣勢段,934.61,都市：農
RPVOMLSKLHJFFDE88CC,水源段,17.65,都市：商
RPTNMLSKLHJFFAE28CC,大勇段,94.00,都市：商
RPSPMLSKLHJFFAE38CC,前金段,1753.00,都市：住
RPTOMLSKLHJFFGE98CC,新甲段,76.00,都市：住
RPTNMLSKLHJFFFE78CC,大紅段,10.04,都市：住
RPSPMLSKLHJFFEE78CC,菜公段三小段,37.00,都市：住
RPUPMLSKLHJFFEE98CC,菜公段三小段,37.00,都市：住
RPUNMLSKLHJFFCE58CC,獅甲段,3240.00,都市：住
RPRPMLSKLHJFFEE68CC,新庄段十二小段,.00,都市：住
RPPOMLTKLHJFFBE18CC,大統段二小段,71.33,都市：商
RPVOMLSKLHJFFBE68CC,意誠段,336.00,都市：住
RPQOMLTKLHJFFBE28CC,林德官段一小段,23.22,都市：住
RPXOMLSKLHJFFBE88CC,意誠段,8738.00,都市：住
RPUOMLSKLHJFFBE58CC,意誠段,336.00,都市：住
RPPPMLTKLHJFFAE18CC,前金段,7.04,都市：商
RPUOMLSKLHJFFGE09CC,文英段,4041.00,都市：住
RPOPMLTKLHJFFAE08CC,龍中段,15.72,非都市： ; 非都市編定：
RPUPMLTKLHJFFAE68CC,北金段,80.00,都市：商
RPOOMLSKLHJFFAE87CC,龍華段二小段,73.00,都市：住
RPVOMLTKLHJFFDE98CC,灣和段,54.52,都市：住
RPVOMLTKLHJFFGE66CC,新庄子段,58.00,都市：住
RPWOMLTKLHJFFGE76CC,竹子腳段,6.66,都市：住
RPWOMLTKLHJFFGE76CC,竹子腳段,3.00,都市：住
RPWOMLTKLHJFFGE76CC,竹子腳段,13.33,都市：住
RPXNMLTKLHJFFDE09CC,灣昌段,79.09,都市：住
RPSNMLTKLHJFFDE58CC,獅頭段一小段,21.35,都市：商
RPXNMLKLLHJFFGE58CC,道爺段,63.00,都市：住
RPWPMLKLLHJFFEE48CC,清豐段,68.00,都市：其他
RPXNMLKLLHJFFGE58CC,道爺段,12.00,都市：住
RPXPMLKLLHJFFEE58CC,新庄段四小段,302.00,都市：其他
RPOPMLTKLHJFFGE68CC,五甲段,78.00,都市：住
RPTPMLKLLHJFFEE18CC,新庄段二小段,.00,非都市： ; 非都市編定：
RPTNMLKLLHJFFFE08CC,介壽段,22.47,都市：住
RPUPMLKLLHJFFAE87CC,青海段,.00,非都市： ; 非都市編定：
RPUNMLKLLHJFFAE67CC,青海段,12.21,都市：商
RPTNMLLLLHJFFBE77CC,意誠段,812.00,都市：住
RPOPMLKLLHJFFBE37CC,新興段一小段,.00,非都市： ; 非都市編定：
RPUOMLLLLHJFFBE97CC,過田子段,.00,非都市： ; 非都市編定：
RPOOMLKLLHJFFBE27CC,意誠段,.00,都市：商
RPSNMLKLLHJFFBE57CC,意誠段,.00,都市：商
RPWOMLLLLHJFFBE18CC,過田子段,182.00,都市：商
RPXOMLLLLHJFFBE28CC,過田子段,.00,非都市： ; 非都市編定：
RPUNMLKLLHJFFBE77CC,意誠段,.00,都市：商
RPRPMLLLLHJFFBE77CC,過田子段,.00,都市：商
RPPPMLLLLHJFFBE57CC,林德官段一小段,.00,都市：住
RPSNMLLLLHJFFAE57CC,龍中段,8.00,都市：商
RPPNMLLLLHJFFAE27CC,前金段,364.00,都市：住
RPRPMLLLLHJFFAE67CC,鹽新段,25.83,都市：商
RPXOMLLLLHJFFAE18CC,龍華段八小段,.00,非都市： ; 非都市編定：
RPQNMLLLLHJFFDE67CC,獅頭段一小段,231.40,都市：住
RPWOMLLLLHJFFEE48CC,福山段,102.72,都市：住
RPPNMLLLLHJFFJE28DC,竹南段,40.32,都市：住
RPPNMLLLLHJFFJE28DC,竹南段,33.02,都市：住
RPPNMLLLLHJFFJE28DC,竹南段,120.52,都市：住
RPPNMLLLLHJFFJE28DC,竹南段,67.47,都市：住
RPQNMLLLLHJFFCE57CC,獅甲段,1027.00,都市：住
RPWOMLLLLHJFFCE28CC,愛群段,74.00,都市：住
RPUNMLLLLHJFFCE97CC,獅甲段,3240.00,都市：住
RPTNMLLLLHJFFCE87CC,獅甲段,3240.00,都市：住
RPQNMLMLLHJFFBE57CC,五塊厝段一小段,39.70,都市：住
RPUNMLOLLHJFFBE18CC,五塊厝段,59.77,都市：商
RPVNMLLLLHJFFCE08CC,獅甲段,1027.00,都市：住
RPPNMLMLLHJFFEE77CC,和平段四小段,82.00,都市：住
RPOOMLOLLHJFFBE67CC,新興段二小段,320.00,都市：其他
RPTNMLOLLHJFFBE08CC,過田子段,.00,非都市： ; 非都市編定：
RPTNMLOLLHJFFAE97CC,龍中段,111.27,都市：其他
RPPNMLOLLHJFFAE57CC,東金段,.00,都市：住
RPSPMLOLLHJFFEE58DC,德昌段,10.57,都市：住
RPPOMLOLLHJFFBE77CC,意誠段,5947.00,都市：商
RPWNMLOLLHJFFDE68DC,三塊厝段,86.00,都市：住
RPQNMLPLLHJFFAE77CC,前金段,7.93,都市：商
RPWPMLOLLHJFFEE98DC,德昌段,10.11,都市：住
RPPNMLPLLHJFFGE28CC,鳳翔段,250.90,都市：住
RPOQMLOLLHJFFEE28DC,和平段四小段,24.83,都市：住
RPWNMLPLLHJFFDE68CC,三塊厝段四小段,49.68,都市：住
RPVNMLPLLHJFFBE38CC,意誠段,.00,都市：商
RPSNMLQLLHJFFBE18CC,過田子段,.00,非都市： ; 非都市編定：
RPSNMLQLLHJFFBE18CC,過田子段,.00,非都市： ; 非都市編定：
RPQOMLQLLHJFFBE08CC,過田子段,.00,非都市： ; 非都市編定：
RPTNMLQLLHJFFBE28CC,苓洲段,9.28,都市：商
RPXOMLQLLHJFFBE78CC,林德官段,.00,非都市： ; 非都市編定：
RPXOMLQLLHJFFBE78CC,林德官段,.00,非都市： ; 非都市編定：
RPRNMLQLLHJFFAE97CC,青海段,672.23,都市：其他
RPQNMLQLLHJFFGE48CC,鳳甲段,21.91,都市：住
RPWOMLQLLHJFFCE78CC,愛群段,83.00,都市：住
RPRPMLRLLHJFFFE88DC,灣裡西段,290.76,都市：其他
RPRPMLRLLHJFFFE88DC,灣裡西段,256.23,都市：其他
RPXOMLRLLHJFFFE76DC,富貴段,1355.00,都市：工
RPVOMLRLLHJFFBE68CC,林德官段一小段,.00,都市：商
RPXNMLRLLHJFFBE78CC,意誠段,.00,都市：商
RPTNMLSLLHJFFBE48CC,林德官段二小段,.00,非都市： ; 非都市編定：
RPQOMLRLLHJFFCE28CC,瑞隆段四小段,.00,都市：商
RPVNMLSLLHJFFBE68CC,林德官段二小段,27.09,都市：住
RPOPMLQLLHJFFDE18CC,鼎泰段,62.88,都市：商
RPOOMLSLLHJFFDE28CC,大豐段二小段,.00,非都市： ; 非都市編定：
RPUNMLQLLHJFFDE58CC,鼎泰段,32.67,都市：住
RPXNMLSLLHJFFJE07CC,海埔段,725.00,都市：工
RPXNMLRLLHJFFDE98CC,覆鼎金段覆鼎金小段,72.00,都市：商
RPQOMLRLLHJFFDE38CC,鼎泰段,12.96,都市：住
RPTNMLSLLHJFFCE58CC,愛群段,4.04,都市：商
RPSRMLSLLHJFFEE09CC,福山段,16.17,都市：住
RPVOMLSLLHJFFGE66CC,道爺段,26.90,都市：其他
RPQQMLRLLHJFFDE58CC,建豐段,25.84,都市：住
RPRNMLTLLHJFFAE28CC,前金段,574.00,都市：商
RPPPMLSLLHJFFDE48CC,有光段,.00,非都市： ; 非都市編定：
RPPPMLLMLHJFFAE57CC,龍華段二小段,28.95,都市：商
RPRPMLLMLHJFFAE77CC,青海段,5077.33,都市：住
RPTPMLLMLHJFFDE28CC,寶國段,2.49,都市：住
RPQQMLLMLHJFFDE08CC,義民段,19.90,都市：其他
RPOPMLLMLHJFFBE57CC,大統段二小段,26.50,都市：住
RPSOMLLMLHJFFEE18CC,新光段,17.08,都市：住
RPVOMLLMLHJFFGE68CC,新庄子段,58.00,都市：住
RPROMLSLLHJFFGE88CC,五甲段,218.71,都市：其他
RPVOMLLMLHJFFDE48DC,中華段一小段,136.00,都市：工
RPVPMLLMLHJFFBE28CC,苓東段,76.00,都市：商
RPROMLLMLHJFFCE87CC,山明段,23.00,都市：住
RPROMLLMLHJFFCE87CC,山明段,79.00,都市：住
RPRQMLRLLHJFFDE68CC,水源段,.00,都市：住
RPRQMLRLLHJFFDE68CC,水源段,.00,都市：住
RPWNMLLJMHJFFEE28CC,新庄段十二小段,200.00,都市：住
RPTNMLLJMHJFFGE18CC,新甲段,23.59,都市：住
RPUNMLLJMHJFFDE08DC,大港段二小段,60.00,都市：其他
RPQNMLLJMHJFFDE67DC,大港段一小段,59.00,都市：其他
RPXOMLMJMHJFFAE18CC,龍華段八小段,64.38,都市：住
RPRNMLLJMHJFFAE37CC,龍中段,9.33,都市：商
RPTPMLMJMHJFFGE48CC,鳳山段大老衙小段,22.00,都市：商
RPTPMLMJMHJFFGE48CC,鳳山段大老衙小段,167.00,都市：商
RPTPMLMJMHJFFGE48CC,鳳山段大老衙小段,71.00,都市：商
RPPPMLMJMHJFFLE58CC,會結南段,335.86,都市：農
RPVNMLMJMHJFFBE97CC,新興段四小段,.00,非都市： ; 非都市編定：
RPVNMLMJMHJFFBE97CC,新興段四小段,.00,非都市： ; 非都市編定：
RPQOMLMJMHJFFIE28CC,大腿段,247.93,都市：農
RPUOMLMJMHJFFBE97CC,大統段一小段,59.00,都市：商
RPPOMLMJMHJFFIE18CC,埔段,991.74,都市：農
RPQPMLMJMHJFFLE68CC,廣應段,36.95,都市：住
RPPOMLMJMHJFFFE87CC,新興段,2454.20,非都市：一般農業區 ; 非都市編定：丁種建築用地
RPQOMLMJMHJFFFE97CC,新興段,2454.20,非都市：一般農業區 ; 非都市編定：丁種建築用地
RPTOMLMJMHJFFIE58CC,竹園段,2314.05,都市：工
RPUNMLMJMHJFFFE28CC,大全段,165.29,都市：工
RPSNMLNJMHJFFFE18CC,安西段,219.85,都市：其他
RPUOMLMJMHJFFIE68CC,竹園段,264.46,都市：農
RPUOMLNJMHJFFCE18CC,獅甲段二小段,13.60,都市：商
RPXOMLNJMHJFFEE68CC,福山段,9.98,非都市： ; 非都市編定：
RPSOMLMJMHJFFIE48CC,竹園段,2314.05,都市：農
RPSNMLMJMHJFFFE08CC,台安段,396.67,都市：工
RPVOMLMJMHJFFIE78CC,澄德段,611.57,都市：住
RPQPMLNJMHJFFEE08CC,新庄段四小段,440.00,都市：住
RPQPMLNJMHJFFEE08CC,新庄段四小段,325.00,都市：住
RPUOMLNJMHJFFDE28CC,灣和段,117.16,都市：住
RPTPMLNJMHJFFEE38CC,新庄段四小段,87.00,都市：住
RPTPMLNJMHJFFEE38CC,新庄段四小段,87.00,都市：住
RPVOMLNJMHJFFDE38CC,澄清段二小段,1756.00,都市：住
RPRNMLOJMHJFFBE77CC,大統段二小段,40.00,都市：商
RPSNMLOJMHJFFBE87CC,武聖段,59.00,都市：住
RPPNMLOJMHJFFIE28CC,大腿段,244.00,都市：其他
RPPNMLOJMHJFFIE28CC,大腿段,15.00,都市：其他
RPTNMLNJMHJFFBE87CC,林興段,.00,都市：住
RPRNMLNJMHJFFBE67CC,過田子段,88.00,非都市： ; 非都市編定：
RPQNMLNJMHJFFBE57CC,苓洲段,27.78,都市：商
RPSQMLNJMHJFFAE97CC,龍中段,28.35,都市：住
RPOOMLNJMHJFFBE47CC,林德官段一小段,24.05,非都市： ; 非都市編定：
RPQPMLRJMHJFFEE48CC,新福段十小段,55.52,都市：住
RPOPMLRJMHJFFGE48CC,明頂段,104.01,都市：住
RPRNMLRJMHJFFIE78CC,仁雄段,377.00,都市：住
RPORMLNJMHJFFAE67CC,龍中段,1194.44,非都市： ; 非都市編定：
RPSNMLRJMHJFFBE18CC,林德官段二小段,28.10,都市：住
RPWNMLRJMHJFFBE58CC,新興段二小段,81.00,都市：其他
RPOPMLRJMHJFFAE87CC,龍華段八小段,.00,非都市： ; 非都市編定：
RPVNMLRJMHJFFBE48CC,過田子段,.00,非都市： ; 非都市編定：
RPPOMLRJMHJFFBE97CC,意誠段,93.32,都市：商
RPXNMLSJMHJFFBE78CC,意誠段,.00,都市：商
RPVNMLSJMHJFFBE58CC,意誠段,.00,都市：商
RPPOMLSJMHJFFBE08CC,意誠段,.00,都市：商
RPQOMLSJMHJFFBE18CC,意誠段,.00,都市：商
RPPNMLTJMHJFFBE08CC,林德官段一小段,174.00,都市：商
RPWNMLTJMHJFFBE78CC,大統段一小段,151.00,都市：其他
RPSPMLTJMHJFFAE48CC,青海段,1890.30,都市：住
RPVNMLTJMHJFFBE68CC,新興段一小段,92.00,都市：商
RPSOMLTJMHJFFGE98CC,文山段,221.00,都市：住
RPTOMLTJMHJFFDE78CC,灣志段,56.15,都市：住
RPTPMLTJMHJFFAE58CC,龍中段,7.23,都市：住
RPVOMLTJMHJFFDE98CC,大港段七小段,77.00,都市：商
RPVOMLTJMHJFFDE98CC,大港段七小段,6.00,都市：商
RPVOMLTJMHJFFDE98CC,大港段七小段,19.00,都市：商
RPVOMLTJMHJFFDE98CC,大港段七小段,11.00,都市：商
RPVOMLTJMHJFFDE98CC,大港段七小段,7.00,都市：商
RPVNMLTJMHJFFCE78CC,愛群段,2.28,都市：商
RPRPMLTJMHJFFEE78CC,新庄段八小段,11.64,都市：住
RPTOMLTJMHJFFIE66CC,澄清段,1133.00,都市：住
RPPOMLKKMHJFFIE08CC,澄觀段,84.70,都市：住
RPTNMLKKMHJFFEE97CC,福山段,.00,都市：住
RPQNMLKKMHJFFAE27CC,青海段,.00,都市：住
RPQPMLKKMHJFFDE77CC,大港段二小段,.00,非都市： ; 非都市編定：
RPRNMLKKMHJFFBE47CC,林德官段二小段,.00,都市：住
RPXNMLKKMHJFFBE08CC,意誠段,.00,都市：商
RPWOMLTJMHJFFAE78CC,前金段,187.00,都市：商
RPVNMLKKMHJFFBE87CC,新興段二小段,.00,都市：商
RPWPMLLKMHJFFEE58CC,福民段,13.24,都市：住
RPXPMLLKMHJFFGE88CC,文英段,73.00,都市：住
RPXPMLLKMHJFFGE88CC,文英段,6.00,都市：住
RPSNMLKKMHJFFBE57CC,過田子段,.00,都市：商
RPROMLLKMHJFFDE87CC,覆鼎金段覆鼎金小段,462.80,都市：商
RPXPMLLKMHJFFEE68CC,福山段,11.34,都市：商
RPRNMLTJMHJFFDE48CC,灣中段,112.17,非都市： ; 非都市編定：
RPVOMLKKMHJFFBE97CC,五塊厝段,60.82,都市：住
RPPNMLOKMHJFFEE97CC,莒光段二小段,64.00,都市：住
RPPNMLOKMHJFFEE97CC,莒光段二小段,2.00,都市：其他
RPSOMLOKMHJFFEE38CC,新庄段十三小段,11.79,都市：住
RPVOMLOKMHJFFEE68CC,新庄段十二小段,615.00,都市：住
RPVOMLOKMHJFFEE68CC,新庄段十二小段,937.00,都市：住
RPXOMLLKMHJFFBE28CC,五塊厝段一小段,35.10,都市：住
RPQPMLOKMHJFFGE48CC,五甲段,19.70,都市：住
RPPPMLOKMHJFFEE18CC,新夏段,6.36,都市：住
RPROMLOKMHJFFFE38CC,大公段,146.00,都市：其他
RPROMLOKMHJFFGE58DC,埤頂段,39.18,都市：住
RPXNMLOKMHJFFAE38CC,文東段,49.00,都市：商
RPRNMLOKMHJFFDE08CC,大港段四小段,70.00,非都市： ; 非都市編定：
RPROMLOKMHJFFLE09DC,溪州段,29.89,都市：住
RPPOMLOKMHJFFLE88DC,港子埔段,129.00,都市：其他
RPVNMLQKMHJFFFE88CC,大仁段,149.00,都市：住
RPWNMLOKMHJFFAE28CC,文東段,49.00,都市：商
RPSNMLOKMHJFFAE87CC,龍華段八小段,10.47,都市：商
RPTOMLPKMHJFFEE58CC,清豐段,159.95,都市：住
RPQOMLPKMHJFFFE38CC,瓊西段,66.00,都市：工
RPQOMLPKMHJFFFE38CC,瓊西段,80.00,都市：工
RPQOMLPKMHJFFFE38CC,瓊西段,70.00,都市：工
RPQOMLPKMHJFFFE38CC,瓊西段,80.00,都市：工
RPWNMLQKMHJFFDE88DC,大港段二小段,74.00,都市：其他
RPRNMLPKMHJFFAE87CC,青海段,78.00,都市：住
RPRNMLQKMHJFFDE28CC,河濱段,46.00,都市：商
RPSNMLQKMHJFFDE38CC,大順段,2080.59,都市：商
RPSNMLRKMHJFFDE48CC,中都段四小段,32.40,都市：住
RPPOMLRKMHJFFBE08CC,意誠段,.00,都市：商
RPXNMLRKMHJFFBE78CC,意誠段,.00,都市：商
RPQOMLRKMHJFFBE18CC,意誠段,.00,都市：商
RPROMLRKMHJFFBE28CC,意誠段,.00,都市：商
RPPNMLRKMHJFFFE38CC,下竹圍段,138.09,都市：住
RPTOMLRKMHJFFIE56CC,竹園段,858.00,都市：工
RPTOMLRKMHJFFGE98CC,新甲段,2031.00,都市：住
RPWNMLSKMHJFFCE88CC,獅甲段,1027.00,都市：住
RPPOMLRKMHJFFCE18CC,鎮昌段一小段,.00,都市：住
RPVNMLRKMHJFFCE68CC,愛群段,11.27,都市：商
RPSOMLQKMHJFFAE18CC,龍中段,15.97,都市：住
RPWOMLQKMHJFFAE58CC,龍中段,17.53,都市：其他
RPXOMLSKMHJFFEE66CC,新庄段八小段,204.95,都市：住
RPUOMLSKMHJFFEE98CC,新庄段八小段,102.47,都市：住
RPVNMLSKMHJFFBE68CC,福東段,68.00,都市：商
RPVNMLSKMHJFFBE68CC,福東段,68.00,都市：商
RPRNMLSKMHJFFLE66CC,大寮段,423.00,都市：工
RPOOMLSKMHJFFBE08CC,大統段二小段,.00,都市：商
RPOOMLSKMHJFFBE08CC,大統段二小段,.00,都市：商
RPOOMLSKMHJFFBE08CC,大統段二小段,.00,都市：商
RPWNMLSKMHJFFBE78CC,意誠段,8738.00,都市：住
RPWNMLRKMHJFFBE68CC,大統段二小段,.00,都市：商
RPSOMLSKMHJFFDE68CC,灣興段,.00,都市：工
RPSOMLSKMHJFFDE68CC,灣興段,.00,都市：工
RPSOMLSKMHJFFDE68CC,灣興段,.00,都市：工
RPWNMLSKMHJFFDE98CC,獅頭段,28.47,都市：住
RPQPMLSKMHJFFDE58CC,大港段七小段,6.00,都市：商
RPQPMLSKMHJFFDE58CC,大港段七小段,34.66,都市：商
RPQPMLSKMHJFFBE38CC,意誠段,.00,都市：住
RPXOMLSKMHJFFDE56CC,中華段一小段,74.00,都市：住
RPRNMLTKMHJFFDE58CC,鼎泰段,1803.09,都市：住
RPTOMLLLMHJFFDE18CC,大豐段二小段,36.38,都市：住
RPTNMLLLMHJFFAE77CC,博孝段,9.47,都市：住
RPTOMLLLMHJFFAE87CC,龍華段八小段,.00,非都市： ; 非都市編定：
RPQOMLLLMHJFFAE57CC,青海段,63.58,都市：商
RPPPMLLLMHJFFEE97CC,新庄段十三小段,22.70,都市：其他
RPVPMLLLMHJFFEE58CC,加昌段,66.00,都市：住
RPOPMLSKMHJFFDE38CC,建工段,64.40,都市：住
RPQOMLLLMHJFFBE67CC,過田子段,.00,非都市： ; 非都市編定：
RPXNMLLLMHJFFGE78CC,曹公段,439.57,都市：農
RPUNMLMLMHJFFGE58CC,五甲段,74.00,都市：住
RPVNMLLLMHJFFAE97CC,龍華段二小段,21.84,都市：住
RPVNMLMLMHJFFGE68CC,新甲段,47.00,都市：住
RPROMLLLMHJFFAE67CC,青海段,30.90,都市：住
RPOPMLMLMHJFFGE18CC,文山段,27.40,都市：住
RPXNMLMLMHJFFCE48CC,愛群段,6.77,都市：住
RPROMLMLMHJFFCE97CC,愛群段,58.50,都市：商
RPUOMLMLMHJFFEE48CC,新光段,8.45,都市：商
RPRNMLMLMHJFFBE77CC,過田子段,50.00,都市：商
RPSOMLMLMHJFFCE08CC,獅甲段三小段,75.78,都市：商
RPOOMLMLMHJFFBE57CC,新興段一小段,8.66,都市：住
RPRNMLMLMHJFFAE67CC,北金段,14.74,都市：商
RPTNMLMLMHJFFAE87CC,前金段,7.07,都市：商
RPSNMLMLMHJFFDE08CC,大港段七小段,23.00,都市：商
RPQOMLMLMHJFFCE87CC,獅甲段,1.34,都市：住
RPQOMLMLMHJFFCE87CC,獅甲段,4.21,都市：住
RPWNMLMLMHJFFDE48CC,三塊厝段,69.00,都市：住
RPTNMLMLMHJFFDE18CC,大港段五小段,50.00,都市：商
RPQOMLMLMHJFFDE97CC,三塊厝段,76.00,都市：商
RPWPMLMLMHJFFDE68CC,大港段三小段,34.60,都市：商
RPQOMLNLMHJFFDE08CC,灣復段,54.00,都市：工
RPVNMLNLMHJFFFE68CC,大仁段,93.00,都市：住
RPQOMLNLMHJFFGE38CC,新甲段,75.00,都市：住
RPRNMLNLMHJFFBE87CC,新興段二小段,28.00,都市：商
RPPOMLNLMHJFFDE97CC,大港段三小段,8.65,都市：商
RPVNMLNLMHJFFBE28CC,新興段三小段,.00,都市：商
RPPOMLMLMHJFFDE87CC,鼎泰段,68.88,都市：住
RPXNMLNLMHJFFBE48CC,新興段一小段,16.63,都市：商
RPQOMLNLMHJFFBE87CC,苓西段,6.97,都市：商
RPXNMLOLMHJFFIE66CC,永和段,135.00,都市：農
RPVOMLOLMHJFFBE48CC,新興段二小段,.00,都市：住
RPWOMLOLMHJFFBE58CC,五權段,.00,都市：住
RPPNMLQLMHJFFFE38CC,文化段,85.00,都市：住
RPOOMLOLMHJFFAE67CC,龍華段八小段,.00,非都市： ; 非都市編定：
RPUOMLPLMHJFFEE78CC,新庄段一小段,.00,非都市： ; 非都市編定：
RPSOMLPLMHJFFEE58CC,新光段,985.87,都市：其他
RPOOMLOLMHJFFDE97CC,建民段,19.88,非都市： ; 非都市編定：
RPPOMLSLMHJFFDE48CC,陽明段二小段,44.50,都市：住
RPSPMLSLMHJFFEE98CC,新庄段七小段,14.15,都市：其他
RPSNMLOLMHJFFHE78DC,花旗段,88.79,非都市：山坡地保育區 ; 非都市編定：丙種建築用地
RPRNMLNLMHJFFCE97CC,獅甲段,1.75,都市：住
RPRNMLNLMHJFFCE97CC,獅甲段,5.51,都市：住
RPOOMLSLMHJFFBE18CC,過田子段,19.17,都市：住
RPROMLTLMHJFFBE58CC,過田子段,19.80,都市：商
RPVOMLTLMHJFFBE98CC,福東段,33.00,非都市： ; 非都市編定：
RPVOMLTLMHJFFBE98CC,福東段,11.00,非都市： ; 非都市編定：
RPVOMLTLMHJFFBE98CC,福東段,5.00,非都市： ; 非都市編定：
RPUNMLTLMHJFFLE17CC,赤崁段潮州寮小段,206.60,都市：農
RPUNMLTLMHJFFLE17CC,赤崁段潮州寮小段,206.60,都市：農
RPUNMLTLMHJFFLE17CC,赤崁段潮州寮小段,206.60,都市：農
RPUNMLTLMHJFFLE17CC,赤崁段潮州寮小段,206.60,都市：農
RPROMLTLMHJFFDE78CC,陽明段三小段,1002.00,非都市： ; 非都市編定：
RPOPMLKMMHJFFGE08CC,建軍段,147.43,都市：住
RPOOMLPLMHJFFAE77CC,龍中段,16.44,都市：住
RPSOMLTLMHJFFDE88CC,三塊厝段一小段,1734.00,都市：住
RPWNMLTLMHJFFDE56CC,三塊厝段,.00,都市：住
RPOOMLKMMHJFFDE67CC,大港段五小段,102.00,都市：商
RPRPMLKMMHJFFGE38CC,新甲段,32.75,都市：其他
RPROMLKMMHJFFAE67CC,龍華段八小段,.00,都市：商
RPXNMLKMMHJFFBE28CC,意誠段,.00,都市：商
RPPOMLKMMHJFFEE87CC,福山段,115.23,都市：住
RPQPMLKMMHJFFBE77CC,新興段四小段,.00,都市：商
RPQPMLKMMHJFFBE77CC,新興段四小段,.00,都市：商
RPTPMLKMMHJFFBE08CC,新興段四小段,.00,都市：商
RPTPMLKMMHJFFBE08CC,新興段四小段,.00,都市：商
RPPNMLTLMHJFFEE58CC,新民段,.00,都市：住
RPXOMLKMMHJFFBE38CC,新興段四小段,.00,都市：商
RPXOMLKMMHJFFBE38CC,新興段四小段,.00,都市：商
RPOOMLKMMHJFFBE47CC,意誠段,.00,都市：商
