﻿編號,屋齡,建物移轉面積平方公尺,主要用途,主要建材,建築完成日期,總層數,建物分層
The serial number,room age,building shifting area square meter,the main use,main building materials,construction completes the date,total layer,building lamination
RPRNMLNJLHJFFCM28CA,40,47.70,住家用,鋼筋混凝土加強磚造,63年1月7日,一層,一層
RPVNMLRJKHJFFAM78CA,30,133.34,住家用,鋼筋混凝土加強磚造,72年12月28日,二層,一層 二層 電梯樓梯間
RPVNMLTKKHJFFAM09CA,26,59.55,住家用,加強磚造,77年5月16日,二層,二層 騎樓 一層
RPVNMLTKKHJFFAM09CA,26,59.55,住家用,加強磚造,77年5月16日,二層,一層 二層 騎樓
RPPNMLKKKHJFFDM87CA,1,279.98,見其他登記事項,鋼筋混凝土造,102年1月31日,四層,一層 二層 三層 四層
RPPNMLRJKHJFFDM48CA,18,91.99,見其他登記事項,鋼筋混凝土造,85年4月24日,七層,六層
RPSNMLOKKHJFFCM58DA,6,342.58,農舍,鋼筋混凝土造,96年8月7日,三層,一層 二層 三層
RPQNMLOKKHJFFAM08CA,19,12.67,停車空間,鋼筋混凝土造,84年2月16日,十三層,
RPRNMLOKKHJFFAM18CA,19,12.67,停車空間,鋼筋混凝土造,84年2月16日,十三層,
RPRNMLRJKHJFFCM58CA,9,237.01,見其他登記事項,鋼筋混凝土造,94年3月2日,三層,一層 二層 三層 屋頂突出物
RPRPMLKKKHJFFCM18CA,33,72.50,住商用,鋼筋混凝土造,69年12月31日,三層,一層 二層 騎樓 三層
RPRPMLKKKHJFFCM18CA,33,72.50,住商用,鋼筋混凝土造,69年12月31日,三層,一層 二層 三層 騎樓
RPRNMLNJLHJFFBM18CA,,260.47,見其他登記事項,鋼筋混凝土造,102年10月29日,三層,一層 二層 三層 見其他登記事項
RPRNMLQLKHJFFBM58CA,31,68.78,住家用,鋼筋混凝土造,71年9月1日,三層,一層 二層 三層 電梯樓梯間
RPSNMLLKKHJFFBM08CA,,181.58,住家用,鋼筋混凝土造,102年8月22日,四層,一層 二層 三層 四層
RPQNMLRLKHJFFAM48CA,5,29.16,住家用,見其他登記事項,98年1月21日,三層,三層
RPQNMLRLKHJFFAM48CA,5,15.61,住家用,見其他登記事項,98年1月21日,四層,
RPQNMLPLKHJFFCM48CA,34,86.40,住家用,加強磚造,69年5月22日,一層,一層 騎樓
RPRNMLRKKHJFFAM48CA,36,167.41,住商用,鋼筋混凝土造,66年12月24日,三層,騎樓 一層 二層 三層
RPQNMLMKKHJFFDM18CA,33,106.52,住商用,鋼筋混凝土加強磚造,69年10月1日,二層,一層 二層 騎樓
RPPNMLLJLHJFFDM97CA,17,621.70,農舍,鋼筋混凝土造,85年7月8日,三層,三層 地下層 一層 二層
RPPNMLLKKHJFFCM87CA,29,88.80,住家用,鋼筋混凝土造,73年8月23日,二層,一層 二層 騎樓
RPVNMLLKKHJFFBM38CA,6,15.00,農舍,見其他登記事項,97年5月8日,一層,一層
RPQNMLMKKHJFFCM08CA,20,153.77,見其他登記事項,鋼筋混凝土造,83年1月14日,十一層,三層 騎樓 一層 二層
RPQNMLMKKHJFFCM08CA,20,15.81,見其他登記事項,鋼筋混凝土造,83年1月14日,十一層,
RPRNMLRKKHJFFBM58CA,4,208.23,見其他登記事項,鋼筋混凝土造,98年10月13日,三層,一層 二層 三層 地下一層 見其他登記事項
RPRNMLTKKHJFFBM78CA,35,41.94,住商用,鋼筋混凝土造,67年10月17日,三層,一層 二層 三層 騎樓
RPPNMLNKKHJFFBM97CA,1,251.93,住家用,鋼筋混凝土造,102年5月28日,四層,一層 二層 三層 四層
RPPNMLRKLHJFFBM48CA,18,250.00,農舍,鋼造,84年9月7日,一層,一層
RPQNMLRJLHJFFAM38CA,2,189.12,見其他登記事項,鋼筋混凝土造,100年12月13日,三層,一層 二層 三層 屋頂突出物
RPRNMLNKKHJFFDM38CA,1,180.86,住家用,鋼筋混凝土造,102年5月7日,三層,一層 二層 三層
RPVNMLPJLHJFFBM78CA,,187.23,見其他登記事項,鋼筋混凝土造,102年9月2日,四層,一層 二層 三層 四層
RPUNMLOKKHJFFDM78CA,19,30.82,見其他登記事項,鋼筋混凝土造,83年11月2日,五層,四層
RPUNMLOKKHJFFDM78CA,19,17.31,見其他登記事項,鋼筋混凝土造,83年11月2日,五層,
RPSNMLNJLHJFFDM48CA,21,105.98,住家用,見其他登記事項,81年11月18日,一層,一層
RPTNMLNJLHJFFDM58CA,52,100.10,住商用,鋼筋混凝土加強磚造,51年1月1日,二層,一層 二層 騎樓
RPUNMLNKKHJFFAM48DA,44,143.00,商業用,鋼造,59年3月15日,一層,一層
RPSNMLLLKHJFFCM28CA,21,105.13,住家用,加強磚造,82年2月20日,一層,一層
RPXNMLOJLHJFFCM98CA,18,184.98,住家用,鋼筋混凝土造,84年9月14日,四層,一層 二層 三層 四層
RPRNMLNJLHJFFAM08CA,34,105.38,住商用,鋼筋混凝土加強磚造,69年1月10日,二層,一層 二層 騎樓
RPXNMLNJLHJFFAM68CA,56,87.36,住家用,加強磚造,47年1月1日,二層,二層 一層
RPWNMLQLKHJFFAM98CA,16,106.25,住家用,鋼筋混凝土造,87年3月6日,九層,二層
RPWNMLQLKHJFFAM98CA,16,15.55,見其他登記事項,鋼筋混凝土造,87年3月6日,九層,
RPWNMLQLKHJFFAM98CA,16,13.42,見其他登記事項,鋼筋混凝土造,87年3月6日,九層,
RPSNMLOKKHJFFAM28CA,19,88.89,住家用,鋼筋混凝土造,83年10月7日,十一層,八層
RPTNMLTKKHJFFAM88CA,33,101.64,住家用,鋼筋混凝土加強磚造,69年12月1日,二層,一層 二層
RPPNMLSKKHJFFBM48CA,8,170.23,見其他登記事項,鋼筋混凝土造,95年1月26日,三層,一層 二層 三層 屋頂突出物
RPUNMLRKKHJFFCM98CA,44,109.20,住商用,鋼筋混凝土加強磚造,58年9月8日,一層,一層 地下層
RPOOMLTKKHJFFCM68CA,29,191.22,見其他登記事項,鋼造,74年4月30日,一層,一層 騎樓
RPSNMLSKKHJFFCM98DA,36,69.00,住家用,鋼筋混凝土加強磚造,66年10月18日,二層,一層 二層
RPWNMLPLKHJFFCM09CA,7,273.80,見其他登記事項,鋼筋混凝土造,96年2月6日,二層,一層 二層
RPWNMLPLKHJFFCM09CA,7,498.67,見其他登記事項,鋼筋混凝土造,96年2月6日,五層,一層 二層 三層 四層 五層 屋頂突出物
RPPNMLKLKHJFFCM97DA,20,188.46,住商用,鋼筋混凝土造,83年7月7日,十三層,一層 二層 三層 騎樓
RPPNMLKLKHJFFCM97DA,20,27.94,見其他登記事項,鋼筋混凝土造,83年7月7日,十三層,
RPRNMLOKKHJFFDM48CA,25,238.33,住商用,鋼筋混凝土加強磚造,77年9月8日,三層,一層 二層 三層 騎樓
RPPOMLTKKHJFFCM78CA,35,135.20,住商用,鋼筋混凝土造,68年3月12日,四層,一層 二層 三層 四層
RPRNMLTKKHJFFCM88CA,9,175.27,見其他登記事項,鋼筋混凝土造,94年1月28日,三層,一層 二層 三層 屋頂突出物
RPQNMLKLKHJFFCM97CA,1,235.51,見其他登記事項,鋼筋混凝土造,101年8月13日,四層,一層 二層 三層 四層 騎樓 見其他登記事項
RPPNMLQJLHJFFAM18CA,33,80.57,住商用,鋼筋混凝土造,70年6月23日,二層,一層 二層 騎樓
RPSNMLOLKHJFFBM48CA,20,87.35,住家用,鋼筋混凝土造,83年3月16日,九層,八層
RPSNMLOLKHJFFBM48CA,20,14.68,見其他登記事項,鋼筋混凝土造,83年3月16日,九層,
RPSNMLOLKHJFFBM48CA,20,9.90,見其他登記事項,鋼筋混凝土造,83年3月16日,九層,
RPWNMLKLKHJFFBM48CA,46,72.96,住家用,鋼筋混凝土加強磚造,57年1月19日,二層,一層 二層
RPPNMLPJLHJFFBM18CA,1,177.75,見其他登記事項,鋼筋混凝土造,102年4月11日,三層,一層 二層 三層 見其他登記事項
RPOOMLQLKHJFFAM28CA,23,147.53,住家用,鋼筋混凝土造,79年9月14日,三層,一層 二層 三層
RPSOMLQLKHJFFAM68CA,13,197.89,住家用,鋼筋混凝土造,90年2月27日,三層,一層 二層 三層 屋頂突出物 地下層
RPUOMLQLKHJFFAM88CA,24,180.55,住家用,鋼筋混凝土造,78年9月16日,四層,一層 二層 三層 四層 騎樓
RPRNMLKLKHJFFCM08CA,19,25.30,見其他登記事項,鋼筋混凝土造,83年10月13日,十二層,四層
RPRNMLKLKHJFFCM08CA,19,13.28,見其他登記事項,鋼筋混凝土造,83年10月13日,十二層,
RPVNMLKLKHJFFBM48DA,6,208.96,住家用,鋼筋混凝土造,96年9月5日,三層,一層 二層 三層
RPTNMLRLKHJFFCM98CA,19,25.09,見其他登記事項,鋼筋混凝土造,83年11月28日,九層,五層
RPTNMLRLKHJFFCM98CA,19,9.17,見其他登記事項,鋼筋混凝土造,83年11月28日,九層,
RPPNMLNJLHJFFDM18CA,19,169.40,住家用,鋼筋混凝土造,84年1月6日,三層,一層 二層 三層 電梯樓梯間
RPPOMLOLKHJFFBM28CA,36,87.28,住家用,磚造,67年3月15日,一層,
RPTNMLPLKHJFFAM58CA,25,119.43,住家用,加強磚造,77年9月8日,二層,一層 二層 見其他登記事項
RPSNMLLKLHJFFAM08CA,6,186.28,住家用,鋼筋混凝土造,97年1月14日,三層,一層 二層 三層 屋頂突出物
RPRNMLPJLHJFFBM38CA,22,186.14,住商用,鋼筋混凝土造,80年10月22日,四層,騎樓 一層 二層 三層 四層
RPQNMLPJLHJFFBM28CA,1,201.34,見其他登記事項,鋼筋混凝土造,102年4月11日,三層,一層 二層 三層 見其他登記事項
RPRNMLQJLHJFFBM48CA,,261.68,見其他登記事項,鋼筋混凝土造,102年10月29日,三層,一層 二層 三層 見其他登記事項
RPTNMLQJLHJFFBM68CA,,267.26,見其他登記事項,鋼筋混凝土造,102年10月29日,三層,一層 二層 三層 見其他登記事項
RPPNMLPLKHJFFBM28CA,,260.92,住家用,鋼筋混凝土造,102年4月1日,三層,一層 二層 三層
RPOOMLPJLHJFFAM08CA,1,197.97,住家用,鋼筋混凝土造,102年6月5日,四層,一層 二層 三層 四層
RPSNMLKLKHJFFAM97CA,34,116.96,住商用,鋼筋混凝土加強磚造,69年5月1日,二層,一層 二層 騎樓
RPTNMLPJLHJFFAM48CA,10,185.15,住家用,鋼筋混凝土造,93年5月18日,四層,一層 二層 三層 四層
RPPNMLOJLHJFFAM97CA,22,176.25,住家用,鋼筋混凝土造,80年9月5日,三層,二層 三層 一層
RPRNMLNKLHJFFCM38CA,,213.55,住家用,鋼筋混凝土造,102年10月22日,四層,一層 二層 三層 四層
RPUNMLOLKHJFFCM78CA,39,77.76,住家用,鋼筋混凝土加強磚造,63年8月26日,二層,一層 二層
RPRNMLPLKHJFFCM58CA,13,163.81,見其他登記事項,鋼筋混凝土造,89年12月18日,三層,一層 二層 三層
RPQNMLLLKHJFFDM18CA,19,257.97,見其他登記事項,鋼筋混凝土造,84年1月13日,三層,一層 二層 三層
RPXNMLKLKHJFFCM78DA,36,82.44,見其他登記事項,鋼筋混凝土加強磚造,67年4月25日,二層,一層 二層
RPSNMLLLKHJFFBM28DA,37,127.37,住商用,鋼筋混凝土加強磚造,65年8月2日,二層,二層 騎樓 一層
RPRNMLRJLHJFFCM68CA,,19.13,農舍,見其他登記事項,102年9月10日,一層,一層
RPRNMLLKLHJFFCM18CA,20,163.54,住家用,鋼筋混凝土造,83年4月12日,四層,一層 二層 三層 四層 屋頂突出物
RPWNMLLLKHJFFAM48CA,20,495.00,工業用,,82年9月10日,一層,
RPRNMLPLLHJFFCM68CA,10,193.90,見其他登記事項,鋼筋混凝土造,92年10月27日,四層,二層 三層 四層 騎樓 一層
RPXOMLQLKHJFFAM56CA,21,84.34,住家用,鋼筋混凝土造,82年3月22日,八層,七層
RPXOMLQLKHJFFAM56CA,21,34.28,見其他登記事項,鋼筋混凝土造,82年3月22日,八層,
RPPPMLQLKHJFFAM48CA,21,80.72,住家用,鋼筋混凝土造,82年1月4日,八層,四層
RPPPMLQLKHJFFAM48CA,21,79.89,住家用,鋼筋混凝土造,82年1月4日,八層,四層
RPPPMLQLKHJFFAM48CA,21,46.71,見其他登記事項,鋼筋混凝土造,82年1月4日,八層,
RPQOMLQLKHJFFAM48CA,19,91.71,住家用,鋼筋混凝土造,83年11月30日,四層,三層 四層 屋頂突出物
RPQOMLQLKHJFFAM48CA,19,13.46,見其他登記事項,鋼筋混凝土造,83年11月30日,四層,
RPVNMLOJLHJFFAM58CA,16,86.70,住家用,鋼筋混凝土造,86年9月19日,十四層,十層
RPROMLQLKHJFFAM58CA,22,160.72,住家用,鋼筋混凝土造,81年6月23日,三層,一層 二層 三層
RPVNMLPLKHJFFBM88CA,1,229.46,住家用,鋼筋混凝土造,102年3月8日,四層,一層 二層 三層 四層
RPROMLPJLHJFFAM38CA,16,86.70,住家用,鋼筋混凝土造,86年9月19日,十四層,七層
RPROMLPJLHJFFAM38CA,16,22.05,見其他登記事項,鋼筋混凝土造,86年9月19日,十四層,
RPROMLPJLHJFFAM38CA,16,14.56,停車空間,鋼筋混凝土造,86年9月19日,十四層,
RPTOMLKLLHJFFAM28CA,33,102.94,住家用,鋼筋混凝土加強磚造,69年8月29日,二層,一層 二層 騎樓
RPSNMLKLLHJFFAM08CA,32,103.35,住商用,鋼筋混凝土造,71年2月25日,二層,一層 二層 屋頂突出物 騎樓
RPTNMLNJLHJFFBM38CA,1,251.93,住家用,鋼筋混凝土造,102年5月28日,四層,一層 二層 三層 四層
RPSNMLNJLHJFFCM38CA,1,235.51,見其他登記事項,鋼筋混凝土造,101年8月13日,四層,一層 二層 三層 四層 騎樓 見其他登記事項
RPQNMLQLKHJFFCM58CA,33,64.85,住家用,見其他登記事項,69年10月4日,一層,一層
RPPNMLQLKHJFFCM58DA,11,148.50,見其他登記事項,見其他登記事項,91年12月17日,一層,一層
RPUNMLLLLHJFFCM68DA,32,59.20,住商用,加強磚造,70年8月10日,二層,一層 二層
RPUOMLPLKHJFFCM98CA,29,81.27,住家用,鋼筋混凝土造,73年10月6日,二層,一層 二層
RPVOMLPLKHJFFCM09CA,45,47.83,住家用,鋼筋混凝土加強磚造,58年5月15日,一層,一層
RPPOMLNKLHJFFCM28CA,19,103.19,見其他登記事項,鋼筋混凝土造,83年7月8日,十二層,九層
RPPOMLNKLHJFFCM28CA,19,.57,見其他登記事項,鋼筋混凝土造,83年7月8日,十二層,
RPVNMLRJLHJFFBM09DA,31,159.08,住商用,鋼筋混凝土造,71年9月3日,三層,一層 二層 三層 騎樓
RPOPMLRKLHJFFCM68CA,,221.14,見其他登記事項,鋼筋混凝土造,102年10月22日,四層,騎樓 一層 二層 三層 四層
RPWOMLRKLHJFFCM76CA,,443.45,見其他登記事項,鋼筋混凝土造,102年10月22日,四層,二層 三層 四層 騎樓 一層
RPWNMLRKLHJFFCM66CA,,207.59,住家用,鋼筋混凝土造,102年10月22日,四層,一層 二層 三層 四層
RPTNMLRKLHJFFCM98CA,,207.59,住家用,鋼筋混凝土造,102年10月22日,四層,一層 二層 三層 四層
RPVNMLRKLHJFFCM56CA,,201.95,住家用,鋼筋混凝土造,102年10月22日,四層,一層 二層 三層 四層
RPVNMLPLKHJFFAM78CA,18,90.57,住家用,鋼筋混凝土造,85年2月7日,八層,五層
RPVNMLPLKHJFFAM78CA,18,7.48,住家用,鋼筋混凝土造,85年2月7日,八層,
RPVNMLPLKHJFFAM78CA,18,25.89,住家用,鋼筋混凝土造,85年2月7日,八層,
RPSNMLRKLHJFFCM88CA,,220.59,住家用,鋼筋混凝土造,102年10月22日,四層,一層 二層 三層 四層
RPUNMLPLKHJFFAM68CA,11,148.53,見其他登記事項,鋼筋混凝土造,91年12月13日,三層,一層 二層 三層
RPPPMLRKLHJFFCM78CA,,221.14,見其他登記事項,鋼筋混凝土造,102年10月22日,四層,一層 二層 三層 四層 騎樓
RPWOMLQLKHJFFAM09CA,22,186.26,住家用,鋼筋混凝土造,80年8月12日,三層,一層 二層 三層
RPQNMLQLKHJFFBM48CA,25,187.95,見其他登記事項,鋼筋混凝土造,78年2月17日,四層,三層 四層 騎樓 一層 二層
RPPNMLPKLHJFFAM18CA,38,214.08,住家用,鋼筋混凝土加強磚造,65年2月21日,三層,一層 二層 三層 騎樓 地下層
RPXNMLNKLHJFFBM88CA,2,228.24,住家用,鋼筋混凝土造,100年10月7日,四層,一層 二層 三層 四層
RPPNMLMKLHJFFBM97CA,40,106.48,住家用,鋼筋混凝土加強磚造,63年8月2日,二層,一層 二層
RPSNMLNJLHJFFBM28CA,12,260.94,農舍,鋼筋混凝土造,91年7月4日,一層,一層
RPSNMLNJLHJFFBM28CA,8,78.70,見其他登記事項,見其他登記事項,94年11月24日,一層,一層
RPQPMLQLKHJFFAM58CA,20,82.90,住家用,鋼筋混凝土造,82年11月10日,十四層,五層
RPQPMLQLKHJFFAM58CA,20,10.42,見其他登記事項,鋼筋混凝土造,82年11月10日,十四層,
RPQPMLQLKHJFFAM58CA,20,8.97,見其他登記事項,鋼筋混凝土造,82年11月10日,十四層,
RPPNMLOJLHJFFDM28CA,14,103.60,住家用,鋼筋混凝土造,89年8月4日,五層,
RPPNMLOJLHJFFDM28CA,14,13.09,見其他登記事項,鋼筋混凝土造,89年8月4日,五層,
RPRNMLQLKHJFFCM68CA,10,63.88,農舍,見其他登記事項,93年4月13日,一層,一層
RPQOMLKKLHJFFCM08CA,19,400.53,農舍,鋼筋混凝土造,83年10月17日,三層,一層 二層 三層
RPOOMLNJLHJFFAM97DA,34,116.16,住商用,鋼筋混凝土加強磚造,69年5月27日,二層,騎樓 一層 二層
RPQNMLRLKHJFFBM68DA,22,23.45,住家用,鋼筋混凝土造,80年9月20日,九層,六層
RPQNMLRLKHJFFBM68DA,22,8.66,見其他登記事項,鋼筋混凝土造,80年9月20日,九層,
RPQNMLRLKHJFFBM68DA,22,4.71,見其他登記事項,鋼筋混凝土造,80年9月20日,十一層,
RPSOMLRLKHJFFCM09DA,3,52.45,農舍,見其他登記事項,100年5月11日,一層,一層
RPPNMLSJLHJFFCM58CA,34,132.42,見其他登記事項,鋼筋混凝土造,69年6月7日,三層,一層 二層 三層 騎樓
RPPNMLRLKHJFFCM58CA,33,56.10,住家用,加強磚造,69年9月10日,一層,一層
RPTOMLLLLHJFFCM58CA,19,148.72,住家用,加強磚造,84年6月1日,三層,一層 二層 三層
RPPNMLRLKHJFFAM38CA,29,88.42,住家用,鋼筋混凝土加強磚造,73年12月27日,二層,一層 二層 騎樓
RPRNMLOJLHJFFAM18CA,23,170.94,住家用,鋼筋混凝土造,79年9月24日,三層,一層 二層 三層
RPWNMLPJLHJFFBM88CA,,187.23,見其他登記事項,鋼筋混凝土造,102年9月2日,四層,一層 二層 三層 四層
RPUOMLLLLHJFFCM68CA,9,55.08,住家用,加強磚造,93年8月13日,一層,一層
RPUNMLNJLHJFFBM48CA,20,258.25,農舍,加強磚造,82年7月20日,二層,一層 二層
RPRNMLQJLHJFFAM38CA,23,146.70,農舍,加強磚造,79年10月2日,一層,一層
RPSNMLQJLHJFFAM48CA,,210.75,住家用,鋼筋混凝土造,102年8月19日,四層,一層 二層 三層 四層
RPQNMLQJLHJFFBM38CA,26,291.28,住商用,鋼筋混凝土造,76年12月24日,四層,一層 四層 騎樓 地下層 二層 三層
RPPOMLNJLHJFFAM97CA,34,96.27,住商用,鋼筋混凝土加強磚造,69年4月12日,二層,一層 二層 騎樓
RPVNMLMKLHJFFAM48CA,21,742.94,見其他登記事項,見其他登記事項,81年11月11日,一層,一層 地下層
RPOOMLMKLHJFFAM87CA,29,108.30,農舍,鋼筋混凝土造,74年4月3日,二層,一層 二層
RPPOMLMKLHJFFAM97CA,29,108.30,農舍,鋼筋混凝土造,74年4月3日,二層,一層 二層
RPXOMLRKLHJFFCM86CA,,220.82,見其他登記事項,鋼筋混凝土造,102年10月22日,四層,一層 二層 三層 四層 騎樓
RPRNMLRKLHJFFCM78CA,,220.82,見其他登記事項,鋼筋混凝土造,102年10月22日,四層,一層 二層 三層 四層 騎樓
RPQNMLNJLHJFFAM97CA,35,84.33,住家用,鋼筋混凝土加強磚造,68年7月2日,二層,一層 二層
RPUNMLRKLHJFFCM09CA,,197.46,住家用,鋼筋混凝土造,102年10月22日,四層,一層 二層 三層 四層
RPPOMLKKLHJFFCM08DA,11,31.82,見其他登記事項,見其他登記事項,92年7月15日,一層,一層
RPQNMLKKLHJFFDM08CA,,120.46,住商用,加強磚造,,二層,一層 二層 騎樓
RPTNMLSKLHJFFBM98CA,20,171.27,住商用,鋼筋混凝土造,82年10月30日,九層,一層 二層 騎樓
RPQNMLOJLHJFFCM28CA,22,141.95,住家用,加強磚造,81年5月27日,一層,一層
RPSNMLOJLHJFFAM28CA,19,93.18,住家用,鋼筋混凝土造,83年11月9日,十六層,六層
RPSNMLOJLHJFFAM28CA,19,14.11,見其他登記事項,鋼筋混凝土造,83年11月9日,十六層,
RPXNMLMKLHJFFCM88CA,34,74.10,住家用,磚造,69年5月20日,一層,騎樓 一層
RPVNMLOKLHJFFDM09DA,20,80.82,住家用,鋼筋混凝土造,83年5月24日,五層,三層
RPVNMLOKLHJFFDM09DA,20,25.26,見其他登記事項,鋼筋混凝土造,83年5月24日,五層,
RPVNMLRJLHJFFAM88CA,39,173.27,住商用,鋼筋混凝土加強磚造,64年5月28日,三層,二層 三層 一層 騎樓
RPVNMLQJLHJFFCM98CA,20,110.99,見其他登記事項,鋼筋混凝土造,83年7月7日,十三層,二層
RPVNMLQJLHJFFCM98CA,20,49.15,見其他登記事項,鋼筋混凝土造,83年7月7日,十三層,
RPOOMLQJLHJFFAM18CA,21,133.65,住家用,鋼筋混凝土造,81年9月23日,二層,一層 二層
RPSNMLLKLHJFFBM18CA,25,142.59,住家用,鋼筋混凝土造,78年5月31日,二層,一層 二層 夾層
RPQNMLRJLHJFFBM48CA,17,120.01,住家用,鋼筋混凝土造,86年6月30日,三層,一層 二層 三層
RPQNMLRJLHJFFBM48CA,17,.17,見其他登記事項,鋼筋混凝土造,86年6月30日,一層,
RPQNMLRJLHJFFBM48CA,17,35.47,停車空間,鋼筋混凝土造,86年6月30日,地下層,
RPTOMLSLLHJFFAM09CA,34,34.38,住商用,鋼筋混凝土加強磚造,69年4月25日,二層,騎樓 一層 二層
RPSNMLOJLHJFFBM38CA,22,153.00,住家用,鋼筋混凝土造,81年4月10日,三層,一層 二層 三層
RPPNMLTJLHJFFAM48CA,13,78.34,住家用,鋼筋混凝土造,89年12月14日,二層,一層 二層
RPXNMLQJLHJFFBM09CA,35,70.00,住家用,鋼筋混凝土加強磚造,68年6月26日,一層,一層
RPTNMLOKLHJFFCM68CA,,197.24,見其他登記事項,鋼筋混凝土造,102年12月3日,三層,一層 二層 三層 見其他登記事項
RPTNMLKLLHJFFAM18CA,28,120.40,住家用,鋼筋混凝土造,75年5月7日,二層,一層 二層
RPUNMLMKLHJFFAM38CA,32,94.10,住家用,鋼筋混凝土加強磚造,70年11月13日,四層,二層
RPUNMLMKLHJFFAM38CA,32,7.26,見其他登記事項,鋼筋混凝土加強磚造,70年11月12日,地下層,
RPVNMLLLLHJFFCM68CA,35,148.29,住商用,鋼筋混凝土加強磚造,67年10月17日,三層,一層 二層 三層 騎樓
RPQNMLSKLHJFFBM68CA,1,195.15,見其他登記事項,鋼筋混凝土造,102年4月11日,三層,一層 二層 三層 見其他登記事項
RPWNMLOKLHJFFCM98CA,,197.24,見其他登記事項,鋼筋混凝土造,102年12月3日,三層,一層 二層 三層 屋頂突出物
RPSNMLNKLHJFFCM48CA,,225.30,住家用,鋼筋混凝土造,102年11月22日,四層,一層 二層 三層 四層
RPUNMLQLLHJFFBM09DA,,261.86,見其他登記事項,鋼筋混凝土造,102年10月29日,三層,一層 二層 三層 見其他登記事項
RPTNMLNKLHJFFCM58CA,,212.83,住家用,鋼筋混凝土造,102年11月22日,四層,一層 二層 三層 四層
RPUNMLNKLHJFFCM68CA,,213.11,住家用,鋼筋混凝土造,102年11月22日,四層,四層 一層 二層 三層
RPVNMLNKLHJFFCM78CA,,107.17,住家用,鋼筋混凝土造,102年11月22日,四層,一層 二層 四層 三層
RPVNMLNKLHJFFCM78CA,,107.17,住家用,鋼筋混凝土造,102年11月22日,四層,三層 四層 一層 二層
RPWNMLNKLHJFFCM88CA,,214.34,住家用,鋼筋混凝土造,102年11月22日,四層,一層 二層 三層 四層
RPRNMLMKLHJFFEM48CA,10,156.48,住家用,鋼筋混凝土造,93年1月9日,三層,一層 二層 三層
RPSNMLMKLHJFFAM18CA,19,88.89,住家用,鋼筋混凝土造,83年10月7日,十一層,九層
RPSNMLMKLHJFFAM18CA,19,35.19,見其他登記事項,鋼筋混凝土造,83年10月7日,十一層,
RPTNMLLJMHJFFAM18CA,34,109.00,住商用,鋼筋混凝土加強磚造,68年10月22日,二層,一層 二層 騎樓
RPSNMLLJMHJFFEM48CA,18,141.24,住商用,鋼筋混凝土造,85年6月5日,三層,三層 屋頂突出物 一層 二層
RPSNMLRJLHJFFBM68CA,1,251.93,住家用,鋼筋混凝土造,102年5月28日,四層,一層 二層 三層 四層
RPTNMLRJLHJFFAM68CA,21,116.43,住家用,鋼筋混凝土造,81年12月21日,三層,一層 二層 三層
RPRNMLKKLHJFFCM08CA,8,146.97,住家用,鋼筋混凝土造,95年5月4日,三層,一層 二層 三層 屋頂突出物
RPWNMLLMLHJFFCM88CA,18,81.41,見其他登記事項,鋼筋混凝土造,85年2月9日,十五層,十二層
RPWNMLLMLHJFFCM88CA,18,20.22,見其他登記事項,鋼筋混凝土造,85年2月9日,十五層,
RPWNMLLMLHJFFCM88CA,18,.04,見其他登記事項,鋼筋混凝土造,85年2月9日,十五層,
RPWNMLLMLHJFFCM88CA,18,9.10,見其他登記事項,鋼筋混凝土造,85年2月9日,十五層,
RPVNMLLLLHJFFBM58CA,,187.23,見其他登記事項,鋼筋混凝土造,102年9月2日,四層,一層 二層 三層 四層
RPQNMLRJLHJFFDM68CA,20,148.50,農舍,鋼筋混凝土造,82年10月28日,二層,一層 二層
RPPNMLRKLHJFFDM68CA,21,168.39,住家用,鋼筋混凝土造,82年4月29日,三層,一層 二層 三層 電梯樓梯間
RPOOMLMKLHJFFCM08CA,19,46.97,見其他登記事項,鋼筋混凝土造,83年12月31日,十二層,二層
RPOOMLMKLHJFFCM08CA,19,46.97,見其他登記事項,鋼筋混凝土造,83年12月31日,十二層,二層
RPOOMLMKLHJFFCM08CA,19,.18,見其他登記事項,鋼筋混凝土造,83年12月31日,十二層,
RPUNMLPLLHJFFDM09CA,18,118.80,住商用,鋼筋混凝土造,85年4月24日,七層,一層 二層 騎樓
RPUNMLPLLHJFFDM09CA,18,32.33,見其他登記事項,鋼筋混凝土造,85年4月24日,七層,
RPUNMLPLLHJFFDM09CA,18,122.88,住商用,鋼筋混凝土造,85年4月24日,七層,一層 二層 騎樓
RPUNMLPLLHJFFDM09CA,18,25.10,見其他登記事項,鋼筋混凝土造,85年4月24日,七層,
RPUNMLKLLHJFFEM68CA,20,174.38,住商用,鋼筋混凝土造,83年5月3日,四層,一層 二層 三層 四層 騎樓
RPSNMLQLLHJFFBM78CA,,193.83,見其他登記事項,鋼筋混凝土造,102年9月2日,四層,一層 二層 三層 四層
RPQNMLSLLHJFFBM78CA,20,89.50,住家用,鋼筋混凝土造,82年12月21日,十二層,七層
RPQNMLSLLHJFFBM78CA,20,13.80,見其他登記事項,鋼筋混凝土造,82年12月21日,十二層,
RPPNMLPLLHJFFCM48CA,35,111.60,住家用,加強磚造,68年6月22日,二層,一層 二層
RPUNMLLMLHJFFCM68CA,20,99.35,見其他登記事項,鋼筋混凝土造,83年7月7日,十三層,十三層
RPWNMLKKLHJFFCM58CA,20,87.12,住家用,鋼筋混凝土造,82年12月20日,四層,二層
RPPOMLRKLHJFFCM68CA,19,27.03,見其他登記事項,鋼筋混凝土造,83年10月13日,十二層,四層
RPPOMLRKLHJFFCM68CA,19,13.71,見其他登記事項,鋼筋混凝土造,83年10月13日,十二層,
RPWNMLMKLHJFFCM78CA,33,104.02,住家用,鋼筋混凝土加強磚造,70年1月15日,二層,一層 二層
RPPNMLLKLHJFFCM97CA,15,94.03,見其他登記事項,鋼筋混凝土造,87年12月31日,八層,五層
RPPNMLLKLHJFFCM97CA,15,58.83,見其他登記事項,鋼筋混凝土造,87年12月31日,八層,
RPWNMLLLLHJFFCM78CA,9,157.24,住商用,鋼筋混凝土造,93年10月5日,十層,一層 二層 三層
RPWNMLLLLHJFFCM78CA,9,59.90,見其他登記事項,鋼筋混凝土造,93年10月5日,十層,
RPTOMLMKLHJFFAM38CA,,192.80,住家用,鋼筋混凝土造,102年12月17日,四層,一層 二層 三層 四層
RPRNMLMKLHJFFCM28CA,9,141.22,見其他登記事項,鋼筋混凝土造,94年2月5日,三層,一層 二層 三層 屋頂突出物
RPROMLKLLHJFFAM08CA,33,103.80,住家用,加強磚造,70年1月28日,二層,一層 二層 騎樓
RPOOMLNKLHJFFBM08CA,20,86.80,住家用,鋼筋混凝土造,82年12月21日,十二層,八層
RPOOMLNKLHJFFBM08CA,20,14.84,見其他登記事項,鋼筋混凝土造,82年12月21日,十二層,
RPVNMLOLLHJFFAM78CA,,69.83,農舍,見其他登記事項,103年1月6日,一層,一層
RPSOMLKLLHJFFAM18CA,14,143.11,住家用,鋼筋混凝土造,88年8月17日,三層,一層 二層 三層 屋頂突出物
RPUNMLOKLHJFFBM68CA,38,86.00,住家用,鋼筋混凝土加強磚造,65年8月2日,二層,一層 二層
RPWNMLMKLHJFFAM58CA,24,177.23,住家用,加強磚造,78年7月28日,二層,一層 二層
RPPNMLLKLHJFFBM87CA,31,100.80,國民住宅,鋼筋混凝土造,72年4月12日,四層,四層
RPPNMLLKLHJFFBM87CA,31,5.40,國民住宅,鋼筋混凝土造,72年4月12日,四層,
RPPNMLLKLHJFFBM87CA,31,1.68,國民住宅,鋼筋混凝土造,72年4月12日,四層,
RPPNMLLKLHJFFBM87CA,31,.84,國民住宅,鋼筋混凝土造,72年4月12日,四層,
RPRNMLMKLHJFFBM18CA,1,229.46,住家用,鋼筋混凝土造,102年3月8日,四層,一層 二層 三層 四層
RPUOMLMKLHJFFAM48CA,,197.23,住家用,鋼筋混凝土造,102年12月17日,四層,一層 二層 三層 四層
RPTNMLLKLHJFFCM38CA,19,29.25,見其他登記事項,鋼筋混凝土造,83年11月28日,九層,五層
RPTNMLLKLHJFFCM38CA,19,11.27,見其他登記事項,鋼筋混凝土造,83年11月28日,九層,
RPVNMLKLLHJFFCM58CA,16,250.48,農舍,鋼筋混凝土加強磚造,87年2月20日,二層,一層 二層 屋頂突出物
RPVNMLLMLHJFFCM78CA,2,199.76,住家用,鋼筋混凝土造,101年4月26日,三層,三層 一層 二層
RPUNMLRLLHJFFBM09CA,2,267.07,住家用,鋼筋混凝土造,100年11月9日,三層,一層 二層 三層
RPSNMLSKLHJFFBM88CA,18,206.46,住家用,鋼筋混凝土造,84年10月14日,四層,一層 二層 三層 四層 騎樓
RPSNMLSKLHJFFBM88CA,18,205.12,住家用,鋼筋混凝土造,84年10月14日,四層,一層 二層 三層 四層 騎樓
RPPNMLPKLHJFFDM48CA,24,170.28,住家用,鋼筋混凝土造,79年6月10日,三層,一層 二層 三層
RPRNMLMKLHJFFDM38CA,23,149.46,住商用,鋼筋混凝土造,79年9月3日,三層,騎樓 一層 二層 三層
RPSNMLMKLHJFFDM48CA,30,379.36,住商用,鋼筋混凝土加強磚造,73年4月7日,二層,一層 二層
RPUNMLOKLHJFFDM88CA,22,332.45,農舍,鋼筋混凝土造,81年1月11日,三層,一層 二層 三層
RPPNMLPLLHJFFEM68CA,13,167.09,住商用,鋼筋混凝土造,89年11月30日,三層,一層 二層 三層 騎樓
RPTNMLTKLHJFFCM66DA,18,192.55,住家用,鋼筋混凝土造,85年1月15日,四層,一層 二層 三層 四層
RPPNMLLJMHJFFBM97DA,,261.75,見其他登記事項,鋼筋混凝土造,102年10月29日,三層,一層 二層 三層 見其他登記事項
RPQNMLLJMHJFFEM28CA,45,270.08,商業用,鋼筋混凝土加強磚造,58年7月1日,四層,地下層 一層 二層 三層 四層 騎樓
RPRNMLOKLHJFFBM48DA,23,126.13,商業用,鋼筋混凝土造,80年3月23日,十二層,四層
RPRNMLOKLHJFFBM48DA,23,64.35,見其他登記事項,鋼筋混凝土造,80年3月23日,十二層,
RPRNMLOKLHJFFBM48DA,23,7.84,見其他登記事項,鋼筋混凝土造,80年3月23日,十二層,
RPRNMLOLLHJFFBM48CA,6,195.20,住家用,鋼筋混凝土造,97年1月16日,四層,一層 二層 三層 四層
RPPNMLRJMHJFFBM48CA,19,7246.16,見其他登記事項,見其他登記事項,82年11月19日,一層,一層
RPPNMLRJMHJFFBM48CA,19,2731.70,見其他登記事項,見其他登記事項,82年11月19日,一層,一層
RPSNMLTKLHJFFBM98CA,22,44.82,住家用,鋼筋混凝土造,81年1月30日,六層,五層
RPSNMLTKLHJFFBM98CA,22,16.88,見其他登記事項,鋼筋混凝土造,81年1月30日,六層,
RPOPMLSLLHJFFCM88CA,,197.24,見其他登記事項,鋼筋混凝土造,102年12月3日,三層,一層 二層 三層 見其他登記事項
RPPNMLLMLHJFFCM18CA,20,153.87,住家用,鋼筋混凝土造,83年7月6日,四層,一層 二層 三層 四層
RPQOMLKLLHJFFAM97CA,40,17.88,住家用,磚造,63年5月4日,一層,一層
RPSNMLNKLHJFFAM28CA,6,229.37,住家用,鋼筋混凝土造,96年11月19日,四層,一層 二層 三層 四層
RPQNMLOKLHJFFAM18CA,19,94.51,住家用,鋼筋混凝土造,83年11月9日,十六層,十三層
RPQNMLOKLHJFFAM18CA,19,21.33,見其他登記事項,鋼筋混凝土造,83年11月9日,十六層,
RPRNMLNKLHJFFBM28CA,13,254.90,住家用,鋼筋混凝土造,89年10月2日,二層,一層 二層 電梯樓梯間
RPRNMLSKLHJFFAM68CA,,255.37,見其他登記事項,鋼筋混凝土造,102年9月18日,三層,一層 二層 三層 屋頂突出物
RPSNMLRKLHJFFAM68CA,19,88.89,住家用,鋼筋混凝土造,83年10月7日,十一層,七層
RPQOMLRKLHJFFCM78CA,34,201.45,住商用,鋼筋混凝土造,69年7月11日,三層,三層 騎樓 一層 二層
RPWOMLLLLHJFFCM88CA,1,243.77,見其他登記事項,鋼筋混凝土造,101年8月13日,四層,一層 二層 三層 四層 騎樓 見其他登記事項
RPVOMLRKLHJFFCM66CA,20,89.44,住家用,鋼筋混凝土造,83年8月13日,十五層,十一層
RPVNMLPLLHJFFDM56CA,19,162.07,住家用,鋼筋混凝土造,83年8月5日,三層,一層 二層 三層
RPVNMLSKLHJFFDM76CA,11,172.09,住商用,鋼筋混凝土造,92年5月5日,二層,一層 二層 騎樓 電梯樓梯間
RPSNMLPLLHJFFDM88CA,28,135.75,住商用,鋼筋混凝土加強磚造,75年3月5日,三層,一層 二層 三層 騎樓
RPPNMLLKMHJFFAM97DA,20,114.66,住家用,鋼筋混凝土造,83年5月3日,三層,一層 二層 三層
RPPNMLOKLHJFFBM28DA,40,112.80,住商用,鋼筋混凝土加強磚造,62年10月19日,二層,一層 二層 騎樓
RPRNMLKLLHJFFBM08CA,35,80.12,住家用,加強磚造,68年8月2日,二層,一層 二層
RPPNMLTKLHJFFBM68CA,4,178.72,農舍,見其他登記事項,99年7月9日,二層,一層 二層
RPOOMLLMLHJFFCM18CA,19,31.92,見其他登記事項,鋼筋混凝土造,83年11月28日,九層,一層
RPOOMLLMLHJFFCM18CA,19,17.47,見其他登記事項,鋼筋混凝土造,83年11月28日,九層,
RPPOMLLMLHJFFCM28CA,19,31.75,見其他登記事項,鋼筋混凝土造,83年11月28日,九層,三層
RPPOMLLMLHJFFCM28CA,19,11.61,見其他登記事項,鋼筋混凝土造,83年11月28日,九層,
RPSNMLNJMHJFFBM38CA,35,95.41,住家用,鋼筋混凝土加強磚造,67年9月8日,二層,一層 二層
RPPNMLLMLHJFFEM38CA,8,93.43,住商用,見其他登記事項,95年6月2日,二層,一層 二層 騎樓
RPPNMLLMLHJFFEM38CA,8,4.94,見其他登記事項,見其他登記事項,95年6月2日,五層,
RPPNMLLMLHJFFEM38CA,8,38.62,見其他登記事項,見其他登記事項,95年6月2日,一層,
RPPNMLLMLHJFFEM38CA,8,92.75,住家用,見其他登記事項,95年6月2日,三層,三層
RPPNMLLMLHJFFEM38CA,8,25.25,見其他登記事項,見其他登記事項,95年6月2日,五層,
RPPNMLLMLHJFFEM38CA,8,38.31,見其他登記事項,見其他登記事項,95年6月2日,一層,
RPPNMLLMLHJFFEM38CA,8,.33,見其他登記事項,見其他登記事項,95年6月2日,一層,
RPPNMLLMLHJFFEM38CA,8,92.75,住家用,見其他登記事項,95年6月2日,五層,五層
RPPNMLLMLHJFFEM38CA,8,25.25,見其他登記事項,見其他登記事項,95年6月2日,五層,
RPPNMLLMLHJFFEM38CA,8,38.31,見其他登記事項,見其他登記事項,95年6月2日,一層,
RPPNMLLMLHJFFEM38CA,8,.33,見其他登記事項,見其他登記事項,95年6月2日,一層,
RPPNMLLMLHJFFEM38CA,8,92.75,住家用,見其他登記事項,95年6月2日,四層,四層
RPPNMLLMLHJFFEM38CA,8,25.25,見其他登記事項,見其他登記事項,95年6月2日,五層,
RPPNMLLMLHJFFEM38CA,8,38.31,見其他登記事項,見其他登記事項,95年6月2日,一層,
RPPNMLLMLHJFFEM38CA,8,.33,見其他登記事項,見其他登記事項,95年6月2日,一層,
RPPNMLLMLHJFFEM38CA,8,96.54,住商用,見其他登記事項,95年6月2日,二層,一層 二層 騎樓
RPPNMLLMLHJFFEM38CA,8,5.10,見其他登記事項,見其他登記事項,95年6月2日,五層,
RPPNMLLMLHJFFEM38CA,8,39.84,見其他登記事項,見其他登記事項,95年6月2日,一層,
RPPNMLLMLHJFFEM38CA,8,96.54,住商用,見其他登記事項,95年6月2日,二層,一層 二層 騎樓
RPPNMLLMLHJFFEM38CA,8,5.10,見其他登記事項,見其他登記事項,95年6月2日,五層,
RPPNMLLMLHJFFEM38CA,8,39.84,見其他登記事項,見其他登記事項,95年6月2日,一層,
RPPNMLLMLHJFFEM38CA,8,87.81,住家用,見其他登記事項,95年6月2日,三層,三層
RPPNMLLMLHJFFEM38CA,8,23.91,見其他登記事項,見其他登記事項,95年6月2日,五層,
RPPNMLLMLHJFFEM38CA,8,36.24,見其他登記事項,見其他登記事項,95年6月2日,一層,
RPPNMLLMLHJFFEM38CA,8,.31,見其他登記事項,見其他登記事項,95年6月2日,一層,
RPPNMLLMLHJFFEM38CA,8,87.81,住家用,見其他登記事項,95年6月2日,五層,五層
RPPNMLLMLHJFFEM38CA,8,23.91,見其他登記事項,見其他登記事項,95年6月2日,五層,
RPPNMLLMLHJFFEM38CA,8,36.24,見其他登記事項,見其他登記事項,95年6月2日,一層,
RPPNMLLMLHJFFEM38CA,8,.31,見其他登記事項,見其他登記事項,95年6月2日,一層,
RPPNMLLMLHJFFEM38CA,8,87.81,住家用,見其他登記事項,95年6月2日,四層,四層
RPPNMLLMLHJFFEM38CA,8,23.91,見其他登記事項,見其他登記事項,95年6月2日,五層,
RPPNMLLMLHJFFEM38CA,8,36.24,見其他登記事項,見其他登記事項,95年6月2日,一層,
RPPNMLLMLHJFFEM38CA,8,.31,見其他登記事項,見其他登記事項,95年6月2日,一層,
RPPNMLLMLHJFFEM38CA,8,93.43,住商用,見其他登記事項,95年6月2日,二層,一層 騎樓 二層
RPPNMLLMLHJFFEM38CA,8,4.93,見其他登記事項,見其他登記事項,95年6月2日,五層,
RPPNMLLMLHJFFEM38CA,8,38.62,見其他登記事項,見其他登記事項,95年6月2日,一層,
RPPNMLLMLHJFFEM38CA,8,93.43,住商用,見其他登記事項,95年6月2日,二層,一層 二層 騎樓
RPPNMLLMLHJFFEM38CA,8,6.09,見其他登記事項,見其他登記事項,95年6月2日,五層,
RPPNMLLMLHJFFEM38CA,8,38.62,見其他登記事項,見其他登記事項,95年6月2日,一層,
RPPNMLLMLHJFFEM38CA,8,87.81,住家用,見其他登記事項,95年6月2日,三層,三層
RPPNMLLMLHJFFEM38CA,8,31.33,見其他登記事項,見其他登記事項,95年6月2日,五層,
RPPNMLLMLHJFFEM38CA,8,36.24,見其他登記事項,見其他登記事項,95年6月2日,一層,
RPPNMLLMLHJFFEM38CA,8,.31,見其他登記事項,見其他登記事項,95年6月2日,一層,
RPPNMLLMLHJFFEM38CA,8,87.81,住家用,見其他登記事項,95年6月2日,五層,五層
RPPNMLLMLHJFFEM38CA,8,31.33,見其他登記事項,見其他登記事項,95年6月2日,五層,
RPPNMLLMLHJFFEM38CA,8,36.24,見其他登記事項,見其他登記事項,95年6月2日,一層,
RPPNMLLMLHJFFEM38CA,8,.31,見其他登記事項,見其他登記事項,95年6月2日,一層,
RPPNMLLMLHJFFEM38CA,8,87.81,住家用,見其他登記事項,95年6月2日,四層,四層
RPPNMLLMLHJFFEM38CA,8,31.33,見其他登記事項,見其他登記事項,95年6月2日,五層,
RPPNMLLMLHJFFEM38CA,8,36.24,見其他登記事項,見其他登記事項,95年6月2日,一層,
RPPNMLLMLHJFFEM38CA,8,.31,見其他登記事項,見其他登記事項,95年6月2日,一層,
RPPNMLLMLHJFFEM38CA,8,96.54,住商用,見其他登記事項,95年6月2日,二層,二層 騎樓 一層
RPPNMLLMLHJFFEM38CA,8,6.29,見其他登記事項,見其他登記事項,95年6月2日,五層,
RPPNMLLMLHJFFEM38CA,8,39.84,見其他登記事項,見其他登記事項,95年6月2日,一層,
RPPNMLLMLHJFFEM38CA,8,96.54,住商用,見其他登記事項,95年6月2日,二層,二層 騎樓 一層
RPPNMLLMLHJFFEM38CA,8,6.30,見其他登記事項,見其他登記事項,95年6月2日,五層,
RPPNMLLMLHJFFEM38CA,8,39.77,見其他登記事項,見其他登記事項,95年6月2日,一層,
RPPNMLLMLHJFFEM38CA,8,96.40,住家用,見其他登記事項,95年6月2日,三層,三層
RPPNMLLMLHJFFEM38CA,8,34.40,見其他登記事項,見其他登記事項,95年6月2日,五層,
RPPNMLLMLHJFFEM38CA,8,39.84,見其他登記事項,見其他登記事項,95年6月2日,一層,
RPPNMLLMLHJFFEM38CA,8,.34,見其他登記事項,見其他登記事項,95年6月2日,一層,
RPPNMLLMLHJFFEM38CA,8,96.40,住家用,見其他登記事項,95年6月2日,五層,五層
RPPNMLLMLHJFFEM38CA,8,34.40,見其他登記事項,見其他登記事項,95年6月2日,五層,
RPPNMLLMLHJFFEM38CA,8,39.84,見其他登記事項,見其他登記事項,95年6月2日,一層,
RPPNMLLMLHJFFEM38CA,8,.34,見其他登記事項,見其他登記事項,95年6月2日,一層,
RPPNMLLMLHJFFEM38CA,8,96.40,住家用,見其他登記事項,95年6月2日,四層,四層
RPPNMLLMLHJFFEM38CA,8,34.40,見其他登記事項,見其他登記事項,95年6月2日,五層,
RPPNMLLMLHJFFEM38CA,8,39.84,見其他登記事項,見其他登記事項,95年6月2日,一層,
RPPNMLLMLHJFFEM38CA,8,.34,見其他登記事項,見其他登記事項,95年6月2日,一層,
RPPNMLLMLHJFFEM38CA,8,95.03,住商用,見其他登記事項,95年6月2日,二層,一層 二層 騎樓
RPPNMLLMLHJFFEM38CA,8,6.19,見其他登記事項,見其他登記事項,95年6月2日,五層,
RPPNMLLMLHJFFEM38CA,8,39.15,見其他登記事項,見其他登記事項,95年6月2日,一層,
RPUOMLRKLHJFFCM56CA,21,100.39,住家用,鋼筋混凝土造,82年6月9日,四層,二層
RPPNMLOKLHJFFAM08CA,34,94.94,住家用,鋼筋混凝土加強磚造,68年10月17日,二層,一層 二層
RPTNMLSKLHJFFCM09CA,15,41.63,見其他登記事項,鋼筋混凝土造,87年12月31日,八層,七層
RPQNMLSKLHJFFCM78CA,18,193.13,住家用,鋼筋混凝土造,84年10月26日,三層,一層 二層 三層
RPQOMLSKLHJFFAM68CA,34,98.79,住商用,鋼筋混凝土加強磚造,69年1月23日,二層,一層 二層 騎樓
RPVNMLNJMHJFFAM58CA,20,169.59,住家用,鋼筋混凝土造,83年3月31日,四層,一層 二層 三層 四層
RPVNMLNJMHJFFAM58CA,20,1.39,見其他登記事項,鋼筋混凝土造,83年3月31日,四層,
RPRNMLLLLHJFFAM08CA,22,188.83,住家用,鋼筋混凝土造,80年8月17日,三層,一層 二層 三層
RPWNMLKLLHJFFAM48CA,34,95.06,住商用,鋼筋混凝土加強磚造,69年1月11日,二層,一層 二層
RPOOMLOLLHJFFAM18CA,,197.23,住家用,鋼筋混凝土造,102年12月17日,四層,一層 二層 三層 四層
RPWNMLSKLHJFFAM56CA,34,102.42,住商用,鋼筋混凝土加強磚造,69年6月4日,二層,一層 二層
RPRNMLOJMHJFFCM48CA,19,133.68,住家用,鋼筋混凝土造,83年9月22日,三層,三層 一層 二層
RPWNMLSLLHJFFCM86CA,17,106.94,住家用,鋼筋混凝土造,85年11月19日,二層,一層 二層 屋頂突出物
RPPOMLRLLHJFFBM68CA,18,150.20,住家用,鋼筋混凝土造,84年12月30日,四層,一層 二層 三層 四層
RPPOMLRLLHJFFBM68CA,18,27.50,見其他登記事項,鋼筋混凝土造,84年12月30日,四層,
RPRNMLSLLHJFFAM88DA,37,73.53,住家用,鋼筋混凝土加強磚造,66年2月23日,一層,一層
RPQNMLKLLHJFFDM18CA,18,82.24,見其他登記事項,鋼筋混凝土造,85年3月21日,八層,三層
RPWNMLOKLHJFFDM09CA,35,114.60,住商用,鋼筋混凝土加強磚造,68年6月2日,二層,一層 二層 騎樓
RPPNMLTKLHJFFAM68DA,21,82.99,住家用,鋼筋混凝土造,82年3月22日,八層,三層
RPPNMLTKLHJFFAM68DA,21,19.20,見其他登記事項,鋼筋混凝土造,82年3月22日,八層,
RPRNMLNJMHJFFBM28CA,32,108.50,住商用,鋼筋混凝土造,71年1月15日,二層,一層 二層
RPPNMLOJMHJFFBM18CA,31,72.45,國民住宅,鋼筋混凝土造,72年4月12日,四層,二層
RPRNMLMJMHJFFCM28CA,29,123.39,住家用,鋼筋混凝土造,74年4月3日,二層,一層 二層 騎樓
RPVNMLSJMHJFFBM56CA,,260.49,見其他登記事項,鋼筋混凝土造,102年10月29日,三層,一層 二層 三層 見其他登記事項
RPSNMLTKLHJFFCM09CA,16,176.85,住家用,鋼筋混凝土造,86年11月19日,四層,一層 二層 三層 四層 屋頂突出物
RPUNMLRLLHJFFAM98CA,11,220.74,住家用,鋼筋混凝土造,92年8月19日,四層,一層 二層 三層 四層 見其他登記事項
RPTNMLTKLHJFFAM98CA,9,82.95,住家用,鋼筋混凝土造,94年7月28日,五層,四層
RPQNMLKLLHJFFCM08CA,2,182.14,見其他登記事項,鋼筋混凝土造,100年6月27日,三層,三層 見其他登記事項 一層 二層
RPPNMLRJMHJFFAM38CA,13,169.09,住家用,鋼筋混凝土造,90年1月18日,三層,一層 二層 三層 屋頂突出物
RPWNMLKLLHJFFCM68CA,15,61.92,見其他登記事項,鋼筋混凝土造,87年12月31日,八層,五層
RPWNMLKLLHJFFCM68CA,15,62.39,見其他登記事項,鋼筋混凝土造,87年12月31日,八層,
RPRNMLLKMHJFFCM28CA,19,28.77,見其他登記事項,鋼筋混凝土造,83年11月28日,九層,五層
RPRNMLLKMHJFFCM28CA,19,11.08,見其他登記事項,鋼筋混凝土造,83年11月28日,九層,
RPRNMLKLLHJFFDM28CA,32,85.22,見其他登記事項,鋼筋混凝土加強磚造,71年8月2日,二層,一層 二層
RPPNMLOLLHJFFBM28CA,1,203.39,住家用,鋼筋混凝土造,102年4月11日,四層,一層 二層 三層 四層
RPWNMLKLLHJFFBM58CA,16,140.90,住家用,鋼筋混凝土造,86年12月3日,三層,一層 二層 三層 電梯樓梯間
RPRNMLRLLHJFFAM78DA,36,89.54,住家用,鋼筋混凝土加強磚造,66年9月22日,三層,一層 二層 三層
RPTNMLPLLHJFFDM98CA,1,180.83,住家用,鋼筋混凝土造,102年5月7日,三層,二層 一層 三層
RPSOMLKLLHJFFBM28CA,21,125.49,住商用,鋼筋混凝土造,82年3月8日,二層,騎樓 一層 二層
RPQNMLOLLHJFFBM38CA,1,177.75,見其他登記事項,鋼筋混凝土造,102年4月11日,三層,一層 二層 三層 見其他登記事項
RPTOMLOLLHJFFCM88CA,9,118.06,見其他登記事項,鋼筋混凝土造,93年11月16日,九層,三層
RPRNMLOLLHJFFCM58CA,18,61.26,見其他登記事項,鋼筋混凝土造,85年2月9日,十五層,六層
RPUNMLPLLHJFFCM98CA,,221.14,見其他登記事項,鋼筋混凝土造,102年10月22日,四層,一層 二層 三層 四層 騎樓
RPTNMLPLLHJFFCM88CA,,198.81,見其他登記事項,鋼筋混凝土造,102年10月22日,四層,一層 二層 三層 四層
RPXNMLLMLHJFFCM98CA,24,327.93,住家用,鋼筋混凝土造,79年1月4日,二層,一層 二層
RPSNMLPLLHJFFCM78CA,,200.41,住家用,鋼筋混凝土造,102年10月22日,四層,二層 三層 四層 一層
RPTNMLLKMHJFFCM48CA,19,11.68,見其他登記事項,鋼筋混凝土造,83年11月28日,九層,
RPTNMLLKMHJFFCM48CA,19,31.92,見其他登記事項,鋼筋混凝土造,83年11月28日,九層,三層
RPXNMLQKMHJFFCM76CA,,56.86,農舍,見其他登記事項,102年11月28日,二層,一層 二層
RPSNMLKLLHJFFCM28CA,34,54.30,住家用,鋼筋混凝土加強磚造,69年2月11日,一層,一層
RPROMLLLLHJFFCM38CA,20,86.58,見其他登記事項,鋼筋混凝土造,83年1月14日,十一層,六層
RPROMLLLLHJFFCM38CA,20,23.72,見其他登記事項,鋼筋混凝土造,83年1月14日,十一層,
RPVNMLRLLHJFFAM09CA,19,210.96,見其他登記事項,鋼筋混凝土造,83年11月9日,十六層,一層 二層 騎樓
RPQNMLPLLHJFFAM38CA,22,190.64,住家用,鋼筋混凝土造,81年8月24日,三層,一層 二層 三層 屋頂突出物 騎樓
RPVNMLSLLHJFFAM56CA,20,127.80,住家用,鋼筋混凝土造,83年6月18日,三層,一層 二層 三層
RPWNMLQLLHJFFAM09CA,35,102.80,住商用,鋼筋混凝土加強磚造,68年9月1日,二層,一層 二層 騎樓
RPTNMLRLLHJFFAM88CA,36,97.94,住商用,鋼筋混凝土加強磚造,67年5月10日,二層,一層 二層 騎樓
RPQNMLMJMHJFFAM97CA,8,65.00,農舍,加強磚造,94年12月26日,一層,一層
RPPNMLQLLHJFFAM38CA,20,100.92,住家用,鋼筋混凝土造,82年11月10日,十四層,十二層
RPQNMLOLLHJFFAM28CA,19,102.19,住家用,鋼筋混凝土造,83年11月9日,十六層,九層
RPQNMLOLLHJFFAM28CA,19,22.52,見其他登記事項,鋼筋混凝土造,83年11月9日,十六層,
RPUNMLOLLHJFFAM68CA,11,31.92,住家用,見其他登記事項,91年10月9日,一層,一層
RPPNMLQLLHJFFCM58CA,39,89.53,住家用,鋼筋混凝土加強磚造,64年2月3日,二層,一層 二層
RPXNMLLLLHJFFBM78CA,,33.43,住家用,磚造,,一層,一層
RPQNMLOJMHJFFBM28CA,17,139.88,住家用,鋼筋混凝土造,85年11月25日,三層,一層 二層 三層 騎樓 電梯樓梯間
RPPNMLKKMHJFFBM87CA,23,218.40,住家用,鋼筋混凝土造,80年6月25日,三層,一層 二層 三層
RPRNMLQLLHJFFDM88CA,20,207.60,住家用,鋼筋混凝土造,83年1月12日,三層,一層 二層 三層
RPSNMLRLLHJFFAM88DA,36,77.20,住家用,鋼筋混凝土加強磚造,67年5月12日,二層,一層 二層
RPSNMLOLLHJFFEM88CA,20,151.24,住家用,鋼筋混凝土造,83年3月10日,三層,一層 二層 三層
RPTNMLOLLHJFFCM78CA,32,128.06,住家用,加強磚造,71年7月26日,二層,一層 二層 騎樓
RPVOMLSLLHJFFAM66CA,20,226.98,住家用,鋼筋混凝土造,83年3月31日,三層,二層 三層 屋頂突出物 地下層 一層
RPTNMLLMLHJFFAM38CA,34,44.43,住家用,鋼筋混凝土加強磚造,69年2月1日,二層,一層 二層
RPTNMLLMLHJFFAM38CA,34,44.43,住家用,鋼筋混凝土加強磚造,69年2月1日,二層,一層 二層
RPPNMLPLLHJFFAM28CA,3,375.42,見其他登記事項,鋼筋混凝土造,100年2月8日,四層,一層 二層 三層 四層 地下一層
RPSNMLLMLHJFFAM28CA,34,66.56,住家用,鋼筋混凝土加強磚造,69年2月1日,二層,一層 二層
RPSNMLLMLHJFFAM28CA,34,66.56,住家用,鋼筋混凝土加強磚造,69年2月1日,二層,一層 二層
RPSNMLLMLHJFFAM28CA,34,133.12,住家用,鋼筋混凝土加強磚造,69年2月1日,二層,一層 二層
RPWNMLMJMHJFFAM58CA,22,149.45,見其他登記事項,鋼筋混凝土造,81年1月28日,二層,二層 騎樓 一層
RPSNMLRJMHJFFAM68CA,20,227.74,住家用,鋼筋混凝土造,83年8月25日,四層,一層 二層 三層 四層 屋頂突出物 地下層
RPSNMLQLLHJFFAM68CA,8,56.17,住家用,鋼筋混凝土造,94年12月13日,十一層,六層
RPSNMLQLLHJFFAM68CA,8,56.17,住家用,鋼筋混凝土造,94年12月13日,十一層,六層
RPSNMLQLLHJFFAM68CA,8,10.84,見其他登記事項,鋼筋混凝土造,94年12月13日,十一層,
RPSNMLQLLHJFFAM68CA,8,7.22,見其他登記事項,鋼筋混凝土造,94年12月13日,十一層,
RPSNMLQLLHJFFAM68CA,8,10.84,見其他登記事項,鋼筋混凝土造,94年12月13日,十一層,
RPSNMLQLLHJFFAM68CA,8,7.22,見其他登記事項,鋼筋混凝土造,94年12月13日,十一層,
RPQNMLKKMHJFFCM08CA,15,125.79,見其他登記事項,鋼筋混凝土造,87年10月19日,三層,一層 二層 三層
RPROMLRLLHJFFAM78CA,27,108.00,住家用,鋼筋混凝土加強磚造,76年3月19日,二層,一層 二層
RPXOMLSLLHJFFCM07CA,13,90.30,住家用,鋼筋混凝土造,89年11月21日,二層,一層 二層 屋頂突出物
RPPNMLRJMHJFFCM58CA,18,86.80,見其他登記事項,鋼筋混凝土造,85年2月9日,十五層,九層
RPPNMLRJMHJFFCM58CA,18,3093.94,見其他登記事項,鋼筋混凝土造,85年2月9日,十五層,
RPPNMLRJMHJFFCM58CA,18,.07,見其他登記事項,鋼筋混凝土造,85年2月9日,十五層,
RPPNMLRJMHJFFCM58CA,18,20.94,見其他登記事項,鋼筋混凝土造,85年2月9日,十五層,
RPPNMLNJMHJFFCM18CA,34,120.57,住商用,加強磚造,69年6月14日,二層,一層 二層 騎樓
RPPNMLPLLHJFFBM38CA,21,115.14,住家用,鋼筋混凝土造,81年10月30日,三層,一層 二層 三層
RPVNMLLKMHJFFBM58CA,,187.23,見其他登記事項,鋼筋混凝土造,102年9月2日,四層,一層 二層 三層 四層
RPRNMLMJMHJFFDM38CA,52,116.36,住家用,鋼筋混凝土加強磚造,51年6月1日,二層,一層 二層 騎樓
RPRNMLSLLHJFFDM09CA,39,276.06,住商用,鋼筋混凝土加強磚造,64年4月10日,三層,一層 二層 三層 騎樓
RPROMLRJMHJFFDM98CA,43,77.76,住商用,鋼筋混凝土加強磚造,60年6月30日,二層,一層 二層
RPPNMLPLLHJFFDM58CA,13,177.28,住家用,鋼筋混凝土造,90年5月22日,三層,一層 二層 三層 屋頂突出物
RPRNMLLMLHJFFCM48DA,20,124.89,住家用,鋼筋混凝土造,83年5月3日,三層,一層 二層 三層
RPPNMLQLLHJFFBM58DA,38,123.99,住商用,鋼筋混凝土加強磚造,65年8月2日,二層,一層 二層 騎樓
RPTOMLSLLHJFFCM66CA,41,92.47,住商用,鋼筋混凝土加強磚造,62年1月10日,三層,騎樓 一層 二層 三層
RPPNMLRLLHJFFAM48CA,22,188.42,住商用,鋼筋混凝土造,81年1月30日,三層,一層 二層 三層 騎樓
RPWNMLNJMHJFFAM68CA,19,120.51,住家用,鋼筋混凝土造,83年11月9日,十六層,十四層
RPWNMLNJMHJFFAM68CA,19,15.63,見其他登記事項,鋼筋混凝土造,83年11月9日,十六層,
RPRNMLRJMHJFFAM58CA,44,72.10,住家用,鋼筋混凝土加強磚造,59年3月18日,二層,一層 二層
RPSOMLRLLHJFFAM88CA,51,125.41,住家用,鋼筋混凝土加強磚造,51年11月30日,二層,一層 二層
RPVNMLSKMHJFFCM76CA,34,119.09,住商用,加強磚造,69年5月15日,二層,一層 二層 騎樓
RPQOMLQKMHJFFCM78CA,20,193.63,見其他登記事項,鋼筋混凝土造,83年7月8日,十二層,一層 二層
RPWNMLLLMHJFFCM88CA,22,204.33,見其他登記事項,鋼筋混凝土造,80年12月4日,五層,地下層
RPWNMLLLMHJFFCM88CA,22,109.97,商業用,鋼筋混凝土造,80年12月4日,五層,一層 騎樓
RPWNMLLLMHJFFCM88CA,22,172.45,住商用,鋼筋混凝土造,80年12月4日,五層,一層 騎樓 夾層
RPWNMLLLMHJFFCM88CA,22,236.19,見其他登記事項,鋼筋混凝土造,80年12月4日,五層,二層
RPWNMLLLMHJFFCM88CA,22,236.19,見其他登記事項,鋼筋混凝土造,80年12月4日,五層,三層
RPWNMLLLMHJFFCM88CA,22,236.19,見其他登記事項,鋼筋混凝土造,80年12月4日,五層,四層
RPWNMLLLMHJFFCM88CA,22,123.14,住家用,鋼筋混凝土造,80年12月4日,五層,五層
RPWNMLLLMHJFFCM88CA,22,113.14,住家用,鋼筋混凝土造,80年12月4日,五層,五層
RPWNMLLLMHJFFCM88CA,22,215.83,見其他登記事項,鋼筋混凝土造,80年12月4日,五層,一層 二層 三層 四層 五層 見其他登記事項
RPTNMLSLLHJFFCM56CA,31,92.62,住商用,鋼筋混凝土造,72年7月6日,二層,一層 二層 騎樓
RPQNMLLMLHJFFCM28CA,18,193.05,住家用,鋼筋混凝土造,84年10月20日,四層,一層 二層 三層 四層 屋頂突出物
RPPNMLRLLHJFFBM58CA,20,89.34,住家用,鋼筋混凝土造,83年4月11日,八層,三層
RPPNMLRLLHJFFBM58CA,20,22.25,見其他登記事項,鋼筋混凝土造,83年4月11日,八層,
RPQNMLLMLHJFFBM18CA,19,21.57,住家用,鋼筋混凝土造,83年11月7日,十三層,十三層
RPQNMLLMLHJFFBM18CA,19,7.44,見其他登記事項,鋼筋混凝土造,83年11月7日,十三層,
RPSNMLOJMHJFFBM48CA,19,208.17,農舍,鋼筋混凝土造,,三層,一層 二層 三層
RPQOMLRLLHJFFBM78CA,1,181.86,住家用,鋼筋混凝土造,101年10月23日,四層,一層 二層 三層 四層
RPQNMLSKMHJFFEM09CA,10,219.66,住家用,鋼筋混凝土造,93年7月19日,四層,三層 四層 一層 二層
RPPNMLQLMHJFFCM68CA,3,208.71,見其他登記事項,鋼筋混凝土造,100年1月25日,三層,一層 二層 三層 見其他登記事項
RPSNMLNLMHJFFCM68CA,19,31.92,見其他登記事項,鋼筋混凝土造,83年11月28日,九層,三層
RPSNMLNLMHJFFCM68CA,19,11.68,見其他登記事項,鋼筋混凝土造,83年11月28日,九層,
RPRNMLNLMHJFFCM58CA,18,159.91,見其他登記事項,鋼筋混凝土造,84年10月2日,七層,二層 三層 騎樓 一層
RPTNMLMLMHJFFCM78DA,33,97.80,住商用,加強磚造,69年11月14日,二層,一層 二層 騎樓
RPSOMLRJMHJFFBM88CA,1,196.88,見其他登記事項,鋼筋混凝土造,102年4月11日,三層,一層 二層 三層 見其他登記事項
RPPNMLSLLHJFFBM68CA,34,119.86,住家用,加強磚造,,二層,一層 二層
RPTOMLRJMHJFFBM98CA,1,182.07,見其他登記事項,鋼筋混凝土造,102年4月11日,三層,三層 見其他登記事項 二層 一層
RPTNMLMJMHJFFBM38CA,19,205.44,住商用,鋼筋混凝土造,84年7月19日,八層,一層 二層 騎樓
RPTNMLMJMHJFFBM38CA,19,60.93,見其他登記事項,鋼筋混凝土造,84年7月19日,八層,
RPTNMLMJMHJFFBM38CA,19,97.52,住家用,鋼筋混凝土造,84年7月19日,八層,二層
RPTNMLMJMHJFFBM38CA,19,36.07,見其他登記事項,鋼筋混凝土造,84年7月19日,八層,
RPUNMLMJMHJFFBM48CA,14,164.98,住家用,鋼筋混凝土造,89年7月3日,三層,一層 二層 三層 電梯樓梯間
RPQNMLMJMHJFFCM18CA,10,98.35,見其他登記事項,鋼筋混凝土造,93年6月16日,八層,三層
RPPNMLLJMHJFFCM97CA,20,110.69,見其他登記事項,鋼筋混凝土造,83年7月8日,十二層,八層
RPPNMLLJMHJFFCM97CA,20,16.11,見其他登記事項,鋼筋混凝土造,83年7月8日,十二層,
RPTNMLLJMHJFFCM38CA,20,111.74,見其他登記事項,鋼筋混凝土造,83年7月7日,十三層,二層
RPTNMLLJMHJFFCM38CA,20,18.89,見其他登記事項,鋼筋混凝土造,83年7月7日,十三層,
RPSNMLSLLHJFFAM88CA,10,89.41,住家用,鋼筋混凝土造,93年7月19日,五層,一層
RPSNMLSLLHJFFAM88CA,10,36.74,見其他登記事項,鋼筋混凝土造,93年7月19日,五層,
RPUNMLSKMHJFFAM09CA,26,1584.40,見其他登記事項,見其他登記事項,77年2月12日,三層,一層 二層 三層 地下層
RPTNMLSLLHJFFAM98CA,10,89.41,住家用,鋼筋混凝土造,93年7月19日,五層,五層
RPTNMLSLLHJFFAM98CA,10,36.74,見其他登記事項,鋼筋混凝土造,93年7月19日,五層,
RPVNMLMJMHJFFAM48CA,,192.80,住家用,鋼筋混凝土造,102年12月17日,四層,一層 二層 三層 四層
RPPNMLLJMHJFFAM77CA,15,53.44,住家用,鋼筋混凝土造,87年11月21日,二層,一層 二層
RPQNMLLJMHJFFAM87CA,15,53.44,住家用,鋼筋混凝土造,87年11月21日,二層,一層 二層
RPTNMLOJMHJFFCM68CA,8,158.09,見其他登記事項,鋼筋混凝土造,95年4月13日,三層,一層 二層 三層 屋頂突出物
RPSNMLNJMHJFFCM48CA,19,174.06,住家用,鋼筋混凝土造,84年7月21日,四層,一層 二層 三層 四層
RPSNMLNJMHJFFCM48CA,19,63.91,見其他登記事項,鋼筋混凝土造,84年7月21日,四層,
RPTNMLKKMHJFFCM38CA,18,88.74,見其他登記事項,鋼筋混凝土造,85年2月9日,十五層,十四層
RPWNMLMJMHJFFBM68CA,20,198.85,住商用,鋼筋混凝土造,83年4月29日,五層,一層 騎樓 地下層
RPWNMLMJMHJFFBM68CA,20,10.48,見其他登記事項,鋼筋混凝土造,83年4月29日,五層,
RPPNMLLLMHJFFBM08CA,2,255.80,住家用,鋼筋混凝土造,100年12月21日,四層,一層 二層 三層 四層
RPPNMLLMLHJFFDM28CA,25,115.37,住家用,加強磚造,78年4月21日,二層,一層 二層
RPRNMLQKMHJFFBM68CA,28,182.07,住商用,鋼筋混凝土造,75年9月5日,三層,一層 二層 三層 騎樓
RPPNMLTLLHJFFBM78CA,20,177.42,住家用,鋼筋混凝土造,83年5月16日,四層,一層 二層 三層 四層
RPPNMLPLMHJFFCM58CA,18,61.26,見其他登記事項,鋼筋混凝土造,85年2月9日,十五層,五層
RPPNMLPLMHJFFCM58CA,18,13.27,見其他登記事項,鋼筋混凝土造,85年2月9日,十五層,
RPXNMLPLMHJFFCM76CA,31,160.60,見其他登記事項,鋼筋混凝土造,71年9月23日,三層,一層 二層 三層 騎樓
RPPNMLMJMHJFFAM97DA,22,76.39,住家用,鋼筋混凝土造,81年7月13日,五層,四層
RPPNMLMJMHJFFAM97DA,22,4.81,共有部份,鋼筋混凝土造,81年7月13日,五層,
RPVNMLMJMHJFFBM58CA,35,118.92,住家用,鋼筋混凝土加強磚造,68年7月30日,三層,一層 二層 三層
RPPNMLLMLHJFFBM18DA,17,126.60,住家用,鋼筋混凝土造,86年6月30日,三層,一層 二層 三層
RPPNMLLMLHJFFBM18DA,17,.18,見其他登記事項,鋼筋混凝土造,86年6月30日,一層,
RPPNMLLMLHJFFBM18DA,17,37.13,停車空間,鋼筋混凝土造,86年6月30日,地下層,
RPVNMLLKMHJFFAM48CA,34,108.48,住商用,鋼筋混凝土加強磚造,69年8月1日,二層,一層 二層 騎樓
RPVNMLSLMHJFFDM96CA,1,249.36,見其他登記事項,鋼筋混凝土造,102年8月23日,三層,一層 二層 三層 屋頂突出物
RPRNMLPKMHJFFAM48CA,6,217.30,住家用,鋼筋混凝土造,97年4月10日,四層,一層 二層 三層 四層
RPUNMLLJMHJFFAM28CA,15,183.31,見其他登記事項,鋼筋混凝土造,88年8月9日,四層,二層 三層 四層 一層
RPPOMLPKMHJFFAM38CA,20,194.30,住家用,鋼筋混凝土造,82年12月24日,三層,二層 三層 一層
RPWNMLTJMHJFFAM66CA,22,85.03,住家用,鋼筋混凝土造,81年6月18日,五層,五層
RPWNMLTJMHJFFAM66CA,22,13.63,共有部份,鋼筋混凝土造,81年6月18日,五層,
RPSNMLLLMHJFFBM38CA,34,153.24,住商用,鋼筋混凝土造,68年11月5日,三層,一層 二層 三層 騎樓
RPUNMLNJMHJFFAM48CA,20,82.90,住家用,鋼筋混凝土造,82年11月10日,十四層,六層
RPUOMLRJMHJFFBM09CA,19,157.06,住家用,鋼筋混凝土造,84年6月1日,四層,一層 二層 三層 四層
RPXNMLLLMHJFFBM88CA,1,193.83,見其他登記事項,鋼筋混凝土造,102年9月2日,四層,一層 二層 三層 四層
RPWNMLLLMHJFFBM78CA,1,187.23,見其他登記事項,鋼筋混凝土造,102年9月2日,四層,一層 二層 三層 四層
RPPNMLMJMHJFFCM08CA,2,147.03,農舍,見其他登記事項,100年12月30日,二層,一層 二層
RPTNMLNJMHJFFBM48CA,21,122.98,住家用,鋼筋混凝土造,81年10月30日,三層,一層 二層 三層
RPUNMLLLMHJFFBM58CA,,187.13,見其他登記事項,鋼筋混凝土造,102年9月2日,四層,一層 二層 三層 四層
RPPNMLOJMHJFFCM28CA,28,123.14,見其他登記事項,鋼筋混凝土造,74年11月6日,二層,二層 騎樓 一層
RPXNMLOKMHJFFCM56CA,17,176.77,住商用,鋼筋混凝土造,85年9月18日,四層,一層 二層 三層 四層
RPSNMLSLMHJFFDM66CA,1,249.18,見其他登記事項,鋼筋混凝土造,102年8月23日,三層,一層 二層 三層 屋頂突出物
RPSNMLRKMHJFFCM98CA,7,427.97,農舍,鋼筋混凝土造,96年5月16日,三層,一層 二層 三層
RPOOMLRKMHJFFCM68CA,16,168.56,住家用,鋼筋混凝土造,87年1月3日,四層,一層 二層 三層 四層
RPPNMLTJMHJFFCM88DA,24,198.37,住商用,鋼筋混凝土造,79年5月30日,三層,一層 二層 三層 騎樓
RPQNMLNJMHJFFBM28DA,20,94.45,住家用,鋼筋混凝土造,82年10月29日,十層,七層
RPQNMLNJMHJFFBM28DA,20,16.74,見其他登記事項,鋼筋混凝土造,82年10月29日,十層,
RPTNMLSLMHJFFCM66CA,34,65.08,見其他登記事項,加強磚造,69年5月28日,一層,一層 騎樓
RPTNMLNLMHJFFCM78CA,19,47.46,見其他登記事項,鋼筋混凝土造,83年11月28日,九層,六層
RPTNMLNLMHJFFCM78CA,19,18.29,見其他登記事項,鋼筋混凝土造,83年11月28日,九層,
RPTOMLLJNHJFFCM58CA,19,84.48,見其他登記事項,鋼筋混凝土造,84年6月30日,七層,二層
RPVNMLNLMHJFFCM98CA,19,58.01,見其他登記事項,鋼筋混凝土造,83年11月28日,九層,八層
RPVNMLNLMHJFFCM98CA,19,15.96,見其他登記事項,鋼筋混凝土造,83年11月28日,九層,
RPQNMLLJNHJFFCM18CA,24,55.80,住家用,鋼筋混凝土造,78年11月22日,二層,一層 二層
RPWNMLTLMHJFFCM07CA,22,164.37,見其他登記事項,鋼筋混凝土造,81年8月13日,四層,一層 二層 三層 四層 騎樓
RPTOMLRKMHJFFCM56CA,,197.24,見其他登記事項,鋼筋混凝土造,102年12月3日,三層,一層 二層 三層 見其他登記事項
RPWNMLSJMHJFFCM86DA,1,12.00,農舍,見其他登記事項,101年10月11日,一層,一層
RPOOMLMJMHJFFAM97DA,17,90.11,住家用,鋼筋混凝土造,85年11月30日,七層,二層
RPOOMLMJMHJFFAM97DA,17,20.58,,鋼筋混凝土造,85年11月30日,七層,
RPOOMLMJMHJFFAM97DA,17,7.73,,鋼筋混凝土造,85年11月30日,七層,
RPRNMLRJMHJFFCM78CA,40,118.05,住商用,鋼筋混凝土加強磚造,63年4月1日,二層,一層 二層 騎樓
RPRNMLSJMHJFFDM98CA,1,180.86,住家用,鋼筋混凝土造,102年5月7日,三層,一層 二層 三層
RPXNMLMJMHJFFBM78CA,26,165.16,住商用,鋼筋混凝土造,76年10月5日,三層,一層 二層 三層 騎樓
RPPNMLSJMHJFFBM58CA,5,26.98,農舍,鋼筋混凝土造,97年10月31日,一層,一層
RPTOMLPKMHJFFAM78CA,20,99.53,住家用,鋼筋混凝土造,83年4月28日,三層,一層 二層 三層
RPSOMLKLMHJFFAM28CA,,181.46,見其他登記事項,鋼筋混凝土造,102年11月27日,四層,四層 一層 二層 三層
RPSNMLSKMHJFFAM88CA,34,83.26,住家用,鋼筋混凝土加強磚造,69年6月1日,二層,一層 二層
RPRNMLKLMHJFFAM08CA,,196.72,見其他登記事項,鋼筋混凝土造,102年11月27日,四層,三層 二層 一層 四層
RPTNMLKLMHJFFAM28CA,,182.99,住家用,鋼筋混凝土造,102年11月27日,四層,一層 二層 三層 四層
RPWNMLKLMHJFFAM58CA,,176.12,住家用,鋼筋混凝土造,102年11月27日,四層,一層 二層 三層 四層
RPUNMLKLMHJFFAM38CA,,176.28,住家用,鋼筋混凝土造,102年11月27日,四層,一層 二層 三層 四層
RPQNMLKLMHJFFAM97CA,,96.36,見其他登記事項,鋼筋混凝土造,102年11月27日,四層,一層 二層 三層 四層
RPQNMLKLMHJFFAM97CA,,96.36,見其他登記事項,鋼筋混凝土造,102年11月27日,四層,一層 二層 三層 四層
RPSNMLKLMHJFFAM18CA,,196.07,住家用,鋼筋混凝土造,102年11月27日,四層,一層 二層 三層 四層
RPVNMLKLMHJFFAM48CA,,176.02,住家用,鋼筋混凝土造,102年11月27日,四層,一層 二層 三層 四層
RPOOMLKLMHJFFAM87CA,,163.53,住家用,鋼筋混凝土造,102年11月27日,四層,一層 二層 三層 四層
RPXNMLKLMHJFFAM68CA,,163.37,住家用,鋼筋混凝土造,102年11月27日,四層,一層 二層 三層 四層
RPPOMLSLMHJFFAM78CA,1,197.97,住家用,鋼筋混凝土造,102年6月5日,四層,一層 二層 三層 四層
RPUNMLSJMHJFFAM98CA,20,15.52,住家用,鋼筋混凝土造,83年4月27日,五層,五層
RPQOMLKLMHJFFAM08CA,,188.52,住家用,鋼筋混凝土造,102年11月27日,四層,三層 一層 二層 四層
RPPOMLKLMHJFFAM97CA,,81.76,住家用,鋼筋混凝土造,102年11月27日,四層,一層 二層 三層 四層
RPPOMLKLMHJFFAM97CA,,81.76,住家用,鋼筋混凝土造,102年11月27日,四層,一層 二層 三層 四層
RPUNMLMLMHJFFAM58CA,1,233.61,住家用,鋼筋混凝土造,102年7月17日,四層,一層 二層 三層 四層
RPRNMLKKMHJFFAM97CA,23,103.55,住家用,鋼筋混凝土造,80年2月13日,二層,一層 二層 騎樓
RPQNMLSJMHJFFAM58CA,19,133.89,住家用,鋼筋混凝土造,83年9月30日,三層,一層 二層 三層 夾層
RPVOMLRJMHJFFBM56CA,,210.89,住家用,鋼筋混凝土造,103年1月10日,四層,四層 一層 二層 三層
RPQOMLSJMHJFFBM78CA,,190.60,住家用,鋼筋混凝土造,102年9月18日,四層,一層 二層 三層 四層
RPOOMLSJMHJFFBM58CA,1,251.93,住家用,鋼筋混凝土造,102年5月28日,四層,一層 二層 三層 四層
RPUNMLSKMHJFFCM66CA,40,182.30,住商用,鋼筋混凝土加強磚造,63年2月20日,三層,一層 二層 三層 騎樓
RPOOMLRJMHJFFBM48CA,22,89.34,住家用,鋼筋混凝土造,80年9月20日,十一層,九層
RPWNMLKKMHJFFCM68CA,4,93.23,農舍,木造,98年10月29日,一層,一層
RPUNMLMJNHJFFCM68CA,5,170.18,農舍,見其他登記事項,98年3月6日,一層,一層
RPQNMLNLMHJFFDM68DA,47,24.00,住商用,木造,56年4月15日,二層,一層 二層
RPQNMLTJMHJFFDM09DA,15,108.72,住商用,鋼筋混凝土造,87年11月17日,八層,一層 二層
RPQNMLTJMHJFFDM09DA,15,18.56,見其他登記事項,鋼筋混凝土造,87年11月17日,八層,
RPSOMLRJMHJFFDM09CA,,145.15,住家用,鋼筋混凝土加強磚造,,三層,一層 二層 三層
RPROMLQKMHJFFCM88CA,34,75.46,住家用,鋼筋混凝土加強磚造,69年1月25日,二層,一層 二層
RPQOMLLJNHJFFEM48CA,5,173.58,見其他登記事項,見其他登記事項,98年9月8日,三層,一層 二層 三層 見其他登記事項
RPOOMLSJMHJFFCM68CA,12,90.74,見其他登記事項,鋼骨混凝土造,91年7月10日,四層,一層
RPOOMLSJMHJFFCM68CA,12,6.53,見其他登記事項,鋼骨混凝土造,91年7月10日,四層,
RPWNMLLJNHJFFEM98CA,5,179.50,見其他登記事項,見其他登記事項,98年9月8日,三層,見其他登記事項 一層 二層 三層
RPTOMLSJMHJFFBM09CA,33,88.80,住家用,鋼筋混凝土加強磚造,70年3月20日,二層,一層 二層
RPPNMLKKMHJFFCM97CA,35,51.13,住家用,鋼筋混凝土加強磚造,68年7月6日,一層,一層 騎樓
RPSNMLRKMHJFFBM88CA,1,184.26,見其他登記事項,鋼筋混凝土造,102年4月11日,三層,一層 二層 三層 見其他登記事項
RPRNMLRKMHJFFBM78CA,1,201.34,見其他登記事項,鋼筋混凝土造,102年4月11日,三層,見其他登記事項 一層 二層 三層
RPSNMLTJMHJFFAM88CA,20,83.99,住家用,鋼筋混凝土造,82年11月10日,十四層,九層
RPPNMLRLMHJFFBM68CA,35,86.90,住家用,鋼筋混凝土加強磚造,67年12月20日,二層,一層 二層
RPUOMLLJNHJFFAM48CA,24,143.55,住家用,鋼筋混凝土造,78年10月6日,五層,二層
RPUNMLKMMHJFFBM58CA,,269.35,見其他登記事項,鋼筋混凝土造,102年10月29日,三層,一層 二層 三層 見其他登記事項
RPWNMLRKMHJFFAM56CA,19,103.15,住家用,鋼筋混凝土造,84年2月16日,十三層,十層
RPTNMLPJNHJFFAM68CA,,181.24,住家用,鋼筋混凝土造,102年12月3日,四層,一層 二層 三層 四層
RPVNMLPJNHJFFAM88CA,,181.24,住家用,鋼筋混凝土造,102年12月3日,四層,一層 二層 三層 四層
RPTNMLSKMHJFFAM98CA,16,38.28,住家用,鋼筋混凝土造,87年8月28日,五層,一層
RPXNMLQJNHJFFAM56CA,,193.60,住家用,鋼筋混凝土造,102年12月3日,四層,一層 二層 三層 四層
RPOOMLLLMHJFFBM08CA,1,187.23,見其他登記事項,鋼筋混凝土造,102年9月2日,四層,一層 二層 三層 四層
RPRNMLKKMHJFFBM08CA,13,143.87,住家用,鋼筋混凝土造,90年3月22日,三層,一層 二層 三層
RPSNMLKKMHJFFBM28DA,1,181.58,住家用,鋼筋混凝土造,102年8月22日,四層,一層 二層 三層 四層
RPOOMLLJNHJFFEM28CA,5,179.50,見其他登記事項,見其他登記事項,98年9月8日,三層,一層 二層 三層 見其他登記事項
RPSOMLLJNHJFFEM68CA,5,173.58,見其他登記事項,見其他登記事項,98年9月8日,三層,一層 二層 三層 見其他登記事項
RPXNMLKMMHJFFCM98CA,19,12.23,見其他登記事項,鋼筋混凝土造,83年11月28日,九層,
RPXNMLKMMHJFFCM98CA,19,31.75,見其他登記事項,鋼筋混凝土造,83年11月28日,九層,二層
RPXNMLKMMHJFFCM98CA,19,11.73,見其他登記事項,鋼筋混凝土造,83年11月28日,九層,
RPXNMLKMMHJFFCM98CA,19,30.40,見其他登記事項,鋼筋混凝土造,83年11月28日,九層,二層
RPPOMLTLMHJFFCM09CA,21,105.24,見其他登記事項,鋼筋混凝土造,82年8月30日,七層,六層
RPROMLMJNHJFFCM48CA,32,199.32,住商用,鋼筋混凝土造,70年9月11日,四層,一層 二層 三層 四層 騎樓
RPOOMLLKMHJFFCM18DA,18,238.22,住家用,鋼筋混凝土造,84年11月18日,四層,一層 二層 三層 四層
RPUOMLLJNHJFFEM88CA,5,173.58,見其他登記事項,見其他登記事項,98年9月8日,三層,一層 二層 三層 見其他登記事項
RPSNMLRKMHJFFDM09CA,20,193.36,住家用,鋼筋混凝土造,83年6月18日,四層,一層 二層 三層 四層 電梯樓梯間
RPSNMLPKMHJFFCM78CA,2,239.66,農舍,見其他登記事項,101年8月27日,三層,一層 二層 三層
RPSNMLPKMHJFFBM68CA,33,116.16,住家用,鋼筋混凝土加強磚造,70年3月9日,二層,一層 二層
RPRNMLLLMHJFFCM38CA,13,77.24,住家用,見其他登記事項,90年4月10日,一層,一層
RPQNMLLKMHJFFAM97CA,23,88.58,住家用,加強磚造,80年5月7日,二層,一層 二層 騎樓
RPXNMLPKMHJFFAM09CA,38,91.78,住家用,鋼筋混凝土加強磚造,65年4月2日,二層,一層 二層
RPTNMLPKMHJFFAM68CA,8,80.18,農舍,見其他登記事項,94年12月20日,一層,一層
RPUPMLNLMHJFFAM88CA,,208.73,見其他登記事項,鋼筋混凝土造,102年12月30日,三層,一層 二層 三層 屋頂突出物
RPVPMLNLMHJFFAM98CA,,208.73,見其他登記事項,鋼筋混凝土造,102年12月30日,三層,一層 二層 三層 屋頂突出物
RPTPMLNLMHJFFAM78CA,,209.08,見其他登記事項,鋼筋混凝土造,102年12月30日,三層,一層 二層 三層 屋頂突出物
RPXPMLNLMHJFFAM56CA,,208.73,見其他登記事項,鋼筋混凝土造,102年12月30日,三層,一層 二層 三層 屋頂突出物
RPWPMLNLMHJFFAM09CA,,235.77,見其他登記事項,鋼筋混凝土造,102年12月30日,三層,一層 二層 三層 屋頂突出物
RPXNMLPJNHJFFAM09CA,,167.63,見其他登記事項,鋼筋混凝土造,102年12月3日,三層,一層 二層 三層 屋頂突出物
RPPQMLNLMHJFFAM48CA,,209.61,見其他登記事項,鋼筋混凝土造,102年12月30日,三層,二層 三層 屋頂突出物 一層
RPRNMLLKMHJFFBM18CA,24,215.83,住家用,鋼筋混凝土造,79年5月18日,四層,一層 二層 三層 四層 地下層
RPTNMLRKMHJFFBM98CA,1,190.83,見其他登記事項,鋼筋混凝土造,102年4月11日,三層,一層 二層 三層 見其他登記事項
RPROMLLLMHJFFBM38CA,40,135.22,住商用,鋼筋混凝土加強磚造,63年7月20日,二層,一層 二層 騎樓
RPTNMLKMMHJFFBM48CA,18,227.85,住商用,鋼筋混凝土造,84年11月28日,四層,一層 二層 三層 四層 騎樓 電梯樓梯間
RPSNMLKKMHJFFAM18DA,20,21.26,住家用,鋼筋混凝土造,83年4月27日,五層,四層
RPTNMLSLMHJFFEM86CA,35,105.00,住家用,鋼筋混凝土加強磚造,68年1月1日,二層,一層 二層
RPSNMLTLMHJFFCM66CA,17,157.06,住家用,鋼筋混凝土造,85年12月6日,三層,一層 二層 三層
RPQNMLNKMHJFFDM48CA,22,86.00,農舍,鋼筋混凝土造,81年6月12日,一層,一層 騎樓
RPRNMLNLMHJFFDM78DA,36,105.00,住商用,鋼筋混凝土加強磚造,67年5月1日,二層,一層 二層 騎樓
RPWNMLPKMHJFFDM76DA,8,227.54,住商用,鋼筋混凝土造,95年7月25日,三層,一層 二層 三層 屋頂突出物 騎樓
RPROMLSLMHJFFCM56CA,15,122.90,見其他登記事項,鋼筋混凝土造,87年10月19日,二層,一層 二層 屋頂突出物
RPUNMLLLMHJFFCM68CA,16,270.34,住家用,鋼筋混凝土造,87年4月22日,四層,四層 地下層 一層 二層 三層
RPQOMLRKMHJFFCM88CA,35,128.20,住商用,加強磚造,67年12月18日,二層,一層 二層 騎樓
RPQNMLPKMHJFFCM58CA,40,126.00,住商用,鋼筋混凝土加強磚造,63年4月1日,二層,一層 二層 騎樓
RPPNMLRKMHJFFAM48CA,18,124.50,住家用,鋼筋混凝土造,85年4月10日,七層,七層
RPPNMLRKMHJFFAM48CA,18,15.27,見其他登記事項,鋼筋混凝土造,85年4月10日,七層,
RPUNMLRKMHJFFBM09CA,1,182.07,見其他登記事項,鋼筋混凝土造,102年4月11日,三層,二層 三層 一層 見其他登記事項
RPQNMLQKMHJFFAM48CA,9,65.08,住家用,鋼筋混凝土造,94年7月28日,五層,二層
RPQNMLQKMHJFFAM48CA,9,6.59,住家用,鋼筋混凝土造,94年7月28日,五層,
RPOOMLPKMHJFFAM28CA,10,172.60,住家用,鋼筋混凝土造,93年6月17日,三層,一層 二層 三層 屋頂突出物
RPTNMLSLMHJFFAM09CA,4,12.00,農舍,見其他登記事項,99年2月10日,一層,一層
RPQNMLSLMHJFFAM78CA,35,103.48,住家用,鋼筋混凝土加強磚造,68年5月3日,二層,一層 二層 騎樓
RPRNMLQKMHJFFAM58CA,19,133.89,住家用,鋼筋混凝土造,83年9月30日,三層,一層 二層 三層 夾層
RPUNMLQKMHJFFAM88CA,34,104.77,住家用,鋼筋混凝土加強磚造,69年9月12日,二層,一層 二層 騎樓
RPSNMLSJNHJFFAM88CA,31,154.57,住商用,鋼筋混凝土加強磚造,72年1月8日,二層,一層 二層 騎樓
RPRNMLQKMHJFFCM78CA,35,82.60,住商用,鋼筋混凝土造,68年6月1日,二層,一層 二層 騎樓
RPPNMLSLMHJFFDM98CA,17,206.96,農舍,見其他登記事項,86年8月16日,一層,一層
RPRNMLPKMHJFFCM78DA,18,71.55,見其他登記事項,鋼筋混凝土造,85年2月9日,十五層,六層
RPRNMLPKMHJFFCM78DA,18,20.91,見其他登記事項,鋼筋混凝土造,85年2月9日,十五層,
RPSNMLMLMHJFFCM58CA,33,135.09,住家用,鋼筋混凝土加強磚造,70年7月28日,二層,一層 二層
RPSNMLKMMHJFFCM48CA,18,157.42,住家用,鋼筋混凝土造,84年12月30日,四層,一層 二層 三層 四層
RPWNMLQKMHJFFCM76DA,18,81.41,見其他登記事項,鋼筋混凝土造,85年2月9日,十五層,八層
RPWNMLQKMHJFFCM76DA,18,20.33,見其他登記事項,鋼筋混凝土造,85年2月9日,十五層,
RPPNMLSLMHJFFCM98DA,7,90.81,見其他登記事項,鋼筋混凝土造,96年3月27日,三層,一層 二層 三層 屋頂突出物
RPUNMLTJNHJFFCM76CA,19,44.19,見其他登記事項,鋼筋混凝土造,83年11月28日,九層,三層
RPUNMLTJNHJFFCM76CA,19,16.41,見其他登記事項,鋼筋混凝土造,83年11月28日,九層,
RPVNMLTLMHJFFCM96CA,10,190.62,見其他登記事項,鋼筋混凝土造,93年1月15日,五層,一層 二層 三層 四層 五層
RPWNMLSKMHJFFCM86CA,21,107.32,住家用,加強磚造,82年8月25日,二層,一層 二層 騎樓
RPXNMLSKMHJFFCM96CA,20,103.83,見其他登記事項,鋼筋混凝土造,83年7月8日,十二層,十一層
RPXNMLSKMHJFFCM96CA,20,14.26,見其他登記事項,鋼筋混凝土造,83年7月8日,十二層,
RPXNMLLLMHJFFCM98CA,28,154.80,住家用,鋼筋混凝土造,75年2月28日,三層,一層 二層 三層
RPPNMLMLMHJFFDM38CA,19,261.75,見其他登記事項,鋼筋混凝土造,84年1月13日,三層,三層 一層 二層
RPOOMLLLMHJFFCM18CA,18,163.46,住家用,鋼筋混凝土造,85年3月18日,三層,一層 二層 三層 屋頂突出物
RPXNMLKMMHJFFBM88CA,1,187.23,見其他登記事項,鋼筋混凝土造,102年9月2日,四層,三層 四層 一層 二層
RPPOMLKMMHJFFBM18CA,1,187.23,見其他登記事項,鋼筋混凝土造,102年9月2日,四層,一層 二層 三層 四層
RPOOMLKMMHJFFBM08CA,,187.23,見其他登記事項,鋼筋混凝土造,102年9月2日,四層,一層 二層 三層 四層
RPTNMLMLMHJFFBM58CA,37,92.07,住商用,鋼筋混凝土加強磚造,66年8月31日,二層,一層 二層
RPSNMLTJNHJFFAM98CA,16,14.56,停車空間,鋼筋混凝土造,86年9月19日,十四層,
RPUNMLMLMHJFFBM68CA,3,251.33,住家用,鋼筋混凝土造,100年3月10日,四層,一層 二層 三層 四層
RPRNMLSKMHJFFBM88CA,1,194.26,見其他登記事項,鋼筋混凝土造,102年3月25日,三層,騎樓 一層 二層 三層 屋頂突出物
RPTNMLSKMHJFFBM09CA,,230.08,住家用,鋼筋混凝土造,103年1月21日,四層,一層 二層 三層 四層
RPUNMLSKMHJFFBM56CA,,233.90,住家用,鋼筋混凝土造,103年1月21日,四層,一層 二層 三層 四層
RPRNMLTJNHJFFAM88CA,16,86.72,住家用,鋼筋混凝土造,86年9月19日,十四層,十三層
RPPNMLRLMHJFFAM58CA,19,133.17,住家用,鋼筋混凝土造,84年5月8日,二層,一層 二層 屋頂突出物
RPRNMLLJNHJFFAM08CA,19,91.25,住家用,鋼筋混凝土造,83年11月9日,十六層,十五層
RPRNMLLJNHJFFAM08CA,19,14.05,見其他登記事項,鋼筋混凝土造,83年11月9日,十六層,
RPUNMLRJNHJFFAM98CA,9,91.66,住家用,鋼筋混凝土造,93年12月28日,十二層,六層
RPUNMLRJNHJFFAM98CA,9,13.60,住家用,鋼筋混凝土造,93年12月28日,十二層,
RPUNMLRJNHJFFAM98CA,9,9.31,見其他登記事項,鋼筋混凝土造,93年12月28日,十二層,
RPUNMLLJNHJFFAM38CA,21,151.62,住家用,鋼筋混凝土造,82年4月28日,三層,一層 二層 三層 屋頂突出物
RPQNMLRLMHJFFAM68CA,34,120.06,住商用,鋼筋混凝土加強磚造,69年2月1日,二層,一層 二層 騎樓
RPROMLQKMHJFFAM68CA,7,168.29,住商用,鋼筋混凝土造,96年4月24日,三層,一層 二層 三層 屋頂突出物
RPSNMLLJNHJFFAM18CA,34,133.12,住家用,鋼筋混凝土加強磚造,69年2月1日,二層,一層 二層
RPQNMLLJNHJFFAM97CA,24,144.15,住商用,鋼筋混凝土造,78年8月29日,三層,一層 二層 三層 騎樓
RPSNMLRKMHJFFAM78CA,20,86.81,住家用,鋼筋混凝土造,83年7月18日,五層,一層
RPSNMLRKMHJFFAM78CA,20,14.54,住家用,鋼筋混凝土造,83年7月18日,五層,
RPWNMLMLMHJFFAM78CA,34,98.79,住商用,鋼筋混凝土加強磚造,69年1月23日,二層,一層 二層 騎樓
RPOOMLMLMHJFFBM18CA,42,102.56,住家用,鋼筋混凝土加強磚造,61年8月3日,二層,一層 二層
RPPNMLRKMHJFFBM58CA,26,98.66,住家用,加強磚造,77年9月15日,二層,一層 二層
RPTNMLMLMHJFFAM48CA,39,118.56,住家用,加強磚造,63年9月10日,二層,一層 二層
RPPNMLSKMHJFFBM68CA,1,229.46,住家用,鋼筋混凝土造,102年3月8日,四層,一層 二層 三層 四層
RPSNMLTLMHJFFBM56CA,21,55.04,住家用,鋼筋混凝土造,82年5月27日,七層,六層
RPSNMLTLMHJFFBM56CA,21,11.08,見其他登記事項,鋼筋混凝土造,82年5月27日,七層,
RPSNMLTLMHJFFBM56CA,21,8.95,見其他登記事項,鋼筋混凝土造,82年5月27日,七層,
RPROMLPJNHJFFBM68CA,1,204.48,見其他登記事項,鋼筋混凝土造,102年1月29日,三層,一層 二層 三層
RPUNMLOLMHJFFAM88DA,10,142.49,住家用,鋼筋混凝土造,93年6月21日,三層,一層 二層 三層 屋頂突出物
RPPNMLSKMHJFFEM98CA,2,253.09,住家用,見其他登記事項,100年11月25日,四層,一層 二層 三層 四層
RPWNMLPKNHJFFCM66CA,34,131.28,住家用,加強磚造,68年9月2日,二層,一層 二層
RPQNMLRKMHJFFAM68DA,6,179.70,見其他登記事項,鋼筋混凝土造,97年1月31日,四層,三層 四層 一層 二層
RPWNMLRKMHJFFCM86DA,21,222.55,見其他登記事項,鋼筋混凝土造,82年2月23日,三層,屋頂突出物 騎樓 一層 二層 三層
RPTOMLMJNHJFFCM68CA,9,304.12,見其他登記事項,鋼筋混凝土造,94年2月4日,三層,屋頂突出物 一層 二層 三層
RPVNMLRKMHJFFBM66DA,39,81.21,農舍,鋼筋混凝土加強磚造,64年7月14日,一層,一層
RPPNMLMLMHJFFCM28CA,18,179.30,住家用,鋼筋混凝土造,85年3月2日,三層,一層 二層 三層 夾層
RPPNMLPLMHJFFBM48CA,28,47.36,住家用,鋼筋混凝土加強磚造,75年7月4日,二層,一層 二層 騎樓
RPTOMLMLMHJFFAM58CA,19,109.65,住家用,鋼筋混凝土造,83年11月9日,十六層,三層
RPTNMLLJNHJFFAM28CA,19,93.81,住家用,鋼筋混凝土造,83年11月9日,十六層,十一層
RPTNMLLJNHJFFAM28CA,19,14.22,見其他登記事項,鋼筋混凝土造,83年11月9日,十六層,
RPWNMLOLMHJFFAM98CA,33,81.28,住商用,鋼筋混凝土加強磚造,69年11月4日,二層,一層 二層 騎樓
RPQNMLLLMHJFFBM18CA,23,26.00,住家用,鋼筋混凝土造,80年9月20日,九層,四層
RPVOMLLJNHJFFAM58CA,9,164.43,住家用,鋼筋混凝土造,94年9月6日,三層,屋頂突出物 一層 二層 三層
RPOOMLOLMHJFFAM28CA,8,177.92,住家用,鋼筋混凝土造,95年7月28日,三層,一層 二層 三層
RPOOMLNLMHJFFAM18CA,12,195.93,農舍,見其他登記事項,91年8月16日,一層,一層
RPWNMLLJNHJFFAM58CA,35,63.00,住家用,鋼筋混凝土加強磚造,67年11月6日,一層,一層
RPVOMLMLMHJFFAM78CA,,181.46,見其他登記事項,鋼筋混凝土造,102年11月27日,四層,一層 二層 三層 四層
RPPPMLMLMHJFFAM28CA,,175.17,住家用,鋼筋混凝土造,102年11月27日,四層,一層 二層 三層 四層
RPXOMLMLMHJFFAM98CA,,96.18,見其他登記事項,鋼筋混凝土造,102年11月27日,四層,一層 二層 三層 四層
RPXOMLMLMHJFFAM98CA,,96.18,見其他登記事項,鋼筋混凝土造,102年11月27日,四層,一層 二層 三層 四層
RPWOMLMLMHJFFAM88CA,,185.19,見其他登記事項,鋼筋混凝土造,102年11月27日,四層,一層 二層 三層 四層
RPOPMLMLMHJFFAM18CA,,185.75,住家用,鋼筋混凝土造,102年11月27日,四層,一層 二層 三層 四層
RPQPMLMLMHJFFAM38CA,,176.02,住家用,鋼筋混凝土造,102年11月27日,四層,四層 一層 二層 三層
RPROMLKLMHJFFAM18CA,,81.76,住家用,鋼筋混凝土造,102年11月27日,四層,一層 二層 三層 四層
RPROMLKLMHJFFAM18CA,,81.76,住家用,鋼筋混凝土造,102年11月27日,四層,一層 二層 三層 四層
RPRNMLMLMHJFFBM38CA,1,188.72,見其他登記事項,鋼筋混凝土造,102年4月11日,三層,一層 二層 三層 見其他登記事項
RPSPMLMLMHJFFAM58CA,,177.00,住家用,鋼筋混凝土造,102年11月27日,四層,二層 三層 四層 一層
RPRPMLMLMHJFFAM48CA,,163.53,住家用,鋼筋混凝土造,102年11月27日,四層,二層 一層 三層 四層
RPSNMLMLMHJFFBM48CA,1,188.72,見其他登記事項,鋼筋混凝土造,102年4月11日,三層,一層 二層 三層 見其他登記事項
RPXNMLTJNHJFFCM07CA,23,155.40,住家用,加強磚造,80年1月9日,二層,一層 二層
RPVNMLMLMHJFFBM88DA,33,281.42,住商用,鋼筋混凝土造,70年4月29日,四層,四層 騎樓 一層 二層 三層
RPPNMLLLMHJFFEM38CA,33,183.02,住商用,鋼筋混凝土加強磚造,70年4月10日,三層,一層 二層 三層 騎樓
RPOOMLTJNHJFFCM88CA,21,129.42,住家用,加強磚造,81年10月1日,二層,一層 二層 騎樓
RPQOMLNLMHJFFCM58CA,4,27.55,農舍,見其他登記事項,98年12月17日,一層,一層
RPRNMLOLMHJFFDM78CA,18,214.50,住家用,鋼筋混凝土造,84年12月8日,四層,騎樓 一層 二層 三層 四層
RPPNMLNLMHJFFBM28CA,50,112.29,住商用,鋼筋混凝土加強磚造,52年11月1日,二層,二層 騎樓 一層
RPSNMLRJNHJFFDM09CA,35,83.48,住家用,鋼筋混凝土加強磚造,68年7月15日,一層,一層 騎樓
RPPNMLMLMHJFFBM18CA,36,86.16,住商用,鋼筋混凝土加強磚造,67年1月5日,二層,一層 二層
RPPOMLMLMHJFFAM18CA,1,217.86,住家用,鋼筋混凝土造,102年7月17日,四層,一層 二層 三層 四層
RPUNMLSLMHJFFBM66CA,7,194.92,住家用,鋼筋混凝土造,95年10月18日,三層,一層 二層 三層 屋頂突出物
RPUOMLMLMHJFFAM68CA,14,177.93,住家用,鋼筋混凝土造,89年6月15日,三層,三層 屋頂突出物 一層 二層
RPQNMLNLMHJFFAM28CA,,175.77,住家用,鋼筋混凝土造,102年11月27日,四層,四層 二層 三層 一層
RPWNMLTJNHJFFAM76CA,34,83.80,住商用,鋼筋混凝土加強磚造,69年7月8日,二層,二層 一層
RPTNMLRJNHJFFAM88CA,38,333.00,住商用,鋼筋混凝土造,65年5月10日,四層,二層 三層 四層 騎樓 一層
RPWNMLNLMHJFFBM98CA,20,175.59,住家用,鋼筋混凝土造,83年6月28日,四層,
RPROMLLJNHJFFAM18CA,15,127.10,見其他登記事項,鋼筋混凝土造,88年2月12日,十二層,一層 二層 騎樓
RPROMLLJNHJFFAM18CA,15,23.34,見其他登記事項,鋼筋混凝土造,88年2月12日,十二層,
RPTNMLMKNHJFFBM58CA,1,262.06,住家用,鋼筋混凝土造,102年3月8日,四層,一層 二層 三層 四層
RPSNMLMKNHJFFBM48CA,1,229.46,住家用,鋼筋混凝土造,102年3月8日,四層,三層 四層 一層 二層
RPUNMLMKNHJFFBM68CA,1,262.61,住家用,鋼筋混凝土造,102年3月8日,四層,一層 二層 三層 四層
RPPNMLTJNHJFFCM98DA,18,157.74,住家用,鋼筋混凝土造,84年11月28日,四層,一層 二層 三層 四層
RPXNMLKLNHJFFCM09DA,29,119.33,商業用,鋼造,74年5月1日,一層,一層
RPTNMLLJNHJFFCM58DA,15,126.00,住家用,鋼筋混凝土造,87年10月19日,三層,三層 一層 二層
RPXNMLRJNHJFFCM86CA,20,133.68,住家用,鋼筋混凝土造,83年9月22日,三層,一層 二層 三層
RPWNMLMKNHJFFCM98CA,18,76.03,見其他登記事項,鋼筋混凝土造,84年11月22日,十二層,十二層
RPWNMLMKNHJFFCM98CA,18,64.53,見其他登記事項,鋼筋混凝土造,84年11月22日,十二層,十二層
RPWNMLMKNHJFFCM98CA,18,31.89,見其他登記事項,鋼筋混凝土造,84年11月22日,十二層,
RPWNMLMKNHJFFCM98CA,18,32.32,見其他登記事項,鋼筋混凝土造,84年11月22日,十二層,
RPPOMLKKOHJFFCM38DA,37,167.55,住商用,鋼筋混凝土加強磚造,65年12月14日,三層,一層 二層 三層 騎樓
RPRNMLPLMHJFFCM88DA,26,143.00,見其他登記事項,鋼筋混凝土造,77年9月13日,一層,一層
RPPNMLNJNHJFFCM28CA,,198.95,農舍,見其他登記事項,103年2月21日,一層,一層
RPWNMLTKNHJFFCM07CA,19,28.77,見其他登記事項,鋼筋混凝土造,83年11月28日,九層,九層
RPWNMLTKNHJFFCM07CA,19,11.08,見其他登記事項,鋼筋混凝土造,83年11月28日,九層,
RPUNMLTKNHJFFCM86CA,19,47.46,見其他登記事項,鋼筋混凝土造,83年11月28日,九層,五層
RPUNMLTKNHJFFCM86CA,19,18.29,見其他登記事項,鋼筋混凝土造,83年11月28日,九層,
RPRNMLOLMHJFFCM68CA,35,51.20,住家用,鋼筋混凝土加強磚造,68年9月11日,一層,一層 騎樓
RPSNMLOLMHJFFCM78CA,19,83.59,見其他登記事項,鋼筋混凝土造,83年12月31日,十二層,五層
RPTNMLKMMHJFFCM58CA,12,165.42,見其他登記事項,鋼骨鋼筋混凝土造,90年10月17日,四層,一層 二層 三層 四層
RPSNMLPLMHJFFCM88CA,19,89.96,見其他登記事項,鋼筋混凝土造,83年12月31日,十二層,十層
RPPNMLPLMHJFFEM78CA,44,132.04,住家用,加強磚造,59年1月1日,一層,一層 地下一層
RPVNMLTKNHJFFBM86CA,17,120.01,住家用,鋼筋混凝土造,86年6月30日,三層,一層 二層 三層
RPVNMLTKNHJFFBM86CA,17,.17,見其他登記事項,鋼筋混凝土造,86年6月30日,一層,
RPVNMLTKNHJFFBM86CA,17,35.47,停車空間,鋼筋混凝土造,86年6月30日,地下層,
RPPOMLPKNHJFFBM58CA,19,100.40,住家用,鋼筋混凝土造,84年7月19日,八層,七層
RPPOMLPKNHJFFBM58CA,19,23.10,見其他登記事項,鋼筋混凝土造,84年7月19日,八層,
RPSNMLSLMHJFFBM09CA,33,154.71,住商用,鋼筋混凝土造,70年1月9日,三層,一層 二層 三層 騎樓
RPSNMLQJNHJFFBM78CA,43,111.44,住家用,加強磚造,,二層,一層 二層
RPUNMLKMMHJFFAM48CA,,176.02,住家用,鋼筋混凝土造,102年11月27日,四層,一層 二層 三層 四層
RPWNMLKMMHJFFAM68CA,,170.29,住家用,鋼筋混凝土造,102年11月27日,四層,一層 二層 三層 四層
RPQNMLLJNHJFFBM08CA,44,41.52,住商用,鋼筋混凝土加強磚造,58年12月24日,三層,一層 二層 三層 騎樓
RPVNMLKMMHJFFBM68CA,22,44.82,住家用,鋼筋混凝土造,81年1月30日,六層,六層
RPVNMLKMMHJFFBM68CA,22,16.88,見其他登記事項,鋼筋混凝土造,81年1月30日,六層,
RPPOMLKMMHJFFAM08CA,5,29.16,住家用,見其他登記事項,98年1月21日,三層,二層
RPWNMLSLMHJFFBM86CA,20,91.50,住家用,鋼筋混凝土造,82年10月29日,十層,十層
RPWNMLSLMHJFFBM86CA,20,16.68,見其他登記事項,鋼筋混凝土造,82年10月29日,十層,
RPUNMLRLMHJFFAM09CA,,203.12,住家用,鋼筋混凝土造,102年11月27日,四層,一層 二層 三層 四層
RPVNMLRLMHJFFAM56CA,,223.17,住家用,鋼筋混凝土造,102年11月27日,四層,一層 二層 三層 四層
RPXNMLLJNHJFFAM68CA,43,134.16,住家用,鋼筋混凝土加強磚造,60年2月1日,二層,一層 二層 騎樓
RPRNMLRLMHJFFAM78CA,,216.27,住家用,鋼筋混凝土造,102年11月27日,四層,一層 二層 三層 四層
RPVNMLOLMHJFFAM88CA,20,131.48,住家用,鋼筋混凝土造,83年7月19日,三層,一層 二層 三層 夾層
RPSNMLPLMHJFFAM68CA,17,120.60,住家用,加強磚造,86年9月25日,二層,一層 二層
RPQOMLSLMHJFFAM88CA,15,162.86,住商用,鋼筋混凝土造,87年10月17日,三層,一層 二層 三層 屋頂突出物 騎樓
RPVNMLPLMHJFFAM98CA,25,102.05,住家用,加強磚造,78年5月19日,二層,一層 二層
RPQOMLKMMHJFFAM18CA,20,158.78,住家用,鋼筋混凝土造,83年1月10日,三層,一層 二層 三層 屋頂突出物
RPRNMLPLMHJFFBM68CA,7,15.00,農舍,見其他登記事項,96年3月3日,一層,一層
RPPOMLOLMHJFFAM38CA,17,184.95,住家用,鋼筋混凝土造,85年11月18日,四層,一層 二層 三層 四層
RPRNMLPLMHJFFAM58CA,35,142.30,住家用,鋼筋混凝土加強磚造,67年10月13日,三層,二層 三層 一層
RPQNMLMJNHJFFBM18CA,1,195.15,見其他登記事項,鋼筋混凝土造,102年4月11日,三層,一層 二層 三層 見其他登記事項
RPOOMLRLMHJFFAM58CA,,167.30,住家用,鋼筋混凝土造,102年11月27日,四層,一層 二層 三層 四層
RPROMLTJNHJFFBM09CA,7,154.11,住家用,鋼筋混凝土造,95年11月29日,三層,一層 二層 三層 屋頂突出物
RPSNMLTKNHJFFBM56CA,1,182.20,見其他登記事項,鋼筋混凝土造,102年2月18日,三層,一層 二層 三層 見其他登記事項
RPRNMLMJNHJFFBM28CA,1,184.26,見其他登記事項,鋼筋混凝土造,102年4月11日,三層,一層 二層 三層 見其他登記事項
RPTNMLTKNHJFFBM66CA,,260.47,見其他登記事項,鋼筋混凝土造,102年10月29日,三層,一層 二層 三層 見其他登記事項
RPQNMLNLNHJFFCM58CA,9,322.03,見其他登記事項,見其他登記事項,94年8月2日,二層,
RPWNMLLJNHJFFCM78CA,21,105.35,住家用,鋼筋混凝土造,82年6月9日,四層,四層
RPWNMLLJNHJFFCM78CA,21,6.36,見其他登記事項,鋼筋混凝土造,82年6月9日,四層,
RPXNMLSLMHJFFCM07CA,20,133.68,住家用,鋼筋混凝土造,83年9月22日,三層,一層 二層 三層
RPTOMLQKNHJFFCM56CA,,189.33,住家用,鋼筋混凝土造,103年2月13日,四層,一層 四層 二層 三層
RPTNMLPJNHJFFCM88CA,20,134.72,住家用,鋼筋混凝土造,83年5月3日,二層,一層 二層 夾層
RPPNMLSLMHJFFBM88DA,2,109.00,農舍,見其他登記事項,101年9月12日,一層,一層
RPPNMLPJNHJFFDM58CA,44,67.94,住商用,鋼筋混凝土加強磚造,58年12月1日,二層,一層 二層 騎樓
RPPNMLLLNHJFFBM18CA,34,92.38,住家用,鋼筋混凝土加強磚造,69年3月3日,二層,
RPSNMLMJNHJFFDM58CA,38,254.01,住商用,鋼筋混凝土加強磚造,65年4月9日,三層,一層 二層 三層 騎樓
RPTNMLSLMHJFFBM56CA,10,105.09,見其他登記事項,鋼筋混凝土造,93年3月22日,七層,五層
RPTNMLSLMHJFFBM56CA,10,61.21,見其他登記事項,鋼筋混凝土造,93年3月22日,七層,
RPWNMLKMMHJFFBM78CA,20,88.80,住家用,鋼筋混凝土造,82年10月29日,十層,四層
RPWNMLKMMHJFFBM78CA,20,17.59,見其他登記事項,鋼筋混凝土造,82年10月29日,十層,
RPQNMLTLMHJFFAM88CA,9,65.08,住家用,鋼筋混凝土造,94年7月28日,五層,五層
RPROMLLJNHJFFCM38CA,11,83.19,見其他登記事項,見其他登記事項,91年8月20日,一層,一層
RPPNMLTLMHJFFAM78CA,9,82.95,住家用,鋼筋混凝土造,94年7月28日,五層,五層
RPXNMLTLMHJFFAM96CA,,170.46,住家用,鋼筋混凝土造,103年1月22日,三層,一層 二層 三層
RPVNMLTLMHJFFAM76CA,,179.79,住家用,鋼筋混凝土造,103年1月22日,三層,一層 二層 三層
RPOOMLTLMHJFFAM78CA,,176.79,住家用,鋼筋混凝土造,103年1月22日,三層,一層 二層 三層
RPUNMLSJNHJFFAM09CA,38,62.94,住商用,鋼筋混凝土加強磚造,65年5月29日,三層,一層 二層 騎樓 三層
RPUNMLSJNHJFFAM09CA,28,106.74,住商用,鋼筋混凝土造,74年9月25日,四層,三層 二層 四層 一層 騎樓
RPTOMLTLMHJFFAM66CA,,156.12,住家用,鋼筋混凝土造,103年1月22日,三層,一層 二層 三層
RPUOMLTLMHJFFAM76CA,,187.60,住家用,鋼筋混凝土造,103年1月22日,三層,二層 一層 三層
RPSOMLTLMHJFFAM56CA,,169.39,住家用,鋼筋混凝土造,103年1月22日,三層,一層 二層 三層
RPPOMLTLMHJFFAM88CA,,157.10,住家用,鋼筋混凝土造,103年1月22日,三層,一層 二層 三層
RPROMLTLMHJFFAM09CA,,156.91,住家用,鋼筋混凝土造,103年1月22日,三層,一層 二層 三層
RPPNMLMJNHJFFBM08CA,33,110.35,住家用,鋼筋混凝土加強磚造,69年12月18日,二層,一層 二層
RPVNMLSLMHJFFBM76CA,19,134.26,住家用,鋼筋混凝土造,84年9月21日,八層,六層
RPVNMLSLMHJFFBM76CA,19,35.69,見其他登記事項,鋼筋混凝土造,84年9月21日,八層,
RPVNMLPJNHJFFBM98CA,1,180.40,住家用,鋼筋混凝土造,102年8月22日,四層,一層 二層 三層 四層
RPPNMLNKNHJFFDM48CA,22,179.91,住家用,鋼筋混凝土造,81年4月6日,三層,一層 二層 三層
RPQNMLNJNHJFFCM38CA,15,196.99,見其他登記事項,木造,88年7月16日,二層,一層 二層
RPVOMLLJNHJFFCM78CA,34,101.72,住商用,鋼筋混凝土造,68年11月26日,二層,一層 二層
RPXNMLTKNHJFFCM17CA,43,248.58,住商用,鋼筋混凝土加強磚造,60年3月18日,三層,一層 二層 三層 騎樓
RPQNMLMLNHJFFCM48CA,15,13.72,見其他登記事項,鋼筋混凝土造,87年12月31日,八層,六層
RPSOMLLJNHJFFCM48CA,35,88.73,住商用,鋼筋混凝土加強磚造,68年3月4日,二層,一層 二層 騎樓
RPRNMLLLNHJFFCM48CA,39,77.76,住家用,鋼筋混凝土加強磚造,64年6月27日,二層,一層 二層
RPXNMLNLNHJFFCM66CA,18,80.73,見其他登記事項,鋼筋混凝土造,85年2月9日,十五層,一層
RPXNMLNLNHJFFCM66CA,18,21.09,見其他登記事項,鋼筋混凝土造,85年2月9日,十五層,
RPPNMLKMMHJFFDM28CA,18,51.85,商業用,鋼筋混凝土造,85年3月9日,五層,一層
RPUNMLLJNHJFFCM58CA,34,224.08,住商用,鋼筋混凝土造,69年4月10日,四層,一層 二層 三層 四層 騎樓
RPPNMLSJNHJFFEM98CA,7,215.76,住家用,見其他登記事項,96年2月15日,三層,一層 二層 三層
RPVOMLTLMHJFFAM86CA,,175.76,住家用,鋼筋混凝土造,103年1月22日,三層,一層 二層 三層
RPTOMLTJNHJFFBM66CA,32,104.48,住商用,鋼筋混凝土造,71年1月15日,二層,一層 二層 騎樓
RPXNMLSLNHJFFBM17DA,8,145.54,住家用,鋼筋混凝土造,94年11月30日,三層,一層 二層 三層
RPPNMLLJNHJFFAM87CA,17,86.70,住家用,鋼筋混凝土造,86年9月19日,十四層,十二層
RPPNMLLJNHJFFAM87CA,17,21.41,見其他登記事項,鋼筋混凝土造,86年9月19日,十四層,
RPPNMLLJNHJFFAM87CA,17,15.27,停車空間,鋼筋混凝土造,86年9月19日,十四層,
RPQOMLQJNHJFFAM58CA,27,132.00,住家用,加強磚造,76年3月2日,二層,一層 二層
RPSOMLPJNHJFFAM68CA,20,85.63,住家用,鋼筋混凝土造,83年10月7日,十一層,十層
RPOOMLLJNHJFFAM87CA,17,118.52,住家用,鋼筋混凝土造,86年9月19日,五層,一層
RPOOMLLJNHJFFAM87CA,17,8.53,見其他登記事項,鋼筋混凝土造,86年9月19日,五層,
RPSNMLMLNHJFFBM58CA,20,76.34,住家用,鋼筋混凝土造,83年10月8日,七層,五層
RPSNMLMLNHJFFBM58CA,20,26.78,見其他登記事項,鋼筋混凝土造,83年10月8日,七層,
RPTNMLLLNHJFFBM58CA,10,221.27,住商用,鋼筋混凝土造,93年1月19日,三層,一層 二層 三層 騎樓 電梯樓梯間
RPPNMLOJNHJFFBM28CA,39,100.44,住商用,鋼筋混凝土加強磚造,63年11月18日,二層,一層 二層 騎樓
RPTNMLQJNHJFFBM88CA,,198.81,住家用,鋼筋混凝土造,102年11月18日,四層,一層 二層 三層 四層
RPPNMLMJNHJFFEM38CA,21,159.94,住商用,鋼筋混凝土造,81年12月8日,四層,一層 二層 三層 四層
RPPNMLSJNHJFFBM68CA,16,184.41,住家用,鋼筋混凝土造,87年6月11日,四層,一層 二層 三層 四層
RPSNMLLJNHJFFBM28CA,7,197.18,住家用,鋼筋混凝土造,95年10月18日,三層,一層 二層 三層 屋頂突出物
RPTNMLLJNHJFFBM38CA,1,193.87,見其他登記事項,鋼筋混凝土造,102年3月25日,三層,二層 三層 一層 屋頂突出物 騎樓
RPROMLMKNHJFFCM58CA,23,7.98,商業用,鋼筋混凝土造,80年4月12日,六層,一層
RPXOMLSLNHJFFCM27CA,36,405.24,工業用,鐵造,67年6月1日,一層,一層
RPTNMLRJNHJFFCM56DA,23,60.88,住家用,加強磚造,80年3月13日,一層,一層
RPPOMLTKNHJFFCM09CA,19,61.07,見其他登記事項,鋼筋混凝土造,83年11月28日,九層,八層
RPPOMLTKNHJFFCM09CA,19,16.56,見其他登記事項,鋼筋混凝土造,83年11月28日,九層,
