﻿編號,土地區段位置,土地移轉面積平方公尺,使用分區或編定
The serial number,land sector position,land shifting area square meter,the use zoning or compiles and checks
RPPOMLOLNHNFFAV17CA,興安段,98.18,都市：住
RPUNMLOKNHNFFAV47CA,自強段,184.00,都市：住
RPTNMLLKNHNFFAV07CA,順天段,2595.78,都市：農
RPQNMLOKNHNFFBV17CA,高原段,1060.00,非都市：森林區 ; 非都市編定：農牧用地
RPXNMLOLNHNFFAV87CA,建成段,103.80,都市：住
RPPNMLPKNHNFFCV27CA,坪頂段,5295.70,非都市：山坡地保育區 ; 非都市編定：農牧用地
RPSNMLPKNHNFFAV37CA,馬蘭段,141.00,都市：住
RPQOMLOLNHNFFAV27CA,興安段,88.36,都市：住
RPQNMLQKNHNFFAV27CA,大南段,1340.00,非都市：山坡地保育區 ; 非都市編定：農牧用地
RPQNMLQKNHNFFAV27CA,大南段,2510.00,非都市：山坡地保育區 ; 非都市編定：林業用地
RPTNMLPKNHNFFAV47CA,台東段,259.00,都市：住
RPPNMLSKNHNFFDV67CA,秀山段,8.08,都市：住
RPPNMLSKNHNFFDV67CA,秀山段,.00,都市：住
RPVNMLPKNHNFFAV67CA,下賓朗段,247.07,非都市：鄉村區 ; 非都市編定：乙種建築用地
RPQNMLRKNHNFFAV37CA,中正段,159.00,都市：住
RPTOMLOLNHNFFAV57CA,岩灣段,237.02,都市：住
RPTOMLOLNHNFFAV57CA,岩灣段,235.34,都市：住
RPQNMLOKNHNFFAV07CA,常德段,16.32,都市：商
RPRNMLTLNHNFFAV77CA,台東段,4.00,都市：住
RPSNMLMKOHNFFAV17CA,東海段,577.26,都市：住
RPSOMLOLNHNFFAV47CA,中心段,89.00,都市：住
RPPNMLMLNHNFFAV96DA,光明段,3.33,都市：其他
RPUNMLRKNHNFFAV77CA,豐谷段,56.00,都市：住
RPTNMLQKNHNFFAV57CA,豐聖段,257.69,都市：住
RPQNMLSKNHNFFDV77CA,南興段,761.00,非都市：山坡地保育區 ; 非都市編定：農牧用地
RPQNMLSKNHNFFDV77CA,南興段,747.00,非都市：山坡地保育區 ; 非都市編定：農牧用地
RPROMLOLNHNFFAV37CA,自強段,133.37,都市：住
RPVNMLTLNHNFFAV18CA,旭川段,59.41,非都市：鄉村區 ; 非都市編定：乙種建築用地
RPVNMLTLNHNFFAV18CA,旭川段,38.14,非都市：鄉村區 ; 非都市編定：乙種建築用地
SPPNMLMLNHNFFAV07DA,光明段,4.37,都市：其他
TPPNMLMLNHNFFAV17DA,光明段,5.83,都市：其他
UPPNMLMLNHNFFAV27DA,光明段,9.11,都市：其他
VPPNMLMLNHNFFAV37DA,光明段,42.13,都市：其他
RPPNMLSJOHNFFBV47CA,三間段大來小段,1372.00,非都市：風景區 ; 非都市編定：農牧用地
RPPNMLSJOHNFFBV47CA,永福段,107.04,非都市：風景區 ; 非都市編定：農牧用地
RPPNMLOKOHNFFCV27CA,福原段,9.53,都市：住
RPTNMLMKOHNFFAV27CA,東海段,12.67,都市：住
RPTNMLMKOHNFFAV27CA,東海段,72.13,都市：住
RPTNMLMKOHNFFAV27CA,東海段,77.61,都市：其他
RPTNMLMKOHNFFAV27CA,東海段,386.70,都市：其他
RPTNMLMKOHNFFAV27CA,東海段,921.80,都市：住
RPTNMLMKOHNFFAV27CA,東海段,330.70,都市：住
RPTNMLMKOHNFFAV27CA,東海段,29.10,都市：住
RPTNMLMKOHNFFAV27CA,東海段,52.21,都市：住
RPTNMLMKOHNFFAV27CA,東海段,16.68,都市：其他
RPPNMLQKNHNFFBV27CA,萬年段,1137.00,非都市：風景區 ; 非都市編定：農牧用地
RPSNMLRKNHNFFAV57CA,旭川段,8.66,非都市： ; 非都市編定：
RPTNMLNLNHNFFAV37CA,台東段,80.00,都市：住
RPTNMLNLNHNFFAV37CA,台東段,192.00,都市：住
RPPNMLQKNHNFFCV37CA,月野段,1660.00,非都市：特定農業區 ; 非都市編定：農牧用地
RPVNMLKMNHNFFAV37CA,豐年段,18.00,都市：住
RPQNMLMLNHNFFAV96CA,馬蘭段,45.08,都市：住
RPSNMLLLNHNFFAV17DA,光明段,190.26,都市：農
RPSNMLLLNHNFFAV17DA,光明段,2.07,都市：農
RPSNMLLLNHNFFAV17DA,光明段,.04,都市：其他
RPSNMLLLNHNFFAV17DA,光明段,50.12,都市：農
RPSNMLLLNHNFFAV17DA,光明段,16.67,都市：農
RPSNMLLLNHNFFAV17DA,光明段,29.03,都市：農
RPSNMLOKOHNFFAV37CA,南清段,39.80,都市：住
RPSNMLOKOHNFFAV37CA,南清段,2.18,都市：住
RPQNMLOKOHNFFCV37CA,牧野段,4817.16,非都市：特定農業區 ; 非都市編定：農牧用地
RPRNMLLLNHNFFAV07DA,光明段,189.76,都市：農
RPRNMLLLNHNFFAV07DA,光明段,2.07,都市：農
RPRNMLLLNHNFFAV07DA,光明段,.04,都市：其他
RPRNMLLLNHNFFAV07DA,光明段,49.71,都市：農
RPRNMLLLNHNFFAV07DA,光明段,16.53,都市：農
RPRNMLLLNHNFFAV07DA,光明段,28.79,都市：農
RPRNMLMLNHNFFAV07CA,豐源段,5000.00,非都市：特定農業區 ; 非都市編定：農牧用地
RPRNMLLLNHNFFBV07CA,烏石鼻段,7.34,非都市：風景區 ; 非都市編定：丙種建築用地
RPOOMLKMNHNFFAV76CA,普優瑪段,98.10,都市：住
RPVNMLLLNHNFFAV37CA,豐年段,30.00,都市：住
RPVNMLLLNHNFFAV37CA,豐年段,30.00,都市：住
RPQNMLTLNHNFFDV97CA,荒野段,228.53,非都市：特定農業區 ; 非都市編定：農牧用地
RPPNMLNLNHNFFBV07CA,忠智段,156.34,都市：住
RPVNMLMLNHNFFAV47CA,合江段,1411.93,非都市：風景區 ; 非都市編定：農牧用地
RPVNMLMLNHNFFAV47CA,合江段,3013.88,非都市：風景區 ; 非都市編定：農牧用地
RPVNMLMLNHNFFAV47CA,合江段,643.76,非都市：風景區 ; 非都市編定：農牧用地
RPPNMLPLNHNFFCV37CA,水井段,95.75,非都市：鄉村區 ; 非都市編定：交通用地
RPPNMLPLNHNFFCV37CA,水井段,473.62,非都市：鄉村區 ; 非都市編定：乙種建築用地
RPPNMLPLNHNFFCV37CA,水井段,119.52,非都市：鄉村區 ; 非都市編定：乙種建築用地
RPPNMLPLNHNFFCV37CA,水井段,67.94,非都市：特定農業區 ; 非都市編定：農牧用地
RPPNMLPLNHNFFCV37CA,水井段,230.00,非都市：特定農業區 ; 非都市編定：農牧用地
RPPNMLPLNHNFFCV37CA,水井段,304.03,非都市：鄉村區 ; 非都市編定：乙種建築用地
RPQNMLLMNHNFFCV17CA,豐泉段,82.65,都市：住
RPQNMLLMNHNFFCV17CA,豐泉段,82.65,都市：住
RPQNMLTLNHNFFCV87CA,鹿野段,2331.00,非都市：特定農業區 ; 非都市編定：農牧用地
RPQNMLTLNHNFFCV87CA,鹿野段,1549.00,非都市：特定農業區 ; 非都市編定：農牧用地
RPSNMLMLNHNFFAV17CA,利家段,2200.00,非都市：特定農業區 ; 非都市編定：農牧用地
RPSNMLMLNHNFFAV17CA,利家段,1000.00,非都市：特定農業區 ; 非都市編定：農牧用地
RPQNMLNLNHNFFBV17CA,和平南段,1444.72,非都市：風景區 ; 非都市編定：農牧用地
RPUNMLMLNHNFFAV37CA,建成段,67.71,都市：其他
RPUNMLMLNHNFFAV37CA,建成段,67.71,都市：其他
RPWNMLMLNHNFFAV57CA,合江段,1882.57,非都市：風景區 ; 非都市編定：農牧用地
RPWNMLMLNHNFFAV57CA,合江段,4018.50,非都市：風景區 ; 非都市編定：農牧用地
RPWNMLMLNHNFFAV57CA,合江段,858.34,非都市：風景區 ; 非都市編定：農牧用地
RPOOMLTLNHNFFAV67DA,新生段,14.64,都市：住
RPTNMLMLNHNFFAV27CA,中正段,224.00,都市：住
RPPNMLNLNHNFFAV96CA,下賓朗段,7.17,非都市：鄉村區 ; 非都市編定：乙種建築用地
RPPNMLKMNHNFFAV76CA,台東段,307.00,都市：住
RPWNMLOLNHNFFAV77CA,中清段,279.11,都市：住
RPWNMLOLNHNFFAV77CA,中清段,139.55,都市：住
RPWNMLOLNHNFFAV77CA,中清段,1.03,都市：其他
RPWNMLOLNHNFFAV77CA,中清段,.51,都市：其他
RPWNMLOLNHNFFAV77CA,中清段,453.57,都市：住
RPWNMLOLNHNFFAV77CA,中清段,226.78,都市：住
RPWNMLOLNHNFFAV77CA,中清段,1.13,都市：住
RPWNMLOLNHNFFAV77CA,中清段,.56,都市：住
RPWNMLOLNHNFFAV77CA,中清段,67.93,都市：其他
RPWNMLOLNHNFFAV77CA,中清段,33.97,都市：其他
RPWNMLOLNHNFFAV77CA,中清段,4.84,都市：住
RPWNMLOLNHNFFAV77CA,中清段,2.42,都市：住
RPUNMLNLNHNFFAV47CA,普優瑪段,20.53,都市：住
RPUNMLNLNHNFFAV47CA,普優瑪段,108.07,都市：住
RPUNMLNLNHNFFAV47CA,普優瑪段,105.14,都市：住
RPUNMLNLNHNFFAV47CA,普優瑪段,3.20,都市：住
RPUNMLNLNHNFFAV47CA,普優瑪段,2.65,都市：住
RPVOMLOLNHNFFAV87DA,利泰段,69.35,非都市：鄉村區 ; 非都市編定：乙種建築用地
RPPNMLOLNHNFFDV37CA,北橋段,110.60,都市：住
RPVNMLPLNHNFFAV77CA,澱粉段,87.85,非都市：特定農業區 ; 非都市編定：甲種建築用地
RPRNMLNLNHNFFAV17CA,馬蘭段,45.60,都市：住
RPSNMLPLNHNFFAV47CA,豐利段,99.27,都市：住
RPPNMLLJOHNFFCV86CA,水墜段,468.54,非都市：特定農業區 ; 非都市編定：農牧用地
RPRNMLOLNHNFFBV37CA,田組段,150.04,非都市：鄉村區 ; 非都市編定：乙種建築用地
RPRNMLOLNHNFFBV37CA,田組段,57.52,非都市：鄉村區 ; 非都市編定：乙種建築用地
RPPNMLTLNHNFFDV87CA,尚武段,67.23,都市：商
RPPNMLKMNHNFFBV96DA,東河段,357.27,都市：住
RPPNMLKMNHNFFBV96DA,東河段,17.95,都市：住
RPQNMLSLNHNFFAV67DA,光明段,2.24,都市：其他
RPSNMLSLNHNFFAV87DA,常德段,12.91,都市：商
RPQNMLOLNHNFFBV27CA,新港段新港小段,82.00,非都市：風景區 ; 非都市編定：丙種建築用地
SPQNMLSLNHNFFAV77DA,光明段,2.89,都市：其他
TPQNMLSLNHNFFAV87DA,光明段,3.89,都市：其他
RPPNMLLLOHNFFCV17DA,康源段,75.50,非都市：鄉村區 ; 非都市編定：乙種建築用地
UPQNMLSLNHNFFAV97DA,光明段,6.03,都市：其他
VPQNMLSLNHNFFAV08DA,光明段,27.86,都市：其他
RPPNMLTLNHNFFAV57CA,建本段,3153.49,都市：農
RPTNMLLMNHNFFAV27CA,新中寮段,128.00,都市：住
RPTNMLLMNHNFFAV27CA,新中寮段,1.02,都市：住
RPTNMLLMNHNFFAV27CA,新中寮段,20.31,都市：住
RPTNMLLMNHNFFAV27CA,新中寮段,57.60,都市：住
RPWOMLOLNHNFFAV87CA,下賓朗段,32.20,非都市：一般農業區 ; 非都市編定：甲種建築用地
RPWOMLOLNHNFFAV87CA,下賓朗段,53.98,非都市：一般農業區 ; 非都市編定：甲種建築用地
RPWOMLOLNHNFFAV87CA,下賓朗段,97.59,非都市：一般農業區 ; 非都市編定：甲種建築用地
RPXOMLOLNHNFFAV97CA,豐康段,68.72,都市：住
RPXOMLOLNHNFFAV97CA,豐康段,68.72,都市：住
RPPNMLQJOHNFFCV37CA,南山段,73.27,都市：住
RPRNMLPLNHNFFAV37CA,自強段,80.00,都市：住
RPXNMLKMNHNFFAV57CA,普優瑪段,98.10,都市：住
RPWNMLKMNHNFFAV47CA,梧州段,180.66,都市：住
RPTNMLKMNHNFFAV17CA,新生段,15.13,都市：住
RPPNMLQLNHNFFAV27CA,石壁段,2235.79,都市：農
RPPNMLQLNHNFFAV27CA,石壁段,665.23,都市：農
RPPNMLQLNHNFFAV27CA,石壁段,44.65,都市：農
RPPNMLQLNHNFFAV27CA,石壁段,72.14,都市：其他
RPQNMLPJOHNFFAV17CA,下賓朗段,52.98,非都市：鄉村區 ; 非都市編定：乙種建築用地
RPQNMLPJOHNFFAV17CA,下賓朗段,52.98,非都市：鄉村區 ; 非都市編定：乙種建築用地
RPQNMLPJOHNFFAV17CA,下賓朗段,7.40,非都市：鄉村區 ; 非都市編定：乙種建築用地
RPQNMLPJOHNFFAV17CA,下賓朗段,7.40,非都市：鄉村區 ; 非都市編定：乙種建築用地
RPQNMLPLNHNFFAV27CA,東海段,3.82,都市：住
RPQNMLPLNHNFFAV27CA,東海段,.21,都市：其他
RPQNMLPLNHNFFAV27CA,東海段,113.50,都市：住
RPQNMLPLNHNFFAV27CA,東海段,.64,都市：其他
RPPNMLKMNHNFFCV96CA,中華段,120.76,都市：住
RPQNMLMKOHNFFCV17CA,加拿段,813.00,非都市：山坡地保育區 ; 非都市編定：農牧用地
RPQNMLMKOHNFFCV17CA,加拿段,1055.00,非都市：山坡地保育區 ; 非都市編定：農牧用地
RPQNMLMKOHNFFCV17CA,加拿段,1169.00,非都市：山坡地保育區 ; 非都市編定：農牧用地
RPQNMLMKOHNFFCV17CA,加拿段,1294.00,非都市：山坡地保育區 ; 非都市編定：農牧用地
RPQNMLMKOHNFFCV17CA,加拿段,899.00,非都市：山坡地保育區 ; 非都市編定：農牧用地
RPQNMLMKOHNFFCV17CA,加拿段,719.00,非都市：山坡地保育區 ; 非都市編定：農牧用地
RPQNMLMKOHNFFCV17CA,加拿段,659.00,非都市：山坡地保育區 ; 非都市編定：農牧用地
RPQNMLMKOHNFFCV17CA,加拿段,899.00,非都市：山坡地保育區 ; 非都市編定：農牧用地
RPQNMLMKOHNFFCV17CA,加拿段,899.00,非都市：山坡地保育區 ; 非都市編定：農牧用地
RPQNMLMKOHNFFCV17CA,加拿段,899.00,非都市：山坡地保育區 ; 非都市編定：農牧用地
RPRNMLSLNHNFFAV67CA,台東段,6.00,都市：住
RPSNMLTLNHNFFAV87CA,台東段,8.70,都市：商
RPPNMLRJOHNFFCV47CA,鹿寮段,3148.46,非都市：山坡地保育區 ; 非都市編定：農牧用地
RPPNMLRJOHNFFCV47CA,鹿寮段,2500.00,非都市：山坡地保育區 ; 非都市編定：農牧用地
RPQNMLSLNHNFFCV77CA,水井段,327.75,非都市：鄉村區 ; 非都市編定：乙種建築用地
RPQNMLSLNHNFFCV77CA,水井段,324.03,非都市：鄉村區 ; 非都市編定：乙種建築用地
RPQNMLSLNHNFFCV77CA,水井段,79.84,非都市：鄉村區 ; 非都市編定：乙種建築用地
RPRNMLSLNHNFFCV87CA,水井段,74.91,非都市：鄉村區 ; 非都市編定：乙種建築用地
RPRNMLKMNHNFFAV96CA,豐年段,115.89,都市：住
RPRNMLKMNHNFFAV96CA,豐年段,116.29,都市：住
RPTNMLSLNHNFFAV87CA,豐年段,161.20,都市：住
RPTNMLSLNHNFFAV87CA,豐年段,20.92,都市：住
RPPNMLOJOHNFFBV07CA,八仙洞段,70.66,非都市：鄉村區 ; 非都市編定：乙種建築用地
RPPNMLOJOHNFFBV07CA,八仙洞段,70.66,非都市：鄉村區 ; 非都市編定：乙種建築用地
RPQNMLKMNHNFFBV96CA,成功段,53.63,都市：住
RPQOMLTLNHNFFAV77CA,建成段,188.87,都市：住
RPROMLKMNHNFFAV07CA,東農段,3094.00,非都市：特定農業區 ; 非都市編定：農牧用地
RPWNMLTLNHNFFAV28CA,常德段,248.86,都市：住
RPUNMLTLNHNFFAV08CA,常德段,282.74,都市：住
RPQOMLKMNHNFFAV96CA,豐航段,73.57,都市：住
RPPOMLTLNHNFFAV67CA,豐利段,46.51,都市：住
RPSOMLKMNHNFFAV17CA,東農段,3094.00,非都市：特定農業區 ; 非都市編定：農牧用地
RPROMLTLNHNFFAV87CA,台東段,30.33,都市：住
RPSNMLPJOHNFFAV37CA,台東段,71.00,都市：住
RPVNMLLJOHNFFAV27CA,岩灣段,151.37,都市：住
RPVNMLLJOHNFFAV27CA,岩灣段,151.37,都市：住
RPSOMLTLNHNFFAV97CA,台東段,102.00,都市：住
RPXNMLKLOHNFFAV57CA,永豐段,130.53,都市：其他
RPPNMLLMNHNFFDV17CA,復興段,1.26,都市：其他
RPPNMLLMNHNFFDV17CA,復興段,189.03,都市：住
RPPNMLLMNHNFFDV17CA,復興段,116.65,都市：其他
RPPNMLLMNHNFFDV17CA,復興段,32.58,都市：其他
RPPNMLLMNHNFFDV17CA,復興段,1851.45,都市：住
RPPNMLLMNHNFFDV17CA,復興段,516.78,都市：其他
RPPNMLLMNHNFFDV17CA,復興段,778.18,都市：住
RPQNMLTLNHNFFAV67CA,豐年段,22.50,都市：住
RPQNMLTLNHNFFAV67CA,豐年段,60.58,都市：住
RPPNMLNJOHNFFDV17CA,介達段,2500.00,非都市：山坡地保育區 ; 非都市編定：農牧用地
RPVNMLRLOHNFFAV08CA,岩灣段,223.80,都市：住
RPRNMLTLNHNFFCV08DA,坪頂段,5049.87,非都市：山坡地保育區 ; 非都市編定：農牧用地
RPSNMLKMNHNFFAV17DA,台東段,66.00,都市：住
RPTNMLOJOHNFFAV37CA,馬蘭段,34.29,都市：住
RPXNMLTKOHNFFAV38CA,利吉段,375.87,非都市：鄉村區 ; 非都市編定：乙種建築用地
RPXNMLTKOHNFFAV38CA,利吉段,4446.37,非都市：山坡地保育區 ; 非都市編定：農牧用地
RPQNMLPJOHNFFBV27CA,成功段,74.62,都市：住
RPPOMLKMNHNFFAV86CA,永和段,191.06,都市：其他
RPQNMLLMNHNFFAV96CA,豐利段,23.23,都市：住
RPQNMLLMNHNFFAV96CA,豐利段,34.98,都市：住
RPQNMLLMNHNFFAV96CA,豐利段,807.31,都市：住
RPQNMLLMNHNFFAV96CA,豐利段,46.73,都市：住
RPRNMLLMNHNFFAV07CA,南清段,128.91,都市：住
RPSNMLLMNHNFFAV17CA,中山段,71.00,都市：住
RPRNMLLJOHNFFAV86CA,石壁段,653.40,都市：農
RPPNMLPLOHNFFAV27CA,中山段,189.00,都市：住
RPUNMLLJOHNFFAV17CA,台東段,112.00,都市：住
RPPNMLLJOHNFFAV66CA,馬蘭段,39.38,都市：住
SPPNMLPJOHNFFBV27CA,成功段,.98,都市：住
SPPNMLPJOHNFFBV27CA,成功段,71.57,都市：住
RPQNMLPLOHNFFAV37CA,大業段,114.56,都市：住
RPQNMLPLOHNFFAV37CA,常德段,4.98,都市：住
RPSNMLOJOHNFFAV27CA,台東段,99.00,都市：住
RPRNMLQJOHNFFBV57DA,仙民段,63.16,非都市：風景區 ; 非都市編定：農牧用地
RPPNMLOJOHNFFAV96CA,豐年段,16.64,都市：住
RPPNMLPJOHNFFBV17CA,成功段,.76,都市：住
RPPNMLPJOHNFFBV17CA,成功段,73.10,都市：住
RPRNMLPJOHNFFBV37CA,新美山段,530.69,非都市：風景區 ; 非都市編定：農牧用地
RPRNMLPJOHNFFBV37CA,新美山段,1151.95,非都市：風景區 ; 非都市編定：農牧用地
RPSNMLPJOHNFFBV47CA,成功段,6.42,都市：住
RPQNMLLJOHNFFCV07DA,中福段,1.32,都市：商
RPPNMLQJOHNFFBV27CA,黃金橋段,138.02,非都市：鄉村區 ; 非都市編定：乙種建築用地
RPUNMLMKOHNFFAV37CA,旭川段,89.45,非都市：鄉村區 ; 非都市編定：乙種建築用地
RPTNMLLJOHNFFAV07CA,利家段,89.00,非都市：特定農業區 ; 非都市編定：甲種建築用地
RPRNMLOJOHNFFAV17CA,豐年段,27.00,都市：住
RPPNMLPKOHNFFAV17CA,台東段,1501.00,都市：商
RPQNMLQJOHNFFAV27CA,自強段,136.00,都市：住
RPPNMLLJOHNFFDV96CA,秀山段,8.08,都市：商
RPPNMLLJOHNFFDV96CA,秀山段,.00,都市：商
RPPNMLPJOHNFFAV07CA,興安段,115.69,都市：住
RPSNMLPJOHNFFCV57CA,鹿野段,1302.00,非都市：特定農業區 ; 非都市編定：農牧用地
RPSNMLPJOHNFFCV57CA,鹿野段,1374.00,非都市：特定農業區 ; 非都市編定：農牧用地
RPSNMLPJOHNFFCV57CA,鹿野段,1330.00,非都市：特定農業區 ; 非都市編定：農牧用地
RPRNMLQJOHNFFCV57CA,里段,225.11,都市：其他
RPRNMLRJOHNFFAV47CA,建國段,95.00,都市：住
RPSNMLQJOHNFFCV67CA,里段,93.78,都市：其他
RPPNMLMLOHNFFDV27CA,荒野段,4731.98,非都市：特定農業區 ; 非都市編定：農牧用地
RPPNMLPJOHNFFCV37DA,鹿野段,151.00,非都市：鄉村區 ; 非都市編定：乙種建築用地
RPQNMLQJOHNFFCV47CA,崁頂段,184.00,非都市：鄉村區 ; 非都市編定：乙種建築用地
RPUNMLPJOHNFFBV77DA,玉港段,782.86,非都市：風景區 ; 非都市編定：農牧用地
RPUNMLPJOHNFFBV77DA,玉港段,993.88,非都市：風景區 ; 非都市編定：農牧用地
RPPNMLLKOHNFFBV86CA,萬年段,687.00,非都市：鄉村區 ; 非都市編定：乙種建築用地
RPSNMLRJOHNFFAV57CA,鎮樂段,3125.00,非都市：山坡地保育區 ; 非都市編定：農牧用地
RPSNMLRJOHNFFAV57CA,鎮樂段,6.00,非都市：山坡地保育區 ; 非都市編定：農牧用地
RPSNMLPKOHNFFAV57DA,富岡南段,117.71,非都市：鄉村區 ; 非都市編定：乙種建築用地
RPSNMLQJOHNFFBV57CA,加走灣段,6581.16,非都市：風景區 ; 非都市編定：農牧用地
RPQNMLPJOHNFFCV37CA,鹿野段,2070.00,非都市：特定農業區 ; 非都市編定：農牧用地
RPSNMLQJOHNFFAV47CA,豐成段,95.13,非都市：特定農業區 ; 非都市編定：甲種建築用地
RPRNMLSJOHNFFAV57CA,知本段,2500.00,非都市：特定農業區 ; 非都市編定：農牧用地
RPQNMLRJOHNFFAV37CA,常德段,94.78,都市：住
RPSNMLSJOHNFFAV67CA,知本段,2500.00,非都市：特定農業區 ; 非都市編定：農牧用地
RPTNMLQJOHNFFAV57CA,台東段,52.63,都市：住
RPVNMLRJOHNFFAV87CA,射馬干段,5035.85,非都市：特定農業區 ; 非都市編定：農牧用地
RPPNMLSJOHNFFAV37CA,中山段,70.00,都市：住
RPUNMLQJOHNFFAV67CA,台東段,245.00,都市：住
RPRNMLNKOHNFFAV17CA,台東段,83.00,都市：住
RPRNMLNKOHNFFAV17CA,台東段,7.00,都市：其他
RPPNMLRJOHNFFAV27CA,中清段,181.10,都市：住
RPTNMLRJOHNFFAV67CA,中山段,87.00,都市：住
RPWNMLPKOHNFFAV87CA,中正段,99.00,都市：住
RPRNMLQJOHNFFAV37CA,中正段,271.00,都市：住
RPWNMLKLOHNFFAV47CA,建興段,13.31,都市：住
RPWNMLKLOHNFFAV47CA,建興段,41.54,都市：住
RPWNMLKLOHNFFAV47CA,建興段,199.69,都市：住
RPWNMLKLOHNFFAV47CA,建興段,52.44,都市：住
RPOOMLPLOHNFFAV27CA,台東段,33.51,都市：住
RPOOMLKLOHNFFAV76CA,常德段,52.89,都市：其他
RPOOMLKLOHNFFAV76CA,常德段,83.14,都市：其他
RPOOMLKLOHNFFAV76CA,常德段,.80,都市：其他
RPPOMLPLOHNFFAV37CA,中心段,92.00,都市：住
RPRNMLMKOHNFFAV07CA,富岡段,138.67,非都市：鄉村區 ; 非都市編定：乙種建築用地
RPRNMLOKOHNFFDV67DA,秀山段,6.53,都市：住
RPUNMLNKOHNFFAV47CA,豐源段,3000.00,非都市：特定農業區 ; 非都市編定：農牧用地
RPPNMLNKOHNFFAV96CA,自強段,160.00,都市：住
RPQNMLMKOHNFFAV96CA,南王段,87.87,都市：住
RPQNMLLKOHNFFAV86CA,永樂段,25.00,都市：住
RPQNMLLKOHNFFAV86CA,永樂段,62.00,都市：住
RPPNMLTKOHNFFAV57CA,豐源段,3509.14,非都市：特定農業區 ; 非都市編定：農牧用地
RPRNMLTKOHNFFAV77CA,馬蘭段,101.00,都市：住
RPRNMLTKOHNFFAV77CA,馬蘭段,53.00,都市：住
RPPNMLMKOHNFFAV86CA,常德段,115.00,都市：住
RPSNMLNKOHNFFAV27CA,豐航段,88.10,都市：住
RPSNMLNKOHNFFAV27CA,豐航段,25.38,都市：住
RPPOMLNKOHNFFAV07CA,豐源段,3000.00,非都市：特定農業區 ; 非都市編定：農牧用地
RPSNMLOKOHNFFDV67CA,北橋段,1849.29,都市：住
RPSNMLOKOHNFFDV67CA,北橋段,817.75,都市：住
RPSNMLOKOHNFFDV67CA,北橋段,26.47,都市：其他
RPOOMLNKOHNFFAV96CA,豐源段,3000.00,非都市：特定農業區 ; 非都市編定：農牧用地
RPPNMLMKOHNFFCV07CA,慶豐段,211.21,非都市：鄉村區 ; 非都市編定：乙種建築用地
RPPNMLNKOHNFFCV17CA,德高段,167.92,非都市：特定農業區 ; 非都市編定：水利用地
RPQNMLMJPHNFFDV27CA,尚武段,356.56,都市：農
RPQNMLMJPHNFFDV27CA,尚武段,198.35,都市：農
RPPNMLOKOHNFFAV07CA,建興段,267.14,都市：農
RPPNMLOKOHNFFAV07CA,建興段,307.43,都市：農
RPQNMLPJPHNFFAV27CA,中山段,142.00,都市：住
RPQNMLKLOHNFFDV17CA,泰王段,101.29,都市：商
RPVNMLNKOHNFFAV57CA,富岡南段,3.96,非都市：風景區 ; 非都市編定：交通用地
RPVNMLNKOHNFFAV57CA,富岡南段,12.89,非都市：風景區 ; 非都市編定：交通用地
RPWNMLNKOHNFFAV67CA,富岡南段,20.79,非都市：風景區 ; 非都市編定：交通用地
RPWNMLNKOHNFFAV67CA,富岡南段,101.84,非都市：風景區 ; 非都市編定：交通用地
RPTNMLPKOHNFFAV57CA,富岡段,99.89,非都市：鄉村區 ; 非都市編定：乙種建築用地
RPQNMLOKOHNFFAV17CA,梧州段,379.68,都市：住
RPQNMLOKOHNFFAV17CA,梧州段,193.09,都市：住
RPQNMLOKOHNFFAV17CA,梧州段,65.10,都市：其他
RPVNMLTKOHNFFAV18CA,台東段,143.00,都市：住
RPTNMLSLOHNFFAV97CA,豐榮段,124.93,都市：住
RPXNMLNKOHNFFAV77CA,富岡南段,11.77,非都市：風景區 ; 非都市編定：交通用地
RPXNMLNKOHNFFAV77CA,富岡南段,36.18,非都市：風景區 ; 非都市編定：交通用地
RPQNMLPKOHNFFAV27CA,常德段,1962.77,都市：商
RPQNMLNKOHNFFBV17CA,北都歷段,2101.37,非都市：鄉村區 ; 非都市編定：乙種建築用地
RPPNMLNKOHNFFBV07CA,北都歷段,1193.42,非都市：風景區 ; 非都市編定：農牧用地
RPPNMLRLOHNFFAV47CA,台東段,99.00,都市：住
RPPNMLKLOHNFFBV86CA,成功段,86.04,都市：住
RPPNMLKLOHNFFBV86CA,成功段,86.04,都市：住
RPRNMLPKOHNFFAV37CA,南清段,69.92,都市：住
RPPNMLPKOHNFFBV27CA,烏石鼻段,7.34,非都市：風景區 ; 非都市編定：丙種建築用地
RPPNMLPKOHNFFBV27CA,烏石鼻段,74.79,非都市：風景區 ; 非都市編定：丙種建築用地
RPTNMLPLOHNFFAV77DA,豐榮段,33.00,都市：住
RPTNMLPLOHNFFAV77DA,豐榮段,38.00,都市：住
RPTOMLKLOHNFFAV27CA,班鳩段,3216.81,非都市：山坡地保育區 ; 非都市編定：農牧用地
RPPOMLKLOHNFFAV86CA,豐航段,613.29,都市：農
RPQOMLKLOHNFFAV96CA,三塊厝段,7691.03,非都市：山坡地保育區 ; 非都市編定：農牧用地
RPPNMLQJPHNFFAV37DA,合江段,317.11,非都市：風景區 ; 非都市編定：農牧用地
RPUNMLMLOHNFFAV57DA,永清段,30.93,都市：住
RPUNMLMLOHNFFAV57DA,永清段,8.11,都市：其他
RPUNMLMLOHNFFAV57DA,永清段,306.01,都市：住
RPUNMLMLOHNFFAV57DA,永清段,79.88,都市：住
RPUNMLMLOHNFFAV57DA,永清段,38.94,都市：住
RPUOMLKLOHNFFAV37CA,利家段,1102.50,非都市：特定農業區 ; 非都市編定：農牧用地
RPUNMLQLOHNFFAV87CA,射馬干段,123.53,非都市：特定農業區 ; 非都市編定：甲種建築用地
RPRNMLPLOHNFFCV67CA,中和段,11053.08,非都市：一般農業區 ; 非都市編定：農牧用地
RPPNMLKLOHNFFAV76CA,豐年段,12.50,都市：住
RPTNMLMLOHNFFAV47DA,永清段,20.62,都市：住
RPTNMLMLOHNFFAV47DA,永清段,5.41,都市：其他
RPTNMLMLOHNFFAV47DA,永清段,204.01,都市：住
RPTNMLMLOHNFFAV47DA,永清段,53.26,都市：住
RPTNMLMLOHNFFAV47DA,永清段,25.96,都市：住
RPTNMLOJPHNFFAV47CA,台東段,15.00,都市：住
RPTNMLOJPHNFFAV47CA,台東段,78.00,都市：住
RPSNMLMLOHNFFAV37DA,永清段,10.31,都市：住
RPSNMLMLOHNFFAV37DA,永清段,2.70,都市：其他
RPSNMLMLOHNFFAV37DA,永清段,102.00,都市：住
RPSNMLMLOHNFFAV37DA,永清段,26.63,都市：住
RPSNMLMLOHNFFAV37DA,永清段,12.98,都市：住
RPPNMLTKOHNFFCV87DA,中華段,24.74,都市：商
RPPNMLTKOHNFFCV87DA,中華段,48.80,都市：商
RPROMLKLOHNFFAV07CA,豐航段,521.34,都市：農
RPTNMLTKOHNFFAV97CA,豐年段,112.52,都市：住
RPUNMLPKOHNFFAV67CA,豐年段,112.63,都市：住
RPTNMLLLOHNFFAV37DA,豐利段,36.63,都市：住
RPTNMLLLOHNFFAV37DA,豐利段,19.15,都市：住
RPTNMLLLOHNFFAV37DA,豐利段,1.78,都市：住
RPSOMLKLOHNFFAV17CA,德安段,250.62,都市：住
RPSOMLKLOHNFFAV17CA,德安段,74.80,都市：其他
RPXNMLQLOHNFFAV18CA,台東段,83.00,都市：住
RPSNMLTKOHNFFAV87CA,馬蘭段,39.38,都市：住
RPTNMLKLOHNFFAV17CA,豐源段,3000.00,非都市：特定農業區 ; 非都市編定：農牧用地
RPVNMLPKOHNFFAV77CA,台東段,5.31,都市：住
RPQNMLMLOHNFFAV07CA,台東段,43.74,都市：住
RPPNMLRLOHNFFDV87DA,金富段,207.23,非都市：鄉村區 ; 非都市編定：乙種建築用地
RPSNMLLLOHNFFAV17CA,豐年段,118.00,都市：住
RPXNMLPLOHNFFAV08CA,青林段,3166.10,非都市：山坡地保育區 ; 非都市編定：農牧用地
RPWNMLRLOHNFFAV18CA,豐年段,54.00,都市：住
RPRNMLRLOHNFFAV67CA,新生段,11.41,都市：住
RPQOMLPLOHNFFAV47CA,台東段,101.00,都市：住
RPPNMLPLOHNFFCV57DA,萬福段,4015.22,非都市：特定農業區 ; 非都市編定：農牧用地
RPPNMLMLOHNFFBV07CA,新都威段,3031.07,非都市：風景區 ; 非都市編定：農牧用地
RPRNMLLLOHNFFAV07CA,豐年段,133.00,都市：住
RPRNMLMLOHNFFAV17CA,馬蘭段,45.08,都市：住
RPQNMLMLOHNFFCV37DA,大同段,149.82,都市：住
RPPNMLPJPHNFFBV27CA,城仔埔段,3000.00,非都市：風景區 ; 非都市編定：農牧用地
RPQNMLLLOHNFFAV96CA,豐年段,111.48,都市：住
RPQNMLQLOHNFFAV57DA,北南王段,723.85,都市：農
RPQNMLQLOHNFFAV57DA,北南王段,41.59,都市：其他
RPUNMLPLOHNFFAV77CA,豐航段,85.93,都市：住
RPUNMLLLOHNFFAV37CA,石川段,90.88,非都市：風景區 ; 非都市編定：丙種建築用地
RPQNMLPLOHNFFCV57CA,豐泉段,117.10,都市：住
RPROMLPLOHNFFAV57CA,自強段,57.50,都市：住
RPRNMLPLOHNFFAV47CA,南王段,3.00,都市：住
RPRNMLPLOHNFFAV47CA,南王段,32.40,都市：住
RPVNMLPLOHNFFAV87CA,南王段,.68,都市：其他
RPVNMLPLOHNFFAV87CA,南王段,768.28,都市：住
RPVNMLPLOHNFFAV87CA,南王段,53.77,都市：其他
RPWNMLMLOHNFFAV67CA,南榮段,1820.40,都市：住
RPWNMLMLOHNFFAV67CA,南榮段,898.52,都市：住
RPSOMLPLOHNFFAV67CA,豐谷段,120.42,都市：住
RPTOMLPLOHNFFAV77CA,建樂段,9.76,都市：住
RPUOMLPLOHNFFAV87CA,豐年段,15.23,都市：住
RPSNMLMJPHNFFAV17CA,馬蘭段,114.00,都市：住
RPQNMLRLOHNFFAV57CA,建業段,105.00,都市：住
RPSNMLQLOHNFFAV67CA,豐年段,112.70,都市：住
RPPNMLQLOHNFFDV67CA,荒野段,276.72,非都市：一般農業區 ; 非都市編定：農牧用地
RPPNMLRLOHNFFBV67DA,永福段,3127.69,非都市：風景區 ; 非都市編定：農牧用地
RPPNMLKLPHNFFBV96CA,新港段八邊小段,630.00,非都市：風景區 ; 非都市編定：農牧用地
RPTNMLRLOHNFFAV87CA,建業段,105.00,都市：住
RPPNMLQLOHNFFBV47CA,阿都蘭段,3119.34,非都市：風景區 ; 非都市編定：農牧用地
RPPNMLQJPHNFFCV57DA,中華段,4.65,都市：工
RPPNMLSKPHNFFBV77DA,高原段,236.00,非都市：鄉村區 ; 非都市編定：乙種建築用地
RPRNMLOJPHNFFAV37DA,富岡段,139.65,非都市：風景區 ; 非都市編定：丙種建築用地
RPPNMLRLOHNFFCV77DA,康源段,30380.00,非都市：山坡地保育區 ; 非都市編定：農牧用地
RPPNMLRLOHNFFCV77DA,康源段,27531.00,非都市：山坡地保育區 ; 非都市編定：農牧用地
RPPNMLRLOHNFFCV77DA,康源段,230.00,非都市：山坡地保育區 ; 非都市編定：丙種建築用地
RPPNMLRLOHNFFCV77DA,康源段,420.00,非都市：山坡地保育區 ; 非都市編定：丙種建築用地
RPPNMLRKPHNFFDV87DA,秀山段,8.08,都市：其他
RPPNMLRKPHNFFDV87DA,秀山段,.00,都市：其他
RPUNMLMJPHNFFAV37CA,馬蘭段,114.00,都市：住
RPQNMLQJPHNFFCV57CA,里段,26.34,都市：商
RPQNMLQJPHNFFCV57CA,里段,26.34,都市：商
RPQNMLQJPHNFFCV57CA,里段,26.34,都市：商
RPQNMLQJPHNFFCV57CA,里段,9.46,都市：商
RPQNMLQJPHNFFCV57CA,里段,9.46,都市：商
RPQNMLQJPHNFFCV57CA,里段,9.46,都市：商
RPOOMLOJPHNFFAV07CA,台東段,532.00,都市：住
RPTNMLQLOHNFFAV77CA,豐年段,78.07,都市：住
RPPNMLSLOHNFFAV57CA,豐航段,1293.88,都市：農
RPQNMLRLOHNFFCV77CA,慶福段,125.15,都市：商
RPXNMLMJPHNFFAV67CA,豐康段,.87,都市：住
RPXNMLMJPHNFFAV67CA,豐康段,29.07,都市：住
RPXNMLMJPHNFFAV67CA,豐康段,31.40,都市：住
RPXNMLMJPHNFFAV67CA,豐康段,3.29,都市：住
RPPNMLTLOHNFFAV67CA,自強段,137.00,都市：住
RPQOMLRLOHNFFAV67CA,豐里段,124.60,非都市：鄉村區 ; 非都市編定：乙種建築用地
RPSNMLRLOHNFFAV77CA,中心段,20.60,都市：住
RPUNMLQJPHNFFAV77CA,岩灣段,143.28,都市：住
RPPNMLTLOHNFFCV97DA,大原段,1675.00,非都市：特定農業區 ; 非都市編定：農牧用地
RPPNMLTLOHNFFCV97DA,大原段,485.00,非都市：特定農業區 ; 非都市編定：農牧用地
RPPNMLTLOHNFFCV97DA,大原段,850.00,非都市：特定農業區 ; 非都市編定：農牧用地
RPPNMLTLOHNFFCV97DA,大原段,1715.00,非都市：特定農業區 ; 非都市編定：農牧用地
RPRNMLNJPHNFFAV27DA,台東段,68.00,都市：住
RPQNMLSLOHNFFCV97DA,里段,232.40,都市：住
RPQNMLSLOHNFFCV97DA,里段,158.75,都市：住
RPTNMLNJPHNFFAV47DA,台東段,612.00,都市：其他
RPTNMLMJPHNFFAV27CA,新中寮段,746.84,都市：商
RPRNMLSLOHNFFAV77CA,下賓朗段,197.60,非都市：鄉村區 ; 非都市編定：乙種建築用地
RPQNMLMJPHNFFAV96CA,常德段,1723.78,都市：商
RPRNMLQLOHNFFAV57CA,台東段,54.25,都市：住
RPQNMLNLPHNFFCV47CA,新福段,2891.69,非都市：一般農業區 ; 非都市編定：農牧用地
RPQNMLMJPHNFFBV07CA,東河段,116.18,都市：住
RPQNMLSLOHNFFDV97CA,秀山段,6.53,都市：住
RPQNMLQKPHNFFAV47CA,上岩灣段,3966.18,都市：住
RPQNMLQKPHNFFAV47CA,上岩灣段,1862.66,都市：住
RPQNMLQKPHNFFAV47CA,上岩灣段,96.54,都市：住
RPQNMLQKPHNFFAV47CA,上岩灣段,103.83,都市：住
RPQNMLQKPHNFFAV47CA,上岩灣段,397.72,都市：其他
RPQNMLQKPHNFFAV47CA,上岩灣段,29.92,都市：住
RPQNMLQKPHNFFAV47CA,上岩灣段,13.06,都市：住
RPQNMLQKPHNFFAV47CA,上岩灣段,25.73,都市：其他
RPQNMLQKPHNFFAV47CA,上岩灣段,1305.39,都市：住
RPSNMLOJPHNFFAV37CA,永豐段,114.52,都市：住
RPPNMLMJPHNFFAV86CA,豐川段,1631.81,非都市：特定農業區 ; 非都市編定：農牧用地
RPPNMLMJPHNFFAV86CA,豐川段,3860.53,非都市：特定農業區 ; 非都市編定：農牧用地
RPXNMLSJQHNFFAV38CA,利家段,1192.50,非都市：特定農業區 ; 非都市編定：農牧用地
RPXNMLSJQHNFFAV38CA,利家段,1192.50,非都市：特定農業區 ; 非都市編定：農牧用地
RPPNMLKKPHNFFDV07CA,復興段,16.03,都市：住
RPPNMLKKPHNFFDV07CA,復興段,107.65,都市：住
RPPNMLKKPHNFFDV07CA,復興段,132.65,都市：住
RPWNMLMJPHNFFAV57CA,建和段,6513.29,非都市：山坡地保育區 ; 非都市編定：農牧用地
RPWNMLNKPHNFFAV77CA,馬蘭段,12.38,都市：住
RPPNMLTLOHNFFDV97CA,蘭里段,67.08,非都市：鄉村區 ; 非都市編定：乙種建築用地
RPSNMLNJPHNFFAV27CA,泰安段,123.45,非都市：鄉村區 ; 非都市編定：乙種建築用地
RPPNMLNJPHNFFAV96CA,馬蘭段,91.00,都市：住
RPVOMLOJPHNFFAV77CA,利家段,86.50,非都市：特定農業區 ; 非都市編定：甲種建築用地
RPVOMLOJPHNFFAV77CA,利家段,86.50,非都市：特定農業區 ; 非都市編定：甲種建築用地
RPVOMLOJPHNFFAV77CA,利家段,47.00,非都市：特定農業區 ; 非都市編定：甲種建築用地
RPVOMLOJPHNFFAV77CA,利家段,47.00,非都市：特定農業區 ; 非都市編定：甲種建築用地
RPQNMLNJPHNFFAV07CA,台東段,66.00,都市：住
RPXNMLOJPHNFFAV87CA,新中寮段,302.08,都市：商
RPXNMLOJPHNFFAV87CA,新中寮段,10.17,都市：其他
RPPNMLNLPHNFFAV17CA,台東段,379.00,都市：商
RPPNMLNLPHNFFAV17CA,台東段,23.00,都市：商
RPPNMLNLPHNFFAV17CA,台東段,20.00,都市：商
RPPNMLOJPHNFFBV17CA,永福段,3925.12,非都市：風景區 ; 非都市編定：農牧用地
RPQNMLTLOHNFFAV77CA,利家段,35.43,非都市：鄉村區 ; 非都市編定：乙種建築用地
RPPOMLOJPHNFFAV17CA,興安段,134.69,都市：住
RPSNMLPJPHNFFAV47CA,初鹿段,5785.00,非都市：特定農業區 ; 非都市編定：農牧用地
RPRNMLPJPHNFFAV37CA,台東段,107.00,都市：住
RPUNMLQKPHNFFAV87CA,明峰段,1177.40,非都市：山坡地保育區 ; 非都市編定：丙種建築用地
RPSNMLQJPHNFFAV57CA,煙草間段,284.01,非都市：鄉村區 ; 非都市編定：乙種建築用地
RPSNMLNLPHNFFAV47CA,台東段,417.00,都市：商
RPRNMLPJPHNFFBV57DA,新港段新港小段,8015.00,非都市：風景區 ; 非都市編定：農牧用地
RPPNMLOJPHNFFAV17DA,台東段,5.00,都市：商
RPPNMLQJPHNFFDV57CA,北橋段,2284.47,都市：住
RPPNMLQJPHNFFDV57CA,北橋段,151.36,都市：其他
RPPNMLQJPHNFFDV57CA,北橋段,563.81,都市：其他
RPPNMLQJPHNFFDV57CA,北橋段,75.67,都市：住
RPPNMLQJPHNFFDV57CA,北橋段,389.89,都市：住
RPPNMLQJPHNFFDV57CA,北橋段,343.88,都市：其他
RPPNMLQJPHNFFDV57CA,北橋段,.82,都市：住
RPPNMLQJPHNFFDV57CA,北橋段,10.91,都市：其他
RPPNMLQJPHNFFDV57CA,北橋段,2583.49,都市：住
RPPNMLQJPHNFFDV57CA,北橋段,40.68,都市：其他
RPPNMLQJPHNFFDV57CA,北橋段,303.04,都市：其他
RPPNMLQJPHNFFDV57CA,北溪段,78.83,都市：其他
RPPNMLQJPHNFFDV57CA,北溪段,1.85,都市：住
RPPNMLQJPHNFFDV57CA,北溪段,8.00,都市：住
RPPNMLQJPHNFFDV57CA,北溪段,7.09,都市：其他
RPSOMLOJPHNFFAV47CA,豐川段,580.61,非都市：特定農業區 ; 非都市編定：農牧用地
RPSOMLOJPHNFFAV47CA,豐川段,2362.75,非都市：特定農業區 ; 非都市編定：農牧用地
RPSOMLOJPHNFFAV47CA,豐川段,283.27,非都市：特定農業區 ; 非都市編定：農牧用地
RPSOMLOJPHNFFAV47CA,豐川段,1590.44,非都市：特定農業區 ; 非都市編定：農牧用地
RPUNMLKMPHNFFAV57DA,豐川段,4295.47,非都市：特定農業區 ; 非都市編定：農牧用地
RPPNMLPJPHNFFAV17CA,豐聖段,254.64,都市：住
RPWNMLKKPHNFFAV47CA,新園段,587.00,非都市：特定農業區 ; 非都市編定：農牧用地
RPWNMLKKPHNFFAV47CA,新園段,6360.00,非都市：特定農業區 ; 非都市編定：農牧用地
RPTOMLOJPHNFFAV57CA,豐年段,174.29,都市：住
RPTOMLOJPHNFFAV57CA,豐年段,16.60,都市：其他
RPTOMLOJPHNFFAV57CA,豐年段,19.08,都市：其他
RPPNMLPJPHNFFCV37CA,大埔段,83.50,都市：住
RPPNMLPJPHNFFCV37CA,大埔段,47.70,都市：住
RPPNMLTJPHNFFAV57CA,台東段,32.91,都市：住
RPRNMLQJPHNFFAV47CA,新生段,5.95,都市：住
RPPNMLKKPHNFFAV76CA,上原段,35077.00,非都市：山坡地保育區 ; 非都市編定：農牧用地
RPQNMLNLPHNFFBV37CA,萬年段,172.00,非都市：鄉村區 ; 非都市編定：乙種建築用地
RPQNMLRKPHNFFBV67CA,都豐段,2208.40,非都市：風景區 ; 非都市編定：農牧用地
RPOOMLLKPHNFFAV96DA,台東段,88.00,都市：住
RPOOMLLKPHNFFAV96DA,台東段,110.00,都市：住
RPPNMLMKPHNFFAV07DA,常德段,80.18,都市：住
RPRNMLRLPHNFFBV87CA,永福段,223.66,非都市：鄉村區 ; 非都市編定：乙種建築用地
RPQOMLOJPHNFFAV27CA,自強段,102.30,都市：住
RPQOMLOJPHNFFAV27CA,自強段,102.30,都市：住
RPSNMLQKPHNFFAV77DA,普優瑪段,37.16,都市：其他
RPRNMLQKPHNFFAV67DA,永清段,677.57,都市：其他
RPPNMLTJQHNFFCV97DA,大原段,1312.00,非都市：特定農業區 ; 非都市編定：農牧用地
RPPNMLTJQHNFFCV97DA,大原段,1158.00,非都市：特定農業區 ; 非都市編定：農牧用地
RPPNMLTJQHNFFCV97DA,大原段,1074.00,非都市：特定農業區 ; 非都市編定：農牧用地
RPPNMLTJQHNFFCV97DA,大原段,1081.00,非都市：特定農業區 ; 非都市編定：農牧用地
RPPNMLTJQHNFFCV97DA,大原段,1327.00,非都市：特定農業區 ; 非都市編定：農牧用地
RPPNMLTJQHNFFCV97DA,大原段,875.00,非都市：特定農業區 ; 非都市編定：農牧用地
RPRNMLTJPHNFFAV77CA,利家段,1300.00,非都市：特定農業區 ; 非都市編定：農牧用地
RPRNMLTJPHNFFAV77CA,利家段,1200.00,非都市：特定農業區 ; 非都市編定：農牧用地
RPVNMLRKPHNFFAV08CA,利家段,91.00,非都市：特定農業區 ; 非都市編定：甲種建築用地
RPTNMLQJPHNFFAV67CA,建興段,2516.00,非都市：一般農業區 ; 非都市編定：農牧用地
RPTNMLKKPHNFFAV17CA,常德段,82.99,都市：住
RPPNMLRJPHNFFAV37CA,利家段,1228.65,非都市：特定農業區 ; 非都市編定：農牧用地
RPPNMLRJPHNFFAV37CA,利家段,1676.67,非都市：特定農業區 ; 非都市編定：農牧用地
RPSNMLTJPHNFFAV87CA,建樂段,8.95,都市：住
RPSNMLTJPHNFFAV87CA,建樂段,1.03,都市：住
RPQNMLKKPHNFFAV86CA,東海段,20.30,都市：住
RPQNMLKKPHNFFAV86CA,東海段,1.31,都市：住
RPRNMLLKPHNFFAV07CA,青林段,138.65,都市：住
RPRNMLLKPHNFFAV07CA,青林段,138.65,都市：住
RPRNMLLKPHNFFAV07CA,青林段,207.98,都市：住
RPRNMLLKPHNFFAV07CA,青林段,207.98,都市：住
RPXNMLKKPHNFFAV57CA,台東段,41.00,都市：其他
RPPOMLLKPHNFFAV96CA,馬蘭段,26.00,都市：住
RPPOMLLKPHNFFAV96CA,馬蘭段,26.00,都市：住
RPPOMLLKPHNFFAV96CA,馬蘭段,12.50,都市：住
RPPOMLLKPHNFFAV96CA,馬蘭段,12.50,都市：住
RPPOMLLKPHNFFAV96CA,馬蘭段,12.50,都市：住
RPPOMLLKPHNFFAV96CA,馬蘭段,12.50,都市：住
RPPOMLLKPHNFFAV96CA,馬蘭段,12.50,都市：住
RPPOMLLKPHNFFAV96CA,馬蘭段,12.50,都市：住
RPPNMLNKPHNFFCV27CA,鹿野段,1661.00,都市：農
RPVNMLKKPHNFFAV47DA,利家段,61.00,非都市：鄉村區 ; 非都市編定：乙種建築用地
RPUNMLTKPHNFFAV28DA,建本段,462.33,都市：其他
RPTNMLTJPHNFFAV97CA,新生段,26.00,都市：住
RPTNMLTJPHNFFAV97CA,新生段,82.00,都市：住
RPTNMLTJPHNFFAV97CA,新生段,4.00,都市：住
RPTNMLTJPHNFFAV97CA,新生段,32.50,都市：住
RPROMLKMPHNFFAV27CA,利家段,127.16,非都市：鄉村區 ; 非都市編定：乙種建築用地
RPROMLKMPHNFFAV27CA,利家段,22.29,非都市：鄉村區 ; 非都市編定：乙種建築用地
RPWNMLTKPHNFFAV38CA,永和段,189.04,都市：住
RPWNMLTKPHNFFAV38CA,永和段,60.95,都市：其他
RPPNMLOLPHNFFAV27CA,明峰段,10618.84,非都市：山坡地保育區 ; 非都市編定：農牧用地
RPUNMLKKPHNFFAV37DA,台東段,17.80,都市：商
RPUNMLKKPHNFFAV37DA,台東段,15.00,都市：商
RPPNMLRKPHNFFBV57CA,三民段,99.87,都市：住
RPTOMLMJQHNFFAV47CA,光明段,2444.00,都市：農
RPTNMLQKPHNFFAV77CA,台東段,60.00,都市：住
RPQNMLOLPHNFFAV37CA,明峰段,11113.64,非都市：山坡地保育區 ; 非都市編定：農牧用地
RPQNMLOLPHNFFAV37CA,明峰段,10585.93,非都市：山坡地保育區 ; 非都市編定：農牧用地
RPTNMLLKPHNFFAV27CA,豐康段,70.19,都市：住
RPTNMLLKPHNFFAV27CA,豐康段,70.19,都市：住
RPUNMLLKPHNFFAV37CA,豐康段,143.81,都市：住
RPTNMLMKPHNFFAV37CA,新生段,119.00,都市：住
RPRNMLMKPHNFFAV17CA,大南段,245.00,非都市：山坡地保育區 ; 非都市編定：丙種建築用地
RPPNMLNKPHNFFAV07CA,和平段,2381.60,非都市：河川區 ; 非都市編定：水利用地
RPPNMLNKPHNFFAV07CA,和平段,10218.77,非都市：河川區 ; 非都市編定：水利用地
RPPNMLNKPHNFFAV07CA,和平段,22420.96,非都市：河川區 ; 非都市編定：水利用地
RPPNMLNKPHNFFAV07CA,和平段,161.12,非都市：山坡地保育區 ; 非都市編定：水利用地
RPVNMLLKPHNFFAV47CA,自強段,129.97,都市：住
RPXNMLLKPHNFFAV67CA,台東段,135.00,都市：住
RPSNMLLKPHNFFAV17CA,馬蘭段,197.00,都市：住
RPUNMLNKPHNFFAV57CA,順天段,1290.86,都市：農
RPUNMLNKPHNFFAV57CA,順天段,1245.14,都市：農
RPUNMLNKPHNFFAV57CA,順天段,2390.42,都市：農
RPWNMLLKPHNFFAV57CA,自強段,62.00,都市：住
RPWNMLLKPHNFFAV57CA,自強段,62.00,都市：住
RPWNMLLKPHNFFAV57CA,自強段,62.00,都市：住
RPWNMLLKPHNFFAV57CA,自強段,62.00,都市：住
RPVNMLNKPHNFFAV77DA,南榮段,49.15,都市：農
RPQNMLMKPHNFFAV07CA,台東段,16.72,都市：住
RPPNMLNKPHNFFDV37CA,秀山段,355.67,非都市：鄉村區 ; 非都市編定：乙種建築用地
RPPNMLQKPHNFFAV37CA,台東段,72.00,都市：住
RPPNMLPKPHNFFAV27CA,豐成段,4511.82,非都市：特定農業區 ; 非都市編定：農牧用地
RPPNMLSKPHNFFAV57CA,馬蘭段,12.12,都市：住
RPPNMLSKPHNFFAV57CA,馬蘭段,7.77,都市：住
RPRNMLNKPHNFFAV27CA,豐川段,4000.00,非都市：特定農業區 ; 非都市編定：農牧用地
RPRNMLRKPHNFFAV67CA,自強段,130.16,都市：住
RPVNMLQKPHNFFAV97CA,馬蘭段,39.90,都市：住
RPRNMLLJQHNFFAV07CA,新中寮段,130.56,都市：住
RPRNMLLJQHNFFAV07CA,新中寮段,130.56,都市：住
RPRNMLLJQHNFFAV07CA,新中寮段,76.26,都市：其他
RPRNMLLJQHNFFAV07CA,新中寮段,76.26,都市：其他
RPRNMLLJQHNFFAV07CA,新中寮段,86.63,都市：農
RPRNMLLJQHNFFAV07CA,新中寮段,86.63,都市：農
RPRNMLLJQHNFFAV07CA,新中寮段,15.36,都市：其他
RPRNMLLJQHNFFAV07CA,新中寮段,15.36,都市：其他
RPQNMLLMPHNFFAV17CA,東海段,126.06,都市：住
RPQNMLPLPHNFFBV57CA,北都蘭段,4846.39,非都市：風景區 ; 非都市編定：農牧用地
RPQNMLNKPHNFFDV47CA,泰王段,67.50,都市：商
RPQNMLNKPHNFFDV47CA,泰王段,57.66,都市：商
RPPNMLPLPHNFFDV67CA,秀山段,8.08,都市：住
RPPNMLPLPHNFFDV67CA,秀山段,.00,都市：住
RPPNMLQKPHNFFDV67CA,秀山段,8.08,都市：住
RPPNMLQKPHNFFDV67CA,秀山段,.00,都市：住
RPRNMLTKPHNFFAV87CA,南王段,25.16,都市：住
RPXNMLOKQHNFFAV08CA,豐谷段,25.10,都市：住
RPXNMLOKQHNFFAV08CA,豐谷段,102.00,都市：住
RPXNMLOKQHNFFAV08CA,豐谷段,32.00,都市：住
RPPNMLOLPHNFFBV37CA,新港段八邊小段,67.00,非都市：風景區 ; 非都市編定：丙種建築用地
RPTNMLTKPHNFFAV08CA,建成段,116.65,都市：住
RPPNMLSKPHNFFCV77CA,豐泉段,167.68,都市：住
RPTNMLRKPHNFFAV87CA,豐康段,74.94,都市：住
RPTNMLRKPHNFFAV87CA,豐康段,74.94,都市：住
RPQNMLSKPHNFFAV67CA,利家段,35.43,非都市：鄉村區 ; 非都市編定：乙種建築用地
RPQNMLLMPHNFFBV27CA,富民段,69.77,非都市：風景區 ; 非都市編定：丙種建築用地
RPSNMLTKPHNFFAV97CA,南王段,62.52,都市：住
RPQNMLSKPHNFFCV87CA,豐泉段,176.27,都市：住
RPPNMLOLPHNFFDV57CA,秀山段,8.08,都市：住
RPPNMLOLPHNFFDV57CA,秀山段,.00,都市：住
RPTNMLRLPHNFFBV08CA,萬年段,229.00,非都市：鄉村區 ; 非都市編定：乙種建築用地
RPRNMLOLPHNFFDV77CA,秀山段,8.08,都市：住
RPRNMLOLPHNFFDV77CA,秀山段,.00,都市：住
RPPNMLKLPHNFFCV07CA,慶福段,123.49,都市：商
RPPNMLTKPHNFFAV77DA,青林段,228.75,都市：住
RPPNMLTKPHNFFAV77DA,青林段,2.32,都市：住
RPVOMLNLPHNFFAV87CA,常德段,16.78,都市：商
RPRNMLPLPHNFFBV67CA,忠勇段,85.44,都市：住
RPTOMLNLPHNFFAV67CA,常德段,18.57,都市：商
RPUOMLNLPHNFFAV77CA,常德段,15.88,都市：商
RPSNMLKLQHNFFAV27CA,常德段,28.95,都市：商
RPWOMLNLPHNFFAV97CA,常德段,16.27,都市：商
RPRNMLLMPHNFFAV27CA,豐年段,6.50,都市：住
RPPNMLKLPHNFFAV86CA,上岩灣段,86.94,都市：住
RPOPMLNLPHNFFAV27CA,常德段,18.57,都市：商
RPPNMLNLPHNFFCV47DA,福原段,34.19,都市：住
RPQOMLMJQHNFFAV17CA,豐榮段,322.06,都市：住
RPVNMLTKPHNFFAV28CA,馬蘭段,76.00,都市：住
RPPNMLKLPHNFFDV17CA,北橋段,97.81,都市：住
RPQPMLNLPHNFFAV47CA,常德段,15.63,都市：商
RPTNMLKLQHNFFAV37CA,常德段,24.21,都市：商
RPVNMLNJQHNFFAV67CA,新田段,201.89,非都市：鄉村區 ; 非都市編定：乙種建築用地
RPSNMLQJQHNFFAV67CA,建業段,7.11,都市：住
RPPPMLNLPHNFFAV37CA,常德段,15.88,都市：商
RPROMLMJQHNFFAV27CA,豐榮段,135.00,都市：住
RPRPMLNLPHNFFAV57CA,常德段,16.91,都市：商
RPSOMLMJQHNFFAV37CA,豐榮段,138.00,都市：住
RPRNMLKLQHNFFAV17CA,常德段,35.86,都市：商
RPQNMLRLPHNFFAV67CA,豐年段,5.00,都市：住
RPVNMLNLPHNFFAV77CA,馬蘭段,4.02,都市：住
RPVNMLNLPHNFFAV77CA,馬蘭段,2.58,都市：住
RPSPMLNLPHNFFAV67CA,常德段,16.52,都市：商
RPPOMLNLPHNFFAV27CA,南榮段,601.90,都市：住
RPXNMLNLPHNFFAV97CA,台東段,83.00,都市：住
RPQOMLNLPHNFFAV37CA,南榮段,75.21,都市：農
RPQOMLNLPHNFFAV37CA,南榮段,1315.11,都市：農
RPOOMLNLPHNFFAV17CA,中山段,73.00,都市：住
RPOOMLNLPHNFFAV17CA,中山段,2.00,都市：住
RPPNMLRLPHNFFBV67CA,烏石鼻段,1284.51,非都市：風景區 ; 非都市編定：農牧用地
RPPNMLRLPHNFFBV67CA,玉長段,225.81,非都市：風景區 ; 非都市編定：農牧用地
RPPNMLPLPHNFFBV47CA,高原段,4347.50,非都市：森林區 ; 非都市編定：農牧用地
RPPNMLPLPHNFFBV47CA,高原段,4347.50,非都市：森林區 ; 非都市編定：農牧用地
RPQNMLRLPHNFFBV77CA,烏石鼻段,1284.51,非都市：風景區 ; 非都市編定：農牧用地
RPQNMLRLPHNFFBV77CA,玉長段,225.81,非都市：風景區 ; 非都市編定：農牧用地
RPPNMLKLQHNFFAV96CA,豐里段,3116.66,非都市：特定農業區 ; 非都市編定：農牧用地
RPPNMLRLPHNFFAV67DA,下賓朗段,89.86,非都市：一般農業區 ; 非都市編定：甲種建築用地
RPVNMLKLQHNFFAV57CA,常德段,22.41,都市：商
RPSNMLOLPHNFFAV57CA,常德段,16.52,都市：商
RPWNMLKLQHNFFAV67CA,常德段,35.86,都市：商
RPPNMLQLPHNFFCV67CA,加拿段,542.86,非都市：山坡地保育區 ; 非都市編定：農牧用地
RPPNMLQLPHNFFCV67CA,加拿段,535.71,非都市：山坡地保育區 ; 非都市編定：農牧用地
RPPNMLSJQHNFFCV77CA,豐泉段,465.47,都市：住
RPPNMLRLPHNFFCV77CA,慶福段,82.21,都市：商
RPPNMLRLPHNFFCV77CA,慶福段,13.55,都市：商
RPWNMLOLPHNFFAV97CA,常德段,16.52,都市：商
RPPNMLPLPHNFFAV37CA,常德段,15.88,都市：商
RPVNMLOLPHNFFAV87CA,豐年段,18.00,都市：住
RPRNMLQLPHNFFAV67CA,豐康段,68.89,都市：住
RPRNMLQLPHNFFAV67CA,豐康段,68.89,都市：住
RPUNMLKLQHNFFAV47CA,常德段,35.86,都市：商
RPSNMLKMPHNFFAV27CA,台東段,108.00,都市：住
RPQNMLKMPHNFFAV07CA,台東段,3.28,都市：住
RPVNMLQLPHNFFAV08CA,自強段,52.00,都市：住
RPVNMLQLPHNFFAV08CA,自強段,52.00,都市：住
RPQNMLPLPHNFFAV47CA,常德段,15.63,都市：商
RPTNMLQLPHNFFAV87CA,旭川段,96.77,非都市：鄉村區 ; 非都市編定：乙種建築用地
RPQNMLQLPHNFFAV57CA,常德段,16.52,都市：商
RPPOMLLJQHNFFAV96CA,台東段,149.00,都市：住
RPUNMLOLPHNFFAV77CA,常德段,14.47,都市：商
RPXNMLNLQHNFFAV08CA,常德段,16.91,都市：商
RPXNMLKLQHNFFAV77CA,常德段,22.41,都市：商
RPOOMLKLQHNFFAV96CA,常德段,16.91,都市：商
RPPNMLQLPHNFFAV47CA,常德段,14.47,都市：商
RPRNMLKMPHNFFAV17CA,台東段,70.00,都市：住
RPPOMLKMPHNFFAV07CA,興安段,132.92,都市：住
RPOOMLQLPHNFFAV47CA,常德段,15.63,都市：商
RPPNMLTLPHNFFAV77CA,常德段,7.94,都市：商
RPPNMLTLPHNFFAV77CA,常德段,7.94,都市：商
RPRNMLRLPHNFFAV77CA,石壁段,1276.51,都市：農
RPPNMLLMPHNFFBV17CA,南佳里段,5556.83,非都市：風景區 ; 非都市編定：農牧用地
RPVNMLKMPHNFFAV57CA,台東段,7.69,都市：住
RPVNMLKMPHNFFAV57CA,台東段,7.69,都市：住
RPWNMLKMPHNFFAV67CA,馬蘭段,2.46,都市：住
RPWNMLKMPHNFFAV67CA,馬蘭段,2.89,都市：住
RPQNMLTLPHNFFAV87CA,常德段,16.52,都市：商
RPPNMLKMPHNFFAV07DA,建華段,310.80,非都市：特定農業區 ; 非都市編定：農牧用地
SPRNMLMJQHNFFAV37DA,北南王段,161.45,都市：其他
RPRNMLMJQHNFFAV27DA,北南王段,1584.23,都市：其他
RPPNMLLJQHNFFAV86CA,建成段,115.98,都市：住
RPVNMLMJQHNFFAV67DA,北南王段,793.72,都市：其他
RPPNMLLKQHNFFAV96CA,豐榮段,111.00,都市：住
RPPOMLKLQHNFFAV07CA,常德段,21.90,都市：商
RPTNMLRJQHNFFAV87CA,旭川段,91.19,都市：農
RPOOMLOKQHNFFAV27CA,常德段,477.73,都市：住
RPRNMLTLPHNFFAV97CA,常德段,14.47,都市：商
RPSNMLRJQHNFFAV77CA,旭川段,105.70,都市：農
RPOOMLSJQHNFFAV57CA,豐年段,22.92,都市：住
RPOOMLSJQHNFFAV57CA,豐年段,61.04,都市：住
RPQOMLKLQHNFFAV17CA,常德段,35.86,都市：商
RPQNMLLJQHNFFAV96CA,下賓朗段,327.47,非都市：一般農業區 ; 非都市編定：甲種建築用地
RPQOMLKMPHNFFAV17CA,東海段,130.37,都市：住
RPPNMLLMPHNFFAV07CA,常德段,14.47,都市：商
RPUNMLLLQHNFFAV57CA,常德段,32.92,都市：商
RPVNMLLJQHNFFAV47CA,台東段,53.00,都市：住
RPQOMLLJQHNFFAV07CA,常德段,15.88,都市：商
RPSNMLLJQHNFFAV17CA,常德段,15.63,都市：商
RPWNMLLJQHNFFAV57CA,豐工段,1000.01,都市：工
RPUNMLLJQHNFFAV37CA,台東段,3.68,都市：住
RPOOMLLJQHNFFAV86CA,建成段,108.50,都市：住
RPTNMLNJQHNFFAV47CA,龍過脈段,2551.73,非都市：山坡地保育區 ; 非都市編定：農牧用地
RPXNMLLJQHNFFAV67CA,建成段,114.82,都市：住
RPUNMLRJQHNFFAV97CA,豐谷段,87.00,都市：住
RPTNMLMJQHNFFAV37CA,台東段,105.00,都市：住
RPPNMLRJQHNFFBV57CA,東河段,28.05,都市：住
RPPNMLRJQHNFFBV57CA,東河段,7.57,都市：住
RPUNMLMJQHNFFAV57DA,北南王段,1584.23,都市：其他
RPTNMLMLQHNFFAV57CA,台東段,86.00,都市：住
RPWNMLMJQHNFFAV77DA,北南王段,793.72,都市：其他
RPXNMLMJQHNFFAV77CA,光明段,121.00,都市：住
SPUNMLMJQHNFFAV67DA,北南王段,161.45,都市：其他
RPQNMLMJQHNFFAV17DA,知本段,5000.00,非都市：特定農業區 ; 非都市編定：農牧用地
RPPNMLMJQHNFFCV17CA,電光段,79.84,非都市：鄉村區 ; 非都市編定：交通用地
RPPNMLMJQHNFFCV17CA,電光段,224.48,非都市：鄉村區 ; 非都市編定：乙種建築用地
RPPNMLMJQHNFFCV17CA,電光段,102.72,非都市：鄉村區 ; 非都市編定：乙種建築用地
RPVOMLMLQHNFFAV97DA,台東段,29.00,都市：住
RPQNMLLJQHNFFDV27CA,德其段,106.12,都市：住
RPRNMLLJQHNFFDV37CA,德其段,106.13,都市：住
RPPNMLNJQHNFFDV37CA,金富段,101.78,非都市：鄉村區 ; 非都市編定：乙種建築用地
RPTNMLKMQHNFFAV57DA,豐成段,584.06,非都市：特定農業區 ; 非都市編定：農牧用地
RPTNMLKMQHNFFAV57DA,豐成段,445.70,非都市：特定農業區 ; 非都市編定：甲種建築用地
RPROMLKLQHNFFAV27CA,常德段,24.21,都市：商
RPVNMLTJQHNFFAV28CA,合江段,882.73,非都市：風景區 ; 非都市編定：農牧用地
RPVNMLTJQHNFFAV28CA,合江段,209.66,非都市：鄉村區 ; 非都市編定：乙種建築用地
RPOOMLMJQHNFFAV96CA,豐里段,1185.10,非都市：鄉村區 ; 非都市編定：乙種建築用地
RPVNMLRJQHNFFAV08CA,利吉段,209.67,非都市：鄉村區 ; 非都市編定：乙種建築用地
RPQNMLNJQHNFFAV17CA,常德段,20.37,都市：商
RPPOMLMJQHNFFAV07CA,台東段,84.00,都市：商
RPQNMLRJQHNFFAV57CA,新生段,5.46,都市：住
RPSNMLMJQHNFFAV27CA,台東段,75.00,都市：農
RPSNMLMJQHNFFAV27CA,台東段,57.00,都市：農
RPUNMLQJQHNFFAV87CA,東谷段,151.50,都市：住
RPRNMLNJQHNFFAV27CA,常德段,18.57,都市：商
RPRNMLRJQHNFFAV67CA,馬蘭段,49.23,都市：住
RPWNMLNJQHNFFAV87DA,豐里段,300.15,非都市：鄉村區 ; 非都市編定：乙種建築用地
RPXNMLNJQHNFFAV87CA,光明段,153.00,都市：住
RPPNMLRJQHNFFCV67CA,龍田段,1349.99,都市：農
RPPNMLRJQHNFFCV67CA,龍田段,1583.69,都市：農
RPQNMLSJQHNFFCV87CA,東明段,6676.23,非都市：特定農業區 ; 非都市編定：農牧用地
RPSNMLRJQHNFFCV97CA,里段,94.48,都市：住
RPTOMLKLQHNFFAV47CA,常德段,17.93,都市：商
RPTOMLKLQHNFFAV47CA,常德段,17.93,都市：商
RPPNMLNJQHNFFBV17CA,長光段,2808.64,非都市：風景區 ; 非都市編定：農牧用地
RPPNMLNJQHNFFBV17CA,長光段,2808.64,非都市：風景區 ; 非都市編定：農牧用地
RPPNMLNJQHNFFBV17CA,長光段,1404.32,非都市：風景區 ; 非都市編定：農牧用地
RPQNMLQJQHNFFBV57CA,永福段,2427.29,非都市：風景區 ; 非都市編定：農牧用地
RPQNMLQJQHNFFBV57CA,永福段,2446.16,非都市：風景區 ; 非都市編定：農牧用地
RPSNMLMLQHNFFAV47CA,初鹿段,2847.00,非都市：特定農業區 ; 非都市編定：農牧用地
RPQNMLQJQHNFFAV47CA,利家段,316.00,非都市：特定農業區 ; 非都市編定：甲種建築用地
RPPNMLQJQHNFFBV47CA,新港段新港小段,529.00,非都市：風景區 ; 非都市編定：農牧用地
RPUOMLKLQHNFFAV57CA,常德段,35.86,都市：商
RPRNMLQJQHNFFAV57CA,中山段,122.00,都市：住
RPRNMLKKQHNFFAV07CA,岩灣段,82.08,都市：住
RPRNMLKKQHNFFAV07CA,岩灣段,82.08,都市：住
RPWNMLSJQHNFFAV28CA,豐利段,116.82,都市：住
RPQNMLRJQHNFFCV77CA,鹿野段,1661.00,都市：農
RPTNMLQJQHNFFAV77CA,豐谷段,107.82,都市：住
RPSOMLKLQHNFFAV37CA,常德段,22.41,都市：商
RPPOMLSJQHNFFAV67CA,泰安段,146.03,非都市：鄉村區 ; 非都市編定：乙種建築用地
RPPNMLTJQHNFFDV97CA,蘭里段,450.00,非都市：鄉村區 ; 非都市編定：乙種建築用地
RPPNMLPKQHNFFDV77DA,加羅板段,770.00,非都市：山坡地保育區 ; 非都市編定：農牧用地
RPSOMLOKQHNFFAV67CA,中清段,2969.65,都市：農
RPTOMLOKQHNFFAV77CA,中清段,2969.65,都市：農
RPQNMLQKQHNFFDV87CA,秀山段,.00,都市：商
RPQNMLQKQHNFFDV87CA,秀山段,8.08,都市：商
RPVOMLOKQHNFFAV97CA,中清段,2969.66,都市：農
RPUNMLOKQHNFFAV77CA,建華段,1000.00,都市：農
RPUOMLOKQHNFFAV87CA,中清段,2969.66,都市：農
RPVNMLOKQHNFFAV87CA,建華段,1000.00,都市：農
RPVOMLKLQHNFFAV67CA,常德段,39.96,都市：商
RPWNMLOKQHNFFAV97CA,建華段,1000.00,都市：農
RPTNMLOKQHNFFAV67CA,新生段,6.20,都市：住
RPSNMLKKQHNFFAV17CA,馬蘭段,572.00,都市：住
RPTOMLTJQHNFFAV18CA,常德段,15.63,都市：商
RPQNMLTJQHNFFAV77CA,常德段,14.47,都市：商
RPROMLTJQHNFFAV97CA,常德段,107.95,都市：住
RPQNMLSJQHNFFAV67CA,常德段,107.84,都市：住
RPQOMLTJQHNFFAV87CA,常德段,125.98,都市：住
RPSNMLSJQHNFFAV87CA,常德段,108.16,都市：住
RPUNMLTJQHNFFAV18CA,光明段,54.00,都市：住
RPSNMLQKQHNFFBV87CA,忠仁段,187.71,都市：住
RPRNMLSJQHNFFAV77CA,常德段,108.06,都市：住
RPTNMLNJRHNFFAV57CA,梧州段,70.83,都市：住
RPTNMLNJRHNFFAV57CA,梧州段,19.40,都市：住
RPTNMLNJRHNFFAV57CA,梧州段,67.02,都市：住
RPUNMLNJRHNFFAV67CA,梧州段,.90,都市：住
RPUNMLNJRHNFFAV67CA,梧州段,12.31,都市：住
RPWNMLNJRHNFFAV87CA,梧州段,81.85,都市：住
RPPNMLKKQHNFFBV07DA,阿都蘭段,1278.77,非都市：風景區 ; 非都市編定：農牧用地
RPVNMLNJRHNFFAV77CA,梧州段,26.98,都市：住
RPRNMLTJQHNFFCV08CA,鹿野段,1630.00,非都市：特定農業區 ; 非都市編定：農牧用地
RPTNMLSJQHNFFAV97CA,常德段,108.27,都市：住
RPQNMLOLQHNFFCV67CA,武陵段,834.00,非都市：山坡地保育區 ; 非都市編定：農牧用地
RPPNMLNKQHNFFCV37CA,鹿野段,4909.00,非都市：一般農業區 ; 非都市編定：農牧用地
RPQNMLTJQHNFFCV97CA,大池段,4903.23,非都市：特定農業區 ; 非都市編定：農牧用地
RPPNMLKKQHNFFCV17DA,鹿野段,1020.00,非都市：特定農業區 ; 非都市編定：農牧用地
RPUNMLSJQHNFFAV08CA,岩灣段,57.64,都市：住
RPUNMLSJQHNFFAV08CA,岩灣段,57.64,都市：住
RPPNMLPKQHNFFCV67DA,萬朝段,230.62,非都市：鄉村區 ; 非都市編定：乙種建築用地
RPUOMLTJQHNFFAV28CA,常德段,15.88,都市：商
RPSOMLTJQHNFFAV08CA,台東段,3.91,都市：住
RPXOMLKLQHNFFAV87CA,常德段,24.21,都市：商
RPRNMLNKQHNFFAV37CA,興安段,143.22,都市：住
SPSOMLTJQHNFFAV18CA,台東段,3.91,都市：住
RPTNMLNKQHNFFAV57CA,建成段,116.15,都市：住
RPPNMLKKQHNFFAV86CA,光明段,2502.00,都市：農
RPUNMLNKQHNFFAV67CA,建成段,112.75,都市：住
RPSNMLNKQHNFFAV47CA,東谷段,155.44,都市：住
RPQNMLQKQHNFFBV67CA,忠勇段,43.52,都市：住
RPQNMLQKQHNFFBV67CA,忠勇段,43.52,都市：住
RPWOMLKLQHNFFAV77CA,常德段,24.21,都市：商
RPVNMLQKQHNFFAV08CA,建業段,121.30,都市：住
