﻿鄉鎮市區,交易標的,土地區段位置建物區段門牌,土地移轉總面積平方公尺,都市土地使用分區,非都市土地使用分區,非都市土地使用編定,交易年月日,交易筆棟數,移轉層次,總樓層數,建物型態,主要用途,主要建材,建築完成年月,建物移轉總面積平方公尺,建物現況格局-房,建物現況格局-廳,建物現況格局-衛,建物現況格局-隔間,有無管理組織,總價元,單價元平方公尺,車位類別,車位移轉總面積平方公尺,車位總價元,備註,編號
The villages and towns urban district,transaction sign,land sector position building sector house number plate,land shifting total area square meter,the use zoning or compiles and checks,the non-metropolis land use district,non-metropolis land use,transaction year month and day,transaction pen number,shifting level,total floor number,building state,main use,main building materials,construction to complete the years,building shifting total area,Building present situation pattern - room,building present situation pattern - hall,building present situation pattern - health,building present situation pattern - compartmented,Whether there is manages the organization,total price Yuan,the unit price a Yuan square meter,the berth category,berth shifting total area square meter,the berth total price Yuan,the note,serial number
馬公市,土地,文石段511~540地號,308.01,,一般農業區,甲種建築用地,1070328,土地2建物0車位0,,,其他,,,,0.0,0,0,0,有,無,12670000,41135,,0.0,0,,RPPNMLMKNHNFFAX96CA
馬公市,土地,鎖港南段151~180地號,713.13,,一般農業區,農牧用地,1070423,土地1建物0車位0,,,其他,,,,0.0,0,0,0,有,無,1000000,1402,,0.0,0,,RPQNMLQKNHNFFAX47CA
湖西鄉,土地,龍門南段211~240地號,47.69,,鄉村區,乙種建築用地,1070409,土地1建物0車位0,,,其他,,,,0.0,0,0,0,有,無,200000,4194,,0.0,0,,RPPNMLSKNHNFFAX57CA
湖西鄉,土地,沙港東段121~150地號,655.26,,一般農業區,農牧用地,1061208,土地1建物0車位0,,,其他,,,,0.0,0,0,0,有,無,1000000,1526,,0.0,0,,RPPNMLPLNHNFFAX37CA
馬公市,房地(土地+建物),澎湖縣馬公市三多路146巷15弄1~30號,73.74,住,,,1070420,土地1建物1車位0,全,二層,透天厝,住家用,鋼筋混凝土加強磚造,0670607,76.64,3,1,2,有,無,6600000,86117,,0.0,0,,RPRNMLQKNHNFFAX57CA
白沙鄉,房地(土地+建物),澎湖縣白沙鄉大赤崁391~420號,301.18,,一般農業區,甲種建築用地,1070409,土地2建物1車位0,全,三層,透天厝,住家用,鋼筋混凝土造,1061206,276.98,7,1,7,有,無,6400000,23106,,0.0,0,,RPSNMLSKNHNFFAX97DA
馬公市,房地(土地+建物),澎湖縣馬公市光復路445巷1~30號,55.0,,鄉村區,乙種建築用地,1070427,土地1建物1車位0,全,三層,透天厝,住家用,鋼筋混凝土加強磚造,0690530,92.2,3,2,2,有,無,915000,9924,,0.0,0,親友、員工或其他特殊關係間之交易。;,RPPNMLRJOHNFFAX57DA
馬公市,房地(土地+建物),澎湖縣馬公市五福路78巷23弄1~30號,224.36,,一般農業區,甲種建築用地,1070412,土地2建物1車位0,全,三層,透天厝,住家用,鋼筋混凝土造,1070202,311.05,5,2,5,有,無,11200000,36007,,0.0,0,,RPVNMLOLNHNFFAX97DA
馬公市,土地,北極段1201~1230地號,62.76,住,,,1070426,土地1建物0車位0,,,其他,,,,0.0,0,0,0,有,無,1243500,19814,,0.0,0,,RPPNMLKLNHNFFAX96DA
馬公市,土地,北極段1201~1230地號,173.48,住,,,1070426,土地2建物0車位0,,,其他,,,,0.0,0,0,0,有,無,3437300,19814,,0.0,0,土地增值稅買賣雙方各半負擔。包含公共設施保留地之交易。,RPSNMLLLNHNFFAX37DA
白沙鄉,土地,講美段1261~1290地號,514.16,,一般農業區,農牧用地,1070416,土地3建物0車位0,,,其他,,,,0.0,0,0,0,有,無,700000,1361,,0.0,0,土地增值稅125069買方支付親友、員工或其他特殊關係間之交易。,RPQNMLMLNHNFFAX27DA
馬公市,土地,文東段1891~1920地號,281.46,,一般農業區,農牧用地,1070111,土地1建物0車位0,,,其他,,,,0.0,0,0,0,有,無,5000000,17765,,0.0,0,,RPPNMLQKNHNFFAX37CA
馬公市,房地(土地+建物),澎湖縣馬公市西衛里121~150號,191.19,,一般農業區,甲種建築用地,1070324,土地2建物1車位0,全,三層,透天厝,住家用,鋼筋混凝土造,1070201,320.13,9,0,9,有,無,13000000,40609,,0.0,0,,RPVNMLPLNHNFFAX97CA
馬公市,土地,井垵西段1531~1560地號,713.03,,一般農業區,農牧用地,1070326,土地1建物0車位0,,,其他,,,,0.0,0,0,0,有,無,3880000,5442,,0.0,0,,RPPNMLLLNHNFFAX96CA
馬公市,土地,鐵線段1051~1080地號,1140.09,,一般農業區,農牧用地,1070425,土地1建物0車位0,,,其他,,,,0.0,0,0,0,有,無,3450000,3026,,0.0,0,土地增值稅買賣雙方各半,RPPNMLMLNHNFFAX17DA
馬公市,房地(土地+建物),澎湖縣馬公市鎖管港991~1020號,121.57,住,,,1070409,土地2建物1車位0,全,三層,透天厝,住商用,鋼筋混凝土造,0840704,220.24,4,1,3,有,無,3380000,15347,,0.0,0,,RPTNMLSKNHNFFAX08DA
馬公市,土地,興仁段811~840地號,1182.05,,一般農業區,農牧用地,1070418,土地1建物0車位0,,,其他,,,,0.0,0,0,0,有,無,6796800,5750,,0.0,0,,RPTNMLMJOHNFFAX47DA
馬公市,房地(土地+建物),澎湖縣馬公市成功街6巷1~30號,158.18,住,,,1070418,土地1建物1車位0,全,一層,透天厝,住家用,鋼筋混凝土加強空心磚造,0560206,57.04,4,2,2,有,無,9200000,161290,,0.0,0,,RPRNMLSKNHNFFAX77CA
馬公市,土地,裡新段481~510地號,177.66,,森林區,丙種建築用地,1070509,土地1建物0車位0,,,其他,,,,0.0,0,0,0,有,無,1652238,9300,,0.0,0,向政府機關承購之案件。權利人有2人,RPUNMLSKNHNFFAX08CA
湖西鄉,土地,西溪新段481~510地號,430.71,,一般農業區,農牧用地,1070319,土地1建物0車位0,,,其他,,,,0.0,0,0,0,有,無,1500000,3483,,0.0,0,,RPPNMLNLNHNFFAX17CA
白沙鄉,土地,後寮南段1081~1110地號,684.75,,一般農業區,農牧用地,1070508,土地1建物0車位0,,,其他,,,,0.0,0,0,0,有,無,620000,905,,0.0,0,,RPQNMLNLNHNFFAX27CA
湖西鄉,土地,林投北段631~660地號,142.81,,一般農業區,水利用地,1070420,土地1建物0車位0,,,其他,,,,0.0,0,0,0,有,無,1121059,7850,,0.0,0,向政府機關承購之案件。;,RPPNMLKMNHNFFAX96CA
湖西鄉,土地,北寮新段31~60地號,120.66,,鄉村區,乙種建築用地,1070306,土地1建物0車位0,,,其他,,,,0.0,0,0,0,有,無,350000,2901,,0.0,0,向政府機關承購之案件。;逾期未辦繼承標售案,RPQNMLKMNHNFFAX17DA
馬公市,土地,鎖港西段91~120地號,108.74,住,,,1070426,土地1建物0車位0,,,其他,,,,0.0,0,0,0,有,無,1994292,18340,,0.0,0,向政府機關承購之案件。,RPRNMLLLNHNFFAX37EA
湖西鄉,土地,潭邊新段631~660地號,335.83,,鄉村區,乙種建築用地,1070306,土地2建物0車位0,,,其他,,,,0.0,0,0,0,有,無,3600000,10720,,0.0,0,逾期未辦繼承標售案,RPRNMLNLNHNFFAX47DA
馬公市,房地(土地+建物)+車位,澎湖縣馬公市文昌街31~60號,49.25,住,,,1070417,土地1建物1車位1,六層,六層,華廈(10層含以下有電梯),住家用,鋼筋混凝土造,0821027,229.9,4,1,2,有,無,6500000,28273,坡道平面,0.0,0,親友、員工或其他特殊關係間之交易。;,RPXNMLPLNHNFFAX18CA
馬公市,土地,五德東段1321~1350地號,1932.07,,一般農業區,農牧用地,1061009,土地1建物0車位0,,,其他,,,,0.0,0,0,0,有,無,6136725,3176,,0.0,0,,RPPNMLOLNHNFFAX27CA
馬公市,土地,五德西段751~780地號,1065.8,,一般農業區,農牧用地,1061009,土地4建物0車位0,,,其他,,,,0.0,0,0,0,有,無,2579200,2420,,0.0,0,,RPRNMLOLNHNFFAX47CA
馬公市,土地,埕東段211~240地號,151.44,住,,,1070420,土地1建物0車位0,,,其他,,,,0.0,0,0,0,有,無,11910600,78649,,0.0,0,,RPPNMLMKOHNFFAX07CA
馬公市,土地,埕東段211~240地號,165.29,住,,,1070507,土地1建物0車位0,,,其他,,,,0.0,0,0,0,有,無,13000000,78650,,0.0,0,,RPQNMLMKOHNFFAX17CA
馬公市,土地,埕東段211~240地號,115.71,住,,,1070507,土地1建物0車位0,,,其他,,,,0.0,0,0,0,有,無,9000000,77781,,0.0,0,,RPRNMLMKOHNFFAX27CA
馬公市,土地,西澳段1081~1110地號,182.49,住,,,1070415,土地3建物0車位0,,,其他,,,,0.0,0,0,0,有,無,11600000,63565,,0.0,0,,RPUNMLPLNHNFFAX87CA
馬公市,土地,國宅段31~60地號,1647.55,,一般農業區,農牧用地,1070516,土地4建物0車位0,,,其他,,,,0.0,0,0,0,有,無,3000000,1821,,0.0,0,親友、員工或其他特殊關係間之交易。;親友間買賣,RPSNMLOLNHNFFAX57CA
馬公市,房地(土地+建物),澎湖縣馬公市中華路61~90號,37.39,住,,,1070222,土地3建物1車位0,一層，二層,七層,華廈(10層含以下有電梯),住商用,鋼筋混凝土造,0820317,95.18,0,2,1,有,無,12800000,134482,,0.0,0,親友、員工或其他特殊關係間之交易。;,RPWNMLPLNHNFFAX08CA
馬公市,房地(土地+建物),澎湖縣馬公市樂群街1~30號,53.16,住,,,1070430,土地2建物1車位0,全,二層,透天厝,住家用,鋼筋混凝土加強磚造,0680423,67.4,2,1,1,有,無,2160000,32047,,0.0,0,親友、員工或其他特殊關係間之交易。;,RPSNMLPLNHNFFAX67CA
馬公市,土地,馬公段1111~1140地號,38.0,商,,,1070509,土地2建物0車位0,,,其他,,,,0.0,0,0,0,有,無,3771400,99247,,0.0,0,向政府機關承購之案件。;,RPTNMLPLNHNFFAX77CA
馬公市,房地(土地+建物),澎湖縣馬公市新生路1~30號,48.0,商,,,1070331,土地1建物1車位0,全,二層,透天厝,住家用,鋼筋混凝土加強磚造,0670819,80.0,5,1,3,有,無,2100000,26250,,0.0,0,賣方賣清價,RPQNMLRLNHNFFAX67CA
馬公市,房地(土地+建物),澎湖縣馬公市文昌街1~30號,37.26,住,,,1070508,土地1建物1車位0,四層,五層,公寓(5樓含以下無電梯),見其他登記事項,鋼筋混凝土造,0890111,124.61000000000001,3,1,2,有,有,4660000,37397,,0.0,0,土地增值稅由買方負擔。共有人4人,RPSNMLKMNHNFFAX27CA
馬公市,房地(土地+建物),澎湖縣馬公市中華路35巷1~30號,46.0,商,,,1070509,土地1建物1車位0,全,二層,透天厝,住家用,見其他登記事項,0561027,67.64,3,2,2,有,無,2630000,38882,,0.0,0,,RPQNMLSLNHNFFAX77CA
馬公市,房地(土地+建物)+車位,澎湖縣馬公市三多路331~360號,30.6,住,,,1070507,土地2建物1車位1,九層,十四層,住宅大樓(11層含以上有電梯),見其他登記事項,鋼筋混凝土造,0950710,186.73,3,1,2,有,有,4600000,24634,坡道平面,0.0,0,,RPTNMLOLNHNFFAX77DA
白沙鄉,土地,赤崁北段91~120地號,142.46,,鄉村區,丁種建築用地,1070502,土地2建物0車位0,,,其他,,,,0.0,0,0,0,有,無,1660000,11652,,0.0,0,,RPQNMLPLNHNFFAX57DA
馬公市,土地,五福段301~330地號,30.24,,一般農業區,交通用地,1070514,土地1建物0車位0,,,其他,,,,0.0,0,0,0,有,無,400000,13228,,0.0,0,,RPPNMLSLNHNFFAX67CA
馬公市,土地,四維段241~270地號,904.76,,一般農業區,農牧用地,1051117,土地1建物0車位0,,,其他,,,,0.0,0,0,0,有,無,11600000,12821,,0.0,0,,RPPNMLRLNHNFFAX57CA
馬公市,土地,案山段271~300地號,57.5,住,,,1070502,土地2建物0車位0,,,其他,,,,0.0,0,0,0,有,無,2041825,35510,,0.0,0,向政府機關承購之案件。;,RPWNMLKMNHNFFAX67CA
七美鄉,土地,大嶼段5521~5550地號,153.0,,一般農業區,甲種建築用地,1070502,土地1建物0車位0,,,其他,,,,0.0,0,0,0,有,無,236000,1542,,0.0,0,含有部分私設道路。,RPPNMLOJOHNFFAX17CA
馬公市,土地,五德西段211~240地號,257.02,,鄉村區,乙種建築用地,1070411,土地1建物0車位0,,,其他,,,,0.0,0,0,0,有,無,3700000,14396,,0.0,0,,RPRNMLPLNHNFFAX57CA
馬公市,房地(土地+建物)+車位,澎湖縣馬公市陽明路61~90號,77.31,住,,,1070508,土地2建物1車位1,一層，二層,七層,華廈(10層含以下有電梯),住商用,鋼筋混凝土造,0880515,379.83,0,0,0,無,有,15700000,41334,坡道平面,0.0,0,,RPPNMLTKOHNFFAX77CA
馬公市,房地(土地+建物)+車位,澎湖縣馬公市林森路31~60號,18.55,其他,,,1070502,土地2建物1車位1,六層,八層,華廈(10層含以下有電梯),住家用,鋼筋混凝土造,0850202,102.65,3,2,2,有,無,5000000,48709,坡道機械,0.0,0,,RPQNMLLLOHNFFAX17CA
湖西鄉,土地,白坑段331~360地號,1674.0,,一般農業區,農牧用地,1070322,土地1建物0車位0,,,其他,,,,0.0,0,0,0,有,無,2500000,1493,,0.0,0,,RPPNMLLKOHNFFAX96CA
馬公市,土地,文石段721~750地號,460.08,,一般農業區,農牧用地,1070410,土地1建物0車位0,,,其他,,,,0.0,0,0,0,有,無,6000000,13041,,0.0,0,,RPPNMLTLNHNFFAX77CA
馬公市,房地(土地+建物),澎湖縣馬公市永和街49巷1~30號,74.66,住,,,1070505,土地1建物1車位0,全,二層,透天厝,住家用,見其他登記事項,0670219,72.04,3,1,3,有,無,5800000,80511,,0.0,0,,RPQNMLTLNHNFFAX87CA
湖西鄉,土地,許家段481~510地號,586.16,,一般農業區,農牧用地,1070415,土地1建物0車位0,,,其他,,,,0.0,0,0,0,有,無,17550000,29941,,0.0,0,權利人共二人  含未來興建二戶之房屋價款,RPPNMLLLOHNFFAX07CA
馬公市,房地(土地+建物),澎湖縣馬公市永安街15巷1~30號,93.75,住,,,1070312,土地1建物1車位0,全,四層,透天厝,住商用,鋼筋混凝土造,0691122,292.29,7,1,5,有,無,4300000,14711,,0.0,0,親友、員工或其他特殊關係間之交易。;共有人3人,RPUNMLKMNHNFFAX57DA
馬公市,土地,海堤段931~960地號,14.52,商,,,1070514,土地1建物0車位0,,,其他,,,,0.0,0,0,0,有,無,180000,12397,,0.0,0,,RPPNMLLMNHNFFAX07CA
馬公市,土地,四維段361~390地號,599.32,農,,,1070508,土地1建物0車位0,,,其他,,,,0.0,0,0,0,有,無,13500000,22526,,0.0,0,,RPPNMLPJOHNFFAX27CA
馬公市,房地(土地+建物),澎湖縣馬公市中山路61~90號,38.0,商,,,1070511,土地1建物1車位0,全,五層,透天厝,住商用,鋼筋混凝土造,0780120,193.77,3,2,4,有,無,3600000,18579,,0.0,0,親友、員工或其他特殊關係間之交易。;親友共有人買賣,RPVNMLKMNHNFFAX57CA
馬公市,土地,海堤段961~990地號,73.04,商,,,1070523,土地1建物0車位0,,,其他,,,,0.0,0,0,0,有,無,1000000,13691,,0.0,0,親友、員工或其他特殊關係間之交易。;,RPOOMLKMNHNFFAX17EA
馬公市,土地,雙湖段901~930地號,364.27,,鄉村區,乙種建築用地,1070507,土地2建物0車位0,,,其他,,,,0.0,0,0,0,有,無,5300000,14550,,0.0,0,,RPQNMLLMNHNFFAX27DA
馬公市,房地(土地+建物),澎湖縣馬公市鎖管港991~1020號,87.14,住,,,1070515,土地2建物1車位0,全,三層,透天厝,住商用,鋼筋混凝土造,0840704,175.02,4,1,3,有,無,2800000,15998,,0.0,0,,RPRNMLLMNHNFFAX37DA
西嶼鄉,土地,竹灣段1321~1350地號,72.95,,鄉村區,交通用地,1070502,土地2建物0車位0,,,其他,,,,0.0,0,0,0,有,無,472716,6480,,0.0,0,向政府機關承購之案件。;,RPPNMLLJOHNFFAX96DA
湖西鄉,土地,湖西南段661~690地號,252.1,,鄉村區,乙種建築用地,1070412,土地2建物0車位0,,,其他,,,,0.0,0,0,0,有,無,1800000,7140,,0.0,0,,RPSNMLLMNHNFFAX37CA
馬公市,房地(土地+建物),澎湖縣馬公市西衛211~240號,220.4,,一般農業區,甲種建築用地,1070502,土地1建物1車位0,全,三層,透天厝,住家用,鋼筋混凝土造,1030917,364.13,7,2,6,有,無,17000000,46687,,0.0,0,,RPQNMLMJOHNFFAX07CA
馬公市,土地,國宅段271~300地號,1746.55,,一般農業區,農牧用地,1070522,土地2建物0車位0,,,其他,,,,0.0,0,0,0,有,無,9800000,5611,,0.0,0,,RPSNMLLKOHNFFAX27CA
馬公市,房地(土地+建物),澎湖縣馬公市貿商街121~150號,30.6,住,,,1070329,土地2建物1車位0,五層,十四層,住宅大樓(11層含以上有電梯),見其他登記事項,鋼筋混凝土造,0950710,186.73,3,2,2,有,有,4880000,26134,,0.0,0,,RPRNMLMJOHNFFAX17CA
馬公市,土地,西澳段811~840地號,160.47,住,,,1070412,土地1建物0車位0,,,其他,,,,0.0,0,0,0,有,無,9600001,59824,,0.0,0,向政府機關承購之案件。;,RPRNMLLJOHNFFAX17DA
馬公市,土地,興仁南段301~330地號,1498.13,,一般農業區,農牧用地,1070524,土地2建物0車位0,,,其他,,,,0.0,0,0,0,有,無,1280000,854,,0.0,0,,RPQNMLPJOHNFFAX47DA
西嶼鄉,土地,竹灣段961~990地號,197.92,,一般農業區,農牧用地,1070518,土地1建物0車位0,,,其他,,,,0.0,0,0,0,有,無,100000,505,,0.0,0,親友、員工或其他特殊關係間之交易。;,RPSNMLPJOHNFFAX67DA
白沙鄉,土地,下瓦硐段1051~1080地號,305.95,,一般農業區,農牧用地,1070530,土地1建物0車位0,,,其他,,,,0.0,0,0,0,有,無,100000,327,,0.0,0,,RPPNMLQJOHNFFAX47DA
馬公市,土地,四維段541~570地號,96.76,農,,,1070526,土地2建物0車位0,,,其他,,,,0.0,0,0,0,有,無,1172000,12112,,0.0,0,,RPQNMLTKOHNFFAX87CA
西嶼鄉,土地,池東段2521~2550地號,890.78,,一般農業區,農牧用地,1070528,土地4建物0車位0,,,其他,,,,0.0,0,0,0,有,無,2868800,3221,,0.0,0,,RPQNMLSJOHNFFAX67CA
馬公市,建物,澎湖縣馬公市鎖管港211~240號,0.0,,,,1070515,土地0建物1車位0,全,二層,透天厝,住商用,鋼筋混凝土加強磚造,0710806,93.22,3,1,2,有,無,2120000,22742,,0.0,0,,RPRNMLTKOHNFFAX97CA
馬公市,房地(土地+建物)+車位,澎湖縣馬公市三多路331~360號,28.83,住,,,1070518,土地1建物1車位1,五層,十四層,住宅大樓(11層含以上有電梯),見其他登記事項,鋼筋混凝土造,0950629,192.57,3,2,2,有,有,5180000,26899,坡道平面,0.0,0,,RPRNMLLLOHNFFAX27CA
湖西鄉,土地,城北段571~600地號,727.02,,一般農業區,農牧用地,1070417,土地1建物0車位0,,,其他,,,,0.0,0,0,0,有,無,1100000,1513,,0.0,0,,RPWNMLNKOHNFFAX87CA
馬公市,土地,興崁段571~600地號,980.26,,一般農業區,農牧用地,1070515,土地1建物0車位0,,,其他,,,,0.0,0,0,0,有,無,6000000,6121,,0.0,0,,RPRNMLKKOHNFFAX17DA
馬公市,土地,埕東段211~240地號,133.8,其他,,,1070528,土地1建物0車位0,,,其他,,,,0.0,0,0,0,有,無,2428000,18146,,0.0,0,包含公共設施保留地之交易。;賣方賣清價。,RPPNMLKKOHNFFAX86CA
馬公市,土地,埕東段211~240地號,133.8,其他,,,1070502,土地1建物0車位0,,,其他,,,,0.0,0,0,0,有,無,2428000,18146,,0.0,0,包含公共設施保留地之交易。;賣方賣清價。,RPQNMLKKOHNFFAX96CA
湖西鄉,土地,湖西南段2431~2460地號,1248.29,,一般農業區,農牧用地,1070413,土地1建物0車位0,,,其他,,,,0.0,0,0,0,有,無,1873000,1500,,0.0,0,向政府機關承購之案件。;,RPPNMLPKOHNFFAX37CA
馬公市,土地,興仁段811~840地號,1887.09,,一般農業區,農牧用地,1070228,土地1建物0車位0,,,其他,,,,0.0,0,0,0,有,無,8880000,4706,,0.0,0,,RPRNMLLKOHNFFAX17CA
馬公市,土地,北極段661~690地號,569.42,住,,,1070528,土地1建物0車位0,,,其他,,,,0.0,0,0,0,有,無,7600000,13347,,0.0,0,,RPSNMLMKOHNFFAX37CA
馬公市,土地,埕東段211~240地號,139.2,住,,,1070420,土地1建物0車位0,,,其他,,,,0.0,0,0,0,有,無,10946000,78635,,0.0,0,,RPTNMLMKOHNFFAX47CA
馬公市,土地,埕東段211~240地號,110.22,住,,,1070420,土地1建物0車位0,,,其他,,,,0.0,0,0,0,有,無,8668400,78646,,0.0,0,,RPUNMLMKOHNFFAX57CA
馬公市,房地(土地+建物),澎湖縣馬公市民權路31~60號,55.0,商,,,1070528,土地3建物1車位0,全,二層,透天厝,商業用,見其他登記事項,0440901,88.71,6,1,4,有,無,5421400,61114,,0.0,0,親友、員工或其他特殊關係間之交易。;,RPPNMLMLOHNFFAX17CA
湖西鄉,房地(土地+建物),澎湖縣湖西鄉隘門181~210號,339.02,,一般農業區,甲種建築用地,1070519,土地2建物1車位0,全,三層,透天厝,住家用,鋼筋混凝土造,1061106,219.89,5,2,5,有,無,6800000,30925,,0.0,0,,RPRNMLMLOHNFFAX37CA
馬公市,土地,文東段451~480地號,216.31,,一般農業區,農牧用地,1070306,土地1建物0車位0,,,其他,,,,0.0,0,0,0,有,無,580000,2681,,0.0,0,向政府機關承購之案件。;逾期未辦繼承標售案,RPWNMLMKOHNFFAX87DA
馬公市,土地,鐵線段661~690地號,1238.9,,一般農業區,農牧用地,1070530,土地1建物0車位0,,,其他,,,,0.0,0,0,0,有,無,39840000,32158,,0.0,0,建商與地主合建案。;農變建移轉土地持分給予權利人共6人內含未來6戶興建之成本 共3984萬,RPQNMLPKOHNFFAX57DA
馬公市,房地(土地+建物)+車位,澎湖縣馬公市新明路1~30號,73.77,商,,,1061214,土地9建物1車位2,九層,十層,華廈(10層含以下有電梯),商業用,鋼筋混凝土造,0840818,678.0699999999999,13,2,14,有,無,35000000,51617,升降機械,0.0,0,,RPRNMLQLOHNFFAX77CA
馬公市,房地(土地+建物),澎湖縣馬公市建國路31~60號,16.33,商,,,1070510,土地1建物1車位0,全,二層,透天厝,住商用,鋼筋混凝土加強空心磚造,0570610,15.39,2,2,2,有,無,1500000,97466,,0.0,0,,RPSNMLTKOHNFFAX08CA
西嶼鄉,土地,竹篙灣段3631~3660地號,1014.0,,風景區,農牧用地,1070601,土地1建物0車位0,,,其他,,,,0.0,0,0,0,有,有,1160000,1144,,0.0,0,親友、員工或其他特殊關係間之交易。;,RPUNMLNKOHNFFAX67CA
馬公市,土地,風櫃西段1381~1410地號,428.04,,一般農業區,農牧用地,1070530,土地1建物0車位0,,,其他,,,,0.0,0,0,0,有,無,5300000,12382,,0.0,0,,RPVNMLNKOHNFFAX77CA
馬公市,土地,鎖港南段1051~1080地號,165.06,,一般農業區,農牧用地,1070606,土地1建物0車位0,,,其他,,,,0.0,0,0,0,有,無,500000,3029,,0.0,0,,RPRNMLPKOHNFFAX57CA
馬公市,土地,烏崁新段1621~1650地號,1078.63,,一般農業區,農牧用地,1070503,土地2建物0車位0,,,其他,,,,0.0,0,0,0,有,無,1500000,1391,,0.0,0,共有人2人土地增值稅買方負擔,RPTNMLTKOHNFFAX18CA
馬公市,土地,四維段931~960地號,171.87,,鄉村區,乙種建築用地,1070516,土地1建物0車位0,,,其他,,,,0.0,0,0,0,有,無,2860000,16640,,0.0,0,,RPPNMLSLOHNFFAX77CA
湖西鄉,房地(土地+建物),澎湖縣湖西鄉林投1~30號,208.46,農,,,1070522,土地1建物1車位0,全,一層,透天厝,住家用,加強磚造,0660701,125.08,4,3,5,有,無,16800000,134314,,0.0,0,契稅由賣方負擔。買方買清。,RPPNMLQLOHNFFAX57CA
湖西鄉,土地,成功南段241~270地號,1729.02,,一般農業區,農牧用地,1070601,土地1建物0車位0,,,其他,,,,0.0,0,0,0,有,無,66960000,38727,,0.0,0,權利人共九人 含未來興建九戶房屋價款,RPVNMLQJPHNFFAX08CA
湖西鄉,土地,青螺新段1111~1140地號,60.84,,鄉村區,乙種建築用地,1070413,土地2建物0車位0,,,其他,,,,0.0,0,0,0,有,無,174000,2860,,0.0,0,逾期未辦繼承標售案,RPQNMLSLOHNFFAX08EA
湖西鄉,土地,潭邊新段631~660地號,82.09,,鄉村區,乙種建築用地,1070605,土地1建物0車位0,,,其他,,,,0.0,0,0,0,有,無,460000,5604,,0.0,0,,RPRNMLSLOHNFFAX18EA
馬公市,土地,五德西段751~780地號,1065.8,,一般農業區,農牧用地,1070524,土地4建物0車位0,,,其他,,,,0.0,0,0,0,有,無,2900000,2721,,0.0,0,,RPPNMLOKOHNFFAX27CA
馬公市,土地,六合段91~120地號,92.36,,鄉村區,乙種建築用地,1070607,土地1建物0車位0,,,其他,,,,0.0,0,0,0,有,無,2370000,25660,,0.0,0,,RPSNMLPKOHNFFAX67CA
西嶼鄉,土地,池西段1831~1860地號,121.05,,一般農業區,甲種建築用地,1070608,土地1建物0車位0,,,其他,,,,0.0,0,0,0,有,無,520000,4296,,0.0,0,,RPPNMLRLOHNFFAX67CA
馬公市,土地,北極段661~690地號,43.15,住,,,1070525,土地1建物0車位0,,,其他,,,,0.0,0,0,0,有,無,587000,13604,,0.0,0,,RPRNMLTJPHNFFAX97CA
馬公市,土地,六合段211~240地號,343.03,,一般農業區,農牧用地,1070605,土地1建物0車位0,,,其他,,,,0.0,0,0,0,有,無,3810000,11107,,0.0,0,,RPRNMLPJPHNFFAX57CA
湖西鄉,土地,城北段1111~1140地號,1065.25,,一般農業區,農牧用地,1070530,土地1建物0車位0,,,其他,,,,0.0,0,0,0,有,無,1127000,1058,,0.0,0,,RPPNMLKLOHNFFAX07DA
馬公市,土地,東衛段961~990地號,760.99,,一般農業區,農牧用地,1070521,土地1建物0車位0,,,其他,,,,0.0,0,0,0,有,無,24680000,32431,,0.0,0,"共有人3人農變建專案核准,交易總價包括未興建房屋建築費用。",RPPNMLLJPHNFFAX07DA
馬公市,房地(土地+建物),澎湖縣馬公市仁愛路61~90號,8.6,住,,,1070530,土地1建物1車位0,全,一層,透天厝,住家用,見其他登記事項,,2.85,1,1,1,有,無,434470,152446,,0.0,0,親友、員工或其他特殊關係間之交易。;,RPTNMLQJPHNFFAX97DA
馬公市,土地,雙湖段1081~1110地號,266.1,,一般農業區,農牧用地,1070606,土地2建物0車位0,,,其他,,,,0.0,0,0,0,有,無,9950000,37392,,0.0,0,含未來興建房屋價款,RPPNMLMKPHNFFAX17CA
馬公市,土地,雙湖段1081~1110地號,366.54,,一般農業區,農牧用地,1070606,土地2建物0車位0,,,其他,,,,0.0,0,0,0,有,無,14000000,38195,,0.0,0,含未來興建房屋價款,RPQNMLMKPHNFFAX27CA
馬公市,土地,五福段841~870地號,210.52,,一般農業區,甲種建築用地,1070428,土地2建物0車位0,,,其他,,,,0.0,0,0,0,有,無,9660000,45886,,0.0,0,變更起造人，含未來興建房屋之費用,RPQNMLMLOHNFFAX27CA
馬公市,房地(土地+建物),澎湖縣馬公市西文澳31~60號,151.31,住,,,1070503,土地1建物1車位0,全,二層,透天厝,住家用,見其他登記事項,0610102,125.82,6,2,1,有,無,6680000,53092,,0.0,0,親友、員工或其他特殊關係間之交易。;二等親買賣,RPQNMLMJPHNFFAX17CA
馬公市,房地(土地+建物),澎湖縣馬公市珠江271~300號,312.13,,一般農業區,甲種建築用地,1070523,土地2建物1車位0,全,二層,透天厝,住家用,加強磚造,0960301,254.52,4,1,5,有,無,10000000,39290,,0.0,0,,RPUNMLMJPHNFFAX67DA
湖西鄉,土地,龍門南段301~330地號,53.06,,鄉村區,乙種建築用地,1070424,土地1建物0車位0,,,其他,,,,0.0,0,0,0,有,無,180000,3392,,0.0,0,逾期未辦繼承標售案,RPUNMLLLOHNFFAX67DA
馬公市,土地,海堤段631~660地號,106.53,住,,,1070608,土地1建物0車位0,,,其他,,,,0.0,0,0,0,有,無,1860000,17460,,0.0,0,向政府機關標售之案件。,RPTNMLLLOHNFFAX67EA
西嶼鄉,土地,二崁南段721~750地號,4658.53,,一般農業區,農牧用地,1070322,土地1建物0車位0,,,其他,,,,0.0,0,0,0,有,無,6290000,1350,,0.0,0,向政府機關承購之案件。;,RPQNMLKLOHNFFAX07CA
馬公市,房地(土地+建物)+車位,澎湖縣馬公市貿商街121~150號,27.04,住,,,1070516,土地1建物1車位1,四層,十二層,住宅大樓(11層含以上有電梯),見其他登記事項,鋼筋混凝土造,0950629,200.82,3,1,2,有,有,4450000,22159,坡道平面,0.0,0,"買方負擔過戶稅金共97,846元",RPPNMLPLOHNFFAX47CA
馬公市,土地,北極段1321~1350地號,709.42,農,,,1070605,土地3建物0車位0,,,其他,,,,0.0,0,0,0,有,無,2570000,3623,,0.0,0,,RPPNMLPJPHNFFAX37CA
西嶼鄉,房地(土地+建物),澎湖縣西嶼鄉二崁村31~60號,278.64,住,,,1061103,土地3建物1車位0,全,一層,透天厝,住家用,見其他登記事項,0210101,127.27,5,3,2,有,無,554391,4356,,0.0,0,親友、員工或其他特殊關係間之交易。;,RPSNMLTKPHNFFAX18CA
西嶼鄉,土地,二崁南段331~360地號,228.2,住,,,1061103,土地2建物0車位0,,,其他,,,,0.0,0,0,0,有,無,570906,2502,,0.0,0,親友、員工或其他特殊關係間之交易。;,RPTNMLTKPHNFFAX28CA
西嶼鄉,土地,二崁北段361~390地號,407.08,其他,,,1061103,土地2建物0車位0,,,其他,,,,0.0,0,0,0,有,無,488496,1200,,0.0,0,親友、員工或其他特殊關係間之交易。;,RPUNMLTKPHNFFAX38CA
湖西鄉,房地(土地+建物),澎湖縣湖西鄉南寮91~120號,175.16,,鄉村區,乙種建築用地,1070606,土地1建物1車位0,全,一層,透天厝,住家用,見其他登記事項,,25.39,1,1,1,有,無,794700,31300,,0.0,0,,RPXNMLQJPHNFFAX28CA
湖西鄉,房地(土地+建物),澎湖縣湖西鄉鼎灣村鼎灣31~60號,87.67,,鄉村區,乙種建築用地,1070322,土地1建物1車位0,全,一層,透天厝,住家用,見其他登記事項,,30.58,2,1,0,有,無,399398,13061,,0.0,0,地籍清理縣府代為標售案,RPRNMLPLOHNFFAX77DA
西嶼鄉,土地,內垵一段211~240地號,494.75,,森林區,農牧用地,1070613,土地1建物0車位0,,,其他,,,,0.0,0,0,0,有,無,1200000,2425,,0.0,0,,RPSNMLNLPHNFFAX77DA
馬公市,土地,山水南段31~60地號,719.54,,一般農業區,農牧用地,1070612,土地1建物0車位0,,,其他,,,,0.0,0,0,0,有,無,2112600,2936,,0.0,0,縣府代標地籍清理案件買方為375租約承租人,RPPNMLOJPHNFFAX27CA
湖西鄉,土地,林投北段541~570地號,316.44,,,,1070420,土地1建物0車位0,,,其他,,,,0.0,0,0,0,有,無,2484054,7850,,0.0,0,向政府機關承購之案件。;,RPQNMLQLOHNFFAX67CA
白沙鄉,土地,赤崁南段211~240地號,179.42,,一般農業區,農牧用地,1070619,土地1建物0車位0,,,其他,,,,0.0,0,0,0,有,無,705500,3932,,0.0,0,,RPRNMLRLOHNFFAX87CA
湖西鄉,土地,成功北段61~90地號,21.52,,鄉村區,交通用地,1070626,土地2建物0車位0,,,其他,,,,0.0,0,0,0,有,無,121745,5657,,0.0,0,協議價購鄉村區交通用地/鄉村區乙種建築用地,RPPNMLMJPHNFFAX07CA
馬公市,房地(土地+建物),澎湖縣馬公市鎖管港61~90號,111.18,住,,,1070520,土地1建物1車位0,全,四層,透天厝,住家用,鋼筋混凝土造,1060508,264.53,5,2,6,有,無,9500000,35913,,0.0,0,,RPQNMLQKPHNFFAX67CA
白沙鄉,土地,後寮段2851~2880地號,291.0,,一般農業區,農牧用地,1070522,土地1建物0車位0,,,其他,,,,0.0,0,0,0,有,無,220000,756,,0.0,0,親友、員工或其他特殊關係間之交易。;急買急賣。;,RPQNMLNLPHNFFAX47CA
西嶼鄉,土地,二崁南段1231~1260地號,2136.02,,風景區,農牧用地,1070322,土地2建物0車位0,,,其他,,,,0.0,0,0,0,有,無,3330000,1559,,0.0,0,地清標售案件,RPQNMLTJPHNFFAX97DA
白沙鄉,土地,講美段271~300地號,147.55,,一般農業區,農牧用地,1070322,土地1建物0車位0,,,其他,,,,0.0,0,0,0,有,無,581000,3938,,0.0,0,地籍清理標售,RPRNMLQJPHNFFAX77DA
馬公市,房地(土地+建物),澎湖縣馬公市光華241~270號,107.31,,一般農業區,甲種建築用地,1070409,土地1建物1車位0,全,三層,透天厝,住家用,鋼筋混凝土造,0920514,185.85,4,2,3,有,無,3800000,20447,,0.0,0,親友、員工或其他特殊關係間之交易。;,RPUNMLNLPHNFFAX87CA
湖西鄉,土地,太武新段181~210地號,630.81,,一般農業區,農牧用地,1070613,土地2建物0車位0,,,其他,,,,0.0,0,0,0,有,無,1335700,2117,,0.0,0,,RPRNMLMJPHNFFAX27CA
馬公市,房地(土地+建物),澎湖縣馬公市風櫃尾1~30號,97.54,,一般農業區,甲種建築用地,1070426,土地2建物1車位0,全,三層,透天厝,住家用,鋼筋混凝土造,0830525,143.31,3,1,2,有,無,2260000,15770,,0.0,0,,RPTNMLMJPHNFFAX47CA
馬公市,土地,光榮段211~240地號,181.19,住,,,1070608,土地1建物0車位0,,,其他,,,,0.0,0,0,0,有,無,10500000,57950,,0.0,0,,RPUNMLQJPHNFFAX97CA
馬公市,土地,鐵線段961~990地號,422.85,,鄉村區,乙種建築用地,1070602,土地2建物0車位0,,,其他,,,,0.0,0,0,0,有,無,4732300,11191,,0.0,0,,RPRNMLNLPHNFFAX57CA
馬公市,土地,四維段571~600地號,198.98,,一般農業區,甲種建築用地,1070620,土地4建物0車位0,,,其他,,,,0.0,0,0,0,有,無,4100000,20605,,0.0,0,農變建專案核准變更起造人,RPQNMLMLPHNFFAX37CA
馬公市,土地,馬公段1051~1080地號,105.0,商,,,1070528,土地1建物0車位0,,,其他,,,,0.0,0,0,0,有,無,4200000,40000,,0.0,0,含未辦保存登記建物  門牌:澎湖縣馬公市重慶里15鄰民權路61號     65.10平方公尺  持分全部,RPPNMLRLPHNFFAX77CA
湖西鄉,土地,沙港南段331~360地號,1890.22,,一般農業區,農牧用地,1070613,土地1建物0車位0,,,其他,,,,0.0,0,0,0,有,無,3031514,1604,,0.0,0,,RPPNMLMJQHNFFAX17CA
湖西鄉,土地,沙港南段331~360地號,410.53,,一般農業區,甲種建築用地,1070613,土地1建物0車位0,,,其他,,,,0.0,0,0,0,有,無,1465120,3569,,0.0,0,,RPQNMLMJQHNFFAX27CA
湖西鄉,土地,中西段811~840地號,416.19,,森林區,殯葬用地,1070613,土地2建物0車位0,,,其他,,,,0.0,0,0,0,有,無,240000,577,,0.0,0,,RPSNMLMJQHNFFAX47CA
馬公市,土地,國宅段301~330地號,330.0,,一般農業區,甲種建築用地,1070625,土地1建物0車位0,,,其他,,,,0.0,0,0,0,有,無,4450000,13485,,0.0,0,,RPTNMLKLPHNFFAX47CA
馬公市,土地,四維段571~600地號,199.07,,一般農業區,甲種建築用地,1070620,土地4建物0車位0,,,其他,,,,0.0,0,0,0,有,無,3960000,19893,,0.0,0,農變建專案核准變更起造人,RPPNMLMLPHNFFAX27CA
湖西鄉,土地,南寮新段61~90地號,1425.06,,一般農業區,農牧用地,1070619,土地1建物0車位0,,,其他,,,,0.0,0,0,0,有,無,3706000,2601,,0.0,0,,RPQNMLKLPHNFFAX17CA
望安鄉,土地,望安段1351~1380地號,369.0,,鄉村區,乙種建築用地,1070606,土地1建物0車位0,,,其他,,,,0.0,0,0,0,有,無,770000,2087,,0.0,0,,RPPNMLOKPHNFFAX37CA
望安鄉,房地(土地+建物),澎湖縣望安鄉東安村91~120號,84.25,,一般農業區,農牧用地,1070601,土地2建物1車位0,全,一層,透天厝,住家用,見其他登記事項,,8.88,0,0,0,無,無,190000,21396,,0.0,0,,RPRNMLQKPHNFFAX77CA
馬公市,房地(土地+建物),澎湖縣馬公市西文澳751~780號,222.0,,一般農業區,甲種建築用地,1070605,土地2建物1車位0,全,三層,透天厝,住家用,鋼筋混凝土造,1061116,207.2,5,2,5,有,無,9060000,43726,,0.0,0,,RPRNMLOJPHNFFAX47CA
湖西鄉,土地,許家段691~720地號,504.7,,一般農業區,甲種建築用地,1070402,土地3建物0車位0,,,其他,,,,0.0,0,0,0,有,無,6000000,11888,,0.0,0,,RPOOMLQJPHNFFAX47CA
馬公市,土地,中山段1~30地號,1030.84,,一般農業區,農牧用地,1070417,土地1建物0車位0,,,其他,,,,0.0,0,0,0,有,無,5612760,5445,,0.0,0,,RPWNMLQJPHNFFAX18CA
西嶼鄉,土地,二崁南段1021~1050地號,338.85,,,,1070516,土地1建物0車位0,,,其他,,,,0.0,0,0,0,有,無,780000,2302,,0.0,0,親友、員工或其他特殊關係間之交易。;權利人數:3人,RPSNMLLKPHNFFAX47DA
馬公市,建物,澎湖縣馬公市民權路61~90號,0.0,,,,1070626,土地0建物1車位0,全,四層,透天厝,住商用,鋼筋混凝土造,1010619,179.88,5,1,4,有,無,12000000,66711,,0.0,0,,RPQNMLKKPHNFFAX07CA
馬公市,土地,風櫃西段1351~1380地號,840.88,,一般農業區,農牧用地,1070507,土地1建物0車位0,,,其他,,,,0.0,0,0,0,有,無,12950000,15401,,0.0,0,,RPRNMLMLPHNFFAX47CA
湖西鄉,房地(土地+建物),澎湖縣湖西鄉港底301~330號,253.29,,一般農業區,甲種建築用地,1070615,土地1建物1車位0,全,三層,透天厝,住家用,鋼筋混凝土造,1070124,317.14,7,2,7,有,無,9500000,29955,,0.0,0,,RPVNMLNLPHNFFAX97CA
湖西鄉,土地,湖西北段601~630地號,664.9,,一般農業區,農牧用地,1070424,土地1建物0車位0,,,其他,,,,0.0,0,0,0,有,無,997360,1500,,0.0,0,向政府機關承購之案件。;逾期未辦繼承的標購案,RPQNMLQJPHNFFAX57CA
馬公市,土地,虎井段1321~1350地號,34.0,,鄉村區,乙種建築用地,1070617,土地2建物0車位0,,,其他,,,,0.0,0,0,0,有,無,300000,8824,,0.0,0,親友、員工或其他特殊關係間之交易。;,RPQNMLRKPHNFFAX77CA
馬公市,土地,北極段31~60地號,537.73,住,,,1070531,土地5建物0車位0,,,其他,,,,0.0,0,0,0,有,無,12357600,22981,,0.0,0,,RPRNMLLKPHNFFAX27CA
湖西鄉,土地,龍門南段901~930地號,1171.03,,一般農業區,農牧用地,1070620,土地1建物0車位0,,,其他,,,,0.0,0,0,0,有,有,500000,427,,0.0,0,親友、員工或其他特殊關係間之交易。;急買急賣。;,RPPNMLLKPHNFFAX07CA
湖西鄉,土地,湖西南段1471~1500地號,480.07,,一般農業區,農牧用地,1070424,土地1建物0車位0,,,其他,,,,0.0,0,0,0,有,無,610000,1271,,0.0,0,向政府機關承購之案件。;,RPPNMLNKPHNFFAX37DA
望安鄉,土地,水垵段1111~1140地號,170.0,,一般農業區,農牧用地,1070606,土地1建物0車位0,,,其他,,,,0.0,0,0,0,有,無,160112,942,,0.0,0,逾期未辦繼承標售案件,RPRNMLKKPHNFFAX27DA
馬公市,房地(土地+建物),澎湖縣馬公市林森路100巷1~30號,86.19,住,,,1070619,土地1建物1車位0,全,二層,透天厝,住家用,鋼筋混凝土加強磚造,0770213,122.29,3,3,2,有,無,5600000,45793,,0.0,0,土地、建物登記不同人,RPRNMLKLPHNFFAX37DA
馬公市,土地,五德東段1~30地號,179.44,農,,,1070615,土地4建物0車位0,,,其他,,,,0.0,0,0,0,有,無,688888,3839,,0.0,0,向政府機關標售之案件。,RPPNMLTJPHNFFAX97EA
馬公市,土地,井垵西段571~600地號,20.88,,一般農業區,水利用地,1070620,土地1建物0車位0,,,其他,,,,0.0,0,0,0,有,無,164952,7900,,0.0,0,向政府機關承購之案件。;,RPVNMLKKPHNFFAX77EA
馬公市,房地(土地+建物),澎湖縣馬公市三多路146巷15弄1~30號,61.43,住,,,1070430,土地1建物1車位0,全,二層,透天厝,住家用,鋼筋混凝土加強磚造,0680305,77.3,3,1,1,有,無,3600000,46572,,0.0,0,親友、員工或其他特殊關係間之交易。;,RPSNMLKKPHNFFAX27CA
馬公市,土地,鐵線段511~540地號,605.72,,一般農業區,農牧用地,1070626,土地1建物0車位0,,,其他,,,,0.0,0,0,0,有,無,20330000,33563,,0.0,0,權利人數：3人變更起造人，含未來興建房屋之費用,RPTNMLKKPHNFFAX37CA
馬公市,房地(土地+建物),澎湖縣馬公市永和街32巷1~30號,70.73,住,,,1070424,土地1建物1車位0,全,二層,透天厝,住家用,鋼筋混凝土加強磚造,0671122,85.6,5,1,2,有,無,6000000,70093,,0.0,0,,RPPNMLKKPHNFFAX96CA
馬公市,房地(土地+建物),澎湖縣馬公市鎖管港61~90號,153.77,住,,,1070624,土地1建物1車位0,全,四層,透天厝,住家用,鋼筋混凝土造,1060508,351.12,8,2,8,有,無,11500000,32752,,0.0,0,,RPPNMLQKPHNFFAX57CA
七美鄉,土地,七美二段421~450地號,233.26,,一般農業區,甲種建築用地,1070626,土地1建物0車位0,,,其他,,,,0.0,0,0,0,有,無,500000,2144,,0.0,0,,RPPNMLLMPHNFFAX27CA
馬公市,房地(土地+建物),澎湖縣馬公市五福路61~90號,83.64,,一般農業區,甲種建築用地,1070530,土地1建物1車位0,全,三層,透天厝,住家用,鋼筋混凝土造,0870602,184.82,4,2,3,有,無,6000000,32464,,0.0,0,,RPPNMLPLPHNFFAX57CA
馬公市,房地(土地+建物),澎湖縣馬公市西衛451~480號,206.67,,一般農業區,甲種建築用地,1070612,土地1建物1車位0,全,三層,透天厝,住家用,鋼筋混凝土造,1070328,255.46,5,2,5,有,無,8660000,33900,,0.0,0,,RPQNMLLKPHNFFAX17CA
馬公市,土地,鐵線段1051~1080地號,443.12,,一般農業區,農牧用地,1070420,土地1建物0車位0,,,其他,,,,0.0,0,0,0,有,無,1200000,2708,,0.0,0,親友、員工或其他特殊關係間之交易。;姨丈姪女關係,RPTNMLRKPHNFFAX18DA
白沙鄉,土地,講美段1681~1710地號,310.2,,一般農業區,農牧用地,1070604,土地1建物0車位0,,,其他,,,,0.0,0,0,0,有,無,434280,1400,,0.0,0,向政府機關承購之案件。;,RPRNMLRKPHNFFAX97DA
馬公市,房地(土地+建物)+車位,澎湖縣馬公市林森路104巷1~30號,29.2,住,,,1070611,土地1建物1車位1,七層,七層,華廈(10層含以下有電梯),住家用,鋼筋混凝土造,0821105,153.51,3,2,2,有,無,5000000,32571,坡道平面,0.0,0,,RPTNMLQLPHNFFAX08CA
馬公市,房地(土地+建物),澎湖縣馬公市烏崁31~60號,190.97,,鄉村區,乙種建築用地,1070628,土地1建物1車位0,全,二層,透天厝,住家用,加強磚造,0821122,137.92,3,1,2,有,無,4500000,32628,,0.0,0,,RPWNMLRKPHNFFAX38CA
湖西鄉,房地(土地+建物),澎湖縣湖西鄉大城北31~60號,254.66,,鄉村區,乙種建築用地,1070614,土地1建物1車位0,全,一層,透天厝,住家用,加強磚造,0770304,40.92,3,1,1,有,無,1080000,26393,,0.0,0,親友、員工或其他特殊關係間之交易。;,RPRNMLPKPHNFFAX67CA
馬公市,土地,案山段31~60地號,126.77,其他,,,1070627,土地2建物0車位0,,,其他,,,,0.0,0,0,0,有,無,2500000,19721,,0.0,0,包含公共設施保留地之交易。;,RPXNMLRKPHNFFAX48CA
馬公市,土地,鎖港南段1531~1560地號,495.2,,一般農業區,農牧用地,1070706,土地1建物0車位0,,,其他,,,,0.0,0,0,0,有,無,400000,808,,0.0,0,,RPOOMLRKPHNFFAX67CA
湖西鄉,土地,東石新段91~120地號,1140.35,,一般農業區,農牧用地,1070703,土地1建物0車位0,,,其他,,,,0.0,0,0,0,有,無,2414000,2117,,0.0,0,,RPQNMLPLPHNFFAX67CA
馬公市,土地,文東段751~780地號,96.38,,鄉村區,乙種建築用地,1070704,土地1建物0車位0,,,其他,,,,0.0,0,0,0,有,無,750000,7782,,0.0,0,,RPRNMLPLPHNFFAX77CA
西嶼鄉,土地,外垵二段721~750地號,530.25,,一般農業區,農牧用地,1070608,土地1建物0車位0,,,其他,,,,0.0,0,0,0,有,無,3200000,6035,,0.0,0,,RPSNMLKLPHNFFAX37CA
馬公市,房地(土地+建物),澎湖縣馬公市西衛1~30號,85.17,,鄉村區,乙種建築用地,1070529,土地1建物1車位0,全,五層,透天厝,住家用,鋼筋混凝土造,0850425,175.06,5,1,3,有,無,6800000,38844,,0.0,0,,RPPNMLTKPHNFFAX87CA
馬公市,房地(土地+建物),澎湖縣馬公市珠江151~180號,155.52,,鄉村區,乙種建築用地,1070606,土地2建物1車位0,全,三層,透天厝,住家用,鋼筋混凝土造,1041029,216.64,5,2,6,有,無,9500000,43852,,0.0,0,,RPQNMLTKPHNFFAX97CA
馬公市,土地,四維段1081~1110地號,1154.58,,一般農業區,農牧用地,1070605,土地1建物0車位0,,,其他,,,,0.0,0,0,0,有,無,10128500,8772,,0.0,0,,RPQOMLRKPHNFFAX97DA
馬公市,土地,馬公段1051~1080地號,3.0,商,,,1070704,土地1建物0車位0,,,其他,,,,0.0,0,0,0,有,無,297000,99000,,0.0,0,向政府機關承購之案件。;,RPPNMLQJQHNFFAX67DA
馬公市,房地(土地+建物),澎湖縣馬公市後窟潭1~30號,325.4,,一般農業區,甲種建築用地,1070619,土地3建物1車位0,全,三層,透天厝,住家用,鋼筋混凝土造,1060822,357.62,7,2,7,有,無,12000000,33555,,0.0,0,,RPRNMLOKQHNFFAX67CA
湖西鄉,土地,南寮北段751~780地號,834.69,,鄉村區,乙種建築用地,1070620,土地1建物0車位0,,,其他,,,,0.0,0,0,0,有,無,2250000,2696,,0.0,0,,RPPNMLNLPHNFFAX37CA
馬公市,土地,六合段361~390地號,250.07,,一般農業區,農牧用地,1070710,土地1建物0車位0,,,其他,,,,0.0,0,0,0,有,無,3780000,15116,,0.0,0,,RPTNMLNLPHNFFAX77CA
馬公市,房地(土地+建物),澎湖縣馬公市五福路61巷4弄1~30號,85.66,,鄉村區,乙種建築用地,1070625,土地1建物1車位0,全,三層,透天厝,住家用,鋼筋混凝土加強磚造,0690405,117.2,4,2,2,有,無,3160000,26962,,0.0,0,,RPPNMLQLPHNFFAX67CA
馬公市,土地,興仁段1051~1080地號,1517.52,,一般農業區,農牧用地,1070707,土地1建物0車位0,,,其他,,,,0.0,0,0,0,有,無,2300000,1516,,0.0,0,,RPPOMLRKPHNFFAX77CA
馬公市,土地,海堤段901~930地號,561.82,住,,,1070608,土地2建物0車位0,,,其他,,,,0.0,0,0,0,有,無,7140000,12709,,0.0,0,,RPPNMLKLPHNFFAX07CA
望安鄉,房地(土地+建物),澎湖縣望安鄉望安31~60號,108.5,,鄉村區,乙種建築用地,1070704,土地2建物1車位0,全,一層,透天厝,住家用,見其他登記事項,0240101,12.74,2,1,1,有,無,450000,35322,,0.0,0,,RPTNMLQJQHNFFAX97CA
馬公市,土地,安宅段391~420地號,3125.78,,一般農業區,農牧用地,1070703,土地16建物0車位0,,,其他,,,,0.0,0,0,0,有,無,10000000,3199,,0.0,0,,RPVNMLKKQHNFFAX67CA
馬公市,土地,中山段1~30地號,1030.84,,一般農業區,農牧用地,1070614,土地1建物0車位0,,,其他,,,,0.0,0,0,0,有,無,27880000,27046,,0.0,0,變更起造人，含未來興建房屋之費用權利人數：3人,RPQOMLKMPHNFFAX37CA
七美鄉,土地,大嶼段3841~3870地號,156.0,,鄉村區,乙種建築用地,1070708,土地1建物0車位0,,,其他,,,,0.0,0,0,0,有,無,760000,4872,,0.0,0,"親友、員工或其他特殊關係間之交易。;買賣價款含未保存建物一棟,門牌:澎湖縣七美鄉三塊厝28之1號",RPPNMLTJQHNFFAX87CA
白沙鄉,房地(土地+建物),澎湖縣白沙鄉岐頭1~30號,99.5,,鄉村區,乙種建築用地,1070715,土地1建物1車位0,全,一層,透天厝,住家用,見其他登記事項,0170101,53.72,1,1,1,有,無,500000,9308,,0.0,0,親友、員工或其他特殊關係間之交易。;,RPSNMLQJQHNFFAX97DA
馬公市,房地(土地+建物),澎湖縣馬公市石泉1~30號,115.96,,一般農業區,甲種建築用地,1070626,土地1建物1車位0,全,四層,透天厝,住家用,鋼筋混凝土造,1070515,282.63,6,2,7,有,無,13000000,45997,,0.0,0,,RPQNMLRLPHNFFAX97DA
馬公市,房地(土地+建物),澎湖縣馬公市石泉1~30號,115.73,,一般農業區,甲種建築用地,1070626,土地1建物1車位0,全,四層,透天厝,住家用,鋼筋混凝土造,1070515,280.44,7,2,7,有,無,13000000,46356,,0.0,0,,RPRNMLRLPHNFFAX08DA
西嶼鄉,土地,赤馬二段391~420地號,548.12,,一般農業區,農牧用地,1070705,土地1建物0車位0,,,其他,,,,0.0,0,0,0,有,無,660000,1204,,0.0,0,親友、員工或其他特殊關係間之交易。;,RPSNMLPLPHNFFAX87CA
馬公市,土地,埕東段181~210地號,62.16,其他,,,1070720,土地1建物0車位0,,,其他,,,,0.0,0,0,0,有,無,3232320,52000,,0.0,0,協議價購都市計畫道路用地,RPRNMLQLPHNFFAX87CA
馬公市,房地(土地+建物),澎湖縣馬公市貿商街121~150號,9.45,住,,,1070529,土地2建物1車位0,二層,七層,華廈(10層含以下有電梯),見其他登記事項,鋼筋混凝土造,0950710,57.660000000000004,3,2,2,有,有,1300000,22550,,0.0,0,親友、員工或其他特殊關係間之交易。;,RPQNMLKKRHNFFAX27CA
望安鄉,土地,花宅段2101~2130地號,132.0,,鄉村區,乙種建築用地,1070521,土地2建物0車位0,,,其他,,,,0.0,0,0,0,有,無,211200,1600,,0.0,0,,RPPNMLPKQHNFFAX57CA
馬公市,土地,鎖港南段511~540地號,130.73,住,,,1070713,土地1建物0車位0,,,其他,,,,0.0,0,0,0,有,無,1900000,14534,,0.0,0,,RPOOMLKMPHNFFAX27DA
西嶼鄉,土地,池西段2341~2370地號,1123.17,,一般農業區,農牧用地,1070717,土地3建物0車位0,,,其他,,,,0.0,0,0,0,有,無,850000,757,,0.0,0,,RPSNMLQLPHNFFAX97CA
湖西鄉,土地,成功南段391~420地號,531.04,,一般農業區,農牧用地,1070504,土地1建物0車位0,,,其他,,,,0.0,0,0,0,有,無,5130000,9660,,0.0,0,,RPSNMLKMPHNFFAX47CA
白沙鄉,土地,鎮海新段661~690地號,661.07,,一般農業區,農牧用地,1070615,土地2建物0車位0,,,其他,,,,0.0,0,0,0,有,無,3700000,5597,,0.0,0,,RPVNMLKMPHNFFAX77CA
白沙鄉,土地,中屯新段361~390地號,221.54,,一般農業區,農牧用地,1070611,土地2建物0車位0,,,其他,,,,0.0,0,0,0,有,無,600000,2708,,0.0,0,親友、員工或其他特殊關係間之交易。;,RPPNMLKMPHNFFAX17CA
白沙鄉,房地(土地+建物),澎湖縣白沙鄉瓦硐村61~90號,334.12,,鄉村區,乙種建築用地,1070712,土地2建物1車位0,全,一層,透天厝,住家用,見其他登記事項,0070101,104.13,0,0,0,無,無,910000,8739,,0.0,0,,RPPOMLKMPHNFFAX27CA
馬公市,土地,文寮段1321~1350地號,6.38,,鄉村區,水利用地,1070613,土地1建物0車位0,,,其他,,,,0.0,0,0,0,有,無,124219,19470,,0.0,0,向政府機關承購之案件。;,RPQNMLKMPHNFFAX27CA
馬公市,土地,文東段481~510地號,490.0,,一般農業區,農牧用地,1061024,土地1建物0車位0,,,其他,,,,0.0,0,0,0,有,無,8500000,17347,,0.0,0,,RPRNMLKMPHNFFAX37CA
西嶼鄉,房地(土地+建物),澎湖縣西嶼鄉竹篙灣121~150號,157.34,,鄉村區,乙種建築用地,1070723,土地2建物1車位0,全,一層,透天厝,住家用,見其他登記事項,0270101,63.82,2,1,1,有,無,376000,5892,,0.0,0,親友、員工或其他特殊關係間之交易。;,RPRNMLLMPHNFFAX47CA
湖西鄉,土地,成功南段1231~1260地號,1470.1,,一般農業區,農牧用地,1070713,土地3建物0車位0,,,其他,,,,0.0,0,0,0,有,無,1778000,1209,,0.0,0,,RPTNMLLMPHNFFAX67CA
馬公市,房地(土地+建物),澎湖縣馬公市四維路361~390號,88.71,住,,,1070704,土地1建物1車位0,全,三層,透天厝,住家用,見其他登記事項,0800222,174.01,4,2,3,有,無,5160000,29653,,0.0,0,親友、員工或其他特殊關係間之交易。;,RPSNMLLMPHNFFAX67DA
馬公市,土地,光榮段241~270地號,0.46,住,,,1070719,土地1建物0車位0,,,其他,,,,0.0,0,0,0,有,無,29072,0,,0.0,0,向政府機關承購之案件。;,RPPNMLTKQHNFFAX97CA
馬公市,土地,四維段571~600地號,1374.55,,一般農業區,農牧用地,1070723,土地1建物0車位0,,,其他,,,,0.0,0,0,0,有,無,19550000,14223,,0.0,0,,RPTNMLLLQHNFFAX67CA
馬公市,土地,光榮段241~270地號,22.6,住,,,1070716,土地1建物0車位0,,,其他,,,,0.0,0,0,0,有,無,1339954,59290,,0.0,0,畸零地或有合併使用之交易。;向政府機關承購之案件。;,RPPNMLQLQHNFFAX77CA
馬公市,土地,六合段691~720地號,1472.44,農,,,1070705,土地1建物0車位0,,,其他,,,,0.0,0,0,0,有,無,22400000,15213,,0.0,0,,RPPNMLRJQHNFFAX67CA
湖西鄉,土地,太武新段91~120地號,386.74,,一般農業區,農牧用地,1070725,土地3建物0車位0,,,其他,,,,0.0,0,0,0,有,無,680000,1758,,0.0,0,,RPTNMLNKQHNFFAX77CA
馬公市,房地(土地+建物),澎湖縣馬公市鎖管港781~810號,115.86,住,,,1070624,土地1建物1車位0,全,四層,透天厝,住家用,鋼筋混凝土造,1060508,273.4,5,2,6,有,無,9800000,35845,,0.0,0,土地建物分次登記案件,RPQNMLTLQHNFFAX28DA
白沙鄉,土地,中屯新段1111~1140地號,601.48,,一般農業區,農牧用地,1070621,土地1建物0車位0,,,其他,,,,0.0,0,0,0,有,無,680000,1131,,0.0,0,向政府機關承購之案件。;,RPRNMLQKQHNFFAX97DA
白沙鄉,土地,港子段1681~1710地號,500.0,,一般農業區,農牧用地,1070709,土地1建物0車位0,,,其他,,,,0.0,0,0,0,有,無,416000,832,,0.0,0,標售逾期未辦繼承案件,RPPNMLLJQHNFFAX07CA
湖西鄉,土地,城北段931~960地號,972.95,,一般農業區,農牧用地,1070626,土地1建物0車位0,,,其他,,,,0.0,0,0,0,有,無,3150000,3238,,0.0,0,,RPTNMLNJQHNFFAX67CA
馬公市,土地,興崁段1051~1080地號,2320.07,,一般農業區,農牧用地,1070724,土地1建物0車位0,,,其他,,,,0.0,0,0,0,有,無,73490000,31676,,0.0,0,權利人數：9人變更起造人，含未來興建房屋之費用,RPUNMLNKQHNFFAX87CA
馬公市,土地,中衛段151~180地號,143.35,,一般農業區,農牧用地,1070727,土地1建物0車位0,,,其他,,,,0.0,0,0,0,有,無,500000,3488,,0.0,0,,RPQNMLQJQHNFFAX77DA
馬公市,土地,雙湖段61~90地號,280.22,,一般農業區,農牧用地,1070607,土地1建物0車位0,,,其他,,,,0.0,0,0,0,有,無,4220000,15060,,0.0,0,親友、員工或其他特殊關係間之交易。;,RPRNMLKKQHNFFAX27CA
白沙鄉,土地,赤崁中段961~990地號,524.01,,一般農業區,農牧用地,1070712,土地1建物0車位0,,,其他,,,,0.0,0,0,0,有,無,470999,899,,0.0,0,向政府機關承購之案件。;,RPQNMLQKQHNFFAX87DA
馬公市,房地(土地+建物),澎湖縣馬公市貿商街91~120號,28.82,住,,,1070718,土地2建物1車位0,八層,十層,華廈(10層含以下有電梯),見其他登記事項,鋼筋混凝土造,0950710,107.63,3,2,2,有,有,5100000,47385,,0.0,0,,RPQNMLNKQHNFFAX57DA
馬公市,土地,馬公段61~90地號,82.0,其他,,,1070806,土地1建物0車位0,,,其他,,,,0.0,0,0,0,有,無,4756000,58000,,0.0,0,協議價購道路用地,RPPNMLSJQHNFFAX77CA
馬公市,房地(土地+建物),澎湖縣馬公市臨海路1~30號,67.0,商,,,1070710,土地1建物1車位0,全,二層,透天厝,住商用,見其他登記事項,,101.78,2,1,1,有,無,17000000,167027,,0.0,0,,RPQNMLSJQHNFFAX87CA
馬公市,土地,文光段391~420地號,26.93,其他,,,1070806,土地2建物0車位0,,,其他,,,,0.0,0,0,0,有,無,1368044,50800,,0.0,0,協議價購道路用地,RPRNMLSJQHNFFAX97CA
馬公市,土地,五福段331~360地號,10.0,,鄉村區,乙種建築用地,1070802,土地1建物0車位0,,,其他,,,,0.0,0,0,0,有,無,165000,16500,,0.0,0,親友、員工或其他特殊關係間之交易。;,RPQNMLKKQHNFFAX17CA
馬公市,房地(土地+建物),澎湖縣馬公市五福路78巷23弄1~30號,226.21,,一般農業區,甲種建築用地,1070615,土地2建物1車位0,全,三層,透天厝,住家用,鋼筋混凝土造,1070202,321.63,10,1,10,有,無,12000000,37310,,0.0,0,,RPQNMLTKQHNFFAX08CA
白沙鄉,土地,講美段511~540地號,200.27,,鄉村區,交通用地,1070711,土地2建物0車位0,,,其他,,,,0.0,0,0,0,有,無,1914582,9560,,0.0,0,向政府機關承購之案件。;,RPPNMLKKQHNFFAX17DA
白沙鄉,土地,通梁南段1021~1050地號,20.43,住,,,1070719,土地1建物0車位0,,,其他,,,,0.0,0,0,0,有,無,213085,10430,,0.0,0,畸零地或有合併使用之交易。;向政府機關承購之案件。;,RPWNMLKKQHNFFAX87DA
湖西鄉,土地,湖東新段451~480地號,611.52,,一般農業區,農牧用地,1070711,土地2建物0車位0,,,其他,,,,0.0,0,0,0,有,無,2000000,3271,,0.0,0,,RPSNMLKKQHNFFAX47DA
湖西鄉,土地,尖山北段391~420地號,2489.74,,一般農業區,農牧用地,1070719,土地2建物0車位0,,,其他,,,,0.0,0,0,0,有,無,3930000,1578,,0.0,0,,RPQNMLKMQHNFFAX37CA
湖西鄉,土地,葉新段1921~1950地號,2177.09,,一般農業區,農牧用地,1070720,土地1建物0車位0,,,其他,,,,0.0,0,0,0,有,無,4610000,2118,,0.0,0,,RPRNMLOLQHNFFAX77CA
七美鄉,土地,大嶼段5461~5490地號,500.0,,一般農業區,農牧用地,1070717,土地2建物0車位0,,,其他,,,,0.0,0,0,0,有,無,1058750,2118,,0.0,0,,RPTNMLOLQHNFFAX97CA
馬公市,土地,東衛段931~960地號,137.46,,鄉村區,乙種建築用地,1070806,土地1建物0車位0,,,其他,,,,0.0,0,0,0,有,無,1330000,9676,,0.0,0,,RPUNMLKKQHNFFAX57CA
馬公市,土地,興崁段781~810地號,247.87,,一般農業區,甲種建築用地,1070726,土地2建物0車位0,,,其他,,,,0.0,0,0,0,有,無,5300000,21382,,0.0,0,農變建專案核准變更起造人,RPPNMLMKQHNFFAX27CA
湖西鄉,土地,青螺新段631~660地號,553.92,,一般農業區,農牧用地,1070802,土地1建物0車位0,,,其他,,,,0.0,0,0,0,有,無,800000,1444,,0.0,0,,RPPNMLNKQHNFFAX37CA
馬公市,土地,中衛段1621~1650地號,2958.63,,一般農業區,農牧用地,1070622,土地2建物0車位0,,,其他,,,,0.0,0,0,0,有,無,20000000,6760,,0.0,0,,RPSNMLNKQHNFFAX67CA
馬公市,土地,文寮段331~360地號,525.53,,一般農業區,農牧用地,1070712,土地1建物0車位0,,,其他,,,,0.0,0,0,0,有,無,5360000,10199,,0.0,0,,RPRNMLNKQHNFFAX67DA
馬公市,土地,鐵線段961~990地號,106.19,,鄉村區,乙種建築用地,1070413,土地1建物0車位0,,,其他,,,,0.0,0,0,0,有,無,530950,5000,,0.0,0,逾期未辦繼承土地之標購案,RPPNMLOKQHNFFAX47CA
馬公市,土地,安宅段931~960地號,576.06,,一般農業區,農牧用地,1070703,土地2建物0車位0,,,其他,,,,0.0,0,0,0,有,無,6620000,11492,,0.0,0,,RPQNMLOKQHNFFAX57CA
馬公市,土地,五福段871~900地號,582.26,,一般農業區,農牧用地,1070727,土地1建物0車位0,,,其他,,,,0.0,0,0,0,有,無,31144000,53488,,0.0,0,權利人數：3人農變建變更起造人，含未來興建房屋之費用,RPOOMLKMQHNFFAX27CA
馬公市,土地,四維段1171~1200地號,452.96,,一般農業區,農牧用地,1070802,土地1建物0車位0,,,其他,,,,0.0,0,0,0,有,無,5000000,11039,,0.0,0,,RPSNMLOKQHNFFAX77CA
