﻿編號,屋齡,建物移轉面積平方公尺,主要用途,主要建材,建築完成日期,總層數,建物分層
The serial number,room age,building shifting area square meter,the main use,main building materials,construction completes the date,total layer,building lamination
RPWNMLLJKHIFFES76CC,24,28.48,住家用,鋼筋混凝土造,78年1月25日,004,三層 一層 二層 四層
RPWPMLLJKHIFFDE08CC,16,104.76,住家用,鋼筋混凝土造,86年7月9日,十四層,十四層
RPSOMLLJKHIFFDS98CC,27,134.84,住家用,鋼筋混凝土造,75年5月1日,003,一層 二層 三層 屋頂突出物
RPTNMLLJKHIFFEE67CC,35,153.72,,鋼筋混凝土造,66年10月1日,三層,一層 二層 三層 騎樓
RPSOMLLJKHIFFDE57CC,16,64.50,住商用,鋼筋混凝土造,85年8月15日,十四層,一層 二層 三層 四層 屋頂突出物
RPQNMLLJKHIFFAE96CC,35,76.88,,鋼筋混凝土造,67年5月13日,四層,四層
RPQOMLLJKHIFFAE07CC,6,144.47,住商用,鋼筋混凝土造,96年3月21日,十二層,一層 二層 騎樓
RPOOMLLJKHIFFEE27CC,29,156.44,住商用,鋼筋混凝土造,73年4月6日,三層,一層 二層 三層 屋頂突出物 騎樓 地下層
RPQOMLLJKHIFFEE47CC,26,95.20,,鋼筋混凝土造,76年3月16日,二層,一層 二層 屋頂突出物
RPPNMLMJKHIFFEE37CC,13,36.52,住商用,見使用執照,89年2月1日,二層,一層 二層 騎樓
RPRNMLMJKHIFFBE27CC,10,121.76,商業用,鋼筋混凝土造,92年7月4日,十四層,一層 騎樓 夾層
RPVNMLNJKHIFFBE77CC,35,372.93,,鋼筋混凝土造,67年8月2日,四層,一層 二層 三層 四層 騎樓 地下層
RPXNMLNJKHIFFBE97CC,31,95.25,,鋼筋混凝土造,70年9月16日,十三層,三層
RPXNMLNJKHIFFBE97CC,31,30.02,,鋼筋混凝土造,70年9月16日,十三層,
RPWNMLNJKHIFFBE87CC,9,138.71,住家用,鋼筋混凝土造,93年1月16日,十一層,二層
RPWNMLNJKHIFFBE87CC,9,72.94,見其他登記事項,鋼筋混凝土造,93年1月16日,十一層,
RPQNMLMJKHIFFCE27CC,14,417.67,商業用,鋼筋混凝土造,87年7月14日,二十八層,十八層
RPUNMLNJKHIFFBE67CC,16,94.39,住家用,鋼筋混凝土造,86年4月21日,三十五層,二十五層
RPUNMLNJKHIFFBE67CC,16,42.61,見使用執照,鋼筋混凝土造,86年4月21日,三十五層,
RPPNMLNJKHIFFBE17CC,47,88.13,,加強磚造,55年6月19日,二層,一層 二層
RPPNMLNJKHIFFDE37CC,9,60.67,住家用,鋼筋混凝土造,92年12月26日,十三層,十一層
RPPNMLNJKHIFFDE37CC,9,52.60,見使用執照,鋼筋混凝土造,92年12月26日,十三層,
RPRNMLNJKHIFFBE37CC,28,58.29,,鋼筋混凝土造,74年5月11日,五層,四層
RPSNMLNJKHIFFBE47CC,26,118.46,,鋼筋混凝土造,75年7月22日,十二層,十層
RPQOMLNJKHIFFDE57CC,23,128.44,,鋼筋混凝土造,79年1月16日,十七層,五層
RPQOMLNJKHIFFDE57CC,23,36.17,,鋼筋混凝土造,79年1月16日,十七層,
RPRNMLNJKHIFFDE57CC,32,72.92,,鋼筋混凝土造,70年5月13日,五層,一層
RPRNMLNJKHIFFDE57CC,32,4.03,,鋼筋混凝土造,70年5月13日,五層,
RPQNMLNJKHIFFDE47CC,16,84.01,住家用,鋼筋混凝土造,85年7月19日,二十四層,二十層
RPQNMLNJKHIFFDE47CC,16,41.94,見使用執照,鋼筋混凝土造,85年7月19日,二十四層,
RPSNMLNJKHIFFDE67CC,6,8.66,商業用,鋼筋混凝土造,95年7月26日,十層,十層
RPSNMLNJKHIFFDE67CC,,7.09,見其它登記事項,鋼筋混凝土造,,十層,
RPOOMLNJKHIFFDE37CC,32,91.14,,鋼筋混凝土造,70年7月8日,五層,五層
RPWNMLNJKHIFFDE08CC,1,65.11,住家用,鋼筋混凝土造,101年6月5日,二十二層,六層
RPWNMLNJKHIFFDE08CC,1,29.77,共有部分,鋼筋混凝土造,101年6月5日,二十二層,
RPVNMLNJKHIFFEE08CC,20,197.02,住家用,鋼筋混凝土造,81年11月11日,二十四層,八層 電梯樓梯間
RPVNMLNJKHIFFEE08CC,20,42.24,見使用執照,鋼筋混凝土造,81年11月11日,二十四層,
RPWNMLNJKHIFFEE18CC,15,98.43,住家用,鋼筋混凝土造,86年10月6日,十三層,五層
RPWNMLNJKHIFFEE18CC,15,29.76,見使用執照,鋼筋混凝土造,86年10月6日,十三層,
RPUNMLNJKHIFFDE87CC,29,121.36,,鋼筋混凝土造,72年8月16日,五層,一層
RPSOMLOJKHIFFAE57CC,6,186.60,商業用,鋼筋混凝土造,96年3月28日,十四層,一層 見其它登記事項
RPSOMLOJKHIFFAE57CC,6,42.89,見其它登記事項,鋼筋混凝土造,96年3月28日,十四層,
RPTNMLNJKHIFFDS56CC,21,161.08,住商用,鋼筋混凝土造,81年6月25日,004,四層 屋頂突出物 一層 二層 三層
RPTNMLNJKHIFFAE47CC,40,75.26,,鋼筋混凝土造,61年10月19日,四層,一層 二層 三層 四層 騎樓
RPTNMLNJKHIFFDE77CC,29,78.21,,鋼筋混凝土造,73年6月29日,十二層,六層
RPQNMLNJKHIFFAE17CC,28,95.96,,鋼筋混凝土造,74年3月27日,十二層,四層
RPQNMLNJKHIFFAE17CC,28,42.14,,鋼筋混凝土造,74年3月27日,十二層,
RPWOMLOJKHIFFBE08CC,21,112.36,商業用,鋼筋混凝土造,81年6月29日,二十五層,十層
RPSPMLPJKHIFFBE87CC,45,101.65,,加強磚造,57年4月24日,二層,一層 二層 騎樓
RPUOMLOJKHIFFBE87CC,21,94.94,商業用,鋼筋混凝土造,81年6月29日,二十五層,十層
RPXOMLPJKHIFFBE28CC,21,837.82,商業用,鋼筋混凝土造,81年3月9日,十五層,十四層 十五層
RPQPMLPJKHIFFAE57CC,14,173.00,住家用,鋼筋混凝土造,88年4月26日,十四層,八層
RPRPMLPJKHIFFAE67CC,23,64.43,商業用,鋼筋混凝土造,79年2月23日,十二層,六層
RPSOMLPJKHIFFEE08CC,15,156.11,住商用,鋼筋混凝土造,86年10月24日,十四層,一層 二層 騎樓 夾層
RPWNMLNJKHIFFBS66CC,19,118.89,住家用,鋼筋混凝土造,83年1月11日,008,五層
RPWNMLNJKHIFFBS66CC,19,29.21,共有部份,鋼筋混凝土造,83年1月11日,008,
RPOOMLNJKHIFFBS58CC,39,110.39,住商用,加強磚造,63年4月19日,003,二層 三層 一層
RPXNMLNJKHIFFBS76CC,20,247.00,住家用,鋼筋混凝土造,82年5月6日,004,一層 二層 三層 四層 屋頂突出物
RPTOMLPJKHIFFEE18CC,15,170.51,住商用,鋼筋混凝土造,86年10月24日,十四層,一層 二層 騎樓 夾層
RPPQMLQJKHIFFEE08CC,23,498.79,住商用,鋼筋混凝土造,79年1月16日,十四層,一層 二層 騎樓 夾層 地下層
RPPQMLQJKHIFFEE08CC,23,216.80,見使用執照,鋼筋混凝土造,79年1月16日,十四層,
RPSQMLQJKHIFFEE38CC,11,165.25,見使用執照,見使用執照,91年1月18日,二層,一層 二層 屋頂突出物
RPUOMLPJKHIFFDE18CC,7,26.11,住家用,鋼筋混凝土造,94年10月31日,十四層,三層
RPSNMLPJKHIFFDE87CC,1,570.64,住商用,鋼筋混凝土造,100年11月11日,五層,一層 二層 三層 四層 五層 見其他登記事項
RPOPMLPJKHIFFEE77CC,23,132.66,商業用,見使用執照,79年4月17日,一層,一層 騎樓
RPTNMLQJKHIFFAE77CC,23,101.95,商業用,鋼筋混凝土造,79年2月16日,十二層,十二層
RPSOMLQJKHIFFAE77CC,49,138.68,,加強磚造,53年7月6日,二層,一層 二層 騎樓
RPVOMLQJKHIFFCE28CC,24,442.39,住商用,鋼筋混凝土造,77年11月22日,四層,一層 二層 三層 四層 騎樓 地下層
RPUNMLQJKHIFFGS37DC,43,59.82,住商用,加強磚造,59年1月7日,002,一層 二層
RPPQMLQJKHIFFAE67CC,8,118.12,住家用,鋼筋混凝土造,94年5月31日,十五層,五層
RPPQMLQJKHIFFAE67CC,8,70.08,共有部分,鋼筋混凝土造,94年5月31日,十五層,
RPOPMLQJKHIFFDE77CC,5,768.00,住商用,鋼筋混凝土造,96年6月8日,五層,一層 二層 三層 四層 五層 騎樓 見其他登記事項
RPSOMLQJKHIFFDE08CC,33,85.33,,鋼筋混凝土造,69年5月23日,五層,一層 二層 騎樓 夾層
RPTOMLQJKHIFFCE08CC,3,156.30,住商用,鋼筋混凝土造,99年7月30日,四層,一層 二層 三層 四層 見其它登記事項
RPWNMLQJKHIFFBE18CC,17,90.22,住家用,鋼筋混凝土造,84年9月18日,五層,五層
RPWNMLQJKHIFFBE18CC,17,15.92,見使用執照,鋼筋混凝土造,84年9月18日,五層,
RPTNMLQJKHIFFBE87CC,34,57.72,,鋼筋混凝土造,67年8月21日,十四層,十四層
RPQPMLQJKHIFFBE77CC,24,124.05,,鋼筋混凝土造,78年1月14日,十七層,一層 二層 騎樓
RPQPMLQJKHIFFBE77CC,24,125.29,,鋼筋混凝土造,78年1月14日,十七層,一層 二層 騎樓
RPPPMLQJKHIFFBE67CC,24,124.05,,鋼筋混凝土造,78年1月14日,十七層,一層 二層 騎樓
RPPPMLQJKHIFFBE67CC,24,125.29,,鋼筋混凝土造,78年1月14日,十七層,一層 二層 騎樓
RPVOMLQJKHIFFBE18CC,30,100.77,,鋼筋混凝土造,72年3月4日,五層,一層 二層 三層 四層 五層 屋頂突出物 騎樓 地下層
RPPPMLQJKHIFFDE87CC,40,238.60,,鋼筋混凝土造,62年1月22日,四層,一層 二層 三層 四層 騎樓
RPPPMLQJKHIFFDE87CC,40,238.60,,鋼筋混凝土造,62年1月22日,四層,一層 二層 三層 四層 騎樓
RPVNMLRJKHIFFEE48CC,2,124.91,住家用,鋼筋混凝土造,99年11月24日,十四層,十三層
RPVNMLRJKHIFFEE48CC,2,81.60,見其它登記事項,鋼筋混凝土造,99年11月24日,十四層,
RPOOMLRJKHIFFCE67CC,11,161.30,住家用,鋼筋混凝土造,91年6月19日,十四層,十四層
RPSNMLQJKHIFFCS66CC,47,424.44,,加強磚造,54年12月30日,003,一層 二層 三層 騎樓
RPROMLRJKHIFFBE87CC,32,200.78,,鋼筋混凝土造,69年8月15日,四層,一層 二層 三層 四層 騎樓 地下層
RPSPMLSJKHIFFBE18CC,44,174.75,,加強磚造,57年10月7日,三層,一層 二層 三層 騎樓
RPSPMLSJKHIFFBE18CC,44,180.17,,加強磚造,57年10月7日,三層,一層 二層 三層 騎樓
RPPPMLSJKHIFFAE77CC,4,103.78,商業用,鋼筋混凝土造,98年3月25日,十五層,一層 見其它登記事項
RPPPMLSJKHIFFAE77CC,4,58.04,共有部分,鋼筋混凝土造,98年3月25日,十五層,
RPOOMLRJKHIFFBE57CC,5,190.38,商業用,鋼筋混凝土造,97年2月26日,五層,一層 二層 騎樓
RPOOMLRJKHIFFBE57CC,,91.13,共有部分,鋼筋混凝土造,,五層,
RPSOMLSJKHIFFCE18CC,20,170.41,住商用,鋼筋混凝土造,82年7月30日,二十四層,八層
RPQNMLPKKHIFFDE77CC,21,34.98,住家用,鋼筋混凝土造,81年8月17日,七層,三層
RPPNMLPKKHIFFBE47CC,17,33.05,住家用,鋼筋混凝土造,85年7月8日,十七層,九層
RPTNMLRJKHIFFBE97CC,24,38.20,,鋼筋混凝土造,77年9月15日,十二層,五層
RPPNMLQKKHIFFBE57CC,23,58.74,,鋼筋混凝土造,78年10月21日,七層,六層
RPSNMLSKKHIFFBS86CC,16,112.67,住家用,鋼筋混凝土造,86年2月28日,016,七層
RPSNMLSKKHIFFEE48DC,21,210.88,住家用,鋼筋混凝土造,81年7月9日,四層,一層 二層 三層 四層
RPTOMLSKKHIFFAE18CC,1,46.50,住家用,鋼筋混凝土造,100年10月7日,十五層,二層
RPTOMLSKKHIFFAE18CC,1,25.30,見其它登記事項,鋼筋混凝土造,100年10月7日,十五層,
RPQNMLOKKHIFFDE67CC,33,28.19,,鋼筋混凝土造,69年1月31日,五層,二層
RPSPMLQJKHIFFBE97CC,16,147.11,住家用,鋼筋混凝土造,86年4月21日,三十五層,十一層
RPSNMLTKKHIFFCE28CC,25,96.56,住家用,鋼筋混凝土造,77年5月16日,五層,五層
RPTNMLTKKHIFFBS07CC,18,238.50,見使用執照,鋼筋混凝土造,83年10月28日,004,見其他登記事項 一層 二層 三層 四層
RPQNMLTKKHIFFCE08CC,47,87.46,住家用,加強磚造,55年1月18日,二層,一層 二層
RPVNMLTKKHIFFCE58CC,14,40.28,住家用,見其它登記事項,88年2月9日,三十九層,二十四層
RPTNMLTKKHIFFCE38CC,6,123.95,住家用,鋼筋混凝土造,96年1月9日,十五層,五層
RPTNMLTKKHIFFCE38CC,6,82.90,共有部份,鋼筋混凝土造,96年1月9日,十五層,
RPTNMLTKKHIFFAE18CC,27,7.95,,鋼筋混凝土造,75年2月17日,十六層,
RPTNMLTKKHIFFAE18CC,27,2.51,,鋼筋混凝土造,75年2月17日,十六層,
RPTNMLTKKHIFFAE18CC,27,24.34,,鋼筋混凝土造,75年2月17日,十六層,十一層
RPUOMLTKKHIFFBS27CC,,57.87,見其他登記事項,見其他登記事項,101年8月16日,002,一層
RPUNMLTKKHIFFAE28CC,27,24.42,,鋼筋混凝土造,75年2月17日,十六層,十層
RPUNMLTKKHIFFAE28CC,27,7.87,,鋼筋混凝土造,75年2月17日,十六層,
RPUNMLTKKHIFFAE28CC,27,2.49,,鋼筋混凝土造,75年2月17日,十六層,
RPOOMLTKKHIFFEE18CC,9,207.78,住商用,見其它登記事項,92年12月17日,四層,一層 二層 三層 四層 屋頂突出物 騎樓
RPROMLTKKHIFFBE18CC,9,106.08,住家用,鋼筋混凝土造,92年12月30日,十四層,十二層
RPROMLTKKHIFFBE18CC,9,34.55,見其他登記事項,鋼筋混凝土造,92年12月30日,十四層,
RPOOMLKLKHIFFBE07CC,20,264.46,商業用,鋼骨混凝土造,81年9月14日,二十八層,七層
RPUNMLKLKHIFFDS56CC,8,157.72,見其他登記事項,見其他登記事項,94年6月9日,001,一層
RPQPMLLLKHIFFBS88CC,24,315.93,住商用,鋼筋混凝土造,78年6月24日,005,三層 四層 一層 二層 五層 屋頂突出物 騎樓
RPOOMLTKKHIFFBE87CC,33,16.53,,鋼筋混凝土造,68年8月16日,五層,二層
RPUOMLTKKHIFFBE48CC,36,45.16,,鋼筋混凝土造,65年11月24日,十層,八層
RPQNMLTKKHIFFBE97CC,41,155.67,,加強磚造,60年11月15日,三層,一層 二層 三層 騎樓
RPRNMLTKKHIFFBE08CC,9,108.57,住家用,鋼筋混凝土造,92年11月28日,十四層,三層
RPRNMLTKKHIFFBE08CC,9,11.69,住家用,鋼筋混凝土造,92年11月28日,十四層,三層
RPRNMLTKKHIFFBE08CC,9,48.40,見其他登記事項,鋼筋混凝土造,92年11月28日,十四層,
RPXNMLTKKHIFFBE68CC,26,133.37,,鋼筋混凝土造,75年8月9日,七層,二層
RPQOMLTKKHIFFBE08CC,41,115.97,,加強磚造,60年8月30日,二層,一層 二層 騎樓
RPPOMLLLKHIFFAE17CC,8,137.64,住家用,鋼筋混凝土造,94年1月13日,十五層,十四層
RPPOMLLLKHIFFAE17CC,8,79.92,共有部分,鋼筋混凝土造,94年1月13日,十五層,
RPQOMLLLKHIFFAE27CC,7,50.42,住家用,鋼筋混凝土造,95年3月3日,十五層,八層
RPQOMLLLKHIFFAE27CC,7,27.20,共有部分,鋼筋混凝土造,95年3月3日,十五層,
RPWNMLMLKHIFFAE87CC,23,87.01,商業用,鋼筋混凝土造,79年2月16日,十二層,十二層
RPOOMLMLKHIFFAE17CC,7,80.66,住家用,鋼筋混凝土造,95年8月9日,十五層,五層
RPTNMLLLKHIFFBE57CC,9,78.03,住家用,鋼筋混凝土造,92年11月28日,十四層,三層
RPWNMLLLKHIFFEE18CC,2,109.88,住家用,鋼筋混凝土造,99年11月24日,十四層,十四層
RPWNMLLLKHIFFEE18CC,2,71.86,見其它登記事項,鋼筋混凝土造,99年11月24日,十四層,
RPUNMLLLKHIFFDE87CC,21,136.99,,鋼筋混凝土造,80年12月19日,十八層,十四層
RPROMLLLKHIFFEE77CC,18,77.42,住家用,鋼筋混凝土造,84年6月22日,七層,三層
RPSOMLMLKHIFFCE77CC,5,254.37,住商用,鋼筋混凝土造,97年4月23日,十五層,一層 二層 騎樓 見其它登記事項
RPOOMLNLKHIFFBS78CC,18,61.44,住商用,鋼筋混凝土造,84年4月26日,016,一層 二層 騎樓
RPOOMLNLKHIFFBS78CC,18,107.42,住商用,鋼筋混凝土造,84年4月26日,016,一層 二層 騎樓
RPUNMLNLKHIFFEE18CC,14,137.82,住商用,見使用執照,88年4月14日,十三層,一層 二層 夾層
RPTOMLMLKHIFFDE08DC,18,29.37,住家用,鋼筋混凝土造,83年11月25日,十四層,五層
RPSNMLMLKHIFFCE67CC,15,80.20,住商用,鋼筋混凝土造,87年4月13日,十五層,一層 二層
RPUOMLNLKHIFFEE28CC,6,169.42,住商用,鋼筋混凝土造,96年6月27日,四層,一層 二層 三層 四層
RPOOMLNLKHIFFDE57CC,17,142.13,住家用,鋼筋混凝土造,85年8月15日,十四層,十三層
RPOOMLNLKHIFFBE37CC,16,94.05,住家用,鋼筋混凝土造,86年4月21日,三十五層,三十四層
RPRNMLOLKHIFFBE67CC,16,37.86,住家用,鋼筋混凝土造,86年2月27日,二十四層,二十一層 二十二層
RPUPMLPLKHIFFDE48CC,24,262.86,,鋼筋混凝土造,78年4月29日,四層,一層 二層 三層 四層 屋頂突出物 騎樓
RPSPMLPLKHIFFEE38CC,23,44.69,見其它登記事項,鋼筋混凝土造,79年3月26日,十九層,十八層
RPPOMLPLKHIFFBE67CC,34,80.11,,鋼筋混凝土造,68年5月10日,五層,三層
RPVPMLPLKHIFFDE58CC,38,92.33,,鋼筋混凝土造,64年3月14日,四層,四層
RPWNMLPLKHIFFAE18CC,3,148.13,商業用,鋼筋混凝土造,99年3月12日,二層,一層 二層 騎樓
RPVOMLPLKHIFFAE18CC,6,294.13,住商用,鋼筋混凝土造,95年9月22日,五層,一層 二層 三層 四層 五層
RPXOMLPLKHIFFAE38CC,7,145.19,住家用,鋼筋混凝土造,95年3月3日,十五層,二層
RPXOMLPLKHIFFAE38CC,7,71.60,共有部分,鋼筋混凝土造,95年3月3日,十五層,
RPQOMLQLKHIFFAS56CC,20,186.96,住商用,鋼筋混凝土造,81年11月27日,004,一層 二層 三層 四層 屋頂突出物
RPOOMLQLKHIFFAS98CC,18,255.55,住商用,鋼筋混凝土造,84年3月1日,004,一層 二層 三層 四層 屋頂突出物 騎樓
RPXNMLQLKHIFFDE68CC,37,80.88,,鋼筋混凝土造,64年12月6日,四層,一層 二層 三層 四層 騎樓
RPPOMLQLKHIFFEE08CC,35,74.42,,加強磚造,67年1月7日,二層,一層 二層
RPSNMLQLKHIFFDE18CC,20,129.00,住家用,鋼筋混凝土造,82年6月30日,十三層,十二層
RPPNMLQLKHIFFDE87CC,18,141.47,住家用,鋼筋混凝土造,83年12月2日,二十層,十五層
RPSNMLQLKHIFFAE87CC,6,89.52,住家用,鋼筋混凝土造,96年2月8日,十五層,十三層
RPSNMLQLKHIFFAE87CC,6,44.42,見其它登記事項,鋼筋混凝土造,96年2月8日,十五層,
RPVOMLRLKHIFFEE78CC,6,100.42,商業用,鋼筋混凝土造,96年7月16日,十五層,一層 夾層
RPROMLQLKHIFFBE97CC,16,94.05,住家用,鋼筋混凝土造,86年4月21日,三十五層,八層
RPWNMLRLKHIFFAE38CC,23,218.12,商業用,鋼筋混凝土造,79年1月22日,十三層,三層
RPVNMLQLKHIFFBE28CC,17,73.36,住家用,鋼筋混凝土造,84年10月21日,十二層,三層
RPVNMLQLKHIFFBE28CC,17,17.89,見使用執照,鋼筋混凝土造,84年10月21日,十二層,
RPWOMLRLKHIFFBE58CC,46,93.84,,加強磚造,56年8月8日,二層,一層 二層 騎樓
RPWNMLRLKHIFFBS27CC,26,89.74,住家用,鋼筋混凝土造,76年2月25日,005,二層
RPUPMLRLKHIFFEE78CC,14,213.17,住商用,見其它登記事項,88年1月16日,十二層,一層 二層 騎樓
RPUPMLRLKHIFFEE78CC,14,37.73,見使用執照,見使用執照,88年1月16日,十二層,
RPOOMLRLKHIFFBS56CC,20,116.91,住家用,鋼筋混凝土造,82年7月15日,012,十層
RPSOMLPLKHIFFCE08CC,2,50.25,住商用,鋼筋混凝土造,100年7月15日,三層,一層 二層 三層 屋頂突出物 騎樓
RPWPMLRLKHIFFEE98CC,19,123.97,住家用,鋼筋混凝土造,82年11月20日,十四層,十三層
RPUNMLQLKHIFFCE28CC,7,84.22,住家用,鋼筋混凝土造,95年3月14日,十四層,七層
RPUNMLQLKHIFFCE28CC,7,60.80,共有部份,鋼筋混凝土造,95年3月14日,十四層,
RPPOMLQLKHIFFCE87CC,14,28.26,住家用,見其它登記事項,88年2月9日,三十九層,三十四層
RPPOMLQLKHIFFCE87CC,14,12.98,共有部份,見其它登記事項,88年2月9日,三十九層,
RPQOMLPLKHIFFCE87CC,2,20.48,住商用,鋼筋混凝土造,100年7月15日,三層,一層 二層 三層 屋頂突出物 騎樓
RPSOMLSLKHIFFEE58CC,18,121.65,住商用,鋼筋混凝土造,84年7月17日,九層,一層 二層 騎樓
RPROMLPLKHIFFCE97CC,2,17.53,住商用,鋼筋混凝土造,100年7月15日,三層,一層 二層 三層 屋頂突出物 騎樓
RPPNMLSLKHIFFAS56CC,17,125.64,住商用,鋼筋混凝土造,84年9月16日,012,一層 二層 三層 騎樓
RPQNMLSLKHIFFAS66CC,17,26.44,住家用,鋼筋混凝土造,84年11月30日,012,七層
RPXNMLSLKHIFFEE98CC,7,592.26,住家用,鋼筋混凝土造,95年1月4日,五層,一層 二層 三層 四層 五層 騎樓
RPSNMLSLKHIFFDE38CC,38,42.64,,加強磚造,64年5月12日,二層,一層 二層 騎樓
RPSNMLSLKHIFFDE38CC,38,42.64,,加強磚造,64年5月12日,二層,一層 二層 騎樓
RPUNMLSLKHIFFCE48CC,12,169.98,住商用,鋼筋混凝土造,89年10月23日,十四層,一層 二層 騎樓
RPQNMLSLKHIFFBE97CC,42,176.82,,鋼筋混凝土造,59年10月23日,五層,一層 二層 三層 四層 五層 騎樓 地下層
RPQNMLSLKHIFFCE08CC,16,84.02,住家用,鋼筋混凝土造,86年5月27日,二十七層,十九層
RPTNMLSLKHIFFBE28CC,11,89.24,住家用,鋼筋混凝土造,91年7月17日,十四層,七層
RPSNMLSLKHIFFCE28CC,7,97.96,住家用,鋼筋混凝土造,94年12月28日,十五層,二層
RPTNMLSLKHIFFCE38CC,14,41.73,住家用,見其它登記事項,88年2月9日,三十九層,十九層
RPPOMLLJLHIFFAE07CC,54,141.32,,加強磚造,47年8月28日,二層,一層 二層 騎樓
RPVNMLSLKHIFFBE48CC,45,81.74,,加強磚造,57年6月13日,二層,一層 二層
RPQNMLMJLHIFFAS58CC,15,185.09,住商用,鋼筋混凝土造,87年10月3日,004,一層 二層 三層 四層 騎樓
RPRNMLMJLHIFFAS68CC,20,209.28,住工用,鋼筋混凝土造,81年11月16日,003,一層 二層 三層 屋頂突出物
RPSOMLLJLHIFFCE57CC,19,129.46,國民住宅,鋼筋混凝土造,83年8月9日,十二層,六層
RPUNMLSLKHIFFBE38CC,33,88.40,,鋼筋混凝土造,69年5月14日,五層,一層
RPPNMLMJLHIFFDE37CC,6,768.00,住商用,鋼筋混凝土造,96年6月8日,五層,一層 二層 三層 四層 五層 騎樓 見其他登記事項
RPQNMLMJLHIFFAE17CC,5,242.79,商業用,鋼筋混凝土造,97年6月20日,十五層,一層 二層 騎樓
RPPNMLNJLHIFFAS58CC,23,24.89,住家用,鋼筋混凝土造,78年11月11日,005,五層
RPWOMLOJLHIFFEE48CC,23,47.21,見其它登記事項,鋼筋混凝土造,79年3月26日,十九層,十八層
RPPNMLMJLHIFFAE07CC,56,1057.85,,磚造,46年6月2日,一層,一層
RPUNMLMJLHIFFAE57CC,33,81.85,,鋼筋混凝土造,69年7月16日,五層,二層
RPQPMLOJLHIFFEE97CC,18,73.40,住家用,鋼筋混凝土造,84年3月2日,十七層,九層
RPQPMLOJLHIFFEE97CC,18,41.51,見使用執照,鋼筋混凝土造,84年3月2日,十七層,
RPROMLOJLHIFFDE97DC,36,100.00,住商用,鋼筋混凝土造,66年1月11日,三層,一層 二層 三層 屋頂突出物 騎樓 夾層 地下層
RPRNMLOJLHIFFGS86CC,4,459.50,見其他登記事項,見其他登記事項,97年9月15日,004,一層 二層 三層 四層
RPVNMLLJLHIFFBE67CC,33,78.07,,鋼筋混凝土造,69年3月13日,十二層,二層
RPPPMLPJLHIFFEE97CC,14,145.68,住商用,見使用執照,88年9月3日,十層,一層 二層 三層 騎樓
RPTOMLOJLHIFFBS66CC,16,66.32,見其他登記事項,鋼筋混凝土造,85年12月4日,014,十三層
RPPOMLMJLHIFFBS68CC,9,248.08,見其他登記事項,見其他登記事項,93年8月15日,004,一層 二層 三層 四層 屋頂突出物 騎樓
RPWNMLPJLHIFFAS86CC,17,78.22,住家用,鋼筋混凝土造,84年11月18日,024,二十層
RPRPMLPJLHIFFEE18CC,16,136.74,商業用,鋼筋混凝土造,86年1月22日,十九層,一層 騎樓
RPRPMLPJLHIFFEE18CC,16,16.11,見使用執照,鋼筋混凝土造,86年1月22日,十九層,
RPRPMLPJLHIFFEE18CC,16,146.77,住家用,鋼筋混凝土造,86年1月22日,十九層,二層
RPRPMLPJLHIFFEE18CC,16,67.16,見使用執照,鋼筋混凝土造,86年1月22日,十九層,
RPWOMLPJLHIFFEE58CC,19,141.15,住家用,鋼筋混凝土造,83年6月30日,十三層,五層
RPXNMLPJLHIFFAS96CC,16,49.53,住家用,鋼筋混凝土造,85年11月25日,008,三層
RPRNMLMJLHIFFBE37CC,16,94.05,住家用,鋼筋混凝土造,86年4月21日,三十五層,十一層
RPQOMLOJLHIFFDE87DC,36,100.00,住商用,鋼筋混凝土造,66年1月11日,三層,一層 二層 三層 屋頂突出物 騎樓 夾層 地下層
RPOOMLPJLHIFFAS78CC,19,77.70,住家用,鋼筋混凝土造,82年12月20日,016,三層
RPOOMLPJLHIFFAS78CC,19,82.28,住家用,鋼筋混凝土造,82年12月20日,016,三層
RPVOMLPJLHIFFCE28CC,24,97.77,商業用,鋼筋混凝土造,78年5月10日,十六層,一層 二層 三層 騎樓 地下層
RPUNMLPJLHIFFDE18CC,7,96.97,商業用,鋼筋混凝土造,95年3月3日,十五層,一層 夾層
RPOOMLPJLHIFFDE67CC,21,348.23,見使用執照,鋼筋混凝土造,81年3月5日,七層,四層
RPOPMLPJLHIFFDE77CC,27,219.41,,鋼筋混凝土造,75年7月20日,四層,一層 二層 三層 四層 屋頂突出物 騎樓
RPWNMLPJLHIFFDE38CC,21,348.23,見使用執照,鋼筋混凝土造,81年3月5日,七層,四層
RPQOMLPJLHIFFDE87CC,3,253.96,住商用,鋼筋混凝土造,99年4月23日,五層,一層 二層 三層 四層 五層 騎樓 見其他登記事項
RPOPMLPJLHIFFAE47CC,5,120.43,住家用,鋼筋混凝土造,97年8月26日,二十四層,十四層
RPOPMLPJLHIFFAE47CC,5,72.43,住家用,鋼筋混凝土造,97年8月26日,二十四層,十四層
RPPPMLPJLHIFFDE87CC,39,38.49,,加強磚造,62年12月24日,三層,一層 二層 三層 騎樓
RPWNMLPJLHIFFAE08CC,4,198.83,住商用,鋼筋混凝土造,98年1月22日,四層,一層 二層 三層 四層 騎樓
RPWNMLQJLHIFFAE18CC,7,87.43,住家用,鋼筋混凝土造,95年1月26日,十五層,三層
RPUNMLPJLHIFFBE97CC,17,118.89,住商用,鋼筋混凝土造,85年6月27日,十四層,一層 二層 夾層
RPUOMLPJLHIFFBE08CC,32,53.64,,鋼筋混凝土造,70年1月31日,五層,一層 二層 三層 四層 五層 騎樓
RPTNMLQJLHIFFDE18CC,37,114.58,,鋼筋混凝土造,64年9月13日,四層,一層 二層 三層 四層 騎樓
RPROMLQJLHIFFAE77CC,7,97.93,住家用,鋼筋混凝土造,94年11月14日,十五層,六層
RPROMLQJLHIFFAE77CC,7,10.25,住家用,鋼筋混凝土造,94年11月14日,十五層,六層
RPROMLQJLHIFFAE77CC,7,47.86,共有部分,鋼筋混凝土造,94年11月14日,十五層,
RPROMLQJLHIFFAE77CC,7,21.61,共有部分,鋼筋混凝土造,94年11月14日,十五層,
RPQNMLQJLHIFFBE67CC,29,120.26,,鋼筋混凝土造,72年11月11日,五層,三層
RPPNMLQJLHIFFGS86CC,4,459.50,見其他登記事項,見其他登記事項,97年9月15日,004,四層 一層 二層 三層
RPOOMLQJLHIFFBE57CC,35,52.06,,鋼筋混凝土造,66年11月10日,五層,二層
RPSOMLQJLHIFFEE38DC,19,260.88,住商用,鋼筋混凝土造,83年6月1日,十五層,一層 二層 騎樓
RPUOMLQJLHIFFDE38CC,28,94.45,,鋼筋混凝土造,73年10月16日,五層,一層 二層 騎樓
RPRNMLQJLHIFFBE77CC,18,107.77,住家用,鋼筋混凝土造,83年9月10日,二十二層,十層 電梯樓梯間
RPTNMLQJLHIFFBS86DC,29,80.36,住家用,鋼筋混凝土造,73年1月10日,005,三層
RPWNMLQJLHIFFBS07CC,27,97.27,住商用,鋼筋混凝土造,75年4月15日,002,一層 二層 屋頂突出物 騎樓
RPUNMLSJLHIFFAE18CC,53,181.19,,加強磚造,49年1月10日,三層,一層 二層 三層 騎樓
RPQOMLSJLHIFFAE87CC,7,56.78,住家用,鋼筋混凝土造,95年8月23日,十五層,十層
RPQOMLSJLHIFFAE87CC,7,22.63,共有部分,鋼筋混凝土造,95年8月23日,十五層,
RPVNMLRJLHIFFAS96CC,19,88.68,住家用,鋼筋混凝土造,82年9月15日,005,五層
RPTOMLRJLHIFFAE08CC,29,112.64,,鋼筋混凝土造,73年2月10日,七層,一層 二層 騎樓
RPWNMLSJLHIFFAE38CC,1,301.75,住商用,鋼筋混凝土造,101年5月8日,四層,一層 二層 三層 四層 屋頂突出物 騎樓
RPSPMLSJLHIFFEE58CC,17,94.54,住家用,鋼筋混凝土造,85年1月13日,七層,六層
RPSPMLSJLHIFFEE58CC,17,44.74,,鋼筋混凝土造,85年1月13日,七層,
RPSOMLSJLHIFFBE18CC,53,90.48,住家用,加強磚造,48年9月24日,二層,一層 二層 騎樓
RPRNMLSJLHIFFBE97CC,45,442.98,,加強磚造,56年10月26日,三層,一層 二層 三層 騎樓
RPRNMLSJLHIFFBE97CC,45,258.11,,加強磚造,56年10月26日,五層,一層 二層 三層 四層 五層 騎樓
RPRNMLSJLHIFFBE97CC,45,204.02,,加強磚造,56年10月26日,三層,一層 二層 三層 騎樓
RPRNMLSJLHIFFBE97CC,45,159.57,,加強磚造,56年10月26日,三層,一層 二層 三層 騎樓
RPTPMLSJLHIFFEE68CC,8,186.26,住商用,鋼筋混凝土造,94年1月26日,四層,一層 二層 三層 四層 騎樓
RPVNMLSJLHIFFBE38CC,20,74.96,住家用,鋼筋混凝土造,82年6月29日,八層,四層
RPPOMLSJLHIFFEE18CC,14,172.73,住家用,見其它登記事項,88年6月25日,十四層,八層
RPVPMLSJLHIFFEE88CC,17,90.16,住家用,鋼筋混凝土造,85年1月13日,七層,一層
RPVPMLSJLHIFFEE88CC,17,27.82,,鋼筋混凝土造,85年1月13日,七層,
RPUPMLSJLHIFFEE78CC,17,241.31,住商用,鋼筋混凝土造,85年5月6日,五層,一層 二層 三層 四層 五層 騎樓
RPPOMLLKLHIFFDS88CC,5,158.04,工業用,見其他登記事項,97年5月1日,001,一層
RPTOMLLKLHIFFDS66CC,28,155.47,住家用,鋼筋混凝土造,74年5月18日,004,一層 二層 三層 四層
RPVNMLSJLHIFFBS17CC,17,20.98,見其他登記事項,見其他登記事項,85年1月27日,005,一層 二層 三層 四層 五層 騎樓 見其他登記事項
RPSOMLLKLHIFFAE47CC,6,128.59,住家用,鋼筋混凝土造,95年12月5日,十九層,七層
RPOOMLLKLHIFFDE37CC,24,180.62,,鋼筋混凝土造,78年1月20日,四層,一層 二層 三層 四層 屋頂突出物 騎樓
RPVOMLLKLHIFFAE77CC,10,203.54,住家用,鋼筋混凝土造,92年5月28日,五層,一層 二層 三層 四層 五層 屋頂突出物 停車場
RPVOMLLKLHIFFAE77CC,10,3.95,住家用,鋼筋混凝土造,92年5月28日,五層,一層
RPWOMLLKLHIFFAE87CC,6,78.77,住商用,鋼筋混凝土造,96年5月10日,十五層,一層 夾層
RPTNMLLKLHIFFDE77CC,36,122.56,住商用,鋼筋混凝土造,66年2月8日,四層,一層 二層 三層 四層 騎樓 地下層
RPOOMLMKLHIFFDE47CC,39,239.17,,加強磚造,62年10月13日,三層,一層 二層 三層 騎樓
RPXNMLLKLHIFFEE28CC,15,75.97,住家用,鋼筋混凝土造,87年8月4日,十四層,六層
RPSNMLMKLHIFFDE77CC,19,115.30,住家用,鋼筋混凝土造,83年3月28日,十三層,八層
RPTNMLMKLHIFFDE87CC,37,201.18,,鋼筋混凝土造,64年9月30日,四層,一層 二層 三層 四層 騎樓 地下層
RPXNMLLKLHIFFBE97CC,41,175.80,,加強磚造,60年9月20日,三層,一層 二層 三層 騎樓
RPPOMLMKLHIFFBE37CC,36,62.99,,鋼筋混凝土造,66年6月27日,十二層,四層
RPOOMLMKLHIFFBE27CC,48,98.58,,加強磚造,54年5月10日,二層,一層 二層 騎樓
RPPOMLMKLHIFFBE37CC,36,12.14,,鋼筋混凝土造,66年6月27日,十二層,
RPUOMLMKLHIFFEE18CC,13,300.28,住商用,見使用執照,88年11月23日,九層,一層 二層 騎樓
RPTNMLMKLHIFFEE97CC,6,270.76,住商用,鋼筋混凝土造,95年11月14日,五層,一層 二層 三層 四層 五層 騎樓
RPQNMLMKLHIFFCE47CC,36,225.90,,鋼筋混凝土造,66年8月20日,四層,一層 二層 三層 四層 騎樓 地下層
RPRNMLMKLHIFFAE37CC,46,135.05,,加強磚造,56年2月21日,三層,一層 二層 三層 騎樓
RPRNMLMKLHIFFAE37CC,46,77.50,,加強磚造,56年2月21日,二層,一層 二層
RPRNMLMKLHIFFAE37CC,46,148.20,,加強磚造,56年2月21日,三層,一層 二層 三層 騎樓
RPTOMLMKLHIFFEE08CC,19,23.70,住家用,鋼筋混凝土造,83年5月28日,七層,七層
RPXNMLMKLHIFFAE97CC,7,214.59,住家用,鋼筋混凝土造,95年4月14日,十五層,十四層
RPSOMLNKLHIFFEE08CC,13,55.54,住商用,見使用執照,89年4月11日,十層,一層 二層
RPTOMLMKLHIFFAE67CC,40,66.96,,加強磚造,61年12月12日,二層,一層 二層
RPTNMLMKLHIFFAE57CC,7,133.73,住家用,鋼筋混凝土造,95年8月16日,十五層,十二層
RPTNMLMKLHIFFAE57CC,7,56.85,共有部分,鋼筋混凝土造,95年8月16日,十五層,
RPWNMLNKLHIFFCE18CC,14,151.97,住家用,見其它登記事項,88年2月9日,三十九層,十一層
RPVOMLNKLHIFFEE38CC,17,49.04,住商用,鋼筋混凝土造,84年12月21日,五層,一層 二層 三層 四層 五層 屋頂突出物 騎樓
RPUOMLNKLHIFFEE28CC,17,196.16,住商用,鋼筋混凝土造,84年12月21日,五層,一層 二層 三層 四層 五層 屋頂突出物 騎樓
RPXOMLNKLHIFFEE58CC,16,213.93,住家用,鋼筋混凝土造,86年1月22日,十九層,二層
RPXOMLNKLHIFFEE58CC,16,152.85,商業用,鋼筋混凝土造,86年1月22日,十九層,一層 騎樓
RPQOMLNKLHIFFBE57CC,28,113.72,,鋼筋混凝土造,74年1月28日,五層,五層
RPRNMLNKLHIFFDS56CC,5,171.23,見其他登記事項,鋼筋混凝土造,97年5月8日,004,一層 二層 三層 四層 騎樓
RPQOMLOKLHIFFDE87CC,7,34.39,住商用,鋼筋混凝土造,95年1月25日,四層,一層 二層 三層 四層 騎樓
RPSNMLOKLHIFFAE67CC,4,76.13,住家用,鋼筋混凝土造,98年3月25日,十五層,十層
RPOOMLOKLHIFFBE47CC,21,189.91,商業用,鋼筋混凝土造,81年6月29日,二十五層,十六層
RPXNMLNKLHIFFAE08CC,9,142.45,商業用,鋼筋混凝土造,93年6月10日,十四層,一層 夾層
RPXNMLNKLHIFFAE08CC,9,34.90,共有部分,鋼筋混凝土造,93年6月10日,十四層,
RPXNMLOKLHIFFBE28CC,35,57.39,,鋼筋混凝土造,67年8月21日,十四層,十四層
RPPOMLOKLHIFFBE57CC,23,152.76,,鋼筋混凝土造,79年4月18日,十二層,十一層
RPWNMLOKLHIFFBE18CC,22,45.06,,鋼筋混凝土造,80年3月12日,十二層,十一層
RPUNMLNKLHIFFDE08CC,14,36.65,住商用,鋼筋混凝土造,87年11月13日,十四層,一層 二層 三層 四層 五層 屋頂突出物 騎樓 地下一層
RPROMLOKLHIFFDE97CC,31,70.58,,鋼筋混凝土造,71年2月25日,十二層,七層
RPTOMLOKLHIFFAS66CC,7,174.21,住商用,鋼筋混凝土造,95年5月12日,013,一層 二層
RPUNMLPKLHIFFEE38CC,47,90.18,,加強磚造,54年10月1日,三層,一層 二層 三層 騎樓
RPQOMLOKLHIFFBE67CC,21,223.11,商業用,鋼骨鋼筋混凝土造,81年7月25日,四十二層,八層
RPXOMLNKLHIFFDE48CC,1,59.82,住家用,鋼筋混凝土造,101年6月5日,二十二層,八層
RPXOMLNKLHIFFDE48CC,1,27.44,共有部分,鋼筋混凝土造,101年6月5日,二十二層,
RPRQMLPKLHIFFEE38CC,16,78.92,住家用,鋼筋混凝土造,86年4月21日,二十二層,十三層
RPQOMLOKLHIFFEE97CC,21,52.19,住家用,鋼筋混凝土造,80年10月16日,七層,六層
RPPNMLPKLHIFFCS09CC,33,32.40,農舍,加強磚造,69年3月8日,002,一層 二層 騎樓
RPTOMLPKLHIFFAE97CC,7,101.16,住家用,鋼筋混凝土造,94年9月21日,十五層,三層
RPTOMLPKLHIFFAE97CC,7,51.49,共有部分,鋼筋混凝土造,94年9月21日,十五層,
RPVOMLPKLHIFFAE18CC,23,136.26,商業用,鋼筋混凝土造,79年2月16日,十二層,十二層
RPRNMLPKLHIFFBS56CC,18,324.64,住商用,鋼筋混凝土造,83年12月7日,005,一層 二層 三層 四層 五層 屋頂突出物 騎樓
RPXNMLPKLHIFFDE58CC,36,106.93,,鋼筋混凝土造,66年4月7日,五層,一層 二層 三層 四層 五層 騎樓
RPQOMLPKLHIFFDE97CC,46,75.06,,鋼筋混凝土造,56年4月14日,四層,一層 二層 三層 四層 騎樓
RPWNMLPKLHIFFDE48CC,39,111.87,,加強磚造,63年5月1日,二層,一層 二層 騎樓
RPPOMLPKLHIFFDE87CC,33,32.32,,鋼筋混凝土造,68年12月10日,四層,一層 二層 三層 四層 騎樓 地下層
RPRPMLPKLHIFFBS76CC,8,125.49,見其他登記事項,見其他登記事項,94年6月30日,014,夾層 一層
RPRPMLPKLHIFFBS76CC,8,57.68,見其他登記事項,見其他登記事項,94年6月30日,014,
RPXNMLPKLHIFFBE38CC,53,40.08,,加強磚造,49年8月2日,二層,一層 二層
RPXNMLPKLHIFFBE38CC,,57.52,,加強磚造,,三層,一層 二層 三層 騎樓
RPQNMLQKLHIFFDE97CC,34,58.81,,鋼筋混凝土造,68年5月22日,五層,一層
RPPOMLPKLHIFFBE67CC,39,191.81,,加強磚造,62年10月30日,三層,一層 二層 三層 騎樓 地下層
RPPPMLPKLHIFFDE97CC,21,133.77,,鋼筋混凝土造,80年11月8日,十八層,十六層 電梯樓梯間
RPPPMLPKLHIFFDE97CC,21,19.56,,鋼筋混凝土造,80年11月8日,十八層,十六層 電梯樓梯間
RPPPMLPKLHIFFDE97CC,21,16.89,,鋼筋混凝土造,80年11月8日,十八層,十六層 電梯樓梯間
RPPPMLPKLHIFFDE97CC,21,96.53,,鋼筋混凝土造,80年11月8日,十八層,十六層 電梯樓梯間
RPRNMLQKLHIFFEE18CC,9,323.77,住商用,見使用執照,93年5月5日,五層,一層 二層 三層 四層 五層 騎樓 門廳
RPSNMLSKLHIFFCE28CC,44,68.40,住家用,加強磚造,58年2月1日,二層,一層 二層
RPQNMLSKLHIFFAS66CC,7,173.73,住家用,鋼筋混凝土造,95年5月12日,013,三層
RPXNMLSKLHIFFGS08DC,40,46.80,住商用,加強磚造,62年6月1日,002,一層 二層
RPVNMLSKLHIFFDE68CC,40,265.30,,鋼筋混凝土造,61年12月28日,四層,一層 二層 三層 四層 騎樓
RPWNMLSKLHIFFDE78CC,44,95.07,住商用,加強磚造,58年7月30日,三層,一層 二層 三層 騎樓
RPSPMLTKLHIFFDE68CC,24,185.85,,鋼筋混凝土造,78年1月20日,四層,一層 二層 三層 四層 屋頂突出物 騎樓
RPWNMLTKLHIFFAE58CC,56,111.80,,加強磚造,46年8月27日,二層,一層 二層 騎樓
RPPPMLSKLHIFFEE38CC,17,132.03,商業用,鋼筋混凝土造,84年12月22日,十二層,一層 騎樓 地下層
RPWNMLTKLHIFFBE68CC,11,194.17,商業用,鋼骨鋼筋混凝土造,91年3月1日,二十六層,一層 二層 夾層
RPROMLTKLHIFFBS07CC,19,139.59,住家用,鋼筋混凝土造,83年8月27日,023,五層
RPRPMLTKLHIFFEE68CC,31,117.16,,鋼筋混凝土造,71年7月26日,五層,三層
RPPOMLKLLHIFFEE57CC,20,90.74,住家用,鋼筋混凝土造,82年5月17日,七層,六層
RPPOMLKLLHIFFEE57CC,20,28.96,見使用執照,鋼筋混凝土造,82年5月17日,七層,
RPPOMLSKLHIFFEE38DC,1,60.79,商業用,見其它登記事項,101年5月23日,一層,一層
RPPOMLSKLHIFFEE38DC,1,57.25,商業用,見其它登記事項,101年5月23日,一層,一層
RPXNMLKLLHIFFAS66CC,23,31.68,住商用,鋼筋混凝土造,79年4月30日,004,一層 二層 三層 四層 屋頂突出物 騎樓
RPXNMLKLLHIFFAS66CC,23,32.97,住商用,鋼筋混凝土造,79年4月30日,004,一層 二層 三層 四層 屋頂突出物 騎樓
RPUPMLKLLHIFFAS56CC,23,16.03,住商用,鋼筋混凝土造,79年4月30日,004,一層 二層 三層 四層 屋頂突出物 騎樓
RPROMLKLLHIFFBS88CC,23,180.34,住商用,鋼筋混凝土造,78年11月29日,012,一層 二層 三層 騎樓
RPROMLKLLHIFFBS88CC,23,244.18,住商用,鋼筋混凝土造,78年11月29日,012,一層 二層 三層 騎樓
RPPOMLKLLHIFFBS68CC,13,81.29,國民住宅,鋼筋混凝土造,89年5月20日,012,六層
RPSPMLLLLHIFFBS56CC,35,166.26,住商用,鋼筋混凝土造,67年8月28日,003,三層 騎樓 地下層 一層 二層
RPTNMLTKLHIFFES47CC,18,126.45,見其他登記事項,鋼筋混凝土造,84年3月21日,012,十層
RPXNMLLLLHIFFCE18CC,14,91.84,住家用,見其它登記事項,88年2月9日,三十九層,三十一層
RPXNMLLLLHIFFCE18CC,14,31.16,共有部份,見其它登記事項,88年2月9日,三十九層,
RPUNMLLLLHIFFDE97CC,19,67.59,住家用,鋼筋混凝土造,83年2月4日,九層,三層
RPTNMLLLLHIFFBE67CC,22,94.08,,鋼筋混凝土造,79年11月10日,十二層,十層
RPQNMLMLLHIFFAE37CC,23,180.35,住家用,鋼筋混凝土造,78年9月20日,二十二層,七層
RPSPMLKLLHIFFAS98CC,23,31.50,住商用,鋼筋混凝土造,79年4月30日,004,一層 二層 三層 四層 屋頂突出物 騎樓
RPPNMLMLLHIFFAE27CC,39,234.86,,鋼筋混凝土造,63年5月15日,四層,一層 二層 三層 四層 騎樓 地下層
RPSNMLMLLHIFFAE57CC,39,313.51,,鋼筋混凝土造,62年9月21日,四層,一層 二層 三層 四層 騎樓
RPXNMLLLLHIFFBE08CC,22,191.17,,鋼筋混凝土造,80年1月24日,十二層,十二層
RPPOMLLLLHIFFCE47CC,7,85.46,住家用,鋼筋混凝土造,95年3月14日,十四層,十一層
RPPOMLLLLHIFFCE47CC,7,61.36,共有部份,鋼筋混凝土造,95年3月14日,十四層,
RPUOMLMLLHIFFAE87CC,86,206.07,,磚造,15年12月0日,二層,一層 二層 騎樓
RPRPMLSKLHIFFEE58CC,17,187.13,住家用,鋼筋混凝土造,84年12月22日,十二層,二層
RPVNMLTKLHIFFEE88CC,19,53.44,住家用,鋼筋混凝土造,83年5月12日,七層,四層
RPUNMLLLLHIFFBE77CC,21,179.93,商業用,鋼筋混凝土造,81年9月15日,二十五層,七層
RPQPMLMLLHIFFEE97CC,7,77.82,住家用,鋼筋混凝土造,94年11月14日,十五層,四層
RPQPMLMLLHIFFEE97CC,7,50.84,見其它登記事項,鋼筋混凝土造,94年11月14日,十五層,
RPWNMLMLLHIFFBE08CC,39,82.40,,加強磚造,62年10月6日,二層,一層 二層
RPTPMLMLLHIFFBE97CC,33,97.84,,鋼筋混凝土造,68年11月19日,七層,一層 二層 騎樓
RPXNMLMLLHIFFBE18CC,38,230.06,,鋼筋混凝土造,63年10月11日,四層,一層 二層 三層 四層 騎樓 地下層
RPOPMLMLLHIFFCE57CC,36,68.04,,鋼筋混凝土造,65年12月11日,四層,三層
RPVNMLMLLHIFFCE08CC,8,141.40,住家用,鋼筋混凝土造,94年3月30日,十五層,十一層
RPUPMLMLLHIFFBE08CC,21,707.29,商業用,鋼骨混凝土造,81年9月14日,二十八層,十四層
RPOOMLMLLHIFFBE37CC,38,50.95,,加強磚造,64年2月28日,三層,一層 二層 三層 騎樓
RPUNMLMLLHIFFCE97CC,19,156.50,住商用,鋼筋混凝土造,82年12月16日,六層,一層 二層 騎樓
RPWNMLMLLHIFFCE18CC,7,145.03,住家用,鋼筋混凝土造,95年3月14日,十四層,四層
RPWNMLNLLHIFFCE28CC,23,181.82,商業用,鋼筋混凝土造,79年7月4日,十二層,十層
RPVNMLNLLHIFFBE08CC,30,63.07,,鋼筋混凝土造,72年3月5日,十二層,三層
RPVNMLNLLHIFFBE08CC,30,62.25,,鋼筋混凝土造,72年3月5日,十二層,三層
RPTOMLPLLHIFFBE18CC,14,45.51,商業用,鋼骨鋼筋混凝土造,88年4月1日,八十五層,十五層
RPOOMLPLLHIFFDS66CC,3,210.36,見其他登記事項,鋼筋混凝土造,99年5月21日,004,一層 二層 三層 四層 見其他登記事項
RPVNMLPLLHIFFDE58DC,24,101.93,住家用,鋼筋混凝土造,77年12月31日,七層,六層
RPPOMLPLLHIFFDE97CC,17,137.42,住家用,鋼筋混凝土造,85年7月16日,十七層,十二層
RPOOMLPLLHIFFAE57CC,4,276.92,見其它登記事項,見其它登記事項,98年8月3日,三層,一層 二層 三層
RPWNMLNLLHIFFBE18CC,30,66.12,,鋼筋混凝土造,72年3月5日,十二層,四層
RPTOMLPLLHIFFDE38CC,3,146.09,見其它登記事項,見其它登記事項,99年1月18日,一層,一層
RPROMLPLLHIFFEE28CC,6,111.26,住家用,鋼筋混凝土造,96年4月2日,十五層,十五層
RPUOMLPLLHIFFEE58CC,15,145.02,住商用,鋼筋混凝土造,87年1月16日,九層,一層 二層 騎樓 夾層
RPOOMLQLLHIFFEE08CC,4,115.73,住商用,鋼筋混凝土造,97年11月5日,十四層,一層 夾層
RPTNMLQLLHIFFEE48CC,13,110.47,住商用,見其它登記事項,88年12月27日,十四層,一層 二層
RPTOMLQLLHIFFAS07DC,22,157.95,住商用,鋼造,79年9月25日,001,一層 騎樓
RPXNMLQLLHIFFEE88CC,31,173.20,,鋼筋混凝土造,70年9月5日,三層,一層 二層 三層 騎樓 地下層
RPPOMLQLLHIFFEE18CC,5,91.24,商業用,見其它登記事項,97年8月20日,一層,一層
RPVNMLQLLHIFFEE68CC,19,205.07,住商用,見其它登記事項,82年12月17日,二層,一層 二層 騎樓
RPSOMLQLLHIFFDE38CC,18,37.79,住家用,鋼筋混凝土造,84年5月9日,二十一層,五層
RPTOMLQLLHIFFDE48CC,24,288.30,,鋼筋混凝土造,78年5月19日,十二層,一層 二層 三層 騎樓
RPOOMLQLLHIFFDE97CC,6,768.47,住商用,鋼筋混凝土造,96年6月8日,五層,一層 二層 三層 四層 五層 騎樓 見其他登記事項
RPXOMLQLLHIFFDE88CC,38,223.56,,加強磚造,63年10月24日,三層,一層 二層 三層 騎樓
RPOOMLNLLHIFFAE37CC,31,40.66,,鋼筋混凝土造,71年4月7日,七層,一層 二層 三層 四層 五層 六層 七層 騎樓 地下層
RPVNMLQLLHIFFDE58CC,28,192.36,,鋼筋混凝土造,74年2月8日,四層,一層 二層 三層 四層 屋頂突出物 騎樓 地下層
RPUNMLQLLHIFFBE28CC,14,167.71,商業用,鋼筋混凝土造,87年10月14日,十九層,一層 二層 騎樓
RPRNMLQLLHIFFCE08CC,19,138.64,國民住宅,鋼筋混凝土造,83年8月9日,十二層,八層
RPVNMLQLLHIFFAE28CC,7,77.71,商業用,鋼筋混凝土造,95年2月20日,十五層,二層
RPQNMLQLLHIFFAE77CC,2,175.94,商業用,鋼筋混凝土造,100年1月20日,十九層,一層 夾層
RPUNMLRLLHIFFAE28CC,7,101.45,住家用,鋼筋混凝土造,95年8月23日,十五層,十四層
RPXNMLRLLHIFFDE88CC,34,156.71,,鋼筋混凝土造,68年9月22日,三層,一層 二層 三層 騎樓 地下層
RPOOMLQLLHIFFBE77CC,16,135.62,住家用,鋼筋混凝土造,86年4月21日,三十五層,二十三層
RPSNMLQLLHIFFAE97CC,7,55.55,住家用,鋼筋混凝土造,95年2月20日,十五層,三層
RPTNMLQLLHIFFAE08CC,26,51.60,,鋼筋混凝土造,75年9月10日,四層,一層 二層 三層 四層 騎樓 地下層
RPXNMLRLLHIFFBE68CC,27,229.39,,鋼筋混凝土造,74年11月2日,十二層,三層
RPOOMLRLLHIFFBE87CC,35,84.07,,鋼筋混凝土造,67年8月21日,十四層,十四層
RPSNMLRLLHIFFDE38CC,18,136.07,住家用,鋼筋混凝土造,83年12月27日,十六層,十四層
RPWNMLSLLHIFFAE58CC,16,225.25,商業用,見使用執照,86年7月14日,一層,一層
RPWNMLSLLHIFFAE58CC,16,82.23,商業用,見使用執照,86年7月14日,一層,一層
RPSNMLRLLHIFFAE08CC,6,276.12,住商用,鋼筋混凝土造,96年6月11日,五層,一層 二層 三層 四層 五層
RPUNMLQLLHIFFAE18CC,8,81.00,商業用,見其它登記事項,94年4月7日,一層,一層
RPUNMLSLLHIFFDE68CC,8,99.75,住家用,鋼筋混凝土造,93年11月11日,十四層,十四層
RPOOMLSLLHIFFAS66CC,19,98.75,住家用,鋼筋混凝土造,83年10月1日,012,八層
RPPOMLSLLHIFFAS76CC,16,100.00,住商用,鋼筋混凝土造,86年5月24日,005,一層 二層 五層 屋頂突出物 騎樓 三層 四層
RPXOMLSLLHIFFEE56CC,19,25.76,住家用,鋼筋混凝土造,83年5月30日,十六層,四層
RPXOMLTLLHIFFEE66CC,7,97.55,住家用,鋼筋混凝土造,95年8月17日,五層,一層 二層 三層 四層 五層 騎樓
RPWOMLSLLHIFFAE78DC,,127.53,商業用,鋼骨鋼筋混凝土造,101年10月11日,三十層,一層 見其它登記事項
RPUOMLTLLHIFFBE68CC,20,27.78,住家用,鋼筋混凝土造,82年4月13日,五層,五層
RPUOMLTLLHIFFBE68CC,20,9.06,見使用執照,鋼筋混凝土造,82年4月13日,五層,
RPVOMLTLLHIFFBE78CC,67,67.62,,見其他登記事項,35年6月15日,二層,一層 二層 騎樓
RPUNMLTLLHIFFBE58CC,33,115.51,,鋼筋混凝土造,69年1月5日,五層,一層 二層 三層 四層 五層 騎樓 地下層
RPPOMLTLLHIFFDE38CC,20,81.41,住家用,鋼筋混凝土造,82年6月25日,十八層,一層 騎樓
RPSNMLLMLHIFFBE67CC,16,166.58,住商用,鋼筋混凝土造,86年4月21日,三十五層,一層 二層 三層
RPOOMLTLLHIFFDE28CC,37,39.27,,鋼筋混凝土加強磚造,64年11月22日,三層,一層 二層 三層 騎樓
RPRNMLLMLHIFFBE57CC,16,120.60,住家用,鋼筋混凝土造,86年4月21日,三十五層,二十三層
RPPNMLLMLHIFFDE57CC,7,51.50,住家用,鋼筋混凝土造,95年7月11日,十五層,九層
RPVNMLTLLHIFFDE88CC,31,31.92,,鋼筋混凝土造,71年7月5日,十二層,十層
RPSNMLKMLHIFFDE77CC,3,74.11,住家用,鋼筋混凝土造,99年6月4日,五層,一層 二層 三層 四層 五層 騎樓
RPUNMLLMLHIFFBE87CC,16,127.30,住家用,鋼筋混凝土造,86年4月21日,三十五層,二十一層
RPUNMLLJMHIFFAE57CC,36,512.11,住家用,鋼筋混凝土造,66年4月9日,四層,一層 二層 三層 四層 騎樓 電梯樓梯間 地下層
RPTNMLLMLHIFFBE77CC,35,126.20,,鋼筋混凝土造,66年12月31日,五層,一層
RPWNMLLJMHIFFDE08CC,13,27.65,住家用,鋼筋混凝土造,88年10月14日,十四層,二層
RPTPMLLJMHIFFAE67CC,45,105.74,,加強磚造,56年10月27日,三層,一層 二層 三層 騎樓
RPROMLLJMHIFFAS78CC,37,2331.43,工業用,鋼造,64年11月24日,001,一層
RPROMLLJMHIFFAS78CC,37,110.21,工業用,鋼造,64年11月24日,001,一層
RPSOMLLJMHIFFAS88CC,18,133.81,住家用,鋼筋混凝土造,83年12月30日,008,四層
RPQOMLLJMHIFFAS68CC,3,192.56,見其他登記事項,見其他登記事項,99年10月20日,001,一層
RPTNMLMJMHIFFEE97CC,12,612.80,商業用,見其它登記事項,90年1月19日,一層,一層 騎樓 見其它登記事項
RPXNMLNJMHIFFAE08CC,9,82.24,住家用,鋼筋混凝土造,93年9月13日,十四層,六層
RPSNMLMJMHIFFAE47CC,9,59.26,住家用,鋼筋混凝土造,93年5月10日,十四層,三層
RPSNMLLJMHIFFBE47CC,31,30.19,,鋼筋混凝土造,70年12月5日,十二層,五層
RPSNMLLJMHIFFBE47CC,31,8.37,,鋼筋混凝土造,70年12月5日,十二層,
RPRNMLMJMHIFFAE37CC,7,45.91,住家用,鋼筋混凝土造,95年3月3日,十五層,六層
RPRNMLLJMHIFFBE37CC,6,120.91,住家用,鋼筋混凝土造,96年5月15日,十五層,五層
RPQNMLLJMHIFFBE27CC,38,90.40,,鋼筋混凝土造,64年5月31日,四層,三層
RPXNMLLJMHIFFBE97CC,16,143.78,住家用,鋼筋混凝土造,86年1月30日,十一層,一層 二層 夾層
RPTNMLOJMHIFFAE77CC,45,46.13,,加強磚造,57年8月12日,五層,一層 二層 三層 四層 五層 騎樓
RPOOMLNJMHIFFDE57CC,29,96.87,,鋼筋混凝土造,73年7月31日,五層,一層
RPRNMLPJMHIFFAE67CC,23,86.19,商業用,鋼筋混凝土造,79年2月16日,十二層,十二層
RPRNMLPJMHIFFBE77CC,35,56.55,,鋼筋混凝土造,67年4月22日,五層,一層
RPRNMLPJMHIFFBE77CC,35,56.55,,鋼筋混凝土造,67年4月22日,五層,二層
RPVOMLNJMHIFFDE28CC,25,53.49,,鋼筋混凝土造,77年10月4日,七層,五層
RPQNMLPJMHIFFBE67CC,29,89.32,,鋼筋混凝土造,72年12月13日,十二層,九層
RPPNMLPJMHIFFAE47CC,43,107.80,,鋼筋混凝土造,58年10月31日,四層,一層 二層 三層 四層 騎樓
RPPNMLPJMHIFFAE47CC,43,147.51,,鋼筋混凝土造,58年10月31日,四層,一層 二層 三層 四層 騎樓
RPPNMLPJMHIFFAE47CC,43,34.34,,鋼筋混凝土造,58年10月31日,四層,一層 二層 三層 四層 騎樓
RPQNMLOJMHIFFBE57CC,21,226.63,商業用,鋼骨鋼筋混凝土造,81年7月25日,四十二層,二十層
RPSNMLPJMHIFFAS56CC,21,34.00,住家用,鋼筋混凝土造,81年2月27日,007,五層
RPQNMLPJMHIFFAS98CC,7,185.00,住家用,鋼筋混凝土造,95年5月12日,013,十三層
RPPNMLPJMHIFFAS88CC,7,100.80,住商用,鋼筋混凝土造,95年1月11日,004,一層 二層 三層 四層
RPRNMLPJMHIFFDE97CC,23,347.60,,鋼筋混凝土造,78年11月16日,十八層,十一層
RPTPMLNJMHIFFEE28CC,19,123.06,住家用,鋼筋混凝土造,83年7月7日,二十層,四層
RPQNMLPJMHIFFDE87CC,27,40.92,,鋼筋混凝土造,75年7月14日,五層,一層 二層 三層 四層 五層 屋頂突出物 騎樓 地下層
RPQNMLPJMHIFFDE87CC,27,40.92,,鋼筋混凝土造,75年7月14日,五層,一層 二層 三層 四層 五層 屋頂突出物 騎樓 地下層
RPQQMLNJMHIFFEE08CC,24,337.08,住商用,加強磚造,78年7月17日,二層,一層 二層
RPROMLSJMHIFFAS86CC,17,217.00,住家用,鋼筋混凝土造,85年6月18日,005,一層 二層 三層 四層 五層 防空避難室 屋頂突出物
RPPNMLPJMHIFFDE77CC,24,53.35,,鋼筋混凝土造,78年8月4日,五層,一層 二層 騎樓
RPRNMLRJMHIFFEE28CC,33,79.06,,鋼筋混凝土造,69年5月7日,五層,五層
RPRNMLRJMHIFFEE28CC,33,12.05,見使用執照,鋼筋混凝土造,69年5月7日,五層,
RPPNMLQJMHIFFEE97CC,6,55.18,住家用,鋼筋混凝土造,96年1月12日,十五層,十五層
RPVNMLSJMHIFFES57CC,,161.85,農舍,鋼造,,001,一層
RPPNMLQJMHIFFAE57CC,7,128.49,住家用,鋼筋混凝土造,95年1月26日,十五層,三層
RPPQMLTJMHIFFAE18CC,8,96.44,住家用,鋼筋混凝土造,94年8月4日,十五層,十一層
RPXNMLSJMHIFFAE58CC,41,275.64,,鋼筋混凝土造,61年9月8日,四層,一層 二層 三層 四層 騎樓 地下層
RPTNMLQJMHIFFAE97CC,21,183.48,住家用,鋼筋混凝土造,81年5月25日,十二層,四層
RPSNMLQJMHIFFAE87CC,18,155.87,住商用,鋼筋混凝土造,84年1月23日,二十二層,四層
RPQNMLTJMHIFFDS07CC,1,472.74,見其他登記事項,鋼筋混凝土造,101年1月13日,005,一層 二層 三層 四層 五層 見其他登記事項
RPQPMLTJMHIFFDE48CC,46,185.13,住商用,加強磚造,56年9月9日,三層,一層 二層 三層 騎樓
RPUOMLTJMHIFFDE78CC,3,500.64,住商用,鋼筋混凝土造,99年4月27日,五層,一層 二層 三層 四層 五層 見其他登記事項
RPRNMLKKMHIFFDS98CC,25,161.23,住商用,鋼筋混凝土造,77年11月22日,003,屋頂突出物 騎樓 一層 二層 三層
RPRNMLKKMHIFFDS98CC,25,161.23,住商用,鋼筋混凝土造,77年11月22日,003,一層 二層 三層 屋頂突出物 騎樓
RPROMLKKMHIFFBE47CC,17,151.64,住商用,鋼筋混凝土造,85年6月27日,十四層,一層 二層 夾層
RPPOMLTJMHIFFBE08CC,39,68.39,,鋼筋混凝土造,63年8月14日,四層,一層 二層 三層 四層 騎樓 地下層
RPQPMLKKMHIFFDE67CC,6,142.38,住家用,鋼筋混凝土造,95年12月7日,二十五層,二十一層
RPTNMLLKMHIFFBE67CC,50,339.02,,加強磚造,51年10月23日,二層,一層 二層 騎樓
RPUNMLLKMHIFFDE97CC,29,173.92,,鋼筋混凝土造,73年9月27日,十二層,五層
RPTNMLTJMHIFFEE68CC,7,89.75,住家用,鋼筋混凝土造,95年3月6日,十五層,四層
RPTNMLTJMHIFFEE68CC,7,64.27,見其它登記事項,鋼筋混凝土造,95年3月6日,十五層,
RPOPMLLKMHIFFAE27CC,4,231.93,商業用,鋼筋混凝土造,97年11月4日,十九層,四層
RPXNMLLKMHIFFBS86CC,1,74.87,見其他登記事項,鋼筋混凝土造,101年4月9日,017,六層
RPWOMLKKMHIFFBS76CC,39,108.40,住商用,加強磚造,63年6月5日,002,一層 二層 騎樓
RPSOMLLKMHIFFDS66CC,36,95.60,住家用,加強磚造,66年7月4日,002,一層 二層
RPROMLKKMHIFFBS98DC,31,81.70,住家用,鋼筋混凝土造,71年7月10日,005,五層
RPQNMLLKMHIFFAE27CC,8,340.12,住商用,鋼筋混凝土造,94年1月21日,五層,一層 二層 三層 四層 五層 屋頂突出物
RPWNMLKKMHIFFAE77CC,6,86.28,商業用,鋼筋混凝土造,96年1月3日,十五層,一層 見其它登記事項
RPWNMLKKMHIFFAE77CC,6,32.12,見其它登記事項,鋼筋混凝土造,96年1月3日,十五層,
RPXNMLMKMHIFFAE08CC,23,170.61,住家用,鋼筋混凝土造,79年6月18日,十五層,八層
RPROMLLKMHIFFEE87CC,2,63.62,住家用,鋼筋混凝土造,100年6月28日,十五層,八層
RPROMLLKMHIFFEE87CC,2,27.88,見其它登記事項,鋼筋混凝土造,100年6月28日,十五層,
RPSQMLLKMHIFFEE18CC,27,103.00,國民住宅,鋼筋混凝土造,74年11月29日,十二層,七層
RPSNMLPKMHIFFDS96CC,6,161.14,見其他登記事項,見其他登記事項,96年9月6日,001,一層
RPVOMLNKMHIFFDE38CC,29,112.02,,鋼筋混凝土造,73年1月30日,五層,一層 二層 三層 四層 五層 屋頂突出物 騎樓 地下層
RPUPMLMKMHIFFDE28CC,32,102.10,,鋼筋混凝土造,70年6月2日,五層,三層
RPQNMLNKMHIFFAS88CC,,175.00,,,,,
RPSNMLMKMHIFFBE67CC,29,159.32,,鋼筋混凝土造,72年10月27日,五層,一層 二層 騎樓
RPWNMLMKMHIFFBE08CC,32,39.48,,鋼筋混凝土造,69年12月1日,四層,一層 二層 三層 四層 騎樓
RPQOMLPKMHIFFDE08CC,29,149.47,,鋼筋混凝土造,72年12月15日,三層,一層 二層 三層 騎樓 地下層
RPWOMLPKMHIFFBE48CC,55,36.70,,磚造,47年8月30日,一層,一層
RPWNMLPKMHIFFEE68CC,6,81.86,住家用,鋼筋混凝土造,96年7月16日,十五層,十二層
RPOOMLQKMHIFFBE77CC,36,13.32,,鋼筋混凝土造,66年1月14日,十層,一層
RPVPMLQKMHIFFBE58CC,23,55.19,,鋼筋混凝土造,79年8月30日,十二層,四層
RPXNMLQKMHIFFBE58CC,35,334.35,,鋼筋混凝土造,66年11月10日,五層,一層 二層 三層 四層 五層 騎樓
RPUNMLQKMHIFFBE28CC,18,107.22,住家用,鋼筋混凝土造,83年9月10日,二十二層,十層 電梯樓梯間
RPVNMLMKMHIFFEE28CC,16,101.79,住家用,鋼筋混凝土造,85年11月25日,二十四層,八層
RPPQMLQKMHIFFBE08CC,38,72.16,,鋼筋混凝土造,64年1月14日,四層,一層
RPOQMLQKMHIFFBE97CC,23,42.43,,鋼筋混凝土造,79年7月13日,七層,四層
RPRPMLQKMHIFFBE18CC,45,132.47,,加強磚造,57年1月25日,三層,一層 二層 三層 騎樓
RPQQMLQKMHIFFBE18CC,26,259.74,,鋼筋混凝土造,76年8月17日,五層,一層 二層 三層 四層 五層 屋頂突出物 騎樓 地下層
RPOOMLMKMHIFFEE67CC,15,32.40,商業用,鋼筋混凝土造,87年2月13日,十四層,一層 二層
RPPOMLQKMHIFFBE87CC,19,112.36,商業用,鋼筋混凝土造,83年2月17日,八層,一層 二層 騎樓
RPRPMLMKMHIFFEE08CC,7,66.95,住家用,鋼筋混凝土造,95年4月10日,十五層,三層
RPRPMLMKMHIFFEE08CC,7,28.25,見使用執照,鋼筋混凝土造,95年4月10日,十五層,
RPUQMLQKMHIFFBS47DC,47,932.18,見使用執照,鋼筋混凝土造,55年7月24日,003,三層 地下層 一層 二層
RPSOMLQKMHIFFDE38CC,17,35.63,住家用,鋼筋混凝土造,85年1月25日,七層,四層
RPUQMLQKMHIFFBE58CC,42,94.16,,加強磚造,60年5月31日,四層,一層 騎樓
RPUQMLQKMHIFFBE58CC,42,94.16,,加強磚造,60年5月31日,四層,二層
RPPOMLQKMHIFFEE18CC,5,280.33,住商用,鋼筋混凝土造,97年4月16日,五層,一層 二層 三層 四層 五層 騎樓
RPVOMLQKMHIFFDE68CC,37,43.78,,鋼筋混凝土造,65年7月17日,三層,一層 二層 三層 騎樓
RPWOMLQKMHIFFEE88CC,6,91.04,住商用,鋼筋混凝土造,96年7月6日,五層,一層 二層 三層 四層 五層 騎樓
RPROMLQKMHIFFEE38CC,7,58.78,住家用,鋼筋混凝土造,94年11月25日,十四層,十三層
RPROMLQKMHIFFEE38CC,7,41.29,見使用執照,鋼筋混凝土造,94年11月25日,十四層,
RPSQMLQKMHIFFBE38CC,36,183.18,,鋼筋混凝土造,65年10月7日,三層,一層 二層 三層 騎樓
RPQOMLQKMHIFFAS66CC,20,38.91,商業用,鋼筋混凝土造,82年1月1日,007,四層
RPXOMLQKMHIFFEE98CC,6,92.47,住商用,鋼筋混凝土造,96年7月6日,五層,一層 二層 三層 四層 五層 騎樓
RPTOMLQKMHIFFAS96CC,32,67.88,住家用,鋼筋混凝土造,70年4月24日,003,二層 三層 防空避難室 騎樓 一層
RPVNMLRKMHIFFEE78CC,1,130.23,商業用,見其它登記事項,101年7月18日,一層,一層 騎樓
RPTNMLRKMHIFFEE58CC,1,84.96,商業用,見其它登記事項,101年7月18日,一層,一層 騎樓
RPOOMLRKMHIFFAE77CC,17,34.42,住家用,鋼筋混凝土造,84年12月19日,二十四層,十五層
RPTOMLSKMHIFFBE48CC,36,55.27,,鋼筋混凝土造,65年11月24日,十層,八層
RPUOMLSKMHIFFBE58CC,36,39.17,,鋼筋混凝土造,65年11月24日,十層,九層
RPOPMLSKMHIFFBE08CC,32,142.81,,鋼筋混凝土造,70年3月9日,七層,一層 騎樓
RPSOMLRKMHIFFBE28CC,10,51.10,住家用,鋼筋混凝土造,92年7月4日,十四層,十二層
RPUPMLSKMHIFFBE68CC,29,108.83,,鋼筋混凝土造,73年8月15日,十二層,五層
RPQOMLRKMHIFFAE97CC,23,22.45,商業用,鋼筋混凝土造,79年2月23日,十二層,六層
RPQOMLRKMHIFFBE08CC,9,55.29,住家用,鋼筋混凝土造,92年11月28日,十四層,三層
RPXOMLQKMHIFFAE58CC,24,205.65,住商用,鋼筋混凝土造,77年12月19日,十二層,一層 二層 三層 騎樓
RPRNMLSKMHIFFAE08CC,7,92.73,住家用,鋼筋混凝土造,94年11月14日,十五層,三層
RPRNMLSKMHIFFAE08CC,7,41.10,共有部分,鋼筋混凝土造,94年11月14日,十五層,
RPUNMLSKMHIFFAE38CC,18,136.88,住商用,鋼筋混凝土造,83年10月15日,十六層,一層 二層 騎樓
RPTPMLSKMHIFFAE48CC,29,208.56,,鋼筋混凝土造,73年7月12日,十二層,一層 騎樓
RPVOMLSKMHIFFEE09DC,5,209.45,住商用,鋼筋混凝土造,97年4月10日,十五層,一層 二層
RPOOMLSKMHIFFEE38DC,5,209.45,住商用,鋼筋混凝土造,97年4月10日,十五層,一層 二層
RPVOMLQKMHIFFAE38CC,9,92.79,住家用,鋼筋混凝土造,93年2月24日,十四層,十二層
RPVOMLQKMHIFFAE38CC,9,60.98,共有部分,鋼筋混凝土造,93年2月24日,十四層,
RPWPMLTKMHIFFEE66CC,10,125.97,住商用,見其它登記事項,92年1月14日,十四層,一層 二層 騎樓 夾層
RPWPMLTKMHIFFEE66CC,10,22.94,見使用執照,見使用執照,92年1月14日,十四層,
RPOQMLTKMHIFFEE58CC,2,109.88,住家用,鋼筋混凝土造,99年12月7日,十四層,十一層
RPOQMLTKMHIFFEE58CC,2,72.71,見其它登記事項,鋼筋混凝土造,99年12月7日,十四層,
RPVNMLSKMHIFFDE78CC,7,213.30,見其它登記事項,鋼筋混凝土造,94年10月25日,四層,一層 二層 三層 四層 見其他登記事項
RPTOMLTKMHIFFDE78CC,19,105.30,住家用,鋼筋混凝土造,83年3月17日,七層,七層 電梯樓梯間
RPROMLTKMHIFFBE38CC,18,179.66,住商用,鋼筋混凝土造,84年6月5日,十六層,一層 二層
RPQOMLTKMHIFFBE28CC,9,56.58,住家用,鋼筋混凝土造,93年3月3日,十四層,二層
RPUOMLTKMHIFFBE68CC,34,95.87,,鋼筋混凝土造,68年6月11日,五層,一層 二層 騎樓
RPTPMLTKMHIFFEE98CC,14,103.36,住商用,見使用執照,88年9月10日,十四層,一層 二層 騎樓
RPXNMLTKMHIFFBE88CC,46,106.20,住商用,加強磚造,55年12月27日,二層,一層 二層 騎樓
RPOPMLTKMHIFFBE18CC,24,145.30,,鋼筋混凝土造,77年10月27日,二十層,一層 二層 騎樓
RPPOMLKLMHIFFBE37CC,16,144.28,住家用,鋼筋混凝土造,86年4月21日,三十五層,二十一層
RPXNMLKLMHIFFBE08CC,16,145.84,住家用,鋼筋混凝土造,86年4月21日,三十五層,三十一層
RPSNMLMLMHIFFAE67CC,24,43.63,住家用,鋼筋混凝土造,78年7月11日,七層,六層
RPPNMLSKMHIFFCE08CC,19,215.04,住商用,鋼筋混凝土造,83年4月26日,五層,一層 二層 三層 四層 五層 屋頂突出物 騎樓
RPQOMLRKMHIFFCE18CC,37,71.15,,鋼筋混凝土造,65年6月22日,四層,三層
RPTNMLSKMHIFFCE48CC,,175.55,見其它登記事項,見其它登記事項,101年12月11日,三層,一層 騎樓
RPQOMLMLMHIFFBE67CC,18,427.52,見使用執照,鋼筋混凝土造,84年7月26日,五層,一層 二層 三層 四層 五層 屋頂突出物 騎樓
RPRNMLMLMHIFFDS66CC,14,219.27,住商用,鋼筋混凝土造,88年3月24日,012,騎樓 一層 二層 三層
RPOOMLMLMHIFFBE47CC,34,76.23,,鋼筋混凝土造,67年11月11日,七層,三層
RPWOMLMLMHIFFCE38CC,16,146.06,住商用,鋼筋混凝土造,86年5月27日,二十七層,一層 騎樓 夾層
RPWOMLMLMHIFFCE38CC,16,11.37,見使用執照,鋼筋混凝土造,86年5月27日,二十七層,
RPSNMLKLMHIFFAE47CC,4,195.67,商業用,鋼筋混凝土造,98年3月25日,十五層,一層 見其它登記事項
RPWOMLMLMHIFFAE18CC,6,83.03,住家用,鋼筋混凝土造,95年12月5日,十四層,九層
RPWOMLMLMHIFFAE18CC,6,39.73,見其它登記事項,鋼筋混凝土造,95年12月5日,十四層,
RPQNMLKLMHIFFAE27CC,7,48.92,住家用,鋼筋混凝土造,95年8月9日,十五層,四層
RPQNMLKLMHIFFAE27CC,7,4.22,住家用,鋼筋混凝土造,95年8月9日,十五層,四層
RPQNMLKLMHIFFAE27CC,7,1.01,住家用,鋼筋混凝土造,95年8月9日,十五層,四層
RPQNMLKLMHIFFAE27CC,7,25.42,住家用,鋼筋混凝土造,95年8月9日,十五層,四層
RPXNMLNLMHIFFBS17CC,26,107.52,住商用,鋼筋混凝土造,76年1月10日,004,一層 二層 三層 四層 屋頂突出物 騎樓 地下層
RPXOMLNLMHIFFBS27CC,29,73.60,住家用,鋼筋混凝土造,72年12月30日,005,五層
RPUNMLNLMHIFFAE97CC,4,132.12,商業用,鋼筋混凝土造,97年11月4日,十九層,十二層
RPUNMLOLMHIFFDE38CC,15,125.73,住商用,鋼骨鋼筋混凝土造,87年9月29日,二十五層,一層 二層 三層
RPUNMLOLMHIFFDE38CC,15,11.76,住商用,鋼骨鋼筋混凝土造,87年9月29日,二十五層,一層 二層 三層
RPUNMLOLMHIFFDE38CC,15,26.38,見使用執照,鋼骨鋼筋混凝土造,87年9月29日,二十五層,
RPVOMLOLMHIFFAE28CC,9,251.72,住家用,鋼筋混凝土造,92年12月10日,五層,一層 二層 三層 四層 五層
RPTOMLPLMHIFFCE38CC,8,58.33,住家用,鋼筋混凝土造,94年5月4日,十四層,九層
RPTOMLPLMHIFFCE38CC,8,25.72,共有部份,鋼筋混凝土造,94年5月4日,十四層,
RPUOMLPLMHIFFCE48CC,14,44.95,住家用,見其它登記事項,88年2月9日,三十九層,十三層
RPUOMLPLMHIFFCE48CC,14,20.78,共有部份,見其它登記事項,88年2月9日,三十九層,
RPQNMLPLMHIFFBS66CC,17,240.32,住商用,鋼筋混凝土造,85年8月10日,005,一層 二層 三層 四層 五層 騎樓
RPQNMLOLMHIFFEE08CC,6,95.01,商業用,鋼筋混凝土造,96年7月16日,十五層,一層 夾層
RPWNMLPLMHIFFDE68CC,14,70.19,住家用,鋼筋混凝土造,87年11月2日,十四層,三層
RPPOMLPLMHIFFDE08CC,36,292.12,,鋼筋混凝土造,66年6月30日,三層,一層 二層 三層 騎樓 地下層
RPWNMLNLMHIFFEE58CC,7,92.06,住商用,鋼筋混凝土造,95年6月29日,十四層,一層 夾層
RPUNMLNLMHIFFEE38CC,17,139.65,住家用,鋼筋混凝土造,85年2月16日,二十三層,九層 電梯樓梯間
RPVNMLMLMHIFFEE38CC,17,93.87,住商用,鋼筋混凝土造,85年9月5日,十三層,一層 二層 騎樓
RPWNMLMLMHIFFEE48CC,15,104.81,住商用,鋼筋混凝土造,87年1月16日,九層,一層 二層 騎樓 夾層
RPPOMLPLMHIFFAE77CC,8,76.69,住家用,鋼筋混凝土造,94年9月19日,十五層,十一層
RPPOMLPLMHIFFAE77CC,8,33.28,共有部分,鋼筋混凝土造,94年9月19日,十五層,
RPROMLPLMHIFFAE97CC,8,56.52,住家用,鋼筋混凝土造,94年9月19日,十五層,十二層
RPROMLPLMHIFFAE97CC,8,29.85,共有部分,鋼筋混凝土造,94年9月19日,十五層,
RPXQMLPLMHIFFBE88CC,6,108.80,住家用,鋼筋混凝土造,96年5月15日,十五層,四層
RPVNMLNLMHIFFEE48CC,19,91.68,住家用,鋼筋混凝土造,83年6月30日,十三層,五層
RPOOMLQLMHIFFDE08CC,16,125.54,住商用,鋼筋混凝土造,85年12月10日,十七層,一層 二層
RPOPMLMLMHIFFEE87CC,8,79.79,住家用,鋼筋混凝土造,93年11月29日,十四層,十二層
RPQOMLQLMHIFFDE28CC,17,163.16,住商用,鋼筋混凝土造,85年3月6日,十四層,一層 二層 騎樓 夾層
RPROMLQLMHIFFEE48CC,8,406.28,住商用,見其它登記事項,93年10月12日,五層,一層 二層 三層 四層 五層 騎樓
RPOPMLQLMHIFFEE28CC,13,180.00,住商用,見使用執照,89年4月7日,二十六層,一層 二層
RPOPMLQLMHIFFEE28CC,13,56.96,見使用執照,見使用執照,89年4月7日,二十六層,
RPPNMLRLMHIFFAE87CC,5,404.01,住商用,鋼筋混凝土造,97年8月11日,四層,一層 二層 三層 四層 屋頂突出物 夾層
RPOOMLRLMHIFFAE87CC,27,34.79,,鋼筋混凝土造,75年2月17日,十六層,十一層
RPQOMLRLMHIFFBE18CC,16,147.12,住家用,鋼筋混凝土造,86年4月21日,三十五層,十二層
RPUNMLTLMHIFFBE68CC,9,170.00,國民住宅,鋼筋混凝土造,93年7月5日,十一層,十一層
RPXNMLTLMHIFFBE98CC,25,579.07,,鋼筋混凝土造,77年4月28日,十二層,一層 二層 騎樓
RPQNMLPLMHIFFDE08CC,12,43.93,住家用,鋼筋混凝土造,90年4月13日,十四層,十層
RPTOMLTLMHIFFAE58CC,27,37.37,,鋼筋混凝土造,75年2月17日,十六層,十四層
RPVNMLQLMHIFFDE68CC,15,69.63,住家用,鋼筋混凝土造,87年1月23日,九層,四層
RPSOMLTLMHIFFAE48CC,19,117.31,住家用,鋼筋混凝土造,83年1月24日,十層,十層
RPWNMLTLMHIFFDE09CC,46,114.38,住商用,加強磚造,56年7月17日,二層,一層 二層 騎樓
RPVOMLTLMHIFFAE78CC,24,166.65,住家用,鋼筋混凝土造,78年4月26日,三層,一層 二層 三層 屋頂突出物 地下層
RPWOMLKMMHIFFBS96CC,35,68.71,住家用,鋼筋混凝土造,67年5月30日,003,三層
RPQNMLKMMHIFFDE67CC,22,252.55,,鋼筋混凝土造,80年1月17日,十一層,一層 二層 騎樓 地下層
RPQNMLKMMHIFFDE67CC,22,24.37,,鋼筋混凝土造,80年1月17日,十一層,一層 二層 騎樓 地下層
RPPPMLKMMHIFFEE87CC,19,112.68,住商用,鋼筋混凝土造,83年8月3日,十四層,一層 二層 騎樓
RPPPMLKMMHIFFEE87CC,19,68.17,見使用執照,鋼筋混凝土造,83年8月3日,十四層,
RPUOMLTLMHIFFEE09CC,14,101.51,住商用,鋼筋混凝土造,87年11月6日,十三層,一層 二層
RPSOMLKMMHIFFCE87CC,14,91.84,住家用,見其它登記事項,88年2月9日,三十九層,十一層
RPSOMLKMMHIFFCE87CC,14,31.16,共有部份,見其它登記事項,88年2月9日,三十九層,
RPUNMLKMMHIFFDE08CC,23,80.63,,鋼筋混凝土造,79年5月18日,十二層,一層 二層 三層 騎樓
RPQOMLKMMHIFFCE67CC,3,68.96,住家用,鋼筋混凝土造,98年12月24日,十九層,七層
RPQOMLKMMHIFFCE67CC,3,42.00,見其它登記事項,鋼筋混凝土造,98年12月24日,十九層,
RPWNMLKMMHIFFDE28CC,16,144.37,住家用,鋼筋混凝土造,86年7月29日,二十二層,十四層
RPOOMLKMMHIFFCE47CC,15,40.29,住商用,鋼筋混凝土造,86年12月30日,五層,一層 二層 三層 四層 五層 屋頂突出物 騎樓
RPXNMLTLMHIFFDE56CC,33,83.50,,鋼筋混凝土造,69年1月10日,五層,三層
RPRNMLKMMHIFFAE47CC,8,76.59,住家用,鋼筋混凝土造,94年9月29日,十五層,三層
RPVNMLKMMHIFFDS96CC,25,419.83,見其他登記事項,鋼筋混凝土造,77年4月15日,001,一層 地下層
RPSNMLKMMHIFFDS66CC,4,254.50,見其他登記事項,鋼筋混凝土造,98年1月7日,004,一層 二層 三層 四層
RPSNMLKMMHIFFAE57CC,2,41.57,住家用,鋼筋混凝土造,100年10月7日,十五層,十層
