﻿編號,屋齡,建物移轉面積平方公尺,主要用途,主要建材,建築完成日期,總層數,建物分層
The serial number,room age,building shifting area square meter,the main use,main building materials,construction completes the date,total layer,building lamination
RPOOMLLJKHIFFEH67DC,35,95.70,住家用,加強磚造,67年4月1日,二層,
RPWNMLMJKHIFFAH97CC,2,59.16,住家用,鋼筋混凝土造,100年3月9日,十五層,
RPVNMLMJKHIFFEH28CC,13,123.10,住家用,鋼筋混凝土造,89年4月5日,十四層,
RPWNMLMJKHIFFEH38CC,10,97.46,住家用,鋼筋混凝土造,92年7月28日,十四層,
RPSOMLMJKHIFFAH67CC,18,89.82,住家用,鋼筋混凝土造,84年4月19日,十八層,
RPVNMLMJKHIFFAH87CC,1,119.65,住家用,鋼筋混凝土造,100年11月28日,十二層,
RPVOMLMJKHIFFAH97CC,16,61.73,住家用,鋼筋混凝土造,86年7月1日,十七層,
RPXNMLMJKHIFFAH08CC,4,34.03,住家用,鋼筋混凝土造,98年6月3日,十五層,
RPTNMLMJKHIFFAH67CC,20,116.23,工業用,鋼筋混凝土造,81年11月18日,七層,
RPUOMLMJKHIFFAH87CC,14,95.37,住家用,鋼筋混凝土造,88年2月5日,十二層,
RPXNMLMJKHIFFEH48CC,25,94.50,見其他登記事項,鋼筋混凝土造,77年7月1日,三層,
RPTOMLMJKHIFFAH77CC,19,25.09,住家用,鋼筋混凝土造,83年3月18日,十二層,
RPPNMLOJKHIFFAH47CC,16,118.47,住家用,鋼筋混凝土造,86年7月1日,十七層,
RPOOMLOJKHIFFAH47CC,19,103.42,住家用,鋼筋混凝土造,82年11月4日,十二層,
RPOOMLOJKHIFFAH47CC,19,12.86,共有部份,鋼筋混凝土造,82年11月4日,十三層,
RPOOMLMJKHIFFAH27CC,15,30.13,住家用,鋼筋混凝土造,86年9月1日,十六層,
RPPTMLOJKHIFFBH18CC,4,30.58,住家用,鋼筋混凝土造,98年6月29日,二十一層,
RPRNMLMJKHIFFFH97CC,5,51.04,住商用,鋼筋混凝土造,97年1月23日,五層,
RPQPMLOJKHIFFAH77CC,3,68.58,住家用,鋼筋混凝土造,98年10月29日,十三層,
RPQPMLOJKHIFFAH77CC,3,27.39,見其他登記事項,鋼筋混凝土造,98年10月29日,十三層,
RPVOMLOJKHIFFAH18CC,13,26.26,住家用,鋼筋混凝土造,89年7月7日,七層,
RPVOMLOJKHIFFAH18CC,13,4.22,共有部份,鋼筋混凝土造,89年7月7日,七層,
RPVOMLOJKHIFFAH18CC,13,14.64,共有部份,鋼筋混凝土造,89年7月7日,七層,
RPVOMLPJKHIFFAH38DC,17,159.94,住家用,鋼筋混凝土造,84年11月14日,七層,
RPRPMLPJKHIFFAH97CC,30,58.06,住家用,鋼筋混凝土造,72年1月13日,五層,
RPUNMLPJKHIFFDH38CC,19,188.36,住家用,鋼筋混凝土造,82年12月4日,四層,
RPOPMLOJKHIFFGH18CC,20,86.92,工業用,鋼筋混凝土造,82年5月6日,五層,
RPOQMLPJKHIFFBH87CC,21,142.08,見其他登記事項,鋼筋混凝土造,81年5月27日,二十二層,
RPOQMLPJKHIFFBH87CC,21,56.11,共有部份,鋼筋混凝土造,81年5月27日,二十二層,
RPOQMLPJKHIFFBH87CC,21,15.37,見其他登記事項,鋼筋混凝土造,81年5月27日,二十二層,
RPQQMLPJKHIFFBH08CC,14,106.28,住家用,鋼筋混凝土造,87年8月4日,十五層,
RPQQMLPJKHIFFBH08CC,14,37.34,共有部份,鋼筋混凝土造,87年8月4日,十五層,
RPQQMLPJKHIFFBH08CC,14,1.36,共有部份,鋼筋混凝土造,87年8月4日,十五層,
RPQQMLPJKHIFFBH08CC,14,8.38,共有部份,鋼筋混凝土造,87年8月4日,十五層,
RPQQMLPJKHIFFBH08CC,14,15.56,共有部份,鋼筋混凝土造,87年8月4日,十五層,
RPVPMLPJKHIFFBH48CC,8,80.24,住家用,鋼筋混凝土造,94年5月19日,十一層,
RPVPMLPJKHIFFBH48CC,8,12.13,共有部份,鋼筋混凝土造,94年5月19日,十一層,
RPVPMLPJKHIFFBH48CC,8,16.73,共有部份,鋼筋混凝土造,94年5月19日,十二層,
RPXRMLPJKHIFFBH88CC,1,16.52,見其他登記事項,鋼筋混凝土造,100年7月15日,六層,
RPVPMLPJKHIFFEH78CC,5,289.71,見其他登記事項,鋼筋混凝土造,97年1月29日,五層,
RPVPMLPJKHIFFEH78CC,5,7.70,共有部份,鋼筋混凝土造,97年1月29日,五層,
RPRRMLOJKHIFFBH28DC,2,183.30,見其他登記事項,鋼筋混凝土造,100年7月20日,十三層,
RPVPMLPJKHIFFEH78CC,6,32.69,見其他登記事項,鋼筋混凝土造,96年2月6日,五層,
RPSRMLOJKHIFFBH38DC,5,92.89,住家用,鋼筋混凝土造,96年10月1日,十層,
RPPPMLSJKHIFFAH08CC,15,30.13,住家用,鋼筋混凝土造,86年9月1日,十七層,
RPPQMLRJKHIFFBH18CC,4,100.61,住家用,鋼筋混凝土造,98年6月29日,二十二層,
RPQQMLRJKHIFFBH28CC,4,63.05,住家用,鋼筋混凝土造,98年6月29日,二十一層,
RPWSMLSJKHIFFAH09CC,18,41.62,住家用,鋼筋混凝土造,84年8月8日,二十層,
RPRNMLPJKHIFFFH28CC,15,247.96,見其他登記事項,鋼筋混凝土造,87年5月15日,五層,
RPROMLSKKHIFFBH38CC,4,96.67,住家用,鋼筋混凝土造,98年6月29日,二十二層,
RPPRMLOJKHIFFBH08DC,2,121.51,見其他登記事項,鋼筋混凝土造,100年7月20日,十三層,
RPPRMLTKKHIFFAH48CC,17,173.21,住商用,鋼筋混凝土造,85年1月6日,五層,
RPPRMLTKKHIFFAH48CC,17,27.37,住商用,鋼筋混凝土造,85年1月6日,五層,
RPPRMLTKKHIFFAH48CC,17,9.64,住商用,鋼筋混凝土造,85年1月6日,五層,
RPPOMLSJKHIFFGH78EC,5,177.13,見其他登記事項,鋼筋混凝土造,96年4月26日,三層,
RPPOMLSJKHIFFGH78EC,5,15.86,共有部份,鋼筋混凝土造,96年4月26日,三層,
RPSNMLPJKHIFFFH48DC,18,102.62,住家用,鋼筋混凝土造,84年7月10日,八層,
RPOSMLRJKHIFFAH18CC,28,85.86,見其他登記事項,鋼筋混凝土造,74年3月21日,十層,
RPOSMLRJKHIFFAH18CC,28,538.52,共有部份,鋼筋混凝土造,74年3月21日,十層,
RPXNMLPJKHIFFFH98DC,3,148.20,住家用,鋼筋混凝土造,98年10月16日,十三層,
RPSPMLKLKHIFFAH77CC,15,34.48,見其他登記事項,鋼筋混凝土造,86年12月24日,十七層,
RPRPMLKLKHIFFAH67CC,15,22.53,見其他登記事項,鋼筋混凝土造,86年11月17日,十四層,
RPUPMLKLKHIFFAH97CC,17,27.41,住家用,鋼筋混凝土造,85年1月18日,十七層,
RPTPMLLLKHIFFAH08DC,32,79.79,住家用,鋼筋混凝土造,69年8月6日,五層,
RPTPMLLLKHIFFAH08DC,32,79.79,住家用,鋼筋混凝土造,69年8月6日,五層,
RPTPMLTKKHIFFEH56DC,1,89.46,住家用,鋼筋混凝土造,101年4月13日,十三層,
RPVPMLLLKHIFFAH28DC,11,99.65,國民住宅,鋼筋混凝土造,91年1月17日,十三層,
RPVPMLLLKHIFFAH28DC,11,18.92,共有部份,鋼筋混凝土造,91年1月17日,十三層,
RPVPMLLLKHIFFAH28DC,11,39.34,共有部份,鋼筋混凝土造,91年1月17日,十三層,
RPTOMLKLKHIFFAH77CC,18,87.02,住家用,鋼筋混凝土造,84年4月19日,十九層,
RPQPMLLLKHIFFEH08CC,23,552.06,見其他登記事項,鋼筋混凝土造,78年11月20日,四層,
RPQQMLLLKHIFFAH87DC,8,111.18,住家用,鋼骨鋼筋混凝土造,94年2月5日,十四層,
RPQQMLLLKHIFFAH87DC,8,74.29,共有部份,鋼骨鋼筋混凝土造,94年2月5日,十四層,
RPQPMLKLKHIFFAH57CC,18,58.01,住家用,鋼筋混凝土造,83年10月26日,十六層,
RPOQMLLLKHIFFAH67DC,32,80.87,住家用,鋼筋混凝土造,70年4月20日,四層,
RPPPMLNLKHIFFEH18CC,8,115.59,住家用,鋼筋混凝土造,94年7月1日,十一層,
RPPNMLNLKHIFFEH97CC,7,94.71,住家用,鋼筋混凝土造,95年4月12日,十層,
RPOPMLNLKHIFFEH08CC,1,568.70,見其他登記事項,鋼筋混凝土造,100年10月28日,四層,
RPOPMLNLKHIFFEH08CC,1,568.70,見其他登記事項,鋼筋混凝土造,100年10月28日,四層,
RPPNMLOLKHIFFFH18CC,20,111.27,見其他登記事項,鋼筋混凝土造,82年2月15日,七層,
RPPNMLOLKHIFFAH67CC,9,77.38,住家用,鋼筋混凝土造,92年10月31日,十四層,
RPPNMLOLKHIFFEH18DC,4,184.71,住家用,鋼筋混凝土造,97年10月2日,十層,
RPVNMLPLKHIFFAH38CC,44,16.12,住商用,加強磚造,57年9月1日,二層,
RPROMLPLKHIFFGH68CC,9,51.65,住家用,鋼筋混凝土造,93年6月25日,十四層,
RPROMLPLKHIFFGH68CC,9,7.50,見其他登記事項,鋼筋混凝土造,93年6月25日,十四層,
RPTPMLNLKHIFFBH28CC,19,134.01,住家用,鋼筋混凝土造,82年10月12日,七層,
RPRPMLMLKHIFFBH97CC,1,193.90,見其他登記事項,鋼筋混凝土造,100年12月15日,十五層,
RPWNMLPLKHIFFAH48CC,8,38.61,住家用,鋼骨鋼筋混凝土造,94年2月5日,十三層,
RPOTMLMLKHIFFBH08CC,19,95.60,住家用,鋼筋混凝土造,83年6月4日,七層,
RPTOMLLLKHIFFBH08DC,15,213.71,商業用,鋼筋混凝土造,87年5月26日,七層,
RPOQMLPLKHIFFBH18DC,5,91.53,住家用,鋼筋混凝土造,97年4月6日,二十二層,
RPOPMLMLKHIFFBH67CC,36,81.00,住家用,加強磚造,65年12月31日,二層,
RPQOMLMLKHIFFBH87DC,25,85.67,住家用,鋼筋混凝土造,76年12月11日,五層,
RPPOMLPLKHIFFBH97CC,36,85.41,住家用,加強磚造,66年5月12日,四層,
RPVNMLQLKHIFFAH48CC,19,573.55,見其他登記事項,見其他登記事項,82年9月16日,十五層,
RPWRMLQLKHIFFAH98CC,5,114.18,住家用,鋼筋混凝土造,97年4月24日,十二層,
RPPQMLQLKHIFFAH28DC,3,195.00,商業用,鋼筋混凝土造,99年5月26日,十三層,
RPUPMLQLKHIFFBH68CC,12,59.56,住家用,鋼筋混凝土造,90年1月15日,十層,
RPVPMLQLKHIFFBH78CC,11,70.11,住家用,鋼筋混凝土造,91年4月4日,九層,
RPURMLQLKHIFFAH88DC,7,56.43,商業用,鋼筋混凝土造,94年10月28日,十一層,
RPSQMLQLKHIFFBH58CC,19,105.23,住家用,鋼筋混凝土造,83年6月29日,七層,
RPSOMLPLKHIFFCH48DC,28,2593.04,工業用,鋼造,74年3月11日,一層,
RPTNMLRLKHIFFBH58DC,5,91.53,住家用,鋼筋混凝土造,97年4月6日,二十二層,
RPQRMLQLKHIFFBH58DC,12,83.93,住家用,鋼筋混凝土造,90年4月2日,十四層,
RPQQMLQLKHIFFAH38DC,11,150.52,見其他登記事項,鋼筋混凝土造,91年6月7日,十一層,
RPXQMLRLKHIFFAH09CC,14,44.21,見其他登記事項,鋼筋混凝土造,87年12月31日,九層,
RPXQMLRLKHIFFAH09CC,14,10.16,共有部份,鋼筋混凝土造,87年12月31日,九層,
RPQOMLRLKHIFFFH68CC,6,307.74,見使用執照,鋼筋混凝土造,95年11月16日,五層,
RPQOMLRLKHIFFFH68CC,6,6.42,共有部份,鋼筋混凝土造,95年11月16日,五層,
RPPOMLRLKHIFFFH58CC,1,88.19,住家用,鋼筋混凝土造,100年11月18日,十三層,
RPPOMLRLKHIFFFH58CC,1,20.95,見其他登記事項,鋼筋混凝土造,100年11月18日,十三層,
RPPOMLRLKHIFFFH58CC,1,13.62,見其他登記事項,鋼筋混凝土造,100年11月18日,十三層,
RPSNMLPLKHIFFEH48CC,1,99.98,住家用,鋼筋混凝土造,101年4月26日,十五層,
RPTNMLSLKHIFFAH48CC,18,25.57,住家用,鋼筋混凝土造,84年8月8日,二十層,
RPWNMLSLKHIFFAH78CC,17,79.56,住家用,鋼筋混凝土造,84年9月14日,十六層,
RPXNMLSLKHIFFAH88CC,12,53.05,住家用,鋼筋混凝土造,89年8月31日,十四層,
RPVNMLSLKHIFFAH68CC,12,49.51,住家用,鋼筋混凝土造,89年8月31日,十四層,
RPVRMLRLKHIFFEH76CC,15,262.39,住家用,鋼筋混凝土造,86年11月6日,十二層,
RPVRMLRLKHIFFEH76CC,15,32.88,共有部份,鋼筋混凝土造,86年11月6日,十二層,
RPVRMLRLKHIFFEH76CC,15,75.13,共有部份,鋼筋混凝土造,86年11月6日,十二層,
RPVRMLRLKHIFFEH76CC,15,41.52,共有部份,鋼筋混凝土造,86年11月6日,十二層,
RPUNMLSLKHIFFAH58CC,15,23.23,見其他登記事項,鋼筋混凝土造,86年11月17日,十四層,
RPRNMLLJLHIFFAH47CC,18,68.42,住家用,鋼筋混凝土造,84年5月20日,十二層,
RPOOMLSLKHIFFAH08CC,18,67.32,住家用,鋼筋混凝土造,84年4月19日,十九層,
RPTNMLLJLHIFFBH77CC,1,72.51,見其他登記事項,鋼筋混凝土造,100年12月15日,十五層,
RPVOMLLJLHIFFAH97CC,19,39.00,住家用,鋼筋混凝土造,82年9月16日,七層,
RPQNMLNJLHIFFEH08DC,2,140.26,見其他登記事項,鋼筋混凝土造,100年3月4日,四層,
RPPNMLNJLHIFFEH97DC,5,83.05,見其他登記事項,鋼筋混凝土造,97年4月1日,十層,
RPPNMLNJLHIFFEH97DC,5,86.09,見其他登記事項,鋼筋混凝土造,97年4月1日,十層,
RPUQMLLJLHIFFAH08CC,5,34.72,住家用,鋼筋混凝土造,97年4月24日,十二層,
RPUQMLLJLHIFFAH08CC,5,15.94,共有部份,鋼筋混凝土造,97年4月24日,十三層,
RPRNMLPJLHIFFAH87CC,18,39.07,住家用,鋼筋混凝土造,83年11月1日,六層,
RPTNMLMJLHIFFAH77CC,8,61.97,住家用,鋼筋混凝土造,93年11月27日,十三層,
RPXOMLOJLHIFFAH48CC,17,91.21,住家用,鋼筋混凝土造,84年9月27日,七層,
RPXOMLOJLHIFFAH48CC,17,8.60,共有部份,鋼筋混凝土造,84年9月27日,七層,
RPSNMLMJLHIFFAH67CC,17,30.40,住家用,鋼筋混凝土造,85年1月18日,十七層,
RPOTMLOJLHIFFAH08CC,17,53.86,住家用,鋼筋混凝土造,85年5月8日,十六層,
RPOTMLOJLHIFFAH08CC,17,7.81,住家用,鋼筋混凝土造,85年5月8日,十六層,
RPOTMLOJLHIFFAH08CC,17,1.45,住家用,鋼筋混凝土造,85年5月8日,十六層,
RPOTMLOJLHIFFAH08CC,17,2.17,共有部份,鋼筋混凝土造,85年5月8日,十六層,
RPOTMLOJLHIFFAH08CC,17,10.31,共有部份,鋼筋混凝土造,85年5月8日,十六層,
RPUNMLMJLHIFFAH97DC,6,100.00,住家用,鋼筋混凝土造,95年12月8日,十六層,
RPQPMLOJLHIFFAH97DC,27,208.32,住商用,鋼筋混凝土造,75年2月25日,三層,
RPRNMLMJLHIFFAH57CC,11,84.64,住家用,鋼筋混凝土造,91年6月20日,十三層,
RPPPMLQJLHIFFEH38CC,12,106.76,住家用,鋼筋混凝土造,89年9月14日,十二層,
RPOOMLOJLHIFFAH67DC,12,69.75,住家用,鋼筋混凝土造,90年2月23日,十四層,
RPOOMLQJLHIFFGH38CC,20,42.85,商業用,鋼筋混凝土造,82年7月2日,七層,
RPRQMLRJLHIFFBH48CC,11,43.53,商業用,鋼筋混凝土造,91年7月29日,八層,
RPRQMLRJLHIFFBH48CC,11,185.61,共有部份,鋼筋混凝土造,91年7月29日,八層,
RPTOMLQJLHIFFAH28CC,22,102.62,住商用,鋼筋混凝土造,80年1月8日,五層,
RPTOMLRJLHIFFGH98CC,13,109.89,住家用,鋼筋混凝土造,88年10月30日,五層,
RPTOMLRJLHIFFGH98CC,13,28.53,共有部份,鋼筋混凝土造,88年10月30日,五層,
RPUOMLRJLHIFFGH09CC,20,110.70,商業用,鋼筋混凝土造,82年4月12日,二十四層,
RPUOMLRJLHIFFGH09CC,20,30.65,共有部份,鋼筋混凝土造,82年4月12日,二十五層,
RPUOMLRJLHIFFGH09CC,20,11.52,共有部份,鋼筋混凝土造,82年4月12日,二十五層,
RPUOMLRJLHIFFGH09CC,20,.79,共有部份,鋼筋混凝土造,82年4月12日,二十五層,
RPUOMLRJLHIFFGH09CC,20,34.50,共有部份,鋼筋混凝土造,82年4月12日,二十五層,
RPVNMLPJLHIFFAH28CC,44,54.94,住商用,加強磚造,57年9月1日,二層,
RPWNMLPJLHIFFCH58CC,16,102.95,住家用,鋼筋混凝土造,86年6月26日,十五層,
RPWNMLPJLHIFFCH58CC,16,6.10,共有部份,鋼筋混凝土造,86年6月26日,十五層,
RPWNMLPJLHIFFCH58CC,16,1.80,共有部份,鋼筋混凝土造,86年6月26日,十八層,
RPWNMLPJLHIFFCH58CC,16,1.81,見其他登記事項,鋼筋混凝土造,86年6月26日,十八層,
RPWNMLPJLHIFFCH58CC,16,.06,共有部份,鋼筋混凝土造,86年6月26日,一層,
RPWNMLPJLHIFFCH58CC,16,3.48,見其他登記事項,鋼筋混凝土造,86年6月26日,十五層,
RPWNMLPJLHIFFCH58CC,16,.05,見其他登記事項,鋼筋混凝土造,86年1月30日,十四層,
RPOQMLPJLHIFFCH08CC,16,81.85,住家用,鋼筋混凝土造,86年6月26日,十四層,
RPOQMLPJLHIFFCH08CC,16,4.23,共有部份,鋼筋混凝土造,86年6月26日,十四層,
RPOQMLPJLHIFFCH08CC,16,.86,共有部份,鋼筋混凝土造,86年6月26日,十四層,
RPOQMLPJLHIFFCH08CC,16,37.05,見其他登記事項,鋼筋混凝土造,86年6月26日,十八層,
RPOQMLPJLHIFFCH08CC,16,.05,共有部份,鋼筋混凝土造,86年6月26日,一層,
RPOQMLPJLHIFFCH08CC,16,2.78,見其他登記事項,鋼筋混凝土造,86年6月26日,十五層,
RPOQMLPJLHIFFCH08CC,16,.05,見其他登記事項,鋼筋混凝土造,86年1月30日,十四層,
RPWNMLRJLHIFFFH56DC,32,73.13,住家用,鋼筋混凝土造,69年10月1日,五層,
RPQQMLPJLHIFFCH28CC,16,68.59,住家用,鋼筋混凝土造,86年6月26日,十五層,
RPQQMLPJLHIFFCH28CC,16,4.45,共有部份,鋼筋混凝土造,86年6月26日,十五層,
RPQQMLPJLHIFFCH28CC,16,1.20,共有部份,鋼筋混凝土造,86年6月26日,十八層,
RPQQMLPJLHIFFCH28CC,16,37.65,見其他登記事項,鋼筋混凝土造,86年6月26日,十八層,
RPQQMLPJLHIFFCH28CC,16,.04,共有部份,鋼筋混凝土造,86年6月26日,一層,
RPQQMLPJLHIFFCH28CC,16,3.05,見其他登記事項,鋼筋混凝土造,86年6月26日,十五層,
RPQQMLPJLHIFFCH28CC,16,.05,見其他登記事項,鋼筋混凝土造,86年1月30日,十四層,
RPXPMLPJLHIFFCH88CC,17,72.88,住家用,鋼筋混凝土造,86年6月26日,十二層,
RPXPMLPJLHIFFCH88CC,17,4.79,共有部份,鋼筋混凝土造,86年6月26日,十二層,
RPXPMLPJLHIFFCH88CC,17,.67,共有部份,鋼筋混凝土造,86年6月26日,十四層,
RPXPMLPJLHIFFCH88CC,17,36.74,見其他登記事項,鋼筋混凝土造,86年6月26日,十八層,
RPXPMLPJLHIFFCH88CC,17,.03,共有部份,鋼筋混凝土造,86年6月26日,一層,
RPXPMLPJLHIFFCH88CC,17,2.46,見其他登記事項,鋼筋混凝土造,86年6月26日,十五層,
RPXPMLPJLHIFFCH88CC,17,.05,見其他登記事項,鋼筋混凝土造,86年1月30日,十四層,
RPPNMLRJLHIFFAH87CC,9,106.38,住家用,鋼筋混凝土造,92年11月21日,十四層,
RPWOMLLKLHIFFBH38DC,,160.55,見其他登記事項,鋼筋混凝土造,101年10月5日,十二層,
RPUOMLLKLHIFFBH18DC,,160.55,見其他登記事項,鋼筋混凝土造,101年10月5日,十二層,
RPTOMLLKLHIFFAH87CC,2,116.56,住家用,鋼筋混凝土造,100年3月9日,十五層,
RPXNMLLKLHIFFEH58CC,19,115.17,住家用,鋼筋混凝土造,83年5月31日,十三層,
RPTPMLSJLHIFFAH58CC,20,153.84,住家用,鋼筋混凝土造,81年11月17日,十八層,
RPVQMLSJLHIFFAH88CC,9,111.29,住家用,鋼筋混凝土造,92年9月18日,十三層,
RPVQMLSJLHIFFAH88CC,9,25.02,見其他登記事項,鋼筋混凝土造,92年9月18日,十四層,
RPSOMLLKLHIFFAH77CC,19,39.36,住家用,鋼筋混凝土造,83年3月18日,十二層,
RPOOMLMKLHIFFBH67DC,18,75.36,商業用,鋼筋混凝土造,84年5月15日,八層,
RPPOMLMKLHIFFBH77DC,10,126.81,國民住宅,鋼筋混凝土造,92年3月11日,十四層,
RPSNMLLKLHIFFCH87CC,16,.05,見其他登記事項,鋼筋混凝土造,86年6月26日,十五層,
RPSNMLLKLHIFFCH87CC,16,6.54,見其他登記事項,鋼筋混凝土造,86年1月30日,十四層,
RPSNMLLKLHIFFCH87CC,16,219.63,住家用,鋼筋混凝土造,86年1月30日,四層,
RPSNMLLKLHIFFCH87CC,16,18.33,共有部份,鋼筋混凝土造,86年1月30日,四層,
RPSNMLLKLHIFFCH87CC,16,.10,共有部份,鋼筋混凝土造,86年1月30日,一層,
RPSOMLMKLHIFFBH97CC,10,168.88,國民住宅,鋼筋混凝土造,92年3月11日,十四層,
RPVNMLMKLHIFFCH28CC,16,104.11,住家用,鋼筋混凝土造,86年6月26日,十五層,
RPVNMLMKLHIFFCH28CC,16,6.17,共有部份,鋼筋混凝土造,86年6月26日,十五層,
RPVNMLMKLHIFFCH28CC,16,1.82,共有部份,鋼筋混凝土造,86年6月26日,十八層,
RPVNMLMKLHIFFCH28CC,16,1.81,見其他登記事項,鋼筋混凝土造,86年6月26日,十八層,
RPVNMLMKLHIFFCH28CC,16,.06,共有部份,鋼筋混凝土造,86年6月26日,一層,
RPVNMLMKLHIFFCH28CC,16,3.53,見其他登記事項,鋼筋混凝土造,86年6月26日,十五層,
RPVNMLMKLHIFFCH28CC,16,.05,見其他登記事項,鋼筋混凝土造,86年1月30日,十四層,
RPTNMLNKLHIFFEH38CC,20,388.17,工業用,鋼筋混凝土造,82年8月24日,十四層,
RPPQMLNKLHIFFEH28CC,2,94.21,住家用,鋼筋混凝土造,100年8月4日,十三層,
RPPQMLNKLHIFFEH28CC,2,43.78,共有部份,鋼筋混凝土造,100年8月4日,十三層,
RPPQMLNKLHIFFEH28CC,2,19.75,共有部份,鋼筋混凝土造,100年8月4日,十三層,
RPWQMLOKLHIFFBH88DC,39,151.14,住家用,加強磚造,65年2月16日,二層,
RPWSMLOKLHIFFBH09DC,3,354.84,見其他登記事項,鋼筋混凝土造,98年11月23日,五層,
RPQNMLOKLHIFFFH48EC,1,105.99,住家用,鋼筋混凝土造,101年5月7日,十一層,
RPRNMLOKLHIFFEH28CC,25,77.61,見其他登記事項,鋼筋混凝土造,77年2月13日,四層,
RPTPMLMKLHIFFAH08CC,15,250.67,住商用,鋼筋混凝土造,86年11月28日,二十五層,
RPWNMLOKLHIFFEH78CC,15,96.10,住家用,鋼筋混凝土造,87年5月15日,十二層,
RPQNMLMKLHIFFAH67DC,14,92.68,住家用,鋼筋混凝土造,87年12月24日,十四層,
RPORMLOKLHIFFBH08CC,18,90.40,住家用,鋼筋混凝土造,84年5月15日,八層,
RPWOMLMKLHIFFAH48EC,12,154.71,住家用,鋼筋混凝土造,90年7月9日,九層,
RPVNMLMKLHIFFAH18DC,9,79.93,住家用,鋼筋混凝土造,93年7月27日,十四層,
RPPNMLQKLHIFFEH28CC,18,132.53,住家用,鋼筋混凝土造,84年8月11日,二十層,
RPPPMLSKLHIFFBH38CC,7,127.68,住家用,鋼筋混凝土造,95年3月21日,二十一層,
RPRQMLQKLHIFFBH58DC,35,25.42,住家用,加強磚造,67年4月29日,二層,
RPOOMLSKLHIFFBH28DC,19,112.24,住家用,鋼筋混凝土造,82年12月24日,五層,
RPVNMLTKLHIFFGH76CC,19,93.44,見其他登記事項,鋼筋混凝土造,82年10月16日,五層,
RPQNMLTKLHIFFCH48CC,16,83.06,住家用,鋼筋混凝土造,86年6月26日,十五層,
RPQNMLTKLHIFFCH48CC,16,5.24,共有部份,鋼筋混凝土造,86年6月26日,十五層,
RPQNMLTKLHIFFCH48CC,16,1.45,共有部份,鋼筋混凝土造,86年6月26日,十八層,
RPQNMLTKLHIFFCH48CC,16,74.10,見其他登記事項,鋼筋混凝土造,86年6月26日,十八層,
RPQNMLTKLHIFFCH48CC,16,.05,共有部份,鋼筋混凝土造,86年6月26日,一層,
RPUNMLTKLHIFFEH56DC,13,86.80,住家用,鋼筋混凝土造,88年11月3日,八層,
RPRNMLTKLHIFFFH09EC,32,88.52,住家用,加強磚造,69年12月20日,二層,
RPWNMLPKLHIFFFH98CC,32,83.96,住家用,加強磚造,70年7月26日,四層,
RPXOMLTKLHIFFEH86CC,17,81.69,商業用,鋼筋混凝土造,84年12月7日,八層,
RPWNMLKLLHIFFFH58CC,7,201.40,見其他登記事項,鋼筋混凝土造,95年1月3日,四層,
RPPOMLKLLHIFFFH97CC,35,95.06,住商用,加強磚造,67年9月5日,二層,
RPWNMLLLLHIFFBH28CC,14,30.60,見其他登記事項,鋼筋混凝土造,88年9月9日,八層,
RPTRMLSKLHIFFAH88CC,19,71.32,住家用,鋼筋混凝土造,82年12月30日,七層,
RPTRMLSKLHIFFAH88CC,19,7.50,住家用,鋼筋混凝土造,82年12月30日,七層,
RPTRMLSKLHIFFAH88CC,19,19.21,共有部份,鋼筋混凝土造,82年12月30日,七層,
RPTRMLSKLHIFFAH88CC,19,13.35,共有部份,鋼筋混凝土造,82年12月30日,七層,
RPSRMLSKLHIFFAH78CC,15,49.78,住家用,鋼筋混凝土造,86年12月2日,十六層,
RPQRMLPKLHIFFAH38DC,18,181.00,見其他登記事項,鋼筋混凝土造,84年3月11日,五層,
RPPNMLLLLHIFFFH18EC,15,114.85,住商用,鋼骨鋼筋混凝土造,87年7月29日,十八層,
RPPNMLLLLHIFFFH18EC,15,5.09,見其他登記事項,鋼骨鋼筋混凝土造,87年7月29日,十九層,
RPQNMLLLLHIFFFH08CC,3,139.85,住商用,鋼筋混凝土造,98年10月16日,十三層,
RPQNMLLLLHIFFFH08CC,3,24.75,見其他登記事項,鋼筋混凝土造,98年10月16日,十五層,
RPQNMLLLLHIFFFH08CC,3,26.72,見其他登記事項,鋼筋混凝土造,98年10月16日,十三層,
RPOPMLKLLHIFFAH47CC,16,29.04,住家用,鋼筋混凝土造,86年7月1日,十七層,
RPXPMLKLLHIFFAH38CC,26,133.73,見其他登記事項,鋼筋混凝土造,75年11月15日,五層,
RPTOMLLLLHIFFFH68EC,1,161.64,住家用,鋼筋混凝土造,100年10月24日,十四層,
RPSNMLLLLHIFFEH28DC,6,217.71,見其他登記事項,鋼筋混凝土造,96年8月22日,四層,
RPPOMLLLLHIFFFH18DC,1,260.22,見其他登記事項,鋼筋混凝土造,101年1月9日,四層,
RPQNMLLLLHIFFBH77DC,6,112.06,住家用,鋼筋混凝土造,96年3月1日,十五層,
RPRQMLMLLHIFFBH28DC,32,25.34,住家用,鋼筋混凝土造,70年2月25日,四層,
RPXNMLNKLHIFFDH78DC,54,49.82,住家用,加強磚造,48年10月1日,三層,
RPSNMLMLLHIFFFH38CC,6,307.74,見使用執照,鋼筋混凝土造,95年11月16日,五層,
RPSNMLMLLHIFFFH38CC,6,6.43,共有部份,鋼筋混凝土造,95年11月16日,五層,
RPTNMLMLLHIFFGH58CC,37,20.00,住家用,加強磚造,65年5月17日,二層,
RPSUMLMLLHIFFEH09DC,5,129.08,住家用,鋼筋混凝土造,97年4月1日,十層,
RPTNMLMLLHIFFFH48CC,29,88.68,住家用,鋼筋混凝土造,73年3月10日,四層,
RPPOMLMLLHIFFFH18CC,23,55.71,商業用,鋼筋混凝土造,78年12月7日,五層,
RPTPMLMLLHIFFEH58CC,8,54.40,住家用,鋼筋混凝土造,94年2月1日,九層,
RPTOMLPLLHIFFAH38CC,18,27.61,住家用,鋼筋混凝土造,84年5月11日,十六層,
RPOPMLPLLHIFFAH97CC,17,30.40,住家用,鋼筋混凝土造,85年1月18日,十七層,
RPPQMLPLLHIFFAH18CC,8,41.62,住家用,鋼筋混凝土造,94年4月11日,十層,
RPWPMLPLLHIFFAH78CC,17,37.76,住家用,鋼筋混凝土造,85年8月22日,八層,
RPQQMLPLLHIFFAH28CC,15,25.10,見其他登記事項,鋼筋混凝土造,86年11月17日,十四層,
RPXPMLPLLHIFFAH88CC,18,67.32,住家用,鋼筋混凝土造,84年4月19日,十九層,
RPTQMLPLLHIFFAH58CC,9,84.08,住家用,鋼筋混凝土造,92年9月18日,十四層,
RPUQMLPLLHIFFAH68CC,15,25.10,見其他登記事項,鋼筋混凝土造,86年11月17日,十四層,
RPSQMLPLLHIFFAH48CC,11,30.04,住家用,鋼筋混凝土造,91年8月21日,五層,
RPRPMLPLLHIFFAH28CC,33,32.03,住家用,鋼筋混凝土造,69年8月26日,六層,
RPROMLMLLHIFFAH87CC,2,125.86,住家用,鋼筋混凝土造,100年3月9日,十五層,
RPVQMLPLLHIFFAH78CC,16,22.38,住家用,鋼筋混凝土造,86年9月1日,十七層,
RPPRMLPLLHIFFAH28CC,1,116.02,商業用,鋼筋混凝土造,100年11月10日,五層,
RPQSMLPLLHIFFAH48CC,33,90.10,住家用,鋼筋混凝土造,69年3月25日,五層,
RPXNMLPLLHIFFFH56CC,24,48.50,住商用,鋼筋混凝土造,77年10月8日,三層,
RPPNMLPLLHIFFCH08CC,16,103.41,住家用,鋼筋混凝土造,86年1月30日,十四層,
RPPNMLPLLHIFFCH08CC,16,5.41,共有部份,鋼筋混凝土造,86年1月30日,十四層,
RPPNMLPLLHIFFCH08CC,16,1.27,共有部份,鋼筋混凝土造,86年1月30日,十四層,
RPPNMLPLLHIFFCH08CC,16,.99,共有部份,鋼筋混凝土造,86年1月30日,十四層,
RPPNMLPLLHIFFCH08CC,16,.05,共有部份,鋼筋混凝土造,86年1月30日,一層,
RPSNMLQLLHIFFCH48CC,16,102.52,住家用,鋼筋混凝土造,86年1月30日,十四層,
RPSNMLQLLHIFFCH48CC,16,7.27,共有部份,鋼筋混凝土造,86年1月30日,十四層,
RPSNMLQLLHIFFCH48CC,16,1.81,共有部份,鋼筋混凝土造,86年1月30日,十八層,
RPSNMLQLLHIFFCH48CC,16,41.48,共有部份,鋼筋混凝土造,86年1月30日,十八層,
RPSNMLQLLHIFFCH48CC,16,.05,共有部份,鋼筋混凝土造,86年1月30日,一層,
RPSNMLQLLHIFFCH48CC,16,.05,見其他登記事項,鋼筋混凝土造,86年6月26日,十五層,
RPSNMLQLLHIFFCH48CC,16,.05,見其他登記事項,鋼筋混凝土造,86年1月30日,十四層,
RPTNMLQLLHIFFFH88CC,13,92.00,國民住宅,鋼筋混凝土造,88年11月25日,十三層,
RPTNMLQLLHIFFFH88CC,13,18.95,共有部份,鋼筋混凝土造,88年11月25日,十三層,
RPTNMLQLLHIFFFH88CC,13,23.45,共有部份,鋼筋混凝土造,88年11月25日,十三層,
RPRWMLPLLHIFFBH56DC,18,94.80,住家用,鋼筋混凝土造,84年5月18日,九層,
RPWNMLQLLHIFFEH56DC,2,29.80,住家用,鋼筋混凝土造,100年5月11日,十二層,
RPSVMLPLLHIFFBH09CC,10,146.71,見其他登記事項,鋼筋混凝土造,92年4月8日,十三層,
RPSVMLPLLHIFFBH09CC,10,32.23,共有部份,鋼筋混凝土造,92年4月8日,十三層,
RPSVMLPLLHIFFBH09CC,10,25.14,共有部份,鋼筋混凝土造,92年4月8日,十三層,
RPSVMLPLLHIFFBH09CC,10,143.16,見其他登記事項,鋼筋混凝土造,92年4月8日,十三層,
RPSVMLPLLHIFFBH09CC,10,31.51,共有部份,鋼筋混凝土造,92年4月8日,十三層,
RPSVMLPLLHIFFBH09CC,10,24.49,共有部份,鋼筋混凝土造,92年4月8日,十三層,
RPOOMLSLLHIFFCH38CC,16,263.01,住商用,鋼筋混凝土造,86年6月26日,四層,
RPOOMLSLLHIFFCH38CC,16,313.46,共有部份,鋼筋混凝土造,86年6月26日,四層,
RPOOMLSLLHIFFCH38CC,16,.14,共有部份,鋼筋混凝土造,86年6月26日,一層,
RPOOMLSLLHIFFCH38CC,16,17.77,見其他登記事項,鋼筋混凝土造,86年6月26日,十五層,
RPOOMLSLLHIFFCH38CC,16,.11,見其他登記事項,鋼筋混凝土造,86年1月30日,十四層,
RPSNMLSLLHIFFAH48CC,34,70.94,住家用,鋼筋混凝土造,68年4月4日,四層,
RPQOMLTLLHIFFAH48CC,9,214.74,見其他登記事項,鋼筋混凝土造,92年12月23日,五層,
RPQRMLTLLHIFFAH78CC,23,96.82,住家用,鋼筋混凝土造,78年9月20日,五層,
RPWOMLLJMHIFFCH38CC,16,72.88,住家用,鋼筋混凝土造,86年6月26日,十二層,
RPWOMLLJMHIFFCH38CC,16,4.80,共有部份,鋼筋混凝土造,86年6月26日,十二層,
RPWOMLLJMHIFFCH38CC,16,.77,共有部份,鋼筋混凝土造,86年6月26日,十四層,
RPWOMLLJMHIFFCH38CC,16,36.75,見其他登記事項,鋼筋混凝土造,86年6月26日,十八層,
RPWOMLLJMHIFFCH38CC,16,.04,共有部份,鋼筋混凝土造,86年6月26日,一層,
RPSNMLLMLHIFFEH38DC,5,105.02,見其他登記事項,鋼筋混凝土造,97年4月1日,十層,
RPQPMLLJMHIFFCH87CC,16,219.55,住家用,鋼筋混凝土造,86年6月26日,四層,
RPQPMLLJMHIFFCH87CC,16,23.25,共有部份,鋼筋混凝土造,86年6月26日,四層,
RPQPMLLJMHIFFCH87CC,16,.12,共有部份,鋼筋混凝土造,86年6月26日,一層,
RPQPMLLJMHIFFCH87CC,16,7.12,見其他登記事項,鋼筋混凝土造,86年6月26日,十五層,
RPQPMLLJMHIFFCH87CC,16,.05,見其他登記事項,鋼筋混凝土造,86年1月30日,十四層,
RPVOMLSLLHIFFBH98CC,17,28.56,住家用,鋼筋混凝土造,84年10月9日,五層,
RPPPMLRLLHIFFBH38CC,20,75.21,住家用,鋼筋混凝土造,82年7月23日,十層,
RPOOMLRLLHIFFBH18CC,33,139.83,住商用,加強磚造,69年6月3日,二層,
RPXNMLLJMHIFFFH68CC,19,141.29,住家用,鋼筋混凝土造,83年8月9日,九層,
RPOOMLLJMHIFFFH87CC,18,115.64,住家用,鋼筋混凝土造,84年1月25日,十三層,
RPPOMLLJMHIFFFH97CC,32,81.20,住家用,鋼筋混凝土造,69年9月24日,五層,
RPQOMLLJMHIFFFH08CC,29,44.59,住家用,鋼筋混凝土造,73年7月2日,四層,
RPQSMLTLLHIFFBH98CC,1,81.98,商業用,鋼筋混凝土造,100年11月9日,十四層,
RPQSMLTLLHIFFBH98CC,1,24.58,見其他登記事項,鋼筋混凝土造,100年11月9日,十四層,
RPQSMLTLLHIFFBH98CC,1,56.05,見其他登記事項,鋼筋混凝土造,100年11月9日,十四層,
RPOPMLLJMHIFFAH47CC,19,112.96,住家用,鋼筋混凝土造,83年8月25日,六層,
RPROMLLJMHIFFFH18CC,11,107.77,見使用執照,鋼筋混凝土造,91年9月27日,四層,
RPSOMLLJMHIFFBH97DC,14,103.47,見其他登記事項,鋼筋混凝土造,88年6月11日,十層,
RPXPMLTLLHIFFBH76CC,19,121.55,住家用,鋼筋混凝土造,82年11月6日,六層,
RPQNMLMJMHIFFAH57CC,54,63.36,住家用,磚造,48年1月20日,一層,
RPRNMLMJMHIFFAH67CC,15,105.16,住家用,鋼筋混凝土造,86年9月18日,十二層,
RPOQMLRLLHIFFBH48DC,21,198.00,見其他登記事項,見其他登記事項,81年5月27日,二層,
RPQPMLLJMHIFFBH87DC,20,58.16,商業用,鋼筋混凝土造,82年3月23日,十一層,
RPWPMLTLLHIFFBH66CC,20,107.79,住家用,鋼筋混凝土造,82年3月1日,八層,
RPTRMLNJMHIFFAH38CC,18,119.33,住家用,鋼筋混凝土造,84年4月25日,十六層,
RPRQMLNJMHIFFEH48CC,5,63.10,見其他登記事項,鋼筋混凝土造,97年6月20日,十二層,
RPOPMLNJMHIFFAH67CC,18,432.54,見其他登記事項,鋼筋混凝土造,84年8月14日,十六層,
RPOPMLNJMHIFFAH67CC,18,34.57,共有部份,鋼筋混凝土造,84年8月14日,十六層,
RPRPMLNJMHIFFAH97CC,18,120.04,共有部份,鋼筋混凝土造,84年8月14日,十六層,
RPOQMLNJMHIFFGH38CC,9,72.27,見其他登記事項,鋼筋混凝土造,93年2月5日,十四層,
RPOQMLNJMHIFFGH38CC,9,24.62,共有部份,鋼筋混凝土造,93年2月5日,十四層,
RPXSMLTJMHIFFAH86CC,56,86.85,商業用,加強磚造,45年10月25日,二層,
RPOOMLSJMHIFFEH48CC,18,143.72,住家用,鋼筋混凝土造,84年4月15日,十三層,
RPTRMLSJMHIFFAH88CC,18,78.92,住家用,鋼筋混凝土造,84年8月9日,十四層,
RPTRMLSJMHIFFAH88CC,18,10.90,共有部份,鋼筋混凝土造,84年8月9日,十四層,
RPTRMLSJMHIFFAH88CC,18,24.22,共有部份,鋼筋混凝土造,84年8月9日,十四層,
RPWNMLTJMHIFFCH56DC,16,66.41,住家用,鋼筋混凝土造,86年6月26日,四層,
RPPRMLTJMHIFFAH58CC,9,101.30,見其他登記事項,鋼筋混凝土造,93年5月21日,六層,
RPVNMLKKMHIFFEH38CC,1,65.92,住家用,鋼筋混凝土造,101年8月31日,十三層,
RPSQMLKKMHIFFBH18DC,33,66.31,住家用,鋼筋混凝土造,69年4月15日,四層,
RPXPMLSJMHIFFBH56CC,35,105.74,住家用,加強磚造,66年12月21日,二層,
RPUOMLSJMHIFFBH88DC,10,150.74,見其他登記事項,鋼筋混凝土造,92年4月8日,十三層,
RPSOMLKKMHIFFAH77CC,18,92.79,住家用,鋼筋混凝土造,84年2月25日,二十三層,
RPWOMLLKMHIFFBH38CC,30,165.56,住商用,鋼筋混凝土造,72年9月6日,三層,
RPSOMLKKMHIFFBH97DC,23,76.60,住商用,鋼筋混凝土造,79年5月4日,五層,
RPVOMLSJMHIFFBH98DC,2,88.35,見其他登記事項,鋼筋混凝土造,100年6月28日,十五層,
RPRRMLLKMHIFFAH08CC,24,107.60,見其他登記事項,鋼筋混凝土造,78年1月13日,四層,
RPOTMLLKMHIFFAH97CC,19,158.26,見其他登記事項,鋼筋混凝土造,83年9月12日,十四層,
RPOTMLLKMHIFFAH97CC,19,19.19,共有部份,鋼筋混凝土造,83年9月12日,十四層,
RPWOMLSJMHIFFBH09DC,4,166.22,住家用,鋼筋混凝土造,98年6月29日,二十一層,
RPTPMLSJMHIFFBH78CC,1,92.59,見其他登記事項,鋼筋混凝土造,101年6月14日,十層,
RPTPMLSJMHIFFBH78CC,1,19.23,見其他登記事項,鋼筋混凝土造,101年6月14日,十層,
RPTPMLSJMHIFFBH78CC,1,19.24,見其他登記事項,鋼筋混凝土造,101年6月14日,十層,
RPWNMLLKMHIFFCH38CC,16,.05,見其他登記事項,鋼筋混凝土造,86年6月26日,十五層,
RPWNMLLKMHIFFCH38CC,16,3.19,見其他登記事項,鋼筋混凝土造,86年1月30日,十四層,
RPWNMLLKMHIFFCH38CC,16,103.39,住家用,鋼筋混凝土造,86年1月30日,十四層,
RPWNMLLKMHIFFCH38CC,16,7.58,共有部份,鋼筋混凝土造,86年1月30日,十四層,
RPWNMLLKMHIFFCH38CC,16,1.81,共有部份,鋼筋混凝土造,86年1月30日,十八層,
RPWNMLLKMHIFFCH38CC,16,41.29,共有部份,鋼筋混凝土造,86年1月30日,十八層,
RPWNMLLKMHIFFCH38CC,16,.05,共有部份,鋼筋混凝土造,86年1月30日,一層,
RPVNMLMKMHIFFCH48DC,31,85.20,住家用,加強磚造,70年12月29日,二層,
RPTNMLLKMHIFFGH58DC,38,85.56,住家用,加強磚造,64年9月8日,一層,
RPWNMLMKMHIFFCH58DC,31,85.20,住家用,加強磚造,70年12月29日,二層,
RPOPMLMKMHIFFEH18DC,11,28.49,住家用,鋼筋混凝土造,91年5月23日,十七層,
RPSPMLMKMHIFFBH38EC,41,65.23,住家用,磚造,61年8月21日,一層,
RPXNMLMKMHIFFCH58CC,16,83.09,住家用,鋼筋混凝土造,86年6月26日,十四層,
RPXNMLMKMHIFFCH58CC,16,4.29,共有部份,鋼筋混凝土造,86年6月26日,十四層,
RPXNMLMKMHIFFCH58CC,16,.88,共有部份,鋼筋混凝土造,86年6月26日,十四層,
RPXNMLMKMHIFFCH58CC,16,73.49,見其他登記事項,鋼筋混凝土造,86年6月26日,十八層,
RPXNMLMKMHIFFCH58CC,16,.05,共有部份,鋼筋混凝土造,86年6月26日,一層,
RPVRMLLKMHIFFAH58DC,9,120.07,住家用,鋼筋混凝土造,93年7月27日,十四層,
RPXNMLNKMHIFFAH48CC,18,94.72,住家用,鋼筋混凝土造,83年12月23日,十三層,
RPWOMLNKMHIFFAH48CC,18,41.62,住家用,鋼筋混凝土造,84年8月8日,二十層,
RPUNMLNKMHIFFAH18CC,17,37.40,住家用,鋼筋混凝土造,85年4月12日,二十一層,
RPPNMLNKMHIFFAH67CC,33,33.90,住家用,鋼筋混凝土造,69年8月26日,六層,
RPVOMLNKMHIFFAH38CC,18,57.05,住家用,鋼筋混凝土造,84年8月8日,二十層,
RPQNMLNKMHIFFAH77CC,15,28.23,見其他登記事項,鋼筋混凝土造,86年11月17日,十四層,
RPVNMLNKMHIFFAH28CC,19,110.61,住家用,鋼筋混凝土造,83年7月13日,十八層,
RPPOMLNKMHIFFAH77CC,18,58.01,住家用,鋼筋混凝土造,83年10月26日,十六層,
RPSNMLNKMHIFFAH97CC,17,41.83,住家用,鋼筋混凝土造,85年7月13日,十一層,
RPOOMLNKMHIFFAH67CC,9,117.01,住家用,鋼筋混凝土造,93年7月27日,十四層,
RPONNLNKMHIFFEH08CC,18,130.17,住家用,鋼筋混凝土造,84年9月25日,二十層,
RPQOMLPKMHIFFAH18DC,34,78.33,住家用,鋼筋混凝土造,68年8月10日,五層,
RPQOMLPKMHIFFAH18DC,34,78.33,住家用,鋼筋混凝土造,68年8月10日,五層,
RPOPMLPKMHIFFBH08CC,21,127.64,見其他登記事項,鋼筋混凝土造,81年5月27日,二十二層,
RPOPMLPKMHIFFBH08CC,21,45.59,共有部份,鋼筋混凝土造,81年5月27日,二十二層,
RPOPMLPKMHIFFBH08CC,21,13.98,共有部份,鋼筋混凝土造,81年5月27日,二十二層,
RPXOMLPKMHIFFBH88CC,14,9.31,共有部份,鋼筋混凝土造,88年6月11日,十層,
RPXOMLPKMHIFFBH88CC,14,86.88,見其他登記事項,鋼筋混凝土造,88年6月11日,十層,
RPXOMLPKMHIFFBH88CC,14,7.28,共有部份,鋼筋混凝土造,88年6月11日,十層,
RPOOMLQKMHIFFBH08CC,16,436.37,見其他登記事項,鋼筋混凝土造,86年5月30日,十二層,
RPRPMLPKMHIFFEH68CC,14,141.43,住家用,鋼筋混凝土造,88年6月2日,十四層,
RPRPMLPKMHIFFEH68CC,14,16.24,共有部份,鋼筋混凝土造,88年6月2日,十四層,
RPRPMLPKMHIFFEH68CC,14,17.63,共有部份,鋼筋混凝土造,88年6月2日,十四層,
RPTNMLQKMHIFFEH78CC,7,88.29,住家用,鋼筋混凝土造,95年2月18日,十三層,
RPPPMLQKMHIFFAH18CC,22,199.22,見其他登記事項,鋼筋混凝土造,80年4月30日,十六層,
RPPPMLQKMHIFFAH18CC,22,27.52,共有部份,鋼筋混凝土造,80年4月30日,十六層,
RPTRMLRKMHIFFAH88CC,8,150.74,住家用,鋼筋混凝土造,94年4月14日,六層,
RPTRMLRKMHIFFAH88CC,8,41.63,共有部份,鋼筋混凝土造,94年4月14日,四層,
RPTRMLRKMHIFFAH88CC,8,90.75,共有部份,鋼筋混凝土造,94年4月14日,四層,
RPXPMLQKMHIFFBH09CC,7,66.87,住家用,鋼筋混凝土造,95年3月21日,二十一層,
RPXPMLQKMHIFFBH09CC,7,4.72,共有部份,鋼筋混凝土造,95年3月21日,二十一層,
RPXPMLQKMHIFFBH09CC,7,3.89,共有部份,鋼筋混凝土造,95年3月21日,二十一層,
RPXPMLQKMHIFFBH09CC,7,9.07,共有部份,鋼筋混凝土造,95年3月21日,二十一層,
RPXPMLQKMHIFFBH09CC,7,35.18,共有部份,鋼筋混凝土造,95年3月21日,二十一層,
RPSPMLRKMHIFFBH78DC,2,88.35,見其他登記事項,鋼筋混凝土造,100年6月28日,十五層,
RPUOMLRKMHIFFEH56DC,1,206.61,住家用,鋼筋混凝土造,101年8月31日,十二層,
RPTPMLRKMHIFFBH88DC,4,166.22,住家用,鋼筋混凝土造,98年6月29日,二十一層,
RPRNMLSKMHIFFAH48DC,19,131.97,見其他登記事項,鋼筋混凝土造,83年4月13日,八層,
RPSNMLPKMHIFFFH68CC,18,103.00,住家用,鋼筋混凝土造,84年4月18日,十六層,
RPUNMLPKMHIFFFH88CC,18,51.60,住家用,鋼筋混凝土造,84年4月18日,十六層,
RPTPMLSKMHIFFEH56CC,18,109.23,住家用,鋼筋混凝土造,84年9月25日,二十層,
RPORMLSKMHIFFBH58CC,2,265.78,見其他登記事項,鋼筋混凝土造,100年6月1日,十二層,
RPPOMLTKMHIFFAH48DC,8,158.96,住家用,鋼筋混凝土造,94年12月1日,十三層,
RPQSMLTKMHIFFBH98CC,11,106.47,住家用,鋼筋混凝土造,91年4月4日,十四層,
RPWQMLTKMHIFFBH76CC,32,87.76,住家用,加強磚造,70年7月31日,二層,
RPWNMLTKMHIFFFH86CC,23,269.17,見其他登記事項,鋼筋混凝土造,78年9月30日,三層,
RPRSMLMLMHIFFAH38CC,18,137.62,商業用,鋼筋混凝土造,84年1月26日,十九層,
RPRSMLMLMHIFFAH38CC,18,12.07,共有部份,鋼筋混凝土造,84年1月26日,十九層,
RPXOMLMLMHIFFBH68CC,46,87.77,住家用,加強磚造,56年5月10日,二層,
RPPPMLMLMHIFFBH97CC,6,68.62,住商用,鋼筋混凝土造,96年1月25日,十一層,
RPPPMLMLMHIFFBH97CC,6,40.77,共有部份,鋼筋混凝土造,96年1月25日,十五層,
RPSPMLNLMHIFFAH48EC,21,119.67,住家用,鋼筋混凝土造,81年8月11日,六層,
RPVOMLOLMHIFFEH56EC,14,85.52,住家用,鋼筋混凝土造,88年3月12日,九層,
RPXTMLOLMHIFFAH76DC,10,102.59,國民住宅,鋼筋混凝土造,92年8月21日,十四層,
RPWNMLNLMHIFFEH88CC,7,132.46,住家用,鋼筋混凝土造,95年1月16日,十五層,
RPOPMLOLMHIFFAH97CC,16,75.00,住家用,鋼筋混凝土造,86年7月1日,十七層,
RPPPMLOLMHIFFAH08CC,6,137.62,住商用,鋼筋混凝土造,96年7月25日,十五層,
RPQNMLNLMHIFFFH58EC,18,103.77,住家用,鋼筋混凝土造,84年6月12日,七層,
RPUNMLNLMHIFFDH58CC,23,132.69,住家用,鋼筋混凝土造,78年12月13日,三層,
RPQPMLOLMHIFFAH18CC,16,131.24,住家用,鋼筋混凝土造,86年6月5日,二十層,
RPSOMLPLMHIFFAH38CC,14,94.67,住家用,鋼筋混凝土造,88年2月5日,十二層,
RPVOMLPLMHIFFAH68CC,10,84.94,住家用,鋼筋混凝土造,92年9月18日,十四層,
RPVNMLPLMHIFFAH58CC,18,67.32,住家用,鋼筋混凝土造,84年4月19日,十九層,
RPOPMLPLMHIFFAH08CC,15,34.48,見其他登記事項,鋼筋混凝土造,86年12月24日,十七層,
RPXOMLPLMHIFFAH88CC,16,74.31,住家用,鋼筋混凝土造,86年9月1日,十七層,
RPUSMLPLMHIFFAH98CC,9,181.14,見其他登記事項,鋼筋混凝土造,93年6月30日,六層,
RPWPMLQLMHIFFAH98CC,13,58.91,住家用,鋼筋混凝土造,89年2月3日,十層,
RPUPMLQLMHIFFAH78CC,39,173.45,住家用,加強磚造,64年5月29日,二層,
RPWSMLQLMHIFFAH66CC,15,95.27,商業用,鋼筋混凝土造,87年5月19日,十四層,
RPWSMLQLMHIFFAH66CC,15,15.65,共有部份,鋼筋混凝土造,87年5月19日,十四層,
RPPPMLQLMHIFFAH28CC,12,114.59,住家用,鋼筋混凝土造,89年11月28日,十二層,
RPPPMLQLMHIFFAH28CC,12,101.61,共有部份,鋼筋混凝土造,89年11月28日,十四層,
RPXRMLPLMHIFFEH96CC,1,81.89,住家用,鋼筋混凝土造,100年12月2日,十五層,
RPXNMLQLMHIFFAH98DC,16,104.18,住家用,鋼筋混凝土造,85年12月23日,十二層,
RPQPMLQLMHIFFAH48DC,7,354.68,見其他登記事項,鋼筋混凝土造,95年4月7日,五層,
RPXQMLQLMHIFFBH86EC,15,110.73,住家用,鋼筋混凝土造,87年8月4日,十五層,
RPPNMLSLMHIFFEH68CC,1,62.97,見其他登記事項,鋼筋混凝土造,101年6月18日,十三層,
RPXOMLMLMHIFFDH88CC,19,229.38,見其他登記事項,鋼筋混凝土造,83年6月14日,四層,
RPTNMLQLMHIFFBH68DC,49,97.38,商業用,加強磚造,53年10月1日,二層,
RPRRMLKMMHIFFFH68CC,15,113.47,住家用,鋼筋混凝土造,87年7月4日,七層,
RPRPMLKMMHIFFFH48CC,20,183.75,見其他登記事項,見其他登記事項,82年9月8日,一層,
RPTOMLRLMHIFFBH88DC,34,89.28,住家用,加強磚造,68年1月25日,二層,
RPTQMLQLMHIFFAH88DC,4,423.09,商業用,鋼筋混凝土造,97年11月21日,二十一層,
RPPRMLQLMHIFFAH58DC,21,168.25,見其他登記事項,鋼筋混凝土造,81年1月29日,十七層,
RPQNMLKMMHIFFAH67CC,10,66.95,住家用,鋼筋混凝土造,92年7月28日,十四層,
RPQWMLKMMHIFFAH58CC,4,79.57,住家用,鋼筋混凝土造,98年9月24日,十三層,
RPQOMLTLMHIFFFH66EC,18,98.67,商業用,鋼筋混凝土造,84年4月18日,十六層,
RPQOMLTLMHIFFFH66EC,18,3.82,共有部份,鋼筋混凝土造,84年4月18日,十六層,
RPQOMLTLMHIFFFH66EC,18,11.88,共有部份,鋼筋混凝土造,84年4月18日,十六層,
RPUPMLKMMHIFFBH38CC,2,16.52,見其他登記事項,鋼筋混凝土造,100年7月15日,六層,
RPTPMLKMMHIFFBH28CC,2,16.52,見其他登記事項,鋼筋混凝土造,100年7月15日,六層,
