﻿編號,車位類別,車位價格,車位面積平方公尺
Serial number,berth category,berth price,berth area square meter
RPSOMLOJLHIFFCH18DB,坡道平面,750000,26.20
RPSOMLOJLHIFFCH18DB,坡道平面,750000,26.20
RPWOMLOJLHIFFCH58DB,坡道平面,700000,26.20
RPWOMLOJLHIFFCH58DB,坡道平面,700000,26.20
RPQPMLOJLHIFFCH08DB,坡道平面,700000,26.20
RPQPMLOJLHIFFCH08DB,坡道平面,700000,26.20
RPVOMLOJLHIFFCH48DB,坡道平面,650000,26.20
RPVOMLOJLHIFFCH48DB,坡道平面,650000,26.20
RPRPMLOJLHIFFCH18DB,坡道平面,750000,26.20
RPRPMLOJLHIFFCH18DB,坡道平面,750000,26.20
RPTPMLOJLHIFFCH38DB,坡道平面,700000,26.20
RPTPMLOJLHIFFCH38DB,坡道平面,700000,26.20
RPTOMLOJLHIFFCH28DB,坡道平面,700000,26.20
RPTOMLOJLHIFFCH28DB,坡道平面,700000,26.20
RPWPMLOJLHIFFCH68DB,坡道平面,700000,26.20
RPWPMLOJLHIFFCH68DB,坡道平面,700000,26.20
RPVPMLOJLHIFFCH58DB,坡道平面,700000,26.20
RPVPMLOJLHIFFCH58DB,坡道平面,700000,26.20
RPXPMLOJLHIFFCH78DB,坡道平面,650000,26.20
RPXPMLOJLHIFFCH78DB,坡道平面,650000,26.20
RPUQMLOJLHIFFCH58DB,坡道平面,700000,26.20
RPOQMLOJLHIFFCH97DB,坡道平面,700000,26.20
RPOQMLOJLHIFFCH97DB,坡道平面,700000,26.20
RPTQMLOJLHIFFCH48DB,坡道平面,600000,26.20
RPTQMLOJLHIFFCH48DB,坡道平面,600000,26.20
RPXOMLOJLHIFFCH68DB,坡道平面,650000,26.20
RPXOMLOJLHIFFCH68DB,坡道平面,600000,23.44
RPWQMLOJLHIFFCH78DB,坡道平面,750000,26.20
RPWQMLOJLHIFFCH78DB,坡道平面,750000,26.20
RPUOMLOJLHIFFCH38DB,坡道平面,650000,26.20
RPUOMLOJLHIFFCH38DB,坡道平面,650000,26.20
RPUPMLOJLHIFFCH48DB,坡道平面,650000,26.20
RPUPMLOJLHIFFCH48DB,坡道平面,650000,26.20
RPXQMLOJLHIFFCH88DB,坡道平面,750000,26.20
RPXQMLOJLHIFFCH88DB,坡道平面,750000,26.20
RPOPMLOJLHIFFCH87DB,坡道平面,650000,26.20
RPOPMLOJLHIFFCH87DB,坡道平面,650000,26.20
RPQRMLOJLHIFFCH28DB,坡道平面,800000,26.20
RPQRMLOJLHIFFCH28DB,坡道平面,700000,23.44
RPSRMLOJLHIFFCH48DB,坡道平面,650000,26.20
RPSRMLOJLHIFFCH48DB,坡道平面,650000,26.20
RPORMLOJLHIFFCH08DB,坡道平面,650000,26.20
RPORMLOJLHIFFCH08DB,坡道平面,650000,26.20
RPRRMLOJLHIFFCH38DB,坡道平面,650000,26.20
RPRRMLOJLHIFFCH38DB,坡道平面,650000,26.20
RPPRMLOJLHIFFCH18DB,坡道平面,800000,26.20
RPPRMLOJLHIFFCH18DB,坡道平面,650000,23.44
RPVRMLOJLHIFFCH78DB,坡道平面,750000,26.20
RPVRMLOJLHIFFCH78DB,坡道平面,550000,23.44
RPTRMLOJLHIFFCH58DB,坡道平面,650000,26.20
RPURMLOJLHIFFCH68DB,坡道平面,650000,26.20
RPURMLOJLHIFFCH68DB,坡道平面,650000,26.20
RPXRMLOJLHIFFCH98DB,坡道平面,750000,23.44
RPVQMLOJLHIFFCH68DB,坡道平面,700000,26.20
RPVQMLOJLHIFFCH68DB,坡道平面,700000,26.20
RPOSMLOJLHIFFCH18DB,坡道平面,750000,23.44
RPWRMLOJLHIFFCH88DB,坡道平面,650000,26.20
RPWRMLOJLHIFFCH88DB,坡道平面,650000,26.20
RPWRMLOJLHIFFCH88DB,坡道平面,650000,26.20
RPWRMLOJLHIFFCH88DB,坡道平面,750000,26.20
RPRSMLOJLHIFFCH48DB,坡道平面,750000,26.20
RPQSMLOJLHIFFCH38DB,坡道平面,700000,26.20
RPTSMLOJLHIFFCH68DB,坡道平面,750000,26.20
RPSSMLOJLHIFFCH58DB,坡道平面,750000,26.20
RPPSMLOJLHIFFCH28DB,坡道平面,700000,26.20
RPXSMLOJLHIFFCH09DB,坡道平面,700000,26.20
RPWSMLOJLHIFFCH98DB,坡道平面,700000,26.20
RPSTMLOJLHIFFCH68DB,坡道平面,700000,26.20
RPSTMLOJLHIFFCH68DB,坡道平面,700000,26.20
RPQTMLOJLHIFFCH48DB,坡道平面,750000,26.20
RPPTMLOJLHIFFCH38DB,坡道平面,750000,26.20
RPOTMLOJLHIFFCH28DB,坡道平面,750000,26.20
RPWTMLOJLHIFFCH09DB,坡道平面,700000,26.20
RPUTMLOJLHIFFCH88DB,坡道平面,700000,26.20
RPVSMLOJLHIFFCH88DB,坡道平面,700000,26.20
RPOUMLOJLHIFFCH38DB,坡道平面,800000,26.20
RPPUMLOJLHIFFCH48DB,坡道平面,750000,23.44
RPQUMLOJLHIFFCH58DB,坡道平面,750000,26.20
RPVTMLOJLHIFFCH98DB,坡道平面,700000,26.20
RPSUMLOJLHIFFCH78DB,坡道平面,700000,26.20
RPTUMLOJLHIFFCH88DB,坡道平面,750000,23.44
RPTTMLOJLHIFFCH78DB,坡道平面,700000,26.20
RPXTMLOJLHIFFCH56DB,坡道平面,700000,26.20
RPVUMLOJLHIFFCH09DB,坡道平面,800000,26.20
RPRUMLOJLHIFFCH68DB,坡道平面,700000,26.20
RPUSMLOJLHIFFCH78DB,坡道平面,750000,26.20
RPUUMLOJLHIFFCH98DB,坡道平面,750000,26.20
RPXUMLOJLHIFFCH66DB,坡道平面,700000,26.20
RPWUMLOJLHIFFCH56DB,坡道平面,600000,26.20
RPXOMLPJLHIFFCH78DB,坡道平面,700000,26.20
RPXOMLPJLHIFFCH78DB,坡道平面,700000,26.20
RPOPMLPJLHIFFCH97DB,坡道平面,700000,26.20
RPOPMLPJLHIFFCH97DB,坡道平面,700000,26.20
RPPPMLPJLHIFFCH08DB,坡道平面,700000,26.20
RPPPMLPJLHIFFCH08DB,坡道平面,700000,26.20
RPVOMLPJLHIFFCH58DB,坡道平面,650000,26.20
RPVOMLPJLHIFFCH58DB,坡道平面,600000,23.44
RPSPMLPJLHIFFCH38DB,坡道平面,700000,26.20
RPSPMLPJLHIFFCH38DB,坡道平面,700000,26.20
RPWOMLPJLHIFFCH68DB,坡道平面,700000,26.20
RPWOMLPJLHIFFCH68DB,坡道平面,700000,26.20
RPUOMLPJLHIFFCH48DB,坡道平面,700000,23.44
RPUOMLPJLHIFFCH48DB,坡道平面,700000,23.44
RPQPMLPJLHIFFCH18DB,坡道平面,750000,26.20
RPQPMLPJLHIFFCH18DB,坡道平面,750000,26.20
RPTPMLPJLHIFFCH48DB,坡道平面,700000,26.20
RPTPMLPJLHIFFCH48DB,坡道平面,700000,26.20
RPUPMLPJLHIFFCH58DB,坡道平面,750000,26.20
RPUPMLPJLHIFFCH58DB,坡道平面,750000,26.20
RPVPMLPJLHIFFCH68DB,坡道平面,700000,26.20
RPVPMLPJLHIFFCH68DB,坡道平面,700000,26.20
RPWPMLPJLHIFFCH78DB,坡道平面,750000,26.20
RPWPMLPJLHIFFCH78DB,坡道平面,750000,26.20
RPPQMLPJLHIFFCH18DB,坡道平面,650000,26.20
RPPQMLPJLHIFFCH18DB,坡道平面,650000,26.20
RPTNMLQJLHIFFAH08CB,坡道平面,1000000,31.21
RPUQMLPJLHIFFCH68DB,坡道平面,700000,23.44
RPUQMLPJLHIFFCH68DB,坡道平面,650000,23.44
RPTOMLPJLHIFFCH38DB,坡道平面,700000,26.20
RPTOMLPJLHIFFCH38DB,坡道平面,700000,26.20
RPQNMLTJLHIFFCH38DB,坡道平面,650000,26.20
RPQNMLTJLHIFFCH38DB,坡道平面,650000,26.20
RPPNMLTJLHIFFCH28DB,坡道平面,650000,26.20
RPPNMLTJLHIFFCH28DB,坡道平面,650000,26.20
RPTNMLTJLHIFFCH68DB,坡道平面,700000,26.20
RPTNMLTJLHIFFCH68DB,坡道平面,700000,26.20
RPRNMLTJLHIFFCH48DB,坡道平面,650000,26.20
RPRNMLTJLHIFFCH48DB,坡道平面,650000,26.20
RPSQMLPJLHIFFCH48DB,坡道平面,650000,26.20
RPSQMLPJLHIFFCH48DB,坡道平面,700000,26.20
RPSQMLPJLHIFFCH48DB,坡道平面,700000,26.20
RPSNMLTJLHIFFCH58DB,坡道平面,650000,26.20
RPSNMLTJLHIFFCH58DB,坡道平面,650000,26.20
RPUNMLTJLHIFFCH78DB,坡道平面,700000,26.20
RPUNMLTJLHIFFCH78DB,坡道平面,700000,26.20
RPXNMLTJLHIFFCH09DB,坡道平面,650000,26.20
RPXNMLTJLHIFFCH09DB,坡道平面,650000,26.20
RPOOMLTJLHIFFCH28DB,坡道平面,600000,26.20
RPOOMLTJLHIFFCH28DB,坡道平面,600000,26.20
RPWNMLTJLHIFFCH98DB,坡道平面,700000,26.20
RPWNMLTJLHIFFCH98DB,坡道平面,700000,26.20
RPVNMLTJLHIFFCH88DB,坡道平面,750000,26.20
RPVNMLTJLHIFFCH88DB,坡道平面,750000,26.20
RPPOMLTJLHIFFCH38DB,坡道平面,700000,26.20
RPPOMLTJLHIFFCH38DB,坡道平面,700000,26.20
RPROMLTJLHIFFCH58DB,坡道平面,650000,26.20
RPROMLTJLHIFFCH58DB,坡道平面,650000,26.20
RPQOMLTJLHIFFCH48DB,坡道平面,700000,23.44
RPQOMLTJLHIFFCH48DB,坡道平面,800000,26.20
RPTOMLTJLHIFFCH78DB,坡道平面,700000,26.20
RPVOMLTJLHIFFCH98DB,坡道平面,700000,23.44
RPOPMLTJLHIFFCH38DB,坡道平面,700000,26.20
RPXOMLTJLHIFFCH56DB,坡道平面,700000,26.20
RPUOMLTJLHIFFCH88DB,坡道平面,700000,23.44
RPWOMLTJLHIFFCH09DB,坡道平面,650000,26.20
RPSOMLTJLHIFFCH68DB,坡道平面,700000,26.20
RPSOMLTJLHIFFCH68DB,坡道平面,700000,26.20
RPSOMLTJLHIFFCH68DB,坡道平面,700000,23.44
RPPPMLTJLHIFFCH48DB,坡道平面,750000,26.20
RPTPMLTJLHIFFCH88DB,坡道平面,700000,26.20
RPRPMLTJLHIFFCH68DB,坡道平面,700000,26.20
RPSPMLTJLHIFFCH78DB,坡道平面,700000,26.20
RPWPMLTJLHIFFCH56DB,坡道平面,700000,26.20
RPVPMLTJLHIFFCH09DB,坡道平面,700000,23.44
RPXPMLTJLHIFFCH66DB,坡道平面,700000,26.20
RPQPMLTJLHIFFCH58DB,坡道平面,700000,26.20
RPQQMLTJLHIFFCH68DB,坡道平面,750000,26.20
RPOQMLTJLHIFFCH48DB,坡道平面,700000,26.20
RPSQMLTJLHIFFCH88DB,坡道平面,700000,26.20
RPRQMLTJLHIFFCH78DB,坡道平面,750000,26.20
RPPQMLTJLHIFFCH58DB,坡道平面,650000,23.44
RPTQMLTJLHIFFCH98DB,坡道平面,700000,26.20
RPUQMLTJLHIFFCH09DB,坡道平面,700000,26.20
RPUPMLTJLHIFFCH98DB,坡道平面,700000,26.20
RPXQMLTJLHIFFCH76DB,坡道平面,600000,23.44
RPQRMLTJLHIFFCH78DB,坡道平面,750000,26.20
RPRRMLTJLHIFFCH88DB,坡道平面,750000,26.20
RPPRMLTJLHIFFCH68DB,坡道平面,650000,23.44
RPORMLTJLHIFFCH58DB,坡道平面,700000,26.20
RPSRMLTJLHIFFCH98DB,坡道平面,700000,26.20
RPVQMLTJLHIFFCH56DB,坡道平面,700000,26.20
RPXRMLTJLHIFFCH86DB,坡道平面,650000,26.20
RPXRMLTJLHIFFCH86DB,坡道平面,700000,26.20
RPTRMLTJLHIFFCH09DB,坡道平面,650000,26.20
RPTRMLTJLHIFFCH09DB,坡道平面,600000,23.44
RPWRMLTJLHIFFCH76DB,坡道平面,700000,26.20
RPWRMLTJLHIFFCH76DB,坡道平面,650000,23.44
RPVRMLTJLHIFFCH66DB,坡道平面,650000,26.20
RPVRMLTJLHIFFCH66DB,坡道平面,650000,26.20
RPWQMLTJLHIFFCH66DB,坡道平面,600000,23.44
RPURMLTJLHIFFCH56DB,坡道平面,700000,26.20
RPURMLTJLHIFFCH56DB,坡道平面,700000,26.20
RPOSMLTJLHIFFCH68DB,坡道平面,800000,26.20
RPOSMLTJLHIFFCH68DB,坡道平面,650000,23.44
RPQPMLMKLHIFFCH97DB,坡道平面,650000,26.20
RPQPMLMKLHIFFCH97DB,坡道平面,650000,26.20
RPSPMLMKLHIFFCH18DB,坡道平面,600000,26.20
RPSPMLMKLHIFFCH18DB,坡道平面,600000,23.44
RPTPMLMKLHIFFCH28DB,坡道平面,750000,26.20
RPTPMLMKLHIFFCH28DB,坡道平面,750000,26.20
RPUPMLMKLHIFFCH38DB,坡道平面,750000,26.20
RPUPMLMKLHIFFCH38DB,坡道平面,750000,26.20
RPPPMLMKLHIFFCH87DB,坡道平面,700000,26.20
RPPPMLMKLHIFFCH87DB,坡道平面,700000,26.20
RPXPMLMKLHIFFCH68DB,坡道平面,800000,26.20
RPXPMLMKLHIFFCH68DB,坡道平面,700000,26.20
RPXPMLMKLHIFFCH68DB,坡道平面,700000,26.20
RPXPMLMKLHIFFCH68DB,坡道平面,700000,26.20
RPWPMLMKLHIFFCH58DB,坡道平面,750000,26.20
RPWPMLMKLHIFFCH58DB,坡道平面,750000,26.20
RPSQMLMKLHIFFCH28DB,坡道平面,700000,26.20
RPSQMLMKLHIFFCH28DB,坡道平面,700000,26.20
RPRQMLMKLHIFFCH18DB,坡道平面,750000,26.20
RPRQMLMKLHIFFCH18DB,坡道平面,750000,26.20
RPVPMLMKLHIFFCH48DB,坡道平面,700000,26.20
RPVPMLMKLHIFFCH48DB,坡道平面,700000,26.20
RPQQMLMKLHIFFCH08DB,坡道平面,650000,26.20
RPQQMLMKLHIFFCH08DB,坡道平面,650000,26.20
RPPQMLMKLHIFFCH97DB,坡道平面,650000,23.44
RPPQMLMKLHIFFCH97DB,坡道平面,700000,26.20
RPTQMLMKLHIFFCH38DB,坡道平面,750000,26.20
RPTQMLMKLHIFFCH38DB,坡道平面,750000,23.44
RPRPMLMKLHIFFCH08DB,坡道平面,650000,26.20
RPRPMLMKLHIFFCH08DB,坡道平面,650000,26.20
RPOQMLMKLHIFFCH87DB,坡道平面,700000,26.20
RPOQMLMKLHIFFCH87DB,坡道平面,700000,26.20
RPRRMLMKLHIFFCH28DB,坡道平面,750000,26.20
RPRRMLMKLHIFFCH28DB,坡道平面,750000,26.20
RPVQMLMKLHIFFCH58DB,坡道平面,750000,26.20
RPVQMLMKLHIFFCH58DB,坡道平面,750000,26.20
RPPRMLMKLHIFFCH08DB,坡道平面,750000,26.20
RPPRMLMKLHIFFCH08DB,坡道平面,750000,26.20
RPUQMLMKLHIFFCH48DB,坡道平面,700000,26.20
RPUQMLMKLHIFFCH48DB,坡道平面,700000,26.20
RPXQMLMKLHIFFCH78DB,坡道平面,650000,26.20
RPXQMLMKLHIFFCH78DB,坡道平面,650000,26.20
RPWQMLMKLHIFFCH68DB,坡道平面,750000,26.20
RPWQMLMKLHIFFCH68DB,坡道平面,750000,26.20
RPQNMLQKLHIFFCH18DB,坡道平面,700000,26.20
RPSOMLOKLHIFFCH28DB,坡道平面,700000,26.20
RPSRMLMKLHIFFCH38DB,坡道平面,650000,26.20
RPSRMLMKLHIFFCH38DB,坡道平面,650000,26.20
RPSRMLMKLHIFFCH38DB,坡道平面,750000,26.20
RPSRMLMKLHIFFCH38DB,坡道平面,650000,26.20
RPRNMLQKLHIFFCH28DB,坡道平面,700000,26.20
RPTNMLQKLHIFFCH48DB,坡道平面,800000,26.20
RPSNMLQKLHIFFCH38DB,坡道平面,650000,23.44
RPWNMLQKLHIFFCH78DB,坡道平面,700000,26.20
RPORMLMKLHIFFCH97DB,坡道平面,700000,26.20
RPORMLMKLHIFFCH97DB,坡道平面,700000,26.20
RPVNMLQKLHIFFCH68DB,坡道平面,700000,26.20
RPXNMLQKLHIFFCH88DB,坡道平面,700000,26.20
RPUNMLQKLHIFFCH58DB,坡道平面,750000,26.20
RPPNMLRKLHIFFCH18DB,坡道平面,700000,26.20
RPSNMLRKLHIFFCH48DB,坡道平面,700000,26.20
RPQNMLRKLHIFFCH28DB,坡道平面,700000,26.20
RPUNMLRKLHIFFCH68DB,坡道平面,750000,23.44
RPRNMLRKLHIFFCH38DB,坡道平面,700000,26.20
RPTNMLRKLHIFFCH58DB,坡道平面,700000,26.20
RPVOMLRKLHIFFCH88DB,坡道平面,700000,26.20
RPUOMLRKLHIFFCH78DB,坡道平面,750000,26.20
RPWOMLRKLHIFFCH98DB,坡道平面,800000,26.20
RPTOMLRKLHIFFCH68DB,坡道平面,800000,26.20
RPOOMLRKLHIFFCH18DB,坡道平面,800000,26.20
RPWNMLRKLHIFFCH88DB,坡道平面,800000,26.20
RPROMLRKLHIFFCH48DB,坡道平面,700000,26.20
RPSOMLRKLHIFFCH58DB,坡道平面,650000,23.44
RPXNMLRKLHIFFCH98DB,坡道平面,800000,26.20
RPVNMLRKLHIFFCH78DB,坡道平面,650000,23.44
RPPPMLRKLHIFFCH38DB,坡道平面,750000,26.20
RPSPMLRKLHIFFCH68DB,坡道平面,700000,26.20
RPUPMLRKLHIFFCH88DB,坡道平面,750000,26.20
RPOPMLRKLHIFFCH28DB,坡道平面,750000,26.20
RPOPMLRKLHIFFCH28DB,坡道平面,600000,23.44
RPQPMLRKLHIFFCH48DB,坡道平面,700000,26.20
RPTPMLRKLHIFFCH78DB,坡道平面,700000,26.20
RPXOMLRKLHIFFCH09DB,坡道平面,750000,26.20
RPWPMLRKLHIFFCH09DB,坡道平面,750000,26.20
RPWPMLRKLHIFFCH09DB,坡道平面,750000,26.20
RPRPMLRKLHIFFCH58DB,坡道平面,800000,26.20
RPPQMLRKLHIFFCH48DB,坡道平面,750000,26.20
RPPQMLRKLHIFFCH48DB,坡道平面,750000,26.20
RPVPMLRKLHIFFCH98DB,坡道平面,750000,26.20
RPVPMLRKLHIFFCH98DB,坡道平面,750000,26.20
RPXPMLRKLHIFFCH56DB,坡道平面,700000,26.20
RPXPMLRKLHIFFCH56DB,坡道平面,700000,26.20
RPRQMLRKLHIFFCH68DB,坡道平面,650000,26.20
RPRQMLRKLHIFFCH68DB,坡道平面,650000,26.20
RPQQMLRKLHIFFCH58DB,坡道平面,700000,26.20
RPQQMLRKLHIFFCH58DB,坡道平面,700000,26.20
RPSQMLRKLHIFFCH78DB,坡道平面,650000,26.20
RPSQMLRKLHIFFCH78DB,坡道平面,650000,26.20
RPTQMLRKLHIFFCH88DB,坡道平面,650000,26.20
RPTQMLRKLHIFFCH88DB,坡道平面,650000,26.20
RPOQMLRKLHIFFCH38DB,坡道平面,700000,26.20
RPOQMLRKLHIFFCH38DB,坡道平面,700000,26.20
RPUQMLRKLHIFFCH98DB,坡道平面,650000,26.20
RPUQMLRKLHIFFCH98DB,坡道平面,650000,26.20
RPPNMLKLLHIFFBH57EB,坡道平面,1150000,43.67
RPVNMLKLLHIFFBH18EB,坡道平面,1100000,41.59
RPSNMLKLLHIFFBH87EB,坡道平面,1050000,41.59
RPTNMLKLLHIFFBH97EB,坡道平面,650000,43.67
RPUNMLKLLHIFFBH08EB,坡道平面,1100000,43.67
RPPNMLTKLHIFFBH38EB,坡道平面,620000,43.67
RPTNMLTKLHIFFBH78EB,坡道平面,830000,43.67
RPOOMLKLLHIFFBH57EB,坡道平面,1150000,43.67
RPQOMLKLLHIFFBH77EB,坡道平面,1100000,43.67
RPSNMLTKLHIFFBH68EB,坡道平面,1150000,43.67
RPRNMLTKLHIFFBH58EB,坡道平面,860000,41.59
RPQNMLKLLHIFFBH67EB,坡道平面,1050000,41.59
RPXNMLKLLHIFFBH38EB,坡道平面,1200000,43.67
RPPPMLKLLHIFFBH77EB,坡道平面,1200000,43.67
RPQPMLKLLHIFFBH87EB,坡道平面,1200000,43.67
RPWOMLKLLHIFFBH38EB,坡道平面,1200000,43.67
RPUOMLKLLHIFFBH18EB,坡道平面,1100000,41.59
RPWNMLKLLHIFFBH28EB,坡道平面,1100000,43.67
RPSOMLKLLHIFFBH97EB,坡道平面,1100000,43.67
RPOPMLKLLHIFFBH67EB,坡道平面,1100000,43.67
RPVOMLKLLHIFFBH28EB,坡道平面,1100000,43.67
RPTOMLKLLHIFFBH08EB,坡道平面,1100000,43.67
RPXOMLKLLHIFFBH48EB,坡道平面,1100000,41.59
RPWPMLKLLHIFFBH48EB,坡道平面,1200000,43.67
RPTPMLKLLHIFFBH18EB,坡道平面,1150000,43.67
RPUPMLKLLHIFFBH28EB,坡道平面,1200000,43.67
RPSPMLKLLHIFFBH08EB,坡道平面,1100000,43.67
RPRPMLKLLHIFFBH97EB,坡道平面,1100000,43.67
RPPQMLKLLHIFFBH87EB,坡道平面,1100000,43.67
RPVPMLKLLHIFFBH38EB,坡道平面,1150000,43.67
RPOQMLKLLHIFFBH77EB,坡道平面,1150000,41.59
RPXPMLKLLHIFFBH58EB,坡道平面,1100000,41.59
RPUQMLKLLHIFFBH38EB,坡道平面,1100000,43.67
RPQQMLKLLHIFFBH97EB,坡道平面,1100000,43.67
RPWQMLKLLHIFFBH58EB,坡道平面,1100000,43.67
RPPRMLKLLHIFFBH97EB,坡道平面,1150000,43.67
RPRQMLKLLHIFFBH08EB,坡道平面,1200000,43.67
RPTQMLKLLHIFFBH28EB,坡道平面,1050000,41.59
RPSQMLKLLHIFFBH18EB,坡道平面,1150000,41.59
RPSQMLKLLHIFFBH18EB,坡道平面,1200000,43.67
RPQRMLKLLHIFFBH08EB,坡道平面,1100000,43.67
RPXRMLKLLHIFFBH78EB,坡道平面,1200000,43.67
RPTRMLKLLHIFFBH38EB,坡道平面,1150000,43.67
RPWRMLKLLHIFFBH68EB,坡道平面,1150000,43.67
RPURMLKLLHIFFBH48EB,坡道平面,1100000,43.67
RPSRMLKLLHIFFBH28EB,坡道平面,1150000,41.59
RPVQMLKLLHIFFBH48EB,坡道平面,1050000,41.59
RPQSMLKLLHIFFBH18EB,坡道平面,1200000,43.67
RPVRMLKLLHIFFBH58EB,坡道平面,1100000,43.67
RPRSMLKLLHIFFBH28EB,坡道平面,1150000,43.67
RPRSMLKLLHIFFBH28EB,坡道平面,1150000,43.67
RPPSMLKLLHIFFBH08EB,坡道平面,1100000,43.67
RPOSMLKLLHIFFBH97EB,坡道平面,1150000,43.67
RPSSMLKLLHIFFBH38EB,坡道平面,1100000,43.67
RPTSMLKLLHIFFBH48EB,坡道平面,1200000,43.67
RPWSMLKLLHIFFBH78EB,坡道平面,1150000,43.67
RPOTMLKLLHIFFBH08EB,坡道平面,1100000,43.67
RPTTMLKLLHIFFBH58EB,坡道平面,1150000,43.67
RPUTMLKLLHIFFBH68EB,坡道平面,870000,43.67
RPSTMLKLLHIFFBH48EB,坡道平面,1100000,43.67
RPQTMLKLLHIFFBH28EB,坡道平面,1100000,43.67
RPVSMLKLLHIFFBH68EB,坡道平面,1150000,43.67
RPPTMLKLLHIFFBH18EB,坡道平面,1100000,43.67
RPUSMLKLLHIFFBH58EB,坡道平面,1200000,43.67
RPRUMLRLLHIFFEH66CB,坡道平面,1050000,30.07
RPPUMLRLLHIFFEH09CB,坡道平面,1150000,30.07
RPWTMLRLLHIFFEH07CB,坡道平面,1200000,30.07
RPOUMLRLLHIFFEH98CB,坡道平面,1200000,30.07
RPSUMLRLLHIFFEH76CB,坡道平面,1100000,30.07
RPXTMLRLLHIFFEH17CB,坡道平面,1200000,30.07
RPVUMLRLLHIFFEH07CB,坡道平面,1100000,30.07
RPTTMLRLLHIFFEH76CB,坡道平面,1100000,30.07
RPPVMLRLLHIFFEH56CB,坡道平面,1050000,30.07
RPOVMLRLLHIFFEH09CB,坡道平面,1200000,30.07
RPUUMLRLLHIFFEH96CB,坡道平面,1300000,30.07
RPWUMLRLLHIFFEH17CB,坡道平面,1150000,30.07
RPVTMLRLLHIFFEH96CB,坡道平面,1200000,30.07
RPUTMLRLLHIFFEH86CB,坡道平面,1100000,30.07
RPQVMLRLLHIFFEH66CB,坡道平面,1300000,30.07
RPSVMLRLLHIFFEH86CB,坡道平面,1250000,30.07
RPUVMLRLLHIFFEH07CB,坡道平面,1100000,30.07
RPRVMLRLLHIFFEH76CB,坡道平面,1100000,30.07
RPSTMLRLLHIFFEH66CB,坡道平面,1200000,30.07
RPTVMLRLLHIFFEH96CB,坡道平面,1100000,30.07
RPOWMLRLLHIFFEH56CB,坡道平面,1250000,30.07
RPPWMLRLLHIFFEH66CB,坡道平面,1100000,30.07
RPXVMLRLLHIFFEH37CB,坡道平面,1200000,30.07
RPSWMLRLLHIFFEH96CB,坡道平面,1300000,30.07
RPRWMLRLLHIFFEH86CB,坡道平面,1250000,30.07
RPTWMLRLLHIFFEH07CB,坡道平面,1250000,30.07
RPVVMLRLLHIFFEH17CB,坡道平面,1150000,30.07
RPONNLRLLHIFFEH38CB,坡道平面,1300000,30.07
RPXWMLRLLHIFFEH47CB,坡道平面,1250000,30.07
RPUWMLRLLHIFFEH17CB,坡道平面,1250000,30.07
RPWWMLRLLHIFFEH37CB,坡道平面,1300000,30.07
RPPNNLRLLHIFFEH48CB,坡道平面,1050000,30.07
RPVWMLRLLHIFFEH27CB,坡道平面,1300000,30.07
RPVWMLRLLHIFFEH27CB,坡道平面,1300000,30.07
RPQNNLRLLHIFFEH58CB,坡道平面,1100000,30.07
RPRNNLRLLHIFFEH68CB,坡道平面,1300000,30.07
RPSNNLRLLHIFFEH78CB,坡道平面,1200000,30.07
RPSNNLRLLHIFFEH78CB,坡道平面,1200000,30.07
RPTNNLRLLHIFFEH88CB,坡道平面,1100000,30.07
RPTNNLRLLHIFFEH88CB,坡道平面,1300000,30.07
RPVNNLRLLHIFFEH09CB,坡道平面,1200000,30.07
RPVNNLRLLHIFFEH09CB,坡道平面,1200000,30.07
RPWNNLRLLHIFFEH56CB,坡道平面,1250000,30.07
RPXNNLRLLHIFFEH66CB,坡道平面,1100000,30.07
RPUNNLRLLHIFFEH98CB,坡道平面,1100000,30.07
RPOONLRLLHIFFEH48CB,坡道平面,1150000,30.07
RPRONLRLLHIFFEH78CB,坡道平面,1250000,30.07
RPTONLRLLHIFFEH98CB,坡道平面,1300000,30.07
RPUONLRLLHIFFEH09CB,坡道平面,1200000,30.07
RPQONLRLLHIFFEH68CB,坡道平面,1150000,30.07
RPSONLRLLHIFFEH88CB,坡道平面,1300000,30.07
RPPPNLRLLHIFFEH68CB,坡道平面,1300000,30.07
RPOPNLRLLHIFFEH58CB,坡道平面,1250000,30.07
RPRPNLRLLHIFFEH88CB,坡道平面,1050000,30.07
RPWONLRLLHIFFEH66CB,坡道平面,1200000,30.07
RPPONLRLLHIFFEH58CB,坡道平面,1150000,30.07
RPVONLRLLHIFFEH56CB,坡道平面,1300000,30.07
RPSPNLRLLHIFFEH98CB,坡道平面,1200000,30.07
RPTPNLRLLHIFFEH09CB,坡道平面,1200000,30.07
RPQPNLRLLHIFFEH78CB,坡道平面,1250000,30.07
RPVPNLRLLHIFFEH66CB,坡道平面,1300000,30.07
RPWPNLRLLHIFFEH76CB,坡道平面,1250000,30.07
RPXPNLRLLHIFFEH86CB,坡道平面,1100000,30.07
RPPQNLRLLHIFFEH78CB,坡道平面,1100000,30.07
RPSQNLRLLHIFFEH09CB,坡道平面,1050000,30.07
RPQQNLRLLHIFFEH88CB,坡道平面,1300000,30.07
RPTQNLRLLHIFFEH56CB,坡道平面,1300000,30.07
RPVQNLRLLHIFFEH76CB,坡道平面,1100000,30.07
RPRQNLRLLHIFFEH98CB,坡道平面,1250000,30.07
RPQRNLRLLHIFFEH98CB,坡道平面,1300000,30.07
RPPRNLRLLHIFFEH88CB,坡道平面,1300000,30.07
RPWQNLRLLHIFFEH86CB,坡道平面,1200000,30.07
RPOQNLRLLHIFFEH68CB,坡道平面,1200000,30.07
RPTRNLRLLHIFFEH66CB,坡道平面,1200000,30.07
RPRRNLRLLHIFFEH09CB,坡道平面,1200000,30.07
RPSRNLRLLHIFFEH56CB,坡道平面,1300000,30.07
RPRSNLRLLHIFFEH56CB,坡道平面,1200000,30.07
RPURNLRLLHIFFEH76CB,坡道平面,1050000,30.07
RPXQNLRLLHIFFEH96CB,坡道平面,1100000,30.07
RPORNLRLLHIFFEH78CB,坡道平面,1050000,30.07
RPUQNLRLLHIFFEH66CB,坡道平面,1150000,30.07
RPVRNLRLLHIFFEH86CB,坡道平面,1150000,30.07
RPTSNLRLLHIFFEH76CB,坡道平面,1300000,30.07
RPSSNLRLLHIFFEH66CB,坡道平面,1250000,30.07
RPVSNLRLLHIFFEH96CB,坡道平面,1300000,30.07
RPUSNLRLLHIFFEH86CB,坡道平面,1250000,30.07
RPWSNLRLLHIFFEH07CB,坡道平面,1100000,30.07
RPXSNLRLLHIFFEH17CB,坡道平面,1300000,30.07
RPPTNLRLLHIFFEH09CB,坡道平面,1200000,30.07
RPTTNLRLLHIFFEH86CB,坡道平面,1250000,30.07
RPRTNLRLLHIFFEH66CB,坡道平面,1200000,30.07
RPXTNLRLLHIFFEH27CB,坡道平面,1300000,30.07
RPVTNLRLLHIFFEH07CB,坡道平面,1100000,30.07
RPWTNLRLLHIFFEH17CB,坡道平面,1200000,30.07
RPOTNLRLLHIFFEH98CB,坡道平面,1300000,30.07
RPPUNLRLLHIFFEH56CB,坡道平面,1300000,30.07
RPQUNLRLLHIFFEH66CB,坡道平面,1200000,30.07
RPQUNLRLLHIFFEH66CB,坡道平面,1150000,30.07
RPSTNLRLLHIFFEH76CB,坡道平面,1100000,30.07
RPTUNLRLLHIFFEH96CB,坡道平面,1150000,30.07
RPRUNLRLLHIFFEH76CB,坡道平面,1100000,30.07
RPSUNLRLLHIFFEH86CB,坡道平面,1250000,30.07
RPWUNLRLLHIFFEH27CB,坡道平面,1100000,30.07
RPWUNLRLLHIFFEH27CB,坡道平面,1100000,30.07
RPOVNLRLLHIFFEH56CB,坡道平面,1300000,30.07
RPOVNLRLLHIFFEH56CB,坡道平面,1250000,30.07
RPUUNLRLLHIFFEH07CB,坡道平面,1200000,30.07
RPVUNLRLLHIFFEH17CB,坡道平面,1300000,30.07
RPRVNLRLLHIFFEH86CB,坡道平面,1300000,30.07
RPSVNLRLLHIFFEH96CB,坡道平面,1300000,30.07
RPTVNLRLLHIFFEH07CB,坡道平面,1300000,30.07
RPQVNLRLLHIFFEH76CB,坡道平面,1100000,30.07
RPXUNLRLLHIFFEH37CB,坡道平面,1100000,30.07
RPPVNLRLLHIFFEH66CB,坡道平面,1300000,30.07
RPVVNLRLLHIFFEH27CB,坡道平面,1050000,30.07
RPXVNLRLLHIFFEH47CB,坡道平面,1300000,30.07
RPOWNLRLLHIFFEH66CB,坡道平面,1300000,30.07
RPQWNLRLLHIFFEH86CB,坡道平面,1250000,30.07
RPUVNLRLLHIFFEH17CB,坡道平面,1200000,30.07
RPUVNLRLLHIFFEH17CB,坡道平面,1200000,30.07
RPPWNLRLLHIFFEH76CB,坡道平面,1300000,30.07
RPRWNLRLLHIFFEH96CB,坡道平面,1300000,30.07
RPUWNLRLLHIFFEH27CB,坡道平面,1300000,30.07
RPWWNLRLLHIFFEH47CB,坡道平面,1300000,30.07
RPQNOLRLLHIFFEH68CB,坡道平面,1150000,30.07
RPVWNLRLLHIFFEH37CB,坡道平面,1300000,30.07
RPWVNLRLLHIFFEH37CB,坡道平面,1300000,30.07
RPTWNLRLLHIFFEH17CB,坡道平面,1300000,30.07
RPTWNLRLLHIFFEH17CB,坡道平面,1250000,30.07
RPPNOLRLLHIFFEH58CB,坡道平面,1300000,30.07
RPXWNLRLLHIFFEH57CB,坡道平面,1300000,30.07
RPTNOLRLLHIFFEH98CB,坡道平面,1200000,30.07
RPWNOLRLLHIFFEH66CB,坡道平面,1300000,30.07
RPWNOLRLLHIFFEH66CB,坡道平面,1300000,30.07
RPVNOLRLLHIFFEH56CB,坡道平面,1300000,30.07
RPVNOLRLLHIFFEH56CB,坡道平面,1300000,30.07
RPSNOLRLLHIFFEH88CB,坡道平面,1200000,30.07
RPQOOLRLLHIFFEH78CB,坡道平面,1200000,30.07
RPXNOLRLLHIFFEH76CB,坡道平面,1200000,30.07
RPOOOLRLLHIFFEH58CB,坡道平面,1100000,30.07
RPUNOLRLLHIFFEH09CB,坡道平面,1300000,30.07
RPROOLRLLHIFFEH88CB,坡道平面,1200000,30.07
RPPOOLRLLHIFFEH68CB,坡道平面,1200000,30.07
RPUOOLRLLHIFFEH56CB,坡道平面,1100000,30.07
RPVOOLRLLHIFFEH66CB,坡道平面,1200000,30.07
RPTOOLRLLHIFFEH09CB,坡道平面,1050000,30.07
RPOPOLRLLHIFFEH68CB,坡道平面,1100000,30.07
RPWOOLRLLHIFFEH76CB,坡道平面,1250000,30.07
RPRPOLRLLHIFFEH98CB,坡道平面,1100000,30.07
RPSOOLRLLHIFFEH98CB,坡道平面,1300000,30.07
RPUPOLRLLHIFFEH66CB,坡道平面,1300000,30.07
RPVPOLRLLHIFFEH76CB,坡道平面,1100000,30.07
RPOQOLRLLHIFFEH78CB,坡道平面,1050000,30.07
RPQPOLRLLHIFFEH88CB,坡道平面,1100000,30.07
RPPQOLRLLHIFFEH88CB,坡道平面,1200000,30.07
RPSPOLRLLHIFFEH09CB,坡道平面,860000,30.07
RPRQOLRLLHIFFEH09CB,坡道平面,1200000,30.07
RPWPOLRLLHIFFEH86CB,坡道平面,750000,30.07
RPTPOLRLLHIFFEH56CB,坡道平面,1100000,30.07
RPVQOLRLLHIFFEH86CB,坡道平面,1200000,30.07
RPUQOLRLLHIFFEH76CB,坡道平面,1100000,30.07
RPTQOLRLLHIFFEH66CB,坡道平面,1300000,30.07
RPWQOLRLLHIFFEH96CB,坡道平面,1100000,30.07
RPSQOLRLLHIFFEH56CB,坡道平面,1150000,30.07
RPSROLRLLHIFFEH66CB,坡道平面,1200000,30.07
RPXQOLRLLHIFFEH07CB,坡道平面,1100000,30.07
RPQROLRLLHIFFEH09CB,坡道平面,1200000,30.07
RPWROLRLLHIFFEH07CB,坡道平面,1200000,30.07
RPUROLRLLHIFFEH86CB,坡道平面,1150000,30.07
RPXPOLRLLHIFFEH96CB,坡道平面,1200000,30.07
RPQSOLRLLHIFFEH56CB,坡道平面,1150000,30.07
RPOSOLRLLHIFFEH98CB,坡道平面,1250000,30.07
RPSSOLRLLHIFFEH76CB,坡道平面,1100000,30.07
RPXROLRLLHIFFEH17CB,坡道平面,1050000,30.07
RPRROLRLLHIFFEH56CB,坡道平面,1100000,30.07
RPQQOLRLLHIFFEH98CB,坡道平面,1200000,30.07
RPOROLRLLHIFFEH88CB,坡道平面,1100000,30.07
RPVSOLRLLHIFFEH07CB,坡道平面,1050000,30.07
RPVROLRLLHIFFEH96CB,坡道平面,1200000,30.07
RPWSOLRLLHIFFEH17CB,坡道平面,1150000,30.07
RPOTOLRLLHIFFEH09CB,坡道平面,1050000,30.07
RPRSOLRLLHIFFEH66CB,坡道平面,1050000,30.07
RPPTOLRLLHIFFEH56CB,坡道平面,1150000,30.07
RPRTOLRLLHIFFEH76CB,坡道平面,1050000,30.07
RPPSOLRLLHIFFEH09CB,坡道平面,1150000,30.07
RPUSOLRLLHIFFEH96CB,坡道平面,1200000,30.07
RPQTOLRLLHIFFEH66CB,坡道平面,1050000,30.07
RPTSOLRLLHIFFEH86CB,坡道平面,1200000,30.07
RPSTOLRLLHIFFEH86CB,坡道平面,1050000,30.07
RPTTOLRLLHIFFEH96CB,坡道平面,1100000,30.07
RPOUOLRLLHIFFEH56CB,坡道平面,1100000,30.07
RPVTOLRLLHIFFEH17CB,坡道平面,1050000,30.07
RPXTOLRLLHIFFEH37CB,坡道平面,1050000,30.07
RPPUOLRLLHIFFEH66CB,坡道平面,1100000,30.07
RPTUOLRLLHIFFEH07CB,坡道平面,1100000,30.07
RPRUOLRLLHIFFEH86CB,坡道平面,1300000,30.07
RPQUOLRLLHIFFEH76CB,坡道平面,1050000,30.07
RPWTOLRLLHIFFEH27CB,坡道平面,1300000,30.07
RPWUOLRLLHIFFEH37CB,坡道平面,1100000,30.07
RPVUOLRLLHIFFEH27CB,坡道平面,1200000,30.07
RPXUOLRLLHIFFEH47CB,坡道平面,1050000,30.07
RPOVOLRLLHIFFEH66CB,坡道平面,1100000,30.07
RPUUOLRLLHIFFEH17CB,坡道平面,1100000,30.07
RPRVOLRLLHIFFEH96CB,坡道平面,1200000,30.07
RPVVOLRLLHIFFEH37CB,坡道平面,1150000,30.07
RPWVOLRLLHIFFEH47CB,坡道平面,1100000,30.07
RPUVOLRLLHIFFEH27CB,坡道平面,1050000,30.07
RPOWOLRLLHIFFEH76CB,坡道平面,1100000,30.07
RPQWOLRLLHIFFEH96CB,坡道平面,1050000,30.07
RPPWOLRLLHIFFEH86CB,坡道平面,1100000,30.07
RPTVOLRLLHIFFEH17CB,坡道平面,1200000,30.07
RPSVOLRLLHIFFEH07CB,坡道平面,1100000,30.07
RPTWOLRLLHIFFEH27CB,坡道平面,1100000,30.07
RPQVOLRLLHIFFEH86CB,坡道平面,1050000,30.07
RPRWOLRLLHIFFEH07CB,坡道平面,1150000,30.07
RPSWOLRLLHIFFEH17CB,坡道平面,1050000,30.07
RPQOPLRLLHIFFEH88CB,坡道平面,1100000,30.07
RPROPLRLLHIFFEH98CB,坡道平面,1100000,30.07
RPTOPLRLLHIFFEH56CB,坡道平面,1100000,30.07
RPXVOLRLLHIFFEH57CB,坡道平面,1200000,30.07
RPUOPLRLLHIFFEH66CB,坡道平面,1100000,30.07
RPWOPLRLLHIFFEH86CB,坡道平面,1250000,30.07
RPSOPLRLLHIFFEH09CB,坡道平面,1100000,30.07
RPVOPLRLLHIFFEH76CB,坡道平面,1200000,30.07
RPSPPLRLLHIFFEH56CB,坡道平面,1250000,30.07
RPPPPLRLLHIFFEH88CB,坡道平面,1150000,30.07
RPTPPLRLLHIFFEH66CB,坡道平面,1100000,30.07
RPQPPLRLLHIFFEH98CB,坡道平面,1100000,30.07
RPXOPLRLLHIFFEH96CB,坡道平面,1100000,30.07
RPUPPLRLLHIFFEH76CB,坡道平面,1100000,30.07
RPVPPLRLLHIFFEH86CB,坡道平面,1200000,30.07
RPXPPLRLLHIFFEH07CB,坡道平面,1250000,30.07
RPQQPLRLLHIFFEH09CB,坡道平面,1050000,30.07
RPOPPLRLLHIFFEH78CB,坡道平面,1100000,30.07
RPRQPLRLLHIFFEH56CB,坡道平面,1050000,30.07
RPTQPLRLLHIFFEH76CB,坡道平面,1100000,30.07
RPWPPLRLLHIFFEH96CB,坡道平面,1050000,30.07
RPPQPLRLLHIFFEH98CB,坡道平面,1150000,30.07
RPSQPLRLLHIFFEH66CB,坡道平面,1100000,30.07
RPORPLRLLHIFFEH98CB,坡道平面,1200000,30.07
RPURPLRLLHIFFEH96CB,坡道平面,1250000,30.07
RPWQPLRLLHIFFEH07CB,坡道平面,1200000,30.07
RPWRPLRLLHIFFEH17CB,坡道平面,1150000,30.07
RPOQPLRLLHIFFEH88CB,坡道平面,1150000,30.07
RPVRPLRLLHIFFEH07CB,坡道平面,1100000,30.07
RPUQPLRLLHIFFEH86CB,坡道平面,1250000,30.07
RPRRPLRLLHIFFEH66CB,坡道平面,1100000,30.07
RPPRPLRLLHIFFEH09CB,坡道平面,1100000,30.07
RPSRPLRLLHIFFEH76CB,坡道平面,1050000,30.07
RPVSPLRLLHIFFEH17CB,坡道平面,1100000,30.07
RPPSPLRLLHIFFEH56CB,坡道平面,1150000,30.07
RPOSPLRLLHIFFEH09CB,坡道平面,1150000,30.07
RPTSPLRLLHIFFEH96CB,坡道平面,1050000,30.07
RPQSPLRLLHIFFEH66CB,坡道平面,1150000,30.07
RPSSPLRLLHIFFEH86CB,坡道平面,1050000,30.07
RPQTPLRLLHIFFEH76CB,坡道平面,1150000,30.07
RPWSPLRLLHIFFEH27CB,坡道平面,1050000,30.07
RPSTPLRLLHIFFEH96CB,坡道平面,1050000,30.07
RPVTPLRLLHIFFEH27CB,坡道平面,1100000,30.07
RPWTPLRLLHIFFEH37CB,坡道平面,760000,30.07
RPRUPLRLLHIFFEH96CB,坡道平面,1200000,30.07
RPUTPLRLLHIFFEH17CB,坡道平面,1050000,30.07
RPOUPLRLLHIFFEH66CB,坡道平面,1200000,30.07
RPPUPLRLLHIFFEH76CB,坡道平面,1200000,30.07
RPQVPLRLLHIFFEH96CB,坡道平面,1200000,30.07
RPVUPLRLLHIFFEH37CB,坡道平面,1050000,30.07
RPUUPLRLLHIFFEH27CB,坡道平面,1100000,30.07
RPPVPLRLLHIFFEH86CB,坡道平面,1200000,30.07
RPTVPLRLLHIFFEH27CB,坡道平面,1100000,30.07
RPTUPLRLLHIFFEH17CB,坡道平面,1100000,30.07
RPWUPLRLLHIFFEH47CB,坡道平面,1100000,30.07
RPOVPLRLLHIFFEH76CB,坡道平面,1250000,30.07
RPSUPLRLLHIFFEH07CB,坡道平面,1200000,30.07
RPVVPLRLLHIFFEH47CB,坡道平面,1200000,30.07
RPXVPLRLLHIFFEH67CB,坡道平面,1200000,30.07
RPWVPLRLLHIFFEH57CB,坡道平面,1300000,30.07
RPVWPLRLLHIFFEH57CB,坡道平面,1200000,30.07
RPUWPLRLLHIFFEH47CB,坡道平面,1150000,30.07
RPRNQLRLLHIFFEH98CB,坡道平面,1300000,30.07
RPPWPLRLLHIFFEH96CB,坡道平面,1300000,30.07
RPQWPLRLLHIFFEH07CB,坡道平面,1100000,30.07
RPVNQLRLLHIFFEH76CB,坡道平面,1150000,30.07
RPPNQLRLLHIFFEH78CB,坡道平面,1100000,30.07
RPSNQLRLLHIFFEH09CB,坡道平面,1200000,30.07
RPOWPLRLLHIFFEH86CB,坡道平面,810000,30.07
RPXWPLRLLHIFFEH77CB,坡道平面,1300000,30.07
RPSWPLRLLHIFFEH27CB,坡道平面,1300000,30.07
RPXNQLRLLHIFFEH96CB,坡道平面,1300000,30.07
RPUOQLRLLHIFFEH76CB,坡道平面,1100000,30.07
RPUNQLRLLHIFFEH66CB,坡道平面,1200000,30.07
RPQOQLRLLHIFFEH98CB,坡道平面,1200000,30.07
RPPOQLRLLHIFFEH88CB,坡道平面,1150000,30.07
RPWOQLRLLHIFFEH96CB,坡道平面,1100000,30.07
RPSOQLRLLHIFFEH56CB,坡道平面,1200000,30.07
RPTOQLRLLHIFFEH66CB,坡道平面,1100000,30.07
RPXOQLRLLHIFFEH07CB,坡道平面,1150000,30.07
RPOOQLRLLHIFFEH78CB,坡道平面,1100000,30.07
RPUPQLRLLHIFFEH86CB,坡道平面,720000,30.07
RPTPQLRLLHIFFEH76CB,坡道平面,1050000,30.07
RPPPQLRLLHIFFEH98CB,坡道平面,1150000,30.07
RPSPQLRLLHIFFEH66CB,坡道平面,1150000,30.07
RPQPQLRLLHIFFEH09CB,坡道平面,1300000,30.07
RPXPQLRLLHIFFEH17CB,坡道平面,1050000,30.07
RPOPQLRLLHIFFEH88CB,坡道平面,1200000,30.07
RPWPQLRLLHIFFEH07CB,坡道平面,1200000,30.07
RPQQQLRLLHIFFEH56CB,坡道平面,1050000,30.07
RPPQQLRLLHIFFEH09CB,坡道平面,1100000,30.07
RPTQQLRLLHIFFEH86CB,坡道平面,1100000,30.07
RPRQQLRLLHIFFEH66CB,坡道平面,1150000,30.07
RPUQQLRLLHIFFEH96CB,坡道平面,1050000,30.07
RPXQQLRLLHIFFEH27CB,坡道平面,1200000,30.07
RPVQQLRLLHIFFEH07CB,坡道平面,1150000,30.07
RPPRQLRLLHIFFEH56CB,坡道平面,1100000,30.07
RPORQLRLLHIFFEH09CB,坡道平面,1200000,30.07
RPTRQLRLLHIFFEH96CB,坡道平面,1200000,30.07
RPSRQLRLLHIFFEH86CB,坡道平面,1150000,30.07
RPQRQLRLLHIFFEH66CB,坡道平面,1100000,30.07
RPWRQLRLLHIFFEH27CB,坡道平面,1200000,30.07
RPOSQLRLLHIFFEH56CB,坡道平面,1200000,30.07
RPVRQLRLLHIFFEH17CB,坡道平面,1100000,30.07
RPRSQLRLLHIFFEH86CB,坡道平面,1100000,30.07
RPXRQLRLLHIFFEH37CB,坡道平面,1100000,30.07
RPSSQLRLLHIFFEH96CB,坡道平面,1250000,30.07
RPPSQLRLLHIFFEH66CB,坡道平面,1300000,30.07
RPUSQLRLLHIFFEH17CB,坡道平面,1300000,30.07
RPVSQLRLLHIFFEH27CB,坡道平面,1200000,30.07
RPQSQLRLLHIFFEH76CB,坡道平面,1150000,30.07
RPWSQLRLLHIFFEH37CB,坡道平面,1300000,30.07
RPPTQLRLLHIFFEH76CB,坡道平面,1300000,30.07
RPTTQLRLLHIFFEH17CB,坡道平面,1100000,
RPRTQLRLLHIFFEH96CB,坡道平面,1200000,30.07
RPUTQLRLLHIFFEH27CB,坡道平面,1200000,30.07
RPXSQLRLLHIFFEH47CB,坡道平面,1200000,30.07
RPVTQLRLLHIFFEH37CB,坡道平面,1150000,30.07
RPXTQLRLLHIFFEH57CB,坡道平面,1250000,30.07
RPQTQLRLLHIFFEH86CB,坡道平面,1100000,30.07
RPSTQLRLLHIFFEH07CB,坡道平面,1100000,30.07
RPPUQLRLLHIFFEH86CB,坡道平面,1250000,30.07
RPQUQLRLLHIFFEH96CB,坡道平面,1100000,30.07
RPRUQLRLLHIFFEH07CB,坡道平面,1200000,30.07
RPSUQLRLLHIFFEH17CB,坡道平面,1300000,30.07
RPTUQLRLLHIFFEH27CB,坡道平面,1200000,30.07
RPVUQLRLLHIFFEH47CB,坡道平面,1250000,30.07
RPXUQLRLLHIFFEH67CB,坡道平面,1250000,30.07
RPOUQLRLLHIFFEH76CB,坡道平面,1100000,30.07
RPQVQLRLLHIFFEH07CB,坡道平面,1200000,30.07
RPWUQLRLLHIFFEH57CB,坡道平面,1100000,30.07
RPSVQLRLLHIFFEH27CB,坡道平面,1300000,30.07
RPVVQLRLLHIFFEH57CB,坡道平面,1300000,30.07
RPWVQLRLLHIFFEH67CB,坡道平面,1250000,30.07
RPXVQLRLLHIFFEH77CB,坡道平面,1200000,30.07
RPTVQLRLLHIFFEH37CB,坡道平面,1100000,30.07
RPOVQLRLLHIFFEH86CB,坡道平面,1100000,30.07
RPQWQLRLLHIFFEH17CB,坡道平面,1250000,30.07
RPOWQLRLLHIFFEH96CB,坡道平面,1100000,30.07
RPRWQLRLLHIFFEH27CB,坡道平面,1100000,30.07
RPTWQLRLLHIFFEH47CB,坡道平面,1100000,30.07
RPPWQLRLLHIFFEH07CB,坡道平面,1200000,30.07
RPRVQLRLLHIFFEH17CB,坡道平面,1100000,30.07
RPSWQLRLLHIFFEH37CB,坡道平面,1200000,30.07
RPSWQLRLLHIFFEH37CB,坡道平面,1200000,30.07
RPXWQLRLLHIFFEH87CB,坡道平面,1300000,30.07
RPVWQLRLLHIFFEH67CB,坡道平面,1250000,30.07
RPONRLRLLHIFFEH78CB,坡道平面,1200000,30.07
RPONRLRLLHIFFEH78CB,坡道平面,1150000,30.07
RPUWQLRLLHIFFEH57CB,坡道平面,1300000,30.07
RPPNRLRLLHIFFEH88CB,坡道平面,1200000,30.07
RPRNRLRLLHIFFEH09CB,坡道平面,1200000,30.07
RPRNRLRLLHIFFEH09CB,坡道平面,1150000,30.07
RPWWQLRLLHIFFEH77CB,坡道平面,1300000,30.07
RPSNRLRLLHIFFEH56CB,坡道平面,1100000,30.07
RPSNRLRLLHIFFEH56CB,坡道平面,1100000,30.07
RPUNRLRLLHIFFEH76CB,坡道平面,1300000,30.07
RPQNRLRLLHIFFEH98CB,坡道平面,1200000,30.07
RPVNRLRLLHIFFEH86CB,坡道平面,1200000,30.07
RPTNRLRLLHIFFEH66CB,坡道平面,1200000,30.07
RPTNRLRLLHIFFEH66CB,坡道平面,1100000,30.07
RPWNRLRLLHIFFEH96CB,坡道平面,1200000,30.07
RPWNRLRLLHIFFEH96CB,坡道平面,1200000,30.07
RPPNMLNKMHIFFEH97CB,坡道平面,800000,31.69
RPPNMLNKMHIFFEH97CB,坡道平面,800000,31.69
RPQNMLNKMHIFFEH08CB,坡道平面,1100000,31.69
RPUNMLNKMHIFFEH48CB,坡道平面,1200000,31.78
RPSNMLNKMHIFFEH28CB,坡道平面,1100000,31.69
RPSNMLNKMHIFFEH28CB,坡道平面,1000000,27.33
RPVNMLNKMHIFFEH58CB,坡道平面,1100000,31.69
RPXNMLNKMHIFFEH78CB,坡道平面,1100000,31.69
RPXNMLNKMHIFFEH78CB,坡道平面,1100000,31.69
RPPOMLNKMHIFFEH08CB,坡道平面,1200000,31.69
RPPOMLNKMHIFFEH08CB,坡道平面,1200000,31.69
RPWNMLNKMHIFFEH68CB,坡道平面,1100000,31.69
RPWNMLNKMHIFFEH68CB,坡道平面,1100000,31.69
RPTNMLNKMHIFFEH38CB,坡道平面,1000000,27.33
RPTNMLNKMHIFFEH38CB,坡道平面,1100000,31.69
RPRNMLNKMHIFFEH18CB,坡道平面,1200000,31.69
RPRNMLNKMHIFFEH18CB,坡道平面,1200000,31.69
RPRNMLNKMHIFFEH18CB,坡道平面,1200000,31.69
RPTOMLNKMHIFFEH48CB,坡道平面,1200000,31.69
RPTOMLNKMHIFFEH48CB,坡道平面,1200000,31.69
RPWOMLNKMHIFFEH78CB,坡道平面,1100000,31.69
RPWOMLNKMHIFFEH78CB,坡道平面,1100000,31.69
RPOOMLNKMHIFFEH97CB,坡道平面,1100000,27.33
RPOOMLNKMHIFFEH97CB,坡道平面,1100000,27.33
RPPPMLNKMHIFFEH18CB,坡道平面,1000000,27.33
RPPPMLNKMHIFFEH18CB,坡道平面,1100000,31.69
RPOPMLNKMHIFFEH08CB,坡道平面,1200000,31.78
RPOPMLNKMHIFFEH08CB,坡道平面,1200000,31.78
RPUOMLNKMHIFFEH58CB,坡道平面,1100000,27.33
RPUOMLNKMHIFFEH58CB,坡道平面,1200000,31.69
RPXOMLNKMHIFFEH88CB,坡道平面,1200000,31.69
RPXOMLNKMHIFFEH88CB,坡道平面,1200000,31.69
RPRPMLNKMHIFFEH38CB,坡道平面,1100000,31.69
RPRPMLNKMHIFFEH38CB,坡道平面,1100000,31.69
RPRPMLNKMHIFFEH38CB,坡道平面,1100000,31.69
RPSPMLNKMHIFFEH48CB,坡道平面,1200000,31.69
RPSPMLNKMHIFFEH48CB,坡道平面,1200000,31.69
RPSPMLNKMHIFFEH48CB,坡道平面,1200000,31.69
RPQOMLNKMHIFFEH18CB,坡道平面,1200000,31.69
RPQOMLNKMHIFFEH18CB,坡道平面,1200000,31.69
RPUPMLNKMHIFFEH68CB,坡道平面,1100000,31.69
RPUPMLNKMHIFFEH68CB,坡道平面,1100000,31.69
RPPQMLNKMHIFFEH28CB,坡道平面,1100000,31.69
RPPQMLNKMHIFFEH28CB,坡道平面,1100000,31.69
RPXPMLNKMHIFFEH98CB,坡道平面,1000000,27.33
RPXPMLNKMHIFFEH98CB,坡道平面,1000000,27.33
RPWPMLNKMHIFFEH88CB,坡道平面,1000000,27.33
RPWPMLNKMHIFFEH88CB,坡道平面,1000000,27.33
RPQQMLNKMHIFFEH38CB,坡道平面,1000000,27.33
RPQQMLNKMHIFFEH38CB,坡道平面,1000000,27.33
RPSQMLNKMHIFFEH58CB,坡道平面,1100000,27.33
RPSOMLNKMHIFFEH38CB,坡道平面,1100000,31.69
RPSOMLNKMHIFFEH38CB,坡道平面,1100000,31.69
RPOQMLNKMHIFFEH18CB,坡道平面,1200000,31.69
RPOQMLNKMHIFFEH18CB,坡道平面,1200000,31.69
RPTPMLNKMHIFFEH58CB,坡道平面,1100000,27.33
RPTPMLNKMHIFFEH58CB,坡道平面,1100000,27.33
RPVQMLNKMHIFFEH88CB,坡道平面,1100000,31.69
RPVQMLNKMHIFFEH88CB,坡道平面,1100000,31.69
RPTQMLNKMHIFFEH68CB,坡道平面,1200000,31.69
RPVPMLNKMHIFFEH78CB,坡道平面,1100000,31.69
RPUQMLNKMHIFFEH78CB,坡道平面,1100000,31.69
RPUQMLNKMHIFFEH78CB,坡道平面,1100000,31.69
RPWQMLNKMHIFFEH98CB,坡道平面,1000000,27.33
RPWQMLNKMHIFFEH98CB,坡道平面,1000000,27.33
RPRQMLNKMHIFFEH48CB,坡道平面,1100000,31.69
RPRQMLNKMHIFFEH48CB,坡道平面,1100000,31.69
RPQRMLNKMHIFFEH48CB,坡道平面,1100000,31.69
RPURMLNKMHIFFEH88CB,坡道平面,1000000,27.33
RPURMLNKMHIFFEH88CB,坡道平面,1000000,27.33
RPORMLNKMHIFFEH28CB,坡道平面,1100000,31.69
RPORMLNKMHIFFEH28CB,坡道平面,1000000,27.33
RPXQMLNKMHIFFEH09CB,坡道平面,1100000,31.69
RPXQMLNKMHIFFEH09CB,坡道平面,1000000,27.33
RPRRMLNKMHIFFEH58CB,坡道平面,1100000,31.69
RPTRMLNKMHIFFEH78CB,坡道平面,1100000,31.69
RPTRMLNKMHIFFEH78CB,坡道平面,1100000,31.69
RPWRMLNKMHIFFEH09CB,坡道平面,1000000,31.69
RPWRMLNKMHIFFEH09CB,坡道平面,1000000,31.69
RPVRMLNKMHIFFEH98CB,坡道平面,800000,31.69
RPVRMLNKMHIFFEH98CB,坡道平面,750000,27.33
RPXRMLNKMHIFFEH56CB,坡道平面,1100000,31.69
RPXRMLNKMHIFFEH56CB,坡道平面,1100000,31.69
RPSRMLNKMHIFFEH68CB,坡道平面,1100000,31.69
RPSRMLNKMHIFFEH68CB,坡道平面,1100000,31.69
RPPRMLNKMHIFFEH38CB,坡道平面,1000000,27.33
RPPRMLNKMHIFFEH38CB,坡道平面,1000000,27.33
RPQSMLNKMHIFFEH58CB,坡道平面,1200000,31.69
RPQSMLNKMHIFFEH58CB,坡道平面,1200000,31.69
RPRSMLNKMHIFFEH68CB,坡道平面,1200000,31.69
RPRSMLNKMHIFFEH68CB,坡道平面,1100000,27.33
RPSSMLNKMHIFFEH78CB,坡道平面,800000,31.69
RPSSMLNKMHIFFEH78CB,坡道平面,800000,31.69
RPPSMLNKMHIFFEH48CB,坡道平面,1100000,27.33
RPPSMLNKMHIFFEH48CB,坡道平面,1200000,31.69
RPTSMLNKMHIFFEH88CB,坡道平面,1200000,31.78
RPTSMLNKMHIFFEH88CB,坡道平面,1100000,27.33
RPOSMLNKMHIFFEH38CB,坡道平面,1000000,27.33
RPOSMLNKMHIFFEH38CB,坡道平面,1000000,27.33
RPVSMLNKMHIFFEH09CB,坡道平面,1100000,27.33
RPVSMLNKMHIFFEH09CB,坡道平面,1200000,31.69
RPWSMLNKMHIFFEH56CB,坡道平面,1000000,27.33
RPWSMLNKMHIFFEH56CB,坡道平面,1000000,27.33
RPQTMLNKMHIFFEH68CB,坡道平面,1000000,27.33
RPQTMLNKMHIFFEH68CB,坡道平面,1000000,27.33
RPPTMLNKMHIFFEH58CB,坡道平面,1100000,27.33
RPPTMLNKMHIFFEH58CB,坡道平面,1200000,31.78
RPOTMLNKMHIFFEH48CB,坡道平面,1100000,31.69
RPOTMLNKMHIFFEH48CB,坡道平面,1100000,31.69
RPXSMLNKMHIFFEH66CB,坡道平面,1100000,27.33
RPXSMLNKMHIFFEH66CB,坡道平面,1200000,31.69
RPUTMLNKMHIFFEH09CB,坡道平面,1000000,31.69
RPUTMLNKMHIFFEH09CB,坡道平面,1000000,31.69
RPTTMLNKMHIFFEH98CB,坡道平面,1200000,31.78
RPTTMLNKMHIFFEH98CB,坡道平面,1100000,27.33
RPVTMLNKMHIFFEH56CB,坡道平面,1100000,31.69
RPVTMLNKMHIFFEH56CB,坡道平面,1000000,27.33
RPRTMLNKMHIFFEH78CB,坡道平面,1100000,31.69
RPRTMLNKMHIFFEH78CB,坡道平面,1000000,27.33
RPSTMLNKMHIFFEH88CB,坡道平面,1000000,27.33
RPSTMLNKMHIFFEH88CB,坡道平面,1000000,27.33
RPWTMLNKMHIFFEH66CB,坡道平面,1100000,31.69
RPWTMLNKMHIFFEH66CB,坡道平面,1100000,31.69
RPRUMLNKMHIFFEH88CB,坡道平面,1000000,27.33
RPRUMLNKMHIFFEH88CB,坡道平面,1000000,27.33
RPPUMLNKMHIFFEH68CB,坡道平面,1100000,31.69
RPPUMLNKMHIFFEH68CB,坡道平面,1100000,31.69
RPQUMLNKMHIFFEH78CB,坡道平面,1100000,31.69
RPQUMLNKMHIFFEH78CB,坡道平面,1100000,31.69
RPOUMLNKMHIFFEH58CB,坡道平面,1200000,31.69
RPWUMLNKMHIFFEH76CB,坡道平面,1000000,31.69
RPWUMLNKMHIFFEH76CB,坡道平面,1000000,31.69
RPXTMLNKMHIFFEH76CB,坡道平面,1100000,31.69
RPXTMLNKMHIFFEH76CB,坡道平面,1100000,31.69
RPVUMLNKMHIFFEH66CB,坡道平面,1100000,31.69
RPVUMLNKMHIFFEH66CB,坡道平面,1100000,31.69
RPSUMLNKMHIFFEH98CB,坡道平面,1100000,31.69
RPUUMLNKMHIFFEH56CB,坡道平面,1000000,31.69
RPUUMLNKMHIFFEH56CB,坡道平面,1000000,31.69
RPXUMLNKMHIFFEH86CB,坡道平面,1100000,31.69
RPXUMLNKMHIFFEH86CB,坡道平面,1100000,31.69
RPOVMLNKMHIFFEH68CB,坡道平面,1200000,31.69
RPPVMLNKMHIFFEH78CB,坡道平面,1100000,31.69
RPPVMLNKMHIFFEH78CB,坡道平面,1100000,31.69
RPSVMLNKMHIFFEH09CB,坡道平面,1100000,27.33
RPSVMLNKMHIFFEH09CB,坡道平面,1200000,31.69
RPQVMLNKMHIFFEH88CB,坡道平面,1100000,27.33
RPQVMLNKMHIFFEH88CB,坡道平面,1200000,31.69
RPRVMLNKMHIFFEH98CB,坡道平面,1100000,27.33
RPRVMLNKMHIFFEH98CB,坡道平面,1200000,31.78
RPTVMLNKMHIFFEH56CB,坡道平面,1100000,27.33
RPTVMLNKMHIFFEH56CB,坡道平面,1200000,31.78
RPWVMLNKMHIFFEH86CB,坡道平面,1100000,31.69
RPWVMLNKMHIFFEH86CB,坡道平面,1100000,31.69
RPUVMLNKMHIFFEH66CB,坡道平面,1200000,31.69
RPXVMLNKMHIFFEH96CB,坡道平面,1200000,31.69
RPXVMLNKMHIFFEH96CB,坡道平面,1200000,31.69
RPQWMLNKMHIFFEH98CB,坡道平面,1100000,31.69
RPQWMLNKMHIFFEH98CB,坡道平面,1100000,31.69
RPSWMLNKMHIFFEH56CB,坡道平面,1000000,31.69
RPSWMLNKMHIFFEH56CB,坡道平面,1000000,31.69
RPVVMLNKMHIFFEH76CB,坡道平面,1100000,31.69
RPVVMLNKMHIFFEH76CB,坡道平面,1100000,31.69
RPTWMLNKMHIFFEH66CB,坡道平面,1200000,31.69
RPTWMLNKMHIFFEH66CB,坡道平面,1100000,27.33
RPOWMLNKMHIFFEH78CB,坡道平面,1100000,27.33
RPOWMLNKMHIFFEH78CB,坡道平面,1100000,27.33
RPOWMLNKMHIFFEH78CB,坡道平面,1200000,31.69
RPRWMLNKMHIFFEH09CB,坡道平面,1100000,31.69
RPWWMLNKMHIFFEH96CB,坡道平面,1100000,31.69
RPWWMLNKMHIFFEH96CB,坡道平面,1100000,31.69
RPWWMLNKMHIFFEH96CB,坡道平面,1100000,31.69
RPPWMLNKMHIFFEH88CB,坡道平面,1100000,31.69
RPPWMLNKMHIFFEH88CB,坡道平面,1100000,31.69
RPVWMLNKMHIFFEH86CB,坡道平面,1100000,31.69
RPVWMLNKMHIFFEH86CB,坡道平面,1100000,31.69
RPUSMLQKMHIFFAH98DB,坡道平面,1600000,32.98
RPSTMLQKMHIFFAH88DB,一樓平面,1500000,32.98
RPTTMLQKMHIFFAH98DB,坡道平面,1600000,32.98
RPPTMLQKMHIFFAH58DB,坡道平面,1600000,32.98
RPVTMLQKMHIFFAH56DB,坡道平面,1600000,32.98
RPRTMLQKMHIFFAH78DB,坡道平面,1600000,32.98
RPUTMLQKMHIFFAH09DB,坡道平面,1600000,32.98
RPQTMLQKMHIFFAH68DB,坡道平面,1600000,32.98
RPPUMLQKMHIFFAH68DB,坡道平面,1600000,32.98
RPXTMLQKMHIFFAH76DB,坡道平面,1600000,32.98
RPOUMLQKMHIFFAH58DB,一樓平面,1500000,32.98
