﻿編號,屋齡,建物移轉面積平方公尺,主要用途,主要建材,建築完成日期,總層數,建物分層
The serial number,room age,building shifting area square meter,the main use,main building materials,construction completes the date,total layer,building lamination
RPQOMLSKKHIFFAV76CA,9,225.78,住家用,鋼筋混凝土造,93年4月28日,三層,一層 二層 三層
RPROMLSKKHIFFAV86CA,7,167.21,住家用,鋼筋混凝土造,94年8月29日,三層,一層 二層 三層
RPTNMLOJKHIFFAV09CA,,192.76,住家用,見其他登記事項,101年11月23日,三層,一層 二層 三層
RPUNMLPJKHIFFAV66CA,,209.44,住家用,見其他登記事項,101年9月27日,三層,一層 二層 三層
RPVNMLPJKHIFFAV76CA,33,93.16,住家用,加強磚造,69年5月11日,二層,一層 二層
RPTOMLQJKHIFFAV86DA,,22.95,住家用,見其他登記事項,,一層,一層 騎樓
RPRNMLRJKHIFFAV56CA,8,203.24,見其他登記事項,鋼筋混凝土造,94年5月12日,二層,一層 二層
RPXNMLSKKHIFFAV37CA,7,136.09,住家用,見其他登記事項,94年9月16日,三層,一層 二層 三層
RPUNMLRJKHIFFAV86CA,32,99.27,住家用,加強磚造,69年11月24日,二層,一層 二層
RPPNMLSJKHIFFAV09CA,16,109.05,見其他登記事項,鋼筋混凝土造,85年9月25日,三層,一層 二層 三層
RPUPMLQJKHIFFAV96CA,17,182.51,住商用,鋼筋混凝土造,84年8月7日,三層,一層 二層 三層 騎樓
RPOOMLRJKHIFFAV98CA,30,93.41,國民住宅,鋼筋混凝土造,72年2月22日,四層,三層
RPOOMLRJKHIFFAV98CA,30,6.83,見其他登記事項,鋼筋混凝土造,72年2月22日,四層,
RPROMLPJKHIFFAV09CA,14,181.71,住家用,鋼筋混凝土造,88年5月18日,三層,一層 二層 三層
SPQNMLRJKHIFFAV56CA,6,.58,住家用,見其他登記事項,95年8月15日,一層,
RPQNMLRJKHIFFAV09CA,6,235.32,住家用,見其他登記事項,95年8月15日,三層,一層 二層 三層
RPTNMLPJKHIFFAV56CA,39,137.28,住商用,見其他登記事項,63年1月15日,三層,一層 二層 三層 騎樓
RPVNMLRLKHIFFAV17CA,38,155.49,住商用,見其他登記事項,63年11月5日,二層,一層 二層 騎樓
RPUNMLQLKHIFFAV96CA,,73.44,住家用,見其他登記事項,,一層,一層
RPQNMLPJLHIFFAV98CA,19,99.42,見其他登記事項,鋼筋混凝土造,83年4月1日,四層,四層
RPQNMLPJLHIFFAV98CA,19,26.36,見其他登記事項,鋼筋混凝土造,83年4月1日,四層,
RPXNMLQJKHIFFAV17DA,7,272.20,見其他登記事項,見其他登記事項,95年2月20日,三層,一層 二層 三層 騎樓
RPUNMLQJKHIFFAV86DA,30,78.02,住家用,加強磚造,71年10月13日,一層,一層
RPVNMLQJKHIFFAV96DA,16,110.88,農舍,見其他登記事項,85年12月20日,一層,一層
RPSNMLQJKHIFFAV66DA,29,90.66,國民住宅,鋼筋混凝土造,72年10月4日,四層,二層
RPSNMLQJKHIFFAV66DA,,4.54,見其他登記事項,鋼筋混凝土造,,四層,
RPPNMLQJKHIFFDV56CA,18,30.87,見其他登記事項,鋼筋混凝土造,84年7月14日,八層,三層
RPPNMLQJKHIFFDV56CA,18,7.44,見其他登記事項,鋼筋混凝土造,84年7月14日,八層,
RPSPMLQJKHIFFAV86DA,39,95.54,住家用,見其他登記事項,63年7月8日,二層,一層 二層 騎樓
RPXNMLMLKHIFFAV86CA,,253.74,住家用,見其他登記事項,101年10月31日,三層,一層 二層 三層
RPWOMLSKKHIFFAV37CA,29,88.91,國民住宅,鋼筋混凝土造,72年10月19日,四層,一層
RPWOMLSKKHIFFAV37CA,,4.63,見其他登記事項,鋼筋混凝土造,,四層,
RPSNMLQLKHIFFAV76CA,,127.46,住家用,鋼筋混凝土造,,三層,一層 二層 三層
RPTOMLSKKHIFFAV07CA,19,22.58,見其他登記事項,鋼筋混凝土造,83年1月26日,七層,七層
RPTOMLSKKHIFFAV07CA,19,.48,共同使用部份,鋼筋混凝土造,83年1月26日,七層,
RPTOMLSKKHIFFAV07CA,19,.48,共同使用部份,鋼筋混凝土造,83年1月26日,七層,
RPTOMLSKKHIFFAV07CA,19,.48,共同使用部份,鋼筋混凝土造,83年1月26日,七層,
RPTOMLSKKHIFFAV07CA,19,.48,共同使用部份,鋼筋混凝土造,83年1月26日,七層,
RPTOMLSKKHIFFAV07CA,19,.48,共同使用部份,鋼筋混凝土造,83年1月26日,七層,
RPTOMLSKKHIFFAV07CA,19,.48,共同使用部份,鋼筋混凝土造,83年1月26日,七層,
RPTOMLSKKHIFFAV07CA,19,.49,共同使用部份,鋼筋混凝土造,83年1月26日,七層,
RPTOMLSKKHIFFAV07CA,19,3.66,共同使用部份,鋼筋混凝土造,83年1月26日,七層,
RPQNMLSJKHIFFAV56CA,39,91.30,住家用,見其他登記事項,62年7月30日,二層,一層 二層 騎樓
RPQNMLKLKHIFFAV58CA,17,89.74,住家用,鋼筋混凝土造,85年6月28日,七層,二層
RPTNMLSJKHIFFAV86CA,,248.88,住家用,鋼筋混凝土造,101年11月14日,三層,一層 二層 三層 屋頂突出物
RPTNMLSKLHIFFAV07CA,18,100.22,見其他登記事項,鋼筋混凝土造,84年2月17日,八層,五層
RPTNMLSKLHIFFAV07CA,18,17.65,見其他登記事項,鋼筋混凝土造,84年2月17日,八層,
RPTNMLSKLHIFFAV07CA,18,12.74,見其他登記事項,鋼筋混凝土造,84年2月17日,八層,
RPSNMLKLLHIFFAV98DA,17,76.34,住家用,鋼筋混凝土造,84年12月4日,十六層,十層
RPSNMLKLLHIFFAV98DA,17,21.97,見其他登記事項,鋼筋混凝土造,84年12月4日,十六層,
RPPNMLTKLHIFFCV07DA,10,133.94,農舍,見其他登記事項,91年10月8日,一層,一層
RPWNMLTKKHIFFAV37CA,,306.18,住家用,見其他登記事項,102年1月7日,四層,二層 三層 四層 一層
RPSNMLLLKHIFFAV98DA,19,59.53,見其他登記事項,鋼筋混凝土造,83年1月26日,七層,三層
RPSNMLLLKHIFFAV98DA,19,.15,共同使用部份,鋼筋混凝土造,83年1月26日,七層,
RPSNMLLLKHIFFAV98DA,19,.15,共同使用部份,鋼筋混凝土造,83年1月26日,七層,
RPSNMLLLKHIFFAV98DA,19,.15,共同使用部份,鋼筋混凝土造,83年1月26日,七層,
RPSNMLLLKHIFFAV98DA,19,.15,共同使用部份,鋼筋混凝土造,83年1月26日,七層,
RPSNMLLLKHIFFAV98DA,19,.15,共同使用部份,鋼筋混凝土造,83年1月26日,七層,
RPSNMLLLKHIFFAV98DA,19,.15,共同使用部份,鋼筋混凝土造,83年1月26日,七層,
RPSNMLLLKHIFFAV98DA,19,.15,共同使用部份,鋼筋混凝土造,83年1月26日,七層,
RPSNMLLLKHIFFAV98DA,19,1.16,共同使用部份,鋼筋混凝土造,83年1月26日,七層,
RPVNMLTKKHIFFAV27CA,,306.03,住家用,見其他登記事項,102年1月7日,四層,一層 二層 三層 四層
RPTNMLTKKHIFFAV07CA,,310.74,住家用,見其他登記事項,102年1月7日,四層,一層 二層 三層 四層
RPSOMLMLKHIFFAV09CA,34,49.82,住家用,加強磚造,68年1月10日,一層,一層 騎樓
RPQNMLMLKHIFFDV56DA,18,27.74,見其他登記事項,鋼筋混凝土造,83年9月30日,八層,五層
RPWNMLMLKHIFFAV86DA,34,116.43,住家用,加強磚造,67年11月14日,二層,一層 二層
RPRNMLRLKHIFFAV86DA,39,67.48,住家用,見其他登記事項,63年7月1日,一層,一層
RPTNMLKLLHIFFAV98CA,29,88.82,國民住宅,鋼筋混凝土造,72年10月19日,四層,二層
RPTNMLLKLHIFFAV98CA,19,260.00,住家用,鋼筋混凝土造,82年11月11日,三層,一層 二層 三層
RPQOMLMLKHIFFAV88CA,33,106.22,住家用,鋼筋混凝土造,69年5月7日,二層,一層 二層 騎樓
RPUNMLNLKHIFFAV66CA,,195.52,住家用,見其他登記事項,101年8月29日,三層,一層 二層 三層
RPTNMLMLKHIFFAV09CA,19,219.39,住家用,鋼筋混凝土造,83年5月11日,四層,一層 二層 三層 四層 騎樓
RPXNMLRLKHIFFAV37CA,17,154.02,住家用,鋼筋混凝土造,84年11月4日,三層,一層 二層 三層
RPWNMLQLKHIFFAV17CA,18,29.44,見其他登記事項,鋼筋混凝土造,84年2月21日,五層,三層
RPWNMLQLKHIFFAV17CA,18,1.71,共同使用部份,鋼筋混凝土造,84年2月21日,五層,
RPWNMLQLKHIFFAV17CA,18,7.38,見其他登記事項,鋼筋混凝土造,84年2月21日,五層,
RPWNMLQLKHIFFAV17CA,18,7.61,見其他登記事項,鋼筋混凝土造,84年2月21日,五層,
RPTNMLPJLHIFFAV66CA,17,94.50,住家用,鋼筋混凝土造,85年6月28日,七層,七層
RPTNMLPJLHIFFAV66CA,17,7.72,見其他登記事項,鋼筋混凝土造,85年6月28日,七層,
RPTNMLPJLHIFFAV66CA,17,4.85,見其他登記事項,鋼筋混凝土造,85年6月28日,七層,
RPTNMLPJLHIFFAV66CA,17,4.08,見其他登記事項,鋼筋混凝土造,85年6月28日,七層,
RPTNMLPJLHIFFAV66CA,17,16.01,見其他登記事項,鋼筋混凝土造,85年6月28日,七層,
RPVNMLPLKHIFFBV07CA,18,142.62,住家用,鋼筋混凝土造,84年1月25日,三層,一層 二層 三層
RPPNMLSJLHIFFAV56CA,19,80.49,見其他登記事項,鋼筋混凝土造,83年5月16日,十三層,十三層
RPQNMLQLKHIFFAV56CA,6,163.06,住家用,見其他登記事項,96年6月15日,三層,一層 二層 三層
RPPNMLTJLHIFFAV66CA,33,95.76,住家用,加強磚造,69年3月11日,二層,一層 二層 騎樓
RPRNMLTJLHIFFAV86CA,19,211.86,住家用,鋼筋混凝土造,82年8月26日,四層,一層 二層 三層 四層
RPRNMLMLLHIFFAV98CA,19,70.64,見其他登記事項,鋼筋混凝土造,83年5月17日,六層,二層
RPVNMLPLKHIFFAV96CA,24,141.96,住家用,加強磚造,78年4月6日,二層,一層 二層
RPPNMLOJLHIFFAV78CA,14,168.43,住家用,鋼筋混凝土造,88年2月10日,三層,一層 二層 三層
RPTNMLOJLHIFFAV56CA,32,110.88,住家用,加強磚造,69年10月6日,二層,一層 二層 騎樓
RPQNMLTJLHIFFAV76CA,32,92.88,住家用,加強磚造,69年9月26日,二層,一層 二層
RPSNMLRJLHIFFCV96CA,35,144.18,見其他登記事項,加強磚造,66年8月13日,二層,一層 二層
RPVNMLLLLHIFFAV66CA,47,67.94,住家用,見其他登記事項,55年7月15日,一層,一層
RPPNMLPJLHIFFAV88CA,33,121.44,住家用,加強磚造,69年7月5日,二層,一層 二層 騎樓
RPPNMLSJLHIFFDV86CA,18,64.58,見其他登記事項,鋼筋混凝土造,84年1月10日,八層,一層 騎樓
RPRNMLRJLHIFFAV76DA,6,174.41,見其他登記事項,見其他登記事項,95年10月4日,三層,一層 二層 三層
RPQNMLOJLHIFFAV98DA,,188.42,住家用,見其他登記事項,101年9月18日,三層,一層 二層 三層
RPRNMLPLLHIFFAV76DA,,184.66,住家用,見其他登記事項,101年12月17日,三層,一層 二層 三層
RPUNMLSJLHIFFAV17DA,,181.42,住家用,見其他登記事項,101年12月17日,三層,一層 二層 三層
RPTNMLPLLHIFFAV96DA,28,115.03,住家用,加強磚造,73年8月31日,二層,一層 二層 騎樓
RPQNMLPLLHIFFAV66DA,,184.66,住家用,見其他登記事項,101年12月17日,三層,一層 二層 三層
RPQNMLSJLHIFFAV66CA,11,76.32,住家用,加強磚造,90年8月30日,二層,一層 二層
RPTNMLNKLHIFFAV56CA,18,179.25,住家用,鋼筋混凝土造,84年6月21日,三層,一層 二層 三層
RPPNMLNLLHIFFAV88CA,,253.61,住家用,見其他登記事項,101年12月24日,四層,一層 二層 三層 四層
RPPNMLSKLHIFFAV66CA,21,195.17,住家用,鋼筋混凝土造,81年6月23日,三層,一層 二層 三層
RPXNMLRJLHIFFAV27CA,17,72.11,見其他登記事項,鋼筋混凝土造,85年6月21日,七層,七層
RPXNMLRJLHIFFAV27CA,17,8.35,見其他登記事項,鋼筋混凝土造,85年6月21日,七層,
RPXNMLRJLHIFFAV27CA,17,4.85,見其他登記事項,鋼筋混凝土造,85年6月21日,七層,
RPXNMLRJLHIFFAV27CA,17,4.96,見其他登記事項,鋼筋混凝土造,85年6月21日,七層,
RPXNMLRJLHIFFAV27CA,17,16.82,見其他登記事項,鋼筋混凝土造,85年6月21日,七層,
RPSNMLPLLHIFFAV86DA,,198.36,住家用,見其他登記事項,101年12月17日,三層,一層 二層 三層
RPSNMLMLLHIFFAV09CA,,1317.83,見其他登記事項,見其他登記事項,,一層,一層 地下層
RPUNMLMKLHIFFAV66DA,28,96.33,住家用,見其他登記事項,74年7月15日,一層,一層
RPVNMLQJLHIFFAV07DA,38,42.74,住家用,見其他登記事項,64年2月25日,一層,
RPUNMLPLLHIFFAV96CA,42,53.13,住家用,見其他登記事項,60年3月30日,一層,一層 騎樓
RPUNMLPLLHIFFAV96CA,38,43.05,商業用,見其他登記事項,64年1月24日,一層,一層
RPRNMLNLLHIFFAV09CA,,209.68,住家用,見其他登記事項,101年12月24日,三層,一層 二層 三層
SPVNMLQJLHIFFAV17DA,38,42.74,住家用,見其他登記事項,64年2月25日,一層,
RPPNMLSKLHIFFCV96DA,1,195.64,見其他登記事項,鋼筋混凝土造,101年7月30日,三層,一層 二層 三層 騎樓
RPVOMLQLMHIFFAV47DA,,164.18,住家用,見其他登記事項,101年12月17日,三層,一層 二層 三層
RPPNMLPJLHIFFDV66DA,18,27.07,見其他登記事項,鋼筋混凝土造,84年7月14日,八層,四層
RPPNMLPJLHIFFDV66DA,18,7.85,見其他登記事項,鋼筋混凝土造,84年7月14日,八層,
RPPNMLQJLHIFFAV09DA,34,23.03,住家用,見其他登記事項,68年1月11日,一層,一層
RPPNMLQJLHIFFAV09DA,34,18.24,住家用,見其他登記事項,68年1月11日,一層,一層
RPSNMLSLLHIFFCV27CA,8,172.00,見其他登記事項,鋼筋混凝土造,94年1月21日,七層,七層
RPSNMLSLLHIFFCV27CA,8,4.72,見其他登記事項,鋼筋混凝土造,94年1月21日,一層,
RPSNMLSLLHIFFCV27CA,8,15.76,見其他登記事項,鋼筋混凝土造,94年1月21日,八層,
RPRNMLLKLHIFFCV98CA,33,116.94,住商用,見其他登記事項,69年5月1日,二層,一層 二層 騎樓
RPQNMLNLLHIFFAV98CA,,206.73,住家用,見其他登記事項,101年12月24日,三層,一層 二層 三層
RPSNMLPJLHIFFAV56CA,21,135.88,住家用,鋼筋混凝土造,80年11月9日,三層,一層 二層 三層
RPWNMLQJLHIFFAV07CA,,192.76,住家用,見其他登記事項,101年11月23日,三層,一層 二層 三層
RPVNMLRJLHIFFAV07CA,20,184.09,農舍,加強磚造,82年8月2日,二層,一層 二層
RPTNMLRJLHIFFAV86CA,,182.46,住家用,見其他登記事項,101年12月17日,三層,一層 二層 三層
RPWNMLRJLHIFFAV17CA,,73.88,住家用,見其他登記事項,101年11月23日,三層,一層 二層 三層
RPWNMLRJLHIFFAV17CA,,73.88,住家用,見其他登記事項,101年11月23日,三層,一層 二層 三層
RPSNMLSJLHIFFAV86CA,2,125.12,見其他登記事項,見其他登記事項,99年12月7日,三層,一層 二層 三層 騎樓
RPSOMLNJMHIFFAV66DA,19,101.91,國民住宅,鋼筋混凝土造,82年12月3日,四層,一層
RPSOMLNJMHIFFAV66DA,19,2.50,見其他登記事項,鋼筋混凝土造,82年12月3日,四層,
RPSOMLNJMHIFFAV66DA,19,.28,見其他登記事項,鋼筋混凝土造,82年12月3日,四層,
RPSOMLNJMHIFFAV66DA,19,.28,見其他登記事項,鋼筋混凝土造,82年12月3日,四層,
RPSOMLNJMHIFFAV66DA,19,.28,見其他登記事項,鋼筋混凝土造,82年12月3日,四層,
RPSOMLNJMHIFFAV66DA,19,3.97,見其他登記事項,鋼筋混凝土造,82年12月3日,四層,
RPVNMLSJLHIFFAV17CA,29,137.26,住商用,加強磚造,72年11月24日,二層,一層 二層 騎樓
RPUNMLLKLHIFFAV09CA,15,210.68,見其他登記事項,鋼筋混凝土造,86年10月8日,三層,一層 二層 三層 騎樓
RPOOMLLLLHIFFAV68CA,17,202.51,住商用,鋼筋混凝土造,85年1月13日,四層,一層 二層 三層 四層 騎樓 停車場
RPPNMLNJMHIFFAV78CA,38,152.08,見其他登記事項,見其他登記事項,63年10月1日,一層,一層 騎樓
RPQNMLPKLHIFFAV56DA,18,178.46,住家用,鋼筋混凝土造,83年9月1日,三層,一層 二層 三層 騎樓
RPPNMLPKLHIFFAV09DA,19,18.22,見其他登記事項,鋼筋混凝土造,83年3月2日,五層,三層
RPPNMLPKLHIFFAV09DA,19,8.02,見其他登記事項,鋼筋混凝土造,83年3月2日,五層,
RPTNMLQLLHIFFAV96CA,29,88.82,國民住宅,鋼筋混凝土造,72年10月19日,四層,三層
RPTNMLQLLHIFFAV96CA,,4.63,見其他登記事項,鋼筋混凝土造,,四層,
RPPNMLMKLHIFFDV98CA,18,33.25,見其他登記事項,鋼筋混凝土造,84年7月14日,八層,三層
RPPNMLMKLHIFFDV98CA,18,8.26,見其他登記事項,鋼筋混凝土造,84年7月14日,八層,
RPRNMLNKLHIFFAV09DA,24,152.77,住家用,鋼筋混凝土加強磚造,77年9月12日,二層,一層 二層 騎樓 見其他登記事項
RPSNMLMKLHIFFAV98CA,,242.34,住家用,見其他登記事項,101年10月16日,三層,一層 二層 三層
RPRNMLSKLHIFFAV86CA,,182.46,住家用,見其他登記事項,101年12月17日,三層,一層 二層 三層
RPSNMLNKLHIFFAV09CA,7,124.83,見其他登記事項,鋼筋混凝土造,95年3月10日,十層,三層
RPSNMLNKLHIFFAV09CA,7,90.80,見其他登記事項,鋼筋混凝土造,95年3月10日,十層,
RPPNMLNKLHIFFDV56DA,18,27.07,見其他登記事項,鋼筋混凝土造,84年7月14日,八層,五層
RPPNMLNKLHIFFDV56DA,18,27.07,見其他登記事項,鋼筋混凝土造,84年7月14日,八層,五層
RPVNMLQLLHIFFCV47DA,30,101.21,住家用,加強磚造,72年6月12日,二層,一層 二層 騎樓
RPVNMLQLLHIFFCV47DA,30,92.13,住家用,加強磚造,72年6月12日,二層,一層 二層 騎樓
RPUNMLQLLHIFFAV07CA,18,45.00,見其他登記事項,鋼筋混凝土造,84年3月27日,十層,四層
RPUNMLQLLHIFFAV07CA,18,10.50,見其他登記事項,鋼筋混凝土造,84年3月27日,十層,
SPUNMLQLLHIFFAV17CA,18,57.63,見其他登記事項,鋼筋混凝土造,84年3月27日,十層,四層
SPUNMLQLLHIFFAV17CA,18,13.69,見其他登記事項,鋼筋混凝土造,84年3月27日,十層,
RPWNMLPKLHIFFAV07CA,34,81.18,住家用,加強磚造,67年10月26日,二層,一層 二層
RPPNMLOKLHIFFAV88CA,20,95.83,見其他登記事項,鋼筋混凝土造,82年8月14日,七層,六層
RPPNMLOKLHIFFAV88CA,20,15.07,見其他登記事項,鋼筋混凝土造,82年8月14日,七層,
RPPNMLOKLHIFFAV88CA,20,1.47,見其他登記事項,鋼筋混凝土造,82年8月14日,七層,
RPPNMLOKLHIFFAV88CA,20,9.48,見其他登記事項,鋼筋混凝土造,82年8月14日,七層,
RPUNMLPKLHIFFAV86CA,,192.76,住家用,見其他登記事項,101年11月23日,三層,一層 二層 三層
RPUNMLNLLHIFFAV76CA,19,87.17,見其他登記事項,鋼筋混凝土造,83年4月19日,十四層,十四層
RPUNMLNLLHIFFAV76CA,19,24.52,見其他登記事項,鋼筋混凝土造,83年4月19日,十四層,
RPXNMLQLLHIFFAV37CA,18,79.51,見其他登記事項,鋼筋混凝土造,84年1月25日,十層,五層
RPSNMLNLLHIFFAV56CA,17,77.29,見其他登記事項,鋼筋混凝土造,84年12月20日,七層,五層
RPSNMLNLLHIFFAV56CA,,28.01,見其他登記事項,鋼筋混凝土造,,七層,
RPPNMLMLLHIFFAV78CA,32,165.64,住家用,加強磚造,70年5月8日,二層,一層 二層
RPQNMLOKLHIFFBV09CA,14,148.12,見其他登記事項,加強磚造,88年8月12日,二層,
RPTNMLLJMHIFFBV09CA,28,102.13,見其他登記事項,加強磚造,74年8月1日,二層,一層 二層
RPRNMLKLLHIFFAV88DA,31,115.46,住家用,加強磚造,71年2月24日,二層,一層 二層 騎樓
RPQNMLPLLHIFFBV76DA,27,163.26,見其他登記事項,加強磚造,74年11月10日,二層,一層 二層 騎樓
RPXOMLLLLHIFFAV96CA,20,61.35,住家用,鋼筋混凝土造,82年5月19日,五層,二層
RPXOMLLLLHIFFAV96CA,20,4.86,見其他登記事項,鋼筋混凝土造,82年5月19日,五層,
RPPNMLMJMHIFFDV98CA,18,35.02,見其他登記事項,鋼筋混凝土造,83年9月30日,八層,五層
RPXOMLLLLHIFFAV96CA,20,1.89,見其他登記事項,鋼筋混凝土造,82年5月19日,五層,
RPPNMLMJMHIFFDV98CA,18,6.72,見其他登記事項,鋼筋混凝土造,83年9月30日,八層,
RPXOMLLLLHIFFAV96CA,20,2.42,見其他登記事項,鋼筋混凝土造,82年5月19日,五層,
RPXOMLLLLHIFFAV96CA,20,.40,見其他登記事項,鋼筋混凝土造,82年5月19日,五層,
RPQNMLSKLHIFFAV76CA,,245.45,住家用,見其他登記事項,101年10月16日,三層,一層 二層 三層
RPVNMLTKLHIFFAV37CA,33,1260.43,商業用,鋼筋混凝土加強磚造,69年6月6日,一層,一層
RPQNMLKKMHIFFAV68CA,,182.46,住家用,見其他登記事項,101年12月17日,三層,一層 二層 三層
RPSNMLKKMHIFFAV88CA,1,184.60,住家用,見其他登記事項,101年12月17日,三層,一層 二層 三層
RPTOMLNJMHIFFAV66CA,7,124.83,見其他登記事項,鋼筋混凝土造,95年3月10日,十層,十層
RPTOMLNJMHIFFAV66CA,7,74.22,見其他登記事項,鋼筋混凝土造,95年3月10日,十層,
RPUNMLKLLHIFFAV56DA,18,156.32,見其他登記事項,鋼筋混凝土造,84年5月16日,三層,一層 二層 三層
RPOOMLPLLHIFFAV09CA,18,221.22,住家用,鋼筋混凝土造,84年2月28日,四層,一層 二層 三層 四層
RPWNMLQLLHIFFAV27CA,32,99.27,住家用,加強磚造,69年11月24日,二層,二層 一層
RPQNMLKLLHIFFAV68CA,,192.76,住家用,見其他登記事項,101年11月23日,三層,三層 一層 二層
RPSNMLLLLHIFFAV98CA,17,224.73,見其他登記事項,鋼筋混凝土造,85年5月23日,四層,一層 二層 三層 四層 騎樓
RPTOMLLLLHIFFAV56CA,34,111.19,住家用,加強磚造,68年5月7日,二層,一層 二層 騎樓
RPPNMLLJMHIFFAV58CA,18,73.96,見其他登記事項,鋼筋混凝土造,84年6月1日,五層,四層
RPSNMLQLLHIFFCV17DA,1,185.91,見其他登記事項,鋼筋混凝土造,101年7月30日,三層,一層 二層 三層 騎樓
RPTNMLMLLHIFFAV56CA,40,91.52,住家用,見其他登記事項,62年8月27日,二層,騎樓 一層 二層
RPSNMLRLLHIFFAV96CA,27,93.28,住家用,加強磚造,74年11月23日,二層,一層 二層
RPUNMLRLLHIFFAV17CA,21,140.18,住家用,鋼筋混凝土造,81年3月24日,三層,一層 二層 三層
RPQNMLRKMHIFFAV76CA,12,315.49,見其他登記事項,鋼筋混凝土造,90年7月3日,四層,一層 二層 三層 四層 騎樓
RPPPMLLLLHIFFAV88CA,17,172.30,住家用,鋼筋混凝土造,85年1月13日,四層,一層 二層 三層 四層
RPTNMLRLLHIFFAV07CA,19,92.57,見其他登記事項,鋼筋混凝土造,83年5月16日,十三層,六層
RPXNMLPLLHIFFAV37DA,39,46.92,住家用,見其他登記事項,63年7月12日,一層,一層
RPPNMLQLLHIFFAV66DA,19,191.07,住商用,鋼筋混凝土造,83年9月1日,四層,一層 二層 三層 四層 騎樓
RPPNMLPKMHIFFBV56CA,48,41.89,住家用,見其他登記事項,54年6月1日,一層,一層 騎樓
RPRNMLQLLHIFFCV07DA,20,160.97,住家用,鋼筋混凝土造,82年9月9日,三層,一層 二層 三層 騎樓
RPWNMLQLMHIFFAV47DA,40,141.55,住商用,見其他登記事項,62年6月20日,二層,一層 二層 騎樓
RPPNMLTLLHIFFAV86CA,15,265.59,見其他登記事項,鋼筋混凝土造,87年6月29日,三層,二層 一層 三層 騎樓 地下層
RPQNMLRLLHIFFAV76CA,28,117.57,住家用,加強磚造,73年12月24日,二層,一層 二層
RPQNMLNJMHIFFAV88CA,,96.28,住家用,木造,,一層,一層
RPXNMLLJMHIFFAV76CA,16,137.96,住家用,鋼筋混凝土造,85年10月11日,三層,一層 二層 三層 騎樓
RPQNMLSLLHIFFAV86CA,41,63.16,住家用,見其他登記事項,61年3月8日,一層,
RPPNMLKMLHIFFAV68CA,20,138.15,住家用,鋼筋混凝土造,82年3月8日,三層,一層 二層 三層
RPXNMLSJMHIFFAV47CA,41,84.00,住家用,見其他登記事項,61年7月11日,二層,一層 二層 騎樓
RPTNMLSLLHIFFCV37CA,6,96.21,見其他登記事項,見其他登記事項,96年2月2日,一層,一層
RPRNMLRLLHIFFAV96DA,34,86.58,國民住宅,加強磚造,67年11月9日,二層,一層 二層
RPRNMLSKMHIFFBV17DA,18,162.00,農舍,見其他登記事項,84年3月28日,二層,一層 二層
RPQNMLSKMHIFFBV07DA,34,83.16,住家用,鋼筋混凝土加強磚造,68年8月30日,二層,一層 二層 騎樓
RPRNMLTLLHIFFAV17DA,18,82.21,國民住宅,鋼筋混凝土造,84年7月6日,四層,四層
RPRNMLTLLHIFFAV17DA,18,7.85,見其他登記事項,鋼筋混凝土造,84年7月6日,四層,
RPRNMLTLLHIFFAV17DA,18,.52,見其他登記事項,鋼筋混凝土造,84年7月6日,,
RPRNMLTLLHIFFAV17DA,18,.52,見其他登記事項,鋼筋混凝土造,84年7月6日,,
RPRNMLTLLHIFFAV17DA,18,1.29,見其他登記事項,鋼筋混凝土造,84年7月6日,四層,
RPRNMLTLLHIFFAV17DA,18,.52,見其他登記事項,鋼筋混凝土造,84年7月6日,,
RPRNMLTLLHIFFAV17DA,18,.52,見其他登記事項,鋼筋混凝土造,84年7月6日,,
RPRNMLTLLHIFFAV17DA,18,.52,見其他登記事項,鋼筋混凝土造,84年7月6日,,
RPRNMLTLLHIFFAV17DA,18,.52,見其他登記事項,鋼筋混凝土造,84年7月6日,,
RPRNMLTLLHIFFAV17DA,18,.52,見其他登記事項,鋼筋混凝土造,84年7月6日,,
RPRNMLTLLHIFFAV17DA,18,.52,見其他登記事項,鋼筋混凝土造,84年7月6日,,
RPRNMLTLLHIFFAV17DA,18,.52,見其他登記事項,鋼筋混凝土造,84年7月6日,,
RPRNMLTLLHIFFAV17DA,18,.52,見其他登記事項,鋼筋混凝土造,84年7月6日,,
RPRNMLTLLHIFFAV17DA,18,.52,見其他登記事項,鋼筋混凝土造,84年7月6日,,
RPRNMLTLLHIFFAV17DA,18,.52,見其他登記事項,鋼筋混凝土造,84年7月6日,,
RPRNMLTLLHIFFAV17DA,18,.52,見其他登記事項,鋼筋混凝土造,84年7月6日,,
RPRNMLTLLHIFFAV17DA,18,.52,見其他登記事項,鋼筋混凝土造,84年7月6日,,
RPRNMLSLLHIFFBV07CA,17,128.94,見其他登記事項,鋼筋混凝土造,84年12月13日,三層,一層 二層 三層
RPUNMLLJMHIFFAV56DA,17,55.48,見其他登記事項,鋼筋混凝土造,85年6月21日,七層,六層
RPUNMLLJMHIFFAV56DA,17,7.68,見其他登記事項,鋼筋混凝土造,85年6月21日,七層,
RPUNMLLJMHIFFAV56DA,17,4.40,見其他登記事項,鋼筋混凝土造,85年6月21日,七層,
RPUNMLLJMHIFFAV56DA,17,4.47,見其他登記事項,鋼筋混凝土造,85年6月21日,七層,
RPUNMLLJMHIFFAV56DA,17,16.82,見其他登記事項,鋼筋混凝土造,85年6月21日,七層,
RPPNMLMJMHIFFBV88DA,33,136.15,住家用,加強磚造,69年7月1日,二層,一層 二層
RPSNMLTLLHIFFAV27DA,16,154.98,住家用,鋼筋混凝土造,85年9月25日,三層,一層 二層 三層
RPQOMLQKMHIFFAV76CA,19,35.04,見其他登記事項,鋼筋混凝土造,83年3月2日,五層,四層
RPQOMLQKMHIFFAV76CA,19,14.54,見其他登記事項,鋼筋混凝土造,83年3月2日,五層,
RPVNMLLJMHIFFAV56CA,17,65.00,住家用,鋼筋混凝土造,84年12月5日,六層,四層
RPRNMLMJMHIFFAV88CA,19,192.54,住家用,鋼筋混凝土造,82年12月3日,三層,一層 二層 三層
RPQNMLMJMHIFFAV78CA,17,89.46,見其他登記事項,鋼筋混凝土造,85年6月21日,七層,五層
RPQNMLMJMHIFFAV78CA,17,8.85,見其他登記事項,鋼筋混凝土造,85年6月21日,七層,
RPQNMLMJMHIFFAV78CA,17,5.87,見其他登記事項,鋼筋混凝土造,85年6月21日,七層,
RPQNMLMJMHIFFAV78CA,17,6.29,見其他登記事項,鋼筋混凝土造,85年6月21日,七層,
RPQNMLMJMHIFFAV78CA,17,16.82,見其他登記事項,鋼筋混凝土造,85年6月21日,七層,
RPTNMLKKMHIFFAV98CA,24,171.24,住家用,加強磚造,78年2月1日,二層,二層 騎樓 一層
RPTNMLMJMHIFFAV09CA,,311.05,住家用,鋼筋混凝土造,102年2月1日,四層,一層 二層 三層 四層
RPPNMLMKMHIFFDV09CA,19,35.56,見其他登記事項,鋼筋混凝土造,82年11月8日,八層,三層
RPSNMLMJMHIFFAV09DA,34,49.50,住家用,見其他登記事項,68年1月1日,一層,騎樓 一層
RPUNMLMJMHIFFAV56CA,,307.91,住家用,鋼筋混凝土造,102年2月1日,四層,一層 二層 三層 四層
RPVNMLMJMHIFFAV66CA,,227.99,住家用,鋼筋混凝土造,102年1月22日,三層,一層 二層 三層
RPSNMLMKMHIFFDV76CA,19,39.05,見其他登記事項,鋼筋混凝土造,82年11月8日,八層,二層
RPPNMLSJMHIFFDV07DA,18,27.74,見其他登記事項,鋼筋混凝土造,83年9月30日,八層,四層
RPQNMLSJMHIFFDV17DA,34,82.97,住家用,見其他登記事項,66年7月8日,一層,一層
RPQNMLSJMHIFFDV17DA,29,96.92,住家用,加強磚造,70年12月1日,二層,二層
RPQNMLKKMHIFFDV98CA,19,35.56,見其他登記事項,鋼筋混凝土造,82年11月8日,八層,三層
RPXNMLMKMHIFFAV07DA,23,76.16,住家用,加強磚造,78年11月7日,一層,一層
RPRNMLMJMHIFFBV98CA,,148.68,農舍,見其他登記事項,102年1月3日,二層,一層 二層 夾層
RPQNMLSJMHIFFAV76CA,57,32.90,住家用,見其他登記事項,45年7月1日,一層,一層
RPPOMLNJMHIFFAV98DA,18,185.03,住商用,鋼筋混凝土造,84年5月18日,三層,三層 騎樓 一層 二層
RPTNMLSJMHIFFAV07CA,19,193.98,農舍,鋼筋混凝土造,83年5月31日,二層,一層 二層
RPROMLLKMHIFFAV98CA,31,107.40,住家用,加強磚造,71年7月20日,二層,一層 二層
RPTNMLTKMHIFFAV27CA,33,120.00,住家用,見其他登記事項,69年4月1日,一層,一層 騎樓
RPUNMLTKMHIFFAV37CA,19,99.42,見其他登記事項,鋼筋混凝土造,83年4月1日,四層,四層
RPUNMLTKMHIFFAV37CA,19,26.36,見其他登記事項,鋼筋混凝土造,83年4月1日,四層,
RPRNMLKKMHIFFDV09CA,19,45.90,見其他登記事項,鋼筋混凝土造,82年11月8日,八層,三層
RPTOMLLJNHIFFAV56CA,,154.23,住家用,見其他登記事項,,四層,一層 二層 三層 四層 騎樓
RPUOMLLJNHIFFAV66CA,8,234.25,住家用,鋼筋混凝土造,93年11月18日,三層,一層 二層 三層
RPVNMLSJMHIFFAV37DA,19,57.48,見其他登記事項,鋼筋混凝土造,83年4月19日,十四層,六層
RPVNMLSJMHIFFAV37DA,19,17.83,見其他登記事項,鋼筋混凝土造,83年4月19日,十四層,
RPQNMLRJNHIFFAV76CA,7,124.83,見其他登記事項,鋼筋混凝土造,95年3月10日,十層,十層
RPQNMLRJNHIFFAV76CA,7,74.22,見其他登記事項,鋼筋混凝土造,95年3月10日,十層,
RPXOMLLJNHIFFAV96CA,32,105.40,住家用,加強磚造,69年11月29日,三層,一層 二層 三層 騎樓
RPWNMLSJMHIFFAV47DA,,251.91,見其他登記事項,見其他登記事項,101年11月28日,三層,一層 二層 三層 騎樓
RPWNMLRKMHIFFBV47CA,33,95.08,住家用,加強磚造,69年3月14日,二層,一層 二層 騎樓
RPVNMLKKMHIFFAV66DA,19,204.77,住商用,鋼筋混凝土造,82年12月3日,四層,一層 二層 騎樓
RPVNMLKKMHIFFAV66DA,19,4.27,見其他登記事項,鋼筋混凝土造,82年12月3日,四層,
RPVNMLKKMHIFFAV66DA,19,.47,見其他登記事項,鋼筋混凝土造,82年12月3日,四層,
RPQNMLMKMHIFFDV56CA,19,35.56,見其他登記事項,鋼筋混凝土造,82年11月8日,八層,七層
RPXNMLRKMHIFFBV57CA,18,147.69,住商用,鋼筋混凝土造,84年3月18日,三層,一層 二層 三層 騎樓
RPQNMLTJMHIFFAV86CA,,33.72,住家用,見其他登記事項,,一層,一層
RPSNMLTJMHIFFAV07CA,18,100.22,見其他登記事項,鋼筋混凝土造,84年2月17日,八層,五層
RPSNMLTJMHIFFAV07CA,18,17.65,見其他登記事項,鋼筋混凝土造,84年2月17日,八層,
RPSNMLTJMHIFFAV07CA,18,12.74,見其他登記事項,鋼筋混凝土造,84年2月17日,八層,
RPSNMLNKMHIFFAV56CA,30,93.41,國民住宅,鋼筋混凝土造,72年2月22日,四層,四層
RPSNMLNKMHIFFAV56CA,30,6.83,見其他登記事項,鋼筋混凝土造,72年2月22日,四層,
RPTNMLPKMHIFFAV86CA,18,94.81,見其他登記事項,鋼筋混凝土造,84年2月17日,八層,一層
RPTNMLPKMHIFFAV86CA,18,15.37,見其他登記事項,鋼筋混凝土造,84年2月17日,八層,
RPTNMLPKMHIFFAV86CA,18,11.40,見其他登記事項,鋼筋混凝土造,84年2月17日,八層,
RPSNMLMKMHIFFAV09CA,15,103.96,住家用,鋼筋混凝土造,87年5月11日,四層,一層
RPSNMLMKMHIFFAV09CA,15,8.12,見其他登記事項,鋼筋混凝土造,87年5月11日,四層,
RPRNMLKKMHIFFAV78CA,37,77.76,住家用,見其他登記事項,65年3月6日,二層,一層 二層 騎樓
RPTNMLRKMHIFFAV07CA,36,103.70,住家用,見其他登記事項,66年6月18日,二層,一層 二層
RPUNMLTJMHIFFAV27CA,,236.12,住家用,鋼筋混凝土造,102年2月1日,三層,一層 二層 三層
RPTNMLTJMHIFFAV17CA,,297.52,住家用,鋼筋混凝土造,102年2月1日,四層,一層 二層 三層 四層
RPQNMLNKMHIFFAV98CA,17,176.37,住家用,鋼筋混凝土造,85年2月16日,三層,一層 二層 三層
RPRNMLMKMHIFFDV66CA,19,34.40,見其他登記事項,鋼筋混凝土造,82年11月8日,八層,六層
RPPNMLKKMHIFFCV78CA,38,84.15,住家用,見其他登記事項,63年10月15日,二層,一層 二層
RPWNMLSKMHIFFAV57DA,17,75.02,見其他登記事項,鋼筋混凝土造,85年6月28日,九層,六層
RPWNMLSKMHIFFAV57DA,17,10.65,見其他登記事項,鋼筋混凝土造,85年6月28日,九層,
RPWNMLSKMHIFFAV57DA,17,10.39,見其他登記事項,鋼筋混凝土造,85年6月28日,九層,
RPPNMLQKMHIFFAV66DA,13,102.20,商業用,見其他登記事項,88年12月15日,一層,一層
RPQNMLQKMHIFFAV76DA,30,92.15,住家用,加強磚造,71年12月24日,二層,一層 二層
RPOOMLMJNHIFFAV78CA,19,23.83,見其他登記事項,鋼筋混凝土造,83年1月26日,七層,二層
RPOOMLMJNHIFFAV78CA,19,.57,共同使用部份,鋼筋混凝土造,83年1月26日,七層,
RPOOMLMJNHIFFAV78CA,19,.57,共同使用部份,鋼筋混凝土造,83年1月26日,七層,
RPOOMLMJNHIFFAV78CA,19,.57,共同使用部份,鋼筋混凝土造,83年1月26日,七層,
RPOOMLMJNHIFFAV78CA,19,.57,共同使用部份,鋼筋混凝土造,83年1月26日,七層,
RPOOMLMJNHIFFAV78CA,19,.57,共同使用部份,鋼筋混凝土造,83年1月26日,七層,
RPOOMLMJNHIFFAV78CA,19,.57,共同使用部份,鋼筋混凝土造,83年1月26日,七層,
RPOOMLMJNHIFFAV78CA,19,.58,共同使用部份,鋼筋混凝土造,83年1月26日,七層,
RPOOMLMJNHIFFAV78CA,19,4.33,共同使用部份,鋼筋混凝土造,83年1月26日,七層,
RPTNMLPLMHIFFAV96CA,18,100.04,住家用,鋼筋混凝土造,84年2月16日,八層,五層
RPWNMLMJNHIFFAV86CA,19,22.50,見其他登記事項,鋼筋混凝土造,83年1月26日,七層,四層
RPWNMLMJNHIFFAV86CA,19,.48,共同使用部份,鋼筋混凝土造,83年1月26日,七層,
RPWNMLMJNHIFFAV86CA,19,.48,共同使用部份,鋼筋混凝土造,83年1月26日,七層,
RPWNMLMJNHIFFAV86CA,19,.48,共同使用部份,鋼筋混凝土造,83年1月26日,七層,
RPWNMLMJNHIFFAV86CA,19,.48,共同使用部份,鋼筋混凝土造,83年1月26日,七層,
RPWNMLMJNHIFFAV86CA,19,.48,共同使用部份,鋼筋混凝土造,83年1月26日,七層,
RPWNMLMJNHIFFAV86CA,19,.48,共同使用部份,鋼筋混凝土造,83年1月26日,七層,
RPWNMLMJNHIFFAV86CA,19,.49,共同使用部份,鋼筋混凝土造,83年1月26日,七層,
RPWNMLMJNHIFFAV86CA,19,3.66,共同使用部份,鋼筋混凝土造,83年1月26日,七層,
RPPNMLOKMHIFFBV09CA,14,97.15,住家用,見其他登記事項,87年10月23日,一層,一層
RPXNMLSKMHIFFAV57CA,17,83.62,見其他登記事項,鋼筋混凝土造,85年6月28日,九層,三層
RPXNMLSKMHIFFAV57CA,17,8.92,見其他登記事項,鋼筋混凝土造,85年6月28日,九層,
RPXNMLSKMHIFFAV57CA,17,9.57,見其他登記事項,鋼筋混凝土造,85年6月28日,九層,
SPWNMLMJNHIFFAV96CA,19,24.28,見其他登記事項,鋼筋混凝土造,83年1月26日,七層,四層
SPWNMLMJNHIFFAV96CA,19,.82,共同使用部份,鋼筋混凝土造,83年1月26日,七層,
SPWNMLMJNHIFFAV96CA,19,.82,共同使用部份,鋼筋混凝土造,83年1月26日,七層,
SPWNMLMJNHIFFAV96CA,19,.82,共同使用部份,鋼筋混凝土造,83年1月26日,七層,
SPWNMLMJNHIFFAV96CA,19,.82,共同使用部份,鋼筋混凝土造,83年1月26日,七層,
SPWNMLMJNHIFFAV96CA,19,.82,共同使用部份,鋼筋混凝土造,83年1月26日,七層,
SPWNMLMJNHIFFAV96CA,19,.82,共同使用部份,鋼筋混凝土造,83年1月26日,七層,
SPWNMLMJNHIFFAV96CA,19,.82,共同使用部份,鋼筋混凝土造,83年1月26日,七層,
SPWNMLMJNHIFFAV96CA,19,6.16,共同使用部份,鋼筋混凝土造,83年1月26日,七層,
RPRNMLNKMHIFFAV09CA,29,106.74,國民住宅,鋼筋混凝土造,72年10月4日,四層,四層
RPRNMLNKMHIFFAV09CA,,5.42,見其他登記事項,鋼筋混凝土造,,四層,
RPOOMLMKMHIFFAV78CA,,242.34,住家用,見其他登記事項,101年10月16日,三層,一層 二層 三層
RPPNMLNKMHIFFAV88CA,20,129.70,住家用,鋼筋混凝土造,82年7月3日,三層,一層 二層 三層
RPQNMLMKMHIFFAV88CA,32,49.88,住家用,加強磚造,70年7月1日,一層,一層
RPQNMLMKMHIFFAV88CA,32,54.18,住家用,加強磚造,70年7月1日,二層,二層
RPUNMLQKMHIFFAV17DA,,147.88,住家用,見其他登記事項,101年9月18日,三層,一層 二層 三層
RPWNMLNJNHIFFAV96CA,25,153.96,住家用,加強磚造,77年6月15日,二層,一層 二層
RPQOMLLKMHIFFAV98DA,17,26.95,見其他登記事項,見其他登記事項,84年10月4日,十二層,七層
RPUNMLPKMHIFFAV96CA,1,261.30,住家用,見其他登記事項,101年5月2日,三層,一層 二層 三層
RPPNMLPKMHIFFAV56DA,41,73.93,住家用,見其他登記事項,61年8月30日,三層,三層
RPPNMLQKMHIFFDV86CA,43,66.40,住家用,見其他登記事項,59年9月1日,一層,
RPSOMLRJNHIFFAV07CA,17,147.41,見其他登記事項,鋼筋混凝土造,84年11月9日,七層,七層
RPSOMLRJNHIFFAV07CA,17,40.68,見其他登記事項,鋼筋混凝土造,84年11月9日,七層,
RPSOMLRJNHIFFAV07CA,17,17.84,見其他登記事項,鋼筋混凝土造,84年11月9日,地下層,
RPQOMLRJNHIFFAV86CA,21,154.69,住家用,加強磚造,81年8月28日,二層,一層 二層
RPTNMLQKMHIFFAV07DA,27,115.20,住家用,加強磚造,75年1月31日,二層,一層 二層
RPOPMLLJNHIFFAV78CA,18,71.50,見其他登記事項,鋼筋混凝土造,84年6月1日,五層,一層 騎樓
RPOPMLLJNHIFFAV78CA,18,6.05,見其他登記事項,鋼筋混凝土造,84年6月1日,五層,
RPOPMLLJNHIFFAV78CA,18,2.10,見其他登記事項,鋼筋混凝土造,84年6月1日,五層,
TPTNMLQKMHIFFAV27DA,27,115.20,住家用,加強磚造,75年1月30日,二層,一層 二層
SPTNMLQKMHIFFAV17DA,27,115.20,住家用,加強磚造,75年1月30日,二層,一層 二層
RPPOMLNKNHIFFAV56DA,,175.29,住家用,見其他登記事項,,三層,一層 二層 三層
RPUNMLQKMHIFFDV47DA,18,37.84,見其他登記事項,鋼筋混凝土造,84年7月14日,八層,二層
RPUNMLQKMHIFFDV47DA,18,10.74,見其他登記事項,鋼筋混凝土造,84年7月14日,八層,
RPTNMLQKMHIFFDV37DA,19,32.35,住家用,鋼筋混凝土造,82年12月31日,五層,二層
UPTNMLQKMHIFFAV37DA,27,115.20,住家用,加強磚造,75年1月30日,二層,一層 二層
RPPNMLSKMHIFFAV86DA,38,104.28,住家用,見其他登記事項,63年12月5日,三層,一層 二層 三層
RPVNMLQKMHIFFDV47CA,18,30.87,見其他登記事項,鋼筋混凝土造,84年7月14日,八層,八層
RPVNMLQKMHIFFDV47CA,18,7.85,見其他登記事項,鋼筋混凝土造,84年7月14日,八層,
SPQNMLOLMHIFFAV66CA,,98.06,住家用,見其他登記事項,,二層,二層 一層
RPPNMLNKNHIFFBV09CA,29,136.67,見其他登記事項,加強磚造,73年7月20日,二層,一層 二層 騎樓
RPQNMLOLMHIFFAV56CA,46,73.88,住家用,見其他登記事項,55年11月26日,二層,一層 二層
RPRNMLSKMHIFFAV96CA,1,261.30,住家用,見其他登記事項,101年5月2日,三層,一層 二層 三層
RPRNMLTKMHIFFAV07CA,,228.28,住家用,鋼筋混凝土造,102年1月22日,三層,一層 二層 三層
RPXNMLQKMHIFFAV37CA,17,36.23,見其他登記事項,鋼筋混凝土造,85年6月28日,九層,四層
RPXNMLQKMHIFFAV37CA,17,7.20,見其他登記事項,鋼筋混凝土造,85年6月28日,九層,
RPXNMLQKMHIFFAV37CA,17,4.10,見其他登記事項,鋼筋混凝土造,85年6月28日,九層,
RPPNMLTKMHIFFAV96DA,40,59.35,住家用,見其他登記事項,62年6月20日,一層,騎樓 一層
RPPNMLNLMHIFFCV66DA,1,195.36,見其他登記事項,鋼筋混凝土造,101年7月30日,三層,一層 二層 三層 騎樓
RPPNMLRKNHIFFCV07DA,,105.84,住商用,鋼筋混凝土加強磚造,,二層,一層 二層 騎樓
RPRNMLMJNHIFFAV98CA,46,101.53,見其他登記事項,見其他登記事項,56年7月30日,二層,一層 二層 騎樓
RPRNMLMJNHIFFAV98CA,46,101.53,見其他登記事項,見其他登記事項,56年7月30日,二層,一層 二層 騎樓
RPWNMLTKMHIFFAV67DA,,61.60,住家用,見其他登記事項,,一層,一層
RPSNMLMJNHIFFAV09CA,15,321.11,住家用,鋼筋混凝土造,86年11月24日,三層,一層 二層 三層
RPQNMLLJNHIFFAV78CA,15,357.26,住商用,鋼筋混凝土造,86年11月11日,四層,四層 騎樓 一層 二層 三層
RPROMLQKNHIFFAV96CA,22,184.24,住家用,加強磚造,80年5月31日,二層,一層 二層
RPSNMLRJNHIFFAV96CA,17,41.51,見其他登記事項,鋼筋混凝土造,85年6月28日,九層,七層
RPSNMLRJNHIFFAV96CA,17,8.92,見其他登記事項,鋼筋混凝土造,85年6月28日,九層,
RPSNMLRJNHIFFAV96CA,17,5.20,見其他登記事項,鋼筋混凝土造,85年6月28日,九層,
RPRNMLOKNHIFFCV86CA,19,208.35,住家用,鋼筋混凝土造,83年6月1日,三層,一層 二層 三層 騎樓
RPSNMLMLMHIFFAV56CA,19,92.57,見其他登記事項,鋼筋混凝土造,83年5月16日,十三層,五層
RPSNMLMLMHIFFAV56CA,19,11.13,見其他登記事項,鋼筋混凝土造,83年5月16日,十三層,
RPSNMLMLMHIFFAV56CA,19,1.13,見其他登記事項,鋼筋混凝土造,83年5月16日,十三層,
RPSNMLMLMHIFFAV56CA,19,.53,見其他登記事項,鋼筋混凝土造,83年5月16日,十三層,
RPSNMLMLMHIFFAV56CA,19,.56,見其他登記事項,鋼筋混凝土造,83年5月16日,十三層,
RPUNMLMLMHIFFAV76CA,3,218.66,住家用,見其他登記事項,99年3月29日,三層,一層 二層 三層
RPQNMLTKMHIFFAV96CA,,225.81,住家用,鋼筋混凝土造,102年1月22日,三層,一層 二層 三層
RPSNMLPLMHIFFAV86CA,21,168.16,住家用,加強磚造,80年10月12日,二層,二層 一層
RPPOMLTKMHIFFAV96CA,1,261.30,住家用,見其他登記事項,101年5月2日,三層,一層 二層 三層
RPQNMLOLMHIFFDV86CA,14,152.38,住家用,加強磚造,88年3月30日,二層,一層 二層
RPPNMLRJNHIFFAV66CA,18,273.58,住商用,鋼筋混凝土造,83年10月26日,四層,三層 四層 一層 二層 騎樓
RPRNMLMLMHIFFAV56DA,,19.86,住商用,見其他登記事項,,一層,一層 騎樓
RPTOMLQKNHIFFAV17CA,28,142.77,住家用,加強磚造,74年6月7日,二層,一層 二層 騎樓
RPWNMLMLMHIFFAV07DA,28,198.77,住家用,加強磚造,74年1月31日,二層,一層 二層
RPROMLRJNHIFFAV96CA,20,167.03,住家用,鋼筋混凝土造,81年10月17日,三層,一層 二層 三層
RPTNMLNLMHIFFCV07DA,,360.00,住家用,見其他登記事項,,三層,一層 二層 三層
RPROMLLJNHIFFAV98CA,38,82.90,住家用,見其他登記事項,64年6月7日,二層,一層 二層
RPRNMLOLMHIFFBV76CA,25,103.16,住家用,加強磚造,76年10月22日,二層,一層 二層
RPVNMLMJNHIFFAV76CA,26,121.27,住家用,加強磚造,75年11月10日,二層,一層 二層
RPTNMLMJNHIFFAV56CA,1,244.62,住家用,見其他登記事項,101年8月27日,三層,一層 二層 三層
RPUNMLOLMHIFFAV96CA,20,187.31,住家用,鋼筋混凝土造,82年9月13日,四層,一層 二層 三層 四層
RPRNMLOLMHIFFAV66CA,33,92.67,住家用,加強磚造,69年4月14日,二層,一層 二層 騎樓
RPQNMLNLMHIFFAV56DA,39,46.80,住家用,見其他登記事項,63年1月31日,一層,一層 騎樓
RPUNMLMJNHIFFAV66CA,18,91.50,見其他登記事項,鋼筋混凝土造,84年5月27日,二層,一層 二層
RPSNMLQKNHIFFAV07DA,17,122.60,見其他登記事項,鋼筋混凝土造,84年12月4日,十六層,十一層
RPSNMLQKNHIFFAV07DA,17,41.50,見其他登記事項,鋼筋混凝土造,84年12月4日,十六層,
RPPOMLLJNHIFFAV78CA,18,22.86,見其他登記事項,見其他登記事項,84年10月4日,十二層,七層
RPWNMLQJNHIFFAV27CA,17,131.98,住家用,鋼筋混凝土造,84年12月4日,十六層,四層
RPWNMLQJNHIFFAV27CA,17,44.99,見其他登記事項,鋼筋混凝土造,84年12月4日,十六層,
RPTOMLQLMHIFFAV27DA,39,56.88,住家用,見其他登記事項,63年5月2日,一層,一層
RPRNMLLLNHIFFAV09CA,31,104.66,住家用,加強磚造,71年2月27日,二層,一層 二層 騎樓
RPRNMLTLMHIFFAV27DA,36,103.70,住家用,見其他登記事項,66年6月18日,二層,一層 二層
RPSNMLPKNHIFFAV96DA,32,102.09,住家用,加強磚造,70年9月26日,二層,一層 二層 騎樓
RPVNMLTLMHIFFAV67DA,34,119.76,住家用,加強磚造,68年6月26日,二層,一層 二層 騎樓
RPQNMLPKNHIFFAV76DA,32,104.92,住家用,加強磚造,70年9月26日,二層,一層 二層 騎樓
RPWNMLRKNHIFFAV47CA,19,80.55,見其他登記事項,鋼筋混凝土造,82年10月19日,七層,四層
RPPOMLQLMHIFFAV76CA,18,29.44,見其他登記事項,鋼筋混凝土造,84年2月21日,五層,四層
RPPOMLQLMHIFFAV76CA,18,1.71,共同使用部份,鋼筋混凝土造,84年2月21日,五層,
RPPOMLQLMHIFFAV76CA,18,7.38,見其他登記事項,鋼筋混凝土造,84年2月21日,五層,
RPPOMLQLMHIFFAV76CA,18,7.61,見其他登記事項,鋼筋混凝土造,84年2月21日,五層,
RPWNMLKMMHIFFAV86CA,27,23.18,住家用,鋼筋混凝土造,75年10月7日,四層,四層
RPQOMLTLMHIFFAV17CA,10,196.75,見其他登記事項,見其他登記事項,92年1月20日,二層,一層 二層
RPXNMLLJNHIFFAV86CA,7,215.77,住家用,見其他登記事項,94年11月17日,三層,一層 二層 三層
RPPNMLTLNHIFFAV07CA,20,157.83,住商用,鋼筋混凝土造,82年7月16日,七層,一層 二層 騎樓 三層
RPPNMLTLNHIFFAV07CA,20,48.64,見其他登記事項,鋼筋混凝土造,82年7月16日,七層,
RPPPMLLJNHIFFAV98DA,30,95.38,國民住宅,鋼筋混凝土造,72年2月9日,四層,一層 騎樓
RPPPMLLJNHIFFAV98DA,30,.99,見其他登記事項,鋼筋混凝土造,72年2月9日,四層,
RPPPMLLJNHIFFAV98DA,30,1.15,見其他登記事項,鋼筋混凝土造,72年2月9日,四層,
RPPPMLLJNHIFFAV98DA,30,9.00,見其他登記事項,鋼筋混凝土造,72年2月9日,四層,
RPPNMLQLNHIFFAV86DA,34,115.24,住家用,加強磚造,67年11月8日,二層,一層 二層
RPRNMLTLNHIFFAV27CA,17,700.44,見其他登記事項,鋼筋混凝土造,85年10月1日,六層,一層 二層 三層 四層 五層 六層 地下層
RPSNMLMJNHIFFDV76CA,19,31.54,見其他登記事項,鋼筋混凝土造,83年9月30日,八層,二層
RPSNMLMJNHIFFDV76CA,19,6.07,見其他登記事項,鋼筋混凝土造,83年9月30日,八層,
RPVNMLMLNHIFFAV96CA,,228.32,住家用,見其他登記事項,102年2月5日,三層,三層 屋頂突出物 一層 二層
RPUNMLSJNHIFFAV27CA,17,89.74,住家用,鋼筋混凝土造,85年6月28日,七層,五層
RPUNMLSJNHIFFAV27CA,17,6.84,見其他登記事項,鋼筋混凝土造,85年6月28日,七層,
RPUNMLSJNHIFFAV27CA,17,3.93,見其他登記事項,鋼筋混凝土造,85年6月28日,七層,
RPUNMLSJNHIFFAV27CA,17,3.85,見其他登記事項,鋼筋混凝土造,85年6月28日,七層,
RPUNMLSJNHIFFAV27CA,17,16.01,見其他登記事項,鋼筋混凝土造,85年6月28日,七層,
RPPNMLMJNHIFFAV78CA,21,187.10,住家用,鋼筋混凝土造,81年1月11日,三層,一層 二層 三層
RPQNMLMJNHIFFAV88CA,,100.23,住家用,見其他登記事項,,二層,一層 二層 騎樓
RPSNMLTJNHIFFAV17CA,18,79.10,見其他登記事項,鋼筋混凝土造,84年1月25日,十層,十層
RPSNMLTJNHIFFAV17CA,,2.05,見其他登記事項,鋼筋混凝土造,,十層,
RPSNMLTJNHIFFAV17CA,18,9.44,見其他登記事項,鋼筋混凝土造,84年1月25日,十層,
RPSNMLTJNHIFFAV17CA,18,2.26,見其他登記事項,鋼筋混凝土造,84年1月25日,十層,
RPSNMLTJNHIFFAV17CA,18,11.52,見其他登記事項,鋼筋混凝土造,84年1月25日,十層,
RPSOMLLJNHIFFAV09CA,,184.60,住家用,見其他登記事項,101年12月17日,三層,一層 二層 三層
RPQOMLLJNHIFFAV88CA,,92.71,住商用,木造,,二層,一層 二層
