﻿編號,屋齡,建物移轉面積平方公尺,主要用途,主要建材,建築完成日期,總層數,建物分層
The serial number,room age,building shifting area square meter,the main use,main building materials,construction completes the date,total layer,building lamination
RPPNMLNJMHIFFDV66CC,18,6043.25,商業用,鋼筋混凝土造,83年12月30日,七層,
RPRNMLNLKHIFFAV66DC,18,148.35,住家用,鋼筋混凝土造,84年6月13日,三層,
RPQNMLNLKHIFFAV56DC,17,120.03,見其他登記事項,鋼筋混凝土造,85年6月28日,九層,
RPPOMLSKMHIFFAV17DC,33,93.00,住家用,加強磚造,69年10月1日,二層,
RPPNMLKLLHIFFAV88DC,18,214.92,住家用,鋼筋混凝土造,84年6月8日,三層,
RPPNMLMKLHIFFAV98DC,28,110.64,住家用,加強磚造,73年9月3日,二層,
RPPNMLTJMHIFFAV07DC,18,232.64,見其他登記事項,鋼筋混凝土造,84年7月1日,四層,
