﻿鄉鎮市區,交易標的,土地區段位置/建物區段門牌,土地移轉總面積平方公尺,都市土地使用分區,非都市土地使用分區,非都市土地使用編定,交易年月日,交易筆棟數,移轉層次,總樓層數,建物型態,主要用途,主要建材,建築完成年月,建物移轉總面積平方公尺,建物現況格局-房,建物現況格局-廳,建物現況格局-衛,建物現況格局-隔間,有無管理組織,總價元,單價元/平方公尺,車位類別,車位移轉總面積平方公尺,車位總價元,備註,編號
The villages and towns urban district,transaction sign,land sector position/building sector house number plate,land shifting total area square meter,the use zoning or compiles and checks,the non-metropolis land use district,non-metropolis land use,transaction year, month and day,transaction pen number,shifting level,total floor number,building state,main use,main building materials,construction to complete the years,building shifting total area,Building present situation pattern - room,building present situation pattern - hall,building present situation pattern - health,building present situation pattern - compartmented,Whether there is manages the organization,total price Yuan,the unit price a Yuan/square meter,the berth category,berth shifting total area square meter,the berth total price Yuan,the note,serial number
金寧鄉,土地,寧湖三劃段211~240地號,1000.0,農,,,1020117,土地1建物0車位0,,,其他,,,,0.0,0,0,0,有,無,5100000,5100,,0.0,0,,RPWPMLOJKHIFFAW07CA
金寧鄉,土地,寧安二劃段421~450地號,576.0,農,,,1020114,土地1建物0車位0,,,其他,,,,0.0,0,0,0,有,無,1600000,2778,,0.0,0,,RPOQMLOJKHIFFAW98CA
金城鎮,房地(土地+建物),金門縣金寧鄉大學路53巷6弄1~30號,15.55,農,,,1011230,土地2建物1車位0,三層,三層,套房(1房1廳1衛),見其他登記事項,鋼筋混凝土造,0981222,28.29,1,1,1,有,無,1600000,56557,,0.0,0,,RPXNMLMLKHIFFAW96CA
金城鎮,房地(土地+建物),金門縣金寧鄉大學路53巷6弄1~30號,22.15,農,,,1011230,土地2建物1車位0,三層,三層,套房(1房1廳1衛),見其他登記事項,鋼筋混凝土造,0981222,39.7,1,1,1,有,無,1750000,44081,,0.0,0,,SPXNMLMLKHIFFAW07CA
金城鎮,房地(土地+建物),金門縣金寧鄉大學路53巷6弄1~30號,15.55,農,,,1011230,土地2建物1車位0,一層,三層,套房(1房1廳1衛),見其他登記事項,鋼筋混凝土造,0981222,28.29,1,1,1,有,無,1600000,56557,,0.0,0,,RPOOMLMLKHIFFAW78CA
金湖鎮,土地,新頭段721~750地號,235.02,住,,,1011231,土地1建物0車位0,,,其他,,,,0.0,0,0,0,有,無,3760000,15999,,0.0,0,,RPQNMLLJLHIFFAW68CA
金湖鎮,土地,新頭段721~750地號,344.04,住,,,1011231,土地1建物0車位0,,,其他,,,,0.0,0,0,0,有,無,5500000,15987,,0.0,0,,RPRNMLLJLHIFFAW78CA
金寧鄉,土地,青山段1081~1110地號,493.2,其他,,,1020118,土地1建物0車位0,,,其他,,,,0.0,0,0,0,有,無,4000000,8110,,0.0,0,,RPQNMLPJKHIFFAW98CA
金沙鎮,土地,沙宅劃段511~540地號,333.33,農,,,1020125,土地1建物0車位0,,,其他,,,,0.0,0,0,0,有,無,700000,2100,,0.0,0,親友、員工或其他特殊關係間之交易。;親友、員工或其他特殊關係間之交易。,RPRNMLPJKHIFFAW09CA
金城鎮,土地,庵前劃測段451~480地號,738.5,農,,,1020125,土地1建物0車位0,,,其他,,,,0.0,0,0,0,有,無,1300000,1760,,0.0,0,親友、員工或其他特殊關係間之交易。;親友關係間之交易。,RPTNMLPJKHIFFAW66CA
金沙鎮,土地,榮湖段301~330地號,1066.77,農,,,1020109,土地1建物0車位0,,,其他,,,,0.0,0,0,0,有,無,1792173,1680,,0.0,0,,RPVNMLPJKHIFFAW86CA
金沙鎮,土地,榮湖段301~330地號,734.68,農,,,1020109,土地1建物0車位0,,,其他,,,,0.0,0,0,0,有,無,1234262,1680,,0.0,0,,RPWNMLPJKHIFFAW96CA
金沙鎮,土地,山西段1141~1170地號,1250.41,其他,,,1020104,土地5建物0車位0,,,其他,,,,0.0,0,0,0,有,無,881538,705,,0.0,0,,RPXNMLPJKHIFFAW07CA
金城鎮,土地,歐厝村段151~180地號,254.0,其他,,,1020125,土地1建物0車位0,,,其他,,,,0.0,0,0,0,有,無,1200000,4724,,0.0,0,,RPXNMLRJKHIFFAW27CA
金沙鎮,土地,東珩段331~360地號,2191.15,農,,,1011219,土地2建物0車位0,,,其他,,,,0.0,0,0,0,有,無,7500000,3423,,0.0,0,,RPPOMLRJKHIFFAW56CA
烈嶼鄉,土地,烈濱劃測段241~270地號,1391.32,農,,,1020115,土地2建物0車位0,,,其他,,,,0.0,0,0,0,有,無,2360000,1696,,0.0,0,,RPPPMLLLKHIFFAW88CA
金沙鎮,土地,北九劃段1411~1440地號,540.0,其他,,,1020125,土地2建物0車位0,,,其他,,,,0.0,0,0,0,有,無,7600000,14074,,0.0,0,,RPQPMLLLKHIFFAW98CA
金城鎮,土地,北一段241~270地號,915.82,農,,,1020116,土地3建物0車位0,,,其他,,,,0.0,0,0,0,有,無,34844739,,,0.0,0,,RPTNMLRJKHIFFAW86CA
金城鎮,土地,北一段241~270地號,372.62,農,,,1020116,土地2建物0車位0,,,其他,,,,0.0,0,0,0,有,無,11120806,,,0.0,0,,RPUNMLRJKHIFFAW96CA
金城鎮,房地(土地+建物),金門縣金寧鄉大學路53巷6弄1~30號,15.31,農,,,1011230,土地2建物1車位0,二層,三層,套房(1房1廳1衛),見其他登記事項,鋼筋混凝土造,0981222,27.6,1,1,1,有,無,1550000,56159,,0.0,0,,RPVNMLMLKHIFFAW76CA
金城鎮,房地(土地+建物),金門縣金寧鄉大學路53巷6弄1~30號,15.55,農,,,1011230,土地2建物1車位0,二層,三層,套房(1房1廳1衛),見其他登記事項,鋼筋混凝土造,0981222,28.29,1,1,1,有,無,1600000,56557,,0.0,0,,SPVNMLMLKHIFFAW86CA
金沙鎮,土地,北八劃段151~180地號,1000.0,農,,,1020129,土地1建物0車位0,,,其他,,,,0.0,0,0,0,有,無,4500000,4500,,0.0,0,,RPWNMLRJKHIFFAW17CA
金寧鄉,土地,寧湖六劃段91~120地號,1000.0,農,,,1020118,土地1建物0車位0,,,其他,,,,0.0,0,0,0,有,無,3800000,3800,,0.0,0,,RPOOMLPJKHIFFAW88CA
金寧鄉,土地,安岐村段271~300地號,201.0,其他,,,1020123,土地1建物0車位0,,,其他,,,,0.0,0,0,0,有,無,3000000,14925,,0.0,0,,RPPNMLQJKHIFFAW98CA
金寧鄉,土地,寧湖三劃段721~750地號,920.0,農,,,1020121,土地1建物0車位0,,,其他,,,,0.0,0,0,0,有,無,5700000,6196,,0.0,0,,RPUNMLQJKHIFFAW86CA
金城鎮,土地,舊金城段661~690地號,1034.0,農,,,1020131,土地4建物0車位0,,,其他,,,,0.0,0,0,0,有,無,1600000,1547,,0.0,0,,RPTNMLLJLHIFFAW98CA
金寧鄉,土地,北二三劃測段361~390地號,1000.01,農,,,1020120,土地1建物0車位0,,,其他,,,,0.0,0,0,0,有,無,6000000,6000,,0.0,0,,RPSNMLPJLHIFFAW66CA
金寧鄉,土地,寧湖二劃測段421~450地號,1000.01,農,,,1020120,土地1建物0車位0,,,其他,,,,0.0,0,0,0,有,無,7200000,7200,,0.0,0,,RPTNMLPJLHIFFAW76CA
金寧鄉,土地,湖尾段571~600地號,1011.18,農,,,1020129,土地1建物0車位0,,,其他,,,,0.0,0,0,0,有,無,2550000,2522,,0.0,0,,RPROMLQJKHIFFAW76DA
金城鎮,房地(土地+建物),金門縣金城鎮後豐港31~60號,100.0,其他,,,1020131,土地3建物1車位0,全,三層,透天厝,住家用,鋼筋混凝土造,1011226,170.08,4,2,4,有,無,7800000,45861,,0.0,0,,RPVNMLSJLHIFFAW37DA
金湖鎮,土地,庵邊段331~360地號,1891.11,其他,,,1011212,土地4建物0車位0,,,其他,,,,0.0,0,0,0,有,無,3800000,2009,,0.0,0,親友、員工或其他特殊關係間之交易。;親友、員工或其他特殊關係間之交易。士地增稅由買方負責。,RPTNMLNLKHIFFAW66CA
金寧鄉,土地,寧湖二劃測段721~750地號,272.82,農,,,1020123,土地2建物0車位0,,,其他,,,,0.0,0,0,0,有,無,2000000,7331,,0.0,0,,RPUNMLLJLHIFFAW09CA
金城鎮,土地,洪門港段1~30地號,100.0,其他,,,1020131,土地3建物0車位0,,,其他,,,,0.0,0,0,0,有,無,1000000,10000,,0.0,0,,RPSOMLQJKHIFFAW76CA
金沙鎮,土地,英坑段1081~1110地號,566.61,農,,,1020122,土地1建物0車位0,,,其他,,,,0.0,0,0,0,有,無,895810,1581,,0.0,0,,RPVOMLLLKHIFFAW76CA
金沙鎮,土地,英坑段871~900地號,296.8,農,,,1020122,土地1建物0車位0,,,其他,,,,0.0,0,0,0,有,無,469240,1581,,0.0,0,,RPWOMLLLKHIFFAW86CA
金城鎮,土地,古坵段631~660地號,494.0,農,,,1020122,土地1建物0車位0,,,其他,,,,0.0,0,0,0,有,無,780520,1580,,0.0,0,,RPXOMLLLKHIFFAW96CA
金沙鎮,土地,英坑段871~900地號,370.0,農,,,1020128,土地1建物0車位0,,,其他,,,,0.0,0,0,0,有,無,584970,1581,,0.0,0,,RPOPMLLLKHIFFAW78CA
金沙鎮,土地,沙港劃段661~690地號,1000.03,農,,,1020102,土地2建物0車位0,,,其他,,,,0.0,0,0,0,有,無,6666000,6666,,0.0,0,,RPQNMLSKKHIFFAW76CA
金城鎮,建物,金門縣金城鎮民權路211~240號,0.0,,,,1020122,土地0建物1車位1,三層,十層,華廈(10層含以下有電梯),見其他登記事項,鋼筋混凝土造,1010725,159.42000000000002,3,2,2,有,有,3255000,20418,坡道機械,8.14,0,建商與地主合建案。;建商與地主合建案。,RPVPMLLLKHIFFAW86CA
金城鎮,房地(土地+建物),金門縣金城鎮民權路211~240號,27.32,住,,,1020122,土地1建物1車位0,四層,十層,華廈(10層含以下有電梯),見其他登記事項,鋼筋混凝土造,1010725,149.07999999999998,3,2,2,有,有,8376300,56187,,0.0,0,,RPWPMLLLKHIFFAW96CA
金城鎮,房地(土地+建物),金門縣金城鎮民權路211~240號,24.21,住,,,1020122,土地1建物1車位0,四層,十層,華廈(10層含以下有電梯),見其他登記事項,鋼筋混凝土造,1010725,135.07999999999998,3,2,2,有,有,7559400,55962,,0.0,0,,RPXPMLLLKHIFFAW07CA
金城鎮,房地(土地+建物),金門縣金城鎮民權路211~240號,27.32,住,,,1020122,土地1建物1車位0,五層,十層,華廈(10層含以下有電梯),見其他登記事項,鋼筋混凝土造,1010725,149.07999999999998,3,2,2,有,有,8426300,56522,,0.0,0,,RPOQMLLLKHIFFAW88CA
金城鎮,房地(土地+建物),金門縣金城鎮民權路211~240號,24.21,住,,,1020122,土地1建物1車位0,五層,十層,華廈(10層含以下有電梯),見其他登記事項,鋼筋混凝土造,1010725,135.07999999999998,3,2,2,有,有,7604800,56298,,0.0,0,,RPPQMLLLKHIFFAW98CA
金城鎮,房地(土地+建物),金門縣金城鎮民權路211~240號,24.21,住,,,1020122,土地1建物1車位0,六層,十層,華廈(10層含以下有電梯),見其他登記事項,鋼筋混凝土造,1010725,135.07999999999998,3,2,2,有,有,7650100,56634,,0.0,0,,RPQQMLLLKHIFFAW09CA
金城鎮,建物,金門縣金城鎮民權路211~240號,0.0,,,,1020122,土地0建物1車位1,七層,十層,華廈(10層含以下有電梯),見其他登記事項,鋼筋混凝土造,1010725,157.22,3,2,2,有,有,4496000,28597,坡道機械,8.14,0,親友、員工或其他特殊關係間之交易。;親友、員工或其他特殊關係間之交易，土地為地主贈與。,RPRQMLLLKHIFFAW56CA
金城鎮,房地(土地+建物),金門縣金城鎮民權路211~240號,24.21,住,,,1020122,土地1建物1車位0,七層,十層,華廈(10層含以下有電梯),見其他登記事項,鋼筋混凝土造,1010725,135.07999999999998,3,2,2,有,有,7695500,56970,,0.0,0,,RPSQMLLLKHIFFAW66CA
金城鎮,房地(土地+建物),金門縣金城鎮民權路211~240號,27.32,住,,,1020122,土地1建物1車位0,八層,十層,華廈(10層含以下有電梯),見其他登記事項,鋼筋混凝土造,1010725,149.07999999999998,3,2,2,有,有,8113500,54424,,0.0,0,,RPPNMLMLKHIFFAW78CA
金城鎮,房地(土地+建物)+車位,金門縣金城鎮民權路211~240號,24.21,住,,,1020122,土地1建物1車位1,八層,十層,華廈(10層含以下有電梯),見其他登記事項,鋼筋混凝土造,1010725,143.22,3,2,2,有,有,6030000,42103,坡道機械,8.14,0,,RPQNMLMLKHIFFAW88CA
金城鎮,建物,金門縣金城鎮民權路211~240號,0.0,,,,1020122,土地0建物1車位1,九層,十層,華廈(10層含以下有電梯),見其他登記事項,鋼筋混凝土造,1010725,157.22,3,2,2,有,有,3200000,20354,坡道機械,8.14,0,親友、員工或其他特殊關係間之交易。;親友、員工或其他特殊關係間之交易，土地為地主贈與。,RPRNMLMLKHIFFAW98CA
金城鎮,房地(土地+建物)+車位,金門縣金城鎮民權路211~240號,24.21,住,,,1020122,土地1建物1車位1,九層,十層,華廈(10層含以下有電梯),見其他登記事項,鋼筋混凝土造,1010725,143.22,3,2,2,有,有,6080000,42452,坡道機械,8.14,0,,RPSNMLMLKHIFFAW09CA
金城鎮,房地(土地+建物)+車位,金門縣金城鎮民權路211~240號,33.87,住,,,1020122,土地1建物1車位1,十層，見其他登記事項,十層,華廈(10層含以下有電梯),見其他登記事項,鋼筋混凝土造,1010725,199.33,3,2,2,有,有,10970000,55034,坡道機械,8.14,0,,RPTNMLMLKHIFFAW56CA
金寧鄉,土地,東洲段841~870地號,1284.18,農,,,1020129,土地2建物0車位0,,,其他,,,,0.0,0,0,0,有,無,6200000,4828,,0.0,0,,RPPNMLOLKHIFFAW98CA
金城鎮,土地,中一段331~360地號,107.03,其他,,,1020206,土地1建物0車位0,,,其他,,,,0.0,0,0,0,有,無,868280,8112,,0.0,0,,RPRNMLSJLHIFFAW96DA
金湖鎮,土地,陳坑段211~240地號,12.05,其他,,,1020118,土地1建物0車位0,,,其他,,,,0.0,0,0,0,有,無,142431,11820,,0.0,0,,RPSNMLLJLHIFFAW98DA
金寧鄉,土地,寧湖三劃段691~720地號,666.67,農,,,1020120,土地1建物0車位0,,,其他,,,,0.0,0,0,0,有,無,3600000,5400,,0.0,0,,RPUNMLPJLHIFFAW96DA
金城鎮,土地,小西門劃測段1891~1920地號,742.83,農,,,1020206,土地1建物0車位0,,,其他,,,,0.0,0,0,0,有,無,1114245,1500,,0.0,0,,RPTNMLQJLHIFFAW96DA
金城鎮,土地,古崗段841~870地號,703.35,其他,,,1010821,土地1建物0車位0,,,其他,,,,0.0,0,0,0,有,無,800000,1137,,0.0,0,,RPRNMLNLKHIFFAW09CA
金寧鄉,土地,寧劃段1321~1350地號,1873.0,農,,,1020204,土地5建物0車位0,,,其他,,,,0.0,0,0,0,有,無,5600000,2990,,0.0,0,,RPPNMLMJLHIFFAW68CA
金湖鎮,土地,中五劃段1~30地號,403.0,農,,,1020116,土地1建物0車位0,,,其他,,,,0.0,0,0,0,有,無,4500000,11166,,0.0,0,,RPRPMLLLKHIFFAW09CA
金寧鄉,土地,大園段1~30地號,3047.12,其他,,,1011230,土地6建物0車位0,,,其他,,,,0.0,0,0,0,有,無,6094240,2000,,0.0,0,,RPTPMLLLKHIFFAW66CA
金湖鎮,土地,瓊林段151~180地號,23.64,農,,,1020201,土地1建物0車位0,,,其他,,,,0.0,0,0,0,有,無,47280,2000,,0.0,0,,RPUNMLKLKHIFFAW09CA
金城鎮,土地,小西門劃測段1921~1950地號,466.82,農,,,1020205,土地1建物0車位0,,,其他,,,,0.0,0,0,0,有,無,800000,1714,,0.0,0,,RPPOMLSKLHIFFAW96DA
金沙鎮,土地,東珩段721~750地號,4941.76,農,,,1020103,土地12建物0車位0,,,其他,,,,0.0,0,0,0,有,無,4800000,971,,0.0,0,,RPUPMLLLKHIFFAW86DA
金寧鄉,房地(土地+建物),金門縣金寧鄉盤山村伯玉路二段211~240號,3652.55,農,,,1020128,土地2建物12車位0,一層,三層,公寓(5樓含以下無電梯),見其他登記事項,見其他登記事項,0850429,4289.16,0,0,0,無,無,80010000,18654,,0.0,0,,RPPNMLPKLHIFFAW56DA
金寧鄉,土地,西堡劃測段301~330地號,1959.0,農,,,1020128,土地1建物0車位0,,,其他,,,,0.0,0,0,0,有,無,4300000,2195,,0.0,0,,RPSNMLNLKHIFFAW56CA
金城鎮,房地(土地+建物),金門縣金城鎮後豐港31~60號,100.0,其他,,,1020131,土地3建物1車位0,全,三層,透天厝,住家用,鋼筋混凝土造,1011226,165.14,4,2,3,有,無,7000000,42388,,0.0,0,,RPPNMLPLKHIFFAW09CA
金沙鎮,土地,山西段241~270地號,1435.79,農,,,1020201,土地1建物0車位0,,,其他,,,,0.0,0,0,0,有,無,2500000,1741,,0.0,0,,RPUNMLQJLHIFFAW96CA
金湖鎮,土地,太湖劃測段871~900地號,1479.13,其他,,,1011212,土地2建物0車位0,,,其他,,,,0.0,0,0,0,有,無,2000000,1352,,0.0,0,,RPUNMLNLKHIFFAW76CA
金湖鎮,土地,太湖劃測段1411~1440地號,373.83,其他,,,1011212,土地1建物0車位0,,,其他,,,,0.0,0,0,0,有,無,700000,1873,,0.0,0,親友、員工或其他特殊關係間之交易。;親友、員工或其他特殊關係間之交易。土地增值稅由買方負責。,RPVNMLNLKHIFFAW86CA
金湖鎮,土地,料羅段61~90地號,1184.4,農,,,1020204,土地2建物0車位0,,,其他,,,,0.0,0,0,0,有,無,1896000,1601,,0.0,0,,RPQNMLOLKHIFFAW09CA
金湖鎮,土地,料羅段61~90地號,883.75,農,,,1020204,土地1建物0車位0,,,其他,,,,0.0,0,0,0,有,無,1414000,1600,,0.0,0,,RPRNMLOLKHIFFAW56CA
金湖鎮,土地,料羅段121~150地號,431.04,農,,,1020204,土地1建物0車位0,,,其他,,,,0.0,0,0,0,有,無,690000,1601,,0.0,0,,RPSNMLOLKHIFFAW66CA
金寧鄉,土地,北二三劃測段601~630地號,115.27,農,,,1020206,土地1建物0車位0,,,其他,,,,0.0,0,0,0,有,無,2000000,,,0.0,0,,RPQNMLMJLHIFFAW78CA
金寧鄉,土地,北二三劃測段601~630地號,108.04,農,,,1020206,土地1建物0車位0,,,其他,,,,0.0,0,0,0,有,無,2000000,,,0.0,0,,RPRNMLMJLHIFFAW88CA
金寧鄉,土地,北二三劃測段601~630地號,105.35,農,,,1020206,土地1建物0車位0,,,其他,,,,0.0,0,0,0,有,無,2000000,,,0.0,0,,RPSNMLMJLHIFFAW98CA
金寧鄉,土地,北二三劃測段601~630地號,108.75,農,,,1020206,土地1建物0車位0,,,其他,,,,0.0,0,0,0,有,無,2000000,,,0.0,0,,RPTNMLMJLHIFFAW09CA
金寧鄉,土地,北二三劃測段601~630地號,108.75,農,,,1020206,土地1建物0車位0,,,其他,,,,0.0,0,0,0,有,無,2000000,,,0.0,0,,RPUNMLMJLHIFFAW56CA
金寧鄉,土地,寧安五劃段1~30地號,1906.67,農,,,1020218,土地4建物0車位0,,,其他,,,,0.0,0,0,0,有,無,6840000,3587,,0.0,0,,RPVNMLMJLHIFFAW66CA
金寧鄉,土地,小西門劃測段631~660地號,1126.57,農,,,1020121,土地5建物0車位0,,,其他,,,,0.0,0,0,0,有,無,2000000,1775,,0.0,0,,RPSNMLMLLHIFFAW66DA
金城鎮,土地,小西門劃測段2281~2310地號,395.42,農,,,1020220,土地1建物0車位0,,,其他,,,,0.0,0,0,0,有,無,593130,1500,,0.0,0,,RPPNMLRJLHIFFAW66DA
金沙鎮,土地,青嶼測段481~510地號,370.31,農,,,1020220,土地1建物0車位0,,,其他,,,,0.0,0,0,0,有,無,629400,1700,,0.0,0,,RPWNMLMJLHIFFAW76CA
金沙鎮,土地,沙溪一劃段91~120地號,2960.09,農,,,1020205,土地3建物0車位0,,,其他,,,,0.0,0,0,0,有,無,7000000,2365,,0.0,0,,RPPNMLLJLHIFFAW58CA
金城鎮,房地(土地+建物),金門縣金城鎮民權路122巷1弄1~30號,17.19,住,,,1020201,土地1建物1車位0,四層,四層,公寓(5樓含以下無電梯),見其他登記事項,鋼筋混凝土造,0991108,35.47,1,1,1,有,無,2000000,56386,,0.0,0,,RPQNMLPJLHIFFAW09CA
金沙鎮,土地,碧山段1471~1500地號,1039.0,其他,,,1020205,土地1建物0車位0,,,其他,,,,0.0,0,0,0,有,無,25000000,24062,,0.0,0,,RPRNMLPJLHIFFAW56CA
金湖鎮,土地,太武段121~150地號,684.11,其他,,,1011228,土地3建物0車位0,,,其他,,,,0.0,0,0,0,有,無,620000,906,,0.0,0,,RPRNMLMLLHIFFAW09CA
金沙鎮,土地,沙港劃段541~570地號,1000.02,農,,,1020220,土地2建物0車位0,,,其他,,,,0.0,0,0,0,有,無,5500000,5500,,0.0,0,,RPPNMLPLLHIFFAW56CA
金沙鎮,土地,沙港劃段661~690地號,250.02,農,,,1020220,土地2建物0車位0,,,其他,,,,0.0,0,0,0,有,無,3334000,13335,,0.0,0,,RPQNMLPLLHIFFAW66CA
金寧鄉,土地,寧安二劃段361~390地號,240.0,其他,,,1020204,土地1建物0車位0,,,其他,,,,0.0,0,0,0,有,無,660000,2750,,0.0,0,(包含)公共設施保留地之交易。;(包含)公共設施保留地之交易。,RPPNMLPJLHIFFAW98CA
金寧鄉,土地,北二三劃測段601~630地號,108.75,農,,,1020220,土地1建物0車位0,,,其他,,,,0.0,0,0,0,有,無,2000000,,,0.0,0,,RPPNMLNLLHIFFAW98CA
金寧鄉,土地,北二三劃測段601~630地號,108.75,農,,,1020220,土地1建物0車位0,,,其他,,,,0.0,0,0,0,有,無,2000000,,,0.0,0,,RPQNMLNLLHIFFAW09CA
金寧鄉,土地,北二三劃測段601~630地號,108.75,農,,,1020220,土地1建物0車位0,,,其他,,,,0.0,0,0,0,有,無,2000000,,,0.0,0,,RPRNMLNLLHIFFAW56CA
金城鎮,房地(土地+建物),金門縣金城鎮後豐港31~60號,100.0,其他,,,1020218,土地3建物1車位0,全,三層,透天厝,住家用,鋼筋混凝土造,1011226,170.82,4,2,4,有,無,7800000,45662,,0.0,0,,RPUNMLSJLHIFFAW17CA
金寧鄉,土地,后湖段241~270地號,1513.26,農,,,1020218,土地2建物0車位0,,,其他,,,,0.0,0,0,0,有,無,2300000,1520,,0.0,0,,RPPNMLOJLHIFFAW88CA
金湖鎮,土地,湖前段421~450地號,155.75,其他,,,1020222,土地1建物0車位0,,,其他,,,,0.0,0,0,0,有,無,1300000,8347,,0.0,0,(包含)公共設施保留地之交易。;(包含)公共設施保留地之交易。,RPQNMLOJLHIFFAW98CA
金沙鎮,土地,浦邊段1171~1200地號,36.0,住,,,1020201,土地1建物0車位0,,,其他,,,,0.0,0,0,0,有,無,180,5,,0.0,0,向政府機關承購之案件。;向政府機關承購之案件。,RPTNMLRJLHIFFAW96CA
金城鎮,土地,古坵段1201~1230地號,352.0,農,,,1020220,土地1建物0車位0,,,其他,,,,0.0,0,0,0,有,無,598600,1701,,0.0,0,,RPSNMLNLLHIFFAW66CA
金沙鎮,土地,北九劃段1381~1410地號,127.69,其他,,,1020218,土地2建物0車位0,,,其他,,,,0.0,0,0,0,有,無,1700000,13313,,0.0,0,,RPPNMLSJLHIFFAW76DA
金沙鎮,土地,北九劃段1381~1410地號,120.86,其他,,,1020218,土地2建物0車位0,,,其他,,,,0.0,0,0,0,有,無,1600000,13238,,0.0,0,,RPQNMLSJLHIFFAW86DA
烈嶼鄉,土地,古廟段61~90地號,26.11,其他,,,1020204,土地1建物0車位0,,,其他,,,,0.0,0,0,0,有,無,161359,6180,,0.0,0,向國有財產局購回,RPQNMLLLLHIFFAW98DA
金寧鄉,土地,青山段211~240地號,1150.45,農,,,1020208,土地1建物0車位0,,,其他,,,,0.0,0,0,0,有,無,2000000,1738,,0.0,0,,RPQNMLRJLHIFFAW66CA
金城鎮,土地,古崗村段121~150地號,164.0,其他,,,1020225,土地1建物0車位0,,,其他,,,,0.0,0,0,0,有,無,500000,3049,,0.0,0,,RPWNMLPJLHIFFAW07CA
金城鎮,房地(土地+建物),金門縣金城鎮西海路三段81巷31~60號,29.5,農,,,1020226,土地1建物1車位0,三層,三層,公寓(5樓含以下無電梯),住家用,鋼筋混凝土造,0840516,90.47,2,2,1,有,無,2610000,28849,,0.0,0,,RPQNMLQJLHIFFAW56CA
金寧鄉,土地,后湖段901~930地號,476.06,農,,,1020226,土地1建物0車位0,,,其他,,,,0.0,0,0,0,有,無,809000,1699,,0.0,0,,RPTNMLNLLHIFFAW76CA
金寧鄉,土地,寧湖一劃段271~300地號,137.91,農,,,1020128,土地3建物0車位0,,,其他,,,,0.0,0,0,0,有,無,2500000,,,0.0,0,,RPWNMLSKLHIFFAW47CA
金寧鄉,土地,寧湖一劃段271~300地號,137.84,農,,,1020128,土地3建物0車位0,,,其他,,,,0.0,0,0,0,有,無,2500000,,,0.0,0,,RPXNMLSKLHIFFAW57CA
金寧鄉,土地,寧湖一劃段271~300地號,138.17,農,,,1020128,土地3建物0車位0,,,其他,,,,0.0,0,0,0,有,無,2500000,,,0.0,0,,RPQOMLSKLHIFFAW96CA
金寧鄉,土地,寧湖一劃段541~570地號,110.0,農,,,1020227,土地1建物0車位0,,,其他,,,,0.0,0,0,0,有,無,1650000,,,0.0,0,,RPQNMLMJMHIFFAW98DA
金寧鄉,土地,寧湖一劃段541~570地號,100.0,農,,,1020227,土地1建物0車位0,,,其他,,,,0.0,0,0,0,有,無,1500000,,,0.0,0,,RPRNMLMJMHIFFAW09DA
金寧鄉,土地,寧湖一劃段541~570地號,100.0,農,,,1020227,土地1建物0車位0,,,其他,,,,0.0,0,0,0,有,無,1500000,,,0.0,0,,RPSNMLMJMHIFFAW56DA
金寧鄉,土地,寧湖一劃段541~570地號,100.0,農,,,1020227,土地1建物0車位0,,,其他,,,,0.0,0,0,0,有,無,1500000,,,0.0,0,,RPTNMLMJMHIFFAW66DA
金寧鄉,土地,寧湖一劃段541~570地號,100.0,農,,,1020227,土地1建物0車位0,,,其他,,,,0.0,0,0,0,有,無,1500000,,,0.0,0,,RPUNMLMJMHIFFAW76DA
金寧鄉,土地,寧湖一劃段541~570地號,100.0,農,,,1020227,土地1建物0車位0,,,其他,,,,0.0,0,0,0,有,無,1500000,,,0.0,0,,RPVNMLMJMHIFFAW86DA
金寧鄉,土地,寧湖一劃段541~570地號,100.0,農,,,1020227,土地1建物0車位0,,,其他,,,,0.0,0,0,0,有,無,1500000,,,0.0,0,,RPWNMLMJMHIFFAW96DA
金寧鄉,土地,寧湖一劃段541~570地號,100.0,農,,,1020227,土地1建物0車位0,,,其他,,,,0.0,0,0,0,有,無,1500000,,,0.0,0,,RPXNMLMJMHIFFAW07DA
金寧鄉,土地,寧湖一劃段541~570地號,94.09,農,,,1020227,土地1建物0車位0,,,其他,,,,0.0,0,0,0,有,無,1500000,,,0.0,0,,RPOOMLMJMHIFFAW88DA
金寧鄉,土地,赤岑段391~420地號,111.43,農,,,1020301,土地1建物0車位0,,,其他,,,,0.0,0,0,0,有,無,172000,1544,,0.0,0,,RPRNMLQJLHIFFAW76DA
金城鎮,土地,中一段421~450地號,1479.43,住,,,1020227,土地4建物0車位0,,,其他,,,,0.0,0,0,0,有,無,29000000,19602,,0.0,0,,RPSNMLQJLHIFFAW86DA
金寧鄉,土地,寧湖一劃段271~300地號,137.98,農,,,1020128,土地3建物0車位0,,,其他,,,,0.0,0,0,0,有,無,2500000,,,0.0,0,,RPROMLSKLHIFFAW07CA
金寧鄉,土地,寧湖一劃段271~300地號,138.92,農,,,1020128,土地3建物0車位0,,,其他,,,,0.0,0,0,0,有,無,2500000,,,0.0,0,,RPTOMLSKLHIFFAW27CA
金寧鄉,土地,寧湖一劃段271~300地號,138.99,農,,,1020128,土地3建物0車位0,,,其他,,,,0.0,0,0,0,有,無,2500000,,,0.0,0,,RPUOMLSKLHIFFAW37CA
金寧鄉,土地,寧湖一劃段271~300地號,137.43,農,,,1020128,土地3建物0車位0,,,其他,,,,0.0,0,0,0,有,無,2500000,,,0.0,0,,RPVOMLSKLHIFFAW47CA
金寧鄉,土地,寧湖一劃段271~300地號,138.27,農,,,1020128,土地3建物0車位0,,,其他,,,,0.0,0,0,0,有,無,2500000,,,0.0,0,,RPWOMLSKLHIFFAW57CA
金沙鎮,土地,高陽段1~30地號,9815.12,農,,,1020207,土地2建物0車位0,,,其他,,,,0.0,0,0,0,有,無,45000000,4585,,0.0,0,,RPPOMLLKLHIFFAW78CA
金寧鄉,土地,長寮段1021~1050地號,359.25,農,,,1011205,土地2建物0車位0,,,其他,,,,0.0,0,0,0,有,無,193275,538,,0.0,0,,RPQNMLMKLHIFFAW88CA
金寧鄉,土地,長寮段91~120地號,676.93,農,,,1011205,土地3建物0車位0,,,其他,,,,0.0,0,0,0,有,無,364188,538,,0.0,0,,RPRNMLMKLHIFFAW98CA
金寧鄉,土地,長寮段901~930地號,634.89,農,,,1011205,土地2建物0車位0,,,其他,,,,0.0,0,0,0,有,無,341570,538,,0.0,0,,RPSNMLMKLHIFFAW09CA
金寧鄉,房地(土地+建物),金門縣金寧鄉上后垵31~60號,115.74,其他,,,1001022,土地1建物1車位0,全,三層,透天厝,住家用,鋼筋混凝土造,1011227,194.46,5,2,5,有,無,6850000,35226,,0.0,0,,RPQNMLNKLHIFFAW98CA
金寧鄉,房地(土地+建物),金門縣金寧鄉上后垵31~60號,115.74,其他,,,1001031,土地1建物1車位0,全,三層,透天厝,住家用,鋼筋混凝土造,1011227,196.18,5,2,5,有,無,7200000,36701,,0.0,0,,RPRNMLNKLHIFFAW09CA
金沙鎮,土地,官嶼劃段181~210地號,353.0,農,,,1020226,土地1建物0車位0,,,其他,,,,0.0,0,0,0,有,無,600000,1700,,0.0,0,,RPUNMLNLLHIFFAW86CA
金沙鎮,土地,沙碧劃段91~120地號,516.0,農,,,1020226,土地1建物0車位0,,,其他,,,,0.0,0,0,0,有,無,877000,1700,,0.0,0,,RPVNMLNLLHIFFAW96CA
金寧鄉,土地,后垵段601~630地號,442.05,農,,,1020221,土地1建物0車位0,,,其他,,,,0.0,0,0,0,有,無,751600,1700,,0.0,0,,RPWNMLNLLHIFFAW07CA
金寧鄉,房地(土地+建物),金門縣金寧鄉慈湖路三段1~30號,40.79,住,,,1020222,土地1建物1車位0,三層,三層,公寓(5樓含以下無電梯),見其他登記事項,鋼筋混凝土造,1010809,74.14,3,2,2,有,無,3700000,49906,,0.0,0,,RPUNMLLJMHIFFAW56CA
金城鎮,土地,舊金城段721~750地號,1155.0,農,,,1020226,土地2建物0車位0,,,其他,,,,0.0,0,0,0,有,無,2310000,2000,,0.0,0,,RPUNMLRJLHIFFAW07CA
金寧鄉,土地,寧湖三劃段721~750地號,1000.0,農,,,1020204,土地1建物0車位0,,,其他,,,,0.0,0,0,0,有,無,7500000,7500,,0.0,0,,RPSNMLSJLHIFFAW96CA
金湖鎮,土地,湖前段421~450地號,408.0,其他,,,1020110,土地1建物0車位0,,,其他,,,,0.0,0,0,0,有,無,9100000,22304,,0.0,0,,RPPNMLLKLHIFFAW68CA
金寧鄉,土地,埔后村段61~90地號,226.0,其他,,,1020210,土地2建物0車位0,,,其他,,,,0.0,0,0,0,有,無,3500000,15487,,0.0,0,,RPSPMLLJMHIFFAW56CA
金寧鄉,土地,寧湖一劃段511~540地號,1000.01,農,,,1020210,土地1建物0車位0,,,其他,,,,0.0,0,0,0,有,無,7600000,7600,,0.0,0,,RPTPMLLJMHIFFAW66CA
金寧鄉,土地,寧湖三劃段571~600地號,686.22,農,,,1020210,土地1建物0車位0,,,其他,,,,0.0,0,0,0,有,無,3800000,5538,,0.0,0,,RPUPMLLJMHIFFAW76CA
金寧鄉,土地,寧湖三劃段511~540地號,611.79,農,,,1020210,土地1建物0車位0,,,其他,,,,0.0,0,0,0,有,無,3400000,5557,,0.0,0,,RPVPMLLJMHIFFAW86CA
金寧鄉,房地(土地+建物),金門縣金寧鄉慈湖路三段1~30號,100.16,住,,,1020222,土地2建物2車位0,二層,三層,公寓(5樓含以下無電梯),見其他登記事項,鋼筋混凝土造,1010809,144.56,3,2,2,有,無,7300000,50498,,0.0,0,,RPQOMLLJMHIFFAW88CA
金寧鄉,土地,寧安四劃段151~180地號,1425.96,農,,,1020301,土地2建物0車位0,,,其他,,,,0.0,0,0,0,有,無,5000000,3506,,0.0,0,,RPOOMLSKLHIFFAW86DA
金寧鄉,土地,后垵段691~720地號,357.04,其他,,,1020301,土地1建物0車位0,,,其他,,,,0.0,0,0,0,有,無,2500000,7002,,0.0,0,,RPRNMLOKLHIFFAW66DA
金寧鄉,土地,東洲段181~210地號,737.84,農,,,1020222,土地1建物0車位0,,,其他,,,,0.0,0,0,0,有,無,1032976,1400,,0.0,0,,RPTNMLMLLHIFFAW76DA
金城鎮,土地,蜈蚣山段1081~1110地號,164.03,農,,,1020304,土地2建物0車位0,,,其他,,,,0.0,0,0,0,有,無,246045,1500,,0.0,0,,RPOPMLLJMHIFFAW88DA
金城鎮,土地,古塔段541~570地號,517.89,農,,,1020304,土地8建物0車位0,,,其他,,,,0.0,0,0,0,有,無,776835,1500,,0.0,0,,RPPPMLLJMHIFFAW98DA
金城鎮,房地(土地+建物),金門縣金城鎮珠浦西路50巷11弄1~30號,14.07,住,,,1020218,土地1建物1車位0,二層,四層,套房(1房1廳1衛),見其他登記事項,鋼筋混凝土造,0980520,38.84,1,1,1,有,無,2750000,70803,,0.0,0,,RPWPMLLJMHIFFAW96CA
烈嶼鄉,土地,烈濱劃測段1021~1050地號,600.0,農,,,1020225,土地1建物0車位0,,,其他,,,,0.0,0,0,0,有,無,2400000,4000,,0.0,0,,RPQNMLLKLHIFFAW78CA
金寧鄉,房地(土地+建物),金門縣金寧鄉上后垵31~60號,115.74,其他,,,1001021,土地1建物1車位0,全,三層,透天厝,住家用,鋼筋混凝土造,1011227,194.46,5,2,5,有,無,6850000,35226,,0.0,0,,RPPNMLNKLHIFFAW88CA
金寧鄉,房地(土地+建物),金門縣金寧鄉上后垵31~60號,115.74,其他,,,1001017,土地1建物1車位0,全,三層,透天厝,住家用,鋼筋混凝土造,1011227,191.04,5,2,5,有,無,7200000,37688,,0.0,0,,RPSNMLNKLHIFFAW56CA
金城鎮,土地,東沙段991~1020地號,394.28,其他,,,1010304,土地1建物0車位0,,,其他,,,,0.0,0,0,0,有,無,615865,1562,,0.0,0,,RPTNMLNKLHIFFAW66CA
金城鎮,土地,東沙段991~1020地號,437.61,其他,,,1020304,土地1建物0車位0,,,其他,,,,0.0,0,0,0,有,無,683547,1562,,0.0,0,,RPVNMLNKLHIFFAW86CA
金寧鄉,土地,青山段181~210地號,1085.8,農,,,1020222,土地1建物0車位0,,,其他,,,,0.0,0,0,0,有,無,2360000,2174,,0.0,0,,RPTNMLMKLHIFFAW56CA
金城鎮,土地,奎星樓段301~330地號,35.72,商,,,1020304,土地2建物0車位0,,,其他,,,,0.0,0,0,0,有,無,800000,22396,,0.0,0,房子未辦保存登記面積233.7M2二分之一,RPUNMLMKLHIFFAW66CA
金湖鎮,土地,峰上段451~480地號,183.61,農,,,1020226,土地1建物0車位0,,,其他,,,,0.0,0,0,0,有,無,250000,1362,,0.0,0,,RPPNMLTKLHIFFAW86CA
金湖鎮,土地,峰上段571~600地號,162.91,住,,,1020226,土地1建物0車位0,,,其他,,,,0.0,0,0,0,有,無,200000,1228,,0.0,0,,RPQNMLTKLHIFFAW96CA
金湖鎮,土地,新頭段751~780地號,142.47,住,,,1011231,土地1建物0車位0,,,其他,,,,0.0,0,0,0,有,無,2280000,16003,,0.0,0,,RPTNMLPLLHIFFAW96CA
金寧鄉,土地,青山段121~150地號,688.91,農,,,1020221,土地1建物0車位0,,,其他,,,,0.0,0,0,0,有,無,1530000,2221,,0.0,0,,RPPNMLKKMHIFFAW68CA
金寧鄉,土地,后湖段421~450地號,11208.72,其他,,,1020118,土地1建物0車位0,,,其他,,,,0.0,0,0,0,有,無,67252320,6000,,0.0,0,,RPPOMLNJMHIFFAW98CA
金寧鄉,土地,后湖段751~780地號,27247.47,其他,,,1020118,土地1建物0車位0,,,其他,,,,0.0,0,0,0,有,無,163484820,6000,,0.0,0,,RPQOMLNJMHIFFAW09CA
金寧鄉,土地,后垵段691~720地號,1375.98,農,,,1020301,土地1建物0車位0,,,其他,,,,0.0,0,0,0,有,無,6000000,4361,,0.0,0,,RPSNMLOKLHIFFAW76DA
金沙鎮,土地,陽宅段241~270地號,1857.57,農,,,1020311,土地2建物0車位0,,,其他,,,,0.0,0,0,0,有,無,2136205,1150,,0.0,0,親友、員工或其他特殊關係間之交易。;親戚關係,RPXNMLTJMHIFFAW77DA
金湖鎮,土地,士校段391~420地號,86.51,其他,,,1020311,土地1建物0車位0,,,其他,,,,0.0,0,0,0,有,無,218870,2530,,0.0,0,跟國有財產局購回,RPPNMLLKMHIFFAW88DA
金寧鄉,房地(土地+建物),金門縣金寧鄉環島北路一段350巷10弄1~30號,138.2,農,,,1020223,土地1建物1車位0,全,三層,透天厝,住家用,鋼筋混凝土造,0850901,267.43,7,2,6,有,無,9000000,33654,,0.0,0,,RPUNMLPLLHIFFAW07CA
金寧鄉,房地(土地+建物),金門縣金寧鄉頂埔下61~90號,61.34,其他,,,1020304,土地1建物1車位0,一層,三層,公寓(5樓含以下無電梯),見其他登記事項,鋼筋混凝土造,1011017,98.89,3,2,2,有,無,5200000,52584,,0.0,0,,RPRNMLTLLHIFFAW17CA
金沙鎮,土地,榮湖段781~810地號,1000.08,農,,,1020225,土地1建物0車位0,,,其他,,,,0.0,0,0,0,有,無,1500000,1500,,0.0,0,,RPRNMLRLLHIFFAW96CA
金沙鎮,土地,東珩段361~390地號,870.0,農,,,1020225,土地1建物0車位0,,,其他,,,,0.0,0,0,0,有,無,1305000,1500,,0.0,0,,RPSNMLRLLHIFFAW07CA
金沙鎮,土地,榮湖段781~810地號,886.05,農,,,1020225,土地2建物0車位0,,,其他,,,,0.0,0,0,0,有,無,1329000,1500,,0.0,0,,RPTNMLRLLHIFFAW17CA
金沙鎮,土地,東珩段361~390地號,1074.76,農,,,1020225,土地2建物0車位0,,,其他,,,,0.0,0,0,0,有,無,1459000,1358,,0.0,0,,RPWNMLRLLHIFFAW47CA
金沙鎮,土地,東珩段61~90地號,998.63,農,,,1020225,土地2建物0車位0,,,其他,,,,0.0,0,0,0,有,無,1497000,1499,,0.0,0,,RPXNMLRLLHIFFAW57CA
金沙鎮,土地,東珩段61~90地號,1107.14,農,,,1020225,土地1建物0車位0,,,其他,,,,0.0,0,0,0,有,無,1600000,1445,,0.0,0,,RPOOMLRLLHIFFAW76CA
金沙鎮,土地,榮湖段241~270地號,817.33,農,,,1020307,土地1建物0車位0,,,其他,,,,0.0,0,0,0,有,無,1800000,2202,,0.0,0,,RPRNMLTKLHIFFAW07CA
金寧鄉,土地,后垵段241~270地號,143.45,農,,,1020218,土地1建物0車位0,,,其他,,,,0.0,0,0,0,有,無,1146800,7994,,0.0,0,,RPTNMLTKLHIFFAW27CA
金湖鎮,房地(土地+建物),金門縣金湖鎮塔后1~30號,68.0,住,,,1020308,土地1建物1車位0,全,二層,透天厝,住家用,鋼筋混凝土加強磚造,0760715,80.5,5,1,5,有,無,3300000,40994,,0.0,0,,RPPNMLSKLHIFFAW86DA
金城鎮,房地(土地+建物),金門縣金城鎮後豐港31~60號,169.11,其他,,,1020227,土地3建物1車位0,全,三層,透天厝,住家用,鋼筋混凝土造,1011226,170.82,4,2,3,有,無,6800000,39808,,0.0,0,,RPPNMLKLLHIFFAW68CA
金沙鎮,土地,山柄段1081~1110地號,669.33,農,,,1020305,土地1建物0車位0,,,其他,,,,0.0,0,0,0,有,無,1204000,1799,,0.0,0,,RPXNMLNLLHIFFAW17CA
金沙鎮,土地,山柄段1081~1110地號,857.67,農,,,1020307,土地1建物0車位0,,,其他,,,,0.0,0,0,0,有,無,1543000,1799,,0.0,0,,RPOOMLNLLHIFFAW98CA
金沙鎮,土地,山柄段871~900地號,979.99,農,,,1020307,土地1建物0車位0,,,其他,,,,0.0,0,0,0,有,無,1763000,1799,,0.0,0,,RPPOMLNLLHIFFAW09CA
金湖鎮,土地,料羅段151~180地號,2598.22,農,,,1020304,土地1建物0車位0,,,其他,,,,0.0,0,0,0,有,無,4400000,1693,,0.0,0,,RPQOMLNLLHIFFAW56CA
烈嶼鄉,土地,寧湖三劃段391~420地號,1040.94,其他,,,1020220,土地7建物0車位0,,,其他,,,,0.0,0,0,0,有,無,2132910,2049,,0.0,0,,RPQNMLMLLHIFFAW98CA
金湖鎮,土地,尚義段61~90地號,92.91,農,,,1020225,土地1建物0車位0,,,其他,,,,0.0,0,0,0,有,無,139000,1496,,0.0,0,,RPUNMLRLLHIFFAW27CA
金湖鎮,土地,尚義段61~90地號,1000.0,農,,,1020225,土地1建物0車位0,,,其他,,,,0.0,0,0,0,有,無,1500000,1500,,0.0,0,,RPVNMLRLLHIFFAW37CA
金寧鄉,土地,寧湖三劃段391~420地號,1038.66,其他,,,1020220,土地8建物0車位0,,,其他,,,,0.0,0,0,0,有,無,2130630,2051,,0.0,0,,RPPNMLMLLHIFFAW88CA
金沙鎮,土地,東珩段91~120地號,1068.1,農,,,1020225,土地3建物0車位0,,,其他,,,,0.0,0,0,0,有,無,1602000,1500,,0.0,0,,RPPOMLRLLHIFFAW86CA
金沙鎮,土地,東珩段451~480地號,1000.0,農,,,1020225,土地1建物0車位0,,,其他,,,,0.0,0,0,0,有,無,1500000,1500,,0.0,0,,RPQOMLRLLHIFFAW96CA
金沙鎮,土地,東珩段121~150地號,1000.2,農,,,1020225,土地2建物0車位0,,,其他,,,,0.0,0,0,0,有,無,1500000,1500,,0.0,0,,RPROMLRLLHIFFAW07CA
金沙鎮,土地,東珩段121~150地號,1000.0,農,,,1020225,土地1建物0車位0,,,其他,,,,0.0,0,0,0,有,無,1500000,1500,,0.0,0,,RPSOMLRLLHIFFAW17CA
金湖鎮,土地,庵邊段391~420地號,383.0,其他,,,1020304,土地1建物0車位0,,,其他,,,,0.0,0,0,0,有,無,4500000,11749,,0.0,0,,RPPNMLLLLHIFFAW78CA
金城鎮,土地,舊金城段721~750地號,1155.0,農,,,1020223,土地2建物0車位0,,,其他,,,,0.0,0,0,0,有,無,2310000,2000,,0.0,0,,RPSNMLTKLHIFFAW17CA
金寧鄉,土地,北二三劃測段61~90地號,270.89,其他,,,1020315,土地6建物0車位0,,,其他,,,,0.0,0,0,0,有,無,9800000,36177,,0.0,0,,RPRNMLLLLHIFFAW98CA
金沙鎮,土地,東珩段481~510地號,1260.0,農,,,1020223,土地1建物0車位0,,,其他,,,,0.0,0,0,0,有,無,2200000,1746,,0.0,0,,RPROMLNLLHIFFAW66CA
金湖鎮,土地,陳坑段1~30地號,582.46,農,,,1020220,土地1建物0車位0,,,其他,,,,0.0,0,0,0,有,無,860000,1476,,0.0,0,"登記名義人2人,各持分1/2",RPPNMLSLLHIFFAW86CA
金湖鎮,土地,小徑段451~480地號,1044.63,其他,,,1020304,土地2建物0車位0,,,其他,,,,0.0,0,0,0,有,無,4100000,3925,,0.0,0,,RPUNMLNJMHIFFAW76CA
金城鎮,土地,古塔段121~150地號,967.87,農,,,1020307,土地1建物0車位0,,,其他,,,,0.0,0,0,0,有,無,2000000,2066,,0.0,0,,RPVNMLNJMHIFFAW86CA
金寧鄉,土地,后垵段811~840地號,145.2,農,,,1020306,土地1建物0車位0,,,其他,,,,0.0,0,0,0,有,無,3500000,,,0.0,0,,RPPNMLQKMHIFFAW66CA
金寧鄉,土地,后垵段811~840地號,114.66,農,,,1020306,土地1建物0車位0,,,其他,,,,0.0,0,0,0,有,無,3500000,,,0.0,0,,RPQNMLQKMHIFFAW76CA
金寧鄉,土地,后垵段811~840地號,100.0,農,,,1020306,土地1建物0車位0,,,其他,,,,0.0,0,0,0,有,無,3500000,,,0.0,0,,RPRNMLQKMHIFFAW86CA
金寧鄉,土地,后垵段811~840地號,100.0,農,,,1020306,土地1建物0車位0,,,其他,,,,0.0,0,0,0,有,無,3500000,,,0.0,0,,RPSNMLQKMHIFFAW96CA
金寧鄉,土地,后垵段811~840地號,100.0,農,,,1020306,土地1建物0車位0,,,其他,,,,0.0,0,0,0,有,無,3500000,,,0.0,0,,RPTNMLQKMHIFFAW07CA
金寧鄉,土地,后垵段811~840地號,100.0,農,,,1020306,土地1建物0車位0,,,其他,,,,0.0,0,0,0,有,無,3500000,,,0.0,0,,RPUNMLQKMHIFFAW17CA
金寧鄉,土地,后垵段811~840地號,100.0,農,,,1020306,土地1建物0車位0,,,其他,,,,0.0,0,0,0,有,無,3500000,,,0.0,0,,RPVNMLQKMHIFFAW27CA
金寧鄉,土地,后垵段811~840地號,115.17,農,,,1020306,土地1建物0車位0,,,其他,,,,0.0,0,0,0,有,無,3500000,,,0.0,0,,RPWNMLQKMHIFFAW37CA
金寧鄉,土地,安西劃段631~660地號,861.41,農,,,1020311,土地1建物0車位0,,,其他,,,,0.0,0,0,0,有,無,3700000,4295,,0.0,0,,RPPNMLNJMHIFFAW98DA
金湖鎮,土地,料羅段1~30地號,1115.36,農,,,1020307,土地2建物0車位0,,,其他,,,,0.0,0,0,0,有,無,1450000,1300,,0.0,0,,RPSOMLPLLHIFFAW07DA
金湖鎮,土地,料羅段211~240地號,1152.16,農,,,1020307,土地1建物0車位0,,,其他,,,,0.0,0,0,0,有,無,1600000,1389,,0.0,0,,RPTOMLPLLHIFFAW17DA
金沙鎮,土地,山西段241~270地號,1435.79,農,,,1020304,土地1建物0車位0,,,其他,,,,0.0,0,0,0,有,無,3680000,2563,,0.0,0,,RPWNMLNJMHIFFAW96CA
金城鎮,房地(土地+建物),金門縣金城鎮後豐港31~60號,200.0,其他,,,1020218,土地4建物2車位0,全,三層,透天厝,住家用,鋼筋混凝土造,1011226,345.79,4,2,3,有,無,13000000,37595,,0.0,0,,RPUNMLSLLHIFFAW37CA
金湖鎮,土地,市港段91~120地號,179.22,其他,,,1020314,土地1建物0車位0,,,其他,,,,0.0,0,0,0,有,無,16110000,89890,,0.0,0,,RPTNMLTLLHIFFAW37CA
金湖鎮,土地,湖前段1021~1050地號,576.49,其他,,,1020118,土地2建物0車位0,,,其他,,,,0.0,0,0,0,有,無,920000,1596,,0.0,0,,RPVNMLLLLHIFFAW76CA
金湖鎮,土地,湖前段991~1020地號,353.03,其他,,,1020118,土地1建物0車位0,,,其他,,,,0.0,0,0,0,有,無,560000,1586,,0.0,0,,RPWNMLLLLHIFFAW86CA
金寧鄉,土地,后盤山段1~30地號,612.72,農,,,1020307,土地1建物0車位0,,,其他,,,,0.0,0,0,0,有,無,1072260,1750,,0.0,0,,RPSNMLLLLHIFFAW09CA
金寧鄉,土地,后盤山段151~180地號,687.23,農,,,1020307,土地1建物0車位0,,,其他,,,,0.0,0,0,0,有,無,1202740,1750,,0.0,0,,RPTNMLLLLHIFFAW56CA
金寧鄉,土地,中山林段301~330地號,572.89,其他,,,1020307,土地1建物0車位0,,,其他,,,,0.0,0,0,0,有,無,4000000,6982,,0.0,0,,RPUNMLLLLHIFFAW66CA
金湖鎮,土地,陳坑段391~420地號,713.79,住,,,1020307,土地1建物0車位0,,,其他,,,,0.0,0,0,0,有,無,9279000,13000,,0.0,0,,RPSOMLNLLHIFFAW76CA
金寧鄉,土地,寧湖一劃段361~390地號,104.54,農,,,1011111,土地2建物0車位0,,,其他,,,,0.0,0,0,0,有,無,4980000,,,0.0,0,,RPVNMLLJMHIFFAW66CA
金沙鎮,土地,大洋段571~600地號,157.64,農,,,1020305,土地1建物0車位0,,,其他,,,,0.0,0,0,0,有,無,236460,1500,,0.0,0,,RPWNMLMLLHIFFAW96CA
金寧鄉,土地,寧湖一劃段61~90地號,422.51,農,,,1020227,土地1建物0車位0,,,其他,,,,0.0,0,0,0,有,無,4500000,10651,,0.0,0,,RPSNMLPLLHIFFAW86CA
金寧鄉,土地,寧湖一劃段361~390地號,110.26,農,,,1010916,土地2建物0車位0,,,其他,,,,0.0,0,0,0,有,無,6150000,,,0.0,0,集村農舍建築基地,RPSNMLLJMHIFFAW98CA
金湖鎮,土地,夏興段241~270地號,556.46,農,,,1020318,土地1建物0車位0,,,其他,,,,0.0,0,0,0,有,無,1500000,2696,,0.0,0,,RPPNMLNKMHIFFAW98CA
金寧鄉,土地,北二三劃測段151~180地號,553.64,其他,,,1011205,土地1建物0車位0,,,其他,,,,0.0,0,0,0,有,無,3321864,6000,,0.0,0,,RPVNMLPLLHIFFAW27DA
烈嶼鄉,土地,青岐段31~60地號,2816.75,其他,,,1020306,土地6建物0車位0,,,其他,,,,0.0,0,0,0,有,無,4100000,1456,,0.0,0,,RPXNMLPLLHIFFAW47DA
金寧鄉,土地,寧湖一劃段361~390地號,104.94,農,,,1020223,土地2建物0車位0,,,其他,,,,0.0,0,0,0,有,無,5530000,,,0.0,0,,RPROMLLJMHIFFAW98CA
金城鎮,房地(土地+建物),金門縣金城鎮慈湖路一段31~60號,533.0,農,,,1010222,土地1建物1車位0,二層，屋頂突出物，一層,二層,農舍,農舍,鋼筋混凝土造,1020130,361.05,5,4,5,有,無,10000000,,,0.0,0,不含房屋興建價格,RPUOMLPLLHIFFAW17CA
金寧鄉,土地,寧湖一劃段361~390地號,136.94,農,,,1020222,土地2建物0車位0,,,其他,,,,0.0,0,0,0,有,無,6200000,,,0.0,0,,RPOOMLLJMHIFFAW68CA
金寧鄉,土地,寧湖一劃段361~390地號,105.47,農,,,1020222,土地2建物0車位0,,,其他,,,,0.0,0,0,0,有,無,5500000,,,0.0,0,,RPTOMLLJMHIFFAW56CA
金寧鄉,土地,寧湖一劃段361~390地號,104.54,農,,,1020113,土地2建物0車位0,,,其他,,,,0.0,0,0,0,有,無,4700000,,,0.0,0,,RPUOMLLJMHIFFAW66CA
金寧鄉,土地,寧安四劃段61~90地號,1000.0,農,,,1020305,土地1建物0車位0,,,其他,,,,0.0,0,0,0,有,無,2000000,2000,,0.0,0,,RPRNMLPLLHIFFAW76CA
金寧鄉,土地,寧安四劃段511~540地號,520.0,農,,,1020228,土地1建物0車位0,,,其他,,,,0.0,0,0,0,有,無,1050000,2019,,0.0,0,,RPUNMLMLLHIFFAW76CA
金城鎮,土地,東沙段241~270地號,509.47,其他,,,1020305,土地1建物0車位0,,,其他,,,,0.0,0,0,0,有,無,866099,1700,,0.0,0,,RPVNMLMLLHIFFAW86CA
金寧鄉,土地,寧湖一劃段361~390地號,104.54,農,,,1020120,土地2建物0車位0,,,其他,,,,0.0,0,0,0,有,無,4800000,,,0.0,0,,RPWNMLLJMHIFFAW76CA
金城鎮,土地,舊金城段1021~1050地號,715.0,住,,,1020301,土地2建物0車位0,,,其他,,,,0.0,0,0,0,有,無,6800000,9510,,0.0,0,,RPTOMLNLLHIFFAW86CA
金沙鎮,土地,東珩段211~240地號,825.72,農,,,1020308,土地2建物0車位0,,,其他,,,,0.0,0,0,0,有,無,1280000,1550,,0.0,0,,RPROMLNJMHIFFAW56CA
金湖鎮,土地,湖前段1411~1440地號,499.0,其他,,,1020220,土地2建物0車位0,,,其他,,,,0.0,0,0,0,有,無,17600000,35271,,0.0,0,,RPOOMLTJMHIFFAW86CA
金城鎮,土地,古崗村段121~150地號,83.0,其他,,,1020205,土地3建物0車位0,,,其他,,,,0.0,0,0,0,有,無,120000,1446,,0.0,0,親友、員工或其他特殊關係間之交易。;親友交易(祖厝),RPWNMLPLLHIFFAW37DA
金沙鎮,土地,高坑劃測段781~810地號,350.0,農,,,1020318,土地1建物0車位0,,,其他,,,,0.0,0,0,0,有,無,700000,2000,,0.0,0,,RPPNMLQLLHIFFAW76DA
金湖鎮,土地,羅劃測段91~120地號,476.6,其他,,,1020320,土地1建物0車位0,,,其他,,,,0.0,0,0,0,有,無,4810000,10092,,0.0,0,,RPRNMLMLMHIFFAW66DA
金寧鄉,房地(土地+建物),金門縣金寧鄉頂埔下61~90號,61.34,住,,,1020315,土地1建物1車位0,二層,三層,公寓(5樓含以下無電梯),見其他登記事項,鋼筋混凝土造,1011017,116.87,3,1,1,有,無,5550000,,,0.0,0,,RPPNMLPKMHIFFAW56CA
金沙鎮,土地,沙溪一劃段181~210地號,986.71,農,,,1020308,土地1建物0車位0,,,其他,,,,0.0,0,0,0,有,無,15500000,15709,,0.0,0,農業區建地目,RPQNMLKKMHIFFAW78CA
金寧鄉,土地,寧劃段91~120地號,1014.06,農,,,1020307,土地2建物0車位0,,,其他,,,,0.0,0,0,0,有,無,1824000,1799,,0.0,0,,RPRNMLKKMHIFFAW88CA
金寧鄉,土地,中二劃段271~300地號,3045.35,農,,,1020301,土地5建物0車位0,,,其他,,,,0.0,0,0,0,有,無,18000000,5911,,0.0,0,,RPSNMLKKMHIFFAW98CA
金寧鄉,土地,寧湖一劃段361~390地號,104.54,農,,,1020216,土地2建物0車位0,,,其他,,,,0.0,0,0,0,有,無,4900000,,,0.0,0,,RPVOMLLJMHIFFAW76CA
金寧鄉,土地,寧湖一劃段361~390地號,110.25,農,,,1020102,土地2建物0車位0,,,其他,,,,0.0,0,0,0,有,無,5250000,,,0.0,0,,RPWOMLLJMHIFFAW86CA
金城鎮,土地,燕南山段961~990地號,448.45,其他,,,1020305,土地2建物0車位0,,,其他,,,,0.0,0,0,0,有,無,762365,1700,,0.0,0,,RPXOMLLJMHIFFAW96CA
金寧鄉,土地,長寮段631~660地號,399.58,住,,,1020314,土地1建物0車位0,,,其他,,,,0.0,0,0,0,有,無,6600000,16517,,0.0,0,,RPQNMLNKMHIFFAW09CA
金寧鄉,房地(土地+建物),金門縣金寧鄉頂埔下61~90號,100.0,住,,,1020315,土地1建物1車位0,全,三層,透天厝,住家用,鋼筋混凝土造,1011018,191.4,3,2,2,有,無,7700000,40230,,0.0,0,,RPSNMLLKMHIFFAW09CA
金寧鄉,土地,長寮段691~720地號,516.75,農,,,1020315,土地1建物0車位0,,,其他,,,,0.0,0,0,0,有,無,852638,1650,,0.0,0,,RPSNMLNKMHIFFAW66CA
金寧鄉,建物,金門縣金寧鄉下堡181~210號,0.0,,,,1020307,土地0建物1車位0,三層,三層,公寓(5樓含以下無電梯),見其他登記事項,鋼筋混凝土造,1020123,107.44,3,2,2,有,無,2650000,24665,,0.0,0,,RPPNMLTJMHIFFAW86CA
金寧鄉,土地,青山段1021~1050地號,64.86,其他,,,1020307,土地1建物0車位0,,,其他,,,,0.0,0,0,0,有,無,2650000,40857,,0.0,0,,RPQNMLTJMHIFFAW96CA
金寧鄉,房地(土地+建物),金門縣金寧鄉下堡181~210號,63.41,其他,,,1020228,土地1建物1車位0,一層,三層,公寓(5樓含以下無電梯),見其他登記事項,鋼筋混凝土造,1020123,113.39,3,2,2,有,無,5850000,51592,,0.0,0,,RPWNMLSLLHIFFAW57CA
金寧鄉,房地(土地+建物),金門縣金寧鄉下堡181~210號,67.2,其他,,,1020228,土地1建物1車位0,二層,三層,公寓(5樓含以下無電梯),見其他登記事項,鋼筋混凝土造,1020123,119.34,3,2,2,有,無,5300000,44411,,0.0,0,,RPOOMLSLLHIFFAW86CA
金寧鄉,房地(土地+建物),金門縣金寧鄉下堡181~210號,63.29,其他,,,1020228,土地1建物1車位0,一層,三層,公寓(5樓含以下無電梯),見其他登記事項,鋼筋混凝土造,1020123,112.33000000000001,3,2,2,有,無,5750000,51188,,0.0,0,,RPQOMLSLLHIFFAW07CA
金寧鄉,房地(土地+建物),金門縣金城鎮下堡181~210號,134.57,其他,,,1020311,土地1建物1車位0,全,三層,透天厝,見其他登記事項,鋼筋混凝土造,1020123,191.76,5,3,3,有,無,10200000,53191,,0.0,0,,RPSOMLSLLHIFFAW27CA
金寧鄉,房地(土地+建物),金門縣金寧鄉下堡181~210號,67.32,其他,,,1020123,土地1建物1車位0,二層,三層,公寓(5樓含以下無電梯),見其他登記事項,鋼筋混凝土造,1020123,120.31,3,2,2,有,無,5280000,43887,,0.0,0,,RPUOMLSLLHIFFAW47CA
金城鎮,土地,小西門劃測段2161~2190地號,337.38,其他,,,1011216,土地1建物0車位0,,,其他,,,,0.0,0,0,0,有,無,3370000,9989,,0.0,0,,RPOOMLNLMHIFFAW56DA
金寧鄉,土地,后沙劃測段631~660地號,619.31,農,,,1020322,土地1建物0車位0,,,其他,,,,0.0,0,0,0,有,無,1900000,3068,,0.0,0,,RPQNMLSKMHIFFAW07DA
金寧鄉,土地,寧湖一劃段361~390地號,105.48,農,,,1020324,土地2建物0車位0,,,其他,,,,0.0,0,0,0,有,無,4500000,,,0.0,0,,RPXNMLLJMHIFFAW86CA
金寧鄉,土地,寧山段61~90地號,676.26,其他,,,1020306,土地1建物0車位0,,,其他,,,,0.0,0,0,0,有,無,1080000,1597,,0.0,0,,RPQNMLSLLHIFFAW96CA
金寧鄉,土地,北四劃段151~180地號,733.0,其他,,,1020312,土地1建物0車位0,,,其他,,,,0.0,0,0,0,有,無,4500000,6139,,0.0,0,,RPRNMLSLLHIFFAW07CA
金寧鄉,土地,青山段631~660地號,697.85,農,,,1020312,土地1建物0車位0,,,其他,,,,0.0,0,0,0,有,無,1220000,1748,,0.0,0,,RPSNMLSLLHIFFAW17CA
金寧鄉,土地,寧湖一劃段361~390地號,136.93,農,,,1020316,土地2建物0車位0,,,其他,,,,0.0,0,0,0,有,無,6300000,,,0.0,0,,RPSOMLLJMHIFFAW09CA
金寧鄉,土地,寧湖一劃段361~390地號,104.94,農,,,1020316,土地2建物0車位0,,,其他,,,,0.0,0,0,0,有,無,4700000,,,0.0,0,,RPPOMLLJMHIFFAW78CA
金寧鄉,土地,寧劃段1321~1350地號,373.0,農,,,1020315,土地1建物0車位0,,,其他,,,,0.0,0,0,0,有,無,589340,1580,,0.0,0,,RPTNMLNKMHIFFAW76CA
金寧鄉,土地,寧古劃段1411~1440地號,500.0,農,,,1020315,土地1建物0車位0,,,其他,,,,0.0,0,0,0,有,無,1000000,2000,,0.0,0,,RPUNMLNKMHIFFAW86CA
金寧鄉,土地,寧劃段991~1020地號,981.47,農,,,1020311,土地2建物0車位0,,,其他,,,,0.0,0,0,0,有,無,2000000,2038,,0.0,0,,RPVNMLNKMHIFFAW96CA
金寧鄉,土地,寧湖三劃段31~60地號,3550.78,農,,,1020318,土地5建物0車位0,,,其他,,,,0.0,0,0,0,有,無,15000000,4224,,0.0,0,,RPRNMLNKMHIFFAW56CA
金寧鄉,土地,大園段1021~1050地號,720.22,農,,,1020321,土地2建物0車位0,,,其他,,,,0.0,0,0,0,有,無,1296000,1799,,0.0,0,,RPWNMLNKMHIFFAW07CA
金湖鎮,土地,小徑段691~720地號,443.88,其他,,,1020320,土地1建物0車位0,,,其他,,,,0.0,0,0,0,有,無,26633,60,,0.0,0,,RPRNMLTJMHIFFAW07CA
金湖鎮,土地,尚義段61~90地號,128.69,農,,,1020308,土地1建物0車位0,,,其他,,,,0.0,0,0,0,有,無,192000,1492,,0.0,0,,RPSOMLNJMHIFFAW66CA
金湖鎮,土地,尚義段61~90地號,100.0,農,,,1020308,土地1建物0車位0,,,其他,,,,0.0,0,0,0,有,無,150000,1500,,0.0,0,,RPTOMLNJMHIFFAW76CA
金湖鎮,土地,尚義段61~90地號,125.0,農,,,1020308,土地1建物0車位0,,,其他,,,,0.0,0,0,0,有,無,187500,1500,,0.0,0,,RPUOMLNJMHIFFAW86CA
金城鎮,房地(土地+建物),金門縣金寧鄉大學路53巷6弄1~30號,15.31,農,,,1020307,土地2建物1車位0,二層,三層,套房(1房1廳1衛),見其他登記事項,鋼筋混凝土造,0981222,27.6,1,1,1,有,無,1650000,59783,,0.0,0,,RPSNMLMLMHIFFAW66CA
金寧鄉,土地,后垵段811~840地號,326.55,農,,,1020313,土地29建物0車位0,,,其他,,,,0.0,0,0,0,有,無,4890000,,,0.0,0,,RPQNMLNLMHIFFAW56CA
金寧鄉,土地,寧古劃段541~570地號,1721.0,其他,,,1020222,土地3建物0車位0,,,其他,,,,0.0,0,0,0,有,無,2000000,1162,,0.0,0,,RPWOMLTLLHIFFAW77CA
金城鎮,土地,小西門劃測段2161~2190地號,444.8,其他,,,1011221,土地1建物0車位0,,,其他,,,,0.0,0,0,0,有,無,4440000,9982,,0.0,0,,RPPOMLNLMHIFFAW66DA
金寧鄉,土地,西堡劃測段361~390地號,1104.74,農,,,1020219,土地2建物0車位0,,,其他,,,,0.0,0,0,0,有,無,1200000,1086,,0.0,0,,RPQPMLLJMHIFFAW09DA
金寧鄉,土地,寧安二劃段451~480地號,2254.73,農,,,1020319,土地4建物0車位0,,,其他,,,,0.0,0,0,0,有,無,3000000,1331,,0.0,0,,RPRPMLLJMHIFFAW56DA
金湖鎮,土地,料羅段1~30地號,750.0,其他,,,1020322,土地1建物0車位0,,,其他,,,,0.0,0,0,0,有,無,1100000,1467,,0.0,0,,RPRNMLNJMHIFFAW56DA
金湖鎮,土地,料羅段1~30地號,1014.84,其他,,,1020322,土地2建物0車位0,,,其他,,,,0.0,0,0,0,有,無,1300000,1281,,0.0,0,,RPSNMLNJMHIFFAW66DA
金寧鄉,土地,寧安四劃段181~210地號,553.0,農,,,1020408,土地1建物0車位0,,,其他,,,,0.0,0,0,0,有,無,2800000,5063,,0.0,0,,RPQOMLNLMHIFFAW76DA
金寧鄉,土地,后垵段1~30地號,101.43,農,,,1020301,土地1建物0車位0,,,其他,,,,0.0,0,0,0,有,無,1318590,,,0.0,0,,RPQNMLTKMHIFFAW17DA
金寧鄉,土地,后垵段1~30地號,133.63,農,,,1020301,土地1建物0車位0,,,其他,,,,0.0,0,0,0,有,無,1737190,,,0.0,0,,RPRNMLTKMHIFFAW27DA
金寧鄉,土地,后垵段1~30地號,266.55,農,,,1020301,土地2建物0車位0,,,其他,,,,0.0,0,0,0,有,無,3465020,,,0.0,0,,RPSNMLTKMHIFFAW37DA
金寧鄉,土地,后垵段1~30地號,109.86,農,,,1020301,土地1建物0車位0,,,其他,,,,0.0,0,0,0,有,無,1428180,,,0.0,0,,RPTNMLTKMHIFFAW47DA
金寧鄉,土地,后垵段1~30地號,103.95,農,,,1020301,土地1建物0車位0,,,其他,,,,0.0,0,0,0,有,無,1351350,,,0.0,0,,RPVNMLTKMHIFFAW67DA
金寧鄉,土地,后垵段1~30地號,103.95,農,,,1020301,土地1建物0車位0,,,其他,,,,0.0,0,0,0,有,無,1351350,,,0.0,0,,RPWNMLTKMHIFFAW77DA
金寧鄉,土地,后垵段1~30地號,21.0,農,,,1020301,土地1建物0車位0,,,其他,,,,0.0,0,0,0,有,無,273000,,,0.0,0,,RPXNMLTKMHIFFAW87DA
金寧鄉,土地,后垵段1~30地號,132.29,農,,,1020301,土地1建物0車位0,,,其他,,,,0.0,0,0,0,有,無,1719770,,,0.0,0,,RPOOMLTKMHIFFAW07DA
金寧鄉,土地,后垵段1~30地號,105.7,農,,,1020301,土地1建物0車位0,,,其他,,,,0.0,0,0,0,有,無,1374100,,,0.0,0,,RPQOMLTKMHIFFAW27DA
金寧鄉,土地,后垵段1~30地號,27.92,農,,,1020301,土地1建物0車位0,,,其他,,,,0.0,0,0,0,有,無,362960,,,0.0,0,,RPROMLTKMHIFFAW37DA
金寧鄉,土地,后垵段1~30地號,71.05,農,,,1020301,土地1建物0車位0,,,其他,,,,0.0,0,0,0,有,無,923688,,,0.0,0,,RPSOMLTKMHIFFAW47DA
金寧鄉,土地,后垵段1~30地號,22.14,農,,,1020301,土地1建物0車位0,,,其他,,,,0.0,0,0,0,有,無,287820,,,0.0,0,,RPTOMLTKMHIFFAW57DA
金寧鄉,土地,后垵段1~30地號,123.44,農,,,1020301,土地1建物0車位0,,,其他,,,,0.0,0,0,0,有,無,1604720,,,0.0,0,,RPUOMLTKMHIFFAW67DA
金寧鄉,土地,后垵段1~30地號,112.37,農,,,1020301,土地1建物0車位0,,,其他,,,,0.0,0,0,0,有,無,1460810,,,0.0,0,,RPVOMLTKMHIFFAW77DA
金寧鄉,土地,后垵段1~30地號,115.18,農,,,1020301,土地1建物0車位0,,,其他,,,,0.0,0,0,0,有,無,1497340,,,0.0,0,,RPWOMLTKMHIFFAW87DA
金寧鄉,土地,后垵段1~30地號,60.77,農,,,1020301,土地1建物0車位0,,,其他,,,,0.0,0,0,0,有,無,790010,,,0.0,0,,RPXOMLTKMHIFFAW97DA
金寧鄉,土地,后垵段1~30地號,53.68,農,,,1020301,土地1建物0車位0,,,其他,,,,0.0,0,0,0,有,無,697840,,,0.0,0,,RPOPMLTKMHIFFAW17DA
金寧鄉,土地,后垵段1~30地號,20.16,農,,,1020301,土地1建物0車位0,,,其他,,,,0.0,0,0,0,有,無,262080,,,0.0,0,,RPPPMLTKMHIFFAW27DA
金城鎮,土地,小西門劃測段631~660地號,371.16,其他,,,1020306,土地1建物0車位0,,,其他,,,,0.0,0,0,0,有,無,623000,1679,,0.0,0,,RPQNMLLJMHIFFAW78CA
金城鎮,土地,小西門劃測段631~660地號,498.89,其他,,,1020306,土地1建物0車位0,,,其他,,,,0.0,0,0,0,有,無,839000,1682,,0.0,0,,RPRNMLLJMHIFFAW88CA
金城鎮,土地,莒光樓段691~720地號,156.12,農,,,1020314,土地1建物0車位0,,,其他,,,,0.0,0,0,0,有,無,3120000,,,0.0,0,集村農舍，12人共有，各1/12,RPPNMLLLMHIFFAW88CA
金沙鎮,土地,汶沙段1561~1590地號,725.0,其他,,,1020312,土地1建物0車位0,,,其他,,,,0.0,0,0,0,有,無,14500000,20000,,0.0,0,,RPWNMLTJMHIFFAW57CA
金寧鄉,房地(土地+建物),金門縣金寧鄉環島北路一段350巷10弄1~30號,161.88,農,,,1020320,土地2建物1車位0,全,三層,透天厝,住家用,鋼筋混凝土造,0850901,272.06,6,2,6,有,無,9300000,34184,,0.0,0,,RPTNMLKKMHIFFAW09CA
金寧鄉,房地(土地+建物),金門縣金寧鄉前厝1~30號,2983.34,其他,,,1020306,土地2建物1車位0,一層,一層,工廠,工業用,見其他登記事項,0840303,1753.45,0,0,0,無,無,74500000,,,0.0,0,,RPQNMLNJMHIFFAW98CA
金城鎮,土地,莒光樓段691~720地號,137.23,農,,,1020314,土地1建物0車位0,,,其他,,,,0.0,0,0,0,有,無,2740000,,,0.0,0,集村農舍,RPQNMLLLMHIFFAW98CA
金城鎮,土地,莒光樓段691~720地號,128.79,農,,,1020314,土地1建物0車位0,,,其他,,,,0.0,0,0,0,有,無,2570000,,,0.0,0,集村農舍,RPRNMLLLMHIFFAW09CA
金城鎮,土地,莒光樓段691~720地號,31.27,農,,,1020314,土地1建物0車位0,,,其他,,,,0.0,0,0,0,有,無,620000,,,0.0,0,集村農舍，2人共有，各持份1/2,RPSNMLLLMHIFFAW56CA
金城鎮,土地,莒光樓段691~720地號,121.66,農,,,1020314,土地2建物0車位0,,,其他,,,,0.0,0,0,0,有,無,2430000,,,0.0,0,集村農舍,RPTNMLLLMHIFFAW66CA
金城鎮,土地,莒光樓段691~720地號,106.22,農,,,1020314,土地1建物0車位0,,,其他,,,,0.0,0,0,0,有,無,2120000,,,0.0,0,集村農舍,RPUNMLLLMHIFFAW76CA
金城鎮,土地,莒光樓段691~720地號,108.04,農,,,1020314,土地1建物0車位0,,,其他,,,,0.0,0,0,0,有,無,2160000,,,0.0,0,集村農舍,RPVNMLLLMHIFFAW86CA
金城鎮,土地,莒光樓段691~720地號,22.6,農,,,1020314,土地1建物0車位0,,,其他,,,,0.0,0,0,0,有,無,450000,,,0.0,0,集村農舍，2人共有，各持份1/2,RPWNMLLLMHIFFAW96CA
金城鎮,土地,莒光樓段691~720地號,107.39,農,,,1020314,土地1建物0車位0,,,其他,,,,0.0,0,0,0,有,無,2140000,,,0.0,0,集村農舍,RPXNMLLLMHIFFAW07CA
金城鎮,土地,莒光樓段691~720地號,124.84,農,,,1020314,土地1建物0車位0,,,其他,,,,0.0,0,0,0,有,無,2490000,,,0.0,0,集村農舍,RPOOMLLLMHIFFAW88CA
金城鎮,土地,莒光樓段691~720地號,340.59,農,,,1020314,土地5建物0車位0,,,其他,,,,0.0,0,0,0,有,無,6810000,,,0.0,0,集村農舍，4人共有，各持份1/4,RPPOMLLLMHIFFAW98CA
金城鎮,土地,莒光樓段691~720地號,100.32,農,,,1020314,土地1建物0車位0,,,其他,,,,0.0,0,0,0,有,無,2000000,,,0.0,0,集村農舍,RPQOMLLLMHIFFAW09CA
金城鎮,土地,莒光樓段691~720地號,102.25,農,,,1020314,土地1建物0車位0,,,其他,,,,0.0,0,0,0,有,無,2040000,,,0.0,0,集村農舍,RPROMLLLMHIFFAW56CA
金城鎮,土地,莒光樓段691~720地號,107.39,農,,,1020314,土地1建物0車位0,,,其他,,,,0.0,0,0,0,有,無,2140000,,,0.0,0,集村農舍,RPSOMLLLMHIFFAW66CA
金城鎮,土地,莒光樓段691~720地號,178.48,農,,,1020314,土地2建物0車位0,,,其他,,,,0.0,0,0,0,有,無,3560000,,,0.0,0,集村農舍,RPTOMLLLMHIFFAW76CA
金城鎮,土地,莒光樓段691~720地號,19.86,農,,,1020314,土地1建物0車位0,,,其他,,,,0.0,0,0,0,有,無,390000,,,0.0,0,集村農舍,RPUOMLLLMHIFFAW86CA
金湖鎮,土地,中五劃段211~240地號,375.0,農,,,1020327,土地1建物0車位0,,,其他,,,,0.0,0,0,0,有,無,787500,2100,,0.0,0,,RPPNMLMJMHIFFAW88DA
金寧鄉,土地,寧湖一劃段361~390地號,1333.33,農,,,1020322,土地2建物0車位0,,,其他,,,,0.0,0,0,0,有,無,14000000,10500,,0.0,0,,RPTNMLNJMHIFFAW76DA
金沙鎮,土地,浦邊段1231~1260地號,218.0,其他,,,1020219,土地1建物0車位0,,,其他,,,,0.0,0,0,0,有,無,1700000,7798,,0.0,0,,RPXNMLNJMHIFFAW17DA
金湖鎮,土地,峰上段871~900地號,91.5,其他,,,1020226,土地1建物0車位0,,,其他,,,,0.0,0,0,0,有,無,593835,6490,,0.0,0,,RPPNMLRKMHIFFAW86DA
金湖鎮,房地(土地+建物)+車位,金門縣金湖鎮市港路2巷1~30號,92.82,其他,,,1011128,土地1建物1車位1,全,三層,透天厝,見其他登記事項,鋼筋混凝土造,0990120,240.09,4,3,4,有,有,9600000,39985,一樓平面,0.0,0,,RPPNMLPLMHIFFAW76DA
金寧鄉,房地(土地+建物),金門縣金寧鄉頂埔下61~90號,100.0,住,,,1020327,土地1建物1車位0,全,三層,透天厝,住家用,鋼筋混凝土造,1011018,191.4,5,2,2,有,無,8000000,41797,,0.0,0,,RPQNMLPKMHIFFAW66CA
金寧鄉,土地,北二三劃測段721~750地號,493.63,農,,,1020314,土地1建物0車位0,,,其他,,,,0.0,0,0,0,有,無,1800000,3646,,0.0,0,,RPOOMLNJMHIFFAW88CA
金湖鎮,土地,塔后段1201~1230地號,218.0,住,,,1020325,土地1建物0車位0,,,其他,,,,0.0,0,0,0,有,無,5450000,25000,,0.0,0,,RPUNMLKKMHIFFAW56CA
金城鎮,房地(土地+建物),金門縣金寧鄉環島北路一段38巷1弄1~30號,31.36,住,,,1020118,土地1建物1車位0,三層,三層,公寓(5樓含以下無電梯),住家用,鋼筋混凝土造,0850214,106.52,3,1,2,有,無,5200000,48817,,0.0,0,,RPTNMLTJMHIFFAW27CA
金寧鄉,土地,大園段991~1020地號,2223.91,農,,,1020321,土地4建物0車位0,,,其他,,,,0.0,0,0,0,有,無,4003000,1800,,0.0,0,,RPXNMLNKMHIFFAW17CA
金湖鎮,土地,中五劃段121~150地號,793.0,農,,,1020221,土地1建物0車位0,,,其他,,,,0.0,0,0,0,有,無,11500000,14502,,0.0,0,出賣人因土地主張農地作農用申請核准農地作農用證明書之故，雙方合意物權公契之立契日訂為102.03.16。,RPVNMLLKMHIFFAW76CA
金城鎮,土地,歐厝段91~120地號,1697.15,其他,,,1020319,土地2建物0車位0,,,其他,,,,0.0,0,0,0,有,無,8500000,5008,,0.0,0,,RPQOMLNKMHIFFAW56CA
金沙鎮,土地,后宅測段181~210地號,81.94,農,,,1020328,土地1建物0車位0,,,其他,,,,0.0,0,0,0,有,無,139298,1700,,0.0,0,,RPROMLNKMHIFFAW66CA
金沙鎮,土地,后宅測段181~210地號,171.48,農,,,1020328,土地1建物0車位0,,,其他,,,,0.0,0,0,0,有,無,291516,1700,,0.0,0,,RPSOMLNKMHIFFAW76CA
金湖鎮,土地,湖前段601~630地號,675.56,其他,,,1020326,土地8建物0車位0,,,其他,,,,0.0,0,0,0,有,無,16900000,25016,,0.0,0,,RPRNMLNLMHIFFAW66CA
金湖鎮,土地,湖前段541~570地號,712.17,其他,,,1020326,土地7建物0車位0,,,其他,,,,0.0,0,0,0,有,無,18000000,25275,,0.0,0,,RPSNMLNLMHIFFAW76CA
金沙鎮,土地,高坑劃測段541~570地號,936.27,農,,,1020318,土地1建物0車位0,,,其他,,,,0.0,0,0,0,有,無,2800000,2991,,0.0,0,,RPTNMLOLMHIFFAW96CA
金寧鄉,土地,寧湖一劃段151~180地號,60.0,農,,,1020315,土地2建物0車位0,,,其他,,,,0.0,0,0,0,有,無,456000,7600,,0.0,0,,RPTNMLMLMHIFFAW76CA
金城鎮,土地,燕南山段361~390地號,309.55,農,,,1020326,土地1建物0車位0,,,其他,,,,0.0,0,0,0,有,無,557000,1799,,0.0,0,,RPOOMLNKMHIFFAW98CA
金城鎮,土地,小西門劃測段1411~1440地號,59.31,農,,,1020326,土地1建物0車位0,,,其他,,,,0.0,0,0,0,有,無,106000,1787,,0.0,0,,RPPOMLNKMHIFFAW09CA
金城鎮,房地(土地+建物),金門縣金寧鄉環島北路一段38巷1弄1~30號,30.63,住,,,1020118,土地1建物1車位0,三層,三層,公寓(5樓含以下無電梯),住家用,鋼筋混凝土造,0850214,103.55,4,0,4,有,無,5050000,48769,,0.0,0,,RPUNMLTJMHIFFAW37CA
金城鎮,土地,庵前劃測段781~810地號,504.25,其他,,,1020331,土地1建物0車位0,,,其他,,,,0.0,0,0,0,有,無,2600000,5156,,0.0,0,,RPVNMLTJMHIFFAW57DA
金城鎮,土地,古坵村段121~150地號,1463.18,農,,,1020325,土地3建物0車位0,,,其他,,,,0.0,0,0,0,有,無,1674380,1144,,0.0,0,,RPRNMLLKMHIFFAW09DA
金寧鄉,土地,安西劃段511~540地號,2243.69,其他,,,1020327,土地1建物0車位0,,,其他,,,,0.0,0,0,0,有,無,4500000,2006,,0.0,0,,RPQNMLLKMHIFFAW88CA
金寧鄉,土地,寧安四劃段331~360地號,1240.0,農,,,1020315,土地2建物0車位0,,,其他,,,,0.0,0,0,0,有,無,2728000,2200,,0.0,0,,RPPNMLMKMHIFFAW88CA
金寧鄉,土地,寧安四劃段331~360地號,547.0,農,,,1020315,土地1建物0車位0,,,其他,,,,0.0,0,0,0,有,無,1203400,2200,,0.0,0,,RPQNMLMKMHIFFAW98CA
金寧鄉,土地,寧劃段961~990地號,367.0,農,,,1020311,土地1建物0車位0,,,其他,,,,0.0,0,0,0,有,無,700000,1907,,0.0,0,,RPPOMLTKMHIFFAW07CA
金城鎮,土地,燕南山段121~150地號,401.37,農,,,1020320,土地2建物0車位0,,,其他,,,,0.0,0,0,0,有,無,762600,1900,,0.0,0,,RPUOMLNKMHIFFAW96CA
金城鎮,土地,小西門劃測段1471~1500地號,338.65,農,,,1020320,土地3建物0車位0,,,其他,,,,0.0,0,0,0,有,無,643400,1900,,0.0,0,,RPVOMLNKMHIFFAW07CA
金寧鄉,土地,北二三劃測段421~450地號,648.04,農,,,1020410,土地1建物0車位0,,,其他,,,,0.0,0,0,0,有,無,3200000,4938,,0.0,0,,RPROMLNLMHIFFAW86DA
金沙鎮,土地,高坑劃測段691~720地號,1950.03,農,,,1020326,土地1建物0車位0,,,其他,,,,0.0,0,0,0,有,無,6500000,3333,,0.0,0,,RPUPMLLJNHIFFAW86CA
金寧鄉,土地,寧湖二劃測段751~780地號,100.73,其他,,,1020321,土地1建物0車位0,,,其他,,,,0.0,0,0,0,有,無,1977329,19630,,0.0,0,,RPVNMLKKMHIFFAW86EA
金城鎮,土地,水頭段181~210地號,454.81,農,,,1020325,土地2建物0車位0,,,其他,,,,0.0,0,0,0,有,無,4300000,9454,,0.0,0,,RPPNMLNLMHIFFAW56DA
金城鎮,土地,后豐港段721~750地號,579.68,其他,,,1020319,土地2建物0車位0,,,其他,,,,0.0,0,0,0,有,無,4950000,8539,,0.0,0,,RPWOMLNKMHIFFAW17CA
金沙鎮,土地,浦邊段1171~1200地號,45.0,其他,,,1020408,土地1建物0車位0,,,其他,,,,0.0,0,0,0,有,無,500000,11111,,0.0,0,,RPRNMLMKMHIFFAW09CA
金城鎮,土地,古坵段541~570地號,469.0,農,,,1020218,土地1建物0車位0,,,其他,,,,0.0,0,0,0,有,無,670000,1429,,0.0,0,,RPSNMLMKMHIFFAW56CA
金城鎮,土地,古坵段511~540地號,408.0,農,,,1020218,土地1建物0車位0,,,其他,,,,0.0,0,0,0,有,無,618000,1515,,0.0,0,,RPTNMLMKMHIFFAW66CA
金城鎮,土地,古坵段391~420地號,442.0,農,,,1020218,土地1建物0車位0,,,其他,,,,0.0,0,0,0,有,無,712000,1611,,0.0,0,,RPUNMLMKMHIFFAW76CA
烈嶼鄉,土地,前埔測段31~60地號,781.39,農,,,1020328,土地1建物0車位0,,,其他,,,,0.0,0,0,0,有,無,1450000,1856,,0.0,0,,RPTNMLRKMHIFFAW17CA
金湖鎮,土地,庵邊段601~630地號,501.0,住,,,1020330,土地1建物0車位0,,,其他,,,,0.0,0,0,0,有,無,1700000,3393,,0.0,0,,RPPNMLTKMHIFFAW96CA
金湖鎮,土地,湖前段1321~1350地號,174.0,其他,,,1020320,土地1建物0車位0,,,其他,,,,0.0,0,0,0,有,無,2000000,11494,,0.0,0,,RPQOMLQKMHIFFAW86CA
金沙鎮,土地,榮湖段931~960地號,3508.14,其他,,,1020329,土地1建物0車位0,,,其他,,,,0.0,0,0,0,有,無,3330000,949,,0.0,0,,RPROMLQKMHIFFAW96CA
金城鎮,土地,城隍廟段811~840地號,13.09,其他,,,1020226,土地1建物0車位0,,,其他,,,,0.0,0,0,0,有,無,572033,43700,,0.0,0,,RPSOMLNLMHIFFAW86CA
金沙鎮,土地,東珩段481~510地號,500.19,農,,,1020401,土地1建物0車位0,,,其他,,,,0.0,0,0,0,有,無,900000,1799,,0.0,0,,RPTOMLNKMHIFFAW86CA
金沙鎮,土地,沙東劃段181~210地號,1100.32,農,,,1020329,土地1建物0車位0,,,其他,,,,0.0,0,0,0,有,無,6000000,5453,,0.0,0,,RPTNMLNKNHIFFAW96DA
金寧鄉,房地(土地+建物),金門縣金寧鄉埔邊91~120號,62.0,住,,,1020325,土地1建物1車位0,全,三層,透天厝,見其他登記事項,鋼筋混凝土造,1020111,140.69,5,3,4,有,無,8200000,58284,,0.0,0,,RPVPMLLJNHIFFAW96CA
金寧鄉,房地(土地+建物),金門縣金寧鄉埔邊91~120號,62.0,住,,,1020325,土地1建物1車位0,全,三層,透天厝,見其他登記事項,鋼筋混凝土造,1020111,140.69,5,3,4,有,無,8150000,57929,,0.0,0,,RPWPMLLJNHIFFAW07CA
金寧鄉,房地(土地+建物),金門縣金寧鄉埔邊91~120號,61.0,住,,,1020325,土地1建物1車位0,全,三層,透天厝,見其他登記事項,鋼筋混凝土造,1020111,140.69,5,3,4,有,無,8000000,56863,,0.0,0,,RPXPMLLJNHIFFAW17CA
金寧鄉,房地(土地+建物),金門縣金寧鄉埔邊91~120號,64.0,住,,,1020325,土地1建物1車位0,全,三層,透天厝,見其他登記事項,鋼筋混凝土造,1020111,140.69,5,3,4,有,無,8300000,58995,,0.0,0,,RPOQMLLJNHIFFAW98CA
金寧鄉,房地(土地+建物),金門縣金寧鄉埔邊91~120號,64.0,住,,,1020325,土地1建物1車位0,全,三層,透天厝,見其他登記事項,鋼筋混凝土造,1020111,140.69,5,3,4,有,無,8300000,58995,,0.0,0,,RPPQMLLJNHIFFAW09CA
金城鎮,土地,,309.4,農,,,1020330,土地1建物0車位0,,,其他,,,,0.0,0,0,0,有,無,6000000,19392,,0.0,0,,RPPNMLQJNHIFFAW66CA
金寧鄉,土地,煙墩段211~240地號,843.08,其他,,,1020410,土地1建物0車位0,,,其他,,,,0.0,0,0,0,有,無,2000000,2372,,0.0,0,,RPUNMLNKNHIFFAW07DA
金寧鄉,土地,寧安四劃段511~540地號,520.0,農,,,1020408,土地1建物0車位0,,,其他,,,,0.0,0,0,0,有,無,1500000,2885,,0.0,0,,RPQNMLMLMHIFFAW56DA
烈嶼鄉,土地,大山頂測段151~180地號,380.01,住,,,1020409,土地1建物0車位0,,,其他,,,,0.0,0,0,0,有,無,2000000,5263,,0.0,0,,RPRNMLPKMHIFFAW86DA
金湖鎮,房地(土地+建物),金門縣金湖鎮復興路一段1~30號,200.62,住,,,1011219,土地2建物2車位0,全,三層,透天厝,住家用,鋼筋混凝土造,0750510,600.0,5,4,6,有,無,1958120,3264,,0.0,0,二等親間買賣,RPTNMLPKMHIFFAW07DA
金沙鎮,土地,官澳段1201~1230地號,68.0,其他,,,1020412,土地1建物0車位0,,,其他,,,,0.0,0,0,0,有,無,190400,2800,,0.0,0,親友、員工或其他特殊關係間之交易。;叔姪過戶,RPSOMLQKMHIFFAW17DA
金寧鄉,土地,大園段541~570地號,481.27,農,,,1020411,土地1建物0車位0,,,其他,,,,0.0,0,0,0,有,無,800000,1662,,0.0,0,,RPSNMLRKMHIFFAW17DA
金寧鄉,土地,寧湖一劃段541~570地號,100.0,農,,,1020415,土地1建物0車位0,,,其他,,,,0.0,0,0,0,有,無,1500000,15000,,0.0,0,,RPRNMLNKNHIFFAW76DA
金寧鄉,土地,長寮段1261~1290地號,773.54,其他,,,1020327,土地2建物0車位0,,,其他,,,,0.0,0,0,0,有,無,3500000,4525,,0.0,0,,RPXNMLQKMHIFFAW47CA
烈嶼鄉,土地,前埔測段31~60地號,781.39,農,,,1020411,土地1建物0車位0,,,其他,,,,0.0,0,0,0,有,無,2350000,3007,,0.0,0,,RPQNMLOLMHIFFAW66CA
金城鎮,土地,東沙段991~1020地號,394.28,其他,,,1020325,土地1建物0車位0,,,其他,,,,0.0,0,0,0,有,無,1327079,3366,,0.0,0,,RPQNMLRKMHIFFAW86CA
金城鎮,土地,東沙段991~1020地號,437.61,其他,,,1020325,土地1建物0車位0,,,其他,,,,0.0,0,0,0,有,無,1472920,3366,,0.0,0,,RPRNMLRKMHIFFAW96CA
金寧鄉,土地,青山段1051~1080地號,766.16,其他,,,1020313,土地1建物0車位0,,,其他,,,,0.0,0,0,0,有,無,6130000,8001,,0.0,0,,RPVNMLRKMHIFFAW37CA
金城鎮,土地,古坵段541~570地號,1245.0,農,,,1020226,土地4建物0車位0,,,其他,,,,0.0,0,0,0,有,無,2100000,1687,,0.0,0,,RPUNMLTKMHIFFAW47CA
金城鎮,土地,燕南山段121~150地號,103.0,農,,,1020328,土地1建物0車位0,,,其他,,,,0.0,0,0,0,有,無,162000,1573,,0.0,0,,RPUOMLQKMHIFFAW27CA
金湖鎮,土地,太湖劃測段901~930地號,729.39,工,,,1020325,土地1建物0車位0,,,其他,,,,0.0,0,0,0,有,無,5000000,6855,,0.0,0,,RPVOMLQKMHIFFAW37CA
烈嶼鄉,土地,九宮測段691~720地號,543.51,住,,,1020318,土地1建物0車位0,,,其他,,,,0.0,0,0,0,有,無,815265,1500,,0.0,0,,RPXNMLNLMHIFFAW27CA
金沙鎮,土地,浦邊測段331~360地號,3042.2,農,,,1020129,土地10建物0車位0,,,其他,,,,0.0,0,0,0,有,無,3250000,1068,,0.0,0,,RPXNMLQLMHIFFAW57CA
金城鎮,土地,歐厝村段1~30地號,337.0,住,,,1020408,土地1建物0車位0,,,其他,,,,0.0,0,0,0,有,無,5000000,14837,,0.0,0,,RPPNMLPJNHIFFAW56CA
金沙鎮,土地,洋山測段121~150地號,627.28,農,,,1020329,土地2建物0車位0,,,其他,,,,0.0,0,0,0,有,無,1190000,1897,,0.0,0,,RPQNMLPJNHIFFAW66CA
金沙鎮,土地,官澳測段541~570地號,715.4,農,,,1020326,土地1建物0車位0,,,其他,,,,0.0,0,0,0,有,無,1550000,2167,,0.0,0,,RPRNMLPJNHIFFAW76CA
金城鎮,土地,水頭段241~270地號,423.15,農,,,1020401,土地2建物0車位0,,,其他,,,,0.0,0,0,0,有,無,4800000,11343,,0.0,0,,RPSNMLOLMHIFFAW86CA
金寧鄉,土地,北二三劃測段691~720地號,1000.0,農,,,1020412,土地1建物0車位0,,,其他,,,,0.0,0,0,0,有,無,6000000,6000,,0.0,0,,RPPNMLMLMHIFFAW09DA
金湖鎮,土地,湖前段1351~1380地號,213.82,其他,,,1020326,土地3建物0車位0,,,其他,,,,0.0,0,0,0,有,無,6414000,29997,,0.0,0,,RPUNMLOLMHIFFAW07CA
金寧鄉,土地,鎮西段61~90地號,125.72,農,,,1020401,土地2建物0車位0,,,其他,,,,0.0,0,0,0,有,無,4000000,,,0.0,0,,RPWNMLLJNHIFFAW86CA
金寧鄉,土地,中三劃測段31~60地號,720.06,農,,,1020319,土地2建物0車位0,,,其他,,,,0.0,0,0,0,有,無,12000000,16665,,0.0,0,,RPRNMLOLMHIFFAW76CA
金沙鎮,土地,鵲山段541~570地號,11666.94,其他,,,1020327,土地1建物0車位0,,,其他,,,,0.0,0,0,0,有,無,50000000,4286,,0.0,0,,RPPNMLOLMHIFFAW56CA
金城鎮,土地,祥安段421~450地號,76.84,住,,,1020410,土地1建物0車位0,,,其他,,,,0.0,0,0,0,有,無,2458880,32000,,0.0,0,親友、員工或其他特殊關係間之交易。;好朋友之間的買賣。,RPVNMLNLMHIFFAW17DA
金城鎮,房地(土地+建物),金門縣金城鎮珠浦西路94巷1~30號,30.85,住,,,1010713,土地1建物1車位0,一層,四層,公寓(5樓含以下無電梯),見其他登記事項,鋼筋混凝土造,1010516,90.11,3,2,2,有,無,4500000,49939,,0.0,0,,RPQNMLOKNHIFFAW76DA
金湖鎮,土地,中五劃段121~150地號,433.0,農,,,1020417,土地1建物0車位0,,,其他,,,,0.0,0,0,0,有,無,1082500,2500,,0.0,0,,RPSNMLLJNHIFFAW56DA
金湖鎮,土地,中五劃段31~60地號,800.0,農,,,1020417,土地1建物0車位0,,,其他,,,,0.0,0,0,0,有,無,2000000,2500,,0.0,0,,RPUNMLLJNHIFFAW76DA
金湖鎮,土地,中五劃段241~270地號,677.55,農,,,1020417,土地1建物0車位0,,,其他,,,,0.0,0,0,0,有,無,1693875,2500,,0.0,0,,RPVNMLLJNHIFFAW86DA
金城鎮,土地,蜈蚣山段301~330地號,1058.08,農,,,1020402,土地4建物0車位0,,,其他,,,,0.0,0,0,0,有,無,2010000,1900,,0.0,0,,RPSNMLPJNHIFFAW86CA
金沙鎮,土地,洋山測段31~60地號,1003.97,農,,,1020409,土地3建物0車位0,,,其他,,,,0.0,0,0,0,有,無,1900000,1892,,0.0,0,,RPSQMLLJNHIFFAW76CA
金寧鄉,房地(土地+建物),金門縣金寧鄉下堡181~210號,64.86,其他,,,1020408,土地1建物1車位0,三層,三層,公寓(5樓含以下無電梯),見其他登記事項,鋼筋混凝土造,1020123,115.62,3,2,2,有,無,5350000,46272,,0.0,0,,RPVNMLQLMHIFFAW37CA
金寧鄉,土地,后垵段811~840地號,115.0,農,,,1020401,土地1建物0車位0,,,其他,,,,0.0,0,0,0,有,無,3500000,,,0.0,0,集村農舍用地,RPSNMLLLNHIFFAW66CA
金寧鄉,土地,后垵段811~840地號,115.0,農,,,1020401,土地1建物0車位0,,,其他,,,,0.0,0,0,0,有,無,3500000,,,0.0,0,集村農舍用地,RPTNMLLLNHIFFAW76CA
金寧鄉,土地,后垵段811~840地號,207.21,農,,,1020401,土地1建物0車位0,,,其他,,,,0.0,0,0,0,有,無,3500000,,,0.0,0,集村農舍用地,RPUNMLLLNHIFFAW86CA
金寧鄉,土地,后垵段811~840地號,115.0,農,,,1020401,土地1建物0車位0,,,其他,,,,0.0,0,0,0,有,無,3500000,,,0.0,0,集村農舍用地,RPVNMLLLNHIFFAW96CA
金寧鄉,土地,后垵段811~840地號,108.3,農,,,1020401,土地1建物0車位0,,,其他,,,,0.0,0,0,0,有,無,3500000,,,0.0,0,集村農舍用地,RPOOMLLLNHIFFAW98CA
金城鎮,房地(土地+建物),金門縣金寧鄉中興路205巷1~30號,14.51,商,,,1020401,土地1建物1車位0,四層,七層,華廈(10層含以下有電梯),見其他登記事項,鋼筋混凝土造,0991018,100.89,3,1,2,有,無,7050000,69878,,0.0,0,含傢俱,RPPOMLLLNHIFFAW56DA
金湖鎮,房地(土地+建物),金門縣金湖鎮湖前31~60號,70.17,其他,,,1020221,土地2建物2車位0,一層,三層,公寓(5樓含以下無電梯),見其他登記事項,鋼筋混凝土造,1020205,115.33999999999999,3,2,2,有,無,5950000,51587,,0.0,0,,RPQNMLKMMHIFFAW98CA
金湖鎮,房地(土地+建物),金門縣金湖鎮湖前31~60號,70.17,其他,,,1020124,土地2建物2車位0,三層,三層,公寓(5樓含以下無電梯),見其他登記事項,鋼筋混凝土造,1020205,116.47,3,2,2,有,無,5800000,49798,,0.0,0,,RPSNMLKMMHIFFAW56CA
金湖鎮,房地(土地+建物),金門縣金湖鎮湖前31~60號,70.17,其他,,,1020219,土地2建物2車位0,三層,三層,公寓(5樓含以下無電梯),見其他登記事項,鋼筋混凝土造,1020205,116.47,3,2,2,有,無,5800000,49798,,0.0,0,,RPUNMLKMMHIFFAW76CA
金寧鄉,土地,鎮西段61~90地號,125.1,農,,,1020330,土地2建物0車位0,,,其他,,,,0.0,0,0,0,有,無,4000000,,,0.0,0,,RPXNMLLJNHIFFAW96CA
金寧鄉,土地,鎮西段61~90地號,137.4,農,,,1020325,土地2建物0車位0,,,其他,,,,0.0,0,0,0,有,無,4000000,,,0.0,0,,RPOOMLLJNHIFFAW78CA
金寧鄉,土地,鎮西段61~90地號,126.82,農,,,1020401,土地2建物0車位0,,,其他,,,,0.0,0,0,0,有,無,4000000,,,0.0,0,,RPPOMLLJNHIFFAW88CA
金湖鎮,土地,北五劃段241~270地號,200.0,農,,,1020401,土地1建物0車位0,,,其他,,,,0.0,0,0,0,有,無,300000,1500,,0.0,0,,RPPNMLQLMHIFFAW76CA
金城鎮,土地,莒光樓段721~750地號,378.0,農,,,1020409,土地1建物0車位0,,,其他,,,,0.0,0,0,0,有,無,604800,1600,,0.0,0,,RPQNMLQLMHIFFAW86CA
金寧鄉,房地(土地+建物),金門縣金寧鄉下堡181~210號,108.04,其他,,,1020411,土地1建物1車位0,全,三層,透天厝,見其他登記事項,鋼筋混凝土造,1020123,207.96,5,5,3,有,無,9800000,47124,,0.0,0,,RPTNMLQLMHIFFAW17CA
金寧鄉,土地,鎮西段61~90地號,126.73,農,,,1020327,土地2建物0車位0,,,其他,,,,0.0,0,0,0,有,無,4000000,,,0.0,0,,RPROMLLJNHIFFAW09CA
金寧鄉,土地,后垵段811~840地號,115.0,農,,,1020401,土地1建物0車位0,,,其他,,,,0.0,0,0,0,有,無,3500000,,,0.0,0,集村農舍用地,RPWNMLLLNHIFFAW07CA
金寧鄉,土地,寧安四劃段481~510地號,371.0,農,,,1020416,土地1建物0車位0,,,其他,,,,0.0,0,0,0,有,無,649250,1750,,0.0,0,,RPTNMLPKNHIFFAW07CA
金寧鄉,土地,上后垵段61~90地號,146.0,其他,,,1020417,土地1建物0車位0,,,其他,,,,0.0,0,0,0,有,無,3500000,23973,,0.0,0,,RPQPMLLJNHIFFAW09CA
金寧鄉,土地,寧湖一劃段541~570地號,152.52,農,,,1020419,土地2建物0車位0,,,其他,,,,0.0,0,0,0,有,無,1780000,,,0.0,0,集村農舍，12人共有，各持份1/12,RPQOMLPJNHIFFAW76CA
金寧鄉,土地,大園段991~1020地號,623.99,農,,,1020327,土地1建物0車位0,,,其他,,,,0.0,0,0,0,有,無,1185000,1899,,0.0,0,,RPTNMLPJNHIFFAW96CA
金寧鄉,土地,赤岑段1141~1170地號,1036.6,農,,,1020329,土地1建物0車位0,,,其他,,,,0.0,0,0,0,有,無,2080000,2007,,0.0,0,,RPUNMLPJNHIFFAW07CA
金寧鄉,土地,大園段991~1020地號,1008.38,農,,,1020401,土地3建物0車位0,,,其他,,,,0.0,0,0,0,有,無,1950000,1934,,0.0,0,,RPVNMLPJNHIFFAW17CA
金寧鄉,土地,寧湖一劃段541~570地號,132.6,農,,,1020419,土地1建物0車位0,,,其他,,,,0.0,0,0,0,有,無,1800000,,,0.0,0,集村農舍,RPWNMLPJNHIFFAW27CA
金寧鄉,土地,寧湖一劃段541~570地號,132.6,農,,,1020419,土地1建物0車位0,,,其他,,,,0.0,0,0,0,有,無,1800000,,,0.0,0,集村農舍,RPXNMLPJNHIFFAW37CA
金寧鄉,土地,寧湖一劃段541~570地號,132.6,農,,,1020419,土地1建物0車位0,,,其他,,,,0.0,0,0,0,有,無,1800000,,,0.0,0,集村農舍,RPOOMLPJNHIFFAW56CA
金寧鄉,土地,寧湖一劃段541~570地號,163.74,農,,,1020419,土地2建物0車位0,,,其他,,,,0.0,0,0,0,有,無,1800000,,,0.0,0,集村農舍,RPPOMLPJNHIFFAW66CA
金寧鄉,土地,寧湖一劃段541~570地號,132.6,農,,,1020419,土地1建物0車位0,,,其他,,,,0.0,0,0,0,有,無,1800000,,,0.0,0,集村農舍,RPROMLPJNHIFFAW86CA
金寧鄉,土地,寧湖一劃段541~570地號,132.6,農,,,1020419,土地1建物0車位0,,,其他,,,,0.0,0,0,0,有,無,1800000,,,0.0,0,集村農舍,RPSOMLPJNHIFFAW96CA
金寧鄉,土地,寧湖一劃段541~570地號,132.6,農,,,1020419,土地1建物0車位0,,,其他,,,,0.0,0,0,0,有,無,1800000,,,0.0,0,集村農舍,RPTOMLPJNHIFFAW07CA
金寧鄉,土地,寧湖一劃段541~570地號,159.74,農,,,1020419,土地1建物0車位0,,,其他,,,,0.0,0,0,0,有,無,1800000,,,0.0,0,集村農舍,RPUOMLPJNHIFFAW17CA
金寧鄉,土地,寧湖一劃段541~570地號,142.48,農,,,1020419,土地3建物0車位0,,,其他,,,,0.0,0,0,0,有,無,1820000,,,0.0,0,集村農舍，12人共有，各持份1/12,RPVOMLPJNHIFFAW27CA
金沙鎮,土地,官嶼劃段541~570地號,1000.0,農,,,1020418,土地2建物0車位0,,,其他,,,,0.0,0,0,0,有,無,2200000,2200,,0.0,0,,RPPNMLLJNHIFFAW88DA
金寧鄉,土地,鎮西段61~90地號,128.3,農,,,1020325,土地2建物0車位0,,,其他,,,,0.0,0,0,0,有,無,4000000,,,0.0,0,,RPSOMLLJNHIFFAW56CA
金湖鎮,房地(土地+建物),金門縣金湖鎮湖前31~60號,70.17,其他,,,1020219,土地2建物2車位0,一層,三層,公寓(5樓含以下無電梯),見其他登記事項,鋼筋混凝土造,1020205,113.47,3,2,2,有,無,5700000,50234,,0.0,0,,RPWNMLKMMHIFFAW96CA
金湖鎮,房地(土地+建物),金門縣金湖鎮湖前31~60號,70.17,其他,,,1020219,土地2建物2車位0,二層,三層,公寓(5樓含以下無電梯),見其他登記事項,鋼筋混凝土造,1020205,112.89,3,2,2,有,無,5600000,49606,,0.0,0,,RPOOMLKMMHIFFAW88CA
金湖鎮,房地(土地+建物),金門縣金湖鎮湖前31~60號,70.17,其他,,,1020221,土地2建物2車位0,三層,三層,公寓(5樓含以下無電梯),見其他登記事項,鋼筋混凝土造,1020205,112.89,3,2,2,有,無,5560000,49251,,0.0,0,,RPQOMLKMMHIFFAW09CA
金湖鎮,房地(土地+建物),金門縣金湖鎮湖前31~60號,70.17,其他,,,1020219,土地2建物2車位0,二層,三層,公寓(5樓含以下無電梯),見其他登記事項,鋼筋混凝土造,1020205,112.89,3,2,2,有,無,5600000,49606,,0.0,0,,RPSOMLKMMHIFFAW66CA
金湖鎮,房地(土地+建物),金門縣金湖鎮湖前31~60號,194.15,其他,,,1020219,土地2建物1車位0,全,三層,透天厝,見其他登記事項,鋼筋混凝土造,1020205,198.3,4,2,3,有,無,8600000,43369,,0.0,0,,RPUOMLKMMHIFFAW86CA
金湖鎮,房地(土地+建物),金門縣金湖鎮湖前31~60號,157.15,其他,,,1020220,土地2建物1車位0,全,三層,透天厝,見其他登記事項,鋼筋混凝土造,1020205,190.95,4,2,3,有,無,8300000,43467,,0.0,0,,RPQNMLLJNHIFFAW88CA
金寧鄉,房地(土地+建物),金門縣金寧鄉頂堡61~90號,62.94,其他,,,1020321,土地1建物2車位0,三層,三層,公寓(5樓含以下無電梯),見其他登記事項,鋼筋混凝土造,1010918,111.98,3,2,2,有,無,5130000,45812,,0.0,0,,RPRNMLLJNHIFFAW98CA
金城鎮,土地,燕南山段121~150地號,367.72,其他,,,1020422,土地4建物0車位0,,,其他,,,,0.0,0,0,0,有,無,954256,2595,,0.0,0,,RPTNMLLJNHIFFAW56CA
金寧鄉,土地,鎮西段61~90地號,128.0,農,,,1020323,土地2建物0車位0,,,其他,,,,0.0,0,0,0,有,無,4000000,,,0.0,0,,RPTOMLLJNHIFFAW66CA
金寧鄉,土地,鎮西段61~90地號,141.63,農,,,1020329,土地2建物0車位0,,,其他,,,,0.0,0,0,0,有,無,4000000,,,0.0,0,,RPUOMLLJNHIFFAW76CA
金寧鄉,土地,鎮西段61~90地號,125.66,農,,,1020329,土地2建物0車位0,,,其他,,,,0.0,0,0,0,有,無,4000000,,,0.0,0,,RPVOMLLJNHIFFAW86CA
金寧鄉,土地,鎮西段61~90地號,129.39,農,,,1020328,土地2建物0車位0,,,其他,,,,0.0,0,0,0,有,無,4000000,,,0.0,0,,RPWOMLLJNHIFFAW96CA
金寧鄉,土地,后垵段811~840地號,100.0,農,,,1020401,土地1建物0車位0,,,其他,,,,0.0,0,0,0,有,無,3500000,,,0.0,0,集村農舍用地,RPXNMLLLNHIFFAW17CA
金寧鄉,土地,青山段1141~1170地號,1515.11,農,,,1020416,土地2建物0車位0,,,其他,,,,0.0,0,0,0,有,無,3030000,2000,,0.0,0,,RPUNMLPKNHIFFAW17CA
金城鎮,土地,烏土段331~360地號,336.0,農,,,1020418,土地5建物0車位0,,,其他,,,,0.0,0,0,0,有,無,17000000,,,0.0,0,土地及建物分次登記案件。前案土地登記收件字號：;集村農舍基地及其他土地分次登記案件。,RPOPMLOLNHIFFAW76CA
金城鎮,土地,后豐港段571~600地號,319.0,其他,,,1020415,土地1建物0車位0,,,其他,,,,0.0,0,0,0,有,無,550000,1724,,0.0,0,,RPQPMLOLNHIFFAW96CA
金城鎮,土地,烏土段331~360地號,168.0,農,,,1020418,土地5建物0車位0,,,其他,,,,0.0,0,0,0,有,無,8500000,,,0.0,0,,RPRPMLOLNHIFFAW07CA
金城鎮,土地,烏土段331~360地號,153.72,農,,,1020418,土地3建物0車位0,,,其他,,,,0.0,0,0,0,有,無,4750000,,,0.0,0,,RPSPMLOLNHIFFAW17CA
金城鎮,土地,烏土段331~360地號,153.72,農,,,1020418,土地3建物0車位0,,,其他,,,,0.0,0,0,0,有,無,4750000,,,0.0,0,,RPTPMLOLNHIFFAW27CA
金城鎮,土地,烏土段331~360地號,172.13,農,,,1020418,土地5建物0車位0,,,其他,,,,0.0,0,0,0,有,無,8500000,,,0.0,0,,RPUPMLOLNHIFFAW37CA
金城鎮,土地,烏土段331~360地號,168.0,農,,,1020418,土地5建物0車位0,,,其他,,,,0.0,0,0,0,有,無,8500000,,,0.0,0,,RPVPMLOLNHIFFAW47CA
金城鎮,土地,烏土段331~360地號,168.0,農,,,1020418,土地5建物0車位0,,,其他,,,,0.0,0,0,0,有,無,8500000,,,0.0,0,,RPWPMLOLNHIFFAW57CA
金城鎮,土地,烏土段331~360地號,153.72,農,,,1020418,土地3建物0車位0,,,其他,,,,0.0,0,0,0,有,無,4750000,,,0.0,0,,RPXPMLOLNHIFFAW67CA
金湖鎮,房地(土地+建物),金門縣金湖鎮士校路601~630號,124.62,住,,,1020422,土地1建物1車位0,全,三層,透天厝,住家用,鋼筋混凝土造,1020304,196.21,5,5,2,有,無,8500000,43321,,0.0,0,,RPWOMLPJNHIFFAW37CA
金湖鎮,建物,金門縣金湖鎮士校路601~630號,0.0,,,,1020425,土地0建物1車位0,全,三層,透天厝,住家用,鋼筋混凝土造,1020304,185.7,5,2,5,有,無,3500000,18848,,0.0,0,,RPXOMLPJNHIFFAW47CA
金城鎮,土地,莒光樓段691~720地號,36.13,農,,,1020418,土地1建物0車位0,,,其他,,,,0.0,0,0,0,有,無,720000,,,0.0,0,集村農舍,RPOPMLPJNHIFFAW66CA
金寧鄉,土地,寧湖一劃段421~450地號,1614.12,農,,,1020329,土地2建物0車位0,,,其他,,,,0.0,0,0,0,有,無,7700000,,,0.0,0,集村農舍建築基地、配地,RPRPMLLJNHIFFAW56CA
金寧鄉,土地,寧安四劃段61~90地號,1000.0,農,,,1020412,土地1建物0車位0,,,其他,,,,0.0,0,0,0,有,無,2800000,2800,,0.0,0,,RPSPMLLJNHIFFAW66CA
烈嶼鄉,土地,東面山測段871~900地號,342.62,其他,,,1020411,土地1建物0車位0,,,其他,,,,0.0,0,0,0,有,無,2700000,7880,,0.0,0,,RPTPMLLJNHIFFAW76CA
金寧鄉,土地,寧湖一劃段421~450地號,1193.28,其他,,,1020327,土地1建物0車位0,,,其他,,,,0.0,0,0,0,有,無,4000000,,,0.0,0,集村農舍建築基地、配地,RPTNMLSJNHIFFAW27CA
金寧鄉,土地,寧湖二劃測段991~1020地號,1087.23,農,,,1020327,土地1建物0車位0,,,其他,,,,0.0,0,0,0,有,無,4700000,4323,,0.0,0,,RPPNMLOJNHIFFAW09CA
金寧鄉,土地,寧湖二劃測段751~780地號,29.43,其他,,,1020422,土地3建物0車位0,,,其他,,,,0.0,0,0,0,有,無,410294,13941,,0.0,0,,RPPNMLRLNHIFFAW07DA
金城鎮,土地,歐厝段331~360地號,3548.76,其他,,,1020402,土地2建物0車位0,,,其他,,,,0.0,0,0,0,有,無,25500000,7186,,0.0,0,,RPXOMLLJNHIFFAW07CA
金寧鄉,土地,鎮西段61~90地號,127.18,農,,,1020322,土地2建物0車位0,,,其他,,,,0.0,0,0,0,有,無,4000000,,,0.0,0,,RPQOMLLJNHIFFAW98CA
金寧鄉,土地,西堡劃測段361~390地號,500.0,農,,,1020319,土地1建物0車位0,,,其他,,,,0.0,0,0,0,有,無,900000,1800,,0.0,0,,RPPPMLLJNHIFFAW98CA
金城鎮,房地(土地+建物),金門縣金城鎮古區1~30號,648.26,其他,,,1020410,土地1建物1車位0,全,二層,透天厝,見其他登記事項,鋼筋混凝土造,0930823,830.33,0,0,0,無,無,25000000,30109,,0.0,0,,RPTNMLTJNHIFFAW37CA
金城鎮,土地,烏土段331~360地號,153.72,農,,,1020418,土地3建物0車位0,,,其他,,,,0.0,0,0,0,有,無,4750000,,,0.0,0,,RPPQMLOLNHIFFAW96CA
金寧鄉,房地(土地+建物),金門縣金寧鄉仁愛新?91~120號,133.35,住,,,1020418,土地1建物2車位0,三層,三層,公寓(5樓含以下無電梯),見其他登記事項,鋼筋混凝土造,1020305,204.04000000000002,3,2,2,有,無,7700000,37738,,0.0,0,,RPUOMLTLNHIFFAW77CA
金寧鄉,房地(土地+建物),金門縣金寧鄉仁愛新?91~120號,66.68,住,,,1020315,土地1建物1車位0,一層,三層,公寓(5樓含以下無電梯),見其他登記事項,鋼筋混凝土造,1020305,91.46000000000001,3,2,2,有,無,4100000,44828,,0.0,0,,RPVOMLTLNHIFFAW87CA
金寧鄉,房地(土地+建物),金門縣金寧鄉仁愛新?91~120號,66.68,住,,,1020418,土地1建物1車位0,一層,三層,公寓(5樓含以下無電梯),見其他登記事項,鋼筋混凝土造,1020305,90.45,3,2,2,有,無,4100000,45329,,0.0,0,,RPXOMLTLNHIFFAW08CA
金寧鄉,房地(土地+建物),金門縣金寧鄉仁愛新?91~120號,66.68,住,,,1020418,土地1建物1車位0,一層,三層,公寓(5樓含以下無電梯),見其他登記事項,鋼筋混凝土造,1020305,91.08,3,2,2,有,無,4000000,43917,,0.0,0,,RPOPMLTLNHIFFAW27CA
金寧鄉,房地(土地+建物),金門縣金寧鄉仁愛新?91~120號,66.68,住,,,1020418,土地1建物1車位0,三層,三層,公寓(5樓含以下無電梯),見其他登記事項,鋼筋混凝土造,1020305,95.22,3,2,2,有,無,3850000,40433,,0.0,0,,RPPPMLTLNHIFFAW37CA
金湖鎮,土地,南雄段631~660地號,529.65,農,,,1020406,土地1建物0車位0,,,其他,,,,0.0,0,0,0,有,無,1060000,2001,,0.0,0,,RPVNMLPKNHIFFAW27CA
