﻿鄉鎮市區,交易標的,土地區段位置/建物區段門牌,土地移轉總面積平方公尺,都市土地使用分區,非都市土地使用分區,非都市土地使用編定,交易年月日,交易筆棟數,移轉層次,總樓層數,建物型態,主要用途,主要建材,建築完成年月,建物移轉總面積平方公尺,建物現況格局-房,建物現況格局-廳,建物現況格局-衛,建物現況格局-隔間,有無管理組織,總價元,單價元/平方公尺,車位類別,車位移轉總面積平方公尺,車位總價元,備註,編號
The villages and towns urban district,transaction sign,land sector position/building sector house number plate,land shifting total area square meter,the use zoning or compiles and checks,the non-metropolis land use district,non-metropolis land use,transaction year, month and day,transaction pen number,shifting level,total floor number,building state,main use,main building materials,construction to complete the years,building shifting total area,Building present situation pattern - room,building present situation pattern - hall,building present situation pattern - health,building present situation pattern - compartmented,Whether there is manages the organization,total price Yuan,the unit price a Yuan/square meter,the berth category,berth shifting total area square meter,the berth total price Yuan,the note,serial number
南區,房地(土地+建物)+車位,水交社段1~30地號,37.83,住,,,1030821,土地1建物1車位1,一層,7,華廈(10層含以下有電梯),住家用,鋼筋混凝土構造,,185.37,4,2,2,有,無,8620000,48453,坡道平面,31.2,1150000,,RPQOMLTJOHKFFCD48CB
南區,房地(土地+建物)+車位,水交社段1~30地號,38.22,住,,,1030225,土地1建物1車位1,七層,7,華廈(10層含以下有電梯),住家用,鋼筋混凝土構造,,189.63,4,2,2,有,無,8880000,49107,坡道平面,31.2,1100000,,RPROMLTJOHKFFCD58CB
南區,房地(土地+建物)+車位,水交社段1~30地號,38.22,住,,,1030704,土地1建物1車位1,六層,7,華廈(10層含以下有電梯),住家用,鋼筋混凝土構造,,189.63,4,2,2,有,無,8700000,47971,坡道平面,31.2,1100000,,RPSOMLTJOHKFFCD68CB
南區,房地(土地+建物)+車位,水交社段1~30地號,38.22,住,,,1030729,土地1建物1車位1,五層,7,華廈(10層含以下有電梯),住家用,鋼筋混凝土構造,,189.61,4,2,2,有,無,9000000,49871,坡道平面,31.2,1100000,,RPTOMLTJOHKFFCD78CB
南區,房地(土地+建物)+車位,水交社段1~30地號,31.98,住,,,1030326,土地1建物1車位1,三層,7,華廈(10層含以下有電梯),住家用,鋼筋混凝土構造,,163.8,3,2,2,有,無,7800000,50528,坡道平面,31.2,1100000,,RPUOMLTJOHKFFCD88CB
南區,房地(土地+建物)+車位,水交社段1~30地號,31.98,住,,,1021226,土地1建物1車位1,四層,7,華廈(10層含以下有電梯),住家用,鋼筋混凝土構造,,163.8,3,2,2,有,無,7210000,46456,坡道平面,31.2,1050000,,RPVOMLTJOHKFFCD98CB
南區,房地(土地+建物),水交社段1~30地號,31.2,住,,,1030606,土地1建物1車位0,五層,7,華廈(10層含以下有電梯),住家用,鋼筋混凝土構造,,132.6,3,2,2,有,無,7050000,53167,,0.0,0,,RPWOMLTJOHKFFCD09CB
南區,房地(土地+建物)+車位,水交社段1~30地號,31.98,住,,,1030513,土地1建物1車位1,六層,7,華廈(10層含以下有電梯),住家用,鋼筋混凝土構造,,163.8,3,2,2,有,無,7900000,51659,坡道平面,31.2,1050000,,RPXOMLTJOHKFFCD56CB
南區,房地(土地+建物)+車位,水交社段1~30地號,31.98,住,,,1030117,土地1建物1車位1,七層,7,華廈(10層含以下有電梯),住家用,鋼筋混凝土構造,,163.8,3,2,2,有,無,7650000,49397,坡道平面,31.2,1100000,,RPOPMLTJOHKFFCD38CB
南區,房地(土地+建物)+車位,水交社段1~30地號,37.83,住,,,1030825,土地1建物1車位1,一層,7,華廈(10層含以下有電梯),住家用,鋼筋混凝土構造,,186.23,4,2,2,有,無,8800000,49345,坡道平面,31.2,1150000,,RPPPMLTJOHKFFCD48CB
南區,房地(土地+建物)+車位,水交社段1~30地號,38.22,住,,,1030509,土地1建物1車位1,二層,7,華廈(10層含以下有電梯),住家用,鋼筋混凝土構造,,189.61,4,2,2,有,無,8390000,45704,坡道平面,31.2,1150000,,RPQPMLTJOHKFFCD58CB
南區,房地(土地+建物)+車位,水交社段1~30地號,38.22,住,,,1030606,土地1建物1車位1,三層,7,華廈(10層含以下有電梯),住家用,鋼筋混凝土構造,,189.61,4,2,2,有,無,8680000,47851,坡道平面,31.2,1100000,,RPSPMLTJOHKFFCD78CB
南區,房地(土地+建物)+車位,水交社段1~30地號,38.22,住,,,1030122,土地1建物1車位1,四層,7,華廈(10層含以下有電梯),住家用,鋼筋混凝土構造,,189.61,4,2,2,有,無,8550000,47345,坡道平面,31.2,1050000,,RPTPMLTJOHKFFCD88CB
南區,房地(土地+建物)+車位,水交社段1~30地號,50.31,住,,,1021202,土地1建物1車位1,三層,7,華廈(10層含以下有電梯),住家用,鋼筋混凝土構造,,239.96,4,2,3,有,無,11410000,49387,坡道平面,31.2,1100000,,RPUPMLTJOHKFFCD98CB
南區,房地(土地+建物)+車位,水交社段1~30地號,50.31,住,,,1030509,土地1建物1車位1,四層,7,華廈(10層含以下有電梯),住家用,鋼筋混凝土構造,,239.96,4,2,3,有,無,11380000,49243,坡道平面,31.2,1100000,,RPWPMLTJOHKFFCD56CB
南區,房地(土地+建物)+車位,水交社段1~30地號,50.31,住,,,1030519,土地1建物1車位1,五層,7,華廈(10層含以下有電梯),住家用,鋼筋混凝土構造,,239.96,4,2,3,有,無,11800000,51016,坡道平面,31.2,1150000,,RPXPMLTJOHKFFCD66CB
南區,房地(土地+建物)+車位,水交社段1~30地號,50.31,住,,,1030417,土地1建物1車位1,六層,7,華廈(10層含以下有電梯),住家用,鋼筋混凝土構造,,239.96,4,2,3,有,無,12550000,54848,坡道平面,31.2,1100000,,RPOQMLTJOHKFFCD48CB
南區,房地(土地+建物)+車位,水交社段1~30地號,49.92,住,,,1021217,土地1建物1車位1,七層,7,華廈(10層含以下有電梯),住家用,鋼筋混凝土構造,,239.25,4,2,3,有,無,10600000,47152,坡道平面,31.2,790000,,RPPQMLTJOHKFFCD58CB
南區,房地(土地+建物)+車位,水交社段1~30地號,30.81,住,,,1021202,土地1建物1車位1,,7,華廈(10層含以下有電梯),住家用,鋼筋混凝土構造,,158.02,3,2,2,有,無,7190000,48021,坡道平面,31.2,1100000,,RPQQMLTJOHKFFCD68CB
南區,房地(土地+建物)+車位,水交社段1~30地號,30.81,住,,,1021211,土地1建物1車位1,四層,7,華廈(10層含以下有電梯),住家用,鋼筋混凝土構造,,158.02,3,2,2,有,無,7180000,48336,坡道平面,31.2,1050000,,RPWOMLKKOHKFFCD28CB
南區,房地(土地+建物)+車位,水交社段1~30地號,30.81,住,,,1021216,土地1建物1車位1,五層,7,華廈(10層含以下有電梯),住家用,鋼筋混凝土構造,,158.02,3,2,2,有,無,6800000,47311,坡道平面,31.2,800000,,RPXOMLKKOHKFFCD38CB
南區,房地(土地+建物)+車位,水交社段1~30地號,30.81,住,,,1021216,土地1建物1車位1,六層,7,華廈(10層含以下有電梯),住家用,鋼筋混凝土構造,,158.02,3,2,2,有,無,6840000,47627,坡道平面,31.2,800000,,RPPOMLLKOHKFFCD67CB
南區,房地(土地+建物)+車位,水交社段1~30地號,26.52,住,,,1021216,土地1建物1車位1,七層,7,華廈(10層含以下有電梯),住家用,鋼筋混凝土構造,,140.79,3,2,2,有,無,6150000,46537,坡道平面,31.2,1050000,,RPQOMLLKOHKFFCD77CB
南區,房地(土地+建物)+車位,水交社段1~30地號,31.98,住,,,1030116,土地1建物1車位1,二層,7,華廈(10層含以下有電梯),住家用,鋼筋混凝土構造,,160.55,3,2,2,有,無,7080000,45887,坡道平面,29.14,1050000,,RPSNMLMKOHKFFCD97CB
南區,房地(土地+建物)+車位,水交社段1~30地號,31.2,住,,,1030307,土地1建物1車位1,三層,7,華廈(10層含以下有電梯),住家用,鋼筋混凝土構造,,160.66,3,2,2,有,無,7380000,48895,坡道平面,31.2,1050000,,RPTNMLMKOHKFFCD08CB
南區,房地(土地+建物)+車位,水交社段1~30地號,31.2,住,,,1030214,土地1建物1車位1,四層,7,華廈(10層含以下有電梯),住家用,鋼筋混凝土構造,,160.66,3,2,2,有,無,7700000,50981,坡道平面,31.2,1100000,,RPUNMLMKOHKFFCD18CB
南區,房地(土地+建物)+車位,水交社段1~30地號,31.2,住,,,1030612,土地1建物1車位1,五層,7,華廈(10層含以下有電梯),住家用,鋼筋混凝土構造,,160.66,3,2,2,有,無,8410000,56465,坡道平面,31.2,1100000,,RPVNMLMKOHKFFCD28CB
南區,房地(土地+建物)+車位,水交社段1~30地號,31.2,住,,,1030612,土地1建物1車位1,六層,7,華廈(10層含以下有電梯),住家用,鋼筋混凝土構造,,160.66,3,2,2,有,無,7500000,49436,坡道平面,31.2,1100000,,RPWNMLMKOHKFFCD38CB
南區,房地(土地+建物)+車位,水交社段1~30地號,34.32,住,,,1030421,土地1建物1車位1,七層,7,華廈(10層含以下有電梯),住家用,鋼筋混凝土構造,,160.66,3,2,2,有,無,7600000,50209,坡道平面,31.2,1100000,,RPOOMLMKOHKFFCD67CB
南區,房地(土地+建物)+車位,水交社段1~30地號,31.2,住,,,1030106,土地1建物1車位1,二層,7,華廈(10層含以下有電梯),住家用,鋼筋混凝土構造,,157.13,3,2,2,有,無,6740000,45184,坡道平面,31.2,1050000,,RPPOMLMKOHKFFCD77CB
南區,房地(土地+建物)+車位,水交社段1~30地號,31.2,住,,,1030304,土地1建物1車位1,三層,7,華廈(10層含以下有電梯),住家用,鋼筋混凝土構造,,157.13,3,2,2,有,無,7200000,48440,坡道平面,31.2,1100000,,RPQOMLMKOHKFFCD87CB
南區,房地(土地+建物)+車位,水交社段1~30地號,31.2,住,,,1030207,土地1建物1車位1,四層,7,華廈(10層含以下有電梯),住家用,鋼筋混凝土構造,,157.13,3,2,2,有,無,7080000,47487,坡道平面,31.2,1100000,,RPROMLMKOHKFFCD97CB
南區,房地(土地+建物)+車位,水交社段1~30地號,31.2,住,,,1030620,土地1建物1車位1,五層,7,華廈(10層含以下有電梯),住家用,鋼筋混凝土構造,,157.13,3,2,2,有,無,7300000,49234,坡道平面,31.2,1100000,,RPSOMLMKOHKFFCD08CB
南區,房地(土地+建物)+車位,水交社段1~30地號,31.2,住,,,1030530,土地1建物1車位1,六層,7,華廈(10層含以下有電梯),住家用,鋼筋混凝土構造,,157.13,3,2,2,有,無,7400000,50028,坡道平面,31.2,1100000,,RPTOMLMKOHKFFCD18CB
南區,房地(土地+建物)+車位,水交社段1~30地號,31.2,住,,,1030407,土地1建物1車位1,七層,7,華廈(10層含以下有電梯),住家用,鋼筋混凝土構造,,157.13,3,2,2,有,無,7400000,50425,坡道平面,31.2,1050000,,RPUOMLMKOHKFFCD28CB
南區,房地(土地+建物)+車位,水交社段1~30地號,24.18,住,,,1030121,土地1建物1車位1,二層,7,華廈(10層含以下有電梯),住家用,鋼筋混凝土構造,,129.42,2,2,2,有,無,5800000,48361,坡道平面,31.2,1050000,,RPVOMLMKOHKFFCD38CB
南區,房地(土地+建物)+車位,水交社段1~30地號,24.18,住,,,1021204,土地1建物1車位1,四層,7,華廈(10層含以下有電梯),住家用,鋼筋混凝土構造,,127.36,2,2,2,有,無,5900000,49888,坡道平面,29.14,1000000,,RPWOMLMKOHKFFCD48CB
南區,房地(土地+建物)+車位,水交社段1~30地號,24.18,住,,,1030813,土地1建物1車位1,五層,7,華廈(10層含以下有電梯),住家用,鋼筋混凝土構造,,129.42,2,2,2,有,無,6100000,50906,坡道平面,31.2,1100000,,RPXOMLMKOHKFFCD58CB
南區,房地(土地+建物)+車位,水交社段1~30地號,24.18,住,,,1030731,土地1建物1車位1,六層,7,華廈(10層含以下有電梯),住家用,鋼筋混凝土構造,,127.38,2,2,2,有,無,6450000,54458,坡道平面,29.14,1100000,,RPOPMLMKOHKFFCD77CB
南區,房地(土地+建物)+車位,水交社段1~30地號,24.18,住,,,1030307,土地1建物1車位1,七層,7,華廈(10層含以下有電梯),住家用,鋼筋混凝土構造,,129.44,2,2,2,有,無,6050000,50387,坡道平面,31.2,1100000,,RPPPMLMKOHKFFCD87CB
南區,房地(土地+建物)+車位,水交社段1~30地號,29.64,住,,,1030410,土地1建物1車位1,一層,7,華廈(10層含以下有電梯),住家用,鋼筋混凝土構造,,150.1,3,2,2,有,無,7200000,51304,坡道平面,31.2,1100000,,RPQPMLMKOHKFFCD97CB
南區,房地(土地+建物)+車位,水交社段1~30地號,29.64,住,,,1030212,土地1建物1車位1,二層,7,華廈(10層含以下有電梯),住家用,鋼筋混凝土構造,,152.14,3,2,2,有,無,6600000,45891,坡道平面,31.2,1050000,,RPRPMLMKOHKFFCD08CB
南區,房地(土地+建物)+車位,水交社段1~30地號,29.64,住,,,1030124,土地1建物1車位1,三層,7,華廈(10層含以下有電梯),住家用,鋼筋混凝土構造,,152.14,3,2,2,有,無,6750000,47131,坡道平面,31.2,1050000,,RPSPMLMKOHKFFCD18CB
南區,房地(土地+建物)+車位,水交社段1~30地號,29.64,住,,,1030113,土地1建物1車位1,四層,7,華廈(10層含以下有電梯),住家用,鋼筋混凝土構造,,152.14,3,2,2,有,無,6600000,45891,坡道平面,31.2,1050000,,RPTPMLMKOHKFFCD28CB
南區,房地(土地+建物)+車位,水交社段1~30地號,29.64,住,,,1030730,土地1建物1車位1,五層,7,華廈(10層含以下有電梯),住家用,鋼筋混凝土構造,,152.14,3,2,2,有,無,7200000,50438,坡道平面,31.2,1100000,,RPUPMLMKOHKFFCD38CB
南區,房地(土地+建物)+車位,水交社段1~30地號,29.64,住,,,1030728,土地1建物1車位1,六層,7,華廈(10層含以下有電梯),住家用,鋼筋混凝土構造,,152.14,3,2,2,有,無,7470000,52257,坡道平面,31.2,1150000,,RPVPMLMKOHKFFCD48CB
南區,房地(土地+建物)+車位,水交社段1~30地號,29.64,住,,,1030127,土地1建物1車位1,七層,7,華廈(10層含以下有電梯),住家用,鋼筋混凝土構造,,152.14,3,2,2,有,無,6910000,48454,坡道平面,31.2,1050000,,RPWPMLMKOHKFFCD58CB
南區,房地(土地+建物)+車位,水交社段1~30地號,31.98,住,,,1030527,土地1建物1車位1,一層,7,華廈(10層含以下有電梯),住家用,鋼筋混凝土構造,,160.42,3,2,2,有,無,7550000,49528,坡道平面,31.2,1150000,,RPXPMLMKOHKFFCD68CB
南區,房地(土地+建物)+車位,水交社段1~30地號,31.98,住,,,1030326,土地1建物1車位1,二層,7,華廈(10層含以下有電梯),住家用,鋼筋混凝土構造,,163.8,3,2,2,有,無,7500000,48643,坡道平面,31.2,1050000,,RPOQMLMKOHKFFCD87CB
南區,房地(土地+建物)+車位,水交社段1~30地號,38.22,住,,,1030627,土地1建物1車位1,二層,7,華廈(10層含以下有電梯),住家用,鋼筋混凝土構造,,188.76,4,2,2,有,無,8450000,46649,坡道平面,31.2,1100000,,RPQOMLMLOHKFFCD97CB
南區,房地(土地+建物)+車位,水交社段1~30地號,38.22,住,,,1021209,土地1建物1車位1,三層,7,華廈(10層含以下有電梯),住家用,鋼筋混凝土構造,,188.76,4,2,2,有,無,8610000,47982,坡道平面,31.2,1050000,,RPROMLMLOHKFFCD08CB
南區,房地(土地+建物)+車位,水交社段1~30地號,38.22,住,,,1021220,土地1建物1車位1,四層,7,華廈(10層含以下有電梯),住家用,鋼筋混凝土構造,,188.76,4,2,2,有,無,8500000,47284,坡道平面,31.2,1050000,,RPSOMLMLOHKFFCD18CB
南區,房地(土地+建物)+車位,水交社段1~30地號,38.22,住,,,1030307,土地1建物1車位1,五層,7,華廈(10層含以下有電梯),住家用,鋼筋混凝土構造,,186.7,4,2,2,有,無,9000000,50774,坡道平面,29.14,1000000,,RPTOMLMLOHKFFCD28CB
南區,房地(土地+建物)+車位,水交社段1~30地號,38.22,住,,,1021217,土地1建物1車位1,六層,7,華廈(10層含以下有電梯),住家用,鋼筋混凝土構造,,188.76,4,2,2,有,無,8250000,47284,坡道平面,31.2,800000,,RPUOMLMLOHKFFCD38CB
南區,房地(土地+建物)+車位,水交社段1~30地號,39.0,住,,,1030423,土地1建物1車位2,七層,7,華廈(10層含以下有電梯),住家用,鋼筋混凝土構造,,219.96,4,2,2,有,無,10080000,50647,坡道平面,62.4,2100000,,RPXOMLMLOHKFFCD68CB
南區,房地(土地+建物)+車位,水交社段1~30地號,31.59,住,,,1030401,土地1建物1車位1,一層,7,華廈(10層含以下有電梯),住家用,鋼筋混凝土構造,,159.85,3,2,2,有,無,7700000,51302,坡道平面,31.2,1100000,,RPRNMLQLOHKFFCD38CB
南區,房地(土地+建物)+車位,水交社段1~30地號,31.98,住,,,1021211,土地1建物1車位1,二層,7,華廈(10層含以下有電梯),住家用,鋼筋混凝土構造,,162.91,3,2,2,有,無,7180000,46542,坡道平面,31.2,1050000,,RPSNMLQLOHKFFCD48CB
南區,房地(土地+建物)+車位,水交社段1~30地號,31.98,住,,,1030120,土地1建物1車位1,三層,7,華廈(10層含以下有電梯),住家用,鋼筋混凝土構造,,162.91,3,2,2,有,無,7400000,48212,坡道平面,31.2,1050000,,RPUNMLQLOHKFFCD68CB
南區,房地(土地+建物)+車位,水交社段1~30地號,31.98,住,,,1021209,土地1建物1車位1,四層,7,華廈(10層含以下有電梯),住家用,鋼筋混凝土構造,,162.91,3,2,2,有,無,7100000,45934,坡道平面,31.2,1050000,,RPVNMLQLOHKFFCD78CB
南區,房地(土地+建物)+車位,水交社段1~30地號,31.98,住,,,1030516,土地1建物1車位1,五層,7,華廈(10層含以下有電梯),住家用,鋼筋混凝土構造,,162.91,3,2,2,有,無,7880000,51097,坡道平面,31.2,1150000,,RPWNMLQLOHKFFCD88CB
南區,房地(土地+建物)+車位,水交社段1~30地號,31.98,住,,,1030509,土地1建物1車位1,六層,7,華廈(10層含以下有電梯),住家用,鋼筋混凝土構造,,162.91,3,2,2,有,無,7800000,50869,坡道平面,31.2,1100000,,RPXNMLQLOHKFFCD98CB
南區,房地(土地+建物)+車位,水交社段1~30地號,31.98,住,,,1030107,土地1建物1車位1,七層,7,華廈(10層含以下有電梯),住家用,鋼筋混凝土構造,,162.91,3,2,2,有,無,7400000,48212,坡道平面,31.2,1050000,,RPOOMLQLOHKFFCD18CB
南區,房地(土地+建物)+車位,水交社段1~30地號,29.64,住,,,1021227,土地1建物1車位1,二層,7,華廈(10層含以下有電梯),住家用,鋼筋混凝土構造,,152.5,3,2,2,有,無,6500000,44930,坡道平面,31.2,1050000,,RPPOMLQLOHKFFCD28CB
南區,房地(土地+建物)+車位,水交社段1~30地號,29.64,住,,,1030409,土地1建物1車位1,三層,7,華廈(10層含以下有電梯),住家用,鋼筋混凝土構造,,152.5,3,2,2,有,無,7200000,50701,坡道平面,31.2,1050000,,RPQOMLQLOHKFFCD38CB
南區,房地(土地+建物)+車位,水交社段1~30地號,29.64,住,,,1021209,土地1建物1車位1,四層,7,華廈(10層含以下有電梯),住家用,鋼筋混凝土構造,,152.51,3,2,2,有,無,6500000,44926,坡道平面,31.2,1050000,,RPROMLQLOHKFFCD48CB
南區,房地(土地+建物)+車位,水交社段1~30地號,29.64,住,,,1030811,土地1建物1車位1,五層,7,華廈(10層含以下有電梯),住家用,鋼筋混凝土構造,,152.51,3,2,2,有,無,7300000,51109,坡道平面,31.2,1100000,,RPSOMLQLOHKFFCD58CB
南區,房地(土地+建物)+車位,水交社段1~30地號,29.64,住,,,1030513,土地1建物1車位1,六層,7,華廈(10層含以下有電梯),住家用,鋼筋混凝土構造,,152.51,3,2,2,有,無,7400000,51933,坡道平面,31.2,1100000,,RPTOMLQLOHKFFCD68CB
南區,房地(土地+建物)+車位,水交社段1~30地號,29.64,住,,,1030127,土地1建物1車位1,七層,7,華廈(10層含以下有電梯),住家用,鋼筋混凝土構造,,152.51,3,2,2,有,無,6860000,47894,坡道平面,31.2,1050000,,RPUOMLQLOHKFFCD78CB
南區,房地(土地+建物)+車位,水交社段1~30地號,24.18,住,,,1030115,土地1建物1車位1,二層,7,華廈(10層含以下有電梯),住家用,鋼筋混凝土構造,,129.71,2,2,2,有,無,5680000,47000,坡道平面,31.2,1050000,,RPVOMLQLOHKFFCD88CB
南區,房地(土地+建物)+車位,水交社段1~30地號,24.18,住,,,1021216,土地1建物1車位1,三層,7,華廈(10層含以下有電梯),住家用,鋼筋混凝土構造,,129.71,2,2,2,有,無,5610000,46290,坡道平面,31.2,1050000,,RPWOMLQLOHKFFCD98CB
南區,房地(土地+建物)+車位,水交社段1~30地號,24.18,住,,,1030311,土地1建物1車位1,四層,7,華廈(10層含以下有電梯),住家用,鋼筋混凝土構造,,129.71,2,2,2,有,無,5800000,47711,坡道平面,31.2,1100000,,RPXOMLQLOHKFFCD09CB
南區,房地(土地+建物)+車位,水交社段1~30地號,24.18,住,,,1030403,土地1建物1車位1,五層,7,華廈(10層含以下有電梯),住家用,鋼筋混凝土構造,,129.71,2,2,2,有,無,6160000,51365,坡道平面,31.2,1100000,,RPOPMLQLOHKFFCD28CB
南區,房地(土地+建物)+車位,水交社段1~30地號,24.18,住,,,1030505,土地1建物1車位1,六層,7,華廈(10層含以下有電梯),住家用,鋼筋混凝土構造,,127.65,2,2,2,有,無,6050000,50756,坡道平面,29.14,1050000,,RPPPMLQLOHKFFCD38CB
南區,房地(土地+建物)+車位,水交社段1~30地號,24.18,住,,,1030207,土地1建物1車位1,七層,7,華廈(10層含以下有電梯),住家用,鋼筋混凝土構造,,127.65,2,2,2,有,無,5900000,49741,坡道平面,29.14,1000000,,RPRPMLQLOHKFFCD58CB
南區,房地(土地+建物)+車位,水交社段1~30地號,31.2,住,,,1030123,土地1建物1車位1,二層,7,華廈(10層含以下有電梯),住家用,鋼筋混凝土構造,,157.51,3,2,2,有,無,6850000,45919,坡道平面,31.2,1050000,,RPSPMLQLOHKFFCD68CB
南區,房地(土地+建物),水交社段1~30地號,30.42,住,,,1030211,土地1建物1車位0,三層,7,華廈(10層含以下有電梯),住家用,鋼筋混凝土構造,,126.31,3,2,2,有,無,6500000,51461,,0.0,0,,RPTPMLQLOHKFFCD78CB
南區,房地(土地+建物)+車位,水交社段1~30地號,31.2,住,,,1030212,土地1建物1車位1,四層,7,華廈(10層含以下有電梯),住家用,鋼筋混凝土構造,,157.51,3,2,2,有,無,6900000,46315,坡道平面,31.2,1050000,,RPUPMLQLOHKFFCD88CB
南區,房地(土地+建物)+車位,水交社段1~30地號,31.2,住,,,1030620,土地1建物1車位1,五層,7,華廈(10層含以下有電梯),住家用,鋼筋混凝土構造,,157.51,3,2,2,有,無,7340000,49006,坡道平面,31.2,1150000,,RPVPMLQLOHKFFCD98CB
南區,房地(土地+建物)+車位,水交社段1~30地號,31.2,住,,,1030527,土地1建物1車位1,六層,7,華廈(10層含以下有電梯),住家用,鋼筋混凝土構造,,157.51,3,2,2,有,無,7380000,49719,坡道平面,31.2,1100000,,RPWPMLQLOHKFFCD09CB
南區,房地(土地+建物)+車位,水交社段1~30地號,31.2,住,,,1030516,土地1建物1車位1,七層,7,華廈(10層含以下有電梯),住家用,鋼筋混凝土構造,,157.51,3,2,2,有,無,7400000,49877,坡道平面,31.2,1100000,,RPXPMLQLOHKFFCD56CB
南區,房地(土地+建物)+車位,水交社段1~30地號,31.59,住,,,1020227,土地1建物1車位1,二層,7,華廈(10層含以下有電梯),住家用,鋼筋混凝土構造,,162.26,3,2,2,有,無,7300000,47688,坡道平面,31.2,1050000,,RPPQMLQLOHKFFCD48CB
南區,房地(土地+建物)+車位,水交社段1~30地號,31.2,住,,,1020227,土地1建物1車位1,三層,7,華廈(10層含以下有電梯),住家用,鋼筋混凝土構造,,161.16,3,2,2,有,無,7300000,48092,坡道平面,31.2,1050000,,RPUQMLQLOHKFFCD98CB
南區,房地(土地+建物)+車位,水交社段1~30地號,31.2,住,,,1021206,土地1建物1車位1,四層,7,華廈(10層含以下有電梯),住家用,鋼筋混凝土構造,,159.1,3,2,2,有,無,7000000,46168,坡道平面,29.14,1000000,,RPWNMLTLOHKFFCD56CB
南區,房地(土地+建物)+車位,水交社段1~30地號,31.2,住,,,1030620,土地1建物1車位1,五層,7,華廈(10層含以下有電梯),住家用,鋼筋混凝土構造,,161.16,3,2,2,有,無,7560000,49323,坡道平面,31.2,1150000,,RPXNMLTLOHKFFCD66CB
南區,房地(土地+建物)+車位,水交社段1~30地號,31.2,住,,,1030623,土地1建物1車位1,六層,7,華廈(10層含以下有電梯),住家用,鋼筋混凝土構造,,159.1,3,2,2,有,無,7500000,49246,坡道平面,29.14,1100000,,RPOOMLTLOHKFFCD48CB
南區,房地(土地+建物)+車位,水交社段1~30地號,31.2,住,,,1030619,土地1建物1車位1,七層,7,華廈(10層含以下有電梯),住家用,鋼筋混凝土構造,,161.16,3,2,2,有,無,7450000,48861,坡道平面,31.2,1100000,,RPPOMLTLOHKFFCD58CB
南區,房地(土地+建物)+車位,水交社段1~30地號,31.2,住,,,1030502,土地1建物1車位1,三層,7,華廈(10層含以下有電梯),住家用,鋼筋混凝土構造,,158.51,3,2,2,有,無,7110000,47208,坡道平面,31.2,1100000,,RPQOMLTLOHKFFCD68CB
南區,房地(土地+建物)+車位,水交社段1~30地號,31.2,住,,,1021202,土地1建物1車位1,四層,7,華廈(10層含以下有電梯),住家用,鋼筋混凝土構造,,158.51,3,2,2,有,無,6810000,45244,坡道平面,31.2,1050000,,RPROMLTLOHKFFCD78CB
南區,房地(土地+建物)+車位,水交社段1~30地號,31.2,住,,,1030416,土地1建物1車位1,五層,7,華廈(10層含以下有電梯),住家用,鋼筋混凝土構造,,158.51,3,2,2,有,無,7820000,52785,坡道平面,31.2,1100000,,RPSOMLTLOHKFFCD88CB
南區,房地(土地+建物)+車位,水交社段1~30地號,31.2,住,,,1030718,土地1建物1車位1,六層,7,華廈(10層含以下有電梯),住家用,鋼筋混凝土構造,,158.51,3,2,2,有,無,7650000,51449,坡道平面,31.2,1100000,,RPTOMLTLOHKFFCD98CB
南區,房地(土地+建物)+車位,水交社段1~30地號,26.91,住,,,1030106,土地1建物1車位1,七層,7,華廈(10層含以下有電梯),住家用,鋼筋混凝土構造,,141.22,2,2,2,有,無,6140000,46264,坡道平面,31.2,1050000,,RPVOMLTLOHKFFCD56CB
南區,房地(土地+建物)+車位,水交社段1~30地號,50.7,住,,,1030704,土地1建物1車位1,三層,7,華廈(10層含以下有電梯),住家用,鋼筋混凝土構造,,204.8,4,2,3,有,無,11300000,58468,坡道平面,31.2,1150000,,RPWOMLTLOHKFFCD66CB
南區,房地(土地+建物)+車位,水交社段1~30地號,50.7,住,,,1030121,土地1建物1車位1,四層,7,華廈(10層含以下有電梯),住家用,鋼筋混凝土構造,,240.8,4,2,3,有,無,11530000,49761,坡道平面,31.2,1100000,,RPXOMLTLOHKFFCD76CB
南區,房地(土地+建物)+車位,水交社段1~30地號,50.7,住,,,1030701,土地1建物1車位1,五層,7,華廈(10層含以下有電梯),住家用,鋼筋混凝土構造,,240.8,4,2,3,有,無,11650000,50095,坡道平面,31.2,1150000,,RPOPMLTLOHKFFCD58CB
南區,房地(土地+建物)+車位,水交社段1~30地號,50.7,住,,,1030424,土地1建物1車位1,六層,7,華廈(10層含以下有電梯),住家用,鋼筋混凝土構造,,240.8,4,2,3,有,無,12370000,53769,坡道平面,31.2,1100000,,RPPPMLTLOHKFFCD68CB
南區,房地(土地+建物)+車位,水交社段1~30地號,51.09,住,,,1030423,土地1建物1車位2,七層,7,華廈(10層含以下有電梯),住家用,鋼筋混凝土構造,,271.27,4,2,3,有,無,13000000,51707,坡道平面,62.4,2200000,,RPQPMLTLOHKFFCD78CB
南區,房地(土地+建物),水交社段1~30地號,15.6,住,,,1031013,土地1建物1車位0,一層,7,華廈(10層含以下有電梯),住家用,鋼筋混凝土構造,,160.41,0,0,0,無,無,3040000,18951,,0.0,0,,RPRPMLTLOHKFFCD88CB
南區,房地(土地+建物)+車位,水交社段1~30地號,55.38,住,,,1030627,土地1建物1車位2,二層,7,華廈(10層含以下有電梯),住家用,鋼筋混凝土構造,,287.87,4,2,3,有,無,12850000,46791,坡道平面,62.4,2300000,,RPTPMLTLOHKFFCD09CB
南區,房地(土地+建物)+車位,水交社段1~30地號,54.6,住,,,1030423,土地1建物1車位1,三層,7,華廈(10層含以下有電梯),住家用,鋼筋混凝土構造,,256.67,4,2,3,有,無,12300000,49452,坡道平面,31.2,1150000,,RPUPMLTLOHKFFCD56CB
南區,房地(土地+建物)+車位,水交社段1~30地號,54.6,住,,,1021213,土地1建物1車位1,四層,7,華廈(10層含以下有電梯),住家用,鋼筋混凝土構造,,256.67,4,2,3,有,無,12180000,49142,坡道平面,31.2,1100000,,RPVPMLTLOHKFFCD66CB
南區,房地(土地+建物)+車位,水交社段1~30地號,54.6,住,,,1030718,土地1建物1車位1,五層,7,華廈(10層含以下有電梯),住家用,鋼筋混凝土構造,,256.67,4,2,3,有,無,11250000,44795,坡道平面,31.2,1150000,,RPWPMLTLOHKFFCD76CB
南區,房地(土地+建物)+車位,水交社段1~30地號,54.6,住,,,1030926,土地1建物1車位1,六層,7,華廈(10層含以下有電梯),住家用,鋼筋混凝土構造,,256.67,4,2,3,有,無,11880000,47811,坡道平面,31.2,1100000,,RPRNMLKMOHKFFCD87CB
南區,房地(土地+建物)+車位,水交社段1~30地號,54.21,住,,,1030910,土地1建物1車位1,七層,7,華廈(10層含以下有電梯),住家用,鋼筋混凝土構造,,254.65,4,2,3,有,無,11000000,44081,坡道平面,31.2,1150000,,RPSNMLKMOHKFFCD97CB
南區,房地(土地+建物),水交社段1~30地號,15.6,住,,,1031003,土地1建物1車位0,一層,7,華廈(10層含以下有電梯),住家用,鋼筋混凝土構造,,160.4,0,0,0,無,無,3040000,18953,,0.0,0,,RPTNMLKMOHKFFCD08CB
南區,房地(土地+建物)+車位,水交社段1~30地號,54.6,住,,,1031002,土地1建物1車位1,二層,7,華廈(10層含以下有電梯),住家用,鋼筋混凝土構造,,256.67,4,2,3,有,無,11600000,46348,坡道平面,31.2,1150000,,RPUNMLKMOHKFFCD18CB
南區,房地(土地+建物)+車位,水交社段1~30地號,54.6,住,,,1031013,土地1建物1車位1,三層,7,華廈(10層含以下有電梯),住家用,鋼筋混凝土構造,,256.67,4,2,3,有,無,11150000,44352,坡道平面,31.2,1150000,,RPWNMLKMOHKFFCD38CB
南區,房地(土地+建物)+車位,水交社段1~30地號,54.6,住,,,1030910,土地1建物1車位1,四層,7,華廈(10層含以下有電梯),住家用,鋼筋混凝土構造,,256.67,4,2,3,有,無,11500000,46126,坡道平面,31.2,1100000,,RPXNMLKMOHKFFCD48CB
南區,房地(土地+建物)+車位,水交社段1~30地號,54.6,住,,,1030826,土地1建物1車位1,五層,7,華廈(10層含以下有電梯),住家用,鋼筋混凝土構造,,256.67,4,2,3,有,無,11330000,45372,坡道平面,31.2,1100000,,RPOOMLKMOHKFFCD67CB
南區,房地(土地+建物)+車位,水交社段1~30地號,54.6,住,,,1030826,土地1建物1車位1,六層,7,華廈(10層含以下有電梯),住家用,鋼筋混凝土構造,,256.67,4,2,3,有,無,11000000,43908,坡道平面,31.2,1100000,,RPPOMLKMOHKFFCD77CB
南區,房地(土地+建物)+車位,水交社段1~30地號,54.99,住,,,1030327,土地1建物1車位2,七層,7,華廈(10層含以下有電梯),住家用,鋼筋混凝土構造,,285.85,4,2,3,有,無,13150000,49004,坡道平面,62.4,2200000,,RPQOMLKMOHKFFCD87CB
