﻿編號,屋齡,建物移轉面積平方公尺,主要用途,主要建材,建築完成日期,總層數,建物分層
The serial number,room age,building shifting area square meter,the main use,main building materials,construction completes the date,total layer,building lamination
RPUNMLPJNHKFFBJ88CC,11,219.41,住家用,鋼筋混凝土造,93年5月17日,二十一層,
RPUNMLPJNHKFFBJ88CC,11,48.76,共用部分,鋼筋混凝土造,93年5月17日,二十一層,
RPUNMLPJNHKFFBJ88CC,11,16.72,共用部分,鋼筋混凝土造,93年5月17日,二十一層,
RPSNMLPJNHKFFBJ68CC,9,20.55,商業用,鋼筋混凝土造,95年6月23日,八層,
RPSNMLPJNHKFFBJ68CC,9,9.35,共用部分,鋼筋混凝土造,95年6月23日,八層,
RPTNMLPJNHKFFBJ78CC,2,98.41,住家用,鋼筋混凝土造,101年12月12日,十三層,
RPTNMLPJNHKFFBJ78CC,2,24.76,見其他登記事項,鋼筋混凝土造,101年12月12日,十四層,
RPTNMLPJNHKFFBJ78CC,2,18.53,見其他登記事項,鋼筋混凝土造,101年12月12日,十四層,
RPTOMLPJNHKFFBJ88CC,12,124.74,住家用,鋼筋混凝土造,92年3月21日,十層,
RPTOMLPJNHKFFBJ88CC,12,18.53,共用部分,鋼筋混凝土造,92年3月21日,十層,
RPTOMLPJNHKFFBJ88CC,12,29.69,共用部分,鋼筋混凝土造,92年3月21日,十層,
RPUOMLPJNHKFFBJ98CC,4,100.96,住家用,鋼筋混凝土造,100年8月5日,十四層,
RPUOMLPJNHKFFBJ98CC,4,29.27,見其他登記事項,鋼筋混凝土造,100年8月5日,十四層,
RPUOMLPJNHKFFBJ98CC,4,10.73,見其他登記事項,鋼筋混凝土造,100年8月5日,十四層,
RPVOMLPJNHKFFBJ09CC,11,119.78,住家用,鋼筋混凝土造,93年7月5日,十三層,
RPVOMLPJNHKFFBJ09CC,11,12.33,共用部分,鋼筋混凝土造,93年7月5日,十三層,
RPVOMLPJNHKFFBJ09CC,11,19.82,共用部分,鋼筋混凝土造,93年7月5日,十三層,
RPOPMLPJNHKFFBJ48CC,4,91.27,住家用,鋼筋混凝土造,99年12月14日,十三層,
RPOPMLPJNHKFFBJ48CC,4,81.02,見其他登記事項,鋼筋混凝土造,99年12月14日,十五層,
RPOPMLPJNHKFFBJ48CC,4,18.66,見其他登記事項,鋼筋混凝土造,99年12月14日,十三層,
RPWOMLPJNHKFFBJ56CC,7,184.73,住家用,鋼筋混凝土造,97年8月25日,十三層,
RPWOMLPJNHKFFBJ56CC,7,83.67,共用部分,鋼筋混凝土造,97年8月25日,十三層,
RPWOMLPJNHKFFBJ56CC,7,28.39,共用部分,鋼筋混凝土造,97年8月25日,十三層,
RPVOMLQJNHKFFBJ56CC,1,146.40,見其他登記事項,鋼筋混凝土造,103年3月21日,二層,
RPVOMLQJNHKFFBJ56CC,1,70.22,見其他登記事項,鋼筋混凝土造,103年3月21日,二十四層,
RPWOMLQJNHKFFBJ66CC,10,151.61,住家用,鋼筋混凝土造,94年5月31日,十二層,
RPWOMLQJNHKFFBJ66CC,10,104.54,共用部分,鋼筋混凝土造,94年5月31日,十二層,
RPSOMLPJNHKFFBJ78CC,1,107.54,住家用,鋼筋混凝土造,103年7月25日,十四層,
RPSOMLPJNHKFFBJ78CC,1,94.36,見其他登記事項,鋼筋混凝土造,103年7月25日,十四層,
RPSOMLPJNHKFFBJ78CC,1,20.62,見其他登記事項,鋼筋混凝土造,103年7月25日,十四層,
RPROMLPJNHKFFBJ68CC,3,68.25,住家用,鋼筋混凝土造,101年5月31日,十三層,
RPROMLPJNHKFFBJ68CC,3,48.53,見其他登記事項,鋼筋混凝土造,101年5月31日,十四層,
RPROMLPJNHKFFBJ68CC,3,15.45,見其他登記事項,鋼筋混凝土造,101年5月31日,十三層,
RPOPMLQJNHKFFBJ58CC,9,91.47,住家用,鋼筋混凝土造,95年5月19日,十五層,
RPOPMLQJNHKFFBJ58CC,9,11.13,共用部分,鋼筋混凝土造,95年5月19日,十五層,
RPOPMLQJNHKFFBJ58CC,9,26.36,共用部分,鋼筋混凝土造,95年5月19日,十五層,
RPWNMLPJNHKFFBJ09CC,4,63.83,住家用,鋼筋混凝土造,100年7月7日,十五層,
RPWNMLPJNHKFFBJ09CC,4,42.25,見其他登記事項,鋼筋混凝土造,100年7月7日,十五層,
RPWNMLPJNHKFFBJ09CC,4,18.37,見其他登記事項,鋼筋混凝土造,100年7月7日,十五層,
RPVNMLPJNHKFFBJ98CC,3,119.17,住家用,鋼筋混凝土造,101年5月4日,十四層,
RPVNMLPJNHKFFBJ98CC,3,24.76,見其他登記事項,鋼筋混凝土造,101年5月4日,十四層,
RPVNMLPJNHKFFBJ98CC,3,60.70,見其他登記事項,鋼筋混凝土造,101年5月4日,十四層,
RPXPMLQJNHKFFBJ07EC,4,73.69,商業用,鋼筋混凝土造,100年10月18日,12,
RPXPMLQJNHKFFBJ07EC,4,15.13,見其他登記事項,鋼筋混凝土造,100年10月18日,十二層,
RPXPMLQJNHKFFBJ07EC,4,12.29,見其他登記事項,鋼筋混凝土造,100年10月18日,十二層,
RPUNMLNKNHKFFBJ78CC,15,240.00,農舍,見其他登記事項,89年7月19日,二層,
RPWNMLOKNHKFFBJ09CC,5,104.93,商業用,鋼筋混凝土造,99年1月18日,四層,
RPWNMLOKNHKFFBJ09CC,5,43.02,共有部份,鋼筋混凝土造,99年1月18日,四層,
RPWNMLOKNHKFFBJ09CC,5,10.13,共有部份,鋼筋混凝土造,99年1月18日,四層,
RPPPMLQJNHKFFBJ68CC,8,148.14,住家用,鋼筋混凝土造,96年5月28日,二十三層,
RPPPMLQJNHKFFBJ68CC,8,30.52,共用部分,鋼筋混凝土造,96年5月28日,二十三層,
RPPPMLQJNHKFFBJ68CC,8,19.26,共用部分,鋼筋混凝土造,96年5月28日,二十三層,
RPPOMLTKNHKFFBJ09DC,3,188.56,住商用,鋼筋混凝土造,101年3月28日,二十四層,
RPRPMLQJNHKFFBJ88CC,3,92.01,住家用,鋼筋混凝土造,101年5月31日,十三層,
RPRPMLQJNHKFFBJ88CC,3,55.42,見其他登記事項,鋼筋混凝土造,101年5月31日,十四層,
RPRPMLQJNHKFFBJ88CC,3,14.98,見其他登記事項,鋼筋混凝土造,101年5月31日,十三層,
RPSPMLQJNHKFFBJ98CC,10,22.19,商業用,鋼筋混凝土造,94年6月3日,十層,
RPSPMLQJNHKFFBJ98CC,10,6.27,共用部分,鋼筋混凝土造,94年6月3日,十層,
RPSPMLQJNHKFFBJ98CC,10,4.53,共用部分,鋼筋混凝土造,94年6月3日,十層,
RPTPMLQJNHKFFBJ09CC,3,167.89,住家用,鋼筋混凝土造,101年5月31日,十四層,
RPTPMLQJNHKFFBJ09CC,3,39.88,見其他登記事項,鋼筋混凝土造,101年5月31日,十四層,
RPTPMLQJNHKFFBJ09CC,3,97.31,見其他登記事項,鋼筋混凝土造,101年5月31日,十四層,
RPSNMLLLNHKFFDJ68CC,22,147.00,住家用,鋼筋混凝土造,82年8月13日,三層,
RPSOMLKLNHKFFDJ68CC,,124.58,住商用,加強磚造,,二層,
RPQOMLLLNHKFFBJ38CC,3,95.15,住家用,鋼筋混凝土造,101年7月6日,十三層,
RPQOMLLLNHKFFBJ38CC,3,17.69,見其他登記事項,鋼筋混凝土造,101年7月6日,十三層,
RPQOMLLLNHKFFBJ38CC,3,66.18,見其他登記事項,鋼筋混凝土造,101年7月6日,十三層,
RPROMLLLNHKFFBJ48CC,12,125.61,住家用,鋼筋混凝土造,92年7月11日,九層,
RPROMLLLNHKFFBJ48CC,12,104.36,共有部份,鋼筋混凝土造,92年7月11日,九層,
RPTOMLLLNHKFFBJ68CC,2,146.96,住家用,鋼筋混凝土造,102年11月7日,二十二層,
RPTOMLLLNHKFFBJ68CC,2,29.17,見其他登記事項,鋼筋混凝土造,102年11月6日,二十二層,
RPTOMLLLNHKFFBJ68CC,2,38.80,見其他登記事項,鋼筋混凝土造,102年11月6日,二十二層,
RPWOMLLLNHKFFBJ98CC,1,88.93,住家用,鋼筋混凝土造,103年10月9日,十八層,
RPWOMLLLNHKFFBJ98CC,1,104.72,見其他登記事項,鋼筋混凝土造,103年10月9日,十九層,
RPTNMLNLNHKFFBJ78CC,9,3.92,共有部份,鋼筋混凝土造,94年11月14日,十五層,
RPTNMLNLNHKFFBJ78CC,9,31.72,住家用,鋼筋混凝土造,94年11月14日,十五層,
RPTNMLNLNHKFFBJ78CC,9,6.70,共有部份,鋼筋混凝土造,94年11月14日,十五層,
RPOOMLMLNHKFFBJ28CC,1,92.28,見其他登記事項,鋼筋混凝土造,103年10月15日,十一層,
RPOOMLMLNHKFFBJ28CC,1,136.22,見其他登記事項,鋼筋混凝土造,103年10月15日,十一層,
RPPOMLMLNHKFFBJ38CC,11,96.36,住家用,鋼筋混凝土造,93年5月17日,二十一層,
RPPOMLMLNHKFFBJ38CC,11,21.42,共有部份,鋼筋混凝土造,93年5月17日,二十一層,
RPPOMLMLNHKFFBJ38CC,11,7.35,共有部份,鋼筋混凝土造,93年5月17日,二十一層,
RPWPMLLLNHKFFBJ09CC,7,27.37,商業用,鋼筋混凝土造,97年3月10日,十層,
RPWPMLLLNHKFFBJ09CC,7,36.13,共有部份,鋼筋混凝土造,97年3月10日,十層,
RPWNMLNLNHKFFBJ09CC,7,33.40,商業用,鋼筋混凝土造,97年9月15日,十六層,
RPWNMLNLNHKFFBJ09CC,7,4.82,共有部份,鋼筋混凝土造,97年9月15日,十六層,
RPWNMLNLNHKFFBJ09CC,7,2.04,共有部份,鋼筋混凝土造,97年9月15日,十六層,
RPWNMLNLNHKFFBJ09CC,7,10.07,共有部份,鋼筋混凝土造,97年9月15日,十六層,
RPXOMLLLNHKFFBJ09CC,6,153.04,住家用,鋼筋混凝土造,98年6月2日,十三層,
RPXOMLLLNHKFFBJ09CC,6,121.79,共有部份,鋼筋混凝土造,98年6月2日,十三層,
RPUNMLNLNHKFFBJ88CC,8,82.40,住家用,鋼筋混凝土造,96年7月20日,十層,
RPUNMLNLNHKFFBJ88CC,8,16.52,共有部份,鋼筋混凝土造,96年7月20日,十一層,
RPUNMLNLNHKFFBJ88CC,8,9.47,共有部份,鋼筋混凝土造,96年7月20日,十一層,
RPQPMLLLNHKFFBJ48CC,10,124.08,住家用,鋼筋混凝土造,94年10月4日,十五層,
RPQPMLLLNHKFFBJ48CC,10,47.31,共有部份,鋼筋混凝土造,94年10月4日,十五層,
RPQPMLLLNHKFFBJ48CC,10,16.28,共有部份,鋼筋混凝土造,94年10月4日,十五層,
RPUNMLSLNHKFFBJ76CC,3,125.02,商業用,鋼筋混凝土造,101年6月25日,十四層,
RPUNMLSLNHKFFBJ76CC,3,83.92,見其他登記事項,鋼筋混凝土造,101年6月25日,十四層,
RPVNMLNLNHKFFBJ98CC,10,116.24,住家用,鋼筋混凝土造,94年9月23日,十四層,
RPVNMLNLNHKFFBJ98CC,10,19.83,共有部份,鋼筋混凝土造,94年9月23日,十四層,
RPVNMLNLNHKFFBJ98CC,10,21.06,共有部份,鋼筋混凝土造,94年9月23日,十五層,
RPTQMLLLNHKFFBJ88CC,3,92.01,住家用,鋼筋混凝土造,101年5月31日,十三層,
RPTQMLLLNHKFFBJ88CC,3,55.42,見其他登記事項,鋼筋混凝土造,101年5月31日,十四層,
RPTQMLLLNHKFFBJ88CC,3,14.98,見其他登記事項,鋼筋混凝土造,101年5月31日,十三層,
RPSOMLSLNHKFFBJ66CC,7,161.72,商業用,鋼筋混凝土造,97年9月15日,十六層,
RPTNMLNJOHKFFBJ68CC,1,110.12,住商用,鋼筋混凝土造,102年11月7日,二十二層,
RPTNMLNJOHKFFBJ68CC,1,28.07,見其他登記事項,鋼筋混凝土造,102年11月6日,二十二層,
RPRNMLNJOHKFFBJ48CC,11,89.86,住家用,鋼筋混凝土造,93年10月18日,十四層,
RPRNMLNJOHKFFBJ48CC,11,20.79,共用部分,鋼筋混凝土造,93年10月18日,十四層,
RPRNMLNJOHKFFBJ48CC,11,12.09,共用部分,鋼筋混凝土造,93年10月18日,十四層,
RPVNMLNJOHKFFBJ88CC,2,163.53,住家用,鋼筋混凝土造,102年6月24日,十九層,
RPVNMLNJOHKFFBJ88CC,2,133.55,見其他登記事項,鋼筋混凝土造,102年6月24日,十九層,
RPQOMLNJOHKFFBJ48CC,7,48.14,住家用,鋼筋混凝土造,96年12月28日,九層,
RPQOMLNJOHKFFBJ48CC,7,48.80,共用部分,鋼筋混凝土造,96年12月28日,九層,
RPQOMLNJOHKFFBJ48CC,7,10.40,共用部分,鋼筋混凝土造,96年12月28日,九層,
RPWNMLNJOHKFFBJ98CC,7,182.34,住家用,鋼筋混凝土造,97年8月25日,十三層,
RPWNMLNJOHKFFBJ98CC,7,80.39,共用部分,鋼筋混凝土造,97年8月25日,十三層,
RPWNMLNJOHKFFBJ98CC,7,28.03,共用部分,鋼筋混凝土造,97年8月25日,十三層,
RPXNMLNJOHKFFBJ09CC,9,91.47,住家用,鋼筋混凝土造,95年5月19日,十五層,
RPXNMLNJOHKFFBJ09CC,9,11.61,共用部分,鋼筋混凝土造,95年5月19日,十五層,
RPXNMLNJOHKFFBJ09CC,9,24.34,共用部分,鋼筋混凝土造,95年5月19日,十五層,
RPOPMLNJOHKFFBJ38CC,4,71.14,住家用,鋼筋混凝土造,99年12月14日,十五層,
RPOPMLNJOHKFFBJ38CC,4,46.26,見其他登記事項,鋼筋混凝土造,99年12月14日,十五層,
RPOPMLNJOHKFFBJ38CC,4,19.32,見其他登記事項,鋼筋混凝土造,99年12月14日,十五層,
RPOOMLNJOHKFFBJ28CC,,74.46,住家用,鋼筋混凝土造,104年1月19日,十五層,
RPOOMLNJOHKFFBJ28CC,,54.12,見其他登記事項,鋼筋混凝土造,104年1月19日,十五層,
RPOOMLNJOHKFFBJ28CC,,13.42,見其他登記事項,鋼筋混凝土造,104年1月19日,十五層,
RPXOMLNJOHKFFBJ56CC,20,75.44,住家用,鋼筋混凝土造,84年4月20日,十九層,
RPXOMLNJOHKFFBJ56CC,20,17.59,共用部分,鋼筋混凝土造,84年4月20日,十九層,
RPXOMLNJOHKFFBJ56CC,20,1.73,共用部分,鋼筋混凝土造,84年4月20日,十九層,
RPXOMLNJOHKFFBJ56CC,20,6.86,共用部分,鋼筋混凝土造,84年4月20日,十九層,
RPPOMLNJOHKFFBJ38CC,3,95.46,住家用,鋼筋混凝土造,101年3月28日,二十四層,
RPPOMLNJOHKFFBJ38CC,3,17.43,見其他登記事項,鋼筋混凝土造,101年3月28日,二十四層,
RPPOMLNJOHKFFBJ38CC,3,23.94,見其他登記事項,鋼筋混凝土造,101年3月28日,二十四層,
RPSNMLNJOHKFFBJ58CC,3,134.53,住家用,鋼筋混凝土造,101年9月24日,二十五層,
RPSNMLNJOHKFFBJ58CC,3,103.38,見其他登記事項,鋼筋混凝土造,101年9月24日,二十五層,
RPSNMLNJOHKFFBJ58CC,3,29.55,見其他登記事項,鋼筋混凝土造,101年9月24日,二十五層,
RPTPMLNJOHKFFBJ88CC,10,92.18,住家用,鋼筋混凝土造,94年11月14日,十五層,
RPPPMLNJOHKFFBJ48CC,10,94.35,住家用,鋼筋混凝土造,94年11月14日,十五層,
RPTPMLNJOHKFFBJ88CC,10,43.92,共用部分,鋼筋混凝土造,94年11月14日,十五層,
RPPPMLNJOHKFFBJ48CC,10,44.13,共用部分,鋼筋混凝土造,94年11月14日,十五層,
RPTPMLNJOHKFFBJ88CC,10,19.40,共用部分,鋼筋混凝土造,94年11月14日,十五層,
RPPPMLNJOHKFFBJ48CC,10,19.98,共用部分,鋼筋混凝土造,94年11月14日,十五層,
RPOQMLNJOHKFFBJ48CC,11,89.39,住家用,鋼筋混凝土造,93年9月1日,十層,
RPOQMLNJOHKFFBJ48CC,11,13.78,共用部分,鋼筋混凝土造,93年9月1日,十層,
RPOQMLNJOHKFFBJ48CC,11,24.28,共用部分,鋼筋混凝土造,93年9月1日,十層,
RPXPMLNJOHKFFBJ66CC,7,33.84,商業用,鋼筋混凝土造,97年3月21日,十三層,
RPXPMLNJOHKFFBJ66CC,7,2.93,共用部分,鋼筋混凝土造,97年3月21日,十四層,
RPXPMLNJOHKFFBJ66CC,7,10.64,共用部分,鋼筋混凝土造,97年3月21日,十三層,
RPXQMLNJOHKFFBJ76CC,10,68.13,商業用,鋼筋混凝土造,94年7月21日,十層,
RPXQMLNJOHKFFBJ76CC,10,12.68,共用部分,鋼筋混凝土造,94年7月21日,十一層,
RPXQMLNJOHKFFBJ76CC,10,6.77,共用部分,鋼筋混凝土造,94年7月21日,十層,
RPWQMLNJOHKFFBJ66CC,7,28.27,商業用,鋼筋混凝土造,96年12月4日,十一層,
RPWQMLNJOHKFFBJ66CC,7,4.64,共用部分,鋼筋混凝土造,96年12月4日,十三層,
RPWQMLNJOHKFFBJ66CC,7,8.57,共用部分,鋼筋混凝土造,96年12月4日,十三層,
RPOPMLOJOHKFFBJ48CC,10,87.41,住家用,鋼筋混凝土造,94年10月4日,十五層,
RPOPMLOJOHKFFBJ48CC,10,37.52,共用部分,鋼筋混凝土造,94年10月4日,十五層,
RPOPMLOJOHKFFBJ48CC,10,13.43,共用部分,鋼筋混凝土造,94年10月4日,十五層,
RPWNMLOJOHKFFBJ09CC,8,96.13,住家用,鋼筋混凝土造,96年6月25日,十四層,
RPWNMLOJOHKFFBJ09CC,8,23.71,共用部分,鋼筋混凝土造,96年6月25日,十四層,
RPWNMLOJOHKFFBJ09CC,8,9.40,共用部分,鋼筋混凝土造,96年6月25日,十四層,
RPWOMLOJOHKFFBJ56CC,9,113.35,住商用,鋼筋混凝土造,95年3月16日,五層,
RPORMLNJOHKFFBJ58CC,7,94.06,住家用,鋼筋混凝土造,97年7月23日,十三層,
RPORMLNJOHKFFBJ58CC,7,52.52,共用部分,鋼筋混凝土造,97年7月23日,十五層,
RPORMLNJOHKFFBJ58CC,7,20.71,共用部分,鋼筋混凝土造,97年7月23日,十三層,
RPSPMLOJOHKFFBJ88CC,18,85.95,住家用,鋼筋混凝土造,86年11月4日,九層,
RPXNMLOJOHKFFBJ56CC,7,119.78,住家用,鋼筋混凝土造,96年12月7日,十四層,
RPSPMLOJOHKFFBJ88CC,18,10.13,共用部分,鋼筋混凝土造,86年11月4日,九層,
RPXNMLOJOHKFFBJ56CC,7,21.12,共用部分,鋼筋混凝土造,96年12月7日,十四層,
RPSPMLOJOHKFFBJ88CC,18,10.44,共用部分,鋼筋混凝土造,86年11月4日,九層,
RPXNMLOJOHKFFBJ56CC,7,29.93,共用部分,鋼筋混凝土造,96年12月7日,十四層,
RPUNMLOJOHKFFBJ88CC,4,64.71,住家用,鋼筋混凝土造,100年7月7日,十五層,
RPUNMLOJOHKFFBJ88CC,4,44.60,見其他登記事項,鋼筋混凝土造,100年7月7日,十五層,
RPUNMLOJOHKFFBJ88CC,4,14.61,見其他登記事項,鋼筋混凝土造,100年7月7日,十五層,
RPUPMLOJOHKFFBJ09CC,9,67.69,住家用,鋼筋混凝土造,95年5月24日,十層,
RPUPMLOJOHKFFBJ09CC,9,41.58,共用部分,鋼筋混凝土造,95年5月24日,十層,
RPUPMLOJOHKFFBJ09CC,9,12.58,共用部分,鋼筋混凝土造,95年5月24日,十層,
RPSOMLSJOHKFFBJ56CC,11,88.41,住家用,鋼筋混凝土造,93年7月5日,十三層,
RPSOMLSJOHKFFBJ56CC,11,12.37,共用部分,鋼筋混凝土造,93年7月5日,十三層,
RPSOMLSJOHKFFBJ56CC,11,14.47,共用部分,鋼筋混凝土造,93年7月5日,十三層,
RPWPMLOJOHKFFBJ66CC,11,24.36,住家用,鋼筋混凝土造,93年6月11日,十四層,
RPWPMLOJOHKFFBJ66CC,11,4.08,共用部分,鋼筋混凝土造,93年6月11日,十四層,
RPWPMLOJOHKFFBJ66CC,11,6.87,共用部分,鋼筋混凝土造,93年6月11日,十四層,
RPPQMLOJOHKFFBJ68CC,10,21.90,商業用,鋼筋混凝土造,93年12月22日,七層,
RPPQMLOJOHKFFBJ68CC,10,13.01,共用部分,鋼筋混凝土造,93年12月22日,七層,
RPQOMLSJOHKFFBJ98CC,13,24.99,商業用,鋼筋混凝土造,91年6月27日,十層,
RPQOMLSJOHKFFBJ98CC,13,12.84,共用部分,鋼筋混凝土造,91年6月27日,十一層,
RPPOMLSJOHKFFBJ88CC,4,115.69,住家用,鋼筋混凝土造,100年7月20日,十三層,
RPPOMLSJOHKFFBJ88CC,4,26.51,見其他登記事項,鋼筋混凝土造,100年7月20日,十三層,
RPPOMLSJOHKFFBJ88CC,4,17.64,見其他登記事項,鋼筋混凝土造,100年7月20日,十三層,
RPXNMLOJOHKFFCJ66CC,21,73.16,住家用,鋼筋混凝土造,82年12月24日,一層,
RPUOMLSJOHKFFBJ76CC,9,163.02,住家用,鋼筋混凝土造,94年12月13日,十二層,
RPUOMLSJOHKFFBJ76CC,9,112.69,共用部分,鋼筋混凝土造,94年12月13日,十二層,
RPROMLSJOHKFFBJ09CC,7,27.46,商業用,鋼筋混凝土造,97年11月28日,七層,
RPROMLSJOHKFFBJ09CC,7,14.88,共用部分,鋼筋混凝土造,97年11月28日,七層,
RPROMLSJOHKFFBJ09CC,7,4.25,共用部分,鋼筋混凝土造,97年11月28日,七層,
RPTOMLSJOHKFFBJ66CC,10,115.85,住家用,鋼筋混凝土造,94年1月31日,十四層,
RPTOMLSJOHKFFBJ66CC,10,16.03,共用部分,鋼筋混凝土造,94年1月31日,十四層,
RPTOMLSJOHKFFBJ66CC,10,17.91,共用部分,鋼筋混凝土造,94年1月31日,十四層,
RPVNMLMKOHKFFCJ98CC,2,163.61,見其他登記事項,鋼筋混凝土造,102年8月22日,十四層,
RPVNMLMKOHKFFCJ98CC,2,8.88,見其他登記事項,鋼筋混凝土造,102年8月22日,十四層,
RPVNMLMKOHKFFCJ98CC,2,45.60,共有部份,鋼筋混凝土造,102年8月22日,十四層,
RPVRMLPKOHKFFBJ96CC,5,218.86,商業用,鋼筋混凝土造,99年1月6日,二十層,
RPVRMLPKOHKFFBJ96CC,5,44.66,共有部份,鋼筋混凝土造,99年1月6日,二十層,
RPVRMLPKOHKFFBJ96CC,5,12.61,共有部份,鋼筋混凝土造,99年1月6日,二十層,
RPVRMLPKOHKFFBJ96CC,5,116.74,共有部份,鋼筋混凝土造,99年1月6日,二十三層,
RPSQMLTJOHKFFBJ86CC,7,44.49,商業用,鋼筋混凝土造,97年3月21日,十三層,
RPPRMLPKOHKFFBJ98CC,5,77.79,商業用,鋼筋混凝土造,99年2月8日,十八層,
RPPRMLPKOHKFFBJ98CC,5,81.50,共有部份,鋼筋混凝土造,99年2月8日,十八層,
RPSNMLMLOHKFFBJ78DC,23,191.00,住家用,鋼筋混凝土造,81年7月21日,三層,
RPWOMLQKOHKFFBJ86CC,8,339.56,商業用,鋼筋混凝土造,96年5月28日,二十三層,
RPWOMLQKOHKFFBJ86CC,8,36.93,共用部分,鋼筋混凝土造,96年5月28日,二十三層,
RPWOMLQKOHKFFBJ86CC,8,38.53,共用部分,鋼筋混凝土造,96年5月28日,二十三層,
RPWOMLQKOHKFFBJ86CC,8,342.22,商業用,鋼筋混凝土造,96年5月28日,二十三層,
RPWOMLQKOHKFFBJ86CC,8,21.36,共用部分,鋼筋混凝土造,96年5月28日,二十三層,
RPWOMLQKOHKFFBJ86CC,8,31.30,共用部分,鋼筋混凝土造,96年5月28日,二十三層,
RPSPMLSJOHKFFBJ66CC,2,276.95,住家用,鋼筋混凝土造,101年12月28日,二十六層,
RPSPMLSJOHKFFBJ66CC,2,70.78,見其他登記事項,鋼筋混凝土造,101年12月28日,二十六層,
RPUNMLOLOHKFFBJ09CC,5,49.07,商業用,鋼筋混凝土造,99年2月8日,十八層,
RPUNMLOLOHKFFBJ09CC,5,46.41,共用部分,鋼筋混凝土造,99年2月8日,十八層,
RPTNMLOLOHKFFBJ98CC,5,60.89,商業用,鋼筋混凝土造,99年2月8日,十八層,
RPTNMLOLOHKFFBJ98CC,5,53.11,共用部分,鋼筋混凝土造,99年2月8日,十八層,
RPWPMLTLOHKFFBJ47DC,3,87.51,商業用,鋼筋混凝土造,101年3月18日,十四層,
RPXNMLOLOHKFFBJ76CC,11,110.50,住家用,鋼筋混凝土造,93年5月24日,十四層,
RPXNMLOLOHKFFBJ76CC,11,12.03,共用部分,鋼筋混凝土造,93年5月24日,十四層,
RPXNMLOLOHKFFBJ76CC,11,43.63,共用部分,鋼筋混凝土造,93年5月24日,十四層,
RPVPMLTLOHKFFBJ37DC,3,89.03,商業用,鋼筋混凝土造,101年3月18日,十四層,
RPOPMLPLOHKFFBJ78CC,6,119.80,住商用,鋼筋混凝土造,98年1月23日,四層,
RPSOMLNJPHKFFBJ78CC,10,82.71,住家用,鋼筋混凝土造,94年11月7日,十四層,
RPSOMLNJPHKFFBJ78CC,10,14.90,共用部分,鋼筋混凝土造,94年11月7日,十四層,
RPSOMLNJPHKFFBJ78CC,10,13.35,共用部分,鋼筋混凝土造,94年11月7日,十四層,
RPPOMLKMOHKFFBJ38CC,37,139.13,住家用,加強磚造,67年6月20日,二層,
RPWOMLNJPHKFFBJ56CC,9,91.47,住家用,鋼筋混凝土造,95年5月19日,十五層,
RPWOMLNJPHKFFBJ56CC,9,11.25,共用部分,鋼筋混凝土造,95年5月19日,十五層,
RPWOMLNJPHKFFBJ56CC,9,24.34,共用部分,鋼筋混凝土造,95年5月19日,十五層,
RPUOMLNJPHKFFBJ98CC,21,53.86,住家用,鋼筋混凝土造,83年3月11日,六層,
RPUOMLNJPHKFFBJ98CC,21,10.58,共用部分,鋼筋混凝土造,83年3月11日,七層,
RPUOMLNJPHKFFBJ98CC,21,13.91,共用部分,鋼筋混凝土造,83年3月11日,六層,
RPTOMLNJPHKFFBJ88CC,4,93.26,住家用,鋼筋混凝土造,100年7月7日,十五層,
RPTOMLNJPHKFFBJ88CC,4,50.41,見其他登記事項,鋼筋混凝土造,100年7月7日,十五層,
RPTOMLNJPHKFFBJ88CC,4,22.90,見其他登記事項,鋼筋混凝土造,100年7月7日,十五層,
RPOPMLNJPHKFFBJ48CC,3,68.25,住家用,鋼筋混凝土造,101年5月31日,十三層,
RPOPMLNJPHKFFBJ48CC,3,48.70,見其他登記事項,鋼筋混凝土造,101年5月31日,十四層,
RPOPMLNJPHKFFBJ48CC,3,14.15,見其他登記事項,鋼筋混凝土造,101年5月31日,十三層,
RPXOMLNJPHKFFBJ66CC,10,84.82,住家用,鋼筋混凝土造,94年10月4日,十五層,
RPXOMLNJPHKFFBJ66CC,10,37.52,共用部分,鋼筋混凝土造,94年10月4日,十五層,
RPXOMLNJPHKFFBJ66CC,10,13.14,共用部分,鋼筋混凝土造,94年10月4日,十五層,
RPQPMLNJPHKFFBJ68CC,6,43.16,商業用,鋼筋混凝土造,98年1月21日,九層,
RPQPMLNJPHKFFBJ68CC,6,4.82,共用部分,鋼筋混凝土造,98年1月21日,十三層,
RPQPMLNJPHKFFBJ68CC,6,14.19,共用部分,鋼筋混凝土造,98年1月21日,九層,
RPRPMLNJPHKFFBJ78CC,10,113.42,住家用,鋼筋混凝土造,94年10月5日,十四層,
RPRPMLNJPHKFFBJ78CC,10,21.16,共用部分,鋼筋混凝土造,94年10月5日,二十一層,
RPRPMLNJPHKFFBJ78CC,10,13.22,共用部分,鋼筋混凝土造,94年10月5日,二十一層,
RPQOMLOLOHKFFBJ78CC,8,146.14,住家用,鋼筋混凝土造,96年12月7日,十四層,
RPQOMLOLOHKFFBJ78CC,8,24.52,共用部分,鋼筋混凝土造,96年12月7日,十四層,
RPQOMLOLOHKFFBJ78CC,8,36.44,共用部分,鋼筋混凝土造,96年12月7日,十四層,
RPPPMLNJPHKFFBJ58CC,11,123.96,住家用,鋼筋混凝土造,93年5月17日,二十一層,
RPSPMLNJPHKFFBJ88CC,8,148.22,住家用,鋼筋混凝土造,96年5月28日,二十三層,
RPPPMLNJPHKFFBJ58CC,11,27.53,共用部分,鋼筋混凝土造,93年5月17日,二十一層,
RPSPMLNJPHKFFBJ88CC,8,30.52,共用部分,鋼筋混凝土造,96年5月28日,二十三層,
RPPPMLNJPHKFFBJ58CC,11,9.37,共用部分,鋼筋混凝土造,93年5月17日,二十一層,
RPSPMLNJPHKFFBJ88CC,8,19.26,共用部分,鋼筋混凝土造,96年5月28日,二十三層,
RPXOMLPLOHKFFBJ96CC,1,133.40,住家用,鋼筋混凝土造,103年9月24日,二十三層,
RPXOMLPLOHKFFBJ96CC,1,10.90,見其他登記事項,鋼筋混凝土造,103年9月24日,二十三層,
RPXOMLPLOHKFFBJ96CC,1,86.46,見其他登記事項,鋼筋混凝土造,103年9月24日,二十三層,
RPPOMLOLOHKFFBJ68CC,3,123.84,住家用,鋼筋混凝土造,101年7月11日,十九層,
RPPOMLOLOHKFFBJ68CC,3,78.98,見其他登記事項,鋼筋混凝土造,101年7月11日,十九層,
RPPOMLOLOHKFFBJ68CC,3,25.95,見其他登記事項,鋼筋混凝土造,101年7月11日,十九層,
RPPOMLQJPHKFFBJ78CC,8,56.77,住家用,鋼筋混凝土造,96年7月20日,十一層,
RPPOMLQJPHKFFBJ78CC,8,17.78,共用部分,鋼筋混凝土造,96年7月20日,十一層,
RPPOMLQJPHKFFBJ78CC,8,6.49,共用部分,鋼筋混凝土造,96年7月20日,十一層,
RPQOMLQJPHKFFBJ88CC,7,39.51,住家用,鋼筋混凝土造,96年12月28日,九層,
RPQOMLQJPHKFFBJ88CC,7,47.16,共用部分,鋼筋混凝土造,96年12月28日,九層,
RPQOMLQJPHKFFBJ88CC,7,8.53,共用部分,鋼筋混凝土造,96年12月28日,九層,
RPXOMLQJPHKFFBJ96CC,7,171.53,住家用,鋼筋混凝土造,97年8月25日,十二層,
RPXOMLQJPHKFFBJ96CC,7,58.83,共用部分,鋼筋混凝土造,97年8月25日,十三層,
RPXOMLQJPHKFFBJ96CC,7,26.37,共用部分,鋼筋混凝土造,97年8月25日,十三層,
RPROMLQJPHKFFBJ98CC,1,118.54,住家用,鋼筋混凝土造,103年7月28日,二十四層,
RPROMLQJPHKFFBJ98CC,1,25.48,見其他登記事項,鋼筋混凝土造,103年7月28日,二十四層,
RPROMLQJPHKFFBJ98CC,1,25.50,見其他登記事項,鋼筋混凝土造,103年7月28日,二十四層,
RPRPMLQJPHKFFBJ09CC,4,86.51,住家用,鋼筋混凝土造,99年12月31日,十二層,
RPRPMLQJPHKFFBJ09CC,4,21.51,見其他登記事項,鋼筋混凝土造,99年12月31日,十二層,
RPRPMLQJPHKFFBJ09CC,4,54.76,見其他登記事項,鋼筋混凝土造,99年12月31日,十二層,
RPXNMLQJPHKFFBJ86CC,4,125.48,住家用,鋼筋混凝土造,100年1月5日,十四層,
RPXNMLQJPHKFFBJ86CC,4,29.34,見其他登記事項,鋼筋混凝土造,100年1月5日,十四層,
RPXNMLQJPHKFFBJ86CC,4,20.34,見其他登記事項,鋼筋混凝土造,100年1月5日,十四層,
RPUOMLQJPHKFFBJ66CC,11,90.15,住家用,鋼筋混凝土造,93年5月17日,二十一層,
RPUOMLQJPHKFFBJ66CC,11,20.02,共用部分,鋼筋混凝土造,93年5月17日,二十一層,
RPUOMLQJPHKFFBJ66CC,11,6.79,共用部分,鋼筋混凝土造,93年5月17日,二十一層,
RPVOMLQJPHKFFBJ76CC,10,70.08,商業用,鋼筋混凝土造,94年5月4日,七層,
RPVOMLQJPHKFFBJ76CC,10,13.13,共用部分,鋼筋混凝土造,94年5月4日,七層,
RPVOMLQJPHKFFBJ76CC,10,60.69,共用部分,鋼筋混凝土造,94年5月4日,七層,
RPTPMLQJPHKFFBJ66CC,7,43.99,商業用,鋼筋混凝土造,97年9月15日,十六層,
RPTPMLQJPHKFFBJ66CC,7,6.19,共用部分,鋼筋混凝土造,97年9月15日,十六層,
RPTPMLQJPHKFFBJ66CC,7,2.70,共用部分,鋼筋混凝土造,97年9月15日,十六層,
RPTPMLQJPHKFFBJ66CC,7,13.10,共用部分,鋼筋混凝土造,97年9月15日,十六層,
RPUPMLQJPHKFFBJ76CC,4,100.96,住家用,鋼筋混凝土造,100年8月5日,十四層,
RPUPMLQJPHKFFBJ76CC,4,29.27,見其他登記事項,鋼筋混凝土造,100年8月5日,十四層,
RPUPMLQJPHKFFBJ76CC,4,10.73,見其他登記事項,鋼筋混凝土造,100年8月5日,十四層,
RPSOMLQJPHKFFBJ09CC,3,76.98,住家用,鋼筋混凝土造,101年5月31日,十三層,
RPSOMLQJPHKFFBJ09CC,3,51.16,見其他登記事項,鋼筋混凝土造,101年5月31日,十四層,
RPSOMLQJPHKFFBJ09CC,3,15.23,見其他登記事項,鋼筋混凝土造,101年5月31日,十三層,
RPUOMLRJPHKFFBJ76CC,4,96.21,住家用,鋼筋混凝土造,100年12月2日,十四層,
RPUOMLRJPHKFFBJ76CC,4,18.22,見其他登記事項,鋼筋混凝土造,100年12月2日,十四層,
RPUOMLRJPHKFFBJ76CC,4,44.33,見其他登記事項,鋼筋混凝土造,100年12月2日,十四層,
RPPOMLRJPHKFFBJ88CC,4,280.50,住家用,鋼筋混凝土造,100年3月29日,五層,
RPTOMLRJPHKFFBJ66CC,10,22.19,商業用,鋼筋混凝土造,94年6月3日,十層,
RPTOMLRJPHKFFBJ66CC,10,6.27,共用部分,鋼筋混凝土造,94年6月3日,十層,
RPTOMLRJPHKFFBJ66CC,10,4.53,共用部分,鋼筋混凝土造,94年6月3日,十層,
RPPNMLQJPHKFFCJ88DC,1,220.76,見其他登記事項,鋼筋混凝土造,103年1月9日,三層,
RPWOMLRJPHKFFBJ96CC,10,104.92,住家用,鋼筋混凝土造,94年10月4日,十五層,
RPWOMLRJPHKFFBJ96CC,10,40.78,共用部分,鋼筋混凝土造,94年10月4日,十五層,
RPWOMLRJPHKFFBJ96CC,10,17.32,共用部分,鋼筋混凝土造,94年10月4日,十五層,
RPSOMLRJPHKFFBJ56CC,11,96.94,住家用,鋼筋混凝土造,93年5月17日,二十一層,
RPSOMLRJPHKFFBJ56CC,11,21.53,共用部分,鋼筋混凝土造,93年5月17日,二十一層,
RPSOMLRJPHKFFBJ56CC,11,7.35,共用部分,鋼筋混凝土造,93年5月17日,二十一層,
RPVOMLRJPHKFFBJ86CC,10,121.38,住家用,鋼筋混凝土造,94年9月23日,十五層,
RPVOMLRJPHKFFBJ86CC,10,17.73,共用部分,鋼筋混凝土造,94年9月23日,十五層,
RPVOMLRJPHKFFBJ86CC,10,22.97,共用部分,鋼筋混凝土造,94年9月23日,十五層,
RPQOMLRJPHKFFBJ98CC,11,96.94,住家用,鋼筋混凝土造,93年5月17日,二十一層,
RPQOMLRJPHKFFBJ98CC,11,21.53,共用部分,鋼筋混凝土造,93年5月17日,二十一層,
RPQOMLRJPHKFFBJ98CC,11,7.35,共用部分,鋼筋混凝土造,93年5月17日,二十一層,
RPXOMLRJPHKFFBJ07CC,7,83.68,住家用,鋼筋混凝土造,97年6月27日,十四層,
RPXOMLRJPHKFFBJ07CC,7,19.49,共用部分,鋼筋混凝土造,97年6月27日,十四層,
RPXOMLRJPHKFFBJ07CC,7,16.92,共用部分,鋼筋混凝土造,97年6月27日,14,
RPOPMLRJPHKFFBJ88CC,5,71.14,住家用,鋼筋混凝土造,99年12月14日,十五層,
RPOPMLRJPHKFFBJ88CC,5,43.64,見其他登記事項,鋼筋混凝土造,99年12月14日,十五層,
RPOPMLRJPHKFFBJ88CC,5,17.09,見其他登記事項,鋼筋混凝土造,99年12月14日,十五層,
RPTNMLTJPHKFFBJ76CC,10,.01,見其他登記事項,鋼筋混凝土造,94年3月31日,十層,
RPTNMLTJPHKFFBJ76CC,10,58.60,商業用,鋼筋混凝土造,94年3月31日,十一層,
RPTNMLTJPHKFFBJ76CC,10,9.02,共用部分,鋼筋混凝土造,94年3月31日,十層,
RPTNMLTJPHKFFBJ76CC,10,7.09,共用部分,鋼筋混凝土造,94年3月31日,十層,
RPQPMLNKPHKFFBJ78CC,7,46.27,商業用,鋼筋混凝土造,97年8月25日,十四層,
RPTOMLNKPHKFFBJ98CC,6,20.06,商業用,鋼筋混凝土造,98年2月25日,十一層,
RPTOMLNKPHKFFBJ98CC,6,10.27,共用部分,鋼筋混凝土造,98年2月25日,十一層,
RPRQMLPKPHKFFBJ56CC,5,156.71,商業用,鋼筋混凝土造,99年2月8日,十八層,
RPRQMLPKPHKFFBJ56CC,5,86.60,共用部分,鋼筋混凝土造,99年2月8日,十八層,
RPPQMLKLPHKFFBJ58CC,11,96.96,住家用,鋼筋混凝土造,93年2月18日,四層,
RPWOMLMLPHKFFBJ66CC,4,116.73,商業用,鋼筋混凝土造,100年3月22日,十四層,
RPWOMLMLPHKFFBJ66CC,4,56.63,見其他登記事項,鋼筋混凝土造,100年3月22日,十四層,
RPSPMLRJPHKFFBJ66CC,7,27.31,商業用,鋼筋混凝土造,97年11月28日,七層,
RPSPMLRJPHKFFBJ66CC,7,14.85,共用部分,鋼筋混凝土造,97年11月28日,七層,
RPSPMLRJPHKFFBJ66CC,7,4.25,共用部分,鋼筋混凝土造,97年11月28日,七層,
RPRPMLRJPHKFFBJ56CC,10,76.52,住家用,鋼筋混凝土造,94年9月23日,十五層,
RPRPMLRJPHKFFBJ56CC,10,10.13,共用部分,鋼筋混凝土造,94年9月23日,十五層,
RPRPMLRJPHKFFBJ56CC,10,15.32,共用部分,鋼筋混凝土造,94年9月23日,十五層,
RPUPMLRJPHKFFBJ86CC,9,122.38,住家用,鋼筋混凝土造,95年5月19日,十五層,
RPUPMLRJPHKFFBJ86CC,9,17.78,共用部分,鋼筋混凝土造,95年5月19日,十五層,
RPUPMLRJPHKFFBJ86CC,9,32.45,共用部分,鋼筋混凝土造,95年5月19日,十五層,
RPTPMLRJPHKFFBJ76CC,8,40.00,住家用,鋼筋混凝土造,96年12月28日,九層,
RPTPMLRJPHKFFBJ76CC,8,47.16,共用部分,鋼筋混凝土造,96年12月28日,九層,
RPTPMLRJPHKFFBJ76CC,8,8.53,共用部分,鋼筋混凝土造,96年12月28日,九層,
RPPPMLRJPHKFFBJ98CC,5,28.28,商業用,鋼筋混凝土造,99年2月8日,十八層,
RPPPMLRJPHKFFBJ98CC,5,15.94,共用部分,鋼筋混凝土造,99年2月8日,十八層,
RPVOMLOLPHKFFBJ76CC,10,104.92,住家用,鋼筋混凝土造,94年10月4日,十五層,
RPVOMLOLPHKFFBJ76CC,10,42.41,共用部分,鋼筋混凝土造,94年10月4日,十五層,
RPVOMLOLPHKFFBJ76CC,10,17.31,共用部分,鋼筋混凝土造,94年10月4日,十五層,
RPUOMLOLPHKFFBJ66CC,9,94.02,住家用,鋼筋混凝土造,95年5月19日,十五層,
RPUOMLOLPHKFFBJ66CC,9,12.38,共用部分,鋼筋混凝土造,95年5月19日,十五層,
RPUOMLOLPHKFFBJ66CC,9,26.36,共用部分,鋼筋混凝土造,95年5月19日,十五層,
RPTOMLOLPHKFFBJ56CC,7,27.31,商業用,鋼筋混凝土造,97年11月28日,七層,
RPTOMLOLPHKFFBJ56CC,7,14.84,共用部分,鋼筋混凝土造,97年11月28日,七層,
RPTOMLOLPHKFFBJ56CC,7,4.24,共用部分,鋼筋混凝土造,97年11月28日,七層,
RPVPMLOLPHKFFBJ86CC,8,30.11,商業用,鋼筋混凝土造,96年12月4日,十一層,
RPVPMLOLPHKFFBJ86CC,8,4.97,共用部分,鋼筋混凝土造,96年12月4日,十三層,
RPVPMLOLPHKFFBJ86CC,8,9.12,共用部分,鋼筋混凝土造,96年12月4日,十三層,
RPOQMLOLPHKFFBJ88CC,4,95.47,住家用,鋼筋混凝土造,100年12月22日,十三層,
RPOQMLOLPHKFFBJ88CC,4,18.53,見其他登記事項,鋼筋混凝土造,100年12月22日,十三層,
RPOQMLOLPHKFFBJ88CC,4,61.24,見其他登記事項,鋼筋混凝土造,100年12月22日,十三層,
RPPQMLOLPHKFFBJ98CC,3,150.15,住家用,鋼筋混凝土造,101年10月25日,十三層,
RPPQMLOLPHKFFBJ98CC,3,23.88,見其他登記事項,鋼筋混凝土造,101年10月25日,十三層,
RPPQMLOLPHKFFBJ98CC,3,84.37,見其他登記事項,鋼筋混凝土造,101年10月25日,十三層,
RPQOMLNLPHKFFBJ88DC,1,139.93,住商用,鋼筋混凝土造,103年9月24日,二層,
RPQOMLNLPHKFFBJ88DC,1,34.59,見其他登記事項,鋼筋混凝土造,103年9月24日,二十三層,
RPQOMLNLPHKFFBJ88DC,1,139.93,住商用,鋼筋混凝土造,103年9月24日,二層,
RPQOMLNLPHKFFBJ88DC,1,34.68,見其他登記事項,鋼筋混凝土造,103年9月24日,二十三層,
RPOPMLOLPHKFFBJ78CC,5,90.41,住家用,鋼筋混凝土造,99年12月14日,十三層,
RPOPMLOLPHKFFBJ78CC,5,81.80,見其他登記事項,鋼筋混凝土造,99年12月14日,十五層,
RPOPMLOLPHKFFBJ78CC,5,13.58,見其他登記事項,鋼筋混凝土造,99年12月14日,十三層,
RPQPMLOLPHKFFBJ98CC,10,101.80,住家用,鋼筋混凝土造,94年10月4日,十五層,
RPQPMLOLPHKFFBJ98CC,10,42.41,共用部分,鋼筋混凝土造,94年10月4日,十五層,
RPQPMLOLPHKFFBJ98CC,10,17.95,共用部分,鋼筋混凝土造,94年10月4日,十五層,
RPWPMLOLPHKFFBJ96CC,13,112.44,住家用,鋼筋混凝土造,91年12月13日,十二層,
RPWPMLOLPHKFFBJ96CC,13,60.04,共用部分,鋼筋混凝土造,91年12月13日,十二層,
RPUQMLOLPHKFFBJ86CC,6,33.10,商業用,鋼筋混凝土造,98年2月25日,十一層,
RPUQMLOLPHKFFBJ86CC,6,13.76,共用部分,鋼筋混凝土造,98年2月25日,十一層,
RPRRMLOLPHKFFBJ66CC,7,30.64,商業用,鋼筋混凝土造,97年3月21日,十三層,
RPRRMLOLPHKFFBJ66CC,7,2.76,共用部分,鋼筋混凝土造,97年3月21日,十四層,
RPRRMLOLPHKFFBJ66CC,7,10.87,共用部分,鋼筋混凝土造,97年3月21日,十三層,
RPXQMLOLPHKFFBJ17CC,11,122.91,住家用,鋼筋混凝土造,93年8月16日,十四層,
RPXQMLOLPHKFFBJ17CC,11,22.87,共用部分,鋼筋混凝土造,93年8月16日,十四層,
RPXQMLOLPHKFFBJ17CC,11,18.53,共用部分,鋼筋混凝土造,93年8月16日,十四層,
RPPRMLOLPHKFFBJ09CC,7,34.84,商業用,鋼筋混凝土造,97年9月15日,十六層,
RPPRMLOLPHKFFBJ09CC,7,4.99,共用部分,鋼筋混凝土造,97年9月15日,十六層,
RPPRMLOLPHKFFBJ09CC,7,2.13,共用部分,鋼筋混凝土造,97年9月15日,十六層,
RPPRMLOLPHKFFBJ09CC,7,11.08,共用部分,鋼筋混凝土造,97年9月15日,十六層,
RPSQMLOLPHKFFBJ66CC,6,21.80,商業用,鋼筋混凝土造,98年2月25日,十一層,
RPSQMLOLPHKFFBJ66CC,6,11.54,共用部分,鋼筋混凝土造,98年2月25日,十一層,
RPQQMLOLPHKFFBJ09CC,8,39.51,住家用,鋼筋混凝土造,96年12月28日,九層,
RPQQMLOLPHKFFBJ09CC,8,47.16,共用部分,鋼筋混凝土造,96年12月28日,九層,
RPQQMLOLPHKFFBJ09CC,8,8.53,共用部分,鋼筋混凝土造,96年12月28日,九層,
RPSRMLOLPHKFFBJ76CC,1,91.59,住家用,鋼筋混凝土造,103年10月9日,十八層,
RPSRMLOLPHKFFBJ76CC,1,74.55,見其他登記事項,鋼筋混凝土造,103年10月9日,十九層,
RPWQMLOLPHKFFBJ07CC,10,30.40,住家用,鋼筋混凝土造,94年11月14日,十五層,
RPWQMLOLPHKFFBJ07CC,10,36.46,共用部分,鋼筋混凝土造,94年11月14日,十五層,
RPWQMLOLPHKFFBJ07CC,10,6.42,共用部分,鋼筋混凝土造,94年11月14日,十五層,
RPQRMLOLPHKFFBJ56CC,7,31.01,商業用,鋼筋混凝土造,97年3月21日,十三層,
RPQRMLOLPHKFFBJ56CC,7,2.93,共用部分,鋼筋混凝土造,97年3月21日,十四層,
RPQRMLOLPHKFFBJ56CC,7,10.92,共用部分,鋼筋混凝土造,97年3月21日,十三層,
RPOOMLRLPHKFFBJ98CC,7,33.40,商業用,鋼筋混凝土造,97年9月15日,十六層,
RPOOMLRLPHKFFBJ98CC,7,4.82,共用部分,鋼筋混凝土造,97年9月15日,十六層,
RPOOMLRLPHKFFBJ98CC,7,2.04,共用部分,鋼筋混凝土造,97年9月15日,十六層,
RPXNMLRLPHKFFBJ17CC,1,92.28,見其他登記事項,鋼筋混凝土造,103年10月15日,十一層,
RPXNMLRLPHKFFBJ17CC,1,136.22,見其他登記事項,鋼筋混凝土造,103年10月15日,十一層,
RPTRMLOLPHKFFBJ86CC,5,91.27,住家用,鋼筋混凝土造,99年12月14日,十三層,
RPTRMLOLPHKFFBJ86CC,5,49.13,見其他登記事項,鋼筋混凝土造,99年12月14日,十五層,
RPTRMLOLPHKFFBJ86CC,5,18.66,見其他登記事項,鋼筋混凝土造,99年12月14日,十三層,
RPPOMLRLPHKFFBJ09CC,9,130.26,住家用,鋼筋混凝土造,95年9月7日,十二層,
RPPOMLRLPHKFFBJ09CC,9,23.53,共用部分,鋼筋混凝土造,95年9月7日,十二層,
RPPOMLRLPHKFFBJ09CC,9,17.49,共用部分,鋼筋混凝土造,95年9月7日,十二層,
RPROMLTLPHKFFBJ86CC,7,28.02,商業用,鋼筋混凝土造,97年6月6日,十層,
RPROMLTLPHKFFBJ86CC,7,11.14,共用部分,鋼筋混凝土造,97年6月6日,十層,
RPROMLTLPHKFFBJ86CC,7,5.87,共用部分,鋼筋混凝土造,97年6月6日,十層,
RPUOMLTLPHKFFBJ17CC,10,95.95,住家用,鋼筋混凝土造,94年9月23日,十四層,
RPUOMLTLPHKFFBJ17CC,10,12.22,共用部分,鋼筋混凝土造,94年9月23日,十四層,
RPUOMLTLPHKFFBJ17CC,10,19.14,共用部分,鋼筋混凝土造,94年9月23日,十五層,
RPQOMLRLPHKFFBJ56CC,9,75.28,住家用,鋼筋混凝土造,95年5月19日,十五層,
RPQOMLRLPHKFFBJ56CC,9,9.94,共用部分,鋼筋混凝土造,95年5月19日,十五層,
RPQOMLRLPHKFFBJ56CC,9,20.28,共用部分,鋼筋混凝土造,95年5月19日,十五層,
RPSOMLTLPHKFFBJ96CC,8,88.70,住家用,鋼筋混凝土造,96年6月15日,十二層,
RPSOMLTLPHKFFBJ96CC,8,12.10,共用部分,鋼筋混凝土造,96年6月15日,十二層,
RPSOMLTLPHKFFBJ96CC,8,82.65,共用部分,鋼筋混凝土造,96年6月15日,十二層,
RPQOMLSLPHKFFBJ66CC,11,77.62,住家用,鋼筋混凝土造,93年8月6日,五層,
RPQOMLSLPHKFFBJ66CC,11,26.45,共用部分,鋼筋混凝土造,93年8月6日,五層,
RPTOMLTLPHKFFBJ07CC,1,132.40,住家用,鋼筋混凝土造,103年7月28日,二十四層,
RPTOMLTLPHKFFBJ07CC,1,28.50,見其他登記事項,鋼筋混凝土造,103年7月28日,二十四層,
RPTOMLTLPHKFFBJ07CC,1,29.32,見其他登記事項,鋼筋混凝土造,103年7月28日,二十四層,
RPOOMLSLPHKFFBJ09CC,11,779.01,商業用,見其他登記事項,93年3月3日,二層,
RPTOMLTLPHKFFBJ07CC,1,7.00,見其他登記事項,鋼筋混凝土造,103年7月28日,二十四層,
RPTPMLKMPHKFFBJ98CC,9,25.25,商業用,鋼筋混凝土造,95年9月8日,十層,
RPTPMLKMPHKFFBJ98CC,9,16.33,共用部分,鋼筋混凝土造,95年9月8日,十層,
RPQOMLKMPHKFFBJ58CC,7,152.14,商業用,鋼筋混凝土造,97年3月21日,十四層,
RPQOMLKMPHKFFBJ58CC,7,15.64,共用部分,鋼筋混凝土造,97年3月21日,十四層,
RPQOMLKMPHKFFBJ58CC,7,33.30,共用部分,鋼筋混凝土造,97年3月21日,十四層,
RPSPMLLMPHKFFBJ98CC,10,23.66,住家用,鋼筋混凝土造,94年2月18日,三層,
