﻿編號,屋齡,建物移轉面積平方公尺,主要用途,主要建材,建築完成日期,總層數,建物分層
The serial number,room age,building shifting area square meter,the main use,main building materials,construction completes the date,total layer,building lamination
RPXNMLLJNHKFFAM78CA,34,92.23,住家用,鋼筋混凝土加強磚造,69年12月31日,二層,一層 二層 騎樓
RPPNMLQJNHKFFBM58CA,21,87.35,住家用,鋼筋混凝土造,83年3月16日,九層,九層
RPPNMLQJNHKFFBM58CA,21,14.68,見其他登記事項,鋼筋混凝土造,83年3月16日,九層,
RPPNMLQJNHKFFBM58CA,21,9.65,見其他登記事項,鋼筋混凝土造,83年3月16日,九層,
RPXNMLOJNHKFFCM66CA,22,167.40,住家用,鋼筋混凝土造,82年4月29日,三層,一層 二層 三層
RPRNMLMKNHKFFBM48CA,21,166.80,見其他登記事項,鋼筋混凝土造,83年6月27日,四層,一層 二層 三層 四層 地下層
RPRNMLMKNHKFFBM48CA,21,17.08,見其他登記事項,鋼筋混凝土造,83年6月27日,地下層,
RPQNMLRJNHKFFCM88CA,,530.39,見其他登記事項,鋼筋混凝土造,104年2月9日,四層,一層 二層 三層 四層
RPXNMLTKNHKFFCM27CA,,272.65,住家用,鋼筋混凝土造,103年9月15日,四層,一層 二層 三層 四層 屋頂突出物
RPPNMLLLNHKFFDM48CA,34,119.38,住商用,鋼筋混凝土加強磚造,70年2月18日,二層,一層 二層 騎樓
RPRNMLOKNHKFFEM98CA,,83.08,住家用,鋼筋混凝土加強磚造,,二層,一層 二層
RPWNMLRJNHKFFCM96DA,34,101.03,住家用,鋼筋混凝土加強磚造,70年1月8日,二層,一層 二層
RPWNMLRJNHKFFCM96DA,34,101.03,住家用,鋼筋混凝土加強磚造,70年1月8日,二層,一層 二層
RPRNMLOJNHKFFEM88CA,20,169.54,住家用,鋼筋混凝土造,84年9月29日,四層,四層 屋頂突出物 一層 二層 三層
RPPNMLSLNHKFFDM56CA,22,157.99,住家用,鋼筋混凝土造,82年7月15日,三層,一層 二層 三層
RPTNMLSJNHKFFDM76CA,,68.64,住家用,見其他登記事項,,一層,一層
RPQNMLPJNHKFFDM78CA,35,103.20,住家用,鋼筋混凝土加強磚造,69年3月1日,二層,一層 二層 騎樓
RPVNMLMJOHKFFCM98CA,35,116.40,住商用,加強磚造,69年3月1日,二層,一層 二層 騎樓
RPOPMLRJNHKFFCM88CA,10,108.38,見其他登記事項,鋼筋混凝土造,93年11月16日,九層,九層
RPOPMLRJNHKFFCM88CA,10,40.39,見其他登記事項,鋼筋混凝土造,93年11月16日,九層,
RPSNMLLKNHKFFBM48CA,23,99.59,住家用,鋼筋混凝土造,81年10月3日,二層,一層 二層 騎樓 電梯樓梯間
RPSNMLPJNHKFFAM68CA,21,198.22,住家用,鋼筋混凝土造,82年11月10日,三層,一層 二層 三層 屋頂突出物 地下層
RPPNMLQJNHKFFAM48CA,34,102.76,住商用,鋼筋混凝土加強磚造,69年12月1日,二層,一層 二層 騎樓
RPPPMLQJNHKFFAM68CA,12,197.81,住家用,鋼筋混凝土造,92年3月3日,四層,一層 二層 三層 四層
RPWNMLMKNHKFFAM88CA,33,93.12,住商用,鋼筋混凝土加強磚造,71年8月30日,三層,一層 二層 三層
RPPNMLKKNHKFFAM97CA,,177.96,見其他登記事項,鋼筋混凝土造,103年12月19日,三層,一層 二層 三層 屋頂突出物
RPQNMLRJNHKFFBM78CA,22,278.63,見其他登記事項,鋼筋混凝土造,82年6月18日,七層,一層 地下層
RPQNMLRJNHKFFBM78CA,22,54.99,見其他登記事項,鋼筋混凝土造,82年6月18日,七層,
RPOOMLMKNHKFFCM38CA,34,132.40,住商用,加強磚造,70年7月3日,二層,一層 二層 騎樓
RPXNMLPLNHKFFBM86CA,1,200.54,見其他登記事項,鋼筋混凝土造,103年8月27日,四層,一層 二層 三層 四層
RPQNMLLKNHKFFBM28CA,19,174.26,住家用,鋼筋混凝土造,85年8月26日,三層,一層 二層 三層 屋頂突出物 騎樓
RPQNMLLKNHKFFDM48CA,2,180.82,住家用,鋼筋混凝土造,102年5月7日,三層,一層 二層 三層
RPPNMLLKNHKFFDM38CA,2,155.56,住家用,鋼筋混凝土造,102年5月7日,三層,一層 二層 三層
RPRNMLRJNHKFFDM09CA,15,107.01,住家用,鋼筋混凝土造,89年8月4日,五層,二層
RPRNMLRJNHKFFDM09CA,15,12.96,見其他登記事項,鋼筋混凝土造,89年8月4日,五層,
RPTNMLNJOHKFFDM98CA,,198.70,見其他登記事項,鋼筋混凝土造,104年2月11日,三層,一層 二層 三層 屋頂突出物
RPVNMLNJOHKFFDM56CA,,198.31,見其他登記事項,鋼筋混凝土造,104年2月11日,三層,一層 二層 三層 屋頂突出物
RPXNMLNJOHKFFDM76CA,,198.73,見其他登記事項,鋼筋混凝土造,104年2月11日,三層,一層 二層 三層 屋頂突出物
RPWOMLNJOHKFFDM76CA,,198.73,見其他登記事項,鋼筋混凝土造,104年2月11日,三層,一層 二層 三層 屋頂突出物
RPSOMLNJOHKFFDM98CA,,198.73,見其他登記事項,鋼筋混凝土造,104年2月11日,三層,一層 二層 三層 屋頂突出物
RPPOMLNJOHKFFDM68CA,,198.31,見其他登記事項,鋼筋混凝土造,104年2月11日,三層,一層 二層 三層 屋頂突出物
RPUOMLNJOHKFFDM56CA,,198.31,見其他登記事項,鋼筋混凝土造,104年2月11日,三層,一層 二層 三層 屋頂突出物
RPQPMLNJOHKFFDM88CA,,198.73,見其他登記事項,鋼筋混凝土造,104年2月11日,三層,一層 二層 三層 屋頂突出物
RPOPMLNJOHKFFDM68CA,,198.73,見其他登記事項,鋼筋混凝土造,104年2月11日,三層,一層 二層 三層 屋頂突出物
RPUPMLNJOHKFFDM66CA,,198.31,見其他登記事項,鋼筋混凝土造,104年2月11日,三層,一層 二層 三層 屋頂突出物
RPSPMLNJOHKFFDM09CA,,198.31,見其他登記事項,鋼筋混凝土造,104年2月11日,三層,一層 二層 三層 屋頂突出物
RPPNMLSJNHKFFEM09CA,29,112.50,住家用,鋼筋混凝土造,75年10月8日,二層,一層 二層
RPROMLQJNHKFFCM98CA,17,163.63,住商用,鋼筋混凝土造,86年11月3日,三層,一層 二層 三層 屋頂突出物 騎樓
RPRNMLSKOHKFFBM56CA,2,440.53,農舍,見其他登記事項,101年5月24日,三層,一層 二層 三層
RPVNMLSJNHKFFAM66CA,36,86.38,住家用,鋼筋混凝土加強磚造,68年5月31日,二層,一層 二層
RPRNMLSKNHKFFAM98CA,21,206.55,住家用,鋼筋混凝土造,83年2月25日,四層,三層 四層 一層 二層
RPQNMLLKNHKFFAM18CA,36,125.81,住商用,鋼筋混凝土加強磚造,68年8月29日,二層,一層 二層 騎樓
RPSNMLRJNHKFFBM98CA,18,144.50,住家用,鋼筋混凝土造,85年8月15日,三層,一層 二層 三層
RPSNMLSKNHKFFBM56CA,16,207.72,住家用,鋼筋混凝土造,88年2月5日,四層,一層 二層 三層 四層 電梯樓梯間
RPTNMLSLNHKFFBM76CA,21,106.26,住家用,鋼筋混凝土造,82年10月29日,十層,五層
RPTNMLSLNHKFFBM76CA,21,19.00,見其他登記事項,鋼筋混凝土造,82年10月29日,十層,
RPRNMLPLNHKFFCM98CA,19,78.22,見其他登記事項,鋼筋混凝土造,85年2月9日,十五層,六層
RPRNMLPLNHKFFCM98CA,19,19.47,見其他登記事項,鋼筋混凝土造,85年2月9日,十五層,
RPOOMLNKNHKFFCM48CA,19,85.17,見其他登記事項,鋼筋混凝土造,85年2月9日,十五層,二層
RPOOMLNKNHKFFCM48CA,19,20.66,見其他登記事項,鋼筋混凝土造,85年2月9日,十五層,
RPPNMLKLNHKFFEM48CA,46,75.52,住家用,鋼筋混凝土加強磚造,58年3月10日,二層,一層 二層
RPTNMLMKNHKFFDM88CA,8,451.85,住商用,鋼筋混凝土造,96年7月2日,五層,一層 二層 三層 四層 五層 騎樓
RPTNMLMKNHKFFDM88CA,8,9.62,見其他登記事項,鋼筋混凝土造,96年7月2日,五層,
RPTNMLNKNHKFFDM98CA,41,71.10,住家用,鋼筋混凝土加強磚造,63年3月15日,一層,一層 騎樓
RPQNMLNKNHKFFBM48CA,2,137.67,農舍,鋼筋混凝土造,102年2月4日,三層,一層 二層 三層
RPOOMLPLNHKFFBM68CA,16,158.09,住家用,鋼筋混凝土造,87年11月6日,三層,二層 三層 一層 屋頂突出物
RPOOMLPLNHKFFAM58CA,,342.39,住家用,鋼筋混凝土造,103年12月4日,四層,一層 二層 三層 四層
RPQNMLOKNHKFFAM48CA,,214.21,住家用,鋼筋混凝土造,104年3月10日,四層,一層 二層 三層 四層
RPUNMLMKNHKFFAM68CA,36,122.67,住商用,鋼筋混凝土加強磚造,68年4月23日,二層,一層 二層
RPXNMLNKNHKFFAM09CA,5,127.25,住家用,鋼筋混凝土造,99年8月25日,二層,一層 二層 屋頂突出物
RPPOMLLKNHKFFAM18CA,,214.54,住家用,鋼筋混凝土造,104年3月10日,四層,一層 二層 三層 四層
RPUNMLRLNHKFFBM76CA,6,190.01,住家用,鋼筋混凝土造,97年11月5日,三層,一層 二層 三層
RPUNMLRLNHKFFBM76CA,6,191.30,住商用,鋼筋混凝土造,97年11月5日,三層,一層 二層 三層
RPXNMLTKNHKFFAM07CA,21,111.29,住商用,加強磚造,83年5月23日,二層,一層 二層 屋頂突出物
RPRNMLNKNHKFFBM58CA,3,101.99,農舍,見其他登記事項,101年5月7日,三層,一層 二層 三層
RPUNMLMKNHKFFBM78CA,34,95.84,住家用,鋼筋混凝土加強磚造,70年1月15日,二層,一層 二層
RPWNMLMKNHKFFCM09CA,34,113.04,住商用,加強磚造,69年11月17日,一層,一層 二層 騎樓
RPVNMLMKNHKFFBM88CA,46,129.53,商業用,鋼筋混凝土加強磚造,57年12月5日,三層,一層 二層 三層
RPQNMLMKNHKFFCM48CA,20,69.88,見其他登記事項,鋼筋混凝土造,84年10月2日,七層,五層
RPQNMLMKNHKFFCM48CA,20,21.63,見其他登記事項,鋼筋混凝土造,84年10月2日,七層,
RPQNMLOKNHKFFBM58CA,21,24.78,住家用,鋼筋混凝土造,83年7月21日,十三層,七層
RPQNMLOKNHKFFBM58CA,21,24.78,住家用,鋼筋混凝土造,83年7月21日,十三層,七層
RPQNMLOKNHKFFBM58CA,21,14.15,見其他登記事項,鋼筋混凝土造,83年7月21日,十三層,
RPQNMLOKNHKFFBM58CA,21,14.15,見其他登記事項,鋼筋混凝土造,83年7月21日,十三層,
RPVNMLSKNHKFFCM96CA,30,93.72,住商用,鋼筋混凝土造,74年2月8日,二層,一層 二層 騎樓
RPRNMLPJOHKFFCM88CA,21,103.83,見其他登記事項,鋼筋混凝土造,83年7月8日,十二層,八層
RPRNMLPJOHKFFCM88CA,21,14.26,見其他登記事項,鋼筋混凝土造,83年7月8日,十二層,
RPUNMLNKNHKFFCM98CA,20,100.62,見其他登記事項,鋼筋混凝土造,84年7月17日,七層,七層
RPQNMLSKNHKFFDM56CA,26,261.81,住家用,鋼筋混凝土造,78年4月14日,三層,一層 二層 三層
RPQNMLPJOHKFFCM78CA,21,78.91,見其他登記事項,鋼筋混凝土造,83年7月8日,十二層,十一層
RPQNMLPJOHKFFCM78CA,21,12.90,見其他登記事項,鋼筋混凝土造,83年7月8日,十二層,
RPPNMLKLNHKFFCM28CA,20,182.68,住家用,鋼筋混凝土造,84年9月14日,四層,一層 二層 三層 四層
RPQNMLMKNHKFFDM58CA,,302.33,住家用,鋼筋混凝土造,103年10月15日,三層,一層 二層 三層
RPSNMLNKNHKFFBM68CA,52,126.27,住家用,土磚石混合造,52年2月5日,二層,一層 二層
RPVNMLPKNHKFFBM56CA,35,158.91,住商用,鋼筋混凝土加強磚造,69年5月28日,三層,一層 二層 三層 騎樓
RPWPMLNJOHKFFDM86CA,36,52.86,住家用,磚造,68年5月1日,一層,一層
RPRNMLNKNHKFFCM68CA,27,408.80,住商用,鋼筋混凝土造,76年11月17日,四層,一層 二層 三層 四層 騎樓
RPQNMLQLNHKFFCM98CA,19,105.55,見其他登記事項,鋼筋混凝土造,85年2月9日,十五層,四層
RPQNMLQLNHKFFCM98CA,19,23.36,見其他登記事項,鋼筋混凝土造,85年2月9日,十五層,
RPQOMLPLNHKFFBM88CA,32,98.28,住家用,鋼筋混凝土加強磚造,72年7月4日,二層,一層 二層
RPUNMLLLNHKFFBM78CA,18,120.01,住家用,鋼筋混凝土造,86年6月30日,三層,一層 二層 三層
RPUNMLLLNHKFFBM78CA,18,.17,見其他登記事項,鋼筋混凝土造,86年6月30日,一層,
RPUNMLLLNHKFFBM78CA,18,35.47,停車空間,鋼筋混凝土造,86年6月30日,地下層,
RPOOMLMKNHKFFAM18CA,,294.58,住家用,鋼筋混凝土造,103年12月19日,四層,一層 二層 三層 四層
RPSOMLPLNHKFFBM09CA,1,203.35,見其他登記事項,鋼筋混凝土造,103年10月7日,三層,一層 二層 三層 騎樓 見其他登記事項
RPROMLPLNHKFFBM98CA,1,203.35,見其他登記事項,鋼筋混凝土造,103年10月7日,三層,二層 三層 騎樓 見其他登記事項 一層
RPWNMLTLNHKFFAM07CA,22,92.38,住家用,鋼筋混凝土造,82年7月30日,五層,四層
RPWNMLTLNHKFFAM07CA,22,1.72,見其他登記事項,鋼筋混凝土造,82年7月30日,五層,
RPRNMLTLNHKFFAM56CA,,55.12,見其他登記事項,鋼筋混凝土造,103年10月21日,五層,二層
RPRNMLTLNHKFFAM56CA,,4.85,見其他登記事項,鋼筋混凝土造,103年10月21日,五層,
RPTNMLNJOHKFFAM68CA,14,220.79,住商用,鋼筋混凝土造,89年10月3日,三層,一層 二層 三層 屋頂突出物
RPSNMLQLNHKFFAM98CA,34,82.38,住家用,鋼筋混凝土加強磚造,69年12月1日,一層,一層
RPWNMLPLNHKFFCM86CA,26,325.75,住家用,見其他登記事項,77年11月17日,三層,
RPQOMLRLNHKFFDM66CA,35,104.41,住商用,鋼筋混凝土加強磚造,68年11月1日,二層,一層 二層 騎樓
RPSNMLSKNHKFFDM76CA,31,135.49,住家用,鋼筋混凝土加強磚造,72年12月30日,三層,一層 二層 三層
RPPOMLRLNHKFFDM56CA,35,104.41,住商用,鋼筋混凝土加強磚造,68年11月1日,二層,一層 二層 騎樓
RPQNMLPKNHKFFDM88CA,12,233.17,住家用,鋼筋混凝土造,92年5月14日,三層,一層 二層 三層
RPUNMLTKNHKFFAM86DA,11,34.44,住家用,鋼筋混凝土造,93年3月1日,五層,一層
RPUNMLTKNHKFFAM86DA,11,6.88,見其他登記事項,鋼筋混凝土造,93年3月1日,五層,
RPSNMLPLNHKFFEM66CA,21,159.50,住家用,鋼筋混凝土造,83年2月21日,三層,一層 二層 三層
RPXNMLTLNHKFFDM47CA,23,228.03,住商用,鋼筋混凝土造,81年2月1日,四層,一層 二層 三層 四層 騎樓 電梯樓梯間
RPVNMLPLNHKFFCM76CA,,137.04,住家用,鋼筋混凝土造,103年9月15日,四層,一層 二層 三層 四層 屋頂突出物
RPVNMLPLNHKFFCM76CA,,137.04,住家用,鋼筋混凝土造,103年9月15日,四層,一層 二層 三層 四層 屋頂突出物
RPSNMLOKNHKFFCM88CA,14,127.06,住家用,鋼筋混凝土造,89年12月30日,三層,一層 二層 三層
RPSNMLSKNHKFFEM86CA,36,99.90,住商用,加強磚造,68年6月11日,二層,一層 二層 騎樓
RPSNMLPKNHKFFAM78CA,22,194.85,住家用,鋼筋混凝土造,82年6月17日,三層,一層 二層 三層 屋頂突出物 騎樓
RPQNMLTKNHKFFAM98CA,36,111.18,住家用,鋼筋混凝土加強磚造,68年3月5日,二層,一層 二層
RPVNMLPKNHKFFAM09CA,19,102.48,住家用,鋼筋混凝土造,85年8月21日,三層,一層 二層 三層
RPTOMLSKNHKFFCM86CA,34,18.21,住家用,加強磚造,70年1月23日,一層,一層
RPPNMLKKOHKFFDM38CA,15,98.63,住家用,鋼筋混凝土造,89年8月4日,五層,五層
RPPNMLKKOHKFFDM38CA,15,13.15,見其他登記事項,鋼筋混凝土造,89年8月4日,五層,
RPQNMLSKNHKFFAM88CA,34,126.78,住商用,鋼筋混凝土加強磚造,69年12月31日,二層,二層 騎樓 一層
RPPNMLSJOHKFFAM78CA,20,88.47,住家用,鋼筋混凝土造,84年2月16日,十三層,六層
RPPNMLSJOHKFFAM78CA,20,23.37,見其他登記事項,鋼筋混凝土造,84年2月16日,十三層,
RPWNMLTKNHKFFAM96CA,36,1914.23,見其他登記事項,見其他登記事項,68年6月30日,三層,一層 二層 三層 防空避難室
RPWNMLTKNHKFFAM96CA,4,3142.89,見其他登記事項,見其他登記事項,100年6月9日,二層,一層 二層
RPWNMLTKNHKFFAM96CA,4,6.61,見其他登記事項,見其他登記事項,100年6月9日,一層,一層
RPWNMLTKNHKFFAM96CA,4,56.50,見其他登記事項,見其他登記事項,100年6月9日,二層,一層 二層
RPWNMLTKNHKFFAM96CA,27,3170.09,見其他登記事項,見其他登記事項,77年8月31日,二層,一層 二層
RPWNMLTKNHKFFAM96CA,37,65.60,見其他登記事項,見其他登記事項,67年8月14日,一層,一層
RPWNMLTKNHKFFAM96CA,37,85.91,見其他登記事項,見其他登記事項,67年8月14日,一層,一層
RPWNMLTKNHKFFAM96CA,5,5758.02,見其他登記事項,見其他登記事項,99年1月5日,二層,一層 二層
RPWNMLTKNHKFFAM96CA,26,2296.84,工業用,見其他登記事項,78年10月2日,一層,一層 地下層
RPWNMLTKNHKFFAM96CA,19,1489.60,工業用,見其他登記事項,85年8月13日,一層,一層
RPPNMLTJOHKFFAM88CA,19,171.64,住家用,鋼筋混凝土造,85年6月6日,三層,一層 二層 三層 屋頂突出物 騎樓
RPPNMLSKNHKFFAM78CA,,132.18,住商用,鋼筋混凝土加強磚造,,二層,一層 二層 騎樓
RPXNMLTKNHKFFBM17CA,24,21.55,住家用,鋼筋混凝土造,80年9月20日,九層,五層
RPXNMLTKNHKFFBM17CA,24,8.66,見其他登記事項,鋼筋混凝土造,80年9月20日,九層,
RPXNMLTKNHKFFBM17CA,24,4.71,見其他登記事項,鋼筋混凝土造,80年9月20日,十一層,
RPPNMLLJOHKFFAM08CA,22,68.78,住家用,鋼筋混凝土造,82年3月22日,八層,三層
RPPNMLLJOHKFFAM08CA,22,19.47,見其他登記事項,鋼筋混凝土造,82年3月22日,八層,
RPTNMLTKNHKFFBM76CA,1,206.26,見其他登記事項,鋼筋混凝土造,103年6月25日,三層,二層 三層 一層 見其他登記事項
RPVNMLTKNHKFFBM96CA,1,226.81,見其他登記事項,鋼筋混凝土造,103年6月25日,四層,四層 一層 二層 三層
RPUNMLMJOHKFFAM68CA,34,163.56,住商用,鋼筋混凝土加強磚造,70年8月3日,三層,一層 二層 三層 騎樓
RPVNMLPJOHKFFCM66CA,20,158.47,見其他登記事項,鋼筋混凝土造,84年6月30日,七層,一層 二層 騎樓
RPVNMLPJOHKFFCM66CA,20,32.58,見其他登記事項,鋼筋混凝土造,84年6月30日,七層,
RPQNMLRLNHKFFDM56CA,37,50.46,住商用,鋼筋混凝土加強磚造,67年7月13日,二層,一層 二層 騎樓
RPWNMLTKNHKFFCM17CA,29,126.54,住家用,鋼筋混凝土造,75年3月26日,二層,一層 二層
RPPNMLRLNHKFFDM09CA,19,79.72,見其他登記事項,鋼筋混凝土造,85年3月21日,八層,七層
RPPOMLLKOHKFFDM58CA,30,97.42,住商用,鋼筋混凝土造,74年1月16日,四層,一層 二層 三層 四層
RPWNMLQLNHKFFCM96CA,14,70.90,住家用,鋼骨鋼筋混凝土造,89年11月17日,三層,
RPPNMLSJOHKFFCM98CA,57,24.12,住家用,磚造,47年6月1日,一層,一層
RPRNMLQLNHKFFBM98CA,2,187.23,見其他登記事項,鋼筋混凝土造,102年9月2日,四層,一層 二層 三層 四層
RPQNMLMLNHKFFCM58CA,3,116.51,農舍,見其他登記事項,101年3月21日,二層,一層 二層
RPPNMLPLNHKFFCM78CA,3,380.43,見其他登記事項,鋼筋混凝土造,101年8月13日,四層,一層 二層 三層 四層 騎樓 見其他登記事項
RPUNMLTKNHKFFBM86CA,1,206.26,見其他登記事項,鋼筋混凝土造,103年6月25日,三層,一層 二層 三層 見其他登記事項
RPSNMLSJOHKFFAM09CA,21,90.72,住家用,鋼筋混凝土造,83年9月7日,三層,一層 二層 三層
RPQNMLLJOHKFFAM18CA,35,120.16,住商用,鋼筋混凝土加強磚造,69年5月30日,二層,一層 二層 騎樓
RPRNMLKLNHKFFAM28CA,14,207.82,住家用,鋼骨鋼筋混凝土造,90年6月20日,三層,一層 二層 三層 地下層
RPRNMLKLNHKFFAM28CA,14,3.14,住家用,鋼骨鋼筋混凝土造,90年6月20日,三層,
RPTNMLKLNHKFFAM48CA,,241.52,住家用,鋼筋混凝土造,103年12月19日,四層,一層 二層 三層 四層
RPQNMLKMNHKFFAM28CA,,177.96,見其他登記事項,鋼筋混凝土造,103年12月19日,三層,一層 二層 三層 屋頂突出物
RPVNMLLLNHKFFBM88CA,15,450.22,農舍,鋼筋混凝土造,89年1月14日,二層,一層 二層
RPSNMLLLNHKFFBM58CA,34,113.75,住商用,鋼筋混凝土造,69年10月20日,二層,一層 二層 騎樓
RPPNMLPLNHKFFAM58CA,10,164.43,住家用,鋼筋混凝土造,94年9月6日,三層,一層 二層 三層 屋頂突出物
RPWNMLKKOHKFFAM78CA,18,86.70,住家用,鋼筋混凝土造,86年9月19日,十四層,二層
RPWNMLKKOHKFFAM78CA,18,22.05,見其他登記事項,鋼筋混凝土造,86年9月19日,十四層,
RPPOMLLLNHKFFBM38CA,35,80.00,住家用,鋼筋混凝土加強磚造,69年3月15日,二層,一層 二層
RPTNMLLLNHKFFBM68CA,34,177.14,住商用,鋼筋混凝土造,70年8月21日,三層,一層 二層 三層 騎樓
RPOOMLKLNHKFFCM28CA,16,120.91,住家用,鋼筋混凝土造,88年5月6日,三層,一層 二層 三層
RPXNMLLKOHKFFCM56CA,37,106.00,住商用,鋼筋混凝土加強磚造,67年2月28日,二層,一層 二層 騎樓
RPPOMLMKOHKFFCM58CA,21,492.30,農舍,鋼筋混凝土造,82年11月24日,二層,二層 一層
RPROMLSLNHKFFCM76CA,20,127.17,住商用,鋼筋混凝土造,84年4月14日,三層,一層 二層 三層 騎樓
RPVNMLSJOHKFFDM17DA,40,86.14,住家用,加強磚造,64年10月27日,二層,一層 二層 騎樓
RPSNMLLLNHKFFCM68CA,37,97.44,住家用,鋼筋混凝土加強磚造,66年12月27日,二層,一層 二層
RPSNMLKLNHKFFBM48CA,23,154.20,住家用,鋼筋混凝土造,81年4月10日,三層,一層 二層 三層
RPUNMLOJOHKFFAM88CA,25,873.00,見其他登記事項,見其他登記事項,79年3月13日,二層,
RPQNMLLMNHKFFAM38CA,,103.83,住家用,鋼筋混凝土造,103年12月18日,四層,一層 二層 三層 四層
RPQNMLMLNHKFFBM48CA,27,124.59,住家用,加強磚造,77年5月11日,二層,夾層 一層 二層
RPQOMLLLNHKFFBM48CA,21,94.01,住商用,鋼筋混凝土造,83年10月8日,七層,一層 二層 騎樓
RPQOMLLLNHKFFBM48CA,21,33.38,見其他登記事項,鋼筋混凝土造,83年10月8日,七層,
RPUNMLKLNHKFFBM68CA,33,145.28,住商用,鋼筋混凝土加強磚造,71年1月24日,二層,一層 二層 騎樓
RPPNMLMLNHKFFBM38CA,20,43.20,住家用,鋼筋混凝土造,84年5月12日,八層,七層
RPPNMLMLNHKFFBM38CA,20,11.54,見其他登記事項,鋼筋混凝土造,84年5月12日,八層,
RPQNMLPLNHKFFBM78CA,53,27.94,住家用,磚造,51年7月15日,一層,一層
RPRNMLRLNHKFFBM09CA,18,82.62,住家用,鋼筋混凝土造,85年12月7日,八層,二層
RPRNMLRLNHKFFBM09CA,18,27.48,見其他登記事項,鋼筋混凝土造,85年12月7日,八層,
RPUNMLSLNHKFFBM86CA,7,144.85,農舍,見其他登記事項,96年12月24日,一層,一層
RPWNMLSLNHKFFBM07CA,7,128.20,農舍,見其他登記事項,96年10月11日,一層,一層
RPPNMLQLNHKFFCM88CA,34,107.43,住家用,鋼筋混凝土加強磚造,70年1月20日,二層,一層 二層
RPXOMLTJOHKFFCM37CA,22,99.62,見其他登記事項,鋼筋混凝土造,82年8月30日,七層,三層
RPXOMLTJOHKFFCM37CA,22,20.81,見其他登記事項,鋼筋混凝土造,82年8月30日,見其他登記事項,
RPROMLSJOHKFFCM66CA,13,136.40,住家用,鋼筋混凝土造,91年6月1日,二層,一層 二層
RPSOMLPKOHKFFBM09CA,17,186.96,住家用,見其他登記事項,87年5月15日,一層,
RPVNMLRLNHKFFDM07CA,44,46.92,住家用,磚造,60年3月15日,一層,一層 騎樓
RPPNMLQLNHKFFBM78CA,34,231.84,住商用,鋼筋混凝土加強磚造,70年8月22日,三層,一層 二層 三層 騎樓
RPQNMLQLNHKFFBM88CA,31,169.27,住家用,鋼筋混凝土造,72年12月27日,三層,一層 二層 三層
RPWOMLOJOHKFFCM76CA,2,12.00,農舍,見其他登記事項,102年2月25日,一層,一層
RPUNMLRLNHKFFAM66CA,36,284.41,住商用,鋼筋混凝土造,67年10月30日,四層,一層 二層 三層 四層 騎樓 地下層
RPVNMLQLNHKFFAM66CA,27,178.21,住家用,鋼筋混凝土造,77年3月9日,三層,一層 二層 三層 騎樓
RPSOMLPLNHKFFAM98CA,36,86.75,住家用,鋼筋混凝土加強磚造,68年8月20日,二層,一層 二層
RPROMLPLNHKFFAM88CA,11,36.40,住家用,鋼筋混凝土造,93年3月1日,五層,二層
RPQOMLTLNHKFFAM56CA,8,107.07,住家用,見其他登記事項,95年12月12日,一層,一層
RPTNMLQLNHKFFCM66CA,19,176.45,住家用,鋼造,85年7月10日,四層,一層 二層 三層 四層
RPWNMLSLNHKFFCM17CA,21,153.71,住家用,鋼筋混凝土造,83年8月31日,三層,一層 二層 三層
RPQNMLRLNHKFFAM98DA,21,79.91,住家用,鋼筋混凝土造,83年11月9日,十六層,十一層
RPQNMLRLNHKFFAM98DA,21,13.66,見其他登記事項,鋼筋混凝土造,83年11月9日,十六層,
RPUNMLSKOHKFFCM96CA,35,91.40,住家用,加強磚造,69年10月6日,二層,一層 二層
RPWNMLPJOHKFFCM76CA,31,79.92,住家用,鋼筋混凝土造,73年3月2日,二層,一層 二層
RPPNMLRLNHKFFEM66DA,37,102.48,住商用,鋼筋混凝土加強磚造,67年4月3日,二層,一層 二層 騎樓
RPSNMLTLNHKFFCM96DA,22,146.54,住家用,鋼筋混凝土造,82年1月8日,三層,一層 二層 三層 屋頂突出物
RPTNMLNLOHKFFCM09CA,,138.36,見其他登記事項,鋼筋混凝土造,104年1月7日,二層,一層 二層 見其他登記事項
RPQOMLMJOHKFFCM58CA,8,205.57,見其他登記事項,鋼筋混凝土造,96年4月18日,四層,一層 二層 三層 四層 騎樓
RPVNMLNLOHKFFCM66CA,,155.07,見其他登記事項,鋼筋混凝土造,104年1月7日,二層,一層 二層 見其他登記事項
RPUNMLNLOHKFFCM56CA,,141.87,見其他登記事項,鋼筋混凝土造,104年1月7日,二層,一層 二層 見其他登記事項
RPSNMLLKOHKFFCM68CA,38,179.75,住商用,鋼筋混凝土加強磚造,66年10月14日,三層,一層 二層 三層 騎樓
RPUNMLPJOHKFFCM56CA,21,31.99,見其他登記事項,鋼筋混凝土造,83年10月13日,十二層,十二層
RPUNMLPJOHKFFCM56CA,21,16.47,見其他登記事項,鋼筋混凝土造,83年10月13日,十二層,
RPPNMLNJOHKFFBM38CA,2,251.93,住家用,鋼筋混凝土造,102年5月28日,四層,一層 二層 三層 四層
RPPOMLRLNHKFFAM88CA,36,144.06,住家用,鋼筋混凝土加強磚造,68年6月11日,三層,一層 二層 三層
RPQNMLNJOHKFFBM48CA,2,251.93,住家用,鋼筋混凝土造,102年5月28日,四層,一層 二層 三層 四層
RPVNMLRLNHKFFAM76CA,16,127.10,見其他登記事項,鋼筋混凝土造,88年2月12日,十二層,一層 二層 騎樓
RPVNMLRLNHKFFAM76CA,16,23.34,見其他登記事項,鋼筋混凝土造,88年2月12日,十二層,
RPUNMLLJOHKFFAM58CA,10,239.65,住家用,鋼筋混凝土造,94年6月7日,四層,一層 二層 三層 四層 屋頂突出物
RPTNMLMJOHKFFAM58CA,34,85.04,住家用,見其他登記事項,69年12月25日,一層,一層
RPSNMLOLOHKFFBM98CA,32,79.20,住家用,鋼筋混凝土造,72年4月12日,四層,四層
RPSNMLOLOHKFFBM98CA,32,5.40,國民住宅,鋼筋混凝土造,72年4月12日,四層,
RPSNMLOLOHKFFBM98CA,32,1.68,國民住宅,鋼筋混凝土造,72年4月12日,四層,
RPSNMLOLOHKFFBM98CA,32,.84,國民住宅,鋼筋混凝土造,72年4月12日,四層,
RPUNMLPKOHKFFAM09CA,36,111.56,住家用,鋼筋混凝土加強磚造,68年8月14日,二層,一層 二層
RPTNMLSLNHKFFAM66CA,,241.52,住家用,鋼筋混凝土造,103年12月19日,四層,一層 二層 三層 四層
RPTNMLMKOHKFFAM68CA,22,163.14,住家用,鋼筋混凝土造,82年6月17日,三層,一層 二層 三層 屋頂突出物 騎樓
RPSNMLLJOHKFFBM48CA,9,15.00,農舍,見其他登記事項,95年2月16日,一層,一層
RPTNMLMJOHKFFCM78CA,5,109.71,農舍,鋼筋混凝土造,99年5月19日,二層,一層 二層
RPPNMLRKOHKFFBM88CA,7,188.22,住家用,鋼筋混凝土造,97年1月16日,四層,一層 二層 三層 四層
RPOOMLNLOHKFFCM68CA,,133.88,見其他登記事項,鋼筋混凝土造,104年1月7日,二層,一層 二層 見其他登記事項
RPQNMLOLOHKFFCM88CA,,141.61,見其他登記事項,鋼筋混凝土造,104年1月7日,二層,一層 二層 見其他登記事項
RPWNMLNLOHKFFCM76CA,,133.88,見其他登記事項,鋼筋混凝土造,104年1月7日,二層,一層 二層 見其他登記事項
RPPNMLOLOHKFFCM78CA,,160.78,見其他登記事項,鋼筋混凝土造,104年1月7日,二層,一層 二層 見其他登記事項
RPXNMLNLOHKFFCM86CA,,133.88,見其他登記事項,鋼筋混凝土造,104年1月7日,二層,一層 二層 見其他登記事項
RPPOMLNLOHKFFCM78CA,,133.88,見其他登記事項,鋼筋混凝土造,104年1月7日,二層,一層 二層 見其他登記事項
RPPOMLPJOHKFFCM88DA,21,69.34,見其他登記事項,鋼筋混凝土造,83年7月8日,十二層,十層
RPPOMLPJOHKFFCM88DA,21,10.68,見其他登記事項,鋼筋混凝土造,83年7月8日,十二層,
RPWNMLTLNHKFFDM37CA,23,228.03,住商用,鋼筋混凝土造,81年2月1日,四層,一層 二層 三層 四層 騎樓 電梯樓梯間
RPQOMLNLOHKFFCM88CA,,162.39,見其他登記事項,鋼筋混凝土造,104年1月7日,二層,一層 二層 見其他登記事項
RPSNMLLJOHKFFDM68CA,51,68.03,住家用,磚造,53年1月1日,一層,一層 騎樓
RPSNMLPKOHKFFEM66CA,20,172.06,住家用,鋼筋混凝土造,84年9月29日,四層,一層 二層 三層 四層 屋頂突出物
RPRNMLNLOHKFFCM88CA,,167.82,見其他登記事項,鋼筋混凝土造,104年1月7日,二層,一層 二層 見其他登記事項
RPTOMLMJOHKFFCM88CA,39,69.03,住家用,鋼筋混凝土加強磚造,65年8月12日,二層,一層 二層
RPPNMLLJOHKFFBM28DA,15,161.42,住家用,鋼筋混凝土造,89年3月21日,三層,一層 二層 三層 屋頂突出物
RPSNMLNLOHKFFCM98CA,,140.52,見其他登記事項,鋼筋混凝土造,104年1月7日,二層,一層 二層 見其他登記事項
RPQOMLLJOHKFFCM48CA,35,127.75,住商用,加強磚造,69年9月25日,二層,一層 二層 騎樓
RPSNMLRKOHKFFBM56CA,21,166.50,住家用,鋼筋混凝土造,83年3月30日,四層,一層 二層 三層 四層 電梯樓梯間
RPTNMLTLNHKFFAM76CA,35,104.77,住商用,鋼筋混凝土加強磚造,69年7月1日,二層,一層 二層 騎樓
RPXNMLTLNHKFFAM17CA,18,86.72,住家用,鋼筋混凝土造,86年9月19日,十四層,五層
RPPNMLTLNHKFFAM98CA,22,163.02,農舍,見其他登記事項,82年10月21日,一層,一層
RPSNMLQKOHKFFAM98CA,,182.89,見其他登記事項,鋼筋混凝土造,104年1月27日,三層,一層 二層 三層 屋頂突出物
RPPNMLSKOHKFFAM88CA,21,173.36,住家用,鋼筋混凝土造,83年10月7日,四層,一層 二層 三層 四層
RPPNMLSKOHKFFAM88CA,21,46.66,見其他登記事項,鋼筋混凝土造,83年10月7日,十一層,
RPUNMLMLOHKFFAM88CA,17,164.65,住商用,鋼筋混凝土造,87年10月17日,三層,一層 二層 三層 屋頂突出物 騎樓
RPVNMLSKOHKFFAM86CA,25,144.59,住家用,鋼筋混凝土造,79年4月26日,八層,八層
RPVNMLSKOHKFFAM86CA,25,16.62,共有部份,鋼筋混凝土造,79年4月26日,見其他登記事項,
RPVNMLSKOHKFFBM96CA,18,120.01,住家用,鋼筋混凝土造,86年6月30日,三層,一層 二層 三層
RPVNMLSKOHKFFBM96CA,18,.17,見其他登記事項,鋼筋混凝土造,86年6月30日,一層,
RPVNMLSKOHKFFBM96CA,18,35.47,停車空間,鋼筋混凝土造,86年6月30日,地下層,
RPXOMLPKOHKFFBM96CA,55,127.46,住商用,鋼筋混凝土加強磚造,49年1月1日,二層,一層 二層 騎樓
RPTNMLLJOHKFFCM68CA,35,126.45,見其他登記事項,加強磚造,69年5月30日,二層,一層 二層 騎樓
RPWNMLPKOHKFFBM76CA,18,120.01,住家用,鋼筋混凝土造,86年6月30日,三層,一層 二層 三層
RPWNMLPKOHKFFBM76CA,18,.17,見其他登記事項,鋼筋混凝土造,86年6月30日,一層,
RPWNMLPKOHKFFBM76CA,18,35.47,停車空間,鋼筋混凝土造,86年6月30日,地下層,
RPPNMLMLOHKFFBM48CA,30,108.78,住家用,鋼筋混凝土造,74年4月30日,二層,一層 二層
RPPOMLRKOHKFFCM09CA,13,189.27,住家用,鋼骨鋼筋混凝土造,91年1月18日,二層,一層 二層
RPQNMLSKOHKFFCM56CA,8,172.80,見其他登記事項,鋼筋混凝土造,95年12月21日,三層,一層 二層 三層 屋頂突出物
RPTNMLMJOHKFFDM98DA,35,120.60,住商用,鋼筋混凝土加強磚造,69年1月14日,二層,一層 二層 騎樓
RPXNMLNJOHKFFCM76DA,25,135.00,住家用,鋼筋混凝土造,79年7月23日,三層,一層 二層 三層
RPPNMLPJOHKFFDM88DA,45,63.96,住商用,鋼筋混凝土加強磚造,59年8月20日,二層,一層 二層
RPQNMLMJOHKFFDM58CA,47,75.87,住家用,磚造,57年6月15日,一層,一層 騎樓
RPVNMLPLOHKFFCM86CA,37,79.52,住商用,加強磚造,67年8月1日,二層,一層 二層 騎樓
RPSOMLMJOHKFFCM78CA,21,103.69,住家用,鋼筋混凝土造,83年8月13日,十五層,六層
RPROMLMJOHKFFCM68CA,21,214.47,住家用,鋼筋混凝土造,83年6月14日,四層,一層 二層 三層 四層 地下層
RPSNMLPKOHKFFCM09CA,36,80.70,住家用,加強磚造,68年10月27日,二層,一層 二層
RPQNMLRKOHKFFCM09CA,35,143.26,住家用,加強磚造,68年12月30日,三層,一層 二層 三層 騎樓
RPPOMLNLOHKFFBM68CA,1,383.71,住家用,鋼筋混凝土造,103年6月16日,四層,一層 二層 三層 四層
RPQOMLTJOHKFFAM09CA,,182.59,見其他登記事項,鋼筋混凝土造,103年10月20日,三層,一層 二層 三層 屋頂突出物
RPROMLTJOHKFFAM56CA,,181.76,見其他登記事項,鋼筋混凝土造,103年10月20日,三層,一層 二層 三層 屋頂突出物
RPQNMLOLOHKFFAM68CA,19,143.19,見其他登記事項,鋼筋混凝土造,85年7月18日,三層,一層 二層 三層 騎樓
RPQNMLLJPHKFFAM28CA,17,99.03,住家用,鋼筋混凝土造,87年3月6日,九層,七層
RPQNMLLJPHKFFAM28CA,17,13.98,見其他登記事項,鋼筋混凝土造,87年3月6日,九層,
RPQNMLLJPHKFFAM28CA,17,12.08,見其他登記事項,鋼筋混凝土造,87年3月6日,九層,
RPQNMLLJPHKFFAM28CA,,.42,見其他登記事項,鋼筋混凝土造,,九層,
RPQNMLLJPHKFFAM28CA,17,14.18,見其他登記事項,鋼筋混凝土造,87年3月6日,九層,
RPQNMLLJPHKFFAM28CA,17,.06,見其他登記事項,鋼筋混凝土造,87年3月6日,九層,
RPOOMLTJOHKFFBM98CA,,86.91,住家用,鋼筋混凝土加強磚造,,二層,一層 二層
RPRNMLNJOHKFFBM58CA,11,154.25,住家用,鋼筋混凝土造,93年10月15日,四層,一層 二層 三層 四層
RPWNMLNJOHKFFAM98CA,35,106.19,住家用,鋼筋混凝土加強磚造,69年2月8日,二層,一層 二層
RPWNMLTJOHKFFBM07CA,38,175.39,住商用,鋼筋混凝土加強磚造,65年8月16日,三層,一層 二層 三層 騎樓
RPWNMLTJOHKFFBM07CA,36,176.88,住商用,鋼筋混凝土加強磚造,67年8月15日,三層,一層 二層 三層 騎樓
RPRNMLTLOHKFFBM76CA,33,112.54,住商用,鋼筋混凝土造,71年6月17日,二層,一層 二層 騎樓
RPSNMLPJOHKFFCM98CA,35,76.80,住家用,加強磚造,69年5月22日,一層,一層 騎樓
RPUNMLPKOHKFFDM76CA,15,12.96,見其他登記事項,鋼筋混凝土造,89年8月4日,五層,
RPUNMLPKOHKFFDM76CA,15,107.01,住家用,鋼筋混凝土造,89年8月4日,五層,五層
RPSNMLTJOHKFFDM86CA,36,116.10,住商用,鋼筋混凝土加強磚造,68年10月1日,二層,一層 二層 騎樓
RPQNMLKKOHKFFDM48CA,2,155.57,住家用,鋼筋混凝土造,102年5月7日,三層,一層 二層 三層
RPPNMLQKOHKFFCM98DA,19,103.66,見其他登記事項,鋼筋混凝土造,85年2月9日,十五層,九層
RPPNMLQKOHKFFCM98DA,19,25.24,見其他登記事項,鋼筋混凝土造,85年2月9日,十五層,
RPRNMLPJOHKFFDM98CA,37,83.16,住商用,鋼筋混凝土加強磚造,67年10月13日,二層,一層 二層 騎樓
RPSNMLQKOHKFFBM56DA,3,383.99,見其他登記事項,見其他登記事項,101年6月11日,二層,一層 二層
RPXNMLPJOHKFFCM86CA,,62.00,住家用,磚造,,一層,一層
RPRNMLKMOHKFFCM68CA,7,234.25,住家用,鋼筋混凝土造,97年5月13日,三層,一層 二層 三層
RPPNMLPKOHKFFCM78CA,19,126.65,見其他登記事項,鋼筋混凝土造,85年2月9日,十五層,十一層
RPPNMLPKOHKFFCM78CA,19,22.93,見其他登記事項,鋼筋混凝土造,85年2月9日,十五層,
RPUNMLTLOHKFFCM17CA,34,102.30,住商用,鋼筋混凝土造,70年4月27日,四層,一層 二層 三層 四層
RPTNMLSKOHKFFBM76CA,3,175.47,住家用,鋼筋混凝土造,101年5月16日,四層,一層 二層 三層 四層
RPVOMLPKOHKFFBM76CA,37,160.52,住家用,鋼筋混凝土加強磚造,67年6月8日,三層,一層 二層 三層
RPWNMLPJOHKFFBM66CA,18,126.60,住家用,鋼筋混凝土造,86年6月30日,三層,一層 二層 三層
RPWNMLPJOHKFFBM66CA,18,.18,見其他登記事項,鋼筋混凝土造,86年6月30日,一層,
RPWNMLPJOHKFFBM66CA,18,37.13,停車空間,鋼筋混凝土造,86年6月30日,地下層,
RPTNMLOJOHKFFBM88CA,15,168.25,住家用,鋼筋混凝土造,89年2月24日,三層,一層 二層 三層 電梯樓梯間
RPTOMLKKOHKFFBM68CA,34,167.70,住商用,鋼筋混凝土造,70年7月15日,三層,一層 二層 三層 騎樓 見其他登記事項
RPQNMLTJOHKFFAM98CA,36,433.01,見其他登記事項,鋼筋混凝土加強磚造,68年5月14日,一層,一層
RPQNMLTJOHKFFAM98CA,25,356.80,見其他登記事項,鋼筋混凝土造,79年2月23日,二層,一層 二層
RPPNMLPLOHKFFAM68CA,20,65.82,住家用,鋼筋混凝土造,84年2月16日,十三層,十一層
RPVNMLNJOHKFFAM88CA,,270.62,見其他登記事項,鋼筋混凝土造,103年10月23日,四層,一層 二層 三層 四層 見其他登記事項
RPVNMLNJOHKFFAM88CA,,.56,住家用,鋼筋混凝土造,103年10月23日,一層,
RPRNMLOJOHKFFAM58CA,33,74.76,住商用,鋼筋混凝土加強磚造,70年12月31日,二層,一層 二層
RPTNMLMLOHKFFAM78CA,21,161.92,住家用,鋼筋混凝土造,82年12月4日,三層,一層 二層 三層 屋頂突出物
RPTNMLTJOHKFFAM66CA,21,150.37,住家用,鋼筋混凝土造,83年5月3日,三層,一層 二層 三層
RPSNMLLKOHKFFBM58CA,18,136.00,住家用,鋼筋混凝土造,86年6月30日,三層,一層 二層 三層
RPSNMLLKOHKFFBM58CA,18,.19,見其他登記事項,鋼筋混凝土造,86年6月30日,一層,
RPSNMLLKOHKFFBM58CA,18,39.63,停車空間,鋼筋混凝土造,86年6月30日,地下層,
RPSOMLSJOHKFFCM76CA,7,122.54,見其他登記事項,鋼筋混凝土造,97年9月16日,二層,一層 二層
RPTNMLLKOHKFFDM88CA,3,163.17,農舍,鋼筋混凝土造,101年3月8日,二層,一層 二層
RPSNMLKKOHKFFDM68CA,38,118.90,住家用,鋼筋混凝土加強磚造,66年6月1日,二層,一層 二層 騎樓
RPPNMLTJOHKFFCM09CA,20,232.86,住家用,鋼筋混凝土造,84年4月27日,四層,一層 二層 三層 四層
RPSOMLPJOHKFFCM09CA,37,94.37,住家用,加強磚造,67年4月7日,二層,一層 二層
RPPOMLPKOHKFFAM68CA,44,67.97,住家用,鋼筋混凝土加強磚造,59年12月29日,一層,
RPPNMLKKOHKFFBM18CA,3,238.16,住家用,鋼筋混凝土造,101年9月6日,四層,一層 二層 三層 四層
RPUNMLMLOHKFFCM09CA,34,73.13,住商用,見其他登記事項,70年1月16日,二層,一層 二層
RPXNMLTJOHKFFAM07CA,5,2.40,農舍,見其他登記事項,99年3月5日,一層,一層
RPVNMLMLOHKFFAM98CA,36,163.58,住商用,鋼筋混凝土造,68年11月15日,三層,一層 二層 三層
RPRNMLMKOHKFFAM48CA,,104.43,住家用,鋼筋混凝土加強磚造,,二層,一層 二層
RPQNMLSJOHKFFAM88CA,34,96.06,住商用,加強磚造,70年6月23日,二層,一層 二層 騎樓
RPOOMLTJPHKFFCM56CA,20,43.40,見其他登記事項,鋼筋混凝土造,83年11月28日,九層,六層
RPOOMLTJPHKFFCM56CA,20,13.61,見其他登記事項,鋼筋混凝土造,83年11月28日,九層,
RPOOMLTJPHKFFCM56CA,20,28.77,見其他登記事項,鋼筋混凝土造,83年11月28日,九層,六層
RPOOMLTJPHKFFCM56CA,20,9.01,見其他登記事項,鋼筋混凝土造,83年11月28日,九層,
RPOOMLTJPHKFFCM56CA,20,.24,見其他登記事項,鋼筋混凝土造,83年11月28日,九層,
RPOOMLTJPHKFFCM56CA,20,347.41,見其他登記事項,鋼筋混凝土造,83年11月28日,九層,
RPUNMLTJOHKFFBM86CA,41,76.37,住家用,鋼筋混凝土加強磚造,63年8月26日,二層,一層 二層
RPUNMLNJPHKFFCM09CA,7,12.21,農舍,見其他登記事項,97年7月25日,一層,一層
RPQNMLLKOHKFFBM38CA,25,125.17,見其他登記事項,鋼筋混凝土造,79年1月10日,三層,一層 二層 三層
RPXNMLOLOHKFFCM96CA,13,268.19,見其他登記事項,見其他登記事項,91年9月3日,一層,一層
RPVNMLMLOHKFFCM56CA,34,73.13,住商用,見其他登記事項,70年1月16日,二層,一層 二層
RPTNMLRJPHKFFCM76CA,34,168.92,住商用,鋼筋混凝土造,69年12月10日,三層,一層 二層 三層 騎樓
RPPNMLLKOHKFFCM38CA,9,98.56,農舍,見其他登記事項,95年11月16日,一層,一層
RPWNMLKKOHKFFCM98CA,21,87.86,見其他登記事項,鋼筋混凝土造,83年1月14日,十一層,五層
RPWNMLKKOHKFFCM98CA,21,41.72,見其他登記事項,鋼筋混凝土造,83年1月14日,十一層,
RPUNMLSKOHKFFDM07CA,42,428.19,住商用,鋼筋混凝土加強磚造,62年2月28日,四層,一層 二層 三層 四層 騎樓
RPUNMLMLOHKFFDM56CA,,114.90,住商用,鋼筋混凝土加強磚造,,二層,一層 二層 騎樓
RPOOMLPKOHKFFBM78DA,18,99.20,住商用,鋼筋混凝土造,85年12月7日,八層,一層 二層 騎樓
RPOOMLPKOHKFFBM78DA,18,35.70,見其他登記事項,鋼筋混凝土造,85年12月7日,八層,
RPPPMLTJOHKFFCM76DA,29,115.50,見其他登記事項,鋼筋混凝土造,75年10月29日,二層,一層 二層 騎樓
RPXNMLKKOHKFFCM09CA,20,31.99,見其他登記事項,鋼筋混凝土造,83年10月13日,十二層,十層
RPXNMLKKOHKFFCM09CA,20,16.40,見其他登記事項,鋼筋混凝土造,83年10月13日,十二層,
RPOQMLPKOHKFFCM98CA,17,177.51,住家用,鋼筋混凝土造,87年1月3日,四層,一層 二層 三層 四層
RPQOMLMKOHKFFCM68CA,22,151.20,住家用,鋼筋混凝土造,82年4月29日,三層,一層 二層 三層
RPTOMLOLOHKFFCM66CA,21,124.89,住家用,鋼筋混凝土造,83年5月3日,三層,一層 二層 三層
RPPNMLQLOHKFFCM98CA,16,94.03,見其他登記事項,鋼筋混凝土造,87年12月31日,八層,五層
RPPNMLQLOHKFFCM98CA,16,58.83,見其他登記事項,鋼筋混凝土造,87年12月31日,八層,
RPPNMLPJPHKFFBM68CA,13,297.81,農舍,鋼筋混凝土造,91年7月16日,三層,一層 二層 三層
RPUNMLKKOHKFFBM68CA,26,134.54,住家用,鋼筋混凝土造,78年10月5日,二層,一層 二層
RPQNMLQKOHKFFAM78CA,,257.79,見其他登記事項,鋼筋混凝土造,103年12月27日,三層,一層 二層 三層 屋頂突出物
RPTNMLRKOHKFFAM56CA,19,102.48,住家用,鋼筋混凝土造,85年8月21日,三層,一層 二層 三層
RPUNMLKKOHKFFAM58CA,19,102.48,住家用,鋼筋混凝土造,85年8月21日,三層,一層 二層 三層
RPXNMLKKOHKFFBM98CA,20,99.94,住家用,鋼筋混凝土造,84年7月19日,八層,七層
RPXNMLKKOHKFFBM98CA,20,21.78,見其他登記事項,鋼筋混凝土造,84年7月19日,八層,
RPRNMLKMOHKFFAM48CA,21,80.86,住家用,鋼筋混凝土造,83年6月8日,八層,四層
RPRNMLKMOHKFFAM48CA,21,28.18,見其他登記事項,鋼筋混凝土造,83年6月8日,八層,
RPRNMLKKOHKFFAM28CA,,263.76,住家用,鋼筋混凝土造,103年12月19日,四層,一層 二層 三層 四層
RPUNMLLKOHKFFAM68CA,21,129.55,見其他登記事項,鋼筋混凝土造,83年5月24日,三層,一層 二層 三層 屋頂突出物 騎樓
RPRNMLRKOHKFFAM98CA,35,100.29,住商用,鋼筋混凝土加強磚造,69年1月23日,二層,一層 二層 騎樓
RPRNMLLKOHKFFBM48CA,40,72.90,住商用,鋼筋混凝土造,64年10月9日,三層,一層 二層 三層 騎樓
RPPNMLPKOHKFFBM68CA,20,87.47,住家用,鋼筋混凝土造,84年9月27日,十二層,四層
RPPNMLPKOHKFFBM68CA,20,24.68,見其他登記事項,鋼筋混凝土造,84年9月27日,十二層,
RPRNMLNLOHKFFBM78CA,1,254.90,見其他登記事項,鋼筋混凝土造,103年10月16日,三層,一層 二層 三層 見其他登記事項
RPTOMLPKOHKFFBM66DA,24,98.89,商業用,鋼筋混凝土造,80年3月23日,十二層,九層
RPTOMLPKOHKFFBM66DA,24,7.84,見其他登記事項,鋼筋混凝土造,80年3月23日,十二層,
RPTOMLPKOHKFFBM66DA,24,43.70,見其他登記事項,鋼筋混凝土造,80年3月23日,十二層,
RPTOMLPKOHKFFBM66DA,24,20.66,見其他登記事項,鋼筋混凝土造,80年3月23日,十二層,
RPPNMLMKOHKFFEM68CA,87,63.96,住家用,磚造,17年7月15日,一層,一層
RPUNMLLKOHKFFDM98CA,36,82.42,住家用,鋼筋混凝土加強磚造,68年4月5日,二層,一層 二層
RPSNMLLJPHKFFCM68CA,22,111.65,住家用,加強磚造,81年11月11日,二層,一層 二層
RPWNMLRKOHKFFCM07CA,10,142.04,見其他登記事項,鋼筋混凝土造,93年7月20日,三層,一層 二層 三層 屋頂突出物
RPWNMLQKOHKFFCM96CA,19,155.34,見其他登記事項,鋼筋混凝土造,85年2月9日,十五層,十三層
RPWNMLQKOHKFFCM96CA,19,31.00,見其他登記事項,鋼筋混凝土造,85年2月9日,十五層,
RPROMLNLOHKFFBM88CA,47,70.40,住商用,鋼筋混凝土加強磚造,57年5月30日,二層,一層 二層
RPPNMLMKOHKFFAM28CA,21,76.49,住家用,鋼筋混凝土造,83年9月8日,五層,三層
RPPNMLOLOHKFFBM68CA,2,262.06,住家用,鋼筋混凝土造,102年3月8日,四層,一層 二層 三層 四層
RPPNMLPJPHKFFAM58CA,7,196.77,住家用,鋼筋混凝土造,97年4月28日,四層,一層 二層 三層 四層 屋頂突出物
RPVNMLMKOHKFFAM88CA,9,360.01,農舍,見其他登記事項,95年5月9日,二層,一層 二層
RPXNMLMKOHKFFAM09CA,35,86.11,住家用,鋼筋混凝土加強磚造,69年5月31日,二層,一層 二層
RPUNMLMLOHKFFBM98CA,19,75.67,住家用,鋼筋混凝土造,84年12月20日,七層,七層
RPUNMLMLOHKFFBM98CA,19,23.52,見其他登記事項,鋼筋混凝土造,84年12月20日,七層,
RPWNMLMKOHKFFAM98CA,18,256.79,住家用,鋼筋混凝土加強磚造,85年12月3日,三層,一層 二層 三層
RPPNMLMJPHKFFAM28CA,32,390.78,住商用,鋼筋混凝土加強磚造,71年12月17日,六層,一層 二層 三層 四層 五層 六層 騎樓 地下層
RPQOMLPKOHKFFAM78CA,18,.98,見其他登記事項,鋼筋混凝土造,85年11月30日,七層,
RPQOMLPKOHKFFAM78CA,18,.13,,鋼筋混凝土造,85年11月30日,七層,
RPQOMLPKOHKFFAM78CA,18,91.74,住家用,鋼筋混凝土造,85年11月30日,七層,七層
RPQOMLPKOHKFFAM78CA,18,32.80,,鋼筋混凝土造,85年11月30日,七層,
RPQOMLPKOHKFFAM78CA,18,7.67,,鋼筋混凝土造,85年11月30日,七層,
RPTNMLOLOHKFFCM56CA,,274.75,住家用,鋼筋混凝土造,103年9月15日,四層,一層 二層 三層 四層 屋頂突出物
RPQOMLPKOHKFFCM98CA,36,173.72,住商用,鋼筋混凝土造,68年3月12日,四層,一層 二層 三層 四層
RPRNMLTJPHKFFCM86DA,30,111.56,住家用,鋼筋混凝土造,74年3月27日,二層,一層 二層 騎樓
RPRNMLQKOHKFFAM98DA,11,42.59,住家用,鋼筋混凝土造,93年1月29日,三層,一層
RPRNMLQKOHKFFAM98DA,11,80.56,住家用,鋼筋混凝土造,93年1月29日,三層,二層 三層
RPRNMLQKOHKFFAM98DA,11,8.19,住家用,鋼筋混凝土造,93年1月29日,三層,
RPQNMLRKOHKFFDM56CA,20,170.05,住家用,鋼筋混凝土造,84年7月10日,三層,一層 二層 三層 電梯樓梯間
RPQNMLKLOHKFFBM38CA,43,188.40,住家用,鋼筋混凝土加強磚造,61年8月28日,三層,一層 二層 三層 騎樓
RPSNMLQKOHKFFCM56CA,22,149.93,住家用,鋼筋混凝土造,82年6月19日,三層,一層 二層 三層 騎樓
RPRNMLQKOHKFFBM98CA,36,88.40,住家用,鋼筋混凝土加強磚造,68年3月14日,二層,一層 二層
RPUNMLRKOHKFFCM86CA,22,192.72,見其他登記事項,鋼筋混凝土造,82年4月15日,六層,一層 二層 三層 四層 騎樓
RPPNMLQKOHKFFAM68CA,2,253.27,見其他登記事項,見其他登記事項,102年3月6日,三層,一層 二層 三層 屋頂突出物
RPQNMLOLOHKFFBM78CA,22,187.12,住家用,鋼筋混凝土造,82年3月12日,七層,七層 屋頂突出物
RPQNMLOLOHKFFBM78CA,22,53.46,見其他登記事項,鋼筋混凝土造,82年3月12日,七層,
RPXNMLKMOHKFFAM09CA,21,226.59,住家用,鋼筋混凝土造,83年10月2日,三層,一層 二層 三層
RPRNMLOLOHKFFAM78CA,18,132.13,見其他登記事項,鋼筋混凝土造,86年9月30日,三層,一層 二層 三層
RPTNMLLJPHKFFAM58CA,35,130.68,住商用,鋼筋混凝土加強磚造,69年6月23日,二層,一層 二層 騎樓
RPUOMLOLOHKFFAM56CA,35,121.72,住商用,鋼筋混凝土加強磚造,68年12月24日,二層,一層 二層 騎樓
RPOOMLRKOHKFFAM78CA,20,148.90,住家用,鋼筋混凝土造,84年2月16日,十三層,五層
RPOOMLRKOHKFFAM78CA,20,37.80,見其他登記事項,鋼筋混凝土造,84年2月16日,十三層,
RPOOMLRKOHKFFAM78CA,20,12.67,停車空間,鋼筋混凝土造,84年2月16日,十三層,
RPPNMLKLOHKFFBM28CA,21,171.02,住商用,鋼筋混凝土造,83年3月16日,九層,一層 二層 三層 騎樓
RPPNMLKLOHKFFBM28CA,21,66.53,見其他登記事項,鋼筋混凝土造,83年3月16日,九層,
RPUNMLTLOHKFFBM07CA,32,100.80,住家用,鋼筋混凝土造,72年4月12日,四層,三層
RPUNMLTLOHKFFBM07CA,32,5.40,國民住宅,鋼筋混凝土造,72年4月12日,四層,
RPUNMLTLOHKFFBM07CA,32,1.68,國民住宅,鋼筋混凝土造,72年4月12日,四層,
RPUNMLTLOHKFFBM07CA,32,.84,國民住宅,鋼筋混凝土造,72年4月12日,四層,
RPUNMLRKOHKFFBM76CA,6,15.32,農舍,見其他登記事項,98年9月23日,一層,一層
RPVNMLRKOHKFFAM76CA,,389.42,住家用,鋼筋混凝土造,103年12月10日,二層,一層 二層
RPPNMLKLOHKFFCM38CA,20,183.14,住家用,鋼筋混凝土造,84年9月14日,四層,一層 二層 三層 四層
RPQNMLRJPHKFFCM09CA,21,24.76,見其他登記事項,鋼筋混凝土造,83年10月13日,十二層,六層
RPQNMLRJPHKFFCM09CA,21,13.00,見其他登記事項,鋼筋混凝土造,83年10月13日,十二層,
RPQNMLRJPHKFFCM09CA,21,26.32,見其他登記事項,鋼筋混凝土造,83年10月13日,十二層,六層
RPQNMLRJPHKFFCM09CA,21,13.84,見其他登記事項,鋼筋混凝土造,83年10月13日,十二層,
RPROMLSKOHKFFCM76CA,20,62.37,見其他登記事項,鋼筋混凝土造,84年7月17日,七層,四層
RPROMLSKOHKFFCM76CA,20,22.67,見其他登記事項,鋼筋混凝土造,84年7月17日,七層,
RPQNMLMLOHKFFDM78CA,27,94.21,住家用,鋼筋混凝土造,77年10月28日,二層,一層 二層 騎樓
RPPNMLMLOHKFFAM48DA,36,116.41,住商用,鋼筋混凝土加強磚造,68年11月22日,二層,一層 二層 騎樓
RPPNMLMKPHKFFEM78CA,20,224.53,住家用,鋼筋混凝土造,84年6月30日,四層,一層 二層 三層 四層 屋頂突出物
RPQOMLMLOHKFFAM68DA,34,116.96,住商用,鋼筋混凝土加強磚造,69年11月1日,二層,一層 二層 騎樓
RPQNMLRLOHKFFDM66CA,19,63.60,見其他登記事項,鋼筋混凝土造,85年4月24日,七層,
RPQNMLRLOHKFFDM66CA,19,218.98,見其他登記事項,鋼筋混凝土造,85年4月24日,七層,三層
RPVNMLSJPHKFFCM07CA,35,59.95,見其他登記事項,加強磚造,69年5月15日,一層,一層 騎樓 地下層
RPVNMLSJPHKFFCM07CA,35,59.95,見其他登記事項,加強磚造,69年5月15日,一層,一層 騎樓 地下層
RPPNMLMJPHKFFEM68CA,24,113.60,住家用,鋼筋混凝土造,80年3月14日,二層,一層 二層
RPTNMLMLOHKFFDM09CA,9,227.54,住商用,鋼筋混凝土造,95年7月25日,三層,一層 二層 三層 屋頂突出物 騎樓
RPPNMLSJPHKFFAM98DA,17,107.50,住家用,鋼筋混凝土造,87年3月6日,九層,九層
RPPNMLSJPHKFFAM98DA,17,30.74,見其他登記事項,鋼筋混凝土造,87年3月6日,九層,
RPPNMLSJPHKFFAM98DA,17,13.59,見其他登記事項,鋼筋混凝土造,87年3月6日,九層,
RPSOMLSKOHKFFCM86CA,20,62.37,見其他登記事項,鋼筋混凝土造,84年7月17日,七層,四層
RPSOMLSKOHKFFCM86CA,20,22.67,見其他登記事項,鋼筋混凝土造,84年7月17日,七層,
RPRNMLNJPHKFFDM88CA,22,215.38,住家用,鋼筋混凝土造,82年10月19日,四層,一層 二層 三層 四層
RPPOMLOLOHKFFAM68CA,1,182.59,見其他登記事項,鋼筋混凝土造,103年10月20日,三層,一層 二層 三層 屋頂突出物
RPWNMLRKOHKFFAM86CA,38,91.42,住家用,鋼筋混凝土加強磚造,66年3月24日,二層,一層 二層
RPRNMLSKOHKFFAM09CA,22,68.78,住家用,鋼筋混凝土造,82年3月22日,八層,二層
RPUNMLNJPHKFFAM88CA,35,113.14,住商用,鋼筋混凝土加強磚造,69年8月1日,二層,一層 二層 騎樓
RPTNMLNLOHKFFAM88CA,38,76.48,住家用,見其他登記事項,66年1月1日,一層,一層
RPSNMLRLOHKFFDM86CA,22,353.01,農舍,木造,82年10月21日,二層,一層 二層
RPPNMLNLOHKFFEM88CA,48,249.75,商業用,鋼筋混凝土加強磚造,56年6月1日,三層,一層 二層 三層 騎樓 地下層
RPQNMLOKPHKFFEM09CA,21,134.76,住商用,鋼筋混凝土造,83年3月10日,三層,一層 二層 三層 騎樓
RPVNMLNLOHKFFBM66DA,35,105.92,農舍,鋼筋混凝土加強磚造,69年6月27日,二層,一層 二層 騎樓
RPPNMLNJPHKFFEM78CA,35,157.02,住商用,鋼筋混凝土加強磚造,68年12月6日,三層,一層 二層 三層 騎樓
RPPNMLNJPHKFFEM78CA,,74.40,住家用,磚造,,四層,四層
RPQNMLOLOHKFFDM98CA,2,155.57,住家用,鋼筋混凝土造,102年5月7日,三層,一層 二層 三層
RPRNMLTJPHKFFEM96CA,11,157.02,住家用,鋼筋混凝土造,93年1月9日,三層,一層 二層 三層
RPWNMLOLOHKFFBM76CA,20,87.94,住家用,鋼筋混凝土造,84年9月27日,十二層,八層
RPWNMLOLOHKFFBM76CA,20,24.80,見其他登記事項,鋼筋混凝土造,84年9月27日,十二層,
RPQNMLTJPHKFFDM76CA,1,205.95,見其他登記事項,鋼筋混凝土造,103年10月13日,三層,一層 二層 三層 屋頂突出物
RPSOMLNLOHKFFBM98CA,24,18.51,住家用,鋼筋混凝土造,79年12月15日,五層,五層
RPSOMLNLOHKFFBM98CA,24,5.92,見其他登記事項,鋼筋混凝土造,79年12月15日,五層,
RPSOMLNLOHKFFBM98CA,24,18.51,住家用,鋼筋混凝土造,79年12月15日,五層,五層
RPSOMLNLOHKFFBM98CA,24,5.92,見其他登記事項,鋼筋混凝土造,79年12月15日,五層,
RPSOMLNLOHKFFBM98CA,24,18.51,住家用,鋼筋混凝土造,79年12月15日,五層,五層
RPSOMLNLOHKFFBM98CA,24,5.92,見其他登記事項,鋼筋混凝土造,79年12月15日,五層,
RPSOMLNLOHKFFBM98CA,24,18.51,住家用,鋼筋混凝土造,79年12月15日,五層,五層
RPSOMLNLOHKFFBM98CA,24,5.92,見其他登記事項,鋼筋混凝土造,79年12月15日,五層,
RPUNMLMJPHKFFAM78CA,17,82.50,住家用,鋼筋混凝土造,87年4月14日,七層,一層 二層
RPUNMLMJPHKFFAM78CA,17,20.95,見其他登記事項,鋼筋混凝土造,87年4月14日,七層,
RPTNMLPLOHKFFAM09CA,21,127.80,住家用,鋼筋混凝土造,83年6月18日,三層,一層 二層 三層
RPRNMLNLOHKFFAM68CA,7,207.73,見其他登記事項,鋼筋混凝土造,97年4月22日,四層,一層 二層 三層 四層
RPTNMLOLOHKFFBM09CA,1,178.40,見其他登記事項,鋼筋混凝土造,103年11月7日,三層,一層 二層 三層 見其他登記事項
RPVOMLOLOHKFFAM66CA,34,108.68,住商用,鋼筋混凝土加強磚造,70年3月18日,二層,一層 二層 騎樓
RPQNMLQLOHKFFBM98CA,2,229.46,住家用,鋼筋混凝土造,102年3月8日,四層,一層 二層 三層 四層
RPVNMLKMOHKFFCM09CA,19,52.05,見其他登記事項,鋼筋混凝土造,85年2月9日,十五層,九層
RPVNMLKMOHKFFCM09CA,19,14.28,見其他登記事項,鋼筋混凝土造,85年2月9日,十五層,
RPUNMLPLOHKFFCM76CA,,133.88,見其他登記事項,鋼筋混凝土造,104年1月7日,二層,一層 二層 見其他登記事項
RPPOMLQJPHKFFCM98CA,11,132.06,見其他登記事項,鋼筋混凝土造,93年11月16日,九層,七層
RPPOMLQJPHKFFCM98CA,11,57.18,見其他登記事項,鋼筋混凝土造,93年11月16日,九層,
RPTNMLOLOHKFFDM66CA,22,87.90,見其他登記事項,鋼筋混凝土造,82年4月29日,五層,五層
RPTNMLOLOHKFFDM66CA,22,21.34,見其他登記事項,鋼筋混凝土造,82年4月29日,五層,
RPTNMLNJPHKFFCM98CA,33,130.00,見其他登記事項,加強磚造,70年12月31日,二層,一層 二層 騎樓
RPSNMLNJPHKFFDM98CA,22,149.57,見其他登記事項,鋼筋混凝土造,81年12月9日,三層,一層 二層 三層
RPTNMLRLOHKFFDM96CA,21,23.48,見其他登記事項,鋼筋混凝土造,83年11月2日,五層,
RPTNMLRLOHKFFDM96CA,21,36.63,見其他登記事項,鋼筋混凝土造,83年11月2日,五層,四層
RPOOMLQJPHKFFCM88CA,20,150.97,見其他登記事項,鋼筋混凝土造,84年10月2日,七層,一層 二層 三層 騎樓
RPOOMLQJPHKFFCM88CA,20,32.31,見其他登記事項,鋼筋混凝土造,84年10月2日,七層,
RPSNMLTLOHKFFDM07CA,21,86.58,住家用,鋼筋混凝土造,83年5月24日,五層,四層
RPSNMLTLOHKFFDM07CA,21,22.84,見其他登記事項,鋼筋混凝土造,83年5月24日,五層,
RPRNMLKLPHKFFCM68CA,35,94.02,住商用,鋼筋混凝土加強磚造,69年4月22日,二層,一層 二層
RPRNMLKLPHKFFCM68CA,35,16.66,住家用,加強磚造,69年7月3日,一層,一層
RPRNMLKLPHKFFCM68CA,35,19.27,住家用,加強磚造,69年7月3日,一層,一層
RPRNMLKLPHKFFCM68CA,35,16.66,住家用,加強磚造,69年7月3日,一層,一層
RPUNMLOKPHKFFDM76CA,21,238.84,住工用,鋼筋混凝土造,83年1月17日,三層,一層 二層 三層 電梯樓梯間
RPPNMLRLOHKFFCM09CA,17,221.44,住家用,鋼筋混凝土造,86年12月11日,四層,一層 二層 三層 四層
RPSNMLNJPHKFFBM78CA,21,61.73,住家用,鋼筋混凝土造,83年4月11日,八層,七層
RPSNMLNJPHKFFBM78CA,21,30.23,見其他登記事項,鋼筋混凝土造,83年4月11日,八層,
RPUNMLPKPHKFFBM66CA,34,118.65,住家用,加強磚造,69年12月18日,二層,一層 二層
RPUNMLPLOHKFFAM56CA,17,42.38,住家用,鋼筋混凝土造,87年8月28日,五層,五層
RPSNMLRKPHKFFAM56CA,35,180.00,住家用,加強磚造,,三層,一層 二層 三層
RPRNMLNKPHKFFCM88CA,2,175.63,見其他登記事項,見其他登記事項,102年1月25日,二層,一層 二層
RPSOMLLLPHKFFCM98CA,,217.62,住家用,鋼筋混凝土造,104年3月19日,四層,一層 二層 三層 四層
RPQOMLLLPHKFFCM78CA,,208.03,住家用,鋼筋混凝土造,104年3月19日,四層,一層 二層 三層 四層
RPWNMLLLPHKFFCM66CA,,219.45,住家用,鋼筋混凝土造,104年3月19日,四層,一層 二層 三層 四層
RPUNMLLLPHKFFCM09CA,,223.27,住家用,鋼筋混凝土造,104年3月19日,四層,一層 二層 三層 四層
RPVOMLLLPHKFFCM66CA,,217.62,住家用,鋼筋混凝土造,104年3月19日,四層,一層 二層 三層 四層
RPOOMLLLPHKFFCM58CA,,217.62,住家用,鋼筋混凝土造,104年3月19日,四層,一層 二層 三層 四層
RPQNMLKMOHKFFDM68CA,25,194.72,住商用,鋼筋混凝土造,79年4月26日,三層,一層 二層 三層 騎樓
RPVNMLQLOHKFFDM07CA,34,97.61,住商用,鋼筋混凝土加強磚造,70年2月2日,二層,一層 二層 騎樓
RPTNMLTLOHKFFDM17CA,,191.09,見其他登記事項,鋼筋混凝土造,103年12月27日,三層,一層 二層 三層 見其他登記事項
RPUNMLTLOHKFFDM27CA,,191.09,見其他登記事項,鋼筋混凝土造,103年12月27日,三層,一層 二層 三層 見其他登記事項
RPSNMLPLOHKFFCM66DA,11,78.41,見其他登記事項,鋼筋混凝土造,93年11月12日,十層,四層
RPSNMLPLOHKFFCM66DA,11,32.58,見其他登記事項,鋼筋混凝土造,93年11月12日,十層,
RPPNMLPJPHKFFEM98CA,11,151.46,住家用,鋼筋混凝土造,93年1月9日,三層,一層 二層 三層
RPUNMLLJPHKFFCM88CA,21,25.91,見其他登記事項,鋼筋混凝土造,83年10月13日,十二層,十一層
RPUNMLLJPHKFFCM88CA,21,13.29,見其他登記事項,鋼筋混凝土造,83年10月13日,十二層,
RPVNMLRKPHKFFAM86CA,21,164.02,住家用,鋼筋混凝土造,83年1月11日,四層,一層 二層 三層 四層 屋頂突出物
RPTNMLLJPHKFFCM78CA,21,35.21,見其他登記事項,鋼筋混凝土造,83年10月13日,十二層,十二層
RPTNMLLJPHKFFCM78CA,21,17.00,見其他登記事項,鋼筋混凝土造,83年10月13日,十二層,
RPRNMLMJPHKFFBM58CA,,195.75,住家用,鋼筋混凝土造,104年3月10日,四層,一層 二層 三層 四層
RPPOMLRJPHKFFCM09CA,16,93.54,見其他登記事項,鋼筋混凝土造,87年12月31日,八層,八層
RPPOMLRJPHKFFCM09CA,16,60.17,見其他登記事項,鋼筋混凝土造,87年12月31日,八層,
RPPOMLTJPHKFFCM66CA,11,155.73,住家用,見其他登記事項,93年8月18日,三層,一層 二層 三層
RPRNMLQKPHKFFAM98CA,22,86.24,住家用,鋼筋混凝土造,82年11月10日,十四層,四層
RPRNMLQKPHKFFAM98CA,22,10.84,見其他登記事項,鋼筋混凝土造,82年11月10日,十四層,
RPRNMLQKPHKFFAM98CA,22,9.22,見其他登記事項,鋼筋混凝土造,82年11月10日,十四層,
RPRNMLMJPHKFFAM48CA,14,227.02,住家用,鋼筋混凝土造,90年11月28日,四層,一層 二層 三層 四層 屋頂突出物
RPSNMLMJPHKFFAM58CA,3,192.22,住家用,鋼筋混凝土造,101年10月3日,四層,一層 二層 三層 四層
RPSNMLRJPHKFFAM09CA,35,102.48,住商用,鋼筋混凝土加強磚造,69年6月1日,二層,一層 二層 騎樓
RPSNMLKMOHKFFBM68CA,2,229.46,住家用,鋼筋混凝土造,102年3月8日,四層,一層 二層 三層 四層
RPQNMLNJPHKFFBM58CA,1,390.45,住家用,鋼筋混凝土造,103年6月16日,四層,一層 二層 三層 四層
RPOOMLKMOHKFFCM48CA,35,35.83,住家用,磚造,69年8月28日,一層,一層 騎樓
RPOOMLKMOHKFFCM48CA,35,35.83,住家用,磚造,69年8月28日,一層,一層 騎樓
RPPNMLTJPHKFFBM09CA,29,180.25,住家用,鋼筋混凝土加強磚造,75年8月28日,二層,一層 二層
RPWNMLTLOHKFFDM47CA,,191.09,見其他登記事項,鋼筋混凝土造,103年12月27日,三層,一層 二層 三層 見其他登記事項
RPRNMLKMOHKFFDM78CA,37,110.04,住商用,鋼筋混凝土加強磚造,67年5月3日,二層,一層 二層 騎樓
RPRNMLKMOHKFFDM78CA,15,170.02,住商用,鋼筋混凝土造,89年5月16日,四層,一層 二層 三層 四層 騎樓
RPVNMLTLOHKFFDM37CA,,191.09,見其他登記事項,鋼筋混凝土造,103年12月27日,三層,一層 二層 三層 見其他登記事項
RPQNMLLLPHKFFCM68CA,21,81.78,見其他登記事項,鋼筋混凝土造,83年1月14日,十一層,十一層
RPQNMLLLPHKFFCM68CA,21,39.79,見其他登記事項,鋼筋混凝土造,83年1月14日,十一層,
RPRNMLOLPHKFFCM09CA,17,241.30,農舍,見其他登記事項,87年8月29日,一層,一層
RPTNMLOLPHKFFCM66CA,4,199.41,住家用,鋼筋混凝土造,100年1月26日,四層,一層 二層 三層 四層
RPTPMLRKPHKFFCM07CA,13,283.50,見其他登記事項,鋼筋混凝土造,91年1月25日,五層,一層 二層 三層 四層 五層 地下層
RPTPMLRKPHKFFCM07CA,13,18.88,見其他登記事項,鋼筋混凝土造,91年1月25日,,
RPTOMLLJPHKFFCM88CA,32,101.34,住家用,加強磚造,72年5月27日,二層,一層 二層
RPQNMLRJPHKFFDM56CA,44,149.82,住商用,鋼筋混凝土加強磚造,60年6月10日,三層,一層 二層 三層
RPPNMLNJPHKFFBM48CA,7,181.45,住家用,鋼筋混凝土造,97年1月16日,四層,一層 二層 三層 四層
RPPOMLKKPHKFFAM28CA,21,179.49,住家用,鋼筋混凝土造,82年12月17日,三層,一層 二層 三層
RPSNMLQJPHKFFAM98CA,6,330.71,見其他登記事項,鋼筋混凝土造,98年8月27日,四層,一層 二層 三層 四層 地下一層
RPPNMLSJPHKFFBM98CA,34,231.84,住商用,鋼筋混凝土加強磚造,70年8月22日,三層,一層 二層 三層 騎樓
RPOOMLMJPHKFFBM38CA,14,196.44,住家用,鋼筋混凝土造,90年1月20日,四層,一層 二層 三層 四層
RPWNMLOKPHKFFDM96CA,44,54.39,住家用,鋼筋混凝土加強磚造,60年8月15日,一層,一層 騎樓
RPVNMLTJPHKFFCM17CA,2,255.08,見其他登記事項,見其他登記事項,101年9月28日,二層,一層 二層 見其他登記事項
RPXNMLQJPHKFFCM07CA,,208.06,住家用,鋼筋混凝土造,104年3月26日,四層,一層 二層 三層 四層
RPTNMLMJPHKFFCM88CA,21,98.23,見其他登記事項,鋼筋混凝土造,83年1月14日,十一層,八層
RPQNMLRKPHKFFCM56CA,22,86.52,住家用,鋼筋混凝土造,82年6月9日,四層,四層
RPQNMLRKPHKFFCM56CA,22,5.51,見其他登記事項,鋼筋混凝土造,82年6月9日,四層,
RPWNMLRKPHKFFDM27CA,17,21.59,見其他登記事項,鋼筋混凝土造,87年11月17日,八層,
RPWNMLRKPHKFFDM27CA,17,94.37,見其他登記事項,鋼筋混凝土造,87年11月17日,八層,三層
RPUNMLPKPHKFFCM76CA,19,81.41,見其他登記事項,鋼筋混凝土造,85年2月9日,十五層,十一層
RPUNMLPKPHKFFCM76CA,19,20.19,見其他登記事項,鋼筋混凝土造,85年2月9日,十五層,
RPWNMLSJPHKFFDM27CA,14,123.03,住商用,鋼筋混凝土造,90年10月31日,二層,一層 二層 騎樓
RPWNMLTJPHKFFCM27CA,11,98.35,見其他登記事項,鋼筋混凝土造,93年6月16日,八層,三層
RPWNMLTJPHKFFCM27CA,11,36.61,見其他登記事項,鋼筋混凝土造,93年6月16日,八層,
RPQOMLNJPHKFFCM78CA,47,116.11,住家用,鋼筋混凝土加強磚造,57年3月23日,二層,一層 二層 騎樓
RPSNMLKLPHKFFBM68CA,20,84.25,住家用,鋼筋混凝土造,84年9月27日,十二層,四層
RPSNMLKLPHKFFBM68CA,20,24.60,見其他登記事項,鋼筋混凝土造,84年9月27日,十二層,
RPVNMLQJPHKFFCM86CA,,158.39,見其他登記事項,鋼筋混凝土造,104年1月7日,二層,一層 二層 見其他登記事項
RPTNMLRJPHKFFBM66CA,41,103.23,住家用,鋼筋混凝土加強磚造,63年1月15日,二層,一層 二層
RPVNMLTJPHKFFBM07CA,16,197.29,住家用,鋼筋混凝土造,88年4月30日,四層,一層 二層 三層 四層
RPPNMLLKPHKFFAM28CA,22,242.70,住家用,鋼筋混凝土造,82年11月20日,三層,一層 二層 三層 屋頂突出物
RPPNMLLKPHKFFAM28CA,22,.60,見其他登記事項,鋼筋混凝土造,82年11月20日,三層,
RPPNMLNKPHKFFBM58CA,35,147.45,商業用,鋼筋混凝土造,69年3月1日,三層,一層 二層 三層
RPTNMLQJPHKFFBM56CA,1,209.95,住家用,鋼筋混凝土造,103年1月17日,三層,一層 二層 三層 見其他登記事項
RPPOMLNKPHKFFAM58CA,,177.96,見其他登記事項,鋼筋混凝土造,103年12月19日,三層,一層 二層 三層 屋頂突出物
RPPNMLRJPHKFFAM78CA,3,1495.36,見其他登記事項,見其他登記事項,100年12月15日,一層,一層
RPSNMLQJPHKFFBM09CA,41,79.06,住家用,鋼筋混凝土加強磚造,63年7月17日,二層,一層 二層
RPRNMLOLPHKFFAM88CA,4,235.06,見其他登記事項,鋼筋混凝土造,100年9月5日,三層,一層 二層 三層 屋頂突出物
RPTNMLQJPHKFFAM09CA,7,248.71,住家用,鋼筋混凝土造,97年4月10日,四層,一層 二層 三層 四層
RPRNMLRJPHKFFBM09CA,24,90.78,商業用,鋼筋混凝土造,80年3月23日,十二層,五層
RPRNMLRJPHKFFBM09CA,24,45.55,見其他登記事項,鋼筋混凝土造,80年3月23日,十二層,
RPRNMLKKPHKFFBM48CA,18,126.60,住家用,鋼筋混凝土造,86年6月30日,三層,一層 二層 三層
RPRNMLKKPHKFFBM48CA,18,.18,見其他登記事項,鋼筋混凝土造,86年6月30日,一層,
RPRNMLKKPHKFFBM48CA,18,37.13,停車空間,鋼筋混凝土造,86年6月30日,地下層,
RPSNMLKKPHKFFDM78CA,12,163.27,住家用,鋼筋混凝土造,92年5月14日,三層,一層 二層 三層 屋頂突出物
RPRNMLNLPHKFFCM09DA,34,18.21,住家用,加強磚造,70年1月23日,一層,一層
RPSNMLSLPHKFFDM07CA,27,179.94,住家用,鋼筋混凝土造,77年9月17日,三層,一層 二層 三層
RPPNMLOKPHKFFCM78CA,28,48.95,住家用,鋼筋混凝土造,76年3月17日,二層,一層 二層
RPQNMLOKPHKFFCM88CA,34,126.63,住商用,鋼筋混凝土造,70年3月16日,二層,一層 二層 騎樓
RPRNMLLLPHKFFCM78CA,23,76.05,農舍,鋼筋混凝土造,81年11月28日,二層,一層 二層 屋頂突出物
RPPNMLRJPHKFFEM56CA,24,164.56,住商用,鋼筋混凝土造,80年11月5日,三層,一層 二層 三層 騎樓
RPSNMLOLPHKFFAM98CA,21,133.89,住家用,鋼筋混凝土造,83年9月30日,三層,一層 二層 三層 夾層
RPPNMLNLPHKFFBM68CA,,276.91,住家用,鋼筋混凝土造,104年3月25日,四層,一層 二層 三層 四層
RPUNMLOLPHKFFAM56CA,20,179.58,見其他登記事項,鋼筋混凝土造,84年4月10日,四層,一層 二層 三層 四層 騎樓
RPTNMLOLPHKFFAM09CA,24,189.58,住商用,鋼筋混凝土造,80年12月3日,三層,一層 二層 三層 騎樓
RPOOMLRJPHKFFCM98CA,17,126.00,見其他登記事項,鋼筋混凝土造,87年10月19日,三層,一層 二層 三層
RPQNMLLKPHKFFAM38CA,2,167.63,見其他登記事項,鋼筋混凝土造,102年12月3日,三層,一層 二層 三層 屋頂突出物
RPQNMLTJPHKFFAM09CA,,163.14,住家用,鋼筋混凝土造,104年4月22日,三層,一層 二層 三層
RPUNMLKLPHKFFAM78CA,18,86.70,住家用,鋼筋混凝土造,86年9月19日,十四層,七層
RPUNMLKLPHKFFAM78CA,18,21.41,見其他登記事項,鋼筋混凝土造,86年9月19日,十四層,
RPTOMLMLPHKFFAM98CA,21,4.76,見其他登記事項,鋼筋混凝土造,83年11月21日,五層,
RPTOMLMLPHKFFAM98CA,21,74.31,住家用,鋼筋混凝土造,83年11月21日,五層,四層
RPPNMLTJPHKFFAM98CA,,144.23,住家用,鋼筋混凝土造,104年4月22日,三層,一層 二層 三層
RPQNMLSJPHKFFDM66CA,19,82.07,見其他登記事項,鋼筋混凝土造,85年3月21日,八層,四層
RPRNMLSJPHKFFBM56CA,24,90.77,住家用,鋼筋混凝土造,80年11月15日,七層,七層
RPRNMLSJPHKFFBM56CA,24,40.18,見其他登記事項,鋼筋混凝土造,80年11月15日,七層,
RPRNMLSJPHKFFBM56CA,24,1.56,商業用,鋼筋混凝土造,80年11月15日,七層,
RPSNMLPKPHKFFBM09CA,41,79.00,住家用,鋼筋混凝土加強磚造,63年7月20日,二層,一層 二層
RPPNMLLKPHKFFEM68CA,21,144.72,住家用,鋼筋混凝土造,83年3月10日,三層,一層 二層 三層
RPSNMLTJPHKFFDM96CA,21,83.10,住家用,鋼筋混凝土造,83年5月24日,五層,五層
RPSNMLTJPHKFFDM96CA,21,22.34,見其他登記事項,鋼筋混凝土造,83年5月24日,五層,
RPSNMLKLPHKFFDM88CA,3,156.91,住家用,鋼筋混凝土造,101年10月8日,三層,一層 二層 三層 屋頂突出物 騎樓
RPUNMLRKPHKFFCM96CA,29,115.50,見其他登記事項,鋼筋混凝土造,75年10月29日,二層,一層 二層 騎樓
RPUNMLTJPHKFFDM17CA,30,97.20,住商用,鋼筋混凝土加強磚造,73年12月31日,二層,一層 二層 騎樓
RPPNMLTJPHKFFDM66CA,36,90.50,住家用,鋼筋混凝土加強磚造,68年12月4日,二層,一層 二層
RPQNMLTJPHKFFEM86CA,22,136.00,見其他登記事項,鋼筋混凝土造,82年5月6日,三層,一層 二層 三層
RPWNMLSJPHKFFCM17CA,35,119.90,見其他登記事項,加強磚造,69年5月15日,一層,一層 騎樓 地下層
RPPNMLOKPHKFFBM68CA,4,139.87,住家用,鋼筋混凝土造,100年10月12日,三層,一層 二層 三層
RPSNMLKMPHKFFAM68CA,37,105.32,住商用,鋼筋混凝土加強磚造,67年5月17日,二層,一層 二層 騎樓
RPPNMLNLPHKFFAM58CA,22,98.41,住家用,鋼筋混凝土造,82年1月4日,八層,三層
RPPNMLNLPHKFFAM58CA,22,28.61,見其他登記事項,鋼筋混凝土造,82年1月4日,八層,
RPPNMLOKPHKFFAM58CA,2,249.38,住家用,鋼筋混凝土造,102年10月25日,三層,一層 二層 三層
RPVNMLNKPHKFFAM09CA,2,136.63,見其他登記事項,見其他登記事項,101年6月12日,二層,一層 二層 屋頂突出物
RPTNMLLLPHKFFBM88CA,18,120.01,住家用,鋼筋混凝土造,86年6月30日,三層,一層 二層 三層
RPTNMLLLPHKFFBM88CA,18,.17,見其他登記事項,鋼筋混凝土造,86年6月30日,一層,
RPTNMLLLPHKFFBM88CA,18,35.47,停車空間,鋼筋混凝土造,86年6月30日,地下層,
RPQNMLKKPHKFFCM48CA,14,152.84,見其他登記事項,鋼筋混凝土造,90年3月9日,四層,一層 二層 三層 四層
RPVNMLTLPHKFFBM27CA,,215.72,見其他登記事項,鋼筋混凝土造,104年3月27日,四層,一層 二層 三層 四層
RPPOMLPKPHKFFBM88CA,2,12.00,農舍,見其他登記事項,102年1月25日,一層,一層
RPWNMLTLPHKFFBM37CA,,215.72,見其他登記事項,鋼筋混凝土造,104年3月27日,四層,一層 二層 三層 四層
RPTNMLOKPHKFFCM56CA,11,134.02,見其他登記事項,鋼筋混凝土造,93年7月12日,三層,一層 二層 三層
RPSNMLPKPHKFFCM56CA,20,154.35,住家用,鋼筋混凝土造,84年9月14日,四層,一層 二層 三層 四層
RPSNMLTJPHKFFEM07CA,18,146.44,住家用,鋼筋混凝土造,86年4月18日,三層,一層 二層 三層
RPUNMLKKPHKFFDM98CA,21,193.36,住家用,鋼筋混凝土造,83年7月7日,四層,一層 二層 三層 四層 電梯樓梯間
RPRNMLQKPHKFFEM76CA,35,85.44,住家用,鋼筋混凝土加強磚造,69年3月6日,二層,一層 二層
RPRNMLPKPHKFFAM88CA,29,68.08,住家用,鋼筋混凝土加強磚造,75年1月8日,二層,一層 二層
RPWNMLNKPHKFFAM56CA,2,136.63,見其他登記事項,見其他登記事項,101年6月12日,二層,一層 二層 屋頂突出物
RPVNMLPKPHKFFAM66CA,17,189.18,見其他登記事項,鋼筋混凝土造,86年11月25日,四層,一層 二層 三層 四層 屋頂突出物
RPPNMLLMPHKFFAM48CA,18,389.68,住商用,鋼筋混凝土造,86年10月27日,四層,一層 二層 三層 四層 屋頂突出物
RPPNMLLMPHKFFAM48CA,17,31.81,見其他登記事項,鋼筋混凝土造,87年1月6日,四層,
RPUNMLPKPHKFFAM56CA,19,84.26,住家用,鋼筋混凝土造,85年2月7日,八層,六層
RPUNMLPKPHKFFAM56CA,19,7.48,住家用,鋼筋混凝土造,85年2月7日,八層,
RPQNMLLMPHKFFAM58CA,20,65.39,住家用,鋼筋混凝土造,84年5月1日,七層,六層
RPUNMLPKPHKFFAM56CA,19,24.83,住家用,鋼筋混凝土造,85年2月7日,八層,
RPPNMLQKPHKFFAM78CA,24,368.70,住家用,鋼筋混凝土造,80年7月9日,五層,一層 二層 三層 四層 五層 騎樓
RPPNMLLLPHKFFAM38CA,22,100.24,住家用,鋼筋混凝土造,82年12月8日,十層,三層
RPPNMLLLPHKFFAM38CA,22,17.73,見其他登記事項,鋼筋混凝土造,82年12月8日,十層,
RPSNMLOKPHKFFBM98CA,35,116.16,住家用,鋼筋混凝土加強磚造,69年12月18日,二層,一層 二層
RPPNMLOKPHKFFEM98CA,50,109.92,商業用,鋼筋混凝土加強磚造,54年8月3日,三層,一層 二層 三層 騎樓
RPPOMLRLPHKFFDM76CA,26,179.80,住家用,鋼筋混凝土造,78年12月21日,三層,一層 二層 三層 騎樓
RPQNMLPKPHKFFEM56CA,40,93.98,住家用,加強磚造,64年6月5日,二層,一層 二層
RPSNMLOKPHKFFDM56CA,21,201.10,住家用,鋼筋混凝土造,83年6月14日,四層,一層 二層 三層 四層 電梯樓梯間
RPXNMLRKPHKFFCM27CA,33,99.47,住家用,加強磚造,71年7月26日,二層,一層 二層 騎樓
RPRNMLTLPHKFFCM96CA,19,106.31,住家用,鋼筋混凝土造,85年8月15日,七層,六層
RPRNMLTLPHKFFCM96CA,19,48.48,見其他登記事項,鋼筋混凝土造,85年8月15日,七層,
RPPNMLQKPHKFFBM88CA,9,192.00,住家用,鋼筋混凝土造,95年10月18日,三層,一層 二層 三層 屋頂突出物
RPOOMLPKPHKFFBM78CA,18,165.25,住家用,鋼筋混凝土造,86年12月11日,三層,一層 二層 三層 電梯樓梯間
RPVNMLOKPHKFFBM66CA,24,172.98,住家用,鋼筋混凝土造,80年9月10日,三層,一層 二層 三層
RPPNMLKKQHKFFBM38CA,47,73.04,住商用,鋼筋混凝土加強磚造,57年5月30日,二層,一層 二層
RPSOMLMLPHKFFAM88CA,,.21,見其他登記事項,鋼筋混凝土造,,九層,地下一層
RPSOMLMLPHKFFAM88CA,17,7.09,見其他登記事項,鋼筋混凝土造,87年3月6日,九層,
RPSOMLMLPHKFFAM88CA,17,.03,見其他登記事項,鋼筋混凝土造,87年3月6日,九層,
RPROMLPKPHKFFAM98CA,19,102.48,住家用,鋼筋混凝土造,85年8月21日,三層,一層 二層 三層
RPQNMLPKPHKFFAM78CA,21,80.39,住家用,鋼筋混凝土造,83年9月8日,五層,四層
RPSNMLRKPHKFFBM66CA,56,154.25,住商用,鋼筋混凝土加強磚造,48年7月1日,三層,
RPVNMLQKPHKFFAM76CA,25,251.38,住家用,鋼筋混凝土造,79年1月31日,三層,一層 二層 三層
RPTPMLLKQHKFFAM98CA,1,178.21,見其他登記事項,鋼筋混凝土造,103年10月23日,四層,一層 二層 三層 四層
RPTPMLLKQHKFFAM98CA,1,.31,住家用,鋼筋混凝土造,103年10月23日,一層,
RPQPMLLKQHKFFAM68CA,1,178.21,見其他登記事項,鋼筋混凝土造,103年10月23日,四層,一層 二層 三層 四層
RPQPMLLKQHKFFAM68CA,1,.31,住家用,鋼筋混凝土造,103年10月23日,一層,
RPPNMLNLPHKFFEM98CA,54,297.60,住商用,鋼筋混凝土加強磚造,50年12月15日,三層,一層 二層 三層 騎樓
RPROMLOLPHKFFCM56CA,21,26.76,見其他登記事項,鋼筋混凝土造,83年7月7日,十三層,
RPROMLOLPHKFFCM56CA,21,78.54,見其他登記事項,鋼筋混凝土造,83年7月7日,十三層,十一層
RPWNMLMLPHKFFCM76CA,20,77.77,見其他登記事項,鋼筋混凝土造,84年11月22日,十二層,六層
RPWNMLMLPHKFFCM76CA,20,25.67,見其他登記事項,鋼筋混凝土造,84年11月22日,十二層,
RPOOMLQKPHKFFCM98CA,51,94.55,住家用,加強磚造,53年3月1日,二層,一層 二層 騎樓
RPXNMLLKQHKFFCM76CA,21,61.08,見其他登記事項,鋼筋混凝土造,83年11月28日,九層,六層
RPXNMLLKQHKFFCM76CA,21,14.78,見其他登記事項,鋼筋混凝土造,83年11月28日,九層,
RPPOMLNKQHKFFCM88CA,18,28.79,住家用,鋼筋混凝土造,86年5月6日,三層,一層 三層 二層
RPPOMLNKQHKFFCM88CA,18,29.07,住家用,鋼筋混凝土造,86年5月6日,三層,一層 三層 二層
RPPOMLNKQHKFFCM88CA,18,28.77,住家用,鋼筋混凝土造,86年5月6日,三層,二層 一層 三層
RPUNMLQJQHKFFDM96CA,19,219.18,住家用,鋼筋混凝土造,85年1月9日,四層,一層 二層 三層 四層
RPXNMLNKQHKFFCM96CA,18,8.66,住家用,鋼筋混凝土造,86年5月6日,五層,一層
RPXNMLNKQHKFFCM96CA,18,3.96,見其他登記事項,鋼筋混凝土造,86年5月6日,五層,
RPXNMLNKQHKFFCM96CA,18,10.42,住家用,鋼筋混凝土造,86年5月6日,五層,五層
RPXNMLNKQHKFFCM96CA,18,3.96,見其他登記事項,鋼筋混凝土造,86年5月6日,五層,
RPXNMLNKQHKFFCM96CA,18,9.56,住家用,鋼筋混凝土造,86年5月6日,五層,四層
RPXNMLNKQHKFFCM96CA,18,3.96,見其他登記事項,鋼筋混凝土造,86年5月6日,五層,
RPXNMLNKQHKFFCM96CA,18,9.48,住家用,鋼筋混凝土造,86年5月6日,五層,四層
RPXNMLNKQHKFFCM96CA,18,3.96,見其他登記事項,鋼筋混凝土造,86年5月6日,五層,
RPXNMLNKQHKFFCM96CA,18,6.34,住家用,鋼筋混凝土造,86年5月6日,五層,五層
RPXNMLNKQHKFFCM96CA,18,3.96,見其他登記事項,鋼筋混凝土造,86年5月6日,五層,
RPXNMLNKQHKFFCM96CA,18,8.66,住家用,鋼筋混凝土造,86年5月6日,五層,五層
RPXNMLNKQHKFFCM96CA,18,3.96,見其他登記事項,鋼筋混凝土造,86年5月6日,五層,
RPXNMLNKQHKFFCM96CA,18,9.76,住家用,鋼筋混凝土造,86年5月6日,五層,五層
RPXNMLNKQHKFFCM96CA,18,3.96,見其他登記事項,鋼筋混凝土造,86年5月6日,五層,
RPXNMLNKQHKFFCM96CA,18,9.76,住家用,鋼筋混凝土造,86年5月6日,五層,一層
RPXNMLNKQHKFFCM96CA,18,3.96,見其他登記事項,鋼筋混凝土造,86年5月6日,五層,
RPXNMLNKQHKFFCM96CA,18,10.42,住家用,鋼筋混凝土造,86年5月6日,五層,一層
RPXNMLNKQHKFFCM96CA,18,3.96,見其他登記事項,鋼筋混凝土造,86年5月6日,五層,
RPXNMLNKQHKFFCM96CA,18,9.56,住家用,鋼筋混凝土造,86年5月6日,五層,一層
RPXNMLNKQHKFFCM96CA,18,3.96,見其他登記事項,鋼筋混凝土造,86年5月6日,五層,
RPXNMLNKQHKFFCM96CA,18,9.48,住家用,鋼筋混凝土造,86年5月6日,五層,一層
RPXNMLNKQHKFFCM96CA,18,3.96,見其他登記事項,鋼筋混凝土造,86年5月6日,五層,
RPXNMLNKQHKFFCM96CA,18,6.34,住家用,鋼筋混凝土造,86年5月6日,五層,二層
RPXNMLNKQHKFFCM96CA,18,3.96,見其他登記事項,鋼筋混凝土造,86年5月6日,五層,
RPXNMLNKQHKFFCM96CA,18,8.66,住家用,鋼筋混凝土造,86年5月6日,五層,二層
RPXNMLNKQHKFFCM96CA,18,3.96,見其他登記事項,鋼筋混凝土造,86年5月6日,五層,
RPXNMLNKQHKFFCM96CA,18,9.76,住家用,鋼筋混凝土造,86年5月6日,五層,二層
RPXNMLNKQHKFFCM96CA,18,3.96,見其他登記事項,鋼筋混凝土造,86年5月6日,五層,
RPXNMLNKQHKFFCM96CA,18,10.42,住家用,鋼筋混凝土造,86年5月6日,五層,二層
RPXNMLNKQHKFFCM96CA,18,3.96,見其他登記事項,鋼筋混凝土造,86年5月6日,五層,
RPXNMLNKQHKFFCM96CA,18,9.56,住家用,鋼筋混凝土造,86年5月6日,五層,二層
RPXNMLNKQHKFFCM96CA,18,3.96,見其他登記事項,鋼筋混凝土造,86年5月6日,五層,
RPXNMLNKQHKFFCM96CA,18,9.48,住家用,鋼筋混凝土造,86年5月6日,五層,二層
RPXNMLNKQHKFFCM96CA,18,3.96,見其他登記事項,鋼筋混凝土造,86年5月6日,五層,
RPXNMLNKQHKFFCM96CA,18,6.34,住家用,鋼筋混凝土造,86年5月6日,五層,三層
RPXNMLNKQHKFFCM96CA,18,3.96,見其他登記事項,鋼筋混凝土造,86年5月6日,五層,
RPXNMLNKQHKFFCM96CA,18,8.66,住家用,鋼筋混凝土造,86年5月6日,五層,三層
RPXNMLNKQHKFFCM96CA,18,3.96,見其他登記事項,鋼筋混凝土造,86年5月6日,五層,
RPXNMLNKQHKFFCM96CA,18,9.76,住家用,鋼筋混凝土造,86年5月6日,五層,三層
RPXNMLNKQHKFFCM96CA,18,3.96,見其他登記事項,鋼筋混凝土造,86年5月6日,五層,
RPXNMLNKQHKFFCM96CA,18,10.42,住家用,鋼筋混凝土造,86年5月6日,五層,三層
RPXNMLNKQHKFFCM96CA,18,3.96,見其他登記事項,鋼筋混凝土造,86年5月6日,五層,
RPXNMLNKQHKFFCM96CA,18,9.56,住家用,鋼筋混凝土造,86年5月6日,五層,三層
RPXNMLNKQHKFFCM96CA,18,3.96,見其他登記事項,鋼筋混凝土造,86年5月6日,五層,
RPXNMLNKQHKFFCM96CA,18,9.48,住家用,鋼筋混凝土造,86年5月6日,五層,三層
RPXNMLNKQHKFFCM96CA,18,3.96,見其他登記事項,鋼筋混凝土造,86年5月6日,五層,
RPXNMLNKQHKFFCM96CA,18,6.34,住家用,鋼筋混凝土造,86年5月6日,五層,四層
RPXNMLNKQHKFFCM96CA,18,3.96,見其他登記事項,鋼筋混凝土造,86年5月6日,五層,
RPXNMLNKQHKFFCM96CA,18,8.66,住家用,鋼筋混凝土造,86年5月6日,五層,四層
RPXNMLNKQHKFFCM96CA,18,3.96,見其他登記事項,鋼筋混凝土造,86年5月6日,五層,
RPXNMLNKQHKFFCM96CA,18,9.76,住家用,鋼筋混凝土造,86年5月6日,五層,四層
RPXNMLNKQHKFFCM96CA,18,3.96,見其他登記事項,鋼筋混凝土造,86年5月6日,五層,
RPXNMLNKQHKFFCM96CA,18,10.42,住家用,鋼筋混凝土造,86年5月6日,五層,四層
RPXNMLNKQHKFFCM96CA,18,3.96,見其他登記事項,鋼筋混凝土造,86年5月6日,五層,
RPXNMLNKQHKFFCM96CA,18,9.56,住家用,鋼筋混凝土造,86年5月6日,五層,五層
RPXNMLNKQHKFFCM96CA,18,3.96,見其他登記事項,鋼筋混凝土造,86年5月6日,五層,
RPXNMLNKQHKFFCM96CA,18,9.48,住家用,鋼筋混凝土造,86年5月6日,五層,五層
RPXNMLNKQHKFFCM96CA,18,3.96,見其他登記事項,鋼筋混凝土造,86年5月6日,五層,
RPXNMLKLPHKFFCM66CA,41,165.16,住商用,鋼筋混凝土加強磚造,63年2月20日,二層,一層 二層 騎樓
RPXOMLLLPHKFFCM86CA,20,81.71,見其他登記事項,鋼筋混凝土造,83年12月31日,十二層,六層
RPXOMLLLPHKFFCM86CA,20,21.84,見其他登記事項,鋼筋混凝土造,83年12月31日,十二層,
RPRNMLSLPHKFFBM86DA,21,21.57,住家用,鋼筋混凝土造,83年11月7日,十三層,十二層
RPRNMLSLPHKFFBM86DA,21,7.44,見其他登記事項,鋼筋混凝土造,83年11月7日,十三層,
RPQNMLKLPHKFFAM48DA,21,184.71,住家用,鋼筋混凝土造,83年3月31日,三層,一層 二層 三層 屋頂突出物 地下層
RPQNMLKLPHKFFAM48DA,21,16.93,見其他登記事項,鋼筋混凝土造,83年3月31日,四層,
RPQNMLKLPHKFFAM48DA,21,1.39,見其他登記事項,鋼筋混凝土造,83年3月31日,四層,
RPWNMLKLPHKFFBM56DA,21,63.34,住家用,鋼筋混凝土造,83年10月18日,五層,四層
RPWNMLKLPHKFFBM56DA,21,11.54,見其他登記事項,鋼筋混凝土造,83年10月18日,五層,
RPSNMLQKPHKFFEM86CA,19,201.03,住商用,鋼筋混凝土造,85年3月22日,三層,一層 二層 三層 屋頂突出物 騎樓
RPWNMLKKQHKFFBM09CA,24,133.36,住家用,鋼筋混凝土造,79年12月26日,二層,一層 二層
RPRPMLLKQHKFFAM78CA,1,178.21,見其他登記事項,鋼筋混凝土造,103年10月23日,四層,一層 二層 三層 四層
RPRPMLLKQHKFFAM78CA,1,.31,住家用,鋼筋混凝土造,103年10月23日,一層,
RPSOMLLKQHKFFAM78CA,,170.67,見其他登記事項,鋼筋混凝土造,103年10月23日,四層,一層 二層 三層 四層
RPSOMLLKQHKFFAM78CA,,.31,住家用,鋼筋混凝土造,103年10月23日,一層,
RPUNMLQKPHKFFAM66CA,29,212.52,住家用,鋼筋混凝土造,75年10月9日,三層,一層 二層 三層 騎樓
RPPNMLKLPHKFFAM28CA,38,86.00,住家用,加強磚造,66年3月15日,二層,一層 二層
RPUOMLMLPHKFFAM09CA,32,132.68,住家用,鋼筋混凝土加強磚造,72年4月4日,二層,一層 二層 騎樓
RPUPMLLKQHKFFAM09CA,1,270.62,見其他登記事項,鋼筋混凝土造,103年10月23日,四層,一層 二層 三層 四層 見其他登記事項
RPUPMLLKQHKFFAM09CA,1,.56,住家用,鋼筋混凝土造,103年10月23日,一層,
RPRNMLLKQHKFFAM58CA,21,141.19,住家用,鋼筋混凝土造,83年10月7日,十一層,二層
RPRNMLLKQHKFFAM58CA,21,58.14,見其他登記事項,鋼筋混凝土造,83年10月7日,十一層,
RPPNMLQLPHKFFAM88CA,,182.86,見其他登記事項,鋼筋混凝土造,103年12月19日,三層,一層 二層 三層 屋頂突出物
RPQOMLMLPHKFFAM68CA,,167.40,住家用,鋼筋混凝土造,104年4月22日,三層,一層 二層 三層
RPRNMLSLPHKFFAM66CA,16,286.29,住家用,鋼筋混凝土造,88年5月11日,四層,一層 二層 三層 四層 屋頂突出物 地下層
RPRNMLMLPHKFFAM68CA,,169.05,住家用,鋼筋混凝土造,104年4月22日,三層,一層 二層 三層
RPPNMLPKPHKFFAM98CD,21,195.60,見其他登記事項,鋼筋混凝土造,83年7月1日,一層,一層 地下層
RPTNMLLLPHKFFCM98CA,29,84.46,住商用,鋼筋混凝土造,75年1月13日,二層,一層 二層 騎樓
RPRNMLNLPHKFFBM98DA,20,75.51,住家用,鋼筋混凝土造,84年9月12日,七層,六層
RPRNMLNLPHKFFBM98DA,20,27.53,見其他登記事項,鋼筋混凝土造,84年9月12日,七層,
RPSNMLMLPHKFFCM98CA,21,103.69,住家用,鋼筋混凝土造,83年8月13日,十五層,十一層
RPSNMLMLPHKFFCM98CA,21,22.47,見其他登記事項,鋼筋混凝土造,83年8月13日,十五層,
RPROMLLMPHKFFDM09CA,,198.31,見其他登記事項,鋼筋混凝土造,104年2月11日,三層,一層 二層 三層 屋頂突出物
RPQOMLRLPHKFFDM86CA,35,108.78,住家用,鋼筋混凝土加強磚造,69年1月29日,二層,一層 二層 騎樓
RPSOMLLKQHKFFCM98CA,15,1674.68,見其他登記事項,見其他登記事項,89年11月13日,二層,一層 見其他登記事項 二層
RPSNMLMLPHKFFAM78CA,,153.61,住家用,鋼筋混凝土造,104年4月22日,三層,一層 二層 三層
RPROMLMLPHKFFAM78CA,,167.40,住家用,鋼筋混凝土造,104年4月22日,三層,一層 二層 三層
RPXNMLMLPHKFFAM66CA,,161.74,住家用,鋼筋混凝土造,104年4月22日,三層,一層 二層 三層
RPWNMLMLPHKFFAM56CA,,169.05,住家用,鋼筋混凝土造,104年4月22日,三層,一層 二層 三層
RPTNMLLMPHKFFCM56DA,21,89.44,住家用,鋼筋混凝土造,83年8月13日,十五層,三層
RPTNMLLMPHKFFCM56DA,21,22.88,見其他登記事項,鋼筋混凝土造,83年8月13日,十五層,
RPOOMLMLPHKFFAM48CA,,165.99,住家用,鋼筋混凝土造,104年4月22日,三層,一層 二層 三層
RPVNMLMLPHKFFAM09CA,,153.61,住家用,鋼筋混凝土造,104年4月22日,三層,一層 二層 三層
RPOOMLOLPHKFFAM68CA,20,92.35,住家用,鋼筋混凝土造,84年2月16日,十三層,十層
RPOOMLOLPHKFFAM68CA,20,23.37,見其他登記事項,鋼筋混凝土造,84年2月16日,十三層,
RPPNMLKMPHKFFBM48CA,24,87.40,住家用,鋼筋混凝土造,80年9月20日,十一層,二層
RPPNMLKMPHKFFBM48CA,24,14.67,見其他登記事項,鋼筋混凝土造,80年9月20日,十一層,
RPPNMLKMPHKFFBM48CA,24,9.42,見其他登記事項,鋼筋混凝土造,80年9月20日,十一層,
RPPNMLMLPHKFFAM48CA,35,105.44,住商用,鋼筋混凝土加強磚造,69年1月10日,二層,一層 二層 騎樓
RPSNMLNJQHKFFBM88CA,,215.72,見其他登記事項,鋼筋混凝土造,104年3月27日,四層,一層 二層 三層 四層
RPPNMLRKPHKFFAM56CD,35,118.92,住商用,鋼筋混凝土加強磚造,69年8月1日,二層,一層 二層 騎樓
RPQNMLNLPHKFFBM78CA,13,146.96,住家用,鋼骨鋼筋混凝土造,91年12月2日,三層,
RPRNMLNJQHKFFBM78CA,,168.71,見其他登記事項,鋼筋混凝土造,104年3月27日,四層,一層 二層 三層 四層
RPTNMLNJQHKFFBM98CA,,181.33,見其他登記事項,鋼筋混凝土造,104年3月27日,四層,一層 二層 三層 四層
RPQNMLSLPHKFFBM66CA,48,80.11,住家用,加強磚造,,一層,一層
RPUNMLNJQHKFFBM09CA,,215.72,見其他登記事項,鋼筋混凝土造,104年3月27日,四層,一層 二層 三層 四層
RPTNMLKKQHKFFBM78CA,21,87.22,住商用,鋼筋混凝土造,83年4月11日,八層,一層 二層 騎樓
RPTNMLKKQHKFFBM78CA,21,11.12,見其他登記事項,鋼筋混凝土造,83年4月11日,八層,
RPVNMLNJQHKFFBM56CA,,215.72,見其他登記事項,鋼筋混凝土造,104年3月27日,四層,一層 二層 三層 四層
RPQNMLNLPHKFFAM68CA,8,335.27,住家用,鋼筋混凝土造,96年1月16日,五層,一層 二層 三層 四層 五層
RPTNMLSLPHKFFBM96CA,2,190.87,住家用,鋼筋混凝土造,102年7月24日,三層,一層 二層 三層 見其他登記事項
RPQOMLOLPHKFFAM88CA,19,28.61,住家用,鋼筋混凝土造,85年4月10日,七層,二層
RPQOMLOLPHKFFAM88CA,19,16.00,見其他登記事項,鋼筋混凝土造,85年4月10日,七層,
RPPOMLMLPHKFFAM58CA,,158.74,住家用,鋼筋混凝土造,104年4月22日,三層,一層 二層 三層
RPRNMLRKPHKFFAM76CD,25,117.00,住家用,加強磚造,79年10月4日,二層,一層 二層
RPQNMLOKQHKFFBM98DA,21,171.82,住家用,鋼筋混凝土造,83年12月16日,四層,一層 三層 二層 四層
RPUNMLMLPHKFFCM56CA,29,113.19,住家用,鋼筋混凝土加強磚造,75年3月15日,二層,一層 二層
RPVNMLLMPHKFFDM76CA,54,44.61,住家用,見其他登記事項,50年5月1日,一層,一層
RPSNMLNLPHKFFCM09CA,21,111.74,見其他登記事項,鋼筋混凝土造,83年7月7日,十三層,二層
RPSNMLNLPHKFFCM09CA,21,18.89,見其他登記事項,鋼筋混凝土造,83年7月7日,十三層,
RPPOMLOLPHKFFCM98CA,21,98.23,見其他登記事項,鋼筋混凝土造,83年7月7日,十三層,九層
RPPOMLOLPHKFFCM98CA,21,19.38,見其他登記事項,鋼筋混凝土造,83年7月7日,十三層,
RPQNMLOLPHKFFAM78CA,1,335.43,見其他登記事項,鋼筋混凝土造,103年5月14日,四層,一層 二層 三層 四層 屋頂突出物
RPPNMLOLPHKFFAM68CA,1,347.90,見其他登記事項,鋼筋混凝土造,103年5月14日,四層,一層 二層 三層 四層 屋頂突出物
RPVNMLTLPHKFFAM17CA,19,164.69,農舍,見其他登記事項,85年4月6日,一層,一層
RPPPMLLKQHKFFAM58CA,21,101.86,住家用,鋼筋混凝土造,83年11月9日,十六層,六層
RPPPMLLKQHKFFAM58CA,21,16.65,見其他登記事項,鋼筋混凝土造,83年11月9日,十六層,
RPUNMLNLPHKFFBM56CA,11,114.96,見其他登記事項,鋼筋混凝土造,93年2月5日,七層,五層
RPUNMLNLPHKFFBM56CA,11,67.78,見其他登記事項,鋼筋混凝土造,93年2月5日,七層,
RPTNMLNLPHKFFBM09CA,19,77.95,見其他登記事項,鋼筋混凝土造,85年12月7日,八層,三層
RPTNMLNLPHKFFBM09CA,19,27.36,見其他登記事項,鋼筋混凝土造,85年12月7日,八層,
RPSNMLLMPHKFFBM88CA,43,102.56,住家用,鋼筋混凝土加強磚造,61年8月3日,二層,一層 二層
RPSNMLSLPHKFFBM86CA,18,121.71,住家用,鋼筋混凝土造,86年6月30日,三層,一層 二層 三層
RPSNMLSLPHKFFBM86CA,18,.17,見其他登記事項,鋼筋混凝土造,86年6月30日,一層,
RPSNMLSLPHKFFBM86CA,18,35.47,停車空間,鋼筋混凝土造,86年6月30日,地下層,
RPQNMLQLPHKFFAM98CA,1,182.80,見其他登記事項,鋼筋混凝土造,103年12月19日,三層,一層 二層 三層 屋頂突出物
RPPNMLSLPHKFFAM09CA,35,104.50,住商用,鋼筋混凝土加強磚造,69年1月9日,二層,一層 二層 騎樓
RPQNMLOLPHKFFBM98DA,2,187.23,見其他登記事項,鋼筋混凝土造,102年9月2日,四層,一層 二層 三層 四層
RPWNMLLMPHKFFCM76CA,12,137.02,見其他登記事項,見其他登記事項,92年2月20日,二層,
RPTNMLSKQHKFFCM07CA,21,88.09,住家用,鋼筋混凝土造,83年8月13日,十五層,六層
RPTNMLSKQHKFFCM07CA,21,24.52,見其他登記事項,鋼筋混凝土造,83年8月13日,十五層,
RPQOMLOLPHKFFCM09CA,21,184.16,住家用,鋼筋混凝土造,83年7月26日,四層,一層 二層 三層 四層
RPVNMLOJQHKFFDM86CA,8,294.88,住商用,鋼筋混凝土造,96年12月18日,三層,一層 二層 三層 屋頂突出物 騎樓
RPWNMLRLPHKFFDM37CA,23,185.82,住商用,鋼筋混凝土造,81年4月16日,三層,一層 二層 三層 騎樓
RPTNMLRLPHKFFCM96CA,21,56.05,住家用,鋼筋混凝土造,83年10月21日,二層,一層 二層
RPXNMLLMPHKFFCM86CA,,141.62,見其他登記事項,鋼筋混凝土造,104年1月7日,二層,一層 二層 見其他登記事項
RPQNMLLLQHKFFDM98DA,22,165.00,住家用,鋼筋混凝土造,82年1月18日,三層,一層 三層 二層
RPWNMLTKQHKFFCM47CA,12,347.79,農舍,鋼造,92年11月12日,二層,地下層 二層 一層
RPTOMLTKQHKFFCM27CA,15,82.85,住家用,鋼筋混凝土造,89年10月23日,二層,二層 一層
RPSNMLKLQHKFFCM88CA,20,142.10,住家用,加強磚造,84年6月1日,三層,三層 二層 一層
RPPNMLKLQHKFFBM48CA,21,244.03,住家用,鋼造,83年4月22日,二層,一層 二層
RPQNMLKMPHKFFBM58CA,9,182.68,住家用,鋼筋混凝土造,95年12月25日,三層,一層 二層 三層 屋頂突出物
RPPNMLPJQHKFFBM78CA,35,97.58,住家用,鋼筋混凝土加強磚造,69年5月15日,二層,一層 二層
RPWOMLTKQHKFFCM57CA,33,46.44,住家用,加強磚造,71年3月1日,一層,一層
RPSNMLKMPHKFFCM88CA,21,76.21,見其他登記事項,鋼筋混凝土造,83年7月8日,十二層,十二層
RPSNMLKMPHKFFCM88CA,21,10.09,見其他登記事項,鋼筋混凝土造,83年7月8日,十二層,
RPPOMLLMPHKFFCM78CA,,133.88,見其他登記事項,鋼筋混凝土造,104年1月7日,二層,一層 二層 見其他登記事項
RPQOMLOLQHKFFCM56CA,18,177.12,見其他登記事項,見其他登記事項,86年10月28日,一層,一層
RPRNMLOJQHKFFCM98CA,,100.00,農舍,見其他登記事項,104年3月4日,一層,一層
RPQNMLKMPHKFFCM68CA,44,121.18,住家用,鋼筋混凝土加強磚造,60年6月11日,三層,一層 二層 三層
RPUNMLKMPHKFFCM09CA,20,154.62,見其他登記事項,鋼筋混凝土造,84年9月7日,九層,五層
RPUNMLKMPHKFFCM09CA,20,68.38,見其他登記事項,鋼筋混凝土造,84年9月7日,九層,
RPTNMLKMPHKFFCM98CA,20,110.91,見其他登記事項,鋼筋混凝土造,84年9月7日,九層,五層
RPTNMLKMPHKFFCM98CA,20,53.93,見其他登記事項,鋼筋混凝土造,84年9月7日,九層,
RPSNMLNJQHKFFCM98CA,7,144.01,住家用,鋼骨鋼筋混凝土造,97年7月31日,三層,一層 二層 三層
RPOOMLKKQHKFFCM48CA,25,182.34,住家用,鋼筋混凝土造,79年11月30日,三層,一層 二層 三層
RPPNMLKLQHKFFEM78CA,21,228.97,住家用,鋼筋混凝土造,83年4月8日,三層,一層 二層 三層
RPQNMLOJQHKFFEM09CA,31,431.85,住商用,鋼筋混凝土造,73年1月1日,四層,一層 二層 三層 四層 騎樓
RPTNMLNJQHKFFCM09CA,7,147.31,住家用,鋼骨鋼筋混凝土造,97年7月31日,三層,一層 二層 三層
RPQNMLKKQHKFFAM38CA,,174.80,見其他登記事項,鋼筋混凝土造,104年1月27日,三層,一層 二層 三層 屋頂突出物
RPVNMLSLPHKFFBM17CA,1,223.99,見其他登記事項,鋼筋混凝土造,103年6月25日,四層,一層 二層 三層 四層
RPRNMLSLPHKFFBM07CD,48,66.79,住家用,磚造,56年7月10日,一層,一層
RPPNMLOJQHKFFBM68CA,8,183.88,農舍,鋼筋混凝土造,96年1月9日,二層,一層 二層
RPWNMLNJQHKFFCM86DA,,13.60,農舍,見其他登記事項,103年1月20日,一層,一層
RPSNMLLMPHKFFAM78CA,,70.48,住家用,鋼筋混凝土加強磚造,,一層,一層
RPQNMLMKQHKFFCM78CA,20,134.62,住家用,鋼筋混凝土造,84年12月30日,三層,二層 三層 一層
RPUNMLOJQHKFFDM76CA,17,188.01,住家用,鋼筋混凝土造,87年10月1日,三層,一層 二層 三層
RPRNMLNJQHKFFCM88CA,29,110.57,住家用,鋼筋混凝土加強磚造,75年12月5日,二層,一層 二層
RPWNMLLMPHKFFDM86CA,34,117.00,住家用,鋼筋混凝土加強磚造,69年12月31日,二層,一層 二層
RPVNMLMKQHKFFDM76CA,12,172.09,住商用,鋼筋混凝土造,92年5月5日,二層,二層 電梯樓梯間 騎樓 一層
RPPNMLNJQHKFFEM88CA,24,99.27,住家用,鋼筋混凝土造,80年7月31日,二層,一層 二層 屋頂突出物 騎樓
RPSNMLSLPHKFFAM07CD,31,139.22,住家用,鋼筋混凝土加強磚造,73年5月26日,二層,一層 電梯樓梯間 二層
RPWNMLKMPHKFFAM09CA,21,109.65,住家用,鋼筋混凝土造,83年11月9日,十六層,三層
RPWNMLKMPHKFFAM09CA,21,21.33,見其他登記事項,鋼筋混凝土造,83年11月9日,十六層,
RPRNMLLMPHKFFDM98CA,19,211.25,農舍,磚造,85年8月17日,一層,一層
RPQNMLOJQHKFFBM78CA,,238.41,住家用,鋼筋混凝土造,104年1月30日,四層,一層 二層 三層 四層
RPPNMLLJQHKFFBM38CA,,244.00,住家用,鋼筋混凝土造,104年5月25日,四層,一層 二層 三層 四層
RPRNMLOJQHKFFBM88CA,,236.14,住家用,鋼筋混凝土造,104年1月30日,四層,一層 二層 三層 四層
RPPNMLMKQHKFFBM58CA,,298.80,見其他登記事項,鋼筋混凝土造,104年3月27日,四層,一層 二層 四層 三層
RPVNMLQJQHKFFAM76CA,20,92.35,住家用,鋼筋混凝土造,84年2月16日,十三層,八層
RPVNMLQJQHKFFAM76CA,20,23.37,見其他登記事項,鋼筋混凝土造,84年2月16日,十三層,
RPVNMLQJQHKFFAM76CA,20,12.67,停車空間,鋼筋混凝土造,84年2月16日,十三層,
RPRNMLNJQHKFFAM68CA,1,177.96,見其他登記事項,鋼筋混凝土造,103年12月19日,三層,一層 屋頂突出物 二層 三層
RPQNMLMKQHKFFBM68CA,,215.72,見其他登記事項,鋼筋混凝土造,104年3月27日,四層,四層 一層 三層 二層
RPPNMLSJQHKFFEM76CA,38,109.77,住家用,鋼筋混凝土加強磚造,66年12月6日,二層,一層 二層
RPVNMLRJQHKFFCM07CA,17,93.54,見其他登記事項,鋼筋混凝土造,87年12月31日,八層,四層
RPVNMLRJQHKFFCM07CA,17,60.17,見其他登記事項,鋼筋混凝土造,87年12月31日,八層,
RPQOMLLMPHKFFDM98CA,36,195.09,住商用,鋼筋混凝土加強磚造,68年2月14日,四層,一層 二層 三層 四層 騎樓
RPPNMLNJQHKFFDM78CA,41,48.60,住家用,磚造,63年7月1日,一層,一層
RPTNMLOJQHKFFDM66CA,34,72.93,住家用,鋼筋混凝土加強磚造,70年1月28日,二層,一層 二層
RPTNMLPLQHKFFCM86CA,21,207.45,住家用,鋼筋混凝土造,83年10月19日,四層,二層 地下層 四層 三層 一層
RPTNMLPLQHKFFCM86CA,21,22.48,見其他登記事項,鋼筋混凝土造,83年10月19日,,
