﻿鄉鎮市區,交易標的,土地區段位置/建物區段門牌,土地移轉總面積平方公尺,都市土地使用分區,非都市土地使用分區,非都市土地使用編定,交易年月日,交易筆棟數,移轉層次,總樓層數,建物型態,主要用途,主要建材,建築完成年月,建物移轉總面積平方公尺,建物現況格局-房,建物現況格局-廳,建物現況格局-衛,建物現況格局-隔間,有無管理組織,總價元,單價元/平方公尺,車位類別,車位移轉總面積平方公尺,車位總價元,備註,編號
The villages and towns urban district,transaction sign,land sector position/building sector house number plate,land shifting total area square meter,the use zoning or compiles and checks,the non-metropolis land use district,non-metropolis land use,transaction year, month and day,transaction pen number,shifting level,total floor number,building state,main use,main building materials,construction to complete the years,building shifting total area,Building present situation pattern - room,building present situation pattern - hall,building present situation pattern - health,building present situation pattern - compartmented,Whether there is manages the organization,total price Yuan,the unit price a Yuan/square meter,the berth category,berth shifting total area square meter,the berth total price Yuan,the note,serial number
馬公市,房地(土地+建物),澎湖縣馬公巿文昌街8巷1~30號,66.25,住,,,1031231,土地1建物1車位0,全,二層,透天厝,住家用,鋼筋混凝土加強磚造,0710609,92.34,5,2,2,有,無,5500000,59562,,0.0,0,,RPUNMLOKNHKFFAX37CA
白沙鄉,土地,後寮段2371~2400地號,463.0,,一般農業區,農牧用地,1040417,土地1建物0車位0,,,其他,,,,0.0,0,0,0,有,無,750000,1620,,0.0,0,,RPPNMLSKNHKFFAX37DA
馬公市,房地(土地+建物),澎湖縣馬公巿石泉151~180號,53.04,,鄉村區,乙種建築用地,1040422,土地1建物1車位0,全,二層,透天厝,住家用,鋼筋混凝土造,0720118,82.04,3,1,2,有,無,2100000,25597,,0.0,0,,RPVNMLPJNHKFFAX57DA
馬公市,土地,雙湖段31~60地號,1045.12,,森林區,丙種建築用地,1040312,土地7建物0車位0,,,其他,,,,0.0,0,0,0,有,無,6280000,6009,,0.0,0,親友、員工或其他特殊關係間之交易。;二親等買賣,RPRNMLMKNHKFFAX96DA
馬公市,土地,鐵線段721~750地號,34.11,,一般農業區,水利用地,1040424,土地1建物0車位0,,,其他,,,,0.0,0,0,0,有,無,375551,11010,,0.0,0,向政府機關承購之案件。;向政府機關承購之案件。,RPSNMLSJNHKFFAX47CA
馬公市,房地(土地+建物),澎湖縣馬公巿鎖管港901~930號,65.76,商,,,1040402,土地1建物1車位0,全,二層,透天厝,住商用,鋼筋混凝土加強磚造,0691230,104.4,3,1,2,有,無,2880000,27586,,0.0,0,,RPSNMLQJNHKFFAX27CA
馬公市,房地(土地+建物),澎湖縣馬公巿三多路391~420號,14.58,商,,,1040415,土地1建物1車位0,六層,十層,華廈(10層含以下有電梯),住家用,鋼筋混凝土造,0850308,129.20000000000002,3,1,1,有,有,3800000,29412,,0.0,0,,RPWNMLMLNHKFFAX47CA
馬公市,土地,四維段151~180地號,84.38,,鄉村區,乙種建築用地,1040422,土地1建物0車位0,,,其他,,,,0.0,0,0,0,有,無,2200000,26073,,0.0,0,親友、員工或其他特殊關係間之交易。;親友、員工或其他特殊關係間之交易。,RPPNMLOKNHKFFAX96DA
湖西鄉,土地,沙港北段1231~1260地號,1191.14,,一般農業區,農牧用地,1040408,土地1建物0車位0,,,其他,,,,0.0,0,0,0,有,無,4200000,3526,,0.0,0,,RPRNMLLLNHKFFAX86CA
西嶼鄉,土地,橫礁段601~630地號,708.0,,風景區,農牧用地,1040418,土地1建物0車位0,,,其他,,,,0.0,0,0,0,有,無,3598000,5082,,0.0,0,,RPPNMLRJNHKFFAX07CA
馬公市,土地,五德西段91~120地號,3944.01,,一般農業區,農牧用地,1040429,土地5建物0車位0,,,其他,,,,0.0,0,0,0,有,無,13300000,3372,,0.0,0,,RPQNMLRJNHKFFAX17CA
馬公市,土地,山水北段481~510地號,1825.47,,一般農業區,農牧用地,1040306,土地2建物0車位0,,,其他,,,,0.0,0,0,0,有,無,12150000,6656,,0.0,0,,RPVNMLOKNHKFFAX47CA
馬公市,房地(土地+建物),澎湖縣馬公巿石泉1~30號,63.68,,一般農業區,甲種建築用地,1040330,土地1建物1車位0,全,二層,透天厝,住家用,鋼筋混凝土加強磚造,0791201,80.8,3,2,2,有,無,3550000,43936,,0.0,0,,RPWNMLOKNHKFFAX57CA
西嶼鄉,房地(土地+建物),澎湖縣西嶼鄉竹篙灣91~120號,247.0,,鄉村區,乙種建築用地,1040417,土地1建物1車位0,全,二層,透天厝,住家用,加強磚造,0881027,126.55,3,1,2,有,無,902500,7132,,0.0,0,親友、員工或其他特殊關係間之交易。;親友、員工或其他特殊關係間之交易。,RPPNMLSJNHKFFAX17CA
白沙鄉,土地,後寮段2461~2490地號,116.0,,鄉村區,乙種建築用地,1040505,土地1建物0車位0,,,其他,,,,0.0,0,0,0,有,無,400000,3448,,0.0,0,建物未保存登記,RPUNMLPLNHKFFAX67DA
馬公市,房地(土地+建物),澎湖縣馬公巿文康街中心巷1弄1~30號,32.0,商,,,1040428,土地1建物1車位0,全,二層,透天厝,住家用,鋼筋混凝土加強空心磚造,0631231,49.63,3,1,2,有,無,2520000,50776,,0.0,0,,RPRNMLNKNHKFFAX07DA
馬公市,土地,埕西段781~810地號,58.25,住,,,1040429,土地1建物0車位0,,,其他,,,,0.0,0,0,0,有,無,3857315,66220,,0.0,0,,RPPNMLLKNHKFFAX76EA
馬公市,土地,鎖港南段511~540地號,38.0,住,,,1040429,土地1建物0車位0,,,其他,,,,0.0,0,0,0,有,無,300000,7895,,0.0,0,親友、員工或其他特殊關係間之交易。;親友、員工或其他特殊關係間之交易。,RPPNMLNKNHKFFAX96EA
白沙鄉,土地,後寮南段151~180地號,199.03,,一般農業區,農牧用地,1040428,土地1建物0車位0,,,其他,,,,0.0,0,0,0,有,無,150000,754,,0.0,0,,RPQNMLNKNHKFFAX07EA
西嶼鄉,土地,小池角段871~900地號,646.0,,一般農業區,農牧用地,1040428,土地2建物0車位0,,,其他,,,,0.0,0,0,0,有,無,4550000,7043,,0.0,0,,RPRNMLSJNHKFFAX47DA
馬公市,土地,興崁段1081~1110地號,381.25,,一般農業區,農牧用地,1040410,土地1建物0車位0,,,其他,,,,0.0,0,0,0,有,無,1750000,4590,,0.0,0,,RPQNMLMKNHKFFAX76CA
馬公市,土地,東澳段481~510地號,59.06,住,,,1040501,土地1建物0車位0,,,其他,,,,0.0,0,0,0,有,無,1320500,22359,,0.0,0,,RPTNMLOKNHKFFAX27CA
湖西鄉,土地,西溪新段1771~1800地號,423.15,,一般農業區,農牧用地,1040429,土地1建物0車位0,,,其他,,,,0.0,0,0,0,有,無,400000,945,,0.0,0,,RPSOMLOKNHKFFAX27CA
馬公市,土地,鐵線段571~600地號,190.59,,一般農業區,農牧用地,1040424,土地1建物0車位0,,,其他,,,,0.0,0,0,0,有,無,1268000,6653,,0.0,0,,RPXNMLOKNHKFFAX67CA
馬公市,土地,雙湖段1081~1110地號,3288.19,,一般農業區,農牧用地,1040504,土地1建物0車位0,,,其他,,,,0.0,0,0,0,有,無,22800000,6934,,0.0,0,,RPOOMLOKNHKFFAX86CA
白沙鄉,土地,通梁南段1021~1050地號,300.4,住,,,1040410,土地1建物0車位0,,,其他,,,,0.0,0,0,0,有,無,3990000,13282,,0.0,0,,RPPOMLOKNHKFFAX96CA
馬公市,土地,海堤段901~930地號,128.53,住,,,1040302,土地1建物0車位0,,,其他,,,,0.0,0,0,0,有,無,1477440,11495,,0.0,0,,RPTNMLTLNHKFFAX87CA
馬公市,房地(土地+建物),澎湖縣馬公巿文光路188巷1~30號,82.28,住,,,1040415,土地1建物1車位0,全,二層,透天厝,住家用,鋼筋混凝土加強磚造,0730614,120.89,3,1,2,有,無,3980000,32922,,0.0,0,,RPVNMLMLNHKFFAX47DA
湖西鄉,土地,尖山南段451~480地號,483.16,,一般農業區,農牧用地,1040508,土地1建物0車位0,,,其他,,,,0.0,0,0,0,有,無,2600000,5381,,0.0,0,,RPSNMLPKNHKFFAX37DA
白沙鄉,土地,通梁東段541~570地號,854.03,,一般農業區,農牧用地,1040505,土地1建物0車位0,,,其他,,,,0.0,0,0,0,有,無,3741000,4380,,0.0,0,,RPTNMLSKNHKFFAX77DA
白沙鄉,土地,上瓦硐段1~30地號,1041.19,,一般農業區,農牧用地,1040507,土地5建物0車位0,,,其他,,,,0.0,0,0,0,有,無,1120000,1076,,0.0,0,,RPPNMLLLNHKFFAX76DA
馬公市,土地,五福段511~540地號,478.35,,一般農業區,農牧用地,1040331,土地1建物0車位0,,,其他,,,,0.0,0,0,0,有,無,11580000,24208,,0.0,0,,RPRNMLMLNHKFFAX96CA
馬公市,土地,鐵線段661~690地號,1180.18,,一般農業區,農牧用地,1031231,土地1建物0車位0,,,其他,,,,0.0,0,0,0,有,無,38000000,32198,,0.0,0,"農變建專案核准,交易總價包括未興建房屋建築費用。共有人5人。",RPQNMLMLNHKFFAX86CA
湖西鄉,土地,尖山南段1081~1110地號,2279.22,,一般農業區,農牧用地,1040506,土地1建物0車位0,,,其他,,,,0.0,0,0,0,有,無,8273500,3630,,0.0,0,,RPQOMLOKNHKFFAX07CA
湖西鄉,土地,湖東新段451~480地號,213.18,,一般農業區,農牧用地,1040426,土地1建物0車位0,,,其他,,,,0.0,0,0,0,有,無,806000,3781,,0.0,0,,RPROMLOKNHKFFAX17CA
湖西鄉,土地,湖西南段1741~1770地號,654.36,,一般農業區,農牧用地,1040508,土地1建物0車位0,,,其他,,,,0.0,0,0,0,有,無,2600000,3973,,0.0,0,,RPRNMLPKNHKFFAX17CA
馬公市,土地,案山段91~120地號,239.92,住,,,1040409,土地1建物0車位0,,,其他,,,,0.0,0,0,0,有,無,5800000,24175,,0.0,0,,RPSNMLLLNHKFFAX96CA
七美鄉,土地,大嶼段4111~4140地號,911.5,,一般農業區,農牧用地,1040423,土地5建物0車位0,,,其他,,,,0.0,0,0,0,有,無,760000,834,,0.0,0,,RPUNMLLLNHKFFAX17CA
七美鄉,土地,大嶼段4081~4110地號,580.5,,一般農業區,農牧用地,1040423,土地1建物0車位0,,,其他,,,,0.0,0,0,0,有,無,760000,1309,,0.0,0,,RPVNMLLLNHKFFAX27CA
馬公市,土地,五福段241~270地號,797.18,,一般農業區,農牧用地,1040505,土地1建物0車位0,,,其他,,,,0.0,0,0,0,有,無,9163320,11495,,0.0,0,,RPPNMLTKNHKFFAX37CA
馬公市,土地,五福段241~270地號,265.0,,一般農業區,農牧用地,1040505,土地1建物0車位0,,,其他,,,,0.0,0,0,0,有,無,3046080,11495,,0.0,0,,RPQNMLTKNHKFFAX47CA
湖西鄉,土地,林投北段541~570地號,2046.45,,一般農業區,農牧用地,1040507,土地1建物0車位0,,,其他,,,,0.0,0,0,0,有,無,4904325,2397,,0.0,0,,RPTNMLPKNHKFFAX47DA
西嶼鄉,土地,小池角段2701~2730地號,121.0,,一般農業區,甲種建築用地,1040426,土地1建物0車位0,,,其他,,,,0.0,0,0,0,有,無,580000,4793,,0.0,0,,RPRNMLSKNHKFFAX57DA
白沙鄉,土地,港子段541~570地號,853.96,,一般農業區,農牧用地,1040428,土地2建物0車位0,,,其他,,,,0.0,0,0,0,有,無,1161000,1360,,0.0,0,,RPQNMLSKNHKFFAX57EA
馬公市,土地,案山段31~60地號,559.28,工,,,1040506,土地2建物0車位0,,,其他,,,,0.0,0,0,0,有,無,13280000,23745,,0.0,0,,RPRNMLTKNHKFFAX57CA
馬公市,房地(土地+建物),澎湖縣馬公巿文明路151~180號,22.22,住,,,1040420,土地1建物1車位0,五層,七層,華廈(10層含以下有電梯),住家用,鋼筋混凝土造,0840128,116.94,3,1,2,有,無,3280000,28049,,0.0,0,,RPSNMLTKNHKFFAX67CA
馬公市,房地(土地+建物)+車位,澎湖縣馬公巿文明路151~180號,22.22,住,,,1040417,土地1建物1車位1,七層,七層,華廈(10層含以下有電梯),住家用,鋼筋混凝土造,0840128,93.4,2,1,2,有,有,3480000,37259,坡道平面,0.0,0,,RPXNMLMLNHKFFAX57CA
馬公市,土地,國宅段31~60地號,330.54,,一般農業區,農牧用地,1040511,土地1建物0車位0,,,其他,,,,0.0,0,0,0,有,無,3300000,9984,,0.0,0,,RPSNMLSKNHKFFAX57CA
馬公市,土地,井垵西段421~450地號,595.39,,一般農業區,農牧用地,1040511,土地1建物0車位0,,,其他,,,,0.0,0,0,0,有,無,4680000,7860,,0.0,0,,RPRNMLKLNHKFFAX76CA
白沙鄉,土地,後寮段1141~1170地號,461.0,,一般農業區,農牧用地,1040422,土地1建物0車位0,,,其他,,,,0.0,0,0,0,有,無,1812000,3931,,0.0,0,,RPTNMLTKNHKFFAX77CA
馬公市,土地,文東段421~450地號,900.61,,一般農業區,農牧用地,1040413,土地1建物0車位0,,,其他,,,,0.0,0,0,0,有,無,35940000,39906,,0.0,0,權利人為4人;含未來興建4戶房屋價款,RPQNMLLKOHKFFAX76CA
湖西鄉,土地,鼎灣新段601~630地號,456.17,,一般農業區,農牧用地,1040428,土地1建物0車位0,,,其他,,,,0.0,0,0,0,有,無,13600000,29813,,0.0,0,二人共有.為農變建案件.含為未完成建築物費用,RPSNMLTJOHKFFAX77DA
馬公市,房地(土地+建物),澎湖縣馬公巿光復路61~90號,36.25,住,,,1040412,土地1建物1車位0,四層,五層,公寓(5樓含以下無電梯),見其他登記事項,鋼筋混凝土造,0730629,81.81,3,1,2,有,無,3000000,36670,,0.0,0,,RPQNMLKLNHKFFAX76DA
湖西鄉,土地,湖西南段2071~2100地號,513.75,,一般農業區,農牧用地,1040428,土地1建物0車位0,,,其他,,,,0.0,0,0,0,有,無,1709000,3327,,0.0,0,,RPQNMLTLNHKFFAX67DA
白沙鄉,土地,講美段601~630地號,29.4,,,,1040507,土地1建物0車位0,,,其他,,,,0.0,0,0,0,有,無,287406,9776,,0.0,0,,RPPNMLRLNHKFFAX37DA
白沙鄉,土地,講美段601~630地號,1.64,,,,1040507,土地1建物0車位0,,,其他,,,,0.0,0,0,0,有,無,70000,42683,,0.0,0,,RPQNMLRLNHKFFAX47DA
湖西鄉,土地,鼎灣新段601~630地號,600.39,,一般農業區,農牧用地,1040428,土地1建物0車位0,,,其他,,,,0.0,0,0,0,有,無,660430,1100,,0.0,0,親友、員工或其他特殊關係間之交易。;三人共有.含將來未完成建築物成本費用.親友、員工或其他特殊關係間之交易。,RPUNMLTJOHKFFAX97DA
白沙鄉,土地,吉貝東段781~810地號,747.34,,一般農業區,農牧用地,1040508,土地1建物0車位0,,,其他,,,,0.0,0,0,0,有,無,791000,1058,,0.0,0,,RPPNMLKLNHKFFAX56CA
馬公市,土地,鎖港南段331~360地號,1241.03,,一般農業區,農牧用地,1040423,土地1建物0車位0,,,其他,,,,0.0,0,0,0,有,無,5068000,4084,,0.0,0,,RPSNMLMLNHKFFAX07CA
湖西鄉,土地,龍門北段121~150地號,1599.93,,一般農業區,農牧用地,1040415,土地1建物0車位0,,,其他,,,,0.0,0,0,0,有,無,5650000,3531,,0.0,0,,RPTNMLMLNHKFFAX17CA
馬公市,土地,文寮段31~60地號,239.17,,一般農業區,農牧用地,1040512,土地1建物0車位0,,,其他,,,,0.0,0,0,0,有,無,7660000,32027,,0.0,0,"農變建專案核准,交易總價包括未興建房屋建築費用。",RPRNMLTJOHKFFAX57CA
湖西鄉,土地,機場段631~660地號,2171.62,,一般農業區,農牧用地,1040518,土地1建物0車位0,,,其他,,,,0.0,0,0,0,有,無,5266100,2425,,0.0,0,向政府機關承購之案件。;向政府機關承購之案件。,RPWNMLLLNHKFFAX57EA
湖西鄉,土地,林投北段961~990地號,2226.3,,一般農業區,農牧用地,1040519,土地1建物0車位0,,,其他,,,,0.0,0,0,0,有,無,1760000,791,,0.0,0,,RPWNMLLLNHKFFAX47DA
馬公市,土地,鐵線段1201~1230地號,1067.28,,一般農業區,農牧用地,1040421,土地2建物0車位0,,,其他,,,,0.0,0,0,0,有,無,4630000,4338,,0.0,0,,RPUNMLMLNHKFFAX37DA
白沙鄉,土地,赤崁南段301~330地號,563.37,,一般農業區,農牧用地,1040511,土地2建物0車位0,,,其他,,,,0.0,0,0,0,有,無,2900000,5148,,0.0,0,,RPQNMLPLNHKFFAX27DA
湖西鄉,土地,潭邊新段271~300地號,1081.0,,一般農業區,農牧用地,1040312,土地1建物0車位0,,,其他,,,,0.0,0,0,0,有,無,1945888,1800,,0.0,0,向政府機關承購之案件。;未辦繼承標售。,RPPNMLPLNHKFFAX27EA
湖西鄉,土地,隘門新段1111~1140地號,3811.22,,一般農業區,農牧用地,1040312,土地4建物0車位0,,,其他,,,,0.0,0,0,0,有,無,9270000,2432,,0.0,0,向政府機關承購之案件。;未辦繼承標售,RPRNMLPLNHKFFAX47EA
馬公市,土地,國宅段91~120地號,219.89,,一般農業區,農牧用地,1040514,土地1建物0車位0,,,其他,,,,0.0,0,0,0,有,無,600000,2729,,0.0,0,,RPVNMLTJOHKFFAX97CA
馬公市,土地,文澳段2401~2430地號,122.0,住,,,1040507,土地1建物0車位0,,,其他,,,,0.0,0,0,0,有,無,4769700,39096,,0.0,0,,RPSNMLPLNHKFFAX37CA
湖西鄉,土地,隘門新段31~60地號,1173.76,,一般農業區,農牧用地,1040515,土地2建物0車位0,,,其他,,,,0.0,0,0,0,有,無,10300000,8775,,0.0,0,,RPTNMLPLNHKFFAX47CA
馬公市,土地,安宅段721~750地號,225.83,,一般農業區,甲種建築用地,1040504,土地2建物0車位0,,,其他,,,,0.0,0,0,0,有,無,7800000,34539,,0.0,0,"變更起造人,含未來興建房屋之費用",RPPNMLQLNHKFFAX17CA
馬公市,房地(土地+建物),澎湖縣馬公巿新店路361~390號,97.53,住,,,1040505,土地1建物1車位0,全,五層,透天厝,住商用,鋼筋混凝土造,0931102,223.67,5,2,4,有,無,4562430,20398,,0.0,0,親友、員工或其他特殊關係間之交易。;親友、員工或其他特殊關係間之交易。,RPPNMLRKOHKFFAX37DA
馬公市,土地,國宅段451~480地號,126.87,住,,,1040506,土地1建物0車位0,,,其他,,,,0.0,0,0,0,有,無,1920000,15134,,0.0,0,,RPQNMLMJOHKFFAX76CA
馬公市,土地,案山段151~180地號,170.93,住,,,1040515,土地2建物0車位0,,,其他,,,,0.0,0,0,0,有,無,4000000,23401,,0.0,0,含未保存登記之建物,RPPNMLNJOHKFFAX76CA
馬公市,土地,五福段1051~1080地號,1460.25,,一般農業區,農牧用地,1031231,土地1建物0車位0,,,其他,,,,0.0,0,0,0,有,無,69300000,47458,,0.0,0,"權利人共六人,本價款含未來興建六戶之房屋價款",RPRNMLRLNHKFFAX47CA
湖西鄉,土地,紅羅段2131~2160地號,786.62,,一般農業區,農牧用地,1040518,土地1建物0車位0,,,其他,,,,0.0,0,0,0,有,無,865282,1100,,0.0,0,親友、員工或其他特殊關係間之交易。;親友、員工或其他特殊關係間之交易。,RPPNMLTLNHKFFAX67EA
湖西鄉,土地,中西段721~750地號,288.19,,一般農業區,農牧用地,1040518,土地1建物0車位0,,,其他,,,,0.0,0,0,0,有,無,1700000,5899,,0.0,0,向政府機關承購之案件。;向政府機關承購之案件。,RPRNMLMJOHKFFAX07EA
馬公市,土地,光榮段961~990地號,344.39,住,,,1040514,土地1建物0車位0,,,其他,,,,0.0,0,0,0,有,無,19745000,57333,,0.0,0,,RPPNMLOJOHKFFAX96DA
馬公市,土地,裡新段361~390地號,5.49,,鄉村區,交通用地,1040505,土地1建物0車位0,,,其他,,,,0.0,0,0,0,有,無,52100,9490,,0.0,0,向政府機關承購之案件。;向政府機關承購之案件。,RPPNMLSLNHKFFAX47DA
馬公市,土地,雙湖段901~930地號,113.76,,鄉村區,乙種建築用地,1040519,土地3建物0車位0,,,其他,,,,0.0,0,0,0,有,無,2064000,18143,,0.0,0,,RPXNMLTJOHKFFAX18CA
馬公市,房地(土地+建物),澎湖縣馬公巿石泉1~30號,53.3,,鄉村區,乙種建築用地,1040507,土地3建物1車位0,全,三層,透天厝,住家用,鋼筋混凝土造,0730621,122.0,3,2,2,有,無,3300000,27049,,0.0,0,,RPPNMLKMNHKFFAX66CA
西嶼鄉,土地,大池角段541~570地號,567.0,,一般農業區,農牧用地,1040522,土地1建物0車位0,,,其他,,,,0.0,0,0,0,有,無,400000,705,,0.0,0,,RPQNMLKMNHKFFAX76CA
馬公市,土地,北澳段571~600地號,1559.82,,一般農業區,農牧用地,1040515,土地1建物0車位0,,,其他,,,,0.0,0,0,0,有,無,66000000,42313,,0.0,0,權利人為6人，含未來興建六戶房屋價款,RPPNMLPKOHKFFAX07CA
湖西鄉,土地,成功南段1111~1140地號,2466.96,,一般農業區,農牧用地,1040515,土地1建物0車位0,,,其他,,,,0.0,0,0,0,有,無,74470000,30187,,0.0,0,"共有人9人。農變建專案核准,交易總價包括未興建房屋建築費用。",RPUNMLMKOHKFFAX37DA
湖西鄉,土地,中西段721~750地號,989.2,,一般農業區,農牧用地,1040312,土地1建物0車位0,,,其他,,,,0.0,0,0,0,有,無,1800000,1820,,0.0,0,,RPPNMLMJOHKFFAX76DA
馬公市,土地,安宅段1021~1050地號,742.25,,一般農業區,農牧用地,1040516,土地1建物0車位0,,,其他,,,,0.0,0,0,0,有,無,2280000,3072,,0.0,0,,RPPNMLLJOHKFFAX66DA
馬公市,土地,埕西段781~810地號,58.82,住,,,1040515,土地1建物0車位0,,,其他,,,,0.0,0,0,0,有,無,3895060,66220,,0.0,0,向政府機關承購之案件。;向政府機關承購之案件。,RPPNMLMKOHKFFAX76CA
馬公市,土地,文化段241~270地號,205.49,住,,,1040518,土地1建物0車位0,,,其他,,,,0.0,0,0,0,有,無,11680000,56840,,0.0,0,,RPRNMLKMNHKFFAX86CA
馬公市,房地(土地+建物),澎湖縣馬公巿文光路25巷16弄1~30號,98.61,住,,,1040503,土地3建物1車位0,全,二層,透天厝,住家用,鋼筋混凝土加強磚造,0691117,90.7,4,1,2,有,無,4700000,51819,,0.0,0,,RPQNMLNJOHKFFAX86CA
馬公市,土地,鐵線段1051~1080地號,181.5,,一般農業區,農牧用地,1040525,土地1建物0車位0,,,其他,,,,0.0,0,0,0,有,無,8000000,44077,,0.0,0,"變更起造人,含未來興建房屋之費用。權利人數4人",RPTNMLLKOHKFFAX07CA
西嶼鄉,土地,二崁北段1411~1440地號,478.05,,一般農業區,農牧用地,1040522,土地1建物0車位0,,,其他,,,,0.0,0,0,0,有,無,1400000,2929,,0.0,0,,RPQNMLLJOHKFFAX76DA
馬公市,房地(土地+建物),澎湖縣馬公巿西文澳91~120號,137.09,農,,,1040526,土地1建物1車位0,全,三層,透天厝,住家用,鋼筋混凝土造,1040409,262.55,5,2,5,有,無,12560000,47839,,0.0,0,,RPSNMLPJOHKFFAX37DA
馬公市,房地(土地+建物),澎湖縣馬公巿西文澳91~120號,138.96,農,,,1040526,土地1建物1車位0,全,三層,透天厝,住家用,鋼筋混凝土造,1040409,262.55,5,2,5,有,無,12680000,48296,,0.0,0,,RPTNMLTJOHKFFAX87DA
馬公市,土地,五福段91~120地號,250.97,,一般農業區,農牧用地,1031231,土地1建物0車位0,,,其他,,,,0.0,0,0,0,有,無,12000000,47814,,0.0,0,包含未來興建房屋價款,RPQNMLNLOHKFFAX07CA
馬公市,房地(土地+建物),澎湖縣馬公巿石泉1~30號,53.66,,鄉村區,乙種建築用地,1040501,土地1建物1車位0,全,三層,透天厝,住家用,鋼筋混凝土造,0730621,122.8,3,2,1,有,無,2900000,23616,,0.0,0,,RPQOMLTJOHKFFAX57CA
馬公市,土地,風櫃東段271~300地號,1032.22,,一般農業區,農牧用地,1040522,土地1建物0車位0,,,其他,,,,0.0,0,0,0,有,無,9210000,8923,,0.0,0,,RPROMLTJOHKFFAX67CA
馬公市,土地,海堤段301~330地號,101.58,住,,,1040527,土地1建物0車位0,,,其他,,,,0.0,0,0,0,有,無,1200000,11813,,0.0,0,,RPPNMLPJOHKFFAX96CA
西嶼鄉,土地,小池角段721~750地號,559.0,,一般農業區,農牧用地,1040519,土地1建物0車位0,,,其他,,,,0.0,0,0,0,有,無,1920000,3435,,0.0,0,,RPPNMLQJOHKFFAX07CA
湖西鄉,土地,許家段571~600地號,757.13,,一般農業區,農牧用地,1040526,土地1建物0車位0,,,其他,,,,0.0,0,0,0,有,無,22500000,29717,,0.0,0,"共有人3人。農變建專案核准,交易總價包括未興建房屋建築費用。",RPWNMLMKOHKFFAX57DA
馬公市,房地(土地+建物),澎湖縣馬公巿鎖管港301~330號,227.2,住,,,1040520,土地2建物1車位0,全,三層,透天厝,住家用,鋼筋混凝土造,0951023,220.43,5,3,6,有,無,10300000,46727,,0.0,0,,RPUOMLTJOHKFFAX08DA
湖西鄉,土地,許家段61~90地號,2361.95,,一般農業區,農牧用地,1040521,土地4建物0車位0,,,其他,,,,0.0,0,0,0,有,無,3550000,1503,,0.0,0,親友、員工或其他特殊關係間之交易。;親友間之交易。,RPPNMLSJOHKFFAX37DA
馬公市,房地(土地+建物),澎湖縣馬公巿鎖管港211~240號,131.96,住,,,1040505,土地1建物1車位0,全,三層,透天厝,住家用,鋼筋混凝土造,0901122,177.34,4,3,3,有,無,6800000,38344,,0.0,0,,RPPOMLTJOHKFFAX47CA
馬公市,土地,雙湖段1081~1110地號,1231.85,,一般農業區,農牧用地,1040528,土地1建物0車位0,,,其他,,,,0.0,0,0,0,有,無,8197000,6654,,0.0,0,,RPXNMLMKOHKFFAX57CA
馬公市,房地(土地+建物),澎湖縣馬公巿重慶街31~60號,31.0,商,,,1040514,土地1建物1車位0,全,三層,透天厝,住商用,見其他登記事項,0531028,93.0,3,1,2,有,無,4380000,47097,,0.0,0,,RPTNMLKKOHKFFAX96CA
馬公市,房地(土地+建物),澎湖縣馬公巿西文澳301~330號,129.32,農,,,1040511,土地1建物1車位0,全,三層,透天厝,住商用,鋼筋混凝土造,0940811,245.64,4,1,5,有,無,8000000,32568,,0.0,0,,RPSNMLLKOHKFFAX96CA
馬公市,土地,文東段901~930地號,190.15,,一般農業區,農牧用地,1040413,土地1建物0車位0,,,其他,,,,0.0,0,0,0,有,無,6000000,31554,,0.0,0,,RPQNMLKKOHKFFAX66CA
馬公市,土地,山水北段151~180地號,564.18,,一般農業區,農牧用地,1040601,土地1建物0車位0,,,其他,,,,0.0,0,0,0,有,無,3100000,5495,,0.0,0,,RPRNMLKKOHKFFAX76CA
馬公市,土地,中衛段601~630地號,237.08,農,,,1040602,土地4建物0車位0,,,其他,,,,0.0,0,0,0,有,無,9800000,41336,,0.0,0,,RPTOMLTJOHKFFAX97DA
望安鄉,土地,望安段181~210地號,188.0,,一般農業區,農牧用地,1040519,土地2建物0車位0,,,其他,,,,0.0,0,0,0,有,無,620000,3298,,0.0,0,,RPPNMLLKOHKFFAX66CA
馬公市,房地(土地+建物),澎湖縣馬公巿林森路91~120號,38.59,住,,,1040524,土地1建物1車位0,一層，二層,七層,華廈(10層含以下有電梯),住商用,鋼筋混凝土造,0810827,161.05,2,1,2,有,無,6160000,38249,,0.0,0,,RPRNMLRKOHKFFAX47CA
馬公市,房地(土地+建物),澎湖縣馬公巿陽明路22巷1~30號,80.67,住,,,1040525,土地1建物1車位0,全,二層,透天厝,住家用,鋼筋混凝土加強磚造,0671004,82.86,3,1,1,有,無,6980000,84238,,0.0,0,,RPPNMLSLOHKFFAX47CA
馬公市,土地,五德西段241~270地號,260.79,,一般農業區,農牧用地,1040525,土地1建物0車位0,,,其他,,,,0.0,0,0,0,有,無,1200000,4601,,0.0,0,,RPQOMLMKOHKFFAX96CA
馬公市,土地,安宅段1051~1080地號,970.08,,一般農業區,農牧用地,1040511,土地1建物0車位0,,,其他,,,,0.0,0,0,0,有,無,4400000,4536,,0.0,0,,RPOOMLMKOHKFFAX76CA
馬公市,土地,山水北段481~510地號,1825.47,,一般農業區,農牧用地,1040508,土地2建物0車位0,,,其他,,,,0.0,0,0,0,有,無,19880000,10890,,0.0,0,,RPPOMLMKOHKFFAX86CA
馬公市,土地,四維段361~390地號,346.09,農,,,1040603,土地1建物0車位0,,,其他,,,,0.0,0,0,0,有,無,5300000,15314,,0.0,0,,RPQNMLMKOHKFFAX86CA
白沙鄉,房地(土地+建物),澎湖縣馬公巿岐頭31~60號,79.0,,一般農業區,甲種建築用地,1040526,土地1建物1車位0,全,一層,透天厝,見其他登記事項,鋼筋混凝土加強磚造,0720713,52.48,5,3,2,有,無,1100000,20960,,0.0,0,,RPSNMLMKOHKFFAX27EA
湖西鄉,土地,西溪新段781~810地號,281.24,,一般農業區,農牧用地,1040312,土地1建物0車位0,,,其他,,,,0.0,0,0,0,有,無,331899,1180,,0.0,0,,RPVNMLQLOHKFFAX08EA
白沙鄉,土地,鎮海新段1~30地號,853.96,,一般農業區,農牧用地,1040610,土地2建物0車位0,,,其他,,,,0.0,0,0,0,有,無,3750000,4391,,0.0,0,,RPRNMLKMOHKFFAX17EA
馬公市,土地,五德西段661~690地號,776.59,,一般農業區,農牧用地,1040601,土地1建物0車位0,,,其他,,,,0.0,0,0,0,有,無,2936000,3781,,0.0,0,,RPROMLMKOHKFFAX07CA
湖西鄉,土地,隘門新段1111~1140地號,878.47,,一般農業區,農牧用地,1040528,土地1建物0車位0,,,其他,,,,0.0,0,0,0,有,無,3500000,3984,,0.0,0,,RPPNMLQKOHKFFAX17CA
馬公市,土地,山水南段151~180地號,3336.84,,一般農業區,農牧用地,1040601,土地1建物0車位0,,,其他,,,,0.0,0,0,0,有,無,33297000,9979,,0.0,0,,RPPNMLQLOHKFFAX27CA
馬公市,土地,文寮段31~60地號,289.95,,一般農業區,農牧用地,1040605,土地1建物0車位0,,,其他,,,,0.0,0,0,0,有,無,8360000,28833,,0.0,0,"農變建專案核准,交易總價包括未興建房屋建築費用。",RPRNMLQLOHKFFAX47CA
馬公市,土地,烏崁新段901~930地號,36.38,,一般農業區,甲種建築用地,1040529,土地3建物0車位0,,,其他,,,,0.0,0,0,0,有,無,500000,13744,,0.0,0,親友、員工或其他特殊關係間之交易。;含增建或未登記建物。;受債權債務影響或債務抵償之交易。;親友、員工或其他特殊關係間之交易。含增建或未登記建物。受債權債務影響或債務抵償之交易。,RPSNMLQLOHKFFAX57CA
馬公市,房地(土地+建物),澎湖縣馬公巿文山路27巷1~30號,46.93,住,,,1040607,土地2建物1車位0,四層,八層,華廈(10層含以下有電梯),住家用,鋼筋混凝土造,0860628,189.81,5,2,3,有,無,8500000,44782,,0.0,0,,RPQNMLQKOHKFFAX27CA
馬公市,土地,興仁段331~360地號,1553.67,,一般農業區,農牧用地,1040601,土地1建物0車位0,,,其他,,,,0.0,0,0,0,有,無,3760000,2420,,0.0,0,,RPQNMLQLOHKFFAX37CA
馬公市,土地,案山段331~360地號,133.69,住,,,1040508,土地3建物0車位0,,,其他,,,,0.0,0,0,0,有,無,1644000,12297,,0.0,0,,RPQNMLPLOHKFFAX27CA
馬公市,土地,案山段331~360地號,61.57,住,,,1040508,土地1建物0車位0,,,其他,,,,0.0,0,0,0,有,無,756000,12279,,0.0,0,,RPSNMLNLOHKFFAX27CA
馬公市,土地,裡新段541~570地號,95.08,,一般農業區,水利用地,1040605,土地1建物0車位0,,,其他,,,,0.0,0,0,0,有,無,629430,6620,,0.0,0,向政府機關承購之案件。;向政府機關承購之案件。權利人為2人,RPTNMLNLOHKFFAX37CA
湖西鄉,土地,林投北段541~570地號,194.03,,一般農業區,農牧用地,1040527,土地1建物0車位0,,,其他,,,,0.0,0,0,0,有,無,475858,2452,,0.0,0,,RPSNMLSKOHKFFAX67CA
馬公市,土地,五福段871~900地號,1305.51,,一般農業區,農牧用地,1040514,土地1建物0車位0,,,其他,,,,0.0,0,0,0,有,無,10595600,8116,,0.0,0,,RPQNMLSLOHKFFAX57CA
馬公市,土地,文東段1531~1560地號,751.33,,一般農業區,農牧用地,1040531,土地1建物0車位0,,,其他,,,,0.0,0,0,0,有,無,4446665,5918,,0.0,0,,RPRNMLSLOHKFFAX67CA
馬公市,土地,文石段1141~1170地號,198.9,,一般農業區,甲種建築用地,1040604,土地3建物0車位0,,,其他,,,,0.0,0,0,0,有,無,8600000,43238,,0.0,0,"變更起造人,含未來興建房屋之費用",RPSNMLRKOHKFFAX57CA
馬公市,土地,鐵線段1261~1290地號,941.87,,一般農業區,農牧用地,1040525,土地1建物0車位0,,,其他,,,,0.0,0,0,0,有,無,1424500,1512,,0.0,0,,RPTNMLRKOHKFFAX67CA
馬公市,土地,安宅段1231~1260地號,203.89,,鄉村區,乙種建築用地,1040506,土地1建物0車位0,,,其他,,,,0.0,0,0,0,有,無,2400000,11771,,0.0,0,,RPRNMLSKOHKFFAX57CA
馬公市,房地(土地+建物),澎湖縣馬公巿大賢街192巷1~30號,81.03,住,,,1040518,土地2建物1車位0,全,二層,透天厝,住家用,鋼筋混凝土加強磚造,0771217,130.44,3,2,3,有,無,2000000,15333,,0.0,0,親友、員工或其他特殊關係間之交易。;親友、員工或其他特殊關係間之交易。,RPRNMLPLOHKFFAX57EA
馬公市,房地(土地+建物),澎湖縣馬公巿五福路61巷7弄1~30號,89.55,,鄉村區,乙種建築用地,1040529,土地1建物1車位0,全,二層,透天厝,住家用,鋼筋混凝土加強磚造,0690410,99.84,4,1,3,有,無,4500000,45072,,0.0,0,,RPRNMLNLOHKFFAX27DA
湖西鄉,土地,沙港南段661~690地號,533.35,,一般農業區,農牧用地,1040529,土地2建物0車位0,,,其他,,,,0.0,0,0,0,有,無,4700000,8812,,0.0,0,,RPQNMLMLOHKFFAX96CA
西嶼鄉,土地,二崁北段1231~1260地號,695.44,,一般農業區,農牧用地,1040521,土地1建物0車位0,,,其他,,,,0.0,0,0,0,有,無,3000000,4314,,0.0,0,,RPPNMLNLOHKFFAX96CA
西嶼鄉,土地,大池角段901~930地號,228.0,,鄉村區,乙種建築用地,1040605,土地2建物0車位0,,,其他,,,,0.0,0,0,0,有,無,1260000,5526,,0.0,0,,RPPNMLPLOHKFFAX17CA
湖西鄉,土地,林投南段151~180地號,376.71,,一般農業區,農牧用地,1040105,土地1建物0車位0,,,其他,,,,0.0,0,0,0,有,無,1250000,3318,,0.0,0,,RPSNMLSLOHKFFAX77CA
白沙鄉,土地,港子西段31~60地號,1334.77,,風景區,農牧用地,1040603,土地2建物0車位0,,,其他,,,,0.0,0,0,0,有,無,1815000,1360,,0.0,0,,RPTNMLSLOHKFFAX87CA
湖西鄉,土地,太武新段1~30地號,2202.96,,一般農業區,農牧用地,1040601,土地1建物0車位0,,,其他,,,,0.0,0,0,0,有,無,2202960,1000,,0.0,0,親友、員工或其他特殊關係間之交易。;親友、員工或其他特殊關係間之交易。,RPTNMLLJPHKFFAX07CA
白沙鄉,土地,吉貝西段511~540地號,379.22,,一般農業區,農牧用地,1040601,土地1建物0車位0,,,其他,,,,0.0,0,0,0,有,無,573500,1512,,0.0,0,,RPPNMLOLOHKFFAX07CA
馬公市,房地(土地+建物),澎湖縣馬公巿文明路91~120號,25.86,住,,,1040613,土地1建物1車位0,四層,七層,華廈(10層含以下有電梯),住家用,鋼筋混凝土造,0860430,129.12,3,2,2,有,無,3900000,30204,,0.0,0,,RPQNMLOLOHKFFAX17CA
白沙鄉,土地,鎮海新段751~780地號,758.37,,一般農業區,農牧用地,1040424,土地1建物0車位0,,,其他,,,,0.0,0,0,0,有,無,6520000,8597,,0.0,0,,RPSNMLPLOHKFFAX47CA
白沙鄉,土地,岐頭段1291~1320地號,704.0,,一般農業區,農牧用地,1040612,土地1建物0車位0,,,其他,,,,0.0,0,0,0,有,無,2800000,3977,,0.0,0,,RPTNMLQLOHKFFAX67CA
馬公市,土地,鐵線段571~600地號,651.75,,一般農業區,農牧用地,1040608,土地2建物0車位0,,,其他,,,,0.0,0,0,0,有,無,1500000,2301,,0.0,0,,RPUNMLQLOHKFFAX77CA
馬公市,房地(土地+建物)+車位,澎湖縣馬公巿光華91~120號,240.05,,一般農業區,甲種建築用地,1040610,土地2建物1車位0,全,三層,透天厝,住家用,鋼筋混凝土造,1040217,274.92,4,1,5,有,無,8000000,29099,一樓平面,0.0,0,,RPWNMLQLOHKFFAX97CA
西嶼鄉,土地,二崁南段511~540地號,45.54,農,,,1040618,土地1建物0車位0,,,其他,,,,0.0,0,0,0,有,無,50000,1098,,0.0,0,親友、員工或其他特殊關係間之交易。;親友、員工或其他特殊關係間之交易。,RPQNMLKMOHKFFAX96DA
馬公市,土地,安宅段91~120地號,2672.73,,一般農業區,農牧用地,1040615,土地1建物0車位0,,,其他,,,,0.0,0,0,0,有,無,113000000,42279,,0.0,0,"共有人11人。農變建專案核准,交易總價包括未興建房屋建築費用。",RPRNMLKKPHKFFAX96DA
馬公市,房地(土地+建物),澎湖縣馬公巿復興里中山路12巷1~30號,53.0,住,,,1040609,土地1建物1車位0,全,一層,透天厝,住家用,見其他登記事項,,28.86,3,1,3,有,無,3000000,103950,,0.0,0,,RPVNMLKMOHKFFAX47DA
馬公市,土地,烏崁新段421~450地號,428.59,,特定專用區,國土保安用地,1040513,土地1建物0車位0,,,其他,,,,0.0,0,0,0,有,無,1414347,3300,,0.0,0,,RPRNMLLJPHKFFAX86CA
馬公市,土地,中衛段511~540地號,92.02,工,,,1040610,土地1建物0車位0,,,其他,,,,0.0,0,0,0,有,無,1100000,11954,,0.0,0,,RPUNMLKMOHKFFAX27CA
馬公市,土地,山水北段241~270地號,383.71,,一般農業區,農牧用地,1040616,土地3建物0車位0,,,其他,,,,0.0,0,0,0,有,無,3300000,8600,,0.0,0,,RPPNMLTLOHKFFAX57CA
馬公市,房地(土地+建物),澎湖縣馬公巿水源路1~30號,6.57,商,,,1040615,土地1建物1車位0,五層,十二層,住宅大樓(11層含以上有電梯),住家用,鋼筋混凝土造,0850828,72.09,2,1,1,有,無,2600000,36066,,0.0,0,,RPPNMLQJPHKFFAX17CA
馬公市,房地(土地+建物),澎湖縣馬公巿鐵線尾31~60號,96.1,,一般農業區,甲種建築用地,1040605,土地1建物1車位0,全,三層,透天厝,住家用,鋼筋混凝土造,0850415,178.7,4,1,3,有,無,4160000,23279,,0.0,0,,RPXNMLSJPHKFFAX18CA
白沙鄉,土地,港子段991~1020地號,490.93,,一般農業區,農牧用地,1040320,土地6建物0車位0,,,其他,,,,0.0,0,0,0,有,無,570000,1161,,0.0,0,親友、員工或其他特殊關係間之交易。;親友間之交易。權利人共二人,RPPNMLLLPHKFFAX86CA
馬公市,土地,山水南段301~330地號,578.62,,一般農業區,農牧用地,1040610,土地3建物0車位0,,,其他,,,,0.0,0,0,0,有,無,2528700,4370,,0.0,0,,RPTNMLSJPHKFFAX77CA
西嶼鄉,土地,大池角段901~930地號,114.0,,鄉村區,乙種建築用地,1040623,土地2建物0車位0,,,其他,,,,0.0,0,0,0,有,無,630000,5526,,0.0,0,,RPRNMLTLOHKFFAX77CA
馬公市,土地,山水東段691~720地號,330.25,,一般農業區,農牧用地,1040604,土地1建物0車位0,,,其他,,,,0.0,0,0,0,有,無,1750000,5299,,0.0,0,,RPTNMLKMOHKFFAX17CA
西嶼鄉,土地,二崁南段301~330地號,116.37,其他,,,1040623,土地1建物0車位0,,,其他,,,,0.0,0,0,0,有,無,500000,4297,,0.0,0,,RPWNMLKMOHKFFAX47CA
馬公市,土地,山水南段571~600地號,112.02,,鄉村區,乙種建築用地,1040623,土地1建物0車位0,,,其他,,,,0.0,0,0,0,有,無,300000,2678,,0.0,0,,RPOOMLKMOHKFFAX76CA
馬公市,土地,山水北段181~210地號,6.02,,一般農業區,農牧用地,1031230,土地1建物0車位0,,,其他,,,,0.0,0,0,0,有,無,29000,4817,,0.0,0,,RPQNMLLJPHKFFAX76CA
馬公市,土地,山水北段181~210地號,445.32,,一般農業區,農牧用地,1031230,土地5建物0車位0,,,其他,,,,0.0,0,0,0,有,無,2150000,4828,,0.0,0,,RPSNMLLJPHKFFAX96CA
白沙鄉,土地,後寮段1891~1920地號,441.0,,一般農業區,農牧用地,1040519,土地1建物0車位0,,,其他,,,,0.0,0,0,0,有,無,2401200,5445,,0.0,0,,RPUNMLLJPHKFFAX17CA
西嶼鄉,土地,竹篙灣段3481~3510地號,4229.0,,一般農業區,農牧用地,1040625,土地2建物0車位0,,,其他,,,,0.0,0,0,0,有,無,5100000,1206,,0.0,0,,RPWNMLLJPHKFFAX37CA
望安鄉,土地,水垵段2101~2130地號,77.67,,一般農業區,農牧用地,1040616,土地1建物0車位0,,,其他,,,,0.0,0,0,0,有,無,200000,2575,,0.0,0,,RPPNMLMLPHKFFAX96CA
白沙鄉,土地,吉貝西段511~540地號,379.22,,一般農業區,農牧用地,1040623,土地1建物0車位0,,,其他,,,,0.0,0,0,0,有,無,920000,2426,,0.0,0,,RPSNMLNKPHKFFAX37DA
湖西鄉,土地,尖山南段451~480地號,735.27,,一般農業區,農牧用地,1040612,土地1建物0車位0,,,其他,,,,0.0,0,0,0,有,無,700000,952,,0.0,0,,RPVNMLTJPHKFFAX18DA
馬公市,土地,雙湖段901~930地號,1243.48,,鄉村區,乙種建築用地,1040528,土地5建物0車位0,,,其他,,,,0.0,0,0,0,有,無,22560000,18143,,0.0,0,,RPWNMLSJPHKFFAX08CA
馬公市,土地,鐵線段661~690地號,233.47,,一般農業區,農牧用地,1040626,土地1建物0車位0,,,其他,,,,0.0,0,0,0,有,無,7600000,32552,,0.0,0,"農變建專案核准,交易總價包括未興建房屋建築費用。",RPOOMLSJPHKFFAX37CA
湖西鄉,土地,隘門新段301~330地號,7500.66,,一般農業區,農牧用地,1040602,土地8建物0車位0,,,其他,,,,0.0,0,0,0,有,無,90750000,12099,,0.0,0,,RPQNMLTJPHKFFAX67DA
湖西鄉,土地,北寮新段211~240地號,369.41,,鄉村區,乙種建築用地,1040603,土地1建物0車位0,,,其他,,,,0.0,0,0,0,有,無,200000,541,,0.0,0,親友、員工或其他特殊關係間之交易。;親友、員工或其他特殊關係間之交易。,RPQNMLKLPHKFFAX96DA
湖西鄉,土地,湖西南段661~690地號,50.83,,鄉村區,乙種建築用地,1040701,土地1建物0車位0,,,其他,,,,0.0,0,0,0,有,無,259233,5100,,0.0,0,,RPPNMLRJPHKFFAX47EA
西嶼鄉,土地,竹篙灣段3481~3510地號,764.0,,一般農業區,農牧用地,1040625,土地1建物0車位0,,,其他,,,,0.0,0,0,0,有,無,2000000,2618,,0.0,0,,RPRNMLSJPHKFFAX57CA
馬公市,土地,井垵西段1501~1530地號,254.51,,一般農業區,農牧用地,1040625,土地1建物0車位0,,,其他,,,,0.0,0,0,0,有,無,1730000,6797,,0.0,0,,RPSNMLSJPHKFFAX67CA
馬公市,土地,鎖港西段991~1020地號,350.42,住,,,1040625,土地1建物0車位0,,,其他,,,,0.0,0,0,0,有,無,6800000,19405,,0.0,0,,RPUNMLSJPHKFFAX87CA
湖西鄉,土地,紅羅段1681~1710地號,1217.04,,一般農業區,農牧用地,1040625,土地1建物0車位0,,,其他,,,,0.0,0,0,0,有,無,4420000,3632,,0.0,0,,RPTNMLTJPHKFFAX87CA
白沙鄉,土地,下瓦硐段1201~1230地號,915.67,,一般農業區,農牧用地,1040630,土地1建物0車位0,,,其他,,,,0.0,0,0,0,有,無,4140000,4521,,0.0,0,,RPPNMLKKPHKFFAX66CA
馬公市,房地(土地+建物),澎湖縣馬公巿風櫃尾31~60號,149.27,,一般農業區,甲種建築用地,1040617,土地2建物1車位0,全,三層,透天厝,住家用,鋼筋混凝土造,0890421,175.19,4,1,3,有,無,4000000,22832,,0.0,0,,RPRNMLNKPHKFFAX17CA
馬公市,房地(土地+建物),澎湖縣馬公巿朝陽里26鄰朝陽路41巷1~30號,63.35,住,,,1040608,土地2建物1車位0,全,三層,透天厝,住商用,鋼筋混凝土加強磚造,0710226,129.34,3,2,2,有,無,4500000,34792,,0.0,0,,RPUNMLTJPHKFFAX08DA
馬公市,土地,文東段421~450地號,209.14,,一般農業區,農牧用地,1040617,土地1建物0車位0,,,其他,,,,0.0,0,0,0,有,無,8800000,42077,,0.0,0,含未來興建房屋價款,RPQNMLOLPHKFFAX27CA
馬公市,土地,興仁南段331~360地號,2161.46,,一般農業區,農牧用地,1040629,土地1建物0車位0,,,其他,,,,0.0,0,0,0,有,無,5230000,2420,,0.0,0,,RPQNMLKKPHKFFAX76CA
湖西鄉,土地,許家段1171~1200地號,2110.55,,一般農業區,農牧用地,1031030,土地1建物0車位0,,,其他,,,,0.0,0,0,0,有,無,5426000,2571,,0.0,0,,RPPOMLSJPHKFFAX47CA
馬公市,土地,五福段481~510地號,225.52,,一般農業區,農牧用地,1040630,土地1建物0車位0,,,其他,,,,0.0,0,0,0,有,無,2728700,12100,,0.0,0,,RPPNMLSLPHKFFAX57CA
馬公市,土地,東澳段271~300地號,427.5,住,,,1040529,土地2建物0車位0,,,其他,,,,0.0,0,0,0,有,無,19880000,46503,,0.0,0,,RPQNMLSLPHKFFAX67CA
湖西鄉,土地,林投南段91~120地號,587.37,,一般農業區,農牧用地,1040614,土地1建物0車位0,,,其他,,,,0.0,0,0,0,有,無,3429000,5838,,0.0,0,,RPSNMLKLPHKFFAX07CA
西嶼鄉,土地,合界頭段901~930地號,1753.0,,一般農業區,農牧用地,1040625,土地2建物0車位0,,,其他,,,,0.0,0,0,0,有,無,1900000,1084,,0.0,0,,RPPNMLNKPHKFFAX96CA
白沙鄉,土地,後寮段1201~1230地號,1044.0,,一般農業區,農牧用地,1040615,土地3建物0車位0,,,其他,,,,0.0,0,0,0,有,無,3450000,3305,,0.0,0,,RPQNMLNKPHKFFAX07CA
馬公市,房地(土地+建物),澎湖縣馬公巿東文澳91~120號,54.99,,鄉村區,乙種建築用地,1040624,土地1建物1車位0,全,二層,透天厝,住家用,鋼筋混凝土加強磚造,0741120,102.09,2,1,3,有,無,3800000,37222,,0.0,0,,RPPNMLOKPHKFFAX07CA
馬公市,土地,裡新段1081~1110地號,850.08,,風景區,農牧用地,1040707,土地5建物0車位0,,,其他,,,,0.0,0,0,0,有,無,860000,1012,,0.0,0,,RPPNMLPKPHKFFAX27DA
馬公市,土地,鎖港南段601~630地號,130.45,商,,,1040622,土地2建物0車位0,,,其他,,,,0.0,0,0,0,有,無,3000000,22997,,0.0,0,,RPSNMLKMPHKFFAX27DA
馬公市,土地,海堤段841~870地號,67.12,住,,,1040702,土地1建物0車位0,,,其他,,,,0.0,0,0,0,有,無,500000,7449,,0.0,0,,RPTNMLKMPHKFFAX37DA
馬公市,土地,文石段31~60地號,2366.96,,一般農業區,農牧用地,1040630,土地1建物0車位0,,,其他,,,,0.0,0,0,0,有,無,33150000,14005,,0.0,0,,RPUNMLKMPHKFFAX47DA
馬公市,土地,烏崁新段1771~1800地號,1018.43,,一般農業區,農牧用地,1040630,土地1建物0車位0,,,其他,,,,0.0,0,0,0,有,無,1600000,1571,,0.0,0,親友、員工或其他特殊關係間之交易。;親友、員工或其他特殊關係間之交易。,RPQNMLOKPHKFFAX37EA
白沙鄉,土地,瓦硐段1801~1830地號,1468.5,,一般農業區,農牧用地,1040709,土地3建物0車位0,,,其他,,,,0.0,0,0,0,有,無,4885000,3327,,0.0,0,,RPTNMLNJQHKFFAX47DA
馬公市,土地,文寮段541~570地號,342.24,,鄉村區,乙種建築用地,1040531,土地1建物0車位0,,,其他,,,,0.0,0,0,0,有,無,3600000,10519,,0.0,0,,RPTNMLKLPHKFFAX27DA
湖西鄉,土地,城北段1081~1110地號,2189.18,,一般農業區,農牧用地,1040623,土地1建物0車位0,,,其他,,,,0.0,0,0,0,有,無,10500000,4796,,0.0,0,,RPSNMLOKPHKFFAX37CA
望安鄉,土地,望安段1411~1440地號,679.0,,一般農業區,農牧用地,1040617,土地1建物0車位0,,,其他,,,,0.0,0,0,0,有,無,970000,1429,,0.0,0,,RPQNMLRKPHKFFAX47CA
湖西鄉,土地,成功南段1261~1290地號,1166.66,,一般農業區,農牧用地,1040707,土地1建物0車位0,,,其他,,,,0.0,0,0,0,有,無,12000000,10286,,0.0,0,,RPRNMLSLPHKFFAX77CA
馬公市,土地,文東段1531~1560地號,196.0,,一般農業區,農牧用地,1040707,土地1建物0車位0,,,其他,,,,0.0,0,0,0,有,無,889333,4537,,0.0,0,,RPSNMLSLPHKFFAX87CA
馬公市,土地,山水西段121~150地號,227.05,,一般農業區,農牧用地,1040703,土地1建物0車位0,,,其他,,,,0.0,0,0,0,有,無,816000,3594,,0.0,0,,RPPNMLQKPHKFFAX27CA
馬公市,土地,文寮段1021~1050地號,274.41,,鄉村區,乙種建築用地,1040629,土地2建物0車位0,,,其他,,,,0.0,0,0,0,有,無,600000,2187,,0.0,0,,RPQNMLQKPHKFFAX37CA
馬公市,土地,安宅段1051~1080地號,485.04,,一般農業區,農牧用地,1040630,土地1建物0車位0,,,其他,,,,0.0,0,0,0,有,無,2934000,6049,,0.0,0,,RPQNMLNJQHKFFAX07CA
馬公市,土地,興崁段1081~1110地號,758.38,,一般農業區,農牧用地,1040706,土地1建物0車位0,,,其他,,,,0.0,0,0,0,有,無,3200000,4220,,0.0,0,,RPRNMLQKPHKFFAX47CA
白沙鄉,土地,城前新段601~630地號,582.21,,一般農業區,農牧用地,1040705,土地1建物0車位0,,,其他,,,,0.0,0,0,0,有,無,1800000,3092,,0.0,0,,RPPNMLRKPHKFFAX37CA
湖西鄉,土地,林投北段301~330地號,153.19,,鄉村區,乙種建築用地,1040709,土地1建物0車位0,,,其他,,,,0.0,0,0,0,有,無,320000,2089,,0.0,0,,RPRNMLRKPHKFFAX57CA
馬公市,土地,井垵西段961~990地號,62.12,,一般農業區,農牧用地,1040626,土地3建物0車位0,,,其他,,,,0.0,0,0,0,有,無,250000,4024,,0.0,0,親友、員工或其他特殊關係間之交易。;親友、員工或其他特殊關係間之交易。,RPPNMLKLPHKFFAX76CA
湖西鄉,土地,許家段481~510地號,432.01,,一般農業區,農牧用地,1040627,土地1建物0車位0,,,其他,,,,0.0,0,0,0,有,無,1700000,3935,,0.0,0,,RPRNMLKLPHKFFAX96CA
馬公市,房地(土地+建物),澎湖縣馬公巿民族路121~150號,77.0,住,,,1040629,土地2建物1車位0,全,三層,透天厝,住商用,鋼筋混凝土加強磚造,0700821,154.28,4,2,2,有,無,12000000,77781,,0.0,0,,RPPNMLOLPHKFFAX17CA
西嶼鄉,土地,外垵一段121~150地號,222.5,,一般農業區,甲種建築用地,1040601,土地2建物0車位0,,,其他,,,,0.0,0,0,0,有,無,5960000,26787,,0.0,0,農變建之起造人變更含未來興建房屋價款,RPSNMLRLPHKFFAX77CA
馬公市,土地,案山段31~60地號,197.05,工,,,1040630,土地2建物0車位0,,,其他,,,,0.0,0,0,0,有,無,5800000,29434,,0.0,0,,RPPNMLRLPHKFFAX47CA
湖西鄉,土地,城北段1081~1110地號,1727.99,,一般農業區,農牧用地,1040708,土地4建物0車位0,,,其他,,,,0.0,0,0,0,有,無,1780000,1030,,0.0,0,,RPQNMLMLPHKFFAX07CA
馬公市,土地,五福段61~90地號,212.13,,一般農業區,農牧用地,1040627,土地1建物0車位0,,,其他,,,,0.0,0,0,0,有,無,2700000,12728,,0.0,0,,RPPNMLNLPHKFFAX07CA
馬公市,土地,安宅段1051~1080地號,485.04,,一般農業區,農牧用地,1040703,土地1建物0車位0,,,其他,,,,0.0,0,0,0,有,無,4000000,8247,,0.0,0,,RPRNMLNLPHKFFAX27CA
馬公市,土地,山水北段181~210地號,1329.29,,一般農業區,農牧用地,1040707,土地1建物0車位0,,,其他,,,,0.0,0,0,0,有,無,10050000,7560,,0.0,0,,RPRNMLOLPHKFFAX37CA
湖西鄉,土地,東石新段751~780地號,3764.08,,一般農業區,農牧用地,1040703,土地2建物0車位0,,,其他,,,,0.0,0,0,0,有,無,7970000,2117,,0.0,0,,RPRNMLNJQHKFFAX17CA
湖西鄉,土地,成功南段1321~1350地號,251.79,,一般農業區,甲種建築用地,1040705,土地2建物0車位0,,,其他,,,,0.0,0,0,0,有,無,8000000,31773,,0.0,0,農變建之起造人變更含未來興建房屋價款,RPUNMLPJQHKFFAX67CA
馬公市,土地,北澳段601~630地號,87.52,農,,,1040702,土地2建物0車位0,,,其他,,,,0.0,0,0,0,有,無,1661129,18980,,0.0,0,向政府機關承購之案件。;向政府機關承購之案件。,RPSNMLNLPHKFFAX57EA
馬公市,房地(土地+建物)+車位,澎湖縣馬公巿貿商街121~150號,26.95,住,,,1040715,土地1建物1車位1,九層,十二層,住宅大樓(11層含以上有電梯),見其他登記事項,鋼筋混凝土造,0950629,181.29000000000002,3,2,2,有,有,4700000,25925,坡道平面,0.0,0,,RPQNMLTLPHKFFAX87DA
馬公市,土地,裡新段1021~1050地號,220.0,,風景區,林業用地,1040701,土地1建物0車位0,,,其他,,,,0.0,0,0,0,有,無,360000,1636,,0.0,0,,RPTNMLNLPHKFFAX47CA
馬公市,土地,五福段871~900地號,1014.58,,一般農業區,農牧用地,1040703,土地1建物0車位0,,,其他,,,,0.0,0,0,0,有,無,12890000,12705,,0.0,0,,RPUNMLNLPHKFFAX57CA
馬公市,土地,東澳段841~870地號,16.56,住,,,1040623,土地1建物0車位0,,,其他,,,,0.0,0,0,0,有,無,640000,38647,,0.0,0,,RPRNMLRLPHKFFAX67CA
西嶼鄉,土地,小池角段871~900地號,22.0,,一般農業區,農牧用地,1040716,土地1建物0車位0,,,其他,,,,0.0,0,0,0,有,無,86600,3936,,0.0,0,,RPSNMLOLPHKFFAX57DA
馬公市,房地(土地+建物)+車位,澎湖縣馬公巿文光路61~90號,19.59,其他,,,1040704,土地10建物1車位1,五層,十層,華廈(10層含以下有電梯),住家用,鋼筋混凝土造,0870723,203.38,4,2,3,有,有,5600000,27535,一樓平面,0.0,0,,RPTNMLPJQHKFFAX57CA
馬公市,房地(土地+建物),澎湖縣馬公巿前寮31~60號,165.07,,鄉村區,乙種建築用地,1040624,土地1建物1車位0,全,三層,透天厝,住家用,鋼筋混凝土造,0900518,250.62,5,2,4,有,無,4000000,15960,,0.0,0,,RPPNMLNLPHKFFAX37CD
馬公市,土地,鐵線段661~690地號,2798.51,,一般農業區,農牧用地,1040713,土地1建物0車位0,,,其他,,,,0.0,0,0,0,有,無,16000000,5717,,0.0,0,,RPPNMLTLPHKFFAX67CA
馬公市,土地,東衛段961~990地號,760.99,,一般農業區,農牧用地,1040712,土地2建物0車位0,,,其他,,,,0.0,0,0,0,有,無,4603800,6050,,0.0,0,,RPPNMLKMPHKFFAX86CA
白沙鄉,土地,下瓦硐段511~540地號,93.51,,一般農業區,交通用地,1040720,土地1建物0車位0,,,其他,,,,0.0,0,0,0,有,無,350000,3743,,0.0,0,,RPRNMLKMPHKFFAX07CA
馬公市,土地,井垵西段421~450地號,145.59,,一般農業區,農牧用地,1040721,土地1建物0車位0,,,其他,,,,0.0,0,0,0,有,無,827200,5682,,0.0,0,,RPQNMLLMPHKFFAX07CA
馬公市,土地,五福段871~900地號,1014.58,,一般農業區,農牧用地,1040723,土地1建物0車位0,,,其他,,,,0.0,0,0,0,有,無,13800000,13602,,0.0,0,,RPPNMLOLPHKFFAX47CD
馬公市,房地(土地+建物),澎湖縣馬公巿馬公林森路87巷61~90號,77.27,住,,,1040608,土地1建物1車位0,全,二層,透天厝,住家用,鋼筋混凝土加強磚造,0671117,81.3,3,2,1,有,無,2627180,32315,,0.0,0,親友、員工或其他特殊關係間之交易。;親友、員工或其他特殊關係間之交易。,RPWNMLPJQHKFFAX97DA
湖西鄉,土地,沙港南段661~690地號,533.35,,,,1040723,土地2建物0車位0,,,其他,,,,0.0,0,0,0,有,無,4700000,8812,,0.0,0,,RPQNMLKMPHKFFAX07DA
西嶼鄉,土地,外垵二段1171~1200地號,65.02,,鄉村區,乙種建築用地,1040722,土地1建物0車位0,,,其他,,,,0.0,0,0,0,有,無,188000,2891,,0.0,0,親友、員工或其他特殊關係間之交易。;朋友間交易〈鄰居〉,RPPNMLOJQHKFFAX27EA
馬公市,房地(土地+建物),澎湖縣馬公巿石泉里石泉1~30號,64.4,,一般農業區,甲種建築用地,1040721,土地1建物1車位0,全,二層,透天厝,住家用,鋼筋混凝土加強磚造,0791201,80.8,3,2,2,有,無,3000000,37129,,0.0,0,,RPPNMLLMPHKFFAX07DA
馬公市,土地,裡新段1411~1440地號,1063.73,,風景區,農牧用地,1040728,土地3建物0車位0,,,其他,,,,0.0,0,0,0,有,無,1287000,1210,,0.0,0,,RPSNMLNJQHKFFAX27CA
湖西鄉,土地,許家段781~810地號,668.31,,一般農業區,農牧用地,1040722,土地1建物0車位0,,,其他,,,,0.0,0,0,0,有,無,6000000,8978,,0.0,0,,RPTNMLOJQHKFFAX47CA
馬公市,土地,裡新段1381~1410地號,774.74,,風景區,農牧用地,1040721,土地2建物0車位0,,,其他,,,,0.0,0,0,0,有,無,850000,1097,,0.0,0,,RPRNMLPJQHKFFAX37CA
馬公市,土地,光華段511~540地號,3684.16,,一般農業區,農牧用地,1040727,土地2建物0車位0,,,其他,,,,0.0,0,0,0,有,無,33330000,9047,,0.0,0,,RPPNMLMKQHKFFAX96CA
馬公市,房地(土地+建物),澎湖縣馬公巿文光路43巷1~30號,84.29,住,,,1040615,土地1建物1車位0,全,二層,透天厝,住家用,鋼筋混凝土加強磚造,0790510,124.56,3,2,2,有,無,5000000,40141,,0.0,0,含增建或未登記建物。;含增建或未登記建物。,RPSNMLOLQHKFFAX57CA
湖西鄉,土地,青螺新段1411~1440地號,2139.53,,森林區,丙種建築用地,1040714,土地6建物0車位0,,,其他,,,,0.0,0,0,0,有,無,11300000,5282,,0.0,0,,RPQNMLOJQHKFFAX27DA
白沙鄉,土地,講美段1171~1200地號,137.39,,一般農業區,農牧用地,1040727,土地1建物0車位0,,,其他,,,,0.0,0,0,0,有,無,100000,728,,0.0,0,,RPPNMLSKQHKFFAX67DA
湖西鄉,房地(土地+建物),澎湖縣湖西鄉成功村港底121~150號,354.87,,一般農業區,甲種建築用地,1040610,土地2建物1車位0,全,三層,透天厝,住家用,鋼筋混凝土造,0991013,277.43,6,4,6,有,無,14800000,53347,,0.0,0,,RPQNMLOLPHKFFAX57CD
馬公市,土地,文石段1141~1170地號,198.35,,一般農業區,甲種建築用地,1040626,土地3建物0車位0,,,其他,,,,0.0,0,0,0,有,無,8600000,43358,,0.0,0,"變更起造人,含未來興建房屋之費用",RPPNMLRLPHKFFAX77CD
馬公市,土地,烏崁新段421~450地號,986.83,,特定專用區,國土保安用地,1040625,土地1建物0車位0,,,其他,,,,0.0,0,0,0,有,無,3256550,3300,,0.0,0,,RPPNMLNJQHKFFAX96CA
