﻿編號,土地區段位置,土地移轉面積平方公尺,使用分區或編定
The serial number,land sector position,land shifting area square meter,the use zoning or compiles and checks
RPPSMLLJKHLFFBB47CC,錦村段,72.87,都市：住
RPVNMLMJKHLFFHL66CC,新德隆段,115.97,非都市：鄉村區 ; 非都市編定：乙種建築用地
RPRQMLLJKHLFFBB47CC,水源段,89.00,都市：住
RPPOMLLJKHLFFFL48CC,家興段,15.22,都市：住
RPOSMLLJKHLFFBB37CC,平田段,94.00,都市：商
RPVNMLLJKHLFFCB67CC,大新段,75.00,都市：住
RPVNMLLJKHLFFAB47CC,麻園頭段,41.70,都市：住
RPVSMLLJKHLFFCB18CC,鎮安段,2205.00,都市：農
RPROMLMJKHLFFAB27CC,平和段,4.83,都市：住
RPSNMLMJKHLFFHL09DC,育賢段,127.00,都市：住
RPPPMLMJKHLFFCB37CC,上石碑段,3739.00,都市：住
RPVNMLMJKHLFFAB57CC,利民段七小段,.00,都市：住
RPVNMLMJKHLFFAB57CC,三民段七小段,.00,都市：住
RPVOMLMJKHLFFAB67CC,樹子腳段,6.10,都市：住
RPTOMLMJKHLFFAB47CC,下橋子頭段,16.19,都市：住
RPRPMLMJKHLFFCB57CC,何安段,3.61,都市：住
RPQPMLMJKHLFFCB47CC,惠民段,27.37,都市：其他
RPUPMLMJKHLFFCB87CC,何厝段,17.01,都市：商
RPWNMLLJKHLFFCB77CC,大新段,91.64,都市：住
RPWNMLLJKHLFFCB77CC,大新段,20.07,都市：住
RPOQMLMJKHLFFCB37CC,大進段,12.81,都市：商
RPTPMLMJKHLFFCB77CC,下石碑段,22.33,都市：住
RPWPMLMJKHLFFCB08CC,國安段,16.44,都市：住
RPVPMLMJKHLFFCB97CC,保安段,14.56,都市：商
RPROMLLJKHLFFAB17CC,麻園頭段,.00,都市：其他
RPWPMLMJKHLFFBB97CC,水湳段,78.00,都市：住
RPUPMLMJKHLFFBB77CC,東山段,44.69,都市：商
RPSQMLNJKHLFFCB87CC,寶山段,15.06,都市：住
RPWNMLOJKHLFFAB87CC,土庫段,10.85,都市：住
RPXNMLNJKHLFFGL96DC,三民段,69.87,都市：住
RPVOMLOJKHLFFAB87CC,土庫段,12.69,都市：住
RPQPMLOJKHLFFCB77DC,惠民段,33.85,都市：商
RPTNMLOJKHLFFCB77CC,黎明段,15.61,都市：住
RPQNMLOJKHLFFAL28CC,北陽段,169.19,都市：其他
RPPPMLNJKHLFFCB47CC,上石碑段,.00,都市：住
RPTQMLOJKHLFFCB08CC,惠民段,54.60,都市：其他
RPVQMLOJKHLFFCB28CC,惠民段,49.88,都市：其他
RPXQMLOJKHLFFCB48CC,惠民段,13.89,都市：其他
RPWQMLOJKHLFFCB38CC,惠民段,21.82,都市：其他
RPWOMLMJKHLFFBB87CC,東峰段,10.44,都市：商
RPORMLOJKHLFFCB67CC,大墩段,8.20,都市：商
RPORMLOJKHLFFCB67CC,大墩段,20.94,都市：商
RPQOMLOJKHLFFCB57CC,中正段,67.16,都市：商
RPVNMLOJKHLFFBB87CC,東峰段,5.83,都市：商
RPUNMLOJKHLFFBB77CC,東峰段,9.23,都市：商
RPVOMLOJKHLFFBB97CC,東義段,85.16,都市：商
RPSPMLOJKHLFFBB77CC,松昌段,2129.00,都市：住
RPXOMLPJKHLFFCB38CC,黎明段,12.03,都市：住
RPPOMLPJKHLFFAB37CC,麻園頭段,13.05,都市：住
RPVNMLOJKHLFFCB97CC,中正段,5.63,都市：商
RPQOMLPJKHLFFAB47CC,麻園頭段,13.42,都市：住
RPQPMLPJKHLFFCB87DC,惠國段,2857.66,都市：其他
RPQOMLPKKHLFFCB87DC,豐功段,26.67,都市：住
RPRNMLQJKHLFFAB57CC,下橋子頭段,1.65,都市：商
RPPOMLPKKHLFFBB57CC,乾溝子段,.00,都市：住
RPORMLPJKHLFFBB67CC,東正段,4979.39,都市：住
RPROMLQKKHLFFCB97CC,惠民段,18.35,都市：其他
RPTOMLQKKHLFFCB18CC,惠國段,34.04,都市：其他
RPOOMLQKKHLFFCB67CC,惠民段,21.82,都市：其他
RPXOMLQKKHLFFCB58CC,福順段,22.44,都市：住
RPSPMLQKKHLFFCB18CC,大墩段,21.43,都市：住
RPRPMLQKKHLFFCB08CC,鎮安段,479.34,都市：農
RPRNMLQKKHLFFAL78DC,豐東段,70.14,都市：住
RPQPMLQKKHLFFCB97CC,豐功段,32.75,都市：住
RPPNMLRKKHLFFHL66CC,德興段,.00,都市：住
RPPNMLRKKHLFFHL66CC,德興段,.00,都市：住
RPPNMLRKKHLFFHL66CC,德興段,.00,都市：住
RPRNMLRKKHLFFGL86DC,新仁段,75.00,都市：住
RPVNMLRKKHLFFCB38CC,國安段,45.60,都市：住
RPWOMLSKKHLFFCB68CC,大墩段,7.97,都市：住
RPSNMLSKKHLFFCB18CC,寶山段,16.71,都市：住
RPXNMLSKKHLFFCB68CC,福順段,1783.77,都市：住
RPVOMLSKKHLFFCB58CC,黎明段,12.14,都市：住
RPXOMLSKKHLFFCB78CC,何厝段,21.61,都市：商
RPRNMLQKKHLFFGL66CC,美群段,30.61,非都市：鄉村區 ; 非都市編定：乙種建築用地
RPOPMLSKKHLFFCB97CC,中正段,6.24,都市：商
RPQNMLSKKHLFFAL78CC,三陽段,116.06,都市：住
RPRNMLTKKHLFFAL98CC,豐洲段,401.11,都市：住
RPOOMLRKKHLFFAB57CC,頂橋子頭段,1.00,都市：住
RPOOMLRKKHLFFAB57CC,頂橋子頭段,2.00,都市：住
RPOOMLRKKHLFFAB57CC,頂橋子頭段,3.00,都市：住
RPUNMLSKKHLFFAB18CC,樹子腳段,37.72,都市：住
RPWNMLTKKHLFFAB58DC,麻園頭段,396.00,都市：商
RPWNMLTKKHLFFAB58DC,麻園頭段,278.00,都市：商
RPUNMLTKKHLFFCB48CC,中正段,5.87,都市：商
RPSNMLTKKHLFFCB28CC,永富段,507.50,都市：住
RPVNMLTKKHLFFCB58CC,中正段,7.84,都市：商
RPQPMLTKKHLFFCB28CC,國安段,6.56,都市：住
RPQNMLKLKHLFFFL58CC,大明段,114.65,都市：住
RPROMLMLKHLFFCB67CC,西屯段,70.00,非都市： ; 非都市編定：
RPPNMLMLKHLFFFL68CC,橫山段,96.00,都市：農
RPQNMLMLKHLFFFL78CC,自立段,41.00,都市：其他
RPVOMLTKKHLFFBB58CC,賴厝段,67.00,都市：住
RPPNMLMLKHLFFCB37CC,何厝段,.00,都市：住
RPTPMLMLKHLFFBB87CC,青萍段,81.00,非都市： ; 非都市編定：
RPPPMLSKKHLFFCB08CC,民安段,14.55,都市：住
RPPNMLKLKHLFFBB07CC,同榮段,15.09,都市：住
RPPNMLLLKHLFFBB17CC,昌平段,624.11,都市：住
RPQNMLSKKHLFFBB87CC,賴厝段,5.26,都市：商
RPQNMLSKKHLFFBB87CC,賴厝段,22.61,都市：商
RPTOMLMLKHLFFAB67CC,重慶段六小段,90.00,非都市： ; 非都市編定：
RPRNMLMLKHLFFHL09CC,新興段,.00,都市：住
RPUPMLMLKHLFFBB97CC,東信段,.00,都市：商
RPOPMLMLKHLFFAB27CC,下橋子頭段,1.65,都市：商
RPTOMLMLKHLFFCB97DC,南屯段,3281.00,都市：商
RPTOMLMLKHLFFCB97DC,南屯段,457.00,都市：商
RPTOMLMLKHLFFCB97DC,南屯段,603.00,都市：商
RPXNMLMLKHLFFAB97CC,大益段,108.00,都市：住
RPXNMLMLKHLFFAB97CC,大益段,156.00,都市：住
RPXOMLMLKHLFFAB08CC,下橋子頭段,3.69,都市：商
RPXOMLMLKHLFFCB38DC,西屯段,45.00,都市：住
RPXOMLMLKHLFFCB38DC,西屯段,54.00,都市：住
RPXOMLMLKHLFFCB38DC,西屯段,16.00,都市：住
RPXOMLMLKHLFFCB38DC,西屯段,14.00,都市：住
RPWPMLNLKHLFFAB18CC,樹子腳段,5.76,都市：住
RPUPMLNLKHLFFAB97CC,樹子腳段,1.93,都市：住
RPXPMLNLKHLFFAB28CC,大益段,12.20,都市：住
RPXNMLNLKHLFFCB28CC,惠禮段,41.23,都市：住
RPPOMLNLKHLFFCB57CC,國安段,.00,都市：住
RPUOMLNLKHLFFCB08CC,中正段,5.55,都市：商
RPRNMLNLKHLFFAL48CC,豐原段,87.00,都市：商
RPVPMLNLKHLFFAB08CC,麻園頭段,12.54,都市：住
RPTNMLMLKHLFFHL76DC,光明段,96.77,非都市：鄉村區 ; 非都市編定：乙種建築用地
RPVNMLNLKHLFFCB08CC,文山段,2982.00,都市：工
RPTPMLNLKHLFFCB08CC,大墩段,81.00,都市：住
RPQNMLOLKHLFFIL66CC,王田段,221.00,都市：工
RPQNMLOLKHLFFIL66CC,王田段,234.00,都市：工
RPOPMLNLKHLFFBB47CC,東峰段,6.42,都市：商
RPWOMLNLKHLFFCB28CC,中正段,5.99,都市：商
RPRPMLNLKHLFFCB87CC,惠國段,14.40,都市：其他
RPUNMLOLKHLFFGL86CC,新仁段,26.91,都市：住
RPXOMLNLKHLFFCB38CC,三塊厝段,14.26,都市：住
RPPPMLNLKHLFFCB67CC,南屯段,28.40,都市：商
RPRNMLOLKHLFFIL76CC,茄投段,545.00,都市：工
RPRNMLOLKHLFFIL76CC,茄投段,152.00,都市：工
RPRNMLOLKHLFFIL76CC,茄投段,430.00,都市：工
RPRNMLOLKHLFFIL76CC,茄投段,517.00,都市：工
RPRNMLOLKHLFFIL76CC,茄投段,1.00,都市：工
RPRNMLOLKHLFFIL76CC,茄投段,44.00,都市：工
RPRNMLOLKHLFFIL76CC,茄投段,333.00,都市：工
RPRNMLOLKHLFFIL76CC,茄投段,226.00,都市：工
RPRNMLOLKHLFFIL76CC,茄投段,208.00,都市：工
RPQNMLPLKHLFFAL68DC,豐田段,91.96,都市：住
RPROMLPLKHLFFBB97DC,陳平段,966.00,都市：商
RPROMLPLKHLFFBB97DC,陳平段,2225.00,都市：住
RPTNMLPLKHLFFFL86DC,四德段,3048.00,都市：農
RPOOMLPLKHLFFBB67DC,陳平段,1.00,都市：其他
RPOOMLPLKHLFFBB67DC,陳平段,1.00,都市：其他
RPOOMLPLKHLFFBB67DC,陳平段,816.00,都市：商
RPOOMLPLKHLFFBB67DC,陳平段,2101.00,都市：住
RPOOMLPLKHLFFBB67DC,陳平段,31.00,都市：其他
RPOOMLPLKHLFFBB67DC,陳平段,59.00,都市：其他
RPSNMLPLKHLFFBB87CC,太順段,19.89,都市：住
RPWNMLOLKHLFFAB08CC,後子段,47.00,都市：商
RPWNMLOLKHLFFAB08CC,後子段,32.00,都市：住
RPUOMLPLKHLFFCB28CC,中正段,8.48,都市：商
RPXNMLPLKHLFFBB38CC,長安段,11.98,都市：住
RPOOMLQLKHLFFCB77CC,田心段,92.00,都市：住
RPQOMLQLKHLFFCB97CC,國安段,.00,非都市： ; 非都市編定：
RPPPMLQLKHLFFAB77CC,麻園頭段,21.80,都市：住
RPPNMLQLKHLFFAB57CC,公館段,70.00,都市：住
RPVOMLQLKHLFFCB48CC,惠民段,.00,都市：其他
RPWNMLQLKHLFFCB48CC,大新段,29.39,都市：住
RPQPMLQLKHLFFAB87CC,後子段,10.95,都市：住
RPQPMLQLKHLFFAB87CC,半平厝段,1.97,都市：住
RPQNMLRLKHLFFCB97CC,豐業段,94.06,都市：住
RPSOMLQLKHLFFBB08CC,東新段,6.72,都市：住
RPUNMLQLKHLFFBB18CC,東峰段,24.02,都市：商
RPPNMLTLKHLFFAB87CC,土庫段,173.00,都市：住
RPRNMLRLKHLFFCB08CC,南屯段,26.65,都市：住
RPRNMLRLKHLFFCB08CC,南屯段,62.00,都市：住
RPRNMLTLKHLFFBB28DC,東正段,5.97,都市：住
RPQNMLTLKHLFFBB18DC,東峰段,6.00,都市：住
RPUOMLLJLHLFFBB77DC,東峰段,22.63,都市：住
RPWNMLLJLHLFFCB87CC,上石碑段,.00,都市：住
RPTPMLQLKHLFFAB18CC,中民段八小段,.00,都市：住
RPTPMLQLKHLFFAB18CC,中民段八小段,.00,都市：住
RPTPMLQLKHLFFAB18CC,中民段八小段,.00,都市：住
RPTPMLQLKHLFFAB18CC,中民段八小段,.00,都市：住
RPTOMLLJLHLFFCB67CC,何厝段,10.66,都市：商
RPROMLLJLHLFFCB47CC,大新段,15.76,都市：住
RPPNMLTLKHLFFBB08DC,東峰段,16.73,都市：住
RPVOMLLJLHLFFBB77CC,錦村段,788.00,都市：住
RPXNMLLJLHLFFBB87CC,水源段,78.00,都市：商
RPUOMLMJLHLFFBB77CC,乾溝子段,13.89,都市：住
RPUOMLMJLHLFFBB77CC,乾溝子段,.40,都市：住
RPRNMLNJLHLFFBB57DC,東信段,26.66,都市：住
RPTNMLNJLHLFFBB77DC,松茂段,41.53,都市：住
RPTNMLNJLHLFFBB77DC,松茂段,4.63,都市：住
RPPNMLMJLHLFFAB07CC,大益段,29.93,都市：住
RPRPMLQLKHLFFAB97CC,後子段,10.95,都市：住
RPRPMLQLKHLFFAB97CC,半平厝段,1.97,都市：住
RPUNMLNJLHLFFBB77CC,東峰段,11.70,都市：商
RPSNMLNJLHLFFBB57CC,邱厝子段,2.33,都市：商
RPSNMLNJLHLFFBB57CC,賴厝段,2.90,都市：商
RPSOMLNJLHLFFBB67CC,太和段,21.59,都市：住
RPUOMLNJLHLFFBB87CC,建安段,.00,非都市： ; 非都市編定：
RPUOMLNJLHLFFBB87CC,建安段,.00,非都市： ; 非都市編定：
RPWNMLOJLHLFFBB08CC,水源段,173.00,都市：住
RPWNMLOJLHLFFCB18CC,中正段,8.53,都市：住
RPSOMLOJLHLFFCB87CC,惠泰段,132.50,都市：住
RPXNMLNJLHLFFCB18CC,中正段,10.54,都市：商
RPOPMLOJLHLFFCB57CC,惠國段,21.92,都市：其他
RPWNMLMJLHLFFCB97CC,大新段,102.00,都市：住
RPVOMLOJLHLFFCB18CC,惠安段,.00,非都市： ; 非都市編定：
RPXNMLOJLHLFFAB08CC,麻園頭段,12.91,都市：住
RPSOMLPJLHLFFBB87CC,平田段,36.26,都市：住
RPOOMLOJLHLFFAB27CC,麻園頭段,12.91,都市：住
RPWOMLQJLHLFFCB48CC,惠民段,.00,都市：其他
RPPOMLOJLHLFFAB37CC,麻園頭段,14.55,都市：住
RPSOMLOJLHLFFAB67CC,土庫段,.00,非都市： ; 非都市編定：
RPUOMLOJLHLFFCB08CC,惠泰段,64.93,都市：住
RPRNMLRJLHLFFCB97CC,三塊厝段,16.40,都市：住
RPXOMLQJLHLFFCB58CC,大墩段,.00,都市：住
RPPOMLRJLHLFFBB77CC,賴厝段,2653.00,都市：其他
RPXNMLRJLHLFFGL37CC,新榮泉段,4.18,都市：住
RPRNMLRJLHLFFHL96DC,瑞欣段,113.00,都市：住
RPXNMLSJLHLFFGL57DC,大孝段,81.40,都市：住
RPTNMLRJLHLFFHL17DC,平欣段,80.00,都市：住
RPQOMLSJLHLFFAB87CC,下橋子頭段,.07,都市：住
RPQOMLSJLHLFFAB87CC,頂橋子頭段,3.72,都市：住
RPVNMLSJLHLFFGL37DC,大孝段,81.40,都市：住
RPPNMLSJLHLFFAB67CC,樹子腳段,10.60,都市：住
RPWOMLSJLHLFFBB58CC,和平段,64.54,都市：住
RPWOMLSJLHLFFBB58CC,和平段,1.93,都市：住
RPWOMLSJLHLFFBB58CC,和平段,18.60,都市：住
RPWOMLSJLHLFFBB58CC,和平段,3.96,都市：住
RPWOMLSJLHLFFBB58CC,和平段,.19,都市：住
RPWNMLSJLHLFFBB48CC,邱厝子段,2.68,都市：商
RPWNMLSJLHLFFBB48CC,賴厝段,3.34,都市：商
RPXNMLTJLHLFFBB68CC,水湳段,47.20,都市：住
RPVNMLTJLHLFFAB38CC,麻園頭段,5.71,都市：住
RPXNMLTJLHLFFCB78CC,大進段,11.15,都市：住
RPTNMLTJLHLFFFL07CC,自強段,24.25,非都市：特定農業區 ; 非都市編定：甲種建築用地
RPOOMLTJLHLFFAB77CC,麻園頭段,22.38,都市：住
RPRNMLTJLHLFFFL96DC,四德段,24.00,都市：住
RPRNMLTJLHLFFFL96DC,四德段,264.00,都市：住
RPUNMLTJLHLFFCB58DC,田心段,11.98,都市：住
RPVNMLTJLHLFFCB68DC,田心段,12.89,都市：住
RPROMLTJLHLFFCB38DC,上石碑段,31.30,都市：住
RPQOMLTJLHLFFCB28DC,惠智段,92.58,都市：住
RPPNMLKKLHLFFFL48CC,民生段,7.54,都市：住
RPTOMLKKLHLFFAB47CC,公館段,.00,非都市： ; 非都市編定：
RPRNMLKKLHLFFBB27CC,松昌段,10.61,都市：住
RPSNMLSJLHLFFGL96CC,吉隆段,18.08,都市：住
RPWOMLKKLHLFFBB87CC,景美段,11.69,都市：住
RPUOMLLKLHLFFCB87CC,順和段,17.91,都市：住
RPXNMLKKLHLFFCB97CC,國安段,6.35,都市：住
RPWQMLLKLHLFFCB28CC,黎明段,24.93,都市：住
RPPOMLSJLHLFFCB97CC,大明段,9.51,都市：商
RPXPMLLKLHLFFCB28CC,民安段,1.60,都市：住
RPXPMLLKLHLFFCB28CC,民安段,1.24,都市：住
RPXPMLLKLHLFFCB28CC,民安段,1.23,都市：住
RPXPMLLKLHLFFCB28CC,民安段,3.71,都市：住
RPXPMLLKLHLFFCB28CC,民安段,71.55,都市：住
RPXPMLLKLHLFFCB28CC,民安段,13.51,都市：住
RPPNMLLKLHLFFAB07CC,麻園頭段,10.97,都市：住
RPXNMLLKLHLFFAB87CC,頂橋子頭段,12.53,都市：住
RPUNMLLKLHLFFAB57CC,中墩段一小段,165.00,都市：商
RPROMLLKLHLFFBB47CC,松茂段,23.24,都市：住
RPVNMLLKLHLFFAB67CC,麻園頭段,.00,都市：住
RPPNMLLKLHLFFAL08CC,三陽段,761.37,都市：住
RPTPMLLKLHLFFGL66CC,仁德段,86.65,都市：住
RPQNMLLKLHLFFIL98CC,自強段,29.29,非都市：鄉村區 ; 非都市編定：乙種建築用地
RPTNMLLKLHLFFBB67DC,東義段,5.83,都市：住
RPRNMLLKLHLFFAL38DC,豐洲北段,132.00,都市：工
RPRNMLLKLHLFFIL09CC,遊園段,35.16,非都市：鄉村區 ; 非都市編定：特定目的事業用地
RPPNMLMKLHLFFAB17CC,旱溪段,71.00,都市：住
RPPNMLMKLHLFFCB37CC,上石碑段,19.05,都市：住
RPUNMLSJLHLFFCB38CC,中正段,7.04,都市：商
RPRNMLNKLHLFFCB67CC,中正段,5.67,都市：商
RPVOMLSJLHLFFCB58CC,惠來厝段,21.92,都市：其他
RPXNMLSJLHLFFCB68CC,惠信段,76.69,都市：住
RPTNMLOKLHLFFCB97CC,西屯段,.00,都市：商
RPTNMLOKLHLFFCB97CC,西屯段,.00,都市：商
RPWOMLOKLHLFFCB38CC,中正段,8.12,都市：商
RPXOMLOKLHLFFCB48CC,上石碑段,76.00,都市：商
RPXOMLOKLHLFFCB48CC,上石碑段,21.00,都市：商
RPSNMLOKLHLFFAB67CC,麻園頭段,.00,都市：商
RPWOMLOKLHLFFAB18CC,後子段,57.32,都市：住
RPTNMLOKLHLFFAL78CC,慈興段,44.08,都市：其他
RPTNMLOKLHLFFGL76CC,北里段,2093.00,非都市：特定農業區 ; 非都市編定：農牧用地
RPSNMLOKLHLFFAL78DC,東湳北段,1488.00,非都市：特定農業區 ; 非都市編定：農牧用地
RPURMLLKLHLFFCB18CC,惠義段,143.81,都市：住
RPRNMLOKLHLFFCB77CC,大墩段,38.97,都市：住
RPVOMLOKLHLFFAB08CC,麻園頭段,15.58,都市：住
RPVOMLOKLHLFFAB08CC,麻園頭段,15.58,都市：住
RPQOMLOKLHLFFBB67CC,中清段,24.96,都市：住
RPXNMLOKLHLFFAL56CC,豐原段,95.00,都市：住
RPSOMLOKLHLFFBB87CC,青萍段,88.00,都市：住
RPQPMLOKLHLFFBB77CC,東義段,22.66,都市：住
RPQNMLPKLHLFFFL56DC,興華段,10.22,都市：商
RPPNMLPKLHLFFHL56CC,育賢段,29.83,都市：住
RPPNMLPKLHLFFHL56CC,育賢段,2.83,都市：住
RPRNMLPKLHLFFAB67CC,頂橋子頭段,111.00,都市：商
RPSOMLPKLHLFFBB97CC,平田段,6.25,都市：住
RPQNMLQKLHLFFCB87CC,大進段,16.51,都市：住
RPTNMLQKLHLFFCB18CC,下石碑段,496.00,都市：工
RPTNMLQKLHLFFCB18CC,下石碑段,752.00,都市：工
RPRNMLQKLHLFFCB97CC,安林段,28.43,都市：住
RPRNMLQKLHLFFBB87CC,邱厝子段,2.39,都市：商
RPRNMLQKLHLFFBB87CC,賴厝段,2.97,都市：商
RPUNMLQKLHLFFCB28CC,上石碑段,74.00,都市：住
RPVOMLQKLHLFFBB38CC,東峰段,9.74,都市：商
RPPPMLQKLHLFFBB87CC,東峰段,11.13,都市：商
RPUNMLQKLHLFFBB18CC,賴厝段,92.00,都市：住
RPPPMLPKLHLFFCB87CC,順和段,314.50,都市：工
RPRPMLQKLHLFFBB08CC,東峰段,9.78,都市：商
RPTPMLQKLHLFFBB28CC,青雲段,25.33,都市：住
RPWPMLQKLHLFFBB58CC,陳平段,.00,都市：住
RPSPMLQKLHLFFBB18CC,東峰段,10.58,都市：商
RPQOMLQKLHLFFAB77CC,麻園頭段,396.00,都市：商
RPUNMLQKLHLFFAB08CC,下橋子頭段,37.01,都市：住
RPPOMLQKLHLFFAB67CC,後子段,14.00,都市：商
RPWOMLQKLHLFFAB38CC,下橋子頭段,1.94,都市：商
RPXOMLQKLHLFFAB48CC,下橋子頭段,1.72,都市：商
RPQNMLQKLHLFFHL86DC,樹孝段,8.19,都市：住
RPQNMLQKLHLFFHL86DC,樹孝段,5.26,都市：住
RPQNMLQKLHLFFHL86DC,樹孝段,.57,都市：住
RPOPMLQKLHLFFAB67CC,下橋子頭段,3.59,都市：商
RPPOMLPKLHLFFBB67CC,賴厝段,4.00,都市：住
RPUNMLRKLHLFFAB18CC,麻園頭段,223.96,都市：住
RPUNMLRKLHLFFAB18CC,麻園頭段,167.89,都市：住
RPTOMLPKLHLFFCB18CC,中正段,5.27,都市：商
RPVOMLPKLHLFFBB28CC,平田段,9.13,都市：住
RPVOMLPKLHLFFBB28CC,平田段,1.68,都市：住
RPSNMLRKLHLFFBB08CC,乾溝子段,.49,都市：住
RPSNMLRKLHLFFBB08CC,乾溝子段,17.05,都市：住
RPTNMLRKLHLFFAB08CC,麻園頭段,.00,都市：住
RPPNMLRKLHLFFCB87CC,大進段,15.42,都市：住
RPROMLRKLHLFFBB08CC,錦村段,6.00,非都市： ; 非都市編定：
RPSNMLRKLHLFFAB97CC,仁愛段三小段,17.00,都市：住
RPXNMLQKLHLFFAB38CC,後子段,1.00,都市：住
RPXNMLQKLHLFFAB38CC,後子段,85.00,都市：住
RPXOMLRKLHLFFCB78CC,國安段,7.10,都市：住
RPXNMLSKLHLFFCB78CC,惠民段,10.75,都市：其他
RPWNMLRKLHLFFCB58CC,福安段,100.00,都市：住
RPOOMLSKLHLFFCB97CC,福順段,28.70,都市：住
RPQOMLSKLHLFFBB08CC,東正段,.00,非都市： ; 非都市編定：
RPUNMLSKLHLFFAL66CC,南陽段,115.82,都市：住
RPRNMLSKLHLFFFL86CC,上楓段,200.00,都市：農
RPPNMLTKLHLFFBB08DC,青萍段,43.00,都市：住
RPPNMLTKLHLFFBB08DC,青萍段,23.00,都市：住
RPSOMLSKLHLFFCL76CC,南勢坑段埔子小段,73.00,都市：住
RPSOMLSKLHLFFCL76CC,南勢坑段埔子小段,27.01,都市：住
RPSOMLSKLHLFFCL76CC,南勢坑段埔子小段,8.45,都市：住
RPXNMLRKLHLFFCB68CC,上石碑段,13.00,都市：住
RPXNMLRKLHLFFCB68CC,上石碑段,51.00,都市：住
RPPNMLTKLHLFFCB08CC,中正段,6.27,都市：商
RPWOMLLLLHLFFCB28DC,上石碑段,22.14,都市：住
RPUNMLLLLHLFFAB77DC,樹子腳段,136.00,都市：住
RPXNMLLLLHLFFAB08DC,頂橋子頭段,380.00,都市：住
RPWNMLLLLHLFFAB08EC,旱溪段,44.50,都市：住
RPTOMLLLLHLFFCB87CC,惠順段,17.76,都市：商
RPVNMLLLLHLFFFL66CC,東寶二段,.00,都市：農
RPOOMLLLLHLFFAB17CC,大益段,.00,都市：住
RPOOMLLLLHLFFAB17CC,大益段,.00,都市：住
RPPOMLLLLHLFFAB27CC,復興段二小段,.00,都市：商
RPUNMLLLLHLFFIL86CC,遊園北段,3172.28,都市：農
RPUNMLLLLHLFFAL68CC,豐洲北段,79.64,都市：其他
RPROMLMLLHLFFAB57CC,麻園頭段,17.48,都市：商
RPTNMLLLLHLFFAL58CC,成功段,115.89,都市：住
RPTNMLMLLHLFFHL86DC,宜欣段,6.49,都市：住
RPRNMLMLLHLFFHL66DC,宜欣段,4.29,都市：住
RPSNMLMLLHLFFCL88DC,北勢坑段六路厝小段,57.00,都市：住
RPSNMLMLLHLFFCL88DC,北勢坑段六路厝小段,31.50,都市：住
RPVOMLLLLHLFFCB08CC,惠安段,17.13,都市：商
RPVNMLLLLHLFFAB97EC,旱溪段,44.50,都市：住
RPRNMLMLLHLFFIL66CC,遊園北段,3172.28,都市：農
RPSOMLNLLHLFFBB97DC,東義段,5.83,都市：住
RPOPMLNLLHLFFAB47CC,麻園頭段,19.03,都市：住
RPVNMLNLLHLFFAB97CC,後子段,1029.00,都市：住
RPVNMLNLLHLFFAB97CC,後子段,14.00,都市：住
RPVNMLNLLHLFFAB97CC,後子段,30.00,都市：住
RPPNMLNLLHLFFHL56DC,宜欣段,6.49,都市：住
RPWNMLNLLHLFFCB28CC,大新段,111.00,都市：住
RPQNMLNLLHLFFHL66DC,宜欣段,4.81,都市：住
RPUOMLNLLHLFFCB18CC,中正段,7.04,都市：商
RPTOMLNLLHLFFBB97CC,邱厝子段,2.67,都市：商
RPTOMLNLLHLFFBB97CC,賴厝段,3.33,都市：商
RPPOMLNLLHLFFCB67CC,惠禮段,.00,都市：商
RPTOMLNLLHLFFCB08CC,中正段,9.49,都市：商
RPOOMLNLLHLFFCB57CC,惠來厝段,68.00,都市：商
RPVOMLNLLHLFFBB18CC,邱厝子段,2.49,都市：商
RPVOMLNLLHLFFBB18CC,賴厝段,3.10,都市：商
RPRPMLNLLHLFFBB87CC,賴厝段,4.18,都市：商
RPRPMLNLLHLFFBB87CC,邱厝子段,3.36,都市：商
RPWOMLNLLHLFFBB28CC,邱厝子段,2.39,都市：商
RPWOMLNLLHLFFBB28CC,賴厝段,2.97,都市：商
RPVPMLNLLHLFFBB28CC,邱厝子段,3.86,都市：商
RPVPMLNLLHLFFBB28CC,賴厝段,4.81,都市：商
RPPOMLOLLHLFFBB67CC,松茂段,15.00,都市：住
RPPQMLNLLHLFFBB77CC,賴厝段,2.94,都市：商
RPPQMLNLLHLFFBB77CC,邱厝子段,2.36,都市：商
RPUNMLNLLHLFFHL96CC,宜欣段,76.00,都市：住
RPWPMLNLLHLFFBB38CC,邱厝子段,2.50,都市：商
RPWPMLNLLHLFFBB38CC,賴厝段,3.12,都市：商
RPWOMLOLLHLFFBB38CC,東義段,7.38,非都市： ; 非都市編定：
RPRNMLNLLHLFFCB77CC,惠國段,33.43,都市：其他
RPQNMLOLLHLFFAB57CC,後子段,1029.00,都市：住
RPQNMLOLLHLFFAB57CC,後子段,14.00,都市：住
RPQNMLOLLHLFFAB57CC,後子段,30.00,都市：住
RPPNMLOLLHLFFCB67CC,大進段,.00,都市：住
RPSPMLOLLHLFFBB08CC,東正段,8.71,都市：商
RPSOMLPLLHLFFBB18DC,東義段,7.29,都市：住
RPQOMLPLLHLFFHL86CC,番子路段,68.79,都市：住
RPTNMLOLLHLFFCL09CC,梧棲段,8.00,都市：住
RPTNMLOLLHLFFCL09CC,梧棲段,51.00,都市：住
RPVNMLOLLHLFFHL17CC,番子路段,22.11,都市：住
RPUNMLOLLHLFFCL56CC,南勢坑段埔子小段,18.07,都市：其他
RPUNMLOLLHLFFCL56CC,南勢坑段埔子小段,4.17,都市：其他
RPUNMLOLLHLFFCL56CC,南勢坑段埔子小段,66.00,都市：其他
RPUOMLPLLHLFFCB48DC,西屯段,65.34,都市：住
RPTNMLPLLHLFFAL98CC,向陽段,143.00,都市：商
RPPPMLPLLHLFFGL76CC,大義段,55.06,都市：住
RPTNMLPLLHLFFFL86CC,大新段,18.81,都市：其他
RPTNMLPLLHLFFFL86CC,大新段,.58,都市：其他
RPTNMLPLLHLFFFL86CC,大新段,1.61,都市：其他
RPTNMLPLLHLFFFL86CC,大新段,4.80,都市：其他
RPTNMLPLLHLFFAB97CC,後子段,22.57,都市：住
RPVNMLPLLHLFFAB18CC,大益段,10.45,都市：住
RPVNMLPLLHLFFAB18CC,大益段,3.19,都市：住
RPUNMLPLLHLFFAB08CC,後子段,49.07,都市：住
RPVOMLPLLHLFFAB28CC,後子段,.00,都市：住
RPVOMLPLLHLFFAB28CC,後子段,.00,都市：住
RPVOMLPLLHLFFAB28CC,後子段,.00,都市：住
RPVOMLPLLHLFFAB28CC,後子段,.00,都市：住
RPPNMLPLLHLFFCB77CC,順安段,20.54,都市：住
RPQOMLPLLHLFFAB77CC,光明段一小段,17.00,都市：住
RPQOMLPLLHLFFAB77CC,光明段一小段,40.00,都市：住
RPQPMLPLLHLFFCB08CC,何安段,4.90,都市：住
RPOOMLPLLHLFFCB77CC,惠民段,22.73,都市：其他
RPQOMLPLLHLFFCB97CC,福安段,25.83,都市：住
RPOQMLPLLHLFFCB97CC,何安段,12.78,都市：住
RPPPMLPLLHLFFCB97CC,中義段,14.33,都市：住
RPPPMLPLLHLFFCB97CC,中義段,68.00,都市：住
RPTPMLPLLHLFFCB38CC,中正段,4.95,都市：商
RPQNMLPLLHLFFBB77CC,東峰段,10.28,都市：商
RPSNMLPLLHLFFBB97CC,東峰段,6.34,都市：商
RPTNMLPLLHLFFBB08CC,東峰段,6.42,都市：商
RPSOMLOLLHLFFBB97CC,東義段,7.38,非都市： ; 非都市編定：
RPQNMLSLLHLFFBB08CC,松竹段,.00,非都市： ; 非都市編定：
RPRPMLPLLHLFFBB08CC,東義段,27.73,都市：住
RPSNMLSLLHLFFCB38CC,大新段,.00,非都市： ; 非都市編定：
RPSPMLPLLHLFFBB18CC,東義段,27.73,都市：住
RPXNMLSLLHLFFBB78CC,賴厝段,2.67,都市：商
RPRNMLSLLHLFFHL17CC,仁平段,75.00,都市：住
RPQPMLPLLHLFFBB97CC,東義段,27.73,都市：住
RPPPMLPLLHLFFBB87CC,仁美段,.33,都市：住
RPPPMLPLLHLFFBB87CC,仁美段,3.31,都市：住
RPPPMLPLLHLFFBB87CC,仁美段,.20,都市：住
RPPPMLPLLHLFFBB87CC,仁美段,12.69,都市：住
RPPPMLPLLHLFFBB87CC,仁美段,.06,都市：住
RPPPMLPLLHLFFBB87CC,仁美段,87.00,都市：住
RPUNMLPLLHLFFBB18CC,東峰段,6.34,都市：商
RPWNMLSLLHLFFAB58CC,平和段,.00,非都市： ; 非都市編定：
RPTNMLSLLHLFFHL47DC,新高段,13.30,都市：住
RPQOMLSLLHLFFCB28CC,何安段,12.83,都市：住
RPQOMLSLLHLFFCB28CC,何安段,15.73,都市：住
RPUNMLPLLHLFFFL96CC,大新段,56.44,都市：其他
RPUNMLPLLHLFFFL96CC,大新段,1.74,都市：其他
RPUNMLPLLHLFFFL96CC,大新段,4.84,都市：其他
RPUNMLPLLHLFFFL96CC,大新段,14.41,都市：其他
RPPOMLTLLHLFFAB08CC,樹子腳段,163.00,都市：住
RPOOMLTLLHLFFAB97CC,後子段,17.98,都市：住
RPUNMLTLLHLFFCB68CC,上石碑段,3.44,都市：商
RPUNMLTLLHLFFCB68CC,上石碑段,3.07,都市：商
RPQNMLSLLHLFFHL17DC,樹孝段,9.60,都市：住
RPXNMLTLLHLFFBB88CC,邱厝子段,2.37,都市：商
RPXNMLTLLHLFFBB88CC,賴厝段,2.96,都市：商
RPUOMLTLLHLFFBB68CC,松觀段,11.36,都市：住
RPXPMLKMLHLFFBB28CC,賴厝段,5.05,都市：住
RPUNMLKMLHLFFCB87CC,大新段,5.00,都市：住
RPTNMLKMLHLFFAB57CC,公館段,2.79,都市：住
RPTNMLKMLHLFFAB57CC,公館段,2.41,都市：住
RPWNMLKMLHLFFCB08CC,國安段,20.50,都市：住
RPRNMLKMLHLFFGL98CC,中華段,55.42,都市：住
RPQNMLKMLHLFFIL56DC,新興段,125.38,非都市：鄉村區 ; 非都市編定：乙種建築用地
RPUNMLKMLHLFFAB67CC,公館段,1.48,都市：住
RPUNMLKMLHLFFAB67CC,公館段,1.28,都市：住
RPVPMLLMLHLFFAB08CC,麻園頭段,43.42,都市：住
RPPNMLKMLHLFFIL09DC,新興段,125.38,非都市：鄉村區 ; 非都市編定：乙種建築用地
RPUOMLLMLHLFFCB08CC,大新段,10.83,都市：住
RPUOMLLMLHLFFCB08CC,大新段,13.54,都市：住
RPUOMLLMLHLFFCB08CC,大新段,11.70,都市：住
RPSNMLLMLHLFFCB87DC,惠信段,5.17,都市：住
RPTOMLLMLHLFFAB87DC,公館段,2.17,都市：住
RPTOMLLMLHLFFAB87DC,公館段,2.51,都市：住
RPRQMLLJMHLFFBB67CC,賴厝段,26.98,都市：商
RPWOMLLMLHLFFBB18CC,長安段,107.00,都市：住
RPQOMLLJMHLFFCB47CC,惠民段,12.54,都市：住
RPTOMLLJMHLFFCB77CC,中仁段,13.83,都市：住
RPXNMLLJMHLFFAB87CC,大益段,.00,都市：工
RPWNMLTLLHLFFCB88CC,上石碑段,3.30,都市：商
RPWNMLTLLHLFFCB88CC,上石碑段,2.95,都市：商
RPWNMLLJMHLFFCB97CC,中正段,5.91,都市：商
RPUNMLLJMHLFFCB87DC,大新段,141.00,都市：住
RPTNMLTLLHLFFCB58CC,上石碑段,5.54,都市：商
RPTNMLTLLHLFFCB58CC,上石碑段,4.95,都市：商
RPQPMLLJMHLFFCB57CC,福和段,1109.90,都市：住
RPPTMLLJMHLFFBB77CC,太和段,24.97,都市：住
RPPPMLTLLHLFFCB38CC,上石碑段,.00,都市：住
RPPNMLLJMHLFFIL98DC,新東段,93.35,非都市：鄉村區 ; 非都市編定：乙種建築用地
RPPNMLMJMHLFFGL78CC,東湖段,17.74,都市：住
RPPNMLMJMHLFFHL88CC,新興段,4.14,都市：住
RPPNMLPJMHLFFHL56CC,育賢段,81.70,都市：住
RPPNMLPJMHLFFBB57CC,賴厝段,99.90,都市：商
RPQNMLPJMHLFFHL66CC,育賢段,81.70,都市：住
RPRNMLPJMHLFFCB87CC,中正段,8.57,都市：商
RPQNMLPJMHLFFBB67CC,邱厝子段,2.86,都市：商
RPQNMLPJMHLFFBB67CC,賴厝段,3.56,都市：商
RPRNMLPJMHLFFBB77CC,邱厝子段,2.56,都市：商
RPRNMLPJMHLFFBB77CC,賴厝段,3.19,都市：商
RPPOMLQJMHLFFBB77CC,東光段,86.00,都市：商
RPSNMLPJMHLFFCB97CC,中正段,9.49,都市：商
RPSNMLPJMHLFFBB87CC,邱厝子段,2.53,都市：商
RPSNMLPJMHLFFBB87CC,賴厝段,3.16,都市：商
RPOOMLPJMHLFFBB57CC,中清段,155.00,都市：住
RPOOMLPJMHLFFBB57CC,中清段,150.00,都市：住
RPOOMLPJMHLFFBB57CC,中清段,150.00,都市：住
RPRPMLRJMHLFFGL07CC,新甲段,20.18,都市：商
RPUOMLQJMHLFFBB28CC,北屯段,49.00,都市：住
RPVNMLRJMHLFFAB28CC,麻園頭段,12.37,都市：住
RPROMLRJMHLFFAB97CC,半平厝段,.00,都市：住
RPTNMLRJMHLFFAB08CC,麻園頭段,14.19,都市：住
RPXNMLRJMHLFFAB48CC,麻園頭段,11.68,都市：住
RPOPMLQJMHLFFGL66CC,益民段,21.71,都市：其他
RPSOMLRJMHLFFAB08CC,麻園頭段,.00,都市：住
RPQOMLRJMHLFFBB97CC,東信段,13.20,都市：住
RPQOMLRJMHLFFBB97CC,東信段,7.85,都市：住
RPWNMLRJMHLFFBB48CC,東正段,13.48,都市：住
RPWOMLRJMHLFFBB58CC,太原段,24.23,都市：其他
RPOOMLRJMHLFFAB67CC,麻園頭段,12.37,都市：住
RPTNMLRJMHLFFCB28CC,上石碑段,49.54,都市：商
RPXOMLRJMHLFFBB68CC,松昌段,11.33,都市：商
RPPOMLRJMHLFFCB97CC,西屯段,17.64,都市：住
RPQPMLRJMHLFFBB08CC,東正段,14.96,都市：住
RPWOMLRJMHLFFCB68CC,大新段,19.93,都市：住
RPXOMLRJMHLFFCB78CC,何安段,15.74,都市：住
RPPPMLRJMHLFFCB08CC,豐功段,22.75,都市：商
RPRPMLRJMHLFFCB28CC,何安段,4.83,都市：住
RPUPMLRJMHLFFCB58CC,信安段,20.78,都市：住
RPRNMLSJMHLFFCB18CC,大新段,14.39,都市：住
RPOQMLRJMHLFFCB08CC,國安段,.00,都市：住
RPWNMLSJMHLFFCB68CC,大墩段,90.31,都市：住
RPTOMLSJMHLFFCB48CC,惠民段,28.86,都市：其他
RPUOMLSJMHLFFCB58CC,民安段,84.45,都市：住
RPPPMLSJMHLFFCB18CC,永富段,35.58,都市：住
RPPPMLSJMHLFFCB18CC,永富段,177.92,都市：住
RPTOMLSJMHLFFBB38CC,乾溝子段,124.25,都市：住
RPTNMLSJMHLFFIL37CC,新庄段,128.02,非都市：一般農業區 ; 非都市編定：丙種建築用地
RPTNMLSJMHLFFIL37CC,新庄段,27.11,非都市：一般農業區 ; 非都市編定：丙種建築用地
RPTNMLSJMHLFFHL27CC,新高段,67.89,都市：商
RPTNMLSJMHLFFHL27CC,新高段,7.92,都市：商
RPTNMLSJMHLFFHL27CC,新高段,2.00,都市：商
RPUNMLSJMHLFFIL47CC,東園段,86.62,非都市：鄉村區 ; 非都市編定：乙種建築用地
RPUNMLSJMHLFFIL47CC,東園段,16.01,非都市：鄉村區 ; 非都市編定：乙種建築用地
RPXPMLSJMHLFFFL67CC,上橫山段,2970.00,都市：農
RPUOMLSJMHLFFAB38CC,後子段,24.32,都市：住
RPROMLSJMHLFFCL66CC,南勢坑段埔子小段,45.00,都市：住
RPROMLSJMHLFFCL66CC,南勢坑段埔子小段,38.45,都市：住
RPPNMLTJMHLFFFL76CC,大明段,38.21,都市：住
RPWNMLRJMHLFFAB38CC,麻園頭段,11.68,都市：住
RPUNMLRJMHLFFAB18CC,麻園頭段,13.09,都市：住
RPSNMLSJMHLFFBB28DC,錦村段,11.48,都市：住
RPSNMLSJMHLFFAB08CC,麻園頭段,16.46,都市：住
RPPNMLTJMHLFFCB08CC,大墩段,51.14,都市：商
RPPNMLLKMHLFFFL68CC,民生段,6.79,都市：住
RPQNMLLKMHLFFFL78CC,四德段,14.75,都市：住
RPSOMLMKMHLFFAB67CC,後子段,8.95,都市：住
RPXNMLLKMHLFFHL07CC,內湖段,152.79,非都市：鄉村區 ; 非都市編定：乙種建築用地
RPQOMLMKMHLFFCB67CC,安和段,.00,都市：工
RPSOMLLKMHLFFAB57CC,旱溪段,95.00,都市：住
RPSNMLLKMHLFFCB77DC,保安段,14.56,都市：商
RPROMLMKMHLFFCB77CC,中正段,7.20,都市：商
RPUOMLMKMHLFFCB08CC,中正段,6.72,都市：商
RPSOMLMKMHLFFCB87CC,上石碑段,3.49,都市：商
RPSOMLMKMHLFFCB87CC,上石碑段,3.12,都市：商
RPVOMLMKMHLFFCB18CC,中正段,5.27,都市：商
RPPPMLMKMHLFFCB67CC,惠信段,.00,非都市： ; 非都市編定：
RPWOMLMKMHLFFCB28CC,惠民段,13.83,都市：其他
RPRPMLMKMHLFFCB87CC,福順段,22.88,都市：住
RPOOMLMKMHLFFBB37CC,景東段,87.43,都市：住
RPQOMLMKMHLFFBB57CC,北屯段,31.13,都市：商
RPWOMLMKMHLFFBB18CC,邱厝子段,2.65,都市：商
RPWOMLMKMHLFFBB18CC,賴厝段,3.30,都市：商
RPOPMLMKMHLFFBB47CC,邱厝子段,2.37,都市：商
RPOPMLMKMHLFFBB47CC,賴厝段,2.96,都市：商
RPTPMLMKMHLFFCB08CC,豐功段,72.66,都市：住
RPRNMLNKMHLFFBB67CC,松竹段,1.46,都市：住
RPVPMLMKMHLFFBB18CC,邱厝子段,2.36,都市：商
RPVPMLMKMHLFFBB18CC,賴厝段,2.94,都市：商
RPWPMLMKMHLFFBB28CC,東峰段,5.83,都市：商
RPPOMLNKMHLFFCB67CC,惠民段,2033.48,都市：住
RPQOMLNKMHLFFBB67CC,中德段,30.62,都市：住
RPVNMLNKMHLFFAB97CC,麻園頭段,16.84,都市：住
RPSNMLNKMHLFFBB77CC,松觀段,1649.00,都市：住
RPTOMLNKMHLFFAB87CC,東勢子段,20.64,都市：其他
RPXNMLNKMHLFFHL27CC,樹孝段,127.00,都市：住
RPTNMLNKMHLFFCL98CC,銀聯段,136.00,都市：商
RPTNMLNKMHLFFCL98CC,銀聯段,76.00,都市：商
RPSNMLNKMHLFFCL88CC,梧棲段,982.00,都市：住
RPQQMLMKMHLFFBB77CC,中德段,9.45,都市：住
RPPQMLMKMHLFFBB67CC,景美段,143.00,都市：住
RPTPMLOKMHLFFCB38DC,福安段,.00,都市：住
RPTNMLOKMHLFFFL76CC,潭興段,27.03,都市：住
RPVNMLOKMHLFFGL07CC,中興段,.00,都市：商
RPTNMLOKMHLFFHL96CC,德興段,.00,都市：住
RPPQMLOKMHLFFBB87CC,平田段,.00,非都市： ; 非都市編定：
RPQNMLOKMHLFFCB77CC,大墩段,14.00,都市：住
RPPVMLPKMHLFFBB48CC,乾溝子段,20.28,都市：住
RPRRMLOKMHLFFBB18CC,平田段,.00,非都市： ; 非都市編定：
RPQOMLPKMHLFFCB97CC,大新段,107.40,都市：住
RPWPMLPKMHLFFCB68CC,田心段,61.00,都市：住
RPWPMLPKMHLFFCB68CC,田心段,17.00,都市：住
RPQNMLQKMHLFFCB97CC,西屯段,90.00,都市：住
RPQNMLQKMHLFFCB97CC,西屯段,90.00,都市：住
RPOPMLSKMHLFFCB18CC,寶山段,29.49,都市：住
RPPPMLSKMHLFFCB28CC,惠智段,102.30,都市：住
RPPPMLSKMHLFFCB28CC,惠智段,4.33,都市：住
RPPPMLSKMHLFFCB28CC,惠智段,80.31,都市：住
RPQPMLSKMHLFFCB38CC,豐功段,113.63,都市：住
RPRPMLSKMHLFFCB48CC,三塊厝段,66.17,都市：住
RPSPMLSKMHLFFCB58CC,三塊厝段,66.17,都市：住
RPUPMLSKMHLFFCB78CC,安林段,.00,都市：住
RPQOMLSKMHLFFBB18CC,松觀段,.00,非都市： ; 非都市編定：
RPVPMLSKMHLFFCB88CC,惠順段,.00,都市：商
RPTNMLSKMHLFFAL66CC,泉州段,831.73,都市：工
RPSRMLSKMHLFFBB68CC,水源段,221.00,都市：住
RPWNMLSKMHLFFBB78DC,東峰段,6.53,都市：住
RPTOMLSKMHLFFAB38CC,樹子腳段,1.94,都市：住
RPUNMLSKMHLFFAL86DC,豐原段,103.00,都市：商
RPROMLSKMHLFFAB18CC,樹子腳段,5.76,都市：住
RPPNMLTKMHLFFGL96CC,吉隆段,46.52,都市：住
RPTNMLTKMHLFFCB58CC,中和段,64.00,都市：住
RPPOMLTKMHLFFBB18CC,平田段,12.57,都市：住
RPOOMLTKMHLFFBB08CC,崇德段,67.35,都市：住
RPOOMLTKMHLFFCB18CC,永新段,908.33,都市：住
RPPOMLTKMHLFFAL56DC,十五庄段,87.05,都市：住
RPQPMLTKMHLFFCB48CC,上石碑段,.00,都市：住
RPQPMLTKMHLFFCB48CC,上石碑段,.00,都市：住
RPVNMLKLMHLFFCB97CC,惠安段,.00,非都市： ; 非都市編定：
RPTOMLKLMHLFFCB87CC,中和段,63.40,都市：住
RPWOMLKLMHLFFCB18CC,中正段,10.18,都市：商
RPOOMLKLMHLFFCB37CC,中正段,5.87,都市：工
RPSNMLKLMHLFFCB67CC,大新段,25.71,都市：住
RPWOMLTKMHLFFCB98CC,中和段,7.04,都市：住
RPPNMLKLMHLFFCB37CC,中正段,5.99,都市：商
RPVOMLKLMHLFFCB08CC,中正段,9.01,都市：商
RPQOMLKLMHLFFCB57CC,中正段,4.95,都市：商
RPVNMLKLMHLFFBB87CC,建業段,11.70,都市：住
RPPPMLKLMHLFFCB57CC,何安段,5.86,都市：商
RPSOMLKLMHLFFBB67CC,東峰段,6.42,都市：商
RPRPMLKLMHLFFCB77CC,上石碑段,3.95,都市：商
RPRPMLKLMHLFFCB77CC,上石碑段,3.52,都市：商
RPTOMLKLMHLFFBB77CC,東峰段,9.74,都市：商
RPPPMLKLMHLFFBB47CC,賴厝段,3.20,都市：商
RPPPMLKLMHLFFBB47CC,邱厝子段,2.57,都市：商
RPVOMLKLMHLFFBB97CC,東峰段,5.83,都市：商
RPOQMLKLMHLFFCB57CC,國安段,9.52,都市：住
RPXNMLKLMHLFFGL96CC,西榮段,32.98,都市：商
RPWPMLKLMHLFFBB18CC,東山段,.00,非都市： ; 非都市編定：
RPTNMLKLMHLFFFL09CC,四德段,74.00,都市：住
RPVNMLKLMHLFFAL88DC,豐南段,978.63,都市：住
RPVNMLKLMHLFFAL88DC,豐南段,110.22,都市：住
RPPNMLKLMHLFFAB17CC,麻園頭段,17.56,都市：住
RPQNMLKLMHLFFAB27CC,麻園頭段,14.01,都市：住
RPQPMLKLMHLFFCB77DC,上石碑段,22.00,都市：商
RPVNMLLLMHLFFCB18DC,南屯段,70.00,都市：住
RPVPMLLLMHLFFAB18DC,後子段,12.56,都市：住
RPXPMLLLMHLFFAB28CC,頂橋子頭段,9.56,都市：住
RPXPMLLLMHLFFAB28CC,正義段九小段,1.80,都市：住
RPXPMLLLMHLFFAB28CC,萬安段九小段,24.26,都市：住
RPWNMLLLMHLFFBB18DC,東新段,11.85,都市：住
RPRPMLLLMHLFFAB67CC,下橋子頭段,1.79,都市：商
RPUOMLLLMHLFFCB08CC,黎明段,13.23,都市：住
RPUNMLLLMHLFFHL86CC,宜欣段,82.00,都市：商
RPTNMLLLMHLFFHL76CC,宜欣段,82.00,都市：住
RPUPMLMLMHLFFCB28CC,大新段,33.54,都市：住
RPVPMLMLMHLFFCB38CC,大新段,29.70,都市：住
RPOPMLKLMHLFFBB37CC,邱厝子段,2.59,都市：商
RPOPMLKLMHLFFBB37CC,賴厝段,3.23,都市：商
RPRQMLMLMHLFFCB08CC,福星段,14.65,都市：住
RPWOMLLLMHLFFCB28CC,信安段,95.06,都市：住
RPUQMLMLMHLFFCB38CC,大墩段,9.64,都市：住
RPVQMLMLMHLFFCB48CC,西屯段,5.63,都市：商
RPXQMLMLMHLFFCB68CC,惠民段,12.97,都市：其他
RPSNMLMLMHLFFBB77CC,東峰段,10.58,都市：商
RPRNMLMLMHLFFBB67CC,東峰段,10.28,都市：商
RPSOMLMLMHLFFAB77CC,麻園頭段,12.36,都市：住
RPPNMLMLMHLFFAL38CC,永豐段,267.55,都市：工
RPPNMLMLMHLFFAL38CC,永豐段,329.80,都市：工
RPPNMLMLMHLFFAL38CC,永豐段,603.57,都市：工
RPPNMLMLMHLFFAL38CC,永豐段,1129.59,都市：工
RPPNMLMLMHLFFAL38CC,永豐段,193.10,都市：工
RPPNMLMLMHLFFAL38CC,永豐段,38.42,都市：工
RPPNMLMLMHLFFAL38CC,永豐段,112.17,都市：工
RPPNMLMLMHLFFAL38CC,永豐段,114.32,都市：工
RPROMLMLMHLFFBB77CC,昌平段,31.18,都市：住
RPVPMLMLMHLFFAB18CC,麻園頭段,20.44,都市：住
RPUPMLMLMHLFFAB08CC,土庫段,149.00,都市：商
RPPPMLMLMHLFFGL66DC,新仁段,96.00,都市：住
RPXOMLMLMHLFFBB48DC,北屯段,8.12,都市：住
RPWOMLMLMHLFFAB18CC,中民段六小段,11.26,都市：住
RPWOMLMLMHLFFAB18CC,中民段六小段,2.32,都市：住
RPWOMLMLMHLFFAB18CC,中民段六小段,.38,都市：住
RPWOMLMLMHLFFAB18CC,中民段六小段,.12,都市：住
RPWOMLMLMHLFFAB18CC,中民段六小段,1.30,都市：住
RPOPMLMLMHLFFBB67DC,賴厝段,6.74,都市：住
RPOPMLMLMHLFFBB67DC,賴厝段,6.74,都市：住
RPXOMLMLMHLFFAB28CC,公館段,18.00,都市：商
RPXOMLMLMHLFFAB28CC,公館段,1039.00,都市：商
RPXOMLMLMHLFFAB28CC,公館段,25.00,都市：商
RPTNMLMLMHLFFBB97DC,東新段,29.29,都市：住
RPTNMLMLMHLFFBB97DC,東新段,1.00,都市：住
RPOOMLPLMHLFFCB97DC,上石碑段,5.28,都市：住
RPXNMLPLMHLFFBB68DC,東正段,5.47,都市：住
RPUNMLPLMHLFFAL56CC,豐圳段,79.39,都市：住
RPVOMLPLMHLFFAB48DC,公館段,1.48,都市：住
RPVOMLPLMHLFFAB48DC,公館段,1.29,都市：住
RPPNMLPLMHLFFIL86CC,慶順段,33.60,非都市：鄉村區 ; 非都市編定：乙種建築用地
RPTQMLMLMHLFFCB28CC,文山段,2382.00,都市：工
RPUOMLPLMHLFFBB38CC,水源段,51.31,都市：商
RPUOMLPLMHLFFBB38CC,水源段,.09,都市：商
RPSOMLPLMHLFFCB28CC,豐功段,114.36,都市：住
RPVOMLPLMHLFFCB58CC,大墩段,4.54,都市：住
RPVOMLPLMHLFFCB58CC,大墩段,3.05,都市：住
RPXNMLPLMHLFFCB68CC,大新段,14.39,都市：住
RPSPMLPLMHLFFCB38CC,中正段,6.27,都市：商
RPTPMLPLMHLFFCB48CC,中正段,5.91,都市：商
RPUOMLQLMHLFFCB58CC,福星段,26.17,都市：住
RPSOMLQLMHLFFCB38CC,大墩段,7.78,都市：住
RPSNMLQLMHLFFBB18CC,陳平段,8.67,都市：住
RPVNMLQLMHLFFAB38CC,大益段,26.01,都市：住
RPUNMLQLMHLFFGL37DC,福興段,77.36,都市：商
RPSRMLQLMHLFFBB58CC,太和段,24.96,都市：住
RPOSMLRLMHLFFBB48DC,太祥段,21.56,都市：住
RPTNMLQLMHLFFGL27DC,福興段,62.63,都市：商
RPSNMLRLMHLFFAB18CC,公館段,1.47,都市：住
RPSNMLRLMHLFFAB18CC,公館段,1.28,都市：住
RPVPMLRLMHLFFAB68CC,麻園頭段,.00,都市：商
RPUNMLRLMHLFFAB38CC,公館段,1.07,都市：住
RPUNMLRLMHLFFAB38CC,公館段,.93,都市：住
RPQNMLRLMHLFFAB97CC,公館段,1.46,都市：住
RPQNMLRLMHLFFAB97CC,公館段,1.27,都市：住
RPUNMLRLMHLFFAL76CC,南村段,19.62,都市：商
RPUNMLRLMHLFFBB48CC,邱厝子段,27.94,都市：住
RPQTMLRLMHLFFBB68CC,邱厝子段,28.60,都市：住
RPVOMLSLMHLFFBB78CC,中德段,111.06,都市：商
RPQPMLPLMHLFFCB18CC,安林段,41.85,都市：住
RPUNNLSLMHLFFCB78CC,惠順段,96.48,都市：住
RPUNNLSLMHLFFCB78CC,惠順段,10.19,都市：住
RPWNMLTLMHLFFFL67CC,聚興段新興小段,119.00,非都市：鄉村區 ; 非都市編定：乙種建築用地
RPOOMLSLMHLFFGL96CC,丁台一段,203.04,非都市：鄉村區 ; 非都市編定：乙種建築用地
RPROMLTLMHLFFAB38CC,下橋子頭段,140.00,都市：住
RPPNMLSLMHLFFCL66DC,沙鹿段斗抵小段,70.00,都市：住
RPUNMLRLMHLFFHL47CC,育賢段,77.42,都市：住
RPPNMLKMMHLFFAB27CC,下橋子頭段,2.45,都市：商
RPSWMLSLMHLFFCB76CC,惠順段,18.74,都市：商
RPXNMLTLMHLFFHL97CC,大源段,113.89,非都市：鄉村區 ; 非都市編定：乙種建築用地
RPPTMLSLMHLFFBB68CC,太和段,10.00,都市：住
RPOPMLTLMHLFFAB18CC,下橋子頭段,200.00,都市：商
RPVNMLSLMHLFFAL96CC,三陽段,232.00,都市：住
