﻿鄉鎮市區,交易標的,土地區段位置/建物區段門牌,土地移轉總面積平方公尺,都市土地使用分區,非都市土地使用分區,非都市土地使用編定,交易年月日,交易筆棟數,移轉層次,總樓層數,建物型態,主要用途,主要建材,建築完成年月,建物移轉總面積平方公尺,建物現況格局-房,建物現況格局-廳,建物現況格局-衛,建物現況格局-隔間,有無管理組織,總價元,單價元/平方公尺,車位類別,車位移轉總面積平方公尺,車位總價元,備註,編號
The villages and towns urban district,transaction sign,land sector position/building sector house number plate,land shifting total area square meter,the use zoning or compiles and checks,the non-metropolis land use district,non-metropolis land use,transaction year, month and day,transaction pen number,shifting level,total floor number,building state,main use,main building materials,construction to complete the years,building shifting total area,Building present situation pattern - room,building present situation pattern - hall,building present situation pattern - health,building present situation pattern - compartmented,Whether there is manages the organization,total price Yuan,the unit price a Yuan/square meter,the berth category,berth shifting total area square meter,the berth total price Yuan,the note,serial number
新竹市,房地(土地+建物)+車位,國道段1021~1050地號,19.2,商,,,1030520,土地1建物1車位2,二層,27,住宅大樓(11層含以上有電梯),住家用,鋼筋混凝土造,,256.51,4,2,2,有,無,16220000,62610,坡道平面,34.98,2350000,,RPSPMLPJKHLFFAO98CB
新竹市,房地(土地+建物)+車位,國道段1021~1050地號,19.2,商,,,1021001,土地1建物1車位2,三層,27,住宅大樓(11層含以上有電梯),住家用,鋼筋混凝土造,,256.52,4,2,2,有,無,16720000,65233,坡道平面,34.7,2250000,,RPTPMLPJKHLFFAO09CB
新竹市,房地(土地+建物)+車位,國道段1021~1050地號,13.48,商,,,1020607,土地1建物1車位1,十九層,27,住宅大樓(11層含以上有電梯),住家用,鋼筋混凝土造,,167.81,4,2,2,有,無,12670000,76322,坡道平面,18.18,1250000,,RPUPMLPJKHLFFAO56CB
新竹市,房地(土地+建物)+車位,國道段1021~1050地號,13.48,商,,,1020606,土地1建物1車位1,十五層,27,住宅大樓(11層含以上有電梯),住家用,鋼筋混凝土造,,167.81,4,2,2,有,無,12170000,73648,坡道平面,18.18,1150000,,RPVPMLPJKHLFFAO66CB
新竹市,房地(土地+建物)+車位,國道段1021~1050地號,13.48,商,,,1020715,土地1建物1車位1,二十層,27,住宅大樓(11層含以上有電梯),住家用,鋼筋混凝土造,,175.4,4,2,2,有,無,13470000,78998,坡道平面,18.18,1050000,,RPWPMLPJKHLFFAO76CB
新竹市,房地(土地+建物)+車位,國道段1021~1050地號,13.42,商,,,1020606,土地1建物1車位1,十七層,27,住宅大樓(11層含以上有電梯),住家用,鋼筋混凝土造,,166.52,4,2,2,有,無,12390000,74933,坡道平面,16.52,1150000,,RPXPMLPJKHLFFAO86CB
新竹市,房地(土地+建物)+車位,國道段1021~1050地號,13.48,商,,,1020605,土地1建物1車位1,二十三層,27,住宅大樓(11層含以上有電梯),住家用,鋼筋混凝土造,,167.81,4,2,2,有,無,13070000,79663,坡道平面,18.18,1150000,,RPOQMLPJKHLFFAO68CB
新竹市,房地(土地+建物)+車位,國道段1021~1050地號,13.48,商,,,1020607,土地1建物1車位1,十八層,27,住宅大樓(11層含以上有電梯),住家用,鋼筋混凝土造,,175.4,4,2,2,有,無,13290000,77217,坡道平面,18.18,1150000,,RPPQMLPJKHLFFAO78CB
新竹市,房地(土地+建物)+車位,國道段1021~1050地號,13.48,商,,,1031112,土地1建物1車位1,二十二層,27,住宅大樓(11層含以上有電梯),住家用,鋼筋混凝土造,,175.4,4,2,2,有,無,13630000,78743,坡道平面,18.18,1250000,,RPQQMLPJKHLFFAO88CB
新竹市,房地(土地+建物)+車位,國道段1021~1050地號,13.48,商,,,1020605,土地1建物1車位1,十六層,27,住宅大樓(11層含以上有電梯),住家用,鋼筋混凝土造,,175.4,4,2,2,有,無,12910000,74800,坡道平面,18.18,1150000,,RPRQMLPJKHLFFAO98CB
新竹市,房地(土地+建物)+車位,國道段1021~1050地號,13.48,商,,,1020606,土地1建物1車位1,二十一層,27,住宅大樓(11層含以上有電梯),住家用,鋼筋混凝土造,,167.81,4,2,2,有,無,13040000,78460,坡道平面,18.18,1300000,,RPSQMLPJKHLFFAO09CB
新竹市,房地(土地+建物)+車位,國道段1021~1050地號,13.48,商,,,1020606,土地1建物1車位1,二十四層,27,住宅大樓(11層含以上有電梯),住家用,鋼筋混凝土造,,175.4,4,2,2,有,無,13570000,79634,坡道平面,18.18,1050000,,RPTQMLPJKHLFFAO56CB
新竹市,房地(土地+建物)+車位,國道段1021~1050地號,13.48,商,,,1020605,土地1建物1車位1,五層,27,住宅大樓(11層含以上有電梯),住家用,鋼筋混凝土造,,167.81,4,2,2,有,無,11350000,68168,坡道平面,18.18,1150000,,RPUQMLPJKHLFFAO66CB
新竹市,房地(土地+建物)+車位,國道段1021~1050地號,13.48,商,,,1020605,土地1建物1車位1,九層,27,住宅大樓(11層含以上有電梯),住家用,鋼筋混凝土造,,167.81,4,2,2,有,無,11800000,70841,坡道平面,18.18,1200000,,RPVQMLPJKHLFFAO76CB
新竹市,房地(土地+建物)+車位,國道段1021~1050地號,13.48,商,,,1020605,土地1建物1車位1,十三層,27,住宅大樓(11層含以上有電梯),住家用,鋼筋混凝土造,,167.81,4,2,2,有,無,11890000,71777,坡道平面,18.18,1150000,,RPWQMLPJKHLFFAO86CB
新竹市,房地(土地+建物)+車位,國道段1021~1050地號,13.48,商,,,1020605,土地1建物1車位1,十層,27,住宅大樓(11層含以上有電梯),住家用,鋼筋混凝土造,,175.4,4,2,2,有,無,12340000,71810,坡道平面,18.18,1050000,,RPXQMLPJKHLFFAO96CB
新竹市,房地(土地+建物)+車位,國道段1021~1050地號,13.48,商,,,1020606,土地1建物1車位1,六層,27,住宅大樓(11層含以上有電梯),住家用,鋼筋混凝土造,,175.4,4,2,2,有,無,11810000,68439,坡道平面,18.18,1050000,,RPORMLPJKHLFFAO78CB
新竹市,房地(土地+建物)+車位,國道段1021~1050地號,13.48,商,,,1020605,土地1建物1車位1,十二層,27,住宅大樓(11層含以上有電梯),住家用,鋼筋混凝土造,,175.4,4,2,2,有,無,12530000,73019,坡道平面,18.18,1050000,,RPPRMLPJKHLFFAO88CB
新竹市,房地(土地+建物)+車位,國道段1021~1050地號,13.48,商,,,1020606,土地1建物1車位1,十四層,27,住宅大樓(11層含以上有電梯),住家用,鋼筋混凝土造,,175.4,4,2,2,有,無,12490000,72128,坡道平面,18.18,1150000,,RPQRMLPJKHLFFAO98CB
新竹市,房地(土地+建物)+車位,國道段1021~1050地號,13.48,商,,,1020606,土地1建物1車位1,八層,27,住宅大樓(11層含以上有電梯),住家用,鋼筋混凝土造,,175.4,4,2,2,有,無,12200000,70284,坡道平面,18.18,1150000,,RPRRMLPJKHLFFAO09CB
新竹市,房地(土地+建物)+車位,國道段1021~1050地號,13.48,商,,,1020605,土地1建物1車位1,七層,27,住宅大樓(11層含以上有電梯),住家用,鋼筋混凝土造,,167.81,4,2,2,有,無,11620000,69973,坡道平面,18.18,1150000,,RPSRMLPJKHLFFAO56CB
新竹市,房地(土地+建物)+車位,國道段1021~1050地號,13.48,商,,,1020607,土地1建物1車位1,十一層,27,住宅大樓(11層含以上有電梯),住家用,鋼筋混凝土造,,167.81,4,2,2,有,無,11940000,71777,坡道平面,18.18,1200000,,RPTRMLPJKHLFFAO66CB
新竹市,房地(土地+建物)+車位,國道段1021~1050地號,21.32,商,,,1020624,土地1建物1車位2,二層,27,住宅大樓(11層含以上有電梯),住家用,鋼筋混凝土造,,280.46,4,2,3,有,無,30270000,115404,坡道平面,36.36,2100000,,RPVRMLPJKHLFFAO86CB
新竹市,房地(土地+建物)+車位,國道段1021~1050地號,13.42,商,,,1020606,土地1建物1車位1,二層,27,住宅大樓(11層含以上有電梯),住家用,鋼筋混凝土造,,166.15,4,2,2,有,無,10890000,65762,坡道平面,16.52,1050000,,RPWRMLPJKHLFFAO96CB
新竹市,房地(土地+建物)+車位,國道段1021~1050地號,21.25,商,,,1030120,土地1建物1車位2,三層,27,住宅大樓(11層含以上有電梯),住家用,鋼筋混凝土造,,273.97,4,2,3,有,無,19210000,70046,坡道平面,34.7,2450000,,RPXRMLPJKHLFFAO07CB
新竹市,房地(土地+建物)+車位,國道段1021~1050地號,19.27,商,,,1021106,土地1建物1車位2,六層,27,住宅大樓(11層含以上有電梯),住家用,鋼筋混凝土造,,258.18,4,2,2,有,無,17860000,70372,坡道平面,36.36,2250000,,RPOSMLPJKHLFFAO88CB
新竹市,房地(土地+建物)+車位,國道段1021~1050地號,19.27,商,,,1030526,土地1建物1車位2,四層,27,住宅大樓(11層含以上有電梯),住家用,鋼筋混凝土造,,257.51,4,2,2,有,無,16560000,64966,坡道平面,35.7,2150000,,RPPSMLPJKHLFFAO98CB
新竹市,房地(土地+建物)+車位,國道段1021~1050地號,19.0,商,,,1020625,土地1建物1車位1,二層,27,住宅大樓(11層含以上有電梯),住家用,鋼筋混凝土造,,239.7,4,2,2,有,無,28840000,123646,坡道平面,18.18,1450000,,RPQSMLPJKHLFFAO09CB
新竹市,房地(土地+建物)+車位,國道段1021~1050地號,13.48,商,,,1020605,土地1建物1車位1,四層,27,住宅大樓(11層含以上有電梯),住家用,鋼筋混凝土造,,175.4,4,2,2,有,無,11440000,66086,坡道平面,18.18,1050000,,RPRSMLPJKHLFFAO56CB
新竹市,房地(土地+建物)+車位,國道段1021~1050地號,13.14,商,,,1020605,土地1建物1車位1,二層,27,住宅大樓(11層含以上有電梯),住家用,鋼筋混凝土造,,175.71,4,2,2,有,無,11170000,63607,坡道平面,18.18,1150000,,RPSSMLPJKHLFFAO66CB
新竹市,房地(土地+建物)+車位,國道段1021~1050地號,17.16,商,,,1020610,土地1建物1車位1,十一層,27,住宅大樓(11層含以上有電梯),住家用,鋼筋混凝土造,,215.62,4,2,2,有,無,15440000,72883,坡道平面,18.18,1050000,,RPTSMLPJKHLFFAO76CB
新竹市,房地(土地+建物)+車位,國道段1021~1050地號,17.16,商,,,1020605,土地1建物1車位1,五層,27,住宅大樓(11層含以上有電梯),住家用,鋼筋混凝土造,,215.62,4,2,2,有,無,14720000,69236,坡道平面,18.18,1050000,,RPUSMLPJKHLFFAO86CB
新竹市,房地(土地+建物)+車位,國道段1021~1050地號,17.16,商,,,1020716,土地1建物1車位1,九層,27,住宅大樓(11層含以上有電梯),住家用,鋼筋混凝土造,,215.62,4,2,2,有,無,15500000,73187,坡道平面,18.18,1050000,,RPWSMLPJKHLFFAO07CB
新竹市,房地(土地+建物)+車位,國道段1021~1050地號,17.16,商,,,1020611,土地1建物1車位1,十層,27,住宅大樓(11層含以上有電梯),住家用,鋼筋混凝土造,,207.43,4,2,2,有,無,15170000,74082,坡道平面,18.18,1150000,,RPXSMLPJKHLFFAO17CB
新竹市,房地(土地+建物)+車位,國道段1021~1050地號,17.64,商,,,1020606,土地1建物1車位2,六層,27,住宅大樓(11層含以上有電梯),住家用,鋼筋混凝土造,,222.29,4,2,2,有,無,15330000,70700,坡道平面,33.04,1950000,,RPOTMLPJKHLFFAO98CB
新竹市,房地(土地+建物)+車位,國道段1021~1050地號,17.16,商,,,1020914,土地1建物1車位1,十六層,27,住宅大樓(11層含以上有電梯),住家用,鋼筋混凝土造,,207.43,4,2,2,有,無,15750000,77147,坡道平面,18.18,1150000,,RPQTMLPJKHLFFAO56CB
新竹市,房地(土地+建物)+車位,國道段1021~1050地號,17.16,商,,,1020614,土地1建物1車位1,七層,27,住宅大樓(11層含以上有電梯),住家用,鋼筋混凝土造,,215.62,4,2,2,有,無,15460000,72224,坡道平面,18.18,1200000,,RPRTMLPJKHLFFAO66CB
新竹市,房地(土地+建物)+車位,國道段1021~1050地號,17.16,商,,,1020912,土地1建物1車位1,十二層,27,住宅大樓(11層含以上有電梯),住家用,鋼筋混凝土造,,207.43,4,2,2,有,無,15430000,74663,坡道平面,18.18,1300000,,RPSTMLPJKHLFFAO76CB
新竹市,房地(土地+建物)+車位,國道段1021~1050地號,13.48,商,,,1020605,土地1建物1車位1,二十二層,25,住宅大樓(11層含以上有電梯),住家用,鋼筋混凝土造,,175.4,4,2,2,有,無,14200000,83005,坡道平面,18.18,1150000,,RPTTMLPJKHLFFAO86CB
新竹市,房地(土地+建物)+車位,國道段1021~1050地號,12.94,商,,,1020628,土地1建物1車位1,十九層,25,住宅大樓(11層含以上有電梯),住家用,鋼筋混凝土造,,175.71,4,2,2,有,無,14170000,82016,坡道平面,18.18,1250000,,RPUTMLPJKHLFFAO96CB
新竹市,房地(土地+建物)+車位,國道段1021~1050地號,13.48,商,,,1020610,土地1建物1車位1,二十三層,25,住宅大樓(11層含以上有電梯),住家用,鋼筋混凝土造,,175.4,4,2,2,有,無,14100000,82369,坡道平面,18.18,1150000,,RPVTMLPJKHLFFAO07CB
新竹市,房地(土地+建物)+車位,國道段1021~1050地號,13.48,商,,,1030401,土地1建物1車位1,二十五層,25,住宅大樓(11層含以上有電梯),住家用,鋼筋混凝土造,,175.4,4,2,2,有,無,14310000,82114,坡道平面,18.18,1400000,,RPWTMLPJKHLFFAO17CB
新竹市,房地(土地+建物)+車位,國道段1021~1050地號,12.94,商,,,1020610,土地1建物1車位1,二十一層,25,住宅大樓(11層含以上有電梯),住家用,鋼筋混凝土造,,175.71,4,2,2,有,無,13830000,81127,坡道平面,18.18,1050000,,RPXTMLPJKHLFFAO27CB
新竹市,房地(土地+建物)+車位,國道段1021~1050地號,13.48,商,,,1020605,土地1建物1車位1,二十四層,25,住宅大樓(11層含以上有電梯),住家用,鋼筋混凝土造,,175.4,4,2,2,有,無,14200000,83005,坡道平面,18.18,1150000,,RPOUMLPJKHLFFAO09CB
新竹市,房地(土地+建物)+車位,國道段1021~1050地號,16.96,商,,,1020610,土地1建物1車位1,二層,27,住宅大樓(11層含以上有電梯),住家用,鋼筋混凝土造,,205.42,4,2,2,有,無,17680000,87748,坡道平面,18.18,1250000,,RPPUMLPJKHLFFAO56CB
新竹市,房地(土地+建物)+車位,國道段1021~1050地號,17.16,商,,,1020605,土地1建物1車位1,四層,27,住宅大樓(11層含以上有電梯),住家用,鋼筋混凝土造,,207.43,4,2,2,有,無,13860000,67688,坡道平面,18.18,1050000,,RPQUMLPJKHLFFAO66CB
新竹市,房地(土地+建物)+車位,國道段1021~1050地號,17.16,商,,,1020607,土地1建物1車位1,三層,27,住宅大樓(11層含以上有電梯),住家用,鋼筋混凝土造,,215.62,4,2,2,有,無,14590000,68071,坡道平面,18.18,1150000,,RPRUMLPJKHLFFAO76CB
新竹市,房地(土地+建物)+車位,國道段1021~1050地號,12.94,商,,,1020605,土地1建物1車位1,二十層,25,住宅大樓(11層含以上有電梯),住家用,鋼筋混凝土造,,168.12,4,2,2,有,無,13410000,81766,坡道平面,18.18,1150000,,RPSUMLPJKHLFFAO86CB
新竹市,房地(土地+建物)+車位,國道段1021~1050地號,12.94,商,,,1020606,土地1建物1車位1,十五層,25,住宅大樓(11層含以上有電梯),住家用,鋼筋混凝土造,,175.71,4,2,2,有,無,13510000,78461,坡道平面,18.18,1150000,,RPTUMLPJKHLFFAO96CB
新竹市,房地(土地+建物)+車位,國道段1021~1050地號,12.94,商,,,1020606,土地1建物1車位1,九層,25,住宅大樓(11層含以上有電梯),住家用,鋼筋混凝土造,,175.71,4,2,2,有,無,12790000,73891,坡道平面,18.18,1150000,,RPUUMLPJKHLFFAO07CB
新竹市,房地(土地+建物)+車位,國道段1021~1050地號,12.87,商,,,1020610,土地1建物1車位1,十八層,25,住宅大樓(11層含以上有電梯),住家用,鋼筋混凝土造,,166.46,4,2,2,有,無,13140000,80861,坡道平面,18.18,1150000,,RPVUMLPJKHLFFAO17CB
新竹市,房地(土地+建物)+車位,國道段1021~1050地號,12.94,商,,,1020617,土地1建物1車位1,十四層,25,住宅大樓(11層含以上有電梯),住家用,鋼筋混凝土造,,168.12,4,2,2,有,無,12640000,76631,坡道平面,18.18,1150000,,RPWUMLPJKHLFFAO27CB
新竹市,房地(土地+建物)+車位,國道段1021~1050地號,12.94,商,,,1020605,土地1建物1車位1,十層,25,住宅大樓(11層含以上有電梯),住家用,鋼筋混凝土造,,168.12,4,2,2,有,無,12280000,74230,坡道平面,18.18,1150000,,RPXUMLPJKHLFFAO37CB
新竹市,房地(土地+建物)+車位,國道段1021~1050地號,12.94,商,,,1020605,土地1建物1車位1,十二層,25,住宅大樓(11層含以上有電梯),住家用,鋼筋混凝土造,,168.12,4,2,2,有,無,12450000,76030,坡道平面,18.18,1050000,,RPOVMLPJKHLFFAO56CB
新竹市,房地(土地+建物)+車位,國道段1021~1050地號,12.94,商,,,1020610,土地1建物1車位1,十七層,25,住宅大樓(11層含以上有電梯),住家用,鋼筋混凝土造,,175.71,4,2,2,有,無,13500000,79033,坡道平面,18.18,1050000,,RPPVMLPJKHLFFAO66CB
新竹市,房地(土地+建物)+車位,國道段1021~1050地號,12.94,商,,,1020606,土地1建物1車位1,十一層,25,住宅大樓(11層含以上有電梯),住家用,鋼筋混凝土造,,175.71,4,2,2,有,無,12840000,74843,坡道平面,18.18,1050000,,RPQVMLPJKHLFFAO76CB
新竹市,房地(土地+建物)+車位,國道段1021~1050地號,12.94,商,,,1020606,土地1建物1車位1,十三層,25,住宅大樓(11層含以上有電梯),住家用,鋼筋混凝土造,,168.12,4,2,2,有,無,13090000,79632,坡道平面,18.18,1150000,,RPRVMLPJKHLFFAO86CB
新竹市,房地(土地+建物)+車位,國道段1021~1050地號,12.94,商,,,1020617,土地1建物1車位1,十三層,25,住宅大樓(11層含以上有電梯),住家用,鋼筋混凝土造,,175.71,4,2,2,有,無,13170000,76303,坡道平面,18.18,1150000,,RPSVMLPJKHLFFAO96CB
新竹市,房地(土地+建物)+車位,國道段1021~1050地號,12.94,商,,,1020606,土地1建物1車位1,六層,25,住宅大樓(11層含以上有電梯),住家用,鋼筋混凝土造,,175.71,4,2,2,有,無,11970000,68685,坡道平面,18.18,1150000,,RPTVMLPJKHLFFAO07CB
新竹市,房地(土地+建物)+車位,國道段1021~1050地號,12.94,商,,,1030213,土地1建物1車位1,二十一層,25,住宅大樓(11層含以上有電梯),住家用,鋼筋混凝土造,,175.71,4,2,2,有,無,13250000,77446,坡道平面,18.18,1050000,,RPUVMLPJKHLFFAO17CB
新竹市,房地(土地+建物)+車位,國道段1021~1050地號,12.94,商,,,1020606,土地1建物1車位1,四層,25,住宅大樓(11層含以上有電梯),住家用,鋼筋混凝土造,,168.12,4,2,2,有,無,11500000,69028,坡道平面,18.18,1150000,,RPVVMLPJKHLFFAO27CB
新竹市,房地(土地+建物)+車位,國道段1021~1050地號,12.94,商,,,1020605,土地1建物1車位1,八層,25,住宅大樓(11層含以上有電梯),住家用,鋼筋混凝土造,,168.12,4,2,2,有,無,12140000,73296,坡道平面,18.18,1150000,,RPWVMLPJKHLFFAO37CB
新竹市,房地(土地+建物)+車位,國道段1021~1050地號,12.94,商,,,1020605,土地1建物1車位1,五層,25,住宅大樓(11層含以上有電梯),住家用,鋼筋混凝土造,,175.71,4,2,2,有,無,12360000,71161,坡道平面,18.18,1150000,,RPXVMLPJKHLFFAO47CB
新竹市,房地(土地+建物)+車位,國道段1021~1050地號,12.94,商,,,1020605,土地1建物1車位1,七層,25,住宅大樓(11層含以上有電梯),住家用,鋼筋混凝土造,,175.71,4,2,2,有,無,12650000,73002,坡道平面,18.18,1150000,,RPOWMLPJKHLFFAO66CB
新竹市,房地(土地+建物)+車位,國道段1021~1050地號,12.94,商,,,1020607,土地1建物1車位1,二層,25,住宅大樓(11層含以上有電梯),住家用,鋼筋混凝土造,,168.12,4,2,2,有,無,11140000,66627,坡道平面,18.18,1150000,,RPPWMLPJKHLFFAO76CB
新竹市,房地(土地+建物)+車位,國道段1021~1050地號,13.48,商,,,1020605,土地1建物1車位1,二十四層,25,住宅大樓(11層含以上有電梯),住家用,鋼筋混凝土造,,175.4,4,2,2,有,無,13670000,79634,坡道平面,18.18,1150000,,RPQWMLPJKHLFFAO86CB
新竹市,房地(土地+建物)+車位,國道段1021~1050地號,13.48,商,,,1031222,土地1建物1車位1,二十二層,25,住宅大樓(11層含以上有電梯),住家用,鋼筋混凝土造,,174.4,4,2,2,有,無,13330000,79247,坡道平面,18.18,950000,,RPRWMLPJKHLFFAO96CB
新竹市,房地(土地+建物)+車位,國道段1021~1050地號,12.94,商,,,1020605,土地1建物1車位1,三層,25,住宅大樓(11層含以上有電梯),住家用,鋼筋混凝土造,,175.71,4,2,2,有,無,12080000,69384,坡道平面,18.18,1150000,,RPSWMLPJKHLFFAO07CB
新竹市,房地(土地+建物)+車位,國道段1021~1050地號,12.94,商,,,1020607,土地1建物1車位1,十五層,25,住宅大樓(11層含以上有電梯),住家用,鋼筋混凝土造,,175.71,4,2,2,有,無,12890000,73891,坡道平面,18.18,1250000,,RPTWMLPJKHLFFAO17CB
新竹市,房地(土地+建物)+車位,國道段1021~1050地號,12.94,商,,,1020605,土地1建物1車位1,十六層,25,住宅大樓(11層含以上有電梯),住家用,鋼筋混凝土造,,168.12,4,2,2,有,無,12420000,74496,坡道平面,18.18,1250000,,RPUWMLPJKHLFFAO27CB
新竹市,房地(土地+建物)+車位,國道段1021~1050地號,12.94,商,,,1020607,土地1建物1車位1,十四層,25,住宅大樓(11層含以上有電梯),住家用,鋼筋混凝土造,,168.12,4,2,2,有,無,11970000,72162,坡道平面,18.18,1150000,,RPVWMLPJKHLFFAO37CB
新竹市,房地(土地+建物)+車位,國道段1021~1050地號,12.94,商,,,1020913,土地1建物1車位1,十九層,25,住宅大樓(11層含以上有電梯),住家用,鋼筋混凝土造,,175.71,4,2,2,有,無,13210000,76557,坡道平面,18.18,1150000,,RPWWMLPJKHLFFAO47CB
新竹市,房地(土地+建物)+車位,國道段1021~1050地號,12.94,商,,,1020610,土地1建物1車位1,十八層,25,住宅大樓(11層含以上有電梯),住家用,鋼筋混凝土造,,168.12,4,2,2,有,無,12650000,75697,坡道平面,18.18,1300000,,RPXWMLPJKHLFFAO57CB
新竹市,房地(土地+建物)+車位,國道段1021~1050地號,12.94,商,,,1020606,土地1建物1車位1,十七層,25,住宅大樓(11層含以上有電梯),住家用,鋼筋混凝土造,,175.71,4,2,2,有,無,13080000,75097,坡道平面,18.18,1250000,,RPONNLPJKHLFFAO48CB
新竹市,房地(土地+建物)+車位,國道段1021~1050地號,12.94,商,,,1020606,土地1建物1車位1,十二層,25,住宅大樓(11層含以上有電梯),住家用,鋼筋混凝土造,,168.12,4,2,2,有,無,11990000,72963,坡道平面,18.18,1050000,,RPPNNLPJKHLFFAO58CB
新竹市,房地(土地+建物)+車位,國道段1021~1050地號,12.94,商,,,1020924,土地1建物1車位1,二十層,25,住宅大樓(11層含以上有電梯),住家用,鋼筋混凝土造,,168.12,4,2,2,有,無,13100000,79032,坡道平面,18.18,1250000,,RPQNNLPJKHLFFAO68CB
新竹市,房地(土地+建物)+車位,國道段1021~1050地號,12.94,商,,,1020607,土地1建物1車位1,十三層,25,住宅大樓(11層含以上有電梯),住家用,鋼筋混凝土造,,175.71,4,2,2,有,無,12560000,71796,坡道平面,18.18,1250000,,RPRNNLPJKHLFFAO78CB
新竹市,房地(土地+建物)+車位,國道段1021~1050地號,12.94,商,,,1020605,土地1建物1車位1,十一層,25,住宅大樓(11層含以上有電梯),住家用,鋼筋混凝土造,,175.71,4,2,2,有,無,12460000,71796,坡道平面,18.18,1150000,,RPSNNLPJKHLFFAO88CB
新竹市,房地(土地+建物)+車位,國道段1021~1050地號,12.94,商,,,1020605,土地1建物1車位1,十層,25,住宅大樓(11層含以上有電梯),住家用,鋼筋混凝土造,,168.12,4,2,2,有,無,11910000,71762,坡道平面,18.18,1150000,,RPTNNLPJKHLFFAO98CB
新竹市,房地(土地+建物)+車位,國道段1021~1050地號,12.94,商,,,1020605,土地1建物1車位1,二層,25,住宅大樓(11層含以上有電梯),住家用,鋼筋混凝土造,,168.12,4,2,2,有,無,10690000,63625,坡道平面,18.18,1150000,,RPUNNLPJKHLFFAO09CB
新竹市,房地(土地+建物)+車位,國道段1021~1050地號,12.94,商,,,1020723,土地1建物1車位1,五層,25,住宅大樓(11層含以上有電梯),住家用,鋼筋混凝土造,,175.71,4,2,2,有,無,12220000,69638,坡道平面,18.18,1250000,,RPVNNLPJKHLFFAO56CB
新竹市,房地(土地+建物)+車位,國道段1021~1050地號,12.94,商,,,1020607,土地1建物1車位1,九層,25,住宅大樓(11層含以上有電梯),住家用,鋼筋混凝土造,,175.71,4,2,2,有,無,12560000,71796,坡道平面,18.18,1250000,,RPWNNLPJKHLFFAO66CB
新竹市,房地(土地+建物)+車位,國道段1021~1050地號,12.94,商,,,1020610,土地1建物1車位1,四層,25,住宅大樓(11層含以上有電梯),住家用,鋼筋混凝土造,,168.12,4,2,2,有,無,10860000,65426,坡道平面,18.18,1050000,,RPXNNLPJKHLFFAO76CB
新竹市,房地(土地+建物)+車位,國道段1021~1050地號,12.94,商,,,1020610,土地1建物1車位1,八層,25,住宅大樓(11層含以上有電梯),住家用,鋼筋混凝土造,,168.12,4,2,2,有,無,11590000,70295,坡道平面,18.18,1050000,,RPOONLPJKHLFFAO58CB
新竹市,房地(土地+建物)+車位,國道段1021~1050地號,12.94,商,,,1020610,土地1建物1車位1,六層,25,住宅大樓(11層含以上有電梯),住家用,鋼筋混凝土造,,168.12,4,2,2,有,無,11310000,68427,坡道平面,18.18,1050000,,RPPONLPJKHLFFAO68CB
新竹市,房地(土地+建物)+車位,國道段1021~1050地號,12.94,商,,,1020607,土地1建物1車位1,三層,25,住宅大樓(11層含以上有電梯),住家用,鋼筋混凝土造,,175.71,4,2,2,有,無,11500000,65702,坡道平面,18.18,1150000,,RPQONLPJKHLFFAO78CB
新竹市,房地(土地+建物)+車位,國道段1021~1050地號,12.94,商,,,1020606,土地1建物1車位1,七層,25,住宅大樓(11層含以上有電梯),住家用,鋼筋混凝土造,,175.71,4,2,2,有,無,12170000,69955,坡道平面,18.18,1150000,,RPRONLPJKHLFFAO88CB
新竹市,房地(土地+建物)+車位,國道段1021~1050地號,17.71,商,,,1020607,土地1建物1車位2,二十二層,25,住宅大樓(11層含以上有電梯),住家用,鋼筋混凝土造,,231.54,4,2,2,有,無,18290000,80471,坡道平面,34.7,2450000,,RPSONLPJKHLFFAO98CB
新竹市,房地(土地+建物)+車位,國道段1021~1050地號,17.77,商,,,1020610,土地1建物1車位2,十九層,25,住宅大樓(11層含以上有電梯),住家用,鋼筋混凝土造,,225.61,4,2,2,有,無,17380000,76513,坡道平面,36.36,2900000,,RPTONLPJKHLFFAO09CB
新竹市,房地(土地+建物)+車位,國道段1021~1050地號,17.71,商,,,1020626,土地1建物1車位2,十六層,25,住宅大樓(11層含以上有電梯),住家用,鋼筋混凝土造,,231.54,4,2,2,有,無,17090000,74375,坡道平面,34.7,2450000,,RPUONLPJKHLFFAO56CB
新竹市,房地(土地+建物)+車位,國道段1021~1050地號,17.71,商,,,1020605,土地1建物1車位2,九層,25,住宅大樓(11層含以上有電梯),住家用,鋼筋混凝土造,,223.95,4,2,2,有,無,15680000,72550,坡道平面,34.7,1950000,,RPVONLPJKHLFFAO66CB
新竹市,房地(土地+建物)+車位,國道段1021~1050地號,17.16,商,,,1020605,土地1建物1車位1,八層,25,住宅大樓(11層含以上有電梯),住家用,鋼筋混凝土造,,215.02,4,2,2,有,無,15530000,72546,坡道平面,18.18,1250000,,RPWONLPJKHLFFAO76CB
新竹市,房地(土地+建物)+車位,國道段1021~1050地號,17.43,商,,,1020606,土地1建物1車位2,十三層,25,住宅大樓(11層含以上有電梯),住家用,鋼筋混凝土造,,224.13,4,2,2,有,無,16360000,73431,坡道平面,34.7,2450000,,RPXONLPJKHLFFAO86CB
新竹市,房地(土地+建物)+車位,國道段1021~1050地號,17.71,商,,,1020607,土地1建物1車位2,十七層,25,住宅大樓(11層含以上有電梯),住家用,鋼筋混凝土造,,223.95,4,2,2,有,無,16580000,76777,坡道平面,34.7,2050000,,RPOPNLPJKHLFFAO68CB
新竹市,房地(土地+建物)+車位,國道段1021~1050地號,17.71,商,,,1020606,土地1建物1車位2,二十層,25,住宅大樓(11層含以上有電梯),住家用,鋼筋混凝土造,,231.21,4,2,2,有,無,17970000,78592,坡道平面,34.37,2500000,,RPPPNLPJKHLFFAO78CB
新竹市,房地(土地+建物)+車位,國道段1021~1050地號,17.71,商,,,1020607,土地1建物1車位2,十層,25,住宅大樓(11層含以上有電梯),住家用,鋼筋混凝土造,,231.54,4,2,2,有,無,16410000,73461,坡道平面,34.7,1950000,,RPQPNLPJKHLFFAO88CB
新竹市,房地(土地+建物)+車位,國道段1021~1050地號,17.71,商,,,1020607,土地1建物1車位2,十五層,25,住宅大樓(11層含以上有電梯),住家用,鋼筋混凝土造,,223.95,4,2,2,有,無,16550000,75561,坡道平面,34.7,2250000,,RPRPNLPJKHLFFAO98CB
新竹市,房地(土地+建物)+車位,國道段1021~1050地號,17.77,商,,,1020606,土地1建物1車位2,十一層,25,住宅大樓(11層含以上有電梯),住家用,鋼筋混凝土造,,225.61,4,2,2,有,無,15850000,73448,坡道平面,36.36,1950000,,RPSPNLPJKHLFFAO09CB
新竹市,房地(土地+建物)+車位,國道段1021~1050地號,17.71,商,,,1020614,土地1建物1車位2,四層,25,住宅大樓(11層含以上有電梯),住家用,鋼筋混凝土造,,231.54,4,2,2,有,無,15470000,67161,坡道平面,34.7,2250000,,RPTPNLPJKHLFFAO56CB
新竹市,房地(土地+建物)+車位,國道段1021~1050地號,17.16,商,,,1020605,土地1建物1車位1,六層,25,住宅大樓(11層含以上有電梯),住家用,鋼筋混凝土造,,215.02,4,2,2,有,無,15000000,69854,坡道平面,18.18,1250000,,RPUPNLPJKHLFFAO66CB
新竹市,房地(土地+建物)+車位,國道段1021~1050地號,17.71,商,,,1020605,土地1建物1車位2,七層,25,住宅大樓(11層含以上有電梯),住家用,鋼筋混凝土造,,223.95,4,2,2,有,無,15660000,71651,坡道平面,34.7,2100000,,RPVPNLPJKHLFFAO76CB
新竹市,房地(土地+建物)+車位,國道段1021~1050地號,17.71,商,,,1020606,土地1建物1車位2,五層,25,住宅大樓(11層含以上有電梯),住家用,鋼筋混凝土造,,223.95,4,2,2,有,無,15510000,69802,坡道平面,34.7,2300000,,RPWPNLPJKHLFFAO86CB
新竹市,房地(土地+建物)+車位,國道段1021~1050地號,17.16,商,,,1020613,土地1建物1車位1,三層,25,住宅大樓(11層含以上有電梯),住家用,鋼筋混凝土造,,207.43,4,2,2,有,無,14020000,67477,坡道平面,18.18,1250000,,RPXPNLPJKHLFFAO96CB
新竹市,房地(土地+建物)+車位,國道段1021~1050地號,17.23,商,,,1020607,土地1建物1車位1,二層,25,住宅大樓(11層含以上有電梯),住家用,鋼筋混凝土造,,215.74,4,2,2,有,無,17480000,81646,坡道平面,18.18,1350000,,RPOQNLPJKHLFFAO78CB
新竹市,房地(土地+建物)+車位,國道段1021~1050地號,12.94,商,,,1020610,土地1建物1車位1,三層,25,住宅大樓(11層含以上有電梯),住家用,鋼筋混凝土造,,175.71,4,2,2,有,無,11790000,66908,坡道平面,18.18,1250000,,RPPQNLPJKHLFFAO88CB
新竹市,房地(土地+建物)+車位,國道段1021~1050地號,12.94,商,,,1020606,土地1建物1車位1,九層,25,住宅大樓(11層含以上有電梯),住家用,鋼筋混凝土造,,175.71,4,2,2,有,無,12270000,70590,坡道平面,18.18,1150000,,RPQQNLPJKHLFFAO98CB
新竹市,房地(土地+建物)+車位,國道段1021~1050地號,12.94,商,,,1020605,土地1建物1車位1,十一層,25,住宅大樓(11層含以上有電梯),住家用,鋼筋混凝土造,,175.71,4,2,2,有,無,12410000,71478,坡道平面,18.18,1150000,,RPRQNLPJKHLFFAO09CB
新竹市,房地(土地+建物)+車位,國道段1021~1050地號,12.94,商,,,1020607,土地1建物1車位1,六層,25,住宅大樓(11層含以上有電梯),住家用,鋼筋混凝土造,,168.12,4,2,2,有,無,11470000,68828,坡道平面,18.18,1150000,,RPSQNLPJKHLFFAO56CB
新竹市,房地(土地+建物)+車位,國道段1021~1050地號,12.94,商,,,1020605,土地1建物1車位1,五層,25,住宅大樓(11層含以上有電梯),住家用,鋼筋混凝土造,,175.71,4,2,2,有,無,11840000,67860,坡道平面,18.18,1150000,,RPTQNLPJKHLFFAO66CB
新竹市,房地(土地+建物)+車位,國道段1021~1050地號,12.94,商,,,1020606,土地1建物1車位1,二層,25,住宅大樓(11層含以上有電梯),住家用,鋼筋混凝土造,,168.12,4,2,2,有,無,10740000,63292,坡道平面,18.18,1250000,,RPUQNLPJKHLFFAO76CB
新竹市,房地(土地+建物)+車位,國道段1021~1050地號,12.94,商,,,1020605,土地1建物1車位1,十層,25,住宅大樓(11層含以上有電梯),住家用,鋼筋混凝土造,,168.12,4,2,2,有,無,11870000,71495,坡道平面,18.18,1150000,,RPVQNLPJKHLFFAO86CB
新竹市,房地(土地+建物)+車位,國道段1021~1050地號,12.94,商,,,1020610,土地1建物1車位1,七層,25,住宅大樓(11層含以上有電梯),住家用,鋼筋混凝土造,,175.71,4,2,2,有,無,12230000,69066,坡道平面,18.18,1350000,,RPWQNLPJKHLFFAO96CB
新竹市,房地(土地+建物)+車位,國道段1021~1050地號,12.94,商,,,1020606,土地1建物1車位1,十二層,25,住宅大樓(11層含以上有電梯),住家用,鋼筋混凝土造,,167.46,4,2,2,有,無,12050000,72696,坡道平面,17.52,1150000,,RPXQNLPJKHLFFAO07CB
新竹市,房地(土地+建物)+車位,國道段1021~1050地號,12.94,商,,,1020606,土地1建物1車位1,八層,25,住宅大樓(11層含以上有電梯),住家用,鋼筋混凝土造,,168.12,4,2,2,有,無,11730000,70562,坡道平面,18.18,1150000,,RPORNLPJKHLFFAO88CB
新竹市,房地(土地+建物)+車位,國道段1021~1050地號,12.94,商,,,1020610,土地1建物1車位1,十九層,25,住宅大樓(11層含以上有電梯),住家用,鋼筋混凝土造,,175.71,4,2,2,有,無,13270000,76938,坡道平面,18.18,1150000,,RPPRNLPJKHLFFAO98CB
新竹市,房地(土地+建物)+車位,國道段1021~1050地號,12.94,商,,,1020610,土地1建物1車位1,十八層,25,住宅大樓(11層含以上有電梯),住家用,鋼筋混凝土造,,168.12,4,2,2,有,無,12610000,75430,坡道平面,18.18,1300000,,RPQRNLPJKHLFFAO09CB
新竹市,房地(土地+建物)+車位,國道段1021~1050地號,12.94,商,,,1020606,土地1建物1車位1,十五層,25,住宅大樓(11層含以上有電梯),住家用,鋼筋混凝土造,,175.71,4,2,2,有,無,12750000,73637,坡道平面,18.18,1150000,,RPRRNLPJKHLFFAO56CB
新竹市,房地(土地+建物)+車位,國道段1021~1050地號,12.94,商,,,1020606,土地1建物1車位1,十三層,25,住宅大樓(11層含以上有電梯),住家用,鋼筋混凝土造,,175.71,4,2,2,有,無,12510000,71478,坡道平面,18.18,1250000,,RPSRNLPJKHLFFAO66CB
新竹市,房地(土地+建物)+車位,國道段1021~1050地號,13.48,商,,,1020617,土地1建物1車位1,二十二層,25,住宅大樓(11層含以上有電梯),住家用,鋼筋混凝土造,,175.4,4,2,2,有,無,13820000,79952,坡道平面,18.18,1250000,,RPTRNLPJKHLFFAO76CB
新竹市,房地(土地+建物)+車位,國道段1021~1050地號,12.94,商,,,1020605,土地1建物1車位1,十四層,25,住宅大樓(11層含以上有電梯),住家用,鋼筋混凝土造,,168.12,4,2,2,有,無,12010000,71762,坡道平面,18.18,1250000,,RPVRNLPJKHLFFAO96CB
新竹市,房地(土地+建物)+車位,國道段1021~1050地號,12.94,商,,,1020605,土地1建物1車位1,十六層,25,住宅大樓(11層含以上有電梯),住家用,鋼筋混凝土造,,168.12,4,2,2,有,無,12370000,74830,坡道平面,18.18,1150000,,RPWRNLPJKHLFFAO07CB
新竹市,房地(土地+建物)+車位,國道段1021~1050地號,12.94,商,,,1020606,土地1建物1車位1,二十層,25,住宅大樓(11層含以上有電梯),住家用,鋼筋混凝土造,,168.12,4,2,2,有,無,12970000,78165,坡道平面,18.18,1250000,,RPXRNLPJKHLFFAO17CB
新竹市,房地(土地+建物)+車位,國道段1021~1050地號,12.94,商,,,1020606,土地1建物1車位1,二十一層,25,住宅大樓(11層含以上有電梯),住家用,鋼筋混凝土造,,175.71,4,2,2,有,無,13560000,78144,坡道平面,18.18,1250000,,RPOSNLPJKHLFFAO98CB
新竹市,房地(土地+建物)+車位,國道段1021~1050地號,17.64,商,,,1020606,土地1建物1車位1,四層,25,住宅大樓(11層含以上有電梯),住家用,鋼筋混凝土造,,231.07,4,2,2,有,無,15100000,66284,坡道平面,35.7,2150000,,RPPSNLPJKHLFFAO09CB
新竹市,房地(土地+建物)+車位,國道段1021~1050地號,17.03,商,,,1020610,土地1建物1車位1,六層,25,住宅大樓(11層含以上有電梯),住家用,鋼筋混凝土造,,213.55,4,2,2,有,無,14880000,69253,坡道平面,18.18,1350000,,RPQSNLPJKHLFFAO56CB
新竹市,房地(土地+建物)+車位,國道段1021~1050地號,17.03,商,,,1020605,土地1建物1車位1,二層,25,住宅大樓(11層含以上有電梯),住家用,鋼筋混凝土造,,213.55,4,2,2,有,無,13520000,63828,坡道平面,18.18,1050000,,RPRSNLPJKHLFFAO66CB
新竹市,房地(土地+建物)+車位,國道段1021~1050地號,13.48,商,,,1020813,土地1建物1車位1,二十三層,25,住宅大樓(11層含以上有電梯),住家用,鋼筋混凝土造,,175.4,4,2,2,有,無,13920000,79952,坡道平面,18.18,1350000,,RPSSNLPJKHLFFAO76CB
新竹市,房地(土地+建物)+車位,國道段1021~1050地號,17.03,商,,,1020610,土地1建物1車位1,五層,25,住宅大樓(11層含以上有電梯),住家用,鋼筋混凝土造,,205.96,4,2,2,有,無,14080000,68325,坡道平面,18.18,1250000,,RPTSNLPJKHLFFAO86CB
新竹市,房地(土地+建物)+車位,國道段1021~1050地號,17.03,商,,,1020628,土地1建物1車位1,九層,25,住宅大樓(11層含以上有電梯),住家用,鋼筋混凝土造,,205.96,4,2,2,有,無,14710000,71680,坡道平面,18.18,1250000,,RPUSNLPJKHLFFAO96CB
新竹市,房地(土地+建物)+車位,國道段1021~1050地號,17.03,商,,,1020610,土地1建物1車位1,七層,25,住宅大樓(11層含以上有電梯),住家用,鋼筋混凝土造,,205.96,4,2,2,有,無,14420000,70135,坡道平面,18.18,1250000,,RPVSNLPJKHLFFAO07CB
新竹市,房地(土地+建物)+車位,國道段1021~1050地號,17.03,商,,,1020610,土地1建物1車位1,八層,25,住宅大樓(11層含以上有電梯),住家用,鋼筋混凝土造,,213.55,4,2,2,有,無,15240000,71096,坡道平面,18.18,1350000,,RPWSNLPJKHLFFAO17CB
新竹市,房地(土地+建物)+車位,國道段1021~1050地號,13.48,商,,,1020606,土地1建物1車位1,二十五層,25,住宅大樓(11層含以上有電梯),住家用,鋼筋混凝土造,,175.4,4,2,2,有,無,13680000,78425,坡道平面,18.18,1350000,,RPXSNLPJKHLFFAO27CB
新竹市,房地(土地+建物)+車位,國道段1021~1050地號,17.03,商,,,1020606,土地1建物1車位1,三層,25,住宅大樓(11層含以上有電梯),住家用,鋼筋混凝土造,,205.96,4,2,2,有,無,13740000,66514,坡道平面,18.18,1250000,,RPOTNLPJKHLFFAO09CB
新竹市,房地(土地+建物)+車位,國道段1021~1050地號,17.03,商,,,1020626,土地1建物1車位1,十一層,25,住宅大樓(11層含以上有電梯),住家用,鋼筋混凝土造,,205.96,4,2,2,有,無,14880000,72585,坡道平面,18.18,1250000,,RPPTNLPJKHLFFAO56CB
新竹市,房地(土地+建物)+車位,國道段1021~1050地號,16.82,商,,,1031103,土地1建物1車位1,十三層,25,住宅大樓(11層含以上有電梯),住家用,鋼筋混凝土造,,206.14,4,2,2,有,無,14500000,71026,坡道平面,18.18,1150000,,RPQTNLPJKHLFFAO66CB
新竹市,房地(土地+建物)+車位,國道段1021~1050地號,17.03,商,,,1030612,土地1建物1車位1,五層,25,住宅大樓(11層含以上有電梯),住家用,鋼筋混凝土造,,205.96,4,2,2,有,無,14210000,69549,坡道平面,18.18,1150000,,RPRTNLPJKHLFFAO76CB
新竹市,房地(土地+建物)+車位,國道段1021~1050地號,17.03,商,,,1030218,土地1建物1車位1,十層,25,住宅大樓(11層含以上有電梯),住家用,鋼筋混凝土造,,213.55,4,2,2,有,無,15650000,73194,坡道平面,18.18,1350000,,RPSTNLPJKHLFFAO86CB
新竹市,房地(土地+建物)+車位,國道段1021~1050地號,17.03,商,,,1020805,土地1建物1車位1,五層,25,住宅大樓(11層含以上有電梯),住家用,鋼筋混凝土造,,205.96,4,2,2,有,無,14260000,69283,坡道平面,18.18,1250000,,RPTTNLPJKHLFFAO96CB
新竹市,房地(土地+建物)+車位,國道段1021~1050地號,17.03,商,,,1030619,土地1建物1車位1,十七層,25,住宅大樓(11層含以上有電梯),住家用,鋼筋混凝土造,,205.96,4,2,2,有,無,16000000,78017,坡道平面,18.18,1350000,,RPUTNLPJKHLFFAO07CB
新竹市,房地(土地+建物)+車位,國道段1021~1050地號,17.03,商,,,1030909,土地1建物1車位1,四層,25,住宅大樓(11層含以上有電梯),住家用,鋼筋混凝土造,,213.55,4,2,2,有,無,14530000,67462,坡道平面,18.18,1350000,,RPVTNLPJKHLFFAO17CB
新竹市,房地(土地+建物)+車位,國道段1021~1050地號,17.03,商,,,1030912,土地1建物1車位1,七層,25,住宅大樓(11層含以上有電梯),住家用,鋼筋混凝土造,,205.96,4,2,2,有,無,14650000,71360,坡道平面,18.18,1250000,,RPWTNLPJKHLFFAO27CB
新竹市,房地(土地+建物)+車位,國道段1021~1050地號,17.57,商,,,1020605,土地1建物1車位1,十九層,25,住宅大樓(11層含以上有電梯),住家用,鋼筋混凝土造,,222.48,4,2,2,有,無,16720000,78922,坡道平面,34.7,1900000,,RPXTNLPJKHLFFAO37CB
新竹市,房地(土地+建物)+車位,國道段1021~1050地號,17.03,商,,,1020610,土地1建物1車位1,十層,25,住宅大樓(11層含以上有電梯),住家用,鋼筋混凝土造,,213.55,4,2,2,有,無,15410000,71966,坡道平面,18.18,1350000,,RPOUNLPJKHLFFAO56CB
新竹市,房地(土地+建物)+車位,國道段1021~1050地號,12.94,商,,,1020605,土地1建物1車位1,八層,25,住宅大樓(11層含以上有電梯),住家用,鋼筋混凝土造,,168.12,4,2,2,有,無,12190000,73296,坡道平面,18.18,1200000,,RPPUNLPJKHLFFAO66CB
新竹市,房地(土地+建物)+車位,國道段1021~1050地號,12.94,商,,,1020607,土地1建物1車位1,三層,25,住宅大樓(11層含以上有電梯),住家用,鋼筋混凝土造,,175.71,4,2,2,有,無,12080000,68749,坡道平面,18.18,1250000,,RPQUNLPJKHLFFAO76CB
新竹市,房地(土地+建物)+車位,國道段1021~1050地號,12.94,商,,,1020606,土地1建物1車位1,七層,25,住宅大樓(11層含以上有電梯),住家用,鋼筋混凝土造,,175.71,4,2,2,有,無,12650000,72367,坡道平面,18.18,1250000,,RPRUNLPJKHLFFAO86CB
新竹市,房地(土地+建物)+車位,國道段1021~1050地號,17.91,商,,,1020610,土地1建物1車位1,二十三層,25,住宅大樓(11層含以上有電梯),住家用,鋼筋混凝土造,,234.05,4,2,2,有,無,18540000,82217,坡道平面,34.7,2150000,,RPSUNLPJKHLFFAO96CB
新竹市,房地(土地+建物)+車位,國道段1021~1050地號,12.94,商,,,1020606,土地1建物1車位1,五層,25,住宅大樓(11層含以上有電梯),住家用,鋼筋混凝土造,,175.71,4,2,2,有,無,12270000,70590,坡道平面,18.18,1150000,,RPTUNLPJKHLFFAO07CB
新竹市,房地(土地+建物)+車位,國道段1021~1050地號,17.57,商,,,1020606,土地1建物1車位1,二十一層,25,住宅大樓(11層含以上有電梯),住家用,鋼筋混凝土造,,222.48,4,2,2,有,無,17050000,80413,坡道平面,34.7,1950000,,RPUUNLPJKHLFFAO17CB
新竹市,房地(土地+建物)+車位,國道段1021~1050地號,17.98,商,,,1020605,土地1建物1車位1,二十五層,25,住宅大樓(11層含以上有電梯),住家用,鋼筋混凝土造,,235.05,4,2,2,有,無,18280000,80411,坡道平面,35.7,2250000,,RPVUNLPJKHLFFAO27CB
新竹市,房地(土地+建物)+車位,國道段1021~1050地號,12.94,商,,,1020605,土地1建物1車位1,二層,25,住宅大樓(11層含以上有電梯),住家用,鋼筋混凝土造,,168.12,4,2,2,有,無,11150000,66026,坡道平面,18.18,1250000,,RPWUNLPJKHLFFAO37CB
新竹市,房地(土地+建物)+車位,國道段1021~1050地號,12.94,商,,,1020606,土地1建物1車位1,六層,25,住宅大樓(11層含以上有電梯),住家用,鋼筋混凝土造,,168.12,4,2,2,有,無,11770000,71495,坡道平面,18.18,1050000,,RPXUNLPJKHLFFAO47CB
新竹市,房地(土地+建物)+車位,國道段1021~1050地號,12.94,商,,,1020605,土地1建物1車位1,四層,25,住宅大樓(11層含以上有電梯),住家用,鋼筋混凝土造,,168.12,4,2,2,有,無,11410000,68427,坡道平面,18.18,1150000,,RPOVNLPJKHLFFAO66CB
新竹市,房地(土地+建物)+車位,國道段1021~1050地號,13.48,商,,,1020606,土地1建物1車位1,二十二層,25,住宅大樓(11層含以上有電梯),住家用,鋼筋混凝土造,,175.4,4,2,2,有,無,14100000,82369,坡道平面,18.18,1150000,,RPPVNLPJKHLFFAO76CB
新竹市,房地(土地+建物)+車位,國道段1021~1050地號,13.48,商,,,1020607,土地1建物1車位1,二十四層,25,住宅大樓(11層含以上有電梯),住家用,鋼筋混凝土造,,175.4,4,2,2,有,無,14200000,82369,坡道平面,18.18,1250000,,RPQVNLPJKHLFFAO86CB
新竹市,房地(土地+建物)+車位,國道段1021~1050地號,12.94,商,,,1020606,土地1建物1車位1,四層,25,住宅大樓(11層含以上有電梯),住家用,鋼筋混凝土造,,168.12,4,2,2,有,無,11010000,65760,坡道平面,18.18,1150000,,RPRVNLPJKHLFFAO96CB
新竹市,房地(土地+建物)+車位,國道段1021~1050地號,12.94,商,,,1020605,土地1建物1車位1,九層,25,住宅大樓(11層含以上有電梯),住家用,鋼筋混凝土造,,175.71,4,2,2,有,無,12850000,73319,坡道平面,18.18,1300000,,RPSVNLPJKHLFFAO07CB
新竹市,房地(土地+建物)+車位,國道段1021~1050地號,12.94,商,,,1020605,土地1建物1車位1,十一層,25,住宅大樓(11層含以上有電梯),住家用,鋼筋混凝土造,,175.71,4,2,2,有,無,12940000,74208,坡道平面,18.18,1250000,,RPTVNLPJKHLFFAO17CB
新竹市,房地(土地+建物)+車位,國道段1021~1050地號,13.48,商,,,1020607,土地1建物1車位1,二十五層,25,住宅大樓(11層含以上有電梯),住家用,鋼筋混凝土造,,175.4,4,2,2,有,無,13860000,80842,坡道平面,18.18,1150000,,RPUVNLPJKHLFFAO27CB
新竹市,房地(土地+建物)+車位,國道段1021~1050地號,12.94,商,,,1020610,土地1建物1車位1,十九層,25,住宅大樓(11層含以上有電梯),住家用,鋼筋混凝土造,,175.71,4,2,2,有,無,13550000,79350,坡道平面,18.18,1050000,,RPVVNLPJKHLFFAO37CB
新竹市,房地(土地+建物)+車位,國道段1021~1050地號,13.48,商,,,1020617,土地1建物1車位1,二十三層,25,住宅大樓(11層含以上有電梯),住家用,鋼筋混凝土造,,175.4,4,2,2,有,無,14430000,83832,坡道平面,18.18,1250000,,RPWVNLPJKHLFFAO47CB
新竹市,房地(土地+建物)+車位,國道段1021~1050地號,12.94,商,,,1020606,土地1建物1車位1,十層,25,住宅大樓(11層含以上有電梯),住家用,鋼筋混凝土造,,168.12,4,2,2,有,無,12380000,74230,坡道平面,18.18,1250000,,RPXVNLPJKHLFFAO57CB
新竹市,房地(土地+建物)+車位,國道段1021~1050地號,12.94,商,,,1020606,土地1建物1車位1,二十一層,25,住宅大樓(11層含以上有電梯),住家用,鋼筋混凝土造,,175.71,4,2,2,有,無,13940000,81191,坡道平面,18.18,1150000,,RPOWNLPJKHLFFAO76CB
新竹市,房地(土地+建物)+車位,國道段1021~1050地號,17.71,商,,,1020607,土地1建物1車位2,二十一層,25,住宅大樓(11層含以上有電梯),住家用,鋼筋混凝土造,,223.95,4,2,2,有,無,18020000,82272,坡道平面,34.7,2450000,,RPPWNLPJKHLFFAO86CB
新竹市,房地(土地+建物)+車位,國道段1021~1050地號,17.71,商,,,1020613,土地1建物1車位2,九層,25,住宅大樓(11層含以上有電梯),住家用,鋼筋混凝土造,,223.95,4,2,2,有,無,16530000,74399,坡道平面,34.7,2450000,,RPQWNLPJKHLFFAO96CB
新竹市,房地(土地+建物)+車位,國道段1021~1050地號,12.94,商,,,1020610,土地1建物1車位1,十八層,25,住宅大樓(11層含以上有電梯),住家用,鋼筋混凝土造,,168.12,4,2,2,有,無,13050000,79365,坡道平面,18.18,1150000,,RPRWNLPJKHLFFAO07CB
新竹市,房地(土地+建物)+車位,國道段1021~1050地號,12.94,商,,,1020610,土地1建物1車位1,十七層,25,住宅大樓(11層含以上有電梯),住家用,鋼筋混凝土造,,175.71,4,2,2,有,無,13400000,78398,坡道平面,18.18,1050000,,RPSWNLPJKHLFFAO17CB
新竹市,房地(土地+建物)+車位,國道段1021~1050地號,17.71,商,,,1020617,土地1建物1車位2,十一層,25,住宅大樓(11層含以上有電梯),住家用,鋼筋混凝土造,,223.95,4,2,2,有,無,16730000,76513,坡道平面,34.7,2250000,,RPTWNLPJKHLFFAO27CB
新竹市,房地(土地+建物)+車位,國道段1021~1050地號,17.71,商,,,1020611,土地1建物1車位2,八層,25,住宅大樓(11層含以上有電梯),住家用,鋼筋混凝土造,,231.54,4,2,2,有,無,17130000,75594,坡道平面,34.7,2250000,,RPUWNLPJKHLFFAO37CB
新竹市,房地(土地+建物)+車位,國道段1021~1050地號,17.71,商,,,1020605,土地1建物1車位2,四層,25,住宅大樓(11層含以上有電梯),住家用,鋼筋混凝土造,,231.54,4,2,2,有,無,15760000,70159,坡道平面,34.7,1950000,,RPVWNLPJKHLFFAO47CB
新竹市,房地(土地+建物)+車位,國道段1021~1050地號,17.71,商,,,1020607,土地1建物1車位2,七層,25,住宅大樓(11層含以上有電梯),住家用,鋼筋混凝土造,,223.95,4,2,2,有,無,16060000,74029,坡道平面,34.7,2050000,,RPWWNLPJKHLFFAO57CB
新竹市,房地(土地+建物)+車位,國道段1021~1050地號,17.71,商,,,1020613,土地1建物1車位2,十層,25,住宅大樓(11層含以上有電梯),住家用,鋼筋混凝土造,,231.54,4,2,2,有,無,17560000,76509,坡道平面,34.7,2500000,,RPXWNLPJKHLFFAO67CB
新竹市,房地(土地+建物)+車位,國道段1021~1050地號,17.98,商,,,1020605,土地1建物1車位2,二十五層,25,住宅大樓(11層含以上有電梯),住家用,鋼筋混凝土造,,234.69,4,2,2,有,無,18540000,82204,坡道平面,34.7,2100000,,RPONOLPJKHLFFAO58CB
新竹市,房地(土地+建物)+車位,國道段1021~1050地號,17.16,商,,,1020617,土地1建物1車位1,六層,25,住宅大樓(11層含以上有電梯),住家用,鋼筋混凝土造,,215.02,4,2,2,有,無,15530000,72546,坡道平面,18.18,1250000,,RPPNOLPJKHLFFAO68CB
新竹市,房地(土地+建物)+車位,國道段1021~1050地號,17.16,商,,,1020611,土地1建物1車位1,五層,25,住宅大樓(11層含以上有電梯),住家用,鋼筋混凝土造,,207.43,4,2,2,有,無,15150000,72919,坡道平面,18.18,1350000,,RPQNOLPJKHLFFAO78CB
新竹市,房地(土地+建物)+車位,國道段1021~1050地號,16.34,商,,,1020607,土地1建物1車位1,二層,25,住宅大樓(11層含以上有電梯),住家用,鋼筋混凝土造,,205.95,4,2,2,有,無,15540000,75571,坡道平面,18.18,1350000,,RPRNOLPJKHLFFAO88CB
新竹市,房地(土地+建物)+車位,國道段1021~1050地號,12.94,商,,,1020605,土地1建物1車位1,十五層,25,住宅大樓(11層含以上有電梯),住家用,鋼筋混凝土造,,175.71,4,2,2,有,無,13310000,77826,坡道平面,18.18,1050000,,RPSNOLPJKHLFFAO98CB
新竹市,房地(土地+建物)+車位,國道段1021~1050地號,17.71,商,,,1020613,土地1建物1車位2,三層,25,住宅大樓(11層含以上有電梯),住家用,鋼筋混凝土造,,223.95,4,2,2,有,無,15570000,69855,坡道平面,34.7,2350000,,RPTNOLPJKHLFFAO09CB
新竹市,房地(土地+建物)+車位,國道段1021~1050地號,12.94,商,,,1020605,土地1建物1車位1,十六層,25,住宅大樓(11層含以上有電梯),住家用,鋼筋混凝土造,,168.12,4,2,2,有,無,13000000,79032,坡道平面,18.18,1150000,,RPUNOLPJKHLFFAO56CB
新竹市,房地(土地+建物)+車位,國道段1021~1050地號,12.94,商,,,1020605,土地1建物1車位1,十三層,25,住宅大樓(11層含以上有電梯),住家用,鋼筋混凝土造,,175.71,4,2,2,有,無,12840000,74208,坡道平面,18.18,1150000,,RPVNOLPJKHLFFAO66CB
新竹市,房地(土地+建物)+車位,國道段1021~1050地號,17.16,商,,,1020610,土地1建物1車位1,二十層,25,住宅大樓(11層含以上有電梯),住家用,鋼筋混凝土造,,215.02,4,2,2,有,無,17270000,81386,坡道平面,18.18,1250000,,RPWNOLPJKHLFFAO76CB
新竹市,房地(土地+建物)+車位,國道段1021~1050地號,12.94,商,,,1020606,土地1建物1車位1,十四層,25,住宅大樓(11層含以上有電梯),住家用,鋼筋混凝土造,,168.12,4,2,2,有,無,12420000,74496,坡道平面,18.18,1250000,,RPXNOLPJKHLFFAO86CB
新竹市,房地(土地+建物)+車位,國道段1021~1050地號,27.72,商,,,1020719,土地1建物1車位1,一層,27,店面(店鋪),商業用,鋼筋混凝土造,,155.1,0,0,0,無,無,28120000,195516,坡道平面,18.18,1350000,,RPOOOLPJKHLFFAO68CB
新竹市,房地(土地+建物)+車位,國道段1021~1050地號,23.29,商,,,1020610,土地1建物1車位1,一層,27,店面(店鋪),商業用,鋼筋混凝土造,,132.63,0,0,0,無,無,23930000,196418,坡道平面,18.18,1450000,,RPPOOLPJKHLFFAO78CB
新竹市,房地(土地+建物)+車位,國道段1021~1050地號,27.38,商,,,1020722,土地1建物1車位1,一層,27,店面(店鋪),商業用,鋼筋混凝土造,,153.37,0,0,0,無,無,24940000,173755,坡道平面,18.18,1450000,,RPQOOLPJKHLFFAO88CB
新竹市,房地(土地+建物)+車位,國道段1021~1050地號,27.24,商,,,1020722,土地1建物1車位1,一層,27,店面(店鋪),商業用,鋼筋混凝土造,,152.87,0,0,0,無,無,24040000,167718,坡道平面,18.18,1450000,,RPROOLPJKHLFFAO98CB
新竹市,房地(土地+建物)+車位,國道段1021~1050地號,36.3,商,,,1020626,土地1建物1車位1,一層,25,店面(店鋪),商業用,鋼筋混凝土造,,199.98,0,0,0,無,無,28930000,152261,坡道平面,19.5,1450000,,RPSOOLPJKHLFFAO09CB
新竹市,房地(土地+建物)+車位,國道段1021~1050地號,51.08,商,,,1020626,土地1建物1車位1,一層,25,店面(店鋪),商業用,鋼筋混凝土造,,274.86,0,0,0,無,無,24860000,91479,坡道平面,19.5,1500000,,RPTOOLPJKHLFFAO56CB
新竹市,房地(土地+建物)+車位,國道段1021~1050地號,106.1,商,,,1020626,土地1建物1車位1,一層,27,店面(店鋪),商業用,鋼筋混凝土造,,557.96,0,0,0,無,無,131470000,243223,坡道平面,23.8,1550000,,RPUOOLPJKHLFFAO66CB
新竹市,房地(土地+建物)+車位,國道段1021~1050地號,43.24,商,,,1020626,土地1建物1車位1,一層,27,店面(店鋪),商業用,鋼筋混凝土造,,234.04,0,0,0,無,無,50510000,227740,坡道平面,18.18,1350000,,RPVOOLPJKHLFFAO76CB
新竹市,房地(土地+建物)+車位,國道段1021~1050地號,23.84,商,,,1020610,土地1建物1車位1,一層,27,店面(店鋪),商業用,鋼筋混凝土造,,135.39,0,0,0,無,無,23750000,190257,坡道平面,18.18,1450000,,RPXOOLPJKHLFFAO96CB
新竹市,房地(土地+建物)+車位,國道段1021~1050地號,25.06,商,,,1020607,土地1建物1車位1,一層,27,店面(店鋪),商業用,鋼筋混凝土造,,141.77,0,0,0,無,無,24190000,183995,坡道平面,18.18,1450000,,RPOPOLPJKHLFFAO78CB
新竹市,房地(土地+建物)+車位,國道段1021~1050地號,12.94,商,,,1020605,土地1建物1車位1,十二層,25,住宅大樓(11層含以上有電梯),住家用,鋼筋混凝土造,,168.12,4,2,2,有,無,12570000,75497,坡道平面,18.18,1250000,,RPPPOLPJKHLFFAO88CB
新竹市,房地(土地+建物)+車位,國道段1021~1050地號,19.41,商,,,1031103,土地1建物1車位2,三層,27,住宅大樓(11層含以上有電梯),住家用,鋼筋混凝土造,,260.72,4,2,2,有,無,16940000,65879,坡道平面,34.7,2050000,,RPTPMLSKKHLFFAO86CB
新竹市,房地(土地+建物)+車位,國道段1021~1050地號,17.16,商,,,1020607,土地1建物1車位1,八層,27,住宅大樓(11層含以上有電梯),住家用,鋼筋混凝土造,,207.43,4,2,2,有,無,14980000,72550,坡道平面,18.18,1250000,,RPUPMLSKKHLFFAO96CB
新竹市,房地(土地+建物)+車位,國道段1021~1050地號,13.08,商,,,1020605,土地1建物1車位1,二層,27,住宅大樓(11層含以上有電梯),住家用,鋼筋混凝土造,,163.24,4,2,2,有,無,13820000,86998,坡道平面,18.18,1200000,,RPVPMLSKKHLFFAO07CB
新竹市,房地(土地+建物)+車位,國道段1021~1050地號,12.94,商,,,1020606,土地1建物1車位1,十七層,25,住宅大樓(11層含以上有電梯),住家用,鋼筋混凝土造,,175.71,4,2,2,有,無,13040000,74843,坡道平面,18.18,1250000,,RPWPMLSKKHLFFAO17CB
新竹市,房地(土地+建物),國道段1021~1050地號,149.03,商,,,1020906,土地2建物1車位0,全,3,透天厝,住商用,鋼筋混凝土造,,326.6,0,0,0,無,無,39500000,120943,,0.0,0,,RPXNMLMLKHLFFAO56CB
