﻿編號,土地區段位置,土地移轉面積平方公尺,使用分區或編定
The serial number,land sector position,land shifting area square meter,the use zoning or compiles and checks
RPVPMLMJKHLFFAO09CC,福林段,52.00,都市：其他
RPVPMLLJKHLFFAO98CC,成功段,.00,都市：住
RPPPMLMJKHLFFAO48CC,大庄段,.00,都市：其他
RPPPMLMJKHLFFAO48CC,大庄段,.00,都市：住
RPXPMLMJKHLFFAO66CC,和平段,.00,都市：其他
RPXPMLMJKHLFFAO66CC,和平段,.00,都市：住
RPPOMLMJKHLFFAO38CC,長春段,.00,都市：其他
RPUPMLMJKHLFFAO98CC,仙宮段,.00,都市：住
RPXOMLMJKHLFFAO56CC,民主段,.00,都市：商
RPVOMLMJKHLFFAO98CC,東橋段,.00,都市：住
RPRPMLMJKHLFFAO68CC,前溪段,.00,非都市：鄉村區 ; 非都市編定：乙種建築用地
RPSPMLMJKHLFFAO78CC,復中段,.00,都市：商
RPTNMLNJKHLFFAO78CC,西門段一小段,.00,都市：商
RPSOMLNJKHLFFAO78CC,光復段,.00,都市：住
RPQPMLTKKHLFFAO76CC,中華段,.00,都市：住
RPPPMLTKKHLFFAO66CC,光華段,.00,都市：住
RPPPMLTKKHLFFAO66CC,光華段,.00,都市：商
RPWOMLMLKHLFFAO66CC,福林段,439.00,都市：住
RPPNMLRJKHLFFAO78CC,東光段,.00,都市：商
RPVNMLMLKHLFFAO09CC,國道段,.00,都市：商
RPWNMLMLKHLFFAO56CC,光武段,.00,都市：住
RPOOMLMLKHLFFAO58DC,國道段,.00,都市：商
RPUNMLMLKHLFFAO98CC,光武段,.00,都市：住
RPOPMLOLKHLFFAO78CC,中雅段,54.00,都市：商
RPOPMLOLKHLFFAO78CC,中雅段,18.16,都市：商
RPSPMLQLKHLFFAO76CC,和平段,2502.00,都市：住
RPPNMLTLKHLFFAO56CC,大庄段,.00,都市：住
RPUPMLQLKHLFFAO96CC,光復段,.00,都市：工
RPUNMLNJLHLFFAO98CC,聚吉段,.00,都市：商
RPTNMLMJLHLFFAO78CC,東山段二小段,.00,都市：住
RPQOMLNJLHLFFAO68CC,麗園段,.00,非都市：山坡地保育區 ; 非都市編定：丙種建築用地
RPVNMLOJLHLFFAO56CC,長春段,44.28,都市：其他
RPOPMLNJLHLFFAO58CC,關東段,.00,非都市： ; 非都市編定：
RPROMLOJLHLFFAO88CC,聚吉段,.00,都市：商
RPQOMLPLKHLFFAO98CC,關東段,.00,都市：住
RPOOMLPLKHLFFAO78CC,光華段,.00,都市：住
RPQPMLPLKHLFFAO09CC,東明段,.00,非都市： ; 非都市編定：
RPROMLPLKHLFFAO09CC,聚吉段,.00,都市：商
RPSOMLPLKHLFFAO56CC,仙宮段,.00,都市：住
RPUNMLMKLHLFFAO98CC,西門段一小段,.00,都市：商
RPUOMLKKLHLFFAO88CC,長春段,.00,非都市： ; 非都市編定：
RPTNMLMKLHLFFAO88CC,自由段,.00,都市：住
RPXOMLOKLHLFFAO96CC,關東段,14.47,都市：住
RPVNMLMKLHLFFAO09CC,西門段一小段,.00,都市：商
RPXOMLKKLHLFFAO56CC,復中段,.00,都市：商
RPUNMLPKLHLFFAO66CC,國道段,.00,都市：住
RPRNMLPKLHLFFAO98CC,東山段一小段,48.00,都市：商
RPQOMLQKLHLFFAO09CC,光華段,4.19,都市：商
RPPPMLQKLHLFFAO09CC,北門段,.00,都市：商
RPWOMLQKLHLFFAO17DC,三姓段,320.00,都市：工
RPTPMLRKLHLFFAO96CC,成功段,.00,非都市： ; 非都市編定：
RPOQMLRKLHLFFAO56CC,成功段,.00,非都市： ; 非都市編定：
RPTRMLRKLHLFFAO27DC,復興段,991.73,都市：其他
RPSQMLSKLHLFFAO07CC,國道段,.00,都市：商
RPRQMLSKLHLFFAO96CC,東光段,13.17,都市：商
RPRNMLSKLHLFFAO86EC,光武段,22.46,都市：住
RPTNMLMLLHLFFAO98CC,榮光段一小段,.00,都市：商
RPWNMLMLLHLFFAO66CC,東光段,.00,都市：商
RPWNMLMLLHLFFAO66CC,東光段,.00,都市：商
RPXOMLMLLHLFFAO86CC,竹蓮段,.00,都市：住
RPOPMLMLLHLFFAO68CC,柴橋段,.00,都市：農
RPWNMLNLLHLFFAO76CC,北門段,.00,都市：住
RPTNMLOLLHLFFAO56CC,東光段,.00,都市：商
RPSOMLNLLHLFFAO09CC,北門段,.00,都市：住
RPPPMLPLLHLFFAO09CC,長春段,.00,都市：住
RPVNMLPLLHLFFAO86CC,聚吉段,.00,都市：商
RPRPMLPLLHLFFAO66CC,民富段,81.00,都市：住
RPQOMLTLLHLFFAO86CC,東光段,.00,都市：商
RPQOMLTLLHLFFAO86CC,東光段,.00,都市：商
RPQNMLTLKHLFFAO66CC,復中段,.00,都市：商
RPTOMLTLLHLFFAO17CC,光復段,.00,都市：住
RPXPMLLMLHLFFAO96CC,中雅段,40.43,都市：商
RPXPMLLMLHLFFAO96CC,崙子段,.86,都市：商
RPPQMLLJMHLFFAO68CC,榮光段一小段,.00,都市：商
RPVPMLLMLHLFFAO76CC,光華段,2.12,都市：住
RPUPMLLJMHLFFAO56DC,民富段,.00,都市：商
RPOQMLLJMHLFFAO68DC,民富段,.00,都市：商
RPQNMLKKMHLFFAO48CC,中央段,.00,都市：商
RPUNMLQJMHLFFAO76CC,民主段一小段,.00,都市：商
RPQOMLSJMHLFFAO66CC,東光段,.00,都市：商
RPQOMLSJMHLFFAO66CC,東光段,.00,都市：商
RPOOMLMKMHLFFAO58CC,民主段,177.00,都市：住
RPOOMLMKMHLFFAO58CC,民主段,87.00,都市：住
RPUNMLMKMHLFFAO09CC,崙子段,.00,都市：住
RPOOMLNKMHLFFAO68CC,榮光段二小段,.00,都市：商
RPWOMLOKMHLFFAO96CC,東明段,.00,都市：住
RPTOMLOKMHLFFAO66CC,聚吉段,.00,都市：商
RPOPMLOKMHLFFAO88CC,南門段四小段,.00,都市：商
RPRPMLOKMHLFFAO56CC,南湖段,.00,非都市：山坡地保育區 ; 非都市編定：丙種建築用地
RPRNMLRKMHLFFAO66CC,新興段一小段,.00,都市：住
RPQNMLRKMHLFFAO56CC,育賢段,.00,都市：住
RPQNMLRKMHLFFAO56CC,育賢段,.00,都市：住
RPXPMLSKMHLFFAO57CC,北門段,.00,都市：住
RPSNMLSKMHLFFAO86CC,介壽段,.00,都市：住
RPTNMLPKMHLFFAO66CC,東光段,.00,都市：住
RPOQMLSKMHLFFAO76CC,水源段,.00,非都市：特定農業區 ; 非都市編定：丁種建築用地
RPPQMLSKMHLFFAO86CC,東明段,.00,都市：住
RPXOMLTKMHLFFAO57CC,榮光段三小段,.00,都市：商
RPXOMLTKMHLFFAO57CC,榮光段三小段,.00,都市：商
RPPPMLSKMHLFFAO76CC,建華段,.00,都市：住
RPPSMLKLMHLFFAO98CC,榮光段一小段,.00,都市：住
RPURMLKLMHLFFAO76CC,光武段,.00,都市：住
RPQRMLSLMHLFFAO17CC,復中段,.00,都市：住
RPSNMLQLMHLFFAO76CC,東光段,.00,都市：商
RPXOMLQLMHLFFAO37CC,東光段,.00,都市：住
RPVNMLLLMHLFFAO56CC,柴橋段,.00,都市：其他
RPROMLMLMHLFFAO98CC,長春段,103.56,都市：住
RPOPMLTLMHLFFAO86CC,東明段,28.60,都市：住
RPTRMLSLMHLFFAO47CC,復中段,.00,都市：商
RPTRMLSLMHLFFAO47CC,復中段,.00,都市：商
RPXPMLTLMHLFFAO77CC,中山段三小段,63.72,都市：商
RPQNMLKMMHLFFAO68CC,東光段,.00,都市：商
RPPOMLOLKHLFFAO88DC,忠孝段,692.00,都市：工
