﻿編號,屋齡,建物移轉面積平方公尺,主要用途,主要建材,建築完成日期,總層數,建物分層
The serial number,room age,building shifting area square meter,the main use,main building materials,construction completes the date,total layer,building lamination
RPPNMLSKKHLFFAU76CA,8,245.38,農舍,鋼筋混凝土造,96年4月16日,三層,二層 三層 屋頂突出物 一層
RPUNMLOJKHLFFAU76CA,17,120.96,住家用,鋼筋混凝土造,88年4月14日,五層,一層
RPUNMLOJKHLFFAU76CA,17,8.26,共有部份,鋼筋混凝土造,88年4月14日,五層,
RPOOMLPKKHLFFAU09CA,5,185.94,住家用,鋼筋混凝土造,99年10月8日,三層,一層 二層 三層 見其他登記事項
RPRNMLMJKHLFFAU88CA,17,118.90,住家用,鋼筋混凝土造,88年4月14日,五層,一層
RPRNMLMJKHLFFAU88CA,17,8.61,共有部份,鋼筋混凝土造,88年4月14日,五層,
RPROMLMJKHLFFAU98CA,22,82.41,住家用,鋼筋混凝土造,82年9月9日,六層,三層
RPROMLMJKHLFFAU98CA,22,33.37,共有部份,鋼筋混凝土造,82年9月9日,六層,
RPTOMLMJKHLFFAU56CA,44,83.85,住家用,鋼筋混凝土加強磚造,60年10月5日,二層,一層 二層
RPSNMLOJKHLFFAU56CA,15,107.81,住家用,鋼筋混凝土造,90年4月23日,四層,二層
RPSNMLOJKHLFFAU56CA,15,26.47,見其他登記事項,鋼筋混凝土造,90年4月23日,四層,
RPOOMLTKKHLFFAU86CA,23,110.96,見其他登記事項,鋼筋混凝土造,81年9月30日,八層,八層
RPOOMLTKKHLFFAU86CA,23,18.47,共有部份,鋼筋混凝土造,81年9月30日,八層,
RPVOMLNLKHLFFAU07CA,12,202.13,農舍,鋼筋混凝土造,91年7月26日,,一層
RPQOMLMLKHLFFAU09CA,1,367.40,住家用,鋼筋混凝土造,103年10月15日,四層,一層 二層 三層 四層 屋頂突出物 騎樓
RPOPMLMJKHLFFAU98EA,18,101.77,住家用,鋼筋混凝土造,86年7月18日,十二層,七層
RPOPMLMJKHLFFAU98EA,18,25.85,共有部份,鋼筋混凝土造,86年7月18日,十二層,
RPUOMLOLKHLFFAU07CA,6,233.53,住家用,鋼筋混凝土造,98年12月9日,三層,一層 二層 三層
RPVOMLOJKHLFFAU17EA,25,211.17,住家用,鋼筋混凝土造,80年4月10日,二層,一層 二層 屋頂突出物 騎樓
RPQOMLNLKHLFFAU56CA,44,209.18,住家用,鋼筋混凝土加強磚造,61年1月1日,二層,一層 二層
RPPPMLMJKHLFFAU09EA,29,81.80,住家用,鋼筋混凝土造,75年7月22日,五層,三層
RPPPMLMJKHLFFAU09EA,29,6.89,共有部份,鋼筋混凝土造,75年7月22日,五層,
RPTOMLNLKHLFFAU86CA,20,61.71,住家用,鋼筋混凝土造,85年2月5日,十二層,七層
RPTOMLNLKHLFFAU86CA,20,9.56,共有部份,鋼筋混凝土造,85年2月5日,十二層,
RPTOMLNLKHLFFAU86CA,20,8.89,共有部份,鋼筋混凝土造,85年2月5日,十二層,
RPPNMLQKKHLFFBU66CA,,120.18,住家用,加強磚造,,二層,一層 二層
RPWNMLPJKHLFFAU07CA,21,74.36,住家用,鋼筋混凝土造,83年10月26日,九層,五層
RPWNMLPJKHLFFAU07CA,21,6.18,共有部份,鋼筋混凝土造,83年10月26日,九層,
RPWNMLPJKHLFFAU07CA,21,18.81,共有部份,鋼筋混凝土造,83年10月26日,九層,
RPROMLMLKHLFFAU56CA,38,53.38,住家用,鋼筋混凝土加強磚造,66年7月11日,一層,一層
RPSNMLRKKHLFFAU96CA,,326.73,住家用,鋼筋混凝土造,104年11月30日,四層,一層 二層 三層 四層 騎樓 見其他登記事項
RPQOMLOJKHLFFAU09CA,,203.22,住家用,鋼筋混凝土造,104年12月7日,三層,一層 二層 三層 屋頂突出物
RPPOMLOJKHLFFAU98CA,,221.56,住家用,鋼筋混凝土造,104年12月7日,四層,一層 二層 三層 四層
RPUPMLOJKHLFFAU96CA,3,249.43,農舍,鋼筋混凝土造,101年9月6日,三層,一層 二層 三層
RPTNMLNJKHLFFAU56CA,16,20.04,住家用,鋼筋混凝土造,88年11月25日,六層,三層
RPTNMLNJKHLFFAU56CA,16,14.25,共有部份,鋼筋混凝土造,88年11月25日,六層,
RPPPMLOJKHLFFAU09CA,21,20.01,住家用,鋼筋混凝土造,83年11月15日,十二層,七層
RPUOMLPKKHLFFAU07CA,28,102.95,住商用,鋼筋混凝土造,77年2月13日,二層,一層 二層 騎樓
RPUNMLMLKHLFFAU76CA,,189.96,住家用,鋼筋混凝土造,104年11月10日,三層,一層 二層 三層 屋頂突出物
RPROMLOJKHLFFAU56CA,,200.26,住家用,鋼筋混凝土造,104年12月7日,三層,一層 二層 三層 屋頂突出物
RPOPMLPKKHLFFAU56CA,24,149.74,住家用,鋼筋混凝土造,80年10月2日,三層,一層 二層 三層
RPQNMLOLKHLFFAU56CA,,253.85,住家用,鋼筋混凝土造,104年12月9日,四層,一層 二層 三層 四層
RPTOMLOJKHLFFAU76CA,,187.96,住家用,鋼筋混凝土造,104年12月7日,三層,一層 二層 三層 屋頂突出物
RPSOMLTKKHLFFAU27CA,21,109.89,住家用,鋼筋混凝土造,83年10月28日,十四層,五層
RPSOMLTKKHLFFAU27CA,21,29.09,共有部份,鋼筋混凝土造,83年10月28日,十四層,
RPQNMLOJKHLFFBU09CA,,86.38,農舍,見其他登記事項,104年11月19日,一層,一層
RPSNMLNLKHLFFAU66CA,1,189.34,住家用,鋼筋混凝土造,104年2月10日,三層,一層 二層 三層 屋頂突出物
RPXNMLMJLHLFFAU17EA,39,112.42,住商用,鋼筋混凝土造,66年4月26日,二層,一層 二層 騎樓
RPWOMLOJKHLFFAU27EA,9,231.64,住家用,鋼筋混凝土造,96年3月21日,四層,一層 二層 三層 四層
RPOOMLPLKHLFFAU76EA,44,100.34,住家用,鋼筋混凝土加強磚造,61年4月21日,二層,一層 二層
RPQNMLPLKHLFFBU76CA,32,90.48,住家用,鋼筋混凝土加強磚造,72年12月1日,二層,一層 二層
RPPNMLTLLHLFFBU17CA,38,43.65,住家用,鋼筋混凝土加強磚造,67年1月11日,一層,一層 騎樓
RPWNMLMLKHLFFAU96CA,13,.26,住家用,見其他登記事項,92年2月21日,十二層,
RPWNMLMLKHLFFAU96CA,13,8.27,共有部份,見其他登記事項,92年2月21日,十二層,
RPWNMLMLKHLFFAU96CA,13,.26,住家用,見其他登記事項,92年2月21日,十二層,
RPWNMLMLKHLFFAU96CA,13,11.85,共有部份,見其他登記事項,92年2月21日,十二層,
RPWNMLMLKHLFFAU96CA,13,63.22,住家用,見其他登記事項,92年2月21日,十二層,三層
RPTNMLQKKHLFFCU27DA,32,88.80,住家用,鋼筋混凝土加強磚造,72年12月1日,一層,一層
RPTOMLMLKHLFFAU76CA,26,141.91,住家用,鋼筋混凝土造,78年10月16日,二層,一層 二層 屋頂突出物
RPRNMLRKKHLFFAU86CA,22,54.44,見其他登記事項,鋼筋混凝土造,83年4月14日,六層,三層
RPRNMLRKKHLFFAU86CA,22,13.49,共有部份,鋼筋混凝土造,83年4月14日,六層,
RPROMLTKKHLFFAU17CA,32,69.80,住家用,鋼筋混凝土造,72年12月15日,八層,八層
RPROMLTKKHLFFAU17CA,32,7.18,共有部份,鋼筋混凝土造,72年12月15日,八層,
RPSNMLSKKHLFFAU07CA,21,22.23,住家用,鋼筋混凝土造,83年11月15日,十二層,十一層
RPSNMLSKKHLFFAU07CA,21,61.57,共有部份,鋼筋混凝土造,83年11月15日,十二層,
RPQOMLOLKHLFFAU66CA,33,79.90,住家用,鋼筋混凝土造,72年1月7日,四層,二層
RPQOMLOLKHLFFAU66CA,33,15.72,共有部份,鋼筋混凝土造,72年1月7日,四層,
RPOOMLQLKHLFFAU66CA,22,96.28,住家用,鋼筋混凝土造,82年8月19日,二層,一層 二層
RPXNMLMJLHLFFAU96CA,37,84.75,住商用,鋼筋混凝土加強磚造,68年5月9日,二層,一層 二層
RPRNMLLJLHLFFAU88CA,39,81.35,住家用,鋼筋混凝土加強磚造,66年1月18日,二層,一層 二層
RPSOMLPJKHLFFAU76CA,21,240.79,住商用,鋼筋混凝土造,84年5月8日,三層,一層 二層 三層 騎樓
RPTNMLMJLHLFFAU56CA,17,95.45,住家用,鋼筋混凝土造,88年4月14日,五層,四層
RPWOMLPKKHLFFAU27CA,10,219.52,住家用,鋼筋混凝土造,95年1月26日,三層,一層 二層 三層 屋頂突出物
RPPOMLTKKHLFFAU96CA,10,267.39,住商用,鋼筋混凝土造,94年7月8日,四層,一層 二層 三層 四層 見其他登記事項
RPXNMLPLKHLFFAU57EA,20,47.98,住家用,鋼筋混凝土造,85年2月8日,十二層,九層
RPXNMLPLKHLFFAU57EA,20,15.15,共有部份,鋼筋混凝土造,85年2月8日,十二層,
RPOOMLSKKHLFFAU76CA,21,155.70,住家用,鋼筋混凝土造,83年7月30日,三層,一層 二層 三層 見其他登記事項
RPSNMLLJLHLFFBU09CA,43,99.20,住家用,鋼筋混凝土加強磚造,62年3月7日,二層,二層 一層
RPTOMLTKKHLFFAU37CA,1,323.50,住家用,鋼筋混凝土造,104年2月17日,三層,一層 二層 三層 見其他登記事項
RPRNMLPKKHLFFCU86CA,1,263.36,住家用,鋼筋混凝土造,104年4月29日,三層,一層 二層 三層 屋頂突出物
RPROMLTJLHLFFAU17CA,1,314.06,住家用,鋼筋混凝土造,103年7月24日,四層,一層 二層 三層 四層
RPROMLTJLHLFFAU17CA,1,2.55,住家用,鋼筋混凝土造,103年7月24日,二層,
RPQOMLTKKHLFFAU07CA,11,202.84,住家用,鋼筋混凝土造,94年2月25日,三層,一層 二層 三層
RPUOMLNLKHLFFAU96CA,36,100.40,住商用,鋼筋混凝土加強磚造,68年8月17日,二層,一層 二層 騎樓
RPPNMLPLKHLFFBU66CA,37,115.43,住商用,鋼筋混凝土加強磚造,68年3月27日,二層,一層 二層 騎樓
RPPOMLMJLHLFFAU88CA,21,180.56,住家用,鋼筋混凝土造,84年3月14日,三層,屋頂突出物 一層 二層 三層
RPWNMLPLKHLFFAU27CA,42,120.70,住家用,鋼筋混凝土加強磚造,63年6月4日,二層,一層 二層
RPWNMLOLKHLFFAU17CA,4,104.29,住家用,鋼筋混凝土造,101年4月26日,四層,一層 二層 三層 四層 見其他登記事項
RPOOMLOLKHLFFAU09CA,19,29.85,住家用,鋼筋混凝土造,85年10月29日,十六層,十二層
RPOOMLOLKHLFFAU09CA,19,4.94,共有部份,鋼筋混凝土造,85年10月29日,十六層,
RPOOMLOLKHLFFAU09CA,19,7.55,共有部份,鋼筋混凝土造,85年10月29日,十六層,
RPRNMLOLKHLFFAU66CA,20,113.46,住家用,鋼筋混凝土造,85年3月25日,五層,五層
RPRNMLOLKHLFFAU66CA,20,49.27,共有部份,鋼筋混凝土造,85年3月25日,五層,
RPSNMLQLKHLFFAU96CA,22,136.73,住家用,鋼筋混凝土造,82年12月29日,三層,一層 二層 三層
RPWOMLTKKHLFFAU67CA,22,41.86,住家用,鋼筋混凝土造,83年4月25日,五層,三層
RPWOMLTKKHLFFAU67CA,22,6.26,共有部份,鋼筋混凝土造,83年4月25日,五層,
RPTOMLSKKHLFFAU27CA,18,58.77,見其他登記事項,鋼筋混凝土造,86年8月1日,七層,六層
RPTOMLSKKHLFFAU27CA,18,21.20,共有部份,鋼筋混凝土造,86年8月1日,七層,
RPRNMLTKKHLFFAU07CA,21,47.42,住家用,鋼筋混凝土造,84年6月8日,七層,七層
RPRNMLTKKHLFFAU07CA,21,10.19,共有部份,鋼筋混凝土造,84年6月8日,七層,
RPRNMLTKKHLFFAU07CA,21,9.55,共有部份,鋼筋混凝土造,84年6月8日,七層,
RPVNMLOLKHLFFAU07CA,22,89.21,住家用,鋼筋混凝土造,82年11月19日,五層,二層
RPVNMLOLKHLFFAU07CA,22,7.66,共有部份,鋼筋混凝土造,82年11月19日,五層,
RPUNMLTKKHLFFAU37CA,,60.90,住家用,鋼筋混凝土造,,二層,一層 二層
RPTNMLSJLHLFFAU17CA,24,47.93,住家用,鋼筋混凝土造,81年6月16日,五層,三層
RPTNMLSJLHLFFAU17CA,24,10.80,共有部份,鋼筋混凝土造,81年6月16日,五層,
RPVNMLSKKHLFFAU37CA,,4.42,住家用,見其他登記事項,,一層,一層
RPSNMLNJLHLFFAU56CA,19,24.37,住家用,鋼筋混凝土造,85年11月4日,六層,四層
RPUNMLOLKHLFFAU96CA,22,127.36,住家用,鋼筋混凝土造,83年1月22日,十二層,十層
RPUNMLOLKHLFFAU96CA,22,37.53,共有部份,鋼筋混凝土造,83年1月22日,十二層,
RPSOMLMLKHLFFAU66CA,21,161.23,見其他登記事項,鋼筋混凝土造,83年9月29日,四層,一層 二層 三層 四層 屋頂突出物
RPTNMLMLKHLFFAU66CA,38,112.68,住商用,鋼筋混凝土加強磚造,66年12月31日,二層,一層 二層 騎樓
RPWNMLKKLHLFFAU76CA,4,279.66,農舍,鋼筋混凝土造,100年9月13日,二層,一層 二層 見其他登記事項
RPPNMLQLKHLFFAU66CA,30,98.28,住家用,鋼筋混凝土造,74年9月2日,二層,一層 二層
RPPNMLLJLHLFFBU78CA,32,77.88,住家用,鋼筋混凝土造,73年1月14日,四層,三層
RPPNMLLJLHLFFBU78CA,32,5.84,見其他登記事項,鋼筋混凝土造,73年1月14日,四層,
RPROMLNLKHLFFAU86EA,17,86.99,住家用,鋼筋混凝土造,88年2月24日,六層,四層
RPROMLNLKHLFFAU86EA,17,35.11,共有部份,鋼筋混凝土造,88年2月24日,六層,
RPQNMLQLKHLFFCU96CA,49,105.20,住家用,鋼筋混凝土加強磚造,56年1月1日,二層,一層 二層 騎樓
RPPOMLMLKHLFFAU98CA,18,66.82,住家用,鋼筋混凝土造,86年8月27日,九層,四層 五層
RPPOMLMLKHLFFAU98CA,18,10.27,共有部份,鋼筋混凝土造,86年8月27日,九層,
RPPOMLMLKHLFFAU98CA,18,8.82,共有部份,鋼筋混凝土造,86年8月27日,九層,
RPPOMLMLKHLFFAU98CA,18,3.04,共有部份,鋼筋混凝土造,86年8月27日,九層,
RPVOMLOLKHLFFAU17CA,4,179.87,住家用,鋼筋混凝土造,101年6月5日,三層,一層 二層 三層
RPSOMLKKLHLFFAU09CA,22,90.88,住家用,鋼筋混凝土造,82年11月9日,八層,二層
RPSOMLKKLHLFFAU09CA,22,21.47,共有部份,鋼筋混凝土造,82年11月9日,八層,
RPPNMLKKLHLFFAU68CA,27,6.14,共有部份,鋼筋混凝土造,77年11月25日,五層,
RPPNMLKKLHLFFAU68CA,27,91.20,住家用,鋼筋混凝土造,77年11月25日,五層,五層
RPPNMLOLKHLFFCU66CA,,48.14,住家用,磚造,,一層,一層 騎樓
RPTOMLKKLHLFFAU56CA,23,122.44,住商用,鋼筋混凝土造,82年5月20日,二層,一層 二層 騎樓
RPSNMLLLLHLFFAU56CA,37,113.46,住家用,鋼筋混凝土加強磚造,67年10月4日,二層,一層 二層 騎樓
RPUNMLPLKHLFFAU27EA,20,260.10,住商用,鋼筋混凝土造,84年12月27日,四層,一層 二層 三層 四層
RPUNMLPLKHLFFAU27EA,20,100.73,見其他登記事項,鋼筋混凝土造,84年12月27日,四層,
RPVNMLPLKHLFFAU37EA,20,260.10,住商用,鋼筋混凝土造,84年12月24日,四層,一層 二層 三層 四層
RPVNMLPLKHLFFAU37EA,20,100.73,見其他登記事項,鋼筋混凝土造,84年12月27日,四層,
RPQNMLOLKHLFFCU76CA,21,439.40,住家用,鋼筋混凝土造,83年11月19日,三層,屋頂突出物 騎樓 一層 二層 三層
RPVNMLKKLHLFFAU66CA,21,74.08,住家用,鋼筋混凝土造,83年10月28日,十四層,三層
RPVNMLKKLHLFFAU66CA,21,22.04,共有部份,鋼筋混凝土造,83年10月28日,十四層,
RPXOMLKKLHLFFAU96CA,38,70.78,住家用,鋼筋混凝土加強磚造,67年5月22日,二層,一層 二層
RPUNMLKKLHLFFAU56CA,22,90.79,住家用,鋼筋混凝土造,83年5月25日,六層,二層
RPUNMLKKLHLFFAU56CA,22,38.52,共有部份,鋼筋混凝土造,83年5月25日,六層,
RPVNMLLJLHLFFAU66CA,,18.30,住家用,見其他登記事項,,一層,一層
RPVNMLNLKHLFFAU96CA,1,320.87,農舍,鋼筋混凝土造,104年1月8日,三層,一層 二層 三層
RPUNMLRJLHLFFAU17CA,1,333.21,住家用,鋼筋混凝土造,103年10月15日,四層,一層 二層 三層 四層 屋頂突出物 騎樓
RPTNMLLJLHLFFAU09CA,33,78.69,住家用,鋼筋混凝土造,71年11月13日,五層,三層
RPTNMLLJLHLFFAU09CA,33,10.06,共有部份,鋼筋混凝土造,71年11月13日,五層,
RPSNMLOLKHLFFAU76CA,18,88.60,住家用,鋼筋混凝土造,87年4月3日,十層,三層
RPSNMLOLKHLFFAU76CA,18,17.25,共有部份,鋼筋混凝土造,87年4月3日,十層,
RPSNMLOLKHLFFAU76CA,18,9.23,共有部份,鋼筋混凝土造,87年4月3日,十層,
RPSNMLOLKHLFFAU76CA,18,8.45,共有部份,鋼筋混凝土造,87年4月3日,十層,
RPOOMLTJLHLFFAU86CA,,362.65,住家用,鋼筋混凝土造,104年8月31日,四層,一層 二層 三層 四層 屋頂突出物 見其他登記事項
RPPNMLRJLHLFFAU66CA,,222.29,農舍,鋼筋混凝土造,104年12月21日,三層,一層 二層 三層 屋頂突出物
RPXNMLLKLHLFFAU96CA,23,691.10,共有部份,鋼筋混凝土造,82年1月9日,七層,
RPXNMLLKLHLFFAU96CA,23,12.72,商業用,鋼筋混凝土造,82年1月9日,七層,
RPOOMLLLLHLFFAU88CA,11,159.74,商業用,鋼骨鋼筋混凝土造,94年6月13日,一層,一層
RPRNMLSLLHLFFAU17CA,17,94.79,住家用,鋼筋混凝土造,87年11月30日,八層,三層
RPRNMLSLLHLFFAU17CA,17,37.57,見其他登記事項,鋼筋混凝土造,87年11月30日,八層,
RPRNMLSLLHLFFAU17CA,17,5.67,停車空間,鋼筋混凝土造,87年11月30日,八層,
RPPOMLPKLHLFFAU66CA,28,37.35,住家用,鋼筋混凝土造,76年11月17日,七層,六層
RPPOMLPKLHLFFAU66CA,28,10.67,共有部份,鋼筋混凝土造,76年11月17日,七層,
RPRNMLNJLHLFFAU09CA,19,59.13,住家用,鋼筋混凝土造,85年10月29日,十六層,五層
RPRNMLNJLHLFFAU09CA,19,10.93,共有部份,鋼筋混凝土造,85年10月29日,十六層,
RPRNMLNJLHLFFAU09CA,19,17.36,共有部份,鋼筋混凝土造,85年10月29日,十六層,
RPPNMLQKLHLFFBU76CA,,317.77,農舍,見其他登記事項,104年12月28日,三層,一層 二層 三層 見其他登記事項
RPRNMLQLKHLFFBU17EA,34,71.40,住家用,鋼筋混凝土加強磚造,71年1月30日,一層,一層
RPPNMLNJLHLFFAU09EA,41,109.20,住商用,見其他登記事項,64年3月24日,一層,一層
RPPNMLLJLHLFFAU88EA,46,88.39,住家用,鋼筋混凝土造,58年7月5日,二層,一層 二層
RPXNMLLLLHLFFAU07CA,1,287.66,住家用,鋼筋混凝土造,104年6月8日,四層,一層 二層 三層 四層
RPPOMLPLKHLFFAU86EA,38,142.77,住家用,鋼筋混凝土加強磚造,67年1月10日,二層,一層 二層 騎樓
RPQNMLLLLHLFFAU98CA,22,70.75,住家用,鋼筋混凝土造,82年10月6日,六層,六層
RPQNMLLLLHLFFAU98CA,22,25.85,共有部份,鋼筋混凝土造,82年10月6日,六層,
RPQOMLNLLHLFFAU66CA,1,352.85,住家用,鋼筋混凝土造,103年7月24日,四層,一層 二層 三層 四層
RPQNMLNJLHLFFAU98CA,60,57.39,住家用,見其他登記事項,45年1月1日,一層,一層 騎樓
RPOOMLLJLHLFFAU68CA,28,138.92,住商用,鋼筋混凝土造,76年11月27日,二層,一層 二層 屋頂突出物 騎樓
RPQNMLRJLHLFFAU76CA,22,26.92,住家用,鋼筋混凝土造,82年11月5日,九層,七層
RPQNMLRJLHLFFAU76CA,22,12.68,共有部份,鋼筋混凝土造,82年11月5日,九層,
RPQNMLRKLHLFFAU86CA,22,70.77,住家用,鋼筋混凝土造,82年11月8日,六層,三層
RPQNMLRKLHLFFAU86CA,22,28.28,共有部份,鋼筋混凝土造,82年11月8日,六層,
RPPOMLTJLHLFFAU96CA,28,9.37,共有部份,鋼筋混凝土造,76年11月17日,七層,
RPPOMLTJLHLFFAU96CA,28,29.40,住家用,鋼筋混凝土造,76年11月17日,七層,五層
RPOOMLLKLHLFFAU78CA,20,18.02,住家用,鋼筋混凝土造,84年8月19日,十一層,五層
RPOOMLLKLHLFFAU78CA,20,6.23,共有部份,鋼筋混凝土造,84年8月19日,十一層,
RPOOMLMJLHLFFAU78CA,19,191.53,住家用,鋼筋混凝土造,86年4月29日,四層,一層 二層 三層 四層 停車場
RPSNMLLJLHLFFAU98CA,2,266.71,見其他登記事項,鋼筋混凝土造,103年5月6日,九層,三層
RPSNMLLJLHLFFAU98CA,2,149.71,共有部份,鋼筋混凝土造,103年5月6日,九層,
RPSNMLLJLHLFFAU98CA,2,57.53,共有部份,鋼筋混凝土造,103年5月6日,九層,
RPTOMLTJLHLFFAU37CA,27,85.54,住家用,鋼筋混凝土造,77年8月16日,五層,三層
RPTOMLTJLHLFFAU37CA,27,.61,共有部份,鋼筋混凝土造,77年8月16日,五層,
RPTOMLTJLHLFFAU37CA,27,7.34,見其他登記事項,鋼筋混凝土造,77年8月16日,五層,
RPTOMLTJLHLFFAU37CA,27,7.07,共有部份,鋼筋混凝土造,77年8月16日,五層,
RPVNMLQKLHLFFAU27CA,15,1087.95,住商用,鋼筋混凝土造,89年7月20日,四層,二層 三層 一層 四層 屋頂突出物 走廊
RPVNMLQKLHLFFAU27CA,15,86.13,共有部份,鋼筋混凝土造,89年7月20日,四層,
RPVNMLQKLHLFFAU27CA,15,243.30,商業用,鋼筋混凝土造,89年7月20日,四層,一層
RPVNMLQKLHLFFAU27CA,15,28.71,共有部份,鋼筋混凝土造,89年7月20日,四層,
RPPOMLLLLHLFFAU98CA,24,158.17,住家用,鋼筋混凝土造,81年3月18日,三層,一層 二層 三層
RPWNMLPKLHLFFAU27CA,9,192.73,住家用,鋼筋混凝土造,95年8月11日,三層,一層 二層 三層 見其他登記事項
RPROMLLLLHLFFAU56CA,13,111.98,住家用,鋼筋混凝土造,91年12月2日,十三層,九層
RPROMLLLLHLFFAU56CA,13,64.16,共有部份,鋼筋混凝土造,91年12月2日,十三層,
RPQNMLRJLHLFFCU96CA,30,179.53,住家用,鋼筋混凝土加強磚造,74年11月1日,二層,一層 二層
RPPOMLLKLHLFFAU88CA,41,72.96,住家用,鋼筋混凝土加強磚造,64年4月18日,二層,一層 二層 騎樓
RPWNMLSLLHLFFAU67CA,43,169.66,住家用,加強磚造,62年1月1日,二層,一層 二層
RPRNMLTJLHLFFAU07CA,21,148.98,住家用,鋼筋混凝土造,83年7月14日,四層,一層 二層 三層 四層
RPXNMLNJLHLFFAU07CA,11,189.15,住家用,鋼筋混凝土造,94年4月21日,四層,三層 四層 一層 二層
RPPNMLSJLHLFFAU76CA,18,85.20,住家用,鋼筋混凝土造,86年5月24日,七層,三層
RPROMLMJLHLFFAU09CA,18,256.85,住家用,鋼筋混凝土造,87年5月7日,四層,一層 二層 三層 四層 屋頂突出物 停車場
RPQNMLLKLHLFFAU88CA,22,82.10,住家用,鋼筋混凝土造,82年9月25日,八層,五層
RPQNMLLKLHLFFAU88CA,22,38.46,共有部份,鋼筋混凝土造,82年9月25日,八層,
RPTNMLTJLHLFFAU27CA,9,189.84,住家用,鋼筋混凝土造,95年12月29日,四層,一層 二層 三層 四層
RPQOMLNJLHLFFAU09CA,20,63.57,住家用,鋼筋混凝土造,85年2月7日,四層,二層
RPQOMLNJLHLFFAU09CA,20,9.33,共有部份,鋼筋混凝土造,85年2月7日,四層,
RPOOMLNJLHLFFAU88CA,,381.49,住家用,鋼筋混凝土造,105年1月14日,四層,一層 二層 三層 四層 屋頂突出物 見其他登記事項
RPSNMLOKLHLFFAU76CA,22,103.95,住家用,鋼筋混凝土造,82年10月15日,六層,三層
RPSNMLOKLHLFFAU76CA,22,39.36,共有部份,鋼筋混凝土造,82年10月15日,六層,
RPRNMLQJMHLFFAU86CA,5,14.03,見其他登記事項,鋼筋混凝土造,100年1月21日,十二層,
RPRNMLQJMHLFFAU86CA,5,48.55,共有部份,鋼筋混凝土造,100年1月21日,十二層,
RPRNMLQJMHLFFAU86CA,5,108.27,見其他登記事項,鋼筋混凝土造,100年1月21日,十二層,八層
RPRNMLQJMHLFFAU86CA,5,.15,共有部份,鋼筋混凝土造,100年1月21日,十二層,
RPOOMLSLLHLFFAU96CA,12,85.76,住家用,鋼筋混凝土造,92年9月8日,六層,二層
RPOOMLSLLHLFFAU96CA,12,41.06,共有部份,鋼筋混凝土造,92年9月8日,六層,
RPWNMLLKLHLFFAU86CA,18,215.58,住商用,鋼筋混凝土造,86年12月26日,四層,一層 二層 三層 四層
RPPNMLNJLHLFFCU09CA,43,123.15,住家用,磚造,61年10月1日,一層,一層 騎樓
RPQNMLKMLHLFFCU56CA,40,25.96,住商用,鋼筋混凝土加強磚造,65年7月3日,三層,一層 二層 三層 騎樓
RPOOMLNLLHLFFAU09CA,42,34.25,住家用,加強磚造,,一層,一層
RPXNMLSLLHLFFAU77CA,38,93.36,住家用,鋼筋混凝土加強磚造,67年3月1日,一層,一層 騎樓
RPPNMLRJLHLFFCU07EA,33,83.80,住家用,鋼筋混凝土加強磚造,71年9月4日,二層,一層 二層
RPPOMLNLLHLFFAU56CA,21,32.20,住家用,鋼筋混凝土造,83年11月15日,十二層,十一層
RPOOMLKKLHLFFAU68CA,17,15.99,共有部份,鋼筋混凝土造,87年10月9日,五層,
RPOOMLKKLHLFFAU68CA,17,112.98,住家用,鋼筋混凝土造,87年10月9日,五層,五層
RPOOMLKKLHLFFAU68CA,17,37.00,共有部份,鋼筋混凝土造,87年10月9日,五層,
RPOOMLKKLHLFFAU68CA,17,.56,住家用,鋼筋混凝土造,87年10月9日,五層,
RPOOMLKKLHLFFAU68CA,17,14.21,共有部份,鋼筋混凝土造,87年10月9日,五層,
RPOOMLKKLHLFFAU68CA,17,26.59,共有部份,鋼筋混凝土造,87年10月9日,五層,
RPRNMLSJLHLFFAU96CA,26,209.65,住家用,鋼筋混凝土造,79年5月2日,二層,一層 二層 屋頂突出物 騎樓
RPRNMLOKLHLFFAU66CA,22,148.22,住家用,鋼筋混凝土造,83年4月11日,三層,一層 二層 三層
RPSNMLTJLHLFFAU17CA,22,45.67,住家用,鋼筋混凝土造,83年1月10日,九層,五層
RPSNMLTJLHLFFAU17CA,22,12.55,共有部份,鋼筋混凝土造,83年1月10日,九層,
RPXNMLOJLHLFFAU17CA,17,113.78,住家用,鋼筋混凝土造,88年5月20日,五層,四層 五層 見其他登記事項
RPXNMLOJLHLFFAU17CA,17,13.40,停車空間,鋼筋混凝土造,88年5月20日,五層,
RPXNMLOJLHLFFAU17CA,17,25.67,共有部份,鋼筋混凝土造,88年5月20日,五層,
RPXNMLPLLHLFFAU47CA,22,123.60,住家用,鋼筋混凝土造,82年10月15日,七層,四層
RPXNMLPLLHLFFAU47CA,22,28.64,共有部份,鋼筋混凝土造,82年10月15日,七層,
RPVNMLPLLHLFFAU27CA,,341.95,住家用,鋼筋混凝土造,104年11月30日,四層,一層 二層 三層 四層 騎樓 見其他登記事項
RPRNMLMKLHLFFAU09CA,17,120.96,住家用,鋼筋混凝土造,88年4月14日,五層,四層
RPRNMLMKLHLFFAU09CA,17,12.91,共有部份,鋼筋混凝土造,88年4月14日,五層,
RPRNMLMKLHLFFAU09CA,17,8.26,共有部份,鋼筋混凝土造,88年4月14日,五層,
RPVNMLPKLHLFFAU17CA,35,119.37,住商用,鋼筋混凝土加強磚造,69年9月25日,二層,一層 二層 騎樓
RPUNMLPKLHLFFAU07CA,20,195.05,住商用,鋼筋混凝土造,84年12月27日,四層,一層 二層 三層 四層
RPUNMLPKLHLFFAU07CA,20,75.60,見其他登記事項,鋼筋混凝土造,84年12月27日,四層,
RPQNMLTLLHLFFBU27CA,15,5773.57,見其他登記事項,鋼筋混凝土造,89年11月18日,三層,一層 二層 三層 屋頂突出物
RPROMLMLLHLFFAU86EA,36,106.44,住商用,鋼筋混凝土加強磚造,68年8月29日,二層,一層 二層 騎樓
RPPNMLRKLHLFFCU96CA,22,181.03,住家用,鋼筋混凝土造,82年9月8日,三層,一層 二層 三層
RPOPMLLKLHLFFAU98DA,7,112.70,農舍,鋼筋混凝土造,97年8月29日,三層,一層 二層 三層
RPVOMLKKLHLFFAU76CA,,223.24,住家用,鋼筋混凝土造,104年12月21日,三層,一層 二層 三層
RPWNMLSKNHLFFAU77CA,30,97.13,住家用,鋼筋混凝土造,74年11月29日,五層,三層
RPWNMLSKNHLFFAU77CA,30,13.79,共有部份,鋼筋混凝土造,74年11月29日,五層,
RPSNMLLMLHLFFAU66CA,,275.46,農舍,見其他登記事項,104年11月23日,三層,一層 二層 三層 屋頂突出物
RPUOMLKKLHLFFAU66CA,,252.88,住家用,鋼筋混凝土造,104年12月21日,三層,一層 二層 三層
RPSNMLSJLHLFFAU07CA,37,115.94,住商用,鋼筋混凝土加強磚造,67年12月5日,二層,
RPROMLPLLHLFFAU17EA,24,251.19,住家用,鋼筋混凝土造,81年3月7日,三層,一層 二層 三層
RPTNMLKKLHLFFAU09CA,19,165.37,住家用,鋼筋混凝土造,86年5月13日,三層,一層 二層 三層
RPUNMLQKLHLFFAU17CA,21,55.73,住家用,鋼筋混凝土造,83年8月31日,七層,六層
RPUNMLQKLHLFFAU17CA,21,26.10,共有部份,鋼筋混凝土造,83年8月31日,七層,
RPVOMLKMLHLFFAU96CA,,248.84,住家用,鋼筋混凝土造,104年12月9日,四層,一層 二層 三層 四層
RPUNMLLLLHLFFAU76CA,34,71.18,住家用,鋼筋混凝土加強磚造,71年5月27日,四層,四層
RPUNMLLLLHLFFAU76CA,34,5.80,共有部份,鋼筋混凝土加強磚造,71年5月27日,四層,
RPVNMLLLLHLFFAU86CA,27,49.04,住家用,鋼筋混凝土造,78年6月3日,五層,三層
RPVNMLLLLHLFFAU86CA,27,4.58,共有部份,鋼筋混凝土造,78年6月3日,五層,
RPVNMLLLLHLFFAU86CA,27,5.73,共有部份,鋼筋混凝土造,78年6月3日,五層,
RPUOMLLKLHLFFAU76CA,21,47.42,住家用,鋼筋混凝土造,84年6月8日,七層,七層
RPUOMLLKLHLFFAU76CA,21,10.19,共有部份,鋼筋混凝土造,84年6月8日,七層,
RPUOMLLKLHLFFAU76CA,21,9.55,共有部份,鋼筋混凝土造,84年6月8日,七層,
RPXOMLLKLHLFFAU17DA,7,112.70,農舍,鋼筋混凝土造,97年8月29日,三層,一層 二層 三層
RPROMLQJMHLFFAU96CA,35,178.92,住商用,鋼筋混凝土造,70年3月7日,三層,一層 二層 三層 騎樓
RPRNMLKKLHLFFAU09EA,18,146.32,住家用,鋼筋混凝土造,87年8月19日,二層,一層 二層 騎樓
RPSNMLRKLHLFFCU27CA,35,184.47,住商用,鋼筋混凝土加強磚造,70年2月24日,三層,一層 二層 三層 騎樓
RPTNMLOKLHLFFAU07EA,21,24.42,住家用,鋼筋混凝土造,83年11月15日,十二層,七層
RPTNMLOKLHLFFAU07EA,21,3.98,共有部份,鋼筋混凝土造,83年11月15日,十二層,
RPTNMLOKLHLFFAU07EA,21,7.54,共有部份,鋼筋混凝土造,83年11月15日,十二層,
RPTOMLLKLHLFFAU86EA,21,83.45,住家用,鋼筋混凝土造,84年5月16日,八層,五層
RPTOMLLKLHLFFAU86EA,21,43.16,共有部份,鋼筋混凝土造,84年5月16日,八層,
RPQNMLQKLHLFFAU76CA,40,127.60,住商用,鋼筋混凝土加強磚造,64年11月15日,二層,二層 騎樓 一層
RPPNMLOKLHLFFAU09CA,36,117.70,住家用,鋼筋混凝土加強磚造,69年4月7日,二層,一層 二層
RPPPMLLKLHLFFAU98CA,19,82.70,住家用,鋼筋混凝土造,85年10月29日,十六層,三層
RPPPMLLKLHLFFAU98CA,19,14.81,共有部份,鋼筋混凝土造,85年10月29日,十六層,
RPPPMLLKLHLFFAU98CA,19,14.47,停車空間,鋼筋混凝土造,85年10月29日,十六層,
RPPPMLLKLHLFFAU98CA,19,23.03,共有部份,鋼筋混凝土造,85年10月29日,十六層,
RPPNMLKKLHLFFCU09EA,26,290.98,住商用,鋼筋混凝土造,79年3月27日,四層,一層 二層 三層 四層 騎樓
RPWNMLQKLHLFFAU37CA,19,59.13,住家用,鋼筋混凝土造,85年10月29日,十六層,十三層
RPWNMLQKLHLFFAU37CA,19,10.93,共有部份,鋼筋混凝土造,85年10月29日,十六層,
RPWNMLQKLHLFFAU37CA,19,17.36,共有部份,鋼筋混凝土造,85年10月29日,十六層,
RPTNMLTLLHLFFAU47CA,24,52.15,住家用,鋼筋混凝土造,81年4月22日,五層,五層
RPTNMLLKLHLFFAU56CA,44,118.38,住家用,鋼筋混凝土造,61年5月5日,二層,一層 二層 騎樓
RPOOMLQKLHLFFAU66CA,35,100.05,住家用,鋼筋混凝土加強磚造,70年2月2日,二層,一層 二層
RPSNMLLKLHLFFAU09CA,,234.57,住家用,鋼筋混凝土造,105年1月11日,四層,一層 二層 三層 四層
RPQNMLOKLHLFFAU56CA,,251.85,住家用,鋼筋混凝土造,104年12月21日,四層,一層 二層 三層 四層
RPPNMLQKLHLFFAU66CA,16,49.58,住家用,鋼筋混凝土造,88年12月8日,五層,三層
RPPNMLQKLHLFFAU66CA,16,22.58,共有部份,鋼筋混凝土造,88年12月8日,五層,
RPUOMLMLLHLFFAU96CA,35,84.30,住家用,見其他登記事項,,二層,一層 二層
RPXNMLQKLHLFFAU47CA,27,20.48,商業用,鋼筋混凝土造,78年6月30日,十層,二層
RPXNMLQKLHLFFAU47CA,29,3.28,共有部份,鋼筋混凝土造,76年6月30日,十層,
RPXNMLQKLHLFFAU47CA,27,25.53,商業用,鋼筋混凝土造,78年6月30日,十層,二層
RPXNMLQKLHLFFAU47CA,29,3.28,共有部份,鋼筋混凝土造,76年6月30日,十層,
RPSOMLNLLHLFFAU86CA,35,537.96,商業用,鋼筋混凝土造,69年7月22日,三層,一層 二層 三層 防空避難室 騎樓
RPSOMLNLLHLFFAU86CA,35,114.15,住家用,鋼筋混凝土造,69年7月22日,三層,一層 騎樓
RPSOMLNLLHLFFAU86CA,35,120.18,住家用,鋼筋混凝土造,69年7月22日,三層,二層
RPSOMLNLLHLFFAU86CA,35,47.27,共有部份,鋼筋混凝土造,69年7月22日,三層,
RPSOMLNLLHLFFAU86CA,35,120.18,住家用,鋼筋混凝土造,69年7月22日,三層,三層
RPQNMLSKLHLFFAU96CA,17,95.45,住家用,鋼筋混凝土造,88年4月14日,五層,三層
RPQNMLSKLHLFFAU96CA,17,9.87,共有部份,鋼筋混凝土造,88年4月14日,五層,
RPQNMLSKLHLFFAU96CA,17,6.40,共有部份,鋼筋混凝土造,88年4月14日,五層,
RPXOMLMLLHLFFAU27CA,22,136.73,住家用,鋼筋混凝土造,82年10月29日,三層,一層 二層 三層
RPQNMLLKLHLFFCU09CA,40,188.58,住商用,鋼筋混凝土加強磚造,64年11月17日,二層,一層 二層 騎樓
RPPNMLOKLHLFFCU86EA,31,103.40,住家用,鋼筋混凝土加強磚造,74年1月1日,二層,一層 二層
RPSNMLQKLHLFFAU96CA,8,215.57,住家用,鋼筋混凝土造,96年8月27日,四層,一層 二層 三層 四層
RPOOMLPKLHLFFAU76EA,,271.24,農舍,鋼筋混凝土造,105年1月13日,二層,二層 一層
RPPNMLSKLHLFFAU86CA,38,70.78,住家用,鋼筋混凝土加強磚造,67年5月22日,二層,一層 二層
RPPNMLRKLHLFFAU76CA,8,193.51,住家用,鋼筋混凝土造,96年12月27日,四層,一層 二層 三層 四層
RPOOMLLJMHLFFAU78CA,24,26.47,住家用,鋼筋混凝土造,81年5月23日,五層,四層
RPOOMLLJMHLFFAU78CA,24,3.37,共有部份,鋼筋混凝土造,81年5月23日,五層,
RPUNMLRKLHLFFAU27CA,31,99.23,住家用,鋼筋混凝土加強磚造,73年12月11日,二層,一層 二層
RPQOMLLJMHLFFAU98CA,13,274.54,住家用,鋼筋混凝土造,92年5月16日,四層,一層 二層 三層 四層 見其他登記事項
RPQOMLKMLHLFFAU09CA,,245.29,農舍,鋼筋混凝土造,105年1月7日,三層,一層 二層 三層
RPUNMLRKLHLFFAU47EA,33,106.68,住商用,鋼筋混凝土造,71年10月21日,二層,一層 二層 騎樓
RPRNMLPLLHLFFAU86CA,1,390.56,住家用,鋼筋混凝土造,103年10月15日,四層,一層 二層 三層 四層 屋頂突出物 騎樓
RPXNMLMLLHLFFAU27DA,21,121.22,住家用,鋼筋混凝土造,83年10月6日,七層,三層
RPXNMLMLLHLFFAU27DA,21,46.69,共有部份,鋼筋混凝土造,83年10月6日,七層,
RPUOMLKMLHLFFAU86CA,38,95.29,住家用,鋼筋混凝土加強磚造,66年11月14日,二層,一層 二層
RPVNMLQLLHLFFAU37CA,43,158.35,住商用,鋼筋混凝土加強磚造,61年12月1日,二層,一層 二層 三層 騎樓 地下層
RPTNMLRKLHLFFAU27DA,2,284.97,住家用,鋼筋混凝土造,103年8月8日,三層,一層 二層 三層 屋頂突出物 騎樓
RPRNMLRKLHLFFAU96CA,12,209.39,住家用,鋼筋混凝土造,93年5月26日,四層,一層 二層 三層 四層
RPTOMLMLLHLFFAU86CA,10,224.50,住商用,鋼筋混凝土造,94年12月5日,三層,一層 二層 三層 屋頂突出物 見其他登記事項
RPVNMLRKLHLFFAU37CA,38,90.91,住家用,鋼筋混凝土造,67年6月19日,二層,一層 二層
RPQOMLLKMHLFFAU09CA,35,94.56,住家用,鋼筋混凝土加強磚造,70年4月22日,二層,一層 二層
RPSNMLSLLHLFFBU37CA,39,68.24,住家用,磚造,66年1月13日,一層,一層
RPVOMLMKMHLFFAU07CA,27,134.21,住家用,鋼筋混凝土造,78年1月13日,二層,一層 二層 屋頂突出物
RPROMLLKMHLFFAU56CA,30,70.12,住家用,鋼筋混凝土造,75年3月18日,五層,二層
RPROMLLKMHLFFAU56CA,30,10.55,共有部份,鋼筋混凝土造,75年3月18日,五層,
RPSNMLSJMHLFFAU17CA,20,86.66,住家用,鋼筋混凝土造,85年2月17日,五層,二層
RPSNMLSJMHLFFAU17CA,20,17.54,共有部份,鋼筋混凝土造,85年2月17日,五層,
RPUNMLLKMHLFFAU76CA,39,105.86,住商用,鋼筋混凝土加強磚造,66年3月10日,二層,一層 二層 騎樓
RPWOMLMLLHLFFAU17CA,21,54.91,住家用,鋼筋混凝土造,84年6月30日,七層,五層
RPWOMLMLLHLFFAU17CA,21,8.96,共有部份,鋼筋混凝土造,84年6月30日,七層,
RPWOMLMLLHLFFAU17CA,21,11.52,共有部份,鋼筋混凝土造,84年6月30日,七層,
RPTNMLQLLHLFFAU17CA,34,89.44,住家用,鋼筋混凝土造,70年12月28日,五層,四層
RPTNMLQLLHLFFAU17CA,34,12.50,共有部份,鋼筋混凝土造,70年12月28日,五層,
RPSNMLQLLHLFFAU07CA,21,18.16,住家用,鋼筋混凝土造,83年11月15日,十二層,十層
RPSNMLQLLHLFFAU07CA,21,5.58,共有部份,鋼筋混凝土造,83年11月15日,十二層,
RPSNMLQLLHLFFAU07CA,21,2.98,共有部份,鋼筋混凝土造,83年11月15日,十二層,
RPXNMLLJMHLFFAU96CA,16,100.45,住家用,鋼筋混凝土造,89年5月9日,六層,四層
RPXNMLLJMHLFFAU96CA,16,36.92,共有部份,鋼筋混凝土造,89年5月9日,六層,
RPQNMLKMLHLFFAU56EA,22,25.71,住家用,鋼筋混凝土造,83年4月14日,六層,六層
RPQNMLKMLHLFFAU56EA,22,8.76,共有部份,鋼筋混凝土造,83年4月14日,六層,
RPQNMLMLLHLFFCU66CA,39,128.01,住家用,鋼筋混凝土加強磚造,66年4月7日,二層,一層 二層 騎樓
RPPNMLLLLHLFFCU66EA,47,145.27,住商用,鋼筋混凝土加強磚造,58年1月7日,二層,一層 二層 騎樓
RPOOMLMLLHLFFAU56EA,23,234.96,住商用,鋼筋混凝土造,81年12月5日,四層,一層 二層 三層 四層 騎樓
RPPNMLMLLHLFFCU56CA,37,99.90,住家用,鋼筋混凝土加強磚造,68年7月11日,二層,一層 二層
RPRNMLKMLHLFFAU66EA,36,139.82,住商用,鋼筋混凝土加強磚造,68年12月28日,二層,一層 二層 屋頂突出物 騎樓 夾層
RPPNMLPLLHLFFAU66CA,36,74.80,住家用,鋼筋混凝土加強磚造,69年7月19日,二層,一層 二層
RPWNMLLMLHLFFAU17DA,28,39.62,住家用,鋼筋混凝土造,76年11月4日,七層,六層
RPWNMLLMLHLFFAU17DA,28,11.69,共有部份,鋼筋混凝土造,76年11月4日,七層,
RPRNMLSKLHLFFAU27EA,39,112.20,住商用,鋼筋混凝土加強磚造,66年4月19日,二層,一層 二層 騎樓
RPWNMLQJMHLFFAU47DA,25,498.84,住家用,鋼筋混凝土造,80年5月21日,十層,六層
RPWNMLQJMHLFFAU47DA,25,87.56,共有部份,鋼筋混凝土造,80年5月21日,十層,
RPPOMLKMLHLFFAU98CA,28,114.72,住家用,鋼筋混凝土造,77年6月20日,五層,三層
RPPOMLKMLHLFFAU98CA,28,14.11,共有部份,鋼筋混凝土造,77年6月20日,五層,
RPQPMLPLLHLFFAU96CA,32,8.32,共有部份,鋼筋混凝土造,72年9月10日,四層,
RPQPMLPLLHLFFAU96CA,32,78.48,住家用,鋼筋混凝土造,72年9月10日,四層,四層
RPPNMLNLLHLFFAU09CA,32,75.95,住家用,鋼筋混凝土造,72年9月10日,四層,四層
RPPNMLNLLHLFFAU09CA,32,7.03,共有部份,鋼筋混凝土造,72年9月10日,四層,
RPQNMLPKMHLFFAU76CA,39,96.95,住商用,鋼筋混凝土加強磚造,66年2月22日,二層,一層 二層 騎樓
RPWNMLLKMHLFFAU96CA,,191.72,住家用,鋼筋混凝土造,105年2月3日,二層,一層 二層 見其他登記事項
RPVNMLLKMHLFFAU86CA,,191.72,住家用,鋼筋混凝土造,105年2月3日,二層,一層 二層 見其他登記事項
RPQNMLSJMHLFFAU96CA,19,87.11,住家用,鋼筋混凝土造,86年1月6日,七層,一層
RPQNMLSJMHLFFAU96CA,19,20.30,共有部份,鋼筋混凝土造,86年1月6日,七層,
RPQNMLSJMHLFFAU96CA,19,13.50,共有部份,鋼筋混凝土造,86年1月16日,七層,
RPQNMLSJMHLFFAU96CA,19,77.87,住家用,鋼筋混凝土造,86年1月6日,七層,一層
RPQNMLSJMHLFFAU96CA,19,17.80,共有部份,鋼筋混凝土造,86年1月6日,七層,
RPQNMLSJMHLFFAU96CA,19,11.77,共有部份,鋼筋混凝土造,86年1月16日,七層,
RPQOMLPKMHLFFAU86CA,35,213.05,見其他登記事項,鋼筋混凝土造,70年6月18日,三層,一層 二層 三層 防空避難室 騎樓
RPXNMLNLLHLFFAU27CA,4,190.87,住家用,鋼筋混凝土造,100年12月6日,三層,一層 二層 三層 見其他登記事項
RPROMLNLLHLFFAU76CA,3,211.19,住家用,鋼筋混凝土造,102年2月6日,三層,一層 二層 三層
RPPNMLOLLHLFFAU56CA,10,228.44,住商用,鋼筋混凝土造,95年3月22日,四層,一層 二層 三層 四層 騎樓
RPTNMLPLLHLFFAU07CA,19,48.01,住家用,鋼筋混凝土造,85年10月29日,十六層,十五層
RPTNMLPLLHLFFAU07CA,19,8.46,共有部份,鋼筋混凝土造,85年10月29日,十六層,
RPTNMLPLLHLFFAU07CA,19,13.21,共有部份,鋼筋混凝土造,85年10月29日,十六層,
RPQNMLOLLHLFFAU66CA,,340.89,農舍,鋼筋混凝土造,105年1月13日,四層,一層 二層 三層 四層 屋頂突出物
RPQNMLMLLHLFFAU09CA,23,152.32,住商用,鋼筋混凝土造,82年3月26日,三層,一層 二層 三層 屋頂突出物 騎樓
RPXNMLLMLHLFFAU17CA,21,22.56,住家用,鋼筋混凝土造,83年11月15日,十二層,八層
RPXNMLLMLHLFFAU17CA,21,7.20,共有部份,鋼筋混凝土造,83年11月15日,十二層,
RPXNMLLMLHLFFAU17CA,21,3.78,共有部份,鋼筋混凝土造,83年11月15日,十二層,
RPQNMLPLLHLFFAU76CA,43,33.58,住家用,鋼筋混凝土加強磚造,62年9月1日,一層,一層
RPPNMLPKMHLFFCU07EA,21,106.60,住商用,鋼筋混凝土加強磚造,84年7月24日,二層,一層 二層 屋頂突出物
RPUNMLQLLHLFFAU27CA,20,46.98,商業用,鋼筋混凝土造,84年11月4日,十層,一層
RPUNMLQLLHLFFAU27CA,20,8.57,共有部份,鋼筋混凝土造,84年11月4日,十層,
RPUNMLQLLHLFFAU27CA,20,11.03,共有部份,鋼筋混凝土造,84年11月4日,十層,
RPWNMLTLLHLFFAU77CA,,242.09,住家用,鋼筋混凝土造,104年11月10日,三層,一層 二層 三層 屋頂突出物
RPRNMLNLLHLFFAU66CA,26,188.18,住商用,鋼筋混凝土造,79年3月14日,三層,一層 二層 三層 屋頂突出物 騎樓
RPSOMLQJMHLFFAU07CA,31,142.96,住家用,鋼筋混凝土造,74年2月11日,二層,一層 二層 屋頂突出物
RPRNMLSJMHLFFAU07CA,17,118.90,住家用,鋼筋混凝土造,88年4月14日,五層,三層
RPRNMLSJMHLFFAU07CA,17,12.91,共有部份,鋼筋混凝土造,88年4月14日,五層,
RPRNMLSJMHLFFAU07CA,17,8.38,共有部份,鋼筋混凝土造,88年4月14日,五層,
RPQNMLSKMHLFFAU07CA,23,93.24,住家用,鋼筋混凝土造,82年1月11日,六層,三層
RPQNMLSKMHLFFAU07CA,23,34.40,共有部份,鋼筋混凝土造,82年1月11日,六層,
RPTOMLLKMHLFFAU76CA,20,17.14,農舍,鋼筋混凝土造,84年12月13日,一層,一層 屋頂突出物
RPPNMLSKMHLFFAU96CA,23,91.17,住家用,鋼筋混凝土造,82年1月11日,六層,三層
RPPNMLSKMHLFFAU96CA,23,33.82,共有部份,鋼筋混凝土造,82年1月11日,六層,
RPVNMLTLLHLFFAU67CA,,55.37,住家用,木造,,一層,一層
RPSNMLKMLHLFFAU56CA,,234.57,住家用,鋼筋混凝土造,105年1月11日,四層,一層 二層 三層 四層
RPQNMLSLLHLFFAU07CA,19,203.04,住家用,鋼筋混凝土造,86年4月28日,四層,一層 二層 三層 四層 防空避難室
RPTNMLOLLHLFFAU96CA,22,40.03,商業用,鋼筋混凝土造,83年6月30日,十二層,六層
RPTNMLOLLHLFFAU96CA,22,6.14,共有部份,鋼筋混凝土造,83年6月30日,十二層,
RPTNMLOLLHLFFAU96CA,22,9.98,共有部份,鋼筋混凝土造,83年6月30日,十二層,
RPSOMLKMLHLFFAU66CA,5,252.96,住家用,鋼筋混凝土造,100年7月5日,四層,一層 二層 三層 四層
RPPNMLTKMHLFFAU07CA,19,43.77,住家用,鋼筋混凝土造,85年9月20日,五層,五層
RPPNMLTKMHLFFAU07CA,19,9.65,共有部份,鋼筋混凝土造,85年9月20日,五層,
RPWNMLKMLHLFFAU96CA,15,107.81,住家用,鋼筋混凝土造,90年4月23日,四層,三層
RPWNMLKMLHLFFAU96CA,15,26.47,見其他登記事項,鋼筋混凝土造,90年4月23日,四層,
RPSNMLPLLHLFFAU96CA,5,164.49,農舍,鋼筋混凝土造,100年2月17日,一層,一層
RPRNMLRJMHLFFCU17CA,21,84.08,住家用,鋼筋混凝土造,83年10月11日,四層,一層
RPSNMLPKMHLFFAU96CA,16,100.45,住家用,鋼筋混凝土造,89年5月9日,六層,六層
RPSNMLPKMHLFFAU96CA,16,36.92,共有部份,鋼筋混凝土造,89年5月9日,六層,
SPUNMLRJMHLFFAU37CA,,263.60,住家用,鋼筋混凝土造,104年11月27日,三層,一層 二層 三層 屋頂突出物
RPTOMLKMLHLFFAU76CA,21,87.55,住家用,鋼筋混凝土造,84年3月2日,十七層,九層
RPTOMLKMLHLFFAU76CA,21,20.13,共有部份,鋼筋混凝土造,84年3月2日,十七層,
RPRNMLTLLHLFFAU27CA,,236.75,住家用,鋼筋混凝土造,104年8月24日,四層,一層 二層 三層 四層
RPSNMLLJMHLFFAU09CA,,233.19,農舍,鋼筋混凝土造,104年12月31日,三層,一層 二層 三層 見其他登記事項
RPWOMLKLMHLFFAU07CA,37,118.87,住商用,鋼筋混凝土加強磚造,68年2月1日,二層,一層 二層 騎樓
RPRNMLOKMHLFFAU76CA,31,211.28,住商用,鋼筋混凝土造,74年4月24日,三層,一層 二層 三層 屋頂突出物 騎樓 地下層
RPUNMLRJMHLFFAU27CA,,263.60,住家用,鋼筋混凝土造,104年11月27日,三層,一層 二層 三層 屋頂突出物
RPTNMLOKMHLFFCU27DA,28,143.07,住商用,鋼筋混凝土造,76年10月19日,二層,一層 二層 屋頂突出物 騎樓
RPPNMLLKMHLFFBU56EA,20,170.48,住商用,鋼筋混凝土造,85年7月10日,四層,一層 二層 三層 四層
RPQNMLLLMHLFFCU66CA,31,128.48,住家用,鋼筋混凝土造,74年6月17日,二層,一層 二層 騎樓
RPTNMLLJMHLFFAU56CA,35,90.88,住家用,鋼筋混凝土加強磚造,70年6月5日,二層,一層 二層
RPPOMLMKMHLFFAU66EA,24,33.89,住家用,鋼筋混凝土造,81年4月22日,五層,二層
RPPOMLMKMHLFFAU66EA,24,5.19,共有部份,鋼筋混凝土造,81年4月22日,五層,
RPROMLLJMHLFFAU09CA,20,56.70,住家用,鋼筋混凝土造,84年11月4日,十層,六層
RPROMLLJMHLFFAU09CA,20,9.32,共有部份,鋼筋混凝土造,84年11月4日,十層,
RPROMLLJMHLFFAU09CA,20,12.25,共有部份,鋼筋混凝土造,84年11月4日,十層,
RPPNMLSLLHLFFCU17CA,29,161.14,住商用,鋼筋混凝土造,76年2月20日,二層,一層 二層 騎樓
RPPNMLQJMHLFFCU86CA,5,328.55,住家用,鋼筋混凝土造,100年5月20日,三層,一層 二層 三層 騎樓 見其他登記事項
RPPNMLLJMHLFFAU88DA,20,26.93,住家用,鋼筋混凝土造,84年12月6日,五層,三層
RPPNMLLJMHLFFAU88DA,20,6.76,共有部份,鋼筋混凝土造,84年12月6日,五層,
RPUNMLKMLHLFFAU76CA,,82.88,住家用,鋼筋混凝土造,,二層,一層 二層
RPUNMLTLLHLFFAU57CA,,203.32,住家用,鋼筋混凝土造,104年12月4日,三層,一層 二層 三層 屋頂突出物
RPQNMLOKMHLFFAU66CA,35,93.12,住家用,鋼筋混凝土加強磚造,70年5月25日,二層,一層 二層
RPVNMLLMLHLFFAU96CA,11,196.71,住家用,鋼筋混凝土造,94年5月3日,三層,一層 二層 三層 屋頂突出物
RPXNMLTLLHLFFAU87CA,20,26.86,住家用,鋼筋混凝土造,85年2月2日,十層,七層
RPXNMLTLLHLFFAU87CA,20,3.99,共有部份,鋼筋混凝土造,85年2月2日,十層,
RPXNMLTLLHLFFAU87CA,20,11.91,共有部份,鋼筋混凝土造,85年2月2日,十層,
RPXNMLTLLHLFFAU87CA,20,.74,共有部份,鋼筋混凝土造,85年2月2日,十層,
RPVOMLKLMHLFFAU96CA,21,47.27,住家用,鋼筋混凝土造,84年8月31日,六層,四層
RPVOMLKLMHLFFAU96CA,21,25.92,共有部份,鋼筋混凝土造,84年8月31日,六層,
RPPOMLQJMHLFFAU76CA,38,111.14,住商用,鋼筋混凝土加強磚造,67年1月7日,二層,一層 二層 騎樓
RPXNMLOKMHLFFAU37CA,20,228.99,住家用,鋼筋混凝土造,85年2月15日,四層,一層 二層 三層 四層
RPXNMLOKMHLFFAU37CA,20,228.99,住家用,鋼筋混凝土造,85年2月15日,四層,一層 二層 三層 四層
RPPNMLNLMHLFFAU56CA,22,51.31,住家用,鋼筋混凝土造,82年12月16日,五層,四層
RPPNMLNLMHLFFAU56CA,22,7.89,共有部份,鋼筋混凝土造,82年12月16日,五層,
RPTNMLLLMHLFFAU76CA,38,108.72,住商用,鋼筋混凝土加強磚造,67年3月6日,二層,二層 屋頂突出物 騎樓 一層
RPQNMLNLMHLFFAU66CA,17,245.21,住家用,鋼筋混凝土造,87年10月2日,三層,一層 二層 三層 屋頂突出物 車庫
RPTNMLMKMHLFFAU76CA,38,64.50,住家用,鋼筋混凝土加強磚造,66年12月1日,一層,一層
RPSOMLLMLHLFFAU76CA,32,186.46,住商用,鋼筋混凝土造,72年8月31日,三層,一層 二層 三層 屋頂突出物 騎樓
RPPNMLQJMHLFFAU76DA,21,79.54,住家用,鋼筋混凝土造,84年3月20日,六層,六層
RPPNMLQJMHLFFAU76DA,21,32.08,共有部份,鋼筋混凝土造,84年3月20日,六層,
RPROMLSKMHLFFAU27CA,2,170.28,住家用,鋼筋混凝土造,103年3月11日,三層,三層 一層 二層
RPQNMLLMLHLFFAU09CA,22,31.05,住家用,鋼筋混凝土造,83年7月8日,六層,三層
RPQNMLLMLHLFFAU09CA,22,12.86,共有部份,鋼筋混凝土造,83年7月8日,六層,
RPQOMLLMLHLFFAU76EA,43,88.66,住家用,鋼筋混凝土加強磚造,62年8月28日,二層,一層 二層
RPTNMLTKMHLFFAU47CA,38,110.20,住家用,鋼筋混凝土造,67年5月18日,二層,一層 二層 屋頂突出物 騎樓
RPRNMLRJMHLFFAU17EA,35,93.12,住家用,鋼筋混凝土加強磚造,70年6月23日,二層,一層 二層
RPSNMLRJMHLFFCU27CA,24,259.96,住商用,鋼筋混凝土造,81年5月26日,三層,屋頂突出物 騎樓 一層 二層 三層
RPVNMLQJMHLFFAU27CA,,263.60,住家用,鋼筋混凝土造,104年11月27日,三層,一層 二層 三層 屋頂突出物
RPOOMLLMLHLFFAU98CA,,197.00,農舍,鋼筋混凝土造,105年2月24日,一層,一層 屋頂突出物
RPPNMLPKMHLFFAU66CA,31,84.27,住家用,鋼筋混凝土造,74年7月20日,七層,七層
RPPNMLPKMHLFFAU66CA,,22.93,共有部份,鋼筋混凝土造,,七層,
RPUOMLLJMHLFFAU86DA,22,136.73,住家用,鋼筋混凝土造,82年12月29日,三層,一層 二層 三層
RPSNMLMKMHLFFAU66CA,,307.76,住家用,鋼筋混凝土造,105年1月28日,四層,一層 二層 三層 四層
RPTOMLMKMHLFFAU86CA,21,.18,商業用,鋼筋混凝土造,84年3月21日,十三層,
RPTOMLMKMHLFFAU86CA,21,7.50,共有部份,鋼筋混凝土造,84年3月21日,十三層,
RPTOMLMKMHLFFAU86CA,21,81.44,住家用,鋼筋混凝土造,84年3月21日,十三層,四層
RPTOMLMKMHLFFAU86CA,21,8.65,共有部份,鋼筋混凝土造,84年3月21日,十三層,
RPTOMLMKMHLFFAU86CA,21,9.59,共有部份,鋼筋混凝土造,84年3月21日,十三層,
RPRNMLMKMHLFFAU56CA,,308.06,住家用,鋼筋混凝土造,105年1月28日,四層,二層 三層 一層 四層
RPVNMLKLMHLFFAU86CA,38,41.63,住家用,鋼筋混凝土加強磚造,67年5月22日,一層,一層
RPOOMLQJMHLFFAU66CA,35,100.05,住家用,鋼筋混凝土加強磚造,70年2月2日,二層,一層 二層
RPTOMLLJMHLFFAU66CA,,247.68,住家用,鋼筋混凝土造,105年1月11日,四層,一層 二層 三層 四層
RPUOMLLLMHLFFAU96CA,38,147.17,住商用,鋼筋混凝土加強磚造,67年4月12日,二層,一層 二層 屋頂突出物 騎樓
RPSOMLMLMHLFFAU86CA,21,98.92,住家用,鋼筋混凝土造,84年4月22日,六層,五層
RPSOMLMLMHLFFAU86CA,21,34.41,共有部份,鋼筋混凝土造,84年4月22日,六層,
RPPNMLMLMHLFFAU09CA,21,19.64,住家用,鋼筋混凝土造,84年3月3日,五層,五層
RPPNMLMLMHLFFAU09CA,21,5.22,共有部份,鋼筋混凝土造,84年3月3日,五層,
RPUNMLPLMHLFFAU27CA,1,225.25,住家用,鋼筋混凝土造,103年10月7日,四層,一層 二層 三層 四層
RPRNMLLLMHLFFAU56CA,,268.30,住家用,鋼筋混凝土造,105年1月28日,四層,一層 二層 三層 四層
RPXOMLKLMHLFFAU17CA,5,72.99,見其他登記事項,鋼筋混凝土造,100年1月21日,十二層,四層
RPXOMLKLMHLFFAU17CA,5,33.01,共有部份,鋼筋混凝土造,100年1月21日,十二層,
RPWNMLKLMHLFFAU96CA,,189.01,住家用,鋼筋混凝土造,104年11月10日,三層,一層 二層 三層 屋頂突出物
RPWNMLLJMHLFFAU86CA,38,91.73,住商用,鋼筋混凝土加強磚造,66年10月21日,二層,一層 二層 騎樓
RPSNMLQJMHLFFAU96CA,22,103.03,住家用,鋼筋混凝土造,83年5月18日,七層,四層
RPSNMLQJMHLFFAU96CA,22,25.52,共有部份,鋼筋混凝土造,83年5月18日,七層,
RPSNMLQJMHLFFAU96CA,22,24.63,見其他登記事項,鋼筋混凝土造,83年5月18日,七層,
RPPNMLRJMHLFFCU96CA,37,82.48,住家用,鋼筋混凝土造,68年3月1日,二層,一層 二層
RPPNMLRJMHLFFAU96EA,43,25.44,住家用,見其他登記事項,62年3月16日,一層,一層 騎樓
RPVNMLLLMHLFFAU96CA,19,44.26,住家用,鋼筋混凝土造,86年8月27日,九層,六層 七層
RPVNMLLLMHLFFAU96CA,19,8.48,共有部份,鋼筋混凝土造,86年8月27日,九層,
RPVNMLLLMHLFFAU96CA,19,6.66,共有部份,鋼筋混凝土造,86年8月27日,九層,
RPVNMLLLMHLFFAU96CA,19,50.03,共有部份,鋼筋混凝土造,86年8月27日,九層,
RPROMLLLMHLFFAU66CA,11,231.62,住商用,鋼筋混凝土造,94年3月15日,四層,四層 騎樓 一層 二層 三層
RPRNMLNLMHLFFAU76CA,20,81.85,住家用,鋼筋混凝土造,84年12月28日,六層,四層
RPRNMLNLMHLFFAU76CA,20,25.77,共有部份,鋼筋混凝土造,84年12月28日,六層,
RPSNMLNLMHLFFAU86CA,38,101.82,住商用,鋼筋混凝土加強磚造,67年5月15日,二層,一層 二層 騎樓
RPPOMLLLMHLFFAU09CA,23,50.35,住家用,鋼筋混凝土造,81年11月17日,六層,三層
RPPOMLLLMHLFFAU09CA,23,11.48,停車空間,鋼筋混凝土造,81年11月17日,六層,
RPPOMLLLMHLFFAU09CA,23,10.00,共有部份,鋼筋混凝土造,81年11月17日,六層,
RPXNMLRJMHLFFAU57CA,18,128.04,住家用,鋼筋混凝土造,87年7月23日,二層,一層 二層
RPRNMLMLMHLFFAU66CA,1,225.95,住家用,鋼筋混凝土造,104年6月1日,四層,一層 二層 三層 四層
RPRNMLLKMHLFFAU09CA,17,38.94,住家用,鋼筋混凝土造,87年10月6日,五層,二層
RPRNMLLKMHLFFAU09CA,17,20.40,共有部份,鋼筋混凝土造,87年10月6日,五層,
RPWNMLTKMHLFFAU77CA,,179.33,住家用,鋼筋混凝土造,105年1月29日,三層,一層 二層 三層
RPQOMLMKMHLFFAU56CA,29,115.16,住家用,鋼筋混凝土造,76年4月20日,二層,一層 二層
RPQNMLNKMHLFFAU56CA,9,321.06,住商用,鋼筋混凝土造,96年1月3日,四層,一層 二層 三層 四層 屋頂突出物
RPQNMLNKMHLFFAU56CA,9,291.46,住家用,鋼筋混凝土造,96年1月2日,四層,一層 二層 三層 四層 屋頂突出物
RPUNMLMJNHLFFAU86CA,28,48.41,見其他登記事項,鋼筋混凝土造,77年2月8日,六層,六層
RPUNMLMJNHLFFAU86CA,28,14.15,共有部份,鋼筋混凝土造,77年2月8日,六層,
RPSOMLLKMHLFFAU86EA,22,61.39,住家用,鋼筋混凝土造,83年4月1日,十層,三層
RPSOMLLKMHLFFAU86EA,22,19.70,共有部份,鋼筋混凝土造,83年4月1日,十層,
RPQNMLLKMHLFFAU56EA,,139.80,商業用,木造,,二層,
RPWOMLPJNHLFFAU67EA,,314.81,農舍,鋼筋混凝土造,104年12月24日,四層,一層 二層 三層 四層 屋頂突出物
RPXOMLLLOHLFFAU47CA,20,16.71,住家用,鋼筋混凝土造,85年5月13日,五層,四層
RPXOMLLLOHLFFAU47CA,20,7.47,共有部份,鋼筋混凝土造,85年5月13日,五層,
RPPNMLPKMHLFFBU76CA,22,146.22,住家用,鋼筋混凝土造,82年12月27日,二層,一層 二層 屋頂突出物
RPPNMLSKMHLFFBU07CA,34,120.70,住商用,鋼筋混凝土加強磚造,70年12月31日,二層,一層 二層 騎樓
RPPOMLPLMHLFFAU86CA,31,83.25,住家用,鋼筋混凝土造,73年9月19日,五層,五層
RPPOMLPLMHLFFAU86CA,31,5.35,共有部份,鋼筋混凝土造,73年9月19日,五層,
RPPOMLPLMHLFFAU86CA,31,13.88,共有部份,鋼筋混凝土造,73年9月19日,五層,
RPWNMLSLMHLFFAU77CA,4,266.25,住家用,鋼筋混凝土造,100年4月6日,四層,二層 三層 四層 一層
RPQOMLPLMHLFFAU96CA,20,273.47,住商用,鋼筋混凝土造,85年7月23日,五層,一層 二層 三層 四層 五層 騎樓
RPPNMLLKMHLFFAU88CA,15,39.78,住家用,鋼筋混凝土造,89年11月9日,五層,四層
RPPNMLLKMHLFFAU88CA,15,10.78,共有部份,鋼筋混凝土造,89年11月9日,五層,
RPSNMLLLMHLFFAU66CA,1,195.91,住家用,鋼筋混凝土造,104年8月6日,三層,一層 二層 三層 屋頂突出物
RPROMLPLMHLFFAU07CA,22,82.90,住商用,鋼筋混凝土造,82年12月15日,六層,一層 二層
RPROMLPLMHLFFAU07CA,22,5.96,共有部份,鋼筋混凝土造,82年12月15日,六層,
RPROMLPLMHLFFAU07CA,22,13.14,共有部份,鋼筋混凝土造,82年12月15日,七層,
RPSOMLPLMHLFFAU17CA,27,46.51,住家用,鋼筋混凝土造,77年11月25日,五層,五層
RPSOMLPLMHLFFAU17CA,27,4.49,共有部份,鋼筋混凝土造,77年11月25日,五層,
RPQNMLMKMHLFFAU09CA,20,66.56,住商用,鋼筋混凝土造,84年9月19日,六層,一層 二層
RPQNMLMKMHLFFAU09CA,20,30.54,共有部份,鋼筋混凝土造,84年9月19日,六層,
RPQNMLMKMHLFFAU09CA,20,14.18,停車空間,鋼筋混凝土造,84年9月19日,六層,
RPQNMLMKMHLFFAU09CA,20,17.35,共有部份,鋼筋混凝土造,84年9月19日,六層,
RPTNMLSJMHLFFAU27CA,21,22.78,住家用,鋼筋混凝土造,83年11月15日,十二層,八層
RPTNMLSJMHLFFAU27CA,21,5.84,共有部份,鋼筋混凝土造,83年11月15日,十二層,
RPTNMLSJMHLFFAU27CA,21,6.19,共有部份,鋼筋混凝土造,83年11月15日,十二層,
RPSOMLTLMHLFFAU57CA,18,177.76,住商用,鋼筋混凝土造,86年11月6日,三層,一層 二層 三層 屋頂突出物 見其他登記事項
RPOOMLLKMHLFFAU98DA,,60.90,住家用,鋼筋混凝土造,,二層,一層 二層
RPPOMLMKMHLFFAU56DA,40,70.00,住家用,鋼筋混凝土加強磚造,65年4月8日,二層,一層 二層
RPSNMLSJMHLFFCU57EA,36,111.61,住商用,鋼筋混凝土加強磚造,69年6月3日,二層,騎樓 一層 二層
RPVNMLMJNHLFFAU96CA,22,111.55,住家用,鋼筋混凝土造,83年4月1日,十層,十層
RPVNMLMJNHLFFAU96CA,22,39.69,共有部份,鋼筋混凝土造,83年4月1日,十層,
RPUOMLMKMHLFFAU96CA,17,113.78,住家用,鋼筋混凝土造,88年5月20日,五層,四層 五層 見其他登記事項
RPUOMLMKMHLFFAU96CA,17,13.40,停車空間,鋼筋混凝土造,88年5月20日,五層,
RPUOMLMKMHLFFAU96CA,17,25.67,共有部份,鋼筋混凝土造,88年5月20日,五層,
RPOOMLMKMHLFFAU98CA,,187.97,住家用,鋼筋混凝土造,104年12月7日,三層,一層 二層 三層 屋頂突出物
RPSPMLLLMHLFFAU86CA,29,100.40,住家用,鋼筋混凝土加強磚造,75年10月9日,二層,一層 二層
RPTOMLTJNHLFFAU77EA,39,55.31,住家用,鋼筋混凝土加強磚造,65年10月26日,一層,一層
RPUNMLQLMHLFFAU37CA,8,50.30,住家用,鋼筋混凝土造,97年6月26日,五層,四層
RPUNMLQLMHLFFAU37CA,8,14.31,共有部份,鋼筋混凝土造,97年6月26日,五層,
RPPNMLKLMHLFFAU88CA,22,.61,商業用,鋼筋混凝土造,82年12月15日,七層,
RPPNMLKLMHLFFAU88CA,22,14.53,共有部份,鋼筋混凝土造,82年12月15日,七層,
RPPNMLKLMHLFFAU88CA,22,26.17,住家用,鋼筋混凝土造,82年12月15日,七層,三層
RPPNMLKLMHLFFAU88CA,22,4.26,共有部份,鋼筋混凝土造,82年12月15日,七層,
RPPNMLKLMHLFFAU88CA,22,4.17,共有部份,鋼筋混凝土造,82年12月15日,七層,
RPUNMLNLMHLFFAU07CA,19,74.11,住家用,鋼筋混凝土造,86年2月11日,七層,七層
RPUNMLNLMHLFFAU07CA,19,22.68,共有部份,鋼筋混凝土造,86年2月11日,七層,
RPUOMLTJNHLFFAU67CA,32,43.84,住家用,鋼筋混凝土造,73年6月25日,五層,四層
RPUOMLTJNHLFFAU67CA,32,5.70,共有部份,鋼筋混凝土造,73年6月25日,五層,
RPUOMLTJNHLFFAU67CA,32,4.00,共有部份,鋼筋混凝土造,73年6月25日,五層,
RPQNMLKKNHLFFAU98CA,12,207.55,住家用,鋼筋混凝土造,92年11月26日,三層,一層 二層 三層 屋頂突出物
RPPPMLKLMHLFFAU56DA,32,5.70,共有部份,鋼筋混凝土造,73年6月25日,五層,
RPPPMLKLMHLFFAU56DA,32,7.70,共有部份,鋼筋混凝土造,73年6月25日,五層,
RPPPMLKLMHLFFAU56DA,32,78.17,住家用,鋼筋混凝土造,73年6月25日,五層,二層
RPRNMLOKMHLFFCU96CA,,217.48,住家用,鋼筋混凝土造,104年12月21日,三層,一層 二層 三層 屋頂突出物
RPUOMLSLMHLFFAU67CA,,179.33,住家用,鋼筋混凝土造,105年1月29日,三層,一層 二層 三層
RPTOMLPKMHLFFAU17CA,21,143.71,住家用,鋼筋混凝土造,84年4月17日,三層,一層 二層 三層
RPPOMLRLMHLFFAU07CA,37,135.06,住商用,鋼筋混凝土加強磚造,68年8月8日,二層,一層 二層 騎樓 地下層
RPVOMLSLMHLFFAU77CA,,179.33,住家用,鋼筋混凝土造,105年1月29日,三層,一層 二層 三層
RPRNMLKKNHLFFAU09CA,24,33.33,住家用,鋼筋混凝土造,81年1月28日,四層,三層
RPRNMLKKNHLFFAU09CA,24,2.97,共有部份,鋼筋混凝土造,81年1月28日,四層,
RPRNMLKLMHLFFAU09CA,13,106.35,住家用,鋼筋混凝土造,91年11月21日,十一層,九層
RPRNMLKLMHLFFAU09CA,13,70.75,共有部份,鋼筋混凝土造,91年11月21日,十一層,
RPROMLPKMHLFFAU96CA,22,73.93,住家用,鋼筋混凝土造,83年3月15日,十二層,八層
RPROMLPKMHLFFAU96CA,22,18.66,共有部份,鋼筋混凝土造,83年3月15日,十二層,
RPQPMLLLMHLFFAU66CA,33,78.69,住家用,鋼筋混凝土造,71年11月13日,五層,三層
RPQPMLLLMHLFFAU66CA,33,10.06,共有部份,鋼筋混凝土造,71年11月13日,五層,
RPVNMLTKMHLFFAU67CA,,243.72,農舍,鋼筋混凝土造,105年2月4日,三層,一層 二層 三層 屋頂突出物 見其他登記事項
RPPOMLSKMHLFFAU07CA,8,235.08,住家用,鋼筋混凝土造,97年5月21日,三層,一層 二層 三層 屋頂突出物
RPPOMLOJNHLFFAU66CA,18,90.94,住家用,鋼筋混凝土造,87年4月3日,十層,六層
RPPOMLOJNHLFFAU66CA,18,18.02,共有部份,鋼筋混凝土造,87年4月3日,十層,
RPPOMLOJNHLFFAU66CA,18,8.88,共有部份,鋼筋混凝土造,87年4月3日,十層,
RPQNMLMKNHLFFAU56CA,,255.41,住家用,鋼筋混凝土造,104年11月5日,四層,一層 二層 三層 四層
RPRNMLPLMHLFFAU96CA,21,94.81,農舍,見其他登記事項,84年7月7日,一層,一層
RPOOMLSLMHLFFAU07CA,19,46.24,住家用,鋼筋混凝土造,86年8月27日,九層,八層 九層
RPOOMLSLMHLFFAU07CA,19,8.70,共有部份,鋼筋混凝土造,86年8月27日,九層,
RPOOMLSLMHLFFAU07CA,19,6.49,共有部份,鋼筋混凝土造,86年8月27日,九層,
RPOOMLSLMHLFFAU07CA,19,2.21,共有部份,鋼筋混凝土造,86年8月27日,九層,
RPOPMLKLMHLFFAU98CA,30,29.54,住家用,鋼筋混凝土造,75年5月31日,九層,七層
RPOPMLKLMHLFFAU98CA,30,9.33,共有部份,鋼筋混凝土造,75年5月31日,九層,
RPPOMLKLMHLFFAU98CA,22,37.61,住家用,鋼筋混凝土造,83年7月22日,五層,三層
RPPOMLKLMHLFFAU98CA,22,11.91,共有部份,鋼筋混凝土造,83年7月22日,五層,
RPSOMLLLMHLFFAU76CA,27,62.71,住家用,鋼筋混凝土造,77年11月25日,五層,一層
RPSOMLLLMHLFFAU76CA,27,4.54,共有部份,鋼筋混凝土造,77年11月25日,五層,
RPSOMLLLMHLFFAU76CA,27,69.91,住家用,鋼筋混凝土造,77年11月25日,五層,二層
RPSOMLLLMHLFFAU76CA,27,4.54,共有部份,鋼筋混凝土造,77年11月25日,五層,
RPTOMLKLMHLFFAU76CA,42,97.32,住家用,鋼筋混凝土加強磚造,62年11月5日,二層,一層 二層
RPOOMLKLMHLFFAU88CA,30,71.16,住家用,鋼筋混凝土加強磚造,74年11月30日,二層,一層 二層
RPUNMLLLMHLFFAU86CA,39,136.13,住家用,鋼筋混凝土加強磚造,66年1月1日,二層,一層 二層 見其他登記事項
RPQNMLQLMHLFFAU96CA,,208.71,農舍,鋼筋混凝土造,105年2月26日,三層,一層 二層 三層 屋頂突出物
RPQNMLKLMHLFFAU98CA,28,85.95,住家用,鋼筋混凝土造,76年10月15日,四層,二層
RPQNMLKLMHLFFAU98CA,28,13.96,共有部份,鋼筋混凝土造,76年10月15日,四層,
RPTOMLSLMHLFFAU57CA,34,92.22,住家用,鋼筋混凝土加強磚造,71年5月10日,二層,一層 二層
RPQNMLKLMHLFFAU56EA,14,206.81,住家用,鋼筋混凝土造,91年2月7日,三層,一層 二層 三層
RPWNMLQJNHLFFAU47CA,21,24.66,住家用,鋼筋混凝土造,84年8月19日,十一層,八層
RPWNMLQJNHLFFAU47CA,21,8.60,共有部份,鋼筋混凝土造,84年8月19日,十一層,
RPRNMLNJNHLFFAU66CA,40,1555.75,見其他登記事項,見其他登記事項,64年12月15日,一層,
RPRNMLNJNHLFFAU66CA,26,875.50,工業用,鋼造,78年12月13日,一層,一層
RPRNMLNJNHLFFAU66CA,21,337.80,見其他登記事項,鋼造,84年1月27日,一層,一層
RPRNMLNJNHLFFAU66CA,21,1361.25,見其他登記事項,鋼造,84年1月27日,一層,一層
RPRNMLNJNHLFFAU66CA,21,441.64,見其他登記事項,鋼造,84年1月27日,一層,一層
RPPNMLTKMHLFFBU37EA,36,119.14,住商用,鋼筋混凝土加強磚造,69年9月5日,二層,一層 二層 騎樓
RPQNMLNJNHLFFAU56CA,40,330.88,見其他登記事項,鋼筋混凝土加強磚造,64年12月15日,一層,一層 騎樓
RPQNMLNJNHLFFAU56CA,40,214.61,見其他登記事項,見其他登記事項,64年12月15日,一層,一層
RPQNMLNJNHLFFAU56CA,40,214.61,見其他登記事項,見其他登記事項,64年12月15日,一層,一層
RPQNMLNJNHLFFAU56CA,40,518.23,見其他登記事項,見其他登記事項,64年12月15日,一層,一層
RPQNMLNJNHLFFAU56CA,40,77.34,見其他登記事項,鋼筋混凝土加強磚造,64年12月15日,一層,一層
RPQNMLNJNHLFFAU56CA,40,29.11,見其他登記事項,鋼筋混凝土加強磚造,64年12月15日,一層,一層
RPSOMLPJNHLFFAU07CA,40,788.60,見其他登記事項,鋼筋混凝土加強磚造,64年12月15日,二層,一層 二層
RPSOMLPJNHLFFAU07CA,30,109.83,見其他登記事項,鋼筋混凝土造,75年7月1日,一層,
RPSOMLPJNHLFFAU07CA,30,567.30,見其他登記事項,鋼造,75年7月1日,一層,一層
RPSOMLPJNHLFFAU07CA,30,1348.50,見其他登記事項,鋼造,75年7月1日,一層,一層
RPSOMLPJNHLFFAU07CA,40,630.55,見其他登記事項,見其他登記事項,64年12月15日,一層,
RPSOMLPJNHLFFAU07CA,26,470.40,見其他登記事項,鋼造,78年12月13日,一層,一層
RPSOMLPJNHLFFAU07CA,26,8.53,見其他登記事項,鋼筋混凝土造,78年12月11日,一層,一層
RPSOMLPJNHLFFAU07CA,26,1539.99,見其他登記事項,鋼造,79年1月6日,一層,
RPSOMLPJNHLFFAU07CA,21,964.60,見其他登記事項,鋼造,84年1月27日,一層,
RPSOMLPJNHLFFAU07CA,19,2906.53,見其他登記事項,鋼筋混凝土造,85年10月21日,一層,
RPRNMLSKNHLFFAU27CA,1,277.52,住家用,鋼筋混凝土造,104年7月28日,四層,一層 二層 三層 四層
RPXNMLQLMHLFFAU67CA,17,120.96,住家用,鋼筋混凝土造,88年4月14日,五層,四層
RPXNMLQLMHLFFAU67CA,17,11.61,共有部份,鋼筋混凝土造,88年4月14日,五層,
RPXNMLQLMHLFFAU67CA,17,7.56,共有部份,鋼筋混凝土造,88年4月14日,五層,
RPPPMLLLMHLFFAU56CA,37,83.14,住家用,鋼筋混凝土加強磚造,67年10月13日,一層,一層
RPWNMLMLMHLFFAU17CA,21,19.33,住家用,鋼筋混凝土造,83年11月15日,十二層,八層
RPWNMLMLMHLFFAU17CA,21,6.12,共有部份,鋼筋混凝土造,83年11月15日,十二層,
RPWNMLMLMHLFFAU17CA,21,3.18,共有部份,鋼筋混凝土造,83年11月15日,十二層,
RPUOMLMLMHLFFAU07CA,20,162.92,住家用,鋼筋混凝土造,85年8月17日,三層,一層 二層 三層 屋頂突出物 見其他登記事項
RPSNMLRLMHLFFAU27CA,30,81.80,住家用,鋼筋混凝土造,75年7月22日,五層,四層
RPSNMLRLMHLFFAU27CA,30,6.89,共有部份,鋼筋混凝土造,75年7月22日,五層,
RPWNMLQLMHLFFAU57CA,,313.20,住家用,鋼筋混凝土造,105年1月30日,五層,一層 二層 三層 四層 五層 屋頂突出物 騎樓
RPXNMLKKNHLFFAU07CA,22,347.45,住家用,鋼筋混凝土造,82年12月8日,七層,六層
RPXNMLKKNHLFFAU07CA,22,115.70,共有部份,鋼筋混凝土造,82年12月8日,七層,
RPOOMLKKNHLFFAU88CA,20,83.46,住家用,鋼筋混凝土造,84年12月28日,六層,二層
RPOOMLKKNHLFFAU88CA,20,26.40,共有部份,鋼筋混凝土造,84年12月28日,六層,
RPPNMLOJNHLFFAU56CA,38,108.13,住商用,鋼筋混凝土加強磚造,67年3月3日,二層,一層 二層 騎樓
RPUNMLMKNHLFFAU96CA,22,37.54,住家用,鋼筋混凝土造,83年5月18日,六層,二層
RPUNMLMKNHLFFAU96CA,22,16.68,共有部份,鋼筋混凝土造,83年5月18日,六層,
RPWNMLLLMHLFFAU07CA,38,128.34,住家用,鋼筋混凝土加強磚造,67年4月1日,二層,一層 二層
RPXOMLOJNHLFFAU47CA,30,24.20,商業用,鋼筋混凝土造,75年7月12日,五層,二層
RPVNMLRKNHLFFAU57CA,33,85.45,住家用,鋼筋混凝土加強磚造,71年11月29日,一層,一層
RPPOMLKKNHLFFAU98CA,32,111.51,住商用,鋼筋混凝土加強磚造,72年10月8日,二層,一層 二層
RPUOMLOJNHLFFAU17CA,19,83.70,住家用,鋼筋混凝土造,85年10月29日,十六層,十五層
RPUOMLOJNHLFFAU17CA,19,14.81,共有部份,鋼筋混凝土造,85年10月29日,十六層,
RPUOMLOJNHLFFAU17CA,19,23.03,共有部份,鋼筋混凝土造,85年10月29日,十六層,
RPRNMLRKNHLFFAU17CA,20,56.08,住家用,鋼筋混凝土造,85年5月17日,六層,三層
RPRNMLRKNHLFFAU17CA,20,14.33,共有部份,鋼筋混凝土造,85年5月17日,六層,
RPSOMLKKNHLFFAU66CA,22,81.76,住家用,鋼筋混凝土造,82年10月15日,五層,三層
RPSOMLKKNHLFFAU66CA,22,28.95,共有部份,鋼筋混凝土造,82年10月15日,五層,
RPRNMLMJNHLFFAU56CA,,181.99,住家用,鋼筋混凝土造,105年1月29日,三層,一層 二層 三層
RPSNMLTLMHLFFAU47CA,31,100.10,住家用,鋼筋混凝土加強磚造,74年7月17日,二層,一層 二層
RPTOMLMLMHLFFAU96CA,20,67.57,住家用,鋼筋混凝土造,84年11月4日,十層,八層
RPTOMLMLMHLFFAU96CA,20,12.52,共有部份,鋼筋混凝土造,84年11月4日,十層,
RPTOMLMLMHLFFAU96CA,20,15.52,共有部份,鋼筋混凝土造,84年11月4日,十層,
RPPOMLMLMHLFFAU56CA,27,73.04,住家用,鋼筋混凝土造,78年6月24日,四層,二層
RPPOMLMLMHLFFAU56CA,27,16.63,共有部份,鋼筋混凝土造,78年6月24日,四層,
RPWNMLPLMHLFFAU47CA,1,214.00,住家用,鋼筋混凝土造,104年2月4日,四層,一層 二層 三層 四層
RPVNMLMLMHLFFAU07CA,1,208.65,住家用,鋼筋混凝土造,104年3月9日,三層,一層 二層 三層 屋頂突出物
RPOOMLMLMHLFFAU09CA,22,60.37,住家用,鋼筋混凝土造,82年10月29日,十層,六層
RPOOMLMLMHLFFAU09CA,22,16.37,共有部份,鋼筋混凝土造,82年10月29日,十層,
RPSNMLMLMHLFFAU76CA,22,148.98,住家用,鋼筋混凝土造,83年7月14日,四層,一層 二層 三層 四層
RPXOMLLLMHLFFAU27CA,20,200.91,住商用,鋼筋混凝土造,85年3月20日,三層,一層 二層 三層
RPPNMLPLMHLFFAU76CA,17,47.32,住家用,鋼筋混凝土造,87年11月30日,八層,七層
RPPNMLPLMHLFFAU76CA,17,18.71,見其他登記事項,鋼筋混凝土造,87年11月30日,八層,
RPPNMLPLMHLFFAU76CA,17,2.83,停車空間,鋼筋混凝土造,87年11月30日,八層,
RPQNMLTLMHLFFAU27CA,35,113.22,住家用,鋼筋混凝土加強磚造,70年3月19日,二層,一層 二層
RPPNMLQJNHLFFAU76CA,42,100.80,住家用,鋼筋混凝土造,62年11月30日,二層,一層 二層 騎樓
RPTNMLMKNHLFFAU86CA,22,125.33,住家用,鋼筋混凝土造,83年3月7日,五層,五層
RPTNMLMKNHLFFAU86CA,22,14.91,共有部份,鋼筋混凝土造,83年3月7日,五層,
RPQNMLSLMHLFFCU37CA,37,80.76,住家用,鋼筋混凝土造,68年3月1日,二層,一層 二層
RPXNMLOJNHLFFAU37CA,21,33.24,住家用,鋼筋混凝土造,83年11月15日,十二層,八層
RPXNMLOJNHLFFAU37CA,21,6.56,共有部份,鋼筋混凝土造,83年11月15日,十二層,
RPXNMLOJNHLFFAU37CA,21,3.58,共有部份,鋼筋混凝土造,83年11月15日,十二層,
RPPNMLQLMHLFFAU07EA,22,156.78,住家用,鋼筋混凝土造,83年9月30日,三層,一層 二層 三層 屋頂突出物
RPPNMLQLMHLFFBU96CA,30,171.06,住家用,鋼筋混凝土加強磚造,75年2月16日,二層,一層 二層
RPQPMLNLNHLFFAU07DA,30,21.00,住家用,鋼筋混凝土造,75年5月31日,九層,三層
RPQPMLNLNHLFFAU07DA,30,8.02,共有部份,鋼筋混凝土造,75年5月31日,九層,
RPSNMLMKNHLFFAU76CA,32,95.20,住家用,鋼筋混凝土造,73年1月25日,四層,三層
RPSNMLMKNHLFFAU76CA,32,12.60,共有部份,鋼筋混凝土造,73年1月25日,四層,
RPPNMLMJNHLFFCU56CA,19,127.13,住家用,鋼筋混凝土造,86年9月24日,四層,二層
RPPNMLQLNHLFFAU96CA,42,50.66,住家用,見其他登記事項,63年5月8日,一層,一層 騎樓
RPPNMLQLNHLFFAU96CA,42,50.66,住家用,見其他登記事項,63年5月8日,一層,一層 騎樓
RPSNMLOLNHLFFAU07CA,,299.95,農舍,鋼筋混凝土造,105年1月13日,三層,一層 二層 三層 屋頂突出物 見其他登記事項
RPSNMLOLNHLFFAU07CA,,304.17,農舍,鋼筋混凝土造,105年1月13日,三層,一層 二層 三層 屋頂突出物 見其他登記事項
RPSNMLOLNHLFFAU07CA,,299.46,農舍,鋼筋混凝土造,105年1月13日,三層,一層 二層 三層 屋頂突出物 見其他登記事項
RPSNMLOLNHLFFAU07CA,,304.83,農舍,鋼筋混凝土造,105年1月13日,三層,一層 二層 三層 屋頂突出物 見其他登記事項
RPPNMLSLMHLFFAU07CA,12,221.43,住家用,鋼筋混凝土造,93年9月7日,三層,一層 二層 三層
RPRNMLRLMHLFFAU17CA,,345.14,住家用,鋼筋混凝土造,105年3月15日,四層,一層 二層 三層 四層
RPRNMLOJNHLFFAU76CA,19,194.14,見其他登記事項,鋼筋混凝土造,86年3月27日,四層,四層 屋頂突出物 停車場 一層 二層 三層
RPUNMLTLMHLFFAU67CA,17,113.78,住家用,鋼筋混凝土造,88年5月20日,五層,四層 五層 見其他登記事項
RPUNMLTLMHLFFAU67CA,17,13.40,停車空間,鋼筋混凝土造,88年5月20日,五層,
RPUNMLTLMHLFFAU67CA,17,25.67,共有部份,鋼筋混凝土造,88年5月20日,五層,
RPWNMLNJNHLFFAU17CA,20,118.30,住家用,鋼筋混凝土造,85年5月13日,二層,一層 二層
RPTNMLQLMHLFFAU27CA,,270.67,農舍,鋼筋混凝土造,104年11月24日,三層,一層 二層 三層 見其他登記事項
RPUNMLSLMHLFFAU57CA,22,102.64,住家用,鋼筋混凝土造,82年10月15日,六層,四層
RPWNMLRLMHLFFAU67CA,21,112.15,商業用,鋼筋混凝土造,83年11月21日,十二層,八層
RPUNMLSLMHLFFAU57CA,22,39.36,共有部份,鋼筋混凝土造,82年10月15日,六層,
RPWNMLRLMHLFFAU67CA,21,12.79,共有部份,鋼筋混凝土造,83年11月21日,十二層,
RPWNMLRLMHLFFAU67CA,21,33.03,共有部份,鋼筋混凝土造,83年11月21日,十二層,
RPVNMLQLMHLFFAU47CA,35,122.43,住家用,鋼筋混凝土加強磚造,70年1月29日,二層,一層 二層 屋頂突出物 騎樓
RPXNMLRLMHLFFAU77CA,43,56.80,住家用,鋼筋混凝土加強磚造,62年4月3日,一層,一層 騎樓
RPTNMLSLMHLFFAU47CA,2,223.08,住家用,鋼筋混凝土造,103年8月22日,三層,一層 二層 三層 屋頂突出物
RPQOMLRLMHLFFAU17CA,31,474.90,商業用,見其他登記事項,73年12月29日,一層,一層 騎樓
RPPNMLRLMHLFFAU96CA,,530.24,農舍,鋼筋混凝土造,104年11月16日,三層,一層 二層 三層 屋頂突出物 見其他登記事項
RPUNMLRLMHLFFAU47CA,38,93.44,住商用,鋼筋混凝土加強磚造,67年4月12日,二層,一層 二層 騎樓
RPXNMLSLMHLFFAU87CA,30,126.71,住家用,鋼筋混凝土造,74年10月15日,二層,一層 二層 屋頂突出物
RPOOMLRLMHLFFAU96CA,15,108.71,住家用,鋼筋混凝土造,90年4月23日,四層,二層
RPOOMLRLMHLFFAU96CA,15,26.66,見其他登記事項,鋼筋混凝土造,90年4月23日,四層,
RPROMLSLMHLFFAU37CA,29,210.77,住家用,鋼筋混凝土造,76年8月7日,三層,一層 二層 三層 見其他登記事項
RPVNMLQJNHLFFAU37CA,37,75.68,住家用,鋼筋混凝土加強磚造,68年1月18日,二層,二層 一層
RPQNMLRLMHLFFAU27EA,45,87.62,住家用,鋼筋混凝土加強磚造,59年12月26日,二層,一層 二層 騎樓
RPOOMLRKNHLFFAU96CA,21,174.69,商業用,鋼筋混凝土造,84年8月25日,七層,一層 二層 騎樓
RPOOMLRKNHLFFAU96CA,21,55.89,共有部份,鋼筋混凝土造,84年8月25日,七層,
RPROMLOLNHLFFAU07CA,1,293.94,住家用,鋼筋混凝土造,104年6月8日,四層,一層 二層 三層 四層
RPUNMLTKNHLFFAU67CA,22,89.62,住家用,鋼筋混凝土造,82年12月15日,七層,四層
RPUNMLTKNHLFFAU67CA,22,14.90,共有部份,鋼筋混凝土造,82年12月15日,七層,
RPUNMLTKNHLFFAU67CA,22,14.20,共有部份,鋼筋混凝土造,82年12月15日,七層,
RPRNMLMJNHLFFCU76CA,46,76.59,見其他登記事項,加強磚造,,一層,一層
RPTNMLTKNHLFFBU67CA,,311.89,農舍,鋼筋混凝土造,104年12月28日,三層,一層 二層 三層
RPPOMLTLMHLFFAU37DA,22,167.07,住商用,鋼筋混凝土造,82年12月23日,三層,一層 二層 三層 屋頂突出物
RPTOMLTLMHLFFAU87EA,22,22.93,住家用,鋼筋混凝土造,83年8月31日,七層,六層
RPTOMLTLMHLFFAU87EA,22,10.67,共有部份,鋼筋混凝土造,83年8月31日,七層,
RPSOMLTLMHLFFAU77EA,22,23.73,住家用,鋼筋混凝土造,83年8月31日,七層,六層
RPSOMLTLMHLFFAU77EA,22,11.14,共有部份,鋼筋混凝土造,83年8月31日,七層,
RPVNMLMKNHLFFAU07CA,5,277.93,住家用,鋼筋混凝土造,100年7月5日,四層,一層 二層 三層 四層
RPVNMLKKNHLFFAU86CA,34,176.40,住商用,鋼筋混凝土造,70年12月31日,三層,一層 二層 三層 騎樓
RPSNMLTKNHLFFAU47CA,30,70.12,住家用,鋼筋混凝土造,75年3月18日,五層,二層
RPSNMLTKNHLFFAU47CA,30,10.55,共有部份,鋼筋混凝土造,75年3月18日,五層,
RPWOMLOJNHLFFAU37CA,,188.96,農舍,鋼筋混凝土造,105年2月3日,三層,一層 二層 三層 屋頂突出物
RPQNMLOJNHLFFAU66CA,21,61.86,住家用,鋼筋混凝土造,84年3月20日,六層,四層
RPQNMLOJNHLFFAU66CA,21,25.93,共有部份,鋼筋混凝土造,84年3月20日,六層,
RPWNMLPJNHLFFAU37CA,30,122.30,住家用,鋼筋混凝土造,74年12月24日,二層,一層 二層 屋頂突出物
RPROMLTLMHLFFAU47CA,21,11.58,共有部份,鋼筋混凝土造,84年6月22日,五層,
RPROMLTLMHLFFAU47CA,21,61.10,住家用,鋼筋混凝土造,84年6月22日,五層,三層
RPPNMLMJNHLFFAU98CA,17,104.45,住家用,鋼筋混凝土造,88年5月20日,五層,二層 三層
RPPNMLMJNHLFFAU98CA,17,13.50,停車空間,鋼筋混凝土造,88年5月20日,五層,
RPPNMLMJNHLFFAU98CA,17,23.33,共有部份,鋼筋混凝土造,88年5月20日,五層,
RPQNMLMJNHLFFAU09CA,20,90.13,住家用,鋼筋混凝土造,85年6月11日,八層,八層
RPQNMLMJNHLFFAU09CA,22,6.65,停車空間,鋼筋混凝土造,83年6月11日,八層,
RPQNMLMJNHLFFAU09CA,20,25.15,共有部份,鋼筋混凝土造,85年6月11日,八層,
RPVOMLOJNHLFFAU27CA,9,248.14,住家用,鋼筋混凝土造,95年12月15日,四層,三層 四層 一層 二層
RPQOMLNJNHLFFAU66CA,44,90.66,住家用,鋼筋混凝土加強磚造,61年4月21日,二層,一層 二層
RPSNMLTJNHLFFAU37CA,38,85.44,住家用,鋼筋混凝土加強磚造,67年3月18日,二層,一層 二層
RPTOMLNJNHLFFAU96CA,38,86.10,住家用,鋼筋混凝土加強磚造,67年3月18日,二層,一層 二層
RPQPMLOLNHLFFAU07CA,12,219.00,住家用,鋼筋混凝土造,93年7月30日,四層,四層 一層 二層 三層
RPOOMLMKNHLFFAU09CA,34,89.43,住家用,鋼筋混凝土造,70年11月24日,七層,七層
RPOOMLMKNHLFFAU09CA,34,18.67,共有部份,鋼筋混凝土造,70年11月24日,七層,
RPOPMLOLNHLFFAU86CA,22,16.57,見其他登記事項,鋼筋混凝土造,83年6月11日,九層,
RPOPMLOLNHLFFAU86CA,22,11.73,共有部份,鋼筋混凝土造,83年6月11日,九層,
RPOPMLOLNHLFFAU86CA,22,12.85,共有部份,鋼筋混凝土造,83年6月11日,九層,
RPOPMLOLNHLFFAU86CA,22,111.08,住家用,鋼筋混凝土造,83年6月11日,九層,四層
RPVNMLOJNHLFFAU17CA,,190.52,住家用,鋼筋混凝土造,105年1月29日,三層,一層 二層 三層
RPQOMLKKNHLFFAU09CA,30,85.42,住家用,鋼筋混凝土造,75年1月13日,五層,二層
RPQOMLKKNHLFFAU09CA,30,15.70,共有部份,鋼筋混凝土造,75年1月13日,五層,
RPTOMLKKNHLFFAU76CA,21,196.45,住家用,鋼筋混凝土造,83年11月13日,四層,一層 二層 三層 四層
RPTNMLOLNHLFFAU17CA,34,132.96,住家用,鋼筋混凝土加強磚造,70年11月23日,二層,一層 二層 屋頂突出物
RPQOMLSLMHLFFAU27CA,19,233.32,住家用,鋼筋混凝土造,86年9月8日,四層,一層 二層 三層 四層
RPOOMLNJNHLFFAU09CA,17,.48,住家用,鋼筋混凝土造,87年10月9日,五層,
RPOOMLNJNHLFFAU09CA,17,.08,共有部份,鋼筋混凝土造,87年10月9日,五層,
RPOOMLNJNHLFFAU09CA,17,96.03,住家用,鋼筋混凝土造,87年10月9日,五層,五層
RPOOMLNJNHLFFAU09CA,17,.15,共有部份,鋼筋混凝土造,87年10月9日,五層,
RPOOMLNJNHLFFAU09CA,17,15.95,共有部份,鋼筋混凝土造,87年10月9日,五層,
RPOOMLNJNHLFFAU09CA,17,31.79,共有部份,鋼筋混凝土造,87年10月9日,五層,
RPXNMLTLMHLFFAU97CA,17,14.27,共有部份,鋼筋混凝土造,87年10月9日,五層,
RPXNMLTLMHLFFAU97CA,17,90.67,住家用,鋼筋混凝土造,87年10月9日,五層,一層
RPXNMLTLMHLFFAU97CA,17,29.48,共有部份,鋼筋混凝土造,87年10月9日,五層,
RPXNMLTLMHLFFAU97CA,17,.46,住家用,鋼筋混凝土造,87年10月9日,五層,
RPXNMLTLMHLFFAU97CA,17,14.21,共有部份,鋼筋混凝土造,87年10月9日,五層,
RPXNMLTLMHLFFAU97CA,17,26.59,共有部份,鋼筋混凝土造,87年10月9日,五層,
