﻿編號,土地區段位置,土地移轉面積平方公尺,使用分區或編定
The serial number,land sector position,land shifting area square meter,the use zoning or compiles and checks
RPQOMLNJKHLFFAV09CA,建成段,101.50,都市：住
RPQNMLNJKHLFFAV98CA,岩灣段,184.45,都市：住
RPPNMLMJKHLFFCV98CA,新福段,19.03,非都市：鄉村區 ; 非都市編定：乙種建築用地
RPQNMLOJKHLFFCV66CA,大原段,2337.00,非都市：一般農業區 ; 非都市編定：農牧用地
RPSNMLPJKHLFFBV86CA,長光段,459.87,非都市：鄉村區 ; 非都市編定：乙種建築用地
RPUNMLOJKHLFFAV96DA,馬蘭段,45.08,都市：住
RPPOMLMJKHLFFAV88CA,台東段,15.33,都市：住
RPSNMLMJKHLFFAV09CA,豐樂段,758.00,都市：工
RPQNMLMJKHLFFCV56DA,牧野段,915.84,非都市：一般農業區 ; 非都市編定：農牧用地
RPRNMLMJKHLFFAV09DA,台東段,9.58,都市：住
RPPNMLQLKHLFFBV96DA,忠智段,150.88,都市：住
RPPNMLQLKHLFFBV96DA,忠智段,571.32,都市：住
RPRNMLLJKHLFFDV56CA,北橋段,83.49,都市：住
RPRNMLLJLHLFFBV09CA,東柄段,79.24,非都市：風景區 ; 非都市編定：農牧用地
RPPNMLLJLHLFFBV88CA,東柄段,410.41,非都市：風景區 ; 非都市編定：農牧用地
RPRNMLPJKHLFFBV76CA,仰光段,54.66,都市：住
RPUNMLNJKHLFFAV76CA,煙草間段,5.17,非都市：特定農業區 ; 非都市編定：甲種建築用地
RPUNMLNJKHLFFAV76CA,煙草間段,2.78,非都市：特定農業區 ; 非都市編定：甲種建築用地
RPUNMLNJKHLFFAV76CA,煙草間段,21.30,非都市：特定農業區 ; 非都市編定：甲種建築用地
RPUNMLNJKHLFFAV76CA,煙草間段,93.58,非都市：特定農業區 ; 非都市編定：甲種建築用地
RPWNMLMJKHLFFAV86CA,豐年段,140.67,都市：住
RPXNMLMJKHLFFAV96CA,豐里段,3116.66,非都市：特定農業區 ; 非都市編定：農牧用地
RPTOMLPJKHLFFAV96CA,下賓朗段,21.27,非都市：鄉村區 ; 非都市編定：乙種建築用地
RPTOMLPJKHLFFAV96CA,下賓朗段,94.54,非都市：鄉村區 ; 非都市編定：乙種建築用地
RPVNMLMJKHLFFAV76CA,豐年段,134.34,都市：住
RPQNMLNJLHLFFAV09CA,岩灣段,126.62,都市：住
RPRNMLSKKHLFFAV07CA,興安段,146.52,都市：住
RPQNMLQKKHLFFAV76CA,梧州段,92.72,都市：住
RPOOMLOJKHLFFAV98CA,龍過脈段,2551.62,非都市：山坡地保育區 ; 非都市編定：農牧用地
RPPNMLRKKHLFFBV86CA,萬年段,258.00,非都市：鄉村區 ; 非都市編定：乙種建築用地
RPPOMLOJKHLFFAV56DA,新生段,61.00,都市：住
RPPOMLPJKHLFFAV56CA,光明段,322.00,都市：住
RPPOMLPJKHLFFAV56CA,光明段,308.00,都市：住
RPPNMLNLKHLFFCV66CA,錦園段,182.80,非都市：風景區 ; 非都市編定：丙種建築用地
RPPNMLPJKHLFFDV76CA,德其段,141.39,都市：住
RPQNMLPJKHLFFDV86CA,德其段,113.22,都市：住
RPRNMLQKKHLFFCV07CA,武陵段,6518.00,非都市：山坡地保育區 ; 非都市編定：林業用地
RPRNMLQKKHLFFCV07CA,武陵段,3400.00,非都市：山坡地保育區 ; 非都市編定：林業用地
RPRNMLQKKHLFFCV07CA,武陵段,494.00,非都市：山坡地保育區 ; 非都市編定：農牧用地
RPQNMLPJKHLFFAV66DA,永清段,23.05,都市：商
RPRNMLPJKHLFFDV96CA,德其段,115.42,都市：住
RPWNMLPJKHLFFDV47CA,德其段,113.22,都市：住
RPUNMLPJKHLFFDV27CA,德其段,113.22,都市：住
RPRNMLQKKHLFFBV96CA,北佳里段,3176.44,非都市：風景區 ; 非都市編定：農牧用地
RPTNMLPJKHLFFDV17CA,德其段,113.22,都市：住
RPPOMLQKKHLFFAV76CA,梧州段,3.18,都市：住
RPSOMLPJKHLFFAV86CA,常德段,21.20,都市：住
RPQOMLPJKHLFFAV66CA,馬蘭段,39.38,都市：住
RPPNMLRKKHLFFDV07CA,秀山段,6.53,都市：住
RPPNMLSKKHLFFAV86CA,公東段,248.00,都市：住
RPUNMLPKKHLFFAV07CA,澱粉段,4250.35,非都市：特定農業區 ; 非都市編定：農牧用地
RPTNMLQLKHLFFAV17CA,公東段,.58,都市：住
RPTNMLQLKHLFFAV17CA,公東段,3.44,都市：住
RPPNMLLJLHLFFAV78CA,豐谷段,102.00,都市：住
RPOOMLQKKHLFFAV66CA,上岩灣段,2448.67,非都市：特定農業區 ; 非都市編定：農牧用地
RPQNMLRKKHLFFAV96DA,明峰段,2500.29,非都市：山坡地保育區 ; 非都市編定：農牧用地
RPSNMLMLKHLFFAV66CA,中心段,134.00,都市：住
RPPNMLPJKHLFFBV66DA,忠智段,14.34,都市：住
RPPNMLPJKHLFFBV66DA,忠智段,83.12,都市：住
RPVNMLPJKHLFFAV07CA,豐年段,164.47,都市：住
RPRNMLPKKHLFFAV76CA,豐年段,133.98,都市：住
RPRNMLQKKHLFFAV86CA,台東段,64.00,都市：住
SPQNMLPKKHLFFAV76CA,豐年段,134.24,都市：住
RPPNMLQKKHLFFCV96DA,鹿野段,3288.00,非都市：山坡地保育區 ; 非都市編定：農牧用地
RPSNMLPKKHLFFAV86CA,豐年段,134.20,都市：住
RPQNMLPKKHLFFAV66CA,豐年段,134.16,都市：住
RPQNMLQKKHLFFCV07DA,鹿野段,3443.00,非都市：山坡地保育區 ; 非都市編定：農牧用地
RPTNMLNJLHLFFAV86DA,建本段,621.38,都市：農
RPQOMLNJLHLFFAV66DA,建本段,605.02,都市：農
RPPOMLNJLHLFFAV56DA,建本段,233.27,都市：農
RPOOMLNJLHLFFAV09DA,建本段,680.11,都市：農
RPTOMLNJLHLFFAV96DA,建本段,273.03,都市：農
RPTOMLNJLHLFFAV96DA,建本段,166.85,都市：農
RPQNMLSKKHLFFCV17CA,瑞里段,132.84,非都市：鄉村區 ; 非都市編定：乙種建築用地
RPSNMLQKKHLFFBV07CA,大馬段,1009.00,非都市：風景區 ; 非都市編定：農牧用地
RPPNMLSKKHLFFCV17DA,大同段,59.04,都市：住
RPUNMLQKLHLFFAV27CA,順天段,115.55,都市：住
RPPNMLRKLHLFFAV86CA,北南王段,1456.87,都市：農
RPPNMLRKLHLFFAV86CA,北南王段,513.83,都市：其他
RPPNMLRKLHLFFAV86CA,北南王段,33.78,都市：其他
RPPNMLRKLHLFFAV86CA,北南王段,99.10,都市：其他
RPWNMLSKKHLFFAV57CA,永清段,32.17,都市：住
RPWNMLSKKHLFFAV57CA,永清段,177.08,都市：住
RPWNMLSKKHLFFAV57CA,永清段,20.84,都市：住
RPPNMLRKKHLFFAV76CA,普優瑪段,14.51,都市：住
RPUNMLTKKHLFFAV47CA,台東段,8.00,都市：住
RPRNMLTKKHLFFAV17CA,豐年段,134.20,都市：住
RPQNMLQLKHLFFAV86CA,自強段,129.00,都市：住
RPPNMLQLKHLFFAV76CA,台東段,76.00,都市：住
RPPNMLQLKHLFFAV76CA,台東段,5.00,都市：住
RPRNMLPLKHLFFAV86CA,知本段,496.94,非都市：特定農業區 ; 非都市編定：農牧用地
RPSNMLTKKHLFFAV27CA,豐年段,134.43,都市：住
RPRNMLMLKHLFFAV56CA,台東段,12.64,都市：住
RPPNMLMLKHLFFAV98CA,上岩灣段,24.71,都市：住
RPPNMLMLKHLFFAV98CA,上岩灣段,46.52,都市：其他
RPPNMLMLKHLFFAV98CA,上岩灣段,15.83,都市：其他
RPRNMLOLKHLFFAV76CA,中山段,102.00,都市：住
RPSNMLMLKHLFFBV86DA,永福段,61.56,非都市：風景區 ; 非都市編定：丙種建築用地
RPTNMLTKKHLFFAV37CA,台東段,61.00,都市：商
RPQNMLPLKHLFFBV96DA,新港段八邊小段,9170.00,非都市：風景區 ; 非都市編定：農牧用地
RPRNMLMLKHLFFBV76DA,永福段,50.41,非都市：風景區 ; 非都市編定：丙種建築用地
RPQNMLMLKHLFFBV66DA,永福段,22.60,非都市：風景區 ; 非都市編定：丙種建築用地
RPPNMLPLKHLFFBV76CA,新竹湖段,575.66,非都市：鄉村區 ; 非都市編定：乙種建築用地
RPRNMLNJLHLFFAV56CA,豐川段,51.66,都市：住
RPRNMLNJLHLFFAV56CA,豐川段,51.66,都市：住
RPRNMLNJLHLFFAV56CA,豐川段,1.16,都市：住
RPRNMLNJLHLFFAV56CA,豐川段,1.16,都市：住
RPRNMLNJLHLFFAV56CA,豐川段,2.59,都市：住
RPRNMLNJLHLFFAV56CA,豐川段,2.59,都市：住
RPRNMLNJLHLFFAV56CA,豐川段,13.40,都市：住
RPRNMLNJLHLFFAV56CA,豐川段,13.40,都市：住
RPPNMLTLKHLFFBV17CA,八仙洞段,1886.83,非都市：風景區 ; 非都市編定：農牧用地
RPQNMLPLKHLFFAV76CA,青林段,55.00,都市：住
RPVNMLKKLHLFFAV76CA,建樂段,416.57,都市：住
RPWOMLNJLHLFFAV17CA,大豐段,4198.43,非都市：特定農業區 ; 非都市編定：農牧用地
RPWOMLNJLHLFFAV17CA,大豐段,2948.16,非都市：特定農業區 ; 非都市編定：農牧用地
RPSNMLMJLHLFFDV86CA,嘉新段,386.89,非都市：山坡地保育區 ; 非都市編定：農牧用地
RPQNMLOJLHLFFBV76DA,永福段,20.99,非都市：風景區 ; 非都市編定：丙種建築用地
RPVNMLQLKHLFFAV37CA,建興段,64.00,都市：商
RPWNMLKKLHLFFAV86CA,建樂段,7.18,都市：住
RPWNMLKKLHLFFAV86CA,建樂段,887.07,都市：住
RPWNMLKKLHLFFAV86CA,建樂段,954.62,都市：住
RPWNMLKKLHLFFAV86CA,建樂段,985.82,都市：住
RPWNMLKKLHLFFAV86CA,建樂段,5.27,都市：住
RPWNMLKKLHLFFAV86CA,建樂段,702.46,都市：住
RPWNMLKKLHLFFAV86CA,建樂段,235.95,都市：住
RPWNMLKKLHLFFAV86CA,建樂段,246.54,都市：住
RPWNMLKKLHLFFAV86CA,建樂段,462.55,都市：住
RPWNMLKKLHLFFAV86CA,建樂段,437.78,都市：住
RPWNMLKKLHLFFAV86CA,建樂段,935.57,都市：住
RPWNMLKKLHLFFAV86CA,建樂段,359.58,都市：住
RPWNMLKKLHLFFAV86CA,建樂段,88.67,都市：住
RPPNMLQLKHLFFDV07CA,德其段,1163.25,都市：住
RPTNMLLJLHLFFAV56CA,台東段,51.96,都市：住
RPQNMLOLKHLFFCV96DA,福原段,113.45,都市：住
RPRNMLPLKHLFFBV07DA,東柄段,213.50,非都市：風景區 ; 非都市編定：農牧用地
RPRNMLQLKHLFFAV96CA,岩灣段,119.21,都市：住
RPRNMLQLKHLFFAV96CA,岩灣段,119.18,都市：住
RPSNMLPLKHLFFAV96CA,富岡南段,121.68,非都市：鄉村區 ; 非都市編定：乙種建築用地
RPVOMLNJLHLFFAV07CA,台東段,122.00,都市：住
RPVOMLNJLHLFFAV07CA,台東段,12.00,都市：住
RPQNMLMJLHLFFDV66CA,嘉新段,386.89,非都市：山坡地保育區 ; 非都市編定：農牧用地
RPPNMLPLKHLFFAV66CA,建成段,319.22,都市：住
RPPNMLPLKHLFFAV66CA,建成段,179.96,都市：住
RPSNMLQLKHLFFAV07CA,知本段,2500.00,非都市：特定農業區 ; 非都市編定：農牧用地
RPPNMLNJLHLFFBV09CA,玉長段,948.40,非都市：風景區 ; 非都市編定：農牧用地
RPPNMLNJLHLFFBV09CA,玉長段,76.72,非都市：風景區 ; 非都市編定：農牧用地
RPPNMLNJLHLFFBV09CA,玉長段,228.27,非都市：風景區 ; 非都市編定：丙種建築用地
RPPNMLNJLHLFFBV09CA,玉長段,480.33,非都市：風景區 ; 非都市編定：農牧用地
RPPNMLOKLHLFFAV56CA,豐工段,1901.77,都市：工
RPPNMLOKLHLFFAV56CA,豐工段,16.07,都市：工
RPPNMLNJLHLFFDV66CA,秀山段,10.39,都市：住
RPPNMLNJLHLFFDV66CA,秀山段,.00,都市：住
RPQNMLQLKHLFFDV17CA,荒野段,106.16,非都市：一般農業區 ; 非都市編定：甲種建築用地
RPUNMLPLKHLFFAV17CA,南清段,66.34,都市：住
RPRNMLOJLHLFFBV86DA,永福段,38.00,非都市：風景區 ; 非都市編定：丙種建築用地
RPTNMLPLKHLFFAV07CA,富岡南段,80.19,非都市：鄉村區 ; 非都市編定：乙種建築用地
RPTNMLPLKHLFFAV07CA,富岡南段,85.62,非都市：鄉村區 ; 非都市編定：乙種建築用地
RPTNMLPLKHLFFAV07CA,富岡南段,108.33,非都市：鄉村區 ; 非都市編定：乙種建築用地
RPPNMLOLLHLFFDV07DA,愛國段,8000.00,非都市：山坡地保育區 ; 非都市編定：林業用地
RPSNMLOJLHLFFBV96DA,永福段,61.56,非都市：風景區 ; 非都市編定：丙種建築用地
RPTNMLOJLHLFFBV07DA,永福段,43.27,非都市：風景區 ; 非都市編定：丙種建築用地
RPPNMLOJLHLFFBV66DA,萬年段,347.00,非都市：鄉村區 ; 非都市編定：乙種建築用地
RPPNMLQLKHLFFCV07DA,加拿段,207.00,非都市：鄉村區 ; 非都市編定：乙種建築用地
RPXNMLQLKHLFFAV57CA,知本段,1021.00,非都市：特定農業區 ; 非都市編定：農牧用地
RPXNMLQLKHLFFAV57CA,知本段,1063.00,非都市：特定農業區 ; 非都市編定：農牧用地
RPRNMLSJLHLFFAV07CA,豐利段,78.58,都市：住
RPPNMLMJLHLFFAV88CA,東農段,136.14,都市：住
RPPNMLPKLHLFFAV66CA,普優瑪段,29.46,都市：住
RPXOMLNJLHLFFAV27CA,建業段,79.77,都市：住
RPUNMLLKLHLFFAV76CA,豐年段,18.00,都市：住
RPXNMLOLLHLFFAV47CA,興安段,534.97,都市：住
RPPNMLMKLHLFFAV98CA,新生段,5.46,都市：住
RPSNMLPKLHLFFAV96CA,興航段,133.19,都市：住
RPQNMLLJLHLFFAV88CA,青林段,55.00,都市：住
RPPNMLNJLHLFFAV98CA,自強段,200.00,都市：住
RPSNMLNJLHLFFAV66CA,台東段,71.00,都市：住
RPRNMLMJLHLFFAV56DA,光明段,180.00,都市：住
RPPNMLSJLHLFFAV86CA,台東段,12.64,都市：住
RPPNMLQKLHLFFCV96CA,電光段,49.60,非都市：鄉村區 ; 非都市編定：乙種建築用地
RPQNMLRJLHLFFAV96DA,永清段,279.62,都市：商
RPQNMLSJLHLFFAV96CA,東海段,94.54,都市：住
RPQNMLLKLHLFFAV98CA,豐樂段,1659.00,都市：工
RPPNMLQKLHLFFAV76CA,常德段,119.16,都市：住
RPRNMLRJLHLFFAV96CA,豐年段,33.40,都市：住
RPRNMLRJLHLFFAV96CA,豐年段,126.93,都市：住
RPTNMLSJLHLFFAV27CA,馬蘭段,40.42,都市：住
RPPNMLLKLHLFFAV88CA,豐康段,250.80,都市：住
RPPNMLLKLHLFFAV88CA,豐康段,97.22,都市：住
RPQNMLNLLHLFFAV66CA,新中寮段,406.57,都市：其他
RPQNMLNLLHLFFAV66CA,新中寮段,16.03,都市：住
RPQNMLNLLHLFFAV66CA,新中寮段,18.37,都市：住
RPTNMLPKLHLFFAV07CA,南榮段,168.60,都市：農
RPTNMLPKLHLFFAV07CA,南榮段,1203.00,都市：農
RPTNMLPKLHLFFAV07CA,南榮段,1252.72,都市：農
RPTNMLPKLHLFFAV07CA,南榮段,1252.72,都市：農
RPQNMLKKLHLFFBV09DA,永福段,39.71,非都市：風景區 ; 非都市編定：丙種建築用地
RPPNMLPJMHLFFCV86CA,北庄段,2981.24,非都市：一般農業區 ; 非都市編定：農牧用地
RPPNMLPJMHLFFCV86CA,北庄段,2981.22,非都市：一般農業區 ; 非都市編定：農牧用地
RPPNMLPJMHLFFCV86CA,北庄段,176.25,非都市：一般農業區 ; 非都市編定：農牧用地
RPPNMLPJMHLFFCV86CA,北庄段,62.00,非都市：一般農業區 ; 非都市編定：水利用地
RPUNMLRJLHLFFAV27CA,台東段,12.68,都市：住
RPPOMLTLLHLFFAV27CA,豐樂段,416.00,都市：工
RPPNMLPLLHLFFBV86CA,北都蘭段,1449.89,非都市：風景區 ; 非都市編定：農牧用地
RPQNMLPLLHLFFBV96CA,北八里段,51.10,非都市：鄉村區 ; 非都市編定：乙種建築用地
RPQNMLPLLHLFFBV96CA,北八里段,86.12,非都市：鄉村區 ; 非都市編定：乙種建築用地
RPPNMLRJLHLFFAV76CA,青林段,56.90,都市：住
RPSNMLLMLHLFFAV76CA,建康段,3025.87,都市：農
RPSNMLLMLHLFFAV76CA,建康段,375.12,都市：農
RPPNMLLJMHLFFAV98DA,利家段,115.00,非都市：特定農業區 ; 非都市編定：甲種建築用地
RPVNMLSJLHLFFAV47CA,常德段,105.89,都市：住
RPPNMLKKLHLFFDV56DA,復興段,20.39,都市：住
RPQNMLLKLHLFFBV09CA,新竹湖段,6431.61,非都市：風景區 ; 非都市編定：農牧用地
RPWNMLSJLHLFFAV57CA,豐年段,134.20,都市：住
RPTNMLLKLHLFFAV66CA,建本段,106.69,都市：農
RPRNMLTJLHLFFAV17CA,豐樂段,527.00,都市：工
RPRNMLTJLHLFFAV17CA,豐樂段,470.00,都市：工
RPRNMLTJLHLFFAV17CA,豐樂段,500.00,都市：工
RPRNMLTJLHLFFAV17CA,豐樂段,500.00,都市：工
RPSNMLTJLHLFFAV27CA,興安段,145.05,都市：住
RPRNMLLMLHLFFCV86CA,南山段,683.69,非都市：一般農業區 ; 非都市編定：農牧用地
RPRNMLLMLHLFFCV86CA,南山段,2168.26,非都市：一般農業區 ; 非都市編定：農牧用地
RPQNMLTJLHLFFAV07CA,豐富段,250.73,都市：住
RPQNMLTJLHLFFAV07CA,豐富段,65.25,都市：住
RPXNMLLKLHLFFAV07CA,下南寮段,91.86,都市：住
RPQNMLQKLHLFFAV86CA,豐利段,27.65,都市：住
RPPNMLKKLHLFFCV98CA,月野段,211.00,非都市：特定農業區 ; 非都市編定：農牧用地
RPPNMLRKLHLFFBV96CA,高原段,6452.00,非都市：森林區 ; 非都市編定：農牧用地
RPPNMLKKLHLFFBV98DA,三民段,239.72,都市：其他
RPPNMLKKLHLFFBV98DA,三民段,248.64,都市：其他
RPPNMLKKLHLFFBV98DA,三民段,114.21,都市：其他
RPPNMLKKLHLFFBV98DA,三民段,35.22,都市：其他
RPPNMLKKLHLFFBV98DA,三民段,31.38,都市：其他
RPPNMLKKLHLFFBV98DA,三民段,150.79,都市：其他
RPWNMLLKLHLFFAV96CA,馬蘭段,42.79,都市：住
RPRNMLKKLHLFFAV98CA,利家段,2961.00,非都市：特定農業區 ; 非都市編定：農牧用地
RPQNMLPKLHLFFAV76CA,東海段,16.12,都市：住
RPQNMLPKLHLFFAV76CA,東海段,1.04,都市：住
RPPNMLPKLHLFFCV96DA,鹿野段,1140.00,非都市：特定農業區 ; 非都市編定：農牧用地
RPSNMLLKLHLFFAV56CA,大業段,38.38,都市：其他
RPRNMLPKLHLFFAV86CA,台東段,66.00,都市：住
RPPNMLLKLHLFFBV09DA,高台段,212.94,非都市：鄉村區 ; 非都市編定：乙種建築用地
RPOOMLLKLHLFFAV88CA,豐年段,71.67,都市：住
RPPNMLLJMHLFFCV09CA,池上段,785.00,非都市：山坡地保育區 ; 非都市編定：農牧用地
RPPNMLLJMHLFFCV09CA,池上段,735.00,非都市：山坡地保育區 ; 非都市編定：農牧用地
RPSNMLRKLHLFFAV17CA,台東段,43.74,都市：住
RPPNMLOLLHLFFBV76CA,新港段八邊小段,2177.00,非都市：風景區 ; 非都市編定：農牧用地
RPUNMLTLLHLFFAV67CA,下賓朗段,1380.55,非都市：一般農業區 ; 非都市編定：農牧用地
RPPNMLSKLHLFFBV07CA,北八里段,2884.32,非都市：風景區 ; 非都市編定：農牧用地
RPPNMLPKLHLFFBV76CA,三民段,132.27,都市：住
RPPNMLNKMHLFFCV76CA,中福段,10.89,都市：其他
RPRNMLLKMHLFFCV86DA,里段,46.76,都市：其他
RPQNMLLKMHLFFCV76DA,里段,18.20,都市：其他
RPRNMLPKLHLFFBV96CA,忠智段,96.90,都市：住
RPTNMLLKMHLFFCV07DA,里段,71.95,都市：其他
RPTNMLLKMHLFFCV07DA,里段,39.56,都市：其他
RPUNMLRKLHLFFAV37CA,豐年段,105.89,都市：住
RPUNMLLKMHLFFCV17DA,里段,20.37,都市：其他
RPPNMLLKMHLFFCV66DA,里段,64.83,都市：其他
RPPNMLLKMHLFFCV66DA,里段,36.38,都市：其他
RPPNMLLKMHLFFCV66DA,里段,136.33,都市：其他
RPPNMLLKMHLFFCV66DA,里段,2.77,都市：其他
RPPNMLLKMHLFFCV66DA,里段,12.50,都市：其他
RPPNMLLKMHLFFCV66DA,里段,43.81,都市：其他
RPQNMLSKLHLFFAV07CA,馬蘭段,11.54,都市：住
RPWNMLLKMHLFFCV37DA,里段,97.17,都市：其他
RPWNMLLKMHLFFCV37DA,里段,24.28,都市：其他
RPXNMLLKMHLFFCV47DA,里段,9.51,都市：其他
RPXNMLLKMHLFFCV47DA,里段,.82,都市：其他
RPQOMLLKMHLFFCV86DA,中福段,65.89,都市：其他
RPPNMLRKLHLFFCV17DA,牧野段,398.17,非都市：特定農業區 ; 非都市編定：甲種建築用地
RPPNMLRKLHLFFCV17DA,牧野段,244.04,非都市：特定農業區 ; 非都市編定：甲種建築用地
RPSOMLLKMHLFFCV07DA,中福段,416.04,都市：其他
RPRNMLQKLHLFFAV96CA,台東段,22.50,都市：商
RPRNMLQKLHLFFAV96CA,台東段,22.50,都市：商
RPTNMLRKLHLFFAV27CA,建成段,539.57,都市：住
RPQNMLLMLHLFFAV66DA,豐年段,9.00,都市：住
RPVNMLOLLHLFFAV27CA,利家段,2726.00,非都市：特定農業區 ; 非都市編定：農牧用地
RPPNMLSKLHLFFCV17CA,南山段,116.44,都市：住
RPROMLLKMHLFFCV96DA,中福段,91.61,都市：其他
RPQNMLOLLHLFFAV76CA,豐年段,5.50,都市：住
RPVNMLRKLHLFFAV47CA,光明段,123.00,都市：住
RPPNMLSJMHLFFCV17CA,月野段,5046.00,非都市：山坡地保育區 ; 非都市編定：農牧用地
RPPNMLSJMHLFFCV17CA,月野段,3180.00,非都市：山坡地保育區 ; 非都市編定：農牧用地
RPPNMLSJMHLFFCV17CA,月野段,969.00,非都市：特定農業區 ; 非都市編定：農牧用地
RPTNMLQKLHLFFAV17CA,台東段,107.00,都市：住
RPPNMLSKLHLFFAV96CA,自強段,6.00,都市：住
RPSNMLNKMHLFFCV07CA,中福段,17.72,都市：其他
RPSNMLNKMHLFFCV07CA,中福段,13.57,都市：其他
RPQNMLSKLHLFFBV17CA,新竹湖段,1037.94,非都市：風景區 ; 非都市編定：農牧用地
RPVNMLLKMHLFFCV27DA,里段,52.25,都市：其他
RPQNMLSKLHLFFCV37DA,瑞里段,1561.29,非都市：一般農業區 ; 非都市編定：農牧用地
RPUNMLPKMHLFFAV27CA,台東段,50.00,都市：商
RPPNMLLLLHLFFAV98CA,台東段,104.00,都市：住
RPSNMLLKMHLFFCV96DA,里段,34.80,都市：其他
RPSNMLLKMHLFFCV96DA,里段,37.18,都市：其他
RPSNMLLKMHLFFCV96DA,里段,70.28,都市：其他
RPQNMLPLLHLFFCV17DA,慶福段,22.75,都市：住
RPQNMLPLLHLFFCV17DA,慶福段,7.85,都市：住
RPQNMLOLLHLFFBV86CA,忠仁段,132.02,都市：住
RPRNMLLLLHLFFAV56CA,自強段,9.00,都市：住
RPRNMLLLLHLFFAV56CA,自強段,88.00,都市：住
RPRNMLLLLHLFFAV56CA,自強段,35.00,都市：住
RPRNMLSLLHLFFAV27CA,北南王段,509.37,都市：住
RPQNMLSLLHLFFDV47CA,復興段,96.31,都市：商
RPQNMLSLLHLFFDV47CA,復興段,5.56,都市：其他
RPQNMLSLLHLFFDV47CA,復興段,29.53,都市：商
RPPNMLSKMHLFFCV37DA,新興段,3911.75,非都市：特定農業區 ; 非都市編定：農牧用地
RPPNMLLJMHLFFBV09DA,三間屋段,444.41,非都市：風景區 ; 非都市編定：農牧用地
RPPNMLTLLHLFFAV17CA,台東段,150.00,都市：商
RPPNMLLMLHLFFCV66CA,慶福段,1.83,都市：商
RPPNMLLMLHLFFCV66CA,慶福段,12.37,都市：商
RPRNMLSLLHLFFDV57CA,嘉新段,22.26,非都市：鄉村區 ; 非都市編定：乙種建築用地
RPRNMLLMLHLFFAV66CA,石壁段,665.60,都市：農
RPRNMLSLLHLFFBV37CA,八桑灣段,906.36,非都市：風景區 ; 非都市編定：農牧用地
RPWNMLMKMHLFFAV17CA,台東段,90.00,都市：商
RPPNMLNLLHLFFBV76DA,高原段,8250.00,非都市：森林區 ; 非都市編定：農牧用地
RPQNMLTLLHLFFAV27CA,上原段,5060.00,非都市：山坡地保育區 ; 非都市編定：農牧用地
RPRNMLOLLHLFFAV86CA,公東段,174.56,都市：住
RPRNMLOLLHLFFAV86CA,公東段,140.25,都市：住
RPRNMLOLLHLFFAV86CA,公東段,55.12,都市：住
RPWNMLOLLHLFFAV37CA,永樂段,104.00,都市：住
RPWNMLOLLHLFFAV37CA,永樂段,204.00,都市：住
RPSNMLNLLHLFFAV86CA,馬蘭段,6.88,都市：住
RPPNMLPLLHLFFAV76CA,豐源段,3305.45,非都市：特定農業區 ; 非都市編定：農牧用地
RPTNMLOLLHLFFAV07CA,豐里段,83.77,非都市：鄉村區 ; 非都市編定：乙種建築用地
RPTNMLOLLHLFFAV07CA,豐里段,11.67,非都市：鄉村區 ; 非都市編定：乙種建築用地
RPSNMLOLLHLFFAV96CA,知本段,2700.00,非都市：特定農業區 ; 非都市編定：農牧用地
RPSNMLOLLHLFFAV96CA,知本段,5000.00,非都市：特定農業區 ; 非都市編定：農牧用地
RPRNMLPLLHLFFCV17CA,慶福段,1089.71,都市：其他
RPPNMLSLLHLFFAV07CA,自強段,22.00,都市：住
RPUNMLOLLHLFFAV17CA,東海段,16.12,都市：住
RPUNMLOLLHLFFAV17CA,東海段,1.04,都市：住
RPPNMLSLLHLFFBV27DA,高原段,38.00,非都市：鄉村區 ; 非都市編定：乙種建築用地
RPQNMLSLLHLFFBV37DA,永福段,43.27,非都市：風景區 ; 非都市編定：丙種建築用地
RPPNMLKMLHLFFAV98CA,馬蘭段,39.90,都市：住
RPPNMLQJMHLFFCV07DA,牧野段,6000.12,非都市：特定農業區 ; 非都市編定：農牧用地
RPQNMLLJMHLFFBV56DA,烏石鼻段,129.43,非都市：鄉村區 ; 非都市編定：乙種建築用地
RPQNMLLJMHLFFBV56DA,烏石鼻段,143.15,非都市：鄉村區 ; 非都市編定：乙種建築用地
RPVNMLMKNHLFFAV17CA,中正段,91.00,都市：住
RPQNMLKMLHLFFDV76CA,復興段,327.11,都市：住
RPQNMLPLLHLFFAV96DA,南榮段,2856.99,都市：農
RPQNMLPLLHLFFAV96DA,南榮段,1320.30,都市：農
RPQNMLPLLHLFFAV96DA,南榮段,280.78,都市：農
RPSNMLLJMHLFFAV56CA,知本段,1333.00,非都市：特定農業區 ; 非都市編定：農牧用地
RPSNMLLJMHLFFAV56CA,知本段,1333.00,非都市：特定農業區 ; 非都市編定：農牧用地
RPSNMLLJMHLFFAV56CA,知本段,1334.00,非都市：特定農業區 ; 非都市編定：農牧用地
RPUNMLSLLHLFFAV67DA,利家段,96.00,非都市：特定農業區 ; 非都市編定：甲種建築用地
RPPNMLKLMHLFFCV56CA,隆昌段,1979.04,非都市：山坡地保育區 ; 非都市編定：農牧用地
RPPNMLLMLHLFFDV86DA,大竹段,271.00,非都市：山坡地保育區 ; 非都市編定：林業用地
RPPNMLLMLHLFFDV86DA,大竹段,3951.00,非都市：山坡地保育區 ; 非都市編定：林業用地
RPRNMLPLLHLFFAV96CA,建康段,91.65,都市：住
RPRNMLPLLHLFFBV07CA,和平南段,2427.77,非都市：風景區 ; 非都市編定：農牧用地
RPRNMLPLLHLFFBV07CA,和平南段,189.02,非都市：風景區 ; 非都市編定：農牧用地
RPRNMLPLLHLFFBV07CA,和平南段,35.21,非都市：風景區 ; 非都市編定：農牧用地
RPRNMLPLLHLFFBV07CA,和平南段,3274.28,非都市：風景區 ; 非都市編定：農牧用地
RPPNMLSLLHLFFCV27CA,月野段,898.00,非都市：特定農業區 ; 非都市編定：農牧用地
RPPNMLSLLHLFFCV27CA,月野段,910.00,非都市：特定農業區 ; 非都市編定：農牧用地
RPPNMLSLLHLFFCV27CA,月野段,910.00,非都市：特定農業區 ; 非都市編定：農牧用地
RPPNMLSLLHLFFCV27CA,月野段,910.00,非都市：特定農業區 ; 非都市編定：農牧用地
RPQNMLSLLHLFFCV37CA,月野段,5367.00,非都市：特定農業區 ; 非都市編定：農牧用地
RPQNMLSLLHLFFCV37CA,月野段,1210.00,非都市：特定農業區 ; 非都市編定：農牧用地
RPPNMLRJMHLFFAV86CA,初鹿段,857.00,非都市：特定農業區 ; 非都市編定：甲種建築用地
RPVNMLLJMHLFFAV86CA,東海段,109.90,都市：住
RPVNMLLJMHLFFAV86CA,東海段,12.09,都市：住
RPSNMLPLLHLFFBV17CA,高原段,1199.20,非都市：森林區 ; 非都市編定：農牧用地
RPSNMLPLLHLFFBV17CA,高原段,299.80,非都市：森林區 ; 非都市編定：農牧用地
RPPNMLSJMHLFFAV96CA,初鹿段,80.00,非都市：特定農業區 ; 非都市編定：農牧用地
RPPNMLSJMHLFFAV96CA,初鹿段,50.00,非都市：特定農業區 ; 非都市編定：甲種建築用地
RPWNMLTLLHLFFAV87CA,澱粉段,88.28,非都市：特定農業區 ; 非都市編定：甲種建築用地
RPRNMLNKMHLFFCV96CA,豐泉段,75.70,都市：住
RPPNMLTLLHLFFCV37CA,里段,44.18,都市：商
RPPNMLTLLHLFFCV37CA,里段,50.63,都市：商
RPSNMLTLLHLFFAV47CA,豐成段,3191.26,非都市：特定農業區 ; 非都市編定：農牧用地
RPSNMLTLLHLFFAV47CA,豐成段,4805.13,非都市：特定農業區 ; 非都市編定：農牧用地
RPVNMLPKMHLFFAV37CA,中山段,41.00,都市：住
RPVNMLPKMHLFFAV37CA,中山段,41.00,都市：住
RPRNMLSKMHLFFAV27CA,台東段,53.60,都市：住
RPQNMLPLMHLFFAV07DA,中心段,27.00,都市：商
RPSNMLSLLHLFFAV37CA,台東段,64.00,都市：住
RPQNMLKMLHLFFAV09CA,台東段,20.00,都市：商
RPXNMLTLLHLFFAV97CA,澱粉段,168.54,非都市：特定農業區 ; 非都市編定：甲種建築用地
RPOOMLTLLHLFFAV17CA,東農段,3631.70,非都市：特定農業區 ; 非都市編定：農牧用地
RPOOMLTLLHLFFAV17CA,東農段,365.70,非都市：特定農業區 ; 非都市編定：甲種建築用地
RPQNMLSLLHLFFAV17CA,豐年段,111.73,都市：住
RPVNMLTLLHLFFAV77CA,澱粉段,87.85,非都市：特定農業區 ; 非都市編定：甲種建築用地
RPVNMLLLMHLFFAV17DA,順天段,13.73,都市：住
RPVNMLLLMHLFFAV17DA,順天段,115.10,都市：住
RPVNMLLLMHLFFAV17DA,豐康段,31.17,都市：住
RPVNMLMKMHLFFAV07CA,利泰段,188.26,非都市：一般農業區 ; 非都市編定：農牧用地
RPVNMLMKMHLFFAV07CA,利泰段,706.34,非都市：一般農業區 ; 非都市編定：農牧用地
RPVNMLMKMHLFFAV07CA,利泰段,5002.66,非都市：一般農業區 ; 非都市編定：農牧用地
RPQNMLLMLHLFFCV86DA,大埔段,1.39,都市：住
RPQNMLLMLHLFFCV86DA,大埔段,108.28,都市：住
RPQNMLLMLHLFFCV86DA,大埔段,4.22,都市：住
RPQNMLLMLHLFFCV86DA,大埔段,3.25,都市：住
RPRNMLSJMHLFFAV17CA,豐川段,648.82,非都市：特定農業區 ; 非都市編定：甲種建築用地
RPQNMLNKMHLFFCV86CA,月野段,2778.00,非都市：特定農業區 ; 非都市編定：農牧用地
RPUNMLLJMHLFFAV76CA,上原段,764.00,非都市：山坡地保育區 ; 非都市編定：交通用地
RPUNMLLJMHLFFAV76CA,上原段,214.00,非都市：山坡地保育區 ; 非都市編定：交通用地
RPPNMLLMLHLFFAV09CA,台東段,51.96,都市：住
RPOOMLLJMHLFFAV88CA,東海段,2.00,都市：住
RPWNMLMLMHLFFAV37DA,豐年段,18.50,都市：住
RPSNMLKMLHLFFDV96CA,秀山段,100.00,都市：農
RPSNMLKMLHLFFDV96CA,秀山段,138.81,都市：農
RPSNMLKMLHLFFDV96CA,秀山段,100.01,都市：農
RPSNMLKMLHLFFDV96CA,樂山段,404.66,非都市：山坡地保育區 ; 非都市編定：農牧用地
RPSNMLKMLHLFFDV96CA,樂山段,132.00,非都市：山坡地保育區 ; 非都市編定：農牧用地
RPQNMLMKMHLFFAV56CA,台東段,16.72,都市：住
RPTNMLRLMHLFFAV47CA,興安段,274.74,都市：住
RPPNMLRLMHLFFAV17DA,新園段,1388.00,非都市：特定農業區 ; 非都市編定：農牧用地
RPRNMLLJMHLFFDV76CA,秀山段,8.08,都市：住
RPRNMLLJMHLFFDV76CA,秀山段,.00,都市：住
RPXNMLLJMHLFFAV07CA,利家段,1232.50,非都市：特定農業區 ; 非都市編定：農牧用地
RPPNMLQJMHLFFBV86CA,新竹湖段,75.70,非都市：風景區 ; 非都市編定：農牧用地
RPPNMLQJMHLFFBV86CA,新竹湖段,95.00,非都市：風景區 ; 非都市編定：農牧用地
RPPNMLQJMHLFFBV86CA,新竹湖段,24.91,非都市：鄉村區 ; 非都市編定：乙種建築用地
RPWNMLLJMHLFFAV96CA,南清段,17.92,都市：住
RPWNMLLJMHLFFAV96CA,南清段,16.75,都市：住
RPRNMLLLMHLFFAV66CA,上南寮段,188.55,都市：住
RPRNMLLLMHLFFAV66CA,上南寮段,86.33,都市：其他
RPRNMLLLMHLFFAV66CA,上南寮段,15.71,都市：住
RPUNMLLKMHLFFAV86CA,豐里段,2506.22,非都市：特定農業區 ; 非都市編定：農牧用地
RPQNMLLJMHLFFCV56CA,隆盛段,216.71,非都市：特定農業區 ; 非都市編定：甲種建築用地
RPPNMLRJMHLFFCV17DA,月野段,1266.00,非都市：特定農業區 ; 非都市編定：農牧用地
RPPNMLRJMHLFFCV17DA,月野段,1266.00,非都市：特定農業區 ; 非都市編定：農牧用地
RPPNMLRJMHLFFCV17DA,月野段,1520.00,非都市：特定農業區 ; 非都市編定：農牧用地
RPPNMLRJMHLFFCV17DA,月野段,2691.00,非都市：特定農業區 ; 非都市編定：農牧用地
RPSOMLQLMHLFFAV37CA,台東段,68.00,都市：住
RPSOMLQLMHLFFAV37CA,台東段,20.00,都市：住
RPPNMLQJMHLFFAV76CA,台東段,71.00,都市：住
RPSNMLSJMHLFFAV27CA,大業段,1627.99,非都市：特定農業區 ; 非都市編定：農牧用地
RPQNMLQJMHLFFBV96CA,和平南段,1605.64,非都市：風景區 ; 非都市編定：農牧用地
RPUNMLRLMHLFFAV57CA,興安段,122.11,都市：住
RPRNMLTKMHLFFCV57CA,月美段,1290.00,非都市：特定農業區 ; 非都市編定：農牧用地
RPQNMLRKMHLFFAV07CA,豐成段,377.88,非都市：特定農業區 ; 非都市編定：甲種建築用地
RPQNMLRKMHLFFAV07CA,豐成段,1180.70,非都市：特定農業區 ; 非都市編定：農牧用地
RPSNMLPJNHLFFCV27CA,源隆段,25.84,非都市：鄉村區 ; 非都市編定：乙種建築用地
RPSNMLPJNHLFFCV27CA,源隆段,25.84,非都市：鄉村區 ; 非都市編定：乙種建築用地
RPQNMLRLMHLFFBV27CA,和平南段,1220.42,非都市：風景區 ; 非都市編定：農牧用地
RPPNMLRJMHLFFBV96CA,和平南段,229.92,非都市：風景區 ; 非都市編定：農牧用地
RPRNMLRJMHLFFAV07CA,台東段,280.00,都市：其他
RPRNMLRJMHLFFCV27CA,福文段,77.56,都市：住
RPROMLLJMHLFFAV56CA,馬蘭段,105.00,都市：住
RPPNMLSJMHLFFBV07CA,加走灣段,9081.88,非都市：風景區 ; 非都市編定：農牧用地
RPWNMLSJMHLFFAV67CA,豐年段,115.89,都市：住
RPWNMLSJMHLFFAV67CA,豐年段,116.29,都市：住
RPRNMLRLMHLFFDV67DA,正興段,48.20,都市：其他
RPRNMLRLMHLFFDV67DA,正興段,10.60,都市：其他
RPRNMLRLMHLFFDV67DA,正興段,21.54,都市：其他
RPQNMLRJMHLFFAV96CA,東海段,106.70,都市：商
RPRNMLPLMHLFFAV07CA,台東段,111.00,都市：住
RPTNMLMKMHLFFAV86CA,豐年段,110.40,都市：住
RPTNMLMKMHLFFAV86CA,豐年段,36.92,都市：住
RPTNMLSJMHLFFAV37CA,豐康段,2947.58,非都市：特定農業區 ; 非都市編定：農牧用地
RPRNMLLKMHLFFAV66DA,台東段,2.11,都市：商
RPTNMLLKMHLFFAV76CA,富山段,322.38,非都市：風景區 ; 非都市編定：丙種建築用地
RPUNMLOKMHLFFAV17CA,新生段,163.00,都市：住
RPVNMLOKMHLFFAV27CA,知本段,1000.00,非都市：特定農業區 ; 非都市編定：農牧用地
RPPNMLLKMHLFFAV98CA,豐谷段,70.00,都市：住
RPPNMLLKMHLFFAV98CA,豐谷段,23.00,都市：其他
RPRNMLOKMHLFFAV86CA,東海段,5505.34,都市：農
RPVNMLSJMHLFFAV57CA,新生段,55.00,都市：住
RPVNMLSJMHLFFAV57CA,新生段,55.00,都市：住
RPQNMLLKMHLFFAV09CA,東海段,1.62,都市：住
RPQNMLLKMHLFFAV09CA,東海段,25.08,都市：住
RPPOMLOKMHLFFAV76CA,東海段,160.63,都市：住
SPRNMLMKMHLFFAV76CA,馬蘭段,125.00,都市：商
SPRNMLMKMHLFFAV76CA,馬蘭段,197.00,都市：商
RPSNMLLKMHLFFAV66CA,台東段,15.23,都市：住
RPPNMLPJNHLFFBV86CA,和平南段,126.25,非都市：風景區 ; 非都市編定：丙種建築用地
RPPNMLQLMHLFFCV17CA,大池段,1592.39,非都市：風景區 ; 非都市編定：農牧用地
RPPNMLMKMHLFFCV66CA,大原段,23.31,非都市：一般農業區 ; 非都市編定：農牧用地
RPPNMLPLMHLFFBV96CA,萬年段,267.00,非都市：鄉村區 ; 非都市編定：乙種建築用地
RPPNMLMLMHLFFCV76CA,月野段,85.00,非都市：山坡地保育區 ; 非都市編定：農牧用地
RPPNMLMLMHLFFCV76CA,月野段,2865.43,非都市：山坡地保育區 ; 非都市編定：農牧用地
RPSNMLMKMHLFFAV76CA,岩灣段,130.13,都市：住
RPPNMLLLMHLFFBV66DA,沙泥灣段,251.43,非都市：風景區 ; 非都市編定：農牧用地
RPPNMLMKMHLFFBV66DA,新港段新港小段,984.00,非都市：風景區 ; 非都市編定：農牧用地
RPQNMLMKMHLFFBV66CA,南佳里段,827.92,非都市：風景區 ; 非都市編定：農牧用地
RPQNMLNKMHLFFBV76CA,新港段新港小段,2839.00,非都市：風景區 ; 非都市編定：農牧用地
RPQNMLNKMHLFFBV76CA,新港段新港小段,172.00,非都市：風景區 ; 非都市編定：丙種建築用地
RPQNMLNKMHLFFBV76CA,新港段新港小段,4610.00,非都市：風景區 ; 非都市編定：農牧用地
RPPNMLLKMHLFFBV09CA,濱海段,566.93,都市：農
RPPNMLNKMHLFFBV66CA,新港段新港小段,5412.00,非都市：風景區 ; 非都市編定：農牧用地
RPPNMLOKMHLFFBV76CA,玉港段,1552.69,非都市：風景區 ; 非都市編定：農牧用地
RPPNMLOKMHLFFBV76CA,玉港段,1357.95,非都市：風景區 ; 非都市編定：農牧用地
RPPNMLOKMHLFFBV76CA,玉港段,1490.44,非都市：風景區 ; 非都市編定：農牧用地
RPPNMLKLMHLFFBV09CA,黃金橋段,294.03,非都市：風景區 ; 非都市編定：丙種建築用地
RPSNMLOKMHLFFAV96CA,利家段,1089.33,非都市：山坡地保育區 ; 非都市編定：農牧用地
RPRNMLNKMHLFFAV76CA,東海段,228.00,都市：住
RPPNMLMKMHLFFAV09CA,知本段,1944.00,非都市：特定農業區 ; 非都市編定：農牧用地
RPTNMLQLMHLFFAV47DA,建本段,1045.51,都市：其他
RPVNMLNKMHLFFCV47DA,鹿寮段,263.93,非都市：山坡地保育區 ; 非都市編定：丙種建築用地
RPUNMLMKMHLFFAV96CA,東海段,133.41,都市：住
RPPNMLLJNHLFFCV56CA,四維段,5085.86,非都市：一般農業區 ; 非都市編定：農牧用地
RPPNMLLJNHLFFCV56CA,四維段,5085.86,非都市：一般農業區 ; 非都市編定：農牧用地
RPPNMLLJNHLFFCV56CA,四維段,977.27,非都市：一般農業區 ; 非都市編定：農牧用地
RPPNMLLJNHLFFCV56CA,四維段,977.27,非都市：一般農業區 ; 非都市編定：農牧用地
RPPNMLNKMHLFFAV56CA,東海段,100.81,都市：住
RPTNMLNKMHLFFCV17CA,隆昌段,590.59,非都市：鄉村區 ; 非都市編定：乙種建築用地
RPROMLOKMHLFFAV07DA,公東段,180.13,都市：住
RPROMLOKMHLFFAV07DA,公東段,541.79,都市：住
RPTNMLNKMHLFFAV07DA,建本段,97.00,都市：農
RPXNMLOKMHLFFAV47CA,豐聖段,163.73,都市：農
RPWNMLOKMHLFFAV37CA,台東段,122.42,都市：商
RPOOMLOKMHLFFAV66CA,豐聖段,154.58,都市：農
RPPNMLPKMHLFFAV76CA,青林段,4409.30,非都市：山坡地保育區 ; 非都市編定：農牧用地
RPSNMLNKMHLFFAV86CA,馬蘭段,132.00,都市：住
RPPNMLSKMHLFFBV17CA,和平南段,57.48,非都市：風景區 ; 非都市編定：農牧用地
SPWNMLOKMHLFFAV47CA,台東段,93.32,都市：商
TPWNMLOKMHLFFAV57CA,台東段,122.42,都市：商
RPQNMLOKMHLFFBV86CA,新港段新港小段,1836.00,非都市：風景區 ; 非都市編定：農牧用地
RPQNMLOKMHLFFBV86CA,新港段新港小段,1835.00,非都市：風景區 ; 非都市編定：農牧用地
RPQNMLOKMHLFFBV86CA,新港段新港小段,22.00,非都市：風景區 ; 非都市編定：農牧用地
RPQNMLOKMHLFFBV86CA,新港段新港小段,6.00,非都市：風景區 ; 非都市編定：農牧用地
RPTNMLOKMHLFFAV07CA,北南王段,7.80,都市：住
RPTNMLOKMHLFFAV07CA,北南王段,126.67,都市：住
RPRNMLPKMHLFFAV96CA,新生段,30.50,都市：住
RPRNMLPKMHLFFAV96CA,新生段,30.50,都市：住
RPPNMLLLMHLFFAV09CA,上南寮段,353.28,都市：農
RPTNMLPKMHLFFAV17CA,富岡段,158.01,非都市：鄉村區 ; 非都市編定：乙種建築用地
RPPNMLPKMHLFFCV07DA,福文段,60.05,都市：住
RPRNMLTKMHLFFBV57DA,高原段,303.00,非都市：鄉村區 ; 非都市編定：乙種建築用地
RPPNMLSKMHLFFAV17DA,豐榮段,68.00,都市：住
RPPNMLTKMHLFFCV47DA,南山段,109.96,都市：住
RPPNMLNLMHLFFDV96CA,多良段,13550.00,非都市：山坡地保育區 ; 非都市編定：林業用地
RPPNMLTKMHLFFDV47CA,秀山段,128.86,都市：其他
RPSNMLPKMHLFFAV07CA,興安段,124.72,都市：住
RPWNMLPLMHLFFAV67DA,新生段,14.89,都市：住
RPQNMLSKMHLFFDV57DA,金富段,555.24,非都市：山坡地保育區 ; 非都市編定：農牧用地
RPQNMLSKMHLFFDV57DA,金富段,88.68,非都市：山坡地保育區 ; 非都市編定：農牧用地
RPQNMLTKMHLFFAV27CA,台東段,4.50,都市：商
RPQNMLTKMHLFFAV27CA,台東段,4.50,都市：商
RPPNMLTKMHLFFAV17CA,台東段,2.00,都市：商
RPQNMLPKMHLFFCV07CA,里段,98.26,都市：商
RPQNMLSKMHLFFAV17CA,旭川段,2700.00,非都市：特定農業區 ; 非都市編定：農牧用地
RPQNMLPKMHLFFAV86CA,台東段,66.00,都市：住
RPOOMLRLMHLFFAV07CA,新生段,13.65,都市：住
RPRNMLTKMHLFFAV37CA,煙草間段,124.87,非都市：特定農業區 ; 非都市編定：甲種建築用地
RPWNMLRLMHLFFAV77CA,建成段,193.29,都市：商
RPWNMLRLMHLFFAV77CA,建成段,193.07,都市：商
RPSNMLTKMHLFFAV47CA,常德段,76.05,都市：住
RPRNMLKLMHLFFAV56CA,公東段,67.11,都市：住
RPVOMLRLMHLFFAV77CA,東谷段,114.54,都市：住
RPTNMLTKMHLFFAV57CA,豐年段,54.78,都市：住
RPTNMLTKMHLFFAV57CA,豐年段,14.49,都市：住
RPTNMLTKMHLFFAV57CA,豐年段,97.16,都市：住
RPRNMLMLMHLFFAV76CA,福德段,1419.72,非都市：山坡地保育區 ; 非都市編定：農牧用地
RPUNMLTKMHLFFAV67CA,富岡段,74.42,非都市：鄉村區 ; 非都市編定：乙種建築用地
RPTNMLSKMHLFFAV47CA,豐年段,54.63,都市：商
RPSNMLMLMHLFFAV86CA,利家段,2537.00,非都市：特定農業區 ; 非都市編定：農牧用地
RPVNMLPLMHLFFAV47CA,大豐段,2948.16,非都市：特定農業區 ; 非都市編定：農牧用地
RPVNMLPLMHLFFAV47CA,大豐段,4198.43,非都市：特定農業區 ; 非都市編定：農牧用地
RPPNMLRLMHLFFBV17CA,田組段,2793.74,非都市：風景區 ; 非都市編定：農牧用地
RPPNMLMLMHLFFAV56CA,建國段,231.00,都市：商
RPPNMLMLMHLFFAV56CA,建國段,66.99,都市：商
RPPNMLMLMHLFFAV56CA,建國段,5.01,都市：其他
RPQNMLKLMHLFFCV76DA,南山段,84.31,都市：住
RPRNMLTLMHLFFCV67CA,紅葉段,1405.50,都市：農
RPRNMLTLMHLFFCV67CA,紅葉段,1405.50,都市：農
RPPNMLNLMHLFFCV96DA,鹿野段,8952.00,非都市：山坡地保育區 ; 非都市編定：農牧用地
RPQNMLMJNHLFFCV86DA,里段,93.34,都市：住
RPUOMLRLMHLFFAV67CA,利家段,2964.00,非都市：特定農業區 ; 非都市編定：農牧用地
RPSNMLMJNHLFFAV76CA,台東段,93.00,都市：商
RPVNMLMJNHLFFAV07CA,台東段,93.00,都市：商
RPTNMLMJNHLFFAV86CA,台東段,68.00,都市：商
RPTNMLMJNHLFFAV86CA,台東段,25.00,都市：住
RPUNMLMJNHLFFAV96CA,台東段,95.00,都市：商
RPPNMLMLMHLFFBV66CA,三民段,345.10,都市：住
RPUNMLLLMHLFFAV96CA,豐川段,1575.09,都市：農
RPTOMLQLMHLFFAV47CA,永清段,94.52,都市：住
RPQNMLRLMHLFFAV17CA,南清段,82.84,都市：住
RPQNMLRLMHLFFAV17CA,南清段,25.92,都市：住
RPPNMLSJNHLFFBV17CA,大馬段,2927.00,非都市：風景區 ; 非都市編定：農牧用地
RPPNMLSJNHLFFBV17CA,大馬段,216.33,非都市：風景區 ; 非都市編定：農牧用地
RPQNMLMLMHLFFAV66CA,台東段,43.74,都市：住
RPPNMLKLMHLFFAV98CA,台東段,84.00,都市：商
RPXNMLLLMHLFFAV27CA,泰安段,4713.27,非都市：一般農業區 ; 非都市編定：農牧用地
RPWNMLLLMHLFFAV17CA,南清段,85.09,都市：住
RPSNMLPLMHLFFAV17CA,石壁段,184.40,都市：住
RPSNMLPLMHLFFAV17CA,石壁段,7.17,都市：住
RPTNMLLLMHLFFAV86CA,新生段,12.40,都市：住
RPQNMLKLMHLFFAV09CA,普優瑪段,82.12,都市：住
RPQNMLKLMHLFFAV09CA,普優瑪段,1.40,都市：住
RPQNMLPJNHLFFCV07CA,月野段,2778.00,非都市：特定農業區 ; 非都市編定：農牧用地
RPTNMLMLMHLFFAV96CA,利家段,1232.50,非都市：特定農業區 ; 非都市編定：農牧用地
RPQNMLLLMHLFFBV66CA,小馬東段,456.00,非都市：風景區 ; 非都市編定：農牧用地
RPPNMLPJNHLFFCV96CA,電光段,394.74,非都市：鄉村區 ; 非都市編定：乙種建築用地
RPPNMLSLMHLFFCV47DA,康源段,6910.00,非都市：山坡地保育區 ; 非都市編定：林業用地
RPRNMLRLMHLFFAV37DA,南榮段,645.21,都市：農
RPPOMLQLMHLFFAV07CA,南清段,173.23,都市：住
RPUNMLMLMHLFFAV07CA,豐利段,104.60,都市：住
RPQNMLRKNHLFFBV37DA,玉港段,202.16,非都市：風景區 ; 非都市編定：農牧用地
RPQNMLQLMHLFFCV37DA,隆昌段,315.02,非都市：鄉村區 ; 非都市編定：乙種建築用地
RPSOMLRLMHLFFAV47CA,新園段,3537.00,非都市：特定農業區 ; 非都市編定：農牧用地
RPPNMLRJNHLFFAV96CA,南王段,132.15,都市：住
RPQOMLRLMHLFFAV27CA,馬蘭段,110.00,都市：住
RPPNMLKKNHLFFDV66CA,復興段,841.44,都市：住
RPPNMLKKNHLFFDV66CA,復興段,841.44,都市：住
RPRNMLLKNHLFFBV76CA,忠智段,92.87,都市：住
RPPNMLMJNHLFFCV76DA,水井段,99.12,非都市：山坡地保育區 ; 非都市編定：丙種建築用地
RPPNMLMJNHLFFCV76DA,水井段,45.49,非都市：山坡地保育區 ; 非都市編定：丙種建築用地
RPVNMLRLMHLFFAV67CA,初鹿段,3460.00,非都市：特定農業區 ; 非都市編定：農牧用地
RPPNMLRLMHLFFDV37CA,泰王段,49.40,都市：住
RPPNMLRLMHLFFDV37CA,泰王段,49.98,都市：住
RPVNMLQLMHLFFAV67DA,利泰段,5892.03,非都市：特定農業區 ; 非都市編定：農牧用地
RPPNMLNJNHLFFAV66DA,豐聖段,856.01,都市：住
RPPNMLNJNHLFFAV66DA,豐聖段,22.27,都市：其他
RPQNMLTJNHLFFBV37CA,北佳里段,82.81,非都市：風景區 ; 非都市編定：農牧用地
RPQNMLSLMHLFFAV27CA,台東段,23.62,都市：商
RPPNMLOJNHLFFDV07DA,壢坵段,210.00,非都市：鄉村區 ; 非都市編定：乙種建築用地
RPQOMLQLMHLFFAV17CA,豐里段,241.68,非都市：鄉村區 ; 非都市編定：乙種建築用地
RPQOMLQLMHLFFAV17CA,豐里段,241.68,非都市：鄉村區 ; 非都市編定：乙種建築用地
RPQOMLQLMHLFFAV17CA,豐里段,241.68,非都市：鄉村區 ; 非都市編定：乙種建築用地
RPQNMLSKNHLFFCV47CA,大原段,7673.00,非都市：山坡地保育區 ; 非都市編定：農牧用地
RPSNMLRLMHLFFAV37CA,班鳩段,803.24,非都市：一般農業區 ; 非都市編定：農牧用地
RPOPMLRLMHLFFAV17CA,知本段,1355.00,非都市：特定農業區 ; 非都市編定：農牧用地
RPSNMLMKNHLFFAV86CA,利家段,89.00,非都市：特定農業區 ; 非都市編定：甲種建築用地
RPPNMLLJNHLFFAV98CA,德安段,101.67,都市：住
RPPNMLMKNHLFFAV56CA,豐聖段,384.81,都市：住
RPPNMLMKNHLFFAV56CA,豐聖段,95.88,都市：住
RPQNMLMJNHLFFAV56CA,台東段,92.00,都市：住
RPPNMLMJNHLFFAV09CA,台東段,94.00,都市：住
RPPNMLSLMHLFFAV17CA,興安段,213.50,都市：住
RPSNMLSLMHLFFAV47CA,豐源段,2799.76,非都市：特定農業區 ; 非都市編定：農牧用地
RPRNMLSLMHLFFAV37CA,豐源段,243.62,非都市：鄉村區 ; 非都市編定：乙種建築用地
RPRNMLSLMHLFFAV37CA,豐源段,660.32,非都市：特定農業區 ; 非都市編定：農牧用地
RPRNMLMJNHLFFAV66CA,台東段,93.00,都市：住
RPRNMLRLMHLFFBV37CA,那界段,4296.25,非都市：風景區 ; 非都市編定：農牧用地
RPRNMLRLMHLFFBV37CA,那界段,2864.16,非都市：風景區 ; 非都市編定：農牧用地
RPRNMLRLMHLFFBV37CA,那界段,2864.16,非都市：風景區 ; 非都市編定：農牧用地
RPVNMLSLMHLFFAV77CA,自強段,24.48,都市：住
RPPNMLNLNHLFFBV86CA,大霸來段,3060.83,非都市：風景區 ; 非都市編定：農牧用地
RPQNMLSLMHLFFCV57DA,慶福段,84.05,都市：商
RPQNMLOJNHLFFAV76CA,泰安段,449.14,非都市：鄉村區 ; 非都市編定：乙種建築用地
RPRNMLOJNHLFFAV86CA,泰安段,500.21,非都市：鄉村區 ; 非都市編定：乙種建築用地
RPPNMLQKNHLFFDV27CA,金崙段,6520.00,非都市：山坡地保育區 ; 非都市編定：農牧用地
RPWOMLRLMHLFFAV87CA,豐年段,17.50,都市：住
RPTNMLSLMHLFFAV77EA,富岡段,90.21,非都市：風景區 ; 非都市編定：農牧用地
RPUNMLSLMHLFFAV87EA,富岡段,1.11,非都市：風景區 ; 非都市編定：農牧用地
RPPNMLSLMHLFFBV27CA,真柄段,1230.00,非都市：風景區 ; 非都市編定：農牧用地
RPSNMLPJNHLFFAV07CA,南榮段,26.60,都市：住
RPSNMLPJNHLFFAV07CA,南榮段,11.29,都市：其他
RPSNMLPJNHLFFAV07CA,南榮段,51.01,都市：住
RPSNMLPJNHLFFAV07CA,南榮段,28.07,都市：其他
RPSNMLPJNHLFFAV07CA,南榮段,1913.78,都市：住
RPSNMLPJNHLFFAV07CA,南榮段,101.17,都市：其他
RPSNMLPJNHLFFAV07CA,南榮段,1533.48,都市：住
RPSNMLPJNHLFFAV07CA,南榮段,9.00,都市：其他
RPSNMLPJNHLFFAV07CA,南榮段,22.42,都市：其他
RPSNMLPJNHLFFAV07CA,南榮段,5.30,都市：其他
RPSNMLPJNHLFFAV07CA,南榮段,827.90,都市：住
RPSNMLPJNHLFFAV07CA,南榮段,71.14,都市：住
RPSNMLPJNHLFFAV07CA,南榮段,443.88,都市：其他
RPSNMLPJNHLFFAV07CA,南榮段,33.12,都市：其他
RPOOMLMJNHLFFAV09CA,豐聖段,4903.31,都市：農
RPOOMLMJNHLFFAV09CA,豐聖段,84.93,都市：其他
RPOOMLMJNHLFFAV09CA,豐聖段,224.12,都市：其他
RPRNMLTLMHLFFAV47CA,大南段,6160.00,非都市：山坡地保育區 ; 非都市編定：林業用地
RPWNMLMJNHLFFAV17CA,台東段,73.00,都市：住
RPRNMLMJNHLFFCV86CA,鹿寮段,1323.82,非都市：山坡地保育區 ; 非都市編定：農牧用地
RPRNMLMJNHLFFCV86CA,鹿寮段,1443.16,非都市：山坡地保育區 ; 非都市編定：農牧用地
RPPOMLMJNHLFFAV56CA,岩灣段,127.12,都市：住
RPPNMLMJNHLFFBV56CA,加走灣段,3700.00,非都市：風景區 ; 非都市編定：農牧用地
RPQNMLNJNHLFFAV66CA,岩灣段,138.14,都市：住
RPQNMLNJNHLFFAV66CA,岩灣段,323.50,都市：住
RPPNMLTLMHLFFAV37DA,下賓朗段,80.71,非都市：一般農業區 ; 非都市編定：甲種建築用地
RPXNMLMJNHLFFAV27CA,常德段,141.62,都市：住
RPSNMLNJNHLFFAV86CA,豐谷段,90.00,都市：住
RPVNMLNKNHLFFAV27CA,上岩灣段,116.90,都市：住
RPVNMLNKNHLFFAV27CA,上岩灣段,18.12,都市：住
RPQNMLNJNHLFFCV96DA,康源段,22370.00,非都市：山坡地保育區 ; 非都市編定：林業用地
RPTNMLTJNHLFFAV57CA,豐年段,64.24,都市：住
