﻿編號,土地區段位置,土地移轉面積平方公尺,使用分區或編定
The serial number,land sector position,land shifting area square meter,the use zoning or compiles and checks
RPSNMLLJQHMFFCB08CC,惠智段,9.55,都市：住
RPSNMLLJQHMFFCB08CC,惠智段,168.60,都市：住
RPSNMLLJQHMFFCB08CC,惠智段,60.07,都市：住
RPPPMLLJQHMFFBB87CC,太祥段,40.53,都市：其他
RPQPMLLJQHMFFBB97CC,太和段,25.74,都市：住
RPWPMLLJQHMFFBB58CC,長安段,73.00,都市：住
RPPQMLLJQHMFFBB97CC,賴厝段,3.33,都市：商
RPPQMLLJQHMFFBB97CC,邱厝子段,2.68,都市：商
RPUPMLLJQHMFFCB48CC,中正段,8.49,都市：商
RPXPMLLJQHMFFBB68CC,賴厝段,3.56,都市：商
RPXPMLLJQHMFFBB68CC,邱厝子段,2.86,都市：商
RPOQMLLJQHMFFCB97CC,中正段,7.04,都市：商
RPOQMLLJQHMFFBB87CC,賴厝段,3.80,都市：商
RPOQMLLJQHMFFBB87CC,邱厝子段,4.74,都市：商
RPXQMLLJQHMFFBB78CC,東峰段,11.80,都市：商
RPRQMLLJQHMFFBB18CC,賴厝段,3.49,都市：商
RPRQMLLJQHMFFBB18CC,邱厝子段,2.80,都市：商
RPWPMLLJQHMFFCB68CC,中正段,5.67,都市：商
RPUOMLLJQHMFFCB38CC,大墩段,79.00,都市：住
RPSQMLLJQHMFFCB38CC,中正段,5.91,都市：商
RPQQMLLJQHMFFCB18CC,中正段,8.49,都市：商
RPTQMLLJQHMFFCB48CC,上石碑段,3.40,都市：商
RPTQMLLJQHMFFCB48CC,上石碑段,3.04,都市：商
RPOOMLLJQHMFFFB08CC,鹿寮段,15.00,都市：住
RPPOMLLJQHMFFFB18CC,鹿寮段,20.00,都市：住
RPWOMLLJQHMFFAB38CC,大益段,93.00,都市：住
RPTNMLMJQHMFFAB08CC,麻園頭段,12.36,都市：住
RPQOMLMJQHMFFDB28DC,北天段,57.34,都市：其他
RPQOMLMJQHMFFDB28DC,慈興段,296.17,都市：住
RPTOMLMJQHMFFDB58DC,一心段,9.17,都市：住
RPWQMLMJQHMFFCB88CC,西屯段,33.57,都市：商
RPQQMLMJQHMFFBB18CC,東峰段,41.00,都市：商
RPXNMLNJQHMFFBB68CC,乾溝子段,18.74,都市：住
RPWOMLNJQHMFFBB68CC,東義段,19.85,都市：住
RPPRMLNJQHMFFBB28CC,水源段,58.00,都市：住
RPORMLNJQHMFFBB18CC,水源段,54.00,都市：住
RPVOMLLJQHMFFAB28CC,大益段,93.00,都市：住
RPUNMLMJQHMFFAB18CC,下橋子頭段,12.47,都市：住
RPSNMLMJQHMFFAB97CC,後子段,43.39,都市：住
RPUPMLLJQHMFFAB38DC,頂橋子頭段,15.72,都市：住
RPRRMLNJQHMFFBB48CC,水源段,48.00,都市：住
RPSRMLNJQHMFFBB58CC,水源段,54.00,都市：住
RPQRMLNJQHMFFBB38CC,水源段,48.00,都市：住
RPRPMLNJQHMFFAB18CC,中墩段四小段,71.00,都市：商
RPSOMLNJQHMFFCB48DC,惠國段,8.94,都市：住
RPPOMLNJQHMFFCB08CC,惠民段,16.02,都市：其他
RPOPMLOJQHMFFCB18CC,田心段,11.96,都市：住
RPPNMLMJQHMFFBB77CC,軍福段,15.13,都市：商
RPVNMLNJQHMFFAB38CC,後子段,21.79,都市：商
RPRQMLMJQHMFFBB28CC,北屯段,379.00,都市：住
RPRQMLMJQHMFFBB28CC,北屯段,1.00,都市：住
RPRQMLMJQHMFFBB28CC,北屯段,30.00,都市：住
RPPQMLNJQHMFFCB28CC,豐功段,22.75,都市：商
RPQPMLOJQHMFFCB38CC,大新段,22.01,都市：住
RPSOMLOJQHMFFAB28CC,樹子腳段,12.39,都市：住
RPUOMLOJQHMFFAB48CC,樹子腳段,9.34,都市：住
RPUTMLOJQHMFFCB56CC,何安段,6.49,都市：住
RPROMLNJQHMFFCB28CC,惠民段,12.88,都市：其他
RPUNMLRJQHMFFAB68CC,麻園頭段,.00,都市：住
RPTNMLPJQHMFFAB38CC,麻園頭段,62.30,都市：其他
RPSNMLRJQHMFFHB56CC,家福段,78.39,都市：住
RPVSMLOJQHMFFCB56CC,上石碑段,19.80,都市：商
RPUNMLPJQHMFFAB48CC,下橋子頭段,3.42,都市：商
RPWNMLRJQHMFFAB88CC,後子段,22.00,都市：住
RPWNMLRJQHMFFAB88CC,後子段,73.00,都市：住
RPVQMLRJQHMFFCB66CC,何安段,.00,都市：住
RPRVMLRJQHMFFCB76CC,大進段,.00,都市：住
RPXOMLSJQHMFFAB56CC,土庫段,7.78,都市：商
RPROMLOJQHMFFBB28CC,乾溝子段,26.86,非都市： ; 非都市編定：
RPRRMLRJQHMFFCB98CC,上石碑段,44.93,都市：住
RPVNMLPJQHMFFAB58CC,下橋子頭段,1.72,都市：商
RPWNMLPJQHMFFAB68CC,下橋子頭段,1.83,都市：商
RPPNMLSJQHMFFJB56CC,德興段,26.41,都市：住
RPUPMLSJQHMFFAB98CC,柳川段一小段,1.57,都市：商
RPUPMLSJQHMFFAB98CC,柳川段一小段,.36,都市：商
RPUPMLSJQHMFFBB09CC,同榮段,66.00,都市：住
RPROMLRJQHMFFBB58CC,賴厝段,27.63,都市：住
RPTOMLSJQHMFFBB88CC,平田段,26.27,都市：住
RPVPMLSJQHMFFAB09CC,樹子腳段,5.93,都市：住
RPPNMLSJQHMFFCB58DC,中和段,904.00,都市：住
RPWOMLSJQHMFFBB66DC,賴厝段,6.11,都市：住
RPRNMLTJQHMFFAB58CC,麻園頭段,.00,都市：商
RPUOMLSJQHMFFBB09DC,中興段,7.77,都市：住
RPXOMLSJQHMFFBB76DC,賴厝段,6.98,都市：住
RPSNMLTJQHMFFAB68CC,後子段,9.12,都市：住
RPQNMLTJQHMFFBB58CC,北屯段,9.60,都市：住
RPQNMLTJQHMFFBB58CC,北屯段,.50,都市：住
RPSOMLTJQHMFFBB88CC,東峰段,17.66,都市：商
RPQRMLTJQHMFFBB98CC,水源段,.00,都市：住
RPPNMLTJQHMFFBB48CC,東義段,68.00,都市：住
RPPOMLTJQHMFFAB48CC,公館段,2.79,都市：住
RPPOMLTJQHMFFAB48CC,公館段,2.41,都市：住
RPPOMLTJQHMFFBB58CC,仁美段,12.28,都市：農
RPPOMLTJQHMFFBB58CC,仁美段,58.00,都市：農
RPOOMLTJQHMFFAB38CC,公館段,1.09,都市：住
RPOOMLTJQHMFFAB38CC,公館段,.95,都市：住
RPPOMLTJQHMFFCB68CC,中正段,10.54,都市：商
RPUPMLTJQHMFFBB56CC,賴厝段,7.79,都市：住
RPROMLTJQHMFFCB88CC,上石碑段,65.00,都市：住
RPROMLTJQHMFFCB88CC,上石碑段,24.27,都市：住
RPTRMLTJQHMFFCB76CC,大新段,.00,都市：住
RPSOMLTJQHMFFCB98CC,三塊厝段,14.69,都市：住
RPUNMLTJQHMFFCB09CC,埔興段,51.00,都市：住
RPVOMLTJQHMFFCB66CC,大新段,16.73,都市：住
RPRSMLKKQHMFFCB48CC,中正段,9.74,都市：商
RPPRMLKKQHMFFBB08CC,賴厝段,4.19,都市：商
RPPRMLKKQHMFFBB08CC,邱厝子段,3.36,都市：商
RPSRMLKKQHMFFCB48CC,惠民段,13.26,都市：其他
RPOSMLKKQHMFFBB08CC,賴厝段,.21,都市：商
RPOSMLKKQHMFFBB08CC,邱厝子段,.17,都市：商
RPWQMLKKQHMFFBB68CC,賴厝段,.14,都市：商
RPWQMLKKQHMFFBB68CC,邱厝子段,.11,都市：商
RPXQMLKKQHMFFBB78CC,賴厝段,.14,都市：商
RPXQMLKKQHMFFBB78CC,邱厝子段,.11,都市：商
RPURMLKKQHMFFBB58CC,賴厝段,2.96,都市：商
RPURMLKKQHMFFBB58CC,邱厝子段,2.38,都市：商
RPXRMLKKQHMFFBB88CC,賴厝段,3.48,都市：商
RPXRMLKKQHMFFBB88CC,邱厝子段,2.79,都市：商
RPWRMLKKQHMFFBB78CC,賴厝段,3.52,都市：商
RPWRMLKKQHMFFBB78CC,邱厝子段,2.82,都市：商
RPQSMLKKQHMFFBB28CC,賴厝段,.14,都市：商
RPQSMLKKQHMFFBB28CC,邱厝子段,.11,都市：商
RPPSMLKKQHMFFBB18CC,賴厝段,.14,都市：商
RPPSMLKKQHMFFBB18CC,邱厝子段,.11,都市：商
RPSSMLKKQHMFFBB48CC,賴厝段,2.91,都市：商
RPSSMLKKQHMFFBB48CC,邱厝子段,2.33,都市：商
RPTSMLKKQHMFFBB58CC,東峰段,9.74,都市：商
RPOQMLKKQHMFFAB77CC,公館段,3.12,都市：商
RPOQMLKKQHMFFAB77CC,公館段,3.45,都市：商
RPVSMLKKQHMFFBB78CC,東峰段,6.84,都市：商
RPSOMLKKQHMFFAB97CC,公館段,1060.00,都市：其他
RPSOMLKKQHMFFAB97CC,公館段,1968.00,都市：其他
RPTOMLKKQHMFFIB88CC,新義段,136.00,都市：商
RPTOMLKKQHMFFIB88CC,新義段,183.00,都市：商
RPTOMLKKQHMFFIB88CC,新義段,182.00,都市：商
RPTOMLKKQHMFFIB88CC,新義段,117.00,都市：商
RPTOMLKKQHMFFIB88CC,新義段,6.00,都市：商
RPVNMLKKQHMFFHB88CC,四德段,14.75,都市：住
RPQNMLLKQHMFFHB48CC,四德段,10.33,都市：住
RPQNMLLKQHMFFHB48CC,四德段,59.91,都市：住
RPQNMLLKQHMFFHB48CC,四德段,3.02,都市：住
RPQNMLLKQHMFFHB48CC,四德段,4.10,都市：住
RPQNMLLKQHMFFHB48CC,四德段,.13,都市：住
RPWNMLKKQHMFFHB98CC,三和段,10.25,都市：住
RPPNMLLKQHMFFHB38CC,家福段,36.15,都市：住
RPUOMLLKQHMFFAB28CC,麻園頭段,19.33,都市：住
RPTOMLLKQHMFFAB18CC,麻園頭段,16.66,都市：住
RPQQMLPKQHMFFBB58CC,仁和段,74.03,都市：住
RPPPMLLKQHMFFBB97CC,水源段,14.42,都市：住
RPXNMLOKQHMFFIB07DC,溪南東段,1536.00,非都市：特定農業區 ; 非都市編定：農牧用地
RPXNMLOKQHMFFIB07DC,溪南東段,294.00,非都市：特定農業區 ; 非都市編定：農牧用地
RPPNMLMKQHMFFIB58CC,新仁段,82.00,都市：住
RPTOMLPKQHMFFCB78CC,鑫港尾段,.00,都市：住
RPQQMLOKQHMFFCB58CC,大新段,143.00,都市：住
RPQQMLOKQHMFFCB58CC,大新段,72.00,都市：住
RPQQMLOKQHMFFCB58CC,大新段,71.00,都市：住
RPROMLPKQHMFFCB58CC,鑫港尾段,.00,都市：住
RPQNMLOKQHMFFAB08CC,麻園頭段,18.56,都市：住
RPWQMLQKQHMFFCB76CC,民安段,14.55,都市：住
RPTOMLRKQHMFFCB98CC,惠民段,14.11,都市：其他
RPVQMLOKQHMFFCB09CC,三塊厝段,.00,都市：住
RPXOMLQKQHMFFCB66CC,田心段,48.51,都市：住
RPROMLRKQHMFFCB78CC,寶文段,39.55,都市：住
RPRPMLQKQHMFFCB78CC,上石碑段,.00,都市：商
RPSQMLRKQHMFFCB09CC,西屯段,.00,都市：住
RPUOMLRKQHMFFCB09CC,惠民段,16.65,都市：其他
RPROMLRKQHMFFAB58CC,下橋子頭段,1.83,都市：商
RPTQMLRKQHMFFCB56CC,何安段,4.83,都市：住
RPWQMLRKQHMFFCB86CC,惠仁段,68.33,都市：住
RPWQMLRKQHMFFCB86CC,惠仁段,49.81,都市：住
RPVQMLRKQHMFFCB76CC,西屯段,.00,都市：住
RPTNMLSKQHMFFAB78CC,麻園頭段,10.51,都市：住
RPQOMLRKQHMFFAB48CC,下橋子頭段,5.11,都市：商
RPPPMLSKQHMFFAB58CC,大益段,20.26,都市：住
RPPPMLSKQHMFFAB58CC,大益段,6.18,都市：住
RPQNMLSKQHMFFDB78CC,中陽段,2.53,都市：住
RPQNMLSKQHMFFDB78CC,中陽段,.47,都市：住
RPQNMLSKQHMFFDB78CC,中陽段,5.31,都市：住
RPTOMLRKQHMFFAB78CC,下橋子頭段,1.83,都市：商
RPTNMLRKQHMFFFB56CC,南勢坑段埔子小段,112.00,都市：住
RPUNMLSKQHMFFCB09CC,大新段,64.85,都市：住
RPVOMLSKQHMFFIB37DC,丁台二段,8130.08,非都市：特定農業區 ; 非都市編定：特定目的事業用地
RPSPMLSKQHMFFCB09CC,鑫港尾段,.00,都市：住
RPUOMLSKQHMFFCB56CC,鑫港尾段,.00,都市：住
RPWOMLSKQHMFFCB76CC,鑫港尾段,.00,都市：住
RPSOMLSKQHMFFCB98CC,鑫港尾段,.00,都市：商
RPVNMLSKQHMFFCB56CC,豐富段,180.16,都市：商
RPWPMLSKQHMFFCB86CC,鑫港尾段,.00,都市：住
RPPPMLSKQHMFFCB78CC,鑫港尾段,.00,都市：住
RPUPMLSKQHMFFCB66CC,鑫港尾段,.00,都市：住
RPPQMLSKQHMFFCB88CC,鑫港尾段,.00,都市：住
RPQQMLSKQHMFFBB88CC,東正段,11.95,都市：商
RPRQMLSKQHMFFCB09CC,鑫港尾段,.00,都市：住
RPXOMLSKQHMFFBB76CC,賴厝段,2.88,都市：商
RPWOMLSKQHMFFBB66CC,仁和段,28.71,都市：住
RPQRMLSKQHMFFCB09CC,中正段,8.49,都市：住
RPRPMLSKQHMFFBB88CC,東正段,5.94,都市：住
RPTOMLSKQHMFFBB98CC,東峰段,1766.00,都市：住
RPUQMLSKQHMFFCB76CC,鑫港尾段,.00,都市：住
RPQPMLSKQHMFFBB78CC,東正段,14.73,都市：住
RPSQMLSKQHMFFBB09CC,賴厝段,4.05,都市：商
RPSQMLSKQHMFFBB09CC,邱厝子段,3.25,都市：商
RPUQMLSKQHMFFBB66CC,賴厝段,3.23,都市：商
RPUQMLSKQHMFFBB66CC,邱厝子段,2.60,都市：商
RPSRMLSKQHMFFBB56CC,東峰段,10.29,都市：商
RPVRMLSKQHMFFBB86CC,東峰段,6.84,都市：商
RPWRMLSKQHMFFBB96CC,東峰段,11.13,都市：商
RPUNMLLLQHMFFIB09CC,成功段,275.84,都市：住
RPPOMLLLQHMFFHB58CC,上楓段,52.43,都市：住
RPTRMLSKQHMFFBB66CC,東峰段,10.16,都市：商
RPTNMLTKQHMFFBB98CC,東光段,70.00,都市：商
RPXNMLLLQHMFFDB88CC,南村段,41.10,都市：住
RPQNMLTKQHMFFBB68CC,仁美段,648.76,都市：農
RPWNMLLLQHMFFDB78CC,豐原段,3.70,都市：商
RPPNMLTKQHMFFBB58CC,北屯段,63.00,都市：住
RPPNMLTKQHMFFAB48CC,樹子腳段,134.00,都市：住
RPVNMLLLQHMFFDB78DC,大順段,109.63,都市：工
RPVNMLLLQHMFFDB78DC,大順段,137.02,都市：工
RPSNMLTKQHMFFBB88CC,賴厝段,6.58,都市：住
RPSNMLTKQHMFFBB88CC,賴厝段,15.80,都市：住
RPVQMLMLQHMFFBB88CC,東新段,.41,都市：住
RPPPMLNLQHMFFBB28CC,乾溝子段,.40,都市：住
RPPPMLNLQHMFFBB28CC,乾溝子段,13.89,都市：住
RPOOMLNLQHMFFBB08CC,水源段,15.45,都市：住
RPQRMLMLQHMFFCB58CC,中正段,8.21,都市：商
RPOQMLNLQHMFFBB28CC,北屯段,168.00,都市：住
RPTRMLMLQHMFFBB78CC,賴厝段,3.06,都市：商
RPTOMLLLQHMFFCB48CC,福安段,47.92,都市：住
RPQQMLNLQHMFFBB48CC,東峰段,.00,都市：住
RPVRMLMLQHMFFCB09CC,中正段,6.28,都市：商
RPSOMLNLQHMFFCB58CC,中正段,7.84,都市：住
RPROMLNLQHMFFCB48CC,大新段,5.00,都市：住
RPWQMLMLQHMFFBB98CC,東峰段,6.17,都市：住
RPTOMLNLQHMFFCB68CC,中正段,6.24,都市：住
RPUOMLNLQHMFFCB78CC,中正段,5.87,都市：住
RPOPMLNLQHMFFCB28CC,中正段,7.20,都市：住
RPRPMLNLQHMFFCB58CC,中正段,6.72,都市：住
RPSPMLNLQHMFFCB68CC,中正段,6.72,都市：住
RPQPMLNLQHMFFCB48CC,中正段,5.91,都市：住
RPROMLOLQHMFFBB48CC,建安段,9.45,都市：其他
RPROMLOLQHMFFBB48CC,建安段,15.06,都市：其他
RPXOMLNLQHMFFJB27DC,宜欣段,5.44,都市：住
RPUPMLNLQHMFFBB78CC,賴厝段,26.99,都市：住
RPSNMLNLQHMFFDB58CC,中社段,93.00,非都市：特定農業區 ; 非都市編定：甲種建築用地
RPSNMLNLQHMFFDB58CC,中社段,15.47,非都市：特定農業區 ; 非都市編定：甲種建築用地
RPPPMLNLQHMFFJB56DC,宜欣段,5.02,都市：住
RPUNMLOLQHMFFJB86CC,福星段,46.78,都市：住
RPUNMLPLQHMFFBB78CC,軍和段,18.33,都市：商
RPOQMLPLQHMFFBB48CC,賴厝段,3.16,都市：商
RPOQMLPLQHMFFBB48CC,邱厝子段,2.53,都市：商
RPUOMLOLQHMFFBB78CC,水湳段,69.00,都市：住
RPSQMLPLQHMFFBB88CC,東峰段,5.84,都市：商
RPWNMLPLQHMFFBB98CC,太原段,20.53,都市：住
RPWQMLOLQHMFFBB56CC,建功段,45.23,都市：其他
RPUOMLPLQHMFFBB88CC,東新段,46.10,都市：住
RPVPMLPLQHMFFBB09CC,賴厝段,.29,都市：商
RPVPMLPLQHMFFBB09CC,邱厝子段,.23,都市：商
RPVQMLPLQHMFFCB66CC,中正段,5.67,都市：商
RPWQMLPLQHMFFCB76CC,中正段,6.72,都市：商
RPTOMLPLQHMFFCB88CC,順安段,68.58,都市：住
RPPOMLPLQHMFFBB38CC,東新段,8.78,都市：住
RPQQMLPLQHMFFBB68CC,賴厝段,.21,都市：商
RPQQMLPLQHMFFBB68CC,邱厝子段,.17,都市：商
RPTQMLPLQHMFFCB09CC,中正段,5.63,都市：商
RPROMLTLQHMFFAB88CC,下橋子頭段,18.03,都市：住
RPROMLTLQHMFFAB88CC,下橋子頭段,36.07,都市：住
RPPPMLPLQHMFFAB38CC,麻園頭段,19.48,都市：住
RPVNMLTLQHMFFIB37CC,涼傘樹段,15.78,非都市：特定農業區 ; 非都市編定：甲種建築用地
RPVNMLTLQHMFFIB37CC,涼傘樹段,69.00,非都市：特定農業區 ; 非都市編定：甲種建築用地
RPOOMLKMQHMFFAB77CC,土庫段,.00,都市：住
RPTRMLTLQHMFFCB96CC,福德段,16.75,都市：住
RPXOMLPLQHMFFAB09CC,麻園頭段,19.03,都市：住
RPPNMLQLQHMFFAB28CC,土庫段,89.92,都市：住
RPURMLTLQHMFFCB07CC,大墩段,6.67,都市：住
RPRNMLSLQHMFFCB88CC,國安段,16.14,都市：住
RPVNMLSLQHMFFDB76CC,下南坑段,82.00,都市：住
RPSPMLKMQHMFFFB78CC,中興段,28.00,都市：其他
RPSPMLKMQHMFFFB78CC,中興段,56.00,都市：其他
RPORMLKMQHMFFBB18CC,東新段,145.00,都市：住
RPQRMLTLQHMFFBB56CC,文正段,12.07,都市：商
RPPNMLKMQHMFFKB78CC,新興段,213.62,非都市：鄉村區 ; 非都市編定：乙種建築用地
RPWOMLKMQHMFFAB58CC,後子段,7.52,都市：住
RPRQMLKMQHMFFBB38CC,太原段,16.56,都市：住
RPXQMLKMQHMFFBB98CC,賴厝段,.29,都市：商
RPXQMLKMQHMFFBB98CC,邱厝子段,.23,都市：商
RPVQMLKMQHMFFBB78CC,賴厝段,3.19,都市：商
RPVQMLKMQHMFFBB78CC,邱厝子段,2.56,都市：商
RPPOMLKMQHMFFAB87CC,麻園頭段,.00,都市：住
RPVNMLKMQHMFFCB58CC,安和段,1315.31,都市：工
RPSNMLKMQHMFFCB28CC,大墩段,79.00,都市：住
RPOPMLKMQHMFFCB08CC,上石碑段,3.40,都市：商
RPPSMLKMQHMFFBB38CC,北屯段,12.85,都市：住
RPOPMLKMQHMFFCB08CC,上石碑段,3.04,都市：商
RPPOMLKMQHMFFCB08CC,國安段,15.52,都市：住
RPQRMLKMQHMFFBB38CC,東峰段,10.50,都市：商
RPXOMLLMQHMFFCB98CC,上石碑段,13.50,都市：住
RPSNMLLMQHMFFBB28CC,文正段,52.00,都市：住
RPWOMLKMQHMFFCB78CC,順和段,5.80,都市：住
RPUOMLKMQHMFFCB58CC,中正段,6.72,都市：商
RPUOMLLJRHMFFBB38CC,東山段,70.00,都市：商
RPWPMLLJRHMFFCB78CC,上石碑段,3.80,都市：商
RPUNMLLMQHMFFCB58CC,中正段,10.18,都市：住
RPXOMLKMQHMFFCB88CC,順和段,21.73,都市：住
RPTNMLLJRHMFFHB78CC,科雅段,93.74,都市：農
RPRQMLLJRHMFFCB38CC,國安段,19.57,都市：住
RPPPMLLMQHMFFAB08CC,後子段,6.16,都市：住
RPXNMLLJRHMFFAB48CC,樹子腳段,1.92,都市：住
RPPNMLMJRHMFFAB77CC,萬安段九小段,5.23,都市：住
RPSOMLOJRHMFFDB68CC,南陽段,39.52,都市：住
RPSOMLOJRHMFFDB68CC,三陽段,49.71,都市：住
RPSNMLLMQHMFFHB88CC,中山段,23.93,都市：住
RPUQMLLJRHMFFCB68CC,民安段,20.67,都市：住
RPRNMLMJRHMFFAB97CC,公館段,1.21,都市：住
RPRNMLMJRHMFFAB97CC,公館段,1.40,都市：住
RPWQMLLJRHMFFCB88CC,信安段,22.83,都市：住
RPTOMLLJRHMFFAB18CC,下橋子頭段,8.34,都市：住
RPTOMLLJRHMFFAB18CC,下橋子頭段,16.24,都市：住
RPTOMLLJRHMFFAB18CC,下橋子頭段,15.94,都市：住
RPTOMLLJRHMFFAB18CC,下橋子頭段,11.17,都市：住
RPTOMLLJRHMFFAB18CC,下橋子頭段,1.56,都市：住
RPTOMLLJRHMFFAB18CC,下橋子頭段,2.30,都市：住
RPTOMLLJRHMFFAB18CC,下橋子頭段,1.41,都市：住
RPTOMLLJRHMFFAB18CC,下橋子頭段,1.93,都市：住
RPTOMLLJRHMFFAB18CC,下橋子頭段,.07,都市：住
RPTOMLLJRHMFFAB18CC,下橋子頭段,3.57,都市：住
RPTOMLLJRHMFFAB18CC,下橋子頭段,6.85,都市：住
RPTOMLLJRHMFFAB18CC,下橋子頭段,10.95,都市：住
RPTOMLLJRHMFFAB18CC,下橋子頭段,3.79,都市：住
RPTOMLLJRHMFFAB18CC,下橋子頭段,8.71,都市：住
RPTOMLOJRHMFFDB78CC,三陽段,49.71,都市：住
RPTOMLOJRHMFFDB78CC,南陽段,39.52,都市：住
RPSNMLMJRHMFFAB08CC,公館段,1.51,都市：住
RPSNMLMJRHMFFAB08CC,公館段,1.31,都市：住
RPRPMLOJRHMFFBB48CC,陳平段,225.00,都市：住
RPTPMLPJRHMFFCB98DC,國安段,26.24,都市：住
RPOPMLOJRHMFFJB98CC,宜欣段,.06,都市：住
RPOPMLOJRHMFFJB98CC,宜欣段,24.85,都市：住
RPWOMLOJRHMFFJB07CC,溪洲段,325.16,都市：住
RPQRMLOJRHMFFCB78DC,國安段,3.17,都市：住
RPSOMLQJRHMFFAB58CC,後子段,.00,都市：住
RPQOMLOJRHMFFAB18CC,麻園頭段,12.67,都市：住
RPROMLQJRHMFFCB68CC,國安段,16.44,都市：住
RPORMLPJRHMFFCB58CC,國安段,8.22,都市：住
RPUQMLQJRHMFFCB56CC,惠民段,5.76,都市：住
RPOQMLQJRHMFFCB58CC,惠民段,10.20,都市：住
RPRRMLPJRHMFFCB88CC,國安段,14.21,都市：住
RPWRMLPJRHMFFCB76CC,大進段,1140.00,都市：商
RPWRMLPJRHMFFCB76CC,大進段,870.00,都市：商
RPRQMLQJRHMFFCB88CC,惠民段,10.82,都市：住
RPROMLPJRHMFFAB58EC,萬安段七小段,39.56,都市：住
RPUPMLQJRHMFFCB09CC,惠民段,10.64,都市：住
RPPQMLQJRHMFFCB68CC,惠民段,10.64,都市：住
RPTOMLRJRHMFFCB98CC,中正段,6.24,都市：商
RPWNMLRJRHMFFCB56CC,寶山段,14.63,都市：住
RPXPMLQJRHMFFCB76CC,惠民段,10.20,都市：住
RPQOMLQJRHMFFBB48CC,東峰段,257.25,都市：住
RPUNMLQJRHMFFBB78CC,水源段,34.58,都市：住
RPTSMLRJRHMFFBB66CC,賴厝段,.14,都市：商
RPTSMLRJRHMFFBB66CC,邱厝子段,.11,都市：商
RPRSMLRJRHMFFBB09CC,賴厝段,.14,都市：商
RPRSMLRJRHMFFBB09CC,邱厝子段,.11,都市：商
RPPSMLRJRHMFFBB88CC,賴厝段,3.12,都市：商
RPPSMLRJRHMFFBB88CC,邱厝子段,2.51,都市：商
RPOPMLRJRHMFFCB58CC,中正段,5.91,都市：商
RPWOMLRJRHMFFCB66CC,中正段,5.99,都市：商
RPUOMLRJRHMFFCB09CC,中正段,8.57,都市：商
RPVSMLRJRHMFFBB86CC,賴厝段,3.42,都市：商
RPVSMLRJRHMFFBB86CC,邱厝子段,2.75,都市：商
RPSNMLRJRHMFFEB09DC,順天段,83.00,都市：住
RPVNMLRJRHMFFIB07CC,三和段,67.08,都市：住
RPPPMLRJRHMFFCB68CC,中正段,6.28,都市：商
RPPOMLRJRHMFFIB66DC,大仁段,245.75,都市：住
RPPOMLRJRHMFFIB66DC,大仁段,222.37,都市：住
RPVNMLRJRHMFFCB09CC,寶山段,23.05,都市：住
RPPNMLSJRHMFFJB76DC,平欣段,78.00,都市：住
RPTPMLSJRHMFFCB56CC,上石碑段,.00,都市：商
RPUOMLSJRHMFFIB17CC,喬城段,.00,都市：住
RPTNMLRJRHMFFJB96CC,仁平段,75.00,都市：其他
RPTNMLRJRHMFFJB96CC,仁平段,34.00,都市：其他
RPWOMLSJRHMFFAB56CC,麻園頭段,22.17,都市：住
RPTNMLSJRHMFFJB17DC,洪厝段,2.10,非都市：鄉村區 ; 非都市編定：乙種建築用地
RPTNMLSJRHMFFJB17DC,洪厝段,23.60,非都市：鄉村區 ; 非都市編定：乙種建築用地
RPQPMLSJRHMFFCB88CC,西屯段,18.93,都市：住
RPVOMLSJRHMFFCB66CC,何安段,3.99,都市：住
RPVNMLLKRHMFFIB56CC,夏田東段,.00,非都市：特定農業區 ; 非都市編定：丁種建築用地
RPROMLLKRHMFFCB28CC,惠國段,.00,都市：其他
RPVNMLLKRHMFFIB56CC,夏田東段,.00,非都市：特定農業區 ; 非都市編定：丁種建築用地
RPUPMLSJRHMFFCB66CC,鑫港尾段,.00,都市：住
RPRSMLLKRHMFFBB58CC,東光段,20.40,都市：商
RPUQMLSJRHMFFBB66CC,東光段,20.65,都市：住
RPVPMLSJRHMFFCB76CC,大新段,35.85,都市：住
RPSNMLLKRHMFFCB28CC,福安段,8.75,都市：住
RPSNMLLKRHMFFFB58CC,武秀段,1006.00,都市：住
RPRNMLLKRHMFFFB48CC,田寮段橋頭小段,190.00,都市：住
RPRNMLLKRHMFFFB48CC,田寮段橋頭小段,142.00,都市：住
RPUNMLMKRHMFFJB66CC,中山段,1160.00,非都市：一般農業區 ; 非都市編定：農牧用地
RPVPMLMKRHMFFAB68CC,公館段,21.99,都市：商
RPQOMLMKRHMFFBB18CC,東光段,16.45,都市：商
RPQNMLTJRHMFFCB78CC,上石碑段,19.33,都市：商
RPXPMLSJRHMFFCB96CC,鑫港尾段,.00,都市：住
RPVQMLMKRHMFFAB78CC,下橋子頭段,1.72,都市：商
RPWPMLSJRHMFFCB86CC,鑫港尾段,.00,都市：住
RPTPMLMKRHMFFAB48CC,練武段,15.47,都市：商
RPXPMLMKRHMFFCB09CC,惠民段,10.21,都市：住
RPTQMLMKRHMFFCB78CC,福安段,8.50,都市：住
RPROMLMKRHMFFBB28CC,平田段,12.57,都市：住
RPORMLMKRHMFFCB38CC,惠民段,43.13,都市：其他
RPWPMLMKRHMFFCB98CC,惠民段,16.93,都市：其他
RPQQMLMKRHMFFCB48CC,福安段,19.61,都市：住
RPQRMLMKRHMFFCB58CC,惠民段,20.28,都市：其他
RPUPMLMKRHMFFCB78CC,惠民段,10.68,都市：住
RPSRMLMKRHMFFCB78CC,惠民段,17.56,都市：其他
RPUPMLMKRHMFFBB68CC,中興段,3.79,都市：住
RPXQMLMKRHMFFCB56CC,福順段,6.21,都市：住
RPXQMLMKRHMFFCB56CC,福順段,24.19,都市：住
RPPRMLMKRHMFFCB48CC,惠民段,20.00,都市：其他
RPVQMLNKRHMFFCB09CC,大墩段,50.19,都市：住
RPTTMLMKRHMFFCB09CC,大新段,143.00,都市：住
RPTTMLMKRHMFFCB09CC,大新段,72.00,都市：住
RPTTMLMKRHMFFCB09CC,大新段,71.00,都市：住
RPXNMLNKRHMFFCB98CC,中正段,91.29,都市：商
RPPOMLNKRHMFFCB28CC,大新段,14.74,都市：住
RPSNMLNKRHMFFBB38CC,太原段,16.29,都市：住
RPWQMLMKRHMFFCB09CC,惠民段,19.17,都市：其他
RPRQMLMKRHMFFCB58CC,惠民段,9.37,都市：其他
RPPNMLNKRHMFFCB18CC,中仁段,18.08,都市：住
RPTOMLNKRHMFFCB68CC,福安段,750.00,都市：住
RPOOMLNKRHMFFCB18CC,寶文段,518.16,都市：住
RPSNMLNKRHMFFAB28CC,麻園頭段,41.80,都市：商
RPQNMLNKRHMFFCB28CC,大進段,21.85,都市：住
RPSPMLOKRHMFFBB68CC,東峰段,10.07,都市：商
RPTPMLNKRHMFFAB58CC,下橋子頭段,1.88,都市：商
RPOPMLOKRHMFFBB28CC,陳平段,1199.00,都市：商
RPTNMLOKRHMFFDB78CC,安康段,89.69,都市：住
RPQOMLOKRHMFFAB28CC,麻園頭段,21.27,都市：住
RPPOMLOKRHMFFAB18CC,後子段,25.99,都市：住
RPXPMLOKRHMFFBB56CC,賴厝段,4.42,都市：商
RPXPMLOKRHMFFBB56CC,邱厝子段,3.55,都市：商
RPRPMLNKRHMFFAB38CC,下橋子頭段,5.18,都市：商
RPQPMLOKRHMFFAB38CC,麻園頭段,10.51,都市：住
RPWPMLOKRHMFFBB09CC,東峰段,6.93,都市：商
RPWQMLOKRHMFFBB56CC,賴厝段,.29,都市：商
RPWQMLOKRHMFFBB56CC,邱厝子段,.23,都市：商
RPXQMLOKRHMFFBB66CC,賴厝段,3.26,都市：商
RPXQMLOKRHMFFBB66CC,邱厝子段,2.62,都市：商
RPTQMLOKRHMFFBB88CC,賴厝段,2.95,都市：商
RPTQMLOKRHMFFBB88CC,邱厝子段,2.37,都市：商
RPRQMLOKRHMFFBB68CC,賴厝段,.29,都市：商
RPRQMLOKRHMFFBB68CC,邱厝子段,.23,都市：商
RPSQMLOKRHMFFBB78CC,北屯段,91.05,都市：其他
RPVPMLOKRHMFFCB09CC,大墩段,.00,都市：住
RPUOMLPKRHMFFCB98CC,三塊厝段,56.00,都市：住
RPUQMLOKRHMFFBB98CC,賴厝段,3.49,都市：商
RPUQMLOKRHMFFBB98CC,邱厝子段,2.80,都市：商
RPORMLOKRHMFFBB48CC,賴厝段,2.96,都市：商
RPORMLOKRHMFFBB48CC,邱厝子段,2.38,都市：商
RPSOMLOKRHMFFCB68CC,惠民段,10.64,都市：住
RPWOMLOKRHMFFCB09CC,寶山段,786.00,都市：農
RPXOMLOKRHMFFCB56CC,上石碑段,57.00,都市：住
RPSPMLPKRHMFFCB88CC,鑫港尾段,.00,都市：住
RPQPMLPKRHMFFCB68CC,鑫港尾段,.00,都市：住
RPSPMLNKRHMFFAB48CC,下橋子頭段,1.76,都市：商
RPPNMLPKRHMFFDB48CC,后義段,56.21,都市：住
RPVPMLPKRHMFFCB56CC,鑫港尾段,.00,都市：住
RPXOMLPKRHMFFCB66CC,鑫港尾段,.00,都市：住
RPWOMLPKRHMFFCB56CC,鑫港尾段,.00,都市：住
RPVOMLPKRHMFFAB88CC,麻園頭段,83.00,都市：住
RPOPMLPKRHMFFAB28CC,麻園頭段,.00,都市：住
RPXNMLPKRHMFFBB09CC,東峰段,51.20,都市：商
RPUNMLQKRHMFFBB88CC,水源段,54.00,都市：住
RPQNMLPKRHMFFDB58CC,后義段,56.21,都市：住
RPQNMLQKRHMFFAB38CC,下橋子頭段,82.00,都市：其他
RPQNMLQKRHMFFAB38CC,下橋子頭段,71.00,都市：其他
RPVNMLQKRHMFFBB98CC,水源段,44.00,都市：住
RPXNMLSKRHMFFAB66CC,樹子腳段,60.00,都市：工
RPWNMLQKRHMFFBB09CC,水源段,44.00,都市：住
RPWNMLQKRHMFFBB09CC,水源段,44.00,都市：住
RPTNMLSKRHMFFAB88CC,公館段,.00,都市：住
RPORMLSKRHMFFCB98CC,惠仁段,69.40,都市：住
RPORMLSKRHMFFCB98CC,惠仁段,14.78,都市：住
RPORMLSKRHMFFCB98CC,惠仁段,18.46,都市：住
RPWQMLSKRHMFFCB07CC,寶文段,32.49,都市：住
RPVPMLSKRHMFFCB86CC,何安段,10.89,都市：住
RPVPMLSKRHMFFCB86CC,何安段,1.46,都市：住
RPVPMLSKRHMFFCB86CC,何安段,6.22,都市：住
RPUNMLTKRHMFFAB09CC,半平厝段,.00,都市：住
RPQSMLSKRHMFFJB47DC,宜欣段,5.02,都市：住
RPSOMLSKRHMFFAB88CC,下橋子頭段,.00,都市：商
RPRSMLSKRHMFFJB57DC,宜欣段,4.29,都市：住
RPXNMLSKRHMFFDB96CC,前寮段,79.14,都市：其他
RPWNMLTKRHMFFAB66CC,麻園頭段,.00,都市：住
RPPPMLTKRHMFFAB78CC,樹子腳段,1.92,都市：住
RPQOMLKLRHMFFBB08CC,水源段,1328.00,都市：住
RPQNMLTKRHMFFIB86CC,湖日段,70.03,都市：住
RPXNMLKLRHMFFAB58CC,麻園頭段,13.59,都市：住
RPSNMLTKRHMFFDB56CC,朝陽段,361.56,都市：其他
RPSNMLTKRHMFFDB56CC,朝陽段,685.86,都市：其他
RPSNMLTKRHMFFDB56CC,朝陽段,495.49,都市：其他
RPSNMLTKRHMFFDB56CC,朝陽段,306.67,都市：其他
RPOOMLKLRHMFFAB97EC,番婆段,10.22,都市：住
RPUNMLLLRHMFFAB48DC,麻園頭段,27.00,都市：住
RPUNMLLLRHMFFAB48DC,麻園頭段,45.00,都市：住
RPWPMLTKRHMFFBB96CC,東信段,27.69,都市：商
RPXOMLTKRHMFFAB86CC,麻園頭段,103.00,都市：住
RPXOMLTKRHMFFAB86CC,麻園頭段,22.00,都市：住
RPRNMLTKRHMFFCB98CC,惠國段,.00,都市：商
RPSOMLLLRHMFFBB38CC,賴厝段,.29,都市：商
RPSOMLLLRHMFFBB38CC,邱厝子段,.23,都市：商
RPROMLLLRHMFFJB09CC,信平段,60.00,都市：住
RPOOMLLLRHMFFCB08CC,中正段,.00,都市：住
RPOOMLLLRHMFFCB08CC,中正段,.00,都市：住
RPWOMLLLRHMFFBB78CC,賴厝段,2.98,都市：商
RPWOMLLLRHMFFBB78CC,邱厝子段,2.39,都市：商
RPWOMLMLRHMFFCB98CC,大新段,29.87,都市：住
RPUOMLLLRHMFFBB58CC,賴厝段,3.16,都市：商
RPUOMLLLRHMFFBB58CC,邱厝子段,2.54,都市：商
RPSPMLTKRHMFFAB09CC,後子段,17.98,都市：住
RPVOMLLLRHMFFBB68CC,賴厝段,.29,都市：商
RPVOMLLLRHMFFBB68CC,邱厝子段,.23,都市：商
RPWOMLMLRHMFFAB78CC,樹子腳段,76.00,都市：工
RPQNMLKLRHMFFAB87CC,旱溪段,27.00,都市：住
RPQNMLKLRHMFFAB87CC,旱溪段,18.00,都市：住
RPQNMLKLRHMFFAB87CC,旱溪段,131.00,都市：住
RPQNMLKLRHMFFAB87CC,旱溪段,14.00,都市：住
RPSOMLMLRHMFFBB48CC,中清段,24.96,都市：住
RPOOMLMLRHMFFBB08CC,東新段,24.67,都市：住
RPQQMLTKRHMFFCB56CC,建功段,18.06,都市：住
RPWNMLMLRHMFFAB78DC,下橋子頭段,20.47,都市：住
RPVOMLMLRHMFFDB98CC,豐原段,17.23,都市：商
RPQOMLMLRHMFFAB18CC,公館段,.49,都市：住
RPQOMLMLRHMFFAB18CC,公館段,.43,都市：住
RPRPMLLLRHMFFBB38CC,賴厝段,.21,都市：商
RPRPMLLLRHMFFBB38CC,邱厝子段,.17,都市：商
RPPNMLNLRHMFFAB08CC,下橋子頭段,1.83,都市：商
RPTNMLNLRHMFFAB48CC,下橋子頭段,1.94,都市：商
RPXPMLPLRHMFFCB86CC,中正段,5.55,都市：商
RPXNMLPLRHMFFDB76CC,安康段,150.87,都市：住
RPUTMLPLRHMFFBB86CC,東峰段,11.13,都市：商
RPTQMLPLRHMFFBB09CC,中德段,17.20,都市：住
RPUNMLNLRHMFFAB58CC,下橋子頭段,1.83,都市：商
RPPNMLNLRHMFFCB28CC,惠民段,10.36,都市：其他
RPPQMLPLRHMFFCB78CC,中正段,6.72,都市：商
RPRQMLPLRHMFFCB98CC,中正段,5.31,都市：商
RPWPMLPLRHMFFCB76CC,中正段,5.55,都市：商
RPTRMLPLRHMFFBB56CC,錦村段,19.63,都市：住
RPTTMLPLRHMFFBB76CC,東峰段,9.24,都市：商
RPUNMLQLRHMFFJB17CC,平欣段,8.87,都市：住
RPTOMLQLRHMFFIB07CC,大圳頭段,90.69,非都市：特定農業區 ; 非都市編定：甲種建築用地
RPSNMLQLRHMFFDB09DC,四塊厝段,198.00,非都市：特定農業區 ; 非都市編定：甲種建築用地
RPROMLQLRHMFFAB68CC,下橋子頭段,1.83,都市：商
RPWNMLQLRHMFFDB86DC,泉州段,972.26,都市：工
RPUNMLPLRHMFFCB09DC,大進段,92.00,都市：住
RPUOMLQLRHMFFIB17CC,大圳頭段,90.69,非都市：特定農業區 ; 非都市編定：甲種建築用地
RPSOMLQLRHMFFAB78CC,下橋子頭段,3.42,都市：商
RPVPMLRLRHMFFCB86CC,中正段,8.21,都市：商
RPQNMLQLRHMFFBB58CC,中清段,496.00,都市：住
RPPPMLRLRHMFFCB88CC,上石碑段,133.00,都市：住
RPWOMLRLRHMFFCB86CC,大進段,9.63,都市：住
RPQRMLQLRHMFFBB98CC,東義段,20.88,都市：住
RPPPMLRLRHMFFBB78CC,松茂段,52.43,都市：住
RPXOMLQLRHMFFCB86CC,惠順段,29.48,都市：住
RPWOMLRLRHMFFBB76CC,東信段,.00,都市：住
RPVPMLRLRHMFFBB76CC,賴厝段,3.19,都市：商
RPVPMLRLRHMFFBB76CC,邱厝子段,2.56,都市：商
RPXPMLRLRHMFFCB07CC,中正段,6.48,都市：商
RPOPMLRLRHMFFBB68CC,邱厝子段,173.00,都市：住
RPTPMLRLRHMFFBB56CC,賴厝段,.29,都市：商
RPTPMLRLRHMFFBB56CC,邱厝子段,.23,都市：商
RPQQMLRLRHMFFBB98CC,賴厝段,3.19,都市：商
RPQQMLRLRHMFFBB98CC,邱厝子段,2.56,都市：商
RPTOMLRLRHMFFAB98CC,後子段,.00,都市：住
RPSOMLSLRHMFFBB56DC,北屯段,14.66,都市：商
RPWPMLRLRHMFFBB86CC,賴厝段,.29,都市：商
RPWPMLRLRHMFFBB86CC,邱厝子段,.23,都市：商
RPOQMLRLRHMFFBB78CC,賴厝段,.29,都市：商
RPOQMLRLRHMFFBB78CC,邱厝子段,.23,都市：商
RPORMLRLRHMFFBB88CC,平田段,16.95,都市：住
RPUPMLSLRHMFFAB66CC,後子段,23.27,都市：商
RPVPMLSLRHMFFAB76CC,後子段,42.00,都市：商
RPPRMLRLRHMFFBB98CC,松昌段,15.30,都市：住
RPTOMLSLRHMFFAB09CC,中墩段七小段,12.00,都市：住
RPTOMLSLRHMFFAB09CC,中墩段七小段,9.00,都市：住
RPTOMLSLRHMFFAB09CC,中墩段七小段,216.00,都市：住
RPPOMLRLRHMFFDB88CC,后義段,56.21,都市：住
RPQNMLRLRHMFFDB98DC,豐原段,107.00,都市：住
RPSRMLSLRHMFFBB76CC,松觀段,43.49,都市：住
RPVOMLTLRHMFFCB96CC,惠民段,10.39,都市：其他
RPRQMLSLRHMFFBB56CC,中興段,78.00,都市：住
RPQQMLSLRHMFFBB09CC,賴厝段,19.80,都市：住
RPTQMLSLRHMFFBB76CC,青雲段,69.00,都市：住
RPTOMLSLRHMFFCB66CC,三塊厝段,2042.00,都市：住
RPQOMLSLRHMFFBB88CC,太和段,19.98,都市：住
RPVRMLSLRHMFFBB07CC,邱厝子段,17.20,都市：住
RPSPMLTLRHMFFCB76CC,下石碑段,17.60,都市：住
RPSQMLSLRHMFFBB66CC,陳平段,21.40,都市：住
RPSPMLTLRHMFFAB56CC,樹子腳段,1.94,都市：住
RPTPMLKMRHMFFCB68CC,國安段,17.35,都市：住
RPRNMLKMRHMFFBB28DC,東峰段,252.00,都市：住
RPURMLSLRHMFFBB96CC,平田段,8.88,都市：住
RPURMLSLRHMFFBB96CC,平田段,1.64,都市：住
RPWNMLKMRHMFFHB66CC,雅潭段,94.13,都市：商
RPVPMLTLRHMFFAB86CC,樹子腳段,1.94,都市：住
RPOPMLKMRHMFFAB97CC,公館段,1.31,都市：住
RPOPMLKMRHMFFAB97CC,公館段,1.51,都市：住
RPOPMLTLRHMFFDB09CC,豐原段,154.00,都市：商
RPOPMLTLRHMFFDB09CC,豐原段,16.00,都市：商
RPRNMLLJIIMFFBB17CC,東正段,.00,都市：商
RPSNMLMJIIMFFBB37CC,邱厝子段,26.04,都市：住
RPUNMLMJIIMFFHB18CC,自立段,41.00,都市：其他
RPTNMLMJIIMFFHB08CC,學雅段,27.00,都市：住
RPTNMLMJIIMFFHB08CC,學雅段,14.80,都市：住
RPUNMLNJIIMFFKB58CC,自強段,72.02,非都市：鄉村區 ; 非都市編定：乙種建築用地
RPROMLNJIIMFFBB47CC,平田段,15.40,都市：住
RPROMLNJIIMFFBB47CC,平田段,2.84,都市：住
RPVNMLKMRHMFFBB58CC,太原段,14.39,都市：住
RPVNMLKMRHMFFBB58CC,太原段,14.39,都市：住
RPUPMLNJIIMFFAB77CC,樹子腳段,3154.00,都市：住
RPQOMLNJIIMFFBB37CC,東峰段,10.06,都市：住
RPQNMLLJIIMFFCB17CC,福星段,4.55,都市：住
RPQNMLLJIIMFFCB17CC,福星段,21.68,都市：住
RPOQMLTLRHMFFAB88CC,麻園頭段,18.87,都市：商
RPPPMLNJIIMFFBB37CC,東新段,1167.00,都市：住
RPUOMLNJIIMFFFB18CC,南勢坑段埔子小段,64.00,都市：住
RPPOMLNJIIMFFAB17CC,後子段,15.54,都市：住
RPUOMLNJIIMFFFB18CC,南勢坑段埔子小段,18.00,都市：住
RPUOMLNJIIMFFFB18CC,南勢坑段埔子小段,4.80,都市：住
RPUOMLNJIIMFFFB18CC,南勢坑段埔子小段,2.30,都市：住
RPTOMLMJIIMFFCB67CC,惠安段,24.08,都市：住
RPQPMLNJIIMFFCB57CC,惠智段,110.40,都市：住
RPPNMLOJIIMFFDB47CC,中陽段,69.00,都市：住
RPSNMLOJIIMFFBB57CC,邱厝子段,9.81,都市：住
RPQNMLOJIIMFFCB47CC,福安段,32.35,都市：住
RPTNMLOJIIMFFBB67CC,水湳段,92.00,都市：住
RPPPMLNJIIMFFCB47CC,惠安段,68.37,都市：住
RPPPMLNJIIMFFCB47CC,惠安段,17.30,都市：住
RPQNMLOJIIMFFDB57CC,三陽段,91.00,都市：住
RPVOMLPJIIMFFAB97CC,麻園頭段,.00,都市：住
RPUNMLPJIIMFFCB97CC,寶文段,45.95,都市：住
RPXPMLPJIIMFFBB38CC,松茂段,46.85,都市：住
RPPNMLOJIIMFFBB27CC,邱厝子段,72.73,都市：住
RPRNMLOJIIMFFDB67CC,南陽段,132.23,都市：住
RPTNMLPJIIMFFCB87CC,福安段,26.12,都市：住
RPWNMLPJIIMFFCB18CC,惠民段,18.35,都市：其他
RPRNMLOJIIMFFAB37CC,後子段,144.00,都市：住
RPRNMLOJIIMFFAB37CC,後子段,4.00,都市：住
RPRNMLOJIIMFFAB37CC,後子段,12.00,都市：住
RPUNMLPJIIMFFBB87CC,東信段,22.58,都市：商
RPUNMLPJIIMFFHB48CC,石牌段,84.10,都市：住
RPTOMLPJIIMFFCB97CC,大新段,10.46,都市：商
RPPOMLPJIIMFFCB57CC,惠民段,17.22,都市：其他
RPOOMLPJIIMFFCB47CC,大進段,15.42,都市：住
RPVOMLPJIIMFFCB18CC,大新段,10.46,都市：商
RPRNMLPJIIMFFBB57CC,東正段,47.97,都市：住
RPVNMLPJIIMFFCB08CC,惠民段,14.77,都市：其他
RPSNMLQJIIMFFBB77CC,鑫新平段,82.64,都市：住
RPPQMLQJIIMFFBB77CC,東義段,12.90,都市：住
RPVPMLQJIIMFFCB38CC,福安段,13.69,都市：住
RPUOMLQJIIMFFAB97CC,大益段,92.00,都市：住
RPSNMLQJIIMFFHB38CC,家興段,17.64,都市：住
RPRNMLQJIIMFFDB97DC,豐村段,330.58,都市：工
RPSQMLQJIIMFFCB18CC,西屯段,.00,都市：住
RPTNMLQJIIMFFDB08CC,豐中段,174.86,都市：住
RPTPMLQJIIMFFCB18CC,惠智段,9.76,都市：住
RPPOMLQJIIMFFDB77CC,豐原段,.00,都市：商
RPPOMLQJIIMFFDB77CC,豐原段,.00,都市：商
RPROMLQJIIMFFAB67CC,麻園頭段,16.29,都市：住
RPQNMLTJIIMFFCB97CC,中正段,6.24,都市：商
RPQNMLTJIIMFFBB87CC,賴厝段,.21,都市：商
RPQNMLTJIIMFFBB87CC,邱厝子段,.17,都市：商
RPQNMLKKIIMFFBB07CC,東峰段,12.47,都市：商
RPQNMLRJIIMFFBB67CC,東信段,7.99,都市：住
RPRNMLTJIIMFFCB08CC,中正段,5.99,都市：商
RPTNMLTJIIMFFBB18CC,賴厝段,3.42,都市：商
RPTNMLTJIIMFFBB18CC,邱厝子段,2.75,都市：商
RPSNMLKKIIMFFBB27CC,東峰段,6.42,都市：商
RPTNMLKKIIMFFBB37CC,東峰段,6.34,都市：商
RPSNMLTJIIMFFBB08CC,賴厝段,.14,都市：商
RPSNMLTJIIMFFBB08CC,邱厝子段,.11,都市：商
RPUNMLTJIIMFFBB28CC,東峰段,10.08,都市：商
RPROMLLKIIMFFAB27CC,麻園頭段,.00,都市：住
RPTNMLLKIIMFFJB28CC,德興段,21.48,都市：住
RPQNMLSJIIMFFCB87CC,惠順段,.00,都市：商
RPPNMLKKIIMFFFB37CC,梧棲段,1800.00,都市：商
RPUOMLLKIIMFFCB77CC,何安段,4.14,都市：住
RPVOMLLKIIMFFAB67CC,土庫段,48.40,都市：住
RPVOMLLKIIMFFCB87CC,上石碑段,4.82,都市：商
RPTPMLLKIIMFFAB57CC,後子段,146.00,都市：住
RPTOMLLKIIMFFCB67CC,中正段,6.28,都市：商
RPWOMLLKIIMFFAB77CC,土庫段,40.06,都市：住
RPQPMLLKIIMFFBB37CC,東新段,11.42,都市：住
RPRPMLLKIIMFFBB47CC,松昌段,38.04,都市：住
RPRPMLLKIIMFFBB47CC,平田段,4.03,都市：住
RPROMLLKIIMFFCB47CC,豐功段,120.75,都市：住
RPPQMLLKIIMFFCB47CC,福安段,70.26,都市：住
RPQQMLLKIIMFFCB57CC,國安段,34.49,都市：住
RPPPMLLKIIMFFCB37CC,中正段,5.91,都市：住
RPWPMLLKIIMFFBB97CC,水源段,.00,都市：住
RPRRMLMKIIMFFCB87CC,中正段,6.24,都市：商
RPPPMLMKIIMFFCB47CC,中正段,6.28,都市：商
RPPSMLMKIIMFFCB77CC,中正段,6.24,都市：商
RPWQMLLKIIMFFCB18CC,中和段,182.00,都市：住
RPORMLMKIIMFFCB57CC,中正段,6.24,都市：商
RPSRMLMKIIMFFCB97CC,中正段,6.72,都市：商
RPWOMLMKIIMFFCB08CC,龍富段,427.62,都市：住
RPWOMLMKIIMFFCB08CC,龍富段,78.47,都市：住
RPWQMLMKIIMFFCB28CC,中正段,6.24,都市：商
RPQQMLMKIIMFFBB57CC,賴厝段,3.19,都市：商
RPQQMLMKIIMFFBB57CC,邱厝子段,2.56,都市：商
RPQOMLMKIIMFFBB37CC,中興段,.00,都市：住
RPQNMLNKIIMFFDB57CC,東湳段,69.39,都市：住
RPWNMLNKIIMFFHB58CC,中興段,185.00,都市：住
RPVQMLMKIIMFFBB08CC,東峰段,10.29,都市：商
RPPOMLMKIIMFFCB37CC,惠民段,14.10,都市：其他
RPWNMLNKIIMFFAB87CC,頂橋子頭段,13.41,都市：商
RPRQMLMKIIMFFBB67CC,賴厝段,3.56,都市：商
RPRQMLMKIIMFFBB67CC,邱厝子段,2.86,都市：商
RPTQMLMKIIMFFBB87CC,賴厝段,2.98,都市：商
RPTQMLMKIIMFFBB87CC,邱厝子段,2.39,都市：商
RPSQMLMKIIMFFBB77CC,賴厝段,3.16,都市：商
RPSQMLMKIIMFFBB77CC,邱厝子段,2.54,都市：商
RPUQMLMKIIMFFBB97CC,賴厝段,.14,都市：商
RPUQMLMKIIMFFBB97CC,邱厝子段,.11,都市：商
RPQOMLNKIIMFFCB57CC,中仁段,29.00,都市：住
RPQOMLNKIIMFFCB57CC,中仁段,65.00,都市：住
RPTOMLNKIIMFFBB77CC,東正段,11.95,都市：住
RPXPMLNKIIMFFBB28CC,松觀段,12.04,都市：住
RPTNMLNKIIMFFCB77CC,大進段,13.67,都市：住
RPPPMLNKIIMFFCB57CC,豐業段,81.00,都市：住
RPQPMLMKIIMFFAB37CC,後子段,244.00,都市：住
RPXOMLNKIIMFFBB18CC,中德段,6.03,都市：住
RPTPMLNKIIMFFCB97CC,惠義段,.00,都市：住
RPPQMLNKIIMFFBB57CC,賴厝段,.00,都市：住
RPRPMLNKIIMFFBB67CC,松昌段,51.31,都市：商
RPRQMLNKIIMFFBB77CC,鑫新平段,279.49,都市：住
RPPNMLOKIIMFFCB57DC,惠民段,.00,都市：其他
RPXPMLNKIIMFFCB38CC,上石碑段,9.73,都市：住
RPTOMLQKIIMFFCB18CC,信安段,.00,都市：住
RPQNMLOKIIMFFCB57CC,大墩段,25.73,都市：住
RPRNMLRKIIMFFAB77CC,大益段,.00,都市：住
RPQPMLQKIIMFFBB87CC,中清段,95.00,都市：商
RPPQMLRKIIMFFAB87CC,花園段六小段,.00,都市：住
RPPQMLRKIIMFFCB08CC,上石碑段,12.48,都市：住
RPXNMLQKIIMFFCB48CC,大新段,29.27,都市：住
RPPPMLQKIIMFFAB67CC,旱溪段,.00,都市：住
RPPPMLQKIIMFFAB67CC,旱溪段,.00,都市：住
RPPOMLRKIIMFFCB87CC,何安段,14.78,都市：住
RPXNMLQKIIMFFBB38CC,景東段,121.82,都市：住
RPWNMLQKIIMFFCB38CC,大新段,51.73,都市：住
RPVOMLRKIIMFFBB48DC,賴厝段,6.60,都市：住
RPWNMLRKIIMFFHB98CC,四德段,57.00,都市：住
RPTPMLRKIIMFFBB38DC,賴厝段,6.42,都市：住
RPSNMLRKIIMFFDB28DC,博愛段,48.00,都市：住
RPTNMLRKIIMFFDB38DC,西湳北段,157.72,非都市：特定農業區 ; 非都市編定：甲種建築用地
RPTNMLRKIIMFFDB38DC,西湳北段,7.65,非都市：特定農業區 ; 非都市編定：甲種建築用地
RPTNMLRKIIMFFDB38DC,西湳北段,7.37,非都市：特定農業區 ; 非都市編定：甲種建築用地
RPTNMLRKIIMFFDB38DC,西湳北段,16.87,非都市：特定農業區 ; 非都市編定：甲種建築用地
RPTOMLSKIIMFFAB18CC,頂橋子頭段,10.98,都市：商
RPRPMLSKIIMFFAB08CC,下橋子頭段,20.06,都市：住
RPUPMLRKIIMFFBB48DC,北屯段,17.30,都市：住
RPUNMLRKIIMFFDB48DC,南陽段,.00,都市：住
RPXOMLRKIIMFFBB68DC,松茂段,13.60,都市：住
RPXPMLSKIIMFFBB78CC,錦村段,2.96,都市：商
RPSOMLSKIIMFFCB28CC,惠國段,.00,都市：其他
RPUPMLTKIIMFFBB58CC,賴厝段,2.98,都市：商
RPUPMLTKIIMFFBB58CC,邱厝子段,2.39,都市：商
RPVPMLTKIIMFFBB68CC,邱厝子段,3.81,都市：商
RPVPMLTKIIMFFBB68CC,賴厝段,4.75,都市：商
RPXPMLSKIIMFFCB88CC,國安段,16.36,都市：住
RPTPMLSKIIMFFCB48CC,何安段,4308.00,都市：住
RPRQMLTKIIMFFBB38CC,東峰段,10.08,都市：商
RPUPMLSKIIMFFAB38CC,樹子腳段,1.92,都市：住
RPTQMLTKIIMFFBB58CC,東峰段,10.62,都市：商
RPXPMLTKIIMFFBB88CC,東峰段,5.84,都市：商
RPSPMLTKIIMFFBB38CC,賴厝段,.29,都市：商
RPSPMLTKIIMFFBB38CC,邱厝子段,.23,都市：商
RPSQMLTKIIMFFCB58CC,中正段,8.57,都市：商
RPSOMLTKIIMFFJB09CC,勤益段,13.90,非都市：鄉村區 ; 非都市編定：乙種建築用地
RPSOMLTKIIMFFJB09CC,勤益段,53.34,非都市：鄉村區 ; 非都市編定：乙種建築用地
RPTOMLTKIIMFFAB28CC,城隍段三小段,.00,都市：住
RPTOMLTKIIMFFAB28CC,城隍段三小段,.00,都市：住
RPTOMLTKIIMFFAB28CC,城隍段三小段,.00,都市：住
RPXNMLTKIIMFFCB78CC,上石碑段,24.27,都市：住
RPROMLTKIIMFFCB28CC,惠民段,15.74,都市：其他
RPXNMLTKIIMFFIB76CC,中華段,69.21,都市：住
RPUOMLKLIIMFFCB77CC,福安段,.28,都市：住
RPRQMLTKIIMFFCB48CC,上石碑段,44.93,都市：住
RPSNMLKLIIMFFIB08CC,新北里段,292.00,非都市：特定農業區 ; 非都市編定：丁種建築用地
RPSPMLTKIIMFFCB48CC,何厝段,17.58,都市：住
RPSPMLTKIIMFFCB48CC,何厝段,3.65,都市：住
RPTOMLKLIIMFFCB67CC,民安段,20.67,都市：住
RPVOMLKLIIMFFCB87CC,惠民段,10.58,都市：住
RPURMLTKIIMFFCB88CC,中和段,18.79,都市：住
RPQOMLTKIIMFFAB97CC,中華段六小段,.00,都市：商
RPQOMLTKIIMFFAB97CC,中華段六小段,.00,都市：商
RPQOMLTKIIMFFAB97CC,中華段六小段,.00,都市：商
RPTQMLTKIIMFFCB68CC,中正段,8.57,都市：商
RPPOMLTKIIMFFCB08CC,惠民段,17.67,都市：其他
RPRNMLLLIIMFFCB47CC,中正段,6.28,都市：商
RPQNMLMLIIMFFIB08CC,九如段,67.48,都市：住
RPQNMLMLIIMFFIB08CC,九如段,1.60,都市：住
RPQNMLMLIIMFFIB08CC,九如段,15.88,都市：住
RPUNMLNLIIMFFAB77CC,柳川段六小段,55.00,都市：住
RPUNMLNLIIMFFAB77CC,柳川段六小段,19.00,都市：住
RPPNMLLLIIMFFCB27CC,中仁段,24.35,都市：住
RPVNMLNLIIMFFAB87CC,中墩段二小段,37.54,都市：住
RPSOMLNLIIMFFDB08DC,豐原段,61.00,都市：商
RPSOMLNLIIMFFDB08DC,豐原段,53.00,都市：商
RPSOMLNLIIMFFDB08DC,豐原段,31.00,都市：商
RPQPMLKLIIMFFCB47CC,惠來厝段,6.93,都市：住
RPPNMLLLIIMFFBB17CC,陳平段,21.00,都市：住
RPPNMLLLIIMFFBB17CC,陳平段,5.00,都市：住
RPRNMLOLIIMFFAB57CC,麻園頭段,39.30,都市：住
RPQOMLOLIIMFFAB57CC,麻園頭段,212.41,都市：住
RPSNMLKLIIMFFBB37CC,錦村段,.00,都市：住
RPROMLOLIIMFFAB67CC,麻園頭段,19.85,都市：住
RPSRMLKLIIMFFBB77CC,水源段,48.00,都市：住
RPSRMLKLIIMFFBB77CC,水源段,48.00,都市：住
RPXNMLOLIIMFFAB18CC,大益段,10.81,都市：商
RPURMLKLIIMFFBB97CC,水源段,44.00,都市：住
RPVOMLOLIIMFFCB28CC,信安段,24.76,都市：住
RPTRMLKLIIMFFBB87CC,水源段,44.00,都市：住
RPTRMLKLIIMFFBB87CC,水源段,44.00,都市：住
RPUPMLOLIIMFFBB28DC,崇德段,144.28,都市：住
RPTNMLOLIIMFFJB68CC,育賢段,81.70,都市：住
RPTNMLOLIIMFFJB68CC,育賢段,.09,都市：住
RPTNMLOLIIMFFJB68CC,育賢段,.04,都市：住
RPSPMLOLIIMFFBB97CC,陳平段,41.44,都市：住
RPTOMLPLIIMFFCB18CC,中和段,6.26,都市：住
RPXOMLOLIIMFFBB48DC,平田段,21.87,都市：住
RPTPMLOLIIMFFBB08CC,北屯段,32.51,都市：住
RPWPMLQLIIMFFCB68CC,國安段,7.47,都市：住
RPPPMLQLIIMFFCB97CC,何安段,9.94,都市：住
RPXOMLPLIIMFFCB58CC,上石碑段,20.89,都市：商
RPUNMLQLIIMFFBB18CC,松昌段,15.30,都市：住
RPVNMLOLIIMFFIB78CC,德芳段,97.86,都市：住
RPOPMLPLIIMFFBB67CC,中德段,2.20,都市：住
RPVNMLRLIIMFFKB66CC,遠東段,39.99,都市：住
RPVNMLQLIIMFFDB48CC,大順段,85.80,都市：住
RPWNMLQLIIMFFBB38CC,平田段,13.45,都市：住
RPWNMLQLIIMFFBB38CC,平田段,2.48,都市：住
RPSNMLRLIIMFFAB97CC,樹子腳段,1.92,都市：住
RPWNMLRLIIMFFKB76CC,遠東段,39.99,都市：住
RPSNMLRLIIMFFDB28CC,圳前段,68.29,都市：住
RPVPMLQLIIMFFCB58CC,上石碑段,12.57,都市：住
RPTNMLPLIIMFFBB97CC,太原段,13.96,都市：住
RPSOMLPLIIMFFCB08CC,惠民段,16.47,都市：其他
RPSPMLQLIIMFFAB08CC,樹子腳段,5.83,都市：住
RPSPMLRLIIMFFCB38CC,西屯段,.00,都市：住
RPTQMLRLIIMFFBB48CC,平田段,82.00,都市：住
RPXNMLLMIIMFFIB78CC,自立段,17.39,都市：住
RPQNMLKMIIMFFCB37CC,大新段,10.02,都市：住
RPSOMLKMIIMFFCB67CC,大進段,.00,都市：住
RPVNMLKMIIMFFKB68CC,忠和段,1055.00,都市：農
RPSOMLKMIIMFFCB67CC,大進段,.00,都市：住
RPVNMLKMIIMFFKB68CC,忠和段,806.00,都市：農
RPVNMLKMIIMFFKB68CC,忠和段,418.00,都市：農
RPTOMLKMIIMFFCB77CC,大進段,.00,都市：住
RPVNMLKMIIMFFKB68CC,忠和段,327.98,都市：農
RPTOMLKMIIMFFCB77CC,大進段,.00,都市：住
RPQPMLRLIIMFFCB18CC,寶文段,1798.48,都市：工
RPQPMLRLIIMFFCB18CC,寶文段,515.70,都市：工
RPXNMLLMIIMFFBB08CC,邱厝子段,74.00,都市：住
RPQPMLKMIIMFFCB57CC,文山段,508.43,都市：工
RPWOMLLMIIMFFAB97CC,立德段三小段,81.00,都市：商
RPWOMLLMIIMFFAB97CC,立德段三小段,16.00,都市：商
RPWOMLLMIIMFFAB97CC,立德段三小段,72.00,都市：商
RPWOMLLMIIMFFAB97CC,立德段三小段,15.00,都市：商
RPWOMLLMIIMFFAB97CC,立德段三小段,78.00,都市：商
RPWOMLLMIIMFFAB97CC,立德段三小段,15.00,都市：商
RPTNMLRLIIMFFCB28CC,順和段,2060.85,都市：工
RPOOMLLMIIMFFIB97CC,九如段,3.48,都市：住
RPXQMLLMIIMFFBB38CC,賴厝段,.29,都市：商
RPXQMLLMIIMFFBB38CC,邱厝子段,.23,都市：商
RPUOMLLMIIMFFAB87DC,後子段,74.00,都市：商
RPPRMLLMIIMFFBB67CC,賴厝段,.28,都市：商
RPPRMLLMIIMFFBB67CC,邱厝子段,.22,都市：商
RPOQMLLJJIMFFBB27CC,水源段,97.00,都市：住
RPQRMLLMIIMFFBB77CC,賴厝段,2.94,都市：商
RPQRMLLMIIMFFBB77CC,邱厝子段,2.36,都市：商
RPRRMLLMIIMFFBB87CC,文正段,.00,都市：商
RPUNMLLJJIMFFBB57CC,太和段,23.51,都市：住
RPPQMLLMIIMFFBB57CC,東光段,13.88,都市：住
RPRPMLLJJIMFFBB47CC,松茂段,26.67,都市：住
RPORMLLMIIMFFBB57CC,賴厝段,.14,都市：商
RPORMLLMIIMFFBB57CC,邱厝子段,.11,都市：商
RPQQMLLJJIMFFCB57CC,惠民段,.00,都市：其他
RPSRMLLMIIMFFBB97CC,文正段,7.84,都市：商
RPPQMLLJJIMFFBB37CC,水源段,97.00,都市：住
RPQOMLLJJIMFFBB27CC,軍福段,18.48,都市：商
RPUPMLLJJIMFFCB87CC,惠民段,.00,都市：其他
RPRQMLMJJIMFFBB67CC,平田段,19.29,都市：住
RPRQMLLJJIMFFCB67CC,惠民段,.00,都市：其他
RPTOMLMJJIMFFBB67CC,昌平段,31.34,都市：住
RPSNMLLJJIMFFDB57CC,安康段,50.72,都市：住
RPTQMLMJJIMFFBB87CC,松昌段,11.33,都市：商
RPTRMLMJJIMFFBB97CC,賴厝段,4.82,都市：商
RPTRMLMJJIMFFBB97CC,邱厝子段,3.87,都市：商
RPRPMLMJJIMFFCB67CC,中正段,6.36,都市：商
RPXRMLMJJIMFFBB38CC,同榮段,100.00,都市：住
RPQSMLMJJIMFFBB77CC,同榮段,88.00,都市：住
RPRPMLNJJIMFFBB67CC,賴厝段,2.91,都市：商
RPRPMLNJJIMFFBB67CC,邱厝子段,2.33,都市：商
RPOSMLMJJIMFFBB57CC,東峰段,6.84,都市：商
RPSPMLNJJIMFFBB77CC,賴厝段,.29,都市：商
RPSPMLNJJIMFFBB77CC,邱厝子段,.23,都市：商
RPUNMLNJJIMFFBB77CC,文正段,.00,非都市： ; 非都市編定：
RPTPMLNJJIMFFBB87CC,賴厝段,2.96,都市：商
RPTPMLNJJIMFFBB87CC,邱厝子段,2.37,都市：商
RPXQMLNJJIMFFCB48CC,中正段,9.82,都市：商
RPSRMLNJJIMFFCB08CC,中正段,5.51,都市：商
RPVOMLNJJIMFFCB08CC,民安段,20.55,都市：住
RPURMLNJJIMFFCB28CC,中正段,7.04,都市：商
RPTOMLNJJIMFFCB87CC,西屯段,24.39,都市：商
RPPOMLNJJIMFFCB47CC,上石碑段,5.00,都市：住
RPPOMLNJJIMFFCB47CC,上石碑段,38.00,都市：住
RPPOMLNJJIMFFCB47CC,上石碑段,68.00,都市：住
RPORMLNJJIMFFCB67CC,中正段,6.71,都市：商
RPVPMLQJJIMFFCB48CC,中正段,6.72,都市：商
RPUQMLQJJIMFFBB38CC,倡和段,13.19,都市：住
RPQPMLQJJIMFFCB97CC,惠民段,22.78,都市：住
RPVRMLQJJIMFFBB58CC,太祥段,19.47,都市：住
RPURMLQJJIMFFBB48CC,陳平段,137.00,都市：住
RPRPMLQJJIMFFBB97CC,賴厝段,18.68,都市：商
RPWRMLQJJIMFFBB68CC,東信段,16.62,都市：住
RPWRMLQJJIMFFBB68CC,東信段,80.00,都市：住
RPROMLRJJIMFFIB68CC,東湖段,16.54,都市：住
RPXRMLQJJIMFFBB78CC,陳平段,79.00,都市：住
RPRSMLQJJIMFFBB28CC,東峰段,11.30,都市：商
RPSSMLQJJIMFFBB38CC,東峰段,6.34,都市：商
RPSOMLQJJIMFFIB68CC,螺潭段,1800.00,非都市：特定農業區 ; 非都市編定：農牧用地
RPTNMLRJJIMFFKB98CC,新東段,67.83,非都市：鄉村區 ; 非都市編定：乙種建築用地
RPUNMLRJJIMFFKB09CC,永順段,85.14,非都市：鄉村區 ; 非都市編定：乙種建築用地
RPPOMLRJJIMFFIB48CC,新仁段,83.00,都市：住
RPSNMLRJJIMFFAB87CC,麻園頭段,193.63,都市：住
RPROMLQJJIMFFCB97CC,惠民段,27.45,都市：住
RPURMLSJJIMFFCB78CC,惠民段,15.51,都市：其他
RPVNMLRJJIMFFKB56CC,遊園段,46.25,非都市：鄉村區 ; 非都市編定：特定目的事業用地
RPVOMLRJJIMFFAB28CC,大益段,10.07,都市：住
RPUNMLSJJIMFFBB28CC,松茂段,35.54,都市：住
RPPNMLRJJIMFFCB77CC,福安段,71.44,都市：住
RPVNMLSJJIMFFCB48CC,中和段,8.53,都市：商
RPQRMLSJJIMFFCB38CC,大進段,17.86,都市：住
RPOOMLSJJIMFFCB87CC,惠民段,25.62,都市：其他
RPXNMLSJJIMFFAB48CC,後子段,26.43,都市：住
RPSRMLSJJIMFFCB58CC,上石碑段,23.31,都市：住
RPPOMLTJJIMFFDB18CC,陽明段,86.00,都市：住
RPPOMLSJJIMFFAB77CC,公館段,6.42,都市：商
RPPOMLSJJIMFFAB77CC,公館段,7.11,都市：商
RPVOMLSJJIMFFBB48CC,東信段,46.00,都市：住
RPOOMLTJJIMFFIB68DC,大孝段,70.53,都市：住
RPQNMLTJJIMFFAB87CC,尚武段,31.69,都市：住
RPURMLTJJIMFFAB68CC,頂橋子頭段,11.36,都市：商
RPSNMLSJJIMFFDB28CC,豐原段,.00,都市：住
RPUPMLTJJIMFFBB58CC,賴厝段,.14,都市：商
RPUPMLTJJIMFFBB58CC,邱厝子段,.11,都市：商
RPTPMLTJJIMFFBB48CC,陳平段,21.00,都市：住
RPTPMLTJJIMFFBB48CC,陳平段,5.00,都市：住
RPWPMLTJJIMFFBB78CC,賴厝段,2.97,都市：商
RPWPMLTJJIMFFBB78CC,邱厝子段,2.39,都市：商
RPSQMLTJJIMFFBB48CC,東峰段,6.84,都市：商
RPVPMLTJJIMFFBB68CC,水源段,11.42,都市：住
RPXPMLTJJIMFFBB88CC,賴厝段,.21,都市：商
RPXPMLTJJIMFFBB88CC,邱厝子段,.17,都市：商
RPWOMLTJJIMFFCB78CC,豐功段,.00,都市：住
RPQQMLTJJIMFFBB28CC,賴厝段,4.82,都市：商
RPQQMLTJJIMFFBB28CC,邱厝子段,3.87,都市：商
RPVOMLTJJIMFFCB68CC,永春段,721.00,都市：住
RPUQMLTJJIMFFBB68CC,東峰段,11.80,都市：商
RPOSMLKKJIMFFBB47CC,東峰段,10.29,都市：商
RPUPMLTJJIMFFCB68CC,中正段,6.04,都市：住
RPWPMLTJJIMFFCB88CC,中義段,82.00,都市：住
RPSPMLKKJIMFFCB67CC,豐業段,92.21,都市：住
RPPOMLKKJIMFFJB08DC,平欣段,67.00,都市：住
RPPOMLKKJIMFFJB08DC,平欣段,67.00,都市：住
RPPOMLKKJIMFFJB08DC,平欣段,181.00,都市：住
RPPQMLKKJIMFFAB37DC,麻園頭段,21.57,都市：住
RPWOMLKKJIMFFAB77CC,復興段一小段,77.00,都市：商
RPWOMLKKJIMFFAB77CC,復興段一小段,5.00,都市：商
RPSOMLKKJIMFFIB18CC,吉隆段,25.82,都市：住
RPRNMLKKJIMFFJB08CC,番子路段,19.64,都市：住
