﻿編號,土地區段位置,土地移轉面積平方公尺,使用分區或編定
The serial number,land sector position,land shifting area square meter,the use zoning or compiles and checks
RPOOMLLJQHMFFHF68CC,瓦段,19.88,都市：住
RPQRMLLJQHMFFEF88CC,公司田段,31.78,都市：住
RPSTMLLJQHMFFBF98CC,副都心段五小段,10.37,都市：住
RPSNMLLJQHMFFBF38CC,芳洲段,.00,都市：住
RPVNMLLJQHMFFBF68CC,泰林段,.00,都市：住
RPTOMLLJQHMFFBF58CC,國宅段,145.34,都市：住
RPOPMLLJQHMFFEF48CC,大義段,14.47,都市：其他
RPOPMLLJQHMFFEF48CC,大義段,17.24,都市：其他
RPPOMLLJQHMFFAF08CC,江子翠段第二崁小段,11.26,都市：住
RPOPMLLJQHMFFAF08CC,介壽段,.00,都市：商
RPPOMLLJQHMFFHF78CC,瓦段,19.88,都市：住
RPUNMLLJQHMFFBF58CC,成福段,.00,都市：住
RPROMLLJQHMFFHF98CC,瓦段,18.15,都市：住
RPRPMLMJQHMFFBF58CC,榮富段,12.46,都市：住
RPSNMLMJQHMFFBF48CC,副都心段一小段,34.40,都市：商
RPOOMLMJQHMFFBF18CC,光明段,.00,都市：住
RPOPMLMJQHMFFBF28CC,同興段,23.28,都市：住
RPTOMLLJQHMFFHF56CC,廟美段,20.17,都市：住
RPSOMLLJQHMFFHF09CC,瓦段,18.44,都市：住
RPRNMLMJQHMFFEF68CC,水仙段,2.26,都市：住
RPRNMLMJQHMFFEF68CC,水仙段,.42,都市：住
RPQNMLMJQHMFFEF58CC,海天段,.02,都市：住
RPQNMLMJQHMFFEF58CC,海天段,2.91,都市：住
RPQNMLMJQHMFFEF58CC,海天段,.00,都市：住
RPQNMLMJQHMFFEF58CC,海天段,.21,都市：住
RPQNMLMJQHMFFEF58CC,海天段,.01,都市：住
RPRNMLLJQHMFFDF58DC,大同段,12.36,都市：商
RPVQMLMJQHMFFBF09CC,楓江段,17.99,都市：住
RPWNMLMJQHMFFGF76CC,興德段,.00,都市：工
RPPRMLMJQHMFFBF58CC,昌隆段,15.57,都市：住
RPXQMLMJQHMFFBF66CC,信華段一小段,20.91,都市：住
RPORMLMJQHMFFBF48CC,和平段,17.85,都市：住
RPWPMLMJQHMFFBF09CC,副都心段一小段,14.11,都市：商
RPSQMLMJQHMFFBF78CC,榮富段,11.33,都市：住
RPVNMLNJQHMFFEF56CC,新巿段,.00,都市：住
RPVNMLNJQHMFFBF88CC,副都心段一小段,.00,都市：商
RPWNMLNJQHMFFEF66CC,淡海段,.00,都市：住
RPVOMLNJQHMFFAF88CC,新興段,.00,都市：住
RPTPMLMJQHMFFBF78CC,中原段,30.16,都市：住
RPSPMLNJQHMFFAF68CC,幸福段,.00,都市：商
RPUNMLMJQHMFFIF76CC,十三添段打鐵坑小段,5.50,非都市：山坡地保育區 ; 非都市編定：丙種建築用地
RPUNMLMJQHMFFIF76CC,十三添段打鐵坑小段,3.50,非都市：山坡地保育區 ; 非都市編定：丙種建築用地
RPUNMLMJQHMFFIF76CC,十三添段打鐵坑小段,41.50,非都市：山坡地保育區 ; 非都市編定：丙種建築用地
RPUNMLMJQHMFFIF76CC,十三添段打鐵坑小段,41.50,非都市：山坡地保育區 ; 非都市編定：丙種建築用地
RPPPMLNJQHMFFEF78CC,海天段,13.55,都市：商
RPSQMLNJQHMFFAF78CC,埔墘段,.00,都市：住
RPQNMLOJQHMFFAF38CC,沛陂段,4667.23,都市：工
RPPNMLOJQHMFFEF68CC,新巿段,22.45,都市：住
RPPOMLNJQHMFFDF58CC,同新段,.73,都市：工
RPPOMLNJQHMFFDF58CC,昊天段,8.30,都市：工
RPTNMLMJQHMFFDF98EC,保長段,5.43,都市：住
RPQNMLOJQHMFFDF68CC,智興段,.00,都市：商
RPQOMLOJQHMFFBF58CC,力行段,19.94,都市：住
RPXNMLNJQHMFFDF66CC,同新段,.73,都市：工
RPXNMLNJQHMFFDF66CC,昊天段,8.30,都市：工
RPVNMLPJQHMFFBF09CC,榮富段,15.31,都市：住
RPPNMLPJQHMFFBF48CC,中原段,40.43,都市：住
RPSNMLOJQHMFFAF58CC,重慶段,.00,都市：其他
RPSNMLOJQHMFFDF88CC,智興段,.00,都市：商
RPSNMLOJQHMFFDF88CC,智興段,.00,都市：住
RPRNMLPJQHMFFBF68CC,副都心段一小段,184.27,都市：商
RPQNMLPJQHMFFBF58CC,榮富段,15.84,都市：住
RPOPMLOJQHMFFAF38CC,城林段,130.84,都市：工
RPQNMLOJQHMFFCF58CC,寶元段,.00,都市：工
RPSOMLPJQHMFFBF88CC,中原段,20.14,都市：住
RPQOMLPJQHMFFBF68CC,復興段,.00,都市：住
RPPNMLQJQHMFFEF88CC,正德段,6.10,都市：其他
RPPOMLPJQHMFFBF58CC,思賢段,.00,都市：住
RPXNMLOJQHMFFIF27CC,永昌段,41.76,都市：住
RPWNMLPJQHMFFBF56CC,貴和段,14.29,都市：住
RPOOMLPJQHMFFBF48CC,思賢段,45.47,都市：住
RPQNMLQJQHMFFEF98CC,新巿段,18.32,都市：其他
RPROMLPJQHMFFBF78CC,立言段,5.18,都市：住
RPWPMLRJQHMFFEF27CC,滬尾段,.00,非都市： ; 非都市編定：
RPWPMLRJQHMFFEF27CC,滬尾段,.00,非都市： ; 非都市編定：
RPPOMLRJQHMFFDF98CC,智興段,6.00,都市：住
RPSOMLRJQHMFFDF66CC,智興段,8.10,都市：住
RPROMLRJQHMFFDF56CC,中正段,9.70,都市：住
RPUPMLRJQHMFFDF96CC,昊天段,11.43,都市：工
RPUPMLRJQHMFFDF96CC,同新段,.36,都市：工
RPVPMLRJQHMFFEF17CC,海鷗段,.00,非都市： ; 非都市編定：
RPXOMLRJQHMFFEF27CC,公司田段,44.00,都市：住
RPTOMLRJQHMFFAF09CC,運校段,.00,都市：住
RPXOMLRJQHMFFIF67CC,大學段一小段,10.07,都市：商
RPPNMLQJQHMFFIF66CC,大學段二小段,19.24,都市：商
RPTOMLRJQHMFFIF27CC,大學段二小段,16.67,都市：商
RPQPMLRJQHMFFIF07CC,大學段一小段,5.34,都市：住
RPSNMLRJQHMFFDF56CC,智興段,.00,都市：商
RPSNMLRJQHMFFDF56CC,智興段,.00,都市：其他
RPSPMLRJQHMFFIF27CC,大學段一小段,21.66,都市：住
RPTNMLRJQHMFFCF56CC,北宜段,.00,都市：其他
RPXNMLRJQHMFFHF47CC,林森段,.00,都市：住
RPPPMLRJQHMFFHF86CC,仁愛段,.00,都市：商
RPRPMLRJQHMFFHF07CC,秀山段,4.36,都市：住
RPQOMLRJQHMFFHF86CC,健康段,.00,都市：工
RPSPMLRJQHMFFHF17CC,秀山段,4.13,都市：住
RPRNMLRJQHMFFHF86CC,信義段,36.75,都市：住
RPRNMLRJQHMFFHF86CC,信義段,12.50,都市：住
RPXNMLSJQHMFFCF07CC,安德段,.00,都市：住
RPSNMLRJQHMFFCF09CC,秀水段,.00,都市：住
RPTNMLSJQHMFFBF56CC,德音段,18.25,都市：住
RPQNMLSJQHMFFBF88CC,國宅段,12.25,都市：住
RPQOMLSJQHMFFBF98CC,行政段,37.77,都市：住
RPPPMLRJQHMFFIF96CC,大學段一小段,16.26,都市：住
RPXOMLSJQHMFFDF27CC,同新段,1.05,都市：工
RPXOMLSJQHMFFDF27CC,昊天段,33.69,都市：工
RPUPMLSJQHMFFDF07CC,智興段,440.00,都市：住
RPRPMLSJQHMFFDF76CC,工建段,27.54,都市：工
RPQPMLSJQHMFFEF76CC,新巿段,22.50,都市：住
RPQPMLSJQHMFFDF66CC,昊天段,42.15,都市：工
RPPPMLSJQHMFFDF56CC,保安段,39.93,都市：工
RPPRMLSJQHMFFAF09CC,文化段,2.01,都市：住
RPUNMLSJQHMFFIF47DC,國姓段,4.88,都市：住
RPSNMLSJQHMFFIF17CC,大學段二小段,46.75,都市：住
RPORMLSJQHMFFAF09DC,員和段,24.65,都市：住
RPXSMLSJQHMFFEF97EC,中興段,45.65,都市：住
RPOPMLTJQHMFFEF66CC,馬偕段,7.03,都市：工
RPXQMLSJQHMFFHF87CC,民富段,24.26,都市：住
RPQQMLSJQHMFFHF17CC,中興段,.00,都市：住
RPQQMLSJQHMFFHF17CC,中興段,.00,都市：住
RPQQMLSJQHMFFHF17CC,中興段,.00,都市：住
RPWQMLSJQHMFFHF77CC,永利段,.00,都市：住
RPTQMLSJQHMFFHF47CC,安邦段,.00,都市：住
RPTOMLTJQHMFFAF66CC,公館段,34.69,都市：住
RPPOMLTJQHMFFBF98CC,中誠段,.00,都市：住
RPXOMLTJQHMFFAF07CC,埔墘段,50.00,都市：住
RPOOMLTJQHMFFCF98CC,寶元段,56.30,都市：工
RPOOMLTJQHMFFCF98CC,寶元段,.01,都市：其他
RPOOMLTJQHMFFCF98CC,寶元段,.48,都市：其他
RPXNMLTJQHMFFBF07CC,國宅段,10.26,都市：住
RPVPMLTJQHMFFCF17CC,民權段,.00,都市：住
RPWOMLTJQHMFFIF77CC,復興段,.00,都市：住
RPPNMLSJQHMFFGF86EC,中興段,.00,都市：工
RPTOMLTJQHMFFBF76CC,忠孝段,16.38,都市：住
RPRNMLKKQHMFFDF48CC,智興段,.00,都市：商
RPRNMLKKQHMFFDF48CC,智興段,.00,都市：住
RPXOMLTJQHMFFBF17CC,國宅段,15.15,都市：住
RPUOMLKKQHMFFBF68CC,中泰段,15.93,都市：住
RPXVMLTJQHMFFBF87CC,國宅段,23.95,都市：住
RPWSMLSJQHMFFEF87EC,天生段,7.09,都市：住
RPSNMLKKQHMFFDF58CC,智興段,.00,都市：商
RPSNMLKKQHMFFDF58CC,智興段,.00,都市：住
RPUNMLKKQHMFFEF88CC,馬偕段,5.67,都市：工
RPWOMLKKQHMFFDF56DC,長安段,306.33,都市：工
RPQOMLKKQHMFFEF58CC,馬偕段,5.78,都市：工
RPTOMLTJQHMFFIF47CC,復興段,18.10,都市：商
RPTNMLTJQHMFFAF76EC,清水段,41.03,都市：住
RPVOMLLKQHMFFBF88CC,榮富段,27.20,都市：住
RPVQMLLKQHMFFBF09CC,副都心段一小段,.00,都市：商
RPPNMLKKQHMFFCF18CC,寶強段,.00,都市：住
RPQOMLKKQHMFFHF88CC,連城段,.00,都市：住
RPPSMLLKQHMFFBF68CC,芳洲段,.00,都市：住
RPUSMLLKQHMFFBF56CC,明志段,.00,都市：住
RPRSMLLKQHMFFBF88CC,御史段,.00,都市：住
RPXRMLLKQHMFFBF76CC,芳洲段,.00,都市：住
RPRNMLLKQHMFFAF28CC,中山段,.00,都市：其他
RPUNMLLKQHMFFEF98CC,飛歌段,.00,都市：住
RPPNMLLKQHMFFCF28CC,大豐段,.00,都市：住
RPTNMLLKQHMFFHF56CC,連城段,.00,都市：住
RPXPMLLKQHMFFHF17CC,健康段,.00,都市：工
RPPRMLLKQHMFFHF56CC,中原段,.00,都市：工
RPWPMLLKQHMFFHF17DC,雙和段,.00,都市：商
RPUOMLLKQHMFFEF09CC,海天段,18.40,都市：住
RPVNMLKKQHMFFEF98CC,馬偕段,9.07,都市：工
RPPOMLKKQHMFFEF48CC,馬偕段,5.67,都市：工
RPWNMLLKQHMFFIF96CC,大學段一小段,5.88,都市：住
RPRNMLOKQHMFFEF98CC,新巿段,22.45,都市：住
RPQNMLLKQHMFFCF38CC,北宜段,.00,都市：其他
RPPNMLMKQHMFFGF78CC,成功段,.00,都市：住
RPPNMLMKQHMFFGF78CC,成功段,.00,都市：住
RPPOMLOKQHMFFDF78CC,保安段,28.52,都市：工
RPPNMLOKQHMFFDF68CC,新峰段,40.33,都市：住
RPPQMLLKQHMFFIF56CC,國慶段,.00,都市：住
RPXNMLOKQHMFFEF96CC,海天段,16.60,都市：住
RPPNMLMKQHMFFAF18CC,江子翠段新埔小段,31.20,都市：住
RPSNMLOKQHMFFIF86CC,備內段,.00,都市：住
RPWNMLOKQHMFFCF66CC,順安段,.00,都市：住
RPUNMLOKQHMFFEF66CC,公司田段,42.97,都市：住
RPOOMLOKQHMFFEF78CC,海天段,28.80,都市：住
RPTNMLOKQHMFFAF78CC,大庭段,.00,都市：住
RPSNMLOKQHMFFAF68CC,大庭段,.00,都市：住
RPSOMLOKQHMFFCF98CC,民安段,.54,都市：住
RPORMLOKQHMFFAF88EC,亞東段,13.59,都市：住
RPOOMLOKQHMFFHF09CC,福和段,.00,都市：商
RPUNMLOKQHMFFHF96CC,健康段,55.58,都市：工
RPSNMLOKQHMFFHF76CC,健康段,.00,都市：工
RPQOMLOKQHMFFHF66CC,員山段,.00,都市：住
RPWOMLPKQHMFFEF07CC,海天段,.00,非都市： ; 非都市編定：
RPSNMLPKQHMFFDF09CC,北山段,25.73,都市：其他
RPQNMLPKQHMFFDF88CC,昊天段,10.34,都市：工
RPQNMLPKQHMFFDF88CC,同新段,.32,都市：工
RPWNMLPKQHMFFGF17CC,正義段,.00,都市：商
RPTOMLPKQHMFFIF17CC,大學段一小段,5.88,都市：住
RPTNMLPKQHMFFHF96CC,仁愛段,.00,都市：其他
RPWOMLPKQHMFFIF47CC,安溪段,13.82,都市：住
RPROMLPKQHMFFIF96CC,大學段二小段,11.22,都市：商
RPVNMLOKQHMFFHF07CC,中原段,.00,都市：工
RPPPMLPKQHMFFDF98CC,智興段,.00,都市：商
RPSOMLPKQHMFFIF07CC,大學段一小段,10.07,都市：商
RPTPMLQKQHMFFBF66CC,國宅段,17.59,都市：住
RPWPMLQKQHMFFEF27CC,公司田段,23.16,都市：住
RPWNMLQKQHMFFCF86CC,北新段,.00,都市：其他
RPWNMLQKQHMFFCF86CC,北新段,.00,都市：住
RPWPMLQKQHMFFBF96CC,芳洲段,.00,都市：住
RPUPMLQKQHMFFBF76CC,麗林段,.00,都市：住
RPXQMLQKQHMFFIF87CC,仁愛段,18.15,都市：住
RPPPMLPKQHMFFHF96EC,圓通段,.00,都市：住
RPUNMLPKQHMFFHF07CC,仁愛段,.00,都市：其他
RPVNMLPKQHMFFHF17CC,仁愛段,.00,都市：其他
RPQPMLPKQHMFFHF07EC,仁和段,.00,都市：住
RPRPMLPKQHMFFHF17EC,樂華段,.00,都市：商
RPTQMLQKQHMFFIF47CC,大同段,114.00,都市：工
RPQRMLRKQHMFFBF66CC,和平段,64.85,都市：住
RPWNMLQKQHMFFHF57EC,華中段,40.74,都市：住
RPVNMLQKQHMFFHF47EC,復興段,46.70,都市：住
RPORMLRKQHMFFBF09CC,國宅段,12.60,都市：住
RPWNMLRKQHMFFGF37CC,幸福段,.00,都市：住
RPOQMLRKQHMFFEF66CC,馬偕段,6.69,都市：工
RPWOMLRKQHMFFBF96CC,全安段,28.20,都市：住
RPURMLRKQHMFFBF07CC,力行段,.00,都市：住
RPTOMLRKQHMFFBF66CC,芳洲段,64.56,都市：住
RPWRMLRKQHMFFBF27CC,建林段,19.41,都市：住
RPXOMLRKQHMFFAF96CC,文化段,2.35,都市：住
RPVPMLRKQHMFFAF86CC,江子翠段第二崁小段,32.25,都市：住
RPTPMLRKQHMFFAF66CC,江子翠段第一崁小段,.00,都市：住
RPRQMLRKQHMFFAF56CC,新板段三小段,.00,都市：其他
RPUOMLRKQHMFFDF96CC,智興段,.00,都市：商
RPQOMLRKQHMFFDF56CC,智興段,.00,都市：住
RPRRMLRKQHMFFHF37CC,板南段,.00,都市：工
RPQOMLRKQHMFFDF56CC,智興段,.00,都市：其他
RPROMLRKQHMFFDF66CC,智興段,.00,都市：商
RPRNMLRKQHMFFAF09EC,江子翠段第一崁小段,124.00,都市：商
RPPOMLRKQHMFFDF09CC,智興段,.00,都市：住
RPPOMLRKQHMFFDF09CC,智興段,.00,都市：其他
RPQNMLSKQHMFFDF56CC,智興段,.00,都市：住
RPQNMLSKQHMFFDF56CC,智興段,.00,都市：其他
RPVNMLRKQHMFFDF96CC,智興段,.00,都市：住
RPRPMLQKQHMFFHF07CC,健康段,.00,都市：工
RPROMLSKQHMFFEF86CC,馬偕段,6.69,都市：工
RPTOMLSKQHMFFEF07CC,馬偕段,5.67,都市：工
RPOPMLSKQHMFFCF09CC,莊敬段,.00,都市：工
RPVOMLSKQHMFFEF27CC,海天段,27.39,都市：住
RPSOMLSKQHMFFBF66CC,國宅段,15.47,都市：住
RPOPMLSKQHMFFBF98CC,林口段,104.73,都市：商
RPRRMLSKQHMFFAF96EC,金城段,.00,都市：住
RPXNMLSKQHMFFBF07CC,麗林段,.00,都市：住
RPOOMLLLQHMFFDF48CC,崇德段,18.54,都市：住
RPRRMLSKQHMFFBF86CC,雙鳳段,.00,都市：住
RPSRMLSKQHMFFAF07EC,幸福段,.00,都市：商
RPPNMLTKQHMFFBF98CC,陸光段,.00,都市：住
RPSPMLSKQHMFFCF86CC,中正段,40.92,都市：住
RPSRMLRKQHMFFHF47CC,華中段,24.46,都市：住
RPORMLRKQHMFFHF07CC,橋和段,.00,都市：工
RPQNMLTKQHMFFBF09CC,芳洲段,.00,都市：商
RPXOMLLLQHMFFBF56CC,麗林段,.00,都市：商
RPSPMLLLQHMFFDF98CC,昊天段,1079.70,都市：工
RPUPMLLLQHMFFAF09EC,公館段,.00,非都市： ; 非都市編定：
RPPOMLLLQHMFFIF09CC,復興段,30.00,都市：住
RPWNMLLLQHMFFGF86CC,過田段,.00,都市：商
RPWNMLLLQHMFFGF86CC,過田段,.00,都市：商
RPTPMLLLQHMFFDF66EC,保長段,9.25,都市：住
RPPOMLMLQHMFFAF38CC,幸福段,.00,都市：住
RPVOMLMLQHMFFAF98CC,金城段,.00,都市：住
RPQOMLLLQHMFFIF56CC,復興段,32.25,都市：住
RPPOMLMLQHMFFDF68CC,智興段,.00,都市：商
RPRQMLLLQHMFFAF68CC,大安段,51.64,都市：工
RPUPMLMLQHMFFAF98CC,文化段,2.77,都市：住
RPSNMLLLQHMFFAF48CC,中山段,.00,都市：住
RPPNMLLLQHMFFHF88CC,健康段,.00,都市：工
RPQNMLMLQHMFFGF98CC,成功段,.00,都市：商
RPQNMLLLQHMFFHF98CC,健康段,34.17,都市：工
RPOOMLLLQHMFFHF88CC,健康段,.00,都市：工
RPTNMLMLQHMFFEF09CC,馬偕段,5.67,都市：工
RPUNMLMLQHMFFDF66EC,保長段,8.60,都市：住
RPOOMLMLQHMFFDF78EC,建成段,6.86,都市：住
RPTOMLMLQHMFFDF66EC,保長段,3.90,都市：住
RPXNMLMLQHMFFDF96EC,保長段,3.91,都市：住
RPVNMLMLQHMFFDF76EC,保長段,4.04,都市：住
RPWNMLMLQHMFFDF86EC,保長段,6.71,都市：住
RPWOMLMLQHMFFEF86CC,公司田段,21.87,都市：其他
RPQPMLMLQHMFFDF09EC,保長段,7.56,都市：住
RPPPMLMLQHMFFDF98EC,保長段,3.91,都市：住
RPRPMLMLQHMFFDF56EC,保長段,7.82,都市：住
RPRQMLMLQHMFFHF86CC,信義段,.00,都市：住
RPVPMLMLQHMFFBF56CC,國宅段,26.04,都市：住
RPVQMLMLQHMFFHF27CC,民權段,.00,都市：住
RPQQMLMLQHMFFHF76CC,保平段,16.02,都市：住
RPTRMLMLQHMFFBF56CC,林口段,55.06,都市：住
RPTRMLMLQHMFFHF17CC,三民段,.00,都市：住
RPUOMLMLQHMFFIF07CC,大學段一小段,32.88,都市：住
RPXQMLMLQHMFFBF86CC,副都心段一小段,13.46,都市：商
RPROMLMLQHMFFIF76CC,大學段二小段,5.80,都市：住
RPROMLMLQHMFFIF76CC,大學段二小段,.59,都市：住
RPROMLMLQHMFFIF76CC,大學段二小段,.45,都市：住
RPPOMLNLQHMFFIF66CC,大學段二小段,16.79,都市：商
RPPOMLMLQHMFFEF88DC,龍米段,2.73,都市：住
RPSNMLNLQHMFFAF68CC,樂利段,4.73,都市：住
RPXOMLNLQHMFFAF66CC,仁愛段,.00,都市：其他
RPXOMLNLQHMFFCF86CC,寶元段,.00,都市：工
RPVNMLNLQHMFFHF07CC,圓通段,10.18,都市：住
RPOQMLNLQHMFFAF58CC,成功段,6248.80,都市：住
RPUNMLNLQHMFFHF96CC,四維段,17.37,都市：住
RPWNMLNLQHMFFHF17CC,四維段,.00,都市：住
RPXNMLNLQHMFFHF27CC,大同段,.00,都市：住
RPWRMLNLQHMFFBF96CC,立德段,.00,都市：住
RPWQMLNLQHMFFHF67EC,板南段,.00,都市：工
RPWQMLNLQHMFFHF67EC,板南段,.00,都市：工
RPORMLNLQHMFFHF96EC,華中段,27.19,都市：住
RPQTMLNLQHMFFBF66DC,和平段,.00,都市：住
RPUOMLOLQHMFFCF66CC,明德段,.00,都市：住
RPUOMLOLQHMFFCF66CC,明德段,.00,都市：住
RPOOMLNLQHMFFIF56CC,二橋段,31.21,都市：商
RPQNMLOLQHMFFAF58CC,江子翠段第二崁小段,.00,都市：住
RPXQMLNLQHMFFHF77EC,新和段,22.06,都市：住
RPQPMLOLQHMFFCF98CC,寶橋段,69.69,都市：工
RPRPMLOLQHMFFAF88CC,江子翠段第二崁小段,.00,都市：商
RPQOMLNLQHMFFHF66CC,南工段,27.23,都市：住
RPQPMLOLQHMFFAF78CC,文化段,2.35,都市：住
RPXPMLOLQHMFFBF96CC,自立段,.00,都市：住
RPRNMLOLQHMFFCF88CC,北宜段,.00,都市：其他
RPWOMLOLQHMFFEF07CC,新巿段,23.62,都市：其他
RPOPMLOLQHMFFHF66CC,莊敬段,.00,都市：住
RPVRMLPLQHMFFBF07CC,安泰段,11122.57,都市：工
RPRSMLOLQHMFFBF66CC,合鳳段,.00,都市：工
RPVUMLPLQHMFFBF37CC,中原段,.00,都市：住
RPRSMLOLQHMFFBF66CC,合鳳段,.00,都市：其他
RPVNMLPLQHMFFBF66CC,國宅段,5.70,都市：商
RPVTMLPLQHMFFBF27CC,中原段,20.14,都市：住
RPOQMLPLQHMFFEF56CC,水仙段,4.15,都市：住
RPOQMLPLQHMFFEF56CC,水仙段,.77,都市：住
RPUQMLPLQHMFFEF17CC,公司田段,19.06,都市：住
RPOPMLOLQHMFFAF78EC,篤行段,17.92,都市：住
RPTOMLPLQHMFFHF17CC,中原段,.00,都市：工
RPROMLPLQHMFFHF96CC,健康段,.00,都市：工
RPUOMLPLQHMFFHF27CC,安樂段,.00,都市：住
RPUOMLPLQHMFFHF27CC,安樂段,.00,都市：住
RPVOMLPLQHMFFHF37CC,信義段,.00,都市：商
RPVNMLQLQHMFFEF07CC,新巿段,26.73,都市：住
RPSNMLQLQHMFFDF66CC,智興段,.00,都市：住
RPUNMLQLQHMFFEF96CC,淡海段,26.44,都市：住
RPUOMLPLQHMFFDF86CC,環河段,413.81,都市：工
RPUOMLPLQHMFFDF86CC,環河段,909.81,都市：工
RPQNMLQLQHMFFBF88CC,榮富段,18.40,都市：住
RPSNMLQLQHMFFBF09CC,榮富段,14.37,都市：住
RPRNMLQLQHMFFBF98CC,中原段,22.38,都市：商
RPTNMLQLQHMFFBF56CC,榮富段,15.51,都市：住
RPSNMLPLQHMFFHF17EC,得林段,.00,都市：住
RPXOMLPLQHMFFHF67DC,健康段,27.04,都市：工
RPUNMLQLQHMFFBF66CC,自強段,26.46,都市：住
RPSOMLPLQHMFFHF17DC,莒光段,20.23,都市：住
RPWOMLPLQHMFFHF67EC,新和段,.00,都市：住
RPWNMLQLQHMFFBF86CC,思源段,28.36,都市：住
RPUOMLSLQHMFFBF96CC,榮富段,8.60,都市：住
RPWOMLSLQHMFFBF17CC,昌隆段,.00,都市：住
RPOOMLQLQHMFFBF78CC,榮富段,17.55,都市：住
RPXNMLQLQHMFFBF96CC,信華段一小段,27.89,都市：住
RPVNMLQLQHMFFBF76CC,榮富段,34.61,都市：住
RPWPMLSLQHMFFBF27CC,昌隆段,15.57,都市：住
RPSOMLSLQHMFFBF76CC,力行段,.00,都市：商
RPOQMLSLQHMFFBF56CC,芳洲段,19.55,都市：住
RPQPMLSLQHMFFBF66CC,副都心段一小段,8.39,都市：商
RPVPMLSLQHMFFBF17CC,副都心段五小段,13.83,都市：住
RPTRMLSLQHMFFBF17CC,興化段,.00,都市：工
RPURMLSLQHMFFBF27CC,榮富段,26.22,都市：住
RPXRMLSLQHMFFBF57CC,昌隆段,17.17,都市：住
RPRRMLSLQHMFFBF96CC,新工段一小段,.00,非都市：工業區 ; 非都市編定：丁種建築用地
RPPQMLSLQHMFFBF66CC,復興段,86.99,都市：住
RPPSMLSLQHMFFBF86CC,昌隆段,29.55,都市：住
RPOSMLSLQHMFFBF76CC,榮富段,13.14,都市：住
RPWSMLSLQHMFFBF57CC,丹鳳段,5.27,都市：其他
RPQOMLSLQHMFFEF86CC,馬偕段,5.78,都市：工
RPTSMLSLQHMFFBF27CC,瓊泰段,67.34,都市：住
RPSRMLSLQHMFFBF17DC,光榮段,23.79,都市：住
RPWRMLSLQHMFFBF57DC,富國段,16.08,都市：住
RPVNMLSLQHMFFIF67CC,文化段,8.52,都市：住
RPQOMLSLQHMFFIF27CC,大學段一小段,26.17,都市：商
RPSOMLSLQHMFFIF47CC,民權段,5.99,都市：商
RPSQMLSLQHMFFGF47CC,碧華段,.00,都市：工
RPUOMLSLQHMFFEF27CC,新興段,12.84,都市：住
RPRPMLSLQHMFFAF66CC,公館段,38.00,都市：其他
RPWOMLSLQHMFFAF07CC,民權段,28.76,都市：住
RPWOMLSLQHMFFAF07CC,民權段,.06,都市：住
RPWOMLSLQHMFFAF07CC,民權段,.03,都市：住
RPWOMLSLQHMFFAF07CC,民權段,.02,都市：住
RPTQMLSLQHMFFGF57CC,重新段壹小段,.00,都市：住
RPOQMLSLQHMFFGF07CC,碧華段,.00,都市：工
RPPNMLTLQHMFFDF66CC,同新段,.00,都市：工
RPVOMLTLQHMFFEF47CC,天生段,7.05,都市：住
RPVNMLKMQHMFFEF56CC,公司田段,28.09,都市：其他
RPPOMLTLQHMFFHF17CC,南山段,25.94,都市：住
RPUOMLTLQHMFFEF37CC,公司田段,19.00,都市：其他
RPROMLTLQHMFFEF07CC,公司田段,12.16,都市：其他
RPWOMLTLQHMFFEF57CC,公司田段,25.39,都市：其他
RPSOMLTLQHMFFEF17CC,公司田段,13.05,都市：其他
RPTOMLKMQHMFFEF09CC,新興段,33.60,都市：住
RPRPMLKMQHMFFEF98CC,紅毛城段,201.83,都市：住
RPRPMLKMQHMFFEF98CC,紅毛城段,81.30,都市：住
RPRPMLKMQHMFFEF98CC,紅毛城段,2.27,都市：住
RPOPMLKMQHMFFEF68CC,下圭柔山段,165.30,都市：工
RPPNMLKMQHMFFAF18CC,員仁段,.00,都市：工
RPUPMLKMQHMFFBF98CC,丹鳳段,13.56,都市：住
RPSNMLKMQHMFFDF78CC,環河段,102.17,都市：工
RPRNMLKMQHMFFAF38CC,頂福段,.00,都市：住
RPWNMLKMQHMFFDF56CC,環河段,234.00,都市：工
RPPNMLKMQHMFFBF28CC,泰山段一小段,.00,都市：商
RPPQMLKMQHMFFBF58CC,五工段,702.80,非都市：工業區 ; 非都市編定：丁種建築用地
RPTNMLKMQHMFFDF88CC,同新段,.50,都市：工
RPTNMLKMQHMFFDF88CC,昊天段,16.18,都市：工
RPUOMLKMQHMFFAF78CC,江子翠段第二崁小段,.00,都市：商
RPUQMLKMQHMFFBF09CC,新豐段,.00,都市：商
RPOOMLLMQHMFFAF28CC,文化段,2.18,都市：住
RPQOMLKMQHMFFIF56CC,鳳福段,61.78,都市：住
RPRNMLKMQHMFFHF09CC,水源段,.00,都市：商
RPOPMLLMQHMFFAF38CC,文化段,2.18,都市：住
RPVOMLKMQHMFFGF07EC,菜寮段,.00,都市：住
RPQRMLLMQHMFFAF78CC,文化段,2.35,都市：住
RPRRMLLMQHMFFAF88CC,公館段,45.00,都市：住
RPPOMLLMQHMFFEF78CC,海天段,19.97,都市：住
RPWOMLLMQHMFFEF86CC,水仙段,2.27,都市：住
RPOPMLLMQHMFFEF78CC,馬偕段,6.69,都市：工
RPSOMLLMQHMFFEF09CC,水仙段,1.99,都市：住
RPSOMLLMQHMFFEF09CC,水仙段,.37,都市：住
RPROMLLMQHMFFEF98CC,海鷗段,17.83,都市：商
RPQNMLLMQHMFFDF68CC,智興段,.00,都市：住
RPVOMLKMQHMFFHF96CC,信和段,.00,都市：住
RPQNMLLMQHMFFEF78CC,竹圍段,.00,都市：商
RPPOMLLMQHMFFDF68CC,福德段,3.05,都市：住
RPPOMLLMQHMFFDF68CC,福德段,30.00,都市：住
RPOPMLLMQHMFFHF09CC,仁愛段,.00,都市：住
RPPPMLLMQHMFFHF56CC,南山段,.00,都市：住
RPQPMLLMQHMFFHF66CC,永安段,17.29,都市：住
RPPOMLLJRHMFFDF48CC,智興段,7.44,都市：住
RPPOMLLJRHMFFDF48CC,智興段,.07,都市：其他
RPWQMLLJRHMFFAF09CC,公館段,.00,都市：住
RPWQMLLJRHMFFAF09CC,公館段,.00,都市：住
RPQOMLLJRHMFFDF58CC,智興段,6.21,都市：住
RPVOMLLMQHMFFHF07CC,四維段,.00,都市：住
RPWPMLLMQHMFFHF27CC,健康段,.00,都市：工
RPXOMLLMQHMFFHF27CC,保福段,.00,都市：住
RPXNMLLJRHMFFBF98CC,國宅段,45.21,都市：住
RPQNMLMJRHMFFIF09CC,大學段二小段,5.80,都市：住
RPQNMLMJRHMFFIF09CC,大學段二小段,.59,都市：住
RPQNMLMJRHMFFIF09CC,大學段二小段,.45,都市：住
RPPNMLMJRHMFFIF98CC,安溪段,6.71,都市：住
RPSRMLLJRHMFFAF88DC,和平段,21.77,都市：住
RPQNMLMJRHMFFHF98CC,信和段,16.48,都市：住
RPXNMLOJRHMFFGF17CC,樹德段,.00,都市：住
RPRNMLMJRHMFFIF56CC,大學段一小段,10.97,都市：商
RPPNMLMJRHMFFCF38CC,建國段,.00,都市：住
RPRNMLOJRHMFFDF88CC,智興段,.00,都市：商
RPPNMLPJRHMFFGF09CC,光華段,.00,都市：住
RPTOMLPJRHMFFCF56CC,建國段,.00,都市：住
RPTOMLPJRHMFFCF56CC,建國段,.00,都市：住
RPVQMLPJRHMFFBF86CC,副都心段九小段,33.76,都市：住
RPORMLOJRHMFFBF78CC,建林段,43.56,都市：住
RPRRMLPJRHMFFBF56CC,佳林段,53.53,都市：住
RPVRMLOJRHMFFBF86CC,力行段,16.16,都市：住
RPPRMLPJRHMFFBF98CC,副都心段七小段,40.50,都市：住
RPOPMLLJRHMFFHF88CC,健康段,71.35,都市：工
RPQNMLPJRHMFFAF58CC,江子翠段第二崁小段,.00,都市：住
RPOOMLPJRHMFFHF56CC,信和段,25.92,都市：住
RPPNMLPJRHMFFAF48CC,新興段,.00,都市：商
RPPNMLPJRHMFFAF48CC,新興段,.00,都市：商
RPSOMLPJRHMFFHF96CC,東南段,.00,都市：住
RPXNMLQJRHMFFAF76CC,和平段,.00,都市：住
RPTPMLQJRHMFFBF66CC,中興段,.00,都市：工
RPPPMLQJRHMFFDF09CC,金龍段,.39,都市：其他
RPPPMLQJRHMFFDF09CC,金龍段,.45,非都市：山坡地保育區 ; 非都市編定：丙種建築用地
RPPPMLQJRHMFFDF09CC,金龍段,.01,都市：其他
RPPPMLQJRHMFFDF09CC,金龍段,.01,都市：其他
RPPOMLQJRHMFFGF66CC,中興段,.00,都市：工
RPRRMLQJRHMFFEF96CC,公司田段,7.52,都市：住
RPVOMLPJRHMFFCF76CC,秀岡一段,311.40,都市：住
RPVRMLQJRHMFFEF37CC,中興段,.00,都市：住
RPROMLQJRHMFFAF88CC,江子翠段第二崁小段,5.46,都市：商
RPWOMLQJRHMFFEF17CC,海天段,.01,都市：住
RPWOMLQJRHMFFEF17CC,海天段,.00,都市：住
RPWOMLQJRHMFFEF17CC,海天段,1.31,都市：住
RPWOMLQJRHMFFEF17CC,海天段,.10,都市：住
RPWOMLQJRHMFFEF17CC,海天段,.00,都市：住
RPWOMLQJRHMFFEF17CC,海天段,.01,都市：住
RPWOMLQJRHMFFEF17CC,海天段,.00,都市：住
RPWOMLQJRHMFFEF17CC,海天段,1.31,都市：住
RPWOMLQJRHMFFEF17CC,海天段,.10,都市：住
RPWOMLQJRHMFFEF17CC,海天段,.00,都市：住
RPRNMLQJRHMFFHF86CC,健康段,33.91,都市：工
RPXOMLQJRHMFFDF37EC,智興段,42.60,都市：住
RPPOMLPJRHMFFAF78EC,城林段,163.81,都市：工
RPPPMLQJRHMFFHF96DC,板南段,.00,都市：工
RPPPMLQJRHMFFHF96DC,板南段,.00,都市：其他
RPXNMLRJRHMFFEF27CC,公司田段,14.93,都市：住
RPOOMLRJRHMFFEF09CC,公司田段,15.55,都市：住
RPROMLPJRHMFFHF86CC,樂華段,.00,都市：商
RPSNMLQJRHMFFHF96CC,板南段,27.63,都市：工
RPVOMLRJRHMFFBF86CC,芳洲段,.00,都市：住
RPWOMLRJRHMFFEF27CC,馬偕段,8.39,都市：工
RPQOMLRJRHMFFEF66CC,學府段,34.84,都市：住
RPRPMLRJRHMFFBF56CC,芳洲段,.00,都市：住
RPQOMLRJRHMFFAF88CC,學成段,.00,都市：住
RPVOMLRJRHMFFEF17CC,樹林口段樹林口小段,.00,非都市：山坡地保育區 ; 非都市編定：丙種建築用地
RPVNMLRJRHMFFDF96CC,金龍段,.00,都市：住
RPRQMLRJRHMFFBF66CC,副都心段九小段,54.65,都市：住
RPPQMLRJRHMFFBF09CC,榮富段,6.11,都市：住
RPXPMLRJRHMFFBF17CC,復興段,45.45,都市：住
RPSPMLRJRHMFFBF66CC,泰山段一小段,.00,都市：住
RPSOMLSJRHMFFAF56CC,板院段,6.91,都市：住
RPRNMLRJRHMFFHF96CC,大仁段,.00,都市：住
RPUNMLSJRHMFFAF66CC,延和段,27.92,都市：住
RPOOMLRJRHMFFGF66CC,重新段壹小段,.00,都市：住
RPXQMLRJRHMFFBF27CC,中誠段,23.88,都市：住
RPSOMLRJRHMFFIF27CC,大湖段大湖小段,39.50,非都市：一般農業區 ; 非都市編定：甲種建築用地
RPPPMLSJRHMFFAF98CC,埔墘段,50.00,都市：住
RPSQMLRJRHMFFBF76CC,榮富段,10.97,都市：住
RPWQMLRJRHMFFBF17CC,榮富段,14.00,都市：住
RPRQMLSJRHMFFBF76CC,力行段,10.62,都市：住
RPTOMLSJRHMFFAF66CC,文化段,2.10,都市：住
RPSNMLSJRHMFFEF86CC,新興段,2.59,都市：住
RPXNMLSJRHMFFHF67CC,瓦段,.00,都市：住
RPSOMLSJRHMFFHF27CC,公園段,20.20,都市：住
RPPOMLSJRHMFFHF96CC,瓦段,.00,都市：住
RPOOMLSJRHMFFHF86CC,瓦段,.00,都市：住
RPUOMLSJRHMFFHF47CC,福和段,.00,都市：商
RPUOMLSJRHMFFHF47CC,福和段,.00,都市：住
RPOPMLSJRHMFFHF96CC,永安段,.00,都市：商
RPRNMLSJRHMFFGF96CC,正民段,.00,都市：住
RPROMLSJRHMFFGF07CC,大有段,2162.94,非都市：一般農業區 ; 非都市編定：農牧用地
RPOOMLSJRHMFFEF56CC,新巿段,19.84,都市：其他
RPVTMLLKRHMFFAF76CC,幸福段,.00,都市：住
RPPNMLLKRHMFFDF48CC,水源段,.00,都市：住
RPPNMLLKRHMFFDF48CC,水源段,.00,都市：其他
RPXOMLLKRHMFFAF09CC,江子翠段溪頭小段,.00,都市：住
RPXOMLLKRHMFFAF09CC,江子翠段溪頭小段,.00,都市：住
RPPNMLLKRHMFFEF58CC,海天段,.00,都市：住
RPPNMLLKRHMFFEF58CC,海天段,2.62,都市：住
RPPNMLLKRHMFFEF58CC,海天段,.02,都市：住
RPPNMLLKRHMFFEF58CC,海天段,.19,都市：住
RPPNMLLKRHMFFEF58CC,海天段,.01,都市：住
RPUNMLLKRHMFFDF98CC,叭嗹港段叭嗹港口小段,.00,非都市：鄉村區 ; 非都市編定：乙種建築用地
RPXPMLLKRHMFFBF66CC,中原段,23.67,都市：住
RPTPMLLKRHMFFBF88CC,副都心段一小段,12.61,都市：住
RPXNMLSJRHMFFEF37CC,大崁段,147.23,都市：住
RPUOMLLKRHMFFHF86CC,秀山段,39.71,都市：住
RPXOMLLKRHMFFHF17CC,四維段,.00,都市：住
RPTPMLLKRHMFFHF86CC,南山段,.00,都市：住
RPTPMLLKRHMFFHF86CC,南山段,.00,都市：住
RPVPMLLKRHMFFHF07CC,大智段,.00,都市：住
RPUQMLLKRHMFFHF07CC,南山段,.00,都市：住
RPUNMLLKRHMFFCF88CC,北宜段,.00,都市：其他
RPSTMLLKRHMFFBF56CC,同榮段,.00,都市：住
RPTQMLLKRHMFFBF98CC,榮富段,14.91,都市：住
RPPRMLLKRHMFFBF68CC,榮富段,19.74,都市：住
RPUQMLLKRHMFFBF09CC,合鳳段,8.62,都市：住
RPRRMLLKRHMFFBF88CC,副都心段一小段,33.37,都市：住
RPQOMLMKRHMFFBF58CC,芳洲段,.00,都市：商
RPRTMLLKRHMFFBF09CC,成福段,.00,都市：住
RPSPMLMKRHMFFEF56CC,竹圍段,28.81,都市：住
RPQNMLMKRHMFFDF68CC,智興段,.00,都市：商
RPPRMLMKRHMFFHF76CC,永平段,.00,都市：住
RPUQMLMKRHMFFHF17CC,大仁段,.00,都市：住
RPVNMLMKRHMFFAF88CC,新板段二小段,.00,都市：其他
RPXNMLMKRHMFFAF09CC,港子嘴段,.00,都市：住
RPUOMLMKRHMFFBF98CC,成福段,.00,都市：住
RPVNMLMKRHMFFEF66CC,竹圍段,.00,都市：商
RPQOMLMKRHMFFAF48CC,中山段,9.39,都市：其他
RPVOMLNKRHMFFHF17CC,安邦段,.00,都市：住
RPQSMLMKRHMFFHF96CC,台貿段,.00,都市：住
RPXSMLMKRHMFFHF67CC,南工段,.00,都市：住
RPOSMLMKRHMFFHF76CC,中安段,.00,都市：商
RPOSMLMKRHMFFHF76CC,中安段,.00,都市：住
RPUNMLNKRHMFFAF98DC,成功段,6.71,都市：住
RPUNMLNKRHMFFAF98DC,成功段,3.77,都市：商
RPVNMLOKRHMFFDF76CC,中正段,.00,都市：住
RPXNMLNKRHMFFIF37CC,三福段,1.24,都市：住
RPXNMLNKRHMFFIF37CC,三福段,.71,都市：住
RPXNMLNKRHMFFIF37CC,三福段,.27,都市：住
RPXNMLNKRHMFFIF37CC,三福段,36.51,都市：住
RPVQMLOKRHMFFEF17CC,正德段,.00,都市：住
RPOPMLOKRHMFFDF88CC,昊天段,.00,都市：工
RPTNMLOKRHMFFBF98CC,瓊泰段,446.30,都市：商
RPPOMLOKRHMFFBF68CC,國宅段,.00,都市：住
RPWOMLNKRHMFFHF27CC,民樂段,.00,都市：住
RPUQMLNKRHMFFHF27CC,台貿段,.00,都市：住
RPXOMLNKRHMFFHF37CC,連城段,.00,都市：住
RPVPMLNKRHMFFHF27CC,圓通段,.00,都市：住
RPSPMLNKRHMFFHF96CC,福祥段,.00,都市：住
RPWOMLOKRHMFFBF76CC,副都心段一小段,.00,都市：商
RPWNMLOKRHMFFIF37CC,大學段二小段,37.52,都市：住
RPTOMLOKRHMFFIF17CC,大學段二小段,17.95,都市：住
RPUOMLOKRHMFFGF07CC,富貴段,.00,都市：住
RPVNMLOKRHMFFBF66DC,忠孝段,179.96,都市：住
RPVNMLOKRHMFFBF66DC,忠孝段,176.73,都市：住
RPWRMLPKRHMFFBF17CC,自立段,.00,都市：商
RPVSMLOKRHMFFBF07CC,民安段,78.66,都市：工
RPOTMLOKRHMFFBF09CC,思源段,38.12,都市：住
RPUNMLPKRHMFFGF07CC,仁義段,.00,都市：住
RPWRMLPKRHMFFAF07CC,振興段,.00,都市：住
RPUPMLPKRHMFFEF07CC,馬偕段,5.67,都市：工
RPQNMLOKRHMFFHF66CC,健康段,31.23,都市：工
RPQNMLOKRHMFFCF78CC,中華段,.00,都市：住
RPXOMLPKRHMFFEF37DC,正德段,35.93,都市：住
RPUPMLPKRHMFFAF66CC,忠義段,.00,都市：工
RPSOMLPKRHMFFGF07DC,集美段,.00,都市：住
RPPNMLQKRHMFFDF98CC,智興段,.00,都市：住
RPQNMLQKRHMFFDF09CC,智興段,.00,都市：住
RPUNMLPKRHMFFCF66CC,北新段,.00,都市：其他
RPUNMLPKRHMFFCF66CC,北新段,.00,都市：住
RPXNMLOKRHMFFIF47CC,大學段二小段,40.64,都市：商
RPROMLSKRHMFFDF86CC,保長段,6.77,都市：住
RPTOMLSKRHMFFBF86CC,芳洲段,.00,都市：住
RPTNMLSKRHMFFDF96CC,智興段,.00,都市：商
RPXNMLSKRHMFFBF17CC,同興段,7.27,都市：商
RPWOMLSKRHMFFCF27CC,寶元段,.00,都市：工
RPTOMLTKRHMFFDF17CC,北山段,996.32,都市：工
RPPPMLSKRHMFFCF66CC,寶元段,.00,都市：工
RPQPMLSKRHMFFAF56CC,公館段,.00,都市：住
RPSNMLQKRHMFFAF98CC,新板段三小段,.00,都市：其他
RPTPMLKLRHMFFEF56CC,馬偕段,6.81,都市：工
RPTNMLTKRHMFFHF47CC,林森段,20.77,都市：住
RPVNMLTKRHMFFEF37CC,鄧公段,41.49,都市：其他
RPUQMLSKRHMFFBF17CC,光明段,.00,都市：住
RPSOMLTKRHMFFHF57DC,水源段,3.41,都市：商
RPUNMLTKRHMFFGF67EC,興德段,.00,都市：工
RPPOMLSKRHMFFGF07DC,富貴段,.00,都市：住
RPRNMLKLRHMFFBF48CC,成福段,127.49,都市：商
RPPNMLKLRHMFFBF28CC,芳洲段,.00,都市：商
RPQNMLKLRHMFFBF38CC,芳洲段,.00,都市：商
RPUNMLKLRHMFFBF78CC,芳洲段,.00,都市：住
RPSRMLKLRHMFFBF98CC,麗林段,15.51,都市：商
RPUUMLKLRHMFFBF86CC,成功段,.00,都市：住
RPVUMLKLRHMFFBF96CC,陸光段,.00,都市：住
RPWUMLKLRHMFFBF07CC,文程段,.00,都市：住
RPTUMLKLRHMFFBF76CC,芳洲段,.00,都市：住
RPUPMLKLRHMFFHF96CC,福和段,.00,都市：商
RPUPMLKLRHMFFHF96CC,福和段,.00,都市：住
RPUPMLKLRHMFFHF96CC,福和段,.00,都市：商
RPQOMLKLRHMFFCF58CC,寶橋段,281.95,都市：工
RPVQMLKLRHMFFHF17CC,保生段,.00,都市：住
RPVPMLKLRHMFFHF07CC,正南段,.00,都市：住
RPTQMLKLRHMFFHF96CC,南山段,.00,都市：住
RPSPMLKLRHMFFHF76CC,民治段,.00,都市：住
RPUQMLKLRHMFFHF07CC,大華段,.00,都市：住
RPSOMLKLRHMFFGF56CC,重新段壹小段,.00,都市：商
RPRQMLKLRHMFFHF76CC,民樂段,.00,都市：住
RPRQMLKLRHMFFHF76CC,民樂段,.00,都市：住
RPRPMLLLRHMFFCF88CC,寶元段,.00,都市：工
RPQPMLLLRHMFFBF68CC,副都心段一小段,.00,都市：商
RPOQMLKLRHMFFHF09CC,竹林段,.00,都市：住
RPRPMLLLRHMFFBF78CC,新工段一小段,.00,非都市：工業區 ; 非都市編定：丁種建築用地
RPPQMLKLRHMFFAF58DC,文化段,5.12,都市：住
RPVNMLKLRHMFFIF96CC,武林段,22.67,都市：住
RPTPMLLLRHMFFBF98CC,新工段一小段,.00,非都市：工業區 ; 非都市編定：丁種建築用地
RPPPMLLLRHMFFBF58CC,國宅段,100.23,都市：住
RPTOMLLLRHMFFDF09CC,橫科段橫科小段,3235.00,非都市：山坡地保育區 ; 非都市編定：農牧用地
RPOPMLLLRHMFFEF78CC,新巿段,17.18,都市：住
RPXOMLLLRHMFFEF96CC,正德段,30.56,都市：其他
RPPNMLLLRHMFFGF88CC,新海段,.00,都市：住
RPOOMLMLRHMFFEF78CC,新巿段,17.89,都市：住
RPTOMLMLRHMFFEF66CC,馬偕段,5.78,都市：工
RPPQMLLLRHMFFAF58CC,江子翠段第一崁小段,26.50,都市：住
RPQOMLMLRHMFFAF58CC,篤行段,29.57,都市：住
RPOOMLLLRHMFFAF28CC,江子翠段第三崁小段,4.28,都市：其他
RPOPMLMLRHMFFEF88CC,中興段,8.63,都市：住
RPTNMLMLRHMFFBF88CC,新知段,1109.90,都市：商
RPRNMLNLRHMFFBF78CC,泰林段,.00,都市：工
RPPNMLNLRHMFFBF58CC,芳洲段,.00,都市：住
RPSNMLNLRHMFFBF88CC,芳洲段,.00,都市：商
RPXOMLMLRHMFFEF07CC,正德段,18.05,都市：住
RPPNMLOLRHMFFEF98CC,中正段,3.82,都市：住
RPPNMLOLRHMFFEF98CC,中正段,3.31,都市：住
RPPNMLOLRHMFFEF98CC,中正段,5.87,都市：住
RPPNMLOLRHMFFEF98CC,中正段,2.73,都市：住
RPPNMLOLRHMFFEF98CC,中正段,7.06,都市：住
RPWNMLNLRHMFFBF66CC,副都心段五小段,10.37,都市：住
RPOOMLNLRHMFFBF58CC,副都心段七小段,27.51,都市：住
RPPOMLNLRHMFFBF68CC,榮富段,23.27,都市：住
RPPNMLMLRHMFFCF58CC,復興段,.00,都市：工
RPQOMLLLRHMFFHF56CC,秀峰段,.00,都市：住
RPWOMLMLRHMFFEF96CC,中興段,22.61,都市：住
RPROMLNLRHMFFBF88CC,忠孝段,20.83,都市：住
RPQOMLNLRHMFFBF78CC,昌隆段,16.09,都市：其他
RPQNMLOLRHMFFEF09CC,公司田段,21.58,都市：住
RPUNMLPLRHMFFEF96CC,海天段,.02,都市：住
RPUNMLPLRHMFFEF96CC,海天段,.00,都市：住
RPUNMLPLRHMFFEF96CC,海天段,2.62,都市：住
RPUNMLPLRHMFFEF96CC,海天段,1.92,都市：住
RPUNMLPLRHMFFEF96CC,海天段,.01,都市：住
RPTQMLPLRHMFFEF17CC,飛歌段,.00,都市：工
RPUQMLPLRHMFFAF86CC,江子翠段第二崁小段,11.77,都市：住
RPTRMLPLRHMFFHF57CC,福和段,.00,都市：商
RPURMLPLRHMFFHF67CC,南山段,.00,都市：其他
RPVQMLPLRHMFFBF07CC,和平段,8.46,都市：住
RPXPMLPLRHMFFBF17CC,力行段,29.07,都市：住
RPRNMLOLRHMFFEF56CC,學府段,8.09,都市：住
RPOSMLPLRHMFFHF17CC,景新段,.00,都市：住
RPPOMLPLRHMFFCF98CC,莊敬段,.00,都市：工
RPXNMLPLRHMFFDF37EC,環河段,.00,非都市： ; 非都市編定：
RPSNMLQLRHMFFDF76CC,崇德段,.00,都市：住
RPSPMLRLRHMFFAF76CC,文化段,2.77,都市：住
RPSQMLRLRHMFFAF86CC,海山段,37.40,都市：住
RPROMLPLRHMFFIF17CC,大學段二小段,27.14,都市：商
RPSOMLPLRHMFFIF27CC,大學段一小段,106.15,都市：住
RPSPMLPLRHMFFGF17CC,中原段,.00,都市：住
RPPOMLRLRHMFFEF76CC,公司田段,15.09,都市：住
RPROMLRLRHMFFEF96CC,新巿段,20.68,都市：住
RPVNMLPLRHMFFGF27CC,永安段,.00,都市：住
RPXOMLQLRHMFFIF97DC,中華段,24.25,都市：住
RPSNMLRLRHMFFEF96CC,淡海段,28.55,都市：住
RPVQMLRLRHMFFEF57CC,海天段,.02,都市：住
RPVQMLRLRHMFFEF57CC,海天段,.00,都市：住
RPVQMLRLRHMFFEF57CC,海天段,2.33,都市：住
RPVQMLRLRHMFFEF57CC,海天段,.17,都市：住
RPVQMLRLRHMFFEF57CC,海天段,.01,都市：住
RPSNMLRLRHMFFIF37CC,武林段,225.27,都市：工
RPSNMLRLRHMFFIF37CC,武林段,509.61,都市：其他
RPVNMLRLRHMFFIF67CC,大學段二小段,13.60,都市：住
RPXNMLRLRHMFFGF87EC,正義段,.00,都市：商
RPWNMLRLRHMFFGF77EC,正義段,.00,都市：商
RPPOMLRLRHMFFIF17CC,大學段一小段,10.51,都市：商
RPSOMLRLRHMFFEF07CC,長興段,.00,都市：住
RPWNMLRLRHMFFIF77CC,大學段一小段,38.52,都市：住
RPXOMLRLRHMFFIF97CC,大學段一小段,32.88,都市：住
RPRPMLSLRHMFFEF17CC,公司田段,14.04,都市：其他
RPSNMLSLRHMFFBF76CC,榮富段,.00,都市：住
RPOOMLRLRHMFFIF07CC,大學段一小段,32.88,都市：住
RPUNMLRLRHMFFIF57CC,大學段一小段,5.34,都市：住
RPTPMLRLRHMFFHF57CC,正南段,.00,都市：住
RPWPMLRLRHMFFHF87CC,新和段,.00,都市：住
RPUTMLTLRHMFFBF67CC,南勢埔段頭湖小段,3466.93,都市：農
RPUTMLTLRHMFFBF67CC,南勢埔段頭湖小段,1822.07,都市：農
RPPNMLSLRHMFFIF17CC,大學段一小段,45.58,都市：住
RPWPMLTLRHMFFEF77CC,馬偕段,6.69,都市：工
RPTOMLSLRHMFFEF47EC,海天段,57.26,都市：住
RPPQMLRLRHMFFAF76EC,金城段,3.55,都市：住
RPQQMLRLRHMFFAF86EC,樂利段,11.32,都市：住
RPQQMLRLRHMFFAF86EC,樂利段,9.94,都市：住
RPQQMLRLRHMFFAF86EC,樂利段,1.03,都市：住
RPTPMLTLRHMFFEF47CC,馬偕段,5.78,都市：工
RPWNMLTLRHMFFEF57CC,公司田段,21.57,都市：住
RPSPMLTLRHMFFAF17EC,沛陂段,4642.36,都市：住
RPTPMLTLRHMFFHF77CC,莒光段,.00,都市：住
RPWPMLTLRHMFFHF08CC,保平段,.00,都市：商
RPRQMLTLRHMFFHF67CC,捷運段,.00,都市：其他
RPSQMLTLRHMFFHF77CC,得林段,.00,都市：住
RPOPMLKMRHMFFEF78CC,公司田段,30.12,都市：住
RPOPMLKMRHMFFBF48CC,榮富段,31.38,都市：住
RPURMLTLRHMFFAF37CC,埔墘段,.00,都市：住
RPVOMLTLRHMFFDF67EC,保長段,3.97,都市：住
RPROMLTLRHMFFDF27EC,保長段,7.69,都市：住
RPVRMLTLRHMFFAF47CC,光仁段,.00,都市：工
RPXOMLKMRHMFFEF96CC,公司田段,.26,都市：住
RPQOMLTLRHMFFDF17EC,新峰段,3.07,都市：住
RPWOMLTLRHMFFDF57CC,厚德段,14.25,都市：住
RPTOMLKMRHMFFDF09CC,智興段,.00,都市：住
RPTOMLKMRHMFFDF09CC,智興段,.00,都市：其他
RPRPMLKMRHMFFBF78CC,忠孝段,10.37,都市：住
RPWPMLKMRHMFFBF66CC,建林段,32.73,都市：住
RPVPMLKMRHMFFBF56CC,榮富段,29.67,都市：住
RPOSMLKMRHMFFBF78CC,榮富段,18.03,都市：住
RPRSMLKMRHMFFBF09CC,榮富段,18.38,都市：住
RPPSMLKMRHMFFBF88CC,泰林段,20.70,都市：住
RPWRMLKMRHMFFBF86CC,副都心段一小段,27.97,都市：住
RPQSMLKMRHMFFBF98CC,榮富段,14.73,都市：住
RPXSMLKMRHMFFBF07CC,五工段,.00,非都市：工業區 ; 非都市編定：丁種建築用地
RPRRMLKMRHMFFBF98CC,同興段,20.39,都市：住
RPSSMLKMRHMFFBF56CC,福基段,30.66,都市：工
RPSTMLKMRHMFFBF66CC,文程段,.00,都市：住
RPTTMLKMRHMFFBF76CC,芳洲段,.00,都市：住
RPTOMLMJIIMFFEF28CC,海天段,.04,都市：住
RPTOMLMJIIMFFEF28CC,海天段,29.88,都市：住
RPUNMLKMRHMFFHF86CC,橋和段,.00,都市：工
RPUTMLKMRHMFFBF86CC,芳洲段,.00,都市：住
RPSOMLKMRHMFFCF98DC,寶強段,.00,都市：住
RPSOMLKMRHMFFCF98DC,寶強段,.00,都市：住
RPVNMLKMRHMFFIF07CC,大學段一小段,19.63,都市：商
RPXNMLKMRHMFFIF27CC,大學段二小段,13.05,都市：商
RPWNMLKMRHMFFIF17CC,大學段一小段,32.74,都市：住
RPUNMLKMRHMFFBF98DC,榮富段,14.06,都市：住
RPUOMLMJIIMFFCF18CC,寶元段,.00,都市：工
RPOPMLNJIIMFFAF57CC,中興段,.00,都市：住
RPUOMLKMRHMFFCF09CC,寶橋段,.00,都市：工
RPXOMLMJIIMFFEF68CC,海天段,5.74,都市：住
RPRNMLNJIIMFFEF08CC,公司田段,16.43,都市：住
RPPPMLNJIIMFFAF67CC,新板段三小段,4.42,都市：其他
RPROMLNJIIMFFHF48CC,雙和段,41.23,都市：住
RPSNMLMJIIMFFDF97CC,智興段,.00,都市：住
RPPPMLNJIIMFFEF08CC,馬偕段,6.69,都市：工
RPSOMLMJIIMFFDF08CC,昊天段,4.56,都市：住
RPSOMLMJIIMFFDF08CC,昊天段,13.28,都市：住
RPRNMLMJIIMFFDF87CC,智興段,.00,都市：住
RPRNMLMJIIMFFDF87CC,智興段,.00,都市：其他
RPSNMLPJIIMFFDF28CC,智興段,.05,都市：住
RPPOMLNJIIMFFDF87CC,同新段,17.45,都市：工
RPUNMLPJIIMFFDF48CC,智興段,5.06,都市：住
RPQNMLOJIIMFFDF97CC,金龍段,16.38,都市：其他
RPQNMLOJIIMFFDF97CC,金龍段,19.02,非都市：山坡地保育區 ; 非都市編定：丙種建築用地
RPQNMLOJIIMFFDF97CC,金龍段,.34,都市：其他
RPQNMLOJIIMFFDF97CC,金龍段,.30,都市：其他
RPVNMLPJIIMFFDF58CC,智興段,6.61,都市：住
RPPNMLNJIIMFFGF28EC,富貴段,.00,都市：商
RPPNMLOJIIMFFDF87CC,金龍段,.39,都市：其他
RPPNMLOJIIMFFDF87CC,金龍段,.45,非都市：山坡地保育區 ; 非都市編定：丙種建築用地
RPPNMLOJIIMFFDF87CC,金龍段,.01,都市：其他
RPPNMLOJIIMFFDF87CC,金龍段,.01,都市：其他
RPWNMLPJIIMFFCF58CC,中正段,.00,都市：住
RPUSMLNJIIMFFBF58CC,力行段,55.49,都市：住
RPSOMLPJIIMFFHF78CC,福和段,.00,都市：住
RPSOMLPJIIMFFHF78CC,福和段,.00,都市：住
RPOQMLPJIIMFFHF58CC,民治段,.00,都市：商
RPQOMLPJIIMFFDF28DC,福德段,181.40,都市：住
RPPOMLQJIIMFFCF08CC,復興段,.00,都市：工
RPTOMLPJIIMFFGF78CC,富貴段,.00,都市：住
RPWNMLQJIIMFFCF68CC,惠國段,.00,都市：住
RPUPMLPJIIMFFHF09CC,中和段,.00,都市：住
RPQOMLQJIIMFFCF18CC,寶橋段,.00,都市：工
RPSOMLPJIIMFFBF18CC,中誠段,.00,都市：住
RPVPMLPJIIMFFHF56CC,公園段,.00,都市：住
RPSOMLQJIIMFFCF38CC,寶橋段,.00,都市：工
RPPOMLPJIIMFFGF38CC,正義段,.00,都市：商
RPTVMLQJIIMFFBF09CC,中原段,16.31,都市：住
RPTOMLQJIIMFFDF58CC,同新段,.98,都市：工
RPTOMLQJIIMFFDF58CC,昊天段,31.54,都市：工
RPRNMLQJIIMFFDF28CC,大同段,.00,都市：工
RPOTMLQJIIMFFBF38CC,陸光段,.00,都市：住
RPOTMLQJIIMFFBF38CC,陸光段,.00,都市：其他
RPQOMLQJIIMFFBF08CC,中原段,.00,都市：住
RPROMLQJIIMFFIF88CC,大學段二小段,16.25,都市：商
RPROMLQJIIMFFDF38CC,同新段,10.85,都市：工
RPWOMLQJIIMFFAF58CC,江子翠段第三崁小段,351.63,都市：住
RPWOMLQJIIMFFAF58CC,江子翠段溪頭小段,8.46,都市：住
RPVNMLQJIIMFFHF09CC,錦和段,.00,都市：住
RPQNMLQJIIMFFGF48CC,成功段,.00,都市：住
RPXOMLQJIIMFFDF98CC,同新段,.73,都市：工
RPXOMLQJIIMFFDF98CC,昊天段,23.38,都市：工
RPXNMLQJIIMFFHF66CC,信義段,16.46,都市：住
RPTNMLQJIIMFFHF88CC,景華段,18.49,都市：住
RPQOMLQJIIMFFHF68CC,健康段,.00,都市：工
RPROMLQJIIMFFHF78CC,大同段,16.00,都市：住
RPOOMLQJIIMFFHF48CC,南工段,15.25,都市：住
RPRNMLSJIIMFFEF58CC,公司田段,28.95,都市：住
RPVQMLKKIIMFFBF28CC,陸光段,.00,都市：住
RPPQMLTJIIMFFBF48CC,芳洲段,.00,都市：住
RPWOMLKKIIMFFBF18CC,中原段,25.92,都市：住
RPUQMLKKIIMFFBF18CC,文程段,.00,都市：住
RPXPMLTJIIMFFBF56CC,芳洲段,.00,都市：住
RPORMLRJIIMFFBF28CC,榮富段,18.15,都市：住
RPTOMLQJIIMFFGF09EC,興德段,.00,都市：工
RPPNMLKKIIMFFEF67CC,鄧公段,180.23,非都市： ; 非都市編定：
RPVQMLRJIIMFFBF88CC,民安段,20.74,都市：住
RPRQMLRJIIMFFBF48CC,中原段,11.37,都市：商
RPSOMLLKIIMFFEF18CC,竹圍段,.00,都市：商
RPPOMLLKIIMFFCF67CC,新和段,.00,都市：住
RPRPMLLKIIMFFBF87CC,建林段,31.57,都市：住
RPOOMLLKIIMFFEF77CC,海天段,.00,都市：住
RPOOMLLKIIMFFEF77CC,海天段,2.33,都市：住
RPOOMLLKIIMFFEF77CC,海天段,.17,都市：住
RPOOMLLKIIMFFEF77CC,海天段,.01,都市：住
RPOOMLLKIIMFFEF77CC,海天段,.02,都市：住
RPQRMLLKIIMFFBF97CC,昌隆段,16.19,都市：住
RPSRMLLKIIMFFBF18CC,副都心段一小段,24.44,都市：商
RPROMLLKIIMFFCF87CC,玫瑰段,.00,都市：住
RPQQMLLKIIMFFAF77CC,新板段三小段,12.94,都市：其他
RPURMLLKIIMFFIF09CC,大學段二小段,22.81,都市：住
RPQNMLLKIIMFFHF18CC,健康段,.00,都市：工
RPUOMLLKIIMFFEF48DC,海天段,.00,都市：住
RPTOMLLKIIMFFGF48CC,民權段,.00,都市：住
RPUPMLLKIIMFFDF58EC,工建段,24.51,都市：工
RPUPMLLKIIMFFDF58EC,工建段,16.67,都市：工
RPUPMLLKIIMFFDF58EC,工建段,8.03,都市：工
RPPSMLMKIIMFFBF08CC,芳洲段,.00,都市：住
RPWPMLMKIIMFFBF48CC,中興段,.00,都市：工
RPQSMLMKIIMFFBF18CC,成功段,.00,都市：住
RPQSMLMKIIMFFBF18CC,成功段,.00,都市：住
RPTPMLLKIIMFFDF48EC,保長段,7.56,都市：住
RPUSMLMKIIMFFBF58CC,五股段,.00,都市：住
RPXNMLLKIIMFFDF48CC,中正段,16.00,都市：住
RPXNMLLKIIMFFDF48CC,中正段,24.00,都市：住
RPXNMLLKIIMFFDF48CC,中正段,80.50,都市：住
RPSSMLMKIIMFFBF38CC,芳洲段,.00,都市：住
RPTSMLMKIIMFFBF48CC,御史段,.00,都市：住
RPPNMLLKIIMFFGF97CC,永安段,.00,都市：住
RPWOMLMKIIMFFEF68CC,學府段,.00,非都市： ; 非都市編定：
RPWOMLMKIIMFFEF68CC,學府段,.00,非都市： ; 非都市編定：
RPWOMLMKIIMFFEF68CC,學府段,.00,非都市： ; 非都市編定：
RPWNMLMKIIMFFGF88DC,富貴段,.00,都市：住
RPTNMLMKIIMFFGF48CC,正義北段,.00,都市：住
RPUOMLKKIIMFFAF87CC,新雅段,25.23,都市：住
RPPNMLMKIIMFFGF28EC,大智段,.00,都市：住
RPPOMLMKIIMFFBF77DC,國宅段,664.00,都市：住
RPWPMLMKIIMFFAF38CC,江子翠段第二崁小段,.00,都市：商
RPVRMLNKIIMFFAF58CC,樂利段,2.84,都市：住
RPVPMLNKIIMFFEF78CC,新巿段,20.89,都市：住
RPTTMLNKIIMFFAF58CC,大庭段,.00,都市：住
RPRNMLMKIIMFFGF28CC,富貴段,.00,都市：住
RPSOMLNKIIMFFHF68CC,健康段,27.90,都市：工
RPOOMLNKIIMFFEF97CC,新興段,23.88,都市：其他
RPWPMLNKIIMFFEF88CC,公司田段,19.67,都市：住
RPUPMLNKIIMFFGF88CC,中興段,.00,都市：商
RPQPMLNKIIMFFCF08CC,惠國段,30.51,都市：工
RPSNMLQKIIMFFBF28CC,力行段,.00,都市：商
RPUPMLQKIIMFFBF68CC,建林段,32.12,都市：住
RPQNMLNKIIMFFBF77CC,五工段,235.20,非都市：工業區 ; 非都市編定：丁種建築用地
RPRNMLMKIIMFFHF38CC,盛昌段,.00,都市：住
RPROMLNKIIMFFHF58CC,健康段,24.77,都市：工
RPRNMLQKIIMFFEF58DC,長興段,.00,都市：住
RPRNMLQKIIMFFEF58DC,長興段,.00,都市：住
RPRNMLQKIIMFFEF58DC,滬尾段,.00,都市：其他
RPTNMLRKIIMFFDF68CC,智興段,.00,都市：住
RPTNMLRKIIMFFDF68CC,智興段,.00,都市：其他
RPVNMLQKIIMFFAF48CC,新板段三小段,.00,都市：其他
RPRQMLRKIIMFFAF48CC,江翠段,1308.27,都市：商
RPPOMLQKIIMFFIF78CC,大學段二小段,21.49,都市：住
RPTRMLQKIIMFFHF76CC,板南段,.00,都市：工
RPRNMLQKIIMFFDF38CC,智興段,.00,都市：商
RPXNMLRKIIMFFAF78CC,府中段,12.37,都市：住
RPXPMLRKIIMFFEF76CC,淡海段,.00,都市：住
RPSRMLQKIIMFFHF66CC,健康段,.00,都市：工
RPRPMLRKIIMFFAF38CC,埔墘段,.00,都市：住
RPXQMLRKIIMFFEF86CC,中田寮段桂花樹小段,24.42,非都市：特定農業區 ; 非都市編定：甲種建築用地
RPOPMLRKIIMFFBF18CC,副都心段一小段,.00,都市：商
RPSUMLRKIIMFFBF09CC,芳洲段,.00,都市：商
RPTUMLRKIIMFFBF56CC,黎明段,.00,都市：住
RPRUMLRKIIMFFBF98CC,水碓段水碓窠小段,.00,都市：住
RPUUMLRKIIMFFBF66CC,同榮段,.00,都市：住
RPUUMLRKIIMFFBF66CC,同榮段,.00,都市：住
RPTQMLRKIIMFFHF76CC,雙和段,12.39,都市：商
RPPUMLRKIIMFFBF78CC,陸光段,.00,都市：其他
RPSQMLRKIIMFFHF66CC,水源段,.00,都市：商
RPWUMLRKIIMFFBF86CC,芳洲段,.00,都市：住
RPSSMLRKIIMFFBF88CC,富國段,16.80,都市：住
RPSSMLRKIIMFFBF88CC,富國段,4.02,都市：住
RPUOMLRKIIMFFCF78CC,安興段,11.35,都市：其他
RPWOMLSKIIMFFCF09CC,復興段,138.57,都市：工
RPSRMLRKIIMFFHF76CC,連城段,.00,都市：住
RPPRMLRKIIMFFHF09CC,圓通段,.00,都市：住
RPVRMLRKIIMFFHF07CC,公園段,.00,都市：住
RPORMLRKIIMFFHF98CC,民樂段,13.78,都市：住
RPQPMLSKIIMFFCF58CC,寶元段,.00,都市：工
RPXNMLSKIIMFFEF66CC,龍米段,11.24,都市：住
RPOPMLSKIIMFFDF48CC,工建段,160.02,都市：工
RPWOMLSKIIMFFDF56CC,環河段,.00,都市：工
RPTNMLSKIIMFFDF78CC,同新段,11.99,都市：工
RPPPMLSKIIMFFHF98CC,華新段,.00,都市：住
RPOSMLRKIIMFFHF09CC,板南段,.00,都市：工
RPRRMLRKIIMFFHF66CC,圓通段,.00,都市：住
RPWRMLRKIIMFFHF17CC,福和段,.00,都市：商
RPPSMLRKIIMFFHF56CC,健康段,.00,都市：工
RPROMLSKIIMFFIF56CC,大學段二小段,10.99,都市：住
RPVOMLSKIIMFFHF86CC,仁愛段,.00,都市：住
RPROMLSKIIMFFHF09CC,台貿段,.00,都市：住
RPQPMLSKIIMFFHF09CC,景華段,.00,都市：商
RPRPMLSKIIMFFHF56CC,及人段,.00,都市：住
RPQNMLSKIIMFFHF98DC,信義段,76.75,都市：住
RPTQMLSKIIMFFAF98EC,廷寮段,27.82,都市：住
RPVOMLSKIIMFFIF96CC,和平段,37.03,都市：住
RPVQMLSKIIMFFAF56EC,安和段,22.57,都市：住
RPVNMLTKIIMFFDF09CC,汐止段街后小段,.00,非都市：山坡地保育區 ; 非都市編定：丙種建築用地
RPRNMLTKIIMFFDF68CC,福德段,17.38,都市：住
RPXNMLTKIIMFFDF66CC,福興段,.00,非都市：鄉村區 ; 非都市編定：乙種建築用地
RPXNMLTKIIMFFDF66CC,福興段,.00,非都市：鄉村區 ; 非都市編定：乙種建築用地
RPTOMLSKIIMFFIF76CC,大學段二小段,12.09,都市：商
RPUQMLSKIIMFFAF09EC,延和段,.00,都市：商
RPQNMLTKIIMFFAF48EC,學林段,.00,都市：住
RPQNMLTKIIMFFAF48EC,學林段,.00,都市：住
RPQNMLTKIIMFFAF48EC,學林段,.00,都市：住
RPQNMLTKIIMFFAF48EC,學林段,.00,都市：住
RPXSMLTKIIMFFBF96CC,中原段,37.77,都市：住
RPOOMLTKIIMFFIF98CC,民生段,16.82,都市：其他
RPOOMLTKIIMFFIF98CC,民生段,.24,都市：其他
RPOOMLTKIIMFFIF98CC,民生段,.05,都市：其他
RPUPMLTKIIMFFAF88CC,文化段,.00,都市：住
RPUNMLTKIIMFFHF76CC,信和段,.00,都市：住
RPUOMLTKIIMFFHF86CC,竹林段,.00,都市：住
RPWOMLTKIIMFFHF07CC,連城段,.00,都市：住
RPWOMLTKIIMFFHF07CC,連城段,.00,都市：住
RPQOMLTKIIMFFHF09CC,復興段,.00,都市：住
RPTQMLKLIIMFFBF18CC,中原段,25.96,都市：住
RPUQMLTKIIMFFHF07CC,民權段,.00,都市：住
RPOOMLTKIIMFFHF88CC,錦和段,.00,都市：商
RPRTMLKLIIMFFAF18CC,文化段,2.84,都市：住
RPSOMLKLIIMFFEF18CC,新興段,22.10,都市：住
RPVOMLTKIIMFFHF96CC,華中段,26.89,都市：住
RPRPMLKLIIMFFAF77CC,永寧段,10.50,都市：住
RPQQMLTKIIMFFHF66CC,正南段,.00,都市：住
RPWQMLKLIIMFFEF78CC,海天段,8.31,都市：住
RPPRMLKLIIMFFEF18CC,馬偕段,5.78,都市：工
RPSOMLKLIIMFFHF48CC,景華段,19.06,都市：住
RPTOMLTKIIMFFHF76CC,信義段,22.08,都市：住
RPXOMLKLIIMFFHF98CC,南勢段,.00,都市：住
RPPNMLMLIIMFFCF87DC,中正段,27.66,都市：其他
RPPNMLMLIIMFFCF87DC,中正段,.00,都市：住
RPPNMLMLIIMFFCF87DC,中華段,5.64,都市：其他
RPUNMLLLIIMFFBF08CC,芳洲段,.00,都市：商
RPTNMLLLIIMFFBF97CC,芳洲段,.00,都市：住
RPSNMLLLIIMFFBF87CC,芳洲段,.00,都市：商
RPPQMLKLIIMFFAF87EC,大巒段,21.18,都市：其他
RPXNMLKLIIMFFDF68EC,保長段,8.47,都市：住
RPPOMLNLIIMFFBF87CC,同興段,14.67,都市：住
RPQNMLMLIIMFFDF08DC,金龍段,.00,非都市： ; 非都市編定：
RPPNMLMLIIMFFDF97DC,金龍段,.00,非都市： ; 非都市編定：
RPOOMLKLIIMFFDF87EC,保長段,7.69,都市：住
RPPQMLNLIIMFFBF08CC,成福段,.00,都市：住
RPOQMLNLIIMFFBF97CC,芳洲段,.00,都市：住
RPXOMLNLIIMFFBF68CC,雙鳳段,.00,都市：住
RPOOMLNLIIMFFCF97DC,福園段,.00,都市：住
RPPPMLNLIIMFFAF87CC,幸福段,12.60,都市：住
RPVNMLNLIIMFFDF78EC,保長段,5.51,都市：住
RPQNMLNLIIMFFGF38CC,重新段壹小段,.00,都市：住
RPWOMLNLIIMFFEF88CC,公司田段,11.36,都市：住
RPQOMLNLIIMFFDF38EC,保長段,3.97,都市：住
RPXNMLNLIIMFFEF88CC,新興段,27.10,都市：其他
RPWNMLNLIIMFFDF88EC,保長段,5.54,都市：住
RPXNMLNLIIMFFDF98EC,保長段,8.73,都市：住
RPROMLOLIIMFFDF38CC,智興段,.00,都市：住
RPPOMLOLIIMFFDF18CC,保安段,28.52,都市：工
RPRNMLOLIIMFFDF28CC,新峰段,.00,都市：住
RPPOMLOLIIMFFAF87CC,安和段,12.14,都市：住
RPQOMLOLIIMFFDF28CC,保安段,33.55,都市：工
RPQQMLOLIIMFFEF58CC,新巿段,21.50,都市：住
RPSRMLOLIIMFFBF58CC,副都心段一小段,20.40,都市：商
RPPQMLOLIIMFFEF48CC,公司田段,12.16,都市：其他
RPUQMLPLIIMFFBF78CC,榮富段,9.80,都市：住
RPUPMLPLIIMFFBF68CC,力行段,13.99,都市：住
RPSQMLPLIIMFFBF58CC,副都心段一小段,24.11,都市：商
RPVOMLOLIIMFFHF56CC,大智段,.00,都市：住
RPVOMLOLIIMFFBF58CC,恒安段,.00,都市：住
RPRQMLPLIIMFFBF48CC,中原段,14.91,都市：住
RPUPMLOLIIMFFHF56CC,秀峰段,31.85,都市：住
RPVNMLPLIIMFFEF88CC,海天段,.00,都市：住
RPWPMLQLIIMFFEF66CC,馬偕段,12.59,都市：住
RPOQMLOLIIMFFHF68CC,橋和段,34.57,都市：工
RPRNMLPLIIMFFEF48CC,馬偕段,5.67,都市：工
RPVNMLQLIIMFFDF88CC,新峰段,.00,都市：住
RPUNMLQLIIMFFDF78CC,智興段,.00,都市：住
RPUNMLQLIIMFFDF78CC,智興段,.00,都市：其他
RPROMLPLIIMFFCF38CC,雙城段,36.77,都市：其他
RPUPMLQLIIMFFCF88CC,寶橋段,.00,都市：工
RPVOMLPLIIMFFCF78CC,莊敬段,87.42,都市：工
RPXOMLQLIIMFFEF66CC,公司田段,31.04,都市：住
RPUNMLQLIIMFFBF58CC,同榮段,.00,都市：住
RPPPMLQLIIMFFAF18CC,文化段,2.18,都市：住
RPQOMLQLIIMFFAF38EC,中山段,.00,都市：其他
RPQOMLQLIIMFFAF38EC,中山段,.00,都市：其他
RPPOMLQLIIMFFAF08CC,府中段,.00,都市：商
RPOPMLRLIIMFFDF48CC,智興段,21.95,都市：商
RPTRMLQLIIMFFBF98DC,和平段,.00,都市：住
RPURMLQLIIMFFBF09DC,和平段,.00,都市：住
RPRPMLQLIIMFFHF09CC,中興段,.00,都市：商
RPROMLQLIIMFFAF48EC,重慶段,.00,都市：住
RPWNMLRLIIMFFEF56CC,公司田段,25.39,都市：住
RPVNMLRLIIMFFEF09CC,公司田段,25.39,都市：住
RPUNMLRLIIMFFEF98CC,公司田段,25.39,都市：住
RPTPMLQLIIMFFAF78EC,江子翠段第二崁小段,4.57,都市：商
RPTPMLQLIIMFFAF78EC,江子翠段第三崁小段,41.66,都市：商
RPSOMLKMIIMFFDF18CC,智興段,.00,都市：商
RPQOMLQLIIMFFHF88CC,健康段,30.97,都市：工
RPTQMLKMIIMFFBF28CC,恒安段,157.91,都市：住
RPPOMLRLIIMFFEF58CC,新興段,28.03,都市：住
RPTPMLRLIIMFFEF09CC,大義段,21.25,都市：住
RPTRMLKMIIMFFBF38CC,力行段,29.53,都市：住
RPSNMLKMIIMFFEF18CC,海天段,.00,都市：商
RPSNMLKMIIMFFEF18CC,海天段,.00,都市：住
RPSNMLKMIIMFFEF18CC,海天段,.00,都市：其他
RPSNMLKMIIMFFEF18CC,海天段,.00,都市：其他
RPSNMLKMIIMFFEF18CC,海天段,.00,都市：其他
RPSRMLKMIIMFFBF28CC,海山頭段三角子小段,606.00,都市：其他
RPQQMLKMIIMFFAF87CC,中山段,.00,都市：其他
RPSOMLKMIIMFFGF48CC,民權段,.00,都市：住
RPSOMLKMIIMFFGF48CC,民權段,.00,都市：住
RPPNMLKMIIMFFGF08CC,富貴段,.00,都市：住
RPSPMLKMIIMFFIF78CC,大學段一小段,.00,都市：住
RPOPMLKMIIMFFEF18EC,仁愛段,531.00,都市：住
RPSQMLRLIIMFFEF09CC,海天段,27.90,都市：住
RPUSMLKMIIMFFBF58CC,成功段,.00,都市：住
RPUSMLKMIIMFFBF58CC,成功段,.00,都市：住
RPPSMLKMIIMFFBF08CC,榮富段,25.47,都市：住
RPROMLLMIIMFFBF97CC,幸福段,.00,都市：工
RPTOMLLMIIMFFIF88CC,大學段一小段,.90,都市：住
RPTOMLLMIIMFFIF88CC,大學段一小段,16.57,都市：住
RPTOMLLMIIMFFIF88CC,大學段一小段,.55,都市：住
RPQPMLLMIIMFFBF97CC,副都心段一小段,.00,都市：商
RPWNMLKMIIMFFIF98CC,太平段,.00,都市：住
RPRPMLLMIIMFFBF08CC,副都心段一小段,22.85,都市：商
RPQWMLLMIIMFFBF68CC,立言段,.00,都市：住
RPOOMLLMIIMFFDF87CC,工建段,176.78,都市：工
RPQQMLLMIIMFFHF68CC,保健段,.00,都市：住
RPWPMLLMIIMFFHF56CC,健康段,.00,非都市： ; 非都市編定：
RPWPMLLMIIMFFHF56CC,健康段,.00,非都市： ; 非都市編定：
RPWPMLLMIIMFFHF56CC,健康段,.00,非都市： ; 非都市編定：
RPOPMLLMIIMFFHF38CC,民樂段,.00,都市：住
RPUOMLLMIIMFFHF88CC,興南段,.00,都市：住
RPXOMLLMIIMFFHF56CC,南山段,.00,都市：住
RPWOMLLMIIMFFCF58CC,寶強段,.00,都市：住
RPVPMLRLIIMFFEF66CC,正德段,25.11,都市：住
RPWQMLLMIIMFFHF66CC,南山段,.00,都市：其他
RPORMLLMIIMFFHF58CC,福和段,.00,都市：商
RPTPMLLMIIMFFIF98CC,大學段一小段,.00,都市：住
RPTNMLLJJIMFFEF18CC,公司田段,4091.40,都市：住
RPXOMLLJJIMFFEF68CC,公司田段,167.50,都市：住
RPPRMLLMIIMFFHF68CC,廟美段,.00,都市：商
RPQRMLLMIIMFFHF78CC,員山段,.00,都市：工
RPQNMLLJJIMFFBF57CC,芳洲段,.00,都市：住
RPPNMLLJJIMFFBF47CC,泰林段,.00,都市：住
RPOSMLLJJIMFFBF87CC,和平段,13.56,都市：住
RPWOMLLJJIMFFBF28CC,昌隆段,12.25,都市：住
RPTNMLLJJIMFFBF87CC,芳洲段,.00,都市：商
RPPOMLLJJIMFFBF57CC,芳洲段,.00,都市：住
RPQSMLLJJIMFFBF08CC,中原段,36.91,都市：住
RPSOMLLJJIMFFBF87CC,芳洲段,.00,都市：住
RPSNMLLJJIMFFAF67CC,新雅段,.00,都市：住
RPSNMLMJJIMFFEF18CC,淡海段,20.76,都市：住
RPUNMLMJJIMFFEF38CC,公司田段,44.85,都市：住
RPOPMLMJJIMFFEF97CC,海天段,.00,都市：住
RPTNMLLJJIMFFCF08DC,民安段,6.38,都市：住
RPQNMLMJJIMFFEF97CC,公司田段,21.39,都市：住
RPRQMLMJJIMFFAF18EC,府中段,12.37,都市：住
RPPPMLMJJIMFFEF08CC,新巿段,21.50,都市：住
RPQPMLNJJIMFFAF87CC,篤行段,8.44,都市：住
RPSNMLMJJIMFFHF48CC,民利段,19.32,都市：住
RPPNMLMJJIMFFDF77CC,昊天段,.00,都市：工
RPWOMLNJJIMFFAF38CC,民權段,.00,都市：住
RPUQMLMJJIMFFAF28CC,頂新段,20.81,都市：住
RPSOMLMJJIMFFIF68CC,大學段二小段,24.35,都市：商
RPRNMLNJJIMFFCF97CC,寶強段,.00,都市：其他
RPUPMLNJJIMFFAF28CC,府中段,.00,都市：住
RPUPMLNJJIMFFAF28CC,府中段,.00,都市：住
RPWOMLNJJIMFFBF48CC,力行段,.00,都市：商
RPXOMLNJJIMFFBF58CC,福基段,369.27,都市：工
RPVNMLNJJIMFFEF58CC,新興段,6.02,都市：住
RPVNMLNJJIMFFEF58CC,新興段,23.39,都市：住
RPVQMLNJJIMFFEF88CC,中正段,43.64,都市：商
RPSNMLNJJIMFFEF28CC,淡海段,50.22,都市：其他
RPWOMLNJJIMFFIF56CC,大學段二小段,21.60,都市：住
RPVOMLNJJIMFFIF09CC,水源段,22.77,都市：住
RPVNMLOJJIMFFCF58DC,寶強段,.00,都市：其他
RPQNMLPJJIMFFEF28CC,公司田段,42.91,都市：住
RPRNMLQJJIMFFEF48CC,淡海段,.00,都市：住
RPPNMLPJJIMFFIF58CC,大學段一小段,9.68,都市：商
RPRNMLPJJIMFFIF78CC,大學段一小段,5.88,都市：住
RPVNMLQJJIMFFEF88CC,關渡段,.00,都市：住
RPTNMLPJJIMFFIF98CC,大學段二小段,15.57,都市：商
RPVNMLPJJIMFFIF56CC,大學段一小段,5.34,都市：住
RPUNMLPJJIMFFIF09CC,大學段二小段,17.63,都市：住
RPSPMLQJJIMFFBF48CC,力行段,15.65,都市：住
RPUNMLQJJIMFFIF56CC,文林段,7.87,都市：住
RPUNMLQJJIMFFIF56CC,文林段,23.41,都市：住
RPTNMLQJJIMFFBF38CC,國宅段,5.55,都市：住
RPSNMLPJJIMFFIF88CC,大學段一小段,32.88,都市：住
RPRPMLQJJIMFFBF38CC,建林段,21.21,都市：住
RPQPMLQJJIMFFBF28CC,建林段,.09,都市：商
RPQPMLQJJIMFFBF28CC,建林段,11.59,都市：商
RPQOMLQJJIMFFDF38CC,大同段,23.79,都市：住
RPQNMLPJJIMFFIF68CC,大學段一小段,5.88,都市：住
RPPPMLQJJIMFFEF58DC,新興段,35.01,都市：住
RPRNMLQJJIMFFHF78CC,永利段,95.47,都市：商
RPWOMLRJJIMFFBF88CC,中原段,.00,都市：住
RPWQMLQJJIMFFIF07CC,大學段一小段,18.80,都市：商
RPTOMLRJJIMFFEF88CC,馬偕段,5.67,都市：工
RPRQMLRJJIMFFCF68CC,寶橋段,.00,都市：其他
RPRQMLRJJIMFFCF68CC,寶橋段,.00,都市：其他
RPVOMLRJJIMFFBF78CC,中原段,22.11,都市：住
RPXNMLRJJIMFFBF88CC,麗林段,.00,都市：商
RPSQMLRJJIMFFCF78CC,寶橋段,.00,都市：其他
RPSQMLRJJIMFFCF78CC,寶橋段,.00,都市：其他
RPXNMLQJJIMFFEF09CC,學府段,.00,都市：住
RPPQMLRJJIMFFBF38CC,五工段,2489.99,非都市：工業區 ; 非都市編定：丁種建築用地
RPSOMLRJJIMFFGF09DC,集美段,.00,都市：商
RPQNMLSJJIMFFEF58CC,水仙段,.00,都市：商
RPTNMLRJJIMFFHF09CC,永福段,.00,都市：住
RPWOMLRJJIMFFEF56CC,公司田段,26.08,都市：住
RPQPMLRJJIMFFEF68CC,公司田段,21.87,都市：住
RPUQMLSJJIMFFEF66CC,公司田段,23.16,都市：住
RPQOMLSJJIMFFCF48CC,惠國段,11.73,都市：住
RPTQMLSJJIMFFEF56CC,公司田段,23.51,都市：住
RPROMLSJJIMFFDF68CC,工建段,92.57,都市：工
RPUQMLSJJIMFFAF88CC,新雅段,17.89,都市：住
RPPQMLSJJIMFFEF78CC,鄧公段,34.91,都市：住
RPSNMLSJJIMFFEF78CC,飛歌段,8.78,都市：工
RPQOMLSJJIMFFBF38CC,中原段,21.69,都市：商
RPVNMLSJJIMFFGF66CC,仁義段,.00,都市：住
RPRNMLSJJIMFFGF88CC,重新段壹小段,.00,都市：商
RPXQMLRJJIMFFIF27CC,大學段一小段,864.00,都市：住
RPPNMLTJJIMFFDF48CC,智興段,.00,都市：商
RPQNMLSJJIMFFHF88CC,雙和段,1.23,都市：住
RPQNMLSJJIMFFHF88CC,雙和段,2.45,都市：商
RPPOMLSJJIMFFBF48EC,新豐段,13.26,都市：住
RPQOMLTJJIMFFBF48CC,副都心段一小段,16.67,都市：商
RPXNMLSJJIMFFBF56EC,新豐段,13.26,都市：商
RPRPMLTJJIMFFBF68CC,復興段,35.50,都市：住
RPUOMLTJJIMFFAF98EC,員和段,.00,都市：住
RPXSMLKKJIMFFEF09CC,海鷗段,27.28,都市：住
RPXQMLKKJIMFFEF88CC,公司田段,19.95,都市：住
RPUNMLKKJIMFFBF97CC,自立段,76.14,都市：商
RPTOMLSJJIMFFHF66CC,民權段,.00,都市：住
RPTNMLKKJIMFFBF87CC,副都心段一小段,.00,都市：商
RPOOMLKKJIMFFBF47CC,五工段,.00,非都市：工業區 ; 非都市編定：丁種建築用地
RPPTMLKKJIMFFEF38CC,馬偕段,5.67,都市：工
RPXNMLTJJIMFFEF76CC,公司田段,.00,都市：住
RPWNMLKKJIMFFHF78CC,民治段,.00,都市：商
RPQRMLKKJIMFFAF87CC,延和段,26.40,都市：住
RPXQMLKKJIMFFHF56CC,保健段,.00,都市：住
RPXQMLKKJIMFFHF56CC,保健段,.00,都市：住
RPWNMLKKJIMFFGF88EC,大安段,.00,都市：住
RPVSMLKKJIMFFEF88CC,水仙段,.00,都市：商
RPSPMLKKJIMFFHF58CC,安平段,.00,都市：住
