﻿鄉鎮市區,交易標的,土地區段位置建物區段門牌,土地面積平方公尺,都市土地使用分區,非都市土地使用分區,非都市土地使用編定,租賃年月日,租賃筆棟數,租賃層次,總樓層數,建物型態,主要用途,主要建材,建築完成年月,建物總面積平方公尺,建物現況格局-房,建物現況格局-廳,建物現況格局-衛,建物現況格局-隔間,有無管理組織,有無附傢俱,總額元,單價元平方公尺,車位類別,車位面積平方公尺,車位總額元,備註,編號
The villages and towns urban district,transaction sign,land sector position building sector house number plate,land shifting total area square meter,the use zoning or compiles and checks,the non-metropolis land use district,non-metropolis land use,transaction year month and day,transaction pen number,shifting level,total floor number,building state,main use,main building materials,construction to complete the years,building shifting total area,Building present situation pattern - room,building present situation pattern - hall,building present situation pattern - health,building present situation pattern - compartmented,Whether there is manages the organization,Whether there is attaches the furniture,total price Yuan,the unit price a Yuan square meter,the berth category,berth shifting total area square meter,the berth total price Yuan,the note,serial number
斗六市,建物,雲林縣斗六市永安路31~60號,0.0,商,,,1060831,土地0建物1車位0,八層,9,華廈(10層含以下有電梯),見其他登記事項,鋼筋混凝土造,0900307,455.6,0,0,0,無,有,無,34000,75,,0.0,0,另提供非本棟之空地，做為車位使用。,RPTNMLTKRHMFFAP77CC
斗六市,房地(土地+建物),雲林縣斗六市三和路31~60號,87.0,住,,,1060901,土地3建物1車位0,全,2,透天厝,住家用,加強磚造,0720702,115.41,4,1,1,有,無,無,8000,69,,0.0,0,,RPXNMLMLRHMFFAP57CC
斗六市,土地,大潭段社口小段61~90地號,81.0,住,,,1060322,土地1建物0車位0,,,其他,,,,0.0,0,0,0,有,無,無,8000,99,,0.0,0,含未保存登記建物,RPOOMLQLRHMFFAP17CC
斗六市,土地,大潭段社口小段391~420地號,132.84,住,,,1060630,土地1建物0車位0,,,其他,,,,0.0,0,0,0,有,無,無,77000,580,,0.0,0,1.含未保存登記建物。2.租金含租賃所得稅及補充保費。,RPTOMLQLRHMFFAP67CC
斗六市,房地(土地+建物),雲林縣斗六市民生南路151~180號,254.92,住,,,1060801,土地1建物1車位0,見其他登記事項,2,店面(店鋪),見其他登記事項,見其他登記事項,0920326,301.73,4,2,2,有,無,無,180000,597,,0.0,0,1. 全棟租賃 2. 租期106/11/01-108/10/31每月租金為NT＄180000(含營業稅); 租期108/11/01-111/10/31每月租金為NT＄189000(含營業稅).,RPTNMLRLRHMFFAP67CC
莿桐鄉,房地(土地+建物),雲林縣莿桐鄉埔子1~30號,97.79,住,,,1060301,土地1建物1車位0,全,3,透天厝,住商用,鋼筋混凝土造,0830530,181.21,3,2,3,有,無,無,6000,33,,0.0,0,,RPPOMLRLRHMFFAP37CC
斗六市,房地(土地+建物),雲林縣斗六市雲林路一段211~240號,83.0,住,,,1060901,土地1建物1車位0,見其他登記事項,1,店面(店鋪),住商用,磚造,0560630,68.33,0,0,1,有,無,無,16000,234,,0.0,0,含二樓未保存登記建物,RPRNMLNJIIMFFAP68CC
