﻿編號,屋齡,建物移轉面積平方公尺,主要用途,主要建材,建築完成日期,總層數,建物分層
The serial number,room age,building shifting area square meter,the main use,main building materials,construction completes the date,total layer,building lamination
RPSOMLMJQHMFFAV27CA,25,151.54,住家用,鋼筋混凝土造,81年12月16日,三層,一層 二層 三層
RPQNMLNKQHMFFAV17CA,,114.05,住家用,木造,,一層,
RPPNMLMJQHMFFAV86CA,44,39.48,住家用,見其他登記事項,62年3月16日,一層,一層 騎樓
RPQNMLMJQHMFFCV27DA,21,216.68,農舍,鋼筋混凝土造,85年5月8日,二層,一層 二層 屋頂突出物
RPQOMLMJQHMFFAV07CA,34,92.81,見其他登記事項,鋼筋混凝土造,72年10月19日,四層,一層
RPQOMLMJQHMFFAV07CA,,4.78,見其他登記事項,見其他登記事項,,四層,
RPPNMLRJQHMFFCV67DA,67,115.46,住家用,見其他登記事項,,一層,一層 騎樓
RPRNMLSLQHMFFAV87CA,33,112.35,住家用,加強磚造,73年12月7日,二層,一層 二層
RPQNMLQKQHMFFAV47CA,28,25.38,住家用,見其他登記事項,78年12月6日,一層,一層
RPPNMLRJQHMFFDV67CA,35,55.20,住家用,加強磚造,71年2月27日,二層,一層 二層 騎樓
RPPNMLRJQHMFFDV67CA,35,55.20,住家用,加強磚造,71年2月27日,二層,一層 二層 騎樓
RPPNMLPJQHMFFAV17CA,24,117.93,住家用,鋼筋混凝土造,82年7月16日,七層,五層
RPPNMLPJQHMFFAV17CA,24,36.42,見其他登記事項,鋼筋混凝土造,82年7月16日,七層,
RPPPMLLMQHMFFAV37DA,22,614.91,見其他登記事項,見其他登記事項,84年3月8日,一層,一層 地下層
RPPNMLRJQHMFFAV37CA,18,149.91,住家用,鋼筋混凝土造,88年1月13日,三層,一層 二層 三層
RPRNMLSJQHMFFAV67CA,24,24.33,見其他登記事項,鋼筋混凝土造,82年5月22日,十二層,七層
RPRNMLSJQHMFFAV67CA,24,6.37,見其他登記事項,鋼筋混凝土造,82年5月22日,十二層,
RPRNMLSJQHMFFAV67CA,24,3.03,共有部分,鋼筋混凝土造,82年5月22日,十二層,
SPTNMLSJQHMFFAV97CA,11,.58,住家用,見其他登記事項,95年8月15日,一層,
RPQNMLSJQHMFFAV67DA,22,372.58,見其他登記事項,鋼筋混凝土造,84年12月11日,三層,三層 地下層 一層 二層
RPSNMLSJQHMFFAV77CA,34,172.08,住家用,鋼筋混凝土造,72年10月1日,三層,一層 二層 三層 騎樓
RPTNMLSJQHMFFAV87CA,11,235.32,住家用,見其他登記事項,95年8月15日,三層,三層 一層 二層
RPVNMLSJQHMFFAV08CA,38,103.90,住家用,加強磚造,68年1月24日,二層,一層 二層 騎樓
RPUNMLOKQHMFFAV77DA,37,132.91,住家用,加強磚造,69年12月2日,二層,一層 二層 騎樓
RPXNMLTJQHMFFAV38CA,23,4.77,見其他登記事項,鋼筋混凝土造,83年6月1日,三層,
RPXNMLTJQHMFFAV38CA,23,41.90,見其他登記事項,鋼筋混凝土造,83年6月1日,三層,一層
RPXNMLTJQHMFFAV38CA,23,4.77,見其他登記事項,鋼筋混凝土造,83年6月1日,三層,
RPXNMLTJQHMFFAV38CA,23,41.90,見其他登記事項,鋼筋混凝土造,83年6月1日,三層,一層
RPTNMLRKQHMFFAV87CA,,201.13,見其他登記事項,鋼筋混凝土造,106年3月24日,三層,一層 二層 三層 見其他登記事項
RPRNMLQKQHMFFCV77CA,1,153.09,見其他登記事項,鋼筋混凝土造,104年12月18日,三層,一層 二層 三層
RPQNMLTJQHMFFBV77CA,26,179.55,農舍,加強磚造,80年9月20日,三層,一層 二層 三層 騎樓
RPPNMLPKQHMFFAV27CA,21,90.95,見其他登記事項,鋼筋混凝土造,85年6月28日,九層,二層
RPPNMLPKQHMFFAV27CA,21,10.39,見其他登記事項,鋼筋混凝土造,85年6月28日,九層,
RPPNMLPKQHMFFAV27CA,21,10.65,見其他登記事項,鋼筋混凝土造,85年6月28日,九層,
RPRNMLQKQHMFFAV57CA,43,87.00,住家用,見其他登記事項,63年5月1日,二層,一層 二層
RPPNMLLKQHMFFAV86CA,44,86.40,住家用,見其他登記事項,62年11月14日,二層,一層 二層 騎樓
RPRNMLKKQHMFFBV07CA,28,71.60,住家用,加強磚造,78年12月13日,二層,一層 二層 屋頂突出物 騎樓
RPRNMLKKQHMFFBV07CA,28,71.60,住家用,加強磚造,78年12月13日,二層,一層 二層 屋頂突出物 騎樓
RPPNMLKKQHMFFAV76CA,,99.02,見其他登記事項,見其他登記事項,106年3月23日,二層,一層 二層 騎樓
RPSNMLKKQHMFFAV07CA,,231.71,見其他登記事項,見其他登記事項,106年6月16日,三層,一層 二層 三層 見其他登記事項
RPQNMLOLQHMFFAV37CA,24,133.94,住家用,鋼筋混凝土造,82年7月21日,三層,一層 二層 三層
RPRNMLLMQHMFFCV47CA,3,233.07,見其他登記事項,鋼筋混凝土造,104年1月8日,四層,一層 二層 三層 見其他登記事項
RPOPMLOLQHMFFAV37CA,,84.77,住商用,見其他登記事項,,一層,一層 騎樓
RPPNMLRKQHMFFCV67CA,47,91.26,住家用,見其他登記事項,60年1月14日,二層,一層 二層
RPSNMLSKQHMFFAV87CA,,203.78,見其他登記事項,鋼筋混凝土造,106年3月24日,三層,一層 二層 三層 見其他登記事項
RPVNMLRKQHMFFAV08CA,21,89.46,見其他登記事項,鋼筋混凝土造,85年6月21日,七層,七層
RPVNMLRKQHMFFAV08CA,21,8.68,見其他登記事項,鋼筋混凝土造,85年6月21日,七層,
RPVNMLRKQHMFFAV08CA,21,5.87,見其他登記事項,鋼筋混凝土造,85年6月21日,七層,
RPVNMLRKQHMFFAV08CA,21,6.29,見其他登記事項,鋼筋混凝土造,85年6月21日,七層,
RPVNMLRKQHMFFAV08CA,21,16.82,見其他登記事項,鋼筋混凝土造,85年6月21日,七層,
RPQNMLSKQHMFFAV67CA,6,161.08,見其他登記事項,見其他登記事項,100年11月30日,一層,一層
RPSNMLOLQHMFFAV57CA,23,83.73,見其他登記事項,鋼筋混凝土造,83年5月16日,十三層,二層
RPSNMLOLQHMFFAV57CA,23,.19,見其他登記事項,鋼筋混凝土造,83年5月16日,十三層,
RPSNMLOLQHMFFAV57CA,23,.21,見其他登記事項,鋼筋混凝土造,83年5月16日,十三層,
RPSNMLOLQHMFFAV57CA,23,.23,見其他登記事項,鋼筋混凝土造,83年5月16日,十三層,
RPSNMLOLQHMFFAV57CA,23,.47,見其他登記事項,鋼筋混凝土造,83年5月16日,十三層,
RPSNMLOLQHMFFAV57CA,23,.17,見其他登記事項,鋼筋混凝土造,83年5月16日,十三層,
RPSNMLOLQHMFFAV57CA,23,.19,見其他登記事項,鋼筋混凝土造,83年5月16日,十三層,
RPSNMLOLQHMFFAV57CA,23,.17,見其他登記事項,鋼筋混凝土造,83年5月16日,十三層,
RPSNMLOLQHMFFAV57CA,23,.19,見其他登記事項,鋼筋混凝土造,83年5月16日,十三層,
RPSNMLOLQHMFFAV57CA,23,.23,見其他登記事項,鋼筋混凝土造,83年5月16日,十三層,
RPSNMLOLQHMFFAV57CA,23,.18,見其他登記事項,鋼筋混凝土造,83年5月16日,十三層,
RPSNMLOLQHMFFAV57CA,23,.09,見其他登記事項,鋼筋混凝土造,83年5月16日,十三層,
RPSNMLOLQHMFFAV57CA,23,.19,見其他登記事項,鋼筋混凝土造,83年5月16日,十三層,
RPSNMLOLQHMFFAV57CA,23,.23,見其他登記事項,鋼筋混凝土造,83年5月16日,十三層,
RPSNMLOLQHMFFAV57CA,23,.23,見其他登記事項,鋼筋混凝土造,83年5月16日,十三層,
RPSNMLOLQHMFFAV57CA,23,6.96,見其他登記事項,鋼筋混凝土造,83年5月16日,十三層,
RPSNMLOLQHMFFAV57CA,23,.19,見其他登記事項,鋼筋混凝土造,83年5月16日,十三層,
RPSNMLOLQHMFFAV57CA,23,.19,見其他登記事項,鋼筋混凝土造,83年5月16日,十三層,
RPSNMLOLQHMFFAV57CA,23,.33,見其他登記事項,鋼筋混凝土造,83年5月16日,十三層,
RPSNMLOLQHMFFAV57CA,23,.23,見其他登記事項,鋼筋混凝土造,83年5月16日,十三層,
RPSNMLOLQHMFFAV57CA,23,.23,見其他登記事項,鋼筋混凝土造,83年5月16日,十三層,
RPSNMLOLQHMFFAV57CA,23,.71,見其他登記事項,鋼筋混凝土造,83年5月16日,十三層,
RPSNMLOLQHMFFAV57CA,23,.23,見其他登記事項,鋼筋混凝土造,83年5月16日,十三層,
RPSNMLOLQHMFFAV57CA,23,.19,見其他登記事項,鋼筋混凝土造,83年5月16日,十三層,
RPSNMLOLQHMFFAV57CA,23,.23,見其他登記事項,鋼筋混凝土造,83年5月16日,十三層,
RPSNMLOLQHMFFAV57CA,23,.19,見其他登記事項,鋼筋混凝土造,83年5月16日,十三層,
RPSNMLOLQHMFFAV57CA,23,.23,見其他登記事項,鋼筋混凝土造,83年5月16日,十三層,
RPSNMLOLQHMFFAV57CA,23,.09,見其他登記事項,鋼筋混凝土造,83年5月16日,十三層,
RPSNMLOLQHMFFAV57CA,23,.19,見其他登記事項,鋼筋混凝土造,83年5月16日,十三層,
RPSNMLOLQHMFFAV57CA,23,.35,見其他登記事項,鋼筋混凝土造,83年5月16日,十三層,
RPSNMLOLQHMFFAV57CA,23,.23,見其他登記事項,鋼筋混凝土造,83年5月16日,十三層,
RPSNMLOLQHMFFAV57CA,23,.19,見其他登記事項,鋼筋混凝土造,83年5月16日,十三層,
RPSNMLOLQHMFFAV57CA,23,.19,見其他登記事項,鋼筋混凝土造,83年5月16日,十三層,
RPRNMLNLQHMFFAV37CA,45,67.24,住家用,見其他登記事項,61年8月30日,一層,一層
RPSNMLOJRHMFFAV47CA,23,178.50,住家用,鋼筋混凝土造,83年9月9日,三層,一層 二層 三層
RPPNMLNLQHMFFDV47CA,47,144.00,住商用,見其他登記事項,59年7月2日,二層,一層 二層 騎樓
RPQOMLLMQHMFFAV27CA,11,124.83,見其他登記事項,鋼筋混凝土造,95年3月10日,十層,三層
RPQOMLLMQHMFFAV27CA,11,78.44,見其他登記事項,鋼筋混凝土造,95年3月10日,十層,
RPUNMLKMQHMFFAV47CA,4,287.63,住家用,見其他登記事項,103年1月10日,四層,一層 二層 三層 四層
RPPNMLOLQHMFFAV27CA,,309.96,見其他登記事項,見其他登記事項,106年2月10日,三層,一層 二層 三層 屋頂突出物
RPPNMLNLQHMFFBV27CA,19,24.24,住家用,鋼筋混凝土造,87年3月2日,二層,一層 二層 騎樓
RPPNMLNLQHMFFBV27CA,19,48.48,住家用,鋼筋混凝土造,87年3月2日,二層,一層 二層 騎樓
RPPNMLNLQHMFFBV27CA,19,24.24,住家用,鋼筋混凝土造,87年3月2日,二層,一層 二層 騎樓
RPPNMLNLQHMFFBV27CA,19,24.24,住家用,鋼筋混凝土造,87年3月2日,二層,一層 二層 騎樓
RPTNMLNLQHMFFAV57CA,24,137.35,見其他登記事項,加強磚造,82年5月4日,二層,一層 二層
RPUNMLNLQHMFFAV67CA,,285.46,見其他登記事項,見其他登記事項,106年6月6日,三層,一層 二層 三層 騎樓 見其他登記事項
RPUNMLOLQHMFFAV77CA,23,62.65,見其他登記事項,鋼筋混凝土造,83年1月26日,七層,二層
RPUNMLOLQHMFFAV77CA,23,1.58,共有部分,鋼筋混凝土造,83年1月26日,七層,
RPUNMLOLQHMFFAV77CA,23,1.58,共有部分,鋼筋混凝土造,83年1月26日,七層,
RPUNMLOLQHMFFAV77CA,23,1.58,共有部分,鋼筋混凝土造,83年1月26日,七層,
RPUNMLOLQHMFFAV77CA,23,1.58,共有部分,鋼筋混凝土造,83年1月26日,七層,
RPUNMLOLQHMFFAV77CA,23,1.58,共有部分,鋼筋混凝土造,83年1月26日,七層,
RPUNMLOLQHMFFAV77CA,23,1.59,共有部分,鋼筋混凝土造,83年1月26日,七層,
RPUNMLOLQHMFFAV77CA,23,1.58,共有部分,鋼筋混凝土造,83年1月26日,七層,
RPUNMLOLQHMFFAV77CA,23,11.96,共有部分,鋼筋混凝土造,83年1月26日,七層,
RPPNMLNLQHMFFAV17CA,,96.36,住家用,見其他登記事項,,一層,
RPSNMLLMQHMFFCV57CA,35,114.68,住家用,加強磚造,71年10月9日,二層,一層 二層
RPTPMLLMQHMFFAV67CA,12,216.71,住家用,見其他登記事項,94年11月3日,三層,一層 二層 三層
RPUNMLKMQHMFFAV57DA,46,58.46,住家用,見其他登記事項,60年12月20日,一層,一層 騎樓
RPPNMLPJRHMFFAV27CA,20,60.07,見其他登記事項,鋼筋混凝土造,86年9月26日,五層,四層
RPPNMLPJRHMFFAV27CA,20,13.47,見其他登記事項,鋼筋混凝土造,86年9月26日,五層,
RPPNMLPJRHMFFAV27CA,20,9.88,見其他登記事項,,86年9月26日,五層,
RPVNMLSLQHMFFAV28CA,,234.38,見其他登記事項,見其他登記事項,106年3月24日,三層,一層 二層 三層 屋頂突出物
RPPNMLPLQHMFFAV37CA,38,116.19,住家用,加強磚造,68年3月22日,二層,二層 騎樓 一層
RPQNMLNLQHMFFAV27CA,24,162.60,住家用,鋼筋混凝土造,82年6月7日,三層,一層 二層 三層
RPTNMLOLQHMFFAV67CA,34,91.70,見其他登記事項,見其他登記事項,72年10月4日,四層,三層
RPTNMLOLQHMFFAV67CA,,4.54,見其他登記事項,鋼筋混凝土造,,四層,
RPWNMLSLQHMFFAV38CA,2,249.99,見其他登記事項,見其他登記事項,104年7月3日,三層,一層 二層 三層 見其他登記事項
RPTOMLOLQHMFFAV77CA,43,92.80,住家用,見其他登記事項,63年10月30日,一層,一層 騎樓
RPPOMLLMQHMFFAV17CA,21,25.66,見其他登記事項,鋼筋混凝土造,85年6月28日,九層,九層
RPPOMLLMQHMFFAV17CA,21,5.47,見其他登記事項,鋼筋混凝土造,85年6月28日,九層,
RPPOMLLMQHMFFAV17CA,21,3.01,見其他登記事項,鋼筋混凝土造,85年6月28日,九層,
RPWNMLOJRHMFFAV87CA,10,191.75,住家用,見其他登記事項,96年5月24日,三層,一層 二層 三層
RPTNMLOJRHMFFAV57CA,23,184.76,住家用,鋼筋混凝土造,84年1月14日,三層,一層 二層 三層
RPXNMLRJRHMFFAV28CA,,248.30,見其他登記事項,見其他登記事項,106年5月8日,三層,一層 二層 三層 屋頂突出物
QQXNMLRJRHMFFAV28CA,,522.22,見其他登記事項,見其他登記事項,106年5月8日,三層,一層 二層 三層 屋頂突出物
TPXNMLRJRHMFFAV48CA,,245.30,見其他登記事項,見其他登記事項,106年5月8日,三層,一層 二層 三層 屋頂突出物
UPXNMLRJRHMFFAV58CA,,245.42,見其他登記事項,見其他登記事項,106年5月8日,三層,一層 二層 三層 屋頂突出物
XPXNMLRJRHMFFAV88CA,,245.80,見其他登記事項,見其他登記事項,106年5月8日,三層,一層 二層 三層 屋頂突出物
YPXNMLRJRHMFFAV98CA,,245.93,見其他登記事項,見其他登記事項,106年5月8日,三層,一層 二層 三層 騎樓
VPXNMLRJRHMFFAV68CA,,245.54,見其他登記事項,見其他登記事項,106年5月8日,三層,一層 二層 三層 屋頂突出物
ZPXNMLRJRHMFFAV09CA,,246.08,見其他登記事項,見其他登記事項,106年5月8日,三層,一層 二層 三層 屋頂突出物
WPXNMLRJRHMFFAV78CA,,245.66,見其他登記事項,見其他登記事項,106年5月8日,三層,一層 二層 三層 屋頂突出物
SPXNMLRJRHMFFAV38CA,,245.17,見其他登記事項,見其他登記事項,106年5月8日,三層,一層 二層 三層 屋頂突出物
RPVNMLOJRHMFFAV77CA,35,291.75,住家用,見其他登記事項,71年4月20日,三層,一層 二層 三層 騎樓 地下層
RPTNMLPJRHMFFCV87CA,,60.94,商業用,加強磚造,,一層,一層 騎樓
RPSNMLPLQHMFFAV77DA,39,103.90,住家用,加強磚造,68年1月24日,二層,一層 二層 騎樓
RPPNMLKMQHMFFAV96CA,42,36.36,住家用,見其他登記事項,65年1月15日,一層,一層
RPSNMLMLRHMFFCV67CA,,150.05,見其他登記事項,見其他登記事項,106年5月3日,二層,一層 二層
RPTOMLPJRHMFFAV77CA,34,210.95,住家用,加強磚造,72年11月24日,二層,一層 二層 騎樓
RPQNMLOJRHMFFAV27CA,38,105.53,住家用,加強磚造,68年3月20日,二層,一層 二層 騎樓
RPTNMLRJRHMFFAV87CA,22,86.31,見其他登記事項,鋼筋混凝土造,84年6月1日,五層,五層
RPTNMLRJRHMFFAV87CA,22,10.48,見其他登記事項,鋼筋混凝土造,84年6月1日,五層,
RPTNMLRJRHMFFAV87CA,22,8.34,見其他登記事項,鋼筋混凝土造,84年6月1日,五層,
RPRNMLLJRHMFFAV07CA,1,210.85,住家用,見其他登記事項,105年9月22日,三層,一層 二層 三層
RPPNMLPJRHMFFCV57DA,20,208.78,住家用,鋼筋混凝土造,86年7月28日,四層,一層 二層 三層 四層
RPWOMLLMQHMFFAV87CA,23,.37,見其他登記事項,鋼筋混凝土造,83年5月16日,十三層,
RPWOMLLMQHMFFAV87CA,23,92.57,見其他登記事項,鋼筋混凝土造,83年5月16日,十三層,八層
RPWOMLLMQHMFFAV87CA,23,.30,見其他登記事項,鋼筋混凝土造,83年5月16日,十三層,
RPWOMLLMQHMFFAV87CA,23,.37,見其他登記事項,鋼筋混凝土造,83年5月16日,十三層,
RPWOMLLMQHMFFAV87CA,23,.14,見其他登記事項,鋼筋混凝土造,83年5月16日,十三層,
RPWOMLLMQHMFFAV87CA,23,.27,見其他登記事項,鋼筋混凝土造,83年5月16日,十三層,
RPWOMLLMQHMFFAV87CA,23,.34,見其他登記事項,鋼筋混凝土造,83年5月16日,十三層,
RPWOMLLMQHMFFAV87CA,23,.30,見其他登記事項,鋼筋混凝土造,83年5月16日,十三層,
RPWOMLLMQHMFFAV87CA,23,.30,見其他登記事項,鋼筋混凝土造,83年5月16日,十三層,
RPWOMLLMQHMFFAV87CA,23,.27,見其他登記事項,鋼筋混凝土造,83年5月16日,十三層,
RPWOMLLMQHMFFAV87CA,23,.30,見其他登記事項,鋼筋混凝土造,83年5月16日,十三層,
RPWOMLLMQHMFFAV87CA,23,.75,見其他登記事項,鋼筋混凝土造,83年5月16日,十三層,
RPWOMLLMQHMFFAV87CA,23,.53,見其他登記事項,鋼筋混凝土造,83年5月16日,十三層,
RPWOMLLMQHMFFAV87CA,23,.28,見其他登記事項,鋼筋混凝土造,83年5月16日,十三層,
RPWOMLLMQHMFFAV87CA,23,.37,見其他登記事項,鋼筋混凝土造,83年5月16日,十三層,
RPWOMLLMQHMFFAV87CA,23,1.13,見其他登記事項,鋼筋混凝土造,83年5月16日,十三層,
RPWOMLLMQHMFFAV87CA,23,11.13,見其他登記事項,鋼筋混凝土造,83年5月16日,十三層,
RPWOMLLMQHMFFAV87CA,23,.37,見其他登記事項,鋼筋混凝土造,83年5月16日,十三層,
RPWOMLLMQHMFFAV87CA,23,.14,見其他登記事項,鋼筋混凝土造,83年5月16日,十三層,
RPWOMLLMQHMFFAV87CA,23,.37,見其他登記事項,鋼筋混凝土造,83年5月16日,十三層,
RPWOMLLMQHMFFAV87CA,23,.30,見其他登記事項,鋼筋混凝土造,83年5月16日,十三層,
RPWOMLLMQHMFFAV87CA,23,.37,見其他登記事項,鋼筋混凝土造,83年5月16日,十三層,
RPWOMLLMQHMFFAV87CA,23,.30,見其他登記事項,鋼筋混凝土造,83年5月16日,十三層,
RPWOMLLMQHMFFAV87CA,23,.37,見其他登記事項,鋼筋混凝土造,83年5月16日,十三層,
RPWOMLLMQHMFFAV87CA,23,.30,見其他登記事項,鋼筋混凝土造,83年5月16日,十三層,
RPWOMLLMQHMFFAV87CA,23,.30,見其他登記事項,鋼筋混凝土造,83年5月16日,十三層,
RPWOMLLMQHMFFAV87CA,23,.37,見其他登記事項,鋼筋混凝土造,83年5月16日,十三層,
RPWOMLLMQHMFFAV87CA,23,.30,見其他登記事項,鋼筋混凝土造,83年5月16日,十三層,
RPWOMLLMQHMFFAV87CA,23,.37,見其他登記事項,鋼筋混凝土造,83年5月16日,十三層,
RPWOMLLMQHMFFAV87CA,23,.37,見其他登記事項,鋼筋混凝土造,83年5月16日,十三層,
RPWOMLLMQHMFFAV87CA,23,.56,見其他登記事項,鋼筋混凝土造,83年5月16日,十三層,
RPWOMLLMQHMFFAV87CA,23,.30,見其他登記事項,鋼筋混凝土造,83年5月16日,十三層,
RPWOMLLMQHMFFAV87CA,23,.30,見其他登記事項,鋼筋混凝土造,83年5月16日,十三層,
RPXOMLLMQHMFFAV97CA,34,58.78,住家用,加強磚造,72年5月9日,二層,一層 二層 騎樓
RPXOMLLMQHMFFAV97CA,34,58.78,住家用,加強磚造,72年5月9日,二層,一層 二層 騎樓
RPQNMLOJRHMFFBV37CA,32,65.28,住家用,加強磚造,74年7月15日,二層,一層 二層
RPSNMLLJRHMFFAV17CA,1,269.84,住家用,見其他登記事項,105年7月27日,三層,一層 二層 三層
RPQPMLLMQHMFFAV37CA,21,78.52,見其他登記事項,鋼筋混凝土造,85年6月21日,七層,四層
RPQPMLLMQHMFFAV37CA,21,16.82,見其他登記事項,鋼筋混凝土造,85年6月21日,七層,
RPQPMLLMQHMFFAV37CA,21,10.02,見其他登記事項,鋼筋混凝土造,85年6月21日,七層,
RPQPMLLMQHMFFAV37CA,21,5.56,見其他登記事項,鋼筋混凝土造,85年6月21日,七層,
RPQPMLLMQHMFFAV37CA,21,4.85,見其他登記事項,鋼筋混凝土造,85年6月21日,七層,
RPWNMLMLRHMFFAV87CA,25,144.75,住家用,鋼筋混凝土造,81年4月15日,三層,一層 二層 三層
RPUNMLPJRHMFFAV77CA,,201.13,見其他登記事項,鋼筋混凝土造,106年3月24日,三層,一層 二層 三層 見其他登記事項
RPQNMLQJRHMFFAV57DA,22,70.96,見其他登記事項,鋼筋混凝土造,84年12月20日,七層,七層
RPQNMLQJRHMFFAV57DA,,29.66,見其他登記事項,鋼筋混凝土造,,七層,
RPPNMLQKRHMFFAV47CA,1,229.95,住家用,見其他登記事項,105年4月19日,三層,一層 二層 三層
RPVNMLRJRHMFFAV08CA,37,111.80,住家用,加強磚造,69年7月2日,二層,一層 二層 騎樓
RPRNMLNKRHMFFAV37CA,,235.11,見其他登記事項,見其他登記事項,106年6月6日,三層,一層 二層 三層 騎樓 見其他登記事項
RPPNMLKKRHMFFAV86CA,1,171.36,住家用,見其他登記事項,105年4月19日,三層,一層 二層 三層
RPPNMLKKRHMFFAV86CA,1,171.36,住家用,見其他登記事項,105年4月19日,三層,一層 二層 三層
RPQNMLSLRHMFFAV87CA,34,94.14,見其他登記事項,鋼筋混凝土造,72年2月22日,四層,四層
RPQNMLSLRHMFFAV87CA,34,6.83,見其他登記事項,鋼筋混凝土造,72年2月22日,四層,
RPSNMLNKRHMFFAV47CA,35,98.74,住家用,加強磚造,71年4月21日,二層,一層 二層
RPQNMLRJRHMFFAV57CA,44,53.70,住家用,見其他登記事項,62年2月30日,二層,一層 二層
RPPNMLMLRHMFFCV37CA,6,229.67,見其他登記事項,鋼筋混凝土造,100年5月11日,三層,一層 二層 三層
RPRNMLSJRHMFFDV08CA,24,35.56,見其他登記事項,鋼筋混凝土造,82年11月8日,八層,五層
RPRNMLSJRHMFFDV08CA,24,13.01,見其他登記事項,鋼筋混凝土造,82年11月8日,八層,
RPQNMLOKRHMFFCV67DA,24,203.34,住家用,鋼筋混凝土造,82年9月2日,三層,一層 二層 三層
RPRNMLPKRHMFFAV57CA,22,109.58,見其他登記事項,鋼筋混凝土造,84年2月17日,八層,二層
RPRNMLPKRHMFFAV57CA,22,19.35,見其他登記事項,鋼筋混凝土造,84年2月17日,八層,
RPRNMLPKRHMFFAV57CA,22,14.08,見其他登記事項,鋼筋混凝土造,84年2月17日,八層,
RPQNMLTLRHMFFCV18CA,1,2942.14,見其他登記事項,見其他登記事項,105年5月31日,二層,見其他登記事項
RPPOMLKMRHMFFAV17CA,12,198.98,住家用,鋼筋混凝土造,94年5月18日,三層,一層 二層 三層
RPPNMLOKRHMFFAV27CA,42,34.78,住家用,加強磚造,65年1月1日,一層,一層
RPQNMLMJIIMFFAV88CA,12,190.18,住家用,鋼筋混凝土造,93年8月25日,三層,一層 二層 三層
RPPNMLTJIIMFFAV86CA,36,20.23,住家用,加強磚造,70年4月7日,一層,
RPQOMLMLRHMFFAV37CA,33,110.94,住家用,加強磚造,73年9月18日,二層,一層 二層
RPQNMLSKRHMFFCV97CA,18,308.19,農舍,鋼筋混凝土造,88年4月2日,二層,一層 二層
RPUNMLPLRHMFFAV97CA,28,149.20,住家用,加強磚造,78年5月19日,二層,一層 二層
RPQNMLNJIIMFFAV98CA,,53.40,住家用,見其他登記事項,,二層,一層 二層
RPQNMLTKRHMFFAV87CA,39,91.00,住家用,加強磚造,67年4月20日,二層,一層 二層
RPVNMLTKRHMFFAV38CA,30,173.03,住家用,加強磚造,76年11月26日,二層,一層 二層
RPTOMLMLRHMFFAV67CA,38,71.90,住家用,見其他登記事項,,一層,一層 騎樓
RPUNMLLLRHMFFAV57CA,21,105.10,見其他登記事項,鋼筋混凝土造,85年6月21日,七層,一層
RPUNMLLLRHMFFAV57CA,21,6.65,見其他登記事項,鋼筋混凝土造,85年6月21日,七層,
RPUNMLLLRHMFFAV57CA,21,16.82,見其他登記事項,鋼筋混凝土造,85年6月21日,七層,
RPUNMLLLRHMFFAV57CA,21,5.87,見其他登記事項,鋼筋混凝土造,85年6月21日,七層,
RPQNMLPLRHMFFAV57CA,,657.25,見其他登記事項,見其他登記事項,106年7月19日,四層,一層 二層 三層 四層 見其他登記事項
RPQNMLLKIIMFFCV09CA,1,181.29,見其他登記事項,鋼筋混凝土造,104年12月18日,三層,一層 二層 三層
RPRNMLLKIIMFFCV56CA,6,203.74,見其他登記事項,鋼筋混凝土造,100年8月12日,三層,一層 二層 三層
RPPNMLLKIIMFFBV88CA,22,73.10,農舍,加強磚造,84年9月1日,二層,一層 二層
RPUNMLMLRHMFFAV67CA,21,57.15,住家用,鋼筋混凝土造,85年6月28日,七層,七層
RPUNMLMLRHMFFAV67CA,21,3.06,見其他登記事項,鋼筋混凝土造,85年6月28日,七層,
RPUNMLMLRHMFFAV67CA,21,16.01,見其他登記事項,鋼筋混凝土造,85年6月28日,七層,
RPUNMLMLRHMFFAV67CA,21,2.49,見其他登記事項,鋼筋混凝土造,85年6月28日,七層,
RPVNMLTLRHMFFAV48CA,22,81.02,見其他登記事項,鋼筋混凝土造,84年12月20日,七層,三層
RPUNMLMLRHMFFAV67CA,21,5.15,見其他登記事項,鋼筋混凝土造,85年6月28日,七層,
RPVNMLTLRHMFFAV48CA,,29.66,見其他登記事項,鋼筋混凝土造,,七層,
RPSNMLLLRHMFFAV37CA,2,119.30,住家用,見其他登記事項,104年6月15日,三層,一層 二層 三層
RPRNMLSLRHMFFAV97CA,24,118.25,住家用,加強磚造,82年12月30日,二層,一層 二層
RPRNMLKMRHMFFAV27CA,27,116.64,住家用,鋼筋混凝土造,79年8月11日,三層,一層 二層 三層
RPSOMLMLRHMFFAV57CA,23,84.46,見其他登記事項,鋼筋混凝土造,83年4月19日,十四層,七層
RPSOMLMLRHMFFAV57CA,23,28.98,見其他登記事項,鋼筋混凝土造,83年4月19日,十四層,
RPOOMLMLRHMFFAV17CA,,242.34,見其他登記事項,見其他登記事項,106年3月24日,三層,一層 二層 三層 屋頂突出物
RPSNMLSLRHMFFAV08CA,,250.26,見其他登記事項,見其他登記事項,106年6月6日,三層,一層 二層 三層 騎樓 見其他登記事項
RPTNMLNJIIMFFAV76DA,21,99.19,住家用,鋼筋混凝土造,85年6月28日,七層,七層
RPTNMLNJIIMFFAV76DA,21,7.72,見其他登記事項,鋼筋混凝土造,85年6月28日,七層,
RPTNMLNJIIMFFAV76DA,21,4.39,見其他登記事項,鋼筋混凝土造,85年6月28日,七層,
RPTNMLNJIIMFFAV76DA,21,4.36,見其他登記事項,鋼筋混凝土造,85年6月28日,七層,
RPTNMLNJIIMFFAV76DA,21,16.01,見其他登記事項,鋼筋混凝土造,85年6月28日,七層,
RPPNMLTKJHNFFAV07CA,23,187.61,住家用,鋼筋混凝土造,83年9月9日,三層,一層 二層 三層
RPVNMLPJIIMFFAV17DA,24,341.76,住家用,鋼筋混凝土造,82年11月25日,五層,一層 二層 三層 四層 五層
RPVNMLSLRHMFFAV38CA,34,121.16,住家用,加強磚造,72年8月30日,二層,一層 二層 騎樓
RPPNMLRLRHMFFAV67CA,24,50.59,見其他登記事項,鋼筋混凝土造,82年8月14日,七層,六層
RPPNMLRLRHMFFAV67CA,24,4.77,見其他登記事項,鋼筋混凝土造,82年8月14日,七層,
RPPNMLRLRHMFFAV67CA,24,9.09,見其他登記事項,鋼筋混凝土造,82年8月14日,七層,
RPPNMLRLRHMFFAV67CA,24,.74,見其他登記事項,鋼筋混凝土造,82年8月14日,七層,
RPQNMLTLRHMFFAV97CA,30,130.76,住商用,鋼筋混凝土造,76年4月18日,三層,一層 二層 三層 騎樓 地下層
SPQNMLTLRHMFFAV08CA,30,77.87,住商用,鋼筋混凝土造,76年4月18日,三層,一層 二層 三層 騎樓 地下層
RPTNMLSLRHMFFAV18CA,23,162.44,住家用,鋼筋混凝土造,83年5月13日,三層,一層 二層 三層
RPPNMLTLRHMFFAV97DA,34,98.28,住家用,加強磚造,73年2月27日,二層,一層 二層 騎樓
RPQNMLPLIIMFFAV76CA,42,45.87,住家用,見其他登記事項,64年7月18日,二層,一層 二層
RPQNMLPLIIMFFAV76CA,42,45.87,住家用,見其他登記事項,64年7月18日,二層,一層 二層
RPQOMLPJIIMFFAV76DA,31,100.41,住家用,加強磚造,75年9月1日,二層,一層 二層
RPOOMLQKIIMFFAV66CA,17,215.78,見其他登記事項,鋼筋混凝土造,89年10月6日,四層,一層 二層 三層 四層
RPTNMLMJIIMFFAV56CA,36,76.59,住家用,鋼筋混凝土造,70年7月13日,三層,騎樓 一層 二層 三層
RPTNMLMJIIMFFAV56CA,36,76.59,住家用,鋼筋混凝土造,70年7月13日,三層,一層 二層 三層 騎樓
RPPNMLTLRHMFFCV08CA,39,80.52,住家用,見其他登記事項,67年9月12日,二層,一層 二層
RPTNMLTLRHMFFAV28CA,,105.54,住家用,加強磚造,,二層,一層 二層 騎樓
RPROMLKMRHMFFAV37CA,14,104.38,見其他登記事項,鋼筋混凝土造,92年5月27日,九層,七層
RPROMLKMRHMFFAV37CA,14,41.80,見其他登記事項,鋼筋混凝土造,92年5月27日,九層,
RPPNMLMJIIMFFAV78CA,33,87.17,住家用,鋼筋混凝土造,73年1月30日,四層,一層
RPPNMLMJIIMFFAV78CA,33,19.50,見其他登記事項,鋼筋混凝土造,73年1月30日,四層,
RPSNMLTLRHMFFAV18CA,1,231.23,見其他登記事項,見其他登記事項,105年6月22日,三層,一層 二層 三層 屋頂突出物
RPPNMLOJIIMFFAV98CA,1,269.61,住家用,見其他登記事項,105年8月10日,四層,一層 二層 三層 四層
RPQNMLQJIIMFFAV76DA,22,70.46,見其他登記事項,鋼筋混凝土造,84年12月20日,七層,一層
RPQNMLQJIIMFFAV76DA,,21.42,見其他登記事項,鋼筋混凝土造,,七層,
RPPNMLOLIIMFFAV56CA,,60.93,住家用,見其他登記事項,,一層,一層
RPRNMLRLIIMFFAV07CA,3,379.37,見其他登記事項,見其他登記事項,103年4月17日,三層,一層 二層 三層 騎樓 見其他登記事項
RPSNMLKLIIMFFAV09CA,38,178.95,住家用,見其他登記事項,69年1月15日,三層,一層 二層 三層 騎樓 地下層
RPXNMLQKIIMFFAV47CA,22,164.11,住商用,鋼筋混凝土造,84年12月4日,十六層,騎樓 一層 二層
RPXNMLQKIIMFFAV47CA,22,58.24,見其他登記事項,鋼筋混凝土造,84年12月4日,十六層,
RPUNMLMKIIMFFAV76CA,6,225.10,住家用,見其他登記事項,100年12月6日,三層,一層 二層 三層
RPRNMLMJIIMFFDV76DA,22,179.43,住商用,鋼筋混凝土造,84年7月25日,三層,一層 二層 三層 騎樓
RPRNMLMKIIMFFAV09CA,23,120.68,住家用,鋼筋混凝土造,84年2月16日,八層,八層
RPRNMLMKIIMFFAV09CA,23,19.83,見其他登記事項,鋼筋混凝土造,84年2月16日,八層,
RPRNMLMKIIMFFAV09CA,23,12.65,見其他登記事項,鋼筋混凝土造,84年2月16日,八層,
RPRNMLMKIIMFFAV09CA,23,5.68,見其他登記事項,鋼筋混凝土造,84年2月16日,八層,
RPWNMLMKIIMFFAV07DA,19,122.60,見其他登記事項,鋼筋混凝土造,87年7月7日,四層,一層 二層 三層 四層 騎樓
RPPNMLTKIIMFFBV07CA,24,197.28,住家用,鋼筋混凝土造,83年1月25日,三層,一層 二層 三層
RPVNMLMKIIMFFAV86CA,,275.01,見其他登記事項,見其他登記事項,106年7月14日,三層,一層 二層 三層 騎樓 見其他登記事項
RPRNMLNKIIMFFAV56CA,46,94.62,住家用,見其他登記事項,60年3月25日,二層,一層 二層
RPQNMLNKIIMFFAV09CA,4,226.21,見其他登記事項,見其他登記事項,102年12月11日,三層,二層 三層 一層 屋頂突出物
RPPNMLPLIIMFFDV96CA,22,30.87,見其他登記事項,鋼筋混凝土造,84年7月14日,八層,六層
RPPNMLPLIIMFFDV96CA,22,6.94,見其他登記事項,鋼筋混凝土造,84年7月14日,八層,
RPROMLQKIIMFFAV96CA,25,192.06,住家用,鋼筋混凝土造,81年12月9日,三層,三層 一層 二層
RPTOMLQKIIMFFAV17CA,33,43.27,住家用,加強磚造,73年11月14日,二層,一層 二層
RPTOMLQKIIMFFAV17CA,33,43.27,住家用,加強磚造,73年11月14日,二層,一層 二層
RPSNMLNKIIMFFAV66CA,21,294.01,住商用,鋼筋混凝土造,86年2月5日,四層,一層 二層 三層 四層 騎樓
RPSNMLSKIIMFFAV17CA,,81.43,住家用,見其他登記事項,,一層,一層
RPUOMLQKIIMFFAV27CA,23,100.22,見其他登記事項,鋼筋混凝土造,84年2月17日,八層,八層
RPUOMLQKIIMFFAV27CA,23,17.65,見其他登記事項,鋼筋混凝土造,84年2月17日,八層,
RPUOMLQKIIMFFAV27CA,23,12.74,見其他登記事項,鋼筋混凝土造,84年2月17日,八層,
RPRNMLRKIIMFFAV96CA,43,44.59,住家用,見其他登記事項,63年5月1日,二層,一層 二層
RPRNMLRKIIMFFAV96CA,43,44.59,住家用,見其他登記事項,63年5月1日,二層,一層 二層
RPPNMLRKIIMFFAV76CA,23,83.72,見其他登記事項,鋼筋混凝土造,84年1月25日,十層,四層
RPPNMLRKIIMFFAV76CA,,2.21,見其他登記事項,鋼筋混凝土造,,十層,
RPPNMLRKIIMFFAV76CA,23,9.76,見其他登記事項,鋼筋混凝土造,84年1月25日,十層,
RPPNMLRKIIMFFAV76CA,23,2.35,見其他登記事項,鋼筋混凝土造,84年1月25日,十層,
RPPNMLRKIIMFFAV76CA,23,11.98,見其他登記事項,鋼筋混凝土造,84年1月25日,十層,
RPRNMLKMIIMFFAV09CA,24,81.97,見其他登記事項,鋼筋混凝土造,82年10月19日,七層,一層
RPRNMLKMIIMFFAV09CA,24,8.83,見其他登記事項,鋼筋混凝土造,82年10月19日,七層,
RPRNMLKMIIMFFAV09CA,24,22.05,見其他登記事項,鋼筋混凝土造,82年10月19日,七層,
RPWNMLQLIIMFFAV47CA,3,207.95,住家用,見其他登記事項,103年6月5日,三層,一層 二層 三層
RPWNMLQKIIMFFAV37CA,48,98.89,住家用,見其他登記事項,58年6月1日,三層,一層 二層 三層
RPWNMLQKIIMFFAV37CA,,131.56,住商用,見其他登記事項,,二層,一層 二層 騎樓
RPPNMLSKIIMFFCV17DA,44,94.62,住商用,見其他登記事項,62年2月20日,二層,一層 二層 騎樓
RPRNMLKLIIMFFAV98CA,13,169.94,住家用,鋼筋混凝土造,93年4月13日,三層,一層 二層 三層
RPPOMLOLIIMFFAV76DA,38,111.24,住家用,加強磚造,68年7月19日,二層,一層 二層 騎樓
RPTNMLTKIIMFFAV37CA,23,109.58,見其他登記事項,鋼筋混凝土造,84年2月17日,八層,四層
RPTNMLTKIIMFFAV37CA,23,19.35,見其他登記事項,鋼筋混凝土造,84年2月17日,八層,
RPTNMLTKIIMFFAV37CA,23,14.08,見其他登記事項,鋼筋混凝土造,84年2月17日,八層,
RPQNMLKLIIMFFCV09CA,32,115.50,住商用,鋼筋混凝土造,75年1月14日,三層,一層 二層 三層 騎樓
RPUNMLKLIIMFFAV66CA,23,68.39,見其他登記事項,鋼筋混凝土造,84年1月25日,十層,十層
RPUNMLKLIIMFFAV66CA,,1.67,見其他登記事項,鋼筋混凝土造,,十層,
RPUNMLKLIIMFFAV66CA,23,1.78,見其他登記事項,鋼筋混凝土造,84年1月25日,十層,
RPUNMLKLIIMFFAV66CA,23,7.37,見其他登記事項,鋼筋混凝土造,84年1月25日,十層,
RPUNMLKLIIMFFAV66CA,23,9.06,見其他登記事項,鋼筋混凝土造,84年1月25日,十層,
RPRNMLLLIIMFFAV09CA,39,100.71,住家用,加強磚造,68年3月1日,二層,一層 二層
RPVNMLKLIIMFFAV76CA,1,355.79,住家用,見其他登記事項,106年2月10日,四層,一層 二層 三層 四層
RPTNMLKMIIMFFAV66CA,36,153.78,住家用,加強磚造,70年8月3日,二層,一層 二層
RPQNMLKLIIMFFAV88CA,23,198.32,住家用,鋼筋混凝土造,83年4月13日,四層,一層 二層 三層 四層
RPTNMLLMIIMFFAV76CA,3,195.46,見其他登記事項,見其他登記事項,103年7月1日,三層,一層 二層 三層 見其他登記事項
RPPNMLQKJIMFFAV76CA,29,124.74,住家用,加強磚造,77年3月28日,二層,一層 二層 騎樓
RPQNMLTJJIMFFCV27CA,2,154.75,見其他登記事項,鋼筋混凝土造,104年12月18日,三層,一層 二層 三層
RPVNMLQLIIMFFAV37CA,23,71.81,見其他登記事項,鋼筋混凝土造,84年2月17日,八層,一層
RPVNMLQLIIMFFAV37CA,23,14.80,見其他登記事項,鋼筋混凝土造,84年2月17日,八層,
RPVNMLQLIIMFFAV37CA,23,11.40,見其他登記事項,鋼筋混凝土造,84年2月17日,八層,
RPOOMLOLIIMFFAV56CA,44,45.65,住家用,見其他登記事項,62年7月30日,二層,一層 二層 騎樓
RPOOMLOLIIMFFAV56CA,44,45.65,住家用,見其他登記事項,62年7月30日,二層,一層 二層 騎樓
RPQOMLOLIIMFFAV76CA,,219.02,見其他登記事項,見其他登記事項,106年7月14日,三層,一層 二層 三層 騎樓 見其他登記事項
RPSNMLRLIIMFFAV17CA,44,51.88,住家用,見其他登記事項,62年7月30日,一層,一層 騎樓
RPPNMLNJJIMFFAV98CA,22,167.23,住家用,鋼筋混凝土造,85年2月16日,三層,一層 二層 三層
RPPNMLRLIIMFFAV86CA,21,224.73,見其他登記事項,鋼筋混凝土造,85年5月23日,四層,一層 二層 三層 四層 騎樓
RPQNMLRJJIMFFAV86CA,,246.42,見其他登記事項,見其他登記事項,106年8月1日,三層,一層 二層 三層 屋頂突出物
RPRNMLMJJIMFFAV09CA,20,61.83,見其他登記事項,鋼筋混凝土造,86年9月26日,五層,四層
RPRNMLMJJIMFFAV09CA,20,13.70,見其他登記事項,鋼筋混凝土造,86年9月26日,五層,
RPRNMLMJJIMFFAV09CA,20,4.13,見其他登記事項,鋼筋混凝土造,86年9月26日,五層,
RPPNMLLLJIMFFDV76DA,22,166.69,住商用,鋼筋混凝土造,84年10月12日,三層,一層 二層 三層
RPPNMLLMIIMFFBV09CA,33,203.35,住家用,加強磚造,73年7月15日,二層,一層 二層
RPXNMLLMIIMFFAV17CA,43,100.73,住家用,見其他登記事項,63年12月5日,三層,一層 二層 三層
RPOOMLLMIIMFFAV98CA,22,169.50,住家用,鋼筋混凝土造,85年1月13日,四層,一層 二層 三層 四層
RPQNMLNJJIMFFAV09CA,21,90.40,住家用,鋼筋混凝土造,85年6月28日,七層,二層
RPQNMLNJJIMFFAV09CA,21,8.93,見其他登記事項,鋼筋混凝土造,85年6月28日,七層,
RPQNMLNJJIMFFAV09CA,21,6.12,見其他登記事項,鋼筋混凝土造,85年6月28日,七層,
RPQNMLNJJIMFFAV09CA,21,3.99,見其他登記事項,鋼筋混凝土造,85年6月28日,七層,
RPQNMLNJJIMFFAV09CA,21,16.01,見其他登記事項,鋼筋混凝土造,85年6月28日,七層,
RPQNMLQJJIMFFAV76CA,37,306.39,住家用,鋼筋混凝土造,69年4月12日,四層,一層 二層 三層 四層 騎樓 地下層
RPVNMLNLJIMFFAV17CA,43,52.92,住家用,見其他登記事項,63年7月1日,一層,一層
RPSNMLRLJIMFFAV37DA,25,107.95,住家用,見其他登記事項,81年11月23日,二層,一層 二層 騎樓
RPSNMLRLJIMFFAV37DA,25,107.18,住家用,見其他登記事項,81年11月23日,二層,一層 二層 騎樓
RPTNMLSJJIMFFAV27CA,21,90.95,見其他登記事項,鋼筋混凝土造,85年6月28日,九層,二層
RPTNMLSJJIMFFAV27CA,21,10.12,見其他登記事項,鋼筋混凝土造,85年6月28日,九層,
RPTNMLSJJIMFFAV27CA,21,7.48,見其他登記事項,鋼筋混凝土造,85年6月28日,九層,
RPSNMLRKJIMFFAV17CA,12,215.77,住家用,見其他登記事項,94年11月17日,三層,一層 二層 三層
RPRNMLSJJIMFFAV17DA,40,35.69,住家用,見其他登記事項,67年2月22日,一層,一層
RPSNMLNJJIMFFAV66CA,22,91.78,見其他登記事項,鋼筋混凝土造,84年6月1日,五層,四層
RPSNMLNJJIMFFAV66CA,22,11.17,見其他登記事項,鋼筋混凝土造,84年6月1日,五層,
RPSNMLNJJIMFFAV66CA,22,9.58,見其他登記事項,鋼筋混凝土造,84年6月1日,五層,
RPUNMLSJJIMFFAV37CA,35,96.80,見其他登記事項,鋼筋混凝土造,72年2月9日,四層,三層
RPUNMLSJJIMFFAV37CA,35,7.82,見其他登記事項,鋼筋混凝土造,72年2月9日,四層,
RPPNMLTJJIMFFBV07CA,19,100.95,住家用,鋼筋混凝土造,87年12月17日,五層,五層
RPPNMLTJJIMFFBV07CA,19,47.05,共有部分,鋼筋混凝土造,87年12月17日,五層,
RPPNMLOLJIMFFAV66CA,24,118.38,住商用,鋼筋混凝土造,82年10月29日,三層,一層 二層 三層
RPSNMLQJJIMFFAV96CA,24,35.04,見其他登記事項,鋼筋混凝土造,83年3月2日,五層,四層
RPSNMLQJJIMFFAV96CA,24,14.54,見其他登記事項,鋼筋混凝土造,83年3月2日,五層,
RPWNMLSJJIMFFAV57CA,22,403.39,見其他登記事項,鋼筋混凝土造,84年12月11日,三層,一層 二層 三層 地下層
RPQNMLLLJIMFFCV66CA,2,181.29,見其他登記事項,鋼筋混凝土造,104年12月18日,三層,一層 二層 三層
RPVNMLSJJIMFFAV47CA,1,273.22,住家用,見其他登記事項,105年7月27日,三層,一層 二層 三層
RPPNMLSJJIMFFAV86CA,39,86.58,住家用,加強磚造,67年11月9日,二層,一層 二層
RPQNMLSJJIMFFAV96CA,22,154.02,住家用,鋼筋混凝土造,84年11月4日,三層,一層 二層 三層
RPPNMLKKJIMFFAV78CA,27,254.68,住家用,鋼筋混凝土造,80年4月23日,三層,一層 二層 三層
RPPNMLQKJIMFFBV96DA,21,127.15,見其他登記事項,加強磚造,85年10月24日,二層,一層 二層
RPRNMLTLJIMFFAV37CA,38,121.95,住家用,加強磚造,68年9月19日,二層,一層 二層 騎樓
RPWNMLNLJIMFFAV27CA,26,255.73,住家用,鋼筋混凝土造,80年8月29日,三層,一層 二層 三層
RPQNMLKKJIMFFCV09CA,27,182.42,農舍,加強磚造,80年2月6日,二層,一層 二層
