﻿鄉鎮市區,交易標的,土地區段位置建物區段門牌,土地移轉總面積平方公尺,都市土地使用分區,非都市土地使用分區,非都市土地使用編定,交易年月日,交易筆棟數,移轉層次,總樓層數,建物型態,主要用途,主要建材,建築完成年月,建物移轉總面積平方公尺,建物現況格局-房,建物現況格局-廳,建物現況格局-衛,建物現況格局-隔間,有無管理組織,總價元,單價元平方公尺,車位類別,車位移轉總面積平方公尺,車位總價元,備註,編號
The villages and towns urban district,transaction sign,land sector position building sector house number plate,land shifting total area square meter,the use zoning or compiles and checks,the non-metropolis land use district,non-metropolis land use,transaction year month and day,transaction pen number,shifting level,total floor number,building state,main use,main building materials,construction to complete the years,building shifting total area,Building present situation pattern - room,building present situation pattern - hall,building present situation pattern - health,building present situation pattern - compartmented,Whether there is manages the organization,total price Yuan,the unit price a Yuan square meter,the berth category,berth shifting total area square meter,the berth total price Yuan,the note,serial number
金寧鄉,房地(土地+建物),金門縣金寧鄉頂堡91~120號,52.89,住,,,1060720,土地2建物1車位0,二層,三層,公寓(5樓含以下無電梯),見其他登記事項,鋼筋混凝土造,1060505,117.77,3,2,2,有,無,5350000,45428,,0.0,0,,RPQNMLNJQHMFFAW17CA
金寧鄉,土地,盤山村段391~420地號,58.0,住,,,1060714,土地1建物0車位0,,,其他,,,,0.0,0,0,0,有,無,2088000,36000,,0.0,0,,RPSNMLNJQHMFFAW37CA
金城鎮,土地,水頭段1171~1200地號,540.42,農,,,1060731,土地1建物0車位0,,,其他,,,,0.0,0,0,0,有,無,1100000,2035,,0.0,0,,RPPNMLOJQHMFFAW17CA
金寧鄉,房地(土地+建物)+車位,金門縣金寧鄉頂堡91~120號,52.79,住,,,1060720,土地2建物1車位1,一層,三層,公寓(5樓含以下無電梯),見其他登記事項,鋼筋混凝土造,1060505,123.82,3,2,2,有,無,6200000,50073,坡道平面,13.75,0,,RPTNMLOJQHMFFAW57CA
金沙鎮,土地,陽宅段121~150地號,267.01,農,,,1060720,土地1建物0車位0,,,其他,,,,0.0,0,0,0,有,無,300000,1124,,0.0,0,親友、員工或其他特殊關係間之交易。,RPRNMLRJQHMFFAW67CA
金寧鄉,房地(土地+建物),金門縣金寧鄉安岐331~360號,87.35,其他,,,1060703,土地1建物1車位0,全,三層,透天厝,住家用,鋼筋混凝土造,1060517,197.61,5,2,2,有,無,10680000,54046,,0.0,0,,RPSNMLOJQHMFFAW47CA
金沙鎮,土地,保生段1~30地號,175.8,住,,,1060724,土地2建物0車位0,,,其他,,,,0.0,0,0,0,有,無,7000000,39818,,0.0,0,,RPQNMLKKQHMFFAW96CA
金湖鎮,土地,湖后劃段61~90地號,500.0,其他,,,1060615,土地1建物0車位0,,,其他,,,,0.0,0,0,0,有,無,13340000,26680,,0.0,0,,RPQNMLSLQHMFFAW87CA
金沙鎮,土地,沙港劃段421~450地號,1000.04,農,,,1060802,土地1建物0車位0,,,其他,,,,0.0,0,0,0,有,無,6600000,6600,,0.0,0,,RPQNMLOJQHMFFAW37DA
金沙鎮,土地,斗門劃測段631~660地號,1586.37,農,,,1060719,土地1建物0車位0,,,其他,,,,0.0,0,0,0,有,無,6900000,4350,,0.0,0,,RPQNMLRJQHMFFAW67DA
金湖鎮,房地(土地+建物),金門縣金湖鎮市港一路241~270號,33.86,其他,,,1060628,土地1建物1車位0,三層,三層,公寓(5樓含以下無電梯),見其他登記事項,鋼筋混凝土造,1040429,77.45,2,1,1,有,有,6000000,77469,,0.0,0,,RPPNMLOJRHMFFAW27CA
金寧鄉,土地,大橋湖峰1~30地號,1151.0,住,,,1060717,土地1建物0車位0,,,其他,,,,0.0,0,0,0,有,無,130630000,113493,,0.0,0,,RPQNMLSJQHMFFAW67CA
金寧鄉,土地,青山段1201~1230地號,4215.83,農,,,1060524,土地7建物0車位0,,,其他,,,,0.0,0,0,0,有,無,24960000,5921,,0.0,0,,RPUNMLSJQHMFFAW08CA
金寧鄉,土地,寧安二劃段181~210地號,667.0,農,,,1060718,土地1建物0車位0,,,其他,,,,0.0,0,0,0,有,無,3380000,5067,,0.0,0,,RPPNMLTJQHMFFAW67CA
金寧鄉,土地,寧湖三劃段871~900地號,1000.0,農,,,1060725,土地1建物0車位0,,,其他,,,,0.0,0,0,0,有,無,8300000,8300,,0.0,0,,RPQNMLTJQHMFFAW77CA
金城鎮,土地,賢厝段871~900地號,1264.0,農,,,1060801,土地1建物0車位0,,,其他,,,,0.0,0,0,0,有,無,3800000,3006,,0.0,0,,RPUNMLKKQHMFFAW37CA
金城鎮,土地,賢厝段871~900地號,1202.0,農,,,1060801,土地2建物0車位0,,,其他,,,,0.0,0,0,0,有,無,3600000,2995,,0.0,0,,RPVNMLKKQHMFFAW47CA
金沙鎮,土地,北八劃段31~60地號,1000.0,農,,,1060717,土地1建物0車位0,,,其他,,,,0.0,0,0,0,有,無,4800000,4800,,0.0,0,,RPPNMLNKQHMFFAW17CA
金沙鎮,土地,汶沙測段1861~1890地號,73.98,其他,,,1060726,土地1建物0車位0,,,其他,,,,0.0,0,0,0,有,無,2100000,28386,,0.0,0,,RPXNMLQKQHMFFAW28CA
烈嶼鄉,土地,前埔測段1081~1110地號,71.24,其他,,,1060801,土地1建物0車位0,,,其他,,,,0.0,0,0,0,有,無,284960,4000,,0.0,0,,RPPNMLNLQHMFFAW27CA
金寧鄉,土地,機場段571~600地號,516.06,農,,,1060714,土地3建物0車位0,,,其他,,,,0.0,0,0,0,有,無,2322000,4499,,0.0,0,,RPPNMLKKQHMFFAW96DA
金寧鄉,土地,西堡劃測段391~420地號,1210.01,農,,,1060612,土地2建物0車位0,,,其他,,,,0.0,0,0,0,有,無,2250000,1859,,0.0,0,叔與叔兒關係間買賣。,RPXNMLOKQHMFFAW18DA
金寧鄉,土地,機場段91~120地號,137.07,其他,,,1060801,土地1建物0車位0,,,其他,,,,0.0,0,0,0,有,無,260000,1897,,0.0,0,賣方實拿26萬但買方另付本筆及另一筆之中介費計8萬元整,RPUNMLOLQHMFFAW87CA
金湖鎮,土地,太武段1021~1050地號,1135.31,農,,,1060801,土地2建物0車位0,,,其他,,,,0.0,0,0,0,有,無,4541240,4000,,0.0,0,,RPPNMLOKQHMFFAW27CA
金湖鎮,土地,湖尚劃段1~30地號,1000.0,其他,,,1060726,土地1建物0車位0,,,其他,,,,0.0,0,0,0,有,無,900000,900,,0.0,0,,RPWNMLKKQHMFFAW57CA
金湖鎮,土地,湖尚劃段1~30地號,666.67,其他,,,1060726,土地1建物0車位0,,,其他,,,,0.0,0,0,0,有,無,600000,900,,0.0,0,,RPXNMLKKQHMFFAW67CA
金寧鄉,土地,寧安二劃段151~180地號,1000.0,農,,,1060713,土地1建物0車位0,,,其他,,,,0.0,0,0,0,有,無,4300000,4300,,0.0,0,,RPRNMLLKQHMFFAW17CA
金寧鄉,土地,寧劃段841~870地號,490.6,農,,,1060703,土地1建物0車位0,,,其他,,,,0.0,0,0,0,有,無,2000000,4077,,0.0,0,"買方登記2人,所有權各持有1/2",RPSNMLLKQHMFFAW27CA
金寧鄉,房地(土地+建物)+車位,金門縣金寧鄉頂堡91~120號,52.79,住,,,1060801,土地2建物1車位4,一層,三層,公寓(5樓含以下無電梯),見其他登記事項,鋼筋混凝土造,1060505,165.07,3,2,2,有,無,7200000,43618,坡道平面,55.0,0,,RPTNMLLKQHMFFAW37CA
金沙鎮,土地,官嶼劃段631~660地號,500.0,農,,,1060724,土地1建物0車位0,,,其他,,,,0.0,0,0,0,有,無,1300000,2600,,0.0,0,,RPOOMLLKQHMFFAW96CA
金寧鄉,房地(土地+建物),金門縣金寧鄉安岐331~360號,155.33,其他,,,1060701,土地2建物1車位0,全,三層,透天厝,住家用,鋼筋混凝土造,1060517,204.72,5,2,5,有,無,12000000,58617,,0.0,0,,RPPOMLLKQHMFFAW07CA
烈嶼鄉,土地,東林段181~210地號,159.0,其他,,,1060717,土地1建物0車位0,,,其他,,,,0.0,0,0,0,有,無,2350000,14780,,0.0,0,,RPSNMLTJQHMFFAW97CA
金寧鄉,土地,寧安二劃段541~570地號,468.55,其他,,,1060705,土地1建物0車位0,,,其他,,,,0.0,0,0,0,有,無,10100000,21556,,0.0,0,,RPVNMLRJRHMFFAW18CA
金城鎮,土地,山前段811~840地號,1057.0,農,,,1060727,土地1建物0車位0,,,其他,,,,0.0,0,0,0,有,無,1050000,993,,0.0,0,,RPUNMLMLQHMFFAW67CA
金城鎮,土地,山前段721~750地號,1413.0,農,,,1060727,土地2建物0車位0,,,其他,,,,0.0,0,0,0,有,無,1410000,998,,0.0,0,,RPVNMLMLQHMFFAW77CA
金城鎮,土地,山前段811~840地號,565.0,農,,,1060727,土地1建物0車位0,,,其他,,,,0.0,0,0,0,有,無,560000,991,,0.0,0,,RPWNMLMLQHMFFAW87CA
金城鎮,房地(土地+建物),金門縣金城鎮中興路173巷1~30號,29.47,商,,,1060725,土地2建物1車位0,一層，二層，三層,三層,店面(店鋪),住商用,鋼筋混凝土加強磚造,0730801,83.68,3,2,2,有,無,6000000,71702,,0.0,0,增值稅119339元，契稅3822元由買方繳納。,RPXNMLMLQHMFFAW97CA
金寧鄉,土地,寧湖一劃段391~420地號,633.26,農,,,1060725,土地1建物0車位0,,,其他,,,,0.0,0,0,0,有,無,9750000,15397,,0.0,0,,RPRNMLMLQHMFFAW37CA
金沙鎮,土地,中蘭劃測段331~360地號,485.05,農,,,1060710,土地1建物0車位0,,,其他,,,,0.0,0,0,0,有,無,2400000,4948,,0.0,0,,RPQNMLOKQHMFFAW37CA
金沙鎮,土地,中蘭劃測段361~390地號,485.01,農,,,1060710,土地1建物0車位0,,,其他,,,,0.0,0,0,0,有,無,2200000,4536,,0.0,0,,RPRNMLOKQHMFFAW47CA
金沙鎮,土地,中蘭劃測段181~210地號,900.0,農,,,1060710,土地1建物0車位0,,,其他,,,,0.0,0,0,0,有,無,4070000,4522,,0.0,0,,RPSNMLOKQHMFFAW57CA
金沙鎮,土地,中蘭劃測段691~720地號,1623.97,農,,,1060710,土地5建物0車位0,,,其他,,,,0.0,0,0,0,有,無,4800000,2956,,0.0,0,,RPTNMLOKQHMFFAW67CA
金湖鎮,房地(土地+建物),金門縣金湖鎮東村1~30號,39.96,其他,,,1060617,土地1建物1車位0,一層,三層,公寓(5樓含以下無電梯),見其他登記事項,鋼筋混凝土造,1060306,72.07000000000001,3,2,2,有,無,4100000,56889,,0.0,0,,RPRNMLQKQHMFFAW67CA
金湖鎮,房地(土地+建物),金門縣金湖鎮東村1~30號,47.22,其他,,,1060617,土地1建物1車位0,三層,三層,公寓(5樓含以下無電梯),見其他登記事項,鋼筋混凝土造,1060306,83.78999999999999,3,2,2,有,無,4200000,50125,,0.0,0,,RPSNMLQKQHMFFAW77CA
金寧鄉,土地,后垵段991~1020地號,382.81,其他,,,1060721,土地1建物0車位0,,,其他,,,,0.0,0,0,0,有,無,1280000,3344,,0.0,0,,RPQNMLPKQHMFFAW47CA
金沙鎮,土地,官嶼劃段511~540地號,500.0,農,,,1060803,土地1建物0車位0,,,其他,,,,0.0,0,0,0,有,無,1350000,2700,,0.0,0,,RPSNMLMLQHMFFAW47CA
金城鎮,土地,金門城段541~570地號,36.02,其他,,,1060807,土地1建物0車位0,,,其他,,,,0.0,0,0,0,有,無,1200000,33315,,0.0,0,,RPQNMLNLQHMFFAW37CA
金湖鎮,房地(土地+建物),金門縣金湖鎮信義新村91~120號,74.8,其他,,,1060723,土地1建物1車位0,三層,三層,公寓(5樓含以下無電梯),住家用,鋼筋混凝土造,0940420,93.43,2,2,1,有,無,4200000,44953,,0.0,0,本買賣標的物確有滲漏水之情事，並以修繕買方以之繼受現況。,RPRNMLLJRHMFFAW17CA
金湖鎮,房地(土地+建物),金門縣金湖鎮東村1~30號,49.31,其他,,,1060628,土地1建物1車位0,一層,三層,公寓(5樓含以下無電梯),見其他登記事項,鋼筋混凝土造,1060306,87.91,3,2,2,有,無,4600000,52326,,0.0,0,,RPTNMLQKQHMFFAW87CA
金湖鎮,房地(土地+建物),金門縣金湖鎮東村1~30號,47.35,其他,,,1060617,土地1建物1車位0,二層,三層,公寓(5樓含以下無電梯),見其他登記事項,鋼筋混凝土造,1060306,84.00999999999999,3,2,2,有,無,4200000,49994,,0.0,0,,RPUNMLQKQHMFFAW97CA
金湖鎮,房地(土地+建物),金門縣金湖鎮東村1~30號,47.22,其他,,,1060622,土地1建物1車位0,二層,三層,公寓(5樓含以下無電梯),見其他登記事項,鋼筋混凝土造,1060306,83.78999999999999,3,2,2,有,無,4200000,50125,,0.0,0,,RPVNMLQKQHMFFAW08CA
金寧鄉,房地(土地+建物),金門縣金寧鄉嚨口61~90號,550.07,農,,,1060731,土地2建物1車位0,一層，二層，屋頂突出物,二層,農舍,農舍,鋼筋混凝土造,1040603,259.29,5,2,5,有,無,13900000,,,0.0,0,,RPOOMLMLQHMFFAW17CA
金沙鎮,土地,官澳段1381~1410地號,371.0,其他,,,1060807,土地1建物0車位0,,,其他,,,,0.0,0,0,0,有,無,5700000,15364,,0.0,0,,RPPNMLSKQHMFFAW67CA
金沙鎮,土地,北八劃段301~330地號,1000.0,農,,,1060724,土地1建物0車位0,,,其他,,,,0.0,0,0,0,有,無,3800000,3800,,0.0,0,,RPQNMLSKQHMFFAW77CA
金寧鄉,土地,青山段511~540地號,574.87,農,,,1060711,土地1建物0車位0,,,其他,,,,0.0,0,0,0,有,無,950000,1653,,0.0,0,,RPRNMLSKQHMFFAW87CA
金湖鎮,土地,湖前段841~870地號,134.33,其他,,,1060801,土地1建物0車位0,,,其他,,,,0.0,0,0,0,有,無,2590000,19281,,0.0,0,,RPSNMLOLQHMFFAW67CA
金寧鄉,土地,機場段91~120地號,1233.72,其他,,,1060801,土地1建物0車位0,,,其他,,,,0.0,0,0,0,有,無,3077000,2494,,0.0,0,,RPTNMLOLQHMFFAW77CA
金寧鄉,土地,寧安四劃段181~210地號,667.0,農,,,1060721,土地1建物0車位0,,,其他,,,,0.0,0,0,0,有,無,2350000,3523,,0.0,0,,RPSNMLSJRHMFFAW97CA
金寧鄉,土地,寧湖二劃測段721~750地號,173.85,住,,,1060802,土地2建物0車位0,,,其他,,,,0.0,0,0,0,有,無,3129300,18000,,0.0,0,,RPTNMLOJRHMFFAW77DA
金湖鎮,房地(土地+建物),金門縣金湖鎮前埔31~60號,775.83,其他,,,1060814,土地1建物1車位0,一層，二層，三層,三層,農舍,農舍,鋼筋混凝土造,1060626,373.83,5,2,5,有,無,8220000,,,0.0,0,,RPQNMLLLQHMFFAW27DA
金沙鎮,土地,官嶼劃段991~1020地號,1000.0,農,,,1060814,土地1建物0車位0,,,其他,,,,0.0,0,0,0,有,無,3350000,3350,,0.0,0,,RPQNMLMLQHMFFAW27CA
金沙鎮,土地,沙溪一劃段571~600地號,920.0,其他,,,1060803,土地1建物0車位0,,,其他,,,,0.0,0,0,0,有,無,5200000,5652,,0.0,0,,RPSNMLSKQHMFFAW97CA
金城鎮,土地,北一段571~600地號,880.81,農,,,1060816,土地1建物0車位0,,,其他,,,,0.0,0,0,0,有,無,11000000,12489,,0.0,0,"登記名義人共4人,所有權範圍各持分1/4",RPTNMLSKQHMFFAW08CA
金沙鎮,土地,沙田劃段181~210地號,1000.0,其他,,,1060815,土地1建物0車位0,,,其他,,,,0.0,0,0,0,有,無,800000,800,,0.0,0,親友、員工或其他特殊關係間之交易。,RPPNMLMLQHMFFAW17CA
金沙鎮,土地,北九十劃段151~180地號,976.97,農,,,1060812,土地1建物0車位0,,,其他,,,,0.0,0,0,0,有,無,2850000,2917,,0.0,0,,RPQOMLMLQHMFFAW37CA
金寧鄉,房地(土地+建物),金門縣金寧鄉榜林91~120號,33.17,其他,,,1060520,土地1建物1車位0,二層,三層,公寓(5樓含以下無電梯),見其他登記事項,鋼筋混凝土造,1060322,61.11,2,1,2,有,無,4000000,65456,,0.0,0,,RPROMLMLQHMFFAW47CA
金湖鎮,房地(土地+建物),金門縣金湖鎮市港一路241~270號,26.28,其他,,,1060815,土地1建物1車位0,二層,三層,套房(1房1廳1衛),見其他登記事項,鋼筋混凝土造,1040429,62.14,1,1,1,有,無,3700000,59543,,0.0,0,,RPTNMLMLQHMFFAW57CA
金湖鎮,房地(土地+建物),金門縣金湖鎮夏興61~90號,22.18,其他,,,1060815,土地1建物1車位0,二層,三層,公寓(5樓含以下無電梯),見其他登記事項,鋼筋混凝土造,1041125,36.53,1,0,1,有,無,2200000,60224,,0.0,0,,RPRNMLNLQHMFFAW47CA
金湖鎮,建物,金門縣金湖鎮夏興61~90號,0.0,,,,1060801,土地0建物1車位0,三層,三層,公寓(5樓含以下無電梯),見其他登記事項,鋼筋混凝土造,1041125,36.53,1,0,1,有,無,1100000,30112,,0.0,0,,RPWNMLOLQHMFFAW08CA
金寧鄉,房地(土地+建物),金門縣金寧鄉頂堡91~120號,52.89,住,,,1060804,土地2建物1車位0,三層,三層,公寓(5樓含以下無電梯),見其他登記事項,鋼筋混凝土造,1060505,117.77,3,2,2,有,無,6200000,52645,,0.0,0,,RPQNMLPLQHMFFAW57CA
金寧鄉,土地,寧劃段1411~1440地號,491.11,農,,,1060622,土地1建物0車位0,,,其他,,,,0.0,0,0,0,有,無,1100000,2240,,0.0,0,,RPSNMLNLQHMFFAW57CA
金湖鎮,房地(土地+建物),金門縣金湖鎮東村1~30號,42.44,其他,,,1060617,土地1建物1車位0,二層,三層,公寓(5樓含以下無電梯),見其他登記事項,鋼筋混凝土造,1060306,76.21000000000001,3,2,2,有,無,3800000,49862,,0.0,0,,RPQNMLOLQHMFFAW47CA
金寧鄉,土地,寧湖一劃段511~540地號,1053.57,住,,,1060807,土地1建物0車位0,,,其他,,,,0.0,0,0,0,有,無,35000000,33220,,0.0,0,,RPXNMLKMQHMFFAW87CA
金沙鎮,土地,沙溪一劃段121~150地號,986.68,農,,,1060725,土地1建物0車位0,,,其他,,,,0.0,0,0,0,有,無,4500000,4561,,0.0,0,,RPOOMLKMQHMFFAW07CA
金寧鄉,土地,寧湖一劃段331~360地號,187.5,農,,,1060803,土地1建物0車位0,,,其他,,,,0.0,0,0,0,有,無,2800000,14933,,0.0,0,,RPPNMLRJRHMFFAW67DA
金城鎮,土地,鳳翔段1~30地號,123.86,住,,,1060801,土地5建物0車位0,,,其他,,,,0.0,0,0,0,有,無,7737685,62471,,0.0,0,,RPQNMLRJRHMFFAW77DA
金湖鎮,土地,中五劃段661~690地號,483.5,農,,,1060427,土地1建物0車位0,,,其他,,,,0.0,0,0,0,有,無,1500000,3102,,0.0,0,,RPPNMLPLQHMFFAW57DA
金湖鎮,房地(土地+建物),金門縣金湖鎮東村1~30號,47.35,其他,,,1060813,土地1建物1車位0,三層,三層,公寓(5樓含以下無電梯),見其他登記事項,鋼筋混凝土造,1060306,84.00999999999999,3,2,2,有,無,4200000,49994,,0.0,0,,RPRNMLOLQHMFFAW57CA
金寧鄉,房地(土地+建物),金門縣金寧鄉西浦頭61~90號,100.75,其他,,,1060807,土地1建物1車位0,全,三層,透天厝,見其他登記事項,鋼筋混凝土造,1040430,186.21,5,2,3,有,無,8800000,47258,,0.0,0,,RPPNMLQLQHMFFAW57CA
金沙鎮,土地,洋山測段421~450地號,427.0,其他,,,1060815,土地1建物0車位0,,,其他,,,,0.0,0,0,0,有,無,2500000,5855,,0.0,0,本筆買賣另有未辦建物第一次登記之房屋且本買賣為之前抵債用該金額僅為前欠款還清,RPXNMLOLQHMFFAW18CA
金沙鎮,土地,後山前段211~240地號,468.0,住,,,1060807,土地1建物0車位0,,,其他,,,,0.0,0,0,0,有,無,7200000,15385,,0.0,0,"5人共有，各持份1/5，增值稅689,855元由買方繳納",RPPNMLSLQHMFFAW77CA
金沙鎮,土地,高坑劃測段631~660地號,550.01,農,,,1060822,土地1建物0車位0,,,其他,,,,0.0,0,0,0,有,無,2900000,5273,,0.0,0,,RPQNMLTLQHMFFAW08DA
金城鎮,土地,庵前村段1~30地號,430.0,其他,,,1060731,土地1建物0車位0,,,其他,,,,0.0,0,0,0,有,無,14000000,32558,,0.0,0,,RPRNMLSLQHMFFAW97CA
金城鎮,土地,庵前村段1~30地號,11.0,其他,,,1060731,土地1建物0車位0,,,其他,,,,0.0,0,0,0,有,無,550000,50000,,0.0,0,,RPSNMLSLQHMFFAW08CA
金寧鄉,房地(土地+建物),金門縣金寧鄉安岐181~210號,50.92,其他,,,1060817,土地1建物1車位0,二層,三層,公寓(5樓含以下無電梯),見其他登記事項,鋼筋混凝土造,1040529,88.57,3,2,2,有,無,4800000,54194,,0.0,0,,RPSNMLKMQHMFFAW37CA
金寧鄉,房地(土地+建物),金門縣金寧鄉榜林91~120號,33.17,其他,,,1060807,土地1建物1車位0,一層,三層,公寓(5樓含以下無電梯),見其他登記事項,鋼筋混凝土造,1060322,61.11,2,1,2,有,無,4100000,67092,,0.0,0,,RPVNMLKMQHMFFAW67CA
金湖鎮,房地(土地+建物),金門縣金湖鎮料羅新村571~600號,33.68,其他,,,1060807,土地1建物1車位0,三層,三層,公寓(5樓含以下無電梯),見其他登記事項,鋼筋混凝土造,1040402,83.24000000000001,2,1,1,有,無,4200000,50457,,0.0,0,,RPPNMLLMQHMFFAW17CA
金湖鎮,房地(土地+建物)+車位,金門縣金湖鎮料羅新村571~600號,41.37,其他,,,1060807,土地1建物1車位1,三層,三層,公寓(5樓含以下無電梯),見其他登記事項,鋼筋混凝土造,1040402,98.35000000000001,2,1,1,有,無,4700000,47789,坡道平面,15.17,0,,SPPNMLLMQHMFFAW27CA
金城鎮,房地(土地+建物),金門縣金城鎮金門城31~60號,72.91,其他,,,1060821,土地1建物2車位0,三層,三層,公寓(5樓含以下無電梯),見其他登記事項,鋼筋混凝土造,1060703,127.92999999999999,2,2,2,有,無,7880000,61596,,0.0,0,,RPQNMLOJRHMFFAW37CA
金寧鄉,房地(土地+建物),金門縣金寧鄉榜林91~120號,69.0,其他,,,1060804,土地1建物1車位0,全,三層,透天厝,住家用,鋼筋混凝土造,0820316,181.39,4,2,2,有,無,1200000,6616,,0.0,0,二親等內親屬間之買賣交易案件。,RPRNMLPJRHMFFAW57CA
金寧鄉,土地,湖尾段451~480地號,779.92,農,,,1060823,土地1建物0車位0,,,其他,,,,0.0,0,0,0,有,無,1800000,2308,,0.0,0,,RPWNMLKMQHMFFAW87DA
金寧鄉,土地,北二三劃測段541~570地號,480.02,農,,,1060815,土地1建物0車位0,,,其他,,,,0.0,0,0,0,有,無,4500000,9375,,0.0,0,,RPQNMLLMQHMFFAW37DA
金沙鎮,土地,浯坑劃測段631~660地號,1255.04,農,,,1060820,土地1建物0車位0,,,其他,,,,0.0,0,0,0,有,無,3500000,2789,,0.0,0,,RPPNMLLJRHMFFAW96CA
金湖鎮,土地,南雄段571~600地號,558.45,農,,,1060821,土地1建物0車位0,,,其他,,,,0.0,0,0,0,有,無,2100000,3760,,0.0,0,,RPVNMLPKRHMFFAW08CA
金湖鎮,房地(土地+建物)+車位,金門縣金湖鎮市港三路211~240號,11.71,住,,,1060810,土地1建物1車位2,七層,八層,華廈(10層含以下有電梯),見其他登記事項,鋼筋混凝土造,1041125,126.39999999999999,1,2,1,有,有,5800000,68182,坡道平面,64.8,1600000,車位土地持分40/100000，面積0.7平方公尺。 車位公設持分1252/100000，面積64.8平方公尺。車位價格無法拆分。,RPQNMLPJRHMFFAW47CA
金沙鎮,土地,北九劃段931~960地號,1000.0,農,,,1060815,土地1建物0車位0,,,其他,,,,0.0,0,0,0,有,無,3350000,3350,,0.0,0,,RPRNMLOJRHMFFAW47CA
金寧鄉,土地,后沙劃測段391~420地號,932.49,農,,,1060815,土地1建物0車位0,,,其他,,,,0.0,0,0,0,有,無,5000000,5362,,0.0,0,,RPVNMLOJRHMFFAW87CA
金寧鄉,土地,古寧頭段61~90地號,85.0,其他,,,1060821,土地1建物0車位0,,,其他,,,,0.0,0,0,0,有,無,637500,7500,,0.0,0,親友間交易,RPQNMLLJRHMFFAW17DA
金寧鄉,房地(土地+建物),金門縣金寧鄉前厝31~60號,122.46,其他,,,1060824,土地2建物1車位0,全,三層,透天厝,見其他登記事項,鋼筋混凝土造,1060523,181.93,5,2,4,有,無,13000000,71456,,0.0,0,,RPSNMLQJRHMFFAW77CA
金城鎮,土地,小西門劃測段121~150地號,104.19,農,,,1060811,土地2建物0車位0,,,其他,,,,0.0,0,0,0,有,無,1500000,14397,,0.0,0,,RPPOMLPKRHMFFAW57CA
金湖鎮,房地(土地+建物),金門縣金湖鎮市港三路211~240號,19.9,住,,,1060617,土地1建物1車位0,五層,八層,華廈(10層含以下有電梯),見其他登記事項,鋼筋混凝土造,1041125,110.19,2,2,2,有,有,6180000,56085,,0.0,0,,RPPNMLKLRHMFFAW07CA
金湖鎮,房地(土地+建物),金門縣金湖鎮東村1~30號,45.0,其他,,,1060623,土地1建物1車位0,一層,三層,公寓(5樓含以下無電梯),見其他登記事項,鋼筋混凝土造,1060306,79.89,3,2,2,有,無,4400000,55076,,0.0,0,,RPQNMLQJRHMFFAW57CA
金湖鎮,房地(土地+建物),金門縣金湖鎮東村1~30號,47.35,其他,,,1060623,土地1建物1車位0,一層,三層,公寓(5樓含以下無電梯),見其他登記事項,鋼筋混凝土造,1060306,84.00999999999999,3,2,2,有,無,4400000,52375,,0.0,0,,RPRNMLQJRHMFFAW67CA
金寧鄉,土地,寧湖一劃段241~270地號,145.22,農,,,1060821,土地1建物0車位0,,,其他,,,,0.0,0,0,0,有,無,11250000,77469,,0.0,0,本案土地為農業區，地目：建,RPRNMLMKRHMFFAW37CA
金寧鄉,房地(土地+建物),金門縣金寧鄉前厝31~60號,102.27,其他,,,1060824,土地2建物1車位0,全,三層,透天厝,見其他登記事項,鋼筋混凝土造,1060523,179.93,5,2,4,有,無,12500000,69471,,0.0,0,,RPTNMLQJRHMFFAW87CA
金寧鄉,房地(土地+建物),金門縣金寧鄉前厝31~60號,122.61,其他,,,1060824,土地2建物1車位0,全,三層,透天厝,見其他登記事項,鋼筋混凝土造,1060523,182.56,5,2,4,有,無,13000000,71209,,0.0,0,另有買受人,RPUNMLQJRHMFFAW97CA
金湖鎮,土地,湖前段841~870地號,14.46,其他,,,1060829,土地1建物0車位0,,,其他,,,,0.0,0,0,0,有,無,321012,22200,,0.0,0,,RPPNMLPJRHMFFAW37CA
烈嶼鄉,土地,陵水湖測段91~120地號,307.29,其他,,,1060829,土地2建物0車位0,,,其他,,,,0.0,0,0,0,有,無,1536000,4999,,0.0,0,,RPUNMLOJRHMFFAW77CA
金寧鄉,土地,大園段991~1020地號,676.47,農,,,1060831,土地1建物0車位0,,,其他,,,,0.0,0,0,0,有,無,1000000,1478,,0.0,0,,RPVNMLQJRHMFFAW18DA
金城鎮,房地(土地+建物),金門縣金城鎮金水里前水頭121~150號,836.31,住,,,1060821,土地2建物21車位0,一層,三層,華廈(10層含以下有電梯),見其他登記事項,鋼筋混凝土造,1050129,2075.8,2,2,2,有,無,94000000,45284,,0.0,0,土地、建物分次登記，土地收件號106金登資三40550、40560號(總價含地下室停車位12個),RPPNMLTLRHMFFAW08DA
金寧鄉,土地,寧安四劃段181~210地號,667.0,農,,,1060904,土地1建物0車位0,,,其他,,,,0.0,0,0,0,有,無,2400000,3598,,0.0,0,,RPRNMLRJRHMFFAW87DA
金寧鄉,土地,北二三劃測段691~720地號,642.99,農,,,1060815,土地1建物0車位0,,,其他,,,,0.0,0,0,0,有,無,4500000,6999,,0.0,0,,RPSNMLRJRHMFFAW87CA
金沙鎮,房地(土地+建物),金門縣金沙鎮五福街31~60號,33.3,商,,,1060817,土地2建物1車位0,三層,五層,公寓(5樓含以下無電梯),住家用,鋼筋混凝土造,0890222,143.84,3,2,2,有,無,5000000,34761,,0.0,0,,RPTNMLRJRHMFFAW97CA
金沙鎮,土地,浦邊測段331~360地號,361.03,其他,,,1060710,土地2建物0車位0,,,其他,,,,0.0,0,0,0,有,無,1350000,3739,,0.0,0,,RPUNMLRJRHMFFAW08CA
金城鎮,房地(土地+建物),金門縣金城鎮金門城31~60號,72.91,其他,,,1060825,土地1建物2車位0,二層,三層,公寓(5樓含以下無電梯),見其他登記事項,鋼筋混凝土造,1060703,130.68,2,2,2,有,無,7500000,57392,,0.0,0,,RPRNMLOKRHMFFAW57CA
金城鎮,土地,小西門劃測段271~300地號,550.04,農,,,1060811,土地1建物0車位0,,,其他,,,,0.0,0,0,0,有,無,3200000,5818,,0.0,0,,RPSNMLOKRHMFFAW67CA
金寧鄉,土地,寧湖一劃段241~270地號,290.44,農,,,1060901,土地1建物0車位0,,,其他,,,,0.0,0,0,0,有,無,22500000,77469,,0.0,0,本案土地為農業區，地目：建。,RPQNMLMKRHMFFAW27CA
金城鎮,土地,祥安段421~450地號,85.92,其他,,,1060817,土地1建物0車位0,,,其他,,,,0.0,0,0,0,有,無,3300000,38408,,0.0,0,買方另付土地增值稅 863392元。,RPPNMLSJRHMFFAW67CA
金湖鎮,房地(土地+建物),金門縣金湖鎮市港五路151~180號,8.85,住,,,1060828,土地1建物1車位0,二層,九層,套房(1房1廳1衛),見其他登記事項,鋼筋混凝土造,1051123,55.68,1,1,1,有,無,3850000,69145,,0.0,0,土地及建物分次登記案件。前案土地登記收件字號：106年金登資三字第41170號,RPRNMLSJRHMFFAW87CA
金沙鎮,土地,浯坑劃測段1021~1050地號,121.06,其他,,,1060820,土地1建物0車位0,,,其他,,,,0.0,0,0,0,有,無,1300000,10738,,0.0,0,親友、員工或其他特殊關係間之交易。,RPRNMLPKRHMFFAW67CA
金沙鎮,土地,浯坑劃測段1021~1050地號,135.13,其他,,,1060820,土地1建物0車位0,,,其他,,,,0.0,0,0,0,有,無,1500000,11100,,0.0,0,親友、員工或其他特殊關係間之交易。,RPSNMLPKRHMFFAW77CA
金沙鎮,土地,浯坑劃測段1021~1050地號,242.52,其他,,,1060820,土地1建物0車位0,,,其他,,,,0.0,0,0,0,有,無,2800000,11545,,0.0,0,,RPTNMLPKRHMFFAW87CA
金沙鎮,土地,浯坑劃測段1081~1110地號,212.3,其他,,,1060820,土地1建物0車位0,,,其他,,,,0.0,0,0,0,有,無,900000,4239,,0.0,0,,RPUNMLPKRHMFFAW97CA
金湖鎮,土地,太湖劃測段121~150地號,746.19,其他,,,1060902,土地1建物0車位0,,,其他,,,,0.0,0,0,0,有,無,3000000,4020,,0.0,0,本買賣金額含仲介費,RPRNMLMLRHMFFAW47CA
金湖鎮,土地,新頭段271~300地號,993.68,農,,,1060821,土地1建物0車位0,,,其他,,,,0.0,0,0,0,有,無,5000000,5032,,0.0,0,急賣,RPQNMLSLRHMFFAW97CA
金寧鄉,土地,寧湖二劃測段721~750地號,667.36,住,,,1060907,土地4建物0車位0,,,其他,,,,0.0,0,0,0,有,無,46700000,69977,,0.0,0,,RPOOMLLKIIMFFAW98DA
金湖鎮,土地,太武段61~90地號,13242.47,農,,,1060911,土地28建物0車位0,,,其他,,,,0.0,0,0,0,有,無,13000000,982,,0.0,0,,RPRNMLMKIIMFFAW56CA
金沙鎮,土地,后宅測段61~90地號,762.39,農,,,1060912,土地3建物0車位0,,,其他,,,,0.0,0,0,0,有,無,1980000,2597,,0.0,0,,RPSNMLMKIIMFFAW66CA
金城鎮,土地,鳳翔段1~30地號,351.91,農,,,1060912,土地10建物0車位0,,,其他,,,,0.0,0,0,0,有,無,5120000,14549,,0.0,0,,RPTNMLMKIIMFFAW76CA
金寧鄉,房地(土地+建物),金門縣金寧鄉湖南31~60號,53.54,其他,,,1060906,土地1建物1車位0,一層,三層,公寓(5樓含以下無電梯),見其他登記事項,鋼筋混凝土造,1060719,89.07000000000001,3,2,2,有,無,6200000,69608,,0.0,0,,RPSNMLMJIIMFFAW56CA
金城鎮,土地,賢厝段871~900地號,574.0,農,,,1060825,土地1建物0車位0,,,其他,,,,0.0,0,0,0,有,無,1800000,3136,,0.0,0,,RPWNMLPKRHMFFAW18CA
金寧鄉,房地(土地+建物),金門縣金寧鄉東坑1~30號,46.08,其他,,,1060715,土地1建物1車位0,三層,三層,公寓(5樓含以下無電梯),見其他登記事項,鋼筋混凝土造,1060123,82.53,2,2,2,有,無,4800000,58161,,0.0,0,土地及建物分次登記案件。前案土地登記收件字號：106年金登資三字41650號,RPQNMLPKRHMFFAW57CA
金寧鄉,房地(土地+建物),金門縣金寧鄉湖南31~60號,39.06,其他,,,1060906,土地1建物1車位0,一層,三層,公寓(5樓含以下無電梯),見其他登記事項,鋼筋混凝土造,1060719,65.41,2,1,2,有,無,4300000,65739,,0.0,0,,RPPOMLLKIIMFFAW98CA
金寧鄉,房地(土地+建物),金門縣金寧鄉湖南31~60號,39.06,其他,,,1060906,土地1建物1車位0,三層,三層,公寓(5樓含以下無電梯),見其他登記事項,鋼筋混凝土造,1060719,69.38,2,1,2,有,無,4250000,61257,,0.0,0,,RPWNMLMJIIMFFAW96CA
金湖鎮,土地,湖前段1~30地號,316.27,其他,,,1060811,土地3建物0車位0,,,其他,,,,0.0,0,0,0,有,無,4728237,14950,,0.0,0,金門縣政府協議價購案,RPVNMLTKRHMFFAW58DA
金湖鎮,房地(土地+建物),金門縣金湖鎮塔后271~300號,64.88,住,,,1060831,土地2建物1車位0,一層,三層,公寓(5樓含以下無電梯),見其他登記事項,鋼筋混凝土造,0880730,96.82,3,2,2,有,無,5500000,56806,,0.0,0,,RPXNMLPKRHMFFAW38DA
金城鎮,土地,城隍廟段451~480地號,103.48,住,,,1060825,土地6建物0車位0,,,其他,,,,0.0,0,0,0,有,無,14000000,135292,,0.0,0,782.783地號650萬668.669地號650萬,RPQNMLKMRHMFFAW27CA
金寧鄉,房地(土地+建物),金門縣金寧鄉湖南31~60號,44.43,其他,,,1060906,土地1建物1車位0,二層,三層,公寓(5樓含以下無電梯),見其他登記事項,鋼筋混凝土造,1060719,78.12,3,1,2,有,無,4700000,60164,,0.0,0,,RPPNMLMJIIMFFAW88CA
金寧鄉,房地(土地+建物),金門縣金寧鄉湖南31~60號,44.43,其他,,,1060906,土地1建物1車位0,一層,三層,公寓(5樓含以下無電梯),見其他登記事項,鋼筋混凝土造,1060719,74.27000000000001,3,1,2,有,無,5000000,67322,,0.0,0,,RPUNMLMJIIMFFAW76CA
金湖鎮,房地(土地+建物),金門縣金湖鎮赤東路1~30號,18.81,住,,,1060801,土地1建物1車位0,一層,十層,華廈(10層含以下有電梯),見其他登記事項,鋼筋混凝土造,1041201,105.19,3,2,2,有,有,7320000,69588,,0.0,0,,RPSNMLTKRHMFFAW18CA
金寧鄉,房地(土地+建物),金門縣金寧鄉盤果路46巷1~30號,114.74,其他,,,1060911,土地2建物1車位0,全,三層,透天厝,見其他登記事項,鋼筋混凝土造,1060215,156.4,5,1,4,有,無,12500000,79923,,0.0,0,,RPXNMLTKRHMFFAW68CA
金城鎮,房地(土地+建物),金門縣金城鎮金門城31~60號,36.89,住,,,1060816,土地1建物1車位0,三層,三層,公寓(5樓含以下無電梯),見其他登記事項,鋼筋混凝土造,1060703,65.93,2,1,1,有,無,3900000,59163,,0.0,0,,RPSNMLPLRHMFFAW87CA
金寧鄉,土地,上后垵段121~150地號,180.0,其他,,,1060817,土地1建物0車位0,,,其他,,,,0.0,0,0,0,有,無,5200000,28889,,0.0,0,另有買受人,RPQNMLLLRHMFFAW27CA
金沙鎮,房地(土地+建物)+車位,金門縣金沙鎮東店1~30號,44.75,住,,,1060905,土地1建物1車位1,一層,三層,公寓(5樓含以下無電梯),見其他登記事項,鋼筋混凝土造,1060112,123.87,3,2,2,有,無,4700000,37943,坡道平面,19.95,0,,RPRNMLLLRHMFFAW37CA
金沙鎮,房地(土地+建物)+車位,金門縣金沙鎮東店1~30號,99.38,住,,,1060906,土地1建物1車位1,全,三層,透天厝,住家用,鋼筋混凝土造,1060112,195.7,5,2,5,有,無,7500000,38324,坡道平面,19.95,0,,RPTNMLLLRHMFFAW57CA
金湖鎮,土地,峰上段241~270地號,1059.67,農,,,1060913,土地1建物0車位0,,,其他,,,,0.0,0,0,0,有,無,2600000,2454,,0.0,0,,RPOOMLLLRHMFFAW17CA
金寧鄉,房地(土地+建物),金門縣金寧鄉東州121~150號,61.77,住,,,1060907,土地2建物1車位0,三層,三層,公寓(5樓含以下無電梯),見其他登記事項,鋼筋混凝土造,1050728,109.27000000000001,3,2,1,有,無,7000000,64061,,0.0,0,,RPRNMLRLRHMFFAW97CA
金城鎮,房地(土地+建物),金門縣金城鎮珠浦西路96巷1~30號,38.71,住,,,1060912,土地1建物1車位0,二層,四層,公寓(5樓含以下無電梯),見其他登記事項,鋼筋混凝土造,1060714,103.58,4,2,2,有,無,7800000,75304,,0.0,0,,RPPNMLTKRHMFFAW97DA
金沙鎮,土地,榮湖段961~990地號,286.31,其他,,,1060911,土地3建物0車位0,,,其他,,,,0.0,0,0,0,有,無,3300000,11526,,0.0,0,,RPQNMLTKRHMFFAW08DA
金城鎮,土地,歐厝段931~960地號,476.39,農,,,1060911,土地2建物0車位0,,,其他,,,,0.0,0,0,0,有,無,700000,1469,,0.0,0,,RPPPMLNKIIMFFAW66CA
金寧鄉,土地,湖下村段301~330地號,9.4,其他,,,1060915,土地0建物0車位0,,,其他,,,,0.0,0,0,0,有,無,188000,20000,,0.0,0,,RPPNMLMKIIMFFAW98CA
金城鎮,房地(土地+建物),金門縣金城鎮金門城151~180號,46.3,其他,,,1060817,土地1建物1車位0,二層,三層,公寓(5樓含以下無電梯),見其他登記事項,鋼筋混凝土造,1051219,81.25,3,2,2,有,無,4500000,55385,,0.0,0,土地及建物分次登記案件。前案土地登記收件字號：106年金登資三字42700號,RPROMLLLRHMFFAW47CA
金城鎮,房地(土地+建物),金門縣金城鎮金門城151~180號,16.19,其他,,,1060726,土地1建物1車位0,三層,三層,套房(1房1廳1衛),見其他登記事項,鋼筋混凝土造,1051219,27.18,1,1,1,有,無,1850000,68065,,0.0,0,土地及建物分次登記案件。前案土地登記收件字號：106年金登資三字42680號,RPTOMLLLRHMFFAW67CA
金城鎮,房地(土地+建物),金門縣金城鎮庵前1~30號,36.2,其他,,,1060815,土地1建物1車位0,三層,三層,公寓(5樓含以下無電梯),見其他登記事項,鋼筋混凝土造,1060630,67.89999999999999,2,1,1,有,無,3800000,55965,,0.0,0,土地及建物分次登記案件。前案土地登記收件字號：106年金登資三字42430號,RPPNMLMLRHMFFAW27CA
金城鎮,房地(土地+建物),金門縣金城鎮庵前1~30號,36.2,其他,,,1060815,土地1建物1車位0,二層,三層,公寓(5樓含以下無電梯),見其他登記事項,鋼筋混凝土造,1060630,67.89999999999999,2,1,1,有,無,4000000,58910,,0.0,0,土地及建物分次登記案件。前案土地登記收件字號：106年金登資三字42460號,RPWNMLLLRHMFFAW87CA
金湖鎮,車位,金門縣金湖鎮赤東路1~30號,0.0,,,,1060802,土地0建物0車位1,,,其他,,,,23.66,0,0,0,有,有,640000,,坡道平面,23.66,640000,,RPQNMLPLRHMFFAW67CA
金湖鎮,土地,新頭段271~300地號,993.68,農,,,1060913,土地1建物0車位0,,,其他,,,,0.0,0,0,0,有,無,5700000,5736,,0.0,0,,RPTNMLQKIIMFFAW17CA
金寧鄉,房地(土地+建物),金門縣金寧鄉北山271~300號,500.0,其他,,,1060906,土地1建物1車位0,一層，二層，三層,三層,農舍,農舍,鋼筋混凝土造,1050705,315.49,8,7,2,有,無,2200000,,,0.0,0,親友、員工或其他特殊關係間之交易。,RPPNMLLKIIMFFAW88CA
金寧鄉,土地,嚨口村段1~30地號,659.22,其他,,,1060831,土地2建物0車位0,,,其他,,,,0.0,0,0,0,有,無,4800000,7281,,0.0,0,買方另付土增稅＄265109元,RPPNMLRLRHMFFAW77CA
金湖鎮,房地(土地+建物),金門縣金湖鎮市港五路121~150號,19.89,商,,,1060911,土地1建物1車位0,七層,十層,華廈(10層含以下有電梯),見其他登記事項,鋼筋混凝土造,1051206,141.26,3,2,2,有,無,9650000,68314,,0.0,0,土地及建物分次登記案件。前案土地登記收件字號：106年金登資三字42950號,RPVNMLPLRHMFFAW18CA
金寧鄉,土地,安西劃段781~810地號,673.96,農,,,1060920,土地1建物0車位0,,,其他,,,,0.0,0,0,0,有,無,2200000,3264,,0.0,0,,RPSNMLQLRHMFFAW97CA
金湖鎮,土地,湖前段241~270地號,242.76,農,,,1060916,土地1建物0車位0,,,其他,,,,0.0,0,0,0,有,無,4850000,19979,,0.0,0,,RPQNMLQLRHMFFAW77CA
金城鎮,土地,東紅山段631~660地號,374.86,其他,,,1060922,土地1建物0車位0,,,其他,,,,0.0,0,0,0,有,無,560000,1494,,0.0,0,,RPVNMLLKIIMFFAW86CA
金寧鄉,土地,鎮西段121~150地號,997.6,農,,,1060922,土地1建物0車位0,,,其他,,,,0.0,0,0,0,有,無,3500000,3508,,0.0,0,,RPPNMLQLRHMFFAW77DA
金沙鎮,土地,高坑劃測段751~780地號,325.11,農,,,1060830,土地1建物0車位0,,,其他,,,,0.0,0,0,0,有,無,1600000,4921,,0.0,0,,RPRNMLQLRHMFFAW97DA
金寧鄉,房地(土地+建物),金門縣金寧鄉湖下1~30號,53.22,其他,,,1060913,土地1建物1車位0,三層,三層,公寓(5樓含以下無電梯),見其他登記事項,鋼筋混凝土造,1050401,89.84,3,2,2,有,無,6000000,66785,,0.0,0,,RPQNMLRLRHMFFAW87CA
金城鎮,房地(土地+建物),金門縣金城鎮庵前1~30號,34.44,其他,,,1060818,土地1建物1車位0,一層,三層,公寓(5樓含以下無電梯),見其他登記事項,鋼筋混凝土造,1060630,64.72,2,1,1,有,無,4000000,61805,,0.0,0,土地及建物分次登記案件。前案土地登記收件字號：106年金登資三字第43630號,RPTNMLRLRHMFFAW18CA
金城鎮,房地(土地+建物),金門縣金城鎮庵前1~30號,34.44,其他,,,1060913,土地1建物1車位0,二層,三層,公寓(5樓含以下無電梯),見其他登記事項,鋼筋混凝土造,1060630,64.72,2,1,1,有,無,4000000,61805,,0.0,0,土地及建物分次登記案件。前案土地登記收件字號：106年金登資三字第43610號,RPVNMLRLRHMFFAW38CA
金城鎮,土地,古塔段61~90地號,109.98,其他,,,1060704,土地1建物0車位0,,,其他,,,,0.0,0,0,0,有,無,2749500,25000,,0.0,0,,RPTNMLQLRHMFFAW08CA
金沙鎮,土地,北九劃段1261~1290地號,666.67,農,,,1060921,土地1建物0車位0,,,其他,,,,0.0,0,0,0,有,無,2700000,4050,,0.0,0,張冠群、張?芬二人，各購買土地持分1/3,RPSNMLTLRHMFFAW28CA
烈嶼鄉,土地,東林段121~150地號,1119.22,住,,,1060922,土地2建物0車位0,,,其他,,,,0.0,0,0,0,有,無,25000000,22337,,0.0,0,,RPSOMLLKIIMFFAW76DA
金城鎮,房地(土地+建物),金門縣金城鎮西海路三段106巷7弄1~30號,55.58,住,,,1060913,土地2建物1車位0,二層,三層,公寓(5樓含以下無電梯),見其他登記事項,鋼筋混凝土造,1041218,101.10000000000001,3,2,2,有,無,6300000,62315,,0.0,0,,RPUNMLTLRHMFFAW48CA
金寧鄉,房地(土地+建物),金門縣金寧鄉上后垵1~30號,57.83,住,,,1060913,土地1建物1車位0,三層,三層,公寓(5樓含以下無電梯),見其他登記事項,鋼筋混凝土造,1000706,95.80000000000001,3,2,2,有,無,5200000,54280,,0.0,0,,RPVNMLTLRHMFFAW58CA
金城鎮,土地,城隍廟段151~180地號,62.72,住,,,1060825,土地2建物0車位0,,,其他,,,,0.0,0,0,0,有,無,4500000,71747,,0.0,0,,RPTNMLMJIIMFFAW66CA
金寧鄉,土地,后垵段661~690地號,1184.83,其他,,,1060917,土地1建物0車位0,,,其他,,,,0.0,0,0,0,有,無,6000000,5064,,0.0,0,,RPTNMLLKIIMFFAW66CA
金寧鄉,土地,東洲段1051~1080地號,1641.66,農,,,1060919,土地2建物0車位0,,,其他,,,,0.0,0,0,0,有,無,6300000,3838,,0.0,0,,RPUNMLLKIIMFFAW76CA
金湖鎮,房地(土地+建物)+車位,金門縣金湖鎮赤東路1~30號,19.12,住,,,1060603,土地1建物1車位1,九層,十層,華廈(10層含以下有電梯),見其他登記事項,鋼筋混凝土造,1041201,132.41,3,2,2,有,有,7840000,66575,坡道平面,23.66,600000,,RPPNMLKMRHMFFAW17CA
金城鎮,土地,東紅山段1441~1470地號,770.98,農,,,1060925,土地2建物0車位0,,,其他,,,,0.0,0,0,0,有,無,1080000,1401,,0.0,0,,RPXNMLMJIIMFFAW07CA
金沙鎮,土地,中蘭劃測段691~720地號,490.01,農,,,1060927,土地1建物0車位0,,,其他,,,,0.0,0,0,0,有,無,2200000,4490,,0.0,0,,RPPNMLNJIIMFFAW98CA
金沙鎮,土地,榮湖段841~870地號,741.2,農,,,1060920,土地1建物0車位0,,,其他,,,,0.0,0,0,0,有,無,950000,1282,,0.0,0,,RPXNMLLKIIMFFAW07CA
金寧鄉,土地,上后垵段121~150地號,136.0,其他,,,1060817,土地2建物0車位0,,,其他,,,,0.0,0,0,0,有,無,1800000,13235,,0.0,0,,RPPNMLPJIIMFFAW56CA
金城鎮,土地,祥安段541~570地號,2385.39,住,,,1060830,土地14建物0車位0,,,其他,,,,0.0,0,0,0,有,無,66000000,27668,,0.0,0,,RPQNMLPJIIMFFAW66CA
金城鎮,土地,東沙段931~960地號,2421.5,其他,,,1060916,土地2建物0車位0,,,其他,,,,0.0,0,0,0,有,無,9686000,4000,,0.0,0,與106年金登資三字44540號連件,RPSNMLPJIIMFFAW86CA
金寧鄉,房地(土地+建物),金門縣金寧鄉前厝31~60號,96.73,其他,,,1060726,土地1建物1車位0,全,三層,透天厝,住家用,鋼筋混凝土造,1060511,180.18,4,2,4,有,無,7800000,43290,,0.0,0,土地及建物分次登記案件。前案土地登記收件字號：106年金登資三字37450號,RPUNMLPJIIMFFAW07CA
金寧鄉,房地(土地+建物),金門縣金寧鄉前厝31~60號,105.1,其他,,,1060925,土地2建物1車位0,全,三層,透天厝,見其他登記事項,鋼筋混凝土造,1060523,179.93,5,2,5,有,無,12600000,70027,,0.0,0,,RPWNMLPJIIMFFAW27CA
金城鎮,房地(土地+建物),金門縣金城鎮小西門31~60號,136.67,住,,,1060919,土地3建物1車位0,全,三層,透天厝,住家用,鋼筋混凝土造,1030311,190.78,5,2,5,有,無,10500000,55037,,0.0,0,,RPPNMLQJIIMFFAW66CA
金寧鄉,房地(土地+建物),金門縣金寧鄉榜林91~120號,13.48,住,,,1060928,土地1建物1車位0,三層,三層,公寓(5樓含以下無電梯),見其他登記事項,鋼筋混凝土造,1051116,37.36,3,2,1,有,無,2500000,66916,,0.0,0,,RPRNMLLKIIMFFAW09CA
金寧鄉,房地(土地+建物),金門縣金寧鄉湖下1~30號,32.33,其他,,,1060920,土地1建物1車位0,一層,三層,公寓(5樓含以下無電梯),見其他登記事項,鋼筋混凝土造,1060731,56.589999999999996,2,1,2,有,無,3900000,68917,,0.0,0,,RPSNMLLKIIMFFAW56CA
金寧鄉,房地(土地+建物),金門縣金寧鄉湖南31~60號,53.54,其他,,,1060920,土地1建物1車位0,三層,三層,公寓(5樓含以下無電梯),見其他登記事項,鋼筋混凝土造,1060719,92.34,3,2,2,有,無,5680000,61512,,0.0,0,,RPWOMLLKIIMFFAW07CA
金寧鄉,土地,西堡劃測段181~210地號,1058.76,其他,,,1060803,土地1建物0車位0,,,其他,,,,0.0,0,0,0,有,無,3880000,3665,,0.0,0,,RPQNMLMKIIMFFAW56DA
烈嶼鄉,土地,烈濱劃測段901~930地號,294.22,農,,,1060908,土地1建物0車位0,,,其他,,,,0.0,0,0,0,有,無,1050000,3569,,0.0,0,,RPQNMLKMIIMFFAW09CA
金沙鎮,土地,官澳段1501~1530地號,127.0,其他,,,1060927,土地1建物0車位0,,,其他,,,,0.0,0,0,0,有,無,2880000,22677,,0.0,0,,RPWNMLLKIIMFFAW96CA
金城鎮,土地,山前段721~750地號,1635.0,農,,,1060929,土地3建物0車位0,,,其他,,,,0.0,0,0,0,有,無,2400000,1468,,0.0,0,,RPQOMLLKIIMFFAW09CA
金城鎮,土地,山前段811~840地號,565.0,農,,,1060929,土地1建物0車位0,,,其他,,,,0.0,0,0,0,有,無,730000,1292,,0.0,0,,RPROMLLKIIMFFAW56CA
金城鎮,土地,山前段811~840地號,1057.0,農,,,1060929,土地1建物0車位0,,,其他,,,,0.0,0,0,0,有,無,1370000,1296,,0.0,0,,RPTOMLLKIIMFFAW76CA
金寧鄉,房地(土地+建物),金門縣金寧鄉湖南31~60號,50.58,其他,,,1060920,土地1建物1車位0,一層,三層,公寓(5樓含以下無電梯),見其他登記事項,鋼筋混凝土造,1060719,84.35000000000001,3,2,2,有,無,6030000,71488,,0.0,0,"買方陳清億等2人共同登記,所有權均分",RPUOMLLKIIMFFAW86CA
金寧鄉,房地(土地+建物),金門縣金寧鄉湖南31~60號,44.43,其他,,,1060920,土地1建物1車位0,三層,三層,公寓(5樓含以下無電梯),見其他登記事項,鋼筋混凝土造,1060719,78.12,3,1,2,有,無,4850000,62084,,0.0,0,,RPVOMLLKIIMFFAW96CA
金湖鎮,房地(土地+建物),金門縣金湖鎮后?1~30號,21.2,其他,,,1060807,土地1建物1車位0,一層,三層,套房(1房1廳1衛),見其他登記事項,鋼筋混凝土造,1060411,36.92,1,1,1,有,無,2400000,65005,,0.0,0,土地及建物分次登記案件。前案土地登記收件字號：106年金登資三字44920號,RPWOMLNKIIMFFAW27CA
金沙鎮,房地(土地+建物),金門縣金沙鎮沙美181~210號,54.67,其他,,,1060920,土地1建物1車位0,一層,三層,公寓(5樓含以下無電梯),見其他登記事項,鋼筋混凝土造,1060728,95.3,3,2,2,有,無,6100000,64008,,0.0,0,土地買賣登記案號106金登資三044980號,RPWNMLNKIIMFFAW17CA
金沙鎮,房地(土地+建物),金門縣金沙鎮沙美181~210號,54.67,其他,,,1060920,土地1建物1車位0,二層,三層,公寓(5樓含以下無電梯),見其他登記事項,鋼筋混凝土造,1060728,103.52,3,2,2,有,無,6000000,57960,,0.0,0,土地及建物分次登記案件。前案土地登記收件字號：106金登資三044980號,RPOOMLNKIIMFFAW09CA
金沙鎮,房地(土地+建物),金門縣金沙鎮沙美181~210號,54.67,其他,,,1060920,土地1建物1車位0,三層,三層,公寓(5樓含以下無電梯),見其他登記事項,鋼筋混凝土造,1060728,103.52,3,2,2,有,無,6020000,58153,,0.0,0,土地及建物分次登記案件。前案土地登記收件字號：106金登資三044980號。,RPPOMLNKIIMFFAW56CA
金湖鎮,房地(土地+建物),金門縣金湖鎮后?1~30號,20.83,其他,,,1060807,土地1建物1車位0,一層,三層,套房(1房1廳1衛),見其他登記事項,鋼筋混凝土造,1060411,36.36,1,1,1,有,無,2400000,66007,,0.0,0,土地及建物分次登記案件。前案土地登記收件字號：106年金登資三字44900號,RPSOMLNKIIMFFAW86CA
金湖鎮,房地(土地+建物),金門縣金湖鎮后?1~30號,20.78,其他,,,1060807,土地1建物1車位0,三層,三層,套房(1房1廳1衛),見其他登記事項,鋼筋混凝土造,1060411,36.34,1,1,1,有,無,2300000,63291,,0.0,0,土地及建物分次登記案件。前案土地登記收件字號：106年金登資三字44940號,RPTOMLNKIIMFFAW96CA
金城鎮,土地,古塔段61~90地號,277.44,其他,,,1061005,土地1建物0車位0,,,其他,,,,0.0,0,0,0,有,無,5410080,19500,,0.0,0,,RPPNMLNKIIMFFAW09CA
金湖鎮,房地(土地+建物),金門縣金湖鎮后?1~30號,20.83,其他,,,1060807,土地1建物1車位0,三層,三層,套房(1房1廳1衛),見其他登記事項,鋼筋混凝土造,1060411,36.36,1,1,1,有,無,2300000,63256,,0.0,0,土地及建物分次登記案件。前案土地登記收件字號：106年金登資三字45120號,RPOPMLNKIIMFFAW56CA
金湖鎮,房地(土地+建物),金門縣金湖鎮后?1~30號,21.24,其他,,,1060807,土地1建物1車位0,三層,三層,套房(1房1廳1衛),見其他登記事項,鋼筋混凝土造,1060411,36.94,1,1,1,有,無,2300000,62263,,0.0,0,土地及建物分次登記案件。前案土地登記收件字號：106年金登資三字44960號連件,RPQPMLNKIIMFFAW76CA
金沙鎮,土地,官嶼劃段991~1020地號,2000.0,農,,,1060921,土地2建物0車位0,,,其他,,,,0.0,0,0,0,有,無,8200000,4100,,0.0,0,,RPPNMLPKIIMFFAW66CA
金寧鄉,房地(土地+建物),金門縣金寧鄉西浦頭61~90號,109.71,其他,,,1060808,土地1建物1車位0,全,三層,透天厝,見其他登記事項,鋼筋混凝土造,1040430,186.21,5,3,3,有,無,7600000,40814,,0.0,0,,RPQNMLNJJIMFFAW56CA
金沙鎮,土地,斗門劃測段511~540地號,1600.09,農,,,1061011,土地1建物0車位0,,,其他,,,,0.0,0,0,0,有,無,6400000,4000,,0.0,0,,RPQNMLQKIIMFFAW96DA
金沙鎮,土地,斗門劃測段511~540地號,1600.13,農,,,1061011,土地1建物0車位0,,,其他,,,,0.0,0,0,0,有,無,6400000,4000,,0.0,0,,RPRNMLQKIIMFFAW07DA
金城鎮,房地(土地+建物),金門縣金城鎮光前路76巷1~30號,19.85,住,,,1061003,土地1建物1車位0,四層,七層,華廈(10層含以下有電梯),見其他登記事項,鋼筋混凝土造,1010224,105.5,3,2,1,有,無,7500000,71090,,0.0,0,,RPOPMLOLIIMFFAW76CA
金城鎮,房地(土地+建物),金門縣金城鎮庵前1~30號,34.44,其他,,,1060921,土地1建物1車位0,三層,三層,公寓(5樓含以下無電梯),見其他登記事項,鋼筋混凝土造,1060630,64.72,2,1,1,有,無,4000000,61805,,0.0,0,土地及建物分次登記案件。前案土地登記收件字號：106年金登資三字第45620號,RPRNMLRKIIMFFAW07CA
金城鎮,房地(土地+建物),金門縣金城鎮庵前1~30號,34.27,其他,,,1060922,土地1建物1車位0,一層,三層,公寓(5樓含以下無電梯),見其他登記事項,鋼筋混凝土造,1060630,64.35,2,1,1,有,無,4000000,62160,,0.0,0,土地及建物分次登記案件。前案土地登記收件字號：106年金登資三字第45650號,RPTNMLRKIIMFFAW27CA
金寧鄉,房地(土地+建物),金門縣金寧鄉前厝31~60號,120.05,其他,,,1060911,土地1建物1車位0,全,三層,透天厝,見其他登記事項,鋼筋混凝土造,1060614,208.97,4,2,5,有,無,10500000,50246,,0.0,0,土地及建物分次登記案件。前案土地登記收件字號：106年金登資三字第45290號,RPSPMLTKIIMFFAW57CA
金寧鄉,房地(土地+建物),金門縣金寧鄉前厝31~60號,117.89,其他,,,1061003,土地1建物1車位0,全,三層,透天厝,見其他登記事項,鋼筋混凝土造,1060614,206.99,4,2,5,有,無,10000000,48312,,0.0,0,土地及建物分次登記案件。前案土地登記收件字號：106年金登資三字第45200號,RPUNMLKLIIMFFAW76CA
金寧鄉,房地(土地+建物)+車位,金門縣金寧鄉前厝31~60號,69.13,其他,,,1061003,土地1建物1車位1,三層,三層,公寓(5樓含以下無電梯),見其他登記事項,鋼筋混凝土造,1060614,175.82999999999998,2,2,2,有,無,7000000,39811,坡道平面,13.76,0,土地及建物分次登記案件。前案土地登記收件字號：106年金登資三字第45230號,RPWNMLKLIIMFFAW96CA
金寧鄉,房地(土地+建物)+車位,金門縣金寧鄉前厝31~60號,66.15,其他,,,1060922,土地1建物1車位1,二層,三層,公寓(5樓含以下無電梯),見其他登記事項,鋼筋混凝土造,1060614,173.31,2,2,2,有,無,6700000,38659,坡道平面,13.76,0,土地及建物分次登記案件。前案土地登記收件字號：106年金登資三字第45260號,RPQNMLKLIIMFFAW98CA
金寧鄉,房地(土地+建物)+車位,金門縣金寧鄉前厝31~60號,65.53,其他,,,1060922,土地1建物1車位1,二層,三層,公寓(5樓含以下無電梯),見其他登記事項,鋼筋混凝土造,1060614,165.15,2,2,2,有,無,7180000,43476,坡道平面,13.76,0,土地及建物分次登記案件。前案土地登記收件字號：106年金登資三字第45350號,RPUPMLTKIIMFFAW77CA
金寧鄉,房地(土地+建物)+車位,金門縣金寧鄉前厝31~60號,67.48,其他,,,1060920,土地1建物1車位1,三層,三層,公寓(5樓含以下無電梯),見其他登記事項,鋼筋混凝土造,1060614,172.4,2,2,2,有,無,7800000,45244,坡道平面,12.63,0,土地及建物分次登記案件。前案土地登記收件字號：106年金登資三字第45320號,RPSOMLTKIIMFFAW47CA
金寧鄉,土地,嚨口村段1~30地號,185.0,其他,,,1061011,土地1建物0車位0,,,其他,,,,0.0,0,0,0,有,無,2000000,10811,,0.0,0,,RPPNMLRKIIMFFAW86CA
金城鎮,房地(土地+建物),金門縣金城鎮金山路52巷4弄1~30號,46.69,農,,,1061005,土地1建物1車位0,全,三層,透天厝,住家用,鋼筋混凝土加強磚造,0830908,139.8,3,2,3,有,無,2000000,14306,,0.0,0,親友、員工或其他特殊關係間之交易。,RPSNMLQKIIMFFAW17DA
金寧鄉,土地,寧古劃段541~570地號,1177.0,農,,,1060922,土地3建物0車位0,,,其他,,,,0.0,0,0,0,有,無,2000000,1699,,0.0,0,,RPQNMLTKIIMFFAW27DA
金寧鄉,房地(土地+建物),金門縣金寧鄉前厝31~60號,101.77,其他,,,1060829,土地1建物1車位0,全,三層,透天厝,住家用,鋼筋混凝土造,1060511,191.76,4,2,4,有,無,10800000,56320,,0.0,0,土地及建物分次登記案件。前案土地登記收件字號：106年金登資三字第45420號,RPXOMLTKIIMFFAW97CA
金寧鄉,房地(土地+建物),金門縣金寧鄉前厝31~60號,101.77,其他,,,1060808,土地1建物1車位0,全,三層,透天厝,住家用,鋼筋混凝土造,1060511,192.05,4,2,4,有,無,8300000,43218,,0.0,0,土地及建物分次登記案件。前案土地登記收件字號：106年金登資三字第45390號,RPQPMLTKIIMFFAW37CA
金城鎮,土地,山前段601~630地號,815.91,農,,,1060916,土地2建物0車位0,,,其他,,,,0.0,0,0,0,有,無,6100000,7476,,0.0,0,,RPQNMLSKIIMFFAW07CA
金城鎮,房地(土地+建物),金門縣金城鎮小西門1~30號,95.09,其他,,,1061006,土地1建物1車位0,全,三層,透天厝,見其他登記事項,鋼筋混凝土造,1050727,178.08,7,2,5,有,無,11000000,61770,,0.0,0,土地及建物分次登記案件。前案土地登記收件字號：106年金登資三字第46230號,RPRNMLTKIIMFFAW27CA
金湖鎮,房地(土地+建物),金門縣金湖鎮塔后481~510號,73.47,其他,,,1060920,土地1建物1車位0,一層,三層,公寓(5樓含以下無電梯),見其他登記事項,鋼筋混凝土造,1060627,126.66,3,2,2,有,無,7000000,55266,,0.0,0,土地及建物分次登記案件。前案土地登記收件字號：106年金登資三字第45870號,RPTNMLTKIIMFFAW47CA
金湖鎮,房地(土地+建物),金門縣金湖鎮塔后481~510號,21.75,其他,,,1060920,土地1建物1車位0,二層,三層,套房(1房1廳1衛),見其他登記事項,鋼筋混凝土造,1060627,39.910000000000004,1,1,1,有,無,2380000,59634,,0.0,0,土地及建物分次登記案件。前案土地登記收件字號：106年金登資三字第45900號,RPVNMLTKIIMFFAW67CA
金湖鎮,房地(土地+建物),金門縣金湖鎮林兜1~30號,51.81,其他,,,1060925,土地1建物1車位0,一層，地下一層,三層,店面(店鋪),見其他登記事項,鋼筋混凝土造,1040716,117.33,0,0,0,無,無,6000000,51138,,0.0,0,,RPWNMLTKIIMFFAW77CA
金寧鄉,土地,中三劃測段121~150地號,1015.91,農,,,1060929,土地2建物0車位0,,,其他,,,,0.0,0,0,0,有,無,10000000,9843,,0.0,0,,RPOOMLTKIIMFFAW07CA
金寧鄉,房地(土地+建物)+車位,金門縣金寧鄉前厝31~60號,66.15,其他,,,1060922,土地1建物1車位1,一層,三層,公寓(5樓含以下無電梯),見其他登記事項,鋼筋混凝土造,1060614,163.21,2,2,2,有,無,6700000,41051,坡道平面,13.76,0,土地及建物分次登記案件。前案土地登記收件字號：106年金登資三字第45370號,RPSNMLKLIIMFFAW56CA
金寧鄉,土地,東洲段631~660地號,1001.43,農,,,1060921,土地2建物0車位0,,,其他,,,,0.0,0,0,0,有,無,2400000,2397,,0.0,0,,RPTOMLTKIIMFFAW57CA
金城鎮,土地,祥和段631~660地號,28.73,住,,,1060927,土地1建物0車位0,,,其他,,,,0.0,0,0,0,有,無,999804,34800,,0.0,0,以公告現值買賣,RPPPMLPLIIMFFAW07DA
金城鎮,土地,祥和段631~660地號,28.11,住,,,1060927,土地1建物0車位0,,,其他,,,,0.0,0,0,0,有,無,978228,34800,,0.0,0,以公告現值買賣,RPQPMLPLIIMFFAW17DA
金城鎮,房地(土地+建物),金門縣金城鎮珠浦西路96巷1~30號,37.83,住,,,1060927,土地1建物1車位0,三層,四層,公寓(5樓含以下無電梯),見其他登記事項,鋼筋混凝土造,1060714,101.23,3,2,2,有,無,7550000,74583,,0.0,0,,RPXOMLPLIIMFFAW77DA
金沙鎮,土地,浦邊測段331~360地號,357.19,其他,,,1061012,土地1建物0車位0,,,其他,,,,0.0,0,0,0,有,無,5000000,13998,,0.0,0,,RPUOMLTKIIMFFAW67CA
金寧鄉,土地,東洲段571~600地號,912.87,其他,,,1060830,土地1建物0車位0,,,其他,,,,0.0,0,0,0,有,無,4170000,4568,,0.0,0,,RPVOMLTKIIMFFAW77CA
金寧鄉,土地,湖尾段61~90地號,1269.52,其他,,,1060930,土地1建物0車位0,,,其他,,,,0.0,0,0,0,有,無,7900000,6223,,0.0,0,,RPTNMLOLIIMFFAW07CA
金湖鎮,房地(土地+建物),金門縣金湖鎮后?1~30號,21.2,其他,,,1060816,土地1建物1車位0,三層,三層,套房(1房1廳1衛),見其他登記事項,鋼筋混凝土造,1060411,36.92,1,1,1,有,無,2300000,62297,,0.0,0,土地及建物分次登記案件。前案土地登記收件字號：金登資三字第46040號,RPROMLMLIIMFFAW76CA
金湖鎮,房地(土地+建物),金門縣金湖鎮東村1~30號,49.31,其他,,,1060928,土地1建物1車位0,二層,三層,公寓(5樓含以下無電梯),見其他登記事項,鋼筋混凝土造,1060306,87.91,3,2,2,有,無,4400000,50051,,0.0,0,,RPXNMLKLIIMFFAW07CA
金寧鄉,土地,寧湖一劃段451~480地號,633.34,農,,,1060922,土地2建物0車位0,,,其他,,,,0.0,0,0,0,有,無,5740081,9063,,0.0,0,,RPUOMLOLIIMFFAW27CA
金沙鎮,土地,官嶼劃段601~630地號,1533.0,農,,,1060922,土地4建物0車位0,,,其他,,,,0.0,0,0,0,有,無,3679200,2400,,0.0,0,,RPPOMLOLIIMFFAW76CA
金寧鄉,土地,寧湖一劃段541~570地號,949.99,農,,,1060922,土地1建物0車位0,,,其他,,,,0.0,0,0,0,有,無,10259892,10800,,0.0,0,,RPQOMLOLIIMFFAW86CA
金沙鎮,土地,汶沙測段1801~1830地號,773.07,其他,,,1060922,土地2建物0車位0,,,其他,,,,0.0,0,0,0,有,無,7262551,9394,,0.0,0,,RPROMLOLIIMFFAW96CA
金沙鎮,土地,洋山測段331~360地號,1283.23,其他,,,1060922,土地3建物0車位0,,,其他,,,,0.0,0,0,0,有,無,2757868,2149,,0.0,0,,RPSOMLOLIIMFFAW07CA
金城鎮,土地,小西門劃測段2191~2220地號,3438.41,農,,,1060921,土地12建物0車位0,,,其他,,,,0.0,0,0,0,有,無,44010535,12800,,0.0,0,,RPRPMLPLIIMFFAW17CA
金寧鄉,土地,盤山村段181~210地號,468.0,住,,,1061013,土地1建物0車位0,,,其他,,,,0.0,0,0,0,有,無,18462600,39450,,0.0,0,,RPRNMLLJJIMFFAW09CA
金寧鄉,房地(土地+建物),金門縣金寧鄉安岐211~240號,66.87,其他,,,1060919,土地2建物1車位0,一層,三層,公寓(5樓含以下無電梯),見其他登記事項,鋼筋混凝土造,1060525,97.56,3,2,2,有,無,5700000,58426,,0.0,0,土地及建物分次登記案件。前案土地登記收件字號：106年金登資三字46550號,RPWNMLLJJIMFFAW96CA
金湖鎮,土地,下新厝段1~30地號,800.0,農,,,1061005,土地1建物0車位0,,,其他,,,,0.0,0,0,0,有,無,4300000,5375,,0.0,0,,RPPNMLOLIIMFFAW76DA
金沙鎮,土地,山后段1531~1560地號,420.0,其他,,,1061010,土地1建物0車位0,,,其他,,,,0.0,0,0,0,有,無,3620000,8619,,0.0,0,,RPQNMLOLIIMFFAW86DA
金湖鎮,房地(土地+建物),金門縣金湖鎮新湖里赤東路1~30號,19.76,住,,,1061006,土地1建物1車位0,三層,十層,華廈(10層含以下有電梯),見其他登記事項,鋼筋混凝土造,1041201,102.49000000000001,2,2,2,有,無,5660000,55225,,0.0,0,,RPVOMLOLIIMFFAW47DA
金沙鎮,土地,沙港劃段1051~1080地號,1470.2,農,,,1060922,土地2建物0車位0,,,其他,,,,0.0,0,0,0,有,無,3602495,2450,,0.0,0,,RPTOMLOLIIMFFAW17CA
金湖鎮,房地(土地+建物),金門縣金湖鎮后?1~30號,21.48,其他,,,1060807,土地1建物1車位0,一層,三層,套房(1房1廳1衛),見其他登記事項,鋼筋混凝土造,1060411,37.42,1,1,1,有,無,2400000,64137,,0.0,0,土地及建物分次登記案件。前案土地登記收件字號：106年金登資三字46480號,RPXOMLOLIIMFFAW57CA
金湖鎮,土地,太湖劃測段871~900地號,1590.07,其他,,,1060929,土地1建物0車位0,,,其他,,,,0.0,0,0,0,有,無,23100000,14528,,0.0,0,本契約買賣金額為2310萬元且價金信託但因本筆土地內含有道路經雙方協議減少60萬價金,RPWNMLOLIIMFFAW37CA
金湖鎮,土地,尚義段691~720地號,1277.98,其他,,,1061005,土地1建物0車位0,,,其他,,,,0.0,0,0,0,有,無,4500000,3521,,0.0,0,,RPPNMLPLIIMFFAW76CA
金湖鎮,房地(土地+建物),金門縣金湖鎮后?1~30號,21.48,其他,,,1060807,土地1建物1車位0,三層,三層,套房(1房1廳1衛),見其他登記事項,鋼筋混凝土造,1060411,37.42,1,1,1,有,無,2300000,61464,,0.0,0,土地及建物分次登記案件。前案土地登記收件字號：金登資三字第46100號,RPSNMLMLIIMFFAW76CA
金湖鎮,房地(土地+建物),金門縣金湖鎮后?1~30號,21.24,其他,,,1060807,土地1建物1車位0,一層,三層,套房(1房1廳1衛),見其他登記事項,鋼筋混凝土造,1060411,36.94,1,1,1,有,無,2400000,64970,,0.0,0,土地及建物分次登記案件。前案土地登記收件字號：金登資三字第46160號,RPTNMLMLIIMFFAW86CA
金湖鎮,房地(土地+建物),金門縣金湖鎮后?1~30號,22.7,其他,,,1060807,土地1建物1車位0,三層,三層,套房(1房1廳1衛),見其他登記事項,鋼筋混凝土造,1060411,39.55,1,1,1,有,無,2500000,63211,,0.0,0,土地及建物分次登記案件。前案土地登記收件字號：金登資三字第46130號,RPVNMLMLIIMFFAW07CA
金湖鎮,房地(土地+建物),金門縣金湖鎮后?1~30號,21.5,其他,,,1060807,土地1建物1車位0,一層,三層,套房(1房1廳1衛),見其他登記事項,鋼筋混凝土造,1060411,37.43,1,1,1,有,無,2400000,64120,,0.0,0,土地及建物分次登記案件。前案土地登記收件字號：金登資三字第46190號,RPXNMLMLIIMFFAW27CA
金湖鎮,房地(土地+建物),金門縣金湖鎮后?1~30號,21.5,其他,,,1060807,土地1建物1車位0,三層,三層,套房(1房1廳1衛),見其他登記事項,鋼筋混凝土造,1060411,37.43,1,1,1,有,無,2300000,61448,,0.0,0,土地及建物分次登記案件。前案土地登記收件字號：金登資三字第46070號,RPPOMLMLIIMFFAW56CA
金寧鄉,土地,后垵段781~810地號,573.81,農,,,1061005,土地1建物0車位0,,,其他,,,,0.0,0,0,0,有,無,3440000,5995,,0.0,0,,RPRNMLNLIIMFFAW76CA
金沙鎮,土地,洋山測段601~630地號,507.0,其他,,,1060926,土地1建物0車位0,,,其他,,,,0.0,0,0,0,有,無,660000,1302,,0.0,0,,RPSNMLNLIIMFFAW86CA
金城鎮,土地,古塔段61~90地號,993.34,農,,,1061002,土地2建物0車位0,,,其他,,,,0.0,0,0,0,有,無,20860140,21000,,0.0,0,與106年金登資三字47000號連件,RPSNMLOLIIMFFAW96CA
金湖鎮,房地(土地+建物),金門縣金湖鎮后?1~30號,20.78,其他,,,1060807,土地1建物1車位0,一層,三層,套房(1房1廳1衛),見其他登記事項,鋼筋混凝土造,1060411,36.34,1,1,1,有,無,2400000,66043,,0.0,0,土地及建物分次登記案件。前案土地登記收件字號：106年金登資三字46500號,RPVNMLOLIIMFFAW27CA
金湖鎮,土地,太湖劃測段1321~1350地號,1000.02,農,,,1061016,土地1建物0車位0,,,其他,,,,0.0,0,0,0,有,無,2866590,2867,,0.0,0,,RPPNMLLJJIMFFAW88CA
金湖鎮,土地,太湖劃測段1291~1320地號,500.05,農,,,1061016,土地1建物0車位0,,,其他,,,,0.0,0,0,0,有,無,1433410,2867,,0.0,0,,RPQNMLLJJIMFFAW98CA
金沙鎮,土地,沙溪一劃段241~270地號,696.0,農,,,1060920,土地1建物0車位0,,,其他,,,,0.0,0,0,0,有,無,2000000,2874,,0.0,0,,RPTPMLOLIIMFFAW27CA
金寧鄉,房地(土地+建物),金門縣金寧鄉安岐211~240號,98.67,其他,,,1061006,土地2建物1車位0,全,三層,透天厝,住家用,鋼筋混凝土造,1060525,196.37,5,2,5,有,無,11500000,58563,,0.0,0,土地及建物分次登記案件。前案土地登記收件字號：106年金登資三字46610號,RPVPMLOLIIMFFAW47CA
金寧鄉,房地(土地+建物),金門縣金寧鄉安岐211~240號,98.4,其他,,,1061006,土地2建物1車位0,全,三層,透天厝,住家用,鋼筋混凝土造,1060525,196.37,5,2,5,有,無,12000000,61109,,0.0,0,土地及建物分次登記案件。前案土地登記收件字號：106年金登資三字46580號,RPSOMLPLIIMFFAW17CA
金寧鄉,房地(土地+建物),金門縣金寧鄉安岐211~240號,99.6,其他,,,1061006,土地2建物1車位0,全,三層,透天厝,住家用,鋼筋混凝土造,1060525,198.97,5,2,5,有,無,11000000,55285,,0.0,0,土地及建物分次登記案件。前案土地登記收件字號：106年金登資三字46640號,RPTOMLPLIIMFFAW27CA
金寧鄉,房地(土地+建物),金門縣金寧鄉安岐211~240號,66.35,其他,,,1061016,土地2建物1車位0,二層,三層,公寓(5樓含以下無電梯),見其他登記事項,鋼筋混凝土造,1060525,94.41,3,2,2,有,無,5000000,52960,,0.0,0,土地及建物分次登記案件。前案土地登記收件字號：106年金登資三字46670號,RPUOMLPLIIMFFAW37CA
金寧鄉,土地,寧湖三劃段1~30地號,1413.45,農,,,1061011,土地2建物0車位0,,,其他,,,,0.0,0,0,0,有,無,15544800,10998,,0.0,0,,RPVOMLPLIIMFFAW47CA
金城鎮,土地,金門城段361~390地號,94.5,其他,,,1060925,土地1建物0車位0,,,其他,,,,0.0,0,0,0,有,無,3100000,32804,,0.0,0,,RPQNMLPLIIMFFAW86CA
金湖鎮,房地(土地+建物),金門縣金湖鎮市港三路211~240號,21.2,住,,,1061013,土地1建物1車位0,七層,八層,華廈(10層含以下有電梯),見其他登記事項,鋼筋混凝土造,1050421,106.75,3,2,2,有,無,7800000,73068,,0.0,0,土地及建物分次登記案件。前案土地登記收件字號：106年金登資三字47260號,RPOOMLPLIIMFFAW76CA
金湖鎮,房地(土地+建物),金門縣金湖鎮后?1~30號,23.5,其他,,,1060915,土地1建物1車位0,一層,三層,套房(1房1廳1衛),見其他登記事項,鋼筋混凝土造,1060411,40.86,1,1,1,有,無,2700000,66079,,0.0,0,土地及建物分次登記案件。前案土地登記收件字號：106年金登資三字47330號,RPROMLPLIIMFFAW07CA
金湖鎮,房地(土地+建物),金門縣金湖鎮后?1~30號,22.7,其他,,,1060915,土地1建物1車位0,二層,三層,套房(1房1廳1衛),見其他登記事項,鋼筋混凝土造,1060411,39.55,1,1,1,有,無,2400000,60683,,0.0,0,土地及建物分次登記案件。前案土地登記收件字號：106年金登資三字47330號,SPROMLPLIIMFFAW17CA
金湖鎮,房地(土地+建物),金門縣金湖鎮后?1~30號,21.2,其他,,,1060915,土地1建物1車位0,二層,三層,套房(1房1廳1衛),見其他登記事項,鋼筋混凝土造,1060411,36.92,1,1,1,有,無,2200000,59588,,0.0,0,土地及建物分次登記案件。前案土地登記收件字號：106年金登資三字47330號,TPROMLPLIIMFFAW27CA
金湖鎮,房地(土地+建物),金門縣金湖鎮后?1~30號,20.83,其他,,,1060915,土地1建物1車位0,二層,三層,套房(1房1廳1衛),見其他登記事項,鋼筋混凝土造,1060411,36.36,1,1,1,有,無,2200000,60506,,0.0,0,土地及建物分次登記案件。前案土地登記收件字號：106年金登資三字47330號,UPROMLPLIIMFFAW37CA
金湖鎮,房地(土地+建物),金門縣金湖鎮后?1~30號,21.48,其他,,,1060915,土地1建物1車位0,二層,三層,套房(1房1廳1衛),見其他登記事項,鋼筋混凝土造,1060411,37.42,1,1,1,有,無,2200000,58792,,0.0,0,土地及建物分次登記案件。前案土地登記收件字號：106年金登資三字47330號,VPROMLPLIIMFFAW47CA
金湖鎮,房地(土地+建物),金門縣金湖鎮后?1~30號,21.5,其他,,,1060915,土地1建物1車位0,二層,三層,套房(1房1廳1衛),見其他登記事項,鋼筋混凝土造,1060411,37.43,1,1,1,有,無,2200000,58776,,0.0,0,土地及建物分次登記案件。前案土地登記收件字號：106年金登資三字47330號,WPROMLPLIIMFFAW57CA
金湖鎮,房地(土地+建物),金門縣金湖鎮后?1~30號,20.78,其他,,,1060915,土地1建物1車位0,二層,三層,套房(1房1廳1衛),見其他登記事項,鋼筋混凝土造,1060411,36.34,1,1,1,有,無,2200000,60539,,0.0,0,土地及建物分次登記案件。前案土地登記收件字號：106年金登資三字47330號,XPROMLPLIIMFFAW67CA
金湖鎮,房地(土地+建物),金門縣金湖鎮后?1~30號,21.24,其他,,,1060915,土地1建物1車位0,二層,三層,套房(1房1廳1衛),見其他登記事項,鋼筋混凝土造,1060411,36.94,1,1,1,有,無,2200000,59556,,0.0,0,土地及建物分次登記案件。前案土地登記收件字號：106年金登資三字47330號,YPROMLPLIIMFFAW77CA
金湖鎮,房地(土地+建物),金門縣金湖鎮后?1~30號,23.5,其他,,,1060915,土地1建物1車位0,二層,三層,套房(1房1廳1衛),見其他登記事項,鋼筋混凝土造,1060411,40.86,1,1,1,有,無,2500000,61185,,0.0,0,土地及建物分次登記案件。前案土地登記收件字號：106年金登資三字47330號,ZPROMLPLIIMFFAW87CA
金湖鎮,房地(土地+建物),金門縣金湖鎮后?1~30號,23.5,其他,,,1060915,土地1建物1車位0,三層,三層,套房(1房1廳1衛),見其他登記事項,鋼筋混凝土造,1060411,40.86,1,1,1,有,無,2600000,63632,,0.0,0,土地及建物分次登記案件。前案土地登記收件字號：106年金登資三字47330號,QQROMLPLIIMFFAW07CA
金湖鎮,土地,庵邊段661~690地號,517.5,其他,,,1060913,土地1建物0車位0,,,其他,,,,0.0,0,0,0,有,無,4300000,8309,,0.0,0,,RPPNMLRLIIMFFAW96CA
金寧鄉,土地,寧劃段1171~1200地號,1080.0,農,,,1060927,土地2建物0車位0,,,其他,,,,0.0,0,0,0,有,無,2600000,2407,,0.0,0,,RPWOMLPLIIMFFAW67DA
金城鎮,土地,古區測段121~150地號,754.0,其他,,,1061015,土地1建物0車位0,,,其他,,,,0.0,0,0,0,有,無,14326000,19000,,0.0,0,土地分次登記案件。前案土地登記收件字號：106金登資三047400,RPPNMLOLJIMFFAW76CA
金城鎮,土地,古坵段841~870地號,2181.0,農,,,1061015,土地3建物0車位0,,,其他,,,,0.0,0,0,0,有,無,25874000,11863,,0.0,0,土地分次登記案件。前案土地登記收件字號：金登資三047390,RPQNMLOLJIMFFAW86CA
金寧鄉,房地(土地+建物),金門縣金寧鄉桃園路211~240號,110.65,住,,,1060922,土地2建物1車位0,全,三層,透天厝,見其他登記事項,鋼筋混凝土造,1050728,174.12,4,1,5,有,無,12500000,71790,,0.0,0,,RPPNMLQLIIMFFAW96DA
金城鎮,土地,后豐港段241~270地號,465.47,其他,,,1060816,土地1建物0車位0,,,其他,,,,0.0,0,0,0,有,無,3723760,8000,,0.0,0,金門縣政府協議價購案,RPQNMLMJJIMFFAW56DA
金城鎮,土地,后豐港段331~360地號,824.12,其他,,,1060803,土地5建物0車位0,,,其他,,,,0.0,0,0,0,有,無,8561556,10389,,0.0,0,金門縣政府協議價購案,RPPNMLQJJIMFFAW86DA
金城鎮,土地,后豐港段331~360地號,593.0,其他,,,1060904,土地2建物0車位0,,,其他,,,,0.0,0,0,0,有,無,6404400,10800,,0.0,0,金門縣政府協議價購案,RPQNMLQJJIMFFAW96DA
金寧鄉,土地,寧湖三劃段691~720地號,1000.0,農,,,1061011,土地1建物0車位0,,,其他,,,,0.0,0,0,0,有,無,7500000,7500,,0.0,0,,RPQNMLRLIIMFFAW07CA
金湖鎮,房地(土地+建物),金門縣金湖鎮市港五路151~180號,12.8,住,,,1061012,土地1建物1車位0,九層,九層,華廈(10層含以下有電梯),見其他登記事項,鋼筋混凝土造,1051123,81.11,2,2,1,有,無,6040000,74467,,0.0,0,土地及建物分次登記案件。前案土地登記收件字號：106年金登資三字47690號,RPQNMLLMIIMFFAW56CA
金沙鎮,土地,東店段421~450地號,455.05,其他,,,1061004,土地2建物0車位0,,,其他,,,,0.0,0,0,0,有,無,5000000,10988,,0.0,0,,RPRNMLLMIIMFFAW66CA
金寧鄉,土地,寧山段301~330地號,2277.89,農,,,1060925,土地5建物0車位0,,,其他,,,,0.0,0,0,0,有,無,6500000,2854,,0.0,0,,RPSNMLKLJIMFFAW66CA
金湖鎮,土地,夏興段1051~1080地號,125.97,其他,,,1060927,土地1建物0車位0,,,其他,,,,0.0,0,0,0,有,無,1637610,13000,,0.0,0,土地價購,RPSNMLQJJIMFFAW07CA
金寧鄉,房地(土地+建物)+車位,金門縣金寧鄉前厝31~60號,67.48,其他,,,1061018,土地1建物1車位1,二層,三層,公寓(5樓含以下無電梯),見其他登記事項,鋼筋混凝土造,1060614,172.4,2,2,2,有,無,6700000,38863,坡道平面,12.63,0,土地及建物分次登記案件。前案土地登記收件字號：106年金登資三字47790,RPPNMLMJJIMFFAW98CA
金城鎮,土地,金門城段241~270地號,1444.0,農,,,1061023,土地2建物0車位0,,,其他,,,,0.0,0,0,0,有,無,30000000,20776,,0.0,0,受債權債務影響或債務抵償之交易。,RPOOMLLLJIMFFAW09CA
金城鎮,房地(土地+建物),金門縣金城鎮林湖路271~300號,103.11,住,,,1061023,土地1建物1車位0,全,三層,透天厝,住家用,鋼筋混凝土造,1060619,180.34,5,2,5,有,無,10800000,59887,,0.0,0,土地及建物分次登記案件。前案土地登記收件字號：106金登資三字第47830號,RPPOMLLJJIMFFAW09DA
金寧鄉,土地,東洲段571~600地號,695.31,其他,,,1061013,土地1建物0車位0,,,其他,,,,0.0,0,0,0,有,無,2500000,3596,,0.0,0,,RPUNMLLJJIMFFAW76CA
金沙鎮,土地,浦邊測段451~480地號,621.81,農,,,1061020,土地1建物0車位0,,,其他,,,,0.0,0,0,0,有,無,3400000,5468,,0.0,0,,RPVNMLLJJIMFFAW86CA
金城鎮,土地,舊金城段1291~1320地號,99.0,農,,,1061027,土地1建物0車位0,,,其他,,,,0.0,0,0,0,有,無,950000,9596,,0.0,0,"房屋越界,買方價購原佔用之土地",RPSNMLMJJIMFFAW66CA
金湖鎮,房地(土地+建物),金門縣金湖鎮赤東路1~30號,20.86,住,,,1061012,土地1建物1車位0,四層,十層,華廈(10層含以下有電梯),見其他登記事項,鋼筋混凝土造,1041201,110.53,3,2,2,有,有,5600000,50665,,0.0,0,增值稅及契稅雙方各出一半,RPPNMLNKJIMFFAW56CA
金湖鎮,土地,太湖劃測段871~900地號,1590.07,其他,,,1061025,土地1建物0車位0,,,其他,,,,0.0,0,0,0,有,無,23100000,14528,,0.0,0,"本筆土地並無買賣契約及價金,應該只能算更名,原是董事長以個人名義簽定前一買賣契約,原合約之款項都是金牌一條根公司出資,因為當時已簽約過戶中並有價金信託只能先依照原何約過戶給陳俊宏,再由陳俊宏過戶給公司,原合約金額為2310萬但因有道路用地過大故簽約後減價60萬",RPUNMLLLJIMFFAW96CA
金城鎮,土地,城隍廟段451~480地號,3.99,其他,,,1061030,土地2建物0車位0,,,其他,,,,0.0,0,0,0,有,無,214264,53700,,0.0,0,本筆交易係以公告現值成交。,RPPNMLNJJIMFFAW56DA
金沙鎮,土地,北九劃段1351~1380地號,3000.0,其他,,,1061002,土地5建物0車位0,,,其他,,,,0.0,0,0,0,有,無,21000000,7000,,0.0,0,,RPPNMLRJJIMFFAW96DA
金城鎮,房地(土地+建物),金門縣金城鎮民權路226巷2弄1~30號,24.57,住,,,1060830,土地2建物1車位0,六層,十一層,住宅大樓(11層含以上有電梯),見其他登記事項,鋼筋混凝土造,1051104,128.17000000000002,3,2,2,有,有,12490000,97449,,0.0,0,,RPOOMLKMJIMFFAW09CA
金湖鎮,房地(土地+建物),金門縣金湖鎮庵邊1~30號,122.51,其他,,,1061031,土地1建物1車位0,全,三層,透天厝,住家用,鋼筋混凝土造,1060526,226.67,5,3,4,有,無,9200000,40588,,0.0,0,,RPPNMLOKJIMFFAW66CA
金湖鎮,土地,太湖劃測段1801~1830地號,2400.03,農,,,1061020,土地1建物0車位0,,,其他,,,,0.0,0,0,0,有,無,9600000,4000,,0.0,0,,RPWNMLQJJIMFFAW47CA
金湖鎮,土地,太湖劃測段1801~1830地號,2400.09,農,,,1061020,土地1建物0車位0,,,其他,,,,0.0,0,0,0,有,無,9600000,4000,,0.0,0,,RPXNMLQJJIMFFAW57CA
金湖鎮,土地,太湖劃測段1801~1830地號,2400.01,農,,,1061020,土地1建物0車位0,,,其他,,,,0.0,0,0,0,有,無,9600000,4000,,0.0,0,,RPOOMLQJJIMFFAW76CA
金城鎮,房地(土地+建物),金門縣金城鎮中興路205巷1~30號,31.92,住,,,1061011,土地1建物1車位0,四層,四層,公寓(5樓含以下無電梯),見其他登記事項,鋼筋混凝土造,0930720,87.28,3,2,2,有,無,8000000,91659,,0.0,0,含違建部分-陽台外推及頂樓加蓋,RPSOMLQJJIMFFAW17CA
金湖鎮,土地,太湖劃測段1801~1830地號,2400.01,農,,,1061020,土地1建物0車位0,,,其他,,,,0.0,0,0,0,有,無,9600000,4000,,0.0,0,含增建或未登記建物。,RPTOMLQJJIMFFAW27CA
金城鎮,土地,后豐港段751~780地號,630.0,農,,,1061027,土地1建物0車位0,,,其他,,,,0.0,0,0,0,有,無,5670000,9000,,0.0,0,,RPPNMLSLJIMFFAW17CA
金城鎮,土地,舊金城段31~60地號,2902.01,農,,,1061027,土地3建物0車位0,,,其他,,,,0.0,0,0,0,有,無,26118090,9000,,0.0,0,,RPQNMLSLJIMFFAW27CA
烈嶼鄉,土地,西方段421~450地號,92.0,住,,,1061024,土地1建物0車位0,,,其他,,,,0.0,0,0,0,有,無,2760000,30000,,0.0,0,,RPRNMLSLJIMFFAW37CA
金城鎮,房地(土地+建物),金門縣金城鎮民權路226巷2弄1~30號,24.57,住,,,1060830,土地2建物1車位0,六層,十一層,住宅大樓(11層含以上有電梯),見其他登記事項,鋼筋混凝土造,1051104,128.17000000000002,3,2,2,有,有,12490000,97449,,0.0,0,,RPXNMLKMJIMFFAW27CA
金寧鄉,房地(土地+建物),金門縣金寧鄉湖下211~240號,45.08,住,,,1061101,土地1建物1車位0,三層,三層,公寓(5樓含以下無電梯),見其他登記事項,鋼筋混凝土造,1051228,77.78999999999999,3,2,2,有,無,4676000,60111,,0.0,0,,RPQNMLSJJIMFFAW17DA
金城鎮,土地,祥和段1~30地號,216.75,其他,,,1061101,土地2建物0車位0,,,其他,,,,0.0,0,0,0,有,無,1668975,7700,,0.0,0,,RPTOMLRKJIMFFAW47CA
金寧鄉,土地,煙墩段31~60地號,1043.24,其他,,,1061026,土地1建物0車位0,,,其他,,,,0.0,0,0,0,有,無,4250000,4074,,0.0,0,,RPVNMLSJJIMFFAW57CA
金城鎮,房地(土地+建物),金門縣金城鎮金門城151~180號,46.3,其他,,,1061016,土地1建物1車位0,三層,三層,公寓(5樓含以下無電梯),見其他登記事項,鋼筋混凝土造,1051219,81.25,3,2,2,有,無,4550000,56000,,0.0,0,土地及建物分次登記案件。前案土地登記收件字號：106年金登資三字第49210號,RPXNMLSJJIMFFAW77CA
金寧鄉,房地(土地+建物),金門縣金寧鄉湖南1~30號,52.29,其他,,,1061003,土地1建物1車位0,三層,三層,公寓(5樓含以下無電梯),見其他登記事項,鋼筋混凝土造,1050830,81.25999999999999,3,2,2,有,無,4800000,59070,,0.0,0,土地及建物分次登記案件。前案土地登記收件字號：106年金登資三字第49620號,RPOOMLSJJIMFFAW96CA
金沙鎮,土地,北九十劃段241~270地號,976.97,農,,,1061027,土地1建物0車位0,,,其他,,,,0.0,0,0,0,有,無,2650000,2712,,0.0,0,,RPPNMLLLJIMFFAW09CA
金城鎮,土地,東紅山段91~120地號,294.29,其他,,,1061025,土地1建物0車位0,,,其他,,,,0.0,0,0,0,有,無,2663636,9051,,0.0,0,土地分次登記案件。前案土地登記收件字號：金登資三049550,RPRNMLPJKIMFFAW96CA
金城鎮,土地,東紅山段91~120地號,953.76,其他,,,1061025,土地1建物0車位0,,,其他,,,,0.0,0,0,0,有,無,31736364,33275,,0.0,0,土地分次登記案件。前案土地登記收件字號：金登資三049540,RPTNMLPJKIMFFAW17CA
金城鎮,房地(土地+建物),金門縣金城鎮小古崗1~30號,58.15,住,,,1061030,土地1建物1車位0,一層,三層,公寓(5樓含以下無電梯),見其他登記事項,鋼筋混凝土造,1060911,96.36999999999999,3,2,2,有,無,4450000,46176,,0.0,0,,RPPNMLTJJIMFFAW17DA
金寧鄉,土地,寧湖三劃段631~660地號,426.13,其他,,,1061102,土地2建物0車位0,,,其他,,,,0.0,0,0,0,有,無,2680000,6289,,0.0,0,,RPPNMLKKJIMFFAW88CA
金寧鄉,土地,寧湖三劃段631~660地號,317.16,其他,,,1061102,土地3建物0車位0,,,其他,,,,0.0,0,0,0,有,無,2130000,6716,,0.0,0,,RPQNMLKKJIMFFAW98CA
金寧鄉,土地,寧湖三劃段631~660地號,373.87,其他,,,1061102,土地1建物0車位0,,,其他,,,,0.0,0,0,0,有,無,2320000,6205,,0.0,0,,RPRNMLKKJIMFFAW09CA
金寧鄉,土地,后垵段781~810地號,573.81,農,,,1061102,土地1建物0車位0,,,其他,,,,0.0,0,0,0,有,無,3440000,5995,,0.0,0,,RPSNMLKKJIMFFAW56CA
金湖鎮,土地,湖后劃段151~180地號,1190.0,農,,,1061012,土地1建物0車位0,,,其他,,,,0.0,0,0,0,有,無,4760000,4000,,0.0,0,,RPRNMLLLJIMFFAW66CA
金湖鎮,土地,湖后劃段301~330地號,2000.0,農,,,1061012,土地2建物0車位0,,,其他,,,,0.0,0,0,0,有,無,8000000,4000,,0.0,0,,RPTNMLLLJIMFFAW86CA
金城鎮,土地,小西門劃測段241~270地號,665.02,農,,,1061031,土地1建物0車位0,,,其他,,,,0.0,0,0,0,有,無,3800000,5714,,0.0,0,,RPQNMLOKJIMFFAW76CA
金城鎮,土地,庵前劃測段91~120地號,425.02,農,,,1061027,土地1建物0車位0,,,其他,,,,0.0,0,0,0,有,無,2000000,4706,,0.0,0,,RPPNMLPKJIMFFAW76CA
金寧鄉,土地,大園段391~420地號,661.71,其他,,,1061031,土地3建物0車位0,,,其他,,,,0.0,0,0,0,有,無,500000,756,,0.0,0,,RPQNMLNKJIMFFAW66CA
金寧鄉,房地(土地+建物)+車位,金門縣金寧鄉前厝31~60號,65.53,其他,,,1061101,土地1建物1車位1,三層,三層,公寓(5樓含以下無電梯),見其他登記事項,鋼筋混凝土造,1060614,165.15,2,2,2,有,無,6880000,41659,坡道平面,13.76,0,土地及建物分次登記案件。前案土地登記收件字號：106年金登資三字第49890號,RPSNMLNKJIMFFAW86CA
金城鎮,房地(土地+建物),金門縣金城鎮小古崗1~30號,58.15,住,,,1061030,土地1建物1車位0,三層,三層,公寓(5樓含以下無電梯),見其他登記事項,鋼筋混凝土造,1060911,103.94,3,2,2,有,無,4500000,43294,,0.0,0,,RPUNMLOKJIMFFAW27DA
