﻿編號,土地區段位置,土地移轉面積平方公尺,使用分區或編定
The serial number,land sector position,land shifting area square meter,the use zoning or compiles and checks
RPPNMLOJQHMFFAX27CA,四維段,188.54,非都市：鄉村區 ; 非都市編定：乙種建築用地
RPPNMLOJQHMFFAX27CA,四維段,13.00,非都市：鄉村區 ; 非都市編定：乙種建築用地
RPPNMLNJQHMFFAX17CA,馬公段,30.00,都市：住
RPSNMLOJQHMFFAX57CA,鎖港西段,164.66,都市：住
RPRNMLOJQHMFFAX47CA,烏崁新段,1856.90,非都市：一般農業區 ; 非都市編定：農牧用地
RPRNMLSJQHMFFAX87CA,文寮段,471.60,非都市：一般農業區 ; 非都市編定：農牧用地
RPSNMLRJQHMFFAX87CA,文石段,524.00,非都市：一般農業區 ; 非都市編定：農牧用地
RPQNMLOJQHMFFAX37CA,埕東段,66.56,都市：住
RPQNMLQKQHMFFAX67CA,林投南段,376.71,非都市：一般農業區 ; 非都市編定：農牧用地
RPVNMLTJQHMFFAX38CA,尖山南段,490.85,非都市：一般農業區 ; 非都市編定：農牧用地
RPTNMLRJQHMFFAX97CA,光榮段,4.70,都市：商
RPQNMLOKQHMFFAX67EA,馬公段,127.00,都市：商
RPRNMLTJQHMFFAX97CA,文光段,31.27,都市：住
RPQNMLTJQHMFFAX87CA,馬公段,21.00,都市：商
RPPNMLTJQHMFFAX87DA,風櫃西段,436.87,非都市：風景區 ; 非都市編定：林業用地
RPPNMLTJQHMFFAX87DA,風櫃西段,467.65,非都市：風景區 ; 非都市編定：林業用地
RPWNMLTJQHMFFAX48CA,西澳段,169.72,都市：住
RPRNMLRJQHMFFAX77CA,文石段,231.80,非都市：一般農業區 ; 非都市編定：甲種建築用地
RPPNMLSJQHMFFAX67CA,馬公段,12.67,都市：商
RPQNMLOJRHMFFAX47CA,六合段,123.74,都市：農
RPSNMLPKQHMFFAX77CA,山水北段,232.72,非都市：一般農業區 ; 非都市編定：農牧用地
RPSNMLPKQHMFFAX77CA,山水北段,232.72,非都市：一般農業區 ; 非都市編定：農牧用地
RPTNMLPKQHMFFAX08EA,湖西南段,886.94,非都市：一般農業區 ; 非都市編定：農牧用地
RPRNMLMLQHMFFAX67EA,馬公段,55.00,都市：商
RPRNMLMLQHMFFAX67EA,馬公段,55.00,都市：商
RPPNMLLKQHMFFAX17DA,文寮段,485.43,非都市：一般農業區 ; 非都市編定：農牧用地
RPQNMLLKQHMFFAX17CA,井垵西段,33.03,非都市：一般農業區 ; 非都市編定：水利用地
RPPNMLSLQHMFFAX87CA,後寮段,54.00,非都市：鄉村區 ; 非都市編定：乙種建築用地
RPQNMLKKQHMFFAX27EA,風櫃西段,48.02,非都市：一般農業區 ; 非都市編定：甲種建築用地
RPQNMLKKQHMFFAX27EA,風櫃西段,64.07,非都市：一般農業區 ; 非都市編定：甲種建築用地
RPPNMLMKQHMFFAX17CA,北澳段,48.85,非都市：鄉村區 ; 非都市編定：乙種建築用地
RPPNMLPKQHMFFAX57DA,文光段,226.62,都市：住
RPRNMLLKQHMFFAX27CA,國宅段,145.65,都市：住
RPRNMLOKQHMFFAX57CA,興崁段,771.29,非都市：一般農業區 ; 非都市編定：農牧用地
RPUNMLPKQHMFFAX08DA,成功南段,931.97,非都市：一般農業區 ; 非都市編定：農牧用地
RPUNMLPKQHMFFAX08DA,成功南段,932.00,非都市：一般農業區 ; 非都市編定：農牧用地
RPPNMLQKQHMFFAX57CA,二崁南段,474.93,非都市：一般農業區 ; 非都市編定：農牧用地
RPPNMLOLQHMFFAX67EA,雙湖段,228.32,非都市：一般農業區 ; 非都市編定：農牧用地
RPQNMLKMQHMFFAX27CA,橫礁段,119.00,非都市：鄉村區 ; 非都市編定：乙種建築用地
RPQNMLKMQHMFFAX27CA,橫礁段,218.00,非都市：一般農業區 ; 非都市編定：農牧用地
RPQNMLRKQHMFFAX87DA,湖西南段,198.96,非都市：鄉村區 ; 非都市編定：乙種建築用地
RPQNMLSLQHMFFAX97CA,小池角段,56.20,非都市：一般農業區 ; 非都市編定：農牧用地
RPQNMLSLQHMFFAX97CA,小池角段,47.60,非都市：一般農業區 ; 非都市編定：農牧用地
RPQNMLSLQHMFFAX97CA,小池角段,53.80,非都市：鄉村區 ; 非都市編定：乙種建築用地
RPQNMLSLQHMFFAX97CA,小池角段,9.80,非都市：鄉村區 ; 非都市編定：交通用地
RPSNMLRKQHMFFAX97CA,馬公段,26.00,都市：商
RPSNMLRKQHMFFAX97CA,馬公段,27.00,都市：商
RPPNMLRKQHMFFAX67CA,西澳段,29.78,都市：住
RPRNMLLLQHMFFAX37CA,湖東新段,1203.07,非都市：一般農業區 ; 非都市編定：農牧用地
RPSNMLLLQHMFFAX47CA,城北段,835.44,非都市：一般農業區 ; 非都市編定：農牧用地
RPPNMLNJRHMFFAX27CA,五福段,970.55,非都市：一般農業區 ; 非都市編定：農牧用地
RPPNMLNJRHMFFAX27CA,五福段,1028.40,非都市：一般農業區 ; 非都市編定：農牧用地
RPPNMLRJRHMFFAX67CA,興仁段,1303.31,非都市：一般農業區 ; 非都市編定：農牧用地
RPPNMLMLQHMFFAX37DA,龍門南段,133.65,非都市：鄉村區 ; 非都市編定：乙種建築用地
RPQNMLMLQHMFFAX47DA,隘門新段,116.06,非都市：一般農業區 ; 非都市編定：農牧用地
RPPNMLLJRHMFFAX17DA,文東段,128.55,非都市：一般農業區 ; 非都市編定：農牧用地
RPQNMLLJRHMFFAX27DA,小赤段,896.38,非都市：一般農業區 ; 非都市編定：農牧用地
RPSNMLPLQHMFFAX87CA,光榮段,713.18,都市：其他
RPPNMLKMQHMFFAX27DA,文光段,25.19,都市：住
RPPNMLKMQHMFFAX27DA,文光段,3.26,都市：住
RPSNMLSLQHMFFAX38EA,光榮段,23.70,都市：其他
RPSNMLTLQHMFFAX38DA,鎮海新段,255.91,非都市：風景區 ; 非都市編定：農牧用地
RPSNMLTLQHMFFAX38DA,鎮海新段,15.37,非都市：風景區 ; 非都市編定：農牧用地
RPPNMLTLQHMFFAX08DA,中屯新段,717.68,非都市：一般農業區 ; 非都市編定：農牧用地
RPPNMLTLQHMFFAX08DA,中屯新段,152.78,非都市：一般農業區 ; 非都市編定：交通用地
RPRNMLPLQHMFFAX97EA,馬公段,3.50,都市：商
RPRNMLLJRHMFFAX27CA,青螺新段,291.02,非都市：一般農業區 ; 非都市編定：農牧用地
RPRNMLSLQHMFFAX08CA,北極段,100.21,都市：商
RPRNMLQJRHMFFAX77CA,馬公段,3.50,都市：商
RPVNMLSJRHMFFAX38CA,春暉段,36.69,都市：住
RPRNMLNKRHMFFAX57CA,林投南段,189.92,非都市：鄉村區 ; 非都市編定：乙種建築用地
RPRNMLOJRHMFFAX57CA,成功北段,17.02,非都市：鄉村區 ; 非都市編定：乙種建築用地
RPRNMLOJRHMFFAX57CA,成功北段,17.02,非都市：鄉村區 ; 非都市編定：乙種建築用地
RPRNMLOJRHMFFAX57CA,成功北段,29.94,非都市：鄉村區 ; 非都市編定：乙種建築用地
RPRNMLOJRHMFFAX57CA,成功北段,29.94,非都市：鄉村區 ; 非都市編定：乙種建築用地
RPPNMLNLQHMFFAX37CA,馬公段,22.00,都市：商
RPQNMLLLQHMFFAX27CA,文石段,102.13,非都市：一般農業區 ; 非都市編定：甲種建築用地
RPTNMLTLQHMFFAX48DA,國宅段,135.69,非都市：一般農業區 ; 非都市編定：農牧用地
RPTNMLTLQHMFFAX48DA,國宅段,319.90,非都市：一般農業區 ; 非都市編定：農牧用地
RPQNMLQJRHMFFAX77DA,四維段,599.31,都市：農
RPTNMLQJRHMFFAX97CA,山水東段,1551.46,非都市：一般農業區 ; 非都市編定：農牧用地
RPPNMLQLRHMFFAX97EA,烏崁新段,44.20,非都市：鄉村區 ; 非都市編定：交通用地
RPSNMLQJRHMFFAX87CA,中衛段,330.27,非都市：一般農業區 ; 非都市編定：農牧用地
RPRNMLMKRHMFFAX47CA,鎖港西段,69.80,都市：住
RPSNMLQJRHMFFAX08EA,文東段,2.60,非都市：鄉村區 ; 非都市編定：乙種建築用地
RPSNMLQJRHMFFAX08EA,文東段,2.60,非都市：鄉村區 ; 非都市編定：乙種建築用地
RPPNMLQJRHMFFAX57CA,光榮段,1714.68,都市：其他
RPRNMLPJRHMFFAX67CA,烏崁新段,980.23,非都市：風景區 ; 非都市編定：農牧用地
RPSNMLMKRHMFFAX57CA,城北段,253.96,非都市：一般農業區 ; 非都市編定：農牧用地
RPSNMLMKRHMFFAX57CA,城北段,251.02,非都市：一般農業區 ; 非都市編定：農牧用地
RPSNMLMKRHMFFAX57CA,城北段,247.99,非都市：一般農業區 ; 非都市編定：農牧用地
RPSNMLMKRHMFFAX57CA,城北段,291.26,非都市：一般農業區 ; 非都市編定：農牧用地
RPSNMLMKRHMFFAX57CA,城北段,314.20,非都市：一般農業區 ; 非都市編定：農牧用地
RPSNMLMKRHMFFAX57CA,城北段,298.58,非都市：一般農業區 ; 非都市編定：農牧用地
RPSNMLMKRHMFFAX57CA,城北段,297.98,非都市：一般農業區 ; 非都市編定：農牧用地
RPSNMLMKRHMFFAX57CA,城北段,297.66,非都市：一般農業區 ; 非都市編定：農牧用地
RPSNMLMKRHMFFAX57CA,城北段,302.11,非都市：一般農業區 ; 非都市編定：農牧用地
RPSNMLMKRHMFFAX57CA,城北段,306.50,非都市：一般農業區 ; 非都市編定：農牧用地
RPSNMLMKRHMFFAX57CA,城北段,294.29,非都市：一般農業區 ; 非都市編定：農牧用地
RPSNMLNKRHMFFAX67CA,許家段,23.74,非都市：一般農業區 ; 非都市編定：交通用地
RPSNMLNKRHMFFAX67CA,許家段,3.08,非都市：一般農業區 ; 非都市編定：交通用地
RPSNMLNKRHMFFAX67CA,許家段,60.99,非都市：一般農業區 ; 非都市編定：交通用地
RPQNMLRJRHMFFAX77CA,通梁東段,1159.62,非都市：風景區 ; 非都市編定：農牧用地
RPRNMLOKRHMFFAX67CA,五德西段,112.45,非都市：鄉村區 ; 非都市編定：乙種建築用地
RPRNMLSJRHMFFAX97CA,馬公段,98.00,都市：商
RPPNMLSJRHMFFAX77CA,山水東段,1751.71,非都市：一般農業區 ; 非都市編定：農牧用地
RPPNMLRKRHMFFAX77CA,興仁段,54.60,非都市：一般農業區 ; 非都市編定：交通用地
RPPNMLRKRHMFFAX77CA,興仁段,191.83,非都市：一般農業區 ; 非都市編定：甲種建築用地
RPPNMLTJRHMFFAX87CA,隘門新段,81.30,非都市：風景區 ; 非都市編定：農牧用地
RPQNMLOKRHMFFAX57CA,許家段,247.28,非都市：一般農業區 ; 非都市編定：農牧用地
RPPNMLNKRHMFFAX37CA,龍門南段,129.62,非都市：一般農業區 ; 非都市編定：農牧用地
RPQNMLMKRHMFFAX37CA,埕東段,64.19,都市：住
RPPNMLMJIIMFFAX09DA,文光段,27.04,都市：住
RPPNMLOKRHMFFAX47CA,西溪新段,54.41,非都市：一般農業區 ; 非都市編定：農牧用地
RPPNMLOKRHMFFAX47CA,西溪新段,36.63,非都市：一般農業區 ; 非都市編定：農牧用地
RPPNMLOKRHMFFAX47CA,西溪新段,212.80,非都市：一般農業區 ; 非都市編定：農牧用地
RPPNMLOKRHMFFAX47CA,西溪新段,75.81,非都市：一般農業區 ; 非都市編定：農牧用地
RPPNMLOKRHMFFAX47CA,紅羅段,49.20,非都市：一般農業區 ; 非都市編定：農牧用地
RPTNMLMKRHMFFAX87EA,光榮段,213.28,都市：其他
RPPNMLMKIIMFFAX09CA,龍門段,752.15,非都市：一般農業區 ; 非都市編定：農牧用地
RPQNMLSJRHMFFAX87CA,埕東段,7.15,都市：住
RPQNMLSJRHMFFAX87CA,埕東段,.12,都市：住
RPQNMLSJRHMFFAX87CA,埕東段,2.18,都市：住
RPQNMLSJRHMFFAX87CA,埕東段,17.18,都市：住
RPPNMLMLRHMFFAX57EA,七美二段,52.51,非都市：一般農業區 ; 非都市編定：農牧用地
RPQNMLMLRHMFFAX47CA,光榮段,15.52,都市：商
RPUNMLMKRHMFFAX77CA,青螺新段,385.05,非都市：一般農業區 ; 非都市編定：農牧用地
RPTNMLRLRHMFFAX28CA,四維段,190.31,非都市：一般農業區 ; 非都市編定：甲種建築用地
RPTNMLRLRHMFFAX28CA,四維段,32.01,非都市：一般農業區 ; 非都市編定：交通用地
RPPNMLPKRHMFFAX57CA,中西段,307.33,非都市：一般農業區 ; 非都市編定：農牧用地
RPTNMLLLRHMFFAX77DA,龍門北段,35.76,非都市：鄉村區 ; 非都市編定：乙種建築用地
RPRNMLNKIIMFFAX76CA,文石段,1375.21,非都市：一般農業區 ; 非都市編定：農牧用地
RPRNMLNKIIMFFAX76CA,文石段,46.25,非都市：一般農業區 ; 非都市編定：交通用地
RPRNMLKLRHMFFAX37CA,湖西南段,1583.43,非都市：一般農業區 ; 非都市編定：農牧用地
RPPNMLPLRHMFFAX67CA,雙湖段,244.27,非都市：鄉村區 ; 非都市編定：乙種建築用地
RPPNMLPLRHMFFAX67CA,文石段,271.40,非都市：鄉村區 ; 非都市編定：乙種建築用地
RPUNMLRLRHMFFAX38CA,五福段,217.80,非都市：一般農業區 ; 非都市編定：農牧用地
RPUNMLRLRHMFFAX38CA,五福段,217.80,非都市：一般農業區 ; 非都市編定：農牧用地
RPRNMLLLRHMFFAX47CA,林投南段,1269.42,都市：農
RPQNMLKLRHMFFAX27CA,興仁段,141.84,非都市：鄉村區 ; 非都市編定：乙種建築用地
RPSNMLQLRHMFFAX18DA,湖西南段,288.60,非都市：鄉村區 ; 非都市編定：乙種建築用地
RPRNMLPLRHMFFAX97DA,二崁南段,451.80,非都市：一般農業區 ; 非都市編定：農牧用地
RPQNMLPLRHMFFAX77CA,吉貝東段,58.90,非都市：一般農業區 ; 非都市編定：農牧用地
RPUNMLKLRHMFFAX67CA,文寮段,38.98,非都市：鄉村區 ; 非都市編定：乙種建築用地
RPRNMLRLRHMFFAX28EA,井垵西段,33.33,非都市：一般農業區 ; 非都市編定：交通用地
RPPNMLTLRHMFFAX08CA,海堤段,139.10,都市：住
RPQNMLKMRHMFFAX37CA,水垵段,23.00,非都市：鄉村區 ; 非都市編定：乙種建築用地
RPQNMLKMRHMFFAX37CA,水垵段,53.38,非都市：一般農業區 ; 非都市編定：農牧用地
RPQNMLKMRHMFFAX37CA,水垵段,38.75,非都市：一般農業區 ; 非都市編定：農牧用地
RPQNMLKMRHMFFAX37CA,水垵段,59.38,非都市：一般農業區 ; 非都市編定：農牧用地
RPQNMLKMRHMFFAX37CA,水垵段,23.62,非都市：一般農業區 ; 非都市編定：農牧用地
RPQNMLKMRHMFFAX37CA,水垵段,46.62,非都市：一般農業區 ; 非都市編定：農牧用地
RPQNMLKMRHMFFAX37CA,水垵段,100.62,非都市：一般農業區 ; 非都市編定：農牧用地
RPQNMLKMRHMFFAX37CA,水垵段,66.62,非都市：風景區 ; 非都市編定：農牧用地
RPQNMLKMRHMFFAX37CA,水垵段,39.38,非都市：森林區 ; 非都市編定：農牧用地
RPSNMLRLRHMFFAX18CA,山水西段,238.03,非都市：一般農業區 ; 非都市編定：農牧用地
RPSNMLRLRHMFFAX18CA,山水西段,41.03,非都市：一般農業區 ; 非都市編定：交通用地
RPQNMLRLRHMFFAX97CA,沙港東段,39.17,非都市：一般農業區 ; 非都市編定：交通用地
RPQNMLRLRHMFFAX97CA,沙港東段,60.68,非都市：一般農業區 ; 非都市編定：交通用地
RPQNMLRLRHMFFAX97CA,沙港東段,456.35,非都市：一般農業區 ; 非都市編定：農牧用地
RPPNMLRLRHMFFAX87CA,中衛段,255.01,非都市：一般農業區 ; 非都市編定：農牧用地
RPSNMLLLRHMFFAX57CA,林投南段,109.62,都市：農
RPPNMLKMRHMFFAX47EA,外垵一段,76.35,非都市：一般農業區 ; 非都市編定：農牧用地
RPSNMLKMRHMFFAX67DA,湖西南段,236.84,非都市：鄉村區 ; 非都市編定：乙種建築用地
RPQNMLRKIIMFFAX07CA,五福段,185.60,非都市：一般農業區 ; 非都市編定：甲種建築用地
RPQNMLRKIIMFFAX07CA,五福段,65.90,非都市：一般農業區 ; 非都市編定：交通用地
RPPNMLRKIIMFFAX96CA,五福段,228.71,非都市：一般農業區 ; 非都市編定：甲種建築用地
RPPNMLRKIIMFFAX96CA,五福段,65.90,非都市：一般農業區 ; 非都市編定：交通用地
RPXNMLRLRHMFFAX68CA,五德西段,329.64,非都市：一般農業區 ; 非都市編定：甲種建築用地
RPXNMLRLRHMFFAX68CA,五德西段,98.53,非都市：一般農業區 ; 非都市編定：交通用地
RPWNMLRLRHMFFAX58CA,雙湖段,1164.99,非都市：一般農業區 ; 非都市編定：農牧用地
RPTNMLKMRHMFFAX77DA,將軍澳段,218.00,非都市：鄉村區 ; 非都市編定：乙種建築用地
RPVNMLQJIIMFFAX57EA,文寮段,42.41,非都市：鄉村區 ; 非都市編定：乙種建築用地
RPQNMLTLRHMFFAX18CA,大池段,1545.91,非都市：一般農業區 ; 非都市編定：農牧用地
RPOOMLLKIIMFFAX98CA,烏崁新段,40.59,非都市：一般農業區 ; 非都市編定：特定目的事業用地
RPPNMLQLIIMFFAX17EA,竹灣段,286.48,非都市：鄉村區 ; 非都市編定：乙種建築用地
RPXNMLLKIIMFFAX17CA,烏崁新段,35.47,非都市：一般農業區 ; 非都市編定：特定目的事業用地
RPXNMLLKIIMFFAX17CA,烏崁新段,20.20,非都市：一般農業區 ; 非都市編定：特定目的事業用地
RPXNMLLKIIMFFAX17CA,烏崁新段,42.22,非都市：一般農業區 ; 非都市編定：特定目的事業用地
RPXNMLLKIIMFFAX17CA,烏崁新段,5.97,非都市：一般農業區 ; 非都市編定：特定目的事業用地
RPXNMLLKIIMFFAX17CA,烏崁新段,8.23,非都市：一般農業區 ; 非都市編定：特定目的事業用地
RPXNMLLKIIMFFAX17CA,烏崁新段,17.83,非都市：一般農業區 ; 非都市編定：特定目的事業用地
RPXNMLLKIIMFFAX17CA,烏崁新段,13.31,非都市：一般農業區 ; 非都市編定：特定目的事業用地
RPXNMLLKIIMFFAX17CA,烏崁新段,72.93,非都市：一般農業區 ; 非都市編定：特定目的事業用地
RPXNMLLKIIMFFAX17CA,烏崁新段,73.29,非都市：一般農業區 ; 非都市編定：特定目的事業用地
RPXNMLLKIIMFFAX17CA,烏崁新段,53.76,非都市：一般農業區 ; 非都市編定：特定目的事業用地
RPRNMLKMRHMFFAX47CA,馬公段,8.00,都市：商
RPRNMLKMRHMFFAX47CA,馬公段,2.00,都市：商
RPRNMLKMRHMFFAX47CA,馬公段,24.00,都市：商
RPRNMLTLRHMFFAX28CA,五德東段,78.90,非都市：一般農業區 ; 非都市編定：交通用地
RPRNMLTLRHMFFAX28CA,五德東段,92.73,非都市：一般農業區 ; 非都市編定：交通用地
RPRNMLTLRHMFFAX28CA,五德東段,619.31,非都市：一般農業區 ; 非都市編定：農牧用地
RPQNMLLKIIMFFAX09CA,鎖港西段,786.82,非都市：一般農業區 ; 非都市編定：農牧用地
RPQNMLQJIIMFFAX96DA,海堤段,25.24,都市：住
RPQNMLQJIIMFFAX96DA,海堤段,21.97,都市：住
RPQOMLLKIIMFFAX56CA,烏崁新段,9.09,非都市：一般農業區 ; 非都市編定：特定目的事業用地
RPQOMLLKIIMFFAX56CA,烏崁新段,130.97,非都市：一般農業區 ; 非都市編定：特定目的事業用地
SPQNMLNKIIMFFAX76CA,馬公段,13.53,都市：住
RPUOMLLKIIMFFAX96CA,烏崁新段,29.13,非都市：一般農業區 ; 非都市編定：特定目的事業用地
RPUOMLLKIIMFFAX96CA,烏崁新段,35.04,非都市：一般農業區 ; 非都市編定：特定目的事業用地
RPUNMLLKIIMFFAX86CA,池西段,627.51,非都市：一般農業區 ; 非都市編定：農牧用地
RPUNMLLKIIMFFAX86CA,池西段,627.51,非都市：一般農業區 ; 非都市編定：農牧用地
RPUNMLLKIIMFFAX86CA,池西段,627.51,非都市：一般農業區 ; 非都市編定：農牧用地
RPUNMLPJIIMFFAX17CA,城北段,215.56,非都市：一般農業區 ; 非都市編定：交通用地
RPUNMLPJIIMFFAX17CA,城北段,2599.02,非都市：一般農業區 ; 非都市編定：農牧用地
RPPOMLLKIIMFFAX09CA,烏崁新段,11.17,非都市：一般農業區 ; 非都市編定：特定目的事業用地
RPPOMLLKIIMFFAX09CA,烏崁新段,31.07,非都市：一般農業區 ; 非都市編定：特定目的事業用地
RPROMLLKIIMFFAX66CA,烏崁新段,36.02,非都市：一般農業區 ; 非都市編定：特定目的事業用地
RPROMLLKIIMFFAX66CA,烏崁新段,62.37,非都市：一般農業區 ; 非都市編定：特定目的事業用地
RPTNMLLKIIMFFAX76CA,四維段,224.02,非都市：一般農業區 ; 非都市編定：農牧用地
RPROMLLKIIMFFAX66CA,烏崁新段,8.35,非都市：一般農業區 ; 非都市編定：特定目的事業用地
RPTNMLLKIIMFFAX76CA,四維段,64.00,非都市：一般農業區 ; 非都市編定：農牧用地
RPTNMLLKIIMFFAX76CA,四維段,32.00,非都市：一般農業區 ; 非都市編定：農牧用地
RPTOMLLKIIMFFAX86CA,烏崁新段,20.62,非都市：一般農業區 ; 非都市編定：特定目的事業用地
RPPNMLTKIIMFFAX17CA,六合段,549.73,都市：農
RPPNMLTKIIMFFAX17CA,六合段,59.65,非都市：一般農業區 ; 非都市編定：農牧用地
RPSOMLLKIIMFFAX76CA,烏崁新段,12.92,非都市：一般農業區 ; 非都市編定：特定目的事業用地
RPSOMLLKIIMFFAX76CA,烏崁新段,123.52,非都市：一般農業區 ; 非都市編定：特定目的事業用地
RPWNMLQJIIMFFAX67EA,文寮段,.61,非都市：一般農業區 ; 非都市編定：甲種建築用地
RPWNMLQJIIMFFAX67EA,文寮段,18.24,非都市：鄉村區 ; 非都市編定：乙種建築用地
RPWNMLQJIIMFFAX67EA,文寮段,17.01,非都市：一般農業區 ; 非都市編定：甲種建築用地
RPWNMLQJIIMFFAX67EA,文寮段,5.85,非都市：一般農業區 ; 非都市編定：甲種建築用地
RPPNMLNKIIMFFAX76EA,海堤段,49.78,都市：住
RPPNMLMKJIMFFAX66DA,成功南段,192.77,非都市：一般農業區 ; 非都市編定：農牧用地
RPPNMLMKJIMFFAX66DA,成功南段,192.77,非都市：一般農業區 ; 非都市編定：農牧用地
RPPNMLMKJIMFFAX66DA,成功南段,300.67,非都市：一般農業區 ; 非都市編定：農牧用地
RPPNMLMKJIMFFAX66DA,成功南段,281.05,非都市：一般農業區 ; 非都市編定：農牧用地
RPPNMLRLIIMFFAX07CA,成功南段,17.28,非都市：一般農業區 ; 非都市編定：交通用地
RPQNMLSKIIMFFAX17CA,風櫃西段,428.04,非都市：一般農業區 ; 非都市編定：農牧用地
RPQNMLTKIIMFFAX27CA,鐵線段,22.69,非都市：鄉村區 ; 非都市編定：乙種建築用地
RPRNMLTKIIMFFAX37CA,成功南段,2233.92,非都市：一般農業區 ; 非都市編定：農牧用地
RPSNMLTKIIMFFAX47CA,五福段,167.70,非都市：一般農業區 ; 非都市編定：甲種建築用地
RPSNMLTKIIMFFAX47CA,五福段,52.12,非都市：一般農業區 ; 非都市編定：交通用地
RPVNMLPJIIMFFAX27CA,鼎灣新段,124.20,非都市：鄉村區 ; 非都市編定：乙種建築用地
RPQNMLMKIIMFFAX56CA,馬公段,52.00,都市：住
RPPNMLKLIIMFFAX98CA,通梁中段,151.91,都市：住
RPTNMLTKIIMFFAX67DA,馬公段,34.24,都市：住
RPTNMLTKIIMFFAX67DA,馬公段,3.50,都市：住
RPPNMLPLIIMFFAX86CA,埕西段,105.33,都市：住
RPRNMLNLIIMFFAX86CA,安宅段,626.56,非都市：一般農業區 ; 非都市編定：農牧用地
RPQNMLNLIIMFFAX76CA,鐵線段,118.01,非都市：鄉村區 ; 非都市編定：乙種建築用地
RPQNMLNLIIMFFAX76CA,鐵線段,268.55,非都市：鄉村區 ; 非都市編定：乙種建築用地
RPQNMLKLIIMFFAX09CA,六合段,176.63,非都市：一般農業區 ; 非都市編定：甲種建築用地
RPQNMLKLIIMFFAX09CA,六合段,106.46,非都市：一般農業區 ; 非都市編定：交通用地
RPPNMLKMIIMFFAX09CA,竹灣段,1368.34,非都市：一般農業區 ; 非都市編定：農牧用地
RPSNMLNLIIMFFAX96CA,馬公段,11.29,都市：住
RPPNMLNKJIMFFAX66CA,五福段,329.29,非都市：一般農業區 ; 非都市編定：甲種建築用地
RPPNMLNKJIMFFAX66CA,五福段,85.51,非都市：一般農業區 ; 非都市編定：農牧用地
RPPNMLNKJIMFFAX66CA,五福段,131.80,非都市：一般農業區 ; 非都市編定：交通用地
RPRNMLNJJIMFFAX76CA,北極段,15.87,都市：住
RPSNMLOLIIMFFAX17DA,文光段,3.26,都市：住
RPSNMLOLIIMFFAX17DA,文光段,25.19,都市：住
RPTNMLQLIIMFFAX37CA,馬公段,41.00,都市：商
RPTNMLQLIIMFFAX37CA,馬公段,41.00,都市：商
RPRNMLSJJIMFFAX37DA,通梁南段,33.42,都市：其他
RPRNMLSJJIMFFAX37DA,通梁南段,23.93,都市：住
RPRNMLSJJIMFFAX37DA,通梁南段,28.86,都市：其他
RPRNMLSJJIMFFAX37DA,通梁南段,152.33,都市：農
RPRNMLSJJIMFFAX37DA,通梁南段,116.96,都市：農
RPRNMLSJJIMFFAX37DA,通梁南段,115.37,非都市：一般農業區 ; 非都市編定：農牧用地
RPRNMLSJJIMFFAX37DA,通梁南段,78.28,非都市：一般農業區 ; 非都市編定：農牧用地
RPRNMLSJJIMFFAX37DA,通梁南段,423.50,非都市：一般農業區 ; 非都市編定：農牧用地
RPRNMLSJJIMFFAX37DA,通梁南段,140.58,非都市：一般農業區 ; 非都市編定：農牧用地
RPRNMLSJJIMFFAX37DA,通梁中段,55.92,都市：住
RPRNMLSJJIMFFAX37DA,通梁中段,29.04,非都市：一般農業區 ; 非都市編定：農牧用地
RPRNMLSJJIMFFAX37DA,通梁東段,220.78,非都市：一般農業區 ; 非都市編定：農牧用地
RPRNMLSJJIMFFAX37DA,通梁東段,317.75,非都市：一般農業區 ; 非都市編定：農牧用地
RPRNMLSJJIMFFAX37DA,通梁西段,230.46,非都市：一般農業區 ; 非都市編定：農牧用地
RPRNMLSJJIMFFAX37DA,後寮西段,76.58,非都市：一般農業區 ; 非都市編定：農牧用地
RPRNMLSJJIMFFAX37DA,後寮西段,48.50,非都市：一般農業區 ; 非都市編定：農牧用地
RPRNMLSJJIMFFAX37DA,後寮西段,74.05,非都市：一般農業區 ; 非都市編定：農牧用地
RPRNMLRLIIMFFAX27CA,文化段,54.58,都市：住
RPSNMLQLIIMFFAX27CA,潭邊新段,306.00,非都市：一般農業區 ; 非都市編定：農牧用地
RPSNMLKMIIMFFAX76CA,北極段,127.05,都市：住
RPRNMLKMIIMFFAX66CA,北極段,127.67,都市：住
RPQNMLRLIIMFFAX17CA,五福段,85.17,非都市：鄉村區 ; 非都市編定：乙種建築用地
RPUNMLLMIIMFFAX07CA,尖山南段,493.40,非都市：一般農業區 ; 非都市編定：甲種建築用地
RPQNMLRKJIMFFAX17CA,大池段,197.39,非都市：一般農業區 ; 非都市編定：農牧用地
RPRNMLLJJIMFFAX56CA,成功南段,152.26,非都市：一般農業區 ; 非都市編定：農牧用地
RPQNMLRKJIMFFAX17CA,大池段,93.42,非都市： ; 非都市編定：
RPPNMLLMIIMFFAX66DA,中衛段,113.52,都市：工
RPVNMLLMIIMFFAX17CA,水垵段,47.25,非都市：鄉村區 ; 非都市編定：乙種建築用地
RPRNMLLJJIMFFAX56CA,成功南段,152.26,非都市：一般農業區 ; 非都市編定：農牧用地
RPQNMLLMIIMFFAX76DA,中衛段,422.16,都市：工
RPRNMLLMIIMFFAX76CA,北極段,2.81,都市：其他
RPRNMLLMIIMFFAX76CA,北極段,831.03,都市：農
RPRNMLLMIIMFFAX76CA,北極段,20.82,都市：其他
RPSNMLLMIIMFFAX86CA,馬公段,1.34,都市：住
RPSNMLLMIIMFFAX86CA,馬公段,14.06,都市：商
RPXNMLLMIIMFFAX37CA,興崁段,162.11,非都市：一般農業區 ; 非都市編定：甲種建築用地
RPXNMLLMIIMFFAX37CA,興崁段,79.26,非都市：一般農業區 ; 非都市編定：交通用地
RPRNMLRLJIMFFAX47DA,四維段,163.59,非都市：一般農業區 ; 非都市編定：農牧用地
RPRNMLRLJIMFFAX47DA,四維段,158.69,非都市：一般農業區 ; 非都市編定：農牧用地
RPRNMLRLJIMFFAX47DA,四維段,158.69,非都市：一般農業區 ; 非都市編定：農牧用地
RPRNMLRLJIMFFAX47DA,四維段,159.50,非都市：一般農業區 ; 非都市編定：農牧用地
RPRNMLRLJIMFFAX47DA,四維段,177.50,非都市：一般農業區 ; 非都市編定：農牧用地
RPRNMLRLJIMFFAX47DA,四維段,27.69,非都市：一般農業區 ; 非都市編定：交通用地
RPRNMLRLJIMFFAX47DA,四維段,27.69,非都市：一般農業區 ; 非都市編定：交通用地
RPRNMLRLJIMFFAX47DA,四維段,27.69,非都市：一般農業區 ; 非都市編定：交通用地
RPRNMLRLJIMFFAX47DA,四維段,27.69,非都市：一般農業區 ; 非都市編定：交通用地
RPRNMLRLJIMFFAX47DA,四維段,27.69,非都市：一般農業區 ; 非都市編定：交通用地
RPRNMLRLJIMFFAX47DA,四維段,12.81,非都市：一般農業區 ; 非都市編定：交通用地
RPRNMLRLJIMFFAX47DA,四維段,12.81,非都市：一般農業區 ; 非都市編定：交通用地
RPRNMLRLJIMFFAX47DA,四維段,12.81,非都市：一般農業區 ; 非都市編定：交通用地
RPRNMLRLJIMFFAX47DA,四維段,12.81,非都市：一般農業區 ; 非都市編定：交通用地
RPRNMLRLJIMFFAX47DA,四維段,12.81,非都市：一般農業區 ; 非都市編定：交通用地
RPUNMLRLJIMFFAX77DA,馬公段,.06,都市：其他
RPUNMLRLJIMFFAX77DA,馬公段,4.88,都市：其他
RPQNMLRLJIMFFAX27CA,中衛段,181.67,非都市：一般農業區 ; 非都市編定：農牧用地
RPQNMLNJJIMFFAX66CA,興崁段,1010.41,非都市：一般農業區 ; 非都市編定：農牧用地
RPPNMLKKJIMFFAX98CA,井垵西段,509.02,非都市：一般農業區 ; 非都市編定：農牧用地
RPTNMLRLJIMFFAX57CA,講美段,562.34,非都市：一般農業區 ; 非都市編定：農牧用地
RPRNMLMLJIMFFAX86CA,北極段,43.52,都市：住
RPPNMLLJJIMFFAX98CA,光榮段,10.39,都市：住
RPPNMLLJJIMFFAX98CA,光榮段,37.24,都市：住
RPPNMLLJJIMFFAX98CA,光榮段,13.80,都市：住
RPPNMLMJJIMFFAX09CA,馬公段,35.00,都市：商
RPPNMLMJJIMFFAX09CA,馬公段,29.00,都市：商
RPUNMLRJJIMFFAX67EA,湖西北段,755.15,非都市：一般農業區 ; 非都市編定：農牧用地
RPQNMLTJJIMFFAX37DA,興仁段,888.01,非都市：一般農業區 ; 非都市編定：農牧用地
RPQNMLKMJIMFFAX66CA,中衛段,171.67,非都市：一般農業區 ; 非都市編定：甲種建築用地
RPQNMLKMJIMFFAX66CA,中衛段,40.05,非都市：一般農業區 ; 非都市編定：交通用地
RPTNMLRJJIMFFAX57EA,湖西北段,117.72,非都市：一般農業區 ; 非都市編定：農牧用地
RPSNMLRJJIMFFAX27CA,二崁南段,315.23,非都市：風景區 ; 非都市編定：農牧用地
RPSNMLKKJIMFFAX66CA,山水南段,192.33,非都市：一般農業區 ; 非都市編定：農牧用地
RPSNMLRJJIMFFAX27CA,二崁南段,47.80,非都市：風景區 ; 非都市編定：交通用地
RPSNMLKKJIMFFAX66CA,山水南段,203.85,非都市：一般農業區 ; 非都市編定：農牧用地
RPQNMLOKJIMFFAX86CA,通梁中段,194.02,都市：住
RPQNMLOKJIMFFAX86CA,通梁中段,213.41,都市：住
RPPNMLPKJIMFFAX86CA,馬公段,20.88,都市：商
RPPNMLPKJIMFFAX86CA,馬公段,6.54,都市：商
RPQNMLKLJIMFFAX56CA,興崁段,603.11,非都市：一般農業區 ; 非都市編定：農牧用地
RPPNMLKMJIMFFAX56CA,興仁段,233.34,非都市：鄉村區 ; 非都市編定：乙種建築用地
RPRNMLKKJIMFFAX56CA,文寮段,60.05,非都市：一般農業區 ; 非都市編定：甲種建築用地
RPQNMLMKJIMFFAX66CA,鐵線段,26.01,非都市：一般農業區 ; 非都市編定：農牧用地
RPRNMLPKJIMFFAX07CA,文光段,31.27,都市：住
RPSNMLPKJIMFFAX17CA,光榮段,1293.76,都市：其他
RPPNMLTLJIMFFAX57EA,後寮段,669.00,非都市：一般農業區 ; 非都市編定：農牧用地
RPRNMLTLJIMFFAX67DA,五福段,188.58,非都市：一般農業區 ; 非都市編定：農牧用地
RPRNMLTLJIMFFAX67DA,五福段,172.00,非都市：一般農業區 ; 非都市編定：農牧用地
RPRNMLTLJIMFFAX67DA,五福段,.11,非都市：一般農業區 ; 非都市編定：交通用地
RPRNMLTLJIMFFAX67DA,五福段,.10,非都市：一般農業區 ; 非都市編定：交通用地
RPRNMLTLJIMFFAX67DA,五福段,69.79,非都市：一般農業區 ; 非都市編定：交通用地
RPRNMLTLJIMFFAX67DA,五福段,63.62,非都市：一般農業區 ; 非都市編定：交通用地
RPRNMLOKJIMFFAX17EA,馬公段,12.50,都市：商
RPRNMLOKJIMFFAX17EA,馬公段,12.50,都市：商
RPQNMLPKJIMFFAX07DA,城前新段,328.09,非都市：一般農業區 ; 非都市編定：農牧用地
RPQNMLMLJIMFFAX76CA,馬公段,7.00,都市：商
RPQNMLMLJIMFFAX76CA,馬公段,11.03,都市：商
RPQNMLMLJIMFFAX76CA,馬公段,36.00,都市：商
RPQNMLMLJIMFFAX76CA,馬公段,7.00,都市：商
RPSNMLSLJIMFFAX57CA,四維段,35.78,非都市：一般農業區 ; 非都市編定：交通用地
RPSNMLSLJIMFFAX57CA,四維段,163.88,非都市：一般農業區 ; 非都市編定：甲種建築用地
RPRNMLSLJIMFFAX47CA,四維段,35.78,非都市：一般農業區 ; 非都市編定：交通用地
RPRNMLSLJIMFFAX47CA,四維段,155.39,非都市：一般農業區 ; 非都市編定：甲種建築用地
