﻿編號,土地區段位置,土地移轉面積平方公尺,使用分區或編定
The serial number,land sector position,land shifting area square meter,the use zoning or compiles and checks
RPRPMLMKKHNFFCB87CC,惠民段,17.56,都市：其他
RPORMLMKKHNFFCB77CC,惠民段,19.23,都市：其他
RPUQMLMKKHNFFCB28CC,福順段,22.88,都市：住
RPVPMLMKKHNFFCB28CC,惠民段,14.43,都市：其他
RPRSMLMKKHNFFCB18CC,中正段,5.99,都市：商
RPOQMLMKKHNFFCB67CC,福安段,9.00,都市：住
RPUNMLMKKHNFFCB97CC,上石碑段,.00,都市：住
RPPQMLMKKHNFFCB77CC,惠民段,14.21,都市：其他
RPWPMLMKKHNFFCB38CC,福安段,18.25,都市：住
RPWQMLMKKHNFFCB48CC,惠民段,12.94,都市：其他
RPUSMLMKKHNFFCB48CC,中正段,5.99,都市：商
RPWSMLMKKHNFFCB68CC,中正段,10.54,都市：商
RPQPMLMKKHNFFBB67CC,北屯段,7.24,都市：住
RPOTMLMKKHNFFCB97CC,上石碑段,3.40,都市：商
RPOTMLMKKHNFFCB97CC,上石碑段,3.04,都市：商
RPXNMLMKKHNFFBB18CC,太原段,16.29,都市：住
RPSPMLMKKHNFFBB87CC,太順段,21.77,都市：住
RPTQMLMKKHNFFBB08CC,平田段,80.00,都市：住
RPWPMLMKKHNFFBB28CC,東山段,22.48,都市：住
RPPOMLMKKHNFFBB47CC,仁美段,.00,都市：住
RPPOMLMKKHNFFBB47CC,仁美段,.00,都市：住
RPORMLMKKHNFFBB67CC,陳平段,37.79,都市：住
RPRSMLMKKHNFFBB08CC,賴厝段,2.97,都市：商
RPRSMLMKKHNFFBB08CC,邱厝子段,2.39,都市：商
RPVRMLMKKHNFFBB38CC,東新段,.41,都市：住
RPQSMLMKKHNFFBB97CC,賴厝段,2.97,都市：商
RPQSMLMKKHNFFBB97CC,邱厝子段,2.39,都市：商
RPURMLMKKHNFFBB28CC,東新段,.41,都市：住
RPSSMLMKKHNFFBB18CC,賴厝段,2.96,都市：商
RPSSMLMKKHNFFBB18CC,邱厝子段,2.38,都市：商
RPUSMLMKKHNFFBB38CC,賴厝段,3.19,都市：商
RPUSMLMKKHNFFBB38CC,邱厝子段,2.56,都市：商
RPTSMLMKKHNFFBB28CC,賴厝段,.14,都市：商
RPTSMLMKKHNFFBB28CC,邱厝子段,.11,都市：商
RPVSMLMKKHNFFBB48CC,賴厝段,3.24,都市：商
RPVSMLMKKHNFFBB48CC,邱厝子段,2.60,都市：商
RPWOMLMKKHNFFDB38CC,三陽段,319.51,都市：住
RPSOMLMKKHNFFAB67CC,樹子腳段,1.92,都市：商
RPQQMLMKKHNFFCB97DC,民安段,272.03,都市：住
RPQQMLMKKHNFFCB97DC,民安段,270.09,都市：住
RPXSMLMKKHNFFBB68CC,東峰段,10.25,都市：商
RPQTMLMKKHNFFBB08CC,東峰段,9.15,都市：商
RPVOMLMKKHNFFDB28CC,豐南段,75.28,都市：商
RPVOMLMKKHNFFDB28CC,豐南段,10.11,都市：商
RPQQMLNKKHNFFAB77CC,自由段二小段,19.00,都市：住
RPQQMLNKKHNFFAB77CC,自由段二小段,146.00,都市：住
RPRPMLOKKHNFFCB08CC,大進段,25.37,都市：商
RPROMLOKKHNFFDB08CC,豐原段,224.00,都市：住
RPROMLOKKHNFFDB08CC,豐原段,111.00,都市：住
RPXPMLOKKHNFFBB68DC,陳平段,113.00,都市：住
RPXPMLOKKHNFFBB68DC,陳平段,28.90,都市：住
RPQNMLKLKHNFFAB27CC,麻園頭段,.00,都市：住
RPOOMLOKKHNFFHB18CC,大新段,50.16,都市：住
RPROMLLLKHNFFBB67CC,平田段,13.79,都市：住
RPROMLLLKHNFFBB67CC,平田段,2.55,都市：住
RPRNMLNKKHNFFCB77CC,廣明段,.00,都市：住
RPUPMLOKKHNFFCB38CC,上石碑段,13.27,都市：商
RPPTMLNKKHNFFBB08CC,北屯段,24.90,都市：住
RPRNMLLLKHNFFAB47CC,東勢子段,.00,都市：住
RPSPMLLLKHNFFBB87CC,賴厝段,.28,都市：商
RPSPMLLLKHNFFBB87CC,邱厝子段,.22,都市：商
RPQPMLLLKHNFFBB67CC,賴厝段,9.65,都市：住
RPUPMLLLKHNFFBB08CC,松昌段,157.00,都市：住
RPQQMLLLKHNFFBB77CC,東峰段,9.57,都市：商
RPWPMLLLKHNFFBB28CC,東峰段,5.84,都市：商
RPPQMLLLKHNFFBB67CC,東峰段,11.63,都市：商
RPWNMLLLKHNFFCB18CC,大進段,15.09,都市：住
RPQOMLLLKHNFFCB67CC,國安段,11.87,都市：住
RPOQMLLLKHNFFBB57CC,東峰段,10.62,都市：商
RPOPMLLLKHNFFCB57CC,上石碑段,3.48,都市：商
RPPPMLLLKHNFFCB67CC,中正段,9.74,都市：商
RPRPMLLLKHNFFCB87CC,大墩段,4.76,都市：住
RPTPMLLLKHNFFCB08CC,中正段,10.54,都市：商
RPOPMLNLKHNFFCB77CC,上石碑段,4.61,都市：商
RPSPMLLLKHNFFCB97CC,中正段,5.67,都市：商
RPPQMLNLKHNFFCB97CC,國安段,.00,都市：住
RPPQMLNLKHNFFCB97CC,國安段,.00,都市：住
RPSQMLNLKHNFFCB28CC,大進段,.00,都市：商
RPXOMLMLKHNFFCB48CC,惠仁段,125.45,都市：住
RPPOMLMLKHNFFCB67CC,國安段,.00,都市：住
RPUPMLMLKHNFFCB28CC,福順段,22.88,都市：住
RPTNMLNLKHNFFAB87CC,旱溪段,234.00,都市：住
RPWNMLNLKHNFFIB98CC,新三和段,79.63,都市：住
RPTPMLMLKHNFFCB18CC,大明段,84.00,都市：商
RPQNMLOLKHNFFAB67CC,麻園頭段,16.61,都市：住
RPRNMLOLKHNFFCB97CC,中正段,5.55,都市：住
RPSNMLQLKHNFFCB28CC,大墩段,26.44,都市：住
RPPNMLOLKHNFFDB87CC,南村段,41.12,都市：住
RPVNMLQLKHNFFCB58CC,何厝段,.00,都市：商
RPVNMLQLKHNFFCB58CC,何厝段,.00,都市：商
RPPPMLQLKHNFFCB18CC,寶文段,.00,非都市： ; 非都市編定：
RPPOMLNLKHNFFAB57CC,後子段,6.09,都市：住
RPSOMLQLKHNFFCB38CC,上石碑段,60.00,都市：其他
RPSOMLQLKHNFFCB38CC,上石碑段,60.00,都市：其他
RPUQMLQLKHNFFCB78CC,寶文段,.00,非都市： ; 非都市編定：
RPTOMLQLKHNFFCB48CC,寶山段,7.59,都市：住
RPPQMLQLKHNFFCB28CC,寶文段,.00,非都市： ; 非都市編定：
RPSPMLQLKHNFFCB48CC,寶文段,.00,非都市： ; 非都市編定：
RPPRMLQLKHNFFCB38CC,寶文段,.00,非都市： ; 非都市編定：
RPOQMLQLKHNFFCB18CC,寶文段,.00,非都市： ; 非都市編定：
RPTRMLQLKHNFFCB78CC,寶文段,.00,非都市： ; 非都市編定：
RPXQMLQLKHNFFCB09CC,寶文段,.00,非都市： ; 非都市編定：
RPWNMLQLKHNFFAB48CC,麻園頭段,.00,都市：住
RPURMLQLKHNFFCB88CC,寶文段,.00,非都市： ; 非都市編定：
RPRNMLQLKHNFFIB78CC,美群段,25.38,非都市：鄉村區 ; 非都市編定：乙種建築用地
RPPOMLQLKHNFFAB87CC,下橋子頭段,1.85,都市：商
RPPOMLQLKHNFFJB78CC,東平段,25.60,都市：其他
RPVRMLQLKHNFFCB98CC,寶文段,.00,非都市： ; 非都市編定：
RPPOMLRLKHNFFAB97CC,麻園頭段,22.39,都市：住
RPPNMLRLKHNFFAB87CC,福壽段二小段,.00,都市：住
RPQOMLQLKHNFFJB88CC,東平段,25.60,都市：其他
RPUNMLRLKHNFFAB38CC,麻園頭段,10.97,都市：住
RPOOMLRLKHNFFAB87CC,麻園頭段,11.77,都市：住
RPUNMLQLKHNFFHB98CC,四德段,74.00,都市：住
RPOPMLRLKHNFFBB08CC,平田段,77.00,都市：住
RPQOMLRLKHNFFAB08CC,麻園頭段,13.24,都市：住
RPPPMLRLKHNFFBB18CC,北屯段,12.85,都市：住
RPTNMLRLKHNFFCB48CC,國安段,11.87,都市：住
RPOPMLRLKHNFFCB18CC,何厝段,10.66,都市：住
RPUOMLRLKHNFFCB68CC,何安段,12.83,都市：住
RPUOMLRLKHNFFCB68CC,何安段,15.73,都市：住
RPUPMLRLKHNFFCB78CC,惠仁段,21.39,都市：住
RPORMLRLKHNFFCB38CC,大新段,15.77,都市：住
RPRQMLRLKHNFFCB58CC,寶文段,.00,非都市： ; 非都市編定：
RPPPMLRLKHNFFCB28CC,豐富段,73.31,都市：住
RPWPMLRLKHNFFBB88CC,東光段,20.57,都市：住
RPWQMLRLKHNFFCB09CC,永春段,650.50,都市：住
RPPQMLRLKHNFFCB38CC,寶文段,.00,非都市： ; 非都市編定：
RPRRMLRLKHNFFCB68CC,上石碑段,26.28,都市：住
RPTNMLSLKHNFFCB58CC,國安段,125.00,都市：其他
RPUNMLLJLHNFFCB87CC,何厝段,25.02,都市：商
RPVNMLLJLHNFFCB97CC,大墩段,22.21,都市：住
RPVOMLLJLHNFFCB08CC,黎明段,14.32,都市：住
RPWOMLLJLHNFFCB18CC,惠智段,9.76,都市：住
RPQQMLLJLHNFFCB77CC,寶文段,.00,非都市： ; 非都市編定：
RPXPMLLJLHNFFBB28CC,東峰段,11.13,都市：商
RPRQMLLJLHNFFCB87CC,寶文段,.00,非都市： ; 非都市編定：
RPSQMLLJLHNFFCB97CC,寶文段,.00,非都市： ; 非都市編定：
RPQQMLLJLHNFFBB67CC,東峰段,6.93,都市：商
RPUQMLLJLHNFFCB18CC,寶文段,.00,非都市： ; 非都市編定：
RPXPMLMJLHNFFBB38CC,景美段,238.01,都市：住
RPPNMLMJLHNFFAB27CC,下橋子頭段,1.83,都市：商
RPRQMLMJLHNFFAB77CC,旱溪段,164.00,都市：住
RPRQMLMJLHNFFAB77CC,旱溪段,28.00,都市：住
RPRQMLMJLHNFFAB77CC,旱溪段,118.00,都市：住
RPRQMLMJLHNFFAB77CC,旱溪段,59.00,都市：住
RPPNMLNJLHNFFCB57CC,寶文段,.00,非都市： ; 非都市編定：
RPRNMLMJLHNFFAB47CC,下橋子頭段,1.87,都市：商
RPOQMLLJLHNFFBB47CC,東峰段,11.80,都市：商
RPQNMLMJLHNFFAB37CC,下橋子頭段,1.83,都市：商
RPQNMLNJLHNFFCB67CC,寶文段,.00,非都市： ; 非都市編定：
RPSQMLMJLHNFFAB87CC,後子段,8.30,都市：住
RPSNMLNJLHNFFCB87CC,寶文段,.00,非都市： ; 非都市編定：
RPUNMLNJLHNFFCB08CC,寶文段,.00,非都市： ; 非都市編定：
RPVNMLNJLHNFFCB18CC,寶文段,.00,非都市： ; 非都市編定：
RPRNMLNJLHNFFCB77CC,寶文段,.00,非都市： ; 非都市編定：
RPXNMLNJLHNFFCB38CC,寶文段,.00,非都市： ; 非都市編定：
RPOOMLNJLHNFFCB57CC,寶文段,.00,非都市： ; 非都市編定：
RPQOMLNJLHNFFCB77CC,寶文段,.00,非都市： ; 非都市編定：
RPPOMLNJLHNFFCB67CC,寶文段,.00,非都市： ; 非都市編定：
RPROMLNJLHNFFCB87CC,寶文段,.00,非都市： ; 非都市編定：
RPSOMLNJLHNFFCB97CC,寶文段,.00,非都市： ; 非都市編定：
RPTOMLNJLHNFFCB08CC,寶文段,.00,非都市： ; 非都市編定：
RPUOMLNJLHNFFCB18CC,寶文段,.00,非都市： ; 非都市編定：
RPOPMLNJLHNFFCB67CC,寶文段,.00,非都市： ; 非都市編定：
RPQPMLNJLHNFFCB87CC,寶文段,.00,非都市： ; 非都市編定：
RPRPMLNJLHNFFCB97CC,寶文段,.00,非都市： ; 非都市編定：
RPUNMLPJLHNFFCB28CC,寶文段,8.08,都市：住
RPWOMLNJLHNFFCB38CC,寶文段,.00,非都市： ; 非都市編定：
RPQOMLPJLHNFFCB97CC,寶文段,8.08,都市：住
RPPOMLPJLHNFFCB87CC,楓樹段,82.00,都市：住
RPPPMLNJLHNFFCB77CC,寶文段,.00,非都市： ; 非都市編定：
RPVOMLNJLHNFFCB28CC,寶文段,.00,非都市： ; 非都市編定：
RPSQMLPJLHNFFCB38CC,上石碑段,.00,都市：住
RPSQMLPJLHNFFCB38CC,上石碑段,.00,都市：住
RPSQMLPJLHNFFCB38CC,上石碑段,.00,都市：住
RPSQMLPJLHNFFCB38CC,上石碑段,.00,都市：住
RPSQMLPJLHNFFCB38CC,上石碑段,.00,都市：住
RPUNMLPJLHNFFAB08CC,麻園頭段,32.23,都市：住
RPXOMLNJLHNFFCB48CC,寶文段,.00,非都市： ; 非都市編定：
RPWPMLPJLHNFFCB68CC,惠國段,20.89,都市：其他
RPPNMLPJLHNFFHB28CC,四維段,23.97,都市：住
RPVNMLPJLHNFFDB58DC,車路墘段車路墘小段,62.00,都市：住
RPQNMLPJLHNFFHB38CC,四維段,23.97,都市：住
RPRRMLPJLHNFFBB28CC,景美段,144.93,都市：住
RPXNMLPJLHNFFDB78DC,順豐段,812.40,都市：農
RPUNMLQJLHNFFAB18CC,麻園頭段,.00,都市：住
RPSNMLQJLHNFFIB88DC,大孝段,81.40,都市：住
RPUNMLQJLHNFFCB38CC,惠民段,12.86,都市：其他
RPXOMLQJLHNFFAB58CC,麻園頭段,39.30,都市：住
RPWOMLQJLHNFFCB68CC,寶文段,5824.17,都市：工
RPQNMLQJLHNFFAB77CC,公館段,5.10,都市：商
RPQNMLQJLHNFFAB77CC,公館段,3.02,都市：商
RPWNMLQJLHNFFCB58CC,惠民段,41.30,都市：其他
RPPPMLRJLHNFFCB18CC,西屯段,19.51,都市：住
RPVOMLRJLHNFFCB68CC,惠安段,6.48,都市：商
RPRPMLRJLHNFFCB38CC,寶文段,.00,非都市： ; 非都市編定：
RPQNMLRJLHNFFCB08CC,惠民段,12.67,都市：其他
RPOPMLRJLHNFFCB08CC,何安段,5.09,都市：住
RPXOMLRJLHNFFCB88CC,下石碑段,29.77,都市：住
RPQOMLRJLHNFFDB28CC,豐社段,80.31,都市：住
RPROMLRJLHNFFAB08CC,後子段,216.00,都市：住
RPROMLRJLHNFFAB08CC,後子段,160.00,都市：住
RPSNMLRJLHNFFHB78CC,上楓段,126.00,都市：住
RPWOMLRJLHNFFCB88DC,信安段,90.50,都市：住
RPOOMLRJLHNFFJB68CC,育賢段,142.72,都市：住
RPWPMLSJLHNFFBB88CC,中清段,78.00,都市：住
RPWPMLSJLHNFFBB88CC,中清段,146.00,都市：住
RPQNMLSJLHNFFJB88CC,育賢段,103.94,都市：住
RPTNMLSJLHNFFCB58DC,南屯段,70.00,都市：住
RPWNMLTJLHNFFCB88CC,中正段,5.99,都市：住
RPWNMLRJLHNFFBB58CC,平田段,.00,都市：住
RPUNMLSJLHNFFCB58CC,大進段,5412.00,都市：住
RPTOMLSJLHNFFBB48CC,賴厝段,.00,都市：住
RPVNMLTJLHNFFCB78CC,中正段,5.27,都市：住
RPROMLSJLHNFFIB98CC,錦州段,129.43,非都市：鄉村區 ; 非都市編定：乙種建築用地
RPOOMLTJLHNFFCB18CC,中正段,5.55,都市：住
RPXOMLTJLHNFFCB09CC,寶文段,8.08,都市：住
RPSOMLTJLHNFFCB58CC,中正段,5.55,都市：住
RPPOMLTJLHNFFCB28CC,中正段,7.85,都市：住
RPQOMLTJLHNFFCB38CC,中正段,6.92,都市：住
RPRPMLTJLHNFFCB58CC,寶文段,8.08,都市：住
RPOPMLTJLHNFFCB28CC,寶文段,8.08,都市：住
RPQQMLTJLHNFFCB58CC,寶文段,8.08,都市：住
RPRQMLTJLHNFFCB68CC,寶文段,8.08,都市：住
RPUPMLTJLHNFFCB88CC,寶文段,8.08,都市：住
RPUQMLTJLHNFFCB98CC,寶文段,10.06,都市：住
RPVNMLTJLHNFFAB58CC,中華段四小段,95.04,都市：住
RPVNMLTJLHNFFAB58CC,中華段四小段,1.82,都市：住
RPTNMLLKLHNFFCB87CC,寶文段,.00,非都市： ; 非都市編定：
RPVNMLLKLHNFFCB08CC,寶文段,.00,非都市： ; 非都市編定：
RPSOMLTJLHNFFAB38CC,後子段,204.00,都市：住
RPSOMLTJLHNFFAB38CC,後子段,12.00,都市：住
RPSOMLTJLHNFFAB38CC,後子段,73.00,都市：住
RPWNMLLKLHNFFCB18CC,寶文段,.00,非都市： ; 非都市編定：
RPVPMLTJLHNFFBB88CC,東義段,115.00,都市：住
RPPNMLKKLHNFFAB17CC,下橋子頭段,13.15,都市：住
RPUNMLLKLHNFFCB97CC,寶文段,.00,非都市： ; 非都市編定：
RPXNMLLKLHNFFCB28CC,寶文段,.00,非都市： ; 非都市編定：
RPOOMLLKLHNFFCB47CC,寶文段,.00,非都市： ; 非都市編定：
RPPOMLLKLHNFFCB57CC,寶文段,.00,非都市： ; 非都市編定：
RPQOMLLKLHNFFCB67CC,寶文段,.00,非都市： ; 非都市編定：
RPOPMLMKLHNFFCB67CC,中正段,6.24,都市：商
RPSPMLMKLHNFFCB08CC,三塊厝段,23.75,都市：住
RPTPMLMKLHNFFCB18CC,上石碑段,3.44,都市：商
RPTPMLMKLHNFFCB18CC,上石碑段,3.07,都市：商
RPRPMLMKLHNFFCB97CC,中正段,5.63,都市：商
RPVPMLMKLHNFFCB38CC,上石碑段,3.40,都市：商
RPVPMLMKLHNFFCB38CC,上石碑段,3.04,都市：商
RPPQMLMKLHNFFCB87CC,中正段,6.24,都市：商
RPWPMLMKLHNFFCB48CC,中正段,5.99,都市：商
RPRQMLMKLHNFFCB08CC,中正段,9.49,都市：商
RPQQMLMKLHNFFCB97CC,中正段,9.49,都市：商
RPUQMLMKLHNFFBB28CC,東峰段,11.80,都市：商
RPTQMLMKLHNFFBB18CC,賴厝段,3.34,都市：商
RPTQMLMKLHNFFBB18CC,邱厝子段,2.68,都市：商
RPSQMLMKLHNFFBB08CC,賴厝段,.14,都市：商
RPSQMLMKLHNFFBB08CC,邱厝子段,.11,都市：商
RPSQMLMKLHNFFCB18CC,上石碑段,3.44,都市：商
RPSQMLMKLHNFFCB18CC,上石碑段,3.07,都市：商
RPSNMLNKLHNFFAB77CC,下橋子頭段,.00,都市：住
RPQOMLNKLHNFFAB67CC,麻園頭段,17.56,都市：住
RPTNMLNKLHNFFAB97DC,後子段,342.00,都市：商
RPTOMLNKLHNFFCB18CC,上石碑段,166.00,都市：住
RPVPMLOKLHNFFCB58CC,寶文段,8.08,都市：住
RPXOMLNKLHNFFDB68CC,豐村段,713.88,都市：工
RPXPMLOKLHNFFCB78CC,寶文段,8.08,都市：住
RPOQMLOKLHNFFCB97CC,寶文段,10.06,都市：住
RPPQMLOKLHNFFCB08CC,寶文段,9.45,都市：住
RPSOMLNKLHNFFCB08CC,中正段,6.71,都市：住
RPOPMLNKLHNFFCB77CC,大墩段,16.97,都市：住
RPUQMLOKLHNFFCB58CC,豐功段,72.66,都市：住
RPVQMLOKLHNFFCB68CC,寶文段,58.42,都市：住
RPXQMLOKLHNFFCB88CC,永富段,450.00,都市：住
RPORMLOKLHNFFCB08CC,寶文段,65.14,都市：住
RPWRMLOKLHNFFCB88CC,寶文段,58.42,都市：住
RPSRMLOKLHNFFCB48CC,寶文段,65.14,都市：住
RPTRMLOKLHNFFCB58CC,寶文段,65.14,都市：住
RPSQMLOKLHNFFBB28CC,賴厝段,3.42,都市：商
RPSQMLOKLHNFFBB28CC,邱厝子段,2.75,都市：商
RPOSMLOKLHNFFCB18CC,寶文段,58.42,都市：住
RPTSMLOKLHNFFCB68CC,惠國段,42.05,都市：其他
RPQRMLOKLHNFFCB28CC,寶文段,27.91,都市：住
RPTQMLOKLHNFFBB38CC,賴厝段,.21,都市：商
RPTQMLOKLHNFFBB38CC,邱厝子段,.17,都市：商
RPUQMLOKLHNFFBB48CC,賴厝段,3.26,都市：商
RPUQMLOKLHNFFBB48CC,邱厝子段,2.61,都市：商
RPXRMLOKLHNFFCB98CC,寶文段,58.42,都市：住
RPPSMLOKLHNFFCB28CC,惠仁段,21.41,都市：商
RPXQMLOKLHNFFBB78CC,賴厝段,4.71,都市：商
RPXQMLOKLHNFFBB78CC,邱厝子段,3.78,都市：商
RPQNMLQKLHNFFCB08CC,三塊厝段,5.50,都市：住
RPTNMLPKLHNFFBB18CC,文正段,13.40,都市：商
RPPOMLQKLHNFFCB08CC,中正段,5.87,都市：商
RPWNMLQKLHNFFCB68CC,田心段,105.87,都市：住
RPQOMLQKLHNFFCB18CC,國安段,9.52,都市：住
RPOOMLPKLHNFFCB87CC,豐業段,1861.25,都市：其他
RPWQMLOKLHNFFBB68CC,賴厝段,3.35,都市：商
RPWQMLOKLHNFFBB68CC,邱厝子段,2.69,都市：商
RPXNMLQKLHNFFCB78CC,中正段,5.31,都市：商
RPVOMLQKLHNFFCB68CC,保安段,.00,都市：商
RPVOMLQKLHNFFCB68CC,保安段,.00,都市：住
RPRNMLQKLHNFFBB08CC,青萍段,.00,都市：住
RPQPMLQKLHNFFCB28CC,豐功段,.00,都市：住
RPQPMLQKLHNFFBB28DC,軍福段,945.15,都市：商
RPPPMLQKLHNFFBB08CC,東峰段,11.13,都市：商
RPOPMLQKLHNFFBB97CC,東峰段,9.24,都市：商
RPTNMLQKLHNFFDB58DC,大洲段,19.81,都市：住
RPUOMLQKLHNFFCB58CC,上石碑段,10.70,都市：商
RPWNMLQKLHNFFBB68DC,錦村段,4.68,都市：住
RPWNMLQKLHNFFBB68DC,錦村段,2.96,都市：住
RPVNMLRKLHNFFCB68CC,寶文段,.00,非都市： ; 非都市編定：
RPTOMLQKLHNFFBB38CC,松竹段,28.00,都市：住
RPUOMLQKLHNFFBB58DC,建和段,108.00,都市：住
RPTOMLQKLHNFFJB66DC,太平段,3414.00,都市：住
RPPOMLRKLHNFFCB18CC,寶文段,.00,非都市： ; 非都市編定：
RPQOMLRKLHNFFCB28CC,寶文段,.00,非都市： ; 非都市編定：
RPROMLRKLHNFFCB38CC,寶文段,.00,非都市： ; 非都市編定：
RPSOMLRKLHNFFCB48CC,寶文段,.00,非都市： ; 非都市編定：
RPVOMLRKLHNFFCB78CC,寶文段,.00,非都市： ; 非都市編定：
RPUOMLRKLHNFFCB68CC,寶文段,.00,非都市： ; 非都市編定：
RPTOMLRKLHNFFCB58CC,寶文段,.00,非都市： ; 非都市編定：
RPRNMLSKLHNFFCB38CC,寶文段,.00,非都市： ; 非都市編定：
RPQNMLSKLHNFFCB28CC,寶文段,.00,非都市： ; 非都市編定：
RPWOMLRKLHNFFCB88CC,寶文段,.00,非都市： ; 非都市編定：
RPXNMLTKLHNFFCB09CC,中和段,.00,都市：住
RPOPMLTKLHNFFCB38CC,大墩段,8.89,都市：住
RPVPMLTKLHNFFCB09CC,惠民段,12.67,都市：其他
RPQPMLTKLHNFFCB58CC,惠民段,20.40,都市：其他
RPOPMLRKLHNFFCB18CC,寶文段,.00,非都市： ; 非都市編定：
RPXPMLTKLHNFFCB66CC,福德段,16.75,都市：住
RPQQMLTKLHNFFCB68CC,大新段,16.48,都市：住
RPUQMLTKLHNFFCB09CC,大進段,14.69,都市：住
RPUPMLTKLHNFFCB98CC,福順段,6.49,都市：住
RPUPMLTKLHNFFCB98CC,福順段,25.25,都市：住
RPPNMLTKLHNFFJB98CC,育賢段,141.53,都市：其他
RPWNMLTKLHNFFDB09CC,新東陽段,265.00,都市：農
RPQNMLTKLHNFFBB28CC,東山段,11.60,都市：住
RPTPMLTKLHNFFCB88CC,惠民段,13.94,都市：其他
RPXOMLTKLHNFFBB09CC,平田段,6.64,都市：住
RPOQMLTKLHNFFCB48CC,惠民段,6.32,都市：其他
RPRPMLTKLHNFFCB68CC,民安段,26.71,都市：住
RPVPMLTKLHNFFBB98CC,北屯段,7.79,都市：住
RPQPMLTKLHNFFAB38CC,樹子腳段,1.93,都市：住
RPOQMLTKLHNFFBB38CC,東新段,4.42,都市：住
RPWOMLTKLHNFFAB88CC,樹子腳段,1.94,都市：住
RPWNMLKLLHNFFBB08CC,東義段,28.71,都市：住
RPVNMLKLLHNFFBB97CC,東正段,14.94,都市：住
RPPNMLKLLHNFFAB27CC,麻園頭段,.00,都市：商
RPVPMLKLLHNFFAB08CC,土庫段,5.88,都市：其他
RPVPMLKLLHNFFAB08CC,土庫段,5.82,都市：其他
RPVPMLKLLHNFFAB08CC,土庫段,4.48,都市：其他
RPVPMLKLLHNFFAB08CC,土庫段,.76,都市：其他
RPPNMLKLLHNFFCB47CC,惠民段,17.14,都市：其他
RPUNMLKLLHNFFCB97CC,中義段,96.00,都市：住
RPSNMLLLLHNFFJB58CC,新興段,.00,都市：住
RPRNMLLLLHNFFDB87CC,陽明段,98.00,都市：住
RPRNMLLLLHNFFAB57CC,下橋子頭段,1.83,都市：商
RPVPMLLLLHNFFCB38CC,中正段,10.18,都市：商
RPVNMLKLLHNFFIB68CC,頭前厝北段,1513.81,都市：工
RPVNMLKLLHNFFIB68CC,頭前厝北段,841.92,都市：工
RPVNMLKLLHNFFIB68CC,頭前厝北段,64.13,都市：工
RPVNMLKLLHNFFIB68CC,頭前厝北段,165.31,都市：工
RPSNMLLLLHNFFAB67CC,下橋子頭段,1.83,都市：商
RPUPMLLLLHNFFCB28CC,中正段,7.04,都市：商
RPXNMLLLLHNFFAB18CC,麻園頭段,9.46,都市：住
RPPNMLLLLHNFFAB37CC,下橋子頭段,1.83,都市：商
RPRNMLKLLHNFFCB67CC,惠民段,29.49,都市：其他
RPWNMLLLLHNFFBB18CC,東山段,22.35,都市：住
RPVPMLLLLHNFFBB28CC,賴厝段,2.96,都市：商
RPVOMLLLLHNFFAB08CC,下橋子頭段,3.42,都市：商
RPVPMLLLLHNFFBB28CC,邱厝子段,2.38,都市：商
RPWPMLLLLHNFFBB38CC,賴厝段,2.98,都市：商
RPWPMLLLLHNFFBB38CC,邱厝子段,2.39,都市：商
RPUNMLLLLHNFFBB97CC,水源段,.00,都市：住
RPSPMLLLLHNFFBB97CC,賴厝段,.21,都市：商
RPSPMLLLLHNFFBB97CC,邱厝子段,.17,都市：商
RPUPMLLLLHNFFBB18CC,賴厝段,3.26,都市：商
RPUPMLLLLHNFFBB18CC,邱厝子段,2.62,都市：商
RPWNMLMLLHNFFBB28CC,東山段,143.99,都市：住
RPUNMLMLLHNFFAB97CC,麻園頭段,186.00,都市：商
RPQNMLMLLHNFFCB77CC,國安段,.00,都市：住
RPVPMLNLLHNFFCB58CC,寶文段,65.14,都市：住
RPTQMLNLLHNFFCB48CC,寶文段,8.08,都市：住
RPQQMLNLLHNFFCB18CC,寶文段,9.30,都市：住
RPOPMLNLLHNFFCB87CC,大墩段,28.31,都市：商
RPOQMLNLLHNFFCB97CC,寶文段,9.76,都市：住
RPXPMLNLLHNFFCB78CC,寶文段,65.14,都市：住
RPSOMLMLLHNFFCB08CC,田心段,7.04,都市：住
RPRNMLMLLHNFFCB87CC,國安段,.00,都市：住
RPPOMLMLLHNFFCB77CC,田心段,32.13,都市：住
RPVQMLNLLHNFFCB68CC,寶文段,8.08,都市：住
RPWQMLNLLHNFFCB78CC,寶文段,10.06,都市：住
RPXQMLNLLHNFFCB88CC,寶文段,8.08,都市：住
RPORMLNLLHNFFCB08CC,寶文段,9.45,都市：住
RPPRMLNLLHNFFCB18CC,寶文段,9.76,都市：住
RPVOMLNLLHNFFCB58DC,保安段,.00,都市：住
RPQRMLNLLHNFFCB28CC,寶文段,9.76,都市：住
RPTNMLOLLHNFFCB28CC,寶文段,8.08,都市：住
RPTNMLNLLHNFFBB08CC,東山段,25.09,都市：住
RPUNMLOLLHNFFCB38CC,寶文段,8.08,都市：住
RPRPMLQLLHNFFCB48CC,大明段,.00,都市：住
RPVOMLQLLHNFFCB78CC,田心段,.00,都市：住
RPPNMLNLLHNFFBB67CC,水源段,.00,都市：住
RPVNMLNLLHNFFJB09CC,育賢段,.00,都市：商
RPRNMLOLLHNFFCB08CC,大墩段,.00,都市：住
RPUNMLQLLHNFFAB38CC,下橋子頭段,23.10,都市：住
RPVOMLQLLHNFFBB68CC,松茂段,24.74,都市：住
RPUNMLRLLHNFFIB66CC,大仁段,129.10,都市：住
RPXOMLRLLHNFFBB98CC,邱厝子段,3.60,都市：住
RPPOMLRLLHNFFBB18CC,文正段,45.08,都市：住
RPUOMLQLLHNFFAB48CC,後子段,2.87,都市：住
RPUOMLQLLHNFFAB48CC,後子段,2.87,都市：住
RPUOMLQLLHNFFAB48CC,後子段,2.87,都市：住
RPTNMLRLLHNFFCB58CC,中正段,5.91,都市：住
RPWNMLRLLHNFFCB88CC,中正段,5.99,都市：住
RPTQMLRLLHNFFCB88CC,福德段,25.24,都市：住
RPUQMLRLLHNFFCB98CC,惠安段,10.16,都市：商
RPTNMLRLLHNFFDB78DC,永豐段,90.48,都市：工
RPSQMLRLLHNFFCB78CC,田心段,.00,都市：住
RPUNMLRLLHNFFDB88DC,北陽段,112.82,都市：住
RPPOMLRLLHNFFCB28CC,中正段,5.91,都市：住
RPVNMLSLLHNFFBB78CC,東山段,25.09,都市：住
RPQNMLSLLHNFFCB38CC,上石碑段,17.32,都市：住
RPQNMLTLLHNFFHB98CC,學雅段,27.00,都市：住
RPQNMLTLLHNFFHB98CC,學雅段,14.80,都市：住
RPQNMLSLLHNFFAB18CC,公館段,1.04,都市：住
RPQNMLSLLHNFFAB18CC,公館段,1.21,都市：住
RPQQMLTLLHNFFBB78DC,東光段,2.75,都市：住
RPPQMLTLLHNFFBB68DC,賴厝段,6.43,都市：住
RPOPMLTLLHNFFCB58DC,上石碑段,5.28,都市：住
RPXOMLTLLHNFFCB76DC,田心段,11.98,都市：住
RPWOMLTLLHNFFCB66DC,田心段,12.05,都市：住
RPOOMLTLLHNFFAB28DC,公館段,2.17,都市：住
RPOOMLTLLHNFFAB28DC,公館段,2.51,都市：住
RPPOMLTLLHNFFAB38DC,公館段,1.48,都市：住
RPPOMLTLLHNFFAB38DC,公館段,1.29,都市：住
RPSRMLTLLHNFFBB98CC,同榮段,15.10,都市：住
RPRNMLTLLHNFFCB58CC,寶文段,.00,非都市： ; 非都市編定：
RPSNMLTLLHNFFCB68CC,寶文段,.00,非都市： ; 非都市編定：
RPTNMLTLLHNFFCB78CC,寶文段,.00,非都市： ; 非都市編定：
RPVNMLTLLHNFFCB98CC,寶文段,.00,非都市： ; 非都市編定：
RPQOMLTLLHNFFCB58CC,寶文段,.00,非都市： ; 非都市編定：
RPTOMLTLLHNFFCB88CC,寶文段,.00,非都市： ; 非都市編定：
RPXNMLTLLHNFFCB56CC,寶文段,.00,非都市： ; 非都市編定：
RPUOMLTLLHNFFCB98CC,寶文段,.00,非都市： ; 非都市編定：
RPPOMLTLLHNFFCB48CC,寶文段,.00,非都市： ; 非都市編定：
RPUNMLTLLHNFFCB88CC,寶文段,.00,非都市： ; 非都市編定：
RPQPMLTLLHNFFCB68CC,惠仁段,19.64,都市：商
RPWNMLTLLHNFFCB09CC,寶文段,.00,非都市： ; 非都市編定：
RPTNMLKMLHNFFCB97CC,惠義段,25.80,都市：住
RPVQMLTLLHNFFCB66CC,大墩段,7.97,都市：住
RPRNMLKMLHNFFCB77CC,永富段,.00,都市：住
RPQPMLKMLHNFFCB87CC,寶文段,10.07,都市：住
RPRPMLKMLHNFFCB97CC,寶文段,65.14,都市：住
RPUPMLKMLHNFFCB28CC,寶文段,9.03,都市：住
RPTPMLKMLHNFFCB18CC,寶文段,9.76,都市：住
RPWQMLKMLHNFFCB58CC,寶文段,.00,非都市： ; 非都市編定：
RPORMLKMLHNFFCB87CC,寶文段,.00,非都市： ; 非都市編定：
RPPRMLKMLHNFFBB97DC,太祥段,15.94,都市：住
RPVRMLKMLHNFFCB58CC,大進段,11.11,都市：住
RPRRMLKMLHNFFCB18CC,寶文段,.00,非都市： ; 非都市編定：
RPTOMLKMLHNFFBB97CC,東正段,14.44,都市：住
RPSRMLKMLHNFFCB28CC,寶文段,.00,非都市： ; 非都市編定：
RPVNMLKMLHNFFCB28DC,何厝段,.00,都市：商
RPQNMLLMLHNFFDB87CC,豐社段,160.00,都市：住
RPWOMLKMLHNFFIB09DC,成功段,25.47,都市：住
RPWNMLLMLHNFFIB98CC,新榮泉段,27.40,都市：住
RPPOMLLMLHNFFAB57CC,土庫段,4.48,都市：住
RPTNMLLMLHNFFDB18CC,大洲段,19.46,都市：住
RPSNMLLMLHNFFDB08CC,豐原段,13.50,都市：住
RPUNMLLMLHNFFCB18CC,大墩段,9.60,都市：住
RPRNMLLMLHNFFCB87CC,上石碑段,13.73,都市：商
RPSOMLKMLHNFFAB77CC,麻園頭段,16.46,都市：住
RPWNMLLMLHNFFCB38CC,大墩段,10.24,都市：住
RPVNMLKMLHNFFAB97CC,建國段五小段,54.00,都市：商
RPOOMLMJMHNFFCB57CC,惠民段,19.05,都市：商
RPVNMLMJMHNFFCB18CC,國安段,19.57,都市：住
RPROMLMJMHNFFCB87CC,何安段,4.90,都市：住
RPXOMLLMLHNFFCB58CC,上石碑段,.00,都市：住
RPWOMLLMLHNFFBB38CC,賴厝段,2.67,都市：商
RPXQMLMJMHNFFCB68CC,上石碑段,41.00,都市：住
RPXQMLMJMHNFFCB68CC,上石碑段,17.00,都市：住
RPORMLMJMHNFFCB87CC,民安段,.00,都市：住
RPQQMLMJMHNFFBB87CC,賴厝段,3.16,都市：商
RPQQMLMJMHNFFBB87CC,邱厝子段,2.54,都市：商
RPSRMLMJMHNFFCB28CC,中正段,5.91,都市：商
RPUQMLMJMHNFFBB28CC,賴厝段,4.06,都市：商
RPUQMLMJMHNFFBB28CC,邱厝子段,3.26,都市：商
RPRRMLMJMHNFFCB18CC,中正段,5.27,都市：商
RPSQMLMJMHNFFBB08CC,賴厝段,2.96,都市：商
RPSQMLMJMHNFFBB08CC,邱厝子段,2.37,都市：商
RPOQMLMJMHNFFBB67CC,賴厝段,3.26,都市：商
RPOQMLMJMHNFFBB67CC,邱厝子段,2.61,都市：商
RPVOMLMJMHNFFBB18CC,東義段,.00,都市：住
RPTRMLMJMHNFFCB38CC,上石碑段,3.30,都市：商
RPTRMLMJMHNFFCB38CC,上石碑段,2.95,都市：商
RPPQMLMJMHNFFBB77CC,賴厝段,3.16,都市：商
RPPQMLMJMHNFFBB77CC,邱厝子段,2.53,都市：商
RPOOMLMJMHNFFAB47DC,復興段一小段,22.00,都市：商
RPOOMLMJMHNFFAB47DC,復興段一小段,110.00,都市：商
RPVQMLMJMHNFFBB38CC,賴厝段,2.94,都市：商
RPVQMLMJMHNFFBB38CC,邱厝子段,2.36,都市：商
RPXNMLMJMHNFFAB28DC,復興段一小段,107.00,都市：商
RPXNMLMJMHNFFAB28DC,復興段一小段,21.00,都市：商
RPWQMLMJMHNFFBB48CC,賴厝段,.28,都市：商
RPWQMLMJMHNFFBB48CC,邱厝子段,.22,都市：商
RPTNMLNJMHNFFCB18DC,楓興段,661.00,都市：農
RPTOMLMJMHNFFAB97DC,旱新段,26.73,都市：商
RPVNMLNJMHNFFAB08CC,下橋子頭段,22.00,都市：住
RPVNMLNJMHNFFAB08CC,下橋子頭段,1.00,都市：住
RPVNMLNJMHNFFAB08CC,下橋子頭段,55.00,都市：住
RPWNMLNJMHNFFAB18CC,下橋子頭段,66.00,都市：住
RPOOMLNJMHNFFAB47CC,柳川段五小段,35.00,都市：商
RPOOMLNJMHNFFAB47CC,柳川段五小段,7.75,都市：商
RPQOMLNJMHNFFHB38CC,上楓段,8.25,都市：住
RPQOMLNJMHNFFHB38CC,上楓段,31.50,都市：住
RPQOMLNJMHNFFHB38CC,上楓段,12.42,都市：住
RPUOMLNJMHNFFBB18CC,賴厝段,3598.00,都市：住
RPXOMLNJMHNFFBB48CC,北屯段,33.00,都市：住
RPPPMLNJMHNFFBB77CC,松觀段,74.00,都市：住
RPORMLNJMHNFFBB87CC,平田段,12.57,都市：住
RPPRMLNJMHNFFBB97CC,松觀段,74.00,都市：住
RPXOMLNJMHNFFCB58CC,惠安段,.00,都市：住
RPWRMLNJMHNFFBB68CC,東山段,3.37,都市：住
RPSRMLNJMHNFFBB28CC,仁和段,28.41,都市：住
RPTNMLPJMHNFFBB18CC,東正段,8.79,都市：住
RPTNMLOJMHNFFBB08CC,錦村段,.00,都市：住
RPRNMLNJMHNFFCB87CC,惠民段,.00,都市：其他
RPSNMLOJMHNFFCB08CC,廣昌段,83.51,都市：商
RPPNMLOJMHNFFBB67CC,乾溝子段,.00,都市：商
RPQNMLQJMHNFFBB97CC,賴厝段,4.75,都市：商
RPQNMLQJMHNFFBB97CC,邱厝子段,3.81,都市：商
RPRNMLQJMHNFFBB08CC,賴厝段,3.20,都市：商
RPRNMLQJMHNFFBB08CC,邱厝子段,2.56,都市：商
RPTNMLQJMHNFFBB28CC,賴厝段,.28,都市：商
RPTNMLQJMHNFFBB28CC,邱厝子段,.22,都市：商
RPUNMLQJMHNFFBB38CC,賴厝段,.14,都市：商
RPUNMLQJMHNFFBB38CC,邱厝子段,.12,都市：商
RPSNMLQJMHNFFBB18CC,賴厝段,.21,都市：商
RPSNMLQJMHNFFBB18CC,邱厝子段,.17,都市：商
RPOOMLQJMHNFFBB87CC,賴厝段,.21,都市：商
RPOOMLQJMHNFFBB87CC,邱厝子段,.17,都市：商
RPWNMLQJMHNFFBB58CC,賴厝段,.29,都市：商
RPWNMLQJMHNFFBB58CC,邱厝子段,.23,都市：商
RPVNMLQJMHNFFBB48CC,賴厝段,.28,都市：商
RPVNMLQJMHNFFBB48CC,邱厝子段,.22,都市：商
RPXNMLQJMHNFFBB68CC,賴厝段,2.98,都市：商
RPXNMLQJMHNFFBB68CC,邱厝子段,2.39,都市：商
RPPOMLQJMHNFFBB97CC,東峰段,12.81,都市：商
RPQOMLQJMHNFFBB08CC,東峰段,11.13,都市：商
RPUOMLQJMHNFFBB48CC,乾溝子段,158.00,都市：其他
RPVNMLQJMHNFFCB58CC,寶文段,9.30,都市：住
RPQNMLQJMHNFFCB08CC,豐富段,77.40,都市：住
RPOOMLQJMHNFFCB97CC,大進段,19.81,都市：住
RPQNMLQJMHNFFAB87CC,下橋子頭段,1.72,都市：商
RPPOMLQJMHNFFCB08CC,中正段,5.67,都市：商
RPXNMLQJMHNFFCB78CC,寶文段,10.07,都市：住
RPRNMLQJMHNFFCB18CC,豐富段,102.76,都市：住
RPROMLQJMHNFFCB28CC,何安段,5.86,都市：商
RPQOMLQJMHNFFCB18CC,中正段,5.27,都市：商
RPRNMLRJMHNFFCB28CC,寶山段,.00,非都市： ; 非都市編定：
RPPNMLQJMHNFFAB77CC,下橋子頭段,1.96,都市：商
RPVNMLRJMHNFFCB68CC,寶文段,.00,非都市： ; 非都市編定：
RPSNMLRJMHNFFCB38CC,寶山段,.00,非都市： ; 非都市編定：
RPTNMLRJMHNFFCB48CC,寶文段,.00,非都市： ; 非都市編定：
RPTOMLQJMHNFFBB38CC,東峰段,10.25,都市：商
RPPOMLRJMHNFFCB18CC,寶山段,.00,非都市： ; 非都市編定：
RPOOMLRJMHNFFCB08CC,寶山段,.00,非都市： ; 非都市編定：
RPXNMLRJMHNFFCB88CC,寶山段,.00,非都市： ; 非都市編定：
RPWNMLRJMHNFFCB78CC,寶文段,.00,非都市： ; 非都市編定：
RPVNMLRJMHNFFAB48CC,下橋子頭段,1.83,都市：商
RPUNMLRJMHNFFCB58CC,寶文段,.00,非都市： ; 非都市編定：
RPXNMLRJMHNFFAB68CC,下橋子頭段,1.65,都市：商
RPWNMLRJMHNFFAB58CC,下橋子頭段,5.52,都市：商
RPRPMLTJMHNFFAB48CC,下橋子頭段,16.05,都市：住
RPQPMLTJMHNFFAB38CC,麻園頭段,43.38,都市：商
RPTOMLTJMHNFFDB88CC,大仁段,70.16,都市：住
RPPPMLTJMHNFFBB38CC,文正段,61.44,都市：商
RPTPMLTJMHNFFBB88DC,水湳段,85.00,都市：住
RPVNMLTJMHNFFDB98CC,慈興段,64.16,都市：住
RPWNMLTJMHNFFAB78CC,後子段,.00,都市：住
RPXOMLTJMHNFFAB98CC,後子段,4.15,都市：住
RPRPMLTJMHNFFBB58CC,乾溝子段,9.32,都市：住
RPVQMLTJMHNFFCB56CC,田心段,7.13,都市：住
RPWNNLTJMHNFFCB09CC,福安段,9.00,都市：住
RPVRNLTJMHNFFCB76CC,惠民段,15.14,都市：其他
RPXNMLKKMHNFFBB18CC,東山段,84.00,都市：住
RPRNNLTJMHNFFCB58CC,惠民段,22.35,都市：其他
RPQNMLTJMHNFFKB66DC,龍目井段龍目井小段,158.00,都市：住
RPTSMLKKMHNFFCB38CC,國安段,11.88,都市：住
RPWOMLKKMHNFFBB18CC,軍福段,824.60,都市：住
RPSQNLTJMHNFFCB98CC,福安段,9.75,都市：住
RPQQMLKKMHNFFCB87CC,黎明段,15.60,都市：住
RPWNMLKKMHNFFBB08CC,東山段,84.00,都市：住
RPSNMLKKMHNFFDB87CC,新水源段,353.77,都市：工
RPSNMLKKMHNFFDB87CC,新水源段,353.81,都市：工
RPSNMLKKMHNFFDB87CC,新水源段,354.54,都市：工
RPSNMLKKMHNFFDB87CC,新水源段,414.28,都市：工
RPSNMLKKMHNFFDB87CC,新水源段,414.28,都市：工
RPSNMLKKMHNFFDB87CC,新水源段,418.14,都市：工
RPSNMLKKMHNFFDB87CC,新水源段,131.48,都市：工
RPWPMLKKMHNFFBB28CC,水源段,.00,都市：住
RPUPMLLKMHNFFAB08CC,下橋子頭段,46.30,都市：住
RPWPMLLKMHNFFAB28CC,後子段,16.78,都市：商
RPXNMLKKMHNFFAB08CC,麻園頭段,109.00,都市：住
RPTNMLKKMHNFFDB97CC,豐原段,34.60,都市：住
RPPPMLLKMHNFFBB67CC,東山段,156.43,都市：住
RPSNMLLKMHNFFCB87CC,大墩段,1154.00,都市：商
RPPQMLLKMHNFFBB77CC,中清段,146.00,都市：住
RPPQMLLKMHNFFBB77CC,中清段,78.00,都市：住
RPTNMLLKMHNFFCB97CC,惠民段,.00,都市：住
RPWNMLLKMHNFFCB28CC,大明段,15.95,都市：住
RPUNMLLKMHNFFCB08CC,黎明段,1131.00,都市：住
RPXOMLLKMHNFFJB66DC,宜欣段,5.02,都市：住
RPPPMLMKMHNFFCB87CC,中正段,5.63,都市：商
RPOPMLLKMHNFFJB48DC,宜欣段,5.02,都市：住
RPOPMLMKMHNFFCB77CC,中正段,5.55,都市：商
RPUQMLMKMHNFFBB38CC,賴厝段,3.16,都市：商
RPUQMLMKMHNFFBB38CC,邱厝子段,2.53,都市：商
RPSQMLMKMHNFFBB18CC,賴厝段,2.94,都市：商
RPSQMLMKMHNFFBB18CC,邱厝子段,2.36,都市：商
RPXQMLMKMHNFFBB68CC,東峰段,10.58,都市：商
RPRRMLMKMHNFFBB18CC,東峰段,6.84,都市：商
RPTQMLMKMHNFFBB28CC,賴厝段,2.67,都市：商
RPTQMLMKMHNFFBB28CC,邱厝子段,3.33,都市：商
RPPPMLMKMHNFFAB67CC,土庫段,37.00,都市：住
RPPNMLMKMHNFFIB28CC,天時段,5.58,都市：商
RPPNMLMKMHNFFIB28CC,天時段,31.98,都市：住
RPQNMLNKMHNFFAB67CC,樹子腳段,.00,都市：住
RPQNMLNKMHNFFAB67CC,樹子腳段,.00,都市：住
RPQNMLNKMHNFFAB67CC,樹子腳段,.00,都市：住
RPUOMLMKMHNFFAB08CC,麻園頭段,12.91,都市：住
RPOPMLNKMHNFFBB77CC,東山段,7.96,都市：商
RPPOMLMKMHNFFAB67DC,後子段,12.00,都市：商
RPPOMLMKMHNFFAB67DC,後子段,20.00,都市：商
RPPOMLMKMHNFFAB67DC,後子段,46.00,都市：商
RPPOMLMKMHNFFAB67DC,後子段,16.00,都市：商
RPPOMLMKMHNFFAB67DC,後子段,9.00,都市：商
RPPOMLMKMHNFFAB67DC,後子段,46.00,都市：商
RPXNMLNKMHNFFAB38CC,麻園頭段,14.14,都市：住
RPRPMLNKMHNFFBB08CC,平田段,14.72,都市：住
RPRPMLNKMHNFFBB08CC,平田段,2.72,都市：住
RPWPMLNKMHNFFBB58CC,景美段,99.18,都市：住
RPTNMLNKMHNFFCB18CC,寶文段,.00,非都市： ; 非都市編定：
RPSNMLNKMHNFFJB78CC,育賢段,89.25,都市：住
RPSNMLNKMHNFFJB78CC,育賢段,5.38,都市：住
RPUNMLNKMHNFFCB28CC,寶文段,.00,非都市： ; 非都市編定：
RPOQMLNKMHNFFBB87CC,景美段,99.17,都市：住
RPPPMLNKMHNFFCB97CC,惠順段,.00,都市：住
RPPRMLMKMHNFFBB97CC,東峰段,10.58,都市：商
RPVNMLNKMHNFFAB18CC,土庫段,14.40,都市：住
RPUNMLNKMHNFFDB48DC,大順段,64.36,都市：住
RPUNMLNKMHNFFDB48DC,大順段,6.31,都市：住
RPVNMLNKMHNFFCB38CC,寶文段,.00,非都市： ; 非都市編定：
RPSNMLOKMHNFFBB08CC,賴厝段,.00,都市：住
RPRNMLOKMHNFFBB97CC,賴厝段,.00,都市：住
RPOOMLQKMHNFFAB97DC,大益段,100.00,都市：住
RPPNMLOKMHNFFIB48CC,立新段,64.87,非都市：鄉村區 ; 非都市編定：乙種建築用地
RPRNMLQKMHNFFDB38CC,育仁段,17.92,都市：住
RPPOMLQKMHNFFAB97CC,大益段,338.00,都市：住
RPQOMLQKMHNFFCB28CC,寶文段,14.03,都市：住
RPRNMLQKMHNFFBB18CC,中德段,17.20,都市：住
RPUOMLQKMHNFFCB68CC,寶文段,.00,非都市： ; 非都市編定：
RPPPMLQKMHNFFCB28CC,大墩段,4.43,都市：住
RPPPMLQKMHNFFCB28CC,大墩段,2.98,都市：住
RPROMLQKMHNFFCB38CC,寶文段,9.30,都市：住
RPRPMLQKMHNFFCB48CC,寶文段,.00,非都市： ; 非都市編定：
RPWNMLRKMHNFFCB88CC,寶文段,9.76,都市：住
RPRQMLQKMHNFFCB58CC,大進段,25.37,都市：商
RPQOMLRKMHNFFCB38CC,逢大段,822.94,都市：其他
RPWPMLRKMHNFFCB09CC,中正段,6.72,都市：商
RPXPMLRKMHNFFCB56CC,安和段,2467.13,都市：工
RPWQMLQKMHNFFCB09CC,惠國段,25.59,都市：其他
RPOQMLRKMHNFFCB38CC,惠民段,10.21,都市：其他
RPTNMLQKMHNFFKB66CC,東園段,61.46,非都市：鄉村區 ; 非都市編定：乙種建築用地
RPPNMLRKMHNFFBB08CC,景東段,98.38,都市：住
RPVPMLRKMHNFFCB98CC,惠來厝段,13.26,都市：住
RPTQMLRKMHNFFCB88CC,上石碑段,4.04,都市：商
RPQNMLRKMHNFFBB18CC,北屯段,54.70,都市：住
RPWPMLRKMHNFFBB98CC,邱厝子段,.00,都市：商
RPTQMLRKMHNFFBB78CC,文正段,7.84,都市：商
RPRNMLRKMHNFFBB28CC,北屯段,23.57,都市：住
RPPNMLRKMHNFFAB97CC,平和段,18.25,都市：住
RPPNMLRKMHNFFAB97CC,平和段,.75,都市：住
RPPNMLRKMHNFFAB97CC,平和段,3.50,都市：住
RPPNMLRKMHNFFAB97CC,平和段,.50,都市：住
RPTRMLRKMHNFFBB88CC,錦村段,5.02,都市：商
RPQOMLRKMHNFFDB48CC,豐原段,70.03,都市：住
RPPRMLRKMHNFFIB56CC,新站南段,36.34,都市：住
RPVPMLSKMHNFFBB98CC,長安段,2.14,都市：其他
RPVPMLSKMHNFFBB98CC,長安段,1.45,都市：其他
RPVPMLSKMHNFFBB98CC,長安段,.11,都市：其他
RPVPMLSKMHNFFBB98CC,長安段,1.36,都市：其他
RPVPMLSKMHNFFBB98CC,長安段,.20,都市：其他
RPVPMLSKMHNFFBB98CC,長安段,156.00,都市：其他
RPTOMLSKMHNFFAB58CC,土庫段,115.00,都市：住
RPPOMLTKMHNFFBB38CC,賴厝段,.21,都市：商
RPPOMLTKMHNFFBB38CC,邱厝子段,.17,都市：商
RPXNMLRKMHNFFAB78CC,中墩段七小段,216.00,都市：住
RPXNMLRKMHNFFAB78CC,中墩段七小段,9.00,都市：住
RPXNMLRKMHNFFAB78CC,中墩段七小段,12.00,都市：住
RPSNMLRKMHNFFDB58CC,南村段,2.53,都市：商
RPSNMLRKMHNFFDB58CC,南村段,.31,都市：商
RPPNMLRKMHNFFDB28CC,豐原段,83.00,都市：住
RPQOMLTKMHNFFBB48CC,賴厝段,3.34,都市：商
RPQOMLTKMHNFFBB48CC,邱厝子段,2.68,都市：商
RPTOMLTKMHNFFBB78CC,東峰段,9.89,都市：住
RPQPMLTKMHNFFBB58CC,水湳段,48.00,都市：住
RPROMLTKMHNFFBB58CC,賴厝段,.21,都市：商
RPROMLTKMHNFFBB58CC,邱厝子段,.17,都市：商
RPUPMLTKMHNFFBB98CC,賴厝段,2.97,都市：商
RPUPMLTKMHNFFBB98CC,邱厝子段,2.39,都市：商
RPSPMLTKMHNFFBB78CC,賴厝段,3.30,都市：商
RPSPMLTKMHNFFBB78CC,邱厝子段,2.65,都市：商
RPWPMLTKMHNFFBB56CC,賴厝段,3.41,都市：商
RPWPMLTKMHNFFBB56CC,邱厝子段,2.69,都市：商
RPPQMLTKMHNFFBB58CC,賴厝段,.14,都市：商
RPPQMLTKMHNFFBB58CC,邱厝子段,.11,都市：商
RPQQMLTKMHNFFBB68CC,賴厝段,.14,都市：商
RPQQMLTKMHNFFBB68CC,邱厝子段,.11,都市：商
RPVPMLTKMHNFFBB09CC,賴厝段,2.90,都市：商
RPVPMLTKMHNFFBB09CC,邱厝子段,2.33,都市：商
RPTQMLTKMHNFFBB98CC,賴厝段,3.37,都市：商
RPTQMLTKMHNFFBB98CC,邱厝子段,2.71,都市：商
RPXPMLTKMHNFFBB66CC,賴厝段,.14,都市：商
RPXPMLTKMHNFFBB66CC,邱厝子段,.11,都市：商
RPVQMLTKMHNFFBB56CC,賴厝段,3.23,都市：商
RPVQMLTKMHNFFBB56CC,邱厝子段,2.59,都市：商
RPXQMLTKMHNFFBB76CC,東峰段,9.49,都市：商
RPRPMLTKMHNFFAB58CC,麻園頭段,13.85,都市：住
RPXPMLTKMHNFFAB56CC,振興段,28.50,都市：住
RPPOMLTKMHNFFJB56CC,宜欣段,15.74,都市：住
RPPQMLTKMHNFFAB48CC,半平厝段,11.56,都市：住
RPTQMLTKMHNFFCB09CC,中正段,5.51,都市：商
RPQRMLTKMHNFFBB78CC,東峰段,10.79,都市：商
RPORMLTKMHNFFBB58CC,錦村段,5.12,都市：住
RPQQMLTKMHNFFCB78CC,惠民段,63.05,都市：其他
RPPRMLTKMHNFFBB68CC,松觀段,14.33,都市：住
RPUQMLTKMHNFFCB56CC,中正段,6.48,都市：商
RPVPMLTKMHNFFAB98CC,麻園頭段,30.17,都市：住
RPSOMLKLMHNFFAB77CC,麻園頭段,.00,都市：住
RPRNMLKLMHNFFAB57CC,麻園頭段,.00,都市：商
RPXQMLTKMHNFFCB86CC,中正段,8.13,都市：商
RPVQMLTKMHNFFCB66CC,中正段,6.28,都市：商
RPRNMLTKMHNFFAB38CC,練武段,.00,都市：商
RPROMLKLMHNFFBB77CC,同榮段,163.00,都市：住
RPOOMLKLMHNFFBB47CC,東山段,23.10,都市：住
RPXOMLKLMHNFFAB28CC,城隍段二小段,.00,都市：商
RPXOMLKLMHNFFAB28CC,城隍段二小段,.00,都市：商
RPXOMLKLMHNFFAB28CC,頂橋子頭段,.00,都市：商
RPXOMLKLMHNFFAB28CC,頂橋子頭段,.00,都市：商
RPORMLKLMHNFFBB77CC,水源段,87.00,都市：住
RPORMLKLMHNFFBB77CC,水源段,.71,都市：住
RPVPMLKLMHNFFBB28CC,邱厝子段,.00,非都市： ; 非都市編定：
RPRNMLKLMHNFFKB58CC,新庄段,.00,非都市：鄉村區 ; 非都市編定：乙種建築用地
RPRNMLKLMHNFFKB58CC,新庄段,.00,非都市：鄉村區 ; 非都市編定：乙種建築用地
RPPNMLLLMHNFFCB67CC,惠安段,10.16,都市：商
RPSNMLLLMHNFFCB97CC,寶文段,.00,非都市： ; 非都市編定：
RPTNMLLLMHNFFCB08CC,寶文段,.00,非都市： ; 非都市編定：
RPVQMLNLMHNFFCB78CC,福安段,12.75,都市：住
RPXNMLNLMHNFFAB48CC,後子段,11.00,都市：住
RPXNMLNLMHNFFAB48CC,土庫段,145.00,都市：住
RPPNMLNLMHNFFCB87CC,豐富段,32.54,都市：商
RPTSMLNLMHNFFCB78CC,大進段,.00,都市：住
RPQNMLNLMHNFFDB18DC,豐田段,62.67,都市：住
RPRNMLNLMHNFFDB28DC,北陽段,112.60,都市：住
RPTOMLOLMHNFFAB28CC,樹子腳段,634.00,都市：住
RPTOMLOLMHNFFIB09CC,大仁段,397.39,都市：住
RPWOMLOLMHNFFIB76CC,新三和段,33.00,都市：住
RPRPMLOLMHNFFIB98CC,光日段,18.87,都市：住
RPOOMLOLMHNFFHB48CC,雅潭段,126.57,都市：住
RPOOMLOLMHNFFHB48CC,雅潭段,5.67,都市：住
RPROMLOLMHNFFCB28CC,福德段,43.51,都市：住
RPRPMLPLMHNFFCB48CC,惠禮段,.00,都市：商
RPUQMLPLMHNFFCB88CC,田心段,80.00,都市：住
RPTPMLPLMHNFFCB68CC,惠禮段,.00,都市：商
RPPQMLPLMHNFFCB38CC,何安段,5.76,都市：住
RPSQMLPLMHNFFCB68CC,田心段,80.00,都市：住
RPXQMLPLMHNFFCB56CC,上石碑段,2.32,都市：商
RPORMLPLMHNFFCB38CC,惠民段,14.43,都市：其他
RPUOMLQLMHNFFBB68CC,東信段,.00,都市：住
RPQOMLQLMHNFFFB68CC,海風段,2032.05,非都市：一般農業區 ; 非都市編定：農牧用地
RPRPMLQLMHNFFBB48CC,仁德段,69.00,都市：住
RPTOMLRLMHNFFBB78DC,北屯段,8.32,都市：住
RPXNMLQLMHNFFFB76DC,南勢坑段埔子小段,68.00,都市：住
RPQNMLRLMHNFFBB38DC,東義段,75.00,都市：住
RPTNMLPLMHNFFIB09CC,東湖段,1515.52,都市：商
RPOQMLPLMHNFFAB08CC,樹子腳段,18.99,都市：住
RPRNMLQLMHNFFDB48CC,文德段,107.87,都市：住
RPRNMLQLMHNFFDB48CC,文德段,10.85,都市：住
RPVOMLRLMHNFFCB09DC,上石碑段,13.07,都市：商
RPUNMLRLMHNFFAB58CC,麻園頭段,286.00,都市：商
RPWOMLRLMHNFFCB56DC,中仁段,4.98,都市：住
RPVNMLSLMHNFFAB78CC,土庫段,90.68,都市：商
RPWNMLRLMHNFFAB78CC,麻園頭段,16.46,都市：住
RPXNMLSLMHNFFCB56CC,惠民段,13.10,都市：其他
RPWNMLSLMHNFFCB09CC,惠民段,19.04,都市：其他
RPUNMLSLMHNFFCB88CC,惠民段,14.48,都市：其他
RPRNMLTLMHNFFCB68CC,寶文段,.00,非都市： ; 非都市編定：
RPTNMLTLMHNFFCB88CC,惠民段,13.83,都市：其他
RPVNMLTLMHNFFCB09CC,惠民段,13.38,都市：其他
RPVNMLSLMHNFFCB98CC,惠民段,18.81,都市：其他
RPWNMLTLMHNFFCB56CC,惠民段,14.32,都市：其他
RPUNMLTLMHNFFCB98CC,惠民段,12.94,都市：其他
RPPNMLTLMHNFFAB28CC,土庫段,21.69,都市：住
RPOOMLTLMHNFFCB48CC,惠民段,17.95,都市：其他
RPWNMLKMMHNFFAB18CC,後子段,9.81,都市：住
RPXNMLTLMHNFFCB66CC,惠民段,21.81,都市：其他
RPWOMLKMMHNFFAB28CC,麻園頭段,14.30,都市：住
RPPOMLKMMHNFFAB57CC,麻園頭段,25.05,都市：住
RPUPMLKMMHNFFAB18CC,樹子腳段,19.03,都市：住
RPWOMLKMMHNFFBB38CC,水源段,.00,都市：住
RPWOMLKMMHNFFBB38CC,水源段,.00,都市：住
RPVOMLKMMHNFFBB38DC,太祥段,485.71,都市：住
RPTPMLKMMHNFFBB18CC,東峰段,4.79,都市：商
RPQPMLKMMHNFFBB87CC,松茂段,83.00,都市：住
RPRPMLKMMHNFFCB08CC,惠來厝段,.00,都市：住
RPQQMLLJNHNFFCB97CC,三塊厝段,22.65,都市：住
RPTNMLLJNHNFFBB97DC,水源段,34.00,都市：商
RPTNMLLJNHNFFBB97DC,水源段,92.00,都市：商
RPTNMLLJNHNFFBB97DC,水源段,35.00,都市：商
RPTNMLLJNHNFFBB97DC,水源段,91.00,都市：商
RPVOMLKMMHNFFCB38CC,廣昌段,176.25,都市：住
RPOPMLMJNHNFFBB67CC,賴厝段,.14,都市：商
RPOPMLMJNHNFFBB67CC,邱厝子段,.11,都市：商
RPVNMLKMMHNFFCB28CC,福德段,317.00,都市：住
RPRPMLMJNHNFFBB97CC,賴厝段,3.16,都市：商
RPRPMLMJNHNFFBB97CC,邱厝子段,2.53,都市：商
RPUNMLKMMHNFFCB18CC,福德段,845.41,都市：住
RPOPMLLJNHNFFCB67CC,上石碑段,100.00,都市：其他
RPOPMLLJNHNFFCB67CC,上石碑段,100.00,都市：其他
RPQOMLMJNHNFFBB77CC,邱厝子段,.00,都市：住
RPPPMLMJNHNFFBB77CC,賴厝段,.14,都市：商
RPPPMLMJNHNFFBB77CC,邱厝子段,.11,都市：商
RPSPMLMJNHNFFBB08CC,賴厝段,3.33,都市：商
RPSPMLMJNHNFFBB08CC,邱厝子段,2.68,都市：商
RPPQMLMJNHNFFBB87CC,賴厝段,.14,都市：商
RPPQMLMJNHNFFBB87CC,邱厝子段,.11,都市：商
RPVPMLMJNHNFFBB38CC,邱厝子段,3.75,都市：商
RPOQMLMJNHNFFBB77CC,水源段,11.42,都市：住
RPVPMLMJNHNFFBB38CC,賴厝段,4.67,都市：商
RPWPMLMJNHNFFBB48CC,賴厝段,3.20,都市：商
RPWPMLMJNHNFFBB48CC,邱厝子段,2.57,都市：商
RPUPMLMJNHNFFBB28CC,賴厝段,2.94,都市：商
RPUPMLMJNHNFFBB28CC,邱厝子段,2.36,都市：商
RPXPMLMJNHNFFBB58CC,賴厝段,3.10,都市：商
RPXPMLMJNHNFFBB58CC,邱厝子段,2.49,都市：商
RPUNMLMJNHNFFJB98DC,宜欣段,4.29,都市：住
RPQNMLNJNHNFFJB68DC,宜欣段,4.29,都市：住
RPRNMLNJNHNFFJB78DC,宜欣段,4.81,都市：住
RPOPMLMJNHNFFCB77CC,上石碑段,3.49,都市：商
RPOPMLMJNHNFFCB77CC,上石碑段,3.12,都市：商
RPTNMLNJNHNFFCB18CC,西屯段,.00,都市：住
RPSNMLNJNHNFFJB88DC,宜欣段,5.02,都市：住
RPXNMLNJNHNFFCB58CC,大進段,.00,都市：住
RPQOMLNJNHNFFCB97CC,中仁段,.00,都市：住
RPXOMLNJNHNFFCB68CC,上石碑段,.00,都市：商
RPPPMLNJNHNFFCB97CC,寶文段,65.14,都市：住
RPQNMLNJNHNFFKB68CC,新興段,59.01,非都市：鄉村區 ; 非都市編定：乙種建築用地
RPQPMLNJNHNFFCB08CC,惠智段,.00,都市：住
RPTPMLNJNHNFFCB38CC,大墩段,7.97,都市：住
RPVQMLNJNHNFFBB58CC,松觀段,74.00,都市：住
RPQRMLNJNHNFFCB28CC,上石碑段,3.49,都市：商
RPQRMLNJNHNFFCB28CC,上石碑段,3.12,都市：商
RPUPMLNJNHNFFCB48CC,豐富段,77.34,都市：商
RPSRMLNJNHNFFBB38CC,賴厝段,3.30,都市：商
RPORMLNJNHNFFBB97CC,松觀段,19.07,都市：住
RPSRMLNJNHNFFBB38CC,邱厝子段,2.65,都市：商
RPTRMLNJNHNFFBB48CC,賴厝段,3.16,都市：商
RPTRMLNJNHNFFBB48CC,邱厝子段,2.53,都市：商
RPURMLNJNHNFFBB58CC,東峰段,10.16,都市：商
RPVRMLNJNHNFFBB68CC,東峰段,6.84,都市：商
RPPNMLOJNHNFFAB67CC,公館段,.00,都市：住
RPPNMLNJNHNFFIB38CC,南湖段,155.00,都市：住
RPPNMLNJNHNFFIB38CC,南湖段,155.15,都市：住
RPXPMLNJNHNFFAB58CC,樹子腳段,340.00,都市：住
RPWRMLNJNHNFFBB78CC,東峰段,10.16,都市：商
RPPNMLOJNHNFFHB38CC,十三寮段,93.00,都市：住
RPSNMLOJNHNFFAB97CC,公館段,.00,都市：住
RPPNMLNJNHNFFAB57CC,樹子腳段,.00,都市：商
RPOOMLNJNHNFFAB57CC,麻園頭段,62.00,都市：住
RPOOMLNJNHNFFAB57CC,麻園頭段,19.00,都市：住
RPWNMLNJNHNFFAB28CC,後子段,.00,都市：住
RPRNMLOJNHNFFDB18CC,新水源段,1402.30,都市：工
RPRNMLOJNHNFFDB18CC,新水源段,226.65,都市：工
RPRNMLOJNHNFFDB18CC,新水源段,243.12,都市：工
RPRNMLOJNHNFFDB18CC,新水源段,342.31,都市：工
RPWNMLOJNHNFFCB68DC,寶山段,21.62,都市：住
RPWOMLOJNHNFFCB78DC,豐業段,160.93,都市：住
RPWNMLOJNHNFFBB48CC,東峰段,.00,都市：住
RPXNMLOJNHNFFBB58CC,賴厝段,24.98,都市：住
RPQOMLOJNHNFFCB08CC,上石碑段,3.80,都市：商
RPPPMLOJNHNFFCB08CC,福星段,5853.57,都市：住
RPSOMLOJNHNFFIB98DC,新榮泉段,22.86,都市：住
RPRNMLOJNHNFFCB08CC,大新段,.00,都市：住
RPTOMLOJNHNFFCB38CC,上石碑段,4.00,都市：商
RPTOMLOJNHNFFCB38CC,上石碑段,12.33,都市：住
RPSNMLOJNHNFFFB48CC,清水段西勢小段,194.00,都市：住
RPVOMLOJNHNFFIB66DC,新榮泉段,21.39,都市：住
RPUOMLOJNHNFFCB48CC,上石碑段,11.02,都市：商
RPTOMLRJNHNFFFB98CC,武秀段,1006.00,都市：住
RPQNMLPJNHNFFFB38CC,市鎮北段,12.86,都市：商
RPQNMLOJNHNFFHB58DC,大富段,557.00,都市：農
RPQNMLOJNHNFFHB58DC,大富段,171.00,都市：農
RPUOMLRJNHNFFBB68CC,松茂段,27.08,都市：住
RPVOMLRJNHNFFAB68CC,下橋子頭段,60.00,都市：商
RPOQMLSJNHNFFAB28CC,麻園頭段,11.68,都市：住
RPSOMLSJNHNFFBB58CC,邱厝子段,120.00,都市：住
RPSOMLSJNHNFFBB58CC,邱厝子段,48.00,都市：住
RPXNMLSJNHNFFIB07CC,中華段,69.21,都市：住
RPXNMLSJNHNFFIB07CC,中華段,85.31,都市：住
RPOOMLSJNHNFFBB18CC,中清段,23.71,都市：住
RPPOMLSJNHNFFAB18CC,後子段,15.71,都市：住
RPQPMLRJNHNFFAB28CC,土庫段,18.64,都市：住
RPPPMLRJNHNFFAB18CC,頂橋子頭段,12.53,都市：住
RPQQMLSJNHNFFBB58CC,賴厝段,46.69,都市：商
RPWNMLSJNHNFFCB98CC,國安段,15.53,都市：住
RPURMLSJNHNFFCB56CC,惠國段,29.37,都市：住
RPTOMLSJNHNFFBB68CC,水源段,116.00,都市：住
RPOOMLSJNHNFFAB08CC,繼光段四小段,19.00,都市：商
RPVOMLSJNHNFFBB88CC,太原段,16.29,都市：住
RPWNMLRJNHNFFDB98CC,新東陽段,73.92,都市：農
RPVRMLSJNHNFFCB66CC,何安段,15.67,都市：住
RPUOMLTJNHNFFCB98CC,國安段,.00,都市：住
RPUOMLTJNHNFFCB98CC,國安段,.00,都市：住
RPOPMLTJNHNFFCB48CC,保安段,11.38,都市：住
RPPPMLTJNHNFFCB58CC,下石碑段,.00,都市：住
RPXSMLTJNHNFFCB07CC,何安段,.00,都市：住
RPOTMLTJNHNFFCB88CC,大新段,.00,都市：住
RPTNMLTJNHNFFDB88CC,豐原段,27.00,都市：商
RPTNMLTJNHNFFDB88CC,豐原段,17.00,都市：商
RPSOMLKKNHNFFJB68CC,樹孝段,.00,都市：住
RPTNMLKKNHNFFDB08CC,萬年段,241.51,都市：工
RPSNMLKKNHNFFDB97CC,向陽段,32.00,都市：商
RPSPMLKKNHNFFAB87CC,旱溪段,88.00,都市：住
RPQNMLKKNHNFFAB57DC,後子段,12.00,都市：商
RPQNMLKKNHNFFAB57DC,後子段,20.00,都市：商
RPQNMLKKNHNFFAB57DC,後子段,46.00,都市：商
RPQNMLKKNHNFFAB57DC,後子段,16.00,都市：商
RPQNMLKKNHNFFAB57DC,後子段,9.00,都市：商
RPQNMLKKNHNFFAB57DC,後子段,46.00,都市：商
RPROMLKKNHNFFBB77CC,北屯段,.00,都市：住
RPROMLKKNHNFFBB77CC,北屯段,.00,都市：住
RPROMLKKNHNFFBB77CC,北屯段,.00,都市：住
RPTQMLKKNHNFFBB18CC,賴厝段,2.97,都市：商
RPTQMLKKNHNFFBB18CC,邱厝子段,2.39,都市：商
RPSQMLKKNHNFFBB08CC,賴厝段,.21,都市：商
RPSQMLKKNHNFFBB08CC,邱厝子段,.17,都市：商
RPXNMLKKNHNFFCB38CC,中義段,100.00,都市：住
RPSOMLKKNHNFFAB77CC,公館段,1.07,都市：住
RPSOMLKKNHNFFAB77CC,公館段,.93,都市：住
RPVQMLKKNHNFFBB38CC,賴厝段,4.81,都市：商
RPVQMLKKNHNFFBB38CC,邱厝子段,3.86,都市：商
RPUQMLKKNHNFFBB28CC,賴厝段,.29,都市：商
RPUQMLKKNHNFFBB28CC,邱厝子段,.23,都市：商
RPWQMLKKNHNFFBB48CC,賴厝段,.29,都市：商
RPWQMLKKNHNFFBB48CC,邱厝子段,.23,都市：商
RPQOMLKKNHNFFCB77CC,惠國段,2971.38,都市：其他
RPPRMLKKNHNFFCB97CC,惠仁段,973.03,都市：住
RPOOMLKKNHNFFCB57CC,惠義段,475.42,都市：住
RPRSMLKKNHNFFCB28CC,上石碑段,4.05,都市：商
RPRSMLKKNHNFFCB28CC,上石碑段,3.62,都市：商
RPSSMLKKNHNFFCB38CC,中正段,5.55,都市：商
RPTSMLKKNHNFFCB48CC,中正段,6.72,都市：商
RPTNMLKKNHNFFKB88DC,新庄段,30.67,非都市：鄉村區 ; 非都市編定：乙種建築用地
RPTOMLKKNHNFFJB88DC,育賢段,97.28,都市：住
RPUSMLKKNHNFFCB58CC,中正段,9.49,都市：商
RPUNMLKKNHNFFKB98DC,東園段,60.98,非都市：鄉村區 ; 非都市編定：乙種建築用地
