﻿編號,土地區段位置,土地移轉面積平方公尺,使用分區或編定
The serial number,land sector position,land shifting area square meter,the use zoning or compiles and checks
RPPSMLRLKHNFFBF78CB,力行段,15.01,都市：住
RPTQMLPJLHNFFEF98CB,新巿段,21.05,都市：住
RPWOMLQJLHNFFEF56CB,新巿段,23.04,都市：住
RPVOMLQJLHNFFEF09CB,新巿段,23.04,都市：住
RPQSMLRLKHNFFBF88CB,力行段,16.51,都市：住
RPUOMLQJLHNFFEF98CB,新巿段,20.87,都市：住
RPXOMLQJLHNFFEF66CB,新巿段,22.86,都市：住
RPSSMLRLKHNFFBF09CB,力行段,10.99,都市：住
RPRSMLRLKHNFFBF98CB,力行段,10.99,都市：住
RPQNMLQJLHNFFEF48CB,新巿段,16.47,都市：住
RPSPMLQJLHNFFEF88CB,新巿段,23.04,都市：住
RPPPMLQJLHNFFEF58CB,新巿段,23.04,都市：住
RPQPMLQJLHNFFEF68CB,新巿段,23.04,都市：住
RPPQMLQJLHNFFEF68CB,新巿段,23.04,都市：住
RPTPMLQJLHNFFEF98CB,新巿段,23.04,都市：住
RPUPMLQJLHNFFEF09CB,新巿段,23.04,都市：住
RPSQMLQJLHNFFEF98CB,新巿段,23.04,都市：住
RPWQMLQJLHNFFEF76CB,新巿段,15.24,都市：住
RPVPMLQJLHNFFEF56CB,新巿段,23.04,都市：住
RPORMLQJLHNFFEF68CB,新巿段,15.06,都市：住
RPTPMLQJLHNFFBF68CB,芳洲段,13.79,都市：住
RPRQMLQJLHNFFEF88CB,新巿段,23.04,都市：住
RPVQMLQJLHNFFEF66CB,新巿段,15.24,都市：住
RPWRMLQJLHNFFBF56CB,建林段,27.22,都市：住
RPXRMLQJLHNFFBF66CB,建林段,27.22,都市：住
RPOSMLQJLHNFFBF48CB,建林段,27.63,都市：住
RPUSMLQJLHNFFBF09CB,建林段,20.62,都市：住
RPWSMLQJLHNFFBF66CB,建林段,20.62,都市：住
RPXSMLQJLHNFFBF76CB,建林段,20.62,都市：住
RPQTMLQJLHNFFBF78CB,建林段,20.62,都市：住
RPRTMLQJLHNFFBF88CB,建林段,20.62,都市：住
RPTSMLQJLHNFFBF98CB,建林段,20.62,都市：住
RPVSMLQJLHNFFBF56CB,建林段,21.03,都市：住
RPPTMLQJLHNFFBF68CB,建林段,20.62,都市：住
RPUTMLQJLHNFFBF56CB,建林段,20.62,都市：住
RPTTMLQJLHNFFBF09CB,建林段,20.62,都市：住
RPSTMLQJLHNFFBF98CB,建林段,20.62,都市：住
RPVTMLQJLHNFFBF66CB,建林段,20.62,都市：住
RPWTMLQJLHNFFBF76CB,建林段,20.62,都市：住
RPOUMLQJLHNFFBF68CB,建林段,20.62,都市：住
RPXTMLQJLHNFFBF86CB,建林段,20.62,都市：住
RPSUMLQJLHNFFBF09CB,建林段,20.62,都市：住
RPWUMLQJLHNFFBF86CB,建林段,18.42,都市：住
RPPUMLQJLHNFFBF78CB,建林段,20.62,都市：住
RPQUMLQJLHNFFBF88CB,建林段,20.62,都市：住
RPRUMLQJLHNFFBF98CB,建林段,20.62,都市：住
RPTUMLQJLHNFFBF56CB,建林段,20.62,都市：住
RPOVMLQJLHNFFBF78CB,建林段,18.42,都市：住
RPRVMLQJLHNFFBF09CB,建林段,18.42,都市：住
RPVUMLQJLHNFFBF76CB,建林段,18.42,都市：住
RPXUMLQJLHNFFBF96CB,建林段,18.42,都市：住
RPQVMLQJLHNFFBF98CB,建林段,18.42,都市：住
RPSVMLQJLHNFFBF56CB,建林段,18.42,都市：住
RPTVMLQJLHNFFBF66CB,建林段,18.42,都市：住
RPVVMLQJLHNFFBF86CB,建林段,18.01,都市：住
RPUVMLQJLHNFFBF76CB,建林段,18.42,都市：住
RPXVMLQJLHNFFBF07CB,建林段,18.42,都市：住
RPWVMLQJLHNFFBF96CB,建林段,18.42,都市：住
RPPWMLQJLHNFFBF98CB,建林段,18.42,都市：住
RPSWMLQJLHNFFBF66CB,建林段,18.42,都市：住
RPRWMLQJLHNFFBF56CB,建林段,18.01,都市：住
RPTWMLQJLHNFFBF76CB,建林段,14.18,都市：住
RPUWMLQJLHNFFBF86CB,建林段,14.59,都市：住
RPWWMLQJLHNFFBF07CB,建林段,14.59,都市：住
RPXWMLQJLHNFFBF17CB,建林段,14.59,都市：住
RPVWMLQJLHNFFBF96CB,建林段,14.18,都市：住
RPRNNLQJLHNFFBF38CB,建林段,14.59,都市：住
RPWNNLQJLHNFFBF88CB,建林段,14.59,都市：住
RPONNLQJLHNFFBF08CB,建林段,.72,都市：住
RPPNNLQJLHNFFBF18CB,建林段,14.18,都市：住
RPVNNLQJLHNFFBF78CB,建林段,14.59,都市：住
RPXNNLQJLHNFFBF98CB,建林段,.72,都市：住
RPSONLQJLHNFFBF58CB,建林段,14.59,都市：住
RPOONLQJLHNFFBF18CB,建林段,14.59,都市：住
RPPONLQJLHNFFBF28CB,建林段,14.18,都市：住
RPUONLQJLHNFFBF78CB,建林段,18.42,都市：住
RPQONLQJLHNFFBF38CB,建林段,14.59,都市：住
RPRONLQJLHNFFBF48CB,建林段,.72,都市：住
RPTONLQJLHNFFBF68CB,建林段,20.62,都市：住
RPVONLQJLHNFFBF88CB,建林段,18.42,都市：住
RPPPNLQJLHNFFBF38CB,建林段,18.42,都市：住
RPWONLQJLHNFFBF98CB,建林段,18.42,都市：住
RPOPNLQJLHNFFBF28CB,建林段,14.59,都市：住
RPQPNLQJLHNFFBF48CB,建林段,18.42,都市：住
RPTPNLQJLHNFFBF78CB,建林段,27.18,都市：住
RPSPNLQJLHNFFBF68CB,建林段,27.59,都市：住
RPWPNLQJLHNFFBF09CB,建林段,27.18,都市：住
RPXPNLQJLHNFFBF56CB,建林段,27.18,都市：住
RPPQNLQJLHNFFBF48CB,建林段,27.59,都市：住
RPOQNLQJLHNFFBF38CB,建林段,27.59,都市：住
RPTQNLQJLHNFFBF88CB,建林段,27.18,都市：住
RPSQNLQJLHNFFBF78CB,建林段,27.18,都市：住
RPVPNLQJLHNFFBF98CB,建林段,27.59,都市：住
RPUPNLQJLHNFFBF88CB,建林段,27.18,都市：住
RPORNLQJLHNFFBF48CB,建林段,20.62,都市：住
RPUQNLQJLHNFFBF98CB,建林段,27.59,都市：住
RPQRNLQJLHNFFBF68CB,建林段,20.62,都市：住
RPWQNLQJLHNFFBF56CB,建林段,27.59,都市：住
RPVQNLQJLHNFFBF09CB,建林段,27.59,都市：住
RPPRNLQJLHNFFBF58CB,建林段,20.62,都市：住
RPRRNLQJLHNFFBF78CB,建林段,20.62,都市：住
RPXRNLQJLHNFFBF76CB,建林段,20.62,都市：住
RPSRNLQJLHNFFBF88CB,建林段,20.62,都市：住
RPOSNLQJLHNFFBF58CB,建林段,20.62,都市：住
RPPSNLQJLHNFFBF68CB,建林段,20.62,都市：住
RPQSNLQJLHNFFBF78CB,建林段,20.62,都市：住
RPURNLQJLHNFFBF09CB,建林段,20.62,都市：住
RPVRNLQJLHNFFBF56CB,建林段,20.62,都市：住
RPTRNLQJLHNFFBF98CB,建林段,20.62,都市：住
RPRSNLQJLHNFFBF88CB,建林段,20.62,都市：住
RPWRNLQJLHNFFBF66CB,建林段,20.62,都市：住
RPSSNLQJLHNFFBF98CB,建林段,20.62,都市：住
RPTSNLQJLHNFFBF09CB,建林段,21.03,都市：住
RPVSNLQJLHNFFBF66CB,建林段,20.62,都市：住
RPUSNLQJLHNFFBF56CB,建林段,20.62,都市：住
RPWSNLQJLHNFFBF76CB,建林段,20.62,都市：住
RPOTNLQJLHNFFBF68CB,建林段,20.62,都市：住
RPUTNLQJLHNFFBF66CB,建林段,18.42,都市：住
RPTTNLQJLHNFFBF56CB,建林段,18.42,都市：住
RPSTNLQJLHNFFBF09CB,建林段,18.42,都市：住
RPXSNLQJLHNFFBF86CB,建林段,1.02,都市：住
RPRTNLQJLHNFFBF98CB,建林段,18.42,都市：住
RPRUNLQJLHNFFBF09CB,建林段,18.42,都市：住
RPPUNLQJLHNFFBF88CB,建林段,18.42,都市：住
RPQUNLQJLHNFFBF98CB,建林段,18.42,都市：住
RPWTNLQJLHNFFBF86CB,建林段,18.42,都市：住
RPXTNLQJLHNFFBF96CB,建林段,18.42,都市：住
RPVTNLQJLHNFFBF76CB,建林段,18.42,都市：住
RPOUNLQJLHNFFBF78CB,建林段,18.42,都市：住
RPSUNLQJLHNFFBF56CB,建林段,18.42,都市：住
RPTUNLQJLHNFFBF66CB,建林段,18.42,都市：住
RPVUNLQJLHNFFBF86CB,建林段,18.42,都市：住
RPOVNLQJLHNFFBF88CB,建林段,14.59,都市：住
RPXUNLQJLHNFFBF07CB,建林段,14.18,都市：住
RPPVNLQJLHNFFBF98CB,建林段,14.59,都市：住
RPUUNLQJLHNFFBF76CB,建林段,18.42,都市：住
RPRVNLQJLHNFFBF56CB,建林段,14.59,都市：住
RPSVNLQJLHNFFBF66CB,建林段,14.59,都市：住
RPQVNLQJLHNFFBF09CB,建林段,14.59,都市：住
RPTVNLQJLHNFFBF76CB,建林段,15.00,都市：住
RPVVNLQJLHNFFBF96CB,建林段,14.59,都市：住
RPWVNLQJLHNFFBF07CB,建林段,14.59,都市：住
RPXVNLQJLHNFFBF17CB,建林段,14.59,都市：住
RPOWNLQJLHNFFBF98CB,建林段,14.59,都市：住
RPRWNLQJLHNFFBF66CB,建林段,14.59,都市：住
RPUVNLQJLHNFFBF86CB,建林段,14.59,都市：住
RPQWNLQJLHNFFBF56CB,建林段,14.59,都市：住
RPSWNLQJLHNFFBF76CB,建林段,14.59,都市：住
RPTWNLQJLHNFFBF86CB,建林段,14.18,都市：住
RPUWNLQJLHNFFBF96CB,建林段,14.59,都市：住
RPQNMLRJLHNFFEF58CB,新巿段,15.24,都市：住
RPPWNLQJLHNFFBF09CB,建林段,14.59,都市：住
RPSNMLRJLHNFFEF78CB,新巿段,15.24,都市：住
RPTNMLRJLHNFFEF88CB,新巿段,15.24,都市：住
RPRNMLRJLHNFFEF68CB,新巿段,15.24,都市：住
RPWNMLRJLHNFFEF56CB,新巿段,15.24,都市：住
RPXNMLRJLHNFFEF66CB,新巿段,15.24,都市：住
RPVNMLRJLHNFFEF09CB,新巿段,15.24,都市：住
RPPOMLRJLHNFFEF58CB,新巿段,21.05,都市：住
RPOOMLRJLHNFFEF48CB,新巿段,15.24,都市：住
RPROMLRJLHNFFEF78CB,新巿段,21.05,都市：住
RPTOMLRJLHNFFEF98CB,新巿段,21.05,都市：住
RPVOMLRJLHNFFEF56CB,新巿段,21.05,都市：住
RPUOMLRJLHNFFEF09CB,新巿段,21.05,都市：住
RPSOMLRJLHNFFEF88CB,新巿段,21.05,都市：住
RPWOMLRJLHNFFEF66CB,新巿段,21.05,都市：住
RPPPMLRJLHNFFEF68CB,新巿段,21.05,都市：住
RPXOMLRJLHNFFEF76CB,新巿段,20.69,都市：住
RPQPMLRJLHNFFEF78CB,新巿段,21.05,都市：住
RPSPMLRJLHNFFEF98CB,新巿段,21.05,都市：住
RPRPMLRJLHNFFEF88CB,新巿段,21.05,都市：住
RPOPMLRJLHNFFEF58CB,新巿段,21.05,都市：住
RPTPMLRJLHNFFEF09CB,新巿段,21.05,都市：住
RPVPMLRJLHNFFEF66CB,新巿段,21.05,都市：住
RPXPMLRJLHNFFEF86CB,新巿段,21.05,都市：住
RPUPMLRJLHNFFEF56CB,新巿段,21.05,都市：住
RPOQMLRJLHNFFEF68CB,新巿段,21.05,都市：住
RPRQMLRJLHNFFEF98CB,新巿段,20.87,都市：住
RPWPMLRJLHNFFEF76CB,新巿段,21.05,都市：住
RPQQMLRJLHNFFEF88CB,新巿段,21.05,都市：住
RPPQMLRJLHNFFEF78CB,新巿段,21.05,都市：住
RPSQMLRJLHNFFEF09CB,新巿段,21.05,都市：住
RPTQMLRJLHNFFEF56CB,新巿段,21.05,都市：住
RPVQMLRJLHNFFEF76CB,新巿段,21.05,都市：住
RPWQMLRJLHNFFEF86CB,新巿段,21.05,都市：住
RPPRMLRJLHNFFEF88CB,新巿段,21.05,都市：住
RPORMLRJLHNFFEF78CB,新巿段,21.05,都市：住
RPQRMLRJLHNFFEF98CB,新巿段,21.05,都市：住
RPRRMLRJLHNFFEF09CB,新巿段,15.24,都市：住
RPUQMLRJLHNFFEF66CB,新巿段,20.69,都市：住
RPSRMLRJLHNFFEF56CB,新巿段,15.24,都市：住
RPXQMLRJLHNFFEF96CB,新巿段,21.05,都市：住
RPWRMLRJLHNFFEF96CB,新巿段,15.24,都市：住
RPVRMLRJLHNFFEF86CB,新巿段,15.06,都市：住
RPOSMLRJLHNFFEF88CB,新巿段,15.24,都市：住
RPTRMLRJLHNFFEF66CB,新巿段,15.24,都市：住
RPXRMLRJLHNFFEF07CB,新巿段,15.24,都市：住
RPQSMLRJLHNFFEF09CB,新巿段,15.24,都市：住
RPOQMLSJLHNFFBF48CB,力行段,15.47,都市：商
RPRQMLSJLHNFFBF78CB,力行段,12.54,都市：商
RPRSMLRJLHNFFEF56CB,新巿段,15.24,都市：住
RPSQMLSJLHNFFBF88CB,力行段,12.63,都市：商
RPPSMLRJLHNFFEF98CB,新巿段,15.24,都市：住
RPQQMLSJLHNFFBF68CB,力行段,15.25,都市：商
RPSSMLRJLHNFFEF66CB,新巿段,15.24,都市：住
RPPQMLSJLHNFFBF58CB,力行段,15.25,都市：商
RPWQMLSJLHNFFBF66CB,力行段,11.83,都市：商
RPTQMLSJLHNFFBF98CB,力行段,9.00,都市：商
RPPRMLSJLHNFFBF68CB,力行段,9.00,都市：商
RPORMLSJLHNFFBF58CB,力行段,11.49,都市：商
RPQRMLSJLHNFFBF78CB,力行段,11.49,都市：商
RPXQMLSJLHNFFBF76CB,力行段,10.14,都市：商
RPTRMLSJLHNFFBF09CB,力行段,9.00,都市：商
RPRRMLSJLHNFFBF88CB,力行段,11.49,都市：商
RPSRMLSJLHNFFBF98CB,力行段,11.45,都市：商
RPVQMLSJLHNFFBF56CB,力行段,11.83,都市：商
RPUQMLSJLHNFFBF09CB,力行段,11.49,都市：商
RPVRMLSJLHNFFBF66CB,力行段,9.00,都市：商
RPURMLSJLHNFFBF56CB,力行段,9.00,都市：商
RPWRMLSJLHNFFBF76CB,力行段,11.49,都市：商
RPXRMLSJLHNFFBF86CB,力行段,9.00,都市：商
RPOSMLSJLHNFFBF68CB,力行段,11.87,都市：商
RPRSMLSJLHNFFBF98CB,力行段,11.09,都市：商
RPPSMLSJLHNFFBF78CB,力行段,9.00,都市：商
RPQSMLSJLHNFFBF88CB,力行段,6.00,都市：商
RPXSMLSJLHNFFBF96CB,力行段,15.23,都市：商
RPSSMLSJLHNFFBF09CB,力行段,15.27,都市：商
RPWSMLSJLHNFFBF86CB,力行段,11.49,都市：商
RPOTMLSJLHNFFBF78CB,力行段,14.92,都市：商
RPUSMLSJLHNFFBF66CB,力行段,15.25,都市：商
RPTSMLSJLHNFFBF56CB,力行段,11.49,都市：商
RPPTMLSJLHNFFBF88CB,力行段,9.00,都市：商
RPRTMLSJLHNFFBF09CB,力行段,14.87,都市：商
RPOUMLSJLHNFFBF88CB,力行段,15.21,都市：商
RPQTMLSJLHNFFBF98CB,力行段,9.00,都市：商
RPTTMLSJLHNFFBF66CB,力行段,15.25,都市：商
RPWTMLSJLHNFFBF96CB,力行段,15.14,都市：商
RPSTMLSJLHNFFBF56CB,力行段,9.00,都市：商
RPUTMLSJLHNFFBF76CB,力行段,11.83,都市：商
RPQUMLSJLHNFFBF09CB,力行段,9.00,都市：商
RPPUMLSJLHNFFBF98CB,力行段,11.87,都市：商
RPTUMLSJLHNFFBF76CB,力行段,11.83,都市：商
RPSUMLSJLHNFFBF66CB,力行段,9.00,都市：商
RPRUMLSJLHNFFBF56CB,力行段,9.00,都市：商
RPUUMLSJLHNFFBF86CB,力行段,9.00,都市：商
RPVUMLSJLHNFFBF96CB,力行段,9.00,都市：商
RPOVMLSJLHNFFBF98CB,力行段,15.14,都市：商
RPTVMLSJLHNFFBF86CB,力行段,6.00,都市：商
RPUVMLSJLHNFFBF96CB,力行段,9.00,都市：商
RPPVMLSJLHNFFBF09CB,力行段,11.49,都市：商
RPRVMLSJLHNFFBF66CB,力行段,11.49,都市：商
RPSVMLSJLHNFFBF76CB,力行段,9.00,都市：商
RPQVMLSJLHNFFBF56CB,力行段,9.00,都市：商
RPWVMLSJLHNFFBF17CB,力行段,9.00,都市：商
RPVVMLSJLHNFFBF07CB,力行段,9.00,都市：商
RPOWMLSJLHNFFBF09CB,力行段,15.27,都市：商
RPPWMLSJLHNFFBF56CB,力行段,9.00,都市：商
RPQWMLSJLHNFFBF66CB,力行段,14.92,都市：商
RPXVMLSJLHNFFBF27CB,力行段,11.49,都市：商
RPRWMLSJLHNFFBF76CB,力行段,9.00,都市：商
RPSWMLSJLHNFFBF86CB,力行段,11.87,都市：商
RPVWMLSJLHNFFBF17CB,力行段,11.49,都市：商
RPUWMLSJLHNFFBF07CB,力行段,18.05,都市：商
RPPNNLSJLHNFFBF38CB,力行段,11.49,都市：商
RPWWMLSJLHNFFBF27CB,力行段,9.00,都市：商
RPQNNLSJLHNFFBF48CB,力行段,15.27,都市：商
RPXWMLSJLHNFFBF37CB,力行段,11.87,都市：商
RPONNLSJLHNFFBF28CB,力行段,15.14,都市：商
RPUNNLSJLHNFFBF88CB,力行段,15.25,都市：商
RPVNNLSJLHNFFBF98CB,力行段,11.49,都市：商
RPRNNLSJLHNFFBF58CB,力行段,9.00,都市：商
RPWNNLSJLHNFFBF09CB,力行段,11.49,都市：商
RPTNNLSJLHNFFBF78CB,力行段,15.25,都市：商
RPXNNLSJLHNFFBF56CB,力行段,15.27,都市：商
RPPONLSJLHNFFBF48CB,力行段,11.49,都市：商
RPTONLSJLHNFFBF88CB,力行段,11.87,都市：商
RPQONLSJLHNFFBF58CB,力行段,14.92,都市：商
RPOONLSJLHNFFBF38CB,力行段,15.14,都市：商
RPSONLSJLHNFFBF78CB,力行段,9.00,都市：商
RPRONLSJLHNFFBF68CB,力行段,11.49,都市：商
RPXONLSJLHNFFBF66CB,力行段,9.00,都市：商
RPUONLSJLHNFFBF98CB,力行段,11.49,都市：商
RPVONLSJLHNFFBF09CB,力行段,9.00,都市：商
RPWONLSJLHNFFBF56CB,力行段,11.83,都市：商
RPOPNLSJLHNFFBF48CB,力行段,11.87,都市：商
RPPPNLSJLHNFFBF58CB,力行段,9.00,都市：商
RPSPMLNKLHNFFEF68CB,新巿段,15.24,都市：住
RPVPMLNKLHNFFEF98CB,新巿段,15.24,都市：住
RPRPNLSJLHNFFBF78CB,力行段,9.00,都市：商
RPWPMLNKLHNFFEF09CB,新巿段,15.24,都市：住
RPXPMLNKLHNFFEF56CB,新巿段,21.05,都市：住
RPRQMLNKLHNFFEF68CB,新巿段,30.30,都市：住
RPOQMLNKLHNFFEF38CB,新巿段,15.06,都市：住
RPUQMLNKLHNFFEF98CB,新巿段,23.23,都市：住
RPORMLNKLHNFFEF48CB,新巿段,23.23,都市：住
RPQPNLSJLHNFFBF68CB,力行段,9.00,都市：商
RPTQMLNKLHNFFEF88CB,新巿段,29.39,都市：住
RPXQMLNKLHNFFEF66CB,新巿段,23.23,都市：住
RPVQMLNKLHNFFEF09CB,新巿段,23.23,都市：住
RPQRMLNKLHNFFEF68CB,新巿段,23.23,都市：住
RPPRMLNKLHNFFEF58CB,新巿段,23.23,都市：住
RPRRMLNKLHNFFEF78CB,新巿段,22.86,都市：住
RPTRMLNKLHNFFEF98CB,新巿段,23.04,都市：住
RPWQMLNKLHNFFEF56CB,新巿段,23.23,都市：住
RPURMLNKLHNFFEF09CB,新巿段,23.04,都市：住
RPSRMLNKLHNFFEF88CB,新巿段,22.86,都市：住
RPOSMLNKLHNFFEF58CB,新巿段,23.04,都市：住
RPRSMLNKLHNFFEF88CB,新巿段,22.86,都市：住
RPXRMLNKLHNFFEF76CB,新巿段,23.04,都市：住
RPWRMLNKLHNFFEF66CB,新巿段,23.04,都市：住
RPQSMLNKLHNFFEF78CB,新巿段,23.04,都市：住
RPWSMLNKLHNFFEF76CB,新巿段,15.60,都市：住
RPVRMLNKLHNFFEF56CB,新巿段,23.04,都市：住
RPUSMLNKLHNFFEF56CB,新巿段,23.04,都市：住
RPPSMLNKLHNFFEF68CB,新巿段,22.68,都市：住
RPXSMLNKLHNFFEF86CB,新巿段,15.60,都市：住
RPSSMLNKLHNFFEF98CB,新巿段,23.04,都市：住
RPTSMLNKLHNFFEF09CB,新巿段,23.04,都市：住
RPOTMLNKLHNFFEF68CB,新巿段,15.42,都市：住
RPUTMLNKLHNFFEF66CB,新巿段,15.24,都市：住
RPSTMLNKLHNFFEF09CB,新巿段,15.24,都市：住
RPPTMLNKLHNFFEF78CB,新巿段,15.24,都市：住
RPRTMLNKLHNFFEF98CB,新巿段,15.24,都市：住
RPTTMLNKLHNFFEF56CB,新巿段,15.24,都市：住
RPWTMLNKLHNFFEF86CB,新巿段,15.24,都市：住
RPXTMLNKLHNFFEF96CB,新巿段,15.24,都市：住
RPTUMLNKLHNFFEF66CB,新巿段,15.24,都市：住
RPVUMLNKLHNFFEF86CB,新巿段,15.24,都市：住
RPVTMLNKLHNFFEF76CB,新巿段,15.24,都市：住
RPPUMLNKLHNFFEF88CB,新巿段,14.88,都市：住
RPOUMLNKLHNFFEF78CB,新巿段,15.24,都市：住
RPRUMLNKLHNFFEF09CB,新巿段,15.06,都市：住
RPUUMLNKLHNFFEF76CB,新巿段,15.24,都市：住
RPXUMLNKLHNFFEF07CB,新巿段,21.05,都市：住
RPPVMLNKLHNFFEF98CB,新巿段,21.05,都市：住
RPQVMLNKLHNFFEF09CB,新巿段,21.05,都市：住
RPWUMLNKLHNFFEF96CB,新巿段,21.05,都市：住
RPSVMLNKLHNFFEF66CB,新巿段,21.05,都市：住
RPRVMLNKLHNFFEF56CB,新巿段,21.05,都市：住
RPVVMLNKLHNFFEF96CB,新巿段,20.69,都市：住
RPTVMLNKLHNFFEF76CB,新巿段,21.05,都市：住
RPUVMLNKLHNFFEF86CB,新巿段,21.05,都市：住
RPWVMLNKLHNFFEF07CB,新巿段,21.05,都市：住
RPQWMLNKLHNFFEF56CB,新巿段,21.05,都市：住
RPOWMLNKLHNFFEF98CB,新巿段,20.87,都市：住
RPSWMLNKLHNFFEF76CB,新巿段,21.05,都市：住
RPPWMLNKLHNFFEF09CB,新巿段,20.50,都市：住
RPTWMLNKLHNFFEF86CB,新巿段,21.05,都市：住
RPRWMLNKLHNFFEF66CB,新巿段,21.05,都市：住
RPVWMLNKLHNFFEF07CB,新巿段,21.05,都市：住
RPWWMLNKLHNFFEF17CB,新巿段,21.05,都市：住
RPUWMLNKLHNFFEF96CB,新巿段,21.05,都市：住
RPONNLNKLHNFFEF18CB,新巿段,21.05,都市：住
RPXWMLNKLHNFFEF27CB,新巿段,21.05,都市：住
RPPNNLNKLHNFFEF28CB,新巿段,20.69,都市：住
RPQNNLNKLHNFFEF38CB,新巿段,21.05,都市：住
RPRNNLNKLHNFFEF48CB,新巿段,20.87,都市：住
RPQNMLOKLHNFFEF38CB,新巿段,15.24,都市：住
RPSNNLNKLHNFFEF58CB,新巿段,20.50,都市：住
RPUNNLNKLHNFFEF78CB,新巿段,21.05,都市：住
RPTNMLOKLHNFFEF68CB,新巿段,15.24,都市：住
RPSNMLOKLHNFFEF58CB,新巿段,15.24,都市：住
RPRNMLOKLHNFFEF48CB,新巿段,15.24,都市：住
RPPNMLOKLHNFFEF28CB,新巿段,15.24,都市：住
RPTNNLNKLHNFFEF68CB,新巿段,21.05,都市：住
RPVNMLOKLHNFFEF88CB,新巿段,14.88,都市：住
RPQOMLOKLHNFFEF48CB,新巿段,23.23,都市：住
RPXNMLOKLHNFFEF09CB,新巿段,23.04,都市：住
RPPOMLOKLHNFFEF38CB,新巿段,23.23,都市：住
RPUNMLOKLHNFFEF78CB,新巿段,15.24,都市：住
RPOOMLOKLHNFFEF28CB,新巿段,23.04,都市：住
RPWOMLOKLHNFFEF09CB,新巿段,23.23,都市：住
RPXOMLOKLHNFFEF56CB,新巿段,23.23,都市：住
RPOPMLOKLHNFFEF38CB,新巿段,23.23,都市：住
RPRPMLOKLHNFFEF68CB,新巿段,22.86,都市：住
RPPPMLOKLHNFFEF48CB,新巿段,23.23,都市：住
RPQPMLOKLHNFFEF58CB,新巿段,23.23,都市：住
RPSPMLOKLHNFFEF78CB,新巿段,25.04,都市：住
RPXPMLOKLHNFFEF66CB,新巿段,23.23,都市：住
RPTPMLOKLHNFFEF88CB,新巿段,23.23,都市：住
RPWPMLOKLHNFFEF56CB,新巿段,23.23,都市：住
RPUPMLOKLHNFFEF98CB,新巿段,23.23,都市：住
RPVPMLOKLHNFFEF09CB,新巿段,23.23,都市：住
RPPQMLOKLHNFFEF58CB,新巿段,23.23,都市：住
RPQQMLOKLHNFFEF68CB,新巿段,22.86,都市：住
RPRQMLOKLHNFFEF78CB,新巿段,22.86,都市：住
RPTQMLOKLHNFFEF98CB,新巿段,23.04,都市：住
RPVQMLOKLHNFFEF56CB,新巿段,23.04,都市：住
RPWQMLOKLHNFFEF66CB,新巿段,23.04,都市：住
RPXQMLOKLHNFFEF76CB,新巿段,23.04,都市：住
RPUQMLOKLHNFFEF09CB,新巿段,23.04,都市：住
RPORMLOKLHNFFEF58CB,新巿段,23.04,都市：住
RPRRMLOKLHNFFEF88CB,新巿段,23.04,都市：住
RPPRMLOKLHNFFEF68CB,新巿段,22.86,都市：住
RPQRMLOKLHNFFEF78CB,新巿段,23.04,都市：住
RPTRMLOKLHNFFEF09CB,新巿段,23.04,都市：住
RPURMLOKLHNFFEF56CB,新巿段,23.04,都市：住
RPSRMLOKLHNFFEF98CB,新巿段,22.86,都市：住
RPWRMLOKLHNFFEF76CB,新巿段,23.04,都市：住
RPXRMLOKLHNFFEF86CB,新巿段,15.60,都市：住
RPQSMLOKLHNFFEF88CB,新巿段,15.24,都市：住
RPOSMLOKLHNFFEF68CB,新巿段,15.60,都市：住
RPPSMLOKLHNFFEF78CB,新巿段,15.42,都市：住
RPRSMLOKLHNFFEF98CB,新巿段,15.24,都市：住
RPUSMLOKLHNFFEF66CB,新巿段,15.24,都市：住
RPSSMLOKLHNFFEF09CB,新巿段,15.24,都市：住
RPTSMLOKLHNFFEF56CB,新巿段,15.24,都市：住
RPVSMLOKLHNFFEF76CB,新巿段,15.24,都市：住
RPOTMLOKLHNFFEF78CB,新巿段,15.06,都市：住
RPXSMLOKLHNFFEF96CB,新巿段,15.24,都市：住
RPWSMLOKLHNFFEF86CB,新巿段,14.88,都市：住
RPSTMLOKLHNFFEF56CB,新巿段,21.05,都市：住
RPPTMLOKLHNFFEF88CB,新巿段,15.24,都市：住
RPRTMLOKLHNFFEF09CB,新巿段,15.24,都市：住
RPQTMLOKLHNFFEF98CB,新巿段,15.24,都市：住
RPWTMLOKLHNFFEF96CB,新巿段,21.05,都市：住
RPUTMLOKLHNFFEF76CB,新巿段,21.05,都市：住
RPTTMLOKLHNFFEF66CB,新巿段,21.05,都市：住
RPVTMLOKLHNFFEF86CB,新巿段,21.05,都市：住
RPPUMLOKLHNFFEF98CB,新巿段,20.69,都市：住
RPTUMLOKLHNFFEF76CB,新巿段,21.05,都市：住
RPXTMLOKLHNFFEF07CB,新巿段,21.05,都市：住
RPQUMLOKLHNFFEF09CB,新巿段,20.87,都市：住
RPOUMLOKLHNFFEF88CB,新巿段,21.05,都市：住
RPSUMLOKLHNFFEF66CB,新巿段,21.05,都市：住
RPRUMLOKLHNFFEF56CB,新巿段,20.50,都市：住
RPUUMLOKLHNFFEF86CB,新巿段,21.05,都市：住
RPWUMLOKLHNFFEF07CB,新巿段,21.05,都市：住
RPXUMLOKLHNFFEF17CB,新巿段,21.05,都市：住
RPQVMLOKLHNFFEF56CB,新巿段,21.05,都市：住
RPSVMLOKLHNFFEF76CB,新巿段,21.05,都市：住
RPPVMLOKLHNFFEF09CB,新巿段,21.05,都市：住
RPTVMLOKLHNFFEF86CB,新巿段,21.05,都市：住
RPVVMLOKLHNFFEF07CB,新巿段,20.69,都市：住
RPUVMLOKLHNFFEF96CB,新巿段,21.05,都市：住
RPRVMLOKLHNFFEF66CB,新巿段,21.05,都市：住
RPWVMLOKLHNFFEF17CB,新巿段,21.05,都市：住
RPXVMLOKLHNFFEF27CB,新巿段,20.87,都市：住
RPPWMLOKLHNFFEF56CB,新巿段,21.05,都市：住
RPSWMLOKLHNFFEF86CB,新巿段,15.24,都市：住
RPOWMLOKLHNFFEF09CB,新巿段,20.50,都市：住
RPTWMLOKLHNFFEF96CB,新巿段,15.24,都市：住
RPQWMLOKLHNFFEF66CB,新巿段,21.05,都市：住
RPUWMLOKLHNFFEF07CB,新巿段,14.88,都市：住
RPRWMLOKLHNFFEF76CB,新巿段,15.42,都市：住
RPONNLOKLHNFFEF28CB,新巿段,23.23,都市：住
RPVWMLOKLHNFFEF17CB,新巿段,15.24,都市：住
RPWWMLOKLHNFFEF27CB,新巿段,23.04,都市：住
RPPNNLOKLHNFFEF38CB,新巿段,23.23,都市：住
RPXWMLOKLHNFFEF37CB,新巿段,23.23,都市：住
RPRNNLOKLHNFFEF58CB,新巿段,23.23,都市：住
RPSNNLOKLHNFFEF68CB,新巿段,23.23,都市：住
RPVNNLOKLHNFFEF98CB,新巿段,23.23,都市：住
RPTNNLOKLHNFFEF78CB,新巿段,23.23,都市：住
RPQNNLOKLHNFFEF48CB,新巿段,23.23,都市：住
RPXNNLOKLHNFFEF56CB,新巿段,23.23,都市：住
RPUNNLOKLHNFFEF88CB,新巿段,23.23,都市：住
RPOONLOKLHNFFEF38CB,新巿段,23.23,都市：住
RPQONLOKLHNFFEF58CB,新巿段,30.48,都市：住
RPWNNLOKLHNFFEF09CB,新巿段,23.23,都市：住
RPRONLOKLHNFFEF68CB,新巿段,30.30,都市：住
RPSONLOKLHNFFEF78CB,新巿段,30.30,都市：住
RPPONLOKLHNFFEF48CB,新巿段,23.23,都市：住
RPTONLOKLHNFFEF88CB,新巿段,30.30,都市：住
RPVONLOKLHNFFEF09CB,新巿段,30.30,都市：住
RPWONLOKLHNFFEF56CB,新巿段,30.30,都市：住
RPUONLOKLHNFFEF98CB,新巿段,30.30,都市：住
RPXONLOKLHNFFEF66CB,新巿段,29.94,都市：住
RPPPNLOKLHNFFEF58CB,新巿段,30.30,都市：住
RPRPNLOKLHNFFEF78CB,新巿段,30.30,都市：住
RPOPNLOKLHNFFEF48CB,新巿段,30.30,都市：住
RPQPNLOKLHNFFEF68CB,新巿段,29.94,都市：住
RPSPNLOKLHNFFEF88CB,新巿段,30.30,都市：住
RPTPNLOKLHNFFEF98CB,新巿段,30.30,都市：住
RPPQNLOKLHNFFEF68CB,新巿段,35.20,都市：住
RPUPNLOKLHNFFEF09CB,新巿段,30.30,都市：住
RPXPNLOKLHNFFEF76CB,新巿段,35.20,都市：住
RPVPNLOKLHNFFEF56CB,新巿段,30.30,都市：住
RPOQNLOKLHNFFEF58CB,新巿段,35.20,都市：住
RPWPNLOKLHNFFEF66CB,新巿段,35.20,都市：住
RPQQNLOKLHNFFEF78CB,新巿段,35.20,都市：住
RPUQNLOKLHNFFEF56CB,新巿段,34.66,都市：住
RPRQNLOKLHNFFEF88CB,新巿段,35.20,都市：住
RPTQNLOKLHNFFEF09CB,新巿段,35.20,都市：住
RPSQNLOKLHNFFEF98CB,新巿段,35.20,都市：住
RPORNLOKLHNFFEF68CB,新巿段,29.39,都市：住
RPWQNLOKLHNFFEF76CB,新巿段,29.39,都市：住
RPXQNLOKLHNFFEF86CB,新巿段,29.39,都市：住
RPVQNLOKLHNFFEF66CB,新巿段,35.02,都市：住
RPRRNLOKLHNFFEF98CB,新巿段,29.39,都市：住
RPPRNLOKLHNFFEF78CB,新巿段,29.03,都市：住
RPQRNLOKLHNFFEF88CB,新巿段,29.39,都市：住
RPSRNLOKLHNFFEF09CB,新巿段,29.39,都市：住
RPTRNLOKLHNFFEF56CB,新巿段,29.39,都市：住
RPWRNLOKLHNFFEF86CB,新巿段,30.30,都市：住
RPVRNLOKLHNFFEF76CB,新巿段,30.48,都市：住
RPURNLOKLHNFFEF66CB,新巿段,29.39,都市：住
RPOSNLOKLHNFFEF78CB,新巿段,30.30,都市：住
RPPSNLOKLHNFFEF88CB,新巿段,30.30,都市：住
RPXRNLOKLHNFFEF96CB,新巿段,30.30,都市：住
RPRSNLOKLHNFFEF09CB,新巿段,30.30,都市：住
RPSSNLOKLHNFFEF56CB,新巿段,30.30,都市：住
RPUSNLOKLHNFFEF76CB,新巿段,30.30,都市：住
RPQSNLOKLHNFFEF98CB,新巿段,30.30,都市：住
RPTSNLOKLHNFFEF66CB,新巿段,30.30,都市：住
RPWSNLOKLHNFFEF96CB,新巿段,30.12,都市：住
RPOTNLOKLHNFFEF88CB,新巿段,30.30,都市：住
RPVSNLOKLHNFFEF86CB,新巿段,30.30,都市：住
RPXSNLOKLHNFFEF07CB,新巿段,30.30,都市：住
RPSTNLOKLHNFFEF66CB,新巿段,35.20,都市：住
RPPTNLOKLHNFFEF98CB,新巿段,30.12,都市：住
RPRTNLOKLHNFFEF56CB,新巿段,30.30,都市：住
RPQTNLOKLHNFFEF09CB,新巿段,30.30,都市：住
RPWTNLOKLHNFFEF07CB,新巿段,35.02,都市：住
RPUTNLOKLHNFFEF86CB,新巿段,35.20,都市：住
RPQOMLOKLHNFFCF28CB,北宜段,6.56,都市：商
RPTTNLOKLHNFFEF76CB,新巿段,35.20,都市：住
RPSOMLOKLHNFFCF48CB,北宜段,12.49,都市：商
RPVTNLOKLHNFFEF96CB,新巿段,35.20,都市：住
RPPPMLOKLHNFFCF28CB,北宜段,5.31,都市：商
RPROMLOKLHNFFCF38CB,北宜段,4.37,都市：商
RPPNMLPKLHNFFEF38CB,新巿段,35.20,都市：住
RPQNMLPKLHNFFEF48CB,新巿段,35.20,都市：住
RPOPMLOKLHNFFCF18CB,北宜段,4.37,都市：商
RPTOMLOKLHNFFCF58CB,北宜段,12.49,都市：商
RPUNMLPKLHNFFEF88CB,新巿段,35.20,都市：住
RPSNMLPKLHNFFEF68CB,新巿段,35.20,都市：住
RPRNMLPKLHNFFEF58CB,新巿段,35.20,都市：住
RPXOMLOKLHNFFCF98CB,北宜段,8.74,都市：商
RPVNMLPKLHNFFEF98CB,新巿段,35.20,都市：住
RPWNMLPKLHNFFEF09CB,新巿段,35.20,都市：住
RPTNMLPKLHNFFEF78CB,新巿段,35.20,都市：住
RPPOMLPKLHNFFEF48CB,新巿段,23.04,都市：住
RPSOMLPKLHNFFEF78CB,新巿段,23.04,都市：住
RPROMLPKLHNFFEF68CB,新巿段,23.04,都市：住
RPQOMLPKLHNFFEF58CB,新巿段,23.04,都市：住
RPOOMLPKLHNFFEF38CB,新巿段,23.04,都市：住
RPUOMLPKLHNFFEF98CB,新巿段,23.04,都市：住
RPWOMLPKLHNFFEF56CB,新巿段,23.04,都市：住
RPQPMLPKLHNFFEF68CB,新巿段,23.04,都市：住
RPOPMLPKLHNFFEF48CB,新巿段,23.04,都市：住
RPVOMLPKLHNFFEF09CB,新巿段,23.04,都市：住
RPPPMLPKLHNFFEF58CB,新巿段,23.04,都市：住
RPRPMLPKLHNFFEF78CB,新巿段,15.24,都市：住
RPTOMLPKLHNFFEF88CB,新巿段,23.04,都市：住
RPSPMLPKLHNFFEF88CB,新巿段,15.24,都市：住
RPXOMLPKLHNFFEF66CB,新巿段,23.04,都市：住
RPTPMLPKLHNFFEF98CB,新巿段,15.24,都市：住
RPRQMLPKLHNFFEF88CB,新巿段,20.69,都市：住
RPUPMLPKLHNFFEF09CB,新巿段,15.24,都市：住
RPVPMLPKLHNFFEF56CB,新巿段,15.24,都市：住
RPWPMLPKLHNFFEF66CB,新巿段,15.24,都市：住
RPXPMLPKLHNFFEF76CB,新巿段,15.06,都市：住
RPRPMLPKLHNFFBF48CB,建林段,27.26,都市：住
RPUPMLPKLHNFFBF78CB,建林段,18.46,都市：住
RPVPMLPKLHNFFBF88CB,建林段,14.59,都市：住
RPSPMLPKLHNFFBF58CB,建林段,27.22,都市：住
RPOQMLPKLHNFFBF28CB,建林段,14.59,都市：住
RPWPMLPKLHNFFBF98CB,建林段,21.03,都市：住
RPTPMLPKLHNFFBF68CB,建林段,20.62,都市：住
RPXPMLPKLHNFFBF09CB,建林段,18.46,都市：住
RPWQMLQKLHNFFBF56CB,麗林段,28.00,都市：住
RPVQMLQKLHNFFBF09CB,麗林段,28.00,都市：住
RPORMLQKLHNFFBF48CB,麗林段,34.81,都市：住
RPRRMLQKLHNFFBF78CB,麗林段,34.81,都市：住
RPXQMLQKLHNFFBF66CB,麗林段,28.00,都市：住
RPPRMLQKLHNFFBF58CB,麗林段,34.81,都市：住
RPWNMLKLLHNFFBF38CB,麗林段,28.00,都市：住
RPURMLQKLHNFFBF09CB,麗林段,28.00,都市：住
RPPOMLKLLHNFFBF77CB,麗林段,28.00,都市：住
RPQRMLQKLHNFFBF68CB,麗林段,34.81,都市：住
RPQOMLKLLHNFFBF87CB,麗林段,28.00,都市：住
RPTOMLKLLHNFFBF18CB,麗林段,34.81,都市：住
RPXNMLKLLHNFFBF48CB,麗林段,28.00,都市：住
RPOPMLKLLHNFFBF77CB,麗林段,28.00,都市：住
RPUOMLKLLHNFFBF28CB,麗林段,34.81,都市：住
RPROMLKLLHNFFBF97CB,麗林段,28.97,都市：住
RPPPMLKLLHNFFBF87CB,麗林段,28.00,都市：住
RPXOMLKLLHNFFBF58CB,麗林段,28.00,都市：住
RPVOMLKLLHNFFBF38CB,麗林段,34.81,都市：住
RPQPMLKLLHNFFBF97CB,麗林段,29.75,都市：住
RPSPMLKLLHNFFBF18CB,麗林段,29.75,都市：住
RPRPMLKLLHNFFBF08CB,麗林段,29.75,都市：住
RPTPMLKLLHNFFBF28CB,麗林段,29.75,都市：住
RPTQMLKLLHNFFBF38CB,麗林段,29.75,都市：住
RPRQMLKLLHNFFBF18CB,麗林段,29.75,都市：住
RPSPMLNLLHNFFEF78CB,新巿段,30.30,都市：住
RPUQMLKLLHNFFBF48CB,麗林段,29.75,都市：住
RPQPMLNLLHNFFEF58CB,新巿段,30.30,都市：住
RPORMLKLLHNFFBF97CB,麗林段,29.75,都市：住
RPPPMLNLLHNFFEF48CB,新巿段,30.30,都市：住
RPVQMLKLLHNFFBF58CB,麗林段,29.75,都市：住
RPTPMLNLLHNFFEF88CB,新巿段,30.30,都市：住
RPWPMLNLLHNFFEF56CB,新巿段,21.05,都市：住
RPOQMLNLLHNFFEF48CB,新巿段,21.05,都市：住
RPQQMLNLLHNFFEF68CB,新巿段,21.05,都市：住
RPRQMLNLLHNFFEF78CB,新巿段,21.05,都市：住
RPXPMLNLLHNFFEF66CB,新巿段,21.05,都市：住
RPWQMLNLLHNFFEF66CB,新巿段,21.05,都市：住
RPVQMLNLLHNFFEF56CB,新巿段,21.05,都市：住
RPXQMLNLLHNFFEF76CB,新巿段,21.05,都市：住
RPQRMLNLLHNFFEF78CB,新巿段,20.87,都市：住
RPTQMLNLLHNFFEF98CB,新巿段,21.05,都市：住
RPRRMLNLLHNFFEF88CB,新巿段,21.05,都市：住
RPSQMLNLLHNFFEF88CB,新巿段,21.05,都市：住
RPORMLNLLHNFFEF58CB,新巿段,21.05,都市：住
RPOSMLNLLHNFFEF68CB,新巿段,30.30,都市：住
RPVRMLNLLHNFFEF66CB,新巿段,21.05,都市：住
RPURMLNLLHNFFEF56CB,新巿段,21.05,都市：住
RPQSMLNLLHNFFEF88CB,新巿段,30.30,都市：住
RPSSMLNLLHNFFEF09CB,新巿段,30.30,都市：住
RPPSMLNLLHNFFEF78CB,新巿段,30.12,都市：住
RPRSMLNLLHNFFEF98CB,新巿段,30.30,都市：住
RPSRMLNLLHNFFEF98CB,新巿段,21.05,都市：住
RPVSMLNLLHNFFEF76CB,新巿段,30.30,都市：住
RPTSMLNLLHNFFEF56CB,新巿段,30.12,都市：住
RPWSMLNLLHNFFEF86CB,新巿段,30.30,都市：住
RPRTMLNLLHNFFEF09CB,新巿段,35.20,都市：住
RPQTMLNLLHNFFEF98CB,新巿段,15.42,都市：住
RPOTMLNLLHNFFEF78CB,新巿段,30.30,都市：住
RPTTMLNLLHNFFEF66CB,新巿段,35.20,都市：住
RPSTMLNLLHNFFEF56CB,新巿段,35.20,都市：住
RPXSMLNLLHNFFEF96CB,新巿段,30.30,都市：住
RPUTMLNLLHNFFEF76CB,新巿段,34.84,都市：住
RPVTMLNLLHNFFEF86CB,新巿段,35.20,都市：住
RPXTMLNLLHNFFEF07CB,新巿段,23.04,都市：住
RPOUMLNLLHNFFEF88CB,新巿段,23.04,都市：住
RPWTMLNLLHNFFEF96CB,新巿段,35.20,都市：住
RPPUMLNLLHNFFEF98CB,新巿段,23.04,都市：住
RPQUMLNLLHNFFEF09CB,新巿段,23.04,都市：住
RPQQMLQLLHNFFEF98CB,新巿段,23.04,都市：住
RPSUMLNLLHNFFEF66CB,新巿段,23.04,都市：住
RPRUMLNLLHNFFEF56CB,新巿段,23.04,都市：住
RPRQMLQLLHNFFEF09CB,新巿段,23.04,都市：住
RPSQMLQLLHNFFEF56CB,新巿段,23.04,都市：住
RPUQMLQLLHNFFEF76CB,新巿段,23.04,都市：住
RPTQMLQLLHNFFEF66CB,新巿段,23.04,都市：住
RPWQMLQLLHNFFEF96CB,新巿段,23.04,都市：住
RPVQMLQLLHNFFEF86CB,新巿段,22.86,都市：住
RPORMLQLLHNFFEF88CB,新巿段,15.42,都市：住
RPXQMLQLLHNFFEF07CB,新巿段,23.04,都市：住
RPRRMLQLLHNFFEF56CB,新巿段,15.24,都市：住
RPUOMLQLLHNFFHF86CB,林森段,1.72,都市：住
RPUOMLQLLHNFFHF86CB,林森段,1.43,都市：住
RPUOMLQLLHNFFHF86CB,林森段,1.44,都市：住
RPUOMLQLLHNFFHF86CB,林森段,1.23,都市：住
RPUOMLQLLHNFFHF86CB,林森段,4.21,都市：住
RPUOMLQLLHNFFHF86CB,林森段,4.76,都市：住
RPUOMLQLLHNFFHF86CB,林森段,.25,都市：住
RPUOMLQLLHNFFHF86CB,林森段,.95,都市：住
RPQRMLQLLHNFFEF09CB,新巿段,15.42,都市：住
RPSRMLQLLHNFFEF66CB,新巿段,15.24,都市：住
RPTRMLQLLHNFFEF76CB,新巿段,15.24,都市：住
RPXOMLQLLHNFFHF17CB,林森段,1.28,都市：住
RPXOMLQLLHNFFHF17CB,林森段,1.07,都市：住
RPXOMLQLLHNFFHF17CB,林森段,1.07,都市：住
RPXOMLQLLHNFFHF17CB,林森段,.92,都市：住
RPXOMLQLLHNFFHF17CB,林森段,3.15,都市：住
RPXOMLQLLHNFFHF17CB,林森段,3.56,都市：住
RPXOMLQLLHNFFHF17CB,林森段,.19,都市：住
RPXOMLQLLHNFFHF17CB,林森段,.71,都市：住
RPWOMLQLLHNFFHF07CB,林森段,1.28,都市：住
RPWOMLQLLHNFFHF07CB,林森段,1.07,都市：住
RPWOMLQLLHNFFHF07CB,林森段,1.07,都市：住
RPWOMLQLLHNFFHF07CB,林森段,.92,都市：住
RPWOMLQLLHNFFHF07CB,林森段,3.15,都市：住
RPWOMLQLLHNFFHF07CB,林森段,3.56,都市：住
RPWOMLQLLHNFFHF07CB,林森段,.19,都市：住
RPWOMLQLLHNFFHF07CB,林森段,.71,都市：住
RPPOMLRLLHNFFEF78CB,新巿段,15.24,都市：住
RPTOMLRLLHNFFEF56CB,新巿段,21.05,都市：住
RPUOMLRLLHNFFEF66CB,新巿段,21.05,都市：住
RPOOMLRLLHNFFEF68CB,新巿段,15.24,都市：住
RPVOMLRLLHNFFEF76CB,新巿段,21.05,都市：住
RPQPMLRLLHNFFEF98CB,新巿段,21.05,都市：住
RPWOMLRLLHNFFEF86CB,新巿段,21.05,都市：住
RPROMLRLLHNFFEF98CB,新巿段,15.06,都市：住
RPXOMLRLLHNFFEF96CB,新巿段,21.05,都市：住
RPRPMLRLLHNFFEF09CB,新巿段,21.05,都市：住
RPVPMLRLLHNFFEF86CB,新巿段,21.05,都市：住
RPSPMLRLLHNFFEF56CB,新巿段,21.05,都市：住
RPWPMLRLLHNFFEF96CB,新巿段,21.05,都市：住
RPTPMLRLLHNFFEF66CB,新巿段,20.69,都市：住
RPOQMLRLLHNFFEF88CB,新巿段,21.05,都市：住
RPXPMLRLLHNFFEF07CB,新巿段,20.87,都市：住
RPTQMLRLLHNFFEF76CB,新巿段,21.05,都市：住
RPVQMLRLLHNFFEF96CB,新巿段,21.05,都市：住
RPXQMLRLLHNFFEF17CB,新巿段,35.20,都市：住
RPSQMLRLLHNFFEF66CB,新巿段,21.05,都市：住
RPWQMLRLLHNFFEF07CB,新巿段,21.05,都市：住
RPVRMLRLLHNFFEF07CB,新巿段,30.30,都市：住
RPRQMLRLLHNFFEF56CB,新巿段,21.05,都市：住
RPXRMLRLLHNFFEF27CB,新巿段,30.30,都市：住
RPSRMLRLLHNFFEF76CB,新巿段,15.24,都市：住
RPURMLRLLHNFFEF96CB,新巿段,23.04,都市：住
RPOSMLRLLHNFFEF09CB,新巿段,30.30,都市：住
RPRSMLRLLHNFFEF76CB,新巿段,30.30,都市：住
RPXTMLRLLHNFFEF47CB,新巿段,30.12,都市：住
RPQUMLRLLHNFFEF86CB,新巿段,30.30,都市：住
RPPSMLRLLHNFFEF56CB,新巿段,30.30,都市：住
RPSSMLRLLHNFFEF86CB,新巿段,30.30,都市：住
RPRUMLRLLHNFFEF96CB,新巿段,30.30,都市：住
RPOUMLRLLHNFFEF66CB,新巿段,30.30,都市：住
RPTUMLRLLHNFFEF17CB,新巿段,30.30,都市：住
RPQSMLRLLHNFFEF66CB,新巿段,30.12,都市：住
RPWUMLRLLHNFFEF47CB,新巿段,30.30,都市：住
RPSUMLRLLHNFFEF07CB,新巿段,35.20,都市：住
RPVUMLRLLHNFFEF37CB,新巿段,30.30,都市：住
RPPVMLRLLHNFFEF86CB,新巿段,34.84,都市：住
RPXUMLRLLHNFFEF57CB,新巿段,30.30,都市：住
RPOVMLRLLHNFFEF76CB,新巿段,35.20,都市：住
RPWVMLRLLHNFFEF57CB,新巿段,35.20,都市：住
RPXVMLRLLHNFFEF67CB,新巿段,35.20,都市：住
RPRWMLRLLHNFFEF17CB,新巿段,23.04,都市：住
RPUVMLRLLHNFFEF37CB,新巿段,35.20,都市：住
RPOWMLRLLHNFFEF86CB,新巿段,35.20,都市：住
RPSVMLRLLHNFFEF17CB,新巿段,35.02,都市：住
RPPWMLRLLHNFFEF96CB,新巿段,23.04,都市：住
RPSWMLRLLHNFFEF27CB,新巿段,22.86,都市：住
RPTVMLRLLHNFFEF27CB,新巿段,35.20,都市：住
RPVWMLRLLHNFFEF57CB,新巿段,23.04,都市：住
RPTWMLRLLHNFFEF37CB,新巿段,23.04,都市：住
RPXWMLRLLHNFFEF77CB,新巿段,23.04,都市：住
RPWWMLRLLHNFFEF67CB,新巿段,23.04,都市：住
RPRNNLRLLHNFFEF98CB,新巿段,23.04,都市：住
RPONNLRLLHNFFEF68CB,新巿段,23.04,都市：住
RPQNNLRLLHNFFEF88CB,新巿段,23.04,都市：住
RPTNNLRLLHNFFEF56CB,新巿段,23.04,都市：住
RPSNNLRLLHNFFEF09CB,新巿段,23.04,都市：住
RPOONLRLLHNFFEF78CB,新巿段,15.42,都市：住
RPXNNLRLLHNFFEF96CB,新巿段,23.04,都市：住
RPWNNLRLLHNFFEF86CB,新巿段,23.04,都市：住
RPRONLRLLHNFFEF09CB,新巿段,15.24,都市：住
RPSONLRLLHNFFEF56CB,新巿段,15.24,都市：住
RPVNNLRLLHNFFEF76CB,新巿段,23.04,都市：住
RPUONLRLLHNFFEF76CB,新巿段,15.06,都市：住
RPVONLRLLHNFFEF86CB,新巿段,15.24,都市：住
RPQPNLRLLHNFFEF09CB,新巿段,21.05,都市：住
RPOPNLRLLHNFFEF88CB,新巿段,15.24,都市：住
RPRPNLRLLHNFFEF56CB,新巿段,21.05,都市：住
RPPPNLRLLHNFFEF98CB,新巿段,15.24,都市：住
RPSPNLRLLHNFFEF66CB,新巿段,21.05,都市：住
RPPNMLSLLHNFFEF78CB,新巿段,21.05,都市：住
RPQNMLSLLHNFFEF88CB,新巿段,21.05,都市：住
RPUNMLSLLHNFFEF66CB,新巿段,21.05,都市：住
RPRNMLSLLHNFFEF98CB,新巿段,21.05,都市：住
RPSNMLSLLHNFFEF09CB,新巿段,20.87,都市：住
RPTNMLSLLHNFFEF56CB,新巿段,21.05,都市：住
RPVNMLSLLHNFFEF76CB,新巿段,20.69,都市：住
RPROMLSLLHNFFEF09CB,新巿段,21.05,都市：住
RPWNMLSLLHNFFEF86CB,新巿段,21.05,都市：住
RPQOMLSLLHNFFEF98CB,新巿段,21.05,都市：住
RPUOMLSLLHNFFEF76CB,新巿段,21.05,都市：住
RPSOMLSLLHNFFEF56CB,新巿段,21.05,都市：住
RPXNMLSLLHNFFEF96CB,新巿段,21.05,都市：住
RPWOMLSLLHNFFEF96CB,新巿段,21.05,都市：住
RPOPMLSLLHNFFEF88CB,新巿段,21.05,都市：住
RPSOMLPJMHNFFBF58DB,力行段,56.47,都市：住
RPVOMLSLLHNFFEF86CB,新巿段,21.05,都市：住
RPPNMLNJMHNFFAF77CB,大豐段,23.61,都市：住
RPVOMLPJMHNFFBF88DB,力行段,21.56,都市：住
RPXOMLPJMHNFFBF09DB,力行段,21.56,都市：住
RPWOMLPJMHNFFBF98DB,力行段,21.56,都市：住
RPOPMLPJMHNFFBF28DB,力行段,55.56,都市：住
RPQPMLPJMHNFFBF48DB,力行段,25.20,都市：住
RPSPMLPJMHNFFBF68DB,力行段,25.20,都市：住
RPRPMLPJMHNFFBF58DB,力行段,25.20,都市：住
RPXPMLPJMHNFFBF56DB,力行段,16.40,都市：住
RPPPMLPJMHNFFBF38DB,力行段,25.20,都市：住
RPTPMLPJMHNFFBF78DB,力行段,25.20,都市：住
RPUPMLPJMHNFFBF88DB,力行段,36.74,都市：住
RPQQMLPJMHNFFBF58DB,力行段,16.70,都市：住
RPVPMLPJMHNFFBF98DB,力行段,22.47,都市：住
RPVQMLPJMHNFFBF09DB,力行段,16.70,都市：住
RPTNMLQKMHNFFAF58CB,大豐段,26.98,都市：住
RPSQMLPJMHNFFBF78DB,力行段,16.70,都市：住
RPXNMLMKMHNFFAF58CB,大豐段,17.55,都市：住
RPTQMLPJMHNFFBF88DB,力行段,16.70,都市：住
RPOOMLQKMHNFFAF18CB,大豐段,26.98,都市：住
RPROMLQKMHNFFAF48CB,大豐段,27.89,都市：住
RPTOMLQKMHNFFAF68CB,大豐段,27.89,都市：住
RPVNMLQKMHNFFAF78CB,大豐段,16.71,都市：住
RPWNMLQKMHNFFAF88CB,大豐段,26.98,都市：住
RPUNMLQKMHNFFAF68CB,大豐段,16.71,都市：住
RPUOMLQKMHNFFAF78CB,大豐段,27.89,都市：住
RPVOMLQKMHNFFAF88CB,大豐段,27.89,都市：住
RPPPMLQKMHNFFAF38CB,大豐段,27.15,都市：住
RPQPMLQKMHNFFAF48CB,大豐段,27.15,都市：住
RPSPMLQKMHNFFAF68CB,大豐段,27.15,都市：住
RPRPMLQKMHNFFAF58CB,大豐段,27.15,都市：住
RPTPMLQKMHNFFAF78CB,大豐段,27.15,都市：住
RPVPMLQKMHNFFAF98CB,大豐段,26.98,都市：住
RPUPMLQKMHNFFAF88CB,大豐段,26.98,都市：住
RPOQMLQKMHNFFAF38CB,大豐段,16.71,都市：住
RPPQMLQKMHNFFAF48CB,大豐段,16.71,都市：住
RPTQMLQKMHNFFAF88CB,大豐段,16.71,都市：住
RPXPMLQKMHNFFAF56CB,大豐段,26.98,都市：住
RPRQMLQKMHNFFAF68CB,大豐段,16.71,都市：住
RPSQMLQKMHNFFAF78CB,大豐段,16.71,都市：住
RPQQMLQKMHNFFAF58CB,大豐段,16.71,都市：住
RPUQMLQKMHNFFAF98CB,大豐段,16.71,都市：住
RPPRMLQKMHNFFAF58CB,大豐段,16.71,都市：住
RPXQMLQKMHNFFAF66CB,大豐段,16.71,都市：住
RPQRMLQKMHNFFAF68CB,大豐段,16.71,都市：住
RPORMLQKMHNFFAF48CB,大豐段,16.71,都市：住
RPWRMLQKMHNFFAF66CB,大豐段,26.98,都市：住
RPXRMLQKMHNFFAF76CB,大豐段,26.98,都市：住
RPSRMLQKMHNFFAF88CB,大豐段,26.98,都市：住
RPVRMLQKMHNFFAF56CB,大豐段,26.98,都市：住
RPURMLQKMHNFFAF09CB,大豐段,26.98,都市：住
RPRRMLQKMHNFFAF78CB,大豐段,16.71,都市：住
RPTRMLQKMHNFFAF98CB,大豐段,26.98,都市：住
RPPSMLQKMHNFFAF68CB,大豐段,26.98,都市：住
RPQSMLQKMHNFFAF78CB,大豐段,26.98,都市：住
RPUSMLQKMHNFFAF56CB,大豐段,27.89,都市：住
RPTSMLQKMHNFFAF09CB,大豐段,27.89,都市：住
RPRSMLQKMHNFFAF88CB,大豐段,26.98,都市：住
RPOTMLQKMHNFFAF68CB,大豐段,27.89,都市：住
RPRWMLQKMHNFFBF86DB,力行段,34.92,都市：住
RPWSMLQKMHNFFAF76CB,大豐段,27.89,都市：住
RPXSMLQKMHNFFAF86CB,大豐段,27.89,都市：住
RPRTMLQKMHNFFAF98CB,大豐段,27.84,都市：住
RPVSMLQKMHNFFAF66CB,大豐段,27.89,都市：住
RPSWMLQKMHNFFBF96DB,力行段,34.92,都市：住
RPTWMLQKMHNFFBF07DB,力行段,55.56,都市：住
RPUWMLQKMHNFFBF17DB,力行段,34.92,都市：住
RPWWMLQKMHNFFBF37DB,力行段,34.92,都市：住
RPVWMLQKMHNFFBF27DB,力行段,34.92,都市：住
RPXWMLQKMHNFFBF47DB,力行段,21.86,都市：住
RPRNNLQKMHNFFBF68DB,力行段,21.86,都市：住
RPUNMLRKMHNFFAF78CB,大豐段,16.62,都市：住
RPQPMLQKMHNFFEF88CB,新巿段,20.36,都市：住
RPVNMLRKMHNFFAF88CB,大豐段,16.62,都市：住
RPPNNLQKMHNFFBF48DB,力行段,21.86,都市：住
RPSNNLQKMHNFFBF78DB,力行段,37.65,都市：住
RPVNNLQKMHNFFBF09DB,力行段,21.86,都市：住
RPOOMLRKMHNFFAF28CB,大豐段,27.52,都市：住
RPXNMLRKMHNFFAF09CB,大豐段,23.83,都市：住
RPWNMLRKMHNFFAF98CB,大豐段,23.83,都市：住
RPSOMLRKMHNFFAF68CB,大豐段,18.57,都市：住
RPQOMLRKMHNFFAF48CB,大豐段,18.57,都市：住
RPPOMLRKMHNFFAF38CB,大豐段,18.90,都市：住
RPUOMLRKMHNFFAF88CB,大豐段,26.24,都市：住
RPTOMLRKMHNFFAF78CB,大豐段,26.24,都市：住
RPROMLRKMHNFFAF58CB,大豐段,18.57,都市：住
RPWOMLRKMHNFFAF09CB,大豐段,17.55,都市：住
RPSPMLRKMHNFFAF78CB,大豐段,16.62,都市：住
RPPPMLRKMHNFFAF48CB,大豐段,16.62,都市：住
RPVOMLRKMHNFFAF98CB,大豐段,26.65,都市：住
RPXOMLRKMHNFFAF56CB,大豐段,17.55,都市：住
RPQPMLRKMHNFFAF58CB,大豐段,16.62,都市：住
RPWPMLRKMHNFFAF56CB,大豐段,23.83,都市：住
RPTPMLRKMHNFFAF88CB,大豐段,16.62,都市：住
RPQQMLRKMHNFFAF68CB,大豐段,23.83,都市：住
RPXPMLRKMHNFFAF66CB,大豐段,23.83,都市：住
RPRQMLRKMHNFFAF78CB,大豐段,27.52,都市：住
RPPQMLRKMHNFFAF58CB,大豐段,23.83,都市：住
RPSQMLRKMHNFFAF88CB,大豐段,27.52,都市：住
RPTQMLRKMHNFFAF98CB,大豐段,18.90,都市：住
RPWQMLRKMHNFFAF66CB,大豐段,18.90,都市：住
RPORMLRKMHNFFAF58CB,大豐段,18.90,都市：住
RPRRMLRKMHNFFAF88CB,大豐段,18.57,都市：住
RPXQMLRKMHNFFAF76CB,大豐段,18.90,都市：住
RPVQMLRKMHNFFAF56CB,大豐段,18.90,都市：住
RPQRMLRKMHNFFAF78CB,大豐段,18.57,都市：住
RPTRMLRKMHNFFAF09CB,大豐段,18.57,都市：住
RPURMLRKMHNFFAF56CB,大豐段,18.57,都市：住
RPPRMLRKMHNFFAF68CB,大豐段,18.90,都市：住
RPWRMLRKMHNFFAF76CB,大豐段,26.24,都市：住
RPVRMLRKMHNFFAF66CB,大豐段,26.24,都市：住
RPOSMLRKMHNFFAF68CB,大豐段,26.24,都市：住
RPPSMLRKMHNFFAF78CB,大豐段,26.24,都市：住
RPSSMLRKMHNFFAF09CB,大豐段,26.65,都市：住
RPQSMLRKMHNFFAF88CB,大豐段,26.24,都市：住
RPTSMLRKMHNFFAF56CB,大豐段,26.65,都市：住
RPRSMLRKMHNFFAF98CB,大豐段,26.65,都市：住
RPVSMLRKMHNFFAF76CB,大豐段,26.65,都市：住
RPWSMLRKMHNFFAF86CB,大豐段,26.65,都市：住
RPUSMLRKMHNFFAF66CB,大豐段,26.65,都市：住
RPOTMLRKMHNFFAF78CB,大豐段,17.55,都市：住
RPPTMLRKMHNFFAF88CB,大豐段,17.55,都市：住
RPXSMLRKMHNFFAF96CB,大豐段,17.55,都市：住
RPRTMLRKMHNFFAF09CB,大豐段,17.55,都市：住
RPQTMLRKMHNFFAF98CB,大豐段,17.55,都市：住
RPSTMLRKMHNFFAF56CB,大豐段,17.55,都市：住
RPRUMLRKMHNFFAF56CB,大豐段,18.90,都市：住
RPTTMLRKMHNFFAF66CB,大豐段,17.55,都市：住
RPUTMLRKMHNFFAF76CB,大豐段,17.55,都市：住
RPSUMLRKMHNFFAF66CB,大豐段,18.90,都市：住
RPUUMLRKMHNFFAF86CB,大豐段,17.55,都市：住
RPOVMLRKMHNFFAF98CB,大豐段,17.55,都市：住
RPWUMLRKMHNFFAF07CB,大豐段,17.55,都市：住
RPTUMLRKMHNFFAF76CB,大豐段,18.57,都市：住
RPXUMLRKMHNFFAF17CB,大豐段,17.55,都市：住
RPQVMLRKMHNFFAF56CB,大豐段,17.55,都市：住
RPPVMLRKMHNFFAF09CB,大豐段,17.55,都市：住
RPSVMLRKMHNFFAF76CB,大豐段,17.55,都市：住
RPTVMLRKMHNFFAF86CB,大豐段,17.55,都市：住
RPVVMLRKMHNFFAF07CB,大豐段,17.55,都市：住
RPUVMLRKMHNFFAF96CB,大豐段,17.55,都市：住
RPPWMLRKMHNFFAF56CB,大豐段,26.65,都市：住
RPXVMLRKMHNFFAF27CB,大豐段,17.55,都市：住
RPQWMLRKMHNFFAF66CB,大豐段,26.65,都市：住
RPOWMLRKMHNFFAF09CB,大豐段,17.55,都市：住
RPTWMLRKMHNFFAF96CB,大豐段,18.57,都市：住
RPRWMLRKMHNFFAF76CB,大豐段,18.57,都市：住
RPRVMLRKMHNFFAF66CB,大豐段,17.55,都市：住
RPWWMLRKMHNFFAF27CB,大豐段,18.57,都市：住
RPUWMLRKMHNFFAF07CB,大豐段,18.57,都市：住
RPONNLRKMHNFFAF28CB,大豐段,18.57,都市：住
RPXWMLRKMHNFFAF37CB,大豐段,18.57,都市：住
RPVWMLRKMHNFFAF17CB,大豐段,18.57,都市：住
RPQNNLRKMHNFFAF48CB,大豐段,18.57,都市：住
RPRNNLRKMHNFFAF58CB,大豐段,18.90,都市：住
RPSNNLRKMHNFFAF68CB,大豐段,18.90,都市：住
RPPNNLRKMHNFFAF38CB,大豐段,18.57,都市：住
RPTNNLRKMHNFFAF78CB,大豐段,18.90,都市：住
RPVNNLRKMHNFFAF98CB,大豐段,18.90,都市：住
RPWNNLRKMHNFFAF09CB,大豐段,18.90,都市：住
RPXNNLRKMHNFFAF56CB,大豐段,18.90,都市：住
RPQONLRKMHNFFAF58CB,大豐段,27.52,都市：住
RPSONLRKMHNFFAF78CB,大豐段,27.52,都市：住
RPUNNLRKMHNFFAF88CB,大豐段,18.90,都市：住
RPOONLRKMHNFFAF38CB,大豐段,18.90,都市：住
RPRONLRKMHNFFAF68CB,大豐段,27.52,都市：住
RPUONLRKMHNFFAF98CB,大豐段,27.52,都市：住
RPPONLRKMHNFFAF48CB,大豐段,18.90,都市：住
RPOPNLRKMHNFFAF48CB,大豐段,23.83,都市：住
RPQPNLRKMHNFFAF68CB,大豐段,16.62,都市：住
RPPPNLRKMHNFFAF58CB,大豐段,23.83,都市：住
RPVONLRKMHNFFAF09CB,大豐段,27.52,都市：住
RPSPNLRKMHNFFAF88CB,大豐段,23.83,都市：住
RPTPNLRKMHNFFAF98CB,大豐段,23.83,都市：住
RPUPNLRKMHNFFAF09CB,大豐段,23.83,都市：住
RPXONLRKMHNFFAF66CB,大豐段,23.83,都市：住
RPRPNLRKMHNFFAF78CB,大豐段,23.83,都市：住
RPWPNLRKMHNFFAF66CB,大豐段,23.83,都市：住
RPWONLRKMHNFFAF56CB,大豐段,27.52,都市：住
RPVPNLRKMHNFFAF56CB,大豐段,23.83,都市：住
RPXPNLRKMHNFFAF76CB,大豐段,23.83,都市：住
RPOQNLRKMHNFFAF58CB,大豐段,23.83,都市：住
RPWQNLRKMHNFFAF76CB,大豐段,16.62,都市：住
RPVQNLRKMHNFFAF66CB,大豐段,16.62,都市：住
RPTQNLRKMHNFFAF09CB,大豐段,16.62,都市：住
RPXQNLRKMHNFFAF86CB,大豐段,16.62,都市：住
RPPQNLRKMHNFFAF68CB,大豐段,23.83,都市：住
RPSQNLRKMHNFFAF98CB,大豐段,16.62,都市：住
RPQPMLSKMHNFFBF78CB,建林段,14.59,都市：住
RPRQNLRKMHNFFAF88CB,大豐段,16.62,都市：住
RPPRNLRKMHNFFAF78CB,大豐段,16.62,都市：住
RPSPMLSKMHNFFBF98CB,建林段,14.59,都市：住
RPUOMLTKMHNFFBF56CB,副都心段一小段,21.77,都市：商
RPWOMLTKMHNFFBF76CB,副都心段一小段,21.77,都市：商
RPOPMLTKMHNFFBF68CB,副都心段一小段,12.67,都市：商
RPXOMLTKMHNFFBF86CB,副都心段一小段,10.29,都市：商
RPSPMLTKMHNFFBF09CB,副都心段一小段,12.67,都市：商
RPVPMLTKMHNFFBF76CB,副都心段一小段,12.67,都市：商
RPOQMLTKMHNFFBF78CB,副都心段一小段,21.89,都市：商
RPUPMLTKMHNFFBF66CB,副都心段一小段,12.67,都市：商
RPPPMLTKMHNFFBF78CB,副都心段一小段,12.67,都市：商
RPQPMLTKMHNFFBF88CB,副都心段一小段,12.67,都市：商
RPRQMLTKMHNFFBF09CB,副都心段一小段,27.00,都市：商
RPSQMLTKMHNFFBF56CB,副都心段一小段,18.84,都市：商
RPPQMLTKMHNFFBF88CB,副都心段一小段,21.89,都市：商
RPWPMLTKMHNFFBF86CB,副都心段一小段,12.67,都市：商
RPVQMLTKMHNFFBF86CB,副都心段一小段,12.50,都市：商
RPORMLTKMHNFFBF88CB,副都心段一小段,12.50,都市：商
RPWQMLTKMHNFFBF96CB,副都心段一小段,12.50,都市：商
RPPRMLTKMHNFFBF98CB,副都心段一小段,12.47,都市：商
RPXQMLTKMHNFFBF07CB,副都心段一小段,12.50,都市：商
RPURMLTKMHNFFBF86CB,副都心段一小段,12.50,都市：商
RPSRMLTKMHNFFBF66CB,副都心段一小段,12.50,都市：商
RPRRMLTKMHNFFBF56CB,副都心段一小段,12.50,都市：商
RPUQMLTKMHNFFBF76CB,副都心段一小段,18.81,都市：商
RPQRMLTKMHNFFBF09CB,副都心段一小段,12.50,都市：商
RPVRMLTKMHNFFBF96CB,副都心段一小段,13.40,都市：商
RPWOMLNLMHNFFBF88CB,麗林段,28.00,都市：住
RPXNMLNLMHNFFEF56CB,新巿段,23.04,都市：住
RPWRMLTKMHNFFBF07CB,副都心段一小段,12.67,都市：商
RPQOMLNLMHNFFEF58CB,新巿段,21.05,都市：住
RPPOMLNLMHNFFEF48CB,新巿段,23.23,都市：住
RPVNMLNLMHNFFEF98CB,新巿段,4.12,都市：住
RPVNMLNLMHNFFEF98CB,新巿段,5.43,都市：住
RPVNMLNLMHNFFEF98CB,新巿段,6.23,都市：住
RPVNMLNLMHNFFEF98CB,新巿段,2.80,都市：住
RPOOMLNLMHNFFEF38CB,新巿段,23.04,都市：住
RPSOMLNLMHNFFEF78CB,新巿段,4.43,都市：住
RPSOMLNLMHNFFEF78CB,新巿段,5.83,都市：住
RPSOMLNLMHNFFEF78CB,新巿段,6.68,都市：住
RPSOMLNLMHNFFEF78CB,新巿段,3.01,都市：住
RPXOMLNLMHNFFEF66CB,新巿段,4.43,都市：住
RPXOMLNLMHNFFEF66CB,新巿段,5.83,都市：住
RPXOMLNLMHNFFEF66CB,新巿段,6.68,都市：住
RPXOMLNLMHNFFEF66CB,新巿段,3.01,都市：住
RPUOMLNLMHNFFEF98CB,新巿段,5.70,都市：住
RPUOMLNLMHNFFEF98CB,新巿段,7.50,都市：住
RPUOMLNLMHNFFEF98CB,新巿段,8.61,都市：住
RPUOMLNLMHNFFEF98CB,新巿段,3.88,都市：住
RPSNMLSLMHNFFBF98DB,力行段,16.40,都市：住
RPQNMLPLMHNFFHF98CB,林森段,1.72,都市：住
RPQNMLPLMHNFFHF98CB,林森段,1.43,都市：住
RPQNMLPLMHNFFHF98CB,林森段,1.44,都市：住
RPQNMLPLMHNFFHF98CB,林森段,1.23,都市：住
RPQNMLPLMHNFFHF98CB,林森段,4.21,都市：住
RPQNMLPLMHNFFHF98CB,林森段,4.76,都市：住
RPQNMLPLMHNFFHF98CB,林森段,.25,都市：住
RPQNMLPLMHNFFHF98CB,林森段,.95,都市：住
RPUNMLSLMHNFFBF56DB,力行段,16.70,都市：住
RPWNMLSLMHNFFBF76DB,力行段,21.86,都市：住
RPVNMLSLMHNFFBF66DB,力行段,21.86,都市：住
RPXNMLSLMHNFFBF86DB,力行段,29.15,都市：住
RPWNMLNLMHNFFEF09CB,新巿段,4.43,都市：住
RPWNMLNLMHNFFEF09CB,新巿段,5.83,都市：住
RPWNMLNLMHNFFEF09CB,新巿段,6.68,都市：住
RPWNMLNLMHNFFEF09CB,新巿段,3.01,都市：住
RPROMLNLMHNFFEF68CB,新巿段,30.30,都市：住
RPTOMLNLMHNFFEF88CB,新巿段,5.70,都市：住
RPTOMLNLMHNFFEF88CB,新巿段,7.50,都市：住
RPTOMLNLMHNFFEF88CB,新巿段,8.61,都市：住
RPTOMLNLMHNFFEF88CB,新巿段,3.88,都市：住
