﻿編號,土地區段位置,土地移轉面積平方公尺,使用分區或編定
The serial number,land sector position,land shifting area square meter,the use zoning or compiles and checks
RPRNMLLKKHNFFIF58CC,大學段一小段,16.37,都市：住
RPPNMLLKKHNFFHF38DC,永安段,4.58,都市：商
RPPNMLLKKHNFFIF38CC,大學段二小段,22.81,都市：住
RPPNMLMKKHNFFBF77CC,丹鳳段,.00,都市：住
RPQPMLMKKHNFFEF38CC,馬偕段,5.67,都市：工
RPROMLMKKHNFFDF28CC,智興段,11.10,都市：商
RPXSMLMKKHNFFEF76CC,淡海段,39.11,都市：商
RPQNMLLKKHNFFIF48CC,大學段二小段,20.31,都市：商
RPVOMLMKKHNFFEF78CC,公司田段,24.28,都市：其他
RPQOMLMKKHNFFDF18CC,智興段,12.12,都市：商
RPPQNLMKKHNFFEF48CC,新興段,21.35,都市：住
RPUNNLMKKHNFFEF68CC,馬偕段,5.67,都市：工
RPXPNLMKKHNFFEF56CC,海鷗段,2.99,都市：住
RPVQMLMKKHNFFHF66CC,永安段,.00,都市：商
RPVQMLMKKHNFFHF66CC,永安段,.00,都市：商
RPQNMLMKKHNFFCF97CC,安和段,1517.49,都市：其他
RPSOMLMKKHNFFAF28EC,金城段,32.31,都市：住
RPQNMLMKKHNFFIF58CC,十三添段打鐵坑小段,57.00,非都市：山坡地保育區 ; 非都市編定：丙種建築用地
RPUOMLMKKHNFFAF48EC,仁愛段,.00,都市：其他
RPRNMLMKKHNFFCF08CC,福園段,.00,都市：住
RPRNMLMKKHNFFCF08CC,福園段,.00,都市：住
RPXNMLMKKHNFFDF88DC,建成段,.00,都市：住
RPUPMLMKKHNFFAF58EC,大庭段,.00,都市：住
RPTPMLMKKHNFFAF48EC,學林段,17.55,都市：住
RPPQMLNKKHNFFHF78CC,中原段,.00,都市：工
RPXRMLMKKHNFFAF09EC,文化段,2.77,都市：住
RPQQMLNKKHNFFHF88CC,板南段,.00,都市：工
RPPSMLMKKHNFFAF38EC,大巒段,1602.20,都市：工
RPOSMLMKKHNFFAF28EC,光仁段,48.13,都市：工
RPUQMLNKKHNFFHF66CC,新民段,82.98,都市：工
RPTPMLNKKHNFFGF98CC,興德段,.00,都市：工
RPSNMLNKKHNFFCF28CC,中華段,.00,都市：住
RPSNMLNKKHNFFCF28CC,中華段,.00,都市：其他
RPVPMLNKKHNFFGF56CC,中興段,.00,都市：商
RPRSMLNKKHNFFEF88CC,正德段,49.79,都市：住
RPONNLNKKHNFFEF18CC,公司田段,17.41,都市：住
RPWPMLNKKHNFFGF66CC,中興段,.00,都市：工
RPUONLNKKHNFFEF88CC,海鷗段,.00,非都市： ; 非都市編定：
RPXNMLNKKHNFFBF68CC,國宅段,.00,都市：住
RPXOMLNKKHNFFBF78CC,頭興段,.00,都市：工
RPWOMLNKKHNFFAF58CC,板院段,.00,都市：住
RPUOMLNKKHNFFBF48CC,芳洲段,.00,都市：住
RPVOMLNKKHNFFBF58CC,頭興段,.00,都市：工
RPWNMLNKKHNFFBF58CC,興化段,649.29,都市：工
RPSOMLNKKHNFFBF28CC,芳洲段,.00,都市：住
RPSSMLNKKHNFFBF68CC,幸福段,.00,都市：工
RPROMLOKKHNFFCF38CC,寶橋段,.00,都市：工
RPSOMLOKKHNFFEF68CC,海鷗段,.00,都市：住
RPVQMLOKKHNFFEF56CC,水仙段,.00,都市：住
RPVNMLOKKHNFFAF48CC,江子翠段第二崁小段,.00,都市：住
RPUQMLOKKHNFFBF98EC,國宅段,34.82,都市：住
RPPNMLKLKHNFFIF38CC,大學段一小段,32.88,都市：住
RPUQMLOKKHNFFBF88DC,中誠段,3.12,都市：住
RPUQMLOKKHNFFBF88DC,中誠段,13.86,都市：住
RPUQMLOKKHNFFBF88DC,中誠段,3.41,都市：住
RPUPMLOKKHNFFDF09EC,保長段,3.97,都市：住
RPSNMLKLKHNFFIF68CC,大學段一小段,10.60,都市：住
RPRNMLKLKHNFFIF58CC,大學段二小段,8.46,都市：住
RPQNMLKLKHNFFIF48CC,大學段二小段,40.09,都市：住
RPTNMLKLKHNFFIF78CC,和平段,25.69,都市：住
RPQNMLLLKHNFFCF97CC,行政段,.00,都市：住
RPUQMLLLKHNFFEF88CC,馬偕段,11.80,都市：工
RPSNMLLLKHNFFCF18CC,惠國段,.00,都市：住
RPQOMLLLKHNFFDF18CC,建成段,1.69,都市：住
RPWNMLLLKHNFFDF68CC,新峰段,30.09,都市：住
RPSOMLLLKHNFFAF08CC,港子嘴段,.00,都市：住
RPPNMLLLKHNFFDF97CC,智興段,12.23,都市：住
RPSPMLLLKHNFFDF48CC,同新段,9.56,都市：工
RPSPMLLLKHNFFDF48CC,同新段,.00,都市：工
RPSPMLLLKHNFFDF48CC,同新段,.00,都市：工
RPRPMLLLKHNFFDF38CC,同新段,17.44,都市：工
RPRPMLLLKHNFFDF38CC,同新段,.01,都市：工
RPRPMLLLKHNFFDF38CC,同新段,.00,都市：工
RPQNMLLLKHNFFBF87CC,幸福段,.00,都市：工
RPTNMLLLKHNFFBF18CC,安泰段,.00,都市：工
RPSNMLLLKHNFFDF48EC,保長段,3.91,都市：住
RPRPMLLLKHNFFBF18CC,榮富段,10.63,都市：住
RPOQMLMLKHNFFBF08CC,立德段,6.86,都市：住
RPVPMLLLKHNFFDF98EC,昊天段,317.78,都市：工
RPTQMLMLKHNFFBF58CC,同興段,13.58,都市：商
RPPQMLMLKHNFFBF18CC,忠孝段,5.97,都市：商
RPRQMLMLKHNFFBF38CC,立德段,25.74,都市：住
RPQQMLMLKHNFFBF28CC,副都心段六小段,32.95,都市：住
RPSQMLMLKHNFFBF48CC,芳洲段,16.55,都市：住
RPWOMLMLKHNFFEF98CC,龍米段,4.71,都市：住
RPQPMLMLKHNFFAF08CC,江子翠段第二崁小段,18.73,都市：住
RPPOMLMLKHNFFEF28CC,公司田段,11.69,都市：住
RPUOMLMLKHNFFAF38CC,力行段,13.43,都市：住
RPXQMLMLKHNFFBF98CC,中原段,34.01,都市：住
RPPOMLMLKHNFFGF48CC,正義段,.00,都市：商
RPQOMLMLKHNFFHF68CC,中正段,.00,都市：商
RPXNMLMLKHNFFHF66CC,福和段,.00,都市：商
RPXNMLMLKHNFFHF66CC,福和段,.00,都市：住
RPROMLMLKHNFFHF78CC,中和段,.00,都市：住
RPTOMLMLKHNFFHF98CC,竹林段,.00,都市：住
RPWOMLMLKHNFFHF66CC,安樂段,.00,都市：住
RPVQMLMLKHNFFHF76CC,華中段,26.94,都市：住
RPUQMLMLKHNFFHF66CC,員山段,.00,都市：住
RPSNMLMLKHNFFDF58EC,保長段,4.04,都市：住
RPXQMLMLKHNFFHF96CC,興南段,.00,都市：住
RPVNMLMLKHNFFDF88EC,智興段,16.20,都市：住
RPVNMLMLKHNFFDF88EC,智興段,48.20,都市：住
RPVNMLMLKHNFFDF88EC,智興段,22.60,都市：住
RPWPMLMLKHNFFHF76CC,國光段,.00,都市：住
RPSPMLMLKHNFFHF98CC,景平段,.00,都市：住
RPSNMLNLKHNFFHF88CC,盛昌段,.00,都市：住
RPTQMLMLKHNFFHF56CC,新和段,.00,都市：住
RPSQMLMLKHNFFHF09CC,景華段,16.09,都市：住
RPTNMLNLKHNFFHF98CC,大仁段,.00,都市：住
RPUNMLNLKHNFFHF09CC,華中段,.00,都市：住
RPROMLNLKHNFFHF88CC,文化段,.00,都市：住
RPTOMLNLKHNFFHF09CC,公園段,.00,都市：商
RPPPMLNLKHNFFHF78CC,水源段,.00,都市：商
RPPPMLNLKHNFFHF78CC,水源段,.00,都市：商
RPUOMLNLKHNFFHF56CC,景華段,.00,都市：住
RPSOMLNLKHNFFHF98CC,雙和段,.00,都市：住
RPVOMLNLKHNFFHF66CC,林森段,.00,都市：住
RPVOMLNLKHNFFHF66CC,林森段,.00,都市：住
RPSPMLNLKHNFFHF09CC,大華段,.00,都市：住
RPRPMLNLKHNFFHF98CC,安邦段,.00,都市：工
RPXPMLNLKHNFFEF66CC,馬偕段,5.67,都市：工
RPWOMLNLKHNFFAF68CC,運校段,.00,都市：住
RPWOMLNLKHNFFIF86CC,大學段一小段,.00,都市：住
RPTNMLNLKHNFFDF58CC,昊天段,60.24,都市：工
RPXNMLQLKHNFFEF76CC,馬偕段,5.67,都市：工
RPQOMLNLKHNFFIF88CC,大學段一小段,19.38,都市：住
RPPNMLOLKHNFFEF38CC,淡海段,46.40,都市：住
RPVOMLQLKHNFFDF56CC,福德段,44.78,都市：住
RPTOMLQLKHNFFHF76CC,永平段,10.69,都市：住
RPTOMLQLKHNFFHF76CC,永平段,.01,都市：其他
RPROMLQLKHNFFDF78CC,智興段,.00,都市：商
RPROMLQLKHNFFDF78CC,智興段,.00,都市：住
RPWOMLQLKHNFFHF07CC,華中段,24.96,都市：住
RPUQMLQLKHNFFEF76CC,關渡段,.00,都市：商
RPSOMLQLKHNFFDF88CC,厚德段,.00,都市：住
RPVPMLQLKHNFFAF98CC,樂利段,.00,都市：住
RPVPMLQLKHNFFAF98CC,樂利段,.00,都市：住
RPQNMLQLKHNFFBF38CC,芳洲段,.00,都市：商
RPPSMLQLKHNFFBF78CC,榮富段,10.01,都市：住
RPOSMLQLKHNFFBF68CC,榮富段,14.73,都市：住
RPVSMLQLKHNFFBF76CC,榮富段,10.97,都市：住
RPTSMLQLKHNFFBF56CC,副都心段一小段,24.44,都市：商
RPXNMLQLKHNFFIF17CC,中華段,82.95,都市：工
RPVRMLRLKHNFFBF76CC,新豐段,8.50,都市：商
RPSRMLRLKHNFFBF09CC,新豐段,9.75,都市：商
RPUNMLQLKHNFFIF86CC,尖山堆段,209.99,都市：工
RPRNMLQLKHNFFBF48CC,芳洲段,.00,都市：商
RPQSMLQLKHNFFBF88CC,榮富段,10.65,都市：住
RPUOMLRLKHNFFBF98CC,新豐段,9.75,都市：商
RPXRMLRLKHNFFBF96CC,新豐段,9.75,都市：商
RPUNMLRLKHNFFHF86CC,華新段,.00,都市：住
RPOTMLRLKHNFFAF78CC,金城段,.00,都市：住
RPXUMLRLKHNFFBF27CC,芳洲段,.00,都市：住
RPWTMLRLKHNFFBF07CC,副都心段一小段,13.09,都市：商
RPVNMLRLKHNFFGF86CC,三民段,.00,都市：住
RPWOMLRLKHNFFAF66EC,信義段,1495.00,都市：工
RPWOMLRLKHNFFAF66EC,信義段,86.00,都市：工
RPWOMLRLKHNFFAF66EC,信義段,82.00,都市：工
RPWNMLLJLHNFFBF38CC,五工段,767.45,非都市：工業區 ; 非都市編定：丁種建築用地
RPWNMLRLKHNFFGF96CC,富貴段,.00,都市：住
RPRNMLSLKHNFFBF68CC,建林段,18.64,都市：住
RPPNMLSLKHNFFGF98CC,忠孝段,.00,都市：住
RPXNMLRLKHNFFAF66EC,文化段,91.00,都市：住
RPTNMLLJLHNFFAF97CC,文化段,.00,都市：住
RPQNMLLJLHNFFDF97CC,智興段,.00,都市：住
RPRNMLLJLHNFFGF38CC,中興段,.00,都市：工
RPSNMLLJLHNFFEF28CC,中正段,13.62,都市：商
RPSNMLLJLHNFFEF28CC,中正段,1.29,都市：商
RPSNMLLJLHNFFDF18CC,昊天段,.00,都市：工
RPROMLLJLHNFFCF08CC,北宜段,.00,都市：其他
RPOOMLLJLHNFFIF38CC,大學段一小段,11.26,都市：住
RPQOMLMJLHNFFGF48CC,富貴段,.00,都市：住
RPSSMLMJLHNFFEF88CC,公司田段,18.93,都市：住
RPXNMLLJLHNFFDF88EC,保長段,8.53,都市：住
RPXNMLMJLHNFFHF56CC,南工段,.00,都市：商
RPVOMLMJLHNFFHF09CC,健康段,82.23,都市：工
RPTNMLMJLHNFFDF38CC,崇德段,.00,都市：住
RPQNMLMJLHNFFDF08CC,智興段,.00,都市：住
RPOOMLMJLHNFFDF97CC,建成段,5.54,都市：住
RPVQMLPJLHNFFEF66CC,公司田段,17.21,都市：住
RPWPMLMJLHNFFAF58CC,運校段,.00,都市：住
RPVPMLMJLHNFFAF48CC,中正段,.00,都市：住
RPWSMLMJLHNFFBF98CC,恒安段,7.10,都市：住
RPWSMLMJLHNFFBF98CC,恒安段,18.70,都市：住
RPUNMLMJLHNFFDF48CC,昊天段,29.84,都市：工
RPPNMLOJLHNFFEF28CC,馬偕段,5.67,都市：工
RPWQMLPJLHNFFEF76CC,公司田段,23.54,都市：住
RPPNMLMJLHNFFAF87EC,頂福段,306.00,都市：住
RPXNMLMJLHNFFIF66CC,大學段二小段,44.49,都市：住
RPRRMLPJLHNFFEF98CC,公司田段,26.23,都市：住
RPTOMLPJLHNFFCF68CC,竹林段,20.00,都市：住
RPOOMLPJLHNFFBF08CC,麗林段,11.38,都市：商
RPTNMLPJLHNFFCF58CC,復興段,45.74,都市：工
RPRPMLPJLHNFFCF58CC,莊敬段,.00,都市：工
RPTRMLPJLHNFFEF56CC,淡海段,26.71,都市：住
RPUOMLPJLHNFFBF68CC,成泰段,46.28,都市：工
RPXNMLPJLHNFFBF88CC,建林段,47.71,都市：住
RPRNMLPJLHNFFDF48CC,新峰段,17.30,都市：住
RPWOMLPJLHNFFDF09CC,福德段,10.76,都市：其他
RPQPMLPJLHNFFDF58CC,智興段,6.21,都市：住
RPOOMLQJLHNFFDF38CC,智興段,23.03,都市：住
RPOPMLPJLHNFFDF38CC,智興段,6.01,都市：住
RPQOMLQJLHNFFDF58CC,橫科段橫科小段,1617.50,非都市：山坡地保育區 ; 非都市編定：農牧用地
RPQOMLPJLHNFFIF98CC,太平段,25.48,都市：住
RPXNMLQJLHNFFDF56CC,智興段,.00,都市：商
RPOOMLQJLHNFFAF08CC,力行段,18.69,都市：住
RPVRMLPJLHNFFEF76CC,海鷗段,2.73,都市：商
RPSOMLPJLHNFFAF38CC,文化段,.00,都市：住
RPWNMLQJLHNFFAF78CC,力行段,29.49,都市：住
RPUNMLQJLHNFFHF66CC,華中段,.00,都市：住
RPPNMLQJLHNFFHF78CC,仁愛段,.00,都市：商
RPTNMLQJLHNFFEF88CC,正德段,12.50,都市：住
RPOOMLQJLHNFFHF78CC,公園段,.00,都市：商
RPOOMLQJLHNFFHF78CC,公園段,.00,都市：商
RPPOMLQJLHNFFEF58CC,正德段,6.10,都市：住
RPQQMLQJLHNFFAF48CC,大安段,53.42,都市：工
RPQOMLQJLHNFFBF38CC,復興段,86.99,都市：住
RPPRMLQJLHNFFEF88CC,下圭柔山段,221.00,都市：工
RPXQMLQJLHNFFEF96CC,公司田段,19.68,都市：住
RPQRMLQJLHNFFEF98CC,下圭柔山段,389.55,都市：工
RPRRMLQJLHNFFEF09CC,公司田段,334.69,都市：住
RPTOMLQJLHNFFAF58CC,力行段,25.54,都市：住
RPXPMLQJLHNFFEF86CC,興化店段頂田寮小段,3640.00,非都市：特定農業區 ; 非都市編定：農牧用地
RPWNMLRJLHNFFHF96CC,民富段,.00,都市：工
RPRPMLQJLHNFFEF88CC,水仙段,.42,都市：住
RPRPMLQJLHNFFEF88CC,水仙段,2.26,都市：住
RPPPMLRJLHNFFBF48CC,建林段,15.55,都市：住
RPURMLRJLHNFFEF86CC,公司田段,334.69,都市：住
RPVQMLRJLHNFFAF09CC,員和段,.00,都市：住
RPVQMLRJLHNFFAF09CC,員和段,.00,都市：住
RPVQMLRJLHNFFAF09CC,員和段,.00,都市：住
RPVQMLRJLHNFFAF09CC,員和段,.00,都市：住
RPVQMLRJLHNFFAF09CC,員和段,.00,都市：商
RPVQMLRJLHNFFAF09CC,員和段,.00,都市：商
RPUOMLRJLHNFFGF76CC,雙園段,.00,都市：住
RPQNMLSJLHNFFDF68CC,水源段,.00,都市：住
RPQNMLSJLHNFFDF68CC,水源段,.00,都市：其他
RPXPMLSJLHNFFAF66CC,力行段,25.57,都市：住
RPOOMLRJLHNFFIF98CC,圳福段,173.68,都市：工
RPVOMLSJLHNFFBF09CC,力行段,.00,都市：住
RPPNMLSJLHNFFGF88CC,光華段,.00,都市：住
RPPNMLSJLHNFFDF58CC,智興段,.00,都市：住
RPPNMLSJLHNFFDF58CC,智興段,.00,都市：其他
RPXPMLSJLHNFFDF96CC,智興段,.00,都市：商
RPVPMLSJLHNFFAF09CC,力行段,25.39,都市：住
RPUOMLSJLHNFFCF09CC,安坑段車子路小段,31.43,非都市：山坡地保育區 ; 非都市編定：丙種建築用地
RPUOMLSJLHNFFCF09CC,安坑段車子路小段,3.10,非都市：山坡地保育區 ; 非都市編定：丙種建築用地
RPUOMLSJLHNFFCF09CC,安坑段車子路小段,3.90,非都市：山坡地保育區 ; 非都市編定：丙種建築用地
RPUOMLSJLHNFFCF09CC,安坑段車子路小段,2.10,非都市：山坡地保育區 ; 非都市編定：丙種建築用地
RPUOMLSJLHNFFCF09CC,安坑段車子路小段,9.23,非都市：山坡地保育區 ; 非都市編定：丙種建築用地
RPXNMLSJLHNFFEF86CC,新興段,12.81,都市：其他
RPTOMLSJLHNFFEF56CC,馬偕段,5.67,都市：工
RPXPMLSJLHNFFDF17EC,保長段,8.73,都市：住
RPXRMLSJLHNFFAF07EC,埔墘段,18.52,都市：住
RPXOMLSJLHNFFAF76EC,沛陂段,278.26,都市：工
RPXOMLSJLHNFFAF76EC,沛陂段,16.59,非都市：一般農業區 ; 非都市編定：丁種建築用地
RPXOMLSJLHNFFAF76EC,沛陂段,82.68,都市：工
RPXOMLSJLHNFFAF76EC,沛陂段,4.93,非都市：一般農業區 ; 非都市編定：丁種建築用地
RPXOMLSJLHNFFAF76EC,沛陂段,15.40,非都市：一般農業區 ; 非都市編定：丁種建築用地
RPXOMLSJLHNFFAF76EC,沛陂段,258.51,都市：工
RPPNMLSJLHNFFEF68CC,新巿段,44.21,都市：住
RPQQMLSJLHNFFDF56EC,保長段,5.51,都市：住
RPSNMLSJLHNFFIF76CC,太平段,31.28,都市：住
RPTOMLTJLHNFFGF86CC,中興段,.00,都市：工
RPPPMLTJLHNFFHF66CC,板南段,.00,都市：工
RPPPMLTJLHNFFHF66CC,板南段,.00,都市：其他
RPVPMLSJLHNFFDF96EC,保長段,14.85,都市：住
RPQNMLTJLHNFFDF98EC,保長段,8.73,都市：住
RPRNMLTJLHNFFEF98CC,竹圍段,8.32,都市：商
RPOPMLTJLHNFFHF56CC,板南段,.00,都市：工
RPOPMLTJLHNFFHF56CC,板南段,.00,都市：其他
RPOOMLTJLHNFFBF48CC,力行段,.00,都市：商
RPORMLTJLHNFFAF68CC,海山段,.00,都市：住
RPQOMLTJLHNFFEF98CC,公司田段,24.49,都市：住
RPTNMLTJLHNFFDF66EC,保長段,3.91,都市：住
RPXNMLTJLHNFFAF56CC,員和段,.00,都市：商
RPPNMLKKLHNFFBF67CC,榮富段,15.80,都市：住
RPTPMLTJLHNFFAF09DC,府中段,.50,都市：商
RPTPMLTJLHNFFAF09DC,府中段,.55,都市：商
RPTPMLTJLHNFFAF09DC,府中段,.60,都市：商
RPTPMLTJLHNFFAF09DC,府中段,.40,都市：商
RPTPMLTJLHNFFAF09DC,府中段,.20,都市：商
RPTPMLTJLHNFFAF09DC,府中段,4.51,都市：商
RPQNMLKKLHNFFBF77CC,副都心段一小段,12.91,都市：住
RPUNMLTJLHNFFDF76EC,保長段,3.91,都市：住
RPUNMLTJLHNFFAF09EC,江子翠段第二崁小段,.00,都市：住
RPSNMLKKLHNFFBF97CC,榮富段,15.38,都市：住
RPOOMLLKLHNFFEF08CC,公司田段,49.91,都市：住
RPVNMLTJLHNFFAF56EC,新板段三小段,7.49,都市：其他
RPTNMLKKLHNFFBF08CC,榮富段,14.00,都市：住
RPVNMLKKLHNFFBF28CC,副都心段一小段,12.78,都市：住
RPRNMLKKLHNFFBF87CC,中原段,25.87,都市：商
RPUNMLKKLHNFFBF18CC,建林段,42.37,都市：住
RPXOMLMKLHNFFEF09CC,公司田段,15.31,都市：住
RPRPMLMKLHNFFEF58CC,公司田段,21.39,都市：住
RPSOMLMKLHNFFHF88CC,公園段,19.98,都市：住
RPVNMLMKLHNFFBF48CC,建林段,.00,都市：住
RPPNMLMKLHNFFHF48CC,大同段,.00,都市：住
RPOQMLMKLHNFFBF08CC,國宅段,19.91,都市：住
RPPQMLMKLHNFFBF18CC,力行段,15.93,都市：住
RPSNMLMKLHNFFGF68CC,保佑段,.00,都市：其他
RPUOMLMKLHNFFHF09CC,福和段,.00,都市：商
RPUOMLMKLHNFFHF09CC,福和段,.00,都市：住
RPRQMLMKLHNFFBF38CC,新林段,48.07,都市：住
RPSPMLMKLHNFFEF68CC,海天段,24.54,都市：住
RPTQMLMKLHNFFBF58CC,力行段,10.81,都市：商
RPUPMLMKLHNFFHF56CC,華中段,67.93,都市：住
RPQQMLMKLHNFFBF28CC,力行段,14.68,都市：住
RPPOMLNKLHNFFAF97CC,光華段,.00,都市：住
RPSNMLNKLHNFFDF48CC,智興段,.00,都市：住
RPROMLNKLHNFFAF18CC,光仁段,.00,都市：住
RPSOMLNKLHNFFAF28CC,學成段,.00,都市：住
RPSOMLNKLHNFFAF28CC,學成段,.00,都市：住
RPSOMLNKLHNFFAF28CC,學成段,.00,都市：住
RPVNMLNKLHNFFBF58CC,富國段,.00,都市：商
RPSPMLMKLHNFFDF58CC,環河段,7.05,都市：工
RPSPMLMKLHNFFDF58CC,環河段,47.74,都市：工
RPTPMLNKLHNFFBF58CC,建林段,31.32,都市：住
RPQSMLNKLHNFFAF48CC,江子翠段第三崁小段,.00,都市：住
RPOPMLMKLHNFFAF87CC,力行段,24.30,都市：住
RPWOMLNKLHNFFGF66CC,光興段,.00,都市：商
RPWOMLNKLHNFFGF66CC,光興段,.00,都市：商
RPQNMLNKLHNFFEF38CC,公司田段,17.77,都市：住
RPPQMLMKLHNFFDF38CC,建成段,3.25,都市：住
RPPQMLMKLHNFFDF38CC,建成段,9.02,都市：住
RPTNMLMKLHNFFIF98CC,永昌段,41.75,都市：住
RPUOMLNKLHNFFGF09CC,中原段,.00,都市：住
RPXPMLNKLHNFFHF96CC,板南段,.00,都市：工
RPOQMLNKLHNFFHF78CC,板南段,.00,都市：工
RPPQMLNKLHNFFHF88CC,板南段,.00,都市：工
RPWPMLNKLHNFFHF86CC,板南段,.00,都市：工
RPROMLOKLHNFFEF68CC,公司田段,20.18,都市：住
RPPOMLNKLHNFFEF38CC,淡海段,.00,都市：住
RPSOMLNKLHNFFIF09CC,太平段,.00,都市：住
RPVUMLOKLHNFFEF07CC,正德段,14.11,都市：住
RPVOMLNKLHNFFGF56CC,過田段,.00,都市：商
RPUOMLOKLHNFFEF98CC,中興段,27.03,都市：住
RPUOMLOKLHNFFEF98CC,中興段,3.28,都市：住
RPSOMLOKLHNFFEF78CC,海鷗段,9.86,都市：住
RPWOMLOKLHNFFBF88CC,副都心段一小段,20.52,都市：商
RPRPMLOKLHNFFGF98CC,富貴段,.00,都市：住
RPUOMLOKLHNFFBF68CC,中原段,33.16,都市：住
RPXPMLOKLHNFFBF09CC,力行段,9.00,都市：商
RPTOMLNKLHNFFAF58EC,公館段,37.33,都市：住
RPQPMLOKLHNFFBF38CC,芳洲段,.00,都市：商
RPUQMLOKLHNFFBF88CC,四維段,.00,都市：住
RPOSMLOKLHNFFBF48CC,合鳳段,.00,都市：其他
RPWNMLOKLHNFFHF76CC,長堤段,.00,都市：住
RPOOMLOKLHNFFHF68CC,信義段,.00,都市：住
RPVNMLOKLHNFFDF09EC,保長段,3.91,都市：住
RPOOMLOKLHNFFDF48EC,保長段,7.82,都市：住
RPXNMLOKLHNFFDF66EC,保長段,5.51,都市：住
RPROMLOKLHNFFHF98CC,信義段,.00,都市：商
RPXPMLOKLHNFFIF17CC,大學段一小段,.00,都市：住
RPVNMLOKLHNFFCF88DC,寶強段,2.76,都市：商
RPOOMLOKLHNFFCF28DC,寶強段,5.00,都市：住
RPOOMLPKLHNFFDF38CC,福德段,10.76,都市：其他
RPQNMLPKLHNFFDF48CC,智興段,.00,都市：商
RPRNMLPKLHNFFDF58CC,智興段,.00,都市：商
RPRNMLPKLHNFFDF58CC,智興段,.00,都市：住
RPPOMLPKLHNFFDF48CC,智興段,.00,都市：商
RPPNMLPKLHNFFCF28CC,福園段,.00,都市：住
RPPNMLPKLHNFFCF28CC,福園段,.00,都市：住
RPTQMLPKLHNFFEF56CC,新興段,8.64,都市：住
RPVOMLQKLHNFFAF88CC,文化段,22.00,都市：住
RPWOMLQKLHNFFEF76CC,海天段,21.43,都市：住
RPPNMLSKLHNFFDF68CC,智興段,.00,都市：商
RPVPMLQKLHNFFBF09CC,化成段,89.23,都市：工
RPOSMLQKLHNFFBF68CC,富國段,.00,都市：住
RPPNMLQKLHNFFHF88CC,信和段,16.48,都市：住
RPUNMLTKLHNFFDF66CC,金龍段,2788.89,都市：住
RPRPMLTKLHNFFBF98CC,自立段,.00,都市：住
RPRNMLTKLHNFFGF66CC,仁義段,.00,都市：住
RPQNMLSKLHNFFDF78CC,智興段,.00,都市：商
RPQNMLSKLHNFFDF78CC,智興段,.00,都市：商
RPRNMLSKLHNFFDF88CC,智興段,.00,都市：其他
RPUOMLTKLHNFFAF09CC,土城段,14.09,都市：住
RPTOMLTKLHNFFEF76CC,海天段,.02,都市：住
RPTOMLTKLHNFFEF76CC,海天段,.00,都市：住
RPTOMLTKLHNFFEF76CC,海天段,2.62,都市：住
RPTOMLTKLHNFFEF76CC,海天段,.19,都市：住
RPTOMLTKLHNFFEF76CC,海天段,.01,都市：住
RPWPMLTKLHNFFHF47CC,大華段,.00,都市：住
RPVPMLTKLHNFFHF37CC,保生段,.00,都市：住
RPSNMLTKLHNFFIF96CC,中華段,.00,都市：住
RPPQMLTKLHNFFHF86CC,健康段,.00,都市：工
RPOQMLTKLHNFFHF76CC,南工段,.00,都市：住
RPQQMLTKLHNFFHF96CC,南山段,.00,都市：住
RPRQMLTKLHNFFHF07CC,南山段,.00,都市：住
RPQPMLTKLHNFFAF98EC,頂福段,21.87,都市：住
RPTNMLTKLHNFFHF17EC,德光段,.00,都市：住
RPRPMLKLLHNFFAF08CC,江子翠段第二崁小段,.00,都市：住
RPSOMLKLLHNFFDF38CC,工建段,11.31,都市：工
RPROMLKLLHNFFDF28CC,同新段,17.44,都市：工
RPROMLKLLHNFFDF28CC,同新段,.01,都市：工
RPROMLKLLHNFFDF28CC,同新段,.00,都市：工
RPWOMLKLLHNFFEF88CC,海鷗段,4.69,都市：商
RPROMLKLLHNFFHF68CC,台貿段,.00,都市：住
RPQOMLKLLHNFFDF18CC,工建段,18.12,都市：工
RPPOMLKLLHNFFHF48CC,公園段,19.52,都市：住
RPTOMLKLLHNFFHF88CC,復興段,.00,都市：住
RPOQMLKLLHNFFBF97CC,五工段,.00,非都市：工業區 ; 非都市編定：丁種建築用地
RPUOMLKLLHNFFHF98CC,得和段,.00,都市：商
RPXOMLKLLHNFFHF66CC,圓通段,.00,都市：住
RPORMLKLLHNFFHF68CC,公園段,.00,都市：其他
RPUPMLKLLHNFFHF09CC,華中段,24.96,都市：住
RPVPMLKLLHNFFHF56CC,南山段,.00,都市：住
RPWPMLKLLHNFFHF66CC,圓通段,.00,都市：住
RPXNMLLLLHNFFDF88CC,福德段,12.04,都市：住
RPXNMLLLLHNFFDF88CC,福德段,2.25,都市：住
RPXNMLLLLHNFFBF68CC,國宅段,22.74,都市：住
RPPQMLLLLHNFFBF18CC,榮富段,.00,都市：住
RPWOMLLLLHNFFEF98CC,學府段,.00,非都市： ; 非都市編定：
RPQOMLLLLHNFFBF08CC,力行段,31.40,都市：住
RPXOMLLLLHNFFGF66CC,正義段,.00,都市：住
RPQOMLLLLHNFFGF58CC,頂崁段,.00,都市：工
RPWNMLLLLHNFFGF09CC,富貴段,.00,都市：住
RPXOMLLLLHNFFEF09CC,海天段,.00,非都市： ; 非都市編定：
RPROMLLLLHNFFHF78CC,橋和段,.00,都市：商
RPTOMLLLLHNFFHF98CC,中和段,.00,都市：住
RPUNMLLLLHNFFIF09CC,大學段一小段,14.02,都市：住
RPWOMLLLLHNFFHF66CC,得林段,29.89,都市：住
RPWOMLLLLHNFFHF66CC,長堤段,.24,都市：住
RPOPMLMLLHNFFEF38CC,鄧公段,.00,非都市： ; 非都市編定：
RPVOMLMLLHNFFDF88CC,中正段,.00,都市：住
RPSOMLMLLHNFFEF68CC,公司田段,23.49,都市：住
RPVOMLMLLHNFFEF98CC,馬偕段,44.58,都市：住
RPQOMLMLLHNFFBF18CC,四維段,.00,都市：住
RPSNMLMLLHNFFIF98CC,大學段一小段,32.04,都市：住
RPQNMLMLLHNFFIF78CC,大學段一小段,32.88,都市：住
RPTOMLMLLHNFFEF78CC,新巿段,26.73,都市：住
RPPNMLMLLHNFFGF48CC,頂崁段,.00,都市：工
RPTNMLMLLHNFFIF09CC,大學段二小段,17.05,都市：住
RPUNMLMLLHNFFIF56CC,介壽段,21.36,都市：住
RPXNMLMLLHNFFIF86CC,大學段一小段,32.88,都市：住
RPUNMLMLLHNFFHF09CC,民治段,.00,都市：商
RPWOMLMLLHNFFHF76CC,保平段,.00,都市：住
RPWOMLMLLHNFFHF76CC,保平段,.00,都市：住
RPSOMLNLLHNFFDF68CC,大同段,.00,都市：工
RPWOMLNLLHNFFDF09CC,新峰段,.00,都市：住
RPWOMLNLLHNFFDF09CC,新峰段,.00,都市：住
RPPNMLNLLHNFFDF28CC,智興段,.00,都市：商
RPWNMLNLLHNFFEF09CC,海鷗段,.00,都市：住
RPWNMLMLLHNFFIF76CC,中山段,19.60,都市：住
RPVOMLMLLHNFFHF66CC,福祥段,.00,都市：住
RPXPMLNLLHNFFBF09CC,丹鳳段,.00,都市：住
RPPQMLNLLHNFFEF68CC,淡海段,23.88,都市：住
RPUPMLNLLHNFFEF09CC,公司田段,12.97,都市：住
RPUQMLNLLHNFFEF56CC,公司田段,19.13,都市：住
RPWRMLNLLHNFFEF86CC,公司田段,21.57,都市：住
RPTNMLNLLHNFFCF58CC,中正段,21.50,都市：住
RPVOMLNLLHNFFHF76CC,大新段,.00,都市：商
RPQNMLNLLHNFFGF68CC,幸福段,.00,都市：住
RPPRMLNLLHNFFEF78CC,中興段,5.00,都市：住
RPOPMLNLLHNFFHF78CC,中原段,.00,都市：工
RPPNMLPLLHNFFEF58CC,新興段,9.62,都市：住
RPPNMLOLLHNFFGF68CC,正義段,.00,都市：住
RPPNMLOLLHNFFDF38CC,建成段,.00,都市：商
RPPNMLOLLHNFFDF38CC,建成段,.00,都市：商
RPWPMLQLLHNFFGF17CC,中原段,.00,都市：住
RPWOMLNLLHNFFCF98CC,大豐段,32.85,都市：其他
RPQNMLOLLHNFFEF58CC,馬偕段,8.51,都市：工
RPTQMLQLLHNFFGF96CC,成功段,.00,都市：商
RPXOMLQLLHNFFAF56CC,埔墘段,.00,都市：住
RPXPMLQLLHNFFBF76CC,副都心段一小段,.00,都市：商
RPPPMLQLLHNFFAF48CC,南天母段,.00,都市：其他
RPWNMLQLLHNFFAF98CC,港子嘴段,.00,都市：住
RPQPMLQLLHNFFAF58CC,文化段,.00,都市：住
RPTNMLQLLHNFFCF88CC,中央段,.00,都市：住
RPXPMLQLLHNFFHF37CC,健康段,.00,都市：工
RPVNMLQLLHNFFHF96CC,民治段,.00,都市：商
RPVNMLQLLHNFFHF96CC,民治段,.00,都市：住
RPVNMLQLLHNFFHF96CC,民治段,.00,都市：住
RPUNMLQLLHNFFBF88CC,佳林段,108.46,都市：商
RPPPMLQLLHNFFBF58CC,五工段,.00,非都市：工業區 ; 非都市編定：丁種建築用地
RPPQMLQLLHNFFHF66CC,公園段,.00,都市：住
RPSQMLQLLHNFFHF96CC,信和段,.00,都市：住
RPVPMLQLLHNFFAF56DC,府中段,3.54,都市：商
RPWOMLRLLHNFFDF86CC,昊天段,15.20,都市：工
RPTOMLRLLHNFFAF88CC,新板段三小段,4.93,都市：其他
RPQSMLRLLHNFFBF09CC,五工段,.00,非都市：工業區 ; 非都市編定：丁種建築用地
RPSPMLRLLHNFFDF56CC,同新段,.93,都市：工
RPSPMLRLLHNFFDF56CC,同新段,.74,都市：工
RPSPMLRLLHNFFDF56CC,同新段,.72,都市：工
RPSPMLRLLHNFFDF56CC,昊天段,29.76,都市：工
RPSPMLRLLHNFFDF56CC,昊天段,23.82,都市：工
RPSPMLRLLHNFFDF56CC,昊天段,23.01,都市：工
RPOPMLRLLHNFFDF78CC,同新段,2.82,都市：工
RPOPMLRLLHNFFDF78CC,同新段,.00,都市：工
RPOPMLRLLHNFFDF78CC,同新段,.00,都市：工
RPPPMLRLLHNFFDF88CC,同新段,2.82,都市：工
RPPPMLRLLHNFFDF88CC,同新段,.00,都市：工
RPPPMLRLLHNFFDF88CC,同新段,.00,都市：工
RPUNMLRLLHNFFEF66CC,海鷗段,3.28,都市：住
RPQPMLRLLHNFFDF98CC,同新段,10.90,都市：工
RPUQMLRLLHNFFEF96CC,公司田段,12.46,都市：住
RPUPMLRLLHNFFEF86CC,新巿段,30.30,都市：其他
RPUNMLRLLHNFFHF17EC,德光段,.00,都市：住
RPORMLRLLHNFFEF09CC,水仙段,2.26,都市：住
RPORMLRLLHNFFEF09CC,水仙段,.42,都市：住
RPVSMLRLLHNFFEF27CC,馬偕段,8.73,都市：工
RPRRMLRLLHNFFEF76CC,新巿段,33.12,都市：住
RPWPMLRLLHNFFIF47CC,圳德段,497.91,都市：工
RPOPMLRLLHNFFHF56CC,大仁段,.00,都市：住
RPWPMLRLLHNFFAF86EC,力行段,13.69,都市：住
RPQNMLSLLHNFFGF56CC,樹德段,.00,都市：住
RPTOMLSLLHNFFEF76CC,公司田段,.00,都市：住
RPWPMLSLLHNFFEF17CC,公司田段,.00,都市：住
RPTNMLSLLHNFFCF09CC,寶強段,.00,都市：商
RPVNMLSLLHNFFDF76CC,昊天段,11.59,都市：工
RPVNMLSLLHNFFDF76CC,同新段,.36,都市：工
RPSQMLSLLHNFFAF66EC,文化段,91.00,都市：住
RPWOMLSLLHNFFAF66CC,新興段,.00,都市：住
RPWOMLSLLHNFFAF66CC,新興段,.00,都市：住
RPOOMLSLLHNFFBF58CC,成蘆段,.00,都市：住
RPPRMLSLLHNFFAF88CC,文化段,.00,都市：住
RPWOMLSLLHNFFBF76CC,榮富段,.00,都市：住
RPROMLSLLHNFFIF96CC,樹新段,40.51,都市：商
RPQNMLSLLHNFFBF68CC,南林段,.00,都市：住
RPQNMLSLLHNFFBF68CC,南林段,.00,都市：住
RPWNMLSLLHNFFIF37CC,介壽段,72.60,都市：住
RPXNMLSLLHNFFHF37CC,福和段,.00,都市：商
RPVOMLTLLHNFFBF76CC,力行段,.00,都市：住
RPTPMLSLLHNFFHF17CC,中正段,.00,都市：住
RPQNMLTLLHNFFCF88CC,安坑段車子路小段,65.53,非都市：山坡地保育區 ; 非都市編定：丙種建築用地
RPQNMLTLLHNFFCF88CC,安坑段車子路小段,1.32,非都市：山坡地保育區 ; 非都市編定：丙種建築用地
RPQQMLTLLHNFFBF09CC,新豐段,12.50,都市：商
RPTNMLTLLHNFFDF66CC,大同段,.00,都市：住
RPQOMLTLLHNFFCF98CC,大豐段,.00,都市：住
RPPRMLKMLHNFFCF38CC,莊敬段,.00,都市：工
RPWNMLSLLHNFFBF76DC,富國段,22.14,都市：住
RPSOMLSLLHNFFIF07CC,民權段,5.99,都市：商
RPUQMLKMLHNFFCF78CC,復興段,.00,都市：工
RPOTMLKMLHNFFEF68CC,淡海段,26.45,都市：住
RPOQMLKMLHNFFEF38CC,海鷗段,12.61,都市：住
RPWRMLKMLHNFFEF66CC,公司田段,21.39,都市：住
RPOQMLKMLHNFFEF38CC,海鷗段,.17,都市：住
RPUNMLKMLHNFFDF58CC,智興段,.00,都市：商
RPOOMLKMLHNFFDF08CC,中正段,12.00,都市：住
RPOOMLKMLHNFFDF08CC,中正段,2.50,都市：住
RPXRMLKMLHNFFAF98CC,公館段,24.25,都市：住
RPSQMLKMLHNFFEF78CC,海天段,.02,都市：住
RPSQMLKMLHNFFEF78CC,海天段,.00,都市：住
RPSQMLKMLHNFFEF78CC,海天段,3.19,都市：住
RPSQMLKMLHNFFEF78CC,海天段,.23,都市：住
RPSQMLKMLHNFFEF78CC,海天段,.01,都市：住
RPXUMLKMLHNFFEF07CC,馬偕段,5.90,都市：工
RPTNMLKMLHNFFAF18CC,土城段,.00,都市：住
RPTNMLKMLHNFFAF18CC,土城段,.00,都市：住
RPWTMLKMLHNFFBF56CC,御史段,23.71,都市：住
RPWQMLKMLHNFFEF56CC,海天段,6.31,都市：住
RPUNMLKMLHNFFHF98CC,秀山段,.00,都市：住
RPQOMLKMLHNFFHF78DC,安邦段,21.81,都市：住
RPUOMLKMLHNFFHF56DC,永平段,11.08,都市：住
RPPOMLKMLHNFFHF58CC,連城段,19.48,都市：住
RPQNMLKMLHNFFIF68CC,水源段,.00,都市：住
RPPNMLKMLHNFFDF28EC,保長段,3.91,都市：住
RPXOMLKMLHNFFIF86CC,水源段,.00,都市：住
RPRRMLLMLHNFFBF58CC,榮富段,20.84,都市：住
RPUPMLLMLHNFFAF58CC,力行段,30.02,都市：住
RPPPMLLMLHNFFAF08CC,文化段,.00,都市：住
RPPNMLLMLHNFFDF18CC,智興段,11.18,都市：商
RPWPMLLMLHNFFAF78CC,力行段,13.69,都市：住
RPXRMLLMLHNFFBF56CC,新豐段,.00,都市：商
RPUNMLLMLHNFFDF68CC,智興段,.00,都市：住
RPROMLLMLHNFFGF78CC,永安段,.00,都市：住
RPOOMLLMLHNFFCF08CC,民安段,33.60,都市：住
RPUPMLLMLHNFFBF78DC,林口段,27.23,都市：商
RPVOMLLMLHNFFGF56CC,正義段,.00,都市：商
RPWOMLLMLHNFFGF66CC,富貴段,.00,都市：住
RPQNMLLJMHNFFAF77CC,金城段,3.55,都市：住
RPVQMLMJMHNFFAF68CC,江子翠段第三崁小段,.00,都市：住
RPOPMLMJMHNFFBF97CC,副都心段一小段,26.46,都市：商
RPTRMLMJMHNFFEF98CC,馬偕段,6.81,都市：工
RPROMLMJMHNFFCF28CC,寶橋段,30.64,都市：工
RPXOMLMJMHNFFEF09CC,紅毛城段,32.01,都市：其他
RPXOMLMJMHNFFEF09CC,紅毛城段,.82,都市：其他
RPXRMLMJMHNFFEF76CC,新巿段,34.88,都市：住
RPSTMLMJMHNFFEF09CC,中興段,26.87,都市：住
RPSTMLMJMHNFFEF09CC,中興段,26.05,都市：住
RPWNMLNJMHNFFEF98CC,新巿段,16.43,都市：住
RPPOMLNJMHNFFEF38CC,中興段,5.83,都市：住
RPRUMLMJMHNFFEF09CC,水仙段,.42,都市：住
RPRUMLMJMHNFFEF09CC,水仙段,2.29,都市：住
RPTPMLNJMHNFFBF58CC,四維段,18.19,都市：住
RPQOMLNJMHNFFEF48CC,公司田段,11.29,都市：住
RPVNMLNJMHNFFGF09CC,過田段,.00,都市：商
RPUQMLMJMHNFFBF78DC,文德段,29.79,都市：住
RPWQMLNJMHNFFBF98CC,昌隆段,20.57,都市：住
RPTQMLNJMHNFFBF68CC,雙鳳段,31.02,都市：住
RPTQMLNJMHNFFBF68CC,雙鳳段,.01,都市：其他
RPUOMLNJMHNFFBF58CC,建林段,14.59,都市：住
RPTRMLNJMHNFFBF78CC,建林段,.00,都市：住
RPRRMLNJMHNFFAF48CC,力行段,.00,都市：住
RPTNMLNJMHNFFDF58CC,智興段,.00,都市：商
RPXNMLNJMHNFFDF98CC,智興段,4.54,都市：住
RPVNMLNJMHNFFDF78CC,智興段,.00,都市：商
RPSOMLNJMHNFFDF58CC,智興段,.00,都市：住
RPUOMLNJMHNFFHF76EC,橋和段,.00,都市：工
RPUNMLNJMHNFFHF09CC,新民段,.00,都市：工
RPWNMLNJMHNFFCF88DC,寶橋段,.00,都市：工
RPQOMLNJMHNFFHF78CC,南山段,.00,都市：住
RPQNMLOJMHNFFBF18CC,行政段,.00,都市：住
RPRNMLOJMHNFFBF28CC,富國段,.00,都市：住
RPPNMLOJMHNFFCF18CC,寶強段,.00,都市：商
RPPNMLQJMHNFFHF88CC,復興段,.00,都市：住
RPQNMLRJMHNFFBF48CC,復興段,26.81,都市：住
RPTOMLQJMHNFFAF68CC,幸福段,2.93,都市：住
RPPNMLPJMHNFFEF48CC,新巿段,33.97,都市：住
RPTNMLRJMHNFFBF78CC,中原段,24.26,都市：商
RPUNMLRJMHNFFBF88CC,立言段,4.45,都市：住
RPRNMLRJMHNFFBF58CC,中原段,13.42,都市：商
RPRNMLRJMHNFFEF88CC,中正段,20.05,都市：住
RPWNMLRJMHNFFBF09CC,榮富段,9.80,都市：住
RPXNMLRJMHNFFBF56CC,榮富段,10.01,都市：住
RPVNMLRJMHNFFBF98CC,榮富段,17.55,都市：住
RPTNMLRJMHNFFEF09CC,公司田段,23.20,都市：住
RPPNMLRJMHNFFEF68CC,公司田段,21.06,都市：住
RPSNMLRJMHNFFEF98CC,公司田段,23.20,都市：住
RPVNMLRJMHNFFEF66CC,新巿段,33.91,都市：住
RPPNMLSJMHNFFAF38CC,海山段,36.33,都市：住
RPXNMLRJMHNFFEF86CC,長興段,10.62,都市：住
RPXNMLRJMHNFFEF86CC,長興段,9.48,都市：住
RPQNMLSJMHNFFAF48CC,海山段,36.33,都市：住
RPWOMLTJMHNFFDF96CC,金龍段,.39,都市：其他
RPWOMLTJMHNFFDF96CC,金龍段,.45,非都市：山坡地保育區 ; 非都市編定：丙種建築用地
RPWOMLTJMHNFFDF96CC,金龍段,.01,都市：其他
RPWOMLTJMHNFFDF96CC,金龍段,.01,都市：其他
RPOOMLTJMHNFFCF68CC,寶強段,6.90,都市：住
RPORMLTJMHNFFBF88CC,中原段,43.81,都市：住
RPWNMLRJMHNFFEF76CC,鄧公段,1.89,都市：住
RPWNMLRJMHNFFEF76CC,鄧公段,33.09,都市：住
RPWNMLRJMHNFFEF76CC,鄧公段,.61,都市：住
RPQOMLTJMHNFFHF76CC,安邦段,17.01,都市：住
RPUNMLTJMHNFFEF76CC,新興段,.00,都市：住
RPUNMLTJMHNFFEF76CC,新興段,.00,都市：其他
RPPNMLTJMHNFFDF78CC,昊天段,31.77,都市：工
RPPNMLTJMHNFFDF78CC,同新段,.99,都市：工
RPRNMLTJMHNFFHF76CC,信和段,.00,非都市： ; 非都市編定：
RPOOMLTJMHNFFIF66CC,民族段,119.44,都市：住
RPQOMLTJMHNFFIF86CC,大學段一小段,17.29,都市：商
RPSOMLTJMHNFFHF96CC,秀山段,.00,都市：住
RPPOMLTJMHNFFIF76CC,大學段一小段,32.88,都市：住
RPTOMLTJMHNFFHF27EC,國光段,37.22,都市：住
RPQNMLKKMHNFFGF38CC,大安段,.00,都市：住
RPQNMLKKMHNFFGF38CC,大安段,.00,都市：其他
RPXNMLTJMHNFFIF47CC,大學段一小段,32.88,都市：住
RPWNMLKKMHNFFCF58CC,莊敬段,.00,都市：工
RPVOMLTJMHNFFEF17EC,公司田段,8.76,都市：住
RPPOMLKKMHNFFEF18CC,關渡段,.00,都市：住
RPSNMLKKMHNFFGF58CC,中山段,.00,都市：工
RPQNMLKKMHNFFBF87CC,力行段,.00,都市：住
RPSNMLKKMHNFFBF08CC,雙鳳段,.00,都市：住
RPOOMLKKMHNFFEF08CC,中興段,.00,都市：住
RPXPMLKKMHNFFBF78CC,豐年段,.00,都市：住
RPQQMLKKMHNFFBF18CC,新工段二小段,22.31,非都市：工業區 ; 非都市編定：丁種建築用地
RPOOMLKKMHNFFBF77CC,力行段,.00,都市：商
RPSNMLKKMHNFFDF28CC,福德段,.00,都市：住
RPTNMLKKMHNFFBF18CC,文德段,.00,都市：住
RPWNMLKKMHNFFBF48CC,副都心段一小段,.00,都市：商
RPQNMLKKMHNFFAF77CC,府中段,.00,都市：商
RPQNMLKKMHNFFAF77CC,府中段,.00,都市：商
RPQNMLKKMHNFFHF48CC,永福段,.00,都市：住
RPTPMLKKMHNFFHF09DC,安邦段,21.81,都市：住
RPROMLKKMHNFFHF68CC,景平段,.00,都市：商
RPTOMLKKMHNFFHF88CC,板南段,.00,都市：工
RPTOMLKKMHNFFHF88CC,板南段,.00,都市：其他
RPSPMLKKMHNFFHF88CC,保平段,.00,都市：住
RPPPMLKKMHNFFHF58CC,橋和段,14.38,都市：工
RPVPMLKKMHNFFHF56CC,大仁段,.00,都市：住
RPSOMLLKMHNFFDF48CC,智興段,6.02,都市：住
RPVNMLLKMHNFFDF68CC,工建段,.00,非都市： ; 非都市編定：
RPTQMLLKMHNFFBF58CC,建林段,20.43,都市：住
RPVQMLLKMHNFFBF78CC,建林段,22.27,都市：住
RPXOMLLKMHNFFGF66CC,仁愛段,.00,都市：商
RPXOMLLKMHNFFGF66CC,仁愛段,.00,都市：商
RPXQMLLKMHNFFCF09CC,大豐段,.00,都市：住
RPWRMLLKMHNFFBF98CC,五股段,.00,都市：住
RPWRMLLKMHNFFBF98CC,五股段,.00,都市：住
RPWRMLLKMHNFFBF98CC,五股段,.00,都市：住
RPOOMLLKMHNFFHF48CC,仁愛段,.00,非都市： ; 非都市編定：
RPOOMLLKMHNFFHF48CC,仁愛段,.00,非都市： ; 非都市編定：
RPOPMLLKMHNFFEF28CC,公司田段,27.67,都市：住
RPQSMLLKMHNFFBF48CC,和平段,.00,都市：住
RPUOMLLKMHNFFHF09CC,健康段,.00,都市：工
RPWOMLLKMHNFFHF66CC,板南段,.00,都市：工
RPRPMLLKMHNFFHF88CC,華福段,.00,都市：住
RPQPMLLKMHNFFHF78CC,板南段,.00,都市：工
RPQPMLLKMHNFFHF78CC,板南段,.00,都市：工
RPTPMLLKMHNFFHF09CC,景華段,.00,都市：住
RPPPMLLKMHNFFHF68CC,中安段,.00,都市：商
RPUPMLLKMHNFFHF56CC,永平段,.00,都市：住
RPVPMLLKMHNFFHF66CC,大華段,.00,都市：住
RPOQMLLKMHNFFHF68CC,水源段,.00,都市：商
RPXPMLLKMHNFFHF86CC,永平段,6.53,都市：住
RPXPMLLKMHNFFHF86CC,永平段,.01,都市：其他
RPPQMLLKMHNFFHF78CC,秀峰段,9.74,都市：住
RPPPMLLKMHNFFAF18EC,龍安段,5.16,都市：其他
RPPPMLLKMHNFFAF18EC,龍安段,113.36,都市：住
RPVOMLLKMHNFFAF68EC,力行段,31.07,都市：住
RPTPMLLKMHNFFAF58EC,學成段,28.66,都市：住
RPSNMLMKMHNFFGF78CC,富貴段,.00,都市：住
RPUOMLMKMHNFFEF88CC,馬偕段,.00,都市：工
RPTOMLLKMHNFFDF68DC,新峰段,37.35,都市：住
RPUNMLLKMHNFFEF78DC,正德段,683.51,都市：住
RPSQMLMKMHNFFBF58CC,中原段,17.61,都市：商
RPRNMLMKMHNFFGF68CC,光興段,.00,都市：住
RPRQMLMKMHNFFBF48CC,化成段,.00,都市：工
RPQPMLMKMHNFFEF58CC,公司田段,27.54,都市：住
RPROMLMKMHNFFDF68EC,保長段,8.60,都市：住
RPTQMLMKMHNFFBF68CC,幸福段,413.62,都市：工
RPVOMLMKMHNFFDF09EC,保長段,6.71,都市：住
RPQPMLMKMHNFFDF68EC,保長段,6.64,都市：住
RPSOMLMKMHNFFIF09CC,安溪段,6.75,都市：住
RPOPMLMKMHNFFDF48EC,保長段,8.60,都市：住
RPRPMLMKMHNFFDF78EC,保長段,9.25,都市：住
RPVNMLMKMHNFFHF56CC,雙和段,.00,都市：住
RPVNMLMKMHNFFHF56CC,雙和段,.00,都市：商
RPPOMLNKMHNFFBF18CC,副都心段一小段,.00,都市：商
RPQQMLNKMHNFFBF48CC,力行段,17.47,都市：住
RPROMLNKMHNFFDF58CC,智興段,.00,都市：住
RPROMLNKMHNFFDF58CC,智興段,.00,都市：其他
RPOQMLNKMHNFFBF28CC,新豐段,.00,都市：商
RPOSMLNKMHNFFBF48CC,中原段,.00,都市：住
RPUSMLNKMHNFFBF09CC,丹鳳段,.00,都市：住
RPXRMLNKMHNFFBF66CC,丹鳳段,.00,都市：住
RPXOMLNKMHNFFDF56CC,崇德段,.00,都市：住
RPOOMLNKMHNFFGF58CC,頂崁段,660.00,都市：工
RPQOMLNKMHNFFGF78CC,樹德段,.00,都市：住
RPXOMLNKMHNFFHF96CC,華福段,.00,都市：住
RPWPMLNKMHNFFEF66CC,淡海段,30.06,都市：商
RPSRMLNKMHNFFEF09CC,正德段,17.31,都市：住
RPRPMLNKMHNFFIF56CC,大學段一小段,24.60,都市：住
RPTPMLNKMHNFFEF09DC,下圭柔山段,77.12,都市：住
RPQOMLNKMHNFFHF88CC,中安段,.00,都市：商
RPQOMLNKMHNFFHF88CC,中安段,.00,都市：住
RPWNMLNKMHNFFHF76CC,南工段,.00,都市：住
RPVNMLNKMHNFFDF09EC,保長段,3.91,都市：住
RPPNMLOKMHNFFAF08CC,江子翠段第三崁小段,.00,都市：住
RPQNMLOKMHNFFAF18CC,海山段,.00,都市：住
RPSNMLQKMHNFFDF88CC,同新段,17.45,都市：工
RPPNMLQKMHNFFDF58CC,智興段,.00,都市：商
RPRNMLOKMHNFFGF88CC,仁興段,.00,都市：住
RPQNMLPKMHNFFDF58CC,水源段,.00,都市：住
RPQNMLPKMHNFFDF58CC,水源段,.00,都市：其他
RPTNMLQKMHNFFDF98CC,同新段,7.78,都市：工
RPPNMLOKMHNFFHF78CC,盛昌段,.00,都市：住
RPPNMLPKMHNFFDF48CC,智興段,.00,都市：商
RPPNMLPKMHNFFDF48CC,智興段,.00,都市：住
RPQNMLQKMHNFFDF68CC,拱北段,38.71,非都市：鄉村區 ; 非都市編定：乙種建築用地
RPSOMLQKMHNFFDF98CC,智興段,21.00,都市：住
RPVOMLQKMHNFFDF66CC,北山段,73.50,都市：工
RPTOMLQKMHNFFDF09CC,同新段,17.44,都市：工
RPTOMLQKMHNFFDF09CC,同新段,.01,都市：工
RPTOMLQKMHNFFDF09CC,同新段,.00,都市：工
RPUVMLQKMHNFFBF07CC,國宅段,19.80,都市：住
RPVRMLQKMHNFFBF76CC,副都心段一小段,.00,都市：商
RPRSMLQKMHNFFBF09CC,貴和段,64.41,都市：住
RPXNMLRKMHNFFGF17CC,幸福段,.00,都市：住
RPSOMLQKMHNFFGF66CC,雙園段,.00,都市：商
RPSOMLQKMHNFFGF66CC,雙園段,.00,都市：商
RPSOMLQKMHNFFGF66CC,雙園段,.00,都市：其他
RPUPMLQKMHNFFEF76CC,新巿段,.00,都市：住
RPTOMLQKMHNFFIF96CC,大學段一小段,32.88,都市：住
RPTPMLQKMHNFFHF96CC,永安段,93.87,都市：商
RPTNMLRKMHNFFDF09CC,建成段,280.71,都市：住
RPTNMLRKMHNFFDF09CC,建成段,1845.13,都市：住
RPTPMLQKMHNFFHF96CC,永安段,52.89,都市：商
RPTNMLRKMHNFFDF09CC,建成段,2292.25,都市：住
RPTPMLQKMHNFFHF96CC,永安段,321.55,都市：商
RPTNMLRKMHNFFDF09CC,建成段,73.76,都市：住
RPTPMLQKMHNFFHF96CC,永安段,65.60,都市：商
RPTNMLRKMHNFFDF09CC,建成段,1215.77,都市：住
RPTNMLRKMHNFFDF09CC,建成段,70.96,都市：住
RPQOMLQKMHNFFIF76DC,大仁段,30.88,都市：住
RPOPMLRKMHNFFGF09CC,民權段,.00,都市：住
RPOPMLRKMHNFFGF09CC,民權段,.00,都市：住
RPXNMLRKMHNFFDF86CC,智興段,.00,都市：住
RPXNMLRKMHNFFDF86CC,智興段,.00,都市：其他
RPPOMLRKMHNFFDF78CC,昊天段,23.16,都市：工
RPPOMLRKMHNFFDF78CC,同新段,.72,都市：工
RPTNMLRKMHNFFBF88CC,新林段,20.32,都市：商
RPXOMLRKMHNFFIF47CC,大仁段,44.69,都市：住
RPSOMLRKMHNFFDF09CC,智興段,.00,都市：商
RPWRNLRKMHNFFAF96CC,埔墘段,8.12,都市：商
RPWOMLSKMHNFFGF27CC,富貴段,.00,都市：住
RPWOMLSKMHNFFBF76CC,福基段,.00,都市：工
RPUOMLSKMHNFFEF86CC,正德段,20.08,都市：住
RPQQMLSKMHNFFEF66CC,關渡段,.00,都市：商
RPWPMLSKMHNFFEF17CC,公司田段,27.63,都市：住
RPQOMLRKMHNFFDF88CC,智興段,.00,都市：住
RPVOMLSKMHNFFEF96CC,公司田段,167.50,都市：住
RPQOMLSKMHNFFIF86CC,大學段一小段,1921.41,都市：住
RPRQMLSKMHNFFEF76CC,海天段,.00,都市：住
RPPPMLSKMHNFFIF86CC,國光段,11.49,都市：住
RPSQMLSKMHNFFEF86CC,新興段,.00,都市：住
RPSQMLSKMHNFFEF86CC,新興段,.00,都市：住
RPUOMLSKMHNFFHF17CC,錦和段,.00,都市：住
RPUOMLSKMHNFFHF17CC,錦和段,.00,都市：住
RPSNMLSKMHNFFHF86CC,民有段,14.20,都市：住
RPUOMLSKMHNFFAF66EC,府中段,.00,都市：住
RPTQMLSKMHNFFEF96CC,公司田段,136.33,都市：住
RPWOMLSKMHNFFHF37CC,圓通段,.00,都市：住
RPVOMLSKMHNFFHF27CC,保生段,.00,都市：住
RPPPMLSKMHNFFHF76CC,水源段,.00,都市：住
RPPNMLTKMHNFFGF56CC,忠孝段,.00,都市：住
RPVNMLTKMHNFFGF17CC,德新段,.00,都市：商
RPVNMLTKMHNFFGF17CC,德新段,.00,都市：商
RPXOMLSKMHNFFHF47CC,盛昌段,.00,都市：住
RPOSMLTKMHNFFBF09CC,麗林段,147.32,都市：住
RPOSMLTKMHNFFBF09CC,麗林段,158.34,都市：住
RPWNMLTKMHNFFBF76CC,副都心段一小段,33.56,都市：商
RPSNMLSKMHNFFAF88DC,金城段,.00,都市：其他
RPSNMLSKMHNFFAF88DC,金城段,8.89,都市：住
RPQOMLTKMHNFFIF07DC,福德段,17.52,都市：住
RPQOMLTKMHNFFIF07DC,福德段,1.51,都市：其他
RPWOMLTKMHNFFCF07DC,民安段,7.61,都市：住
RPXSMLTKMHNFFAF47EC,土城段,15.35,都市：住
RPSNMLTKMHNFFAF09EC,文化段,.00,都市：住
RPWNMLKLMHNFFBF58CC,建林段,22.94,都市：住
RPSPMLKLMHNFFBF38CC,建林段,19.41,都市：住
RPRNMLTKMHNFFHF96DC,安平段,.00,都市：住
RPVNMLKLMHNFFBF48CC,榮和段,.00,都市：住
RPPNMLKLMHNFFBF87CC,榮富段,.00,都市：住
RPTNMLTKMHNFFAF56EC,文化段,.00,都市：住
RPRQMLKLMHNFFAF28CC,金城段,.00,都市：住
RPTNMLKLMHNFFDF48CC,金龍段,21.43,都市：住
RPPNMLKLMHNFFDF08CC,福德段,.00,都市：商
RPQOMLKLMHNFFDF28CC,智興段,.00,都市：商
RPWNMLKLMHNFFHF56CC,福祥段,.00,都市：商
RPWNMLKLMHNFFHF56CC,福祥段,.00,都市：住
RPPNMLKLMHNFFGF38CC,福德北段,.00,都市：住
RPPNMLKLMHNFFEF18CC,新巿段,.00,都市：住
RPPNMLKLMHNFFIF58CC,大學段一小段,.00,都市：住
RPXNMLKLMHNFFHF66CC,景華段,.00,都市：住
RPPOMLKLMHNFFHF58CC,水源段,.00,都市：商
RPTOMLKLMHNFFHF98CC,信義段,.00,都市：商
RPPNMLLLMHNFFEF28CC,海天段,7.71,都市：住
RPWOMLKLMHNFFHF66CC,中原段,.00,都市：工
RPOOMLKLMHNFFEF28DC,新巿段,49.12,都市：住
RPPNMLLLMHNFFBF97CC,和平段,11.72,都市：住
RPPNMLMLMHNFFDF28CC,水源段,.00,都市：住
RPPNMLMLMHNFFDF28CC,水源段,.00,都市：其他
RPQNMLMLMHNFFDF38CC,智興段,.00,都市：其他
RPVNMLNLMHNFFDF98CC,福德段,8.86,都市：住
RPPNMLMLMHNFFEF38CC,新巿段,29.87,都市：住
RPPNMLNLMHNFFEF48CC,公司田段,.00,都市：住
RPWOMLNLMHNFFEF66CC,新巿段,33.18,都市：住
RPQNMLMLMHNFFEF48CC,新興段,12.83,都市：住
RPWNMLNLMHNFFBF88CC,成功段,.00,都市：住
RPQQMLNLMHNFFEF88CC,正德段,24.88,都市：住
RPOSMLNLMHNFFBF58CC,南勢埔段過崙子小段,2644.00,都市：農
RPRPMLNLMHNFFDF78CC,北山段,.00,都市：住
RPSQMLNLMHNFFBF78CC,麗林段,31.17,都市：商
RPXOMLNLMHNFFHF07CC,大智段,.00,都市：住
RPWWMLNLMHNFFBF17CC,復興段,.00,都市：住
RPPNMLNLMHNFFHF78CC,德光段,.00,都市：住
RPPNMLNLMHNFFHF78CC,德光段,.00,都市：住
RPOPMLNLMHNFFHF88CC,橋和段,.00,都市：住
RPSPMLNLMHNFFHF66CC,民治段,723.14,非都市： ; 非都市編定：
RPQNMLNLMHNFFHF88CC,華新段,.00,都市：住
RPSPMLNLMHNFFHF66CC,民治段,158.76,非都市： ; 非都市編定：
RPSPMLNLMHNFFHF66CC,民治段,331.20,非都市： ; 非都市編定：
RPPPMLNLMHNFFHF98CC,竹林段,38.00,都市：住
RPVPMLNLMHNFFHF96CC,水源段,.00,都市：商
RPTPMLNLMHNFFHF76CC,永平段,.00,都市：商
RPTPMLNLMHNFFHF76CC,永平段,.00,都市：住
RPPQMLNLMHNFFHF09CC,安邦段,.00,都市：住
RPVQMLNLMHNFFHF07CC,仁愛段,.00,都市：住
RPUQMLNLMHNFFHF96CC,保平段,.00,都市：商
RPWOMLOLMHNFFAF98CC,仁愛段,25.00,都市：工
RPQPMLNLMHNFFAF58EC,大同段,.00,都市：住
RPQSMLOLMHNFFAF78CC,江子翠段新埔小段,.00,都市：住
RPQSMLOLMHNFFAF78CC,江子翠段新埔小段,.00,都市：住
RPTPMLOLMHNFFAF78CC,力行段,25.57,都市：住
RPROMLOLMHNFFCF68CC,中正段,.00,都市：住
RPSPMLOLMHNFFAF68CC,力行段,13.42,都市：住
RPUPMLOLMHNFFEF66CC,新興段,2.61,都市：住
RPUPMLOLMHNFFEF66CC,新興段,.01,都市：住
RPONNLOLMHNFFAF18CC,文化段,.00,都市：住
RPPOMLOLMHNFFAF48EC,力行段,24.30,都市：住
RPUOMLOLMHNFFGF76CC,富貴段,.00,都市：住
RPOOMLOLMHNFFDF58DC,同新段,10.00,都市：工
RPVOMLPLMHNFFGF96CC,仁愛段,.00,都市：商
RPPNMLPLMHNFFEF68CC,公司田段,27.28,都市：住
RPXOMLOLMHNFFCF76DC,小城段,85.04,都市：住
RPUOMLOLMHNFFGF96EC,錦田段,.00,都市：住
RPUOMLOLMHNFFGF96EC,錦田段,.00,都市：住
RPUPMLPLMHNFFAF98CC,幸福段,48.48,都市：住
RPSNMLPLMHNFFEF98CC,正德段,27.67,都市：商
RPOPMLPLMHNFFBF48CC,國宅段,.00,都市：住
RPSUMLPLMHNFFBF76CC,安泰段,149.38,都市：工
RPPSMLPLMHNFFBF88CC,力行段,.00,都市：住
RPRUMLPLMHNFFBF66CC,四維段,.00,都市：住
RPQNMLPLMHNFFEF78CC,新巿段,21.81,都市：住
RPOUMLPLMHNFFBF98CC,麗林段,.00,都市：商
RPVNMLPLMHNFFHF96CC,大華段,8.28,都市：住
RPVNMLPLMHNFFHF96CC,大華段,95.05,都市：住
RPVNMLPLMHNFFHF96CC,大華段,392.24,都市：住
RPUQMLPLMHNFFHF17CC,瓦段,.00,都市：住
RPQOMLPLMHNFFHF56CC,大智段,.00,都市：住
RPRQMLPLMHNFFHF86CC,圓通段,28.26,都市：住
RPVQMLPLMHNFFHF27CC,長堤段,.00,都市：住
RPRPMLQLMHNFFBF88CC,力行段,16.32,都市：住
RPQQMLPLMHNFFHF76CC,圓通段,.00,都市：住
RPXPMLQLMHNFFBF86CC,復興段,24.02,都市：住
RPOQMLQLMHNFFBF68CC,副都心段一小段,24.11,都市：商
RPQPMLPLMHNFFIF76CC,民生段,2.54,都市：住
RPTPMLQLMHNFFBF09CC,國宅段,20.54,都市：住
RPSPMLQLMHNFFBF98CC,國宅段,23.20,都市：住
RPPQMLQLMHNFFBF78CC,和平段,22.13,都市：住
RPSQMLQLMHNFFBF09CC,中原段,14.28,都市：住
RPRQMLQLMHNFFBF98CC,中原段,14.28,都市：住
RPVQMLQLMHNFFBF76CC,中泰段,18.25,都市：住
RPPRMLQLMHNFFBF88CC,副都心段六小段,31.23,都市：住
RPORMLQLMHNFFBF78CC,丹鳳段,5.27,都市：其他
RPXQMLQLMHNFFBF96CC,思源段,21.59,都市：住
RPQSMLQLMHNFFBF09CC,信華段一小段,20.91,都市：住
RPRNMLQLMHNFFDF88CC,智興段,.00,都市：住
RPTNMLQLMHNFFAF78CC,幸福段,.00,都市：住
RPVOMLQLMHNFFCF66CC,寶橋段,.00,都市：工
RPSNMLQLMHNFFDF98CC,大同段,25.91,都市：住
RPXRMLQLMHNFFBF07CC,中原段,14.91,都市：住
RPRNMLQLMHNFFCF78CC,環河段,.00,都市：住
RPQTMLQLMHNFFEF86CC,新巿段,.00,都市：其他
RPXOMLQLMHNFFCF86CC,莊敬段,.00,都市：工
RPWOMLQLMHNFFCF76CC,寶橋段,.00,都市：工
RPRPMLQLMHNFFCF98CC,惠國段,.00,都市：住
RPPPMLQLMHNFFCF78CC,寶橋段,.00,都市：工
RPVNMLQLMHNFFHF07CC,盛昌段,.00,都市：住
RPWNMLQLMHNFFHF17CC,福和段,.00,都市：商
RPOOMLQLMHNFFHF09CC,水源段,.00,都市：住
RPOOMLQLMHNFFHF09CC,水源段,.00,都市：住
RPTNMLQLMHNFFHF86CC,信義段,.00,都市：商
RPVOMLQLMHNFFHF17CC,連城段,.00,都市：住
RPPOMLQLMHNFFHF56CC,永利段,.00,都市：住
RPQQMLQLMHNFFHF86CC,大華段,.00,都市：商
RPXNMLQLMHNFFHF27CC,華中段,40.74,都市：住
RPSQMLQLMHNFFHF07CC,林森段,.00,都市：住
RPOSMLQLMHNFFIF96CC,二橋段,23.94,都市：住
RPSNMLQLMHNFFIF86CC,介壽段,38.30,都市：住
RPPPMLQLMHNFFAF78EC,安和段,25.68,都市：住
RPXRMLRLMHNFFEF47CC,新巿段,28.98,都市：住
RPPOMLRLMHNFFEF98CC,公司田段,16.43,都市：住
RPTOMLRLMHNFFGF96CC,長壽段,.00,都市：其他
RPTOMLRLMHNFFGF96CC,長壽段,.00,都市：其他
RPTOMLRLMHNFFGF96CC,長壽段,.00,都市：其他
RPTOMLRLMHNFFGF96CC,長壽段,.00,都市：其他
RPTOMLRLMHNFFGF96CC,長壽段,.00,都市：其他
RPPQMLRLMHNFFAF78CC,江子翠段第一崁小段,.00,都市：住
RPQPMLRLMHNFFCF98CC,新和段,.00,非都市： ; 非都市編定：
RPSSMLRLMHNFFAF66CC,中華段,.00,非都市： ; 非都市編定：
RPPPMLRLMHNFFCF88CC,順安段,.00,都市：住
RPWPMLRLMHNFFAF76CC,江子翠段第一崁小段,.00,都市：住
RPXOMLRLMHNFFBF86CC,榮富段,.00,都市：住
RPTPMLRLMHNFFBF56CC,幸福段,.00,都市：工
RPTNMLRLMHNFFHF96CC,保健段,.00,都市：住
RPUSMLRLMHNFFAF07EC,力行段,26.59,都市：住
RPQSMLRLMHNFFBF56CC,中原段,.00,都市：商
RPVSMLRLMHNFFAF17EC,力行段,15.27,都市：住
RPRSMLRLMHNFFAF76EC,忠孝段,.00,都市：住
RPWNMLRLMHNFFHF27CC,文化段,.00,都市：住
RPVNMLRLMHNFFHF17CC,永安段,.00,都市：商
RPVNMLRLMHNFFHF17CC,永安段,.00,都市：商
RPPSMLRLMHNFFBF09CC,新樹段,.00,都市：商
RPVPMLRLMHNFFHF37CC,中正段,.00,都市：住
RPVPMLRLMHNFFHF37CC,中正段,.00,都市：住
RPXNMLRLMHNFFHF37CC,健康段,.00,都市：工
RPXPMLRLMHNFFHF57CC,中原段,.00,都市：工
RPSOMLRLMHNFFHF96CC,板南段,.00,都市：工
RPPQMLRLMHNFFHF86CC,景福段,.00,都市：住
RPSQMLRLMHNFFHF17CC,中安段,.00,都市：商
RPRQMLRLMHNFFHF07CC,健康段,.00,都市：工
RPTSMLRLMHNFFEF37EC,龍米段,1.41,都市：住
RPWQMLRLMHNFFHF57CC,民有段,.00,都市：住
RPSPMLRLMHNFFHF27EC,德光段,.00,都市：住
RPQPMLRLMHNFFHF07EC,德光段,.00,都市：住
RPPNMLTLMHNFFIF86CC,大學段二小段,10.22,都市：商
RPRNMLTLMHNFFIF07CC,大學段一小段,5.34,都市：住
RPUNMLKMMHNFFBF48CC,力行段,13.04,都市：住
RPTNMLTLMHNFFIF27CC,大學段一小段,28.88,都市：住
RPSNMLTLMHNFFIF17CC,大學段二小段,10.38,都市：商
RPQNMLTLMHNFFIF96CC,隆恩段,4.52,都市：住
RPTNMLKMMHNFFBF38CC,復興段,31.54,都市：住
RPUNMLKMMHNFFGF98CC,忠孝段,.00,都市：住
RPUNMLKMMHNFFGF98CC,忠孝段,.00,都市：住
RPQOMLKMMHNFFGF68CC,菜寮段,20.47,都市：商
RPQOMLKMMHNFFCF28CC,玫瑰段,10.67,都市：住
RPQOMLKMMHNFFCF28CC,玫瑰段,12.00,都市：住
RPPOMLKMMHNFFCF18CC,中正段,.00,非都市： ; 非都市編定：
RPROMLKMMHNFFGF78CC,錦田段,.00,都市：住
RPROMLKMMHNFFGF78CC,錦田段,.00,都市：住
RPUOMLKMMHNFFBF58CC,貴和段,17.42,都市：商
RPUPMLKMMHNFFIF76CC,文林段,704.08,都市：工
RPUPMLKMMHNFFIF76CC,文林段,35.69,都市：其他
RPXOMLKMMHNFFAF98EC,沛陂段,.00,都市：工
RPQOMLKMMHNFFAF28EC,員仁段,.00,都市：工
RPORMLKMMHNFFAF38EC,新板段三小段,.00,都市：其他
RPQRMLKMMHNFFAF58EC,江子翠段溪頭小段,21.20,都市：住
RPQRMLKMMHNFFAF58EC,江子翠段溪頭小段,10.20,都市：住
RPPOMLKMMHNFFAF18EC,員仁段,167.59,都市：工
RPRPMLKMMHNFFDF78EC,保長段,9.31,都市：住
RPROMLKMMHNFFAF38EC,力行段,.00,都市：住
RPROMLKMMHNFFAF38EC,新雅段,.00,都市：住
RPSPMLKMMHNFFDF88EC,保長段,8.86,都市：住
RPRPMLKMMHNFFHF98CC,安邦段,.00,都市：工
RPQOMLLJNHNFFDF28CC,金龍段,.00,都市：其他
RPQOMLLJNHNFFDF28CC,金龍段,.00,非都市：山坡地保育區 ; 非都市編定：丙種建築用地
RPQOMLLJNHNFFDF28CC,金龍段,.00,都市：其他
RPQOMLLJNHNFFDF28CC,金龍段,.00,都市：其他
RPOPMLLJNHNFFEF28CC,海天段,.02,都市：住
RPOPMLLJNHNFFEF28CC,海天段,.00,都市：住
RPOPMLLJNHNFFEF28CC,海天段,2.33,都市：住
RPOPMLLJNHNFFEF28CC,海天段,.17,都市：住
RPOPMLLJNHNFFEF28CC,海天段,.01,都市：住
RPTOMLLJNHNFFDF58CC,金龍段,.00,都市：其他
RPTOMLLJNHNFFDF58CC,金龍段,.00,非都市：山坡地保育區 ; 非都市編定：丙種建築用地
RPTOMLLJNHNFFDF58CC,金龍段,.00,都市：其他
RPTOMLLJNHNFFDF58CC,金龍段,.00,都市：其他
RPROMLLJNHNFFDF38CC,金龍段,.00,都市：其他
RPROMLLJNHNFFDF38CC,金龍段,.00,非都市：山坡地保育區 ; 非都市編定：丙種建築用地
RPROMLLJNHNFFDF38CC,金龍段,.00,都市：其他
RPROMLLJNHNFFDF38CC,金龍段,.00,都市：其他
RPWNMLLJNHNFFAF48CC,國光段,73.40,都市：住
RPSOMLLJNHNFFDF48CC,金龍段,.00,都市：其他
RPSOMLLJNHNFFDF48CC,金龍段,.00,非都市：山坡地保育區 ; 非都市編定：丙種建築用地
RPSOMLLJNHNFFDF48CC,金龍段,.00,都市：其他
RPSOMLLJNHNFFDF48CC,金龍段,.00,都市：其他
RPQPMLLJNHNFFDF38CC,智興段,.00,都市：其他
RPQPMLLJNHNFFDF38CC,智興段,.00,都市：住
RPPPMLLJNHNFFDF28CC,智興段,.00,都市：住
RPOPMLLJNHNFFDF18CC,昊天段,.00,都市：工
RPPPMLKMMHNFFHF78CC,福祥段,39.32,都市：商
RPPPMLKMMHNFFHF78CC,福祥段,1.68,都市：住
RPSNMLLJNHNFFDF58EC,保長段,6.64,都市：住
RPQNMLMJNHNFFDF28CC,江北段,13.16,都市：住
RPTNMLMJNHNFFDF58CC,智興段,5.06,都市：住
RPSOMLMJNHNFFDF58CC,智興段,.00,都市：商
RPRNMLMJNHNFFDF38CC,智興段,10.22,都市：住
RPRNMLMJNHNFFAF08CC,和平段,.00,都市：住
RPROMLMJNHNFFDF48CC,智興段,.00,都市：商
RPROMLMJNHNFFDF48CC,智興段,.00,都市：其他
RPSNMLMJNHNFFAF18CC,永安段,.00,都市：住
RPTNMLMJNHNFFAF28CC,新興段,.00,都市：商
RPORMLMJNHNFFBF28CC,石德段,56.50,都市：住
RPRPMLMJNHNFFBF38CC,新豐段,8.50,都市：商
RPOOMLMJNHNFFAF87CC,江子翠段第二崁小段,.00,都市：住
RPXPMLMJNHNFFEF66CC,水仙段,1.99,都市：住
RPXPMLMJNHNFFEF66CC,水仙段,.37,都市：住
RPSNMLMJNHNFFCF38CC,明德段,.00,都市：住
RPSPMLMJNHNFFDF88EC,北峰段,78.04,非都市：山坡地保育區 ; 非都市編定：丙種建築用地
RPXNMLMJNHNFFCF88CC,黎明段,1.17,都市：其他
RPXNMLMJNHNFFCF88CC,黎明段,.01,都市：其他
RPXNMLMJNHNFFCF88CC,黎明段,.01,都市：其他
RPXNMLMJNHNFFCF88CC,黎明段,.03,都市：其他
RPXNMLMJNHNFFCF88CC,黎明段,.05,都市：其他
RPXNMLMJNHNFFCF88CC,黎明段,.21,都市：其他
RPXNMLMJNHNFFCF88CC,黎明段,.10,都市：其他
RPXNMLMJNHNFFCF88CC,黎明段,.03,都市：其他
RPXNMLMJNHNFFCF88CC,黎明段,.25,都市：其他
RPXNMLMJNHNFFCF88CC,黎明段,79.92,都市：其他
RPXNMLMJNHNFFCF88CC,黎明段,.96,都市：其他
RPXNMLMJNHNFFCF88CC,黎明段,.06,都市：其他
RPXNMLMJNHNFFCF88CC,黎明段,.15,都市：其他
RPUQMLNJNHNFFGF76CC,富貴段,.00,都市：住
RPXNMLNJNHNFFBF88CC,五股段,.00,都市：商
RPXNMLMJNHNFFHF76CC,安邦段,.00,都市：住
RPTOMLNJNHNFFAF48CC,中華段,.00,都市：工
RPOOMLNJNHNFFDF28CC,金龍段,.00,都市：住
RPTOMLNJNHNFFAF48CC,中華段,.00,都市：其他
RPSPMLNJNHNFFEF88CC,公司田段,19.03,都市：住
RPXNMLNJNHNFFDF09CC,北山段,.00,都市：住
RPQPMLNJNHNFFHF98CC,公園段,.00,都市：住
RPWNMLNJNHNFFDF98CC,北山段,.00,都市：住
RPWOMLNJNHNFFDF66EC,保長段,6.64,都市：住
RPOQMLNJNHNFFBF28CC,五工段,131.57,非都市：工業區 ; 非都市編定：丁種建築用地
RPVOMLNJNHNFFDF56EC,保長段,3.97,都市：住
RPQNMLOJNHNFFDF48CC,北山段,.00,都市：住
RPPOMLOJNHNFFDF48CC,工建段,119.73,都市：工
RPTNMLOJNHNFFDF78CC,昊天段,11.87,都市：工
RPQOMLOJNHNFFDF58CC,同新段,12.00,都市：工
RPPOMLOJNHNFFBF28CC,信華段一小段,.00,都市：住
RPOOMLOJNHNFFDF38CC,同新段,17.44,都市：工
RPOOMLOJNHNFFDF38CC,同新段,.01,都市：其他
RPOOMLOJNHNFFDF38CC,同新段,.00,都市：其他
RPSOMLOJNHNFFBF58CC,五工段,.00,非都市：工業區 ; 非都市編定：丁種建築用地
RPRNMLOJNHNFFBF38CC,丹鳳段,.00,都市：住
RPURMLNJNHNFFEF86EC,公司田段,50.13,都市：住
RPVNMLOJNHNFFDF98CC,昊天段,11.87,都市：工
RPRQMLOJNHNFFBF68CC,榮富段,23.52,都市：住
RPPQMLOJNHNFFEF78CC,公司田段,.00,都市：住
RPWRMLOJNHNFFEF07DC,新巿段,73.45,都市：住
RPRNMLOJNHNFFGF88CC,中華段,.00,都市：住
RPUNMLOJNHNFFDF09EC,保長段,4.04,都市：住
RPRNMLOJNHNFFIF09CC,三福段,.00,都市：住
RPWNMLOJNHNFFDF66EC,保長段,8.79,都市：住
RPVOMLRJNHNFFEF86CC,新巿段,26.73,都市：住
RPURMLOJNHNFFEF86DC,新巿段,80.29,都市：住
RPPQMLRJNHNFFEF09CC,馬偕段,5.78,都市：工
RPWPMLRJNHNFFEF07CC,水仙段,18.16,都市：住
RPXNMLRJNHNFFGF17CC,幸福段,.00,都市：住
RPROMLRJNHNFFBF78CC,雙鳳段,16.21,都市：住
RPPNMLQJNHNFFEF68CC,竹圍段,19.26,都市：住
RPPNMLQJNHNFFEF68CC,竹圍段,.24,都市：住
RPWQMLRJNHNFFEF17CC,飛歌段,.00,都市：其他
RPPNMLQJNHNFFEF68CC,竹圍段,.00,都市：其他
RPPNMLQJNHNFFEF68CC,竹圍段,.08,都市：住
RPPNMLQJNHNFFEF68CC,竹圍段,.26,都市：住
RPPOMLRJNHNFFBF58CC,昌隆段,14.20,都市：住
RPTOMLRJNHNFFBF98CC,信華段一小段,30.56,都市：住
RPOPMLRJNHNFFBF58CC,信華段一小段,31.37,都市：住
RPWOMLRJNHNFFBF66CC,副都心段一小段,12.61,都市：住
RPTOMLRJNHNFFDF56CC,新峰段,.00,都市：住
RPUPMLRJNHNFFBF56CC,榮富段,.00,都市：住
RPVOMLRJNHNFFBF56CC,四維段,11.72,都市：住
RPVOMLRJNHNFFDF76CC,智興段,.00,都市：住
RPUOMLRJNHNFFDF66CC,智興段,.00,都市：住
RPVPMLRJNHNFFDF86CC,同新段,11.99,都市：工
RPVPMLRJNHNFFDF86CC,同新段,.01,都市：工
RPVPMLRJNHNFFDF86CC,同新段,.00,都市：工
RPTNMLRJNHNFFAF78CC,員仁段,.00,都市：工
RPOQMLRJNHNFFDF88CC,同新段,19.62,都市：工
RPOQMLRJNHNFFDF88CC,同新段,.01,都市：工
RPOQMLRJNHNFFDF88CC,同新段,.00,都市：工
RPSQMLRJNHNFFDF66CC,福德段,30.00,都市：住
RPSQMLRJNHNFFDF66CC,福德段,3.05,都市：住
RPOOMLRJNHNFFIF56CC,大學段一小段,10.53,都市：住
RPUPMLRJNHNFFDF76CC,同新段,32.69,都市：工
RPUPMLRJNHNFFDF76CC,同新段,.02,都市：工
RPUPMLRJNHNFFDF76CC,同新段,.00,都市：工
RPQOMLRJNHNFFIF76CC,大學段一小段,10.75,都市：住
RPROMLRJNHNFFIF86CC,大學段一小段,10.75,都市：住
RPSOMLRJNHNFFIF96CC,大學段一小段,17.32,都市：住
RPOPMLRJNHNFFAF48CC,公館段,32.75,都市：住
RPPOMLRJNHNFFIF66CC,大學段一小段,10.41,都市：住
RPWOMLRJNHNFFHF27CC,大仁段,.00,都市：住
RPVOMLRJNHNFFHF17CC,永福段,.00,都市：住
RPOPMLRJNHNFFHF56CC,公園段,.00,都市：住
RPPPMLRJNHNFFHF66CC,安樂段,.00,都市：商
RPTNMLRJNHNFFHF96DC,健康段,.00,都市：其他
RPRPMLRJNHNFFHF86CC,永福段,.00,都市：住
RPQPMLRJNHNFFHF76CC,林森段,.00,都市：住
RPTNMLSJNHNFFDF56CC,智興段,10.80,都市：商
RPQUMLSJNHNFFBF76CC,工二段,73.68,都市：住
RPRNMLSJNHNFFDF98CC,智興段,.00,都市：商
RPVRMLSJNHNFFAF86CC,中華段,.00,都市：工
RPVRMLSJNHNFFAF86CC,中華段,.00,都市：其他
RPVTMLSJNHNFFBF27DC,昌隆段,12.42,都市：住
RPVOMLSJNHNFFBF66CC,副都心段一小段,.00,都市：商
RPPNMLSJNHNFFGF09CC,永德段,.00,都市：住
RPTOMLSJNHNFFBF09CC,和平段,.00,都市：住
RPPNMLSJNHNFFHF56CC,大新段,.00,都市：商
RPPRMLSJNHNFFAF09EC,員仁段,.00,都市：工
RPROMLTJNHNFFGF86CC,富貴段,.00,都市：住
RPVNMLSJNHNFFDF96EC,保長段,8.47,都市：住
RPXNMLTJNHNFFEF17CC,新巿段,13.09,都市：住
RPTOMLTJNHNFFBF56CC,力行段,25.94,都市：商
RPWOMLTJNHNFFBF86CC,德音段,30.80,都市：住
RPXPMLTJNHNFFAF17EC,新板段二小段,.00,都市：其他
RPUOMLTJNHNFFEF96CC,公司田段,23.66,都市：住
RPOOMLTJNHNFFEF98CC,新興段,.00,都市：住
RPPRMLTJNHNFFAF56EC,金城段,3.55,都市：住
RPOOMLTJNHNFFHF66CC,連城段,.00,都市：住
RPUOMLTJNHNFFHF27CC,圓通段,24.92,都市：住
RPPNMLKKNHNFFBF87CC,新工段二小段,.00,非都市：工業區 ; 非都市編定：丁種建築用地
RPQNMLKKNHNFFBF97CC,力行段,.00,都市：住
RPQNMLKKNHNFFDF18CC,金龍段,.00,非都市：鄉村區 ; 非都市編定：乙種建築用地
RPSNMLKKNHNFFAF08CC,介壽段,.00,都市：商
RPOOMLKKNHNFFDF08CC,智興段,12.15,都市：住
RPPOMLKKNHNFFDF18CC,大同段,.00,都市：住
RPQOMLKKNHNFFDF28CC,智興段,.00,都市：商
RPQOMLKKNHNFFDF28CC,智興段,.00,都市：其他
RPXOMLKKNHNFFAF68CC,員和段,24.91,都市：住
RPQNMLKKNHNFFGF48CC,大仁段,.00,都市：住
RPVPMLKKNHNFFAF58CC,埔墘段,.00,都市：住
RPTOMLKKNHNFFGF88CC,中民段,.00,都市：商
RPPNMLKKNHNFFHF48CC,景華段,.00,都市：住
RPTOMLKKNHNFFHF98CC,華新段,.00,都市：住
RPVQMLKKNHNFFHF76CC,景華段,.00,都市：住
RPUNMLKKNHNFFAF48EC,忠孝段,.00,都市：住
RPPQMLKKNHNFFHF78CC,健康段,.00,都市：工
RPSQMLKKNHNFFHF09CC,民樂段,.00,都市：住
RPXNMLKKNHNFFAF78EC,忠孝段,10.50,都市：住
RPXNMLKKNHNFFAF78EC,忠孝段,43.00,都市：住
RPOOMLKKNHNFFAF97EC,忠孝段,26.00,都市：住
RPOOMLKKNHNFFAF97EC,忠孝段,24.00,都市：住
RPOOMLKKNHNFFAF97EC,忠孝段,4.00,都市：住
RPORMLKKNHNFFHF78CC,復興段,.00,都市：住
RPTOMLKKNHNFFIF09CC,大學段一小段,16.18,都市：住
RPPNMLKKNHNFFIF58CC,二橋段,.00,都市：住
RPPQMLKKNHNFFIF88CC,大學段一小段,10.75,都市：住
RPUOMLKKNHNFFIF56CC,大學段一小段,10.53,都市：住
RPVOMLKKNHNFFIF66CC,大學段一小段,10.75,都市：住
RPWQMLKKNHNFFHF96DC,南山段,19.23,都市：住
RPTOMLKKNHNFFGF09EC,鷺江段,.00,都市：住
RPUOMLKKNHNFFGF56EC,頂崁段,.00,都市：工
RPUOMLKKNHNFFGF56EC,頂崁段,.00,都市：工
