﻿編號,車位類別,車位價格,車位面積平方公尺
Serial number,berth category,berth price,berth area square meter
RPTPMLMKKHNFFFH09DC,坡道平面,0,33.49
RPWNMLNKKHNFFFH56CC,坡道平面,0,32.21
RPQPMLMLKHNFFBH48DC,坡道平面,80000,32.06
RPQPMLMLKHNFFBH48DC,坡道平面,80000,32.06
RPTNMLQLKHNFFAH78CC,坡道平面,0,
RPTNMLQLKHNFFAH78CC,坡道平面,0,
RPQNMLQLKHNFFGH09CC,坡道平面,0,38.94
RPWNMLQLKHNFFCH66CC,坡道平面,0,40.33
RPTNMLNKKHNFFBH48CC,坡道平面,0,31.31
RPWNMLRLKHNFFHH37DC,坡道平面,0,35.34
RPUOMLLJLHNFFAH48DC,坡道平面,0,33.93
RPXOMLLJLHNFFFH76EC,坡道平面,0,
RPQPMLMJLHNFFAH38EC,其他,0,57.70
RPOOMLMJLHNFFGH48CC,坡道平面,15000,41.92
RPPNMLMJLHNFFHH58CC,坡道平面,0,
RPRRMLMJLHNFFBH58CC,坡道平面,0,32.44
RPVNMLPJLHNFFBH88CC,坡道平面,0,
RPRNMLQJLHNFFBH68DC,坡道平面,0,34.35
RPSNMLQJLHNFFGH56CC,坡道平面,0,
RPSNMLRJLHNFFFH56CC,坡道平面,0,
RPVNMLQJLHNFFDH56CC,坡道平面,0,29.75
RPTNMLRJLHNFFHH86CC,坡道平面,0,37.58
RPROMLSJLHNFFDH09CC,坡道平面,0,29.75
RPSPMLRJLHNFFAH88CC,坡道平面,0,
RPSPMLRJLHNFFAH88CC,坡道平面,0,
RPPNMLSJLHNFFFH98CC,坡道平面,0,29.42
RPPNMLSJLHNFFFH98CC,坡道平面,0,29.42
RPSNMLTJLHNFFEH76DC,坡道平面,0,25.81
RPTNMLKKLHNFFBH28CC,坡道平面,0,30.76
RPVNMLMKLHNFFDH88CC,坡道平面,0,27.28
RPXOMLMKLHNFFBH98CC,坡道平面,0,26.62
RPVNMLNKLHNFFEH09CC,坡道平面,0,
RPTNMLOKLHNFFHH66CC,坡道平面,0,34.04
RPSNMLPKLHNFFCH78CC,坡道平面,0,29.54
RPUNMLTKLHNFFBH66CC,一樓平面,0,
RPTOMLKLLHNFFEH88DC,坡道平面,0,25.81
RPVNMLKLLHNFFFH98CC,坡道平面,0,37.78
RPPNMLKLLHNFFFH38CC,坡道平面,0,
RPRNMLKLLHNFFDH38CC,坡道平面,0,39.81
RPSNMLKLLHNFFDH48CC,坡道平面,0,31.70
RPTNMLKLLHNFFDH58CC,坡道平面,0,31.70
RPOOMLKLLHNFFDH18CC,坡道平面,0,34.25
RPVNMLLLLHNFFBH68CC,坡道平面,0,29.84
RPSOMLLLLHNFFBH48CC,坡道平面,0,25.85
RPSOMLKLLHNFFAH28CC,其他,0,
RPSNMLLLLHNFFFH78CC,坡道平面,0,37.81
RPVNMLMLLHNFFBH78CC,坡道平面,0,21.05
RPUNMLMLLHNFFBH68CC,坡道平面,0,38.39
RPROMLMLLHNFFAH38CC,坡道平面,0,38.71
RPSNMLMLLHNFFDH68CC,坡道平面,0,27.28
RPTNMLMLLHNFFBH58CC,坡道平面,0,
RPQNMLNLLHNFFFH78CC,坡道平面,0,29.90
RPQNMLNLLHNFFFH78CC,坡道平面,0,29.90
RPOOMLRLLHNFFEH09DC,坡道平面,16000,27.72
RPPOMLQLLHNFFFH56DC,坡道平面,0,32.21
RPROMLRLLHNFFHH96CC,坡道平面,0,35.34
RPVNMLRLLHNFFFH07CC,坡道平面,0,31.92
RPWNMLTLLHNFFFH47DC,坡道平面,0,
RPSNMLTLLHNFFFH07DC,坡道平面,0,34.80
RPUOMLLMLHNFFAH68CC,坡道平面,0,29.34
RPUNMLLMLHNFFEH98CC,坡道平面,0,117.23
RPUNMLLMLHNFFEH98CC,坡道平面,0,55.52
RPPNMLNJMHNFFHH78CC,塔式車位,0,16.06
RPWOMLNJMHNFFCH09CC,坡道平面,0,36.44
RPPNMLRJMHNFFEH88CC,坡道平面,0,
RPRPMLMKMHNFFAH48CC,坡道平面,2500,
RPTPMLMKMHNFFAH68CC,坡道平面,2500,
RPTPMLMKMHNFFAH68CC,坡道平面,2500,
RPSOMLLKMHNFFBH48CC,坡道平面,0,30.76
RPSOMLMKMHNFFBH58CC,坡道平面,0,
RPSOMLMKMHNFFBH58CC,坡道平面,0,
RPRNMLMKMHNFFDH58CC,坡道平面,0,27.28
RPXPMLNKMHNFFBH66CC,坡道平面,0,22.30
RPQNMLQKMHNFFFH09CC,升降平面,0,23.77
RPRNMLOKMHNFFBH58CC,坡道平面,0,15.52
RPRNMLQKMHNFFDH98CC,坡道平面,0,31.70
RPQNMLRKMHNFFHH76CC,坡道平面,0,31.51
RPTNMLTKMHNFFDH86CC,坡道平面,0,29.72
RPTNMLTKMHNFFDH86CC,坡道平面,0,29.72
RPRNMLTKMHNFFBH09CC,坡道平面,0,
RPVNMLTKMHNFFBH86CC,坡道平面,0,
RPUNMLTKMHNFFHH37CC,升降機械,0,11.26
RPTNMLKLMHNFFAH38CC,坡道平面,0,31.93
RPTNMLKLMHNFFAH38CC,坡道平面,0,31.93
RPROMLNLMHNFFBH78DC,一樓平面,0,
RPROMLNLMHNFFBH78DC,一樓平面,0,
RPROMLNLMHNFFBH78DC,一樓平面,0,
RPPOMLNLMHNFFFH88CC,其他,0,15.00
RPTNMLNLMHNFFDH98CC,坡道平面,0,31.70
RPWOMLOLMHNFFBH66CC,坡道平面,0,33.72
RPWNMLOLMHNFFFH96CC,坡道平面,0,38.87
RPQNMLOLMHNFFDH78CC,坡道平面,0,31.70
RPVNMLPLMHNFFFH96CC,坡道平面,0,25.89
RPXOMLOLMHNFFEH17DC,坡道平面,0,25.81
RPROMLPLMHNFFFH76DC,坡道平面,0,32.90
RPWPMLPLMHNFFBH86CC,坡道平面,0,
RPVPMLPLMHNFFBH76CC,坡道平面,0,
RPSPMLPLMHNFFBH09CC,坡道平面,0,
RPXNMLQLMHNFFBH86CC,坡道平面,0,
RPUNMLQLMHNFFAH09CC,坡道平面,2500,
RPOPMLRLMHNFFEH66DC,坡道平面,0,29.17
RPXPMLRLMHNFFAH07CC,坡道平面,0,
RPXPMLRLMHNFFAH07CC,坡道平面,0,
RPXPMLRLMHNFFAH07CC,坡道平面,0,
RPXPMLRLMHNFFAH07CC,坡道平面,0,
RPXPMLRLMHNFFAH07CC,坡道平面,0,
RPRNMLKMMHNFFBH38CC,坡道平面,0,32.07
RPQNMLKMMHNFFDH48CC,坡道平面,0,27.28
RPQNMLLJNHNFFHH78CC,坡道平面,0,
RPUPMLMJNHNFFCH98CC,坡道平面,0,36.44
RPUPMLMJNHNFFCH98CC,坡道平面,0,36.44
RPUNMLNJNHNFFFH56CC,坡道平面,0,25.83
RPVOMLMJNHNFFFH66CC,一樓平面,0,20.00
RPSQMLNJNHNFFAH98EC,坡道平面,0,
RPVPMLMJNHNFFCH09CC,坡道平面,0,32.55
RPVPMLMJNHNFFCH09CC,坡道平面,0,32.55
RPQQMLOJNHNFFBH88DC,坡道平面,0,19.25
RPVNMLRJNHNFFGH27DC,坡道平面,0,31.72
RPWOMLRJNHNFFFH27CC,坡道平面,0,36.61
RPPPMLRJNHNFFFH66CC,坡道平面,0,23.76
RPPNMLSJNHNFFFH56CC,坡道平面,0,21.50
RPWNMLTJNHNFFAH86CC,坡道平面,0,
RPSNMLSJNHNFFEH86DC,坡道平面,0,16.55
RPXNMLTJNHNFFAH96CC,坡道平面,0,16.15
RPPOMLTJNHNFFDH56CC,坡道平面,0,31.70
RPQNMLKKNHNFFHH78CC,坡道平面,0,26.11
RPSPMLKKNHNFFAH48CC,坡道平面,0,
