﻿編號,土地區段位置,土地移轉面積平方公尺,使用分區或編定
The serial number,land sector position,land shifting area square meter,the use zoning or compiles and checks
RPRQMLNKKHNFFAI38CA,短竹段,4.76,都市：住
RPWNMLNKLHNFFAI68CA,東川段,145.00,都市：住
RPVOMLNLKHNFFAI68CA,港子坪段,104.13,都市：住
RPROMLNKKHNFFAI18CA,台斗坑段,15.13,都市：住
RPROMLNKKHNFFAI18CA,台斗坑段,.01,都市：住
RPSNMLOKKHNFFAI28CA,竹村段,29.68,都市：農
RPSNMLOKKHNFFAI28CA,竹村段,3.30,都市：農
RPSNMLOKKHNFFAI28CA,竹村段,.21,都市：住
RPSNMLOKKHNFFAI28CA,竹村段,67.08,都市：住
RPSNMLOKKHNFFAI28CA,竹村段,.29,都市：住
RPSNMLOKKHNFFAI28CA,竹村段,.16,都市：住
RPSNMLOKKHNFFAI28CA,竹村段,38.19,都市：住
RPSNMLOKKHNFFAI28CA,竹村段,1.79,都市：住
RPROMLMJLHNFFAI08CA,下路頭段,83.00,都市：住
RPOOMLLLKHNFFAI77CA,新富段五小段,8.40,都市：住
RPQOMLLLKHNFFAI97CA,下路頭段,7.44,都市：住
RPWPMLNKKHNFFAI78CA,短竹段,234.24,都市：住
RPQNMLMLKHNFFAI18EA,台斗坑段,3.33,都市：住
RPQNMLMLKHNFFAI18EA,台斗坑段,3.33,都市：住
RPQNMLMLKHNFFAI18EA,台斗坑段,1.67,都市：住
RPQNMLMLKHNFFAI18EA,台斗坑段,1.67,都市：住
RPSNMLNLKHNFFAI28CA,湖子內段新民小段,394.30,都市：住
RPVOMLNKKHNFFAI78EA,北社尾段保安小段,3.48,都市：住
RPPNMLOKKHNFFAI18EA,盧東段,1012.41,都市：農
RPRNMLOKKHNFFAI38EA,湖東段,62.20,都市：住
RPXNMLMJLHNFFAI58CA,長竹段,98.00,都市：住
RPXNMLNLKHNFFAI98EA,西門段二小段,22.57,都市：商
RPOQMLOKKHNFFAI18CA,何庄段,1000.54,都市：農
RPXNMLTJLHNFFAI66CA,榮段三小段,6.12,都市：住
RPXNMLTJLHNFFAI66CA,榮段三小段,28.00,都市：住
RPWNMLMLKHNFFAI58CA,車店段,26.98,都市：住
RPWNMLMLKHNFFAI58CA,白川段,4.29,都市：住
RPUNMLOKKHNFFAI48CA,竹村段,3.91,都市：住
RPUNMLOKKHNFFAI48CA,竹村段,3.91,都市：住
RPUNMLOKKHNFFAI48CA,竹村段,49.08,都市：住
RPUNMLOKKHNFFAI48CA,竹村段,49.08,都市：住
RPUNMLOKKHNFFAI48CA,竹村段,1.56,都市：其他
RPUNMLOKKHNFFAI48CA,竹村段,1.56,都市：其他
RPUNMLOKKHNFFAI48CA,竹村段,2.06,都市：其他
RPUNMLOKKHNFFAI48CA,竹村段,2.06,都市：其他
RPTNMLTJLHNFFAI88CA,白川段,37.00,都市：住
RPSNMLTJLHNFFAI78CA,檜段七小段,5.04,都市：商
RPPNMLKKLHNFFAI67CA,車店段車店小段,81.00,都市：住
RPPOMLMLKHNFFAI97CA,大溪段,.98,都市：住
RPVNMLMKLHNFFAI48CA,興村段,71.00,都市：住
RPSOMLRLKHNFFAI78CA,北園段,2645.00,都市：農
RPSOMLRLKHNFFAI78CA,北園段,224.64,都市：農
RPQOMLRJLHNFFAI48CA,湖內段,14.62,都市：其他
RPQOMLRJLHNFFAI48CA,湖內段,.06,都市：住
RPQOMLRJLHNFFAI48CA,湖內段,.50,都市：住
RPQOMLRJLHNFFAI48CA,湖內段,171.00,都市：住
RPPNMLMLKHNFFAI87CA,湖內段,27.93,都市：住
RPPNMLLLKHNFFAI77CA,竹圍子段一小段,21.93,都市：住
RPXNMLMLKHNFFAI68CA,車店段,46.00,都市：住
RPXNMLMLKHNFFAI68CA,車店段,6.00,都市：住
RPOOMLNLKHNFFAI97CA,車店段,6.10,都市：住
RPVNMLRLKHNFFAI98CA,後庄段,90.00,都市：住
RPSNMLMLKHNFFAI38EA,太平段,94.00,都市：住
RPSNMLMLKHNFFAI38EA,太平段,1.00,都市：住
RPROMLRJLHNFFAI58CA,竹圍子段中興小段,15.54,都市：住
RPSOMLRJLHNFFAI68CA,長竹段,25.89,都市：住
RPSNMLOLLHNFFAI48CA,大溪段,19.12,都市：住
RPSNMLOLLHNFFAI48CA,大溪段,81.85,都市：住
RPSNMLOLLHNFFAI48CA,大溪段,4.51,都市：住
RPUNMLLJLHNFFAI18CA,盧厝段,13.58,都市：住
RPPNMLNJLHNFFAI87CA,同興段,100.00,都市：住
RPSOMLMKLHNFFAI28CA,堀川段,24.05,都市：住
RPQNMLTKLHNFFAI68CA,盧厝段,18.10,都市：住
RPPNMLRLKHNFFAI38CA,元段二小段,2.33,都市：商
RPPNMLRLKHNFFAI38CA,元段二小段,.67,都市：商
RPPNMLRLKHNFFAI38CA,元段二小段,50.00,都市：商
RPPNMLRLKHNFFAI38CA,元段二小段,3.17,都市：商
RPPNMLRLKHNFFAI38CA,元段二小段,.67,都市：商
RPTNMLRLKHNFFAI98EA,北社尾段,75.00,都市：住
RPWNMLLJLHNFFAI58EA,太平段,.16,都市：住
RPWNMLNLKHNFFAI68CA,頂庄段,19.29,都市：農
RPWNMLNLKHNFFAI68CA,頂庄段,84.00,都市：住
RPWNMLNLKHNFFAI68CA,頂庄段,1.69,都市：住
RPWNMLNLKHNFFAI68CA,頂庄段,21.00,都市：農
RPWNMLPKLHNFFAI88CA,遠東段,18.93,都市：住
RPSNMLRKLHNFFAI68CA,西門段四小段,21.36,都市：商
RPSNMLRKLHNFFAI68CA,西門段四小段,18.96,都市：商
RPRNMLQLKHNFFAI48CA,北社尾段,53.00,都市：住
RPTNMLRKLHNFFAI78CA,遠東段,13.51,都市：住
RPPNMLNLKHNFFAI97CA,元段七小段,15.00,都市：住
RPTNMLMJLHNFFAI38EA,湖子內段湖美小段,281.14,都市：商
RPVNMLLJLHNFFAI28CA,長竹段,72.00,都市：住
RPQOMLQKLHNFFAI48CA,頂庄段,74.00,都市：住
RPROMLLJLHNFFAI97CA,車店段車店小段,101.00,都市：住
RPPOMLMJLHNFFAI87CA,埤子頭段,30.00,都市：住
RPOOMLRJLHNFFAI28CA,下路頭段,22.70,都市：住
RPWNMLNLLHNFFAI78CA,育人段,480.07,都市：農
RPWNMLNLLHNFFAI78CA,育人段,16.57,都市：農
RPWNMLNLLHNFFAI78CA,育人段,53.00,都市：農
RPWNMLNLLHNFFAI78CA,育人段,57.00,都市：農
RPUNMLRLKHNFFAI88CA,竹圍子段二小段,13.80,都市：住
RPUNMLRLKHNFFAI88CA,竹圍子段二小段,84.00,都市：住
RPOOMLRLKHNFFAI38CA,車店段車店小段,5.72,都市：住
RPXNMLLJLHNFFAI48CA,長竹段,16.28,都市：住
RPXNMLRJLHNFFAI09CA,北社尾段保安小段,10.09,都市：住
RPSNMLMLLHNFFAI28CA,南門段七小段,340.00,都市：商
RPVNMLMJLHNFFAI38CA,台斗坑段,25.16,都市：住
RPVNMLMJLHNFFAI38CA,台斗坑段,.34,都市：住
RPSNMLRLKHNFFAI68CA,埤子頭段,47.00,都市：住
RPWNMLRLKHNFFAI66EA,南門段六小段,10.67,都市：住
RPWNMLRLKHNFFAI66EA,南門段六小段,17.67,都市：住
RPWNMLRLKHNFFAI66EA,南門段六小段,.33,都市：住
RPOOMLLJLHNFFAI87EA,同興段,82.00,都市：工
RPRNMLRLKHNFFAI78EA,民族段三小段,23.00,都市：住
RPRNMLRLKHNFFAI78EA,民族段三小段,48.00,都市：住
RPXNMLNLLHNFFAI88CA,育人段,512.94,都市：農
RPXNMLNLLHNFFAI88CA,育人段,16.57,都市：農
RPXNMLNLLHNFFAI88CA,育人段,53.00,都市：農
RPXNMLNLLHNFFAI88CA,育人段,57.00,都市：農
RPRNMLMJLHNFFAI18EA,埤子頭段,3.41,都市：住
RPRNMLMJLHNFFAI18EA,埤子頭段,3.88,都市：住
RPRNMLRKLHNFFAI58CA,遠東段,16.13,都市：住
RPPNMLSLKHNFFAI48CA,玉川段,17.14,都市：住
RPPNMLNLLHNFFAI08CA,盧東段,32.12,都市：農
RPPNMLNLLHNFFAI08CA,盧東段,37.38,都市：農
RPPNMLNLLHNFFAI08CA,盧東段,12.96,都市：農
RPPNMLNLLHNFFAI08CA,盧東段,111.04,都市：農
RPPNMLNLLHNFFAI08CA,盧東段,.48,都市：農
RPPNMLNLLHNFFAI08CA,盧東段,.42,都市：農
RPPNMLNLLHNFFAI08CA,盧東段,4.80,都市：農
RPPNMLNLLHNFFAI08CA,盧東段,1.98,都市：農
RPQNMLTJLHNFFAI58CA,竹圍子段,71.00,都市：住
RPQNMLKKLHNFFAI77CA,劉厝段劉厝小段,9.92,都市：住
RPUNMLKKLHNFFAI18CA,竹圍子段二小段,9.63,都市：住
RPPNMLLKLHNFFAI77CA,西門段四小段,2.71,都市：住
RPPNMLLKLHNFFAI77CA,西門段四小段,.03,都市：住
RPPNMLLKLHNFFAI77CA,西門段四小段,.01,都市：住
RPSOMLLJLHNFFAI08CA,湖內段,20.21,都市：住
RPRNMLTKLHNFFAI78CA,竹村段,28.07,都市：住
RPQNMLQJLHNFFAI48EA,盧厝段,72.00,都市：農
RPQNMLQJLHNFFAI48EA,盧厝段,36.00,都市：農
RPTNMLNLLHNFFAI48CA,中庄段,39.33,都市：住
RPTNMLNLLHNFFAI48CA,中庄段,91.00,都市：住
RPTNMLNLLHNFFAI48CA,中庄段,12.59,都市：住
RPQOMLMJLHNFFAI97CA,劉厝段劉厝小段,32.17,都市：商
RPTOMLPKLHNFFAI68CA,育人段,258.42,都市：農
RPRNMLKLLHNFFAI97CA,車店段車店小段,96.00,都市：商
RPVNMLQLLHNFFAI98CA,西門段三小段,8.55,都市：住
RPVNMLQLLHNFFAI98CA,西門段三小段,2.15,都市：住
RPOOMLMJLHNFFAI77CA,興村段,1.55,都市：住
RPOOMLMJLHNFFAI77CA,興村段,9.34,都市：住
RPSNMLRJLHNFFAI58CA,盧厝段,81.50,都市：住
RPPOMLRJLHNFFAI38CA,竹圍子段一小段,97.00,都市：住
RPWNMLRJLHNFFAI98CA,末廣段五小段,104.00,都市：商
RPWNMLRJLHNFFAI98CA,末廣段五小段,61.00,都市：商
RPTNMLKKLHNFFAI08CA,竹圍子段二小段,14.37,都市：住
RPUNMLQJLHNFFAI68CA,港子坪段,15.18,都市：住
RPVNMLKKLHNFFAI28CA,太平段,12.05,都市：住
RPVNMLKKLHNFFAI28CA,盧厝段,4.95,都市：住
RPUOMLMKLHNFFAI48CA,新富段五小段,27.00,都市：商
RPROMLQLLHNFFAI68CA,盧厝段,6.52,都市：住
RPQNMLPKLHNFFAI28CA,育人段,123.32,都市：住
RPTNMLPJLHNFFAI48CA,下路頭段,10.88,都市：住
RPWNMLPJLHNFFAI78CA,埤子頭段,25.18,都市：住
RPPNMLNKLHNFFAI97CA,湖東段,177.00,都市：住
RPPNMLNKLHNFFAI97CA,湖東段,31.00,都市：住
RPOOMLMLLHNFFAI97CA,中庄段,.69,都市：住
RPOOMLMLLHNFFAI97CA,中庄段,2.39,都市：住
RPOOMLMLLHNFFAI97CA,中庄段,2.48,都市：住
RPOOMLMLLHNFFAI97CA,中庄段,4.90,都市：住
RPOOMLMLLHNFFAI97CA,中庄段,33.60,都市：住
RPTNMLMLLHNFFAI38CA,南門段七小段,133.00,都市：商
RPQOMLNKLHNFFAI18CA,埤子頭段,25.87,都市：住
RPRNMLRJLHNFFAI68EA,頂庄段,293.00,都市：農
RPTOMLLMLHNFFAI48CA,劉厝段玉山小段,24.29,都市：住
RPPOMLRLLHNFFAI58CA,竹圍子段,9.90,都市：住
RPWNMLQLLHNFFAI09CA,西門段四小段,6.29,都市：住
RPQNMLLMLHNFFAI08CA,車店段車店小段,32.22,都市：商
RPVNMLQJLHNFFAI98EA,竹圍子段三小段,26.13,都市：住
RPQOMLQLLHNFFAI58CA,白川段,48.63,都市：住
RPOOMLNLLHNFFAI08CA,盧厝段,72.00,都市：住
RPUNMLRJLHNFFAI98EA,中庄段,.69,都市：其他
RPUNMLRJLHNFFAI98EA,中庄段,2.39,都市：住
RPUNMLRJLHNFFAI98EA,中庄段,2.48,都市：住
RPUNMLRJLHNFFAI98EA,中庄段,4.90,都市：住
RPUNMLRJLHNFFAI98EA,中庄段,33.60,都市：住
RPQOMLRLLHNFFAI68CA,同興段,20.50,都市：住
RPPNMLRJLHNFFAI48EA,短竹段,3.49,都市：住
RPTOMLNKLHNFFAI48CA,竹村段,97.35,都市：住
RPVNMLRJLHNFFAI09EA,溪東段,2.00,都市：住
RPVNMLRJLHNFFAI09EA,溪東段,17.40,都市：住
RPVNMLRJLHNFFAI09EA,溪東段,90.59,都市：住
RPVNMLRJLHNFFAI09EA,溪東段,.13,都市：住
RPPOMLMKLHNFFAI97CA,仁義段,239.40,都市：其他
RPQNMLRJLHNFFAI58EA,短竹段,3.49,都市：住
RPSNMLTKLHNFFAI88CA,南門段五小段,64.50,都市：商
RPSNMLTKLHNFFAI88CA,南門段五小段,9.00,都市：商
RPSNMLNLLHNFFAI38CA,車店段,1.00,都市：住
RPSNMLNLLHNFFAI38CA,車店段,51.00,都市：住
RPSNMLNLLHNFFAI38CA,車店段,1.00,都市：住
RPROMLRLLHNFFAI78CA,同興段,150.00,都市：工
RPTNMLRJLHNFFAI68CA,竹圍子段二小段,9.56,都市：住
RPSOMLRLLHNFFAI88CA,同興段,312.00,都市：工
RPTNMLMKLHNFFAI28CA,新富段一小段,104.00,都市：商
RPTNMLMKLHNFFAI28CA,新富段一小段,26.50,都市：商
RPTOMLRLLHNFFAI98CA,同興段,78.00,都市：工
RPSNMLTLLHNFFAI98CA,東川段,71.00,都市：住
RPTNMLTKLHNFFAI98CA,港子坪段港坪小段,213.00,都市：住
RPTNMLTKLHNFFAI98CA,港子坪段港坪小段,749.50,都市：住
RPTNMLTKLHNFFAI98CA,港子坪段港坪小段,273.50,都市：住
RPTNMLTKLHNFFAI98CA,港子坪段港坪小段,956.50,都市：住
RPTNMLTKLHNFFAI98CA,港子坪段港坪小段,384.50,都市：住
RPTNMLTKLHNFFAI98CA,港子坪段港坪小段,556.50,都市：住
RPTNMLTKLHNFFAI98CA,港子坪段港坪小段,347.00,都市：住
RPTNMLTLLHNFFAI09CA,北社尾段,18.75,都市：住
RPTNMLTLLHNFFAI09CA,北社尾段,254.00,都市：住
RPVNMLTLLHNFFAI66CA,北社尾段,18.75,都市：住
RPPNMLSLLHNFFAI58CA,興村段,70.00,都市：住
SPPNMLLMLHNFFAI08CA,北社尾段,11.03,都市：住
RPPOMLLMLHNFFAI08CA,下路頭段,19.13,都市：住
RPPOMLLMLHNFFAI08CA,下路頭段,3.21,都市：住
RPRNMLLMLHNFFAI18CA,彌陀段,118.00,都市：住
RPOOMLQLLHNFFAI38CA,竹圍子段三小段,83.00,都市：住
RPUOMLLMLHNFFAI58CA,遠東段,7.46,都市：住
RPXNMLQLLHNFFAI56CA,同興段,21.87,都市：住
RPVNMLTJLHNFFAI09CA,湖子內段新民小段,231.04,都市：商
RPVNMLTJLHNFFAI09CA,湖子內段新民小段,2142.78,都市：商
RPPNMLTJLHNFFAI48CA,中山段六小段,75.00,都市：住
RPQNMLSJLHNFFAI48CA,下路頭段,87.00,都市：住
RPUNMLNKLHNFFAI48CA,彌陀段,84.00,都市：住
RPRNMLNKLHNFFAI18CA,車店段車店小段,108.00,都市：住
RPTNMLOKLHNFFAI48CA,埤子頭段,9.20,都市：其他
RPTNMLOKLHNFFAI48CA,埤子頭段,2.10,都市：其他
RPTNMLOKLHNFFAI48CA,埤子頭段,68.00,都市：住
RPWNMLTJLHNFFAI56CA,湖子內段新民小段,998.11,都市：商
RPUNMLTJLHNFFAI98CA,港子坪段,4.92,都市：住
RPXNMLMKLHNFFAI68CA,新富段三小段,5.82,都市：住
RPXNMLMKLHNFFAI68CA,新富段三小段,.29,都市：住
RPTOMLMKLHNFFAI38CA,陳厝段,101.84,都市：住
RPROMLMLLHNFFAI28CA,下路頭段,8.16,都市：住
RPRNMLMKLHNFFAI08CA,下路頭段,22.70,都市：住
RPSNMLKKLHNFFAI97CA,短竹段,3.66,都市：住
RPWNMLMJMHNFFAI58CA,台斗坑段,15.12,都市：住
RPRNMLPKLHNFFAI58EA,南門段四小段,66.00,都市：住
RPRNMLPKLHNFFAI58EA,南門段四小段,15.00,都市：住
RPRNMLPKLHNFFAI58EA,南門段四小段,64.00,都市：住
RPRNMLKKLHNFFAI87CA,盧厝段,25.53,都市：住
RPSNMLQKLHNFFAI58CA,中山段五小段,16.00,都市：住
RPOOMLMKLHNFFAI08EA,西門段四小段,17.17,都市：住
RPSNMLNJMHNFFAI28CA,中庄段,42.46,都市：住
RPOOMLQKLHNFFAI28CA,湖子內段湖美小段,246.50,都市：其他
RPQNMLRKLHNFFAI48CA,湖子內段湖美小段,320.40,都市：住
RPUOMLNJMHNFFAI58CA,盧東段,29.66,都市：農
RPUOMLNJMHNFFAI58CA,盧東段,34.52,都市：農
RPUOMLNJMHNFFAI58CA,盧東段,11.97,都市：農
RPUOMLNJMHNFFAI58CA,盧東段,32.40,都市：農
RPUOMLNJMHNFFAI58CA,盧東段,102.92,都市：農
RPUOMLNJMHNFFAI58CA,盧東段,.44,都市：農
RPUOMLNJMHNFFAI58CA,盧東段,.39,都市：農
RPUOMLNJMHNFFAI58CA,盧東段,4.43,都市：農
RPUOMLNJMHNFFAI58CA,盧東段,1.83,都市：農
RPSNMLNKLHNFFAI28CA,下路頭段,81.00,都市：住
RPRNMLOKLHNFFAI28CA,車店段車店小段,4.37,都市：住
RPSOMLNKLHNFFAI38CA,檜段七小段,5.81,都市：商
RPPNMLMKLHNFFAI87CA,埤子頭段新厝小段,112.00,都市：住
RPWNMLKLLHNFFAI48CA,白川段,1.00,都市：住
RPWNMLKLLHNFFAI48CA,白川段,1.00,都市：住
RPOOMLNKLHNFFAI97CA,下路頭段,23.81,都市：住
RPOOMLNKLHNFFAI97CA,下路頭段,3.99,都市：住
RPPOMLKLLHNFFAI87CA,劉厝段,110.00,都市：住
RPROMLMKLHNFFAI18CA,竹圍子段三小段,24.73,都市：住
RPSNMLKLLHNFFAI08CA,榮段三小段,23.00,都市：住
RPSNMLKLLHNFFAI08CA,榮段三小段,4.50,都市：住
RPSNMLKLLHNFFAI08CA,榮段三小段,1.00,都市：住
RPTNMLQLLHNFFAI78CA,下路頭段,4.89,都市：住
RPSNMLMJMHNFFAI18CA,下路頭段,.50,都市：其他
RPSNMLMJMHNFFAI18CA,下路頭段,102.00,都市：住
RPSNMLOKLHNFFAI38CA,下路頭段,89.00,都市：住
RPPNMLTKLHNFFAI58CA,西門段六小段,3.24,都市：住
RPPNMLTKLHNFFAI58CA,新富段六小段,10.87,都市：住
RPVNMLPKLHNFFAI78CA,竹圍子段,114.00,都市：住
RPPNMLRKLHNFFAI38CA,竹圍子段,32.47,都市：住
RPTNMLPKLHNFFAI78EA,仁義段,589.50,都市：農
RPTNMLPKLHNFFAI78EA,仁義段,3792.22,都市：農
RPPOMLQKLHNFFAI38CA,下路頭段,17.00,都市：住
RPPOMLQKLHNFFAI38CA,下路頭段,67.00,都市：住
RPPOMLQKLHNFFAI38CA,下路頭段,2.00,都市：住
RPXNMLPKLHNFFAI98CA,下路頭段,10.80,都市：住
RPPNMLOJMHNFFAI08CA,盧厝段,41.69,都市：住
RPPOMLPKLHNFFAI28CA,下路頭段,10.80,都市：住
RPUNMLTJMHNFFAI66EA,下路頭段,77.00,都市：住
RPVNMLOKLHNFFAI88EA,劉厝段,142.00,都市：住
RPOOMLSLLHNFFAI58CA,盧厝段,40.73,都市：住
RPOOMLSLLHNFFAI58CA,盧厝段,49.59,都市：住
RPOOMLSLLHNFFAI58CA,盧厝段,49.59,都市：住
RPOOMLSLLHNFFAI58CA,盧厝段,49.59,都市：住
RPPNMLQJMHNFFAI28CA,新富段一小段,.59,都市：住
RPPNMLQJMHNFFAI28CA,南門段七小段,16.01,都市：住
RPQOMLPKLHNFFAI38CA,白川段,46.00,都市：住
RPPNMLQKLHNFFAI28CA,車店段,223.00,都市：住
RPXNMLRLLHNFFAI66CA,同興段,87.00,都市：住
RPUNMLNJMHNFFAI48CA,車店段車店小段,80.00,都市：住
RPQNMLOJMHNFFAI18CA,中庄段,23.46,都市：住
RPQNMLOJMHNFFAI18CA,中庄段,119.00,都市：住
RPWNMLOKLHNFFAI78CA,白川段,44.56,都市：住
RPTNMLQKLHNFFAI68CA,車店段,219.00,都市：住
RPTNMLQKLHNFFAI68CA,車店段,.74,都市：住
RPTNMLQKLHNFFAI68CA,車店段,1.11,都市：住
RPTNMLQKLHNFFAI68CA,車店段,.53,都市：住
RPTNMLQKLHNFFAI68CA,車店段,34.58,都市：住
RPXNMLKLLHNFFAI58CA,北湖段,3.30,都市：住
RPOOMLKLLHNFFAI77CA,北湖段,170.00,都市：住
RPWNMLMLLHNFFAI68CA,末廣段二小段,19.00,都市：商
RPWNMLMLLHNFFAI68CA,末廣段二小段,66.00,都市：商
RPSOMLKLLHNFFAI18CA,北湖段,1404.00,都市：農
RPSOMLMLLHNFFAI38CA,竹圍子段一小段,12.46,都市：住
RPQOMLMLLHNFFAI18CA,西門段四小段,7.39,都市：商
RPXNMLMLLHNFFAI78CA,末廣段二小段,3.00,都市：商
RPSNMLQLLHNFFAI68CA,車店段車店小段,253.00,都市：住
RPROMLKLLHNFFAI08CA,白川段,7.67,都市：住
RPWNMLQKLHNFFAI98CA,竹圍子段,.14,都市：住
RPWNMLQKLHNFFAI98CA,竹圍子段,25.50,都市：住
RPQNMLNJMHNFFAI08CA,下路頭段,3.26,都市：住
RPRNMLQKLHNFFAI48CA,遠東段,42.88,都市：住
RPPNMLKLLHNFFAI97EA,港子坪段港坪小段,181.00,都市：商
RPWNMLNJMHNFFAI68CA,竹圍子段友愛小段,24.00,都市：住
RPSOMLQLLHNFFAI78CA,中山段三小段,14.19,都市：住
RPXNMLQKLHNFFAI09CA,竹圍子段三小段,32.53,都市：住
RPRNMLMLLHNFFAI18CA,新厝段,47.00,都市：住
RPVNMLTKLHNFFAI56CA,竹圍子段,68.00,都市：住
RPTOMLKLLHNFFAI28CA,台斗坑段,14.87,都市：住
RPOOMLTKLHNFFAI58CA,台斗坑段,20.76,都市：住
RPUNMLTKLHNFFAI09CA,下路頭段,4.89,都市：住
RPTNMLLMLHNFFAI38CA,同興段,19.14,都市：住
RPQNMLLLLHNFFAI97CA,下路頭段,81.00,都市：住
RPQNMLLLLHNFFAI97CA,下路頭段,13.00,都市：其他
RPPNMLLLLHNFFAI87CA,盧厝段,87.00,都市：住
RPWNMLLLLHNFFAI58CA,劉厝段,40.55,都市：住
RPPOMLNJMHNFFAI18DA,港子坪段,102.00,都市：住
RPPOMLNJMHNFFAI18DA,港子坪段,17.00,都市：其他
RPQOMLKLLHNFFAI97CA,同興段,15.03,都市：住
RPTNMLKLLHNFFAI28DA,盧厝段,81.00,都市：住
RPTNMLKLLHNFFAI28DA,盧厝段,21.37,都市：住
RPTNMLKLLHNFFAI28DA,盧厝段,18.15,都市：住
RPPNMLOLLHNFFAI18CA,西門段二小段,49.00,都市：住
RPQNMLNLLHNFFAI18CA,車店段,100.00,都市：住
RPQNMLNLLHNFFAI18CA,車店段,.74,都市：住
RPQNMLNLLHNFFAI18CA,車店段,1.11,都市：住
RPQNMLNLLHNFFAI18CA,車店段,.53,都市：住
RPQNMLNLLHNFFAI18CA,車店段,34.58,都市：住
RPRNMLNKMHNFFAI28CA,竹圍子段一小段,222.00,都市：住
RPQNMLQLLHNFFAI48CA,台斗坑段,15.13,都市：住
RPQNMLQLLHNFFAI48CA,台斗坑段,.01,都市：住
RPUNMLKKMHNFFAI48EA,車店段車店小段,8.06,都市：住
RPQNMLQJMHNFFAI38CA,白川段,45.98,都市：住
RPVNMLLLLHNFFAI48CA,湖內段,70.00,都市：住
RPTNMLLKMHNFFAI28CA,下路頭段,257.64,都市：住
RPPNMLMLLHNFFAI18EA,新富段三小段,19.00,都市：商
RPPNMLMLLHNFFAI18EA,新富段三小段,.83,都市：商
RPQNMLRLLHNFFAI58CA,車店段,10.63,都市：住
RPRNMLTLLHNFFAI88CA,車店段車店小段,27.55,都市：住
RPRNMLRLLHNFFAI88EA,新富段八小段,4.13,都市：商
RPWNMLRLLHNFFAI56CA,遠東段,17.20,都市：住
RPXNMLSLLHNFFAI76CA,台斗坑段,12.58,都市：住
RPRNMLSJMHNFFAI78DA,下路頭段,341.85,都市：住
RPRNMLLLLHNFFAI08CA,下路頭段,61.00,都市：住
RPWNMLTLLHNFFAI76CA,下路頭段,112.00,都市：住
RPWNMLTLLHNFFAI76CA,下路頭段,2.80,都市：住
RPUNMLMLLHNFFAI48CA,民族段一小段,67.00,都市：住
RPXNMLLLLHNFFAI68CA,下路頭段,28.50,都市：住
RPSNMLLLLHNFFAI18CA,盧厝段,43.56,都市：住
RPRNMLSLLHNFFAI78CA,太平段,85.00,都市：住
RPVNMLMLLHNFFAI58CA,竹圍子段三小段,14.89,都市：住
RPSNMLOJMHNFFAI38CA,榮段三小段,1.47,都市：住
RPSNMLOJMHNFFAI38CA,榮段三小段,.89,都市：住
RPSNMLOJMHNFFAI38CA,榮段三小段,12.60,都市：住
RPPNMLQLLHNFFAI38CA,長竹段,87.00,都市：住
RPVNMLLMLHNFFAI58CA,下路頭段,32.95,都市：住
RPUNMLLLLHNFFAI38CA,西門段一小段,4.85,都市：商
RPUNMLLLLHNFFAI38CA,西門段一小段,1.47,都市：商
RPTNMLLLLHNFFAI28CA,竹圍子段,86.00,都市：住
RPTNMLLLLHNFFAI28CA,竹圍子段,24.41,都市：住
RPTNMLLLLHNFFAI28CA,竹圍子段,.25,都市：住
RPSNMLRLLHNFFAI98EA,後庄段,67.00,都市：住
RPXNMLMKMHNFFAI78CA,竹圍子段一小段,12.72,都市：住
RPRNMLQLLHNFFAI78EA,湖子內段新民小段,188.97,都市：商
RPOOMLRLLHNFFAI48CA,遠東段,1.74,都市：工
RPOOMLRLLHNFFAI48CA,遠東段,.62,都市：工
RPRNMLOJMHNFFAI28CA,盧厝段,25.24,都市：住
RPUNMLLMLHNFFAI48CA,下路頭段,67.00,都市：住
RPVNMLOLLHNFFAI78CA,車店段車店小段,21.19,都市：住
RPROMLMKMHNFFAI28CA,劉厝段玉山小段,98.53,都市：住
RPOOMLKMLHNFFAI87CA,車店段,70.00,都市：其他
RPVNMLSLLHNFFAI56CA,下路頭段,52.00,都市：住
RPVNMLSLLHNFFAI56CA,下路頭段,9.00,都市：其他
RPTNMLRLLHNFFAI88CA,遠東段,78.00,都市：住
RPUNMLRLLHNFFAI98CA,埤子頭段,60.00,都市：住
RPUNMLRLLHNFFAI98CA,埤子頭段,26.00,都市：其他
RPUNMLRKMHNFFAI09DA,北園段,423.43,都市：農
RPWNMLOLLHNFFAI88CA,竹圍子段,31.65,都市：住
RPWNMLOLLHNFFAI88CA,竹圍子段,.22,都市：住
RPRNMLQJMHNFFAI48CA,新富段一小段,103.00,都市：商
RPRNMLQJMHNFFAI48CA,新富段一小段,26.50,都市：商
RPSNMLSLLHNFFAI09EA,竹圍子段,15.45,都市：其他
RPSNMLSLLHNFFAI09EA,竹圍子段,112.00,都市：住
RPSNMLSLLHNFFAI09EA,竹圍子段,18.28,都市：住
RPVNMLRKMHNFFAI66EA,南門段五小段,13.16,都市：住
RPVNMLRKMHNFFAI66EA,南門段五小段,4.93,都市：住
RPVNMLRKMHNFFAI66EA,南門段五小段,.64,都市：住
RPPNMLRLLHNFFAI48CA,長竹段,33.90,都市：住
RPPNMLKLMHNFFAI87CA,湖子內段湖美小段,1008.79,都市：住
RPXNMLLMLHNFFAI78CA,彌陀段日新小段,27.22,都市：住
RPPOMLQLLHNFFAI48CA,下路頭段,24.10,都市：住
RPPOMLQLLHNFFAI48CA,下路頭段,.02,都市：住
RPXNMLNJMHNFFAI78CA,湖內段,28.58,都市：住
RPSOMLRKMHNFFAI88CA,車店段車店小段,89.00,都市：住
RPPNMLLJMHNFFAI77CA,後庄段,93.00,都市：商
RPXNMLKKMHNFFAI58CA,下路頭段,47.40,都市：住
RPXNMLKKMHNFFAI58CA,下路頭段,13.05,都市：其他
RPWNMLKMLHNFFAI58CA,下路頭段,199.00,都市：住
RPQNMLTLLHNFFAI78CA,車店段,108.00,都市：住
RPQNMLTLLHNFFAI78CA,車店段,.74,都市：住
RPQNMLTLLHNFFAI78CA,車店段,1.11,都市：住
RPQNMLTLLHNFFAI78CA,車店段,.53,都市：住
RPQNMLTLLHNFFAI78CA,車店段,34.58,都市：住
RPPNMLRJMHNFFAI38CA,湖子內段新民小段,1798.48,都市：其他
RPWNMLSLLHNFFAI66CA,車店段車店小段,87.00,都市：住
RPTOMLQLLHNFFAI88CA,車店段車店小段,19.00,都市：住
RPTNMLQJMHNFFAI68CA,東川段,18.92,都市：住
RPQOMLTJMHNFFAI78CA,劉厝段劉厝小段,26.00,都市：農
RPQOMLTJMHNFFAI78CA,劉厝段劉厝小段,62.00,都市：農
RPROMLTJMHNFFAI88CA,劉厝段劉厝小段,41.00,都市：農
RPQNMLSLLHNFFAI68CA,車店段,14.52,都市：住
RPQNMLSLLHNFFAI68CA,車店段,.32,都市：住
RPQNMLSLLHNFFAI68CA,車店段,1.24,都市：住
RPSOMLTJMHNFFAI98CA,劉厝段劉厝小段,239.00,都市：農
RPUOMLTJMHNFFAI56CA,劉厝段劉厝小段,41.00,都市：農
RPTOMLTJMHNFFAI09CA,劉厝段劉厝小段,219.11,都市：農
RPXNMLKLMHNFFAI68CA,頂庄段,34.29,都市：住
RPVNMLKLMHNFFAI48CA,中山段四小段,629.20,都市：其他
RPSNMLKKMHNFFAI28EA,港子坪段,36.37,都市：住
RPPOMLRKMHNFFAI58CA,頂庄段,34.29,都市：住
RPWNMLSLLHNFFAI86EA,車店段,75.00,都市：住
RPQPMLRKMHNFFAI78CA,頂庄段,34.29,都市：住
RPRPMLRKMHNFFAI88CA,頂庄段,31.84,都市：住
RPRNMLKKMHNFFAI18EA,車店段,66.00,都市：住
RPUPMLRKMHNFFAI56CA,北社尾段,86.00,都市：住
RPTNMLKLMHNFFAI28CA,下路頭段,10.83,都市：住
RPOOMLMKMHNFFAI97CA,埤子頭段,90.00,都市：住
RPOOMLMKMHNFFAI97CA,埤子頭段,19.92,都市：住
RPXNMLRKMHNFFAI66CA,車店段,83.00,都市：住
RPSOMLNJMHNFFAI38CA,彌陀段,299.00,都市：住
RPSNMLNKMHNFFAI38CA,台斗坑段,21.09,都市：住
RPSNMLNKMHNFFAI38CA,台斗坑段,.01,都市：住
RPQNMLKKMHNFFAI87CA,興村段,15.30,都市：住
RPPOMLMKMHNFFAI08CA,北社尾段,82.00,都市：住
RPSOMLLMLHNFFAI38CA,竹圍子段,9.74,都市：住
RPWNMLLMLHNFFAI68CA,盧厝段,8.15,都市：住
RPQNMLKMLHNFFAI97CA,西門段三小段,8.50,都市：住
RPQNMLKMLHNFFAI97CA,西門段三小段,2.13,都市：住
RPTNMLKMLHNFFAI28CA,下路頭段,56.00,都市：住
RPTNMLKMLHNFFAI28CA,下路頭段,7.00,都市：住
RPXNMLKMLHNFFAI68CA,短竹段,7.92,都市：商
RPXNMLKMLHNFFAI68CA,短竹段,.10,都市：其他
RPXNMLKMLHNFFAI68CA,短竹段,6.71,都市：商
RPOOMLNJMHNFFAI97CA,下路頭段,9.17,都市：住
RPOOMLNJMHNFFAI97CA,下路頭段,92.00,都市：住
RPOOMLNJMHNFFAI97CA,下路頭段,1.50,都市：其他
RPQOMLNJMHNFFAI18CA,車店段車店小段,947.00,都市：住
RPRNMLKMLHNFFAI08CA,下路頭段,89.00,都市：住
RPUNMLKMLHNFFAI38CA,埤子頭段,67.00,都市：住
RPTOMLNJMHNFFAI48CA,台斗坑段,12.58,都市：住
RPROMLNJMHNFFAI28CA,興村段,77.00,都市：住
RPUNMLOKMHNFFAI68CA,南門段三小段,1.00,都市：商
RPOOMLTJMHNFFAI58CA,下路頭段,92.00,都市：住
RPWNMLTJMHNFFAI66CA,盧厝段,7.69,都市：住
RPSNMLTKMHNFFAI98CA,湖子內段湖美小段,239.04,都市：住
RPWNMLTJMHNFFAI66CA,盧厝段,22.00,都市：住
RPSNMLTKMHNFFAI98CA,湖子內段湖美小段,88.33,都市：住
RPWNMLTJMHNFFAI66CA,盧厝段,5.78,都市：住
RPROMLRKMHNFFAI78CA,荖藤段,128.00,都市：住
RPTNMLOKMHNFFAI58CA,中庄段,78.00,都市：住
RPOPMLRKMHNFFAI58CA,盧厝段,150.00,都市：住
RPOPMLRKMHNFFAI58CA,盧厝段,18.00,都市：住
RPUNMLNLMHNFFAI68CA,湖內段,69.00,都市：住
RPUNMLNLMHNFFAI68CA,湖內段,14.00,都市：住
RPPNMLOLMHNFFAI48EA,新富段二小段,11.00,都市：商
RPPNMLOLMHNFFAI48EA,新富段二小段,62.00,都市：商
RPPNMLOLMHNFFAI48EA,新富段二小段,4.14,都市：商
RPRNMLNJMHNFFAI28DA,東門段七小段,56.00,都市：住
RPRNMLNJMHNFFAI28DA,東門段七小段,26.00,都市：住
RPRNMLNJMHNFFAI28DA,東門段七小段,15.00,都市：住
RPRNMLOKMHNFFAI38CA,竹圍子段三小段,16.40,都市：住
RPRNMLOKMHNFFAI38CA,竹圍子段三小段,16.00,都市：住
RPRNMLOKMHNFFAI38CA,竹圍子段三小段,68.00,都市：住
RPQNMLKMMHNFFAI08CA,東川段,10.36,都市：住
RPQNMLKMMHNFFAI08CA,東川段,20.40,都市：住
RPOOMLRKMHNFFAI48CA,堀川段,25.00,都市：其他
RPVNMLKMLHNFFAI68EA,長竹段,152.00,都市：住
RPQNMLMJMHNFFAI18EA,竹圍子段,.14,都市：住
RPQNMLMJMHNFFAI18EA,竹圍子段,37.85,都市：住
RPSNMLMKMHNFFAI28CA,台斗坑段,9.10,都市：住
RPSNMLQJMHNFFAI58CA,埤子頭段,214.00,都市：住
RPSNMLQJMHNFFAI58CA,埤子頭段,6.00,都市：其他
RPPNMLTKMHNFFAI68CA,太平段,32.89,都市：住
RPVNMLNJMHNFFAI58CA,劉厝段玉山小段,97.21,都市：住
RPUNMLMJMHNFFAI38CA,竹圍子段,5.51,都市：住
RPSNMLOKMHNFFAI48CA,榮段二小段,4.50,都市：住
RPWOMLNJMHNFFAI78CA,竹圍子段三小段,15.50,都市：住
RPPNMLSJMHNFFAI48CA,白川段,140.00,都市：住
RPTNMLMJMHNFFAI28CA,劉厝段玉山小段,130.00,都市：住
RPVOMLLMLHNFFAI68CA,下路頭段,71.00,都市：商
RPQNMLNLMHNFFAI38DA,中山段六小段,21.00,都市：住
RPRNMLMKMHNFFAI18CA,短竹段,137.00,都市：住
RPPNMLQLMHNFFAI48CA,遠東段,2285.00,都市：工
RPPNMLQLMHNFFAI48CA,遠東段,854.50,都市：工
RPPNMLQLMHNFFAI48CA,遠東段,854.50,都市：工
RPVNMLOLMHNFFAI88CA,白川段,34.88,都市：住
RPTNMLNLMHNFFAI58CA,竹圍子段二小段,24.66,都市：住
RPVNMLTKMHNFFAI66CA,南門段五小段,113.00,都市：商
RPRNMLLLMHNFFAI18CA,太平段,81.00,都市：住
RPRNMLLLMHNFFAI18CA,山下段,34.00,都市：住
RPXNMLMJMHNFFAI78DA,興村段,1.55,都市：商
RPXNMLMJMHNFFAI78DA,興村段,9.34,都市：商
RPPNMLOKMHNFFAI18CA,湖子內段興安小段,149.01,都市：住
RPTOMLPLMHNFFAI88CA,遠東段,18.48,都市：住
RPSNMLRKMHNFFAI98EA,新富段四小段,.62,都市：商
RPPNMLTJMHNFFAI78EA,埤子頭段,34.00,都市：住
RPSNMLTJMHNFFAI09EA,埤子頭段,5.10,都市：住
RPSOMLMKMHNFFAI38CA,下路頭段,31.00,都市：住
RPSOMLPLMHNFFAI78CA,遠東段,15.41,都市：住
RPXOMLRKMHNFFAI76CA,下路頭段,70.00,都市：住
RPRNMLTJMHNFFAI98EA,短竹段,110.00,都市：住
RPRNMLTJMHNFFAI98EA,短竹段,31.50,都市：住
RPVNMLTJMHNFFAI56CA,堀川段,101.00,都市：住
RPQNMLOKMHNFFAI28CA,劉厝段玉山小段,127.93,都市：住
RPWNMLRKMHNFFAI56CA,下路頭段,21.50,都市：住
RPROMLRLMHNFFAI88CA,西門段四小段,4.00,都市：商
RPPPMLPLMHNFFAI58CA,短竹段,6.67,都市：住
RPOOMLKLMHNFFAI87CA,台斗坑段,.01,都市：住
RPOOMLKLMHNFFAI87CA,台斗坑段,21.48,都市：住
RPWNMLMKMHNFFAI88EA,下路頭段,4.89,都市：住
RPTOMLRLMHNFFAI09CA,下路頭段,14.75,都市：住
RPTOMLRLMHNFFAI09CA,下路頭段,70.00,都市：住
RPTOMLRLMHNFFAI09CA,下路頭段,16.93,都市：住
RPTOMLRLMHNFFAI09CA,下路頭段,2.73,都市：住
RPXOMLRLMHNFFAI86CA,竹圍子段二小段,13.77,都市：住
RPQNMLNKMHNFFAI18CA,竹圍子段,2.04,都市：住
RPQNMLNKMHNFFAI18CA,竹圍子段,38.26,都市：住
RPQNMLNKMHNFFAI18CA,竹圍子段,1.12,都市：住
RPQNMLNKMHNFFAI18CA,竹圍子段,4.50,都市：住
RPQNMLNKMHNFFAI18CA,竹圍子段,5.00,都市：住
RPQNMLNKMHNFFAI18CA,竹圍子段,12.50,都市：住
RPQNMLNKMHNFFAI18CA,竹圍子段,16.37,都市：住
RPXNMLOLMHNFFAI09CA,盧厝段,12.17,都市：住
RPXNMLOLMHNFFAI09CA,長竹段,.13,都市：住
RPVNMLNLMHNFFAI78CA,盧厝段,29.06,都市：住
RPRPMLPLMHNFFAI78CA,埤子頭段,14.20,都市：住
RPUNMLKLMHNFFAI38CA,下路頭段,19.33,都市：住
RPUNMLKLMHNFFAI38CA,下路頭段,3.24,都市：住
RPVNMLLKMHNFFAI58DA,北園段,103.00,都市：住
RPVNMLLKMHNFFAI58DA,北園段,5.00,都市：住
RPPNMLLKMHNFFAI08EA,盧厝段,109.00,都市：住
RPQNMLLKMHNFFAI18EA,同興段,.52,都市：住
RPQNMLLKMHNFFAI18EA,同興段,1.48,都市：住
RPQNMLLKMHNFFAI18EA,同興段,7.28,都市：住
RPQNMLLKMHNFFAI18EA,同興段,13.11,都市：住
RPQNMLLKMHNFFAI18EA,同興段,2.30,都市：住
RPQNMLMKMHNFFAI08CA,竹圍子段二小段,9.14,都市：住
RPQNMLMKMHNFFAI08CA,竹圍子段二小段,1.14,都市：住
RPVOMLRKMHNFFAI56CA,中庄段,54.05,都市：住
RPPNMLNKMHNFFAI08CA,埤子頭段,81.00,都市：住
RPOOMLLKMHNFFAI87CA,湖子內段興安小段,180.19,都市：住
RPTNMLRKMHNFFAI09EA,彌陀段,69.00,都市：住
RPRNMLLKMHNFFAI28EA,盧厝段,23.00,都市：住
RPRNMLLKMHNFFAI28EA,盧厝段,49.00,都市：住
RPWNMLLKMHNFFAI58CA,北湖段,106.00,都市：住
RPXNMLLKMHNFFAI68CA,下路頭段,4.89,都市：住
SPQNMLQKMHNFFAI58CA,埤子頭段,5.10,都市：住
RPUNMLSJNHNFFAI09CA,車店段車店小段,36.36,都市：住
RPUOMLRKMHNFFAI09CA,盧厝段,6.52,都市：住
RPTPMLRKMHNFFAI09CA,後庄段,96.00,都市：住
RPSPMLPLMHNFFAI88CA,新厝段,28.23,都市：住
RPSPMLPLMHNFFAI88CA,新厝段,.02,都市：住
RPPNMLLLMHNFFAI97CA,興村段,1.55,都市：商
RPPNMLLLMHNFFAI97CA,興村段,9.34,都市：商
RPQPMLPLMHNFFAI68CA,車店段車店小段,6.12,都市：住
RPRNMLLJNHNFFAI08CA,竹圍子段,44.00,都市：住
RPVOMLMJNHNFFAI68CA,中山段三小段,.14,都市：住
RPVOMLMJNHNFFAI68CA,中山段三小段,22.18,都市：住
RPUOMLMJNHNFFAI58CA,中山段三小段,.09,都市：住
RPUOMLMJNHNFFAI58CA,中山段三小段,.09,都市：住
RPUOMLMJNHNFFAI58CA,中山段三小段,14.31,都市：住
RPUOMLMJNHNFFAI58CA,中山段三小段,14.31,都市：住
RPWNMLMJNHNFFAI68CA,埤子頭段,15.29,都市：住
RPRNMLPJNHNFFAI48CA,興村段,2.64,都市：商
RPRNMLPJNHNFFAI48CA,興村段,15.89,都市：商
RPVNMLRJNHNFFAI09CA,竹圍子段,7.00,都市：住
RPVNMLRJNHNFFAI09CA,竹圍子段,52.00,都市：住
RPUOMLLJNHNFFAI48CA,竹圍子段三小段,110.00,都市：住
RPWNMLOKMHNFFAI88CA,頭港段,474.00,都市：農
RPQNMLTKMHNFFAI78CA,竹圍子段,77.00,都市：住
RPRNMLKLMHNFFAI08CA,榮段三小段,43.00,都市：商
RPRNMLKLMHNFFAI08CA,榮段三小段,18.38,都市：商
RPRNMLKLMHNFFAI08CA,榮段三小段,82.00,都市：商
RPWOMLRKMHNFFAI66CA,北社尾段保安小段,10.83,都市：住
RPWNMLNLMHNFFAI88CA,竹圍子段二小段,11.22,都市：住
RPTNMLMKMHNFFAI38CA,軍輝段,202.00,都市：住
RPTNMLMKMHNFFAI38CA,軍輝段,66.00,都市：住
RPUNMLSKMHNFFAI66EA,北園段,116.33,都市：住
RPRNMLQKMHNFFAI58CA,彌陀段,78.00,都市：住
RPRNMLQKMHNFFAI58CA,彌陀段,19.57,都市：住
RPRNMLQKMHNFFAI58CA,彌陀段,.14,都市：住
RPPNMLQKMHNFFAI38CA,車店段,25.33,都市：住
RPPNMLQKMHNFFAI38CA,白川段,4.27,都市：住
RPTNMLNKMHNFFAI48CA,下路頭段,38.00,都市：住
RPVNMLMKMHNFFAI78EA,下路頭段,234.00,都市：住
RPTNMLQKMHNFFAI98EA,北門段四小段,43.00,都市：商
RPTNMLQKMHNFFAI98EA,北門段四小段,26.00,都市：商
RPWNMLNKMHNFFAI78CA,北社尾段,14.24,都市：住
RPPNMLRKMHNFFAI48CA,北門段七小段,8.82,都市：商
RPSNMLSLMHNFFAI98CA,彌陀段,85.00,都市：住
RPVNMLSJNHNFFAI56CA,玉川段,95.00,都市：住
RPWOMLPLMHNFFAI56CA,下路頭段,9.79,都市：住
RPQNMLSKMHNFFAI68CA,興村段,83.00,都市：住
RPPNMLMLMHNFFAI08CA,長竹段,25.35,都市：住
RPXNMLMJNHNFFAI78CA,育人段,129.21,都市：農
RPRNMLMJNHNFFAI18CA,育人段,121.21,都市：農
RPSNMLPJNHNFFAI58CA,中庄段,52.00,都市：住
RPRNMLSLMHNFFAI88CA,民族段四小段,46.00,都市：住
RPRNMLSLMHNFFAI88CA,民族段四小段,8.00,都市：住
RPWNMLTKMHNFFAI86DA,湖子內段湖美小段,481.55,都市：住
RPQNMLSLMHNFFAI78CA,湖內段,33.33,都市：住
RPWNMLPLMHNFFAI09CA,港子坪段港坪小段,13.90,都市：住
RPSPMLRKMHNFFAI98CA,港子坪段,4.92,都市：住
RPOOMLNKMHNFFAI08CA,竹圍子段,23.00,都市：住
RPOOMLNKMHNFFAI08CA,竹圍子段,50.00,都市：住
RPUNMLQKMHNFFAI09EA,湖子內段湖美小段,135.11,都市：住
RPXOMLMKPHNFFAI56CA,竹圍子段,22.69,都市：住
RPVNMLOKMHNFFAI78CA,南門段六小段,2.67,都市：住
RPVNMLOKMHNFFAI78CA,元段六小段,7.29,都市：住
RPVNMLOKMHNFFAI78CA,元段六小段,10.56,都市：住
RPPOMLNKMHNFFAI18CA,車店段車店小段,23.39,都市：住
RPPNMLSKMHNFFAI58CA,竹圍子段,.14,都市：住
RPPNMLSKMHNFFAI58CA,竹圍子段,28.82,都市：住
RPRNMLSKMHNFFAI98EA,彌陀段,55.00,都市：住
RPXOMLPLMHNFFAI66CA,下埤段,383.34,都市：農
RPXOMLPLMHNFFAI66CA,下埤段,1442.09,都市：住
RPXOMLPLMHNFFAI66CA,下埤段,.46,都市：農
RPXOMLPLMHNFFAI66CA,下埤段,7.76,都市：農
RPXNMLRJNHNFFAI66CA,新富段八小段,41.48,都市：商
RPXNMLRJNHNFFAI66CA,末廣段一小段,1.25,都市：商
RPTNMLSKNHNFFAI09CA,北湖段,1167.00,都市：農
RPPNMLLJNHNFFAI08EA,埤子頭段,3.67,都市：住
RPPNMLLJNHNFFAI08EA,埤子頭段,4.16,都市：住
RPQOMLPLMHNFFAI78EA,劉厝段,88.00,都市：住
RPWNMLTJNHNFFAI76CA,港子坪段港坪小段,13.90,都市：住
RPPPMLRKMHNFFAI68CA,白川段,77.00,都市：住
RPTOMLLJNHNFFAI38CA,新富段一小段,57.00,都市：住
RPPNMLMJNHNFFAI97CA,湖子內段湖內小段,617.00,都市：農
RPPNMLTLMHNFFAI78CA,竹圍子段,12.51,都市：住
RPVNMLMJNHNFFAI58CA,下路頭段,4.89,都市：住
RPVOMLRLMHNFFAI66CA,盧厝段,38.03,都市：住
RPUOMLNJNHNFFAI68CA,短竹段,191.00,都市：住
RPVOMLNJNHNFFAI78CA,短竹段,190.00,都市：住
RPWOMLRLMHNFFAI76CA,榮段五小段,49.00,都市：商
RPXNMLPLMHNFFAI56CA,竹圍子段友愛小段,66.00,都市：住
RPRNMLTKMHNFFAI88CA,檜段六小段,90.00,都市：商
RPVNMLPLMHNFFAI98CA,竹圍子段二小段,81.00,都市：住
RPTNMLPLMHNFFAI78CA,下路頭段,68.00,都市：住
RPXNMLSKMHNFFAI76CA,竹圍子段,23.40,都市：住
RPRNMLRLMHNFFAI78CA,湖子內段新民小段,524.71,都市：住
RPWNMLKLMHNFFAI58CA,車店段,4.83,都市：住
RPWNMLKLMHNFFAI58CA,白川段,3.41,都市：住
RPTNMLTKMHNFFAI09CA,劉厝段劉厝小段,66.00,都市：住
RPOOMLOKNHNFFAI28CA,盧東段,29.66,都市：農
RPOOMLOKNHNFFAI28CA,盧東段,34.52,都市：農
RPOOMLOKNHNFFAI28CA,盧東段,11.97,都市：農
RPOOMLOKNHNFFAI28CA,盧東段,32.40,都市：農
RPOOMLOKNHNFFAI28CA,盧東段,102.92,都市：農
RPOOMLOKNHNFFAI28CA,盧東段,.44,都市：農
RPOOMLOKNHNFFAI28CA,盧東段,.39,都市：農
RPOOMLOKNHNFFAI28CA,盧東段,4.43,都市：農
RPOOMLOKNHNFFAI28CA,盧東段,1.83,都市：農
RPWNMLSJNHNFFAI66CA,車店段車店小段,25.80,都市：住
RPTNMLSKMHNFFAI56EA,白川段,34.93,都市：住
RPQNMLPLMHNFFAI48CA,同興段,20.50,都市：住
RPTNMLRLMHNFFAI56EA,短竹段,8.10,都市：住
RPUNMLPLMHNFFAI88CA,彌陀段,10.00,都市：住
RPUNMLPLMHNFFAI88CA,彌陀段,184.00,都市：住
RPUNMLPLMHNFFAI88CA,彌陀段,93.00,都市：住
RPUNMLPLMHNFFAI88CA,彌陀段,390.00,都市：住
RPVOMLPLMHNFFAI09CA,遠東段,16.86,都市：住
RPUOMLPLMHNFFAI98CA,遠東段,20.04,都市：住
RPUNMLTKMHNFFAI56CA,湖子內段湖美小段,350.00,都市：商
RPVNMLQLMHNFFAI09CA,遠東段,17.92,都市：住
RPSNMLKLMHNFFAI18CA,竹圍子段,112.00,都市：住
RPQNMLOLMHNFFAI38CA,同興段,28.60,都市：住
RPVOMLLJNHNFFAI58CA,東川段,26.20,都市：住
RPOOMLPLMHNFFAI38CA,盧厝段,5.97,都市：住
RPTNMLLJNHNFFAI28CA,短竹段,56.00,都市：住
RPQNMLKLMHNFFAI97CA,車店段,88.00,都市：住
RPWOMLLJNHNFFAI68CA,短竹段,4.88,都市：住
RPPNMLNLMHNFFAI18CA,湖內段,19.48,都市：住
RPWNMLRLMHNFFAI66CA,北湖段,262.00,都市：住
RPPOMLLJNHNFFAI97CA,劉厝段玉山小段,102.30,都市：住
RPPOMLRLMHNFFAI68CA,埤子頭段新厝小段,77.00,都市：住
RPXOMLMJNHNFFAI88CA,彌陀段,128.00,都市：住
RPXOMLMJNHNFFAI88CA,彌陀段,36.96,都市：住
RPXOMLMJNHNFFAI88CA,彌陀段,6.74,都市：住
RPWNMLNJNHNFFAI78CA,劉厝段玉山小段,112.83,都市：住
RPQNMLNKNHNFFAI28CA,下路頭段,68.00,都市：住
RPXNMLOJNHNFFAI98CA,盧厝段,13.58,都市：住
RPSNMLNLMHNFFAI58DA,山下段,61.00,都市：住
RPSNMLRKNHNFFAI09EA,湖子內段新民小段,1011.89,都市：其他
RPPNMLNKNHNFFAI18CA,太平段,178.00,都市：住
RPPNMLPKNHNFFAI38CA,短竹段,6.79,都市：住
RPRNMLSKNHNFFAI88CA,下路頭段,3.81,都市：住
RPRNMLSKNHNFFAI88CA,下路頭段,3.81,都市：住
RPUNMLMLIINFFAI28CA,下路頭段,21.65,都市：住
RPSNMLQLMHNFFAI98EA,劉厝段劉厝小段,66.00,都市：住
RPQNMLRLMHNFFAI68CA,劉厝段劉厝小段,1341.00,都市：住
RPUNMLMLIINFFAI28CA,下路頭段,13.05,都市：住
RPSOMLNJNHNFFAI48CA,港子坪段,53.00,都市：住
RPPNMLOLMHNFFAI28CA,白川段,39.63,都市：住
RPOOMLLJNHNFFAI87CA,興村段,33.10,都市：住
RPQNMLTJNHNFFAI78CA,竹圍子段二小段,13.86,都市：住
RPPNMLPLMHNFFAI38CA,北湖段,122.00,都市：住
RPPOMLPLMHNFFAI48CA,竹圍子段,67.00,都市：住
RPPNMLSLMHNFFAI68CA,榮段五小段,46.00,都市：商
RPSNMLPLMHNFFAI68CA,西門段二小段,84.60,都市：商
RPTNMLOLMHNFFAI78DA,下路頭段,38.00,都市：住
RPTNMLOLMHNFFAI78DA,下路頭段,20.00,都市：住
RPRNMLMLNHNFFAI38CA,台斗坑段,33.00,都市：其他
RPSNMLMLNHNFFAI48CA,台斗坑段,6.00,都市：其他
RPSNMLMLNHNFFAI48CA,台斗坑段,241.00,都市：其他
RPPNMLMKNHNFFAI08CA,檜段三小段,13.50,都市：住
RPPNMLMKNHNFFAI08CA,檜段三小段,13.50,都市：住
RPPNMLMKNHNFFAI08CA,檜段三小段,17.00,都市：住
RPPNMLMKNHNFFAI08CA,檜段三小段,17.00,都市：住
RPOOMLNJNHNFFAI08CA,竹圍子段二小段,11.10,都市：商
RPRNMLSJNHNFFAI98EA,車店段車店小段,4.96,都市：住
RPSNMLKMMHNFFAI38DA,彌陀段,87.00,都市：住
RPQNMLNLNHNFFAI58EA,短竹段,9.93,都市：住
RPOOMLRLMHNFFAI58CA,育人段,99.44,都市：住
RPWNMLLJNHNFFAI58CA,北園段,53.00,都市：住
RPWNMLLJNHNFFAI58CA,北園段,53.00,都市：住
RPVNMLLKNHNFFAI58CA,興村段,17.01,都市：住
RPXNMLRLMHNFFAI76CA,育人段,107.92,都市：住
RPQOMLLJNHNFFAI08CA,台斗坑段,22.27,都市：住
RPRNMLPLMHNFFAI58CA,白川段,34.83,都市：住
RPXNMLNJNHNFFAI88CA,何庄段,565.99,都市：農
RPXNMLNJNHNFFAI88CA,何庄段,284.99,都市：農
RPSNMLRLMHNFFAI88CA,育人段,103.83,都市：住
RPWNMLLKNHNFFAI68CA,車店段車店小段,56.00,都市：住
RPWNMLQLMHNFFAI56CA,育人段,282.56,都市：住
RPROMLLJNHNFFAI18CA,長竹段,25.41,都市：住
RPRNMLRJNHNFFAI68CA,竹圍子段三小段,58.37,都市：住
RPXNMLLKNHNFFAI78CA,車店段車店小段,56.00,都市：住
RPXNMLTJNHNFFAI86CA,檜段三小段,24.00,都市：住
RPSOMLTJNHNFFAI09CA,檜段三小段,40.00,都市：住
RPQPMLMJNHNFFAI28CA,港子坪段,1.58,都市：住
RPQPMLMJNHNFFAI28CA,港子坪段港坪小段,15.64,都市：住
RPRPMLMJNHNFFAI38CA,湖內段,20.35,都市：住
RPUNMLTJNHNFFAI56CA,北園段,1.25,都市：住
RPVNMLTJNHNFFAI66CA,北園段,2.50,都市：住
RPOOMLTJNHNFFAI68CA,竹圍子段二小段,9.97,都市：住
RPSNMLSJNHNFFAI88CA,竹村段,110.89,都市：住
RPUNMLMKNHNFFAI58CA,同興段,46.47,都市：住
RPTNMLNKNHNFFAI58CA,下路頭段,123.00,都市：住
RPTNMLNKNHNFFAI58CA,下路頭段,6.00,都市：住
RPQOMLOKNHNFFAI48CA,玉川段,27.92,都市：住
RPUNMLRLMHNFFAI66EA,湖子內段興安小段,125.64,都市：住
RPQNMLQLMHNFFAI78EA,興村段,66.00,都市：住
RPTNMLLLNHNFFAI48CA,榮段三小段,1.60,都市：商
RPTNMLLLNHNFFAI48CA,榮段三小段,.96,都市：商
RPTNMLLLNHNFFAI48CA,榮段三小段,13.70,都市：商
RPTNMLQLMHNFFAI09EA,西門段三小段,60.00,都市：商
RPVNMLRLMHNFFAI76EA,湖子內段興安小段,134.02,都市：住
RPQOMLPKNHNFFAI78EA,長竹段,4.40,都市：住
RPROMLLLNHNFFAI38CA,台斗坑段,17.95,都市：住
RPROMLLLNHNFFAI38CA,台斗坑段,.01,都市：其他
RPUNMLQLMHNFFAI56EA,車店段車店小段,10.10,都市：住
RPQOMLMJNHNFFAI18CA,湖子內段湖美小段,309.77,都市：住
RPQNMLPJNHNFFAI38CA,中庄段,92.00,都市：住
RPVNMLNJNHNFFAI68CA,陳厝段,184.27,都市：住
RPSNMLNKNHNFFAI48CA,玉川段,59.00,都市：住
RPROMLTJNHNFFAI98CA,遠東段,19.60,都市：住
RPXNMLLJNHNFFAI68CA,湖內段,42.50,都市：住
RPXNMLLJNHNFFAI68CA,湖內段,42.50,都市：住
RPQOMLTJNHNFFAI88CA,湖子內段湖內小段,69.00,都市：住
RPQNMLOJNHNFFAI28CA,下路頭段,7.07,都市：住
RPUNMLMJNHNFFAI48CA,湖內段,109.00,都市：住
RPUNMLMJNHNFFAI48CA,湖內段,9.01,都市：其他
RPUNMLMJNHNFFAI48CA,湖內段,29.67,都市：住
RPOOMLMJNHNFFAI97CA,竹圍子段一小段,9.67,都市：住
RPUNMLLJNHNFFAI38CA,山下段,44.00,都市：住
RPPNMLKMMHNFFAI97CA,玉川段,24.75,都市：住
RPPNMLKMMHNFFAI97CA,玉川段,117.00,都市：住
RPUOMLRLMHNFFAI56CA,同興段,12.30,都市：住
RPSOMLRLMHNFFAI98CA,鳥岫段,63.85,都市：住
RPSOMLRLMHNFFAI98CA,鳥岫段,30.31,都市：住
RPSOMLRLMHNFFAI98CA,鳥岫段,1.60,都市：住
RPTOMLOKNHNFFAI78CA,新厝段,2849.00,都市：農
RPQNMLNJNHNFFAI18CA,湖內段,24.82,都市：商
RPXNMLSJNHNFFAI76CA,黑金段,50.00,都市：住
RPXNMLSJNHNFFAI76CA,黑金段,6.25,都市：住
RPWNMLPKNHNFFAI09CA,埤子頭段,604.00,都市：住
RPWNMLPKNHNFFAI09CA,埤子頭段,75.00,都市：其他
RPPOMLMJNHNFFAI08CA,盧厝段,94.00,都市：住
RPSOMLLJNHNFFAI28CA,竹圍子段,.14,都市：住
RPSOMLLJNHNFFAI28CA,竹圍子段,25.63,都市：住
RPQOMLRLMHNFFAI78CA,埤子頭段,31.32,都市：住
RPQOMLMLNHNFFAI38CA,竹圍子段,60.00,都市：商
RPPNMLOJNHNFFAI28DA,興村段,54.00,都市：住
RPVNMLLLNHNFFAI68CA,頂庄段,15.97,都市：住
RPUNMLTLNHNFFAI86DA,湖內段,27.25,都市：住
RPTNMLKMMHNFFAI38CA,長竹段,12.51,都市：住
RPRPMLOKNHNFFAI68CA,盧厝段,16.11,都市：農
RPRPMLOKNHNFFAI68CA,盧厝段,.35,都市：農
RPRPMLOKNHNFFAI68CA,盧厝段,101.00,都市：農
RPSOMLNLNHNFFAI68CA,竹圍子段三小段,16.04,都市：住
RPUNMLNKNHNFFAI68CA,港子坪段港坪小段,14.20,都市：住
RPPNMLPJNHNFFAI28CA,車店段,10.30,都市：住
RPRNMLNKNHNFFAI38CA,下路頭段,7.61,都市：住
RPWNMLNKNHNFFAI88CA,興村段,13.10,都市：住
RPVNMLNKNHNFFAI78CA,劉厝段劉厝小段,17.35,都市：住
RPVNMLNKNHNFFAI78CA,劉厝段劉厝小段,5.43,都市：住
RPSNMLNJNHNFFAI38CA,北門段二小段,82.00,都市：商
RPSNMLNJNHNFFAI38CA,北門段二小段,26.00,都市：商
RPQNMLMKNHNFFAI18CA,中庄段,81.00,都市：住
RPRNMLNJNHNFFAI28CA,北園段,77.00,都市：住
RPRNMLNJNHNFFAI28CA,北園段,20.91,都市：住
RPQNMLMJNHNFFAI08CA,北園段,5.00,都市：住
RPWNMLOJNHNFFAI88CA,湖內段,58.00,都市：住
RPWOMLMJNHNFFAI78CA,埤子頭段,14.92,都市：住
RPQOMLNJNHNFFAI28CA,榮段一小段,16.19,都市：商
RPTNMLNJNHNFFAI68EA,元段二小段,72.00,都市：商
RPSNMLKMNHNFFAI58EA,港子坪段港坪小段,108.00,都市：住
RPQNMLLJNHNFFAI97CA,埤子頭段,30.00,都市：住
RPQNMLLJNHNFFAI97CA,埤子頭段,36.00,都市：住
RPQOMLSLNHNFFAI56EA,湖子內段湖美小段,2045.54,都市：工
RPPOMLNJNHNFFAI18CA,車店段,13.64,都市：住
RPPOMLNJNHNFFAI18CA,車店段,11.08,都市：住
RPPOMLNJNHNFFAI18CA,車店段,9.92,都市：住
RPPOMLNJNHNFFAI18CA,車店段,9.25,都市：住
RPPOMLNJNHNFFAI18CA,車店段,5.81,都市：住
RPPOMLNJNHNFFAI18CA,車店段,5.83,都市：住
RPPOMLNJNHNFFAI18CA,車店段,.33,都市：住
RPSNMLMJNHNFFAI48EA,溪東段,88.63,都市：住
RPSNMLMJNHNFFAI48EA,溪東段,2.00,都市：住
RPSNMLMJNHNFFAI48EA,溪東段,17.40,都市：住
RPSNMLMJNHNFFAI48EA,溪東段,.13,都市：住
RPROMLNJNHNFFAI38CA,何庄段,96.58,都市：住
RPPOMLNLNHNFFAI38CA,東門段四小段,9.55,都市：住
RPPOMLNLNHNFFAI38CA,東門段四小段,9.92,都市：住
RPPOMLNLNHNFFAI38CA,東門段四小段,4.17,都市：住
RPQOMLNLNHNFFAI48CA,東門段四小段,28.66,都市：住
RPQOMLNLNHNFFAI48CA,東門段四小段,29.75,都市：住
RPQOMLNLNHNFFAI48CA,東門段四小段,12.50,都市：住
RPSNMLOJNHNFFAI48CA,興村段,14.13,都市：住
RPRNMLKKNHNFFAI08CA,盧厝段,93.00,都市：住
RPWNMLKMNHNFFAI78CA,遠東段,24.26,都市：住
RPUNMLQLNHNFFAI09CA,白川段,75.00,都市：住
RPUNMLQLNHNFFAI09CA,白川段,2.00,都市：住
RPUNMLQLNHNFFAI09CA,白川段,2.00,都市：住
RPOOMLSJNHNFFAI58CA,鳥岫段,532.31,都市：農
RPTNMLRJNHNFFAI88CA,玉川段,125.00,都市：住
RPTNMLPKNHNFFAI98EA,盧厝段,740.00,都市：農
RPRNMLSLNHNFFAI98CA,北社尾段,19.00,都市：住
RPSNMLQKNHNFFAI98EA,白川段,39.88,都市：住
RPQNMLTKNHNFFAI88CA,竹村段,99.69,都市：住
RPTNMLLKNHNFFAI38CA,盧厝段,221.00,都市：農
RPTNMLLKNHNFFAI38CA,盧厝段,4.35,都市：農
RPTNMLLKNHNFFAI38CA,盧厝段,31.76,都市：農
RPTNMLLKNHNFFAI38CA,盧厝段,8.09,都市：農
RPTNMLLKNHNFFAI38CA,盧厝段,5.45,都市：農
RPTNMLLKNHNFFAI38CA,盧厝段,.73,都市：農
RPTNMLLKNHNFFAI38CA,盧厝段,4.64,都市：農
RPTNMLLKNHNFFAI38CA,盧厝段,107.00,都市：農
RPTNMLLKNHNFFAI38CA,北湖段,235.00,都市：農
RPTNMLLKNHNFFAI38CA,鳥岫段,782.41,都市：農
RPPOMLTJNHNFFAI78CA,劉厝段劉厝小段,18.69,都市：住
RPSNMLLKNHNFFAI48EA,車店段車店小段,6.24,都市：住
RPQNMLRJNHNFFAI78EA,下路頭段,34.22,都市：住
RPQNMLRJNHNFFAI78EA,下路頭段,11.22,都市：住
RPQNMLRJNHNFFAI78EA,下路頭段,.67,都市：住
RPPNMLSJNHNFFAI78EA,白川段,36.44,都市：住
RPUNMLOJOHNFFAI78CA,竹圍子段,18.00,都市：住
RPVNMLTLNHNFFAI86CA,埤子頭段,2.19,都市：住
RPVNMLTLNHNFFAI86CA,埤子頭段,.18,都市：住
RPVNMLTLNHNFFAI86CA,埤子頭段,.42,都市：住
RPVNMLTLNHNFFAI86CA,埤子頭段,1.42,都市：住
RPVNMLTLNHNFFAI86CA,埤子頭段,1.48,都市：住
RPVNMLTLNHNFFAI86CA,埤子頭段,36.44,都市：住
RPVNMLTLNHNFFAI86CA,埤子頭段,.01,都市：住
RPVNMLTLNHNFFAI86CA,埤子頭段,.14,都市：其他
RPVNMLTLNHNFFAI86CA,埤子頭段,.27,都市：其他
RPVNMLTLNHNFFAI86CA,埤子頭段,49.29,都市：住
RPVNMLTLNHNFFAI86CA,埤子頭段,.15,都市：其他
RPVNMLTLNHNFFAI86CA,埤子頭段,.06,都市：其他
RPVNMLTLNHNFFAI86CA,埤子頭段,.09,都市：住
RPVNMLTLNHNFFAI86CA,埤子頭段,.06,都市：住
RPUNMLLLNHNFFAI58CA,車店段車店小段,88.00,都市：住
RPUOMLPKNHNFFAI98CA,同興段,40.00,都市：住
RPUOMLPKNHNFFAI98CA,同興段,134.00,都市：住
RPXNMLNKNHNFFAI98CA,彌陀段,86.00,都市：住
RPPNMLQLNHNFFAI58CA,埤子頭段,72.00,都市：住
RPUNMLMLNHNFFAI78DA,檜段一小段,134.00,都市：住
RPUNMLMLNHNFFAI78DA,榮段四小段,131.00,都市：商
RPTNMLKKNHNFFAI28CA,東川段,33.08,都市：住
RPWNMLRJNHNFFAI56CA,竹圍子段三小段,16.26,都市：住
RPWNMLRJNHNFFAI56CA,竹圍子段三小段,16.26,都市：住
RPTNMLTJNHNFFAI09CA,埤子頭段,20.88,都市：住
RPRNMLTJNHNFFAI09EA,北湖段,5360.00,都市：農
RPSNMLRJNHNFFAI98EA,東門段五小段,44.00,都市：住
RPVNMLOJOHNFFAI88CA,竹圍子段二小段,13.55,都市：住
RPPNMLKKNHNFFAI08EA,竹圍子段二小段,172.00,都市：住
RPTNMLOJNHNFFAI78EA,車店段車店小段,33.00,都市：住
RPTNMLOJNHNFFAI78EA,車店段車店小段,110.00,都市：住
RPUNMLRJNHNFFAI98CA,白川段,34.25,都市：住
RPXNMLTLNHNFFAI27EA,興村段,18.97,都市：住
RPRNMLSKNHNFFAI09EA,東川段,15.19,都市：住
RPPOMLRKNHNFFAI68CA,後庄段,72.00,都市：住
RPOOMLPKNHNFFAI38CA,埤子頭段,11.64,都市：住
RPPOMLSKNHNFFAI78CA,車店段車店小段,100.00,都市：住
RPVNMLMKNHNFFAI68CA,同興段,12.30,都市：住
RPTNMLOKNHNFFAI68CA,堀川段,40.50,都市：住
RPTNMLOKNHNFFAI68CA,堀川段,4.20,都市：其他
RPSNMLKKNHNFFAI18CA,頂庄段,2.00,都市：住
RPSNMLKKNHNFFAI18CA,頂庄段,3.00,都市：住
RPROMLQLNHNFFAI88CA,後庄段,73.00,都市：住
RPOOMLMLNHNFFAI18CA,北湖段,170.00,都市：住
RPOOMLQLNHNFFAI58CA,長竹段,148.00,都市：其他
RPOOMLQLNHNFFAI58CA,長竹段,299.00,都市：住
RPPOMLSJNHNFFAI68CA,北園段,108.00,都市：住
RPUOMLQLNHNFFAI56CA,竹圍子段二小段,11.63,都市：住
RPUNMLLKNHNFFAI48CA,台斗坑段,10.55,都市：住
RPUNMLLKNHNFFAI48CA,台斗坑段,.01,都市：住
RPSOMLQLNHNFFAI98CA,劉厝段,73.00,都市：工
RPQNMLOJOHNFFAI38CA,大溪段,76.12,都市：住
RPQNMLOJOHNFFAI38CA,大溪段,.35,都市：住
RPOOMLMJOHNFFAI08CA,竹圍子段,25.13,都市：住
RPXNMLQLNHNFFAI76CA,白川段,42.00,都市：住
RPXNMLQLNHNFFAI76CA,白川段,2.00,都市：其他
RPXNMLMKNHNFFAI88CA,竹圍子段,24.15,都市：住
RPXNMLMKNHNFFAI88CA,竹圍子段,8.88,都市：其他
RPTOMLMLNHNFFAI68CA,西門段六小段,59.00,都市：商
RPTOMLMLNHNFFAI68CA,西門段六小段,31.00,都市：商
RPTOMLMLNHNFFAI68CA,西門段六小段,48.00,都市：商
RPRNMLMKNHNFFAI28CA,湖內段,20.06,都市：住
RPPNMLTKNHNFFAI78CA,車店段車店小段,5.72,都市：住
RPRNMLPKNHNFFAI58CA,竹圍子段,32.00,都市：住
RPQNMLPKNHNFFAI48CA,竹圍子段,33.00,都市：住
RPPNMLSKNHNFFAI68CA,竹圍子段,13.99,都市：住
RPRNMLOKNHNFFAI48CA,彌陀段,8.00,都市：住
RPRNMLOKNHNFFAI48CA,彌陀段,112.00,都市：住
RPRNMLOKNHNFFAI48CA,彌陀段,33.00,都市：住
RPQNMLKKNHNFFAI97CA,鳥岫段,1168.69,都市：農
RPVOMLOKNHNFFAI98CA,北社尾段,60.00,都市：住
RPSNMLTJNHNFFAI98CA,下埤段,3610.13,都市：農
RPSNMLMKNHNFFAI38CA,短竹段,9.69,都市：住
RPSNMLMKNHNFFAI38CA,短竹段,.12,都市：住
RPSNMLMKNHNFFAI38CA,短竹段,8.21,都市：住
RPQNMLMJOHNFFAI18CA,盧厝段,149.00,都市：住
RPOOMLKMNHNFFAI08CA,遠東段,16.53,都市：住
RPWNMLOKNHNFFAI98CA,下路頭段,7.07,都市：住
RPSNMLOKNHNFFAI58CA,彌陀段,149.00,都市：住
RPSNMLOKNHNFFAI58CA,彌陀段,22.71,都市：住
RPSNMLOKNHNFFAI58CA,彌陀段,.57,都市：住
RPSNMLSLNHNFFAI09CA,何庄段,84.58,都市：住
RPVNMLRKNHNFFAI66DA,北社尾段,14.24,都市：住
RPSOMLTLNHNFFAI66CA,何庄段,45.89,都市：農
RPSOMLTLNHNFFAI66CA,何庄段,85.89,都市：住
RPSOMLTLNHNFFAI66CA,何庄段,26.00,都市：住
RPUNMLSLNHNFFAI66CA,何庄段,90.38,都市：住
RPUNMLSLNHNFFAI66CA,何庄段,26.00,都市：住
RPVNMLSLNHNFFAI76CA,何庄段,88.91,都市：住
RPVNMLSLNHNFFAI76CA,何庄段,26.00,都市：住
RPXNMLSLNHNFFAI96CA,何庄段,94.95,都市：住
RPXNMLSLNHNFFAI96CA,何庄段,26.00,都市：住
RPWNMLSLNHNFFAI86CA,何庄段,86.14,都市：住
RPWNMLSLNHNFFAI86CA,何庄段,26.00,都市：住
RPSOMLSLNHNFFAI56CA,何庄段,87.04,都市：住
RPSOMLSLNHNFFAI56CA,何庄段,26.00,都市：住
RPOOMLSLNHNFFAI78CA,何庄段,88.91,都市：住
RPOOMLSLNHNFFAI78CA,何庄段,26.00,都市：住
RPPOMLOKNHNFFAI58EA,盧厝段,298.00,都市：農
RPUOMLSLNHNFFAI76CA,何庄段,70.17,都市：農
RPUOMLSLNHNFFAI76CA,何庄段,85.15,都市：住
RPQOMLSLNHNFFAI98CA,何庄段,91.04,都市：住
RPQOMLSLNHNFFAI98CA,何庄段,26.00,都市：住
RPROMLSLNHNFFAI09CA,何庄段,95.80,都市：住
RPROMLSLNHNFFAI09CA,何庄段,26.00,都市：住
RPTOMLSLNHNFFAI66CA,何庄段,84.25,都市：住
RPTOMLSLNHNFFAI66CA,何庄段,26.00,都市：住
RPXOMLSLNHNFFAI07CA,何庄段,64.16,都市：農
RPXOMLSLNHNFFAI07CA,何庄段,84.22,都市：住
RPXOMLSLNHNFFAI07CA,何庄段,26.00,都市：住
RPWOMLSLNHNFFAI96CA,何庄段,55.36,都市：農
RPWOMLSLNHNFFAI96CA,何庄段,85.06,都市：住
RPWOMLSLNHNFFAI96CA,何庄段,155.98,都市：住
RPRNMLLKNHNFFAI38EA,下路頭段,31.25,都市：住
RPPOMLQLNHNFFAI68CA,港子坪段,78.00,都市：住
RPQNMLQLNHNFFAI68CA,北社尾段,23.22,都市：住
RPPNMLRLNHNFFAI68CA,下路頭段,9.79,都市：住
RPSOMLOKNHNFFAI68CA,北園段,93.00,都市：住
RPTNMLMKNHNFFAI48CA,後庄段,103.00,都市：住
RPSOMLMLNHNFFAI58CA,西門段一小段,4.85,都市：商
RPSOMLMLNHNFFAI58CA,西門段一小段,1.47,都市：商
RPPNMLLKNHNFFAI97CA,堀川段,44.00,都市：住
RPPNMLLKNHNFFAI97CA,堀川段,13.00,都市：住
RPPNMLLKNHNFFAI97CA,堀川段,4.00,都市：住
RPPPMLOKNHNFFAI48CA,下路頭段,15.01,都市：住
RPPPMLOKNHNFFAI48CA,下路頭段,77.00,都市：住
RPPPMLOKNHNFFAI48CA,下路頭段,.20,都市：住
RPXOMLOKNHNFFAI56CA,短竹段,42.36,都市：其他
RPXOMLOKNHNFFAI56CA,短竹段,199.00,都市：其他
RPXOMLOKNHNFFAI56CA,短竹段,.91,都市：其他
RPQPMLOKNHNFFAI58CA,北社尾段,12.41,都市：住
RPSNMLPKNHNFFAI68CA,湖內段,13.71,都市：商
RPVNMLPKNHNFFAI98CA,埤子頭段新厝小段,76.00,都市：住
