﻿編號,屋齡,建物移轉面積平方公尺,主要用途,主要建材,建築完成日期,總層數,建物分層
The serial number,room age,building shifting area square meter,the main use,main building materials,construction completes the date,total layer,building lamination
RPRQMLNKKHNFFAI38CA,25,28.64,住家用,鋼筋混凝土造,82年6月9日,十六層,八層
RPRQMLNKKHNFFAI38CA,25,6.21,共有部份,鋼筋混凝土造,82年6月9日,十六層,
RPRQMLNKKHNFFAI38CA,25,4.66,共有部份,鋼筋混凝土造,82年6月9日,十六層,
RPWNMLNKLHNFFAI68CA,42,165.00,住家用,鋼筋混凝土加強磚造,64年10月20日,二層,一層 二層
RPVOMLNLKHNFFAI68CA,25,296.98,見其他登記事項,鋼筋混凝土造,82年3月17日,五層,一層 二層 三層 四層 五層
RPROMLNKKHNFFAI18CA,25,56.91,住家用,鋼筋混凝土造,81年11月17日,七層,六層
RPROMLNKKHNFFAI18CA,25,20.25,共有部份,鋼筋混凝土造,81年11月17日,七層,
RPSNMLOKKHNFFAI28CA,,177.45,見其他登記事項,見其他登記事項,106年8月22日,三層,一層 二層 三層 見其他登記事項
RPSNMLOKKHNFFAI28CA,,.16,見其他登記事項,見其他登記事項,106年8月22日,一層,
RPROMLMJLHNFFAI08CA,38,95.81,住家用,鋼筋混凝土加強磚造,67年9月14日,二層,一層 二層
RPOOMLLLKHNFFAI77CA,22,33.81,住家用,鋼筋混凝土造,84年12月7日,六層,四層
RPOOMLLLKHNFFAI77CA,22,14.04,共有部份,鋼筋混凝土造,84年12月7日,六層,
RPQOMLLLKHNFFAI97CA,25,28.58,見其他登記事項,鋼筋混凝土造,81年12月31日,五層,地下層
RPQOMLLLKHNFFAI97CA,25,.08,共有部份,鋼筋混凝土造,81年12月31日,五層,
RPWPMLNKKHNFFAI78CA,4,280.94,見其他登記事項,見其他登記事項,102年11月7日,四層,一層 二層 三層 四層 見其他登記事項
RPWPMLNKKHNFFAI78CA,4,.23,見其他登記事項,見其他登記事項,102年11月7日,一層,
RPVOMLNKKHNFFAI78EA,23,31.15,住家用,鋼筋混凝土造,84年7月24日,十四層,十一層
RPVOMLNKKHNFFAI78EA,23,8.20,共有部份,鋼筋混凝土造,84年7月24日,十四層,
RPVOMLNKKHNFFAI78EA,23,6.42,共有部份,鋼筋混凝土造,84年7月24日,十四層,
RPXNMLMJLHNFFAI58CA,32,133.04,住家用,鋼筋混凝土造,75年4月12日,二層,一層 二層
RPXNMLNLKHNFFAI98EA,23,119.19,住家用,鋼筋混凝土造,84年3月1日,六層,六層
RPXNMLNLKHNFFAI98EA,23,17.85,共有部份,鋼筋混凝土造,84年3月1日,六層,
RPWNMLMLKHNFFAI58CA,13,115.40,住家用,鋼筋混凝土造,93年11月1日,十四層,十四層
RPWNMLMLKHNFFAI58CA,13,73.25,共有部份,鋼筋混凝土造,93年11月1日,十四層,
RPUNMLOKKHNFFAI48CA,24,90.54,住家用,鋼筋混凝土造,82年11月26日,四層,一層 二層 三層 四層
RPUNMLOKKHNFFAI48CA,24,90.54,住家用,鋼筋混凝土造,82年11月26日,四層,一層 二層 三層 四層
RPTNMLTJLHNFFAI88CA,24,95.17,住商用,鋼筋混凝土造,82年12月13日,四層,一層 二層 三層 四層
RPSNMLTJLHNFFAI78CA,29,26.45,見其他登記事項,鋼筋混凝土造,77年11月8日,七層,七層
RPSNMLTJLHNFFAI78CA,29,4.41,共有部份,鋼筋混凝土造,77年11月8日,七層,
RPPNMLKKLHNFFAI67CA,11,278.91,見其他登記事項,鋼筋混凝土造,95年6月28日,四層,一層 二層 三層 四層 屋頂突出物 騎樓
RPVNMLMKLHNFFAI48CA,14,169.22,見其他登記事項,鋼筋混凝土造,92年8月22日,三層,一層 二層 三層 屋頂突出物
RPQOMLRJLHNFFAI48CA,24,169.58,住商用,鋼筋混凝土加強磚造,83年6月22日,二層,一層 二層
RPPNMLMLKHNFFAI87CA,23,122.24,住家用,鋼筋混凝土造,84年3月6日,十層,十層 夾層
RPPNMLMLKHNFFAI87CA,23,14.28,共有部份,鋼筋混凝土造,84年3月6日,十層,
RPPNMLMLKHNFFAI87CA,23,14.65,共有部份,鋼筋混凝土造,84年3月6日,十層,
RPPNMLMLKHNFFAI87CA,23,18.00,共有部份,鋼筋混凝土造,84年3月6日,十層,
RPPNMLLLKHNFFAI77CA,24,140.10,住商用,鋼筋混凝土造,82年12月23日,十二層,一層 二層 三層
RPPNMLLLKHNFFAI77CA,24,13.08,共有部份,鋼筋混凝土造,82年12月23日,十二層,
RPPNMLLLKHNFFAI77CA,24,1.45,共有部份,鋼筋混凝土造,82年12月23日,十二層,
RPPNMLLLKHNFFAI77CA,24,16.17,共有部份,鋼筋混凝土造,82年12月23日,十二層,
RPXNMLMLKHNFFAI68CA,43,87.07,見其他登記事項,加強磚造,63年9月7日,二層,一層 二層
RPOOMLNLKHNFFAI97CA,27,25.50,住家用,鋼筋混凝土造,79年10月23日,七層,七層
RPOOMLNLKHNFFAI97CA,27,7.15,共有部份,鋼筋混凝土造,79年10月13日,七層,
RPOOMLNLKHNFFAI97CA,27,4.28,共有部份,鋼筋混凝土造,79年10月23日,七層,
RPVNMLRLKHNFFAI98CA,39,105.34,住家用,鋼筋混凝土加強磚造,67年9月18日,二層,一層 二層
RPSNMLMLKHNFFAI38EA,43,103.68,住家用,鋼筋混凝土加強磚造,63年10月2日,二層,一層 二層
RPROMLRJLHNFFAI58CA,25,114.45,住家用,鋼筋混凝土造,82年5月26日,九層,五層
RPROMLRJLHNFFAI58CA,25,13.13,共有部份,鋼筋混凝土造,82年5月26日,九層,
RPROMLRJLHNFFAI58CA,25,18.75,共有部份,鋼筋混凝土造,82年5月26日,九層,
RPSOMLRJLHNFFAI68CA,24,108.63,住家用,鋼筋混凝土造,83年4月8日,十二層,三層
RPSOMLRJLHNFFAI68CA,24,10.35,共有部份,鋼筋混凝土造,83年4月8日,十二層,
RPSOMLRJLHNFFAI68CA,24,10.63,共有部份,鋼筋混凝土造,83年4月8日,十二層,
RPSNMLOLLHNFFAI48CA,2,158.78,見其他登記事項,見其他登記事項,104年10月28日,三層,一層 二層 三層 見其他登記事項
RPUNMLLJLHNFFAI18CA,22,63.96,住家用,鋼筋混凝土造,85年6月18日,九層,七層
RPUNMLLJLHNFFAI18CA,22,19.26,共有部份,鋼筋混凝土造,85年6月18日,九層,
RPPNMLNJLHNFFAI87CA,2,206.64,見其他登記事項,見其他登記事項,105年2月16日,三層,一層 二層 三層 見其他登記事項
RPSOMLMKLHNFFAI28CA,25,95.54,住家用,鋼筋混凝土造,82年7月6日,七層,三層
RPSOMLMKLHNFFAI28CA,25,39.81,共有部份,鋼筋混凝土造,82年7月6日,七層,
RPQNMLTKLHNFFAI68CA,25,86.52,住家用,鋼筋混凝土造,82年5月15日,十五層,六層
RPQNMLTKLHNFFAI68CA,25,9.74,共有部份,鋼筋混凝土造,82年5月15日,十五層,
RPQNMLTKLHNFFAI68CA,25,13.36,共有部份,鋼筋混凝土造,82年5月15日,十五層,
RPPNMLRLKHNFFAI38CA,44,87.34,住家用,鋼筋混凝土加強磚造,62年9月24日,二層,一層 二層
RPTNMLRLKHNFFAI98EA,37,93.30,住家用,鋼筋混凝土加強磚造,70年6月5日,二層,一層 二層
RPWNMLLJLHNFFAI58EA,20,30.00,見其他登記事項,鋼筋混凝土造,87年3月19日,二十二層,地下一層 地下二層
RPWNMLLJLHNFFAI58EA,20,31.02,共有部份,鋼筋混凝土造,87年3月19日,二十二層,
RPWNMLNLKHNFFAI68CA,,175.81,見其他登記事項,見其他登記事項,106年10月18日,三層,一層 二層 三層 見其他登記事項
RPWNMLPKLHNFFAI88CA,2,86.53,見其他登記事項,見其他登記事項,105年5月10日,十四層,十一層
RPWNMLPKLHNFFAI88CA,2,44.42,見其他登記事項,見其他登記事項,105年5月10日,十四層,
RPWNMLPKLHNFFAI88CA,2,21.24,見其他登記事項,見其他登記事項,105年5月10日,十四層,
RPSNMLRKLHNFFAI68CA,25,86.17,住家用,鋼筋混凝土造,82年4月26日,六層,六層
RPSNMLRKLHNFFAI68CA,25,26.83,見其他登記事項,鋼筋混凝土造,82年4月26日,六層,
RPSNMLRKLHNFFAI68CA,25,3.78,共有部份,鋼筋混凝土造,82年4月26日,六層,
RPSNMLRKLHNFFAI68CA,25,49.06,住家用,鋼筋混凝土造,82年4月26日,六層,六層
RPSNMLRKLHNFFAI68CA,25,8.01,共有部份,鋼筋混凝土造,82年4月26日,六層,
RPSNMLRKLHNFFAI68CA,25,48.13,住家用,鋼筋混凝土造,82年4月26日,六層,六層
RPSNMLRKLHNFFAI68CA,25,8.63,共有部份,鋼筋混凝土造,82年4月26日,六層,
RPSNMLRKLHNFFAI68CA,25,12.10,共有部份,鋼筋混凝土造,82年4月26日,六層,
RPSNMLRKLHNFFAI68CA,25,3.78,共有部份,鋼筋混凝土造,82年4月26日,六層,
RPRNMLQLKHNFFAI48CA,46,39.74,住家用,木造,60年4月23日,一層,一層
RPTNMLRKLHNFFAI78CA,2,77.82,見其他登記事項,見其他登記事項,105年5月10日,十四層,二層
RPTNMLRKLHNFFAI78CA,2,19.37,見其他登記事項,見其他登記事項,105年5月10日,十四層,
RPTNMLRKLHNFFAI78CA,2,12.58,見其他登記事項,見其他登記事項,105年5月10日,十四層,
RPPNMLNLKHNFFAI97CA,46,78.33,住商用,鋼筋混凝土造,60年12月16日,四層,一層 二層 三層 四層 電梯樓梯間 地下層
RPVNMLLJLHNFFAI28CA,49,88.20,住家用,加強磚造,58年5月1日,二層,一層 二層
RPQOMLQKLHNFFAI48CA,25,140.25,住家用,鋼筋混凝土造,82年6月16日,四層,一層 二層 三層 四層
RPROMLLJLHNFFAI97CA,34,131.27,住商用,鋼筋混凝土加強磚造,73年5月9日,二層,一層 二層 騎樓
RPPOMLMJLHNFFAI87CA,28,51.91,住家用,鋼筋混凝土造,78年11月6日,二層,一層 二層
RPOOMLRJLHNFFAI28CA,24,114.88,住家用,鋼筋混凝土造,83年7月4日,十二層,十一層
RPOOMLRJLHNFFAI28CA,24,10.02,共有部份,鋼筋混凝土造,83年7月4日,十二層,
RPOOMLRJLHNFFAI28CA,24,22.64,共有部份,鋼筋混凝土造,83年7月4日,十二層,
RPUNMLRLKHNFFAI88CA,7,189.70,見其他登記事項,見其他登記事項,99年10月25日,三層,一層 二層 三層 見其他登記事項
RPOOMLRLKHNFFAI38CA,25,33.95,住家用,鋼筋混凝土造,81年9月3日,七層,六層
RPOOMLRLKHNFFAI38CA,25,10.05,共有部份,鋼筋混凝土造,81年9月3日,七層,
RPOOMLRLKHNFFAI38CA,25,4.03,共有部份,鋼筋混凝土造,81年9月3日,七層,
RPXNMLLJLHNFFAI48CA,20,89.10,住家用,鋼筋混凝土造,87年4月21日,十六層,二層
RPXNMLLJLHNFFAI48CA,20,18.76,共有部份,鋼筋混凝土造,87年4月21日,十六層,
RPXNMLLJLHNFFAI48CA,20,3.69,共有部份,鋼筋混凝土造,87年4月21日,十六層,
RPXNMLRJLHNFFAI09CA,24,90.98,住家用,鋼筋混凝土造,83年5月30日,十六層,六層
RPXNMLRJLHNFFAI09CA,24,29.23,共有部份,鋼筋混凝土造,83年5月30日,十六層,
RPSNMLMLLHNFFAI28CA,45,1426.29,住家用,鋼筋混凝土造,62年6月30日,四層,一層 二層 三層 四層 騎樓 地下層
RPVNMLMJLHNFFAI38CA,27,131.39,住家用,鋼筋混凝土造,79年10月15日,七層,四層
RPVNMLMJLHNFFAI38CA,27,36.91,見其他登記事項,鋼筋混凝土造,79年10月15日,七層,
RPVNMLMJLHNFFAI38CA,27,20.18,共有部份,鋼筋混凝土造,79年10月15日,七層,
RPVNMLMJLHNFFAI38CA,27,2.13,共有部份,鋼筋混凝土造,79年10月15日,七層,
RPSNMLRLKHNFFAI68CA,41,64.85,住家用,鋼筋混凝土加強磚造,65年8月25日,三層,一層 二層 三層
RPRNMLRLKHNFFAI78EA,45,108.47,住家用,見使用執照,61年11月1日,二層,一層 二層
RPRNMLMJLHNFFAI18EA,20,39.08,住家用,鋼筋混凝土造,87年2月26日,十二層,五層
RPRNMLMJLHNFFAI18EA,20,7.42,共有部份,鋼筋混凝土造,87年2月26日,十二層,
RPRNMLMJLHNFFAI18EA,20,6.93,共有部份,鋼筋混凝土造,87年2月26日,十二層,
RPRNMLRKLHNFFAI58CA,2,83.38,見其他登記事項,見其他登記事項,105年5月10日,十四層,七層
RPRNMLRKLHNFFAI58CA,2,27.81,見其他登記事項,見其他登記事項,105年5月10日,十四層,
RPRNMLRKLHNFFAI58CA,2,20.47,見其他登記事項,見其他登記事項,105年5月10日,十四層,
RPPNMLSLKHNFFAI48CA,21,88.65,住家用,鋼筋混凝土造,86年4月18日,十二層,十層
RPPNMLSLKHNFFAI48CA,21,26.24,共有部份,鋼筋混凝土造,86年4月18日,十二層,
RPPNMLSLKHNFFAI48CA,21,17.29,共有部份,鋼筋混凝土造,86年4月18日,十二層,
RPPNMLNLLHNFFAI08CA,2,189.24,住家用,見其他登記事項,105年5月3日,四層,四層
RPPNMLNLLHNFFAI08CA,2,99.94,見其他登記事項,見其他登記事項,105年5月3日,四層,
RPPNMLNLLHNFFAI08CA,2,.35,見其他登記事項,見其他登記事項,105年5月3日,一層,
RPQNMLKKLHNFFAI77CA,27,60.43,住家用,鋼筋混凝土造,79年11月10日,八層,六層
RPQNMLKKLHNFFAI77CA,27,9.65,共有部份,鋼筋混凝土造,79年11月10日,八層,
RPUNMLKKLHNFFAI18CA,24,88.74,住家用,鋼筋混凝土造,83年7月1日,十四層,十一層
RPUNMLKKLHNFFAI18CA,24,14.71,共有部份,鋼筋混凝土造,83年7月1日,十四層,
RPUNMLKKLHNFFAI18CA,24,10.76,共有部份,鋼筋混凝土造,83年7月1日,十四層,
RPPNMLLKLHNFFAI77CA,25,57.23,住家用,鋼筋混凝土造,82年1月5日,十二層,十二層
RPPNMLLKLHNFFAI77CA,25,13.74,共有部份,鋼筋混凝土造,82年1月5日,十二層,
RPPNMLLKLHNFFAI77CA,25,2.85,共有部份,鋼筋混凝土造,82年1月5日,十二層,
RPSOMLLJLHNFFAI08CA,23,102.63,住家用,鋼筋混凝土造,83年9月14日,十二層,九層
RPSOMLLJLHNFFAI08CA,23,36.01,共有部份,鋼筋混凝土造,83年9月14日,十二層,
RPRNMLTKLHNFFAI78CA,25,99.70,住家用,鋼筋混凝土造,81年8月28日,十層,九層
RPRNMLTKLHNFFAI78CA,25,60.59,共有部份,鋼筋混凝土造,81年8月28日,十層,
RPTNMLNLLHNFFAI48CA,6,214.54,見其他登記事項,見其他登記事項,101年1月19日,四層,一層 二層 三層 四層
RPTNMLNLLHNFFAI48CA,6,.25,見其他登記事項,見其他登記事項,101年1月19日,一層,
RPQOMLMJLHNFFAI97CA,22,186.73,住商用,鋼筋混凝土造,84年10月13日,八層,一層 二層 三層 騎樓
RPQOMLMJLHNFFAI97CA,22,36.66,共有部份,鋼筋混凝土造,84年10月13日,八層,
RPRNMLKLLHNFFAI97CA,11,202.35,見其他登記事項,鋼筋混凝土造,95年11月14日,三層,一層 二層 三層 見其他登記事項
RPVNMLQLLHNFFAI98CA,23,95.73,住家用,鋼筋混凝土造,84年5月22日,十二層,三層
RPVNMLQLLHNFFAI98CA,23,24.50,共有部份,鋼筋混凝土造,84年5月22日,十二層,
RPOOMLMJLHNFFAI77CA,25,91.29,住家用,鋼筋混凝土造,81年12月10日,十六層,九層
RPOOMLMJLHNFFAI77CA,25,5.48,共有部份,鋼筋混凝土造,81年12月10日,十六層,
RPOOMLMJLHNFFAI77CA,25,12.14,共有部份,鋼筋混凝土造,81年12月10日,十六層,
RPPOMLRJLHNFFAI38CA,38,117.15,住商用,鋼筋混凝土加強磚造,69年7月2日,二層,一層 二層 騎樓
RPTNMLKKLHNFFAI08CA,26,112.43,住家用,鋼筋混凝土造,81年6月26日,十五層,十三層
RPTNMLKKLHNFFAI08CA,26,18.73,共有部份,鋼筋混凝土造,81年6月26日,十五層,
RPTNMLKKLHNFFAI08CA,26,27.49,共有部份,鋼筋混凝土造,81年6月26日,十五層,
RPUNMLQJLHNFFAI68CA,23,92.50,住家用,鋼筋混凝土造,84年7月11日,十二層,六層
RPUNMLQJLHNFFAI68CA,23,30.13,共有部份,鋼筋混凝土造,84年7月11日,十二層,
RPVNMLKKLHNFFAI28CA,24,91.57,住家用,鋼筋混凝土造,83年5月25日,十二層,十一層
RPVNMLKKLHNFFAI28CA,24,33.92,共有部份,鋼筋混凝土造,83年5月25日,十二層,
RPROMLQLLHNFFAI68CA,22,28.67,住家用,鋼筋混凝土造,85年6月18日,九層,四層
RPROMLQLLHNFFAI68CA,22,11.92,共有部份,鋼筋混凝土造,85年6月18日,九層,
RPQNMLPKLHNFFAI28CA,6,187.27,見其他登記事項,見其他登記事項,100年9月26日,三層,一層 二層 三層 見其他登記事項
RPTNMLPJLHNFFAI48CA,22,108.92,住家用,鋼筋混凝土造,85年3月11日,二十層,二層
RPTNMLPJLHNFFAI48CA,22,31.63,共有部份,鋼筋混凝土造,85年3月11日,二十層,
RPWNMLPJLHNFFAI78CA,26,103.01,住家用,鋼筋混凝土造,80年11月25日,十層,七層
RPWNMLPJLHNFFAI78CA,26,17.64,共有部份,鋼筋混凝土造,80年11月25日,十層,
RPWNMLPJLHNFFAI78CA,26,16.87,見其他登記事項,鋼筋混凝土造,80年11月25日,十層,
RPPNMLNKLHNFFAI97CA,17,276.76,住家用,鋼筋混凝土造,89年12月7日,三層,一層 二層 三層
RPOOMLMLLHNFFAI97CA,35,100.88,住家用,鋼筋混凝土造,72年3月31日,五層,一層
RPOOMLMLLHNFFAI97CA,35,7.52,共有部份,鋼筋混凝土造,72年3月31日,五層,
RPTNMLMLLHNFFAI38CA,39,474.78,住商用,鋼筋混凝土造,68年4月21日,四層,一層 二層 三層 四層 騎樓 地下層
RPQOMLNKLHNFFAI18CA,23,92.53,住商用,鋼筋混凝土造,84年1月25日,七層,一層 二層
RPQOMLNKLHNFFAI18CA,23,34.18,共有部份,鋼筋混凝土造,84年1月25日,七層,
RPPOMLRLLHNFFAI58CA,25,41.99,住家用,鋼筋混凝土造,82年2月19日,七層,六層
RPPOMLRLLHNFFAI58CA,25,18.49,共有部份,鋼筋混凝土造,82年2月19日,七層,
RPWNMLQLLHNFFAI09CA,25,5.65,見其他登記事項,鋼筋混凝土造,82年4月26日,六層,
RPWNMLQLLHNFFAI09CA,25,.79,共有部份,鋼筋混凝土造,82年4月26日,六層,
RPWNMLQLLHNFFAI09CA,25,28.25,住家用,鋼筋混凝土造,82年4月26日,六層,六層
RPWNMLQLLHNFFAI09CA,25,5.39,共有部份,鋼筋混凝土造,82年4月26日,六層,
RPQNMLLMLHNFFAI08CA,13,108.12,住家用,鋼筋混凝土造,93年11月3日,十四層,二層
RPQNMLLMLHNFFAI08CA,13,69.55,共有部份,鋼筋混凝土造,93年11月3日,十四層,
RPVNMLQJLHNFFAI98EA,25,135.71,住家用,鋼筋混凝土造,82年6月4日,七層,七層
RPQOMLQLLHNFFAI58CA,13,115.36,住家用,鋼筋混凝土造,93年11月3日,十四層,八層
RPQOMLQLLHNFFAI58CA,13,89.47,共有部份,鋼筋混凝土造,93年11月3日,十四層,
RPOOMLNLLHNFFAI08CA,41,96.13,住家用,鋼筋混凝土加強磚造,65年10月24日,二層,一層 二層
RPUNMLRJLHNFFAI98EA,35,100.88,住家用,鋼筋混凝土造,72年3月31日,五層,二層
RPUNMLRJLHNFFAI98EA,35,7.52,共有部份,鋼筋混凝土造,72年3月31日,五層,
RPQOMLRLLHNFFAI68CA,25,153.91,住家用,鋼筋混凝土造,82年6月23日,十三層,四層
RPQOMLRLLHNFFAI68CA,25,14.91,共有部份,鋼筋混凝土造,82年6月23日,十三層,
RPQOMLRLLHNFFAI68CA,25,11.13,共有部份,鋼筋混凝土造,82年6月23日,十三層,
RPPNMLRJLHNFFAI48EA,25,18.81,住家用,鋼筋混凝土造,82年6月9日,十二層,二層
RPPNMLRJLHNFFAI48EA,25,3.52,共有部份,鋼筋混凝土造,82年6月9日,十二層,
RPPNMLRJLHNFFAI48EA,25,5.45,共有部份,鋼筋混凝土造,82年6月9日,十二層,
RPVNMLRJLHNFFAI09EA,,199.26,見其他登記事項,見其他登記事項,106年9月28日,三層,一層 二層 三層 見其他登記事項
RPVNMLRJLHNFFAI09EA,,.11,見其他登記事項,見其他登記事項,106年9月28日,一層,
RPQNMLRJLHNFFAI58EA,25,18.57,住家用,鋼筋混凝土造,82年6月9日,十二層,八層
RPQNMLRJLHNFFAI58EA,25,3.41,共有部份,鋼筋混凝土造,82年6月9日,十二層,
RPQNMLRJLHNFFAI58EA,25,5.41,共有部份,鋼筋混凝土造,82年6月9日,十二層,
RPSNMLTKLHNFFAI88CA,50,127.60,住家用,見使用執照,56年9月7日,三層,一層 二層 三層
RPSNMLNLLHNFFAI38CA,52,47.55,住家用,木造,54年12月23日,一層,一層 騎樓
RPTNMLRJLHNFFAI68CA,22,91.32,住家用,鋼筋混凝土造,84年8月16日,十九層,七層
RPTNMLRJLHNFFAI68CA,22,27.93,共有部份,鋼筋混凝土造,84年8月16日,十九層,
RPTNMLMKLHNFFAI28CA,10,270.90,見其他登記事項,鋼筋混凝土造,96年8月31日,四層,一層 二層 三層 四層 見其他登記事項
RPPNMLSLLHNFFAI58CA,29,215.68,住商用,鋼筋混凝土造,77年10月29日,四層,一層 二層 三層 四層 地下層
SPPNMLLMLHNFFAI08CA,18,67.44,住家用,鋼筋混凝土造,88年11月29日,十二層,九層 夾層
SPPNMLLMLHNFFAI08CA,18,9.86,共有部份,鋼筋混凝土造,88年11月29日,十二層,
SPPNMLLMLHNFFAI08CA,18,17.65,共有部份,鋼筋混凝土造,88年11月29日,十二層,
RPPOMLLMLHNFFAI08CA,24,3.17,見其他登記事項,鋼筋混凝土造,82年11月11日,十三層,
RPPOMLLMLHNFFAI08CA,24,10.34,共有部份,鋼筋混凝土造,82年11月11日,十三層,
RPPOMLLMLHNFFAI08CA,24,28.07,共有部份,鋼筋混凝土造,82年11月11日,十三層,
RPPOMLLMLHNFFAI08CA,24,97.03,住家用,鋼筋混凝土造,82年11月11日,十三層,一層
RPRNMLLMLHNFFAI18CA,6,333.12,見其他登記事項,見其他登記事項,101年3月13日,四層,一層 二層 三層 四層 見其他登記事項
RPOOMLQLLHNFFAI38CA,13,185.12,住家用,鋼筋混凝土造,93年8月25日,四層,一層 二層 三層 四層
RPUOMLLMLHNFFAI58CA,22,36.88,住家用,鋼筋混凝土造,84年10月4日,十一層,七層
RPUOMLLMLHNFFAI58CA,22,6.11,共有部份,鋼筋混凝土造,84年10月4日,十一層,
RPUOMLLMLHNFFAI58CA,22,4.45,共有部份,鋼筋混凝土造,84年10月4日,十一層,
RPXNMLQLLHNFFAI56CA,25,94.34,住家用,鋼筋混凝土造,82年6月23日,十二層,三層
RPXNMLQLLHNFFAI56CA,25,15.90,共有部份,鋼筋混凝土造,82年6月23日,十三層,
RPXNMLQLLHNFFAI56CA,25,13.14,共有部份,鋼筋混凝土造,82年6月23日,十二層,
RPQNMLSJLHNFFAI48CA,1,199.34,見其他登記事項,見其他登記事項,106年5月17日,三層,一層 二層 三層 見其他登記事項
RPUNMLNKLHNFFAI48CA,22,147.30,住家用,鋼筋混凝土造,85年5月17日,四層,一層 二層 三層 四層
RPRNMLNKLHNFFAI18CA,30,66.27,住家用,鋼造,76年9月25日,一層,一層
RPTNMLOKLHNFFAI48CA,38,86.06,住商用,鋼筋混凝土加強磚造,69年5月27日,二層,一層 二層
RPUNMLTJLHNFFAI98CA,23,28.39,住家用,鋼筋混凝土造,84年7月11日,十二層,五層
RPUNMLTJLHNFFAI98CA,23,6.77,共有部份,鋼筋混凝土造,84年7月11日,十二層,
RPXNMLMKLHNFFAI68CA,23,17.28,住家用,鋼筋混凝土造,84年1月12日,五層,三層
RPXNMLMKLHNFFAI68CA,23,8.13,共有部份,鋼筋混凝土造,84年1月12日,五層,
RPROMLMLLHNFFAI28CA,22,85.61,住家用,鋼筋混凝土造,85年3月11日,二十層,十七層
RPROMLMLLHNFFAI28CA,22,22.59,共有部份,鋼筋混凝土造,85年3月11日,二十層,
RPRNMLMKLHNFFAI08CA,24,114.88,住家用,鋼筋混凝土造,83年7月4日,十二層,十層
RPRNMLMKLHNFFAI08CA,24,10.02,共有部份,鋼筋混凝土造,83年7月4日,十二層,
RPRNMLMKLHNFFAI08CA,24,22.64,共有部份,鋼筋混凝土造,83年7月4日,十二層,
RPSNMLKKLHNFFAI97CA,23,25.24,住家用,鋼筋混凝土造,84年1月17日,十二層,八層
RPSNMLKKLHNFFAI97CA,23,11.61,共有部份,鋼筋混凝土造,84年1月17日,十二層,
RPWNMLMJMHNFFAI58CA,24,60.16,住家用,鋼筋混凝土造,82年9月23日,七層,七層
RPWNMLMJMHNFFAI58CA,24,17.38,共有部份,鋼筋混凝土造,82年9月23日,七層,
RPRNMLPKLHNFFAI58EA,42,172.91,住商用,鋼筋混凝土造,65年6月15日,三層,一層 二層 三層 騎樓
RPRNMLKKLHNFFAI87CA,22,112.17,住家用,鋼筋混凝土造,85年6月18日,九層,五層
RPRNMLKKLHNFFAI87CA,22,43.10,共有部份,鋼筋混凝土造,85年6月18日,九層,
RPSNMLQKLHNFFAI58CA,38,62.46,住家用,鋼筋混凝土造,69年2月5日,七層,五層
RPSNMLQKLHNFFAI58CA,38,11.23,共有部份,鋼筋混凝土造,69年2月5日,七層,
RPOOMLMKLHNFFAI08EA,25,78.07,住商用,鋼筋混凝土造,82年4月26日,六層,一層 二層 騎樓
RPOOMLMKLHNFFAI08EA,25,8.01,共有部份,鋼筋混凝土造,82年4月26日,六層,
RPSNMLNJMHNFFAI28CA,36,78.03,見其他登記事項,鋼筋混凝土造,71年5月3日,五層,二層
RPSNMLNJMHNFFAI28CA,36,6.60,共有部份,鋼筋混凝土造,71年5月3日,五層,
RPUOMLNJMHNFFAI58CA,2,194.25,住家用,見其他登記事項,105年5月3日,四層,二層
RPUOMLNJMHNFFAI58CA,2,102.12,見其他登記事項,見其他登記事項,105年5月3日,四層,
RPUOMLNJMHNFFAI58CA,2,.35,見其他登記事項,見其他登記事項,105年5月3日,一層,
RPRNMLOKLHNFFAI28CA,29,19.25,住家用,鋼筋混凝土造,78年2月3日,七層,四層
RPRNMLOKLHNFFAI28CA,29,9.06,共有部份,鋼筋混凝土造,78年2月3日,七層,
RPSOMLNKLHNFFAI38CA,29,30.28,見其他登記事項,鋼筋混凝土造,77年11月8日,七層,五層
RPSOMLNKLHNFFAI38CA,29,5.08,共有部份,鋼筋混凝土造,77年11月8日,七層,
RPOOMLNKLHNFFAI97CA,24,110.88,住家用,鋼筋混凝土造,82年11月11日,十三層,二層
RPOOMLNKLHNFFAI97CA,24,32.13,共有部份,鋼筋混凝土造,82年11月11日,十三層,
RPOOMLNKLHNFFAI97CA,24,20.68,共有部份,鋼筋混凝土造,82年11月11日,十三層,
RPOOMLNKLHNFFAI97CA,24,6.34,見其他登記事項,鋼筋混凝土造,82年11月11日,十三層,
RPPOMLKLLHNFFAI87CA,1,224.83,住家用,見其他登記事項,105年12月13日,三層,一層 二層 三層 見其他登記事項
RPROMLMKLHNFFAI18CA,25,88.38,住家用,鋼筋混凝土造,82年3月25日,六層,三層
RPROMLMKLHNFFAI18CA,25,35.18,共有部份,鋼筋混凝土造,82年3月25日,六層,
RPTNMLQLLHNFFAI78CA,22,48.32,住家用,鋼筋混凝土造,85年3月11日,二十層,十七層
RPTNMLQLLHNFFAI78CA,22,13.55,共有部份,鋼筋混凝土造,85年3月11日,二十層,
RPSNMLMJMHNFFAI18CA,3,250.74,見其他登記事項,見其他登記事項,103年11月6日,四層,一層 二層 三層 四層 見其他登記事項
RPSNMLOKLHNFFAI38CA,1,200.72,見其他登記事項,見其他登記事項,106年5月17日,三層,一層 二層 三層 見其他登記事項
RPPNMLTKLHNFFAI58CA,20,103.20,住家用,鋼筋混凝土造,86年11月20日,十二層,九層
RPPNMLTKLHNFFAI58CA,20,31.31,共有部份,鋼筋混凝土造,86年11月20日,十二層,
RPVNMLPKLHNFFAI78CA,1,217.87,住家用,見其他登記事項,105年10月25日,四層,一層 二層 三層 四層
RPPNMLRKLHNFFAI38CA,23,103.33,住家用,鋼筋混凝土造,83年12月15日,六層,三層
RPPNMLRKLHNFFAI38CA,23,57.75,共有部份,鋼筋混凝土造,83年12月15日,六層,
RPPOMLQKLHNFFAI38CA,46,49.42,住家用,見其他登記事項,61年8月18日,一層,一層
RPXNMLPKLHNFFAI98CA,46,12.66,住家用,見其他登記事項,60年8月25日,二層,一層 二層
RPPNMLOJMHNFFAI08CA,15,108.13,住家用,鋼筋混凝土造,92年3月17日,十三層,八層
RPPNMLOJMHNFFAI08CA,15,60.33,共有部份,鋼筋混凝土造,92年3月17日,十四層,
RPPOMLPKLHNFFAI28CA,46,12.66,住家用,見其他登記事項,60年8月25日,二層,一層 二層
RPUNMLTJMHNFFAI66EA,45,95.33,住家用,鋼筋混凝土加強磚造,62年4月20日,二層,一層 二層
RPPNMLQJMHNFFAI28CA,24,80.16,住家用,鋼筋混凝土造,83年1月11日,八層,八層
RPPNMLQJMHNFFAI28CA,24,12.85,共有部份,鋼筋混凝土造,83年1月11日,八層,
RPPNMLQJMHNFFAI28CA,24,24.32,共有部份,鋼筋混凝土造,83年1月11日,八層,
RPQOMLPKLHNFFAI38CA,46,68.48,住家用,木造,61年6月2日,二層,一層 二層
RPXNMLRLLHNFFAI66CA,3,197.05,見其他登記事項,見其他登記事項,103年12月24日,四層,一層 二層 三層 四層
RPUNMLNJMHNFFAI48CA,3,199.28,住家用,見其他登記事項,104年7月29日,四層,一層 二層 三層 四層
RPQNMLOJMHNFFAI18CA,4,251.56,住家用,見其他登記事項,103年8月7日,四層,一層 二層 三層 四層
RPQNMLOJMHNFFAI18CA,4,.25,見其他登記事項,見其他登記事項,103年8月7日,一層,
RPWNMLOKLHNFFAI78CA,13,115.36,住家用,鋼筋混凝土造,93年11月3日,十四層,二層
RPWNMLOKLHNFFAI78CA,13,86.02,共有部份,鋼筋混凝土造,93年11月3日,十四層,
RPTNMLQKLHNFFAI68CA,,639.37,見其他登記事項,見其他登記事項,106年9月28日,四層,一層 二層 三層 四層 地下一層 見其他登記事項
RPTNMLQKLHNFFAI68CA,,2.63,見其他登記事項,見其他登記事項,106年9月28日,四層,
RPTNMLQKLHNFFAI68CA,,33.14,見其他登記事項,見其他登記事項,106年9月28日,四層,
RPSOMLKLLHNFFAI18CA,13,260.83,農舍,鋼筋混凝土造,94年4月7日,三層,一層 二層 三層
RPSOMLMLLHNFFAI38CA,24,98.18,住家用,鋼筋混凝土造,83年7月18日,十二層,十二層
RPSOMLMLLHNFFAI38CA,24,24.58,共有部份,鋼筋混凝土造,83年7月18日,十二層,
RPSOMLMLLHNFFAI38CA,24,8.84,共有部份,鋼筋混凝土造,83年7月18日,十二層,
RPQOMLMLLHNFFAI18CA,25,33.67,住家用,鋼筋混凝土造,82年4月26日,六層,六層
RPQOMLMLLHNFFAI18CA,25,6.03,見其他登記事項,鋼筋混凝土造,82年4月26日,六層,
RPQOMLMLLHNFFAI18CA,25,.85,共有部份,鋼筋混凝土造,82年4月26日,六層,
RPQOMLMLLHNFFAI18CA,25,5.32,共有部份,鋼筋混凝土造,82年4月26日,六層,
RPROMLKLLHNFFAI08CA,21,28.69,住家用,鋼筋混凝土造,86年5月16日,七層,六層
RPROMLKLLHNFFAI08CA,21,6.16,共有部份,鋼筋混凝土造,86年5月16日,七層,
RPROMLKLLHNFFAI08CA,21,8.34,共有部份,鋼筋混凝土造,86年5月16日,七層,
RPWNMLQKLHNFFAI98CA,,54.93,住家用,見其他登記事項,106年9月20日,九層,四層
RPWNMLQKLHNFFAI98CA,,14.65,見其他登記事項,見其他登記事項,106年9月20日,九層,
RPWNMLQKLHNFFAI98CA,,25.03,見其他登記事項,見其他登記事項,106年9月20日,九層,
RPQNMLNJMHNFFAI08CA,22,35.99,住家用,鋼筋混凝土造,85年3月11日,二十層,四層
RPQNMLNJMHNFFAI08CA,22,16.57,共有部份,鋼筋混凝土造,85年3月11日,二十層,
RPRNMLQKLHNFFAI48CA,2,102.46,見其他登記事項,見其他登記事項,105年5月10日,十四層,七層
RPRNMLQKLHNFFAI48CA,2,28.34,見其他登記事項,見其他登記事項,105年5月10日,十四層,
RPRNMLQKLHNFFAI48CA,2,47.42,見其他登記事項,見其他登記事項,105年5月10日,十四層,
RPRNMLQKLHNFFAI48CA,2,100.80,見其他登記事項,見其他登記事項,105年5月10日,十四層,七層
RPRNMLQKLHNFFAI48CA,2,27.88,見其他登記事項,見其他登記事項,105年5月10日,十四層,
RPRNMLQKLHNFFAI48CA,2,47.19,見其他登記事項,見其他登記事項,105年5月10日,十四層,
RPPNMLKLLHNFFAI97EA,6,659.77,見其他登記事項,見其他登記事項,100年12月2日,五層,一層 二層 三層 四層 五層 騎樓 見其他登記事項
RPWNMLNJMHNFFAI68CA,23,103.17,住家用,鋼筋混凝土造,83年8月26日,七層,七層
RPWNMLNJMHNFFAI68CA,23,32.42,共有部份,鋼筋混凝土造,83年8月26日,七層,
RPSOMLQLLHNFFAI78CA,38,55.92,住家用,鋼筋混凝土造,69年5月27日,七層,七層
RPSOMLQLLHNFFAI78CA,38,12.49,共有部份,鋼筋混凝土造,69年5月27日,七層,
RPXNMLQKLHNFFAI09CA,20,99.10,住家用,鋼筋混凝土造,87年6月11日,六層,六層
RPXNMLQKLHNFFAI09CA,20,48.37,共有部份,鋼筋混凝土造,87年6月11日,六層,
RPRNMLMLLHNFFAI18CA,43,78.27,見其他登記事項,木造,64年2月19日,二層,一層 二層 騎樓
RPVNMLTKLHNFFAI56CA,43,73.72,住家用,木造,64年1月23日,二層,一層 二層
RPTOMLKLLHNFFAI28CA,27,73.17,住家用,鋼筋混凝土造,79年10月15日,七層,五層
RPTOMLKLLHNFFAI28CA,27,15.82,共有部份,鋼筋混凝土造,79年10月15日,七層,
RPOOMLTKLHNFFAI58CA,27,87.24,住家用,鋼筋混凝土造,79年10月30日,七層,七層
RPOOMLTKLHNFFAI58CA,27,23.12,共有部份,鋼筋混凝土造,79年10月30日,七層,
RPUNMLTKLHNFFAI09CA,22,48.32,住家用,鋼筋混凝土造,85年3月11日,二十層,二十層
RPUNMLTKLHNFFAI09CA,22,13.55,共有部份,鋼筋混凝土造,85年3月11日,二十層,
RPTNMLLMLHNFFAI38CA,25,86.00,住家用,鋼筋混凝土造,82年6月23日,十二層,十二層
RPTNMLLMLHNFFAI38CA,25,13.91,共有部份,鋼筋混凝土造,82年6月23日,十三層,
RPTNMLLMLHNFFAI38CA,25,12.64,共有部份,鋼筋混凝土造,82年6月23日,十二層,
RPPNMLLLLHNFFAI87CA,47,46.10,住家用,木造,59年10月10日,一層,一層
RPWNMLLLLHNFFAI58CA,25,99.00,住家用,鋼筋混凝土造,81年11月11日,五層,五層
RPWNMLLLLHNFFAI58CA,25,18.48,共有部份,鋼筋混凝土造,81年11月11日,五層,
RPPOMLNJMHNFFAI18DA,12,228.92,住家用,鋼筋混凝土造,94年9月2日,四層,一層 二層 三層 四層
RPQOMLKLLHNFFAI97CA,25,66.59,住家用,鋼筋混凝土造,82年6月23日,十二層,五層
RPQOMLKLLHNFFAI97CA,25,8.03,共有部份,鋼筋混凝土造,82年6月23日,十二層,
RPQOMLKLLHNFFAI97CA,25,10.93,共有部份,鋼筋混凝土造,82年6月23日,十三層,
RPTNMLKLLHNFFAI28DA,12,256.92,見其他登記事項,鋼筋混凝土造,95年4月4日,四層,一層 二層 三層 四層
RPPNMLOLLHNFFAI18CA,55,87.76,住家用,木造,52年5月1日,二層,一層 二層
RPQNMLNLLHNFFAI18CA,,385.38,見其他登記事項,見其他登記事項,106年9月28日,四層,一層 二層 三層 四層 地下一層
RPQNMLNLLHNFFAI18CA,,2.63,見其他登記事項,見其他登記事項,106年9月28日,四層,
RPQNMLNLLHNFFAI18CA,,33.14,見其他登記事項,見其他登記事項,106年9月28日,四層,
RPQNMLQLLHNFFAI48CA,25,59.03,住家用,鋼筋混凝土造,81年11月17日,七層,七層
RPQNMLQLLHNFFAI48CA,25,19.25,共有部份,鋼筋混凝土造,81年11月17日,七層,
RPUNMLKKMHNFFAI48EA,13,27.03,住家用,鋼筋混凝土造,93年11月3日,十四層,六層
RPUNMLKKMHNFFAI48EA,13,17.39,共有部份,鋼筋混凝土造,93年11月3日,十四層,
RPQNMLQJMHNFFAI38CA,13,115.36,住家用,鋼筋混凝土造,93年11月3日,十四層,十二層
RPQNMLQJMHNFFAI38CA,13,90.86,共有部份,鋼筋混凝土造,93年11月3日,十四層,
RPVNMLLLLHNFFAI48CA,43,97.34,住家用,鋼筋混凝土加強磚造,63年12月31日,二層,一層 二層
RPPNMLMLLHNFFAI18EA,40,81.20,住商用,鋼筋混凝土造,66年11月29日,四層,一層 二層 三層 四層 騎樓 地下層
RPQNMLRLLHNFFAI58CA,27,9.54,共有部份,鋼筋混凝土造,80年7月10日,六層,
RPQNMLRLLHNFFAI58CA,27,35.67,住家用,鋼筋混凝土造,80年7月10日,六層,三層
RPQNMLRLLHNFFAI58CA,27,5.25,見其他登記事項,鋼筋混凝土造,80年7月10日,六層,
RPQNMLRLLHNFFAI58CA,27,.00,共有部份,鋼筋混凝土造,80年7月10日,六層,
RPRNMLTLLHNFFAI88CA,27,126.38,住家用,鋼筋混凝土造,79年12月18日,七層,二層
RPRNMLTLLHNFFAI88CA,27,14.46,共有部份,鋼筋混凝土造,79年12月18日,七層,
RPRNMLTLLHNFFAI88CA,27,22.92,共有部份,鋼筋混凝土造,79年12月18日,七層,
RPRNMLRLLHNFFAI88EA,22,34.98,住家用,鋼筋混凝土造,85年1月30日,十四層,十四層
RPRNMLRLLHNFFAI88EA,22,8.71,共有部份,鋼筋混凝土造,85年1月31日,十四層,
RPWNMLRLLHNFFAI56CA,2,90.67,見其他登記事項,見其他登記事項,105年5月10日,十四層,十二層
RPWNMLRLLHNFFAI56CA,2,28.02,見其他登記事項,見其他登記事項,105年5月10日,十四層,
RPWNMLRLLHNFFAI56CA,2,29.77,見其他登記事項,見其他登記事項,105年5月10日,十四層,
RPXNMLSLLHNFFAI76CA,27,86.55,住家用,鋼筋混凝土造,79年10月15日,七層,七層
RPXNMLSLLHNFFAI76CA,27,20.18,共有部份,鋼筋混凝土造,79年10月15日,七層,
RPRNMLLLLHNFFAI08CA,42,87.05,住家用,鋼筋混凝土加強磚造,65年2月20日,二層,一層 二層
RPWNMLTLLHNFFAI76CA,4,200.56,見其他登記事項,見其他登記事項,103年7月24日,四層,一層 二層 三層 見其他登記事項
RPUNMLMLLHNFFAI48CA,15,78.98,住商用,見其他登記事項,91年11月11日,二層,一層 二層
RPXNMLLLLHNFFAI68CA,25,28.80,共有部份,鋼筋混凝土造,82年6月16日,六層,
RPXNMLLLLHNFFAI68CA,25,18.90,共有部份,鋼筋混凝土造,82年6月16日,六層,
RPXNMLLLLHNFFAI68CA,25,1.33,見其他登記事項,鋼筋混凝土造,82年6月16日,六層,
RPXNMLLLLHNFFAI68CA,25,.03,共有部份,鋼筋混凝土造,82年6月16日,六層,
RPXNMLLLLHNFFAI68CA,25,.02,共有部份,鋼筋混凝土造,82年6月16日,六層,
RPXNMLLLLHNFFAI68CA,25,94.34,住家用,鋼筋混凝土造,82年6月16日,六層,二層
RPSNMLLLLHNFFAI18CA,15,113.07,住家用,鋼筋混凝土造,92年3月17日,十三層,八層
RPSNMLLLLHNFFAI18CA,15,63.04,共有部份,鋼筋混凝土造,92年3月17日,十四層,
RPRNMLSLLHNFFAI78CA,44,104.66,住家用,鋼筋混凝土加強磚造,63年6月7日,二層,一層 二層
RPVNMLMLLHNFFAI58CA,23,84.36,住家用,鋼筋混凝土造,83年12月23日,十四層,十層
RPVNMLMLLHNFFAI58CA,23,25.21,共有部份,鋼筋混凝土造,83年12月23日,十四層,
RPVNMLMLLHNFFAI58CA,23,17.33,共有部份,鋼筋混凝土造,83年12月23日,十四層,
RPSNMLOJMHNFFAI38CA,34,96.27,住家用,鋼筋混凝土造,72年8月25日,九層,六層
RPSNMLOJMHNFFAI38CA,34,15.74,共有部份,鋼筋混凝土造,72年8月25日,九層,
RPSNMLOJMHNFFAI38CA,34,4.91,共有部份,鋼筋混凝土造,72年8月25日,九層,
RPPNMLQLLHNFFAI38CA,44,91.34,住家用,鋼筋混凝土加強磚造,63年7月6日,二層,一層 二層
RPVNMLLMLHNFFAI58CA,37,92.42,住家用,鋼筋混凝土造,69年10月17日,五層,四層
RPVNMLLMLHNFFAI58CA,37,6.89,共有部份,鋼筋混凝土加強磚造,69年10月17日,五層,
RPVNMLLMLHNFFAI58CA,37,2.70,共有部份,鋼筋混凝土造,69年10月17日,五層,
RPVNMLLMLHNFFAI58CA,37,2.70,共有部份,鋼筋混凝土造,69年10月17日,五層,
RPUNMLLLLHNFFAI38CA,27,26.08,住家用,鋼筋混凝土造,80年1月4日,六層,五層
RPUNMLLLLHNFFAI38CA,27,5.96,共有部份,鋼筋混凝土造,80年1月4日,六層,
RPUNMLLLLHNFFAI38CA,27,3.11,見其他登記事項,鋼筋混凝土造,80年1月4日,六層,
RPTNMLLLLHNFFAI28CA,2,218.82,見其他登記事項,見其他登記事項,104年9月10日,四層,一層 二層 三層 四層
RPSNMLRLLHNFFAI98EA,40,95.80,住家用,鋼筋混凝土加強磚造,67年5月18日,二層,一層 二層
RPXNMLMKMHNFFAI78CA,24,95.21,住家用,鋼筋混凝土造,83年7月18日,十二層,七層
RPXNMLMKMHNFFAI78CA,24,24.58,共有部份,鋼筋混凝土造,83年7月18日,十二層,
RPXNMLMKMHNFFAI78CA,24,9.81,共有部份,鋼筋混凝土造,83年7月18日,十二層,
RPRNMLOJMHNFFAI28CA,28,98.40,住家用,鋼筋混凝土造,79年4月23日,七層,七層
RPRNMLOJMHNFFAI28CA,28,23.42,共有部份,鋼筋混凝土造,79年4月23日,七層,
RPUNMLLMLHNFFAI48CA,47,73.60,住家用,鋼筋混凝土加強磚造,60年4月5日,二層,一層 二層
RPVNMLOLLHNFFAI78CA,25,81.32,住商用,鋼筋混凝土造,81年9月3日,七層,一層 二層 騎樓
RPVNMLOLLHNFFAI78CA,25,11.83,共有部份,鋼筋混凝土造,81年9月3日,七層,
RPROMLMKMHNFFAI28CA,11,176.69,見其他登記事項,鋼筋混凝土造,95年11月20日,三層,一層 二層 三層 見其他登記事項
RPOOMLKMLHNFFAI87CA,46,80.59,住家用,見使用執照,61年2月1日,二層,一層 二層 騎樓
RPVNMLSLLHNFFAI56CA,46,87.21,住家用,鋼筋混凝土加強磚造,61年4月10日,二層,一層 二層
RPTNMLRLLHNFFAI88CA,24,222.93,見其他登記事項,鋼筋混凝土造,83年2月5日,三層,一層 二層 三層 地下層
RPUNMLRLLHNFFAI98CA,44,80.90,住家用,見其他登記事項,63年6月14日,二層,一層 二層
RPWNMLOLLHNFFAI88CA,1,78.01,住家用,見其他登記事項,106年7月25日,十層,七層
RPWNMLOLLHNFFAI88CA,1,27.65,見其他登記事項,見其他登記事項,106年7月25日,十層,
RPWNMLOLLHNFFAI88CA,1,20.39,見其他登記事項,見其他登記事項,106年7月25日,十層,
RPWNMLOLLHNFFAI88CA,1,4.85,見其他登記事項,見其他登記事項,106年7月25日,十層,
RPRNMLQJMHNFFAI48CA,11,261.63,見其他登記事項,鋼筋混凝土造,96年8月24日,四層,一層 二層 三層 四層 見其他登記事項
RPSNMLSLLHNFFAI09EA,6,280.60,見其他登記事項,見其他登記事項,101年5月14日,四層,一層 二層 三層 四層 見其他登記事項
RPVNMLRKMHNFFAI66EA,29,116.61,住家用,鋼筋混凝土造,78年7月3日,十二層,七層
RPVNMLRKMHNFFAI66EA,29,15.55,共有部份,鋼筋混凝土造,78年7月3日,十二層,
RPVNMLRKMHNFFAI66EA,29,12.67,共有部份,鋼筋混凝土造,78年7月3日,十二層,
RPPNMLRLLHNFFAI48CA,24,134.69,住家用,鋼筋混凝土造,83年4月8日,十二層,一層
RPPNMLRLLHNFFAI48CA,24,18.01,共有部份,鋼筋混凝土造,83年4月8日,十二層,
RPPNMLRLLHNFFAI48CA,24,11.60,共有部份,鋼筋混凝土造,83年4月8日,十二層,
RPPNMLRLLHNFFAI48CA,24,.67,住家用,鋼筋混凝土造,83年4月8日,十二層,
RPPNMLRLLHNFFAI48CA,24,39.14,共有部份,鋼筋混凝土造,83年4月8日,十二層,
RPPOMLQLLHNFFAI48CA,27,83.35,住家用,鋼筋混凝土造,79年11月9日,七層,五層
RPPOMLQLLHNFFAI48CA,27,43.01,共有部份,鋼筋混凝土造,79年11月9日,七層,
RPXNMLNJMHNFFAI78CA,32,87.61,住家用,鋼筋混凝土造,74年9月13日,五層,三層
RPXNMLNJMHNFFAI78CA,32,7.57,共有部份,鋼筋混凝土造,74年9月13日,五層,
RPXNMLNJMHNFFAI78CA,32,7.09,共有部份,鋼筋混凝土造,74年9月13日,五層,
RPSOMLRKMHNFFAI88CA,34,210.22,住商用,鋼筋混凝土造,73年5月28日,三層,一層 二層 三層 騎樓 地下層
RPPNMLLJMHNFFAI77CA,35,199.43,住商用,鋼筋混凝土加強磚造,71年11月29日,三層,一層 二層 三層 騎樓 地下層
RPWNMLKMLHNFFAI58CA,2,366.07,見其他登記事項,見其他登記事項,105年8月25日,四層,一層 二層 三層 四層
RPQNMLTLLHNFFAI78CA,,395.78,見其他登記事項,見其他登記事項,106年9月28日,四層,一層 二層 三層 四層 地下一層
RPQNMLTLLHNFFAI78CA,,2.63,見其他登記事項,見其他登記事項,106年9月28日,四層,
RPQNMLTLLHNFFAI78CA,,33.14,見其他登記事項,見其他登記事項,106年9月28日,四層,
RPWNMLSLLHNFFAI66CA,17,230.54,見其他登記事項,鋼筋混凝土造,89年9月8日,四層,一層 二層 三層 四層
RPTOMLQLLHNFFAI88CA,29,74.11,住家用,鋼筋混凝土造,78年1月17日,七層,二層
RPTOMLQLLHNFFAI88CA,29,11.65,共有部份,鋼筋混凝土造,78年1月17日,七層,
RPTNMLQJMHNFFAI68CA,24,79.11,住家用,鋼筋混凝土造,83年1月20日,七層,五層
RPTNMLQJMHNFFAI68CA,24,22.31,共有部份,鋼筋混凝土造,83年1月20日,七層,
RPQNMLSLLHNFFAI68CA,24,113.17,住家用,鋼筋混凝土造,83年5月16日,十二層,九層
RPQNMLSLLHNFFAI68CA,24,12.82,共有部份,鋼筋混凝土造,83年5月16日,十二層,
RPQNMLSLLHNFFAI68CA,24,2.51,共有部份,鋼筋混凝土造,83年5月16日,十二層,
RPQNMLSLLHNFFAI68CA,24,16.48,共有部份,鋼筋混凝土造,83年5月16日,十二層,
RPXNMLKLMHNFFAI68CA,19,98.28,住家用,鋼筋混凝土造,88年6月29日,五層,四層
RPXNMLKLMHNFFAI68CA,19,10.92,共有部份,鋼筋混凝土造,88年6月29日,五層,
RPSNMLKKMHNFFAI28EA,1,95.93,見其他登記事項,見其他登記事項,105年12月12日,七層,六層
RPSNMLKKMHNFFAI28EA,1,50.85,見其他登記事項,見其他登記事項,105年12月12日,七層,
RPPOMLRKMHNFFAI58CA,19,98.28,住家用,鋼筋混凝土造,88年6月29日,五層,五層
RPPOMLRKMHNFFAI58CA,19,10.92,共有部份,鋼筋混凝土造,88年6月29日,五層,
RPWNMLSLLHNFFAI86EA,38,85.76,住商用,鋼筋混凝土加強磚造,69年5月1日,二層,一層 二層
RPQPMLRKMHNFFAI78CA,19,98.28,住家用,鋼筋混凝土造,88年6月29日,五層,二層
RPQPMLRKMHNFFAI78CA,19,10.92,共有部份,鋼筋混凝土造,88年6月29日,五層,
RPRPMLRKMHNFFAI88CA,19,91.34,住家用,鋼筋混凝土造,88年6月29日,五層,一層
RPRPMLRKMHNFFAI88CA,19,10.14,共有部份,鋼筋混凝土造,88年6月29日,五層,
RPRNMLKKMHNFFAI18EA,44,84.84,見其他登記事項,鋼筋混凝土加強磚造,63年9月7日,二層,一層 二層
RPUPMLRKMHNFFAI56CA,37,106.48,住商用,鋼筋混凝土加強磚造,70年6月30日,二層,一層 二層
RPTNMLKLMHNFFAI28CA,32,56.73,住家用,鋼筋混凝土造,75年5月22日,十層,二層
RPTNMLKLMHNFFAI28CA,32,5.63,共有部份,鋼筋混凝土造,75年5月22日,十層,
RPTNMLKLMHNFFAI28CA,32,5.28,共有部份,鋼筋混凝土造,75年5月22日,十層,
RPOOMLMKMHNFFAI97CA,1,187.89,見其他登記事項,見其他登記事項,106年4月24日,三層,一層 二層 三層 見其他登記事項
RPXNMLRKMHNFFAI66CA,37,116.17,住商用,鋼筋混凝土加強磚造,70年6月29日,二層,一層 二層 騎樓
RPSNMLNKMHNFFAI38CA,19,93.77,住家用,鋼筋混凝土造,88年7月17日,十一層,四層
RPSNMLNKMHNFFAI38CA,19,12.70,共有部份,鋼筋混凝土造,88年7月17日,十一層,
RPSNMLNKMHNFFAI38CA,19,29.91,共有部份,鋼筋混凝土造,88年7月17日,十二層,
RPQNMLKKMHNFFAI87CA,33,42.80,住家用,鋼筋混凝土造,73年10月13日,五層,五層
RPQNMLKKMHNFFAI87CA,33,3.63,共有部份,鋼筋混凝土造,73年10月13日,五層,
RPQNMLKKMHNFFAI87CA,33,3.41,共有部份,鋼筋混凝土造,73年10月13日,五層,
RPPOMLMKMHNFFAI08CA,42,73.52,見其他登記事項,磚造,65年7月5日,二層,一層 二層
RPSOMLLMLHNFFAI38CA,19,56.96,住家用,鋼筋混凝土造,88年2月12日,十三層,十二層
RPSOMLLMLHNFFAI38CA,19,8.98,共有部份,鋼筋混凝土造,88年2月12日,十三層,
RPSOMLLMLHNFFAI38CA,19,22.40,共有部份,鋼筋混凝土造,88年2月12日,十三層,
RPWNMLLMLHNFFAI68CA,22,37.30,住家用,鋼筋混凝土造,85年6月18日,九層,六層
RPWNMLLMLHNFFAI68CA,22,14.67,共有部份,鋼筋混凝土造,85年6月18日,九層,
RPQNMLKMLHNFFAI97CA,23,94.94,住家用,鋼筋混凝土造,84年5月22日,十二層,十層
RPQNMLKMLHNFFAI97CA,23,24.35,共有部份,鋼筋混凝土造,84年5月22日,十二層,
RPTNMLKMLHNFFAI28CA,46,77.01,住家用,木造,61年2月1日,二層,一層 二層
RPXNMLKMLHNFFAI68CA,24,100.91,住家用,鋼筋混凝土造,82年10月29日,十五層,八層
RPXNMLKMLHNFFAI68CA,24,15.43,共有部份,鋼筋混凝土造,82年10月29日,十五層,
RPXNMLKMLHNFFAI68CA,24,14.56,共有部份,鋼筋混凝土造,82年10月29日,十五層,
RPXNMLKMLHNFFAI68CA,24,10.49,見其他登記事項,鋼筋混凝土造,82年10月29日,十五層,
RPXNMLKMLHNFFAI68CA,24,5.37,共有部份,鋼筋混凝土造,82年10月29日,十五層,
RPOOMLNJMHNFFAI97CA,46,102.30,住家用,見使用執照,61年7月30日,二層,一層 二層
RPRNMLKMLHNFFAI08CA,1,192.61,見其他登記事項,見其他登記事項,106年5月17日,三層,一層 二層 三層 見其他登記事項
RPUNMLKMLHNFFAI38CA,42,93.16,住商用,鋼筋混凝土加強磚造,65年3月5日,二層,一層 二層 騎樓
RPTOMLNJMHNFFAI48CA,27,97.69,住家用,鋼筋混凝土造,79年10月15日,七層,六層
RPTOMLNJMHNFFAI48CA,27,20.18,共有部份,鋼筋混凝土造,79年10月15日,七層,
RPROMLNJMHNFFAI28CA,26,189.87,住家用,鋼筋混凝土造,81年6月19日,四層,一層 二層 三層 四層
RPOOMLTJMHNFFAI58CA,48,73.11,住家用,加強磚造,58年12月16日,二層,一層 二層
RPWNMLTJMHNFFAI66CA,27,88.34,住家用,鋼筋混凝土造,79年8月31日,五層,四層
RPWNMLTJMHNFFAI66CA,27,32.56,共有部份,鋼筋混凝土造,79年8月31日,五層,
RPWNMLTJMHNFFAI66CA,27,31.29,見其他登記事項,鋼筋混凝土造,79年8月31日,五層,
RPROMLRKMHNFFAI78CA,31,154.41,住家用,加強磚造,76年1月8日,二層,一層 二層
RPTNMLOKMHNFFAI58CA,43,88.69,住家用,鋼筋混凝土加強磚造,63年8月28日,二層,一層 二層
RPOPMLRKMHNFFAI58CA,1,340.03,見其他登記事項,見其他登記事項,106年4月26日,五層,一層 二層 三層 四層 五層
RPUNMLNLMHNFFAI68CA,25,188.17,住商用,鋼筋混凝土造,82年5月25日,四層,一層 二層 三層 四層
RPPNMLOLMHNFFAI48EA,50,101.38,住家用,鋼筋混凝土加強磚造,57年7月5日,二層,一層 二層
RPRNMLNJMHNFFAI28DA,43,257.88,住商用,鋼筋混凝土加強磚造,64年3月5日,三層,一層 二層 三層 騎樓
RPRNMLOKMHNFFAI38CA,13,188.69,見其他登記事項,鋼筋混凝土造,94年7月6日,三層,一層 二層 三層 屋頂突出物
RPQNMLKMMHNFFAI08CA,24,113.34,住家用,鋼筋混凝土造,83年5月24日,七層,七層
RPQNMLKMMHNFFAI08CA,24,40.96,共有部份,鋼筋混凝土造,83年5月24日,七層,
RPVNMLKMLHNFFAI68EA,38,156.82,住家用,鋼筋混凝土加強磚造,69年3月29日,二層,一層 二層
RPQNMLMJMHNFFAI18EA,,85.49,住家用,見其他登記事項,106年9月20日,九層,八層
RPQNMLMJMHNFFAI18EA,,18.26,見其他登記事項,見其他登記事項,106年9月20日,九層,
RPQNMLMJMHNFFAI18EA,,37.00,見其他登記事項,見其他登記事項,106年9月20日,九層,
RPSNMLMKMHNFFAI28CA,26,36.46,住家用,鋼筋混凝土造,81年6月23日,七層,三層
RPSNMLMKMHNFFAI28CA,26,11.54,共有部份,鋼筋混凝土造,81年6月23日,000,
RPPNMLTKMHNFFAI68CA,28,48.27,見其他登記事項,鋼筋混凝土造,79年1月12日,七層,
RPPNMLTKMHNFFAI68CA,28,127.33,住家用,鋼筋混凝土造,79年1月12日,七層,五層
RPPNMLTKMHNFFAI68CA,28,8.16,共有部份,鋼筋混凝土造,79年1月12日,七層,
RPPNMLTKMHNFFAI68CA,28,14.17,共有部份,鋼筋混凝土造,79年1月12日,七層,
RPVNMLNJMHNFFAI58CA,11,178.42,住家用,鋼筋混凝土造,95年9月26日,四層,一層 二層 三層 四層
RPUNMLMJMHNFFAI38CA,23,43.00,住家用,鋼筋混凝土造,83年11月25日,十六層,十四層
RPUNMLMJMHNFFAI38CA,23,5.12,共有部份,鋼筋混凝土造,83年11月25日,十六層,
RPUNMLMJMHNFFAI38CA,23,3.29,共有部份,鋼筋混凝土造,83年11月25日,十六層,
RPSNMLOKMHNFFAI48CA,23,25.88,住家用,鋼筋混凝土造,84年6月17日,八層,六層
RPSNMLOKMHNFFAI48CA,23,10.35,共有部份,鋼筋混凝土造,84年6月17日,八層,
RPWOMLNJMHNFFAI78CA,23,90.02,住家用,鋼筋混凝土造,83年12月23日,十四層,十一層
RPWOMLNJMHNFFAI78CA,23,14.29,共有部份,鋼筋混凝土造,83年12月23日,十四層,
RPWOMLNJMHNFFAI78CA,23,24.53,共有部份,鋼筋混凝土造,83年12月23日,十四層,
RPPNMLSJMHNFFAI48CA,27,396.52,住商用,鋼筋混凝土造,80年2月22日,五層,一層 二層 三層 四層 五層
RPTNMLMJMHNFFAI28CA,9,195.93,住家用,見其他登記事項,97年12月23日,四層,一層 二層 三層 四層
RPVOMLLMLHNFFAI68CA,29,247.47,住商用,鋼筋混凝土造,78年8月28日,四層,一層 二層 三層 四層 騎樓 地下層
RPRNMLMKMHNFFAI18CA,1,335.75,見其他登記事項,見其他登記事項,105年11月25日,四層,一層 二層 三層 四層 見其他登記事項
RPVNMLOLMHNFFAI88CA,13,127.58,住家用,鋼筋混凝土造,93年10月28日,十四層,四層
RPVNMLOLMHNFFAI88CA,13,71.55,共有部份,鋼筋混凝土造,93年10月28日,十四層,
RPTNMLNLMHNFFAI58CA,26,106.80,住家用,鋼筋混凝土造,81年6月26日,十五層,十四層
RPTNMLNLMHNFFAI58CA,26,20.62,共有部份,鋼筋混凝土造,81年6月26日,十五層,
RPTNMLNLMHNFFAI58CA,26,19.39,共有部份,鋼筋混凝土造,81年6月26日,十五層,
RPVNMLTKMHNFFAI66CA,23,458.71,住家用,鋼筋混凝土造,83年12月13日,五層,一層 二層 三層 四層 五層
RPXNMLMJMHNFFAI78DA,25,88.62,住家用,鋼筋混凝土造,81年12月10日,十六層,十六層
RPXNMLMJMHNFFAI78DA,25,5.48,共有部份,鋼筋混凝土造,81年12月10日,十六層,
RPXNMLMJMHNFFAI78DA,25,15.13,共有部份,鋼筋混凝土造,81年12月10日,十六層,
RPTOMLPLMHNFFAI88CA,2,85.36,見其他登記事項,見其他登記事項,105年5月10日,十四層,十四層
RPTOMLPLMHNFFAI88CA,2,20.93,見其他登記事項,見其他登記事項,105年5月10日,十四層,
RPTOMLPLMHNFFAI88CA,2,42.46,見其他登記事項,見其他登記事項,105年5月10日,十四層,
RPSNMLRKMHNFFAI98EA,25,3.76,商業用,鋼筋混凝土造,81年10月29日,十層,
RPSNMLRKMHNFFAI98EA,25,.16,共有部份,鋼筋混凝土造,81年10月29日,十層,
RPSNMLRKMHNFFAI98EA,25,.38,共有部份,鋼筋混凝土造,81年10月29日,十層,
RPPNMLTJMHNFFAI78EA,49,49.74,住家用,木造,58年6月16日,二層,一層 二層
RPSNMLTJMHNFFAI09EA,22,30.75,住家用,鋼筋混凝土造,84年10月13日,十二層,五層
RPSNMLTJMHNFFAI09EA,22,6.67,共有部份,鋼筋混凝土造,84年10月13日,十二層,
RPSOMLMKMHNFFAI38CA,36,109.79,住商用,鋼筋混凝土造,70年10月27日,五層,一層 騎樓 地下層
RPSOMLMKMHNFFAI38CA,36,2.81,共有部份,鋼筋混凝土造,70年10月27日,五層,
RPSOMLPLMHNFFAI78CA,2,90.67,見其他登記事項,見其他登記事項,105年5月10日,十四層,三層
RPSOMLPLMHNFFAI78CA,2,28.02,見其他登記事項,見其他登記事項,105年5月10日,十四層,
RPSOMLPLMHNFFAI78CA,2,15.46,見其他登記事項,見其他登記事項,105年5月10日,十四層,
RPXOMLRKMHNFFAI76CA,45,82.50,住家用,鋼筋混凝土加強磚造,62年2月12日,二層,一層 二層
RPRNMLTJMHNFFAI98EA,3,321.10,見其他登記事項,見其他登記事項,104年4月16日,四層,一層 二層 三層 四層 見其他登記事項
RPRNMLTJMHNFFAI98EA,3,2.53,見其他登記事項,見其他登記事項,104年4月16日,一層,
RPVNMLTJMHNFFAI56CA,3,283.36,見其他登記事項,見其他登記事項,104年2月2日,四層,一層 二層 三層 四層 見其他登記事項
RPQNMLOKMHNFFAI28CA,10,200.28,見其他登記事項,鋼筋混凝土造,96年11月9日,四層,一層 二層 三層 四層
RPWNMLRKMHNFFAI56CA,24,79.74,住家用,鋼筋混凝土造,83年6月2日,一層,一層
RPWNMLRKMHNFFAI56CA,24,14.77,共有部份,鋼筋混凝土造,83年6月2日,十層,
RPWNMLRKMHNFFAI56CA,24,20.52,共有部份,鋼筋混凝土造,83年6月2日,十層,
RPWNMLRKMHNFFAI56CA,24,12.15,共有部份,鋼筋混凝土造,83年6月2日,十層,
RPPPMLPLMHNFFAI58CA,25,49.34,住家用,鋼筋混凝土造,82年6月9日,十六層,六層
RPPPMLPLMHNFFAI58CA,25,8.13,共有部份,鋼筋混凝土造,82年6月9日,十六層,
RPPPMLPLMHNFFAI58CA,25,10.58,共有部份,鋼筋混凝土造,82年6月9日,十六層,
RPOOMLKLMHNFFAI87CA,19,97.28,住家用,鋼筋混凝土造,88年7月17日,十二層,二層
RPOOMLKLMHNFFAI87CA,19,13.38,共有部份,鋼筋混凝土造,88年7月17日,十二層,
RPOOMLKLMHNFFAI87CA,19,21.37,共有部份,鋼筋混凝土造,88年7月17日,十二層,
RPWNMLMKMHNFFAI88EA,22,54.16,住家用,鋼筋混凝土造,85年3月11日,二十層,七層
RPWNMLMKMHNFFAI88EA,22,16.57,共有部份,鋼筋混凝土造,85年3月11日,二十層,
RPTOMLRLMHNFFAI09CA,14,170.44,見其他登記事項,鋼筋混凝土造,93年9月1日,三層,一層 二層 三層 見其他登記事項
RPXOMLRLMHNFFAI86CA,24,92.16,住家用,鋼筋混凝土造,83年4月6日,十二層,九層
RPXOMLRLMHNFFAI86CA,24,11.39,共有部份,鋼筋混凝土造,83年4月6日,十二層,
RPXOMLRLMHNFFAI86CA,24,11.07,共有部份,鋼筋混凝土造,83年4月6日,十二層,
RPXNMLOLMHNFFAI09CA,29,35.29,住家用,鋼筋混凝土造,78年5月18日,五層,二層
RPXNMLOLMHNFFAI09CA,29,2.59,共有部份,鋼筋混凝土造,78年5月18日,五層,
RPXNMLOLMHNFFAI09CA,29,4.88,共有部份,鋼筋混凝土造,78年5月18日,五層,
RPVNMLNLMHNFFAI78CA,29,76.43,住家用,鋼筋混凝土造,78年4月15日,七層,二層
RPVNMLNLMHNFFAI78CA,29,7.56,共有部份,鋼筋混凝土造,78年4月15日,七層,
RPVNMLNLMHNFFAI78CA,29,21.24,共有部份,鋼筋混凝土造,78年4月15日,七層,
RPRPMLPLMHNFFAI78CA,22,87.61,住家用,鋼筋混凝土造,84年10月13日,十二層,七層
RPRPMLPLMHNFFAI78CA,22,16.00,見其他登記事項,鋼筋混凝土造,84年10月13日,十二層,
RPRPMLPLMHNFFAI78CA,22,2.19,共有部份,鋼筋混凝土造,84年10月13日,十二層,
RPRPMLPLMHNFFAI78CA,22,22.22,共有部份,鋼筋混凝土造,84年10月13日,十二層,
RPUNMLKLMHNFFAI38CA,24,108.66,住家用,鋼筋混凝土造,82年11月11日,十三層,四層
RPUNMLKLMHNFFAI38CA,24,31.02,共有部份,鋼筋混凝土造,82年11月11日,十三層,
RPVNMLLKMHNFFAI58DA,24,188.61,住商用,鋼筋混凝土造,82年11月29日,四層,一層 二層 三層 四層 騎樓
RPQNMLMKMHNFFAI08CA,24,94.37,住家用,鋼筋混凝土造,83年5月30日,十二層,三層
RPQNMLMKMHNFFAI08CA,24,17.87,共有部份,鋼筋混凝土造,83年5月30日,十二層,
RPQNMLMKMHNFFAI08CA,24,11.34,住家用,鋼筋混凝土造,83年5月30日,十二層,
RPQNMLMKMHNFFAI08CA,24,2.50,共有部份,鋼筋混凝土造,83年5月30日,十二層,
RPVOMLRKMHNFFAI56CA,37,80.08,見其他登記事項,鋼筋混凝土加強磚造,69年9月17日,四層,三層
RPVOMLRKMHNFFAI56CA,37,7.06,共有部份,鋼筋混凝土加強磚造,69年9月17日,四層,
RPTNMLRKMHNFFAI09EA,42,65.94,住家用,木造,64年11月13日,二層,一層 二層
RPRNMLLKMHNFFAI28EA,38,131.36,住商用,鋼筋混凝土加強磚造,69年6月19日,三層,一層 二層 三層 防空避難室
RPWNMLLKMHNFFAI58CA,24,189.58,住家用,鋼筋混凝土造,83年1月25日,三層,一層 二層 三層
RPXNMLLKMHNFFAI68CA,22,48.32,住家用,鋼筋混凝土造,85年3月11日,二十層,二十層
RPXNMLLKMHNFFAI68CA,22,13.55,共有部份,鋼筋混凝土造,85年3月11日,二十層,
SPQNMLQKMHNFFAI58CA,22,31.77,住家用,鋼筋混凝土造,84年10月13日,十二層,九層
SPQNMLQKMHNFFAI58CA,22,6.11,共有部份,鋼筋混凝土造,84年10月13日,十二層,
RPUNMLSJNHNFFAI09CA,25,134.72,住商用,鋼筋混凝土造,82年1月11日,七層,一層 二層 騎樓
RPUNMLSJNHNFFAI09CA,25,102.18,共有部份,鋼筋混凝土造,82年1月11日,七層,
RPUOMLRKMHNFFAI09CA,22,28.67,住家用,鋼筋混凝土造,85年6月18日,九層,三層
RPUOMLRKMHNFFAI09CA,22,11.92,共有部份,鋼筋混凝土造,85年6月18日,九層,
RPTPMLRKMHNFFAI09CA,40,114.92,住家用,鋼筋混凝土加強磚造,67年9月18日,二層,一層 二層
RPSPMLPLMHNFFAI88CA,25,118.06,住家用,鋼筋混凝土造,82年5月25日,七層,七層
RPSPMLPLMHNFFAI88CA,25,14.79,共有部份,鋼筋混凝土造,82年5月25日,七層,
RPSPMLPLMHNFFAI88CA,25,15.83,共有部份,鋼筋混凝土造,82年5月25日,七層,
RPPNMLLLMHNFFAI97CA,25,91.29,住家用,鋼筋混凝土造,81年12月10日,十六層,九層
RPPNMLLLMHNFFAI97CA,25,5.48,共有部份,鋼筋混凝土造,81年12月10日,十六層,
RPPNMLLLMHNFFAI97CA,25,12.14,共有部份,鋼筋混凝土造,81年12月10日,十六層,
RPQPMLPLMHNFFAI68CA,24,28.55,住家用,鋼筋混凝土造,83年4月20日,七層,四層
RPQPMLPLMHNFFAI68CA,24,10.51,共有部份,鋼筋混凝土造,83年4月20日,七層,
RPVOMLMJNHNFFAI68CA,18,103.71,見其他登記事項,鋼筋混凝土造,89年1月11日,十二層,十一層
RPVOMLMJNHNFFAI68CA,18,20.46,共有部份,鋼筋混凝土造,89年1月11日,十二層,
RPVOMLMJNHNFFAI68CA,18,21.29,共有部份,鋼筋混凝土造,89年1月11日,十二層,
RPUOMLMJNHNFFAI58CA,18,66.24,住家用,鋼筋混凝土造,89年1月11日,十二層,九層
RPUOMLMJNHNFFAI58CA,18,26.07,共有部份,鋼筋混凝土造,89年1月11日,十二層,
RPUOMLMJNHNFFAI58CA,18,27.48,共有部份,鋼筋混凝土造,89年1月11日,十二層,
RPUOMLMJNHNFFAI58CA,18,66.24,住家用,鋼筋混凝土造,89年1月11日,十二層,九層
RPWNMLMJNHNFFAI68CA,22,16.34,見其他登記事項,鋼筋混凝土造,84年10月13日,十二層,
RPWNMLMJNHNFFAI68CA,22,2.23,共有部份,鋼筋混凝土造,84年10月13日,十二層,
RPWNMLMJNHNFFAI68CA,22,28.89,共有部份,鋼筋混凝土造,84年10月13日,十二層,
RPWNMLMJNHNFFAI68CA,22,94.17,住家用,鋼筋混凝土造,84年10月13日,十二層,十二層
RPRNMLPJNHNFFAI48CA,25,162.79,住家用,鋼筋混凝土造,81年12月10日,十六層,一層 二層 騎樓
RPRNMLPJNHNFFAI48CA,25,5.25,共有部份,鋼筋混凝土造,81年12月10日,十六層,
RPRNMLPJNHNFFAI48CA,25,52.92,共有部份,鋼筋混凝土造,81年12月10日,十六層,
RPUOMLLJNHNFFAI48CA,4,222.97,住家用,見其他登記事項,103年7月24日,四層,一層 二層 三層 四層
RPQNMLTKMHNFFAI78CA,37,93.90,住家用,鋼筋混凝土加強磚造,70年1月5日,二層,一層 二層
RPRNMLKLMHNFFAI08CA,41,185.67,住商用,鋼筋混凝土造,66年2月14日,四層,一層 二層 三層 四層 騎樓
RPWOMLRKMHNFFAI66CA,23,31.15,住家用,鋼筋混凝土造,84年7月24日,十四層,九層
RPWOMLRKMHNFFAI66CA,23,8.20,共有部份,鋼筋混凝土造,84年7月24日,十四層,
RPWOMLRKMHNFFAI66CA,23,19.99,共有部份,鋼筋混凝土造,84年7月24日,十四層,
RPWNMLNLMHNFFAI88CA,23,93.92,住家用,鋼筋混凝土造,84年8月16日,十九層,四層
RPWNMLNLMHNFFAI88CA,23,30.16,共有部份,鋼筋混凝土造,84年8月16日,十九層,
RPWNMLNLMHNFFAI88CA,23,6.13,共有部份,鋼筋混凝土造,84年8月16日,十九層,
RPRNMLQKMHNFFAI58CA,1,189.57,住家用,見其他登記事項,106年1月11日,四層,一層 二層 三層 四層
RPRNMLQKMHNFFAI58CA,1,.12,見其他登記事項,見其他登記事項,106年1月11日,一層,
RPPNMLQKMHNFFAI38CA,13,115.58,住家用,鋼筋混凝土造,93年11月1日,十四層,十層
RPPNMLQKMHNFFAI38CA,13,71.46,共有部份,鋼筋混凝土造,93年11月1日,十四層,
RPTNMLNKMHNFFAI48CA,28,139.21,住家用,鋼筋混凝土造,79年7月16日,六層,二層
RPTNMLNKMHNFFAI48CA,28,32.50,共有部份,鋼筋混凝土造,79年7月16日,六層,
RPVNMLMKMHNFFAI78EA,8,82.90,商業用,見其他登記事項,98年11月27日,一層,一層
RPTNMLQKMHNFFAI98EA,41,89.17,住家用,鋼筋混凝土加強磚造,66年3月12日,三層,一層 二層 三層
RPWNMLNKMHNFFAI78CA,18,86.74,住家用,鋼筋混凝土造,88年11月29日,十二層,三層 夾層
RPWNMLNKMHNFFAI78CA,18,22.79,共有部份,鋼筋混凝土造,88年11月29日,十二層,
RPWNMLNKMHNFFAI78CA,18,12.90,共有部份,鋼筋混凝土造,88年11月29日,十二層,
RPWNMLNKMHNFFAI78CA,18,.17,見其他登記事項,鋼筋混凝土造,88年11月29日,十二層,
RPWNMLNKMHNFFAI78CA,18,.03,共有部份,鋼筋混凝土造,88年11月29日,十二層,
RPPNMLRKMHNFFAI48CA,26,55.68,住家用,鋼筋混凝土造,80年11月2日,八層,八層
RPPNMLRKMHNFFAI48CA,26,12.78,共有部份,鋼筋混凝土造,80年11月2日,八層,
RPSNMLSLMHNFFAI98CA,46,47.12,住家用,木造,61年4月2日,一層,一層
RPVNMLSJNHNFFAI56CA,10,222.98,住家用,鋼筋混凝土造,97年6月24日,四層,一層 二層 三層 四層
RPWOMLPLMHNFFAI56CA,22,140.64,住商用,鋼筋混凝土造,85年3月11日,二十層,一層 二層
RPWOMLPLMHNFFAI56CA,22,19.58,共有部份,鋼筋混凝土造,85年3月11日,二十層,
RPQNMLSKMHNFFAI68CA,28,202.50,住家用,鋼筋混凝土造,78年10月24日,三層,一層 二層 三層 地下層
RPPNMLMLMHNFFAI08CA,26,21.88,共有部份,鋼筋混凝土造,81年8月28日,十六層,
RPPNMLMLMHNFFAI08CA,26,122.08,住家用,鋼筋混凝土造,81年8月28日,十六層,十二層
RPSNMLPJNHNFFAI58CA,43,73.29,住家用,木造,63年10月21日,二層,一層 二層
RPRNMLSLMHNFFAI88CA,63,38.86,住家用,竹造,43年9月11日,一層,一層
RPQNMLSLMHNFFAI78CA,25,104.96,住家用,鋼筋混凝土造,82年7月14日,六層,四層
RPQNMLSLMHNFFAI78CA,25,24.23,共有部份,鋼筋混凝土造,82年7月14日,六層,
RPQNMLSLMHNFFAI78CA,25,25.61,共有部份,鋼筋混凝土造,82年7月14日,六層,
RPWNMLPLMHNFFAI09CA,24,81.37,住家用,鋼筋混凝土造,83年6月22日,十三層,七層
RPWNMLPLMHNFFAI09CA,24,28.63,共有部份,鋼筋混凝土造,83年6月22日,十三層,
RPSPMLRKMHNFFAI98CA,23,28.39,住家用,鋼筋混凝土造,84年7月11日,十二層,十一層
RPSPMLRKMHNFFAI98CA,23,6.77,共有部份,鋼筋混凝土造,84年7月11日,十二層,
RPOOMLNKMHNFFAI08CA,36,98.48,住商用,鋼筋混凝土加強磚造,70年12月4日,二層,一層 二層 騎樓
RPXOMLMKPHNFFAI56CA,24,88.31,住家用,鋼筋混凝土造,82年11月17日,七層,六層
RPXOMLMKPHNFFAI56CA,24,13.61,共有部份,鋼筋混凝土造,82年11月17日,七層,
RPXOMLMKPHNFFAI56CA,24,11.78,共有部份,鋼筋混凝土造,82年11月17日,七層,
RPVNMLOKMHNFFAI78CA,25,114.24,住家用,鋼筋混凝土造,82年2月27日,十四層,十二層
RPVNMLOKMHNFFAI78CA,25,14.41,共有部份,鋼筋混凝土造,82年2月27日,十四層,
RPVNMLOKMHNFFAI78CA,25,29.65,共有部份,鋼筋混凝土造,82年2月27日,十四層,
RPPOMLNKMHNFFAI18CA,29,91.15,住家用,鋼筋混凝土造,78年1月17日,七層,六層 走廊
RPPOMLNKMHNFFAI18CA,29,14.18,共有部份,鋼筋混凝土造,78年1月17日,七層,
RPPNMLSKMHNFFAI58CA,,64.76,住家用,見其他登記事項,106年9月20日,九層,五層
RPPNMLSKMHNFFAI58CA,,14.65,見其他登記事項,見其他登記事項,106年9月20日,九層,
RPPNMLSKMHNFFAI58CA,,28.02,見其他登記事項,見其他登記事項,106年9月20日,九層,
RPXNMLRJNHNFFAI66CA,22,392.17,商業用,鋼筋混凝土造,85年1月30日,十四層,三層
RPXNMLRJNHNFFAI66CA,22,44.29,共有部份,鋼筋混凝土造,85年1月31日,十四層,
RPPNMLLJNHNFFAI08EA,20,41.16,住家用,鋼筋混凝土造,87年2月26日,十二層,一層
RPPNMLLJNHNFFAI08EA,20,7.05,共有部份,鋼筋混凝土造,87年2月26日,十二層,
RPPNMLLJNHNFFAI08EA,20,7.45,共有部份,鋼筋混凝土造,87年2月26日,十二層,
RPQOMLPLMHNFFAI78EA,37,112.93,住商用,鋼筋混凝土加強磚造,70年1月21日,二層,一層 二層 騎樓
RPWNMLTJNHNFFAI76CA,24,81.37,住家用,鋼筋混凝土造,83年6月22日,十三層,四層
RPWNMLTJNHNFFAI76CA,24,28.63,共有部份,鋼筋混凝土造,83年6月22日,十三層,
RPPPMLRKMHNFFAI68CA,50,87.42,住家用,木造,57年6月13日,二層,一層 二層 騎樓
RPTOMLLJNHNFFAI38CA,35,110.74,住家用,鋼筋混凝土造,72年6月21日,三層,一層 二層 三層
RPPNMLTLMHNFFAI78CA,23,87.34,住家用,鋼筋混凝土造,83年11月25日,十六層,十四層
RPPNMLTLMHNFFAI78CA,23,10.77,共有部份,鋼筋混凝土造,83年11月25日,十六層,
RPPNMLTLMHNFFAI78CA,23,6.71,共有部份,鋼筋混凝土造,83年11月25日,十六層,
RPPNMLTLMHNFFAI78CA,23,11.44,住家用,鋼筋混凝土造,83年11月25日,十六層,
RPPNMLTLMHNFFAI78CA,23,.00,共有部份,鋼筋混凝土造,83年11月25日,十六層,
RPVNMLMJNHNFFAI58CA,22,48.27,住家用,鋼筋混凝土造,85年3月11日,二十層,八層
RPVNMLMJNHNFFAI58CA,22,13.55,共有部份,鋼筋混凝土造,85年3月11日,二十層,
RPVOMLRLMHNFFAI66CA,29,99.83,住家用,鋼筋混凝土造,78年4月15日,七層,七層
RPVOMLRLMHNFFAI66CA,29,9.72,共有部份,鋼筋混凝土造,78年4月15日,七層,
RPVOMLRLMHNFFAI66CA,29,27.31,共有部份,鋼筋混凝土造,78年4月15日,七層,
RPUOMLNJNHNFFAI68CA,13,356.60,住家用,鋼筋混凝土造,93年8月12日,四層,一層 二層 三層 四層
RPVOMLNJNHNFFAI78CA,13,354.65,住家用,鋼筋混凝土造,93年8月12日,四層,一層 二層 三層 四層
RPWOMLRLMHNFFAI76CA,57,42.65,住家用,木造,50年4月16日,一層,一層
RPVNMLPLMHNFFAI98CA,36,99.62,住家用,鋼筋混凝土加強磚造,71年5月10日,二層,一層 二層 騎樓
RPXNMLSKMHNFFAI76CA,23,92.97,住家用,鋼筋混凝土造,84年1月13日,八層,六層
RPXNMLSKMHNFFAI76CA,23,26.43,共有部份,鋼筋混凝土造,84年1月13日,八層,
RPTNMLPLMHNFFAI78CA,40,94.98,住商用,鋼筋混凝土加強磚造,67年2月3日,二層,一層 二層 騎樓
RPWNMLKLMHNFFAI58CA,24,32.37,住家用,鋼筋混凝土造,83年5月6日,七層,五層
RPWNMLKLMHNFFAI58CA,24,6.61,共有部份,鋼筋混凝土造,83年5月6日,七層,
RPWNMLKLMHNFFAI58CA,24,6.21,共有部份,鋼筋混凝土造,83年5月6日,七層,
RPTNMLTKMHNFFAI09CA,40,86.65,住家用,鋼筋混凝土加強磚造,67年4月7日,二層,一層 二層 騎樓
RPOOMLOKNHNFFAI28CA,2,194.25,住家用,見其他登記事項,105年5月3日,四層,二層
RPOOMLOKNHNFFAI28CA,2,102.12,見其他登記事項,見其他登記事項,105年5月3日,四層,
RPOOMLOKNHNFFAI28CA,2,.35,見其他登記事項,見其他登記事項,105年5月3日,一層,
RPWNMLSJNHNFFAI66CA,35,67.46,見其他登記事項,鋼筋混凝土造,72年7月14日,五層,五層
RPWNMLSJNHNFFAI66CA,35,8.75,共有部份,鋼筋混凝土造,72年7月14日,五層,
RPTNMLSKMHNFFAI56EA,13,115.05,住家用,鋼筋混凝土造,93年10月28日,十四層,八層
RPTNMLSKMHNFFAI56EA,13,71.96,共有部份,鋼筋混凝土造,93年10月28日,十四層,
RPQNMLPLMHNFFAI48CA,25,89.89,住家用,鋼筋混凝土造,82年6月23日,十三層,八層
RPQNMLPLMHNFFAI48CA,25,14.91,共有部份,鋼筋混凝土造,82年6月23日,十三層,
RPQNMLPLMHNFFAI48CA,25,11.13,共有部份,鋼筋混凝土造,82年6月23日,十三層,
RPTNMLRLMHNFFAI56EA,25,49.34,住家用,鋼筋混凝土造,82年6月9日,十六層,八層
RPTNMLRLMHNFFAI56EA,25,8.13,共有部份,鋼筋混凝土造,82年6月9日,十六層,
RPTNMLRLMHNFFAI56EA,25,10.58,共有部份,鋼筋混凝土造,82年6月9日,十六層,
RPVOMLPLMHNFFAI09CA,2,86.53,見其他登記事項,見其他登記事項,105年5月10日,十四層,三層
RPVOMLPLMHNFFAI09CA,2,21.24,見其他登記事項,見其他登記事項,105年5月10日,十四層,
RPVOMLPLMHNFFAI09CA,2,28.27,見其他登記事項,見其他登記事項,105年5月10日,十四層,
RPUOMLPLMHNFFAI98CA,2,95.04,見其他登記事項,見其他登記事項,105年5月10日,十四層,十二層
RPUOMLPLMHNFFAI98CA,2,26.29,見其他登記事項,見其他登記事項,105年5月10日,十四層,
RPUOMLPLMHNFFAI98CA,2,44.42,見其他登記事項,見其他登記事項,105年5月10日,十四層,
RPVNMLQLMHNFFAI09CA,2,83.38,見其他登記事項,見其他登記事項,105年5月10日,十四層,三層
RPVNMLQLMHNFFAI09CA,2,20.77,見其他登記事項,見其他登記事項,105年5月10日,十四層,
RPVNMLQLMHNFFAI09CA,2,42.11,見其他登記事項,見其他登記事項,105年5月10日,十四層,
RPSNMLKLMHNFFAI18CA,1,203.22,見其他登記事項,見其他登記事項,105年10月25日,三層,一層 二層 三層 見其他登記事項
RPQNMLOLMHNFFAI38CA,27,116.90,住家用,鋼筋混凝土造,80年5月8日,十層,八層
RPQNMLOLMHNFFAI38CA,27,20.95,共有部份,鋼筋混凝土造,80年5月8日,十層,
RPQNMLOLMHNFFAI38CA,27,3.87,共有部份,鋼筋混凝土造,80年5月8日,十層,
RPVOMLLJNHNFFAI58CA,24,92.03,住家用,鋼筋混凝土造,82年12月17日,七層,三層
RPVOMLLJNHNFFAI58CA,24,34.86,共有部份,鋼筋混凝土造,82年12月17日,七層,
RPOOMLPLMHNFFAI38CA,22,27.06,住家用,鋼筋混凝土造,85年6月18日,九層,九層
RPOOMLPLMHNFFAI38CA,22,11.00,共有部份,鋼筋混凝土造,85年6月18日,九層,
RPQNMLKLMHNFFAI97CA,37,110.77,住家用,鋼筋混凝土造,70年6月25日,三層,一層 二層 三層 騎樓
RPWOMLLJNHNFFAI68CA,25,28.72,住家用,鋼筋混凝土造,82年6月9日,十六層,九層
RPWOMLLJNHNFFAI68CA,25,7.52,共有部份,鋼筋混凝土造,82年6月9日,十六層,
RPWOMLLJNHNFFAI68CA,25,4.66,共有部份,鋼筋混凝土造,82年6月9日,十六層,
RPPNMLNLMHNFFAI18CA,23,82.96,住家用,鋼筋混凝土造,84年3月6日,十層,一層
RPPNMLNLMHNFFAI18CA,23,11.70,共有部份,鋼筋混凝土造,84年3月6日,十層,
RPPNMLNLMHNFFAI18CA,23,11.24,共有部份,鋼筋混凝土造,84年3月6日,十層,
RPPOMLLJNHNFFAI97CA,40,56.43,住家用,磚造,66年11月3日,一層,一層
RPPPMLMJNHNFFAI18CA,22,10.09,共有部份,鋼筋混凝土造,85年6月18日,九層,
RPPOMLRLMHNFFAI68CA,33,96.32,住家用,加強磚造,74年8月7日,二層,一層 二層
RPXOMLMJNHNFFAI88CA,2,480.44,見其他登記事項,見其他登記事項,105年8月17日,五層,一層 二層 三層 四層 地下一層 見其他登記事項
RPXOMLMJNHNFFAI88CA,2,7.85,見其他登記事項,見其他登記事項,105年8月17日,五層,
RPXOMLMJNHNFFAI88CA,2,38.07,見其他登記事項,見其他登記事項,105年8月17日,五層,
RPWNMLNJNHNFFAI78CA,13,201.80,住商用,鋼筋混凝土造,93年11月29日,四層,一層 二層 三層 四層
RPQNMLNKNHNFFAI28CA,14,162.84,見其他登記事項,鋼筋混凝土造,93年2月6日,三層,一層 二層 三層 見其他登記事項
RPXNMLOJNHNFFAI98CA,22,63.96,住家用,鋼筋混凝土造,85年6月18日,九層,七層
RPXNMLOJNHNFFAI98CA,22,19.26,共有部份,鋼筋混凝土造,85年6月18日,九層,
RPPNMLNKNHNFFAI18CA,3,106.06,住家用,見其他登記事項,104年6月25日,一層,一層
RPPNMLPKNHNFFAI38CA,25,40.94,住家用,鋼筋混凝土造,82年6月9日,十六層,十一層
RPPNMLPKNHNFFAI38CA,25,6.70,共有部份,鋼筋混凝土造,82年6月9日,十六層,
RPPNMLPKNHNFFAI38CA,25,8.87,共有部份,鋼筋混凝土造,82年6月9日,十六層,
RPRNMLSKNHNFFAI88CA,22,32.10,住家用,鋼筋混凝土造,85年3月11日,二十層,三層
RPRNMLSKNHNFFAI88CA,22,32.17,住家用,鋼筋混凝土造,85年3月11日,二十層,三層
RPRNMLSKNHNFFAI88CA,22,30.12,共有部份,鋼筋混凝土造,85年3月11日,二十層,
RPSNMLQLMHNFFAI98EA,40,87.80,住家用,鋼筋混凝土加強磚造,67年2月3日,二層,一層 二層
RPUNMLMLIINFFAI28CA,38,109.42,住家用,鋼筋混凝土造,69年8月13日,五層,二層
RPUNMLMLIINFFAI28CA,38,8.97,共有部份,鋼筋混凝土造,69年8月13日,五層,
RPUNMLMLIINFFAI28CA,38,4.88,共有部份,鋼筋混凝土造,69年8月13日,五層,
RPSOMLNJNHNFFAI48CA,43,48.34,住家用,木造,64年8月20日,二層,一層 二層
RPPNMLOLMHNFFAI28CA,29,115.98,住家用,鋼筋混凝土造,78年6月6日,五層,三層
RPPNMLOLMHNFFAI28CA,29,32.47,共有部份,鋼筋混凝土造,78年6月6日,五層,
RPOOMLLJNHNFFAI87CA,35,97.04,住家用,鋼筋混凝土造,71年11月16日,五層,二層
RPOOMLLJNHNFFAI87CA,35,13.63,共有部份,鋼筋混凝土造,71年11月16日,五層,
RPQNMLTJNHNFFAI78CA,21,61.85,住家用,鋼筋混凝土造,86年7月9日,九層,三層
RPQNMLTJNHNFFAI78CA,21,20.89,共有部份,鋼筋混凝土造,86年7月9日,九層,
RPPNMLPLMHNFFAI38CA,1,217.09,見其他登記事項,見其他登記事項,106年4月11日,三層,一層 二層 三層 見其他登記事項
RPPOMLPLMHNFFAI48CA,44,77.88,住家用,木造,62年10月21日,二層,一層 二層
RPSNMLPLMHNFFAI68CA,72,27.00,住家用,木造,34年10月5日,一層,一層
RPTNMLOLMHNFFAI78DA,45,65.66,住家用,木造,61年10月31日,二層,一層 二層
RPPNMLMKNHNFFAI08CA,30,101.38,住商用,鋼筋混凝土造,77年9月10日,五層,一層 二層 三層 四層 五層 騎樓 地下層
RPPNMLMKNHNFFAI08CA,30,101.38,住商用,鋼筋混凝土造,77年9月10日,五層,一層 二層 三層 四層 五層 騎樓 地下層
RPOOMLNJNHNFFAI08CA,24,103.96,住家用,鋼筋混凝土造,83年5月30日,十二層,十二層
RPOOMLNJNHNFFAI08CA,24,28.59,共有部份,鋼筋混凝土造,83年5月30日,十二層,
RPRNMLSJNHNFFAI98EA,29,21.00,住家用,鋼筋混凝土造,78年2月3日,七層,四層
RPRNMLSJNHNFFAI98EA,29,12.17,共有部份,鋼筋混凝土造,78年2月3日,七層,
RPSNMLKMMHNFFAI38DA,39,114.20,住商用,鋼筋混凝土加強磚造,68年1月31日,二層,一層 二層
RPQNMLNLNHNFFAI58EA,23,78.94,住家用,鋼筋混凝土造,84年1月13日,十二層,九層
RPQNMLNLNHNFFAI58EA,23,28.69,共有部份,鋼筋混凝土造,84年1月13日,十二層,
RPOOMLRLMHNFFAI58CA,,223.97,見其他登記事項,見其他登記事項,107年1月30日,三層,一層 二層 三層 見其他登記事項
RPWNMLLJNHNFFAI58CA,5,79.47,見其他登記事項,見其他登記事項,102年9月2日,三層,一層 二層 三層 見其他登記事項
RPWNMLLJNHNFFAI58CA,5,79.47,見其他登記事項,見其他登記事項,102年9月2日,三層,一層 二層 三層 見其他登記事項
RPVNMLLKNHNFFAI58CA,35,49.40,住家用,鋼筋混凝土造,71年11月16日,五層,四層
RPVNMLLKNHNFFAI58CA,35,7.05,共有部份,鋼筋混凝土造,71年11月16日,五層,
RPXNMLRLMHNFFAI76CA,,232.20,見其他登記事項,見其他登記事項,107年1月30日,三層,一層 二層 三層 見其他登記事項
RPQOMLLJNHNFFAI08CA,27,86.09,住家用,鋼筋混凝土造,79年10月30日,七層,七層
RPQOMLLJNHNFFAI08CA,27,23.12,共有部份,鋼筋混凝土造,79年10月30日,七層,
RPRNMLPLMHNFFAI58CA,13,114.03,住家用,鋼筋混凝土造,93年10月28日,十四層,十層
RPRNMLPLMHNFFAI58CA,13,71.76,共有部份,鋼筋混凝土造,93年10月28日,十四層,
RPSNMLRLMHNFFAI88CA,,212.28,見其他登記事項,見其他登記事項,107年1月30日,三層,一層 二層 三層 見其他登記事項
RPWNMLQLMHNFFAI56CA,,404.86,住家用,見其他登記事項,107年1月30日,三層,一層 二層 三層
RPROMLLJNHNFFAI18CA,24,101.36,住家用,鋼筋混凝土造,82年12月22日,七層,一層
RPROMLLJNHNFFAI18CA,24,36.60,共有部份,鋼筋混凝土造,82年12月22日,七層,
RPRNMLRJNHNFFAI68CA,20,187.31,住商用,鋼筋混凝土造,87年5月18日,六層,一層 二層
RPRNMLRJNHNFFAI68CA,20,46.74,共有部份,鋼筋混凝土造,87年5月18日,六層,
RPQPMLMJNHNFFAI28CA,26,65.10,住家用,鋼筋混凝土造,81年6月30日,七層,三層
RPQPMLMJNHNFFAI28CA,26,21.97,共有部份,鋼筋混凝土造,81年6月30日,七層,
RPRPMLMJNHNFFAI38CA,24,102.47,住家用,鋼筋混凝土造,83年9月14日,十二層,九層
RPRPMLMJNHNFFAI38CA,24,32.95,共有部份,鋼筋混凝土造,83年9月14日,十二層,
RPOOMLTJNHNFFAI68CA,23,81.92,住家用,鋼筋混凝土造,84年8月16日,十九層,十八層
RPOOMLTJNHNFFAI68CA,23,26.81,共有部份,鋼筋混凝土造,84年8月16日,十九層,
RPSNMLSJNHNFFAI88CA,27,238.54,住家用,鋼筋混凝土造,80年5月11日,四層,一層 二層 三層 四層 地下層
RPUNMLMKNHNFFAI58CA,25,216.08,住商用,鋼筋混凝土造,82年6月23日,十二層,一層 二層 三層 騎樓
RPUNMLMKNHNFFAI58CA,25,27.95,共有部份,鋼筋混凝土造,82年6月23日,十三層,
RPUNMLMKNHNFFAI58CA,25,33.79,共有部份,鋼筋混凝土造,82年6月23日,十三層,
RPQOMLOKNHNFFAI48CA,38,85.42,住家用,鋼筋混凝土造,69年9月30日,六層,六層
RPQOMLOKNHNFFAI48CA,38,13.61,共有部份,鋼筋混凝土造,69年9月30日,六層,
RPQNMLQLMHNFFAI78EA,41,89.89,住家用,鋼筋混凝土加強磚造,66年5月24日,二層,一層 二層 騎樓
RPTNMLLLNHNFFAI48CA,35,53.51,住家用,鋼筋混凝土造,72年8月25日,九層,六層
RPTNMLLLNHNFFAI48CA,35,8.84,共有部份,鋼筋混凝土造,72年8月25日,九層,
RPTNMLLLNHNFFAI48CA,35,2.76,共有部份,鋼筋混凝土造,72年8月25日,九層,
RPTNMLLLNHNFFAI48CA,35,55.03,住家用,鋼筋混凝土造,72年8月25日,九層,六層
RPTNMLLLNHNFFAI48CA,35,8.14,共有部份,鋼筋混凝土造,72年8月25日,九層,
RPTNMLLLNHNFFAI48CA,35,2.54,共有部份,鋼筋混凝土造,72年8月25日,九層,
RPTNMLQLMHNFFAI09EA,47,157.96,住家用,鋼筋混凝土加強磚造,60年3月5日,三層,一層 二層 三層
RPQOMLPKNHNFFAI78EA,23,30.56,住家用,鋼筋混凝土造,84年4月6日,七層,七層
RPQOMLPKNHNFFAI78EA,23,18.22,共有部份,鋼筋混凝土造,84年4月6日,七層,
RPROMLLLNHNFFAI38CA,25,69.17,住家用,鋼筋混凝土造,81年11月17日,七層,七層
RPROMLLLNHNFFAI38CA,25,25.23,共有部份,鋼筋混凝土造,81年11月17日,七層,
RPUNMLQLMHNFFAI56EA,25,41.72,住家用,鋼筋混凝土造,82年1月11日,七層,七層
RPUNMLQLMHNFFAI56EA,25,12.55,共有部份,鋼筋混凝土造,82年1月11日,七層,
RPQNMLPJNHNFFAI38CA,37,104.91,住商用,鋼筋混凝土加強磚造,69年12月27日,二層,一層 二層
RPSNMLNKNHNFFAI48CA,49,77.59,住家用,加強磚造,58年10月1日,二層,一層 二層
RPROMLTJNHNFFAI98CA,22,97.79,住家用,鋼筋混凝土造,84年10月4日,十一層,三層
RPROMLTJNHNFFAI98CA,22,20.49,共有部份,鋼筋混凝土造,84年10月4日,十一層,
RPROMLTJNHNFFAI98CA,22,12.23,共有部份,鋼筋混凝土造,84年10月4日,十一層,
RPQOMLTJNHNFFAI88CA,37,73.80,住家用,鋼筋混凝土加強磚造,69年12月29日,二層,一層 二層
RPQNMLOJNHNFFAI28CA,22,70.24,住家用,鋼筋混凝土造,85年3月11日,二十層,十九層
RPQNMLOJNHNFFAI28CA,22,24.10,共有部份,鋼筋混凝土造,85年3月11日,二十層,
RPUNMLMJNHNFFAI48CA,1,180.70,見其他登記事項,見其他登記事項,106年8月16日,三層,一層 二層 三層 見其他登記事項
RPOOMLMJNHNFFAI97CA,24,70.72,住家用,鋼筋混凝土造,83年7月18日,十二層,五層
RPOOMLMJNHNFFAI97CA,24,24.58,共有部份,鋼筋混凝土造,83年7月18日,十二層,
RPOOMLMJNHNFFAI97CA,24,9.81,共有部份,鋼筋混凝土造,83年7月18日,十二層,
RPUNMLLJNHNFFAI38CA,46,59.94,住家用,木造,61年3月5日,二層,一層 二層
RPPNMLKMMHNFFAI97CA,4,325.87,見其他登記事項,見其他登記事項,102年12月31日,四層,一層 二層 三層 四層
RPPNMLKMMHNFFAI97CA,4,.27,見其他登記事項,見其他登記事項,102年12月31日,一層,
RPUOMLRLMHNFFAI56CA,25,56.61,住家用,鋼筋混凝土造,82年6月23日,十三層,四層
RPUOMLRLMHNFFAI56CA,25,8.94,共有部份,鋼筋混凝土造,82年6月23日,十三層,
RPUOMLRLMHNFFAI56CA,25,6.73,共有部份,鋼筋混凝土造,82年6月23日,十三層,
RPSOMLRLMHNFFAI98CA,21,182.08,住家用,鋼筋混凝土造,85年11月13日,四層,一層 二層 三層 四層
RPQNMLNJNHNFFAI18CA,33,95.76,住家用,鋼筋混凝土造,74年9月19日,五層,三層
RPQNMLNJNHNFFAI18CA,33,7.00,共有部份,鋼筋混凝土造,74年9月19日,五層,
RPQNMLNJNHNFFAI18CA,33,8.07,共有部份,鋼筋混凝土造,74年9月19日,五層,
RPXNMLSJNHNFFAI76CA,39,64.62,住家用,鋼筋混凝土加強磚造,68年1月15日,二層,一層 二層
RPPOMLMJNHNFFAI08CA,43,57.96,住家用,磚造,64年2月21日,一層,一層
RPSOMLLJNHNFFAI28CA,1,77.66,住家用,見其他登記事項,106年9月20日,九層,九層 見其他登記事項
RPSOMLLJNHNFFAI28CA,1,13.26,見其他登記事項,見其他登記事項,106年9月20日,九層,
RPSOMLLJNHNFFAI28CA,1,37.54,見其他登記事項,見其他登記事項,106年9月20日,九層,
RPQOMLRLMHNFFAI78CA,27,110.26,住家用,鋼筋混凝土造,80年8月15日,七層,六層
RPQOMLRLMHNFFAI78CA,27,19.20,共有部份,鋼筋混凝土造,80年8月15日,七層,
RPQOMLRLMHNFFAI78CA,27,13.34,共有部份,鋼筋混凝土造,80年8月15日,七層,
RPQOMLRLMHNFFAI78CA,27,13.62,見其他登記事項,鋼筋混凝土造,80年8月15日,七層,
RPVNMLLLNHNFFAI68CA,24,85.63,住家用,鋼筋混凝土造,83年7月23日,十一層,五層
RPVNMLLLNHNFFAI68CA,24,18.85,共有部份,鋼筋混凝土造,83年7月23日,十一層,
RPTNMLKMMHNFFAI38CA,26,56.80,住家用,鋼筋混凝土造,81年8月28日,十層,九層
RPTNMLKMMHNFFAI38CA,26,8.12,共有部份,鋼筋混凝土造,81年8月28日,十層,
RPRPMLOKNHNFFAI68CA,23,269.15,見其他登記事項,鋼筋混凝土造,83年11月9日,三層,一層 二層 三層 夾層 地下層
RPSOMLNLNHNFFAI68CA,25,135.13,住商用,鋼筋混凝土造,82年3月25日,十二層,一層 二層 夾層 地下層
RPSOMLNLNHNFFAI68CA,25,8.42,共有部份,鋼筋混凝土造,82年3月25日,十二層,
RPSOMLNLNHNFFAI68CA,25,10.73,共有部份,鋼筋混凝土造,82年3月25日,十二層,
RPUNMLNKNHNFFAI68CA,23,97.28,住家用,鋼筋混凝土造,83年12月23日,十三層,四層
RPUNMLNKNHNFFAI68CA,23,20.56,共有部份,鋼筋混凝土造,83年12月23日,十三層,
RPPNMLPJNHNFFAI28CA,27,5.07,見其他登記事項,鋼筋混凝土造,80年7月10日,六層,
RPPNMLPJNHNFFAI28CA,27,9.42,共有部份,鋼筋混凝土造,80年7月10日,六層,
RPPNMLPJNHNFFAI28CA,27,35.21,住家用,鋼筋混凝土造,80年7月10日,六層,四層
RPPNMLPJNHNFFAI28CA,27,.00,共有部份,鋼筋混凝土造,80年7月10日,六層,
RPRNMLNKNHNFFAI38CA,22,77.26,住家用,鋼筋混凝土造,85年3月11日,二十層,五層
RPRNMLNKNHNFFAI38CA,22,19.58,共有部份,鋼筋混凝土造,85年3月11日,二十層,
RPWNMLNKNHNFFAI88CA,21,87.34,住家用,鋼筋混凝土造,86年1月31日,十四層,九層
RPWNMLNKNHNFFAI88CA,21,15.03,共有部份,鋼筋混凝土造,86年1月31日,十四層,
RPWNMLNKNHNFFAI88CA,21,9.59,共有部份,鋼筋混凝土造,86年1月31日,十四層,
RPVNMLNKNHNFFAI78CA,27,108.64,住家用,鋼筋混凝土造,80年6月20日,七層,七層
RPVNMLNKNHNFFAI78CA,27,15.74,共有部份,鋼筋混凝土造,80年6月20日,七層,
RPQNMLMKNHNFFAI18CA,43,80.16,住家用,鋼筋混凝土加強磚造,64年6月13日,二層,一層 二層
RPRNMLNJNHNFFAI28CA,22,192.77,住家用,鋼筋混凝土造,84年10月21日,四層,一層 二層 三層 四層
RPWNMLOJNHNFFAI88CA,23,256.09,住商用,鋼筋混凝土造,84年4月14日,五層,一層 二層 三層 四層 五層 騎樓
RPWOMLMJNHNFFAI78CA,22,91.94,住家用,鋼筋混凝土造,84年10月13日,十二層,五層
RPWOMLMJNHNFFAI78CA,22,28.89,共有部份,鋼筋混凝土造,84年10月13日,十二層,
RPQOMLNJNHNFFAI28CA,32,69.66,住家用,鋼筋混凝土造,75年10月19日,九層,六層
RPQOMLNJNHNFFAI28CA,32,5.24,共有部份,鋼筋混凝土造,75年10月19日,十層,
RPQOMLNJNHNFFAI28CA,32,20.33,共有部份,鋼筋混凝土造,75年10月19日,九層,
RPQOMLNJNHNFFAI28CA,32,.06,共有部份,鋼筋混凝土造,75年10月19日,五層,
RPTNMLNJNHNFFAI68EA,46,63.52,住家用,木造,61年3月30日,二層,一層 二層
RPSNMLKMNHNFFAI58EA,25,273.37,住商用,鋼筋混凝土造,82年5月15日,四層,一層 二層 三層 四層
RPQNMLLJNHNFFAI97CA,38,191.86,住商用,鋼筋混凝土造,68年11月17日,四層,一層 二層 三層 四層 防空避難室 騎樓
RPSNMLMJNHNFFAI48EA,1,214.58,見其他登記事項,見其他登記事項,106年9月28日,三層,一層 二層 三層 見其他登記事項
RPSNMLMJNHNFFAI48EA,1,.11,見其他登記事項,見其他登記事項,106年9月28日,一層,
RPROMLNJNHNFFAI38CA,26,187.69,住家用,鋼筋混凝土造,81年4月27日,四層,一層 二層 三層 四層
RPSNMLOJNHNFFAI48CA,34,42.04,住家用,鋼筋混凝土造,73年6月20日,五層,五層
RPSNMLOJNHNFFAI48CA,34,4.74,共有部份,鋼筋混凝土造,73年6月20日,五層,
RPSNMLOJNHNFFAI48CA,34,3.76,共有部份,鋼筋混凝土造,73年6月20日,五層,
RPRNMLKKNHNFFAI08CA,27,220.54,見其他登記事項,鋼筋混凝土造,79年10月16日,四層,一層 二層 三層 四層 防空避難室
RPWNMLKMNHNFFAI78CA,23,117.07,住家用,鋼筋混凝土造,84年10月4日,十一層,二層
RPWNMLKMNHNFFAI78CA,23,23.63,共有部份,鋼筋混凝土造,84年10月4日,十一層,
RPWNMLKMNHNFFAI78CA,23,14.46,共有部份,鋼筋混凝土造,84年10月4日,十一層,
RPUNMLQLNHNFFAI09CA,41,152.87,住商用,鋼筋混凝土加強磚造,66年6月29日,三層,一層 二層 三層 騎樓
RPTNMLRJNHNFFAI88CA,1,280.73,住家用,見其他登記事項,106年7月10日,四層,一層 二層 三層 四層
RPSNMLQKNHNFFAI98EA,23,260.16,見其他登記事項,鋼筋混凝土造,83年12月20日,十五層,三層
RPSNMLQKNHNFFAI98EA,23,78.85,共有部份,鋼筋混凝土造,83年12月20日,十五層,
RPSNMLQKNHNFFAI98EA,23,.60,共有部份,鋼筋混凝土造,83年12月20日,十五層,
RPSNMLQKNHNFFAI98EA,23,26.35,見其他登記事項,鋼筋混凝土造,83年12月20日,十五層,
RPQNMLTKNHNFFAI88CA,37,103.83,住商用,鋼筋混凝土加強磚造,70年2月21日,二層,一層 二層 騎樓
RPTNMLLKNHNFFAI38CA,9,193.92,農舍,見其他登記事項,98年7月30日,三層,一層 二層 三層
RPTNMLLKNHNFFAI38CA,9,.08,共有部份,見其他登記事項,98年7月30日,一層,
RPPOMLTJNHNFFAI78CA,27,113.95,住家用,鋼筋混凝土造,79年11月10日,八層,三層
RPSNMLLKNHNFFAI48EA,26,31.50,住家用,鋼筋混凝土造,81年9月3日,七層,三層
RPPOMLTJNHNFFAI78CA,27,32.39,共有部份,鋼筋混凝土造,79年11月10日,八層,
RPSNMLLKNHNFFAI48EA,26,4.40,共有部份,鋼筋混凝土造,81年9月3日,七層,
RPSNMLLKNHNFFAI48EA,26,7.30,共有部份,鋼筋混凝土造,81年9月3日,七層,
RPPNMLSJNHNFFAI78EA,13,128.19,住家用,鋼筋混凝土造,93年10月28日,十四層,十層
RPPNMLSJNHNFFAI78EA,13,83.39,共有部份,鋼筋混凝土造,93年10月28日,十四層,
RPUNMLLLNHNFFAI58CA,,197.60,住家用,見其他登記事項,107年2月7日,四層,一層 二層 三層 四層
RPPNMLQLNHNFFAI58CA,49,83.70,住家用,見使用執照,58年2月20日,二層,一層 二層
RPUNMLMLNHNFFAI78DA,55,54.15,住家用,見使用執照,52年8月15日,一層,一層
RPUNMLMLNHNFFAI78DA,75,59.74,商業用,木造,32年8月6日,一層,一層
RPUNMLMLNHNFFAI78DA,75,38.54,商業用,見使用執照,32年8月6日,一層,一層
RPTNMLKKNHNFFAI28CA,23,129.62,住家用,鋼筋混凝土造,84年1月11日,七層,七層
RPTNMLKKNHNFFAI28CA,23,36.39,共有部份,鋼筋混凝土造,84年1月11日,七層,
RPWNMLRJNHNFFAI56CA,20,49.55,住家用,鋼筋混凝土造,87年6月11日,六層,三層
RPWNMLRJNHNFFAI56CA,20,24.18,共有部份,鋼筋混凝土造,87年6月11日,六層,
RPWNMLRJNHNFFAI56CA,20,24.18,共有部份,鋼筋混凝土造,87年6月11日,六層,
RPWNMLRJNHNFFAI56CA,20,49.55,住家用,鋼筋混凝土造,87年6月11日,六層,三層
RPTNMLTJNHNFFAI09CA,27,73.13,住家用,鋼筋混凝土造,80年8月15日,七層,四層
RPTNMLTJNHNFFAI09CA,27,9.33,共有部份,鋼筋混凝土造,80年8月15日,七層,
RPTNMLTJNHNFFAI09CA,27,13.11,共有部份,鋼筋混凝土造,80年8月15日,七層,
RPVNMLOJOHNFFAI88CA,26,98.27,住家用,鋼筋混凝土造,81年6月26日,十五層,九層
RPVNMLOJOHNFFAI88CA,26,16.53,共有部份,鋼筋混凝土造,81年6月26日,十五層,
RPVNMLOJOHNFFAI88CA,26,25.93,共有部份,鋼筋混凝土造,81年6月26日,十五層,
RPUNMLRJNHNFFAI98CA,13,114.80,住家用,鋼筋混凝土造,93年10月29日,十四層,五層
RPUNMLRJNHNFFAI98CA,13,70.98,共有部份,鋼筋混凝土造,93年10月29日,十四層,
RPXNMLTLNHNFFAI27EA,34,52.54,住家用,鋼筋混凝土造,73年10月13日,五層,四層
RPXNMLTLNHNFFAI27EA,37,4.46,共有部份,鋼筋混凝土造,70年10月13日,五層,
RPXNMLTLNHNFFAI27EA,34,4.19,共有部份,鋼筋混凝土造,73年10月13日,五層,
RPRNMLSKNHNFFAI09EA,20,89.59,住家用,鋼筋混凝土造,87年8月26日,十二層,六層
RPRNMLSKNHNFFAI09EA,20,33.78,共有部份,鋼筋混凝土造,87年8月26日,十二層,
RPPOMLRKNHNFFAI68CA,33,168.03,住商用,鋼筋混凝土造,73年10月6日,三層,一層 二層 三層 騎樓
RPOOMLPKNHNFFAI38CA,23,58.74,住家用,鋼筋混凝土造,83年12月31日,十二層,十層
RPOOMLPKNHNFFAI38CA,23,22.02,共有部份,鋼筋混凝土造,83年12月31日,十二層,
RPPOMLSKNHNFFAI78CA,35,183.85,住商用,鋼筋混凝土造,72年4月27日,四層,一層 二層 三層 四層 騎樓
RPVNMLMKNHNFFAI68CA,25,56.61,住家用,鋼筋混凝土造,82年6月23日,十二層,八層
RPVNMLMKNHNFFAI68CA,25,7.74,共有部份,鋼筋混凝土造,82年6月23日,十二層,
RPVNMLMKNHNFFAI68CA,25,8.94,共有部份,鋼筋混凝土造,82年6月23日,十三層,
RPTNMLOKNHNFFAI68CA,25,128.65,住家用,鋼筋混凝土造,82年3月8日,五層,二層
RPTNMLOKNHNFFAI68CA,25,13.76,共有部份,鋼筋混凝土造,82年3月8日,五層,
RPTNMLOKNHNFFAI68CA,25,32.64,見使用執照,鋼筋混凝土造,82年3月8日,五層,
RPTNMLOKNHNFFAI68CA,25,.16,共有部份,鋼筋混凝土造,82年3月8日,五層,
RPROMLQLNHNFFAI88CA,40,88.54,住家用,鋼筋混凝土加強磚造,67年2月2日,二層,一層 二層
RPPOMLSJNHNFFAI68CA,20,275.98,住商用,鋼筋混凝土造,87年8月21日,五層,一層 二層 三層 四層 五層 騎樓
RPUOMLQLNHNFFAI56CA,23,98.66,住家用,鋼筋混凝土造,84年8月16日,十九層,十一層
RPUOMLQLNHNFFAI56CA,23,31.28,共有部份,鋼筋混凝土造,84年8月16日,十九層,
RPUOMLQLNHNFFAI56CA,23,6.13,共有部份,鋼筋混凝土造,84年8月16日,十九層,
RPUNMLLKNHNFFAI48CA,19,45.70,住家用,鋼筋混凝土造,88年7月17日,十二層,十層
RPUNMLLKNHNFFAI48CA,19,6.69,共有部份,鋼筋混凝土造,88年7月17日,十二層,
RPUNMLLKNHNFFAI48CA,19,13.60,共有部份,鋼筋混凝土造,88年7月17日,十二層,
RPSOMLQLNHNFFAI98CA,45,112.00,住家用,鋼筋混凝土加強磚造,61年11月15日,二層,一層 二層 騎樓
RPQNMLOJOHNFFAI38CA,15,134.26,住家用,鋼筋混凝土造,92年4月22日,三層,一層 二層 三層
RPOOMLMJOHNFFAI08CA,24,101.06,住家用,鋼筋混凝土造,82年11月17日,七層,六層
RPOOMLMJOHNFFAI08CA,24,14.59,共有部份,鋼筋混凝土造,82年11月17日,七層,
RPOOMLMJOHNFFAI08CA,24,16.66,共有部份,鋼筋混凝土造,82年11月17日,七層,
RPXNMLQLNHNFFAI76CA,49,62.56,住商用,鋼筋混凝土加強磚造,58年2月27日,二層,一層 二層
RPXNMLMKNHNFFAI88CA,1,89.99,住家用,見其他登記事項,105年10月27日,十層,四層
RPXNMLMKNHNFFAI88CA,1,16.16,見其他登記事項,見其他登記事項,105年10月27日,十層,
RPXNMLMKNHNFFAI88CA,1,22.50,見其他登記事項,見其他登記事項,105年10月27日,十層,
RPTOMLMLNHNFFAI68CA,7,342.64,見其他登記事項,見其他登記事項,100年4月1日,三層,一層 二層 三層 見其他登記事項
RPRNMLMKNHNFFAI28CA,24,108.76,住家用,鋼筋混凝土造,83年9月14日,十二層,十一層
RPRNMLMKNHNFFAI28CA,24,35.77,共有部份,鋼筋混凝土造,83年9月14日,十二層,
RPPNMLTKNHNFFAI78CA,26,33.95,住家用,鋼筋混凝土造,81年9月3日,七層,三層
RPPNMLTKNHNFFAI78CA,26,10.05,共有部份,鋼筋混凝土造,81年9月3日,七層,
RPPNMLTKNHNFFAI78CA,26,4.03,共有部份,鋼筋混凝土造,81年9月3日,七層,
RPQNMLPKNHNFFAI48CA,45,55.98,住家用,木造,61年12月18日,二層,一層 二層
RPPNMLSKNHNFFAI68CA,23,99.67,住家用,鋼筋混凝土造,83年11月25日,十六層,九層
RPPNMLSKNHNFFAI68CA,23,7.56,共有部份,鋼筋混凝土造,83年11月25日,十六層,
RPPNMLSKNHNFFAI68CA,23,19.35,共有部份,鋼筋混凝土造,83年11月25日,十六層,
RPPNMLSKNHNFFAI68CA,23,11.44,住家用,鋼筋混凝土造,83年11月25日,十六層,
RPPNMLSKNHNFFAI68CA,23,.00,共有部份,鋼筋混凝土造,83年11月25日,十六層,
RPRNMLOKNHNFFAI48CA,1,309.15,見其他登記事項,見其他登記事項,106年8月22日,四層,一層 二層 三層 四層
RPVOMLOKNHNFFAI98CA,47,40.18,住家用,木造,60年4月23日,一層,一層
RPSNMLMKNHNFFAI38CA,24,123.42,住家用,鋼筋混凝土造,82年10月29日,十五層,四層
RPSNMLMKNHNFFAI38CA,24,18.48,共有部份,鋼筋混凝土造,82年10月29日,十五層,
RPSNMLMKNHNFFAI38CA,24,14.06,共有部份,鋼筋混凝土造,82年10月29日,十五層,
RPSNMLMKNHNFFAI38CA,24,10.49,見其他登記事項,鋼筋混凝土造,82年10月29日,十五層,
RPSNMLMKNHNFFAI38CA,24,5.37,共有部份,鋼筋混凝土造,82年10月29日,十五層,
RPQNMLMJOHNFFAI18CA,38,95.94,住家用,鋼筋混凝土加強磚造,69年6月9日,二層,一層 二層
RPOOMLKMNHNFFAI08CA,2,95.04,見其他登記事項,見其他登記事項,105年5月10日,十四層,十四層
RPOOMLKMNHNFFAI08CA,2,26.28,見其他登記事項,見其他登記事項,105年5月10日,十四層,
RPOOMLKMNHNFFAI08CA,2,15.81,見其他登記事項,見其他登記事項,105年5月10日,十四層,
RPWNMLOKNHNFFAI98CA,22,70.24,住家用,鋼筋混凝土造,85年3月11日,二十層,十九層
RPWNMLOKNHNFFAI98CA,22,24.10,共有部份,鋼筋混凝土造,85年3月11日,二十層,
RPSNMLOKNHNFFAI58CA,1,328.12,住家用,見其他登記事項,106年8月22日,四層,一層 二層 三層 四層
RPSNMLOKNHNFFAI58CA,1,.17,見其他登記事項,見其他登記事項,106年8月22日,一層,
RPSNMLSLNHNFFAI09CA,,157.46,住家用,見其他登記事項,107年1月23日,三層,一層 二層 三層
RPVNMLRKNHNFFAI66DA,18,96.20,住家用,鋼筋混凝土造,88年11月29日,十二層,五層 夾層
RPVNMLRKNHNFFAI66DA,18,14.97,共有部份,鋼筋混凝土造,88年11月29日,十二層,
RPVNMLRKNHNFFAI66DA,18,22.79,共有部份,鋼筋混凝土造,88年11月29日,十二層,
RPVNMLRKNHNFFAI66DA,18,.17,見其他登記事項,鋼筋混凝土造,88年11月29日,十二層,
RPVNMLRKNHNFFAI66DA,18,.03,共有部份,鋼筋混凝土造,88年11月29日,十二層,
RPSOMLTLNHNFFAI66CA,1,149.68,住家用,見其他登記事項,107年1月23日,三層,一層 二層 三層
RPUNMLSLNHNFFAI66CA,1,159.27,住家用,見其他登記事項,107年1月23日,三層,一層 二層 三層
RPVNMLSLNHNFFAI76CA,1,168.62,住家用,見其他登記事項,107年1月23日,三層,一層 二層 三層
RPXNMLSLNHNFFAI96CA,1,172.99,住家用,見其他登記事項,107年1月23日,三層,一層 二層 三層
RPWNMLSLNHNFFAI86CA,1,157.46,住家用,見其他登記事項,107年1月23日,三層,一層 二層 三層
RPSOMLSLNHNFFAI56CA,1,165.64,住家用,見其他登記事項,107年1月23日,三層,一層 二層 三層
RPOOMLSLNHNFFAI78CA,1,156.26,住家用,見其他登記事項,107年1月23日,三層,一層 二層 三層
RPUOMLSLNHNFFAI76CA,1,166.15,住家用,見其他登記事項,107年1月23日,三層,一層 二層 三層
RPQOMLSLNHNFFAI98CA,1,171.22,住家用,見其他登記事項,107年1月23日,三層,一層 二層 三層
RPROMLSLNHNFFAI09CA,,172.23,住家用,見其他登記事項,107年1月23日,三層,一層 二層 三層
RPTOMLSLNHNFFAI66CA,1,169.56,住家用,見其他登記事項,107年1月23日,三層,一層 二層 三層
RPXOMLSLNHNFFAI07CA,1,161.41,住家用,見其他登記事項,107年1月23日,三層,一層 二層 三層
RPWOMLSLNHNFFAI96CA,1,151.04,住家用,見其他登記事項,107年1月23日,三層,一層 二層 三層
RPRNMLLKNHNFFAI38EA,33,98.06,住家用,鋼筋混凝土造,74年5月28日,五層,二層 通道
RPRNMLLKNHNFFAI38EA,33,5.83,共有部份,鋼筋混凝土造,74年5月28日,五層,
RPPOMLQLNHNFFAI68CA,1,170.26,住家用,見其他登記事項,106年4月17日,四層,一層 二層 三層 四層
RPQNMLQLNHNFFAI68CA,28,69.06,住家用,鋼筋混凝土造,79年5月22日,六層,五層
RPQNMLQLNHNFFAI68CA,28,26.84,共有部份,鋼筋混凝土造,79年5月22日,六層,
RPPNMLRLNHNFFAI68CA,22,102.23,住家用,鋼筋混凝土造,85年3月11日,二十層,十六層
RPPNMLRLNHNFFAI68CA,22,28.61,共有部份,鋼筋混凝土造,85年3月11日,二十層,
RPSOMLOKNHNFFAI68CA,,198.61,見其他登記事項,見其他登記事項,107年1月9日,三層,一層 二層 三層 見其他登記事項
RPTNMLMKNHNFFAI48CA,40,90.52,住家用,鋼筋混凝土加強磚造,67年2月2日,二層,一層 二層
RPSOMLMLNHNFFAI58CA,27,26.08,住家用,鋼筋混凝土造,80年1月4日,六層,五層
RPSOMLMLNHNFFAI58CA,27,5.96,共有部份,鋼筋混凝土造,80年1月4日,六層,
RPSOMLMLNHNFFAI58CA,27,3.11,見其他登記事項,鋼筋混凝土造,80年1月4日,六層,
RPPNMLLKNHNFFAI97CA,55,66.61,住家用,木造,52年5月7日,二層,一層 二層
RPPPMLOKNHNFFAI48CA,3,183.05,見其他登記事項,見其他登記事項,104年1月21日,四層,一層 二層 三層 四層
RPPPMLOKNHNFFAI48CA,3,.15,見其他登記事項,見其他登記事項,104年1月21日,四層,
RPXOMLOKNHNFFAI56CA,5,326.46,見其他登記事項,見其他登記事項,102年9月6日,三層,一層 二層 三層 見其他登記事項
RPXOMLOKNHNFFAI56CA,5,.32,見其他登記事項,見其他登記事項,102年9月6日,一層,
RPQPMLOKNHNFFAI58CA,18,82.53,住家用,鋼筋混凝土造,88年11月29日,十二層,六層 夾層
RPQPMLOKNHNFFAI58CA,18,10.93,共有部份,鋼筋混凝土造,88年11月29日,十二層,
RPQPMLOKNHNFFAI58CA,18,19.85,共有部份,鋼筋混凝土造,88年11月29日,十二層,
RPQPMLOKNHNFFAI58CA,18,.15,見其他登記事項,鋼筋混凝土造,88年11月29日,十二層,
RPQPMLOKNHNFFAI58CA,18,.02,共有部份,鋼筋混凝土造,88年11月29日,十二層,
RPSNMLPKNHNFFAI68CA,24,117.65,住商用,鋼筋混凝土造,82年11月18日,十二層,一層 二層 騎樓
RPSNMLPKNHNFFAI68CA,24,18.62,共有部份,鋼筋混凝土造,82年11月18日,十二層,
RPVNMLPKNHNFFAI98CA,34,98.55,住商用,鋼筋混凝土加強磚造,73年2月7日,二層,一層 二層 騎樓
