﻿編號,土地區段位置,土地移轉面積平方公尺,使用分區或編定
The serial number,land sector position,land shifting area square meter,the use zoning or compiles and checks
RPVNMLMJLHNFFDK09CC,公義段,26.99,都市：住
RPQNMLOKLHNFFDK88CC,龍坑段,903.01,非都市：山坡地保育區 ; 非都市編定：丁種建築用地
RPRNMLOKLHNFFBK78CC,苗栗段,244.00,都市：住
RPQNMLTKLHNFFBK56CC,苗栗段,181.00,都市：商
RPSNMLOKLHNFFBK88CC,苗栗段,221.00,都市：住
RPRNMLQLKHNFFBK09DC,苗栗段,14.00,都市：住
RPRNMLTLLHNFFDK96CC,東平段,29.11,都市：商
RPTOMLLJNHNFFDK56DC,立達段,95.21,都市：住
