﻿鄉鎮市區,交易標的,土地區段位置建物區段門牌,土地面積平方公尺,都市土地使用分區,非都市土地使用分區,非都市土地使用編定,租賃年月日,租賃筆棟數,租賃層次,總樓層數,建物型態,主要用途,主要建材,建築完成年月,建物總面積平方公尺,建物現況格局-房,建物現況格局-廳,建物現況格局-衛,建物現況格局-隔間,有無管理組織,有無附傢俱,總額元,單價元平方公尺,車位類別,車位面積平方公尺,車位總額元,備註,編號
The villages and towns urban district,transaction sign,land sector position building sector house number plate,land shifting total area square meter,the use zoning or compiles and checks,the non-metropolis land use district,non-metropolis land use,transaction year month and day,transaction pen number,shifting level,total floor number,building state,main use,main building materials,construction to complete the years,building shifting total area,Building present situation pattern - room,building present situation pattern - hall,building present situation pattern - health,building present situation pattern - compartmented,Whether there is manages the organization,Whether there is attaches the furniture,total price Yuan,the unit price a Yuan square meter,the berth category,berth shifting total area square meter,the berth total price Yuan,the note,serial number
苗栗市,房地(土地+建物),苗栗縣苗栗市縣府路91~120號,14.0,住,,,1070221,土地1建物1車位0,七層,12,住宅大樓(11層含以上有電梯),住家用,鋼筋混凝土造,0881206,87.0,3,2,2,有,有,無,8000,92,,0.0,0,,RPRNMLQLKHNFFBK09DC
竹南鎮,房地(土地+建物),苗栗縣竹南鎮環市路三段571~600號,26.99,住,,,1070208,土地1建物1車位0,十四層,15,住宅大樓(11層含以上有電梯),見其他登記事項,鋼筋混凝土造,1011213,190.06,1,1,1,有,有,有,10000,53,,0.0,0,,RPVNMLMJLHNFFDK09CC
後龍鎮,房地(土地+建物),苗栗縣後龍鎮龍坑里17鄰十班坑181~210號,903.01,,山坡地保育區,丁種建築用地,1070312,土地1建物1車位0,一層,1,工廠,工業用,見其他登記事項,1060112,499.53,0,0,0,無,無,有,18000,,,0.0,0,,RPQNMLOKLHNFFDK88CC
苗栗市,房地(土地+建物),苗栗縣苗栗市饒平街1~30號,244.0,住,,,1070312,土地1建物1車位0,四層,5,華廈(10層含以下有電梯),住家用,鋼筋混凝土造,0830815,210.0,6,0,6,有,無,有,18000,86,,0.0,0,,RPRNMLOKLHNFFBK78CC
苗栗市,房地(土地+建物),苗栗縣苗栗市中山路391~420號,221.0,住,,,1070312,土地1建物1車位0,三層,6,華廈(10層含以下有電梯),住家用,鋼筋混凝土造,0841221,178.0,3,1,2,有,無,有,15000,84,,0.0,0,,RPSNMLOKLHNFFBK88CC
苗栗市,房地(土地+建物),苗栗縣苗栗市玉苗里中山路631~660號,181.0,商,,,1070316,土地1建物1車位0,一層,3,店面(店鋪),住商用,加強磚造,,158.0,0,0,0,無,無,無,22000,139,,0.0,0,,RPQNMLTKLHNFFBK56CC
竹南鎮,房地(土地+建物)+車位,苗栗縣竹南鎮三平路1~30號,29.11,商,,,1061128,土地1建物1車位1,見其他登記事項,2,店面(店鋪),住商用,鋼筋混凝土造,1040701,229.17,0,0,0,無,無,無,28000,122,坡道平面,23.62,0,含機車位1個,RPRNMLTLLHNFFDK96CC
竹南鎮,建物,苗栗縣竹南鎮光復路211~240號,95.21,住,,,1070501,土地0建物1車位0,全,4,透天厝,見其他登記事項,鋼筋混凝土造,0960423,68.47,0,0,0,無,有,無,20000,292,,0.0,0,,RPTOMLLJNHNFFDK56DC
