﻿鄉鎮市區,交易標的,土地區段位置建物區段門牌,土地面積平方公尺,都市土地使用分區,非都市土地使用分區,非都市土地使用編定,租賃年月日,租賃筆棟數,租賃層次,總樓層數,建物型態,主要用途,主要建材,建築完成年月,建物總面積平方公尺,建物現況格局-房,建物現況格局-廳,建物現況格局-衛,建物現況格局-隔間,有無管理組織,有無附傢俱,總額元,單價元平方公尺,車位類別,車位面積平方公尺,車位總額元,備註,編號
The villages and towns urban district,transaction sign,land sector position building sector house number plate,land shifting total area square meter,the use zoning or compiles and checks,the non-metropolis land use district,non-metropolis land use,transaction year month and day,transaction pen number,shifting level,total floor number,building state,main use,main building materials,construction to complete the years,building shifting total area,Building present situation pattern - room,building present situation pattern - hall,building present situation pattern - health,building present situation pattern - compartmented,Whether there is manages the organization,Whether there is attaches the furniture,total price Yuan,the unit price a Yuan square meter,the berth category,berth shifting total area square meter,the berth total price Yuan,the note,serial number
斗六市,房地(土地+建物),雲林縣斗六市上海路151~180號,281.77,住,,,1070302,土地3建物2車位0,全,2,透天厝,住商用,鋼筋混凝土造,0931005,265.68,4,0,4,有,無,無,45000,169,,0.0,0,租賃期107/4/1~110/3/31止,RPPNMLLLLHNFFAP98EC
西螺鎮,房地(土地+建物),雲林縣西螺鎮延平路421~450號,99.15,住,,,1070331,土地1建物1車位0,全,2,透天厝,住商用,加強磚造,0680810,137.07,3,2,2,有,無,有,10000,73,,0.0,0,,RPPNMLNKMHNFFCP56CC
虎尾鎮,房地(土地+建物),雲林縣虎尾鎮林森路二段370巷1~30號,49.97,住,,,1070416,土地1建物1車位0,全,2,透天厝,住家用,加強磚造,0821207,65.52,2,2,1,有,無,有,7500,114,,0.0,0,,RPTNMLQKMHNFFDP37CC
