﻿編號,屋齡,建物移轉面積平方公尺,主要用途,主要建材,建築完成日期,總層數,建物分層
The serial number,room age,building shifting area square meter,the main use,main building materials,construction completes the date,total layer,building lamination
RPXNMLRLKHNFFAU97CC,22,73.00,住家用,鋼筋混凝土造,85年7月16日,七層,
RPXNMLRLKHNFFAU97CC,22,26.37,共有部份,鋼筋混凝土造,85年7月16日,七層,
RPQNMLMLKHNFFAU86DC,40,35.71,住家用,鋼筋混凝土加強磚造,67年4月11日,一層,
RPROMLMLKHNFFAU96CC,34,57.36,住商用,鋼筋混凝土造,73年1月28日,四層,
RPQOMLRLKHNFFAU37CC,22,52.60,住商用,鋼筋混凝土造,85年1月30日,五層,
RPQOMLRLKHNFFAU37CC,22,26.92,停車空間,鋼筋混凝土造,85年1月30日,五層,
RPQOMLRLKHNFFAU37CC,22,19.50,共有部份,鋼筋混凝土造,85年1月30日,五層,
RPOOMLRLKHNFFAU17CC,30,109.54,住家用,鋼筋混凝土造,76年11月6日,二層,
RPTNMLLLKHNFFAU07DC,22,37.08,住家用,鋼筋混凝土造,84年12月6日,五層,
RPTNMLLLKHNFFAU07DC,22,9.81,共有部份,鋼筋混凝土造,84年12月6日,五層,
RPPNMLMLKHNFFAU76DC,23,248.80,見其他登記事項,鋼筋混凝土造,83年10月17日,四層,
RPQNMLNLKHNFFAU86CC,20,44.67,住家用,鋼筋混凝土造,86年8月27日,九層,
RPQNMLNLKHNFFAU86CC,20,7.82,共有部份,鋼筋混凝土造,86年8月27日,九層,
RPQNMLNLKHNFFAU86CC,20,6.32,共有部份,鋼筋混凝土造,86年8月27日,九層,
RPQNMLNLKHNFFAU86CC,20,2.21,共有部份,鋼筋混凝土造,86年8月27日,九層,
RPPNMLNLKHNFFAU86DC,36,93.29,住家用,鋼筋混凝土造,70年12月31日,五層,
RPPNMLNLKHNFFAU86DC,36,27.66,共有部份,鋼筋混凝土造,70年12月31日,五層,
RPSOMLRLKHNFFAU57CC,23,101.03,住家用,鋼筋混凝土造,83年10月6日,七層,
RPSOMLRLKHNFFAU57CC,23,22.55,共有部份,鋼筋混凝土造,83年10月6日,七層,
RPVOMLRLKHNFFAU87CC,26,67.83,住工用,鋼筋混凝土造,80年12月18日,四層,
RPRNMLLJLHNFFAU76DC,28,52.63,住家用,鋼筋混凝土造,78年11月4日,六層,
RPRNMLLJLHNFFAU76DC,28,14.18,共有部份,鋼筋混凝土造,78年11月4日,六層,
RPRNMLRJLHNFFAU27CC,43,63.48,農舍,加強磚造,,一層,
RPTOMLRLKHNFFAU67CC,22,52.34,住家用,鋼筋混凝土造,85年1月30日,五層,
RPTOMLRLKHNFFAU67CC,22,10.25,共有部份,鋼筋混凝土造,85年1月30日,五層,
RPSNMLPKLHNFFAU27CC,41,54.80,住家用,鋼筋混凝土加強磚造,65年9月14日,二層,
RPRNMLOKLHNFFAU07CC,20,64.11,見其他登記事項,鋼筋混凝土造,87年3月27日,四層,
RPWNMLOKLHNFFAU57CC,38,103.75,住商用,鋼筋混凝土加強磚造,69年4月19日,二層,
RPTOMLMKLHNFFAU17CC,34,229.00,住商用,鋼筋混凝土造,73年1月30日,四層,
RPUOMLRLKHNFFAU77CC,22,65.69,住家用,鋼筋混凝土造,84年11月4日,十一層,
RPUOMLRLKHNFFAU77CC,22,10.03,共有部份,鋼筋混凝土造,84年11月4日,十一層,
RPUOMLRLKHNFFAU77CC,22,15.10,共有部份,鋼筋混凝土造,84年11月4日,十層,
RPRNMLRLLHNFFAU47CC,33,69.93,住家用,鋼筋混凝土造,73年9月19日,五層,
RPRNMLRLLHNFFAU47CC,33,6.65,共有部份,鋼筋混凝土造,73年9月19日,五層,
RPRNMLRLLHNFFAU47CC,33,7.20,共有部份,鋼筋混凝土造,73年9月19日,五層,
RPXNMLSLLHNFFAU18CC,40,114.32,住家用,鋼筋混凝土加強磚造,66年11月7日,二層,
RPRNMLLLLHNFFAU86CC,11,142.76,住家用,鋼筋混凝土造,96年1月8日,三層,
RPVNMLTLLHNFFAU18DC,19,113.78,住家用,鋼筋混凝土造,88年5月20日,五層,
RPVNMLTLLHNFFAU18DC,19,13.39,停車空間,鋼筋混凝土造,88年5月20日,五層,
RPVNMLTLLHNFFAU18DC,19,25.66,共有部份,鋼筋混凝土造,88年5月20日,五層,
RPPOMLTLLHNFFAU67DC,48,34.85,住家用,鋼筋混凝土加強磚造,59年1月1日,一層,
RPUNMLSLLHNFFAU97DC,5,302.80,住家用,鋼筋混凝土造,102年9月6日,三層,
RPQPMLLMLHNFFAU07CC,24,39.53,住家用,鋼筋混凝土造,83年5月18日,六層,
RPQPMLLMLHNFFAU07CC,24,17.67,共有部份,鋼筋混凝土造,83年5月18日,六層,
RPOOMLSLLHNFFAU37CC,20,82.47,商業用,鋼筋混凝土造,87年5月7日,十層,
RPOOMLSLLHNFFAU37CC,20,66.88,共有部份,鋼筋混凝土造,87年5月7日,十層,
RPOOMLSLLHNFFAU37CC,20,35.39,共有部份,鋼筋混凝土造,87年5月7日,十層,
RPOOMLSLLHNFFAU37CC,20,81.07,商業用,鋼筋混凝土造,87年5月7日,十層,
RPOOMLSLLHNFFAU37CC,20,61.14,共有部份,鋼筋混凝土造,87年5月7日,十層,
RPOOMLSLLHNFFAU37CC,20,33.71,共有部份,鋼筋混凝土造,87年5月7日,十層,
RPVNMLLMLHNFFAU37CC,24,133.60,住家用,鋼筋混凝土造,83年3月11日,三層,
RPPOMLLMLHNFFAU86CC,,127.17,住商用,鋼筋混凝土加強磚造,,二層,
RPUOMLTJMHNFFAU97CC,24,75.51,住家用,鋼筋混凝土造,83年3月15日,十二層,
RPUOMLTJMHNFFAU97CC,24,17.50,共有部份,鋼筋混凝土造,83年3月15日,十二層,
RPTOMLTJMHNFFAU87CC,23,91.68,住家用,鋼筋混凝土造,84年2月22日,八層,
RPTOMLTJMHNFFAU87CC,23,17.50,共有部份,鋼筋混凝土造,84年2月22日,八層,
RPTOMLTJMHNFFAU87CC,23,17.26,共有部份,鋼筋混凝土造,84年2月22日,八層,
RPSOMLMJMHNFFAU07CC,22,27.88,住家用,鋼筋混凝土造,85年5月17日,六層,
RPSOMLMJMHNFFAU07CC,22,6.74,共有部份,鋼筋混凝土造,85年5月17日,六層,
RPVOMLTJMHNFFAU08CC,42,35.00,住家用,見其他登記事項,,一層,
RPRPMLLMLHNFFAU17CC,25,23.97,住家用,鋼筋混凝土造,82年1月20日,五層,
RPRPMLLMLHNFFAU17CC,25,4.61,共有部份,鋼筋混凝土造,82年1月20日,五層,
RPSPMLLMLHNFFAU27CC,10,232.18,住家用,鋼筋混凝土造,97年2月4日,四層,
RPWOMLTJMHNFFAU18CC,24,16.01,商業用,鋼筋混凝土造,83年6月30日,十二層,
RPWOMLTJMHNFFAU18CC,24,4.79,共有部份,鋼筋混凝土造,83年6月30日,十二層,
RPWOMLTJMHNFFAU18CC,24,11.74,共有部份,鋼筋混凝土造,83年6月30日,十二層,
RPWNMLKKMHNFFAU27CC,,60.90,住家用,鋼筋混凝土造,,二層,
RPTOMLMKMHNFFAU27CC,28,41.29,住家用,鋼筋混凝土造,78年11月4日,六層,
RPTOMLMKMHNFFAU27CC,28,11.39,共有部份,鋼筋混凝土造,78年11月4日,六層,
RPSOMLRKMHNFFAU77DC,38,83.06,住商用,鋼筋混凝土加強磚造,69年5月16日,二層,
RPQNMLLKMHNFFAU76CC,12,278.34,住家用,鋼筋混凝土造,95年8月31日,四層,
RPROMLRKMHNFFAU67DC,34,71.02,住家用,鋼筋混凝土造,73年4月17日,五層,
RPROMLRKMHNFFAU67DC,34,18.84,共有部份,鋼筋混凝土造,73年4月17日,五層,
RPTNMLNKMHNFFAU37DC,21,69.62,住家用,鋼筋混凝土造,86年8月27日,九層,
RPTNMLNKMHNFFAU37DC,21,12.27,共有部份,鋼筋混凝土造,86年8月27日,九層,
RPTNMLNKMHNFFAU37DC,21,9.48,共有部份,鋼筋混凝土造,86年8月27日,九層,
RPTNMLNKMHNFFAU37DC,21,3.32,共有部份,鋼筋混凝土造,86年8月27日,九層,
RPTNMLNKMHNFFAU37DC,21,40.54,共有部份,鋼筋混凝土造,86年8月27日,九層,
RPXNMLKLMHNFFAU47CC,20,151.44,住家用,鋼筋混凝土造,87年4月3日,十層,
RPSNMLLKMHNFFAU07DC,30,101.27,住家用,鋼筋混凝土造,77年6月29日,三層,
RPPPMLTKMHNFFAU67CC,29,148.61,住工用,鋼筋混凝土造,77年10月22日,二層,
RPPNMLQLMHNFFAU37DC,38,106.60,住商用,鋼筋混凝土加強磚造,69年9月6日,二層,
RPPOMLRLMHNFFAU57DC,38,237.20,住商用,鋼筋混凝土造,69年8月4日,三層,
RPRNMLRLMHNFFAU57CC,29,62.71,住家用,鋼筋混凝土造,77年11月25日,五層,
RPRNMLRLMHNFFAU57CC,29,4.54,共有部份,鋼筋混凝土造,77年11月25日,五層,
RPQOMLQLMHNFFAU47CC,22,95.97,住家用,鋼筋混凝土造,85年3月25日,五層,
RPQOMLQLMHNFFAU47CC,22,41.31,共有部份,鋼筋混凝土造,85年3月25日,五層,
RPWOMLOJNHNFFAU77CC,35,53.03,住商用,鋼筋混凝土造,72年9月10日,四層,
RPWOMLOJNHNFFAU77CC,35,9.50,共有部份,鋼筋混凝土造,72年9月10日,四層,
RPTNMLRLMHNFFAU77CC,,118.47,住商用,鋼筋混凝土造,,五層,
RPTOMLOJNHNFFAU47CC,23,30.17,住家用,鋼筋混凝土造,84年8月19日,十一層,
RPTOMLOJNHNFFAU47CC,23,10.08,共有部份,鋼筋混凝土造,84年8月19日,十一層,
RPUNMLNJNHNFFAU37CC,37,161.44,住工用,鋼筋混凝土造,70年6月16日,二層,
RPUOMLOJNHNFFAU57CC,23,40.43,住家用,鋼筋混凝土造,84年3月21日,十三層,
RPUOMLOJNHNFFAU57CC,23,4.43,共有部份,鋼筋混凝土造,84年3月21日,十三層,
RPUOMLOJNHNFFAU57CC,23,7.23,共有部份,鋼筋混凝土造,84年3月21日,十三層,
RPVNMLRLMHNFFAU97CC,22,55.22,住家用,鋼筋混凝土造,85年7月26日,五層,
RPVNMLRLMHNFFAU97CC,22,9.34,共有部份,鋼筋混凝土造,85年7月26日,五層,
RPXOMLOJNHNFFAU87CC,37,83.35,見其他登記事項,鋼筋混凝土造,69年12月12日,四層,
RPXOMLOJNHNFFAU87CC,37,16.06,共有部份,鋼筋混凝土造,69年12月12日,四層,
RPXNMLTJNHNFFAU28CC,30,33.64,住家用,鋼筋混凝土造,77年10月14日,五層,
RPXNMLTJNHNFFAU28CC,30,8.14,共有部份,鋼筋混凝土造,77年10月14日,五層,
RPROMLSJNHNFFAU67CC,50,66.82,住家用,見其他登記事項,57年9月30日,二層,
RPQOMLTJNHNFFAU67CC,42,59.80,住家用,鋼筋混凝土加強磚造,65年8月21日,二層,
