﻿編號,屋齡,建物移轉面積平方公尺,主要用途,主要建材,建築完成日期,總層數,建物分層
The serial number,room age,building shifting area square meter,the main use,main building materials,construction completes the date,total layer,building lamination
RPPNMLNKKHNFFAV56CA,35,112.90,住家用,鋼筋混凝土造,71年9月30日,二層,一層 二層
RPVNMLOKKHNFFAV27CA,35,107.46,住家用,鋼筋混凝土加強磚造,71年10月20日,四層,四層
RPVNMLOKKHNFFAV27CA,35,12.77,見其他登記事項,鋼筋混凝土加強磚造,71年10月20日,四層,
RPVNMLOKKHNFFAV27CA,35,9.66,見其他登記事項,鋼筋混凝土加強磚造,71年10月20日,四層,
RPOOMLOKKHNFFAV66CA,37,83.60,住家用,鋼筋混凝土造,69年10月30日,二層,一層 二層
RPXNMLOKKHNFFAV47CA,25,28.06,見其他登記事項,鋼筋混凝土造,82年5月22日,十二層,六層
RPXNMLOKKHNFFAV47CA,25,7.04,見其他登記事項,鋼筋混凝土造,82年5月22日,十二層,
RPXNMLOKKHNFFAV47CA,25,3.34,共有部分,鋼筋混凝土造,82年5月22日,十二層,
RPXNMLNKKHNFFAV37CA,19,207.84,住家用,鋼筋混凝土造,88年5月14日,三層,一層 二層 三層
RPPOMLNKKHNFFAV66CA,37,82.14,住家用,加強磚造,69年8月10日,二層,一層 二層
RPSNMLMLKHNFFAV96DA,37,127.28,住家用,見其他登記事項,69年12月9日,二層,一層 二層 騎樓
RPRNMLMLKHNFFAV86DA,37,129.56,住家用,見其他登記事項,69年12月9日,二層,一層 二層 騎樓
RPQNMLLLKHNFFDV86CA,20,35.30,商業用,鋼筋混凝土造,87年3月6日,十層,六層
RPQNMLLLKHNFFDV86CA,20,5.57,見其他登記事項,鋼筋混凝土造,87年3月6日,十層,
RPQNMLLLKHNFFDV86CA,20,7.21,見其他登記事項,鋼筋混凝土造,87年3月6日,十五層,
RPQNMLLLKHNFFDV86CA,20,1.12,見其他登記事項,鋼筋混凝土造,87年3月6日,十五層,
RPXNMLMLKHNFFAV37CA,6,178.15,住家用,見其他登記事項,100年9月28日,三層,一層 二層 三層
RPTNMLNLKHNFFAV07CA,4,210.78,住家用,見其他登記事項,103年6月5日,三層,一層 二層 三層
RPPNMLRLKHNFFAV17DA,24,505.13,住家用,鋼筋混凝土造,83年2月3日,五層,一層 二層 三層 四層 五層 防空避難室
RPPNMLRLKHNFFAV17DA,31,384.67,住家用,鋼筋混凝土造,76年5月16日,二層,一層 二層
RPSNMLNLKHNFFAV96CA,4,210.81,住家用,見其他登記事項,103年6月5日,三層,一層 二層 三層
RPXNMLMJLHNFFAV37DA,,120.14,住家用,見其他登記事項,,二層,一層 二層 騎樓
RPQNMLQLKHNFFCV37DA,34,140.24,見其他登記事項,加強磚造,73年6月12日,二層,見其他登記事項
RPSNMLLJLHNFFAV66CA,22,29.35,見其他登記事項,鋼筋混凝土造,85年6月28日,九層,六層
RPSNMLLJLHNFFAV66CA,22,6.33,見其他登記事項,鋼筋混凝土造,85年6月28日,九層,
RPSNMLLJLHNFFAV66CA,22,3.56,見其他登記事項,鋼筋混凝土造,85年6月28日,九層,
RPRNMLRLKHNFFAV27CA,34,94.92,見其他登記事項,鋼筋混凝土造,72年10月19日,四層,二層
RPRNMLRLKHNFFAV27CA,,4.63,見其他登記事項,鋼筋混凝土造,,四層,
RPVNMLMJLHNFFAV07CA,24,32.30,見其他登記事項,鋼筋混凝土造,83年3月2日,五層,五層
RPVNMLMJLHNFFAV07CA,24,11.00,見其他登記事項,鋼筋混凝土造,83年3月2日,五層,
RPRNMLQLKHNFFAV27DA,3,260.73,見其他登記事項,見其他登記事項,104年3月4日,三層,一層 二層 三層 見其他登記事項
RPQNMLRLKHNFFAV27DA,,2.14,見其他登記事項,鋼筋混凝土造,,十層,
RPQNMLRLKHNFFAV27DA,23,9.44,見其他登記事項,鋼筋混凝土造,84年1月25日,十層,
RPQNMLRLKHNFFAV27DA,23,2.26,見其他登記事項,鋼筋混凝土造,84年1月25日,十層,
RPQNMLRLKHNFFAV27DA,23,11.52,見其他登記事項,鋼筋混凝土造,84年1月25日,十層,
RPQNMLRLKHNFFAV27DA,23,79.66,見其他登記事項,鋼筋混凝土造,84年1月25日,十層,三層
RPPNMLLJLHNFFAV09DA,23,189.96,住商用,鋼筋混凝土造,84年6月8日,三層,一層 二層 三層 騎樓
RPPNMLMJLHNFFAV09CA,32,121.44,住家用,加強磚造,74年8月17日,二層,一層 二層
RPWNMLKLLHNFFAV17CA,38,111.59,住家用,鋼筋混凝土造,68年12月8日,二層,一層 二層 騎樓
RPQNMLLJLHNFFAV09CA,24,431.17,住商用,鋼筋混凝土造,83年7月18日,五層,一層 二層 三層 四層 五層 騎樓
RPQNMLSJLHNFFAV17CA,,88.56,住家用,見其他登記事項,,二層,一層 二層
RPRNMLSJLHNFFAV27CA,37,89.04,住家用,加強磚造,70年6月15日,二層,一層 二層
RPPOMLMJLHNFFAV56CA,3,271.75,住家用,見其他登記事項,104年7月21日,三層,一層 二層 三層
RPOOMLTKLHNFFAV37DA,34,78.13,國民住宅,鋼筋混凝土造,72年10月19日,四層,一層
RPOOMLTKLHNFFAV37DA,,4.63,見其他登記事項,鋼筋混凝土造,,四層,
RPWNMLMJLHNFFAV17CA,24,64.39,見其他登記事項,鋼筋混凝土造,83年1月26日,七層,三層
RPWNMLMJLHNFFAV17CA,24,1.73,共有部分,鋼筋混凝土造,83年1月26日,七層,
RPWNMLMJLHNFFAV17CA,24,1.73,共有部分,鋼筋混凝土造,83年1月26日,七層,
RPWNMLMJLHNFFAV17CA,24,1.73,共有部分,鋼筋混凝土造,83年1月26日,七層,
RPWNMLMJLHNFFAV17CA,24,1.73,共有部分,鋼筋混凝土造,83年1月26日,七層,
RPWNMLMJLHNFFAV17CA,24,1.73,共有部分,鋼筋混凝土造,83年1月26日,七層,
RPWNMLMJLHNFFAV17CA,24,1.73,共有部分,鋼筋混凝土造,83年1月26日,七層,
RPWNMLMJLHNFFAV17CA,24,1.74,共有部分,鋼筋混凝土造,83年1月26日,七層,
RPWNMLMJLHNFFAV17CA,24,13.06,共有部分,鋼筋混凝土造,83年1月26日,七層,
RPRNMLMJLHNFFAV76DA,33,79.98,住家用,加強磚造,74年5月8日,二層,一層 二層 騎樓
RPOOMLMJLHNFFAV56DA,22,29.35,見其他登記事項,鋼筋混凝土造,85年6月28日,九層,四層
RPOOMLMJLHNFFAV56DA,22,5.76,見其他登記事項,鋼筋混凝土造,85年6月28日,九層,
RPOOMLMJLHNFFAV56DA,22,3.56,見其他登記事項,鋼筋混凝土造,85年6月28日,九層,
RPSNMLMJLHNFFAV76CA,2,237.46,住家用,見其他登記事項,105年6月17日,三層,一層 二層 三層
RPPNMLMKLHNFFBV66CA,35,92.91,住家用,加強磚造,72年6月29日,二層,一層 二層 騎樓
RPPNMLMKLHNFFAV56CA,24,84.46,見其他登記事項,鋼筋混凝土造,83年4月19日,十四層,五層
RPPNMLMKLHNFFAV56CA,24,28.98,見其他登記事項,鋼筋混凝土造,83年4月19日,十四層,
RPRNMLSJLHNFFDV57CA,10,134.64,見其他登記事項,見其他登記事項,97年5月22日,三層,一層 二層 三層
RPTNMLRJLHNFFAV37CA,36,90.93,住家用,鋼筋混凝土造,70年10月21日,七層,七層
RPTNMLRJLHNFFAV37CA,,14.92,見其他登記事項,鋼筋混凝土造,,一層,
RPTNMLRJLHNFFAV37CA,36,16.57,見其他登記事項,鋼筋混凝土造,70年10月21日,七層,
RPPNMLQJLHNFFAV96DA,50,40.08,住家用,見其他登記事項,57年1月5日,一層,一層
RPQNMLQJLHNFFBV07CA,36,78.18,住家用,鋼筋混凝土加強磚造,70年7月14日,二層,一層 二層
RPPNMLTJLHNFFCV37CA,,97.31,住商用,見其他登記事項,,二層,一層 二層 騎樓
RPTNMLTLLHNFFAV77CA,,111.67,住商用,見其他登記事項,,二層,一層 二層 騎樓
RPQNMLRJLHNFFAV07CA,23,180.77,住家用,鋼筋混凝土造,83年9月9日,三層,一層 二層 三層
SPTNMLTLLHNFFAV87CA,,29.30,住商用,見其他登記事項,,二層,一層 二層
RPTNMLOKLHNFFAV17CA,44,43.40,住家用,見其他登記事項,63年7月24日,一層,一層 騎樓
RPQNMLSJLHNFFCV47DA,12,202.95,住家用,鋼筋混凝土造,94年9月5日,二層,一層 二層
RPQNMLMKLHNFFAV66CA,36,100.80,住家用,加強磚造,70年8月25日,二層,一層 二層
RPPNMLTJLHNFFAV17CA,24,143.12,住家用,鋼筋混凝土造,83年5月5日,五層,三層
RPPNMLTJLHNFFAV17CA,24,43.37,見其他登記事項,鋼筋混凝土造,83年5月5日,五層,
RPWNMLTLLHNFFAV08CA,,188.25,見其他登記事項,見其他登記事項,106年11月22日,三層,一層 二層 三層
RPQNMLMKLHNFFCV86CA,21,168.92,住家用,鋼筋混凝土造,86年1月16日,三層,一層 二層 三層
RPQNMLNKLHNFFBV86CA,46,120.28,住家用,見其他登記事項,61年1月1日,二層,一層 二層
RPPNMLNKLHNFFAV66CA,37,98.80,住家用,加強磚造,70年4月22日,二層,一層 二層 騎樓
RPUNMLRLLHNFFAV67CA,40,103.88,住家用,加強磚造,66年12月29日,二層,一層 二層 騎樓
RPQNMLOKLHNFFAV86CA,22,88.13,見其他登記事項,鋼筋混凝土造,85年6月28日,九層,九層
RPQNMLOKLHNFFAV86CA,22,4.60,見其他登記事項,鋼筋混凝土造,85年6月28日,九層,
RPQNMLOKLHNFFAV86CA,22,4.92,見其他登記事項,鋼筋混凝土造,85年6月28日,九層,
RPWNMLQKLHNFFAV67CA,22,84.58,見其他登記事項,鋼筋混凝土造,85年6月28日,九層,二層
RPWNMLQKLHNFFAV67CA,22,9.79,見其他登記事項,鋼筋混凝土造,85年6月28日,九層,
RPWNMLQKLHNFFAV67CA,22,9.57,見其他登記事項,鋼筋混凝土造,85年6月28日,九層,
RPWNMLQKLHNFFAV67CA,22,.05,商業用,鋼筋混凝土造,85年6月28日,九層,
RPWNMLQKLHNFFAV67CA,22,39.59,見其他登記事項,鋼筋混凝土造,85年6月28日,九層,
RPRNMLNKLHNFFAV86CA,24,92.57,見其他登記事項,鋼筋混凝土造,83年5月16日,十三層,八層
RPRNMLNKLHNFFAV86CA,24,.14,見其他登記事項,鋼筋混凝土造,83年5月16日,十三層,
RPRNMLNKLHNFFAV86CA,24,.75,見其他登記事項,鋼筋混凝土造,83年5月16日,十三層,
RPRNMLNKLHNFFAV86CA,24,.30,見其他登記事項,鋼筋混凝土造,83年5月16日,十三層,
RPRNMLNKLHNFFAV86CA,24,.37,見其他登記事項,鋼筋混凝土造,83年5月16日,十三層,
RPRNMLNKLHNFFAV86CA,24,.28,見其他登記事項,鋼筋混凝土造,83年5月16日,十三層,
RPRNMLNKLHNFFAV86CA,24,.30,見其他登記事項,鋼筋混凝土造,83年5月16日,十三層,
RPRNMLNKLHNFFAV86CA,24,.14,見其他登記事項,鋼筋混凝土造,83年5月16日,十三層,
RPRNMLNKLHNFFAV86CA,24,.34,見其他登記事項,鋼筋混凝土造,83年5月16日,十三層,
RPRNMLNKLHNFFAV86CA,24,.30,見其他登記事項,鋼筋混凝土造,83年5月16日,十三層,
RPRNMLNKLHNFFAV86CA,24,.27,見其他登記事項,鋼筋混凝土造,83年5月16日,十三層,
RPRNMLNKLHNFFAV86CA,24,.37,見其他登記事項,鋼筋混凝土造,83年5月16日,十三層,
RPRNMLNKLHNFFAV86CA,24,.30,見其他登記事項,鋼筋混凝土造,83年5月16日,十三層,
RPRNMLNKLHNFFAV86CA,24,.37,見其他登記事項,鋼筋混凝土造,83年5月16日,十三層,
RPRNMLNKLHNFFAV86CA,24,1.13,見其他登記事項,鋼筋混凝土造,83年5月16日,十三層,
RPRNMLNKLHNFFAV86CA,24,.30,見其他登記事項,鋼筋混凝土造,83年5月16日,十三層,
RPRNMLNKLHNFFAV86CA,24,.30,見其他登記事項,鋼筋混凝土造,83年5月16日,十三層,
RPRNMLNKLHNFFAV86CA,24,.37,見其他登記事項,鋼筋混凝土造,83年5月16日,十三層,
RPRNMLNKLHNFFAV86CA,24,.30,見其他登記事項,鋼筋混凝土造,83年5月16日,十三層,
RPRNMLNKLHNFFAV86CA,24,.27,見其他登記事項,鋼筋混凝土造,83年5月16日,十三層,
RPRNMLNKLHNFFAV86CA,24,.37,見其他登記事項,鋼筋混凝土造,83年5月16日,十三層,
RPRNMLNKLHNFFAV86CA,24,.30,見其他登記事項,鋼筋混凝土造,83年5月16日,十三層,
RPRNMLNKLHNFFAV86CA,24,11.13,見其他登記事項,鋼筋混凝土造,83年5月16日,十三層,
RPRNMLNKLHNFFAV86CA,24,.37,見其他登記事項,鋼筋混凝土造,83年5月16日,十三層,
RPRNMLNKLHNFFAV86CA,24,.53,見其他登記事項,鋼筋混凝土造,83年5月16日,十三層,
RPRNMLNKLHNFFAV86CA,24,.30,見其他登記事項,鋼筋混凝土造,83年5月16日,十三層,
RPRNMLNKLHNFFAV86CA,24,.37,見其他登記事項,鋼筋混凝土造,83年5月16日,十三層,
RPRNMLNKLHNFFAV86CA,24,.37,見其他登記事項,鋼筋混凝土造,83年5月16日,十三層,
RPRNMLNKLHNFFAV86CA,24,.56,見其他登記事項,鋼筋混凝土造,83年5月16日,十三層,
RPRNMLNKLHNFFAV86CA,24,.37,見其他登記事項,鋼筋混凝土造,83年5月16日,十三層,
RPRNMLNKLHNFFAV86CA,24,.37,見其他登記事項,鋼筋混凝土造,83年5月16日,十三層,
RPRNMLNKLHNFFAV86CA,24,.30,見其他登記事項,鋼筋混凝土造,83年5月16日,十三層,
RPRNMLNKLHNFFAV86CA,24,.30,見其他登記事項,鋼筋混凝土造,83年5月16日,十三層,
RPVNMLOKLHNFFAV47DA,46,158.37,住家用,加強磚造,61年3月30日,三層,一層 二層 三層
RPVNMLOKLHNFFAV47DA,,113.32,住家用,見其他登記事項,,二層,一層 二層
RPVNMLOKLHNFFAV47DA,46,29.04,住家用,加強磚造,61年4月8日,三層,三層
RPQNMLPKLHNFFAV96CA,22,63.01,見其他登記事項,鋼筋混凝土造,85年6月21日,七層,七層
RPQNMLPKLHNFFAV96CA,22,7.68,見其他登記事項,鋼筋混凝土造,85年6月21日,七層,
RPQNMLPKLHNFFAV96CA,22,16.82,見其他登記事項,鋼筋混凝土造,85年6月21日,七層,
RPQNMLPKLHNFFAV96CA,22,4.47,見其他登記事項,鋼筋混凝土造,85年6月21日,七層,
RPQNMLPKLHNFFAV96CA,22,4.40,見其他登記事項,鋼筋混凝土造,85年6月21日,七層,
RPPNMLQKLHNFFAV96CA,34,100.88,住家用,鋼筋混凝土造,72年10月19日,四層,四層
RPPNMLQKLHNFFAV96CA,,4.63,見其他登記事項,鋼筋混凝土造,,四層,
RPSNMLQKLHNFFAV27CA,7,250.23,見其他登記事項,見其他登記事項,99年12月7日,三層,一層 二層 三層 騎樓
RPVNMLTKLHNFFAV87CA,35,225.15,住家用,鋼筋混凝土造,71年11月11日,三層,一層 二層 三層 騎樓
RPRNMLQLLHNFFAV27CA,,234.67,見其他登記事項,見其他登記事項,106年11月10日,三層,一層 二層 三層 騎樓
RPVNMLQKLHNFFAV57CA,36,185.87,住家用,鋼筋混凝土造,71年6月26日,三層,一層 二層 三層 騎樓 地下層
RPPNMLPKLHNFFCV17DA,38,100.88,住商用,見其他登記事項,68年12月27日,二層,一層 二層 騎樓
RPVNMLTLLHNFFAV97CA,,176.79,住家用,見其他登記事項,106年12月21日,三層,一層 二層 三層
RPWNMLTKLHNFFAV97CA,23,120.68,住家用,加強磚造,84年5月18日,二層,一層 二層
RPUNMLTKLHNFFAV77CA,,239.16,見其他登記事項,見其他登記事項,106年11月22日,三層,一層 二層 三層 見其他登記事項
RPTNMLKLLHNFFAV86CA,,233.83,見其他登記事項,見其他登記事項,106年11月10日,三層,一層 二層 三層 騎樓
RPXNMLTKLHNFFAV08CA,,188.25,見其他登記事項,見其他登記事項,106年11月22日,三層,一層 二層 三層
RPUNMLQKLHNFFAV47CA,22,73.40,見其他登記事項,鋼筋混凝土造,85年3月26日,八層,五層
RPUNMLQKLHNFFAV47CA,22,14.57,見其他登記事項,鋼筋混凝土造,85年3月26日,八層,
RPUNMLQKLHNFFAV47CA,22,22.26,見其他登記事項,鋼筋混凝土造,85年3月26日,八層,
RPUNMLTLLHNFFAV87CA,,188.25,見其他登記事項,見其他登記事項,106年11月22日,三層,一層 二層 三層
RPRNMLTKLHNFFAV47CA,12,124.83,見其他登記事項,鋼筋混凝土造,95年3月10日,十層,三層
RPRNMLTKLHNFFAV47CA,12,95.04,見其他登記事項,鋼筋混凝土造,95年3月10日,十層,
RPRNMLLLLHNFFAV76CA,44,53.11,住家用,見其他登記事項,63年7月5日,一層,一層
RPQNMLTKLHNFFCV57CA,25,158.97,住家用,鋼筋混凝土造,82年7月13日,三層,一層 二層 三層 騎樓
RPXNMLKLLHNFFAV27CA,45,106.65,住家用,見其他登記事項,62年5月17日,二層,一層 二層
RPRNMLMKMHNFFAV86CA,23,134.12,見其他登記事項,鋼筋混凝土造,84年5月18日,三層,一層 二層 三層
RPRNMLNKMHNFFDV27CA,23,30.87,見其他登記事項,鋼筋混凝土造,84年7月14日,八層,七層
RPRNMLNKMHNFFDV27CA,23,7.85,見其他登記事項,鋼筋混凝土造,84年7月14日,八層,
RPOOMLLLLHNFFAV56CA,49,81.00,住家用,加強磚造,58年5月3日,二層,一層 二層
RPQNMLMLLHNFFAV76CA,22,157.92,住家用,鋼筋混凝土造,84年12月12日,三層,一層 二層 三層
RPOOMLLKMHNFFAV56CA,22,90.95,見其他登記事項,鋼筋混凝土造,85年6月28日,九層,六層
RPOOMLLKMHNFFAV56CA,22,10.65,見其他登記事項,鋼筋混凝土造,85年6月28日,九層,
RPOOMLLKMHNFFAV56CA,22,10.39,見其他登記事項,鋼筋混凝土造,85年6月28日,九層,
RPRNMLMLLHNFFAV86CA,,191.31,見其他登記事項,見其他登記事項,106年11月22日,三層,一層 二層 三層
RPSNMLLLLHNFFAV86CA,11,216.09,住家用,見其他登記事項,95年9月15日,三層,一層 二層 三層
RPPNMLRLLHNFFAV17CA,24,23.83,見其他登記事項,鋼筋混凝土造,83年1月26日,七層,五層
RPPNMLRLLHNFFAV17CA,24,.57,共有部分,鋼筋混凝土造,83年1月26日,七層,
RPPNMLRLLHNFFAV17CA,24,.58,共有部分,鋼筋混凝土造,83年1月26日,七層,
RPPNMLRLLHNFFAV17CA,24,.57,共有部分,鋼筋混凝土造,83年1月26日,七層,
RPPNMLRLLHNFFAV17CA,24,.57,共有部分,鋼筋混凝土造,83年1月26日,七層,
RPPNMLRLLHNFFAV17CA,24,.57,共有部分,鋼筋混凝土造,83年1月26日,七層,
RPPNMLRLLHNFFAV17CA,24,.57,共有部分,鋼筋混凝土造,83年1月26日,七層,
RPPNMLRLLHNFFAV17CA,24,4.33,共有部分,鋼筋混凝土造,83年1月26日,七層,
RPPNMLRLLHNFFAV17CA,24,.57,共有部分,鋼筋混凝土造,83年1月26日,七層,
RPQOMLLKMHNFFAV76CA,23,100.22,見其他登記事項,鋼筋混凝土造,84年2月17日,八層,二層
RPQOMLLKMHNFFAV76CA,23,17.65,見其他登記事項,鋼筋混凝土造,84年2月17日,八層,
RPQOMLLKMHNFFAV76CA,23,12.74,見其他登記事項,鋼筋混凝土造,84年2月17日,八層,
RPPNMLMLLHNFFAV66CA,23,100.22,見其他登記事項,鋼筋混凝土造,84年2月17日,八層,四層
RPPNMLMLLHNFFAV66CA,23,12.74,見其他登記事項,鋼筋混凝土造,84年2月17日,八層,
RPPNMLMLLHNFFAV66CA,23,17.65,見其他登記事項,鋼筋混凝土造,84年2月17日,八層,
RPQNMLMKMHNFFAV76CA,44,53.46,住家用,見其他登記事項,63年5月2日,一層,一層
RPSNMLRLLHNFFAV47CA,45,56.14,住家用,見其他登記事項,62年1月16日,一層,一層 騎樓
RPSOMLLKMHNFFAV96CA,22,27.37,見其他登記事項,鋼筋混凝土造,85年6月28日,九層,四層
RPSOMLLKMHNFFAV96CA,22,3.28,見其他登記事項,鋼筋混凝土造,85年6月28日,九層,
RPSOMLLKMHNFFAV96CA,22,6.04,見其他登記事項,鋼筋混凝土造,85年6月28日,九層,
RPRNMLRLLHNFFAV37CA,40,91.53,住家用,加強磚造,67年1月31日,二層,一層 二層
RPWNMLLMLHNFFAV37CA,46,45.03,住家用,見其他登記事項,61年5月9日,一層,一層 騎樓
RPRNMLMLLHNFFCV17DA,24,215.33,住家用,鋼筋混凝土造,82年10月20日,三層,一層 二層 三層 騎樓
RPTNMLTLLHNFFBV87CA,44,112.32,住家用,見其他登記事項,63年1月1日,一層,一層 見其他登記事項
RPTNMLTLLHNFFBV87CA,43,100.32,工業用,見其他登記事項,64年1月1日,一層,一層
RPPNMLLMLHNFFAV66CA,1,191.28,住家用,見其他登記事項,106年8月24日,三層,一層 二層 三層
RPPNMLTLLHNFFAV47DA,23,143.35,見其他登記事項,鋼筋混凝土造,84年7月31日,七層,五層
RPPNMLTLLHNFFAV47DA,23,44.82,見其他登記事項,鋼筋混凝土造,84年7月31日,七層,
RPPNMLTLLHNFFAV47DA,23,21.00,見其他登記事項,鋼筋混凝土造,84年7月31日,七層,
RPVNMLLMLHNFFAV27CA,38,82.32,住家用,加強磚造,69年2月2日,二層,一層 二層
RPRNMLNJMHNFFAV86CA,4,200.18,住家用,見其他登記事項,102年9月5日,三層,一層 二層 三層
RPTNMLRKMHNFFAV57CA,22,76.34,住家用,鋼筋混凝土造,84年12月4日,十六層,四層
RPTNMLRKMHNFFAV57CA,22,21.97,見其他登記事項,鋼筋混凝土造,84年12月4日,十六層,
RPPNMLPLMHNFFAV07CA,20,190.71,住家用,鋼筋混凝土造,87年3月19日,三層,一層 二層 三層
RPPNMLNLMHNFFDV27DA,23,34.45,見其他登記事項,鋼筋混凝土造,83年9月30日,八層,七層
RPPNMLNLMHNFFDV27DA,23,7.16,見其他登記事項,鋼筋混凝土造,83年9月30日,八層,
RPRNMLLMLHNFFAV86CA,,46.28,住家用,木造,,一層,一層
RPUNMLNJMHNFFAV17CA,50,118.91,住商用,見其他登記事項,57年7月5日,三層,一層 二層 三層
RPTNMLMJMHNFFAV96CA,,176.79,住家用,見其他登記事項,106年12月21日,三層,一層 二層 三層
RPQNMLMJMHNFFAV66CA,33,55.02,住家用,加強磚造,74年8月14日,二層,一層 二層 騎樓
RPQNMLRKMHNFFAV27CA,21,165.55,住家用,鋼筋混凝土造,86年3月7日,三層,一層 二層 三層
RPSNMLNKMHNFFAV07CA,23,77.36,見其他登記事項,鋼筋混凝土造,84年1月25日,十層,十層
RPVNMLNJMHNFFAV27CA,3,179.22,住家用,見其他登記事項,104年3月12日,三層,一層 二層 三層
RPSNMLTJMHNFFAV57CA,38,91.38,住家用,加強磚造,69年7月18日,二層,一層 二層
RPTNMLNKMHNFFAV17CA,2,205.73,見其他登記事項,見其他登記事項,105年1月5日,三層,一層 二層 三層 見其他登記事項
RPTNMLTJMHNFFAV67CA,,103.57,住家用,見其他登記事項,,一層,一層 騎樓
RPVNMLLKMHNFFAV17CA,42,108.21,住商用,鋼筋混凝土造,64年12月5日,三層,一層 二層 三層
RPPNMLQLMHNFFAV17CA,33,138.16,住家用,加強磚造,74年7月16日,二層,一層 二層
RPPNMLTJMHNFFDV57CA,23,31.54,見其他登記事項,鋼筋混凝土造,83年9月30日,八層,二層
RPPNMLTJMHNFFDV57CA,23,6.07,見其他登記事項,鋼筋混凝土造,83年9月30日,八層,
RPTNMLQKMHNFFAV47CA,,154.20,住家用,鋼筋混凝土造,,二層,一層 二層 騎樓
RPTOMLLKMHNFFAV07CA,23,102.27,見其他登記事項,鋼筋混凝土造,84年7月6日,四層,四層
RPTOMLLKMHNFFAV07CA,23,8.79,見其他登記事項,鋼筋混凝土造,84年7月6日,四層,
RPTOMLLKMHNFFAV07CA,23,.59,見其他登記事項,鋼筋混凝土造,84年7月6日,,
RPTOMLLKMHNFFAV07CA,23,.58,見其他登記事項,鋼筋混凝土造,84年7月6日,,
RPTOMLLKMHNFFAV07CA,23,1.45,見其他登記事項,鋼筋混凝土造,84年7月6日,四層,
RPTOMLLKMHNFFAV07CA,23,.59,見其他登記事項,鋼筋混凝土造,84年7月6日,,
RPTOMLLKMHNFFAV07CA,23,.59,見其他登記事項,鋼筋混凝土造,84年7月6日,,
RPTOMLLKMHNFFAV07CA,23,.59,見其他登記事項,鋼筋混凝土造,84年7月6日,,
RPTOMLLKMHNFFAV07CA,23,.59,見其他登記事項,鋼筋混凝土造,84年7月6日,,
RPTOMLLKMHNFFAV07CA,23,.59,見其他登記事項,鋼筋混凝土造,84年7月6日,,
RPTOMLLKMHNFFAV07CA,23,.59,見其他登記事項,鋼筋混凝土造,84年7月6日,,
RPTOMLLKMHNFFAV07CA,23,.58,見其他登記事項,鋼筋混凝土造,84年7月6日,,
RPTOMLLKMHNFFAV07CA,23,.58,見其他登記事項,鋼筋混凝土造,84年7月6日,,
RPTOMLLKMHNFFAV07CA,23,.58,見其他登記事項,鋼筋混凝土造,84年7月6日,,
RPTOMLLKMHNFFAV07CA,23,.58,見其他登記事項,鋼筋混凝土造,84年7月6日,,
RPTOMLLKMHNFFAV07CA,23,.58,見其他登記事項,鋼筋混凝土造,84年7月6日,,
RPTOMLLKMHNFFAV07CA,23,.59,見其他登記事項,鋼筋混凝土造,84年7月6日,,
RPPNMLQKMHNFFAV07CA,14,72.75,見其他登記事項,鋼筋混凝土造,92年12月19日,一層,一層
RPRNMLQLMHNFFAV37CA,46,66.78,見其他登記事項,見其他登記事項,61年5月30日,一層,一層
RPRNMLQLMHNFFAV37CA,46,53.47,住家用,見其他登記事項,61年5月30日,一層,一層
RPRNMLKMMHNFFAV86CA,44,87.00,住家用,見其他登記事項,63年5月1日,二層,一層 二層
RPTNMLKKNHNFFAV96CA,36,112.78,住家用,加強磚造,71年2月17日,二層,一層 二層
RPUNMLTKMHNFFAV87CA,39,38.64,住家用,加強磚造,68年8月14日,二層,一層 二層
RPUNMLTKMHNFFAV87CA,39,38.64,住家用,加強磚造,68年8月14日,二層,一層 二層
RPQNMLNKMHNFFAV86CA,12,111.88,見其他登記事項,鋼筋混凝土造,95年3月10日,十層,八層
RPQNMLNKMHNFFAV86CA,12,66.53,見其他登記事項,鋼筋混凝土造,95年3月10日,十層,
RPWNMLLKMHNFFAV27CA,42,82.32,住家用,見其他登記事項,64年10月28日,二層,一層 二層
RPPNMLKLMHNFFDV86CA,23,31.54,見其他登記事項,鋼筋混凝土造,83年9月30日,八層,四層
RPPNMLKLMHNFFDV86CA,23,6.07,見其他登記事項,鋼筋混凝土造,83年9月30日,八層,
RPRNMLNKMHNFFAV96CA,22,72.91,見其他登記事項,鋼筋混凝土造,85年3月26日,八層,五層
RPRNMLNKMHNFFAV96CA,22,8.36,見其他登記事項,鋼筋混凝土造,85年3月26日,八層,
RPRNMLNKMHNFFAV96CA,22,12.77,見其他登記事項,鋼筋混凝土造,85年3月26日,八層,
RPPNMLTKMHNFFDV67CA,23,31.54,見其他登記事項,鋼筋混凝土造,83年9月30日,八層,八層
RPPNMLTKMHNFFDV67CA,23,6.07,見其他登記事項,鋼筋混凝土造,83年9月30日,八層,
RPPNMLRKMHNFFAV17CA,34,99.76,見其他登記事項,鋼筋混凝土造,72年10月12日,四層,三層
RPPNMLRKMHNFFAV17CA,,6.51,見其他登記事項,鋼筋混凝土造,,四層,
RPQNMLTKMHNFFDV77CA,23,31.54,見其他登記事項,鋼筋混凝土造,83年9月30日,八層,八層
RPQNMLTKMHNFFDV77CA,23,6.07,見其他登記事項,鋼筋混凝土造,83年9月30日,八層,
RPPNMLSJNHNFFCV47CA,4,307.06,見其他登記事項,鋼筋混凝土造,103年8月25日,一層,一層
RPPNMLSJNHNFFCV47CA,4,22233.71,見其他登記事項,鋼筋混凝土造,103年8月25日,六層,一層 二層 三層 四層 五層 六層 地下一層 見其他登記事項
RPPNMLSJNHNFFCV47CA,4,1841.93,見其他登記事項,鋼筋混凝土造,103年8月25日,一層,一層
RPPNMLSJNHNFFCV47CA,4,1524.26,見其他登記事項,鋼筋混凝土造,103年8月25日,一層,一層
RPPNMLSJNHNFFCV47CA,4,1053.38,見其他登記事項,鋼筋混凝土造,103年8月25日,二層,一層 二層
RPPNMLSJNHNFFCV47CA,4,1494.92,見其他登記事項,鋼筋混凝土造,103年8月25日,二層,一層 二層
RPPNMLSJNHNFFCV47CA,,115.71,住商用,加強磚造,48年7月0日,一層,一層
RPWNMLQKMHNFFAV77CA,43,148.11,住商用,見其他登記事項,64年1月24日,三層,一層 二層 三層 騎樓
RPXNMLQKMHNFFAV87CA,24,58.08,見其他登記事項,鋼筋混凝土造,83年4月19日,十四層,七層
RPXNMLQKMHNFFAV87CA,24,20.51,見其他登記事項,鋼筋混凝土造,83年4月19日,十四層,
RPPNMLNLMHNFFBV96CA,23,142.62,住家用,鋼筋混凝土造,84年1月25日,三層,一層 二層 三層
RPRNMLTKMHNFFAV57CA,22,99.86,住家用,鋼筋混凝土造,85年6月28日,七層,二層
RPRNMLTKMHNFFAV57CA,22,8.93,見其他登記事項,鋼筋混凝土造,85年6月28日,七層,
RPRNMLTKMHNFFAV57CA,22,6.01,見其他登記事項,鋼筋混凝土造,85年6月28日,七層,
RPRNMLTKMHNFFAV57CA,22,4.36,見其他登記事項,鋼筋混凝土造,85年6月28日,七層,
RPRNMLTKMHNFFAV57CA,22,16.01,見其他登記事項,鋼筋混凝土造,85年6月28日,七層,
RPQNMLQLMHNFFCV47CA,37,113.72,住家用,見其他登記事項,70年2月24日,二層,一層 二層 騎樓
RPQNMLTKMHNFFAV47CA,37,103.92,住家用,加強磚造,70年1月30日,二層,一層 二層 騎樓
RPRNMLTKMHNFFBV67CA,37,111.32,住家用,鋼筋混凝土加強磚造,70年5月28日,二層,一層 二層 騎樓
RPQNMLNLMHNFFAV96CA,37,104.84,住家用,加強磚造,69年10月6日,二層,一層 二層 騎樓
RPPNMLSKMHNFFAV37DA,39,131.96,住家用,加強磚造,67年10月5日,二層,一層 二層 騎樓
RPXNMLOJNHNFFAV67CA,22,132.21,見其他登記事項,鋼筋混凝土造,84年12月4日,十六層,七層
RPXNMLOJNHNFFAV67CA,22,49.87,見其他登記事項,鋼筋混凝土造,84年12月4日,十六層,
RPSNMLQLMHNFFAV47CA,37,165.64,住家用,加強磚造,70年5月8日,二層,一層 二層
RPOOMLRJNHNFFAV17CA,22,284.31,見其他登記事項,鋼筋混凝土造,85年7月2日,四層,一層 二層 三層 四層 騎樓
RPUNMLRJNHNFFAV67CA,6,228.05,住家用,見其他登記事項,101年7月18日,三層,一層 二層 三層
RPWNMLTKMHNFFAV08CA,,224.66,住家用,鋼筋混凝土造,107年1月31日,三層,一層 二層 三層
RPRNMLMJNHNFFAV86CA,23,102.49,見其他登記事項,鋼筋混凝土造,84年7月6日,四層,三層
RPPNMLKLMHNFFAV56CA,1,234.38,見其他登記事項,見其他登記事項,106年3月24日,三層,一層 二層 三層 屋頂突出物
RPPNMLSJNHNFFDV67DA,24,69.11,見其他登記事項,鋼筋混凝土造,82年11月8日,八層,八層
RPPNMLSJNHNFFDV67DA,24,27.49,見其他登記事項,鋼筋混凝土造,82年11月8日,八層,
RPWNMLRJNHNFFAV87CA,13,165.00,住家用,鋼筋混凝土造,94年5月18日,三層,一層 二層 三層
RPPNMLNJNHNFFCV96CA,24,212.13,見其他登記事項,鋼筋混凝土造,82年10月20日,三層,一層 二層 三層 騎樓
RPRNMLKKNHNFFDV07CA,24,31.54,見其他登記事項,鋼筋混凝土造,83年9月30日,八層,五層
RPRNMLKKNHNFFDV07CA,24,6.07,見其他登記事項,鋼筋混凝土造,83年9月30日,八層,
RPRNMLSJNHNFFDV77CA,23,30.87,見其他登記事項,鋼筋混凝土造,84年7月14日,八層,四層
RPRNMLSJNHNFFDV77CA,23,7.85,見其他登記事項,鋼筋混凝土造,84年7月14日,八層,
RPWNMLOJNHNFFAV57CA,11,217.85,見其他登記事項,見其他登記事項,95年11月3日,三層,一層 二層 三層
RPTNMLNLMHNFFAV27CA,40,121.02,住家用,加強磚造,67年9月26日,二層,一層 二層 騎樓 夾層
RPUNMLNLMHNFFAV37CA,,135.62,見其他登記事項,鋼筋混凝土造,107年2月12日,三層,一層 二層 三層 見其他登記事項
RPUNMLNLMHNFFAV37CA,,135.62,見其他登記事項,鋼筋混凝土造,107年2月12日,三層,一層 二層 三層 見其他登記事項
RPPNMLOLMHNFFAV96CA,,268.75,見其他登記事項,鋼筋混凝土造,107年2月12日,四層,一層 二層 三層 四層
RPWNMLPLMHNFFAV77CA,22,102.24,見其他登記事項,鋼筋混凝土造,85年6月21日,七層,四層
RPWNMLPLMHNFFAV77CA,22,13.19,見其他登記事項,鋼筋混凝土造,85年6月21日,七層,
RPWNMLPLMHNFFAV77CA,22,6.43,見其他登記事項,鋼筋混凝土造,85年6月21日,七層,
RPWNMLPLMHNFFAV77CA,22,7.37,見其他登記事項,鋼筋混凝土造,85年6月21日,七層,
RPWNMLPLMHNFFAV77CA,22,16.82,見其他登記事項,鋼筋混凝土造,85年6月21日,七層,
RPRNMLOLMHNFFAV17CA,9,244.55,住家用,見其他登記事項,98年7月9日,三層,一層 二層 三層
RPSNMLOLMHNFFAV27CA,34,110.94,住家用,加強磚造,73年9月18日,二層,一層 二層
RPQNMLSJNHNFFDV67CA,23,31.54,見其他登記事項,鋼筋混凝土造,83年9月30日,八層,八層
RPQNMLSJNHNFFDV67CA,23,6.07,見其他登記事項,鋼筋混凝土造,83年9月30日,八層,
RPPNMLRLMHNFFAV27CA,50,61.34,住家用,木造,57年7月15日,一層,一層 見其他登記事項
RPPNMLRLMHNFFAV27CA,50,51.40,住家用,見其他登記事項,57年1月15日,二層,一層 二層
RPTNMLQLMHNFFAV57CA,38,90.64,住家用,加強磚造,69年4月18日,二層,一層 二層
RPWNMLTJNHNFFAV08CA,23,79.66,見其他登記事項,鋼筋混凝土造,84年1月25日,十層,九層
RPWNMLTJNHNFFAV08CA,,2.14,見其他登記事項,鋼筋混凝土造,,十層,
RPWNMLTJNHNFFAV08CA,23,9.44,見其他登記事項,鋼筋混凝土造,84年1月25日,十層,
RPWNMLTJNHNFFAV08CA,23,11.52,見其他登記事項,鋼筋混凝土造,84年1月25日,十層,
RPWNMLTJNHNFFAV08CA,23,2.26,見其他登記事項,鋼筋混凝土造,84年1月25日,十層,
RPSNMLPLMHNFFAV47DA,11,234.20,見其他登記事項,見其他登記事項,96年7月10日,三層,一層 二層 三層 騎樓
RPPOMLSJNHNFFAV37CA,38,111.80,住家用,加強磚造,69年7月2日,二層,一層 二層 騎樓
RPPNMLSLMHNFFAV37CA,33,110.94,住家用,加強磚造,73年9月18日,二層,一層 二層
RPPOMLMJNHNFFAV76CA,39,97.50,住家用,鋼筋混凝土加強磚造,68年9月19日,二層,一層 二層
RPUNMLQLMHNFFAV67CA,23,86.31,見其他登記事項,鋼筋混凝土造,84年6月1日,五層,三層
RPUNMLQLMHNFFAV67CA,23,10.48,見其他登記事項,鋼筋混凝土造,84年6月1日,五層,
RPUNMLQLMHNFFAV67CA,23,8.34,見其他登記事項,鋼筋混凝土造,84年6月1日,五層,
RPUNMLOJNHNFFAV37CA,24,96.75,國民住宅,鋼筋混凝土造,82年12月3日,四層,一層
RPUNMLOJNHNFFAV37CA,24,.23,見其他登記事項,鋼筋混凝土造,82年12月3日,四層,
RPUNMLOJNHNFFAV37CA,24,.23,見其他登記事項,鋼筋混凝土造,82年12月3日,四層,
RPUNMLOJNHNFFAV37CA,24,.23,見其他登記事項,鋼筋混凝土造,82年12月3日,四層,
RPUNMLOJNHNFFAV37CA,24,.23,見其他登記事項,鋼筋混凝土造,82年12月3日,四層,
RPUNMLOJNHNFFAV37CA,24,.23,見其他登記事項,鋼筋混凝土造,82年12月3日,四層,
RPUNMLOJNHNFFAV37CA,24,3.29,見其他登記事項,鋼筋混凝土造,82年12月3日,四層,
RPUNMLOJNHNFFAV37CA,24,.24,見其他登記事項,鋼筋混凝土造,82年12月3日,四層,
RPUNMLOJNHNFFAV37CA,24,.23,見其他登記事項,鋼筋混凝土造,82年12月3日,四層,
RPUNMLOJNHNFFAV37CA,24,.64,見其他登記事項,鋼筋混凝土造,82年12月3日,四層,
RPUNMLOJNHNFFAV37CA,24,.24,見其他登記事項,鋼筋混凝土造,82年12月3日,四層,
RPUNMLOJNHNFFAV37CA,24,.23,見其他登記事項,鋼筋混凝土造,82年12月3日,四層,
RPUNMLOJNHNFFAV37CA,24,.24,見其他登記事項,鋼筋混凝土造,82年12月3日,四層,
RPUNMLOJNHNFFAV37CA,24,.23,見其他登記事項,鋼筋混凝土造,82年12月3日,四層,
RPUNMLOJNHNFFAV37CA,24,.23,見其他登記事項,鋼筋混凝土造,82年12月3日,四層,
RPUNMLOJNHNFFAV37CA,24,.23,見其他登記事項,鋼筋混凝土造,82年12月3日,四層,
RPUNMLOJNHNFFAV37CA,24,.24,見其他登記事項,鋼筋混凝土造,82年12月3日,四層,
RPUNMLOJNHNFFAV37CA,24,.23,見其他登記事項,鋼筋混凝土造,82年12月3日,四層,
RPUNMLOJNHNFFAV37CA,24,.23,見其他登記事項,鋼筋混凝土造,82年12月3日,四層,
RPUNMLOJNHNFFAV37CA,24,.23,見其他登記事項,鋼筋混凝土造,82年12月3日,四層,
RPUNMLOJNHNFFAV37CA,24,.24,見其他登記事項,鋼筋混凝土造,82年12月3日,四層,
RPUNMLOJNHNFFAV37CA,24,.24,見其他登記事項,鋼筋混凝土造,82年12月3日,四層,
RPUNMLOJNHNFFAV37CA,24,.24,見其他登記事項,鋼筋混凝土造,82年12月3日,四層,
RPUNMLOJNHNFFAV37CA,24,.23,見其他登記事項,鋼筋混凝土造,82年12月3日,四層,
RPUNMLOJNHNFFAV37CA,24,.23,見其他登記事項,鋼筋混凝土造,82年12月3日,四層,
RPUNMLOJNHNFFAV37CA,24,.23,見其他登記事項,鋼筋混凝土造,82年12月3日,四層,
RPUNMLOJNHNFFAV37CA,24,.23,見其他登記事項,鋼筋混凝土造,82年12月3日,四層,
RPUNMLOJNHNFFAV37CA,24,.23,見其他登記事項,鋼筋混凝土造,82年12月3日,四層,
RPUNMLOJNHNFFAV37CA,24,.23,見其他登記事項,鋼筋混凝土造,82年12月3日,四層,
RPUNMLOJNHNFFAV37CA,24,.23,見其他登記事項,鋼筋混凝土造,82年12月3日,四層,
RPUNMLOJNHNFFAV37CA,24,2.07,見其他登記事項,鋼筋混凝土造,82年12月3日,四層,
RPUNMLOJNHNFFAV37CA,24,.23,見其他登記事項,鋼筋混凝土造,82年12月3日,四層,
RPUNMLOJNHNFFAV37CA,24,.24,見其他登記事項,鋼筋混凝土造,82年12月3日,四層,
RPUNMLOJNHNFFAV37CA,24,.64,見其他登記事項,鋼筋混凝土造,82年12月3日,四層,
RPUNMLOJNHNFFAV37CA,24,.23,見其他登記事項,鋼筋混凝土造,82年12月3日,四層,
RPPNMLLJNHNFFCV76CA,,135.76,住商用,見其他登記事項,,二層,一層 二層 騎樓
RPTNMLKMMHNFFAV07CA,19,89.19,見其他登記事項,鋼筋混凝土造,87年12月16日,九層,七層
RPTNMLKMMHNFFAV07CA,19,10.77,見其他登記事項,鋼筋混凝土造,87年12月16日,九層,
RPTNMLKMMHNFFAV07CA,19,15.21,見其他登記事項,鋼筋混凝土造,87年12月16日,九層,
RPROMLRJNHNFFAV47CA,25,80.49,見其他登記事項,鋼筋混凝土造,82年8月14日,七層,六層
RPROMLRJNHNFFAV47CA,25,1.21,見其他登記事項,鋼筋混凝土造,82年8月14日,七層,
RPROMLRJNHNFFAV47CA,25,14.93,見其他登記事項,鋼筋混凝土造,82年8月14日,七層,
RPROMLRJNHNFFAV47CA,25,7.83,見其他登記事項,鋼筋混凝土造,82年8月14日,七層,
RPQNMLKMNHNFFCV17DA,18,166.56,住家用,鋼筋混凝土造,88年11月1日,三層,一層 二層 三層
RPXNMLTJNHNFFAV28DA,46,101.86,住家用,見其他登記事項,60年11月20日,二層,一層 二層
RPUNMLMJNHNFFAV17CA,37,101.26,住家用,加強磚造,70年1月12日,二層,一層 二層
RPQNMLMJNHNFFAV76CA,25,83.78,住家用,鋼筋混凝土造,82年8月19日,七層,六層
RPQNMLMJNHNFFAV76CA,25,13.88,見其他登記事項,鋼筋混凝土造,82年8月19日,七層,
RPQNMLMJNHNFFAV76CA,25,14.63,見其他登記事項,鋼筋混凝土造,82年8月19日,七層,
RPQNMLMJNHNFFAV76CA,25,2.44,見其他登記事項,鋼筋混凝土造,82年8月19日,七層,
RPWNMLMJNHNFFAV37CA,30,229.07,見其他登記事項,鋼筋混凝土造,77年7月21日,三層,一層 二層 三層 地下層
RPQOMLRJNHNFFAV37CA,23,30.94,見其他登記事項,鋼筋混凝土造,84年2月21日,五層,一層
RPQOMLRJNHNFFAV37CA,23,7.38,見其他登記事項,鋼筋混凝土造,84年2月21日,五層,
RPQOMLRJNHNFFAV37CA,23,7.61,見其他登記事項,鋼筋混凝土造,84年2月21日,五層,
RPQOMLRJNHNFFAV37CA,23,1.71,共有部分,鋼筋混凝土造,84年2月21日,五層,
RPSNMLMJNHNFFAV96CA,16,204.12,住家用,鋼筋混凝土造,90年11月22日,三層,一層 二層 三層
RPXNMLMJNHNFFAV47CA,1,222.04,見其他登記事項,見其他登記事項,106年7月14日,三層,一層 二層 三層 見其他登記事項
SPTNMLRJNHNFFAV67CA,12,216.85,見其他登記事項,見其他登記事項,95年10月4日,三層,一層 二層 三層 騎樓
RPTNMLRJNHNFFAV57CA,12,200.57,見其他登記事項,見其他登記事項,95年10月4日,三層,一層 二層 三層 騎樓
RPQNMLOLNHNFFAV17CA,46,60.56,住家用,見其他登記事項,60年12月20日,一層,一層 騎樓
RPPNMLOLNHNFFAV07CA,7,206.17,住家用,見其他登記事項,99年9月30日,三層,一層 二層 三層
RPPNMLTJNHNFFCV57CA,27,134.94,住家用,加強磚造,79年11月24日,二層,一層 二層 屋頂突出物 騎樓
RPOOMLTJNHNFFAV37CA,,302.68,住家用,鋼筋混凝土造,,四層,一層 二層 三層 四層
SPPNMLTJNHNFFCV67CA,38,100.88,住商用,見其他登記事項,68年12月27日,二層,一層 二層 騎樓
RPQNMLSJNHNFFAV37CA,25,80.55,見其他登記事項,鋼筋混凝土造,82年10月19日,七層,三層
RPQNMLSJNHNFFAV37CA,25,23.51,見其他登記事項,鋼筋混凝土造,82年10月19日,七層,
RPQNMLSJNHNFFAV37CA,25,9.41,見其他登記事項,鋼筋混凝土造,82年10月19日,七層,
RPOOMLOLNHNFFAV07CA,36,124.36,住家用,加強磚造,70年11月13日,二層,一層 二層 騎樓
RPPNMLLKNHNFFAV76DA,37,117.24,住家用,鋼筋混凝土加強磚造,69年10月9日,二層,一層 二層 騎樓
RPQNMLRJNHNFFAV27CA,38,95.77,住家用,加強磚造,69年3月14日,二層,一層 二層
RPPOMLRJNHNFFAV27CA,1,279.85,見其他登記事項,見其他登記事項,106年7月14日,三層,一層 二層 三層 騎樓 見其他登記事項
RPTNMLPLNHNFFAV57CA,21,264.16,住家用,鋼筋混凝土造,85年10月15日,四層,一層 二層 三層 四層
RPTNMLOLNHNFFAV47CA,23,209.38,住家用,鋼筋混凝土造,83年10月28日,四層,一層 二層 三層 四層
RPRNMLPKNHNFFAV27CA,37,119.70,住家用,加強磚造,69年12月2日,二層,一層 二層 騎樓
RPSNMLTJNHNFFAV67CA,39,111.19,住家用,加強磚造,68年5月7日,二層,一層 二層 騎樓
RPPNMLKKNHNFFDV96DA,35,91.08,住家用,加強磚造,72年1月7日,一層,一層
RPQNMLLKNHNFFAV76CA,39,122.98,住家用,加強磚造,68年7月6日,二層,一層 二層 騎樓
RPRNMLKKNHNFFAV76CA,1,234.38,見其他登記事項,見其他登記事項,106年3月24日,三層,一層 二層 三層 屋頂突出物
RPRNMLSJNHNFFAV47CA,24,83.80,見其他登記事項,鋼筋混凝土造,83年6月1日,三層,二層
RPRNMLSJNHNFFAV47CA,24,9.54,見其他登記事項,鋼筋混凝土造,83年6月1日,三層,
RPPNMLPKNHNFFBV27DA,23,194.72,住商用,鋼筋混凝土造,84年1月25日,三層,一層 二層 三層 騎樓
RPXNMLTLNHNFFAV48DA,39,100.71,住家用,加強磚造,68年3月1日,二層,一層 二層
RPQNMLNLNHNFFAV17DA,,20.66,住家用,木造,,一層,一層
RPQNMLKKNHNFFAV66CA,6,121.92,住家用,加強磚造,101年6月22日,二層,一層 二層 騎樓
RPVNMLSJNHNFFAV87CA,24,234.23,住家用,鋼筋混凝土造,83年4月11日,三層,一層 二層 三層
RPQNMLLLNHNFFAV86CA,24,83.80,見其他登記事項,鋼筋混凝土造,83年6月1日,三層,一層
RPQNMLLLNHNFFAV86CA,24,9.54,見其他登記事項,鋼筋混凝土造,83年6月1日,三層,
RPVNMLTJNHNFFAV97CA,35,123.78,住家用,加強磚造,72年1月25日,二層,一層 二層
RPPNMLKKNHNFFAV56CA,3,83.80,住家用,加強磚造,104年4月17日,一層,一層
RPQNMLPKNHNFFAV17CA,40,73.83,住家用,見其他登記事項,67年5月13日,一層,一層
RPRNMLRKNHNFFAV47CA,22,133.80,見其他登記事項,鋼筋混凝土造,85年5月16日,二層,一層 二層
