﻿編號,土地區段位置,土地移轉面積平方公尺,使用分區或編定
The serial number,land sector position,land shifting area square meter,the use zoning or compiles and checks
RPPNMLLLKHNFFCV66CA,隆昌段,693.50,非都市：鄉村區 ; 非都市編定：乙種建築用地
RPQNMLNKKHNFFAV66CA,中清段,628.04,都市：住
RPQNMLNKKHNFFAV66CA,中清段,2.17,都市：其他
RPROMLPJLHNFFAV07CA,石壁段,2631.37,都市：農
RPRNMLMKKHNFFCV86CA,月野段,42.00,非都市：鄉村區 ; 非都市編定：乙種建築用地
RPRNMLMKKHNFFCV86CA,月野段,476.00,非都市：鄉村區 ; 非都市編定：乙種建築用地
RPWNMLMKKHNFFAV17CA,台東段,148.00,都市：住
RPXNMLMKKHNFFAV27CA,台東段,47.00,都市：住
RPPNMLOKKHNFFCV96DA,和平段,2264.93,非都市：一般農業區 ; 非都市編定：農牧用地
RPRNMLOKKHNFFCV17DA,廣原段,13300.00,非都市：山坡地保育區 ; 非都市編定：農牧用地
RPTNMLPJLHNFFAV27DA,北南王段,103.91,都市：其他
SPTNMLPJLHNFFAV37DA,北南王段,8.03,都市：其他
RPQNMLLLKHNFFCV86DA,隆昌段,354.11,非都市： ; 非都市編定：
UPTNMLPJLHNFFAV57DA,北南王段,.76,都市：其他
VPTNMLPJLHNFFAV67DA,北南王段,7.82,都市：其他
WPTNMLPJLHNFFAV77DA,北南王段,180.67,都市：其他
RPPNMLQLKHNFFDV27CA,荒野段,2870.29,非都市：一般農業區 ; 非都市編定：農牧用地
RPPNMLRJLHNFFCV17CA,豐泉段,210.80,都市：住
RPPNMLRJLHNFFCV17CA,豐泉段,19.81,都市：住
RPRNMLNKKHNFFAV76CA,大業段,539.66,都市：住
RPPNMLNKLHNFFBV86DA,沙泥灣段,814.70,非都市：風景區 ; 非都市編定：農牧用地
RPPNMLNKKHNFFCV76CA,德高段,28.46,非都市：特定農業區 ; 非都市編定：甲種建築用地
RPPNMLNKKHNFFCV76CA,德高段,28.46,非都市：特定農業區 ; 非都市編定：甲種建築用地
RPPNMLNKKHNFFCV76CA,德高段,28.46,非都市：特定農業區 ; 非都市編定：甲種建築用地
TPTNMLPJLHNFFAV47DA,北南王段,2.52,都市：其他
RPRNMLMKLHNFFBV86CA,玉長段,165.46,非都市：鄉村區 ; 非都市編定：乙種建築用地
RPRNMLMKLHNFFBV86CA,玉長段,28.55,非都市：鄉村區 ; 非都市編定：乙種建築用地
RPRNMLMKLHNFFBV86CA,玉長段,126.89,非都市：鄉村區 ; 非都市編定：乙種建築用地
RPPNMLSLKHNFFCV37CA,鹿寮段,99.20,非都市：特定農業區 ; 非都市編定：甲種建築用地
RPPNMLNKKHNFFAV56CA,普優瑪段,179.37,都市：住
RPPNMLNKKHNFFAV56CA,普優瑪段,46.65,都市：住
RPVNMLOKKHNFFAV27CA,中正段,37.08,都市：住
RPSNMLOKKHNFFCV17CA,南山段,131.80,都市：住
RPSNMLOKKHNFFCV17CA,南山段,20.32,都市：住
RPSNMLOKKHNFFCV17CA,南山段,7.24,都市：其他
RPSNMLOKKHNFFCV17CA,南山段,4.74,都市：其他
RPSNMLOKKHNFFCV17CA,南山段,62.23,都市：住
RPPOMLOKKHNFFAV76CA,常德段,40.31,都市：住
RPRNMLQJLHNFFBV17CA,和平南段,2703.39,非都市：風景區 ; 非都市編定：農牧用地
RPRNMLQJLHNFFBV17CA,和平南段,2563.15,非都市：風景區 ; 非都市編定：農牧用地
RPRNMLQJLHNFFBV17CA,和平南段,2560.00,非都市：風景區 ; 非都市編定：農牧用地
RPRNMLQJLHNFFBV17CA,和平南段,263.04,非都市：風景區 ; 非都市編定：農牧用地
RPSNMLNKKHNFFAV86CA,馬蘭段,179.00,都市：住
SPUNMLPJLHNFFAV47DA,北南王段,8.03,都市：其他
RPVNMLMLKHNFFAV17CA,台東段,340.00,都市：住
RPVNMLMLKHNFFAV17CA,台東段,226.67,都市：住
RPVNMLMLKHNFFAV17CA,台東段,113.33,都市：住
RPUNMLPJLHNFFAV37DA,北南王段,103.91,都市：其他
RPPNMLQJLHNFFCV07CA,豐泉段,465.47,都市：住
TPUNMLPJLHNFFAV57DA,北南王段,2.52,都市：其他
RPOOMLOKKHNFFAV66CA,永和段,16.44,都市：住
RPOOMLOKKHNFFAV66CA,永和段,114.86,都市：住
WPUNMLPJLHNFFAV87DA,北南王段,180.67,都市：其他
RPXNMLOKKHNFFAV47CA,台東段,3.64,都市：住
RPXNMLNKKHNFFAV37CA,自強段,105.95,都市：住
UPUNMLPJLHNFFAV67DA,北南王段,.76,都市：其他
RPPOMLNKKHNFFAV66CA,北南王段,79.86,都市：住
RPPOMLNKKHNFFAV66CA,北南王段,2.04,都市：住
TPVNMLPJLHNFFAV67DA,北南王段,2.52,都市：其他
VPUNMLPJLHNFFAV77DA,北南王段,7.82,都市：其他
SPVNMLPJLHNFFAV57DA,北南王段,8.03,都市：其他
RPVNMLPJLHNFFAV47DA,北南王段,103.91,都市：其他
VPVNMLPJLHNFFAV87DA,北南王段,7.82,都市：其他
UPVNMLPJLHNFFAV77DA,北南王段,.76,都市：其他
WPVNMLPJLHNFFAV97DA,北南王段,180.67,都市：其他
RPWNMLPJLHNFFAV57DA,北南王段,86.59,都市：其他
RPWNMLMLKHNFFAV37DA,永清段,11.04,都市：商
RPPNMLLLKHNFFDV86DA,北橋段,173.94,都市：住
SPWNMLPJLHNFFAV67DA,北南王段,6.70,都市：其他
RPSNMLMLKHNFFAV96DA,常德段,92.39,都市：住
RPRNMLMLKHNFFAV86DA,常德段,96.35,都市：住
RPRNMLNLKHNFFAV86CA,石壁段,9797.34,都市：其他
RPQNMLLLKHNFFDV86CA,秀山段,6.53,都市：住
RPPNMLOKLHNFFAV76CA,福德段,600.00,非都市：山坡地保育區 ; 非都市編定：丙種建築用地
RPXNMLMLKHNFFAV37CA,東谷段,150.14,都市：住
RPUNMLNLKHNFFAV17CA,中清段,1263.37,都市：農
RPPNMLOLKHNFFAV76CA,永清段,1.72,都市：住
RPUNMLMLKHNFFAV07CA,順天段,655.94,都市：農
RPUNMLMLKHNFFAV07CA,順天段,31.48,都市：農
RPPNMLRLKHNFFBV17CA,和平北段,582.64,非都市：風景區 ; 非都市編定：農牧用地
RPPNMLRLKHNFFBV17CA,和平北段,582.64,非都市：風景區 ; 非都市編定：農牧用地
RPTNMLNLKHNFFAV07CA,豐里段,162.01,非都市：鄉村區 ; 非都市編定：乙種建築用地
RPTNMLNLKHNFFAV07CA,豐里段,12.75,非都市：鄉村區 ; 非都市編定：乙種建築用地
RPTNMLNLKHNFFAV07CA,豐里段,.10,非都市：鄉村區 ; 非都市編定：乙種建築用地
RPPNMLRLKHNFFAV17DA,台東段,457.00,都市：住
RPPNMLRLKHNFFAV17DA,台東段,3.00,都市：住
RPPNMLRLKHNFFAV17DA,台東段,27.00,都市：住
RPPNMLRLKHNFFAV17DA,台東段,102.00,都市：住
RPPNMLRLKHNFFAV17DA,台東段,73.00,都市：住
RPPNMLRLKHNFFAV17DA,台東段,39.00,都市：住
RPQNMLNLKHNFFAV76CA,大豐段,2453.56,非都市：特定農業區 ; 非都市編定：農牧用地
RPXNMLPJLHNFFAV67DA,北南王段,86.59,都市：其他
RPSNMLNLKHNFFAV96CA,豐里段,150.37,非都市：鄉村區 ; 非都市編定：乙種建築用地
RPPNMLNLKHNFFAV76DA,永清段,6.36,都市：商
RPQNMLNLKHNFFCV07DA,月美段,2263.00,非都市：特定農業區 ; 非都市編定：農牧用地
RPPNMLLJLHNFFBV56DA,真柄段,2987.50,非都市：風景區 ; 非都市編定：農牧用地
RPOOMLPJLHNFFAV86DA,北南王段,34.64,都市：其他
SPOOMLPJLHNFFAV96DA,北南王段,2.68,都市：其他
TPOOMLPJLHNFFAV07DA,北南王段,.84,都市：其他
RPXNMLMJLHNFFAV37DA,中正段,125.00,都市：住
UPOOMLPJLHNFFAV17DA,北南王段,.25,都市：其他
RPPNMLNLKHNFFCV96DA,月野段,1710.00,非都市：特定農業區 ; 非都市編定：農牧用地
RPQNMLQLKHNFFBV27DA,高原段,15938.00,非都市：森林區 ; 非都市編定：農牧用地
VPOOMLPJLHNFFAV27DA,北南王段,2.61,都市：其他
SPXNMLPJLHNFFAV77DA,北南王段,6.70,都市：其他
UPPOMLPJLHNFFAV27DA,北南王段,.25,都市：其他
TPPOMLPJLHNFFAV17DA,北南王段,.84,都市：其他
WPOOMLPJLHNFFAV37DA,北南王段,60.22,都市：其他
RPQOMLPJLHNFFAV07DA,北南王段,34.64,都市：其他
RPPOMLPJLHNFFAV96DA,北南王段,34.64,都市：其他
VPPOMLPJLHNFFAV37DA,北南王段,2.61,都市：其他
RPQNMLQLKHNFFCV37DA,大埔段,134.64,都市：住
RPQNMLQLKHNFFCV37DA,大埔段,522.32,都市：住
SPPOMLPJLHNFFAV07DA,北南王段,2.68,都市：其他
TPQOMLPJLHNFFAV27DA,北南王段,.84,都市：其他
WPPOMLPJLHNFFAV47DA,北南王段,60.22,都市：其他
UPQOMLPJLHNFFAV37DA,北南王段,.25,都市：其他
SPQOMLPJLHNFFAV17DA,北南王段,2.68,都市：其他
RPPNMLMJLHNFFBV56CA,都豐段,96.20,非都市：風景區 ; 非都市編定：農牧用地
RPPNMLMJLHNFFBV56CA,都豐段,284.95,非都市：風景區 ; 非都市編定：農牧用地
RPPNMLMJLHNFFBV56CA,都豐段,3636.89,非都市：風景區 ; 非都市編定：農牧用地
RPPNMLMJLHNFFBV56CA,都豐段,1308.66,非都市：風景區 ; 非都市編定：農牧用地
RPPNMLMJLHNFFBV56CA,都豐段,110.72,非都市：風景區 ; 非都市編定：農牧用地
WPQOMLPJLHNFFAV57DA,北南王段,60.22,都市：其他
RPTNMLLJLHNFFAV76CA,豐航段,1462.53,都市：農
RPQNMLRLKHNFFBV27CA,加走灣段,2550.00,非都市：風景區 ; 非都市編定：農牧用地
VPQOMLPJLHNFFAV47DA,北南王段,2.61,都市：其他
RPPNMLQLKHNFFBV07CA,都豐段,3528.54,非都市：風景區 ; 非都市編定：農牧用地
RPRNMLQLKHNFFBV27CA,城仔埔段,956.36,非都市：風景區 ; 非都市編定：丙種建築用地
RPQNMLMJLHNFFAV56CA,自強段,148.77,都市：住
RPQNMLMJLHNFFAV56CA,自強段,148.77,都市：住
RPSOMLPJLHNFFAV27DA,北南王段,34.64,都市：其他
VPSOMLPJLHNFFAV67DA,北南王段,2.61,都市：其他
TPSOMLPJLHNFFAV47DA,北南王段,.84,都市：其他
RPSNMLLJLHNFFAV66CA,豐年段,6.00,都市：住
UPSOMLPJLHNFFAV57DA,北南王段,.25,都市：其他
SPSOMLPJLHNFFAV37DA,北南王段,2.68,都市：其他
RPRNMLRLKHNFFAV27CA,馬蘭段,40.42,都市：住
SPTOMLPJLHNFFAV47DA,北南王段,2.68,都市：其他
RPTOMLPJLHNFFAV37DA,北南王段,34.64,都市：其他
RPVNMLMJLHNFFAV07CA,台東段,11.09,都市：住
RPVNMLMJLHNFFAV07CA,台東段,1.26,都市：住
WPSOMLPJLHNFFAV77DA,北南王段,60.22,都市：其他
UPTOMLPJLHNFFAV67DA,北南王段,.25,都市：其他
TPTOMLPJLHNFFAV57DA,北南王段,.84,都市：其他
WPTOMLPJLHNFFAV87DA,北南王段,60.22,都市：其他
VPTOMLPJLHNFFAV77DA,北南王段,2.61,都市：其他
RPVNMLPJLHNFFDV77DA,復興段,126.39,都市：其他
RPPNMLLJLHNFFCV66DA,月美段,2126.00,非都市：特定農業區 ; 非都市編定：農牧用地
RPPNMLLJLHNFFCV66DA,月美段,1351.00,非都市：特定農業區 ; 非都市編定：農牧用地
RPPNMLPJLHNFFDV07CA,金富段,283.85,非都市：山坡地保育區 ; 非都市編定：農牧用地
RPPNMLPJLHNFFDV07CA,金富段,698.21,非都市：山坡地保育區 ; 非都市編定：農牧用地
RPPNMLPJLHNFFDV07CA,金富段,479.46,非都市：山坡地保育區 ; 非都市編定：農牧用地
RPPNMLPJLHNFFDV07CA,金富段,702.96,非都市：山坡地保育區 ; 非都市編定：農牧用地
RPPNMLQJLHNFFBV07DA,長光段,477.36,非都市：鄉村區 ; 非都市編定：乙種建築用地
RPQNMLLJLHNFFBV66DA,成功段,37.49,都市：其他
RPRNMLQLKHNFFAV27DA,自強段,119.00,都市：住
SPUOMLPJLHNFFAV57DA,北南王段,2.68,都市：其他
RPQNMLRLKHNFFAV27DA,台東段,12.68,都市：住
RPPNMLLJLHNFFAV09DA,建成段,94.97,都市：住
RPUOMLPJLHNFFAV47DA,北南王段,34.64,都市：其他
TPUOMLPJLHNFFAV67DA,北南王段,.84,都市：其他
TPVOMLPJLHNFFAV77DA,下賓朗段,1372.47,非都市：一般農業區 ; 非都市編定：水利用地
WPUOMLPJLHNFFAV97DA,北南王段,60.22,都市：其他
RPVOMLPJLHNFFAV57DA,下賓朗段,503.63,非都市：特定農業區 ; 非都市編定：水利用地
UPVOMLPJLHNFFAV87DA,下賓朗段,420.33,非都市：特定農業區 ; 非都市編定：水利用地
VPUOMLPJLHNFFAV87DA,北南王段,2.61,都市：其他
SPVOMLPJLHNFFAV67DA,下賓朗段,691.70,非都市：特定農業區 ; 非都市編定：水利用地
RPUNMLMJLHNFFAV96CA,岩灣段,213.80,都市：住
UPUOMLPJLHNFFAV77DA,北南王段,.25,都市：其他
VPVOMLPJLHNFFAV97DA,下賓朗段,631.84,非都市：特定農業區 ; 非都市編定：水利用地
RPPNMLMJLHNFFAV09CA,馬蘭段,99.00,都市：住
RPWNMLKLLHNFFAV17CA,豐年段,82.61,都市：住
RPRNMLKLLHNFFAV66CA,上岩灣段,2666.91,非都市：特定農業區 ; 非都市編定：農牧用地
RPQNMLSJLHNFFAV17CA,台東段,57.00,都市：住
RPPNMLRJLHNFFAV96CA,興航段,574.74,都市：住
RPRNMLSJLHNFFAV27CA,台東段,42.00,都市：住
RPRNMLSJLHNFFAV27CA,台東段,31.00,都市：住
RPPNMLOJLHNFFAV66CA,豐成段,1163.26,非都市：特定農業區 ; 非都市編定：農牧用地
RPPNMLOJLHNFFAV66CA,豐成段,1398.59,非都市：特定農業區 ; 非都市編定：農牧用地
RPQNMLPJLHNFFAV86CA,台東段,190.00,都市：住
RPPOMLMJLHNFFAV56CA,常德段,228.41,都市：住
RPTNMLPJLHNFFDV47CA,嘉蘭段,3512.00,非都市：山坡地保育區 ; 非都市編定：農牧用地
RPOOMLTKLHNFFAV37DA,馬蘭段,40.42,都市：住
RPUNMLPJLHNFFDV57CA,蘭里段,206.73,非都市：鄉村區 ; 非都市編定：乙種建築用地
RPWNMLMJLHNFFAV17CA,馬蘭段,6.67,都市：住
RPWNMLMJLHNFFAV17CA,馬蘭段,7.85,都市：住
RPWNMLPJLHNFFDV77CA,荖花段,1692.03,非都市：一般農業區 ; 非都市編定：農牧用地
RPWNMLPJLHNFFDV77CA,荖花段,1795.02,非都市：一般農業區 ; 非都市編定：農牧用地
RPWNMLPJLHNFFDV77CA,荖花段,1458.01,非都市：一般農業區 ; 非都市編定：農牧用地
RPRNMLMJLHNFFAV76DA,富山段,53.95,非都市：風景區 ; 非都市編定：丙種建築用地
RPSNMLPJLHNFFAV07CA,梅園段,87.77,都市：其他
RPPNMLMJLHNFFDV76CA,金富段,102.89,非都市：鄉村區 ; 非都市編定：乙種建築用地
RPOOMLMJLHNFFAV56DA,豐年段,6.00,都市：住
RPPOMLLLLHNFFAV66CA,鎮樂段,634.00,非都市：山坡地保育區 ; 非都市編定：林業用地
RPSNMLMJLHNFFAV76CA,豐年段,154.56,都市：住
RPPNMLMKLHNFFBV66CA,三民段,95.58,都市：住
RPQNMLSJLHNFFDV47CA,復興段,86.25,都市：住
RPPNMLSJLHNFFBV17CA,南八里段,2808.54,非都市：風景區 ; 非都市編定：農牧用地
RPPNMLMKLHNFFAV56CA,新生段,14.89,都市：住
RPPNMLRJLHNFFBV17DA,高原段,5005.00,非都市：森林區 ; 非都市編定：農牧用地
RPQNMLQJLHNFFCV27DA,北庄段,150.00,非都市：一般農業區 ; 非都市編定：甲種建築用地
RPSNMLRJLHNFFAV27CA,建華段,6162.96,都市：農
RPSNMLRJLHNFFAV27CA,建華段,3994.55,都市：農
RPRNMLRJLHNFFAV17CA,利家段,3100.00,非都市：特定農業區 ; 非都市編定：農牧用地
RPRNMLRJLHNFFAV17CA,利家段,3100.00,非都市：特定農業區 ; 非都市編定：農牧用地
RPTNMLRJLHNFFAV37CA,台東段,21.39,都市：住
RPQNMLTJLHNFFAV27CA,建和段,60.90,都市：住
RPQNMLTJLHNFFAV27CA,建和段,18.04,都市：其他
RPPNMLSJLHNFFCV27CA,龍田段,243.72,都市：其他
RPOOMLLMLHNFFCV86CA,萬朝段,447.91,非都市：鄉村區 ; 非都市編定：乙種建築用地
RPPNMLQJLHNFFAV96DA,普優瑪段,283.22,都市：住
RPPNMLQJLHNFFAV96DA,普優瑪段,1.54,都市：住
RPQNMLRJLHNFFCV27CA,豐泉段,213.05,都市：住
RPQNMLQJLHNFFBV07CA,新港段新港小段,85.00,非都市：風景區 ; 非都市編定：丙種建築用地
RPPNMLTJLHNFFCV37CA,中福段,62.08,都市：商
RPTNMLTLLHNFFAV77CA,台東段,59.00,都市：住
RPQNMLRJLHNFFAV07CA,南清段,101.10,都市：住
RPRNMLMKLHNFFAV86DA,東興段,190.87,非都市：鄉村區 ; 非都市編定：乙種建築用地
RPRNMLSJLHNFFCV47CA,大原段,1056.00,非都市：特定農業區 ; 非都市編定：農牧用地
RPRNMLSJLHNFFCV47CA,大原段,1091.00,非都市：特定農業區 ; 非都市編定：農牧用地
RPRNMLSJLHNFFCV47CA,大原段,709.00,非都市：特定農業區 ; 非都市編定：農牧用地
RPRNMLLLLHNFFBV86CA,高原段,14030.00,非都市：森林區 ; 非都市編定：農牧用地
RPRNMLLLLHNFFBV86CA,高原段,2534.00,非都市：森林區 ; 非都市編定：農牧用地
RPRNMLLLLHNFFBV86CA,高原段,21879.00,非都市：森林區 ; 非都市編定：農牧用地
SPTNMLTLLHNFFAV87CA,台東段,15.00,都市：住
RPSNMLMKLHNFFAV96DA,東興段,81.97,非都市：鄉村區 ; 非都市編定：乙種建築用地
RPPNMLSJLHNFFDV37CA,達人段,1031.49,非都市：山坡地保育區 ; 非都市編定：農牧用地
RPPNMLSJLHNFFDV37CA,達人段,1050.17,非都市：山坡地保育區 ; 非都市編定：農牧用地
RPQNMLOLLHNFFCV17CA,月野段,888.00,非都市：山坡地保育區 ; 非都市編定：農牧用地
RPTNMLOKLHNFFAV17CA,台東段,76.00,都市：住
RPQNMLSJLHNFFCV47DA,康源段,613.00,非都市：山坡地保育區 ; 非都市編定：丙種建築用地
RPPNMLOLLHNFFCV07CA,月野段,3736.00,非都市：山坡地保育區 ; 非都市編定：丙種建築用地
RPPNMLOLLHNFFCV07CA,月野段,1339.00,非都市：山坡地保育區 ; 非都市編定：丙種建築用地
RPPNMLOLLHNFFCV07CA,月野段,560.00,非都市：山坡地保育區 ; 非都市編定：丙種建築用地
RPPNMLMKLHNFFCV86DA,萬朝段,232.33,非都市：鄉村區 ; 非都市編定：乙種建築用地
RPPNMLMJMHNFFAV56CA,利吉北段,4624.23,非都市：山坡地保育區 ; 非都市編定：農牧用地
RPPNMLKMLHNFFDV96DA,正興段,32.81,都市：住
RPQNMLMKLHNFFAV66CA,中正段,79.00,都市：住
RPPNMLTJLHNFFAV17CA,自強段,54.03,都市：住
RPWNMLTLLHNFFAV08CA,富岡南段,115.09,非都市：鄉村區 ; 非都市編定：乙種建築用地
RPPNMLNKLHNFFDV96CA,金富段,2014.92,非都市：山坡地保育區 ; 非都市編定：農牧用地
RPQNMLNKLHNFFAV76CA,新生段,192.00,都市：住
RPQNMLMKLHNFFCV86CA,鹿寮段,100.12,非都市：鄉村區 ; 非都市編定：乙種建築用地
RPQNMLMKLHNFFCV86CA,鹿寮段,23.81,非都市：鄉村區 ; 非都市編定：乙種建築用地
RPPNMLSLLHNFFAV37DA,豐年段,626.05,都市：住
RPSNMLMLLHNFFAV07DA,北南王段,2028.91,都市：其他
RPQNMLNKLHNFFBV86CA,萬年段,347.00,非都市：鄉村區 ; 非都市編定：乙種建築用地
RPPNMLNKLHNFFAV66CA,上源段,72.46,非都市：山坡地保育區 ; 非都市編定：丙種建築用地
RPUNMLRLLHNFFAV67CA,台東段,31.00,都市：住
RPUNMLRLLHNFFAV67CA,台東段,52.00,都市：住
RPQNMLOKLHNFFAV86CA,豐年段,18.00,都市：住
RPQNMLOKLHNFFAV86CA,豐年段,18.00,都市：住
RPWNMLQKLHNFFAV67CA,豐年段,17.50,都市：住
RPRNMLNKLHNFFAV86CA,常德段,14.24,都市：住
RPVNMLOKLHNFFAV47DA,台東段,140.00,都市：商
RPQNMLQKLHNFFAV07CA,知本段,1496.00,非都市：特定農業區 ; 非都市編定：農牧用地
RPSNMLPKLHNFFAV17CA,南清段,69.92,都市：住
RPTNMLQKLHNFFAV37CA,大豐段,4326.52,非都市：特定農業區 ; 非都市編定：農牧用地
RPQNMLTKLHNFFAV37CA,新生段,790.00,都市：農
RPQNMLTKLHNFFAV37CA,新生段,2671.00,都市：農
RPQNMLPKLHNFFAV96CA,豐年段,16.64,都市：住
RPPNMLQKLHNFFAV96CA,馬蘭段,45.08,都市：住
RPSNMLQKLHNFFAV27CA,豐樂段,129.00,都市：住
RPSNMLTLLHNFFBV77CA,濱海段,85.86,都市：住
RPSNMLTLLHNFFBV77CA,濱海段,87.40,都市：住
RPSNMLTLLHNFFBV77CA,濱海段,170.52,都市：住
RPVNMLTKLHNFFAV87CA,中心段,14.00,都市：住
RPVNMLTKLHNFFAV87CA,中心段,113.00,都市：住
RPPNMLSJMHNFFBV27CA,黃金橋段,342.84,非都市：鄉村區 ; 非都市編定：乙種建築用地
RPQNMLKLLHNFFBV66CA,都豐段,1179.43,非都市：風景區 ; 非都市編定：農牧用地
RPQNMLKLLHNFFBV66CA,都豐段,1179.42,非都市：風景區 ; 非都市編定：農牧用地
RPQNMLKLLHNFFBV66CA,都豐段,1129.78,非都市：風景區 ; 非都市編定：農牧用地
RPQNMLKLLHNFFBV66CA,都豐段,1129.77,非都市：風景區 ; 非都市編定：農牧用地
RPPNMLTKLHNFFCV47CA,月野段,1741.00,非都市：特定農業區 ; 非都市編定：農牧用地
RPTNMLTKLHNFFAV67CA,康樂段,3901.00,非都市：特定農業區 ; 非都市編定：農牧用地
RPRNMLQLLHNFFAV27CA,普優瑪段,.20,都市：其他
RPRNMLQLLHNFFAV27CA,普優瑪段,142.17,都市：住
RPRNMLQLLHNFFAV27CA,普優瑪段,2.70,都市：其他
RPRNMLQLLHNFFAV27CA,普優瑪段,22.77,都市：其他
RPRNMLTLLHNFFBV67CA,新都威段,3059.02,非都市：風景區 ; 非都市編定：農牧用地
RPPNMLTKLHNFFAV37DA,富岡段,138.26,非都市：鄉村區 ; 非都市編定：乙種建築用地
RPVNMLQKLHNFFAV57CA,豐榮段,97.00,都市：住
RPPNMLQKLHNFFBV17DA,都豐段,6354.48,非都市：風景區 ; 非都市編定：農牧用地
RPPNMLQKLHNFFBV17DA,都豐段,5286.40,非都市：風景區 ; 非都市編定：農牧用地
RPPNMLQKLHNFFBV17DA,都豐段,1743.29,非都市：風景區 ; 非都市編定：農牧用地
RPPNMLQKLHNFFBV17DA,都豐段,78.10,非都市：風景區 ; 非都市編定：農牧用地
RPPNMLPKLHNFFCV17DA,福文段,122.78,都市：商
RPVNMLTLLHNFFAV97CA,南王段,92.51,都市：住
RPWNMLTKLHNFFAV97CA,利家段,96.00,非都市：特定農業區 ; 非都市編定：甲種建築用地
RPUNMLTKLHNFFAV77CA,富岡南段,121.23,非都市：鄉村區 ; 非都市編定：乙種建築用地
RPTNMLKLLHNFFAV86CA,普優瑪段,146.63,都市：住
RPTNMLKLLHNFFAV86CA,普優瑪段,23.92,都市：其他
RPXNMLTKLHNFFAV08CA,富岡南段,115.15,非都市：鄉村區 ; 非都市編定：乙種建築用地
RPUNMLQKLHNFFAV47CA,台東段,16.72,都市：住
RPPNMLKLLHNFFAV09CA,馬蘭段,90.00,都市：住
RPUNMLKLLHNFFAV96CA,青林段,2.32,都市：住
RPSNMLKLLHNFFAV76CA,鎮樂段,3700.00,非都市：山坡地保育區 ; 非都市編定：農牧用地
RPPNMLQLLHNFFBV27DA,忠勇段,88.57,都市：商
RPUNMLTLLHNFFAV87CA,富岡南段,115.03,非都市：鄉村區 ; 非都市編定：乙種建築用地
RPPNMLLMLHNFFBV86DA,小湊段美山小段,2592.00,非都市：風景區 ; 非都市編定：農牧用地
RPQNMLQLLHNFFBV37DA,新竹湖段,4699.35,非都市：風景區 ; 非都市編定：農牧用地
RPRNMLTKLHNFFAV47CA,上岩灣段,91.40,都市：住
RPRNMLLLLHNFFAV76CA,豐榮段,74.00,都市：住
RPQNMLTKLHNFFCV57CA,福原段,113.45,都市：住
RPPNMLMLLHNFFDV07DA,金富段,291.67,非都市：山坡地保育區 ; 非都市編定：農牧用地
RPXNMLKLLHNFFAV27CA,台東段,78.00,都市：住
RPRNMLMKMHNFFAV86CA,豐里段,95.21,非都市：鄉村區 ; 非都市編定：乙種建築用地
RPQNMLLLLHNFFAV66CA,豐源段,3167.43,非都市：特定農業區 ; 非都市編定：農牧用地
RPRNMLNKMHNFFDV27CA,秀山段,4.62,都市：住
RPRNMLNKMHNFFDV27CA,秀山段,.00,都市：住
RPOOMLLLLHNFFAV56CA,中山段,101.00,都市：住
RPQNMLMLLHNFFAV76CA,梧州段,3.45,都市：住
RPQNMLMLLHNFFAV76CA,梧州段,108.57,都市：住
RPOOMLLKMHNFFAV56CA,豐年段,18.50,都市：住
RPTNMLQLLHNFFAV47CA,梧州段,182.14,都市：住
RPTNMLQLLHNFFAV47CA,梧州段,1004.72,都市：住
RPTNMLQLLHNFFAV47CA,梧州段,60.21,都市：住
RPTNMLQLLHNFFAV47CA,梧州段,510.82,都市：其他
RPTNMLQLLHNFFAV47CA,梧州段,194.80,都市：住
RPRNMLMLLHNFFAV86CA,富岡南段,118.10,非都市：鄉村區 ; 非都市編定：乙種建築用地
RPSNMLLLLHNFFAV86CA,永清段,124.99,都市：住
RPRNMLNLLHNFFCV17CA,福文段,2845.49,都市：農
RPPNMLQLLHNFFAV07CA,永清段,3557.28,都市：農
RPXNMLLLLHNFFAV37CA,馬蘭段,45.00,都市：住
RPPNMLRLLHNFFAV17CA,馬蘭段,2.46,都市：住
RPPNMLRLLHNFFAV17CA,馬蘭段,2.89,都市：住
RPWNMLLLLHNFFAV27CA,馬蘭段,179.00,都市：住
RPQOMLLKMHNFFAV76CA,東海段,22.69,都市：住
RPQOMLLKMHNFFAV76CA,東海段,1.46,都市：住
RPQNMLLLLHNFFBV76CA,南佳里段,560.18,非都市：風景區 ; 非都市編定：丙種建築用地
SPPNMLKKMHNFFAV66DA,光明段,2.89,都市：其他
TPPNMLKKMHNFFAV76DA,光明段,3.89,都市：其他
RPUNMLLLLHNFFAV07CA,富岡南段,100.01,非都市：鄉村區 ; 非都市編定：乙種建築用地
UPPNMLKKMHNFFAV86DA,光明段,6.03,都市：其他
RPPNMLKKMHNFFAV56DA,光明段,2.24,都市：其他
RPQNMLMLLHNFFCV07DA,南山段,279.25,非都市：一般農業區 ; 非都市編定：農牧用地
RPPNMLTJMHNFFCV57DA,大原段,2475.00,非都市：特定農業區 ; 非都市編定：農牧用地
RPPNMLMLLHNFFCV96DA,西莊段,3618.18,非都市：特定農業區 ; 非都市編定：農牧用地
RPPNMLMLLHNFFCV96DA,西莊段,597.26,非都市：特定農業區 ; 非都市編定：農牧用地
RPPNMLMLLHNFFCV96DA,西莊段,5954.67,非都市：特定農業區 ; 非都市編定：農牧用地
RPPNMLMLLHNFFCV96DA,西莊段,514.29,非都市：特定農業區 ; 非都市編定：農牧用地
RPPNMLMLLHNFFCV96DA,西莊段,478.82,非都市：特定農業區 ; 非都市編定：農牧用地
RPPNMLMLLHNFFCV96DA,西莊段,3529.50,非都市：特定農業區 ; 非都市編定：農牧用地
RPPNMLMLLHNFFCV96DA,西莊段,1563.60,非都市：特定農業區 ; 非都市編定：農牧用地
RPPNMLMLLHNFFCV96DA,西莊段,1178.21,非都市：特定農業區 ; 非都市編定：農牧用地
RPSNMLMLLHNFFCV27DA,慶福段,32.71,都市：住
RPSNMLMLLHNFFCV27DA,慶福段,98.38,都市：住
RPPNMLQLLHNFFCV27CA,德高段,929.36,非都市：特定農業區 ; 非都市編定：甲種建築用地
RPQNMLNKMHNFFDV27DA,復興段,92.66,都市：住
RPQNMLNKMHNFFDV27DA,復興段,6.98,都市：住
VPPNMLKKMHNFFAV96DA,光明段,27.86,都市：其他
RPPNMLMLLHNFFAV66CA,東海段,22.69,都市：住
RPPNMLMLLHNFFAV66CA,東海段,1.46,都市：住
RPQNMLMKMHNFFAV76CA,豐谷段,92.00,都市：住
RPRNMLRLLHNFFCV57CA,利稻段,2030.00,非都市：風景區 ; 非都市編定：農牧用地
RPQNMLSKMHNFFAV37CA,利家段,2560.00,非都市：山坡地保育區 ; 非都市編定：農牧用地
RPQNMLSKMHNFFAV37CA,利家段,1034.00,非都市：山坡地保育區 ; 非都市編定：農牧用地
RPQNMLSKMHNFFAV37CA,利家段,606.00,非都市：山坡地保育區 ; 非都市編定：農牧用地
RPTNMLRLLHNFFAV57CA,利家段,4286.00,非都市：特定農業區 ; 非都市編定：農牧用地
RPPNMLKLMHNFFCV86DA,中和段,98.47,非都市：鄉村區 ; 非都市編定：乙種建築用地
RPQNMLRLLHNFFAV37DA,豐利段,73.78,都市：住
RPQNMLRLLHNFFAV37DA,豐利段,56.68,都市：其他
RPSNMLRLLHNFFAV47CA,豐谷段,91.00,都市：住
RPSOMLLKMHNFFAV96CA,豐年段,5.50,都市：住
RPSNMLRKMHNFFAV57DA,台東段,6.00,都市：住
RPRNMLRLLHNFFAV37CA,中山段,81.00,都市：住
RPWNMLLMLHNFFAV37CA,豐谷段,84.00,都市：住
RPWNMLLMLHNFFAV37CA,豐谷段,8.00,都市：住
RPPNMLPLMHNFFCV27CA,水井段,133.25,非都市：鄉村區 ; 非都市編定：乙種建築用地
RPPNMLPLMHNFFCV27CA,水井段,537.28,非都市：鄉村區 ; 非都市編定：乙種建築用地
RPPNMLPLMHNFFCV27CA,水井段,299.56,非都市：鄉村區 ; 非都市編定：乙種建築用地
RPPNMLPLMHNFFCV27CA,水井段,262.63,非都市：鄉村區 ; 非都市編定：乙種建築用地
RPTNMLLMLHNFFCV27CA,水井段,184.90,非都市：鄉村區 ; 非都市編定：乙種建築用地
RPSNMLLMLHNFFCV17CA,水井段,126.11,非都市：鄉村區 ; 非都市編定：乙種建築用地
RPPNMLTLLHNFFBV47CA,萬年段,1012.00,非都市：鄉村區 ; 非都市編定：乙種建築用地
RPTNMLTLLHNFFBV87CA,小馬東段,504.09,非都市：風景區 ; 非都市編定：丙種建築用地
RPPNMLLJMHNFFBV56CA,濱海段,20.49,都市：住
RPPNMLLJMHNFFBV56CA,濱海段,178.92,都市：住
RPPNMLLJMHNFFBV56CA,濱海段,250.17,都市：住
RPPNMLLJMHNFFBV56CA,濱海段,497.17,都市：住
RPQNMLPLMHNFFCV37CA,水井段,664.34,非都市：鄉村區 ; 非都市編定：乙種建築用地
RPQNMLPLMHNFFCV37CA,水井段,388.09,非都市：鄉村區 ; 非都市編定：乙種建築用地
RPXNMLLMLHNFFCV67CA,水井段,69.00,非都市：鄉村區 ; 非都市編定：乙種建築用地
RPXNMLLMLHNFFCV67CA,水井段,252.30,非都市：鄉村區 ; 非都市編定：乙種建築用地
RPUNMLLMLHNFFCV37CA,水井段,470.87,非都市：鄉村區 ; 非都市編定：乙種建築用地
RPWNMLLMLHNFFCV57CA,水井段,336.30,非都市：鄉村區 ; 非都市編定：乙種建築用地
RPSNMLKMLHNFFDV17CA,笆札筏段,202.16,非都市：鄉村區 ; 非都市編定：乙種建築用地
RPPNMLTLLHNFFCV57CA,親水段,2486.23,非都市：特定農業區 ; 非都市編定：農牧用地
RPPNMLTLLHNFFCV57CA,親水段,2354.37,非都市：特定農業區 ; 非都市編定：農牧用地
RPQNMLLMLHNFFAV76CA,利卡夢段,231.06,非都市：特定農業區 ; 非都市編定：甲種建築用地
RPVNMLLMLHNFFCV47CA,水井段,324.03,非都市：鄉村區 ; 非都市編定：乙種建築用地
RPVNMLLMLHNFFCV47CA,水井段,327.75,非都市：鄉村區 ; 非都市編定：乙種建築用地
RPQNMLTLLHNFFBV57CA,和平南段,3138.95,非都市：風景區 ; 非都市編定：農牧用地
RPVOMLLKMHNFFAV27CA,南榮段,1243.73,都市：農
RPPNMLMJMHNFFBV76DA,都豐段,235.80,非都市：鄉村區 ; 非都市編定：乙種建築用地
RPTNMLNJMHNFFAV07CA,岩灣段,151.37,都市：住
RPTNMLNJMHNFFAV07CA,岩灣段,151.37,都市：住
RPTNMLNJMHNFFAV07CA,岩灣段,151.36,都市：住
RPPNMLLMLHNFFAV66CA,東谷段,130.55,非都市：特定農業區 ; 非都市編定：甲種建築用地
RPPNMLTLLHNFFAV47DA,青林段,49.81,都市：住
RPVNMLLMLHNFFAV27CA,台東段,69.00,都市：住
RPPNMLNKMHNFFAV76CA,富岡段,41.67,非都市：鄉村區 ; 非都市編定：乙種建築用地
RPPNMLNKMHNFFAV76CA,富岡段,214.55,非都市：鄉村區 ; 非都市編定：乙種建築用地
RPPNMLNKMHNFFAV76CA,富岡段,8.05,非都市：鄉村區 ; 非都市編定：乙種建築用地
RPPNMLNKMHNFFAV76CA,富岡南段,83.28,非都市：鄉村區 ; 非都市編定：乙種建築用地
RPPNMLNKMHNFFAV76CA,富岡南段,.18,非都市：鄉村區 ; 非都市編定：乙種建築用地
RPPNMLNKMHNFFAV76CA,富岡南段,34.19,非都市：鄉村區 ; 非都市編定：乙種建築用地
RPRNMLNJMHNFFAV86CA,東海段,104.34,都市：住
RPQNMLMJMHNFFBV76CA,長濱段,5340.00,非都市：風景區 ; 非都市編定：農牧用地
RPTNMLRKMHNFFAV57CA,台東段,10.08,都市：住
RPQNMLLMLHNFFBV96DA,和平北段,861.28,非都市：風景區 ; 非都市編定：農牧用地
RPTNMLLMLHNFFAV07CA,中山段,124.00,都市：住
RPRNMLMJMHNFFBV86CA,坪頂段,60.71,非都市：風景區 ; 非都市編定：農牧用地
RPRNMLQKMHNFFBV37CA,東柄段,2500.00,非都市：風景區 ; 非都市編定：農牧用地
RPPNMLSKMHNFFCV47CA,里段,90.15,都市：住
RPPNMLSKMHNFFCV47CA,里段,86.48,都市：住
RPPNMLSKMHNFFCV47CA,里段,1.50,都市：住
RPPNMLPLMHNFFAV07CA,自強段,148.00,都市：住
RPPNMLNLMHNFFDV27DA,秀山段,10.39,都市：其他
RPPNMLNLMHNFFDV27DA,秀山段,.00,都市：其他
RPPNMLNJMHNFFAV76DA,豐利段,21.59,都市：其他
RPPNMLNJMHNFFAV76DA,豐利段,51.62,都市：住
RPRNMLLMLHNFFAV86CA,台東段,83.00,都市：住
RPUNMLNJMHNFFAV17CA,台東段,50.00,都市：住
RPQNMLNJMHNFFAV76CA,新園段,1608.00,非都市：特定農業區 ; 非都市編定：農牧用地
RPTNMLMJMHNFFAV96CA,南王段,92.51,都市：住
RPWNMLNJMHNFFAV37CA,中清段,63.88,都市：住
RPQNMLMJMHNFFAV66CA,常德段,40.76,都市：住
RPQNMLRKMHNFFAV27CA,石壁段,123.17,都市：住
RPQNMLRKMHNFFAV27CA,石壁段,6.31,都市：住
RPQNMLTJMHNFFAV37CA,豐利段,39.37,都市：住
RPSNMLNKMHNFFAV07CA,台東段,11.93,都市：住
RPVNMLNJMHNFFAV27CA,豐樂段,83.00,都市：住
RPSNMLTJMHNFFAV57CA,新生段,80.00,都市：住
RPTNMLNKMHNFFAV17CA,豐年段,111.76,都市：住
RPPNMLLKMHNFFAV56CA,豐里段,280.10,非都市：鄉村區 ; 非都市編定：乙種建築用地
RPTNMLTJMHNFFAV67CA,台東段,131.00,都市：住
RPRNMLMJMHNFFAV76CA,台東段,111.00,都市：住
SPTNMLTKMHNFFAV97DA,北南王段,12.61,都市：其他
RPVNMLLKMHNFFAV17CA,台東段,46.00,都市：商
RPPNMLQLMHNFFAV17CA,下賓朗段,242.39,非都市：一般農業區 ; 非都市編定：甲種建築用地
TPTNMLTKMHNFFAV08DA,北南王段,23.27,都市：其他
RPTNMLTKMHNFFAV87DA,北南王段,56.95,都市：其他
RPXNMLLKMHNFFAV37CA,南清段,785.50,都市：住
RPXNMLLKMHNFFAV37CA,南清段,762.77,都市：住
RPXNMLLKMHNFFAV37CA,南清段,1043.37,都市：住
RPQNMLRJNHNFFCV47CA,中和段,215.34,非都市：一般農業區 ; 非都市編定：農牧用地
RPPNMLTJMHNFFAV27CA,梧州段,180.05,都市：住
RPPNMLTJMHNFFAV27CA,梧州段,180.05,都市：住
RPPNMLTJMHNFFAV27CA,梧州段,180.05,都市：住
RPPNMLTJMHNFFAV27CA,梧州段,.22,都市：其他
RPPNMLTJMHNFFAV27CA,梧州段,.22,都市：其他
RPPNMLTJMHNFFAV27CA,梧州段,.22,都市：其他
RPUNMLTJMHNFFAV77CA,台東段,12.00,都市：住
RPQNMLNLMHNFFDV27CA,秀山段,71.20,非都市：一般農業區 ; 非都市編定：甲種建築用地
RPUNMLRKMHNFFAV67CA,利泰段,327.46,非都市： ; 非都市編定：
RPPNMLTJMHNFFDV57CA,秀山段,8.08,都市：住
RPPNMLTJMHNFFDV57CA,秀山段,.00,都市：住
RPTNMLQKMHNFFAV47CA,下賓朗段,83.92,非都市：鄉村區 ; 非都市編定：乙種建築用地
RPPNMLLKMHNFFBV66CA,忠智段,123.16,都市：住
RPPNMLMKMHNFFBV86DA,高原段,4418.00,非都市：森林區 ; 非都市編定：農牧用地
RPPNMLRJNHNFFCV37CA,中和段,556.36,非都市：一般農業區 ; 非都市編定：甲種建築用地
RPQNMLMKMHNFFBV86CA,忠智段,122.92,都市：住
RPTOMLLKMHNFFAV07CA,台東段,58.69,都市：住
RPRNMLRKMHNFFAV37CA,豐聖段,9.51,都市：農
RPPNMLQKMHNFFAV07CA,利吉段,484.45,非都市：鄉村區 ; 非都市編定：乙種建築用地
RPRNMLQLMHNFFAV37CA,澱粉段,2052.38,非都市：特定農業區 ; 非都市編定：甲種建築用地
RPRNMLKMMHNFFAV86CA,豐榮段,67.00,都市：住
RPQNMLLKNHNFFBV86CA,田組段,139.83,非都市：風景區 ; 非都市編定：農牧用地
RPQNMLLKNHNFFBV86CA,田組段,37.56,非都市：風景區 ; 非都市編定：農牧用地
RPQNMLLKNHNFFBV86CA,田組段,175.30,非都市：風景區 ; 非都市編定：農牧用地
RPQNMLLKNHNFFBV86CA,田組段,2975.21,非都市：風景區 ; 非都市編定：農牧用地
RPQNMLLKNHNFFBV86CA,田組段,2532.76,非都市：風景區 ; 非都市編定：農牧用地
RPQNMLLKNHNFFBV86CA,田組段,428.30,非都市：風景區 ; 非都市編定：農牧用地
RPPNMLKKMHNFFCV66CA,福原段,34.79,都市：住
RPQNMLLJNHNFFCV86CA,福文段,1924.86,都市：農
RPQNMLLJNHNFFCV86CA,萬福段,407.92,非都市：一般農業區 ; 非都市編定：農牧用地
RPQNMLLJNHNFFCV86CA,福文段,582.88,都市：農
RPTNMLKKNHNFFAV96CA,梧州段,97.33,都市：住
RPPNMLOKMHNFFAV86CA,豐成段,3085.10,非都市：特定農業區 ; 非都市編定：農牧用地
RPUNMLTKMHNFFAV87CA,北南王段,31.88,都市：住
RPUNMLTKMHNFFAV87CA,北南王段,31.88,都市：住
RPQNMLNKMHNFFAV86CA,上岩灣段,65.14,都市：住
RPSNMLQKMHNFFAV47DA,利家段,3440.00,非都市：特定農業區 ; 非都市編定：農牧用地
RPWNMLLKMHNFFAV27CA,中山段,70.00,都市：住
RPPNMLKLMHNFFDV86CA,秀山段,8.08,都市：住
RPPNMLKLMHNFFDV86CA,秀山段,.00,都市：住
RPQNMLQKMHNFFDV47CA,復興段,97.44,都市：住
RPRNMLNKMHNFFAV96CA,台東段,16.72,都市：住
RPPNMLLKNHNFFBV86DA,三民段,98.85,都市：住
RPVNMLQKMHNFFAV67CA,石壁段,2420.96,都市：農
RPVNMLQKMHNFFAV67CA,石壁段,2148.65,都市：農
RPVNMLQKMHNFFAV67CA,石壁段,1007.45,都市：農
RPPNMLTKMHNFFDV67CA,秀山段,8.08,都市：商
RPPNMLTKMHNFFDV67CA,秀山段,.00,都市：商
RPPNMLRKMHNFFAV17CA,馬蘭段,41.96,都市：住
RPPNMLRKMHNFFBV27CA,新美山段,5357.89,非都市：風景區 ; 非都市編定：農牧用地
RPPNMLKMMHNFFAV66CA,建成段,67.71,都市：其他
RPPNMLKMMHNFFAV66CA,建成段,67.71,都市：其他
RPQNMLTKMHNFFDV77CA,秀山段,8.08,都市：商
RPQNMLTKMHNFFDV77CA,秀山段,.00,都市：商
RPPNMLSJNHNFFCV47CA,四維段,1439.87,非都市：一般農業區 ; 非都市編定：遊憩用地
RPPNMLSJNHNFFCV47CA,四維段,3184.58,非都市：一般農業區 ; 非都市編定：遊憩用地
RPPNMLSJNHNFFCV47CA,四維段,8285.00,非都市：一般農業區 ; 非都市編定：國土保安用地
RPPNMLSJNHNFFCV47CA,四維段,29468.00,非都市：一般農業區 ; 非都市編定：遊憩用地
RPPNMLSJNHNFFCV47CA,四維段,181.54,非都市：一般農業區 ; 非都市編定：遊憩用地
RPPNMLSJNHNFFCV47CA,四維段,6729.17,非都市：一般農業區 ; 非都市編定：國土保安用地
RPPNMLSJNHNFFCV47CA,四維段,270.12,非都市：一般農業區 ; 非都市編定：交通用地
RPPNMLSJNHNFFCV47CA,四維段,112.00,非都市：一般農業區 ; 非都市編定：特定目的事業用地
RPPNMLSJNHNFFCV47CA,四維段,356.96,非都市：一般農業區 ; 非都市編定：甲種建築用地
RPPNMLSJNHNFFCV47CA,四維段,93.26,非都市：河川區 ; 非都市編定：甲種建築用地
RPPNMLSJNHNFFCV47CA,四維段,779.18,非都市：一般農業區 ; 非都市編定：甲種建築用地
RPPNMLSJNHNFFCV47CA,四維段,53.21,非都市：河川區 ; 非都市編定：甲種建築用地
RPWNMLQKMHNFFAV77CA,中山段,78.00,都市：住
RPXNMLQKMHNFFAV87CA,新生段,10.42,都市：住
RPQNMLTKMHNFFCV67CA,水墜段,261.23,非都市：鄉村區 ; 非都市編定：乙種建築用地
RPPNMLNLMHNFFBV96CA,成功段,75.73,都市：住
RPSNMLTKMHNFFAV67CA,豐川段,447.43,非都市：特定農業區 ; 非都市編定：農牧用地
RPRNMLTKMHNFFAV57CA,豐年段,23.75,都市：住
RPQNMLLJNHNFFBV76CA,東柄段,2500.00,非都市：風景區 ; 非都市編定：農牧用地
RPQNMLQLMHNFFCV47CA,大同段,93.14,都市：住
RPPNMLTKMHNFFAV37CA,新田段,6307.42,非都市：特定農業區 ; 非都市編定：農牧用地
RPQNMLKLMHNFFAV66CA,利家段,18.00,非都市：鄉村區 ; 非都市編定：交通用地
RPQNMLKLMHNFFAV66CA,利家段,30.00,非都市：鄉村區 ; 非都市編定：交通用地
RPQNMLKLMHNFFAV66CA,利家段,180.00,非都市：鄉村區 ; 非都市編定：乙種建築用地
RPQNMLTKMHNFFAV47CA,新生段,106.00,都市：住
RPRNMLTKMHNFFBV67CA,忠勇段,89.85,都市：住
RPQNMLNLMHNFFAV96CA,東海段,87.77,都市：住
RPPNMLSKMHNFFAV37DA,北南王段,114.83,都市：住
RPXNMLOJNHNFFAV67CA,台東段,20.62,都市：住
RPSNMLQLMHNFFAV47CA,東谷段,258.35,都市：住
RPPNMLNLMHNFFAV96DA,北南王段,30.89,都市：其他
RPSNMLSJNHNFFAV57CA,下賓朗段,91.77,非都市：一般農業區 ; 非都市編定：農牧用地
RPOOMLRJNHNFFAV17CA,岩灣段,118.42,都市：住
RPPNMLLLNHNFFBV96DA,三民段,25.65,都市：住
RPUNMLRJNHNFFAV67CA,興安段,157.12,都市：住
RPWNMLTKMHNFFAV08CA,新生段,117.00,都市：住
RPQNMLOLMHNFFCV27CA,南山段,418.96,都市：住
RPRNMLMJNHNFFAV86CA,台東段,58.76,都市：住
RPQNMLKLMHNFFDV07DA,南興段,7900.00,非都市：山坡地保育區 ; 非都市編定：農牧用地
RPPNMLKLMHNFFAV56CA,東海段,117.22,都市：住
RPPNMLSJNHNFFDV67DA,秀山段,16.73,都市：其他
RPWNMLRJNHNFFAV87CA,南榮段,7.80,都市：其他
RPWNMLRJNHNFFAV87CA,南榮段,.45,都市：其他
RPWNMLRJNHNFFAV87CA,南榮段,18.26,都市：其他
RPWNMLRJNHNFFAV87CA,南榮段,82.83,都市：住
RPQNMLTKMHNFFBV57CA,大馬段,533.00,非都市：風景區 ; 非都市編定：農牧用地
RPQNMLTKMHNFFBV57CA,大馬段,6557.00,非都市：風景區 ; 非都市編定：農牧用地
RPPNMLNJNHNFFCV96CA,慶福段,131.05,都市：住
RPTNMLRJNHNFFCV77CA,福文段,22.64,都市：住
RPTNMLRJNHNFFCV77CA,福文段,461.48,都市：住
RPRNMLKKNHNFFDV07CA,秀山段,8.08,都市：住
RPRNMLKKNHNFFDV07CA,秀山段,.00,都市：住
RPRNMLNLMHNFFAV07CA,新園段,7419.00,非都市：特定農業區 ; 非都市編定：農牧用地
RPRNMLSJNHNFFDV77CA,秀山段,10.39,都市：其他
RPRNMLSJNHNFFDV77CA,秀山段,.00,都市：其他
RPUNMLPLMHNFFAV57CA,豐工段,2217.35,都市：其他
RPUNMLPLMHNFFAV57CA,豐工段,2217.35,都市：其他
RPUNMLPLMHNFFAV57CA,豐工段,4260.36,都市：其他
RPUNMLPLMHNFFAV57CA,豐工段,4260.36,都市：其他
RPWNMLOJNHNFFAV57CA,興安段,141.16,都市：住
RPTNMLNLMHNFFAV27CA,南王段,82.93,都市：住
RPUNMLNLMHNFFAV37CA,豐年段,89.34,都市：住
RPUNMLNLMHNFFAV37CA,豐年段,89.34,都市：住
RPPNMLOLMHNFFAV96CA,豐年段,149.08,都市：住
RPWNMLPLMHNFFAV77CA,豐年段,27.27,都市：住
RPQNMLPLMHNFFAV17CA,常德段,3871.22,都市：商
RPVNMLPLMHNFFAV77DA,台東段,52.00,都市：住
RPPNMLLJNHNFFBV66CA,馬稼海段,4065.32,非都市：風景區 ; 非都市編定：農牧用地
RPPNMLOKNHNFFBV07CA,都豐段,1000.00,非都市：風景區 ; 非都市編定：農牧用地
RPRNMLRJNHNFFCV67DA,紅葉段,5119.00,都市：其他
RPRNMLRJNHNFFCV67DA,紅葉段,221.00,都市：其他
RPRNMLRJNHNFFCV67DA,紅葉段,18.00,都市：其他
RPRNMLOLMHNFFAV17CA,岩灣段,177.49,都市：住
RPPNMLOLMHNFFCV27DA,新福段,3509.53,非都市：一般農業區 ; 非都市編定：農牧用地
RPSNMLOLMHNFFAV27CA,常德段,87.53,都市：住
RPPNMLKMMHNFFDV96CA,復興段,797.60,都市：住
RPPNMLSLMHNFFBV47CA,小馬東段,2451.47,非都市：風景區 ; 非都市編定：農牧用地
RPRNMLPLMHNFFAV27CA,利卡夢段,2800.26,非都市：特定農業區 ; 非都市編定：農牧用地
RPQNMLSJNHNFFDV67CA,秀山段,8.08,都市：商
RPQNMLSJNHNFFDV67CA,秀山段,.00,都市：商
RPSNMLOLMHNFFCV47CA,中福段,276.99,都市：住
RPPNMLOJNHNFFCV07CA,水井段,7441.00,非都市：特定農業區 ; 非都市編定：農牧用地
RPPNMLRLMHNFFAV27CA,台東段,124.00,都市：住
RPPNMLOJNHNFFBV96CA,南佳里段,3700.00,非都市：風景區 ; 非都市編定：農牧用地
RPTNMLQLMHNFFAV57CA,建國段,73.00,都市：住
RPWNMLTJNHNFFAV08CA,台東段,12.68,都市：住
RPPNMLRLMHNFFBV37CA,藍寶段,2057.82,非都市：風景區 ; 非都市編定：農牧用地
RPPNMLRLMHNFFCV47CA,豐泉段,911.97,都市：住
RPQNMLLLNHNFFBV07DA,高台段,9.60,非都市：鄉村區 ; 非都市編定：乙種建築用地
RPPNMLRJNHNFFBV37DA,玉長段,120.59,非都市：鄉村區 ; 非都市編定：乙種建築用地
RPSNMLPLMHNFFAV47DA,台東段,122.00,都市：住
RPPOMLSJNHNFFAV37CA,豐谷段,75.00,都市：住
RPPNMLSLMHNFFAV37CA,常德段,101.71,都市：住
RPQNMLRLMHNFFAV37CA,利家段,2179.00,非都市：特定農業區 ; 非都市編定：農牧用地
RPQNMLLJNHNFFAV66CA,豐川段,32.20,非都市：特定農業區 ; 非都市編定：農牧用地
RPQNMLLJNHNFFAV66CA,豐川段,1507.14,非都市：特定農業區 ; 非都市編定：農牧用地
RPQNMLLJNHNFFAV66CA,豐川段,156.56,非都市：特定農業區 ; 非都市編定：農牧用地
SPPNMLMJNHNFFAV86DA,下賓朗段,275.76,非都市：一般農業區 ; 非都市編定：水利用地
RPPOMLMJNHNFFAV76CA,利家段,89.00,非都市：鄉村區 ; 非都市編定：乙種建築用地
RPPNMLLJNHNFFAV56CA,鎮樂段,4370.00,非都市：山坡地保育區 ; 非都市編定：林業用地
RPUNMLQLMHNFFAV67CA,德安段,26.13,都市：住
RPUNMLQLMHNFFAV67CA,德安段,.18,都市：其他
RPUNMLQLMHNFFAV67CA,德安段,2.41,都市：其他
RPUNMLQLMHNFFAV67CA,德安段,.05,都市：其他
RPPNMLKMMHNFFCV86CA,廣原段,50.00,非都市：鄉村區 ; 非都市編定：乙種建築用地
RPQNMLKMMHNFFCV96CA,廣原段,22.50,非都市：鄉村區 ; 非都市編定：乙種建築用地
RPQNMLKMMHNFFCV96CA,廣原段,22.50,非都市：鄉村區 ; 非都市編定：乙種建築用地
RPPNMLMJNHNFFAV76DA,下賓朗段,2006.64,非都市：特定農業區 ; 非都市編定：水利用地
TPPNMLMJNHNFFAV96DA,下賓朗段,165.18,非都市：特定農業區 ; 非都市編定：水利用地
RPUNMLOJNHNFFAV37CA,台東段,51.66,都市：住
RPQNMLSKNHNFFCV67CA,里段,1314.98,都市：其他
RPPNMLLJNHNFFCV76CA,瑞里段,143.52,非都市：鄉村區 ; 非都市編定：乙種建築用地
RPPNMLMJNHNFFDV96CA,蘭里段,1781.03,非都市：特定農業區 ; 非都市編定：農牧用地
RPPNMLMJNHNFFDV96CA,蘭里段,2149.99,非都市：特定農業區 ; 非都市編定：農牧用地
RPPNMLPLNHNFFDV57DA,都哇拔段,366.38,非都市：鄉村區 ; 非都市編定：乙種建築用地
RPPNMLSLNHNFFDV87DA,大王段,3000.00,非都市：山坡地保育區 ; 非都市編定：農牧用地
RPTNMLKMMHNFFAV07CA,常德段,12.59,都市：住
RPPNMLSKNHNFFCV57CA,里段,1795.43,都市：其他
RPROMLRJNHNFFAV47CA,馬蘭段,17.37,都市：住
RPPNMLMJNHNFFBV76CA,忠勇段,224.28,都市：住
RPQNMLKMNHNFFCV17DA,大同段,120.47,都市：住
RPUNMLMJNHNFFAV17CA,利家段,111.00,非都市：鄉村區 ; 非都市編定：乙種建築用地
RPQNMLMJNHNFFAV76CA,台東段,15.23,都市：住
RPWNMLMJNHNFFAV37CA,台東段,70.00,都市：商
RPPNMLNJNHNFFBV86CA,烏石鼻段,379.42,非都市：風景區 ; 非都市編定：農牧用地
RPRNMLOLNHNFFAV27CA,興安段,283.24,都市：住
RPQOMLRJNHNFFAV37CA,馬蘭段,11.54,都市：住
RPPNMLTJNHNFFDV77DA,南興段,17120.00,非都市：山坡地保育區 ; 非都市編定：林業用地
RPSNMLMJNHNFFAV96CA,大業段,22.63,都市：住
RPXNMLMJNHNFFAV47CA,台東段,96.00,都市：商
RPSNMLMJNHNFFAV96CA,大業段,86.33,都市：住
RPXNMLMJNHNFFAV47CA,台東段,22.00,都市：商
RPRNMLLJOHNFFCV17DA,瑞豐段,1078.43,非都市：鄉村區 ; 非都市編定：乙種建築用地
RPRNMLLJOHNFFCV17DA,瑞豐段,45.93,非都市：鄉村區 ; 非都市編定：交通用地
SPTNMLRJNHNFFAV67CA,建成段,111.57,都市：住
RPTNMLRJNHNFFAV57CA,建成段,105.33,都市：住
RPTNMLOJNHNFFAV37DA,豐利段,52.02,都市：住
RPQNMLOLNHNFFAV17CA,豐谷段,8.00,都市：其他
RPQNMLOLNHNFFAV17CA,豐谷段,92.00,都市：住
RPSNMLOJNHNFFAV27DA,利家段,51.00,非都市：山坡地保育區 ; 非都市編定：丙種建築用地
RPSNMLOJNHNFFCV37CA,親水段,3943.51,非都市：特定農業區 ; 非都市編定：農牧用地
RPSNMLOJNHNFFCV37CA,親水段,74.92,非都市：特定農業區 ; 非都市編定：農牧用地
RPPNMLMLNHNFFBV96CA,南都蘭段,2095.50,非都市：風景區 ; 非都市編定：農牧用地
RPPNMLOLNHNFFAV07CA,興安段,133.96,都市：住
RPPNMLTJNHNFFCV57CA,福文段,114.22,都市：商
RPOOMLTJNHNFFAV37CA,永豐段,56.74,都市：住
RPOOMLTJNHNFFAV37CA,永豐段,117.58,都市：商
RPOOMLTJNHNFFAV37CA,永豐段,80.44,都市：商
SPPNMLTJNHNFFCV67CA,福文段,110.98,都市：商
RPQNMLSJNHNFFAV37CA,馬蘭段,20.12,都市：住
RPRNMLOJNHNFFAV07CA,豐利段,206.96,都市：其他
RPRNMLOJNHNFFAV07CA,豐利段,206.96,都市：其他
RPPNMLQJNHNFFAV07CA,新中寮段,91.32,都市：住
RPPNMLQJNHNFFAV07CA,新中寮段,27.04,都市：其他
RPPNMLQJNHNFFAV07CA,新中寮段,187.86,都市：住
RPPNMLQJNHNFFAV07CA,新中寮段,61.14,都市：其他
RPPNMLQJNHNFFAV07CA,新中寮段,304.57,都市：其他
RPVNMLOJNHNFFAV47CA,上南寮段,31.77,都市：其他
RPVNMLOJNHNFFAV47CA,上南寮段,181.00,都市：其他
RPVNMLOJNHNFFAV47CA,上南寮段,313.23,都市：住
RPOOMLOLNHNFFAV07CA,常德段,98.51,都市：住
RPPNMLLKNHNFFAV76DA,常德段,96.87,都市：住
RPRNMLOKNHNFFAV27DA,北南王段,481.30,都市：其他
RPQNMLRJNHNFFAV27CA,自強段,101.00,都市：住
SPRNMLOKNHNFFAV37DA,下賓朗段,849.05,非都市：特定農業區 ; 非都市編定：水利用地
UPRNMLOKNHNFFAV57DA,下賓朗段,3342.98,非都市：一般農業區 ; 非都市編定：水利用地
RPWNMLSJNHNFFAV97CA,利家段,330.00,非都市：山坡地保育區 ; 非都市編定：丙種建築用地
RPPOMLRJNHNFFAV27CA,台東段,116.00,都市：商
RPSNMLNLNHNFFAV27CA,豐工段,1438.11,都市：住
RPTNMLPLNHNFFAV57CA,台東段,120.00,都市：住
RPSNMLOLNHNFFAV37CA,常德段,1.45,都市：住
RPTNMLOLNHNFFAV47CA,建成段,91.82,都市：住
RPRNMLPKNHNFFAV27CA,豐谷段,88.00,都市：住
RPSNMLTJNHNFFAV67CA,台東段,84.00,都市：住
RPSNMLRJNHNFFCV77DA,萬福段,3170.08,非都市：特定農業區 ; 非都市編定：農牧用地
TPRNMLOKNHNFFAV47DA,下賓朗段,2282.22,非都市：特定農業區 ; 非都市編定：水利用地
RPPNMLKKNHNFFDV96DA,泰王段,251.94,都市：住
RPQNMLLKNHNFFAV76CA,自強段,105.00,都市：住
RPPNMLKKNHNFFDV96DA,泰王段,64.97,都市：住
RPPNMLKKNHNFFDV96DA,泰王段,209.91,都市：住
RPPNMLKKNHNFFDV96DA,泰王段,.60,都市：住
RPRNMLKKNHNFFAV76CA,東海段,116.54,都市：住
RPRNMLKKNHNFFAV76CA,東海段,.72,都市：其他
RPRNMLSJNHNFFAV47CA,利家段,35.43,非都市：鄉村區 ; 非都市編定：乙種建築用地
RPSNMLLKNHNFFAV07DA,利家段,97.00,非都市：鄉村區 ; 非都市編定：乙種建築用地
RPUNMLLKNHNFFAV17CA,豐里段,3658.09,非都市：特定農業區 ; 非都市編定：農牧用地
RPWNMLLLNHNFFAV57DA,利家段,2878.00,非都市：特定農業區 ; 非都市編定：農牧用地
RPQNMLKKNHNFFDV07DA,泰和段,26140.00,非都市：山坡地保育區 ; 非都市編定：農牧用地
RPPNMLPKNHNFFBV27DA,成功段,88.37,都市：住
RPXNMLTLNHNFFAV48DA,自強段,111.00,都市：住
RPQNMLNLNHNFFAV17DA,台東段,48.00,都市：住
RPSNMLOKNHNFFAV27CA,旭川段,19.66,非都市： ; 非都市編定：
RPQNMLKKNHNFFAV66CA,下賓朗段,332.28,非都市：鄉村區 ; 非都市編定：乙種建築用地
RPVNMLSJNHNFFAV87CA,自強段,121.12,都市：住
RPQNMLLLNHNFFAV86CA,利家段,35.43,非都市：鄉村區 ; 非都市編定：乙種建築用地
RPVNMLTJNHNFFAV97CA,台東段,104.00,都市：住
RPTNMLTLNHNFFAV97CA,上南寮段,94.68,都市：其他
RPTNMLTLNHNFFAV97CA,上南寮段,94.68,都市：其他
RPTNMLTLNHNFFAV97CA,上南寮段,4.59,都市：其他
RPTNMLTLNHNFFAV97CA,上南寮段,4.59,都市：其他
RPPNMLKKNHNFFAV56CA,龍過脈段,386.06,非都市：山坡地保育區 ; 非都市編定：丙種建築用地
RPPNMLKKNHNFFAV56CA,龍過脈段,578.89,非都市：鄉村區 ; 非都市編定：乙種建築用地
RPUNMLPKNHNFFAV57CA,豐航段,699.20,都市：農
RPUNMLPKNHNFFAV57CA,豐航段,313.15,都市：農
RPUNMLPKNHNFFAV57CA,豐航段,1397.45,都市：農
RPUNMLPKNHNFFAV57CA,豐航段,204.22,都市：農
RPRNMLQKNHNFFAV47DA,光明段,4.47,都市：其他
RPQNMLPKNHNFFAV17CA,建業段,108.00,都市：住
TPRNMLQKNHNFFAV67DA,光明段,7.78,都市：其他
RPRNMLRKNHNFFAV47CA,下賓朗段,88.80,非都市：鄉村區 ; 非都市編定：乙種建築用地
VPRNMLQKNHNFFAV87DA,光明段,55.27,都市：其他
SPRNMLQKNHNFFAV57DA,光明段,5.73,都市：其他
UPRNMLQKNHNFFAV77DA,光明段,11.96,都市：其他
