﻿編號,土地區段位置,土地移轉面積平方公尺,使用分區或編定
The serial number,land sector position,land shifting area square meter,the use zoning or compiles and checks
RPWNMLLJQHLFFAB18CC,麻園頭段,391.85,都市：商
RPROMLLJQHLFFBB87CC,賴厝段,2.67,都市：商
RPPPMLLJQHLFFCB87CC,豐富段,149.76,都市：住
RPUPMLLJQHLFFBB28CC,東光段,70.00,都市：商
RPTOMLLJQHLFFAL98CC,豐原段,64.00,都市：商
RPROMLMJQHLFFAB87CC,土庫段,9.42,都市：住
RPROMLLJQHLFFCB97CC,民安段,1115.57,都市：住
RPUOMLMJQHLFFCB38CC,黎明段,15.00,都市：住
RPTOMLMJQHLFFAB08CC,柳川段一小段,1.57,都市：商
RPVPMLMJQHLFFCB58CC,黎明段,11.74,都市：住
RPTOMLMJQHLFFAB08CC,柳川段一小段,.36,都市：商
RPPPMLMJQHLFFCB97CC,中義段,27.04,都市：住
RPUNMLMJQHLFFAB08CC,樹子腳段,5.63,都市：住
RPTNMLNJQHLFFCB28CC,豐富段,128.58,都市：住
RPRNMLNJQHLFFCB08CC,西屯段,.00,都市：住
RPPQMLMJQHLFFCB08CC,大新段,10.74,都市：商
RPRQMLNJQHLFFCB38CC,西屯段,5.00,都市：商
RPRQMLNJQHLFFCB38CC,西屯段,59.00,都市：商
RPTPMLNJQHLFFCB48CC,中正段,5.67,都市：商
RPPPMLNJQHLFFCB08CC,中正段,5.31,都市：商
RPRPMLNJQHLFFCB28CC,中正段,5.91,都市：商
RPTPMLNJQHLFFBB38CC,東峰段,10.28,都市：商
RPSPMLNJQHLFFCB38CC,上石碑段,5.16,都市：商
RPSPMLNJQHLFFCB38CC,上石碑段,4.61,都市：商
RPPQMLNJQHLFFBB08CC,東峰段,26.36,都市：商
RPQQMLNJQHLFFBB18CC,邱厝子段,3.87,都市：商
RPQQMLNJQHLFFBB18CC,賴厝段,4.82,都市：商
RPRQMLNJQHLFFBB28CC,邱厝子段,2.56,都市：商
RPRQMLNJQHLFFBB28CC,賴厝段,3.19,都市：商
RPXOMLMJQHLFFCB68CC,下石碑段,16.82,都市：住
RPUOMLLJQHLFFCB28CC,協和段,3636.36,都市：工
RPPNMLOJQHLFFAL88DC,豐東段,70.14,都市：住
RPQNMLNJQHLFFHL86CC,新興段,30.24,都市：住
RPQNMLNJQHLFFHL86CC,新興段,71.50,都市：住
RPRPMLNJQHLFFBB18CC,東峰段,9.15,都市：商
RPUOMLOJQHLFFCL96CC,銀聯段,50.50,都市：住
RPSNMLNJQHLFFHL07CC,樹孝段,109.05,都市：住
RPSNMLNJQHLFFHL07CC,樹孝段,7.86,都市：住
RPVOMLOJQHLFFCB78DC,三塊厝段,11.85,都市：住
RPQPMLOJQHLFFBB18CC,中德段,.00,都市：住
RPWQMLNJQHLFFBB78CC,邱厝子段,2.67,都市：商
RPWQMLNJQHLFFBB78CC,賴厝段,3.33,都市：商
RPVPMLOJQHLFFCB78CC,國安段,15.46,都市：住
RPROMLOJQHLFFCB28CC,福德段,31.12,都市：住
RPOQMLPJQHLFFCB28CC,春社段,.00,都市：商
RPXQMLNJQHLFFBB88CC,邱厝子段,2.67,都市：商
RPXQMLNJQHLFFBB88CC,賴厝段,3.33,都市：商
RPUQMLOJQHLFFBB68CC,松昌段,14.32,都市：商
RPUQMLOJQHLFFBB68CC,松昌段,1.46,都市：商
RPWPMLOJQHLFFBB78CC,東信段,46.00,都市：住
RPUPMLOJQHLFFBB58CC,水源段,.33,都市：住
RPUPMLOJQHLFFBB58CC,水源段,13.44,都市：住
RPQOMLPJQHLFFBB28DC,東正段,111.00,都市：住
RPTNMLQJQHLFFCB58CC,信安段,59.52,都市：住
RPQNMLQJQHLFFBB28DC,錦村段,.00,都市：住
RPSNMLQJQHLFFCB48CC,信安段,37.11,都市：住
RPXOMLPJQHLFFAB78CC,下橋子頭段,1.83,都市：商
RPPNMLPJQHLFFAB87CC,後子段,4.67,都市：住
RPWOMLPJQHLFFAB68CC,下橋子頭段,3.80,都市：商
RPRPMLSJQHLFFBB68CC,邱厝子段,70.00,都市：住
RPVNMLSJQHLFFAB88DC,後子段,141.00,都市：住
RPVPMLSJQHLFFBB09CC,建安段,124.54,都市：住
RPUOMLSJQHLFFCB98CC,上石碑段,.23,都市：商
RPUOMLSJQHLFFCB98CC,上石碑段,11.14,都市：商
RPSOMLSJQHLFFCB78CC,上石碑段,65.00,都市：住
RPSOMLSJQHLFFCB78CC,上石碑段,24.27,都市：住
RPQQMLSJQHLFFCB78CC,上石碑段,19.67,都市：商
RPVOMLSJQHLFFAB88CC,樹子腳段,5.80,都市：住
RPROMLSJQHLFFHL57CC,光明段,92.91,非都市：鄉村區 ; 非都市編定：乙種建築用地
RPOPMLPJQHLFFAB97CC,下橋子頭段,1.72,都市：商
RPPPMLSJQHLFFCB58CC,惠民段,13.08,都市：其他
RPOQMLSJQHLFFCB58CC,何安段,3.61,都市：住
RPSNMLTJQHLFFAB58CC,頂橋子頭段,158.00,都市：住
RPUNMLSJQHLFFFL57CC,上楓段,87.00,都市：工
RPOOMLSJQHLFFCL76CC,大庄段火燒橋小段,81.00,都市：住
RPPQMLTJQHLFFCB78CC,中仁段,114.00,都市：住
RPPQMLTJQHLFFCB78CC,中仁段,114.00,都市：住
RPWPMLTJQHLFFBB66CC,松竹段,18.30,都市：住
RPRQMLTJQHLFFBB88CC,松昌段,15.86,都市：住
RPPQMLKKQHLFFCB97CC,中正段,6.48,都市：商
RPROMLTJQHLFFBB68CC,水源段,2.00,都市：住
RPROMLTJQHLFFBB68CC,水源段,171.00,都市：住
RPROMLTJQHLFFBB68CC,水源段,175.00,都市：住
RPSPMLKKQHLFFCB18CC,中正段,8.49,都市：商
RPVPMLKKQHLFFCB48CC,中正段,7.04,都市：商
RPTNMLSJQHLFFFL47CC,學雅段,10.89,都市：住
RPXPMLKKQHLFFCB68CC,中正段,5.27,都市：商
RPTPMLKKQHLFFCB28CC,上石碑段,3.40,都市：商
RPTPMLKKQHLFFCB28CC,上石碑段,3.04,都市：商
RPPQMLKKQHLFFBB87CC,邱厝子段,2.33,都市：商
RPPQMLKKQHLFFBB87CC,賴厝段,2.90,都市：商
RPUPMLKKQHLFFBB28CC,東峰段,11.13,都市：商
RPXPMLKKQHLFFBB58CC,邱厝子段,2.59,都市：商
RPXPMLKKQHLFFBB58CC,賴厝段,3.23,都市：商
RPTNMLLKQHLFFBB08CC,太原段,.00,都市：住
RPWNMLLKQHLFFBB38CC,太和段,25.74,都市：住
RPSPMLLKQHLFFBB18CC,乾溝子段,9.49,都市：住
RPSPMLLKQHLFFBB18CC,乾溝子段,.27,都市：住
RPUOMLKKQHLFFAB08CC,公館段,1.20,都市：住
RPUOMLKKQHLFFAB08CC,公館段,1.04,都市：商
RPQQMLKKQHLFFBB97CC,邱厝子段,2.56,都市：商
RPQQMLKKQHLFFBB97CC,賴厝段,3.19,都市：商
RPXPMLKKQHLFFAB48CC,旱溪段,826.44,都市：住
RPXOMLKKQHLFFBB58DC,東峰段,17.84,都市：住
RPSQMLKKQHLFFBB18CC,邱厝子段,2.39,都市：商
RPSQMLKKQHLFFBB18CC,賴厝段,2.97,都市：商
RPUOMLLKQHLFFCB38CC,中和段,152.92,都市：住
RPPNMLMKQHLFFFL56CC,四德段,32.00,都市：其他
RPPNMLMKQHLFFFL56CC,四德段,57.00,都市：其他
RPROMLLKQHLFFAB97DC,後子段,9.00,都市：住
RPROMLLKQHLFFAB97DC,後子段,46.00,都市：住
RPROMLLKQHLFFAB97DC,後子段,16.00,都市：住
RPROMLLKQHLFFAB97DC,後子段,46.00,都市：住
RPROMLLKQHLFFAB97DC,後子段,20.00,都市：住
RPROMLLKQHLFFAB97DC,後子段,12.00,都市：住
RPOPMLLKQHLFFCB87CC,田心段,2.80,都市：住
RPOPMLLKQHLFFCB87CC,田心段,9.50,都市：住
RPPNMLOKQHLFFBB97CC,景東段,8.94,都市：住
RPRQMLMKQHLFFCB38CC,民安段,.00,都市：住
RPSOMLMKQHLFFAB08CC,樹子腳段,20.16,都市：住
RPSOMLPKQHLFFBB48CC,水源段,26.00,都市：住
RPWOMLPKQHLFFBB88CC,平田段,15.48,都市：其他
RPWOMLPKQHLFFBB88CC,平田段,6.62,都市：住
RPOOMLPKQHLFFCB18CC,惠民段,15.60,都市：其他
RPPOMLPKQHLFFCB28CC,福安段,38.67,都市：住
RPUOMLPKQHLFFCB78CC,保安段,14.23,都市：住
RPWOMLPKQHLFFCB98CC,何安段,3.33,都市：住
RPSNMLPKQHLFFAB28CC,公館段,1.47,都市：住
RPSNMLPKQHLFFAB28CC,公館段,1.27,都市：住
RPQNMLPKQHLFFCL66CC,光華段,77.28,都市：住
RPTOMLPKQHLFFCB68CC,惠國段,18.33,都市：其他
RPQOMLPKQHLFFCB38CC,惠民段,17.33,都市：其他
RPTNMLPKQHLFFAB38CC,公館段,1.51,都市：住
RPTNMLPKQHLFFAB38CC,公館段,1.31,都市：住
RPXNMLPKQHLFFAB78CC,麻園頭段,25.19,都市：住
RPPOMLPKQHLFFAB08CC,後子段,4.67,都市：住
RPSOMLPKQHLFFCB58CC,福安段,31.25,都市：住
RPROMLPKQHLFFAB28CC,麻園頭段,29.59,都市：住
RPQNMLQKQHLFFFL17DC,民生段,111.78,都市：住
RPQOMLPKQHLFFAB18CC,後子段,41.79,都市：住
RPQOMLPKQHLFFAB18CC,後子段,41.79,都市：住
RPWNMLPKQHLFFAB68CC,後子段,11.31,都市：住
RPTNMLQKQHLFFFL47DC,東寶五段,76.75,都市：農
RPUNMLQKQHLFFCL17CC,光華段,39.00,都市：住
RPUNMLQKQHLFFCL17CC,光華段,49.00,都市：住
RPQPMLPKQHLFFAB28CC,旱溪段,826.44,都市：住
RPQNMLQKQHLFFHL27CC,育賢段,74.40,都市：住
RPROMLPKQHLFFCB48CC,福安段,12.25,都市：住
RPOOMLQKQHLFFHL17CC,新興段,7.00,都市：住
RPOOMLQKQHLFFHL17CC,新興段,81.89,都市：住
RPRNMLQKQHLFFCB58DC,大墩段,.00,非都市： ; 非都市編定：
RPVNMLRKQHLFFCB98CC,南屯段,.00,都市：住
RPPOMLQKQHLFFBB28CC,陳平段,13.90,都市：住
RPPOMLQKQHLFFCB48DC,上石碑段,363.00,都市：住
RPQOMLRKQHLFFAB38CC,半平厝段,.00,都市：住
RPQOMLRKQHLFFAB38CC,半平厝段,.00,都市：住
RPQOMLRKQHLFFAB38CC,半平厝段,.00,都市：住
RPSNMLRKQHLFFHL57CC,宜欣段,.06,都市：住
RPSNMLRKQHLFFHL57CC,宜欣段,24.85,都市：住
RPQPMLQKQHLFFCB58CC,中仁段,76.00,都市：住
RPSNMLRKQHLFFAB48CC,麻園頭段,82.00,都市：住
RPOPMLRKQHLFFBB38CC,邱厝子段,8.69,都市：住
RPRNMLRKQHLFFBB58DC,東峰段,9.89,都市：住
RPSNMLSKQHLFFAB58CC,下橋子頭段,16.35,都市：其他
RPTOMLSKQHLFFAB78CC,柳川段一小段,1.57,都市：商
RPTOMLSKQHLFFAB78CC,柳川段一小段,.36,都市：商
RPTNMLSKQHLFFCL27CC,三田段,134.00,都市：住
RPQOMLSKQHLFFAB68EC,城隍段八小段,22.26,都市：住
RPUNMLSKQHLFFBB98DC,東新段,8.85,都市：住
RPRNMLSKQHLFFHL57CC,新高段,2.15,都市：商
RPRNMLSKQHLFFHL57CC,新高段,8.62,都市：商
RPRNMLSKQHLFFHL57CC,新高段,58.92,都市：商
RPVNMLSKQHLFFIL08CC,遊園段,2538.66,非都市：鄉村區 ; 非都市編定：乙種建築用地
RPXNMLSKQHLFFCL67CC,梧棲段,6.76,都市：住
RPOOMLSKQHLFFBB38CC,太和段,23.92,都市：住
RPOQMLTKQHLFFCB78CC,田心段,21.09,都市：商
RPVPMLMLQHLFFCB78CC,中正段,5.31,都市：商
RPUNMLMLQHLFFCB48CC,下石碑段,90.00,都市：住
RPQQMLTKQHLFFCB98CC,惠民段,31.47,都市：其他
RPUPMLMLQHLFFCB68CC,保安段,.00,都市：住
RPUPMLMLQHLFFCB68CC,保安段,.00,都市：商
RPWNMLSKQHLFFBB56DC,賴厝段,6.98,都市：住
RPTOMLSKQHLFFCB98CC,西屯段,18.79,都市：住
RPWPMLMLQHLFFCB88CC,中正段,8.13,都市：商
RPSOMLSKQHLFFCB88CC,西屯段,15.59,都市：住
RPOOMLSKQHLFFCB48CC,中正段,24.31,都市：商
RPOQMLMLQHLFFCB18CC,中正段,7.04,都市：商
RPXPMLMLQHLFFCB98CC,中正段,5.99,都市：商
RPXNMLMLQHLFFBB68CC,東新段,.00,都市：住
RPRQMLMLQHLFFBB38CC,邱厝子段,2.80,都市：商
RPRQMLMLQHLFFBB38CC,賴厝段,3.49,都市：商
RPQQMLMLQHLFFBB28CC,邱厝子段,2.56,都市：商
RPQQMLMLQHLFFBB28CC,賴厝段,3.19,都市：商
RPPQMLMLQHLFFCB28CC,中正段,5.67,都市：商
RPSQMLMLQHLFFBB48CC,邱厝子段,3.36,都市：商
RPSQMLMLQHLFFBB48CC,賴厝段,4.18,都市：商
RPTQMLMLQHLFFBB58CC,邱厝子段,2.76,都市：商
RPTQMLMLQHLFFBB58CC,賴厝段,3.44,都市：商
RPVNMLMLQHLFFAB38CC,後子段,28.00,都市：住
RPVNMLMLQHLFFAB38CC,後子段,707.00,都市：住
RPPOMLMLQHLFFBB08DC,賴厝段,28.13,都市：商
RPPOMLNLQHLFFAB97CC,下橋子頭段,1.65,都市：商
RPWNMLNLQHLFFAB58CC,下橋子頭段,1.72,都市：商
RPXNMLNLQHLFFAB68CC,下橋子頭段,5.98,都市：商
RPUNMLMLQHLFFHL37CC,振文段,97.04,都市：住
RPUNMLMLQHLFFHL37CC,振文段,80.39,都市：住
RPSOMLNLQHLFFAB28CC,下橋子頭段,1.88,都市：商
RPUNMLMLQHLFFAB28CC,後子段,28.00,都市：住
RPUNMLMLQHLFFAB28CC,後子段,707.00,都市：住
RPQNMLNLQHLFFBB18DC,邱厝子段,3.80,都市：住
RPQNMLNLQHLFFBB18DC,邱厝子段,26.70,都市：住
RPUOMLNLQHLFFBB58CC,東峰段,9.24,都市：商
RPWNMLNLQHLFFBB68CC,賴厝段,.00,都市：住
RPWNMLNLQHLFFBB68CC,賴厝段,.00,都市：住
RPSOMLNLQHLFFBB48DC,太原段,22.10,都市：住
RPXOMLNLQHLFFAB78CC,麻園頭段,.00,非都市： ; 非都市編定：
RPVOMLNLQHLFFBB68CC,東峰段,6.84,都市：商
RPSOMLNLQHLFFCB48CC,上石碑段,12.84,都市：住
RPUOMLNLQHLFFCB68CC,上石碑段,13.36,都市：商
RPOPMLNLQHLFFCB18CC,上石碑段,69.00,都市：商
RPXPMLOLQHLFFBB56DC,同榮段,69.00,都市：住
RPWOMLNLQHLFFCB88CC,大墩段,6.67,都市：住
RPQOMLNLQHLFFCB28CC,惠民段,5.76,都市：其他
RPTNMLOLQHLFFCB58CC,中正段,8.49,都市：住
RPSPMLNLQHLFFCB58CC,惠安段,.00,非都市： ; 非都市編定：
RPSPMLNLQHLFFCB58CC,惠安段,.00,非都市： ; 非都市編定：
RPTNMLPLQHLFFAB48CC,大益段,73.00,都市：住
RPSNMLOLQHLFFAB28CC,麻園頭段,12.91,都市：住
RPPNMLNLQHLFFGL86CC,成功段,275.84,都市：工
RPUNMLPLQHLFFAB58CC,公館段,61.00,都市：住
RPUNMLPLQHLFFAB58CC,公館段,13.00,都市：住
RPOOMLNLQHLFFGL86CC,新榮泉段,20.04,都市：住
RPSOMLPLQHLFFAB48CC,大益段,103.00,都市：住
RPOPMLPLQHLFFCB38CC,中正段,5.99,都市：商
RPTNMLPLQHLFFIL67CC,東園段,55.25,非都市：鄉村區 ; 非都市編定：乙種建築用地
RPTOMLPLQHLFFHL67CC,樹德段,71.22,都市：住
RPXOMLPLQHLFFBB09CC,邱厝子段,3.82,都市：商
RPXOMLPLQHLFFBB09CC,賴厝段,4.75,都市：商
RPXOMLPLQHLFFCB56CC,中正段,5.27,都市：商
RPWOMLPLQHLFFBB98CC,東峰段,6.84,都市：商
RPQNMLPLQHLFFAB28DC,下橋子頭段,200.00,都市：商
RPXNMLQLQHLFFBB09CC,東山段,16.14,都市：住
RPWNMLQLQHLFFBB98CC,東山段,16.14,都市：住
RPROMLPLQHLFFBB48CC,賴厝段,5.05,都市：住
RPVOMLPLQHLFFCB98CC,中正段,5.63,都市：商
RPUNMLQLQHLFFBB88DC,水源段,47.52,都市：住
RPOQMLQLQHLFFCB58CC,國安段,20.16,都市：住
RPPQMLQLQHLFFCB68CC,國安段,16.36,都市：住
RPUNMLQLQHLFFCB88CC,大新段,196.00,都市：住
RPUOMLTLQHLFFBB66DC,平田段,9942.00,都市：住
RPVNMLQLQHLFFCB09DC,何安段,4.51,都市：住
RPPNMLTLQHLFFAL96DC,車路墘段車路墘小段,25.01,都市：住
RPOOMLQLQHLFFBB28CC,平田段,12.43,都市：住
RPOOMLQLQHLFFBB28CC,平田段,2.29,都市：住
RPSNMLTLQHLFFIL08DC,龍田段,710.00,都市：農
RPSNMLTLQHLFFIL08DC,龍田段,470.00,都市：農
RPVNMLTLQHLFFCL67CC,南簡段,125.00,都市：住
RPVNMLTLQHLFFCL67CC,南簡段,49.00,都市：住
RPSOMLTLQHLFFAB88CC,重慶段三小段,.00,都市：商
RPQNMLTLQHLFFFL47CC,栗林段,429.75,都市：住
RPOPMLTLQHLFFCB78CC,西屯段,.00,都市：商
RPVOMLTLQHLFFCB86DC,上石碑段,53.00,都市：住
RPVOMLTLQHLFFCB86DC,上石碑段,66.00,都市：住
RPWPMLTLQHLFFCB96CC,民安段,71.55,都市：住
RPWPMLTLQHLFFCB96CC,民安段,1.60,都市：住
RPWPMLTLQHLFFCB96CC,民安段,1.24,都市：住
RPWPMLTLQHLFFCB96CC,民安段,1.23,都市：住
RPWPMLTLQHLFFCB96CC,民安段,3.71,都市：住
RPWPMLTLQHLFFCB96CC,民安段,13.51,都市：住
RPVNMLLMQHLFFAL86DC,福興段,88.90,都市：農
RPQNMLKMQHLFFCL98CC,鰲峰段,89.00,都市：商
RPPPMLKMQHLFFAB87CC,頂橋子頭段,10.96,都市：商
RPXOMLKMQHLFFAB68DC,麻園頭段,13.05,都市：商
RPUNMLKMQHLFFGL17CC,光日段,18.46,都市：住
RPTOMLLMQHLFFBB48DC,東峰段,9.89,都市：住
RPRNMLLMQHLFFGL96CC,東榮段,106.32,都市：住
RPRNMLLMQHLFFGL96CC,東榮段,106.57,都市：住
RPVNMLLMQHLFFAB38CC,下橋子頭段,1.74,都市：商
RPTNMLLMQHLFFAB18CC,下橋子頭段,1.74,都市：商
RPRPMLLMQHLFFAB18CC,柳川段一小段,1.57,都市：商
RPRPMLLMQHLFFAB18CC,柳川段一小段,.36,都市：商
RPSPMLLMQHLFFAB28CC,柳川段一小段,1.57,都市：商
RPSPMLLMQHLFFAB28CC,柳川段一小段,.36,都市：商
RPOOMLLMQHLFFAB77CC,下橋子頭段,1.74,都市：商
RPTOMLLMQHLFFCB48CC,下石碑段,17.60,都市：住
RPOOMLLMQHLFFCB97CC,惠民段,17.42,都市：商
RPXOMLLMQHLFFBB78CC,松觀段,22.12,都市：住
RPUOMLLMQHLFFBB48CC,賴厝段,2.67,都市：商
RPTPMLMJRHLFFCB48CC,大進段,16.25,都市：商
RPRPMLMJRHLFFAB08CC,麻園頭段,16.16,都市：住
RPTPMLMJRHLFFAB28CC,麻園頭段,19.03,都市：住
RPSPMLLJRHLFFCB38DC,信安段,11.15,都市：住
RPRNMLMJRHLFFBB08DC,東義段,75.00,都市：住
RPWQMLMJRHLFFCB88CC,惠民段,11.03,都市：其他
RPOPMLLJRHLFFCB87CC,民安段,15.49,都市：住
RPVPMLKMQHLFFCB68CC,惠信段,8.17,都市：住
RPQNMLOJRHLFFAB97CC,下橋子頭段,1.83,都市：商
RPUNMLOJRHLFFAB38CC,下橋子頭段,1.72,都市：商
RPWNMLKMQHLFFCB58CC,大新段,15.83,都市：住
RPSNMLOJRHLFFAB18CC,下橋子頭段,1.76,都市：商
RPRNMLOJRHLFFAB08CC,下橋子頭段,1.72,都市：商
RPQNMLPJRHLFFHL27DC,萬福段,78.52,非都市：鄉村區 ; 非都市編定：乙種建築用地
RPQNMLPJRHLFFAL09CC,永豐段,140.01,都市：工
RPVNMLOJRHLFFAB48CC,下橋子頭段,1.87,都市：商
RPTNMLPJRHLFFHL57DC,三汴段,126.56,都市：住
RPSNMLPJRHLFFHL47DC,洪厝段,2.10,非都市：鄉村區 ; 非都市編定：乙種建築用地
RPSNMLPJRHLFFHL47DC,洪厝段,23.65,非都市：鄉村區 ; 非都市編定：乙種建築用地
RPUNMLPJRHLFFAL86CC,豐原段,49.00,都市：工
RPTPMLKMQHLFFCB48CC,保安段,12.81,都市：住
RPSNMLPJRHLFFFL17CC,大新段,90.81,都市：住
RPOOMLQJRHLFFFL96CC,三和段,.00,都市：其他
RPOOMLQJRHLFFFL96CC,三和段,.00,都市：其他
RPOOMLQJRHLFFFL96CC,三和段,.00,都市：其他
RPOOMLQJRHLFFFL96CC,三和段,.00,都市：其他
RPPOMLQJRHLFFAB18CC,平和段,2.60,都市：商
RPUNMLQJRHLFFFL47CC,甘潭段,104.46,都市：住
RPRNMLPJRHLFFFL07CC,大新段,69.69,都市：住
RPVOMLQJRHLFFAB78CC,樹子腳段,1.93,都市：住
RPVPMLQJRHLFFCB09CC,大明段,34.33,都市：住
RPXPMLQJRHLFFCB66CC,大明段,34.33,都市：住
RPQOMLQJRHLFFCB48CC,中正段,7.84,都市：住
RPQQMLQJRHLFFBB58CC,邱厝子段,2.91,都市：商
RPQQMLQJRHLFFBB58CC,賴厝段,3.63,都市：商
RPSQMLQJRHLFFCB88CC,中正段,5.51,都市：商
RPRPMLQJRHLFFBB58CC,水源段,48.00,都市：住
RPRPMLQJRHLFFBB58CC,水源段,48.00,都市：住
RPOPMLQJRHLFFBB28CC,水源段,54.00,都市：住
RPTQMLQJRHLFFCB98CC,中正段,5.63,都市：商
RPSQMLQJRHLFFBB78CC,松觀段,22.12,都市：住
RPWOMLQJRHLFFBB98CC,水源段,54.00,都市：住
RPQSMLQJRHLFFBB78CC,東峰段,6.84,都市：商
RPWQMLQJRHLFFBB56CC,錦村段,.00,都市：商
RPRRMLQJRHLFFBB78CC,東峰段,6.34,都市：商
RPQNMLRJRHLFFBB38CC,昌平段,.00,都市：住
RPPSMLQJRHLFFBB68CC,東峰段,6.92,都市：商
RPRNMLQJRHLFFCB48CC,大新段,99.00,都市：住
RPXRMLQJRHLFFBB76CC,東峰段,6.42,都市：商
RPORMLQJRHLFFBB48CC,邱厝子段,3.54,都市：商
RPORMLQJRHLFFBB48CC,賴厝段,4.41,都市：商
RPXPMLRJRHLFFBB66CC,建安段,155.00,都市：住
RPPNMLRJRHLFFCB38CC,惠安段,159.52,都市：住
RPTRMLQJRHLFFBB98CC,東峰段,9.49,都市：商
RPRNMLRJRHLFFCB58CC,豐業段,159.93,都市：住
RPUPMLRJRHLFFCB09CC,上石碑段,.19,都市：住
RPUPMLRJRHLFFCB09CC,上石碑段,.00,都市：住
RPUPMLRJRHLFFCB09CC,上石碑段,3.32,都市：住
RPUPMLRJRHLFFCB09CC,上石碑段,.61,都市：住
RPUPMLRJRHLFFCB09CC,上石碑段,13.73,都市：住
RPUPMLRJRHLFFCB09CC,上石碑段,.23,都市：住
RPSNMLRJRHLFFCB68CC,中正段,5.99,都市：住
RPTPMLRJRHLFFCB98CC,國安段,19.14,都市：住
RPXNMLRJRHLFFCB56CC,中正段,6.75,都市：住
RPTNMLRJRHLFFCB78CC,大進段,5.68,都市：住
RPSNMLRJRHLFFGL47CC,東湖段,98.22,都市：住
RPSNMLRJRHLFFGL47CC,東湖段,1.86,都市：住
RPSNMLRJRHLFFGL47CC,東湖段,9.30,都市：住
RPXNMLRJRHLFFHL18DC,宜欣段,4.29,都市：住
RPUOMLRJRHLFFAB78CC,後子段,11.57,都市：住
RPQQMLRJRHLFFCB78CC,福順段,24.88,都市：住
RPVNMLRJRHLFFHL97DC,宜欣段,5.02,都市：住
RPQOMLSJRHLFFAB48CC,大益段,58.99,都市：住
RPPPMLSJRHLFFAB48CC,後子段,.00,都市：住
RPPPMLSJRHLFFAB48CC,後子段,.00,都市：住
RPXNMLSJRHLFFAB09CC,樹子腳段,27.32,都市：住
RPQOMLSJRHLFFCB68CC,上石碑段,22.00,都市：住
RPXOMLSJRHLFFCB76CC,大進段,2.60,都市：住
RPPOMLSJRHLFFAB38CC,麻園頭段,39.01,都市：住
RPROMLSJRHLFFBB68CC,東義段,84.87,都市：住
RPWNMLRJRHLFFHL08DC,宜欣段,4.81,都市：住
RPXOMLSJRHLFFBB66CC,東峰段,6.53,都市：商
RPROMLSJRHLFFCB78CC,福順段,6.28,都市：住
RPROMLSJRHLFFCB78CC,福順段,24.43,都市：住
RPXNMLTJRHLFFAB56CC,麻園頭段,19.48,都市：住
RPSPMLTJRHLFFCB09CC,惠國段,.00,都市：其他
RPUPMLSJRHLFFBB09CC,東信段,.00,都市：住
RPPOMLTJRHLFFBB58CC,水源段,.00,都市：商
RPPOMLTJRHLFFBB58CC,水源段,.00,都市：商
RPSOMLSJRHLFFCB88CC,中正段,9.37,都市：商
RPPNMLKKRHLFFCL78CC,三民段,62.00,都市：住
RPPNMLKKRHLFFCL78CC,三民段,9.00,都市：住
RPQOMLTJRHLFFAB58CC,麻園頭段,18.56,都市：住
RPXNMLTJRHLFFBB66CC,東新段,387.00,都市：商
RPXNMLTJRHLFFBB66CC,東新段,388.00,都市：商
RPWNMLKKRHLFFCB48CC,黎明段,15.54,都市：住
RPXOMLKKRHLFFCB68CC,中正段,9.49,都市：商
RPWPMLKKRHLFFBB58CC,邱厝子段,2.37,都市：商
RPWPMLKKRHLFFBB58CC,賴厝段,2.96,都市：商
RPXPMLKKRHLFFBB68CC,邱厝子段,2.36,都市：商
RPXPMLKKRHLFFBB68CC,賴厝段,2.94,都市：商
RPVNMLKKRHLFFAL56CC,山皮段,847.00,都市：農
RPXNMLKKRHLFFHL47CC,德興段,21.48,都市：住
RPOQMLKKRHLFFBB87CC,邱厝子段,2.56,都市：商
RPOQMLKKRHLFFBB87CC,賴厝段,3.19,都市：商
RPRQMLKKRHLFFBB18CC,東峰段,27.62,都市：商
RPQQMLKKRHLFFBB08CC,東峰段,9.15,都市：商
RPSQMLKKRHLFFBB28CC,東峰段,6.93,都市：商
RPPQMLKKRHLFFBB97CC,東峰段,10.58,都市：商
RPTQMLKKRHLFFBB38CC,東峰段,10.08,都市：商
RPPNMLLKRHLFFFL56CC,三和段,5.10,都市：住
RPUOMLMKRHLFFGL47DC,大仁段,66.26,都市：住
RPXNMLKKRHLFFCB58CC,黎明段,16.43,都市：住
RPTOMLMKRHLFFBB48DC,賴厝段,15.16,都市：住
RPUNMLMKRHLFFAB28CC,旱平段,47.08,都市：住
RPTNMLMKRHLFFBB28CC,軍福段,13.40,都市：住
RPVOMLMKRHLFFAB48CC,下橋子頭段,9.94,都市：住
RPQNMLLKRHLFFFL66CC,四德段,14.75,都市：住
RPVNMLMKRHLFFAL76CC,大富段,20.80,都市：住
RPOQMLMKRHLFFBB08CC,太和段,20.10,都市：住
RPVOMLMKRHLFFCB68CC,大新段,29.64,都市：其他
RPSRMLMKRHLFFCB68CC,惠民段,10.82,都市：其他
RPQNMLMKRHLFFFL76CC,甘潭段,19.77,都市：住
RPTOMLMKRHLFFCB48CC,春安段,142.00,都市：其他
RPTPMLMKRHLFFCB58CC,何厝段,17.01,都市：住
RPTQMLMKRHLFFBB58CC,邱厝子段,4.75,都市：商
RPTQMLMKRHLFFBB58CC,賴厝段,5.91,都市：商
RPXQMLMKRHLFFBB98CC,文正段,.00,都市：住
RPVRMLMKRHLFFCB98CC,中正段,6.72,都市：商
RPQRMLMKRHLFFCB48CC,西屯段,18.66,都市：住
RPWRMLMKRHLFFCB09CC,下石碑段,22.33,都市：住
RPSPMLNKRHLFFAB38CC,東勢子段,76.00,都市：住
RPVPMLNKRHLFFBB78CC,邱厝子段,61.31,都市：住
RPXPMLOKRHLFFCB56CC,寶山段,.00,都市：住
RPVPMLOKRHLFFCB98CC,大新段,56.89,都市：住
RPTNMLOKRHLFFCB58CC,上石碑段,.06,都市：商
RPTNMLOKRHLFFCB58CC,上石碑段,.00,都市：商
RPTNMLOKRHLFFCB58CC,上石碑段,.97,都市：商
RPTNMLOKRHLFFCB58CC,上石碑段,.18,都市：商
RPTNMLOKRHLFFCB58CC,上石碑段,4.02,都市：商
RPTNMLOKRHLFFCB58CC,上石碑段,.07,都市：商
RPUOMLNKRHLFFAB48CC,下橋子頭段,13.42,都市：住
RPQQMLOKRHLFFCB58CC,大墩段,21.18,都市：住
RPPQMLOKRHLFFCB48CC,中正段,8.77,都市：商
RPWOMLOKRHLFFAB78CC,麻園頭段,.00,都市：商
RPSQMLOKRHLFFCB78CC,中和段,23.10,都市：住
RPOPMLOKRHLFFAB08CC,後子段,.00,都市：住
RPUNMLPKRHLFFBB68CC,邱厝子段,2.39,都市：商
RPUNMLPKRHLFFBB68CC,賴厝段,2.97,都市：商
RPVNMLPKRHLFFBB78CC,邱厝子段,3.86,都市：商
RPVNMLPKRHLFFBB78CC,賴厝段,4.81,都市：商
RPRNMLPKRHLFFCB48CC,中正段,8.57,都市：商
RPSNMLPKRHLFFBB48CC,邱厝子段,2.33,都市：商
RPSNMLPKRHLFFBB48CC,賴厝段,2.90,都市：商
RPTNMLPKRHLFFBB58CC,邱厝子段,2.39,都市：商
RPTNMLPKRHLFFBB58CC,賴厝段,2.97,都市：商
RPWNMLPKRHLFFBB88CC,東峰段,10.24,都市：商
RPOOMLPKRHLFFBB18CC,東峰段,10.79,都市：商
RPRNMLPKRHLFFBB38CC,邱厝子段,2.56,都市：商
RPRNMLPKRHLFFBB38CC,賴厝段,3.19,都市：商
RPSNMLTKRHLFFBB88CC,青田段,159.00,都市：住
RPSNMLTKRHLFFBB88CC,青田段,153.00,都市：住
RPPOMLPKRHLFFBB28CC,東峰段,10.58,都市：商
RPXNMLPKRHLFFBB98CC,東峰段,6.84,都市：商
RPSOMLPKRHLFFBB58CC,東峰段,11.12,都市：商
RPVNMLTKRHLFFBB56CC,乾溝子段,47.92,都市：住
RPTOMLPKRHLFFBB68CC,東峰段,6.84,都市：商
RPSOMLTKRHLFFBB98CC,平田段,4.90,都市：住
RPROMLPKRHLFFBB48CC,東峰段,10.07,都市：商
RPROMLTKRHLFFBB88CC,北屯段,7.10,都市：住
RPROMLTKRHLFFCL37CC,美仁段,53.27,都市：商
RPROMLTKRHLFFCL37CC,美仁段,6.15,都市：商
RPTNMLTKRHLFFGL97DC,新仁段,96.00,都市：住
RPSNMLKLRHLFFFL86CC,大新段,6.60,都市：住
RPSNMLKLRHLFFFL86CC,大新段,60.12,都市：住
RPQOMLPKRHLFFBB38CC,東峰段,10.28,都市：商
RPWNMLKLRHLFFAB38CC,尚武段,61.00,都市：住
RPQPMLTKRHLFFBB88CC,太和段,32.10,都市：商
RPTOMLTKRHLFFBB09CC,建功段,27.01,都市：住
RPPNMLTKRHLFFAB48CC,旱平段,25.55,都市：住
RPQNMLKLRHLFFAL88DC,福隆段,154.04,都市：住
RPQOMLKLRHLFFBB97CC,太和段,28.36,都市：商
RPROMLTKRHLFFCB09DC,信安段,25.91,都市：住
RPXNMLKLRHLFFBB58CC,太和段,32.13,都市：商
RPWNMLKLRHLFFBB48CC,太和段,32.10,都市：商
RPXOMLKLRHLFFCB78CC,福星段,22.01,都市：住
RPUQMLKLRHLFFBB58CC,太原段,20.52,都市：住
RPOOMLKLRHLFFCB87CC,西屯段,32.03,都市：商
RPTQMLKLRHLFFBB48CC,太原段,20.52,都市：住
RPOPMLKLRHLFFCB97CC,惠安段,500.50,都市：住
RPTOMLKLRHLFFCB38CC,中和段,293.00,都市：住
RPXNMLLLRHLFFCB78CC,下石碑段,70.00,都市：住
RPUSMLLLRHLFFAB78CC,頂橋子頭段,12.41,都市：商
RPTOMLLLRHLFFBB38CC,陳平段,52.00,都市：其他
RPQTMLLLRHLFFAB48CC,麻園頭段,12.67,都市：住
RPOPMLLLRHLFFAL88CC,南村段,8.75,都市：商
RPOQMLLLRHLFFBB08CC,錦村段,.00,都市：住
RPWNMLLLRHLFFCB68CC,何安段,5.86,都市：住
RPWOMLMLRHLFFCB98DC,國安段,6.35,都市：住
RPRQMLLLRHLFFAB28CC,後子段,.00,非都市： ; 非都市編定：
RPQOMLLLRHLFFCB28DC,惠民段,.00,都市：商
RPSNMLMLRHLFFCL76CC,銀聯段,29.00,都市：住
RPSNMLMLRHLFFCL76CC,銀聯段,116.00,都市：住
RPSNMLMLRHLFFCL76CC,銀聯段,93.00,都市：住
RPVQMLMLRHLFFAB78CC,麻園頭段,19.33,都市：住
RPOQMLNLRHLFFBB28CC,邱厝子段,2.61,都市：商
RPOQMLNLRHLFFBB28CC,賴厝段,3.26,都市：商
RPSOMLNLRHLFFAB38CC,後子段,95.00,都市：商
RPSOMLNLRHLFFAB38CC,公館段,95.00,都市：商
RPSOMLNLRHLFFAB38CC,後子段,95.00,都市：商
RPUPMLNLRHLFFBB78CC,邱厝子段,3.86,都市：商
RPUOMLNLRHLFFAB58CC,樹子腳段,12.39,都市：住
RPUPMLNLRHLFFBB78CC,賴厝段,4.81,都市：商
RPUNMLNLRHLFFCL07CC,南勢坑段埔子小段,214.87,都市：住
RPRQMLNLRHLFFBB58CC,邱厝子段,3.87,都市：商
RPXNMLNLRHLFFGL77CC,大仁段,26.19,都市：住
RPRQMLNLRHLFFBB58CC,賴厝段,4.83,都市：商
RPSOMLNLRHLFFCB58CC,大進段,32.15,都市：住
RPWNMLNLRHLFFCB88CC,惠民段,11.71,都市：住
RPVPMLNLRHLFFCB98CC,民安段,14.55,都市：住
RPOQMLNLRHLFFCB38CC,上石碑段,4.12,都市：商
RPRNMLPLRHLFFAB38CC,下橋子頭段,1.83,都市：商
RPQNMLPLRHLFFAB28CC,下橋子頭段,3.73,都市：商
RPWPMLQLRHLFFAB56CC,大益段,.00,都市：住
RPUNMLQLRHLFFFL67CC,學雅段,27.00,都市：住
RPUNMLQLRHLFFFL67CC,學雅段,14.80,都市：住
RPWNMLQLRHLFFCL57CC,晉江北段,26.28,都市：住
RPVNMLQLRHLFFFL77CC,雅潭段,9.66,都市：住
RPVPMLQLRHLFFAB09CC,大益段,37.21,都市：住
RPUNMLQLRHLFFCB09DC,豐富段,138.02,都市：住
RPPNMLPLRHLFFCB38CC,埔興段,29.64,都市：住
RPTNMLQLRHLFFCB88CC,協和段,.00,都市：工
RPPNMLQLRHLFFCB48CC,何安段,4.81,都市：住
RPUOMLQLRHLFFCB09CC,大新段,14.74,都市：住
RPQPMLQLRHLFFCB78CC,惠民段,17.95,都市：其他
RPXOMLQLRHLFFAB56CC,正義段九小段,2.74,都市：住
RPXOMLQLRHLFFAB56CC,正義段九小段,2.62,都市：住
RPTNMLQLRHLFFIL87CC,遊園南段,77.27,非都市：鄉村區 ; 非都市編定：乙種建築用地
RPRPMLQLRHLFFCB88CC,中正段,5.99,都市：商
RPTPMLQLRHLFFCB09CC,中正段,5.91,都市：商
RPUPMLQLRHLFFCB56CC,惠國段,7.02,都市：其他
RPVNMLQLRHLFFCB09CC,中正段,6.24,都市：商
RPRNMLQLRHLFFCB68CC,田心段,20.87,都市：商
RPSPMLQLRHLFFCB98CC,惠國段,12.67,都市：其他
RPOQMLQLRHLFFCB68CC,惠民段,21.93,都市：其他
RPWPMLTLRHLFFBB96CC,東光段,.00,都市：住
RPRQMLQLRHLFFCB98CC,大新段,15.75,都市：其他
RPPQMLQLRHLFFCB78CC,上石碑段,5.56,都市：商
RPPQMLQLRHLFFCB78CC,上石碑段,4.97,都市：商
RPVNMLQLRHLFFBB98CC,邱厝子段,3.48,都市：商
RPVNMLQLRHLFFBB98CC,賴厝段,4.34,都市：商
RPRQMLQLRHLFFBB88CC,東峰段,6.84,都市：商
RPOPMLQLRHLFFBB48CC,建安段,10.39,都市：住
RPOPMLQLRHLFFBB48CC,建安段,6.52,都市：住
RPUNMLQLRHLFFBB88CC,中清段,18.92,都市：住
RPWOMLQLRHLFFBB56CC,水湳段,47.20,都市：住
RPPOMLTLRHLFFCB88CC,中正段,9.49,都市：商
RPSQMLQLRHLFFBB98CC,東峰段,11.12,都市：商
RPOPMLTLRHLFFCB88CC,大明段,.00,都市：住
RPOPMLTLRHLFFCB88CC,大明段,.00,都市：住
RPTNMLKMRHLFFAB18CC,旱平段,25.55,都市：住
RPPPMLTLRHLFFCB98CC,埔興段,1845.76,都市：農
RPPPMLTLRHLFFCB98CC,埔興段,49.58,都市：農
RPPPMLTLRHLFFCB98CC,埔興段,22.00,都市：農
RPTNMLTLRHLFFAL37CC,泉州段,1356.82,都市：工
RPTNMLTLRHLFFAL37CC,泉州段,455.96,都市：其他
RPTNMLTLRHLFFAL37CC,泉州段,340.84,都市：工
RPSPMLTLRHLFFCB76DC,國安段,34.49,都市：住
RPTQMLKMRHLFFAB48CC,樹子腳段,.00,都市：住
RPOQMLTLRHLFFAB78CC,後子段,4.15,都市：住
RPPOMLKMRHLFFGL86CC,光日段,18.46,都市：住
RPQOMLKMRHLFFFL86CC,甘潭段,14.51,都市：住
RPOPMLKMRHLFFBB97CC,水源段,47.95,都市：商
RPOPMLKMRHLFFBB97CC,水源段,.02,都市：商
RPUOMLKMRHLFFCB68DC,國安段,34.49,都市：住
RPVPMLKMRHLFFCB78CC,豐功段,32.90,都市：住
RPSOMLKMRHLFFCB48DC,田心段,50.00,都市：住
RPSNMLNJIILFFHL98CC,振福段,63.92,都市：住
RPSNMLNJIILFFHL98CC,振福段,7.92,都市：住
RPQNMLLJIILFFCB07CC,田心段,11.96,都市：住
RPPNMLLJIILFFAB76CC,樹子腳段,5.60,都市：住
RPPNMLLJIILFFAB76CC,樹子腳段,3.62,都市：住
RPPNMLLJIILFFCB96CC,惠順段,520.85,都市：住
RPROMLNJIILFFAB27CC,後子段,14.51,都市：住
RPROMLNJIILFFAB27CC,後子段,20.36,都市：住
RPROMLNJIILFFAB27CC,後子段,19.46,都市：住
RPROMLNJIILFFAB27CC,後子段,.77,都市：住
RPTQMLOJIILFFBB87CC,邱厝子段,2.44,都市：商
RPTQMLOJIILFFBB87CC,賴厝段,3.04,都市：商
RPWNMLNJIILFFBB77CC,昌平段,30.79,都市：住
RPVPMLNJIILFFBB97DC,仁和段,94.00,都市：住
RPSRMLOJIILFFBB87CC,邱厝子段,2.71,都市：商
RPSRMLOJIILFFBB87CC,賴厝段,3.37,都市：商
RPUQMLOJIILFFBB97CC,邱厝子段,2.50,都市：商
RPUQMLOJIILFFBB97CC,賴厝段,3.12,都市：商
RPQRMLOJIILFFBB67CC,邱厝子段,2.56,都市：商
RPQRMLOJIILFFBB67CC,賴厝段,3.19,都市：商
RPRRMLOJIILFFBB77CC,邱厝子段,3.87,都市：商
RPRRMLOJIILFFBB77CC,賴厝段,4.83,都市：商
RPORMLOJIILFFBB47CC,邱厝子段,2.73,都市：商
RPORMLOJIILFFBB47CC,賴厝段,3.40,都市：商
RPPPMLNJIILFFCB37CC,惠順段,261.95,都市：住
RPPPMLNJIILFFCB37CC,惠順段,261.95,都市：住
RPPPMLNJIILFFCB37CC,惠順段,130.97,都市：住
RPUPMLOJIILFFBB87CC,東新段,4.41,都市：住
RPURMLOJIILFFBB08CC,邱厝子段,2.33,都市：商
RPURMLOJIILFFBB08CC,賴厝段,2.90,都市：商
RPRRMLOJIILFFCB87CC,中正段,9.74,都市：商
RPWRMLOJIILFFBB28CC,賴厝段,10.30,都市：商
RPWRMLOJIILFFBB28CC,邱厝子段,8.27,都市：商
RPTRMLOJIILFFCB08CC,中正段,6.24,都市：商
RPVRMLOJIILFFBB18CC,邱厝子段,3.47,都市：商
RPVRMLOJIILFFBB18CC,賴厝段,4.33,都市：商
RPXRMLOJIILFFBB38CC,邱厝子段,2.60,都市：商
RPXRMLOJIILFFBB38CC,賴厝段,3.24,都市：商
RPQRMLOJIILFFCB77CC,中正段,6.24,都市：商
RPROMLOJIILFFCB57CC,惠順段,520.85,都市：住
RPSRMLOJIILFFCB97CC,上石碑段,2.97,都市：商
RPSRMLOJIILFFCB97CC,上石碑段,2.65,都市：商
RPXNMLOJIILFFCB08CC,信安段,30.29,都市：住
RPVNMLOJIILFFBB87DC,建業段,27.00,都市：住
RPVRMLOJIILFFCB28CC,中正段,7.04,都市：商
RPPNMLOJIILFFCL38DC,大庄段大庄小段,55.00,都市：住
RPPNMLOJIILFFCL38DC,大庄段大庄小段,24.00,都市：住
RPXNMLOJIILFFAB87CC,後子段,157.00,都市：住
RPWNMLPJIILFFAB87CC,旱清段,161.72,都市：住
RPVOMLPJIILFFAB87CC,城隍段七小段,6.15,都市：住
RPVNMLPJIILFFGL76CC,新榮泉段,.00,都市：住
RPRPMLPJIILFFBB77DC,賴厝段,6.60,都市：住
RPTPMLPJIILFFAB77CC,樹子腳段,1.94,都市：住
RPVOMLPJIILFFCB08CC,福星段,29.75,都市：住
RPWNMLPJIILFFBB97CC,東峰段,10.79,都市：商
RPPNMLOJIILFFHL78CC,新興段,16.49,都市：住
RPWOMLPJIILFFCB18CC,西屯段,15.46,都市：住
RPPOMLPJIILFFBB37CC,東峰段,10.28,都市：商
RPVNMLQJIILFFBB97CC,乾溝子段,.00,都市：住
RPVNMLQJIILFFBB97CC,乾溝子段,.00,都市：住
RPXTMLQJIILFFBB78CC,東峰段,11.12,都市：商
RPPOMLQJIILFFCB57CC,何厝段,.00,都市：商
RPRNMLQJIILFFBB57CC,水源段,5.63,都市：住
RPSNMLQJIILFFAL58CC,合作段,138.15,都市：商
RPVPMLPJIILFFBB08CC,邱厝子段,8.00,都市：住
RPVPMLPJIILFFBB08CC,邱厝子段,122.00,都市：住
RPVPMLPJIILFFBB08CC,邱厝子段,127.00,都市：住
RPVPMLPJIILFFBB08CC,邱厝子段,101.00,都市：住
RPROMLQJIILFFCB77CC,何厝段,.00,都市：商
RPVOMLQJIILFFAB97CC,下橋子頭段,84.00,都市：住
RPXOMLQJIILFFAB18CC,下橋子頭段,35.15,都市：住
RPVOMLQJIILFFAB97CC,下橋子頭段,73.00,都市：住
RPSOMLRJIILFFHL86CC,豐中段,.00,都市：住
RPSQMLRJIILFFCB18CC,國安段,18.35,都市：住
RPUQMLRJIILFFCB38CC,惠民段,17.67,都市：其他
RPVQMLRJIILFFCB48CC,惠民段,22.84,都市：其他
RPTNMLRJIILFFCB97CC,上石碑段,133.00,都市：住
RPXQMLRJIILFFCB68CC,中正段,39.16,都市：商
RPOQMLRJIILFFCB77CC,大墩段,51.64,都市：住
RPRNMLQJIILFFCL68CC,梧棲段,107.00,都市：住
RPPPMLRJIILFFBB67CC,賴厝段,9.00,都市：住
RPPPMLRJIILFFBB67CC,賴厝段,9.00,都市：住
RPQPMLRJIILFFAB67CC,麻園頭段,1.22,都市：住
RPQPMLRJIILFFAB67CC,麻園頭段,1.45,都市：住
RPQPMLRJIILFFAB67CC,麻園頭段,5.50,都市：住
RPQPMLRJIILFFAB67CC,麻園頭段,3.70,都市：住
RPQPMLRJIILFFAB67CC,麻園頭段,1.91,都市：住
RPQPMLRJIILFFAB67CC,麻園頭段,5.23,都市：住
RPQPMLRJIILFFAB67CC,麻園頭段,2.06,都市：住
RPSPMLRJIILFFBB97CC,東山段,.00,非都市： ; 非都市編定：
RPRPMLRJIILFFAB77CC,麻園頭段,19.48,都市：住
RPQPMLRJIILFFBB77CC,邱厝子段,84.00,都市：住
RPURMLRJIILFFBB38CC,東義段,.00,都市：住
RPVPMLRJIILFFAB18CC,土庫段,.00,都市：住
RPPNMLKKIILFFGL38CC,烏日段,68.00,都市：住
RPQNMLSJIILFFGL56CC,興祥段,84.34,都市：住
RPVNMLKKIILFFAB37CC,下橋子頭段,3.86,都市：商
RPUNMLKKIILFFAB27CC,下橋子頭段,1.85,都市：商
RPWOMLMKIILFFCB97CC,上石碑段,14.34,都市：商
RPWNMLMKIILFFCB87CC,廣明段,106.93,都市：住
RPWNMLKKIILFFAB47CC,下橋子頭段,1.83,都市：商
RPVNMLLKIILFFCB67CC,惠信段,16.99,都市：住
RPQPMLMKIILFFBB37CC,賴厝段,2.67,都市：商
RPTNMLMKIILFFAB37CC,公館段,1.51,都市：住
RPTNMLMKIILFFAB37CC,公館段,1.31,都市：住
RPOOMLLKIILFFCB07CC,上石碑段,2861.00,都市：商
RPQNMLKKIILFFCB17DC,何安段,4.51,都市：住
RPPNMLMKIILFFCL18CC,北勢坑段六路厝小段,90.00,都市：住
RPQNMLMKIILFFCL28CC,武秀段,44.00,都市：住
RPQOMLNKIILFFCL48CC,公館北段,25.14,都市：其他
RPSNMLMKIILFFFL78CC,上楓段,25.84,都市：住
RPUNMLNKIILFFAB57CC,麻園頭段,212.41,都市：住
RPRNMLNKIILFFHL98CC,仁平段,76.00,都市：住
RPRNMLMKIILFFCL38CC,光華段,79.92,都市：住
RPTPMLNKIILFFBB87DC,東新段,46.79,都市：住
RPOPMLNKIILFFBB27CC,邱厝子段,3.47,都市：商
RPOPMLNKIILFFBB27CC,賴厝段,4.33,都市：商
RPPPMLNKIILFFBB37CC,邱厝子段,2.37,都市：商
RPPPMLNKIILFFBB37CC,賴厝段,2.96,都市：商
RPTOMLNKIILFFAB57CC,麻園頭段,16.29,都市：住
RPTOMLNKIILFFAB57CC,麻園頭段,13.08,都市：住
RPXOMLNKIILFFBB18DC,東新段,46.79,都市：住
RPWPMLNKIILFFBB08CC,邱厝子段,2.37,都市：商
RPWPMLNKIILFFBB08CC,賴厝段,2.96,都市：商
RPXPMLNKIILFFBB18CC,邱厝子段,2.71,都市：商
RPXPMLNKIILFFBB18CC,賴厝段,3.37,都市：商
RPOQMLNKIILFFBB37CC,邱厝子段,2.65,都市：商
RPOQMLNKIILFFBB37CC,賴厝段,3.30,都市：商
RPUPMLNKIILFFBB87CC,邱厝子段,4.74,都市：商
RPUPMLNKIILFFBB87CC,賴厝段,5.91,都市：商
RPVQMLNKIILFFBB08CC,東峰段,9.99,都市：商
RPTNMLNKIILFFCB67CC,大新段,12.34,都市：住
RPUQMLNKIILFFBB97CC,東峰段,10.58,都市：商
RPRQMLNKIILFFBB67CC,東峰段,28.63,都市：商
RPUNMLNKIILFFCB77CC,大新段,11.31,都市：住
RPRPMLNKIILFFCB67CC,中正段,8.49,都市：其他
RPUOMLNKIILFFCB87CC,永春段,788.00,都市：住
RPPPMLNKIILFFCB47CC,何安段,68.59,都市：其他
RPTQMLNKIILFFBB87CC,東峰段,5.83,都市：商
RPSNMLNKIILFFCB57CC,三塊厝段,16.55,都市：住
RPVPMLNKIILFFCB08CC,中正段,6.28,都市：商
RPXPMLNKIILFFCB28CC,中正段,6.28,都市：商
RPOPMLOKIILFFCB57DC,上石碑段,21.15,都市：住
RPWOMLOKIILFFBB08CC,昌平段,600.39,都市：住
RPPQMLNKIILFFCB57CC,中正段,6.24,都市：商
RPSOMLOKIILFFAB67DC,旱平段,28.75,都市：住
RPQOMLOKIILFFBB57DC,景美段,16.38,都市：住
RPPOMLRKIILFFGL56CC,大仁段,7.54,都市：商
RPTOMLOKIILFFCB97DC,中義段,20.00,都市：住
RPOPMLRKIILFFAB57CC,土庫段,7.18,都市：商
RPVOMLRKIILFFCB38CC,何安段,5.67,都市：住
RPVNMLRKIILFFHL17CC,宜欣段,7.96,都市：住
RPUPMLRKIILFFBB28CC,賴厝段,.00,都市：住
RPUPMLRKIILFFBB28CC,賴厝段,.00,都市：住
RPRNMLOKIILFFFL88CC,上楓段,.00,都市：工
RPRNMLOKIILFFFL88CC,上楓段,.00,都市：工
RPRNMLOKIILFFFL88CC,上楓段,.00,都市：工
RPRNMLOKIILFFFL88CC,上楓段,.00,都市：工
RPRNMLSKIILFFCB97CC,下石碑段,202.51,都市：商
RPQOMLRKIILFFAB67CC,麻園頭段,24.00,都市：住
RPQOMLRKIILFFAB67CC,麻園頭段,113.00,都市：住
RPUOMLRKIILFFCB28CC,中和段,14.30,都市：商
RPXOMLSKIILFFBB58CC,水源段,13.19,都市：住
RPTNMLTKIILFFHL17CC,七星段,122.07,非都市：山坡地保育區 ; 非都市編定：丙種建築用地
RPOPMLSKIILFFBB77CC,水源段,48.00,都市：住
RPOPMLSKIILFFBB77CC,水源段,48.00,都市：住
RPPPMLSKIILFFBB87CC,水源段,95.14,都市：住
RPWOMLSKIILFFCB58CC,中正段,7.87,都市：住
RPVOMLSKIILFFCB48CC,大進段,22.72,都市：住
RPVNMLTKIILFFCL86CC,銀聯段,75.00,都市：住
RPTNMLSKIILFFHL07CC,平欣段,21.05,都市：住
RPVOMLTKIILFFHL47CC,育賢段,74.40,都市：住
RPXNMLTKIILFFHL57CC,信平段,61.00,都市：住
RPOOMLTKIILFFCL88CC,新興段,15.69,都市：住
RPOOMLTKIILFFCL88CC,新興段,3.81,都市：住
RPWNMLTKIILFFCL07DC,東山段,1247.70,非都市：一般農業區 ; 非都市編定：丙種建築用地
RPQOMLTKIILFFBB08DC,東新段,14.57,都市：住
RPPOMLTKIILFFCB97CC,中正段,4023.00,都市：住
RPTPMLTKIILFFCB48CC,惠國段,.00,都市：其他
RPSOMLKLIILFFCB47CC,西屯段,34.76,都市：住
RPROMLKLIILFFCB37CC,中和段,.00,都市：住
RPXOMLKLIILFFBB87CC,邱厝子段,4.89,都市：住
RPWNMLKLIILFFBB67CC,平田段,13.35,都市：住
RPVNMLKLIILFFBB57CC,東山段,16.74,都市：住
RPSNMLKLIILFFBB27CC,平田段,6.90,都市：住
RPVRMLKLIILFFBB97CC,邱厝子段,2.53,都市：商
RPVRMLKLIILFFBB97CC,賴厝段,3.16,都市：商
RPQRMLKLIILFFBB47CC,邱厝子段,2.67,都市：商
RPQRMLKLIILFFBB47CC,賴厝段,3.35,都市：商
RPSRMLKLIILFFBB67CC,邱厝子段,2.68,都市：商
RPSRMLKLIILFFBB67CC,賴厝段,3.34,都市：商
RPWRMLKLIILFFBB08CC,邱厝子段,2.39,都市：商
RPWRMLKLIILFFBB08CC,賴厝段,2.97,都市：商
RPXRMLKLIILFFBB18CC,邱厝子段,3.82,都市：商
RPXRMLKLIILFFBB18CC,賴厝段,4.75,都市：商
RPVNMLKLIILFFGL09CC,崇光段,11.60,都市：住
RPRNMLKLIILFFFL58CC,埔子墘段,60.00,非都市：鄉村區 ; 非都市編定：乙種建築用地
RPRNMLKLIILFFFL58CC,埔子墘段,10.00,非都市：鄉村區 ; 非都市編定：乙種建築用地
RPQOMLTKIILFFCB08CC,惠國段,.00,都市：商
RPTOMLKLIILFFAB37CC,旱平段,25.55,都市：住
RPQOMLLLIILFFAB17CC,土庫段,15.12,都市：住
RPROMLLLIILFFAB27CC,樹子腳段,.00,都市：住
RPTNMLLLIILFFAB37CC,大益段,185.00,都市：住
RPTNMLLLIILFFAB37CC,大益段,185.00,都市：住
RPTNMLLLIILFFAB37CC,大益段,185.00,都市：住
RPQNMLLLIILFFFL68DC,中興段,24.06,都市：住
RPSNMLNLIILFFCB67CC,惠民段,.00,都市：其他
RPPPMLLLIILFFCB37CC,國安段,7.11,都市：住
RPXOMLLLIILFFCB08CC,中義段,17.62,都市：住
RPTPMLLLIILFFCB77CC,國安段,13.21,都市：住
RPWOMLOLIILFFGL07CC,新榮泉段,27.82,都市：其他
RPPNMLNLIILFFFL68CC,學雅段,27.00,都市：住
RPPNMLNLIILFFFL68CC,學雅段,14.80,都市：住
RPQNMLOLIILFFHL09CC,新興段,.00,都市：住
RPVOMLOLIILFFAB97CC,樹子腳段,79.00,都市：住
RPTNMLOLIILFFHL76CC,光明段,.00,非都市：鄉村區 ; 非都市編定：乙種建築用地
RPTNMLOLIILFFHL76CC,光明段,.00,非都市：鄉村區 ; 非都市編定：乙種建築用地
RPTNMLOLIILFFHL76CC,光明段,.00,非都市：鄉村區 ; 非都市編定：乙種建築用地
RPVPMLOLIILFFAB08CC,後子段,.00,非都市： ; 非都市編定：
RPVPMLOLIILFFAB08CC,後子段,.00,非都市： ; 非都市編定：
RPPQMLOLIILFFBB77DC,東光段,18.06,都市：住
RPPPMLOLIILFFBB57CC,東信段,.00,都市：住
RPRQMLOLIILFFBB87CC,東峰段,6.84,都市：商
RPUNMLOLIILFFCB97CC,惠泰段,1612.23,都市：住
RPUQMLOLIILFFBB18CC,東峰段,6.84,都市：商
RPTQMLOLIILFFCB18CC,中正段,5.99,都市：商
RPQQMLOLIILFFCB87CC,中正段,9.37,都市：商
RPWQMLOLIILFFCB48CC,中正段,6.24,都市：商
RPUQMLOLIILFFCB28CC,中正段,4.95,都市：商
RPUPMLOLIILFFCB18CC,中正段,7.04,都市：商
RPWPMLOLIILFFCB38CC,中正段,8.57,都市：商
RPTOMLPLIILFFBB97CC,東峰段,11.12,都市：商
RPUOMLPLIILFFBB08CC,東峰段,9.99,都市：商
RPVOMLPLIILFFBB18CC,東峰段,10.28,都市：商
RPQNMLPLIILFFCB67CC,中正段,8.57,都市：商
RPXOMLPLIILFFBB38CC,邱厝子段,2.37,都市：商
RPXOMLPLIILFFBB38CC,賴厝段,2.96,都市：商
RPWOMLPLIILFFBB28CC,邱厝子段,2.86,都市：商
RPWOMLPLIILFFBB28CC,賴厝段,3.56,都市：商
RPPNMLPLIILFFCB57CC,三塊厝段,18.93,都市：住
RPSRMLPLIILFFCB28CC,中正段,5.99,都市：商
RPTRMLPLIILFFCB38CC,中正段,5.27,都市：商
RPRRMLPLIILFFCB18CC,中正段,5.63,都市：商
RPVRMLPLIILFFCB58CC,中正段,6.03,都市：商
RPURMLPLIILFFCB48CC,中正段,9.82,都市：商
RPQRMLPLIILFFCB18DC,福星段,299.28,都市：住
RPWNMLPLIILFFHL27DC,三汴段,126.56,都市：住
RPPRMLPLIILFFCB97CC,中正段,8.57,都市：商
RPPOMLPLIILFFAB47CC,大益段,91.00,都市：住
RPRNMLQLIILFFGL66CC,大仁段,1003.47,都市：商
RPQNMLQLIILFFCB77CC,福和段,1165.92,都市：住
RPRNMLQLIILFFBB77CC,水源段,14.76,都市：住
RPRNMLQLIILFFBB77CC,水源段,11.24,都市：住
RPRNMLQLIILFFBB77CC,水源段,13.96,都市：住
RPWQMLRLIILFFBB68CC,太和段,.00,都市：住
RPUPMLRLIILFFCB48CC,大進段,15.64,都市：住
RPVNMLRLIILFFBB28CC,邱厝子段,143.00,都市：住
RPVNMLRLIILFFBB28CC,邱厝子段,151.00,都市：住
RPUNMLRLIILFFBB18CC,邱厝子段,26.03,都市：住
RPVNMLRLIILFFCB38CC,協成段,4020.78,都市：工
RPVNMLRLIILFFCB38CC,協成段,3396.35,都市：工
RPQQMLRLIILFFCB18CC,協成段,1594.18,都市：工
RPQQMLRLIILFFCB18CC,協成段,5773.71,都市：工
RPQQMLRLIILFFCB18CC,協成段,2682.62,都市：工
RPTPMLRLIILFFBB38DC,賴厝段,6.42,都市：住
RPSNMLRLIILFFAB87CC,下橋子頭段,1.87,都市：商
RPVOMLRLIILFFAB28CC,麻園頭段,21.88,都市：商
RPVPMLRLIILFFBB58DC,北屯段,17.30,都市：住
RPQOMLQLIILFFGL76DC,大義段,77.26,都市：住
RPRPMLRLIILFFAB97CC,麻園頭段,10.60,都市：住
RPUPMLRLIILFFBB48DC,松茂段,13.60,都市：住
RPRNMLRLIILFFAB77CC,下橋子頭段,1.83,都市：商
RPVOMLSLIILFFAB38CC,樹子腳段,3154.00,都市：住
RPOOMLSLIILFFAB67CC,後子段,11.30,都市：住
RPTSMLRLIILFFBB68DC,東峰段,39.80,都市：住
RPVRMLSLIILFFCB88CC,惠民段,17.10,都市：其他
RPSPMLSLIILFFAB18CC,樹子腳段,1.94,都市：住
RPWRMLSLIILFFCB98CC,三塊厝段,17.20,都市：住
RPUPMLSLIILFFAB38CC,麻園頭段,34.98,都市：住
RPXSMLSLIILFFCB56CC,惠民段,31.68,都市：其他
RPPSMLSLIILFFCB38CC,中正段,5.55,都市：商
RPRSMLSLIILFFCB58CC,國安段,17.63,都市：住
RPPTMLSLIILFFCB48CC,信安段,.00,都市：住
RPRNMLSLIILFFBB97CC,文正段,.00,都市：商
RPSNMLTLIILFFCB28CC,大墩段,31.56,都市：住
RPVNMLTLIILFFCB58CC,黎明段,13.30,都市：住
RPWNMLTLIILFFCB68CC,三塊厝段,15.19,都市：住
RPXNMLTLIILFFCB78CC,上石碑段,5.91,都市：住
RPPOMLTLIILFFCB08CC,惠信段,20.41,都市：住
RPVPMLLMIILFFCB08CC,中正段,180.00,都市：住
RPVPMLLMIILFFCB08CC,中正段,180.00,都市：住
RPTPMLLMIILFFGL76DC,大孝段,67.21,都市：住
RPRPMLLMIILFFCB67CC,下石碑段,348.00,都市：其他
