﻿鄉鎮市區,交易標的,土地區段位置/建物區段門牌,土地移轉總面積平方公尺,都市土地使用分區,非都市土地使用分區,非都市土地使用編定,交易年月日,交易筆棟數,移轉層次,總樓層數,建物型態,主要用途,主要建材,建築完成年月,建物移轉總面積平方公尺,建物現況格局-房,建物現況格局-廳,建物現況格局-衛,建物現況格局-隔間,有無管理組織,總價元,單價元/平方公尺,車位類別,車位移轉總面積平方公尺,車位總價元,備註,編號
The villages and towns urban district,transaction sign,land sector position/building sector house number plate,land shifting total area square meter,the use zoning or compiles and checks,the non-metropolis land use district,non-metropolis land use,transaction year, month and day,transaction pen number,shifting level,total floor number,building state,main use,main building materials,construction to complete the years,building shifting total area,Building present situation pattern - room,building present situation pattern - hall,building present situation pattern - health,building present situation pattern - compartmented,Whether there is manages the organization,total price Yuan,the unit price a Yuan/square meter,the berth category,berth shifting total area square meter,the berth total price Yuan,the note,serial number
太平區,房地(土地+建物)+車位,新興段151~180地號,18.66,住,,,1040612,土地1建物1車位1,六層,12,住宅大樓(11層含以上有電梯),住家用,鋼筋混凝土造,,141.28,3,1,2,有,無,7200000,49545,坡道平面,19.17,1150000,,RPWNMLKKQHLFFHL17CB
太平區,房地(土地+建物)+車位,新興段151~180地號,18.66,住,,,1030923,土地1建物1車位1,十一層,12,住宅大樓(11層含以上有電梯),住家用,鋼筋混凝土造,,143.35,3,1,2,有,無,7600000,52412,坡道平面,21.24,1200000,,RPXNMLKKQHLFFHL27CB
太平區,房地(土地+建物)+車位,新興段151~180地號,18.35,住,,,1031205,土地1建物1車位1,十二層,12,住宅大樓(11層含以上有電梯),住家用,鋼筋混凝土造,,141.28,3,1,2,有,無,7400000,51183,坡道平面,19.17,1150000,,RPOOMLLKQHLFFHL56CB
太平區,房地(土地+建物)+車位,新興段151~180地號,18.66,住,,,1030819,土地1建物1車位2,一層,12,住宅大樓(11層含以上有電梯),住家用,鋼筋混凝土造,,141.73,3,1,2,有,無,7450000,50249,坡道機械,19.34,1300000,,RPPOMLLKQHLFFHL66CB
太平區,房地(土地+建物)+車位,新興段151~180地號,18.66,住,,,1040224,土地1建物1車位1,二層,12,住宅大樓(11層含以上有電梯),住家用,鋼筋混凝土造,,143.54,3,1,2,有,無,7000000,47424,坡道平面,21.24,1200000,,RPQOMLLKQHLFFHL76CB
太平區,房地(土地+建物)+車位,新興段151~180地號,18.66,住,,,1040113,土地1建物1車位1,三層,12,住宅大樓(11層含以上有電梯),住家用,鋼筋混凝土造,,143.54,3,1,2,有,無,7140000,48569,坡道平面,21.24,1200000,,RPROMLLKQHLFFHL86CB
太平區,房地(土地+建物)+車位,新興段151~180地號,18.35,住,,,1040116,土地1建物1車位1,四層,12,住宅大樓(11層含以上有電梯),住家用,鋼筋混凝土造,,131.77,3,1,2,有,無,6590000,48160,坡道機械,9.47,700000,,RPSOMLLKQHLFFHL96CB
太平區,房地(土地+建物)+車位,新興段151~180地號,18.66,住,,,1030718,土地1建物1車位2,五層,12,住宅大樓(11層含以上有電梯),住家用,鋼筋混凝土造,,141.17,3,1,2,有,無,7460000,48304,坡道機械,18.82,1550000,,RPTOMLLKQHLFFHL07CB
太平區,房地(土地+建物)+車位,新興段151~180地號,18.35,住,,,1030806,土地1建物1車位1,六層,12,住宅大樓(11層含以上有電梯),住家用,鋼筋混凝土造,,131.76,3,1,2,有,無,7180000,52554,坡道機械,9.41,750000,,RPUOMLLKQHLFFHL17CB
太平區,房地(土地+建物)+車位,新興段151~180地號,18.66,住,,,1031110,土地1建物1車位1,七層,12,住宅大樓(11層含以上有電梯),住家用,鋼筋混凝土造,,141.52,3,1,2,有,無,7200000,49448,坡道平面,19.17,1150000,,RPVOMLLKQHLFFHL27CB
太平區,房地(土地+建物)+車位,新興段151~180地號,18.66,住,,,1040625,土地1建物1車位1,八層,12,住宅大樓(11層含以上有電梯),住家用,鋼筋混凝土造,,141.52,3,1,2,有,無,7100000,48631,坡道平面,19.17,1150000,,RPWOMLLKQHLFFHL37CB
太平區,房地(土地+建物)+車位,新興段151~180地號,18.66,住,,,1031225,土地1建物1車位1,九層,12,住宅大樓(11層含以上有電梯),住家用,鋼筋混凝土造,,141.52,3,1,2,有,無,7600000,52718,坡道平面,19.17,1150000,,RPUNMLMKQHLFFHL17CB
太平區,房地(土地+建物)+車位,新興段151~180地號,18.66,住,,,1040610,土地1建物1車位1,十層,12,住宅大樓(11層含以上有電梯),住家用,鋼筋混凝土造,,143.59,3,1,2,有,無,7300000,44474,坡道平面,6.43,1200000,,RPVNMLMKQHLFFHL27CB
太平區,房地(土地+建物)+車位,新興段151~180地號,18.35,住,,,1040514,土地1建物1車位1,十一層,12,住宅大樓(11層含以上有電梯),住家用,鋼筋混凝土造,,131.76,3,1,2,有,無,7000000,51492,坡道機械,9.41,700000,,RPWNMLMKQHLFFHL37CB
太平區,房地(土地+建物)+車位,新興段151~180地號,18.35,住,,,1040304,土地1建物1車位1,十二層,12,住宅大樓(11層含以上有電梯),住家用,鋼筋混凝土造,,141.52,3,1,2,有,無,7480000,51737,坡道平面,19.17,1150000,,RPXNMLMKQHLFFHL47CB
太平區,房地(土地+建物)+車位,新興段151~180地號,18.66,住,,,1040703,土地1建物1車位1,一層,12,住宅大樓(11層含以上有電梯),住家用,鋼筋混凝土造,,144.68,3,1,2,有,無,7280000,49255,坡道平面,21.24,1200000,,RPOOMLMKQHLFFHL66CB
太平區,房地(土地+建物)+車位,新興段151~180地號,18.66,住,,,1030808,土地1建物1車位1,二層,12,住宅大樓(11層含以上有電梯),住家用,鋼筋混凝土造,,142.71,3,1,2,有,無,7100000,48163,坡道平面,19.17,1150000,,RPROMLMKQHLFFHL96CB
太平區,房地(土地+建物)+車位,新興段151~180地號,18.97,住,,,1031230,土地1建物1車位2,三層,12,住宅大樓(11層含以上有電梯),住家用,鋼筋混凝土造,,152.38,3,1,2,有,無,7610000,46625,坡道平面,28.84,1850000,,RPSOMLMKQHLFFHL07CB
太平區,房地(土地+建物)+車位,新興段151~180地號,18.66,住,,,1040109,土地1建物1車位2,四層,12,住宅大樓(11層含以上有電梯),住家用,鋼筋混凝土造,,142.93,3,1,2,有,無,7210000,47819,坡道機械,19.34,1300000,,RPTOMLMKQHLFFHL17CB
太平區,房地(土地+建物)+車位,新興段151~180地號,18.97,住,,,1030718,土地1建物1車位2,五層,12,住宅大樓(11層含以上有電梯),住家用,鋼筋混凝土造,,154.24,3,1,2,有,無,7930000,47981,坡道平面,30.65,2000000,,RPUOMLMKQHLFFHL27CB
太平區,房地(土地+建物)+車位,新興段151~180地號,18.35,住,,,1030721,土地1建物1車位1,六層,12,住宅大樓(11層含以上有電梯),住家用,鋼筋混凝土造,,133.0,3,1,2,有,無,7090000,51299,坡道機械,9.41,750000,,RPRNMLPLQHLFFHL27CB
太平區,房地(土地+建物)+車位,新興段151~180地號,18.66,住,,,1031006,土地1建物1車位1,八層,12,住宅大樓(11層含以上有電梯),住家用,鋼筋混凝土造,,142.76,3,1,2,有,無,7920000,54778,坡道平面,19.17,1150000,,RPTNMLPLQHLFFHL47CB
太平區,房地(土地+建物)+車位,新興段151~180地號,18.97,住,,,1031114,土地1建物1車位2,九層,12,住宅大樓(11層含以上有電梯),住家用,鋼筋混凝土造,,154.24,3,1,2,有,無,8300000,51784,坡道平面,30.65,1900000,,RPUNMLPLQHLFFHL57CB
太平區,房地(土地+建物)+車位,新興段151~180地號,18.66,住,,,1040625,土地1建物1車位1,十層,12,住宅大樓(11層含以上有電梯),住家用,鋼筋混凝土造,,144.83,3,1,2,有,無,7450000,50570,坡道平面,21.24,1200000,,RPVNMLPLQHLFFHL67CB
太平區,房地(土地+建物)+車位,新興段151~180地號,18.66,住,,,1040402,土地1建物1車位2,十一層,12,住宅大樓(11層含以上有電梯),住家用,鋼筋混凝土造,,142.93,3,1,2,有,無,7450000,49761,坡道機械,19.34,1300000,,RPXNMLPLQHLFFHL87CB
太平區,房地(土地+建物)+車位,新興段151~180地號,18.35,住,,,1030725,土地1建物1車位2,十二層,12,住宅大樓(11層含以上有電梯),住家用,鋼筋混凝土造,,142.93,3,1,2,有,無,7480000,50004,坡道機械,19.34,1300000,,RPQOMLPLQHLFFHL27CB
太平區,房地(土地+建物)+車位,新興段151~180地號,18.35,住,,,1031006,土地1建物1車位1,二層,12,住宅大樓(11層含以上有電梯),住家用,鋼筋混凝土造,,122.85,3,1,2,有,無,6420000,50450,坡道機械,9.47,700000,,RPROMLPLQHLFFHL37CB
太平區,房地(土地+建物)+車位,新興段151~180地號,18.66,住,,,1030711,土地1建物1車位1,三層,12,住宅大樓(11層含以上有電梯),住家用,鋼筋混凝土造,,134.62,3,1,2,有,無,6880000,50097,坡道平面,21.24,1200000,,RPSOMLPLQHLFFHL47CB
太平區,房地(土地+建物)+車位,新興段151~180地號,18.66,住,,,1030721,土地1建物1車位1,四層,12,住宅大樓(11層含以上有電梯),住家用,鋼筋混凝土造,,132.55,3,1,2,有,無,6800000,49832,坡道平面,19.17,1150000,,RPUOMLPLQHLFFHL67CB
太平區,房地(土地+建物)+車位,新興段151~180地號,18.66,住,,,1031014,土地1建物1車位2,五層,12,住宅大樓(11層含以上有電梯),住家用,鋼筋混凝土造,,132.32,3,1,2,有,無,7100000,51155,坡道機械,18.94,1300000,,RPVOMLPLQHLFFHL77CB
太平區,房地(土地+建物)+車位,新興段151~180地號,18.66,住,,,1040116,土地1建物1車位1,五層,12,住宅大樓(11層含以上有電梯),住家用,鋼筋混凝土造,,132.33,3,1,2,有,無,7100000,52580,坡道平面,19.17,1150000,,RPTNMLOKIILFFHL56CB
太平區,房地(土地+建物)+車位,新興段151~180地號,18.35,住,,,1040618,土地1建物1車位1,六層,12,住宅大樓(11層含以上有電梯),住家用,鋼筋混凝土造,,122.57,3,1,2,有,無,5810000,47985,坡道機械,9.41,380000,,RPUNMLOKIILFFHL66CB
太平區,房地(土地+建物)+車位,新興段151~180地號,18.66,住,,,1031215,土地1建物1車位2,七層,12,住宅大樓(11層含以上有電梯),住家用,鋼筋混凝土造,,132.5,3,1,2,有,無,7250000,52580,坡道機械,19.34,1300000,,RPVNMLOKIILFFHL76CB
太平區,房地(土地+建物)+車位,新興段151~180地號,18.35,住,,,1040611,土地1建物1車位1,八層,12,住宅大樓(11層含以上有電梯),住家用,鋼筋混凝土造,,122.57,3,1,2,有,無,6420000,53376,坡道機械,9.41,380000,,RPWNMLOKIILFFHL86CB
太平區,房地(土地+建物)+車位,新興段151~180地號,18.66,住,,,1040126,土地1建物1車位1,九層,12,住宅大樓(11層含以上有電梯),住家用,鋼筋混凝土造,,132.33,3,1,2,有,無,7450000,55673,坡道平面,19.17,1150000,,RPXNMLOKIILFFHL96CB
太平區,房地(土地+建物)+車位,新興段151~180地號,18.35,住,,,1040603,土地1建物1車位1,十層,12,住宅大樓(11層含以上有電梯),住家用,鋼筋混凝土造,,122.63,3,1,2,有,無,6550000,51697,坡道機械,9.47,700000,,RPOOMLOKIILFFHL78CB
太平區,房地(土地+建物)+車位,新興段151~180地號,18.35,住,,,1040706,土地1建物1車位1,十一層,12,住宅大樓(11層含以上有電梯),住家用,鋼筋混凝土造,,122.57,3,1,2,有,無,6670000,53641,坡道機械,9.41,600000,,RPPOMLOKIILFFHL88CB
太平區,房地(土地+建物)+車位,新興段151~180地號,18.04,住,,,1040710,土地1建物1車位1,十二層,12,住宅大樓(11層含以上有電梯),住家用,鋼筋混凝土造,,122.63,3,1,2,有,無,6600000,53022,坡道機械,9.47,600000,,RPQOMLOKIILFFHL98CB
太平區,房地(土地+建物)+車位,新興段151~180地號,13.99,住,,,1030901,土地1建物1車位1,一層,12,住宅大樓(11層含以上有電梯),住家用,鋼筋混凝土造,,95.84,2,1,1,有,無,5120000,51175,坡道機械,9.47,700000,,RPROMLOKIILFFHL09CB
太平區,房地(土地+建物)+車位,新興段151~180地號,13.99,住,,,1030720,土地1建物1車位1,二層,12,住宅大樓(11層含以上有電梯),住家用,鋼筋混凝土造,,95.89,2,1,1,有,無,4850000,49178,坡道機械,9.47,600000,,RPSOMLOKIILFFHL56CB
太平區,房地(土地+建物)+車位,新興段151~180地號,14.3,住,,,1030729,土地1建物1車位1,三層,12,住宅大樓(11層含以上有電梯),住家用,鋼筋混凝土造,,107.66,2,1,1,有,無,5460000,49294,坡道平面,21.24,1200000,,RPTOMLOKIILFFHL66CB
太平區,房地(土地+建物)+車位,新興段151~180地號,13.99,住,,,1030619,土地1建物1車位1,四層,12,住宅大樓(11層含以上有電梯),住家用,鋼筋混凝土造,,95.89,2,1,1,有,無,4980000,49526,坡道機械,9.47,700000,,RPUOMLOKIILFFHL76CB
太平區,房地(土地+建物)+車位,新興段151~180地號,13.99,住,,,1031008,土地1建物1車位1,五層,12,住宅大樓(11層含以上有電梯),住家用,鋼筋混凝土造,,95.89,2,1,1,有,無,5090000,51956,坡道機械,9.47,600000,,RPVNMLTKIILFFHL27CB
太平區,房地(土地+建物)+車位,新興段151~180地號,13.99,住,,,1031128,土地1建物1車位1,六層,12,住宅大樓(11層含以上有電梯),住家用,鋼筋混凝土造,,95.83,2,1,1,有,無,5280000,54154,坡道機械,9.41,600000,,RPWNMLTKIILFFHL37CB
太平區,房地(土地+建物)+車位,新興段151~180地號,14.3,住,,,1031015,土地1建物1車位2,七層,12,住宅大樓(11層含以上有電梯),住家用,鋼筋混凝土造,,105.76,2,1,1,有,無,5820000,52303,坡道機械,19.34,1300000,,RPOOMLTKIILFFHL66CB
太平區,房地(土地+建物)+車位,新興段151~180地號,13.99,住,,,1031216,土地1建物1車位1,八層,12,住宅大樓(11層含以上有電梯),住家用,鋼筋混凝土造,,95.89,2,1,1,有,無,5350000,54964,坡道機械,9.47,600000,,RPPOMLTKIILFFHL76CB
太平區,房地(土地+建物)+車位,新興段151~180地號,13.99,住,,,1031215,土地1建物1車位1,九層,12,住宅大樓(11層含以上有電梯),住家用,鋼筋混凝土造,,95.89,2,1,1,有,無,5500000,55543,坡道機械,9.47,700000,,RPQOMLTKIILFFHL86CB
太平區,房地(土地+建物)+車位,新興段151~180地號,13.99,住,,,1031121,土地1建物1車位1,十層,12,住宅大樓(11層含以上有電梯),住家用,鋼筋混凝土造,,95.83,2,1,1,有,無,5550000,56121,坡道機械,9.41,700000,,RPROMLTKIILFFHL96CB
太平區,房地(土地+建物)+車位,新興段151~180地號,14.3,住,,,1031028,土地1建物1車位1,十一層,12,住宅大樓(11層含以上有電梯),住家用,鋼筋混凝土造,,107.66,2,1,1,有,無,5950000,54964,坡道平面,21.24,1200000,,RPSOMLTKIILFFHL07CB
太平區,房地(土地+建物)+車位,新興段151~180地號,13.68,住,,,1031020,土地1建物1車位1,十二層,12,住宅大樓(11層含以上有電梯),住家用,鋼筋混凝土造,,95.89,2,1,1,有,無,5370000,55196,坡道機械,9.47,600000,,RPTOMLTKIILFFHL17CB
太平區,房地(土地+建物)+車位,新興段151~180地號,13.68,住,,,1030825,土地1建物1車位1,一層,12,住宅大樓(11層含以上有電梯),住家用,鋼筋混凝土造,,93.97,2,1,1,有,無,5000000,50888,坡道機械,9.47,700000,,RPUOMLTKIILFFHL27CB
太平區,房地(土地+建物)+車位,新興段151~180地號,13.68,住,,,1030716,土地1建物1車位1,二層,12,住宅大樓(11層含以上有電梯),住家用,鋼筋混凝土造,,93.91,2,1,1,有,無,4900000,49704,坡道機械,9.41,700000,,RPWOMLTKIILFFHL47CB
太平區,房地(土地+建物)+車位,新興段151~180地號,13.68,住,,,1030715,土地1建物1車位1,三層,12,住宅大樓(11層含以上有電梯),住家用,鋼筋混凝土造,,93.97,2,1,1,有,無,5000000,50888,坡道機械,9.47,700000,,RPXOMLTKIILFFHL57CB
太平區,房地(土地+建物)+車位,新興段151~180地號,13.99,住,,,1030731,土地1建物1車位1,四層,12,住宅大樓(11層含以上有電梯),住家用,鋼筋混凝土造,,103.67,2,1,1,有,無,5300000,49112,坡道平面,19.17,1150000,,RPOPMLTKIILFFHL76CB
太平區,房地(土地+建物)+車位,新興段151~180地號,13.68,住,,,1030821,土地1建物1車位1,五層,12,住宅大樓(11層含以上有電梯),住家用,鋼筋混凝土造,,94.17,2,1,1,有,無,5070000,52899,坡道機械,9.67,600000,,RPQPMLTKIILFFHL96CB
太平區,房地(土地+建物)+車位,新興段151~180地號,13.68,住,,,1030828,土地1建物1車位1,六層,12,住宅大樓(11層含以上有電梯),住家用,鋼筋混凝土造,,93.91,2,1,1,有,無,5200000,53254,坡道機械,9.41,700000,,RPPNMLKLIILFFHL48CB
太平區,房地(土地+建物)+車位,新興段151~180地號,13.68,住,,,1040109,土地1建物1車位1,七層,12,住宅大樓(11層含以上有電梯),住家用,鋼筋混凝土造,,93.91,2,1,1,有,無,5280000,55385,坡道機械,9.41,600000,,RPQNMLKLIILFFHL58CB
太平區,房地(土地+建物)+車位,新興段151~180地號,13.68,住,,,1040202,土地1建物1車位1,八層,12,住宅大樓(11層含以上有電梯),住家用,鋼筋混凝土造,,93.91,2,1,1,有,無,5450000,56213,坡道機械,9.41,700000,,RPRNMLKLIILFFHL68CB
太平區,房地(土地+建物)+車位,新興段151~180地號,13.68,住,,,1040407,土地1建物1車位1,九層,12,住宅大樓(11層含以上有電梯),住家用,鋼筋混凝土造,,94.17,2,1,1,有,無,5200000,54438,坡道機械,9.67,600000,,RPSNMLKLIILFFHL78CB
太平區,房地(土地+建物)+車位,新興段151~180地號,13.68,住,,,1040407,土地1建物1車位1,十層,12,住宅大樓(11層含以上有電梯),住家用,鋼筋混凝土造,,93.91,2,1,1,有,無,5200000,54438,坡道機械,9.41,600000,,RPTNMLKLIILFFHL88CB
太平區,房地(土地+建物)+車位,新興段151~180地號,13.68,住,,,1040522,土地1建物1車位1,十一層,12,住宅大樓(11層含以上有電梯),住家用,鋼筋混凝土造,,93.91,2,1,1,有,無,5300000,54438,坡道機械,9.41,700000,,RPXNMLKLIILFFHL66CB
太平區,房地(土地+建物)+車位,新興段151~180地號,13.37,住,,,1040518,土地1建物1車位1,十二層,12,住宅大樓(11層含以上有電梯),住家用,鋼筋混凝土造,,93.91,2,1,1,有,無,5120000,53491,坡道機械,9.41,600000,,RPOOMLKLIILFFHL48CB
太平區,房地(土地+建物)+車位,新興段151~180地號,18.35,住,,,1030805,土地1建物1車位1,二層,12,住宅大樓(11層含以上有電梯),住家用,鋼筋混凝土造,,122.78,3,1,2,有,無,6300000,49509,坡道機械,9.67,700000,,RPPOMLKLIILFFHL58CB
太平區,房地(土地+建物)+車位,新興段151~180地號,18.66,住,,,1030808,土地1建物1車位1,三層,12,住宅大樓(11層含以上有電梯),住家用,鋼筋混凝土造,,134.35,3,1,2,有,無,6850000,49951,坡道平面,21.24,1200000,,RPQOMLKLIILFFHL68CB
太平區,房地(土地+建物)+車位,新興段151~180地號,18.35,住,,,1030606,土地1建物1車位1,四層,12,住宅大樓(11層含以上有電梯),住家用,鋼筋混凝土造,,122.58,3,1,2,有,無,6250000,49951,坡道機械,9.47,600000,,RPROMLKLIILFFHL78CB
太平區,房地(土地+建物)+車位,新興段151~180地號,18.35,住,,,1031016,土地1建物1車位1,五層,12,住宅大樓(11層含以上有電梯),住家用,鋼筋混凝土造,,122.58,3,1,2,有,無,6800000,53930,坡道機械,9.47,700000,,RPSOMLKLIILFFHL88CB
太平區,房地(土地+建物)+車位,新興段151~180地號,18.35,住,,,1030919,土地1建物1車位1,六層,12,住宅大樓(11層含以上有電梯),住家用,鋼筋混凝土造,,122.58,3,1,2,有,無,6930000,55079,坡道機械,9.47,700000,,RPTOMLKLIILFFHL98CB
太平區,房地(土地+建物)+車位,新興段151~180地號,18.66,住,,,1030827,土地1建物1車位2,七層,12,住宅大樓(11層含以上有電梯),住家用,鋼筋混凝土造,,132.05,3,1,2,有,無,7100000,51278,坡道機械,18.94,1300000,,RPUOMLKLIILFFHL09CB
太平區,房地(土地+建物)+車位,新興段151~180地號,18.35,住,,,1040527,土地1建物1車位1,八層,12,住宅大樓(11層含以上有電梯),住家用,鋼筋混凝土造,,122.52,3,1,2,有,無,6700000,53930,坡道機械,9.41,600000,,RPVOMLKLIILFFHL56CB
太平區,房地(土地+建物)+車位,新興段151~180地號,18.66,住,,,1030917,土地1建物1車位1,九層,12,住宅大樓(11層含以上有電梯),住家用,鋼筋混凝土造,,134.35,3,1,2,有,無,7550000,56140,坡道平面,21.24,1200000,,RPWOMLKLIILFFHL66CB
太平區,房地(土地+建物)+車位,新興段151~180地號,18.35,住,,,1040505,土地1建物1車位1,十層,12,住宅大樓(11層含以上有電梯),住家用,鋼筋混凝土造,,122.78,3,1,2,有,無,6700000,53930,坡道機械,9.67,600000,,RPWNMLLLIILFFHL66CB
太平區,房地(土地+建物)+車位,新興段151~180地號,18.35,住,,,1040708,土地1建物1車位1,十一層,12,住宅大樓(11層含以上有電梯),住家用,鋼筋混凝土造,,122.58,3,1,2,有,無,6680000,53753,坡道機械,9.47,600000,,RPXNMLLLIILFFHL76CB
太平區,房地(土地+建物)+車位,新興段151~180地號,18.04,住,,,1040710,土地1建物1車位1,十二層,12,住宅大樓(11層含以上有電梯),住家用,鋼筋混凝土造,,122.52,3,1,2,有,無,6600000,52162,坡道機械,9.41,700000,,RPOOMLLLIILFFHL58CB
太平區,房地(土地+建物)+車位,新興段151~180地號,18.66,住,,,1030815,土地1建物1車位1,二層,12,住宅大樓(11層含以上有電梯),住家用,鋼筋混凝土造,,134.52,3,1,2,有,無,6730000,48817,坡道平面,21.24,1200000,,RPPOMLLLIILFFHL68CB
太平區,房地(土地+建物)+車位,新興段151~180地號,18.66,住,,,1030620,土地1建物1車位1,三層,12,住宅大樓(11層含以上有電梯),住家用,鋼筋混凝土造,,134.52,3,1,2,有,無,6800000,49435,坡道平面,21.24,1200000,,RPQOMLLLIILFFHL78CB
太平區,房地(土地+建物)+車位,新興段151~180地號,18.66,住,,,1030808,土地1建物1車位1,四層,12,住宅大樓(11層含以上有電梯),住家用,鋼筋混凝土造,,134.52,3,1,2,有,無,6840000,49788,坡道平面,21.24,1200000,,RPROMLLLIILFFHL88CB
太平區,房地(土地+建物)+車位,新興段151~180地號,18.35,住,,,1040106,土地1建物1車位1,五層,12,住宅大樓(11層含以上有電梯),住家用,鋼筋混凝土造,,122.75,3,1,2,有,無,6680000,53672,坡道機械,9.47,600000,,RPSOMLLLIILFFHL98CB
太平區,房地(土地+建物)+車位,新興段151~180地號,18.35,住,,,1030801,土地1建物1車位1,六層,12,住宅大樓(11層含以上有電梯),住家用,鋼筋混凝土造,,122.69,3,1,2,有,無,6700000,53849,坡道機械,9.41,600000,,RPTOMLLLIILFFHL09CB
太平區,房地(土地+建物)+車位,新興段151~180地號,18.66,住,,,1040515,土地1建物1車位1,七層,12,住宅大樓(11層含以上有電梯),住家用,鋼筋混凝土造,,132.45,3,1,2,有,無,7180000,53231,坡道平面,19.17,1150000,,RPUOMLLLIILFFHL56CB
太平區,房地(土地+建物)+車位,新興段151~180地號,18.35,住,,,1030811,土地1建物1車位1,八層,12,住宅大樓(11層含以上有電梯),住家用,鋼筋混凝土造,,122.75,3,1,2,有,無,6880000,55438,坡道機械,9.47,600000,,RPWOMLLLIILFFHL76CB
太平區,房地(土地+建物)+車位,新興段151~180地號,18.35,住,,,1040526,土地1建物1車位1,九層,12,住宅大樓(11層含以上有電梯),住家用,鋼筋混凝土造,,122.69,3,1,2,有,無,6800000,53849,坡道機械,9.41,700000,,RPXOMLLLIILFFHL86CB
太平區,房地(土地+建物)+車位,新興段151~180地號,18.35,住,,,1040424,土地1建物1車位1,十層,12,住宅大樓(11層含以上有電梯),住家用,鋼筋混凝土造,,122.95,3,1,2,有,無,6800000,53849,坡道機械,9.67,700000,,RPOPMLLLIILFFHL68CB
太平區,房地(土地+建物)+車位,新興段151~180地號,18.66,住,,,1031003,土地1建物1車位2,,12,住宅大樓(11層含以上有電梯),住家用,鋼筋混凝土造,,132.1,3,1,2,有,無,7460000,54379,坡道機械,18.82,1300000,,RPPPMLLLIILFFHL78CB
太平區,房地(土地+建物)+車位,新興段151~180地號,18.04,住,,,1030926,土地1建物1車位1,十二層,12,住宅大樓(11層含以上有電梯),住家用,鋼筋混凝土造,,122.75,3,1,2,有,無,6920000,54908,坡道機械,9.47,700000,,RPRPMLLLIILFFHL98CB
太平區,房地(土地+建物)+車位,新興段151~180地號,14.3,住,,,1030701,土地1建物1車位2,一層,12,住宅大樓(11層含以上有電梯),住家用,鋼筋混凝土造,,105.84,2,1,1,有,無,5450000,47977,坡道機械,19.34,1300000,,RPSPMLLLIILFFHL09CB
太平區,房地(土地+建物)+車位,新興段151~180地號,13.99,住,,,1030704,土地1建物1車位1,二層,12,住宅大樓(11層含以上有電梯),住家用,鋼筋混凝土造,,95.97,2,1,1,有,無,4960000,49249,坡道機械,9.47,700000,,RPTPMLLLIILFFHL56CB
太平區,房地(土地+建物)+車位,新興段151~180地號,14.3,住,,,1030616,土地1建物1車位1,三層,12,住宅大樓(11層含以上有電梯),住家用,鋼筋混凝土造,,105.72,2,1,1,有,無,5360000,48642,坡道平面,19.17,1150000,,RPUPMLLLIILFFHL66CB
太平區,房地(土地+建物)+車位,新興段151~180地號,13.99,住,,,1030708,土地1建物1車位1,四層,12,住宅大樓(11層含以上有電梯),住家用,鋼筋混凝土造,,96.02,2,1,1,有,無,4960000,50376,坡道機械,9.47,600000,,RPVPMLLLIILFFHL76CB
太平區,房地(土地+建物)+車位,新興段151~180地號,13.99,住,,,1030922,土地1建物1車位1,五層,12,住宅大樓(11層含以上有電梯),住家用,鋼筋混凝土造,,96.16,2,1,1,有,無,5100000,51993,坡道機械,9.61,600000,,RPXNMLOLIILFFHL07CB
太平區,房地(土地+建物)+車位,新興段151~180地號,13.99,住,,,1040624,土地1建物1車位1,六層,12,住宅大樓(11層含以上有電梯),住家用,鋼筋混凝土造,,96.22,2,1,1,有,無,5240000,52455,坡道機械,9.67,700000,,RPPOMLOLIILFFHL98CB
太平區,房地(土地+建物)+車位,新興段151~180地號,13.99,住,,,1030925,土地1建物1車位1,七層,12,住宅大樓(11層含以上有電梯),住家用,鋼筋混凝土造,,96.16,2,1,1,有,無,5180000,52917,坡道機械,9.61,600000,,RPQOMLOLIILFFHL09CB
太平區,房地(土地+建物)+車位,新興段151~180地號,13.99,住,,,1030919,土地1建物1車位1,八層,12,住宅大樓(11層含以上有電梯),住家用,鋼筋混凝土造,,95.96,2,1,1,有,無,5500000,0,坡道機械,95.96,700000,,RPROMLOLIILFFHL56CB
太平區,房地(土地+建物)+車位,新興段151~180地號,14.3,住,,,1031229,土地1建物1車位1,九層,12,住宅大樓(11層含以上有電梯),住家用,鋼筋混凝土造,,105.72,2,1,1,有,無,5960000,55575,坡道平面,19.17,1150000,,RPSOMLOLIILFFHL66CB
北屯區,房地(土地+建物)+車位,軍福段91~120地號,18.48,商,,,1040627,土地1建物1車位1,六層,15,住宅大樓(11層含以上有電梯),住家用,鋼筋混凝土造,,165.66,4,2,2,有,無,10000000,64464,坡道平面,23.72,850000,,RPPRMLQLIILFFBB87CB
北屯區,房地(土地+建物)+車位,軍福段91~120地號,16.22,商,,,1040729,土地1建物1車位1,二層,15,住宅大樓(11層含以上有電梯),住家用,鋼筋混凝土造,,145.14,3,2,2,有,無,7750000,57103,坡道機械,15.55,350000,,RPQRMLQLIILFFBB97CB
北屯區,房地(土地+建物)+車位,軍福段91~120地號,16.22,商,,,1040803,土地1建物1車位1,三層,15,住宅大樓(11層含以上有電梯),住家用,鋼筋混凝土造,,145.14,3,2,2,有,無,7720000,56100,坡道機械,15.55,450000,,RPRRMLQLIILFFBB08CB
北屯區,房地(土地+建物)+車位,軍福段91~120地號,16.22,商,,,1040711,土地1建物1車位1,四層,15,住宅大樓(11層含以上有電梯),住家用,鋼筋混凝土造,,145.14,3,2,2,有,無,7660000,56409,坡道機械,15.55,350000,,RPSRMLQLIILFFBB18CB
北屯區,房地(土地+建物)+車位,軍福段91~120地號,16.22,商,,,1040727,土地1建物1車位1,五層,15,住宅大樓(11層含以上有電梯),住家用,鋼筋混凝土造,,145.14,3,2,2,有,無,7850000,57875,坡道機械,15.55,350000,,RPTRMLQLIILFFBB28CB
北屯區,房地(土地+建物)+車位,軍福段91~120地號,16.6,商,,,1050904,土地1建物1車位2,七層,15,住宅大樓(11層含以上有電梯),住家用,鋼筋混凝土造,,145.14,3,2,2,有,無,8040000,63486,坡道機械,31.1,800000,,RPVRMLQLIILFFBB48CB
北屯區,房地(土地+建物)+車位,軍福段91~120地號,16.6,商,,,1040719,土地1建物1車位2,八層,15,住宅大樓(11層含以上有電梯),住家用,鋼筋混凝土造,,145.14,3,2,2,有,無,8810000,70239,坡道機械,31.1,800000,,RPWRMLQLIILFFBB58CB
北屯區,房地(土地+建物)+車位,軍福段91~120地號,16.22,商,,,1040621,土地1建物1車位1,九層,15,住宅大樓(11層含以上有電梯),住家用,鋼筋混凝土造,,145.14,3,2,2,有,無,8950000,65591,坡道機械,15.55,450000,此戶含裝潢,RPXRMLQLIILFFBB68CB
北屯區,房地(土地+建物)+車位,軍福段91~120地號,16.6,商,,,1040531,土地1建物1車位2,十層,15,住宅大樓(11層含以上有電梯),住家用,鋼筋混凝土造,,145.14,3,2,2,有,無,8800000,70151,坡道平面,31.1,800000,,RPOSMLQLIILFFBB87CB
北屯區,房地(土地+建物)+車位,軍福段91~120地號,16.22,商,,,1040602,土地1建物1車位1,十一層,15,住宅大樓(11層含以上有電梯),住家用,鋼筋混凝土造,,145.14,3,2,2,有,無,8400000,61963,坡道平面,21.68,750000,,RPPOMLRLIILFFBB67CB
北屯區,房地(土地+建物)+車位,軍福段91~120地號,16.6,商,,,1040701,土地1建物1車位2,十二層,15,住宅大樓(11層含以上有電梯),住家用,鋼筋混凝土造,,145.14,3,2,2,有,無,8520000,67696,坡道機械,31.1,800000,,RPSOMLRLIILFFBB97CB
北屯區,房地(土地+建物)+車位,軍福段91~120地號,16.22,商,,,1040729,土地1建物1車位1,十三層,15,住宅大樓(11層含以上有電梯),住家用,鋼筋混凝土造,,145.14,3,2,2,有,無,8500000,63416,坡道平面,23.72,800000,,RPTOMLRLIILFFBB08CB
北屯區,房地(土地+建物)+車位,軍福段91~120地號,16.22,商,,,1040503,土地1建物1車位1,十四層,15,住宅大樓(11層含以上有電梯),住家用,鋼筋混凝土造,,145.14,3,2,2,有,無,8550000,63416,坡道平面,23.72,850000,,RPUOMLRLIILFFBB18CB
北屯區,房地(土地+建物)+車位,軍福段91~120地號,18.48,商,,,1050911,土地1建物1車位1,九層,15,住宅大樓(11層含以上有電梯),住家用,鋼筋混凝土造,,165.66,4,2,2,有,無,9460000,61012,坡道平面,23.72,800000,,RPQPMLRLIILFFBB87CB
北屯區,房地(土地+建物)+車位,軍福段91~120地號,18.86,商,,,1050809,土地1建物1車位2,八層,15,住宅大樓(11層含以上有電梯),住家用,鋼筋混凝土造,,165.66,4,2,2,有,無,9400000,63912,坡道機械,31.1,800000,,RPRPMLRLIILFFBB97CB
北屯區,房地(土地+建物)+車位,軍福段91~120地號,18.86,商,,,1050718,土地1建物1車位2,十一層,15,住宅大樓(11層含以上有電梯),住家用,鋼筋混凝土造,,165.66,4,2,2,有,無,9280000,63020,坡道機械,31.1,800000,,RPXPMLRLIILFFBB58CB
北屯區,房地(土地+建物)+車位,軍福段91~120地號,18.86,商,,,1050624,土地1建物1車位2,十二層,15,住宅大樓(11層含以上有電梯),住家用,鋼筋混凝土造,,165.66,4,2,2,有,無,9280000,63020,坡道機械,31.1,800000,,RPOQMLRLIILFFBB77CB
北屯區,房地(土地+建物)+車位,軍福段91~120地號,18.48,商,,,1050318,土地1建物1車位1,三層,15,住宅大樓(11層含以上有電梯),住家用,鋼筋混凝土造,,165.66,4,2,2,有,無,9250000,58624,坡道機械,15.55,450000,,RPPQMLRLIILFFBB87CB
北屯區,房地(土地+建物)+車位,軍福段91~120地號,18.86,商,,,1050326,土地1建物1車位2,十三層,15,住宅大樓(11層含以上有電梯),住家用,鋼筋混凝土造,,165.66,4,2,2,有,無,10000000,69230,坡道平面,39.27,1250000,,RPRQMLRLIILFFBB08CB
北屯區,房地(土地+建物)+車位,軍福段91~120地號,16.6,商,,,1050719,土地1建物1車位1,四層,15,住宅大樓(11層含以上有電梯),住家用,鋼筋混凝土造,,148.42,3,2,2,有,無,8100000,58540,坡道平面,23.72,800000,,RPOSMLRLIILFFBB97CB
北屯區,房地(土地+建物)+車位,軍福段91~120地號,16.6,商,,,1050821,土地1建物1車位1,二層,15,住宅大樓(11層含以上有電梯),住家用,鋼筋混凝土造,,148.42,3,2,2,有,無,8100000,58540,坡道平面,23.72,800000,,RPPSMLRLIILFFBB08CB
北屯區,房地(土地+建物)+車位,軍福段91~120地號,16.6,商,,,1050313,土地1建物1車位1,七層,15,住宅大樓(11層含以上有電梯),住家用,鋼筋混凝土造,,148.42,3,2,2,有,無,8410000,60439,坡道平面,21.68,750000,,RPQSMLRLIILFFBB18CB
北屯區,房地(土地+建物)+車位,軍福段91~120地號,16.6,商,,,1050911,土地1建物1車位1,八層,15,住宅大樓(11層含以上有電梯),住家用,鋼筋混凝土造,,148.42,3,2,2,有,無,8650000,62550,坡道平面,23.72,850000,,RPRSMLRLIILFFBB28CB
北屯區,房地(土地+建物)+車位,軍福段91~120地號,16.6,商,,,1050906,土地1建物1車位1,九層,15,住宅大樓(11層含以上有電梯),住家用,鋼筋混凝土造,,148.42,3,2,2,有,無,8600000,62550,坡道平面,23.72,800000,,RPWSMLRLIILFFBB78CB
北屯區,房地(土地+建物)+車位,軍福段91~120地號,16.6,商,,,1050727,土地1建物1車位1,十一層,15,住宅大樓(11層含以上有電梯),住家用,鋼筋混凝土造,,148.42,3,2,2,有,無,8100000,57575,坡道機械,15.55,450000,,RPOTMLRLIILFFBB08CB
北屯區,房地(土地+建物)+車位,軍福段91~120地號,16.6,商,,,1050807,土地1建物1車位1,十二層,15,住宅大樓(11層含以上有電梯),住家用,鋼筋混凝土造,,148.42,3,2,2,有,無,8150000,57951,坡道機械,15.55,450000,,RPSTMLRLIILFFBB48CB
北屯區,房地(土地+建物)+車位,軍福段91~120地號,16.6,商,,,1050618,土地1建物1車位1,十三層,15,住宅大樓(11層含以上有電梯),住家用,鋼筋混凝土造,,148.42,3,2,2,有,無,8400000,60360,坡道平面,21.68,750000,,RPTTMLRLIILFFBB58CB
北屯區,房地(土地+建物)+車位,軍福段91~120地號,16.6,商,,,1050821,土地1建物1車位1,十四層,15,住宅大樓(11層含以上有電梯),住家用,鋼筋混凝土造,,148.42,3,2,2,有,無,8500000,61347,坡道平面,23.72,850000,,RPUTMLRLIILFFBB68CB
北屯區,房地(土地+建物)+車位,軍福段91~120地號,16.97,商,,,1050910,土地1建物1車位2,十五層,15,住宅大樓(11層含以上有電梯),住家用,鋼筋混凝土造,,148.42,3,2,2,有,無,8380000,64610,坡道機械,31.1,800000,,RPWTMLRLIILFFBB88CB
北屯區,房地(土地+建物)+車位,軍福段91~120地號,16.97,商,,,1050402,土地1建物1車位2,三層,15,住宅大樓(11層含以上有電梯),住家用,鋼筋混凝土造,,148.94,3,2,2,有,無,8650000,67475,坡道平面,39.27,1250000,,RPSUMLRLIILFFBB58CB
北屯區,房地(土地+建物)+車位,軍福段91~120地號,16.6,商,,,1050729,土地1建物1車位1,七層,15,住宅大樓(11層含以上有電梯),住家用,鋼筋混凝土造,,148.94,3,2,2,有,無,8480000,60742,坡道平面,21.68,750000,,RPTUMLRLIILFFBB68CB
北屯區,房地(土地+建物)+車位,軍福段91~120地號,16.6,商,,,1050701,土地1建物1車位1,十層,15,住宅大樓(11層含以上有電梯),住家用,鋼筋混凝土造,,148.94,3,2,2,有,無,8500000,60899,坡道平面,21.68,750000,,RPUUMLRLIILFFBB78CB
北屯區,房地(土地+建物)+車位,軍福段91~120地號,16.6,商,,,1050808,土地1建物1車位1,十一層,15,住宅大樓(11層含以上有電梯),住家用,鋼筋混凝土造,,148.94,3,2,2,有,無,8470000,61252,坡道平面,23.72,800000,,RPVUMLRLIILFFBB88CB
北屯區,房地(土地+建物)+車位,軍福段91~120地號,16.6,商,,,1050827,土地1建物1車位1,十二層,15,住宅大樓(11層含以上有電梯),住家用,鋼筋混凝土造,,148.94,3,2,2,有,無,8500000,61492,坡道平面,23.72,800000,,RPWUMLRLIILFFBB98CB
北屯區,房地(土地+建物)+車位,軍福段91~120地號,18.86,商,,,1050729,土地1建物1車位2,五層,15,住宅大樓(11層含以上有電梯),住家用,鋼筋混凝土造,,166.23,4,2,2,有,無,9930000,70124,坡道平面,47.44,1600000,,RPXUMLRLIILFFBB09CB
北屯區,房地(土地+建物)+車位,軍福段91~120地號,18.48,商,,,1050817,土地1建物1車位1,六層,15,住宅大樓(11層含以上有電梯),住家用,鋼筋混凝土造,,166.23,4,2,2,有,無,9380000,59855,坡道平面,23.72,850000,,RPOVMLRLIILFFBB28CB
北屯區,房地(土地+建物)+車位,軍福段91~120地號,18.48,商,,,1050621,土地1建物1車位1,七層,15,住宅大樓(11層含以上有電梯),住家用,鋼筋混凝土造,,166.23,4,2,2,有,無,9400000,59996,坡道平面,23.72,850000,,RPPVMLRLIILFFBB38CB
北屯區,房地(土地+建物)+車位,軍福段91~120地號,18.48,商,,,1050619,土地1建物1車位1,八層,15,住宅大樓(11層含以上有電梯),住家用,鋼筋混凝土造,,166.23,4,2,2,有,無,9400000,60347,坡道平面,23.72,800000,,RPQVMLRLIILFFBB48CB
北屯區,房地(土地+建物)+車位,軍福段91~120地號,18.48,商,,,1050618,土地1建物1車位1,九層,15,住宅大樓(11層含以上有電梯),住家用,鋼筋混凝土造,,166.23,4,2,2,有,無,9500000,60697,坡道平面,23.72,850000,,RPRVMLRLIILFFBB58CB
太平區,房地(土地+建物)+車位,新興段151~180地號,14.3,住,,,1031112,土地1建物1車位1,十層,12,住宅大樓(11層含以上有電梯),住家用,鋼筋混凝土造,,107.79,2,1,1,有,無,5980000,55228,坡道平面,21.24,1200000,,RPUNMLRLIILFFHL07CB
太平區,房地(土地+建物)+車位,新興段151~180地號,13.99,住,,,1031028,土地1建物1車位1,十一層,12,住宅大樓(11層含以上有電梯),住家用,鋼筋混凝土造,,96.02,2,1,1,有,無,5500000,56615,坡道機械,9.47,600000,,RPWNMLRLIILFFHL27CB
太平區,房地(土地+建物)+車位,新興段151~180地號,13.68,住,,,1030925,土地1建物1車位1,十二層,12,住宅大樓(11層含以上有電梯),住家用,鋼筋混凝土造,,96.02,2,1,1,有,無,5420000,54535,坡道機械,9.47,700000,,RPXNMLRLIILFFHL37CB
太平區,房地(土地+建物)+車位,新興段151~180地號,13.99,住,,,1030702,土地1建物1車位1,一層,12,住宅大樓(11層含以上有電梯),住家用,鋼筋混凝土造,,95.59,2,1,1,有,無,5000000,51092,坡道平面,9.47,600000,,RPOOMLRLIILFFHL56CB
太平區,房地(土地+建物)+車位,新興段151~180地號,13.99,住,,,1030807,土地1建物1車位1,二層,12,住宅大樓(11層含以上有電梯),住家用,鋼筋混凝土造,,95.79,2,1,1,有,無,4880000,49583,坡道機械,9.47,600000,,RPPOMLRLIILFFHL66CB
太平區,房地(土地+建物)+車位,新興段151~180地號,14.3,住,,,1030619,土地1建物1車位1,三層,12,住宅大樓(11層含以上有電梯),住家用,鋼筋混凝土造,,107.61,2,1,1,有,無,5390000,48512,坡道平面,21.24,1200000,,RPQOMLRLIILFFHL76CB
太平區,房地(土地+建物)+車位,新興段151~180地號,13.99,住,,,1030707,土地1建物1車位1,四層,12,住宅大樓(11層含以上有電梯),住家用,鋼筋混凝土造,,96.04,2,1,1,有,無,4930000,50133,坡道機械,9.67,600000,,RPROMLRLIILFFHL86CB
太平區,房地(土地+建物)+車位,新興段151~180地號,13.99,住,,,1030926,土地1建物1車位1,五層,12,住宅大樓(11層含以上有電梯),住家用,鋼筋混凝土造,,95.98,2,1,1,有,無,5180000,51870,坡道機械,9.61,700000,,RPSOMLRLIILFFHL96CB
太平區,房地(土地+建物)+車位,新興段151~180地號,13.99,住,,,1030924,土地1建物1車位1,六層,12,住宅大樓(11層含以上有電梯),住家用,鋼筋混凝土造,,95.84,2,1,1,有,無,5300000,54417,坡道機械,9.47,600000,,RPTOMLRLIILFFHL07CB
太平區,房地(土地+建物)+車位,新興段151~180地號,13.99,住,,,1031002,土地1建物1車位1,七層,12,住宅大樓(11層含以上有電梯),住家用,鋼筋混凝土造,,95.98,2,1,1,有,無,5260000,52796,坡道機械,9.61,700000,,RPWOMLRLIILFFHL37CB
太平區,房地(土地+建物)+車位,新興段151~180地號,13.99,住,,,1030915,土地1建物1車位1,八層,12,住宅大樓(11層含以上有電梯),住家用,鋼筋混凝土造,,96.04,2,1,1,有,無,5450000,56154,坡道機械,9.67,600000,,RPXOMLRLIILFFHL47CB
太平區,房地(土地+建物)+車位,新興段151~180地號,13.99,住,,,1031024,土地1建物1車位1,九層,12,住宅大樓(11層含以上有電梯),住家用,鋼筋混凝土造,,95.84,2,1,1,有,無,5380000,55343,坡道機械,9.47,600000,,RPOPMLRLIILFFHL66CB
太平區,房地(土地+建物)+車位,新興段151~180地號,13.99,住,,,1031015,土地1建物1車位1,十層,12,住宅大樓(11層含以上有電梯),住家用,鋼筋混凝土造,,95.84,2,1,1,有,無,5480000,56501,坡道機械,9.47,600000,,RPOOMLSLIILFFHL66CB
太平區,房地(土地+建物)+車位,新興段151~180地號,13.99,住,,,1040213,土地1建物1車位1,十一層,12,住宅大樓(11層含以上有電梯),住家用,鋼筋混凝土造,,95.84,2,1,1,有,無,5400000,54417,坡道機械,9.47,700000,,RPPOMLSLIILFFHL76CB
太平區,房地(土地+建物)+車位,新興段151~180地號,13.68,住,,,1030924,土地1建物1車位1,十二層,12,住宅大樓(11層含以上有電梯),住家用,鋼筋混凝土造,,95.84,2,1,1,有,無,5430000,54764,坡道機械,9.47,700000,,RPQOMLSLIILFFHL86CB
北屯區,房地(土地+建物)+車位,軍福段91~120地號,18.86,商,,,1050915,土地1建物1車位2,十五層,15,住宅大樓(11層含以上有電梯),住家用,鋼筋混凝土造,,166.23,4,2,2,有,無,10000000,70713,坡道平面,47.44,1600000,,RPRNMLTLIILFFBB97CB
北屯區,房地(土地+建物)+車位,軍福段91~120地號,13.58,商,,,1050904,土地1建物1車位1,二層,15,住宅大樓(11層含以上有電梯),住家用,鋼筋混凝土造,,123.22,3,2,2,有,無,6350000,54797,坡道機械,15.55,450000,,RPSNMLTLIILFFBB08CB
北屯區,房地(土地+建物)+車位,軍福段91~120地號,13.58,商,,,1040724,土地1建物1車位1,五層,15,住宅大樓(11層含以上有電梯),住家用,鋼筋混凝土造,,123.22,3,2,2,有,無,7100000,62537,坡道平面,21.68,750000,,RPVNMLTLIILFFBB38CB
北屯區,房地(土地+建物)+車位,軍福段91~120地號,13.58,商,,,1040810,土地1建物1車位1,六層,15,住宅大樓(11層含以上有電梯),住家用,鋼筋混凝土造,,123.22,3,2,2,有,無,7320000,65025,坡道平面,23.72,850000,,RPWNMLTLIILFFBB48CB
北屯區,房地(土地+建物)+車位,軍福段91~120地號,13.58,商,,,1040718,土地1建物1車位1,七層,15,住宅大樓(11層含以上有電梯),住家用,鋼筋混凝土造,,123.22,3,2,2,有,無,6750000,58512,坡道機械,15.55,450000,,RPXNMLTLIILFFBB58CB
北屯區,房地(土地+建物)+車位,軍福段91~120地號,13.58,商,,,1050418,土地1建物1車位1,八層,15,住宅大樓(11層含以上有電梯),住家用,鋼筋混凝土造,,123.22,3,2,2,有,無,7080000,62340,坡道平面,21.68,750000,,RPOOMLTLIILFFBB77CB
北屯區,房地(土地+建物)+車位,軍福段91~120地號,13.58,商,,,1050213,土地1建物1車位1,九層,15,住宅大樓(11層含以上有電梯),住家用,鋼筋混凝土造,,123.22,3,2,2,有,無,7200000,64322,坡道平面,23.72,800000,,RPPOMLTLIILFFBB87CB
北屯區,房地(土地+建物)+車位,軍福段91~120地號,13.58,商,,,1050504,土地1建物1車位1,十一層,15,住宅大樓(11層含以上有電梯),住家用,鋼筋混凝土造,,123.22,3,2,2,有,無,6600000,57119,坡道機械,15.55,450000,,RPQOMLTLIILFFBB97CB
北屯區,房地(土地+建物)+車位,軍福段91~120地號,13.58,商,,,1050421,土地1建物1車位1,十三層,15,住宅大樓(11層含以上有電梯),住家用,鋼筋混凝土造,,123.22,3,2,2,有,無,6600000,57119,坡道機械,15.55,450000,,RPSOMLTLIILFFBB18CB
北屯區,房地(土地+建物)+車位,軍福段91~120地號,13.58,商,,,1050409,土地1建物1車位1,十二層,15,住宅大樓(11層含以上有電梯),住家用,鋼筋混凝土造,,123.22,3,2,2,有,無,6600000,57119,坡道機械,15.55,450000,,RPTOMLTLIILFFBB28CB
北屯區,房地(土地+建物)+車位,軍福段91~120地號,21.5,商,,,1040719,土地1建物1車位1,十四層,15,住宅大樓(11層含以上有電梯),住家用,鋼筋混凝土造,,202.67,4,2,2,有,無,10800000,55847,坡道機械,15.55,350000,,RPUOMLTLIILFFBB38CB
北屯區,房地(土地+建物)+車位,軍福段91~120地號,18.11,商,,,1050703,土地1建物1車位1,十五層,15,住宅大樓(11層含以上有電梯),住家用,鋼筋混凝土造,,167.16,4,2,2,有,無,8930000,55933,坡道機械,15.55,450000,,RPVOMLTLIILFFBB48CB
北屯區,房地(土地+建物)+車位,軍福段91~120地號,13.58,商,,,1050423,土地1建物1車位1,二層,15,住宅大樓(11層含以上有電梯),住家用,鋼筋混凝土造,,127.49,3,2,2,有,無,6800000,56727,坡道機械,15.55,450000,,RPWOMLTLIILFFBB58CB
北屯區,房地(土地+建物)+車位,軍福段91~120地號,13.58,商,,,1040712,土地1建物1車位1,三層,15,住宅大樓(11層含以上有電梯),住家用,鋼筋混凝土造,,127.49,3,2,2,有,無,7000000,58513,坡道機械,15.55,450000,,RPXOMLTLIILFFBB68CB
北屯區,房地(土地+建物)+車位,軍福段91~120地號,13.58,商,,,1050902,土地1建物1車位1,四層,15,住宅大樓(11層含以上有電梯),住家用,鋼筋混凝土造,,127.49,3,2,2,有,無,6630000,55208,坡道機械,15.55,450000,,RPOPMLTLIILFFBB87CB
北屯區,房地(土地+建物)+車位,軍福段91~120地號,13.96,商,,,1040604,土地1建物1車位2,六層,15,住宅大樓(11層含以上有電梯),住家用,鋼筋混凝土造,,127.49,3,2,2,有,無,7500000,69509,坡道機械,31.1,800000,,RPPPMLTLIILFFBB97CB
北屯區,房地(土地+建物)+車位,軍福段91~120地號,13.58,商,,,1050908,土地1建物1車位1,七層,15,住宅大樓(11層含以上有電梯),住家用,鋼筋混凝土造,,127.49,3,2,2,有,無,6900000,57620,坡道機械,15.55,450000,,RPQPMLTLIILFFBB08CB
北屯區,房地(土地+建物)+車位,軍福段91~120地號,13.58,商,,,1050622,土地1建物1車位1,八層,15,住宅大樓(11層含以上有電梯),住家用,鋼筋混凝土造,,127.49,3,2,2,有,無,7030000,58781,坡道機械,15.55,450000,,RPRPMLTLIILFFBB18CB
北屯區,房地(土地+建物)+車位,軍福段91~120地號,13.58,商,,,1050501,土地1建物1車位1,九層,15,住宅大樓(11層含以上有電梯),住家用,鋼筋混凝土造,,127.49,3,2,2,有,無,6820000,56905,坡道機械,15.55,450000,,RPSPMLTLIILFFBB28CB
北屯區,房地(土地+建物)+車位,軍福段91~120地號,13.96,商,,,1050501,土地1建物1車位2,十層,15,住宅大樓(11層含以上有電梯),住家用,鋼筋混凝土造,,127.49,3,2,2,有,無,7180000,66189,坡道機械,31.1,800000,,RPTPMLTLIILFFBB38CB
北屯區,房地(土地+建物)+車位,軍福段91~120地號,13.58,商,,,1050527,土地1建物1車位1,十一層,15,住宅大樓(11層含以上有電梯),住家用,鋼筋混凝土造,,127.49,3,2,2,有,無,6880000,57441,坡道機械,15.55,450000,,RPUPMLTLIILFFBB48CB
北屯區,房地(土地+建物)+車位,軍福段91~120地號,13.58,商,,,1050710,土地1建物1車位1,十三層,15,住宅大樓(11層含以上有電梯),住家用,鋼筋混凝土造,,127.49,3,2,2,有,無,6890000,57531,坡道機械,15.55,450000,,RPWPMLTLIILFFBB68CB
北屯區,房地(土地+建物)+車位,軍福段91~120地號,13.58,商,,,1040529,土地1建物1車位1,三層,15,住宅大樓(11層含以上有電梯),住家用,鋼筋混凝土造,,127.49,3,2,2,有,無,6780000,57441,坡道機械,15.55,350000,,RPXPMLTLIILFFBB78CB
北屯區,房地(土地+建物)+車位,軍福段91~120地號,13.58,商,,,1041110,土地1建物1車位1,四層,15,住宅大樓(11層含以上有電梯),住家用,鋼筋混凝土造,,127.49,3,2,2,有,無,6600000,55833,坡道機械,15.55,350000,,RPOQMLTLIILFFBB97CB
北屯區,房地(土地+建物)+車位,軍福段91~120地號,13.58,商,,,1040421,土地1建物1車位1,五層,15,住宅大樓(11層含以上有電梯),住家用,鋼筋混凝土造,,127.49,3,2,2,有,無,6900000,58513,坡道機械,15.55,350000,,RPPQMLTLIILFFBB08CB
北屯區,房地(土地+建物)+車位,軍福段91~120地號,13.58,商,,,1040609,土地1建物1車位1,六層,15,住宅大樓(11層含以上有電梯),住家用,鋼筋混凝土造,,127.49,3,2,2,有,無,7000000,59407,坡道機械,15.55,350000,,RPQQMLTLIILFFBB18CB
北屯區,房地(土地+建物)+車位,軍福段91~120地號,13.58,商,,,1040529,土地1建物1車位1,七層,15,住宅大樓(11層含以上有電梯),住家用,鋼筋混凝土造,,127.49,3,2,2,有,無,6730000,56995,坡道機械,15.55,350000,,RPRQMLTLIILFFBB28CB
北屯區,房地(土地+建物)+車位,軍福段91~120地號,13.96,商,,,1040809,土地1建物1車位2,十層,15,住宅大樓(11層含以上有電梯),住家用,鋼筋混凝土造,,127.49,3,2,2,有,無,7660000,71169,坡道機械,31.1,800000,,RPSQMLTLIILFFBB38CB
北屯區,房地(土地+建物)+車位,軍福段91~120地號,13.58,商,,,1040607,土地1建物1車位1,十一層,15,住宅大樓(11層含以上有電梯),住家用,鋼筋混凝土造,,127.49,3,2,2,有,無,7200000,61675,坡道平面,23.72,800000,,RPTQMLTLIILFFBB48CB
北屯區,房地(土地+建物)+車位,軍福段91~120地號,13.96,商,,,1040917,土地1建物1車位2,十二層,15,住宅大樓(11層含以上有電梯),住家用,鋼筋混凝土造,,127.49,3,2,2,有,無,7370000,68161,坡道機械,31.1,800000,,RPUQMLTLIILFFBB58CB
北屯區,房地(土地+建物)+車位,軍福段91~120地號,13.58,商,,,1041213,土地1建物1車位1,十三層,15,住宅大樓(11層含以上有電梯),住家用,鋼筋混凝土造,,127.49,3,2,2,有,無,6900000,58513,坡道機械,15.55,350000,,RPVQMLTLIILFFBB68CB
北屯區,房地(土地+建物)+車位,軍福段91~120地號,13.58,商,,,1050806,土地1建物1車位1,十四層,15,住宅大樓(11層含以上有電梯),住家用,鋼筋混凝土造,,127.49,3,2,2,有,無,6700000,56727,坡道機械,15.55,350000,,RPWQMLTLIILFFBB78CB
北屯區,房地(土地+建物)+車位,軍福段91~120地號,13.58,商,,,1050720,土地1建物1車位1,二層,15,住宅大樓(11層含以上有電梯),住家用,鋼筋混凝土造,,123.14,3,2,2,有,無,6190000,54280,坡道機械,15.55,350000,,RPPNMLKMIILFFBB96CB
北屯區,房地(土地+建物)+車位,軍福段91~120地號,13.58,商,,,1040520,土地1建物1車位1,五層,15,住宅大樓(11層含以上有電梯),住家用,鋼筋混凝土造,,123.14,3,2,2,有,無,7400000,65543,坡道平面,21.68,750000,,RPTNMLKMIILFFBB37CB
北屯區,房地(土地+建物)+車位,軍福段91~120地號,13.58,商,,,1040703,土地1建物1車位1,六層,15,住宅大樓(11層含以上有電梯),住家用,鋼筋混凝土造,,123.14,3,2,2,有,無,6950000,60415,坡道機械,15.55,450000,,RPUNMLKMIILFFBB47CB
北屯區,房地(土地+建物)+車位,軍福段91~120地號,13.58,商,,,1040515,土地1建物1車位1,七層,15,住宅大樓(11層含以上有電梯),住家用,鋼筋混凝土造,,123.14,3,2,2,有,無,7000000,60879,坡道機械,15.55,450000,,RPVNMLKMIILFFBB57CB
北屯區,房地(土地+建物)+車位,軍福段91~120地號,13.96,商,,,1040720,土地1建物1車位2,八層,15,住宅大樓(11層含以上有電梯),住家用,鋼筋混凝土造,,123.14,3,2,2,有,無,7280000,70404,坡道機械,31.1,800000,,RPWNMLKMIILFFBB67CB
北屯區,房地(土地+建物)+車位,軍福段91~120地號,13.58,商,,,1041031,土地1建物1車位1,九層,15,住宅大樓(11層含以上有電梯),住家用,鋼筋混凝土造,,123.14,3,2,2,有,無,6680000,58834,坡道機械,15.55,350000,,RPXNMLKMIILFFBB77CB
北屯區,房地(土地+建物)+車位,軍福段91~120地號,13.58,商,,,1050101,土地1建物1車位1,十一層,15,住宅大樓(11層含以上有電梯),住家用,鋼筋混凝土造,,123.14,3,2,2,有,無,6800000,59020,坡道機械,15.55,450000,,RPOOMLKMIILFFBB96CB
北屯區,房地(土地+建物)+車位,軍福段91~120地號,13.58,商,,,1050106,土地1建物1車位1,十二層,15,住宅大樓(11層含以上有電梯),住家用,鋼筋混凝土造,,123.14,3,2,2,有,無,6600000,57161,坡道機械,15.55,450000,,RPPOMLKMIILFFBB07CB
北屯區,房地(土地+建物)+車位,軍福段91~120地號,13.58,商,,,1050903,土地1建物1車位1,十四層,15,住宅大樓(11層含以上有電梯),住家用,鋼筋混凝土造,,123.14,3,2,2,有,無,6350000,54838,坡道機械,15.55,450000,,RPROMLKMIILFFBB27CB
北屯區,房地(土地+建物)+車位,軍福段91~120地號,13.58,商,,,1040728,土地1建物1車位1,三層,15,住宅大樓(11層含以上有電梯),住家用,鋼筋混凝土造,,123.14,3,2,2,有,無,6400000,56232,坡道機械,15.55,350000,,RPTOMLKMIILFFBB47CB
北屯區,房地(土地+建物)+車位,軍福段91~120地號,13.58,商,,,1040825,土地1建物1車位1,四層,15,住宅大樓(11層含以上有電梯),住家用,鋼筋混凝土造,,123.14,3,2,2,有,無,7120000,62783,坡道機械,21.68,750000,,RPUOMLKMIILFFBB57CB
北屯區,房地(土地+建物)+車位,軍福段91~120地號,13.58,商,,,1040725,土地1建物1車位1,五層,15,住宅大樓(11層含以上有電梯),住家用,鋼筋混凝土造,,123.14,3,2,2,有,無,6400000,56232,坡道機械,15.55,350000,,RPVOMLKMIILFFBB67CB
北屯區,房地(土地+建物)+車位,軍福段91~120地號,13.58,商,,,1041204,土地1建物1車位1,六層,15,住宅大樓(11層含以上有電梯),住家用,鋼筋混凝土造,,123.14,3,2,2,有,無,6560000,56790,坡道機械,15.55,450000,,RPWOMLKMIILFFBB77CB
北屯區,房地(土地+建物)+車位,軍福段91~120地號,13.58,商,,,1041128,土地1建物1車位1,七層,15,住宅大樓(11層含以上有電梯),住家用,鋼筋混凝土造,,123.14,3,2,2,有,無,6700000,59020,坡道機械,15.55,350000,,RPXOMLKMIILFFBB87CB
北屯區,房地(土地+建物)+車位,軍福段91~120地號,13.58,商,,,1041001,土地1建物1車位1,八層,15,住宅大樓(11層含以上有電梯),住家用,鋼筋混凝土造,,123.14,3,2,2,有,無,6850000,59485,坡道機械,15.55,450000,,RPOPMLKMIILFFBB07CB
北屯區,房地(土地+建物)+車位,軍福段91~120地號,13.58,商,,,1041216,土地1建物1車位1,九層,15,住宅大樓(11層含以上有電梯),住家用,鋼筋混凝土造,,123.14,3,2,2,有,無,6600000,58091,坡道機械,15.55,350000,,RPPPMLKMIILFFBB17CB
北屯區,房地(土地+建物)+車位,軍福段91~120地號,13.96,商,,,1050405,土地1建物1車位2,十層,15,住宅大樓(11層含以上有電梯),住家用,鋼筋混凝土造,,123.14,3,2,2,有,無,7300000,70621,坡道機械,31.1,800000,,RPQPMLKMIILFFBB27CB
北屯區,房地(土地+建物)+車位,軍福段91~120地號,13.58,商,,,1050503,土地1建物1車位1,十三層,15,住宅大樓(11層含以上有電梯),住家用,鋼筋混凝土造,,123.14,3,2,2,有,無,6550000,57626,坡道機械,15.55,350000,,RPTPMLKMIILFFBB57CB
北屯區,房地(土地+建物)+車位,軍福段91~120地號,13.58,商,,,1040902,土地1建物1車位1,三層,15,住宅大樓(11層含以上有電梯),住家用,鋼筋混凝土造,,124.41,3,2,2,有,無,7050000,62072,坡道平面,23.72,800000,,RPVPMLKMIILFFBB77CB
北屯區,房地(土地+建物)+車位,軍福段91~120地號,13.58,商,,,1041116,土地1建物1車位1,二層,15,住宅大樓(11層含以上有電梯),住家用,鋼筋混凝土造,,124.41,3,2,2,有,無,6470000,56219,坡道機械,15.55,350000,,RPWPMLKMIILFFBB87CB
北屯區,房地(土地+建物)+車位,軍福段91~120地號,13.58,商,,,1050414,土地1建物1車位1,五層,15,住宅大樓(11層含以上有電梯),住家用,鋼筋混凝土造,,124.41,3,2,2,有,無,6600000,56495,坡道機械,15.55,450000,,RPOQMLKMIILFFBB17CB
北屯區,房地(土地+建物)+車位,軍福段91~120地號,13.58,商,,,1050705,土地1建物1車位1,六層,15,住宅大樓(11層含以上有電梯),住家用,鋼筋混凝土造,,124.41,3,2,2,有,無,6510000,56586,坡道機械,15.55,350000,,RPPQMLKMIILFFBB27CB
北屯區,房地(土地+建物)+車位,軍福段91~120地號,13.58,商,,,1050723,土地1建物1車位1,七層,15,住宅大樓(11層含以上有電梯),住家用,鋼筋混凝土造,,124.41,3,2,2,有,無,6500000,56495,坡道機械,15.55,350000,,RPRQMLKMIILFFBB47CB
北屯區,房地(土地+建物)+車位,軍福段91~120地號,13.58,商,,,1050603,土地1建物1車位1,八層,15,住宅大樓(11層含以上有電梯),住家用,鋼筋混凝土造,,124.41,3,2,2,有,無,7150000,63065,坡道平面,23.72,800000,,RPSQMLKMIILFFBB57CB
北屯區,房地(土地+建物)+車位,軍福段91~120地號,13.58,商,,,1050731,土地1建物1車位1,九層,15,住宅大樓(11層含以上有電梯),住家用,鋼筋混凝土造,,124.41,3,2,2,有,無,6700000,58332,坡道機械,15.55,350000,,RPTQMLKMIILFFBB67CB
北屯區,房地(土地+建物)+車位,軍福段91~120地號,13.58,商,,,1050901,土地1建物1車位1,十層,15,住宅大樓(11層含以上有電梯),住家用,鋼筋混凝土造,,124.41,3,2,2,有,無,6880000,59985,坡道機械,15.55,350000,,RPUQMLKMIILFFBB77CB
北屯區,房地(土地+建物)+車位,軍福段91~120地號,13.58,商,,,1050701,土地1建物1車位1,十一層,15,住宅大樓(11層含以上有電梯),住家用,鋼筋混凝土造,,124.41,3,2,2,有,無,6680000,57229,坡道機械,15.55,450000,,RPVQMLKMIILFFBB87CB
北屯區,房地(土地+建物)+車位,軍福段91~120地號,13.58,商,,,1050610,土地1建物1車位1,十三層,15,住宅大樓(11層含以上有電梯),住家用,鋼筋混凝土造,,124.41,3,2,2,有,無,6680000,57229,坡道機械,15.55,450000,,RPWQMLKMIILFFBB97CB
北屯區,房地(土地+建物)+車位,軍福段91~120地號,21.88,商,,,1050404,土地1建物1車位2,十四層,15,住宅大樓(11層含以上有電梯),住家用,鋼筋混凝土造,,204.5,4,2,2,有,無,11550000,63352,坡道平面,47.44,1600000,,RPXQMLKMIILFFBB08CB
北屯區,房地(土地+建物)+車位,軍福段91~120地號,15.09,商,,,1040524,土地1建物1車位1,十二層,15,住宅大樓(11層含以上有電梯),住家用,鋼筋混凝土造,,138.95,3,2,2,有,無,8250000,64653,坡道平面,23.72,800000,,RPORMLKMIILFFBB27CB
北屯區,房地(土地+建物)+車位,軍福段91~120地號,24.52,商,,,1040525,土地1建物1車位2,十三層,15,住宅大樓(11層含以上有電梯),住家用,鋼筋混凝土造,,223.64,4,2,2,有,無,12810000,63785,坡道平面,39.27,1050000,,RPPRMLKMIILFFBB37CB
北屯區,房地(土地+建物)+車位,軍福段91~120地號,18.11,商,,,1040510,土地1建物1車位1,十四層,15,住宅大樓(11層含以上有電梯),住家用,鋼筋混凝土造,,165.35,3,2,2,有,無,9550000,61599,坡道平面,21.68,700000,,RPQRMLKMIILFFBB47CB
北屯區,房地(土地+建物)+車位,軍福段91~120地號,13.2,商,,,1040425,土地1建物1車位1,十五層,15,住宅大樓(11層含以上有電梯),住家用,鋼筋混凝土造,,119.5,2,2,2,有,無,6900000,63011,坡道機械,15.55,350000,,RPRRMLKMIILFFBB57CB
北屯區,房地(土地+建物)+車位,軍福段91~120地號,16.6,商,,,1050715,土地1建物1車位1,二層,15,住宅大樓(11層含以上有電梯),住家用,鋼筋混凝土造,,150.44,3,2,2,有,無,8380000,59258,坡道平面,21.68,750000,,RPSRMLKMIILFFBB67CB
北屯區,房地(土地+建物)+車位,軍福段91~120地號,16.6,商,,,1050224,土地1建物1車位1,五層,15,住宅大樓(11層含以上有電梯),住家用,鋼筋混凝土造,,150.44,3,2,2,有,無,8550000,61158,坡道平面,23.72,800000,,RPTRMLKMIILFFBB77CB
北屯區,房地(土地+建物)+車位,軍福段91~120地號,16.6,商,,,1050716,土地1建物1車位1,六層,15,住宅大樓(11層含以上有電梯),住家用,鋼筋混凝土造,,150.44,3,2,2,有,無,8180000,57306,坡道機械,15.55,450000,,RPURMLKMIILFFBB87CB
北屯區,房地(土地+建物)+車位,軍福段91~120地號,16.6,商,,,1050529,土地1建物1車位1,八層,15,住宅大樓(11層含以上有電梯),住家用,鋼筋混凝土造,,150.44,3,2,2,有,無,8660000,62027,坡道平面,23.72,800000,,RPWRMLKMIILFFBB08CB
北屯區,房地(土地+建物)+車位,軍福段91~120地號,16.6,商,,,1050726,土地1建物1車位1,六層,15,住宅大樓(11層含以上有電梯),住家用,鋼筋混凝土造,,150.69,3,2,2,有,無,8450000,59685,坡道平面,21.68,750000,,RPXRMLKMIILFFBB18CB
北屯區,房地(土地+建物)+車位,軍福段91~120地號,16.6,商,,,1050903,土地1建物1車位1,八層,15,住宅大樓(11層含以上有電梯),住家用,鋼筋混凝土造,,150.69,3,2,2,有,無,8650000,61826,坡道平面,23.72,800000,,RPOSMLKMIILFFBB37CB
北屯區,房地(土地+建物)+車位,軍福段91~120地號,18.48,商,,,1040619,土地1建物1車位2,十四層,15,住宅大樓(11層含以上有電梯),住家用,鋼筋混凝土造,,165.39,3,2,2,有,無,11000000,79695,坡道平面,47.44,1600000,,RPPSMLKMIILFFBB47CB
北屯區,房地(土地+建物)+車位,軍福段91~120地號,13.58,商,,,1040515,土地1建物1車位1,十五層,15,住宅大樓(11層含以上有電梯),住家用,鋼筋混凝土造,,119.53,2,2,2,有,無,7000000,63955,坡道機械,15.55,350000,,RPQSMLKMIILFFBB57CB
北屯區,房地(土地+建物)+車位,軍福段91~120地號,18.48,商,,,1050818,土地1建物1車位1,五層,15,住宅大樓(11層含以上有電梯),住家用,鋼筋混凝土造,,168.17,4,2,2,有,無,9600000,60575,坡道平面,23.72,850000,,RPRSMLKMIILFFBB67CB
北屯區,房地(土地+建物)+車位,軍福段91~120地號,18.48,商,,,1050820,土地1建物1車位1,六層,15,住宅大樓(11層含以上有電梯),住家用,鋼筋混凝土造,,168.17,4,2,2,有,無,9600000,60575,坡道平面,23.72,850000,,RPSSMLKMIILFFBB77CB
北屯區,房地(土地+建物)+車位,軍福段91~120地號,15.09,商,,,1040624,土地1建物1車位1,十二層,15,住宅大樓(11層含以上有電梯),住家用,鋼筋混凝土造,,139.2,3,2,2,有,無,8270000,64415,坡道平面,21.68,700000,,RPTSMLKMIILFFBB87CB
北屯區,房地(土地+建物)+車位,軍福段91~120地號,13.58,商,,,1050411,土地1建物1車位1,三層,15,住宅大樓(11層含以上有電梯),住家用,鋼筋混凝土造,,124.61,3,2,2,有,無,6880000,58958,坡道機械,15.55,450000,,RPVSMLKMIILFFBB08CB
北屯區,房地(土地+建物)+車位,軍福段91~120地號,13.58,商,,,1050521,土地1建物1車位1,四層,15,住宅大樓(11層含以上有電梯),住家用,鋼筋混凝土造,,124.61,3,2,2,有,無,6500000,56391,坡道機械,15.55,350000,,RPWSMLKMIILFFBB18CB
北屯區,房地(土地+建物)+車位,軍福段91~120地號,13.96,商,,,1050309,土地1建物1車位2,五層,15,住宅大樓(11層含以上有電梯),住家用,鋼筋混凝土造,,124.61,3,2,2,有,無,7080000,67159,坡道機械,31.1,800000,,RPXSMLKMIILFFBB28CB
北屯區,房地(土地+建物)+車位,軍福段91~120地號,13.58,商,,,1050114,土地1建物1車位1,七層,15,住宅大樓(11層含以上有電梯),住家用,鋼筋混凝土造,,124.61,3,2,2,有,無,6730000,57583,坡道機械,15.55,450000,,RPQTMLKMIILFFBB67CB
北屯區,房地(土地+建物)+車位,軍福段91~120地號,13.58,商,,,1050301,土地1建物1車位1,八層,15,住宅大樓(11層含以上有電梯),住家用,鋼筋混凝土造,,124.61,3,2,2,有,無,6700000,58225,坡道機械,15.55,350000,,RPRTMLKMIILFFBB77CB
北屯區,房地(土地+建物)+車位,軍福段91~120地號,13.58,商,,,1050305,土地1建物1車位1,九層,15,住宅大樓(11層含以上有電梯),住家用,鋼筋混凝土造,,124.61,3,2,2,有,無,7050000,60721,坡道平面,21.68,800000,,RPSTMLKMIILFFBB87CB
北屯區,房地(土地+建物)+車位,軍福段91~120地號,13.58,商,,,1040809,土地1建物1車位1,十層,15,住宅大樓(11層含以上有電梯),住家用,鋼筋混凝土造,,124.61,3,2,2,有,無,6900000,60059,坡道機械,15.55,350000,,RPTTMLKMIILFFBB97CB
北屯區,房地(土地+建物)+車位,軍福段91~120地號,13.58,商,,,1050320,土地1建物1車位1,十一層,15,住宅大樓(11層含以上有電梯),住家用,鋼筋混凝土造,,124.61,3,2,2,有,無,7100000,61692,坡道平面,21.68,750000,,RPUTMLKMIILFFBB08CB
北屯區,房地(土地+建物)+車位,軍福段91~120地號,13.58,商,,,1040528,土地1建物1車位1,十二層,15,住宅大樓(11層含以上有電梯),住家用,鋼筋混凝土造,,124.61,3,2,2,有,無,7430000,64898,坡道平面,21.68,750000,,RPVTMLKMIILFFBB18CB
北屯區,房地(土地+建物)+車位,軍福段91~120地號,13.58,商,,,1050403,土地1建物1車位1,十三層,15,住宅大樓(11層含以上有電梯),住家用,鋼筋混凝土造,,124.61,3,2,2,有,無,6500000,56391,坡道機械,15.55,350000,,RPXTMLKMIILFFBB38CB
北屯區,房地(土地+建物)+車位,軍福段91~120地號,21.5,商,,,1050427,土地1建物1車位1,十四層,15,住宅大樓(11層含以上有電梯),住家用,鋼筋混凝土造,,204.57,4,2,2,有,無,11200000,57506,坡道平面,23.72,800000,,RPOUMLKMIILFFBB57CB
北屯區,房地(土地+建物)+車位,軍福段91~120地號,13.58,商,,,1050108,土地1建物1車位1,三層,15,住宅大樓(11層含以上有電梯),住家用,鋼筋混凝土造,,121.49,3,2,2,有,無,6500000,58052,坡道機械,15.55,350000,,RPQUMLKMIILFFBB77CB
北屯區,房地(土地+建物)+車位,軍福段91~120地號,13.58,商,,,1040707,土地1建物1車位1,四層,15,住宅大樓(11層含以上有電梯),住家用,鋼筋混凝土造,,121.49,3,2,2,有,無,7150000,64122,坡道平面,21.68,750000,,RPRUMLKMIILFFBB87CB
北屯區,房地(土地+建物)+車位,軍福段91~120地號,13.96,商,,,1040523,土地1建物1車位2,五層,15,住宅大樓(11層含以上有電梯),住家用,鋼筋混凝土造,,121.49,3,2,2,有,無,7200000,70804,坡道機械,31.1,800000,,RPSUMLKMIILFFBB97CB
北屯區,房地(土地+建物)+車位,軍福段91~120地號,13.58,商,,,1040514,土地1建物1車位1,六層,15,住宅大樓(11層含以上有電梯),住家用,鋼筋混凝土造,,121.49,3,2,2,有,無,6700000,59940,坡道機械,15.55,350000,,RPTUMLKMIILFFBB08CB
北屯區,房地(土地+建物)+車位,軍福段91~120地號,13.58,商,,,1040509,土地1建物1車位1,七層,15,住宅大樓(11層含以上有電梯),住家用,鋼筋混凝土造,,121.49,3,2,2,有,無,6660000,59562,坡道機械,15.55,350000,,RPUUMLKMIILFFBB18CB
北屯區,房地(土地+建物)+車位,軍福段91~120地號,13.58,商,,,1040513,土地1建物1車位1,八層,15,住宅大樓(11層含以上有電梯),住家用,鋼筋混凝土造,,121.49,3,2,2,有,無,6870000,60600,坡道機械,15.55,450000,,RPVUMLKMIILFFBB28CB
北屯區,房地(土地+建物)+車位,軍福段91~120地號,13.58,商,,,1040628,土地1建物1車位1,九層,15,住宅大樓(11層含以上有電梯),住家用,鋼筋混凝土造,,121.49,3,2,2,有,無,7300000,65625,坡道平面,21.68,750000,,RPWUMLKMIILFFBB38CB
北屯區,房地(土地+建物)+車位,軍福段91~120地號,13.58,商,,,1040508,土地1建物1車位1,十一層,15,住宅大樓(11層含以上有電梯),住家用,鋼筋混凝土造,,121.49,3,2,2,有,無,6700000,59940,坡道機械,15.55,350000,,RPXUMLKMIILFFBB48CB
北屯區,房地(土地+建物)+車位,軍福段91~120地號,13.58,商,,,1040425,土地1建物1車位1,十二層,15,住宅大樓(11層含以上有電梯),住家用,鋼筋混凝土造,,121.49,3,2,2,有,無,6700000,59940,坡道機械,15.55,350000,,RPOVMLKMIILFFBB67CB
北屯區,房地(土地+建物)+車位,軍福段91~120地號,13.58,商,,,1040620,土地1建物1車位1,十三層,15,住宅大樓(11層含以上有電梯),住家用,鋼筋混凝土造,,121.49,3,2,2,有,無,7500000,63243,坡道機械,15.55,800000,,RPPVMLKMIILFFBB77CB
北屯區,房地(土地+建物)+車位,軍福段91~120地號,16.22,商,,,1041009,土地1建物1車位1,二層,15,住宅大樓(11層含以上有電梯),住家用,鋼筋混凝土造,,143.32,3,2,2,有,無,8000000,60201,坡道平面,23.72,800000,,RPQVMLKMIILFFBB87CB
北屯區,房地(土地+建物)+車位,軍福段91~120地號,16.22,商,,,1040819,土地1建物1車位1,三層,15,住宅大樓(11層含以上有電梯),住家用,鋼筋混凝土造,,143.32,3,2,2,有,無,7980000,58934,坡道機械,15.55,450000,,RPRVMLKMIILFFBB97CB
北屯區,房地(土地+建物)+車位,軍福段91~120地號,16.22,商,,,1050828,土地1建物1車位1,四層,15,住宅大樓(11層含以上有電梯),住家用,鋼筋混凝土造,,143.32,3,2,2,有,無,7830000,58205,坡道平面,21.68,750000,,RPSVMLKMIILFFBB08CB
北屯區,房地(土地+建物)+車位,軍福段91~120地號,16.6,商,,,1040811,土地1建物1車位2,五層,15,住宅大樓(11層含以上有電梯),住家用,鋼筋混凝土造,,143.32,3,2,2,有,無,8500000,68615,坡道機械,31.1,800000,,RPTVMLKMIILFFBB18CB
北屯區,房地(土地+建物)+車位,軍福段91~120地號,16.22,商,,,1040429,土地1建物1車位1,六層,15,住宅大樓(11層含以上有電梯),住家用,鋼筋混凝土造,,143.32,3,2,2,有,無,8330000,62960,坡道平面,23.72,800000,,RPUVMLKMIILFFBB28CB
北屯區,房地(土地+建物)+車位,軍福段91~120地號,16.22,商,,,1040614,土地1建物1車位1,七層,15,住宅大樓(11層含以上有電梯),住家用,鋼筋混凝土造,,143.32,3,2,2,有,無,8330000,62542,坡道平面,23.72,850000,,RPVVMLKMIILFFBB38CB
北屯區,房地(土地+建物)+車位,軍福段91~120地號,16.22,商,,,1040131,土地1建物1車位1,八層,15,住宅大樓(11層含以上有電梯),住家用,鋼筋混凝土造,,143.32,3,2,2,有,無,8000000,59091,坡道機械,15.55,450000,,RPWVMLKMIILFFBB48CB
北屯區,房地(土地+建物)+車位,軍福段91~120地號,16.22,商,,,1040905,土地1建物1車位1,九層,15,住宅大樓(11層含以上有電梯),住家用,鋼筋混凝土造,,143.32,3,2,2,有,無,8670000,65803,坡道平面,23.72,800000,,RPXVMLKMIILFFBB58CB
北屯區,房地(土地+建物)+車位,軍福段91~120地號,16.22,商,,,1040826,土地1建物1車位1,十層,15,住宅大樓(11層含以上有電梯),住家用,鋼筋混凝土造,,143.32,3,2,2,有,無,8670000,65803,坡道平面,23.72,800000,,RPOWMLKMIILFFBB77CB
北屯區,房地(土地+建物)+車位,軍福段91~120地號,16.6,商,,,1040506,土地1建物1車位2,十二層,15,住宅大樓(11層含以上有電梯),住家用,鋼筋混凝土造,,143.32,3,2,2,有,無,8800000,71289,坡道機械,31.1,800000,,RPQWMLKMIILFFBB97CB
北屯區,房地(土地+建物)+車位,軍福段91~120地號,16.22,商,,,1041106,土地1建物1車位1,十三層,15,住宅大樓(11層含以上有電梯),住家用,鋼筋混凝土造,,143.32,3,2,2,有,無,8100000,59873,坡道機械,15.55,450000,,RPRWMLKMIILFFBB08CB
北屯區,房地(土地+建物)+車位,軍福段91~120地號,18.86,商,,,1040704,土地1建物1車位2,十四層,15,住宅大樓(11層含以上有電梯),住家用,鋼筋混凝土造,,165.66,4,2,2,有,無,10340000,72711,坡道平面,39.27,1150000,,RPSWMLKMIILFFBB18CB
北屯區,房地(土地+建物)+車位,軍福段91~120地號,16.22,商,,,1040816,土地1建物1車位1,十五層,15,住宅大樓(11層含以上有電梯),住家用,鋼筋混凝土造,,145.14,3,2,2,有,無,8700000,65063,坡道平面,23.72,800000,此戶含家電款28萬,RPPOMLLMIILFFBB17CB
北屯區,房地(土地+建物)+車位,軍福段91~120地號,18.48,商,,,1050817,土地1建物1車位1,十層,15,住宅大樓(11層含以上有電梯),住家用,鋼筋混凝土造,,166.23,4,2,2,有,無,9500000,61048,坡道平面,23.72,800000,,RPROMLLMIILFFBB37CB
北屯區,房地(土地+建物)+車位,軍福段91~120地號,18.86,商,,,1050709,土地1建物1車位2,十三層,15,住宅大樓(11層含以上有電梯),住家用,鋼筋混凝土造,,166.23,4,2,2,有,無,9860000,68604,坡道平面,39.27,1150000,,RPTOMLLMIILFFBB57CB
北屯區,房地(土地+建物)+車位,軍福段91~120地號,18.86,商,,,1040730,土地1建物1車位2,十四層,15,住宅大樓(11層含以上有電梯),住家用,鋼筋混凝土造,,166.23,4,2,2,有,無,10880000,77279,坡道平面,47.44,1700000,此戶含家電款21萬,RPUOMLLMIILFFBB67CB
北屯區,房地(土地+建物)+車位,軍福段91~120地號,13.58,商,,,1040909,土地1建物1車位1,三層,15,住宅大樓(11層含以上有電梯),住家用,鋼筋混凝土造,,123.22,3,2,2,有,無,6730000,58326,坡道機械,15.55,450000,此戶含家電款21萬,RPWOMLLMIILFFBB87CB
北屯區,房地(土地+建物)+車位,軍福段91~120地號,13.58,商,,,1041015,土地1建物1車位1,四層,15,住宅大樓(11層含以上有電梯),住家用,鋼筋混凝土造,,123.22,3,2,2,有,無,6800000,59905,坡道機械,15.55,350000,此戶為聯名戶，含家電款28萬,RPXOMLLMIILFFBB97CB
北屯區,房地(土地+建物)+車位,軍福段91~120地號,13.58,商,,,1050510,土地1建物1車位1,十二層,15,住宅大樓(11層含以上有電梯),住家用,鋼筋混凝土造,,127.49,3,2,2,有,無,7120000,59585,坡道機械,15.55,450000,此戶含裝潢款36萬,RPOPMLLMIILFFBB17CB
北屯區,房地(土地+建物)+車位,軍福段91~120地號,12.82,商,,,1040530,土地1建物1車位1,一層,15,住宅大樓(11層含以上有電梯),住家用,鋼筋混凝土造,,107.23,3,2,2,有,無,7600000,81427,坡道平面,23.72,800000,此戶含裝潢款48萬，家電款21萬,RPPPMLLMIILFFBB27CB
北屯區,房地(土地+建物)+車位,軍福段91~120地號,13.58,商,,,1040925,土地1建物1車位1,三層,15,住宅大樓(11層含以上有電梯),住家用,鋼筋混凝土造,,123.14,3,2,2,有,無,6880000,59764,坡道機械,15.55,450000,此戶含家電款21萬,RPRPMLLMIILFFBB47CB
北屯區,房地(土地+建物)+車位,軍福段91~120地號,13.58,商,,,1040805,土地1建物1車位1,四層,15,住宅大樓(11層含以上有電梯),住家用,鋼筋混凝土造,,123.14,3,2,2,有,無,6850000,60415,坡道機械,15.55,350000,此戶含家電款28萬,RPSPMLLMIILFFBB57CB
北屯區,房地(土地+建物)+車位,軍福段91~120地號,13.58,商,,,1041023,土地1建物1車位1,二層,15,住宅大樓(11層含以上有電梯),住家用,鋼筋混凝土造,,123.14,3,2,2,有,無,7520000,67592,坡道平面,23.72,800000,此戶含家電款35萬,RPTPMLLMIILFFBB67CB
北屯區,房地(土地+建物)+車位,軍福段91~120地號,13.58,商,,,1050509,土地1建物1車位1,十一層,15,住宅大樓(11層含以上有電梯),住家用,鋼筋混凝土造,,123.14,3,2,2,有,無,6880000,60693,坡道機械,15.55,350000,此戶含裝潢款28萬,RPVPMLLMIILFFBB87CB
北屯區,房地(土地+建物)+車位,軍福段91~120地號,13.58,商,,,1050430,土地1建物1車位1,十二層,15,住宅大樓(11層含以上有電梯),住家用,鋼筋混凝土造,,123.14,3,2,2,有,無,6880000,60693,坡道機械,15.55,350000,此戶含裝潢款28萬,RPWPMLLMIILFFBB97CB
北屯區,房地(土地+建物)+車位,軍福段91~120地號,13.58,商,,,1050514,土地1建物1車位1,四層,15,住宅大樓(11層含以上有電梯),住家用,鋼筋混凝土造,,124.41,3,2,2,有,無,6700000,57413,坡道機械,15.55,450000,此戶含裝潢款28萬,RPXPMLLMIILFFBB08CB
北屯區,房地(土地+建物)+車位,軍福段91~120地號,16.6,商,,,1050625,土地1建物1車位1,七層,15,住宅大樓(11層含以上有電梯),住家用,鋼筋混凝土造,,150.44,3,2,2,有,無,9220000,65781,坡道平面,21.68,750000,此戶含裝潢款67萬,RPOQMLLMIILFFBB27CB
北屯區,房地(土地+建物)+車位,軍福段91~120地號,13.58,商,,,1050222,土地1建物1車位1,二層,15,住宅大樓(11層含以上有電梯),住家用,鋼筋混凝土造,,124.61,3,2,2,有,無,7180000,61709,坡道機械,15.55,450000,此戶含裝潢款41萬，冷氣18萬,RPRQMLLMIILFFBB57CB
北屯區,房地(土地+建物)+車位,軍福段91~120地號,13.58,商,,,1040522,土地1建物1車位1,六層,15,住宅大樓(11層含以上有電梯),住家用,鋼筋混凝土造,,124.61,3,2,2,有,無,8100000,73347,坡道平面,23.72,700000,此戶含裝潢款55萬，冷氣18萬,RPSQMLLMIILFFBB67CB
北屯區,房地(土地+建物)+車位,軍福段91~120地號,13.96,商,,,1050221,土地1建物1車位2,二層,15,住宅大樓(11層含以上有電梯),住家用,鋼筋混凝土造,,121.49,3,2,2,有,無,6980000,68370,坡道機械,31.1,800000,此戶含裝潢款33萬,RPTQMLLMIILFFBB77CB
北屯區,房地(土地+建物)+車位,軍福段91~120地號,16.6,商,,,1040822,土地1建物1車位2,十一層,15,住宅大樓(11層含以上有電梯),住家用,鋼筋混凝土造,,143.32,3,2,2,有,無,8700000,70397,坡道機械,31.1,800000,此戶含家電款28萬,RPUQMLLMIILFFBB87CB
北屯區,房地(土地+建物)+車位,軍福段91~120地號,13.96,商,,,1050123,土地1建物1車位2,十三層,15,住宅大樓(11層含以上有電梯),住家用,鋼筋混凝土造,,123.14,3,2,2,有,無,7360000,71273,坡道機械,31.1,800000,此戶含裝潢款28萬,RPVQMLLMIILFFBB97CB
