﻿鄉鎮市區,交易標的,土地區段位置/建物區段門牌,土地面積平方公尺,都市土地使用分區,非都市土地使用分區,非都市土地使用編定,租賃年月日,租賃筆棟數,租賃層次,總樓層數,建物型態,主要用途,主要建材,建築完成年月,建物總面積平方公尺,建物現況格局-房,建物現況格局-廳,建物現況格局-衛,建物現況格局-隔間,有無管理組織,有無附傢俱,總額元,單價元/平方公尺,車位類別,車位面積平方公尺,車位總額元,備註,編號
The villages and towns urban district,transaction sign,land sector position/building sector house number plate,land shifting total area square meter,the use zoning or compiles and checks,the non-metropolis land use district,non-metropolis land use,transaction year, month and day,transaction pen number,shifting level,total floor number,building state,main use,main building materials,construction to complete the years,building shifting total area,Building present situation pattern - room,building present situation pattern - hall,building present situation pattern - health,building present situation pattern - compartmented,Whether there is manages the organization,Whether there is attaches the furniture,total price Yuan,the unit price a Yuan/square meter,the berth category,berth shifting total area square meter,the berth total price Yuan,the note,serial number
北區,房地(土地+建物)+車位,臺南市北區開元路511~540號,47.65,商,,,1050727,土地3建物1車位1,一層,24,店面(店鋪),見其他登記事項,見其他登記事項,1041105,198.17,0,0,0,無,有,無,150000,757,坡道平面,12.06,0,,RPXOMLLJQHLFFAD58CC
安平區,房地(土地+建物),臺南市安平區建平十七街151~180號,2.51,住,,,1050801,土地1建物1車位0,三層,12,住宅大樓(11層含以上有電梯),住家用,鋼筋混凝土造,0841121,29.27,1,0,1,有,有,有,7000,239,,0.0,0,,RPPPMLLJQHLFFAD87CC
東區,房地(土地+建物),臺南市東區仁和路31~60號,96.5,住,,,1050715,土地1建物1車位0,見其他登記事項,4,店面(店鋪),見其他登記事項,鋼筋混凝土構造,0960417,268.61,4,2,3,有,無,無,48000,179,,0.0,0,,RPXNMLLJQHLFFCD68CC
歸仁區,房地(土地+建物),臺南市歸仁區中山路三段301~330號,208.57,工,,,1050731,土地1建物1車位0,全,2,透天厝,工業用,見其他登記事項,0940919,172.13,0,0,0,無,無,無,25000,145,,0.0,0,,RPUNMLLJQHLFFFR47CC
學甲區,房地(土地+建物),臺南市學甲區和平路151~180號,134.91,住,,,1050718,土地1建物1車位0,全,3,透天厝,住家用,鋼筋混凝土造,0751128,289.13,6,2,3,有,無,有,12000,42,,0.0,0,,RPQNMLLJQHLFFDR96DC
永康區,房地(土地+建物),臺南市永康區永大路三段571~600號,91.0,住,,,1050715,土地1建物1車位0,見其他登記事項,4,店面(店鋪),住商用,鋼筋混凝土造,0961122,217.48,5,2,3,有,無,無,27000,124,,0.0,0,,RPSOMLMJQHLFFHR67CC
永康區,房地(土地+建物),臺南市永康區永大路二段1111~1140號,26.54,其他,,,1050703,土地1建物1車位0,地下一層,19,店面(店鋪),見其他登記事項,鋼筋混凝土造,0830711,37.03,1,0,0,無,無,無,4000,108,,0.0,0,,RPTOMLMJQHLFFHR77CC
南區,房地(土地+建物),臺南市南區金華路一段361~390號,331.93,其他,,,1050729,土地1建物1車位0,一層,5,店面(店鋪),住商用,鋼筋混凝土構造,0780304,57.32,0,0,0,無,無,無,100000,1745,,0.0,0,僅租短期1個月 1樓+騎樓,RPUNMLMJQHLFFCD48CC
北區,房地(土地+建物),臺南市北區和緯路二段271~300號,843.02,住,,,1050729,土地1建物4車位0,一層,1,店面(店鋪),見其他登記事項,見其他登記事項,1050504,466.24,0,0,0,無,無,無,200000,429,,0.0,0,,RPSNMLMJQHLFFAD08CC
北區,建物,臺南市北區實踐街31~60號,0.0,住,,,1050731,土地0建物1車位0,全,2,透天厝,住家用,加強磚造,0570310,71.7,2,1,1,有,無,無,15000,209,,0.0,0,,RPOOMLMJQHLFFAD77CC
安平區,建物,臺南市安平區育平路211~240號,0.0,住,,,1050730,土地0建物1車位0,七層,17,住宅大樓(11層含以上有電梯),住家用,鋼筋混凝土造,0840729,74.98,2,1,1,有,有,有,13000,173,,0.0,0,,RPWNMLNJQHLFFAD58CC
仁德區,建物,臺南市仁德區德洋二街19巷1~30號,0.0,住,,,1050726,土地0建物1車位0,全,3,透天厝,住家用,鋼筋混凝土造,0810831,161.2,6,2,3,有,無,無,20000,124,,0.0,0,1.合約書無填具土地租賃面積2.由所有權人提供出租資訊3.租整棟透天,RPXNMLNJQHLFFFR97CC
永康區,房地(土地+建物),臺南市永康區北興路61~90號,83.0,商,,,1050803,土地1建物1車位0,二層,4,店面(店鋪),見其他登記事項,見其他登記事項,1031201,210.36,4,2,5,有,無,無,21000,100,,0.0,0,,RPQOMLNJQHLFFHR67DC
東區,建物,臺南市東區光明街201巷1~30號,0.0,住,,,1050725,土地0建物0車位0,全,5,透天厝,見其他登記事項,鋼筋混凝土構造,0960209,138.7,3,1,2,有,無,無,35000,252,,0.0,0,,RPPOMLOJQHLFFCD28CC
南區,建物,臺南市南區新興路183巷16弄1~30號,0.0,,,,1050711,土地0建物1車位0,全,2,透天厝,住家用,加強磚造,0591024,33.06,1,0,1,有,無,有,6000,181,,0.0,0,,RPPNMLQJQHLFFCD38CC
南區,建物,臺南市南區大林路1~30號,0.0,,,,1050713,土地0建物1車位0,七層,13,住宅大樓(11層含以上有電梯),見其他登記事項,鋼筋混凝土構造,0881021,146.94,3,2,2,有,有,有,16000,109,,0.0,0,,RPRNMLQJQHLFFCD58CC
東區,房地(土地+建物),臺南市東區崇德七街1~30號,85.0,住,,,1050717,土地1建物1車位0,全,4,透天厝,住家用,鋼筋混凝土構造,0820216,219.15,6,2,4,有,無,有,20000,91,,0.0,0,,RPVNMLSJQHLFFCD56CC
中西區,土地,武聖段511~540地號,495.86,住,,,1050804,土地1建物0車位0,,,其他,,,,0.0,0,0,0,有,無,無,237500,479,,0.0,0,,RPTOMLSJQHLFFAD88CC
新營區,房地(土地+建物),臺南市新營區新進路二段511~540號,111.14,住,,,1050805,土地1建物1車位0,全,4,透天厝,住商用,鋼筋混凝土造,0760413,55.82,0,2,1,有,無,有,16000,287,,0.0,0,,RPSNMLSJQHLFFAR47CC
善化區,房地(土地+建物),臺南市善化區牛庄541~570號,158.17,,特定農業區,甲種建築用地,1050806,土地1建物1車位0,全,4,透天厝,住家用,鋼筋混凝土造,1041015,30.25,1,0,1,有,有,有,4500,149,,0.0,0,,RPRNMLSJQHLFFER77CC
永康區,建物,臺南市永康區復國二路204巷1~30號,0.0,住,,,1050806,土地0建物0車位0,三層,3,套房(1房1廳1衛),住家用,加強磚造,0760122,20.0,1,1,1,有,無,有,5500,275,,0.0,0,,RPSNMLTJQHLFFHR28CC
中西區,建物,臺南市中西區五妃街61~90號,0.0,住,,,1050715,土地0建物1車位0,七層,7,華廈(10層含以下有電梯),住家用,鋼筋混凝土造,0840330,79.05,1,1,1,有,有,有,10000,127,,0.0,0,,RPPPMLTJQHLFFAD68CC
東區,建物,臺南市東區林森路二段192巷24弄1~30號,0.0,住,,,1050714,土地0建物0車位0,五層,5,公寓(5樓含以下無電梯),住家用,鋼筋混凝土構造,0721121,33.59,1,0,1,有,無,有,4000,119,,0.0,0,1.租賃契約書無填寫土地租賃面積。2.由所有權人提供租屋資訊。3.此租賃物為分租套房，租賃面積約22.87平方公尺,RPVNMLTJQHLFFCD66CC
安平區,房地(土地+建物),臺南市安平區郡平路151~180號,42.38,住,,,1050801,土地1建物2車位0,一層,7,店面(店鋪),商業用,鋼筋混凝土造,0811118,308.03,1,1,2,有,有,無,40000,130,,0.0,0,,RPTNMLKKQHLFFAD08CC
安南區,土地,安西段2101~2130地號,240.0,住,,,1050728,土地1建物0車位0,,,其他,,,,0.0,0,0,0,有,無,無,50000,208,,0.0,0,,RPPNMLKKQHLFFBD77CC
安南區,建物,臺南市安南區安中路一段701巷31~60號,0.0,,,,1050726,土地0建物1車位0,四層,4,公寓(5樓含以下無電梯),見其他登記事項,鋼筋混凝土造,0700907,103.37,3,2,2,有,無,無,10000,97,,0.0,0,,RPQNMLLKQHLFFBD97CC
安南區,建物,臺南市安南區安和路一段52巷21弄1~30號,0.0,,,,1050727,土地0建物1車位0,全,2,透天厝,住商用,加強磚造,0680323,94.66,5,1,2,有,無,無,13000,137,,0.0,0,,RPRNMLLKQHLFFBD08CC
善化區,房地(土地+建物),臺南市善化區牛庄541~570號,158.17,,特定農業區,甲種建築用地,1050808,土地1建物1車位0,全,4,透天厝,住家用,鋼筋混凝土造,1041015,51.05,1,0,1,有,無,有,5000,98,,0.0,0,,RPSNMLLKQHLFFER27CC
新市區,房地(土地+建物),臺南市新市區大營121~150號,85.0,,特定農業區,甲種建築用地,1050811,土地1建物1車位0,全,4,透天厝,住商用,鋼筋混凝土造,0850315,178.76,5,2,3,有,無,有,15000,84,,0.0,0,,RPUNMLLKQHLFFER47CC
永康區,建物,臺南市永康區中華二路266巷1~30號,0.0,,,,1050729,土地0建物1車位0,九層,16,住宅大樓(11層含以上有電梯),住家用,鋼筋混凝土造,0850522,99.97,3,2,2,有,有,有,12000,120,,0.0,0,,RPVNMLLKQHLFFHR87CC
永康區,建物,臺南市永康區中山東路271~300號,0.0,住,,,1050810,土地0建物1車位0,全,4,透天厝,見其他登記事項,鋼筋混凝土造,0960518,61.83,1,0,1,有,無,無,5000,81,,0.0,0,,RPWNMLLKQHLFFHR97CC
永康區,建物,臺南市永康區勝利里勝利街2巷48弄61~90號,0.0,,,,1050730,土地0建物1車位0,三層,5,公寓(5樓含以下無電梯),住家用,鋼筋混凝土造,0710604,62.91,2,1,1,有,無,無,7500,119,,0.0,0,,RPXNMLLKQHLFFHR08CC
中西區,建物,臺南市中西區五妃街241~270號,0.0,,,,1050729,土地0建物1車位0,七層,8,華廈(10層含以下有電梯),見其他登記事項,鋼筋混凝土造,0931203,99.44,1,1,1,有,有,有,15500,156,,0.0,0,,RPVNMLLKQHLFFAD38CC
中西區,建物,臺南市中西區法華街181~210號,0.0,,,,1050730,土地0建物1車位0,全,3,透天厝,住家用,鋼筋混凝土造,0680615,130.35,5,2,3,有,無,無,22000,169,,0.0,0,,RPWNMLLKQHLFFAD48CC
北區,建物,臺南市北區開元路511~540號,0.0,,,,1050809,土地0建物1車位0,八層,24,住宅大樓(11層含以上有電梯),見其他登記事項,見其他登記事項,1041105,111.08000000000001,2,1,1,有,有,有,20000,180,,0.0,0,,RPSOMLLKQHLFFAD18CC
北區,建物,臺南市北區公園路121~150號,0.0,,,,1050811,土地0建物1車位0,三層,10,住宅大樓(11層含以上有電梯),住家用,鋼筋混凝土造,0780803,60.0,2,2,1,有,有,有,13000,217,,0.0,0,,RPTOMLLKQHLFFAD28CC
東區,建物,臺南市東區光華街241~270號,0.0,,,,1050727,土地0建物1車位0,五層,5,公寓(5樓含以下無電梯),住家用,鋼筋混凝土構造,0820622,69.28999999999999,3,1,1,有,無,有,9500,137,,0.0,0,,RPUNMLLKQHLFFCD48CC
南區,建物,臺南市南區新興路418巷1~30號,0.0,,,,1050729,土地0建物1車位0,全,3,透天厝,住商用,鋼筋混凝土構造,0750424,157.17,4,2,3,有,無,無,14000,89,,0.0,0,,RPVNMLLKQHLFFCD58CC
南區,建物,臺南市南區賢南街91~120號,0.0,,,,1050807,土地0建物1車位0,三層,6,華廈(10層含以下有電梯),住家用,鋼筋混凝土構造,0800525,47.06,1,1,1,有,無,有,6500,138,,0.0,0,,RPQOMLLKQHLFFCD18CC
東區,建物,臺南市東區長榮路一段121~150號,149.0,住,,,1050801,土地0建物1車位0,三層,5,店面(店鋪),見其他登記事項,鋼筋混凝土構造,1000517,105.14,3,0,1,有,無,無,18000,171,,0.0,0,,RPXNMLMKQHLFFCD88CC
永康區,房地(土地+建物),臺南市永康區中華西街269巷1~30號,96.0,住,,,1050809,土地1建物1車位0,全,4,透天厝,住商用,鋼筋混凝土造,0820426,228.0,3,2,2,有,無,無,19000,83,,0.0,0,,RPRNMLMKQHLFFHR57CC
永康區,房地(土地+建物),臺南市永康區興工路1~30號,992.0,工,工業區,,1050812,土地1建物1車位0,一層,1,廠辦,住商用,鋼筋混凝土造,0701126,759.3,3,0,2,有,無,有,90000,119,,0.0,0,,RPOOMLMKQHLFFHR37CC
永康區,建物,臺南市永康區中華路355巷8弄1~30號,0.0,住,,,1050729,土地0建物1車位0,十八層,19,住宅大樓(11層含以上有電梯),住家用,鋼筋混凝土造,0860128,113.15,3,2,2,有,有,有,12000,106,,0.0,0,1.此租賃門牌地址為門牌整編前之地址。2.由所有權人提供租屋資訊。3.租賃契約書無填寫土地租賃面積。,RPPNMLNKQHLFFHR47CC
東區,建物,臺南市東區東榮街1~30號,0.0,住,,,1050724,土地0建物1車位0,八層,8,華廈(10層含以下有電梯),住家用,鋼筋混凝土構造,0830901,37.41,1,0,1,有,有,有,5500,147,,0.0,0,,RPPNMLNKQHLFFCD18CC
東區,建物,臺南市東區東門路二段365巷33弄1~30號,0.0,住,,,1050720,土地0建物0車位0,全,3,透天厝,見其他登記事項,鋼筋混凝土構造,0990915,26.45,1,0,1,有,有,有,8500,321,,0.0,0,1.由所有權人提供租屋資訊。2.租賃契約書無填寫土地租賃面積。3.此為透天分租套房。,RPQNMLNKQHLFFCD28CC
東區,建物,臺南市東區東門路二段365巷33弄1~30號,0.0,住,,,1050720,土地0建物0車位0,全,3,透天厝,見其他登記事項,鋼筋混凝土構造,0990915,29.76,1,0,1,有,有,有,9500,319,,0.0,0,1.租賃契約屋無填寫土地租賃面積。2.由所有權人提供租屋資訊。3.此租賃物為透天分租套房、宿舍。,RPRNMLNKQHLFFCD38CC
東區,建物,臺南市東區東寧路541~570號,0.0,商,,,1050726,土地0建物1車位0,一層,14,住宅大樓(11層含以上有電梯),住商用,鋼筋混凝土構造,0840325,125.91,0,0,1,有,有,無,27000,214,,0.0,0,,RPSNMLNKQHLFFCD48CC
中西區,建物,臺南市中西區萬昌街121~150號,0.0,住,,,1050730,土地0建物1車位0,三層,11,住宅大樓(11層含以上有電梯),見其他登記事項,見其他登記事項,0950713,74.85,2,1,1,有,有,有,18000,240,,0.0,0,,RPQNMLNKQHLFFAD08CC
安平區,房地(土地+建物),臺南市安平區平通路601~630號,112.0,住,,,1050808,土地1建物1車位0,見其他登記事項,5,店面(店鋪),住商用,鋼筋混凝土造,0820623,365.08,5,3,6,有,無,有,31000,85,,0.0,0,,RPTNMLNKQHLFFAD38CC
安平區,房地(土地+建物),臺南市安平區建平十一街91~120號,100.0,住,,,1050726,土地1建物1車位0,全,5,透天厝,住商用,鋼筋混凝土造,0830330,305.73,6,2,5,有,無,無,45000,147,,0.0,0,,RPTNMLPKQHLFFAD58CC
北區,土地,裕民段661~690地號,984.67,住,,,1050718,土地1建物0車位0,,,其他,,,,0.0,0,0,0,有,無,無,120000,122,,0.0,0,,RPUNMLPKQHLFFAD68CC
東區,建物,臺南市東區崇善八街69巷1~30號,0.0,住,,,1050717,土地0建物1車位0,全,2,透天厝,住家用,加強磚造,0631203,72.22,3,1,3,有,無,有,17000,235,,0.0,0,,RPRNMLPKQHLFFCD58CC
南區,建物,臺南市南區大同路二段151~180號,0.0,住,,,1050730,土地0建物1車位0,見其他登記事項,13,店面(店鋪),住商用,鋼筋混凝土構造,0881021,115.96,2,2,2,有,有,無,32000,276,,0.0,0,,RPTNMLPKQHLFFCD78CC
東區,房地(土地+建物),臺南市東區崇明路601~630號,102.0,住,,,1050812,土地1建物1車位0,全,5,透天厝,住商用,鋼筋混凝土構造,0830114,336.52,7,2,4,有,無,無,32000,95,,0.0,0,,RPUNMLPKQHLFFCD88CC
永康區,房地(土地+建物),臺南市永康區勝利里中華路181~210號,117.99,住,,,1050812,土地1建物1車位0,見其他登記事項,3,店面(店鋪),住商用,鋼筋混凝土造,0760810,234.4,7,3,4,有,無,無,52000,222,,0.0,0,,RPXRMLPKQHLFFHR88CC
新市區,房地(土地+建物),臺南市新市區南昌街39巷2弄31~60號,60.27,住,,,1050801,土地1建物1車位0,全,2,透天厝,住家用,加強磚造,0670626,67.2,3,2,3,有,無,無,13200,196,,0.0,0,,RPVNMLQKQHLFFER08CC
北區,建物,臺南市北區北成路331~360號,0.0,住,,,1050717,土地0建物1車位0,九層,10,華廈(10層含以下有電梯),見其他登記事項,見其他登記事項,0941213,84.6,2,2,1,有,有,有,20000,236,,0.0,0,,RPXNMLQKQHLFFAD09CC
安平區,土地,上鯤鯓段511~540地號,561.0,住,,,1050816,土地2建物0車位0,,,其他,,,,0.0,0,0,0,有,無,無,60000,107,,0.0,0,,RPROMLQKQHLFFAD58CC
北區,房地(土地+建物),臺南市北區海安路三段901~930號,43.78,商,,,1050724,土地1建物1車位0,一層,4,店面(店鋪),見其他登記事項,鋼筋混凝土造,0990406,74.24,0,0,0,無,無,無,15000,202,,0.0,0,,RPTNMLRKQHLFFAD78CC
南區,建物,臺南市南區大同路二段164巷1~30號,0.0,,,,1050816,土地0建物1車位0,十層,13,住宅大樓(11層含以上有電梯),見其他登記事項,鋼筋混凝土構造,0881021,135.14,3,2,2,有,有,無,15000,111,,0.0,0,,RPWNMLRKQHLFFCD66CC
安南區,建物,臺南市安南區同安路52巷1~30號,0.0,住,,,1050815,土地0建物1車位0,全,2,透天厝,住家用,加強磚造,0700515,95.51,4,2,1,有,無,有,12000,126,,0.0,0,,RPQNMLRKQHLFFBD58CC
東區,建物,臺南市東區大同路二段361~390號,123.31,商,,,1050808,土地0建物1車位0,見其他登記事項,3,店面(店鋪),住商用,加強磚造,0610114,260.57,8,4,4,有,無,有,20000,77,,0.0,0,,RPSNMLRKQHLFFCD98DC
佳里區,房地(土地+建物),臺南市佳里區光復路1~30號,129.0,住,,,1050717,土地1建物1車位0,全,4,透天厝,住家用,鋼筋混凝土造,1030704,82.1,0,1,1,有,無,無,10000,122,,0.0,0,,RPPNMLSKQHLFFDR57CC
東區,房地(土地+建物),臺南市東區長榮路一段121~150號,133.0,住,,,1050818,土地1建物1車位0,二層,5,店面(店鋪),見其他登記事項,鋼筋混凝土構造,1000517,106.43,0,0,0,無,無,無,18500,174,,0.0,0,,RPUNMLSKQHLFFCD56CC
東區,建物,臺南市東區育樂街1~30號,0.0,商,,,1050812,土地0建物0車位0,一層,2,店面(店鋪),住商用,見其他登記事項,0560101,32.73,0,0,0,無,無,無,45000,1375,,0.0,0,,RPOOMLTKQHLFFCD78CC
東區,建物,臺南市東區仁和路139巷31~60號,0.0,住,,,1050819,土地0建物1車位0,七層,9,華廈(10層含以下有電梯),住家用,鋼筋混凝土構造,0840810,117.88,3,2,2,有,有,有,16000,136,,0.0,0,,RPQOMLTKQHLFFCD98CC
安平區,建物,臺南市安平區永華八街1~30號,0.0,商,,,1050817,土地0建物1車位0,九層,14,住宅大樓(11層含以上有電梯),見其他登記事項,鋼筋混凝土造,0960719,71.63,1,1,1,有,無,有,14000,195,,0.0,0,,RPXNMLTKQHLFFAD76CC
中西區,建物,臺南市中西區五妃街241~270號,86.52,住,,,1050721,土地0建物1車位0,八層,10,華廈(10層含以下有電梯),見其他登記事項,鋼骨鋼筋混凝土造,0900103,462.59,4,2,4,有,有,有,57000,123,,0.0,0,,RPPOMLTKQHLFFAD78DC
善化區,建物,臺南市善化區牛庄541~570號,0.0,,特定農業區,甲種建築用地,1050817,土地0建物0車位0,二層,4,套房(1房1廳1衛),住家用,鋼筋混凝土造,1041015,13.22,1,0,1,有,無,有,4500,340,,0.0,0,1.合約書無填具土地租賃面積.2.由所有權人提供出租資訊3.實際租賃單位為:2F後套房一間,RPPNMLTKQHLFFER77CC
善化區,房地(土地+建物),臺南市善化區和平路1~30號,82.84,其他,,,1050818,土地1建物1車位0,全,4,透天厝,見其他登記事項,鋼筋混凝土造,0850501,253.32,7,2,4,有,無,有,20000,79,,0.0,0,,RPUNMLTKQHLFFER28CC
永康區,土地,橋北段121~150地號,347.24,住,,,1050817,土地1建物0車位0,,,其他,,,,0.0,0,0,0,有,無,無,80000,230,,0.0,0,,RPWNMLTKQHLFFHR78CC
安平區,建物,臺南市安平區健康路三段691~720號,0.0,,,,1050819,土地0建物1車位0,五層,7,華廈(10層含以下有電梯),見其他登記事項,見其他登記事項,0940917,114.53,2,1,2,有,有,有,15000,131,,0.0,0,,RPQNMLKLQHLFFAD87CC
北區,房地(土地+建物),臺南市北區臺南市北區文成五街61~90號,157.78,住,,,1050816,土地1建物1車位0,見其他登記事項,4,店面(店鋪),見其他登記事項,見其他登記事項,0940419,327.03,5,4,8,有,無,有,53000,162,,0.0,0,,RPPNMLLLQHLFFAD87CC
安平區,房地(土地+建物),臺南市安平區臺南市安平區文平路461巷21弄31~60號,86.0,住,,,1050821,土地1建物1車位0,全,4,透天厝,住家用,鋼筋混凝土造,0790815,130.0,4,2,4,有,無,有,19000,146,,0.0,0,,RPQNMLLLQHLFFAD97CC
南區,建物,臺南市南區明興路1441~1470號,0.0,,,,1050726,土地0建物1車位0,全,3,透天厝,住商用,鋼筋混凝土構造,0810711,186.8,4,2,3,有,無,無,20000,107,,0.0,0,,RPVNMLMLQHLFFCD78CC
永康區,房地(土地+建物),臺南市永康區大灣路942巷71弄61~90號,164.24,住,,,1050822,土地2建物1車位0,一層,5,店面(店鋪),住家用,見其他登記事項,1030519,67.47,0,1,1,有,無,有,28000,415,,0.0,0,,RPRQMLMLQHLFFHR97CC
善化區,房地(土地+建物),臺南市善化區大信路31~60號,82.32,住,,,1050822,土地1建物1車位0,見其他登記事項,5,店面(店鋪),住商用,鋼筋混凝土造,0830727,228.61,7,1,8,有,無,無,42000,184,,0.0,0,,RPWNMLMLQHLFFER87CC
永康區,建物,臺南市永康區小東路481~510號,0.0,住,,,1050820,土地0建物1車位0,十三層,13,住宅大樓(11層含以上有電梯),住家用,鋼筋混凝土造,0851122,44.0,1,1,1,有,無,有,7500,170,,0.0,0,,RPRNMLNLQHLFFHR77CC
東區,建物,臺南市東區大同路二段61~90號,0.0,商,,,1050820,土地0建物1車位0,七層,16,住宅大樓(11層含以上有電梯),住家用,鋼筋混凝土構造,0831216,99.52000000000001,2,2,1,有,無,有,9000,90,,0.0,0,,RPQNMLNLQHLFFCD38CC
北區,建物,臺南市北區開元路511~540號,0.0,,,,1050824,土地0建物1車位0,四層,24,住宅大樓(11層含以上有電梯),見其他登記事項,見其他登記事項,1041105,125.03999999999999,3,1,2,有,無,有,13000,104,,0.0,0,,RPXNMLOLQHLFFAD98CC
北區,建物,臺南市北區開元路511~540號,0.0,商,,,1050825,土地0建物1車位0,四層,24,住宅大樓(11層含以上有電梯),見其他登記事項,見其他登記事項,1041105,78.60000000000001,2,1,1,有,無,有,15000,191,,0.0,0,,RPPNMLRLQHLFFAD48CC
永康區,房地(土地+建物),臺南市永康區中華路631~660號,448.0,住,,,1050801,土地2建物2車位0,見其他登記事項,1,店面(店鋪),商業用,鋼造,0770412,202.0,0,0,0,無,無,無,138000,683,,0.0,0,,RPPNMLSLQHLFFHR08CC
永康區,建物,臺南市永康區永大路三段361~390號,0.0,住,,,1050826,土地0建物1車位0,全,2,透天厝,見其他登記事項,鋼筋混凝土造,0981106,113.79,3,1,3,有,無,無,25000,220,,0.0,0,,RPQNMLTLQHLFFHR28CC
中西區,土地,武聖段511~540地號,540.0,住,,,1050826,土地1建物0車位0,,,其他,,,,0.0,0,0,0,有,無,無,18000,33,,0.0,0,,RPSOMLTLQHLFFAD09CC
東區,建物,臺南市東區東寧路541~570號,0.0,住,,,1050827,土地0建物1車位0,十層,14,住宅大樓(11層含以上有電梯),住家用,鋼筋混凝土構造,0840325,114.22,1,2,1,有,無,有,16500,144,,0.0,0,1.合約書無填具土地租賃面積2.由所有權人提供出租資訊3.租金已包含車位,RPVNMLTLQHLFFCD86CC
中西區,房地(土地+建物),臺南市中西區赤崁東街61~90號,14.78,住,,,1050709,土地3建物1車位0,七層,10,華廈(10層含以下有電梯),住家用,鋼筋混凝土造,0870212,64.73,2,1,2,有,無,有,13500,209,,0.0,0,,RPQNMLKMQHLFFAD97CC
安平區,建物,臺南市安平區建平七街271~300號,0.0,其他,,,1050829,土地0建物0車位0,全,4,透天厝,住商用,鋼筋混凝土造,0820421,25.43,1,0,1,有,無,有,6900,271,,0.0,0,,RPTNMLLMQHLFFAD38CC
東區,房地(土地+建物),臺南市東區中華東路二段151~180號,4.44,住,,,1050809,土地1建物1車位0,三層,14,套房(1房1廳1衛),住家用,鋼筋混凝土構造,0970229,51.209999999999994,1,0,1,有,有,有,10000,195,,0.0,0,租金含管理費,RPROMLLMQHLFFCD48CC
東區,建物,臺南市東區凱旋路151~180號,0.0,住,,,1050810,土地0建物0車位0,三層,5,公寓(5樓含以下無電梯),住家用,鋼筋混凝土構造,0731219,27.96,4,0,4,有,無,有,10000,358,,0.0,0,,RPPNMLLJRHLFFCD97CC
東區,建物,臺南市東區東門路三段181~210號,0.0,住,,,1050822,土地0建物1車位0,一層,,店面(店鋪),,,,79.82,0,2,2,有,無,無,34200,428,,0.0,0,,RPQNMLLJRHLFFCD08CC
中西區,建物,臺南市中西區信義街60巷31~60號,0.0,住,,,1050829,土地0建物1車位0,全,1,透天厝,住家用,磚造,,50.05,2,2,1,有,無,無,7500,150,,0.0,0,,RPOOMLLJRHLFFAD77CC
北區,土地,小北段1441~1470地號,140.0,住,,,1050901,土地1建物0車位0,,,其他,,,,0.0,0,0,0,有,無,無,16500,118,,0.0,0,,RPSPMLLJRHLFFAD28CC
北區,房地(土地+建物),臺南市北區文成一路1~30號,434.82,商,,,1050830,土地4建物1車位0,一層,4,辦公商業大樓,住商用,鋼筋混凝土造,0751120,273.16,0,0,0,無,無,有,38000,139,,0.0,0,,RPWPMLLJRHLFFAD68CC
北區,建物,臺南市北區開元路511~540號,0.0,商,,,1050830,土地0建物1車位0,二層,24,住宅大樓(11層含以上有電梯),見其他登記事項,見其他登記事項,1041105,90.01,2,1,1,有,有,有,15500,172,,0.0,0,,RPOQMLLJRHLFFAD97CC
東區,房地(土地+建物)+車位,臺南市東區中華東路二段73巷1~30號,17.11,住,,,1050819,土地1建物1車位0,二層,13,住宅大樓(11層含以上有電梯),住家用,鋼筋混凝土構造,0811007,114.06,3,2,2,有,無,有,16500,145,坡道平面,0.0,0,,RPWNMLPJRHLFFCD09CC
永康區,建物,臺南市永康區中華二路318巷1~30號,0.0,住,,,1050904,土地0建物1車位0,二層,17,住宅大樓(11層含以上有電梯),住商用,鋼筋混凝土造,0811016,99.03,2,1,1,有,無,有,10000,101,,0.0,0,,RPSNMLQJRHLFFHR08CC
佳里區,房地(土地+建物),臺南市佳里區文化路91~120號,118.0,住,,,1050905,土地1建物1車位0,見其他登記事項,2,店面(店鋪),住商用,加強磚造,0690519,132.53,4,2,2,有,無,無,9000,68,,0.0,0,,RPOOMLRJRHLFFDR57DC
南區,房地(土地+建物)+車位,臺南市南區大同路二段100巷21弄1~30號,41.53,住,,,1050829,土地1建物1車位1,三層,13,住宅大樓(11層含以上有電梯),見其他登記事項,鋼筋混凝土構造,0881021,101.88,4,2,2,有,有,有,14000,137,坡道機械,0.0,0,,RPUNMLRJRHLFFCD09CC
東區,建物,臺南市東區長榮路一段121~150號,149.0,住,,,1050902,土地0建物1車位0,四層,5,店面(店鋪),見其他登記事項,鋼筋混凝土構造,1000517,105.14,3,0,2,有,無,無,15000,143,,0.0,0,,RPVNMLSJRHLFFCD66CC
新市區,土地,大榮段751~780地號,77.78,其他,,,1050903,土地1建物0車位0,,,其他,,,,0.0,0,0,0,有,無,有,16000,206,,0.0,0,,RPQNMLSJRHLFFER77CC
南區,建物,臺南市南區金華路一段511~540號,0.0,住,,,1050907,土地0建物1車位0,見其他登記事項,5,店面(店鋪),商業用,鋼筋混凝土構造,0710430,143.39000000000001,2,1,2,有,無,無,35000,244,,0.0,0,,RPRNMLTJRHLFFCD98CC
安平區,房地(土地+建物),臺南市安平區安平路31~60號,382.17,商,,,1050826,土地1建物1車位0,一層,2,店面(店鋪),住工用,磚造,0500101,108.4,0,0,0,無,無,有,38500,355,,0.0,0,,RPPOMLMKRHLFFAD08CC
北區,建物,臺南市北區開元路481~510號,0.0,商,,,1050909,土地0建物1車位0,九層,24,住宅大樓(11層含以上有電梯),見其他登記事項,見其他登記事項,1041105,100.82,2,2,1,有,無,有,16000,159,,0.0,0,,RPSOMLMKRHLFFAD38CC
安平區,房地(土地+建物)+車位,臺南市安平區健康路三段121~150號,55.83,住,,,1050830,土地1建物1車位2,十層,20,住宅大樓(11層含以上有電梯),見其他登記事項,見其他登記事項,1040903,219.99,4,2,4,有,無,有,56760,258,坡道平面,60.96,0,,RPTOMLMKRHLFFAD48CC
北區,房地(土地+建物),臺南市北區長榮路五段1~30號,0.0,住,,,1050912,土地1建物1車位0,一層,13,店面(店鋪),見其他登記事項,鋼筋混凝土造,0920916,47.06,0,0,0,無,無,無,16000,340,,0.0,0,,RPSOMLNKRHLFFAD48CC
南區,房地(土地+建物)+車位,臺南市南區水交社路80巷31~60號,31.59,住,,,1050912,土地1建物1車位1,一層,7,華廈(10層含以下有電梯),見其他登記事項,鋼筋混凝土構造,1031016,128.66,3,2,2,有,有,有,25000,194,坡道平面,31.2,0,,RPUNMLNKRHLFFCD88DC
中西區,建物,臺南市中西區中正路151~180號,0.0,商,,,1050901,土地0建物1車位0,見其他登記事項,3,店面(店鋪),商業用,鋼筋混凝土加強磚造,0200101,190.09,1,1,2,有,無,無,42000,221,,0.0,0,,RPSNMLOKRHLFFAD48CC
東區,建物,臺南市東區東寧路451~480號,0.0,商,,,1050829,土地0建物1車位0,見其他登記事項,4,店面(店鋪),住商用,鋼筋混凝土構造,0740917,292.15,6,1,6,有,無,無,61500,211,,0.0,0,,RPTNMLOKRHLFFCD78CC
南區,建物,臺南市南區明興路91~120號,0.0,,,,1050824,土地0建物1車位0,見其他登記事項,15,住宅大樓(11層含以上有電梯),住商用,鋼筋混凝土構造,0840812,243.66,2,2,4,有,無,無,13000,53,,0.0,0,,RPPOMLOKRHLFFCD48CC
永康區,房地(土地+建物)+車位,臺南市永康區復國二路211~240號,20.38,住,,,1050829,土地1建物1車位1,八層,11,住宅大樓(11層含以上有電梯),住家用,鋼筋混凝土造,0840520,118.18,3,2,2,有,有,有,12000,102,坡道機械,0.0,0,,RPPNMLQKRHLFFHR87CC
善化區,房地(土地+建物),臺南市善化區中和街31~60號,73.57,其他,,,1050918,土地1建物1車位0,全,4,透天厝,住商用,鋼筋混凝土造,0801105,171.13,5,0,5,有,無,有,34000,199,,0.0,0,,RPPNMLTKRHLFFER87CC
安定區,房地(土地+建物),臺南市安定區港口1~30號,89.0,,鄉村區,乙種建築用地,1050919,土地1建物1車位0,全,2,透天厝,住家用,加強磚造,0811205,92.57,4,2,3,有,無,有,13800,149,,0.0,0,,RPWNMLTKRHLFFER58CC
東區,土地,東光段781~810地號,351.0,其他,,,1050901,土地3建物0車位0,,,其他,,,,0.0,0,0,0,有,無,無,95000,271,,0.0,0,,RPUNMLTKRHLFFCD86DC
安平區,建物,臺南市安平區華平路541~570號,86.0,住,,,1050903,土地0建物1車位0,一層,5,店面(店鋪),住商用,鋼筋混凝土造,0800510,55.4,0,0,0,無,無,無,25000,451,,0.0,0,,RPOOMLTKRHLFFAD78DC
中西區,房地(土地+建物),臺南市中西區成功路91~120號,366.68,商,,,1050909,土地1建物1車位0,一層,1,店面(店鋪),見其他登記事項,見其他登記事項,0640827,595.8,0,0,0,無,無,無,120000,201,,0.0,0,,RPPOMLTKRHLFFAD78CC
南區,建物,臺南市南區興昌路61~90號,0.0,住,,,1050901,土地0建物1車位0,八層,14,住宅大樓(11層含以上有電梯),見其他登記事項,鋼筋混凝土構造,1050314,210.5,3,2,2,有,有,無,25000,119,,0.0,0,,RPRNMLKLRHLFFCD28CC
東區,建物,臺南市東區裕信六街121~150號,0.0,住,,,1050828,土地0建物1車位0,全,5,透天厝,見其他登記事項,見其他登記事項,0950919,225.36,4,1,2,有,無,無,25000,111,,0.0,0,,RPSNMLKLRHLFFCD38CC
新市區,建物,臺南市新市區信義街1~30號,97.76,其他,,,1050818,土地0建物1車位0,全,4,透天厝,見其他登記事項,鋼筋混凝土造,1031007,254.36,5,2,5,有,無,無,36000,142,,0.0,0,甲方需安裝日光燈燈組,RPQNMLKLRHLFFER17CC
仁德區,建物,臺南市仁德區文賢路一段554巷10弄1~30號,0.0,住,,,1050828,土地0建物1車位0,全,3,透天厝,住家用,鋼筋混凝土造,0830422,149.92,4,2,3,有,無,有,11000,73,,0.0,0,1.租賃契約書無填寫土地租賃面積。2.由所有權人提供租屋資訊。,RPUNMLKLRHLFFFR67CC
永康區,建物,臺南市永康區中華一路203巷1~30號,0.0,其他,,,1050821,土地0建物1車位0,十一層,11,住宅大樓(11層含以上有電梯),見其他登記事項,鋼筋混凝土造,0871026,103.42,3,2,2,有,有,有,15000,145,,0.0,0,,RPQNMLKLRHLFFHR47CC
安定區,房地(土地+建物)+車位,臺南市安定區蘇厝271~300號,71.82,,鄉村區,乙種建築用地,1050920,土地1建物1車位2,全,3,透天厝,住家用,鋼筋混凝土造,0960305,144.83,3,2,3,有,無,有,19000,131,其他,0.0,0,,RPPNMLLLRHLFFER17CC
善化區,土地,曾文段2551~2580地號,680.0,其他,,,1050919,土地1建物0車位0,,,其他,,,,0.0,0,0,0,有,無,有,23000,34,,0.0,0,廠房未保存登記,RPUNMLLLRHLFFER67CC
善化區,房地(土地+建物)+車位,臺南市善化區興安街151~180號,26.14,住,,,1050919,土地1建物1車位1,五層,15,住宅大樓(11層含以上有電梯),住家用,鋼筋混凝土造,1030910,129.72,3,2,2,有,有,有,19250,148,坡道平面,33.21,0,,RPUNMLMLRHLFFER77CC
仁德區,建物,臺南市仁德區後壁村德崙路21巷10弄1~30號,0.0,,,,1050905,土地0建物1車位0,見其他登記事項,11,住宅大樓(11層含以上有電梯),住商用,鋼筋混凝土造,0830608,155.07,4,2,2,有,有,有,11000,71,,0.0,0,,RPOPMLMLRHLFFFR47CC
永康區,建物,臺南市永康區六合里中華二路266巷1~30號,0.0,,,,1050825,土地0建物1車位0,見其他登記事項,19,住宅大樓(11層含以上有電梯),住商用,鋼筋混凝土造,0860128,111.94,1,1,2,有,有,無,16000,143,,0.0,0,,RPRNMLMLRHLFFHR77CC
南區,建物,臺南市南區新興路183巷16弄1~30號,0.0,,,,1050825,土地0建物0車位0,全,2,透天厝,住家用,加強磚造,0591024,29.75,1,0,1,有,無,有,6000,202,,0.0,0,,RPSNMLMLRHLFFCD58CC
南區,建物,臺南市南區新興路183巷16弄1~30號,0.0,,,,1050825,土地0建物1車位0,全,2,透天厝,住家用,加強磚造,0630418,47.73,2,1,2,有,無,有,16000,335,,0.0,0,,RPTNMLMLRHLFFCD68CC
東區,建物,臺南市東區長榮路三段1~30號,0.0,,,,1050827,土地0建物1車位0,四層,5,公寓(5樓含以下無電梯),住家用,鋼筋混凝土構造,0740919,119.18,5,1,3,有,無,有,16500,138,,0.0,0,,RPVNMLMLRHLFFCD88CC
南區,建物,臺南市南區興昌路61~90號,0.0,,,,1050828,土地0建物1車位0,十層,14,住宅大樓(11層含以上有電梯),見其他登記事項,鋼筋混凝土構造,1050314,156.2,3,1,2,有,有,無,23000,147,,0.0,0,,RPWNMLMLRHLFFCD98CC
南區,建物,臺南市南區新孝路31~60號,0.0,,,,1050831,土地0建物1車位0,全,2,透天厝,住家用,見其他登記事項,0640715,81.64,3,0,2,有,無,有,25000,306,,0.0,0,,RPOOMLMLRHLFFCD28CC
東區,建物,臺南市東區榮譽街123巷1弄1~30號,0.0,,,,1050905,土地0建物1車位0,三層,7,華廈(10層含以下有電梯),住家用,鋼筋混凝土構造,0880114,92.92999999999999,2,1,2,有,有,有,12000,129,,0.0,0,,RPROMLMLRHLFFCD58CC
南區,建物,臺南市南區大德街141巷31~60號,0.0,,,,1050906,土地0建物1車位0,五層,5,公寓(5樓含以下無電梯),住家用,鋼筋混凝土構造,0800109,76.44,2,1,1,有,有,有,11500,150,,0.0,0,,RPTOMLMLRHLFFCD78CC
南區,建物,臺南市南區中華西路一段56巷1~30號,0.0,,,,1050906,土地0建物1車位0,三層,5,公寓(5樓含以下無電梯),見其他登記事項,鋼筋混凝土構造,0720422,94.06,3,1,1,有,無,無,9000,96,,0.0,0,,RPUOMLMLRHLFFCD88CC
中西區,建物,臺南市中西區信義街108巷31~60號,0.0,,,,1050824,土地0建物1車位0,四層,5,公寓(5樓含以下無電梯),住家用,鋼筋混凝土造,0820515,106.39,3,2,2,有,無,有,15000,141,,0.0,0,,RPTNMLMLRHLFFAD48CC
安平區,建物,臺南市安平區建平七街661~690號,0.0,,,,1050826,土地0建物1車位0,十層,12,住宅大樓(11層含以上有電梯),住家用,鋼筋混凝土造,0830914,130.32,3,2,2,有,有,有,15000,115,,0.0,0,,RPUNMLMLRHLFFAD58CC
安平區,建物,臺南市安平區育平路61~90號,0.0,,,,1050827,土地0建物1車位0,十二層,14,住宅大樓(11層含以上有電梯),見其他登記事項,見其他登記事項,1021225,161.59,4,2,2,有,有,有,25000,155,,0.0,0,,RPWNMLMLRHLFFAD78CC
北區,建物,臺南市北區大興街164巷31~60號,0.0,,,,1050831,土地0建物1車位0,全,4,透天厝,住家用,鋼筋混凝土造,0700324,241.52,4,1,4,有,無,無,18000,75,,0.0,0,,RPOOMLMLRHLFFAD08CC
中西區,房地(土地+建物),臺南市中西區成功路211~240號,233.13,商,,,1050825,土地2建物1車位0,全,3,透天厝,住商用,加強磚造,0580103,197.69,0,0,0,無,無,無,38000,192,,0.0,0,,RPSOMLMLRHLFFAD48CC
東區,建物,臺南市東區府連路271~300號,0.0,,,,1050920,土地0建物1車位0,全,2,透天厝,住家用,加強磚造,0630813,115.1,3,1,2,有,無,無,18000,156,,0.0,0,,RPUNMLNLRHLFFCD88CC
永康區,建物,臺南市永康區大橋里中華路661巷1~30號,0.0,,,,1050913,土地0建物1車位0,見其他登記事項,6,華廈(10層含以下有電梯),見其他登記事項,鋼筋混凝土造,0830113,268.22,0,0,1,有,無,有,18000,67,,0.0,0,,RPPPMLNLRHLFFHR87CC
東區,建物,臺南市東區大同路一段91~120號,0.0,,,,1050918,土地0建物0車位0,全,4,透天厝,住商用,鋼筋混凝土構造,0720305,29.75,1,0,1,有,無,有,5000,168,,0.0,0,1.租賃契約書無填寫土地租賃面積2.由所有權人提供租屋資訊3.承租人承租二樓其中一間套房,RPPNMLOLRHLFFCD48CC
北區,建物,臺南市北區前鋒路271~300號,0.0,商,,,1050916,土地0建物1車位0,四層,12,辦公商業大樓,商業用,鋼筋混凝土造,0800123,132.13,2,1,1,有,有,無,18000,136,,0.0,0,,RPWOMLQLRHLFFAD66CC
新市區,房地(土地+建物),臺南市新市區永華三街1~30號,43.75,,特定專用區,甲種建築用地,1050924,土地1建物1車位0,二層,7,華廈(10層含以下有電梯),住家用,鋼筋混凝土造,0860825,79.85,3,2,2,有,有,有,10000,125,,0.0,0,,RPQNMLQLRHLFFER77CC
新營區,房地(土地+建物),臺南市新營區義和街1~30號,183.33,住,,,1050915,土地1建物1車位0,一層,3,店面(店鋪),住家用,鋼造,0811023,108.96,1,1,1,有,無,有,12000,110,,0.0,0,,RPTNMLRLRHLFFAR77CC
中西區,建物,臺南市中西區法華街181~210號,0.0,,,,1050925,土地0建物1車位0,全,3,透天厝,住家用,鋼筋混凝土造,0680615,130.35,5,2,3,有,無,無,24000,184,,0.0,0,,RPWNMLRLRHLFFAD66CC
南區,建物,臺南市南區新建路49巷1~30號,0.0,,,,1050926,土地0建物1車位0,十二層,12,住宅大樓(11層含以上有電梯),見其他登記事項,鋼筋混凝土構造,0850629,191.05,4,2,2,有,有,無,16000,84,,0.0,0,,RPRNMLTLRHLFFCD56CC
安平區,建物,臺南市安平區慶平路361~390號,0.0,商,,,1050926,土地0建物1車位0,一層,14,住宅大樓(11層含以上有電梯),見其他登記事項,見其他登記事項,1011012,230.81,2,2,1,有,有,無,28000,121,,0.0,0,,RPWNMLKMRHLFFAD68CC
中西區,建物,臺南市中西區南寧街83巷31~60號,0.0,住,,,1050929,土地0建物1車位0,二層,5,華廈(10層含以下有電梯),住家用,鋼筋混凝土造,0801213,56.16,1,1,1,有,無,有,5500,98,,0.0,0,,RPPOMLKMRHLFFAD08CC
安平區,房地(土地+建物),臺南市安平區府平路361~390號,9.25,住,,,1050929,土地1建物1車位0,四層,12,住宅大樓(11層含以上有電梯),住家用,鋼筋混凝土造,0850427,64.27,2,2,2,有,無,有,19500,303,,0.0,0,,RPOPMLKMRHLFFAD08CC
永康區,建物,臺南市永康區東橋十街88巷6弄1~30號,0.0,住,,,1050924,土地0建物1車位0,全,4,透天厝,見其他登記事項,見其他登記事項,1010209,173.39,5,2,4,有,有,無,24000,138,,0.0,0,1.合約書無填具土地租賃面積2.由所有權人提供出租資訊3.租整棟透天,RPWNMLKMRHLFFHR18CC
安南區,房地(土地+建物)+車位,臺南市安南區館前二路151~180號,0.0,住,,,1050907,土地0建物1車位1,三層,5,華廈(10層含以下有電梯),見其他登記事項,鋼筋混凝土構造,1041204,127.85,3,2,3,有,無,有,19800,155,坡道平面,34.1,0,,RPPNMLMJIILFFBD17CC
安平區,房地(土地+建物),臺南市安平區育平三街1~30號,16.86,其他,,,1050903,土地1建物1車位0,五層,6,華廈(10層含以下有電梯),住家用,鋼筋混凝土造,0811230,84.44,3,2,2,有,無,有,12500,148,,0.0,0,,RPOOMLNJIILFFAD17CC
北區,土地,北元段841~870地號,168.51,住,,,1050923,土地1建物0車位0,,,其他,,,,0.0,0,0,0,有,無,無,12000,71,,0.0,0,,RPPOMLNJIILFFAD27CC
東區,房地(土地+建物),臺南市東區慶東街121~150號,282.0,其他,,,1050903,土地2建物1車位0,一層,5,店面(店鋪),住家用,鋼筋混凝土構造,1040309,165.71,0,1,1,有,無,有,50000,302,,0.0,0,僅出租騎樓+1樓,RPXNMLNJIILFFCD18CC
北區,房地(土地+建物),臺南市北區公園路901~930號,224.2,住,,,1050906,土地1建物1車位0,見其他登記事項,5,店面(店鋪),見其他登記事項,見其他登記事項,1020201,517.11,5,2,6,有,無,無,60000,116,,0.0,0,,RPSOMLOJIILFFAD67CC
北區,房地(土地+建物),臺南市北區西門路三段151~180號,82.0,商,,,1050920,土地1建物1車位0,見其他登記事項,4,店面(店鋪),住商用,鋼筋混凝土造,0700525,270.35,4,2,4,有,無,有,33000,122,,0.0,0,,RPUOMLOJIILFFAD87CC
北區,房地(土地+建物),臺南市北區公園南路361~390號,3.26,住,,,1051002,土地1建物1車位0,十二層,14,住宅大樓(11層含以上有電梯),見其他登記事項,見其他登記事項,0960824,22.55,1,0,1,有,有,有,9000,399,,0.0,0,,RPVOMLOJIILFFAD97CC
新營區,房地(土地+建物),臺南市新營區隋唐街31巷31~60號,8.27,住,,,1050907,土地1建物1車位0,見其他登記事項,9,華廈(10層含以下有電梯),住家用,鋼筋混凝土造,0821207,42.76,3,2,2,有,無,有,7500,175,,0.0,0,,RPSNMLOJIILFFAR98CC
新市區,建物,臺南市新市區光華街1~30號,0.0,工,,,1050930,土地0建物1車位0,一層,1,工廠,見其他登記事項,見其他登記事項,1040903,177.33,0,0,2,有,無,無,40000,,,0.0,0,1.合約書無填具土地租賃面積.2.由所有權人提供出租資訊,RPSNMLOJIILFFER76CC
善化區,建物,臺南市善化區興華路223巷1~30號,0.0,住,,,1050921,土地0建物1車位0,全,4,透天厝,見其他登記事項,鋼筋混凝土造,0930419,196.5,5,2,4,有,無,無,22000,112,,0.0,0,1.合約書無填具土地租賃面積2.由所有權人提供出租資訊3.租整棟透天,RPVNMLOJIILFFER07CC
安南區,土地,佃南段391~420地號,156.67,農,,,1050919,土地4建物0車位0,,,其他,,,,0.0,0,0,0,有,無,無,25000,160,,0.0,0,,RPVNMLPJIILFFBD08CC
東區,建物,臺南市東區凱旋路151~180號,0.0,住,,,1051001,土地0建物0車位0,三層,5,公寓(5樓含以下無電梯),住家用,鋼筋混凝土構造,0731219,24.63,4,0,4,有,無,有,5000,203,,0.0,0,,RPXNMLPJIILFFCD38CC
安平區,房地(土地+建物),臺南市安平區建平路271~300號,1410.0,住,,,1050920,土地9建物1車位0,一層,1,店面(店鋪),住家用,見其他登記事項,0941124,435.94,0,1,2,有,無,無,180000,413,,0.0,0,,RPPNMLQJIILFFAD47CC
中西區,建物,臺南市中西區西門路一段451~480號,0.0,住,,,1050908,土地0建物1車位0,四層,7,華廈(10層含以下有電梯),住家用,鋼筋混凝土構造,0700605,53.589999999999996,1,1,1,有,有,有,6500,121,,0.0,0,,RPOOMLRJIILFFAD57CC
北區,建物,臺南市北區正覺街61~90號,0.0,住,,,1050926,土地0建物1車位0,全,4,透天厝,住商用,鋼筋混凝土構造,0710925,459.88,6,2,5,有,無,無,18000,39,,0.0,0,,RPROMLRJIILFFAD87CC
東區,建物,臺南市東區東寧路538巷1~30號,0.0,住,,,1050915,土地0建物1車位0,六層,7,華廈(10層含以下有電梯),住家用,鋼筋混凝土構造,0780425,30.14,1,0,1,有,有,有,5000,166,,0.0,0,,RPSOMLRJIILFFCD18CC
東區,建物,臺南市東區東榮街1~30號,0.0,住,,,1051003,土地0建物1車位0,一層,8,華廈(10層含以下有電梯),住家用,鋼筋混凝土構造,0830901,34.06,1,0,1,有,有,有,7000,206,,0.0,0,,RPTOMLRJIILFFCD28CC
永康區,建物,臺南市永康區中正南路61~90號,0.0,住,,,1050913,土地0建物1車位0,全,2,透天厝,住商用,鋼筋混凝土造,0720901,127.0,1,2,2,有,無,無,22000,173,,0.0,0,,RPUOMLRJIILFFHR67CC
北區,建物,臺南市北區北成路391~420號,0.0,住,,,1051005,土地0建物1車位0,十層,14,住宅大樓(11層含以上有電梯),見其他登記事項,鋼筋混凝土構造,0990406,112.36,2,2,1,有,無,有,20000,178,,0.0,0,,RPPNMLSJIILFFAD67CC
中西區,房地(土地+建物),臺南市中西區臨安路一段121~150號,201.0,住,,,1050930,土地3建物1車位0,見其他登記事項,3,店面(店鋪),工商用,加強磚造,0620716,472.43,0,0,0,無,無,無,10000,21,,0.0,0,,RPSNMLKKIILFFAD27CC
東區,房地(土地+建物),臺南市東區崇善路1~30號,63.0,住,,,1050915,土地1建物1車位0,一層,5,店面(店鋪),住商用,鋼筋混凝土構造,0831202,28.83,0,1,1,有,無,有,18000,624,,0.0,0,,RPPOMLLKIILFFCD37CC
安南區,房地(土地+建物),臺南市安南區安和路一段263巷1~30號,91.54,住,,,1050920,土地1建物1車位0,全,2,透天厝,住商用,加強磚造,0620513,121.03,3,1,1,有,無,無,7000,58,,0.0,0,,RPWNMLLKIILFFBD87CC
永康區,房地(土地+建物),臺南市永康區中華1路182巷1弄1~30號,0.0,住,,,1050924,土地1建物1車位0,全,2,透天厝,住家用,鋼筋混凝土造,0770322,84.96,4,2,2,有,無,有,13000,153,,0.0,0,,RPUPMLMKIILFFHR37CC
東區,房地(土地+建物),臺南市東區富農街一段91~120號,0.0,住,,,1051004,土地1建物1車位0,全,5,透天厝,住家用,鋼筋混凝土構造,0810508,199.04,5,2,3,有,無,無,15000,75,,0.0,0,,RPQNMLMKIILFFCD47CC
中西區,建物,臺南市中西區府前路二段258巷1~30號,0.0,住,,,1051006,土地0建物1車位0,一層,7,華廈(10層含以下有電梯),住家用,鋼筋混凝土造,0820428,314.93,0,3,2,有,有,無,30000,95,,0.0,0,,RPSNMLNKIILFFAD57CC
永康區,建物,臺南市永康區永正路31~60號,0.0,住,,,1051007,土地0建物1車位0,一層,8,華廈(10層含以下有電梯),住商用,鋼筋混凝土造,0841214,32.0,0,0,1,有,無,有,6000,188,,0.0,0,,RPTNMLNKIILFFHR17CC
永康區,房地(土地+建物),臺南市永康區中正路217巷3弄31~60號,512.47,工,,,1050929,土地2建物1車位0,見其他登記事項,2,廠辦,見其他登記事項,見其他登記事項,0780913,290.42,8,2,5,有,無,無,65000,224,,0.0,0,租賃期限自民國105年10月05日起至民國107年11月04日止。雙方同意自105年11月05日起計租金。,RPXOMLOKIILFFHR77CC
永康區,房地(土地+建物),臺南市永康區永二街421~450號,19.36,住,,,1051010,土地1建物1車位0,十二層,16,住宅大樓(11層含以上有電梯),住家用,鋼筋混凝土造,0830504,113.04,3,2,2,有,有,有,8500,75,,0.0,0,,RPPPMLOKIILFFHR07CC
仁德區,房地(土地+建物),臺南市仁德區中正路二段1141~1170號,245.11,商,,,1050929,土地1建物1車位0,見其他登記事項,2,店面(店鋪),住商用,鋼筋混凝土加強磚造,,80.84,0,0,0,無,無,無,30000,371,,0.0,0,,RPTNMLOKIILFFFR07CC
北區,建物,臺南市北區金華路五段1~30號,0.0,住,,,1051009,土地0建物1車位0,全,4,透天厝,見其他登記事項,見其他登記事項,1031121,358.46,5,2,8,有,無,無,65000,181,,0.0,0,,RPUNMLOKIILFFAD87CC
新市區,建物,臺南市新市區長安街36巷31~60號,0.0,住,,,1051009,土地0建物1車位0,四層,5,華廈(10層含以下有電梯),見其他登記事項,鋼筋混凝土造,1050531,68.1,2,1,1,有,有,有,16000,235,,0.0,0,1.合約書無填具土地租賃面積2.由所有權人提供出租資訊,RPQNMLPKIILFFER76CC
永康區,建物,臺南市永康區正南一街129巷38弄1~30號,0.0,工,,,1051014,土地0建物1車位0,見其他登記事項,2,工廠,見其他登記事項,加強磚造,0750830,223.18,1,2,4,有,無,無,35000,,,0.0,0,,RPPNMLPKIILFFHR96CC
東區,房地(土地+建物)+車位,臺南市東區長榮路一段151~180號,12.66,住,,,1051009,土地2建物1車位1,三層,25,住宅大樓(11層含以上有電梯),住家用,鋼筋混凝土構造,0860919,172.23999999999998,3,2,2,有,有,有,22955,133,坡道平面,24.85,0,,RPSNMLRKIILFFCD18CC
南區,建物,臺南市南區金華路二段15巷1~30號,0.0,住,,,1051006,土地0建物1車位0,一層,4,公寓(5樓含以下無電梯),住家用,鋼筋混凝土構造,0670509,75.67,0,1,1,有,無,無,8000,106,,0.0,0,,RPTNMLSKIILFFCD38CC
北區,建物,臺南市北區林森路三段140巷1~30號,0.0,住,,,1051010,土地0建物1車位0,一層,8,華廈(10層含以下有電梯),見其他登記事項,鋼筋混凝土造,0860802,133.10000000000002,3,2,2,有,有,有,11500,86,,0.0,0,,RPUNMLSKIILFFAD28CC
新營區,房地(土地+建物),臺南市新營區太子路44巷31~60號,84.05,住,,,1051005,土地1建物1車位0,全,3,透天厝,住家用,鋼筋混凝土造,0811114,161.95,4,3,3,有,無,無,12000,74,,0.0,0,,RPUNMLSKIILFFAR07CC
新營區,房地(土地+建物),臺南市新營區復興路61~90號,5.72,商,,,1051010,土地1建物1車位0,三層,7,華廈(10層含以下有電梯),商業用,鋼筋混凝土造,0750603,35.51,2,2,2,有,無,無,10000,282,,0.0,0,,RPXNMLTKIILFFAR47CC
中西區,建物,臺南市中西區府前路一段196巷1~30號,0.0,,,,1050930,土地0建物1車位0,四層,4,公寓(5樓含以下無電梯),住家用,鋼筋混凝土造,0681002,111.25,3,2,2,有,無,有,12000,108,,0.0,0,,RPVNMLTKIILFFAD48CC
北區,建物,臺南市北區西門路四段65巷31~60號,0.0,,,,1051017,土地0建物1車位0,一層,3,店面(店鋪),見其他登記事項,見其他登記事項,0811006,1390.96,0,0,0,無,無,無,460000,331,,0.0,0,,RPSOMLTKIILFFAD28CC
東區,建物,臺南市東區長榮路二段24巷48弄1~30號,0.0,,,,1051008,土地0建物1車位0,五層,5,公寓(5樓含以下無電梯),住家用,鋼筋混凝土構造,0760429,85.69,2,1,1,有,無,有,9000,105,,0.0,0,,RPUNMLTKIILFFCD58CC
南區,建物,臺南市南區新興路183巷16弄1~30號,0.0,,,,1050924,土地0建物0車位0,全,2,透天厝,住家用,加強磚造,0591024,29.75,1,0,1,有,無,有,6000,202,,0.0,0,1.租賃契約書無填寫土地租賃面積2.由所有權人提供租屋資訊3.承租人承租一樓其中一間套房,RPQNMLKLIILFFCD37CC
東區,建物,臺南市東區中華東路二段181~210號,0.0,,,,1050929,土地0建物1車位0,三層,20,住宅大樓(11層含以上有電梯),住家用,鋼筋混凝土構造,0841106,98.94000000000001,2,2,2,有,有,有,18000,182,,0.0,0,,RPSNMLKLIILFFCD57CC
南區,建物,臺南市南區國華街一段151~180號,0.0,住,,,1051008,土地0建物1車位0,全,2,透天厝,住家用,見其他登記事項,0570730,104.64,3,2,2,有,無,有,18000,172,,0.0,0,,RPTNMLKLIILFFCD67CC
南區,建物,臺南市南區新興路41巷10弄1~30號,0.0,,,,1050930,土地0建物1車位0,全,2,透天厝,住家用,加強磚造,0590904,64.53,2,2,1,有,無,有,7000,108,,0.0,0,,RPUNMLKLIILFFCD77CC
南區,建物,臺南市南區新興路183巷16弄1~30號,0.0,,,,1051006,土地0建物0車位0,二層,2,公寓(5樓含以下無電梯),住家用,加強磚造,0591024,59.5,2,1,1,有,無,有,12000,202,,0.0,0,,RPVOMLKLIILFFCD97CC
東區,房地(土地+建物),臺南市東區大學路1~30號,95.0,商,,,1051017,土地1建物1車位0,見其他登記事項,4,店面(店鋪),住商用,鋼筋混凝土構造,0681110,317.47,0,0,0,無,無,無,180000,567,,0.0,0,,RPSPMLKLIILFFCD77CC
中西區,建物,臺南市中西區萬昌街121~150號,0.0,商,,,1051007,土地0建物1車位0,八層,11,住宅大樓(11層含以上有電梯),見其他登記事項,見其他登記事項,0950713,38.12,1,1,1,有,有,有,11000,289,,0.0,0,,RPQNMLKLIILFFAD17CC
北區,建物,臺南市北區育賢街271~300號,0.0,,,,1051006,土地0建物1車位0,五層,5,公寓(5樓含以下無電梯),住家用,鋼筋混凝土造,0750912,131.44,3,2,2,有,無,無,8000,61,,0.0,0,,RPWNMLKLIILFFAD77CC
北區,建物,臺南市北區文賢路1122巷78弄1~30號,0.0,,,,1051006,土地0建物1車位0,全,4,透天厝,住商用,鋼筋混凝土造,0690604,136.41,4,2,3,有,無,無,13000,95,,0.0,0,,RPXNMLKLIILFFAD87CC
北區,建物,臺南市北區勝利路377巷1~30號,0.0,,,,1051010,土地0建物1車位0,二層,5,公寓(5樓含以下無電梯),住家用,鋼筋混凝土造,0720705,95.75999999999999,3,1,2,有,無,有,12000,125,,0.0,0,,RPPOMLKLIILFFAD17CC
安南區,建物,臺南市安南區安中路四段210巷31~60號,0.0,住,,,1051018,土地0建物1車位0,全,3,透天厝,住商用,鋼筋混凝土造,0820401,227.08,4,1,2,有,無,無,14000,62,,0.0,0,,RPSNMLKLIILFFBD47CC
永康區,建物,臺南市永康區中華二路266巷31~60號,0.0,,,,1051006,土地0建物1車位0,五層,7,華廈(10層含以下有電梯),住家用,鋼筋混凝土造,0870602,31.42,1,1,1,有,有,有,13000,414,,0.0,0,,RPPOMLKLIILFFHR66CC
學甲區,土地,興太段811~840地號,1148.32,住,,,1051001,土地1建物0車位0,,,其他,,,,0.0,0,0,0,有,無,無,70000,61,,0.0,0,,RPTNMLKLIILFFDR56CC
永康區,建物,臺南市永康區中華一路1~30號,0.0,其他,,,1051020,土地0建物1車位0,全,4,透天厝,住商用,鋼筋混凝土造,0731001,52.25,1,1,1,有,無,有,9000,172,,0.0,0,,RPTNMLLLIILFFHR07CC
安南區,建物,臺南市安南區府安路五段1~30號,0.0,住,,,1051020,土地0建物1車位0,全,2,透天厝,住商用,加強磚造,0700826,98.18,2,1,2,有,無,無,12000,122,,0.0,0,,RPQNMLLLIILFFBD37CC
歸仁區,建物,臺南市歸仁區中正南路二段1~30號,0.0,住,,,1051007,土地0建物1車位0,全,4,透天厝,住商用,鋼筋混凝土造,0961009,235.21,4,2,3,有,無,有,20000,85,,0.0,0,,RPPNMLLLIILFFFR09CC
永康區,建物,臺南市永康區文化路331~360號,0.0,住,,,1051001,土地0建物1車位0,全,4,透天厝,住商用,鋼筋混凝土造,0961016,198.72,5,3,5,有,無,有,22000,111,,0.0,0,,RPPNMLMLIILFFHR76CC
永康區,土地,六甲頂段841~870地號,273.0,其他,,,1051022,土地1建物0車位0,,,其他,,,,0.0,0,0,0,有,無,無,12000,44,,0.0,0,,RPPPMLOLIILFFHR17CC
安平區,房地(土地+建物),臺南市安平區郡平路31~60號,12.01,住,,,1051023,土地1建物1車位0,十四層,14,住宅大樓(11層含以上有電梯),見其他登記事項,鋼筋混凝土造,0960719,77.68,2,2,2,有,無,有,24500,315,,0.0,0,,RPWNMLOLIILFFAD18CC
東區,建物,臺南市東區青年路421~450號,57.0,住,,,1051007,土地0建物1車位0,一層,7,店面(店鋪),見其他登記事項,鋼筋混凝土構造,0800430,384.47,2,2,4,有,無,無,82000,213,,0.0,0,,RPUNMLOLIILFFCD18CC
東區,建物,臺南市東區富農街一段131巷1~30號,0.0,住,,,1051023,土地0建物1車位0,一層,8,華廈(10層含以下有電梯),住商用,鋼筋混凝土構造,0860307,149.36,3,1,3,有,有,有,16000,107,,0.0,0,,RPVNMLOLIILFFCD28CC
南區,建物,臺南市南區興昌路61~90號,0.0,商,,,1051018,土地0建物1車位0,十層,14,住宅大樓(11層含以上有電梯),見其他登記事項,鋼筋混凝土構造,1050314,136.94,2,1,1,有,無,有,19000,139,,0.0,0,,RPXNMLOLIILFFCD48CC
東區,建物,臺南市東區崇善路571~600號,81.0,商,,,1050924,土地0建物1車位0,一層,4,店面(店鋪),見其他登記事項,見其他登記事項,0930219,37.84,1,1,1,有,無,無,6000,159,,0.0,0,,RPRNMLPLIILFFCD97CC
東區,建物,臺南市東區東門路一段241~270號,110.0,商,,,1051007,土地0建物1車位0,見其他登記事項,2,店面(店鋪),住家用,加強磚造,0570425,87.48,1,4,2,有,無,無,28000,320,,0.0,0,,RPTOMLPLIILFFCD28CC
永康區,房地(土地+建物),臺南市永康區中正路91~120號,103.62,住,,,1051020,土地1建物1車位0,全,5,透天厝,住商用,鋼筋混凝土造,0980616,277.08,5,2,6,有,無,無,28000,101,,0.0,0,,RPTNMLPLIILFFHR57DC
永康區,建物,臺南市永康區大橋一街181~210號,0.0,住,,,1051021,土地0建物1車位0,全,2,透天厝,住商用,加強磚造,0730523,128.81,4,1,3,有,無,無,15000,116,,0.0,0,,RPQNMLQLIILFFHR27CC
永康區,建物,臺南市永康區忠孝路76巷31~60號,0.0,住,,,1051022,土地0建物1車位0,一層,5,公寓(5樓含以下無電梯),住家用,鋼筋混凝土造,0720224,78.47,3,2,2,有,無,有,13000,166,,0.0,0,,RPSNMLQLIILFFHR47CC
東區,建物,臺南市東區東門路三段1~30號,0.0,住,,,1051022,土地0建物1車位0,十四層,23,住宅大樓(11層含以上有電梯),住家用,鋼筋混凝土構造,0841115,123.34,3,2,2,有,無,無,14000,114,,0.0,0,,RPRNMLQLIILFFCD08CC
中西區,建物,臺南市中西區永華一街44巷1~30號,17.28,住,,,1051025,土地0建物1車位0,五層,6,華廈(10層含以下有電梯),住家用,鋼筋混凝土造,0820729,87.66,3,2,1,有,無,有,9000,103,,0.0,0,,RPTNMLQLIILFFAD08CC
安平區,建物,臺南市安平區育平路151~180號,0.0,住,,,1051021,土地0建物1車位0,一層,13,住宅大樓(11層含以上有電梯),商業用,鋼筋混凝土造,0880113,218.23,2,2,2,有,有,有,24000,110,,0.0,0,,RPOOMLRLIILFFAD77CC
北區,建物,臺南市北區北園街8巷1~30號,0.0,商,,,1051026,土地0建物1車位0,三層,19,住宅大樓(11層含以上有電梯),住家用,鋼筋混凝土造,0851202,98.84,2,2,2,有,有,有,15000,152,,0.0,0,,RPROMLRLIILFFAD08CC
中西區,房地(土地+建物),臺南市中西區健康路一段1~30號,119.0,住,,,1051006,土地1建物1車位0,一層,2,店面(店鋪),住家用,磚造,0490101,64.1,0,0,0,無,無,無,33000,515,,0.0,0,,RPUOMLRLIILFFAD38CC
東區,房地(土地+建物),臺南市東區裕平一街121~150號,76.35,住,,,1050930,土地1建物1車位0,全,4,透天厝,見其他登記事項,鋼筋混凝土構造,0880310,189.73,5,2,4,有,無,無,21000,111,,0.0,0,,RPSNMLRLIILFFCD28CC
永康區,房地(土地+建物),臺南市永康區忠義街31~60號,75.83,住,,,1050930,土地1建物1車位0,全,4,透天厝,住商用,鋼筋混凝土造,0770321,216.56,4,2,3,有,無,無,19000,88,,0.0,0,,RPVOMLRLIILFFHR97CC
永康區,土地,鹽東段481~510地號,1323.0,其他,,,1050930,土地1建物0車位0,,,其他,,,,0.0,0,0,0,有,無,無,48000,36,,0.0,0,,RPWOMLRLIILFFHR08CC
新市區,房地(土地+建物),臺南市新市區復興路62巷1~30號,75.99,住,,,1051028,土地1建物1車位0,全,4,透天厝,住商用,鋼筋混凝土造,0850416,167.82,5,2,4,有,無,有,10000,60,,0.0,0,,RPPNMLSLIILFFER07CC
北區,房地(土地+建物),臺南市北區北安路一段211~240號,109.43,商,,,1051021,土地1建物1車位0,見其他登記事項,4,店面(店鋪),住商用,鋼筋混凝土造,0881013,297.91,10,3,5,有,無,有,50000,168,,0.0,0,,RPRNMLSLIILFFAD08CC
北區,房地(土地+建物),臺南市北區實踐街39巷31弄1~30號,0.0,住,,,1051011,土地1建物1車位0,全,3,透天厝,住家用,加強磚造,0751210,109.69,4,2,2,有,無,有,16000,146,,0.0,0,,RPPNMLTLIILFFAD97CC
中西區,土地,中正段781~810地號,9.44,其他,,,1051022,土地1建物0車位0,,,其他,,,,0.0,0,0,0,有,無,無,17000,1801,,0.0,0,,RPRNMLTLIILFFAD18CC
永康區,房地(土地+建物),臺南市永康區復國一路301~330號,239.04,住,,,1051025,土地1建物1車位0,全,5,透天厝,住商用,鋼筋混凝土造,0821115,239.04,5,2,4,有,無,有,20000,84,,0.0,0,,RPXNMLLMIILFFHR57CC
