﻿編號,土地區段位置,土地移轉面積平方公尺,使用分區或編定
The serial number,land sector position,land shifting area square meter,the use zoning or compiles and checks
RPVNMLLJQHLFFBE48CC,成功段,193.48,都市：商
RPOOMLLJQHLFFCE97CC,獅甲段一小段,37.07,都市：住
RPXNMLLJQHLFFEE98CC,藍昌段三小段,.00,都市：商
RPUOMLLJQHLFFDE68CC,中華段二小段,13.95,都市：商
RPQOMLLJQHLFFAE97CC,前金段,11.31,都市：商
RPPOMLLJQHLFFBE97CC,福河段,167.50,都市：住
RPWPMLLJQHLFFDE98CC,中華段一小段,74.00,都市：商
RPTPMLLJQHLFFGE98CC,七老爺段一甲小段,161.00,都市：住
RPRNMLLJQHLFFIE78CC,翠屏段,53.00,都市：住
RPTNMLMJQHLFFEE68CC,福山段,10.53,都市：商
RPXPMLMJQHLFFEE66CC,新庄段二小段,21.32,都市：住
RPSOMLMJQHLFFEE68CC,新庄段七小段,139.00,都市：住
RPSOMLMJQHLFFEE68CC,新庄段七小段,1.00,都市：住
RPPQMLLJQHLFFGE68CC,灣頭段,102.50,都市：住
RPOOMLLJQHLFFEE18CC,新福段七小段,15.15,都市：住
RPOOMLLJQHLFFEE18CC,新福段七小段,15.20,都市：住
RPUOMLMJQHLFFBE58CC,意誠段,.00,都市：商
RPPPMLNJQHLFFCE38CC,明道段,.00,都市：住
RPQNMLNJQHLFFAE08CC,龍華段二小段,.00,都市：住
RPXOMLMJQHLFFBE88CC,新興段一小段,47.00,都市：商
RPQPMLMJQHLFFBE28CC,大統段二小段,123.00,都市：商
RPPOMLLJQHLFFAE87CC,北金段,10.86,都市：商
RPVOMLNJQHLFFCE88CC,明道段,.00,都市：住
RPRPMLLJQHLFFGE78CC,明頂段,70.55,都市：住
RPRPMLLJQHLFFGE78CC,明頂段,3.30,都市：住
RPUNMLNJQHLFFBE58CC,苓東段,21.77,都市：其他
RPUNMLNJQHLFFBE58CC,苓東段,5.92,都市：其他
RPROMLNJQHLFFAE28CC,青海段,13.24,都市：住
RPVOMLNJQHLFFAE68CC,青海段,18.53,都市：住
RPWOMLNJQHLFFAE78CC,龍華段一小段,67.00,都市：住
RPUOMLNJQHLFFAE58CC,大榮段,.00,都市：商
RPUOMLNJQHLFFAE58CC,大榮段,.00,都市：住
RPWNMLNJQHLFFEE09CC,新光段,76.27,都市：住
RPRPMLNJQHLFFGE98CC,中崙段,41.29,都市：住
RPSNMLNJQHLFFAE28CC,龍華段二小段,92.00,都市：住
RPPPMLNJQHLFFDE48CC,鼎泰段一小段,137.51,都市：住
RPUNMLOJQHLFFLE07CC,磚子段,624.09,都市：農
RPWNMLOJQHLFFGE76CC,文英段,19.66,都市：住
RPWNMLNJQHLFFIE86CC,竹園段,1159.00,都市：農
RPOPMLNJQHLFFDE38CC,陽明段四小段,58.00,都市：住
RPUNMLOJQHLFFIE76CC,澄觀段,430.00,都市：其他
RPSNMLOJQHLFFAE38CC,旗津段,.00,非都市： ; 非都市編定：
RPSNMLOJQHLFFAE38CC,旗津段,.00,非都市： ; 非都市編定：
RPTNMLOJQHLFFCE68CC,明道段,.00,都市：住
RPQNMLNJQHLFFDE38CC,覆鼎金段覆鼎金小段,69.00,都市：住
RPXOMLNJQHLFFDE56CC,大豐段二小段,93.00,都市：住
RPXOMLNJQHLFFDE56CC,大豐段二小段,56.00,都市：住
RPXOMLNJQHLFFDE56CC,大豐段二小段,53.00,都市：住
RPUNMLOJQHLFFCE78CC,明道段,.00,都市：住
RPSNMLOJQHLFFBE48CC,意誠段,.00,都市：商
RPQNMLPJQHLFFCE48CC,瑞隆段三小段,82.00,都市：住
RPOOMLOJQHLFFBE18CC,新興段三小段,6.80,都市：商
RPROMLPJQHLFFDE78CC,長明段,60.37,都市：商
RPTNMLOJQHLFFBE58CC,新興段三小段,72.00,都市：其他
RPTNMLPJQHLFFFE56DC,介壽段,64.00,都市：住
RPTNMLPJQHLFFFE56DC,介壽段,64.00,都市：住
RPVNMLPJQHLFFCE98CC,獅甲段二小段,.00,都市：其他
RPSNMLPJQHLFFFE98CC,介壽段,3.34,都市：住
RPQNMLQJQHLFFCE58CC,獅甲段二小段,16.76,都市：商
RPPNMLQJQHLFFAE28CC,旗汕段,264.00,都市：商
RPPNMLQJQHLFFFE78CC,大全段,165.00,都市：住
RPPNMLQJQHLFFAE28CC,旗汕段,52.00,都市：商
RPRNMLSJQHLFFCE88CC,光華段一小段,46.80,都市：住
RPVNMLSJQHLFFCE66CC,愛群段,5.94,都市：住
RPVOMLSJQHLFFCE76CC,愛群段,82.53,都市：商
RPUOMLSJQHLFFAE09CC,龍中段,45.99,都市：商
RPWNMLSJQHLFFBE66CC,過田子段,.00,都市：商
RPWOMLSJQHLFFAE66CC,青海段,117.71,都市：住
RPWOMLSJQHLFFAE66CC,青海段,117.64,都市：住
RPOOMLSJQHLFFBE58CC,過田子段,.00,都市：商
RPVOMLSJQHLFFAE56CC,北金段,.00,都市：商
RPXNMLSJQHLFFBE76CC,成功段,.00,都市：商
RPXOMLSJQHLFFAE76CC,龍中段,13.03,都市：住
RPUPMLSJQHLFFDE86CC,中華段二小段,.00,都市：商
RPQNMLQJQHLFFGE98CC,赤山段,26.19,都市：住
RPPOMLSJQHLFFGE56CC,新庄子段,21.61,都市：住
RPRNMLPJQHLFFGE09DC,七老爺段一甲小段,67.00,都市：住
RPUOMLSJQHLFFGE07CC,七老爺段一甲小段,67.00,都市：住
RPSNMLSJQHLFFHE96DC,旗南段,63.65,都市：商
RPRNMLSJQHLFFHE86DC,旗南段,63.57,都市：商
RPQOMLTJQHLFFDE09CC,覆鼎金段覆鼎金小段,72.00,都市：住
RPQOMLTJQHLFFDE09CC,覆鼎金段覆鼎金小段,72.00,都市：住
RPRNMLQJQHLFFGE09CC,鳳西段,14.74,都市：住
RPPOMLTJQHLFFDE98CC,金獅段,505.43,都市：商
RPPOMLTJQHLFFDE98CC,金獅段,864.82,都市：商
RPPOMLTJQHLFFDE98CC,金獅段,375.33,都市：商
RPQPMLTJQHLFFGE86CC,曹公段,259.86,都市：工
RPQNMLTJQHLFFDE98CC,三塊厝段四小段,13.10,都市：住
RPPOMLTJQHLFFIE86CC,仁德段,80.00,都市：住
RPSNMLTJQHLFFBE98CC,大統段二小段,20.25,都市：商
RPRNMLTJQHLFFBE88CC,大統段二小段,145.00,都市：商
RPRNMLTJQHLFFBE88CC,大統段二小段,78.00,都市：商
RPRNMLTJQHLFFBE88CC,大統段二小段,3.00,都市：其他
RPPOMLTJQHLFFAE68CC,青海段,117.38,都市：住
RPSNMLTJQHLFFIE07CC,大安段,99.00,都市：住
RPUNMLSJQHLFFIE27DC,烏林段,892.56,非都市：一般農業區 ; 非都市編定：丁種建築用地
RPVOMLTJQHLFFAE66CC,青海段,340.54,都市：住
RPTNMLKKQHLFFAE18CC,龍華段八小段,15.04,都市：商
RPTNMLKKQHLFFCE38CC,坪頂段,85.37,都市：住
RPQOMLTJQHLFFAE78CC,青海段,117.29,都市：住
RPQOMLTJQHLFFAE78CC,青海段,119.16,都市：住
RPUNMLKKQHLFFAE28CC,前金段,8.39,都市：住
RPRNMLKKQHLFFCE18CC,獅甲段,.31,都市：住
RPRNMLKKQHLFFCE18CC,獅甲段,.97,都市：住
RPUNMLKKQHLFFAE28CC,北金段,4.91,都市：住
RPOUMLKKQHLFFBE48CC,新興段三小段,.00,都市：商
RPROMLKKQHLFFGE68CC,文山段,23.70,都市：住
RPTOMLKKQHLFFDE58CC,中華段二小段,13.43,都市：商
RPRSMLKKQHLFFBE58CC,五權段,23.15,都市：住
RPSPMLKKQHLFFGE88CC,七老爺段一甲小段,47.00,都市：住
RPOTMLKKQHLFFBE38CC,意誠段,.00,都市：商
RPQNMLKKQHLFFEE28CC,芎蕉段,381.18,都市：住
RPRNMLKKQHLFFEE38CC,芎蕉段,380.00,都市：住
RPOPMLKKQHLFFEE28CC,新庄段七小段,9.59,都市：住
RPUNMLKKQHLFFCE48CC,獅甲段,.51,都市：住
RPUNMLKKQHLFFCE48CC,獅甲段,1.62,都市：住
RPVNMLLKQHLFFJE76CC,大同段,300.00,都市：工
RPUNMLLKQHLFFBE48CC,意誠段,.00,都市：商
RPVNMLLKQHLFFBE58CC,意誠段,.00,都市：商
RPWOMLKKQHLFFEE98CC,興隆段,24.17,都市：住
RPVNMLLKQHLFFCE68CC,獅甲段二小段,86.25,都市：住
RPWNMLLKQHLFFJE86CC,竹西段,62.80,都市：住
RPPOMLLKQHLFFEE38CC,菜公段二小段,959.00,都市：工
RPPOMLLKQHLFFEE38CC,菜公段二小段,1768.00,都市：工
RPPOMLLKQHLFFEE38CC,菜公段二小段,1770.00,都市：工
RPPOMLMKQHLFFCE28CC,獅甲段一小段,33.13,都市：住
RPOPMLMKQHLFFEE48CC,福民段,6.69,都市：住
RPQNMLMKQHLFFCE28CC,憲德段一小段,10.65,都市：商
RPPPMLMKQHLFFDE48CC,大順段,12.00,都市：住
RPUOMLMKQHLFFBE68CC,五權段,.00,都市：住
RPWOMLMKQHLFFDE09CC,鼎祥段,10.44,都市：住
RPSNMLMKQHLFFAE28CC,青海段,49.25,都市：住
RPPNMLNKQHLFFGE68CC,五甲段,25.92,非都市： ; 非都市編定：
RPTOMLPKQHLFFDE09CC,大港段二小段,.00,都市：商
RPVNMLMKQHLFFGE56CC,道爺段,73.00,都市：住
RPVNMLMKQHLFFGE56CC,道爺段,56.00,都市：住
RPQNMLNKQHLFFDE48CC,大港段四小段,8.57,都市：商
RPUOMLPKQHLFFEE66CC,新庄段十三小段,55.24,非都市： ; 非都市編定：
RPWNMLPKQHLFFEE76CC,新庄段十三小段,21.50,都市：商
RPXOMLPKQHLFFGE17CC,七老爺段一甲小段,20.46,非都市： ; 非都市編定：
RPXOMLPKQHLFFGE17CC,七老爺段一甲小段,2.11,非都市： ; 非都市編定：
RPXOMLPKQHLFFGE17CC,七老爺段一甲小段,2.63,非都市： ; 非都市編定：
RPUNMLPKQHLFFLE27CC,赤崁段潮州寮小段,2091.00,都市：工
RPTNMLQKQHLFFBE88CC,新興段二小段,27.83,都市：商
RPWOMLPKQHLFFGE07CC,鳳甲段,22.07,非都市： ; 非都市編定：
RPTOMLPKQHLFFIE96CC,赤南段,77.00,都市：住
RPPNMLQKQHLFFCE58CC,愛群段,2.42,都市：住
RPXNMLPKQHLFFBE56CC,新興段四小段,.00,都市：商
RPUNMLPKQHLFFBE88CC,林德官段四小段,3.24,都市：商
RPXNMLPKQHLFFBE56CC,新興段四小段,.00,都市：商
RPSNMLPKQHLFFBE68CC,過田子段,370.00,都市：商
RPWNMLPKQHLFFBE09CC,新興段四小段,.00,都市：商
RPWNMLPKQHLFFBE09CC,新興段四小段,.00,都市：商
RPVNMLQKQHLFFCE56CC,高松段,19.04,都市：住
RPQOMLQKQHLFFEE98CC,新庄段十三小段,.00,都市：其他
RPROMLQKQHLFFEE09CC,新博段,17.88,都市：住
RPXOMLQKQHLFFEE07CC,清豐段,52.96,都市：住
RPVNMLQKQHLFFAE98CC,大榮段,3.00,都市：商
RPVNMLQKQHLFFAE98CC,大榮段,18.00,都市：商
RPVNMLQKQHLFFAE98CC,大榮段,128.00,都市：商
RPVNMLQKQHLFFGE96CC,中崙段,64.76,都市：住
RPPPMLQKQHLFFEE98CC,新庄段十三小段,.00,都市：商
RPWOMLQKQHLFFEE96CC,和平段五小段,55.56,都市：商
RPWOMLQKQHLFFEE96CC,和平段五小段,13.20,都市：住
RPXNMLQKQHLFFDE86CC,建安段,12.20,都市：商
RPPNMLQKQHLFFAE38CC,龍華段八小段,5.25,都市：住
RPOOMLRKQHLFFDE78CC,灣和段,.00,都市：住
RPQRMLRKQHLFFEE76CC,新庄段七小段,.00,都市：住
RPVNMLRKQHLFFGE07CC,中崙段,21.60,都市：住
RPURMLRKQHLFFEE17CC,莒光段三小段,27.57,都市：住
RPORMLRKQHLFFEE56CC,新光段,.00,都市：商
RPROMLRKQHLFFBE88CC,林德官段,.00,都市：商
RPPNMLRKQHLFFBE58CC,過田子段,143.00,都市：其他
RPTOMLRKQHLFFBE09CC,林德官段二小段,.00,都市：住
RPWNMLSKQHLFFBE76CC,新興段一小段,10.72,都市：住
RPUOMLRKQHLFFBE56CC,意誠段,.00,都市：商
RPOOMLSKQHLFFBE68CC,林德官段,14.74,都市：商
RPOPMLSKQHLFFCE88CC,憲德段一小段,68.00,都市：住
RPTOMLSKQHLFFAE09CC,龍華段二小段,97.00,都市：住
RPQQMLSKQHLFFEE76CC,福山段,55.53,都市：商
RPVOMLSKQHLFFAE66CC,青海段,16.77,都市：住
RPSNMLSKQHLFFEE66CC,新庄段八小段,.00,都市：住
RPSNMLSKQHLFFEE66CC,新庄段八小段,.00,都市：住
RPROMLSKQHLFFGE86CC,大貝湖段,.00,都市：住
RPVNMLTKQHLFFDE96CC,中華段二小段,.00,都市：商
RPVOMLTKQHLFFDE07CC,大豐段一小段,12.07,都市：住
RPUNMLTKQHLFFAE56CC,前金段,2.55,都市：住
RPQNMLTKQHLFFAE78CC,青海段,11.55,都市：住
RPXQMLSKQHLFFEE47CC,福山段,9.96,都市：商
RPUNMLTKQHLFFCE76CC,愛群段,.00,都市：商
RPPNMLTKQHLFFBE78CC,新興段四小段,8.15,都市：商
RPPNMLTKQHLFFBE78CC,新興段四小段,2.10,都市：商
RPRNMLTKQHLFFEE66CC,果貿段,19.81,都市：住
RPPPMLTKQHLFFEE66CC,新庄段十二小段,.00,都市：住
RPOPMLTKQHLFFGE76CC,大貝湖段,244.88,都市：住
RPUNMLTKQHLFFBE66CC,林德官段,73.00,都市：商
RPSNMLTKQHLFFBE09CC,五塊厝段,13.10,都市：商
RPPNMLKLQHLFFCE08CC,瑞崗段四小段,74.00,都市：住
RPPNMLKLQHLFFCE08CC,瑞崗段四小段,34.00,都市：住
RPPNMLKLQHLFFCE08CC,瑞崗段四小段,3.00,都市：住
RPVNMLTKQHLFFBE76CC,林德官段,73.00,都市：商
RPPNMLKLQHLFFLE98CC,溪州段,72.00,都市：住
RPTNMLMLQHLFFGE09CC,中崙段,35.91,都市：商
RPPNMLKLQHLFFGE48CC,竹子腳段,22.46,都市：住
RPRNMLMLQHLFFGE88CC,頂宏段,908.58,都市：住
RPRNMLMLQHLFFGE88CC,頂宏段,1051.45,都市：住
RPROMLMLQHLFFDE68CC,建德段,161.00,都市：商
RPROMLMLQHLFFDE68CC,建德段,174.00,都市：商
RPQNMLMLQHLFFBE28CC,福裕段,41.00,都市：住
RPUOMLMLQHLFFBE78CC,新興段二小段,71.00,都市：商
RPUOMLMLQHLFFBE78CC,新興段二小段,16.00,都市：商
RPUOMLMLQHLFFBE78CC,新興段二小段,82.00,都市：商
RPQOMLMLQHLFFAE28CC,龍華段八小段,499.00,都市：商
RPQNMLNLQHLFFBE38CC,過田子段,.00,都市：商
RPVOMLMLQHLFFBE88CC,新興段二小段,72.00,都市：商
RPPNMLNLQHLFFAE18CC,前金段,3000.00,都市：商
RPPPMLMLQHLFFEE68CC,福山段,15.88,都市：商
RPTNMLMLQHLFFBE58CC,意誠段,5.42,都市：住
RPRNMLNLQHLFFAE38CC,龍水段一小段,.00,都市：商
RPPNMLNLQHLFFBE28CC,苓洲段,.00,非都市： ; 非都市編定：
RPUOMLNLQHLFFEE56CC,福民段,24.14,都市：住
RPSNMLOLQHLFFLE17DC,山子頂段,.00,都市：住
RPRNMLNLQHLFFIE56CC,瑞鴻段,81.90,都市：住
RPTOMLNLQHLFFEE09CC,新庄段十三小段,272.00,都市：商
RPXOMLOLQHLFFEE96CC,福山段,17.01,都市：商
RPPPMLOLQHLFFEE88CC,新福段七小段,8.96,都市：住
RPPPMLNLQHLFFEE78CC,新庄段十二小段,.00,非都市： ; 非都市編定：
RPRNMLNLQHLFFEE78CC,和平段五小段,11.58,都市：住
RPQNMLNLQHLFFIE09CC,瑞鴻段,81.90,都市：住
RPTNMLOLQHLFFGE66CC,頂新段,216.78,都市：住
RPQNMLOLQHLFFAE38CC,前金段,.00,都市：商
RPVNMLOLQHLFFAE88CC,龍華段二小段,32.16,都市：住
RPVNMLOLQHLFFBE98CC,意誠段,.00,都市：商
RPWNMLOLQHLFFBE09CC,意誠段,.00,都市：商
RPOOMLOLQHLFFBE38CC,林興段,49.00,都市：住
RPQNMLTKQHLFFCE98CC,盛興段,18.79,都市：住
RPPOMLOLQHLFFBE48CC,林德官段一小段,.00,都市：住
RPRPMLOLQHLFFEE09CC,新庄段七小段,11.36,都市：住
RPRNMLTKQHLFFCE09CC,愛群段,16.18,都市：商
RPROMLOLQHLFFBE68CC,新興段二小段,48.00,都市：商
RPROMLOLQHLFFBE68CC,新興段二小段,87.00,都市：商
RPROMLOLQHLFFBE68CC,新興段二小段,137.00,都市：商
RPROMLOLQHLFFBE68CC,新興段二小段,14.00,都市：商
RPVOMLPLQHLFFAE09CC,龍中段,6.99,都市：商
RPVOMLPLQHLFFAE09CC,龍中段,6.91,都市：商
RPTPMLOLQHLFFEE66CC,新庄段三小段,14.70,都市：住
RPQOMLPLQHLFFCE78CC,中厝段,98.00,都市：住
RPUOMLPLQHLFFAE98CC,龍中段,7.01,都市：商
RPWOMLPLQHLFFAE56CC,前金段,2.28,都市：商
RPROMLPLQHLFFCE88CC,憲德段二小段,25.02,都市：商
RPTNMLPLQHLFFDE09CC,建昌段,26.18,都市：住
RPPNMLQLQHLFFEE88CC,新庄段八小段,.00,都市：住
RPSOMLPLQHLFFAE78CC,龍華段八小段,.00,都市：商
RPSOMLPLQHLFFDE09CC,灣復段,86.85,都市：商
RPSOMLPLQHLFFDE09CC,灣復段,25.72,都市：商
RPTNMLQLQHLFFDE56CC,建德段,14.45,都市：住
RPRNMLPLQHLFFEE98CC,德昌段,28.39,都市：住
RPXNMLQLQHLFFGE27CC,大貝湖段,282.95,都市：住
RPVNMLQLQHLFFEE86CC,新福段九小段,.00,都市：商
RPTNMLQLQHLFFCE09CC,孔宅段,15.76,都市：住
RPSNMLQLQHLFFBE88CC,五塊厝段,27.72,都市：住
RPRNMLQLQHLFFBE78CC,意誠段,12.42,都市：商
RPUNMLQLQHLFFAE98CC,前金段,.00,都市：商
RPOPMLQLQHLFFCE88DC,愛群段,2.29,都市：商
RPVNMLQLQHLFFBE56CC,過田子段,.00,都市：商
RPRNMLRLQHLFFFE66CC,大紅段,32.19,都市：住
RPRNMLRLQHLFFFE66CC,大紅段,.03,都市：住
RPRNMLRLQHLFFFE66CC,大紅段,2.10,都市：住
RPPNMLRLQHLFFFE09CC,大公段,192.00,都市：住
RPVOMLTLQHLFFCE07CC,獅甲段二小段,102.48,都市：其他
RPQOMLTLQHLFFCE56CC,愛群段,7.06,都市：商
RPQOMLTLQHLFFCE56CC,愛群段,33.75,都市：商
RPQOMLTLQHLFFCE56CC,愛群段,5.50,都市：商
RPQOMLTLQHLFFCE56CC,愛群段,3.25,都市：商
RPVNMLQLQHLFFCE66CC,桂林段,105.00,都市：住
RPROMLTLQHLFFDE76CC,大港段二小段,13.40,都市：商
RPPNMLTLQHLFFEE56CC,新庄段十三小段,14.61,都市：商
RPWOMLTLQHLFFCE17CC,獅甲段二小段,102.48,都市：其他
RPQNMLTLQHLFFGE86CC,大貝湖段,340.12,都市：住
RPXNMLTLQHLFFCE17CC,山明段,16.14,都市：住
RPQPMLQLQHLFFCE98CC,憲德段一小段,.00,都市：商
RPWNMLKMQHLFFEE09CC,新庄段十三小段,136.00,都市：商
RPXNMLTLQHLFFDE27CC,三塊厝段三小段,.00,都市：住
RPWNMLKMQHLFFBE78CC,正德段,82.29,都市：住
RPVNMLKMQHLFFGE56CC,埤頂段,71.84,都市：住
RPOOMLKMQHLFFEE38CC,福山段,79.47,都市：住
RPOOMLLMQHLFFBE18CC,林德官段,8.46,都市：商
RPXNMLLMQHLFFBE98CC,意誠段,.00,都市：商
RPPOMLKMQHLFFBE18CC,過田子段,1.52,都市：商
RPPOMLKMQHLFFBE18CC,過田子段,.14,都市：其他
RPWNMLLMQHLFFFE66CC,大仁段,88.00,都市：商
RPROMLLMQHLFFDE68CC,灣昌段,263.20,都市：住
RPROMLLMQHLFFDE68CC,灣昌段,1.64,都市：住
RPROMLLMQHLFFDE68CC,灣昌段,53.70,都市：住
RPTNMLLJRHLFFFE78CC,橋南段,28.00,都市：住
RPUNMLLMQHLFFGE56CC,竹子腳段,30.39,都市：住
RPUNMLLMQHLFFGE56CC,竹子腳段,.25,都市：住
RPVOMLLJRHLFFDE88CC,建民段,11.91,都市：商
RPWOMLLJRHLFFDE98CC,三塊厝段,75.00,都市：商
RPQOMLLJRHLFFDE38CC,三塊厝段五小段,287.00,都市：住
RPXOMLLMQHLFFEE86DC,芎蕉段,14.82,都市：其他
RPTNMLLJRHLFFEE68CC,右昌段六小段,134.00,都市：住
RPTOMLLJRHLFFEE78CC,新庄段十三小段,6.24,都市：商
RPSPMLLJRHLFFEE78CC,新庄段十二小段,24.30,都市：住
RPQOMLLJRHLFFEE48CC,新福段七小段,11.56,都市：住
RPPNMLLJRHLFFBE97CC,福河段,94.00,都市：商
RPSOMLLJRHLFFEE68CC,新博段,18.56,都市：住
RPTNMLLJRHLFFBE38CC,過田子段,.00,都市：商
RPPOMLLJRHLFFEE38CC,新庄段五小段,26.32,都市：住
RPUOMLLJRHLFFEE88CC,新庄段十三小段,6.70,都市：商
RPSNMLLJRHLFFCE38CC,獅甲段二小段,31.53,都市：住
RPWNMLLJRHLFFBE68CC,意誠段,.00,都市：商
RPUNMLLJRHLFFCE58CC,店鎮段二小段,10.00,都市：住
RPUNMLLJRHLFFCE58CC,店鎮段二小段,69.00,都市：住
RPUNMLLJRHLFFBE48CC,新興段四小段,.00,都市：商
RPWNMLLJRHLFFCE78CC,瑞隆段三小段,43.56,都市：住
RPUNMLLJRHLFFBE48CC,新興段四小段,.00,都市：商
RPROMLLJRHLFFCE38CC,愛群段,.00,都市：商
RPQOMLLJRHLFFCE28CC,愛群段,16.99,都市：商
RPVNMLLJRHLFFAE48CC,青海段,.00,非都市： ; 非都市編定：
RPQOMLLJRHLFFAE08CC,青海段,34.42,都市：住
RPTNMLMJRHLFFBE48CC,林德官段二小段,.00,非都市： ; 非都市編定：
RPRNMLMJRHLFFBE28CC,新興段二小段,50.00,都市：商
RPPNMLMJRHLFFBE08CC,大統段二小段,13.00,都市：其他
RPPNMLMJRHLFFBE08CC,大統段二小段,37.00,都市：商
RPPNMLMJRHLFFBE08CC,大統段二小段,62.00,都市：商
RPPNMLMJRHLFFBE08CC,大統段二小段,87.00,都市：商
RPPNMLMJRHLFFBE08CC,大統段二小段,11.00,都市：其他
RPXNMLMJRHLFFEE56CC,新庄段八小段,.00,都市：商
RPWNMLMJRHLFFEE09CC,新庄段八小段,.00,都市：商
RPPNMLMJRHLFFAE97CC,龍中段,38.15,都市：商
RPVOMLMJRHLFFAE68CC,龍中段,11.87,都市：其他
RPOOMLMJRHLFFAE97CC,前金段,31.00,都市：商
RPOOMLMJRHLFFAE97CC,前金段,218.00,都市：商
RPOOMLMJRHLFFAE97CC,前金段,27.00,都市：商
RPWNMLMJRHLFFAE68CC,龍華段八小段,11.66,都市：商
RPUNMLNJRHLFFEE98CC,新庄段十三小段,12.89,都市：商
RPRNMLNJRHLFFEE68CC,新庄段十三小段,12.90,都市：住
RPSNMLNJRHLFFEE78CC,新民段,7.63,都市：商
RPTNMLLJRHLFFAE28CC,興福段,76.00,都市：住
RPXOMLMJRHLFFDE56CC,義民段,.00,都市：商
RPXOMLMJRHLFFDE56CC,義民段,.00,都市：商
RPPNMLNJRHLFFGE68CC,竹子腳段,18.00,都市：住
RPPNMLNJRHLFFGE68CC,竹子腳段,30.00,都市：住
RPPNMLNJRHLFFGE68CC,竹子腳段,32.00,都市：住
RPPNMLNJRHLFFBE18CC,大港埔段,10.06,都市：商
RPQNMLPJRHLFFBE48CC,過田子段,111.75,都市：其他
RPTNMLNJRHLFFEE88CC,果貿段,40.89,都市：其他
RPTNMLPJRHLFFBE78CC,意誠段,.00,都市：商
RPSNMLPJRHLFFBE68CC,意誠段,.00,都市：商
RPQNMLPJRHLFFAE38CC,青海段,.00,都市：商
RPXNMLPJRHLFFGE07CC,新庄子段,61.00,都市：住
RPPNMLPJRHLFFCE48CC,愛群段,.00,都市：住
RPROMLPJRHLFFGE56CC,頂新段,12.42,都市：商
RPQOMLPJRHLFFDE78CC,獅頭段一小段,33.11,都市：住
RPVNMLQJRHLFFFE86CC,為隨段,1633.00,非都市：特定農業區 ; 非都市編定：農牧用地
RPOQMLQJRHLFFDE88CC,陽明段二小段,4.83,都市：住
RPOQMLQJRHLFFDE88CC,陽明段二小段,12.40,都市：住
RPUNMLPJRHLFFDE09CC,灣內段,14.61,都市：工
RPUNMLPJRHLFFAE78CC,博孝段,61.00,都市：商
RPPOMLQJRHLFFDE78CC,大港段,.00,都市：住
RPWOMLQJRHLFFBE66CC,林德官段二小段,8.30,都市：住
RPWOMLQJRHLFFBE66CC,林德官段二小段,8.30,都市：住
RPVOMLQJRHLFFAE56DC,龍華段八小段,22.67,都市：商
RPTNMLRJRHLFFFE76CC,為隨段,252.00,非都市：特定農業區 ; 非都市編定：丁種建築用地
RPSNMLRJRHLFFFE66CC,鳳龍段,235.57,非都市：一般農業區 ; 非都市編定：丁種建築用地
RPPOMLRJRHLFFBE68CC,過田子段,61.00,都市：商
RPPOMLRJRHLFFBE68CC,過田子段,14.00,都市：商
RPTNMLRJRHLFFAE98DC,龍華段八小段,22.67,都市：商
RPXNMLRJRHLFFCE86CC,憲德段二小段,.00,都市：商
RPUNMLRJRHLFFFE86CC,灣裡段,784.00,都市：工
RPRNMLRJRHLFFFE56CC,富貴段,391.00,都市：工
RPVNMLRJRHLFFLE67DC,山子頂段,.00,都市：住
RPPNMLRJRHLFFBE58CC,意誠段,12.05,都市：商
RPPOMLSJRHLFFDE98CC,凱歌段,81.50,非都市： ; 非都市編定：
RPUNMLSJRHLFFDE76CC,大裕段一小段,67.00,都市：住
RPTNMLRJRHLFFEE66CC,芎蕉段,15.11,都市：商
RPVNMLRJRHLFFEE86CC,芎蕉段,17.05,都市：商
RPTOMLRJRHLFFAE98CC,龍中段,14.72,都市：商
RPQNMLSJRHLFFAE68CC,博孝段,.00,都市：商
RPUNMLRJRHLFFEE76CC,芎蕉段,18.92,都市：商
RPQOMLSJRHLFFAE78CC,青海段,20.11,都市：住
RPTNMLSJRHLFFGE96CC,鳳青段,.00,都市：住
RPTNMLSJRHLFFGE96CC,鳳青段,.00,都市：住
RPTNMLSJRHLFFBE09CC,新興段一小段,.00,都市：商
RPSNMLSJRHLFFIE07CC,新後港西段,659.83,都市：住
RPROMLSJRHLFFAE88CC,興福段,30.04,都市：住
RPRNMLSJRHLFFAE88DC,龍華段八小段,22.67,都市：商
RPVNMLTJRHLFFDE07DC,大港段五小段,46.00,都市：商
RPWNMLTJRHLFFIE57CC,澄清段,108.79,都市：住
RPXNMLTJRHLFFAE86CC,龍中段,12.98,都市：商
RPUOMLRJRHLFFEE86CC,左東段,15.59,都市：住
RPSNMLTJRHLFFCE56CC,瑞隆段一小段,.00,都市：住
RPQNMLTJRHLFFGE76CC,五甲段,.00,都市：住
RPVNMLTJRHLFFCE86CC,獅甲段二小段,10.77,都市：住
RPWNMLTJRHLFFCE96CC,獅甲段二小段,8.50,都市：住
RPPNMLTJRHLFFGE66CC,大貝湖段,691.35,都市：住
RPQNMLKKRHLFFCE18CC,孔宅段,25.50,都市：住
RPXNMLTJRHLFFCE07CC,獅甲段,1.34,都市：住
RPXNMLTJRHLFFCE07CC,獅甲段,4.21,都市：住
RPUNMLKKRHLFFCE58CC,宏明段,12.12,都市：商
RPWNMLMKRHLFFIE96CC,澄合段,1959.60,都市：住
RPTNMLKKRHLFFBE48DC,林德官段,.00,都市：商
RPVNMLKKRHLFFBE68DC,林德官段,.00,都市：商
RPOOMLTJRHLFFEE09CC,建華段,244.00,都市：住
RPOOMLTJRHLFFEE09CC,左北段,99.00,都市：住
RPUNMLKKRHLFFBE58DC,林德官段,.00,都市：商
RPSNMLMKRHLFFBE48CC,新興段一小段,2.36,都市：商
RPSNMLMKRHLFFBE48CC,新興段一小段,4.49,都市：商
RPPOMLMKRHLFFBE28CC,意誠段,.00,都市：商
RPQOMLMKRHLFFBE38CC,意誠段,.00,都市：商
RPTOMLMKRHLFFBE68CC,正德段,.00,都市：住
RPTOMLTJRHLFFAE56CC,龍華段二小段,115.00,都市：住
RPUOMLMKRHLFFBE78CC,苓洲段,4.75,都市：商
RPWOMLMKRHLFFBE98CC,過田子段,.00,都市：商
RPXOMLMKRHLFFBE09CC,過田子段,.00,都市：商
RPTOMLMKRHLFFEE98CC,新庄段五小段,27.60,都市：住
RPQOMLMKRHLFFEE68CC,高昌段,428.75,都市：住
RPXNMLMKRHLFFGE86CC,竹子腳段,84.00,都市：其他
RPXNMLMKRHLFFGE86CC,竹子腳段,68.00,都市：其他
RPSOMLMKRHLFFEE88CC,加昌段,14.72,都市：商
RPSOMLMKRHLFFEE88CC,加昌段,8.99,都市：住
RPVOMLMKRHLFFBE88CC,過田子段,.00,都市：商
RPRPMLNKRHLFFGE56CC,文山段,50.00,都市：住
RPROMLMKRHLFFBE48CC,苓雅寮段,.00,都市：商
RPPNMLNKRHLFFAE18CC,龍華段九小段,2348.00,都市：住
RPTNMLMKRHLFFAE48CC,內惟段六小段,59.00,都市：住
RPOPMLMKRHLFFBE28CC,新興段四小段,.00,都市：商
RPPPMLNKRHLFFEE78CC,和平段四小段,78.00,都市：其他
RPWPMLNKRHLFFEE86CC,菜公段六小段,14.62,都市：住
RPWNMLNKRHLFFEE66CC,和平段四小段,15.06,都市：住
RPOOMLNKRHLFFEE58CC,和平段四小段,15.06,都市：住
RPROMLNKRHLFFEE88CC,翠屏段一小段,16.00,都市：住
RPQNMLQKRHLFFCE78CC,愛群段,.00,非都市： ; 非都市編定：
RPPNMLQKRHLFFBE58CC,林德官段,.00,都市：商
RPQNMLQKRHLFFAE58CC,前峰段,.00,非都市： ; 非都市編定：
RPPNMLQKRHLFFCE68CC,愛群段,10.64,都市：其他
RPSNMLQKRHLFFBE88CC,新興段四小段,.00,都市：商
RPQNMLQKRHLFFEE98CC,新庄段十三小段,272.00,都市：商
RPQOMLNKRHLFFAE38CC,龍中段,18.68,都市：住
RPPNMLQKRHLFFLE07DC,山子頂段,.00,都市：住
RPPNMLQKRHLFFAE48CC,博孝段,.00,都市：商
RPVNMLTKRHLFFGE37CC,灣頭段,81.70,都市：住
RPQNMLQKRHLFFLE17DC,山子頂段,.00,都市：住
RPPNMLRKRHLFFEE09DC,菜公段六小段,11.92,都市：住
RPSNMLQKRHLFFAE78CC,青海段,117.38,都市：住
RPSNMLTKRHLFFGE07CC,三甲段,65.60,都市：住
RPVOMLTKRHLFFEE27CC,新庄段十三小段,3.89,都市：商
RPPNMLQKRHLFFEE88CC,和平段五小段,2.00,都市：住
RPPNMLQKRHLFFEE88CC,和平段五小段,79.00,都市：住
RPUOMLTKRHLFFGE37CC,鳳甲段,17.97,都市：住
RPPNMLQKRHLFFEE88CC,和平段五小段,79.00,都市：住
RPPOMLTKRHLFFDE56CC,覆鼎金段覆鼎金小段,.00,都市：住
RPQOMLTKRHLFFDE66CC,覆鼎金段覆鼎金小段,.00,都市：住
RPQNMLTKRHLFFDE56CC,大港段,14.16,都市：商
RPPOMLTKRHLFFCE09CC,愛群段,5.94,都市：商
RPUNMLTKRHLFFBE76CC,苓洲段,4.23,都市：商
RPVNMLTKRHLFFBE86CC,新興段三小段,9.32,都市：商
RPRNMLTKRHLFFCE56CC,莊段,88.00,都市：住
RPQOMLTKRHLFFCE56CC,愛群段,4.52,都市：商
RPUNMLKLRHLFFAE48CC,青海段,16.14,都市：住
RPWOMLKLRHLFFAE78CC,龍水段一小段,55.81,都市：商
RPTOMLTKRHLFFCE86CC,憲德段二小段,8.12,都市：商
RPXNMLKLRHLFFAE78CC,文東段,14.00,都市：商
RPXNMLKLRHLFFAE78CC,文東段,48.00,都市：商
RPPOMLTKRHLFFAE88CC,龍華段八小段,6.83,都市：商
RPPOMLKLRHLFFCE28CC,店鎮段二小段,9.25,都市：住
RPSNMLTKRHLFFAE09CC,博孝段,5.45,都市：商
RPWNMLKLRHLFFCE88CC,鳳宮段,11.68,都市：住
RPWNMLTKRHLFFAE86CC,龍中段,9.03,都市：商
RPSOMLKLRHLFFCE58CC,店鎮段二小段,9.44,都市：住
RPROMLKLRHLFFCE48CC,店鎮段二小段,9.06,都市：住
RPOOMLTKRHLFFAE78CC,青海段,22.76,都市：商
RPUOMLKLRHLFFBE68CC,意誠段,.00,都市：商
RPPPMLKLRHLFFBE28CC,新興段三小段,.00,都市：商
RPUNMLKLRHLFFBE58CC,大統段二小段,.00,都市：商
RPVNMLKLRHLFFBE68CC,新興段一小段,.00,都市：商
RPQOMLKLRHLFFBE28CC,過田子段,143.00,都市：商
RPTOMLKLRHLFFDE78CC,灣和段,2286.32,都市：住
RPTOMLKLRHLFFDE78CC,灣和段,909.58,都市：住
RPVOMLKLRHLFFDE98CC,大港段,6.02,都市：商
RPROMLKLRHLFFEE68CC,高昌段,213.97,都市：住
RPVPMLKLRHLFFDE09CC,灣立段,30.33,都市：住
RPQPMLKLRHLFFEE68CC,興隆段,.00,非都市： ; 非都市編定：
RPUPMLKLRHLFFEE09CC,福民段,15.45,都市：住
RPQOMLKLRHLFFLE76DC,山子頂段,.00,都市：住
RPWOMLKLRHLFFGE86DC,七老爺段一甲小段,76.00,都市：商
RPRNMLKLRHLFFFE78DC,仕隆段,.00,都市：住
RPSNMLKLRHLFFFE88DC,仕隆段,.00,都市：住
RPUNMLLLRHLFFLE07CC,永芳段,25.00,都市：住
RPUNMLLLRHLFFLE07CC,永芳段,95.00,都市：住
RPPOMLKLRHLFFLE66DC,山子頂段,.00,都市：住
RPQNMLLLRHLFFDE48CC,覆鼎金段覆鼎金小段,37.72,都市：住
RPUNMLLLRHLFFDE88CC,覆鼎金段覆鼎金一小段,42.20,都市：住
RPPOMLLLRHLFFCE38CC,獅甲段,.00,都市：其他
RPXNMLLLRHLFFEE66CC,新民段,18.40,都市：住
RPTNMLLLRHLFFBE58CC,過田子段,.00,都市：商
RPTNMLLLRHLFFBE58CC,過田子段,.00,都市：商
RPROMLLLRHLFFCE58CC,桂林段,17.92,都市：住
RPPNMLLLRHLFFFE68DC,大仁段,83.00,都市：住
RPTNMLMLRHLFFAE58CC,東金段,3.60,都市：住
RPQOMLMLRHLFFBE48CC,林德官段二小段,.00,非都市： ; 非都市編定：
RPXNMLMLRHLFFBE09CC,大統段二小段,.00,非都市： ; 非都市編定：
RPPOMLMLRHLFFAE28CC,龍中段,1863.00,都市：商
RPOOMLMLRHLFFBE28CC,意誠段,9.26,都市：商
RPQNMLKLRHLFFFE58CC,大勇段,596.00,都市：工
RPWNMLMLRHLFFDE56CC,建安段,73.00,都市：商
RPOOMLMLRHLFFDE48CC,大順段,9.53,都市：商
RPTNMLLLRHLFFLE07DC,溪州段,30.45,都市：住
RPPOMLMLRHLFFDE58CC,覆鼎金段覆鼎金一小段,47.72,都市：住
RPOQMLMLRHLFFGE98CC,園尾段,83.80,都市：住
RPRPMLMLRHLFFEE98CC,藍昌段二小段,8.44,都市：商
RPQPMLMLRHLFFGE09CC,埤頂段,66.31,都市：住
RPWOMLMLRHLFFEE76CC,新庄段十二小段,.00,非都市： ; 非都市編定：
RPPOMLMLRHLFFIE09CC,八德段,104.77,都市：住
RPTNMLNLRHLFFGE76DC,姑婆寮段,196.00,非都市：一般農業區 ; 非都市編定：丙種建築用地
RPTNMLMLRHLFFFE56DC,橋子頭段,101.00,都市：住
RPQNMLMLRHLFFJE56CC,明宗段,47.47,都市：住
RPQNMLMLRHLFFJE56CC,明宗段,501.55,都市：住
RPQNMLMLRHLFFJE56CC,明宗段,881.48,都市：住
RPUNMLNLRHLFFEE56CC,芎蕉段,512.70,都市：住
RPROMLNLRHLFFEE98CC,新庄段十二小段,.00,都市：住
RPWPMLMLRHLFFGE07CC,新甲段,21.19,都市：住
RPTOMLNLRHLFFDE09CC,獅頭段,13.44,都市：商
RPSOMLNLRHLFFEE09CC,新庄段十二小段,.00,都市：住
RPVNMLNLRHLFFBE98CC,意誠段,.00,都市：商
RPTNMLNLRHLFFBE78CC,意誠段,.00,都市：商
RPUNMLNLRHLFFBE88CC,意誠段,.00,都市：商
RPOPMLNLRHLFFEE78CC,新庄段五小段,16.33,都市：住
RPSNMLNLRHLFFBE68CC,意誠段,.00,都市：商
RPWNMLNLRHLFFBE09CC,意誠段,.00,都市：商
RPOOMLNLRHLFFBE38CC,大統段二小段,108.00,都市：商
RPOOMLNLRHLFFBE38CC,大統段二小段,293.00,都市：商
RPXNMLNLRHLFFBE56CC,成功段,11.25,都市：住
RPTOMLNLRHLFFBE88CC,過田子段,50.00,都市：商
RPSOMLNLRHLFFBE78CC,意誠段,.00,都市：商
RPQNMLNLRHLFFCE58CC,獅甲段,3.56,都市：住
RPPOMLNLRHLFFBE48CC,過田子段,1.52,都市：商
RPPOMLNLRHLFFBE48CC,過田子段,.14,都市：其他
RPWNMLNLRHLFFCE56CC,憲德段二小段,6.81,都市：商
RPVNMLNLRHLFFCE09CC,憲德段二小段,13.32,都市：商
RPWNMLNLRHLFFAE98CC,龍中段,389.40,都市：商
RPXNMLNLRHLFFCE66CC,獅甲段,2.27,都市：住
RPXNMLNLRHLFFCE66CC,獅甲段,.72,都市：住
RPUNMLNLRHLFFCE98CC,光華段一小段,.00,都市：住
RPUNMLNLRHLFFCE98CC,光華段一小段,.00,都市：商
RPUOMLNLRHLFFCE09CC,光華段,597.00,都市：住
RPROMLNLRHLFFCE78CC,高松段,19.10,都市：住
RPRNMLOLRHLFFAE58CC,龍中段,7.89,都市：商
RPUNMLOLRHLFFEE66CC,新民段,14.46,都市：商
RPVNMLOLRHLFFEE76CC,興隆段,79.00,都市：住
RPVNMLOLRHLFFAE98CC,文東段,75.00,都市：商
RPUNMLOLRHLFFAE88CC,文東段,4.96,都市：商
RPTNMLOLRHLFFAE78CC,博孝段,28.32,都市：商
RPPNMLPLRHLFFGE09CC,五甲段,25.77,都市：住
RPPNMLPLRHLFFDE78CC,大豐段三小段,63.88,都市：住
RPROMLQLRHLFFAE88CC,前金段,8.16,都市：住
RPRNMLQLRHLFFCE98CC,獅甲段二小段,27.54,都市：其他
RPPPMLQLRHLFFAE78CC,東金段,85.00,都市：商
RPWOMLQLRHLFFGE37CC,鳳甲段,3684.87,都市：住
RPQOMLQLRHLFFBE88CC,過田子段,.00,都市：商
RPTNMLQLRHLFFAE09DC,龍中段,3874.80,都市：商
RPVOMLQLRHLFFJE57CC,頂寮段,937.97,非都市：特定農業區 ; 非都市編定：農牧用地
RPQNMLRLRHLFFFE66CC,大公段,146.00,都市：商
RPQNMLOLRHLFFBE58CC,新興段一小段,62.03,都市：商
RPSNMLRLRHLFFCE56CC,光華段,28.33,都市：商
RPVOMLQLRHLFFGE27CC,竹子腳段,942.00,都市：住
RPVNMLRLRHLFFBE76CC,福裕段,173.00,都市：住
RPSNMLRLRHLFFBE09CC,林聖段,27.35,都市：住
RPXNMLRLRHLFFCE07CC,獅甲段,.31,都市：住
RPQNMLRLRHLFFBE88CC,五塊厝段,101.00,都市：商
RPXNMLRLRHLFFCE07CC,獅甲段,.97,都市：住
RPPNMLRLRHLFFCE88CC,獅甲段二小段,.00,非都市： ; 非都市編定：
RPPNMLSLRHLFFDE09CC,覆鼎金段覆鼎金小段,.00,都市：住
RPSNMLTLRHLFFGE17CC,新甲段,.00,都市：住
RPTNMLRLRHLFFBE56CC,林德官段,37.12,都市：其他
RPXOMLTLRHLFFEE57CC,新庄段十三小段,4.76,都市：商
RPVNMLTLRHLFFBE96CC,新興段二小段,6.49,都市：商
RPTPMLTLRHLFFCE07CC,愛群段,9.40,都市：商
RPPNMLTLRHLFFCE09CC,盛興段,.00,非都市： ; 非都市編定：
RPXOMLTLRHLFFAE17CC,博孝段,91.90,都市：商
RPTOMLTLRHLFFAE76CC,青海段,.00,都市：商
RPUNMLTLRHLFFAE76CC,鼓南段三小段,27.21,都市：商
RPVOMLTLRHLFFAE96CC,前金段,118.55,都市：商
RPROMLKMRHLFFAE38CC,青海段,19.89,都市：住
RPROMLKMRHLFFAE38CC,龍水段,5.48,都市：住
RPUOMLKMRHLFFAE68CC,青海段,19.85,都市：住
RPUOMLKMRHLFFAE68CC,青海段,19.85,都市：住
RPVNMLKMRHLFFAE68CC,龍中段,15.16,都市：商
RPVOMLKMRHLFFAE78CC,興仁段,.00,都市：商
RPVOMLKMRHLFFAE78CC,興仁段,.00,都市：商
RPWPMLTLRHLFFCE47DC,獅甲段二小段,27.84,都市：住
RPTOMLTLRHLFFDE17DC,中都段三小段,185.95,都市：住
RPWOMLKMRHLFFAE88CC,民生段,63.00,都市：商
RPVOMLKMRHLFFIE96CC,新赤山段商九小段,875.99,都市：其他
RPVOMLKMRHLFFIE96CC,新赤山段商九小段,876.00,都市：其他
RPQOMLKMRHLFFCE48CC,光華段,21.92,都市：住
RPPNMLKMRHLFFCE28CC,宏明段,65.50,都市：住
RPWNMLKMRHLFFBE88CC,武聖段,61.00,都市：住
RPOOMLKMRHLFFIE88CC,暘善段,1004.00,都市：農
RPQOMLKMRHLFFIE09CC,北屋段,201.44,都市：住
RPTOMLKMRHLFFCE78CC,愛群段,4.29,都市：商
RPPPMLKMRHLFFEE68CC,福山段,12.70,都市：住
RPTNMLKMRHLFFBE58CC,過田子段,8.50,都市：商
RPTPMLKMRHLFFEE09CC,新庄段十三小段,.00,都市：商
RPTPMLKMRHLFFEE09CC,新庄段十三小段,.00,都市：商
RPSRMLKMRHLFFEE56CC,菜公段二小段,.00,都市：住
RPSRMLKMRHLFFEE56CC,菜公段二小段,.00,都市：住
RPPQMLKMRHLFFEE78CC,後段,39.42,都市：住
RPQPMLKMRHLFFDE68CC,建豐段,1.30,都市：商
RPQPMLKMRHLFFDE68CC,建豐段,6.78,都市：商
RPPNMLLJIILFFDE37CC,澄清段二小段,14.33,都市：住
RPRQMLKMRHLFFEE98CC,後段,35.55,都市：住
RPXQMLKMRHLFFDE86CC,大港段四小段,17.32,都市：商
RPSNMLLJIILFFCE57CC,愛群段,.00,都市：商
RPSNMLLJIILFFDE67CC,陽明段二小段,68.00,都市：住
RPPNMLLJIILFFIE97DC,永和段,78.84,都市：住
RPPNMLLJIILFFGE67CC,鳳山段火房口小段,27.82,都市：住
RPPNMLLJIILFFGE67CC,鳳山段火房口小段,1.30,都市：住
RPSNMLLJIILFFAE47DC,青海段,15.69,都市：住
RPRNMLLJIILFFDE67DC,三塊厝段一小段,3.31,都市：商
RPTNMLLJIILFFCE67CC,獅甲段二小段,.00,都市：商
RPQNMLNJIILFFCE57CC,鳳宮段,83.00,都市：住
RPPNMLNJIILFFAE27CC,前金段,264.00,都市：商
RPXOMLNJIILFFCE38CC,愛群段,7.08,都市：商
RPTOMLNJIILFFDE08CC,三塊厝段,40.67,都市：住
RPTOMLNJIILFFDE08CC,三塊厝段,2.01,都市：其他
RPRPMLNJIILFFDE97CC,三塊厝段一小段,3.45,都市：商
RPRNMLNJIILFFDE77CC,義民段,55.73,都市：商
RPUNMLNJIILFFDE08CC,大港段二小段,31.44,都市：商
RPWPMLOJIILFFDE58CC,獅頭段一小段,45.60,都市：住
RPXOMLOJIILFFDE58CC,灣華段,27.86,都市：住
RPQNMLOJIILFFGE08CC,頂宏段,908.58,都市：住
RPQNMLOJIILFFGE08CC,頂宏段,1051.45,都市：住
RPWNMLOJIILFFBE18CC,五權段,.00,都市：住
RPWNMLOJIILFFBE18CC,五權段,.00,都市：住
RPWNMLOJIILFFBE18CC,五權段,.00,都市：住
RPWNMLOJIILFFBE18CC,五權段,.00,都市：住
RPWNMLOJIILFFBE18CC,五權段,.00,都市：住
RPVNMLOJIILFFBE08CC,過田子段,.00,都市：商
RPUNMLOJIILFFBE97CC,過田子段,.00,都市：商
RPQOMLOJIILFFBE67CC,過田子段,.00,都市：商
RPSOMLOJIILFFBE87CC,新興段四小段,.00,都市：商
RPSNMLPJIILFFBE87CC,林德官段二小段,.00,都市：住
RPTNMLPJIILFFBE97CC,五塊厝段,.00,都市：住
RPTNMLPJIILFFBE97CC,五塊厝段,.00,都市：商
RPWNMLPJIILFFBE28CC,新興段四小段,.00,都市：商
RPWNMLPJIILFFBE28CC,新興段四小段,.00,都市：商
RPUOMLPJIILFFGE68CC,七老爺段一甲小段,.00,都市：商
RPWOMLPJIILFFEE68CC,福民段,463.68,都市：住
RPQOMLPJIILFFGE28CC,鳳翔段,172.01,都市：住
RPQOMLPJIILFFGE28CC,鳳翔段,752.80,都市：住
RPOPMLPJIILFFGE18CC,明頂段,70.57,都市：住
RPPNMLPJIILFFDE77CC,大港段二小段,45.00,都市：住
RPSNMLOJIILFFEE08CC,和平段四小段,78.98,都市：住
RPSNMLOJIILFFEE08CC,和平段四小段,156.00,都市：住
RPPOMLOJIILFFEE87CC,和平段五小段,25.98,都市：住
RPPOMLPJIILFFIE38CC,青雲段,.00,都市：住
RPVNMLPJIILFFDE38CC,大港段二小段,57.00,都市：住
RPVNMLPJIILFFDE38CC,大港段二小段,14.00,都市：其他
RPVNMLQJIILFFAE28DC,龍中段,3874.80,都市：商
RPPOMLQJIILFFDE97CC,獅頭段一小段,94.00,都市：住
RPUNMLQJIILFFDE38CC,灣內段,116.14,都市：工
RPUNMLQJIILFFDE38CC,灣內段,1.71,都市：工
RPUNMLQJIILFFDE38CC,灣內段,41.90,都市：工
RPUNMLQJIILFFDE38CC,灣內段,1.31,都市：工
RPUNMLQJIILFFDE38CC,灣內段,.04,都市：工
RPUNMLQJIILFFDE38CC,灣內段,1.10,都市：工
RPROMLQJIILFFDE18CC,中華段二小段,.00,都市：商
RPRNMLQJIILFFBE87CC,過田子段,.00,都市：商
RPSNMLQJIILFFBE97CC,新興段一小段,.00,都市：商
RPTOMLQJIILFFBE18CC,林德官段一小段,.00,非都市： ; 非都市編定：
RPUNMLQJIILFFBE18CC,過田子段,23.91,都市：住
RPVOMLQJIILFFBE38CC,林德官段,.00,非都市： ; 非都市編定：
RPROMLQJIILFFAE87CC,青海段,117.46,都市：住
RPWOMLQJIILFFEE78CC,新庄段七小段,24.31,都市：住
RPUOMLQJIILFFEE58CC,和平段五小段,55.00,都市：住
RPUOMLQJIILFFEE58CC,和平段五小段,13.00,都市：住
RPUNMLRJIILFFBE28CC,意誠段,.00,都市：商
RPRNMLRJIILFFAE87CC,文東段,23.54,都市：商
RPRPMLQJIILFFGE58CC,大貝湖段,634.71,都市：住
RPVNMLRJIILFFBE38CC,意誠段,.00,都市：商
RPSOMLQJIILFFGE58CC,灣頭段,107.73,都市：住
RPROMLRJIILFFEE38CC,新光段,.00,都市：商
RPUOMLRJIILFFGE88CC,五甲段,132.00,都市：商
RPROMLRJIILFFBE08CC,新興段四小段,32.00,都市：住
RPQNMLSJIILFFEE28CC,新博段,17.19,都市：住
RPPOMLKKIILFFEE57CC,新博段,82.90,都市：住
RPPNMLRJIILFFDE97CC,三塊厝段五小段,287.00,都市：住
RPQOMLKKIILFFEE67CC,菜公段二小段,76.00,都市：住
RPROMLKKIILFFEE77CC,新庄段十三小段,4.15,都市：商
RPSOMLKKIILFFEE87CC,新福段六小段,318.52,都市：住
RPPNMLKKIILFFCE27CC,愛群段,56.00,都市：商
RPQNMLKKIILFFAE17CC,龍華段八小段,.00,都市：商
RPRNMLKKIILFFIE08CC,圳觀段,330.60,都市：農
RPRNMLKKIILFFAE27CC,龍華段八小段,.00,都市：商
RPUNMLLKIILFFCE87CC,憲德段一小段,6.06,都市：住
RPOOMLLKIILFFCE37CC,愛群段,29.25,都市：住
RPQOMLLKIILFFCE57CC,愛群段,7.61,都市：住
RPVNMLLKIILFFBE87CC,新興段一小段,203.00,都市：其他
RPQOMLLKIILFFBE47CC,成功段,11.49,都市：商
RPRQMLLKIILFFEE08CC,新庄段七小段,23.75,都市：住
RPUNMLLKIILFFBE77CC,大統段一小段,23.00,都市：商
RPOPMLLKIILFFEE67CC,新庄段四小段,.00,都市：住
RPTQMLLKIILFFEE28CC,新庄段十三小段,.00,非都市： ; 非都市編定：
RPSOMLLKIILFFDE87CC,灣子內段寶珠溝小段,40.60,都市：商
RPQNMLMKIILFFBE47CC,五塊厝段,19.48,都市：商
RPOQMLLKIILFFEE77CC,新庄段十三小段,6.70,都市：商
RPTOMLMKIILFFBE87CC,新興段一小段,.00,都市：住
RPQPMLLKIILFFDE77CC,鼎泰段,.00,都市：住
RPPOMLMKIILFFBE47CC,成功段,18.31,都市：住
RPVNMLMKIILFFCE08CC,愛群段,8.09,都市：住
RPUNMLMKIILFFCE97CC,愛群段,6.77,都市：住
RPQNMLNKIILFFBE57CC,大統段一小段,18.87,都市：商
RPSNMLNKIILFFBE77CC,正德段,82.29,都市：住
RPXOMLNKIILFFDE58CC,灣內段,66.83,都市：住
RPXNMLNKIILFFDE48CC,新都段,3016.14,都市：住
RPQOMLNKIILFFEE97CC,菜公段二小段,397.00,都市：住
RPTNMLNKIILFFBE87CC,正德段,82.29,都市：住
RPOOMLNKIILFFJE28CC,聖母段,79.90,都市：其他
RPRQMLOKIILFFEE38CC,福山段,75.39,都市：住
RPWPMLOKIILFFEE78CC,福民段,5.93,都市：住
RPTNMLNKIILFFDE08CC,建安段,63.00,都市：商
RPRNMLOKIILFFGE28CC,鳳甲段,830.94,都市：住
RPSNMLOKIILFFBE87CC,林德官段二小段,.00,都市：住
RPOOMLOKIILFFEE87CC,福山段,150.54,都市：住
RPPNMLPKIILFFAE57CC,龍華段四小段,20.53,都市：其他
RPROMLOKIILFFBE87CC,新興段一小段,123.00,都市：商
RPUOMLOKIILFFDE38CC,灣內段,29.22,都市：工
RPQOMLOKIILFFCE87CC,獅甲段一小段,37.63,都市：住
RPOOMLMKIILFFAE27CC,龍華段八小段,65.50,都市：商
RPQPMLOKIILFFDE08CC,大港段七小段,.00,都市：商
RPQPMLOKIILFFDE08CC,大港段七小段,.00,都市：商
RPQNMLPKIILFFBE77CC,意誠段,.00,都市：商
RPPNMLPKIILFFBE67CC,意誠段,.00,都市：商
RPPNMLRKIILFFEE18CC,加昌段,28.93,都市：住
RPUNMLPKIILFFEE48CC,新庄段二小段,21.82,都市：工
RPPNMLPKIILFFDE87CC,覆鼎金段覆鼎金小段,.00,都市：住
RPSOMLRKIILFFEE58CC,福山段,.00,都市：住
RPUNMLRKIILFFDE58CC,三塊厝段二小段,86.00,都市：商
RPOOMLRKIILFFEE18CC,新庄段十三小段,310.00,都市：住
RPOOMLRKIILFFEE18CC,新庄段十三小段,246.00,都市：住
RPWNMLRKIILFFGE09CC,文英段,106.00,都市：工
RPUOMLRKIILFFAE38CC,龍華段八小段,10.24,都市：商
RPTNMLRKIILFFIE98CC,赤南段,217.51,都市：住
RPTOMLRKIILFFDE58CC,大豐段二小段,35.40,都市：住
RPTOMLRKIILFFDE58CC,大豐段二小段,2.08,都市：商
RPXOMLRKIILFFEE09CC,新庄段十三小段,7.50,都市：商
RPRNMLRKIILFFCE18CC,光華段一小段,.00,非都市： ; 非都市編定：
RPQNMLRKIILFFEE28CC,左東段,12.87,都市：住
RPPOMLSKIILFFFE48CC,灣裡西段,278.69,都市：商
RPPNMLSKIILFFJE78CC,大同段,462.80,都市：工
RPOOMLSKIILFFEE38DC,福民段,110.90,都市：住
RPWNMLSKIILFFLE17DC,山子頂段,.00,都市：農
RPTNMLSKIILFFCE48CC,店鎮段二小段,9.25,都市：住
RPPNMLSKIILFFBE97CC,新興段三小段,.00,都市：商
RPXNMLSKIILFFBE78CC,五塊厝段,7.08,都市：住
RPVNMLSKIILFFBE58CC,新興段四小段,19.79,都市：商
RPQNMLSKIILFFBE08CC,林德官段二小段,.00,都市：商
RPVNMLSKIILFFCE68CC,店鎮段二小段,9.06,都市：住
RPVNMLSKIILFFAE48CC,民生段,10.33,都市：其他
RPVNMLSKIILFFAE48CC,民生段,38.00,都市：其他
RPVNMLTKIILFFEE98CC,新庄段十三小段,8.28,都市：商
RPQPMLSKIILFFGE78CC,新甲段,.00,都市：住
RPWPMLSKIILFFGE76CC,田中央段,52.60,都市：住
RPWPMLSKIILFFGE76CC,田中央段,17.77,都市：住
RPOOMLSKIILFFGE48CC,赤山段,10.56,都市：商
RPTNMLSKIILFFEE68CC,新庄段十三小段,7.05,都市：商
RPSOMLTKIILFFEE78CC,新華段,264.69,都市：住
RPSOMLTKIILFFEE78CC,新華段,230.58,都市：住
RPPPMLTKIILFFGE78CC,七老爺段,75.00,都市：住
RPPPMLTKIILFFGE78CC,七老爺段,6.00,都市：住
RPTOMLTKIILFFDE78CC,三塊厝段四小段,74.00,都市：商
RPVNMLSKIILFFEE88CC,新庄段十三小段,7.05,都市：商
RPTOMLTKIILFFAE48CC,大成段,6.76,都市：商
RPVOMLTKIILFFDE98CC,大港段二小段,18.38,都市：住
RPQNMLTKIILFFCE28CC,愛群段,2.42,都市：住
RPSOMLKLIILFFCE77CC,憲德段一小段,5.52,都市：住
RPOOMLTKIILFFCE18CC,獅甲段二小段,46.51,都市：住
RPPOMLTKIILFFCE28CC,憲德段,103.00,都市：住
RPXOMLKLIILFFCE28CC,獅甲段,.00,都市：商
RPXOMLKLIILFFCE28CC,獅甲段,.00,都市：住
RPOOMLKLIILFFBE27CC,過田子段,.00,都市：商
RPXNMLKLIILFFBE08CC,過田子段,.00,都市：商
RPQOMLKLIILFFAE37CC,龍華段八小段,1331.00,都市：住
RPWNMLKLIILFFBE97CC,新興段二小段,9.70,都市：商
RPUOMLKLIILFFDE08CC,建豐段,8.91,都市：商
RPTOMLKLIILFFDE97CC,大港段四小段,354.00,都市：商
RPROMLKLIILFFAE47CC,前金段,2.53,都市：商
RPROMLKLIILFFAE47CC,前金段,3.44,都市：商
RPSOMLKLIILFFAE57CC,龍中段,.00,都市：商
RPSNMLKLIILFFDE77CC,大港段四小段,10.65,都市：商
RPSNMLKLIILFFGE08CC,文英段,106.00,都市：工
RPPPMLKLIILFFEE77CC,新庄段十三小段,.00,都市：商
RPPPMLKLIILFFEE77CC,新庄段十三小段,.00,都市：商
RPUNMLKLIILFFGE28CC,文山段,46.28,都市：住
RPUNMLKLIILFFEE08CC,新庄段十二小段,33.75,都市：住
RPXNMLLLIILFFFE58CC,大紅段,93.00,都市：住
RPUNMLKLIILFFJE58CC,三爺段,1917.29,非都市：一般農業區 ; 非都市編定：農牧用地
RPVOMLKLIILFFEE28CC,福民段,20.24,都市：住
RPROMLLLIILFFDE87CC,覆鼎金段覆鼎金小段,69.00,都市：住
RPRNMLLLIILFFBE57CC,新興段二小段,.00,都市：商
RPSNMLLLIILFFBE67CC,意誠段,16.43,都市：商
RPVNMLLLIILFFBE97CC,大統段二小段,71.33,都市：商
RPUNMLLLIILFFBE87CC,林德官段二小段,16.00,都市：住
RPQOMLLLIILFFBE57CC,過田子段,133.00,都市：商
RPPOMLLLIILFFBE47CC,苓雅寮段,16.81,都市：商
RPXNMLLLIILFFBE18CC,林德官段,76.00,都市：商
RPXNMLLLIILFFBE18CC,林德官段,76.00,都市：商
RPOOMLLLIILFFBE37CC,大統段一小段,55.99,都市：商
RPROMLLLIILFFGE18CC,灣頭段,101.00,都市：住
RPROMLLLIILFFBE67CC,新興段四小段,193.00,都市：商
RPOOMLLLIILFFAE27CC,青海段,28.66,都市：住
RPQNMLMLIILFFBE57CC,意誠段,.00,都市：商
RPSNMLLLIILFFCE77CC,店鎮段一小段,13.56,都市：商
RPRNMLMLIILFFBE67CC,意誠段,.00,都市：商
RPQOMLOLIILFFGE38CC,新甲段,15.49,非都市： ; 非都市編定：
RPOOMLOLIILFFBE67CC,大統段一小段,.00,都市：商
RPQNMLOLIILFFDE08DC,水源段,25.87,都市：住
RPXNMLOLIILFFBE58DC,林德官段四小段,75.00,都市：商
RPUNMLPLIILFFAE28DC,東金段,.00,非都市： ; 非都市編定：
RPWNMLPLIILFFAE38CC,龍中段,257.62,都市：住
RPRNMLPLIILFFBE97CC,苓洲段,71.00,都市：商
RPRNMLPLIILFFBE97CC,苓洲段,71.00,都市：商
RPTOMLPLIILFFGE78CC,青年段,297.99,都市：住
RPPNMLMLIILFFEE77CC,福山段,5.93,都市：住
RPSPMLQLIILFFEE68CC,福山段,5.93,都市：住
RPXNMLPLIILFFEE88CC,新庄段十二小段,30.11,都市：其他
RPUNMLQLIILFFGE88CC,新庄子段,5.63,都市：住
RPTNMLQLIILFFBE28CC,大統段二小段,.00,都市：商
RPWNMLPLIILFFEE78CC,芎蕉段,18.59,都市：住
RPVNMLQLIILFFAE38CC,大成段,32.80,都市：住
RPXNMLQLIILFFGE56CC,文山段,.00,都市：住
RPRNMLQLIILFFBE08CC,新興段四小段,32.15,都市：商
RPSNMLQLIILFFBE18CC,意誠段,16.80,都市：住
RPSOMLQLIILFFBE28CC,林聖段,93.00,都市：住
RPWNMLQLIILFFBE58CC,過田子段,.00,非都市： ; 非都市編定：
RPPOMLQLIILFFBE97CC,成功段,17.11,都市：商
RPTNMLRLIILFFLE76CC,磚子段,300.00,都市：農
RPUNMLQLIILFFIE09CC,竹園段,178.00,都市：工
RPUNMLRLIILFFBE48CC,意誠段,.00,都市：商
RPPNMLRLIILFFBE97CC,新興段二小段,9.34,都市：商
RPTNMLRLIILFFBE38CC,意誠段,.00,都市：商
RPVNMLRLIILFFBE58CC,意誠段,.00,都市：商
RPPOMLRLIILFFBE08CC,新興段一小段,.00,都市：商
RPXNMLRLIILFFBE78CC,新興段一小段,.00,都市：商
RPTOMLRLIILFFBE48CC,新興段二小段,20.80,都市：商
RPROMLRLIILFFBE28CC,林興段,.00,都市：住
RPQOMLRLIILFFBE18CC,成功段,18.31,都市：商
RPWNMLRLIILFFCE78CC,竹北段,.00,都市：住
RPVOMLRLIILFFDE88CC,灣中段,14.51,都市：商
RPWNMLRLIILFFAE58CC,前金段,32.52,都市：商
RPPNMLQLIILFFLE88CC,赤崁段潮州寮小段,354.97,都市：工
RPUOMLRLIILFFBE58CC,新興段一小段,16.63,都市：住
RPVOMLRLIILFFAE58CC,龍華段八小段,10.94,都市：商
RPTOMLRLIILFFDE68CC,覆鼎金段覆鼎金一小段,13.43,都市：住
RPOOMLRLIILFFAE87CC,鼓南段二小段,27.33,都市：住
RPOOMLRLIILFFAE87CC,鼓南段二小段,4.33,都市：住
RPUOMLRLIILFFDE78CC,三塊厝段一小段,20.62,都市：商
RPOQMLRLIILFFDE38CC,建德段,20.81,都市：住
RPPOMLSLIILFFGE68CC,埤頂段,52.00,都市：住
RPRPMLRLIILFFEE68CC,福山段,44.62,都市：住
RPPOMLSLIILFFEE48CC,藍昌段二小段,76.00,都市：住
RPOOMLSLIILFFDE28CC,澄清段二小段,143.00,都市：住
RPOOMLSLIILFFDE28CC,澄清段二小段,143.00,都市：住
RPPRMLSLIILFFBE48CC,過田子段,.00,都市：商
RPWNMLSLIILFFEE56DC,後勁段一小段,89.00,都市：住
RPVOMLSLIILFFDE98CC,中華段二小段,.00,都市：商
RPRNMLTLIILFFAE28CC,龍中段,8.38,都市：住
RPVOMLSLIILFFAE68CC,前金段,12.89,都市：商
RPSNMLTLIILFFAE38CC,青海段,19.50,都市：商
RPQPMLSLIILFFAE28CC,鹽國段,6.49,都市：商
RPOPMLSLIILFFAE08CC,龍華段八小段,.00,都市：商
RPPNMLKMIILFFCE47CC,瑞隆段三小段,86.00,都市：商
RPTNMLTLIILFFAE48CC,龍中段,20.14,都市：商
RPQNMLTLIILFFCE38CC,獅甲段二小段,100.66,都市：其他
RPPNMLTLIILFFEE48CC,新庄段四小段,64.00,都市：住
RPPNMLTLIILFFGE68CC,新庄子段,58.00,都市：住
RPOOMLLMIILFFCE57CC,愛群段,.00,都市：商
RPSNMLLMIILFFAE67CC,龍華段一小段,.00,都市：住
RPOQMLLMIILFFEE97CC,新庄段十三小段,.00,都市：商
RPQOMLLMIILFFBE67CC,苓雅寮段,.00,都市：住
RPXPMLLMIILFFEE78CC,新庄段十三小段,.00,都市：商
