﻿編號,土地區段位置,土地移轉面積平方公尺,使用分區或編定
The serial number,land sector position,land shifting area square meter,the use zoning or compiles and checks
RPTPMLSJQHLFFEF86CB,海天段,15.71,都市：住
RPQPMLSJQHLFFEF56CB,海天段,27.62,都市：住
RPVPMLSJQHLFFEF07CB,海天段,15.71,都市：住
RPRPMLSJQHLFFEF66CB,海天段,21.59,都市：住
RPOQMLSJQHLFFEF09CB,海天段,15.86,都市：住
RPXPMLSJQHLFFEF27CB,海天段,15.71,都市：住
RPPQMLSJQHLFFEF56CB,海天段,15.86,都市：住
RPUPMLSJQHLFFEF96CB,海天段,15.71,都市：住
RPQQMLSJQHLFFEF66CB,海天段,15.86,都市：住
RPWPMLSJQHLFFEF17CB,海天段,15.71,都市：住
RPRQMLSJQHLFFEF76CB,海天段,15.86,都市：住
RPSQMLSJQHLFFEF86CB,海天段,15.86,都市：住
RPPRMLSJQHLFFEF66CB,海天段,16.07,都市：住
RPXQMLSJQHLFFEF37CB,海天段,16.07,都市：住
RPQRMLSJQHLFFEF76CB,海天段,21.95,都市：住
RPORMLSJQHLFFEF56CB,海天段,16.07,都市：住
RPUQMLSJQHLFFEF07CB,海天段,15.86,都市：住
RPVQMLSJQHLFFEF17CB,海天段,15.86,都市：住
RPTQMLSJQHLFFEF96CB,海天段,15.86,都市：住
RPRRMLSJQHLFFEF86CB,海天段,21.43,都市：住
RPURMLSJQHLFFEF17CB,海天段,21.95,都市：住
RPSRMLSJQHLFFEF96CB,海天段,21.95,都市：住
RPWRMLSJQHLFFEF37CB,海天段,22.05,都市：住
RPTSMLSJQHLFFEF17CB,海天段,22.63,都市：住
RPPSMLSJQHLFFEF76CB,海天段,21.95,都市：住
RPOSMLSJQHLFFEF66CB,海天段,22.05,都市：住
RPSSMLSJQHLFFEF07CB,海天段,20.29,都市：住
RPQSMLSJQHLFFEF86CB,海天段,21.95,都市：住
RPRSMLSJQHLFFEF96CB,海天段,21.95,都市：住
RPTRMLSJQHLFFEF07CB,海天段,21.95,都市：住
RPXRMLSJQHLFFEF47CB,海天段,22.05,都市：住
RPUSMLSJQHLFFEF27CB,海天段,21.43,都市：住
RPVRMLSJQHLFFEF27CB,海天段,21.95,都市：住
RPWSMLSJQHLFFEF47CB,海天段,21.43,都市：住
RPVSMLSJQHLFFEF37CB,海天段,21.43,都市：住
RPOTMLSJQHLFFEF76CB,海天段,21.43,都市：住
RPXSMLSJQHLFFEF57CB,海天段,21.43,都市：住
RPUVMLSJQHLFFEF57CB,海天段,22.57,都市：住
RPQTMLSJQHLFFEF96CB,海天段,25.64,都市：住
RPTUMLSJQHLFFEF37CB,海天段,16.12,都市：住
RPXUMLSJQHLFFEF77CB,海天段,15.60,都市：住
RPVVMLSJQHLFFEF67CB,海天段,22.57,都市：住
RPQUMLSJQHLFFEF07CB,海天段,15.60,都市：住
RPRVMLSJQHLFFEF27CB,海天段,15.60,都市：住
RPSVMLSJQHLFFEF37CB,海天段,15.60,都市：住
RPXVMLSJQHLFFEF87CB,海天段,21.53,都市：住
RPPWMLSJQHLFFEF17CB,海天段,21.53,都市：住
RPOWMLSJQHLFFEF07CB,海天段,21.53,都市：住
RPOOMLKKQHLFFIF78EB,橫溪段頂寮小段,15.58,非都市：一般農業區 ; 非都市編定：甲種建築用地
RPOOMLKKQHLFFIF78EB,橫溪段頂寮小段,9.21,非都市：一般農業區 ; 非都市編定：甲種建築用地
RPXNMLKKQHLFFIF96EB,橫溪段頂寮小段,15.54,非都市：一般農業區 ; 非都市編定：甲種建築用地
RPXNMLKKQHLFFIF96EB,橫溪段頂寮小段,9.19,非都市：一般農業區 ; 非都市編定：甲種建築用地
RPPOMLKKQHLFFIF88EB,橫溪段頂寮小段,15.69,非都市：一般農業區 ; 非都市編定：甲種建築用地
RPPOMLKKQHLFFIF88EB,橫溪段頂寮小段,9.28,非都市：一般農業區 ; 非都市編定：甲種建築用地
RPUOMLOLQHLFFGF86CB,永安段,14.01,都市：住
RPWNMLKKQHLFFIF86EB,橫溪段頂寮小段,17.82,非都市：一般農業區 ; 非都市編定：甲種建築用地
RPWNMLKKQHLFFIF86EB,橫溪段頂寮小段,10.54,非都市：一般農業區 ; 非都市編定：甲種建築用地
RPUNMLKKQHLFFIF66EB,橫溪段頂寮小段,17.82,非都市：一般農業區 ; 非都市編定：甲種建築用地
RPUNMLKKQHLFFIF66EB,橫溪段頂寮小段,10.54,非都市：一般農業區 ; 非都市編定：甲種建築用地
RPVOMLOLQHLFFGF96CB,永安段,14.32,都市：住
RPWOMLOLQHLFFGF07CB,永安段,15.42,都市：住
RPQPMLOLQHLFFGF56CB,永安段,22.26,都市：住
RPUPMLOLQHLFFGF96CB,永安段,22.26,都市：住
RPVNMLKKQHLFFIF76EB,橫溪段頂寮小段,15.04,非都市：一般農業區 ; 非都市編定：甲種建築用地
RPVNMLKKQHLFFIF76EB,橫溪段頂寮小段,8.89,非都市：一般農業區 ; 非都市編定：甲種建築用地
RPSPMLOLQHLFFGF76CB,永安段,15.42,都市：住
RPTPMLOLQHLFFGF86CB,永安段,22.26,都市：住
RPRPMLOLQHLFFGF66CB,永安段,15.42,都市：住
RPOPMLOLQHLFFGF98CB,永安段,22.26,都市：住
RPPPMLOLQHLFFGF09CB,永安段,22.26,都市：住
RPXOMLOLQHLFFGF17CB,永安段,15.42,都市：住
RPQOMLLMQHLFFGF88CB,永安段,26.23,都市：住
RPOOMLLMQHLFFGF68CB,永安段,22.78,都市：住
RPPOMLLMQHLFFGF78CB,永安段,17.21,都市：住
RPROMLLMQHLFFGF98CB,永安段,17.21,都市：住
RPSOMLLMQHLFFGF09CB,永安段,26.23,都市：住
RPWOMLLMQHLFFGF86CB,永安段,17.21,都市：住
RPUOMLLMQHLFFGF66CB,永安段,23.64,都市：住
RPVOMLLMQHLFFGF76CB,永安段,17.21,都市：住
RPRPMLLMQHLFFGF09CB,永安段,14.32,都市：住
RPXOMLLMQHLFFGF96CB,永安段,17.09,都市：住
RPTOMLLMQHLFFGF56CB,永安段,17.21,都市：住
RPTOMLLJRHLFFBF58DB,成蘆段,1.04,都市：工
RPTOMLLJRHLFFBF58DB,成蘆段,2.24,都市：工
RPTOMLLJRHLFFBF58DB,成蘆段,2.99,都市：工
RPTOMLLJRHLFFBF58DB,成蘆段,2.96,都市：工
RPTOMLLJRHLFFBF58DB,成蘆段,.83,都市：工
RPTOMLLJRHLFFBF58DB,成蘆段,.15,都市：工
RPSNMLNJRHLFFBF58DB,成蘆段,2.58,都市：工
RPSNMLNJRHLFFBF58DB,成蘆段,5.56,都市：工
RPSNMLNJRHLFFBF58DB,成蘆段,7.42,都市：工
RPSNMLNJRHLFFBF58DB,成蘆段,7.35,都市：工
RPSNMLNJRHLFFBF58DB,成蘆段,2.06,都市：工
RPSNMLNJRHLFFBF58DB,成蘆段,.36,都市：工
RPUNMLNJRHLFFBF78DB,成蘆段,2.58,都市：工
RPUNMLNJRHLFFBF78DB,成蘆段,5.56,都市：工
RPUNMLNJRHLFFBF78DB,成蘆段,7.42,都市：工
RPUNMLNJRHLFFBF78DB,成蘆段,7.35,都市：工
RPUNMLNJRHLFFBF78DB,成蘆段,2.06,都市：工
RPUNMLNJRHLFFBF78DB,成蘆段,.36,都市：工
RPTNMLNJRHLFFBF68DB,成蘆段,2.58,都市：工
RPTNMLNJRHLFFBF68DB,成蘆段,5.56,都市：工
RPTNMLNJRHLFFBF68DB,成蘆段,7.42,都市：工
RPTNMLNJRHLFFBF68DB,成蘆段,7.35,都市：工
RPTNMLNJRHLFFBF68DB,成蘆段,2.06,都市：工
RPTNMLNJRHLFFBF68DB,成蘆段,.36,都市：工
RPPRMLMJRHLFFBF58DB,成蘆段,2.58,都市：工
RPPRMLMJRHLFFBF58DB,成蘆段,5.56,都市：工
RPPRMLMJRHLFFBF58DB,成蘆段,7.42,都市：工
RPPRMLMJRHLFFBF58DB,成蘆段,7.35,都市：工
RPPRMLMJRHLFFBF58DB,成蘆段,2.06,都市：工
RPPRMLMJRHLFFBF58DB,成蘆段,.36,都市：工
RPPPMLMJRHLFFBF38DB,成蘆段,2.56,都市：工
RPPPMLMJRHLFFBF38DB,成蘆段,5.53,都市：工
RPPPMLMJRHLFFBF38DB,成蘆段,7.37,都市：工
RPPPMLMJRHLFFBF38DB,成蘆段,7.31,都市：工
RPPPMLMJRHLFFBF38DB,成蘆段,2.05,都市：工
RPPPMLMJRHLFFBF38DB,成蘆段,.36,都市：工
RPVPMLMJRHLFFBF98DB,成蘆段,2.56,都市：工
RPVPMLMJRHLFFBF98DB,成蘆段,5.53,都市：工
RPVPMLMJRHLFFBF98DB,成蘆段,7.37,都市：工
RPVPMLMJRHLFFBF98DB,成蘆段,7.31,都市：工
RPVPMLMJRHLFFBF98DB,成蘆段,2.05,都市：工
RPVPMLMJRHLFFBF98DB,成蘆段,.36,都市：工
RPWQMLMJRHLFFBF56DB,成蘆段,2.59,都市：工
RPWQMLMJRHLFFBF56DB,成蘆段,5.58,都市：工
RPWQMLMJRHLFFBF56DB,成蘆段,7.44,都市：工
RPWQMLMJRHLFFBF56DB,成蘆段,7.38,都市：工
RPWQMLMJRHLFFBF56DB,成蘆段,2.07,都市：工
RPWQMLMJRHLFFBF56DB,成蘆段,.36,都市：工
RPXPMLMJRHLFFBF56DB,成蘆段,2.56,都市：工
RPXPMLMJRHLFFBF56DB,成蘆段,5.53,都市：工
RPXPMLMJRHLFFBF56DB,成蘆段,7.37,都市：工
RPXPMLMJRHLFFBF56DB,成蘆段,7.31,都市：工
RPXPMLMJRHLFFBF56DB,成蘆段,2.05,都市：工
RPXPMLMJRHLFFBF56DB,成蘆段,.36,都市：工
RPOQMLMJRHLFFBF28CB,副都心段一小段,8.85,都市：商
RPVNMLNJRHLFFBF88DB,成蘆段,2.58,都市：工
RPVNMLNJRHLFFBF88DB,成蘆段,5.56,都市：工
RPVNMLNJRHLFFBF88DB,成蘆段,7.42,都市：工
RPVNMLNJRHLFFBF88DB,成蘆段,7.35,都市：工
RPVNMLNJRHLFFBF88DB,成蘆段,2.06,都市：工
RPVNMLNJRHLFFBF88DB,成蘆段,.36,都市：工
RPTOMLNJRHLFFBF78DB,成蘆段,2.60,都市：工
RPTOMLNJRHLFFBF78DB,成蘆段,5.59,都市：工
RPTOMLNJRHLFFBF78DB,成蘆段,7.46,都市：工
RPTOMLNJRHLFFBF78DB,成蘆段,7.40,都市：工
RPTOMLNJRHLFFBF78DB,成蘆段,2.07,都市：工
RPTOMLNJRHLFFBF78DB,成蘆段,.36,都市：工
RPPOMLNJRHLFFBF38DB,成蘆段,2.83,都市：工
RPPOMLNJRHLFFBF38DB,成蘆段,6.10,都市：工
RPPOMLNJRHLFFBF38DB,成蘆段,8.14,都市：工
RPPOMLNJRHLFFBF38DB,成蘆段,8.07,都市：工
RPPOMLNJRHLFFBF38DB,成蘆段,2.26,都市：工
RPPOMLNJRHLFFBF38DB,成蘆段,.40,都市：工
RPROMLNJRHLFFBF58DB,成蘆段,2.57,都市：工
RPROMLNJRHLFFBF58DB,成蘆段,5.54,都市：工
RPROMLNJRHLFFBF58DB,成蘆段,7.39,都市：工
RPROMLNJRHLFFBF58DB,成蘆段,7.33,都市：工
RPROMLNJRHLFFBF58DB,成蘆段,2.05,都市：工
RPROMLNJRHLFFBF58DB,成蘆段,.36,都市：工
RPXNMLNJRHLFFBF09DB,成蘆段,2.58,都市：工
RPXNMLNJRHLFFBF09DB,成蘆段,5.56,都市：工
RPXNMLNJRHLFFBF09DB,成蘆段,7.42,都市：工
RPXNMLNJRHLFFBF09DB,成蘆段,7.35,都市：工
RPXNMLNJRHLFFBF09DB,成蘆段,2.06,都市：工
RPXNMLNJRHLFFBF09DB,成蘆段,.36,都市：工
RPXOMLMJRHLFFBF98CB,副都心段一小段,8.85,都市：商
RPWOMLMJRHLFFBF88CB,副都心段一小段,8.39,都市：商
RPQOMLNJRHLFFBF48DB,成蘆段,2.57,都市：工
RPQOMLNJRHLFFBF48DB,成蘆段,5.54,都市：工
RPQOMLNJRHLFFBF48DB,成蘆段,7.39,都市：工
RPQOMLNJRHLFFBF48DB,成蘆段,7.33,都市：工
RPQOMLNJRHLFFBF48DB,成蘆段,2.05,都市：工
RPQOMLNJRHLFFBF48DB,成蘆段,.36,都市：工
RPOOMLNJRHLFFBF28DB,成蘆段,2.58,都市：工
RPOOMLNJRHLFFBF28DB,成蘆段,5.56,都市：工
RPOOMLNJRHLFFBF28DB,成蘆段,7.42,都市：工
RPOOMLNJRHLFFBF28DB,成蘆段,7.35,都市：工
RPOOMLNJRHLFFBF28DB,成蘆段,2.06,都市：工
RPOOMLNJRHLFFBF28DB,成蘆段,.36,都市：工
RPQPMLNJRHLFFBF58DB,成蘆段,2.87,都市：工
RPQPMLNJRHLFFBF58DB,成蘆段,6.20,都市：工
RPQPMLNJRHLFFBF58DB,成蘆段,8.26,都市：工
RPQPMLNJRHLFFBF58DB,成蘆段,8.20,都市：工
RPQPMLNJRHLFFBF58DB,成蘆段,2.30,都市：工
RPQPMLNJRHLFFBF58DB,成蘆段,.40,都市：工
RPSOMLNJRHLFFBF68DB,成蘆段,2.57,都市：工
RPSOMLNJRHLFFBF68DB,成蘆段,5.54,都市：工
RPSOMLNJRHLFFBF68DB,成蘆段,7.39,都市：工
RPSOMLNJRHLFFBF68DB,成蘆段,7.33,都市：工
RPSOMLNJRHLFFBF68DB,成蘆段,2.05,都市：工
RPSOMLNJRHLFFBF68DB,成蘆段,.36,都市：工
RPWOMLNJRHLFFBF09DB,成蘆段,2.90,都市：工
RPWOMLNJRHLFFBF09DB,成蘆段,6.25,都市：工
RPWOMLNJRHLFFBF09DB,成蘆段,8.34,都市：工
RPWOMLNJRHLFFBF09DB,成蘆段,8.27,都市：工
RPWOMLNJRHLFFBF09DB,成蘆段,2.32,都市：工
RPWOMLNJRHLFFBF09DB,成蘆段,.41,都市：工
RPVOMLNJRHLFFBF98DB,成蘆段,2.87,都市：工
RPVOMLNJRHLFFBF98DB,成蘆段,6.20,都市：工
RPVOMLNJRHLFFBF98DB,成蘆段,8.26,都市：工
RPVOMLNJRHLFFBF98DB,成蘆段,8.20,都市：工
RPVOMLNJRHLFFBF98DB,成蘆段,2.30,都市：工
RPVOMLNJRHLFFBF98DB,成蘆段,.40,都市：工
RPPPMLNJRHLFFBF48DB,成蘆段,2.83,都市：工
RPPPMLNJRHLFFBF48DB,成蘆段,6.09,都市：工
RPPPMLNJRHLFFBF48DB,成蘆段,8.13,都市：工
RPPPMLNJRHLFFBF48DB,成蘆段,8.06,都市：工
RPPPMLNJRHLFFBF48DB,成蘆段,2.26,都市：工
RPPPMLNJRHLFFBF48DB,成蘆段,.40,都市：工
RPUOMLNJRHLFFBF88DB,成蘆段,2.60,都市：工
RPUOMLNJRHLFFBF88DB,成蘆段,5.59,都市：工
RPUOMLNJRHLFFBF88DB,成蘆段,7.46,都市：工
RPUOMLNJRHLFFBF88DB,成蘆段,7.40,都市：工
RPUOMLNJRHLFFBF88DB,成蘆段,2.07,都市：工
RPUOMLNJRHLFFBF88DB,成蘆段,.36,都市：工
RPXOMLNJRHLFFBF56DB,成蘆段,2.90,都市：工
RPXOMLNJRHLFFBF56DB,成蘆段,6.25,都市：工
RPXOMLNJRHLFFBF56DB,成蘆段,8.34,都市：工
RPXOMLNJRHLFFBF56DB,成蘆段,8.27,都市：工
RPXOMLNJRHLFFBF56DB,成蘆段,2.32,都市：工
RPXOMLNJRHLFFBF56DB,成蘆段,.41,都市：工
RPPNMLOJRHLFFBF38DB,成蘆段,1.11,都市：工
RPPNMLOJRHLFFBF38DB,成蘆段,2.40,都市：工
RPPNMLOJRHLFFBF38DB,成蘆段,3.20,都市：工
RPPNMLOJRHLFFBF38DB,成蘆段,3.17,都市：工
RPPNMLOJRHLFFBF38DB,成蘆段,.89,都市：工
RPPNMLOJRHLFFBF38DB,成蘆段,.16,都市：工
RPRNMLOJRHLFFBF58DB,成蘆段,1.51,都市：工
RPRNMLOJRHLFFBF58DB,成蘆段,3.25,都市：工
RPRNMLOJRHLFFBF58DB,成蘆段,4.33,都市：工
RPRNMLOJRHLFFBF58DB,成蘆段,4.30,都市：工
RPRNMLOJRHLFFBF58DB,成蘆段,1.20,都市：工
RPRNMLOJRHLFFBF58DB,成蘆段,.21,都市：工
RPVNMLOJRHLFFBF98DB,成蘆段,.44,都市：工
RPVNMLOJRHLFFBF98DB,成蘆段,.95,都市：工
RPVNMLOJRHLFFBF98DB,成蘆段,1.27,都市：工
RPVNMLOJRHLFFBF98DB,成蘆段,1.26,都市：工
RPVNMLOJRHLFFBF98DB,成蘆段,.35,都市：工
RPVNMLOJRHLFFBF98DB,成蘆段,.06,都市：工
RPPOMLOJRHLFFBF48DB,成蘆段,.43,都市：工
RPPOMLOJRHLFFBF48DB,成蘆段,.93,都市：工
RPPOMLOJRHLFFBF48DB,成蘆段,1.25,都市：工
RPPOMLOJRHLFFBF48DB,成蘆段,1.24,都市：工
RPPOMLOJRHLFFBF48DB,成蘆段,.35,都市：工
RPPOMLOJRHLFFBF48DB,成蘆段,.06,都市：工
RPTNMLOJRHLFFBF78DB,成蘆段,.44,都市：工
RPTNMLOJRHLFFBF78DB,成蘆段,.94,都市：工
RPTNMLOJRHLFFBF78DB,成蘆段,1.25,都市：工
RPTNMLOJRHLFFBF78DB,成蘆段,1.24,都市：工
RPTNMLOJRHLFFBF78DB,成蘆段,.35,都市：工
RPTNMLOJRHLFFBF78DB,成蘆段,.06,都市：工
RPSNMLOJRHLFFBF68DB,成蘆段,.44,都市：工
RPSNMLOJRHLFFBF68DB,成蘆段,.94,都市：工
RPSNMLOJRHLFFBF68DB,成蘆段,1.25,都市：工
RPSNMLOJRHLFFBF68DB,成蘆段,1.24,都市：工
RPSNMLOJRHLFFBF68DB,成蘆段,.35,都市：工
RPSNMLOJRHLFFBF68DB,成蘆段,.06,都市：工
RPOOMLOJRHLFFBF38DB,成蘆段,.43,都市：工
RPOOMLOJRHLFFBF38DB,成蘆段,.93,都市：工
RPOOMLOJRHLFFBF38DB,成蘆段,1.25,都市：工
RPOOMLOJRHLFFBF38DB,成蘆段,1.24,都市：工
RPOOMLOJRHLFFBF38DB,成蘆段,.35,都市：工
RPOOMLOJRHLFFBF38DB,成蘆段,.06,都市：工
RPUNMLOJRHLFFBF88DB,成蘆段,.44,都市：工
RPUNMLOJRHLFFBF88DB,成蘆段,.95,都市：工
RPUNMLOJRHLFFBF88DB,成蘆段,1.27,都市：工
RPUNMLOJRHLFFBF88DB,成蘆段,1.26,都市：工
RPUNMLOJRHLFFBF88DB,成蘆段,.35,都市：工
RPUNMLOJRHLFFBF88DB,成蘆段,.06,都市：工
RPSOMLOJRHLFFBF78DB,成蘆段,.43,都市：工
RPSOMLOJRHLFFBF78DB,成蘆段,.93,都市：工
RPSOMLOJRHLFFBF78DB,成蘆段,1.25,都市：工
RPSOMLOJRHLFFBF78DB,成蘆段,1.24,都市：工
RPSOMLOJRHLFFBF78DB,成蘆段,.35,都市：工
RPSOMLOJRHLFFBF78DB,成蘆段,.06,都市：工
RPQNMLOJRHLFFBF48DB,成蘆段,1.46,都市：工
RPQNMLOJRHLFFBF48DB,成蘆段,3.14,都市：工
RPQNMLOJRHLFFBF48DB,成蘆段,4.19,都市：工
RPQNMLOJRHLFFBF48DB,成蘆段,4.16,都市：工
RPQNMLOJRHLFFBF48DB,成蘆段,1.16,都市：工
RPQNMLOJRHLFFBF48DB,成蘆段,.20,都市：工
RPRPMLPJRHLFFBF88DB,成蘆段,.43,都市：工
RPRPMLPJRHLFFBF88DB,成蘆段,.93,都市：工
RPRPMLPJRHLFFBF88DB,成蘆段,1.25,都市：工
RPRPMLPJRHLFFBF88DB,成蘆段,1.24,都市：工
RPRPMLPJRHLFFBF88DB,成蘆段,.35,都市：工
RPRPMLPJRHLFFBF88DB,成蘆段,.06,都市：工
RPQOMLOJRHLFFBF58DB,成蘆段,.43,都市：工
RPQOMLOJRHLFFBF58DB,成蘆段,.93,都市：工
RPQOMLOJRHLFFBF58DB,成蘆段,1.25,都市：工
RPQOMLOJRHLFFBF58DB,成蘆段,1.24,都市：工
RPQOMLOJRHLFFBF58DB,成蘆段,.35,都市：工
RPQOMLOJRHLFFBF58DB,成蘆段,.06,都市：工
RPWPMLPJRHLFFBF76DB,成蘆段,.43,都市：工
RPWPMLPJRHLFFBF76DB,成蘆段,.93,都市：工
RPWPMLPJRHLFFBF76DB,成蘆段,1.25,都市：工
RPWPMLPJRHLFFBF76DB,成蘆段,1.24,都市：工
RPWPMLPJRHLFFBF76DB,成蘆段,.35,都市：工
RPWPMLPJRHLFFBF76DB,成蘆段,.06,都市：工
RPTQMLPJRHLFFBF56DB,成蘆段,.54,都市：工
RPTQMLPJRHLFFBF56DB,成蘆段,1.17,都市：工
RPTQMLPJRHLFFBF56DB,成蘆段,1.56,都市：工
RPTQMLPJRHLFFBF56DB,成蘆段,1.54,都市：工
RPTQMLPJRHLFFBF56DB,成蘆段,.43,都市：工
RPTQMLPJRHLFFBF56DB,成蘆段,.08,都市：工
RPUOMLPJRHLFFBF09DB,成蘆段,.44,都市：工
RPUOMLPJRHLFFBF09DB,成蘆段,.94,都市：工
RPUOMLPJRHLFFBF09DB,成蘆段,1.25,都市：工
RPUOMLPJRHLFFBF09DB,成蘆段,1.24,都市：工
RPUOMLPJRHLFFBF09DB,成蘆段,.35,都市：工
RPUOMLPJRHLFFBF09DB,成蘆段,.06,都市：工
RPPQMLPJRHLFFBF78DB,成蘆段,.98,都市：工
RPPQMLPJRHLFFBF78DB,成蘆段,2.12,都市：工
RPPQMLPJRHLFFBF78DB,成蘆段,2.82,都市：工
RPPQMLPJRHLFFBF78DB,成蘆段,2.80,都市：工
RPPQMLPJRHLFFBF78DB,成蘆段,.78,都市：工
RPPQMLPJRHLFFBF78DB,成蘆段,.14,都市：工
RPQQMLPJRHLFFBF88DB,成蘆段,.53,都市：工
RPQQMLPJRHLFFBF88DB,成蘆段,1.15,都市：工
RPQQMLPJRHLFFBF88DB,成蘆段,1.53,都市：工
RPQQMLPJRHLFFBF88DB,成蘆段,1.52,都市：工
RPQQMLPJRHLFFBF88DB,成蘆段,.43,都市：工
RPQQMLPJRHLFFBF88DB,成蘆段,.07,都市：工
RPXPMLPJRHLFFBF86DB,成蘆段,.98,都市：工
RPXPMLPJRHLFFBF86DB,成蘆段,2.12,都市：工
RPXPMLPJRHLFFBF86DB,成蘆段,2.82,都市：工
RPXPMLPJRHLFFBF86DB,成蘆段,2.80,都市：工
RPXPMLPJRHLFFBF86DB,成蘆段,.78,都市：工
RPXPMLPJRHLFFBF86DB,成蘆段,.14,都市：工
RPUQMLPJRHLFFBF66DB,成蘆段,.54,都市：工
RPUQMLPJRHLFFBF66DB,成蘆段,1.17,都市：工
RPUQMLPJRHLFFBF66DB,成蘆段,1.56,都市：工
RPUQMLPJRHLFFBF66DB,成蘆段,1.54,都市：工
RPUQMLPJRHLFFBF66DB,成蘆段,.43,都市：工
RPUQMLPJRHLFFBF66DB,成蘆段,.08,都市：工
RPRQMLPJRHLFFBF98DB,成蘆段,.53,都市：工
RPRQMLPJRHLFFBF98DB,成蘆段,1.15,都市：工
RPRQMLPJRHLFFBF98DB,成蘆段,1.53,都市：工
RPRQMLPJRHLFFBF98DB,成蘆段,1.52,都市：工
RPRQMLPJRHLFFBF98DB,成蘆段,.43,都市：工
RPRQMLPJRHLFFBF98DB,成蘆段,.07,都市：工
RPQPMLPJRHLFFBF78DB,成蘆段,.44,都市：工
RPQPMLPJRHLFFBF78DB,成蘆段,.95,都市：工
RPQPMLPJRHLFFBF78DB,成蘆段,1.27,都市：工
RPQPMLPJRHLFFBF78DB,成蘆段,1.26,都市：工
RPQPMLPJRHLFFBF78DB,成蘆段,.35,都市：工
RPQPMLPJRHLFFBF78DB,成蘆段,.06,都市：工
RPVQMLPJRHLFFBF76DB,成蘆段,.53,都市：工
RPVQMLPJRHLFFBF76DB,成蘆段,1.14,都市：工
RPVQMLPJRHLFFBF76DB,成蘆段,1.52,都市：工
RPVQMLPJRHLFFBF76DB,成蘆段,1.51,都市：工
RPVQMLPJRHLFFBF76DB,成蘆段,.42,都市：工
RPVQMLPJRHLFFBF76DB,成蘆段,.07,都市：工
RPOPMLPJRHLFFBF58DB,成蘆段,.44,都市：工
RPOPMLPJRHLFFBF58DB,成蘆段,.94,都市：工
RPOPMLPJRHLFFBF58DB,成蘆段,1.25,都市：工
RPOPMLPJRHLFFBF58DB,成蘆段,1.24,都市：工
RPOPMLPJRHLFFBF58DB,成蘆段,.35,都市：工
RPOPMLPJRHLFFBF58DB,成蘆段,.06,都市：工
RPXQMLPJRHLFFBF96DB,成蘆段,.53,都市：工
RPXQMLPJRHLFFBF96DB,成蘆段,1.14,都市：工
RPXQMLPJRHLFFBF96DB,成蘆段,1.52,都市：工
RPXQMLPJRHLFFBF96DB,成蘆段,1.51,都市：工
RPXQMLPJRHLFFBF96DB,成蘆段,.42,都市：工
RPXQMLPJRHLFFBF96DB,成蘆段,.07,都市：工
RPORMLPJRHLFFBF78DB,成蘆段,.44,都市：工
RPORMLPJRHLFFBF78DB,成蘆段,.95,都市：工
RPORMLPJRHLFFBF78DB,成蘆段,1.27,都市：工
RPORMLPJRHLFFBF78DB,成蘆段,1.26,都市：工
RPORMLPJRHLFFBF78DB,成蘆段,.35,都市：工
RPORMLPJRHLFFBF78DB,成蘆段,.06,都市：工
RPRPMLQJRHLFFBF98DB,成蘆段,.44,都市：工
RPRPMLQJRHLFFBF98DB,成蘆段,.94,都市：工
RPRPMLQJRHLFFBF98DB,成蘆段,1.25,都市：工
RPRPMLQJRHLFFBF98DB,成蘆段,1.24,都市：工
RPRPMLQJRHLFFBF98DB,成蘆段,.35,都市：工
RPRPMLQJRHLFFBF98DB,成蘆段,.06,都市：工
RPPRMLPJRHLFFBF88DB,成蘆段,.44,都市：工
RPPRMLPJRHLFFBF88DB,成蘆段,.95,都市：工
RPPRMLPJRHLFFBF88DB,成蘆段,1.27,都市：工
RPPRMLPJRHLFFBF88DB,成蘆段,1.26,都市：工
RPPRMLPJRHLFFBF88DB,成蘆段,.35,都市：工
RPPRMLPJRHLFFBF88DB,成蘆段,.06,都市：工
RPTQMLQJRHLFFBF66DB,成蘆段,.43,都市：工
RPTQMLQJRHLFFBF66DB,成蘆段,.93,都市：工
RPTQMLQJRHLFFBF66DB,成蘆段,1.25,都市：工
RPTQMLQJRHLFFBF66DB,成蘆段,1.24,都市：工
RPTQMLQJRHLFFBF66DB,成蘆段,.35,都市：工
RPTQMLQJRHLFFBF66DB,成蘆段,.06,都市：工
RPROMLQJRHLFFBF88DB,成蘆段,.92,都市：工
RPROMLQJRHLFFBF88DB,成蘆段,1.99,都市：工
RPROMLQJRHLFFBF88DB,成蘆段,2.65,都市：工
RPROMLQJRHLFFBF88DB,成蘆段,2.63,都市：工
RPROMLQJRHLFFBF88DB,成蘆段,.74,都市：工
RPROMLQJRHLFFBF88DB,成蘆段,.13,都市：工
RPVOMLQJRHLFFBF66DB,成蘆段,.92,都市：工
RPVOMLQJRHLFFBF66DB,成蘆段,1.99,都市：工
RPVOMLQJRHLFFBF66DB,成蘆段,2.65,都市：工
RPVOMLQJRHLFFBF66DB,成蘆段,2.63,都市：工
RPVOMLQJRHLFFBF66DB,成蘆段,.74,都市：工
RPVOMLQJRHLFFBF66DB,成蘆段,.13,都市：工
RPQOMLQJRHLFFBF78DB,成蘆段,.91,都市：工
RPQOMLQJRHLFFBF78DB,成蘆段,1.96,都市：工
RPQOMLQJRHLFFBF78DB,成蘆段,2.61,都市：工
RPQOMLQJRHLFFBF78DB,成蘆段,2.59,都市：工
RPQOMLQJRHLFFBF78DB,成蘆段,.73,都市：工
RPQOMLQJRHLFFBF78DB,成蘆段,.13,都市：工
RPSRMLPJRHLFFBF56DB,成蘆段,.45,都市：工
RPSRMLPJRHLFFBF56DB,成蘆段,.96,都市：工
RPSRMLPJRHLFFBF56DB,成蘆段,1.28,都市：工
RPSRMLPJRHLFFBF56DB,成蘆段,1.27,都市：工
RPSRMLPJRHLFFBF56DB,成蘆段,.36,都市：工
RPSRMLPJRHLFFBF56DB,成蘆段,.06,都市：工
RPUPMLQJRHLFFBF66DB,成蘆段,.44,都市：工
RPUPMLQJRHLFFBF66DB,成蘆段,.94,都市：工
RPUPMLQJRHLFFBF66DB,成蘆段,1.25,都市：工
RPUPMLQJRHLFFBF66DB,成蘆段,1.24,都市：工
RPUPMLQJRHLFFBF66DB,成蘆段,.35,都市：工
RPUPMLQJRHLFFBF66DB,成蘆段,.06,都市：工
RPVQMLQJRHLFFBF86DB,成蘆段,.43,都市：工
RPVQMLQJRHLFFBF86DB,成蘆段,.93,都市：工
RPVQMLQJRHLFFBF86DB,成蘆段,1.25,都市：工
RPVQMLQJRHLFFBF86DB,成蘆段,1.24,都市：工
RPVQMLQJRHLFFBF86DB,成蘆段,.35,都市：工
RPVQMLQJRHLFFBF86DB,成蘆段,.06,都市：工
RPXOMLQJRHLFFBF86DB,成蘆段,.95,都市：工
RPXOMLQJRHLFFBF86DB,成蘆段,2.05,都市：工
RPXOMLQJRHLFFBF86DB,成蘆段,2.74,都市：工
RPXOMLQJRHLFFBF86DB,成蘆段,2.72,都市：工
RPXOMLQJRHLFFBF86DB,成蘆段,.76,都市：工
RPXOMLQJRHLFFBF86DB,成蘆段,.13,都市：工
RPOOMLQJRHLFFBF58DB,成蘆段,.91,都市：工
RPOOMLQJRHLFFBF58DB,成蘆段,1.96,都市：工
RPOOMLQJRHLFFBF58DB,成蘆段,2.61,都市：工
RPOOMLQJRHLFFBF58DB,成蘆段,2.59,都市：工
RPOOMLQJRHLFFBF58DB,成蘆段,.73,都市：工
RPOOMLQJRHLFFBF58DB,成蘆段,.13,都市：工
RPUQMLQJRHLFFBF76DB,成蘆段,.44,都市：工
RPUQMLQJRHLFFBF76DB,成蘆段,.94,都市：工
RPUQMLQJRHLFFBF76DB,成蘆段,1.25,都市：工
RPUQMLQJRHLFFBF76DB,成蘆段,1.24,都市：工
RPUQMLQJRHLFFBF76DB,成蘆段,.35,都市：工
RPUQMLQJRHLFFBF76DB,成蘆段,.06,都市：工
RPXQMLQJRHLFFBF96CB,副都心段一小段,5.03,都市：商
RPWQMLQJRHLFFBF96DB,成蘆段,1.14,都市：工
RPWQMLQJRHLFFBF96DB,成蘆段,2.45,都市：工
RPWQMLQJRHLFFBF96DB,成蘆段,3.27,都市：工
RPWQMLQJRHLFFBF96DB,成蘆段,3.24,都市：工
RPWQMLQJRHLFFBF96DB,成蘆段,.91,都市：工
RPWQMLQJRHLFFBF96DB,成蘆段,.16,都市：工
RPQRMLQJRHLFFBF98CB,副都心段一小段,5.03,都市：商
RPURMLQJRHLFFBF76CB,副都心段一小段,5.03,都市：商
RPRRMLQJRHLFFBF09CB,副都心段一小段,5.03,都市：商
RPTRMLQJRHLFFBF66CB,副都心段一小段,5.03,都市：商
RPPRMLQJRHLFFBF88CB,副都心段一小段,5.19,都市：商
RPSPMLQJRHLFFBF98CB,副都心段一小段,8.85,都市：商
RPWPMLQJRHLFFBF76CB,副都心段一小段,9.00,都市：商
RPVRMLQJRHLFFBF86CB,副都心段一小段,5.03,都市：商
RPQPMLQJRHLFFBF78CB,副都心段一小段,8.85,都市：商
RPXRMLQJRHLFFBF07CB,副都心段一小段,5.03,都市：商
RPXSMLQJRHLFFBF17CB,副都心段一小段,5.03,都市：商
RPPTMLQJRHLFFBF09CB,副都心段一小段,5.19,都市：商
RPOTMLQJRHLFFBF98CB,副都心段一小段,5.19,都市：商
RPQTMLQJRHLFFBF56CB,副都心段一小段,5.19,都市：商
RPPQMLTJRHLFFEF76CB,海天段,21.07,都市：住
RPQSMLQJRHLFFBF09CB,副都心段一小段,10.22,都市：商
RPSSMLQJRHLFFBF66CB,副都心段一小段,10.22,都市：商
RPPSMLQJRHLFFBF98CB,副都心段一小段,8.39,都市：商
RPOQMLTJRHLFFEF66CB,海天段,15.71,都市：住
RPUQMLTJRHLFFEF27CB,海天段,15.60,都市：住
RPQRMLTJRHLFFEF96CB,海天段,15.60,都市：住
RPQQMLTJRHLFFEF86CB,海天段,15.60,都市：住
RPRQMLTJRHLFFEF96CB,海天段,15.60,都市：住
RPWQMLTJRHLFFEF47CB,海天段,15.60,都市：住
RPRRMLTJRHLFFEF07CB,海天段,15.60,都市：住
RPPRMLTJRHLFFEF86CB,海天段,15.60,都市：住
RPVQMLTJRHLFFEF37CB,海天段,15.60,都市：住
RPORMLTJRHLFFEF76CB,海天段,15.60,都市：住
RPTNMLTJRHLFFBF66DB,成蘆段,.53,都市：工
RPTNMLTJRHLFFBF66DB,成蘆段,1.14,都市：工
RPTNMLTJRHLFFBF66DB,成蘆段,1.52,都市：工
RPTNMLTJRHLFFBF66DB,成蘆段,1.51,都市：工
RPTNMLTJRHLFFBF66DB,成蘆段,.42,都市：工
RPTNMLTJRHLFFBF66DB,成蘆段,.07,都市：工
RPURMLTJRHLFFEF37CB,海天段,15.60,都市：住
RPSRMLTJRHLFFEF17CB,海天段,15.60,都市：住
RPVNMLMKRHLFFBF78CB,副都心段一小段,8.08,都市：商
RPTRMLTJRHLFFEF27CB,海天段,15.60,都市：住
RPSNMLMKRHLFFBF48CB,副都心段一小段,5.80,都市：商
RPXNMLMKRHLFFBF98CB,副都心段一小段,5.03,都市：商
RPPQMLNKRHLFFBF58CB,副都心段一小段,5.95,都市：商
RPUNMLMKRHLFFBF68CB,副都心段一小段,5.19,都市：商
RPPOMLMKRHLFFBF28CB,副都心段一小段,9.46,都市：商
RPQOMLMKRHLFFBF38CB,副都心段一小段,9.46,都市：商
RPOOMLNKRHLFFEF58CB,海天段,15.60,都市：住
RPQQMLNKRHLFFBF68CB,副都心段一小段,5.03,都市：商
RPTNMLNKRHLFFEF98CB,海天段,15.60,都市：住
RPXQMLNKRHLFFEF07CB,海天段,15.60,都市：住
RPTQMLNKRHLFFEF66CB,海天段,15.60,都市：住
RPPOMLNKRHLFFEF68CB,海天段,21.01,都市：住
RPWQMLNKRHLFFEF96CB,海天段,15.60,都市：住
RPXNMLNKRHLFFEF76CB,海天段,15.60,都市：住
RPTNMLOJIILFFDF08CB,北山段,15.83,都市：住
RPVNMLOJIILFFDF28CB,北山段,11.21,都市：住
RPSNMLQLRHLFFDF56CB,北山段,11.54,都市：住
RPUOMLNJIILFFDF18CB,北山段,11.54,都市：住
RPQNMLQLRHLFFDF98CB,北山段,11.21,都市：住
RPTNMLQLRHLFFDF66CB,北山段,8.24,都市：住
RPRNMLQLRHLFFDF09CB,北山段,11.54,都市：住
RPTQMLTLRHLFFBF17DB,成蘆段,2.94,都市：工
RPTQMLTLRHLFFBF17DB,成蘆段,6.33,都市：工
RPTQMLTLRHLFFBF17DB,成蘆段,8.45,都市：工
RPTQMLTLRHLFFBF17DB,成蘆段,8.37,都市：工
RPTQMLTLRHLFFBF17DB,成蘆段,2.35,都市：工
RPTQMLTLRHLFFBF17DB,成蘆段,.41,都市：工
RPVPMLNLRHLFFDF76CB,北山段,19.45,都市：住
RPUOMLOJIILFFBF08CB,新豐段,7.22,都市：商
RPQPMLOJIILFFBF77CB,新豐段,6.28,都市：商
RPVNMLOJIILFFBF08CB,新豐段,8.76,都市：商
RPVOMLOJIILFFBF18CB,新豐段,11.70,都市：商
RPROMLOJIILFFBF77CB,新豐段,7.22,都市：商
RPTOMLOJIILFFBF97CB,新豐段,7.22,都市：商
RPVPMLOJIILFFBF28CB,新豐段,7.32,都市：商
RPXOMLOJIILFFBF38CB,新豐段,6.28,都市：商
RPXPMLOJIILFFBF48CB,新豐段,7.32,都市：商
RPOOMLPJIILFFDF77CB,北山段,8.57,都市：住
RPRPMLPJIILFFDF18CB,北山段,11.21,都市：住
RPWPMLQJIILFFBF58CB,新豐段,7.22,都市：商
RPSQMLQJIILFFBF28CB,新豐段,7.22,都市：商
RPSOMLRJIILFFBF18CB,新豐段,7.32,都市：商
RPQQMLQJIILFFBF08CB,新豐段,7.32,都市：商
RPROMLRJIILFFBF08CB,新豐段,7.22,都市：商
RPRQMLMKIILFFBF87CB,新豐段,7.32,都市：商
RPVRMLMKIILFFBF38CB,芳洲段,12.11,都市：住
RPOSMLMKIILFFBF77CB,芳洲段,20.29,都市：住
RPQQMLMKIILFFBF77CB,新豐段,7.32,都市：商
RPSQMLMKIILFFBF97CB,新豐段,9.75,都市：商
RPUOMLRKIILFFBF48CB,芳洲段,15.04,都市：住
RPPSMLMKIILFFBF87CB,芳洲段,20.29,都市：住
RPPQMLMKIILFFBF67CB,新豐段,9.16,都市：商
RPTOMLRKIILFFBF38CB,芳洲段,15.04,都市：住
RPWOMLMKIILFFBF18CB,新豐段,7.22,都市：商
RPROMLRKIILFFBF18CB,芳洲段,15.04,都市：住
RPPPMLRKIILFFBF08CB,芳洲段,20.28,都市：住
RPQPMLRKIILFFBF18CB,芳洲段,15.03,都市：住
RPRPMLRKIILFFBF28CB,芳洲段,15.03,都市：住
RPPRMLSKIILFFBF38CB,芳洲段,12.11,都市：住
RPTPMLRKIILFFBF48CB,芳洲段,15.03,都市：住
RPPQMLRKIILFFBF18CB,芳洲段,21.18,都市：住
RPXPMLRKIILFFBF88CB,芳洲段,20.64,都市：住
RPXQMLSKIILFFBF09CB,芳洲段,15.22,都市：住
RPQRMLSKIILFFBF48CB,芳洲段,15.03,都市：住
RPVPMLRKIILFFBF68CB,芳洲段,20.85,都市：住
RPUOMLSKIILFFGF09CB,正義段,675.37,都市：住
RPQPMLSKIILFFGF78CB,正義段,675.37,都市：住
RPXOMLSKIILFFGF76CB,正義段,675.37,都市：住
RPPPMLSKIILFFGF68CB,正義段,675.37,都市：住
RPSOMLSKIILFFGF88CB,正義段,675.37,都市：住
RPXNMLTKIILFFBF88CB,芳洲段,20.28,都市：住
RPQOMLSKIILFFGF68CB,正義段,675.37,都市：住
RPOPMLSKIILFFGF58CB,正義段,675.37,都市：住
RPROMLSKIILFFGF78CB,正義段,675.37,都市：住
RPXSMLOLIILFFBF98CB,新豐段,17.34,都市：商
RPVPMLSKIILFFGF66CB,正義段,675.37,都市：住
RPSSMLOLIILFFBF48CB,新豐段,17.34,都市：商
RPQTMLOLIILFFBF38CB,新豐段,15.69,都市：商
RPSTMLOLIILFFBF58CB,新豐段,15.69,都市：商
RPOTMLOLIILFFBF18CB,新豐段,15.69,都市：商
RPRPMLSKIILFFGF88CB,正義段,675.37,都市：住
RPTTMLOLIILFFBF68CB,新豐段,15.69,都市：商
RPWTMLOLIILFFBF98CB,新豐段,9.24,都市：商
RPSUMLOLIILFFBF68CB,新豐段,16.07,都市：商
RPOVMLOLIILFFBF38CB,建林段,25.39,都市：住
RPOVMLOLIILFFBF38CB,建林段,25.93,都市：住
RPWUMLOLIILFFBF09CB,建林段,22.97,都市：住
RPWUMLOLIILFFBF09CB,建林段,23.46,都市：住
RPXUMLOLIILFFBF56CB,建林段,22.97,都市：住
RPXUMLOLIILFFBF56CB,建林段,23.46,都市：住
RPRUMLOLIILFFBF58CB,新豐段,16.01,都市：商
RPUUMLOLIILFFBF88CB,新豐段,16.07,都市：商
RPPUMLOLIILFFBF38CB,新豐段,9.87,都市：商
RPVTMLOLIILFFBF88CB,新豐段,15.69,都市：商
RPUTMLOLIILFFBF78CB,新豐段,15.69,都市：商
RPPVMLOLIILFFBF48CB,建林段,22.97,都市：住
RPPVMLOLIILFFBF48CB,建林段,23.46,都市：住
RPRVMLOLIILFFBF68CB,建林段,26.60,都市：住
RPRVMLOLIILFFBF68CB,建林段,27.17,都市：住
RPTNMLQLIILFFBF28CB,新豐段,11.83,都市：商
RPTOMLQLIILFFBF38CB,新豐段,9.87,都市：商
RPVOMLQLIILFFBF58CB,新豐段,9.87,都市：商
RPPPMLQLIILFFBF08CB,新豐段,9.87,都市：商
RPVPMLQLIILFFBF68CB,新豐段,7.97,都市：商
RPXPMLQLIILFFBF88CB,新豐段,9.87,都市：商
RPUPMLQLIILFFBF58CB,新豐段,9.87,都市：商
RPOQMLQLIILFFBF08CB,新豐段,9.87,都市：商
RPQOMLQLIILFFBF08CB,新豐段,9.87,都市：商
RPVNMLQLIILFFBF48CB,新豐段,17.34,都市：商
RPQQMLQLIILFFBF28CB,新豐段,9.87,都市：商
RPRQMLQLIILFFBF38CB,新豐段,9.87,都市：商
RPUNMLQLIILFFBF38CB,新豐段,17.34,都市：商
RPVQMLQLIILFFBF78CB,新豐段,16.01,都市：商
RPPQMLQLIILFFBF18CB,新豐段,9.87,都市：商
RPSQMLQLIILFFBF48CB,新豐段,9.87,都市：商
RPORMLQLIILFFBF18CB,新豐段,11.83,都市：商
RPTOMLSLIILFFHF76EB,得林段,9.18,都市：住
RPSOMLSLIILFFHF66EB,得林段,16.72,都市：住
RPQOMLSLIILFFHF09EB,得林段,13.45,都市：住
RPUOMLSLIILFFHF86EB,得林段,9.18,都市：住
RPVOMLSLIILFFHF96EB,得林段,16.72,都市：住
RPROMLSLIILFFHF56EB,得林段,13.45,都市：住
RPWQMLQLIILFFBF88CB,新豐段,16.07,都市：商
RPOPMLSLIILFFHF98EB,得林段,12.45,都市：住
RPWOMLSLIILFFHF07EB,得林段,16.72,都市：住
RPXOMLSLIILFFHF17EB,得林段,12.45,都市：住
RPPPMLLMIILFFBF67CB,新豐段,9.87,都市：商
RPSOMLLMIILFFEF18CB,淡海段,14.83,都市：住
RPXNMLLMIILFFEF58CB,淡海段,20.76,都市：住
RPOPMLLMIILFFBF57CB,新豐段,9.87,都市：商
RPXOMLLMIILFFBF38CB,新豐段,11.83,都市：商
RPQPMLLMIILFFBF77CB,新豐段,16.01,都市：商
RPOOMLLMIILFFEF77CB,淡海段,23.54,都市：住
RPPOMLLMIILFFEF87CB,淡海段,13.78,都市：住
RPRPMLLMIILFFBF87CB,新豐段,9.87,都市：商
RPSPMLLMIILFFBF97CB,新豐段,9.87,都市：商
RPVPMLLMIILFFBF28CB,新豐段,11.83,都市：商
RPPQMLLMIILFFBF77CB,新豐段,17.85,都市：商
RPRNMLTLIILFFEF68CB,淡海段,16.24,都市：住
RPXPMLLMIILFFBF48CB,新豐段,11.83,都市：商
RPRQMLLMIILFFBF97CB,新豐段,17.21,都市：商
RPTQMLLMIILFFBF18CB,新豐段,17.85,都市：商
RPSNMLTLIILFFEF78CB,淡海段,20.76,都市：住
RPVQMLLMIILFFBF38CB,新豐段,17.72,都市：商
RPUQMLLMIILFFBF28CB,新豐段,17.72,都市：商
RPTNMLTLIILFFEF88CB,淡海段,30.59,都市：住
RPTPMLLMIILFFBF08CB,新豐段,9.87,都市：商
RPWQMLLMIILFFBF48CB,新豐段,13.54,都市：商
