﻿編號,屋齡,建物移轉面積平方公尺,主要用途,主要建材,建築完成日期,總層數,建物分層
The serial number,room age,building shifting area square meter,the main use,main building materials,construction completes the date,total layer,building lamination
RPOQMLLJQHLFFBH38CC,25,31.59,住家用,鋼筋混凝土造,80年6月7日,四層,
RPOOMLLJQHLFFFH58CC,2,64.82,住家用,鋼筋混凝土造,103年12月10日,十三層,
RPOOMLLJQHLFFFH58CC,2,14.71,見其他登記事項,鋼筋混凝土造,103年12月10日,十三層,
RPOOMLLJQHLFFFH58CC,2,44.93,見其他登記事項,鋼筋混凝土造,103年12月10日,十三層,
RPTQMLLJQHLFFBH88CC,11,86.06,住家用,鋼筋混凝土造,94年5月19日,十一層,
RPTQMLLJQHLFFBH88CC,11,15.60,共有部分,鋼筋混凝土造,94年5月19日,十一層,
RPTQMLLJQHLFFBH88CC,11,16.73,共有部分,鋼筋混凝土造,94年5月19日,十二層,
RPTQMLLJQHLFFBH88CC,11,.01,見其他登記事項,鋼筋混凝土造,94年5月19日,十一層,
RPTQMLLJQHLFFBH88CC,11,25.13,共有部分,鋼筋混凝土造,94年5月19日,十二層,
RPVNMLLJQHLFFDH98CC,1,66.58,住家用,鋼筋混凝土造,104年9月25日,十五層,
RPVNMLLJQHLFFDH98CC,1,30.94,見其他登記事項,鋼筋混凝土造,104年9月25日,十五層,
RPRPMLLJQHLFFAH48CC,24,58.81,住家用,鋼筋混凝土造,81年11月5日,七層,
RPRPMLLJQHLFFAH48CC,24,10.05,共有部份,鋼筋混凝土造,81年11月5日,七層,
RPUNMLLJQHLFFDH88CC,1,63.46,住家用,鋼筋混凝土造,104年5月25日,十五層,
RPUNMLLJQHLFFDH88CC,1,63.92,見其他登記事項,鋼筋混凝土造,104年5月25日,十五層,
RPXNMLLJQHLFFFH76CC,3,70.57,住家用,鋼筋混凝土造,102年11月15日,十四層,
RPXNMLLJQHLFFFH76CC,3,9.51,見其他登記事項,鋼筋混凝土造,102年11月15日,十四層,
RPXNMLLJQHLFFFH76CC,3,44.58,見其他登記事項,鋼筋混凝土造,102年11月15日,十四層,
RPXNMLLJQHLFFGH86CC,35,351.90,住家用,鋼筋混凝土造,70年10月2日,四層,
RPQPMLLJQHLFFAH38CC,5,23.96,見其他登記事項,鋼筋混凝土造,100年10月24日,十七層,
RPQPMLLJQHLFFAH38CC,5,10.08,見其他登記事項,鋼筋混凝土造,100年10月24日,十九層,
RPOPMLLJQHLFFAH18CC,9,106.55,住家用,鋼筋混凝土造,96年12月20日,十二層,
RPOPMLLJQHLFFAH18CC,9,27.92,共有部份,鋼筋混凝土造,96年12月20日,十二層,
RPOPMLLJQHLFFAH18CC,9,85.24,共有部份,鋼筋混凝土造,96年12月20日,十二層,
RPOOMLMJQHLFFFH78DC,35,130.75,住商用,鋼筋混凝土造,70年12月24日,四層,
RPTNMLMJQHLFFFH56DC,9,253.79,住商用,鋼筋混凝土造,96年12月7日,十二層,
RPXNMLMJQHLFFGH07DC,1,85.28,住家用,鋼筋混凝土造,104年11月8日,十二層,
RPOOMLMJQHLFFDH58DC,17,155.63,住商用,鋼筋混凝土造,88年4月1日,三層,
RPOOMLMJQHLFFGH78CC,2,59.26,住家用,鋼筋混凝土造,103年6月3日,十四層,
RPOOMLMJQHLFFGH78CC,2,47.39,共有部份,鋼筋混凝土造,103年6月3日,十四層,
RPOOMLMJQHLFFGH78CC,2,12.93,共有部份,鋼筋混凝土造,103年6月3日,十四層,
RPPOMLMJQHLFFFH88DC,4,71.59,住家用,鋼筋混凝土造,101年12月4日,十三層,
RPPOMLMJQHLFFFH88DC,4,61.12,見其他登記事項,鋼筋混凝土造,101年12月4日,十三層,
RPPQMLMJQHLFFBH58CC,16,1058.30,見其他登記事項,鋼筋混凝土造,89年8月8日,十四層,
RPPQMLMJQHLFFBH58CC,16,238.16,共有部分,鋼筋混凝土造,89年8月8日,十四層,
RPPQMLMJQHLFFBH58CC,16,93.06,共有部分,鋼筋混凝土造,89年8月8日,十四層,
RPPQMLMJQHLFFBH58CC,16,22.32,共有部分,鋼筋混凝土造,89年8月8日,十四層,
RPROMLNJQHLFFBH68CC,17,251.79,見其他登記事項,鋼筋混凝土造,88年8月19日,五層,
RPROMLNJQHLFFBH68CC,17,1.76,見其他登記事項,鋼筋混凝土造,88年8月20日,四層,
RPROMLNJQHLFFBH68CC,17,.00,共有部分,鋼筋混凝土造,88年8月19日,五層,
RPROMLNJQHLFFBH68CC,17,20.31,共有部分,鋼筋混凝土造,88年8月19日,五層,
RPUOMLNJQHLFFBH98CC,42,44.64,住家用,加強磚造,63年11月13日,二層,
RPWOMLNJQHLFFBH56CC,34,24.59,住家用,鋼筋混凝土造,71年10月19日,五層,
RPTRMLNJQHLFFAH09CC,31,78.81,住家用,鋼筋混凝土造,74年7月11日,五層,
RPWPMLNJQHLFFAH56CC,2,158.25,商業用,鋼筋混凝土造,103年9月10日,十四層,
RPOPMLNJQHLFFFH98DC,1,112.82,住家用,鋼筋混凝土造,104年6月17日,二十四層,
RPOPMLNJQHLFFFH98DC,1,54.25,見其他登記事項,鋼筋混凝土造,104年6月17日,二十四層,
RPOPMLNJQHLFFFH98DC,1,37.11,見其他登記事項,鋼筋混凝土造,104年6月17日,二十四層,
RPWOMLNJQHLFFFH07DC,1,67.20,住家用,鋼筋混凝土造,104年6月17日,二十四層,
RPWOMLNJQHLFFFH07DC,1,31.12,見其他登記事項,鋼筋混凝土造,104年6月17日,二十四層,
RPWOMLNJQHLFFFH07DC,1,31.92,見其他登記事項,鋼筋混凝土造,104年6月17日,二十四層,
RPPPMLNJQHLFFFH09DC,3,109.63,住家用,鋼筋混凝土造,102年5月3日,十七層,
RPPPMLNJQHLFFFH09DC,3,18.39,見其他登記事項,鋼筋混凝土造,102年5月3日,十九層,
RPPPMLNJQHLFFFH09DC,3,35.87,見其他登記事項,鋼筋混凝土造,102年5月3日,十九層,
RPPPMLNJQHLFFFH09DC,3,33.87,見其他登記事項,鋼筋混凝土造,102年5月3日,十七層,
RPWNMLNJQHLFFEH86DC,14,99.29,住家用,鋼筋混凝土造,91年7月25日,十四層,
RPOOMLOJQHLFFDH88EC,22,86.52,住家用,鋼筋混凝土造,82年12月6日,七層,
RPOOMLOJQHLFFDH88EC,22,20.00,共同使用部份,鋼筋混凝土造,82年12月6日,七層,
RPWOMLOJQHLFFAH66DC,2,115.36,住家用,鋼筋混凝土造,103年12月11日,十層,
RPQRMLNJQHLFFAH88DC,16,190.67,工業用,鋼筋混凝土造,89年10月3日,七層,
RPWOMLOJQHLFFBH76DC,8,92.56,住家用,鋼筋混凝土造,97年4月6日,二十二層,
RPWOMLOJQHLFFBH76DC,8,5.02,共有部分,鋼筋混凝土造,97年4月6日,二十二層,
RPWOMLOJQHLFFBH76DC,8,6.01,共有部分,鋼筋混凝土造,97年4月6日,二十二層,
RPWOMLOJQHLFFBH76DC,8,14.70,共有部分,鋼筋混凝土造,97年4月6日,二十二層,
RPWOMLOJQHLFFBH76DC,8,.90,共有部分,鋼筋混凝土造,97年4月6日,二十二層,
RPWOMLOJQHLFFBH76DC,8,.13,共有部分,鋼筋混凝土造,97年4月6日,二十二層,
RPWOMLOJQHLFFBH76DC,8,.70,共有部分,鋼筋混凝土造,97年4月6日,二十二層,
RPXNMLNJQHLFFEH96DC,1,100.02,住家用,鋼筋混凝土造,104年8月5日,五層,
RPUNMLPJQHLFFGH96CC,27,59.07,住家用,鋼筋混凝土造,78年4月14日,四層,
RPRNMLPJQHLFFAH68CC,10,433.82,見其他登記事項,鋼筋混凝土造,95年3月28日,五層,
RPPOMLPJQHLFFGH56CC,24,85.43,住家用,鋼筋混凝土造,81年12月31日,五層,
RPPOMLPJQHLFFGH56CC,24,8.75,共有部份,鋼筋混凝土造,81年12月31日,五層,
RPPOMLPJQHLFFGH56CC,24,8.14,共有部份,鋼筋混凝土造,81年12月31日,五層,
RPVNMLPJQHLFFDH76CC,19,76.16,住家用,鋼筋混凝土造,86年9月5日,五層,
RPVNMLPJQHLFFDH76CC,19,7.17,見其他登記事項,鋼筋混凝土造,86年9月5日,五層,
RPVNMLPJQHLFFDH76CC,19,14.64,見其他登記事項,鋼筋混凝土造,86年9月5日,五層,
RPUNMLQJQHLFFAH09CC,23,110.73,住家用,鋼筋混凝土造,82年8月11日,十六層,
RPUNMLQJQHLFFAH09CC,23,63.72,共有部份,鋼筋混凝土造,82年8月11日,十六層,
RPVNMLQJQHLFFAH56CC,3,114.01,住家用,鋼筋混凝土造,103年1月21日,十三層,
RPVNMLQJQHLFFAH56CC,3,20.95,見其他登記事項,鋼筋混凝土造,103年1月21日,十三層,
RPVNMLQJQHLFFAH56CC,3,163.13,見其他登記事項,鋼筋混凝土造,103年1月21日,十五層,
RPWNMLQJQHLFFAH66CC,17,84.81,住商用,鋼筋混凝土造,89年1月14日,十四層,
RPWNMLQJQHLFFAH66CC,17,18.25,共有部份,鋼筋混凝土造,89年1月14日,十四層,
RPPOMLQJQHLFFAH68CC,2,113.43,住家用,鋼筋混凝土造,103年2月24日,十八層,
RPPOMLQJQHLFFAH68CC,2,30.71,見其他登記事項,鋼筋混凝土造,103年2月24日,十八層,
RPPOMLQJQHLFFAH68CC,2,79.43,見其他登記事項,鋼筋混凝土造,103年2月24日,十九層,
RPOOMLQJQHLFFAH58CC,23,83.75,住家用,鋼筋混凝土造,82年6月23日,七層,
RPOOMLQJQHLFFAH58CC,23,13.99,共有部份,鋼筋混凝土造,82年6月23日,七層,
RPQOMLPJQHLFFAH68CC,20,66.03,住家用,鋼筋混凝土造,85年5月8日,十六層,
RPQOMLPJQHLFFAH68CC,20,2.27,共有部份,鋼筋混凝土造,85年5月8日,十六層,
RPQOMLPJQHLFFAH68CC,20,10.88,共有部份,鋼筋混凝土造,85年5月8日,十六層,
RPQOMLPJQHLFFAH68CC,20,1.89,商業用,鋼筋混凝土造,85年5月8日,十六層,
RPQOMLPJQHLFFAH68CC,20,.01,共有部份,鋼筋混凝土造,85年5月8日,十六層,
RPQOMLPJQHLFFAH68CC,20,.01,共有部份,鋼筋混凝土造,85年5月8日,十六層,
RPRNMLQJQHLFFAH78CC,13,115.92,住家用,鋼筋混凝土造,92年10月31日,十四層,
RPRNMLQJQHLFFAH78CC,13,48.71,共有部份,鋼筋混凝土造,92年10月31日,十四層,
RPRNMLQJQHLFFAH78CC,13,21.13,共有部份,鋼筋混凝土造,92年10月31日,十四層,
RPQOMLQJQHLFFAH78CC,15,29.06,住家用,鋼筋混凝土造,90年2月23日,十層,
RPQOMLQJQHLFFAH78CC,15,13.46,共有部份,鋼筋混凝土造,90年2月23日,十層,
RPRNMLQJQHLFFGH76CC,42,60.10,住家用,磚造,63年11月1日,一層,
RPQNMLQJQHLFFGH66CC,36,141.76,住家用,加強磚造,69年6月23日,二層,
RPSNMLQJQHLFFAH88CC,36,42.89,住家用,鋼筋混凝土造,69年8月26日,六層,
RPSNMLQJQHLFFAH88CC,36,1.65,共有部份,鋼筋混凝土造,69年8月26日,六層,
RPSNMLQJQHLFFAH88CC,36,1.32,共有部份,鋼筋混凝土造,69年8月26日,六層,
RPSNMLQJQHLFFAH88CC,36,7.63,共有部份,鋼筋混凝土造,69年8月26日,六層,
RPXNMLQJQHLFFAH76CC,22,91.19,住家用,鋼筋混凝土造,83年10月26日,十六層,
RPXNMLQJQHLFFAH76CC,22,.52,共同使用部份,鋼筋混凝土造,83年10月26日,十六層,
RPXNMLQJQHLFFAH76CC,22,36.04,共同使用部份,鋼筋混凝土造,83年10月26日,十六層,
RPXNMLQJQHLFFAH76CC,22,14.35,共同使用部份,鋼筋混凝土造,83年10月26日,十六層,
RPXNMLQJQHLFFAH76CC,22,4.45,共同使用部份,鋼筋混凝土造,83年10月26日,十六層,
RPTNMLQJQHLFFAH98CC,7,125.32,見其他登記事項,鋼筋混凝土造,98年7月27日,五層,
RPTNMLQJQHLFFAH98CC,7,29.99,共有部份,鋼筋混凝土造,98年7月27日,五層,
RPOPMLSJQHLFFGH86CC,22,92.66,住家用,鋼筋混凝土造,83年11月11日,十八層,
RPOPMLSJQHLFFGH86CC,22,36.49,共有部份,鋼筋混凝土造,83年11月11日,十八層,
RPOPMLSJQHLFFGH86CC,22,1.96,共有部份,鋼筋混凝土造,83年11月11日,十八層,
RPOPMLSJQHLFFGH86CC,22,1.80,共有部份,鋼筋混凝土造,83年11月11日,十八層,
RPOPMLSJQHLFFGH86CC,22,1.44,共有部份,鋼筋混凝土造,83年11月11日,十八層,
RPOPMLSJQHLFFGH86CC,22,1.22,共有部份,鋼筋混凝土造,83年11月11日,十八層,
RPOPMLSJQHLFFGH86CC,22,14.64,共有部份,鋼筋混凝土造,83年11月11日,十八層,
RPOPMLSJQHLFFGH86CC,22,1.83,共有部份,鋼筋混凝土造,83年11月11日,十八層,
RPTPMLSJQHLFFBH96DC,17,110.33,見其他登記事項,鋼筋混凝土造,88年9月14日,十五層,
RPSNMLQJQHLFFGH86CC,18,90.52,住家用,鋼筋混凝土造,87年3月31日,九層,
RPTRMLSJQHLFFAH96CC,27,76.54,住家用,鋼筋混凝土造,78年9月30日,十層,
RPRNMLSJQHLFFGH17EC,1,88.20,住家用,鋼筋混凝土造,104年4月16日,十四層,
RPRNMLSJQHLFFGH17EC,1,17.54,共有部份,鋼筋混凝土造,104年4月16日,十四層,
RPRNMLSJQHLFFGH17EC,1,49.78,共有部份,鋼筋混凝土造,104年4月16日,十四層,
RPRSMLSJQHLFFAH86CC,23,88.78,商業用,鋼筋混凝土造,82年8月12日,五層,
RPRSMLSJQHLFFAH86CC,23,12.48,共有部份,鋼筋混凝土造,82年8月12日,五層,
RPRSMLSJQHLFFAH86CC,23,22.37,共有部份,鋼筋混凝土造,82年8月12日,五層,
RPQQMLSJQHLFFAH56CC,34,21.60,住家用,鋼筋混凝土造,71年8月2日,五層,
RPUPMLSJQHLFFBH96CC,5,28.85,見其他登記事項,鋼筋混凝土造,100年12月15日,十五層,
RPUPMLSJQHLFFBH96CC,5,11.93,見其他登記事項,鋼筋混凝土造,100年12月15日,十五層,
RPXOMLSJQHLFFBH17CC,24,147.96,見其他登記事項,鋼筋混凝土造,81年5月27日,二十二層,
RPXOMLSJQHLFFBH17CC,24,52.60,共有部分,鋼筋混凝土造,81年5月27日,二十二層,
RPXOMLSJQHLFFBH17CC,24,15.84,共有部分,鋼筋混凝土造,81年5月27日,二十二層,
RPXPMLSJQHLFFAH17CC,19,80.97,住家用,鋼筋混凝土造,86年3月7日,七層,
RPXPMLSJQHLFFAH17CC,19,11.39,共有部份,鋼筋混凝土造,86年3月7日,七層,
RPXPMLSJQHLFFAH17CC,19,21.69,共有部份,鋼筋混凝土造,86年3月7日,七層,
RPWNMLTJQHLFFFH47CC,1,92.63,住家用,鋼筋混凝土造,104年1月20日,十三層,
RPWNMLTJQHLFFFH47CC,1,68.49,見其他登記事項,鋼筋混凝土造,104年1月20日,十三層,
RPOPMLSJQHLFFBH98CC,5,35.88,見其他登記事項,鋼筋混凝土造,100年10月13日,四層,
RPSPMLSJQHLFFBH76CC,35,21.79,住家用,鋼筋混凝土造,70年12月26日,五層,
RPPQMLSJQHLFFBH56CC,35,26.46,住家用,鋼筋混凝土造,70年12月22日,十二層,
RPPQMLSJQHLFFBH56CC,35,26.46,住家用,鋼筋混凝土造,70年12月22日,十二層,
RPPQMLSJQHLFFBH56CC,35,12.87,共有部分,鋼筋混凝土造,70年12月22日,十二層,
RPPQMLSJQHLFFBH56CC,35,3.37,共有部分,鋼筋混凝土造,70年12月22日,十二層,
RPPQMLSJQHLFFBH56CC,35,8.22,共有部分,鋼筋混凝土造,70年12月22日,十二層,
RPPVMLTJQHLFFAH07CC,36,21.18,共有部份,鋼筋混凝土造,69年10月7日,十二層,
RPPVMLTJQHLFFAH07CC,36,57.38,見其他登記事項,鋼筋混凝土造,69年10月7日,十二層,
RPWQMLTJQHLFFAH27CC,45,154.96,住商用,加強磚造,60年12月25日,二層,
RPXTMLTJQHLFFAH67CC,24,66.38,住家用,鋼筋混凝土造,81年11月5日,七層,
RPXTMLTJQHLFFAH67CC,24,10.05,共有部份,鋼筋混凝土造,81年11月5日,七層,
RPVNMLTJQHLFFEH37DC,21,261.94,住家用,鋼筋混凝土造,84年1月25日,四層,
RPOPNLTJQHLFFAH09CC,,72.51,商業用,加強磚造,,四層,
RPTNMLTJQHLFFEH17DC,21,261.94,住家用,鋼筋混凝土造,84年1月25日,四層,
RPXNMLKKQHLFFEH76DC,4,211.18,見其他登記事項,鋼筋混凝土造,101年11月12日,十九層,
RPXNMLKKQHLFFEH76DC,4,158.79,共有部份,鋼筋混凝土造,101年11月12日,十九層,
RPVOMLKKQHLFFAH88DC,6,235.64,見其他登記事項,鋼筋混凝土造,99年4月22日,二十五層,
RPVOMLKKQHLFFAH88DC,6,151.34,見其他登記事項,鋼筋混凝土造,99年4月22日,二十五層,
RPVNMLLKQHLFFAH88DC,19,74.43,住家用,鋼筋混凝土造,86年9月25日,十四層,
RPVNMLSJQHLFFFH37DC,1,65.34,住家用,鋼筋混凝土造,104年4月13日,六層,
RPVNMLSJQHLFFFH37DC,1,32.79,見其他登記事項,鋼筋混凝土造,104年4月13日,六層,
RPPNMLLKQHLFFFH78DC,2,136.88,住家用,鋼筋混凝土造,103年7月10日,十五層,
RPPNMLLKQHLFFFH78DC,2,24.88,見其他登記事項,鋼筋混凝土造,103年7月10日,十五層,
RPPNMLLKQHLFFFH78DC,2,64.21,見其他登記事項,鋼筋混凝土造,103年7月10日,十五層,
RPRNMLLKQHLFFAH48DC,22,109.97,見其他登記事項,鋼筋混凝土造,83年7月26日,十二層,
RPRNMLLKQHLFFAH48DC,22,5.45,共有部份,鋼筋混凝土造,83年7月26日,十二層,
RPRNMLLKQHLFFAH48DC,22,3.26,共有部份,鋼筋混凝土造,83年7月26日,十二層,
RPQPMLTJQHLFFBH76DC,7,109.48,住家用,鋼筋混凝土造,98年6月29日,二十二層,
RPQPMLTJQHLFFBH76DC,7,4.75,共有部分,鋼筋混凝土造,98年6月29日,二十二層,
RPQPMLTJQHLFFBH76DC,7,5.30,共有部分,鋼筋混凝土造,98年6月29日,二十二層,
RPQPMLTJQHLFFBH76DC,7,11.91,共有部分,鋼筋混凝土造,98年6月29日,二十二層,
RPQPMLTJQHLFFBH76DC,7,63.13,共有部分,鋼筋混凝土造,98年6月29日,二十二層,
RPWSMLLKQHLFFFH47EC,3,57.43,住家用,鋼筋混凝土造,102年10月14日,十三層,
RPWSMLLKQHLFFFH47EC,3,7.24,住家用,鋼筋混凝土造,102年10月14日,十三層,
RPWSMLLKQHLFFFH47EC,3,2.86,住家用,鋼筋混凝土造,102年10月14日,十三層,
RPWSMLLKQHLFFFH47EC,3,15.13,見其他登記事項,鋼筋混凝土造,102年10月14日,十三層,
RPWSMLLKQHLFFFH47EC,3,63.22,見其他登記事項,鋼筋混凝土造,102年10月14日,十三層,
RPOPMLTJQHLFFBH56DC,9,118.70,見其他登記事項,鋼筋混凝土造,96年4月30日,十四層,
RPOPMLTJQHLFFBH56DC,9,19.93,共有部分,鋼筋混凝土造,96年4月30日,十四層,
RPOPMLTJQHLFFBH56DC,9,6.01,共有部分,鋼筋混凝土造,96年4月30日,十四層,
RPOPMLTJQHLFFBH56DC,9,22.98,共有部分,鋼筋混凝土造,96年4月30日,十四層,
RPOPMLTJQHLFFBH56DC,9,19.68,共有部分,鋼筋混凝土造,96年4月30日,十四層,
RPTOMLLKQHLFFEH09CC,14,120.90,住家用,鋼筋混凝土造,91年5月16日,十四層,
RPTOMLLKQHLFFEH09CC,14,22.75,共有部份,鋼筋混凝土造,91年5月16日,十四層,
RPTOMLLKQHLFFEH09CC,14,41.11,共有部份,鋼筋混凝土造,91年5月16日,十四層,
RPQOMLMKQHLFFAH48CC,23,55.62,見其他登記事項,鋼筋混凝土造,82年11月10日,八層,
RPUPMLLKQHLFFAH88CC,20,83.52,住家用,鋼筋混凝土造,85年7月13日,十一層,
RPUPMLLKQHLFFAH88CC,20,4.01,共有部份,鋼筋混凝土造,85年7月13日,十一層,
RPUPMLLKQHLFFAH88CC,20,9.56,共有部份,鋼筋混凝土造,85年7月13日,十五層,
RPUPMLLKQHLFFAH88CC,20,39.89,共有部份,鋼筋混凝土造,85年7月13日,十五層,
RPOQMLMKQHLFFAH48CC,15,88.95,見使用執照,鋼筋混凝土造,90年4月9日,三層,
RPQPMLMKQHLFFAH58CC,7,86.70,住家用,鋼筋混凝土造,98年8月15日,十五層,
RPQPMLMKQHLFFAH58CC,7,20.55,共有部份,鋼筋混凝土造,98年8月15日,十五層,
RPQPMLMKQHLFFAH58CC,7,45.76,共有部份,鋼筋混凝土造,98年8月15日,十五層,
RPPPMLMKQHLFFAH48CC,23,67.68,住家用,鋼筋混凝土造,82年11月4日,十二層,
RPPPMLMKQHLFFAH48CC,23,7.54,共有部份,鋼筋混凝土造,82年11月4日,十三層,
RPPPMLMKQHLFFAH48CC,23,3.16,共有部份,鋼筋混凝土造,82年11月4日,十三層,
RPVOMLLKQHLFFAH88CC,2,76.88,住家用,鋼筋混凝土造,103年3月1日,六層,
RPVOMLLKQHLFFAH88CC,2,49.23,見其他登記事項,鋼筋混凝土造,103年3月1日,六層,
RPQQMLMKQHLFFAH68CC,7,61.03,住商用,鋼筋混凝土造,98年9月24日,十四層,
RPQQMLMKQHLFFAH68CC,7,30.35,見其他登記事項,鋼筋混凝土造,98年9月24日,十四層,
RPRRMLLKQHLFFAH78CC,12,77.86,住家用,鋼筋混凝土造,93年7月23日,十二層,
RPRRMLLKQHLFFAH78CC,12,14.86,共有部份,鋼筋混凝土造,93年7月23日,十二層,
RPRRMLLKQHLFFAH78CC,12,10.30,共有部份,鋼筋混凝土造,93年7月23日,十二層,
RPRRMLLKQHLFFAH78CC,12,24.94,見其他登記事項,鋼筋混凝土造,93年7月23日,十二層,
RPXOMLMKQHLFFFH07CC,42,44.29,住家用,磚造,63年6月30日,一層,
RPRPMLMKQHLFFFH56CC,9,44.83,商業用,鋼筋混凝土造,96年7月18日,十五層,
RPRPMLMKQHLFFFH56CC,9,19.25,共有部分,鋼筋混凝土造,96年7月18日,十五層,
RPXNMLMKQHLFFGH07CC,36,22.65,住家用,加強磚造,69年11月29日,二層,
RPPOMLMKQHLFFEH78CC,1,56.89,見其他登記事項,鋼筋混凝土造,104年7月13日,十七層,
RPPOMLMKQHLFFEH78CC,1,8.29,共有部份,鋼筋混凝土造,104年7月13日,十八層,
RPPOMLMKQHLFFEH78CC,1,17.46,共有部份,鋼筋混凝土造,104年7月13日,十八層,
RPWNMLMKQHLFFCH56CC,1,498.41,見其他登記事項,鋼筋混凝土造,104年9月3日,三層,
RPXNMLMKQHLFFCH66CC,1,539.56,見其他登記事項,鋼筋混凝土造,104年9月3日,三層,
RPSNMLPKQHLFFFH86DC,35,124.40,住家用,加強磚造,70年2月25日,二層,
RPSOMLPKQHLFFAH09DC,21,150.93,見其他登記事項,鋼筋混凝土造,85年1月23日,八層,
RPORMLQKQHLFFAH98CC,5,68.44,住家用,鋼筋混凝土造,100年3月9日,十五層,
RPORMLQKQHLFFAH98CC,5,61.55,見其他登記事項,鋼筋混凝土造,100年3月9日,十五層,
RPOOMLPKQHLFFAH58CC,1,76.64,住家用,鋼筋混凝土造,104年7月9日,十九層,
RPOOMLPKQHLFFAH58CC,1,25.07,見其他登記事項,鋼筋混凝土造,104年7月9日,二十一層,
RPOOMLPKQHLFFAH58CC,1,7.65,見其他登記事項,鋼筋混凝土造,104年7月9日,二十一層,
RPOOMLPKQHLFFAH58CC,1,.01,見其他登記事項,鋼筋混凝土造,104年7月9日,二十一層,
RPWPMLMKQHLFFFH07CC,42,104.40,住家用,加強磚造,63年5月16日,二層,
RPWOMLMKQHLFFFH17EC,1,130.39,住家用,鋼筋混凝土造,104年12月17日,十六層,
RPQNMLOKQHLFFBH78DC,38,756.85,見其他登記事項,見其他登記事項,67年10月21日,四層,
RPVNMLRKQHLFFAH76CC,8,17.63,住商用,鋼筋混凝土造,97年7月15日,十二層,
RPVNMLRKQHLFFAH76CC,8,58.88,共有部份,鋼筋混凝土造,97年7月15日,十二層,
RPUQMLRKQHLFFBH17DC,36,306.53,見其他登記事項,鋼造,69年8月14日,一層,
RPRPMLRKQHLFFAH56CC,34,84.88,住家用,鋼筋混凝土造,71年5月10日,五層,
RPSNMLRKQHLFFEH86CC,3,134.19,住家用,鋼筋混凝土造,102年9月18日,二十一層,
RPSNMLRKQHLFFEH86CC,3,107.14,共有部份,鋼筋混凝土造,102年9月18日,二十一層,
RPXQMLSKQHLFFBH47CC,24,25.33,住家用,鋼筋混凝土造,82年1月19日,四層,
RPPOMLSKQHLFFFH86CC,1,93.40,住家用,鋼筋混凝土造,104年4月20日,十五層,
RPPOMLSKQHLFFFH86CC,1,66.44,見其他登記事項,鋼筋混凝土造,104年4月20日,十五層,
RPWQMLSKQHLFFBH37CC,4,111.87,見其他登記事項,鋼筋混凝土造,101年9月4日,四層,
RPQRMLSKQHLFFBH86CC,11,38.29,住家用,鋼筋混凝土造,94年3月1日,十四層,
RPQRMLSKQHLFFBH86CC,11,5.47,共有部分,鋼筋混凝土造,94年3月1日,十四層,
RPQRMLSKQHLFFBH86CC,11,7.57,共有部分,鋼筋混凝土造,94年3月1日,十四層,
RPQRMLSKQHLFFBH86CC,11,.17,共有部分,鋼筋混凝土造,94年3月1日,十四層,
RPUNMLQKQHLFFFH27EC,8,47.32,住家用,鋼筋混凝土造,97年4月25日,十五層,
RPRRMLSKQHLFFBH96CC,35,26.40,住家用,鋼筋混凝土造,70年12月28日,四層,
RPTRMLSKQHLFFBH17CC,18,103.19,住商用,鋼筋混凝土造,87年9月2日,九層,
RPTRMLSKQHLFFBH17CC,18,4.46,共有部分,鋼筋混凝土造,87年9月2日,九層,
RPTRMLSKQHLFFBH17CC,18,13.59,共有部分,鋼筋混凝土造,87年9月2日,九層,
RPVRMLSKQHLFFBH37CC,22,75.85,住家用,鋼筋混凝土造,83年10月12日,七層,
RPVRMLSKQHLFFBH37CC,22,24.41,共有部分,鋼筋混凝土造,83年10月12日,七層,
RPQOMLRKQHLFFAH09DC,16,148.14,住家用,鋼筋混凝土造,89年9月5日,九層,
RPWRMLSKQHLFFBH47CC,9,27.96,見其他登記事項,鋼筋混凝土造,96年6月6日,四層,
RPXNMLQKQHLFFCH17DC,11,183.65,住商用,見其他登記事項,94年11月7日,二層,
RPTSMLSKQHLFFBH27CC,21,118.45,住家用,鋼筋混凝土造,84年5月11日,五層,
RPOOMLSKQHLFFAH09EC,35,87.27,住家用,鋼筋混凝土造,70年6月16日,四層,
RPORMLSKQHLFFBH76DC,4,49.35,見其他登記事項,鋼筋混凝土造,101年11月28日,十二層,
RPORMLSKQHLFFBH76DC,4,13.76,見其他登記事項,鋼筋混凝土造,101年11月28日,十二層,
RPORMLSKQHLFFBH76DC,4,36.61,見其他登記事項,鋼筋混凝土造,101年11月28日,十二層,
RPPRMLSKQHLFFBH86DC,11,74.75,住家用,鋼筋混凝土造,94年1月20日,十二層,
RPPRMLSKQHLFFBH86DC,11,10.79,共有部分,鋼筋混凝土造,94年1月20日,十三層,
RPPRMLSKQHLFFBH86DC,11,12.18,共有部分,鋼筋混凝土造,94年1月20日,十二層,
RPOOMLTKQHLFFEH76CC,2,101.03,見其他登記事項,鋼筋混凝土造,103年3月12日,十二層,
RPOOMLTKQHLFFEH76CC,2,89.97,共有部份,鋼筋混凝土造,103年3月12日,十二層,
RPSPMLTKQHLFFAH96DC,23,101.86,住家用,鋼筋混凝土造,82年6月23日,七層,
RPWOMLTKQHLFFGH77CC,17,144.19,見其他登記事項,鋼筋混凝土造,89年1月20日,三層,
RPRNMLTKQHLFFFH17DC,19,72.75,住家用,鋼筋混凝土造,86年4月22日,八層,
RPRNMLTKQHLFFFH17DC,19,9.79,住家用,鋼筋混凝土造,86年4月22日,八層,
RPRNMLTKQHLFFFH17DC,19,12.95,共有部分,鋼筋混凝土造,86年4月22日,八層,
RPRNMLTKQHLFFFH17DC,19,33.57,共有部分,鋼筋混凝土造,86年4月22日,八層,
RPRNMLTKQHLFFFH17DC,19,3.31,共有部分,鋼筋混凝土造,86年4月22日,八層,
RPSNMLSKQHLFFGH27DC,25,84.41,住家用,鋼筋混凝土造,80年12月13日,七層,
RPSNMLSKQHLFFGH27DC,25,15.26,共有部份,鋼筋混凝土造,80年12月13日,七層,
RPSNMLSKQHLFFGH27DC,25,27.01,共有部份,鋼筋混凝土造,80年12月13日,七層,
RPORMLTKQHLFFBH76CC,11,33.16,商業用,鋼筋混凝土造,94年8月24日,十二層,
RPORMLTKQHLFFBH76CC,11,10.65,共有部份,鋼筋混凝土造,94年8月24日,十二層,
RPWRMLTKQHLFFBH57CC,15,47.01,住家用,鋼筋混凝土造,90年7月16日,十四層,
RPWRMLTKQHLFFBH57CC,15,9.65,共有部分,鋼筋混凝土造,90年7月16日,十四層,
RPWRMLTKQHLFFBH57CC,15,7.93,共有部分,鋼筋混凝土造,90年7月16日,十四層,
RPSNMLTKQHLFFDH96CC,1,63.03,商業用,鋼筋混凝土造,104年5月25日,十五層,
RPSNMLTKQHLFFDH96CC,1,64.49,見其他登記事項,鋼筋混凝土造,104年5月25日,十五層,
RPPNMLLLQHLFFBH48DC,10,14.00,見其他登記事項,鋼筋混凝土造,95年8月25日,四層,
RPPPMLMLQHLFFBH78DC,11,294.90,見使用執照,鋼筋混凝土造,94年11月9日,五層,
RPPPMLMLQHLFFBH78DC,11,4.28,見使用執照,鋼筋混凝土造,94年11月9日,四層,
RPWNMLLLQHLFFAH98CC,21,87.12,住家用,鋼筋混凝土造,84年10月12日,七層,
RPWNMLLLQHLFFAH98CC,21,8.78,共有部份,鋼筋混凝土造,84年10月12日,七層,
RPWNMLLLQHLFFAH98CC,21,4.60,共有部份,鋼筋混凝土造,84年10月12日,七層,
RPWPMLTKQHLFFAH27CC,21,94.18,住家用,鋼筋混凝土造,84年5月19日,十六層,
RPWPMLTKQHLFFAH27CC,21,16.89,共有部份,鋼筋混凝土造,84年5月19日,十六層,
RPWPMLTKQHLFFAH27CC,21,10.36,共有部份,鋼筋混凝土造,84年5月19日,十六層,
RPXOMLMLQHLFFGH27CC,11,70.30,住家用,鋼筋混凝土造,94年5月5日,十層,
RPQRMLMLQHLFFBH09DC,23,81.16,商業用,鋼筋混凝土造,82年6月21日,八層,
RPPOMLMLQHLFFEH88CC,20,158.18,住家用,鋼筋混凝土造,85年6月24日,十七層,
RPXNMLMLQHLFFAH56CC,25,378.74,見其他登記事項,見其他登記事項,80年8月19日,十五層,
RPQOMLSKQHLFFFH96CC,35,21.25,住家用,加強磚造,70年10月8日,四層,
RPROMLMLQHLFFCH88CC,20,70.87,住家用,鋼筋混凝土造,86年1月30日,十二層,
RPROMLMLQHLFFCH88CC,20,3.79,共有部份,鋼筋混凝土造,86年1月30日,十二層,
RPROMLMLQHLFFCH88CC,20,.87,共有部份,鋼筋混凝土造,86年1月30日,十四層,
RPROMLMLQHLFFCH88CC,20,.99,共有部份,鋼筋混凝土造,86年1月30日,十四層,
RPROMLMLQHLFFCH88CC,20,.03,共有部份,鋼筋混凝土造,86年1月30日,一層,
RPROMLMLQHLFFCH88CC,19,.01,見其他登記事項,鋼筋混凝土造,86年6月26日,十八層,
RPROMLMLQHLFFCH88CC,19,.00,共有部份,鋼筋混凝土造,86年6月26日,一層,
RPROMLMLQHLFFCH88CC,19,.05,見其他登記事項,鋼筋混凝土造,86年6月26日,十五層,
RPROMLMLQHLFFCH88CC,20,2.17,見其他登記事項,鋼筋混凝土造,86年1月30日,十四層,
RPROMLMLQHLFFCH88CC,20,.20,共有部份,鋼筋混凝土造,86年1月30日,十八層,
RPQOMLMLQHLFFCH78CC,20,104.18,住家用,鋼筋混凝土造,86年1月30日,十四層,
RPQOMLMLQHLFFCH78CC,20,5.39,共有部份,鋼筋混凝土造,86年1月30日,十四層,
RPQOMLMLQHLFFCH78CC,20,1.27,共有部份,鋼筋混凝土造,86年1月30日,十四層,
RPQOMLMLQHLFFCH78CC,20,.99,共有部份,鋼筋混凝土造,86年1月30日,十四層,
RPQOMLMLQHLFFCH78CC,20,.30,共有部份,鋼筋混凝土造,86年1月30日,十八層,
RPQOMLMLQHLFFCH78CC,20,.05,共有部份,鋼筋混凝土造,86年1月30日,一層,
RPQOMLMLQHLFFCH78CC,19,.00,見其他登記事項,鋼筋混凝土造,86年6月26日,十八層,
RPQOMLMLQHLFFCH78CC,19,.00,共有部份,鋼筋混凝土造,86年6月26日,一層,
RPQOMLMLQHLFFCH78CC,20,3.24,見其他登記事項,鋼筋混凝土造,86年1月30日,十四層,
RPQOMLMLQHLFFCH78CC,19,.05,見其他登記事項,鋼筋混凝土造,86年6月26日,十五層,
RPPOMLMLQHLFFCH68CC,20,70.87,住家用,鋼筋混凝土造,86年1月30日,十二層,
RPPOMLMLQHLFFCH68CC,20,3.79,共有部份,鋼筋混凝土造,86年1月30日,十二層,
RPPOMLMLQHLFFCH68CC,20,.87,共有部份,鋼筋混凝土造,86年1月30日,十四層,
RPPOMLMLQHLFFCH68CC,20,.99,共有部份,鋼筋混凝土造,86年1月30日,十四層,
RPPOMLMLQHLFFCH68CC,20,.03,共有部份,鋼筋混凝土造,86年1月30日,一層,
RPPOMLMLQHLFFCH68CC,19,.01,見其他登記事項,鋼筋混凝土造,86年6月26日,十八層,
RPPOMLMLQHLFFCH68CC,19,.00,共有部份,鋼筋混凝土造,86年6月26日,一層,
RPPOMLMLQHLFFCH68CC,19,.05,見其他登記事項,鋼筋混凝土造,86年6月26日,十五層,
RPPOMLMLQHLFFCH68CC,20,2.17,見其他登記事項,鋼筋混凝土造,86年1月30日,十四層,
RPPOMLMLQHLFFCH68CC,20,.20,共有部份,鋼筋混凝土造,86年1月30日,十八層,
RPTOMLMLQHLFFAH88CC,1,86.79,住家用,鋼筋混凝土造,104年11月13日,二十四層,
RPTOMLMLQHLFFAH88CC,1,22.48,見其他登記事項,鋼筋混凝土造,104年11月13日,二十四層,
RPTOMLMLQHLFFAH88CC,1,37.31,見其他登記事項,鋼筋混凝土造,104年11月13日,二十四層,
RPTRMLMLQHLFFBH66CC,17,22.91,住家用,鋼筋混凝土造,88年5月28日,十四層,
RPRNMLNLQHLFFGH76DC,1,62.81,住家用,鋼筋混凝土造,104年5月11日,十九層,
RPQOMLNLQHLFFGH76DC,1,114.15,住家用,鋼筋混凝土造,104年4月16日,十四層,
RPROMLOLQHLFFAH98DC,11,35.40,住家用,鋼筋混凝土造,95年1月4日,十二層,
RPPOMLNLQHLFFGH66DC,37,176.53,住商用,加強磚造,68年6月30日,二層,
RPRPMLOLQHLFFAH98CC,11,84.89,商業用,鋼筋混凝土造,94年11月8日,十三層,
RPRPMLOLQHLFFAH98CC,11,33.07,共有部份,鋼筋混凝土造,94年11月8日,十三層,
RPUOMLMLQHLFFAH98CC,23,70.05,住家用,鋼筋混凝土造,82年4月8日,七層,
RPSNMLQLQHLFFBH66DC,7,107.74,住家用,鋼筋混凝土造,98年6月29日,二十一層,
RPSNMLQLQHLFFBH66DC,7,4.75,共有部分,鋼筋混凝土造,98年6月29日,二十二層,
RPSNMLQLQHLFFBH66DC,7,5.39,共有部分,鋼筋混凝土造,98年6月29日,二十一層,
RPSNMLQLQHLFFBH66DC,7,11.76,共有部分,鋼筋混凝土造,98年6月29日,二十一層,
RPSNMLQLQHLFFBH66DC,7,2.04,共有部分,鋼筋混凝土造,98年6月29日,二十二層,
RPXNMLPLQHLFFGH47CC,37,29.11,住家用,磚造,68年5月24日,一層,
RPWNMLPLQHLFFFH27CC,7,119.89,住家用,鋼筋混凝土造,98年5月6日,十九層,
RPWNMLPLQHLFFFH27CC,7,29.21,共有部分,鋼筋混凝土造,98年5月6日,十九層,
RPWNMLPLQHLFFFH27CC,7,21.74,共有部分,鋼筋混凝土造,98年5月6日,十九層,
RPVNMLPLQHLFFFH17CC,7,160.56,住商用,鋼筋混凝土造,98年10月16日,十五層,
RPVNMLPLQHLFFFH17CC,7,29.79,見其他登記事項,鋼筋混凝土造,98年10月16日,十五層,
RPVNMLPLQHLFFFH17CC,7,27.92,見其他登記事項,鋼筋混凝土造,98年10月16日,十五層,
RPWNMLQLQHLFFBH96CC,23,76.59,住家用,鋼筋混凝土造,82年3月1日,八層,
RPWNMLQLQHLFFBH96CC,23,8.30,共有部分,鋼筋混凝土造,82年3月1日,八層,
RPWNMLQLQHLFFBH96CC,23,34.84,共有部分,鋼筋混凝土造,82年3月1日,八層,
RPWNMLQLQHLFFBH96CC,23,15.25,共有部分,鋼筋混凝土造,82年3月1日,八層,
RPXNMLQLQHLFFBH07CC,22,118.78,住家用,鋼筋混凝土造,83年6月7日,十五層,
RPXNMLQLQHLFFBH07CC,22,20.10,共有部分,鋼筋混凝土造,83年6月7日,十五層,
RPXNMLQLQHLFFBH07CC,22,4.58,共有部分,鋼筋混凝土造,83年6月7日,十五層,
RPXNMLQLQHLFFBH07CC,22,9.04,共有部分,鋼筋混凝土造,83年6月7日,十五層,
RPQOMLRLQHLFFBH56CC,5,193.72,見其他登記事項,鋼筋混凝土造,100年4月29日,四層,
RPQOMLQLQHLFFBH09CC,38,24.19,住家用,鋼筋混凝土造,67年5月24日,四層,
RPVOMLTLQHLFFAH27DC,35,54.73,住家用,鋼筋混凝土造,70年4月15日,五層,
RPOOMLRLQHLFFAH88CC,8,117.81,住家用,鋼筋混凝土造,97年5月2日,十二層,
RPPOMLTLQHLFFBH66CC,60,52.70,住商用,磚造,45年10月15日,一層,
RPXNMLTLQHLFFEH77DC,1,53.69,住家用,鋼筋混凝土造,104年8月25日,七層,
RPXNMLTLQHLFFEH77DC,1,58.95,共有部份,鋼筋混凝土造,104年8月25日,八層,
RPPOMLTLQHLFFFH17DC,3,261.01,住家用,鋼筋混凝土造,102年5月3日,十五層,
RPOQMLKMQHLFFAH58DC,4,112.38,住家用,鋼筋混凝土造,101年10月19日,十三層,
RPOQMLKMQHLFFAH58DC,4,30.25,見其他登記事項,鋼筋混凝土造,101年10月19日,十三層,
RPOQMLKMQHLFFAH58DC,4,51.49,見其他登記事項,鋼筋混凝土造,101年10月19日,十三層,
RPUPMLKMQHLFFBH09CC,55,120.15,住商用,加強磚造,51年1月10日,二層,
RPWNMLKMQHLFFFH07EC,23,69.49,住家用,鋼筋混凝土造,82年6月28日,七層,
RPPNMLTLQHLFFFH17EC,2,109.41,住家用,鋼筋混凝土造,103年10月6日,十八層,
RPPNMLTLQHLFFFH17EC,2,22.34,見其他登記事項,鋼筋混凝土造,103年10月6日,十八層,
RPPNMLTLQHLFFFH17EC,2,26.46,見其他登記事項,鋼筋混凝土造,103年10月6日,十八層,
RPPNMLTLQHLFFFH17EC,2,5.17,見其他登記事項,鋼筋混凝土造,103年10月6日,十八層,
RPPNMLTLQHLFFFH17EC,2,33.07,見其他登記事項,鋼筋混凝土造,103年10月6日,十八層,
RPVOMLQLQHLFFBH96CC,38,24.19,住家用,鋼筋混凝土造,67年5月24日,四層,
RPVNMLLMQHLFFFH07EC,42,194.48,住家用,加強磚造,63年3月28日,二層,
RPSNMLKMQHLFFAH58CC,35,177.28,住商用,鋼筋混凝土造,70年4月16日,四層,
RPPOMLLMQHLFFAH48CC,1,117.39,住家用,鋼筋混凝土造,104年11月27日,二十四層,
RPPOMLLMQHLFFAH48CC,1,31.53,見其他登記事項,鋼筋混凝土造,104年11月27日,二十四層,
RPPOMLLMQHLFFAH48CC,1,51.07,見其他登記事項,鋼筋混凝土造,104年11月27日,二十四層,
RPPPMLKMQHLFFBH58CC,7,96.67,住家用,鋼筋混凝土造,98年6月29日,二十二層,
RPPPMLKMQHLFFBH58CC,7,4.44,共有部分,鋼筋混凝土造,98年6月29日,二十二層,
RPPPMLKMQHLFFBH58CC,7,5.20,共有部分,鋼筋混凝土造,98年6月29日,二十二層,
RPPPMLKMQHLFFBH58CC,7,13.32,共有部分,鋼筋混凝土造,98年6月29日,二十二層,
RPPPMLKMQHLFFBH58CC,7,.20,共有部分,鋼筋混凝土造,98年6月29日,二十二層,
RPOPMLLJRHLFFBH48DC,1,59.90,見其他登記事項,鋼筋混凝土造,104年12月23日,五層,
RPOPMLLJRHLFFBH48DC,1,9.27,見其他登記事項,鋼筋混凝土造,104年12月23日,五層,
RPPOMLQLQHLFFBH09DC,27,117.13,住家用,鋼筋混凝土造,78年5月17日,五層,
RPPPMLLJRHLFFBH58DC,1,77.50,見其他登記事項,鋼筋混凝土造,104年12月23日,五層,
RPPPMLLJRHLFFBH58DC,1,12.85,見其他登記事項,鋼筋混凝土造,104年12月23日,五層,
RPPPMLLJRHLFFAH38CC,23,56.65,住家用,鋼筋混凝土造,83年2月5日,十二層,
RPPPMLLJRHLFFAH38CC,23,4.62,共有部份,鋼筋混凝土造,83年2月5日,十二層,
RPPPMLLJRHLFFAH38CC,23,7.61,共有部份,鋼筋混凝土造,83年2月5日,十二層,
RPSPMLLJRHLFFAH68CC,1,61.58,住家用,鋼筋混凝土造,104年11月5日,十二層,
RPSPMLLJRHLFFAH68CC,1,81.55,見其他登記事項,鋼筋混凝土造,104年11月5日,十二層,
RPRPMLLJRHLFFAH58CC,48,119.24,住家用,加強磚造,57年12月30日,二層,
RPUPMLLJRHLFFAH88CC,27,19.54,住家用,鋼筋混凝土造,78年12月30日,七層,
RPUPMLLJRHLFFAH88CC,27,5.44,共有部份,鋼筋混凝土造,78年12月30日,七層,
RPTPMLLJRHLFFAH78CC,36,105.80,見其他登記事項,鋼筋混凝土造,69年7月17日,四層,
RPVPMLKMQHLFFBH56CC,2,98.28,見其他登記事項,鋼筋混凝土造,103年10月20日,十層,
RPWPMLLJRHLFFAH09CC,23,75.06,住家用,鋼筋混凝土造,82年10月18日,七層,
RPWPMLLJRHLFFAH09CC,23,11.88,共有部份,鋼筋混凝土造,82年10月18日,七層,
RPWPMLLJRHLFFAH09CC,23,4.27,共有部份,鋼筋混凝土造,82年10月18日,七層,
RPOQMLLJRHLFFAH38CC,19,58.73,住家用,鋼筋混凝土造,86年9月18日,十二層,
RPOQMLLJRHLFFAH38CC,19,8.90,共有部份,鋼筋混凝土造,86年9月18日,十二層,
RPXPMLLJRHLFFAH56CC,22,88.88,住家用,鋼筋混凝土造,83年10月26日,十六層,
RPXPMLLJRHLFFAH56CC,22,.50,共有部份,鋼筋混凝土造,83年10月26日,十六層,
RPXPMLLJRHLFFAH56CC,22,13.95,共有部份,鋼筋混凝土造,83年10月26日,十六層,
RPXPMLLJRHLFFAH56CC,22,4.32,共有部份,鋼筋混凝土造,83年10月26日,十六層,
RPPQMLLJRHLFFAH48CC,22,91.19,住家用,鋼筋混凝土造,83年10月26日,十六層,
RPPQMLLJRHLFFAH48CC,22,.52,共有部份,鋼筋混凝土造,83年10月26日,十六層,
RPPQMLLJRHLFFAH48CC,22,36.04,共有部份,鋼筋混凝土造,83年10月26日,十六層,
RPPQMLLJRHLFFAH48CC,22,14.35,共有部份,鋼筋混凝土造,83年10月26日,十六層,
RPPQMLLJRHLFFAH48CC,22,4.45,共有部份,鋼筋混凝土造,83年10月26日,十六層,
RPQQMLLJRHLFFAH58CC,19,55.09,住家用,鋼筋混凝土造,86年9月18日,十二層,
RPVNMLLJRHLFFFH86EC,26,225.74,見其他登記事項,鋼筋混凝土造,79年8月13日,四層,
RPQQMLLJRHLFFAH58CC,19,42.89,共有部份,鋼筋混凝土造,86年9月18日,十二層,
RPQQMLLJRHLFFAH58CC,19,7.94,共有部份,鋼筋混凝土造,86年9月18日,十二層,
RPSOMLMKQHLFFBH88DC,1,101.06,見其他登記事項,鋼筋混凝土造,104年4月8日,十五層,
RPSOMLMKQHLFFBH88DC,1,32.23,見其他登記事項,鋼筋混凝土造,104年4月8日,十五層,
RPSOMLMKQHLFFBH88DC,1,17.21,見其他登記事項,鋼筋混凝土造,104年4月8日,十五層,
RPUQMLLJRHLFFBH09CC,18,138.82,見其他登記事項,鋼筋混凝土造,87年7月1日,七層,
RPUQMLLJRHLFFBH09CC,18,12.66,共有部分,鋼筋混凝土造,87年7月1日,七層,
RPUQMLLJRHLFFBH09CC,18,11.56,共有部分,鋼筋混凝土造,87年7月1日,七層,
RPRQMLLJRHLFFAH68CC,2,69.83,住家用,鋼筋混凝土造,103年5月20日,十三層,
RPRQMLLJRHLFFAH68CC,2,64.70,見其他登記事項,鋼筋混凝土造,103年5月20日,十四層,
RPRQMLLJRHLFFAH68CC,2,16.44,見其他登記事項,鋼筋混凝土造,103年5月20日,十三層,
RPXNMLLJRHLFFCH56CC,38,21.46,住家用,加強磚造,68年1月5日,三層,
RPVPMLMJRHLFFAH09CC,35,82.00,住家用,鋼筋混凝土造,70年10月27日,五層,
RPQSMLLJRHLFFAH78CC,15,116.66,住家用,鋼筋混凝土造,90年11月6日,七層,
RPPSMLLJRHLFFAH68CC,46,60.00,住家用,加強磚造,60年1月1日,二層,
RPQPMLMJRHLFFEH98CC,2,31.70,住家用,鋼筋混凝土造,103年3月7日,十層,
RPQPMLMJRHLFFEH98CC,2,17.62,共有部份,鋼筋混凝土造,103年3月7日,十層,
RPQPMLMJRHLFFEH98CC,2,5.86,共有部份,鋼筋混凝土造,103年3月7日,十層,
RPPPMLMJRHLFFEH88CC,21,85.82,住家用,鋼筋混凝土造,84年8月11日,二十層,
RPPPMLMJRHLFFEH88CC,21,14.35,共有部份,鋼筋混凝土造,84年8月11日,二十層,
RPPPMLMJRHLFFEH88CC,21,12.51,共有部份,鋼筋混凝土造,84年8月11日,二十層,
RPUNMLPJRHLFFEH86CC,23,74.98,見其他登記事項,鋼筋混凝土造,82年7月12日,十八層,
RPUNMLPJRHLFFEH86CC,23,38.71,見其他登記事項,鋼筋混凝土造,82年7月12日,十八層,
RPUNMLPJRHLFFEH86CC,23,53.28,共有部份,鋼筋混凝土造,82年7月12日,十八層,
RPPOMLPJRHLFFGH66CC,2,91.87,見其他登記事項,鋼筋混凝土造,104年1月7日,三層,
RPUNMLPJRHLFFEH86CC,23,.29,共有部份,鋼筋混凝土造,82年7月12日,十八層,
RPSNMLMJRHLFFEH09DC,6,149.62,住家用,鋼筋混凝土造,99年7月28日,九層,
RPSNMLMJRHLFFEH09DC,6,36.74,共有部份,鋼筋混凝土造,99年7月28日,九層,
RPSNMLMJRHLFFEH09DC,6,13.02,共有部份,鋼筋混凝土造,99年7月28日,九層,
RPSNMLMJRHLFFEH09DC,6,31.94,共有部份,鋼筋混凝土造,99年7月28日,九層,
RPSNMLMJRHLFFEH09DC,6,.05,見其他登記事項,鋼筋混凝土造,99年7月28日,九層,
RPSNMLMJRHLFFEH09DC,4,38.61,住家用,鋼筋混凝土造,101年9月28日,四層,
RPSPMLMJRHLFFBH88CC,1,128.45,見其他登記事項,鋼筋混凝土造,104年7月27日,十二層,
RPSPMLMJRHLFFBH88CC,1,43.12,見其他登記事項,鋼筋混凝土造,104年12月20日,十八層,
RPPNMLOJRHLFFBH68DC,10,14.00,見其他登記事項,鋼筋混凝土造,95年8月25日,四層,
RPSPMLMJRHLFFBH88CC,1,22.95,見其他登記事項,鋼筋混凝土造,104年12月20日,十八層,
RPQOMLPJRHLFFGH76CC,38,76.40,住家用,加強磚造,67年8月14日,二層,
RPROMLMJRHLFFBH68CC,21,84.98,住家用,鋼筋混凝土造,84年10月9日,五層,
RPROMLMJRHLFFBH68CC,21,7.97,共有部分,鋼筋混凝土造,84年10月9日,五層,
RPQPMLQJRHLFFAH98CC,4,180.14,住家用,鋼筋混凝土造,101年8月20日,十一層,
RPRPMLQJRHLFFAH09CC,1,78.55,見其他登記事項,鋼筋混凝土造,104年7月9日,十九層,
RPRPMLQJRHLFFAH09CC,1,25.84,見其他登記事項,鋼筋混凝土造,104年7月9日,二十一層,
RPRPMLQJRHLFFAH09CC,1,7.88,見其他登記事項,鋼筋混凝土造,104年7月9日,二十一層,
RPRPMLQJRHLFFAH09CC,1,.01,見其他登記事項,鋼筋混凝土造,104年7月9日,二十一層,
RPRNMLPJRHLFFFH76DC,3,197.96,住家用,鋼筋混凝土造,102年5月3日,十七層,
RPVPMLQJRHLFFAH96DC,4,130.20,住家用,鋼筋混凝土造,101年10月19日,十二層,
RPVPMLQJRHLFFAH96DC,4,34.91,見其他登記事項,鋼筋混凝土造,101年10月19日,十三層,
RPVPMLQJRHLFFAH96DC,4,90.75,見其他登記事項,鋼筋混凝土造,101年10月19日,十三層,
RPSOMLQJRHLFFDH76CC,11,128.01,見其他登記事項,鋼筋混凝土造,95年1月20日,四層,
RPTQMLPJRHLFFAH66CC,6,457.75,見其他登記事項,鋼筋混凝土造,99年4月22日,二十五層,
RPSQMLMJRHLFFBH98CC,8,33.97,住家用,鋼筋混凝土造,97年4月6日,二十二層,
RPSQMLMJRHLFFBH98CC,8,2.07,共有部分,鋼筋混凝土造,97年4月6日,二十二層,
RPSQMLMJRHLFFBH98CC,8,1.89,共有部分,鋼筋混凝土造,97年4月6日,二十二層,
RPSQMLMJRHLFFBH98CC,8,8.38,共有部分,鋼筋混凝土造,97年4月6日,二十二層,
RPSQMLMJRHLFFBH98CC,8,.44,共有部分,鋼筋混凝土造,97年4月6日,二十二層,
RPSQMLMJRHLFFBH98CC,8,.71,共有部分,鋼筋混凝土造,97年4月6日,二十二層,
RPQQMLQJRHLFFAH09CC,61,168.81,住商用,見其他登記事項,45年1月1日,一層,
RPUQMLQJRHLFFAH96DC,1,129.69,住家用,鋼筋混凝土造,104年10月5日,十三層,
RPQNMLMJRHLFFFH98DC,5,111.37,住家用,鋼筋混凝土造,100年11月18日,十三層,
RPQNMLMJRHLFFFH98DC,5,26.20,見其他登記事項,鋼筋混凝土造,100年11月18日,十三層,
RPQNMLMJRHLFFFH98DC,5,47.76,見其他登記事項,鋼筋混凝土造,100年11月18日,十三層,
RPUNMLQJRHLFFCH86DC,22,55.22,住家用,鋼筋混凝土造,83年12月15日,十層,
RPPNMLQJRHLFFGH66CC,29,1379.55,見其他登記事項,見其他登記事項,76年12月31日,二層,
RPTNMLRJRHLFFFH17DC,17,87.12,住家用,鋼筋混凝土造,88年11月25日,十三層,
RPTNMLRJRHLFFFH17DC,17,18.58,共有部分,鋼筋混凝土造,88年11月25日,十三層,
RPTNMLRJRHLFFFH17DC,17,24.86,共有部分,鋼筋混凝土造,88年11月25日,十三層,
RPTNMLRJRHLFFFH17DC,17,10.22,住家用,鋼筋混凝土造,88年11月25日,十三層,
RPOOMLRJRHLFFGH86DC,19,89.14,住家用,鋼筋混凝土造,86年6月30日,八層,
RPOOMLRJRHLFFGH86DC,19,34.56,共有部份,鋼筋混凝土造,86年6月30日,八層,
RPPQMLRJRHLFFBH56CC,21,88.59,住家用,鋼筋混凝土造,84年5月18日,九層,
RPPQMLRJRHLFFBH56CC,21,1.52,共有部分,鋼筋混凝土造,84年5月18日,九層,
RPPQMLRJRHLFFBH56CC,21,4.48,共有部分,鋼筋混凝土造,84年5月18日,九層,
RPPQMLRJRHLFFBH56CC,21,18.25,共有部分,鋼筋混凝土造,84年5月18日,九層,
RPQNMLQJRHLFFEH66DC,11,114.62,住家用,鋼筋混凝土造,94年12月5日,十二層,
RPOQMLSJRHLFFAH09CC,16,83.76,住家用,鋼筋混凝土造,89年9月15日,九層,
RPOQMLSJRHLFFAH09CC,16,10.84,共有部份,鋼筋混凝土造,89年9月15日,九層,
RPOQMLSJRHLFFAH09CC,16,18.39,共有部份,鋼筋混凝土造,89年9月15日,九層,
RPOQMLRJRHLFFAH98CC,3,78.46,住家用,鋼筋混凝土造,102年6月7日,十三層,
RPOQMLRJRHLFFAH98CC,3,75.46,見其他登記事項,鋼筋混凝土造,102年6月7日,十三層,
RPQQMLRJRHLFFAH56CC,41,71.71,見其他登記事項,見其他登記事項,64年10月28日,五層,
RPQQMLSJRHLFFAH66CC,1,600.00,工業用,見其他登記事項,104年11月5日,三層,
RPOPMLSJRHLFFBH09CC,44,129.98,住家用,加強磚造,61年6月16日,二層,
RPVPMLSJRHLFFBH17CC,25,29.53,住家用,鋼造,80年7月15日,一層,
RPVPMLSJRHLFFBH17CC,22,14.10,共有部分,鋼筋混凝土造,83年6月24日,七層,
RPUPMLSJRHLFFBH07CC,9,25.30,見其他登記事項,鋼筋混凝土造,96年7月16日,四層,
RPTNMLTJRHLFFGH47DC,37,127.22,住家用,加強磚造,68年8月24日,二層,
RPWPMLSJRHLFFBH27CC,22,72.39,住家用,鋼筋混凝土造,83年8月15日,七層,
RPWPMLSJRHLFFBH27CC,22,7.05,共有部分,鋼筋混凝土造,83年8月15日,七層,
RPWPMLSJRHLFFBH27CC,22,7.78,共有部分,鋼筋混凝土造,83年8月15日,七層,
RPPOMLTJRHLFFGH17DC,2,70.35,住家用,鋼筋混凝土造,103年9月24日,七層,
RPPOMLSJRHLFFCH56CC,17,26.44,見其他登記事項,鋼筋混凝土造,88年5月13日,十層,
RPQOMLSJRHLFFFH96CC,27,676.95,見其他登記事項,鋼筋混凝土造,78年2月21日,一層,
RPWNMLTJRHLFFGH77DC,11,188.87,見其他登記事項,鋼筋混凝土造,94年9月1日,四層,
RPQNMLSJRHLFFGH07DC,32,50.94,住家用,鋼筋混凝土造,73年10月27日,五層,
RPQNMLTJRHLFFGH27EC,18,73.23,住家用,鋼筋混凝土造,87年5月1日,九層,
RPWOMLTJRHLFFBH27CC,35,66.66,住家用,鋼筋混凝土造,70年9月8日,五層,
RPQPMLTJRHLFFAH66CC,25,182.91,見其他登記事項,見其他登記事項,81年1月23日,二十層,
RPUNMLTJRHLFFBH96CC,21,7.97,共有部分,鋼筋混凝土造,84年10月9日,五層,
RPUNMLTJRHLFFBH96CC,21,19.06,住家用,鋼筋混凝土造,84年10月9日,五層,
RPOPMLTJRHLFFAH09CC,21,119.33,住家用,鋼筋混凝土造,84年4月25日,十六層,
RPQQMLKKRHLFFAH58CC,8,75.86,見其他登記事項,鋼筋混凝土造,97年3月16日,十二層,
RPQQMLKKRHLFFAH58CC,8,60.67,共同使用部份,鋼筋混凝土造,97年3月16日,十三層,
RPQQMLKKRHLFFAH58CC,8,15.48,共同使用部份,鋼筋混凝土造,97年3月16日,十二層,
RPXPMLTJRHLFFAH37CC,4,483.94,住家用,見其他登記事項,101年11月2日,三十八層,
RPXPMLTJRHLFFAH37CC,4,114.49,見其他登記事項,見其他登記事項,101年11月2日,三十八層,
RPSNMLTJRHLFFAH66CC,56,150.36,住家用,加強磚造,50年1月30日,二層,
RPXPMLTJRHLFFAH37CC,4,7.40,見其他登記事項,見其他登記事項,101年11月2日,三十八層,
RPXPMLTJRHLFFAH37CC,4,81.35,見其他登記事項,見其他登記事項,101年11月2日,三十八層,
RPRPMLKKRHLFFAH58CC,3,109.29,住家用,鋼筋混凝土造,102年8月1日,十五層,
RPRPMLKKRHLFFAH58CC,3,19.79,見其他登記事項,鋼筋混凝土造,102年8月1日,十五層,
RPRPMLKKRHLFFAH58CC,3,67.64,見其他登記事項,鋼筋混凝土造,102年8月1日,十五層,
RPQPMLKKRHLFFAH48CC,30,100.85,見其他登記事項,鋼筋混凝土造,75年9月20日,五層,
RPQPMLKKRHLFFAH48CC,30,1.65,共有部份,鋼筋混凝土造,75年9月20日,五層,
RPQPMLKKRHLFFAH48CC,30,6.89,共有部份,鋼筋混凝土造,75年9月20日,五層,
RPXQMLKKRHLFFAH66CC,16,302.16,見其他登記事項,鋼筋混凝土造,89年11月14日,八層,
RPXQMLKKRHLFFAH66CC,16,109.63,共有部份,鋼筋混凝土造,89年11月14日,八層,
RPXQMLKKRHLFFAH66CC,16,37.59,共有部份,鋼筋混凝土造,89年11月14日,八層,
RPXQMLKKRHLFFAH66CC,16,3.78,共有部份,鋼筋混凝土造,89年11月14日,八層,
RPPOMLKKRHLFFDH58CC,,457.65,工業用,磚造,,二層,
RPWQMLKKRHLFFAH76EC,45,83.56,住商用,加強磚造,60年7月10日,二層,
RPTQMLKKRHLFFBH98CC,7,100.61,住家用,鋼筋混凝土造,98年6月29日,二十二層,
RPTQMLKKRHLFFBH98CC,7,4.44,共有部分,鋼筋混凝土造,98年6月29日,二十二層,
RPTQMLKKRHLFFBH98CC,7,5.46,共有部分,鋼筋混凝土造,98年6月29日,二十二層,
RPTQMLKKRHLFFBH98CC,7,13.89,共有部分,鋼筋混凝土造,98年6月29日,二十二層,
RPTQMLKKRHLFFBH98CC,7,32.59,共有部分,鋼筋混凝土造,98年6月29日,二十二層,
RPQNMLMKRHLFFGH09CC,1,63.36,住家用,鋼筋混凝土造,104年10月6日,十五層,
RPQNMLMKRHLFFGH09CC,1,51.75,共有部份,鋼筋混凝土造,104年10月6日,十五層,
RPQNMLMKRHLFFGH09CC,1,16.16,共有部份,鋼筋混凝土造,104年10月6日,十五層,
RPOOMLMKRHLFFDH88EC,9,67.28,見其他登記事項,鋼筋混凝土造,96年4月13日,四層,
RPTOMLMKRHLFFBH09DC,4,141.48,見其他登記事項,鋼筋混凝土造,101年8月27日,十二層,
RPUOMLMKRHLFFBH66EC,11,153.37,見其他登記事項,鋼筋混凝土造,94年3月1日,十四層,
RPUOMLMKRHLFFBH66EC,11,110.74,見其他登記事項,鋼筋混凝土造,94年3月1日,十四層,
RPUPMLMKRHLFFAH09CC,8,241.86,工業用,鋼筋混凝土造,97年3月30日,十層,
RPSNMLMKRHLFFDH98CC,1,108.53,住家用,鋼筋混凝土造,104年5月25日,十五層,
RPSNMLMKRHLFFDH98CC,1,84.98,見其他登記事項,鋼筋混凝土造,104年5月25日,十五層,
RPXPMLMKRHLFFAH76CC,38,79.06,住家用,鋼筋混凝土造,68年2月14日,二層,
RPOQMLMKRHLFFAH58CC,1,98.89,住家用,鋼筋混凝土造,104年8月14日,二十層,
RPOQMLMKRHLFFAH58CC,1,9.61,見其他登記事項,鋼筋混凝土造,104年8月14日,二十三層,
RPOQMLMKRHLFFAH58CC,1,4.88,見其他登記事項,鋼筋混凝土造,104年8月14日,二十三層,
RPOQMLMKRHLFFAH58CC,1,32.02,見其他登記事項,鋼筋混凝土造,104年8月14日,二十層,
RPOQMLMKRHLFFAH58CC,1,37.58,見其他登記事項,鋼筋混凝土造,104年8月14日,二十三層,
RPUNMLNKRHLFFCH56CC,19,102.61,住家用,鋼筋混凝土造,86年5月15日,八層,
RPUNMLNKRHLFFCH56CC,19,34.46,見其他登記事項,鋼筋混凝土造,86年5月15日,八層,
RPUNMLNKRHLFFCH56CC,19,15.07,共有部份,鋼筋混凝土造,86年5月15日,八層,
RPQNMLNKRHLFFAH58CC,3,130.02,住家用,鋼筋混凝土造,102年12月31日,十六層,
RPQNMLNKRHLFFAH58CC,3,113.69,見其他登記事項,鋼筋混凝土造,102年12月31日,二十一層,
RPXOMLNKRHLFFAH76CC,35,26.40,住家用,鋼筋混凝土造,70年12月31日,十二層,
RPXOMLNKRHLFFAH76CC,35,4.96,共有部份,鋼筋混凝土造,70年12月31日,十二層,
RPQOMLNKRHLFFFH66DC,1,130.23,住家用,鋼筋混凝土造,104年6月17日,二十四層,
RPUOMLNKRHLFFAH09CC,6,457.69,住家用,鋼筋混凝土造,99年4月22日,二十五層,
RPWPMLNKRHLFFAH76CC,18,132.95,見其他登記事項,鋼筋混凝土造,88年1月15日,十層,
RPWPMLNKRHLFFAH76CC,18,176.40,見其他登記事項,鋼筋混凝土造,88年1月15日,十層,
RPWPMLNKRHLFFAH76CC,18,65.57,共有部份,鋼筋混凝土造,88年1月15日,十層,
RPROMLNKRHLFFFH66CC,1,67.20,住家用,鋼筋混凝土造,104年6月17日,二十四層,
RPROMLNKRHLFFFH66CC,1,31.12,見其他登記事項,鋼筋混凝土造,104年6月17日,二十四層,
RPROMLNKRHLFFFH66CC,1,37.11,見其他登記事項,鋼筋混凝土造,104年6月17日,二十四層,
RPQNMLNKRHLFFGH76EC,4,99.07,見其他登記事項,鋼筋混凝土造,101年10月29日,十五層,
RPQNMLNKRHLFFGH76EC,4,44.98,共有部份,鋼筋混凝土造,101年10月29日,十五層,
RPTOMLNKRHLFFFH96DC,3,138.41,住家用,鋼筋混凝土造,103年1月20日,十一層,
RPXNMLOKRHLFFFH37DC,3,156.65,見其他登記事項,鋼筋混凝土造,103年1月20日,十層,
RPXNMLOKRHLFFFH37DC,3,70.57,見其他登記事項,鋼筋混凝土造,103年1月20日,十層,
RPXNMLOKRHLFFAH96EC,17,106.88,住家用,鋼筋混凝土造,88年4月2日,十三層,
RPOOMLOKRHLFFDH88CC,1,67.60,住家用,鋼筋混凝土造,104年9月25日,十五層,
RPOOMLOKRHLFFDH88CC,1,60.59,見其他登記事項,鋼筋混凝土造,104年9月25日,十五層,
RPXNMLOKRHLFFDH07CC,3,58.49,住家用,鋼筋混凝土造,102年11月15日,十二層,
RPXNMLOKRHLFFDH07CC,3,63.35,共有部份,鋼筋混凝土造,102年11月15日,十二層,
RPQOMLOKRHLFFDH09CC,1,108.53,住家用,鋼筋混凝土造,104年5月25日,十五層,
RPQOMLOKRHLFFDH09CC,1,84.98,見其他登記事項,鋼筋混凝土造,104年5月25日,十五層,
RPQPMLOKRHLFFBH98CC,23,88.12,住家用,鋼筋混凝土造,82年3月8日,七層,
RPQPMLOKRHLFFBH98CC,23,14.73,見其他登記事項,鋼筋混凝土造,82年3月8日,七層,
RPQPMLOKRHLFFBH98CC,23,15.01,共有部分,鋼筋混凝土造,82年3月8日,七層,
RPTOMLTKRHLFFAH96CC,25,89.56,見其他登記事項,鋼筋混凝土造,80年5月23日,五層,
RPUPMLTKRHLFFAH17CC,8,56.41,住家用,鋼筋混凝土造,97年4月24日,十二層,
RPUPMLTKRHLFFAH17CC,8,55.79,共有部份,鋼筋混凝土造,97年4月24日,十三層,
RPUNMLTKRHLFFBH07CC,22,212.33,見其他登記事項,鋼筋混凝土造,83年7月15日,七層,
RPUNMLTKRHLFFBH07CC,22,45.38,共有部分,鋼筋混凝土造,83年7月15日,七層,
RPUPMLOKRHLFFAH66CC,21,96.00,見其他登記事項,鋼筋混凝土造,84年4月14日,十七層,
RPUNMLTKRHLFFDH27CC,26,172.50,住家用,鋼筋混凝土造,79年9月11日,三層,
RPWNMLTKRHLFFBH27CC,7,133.50,住家用,鋼筋混凝土造,98年6月29日,二十二層,
RPWNMLTKRHLFFBH27CC,7,6.02,共有部分,鋼筋混凝土造,98年6月29日,二十二層,
RPWNMLTKRHLFFBH27CC,7,6.65,共有部分,鋼筋混凝土造,98年6月29日,二十二層,
RPWNMLTKRHLFFBH27CC,7,14.97,共有部分,鋼筋混凝土造,98年6月29日,二十二層,
RPWNMLTKRHLFFBH27CC,7,34.62,共有部分,鋼筋混凝土造,98年6月29日,二十二層,
RPTNMLTKRHLFFCH07CC,11,214.06,見其他登記事項,鋼筋混凝土造,94年7月17日,四層,
RPUOMLTKRHLFFBH17CC,10,248.36,見其他登記事項,鋼筋混凝土造,95年5月25日,五層,
RPUQMLTKRHLFFFH87DC,1,135.43,住家用,鋼筋混凝土造,104年6月17日,二十四層,
RPTQMLTKRHLFFFH77DC,2,161.40,住家用,鋼筋混凝土造,103年6月23日,十五層,
RPOOMLTKRHLFFAH56DC,22,131.97,見其他登記事項,鋼筋混凝土造,83年4月13日,八層,
RPVPMLTKRHLFFAH37DC,7,99.78,住家用,鋼筋混凝土造,98年3月19日,六層,
RPVOMLKLRHLFFEH76CC,23,100.47,工業用,鋼筋混凝土造,82年5月21日,七層,
RPWNMLKLRHLFFEH86DC,13,117.33,住家用,鋼筋混凝土造,92年7月11日,十層,
RPWNMLTKRHLFFEH57CC,27,275.00,見其他登記事項,鋼造,78年7月27日,一層,
RPROMLOKRHLFFBH98CC,13,70.99,住家用,鋼筋混凝土造,92年8月28日,八層,
RPROMLOKRHLFFBH98CC,13,20.54,共有部分,鋼筋混凝土造,92年8月28日,八層,
RPPNMLKLRHLFFFH88DC,19,148.26,住家用,鋼筋混凝土造,86年6月25日,四層,
RPOQMLKLRHLFFBH58CC,15,35.91,住家用,鋼筋混凝土造,90年10月26日,二十一層,
RPOQMLKLRHLFFBH58CC,15,1.38,共有部分,鋼筋混凝土造,90年10月26日,二十一層,
RPOQMLKLRHLFFBH58CC,15,8.45,共有部分,鋼筋混凝土造,90年10月26日,二十一層,
RPOQMLKLRHLFFBH58CC,15,.84,共有部分,鋼筋混凝土造,90年10月26日,二十一層,
RPOQMLKLRHLFFBH58CC,15,.26,共有部分,鋼筋混凝土造,90年10月26日,二十一層,
RPVPMLKLRHLFFBH56CC,26,26.77,住家用,鋼筋混凝土造,80年2月6日,十二層,
RPVPMLKLRHLFFBH56CC,26,4.69,共有部分,鋼筋混凝土造,80年2月6日,十二層,
RPUNMLKLRHLFFAH78CC,38,83.28,住家用,鋼筋混凝土造,68年2月16日,三層,
RPRNMLKLRHLFFCH78DC,29,73.24,住家用,加強磚造,77年2月1日,二層,
RPQNMLKLRHLFFFH98DC,23,71.76,住家用,鋼筋混凝土造,82年5月17日,十五層,
RPQNMLKLRHLFFFH98DC,23,8.03,共同使用部份,鋼筋混凝土造,82年5月17日,十五層,
RPQNMLKLRHLFFFH98DC,23,11.41,共同使用部份,鋼筋混凝土造,82年5月17日,十五層,
RPXQMLKLRHLFFBH86CC,26,72.15,見其他登記事項,鋼筋混凝土造,79年8月6日,三層,
RPRPMLKLRHLFFBH78CC,9,25.30,見其他登記事項,鋼筋混凝土造,96年7月16日,四層,
RPOQMLKLRHLFFAH48CC,21,67.32,住家用,鋼筋混凝土造,84年4月19日,十九層,
RPOQMLKLRHLFFAH48CC,21,12.52,共有部份,鋼筋混凝土造,84年4月19日,二十層,
RPOQMLKLRHLFFAH48CC,21,2.57,共有部份,鋼筋混凝土造,84年4月19日,十九層,
RPTNMLKLRHLFFAH68CC,17,101.36,住家用,鋼筋混凝土造,89年2月3日,九層,
RPVOMLKLRHLFFAH98CC,7,61.11,商業用,鋼筋混凝土造,98年10月5日,十三層,
RPVOMLKLRHLFFAH98CC,7,17.58,見其他登記事項,鋼筋混凝土造,98年10月5日,十三層,
RPVOMLKLRHLFFAH98CC,7,19.34,見其他登記事項,鋼筋混凝土造,98年10月5日,十三層,
RPTOMLLLRHLFFEH76DC,8,130.62,住家用,鋼筋混凝土造,97年7月14日,十五層,
RPTOMLLLRHLFFEH76DC,8,21.70,共有部份,鋼筋混凝土造,97年7月14日,二十六層,
RPTOMLLLRHLFFEH76DC,8,24.59,共有部份,鋼筋混凝土造,97年7月14日,十五層,
RPQNMLLLRHLFFBH68DC,7,98.51,商業用,鋼筋混凝土造,98年6月29日,二十二層,
RPRNMLLLRHLFFCH78CC,34,63.66,住家用,鋼筋混凝土造,71年9月18日,四層,
RPQOMLMLRHLFFGH66CC,10,60.47,見其他登記事項,鋼筋混凝土造,95年7月7日,三層,
RPOPMLLLRHLFFBH68DC,7,88.99,住家用,鋼筋混凝土造,98年6月29日,二十二層,
RPOPMLLLRHLFFBH68DC,7,11.62,住家用,鋼筋混凝土造,98年6月29日,二十二層,
RPOPMLLLRHLFFBH68DC,7,4.44,共有部分,鋼筋混凝土造,98年6月29日,二十二層,
RPSPMLMLRHLFFBH56DC,3,79.31,見其他登記事項,鋼筋混凝土造,102年4月30日,十二層,
RPOPMLLLRHLFFBH68DC,7,5.46,共有部分,鋼筋混凝土造,98年6月29日,二十二層,
RPSPMLMLRHLFFBH56DC,3,31.80,見其他登記事項,鋼筋混凝土造,102年4月30日,十二層,
RPOPMLLLRHLFFBH68DC,7,13.89,共有部分,鋼筋混凝土造,98年6月29日,二十二層,
RPOPMLLLRHLFFBH68DC,7,2.04,共有部分,鋼筋混凝土造,98年6月29日,二十二層,
RPUOMLMLRHLFFFH07DC,1,102.05,住家用,鋼筋混凝土造,104年4月20日,十五層,
RPPOMLMLRHLFFDH88CC,10,79.66,見其他登記事項,鋼筋混凝土造,95年9月4日,十三層,
RPPNMLMLRHLFFFH56EC,1,54.09,住家用,鋼筋混凝土造,104年4月20日,十五層,
RPPNMLMLRHLFFFH56EC,1,47.94,見其他登記事項,鋼筋混凝土造,104年4月20日,十五層,
RPROMLMLRHLFFFH66CC,27,209.11,見其他登記事項,鋼筋混凝土造,78年3月11日,四層,
RPTNMLMLRHLFFFH86DC,45,68.64,住家用,加強磚造,60年7月15日,二層,
RPTOMLMLRHLFFFH86CC,1,67.20,住家用,鋼筋混凝土造,104年6月17日,二十四層,
RPTOMLMLRHLFFFH86CC,1,31.12,見其他登記事項,鋼筋混凝土造,104年6月17日,二十四層,
RPOOMLMLRHLFFFH98CC,16,80.74,住家用,鋼筋混凝土造,89年8月17日,十層,
RPTOMLMLRHLFFFH86CC,1,37.11,見其他登記事項,鋼筋混凝土造,104年6月17日,二十四層,
RPOOMLMLRHLFFFH98CC,16,8.08,共有部分,鋼筋混凝土造,89年8月17日,十層,
RPOOMLMLRHLFFFH98CC,16,1.12,共有部分,鋼筋混凝土造,89年8月17日,十層,
RPOOMLMLRHLFFFH98CC,16,46.27,共有部分,鋼筋混凝土造,89年8月17日,十層,
RPXPMLMLRHLFFBH96CC,29,48.14,住商用,鋼筋混凝土造,76年8月26日,四層,
RPQRMLMLRHLFFBH09CC,17,41.85,住家用,鋼筋混凝土造,88年3月12日,五層,
RPQRMLMLRHLFFBH09CC,17,6.98,共有部分,鋼筋混凝土造,88年3月12日,五層,
RPQQMLMLRHLFFAH88CC,23,111.88,住家用,鋼筋混凝土造,82年6月28日,八層,
RPQQMLMLRHLFFAH88CC,23,21.24,共有部份,鋼筋混凝土造,82年6月28日,八層,
RPQQMLMLRHLFFAH88CC,26,9.61,住家用,鋼筋混凝土造,80年1月9日,十二層,
RPRPMLNLRHLFFBH09CC,36,16.19,住家用,鋼筋混凝土造,69年8月29日,五層,
RPQQMLNLRHLFFBH09CC,23,26.92,住家用,鋼筋混凝土造,82年12月3日,七層,
RPQQMLNLRHLFFBH09CC,23,1.69,共同使用部份,鋼筋混凝土造,82年12月3日,七層,
RPQQMLNLRHLFFBH09CC,23,5.09,共同使用部份,鋼筋混凝土造,82年12月3日,七層,
RPSPMLNLRHLFFAH09CC,27,119.00,住家用,鋼筋混凝土造,78年10月28日,五層,
RPSPMLNLRHLFFAH09CC,27,17.15,共同使用部份,鋼筋混凝土造,78年10月28日,五層,
RPQPMLNLRHLFFBH98CC,36,16.75,住家用,鋼筋混凝土造,69年8月29日,五層,
RPVNMLNLRHLFFAH66DC,23,351.00,見其他登記事項,鋼筋混凝土造,82年12月27日,三層,
RPWNMLNLRHLFFFH37EC,2,299.84,見其他登記事項,鋼筋混凝土造,103年8月12日,四層,
RPWNMLNLRHLFFFH37EC,2,7.52,見其他登記事項,鋼筋混凝土造,103年8月12日,四層,
RPOOMLNLRHLFFFH09CC,29,98.53,見其他登記事項,鋼筋混凝土造,77年2月13日,五層,
RPOOMLNLRHLFFFH09CC,29,6.76,共有部分,鋼筋混凝土造,77年2月13日,五層,
RPPOMLNLRHLFFFH56CC,2,69.08,住家用,鋼筋混凝土造,103年8月11日,十五層,
RPPOMLNLRHLFFFH56CC,2,18.07,見其他登記事項,鋼筋混凝土造,103年8月11日,十五層,
RPQNMLOLRHLFFAH78CC,35,78.00,住家用,鋼筋混凝土造,70年3月10日,四層,
RPRPMLQLRHLFFAH66CC,15,290.88,見其他登記事項,鋼筋混凝土造,90年12月17日,四層,
RPVOMLNLRHLFFEH07CC,11,74.12,住家用,鋼筋混凝土造,95年2月18日,十三層,
RPVOMLNLRHLFFEH07CC,11,46.72,共有部份,鋼筋混凝土造,95年2月18日,十三層,
RPVOMLNLRHLFFEH07CC,11,8.14,共有部份,鋼筋混凝土造,95年2月18日,十三層,
RPXNMLQLRHLFFFH57CC,43,85.36,住家用,加強磚造,62年6月1日,二層,
RPUPMLQLRHLFFBH07CC,18,60.46,住家用,鋼筋混凝土造,87年10月23日,十五層,
RPTPMLQLRHLFFAH86CC,6,103.90,住家用,鋼筋混凝土造,99年5月20日,十五層,
RPUPMLQLRHLFFBH07CC,18,14.98,共同使用部份,鋼筋混凝土造,87年10月23日,十五層,
RPTPMLQLRHLFFAH86CC,6,23.27,見其他登記事項,鋼筋混凝土造,99年5月20日,十五層,
RPUPMLQLRHLFFBH07CC,18,14.78,共同使用部份,鋼筋混凝土造,87年10月23日,十五層,
RPTPMLQLRHLFFAH86CC,6,48.68,見其他登記事項,鋼筋混凝土造,99年5月20日,十五層,
RPWQMLQLRHLFFBH37CC,33,23.33,住家用,鋼筋混凝土造,72年12月30日,五層,
RPWQMLQLRHLFFBH37CC,33,.68,共同使用部份,鋼筋混凝土造,72年12月30日,五層,
RPTQMLNLRHLFFBH76CC,7,100.60,住家用,鋼筋混凝土造,98年6月29日,二十二層,
RPTQMLNLRHLFFBH76CC,7,4.43,共有部分,鋼筋混凝土造,98年6月29日,二十二層,
RPTQMLNLRHLFFBH76CC,7,5.46,共有部分,鋼筋混凝土造,98年6月29日,二十二層,
RPTQMLNLRHLFFBH76CC,7,13.89,共有部分,鋼筋混凝土造,98年6月29日,二十二層,
RPTQMLNLRHLFFBH76CC,7,34.62,共有部分,鋼筋混凝土造,98年6月29日,二十二層,
RPVQMLQLRHLFFBH27CC,51,44.12,住家用,加強磚造,55年2月10日,二層,
RPURMLQLRHLFFBH27CC,4,408.07,見其他登記事項,鋼筋混凝土造,101年8月20日,十一層,
RPUNMLQLRHLFFAH86DC,10,69.16,住家用,鋼筋混凝土造,95年9月20日,十二層,
RPSNMLQLRHLFFGH17CC,1,80.16,住家用,鋼筋混凝土造,104年4月16日,十四層,
RPSNMLQLRHLFFGH17CC,1,14.86,共同使用部份,鋼筋混凝土造,104年4月16日,十四層,
RPSNMLQLRHLFFGH17CC,1,43.78,共同使用部份,鋼筋混凝土造,104年4月16日,十四層,
RPUOMLTLRHLFFEH67DC,1,96.26,住家用,鋼筋混凝土造,104年7月6日,十四層,
RPUOMLTLRHLFFEH67DC,1,73.55,共有部份,鋼筋混凝土造,104年7月6日,十四層,
RPVPMLTLRHLFFAH37CC,23,128.79,見其他登記事項,鋼筋混凝土造,82年11月10日,八層,
RPVPMLTLRHLFFAH37CC,23,29.62,共同使用部份,鋼筋混凝土造,82年11月10日,八層,
RPVPMLTLRHLFFAH37CC,23,42.56,共同使用部份,鋼筋混凝土造,82年11月10日,八層,
RPTPMLTLRHLFFFH77DC,3,135.03,住家用,鋼筋混凝土造,102年11月15日,十四層,
RPVNMLTLRHLFFFH87EC,3,76.98,見其他登記事項,鋼筋混凝土造,103年1月20日,十五層,
RPVNMLTLRHLFFFH87EC,3,16.91,見其他登記事項,鋼筋混凝土造,103年1月20日,十五層,
RPVNMLTLRHLFFFH87EC,3,43.04,見其他登記事項,鋼筋混凝土造,103年1月20日,十五層,
RPROMLTLRHLFFFH37CC,1,67.42,住家用,鋼筋混凝土造,104年4月27日,十三層,
RPROMLTLRHLFFFH37CC,1,15.59,見其他登記事項,鋼筋混凝土造,104年4月27日,十三層,
RPROMLTLRHLFFFH37CC,1,54.91,見其他登記事項,鋼筋混凝土造,104年4月27日,十三層,
RPRPMLKMRHLFFBH88CC,39,99.98,住家用,鋼筋混凝土造,66年6月1日,四層,
RPXSMLKMRHLFFAH07CC,17,85.40,住家用,鋼筋混凝土造,88年4月2日,二十層,
RPXSMLKMRHLFFAH07CC,17,7.09,共有部份,鋼筋混凝土造,88年4月2日,二十層,
RPXSMLKMRHLFFAH07CC,17,18.18,共有部份,鋼筋混凝土造,88年4月2日,二十層,
RPVPMLKMRHLFFEH17EC,8,77.68,見其他登記事項,鋼筋混凝土造,97年4月28日,五層,
RPSNMLKMRHLFFFH56CC,1,72.67,住家用,鋼筋混凝土造,104年4月20日,十五層,
RPSNMLKMRHLFFFH56CC,1,56.68,見其他登記事項,鋼筋混凝土造,104年4月20日,十五層,
RPSPMLKMRHLFFBH98CC,33,19.66,住家用,鋼筋混凝土造,72年12月30日,五層,
RPSPMLKMRHLFFBH98CC,33,1.97,共有部分,鋼筋混凝土造,72年12月30日,五層,
RPUNMLKMRHLFFAH98DC,35,97.35,見其他登記事項,鋼筋混凝土造,70年12月30日,五層,
RPVNMLKMRHLFFAH09DC,17,78.23,住家用,鋼筋混凝土造,88年12月1日,二十層,
RPPNMLMJIILFFBH57CC,3,31.48,見其他登記事項,鋼筋混凝土造,102年5月31日,十二層,
RPPPMLNJIILFFBH87CC,22,66.46,住家用,鋼筋混凝土造,83年6月7日,十五層,
RPPPMLNJIILFFBH87CC,22,11.28,共有部分,鋼筋混凝土造,83年6月7日,十五層,
RPPPMLNJIILFFBH87CC,22,4.89,共有部分,鋼筋混凝土造,83年6月7日,十五層,
RPPPMLNJIILFFBH87CC,22,40.69,共有部分,鋼筋混凝土造,83年6月7日,十五層,
RPPPMLKMRHLFFEH98CC,1,58.36,見其他登記事項,鋼筋混凝土造,104年7月13日,十八層,
RPPPMLKMRHLFFEH98CC,1,42.64,共有部份,鋼筋混凝土造,104年7月13日,十八層,
RPPPMLKMRHLFFEH98CC,1,20.70,共有部份,鋼筋混凝土造,104年7月13日,十八層,
RPQNMLNJIILFFDH97CC,1,108.53,住家用,鋼筋混凝土造,104年5月25日,十五層,
RPQNMLNJIILFFDH97CC,1,82.83,見其他登記事項,鋼筋混凝土造,104年5月25日,十五層,
RPSOMLNJIILFFBH08CC,25,24.43,住家用,鋼筋混凝土造,81年1月24日,六層,
RPSOMLNJIILFFBH08CC,25,12.36,共有部分,鋼筋混凝土造,81年1月24日,六層,
RPROMLNJIILFFCH08CC,20,206.76,見其他登記事項,鋼筋混凝土造,85年11月26日,四層,
RPROMLNJIILFFCH08CC,20,6.80,共有部份,鋼筋混凝土造,85年11月26日,五層,
RPROMLNJIILFFCH08CC,20,45.58,見其他登記事項,鋼筋混凝土造,85年11月26日,四層,
RPVOMLNJIILFFBH38CC,5,90.95,見其他登記事項,鋼筋混凝土造,100年12月15日,十五層,
RPVOMLNJIILFFBH38CC,5,63.95,見其他登記事項,鋼筋混凝土造,100年12月15日,十五層,
RPWPMLKMRHLFFEH27EC,1,41.06,住家用,鋼筋混凝土造,104年8月5日,五層,
RPTOMLNJIILFFCH28CC,22,62.76,住家用,鋼筋混凝土造,83年12月15日,十層,
RPTOMLNJIILFFCH28CC,22,6.96,見其他登記事項,鋼筋混凝土造,83年12月15日,十層,
RPVQMLNJIILFFAH48CC,16,53.05,住家用,鋼筋混凝土造,89年8月31日,十四層,
RPVQMLNJIILFFAH48CC,16,15.97,共有部份,鋼筋混凝土造,89年8月31日,十四層,
RPQRMLNJIILFFAH08CC,4,119.91,住家用,鋼筋混凝土造,101年12月15日,十五層,
RPTOMLNJIILFFAH08CC,1,107.89,住家用,鋼筋混凝土造,104年8月14日,二十層,
RPQRMLNJIILFFAH08CC,4,125.40,見其他登記事項,鋼筋混凝土造,101年12月15日,十五層,
RPTOMLNJIILFFAH08CC,1,9.61,見其他登記事項,鋼筋混凝土造,104年8月14日,二十三層,
RPTOMLNJIILFFAH08CC,1,4.88,見其他登記事項,鋼筋混凝土造,104年8月14日,二十三層,
RPTOMLNJIILFFAH08CC,1,32.02,見其他登記事項,鋼筋混凝土造,104年8月14日,二十層,
RPTOMLNJIILFFAH08CC,1,37.58,見其他登記事項,鋼筋混凝土造,104年8月14日,二十三層,
RPORMLNJIILFFAH87CC,37,62.80,商業用,鋼筋混凝土造,69年1月28日,四層,
RPPRMLNJIILFFAH97CC,1,58.63,住家用,鋼筋混凝土造,104年8月10日,十四層,
RPPRMLNJIILFFAH97CC,1,73.87,見其他登記事項,鋼筋混凝土造,104年8月10日,十四層,
RPVPMLNJIILFFAH38CC,1,86.88,住家用,鋼筋混凝土造,104年11月27日,二十二層,
RPVPMLNJIILFFAH38CC,1,24.60,見其他登記事項,鋼筋混凝土造,104年11月27日,二十二層,
RPVPMLNJIILFFAH38CC,1,40.41,見其他登記事項,鋼筋混凝土造,104年11月27日,二十四層,
RPSRMLNJIILFFAH28CC,26,26.89,住家用,鋼筋混凝土造,80年1月15日,七層,
RPSRMLNJIILFFAH28CC,26,8.66,共同使用部份,鋼筋混凝土造,80年1月15日,七層,
RPXQMLNJIILFFAH68CC,21,51.85,住家用,鋼筋混凝土造,85年1月18日,十七層,
RPXQMLNJIILFFAH68CC,21,18.14,共有部份,鋼筋混凝土造,85年1月18日,十七層,
RPRRMLNJIILFFAH18CC,29,166.22,住家用,加強磚造,76年7月1日,二層,
RPVRMLNJIILFFAH58CC,13,81.53,住家用,鋼筋混凝土造,92年9月18日,九層,
RPVRMLNJIILFFAH58CC,13,10.01,共有部份,鋼筋混凝土造,92年9月18日,九層,
RPVRMLNJIILFFAH58CC,13,19.97,共有部份,鋼筋混凝土造,92年9月18日,十四層,
RPURMLNJIILFFAH48CC,19,95.02,住家用,鋼筋混凝土造,86年11月10日,八層,
RPURMLNJIILFFAH48CC,19,15.38,共有部份,鋼筋混凝土造,86年11月10日,八層,
RPURMLNJIILFFAH48CC,19,8.87,共有部份,鋼筋混凝土造,86年11月10日,八層,
RPWRMLNJIILFFBH88DC,5,66.40,見其他登記事項,鋼筋混凝土造,100年11月15日,七層,
RPWRMLNJIILFFBH88DC,5,30.41,見其他登記事項,鋼筋混凝土造,100年11月15日,四層,
RPWRMLNJIILFFBH88DC,5,9.88,見其他登記事項,鋼筋混凝土造,100年11月15日,七層,
RPTRMLNJIILFFAH38CC,36,32.03,住家用,鋼筋混凝土造,69年8月26日,六層,
RPTRMLNJIILFFAH38CC,36,1.23,共同使用部份,鋼筋混凝土造,69年8月26日,六層,
RPTRMLNJIILFFAH38CC,36,.99,共同使用部份,鋼筋混凝土造,69年8月26日,六層,
RPTRMLNJIILFFAH38CC,36,8.86,共同使用部份,鋼筋混凝土造,69年8月26日,六層,
RPWRMLNJIILFFAH68CC,25,35.41,住家用,鋼筋混凝土造,80年8月5日,七層,
RPWRMLNJIILFFAH68CC,25,5.85,共有部份,鋼筋混凝土造,80年8月5日,七層,
RPWRMLNJIILFFAH68CC,25,5.76,共有部份,鋼筋混凝土造,80年8月5日,七層,
RPPOMLNJIILFFAH77DC,3,115.25,住家用,鋼筋混凝土造,102年9月12日,四層,
RPOSMLNJIILFFBH18DC,20,102.61,住家用,鋼筋混凝土造,86年1月7日,五層,
RPOSMLNJIILFFBH18DC,20,31.64,共有部分,鋼筋混凝土造,86年1月7日,五層,
RPOSMLNJIILFFBH18DC,20,6.50,共有部分,鋼筋混凝土造,86年1月7日,五層,
RPQOMLNJIILFFAH87DC,3,70.00,住家用,鋼筋混凝土造,102年9月12日,四層,
RPUNMLNJIILFFFH68DC,36,82.42,住家用,鋼筋混凝土造,69年8月25日,四層,
RPSNMLNJIILFFGH58DC,21,55.21,住家用,鋼筋混凝土造,84年4月21日,十六層,
RPSNMLNJIILFFGH58DC,21,10.79,共有部份,鋼筋混凝土造,84年4月21日,十六層,
RPSNMLNJIILFFGH58DC,21,1.60,共有部份,鋼筋混凝土造,84年4月21日,十六層,
RPQOMLOJIILFFFH38CC,22,99.29,住家用,鋼筋混凝土造,83年8月26日,七層,
RPQOMLOJIILFFFH38CC,22,9.16,共有部分,鋼筋混凝土造,83年8月26日,七層,
RPQOMLOJIILFFFH38CC,22,16.39,共有部分,鋼筋混凝土造,83年8月26日,七層,
RPXNMLOJIILFFBH58CC,19,267.91,見其他登記事項,鋼筋混凝土造,86年6月19日,十二層,
RPXNMLOJIILFFBH58CC,19,69.30,共同使用部份,鋼筋混凝土造,86年6月19日,十二層,
RPOOMLOJIILFFAH67CC,10,92.44,住家用,鋼筋混凝土造,95年5月9日,六層,
RPOOMLOJIILFFAH67CC,10,36.94,共有部份,鋼筋混凝土造,95年5月9日,六層,
RPXPMLPJIILFFBH88CC,18,98.08,住家用,鋼筋混凝土造,87年8月4日,十五層,
RPXPMLPJIILFFBH88CC,18,3.66,共有部分,鋼筋混凝土造,87年8月4日,十五層,
RPXPMLPJIILFFBH88CC,18,4.80,共有部分,鋼筋混凝土造,87年8月4日,十五層,
RPXPMLPJIILFFBH88CC,18,13.92,共有部分,鋼筋混凝土造,87年8月4日,十五層,
RPWQMLNJIILFFAH58CC,9,39.32,住家用,鋼筋混凝土造,96年6月29日,十三層,
RPWQMLNJIILFFAH58CC,9,15.84,共有部份,鋼筋混凝土造,96年6月29日,十三層,
RPUOMLPJIILFFAH38CC,1,31.68,見其他登記事項,鋼筋混凝土造,104年11月27日,二十二層,
RPUOMLPJIILFFAH38CC,1,106.58,住家用,鋼筋混凝土造,104年11月27日,二十二層,
RPUOMLPJIILFFAH38CC,1,45.30,見其他登記事項,鋼筋混凝土造,104年11月27日,二十四層,
RPROMLPJIILFFAH18DC,44,1901.28,住工用,見其他登記事項,61年12月8日,二層,
RPROMLPJIILFFAH18DC,36,1340.63,見其他登記事項,鋼筋混凝土造,69年5月21日,二層,
RPROMLPJIILFFAH18DC,37,259.04,工業用,鋼筋混凝土造,68年4月21日,二層,
RPROMLPJIILFFAH18DC,44,1403.41,工業用,見其他登記事項,61年6月5日,一層,
RPWNMLQJIILFFEH98CC,9,72.45,住家用,鋼筋混凝土造,96年10月25日,九層,
RPWNMLQJIILFFEH98CC,9,48.99,共有部份,鋼筋混凝土造,96年10月25日,十層,
RPWNMLQJIILFFEH98CC,9,10.18,共有部份,鋼筋混凝土造,96年10月25日,九層,
RPQNMLPJIILFFGH58DC,9,269.32,見其他登記事項,鋼筋混凝土造,97年1月24日,五層,
RPUPMLRJIILFFBH78CC,2,92.32,見其他登記事項,鋼筋混凝土造,103年6月28日,十三層,
RPUPMLRJIILFFBH78CC,2,74.10,見其他登記事項,鋼筋混凝土造,103年6月28日,十五層,
RPSPMLQJIILFFAH38CC,11,26.29,見其他登記事項,鋼筋混凝土造,95年1月25日,五層,
RPSPMLQJIILFFAH38CC,11,7.61,共有部份,鋼筋混凝土造,95年1月25日,五層,
RPROMLQJIILFFGH78CC,25,96.07,住商用,鋼筋混凝土造,80年10月4日,二層,
RPTNMLNJIILFFFH58DC,17,100.43,住家用,鋼筋混凝土造,88年11月25日,十三層,
RPTNMLNJIILFFFH58DC,17,10.22,住家用,鋼筋混凝土造,88年11月25日,十三層,
RPTNMLNJIILFFFH58DC,17,18.58,共有部分,鋼筋混凝土造,88年11月25日,十三層,
RPTNMLNJIILFFFH58DC,17,28.61,共有部分,鋼筋混凝土造,88年11月25日,十三層,
RPTPMLRJIILFFBH68CC,1,62.13,見其他登記事項,鋼筋混凝土造,104年8月31日,十一層,
RPTPMLRJIILFFBH68CC,1,45.35,見其他登記事項,鋼筋混凝土造,104年8月31日,十一層,
RPRPMLRJIILFFBH58DC,9,54.59,商業用,鋼筋混凝土造,96年9月29日,十二層,
RPRPMLRJIILFFBH58DC,9,20.62,共同使用部份,鋼筋混凝土造,96年9月29日,十二層,
RPQNMLSJIILFFAH18CC,13,47.38,住家用,鋼筋混凝土造,92年7月28日,十四層,
RPQNMLSJIILFFAH18CC,13,6.71,共同使用部份,鋼筋混凝土造,92年7月28日,十四層,
RPQNMLSJIILFFAH18CC,13,12.33,共同使用部份,鋼筋混凝土造,92年7月28日,十四層,
RPWPMLLKIILFFBH48CC,42,837.82,工業用,加強磚造,63年6月1日,二層,
RPOPMLLKIILFFBH67CC,39,5417.32,見其他登記事項,鋼造,66年7月11日,一層,
RPOPMLLKIILFFBH67CC,35,1782.68,工業用,鋼筋混凝土造,70年12月30日,一層,
RPUPMLLKIILFFAH18CC,8,55.76,住家用,鋼筋混凝土造,97年4月24日,十二層,
RPUPMLLKIILFFAH18CC,8,55.79,共同使用部份,鋼筋混凝土造,97年4月24日,十三層,
RPQOMLLKIILFFDH97CC,1,84.54,住家用,鋼筋混凝土造,104年5月25日,十四層,
RPQOMLLKIILFFDH97CC,1,74.09,見其他登記事項,鋼筋混凝土造,104年5月25日,十五層,
RPWNMLLKIILFFBH38DC,36,101.60,住商用,鋼筋混凝土造,69年12月27日,二層,
RPROMLLKIILFFGH38CC,1,98.78,住家用,鋼筋混凝土造,104年5月11日,十九層,
RPROMLLKIILFFGH38CC,1,13.73,共有部份,鋼筋混凝土造,104年5月11日,二十層,
RPROMLLKIILFFGH38CC,1,41.85,共有部份,鋼筋混凝土造,104年5月11日,二十層,
RPTOMLLKIILFFFH58DC,2,134.95,住家用,鋼筋混凝土造,103年10月6日,十八層,
RPWOMLMKIILFFBH48CC,28,21.43,見其他登記事項,鋼筋混凝土造,77年5月4日,三層,
RPXNMLMKIILFFEH88DC,1,73.20,住家用,鋼筋混凝土造,104年7月6日,十四層,
RPXNMLMKIILFFEH88DC,1,37.90,共有部份,鋼筋混凝土造,104年7月6日,十四層,
RPQOMLMKIILFFDH08CC,1,63.46,住家用,鋼筋混凝土造,104年5月25日,十五層,
RPQOMLMKIILFFDH08CC,1,63.92,住家用,鋼筋混凝土造,104年9月25日,十五層,
RPQOMLMKIILFFGH48DC,28,184.98,見其他登記事項,鋼筋混凝土造,78年3月27日,三層,
RPQOMLMKIILFFGH48DC,28,184.98,見其他登記事項,鋼筋混凝土造,78年3月27日,三層,
RPOPMLMKIILFFBH77CC,3,85.81,見其他登記事項,鋼筋混凝土造,102年7月9日,十五層,
RPOPMLMKIILFFBH77CC,3,20.98,見其他登記事項,鋼筋混凝土造,102年7月9日,十五層,
RPOPMLMKIILFFBH77CC,3,19.30,見其他登記事項,鋼筋混凝土造,102年7月9日,十五層,
RPUNMLMKIILFFAH08CC,13,109.10,住家用,鋼筋混凝土造,92年6月23日,十層,
RPXOMLMKIILFFBH58CC,36,16.19,住家用,鋼筋混凝土造,69年8月29日,五層,
RPTOMLMKIILFFAH08CC,12,135.97,見其他登記事項,鋼筋混凝土造,94年3月22日,五層,
RPQOMLRJIILFFGH78CC,22,26.21,住家用,鋼筋混凝土造,83年11月14日,五層,
RPWOMLMKIILFFAH38CC,3,229.29,住家用,鋼筋混凝土造,102年6月20日,二十七層,
RPWOMLMKIILFFAH38CC,3,86.00,見其他登記事項,鋼筋混凝土造,102年6月20日,二十七層,
RPWOMLMKIILFFAH38CC,3,77.15,見其他登記事項,鋼筋混凝土造,102年6月20日,二十七層,
RPWQMLMKIILFFAH58CC,2,66.83,住家用,鋼筋混凝土造,103年7月5日,十五層,
RPWQMLMKIILFFAH58CC,2,50.85,見其他登記事項,鋼筋混凝土造,103年7月5日,十五層,
RPTQMLMKIILFFAH28CC,21,264.34,住家用,鋼筋混凝土造,84年12月9日,四層,
RPOOMLNKIILFFBH77CC,13,114.07,國民住宅,鋼筋混凝土造,92年7月10日,十四層,
RPOOMLNKIILFFBH77CC,13,25.65,共有部分,鋼筋混凝土造,92年7月10日,十四層,
RPOOMLNKIILFFBH77CC,13,48.98,共有部分,鋼筋混凝土造,92年7月10日,十四層,
RPPOMLNKIILFFBH87CC,3,217.23,見其他登記事項,鋼筋混凝土造,102年4月12日,四層,
RPTNMLNKIILFFFH58CC,38,18.81,住商用,加強磚造,67年4月18日,三層,
RPQPMLRJIILFFBH38CC,5,20.99,見其他登記事項,鋼筋混凝土造,100年6月13日,五層,
RPROMLNKIILFFAH97CC,43,138.50,住家用,加強磚造,62年6月20日,二層,
RPPNMLNKIILFFEH18DC,22,80.53,住家用,鋼筋混凝土造,83年5月16日,十二層,
RPPOMLNKIILFFAH77CC,18,87.60,商業用,鋼筋混凝土造,88年1月28日,九層,
RPPOMLNKIILFFAH77CC,18,15.66,共有部份,鋼筋混凝土造,88年1月28日,九層,
RPPOMLNKIILFFAH77CC,18,12.23,共有部份,鋼筋混凝土造,88年1月28日,九層,
RPPPMLMKIILFFAH77CC,36,87.65,商業用,鋼筋混凝土造,70年3月16日,五層,
RPVNMLNKIILFFFH88DC,36,99.76,住家用,加強磚造,69年12月30日,二層,
RPOOMLNKIILFFFH28DC,17,95.87,商業用,鋼筋混凝土造,88年11月25日,十三層,
RPOOMLNKIILFFFH28DC,17,19.33,共有部分,鋼筋混凝土造,88年11月25日,十三層,
RPOOMLNKIILFFFH28DC,17,23.92,共有部分,鋼筋混凝土造,88年11月25日,十三層,
RPXNMLNKIILFFFH09DC,5,296.86,見其他登記事項,鋼筋混凝土造,101年1月9日,四層,
RPRNMLNKIILFFEH28CC,1,98.81,見其他登記事項,鋼筋混凝土造,104年7月13日,十七層,
RPRNMLNKIILFFEH28CC,1,14.15,共有部份,鋼筋混凝土造,104年7月13日,十八層,
RPRNMLNKIILFFEH28CC,1,3.25,共有部份,鋼筋混凝土造,104年7月13日,十八層,
RPSNMLNKIILFFEH38CC,20,138.81,住家用,鋼筋混凝土造,85年4月9日,十三層,
RPSNMLNKIILFFEH38CC,20,10.90,共有部份,鋼筋混凝土造,85年4月9日,十三層,
RPSNMLNKIILFFEH38CC,20,23.34,共有部份,鋼筋混凝土造,85年4月9日,十三層,
RPSNMLNKIILFFEH38CC,20,40.25,共有部份,鋼筋混凝土造,85年4月9日,十三層,
RPTNMLNKIILFFEH48CC,20,139.79,住家用,鋼筋混凝土造,85年6月24日,十七層,
RPTNMLNKIILFFEH48CC,20,140.75,住家用,鋼筋混凝土造,85年6月24日,十七層,
RPTNMLOKIILFFGH78CC,24,197.06,見其他登記事項,鋼筋混凝土造,81年10月30日,二層,
RPUNMLOKIILFFBH48DC,43,48.51,住家用,磚造,62年11月30日,一層,
RPVOMLOKIILFFBH58CC,2,114.38,見其他登記事項,鋼筋混凝土造,103年12月8日,十四層,
RPVOMLOKIILFFBH58CC,2,33.20,見其他登記事項,鋼筋混凝土造,103年12月8日,十四層,
RPVOMLOKIILFFBH58CC,2,59.78,見其他登記事項,鋼筋混凝土造,103年12月8日,十四層,
RPOPMLOKIILFFBH97CC,7,49.40,住家用,鋼筋混凝土造,98年6月29日,二十一層,
RPOPMLOKIILFFBH97CC,7,2.22,共有部分,鋼筋混凝土造,98年6月29日,二十二層,
RPOPMLOKIILFFBH97CC,7,2.44,共有部分,鋼筋混凝土造,98年6月29日,二十一層,
RPOPMLOKIILFFBH97CC,7,9.85,共有部分,鋼筋混凝土造,98年6月29日,二十一層,
RPOPMLOKIILFFBH97CC,7,.20,共有部分,鋼筋混凝土造,98年6月29日,二十二層,
RPPQMLOKIILFFBH18CC,25,83.89,住家用,鋼筋混凝土造,80年6月12日,七層,
RPPQMLOKIILFFBH18CC,25,15.89,共有部分,鋼筋混凝土造,80年6月12日,七層,
RPXSMLOKIILFFAH09CC,22,76.55,住家用,鋼筋混凝土造,84年1月20日,十六層,
RPXSMLOKIILFFAH09CC,22,12.36,共有部份,鋼筋混凝土造,84年1月20日,十六層,
RPXSMLOKIILFFAH09CC,22,16.71,共有部份,鋼筋混凝土造,84年1月20日,十六層,
RPPTMLOKIILFFAH38CC,12,118.60,住家用,鋼筋混凝土造,93年7月23日,十二層,
RPPTMLOKIILFFAH38CC,12,24.14,共有部份,鋼筋混凝土造,93年7月23日,十二層,
RPPTMLOKIILFFAH38CC,12,13.11,共有部份,鋼筋混凝土造,93年7月23日,十二層,
RPUNMLPKIILFFGH98CC,20,110.63,住家用,鋼筋混凝土造,85年7月19日,五層,
RPSOMLRKIILFFFH56EC,2,191.00,住家用,鋼筋混凝土造,103年8月19日,十五層,
RPXNMLOKIILFFGH66DC,18,146.04,見其他登記事項,鋼筋混凝土造,87年12月3日,三層,
RPSNMLRKIILFFAH38CC,22,79.20,住家用,鋼筋混凝土造,84年1月20日,十六層,
RPSNMLRKIILFFAH38CC,22,12.77,共有部分,鋼筋混凝土造,84年1月20日,十六層,
RPSNMLRKIILFFAH38CC,22,17.56,共有部分,鋼筋混凝土造,84年1月20日,十六層,
RPQOMLNKIILFFAH87CC,4,199.81,見其他登記事項,鋼筋混凝土造,101年6月18日,四層,
RPQOMLNKIILFFAH87CC,4,.11,見其他登記事項,鋼筋混凝土造,101年6月18日,四層,
RPUPMLRKIILFFAH78CC,36,116.17,住家用,鋼筋混凝土造,70年1月20日,五層,
RPROMLRKIILFFFH88CC,1,65.69,見其他登記事項,鋼筋混凝土造,105年1月5日,十四層,
RPROMLRKIILFFFH88CC,1,16.53,見其他登記事項,鋼筋混凝土造,105年1月5日,十四層,
RPROMLRKIILFFFH88CC,1,38.58,見其他登記事項,鋼筋混凝土造,105年1月5日,十四層,
RPTNMLRKIILFFCH68CC,21,201.05,住家用,鋼筋混凝土造,84年9月2日,四層,
RPTNMLRKIILFFCH68CC,21,28.36,共有部份,鋼筋混凝土造,84年9月2日,四層,
RPVNMLRKIILFFCH88CC,57,118.68,住家用,加強磚造,48年12月1日,二層,
RPRNMLSKIILFFFH88CC,21,91.62,住家用,鋼筋混凝土造,85年3月12日,八層,
RPRNMLSKIILFFFH88CC,21,19.61,共有部分,鋼筋混凝土造,85年3月12日,八層,
RPQNMLSKIILFFFH78CC,24,81.34,住家用,鋼筋混凝土造,81年12月22日,七層,
RPQNMLSKIILFFFH78CC,24,21.56,共有部分,鋼筋混凝土造,81年12月22日,七層,
RPTOMLSKIILFFBH78CC,22,96.87,住家用,鋼筋混凝土造,83年5月18日,七層,
RPTOMLSKIILFFBH78CC,22,12.02,共有部分,鋼筋混凝土造,83年5月18日,七層,
RPVNMLSKIILFFAH78CC,6,384.79,見其他登記事項,鋼筋混凝土造,99年4月22日,二十五層,
RPXPMLSKIILFFBH66CC,10,83.82,住家用,鋼筋混凝土造,96年3月1日,十五層,
RPXPMLSKIILFFBH66CC,10,16.71,共有部分,鋼筋混凝土造,96年3月1日,十五層,
RPXPMLSKIILFFBH66CC,10,15.69,共有部分,鋼筋混凝土造,96年3月1日,十五層,
RPPRMLSKIILFFAH58CC,22,110.61,住家用,鋼筋混凝土造,83年7月13日,十八層,
RPPRMLSKIILFFAH58CC,22,16.98,共有部份,鋼筋混凝土造,83年7月13日,十七層,
RPUNMLSKIILFFGH66CC,36,103.90,住家用,加強磚造,69年6月28日,二層,
RPUNMLNKIILFFGH88DC,10,55.18,住家用,鋼筋混凝土造,95年7月16日,十三層,
RPUNMLNKIILFFGH88DC,10,3.56,住家用,鋼筋混凝土造,95年7月16日,十三層,
RPUNMLNKIILFFGH88DC,10,11.36,共有部份,鋼筋混凝土造,95年7月16日,十三層,
RPUNMLNKIILFFGH88DC,10,12.07,共有部份,鋼筋混凝土造,95年7月16日,十三層,
RPXNMLNKIILFFGH56DC,3,107.12,住家用,鋼筋混凝土造,102年12月1日,十五層,
RPXNMLNKIILFFGH56DC,3,13.09,住家用,鋼筋混凝土造,102年12月1日,十五層,
RPXNMLNKIILFFGH56DC,3,56.95,共有部份,鋼筋混凝土造,102年12月1日,十五層,
RPVNMLNKIILFFGH98DC,22,72.18,住家用,鋼筋混凝土造,84年2月27日,五層,
RPVNMLNKIILFFGH98DC,22,9.86,住家用,鋼筋混凝土造,84年2月27日,五層,
RPVNMLNKIILFFGH98DC,22,14.62,共有部份,鋼筋混凝土造,84年2月27日,五層,
RPQOMLNKIILFFGH48CC,2,59.26,住家用,鋼筋混凝土造,103年6月3日,十四層,
RPQOMLNKIILFFGH48CC,2,47.39,共有部份,鋼筋混凝土造,103年6月3日,十四層,
RPQOMLNKIILFFGH48CC,2,12.93,共有部份,鋼筋混凝土造,103年6月3日,十四層,
RPROMLSKIILFFEH88CC,21,64.02,住家用,鋼筋混凝土造,84年4月15日,十三層,
RPROMLSKIILFFEH88CC,21,12.99,共有部份,鋼筋混凝土造,84年4月15日,十三層,
RPROMLSKIILFFEH88CC,21,2.22,共有部份,鋼筋混凝土造,84年4月15日,十三層,
RPOOMLSKIILFFEH58CC,20,76.05,商業用,鋼筋混凝土造,85年5月28日,十六層,
RPOOMLSKIILFFEH58CC,20,36.66,共有部份,鋼筋混凝土造,85年5月28日,十六層,
RPOOMLSKIILFFEH58CC,20,1.51,共有部份,鋼筋混凝土造,85年5月28日,十六層,
RPOOMLSKIILFFEH58CC,20,3.45,共有部份,鋼筋混凝土造,85年5月28日,十六層,
RPRRMLSKIILFFAH78CC,12,75.98,見使用執照,鋼筋混凝土造,93年7月12日,四層,
RPWOMLTKIILFFBH56CC,22,31.65,住家用,鋼筋混凝土造,83年6月23日,八層,
RPWOMLTKIILFFBH56CC,22,2.80,共有部分,鋼筋混凝土造,83年6月23日,八層,
RPWOMLTKIILFFBH56CC,22,5.28,共有部分,鋼筋混凝土造,83年6月23日,八層,
RPUOMLSKIILFFEH66DC,22,80.53,住家用,鋼筋混凝土造,83年5月16日,十二層,
RPQNMLNKIILFFGH48DC,3,107.12,住家用,鋼筋混凝土造,102年12月1日,十五層,
RPQNMLNKIILFFGH48DC,3,13.09,住家用,鋼筋混凝土造,102年12月1日,十五層,
RPQNMLNKIILFFGH48DC,3,56.95,共有部份,鋼筋混凝土造,102年12月1日,十五層,
RPPOMLTKIILFFEH78CC,21,52.61,住家用,鋼筋混凝土造,84年12月7日,八層,
RPPOMLTKIILFFEH78CC,21,8.09,共有部份,鋼筋混凝土造,84年12月7日,八層,
RPPOMLTKIILFFEH78CC,21,15.54,共有部份,鋼筋混凝土造,84年12月7日,八層,
RPXOMLTKIILFFBH66CC,42,182.54,住家用,加強磚造,64年3月27日,二層,
RPOQMLTKIILFFAH48CC,15,75.15,住家用,鋼筋混凝土造,90年11月9日,十四層,
RPOQMLTKIILFFAH48CC,15,20.56,共有部份,鋼筋混凝土造,90年11月9日,十四層,
RPOQMLTKIILFFAH48CC,15,8.84,共有部份,鋼筋混凝土造,90年11月9日,十四層,
RPRPMLTKIILFFBH78CC,23,41.27,住家用,鋼筋混凝土造,82年9月8日,十六層,
RPRPMLTKIILFFBH78CC,23,8.19,共有部分,鋼筋混凝土造,82年9月8日,十六層,
RPPOMLTKIILFFGH98CC,24,171.59,住家用,鋼筋混凝土造,82年3月1日,二層,
RPRPMLTKIILFFBH78CC,23,3.59,共有部分,鋼筋混凝土造,82年9月8日,十六層,
RPTPMLTKIILFFAH88CC,29,53.57,見其他登記事項,鋼筋混凝土造,76年5月25日,十層,
RPTPMLTKIILFFAH88CC,29,11.20,共有部份,鋼筋混凝土造,76年5月25日,十層,
RPUPMLTKIILFFBH09CC,27,26.55,住商用,鋼筋混凝土造,78年5月29日,五層,
RPUPMLTKIILFFBH09CC,27,3.08,共有部分,鋼筋混凝土造,78年5月29日,五層,
RPSPMLTKIILFFBH88CC,13,58.53,住家用,鋼筋混凝土造,92年10月24日,十層,
RPSPMLTKIILFFBH88CC,13,7.89,共有部分,鋼筋混凝土造,92年10月24日,十層,
RPSPMLTKIILFFBH88CC,13,12.21,共有部分,鋼筋混凝土造,92年10月24日,十層,
RPVPMLTKIILFFBH56CC,14,77.79,住家用,鋼筋混凝土造,91年5月16日,十二層,
RPVPMLTKIILFFBH56CC,14,13.18,共有部分,鋼筋混凝土造,91年5月16日,十二層,
RPVPMLTKIILFFBH56CC,17,45.02,住家用,鋼筋混凝土造,89年3月2日,十九層,
RPUNMLKLIILFFBH08CC,20,75.83,住家用,鋼筋混凝土造,85年12月6日,六層,
RPUNMLKLIILFFBH08CC,20,41.03,共有部分,鋼筋混凝土造,85年12月6日,六層,
RPSNMLKLIILFFDH08CC,41,94.72,住家用,加強磚造,65年1月23日,二層,
RPVNMLKLIILFFBH18CC,23,26.92,住家用,鋼筋混凝土造,82年12月3日,七層,
RPVNMLKLIILFFBH18CC,23,1.69,共有部分,鋼筋混凝土造,82年12月3日,七層,
RPVNMLKLIILFFBH18CC,23,5.09,共有部分,鋼筋混凝土造,82年12月3日,七層,
RPQNMLKLIILFFGH18CC,15,78.46,見其他登記事項,鋼筋混凝土造,90年6月4日,五層,
RPTOMLKLIILFFEH38CC,11,74.84,住家用,鋼筋混凝土造,95年3月16日,十二層,
RPTOMLKLIILFFEH38CC,11,15.16,共有部份,鋼筋混凝土造,95年3月16日,十二層,
RPTOMLKLIILFFEH38CC,11,10.01,共有部份,鋼筋混凝土造,95年3月16日,十二層,
RPXOMLKLIILFFAH38CC,3,86.97,住家用,鋼筋混凝土造,102年10月23日,十九層,
RPXOMLKLIILFFAH38CC,3,65.90,見其他登記事項,鋼筋混凝土造,102年10月23日,十九層,
RPVPMLTKIILFFAH09CC,23,67.19,住家用,鋼筋混凝土造,82年12月30日,六層,
RPVPMLTKIILFFAH09CC,23,31.58,共有部份,鋼筋混凝土造,82年12月30日,六層,
RPUNMLKLIILFFGH58CC,20,72.62,住家用,鋼筋混凝土造,85年11月25日,七層,
RPUNMLKLIILFFGH58CC,20,36.02,共有部份,鋼筋混凝土造,85年11月25日,七層,
RPUNMLKLIILFFGH58CC,20,8.24,共有部份,鋼筋混凝土造,85年11月25日,七層,
RPVNMLLLIILFFGH88DC,2,70.35,住家用,鋼筋混凝土造,103年9月24日,七層,
RPUPMLLLIILFFAH28CC,21,75.02,見其他登記事項,鋼筋混凝土造,84年4月14日,十七層,
RPUPMLLLIILFFAH28CC,21,4.01,共有部分,鋼筋混凝土造,84年4月14日,十七層,
RPUPMLLLIILFFAH28CC,21,5.05,共有部分,鋼筋混凝土造,84年4月14日,十七層,
RPUNMLLLIILFFDH38CC,15,273.49,見其他登記事項,鋼筋混凝土造,90年5月10日,四層,
RPTNMLLLIILFFFH48CC,23,70.34,住家用,鋼筋混凝土造,82年6月28日,七層,
RPTNMLLLIILFFFH48CC,23,3.58,共有部分,鋼筋混凝土造,82年6月28日,七層,
RPTNMLLLIILFFFH48CC,23,14.97,共有部分,鋼筋混凝土造,82年6月28日,七層,
RPXNMLLLIILFFBH48CC,10,26.88,見其他登記事項,鋼筋混凝土造,95年4月26日,四層,
RPUNMLLLIILFFFH58CC,35,26.56,住家用,加強磚造,70年10月8日,四層,
RPVNMLLLIILFFFH68CC,36,78.42,住家用,鋼筋混凝土造,69年9月24日,五層,
RPPNMLMLIILFFFH18CC,21,81.62,住家用,鋼筋混凝土造,85年3月12日,八層,
RPPNMLMLIILFFFH18CC,21,18.05,共有部份,鋼筋混凝土造,85年3月12日,八層,
RPOOMLLLIILFFBH67CC,19,24.38,住家用,鋼筋混凝土造,86年10月13日,十八層,
RPOOMLLLIILFFBH67CC,19,8.62,共有部分,鋼筋混凝土造,86年10月13日,十八層,
RPOOMLLLIILFFBH67CC,19,5.11,共有部分,鋼筋混凝土造,86年10月13日,十八層,
RPSNMLOLIILFFFH68CC,21,95.59,住家用,鋼筋混凝土造,85年3月12日,八層,
RPSNMLOLIILFFFH68CC,21,20.51,共有部份,鋼筋混凝土造,85年3月12日,八層,
RPSNMLOLIILFFFH68CC,21,5.49,見其他登記事項,鋼筋混凝土造,85年3月12日,八層,
RPWPMLLLIILFFAH48CC,9,111.42,住家用,鋼筋混凝土造,97年3月31日,十四層,
RPWPMLLLIILFFAH48CC,9,71.39,共有部分,鋼筋混凝土造,97年3月31日,十四層,
RPPOMLOLIILFFFH48CC,36,118.72,住家用,加強磚造,69年12月30日,二層,
RPTNMLOLIILFFAH28CC,37,69.75,住家用,鋼筋混凝土造,68年7月16日,四層,
RPSPMLOLIILFFAH38CC,25,51.00,住家用,鋼筋混凝土造,81年3月25日,五層,
RPTPMLOLIILFFAH48CC,2,62.17,住家用,鋼筋混凝土造,103年6月10日,十三層,
RPTPMLOLIILFFAH48CC,2,27.64,見其他登記事項,鋼筋混凝土造,103年6月10日,十四層,
RPTNMLKLIILFFBH97CC,19,52.52,住家用,鋼筋混凝土造,86年10月2日,十層,
RPTNMLKLIILFFBH97CC,19,43.10,共有部分,鋼筋混凝土造,86年10月2日,十層,
RPTNMLKLIILFFBH97CC,19,2.82,共有部分,鋼筋混凝土造,86年10月2日,十層,
RPTNMLKLIILFFBH97CC,19,6.68,共有部分,鋼筋混凝土造,86年10月2日,十層,
RPUNMLOLIILFFFH09EC,1,130.24,住家用,鋼筋混凝土造,104年6月17日,二十四層,
RPRQMLPLIILFFAH58DC,4,104.79,住家用,鋼筋混凝土造,101年10月19日,十三層,
RPRQMLPLIILFFAH58DC,4,28.03,見其他登記事項,鋼筋混凝土造,101年10月19日,十三層,
RPRQMLPLIILFFAH58DC,4,13.64,見其他登記事項,鋼筋混凝土造,101年10月19日,十三層,
RPVNMLPLIILFFFH56DC,8,83.53,住家用,鋼筋混凝土造,97年9月19日,十層,
RPVNMLPLIILFFFH56DC,8,32.28,共有部份,鋼筋混凝土造,97年9月19日,十層,
RPVNMLPLIILFFFH56DC,8,4.03,共有部份,鋼筋混凝土造,97年9月19日,十層,
RPSNMLQLIILFFFH98DC,1,65.55,見其他登記事項,鋼筋混凝土造,105年1月5日,十四層,
RPSNMLQLIILFFFH98DC,1,16.53,見其他登記事項,鋼筋混凝土造,105年1月5日,十四層,
RPSNMLQLIILFFFH98DC,1,36.55,見其他登記事項,鋼筋混凝土造,105年1月5日,十四層,
RPXNMLQLIILFFFH86DC,11,62.01,住家用,鋼筋混凝土造,94年11月5日,十層,
RPXNMLQLIILFFFH86DC,11,21.98,共有部分,鋼筋混凝土造,94年11月5日,十層,
RPQNMLQLIILFFEH68DC,21,76.23,工業用,鋼筋混凝土造,84年5月18日,十層,
RPQNMLQLIILFFEH68DC,21,17.16,共有部份,鋼筋混凝土造,84年5月18日,十層,
RPQNMLQLIILFFEH68DC,21,14.11,共有部份,鋼筋混凝土造,84年5月18日,十層,
RPRSMLQLIILFFBH98DC,3,111.46,見其他登記事項,鋼筋混凝土造,102年8月5日,十五層,
RPSQMLQLIILFFBH88DC,25,134.54,見其他登記事項,鋼筋混凝土造,81年3月14日,十二層,
RPSQMLQLIILFFBH88DC,25,118.39,見其他登記事項,鋼筋混凝土造,81年3月14日,十二層,
RPUPMLQLIILFFAH78CC,6,95.05,住家用,鋼筋混凝土造,100年3月1日,十二層,
RPSNMLRLIILFFCH68CC,20,263.01,住商用,鋼筋混凝土造,86年1月30日,四層,
RPSNMLRLIILFFCH68CC,20,33.54,共有部分,鋼筋混凝土造,86年1月30日,五層,
RPSNMLRLIILFFCH68CC,20,.12,共有部分,鋼筋混凝土造,86年1月30日,一層,
RPSNMLRLIILFFCH68CC,19,.07,見其他登記事項,鋼筋混凝土造,86年6月26日,十八層,
RPSNMLRLIILFFCH68CC,19,.00,共有部分,鋼筋混凝土造,86年6月26日,一層,
RPSNMLRLIILFFCH68CC,19,.05,見其他登記事項,鋼筋混凝土造,86年6月26日,十五層,
RPSNMLRLIILFFCH68CC,20,7.81,見其他登記事項,鋼筋混凝土造,86年1月30日,十四層,
RPSNMLRLIILFFCH68CC,20,.73,共有部分,鋼筋混凝土造,86年1月30日,十八層,
RPUNMLOLIILFFCH58CC,12,219.77,見其他登記事項,鋼筋混凝土造,93年8月11日,四層,
RPVNMLOLIILFFCH68CC,27,93.14,住家用,鋼筋混凝土造,78年12月7日,四層,
RPQNMLRLIILFFFH78CC,11,115.29,住商用,鋼筋混凝土造,94年9月5日,十層,
RPQPMLRLIILFFBH78EC,36,78.07,住家用,加強磚造,69年6月20日,二層,
RPQNMLRLIILFFEH68CC,18,152.48,住家用,鋼筋混凝土造,87年5月15日,十二層,
RPPNMLLMIILFFFH28DC,17,81.78,住家用,鋼筋混凝土造,88年11月25日,十三層,
RPPNMLLMIILFFFH28DC,17,10.22,住家用,鋼筋混凝土造,88年11月25日,十三層,
RPPNMLLMIILFFFH28DC,17,18.95,共有部分,鋼筋混凝土造,88年11月25日,十三層,
RPPNMLLMIILFFFH28DC,17,23.45,共有部分,鋼筋混凝土造,88年11月25日,十三層,
RPOPMLRLIILFFBH48DC,1,141.34,商業用,鋼筋混凝土造,104年12月20日,十三層,
RPTOMLRLIILFFEH56DC,8,327.79,見其他登記事項,鋼筋混凝土造,97年8月22日,四層,
RPTOMLRLIILFFEH56DC,8,41.34,共有部份,鋼筋混凝土造,97年8月22日,四層,
RPUOMLRLIILFFCH09DC,9,63.42,見其他登記事項,鋼筋混凝土造,96年7月5日,十二層,
RPUOMLRLIILFFCH09DC,9,11.38,見其他登記事項,鋼筋混凝土造,96年7月5日,十二層,
RPUOMLRLIILFFCH09DC,9,11.04,見其他登記事項,鋼筋混凝土造,96年7月5日,十二層,
RPWOMLRLIILFFEH86DC,13,132.71,住家用,鋼筋混凝土造,93年3月25日,十四層,
RPPPMLRLIILFFBH58DC,1,141.34,商業用,鋼筋混凝土造,104年12月20日,十三層,
RPQNMLLMIILFFFH38DC,17,85.65,住家用,鋼筋混凝土造,88年11月25日,十三層,
RPQNMLLMIILFFFH38DC,17,10.22,住家用,鋼筋混凝土造,88年11月25日,十三層,
RPQNMLLMIILFFFH38DC,17,19.70,共有部分,鋼筋混凝土造,88年11月25日,十三層,
RPQNMLLMIILFFFH38DC,17,24.39,共有部分,鋼筋混凝土造,88年11月25日,十三層,
RPTNMLLMIILFFFH58CC,20,64.89,住家用,鋼筋混凝土造,85年10月1日,十二層,
RPTNMLLMIILFFFH58CC,20,10.47,共有部分,鋼筋混凝土造,85年10月1日,十二層,
RPTNMLLMIILFFFH58CC,20,12.82,共有部分,鋼筋混凝土造,85年10月1日,十二層,
RPTPMLLMIILFFAH28CC,21,1199.50,見其他登記事項,鋼筋混凝土造,84年6月26日,十七層,
