﻿編號,土地區段位置,土地移轉面積平方公尺,使用分區或編定
The serial number,land sector position,land shifting area square meter,the use zoning or compiles and checks
RPVOMLTKQHLFFAI07DA,短竹段,1.00,都市：其他
RPRNMLPJQHLFFAI58CA,溪東段,2057.65,都市：農
RPPOMLTJQHLFFAI88CA,東川段,22.62,都市：住
RPRNMLPLQHLFFAI78CA,盧東段,4.75,都市：住
RPTNMLSJQHLFFAI09CA,車店段,14.11,都市：住
RPTNMLSJQHLFFAI09CA,車店段,.95,都市：住
RPTNMLSJQHLFFAI09CA,車店段,3.24,都市：住
RPXOMLTKQHLFFAI27DA,短竹段,71.00,都市：其他
RPTNMLOKQHLFFAI78CA,下路頭段,8.70,都市：住
RPOPMLTKQHLFFAI09DA,短竹段,3.00,都市：其他
RPPPMLTKQHLFFAI56DA,短竹段,4.00,都市：其他
RPWOMLTKQHLFFAI17DA,短竹段,47.00,都市：其他
RPRNMLOKQHLFFAI58CA,港子坪段港坪小段,27.34,都市：住
RPQPMLTKQHLFFAI66DA,短竹段,7.00,都市：其他
RPQPMLTKQHLFFAI66DA,短竹段,51.00,都市：其他
RPOPMLQLQHLFFAI88DA,竹圍子段,8.00,都市：其他
RPOPMLQLQHLFFAI88DA,竹圍子段,70.00,都市：其他
RPPPMLQLQHLFFAI98DA,中山段四小段,50.80,都市：其他
RPPPMLQLQHLFFAI98DA,竹圍子段,53.73,都市：其他
RPSOMLLKQHLFFAI48CA,車店段車店小段,100.00,都市：住
RPTNMLKMQHLFFAI58CA,車店段車店小段,87.00,都市：其他
RPRNMLKMQHLFFAI38CA,後庄段,413.42,都市：住
RPRNMLQKQHLFFAI98EA,港子坪段,22.60,都市：住
RPPOMLLKQHLFFAI18CA,育人段,94.41,都市：農
RPPOMLLKQHLFFAI18CA,育人段,1009.84,都市：農
RPXNMLOJQHLFFAI66EA,後庄段,111.00,都市：住
RPXNMLOJQHLFFAI66EA,後庄段,.19,都市：住
RPSNMLSKQHLFFAI09CA,埤子頭段,11.56,都市：住
RPPNMLNJQHLFFAI38EA,埤子頭段,14.56,都市：住
RPXNMLPKQHLFFAI66CA,盧東段,175.14,都市：其他
RPXNMLPKQHLFFAI66CA,盧東段,27.60,都市：其他
RPSNMLPJQHLFFAI68CA,下埤段,1940.57,都市：農
RPQNMLPJQHLFFAI48CA,盧厝段,15.75,都市：住
RPSNMLOJQHLFFAI58CA,彌陀段,10.61,都市：住
RPRNMLLKQHLFFAI28CA,北社尾段,118.00,都市：住
RPPOMLQKQHLFFAI68CA,後庄段,79.00,都市：住
RPQNMLTKQHLFFAI98CA,竹圍子段,13.52,都市：住
RPQOMLKKQHLFFAI18CA,後庄段,52.00,都市：商
RPWNMLKKQHLFFAI68CA,湖內段,123.00,都市：住
RPWQMLLLQHLFFAI56CA,遠東段,15.19,都市：住
RPXQMLLLQHLFFAI66CA,遠東段,18.93,都市：住
RPVNMLPJQHLFFAI98CA,西門段四小段,4.62,都市：商
RPVNMLPJQHLFFAI98CA,西門段四小段,.05,都市：商
RPVNMLPJQHLFFAI98CA,西門段四小段,2.01,都市：商
RPORMLLLQHLFFAI48CA,遠東段,18.20,都市：住
RPXNMLNJQHLFFAI98CA,白川段,34.83,都市：住
RPPRMLLLQHLFFAI58CA,遠東段,24.68,都市：住
RPQRMLLLQHLFFAI68CA,遠東段,19.76,都市：住
RPRRMLLLQHLFFAI78CA,遠東段,14.68,都市：住
RPSRMLLLQHLFFAI88CA,遠東段,18.42,都市：住
RPSNMLKMQHLFFAI48CA,盧厝段,21.93,都市：住
RPVNMLLKQHLFFAI68CA,同興段,76.00,都市：住
RPVNMLLKQHLFFAI68CA,同興段,66.00,都市：住
RPWNMLPJQHLFFAI09CA,劉厝段劉厝小段,346.06,都市：農
RPWNMLPJQHLFFAI09CA,劉厝段劉厝小段,528.94,都市：農
RPWNMLLKQHLFFAI78CA,同興段,38.50,都市：住
RPWNMLLKQHLFFAI78CA,同興段,91.00,都市：住
RPWNMLLKQHLFFAI78CA,同興段,101.00,都市：住
RPSNMLLMQHLFFAI58CA,湖內段,19.04,都市：商
RPPNMLPJQHLFFAI58EA,盧厝段,14.00,都市：其他
RPPNMLPJQHLFFAI58EA,盧厝段,15.19,都市：其他
RPVNMLSKQHLFFAI76CA,下路頭段,58.00,都市：住
RPVNMLTJQHLFFAI96EA,堀川段,117.00,都市：住
RPUNMLMKQHLFFAI68CA,湖子內段湖內小段,2425.00,都市：農
RPVNMLPLQHLFFAI76EA,頂庄段,4.00,都市：住
RPVNMLPLQHLFFAI76EA,頂庄段,13.00,都市：住
RPPNMLQJQHLFFAI48CA,港子坪段,196.00,都市：住
RPUNMLTJQHLFFAI66CA,軍輝段,4.84,都市：住
RPPNMLTJQHLFFAI78CA,軍輝段,73.00,都市：住
RPQOMLPLQHLFFAI78CA,車店段車店小段,111.00,都市：住
RPRNMLTJQHLFFAI98CA,南門段五小段,9.97,都市：商
RPRNMLTJQHLFFAI98CA,南門段五小段,3.73,都市：住
RPRNMLTJQHLFFAI98CA,南門段五小段,.49,都市：住
RPXOMLQKQHLFFAI86CA,劉厝段玉山小段,987.23,都市：住
RPOOMLPKQHLFFAI48CA,盧厝段,18.10,都市：住
RPWOMLSKQHLFFAI96CA,軍輝段,29.29,都市：住
RPWOMLSKQHLFFAI96CA,軍輝段,29.29,都市：住
RPTNMLTJQHLFFAI76EA,北園段,51.00,都市：農
RPQNMLRLQHLFFAI88CA,北社尾段保安小段,98.00,都市：住
RPQNMLTJQHLFFAI88CA,遠東段,6.53,都市：住
RPTNMLMKQHLFFAI78EA,下路頭段,32.00,都市：住
RPXNMLKKQHLFFAI98EA,白川段,16.00,都市：住
RPTNMLQLQHLFFAI66EA,下路頭段,15.29,都市：住
RPOOMLNLQHLFFAI38CA,南門段五小段,9.97,都市：商
RPOOMLNLQHLFFAI38CA,南門段五小段,3.73,都市：商
RPOOMLNLQHLFFAI38CA,南門段五小段,.49,都市：商
RPQNMLPLQHLFFAI68CA,盧東段,834.89,都市：住
RPSOMLKKQHLFFAI38CA,北湖段,501.80,都市：農
RPWOMLMLQHLFFAI09CA,遠東段,21.61,都市：住
RPVOMLMLQHLFFAI98CA,遠東段,19.04,都市：住
RPUOMLMLQHLFFAI88CA,遠東段,19.04,都市：住
RPXOMLMLQHLFFAI56CA,遠東段,21.61,都市：住
RPQNMLRKQHLFFAI78CA,盧厝段,252.00,都市：農
RPUNMLKKQHLFFAI48CA,元段六小段,225.00,都市：商
RPUNMLKKQHLFFAI48CA,元段六小段,405.00,都市：商
RPUNMLKKQHLFFAI48CA,元段六小段,73.00,都市：商
RPUNMLKKQHLFFAI48CA,元段六小段,154.00,都市：商
RPUNMLKKQHLFFAI48CA,元段六小段,203.00,都市：商
RPPNMLPKQHLFFAI48CA,港子坪段港坪小段,18.51,都市：住
RPPNMLPKQHLFFAI48CA,港子坪段港坪小段,5.21,都市：住
RPQNMLLKQHLFFAI18CA,車店段車店小段,5.93,都市：住
RPVNMLMKQHLFFAI78CA,下路頭段,7.61,都市：住
RPQOMLPJRHLFFAI68CA,盧東段,125.61,都市：其他
RPOOMLQKQHLFFAI58CA,港子坪段港坪小段,11.68,都市：住
RPOOMLQKQHLFFAI58CA,港子坪段港坪小段,7.81,都市：住
RPOOMLQKQHLFFAI58CA,港子坪段港坪小段,7.81,都市：住
RPVOMLLKQHLFFAI78CA,下路頭段,4.79,都市：住
RPVOMLLKQHLFFAI78CA,下路頭段,9.80,都市：住
RPVOMLLKQHLFFAI78CA,湖內段,.32,都市：住
RPVOMLLKQHLFFAI78CA,湖內段,3.36,都市：住
RPVOMLLKQHLFFAI78CA,湖內段,4.92,都市：住
RPROMLPJRHLFFAI78CA,北社尾段保安小段,134.00,都市：住
RPTNMLSKQHLFFAI56CA,下路頭段,12.00,都市：住
RPTNMLSKQHLFFAI56CA,下路頭段,57.00,都市：住
RPTOMLKKQHLFFAI48CA,下路頭段,74.00,都市：住
RPQOMLOLQHLFFAI68CA,埤子頭段,5.82,都市：住
RPPPMLMLQHLFFAI48CA,遠東段,21.83,都市：住
RPSNMLLKQHLFFAI38CA,車店段車店小段,32.22,都市：住
RPWNMLSKQHLFFAI86CA,下路頭段,10.88,都市：住
RPOPMLMLQHLFFAI38CA,遠東段,16.25,都市：住
RPQPMLQLQHLFFAI98CA,短竹段,4.64,都市：住
RPVNMLMKQHLFFAI98EA,民族段五小段,22.00,都市：住
RPVNMLMKQHLFFAI98EA,民族段五小段,40.00,都市：住
RPVNMLMKQHLFFAI98EA,民族段五小段,32.00,都市：住
RPVNMLMKQHLFFAI98EA,民族段五小段,60.00,都市：住
RPVNMLMKQHLFFAI98EA,民族段五小段,1.00,都市：住
RPVNMLMKQHLFFAI98EA,民族段五小段,99.00,都市：住
RPWNMLMKQHLFFAI09EA,民族段五小段,37.00,都市：住
RPWNMLMKQHLFFAI09EA,民族段五小段,7.00,都市：住
RPOQMLTKQHLFFAI09CA,白川段,41.00,都市：住
RPOQMLTKQHLFFAI09CA,白川段,17.00,都市：住
RPUNMLLKQHLFFAI78EA,劉厝段玉山小段,109.22,都市：住
RPROMLQKQHLFFAI88CA,盧厝段,121.00,都市：農
RPUNMLMLQHLFFAI78CA,北社尾段保安小段,9.43,都市：其他
RPTOMLMLQHLFFAI78CA,西門段六小段,5.43,都市：住
RPTOMLMLQHLFFAI78CA,西門段六小段,9.31,都市：住
RPWNMLQKQHLFFAI66CA,同興段,10.00,都市：住
RPPNMLMKQHLFFAI18CA,竹圍子段二小段,114.00,都市：住
RPQNMLOLQHLFFAI58CA,北社尾段保安小段,94.00,都市：住
RPWPMLTKQHLFFAI17CA,民族段五小段,20.00,都市：住
RPWPMLTKQHLFFAI17CA,民族段五小段,29.00,都市：住
RPWPMLTKQHLFFAI17CA,民族段五小段,1.00,都市：住
RPXNMLQKQHLFFAI76CA,同興段,6.00,都市：住
RPXNMLQKQHLFFAI76CA,同興段,7.00,都市：住
RPXNMLQKQHLFFAI76CA,同興段,6.00,都市：住
RPQNMLMKQHLFFAI28CA,港子坪段港坪小段,22.19,都市：住
RPTNMLTKQHLFFAI66CA,後庄段,32.00,都市：住
RPPPMLSKQHLFFAI98CA,北園段,78.00,都市：住
RPWNMLLMQHLFFAI98CA,車店段,29.46,都市：住
RPQNMLPJRHLFFAI58CA,劉厝段劉厝小段,4.96,都市：住
RPOOMLPJRHLFFAI48CA,短竹段,62.00,都市：住
RPOOMLSJRHLFFAI78CA,下路頭段,71.00,都市：住
RPXNMLSJRHLFFAI96CA,盧厝段,31.17,都市：住
RPXNMLRKQHLFFAI86CA,太平段,14.48,都市：住
RPXOMLSJRHLFFAI07CA,大溪厝段,69.00,都市：住
RPXOMLSJRHLFFAI07CA,大溪厝段,16.95,都市：住
RPTOMLRKQHLFFAI56CA,盧厝段,49.30,都市：住
RPXNMLLMQHLFFAI09CA,台斗坑段,1.68,都市：住
RPXNMLLMQHLFFAI09CA,台斗坑段,100.00,都市：住
RPOOMLLMQHLFFAI28CA,劉厝段玉山小段,17.06,都市：住
RPOOMLLMQHLFFAI28CA,劉厝段玉山小段,53.75,都市：住
RPOOMLLMQHLFFAI28CA,劉厝段玉山小段,6.45,都市：住
RPTOMLQKQHLFFAI66EA,劉厝段,9.33,都市：住
RPTOMLQKQHLFFAI66EA,劉厝段,737.67,都市：住
RPTOMLQKQHLFFAI66EA,劉厝段,46.00,都市：住
RPTOMLQKQHLFFAI66EA,劉厝段,223.00,都市：其他
RPTOMLQKQHLFFAI66EA,劉厝段,33.67,都市：住
RPTOMLQKQHLFFAI66EA,劉厝段,31.33,都市：住
RPTOMLQKQHLFFAI66EA,劉厝段,8.67,都市：其他
RPROMLMLQHLFFAI58CA,劉厝段劉厝小段,25.00,都市：住
RPSOMLPLQHLFFAI98CA,港子坪段港坪小段,19.32,都市：住
RPVNMLPKQHLFFAI09CA,竹圍子段,162.00,都市：住
RPPOMLLMQHLFFAI38CA,何庄段,1424.78,都市：農
RPPNMLNLQHLFFAI38CA,短竹段,9.89,都市：住
RPPNMLNLQHLFFAI38CA,短竹段,.63,都市：住
RPPOMLMLQHLFFAI38CA,埤子頭段,14.56,都市：住
RPRNMLSKQHLFFAI98CA,育人段,26.08,都市：農
RPRNMLSKQHLFFAI98CA,育人段,42.76,都市：住
RPTNMLRKQHLFFAI09CA,劉厝段玉山小段,133.22,都市：住
RPUOMLLMQHLFFAI88CA,下路頭段,132.00,都市：住
RPVNMLTKQHLFFAI86CA,興村段,2.60,都市：住
RPVNMLTKQHLFFAI86CA,興村段,15.70,都市：住
RPTPMLSJRHLFFAI76CA,竹圍子段,4.50,都市：住
RPTPMLSJRHLFFAI76CA,竹圍子段,86.00,都市：住
RPTPMLSJRHLFFAI76CA,竹圍子段,16.06,都市：住
RPTPMLSJRHLFFAI76CA,竹圍子段,1.25,都市：住
RPVPMLSJRHLFFAI96CA,竹圍子段,103.00,都市：住
RPVPMLSJRHLFFAI96CA,竹圍子段,20.58,都市：住
RPVPMLSJRHLFFAI96CA,竹圍子段,1.25,都市：住
RPWPMLSJRHLFFAI07CA,竹圍子段,17.05,都市：住
RPWPMLSJRHLFFAI07CA,竹圍子段,91.00,都市：住
RPWPMLSJRHLFFAI07CA,竹圍子段,5.00,都市：住
RPWPMLSJRHLFFAI07CA,竹圍子段,5.00,都市：住
RPXPMLSJRHLFFAI17CA,竹圍子段,87.00,都市：住
RPXPMLSJRHLFFAI17CA,竹圍子段,15.58,都市：住
RPXPMLSJRHLFFAI17CA,竹圍子段,5.00,都市：住
RPXPMLSJRHLFFAI17CA,竹圍子段,1.25,都市：住
RPXPMLSJRHLFFAI17CA,竹圍子段,1.00,都市：住
RPVNMLRKQHLFFAI66CA,東門段七小段,42.00,都市：住
RPTOMLLMQHLFFAI78CA,後庄段,90.00,都市：住
RPWNMLMKRHLFFAI98CA,盧厝段,150.00,都市：住
RPWNMLMKRHLFFAI98CA,盧厝段,30.00,都市：住
RPOPMLSKQHLFFAI88CA,遠東段,17.73,都市：住
RPSNMLLJRHLFFAI38CA,興村段,147.00,都市：商
RPUOMLMKRHLFFAI88CA,下路頭段,91.00,都市：住
RPSNMLLJRHLFFAI38CA,興村段,8.00,都市：商
RPUPMLSJRHLFFAI86CA,竹圍子段,18.58,都市：住
RPUPMLSJRHLFFAI86CA,竹圍子段,4.00,都市：住
RPUPMLSJRHLFFAI86CA,竹圍子段,97.00,都市：住
RPUNMLSKQHLFFAI66CA,短竹段,14.64,都市：住
RPPOMLNLQHLFFAI48CA,盧厝段,.01,都市：住
RPPOMLNLQHLFFAI48CA,盧厝段,.20,都市：住
RPPOMLNLQHLFFAI48CA,盧厝段,.80,都市：住
RPPOMLNLQHLFFAI48CA,長竹段,82.00,都市：住
RPPOMLNLQHLFFAI48CA,盧厝段,.01,都市：住
RPPOMLNLQHLFFAI48CA,盧厝段,.01,都市：住
RPPOMLNLQHLFFAI48CA,盧厝段,85.00,都市：住
RPPOMLNLQHLFFAI48CA,盧厝段,.00,都市：住
RPPOMLNLQHLFFAI48CA,盧厝段,12.00,都市：住
RPPOMLNLQHLFFAI48CA,盧厝段,20.57,都市：住
RPPOMLNLQHLFFAI48CA,盧厝段,.01,都市：住
RPPOMLNLQHLFFAI48CA,盧厝段,.00,都市：住
RPPOMLNLQHLFFAI48CA,盧厝段,3.00,都市：住
RPVOMLSKQHLFFAI07EA,湖子內段興安小段,198.35,都市：住
RPOOMLMLQHLFFAI48EA,劉厝段劉厝小段,69.00,都市：工
RPVNMLOLQHLFFAI09CA,台斗坑段,21.86,都市：住
RPVNMLOLQHLFFAI09CA,台斗坑段,.01,都市：其他
RPPOMLPLQHLFFAI68CA,竹圍子段,13.14,都市：住
RPTNMLMLQHLFFAI88EA,下路頭段,80.00,都市：住
RPTPMLTKQHLFFAI86CA,盧厝段,.01,都市：住
RPTPMLTKQHLFFAI86CA,盧厝段,.01,都市：住
RPTPMLTKQHLFFAI86CA,盧厝段,.00,都市：住
RPTPMLTKQHLFFAI86CA,盧厝段,.00,都市：住
RPTPMLTKQHLFFAI86CA,盧厝段,20.62,都市：住
RPTPMLTKQHLFFAI86CA,盧厝段,.01,都市：住
RPTPMLTKQHLFFAI86CA,盧厝段,24.99,都市：住
RPTPMLTKQHLFFAI86CA,盧厝段,3.00,都市：住
RPTPMLTKQHLFFAI86CA,盧厝段,96.96,都市：住
RPTPMLTKQHLFFAI86CA,盧厝段,.20,都市：住
RPTPMLTKQHLFFAI86CA,盧厝段,.80,都市：住
RPTPMLTKQHLFFAI86CA,長竹段,41.00,都市：住
RPVNMLMLQHLFFAI98DA,山下段,.50,都市：住
RPVNMLMLQHLFFAI98DA,山下段,6.12,都市：住
RPSOMLMLQHLFFAI68CA,長竹段,96.00,都市：住
RPVNMLNLQHLFFAI98CA,彌陀段,236.00,都市：住
RPUPMLTKQHLFFAI96CA,湖子內段興安小段,284.73,都市：住
RPSNMLMLQHLFFAI58CA,南門段五小段,13.16,都市：商
RPSPMLTKQHLFFAI76CA,盧厝段,.01,都市：住
RPSPMLTKQHLFFAI76CA,盧厝段,1.00,都市：住
RPSPMLTKQHLFFAI76CA,盧厝段,117.95,都市：住
RPSPMLTKQHLFFAI76CA,盧厝段,.00,都市：住
RPSNMLMLQHLFFAI58CA,南門段五小段,4.93,都市：商
RPSPMLTKQHLFFAI76CA,盧厝段,.00,都市：住
RPSPMLTKQHLFFAI76CA,盧厝段,20.62,都市：住
RPSPMLTKQHLFFAI76CA,盧厝段,.01,都市：住
RPSPMLTKQHLFFAI76CA,盧厝段,.00,都市：住
RPSPMLTKQHLFFAI76CA,盧厝段,3.00,都市：住
RPSPMLTKQHLFFAI76CA,盧厝段,.01,都市：住
RPSNMLMLQHLFFAI58CA,南門段五小段,.64,都市：商
RPSPMLTKQHLFFAI76CA,盧厝段,.20,都市：住
RPSPMLTKQHLFFAI76CA,盧厝段,.80,都市：住
RPWNMLMLQHLFFAI98CA,湖內段,15.56,都市：住
RPSNMLNLQHLFFAI68CA,西門段五小段,69.00,都市：商
RPOOMLMKRHLFFAI28CA,盧東段,64.04,都市：其他
RPOOMLMKRHLFFAI28CA,盧東段,3.20,都市：住
RPOOMLMKRHLFFAI28CA,盧東段,3.93,都市：住
RPOOMLMKRHLFFAI28CA,盧東段,.14,都市：住
RPOOMLMKRHLFFAI28CA,盧東段,140.97,都市：住
RPXNMLMKRHLFFAI09CA,劉厝段劉厝小段,13.72,都市：住
RPXNMLMKRHLFFAI09CA,劉厝段劉厝小段,.51,都市：住
RPXNMLMKRHLFFAI09CA,劉厝段劉厝小段,4.30,都市：住
RPPOMLKMQHLFFAI28CA,埤子頭段新厝小段,102.00,都市：住
RPPOMLKMQHLFFAI28CA,埤子頭段新厝小段,9.00,都市：住
RPTNMLLJRHLFFAI48CA,北門段七小段,59.20,都市：住
RPPNMLOKRHLFFAI48CA,台斗坑段,14.00,都市：住
RPRPMLSJRHLFFAI56CA,埤子頭段,25.00,都市：住
RPWNMLTKQHLFFAI96CA,短竹段,11.09,都市：住
RPUNMLNLQHLFFAI88CA,西門段五小段,64.00,都市：商
RPSNMLTKQHLFFAI76EA,湖子內段興安小段,32.70,都市：住
RPXNMLTLQHLFFAI27DA,北園段,.23,都市：住
RPXNMLTLQHLFFAI27DA,北園段,80.00,都市：住
RPTNMLOLQHLFFAI88CA,台斗坑段,24.54,都市：住
RPTNMLOLQHLFFAI88CA,台斗坑段,.01,都市：其他
RPVPMLTKQHLFFAI27EA,白川段,61.00,都市：住
RPPOMLOLQHLFFAI58CA,白川段,34.88,都市：住
RPXNMLNLQHLFFAI56CA,北社尾段保安小段,160.00,都市：住
RPUNMLOLQHLFFAI98CA,興村段,13.53,都市：商
RPRNMLNLQHLFFAI68DA,埤子頭段,80.00,都市：住
RPVNMLQLQHLFFAI66CA,遠東段,21.61,都市：住
RPXNMLMLQHLFFAI09CA,車店段車店小段,49.00,都市：住
RPXNMLMLQHLFFAI09CA,車店段車店小段,49.00,都市：住
RPRNMLTLQHLFFAI56CA,湖內段,115.00,都市：住
RPRNMLTLQHLFFAI56CA,湖內段,4.00,都市：住
RPPNMLOLQHLFFAI48CA,下路頭段,7.07,都市：住
RPTNMLQLQHLFFAI09CA,遠東段,22.00,都市：住
RPUNMLQLQHLFFAI56CA,遠東段,20.32,都市：住
RPROMLSJRHLFFAI09CA,下路頭段,25.55,都市：住
RPQPMLMLQHLFFAI58CA,育人段,104.22,都市：住
RPOOMLQLQHLFFAI68CA,遠東段,22.00,都市：住
RPUNMLKMQHLFFAI68CA,中山段三小段,.14,都市：住
RPUNMLKMQHLFFAI68CA,中山段三小段,22.18,都市：住
RPSNMLTJRHLFFAI56CA,車店段,17.10,都市：住
RPSNMLTJRHLFFAI56CA,車店段,.57,都市：住
RPQOMLKMQHLFFAI38CA,東川段,21.04,都市：住
RPWNMLQLQHLFFAI76CA,遠東段,17.20,都市：住
RPSOMLSJRHLFFAI56CA,埤子頭段,12.42,都市：住
RPQNMLOKRHLFFAI58CA,北社尾段保安小段,5.34,都市：住
RPQNMLOKRHLFFAI58CA,北社尾段保安小段,6.93,都市：住
RPQNMLKMQHLFFAI28CA,湖子內段興安小段,1652.90,都市：住
RPOOMLKMQHLFFAI18CA,埤子頭段,26.51,都市：住
RPXOMLLMQHLFFAI56CA,台斗坑段,19.18,都市：住
RPXOMLLMQHLFFAI56CA,台斗坑段,.01,都市：住
RPROMLLJRHLFFAI38CA,盧厝段,68.00,都市：住
RPROMLKMQHLFFAI48CA,彌陀段,10.61,都市：住
RPSOMLLJRHLFFAI48CA,竹圍子段,18.45,都市：住
RPQOMLQLQHLFFAI88CA,湖子內段興安小段,317.45,都市：住
RPQOMLQLQHLFFAI88CA,湖子內段興安小段,296.86,都市：住
RPTOMLSJRHLFFAI66CA,湖內段,9.02,都市：住
RPTOMLSJRHLFFAI66CA,湖內段,7.13,都市：住
RPOOMLLJRHLFFAI08CA,下路頭段,26.00,都市：住
RPROMLOKRHLFFAI78CA,下路頭段,90.00,都市：住
RPROMLOKRHLFFAI78CA,下路頭段,2.24,都市：住
RPROMLOKRHLFFAI78CA,下路頭段,1.35,都市：住
RPROMLOKRHLFFAI78CA,下路頭段,47.00,都市：住
RPROMLOKRHLFFAI78CA,下路頭段,35.00,都市：住
RPPOMLQLQHLFFAI78CA,遠東段,20.82,都市：住
RPUOMLQLQHLFFAI66CA,遠東段,21.16,都市：住
RPRPMLMLQHLFFAI68CA,育人段,9.92,都市：住
RPRPMLMLQHLFFAI68CA,育人段,82.29,都市：住
RPSNMLNKRHLFFAI68CA,劉厝段,114.00,都市：住
RPXNMLQLQHLFFAI86CA,遠東段,16.97,都市：住
RPQOMLNLQHLFFAI58CA,湖子內段興安小段,65.17,都市：住
RPUNMLTLQHLFFAI86CA,長竹段,111.00,都市：住
RPTNMLTLQHLFFAI76CA,遠東段,18.65,都市：住
RPVNMLRJRHLFFAI66CA,西門段七小段,159.00,都市：住
RPSOMLQLQHLFFAI09CA,遠東段,25.46,都市：住
RPRNMLOLQHLFFAI68CA,盧厝段,49.42,都市：住
RPUNMLLMQHLFFAI78CA,港子坪段港坪小段,277.00,都市：住
RPSNMLQLQHLFFAI98CA,遠東段,18.81,都市：住
RPWNMLOLQHLFFAI76EA,劉厝段劉厝小段,12.83,都市：住
RPSNMLOLQHLFFAI78CA,竹圍子段中興小段,13.96,都市：住
RPTNMLTKRHLFFAI76CA,車店段,40.50,都市：住
RPTNMLTKRHLFFAI76CA,車店段,40.50,都市：住
RPTNMLTKRHLFFAI76CA,車店段,40.50,都市：住
RPTNMLTKRHLFFAI76CA,車店段,40.50,都市：住
RPTNMLTKRHLFFAI76CA,車店段,10.00,都市：其他
RPTNMLTKRHLFFAI76CA,車店段,10.00,都市：其他
RPTNMLTKRHLFFAI76CA,車店段,10.00,都市：其他
RPTNMLTKRHLFFAI76CA,車店段,10.00,都市：其他
RPUNMLQJRHLFFAI09CA,白川段,48.63,都市：住
RPUNMLKLRHLFFAI68CA,西門段六小段,1.32,都市：商
RPUNMLKLRHLFFAI68CA,西門段六小段,1.32,都市：商
RPUNMLKLRHLFFAI68CA,新富段六小段,4.43,都市：商
RPUNMLKLRHLFFAI68CA,新富段六小段,4.43,都市：商
RPVNMLSJRHLFFAI76CA,太平段,86.00,都市：住
RPSNMLPLQHLFFAI88CA,港子坪段港坪小段,15.01,都市：商
RPUNMLPLQHLFFAI09CA,彌陀段,61.00,都市：其他
RPRNMLQLQHLFFAI88CA,遠東段,17.20,都市：住
RPSOMLOLQHLFFAI88CA,竹圍子段三小段,70.50,都市：住
RPPOMLMKRHLFFAI38CA,埤子頭段新厝小段,76.00,都市：住
RPTOMLOLQHLFFAI98CA,興村段,17.40,都市：商
RPTNMLPLQHLFFAI98CA,白川段,35.90,都市：住
RPWNMLPLQHLFFAI66CA,西門段二小段,15.44,都市：商
RPTNMLSLQHLFFAI66CA,盧厝段,17.11,都市：住
RPTNMLSLQHLFFAI66CA,盧厝段,1.72,都市：農
RPTNMLSLQHLFFAI66CA,盧厝段,6.82,都市：農
RPTNMLSLQHLFFAI66CA,盧厝段,.80,都市：住
RPTNMLSLQHLFFAI66CA,盧厝段,104.00,都市：住
RPTNMLSLQHLFFAI66CA,盧厝段,17.06,都市：住
RPPOMLPJRHLFFAI58CA,北門段四小段,43.00,都市：商
RPTNMLKLRHLFFAI58CA,盧厝段,94.00,都市：住
RPTNMLKLRHLFFAI58CA,盧厝段,25.00,都市：住
RPPNMLQLQHLFFAI68CA,竹村段,110.76,都市：住
RPRNMLRLQHLFFAI98CA,下埤段,849.24,都市：農
RPROMLQLQHLFFAI98CA,車店段車店小段,96.00,都市：住
RPWOMLQLQHLFFAI86CA,中山段五小段,157.00,都市：住
RPVNMLQJRHLFFAI66DA,湖內段,20.53,都市：商
RPVOMLQLQHLFFAI76CA,遠東段,18.09,都市：住
RPVNMLSLQHLFFAI86CA,盧厝段,17.11,都市：住
RPVNMLSLQHLFFAI86CA,盧厝段,1.72,都市：農
RPVNMLSLQHLFFAI86CA,盧厝段,6.82,都市：農
RPVNMLSLQHLFFAI86CA,盧厝段,.80,都市：住
RPVNMLSLQHLFFAI86CA,盧厝段,149.00,都市：住
RPVNMLSLQHLFFAI86CA,盧厝段,17.06,都市：住
RPUNMLTJRHLFFAI96EA,民族段五小段,1.00,都市：住
RPUNMLTJRHLFFAI96EA,民族段五小段,7.00,都市：住
RPUNMLSLQHLFFAI76CA,盧厝段,17.11,都市：住
RPUNMLSLQHLFFAI76CA,盧厝段,1.72,都市：農
RPUNMLSLQHLFFAI76CA,盧厝段,6.82,都市：農
RPUNMLSLQHLFFAI76CA,盧厝段,.80,都市：住
RPUNMLSLQHLFFAI76CA,盧厝段,131.00,都市：住
RPUNMLSLQHLFFAI76CA,盧厝段,17.06,都市：住
RPOOMLQLQHLFFAI88EA,車店段,4.06,都市：住
RPOOMLQLQHLFFAI88EA,白川段,42.19,都市：住
RPTNMLTJRHLFFAI86EA,民族段五小段,22.00,都市：住
RPTNMLTJRHLFFAI86EA,民族段五小段,40.00,都市：住
RPTNMLTJRHLFFAI86EA,民族段五小段,32.00,都市：住
RPVNMLTJRHLFFAI07EA,民族段五小段,37.00,都市：住
RPVNMLTJRHLFFAI07EA,民族段五小段,60.00,都市：住
RPTOMLOKRHLFFAI98CA,車店段車店小段,27.55,都市：住
RPRNMLSLQHLFFAI09CA,盧厝段,89.00,都市：住
RPRNMLSLQHLFFAI09CA,盧厝段,17.11,都市：住
RPRNMLSLQHLFFAI09CA,盧厝段,1.72,都市：農
RPRNMLSLQHLFFAI09CA,盧厝段,6.82,都市：農
RPRNMLSLQHLFFAI09CA,盧厝段,16.00,都市：住
RPRNMLSLQHLFFAI09CA,盧厝段,.80,都市：住
RPRNMLSLQHLFFAI09CA,盧厝段,17.06,都市：住
RPWNMLTJRHLFFAI17EA,民族段五小段,99.00,都市：住
RPPNMLLMQHLFFAI28CA,下路頭段,74.00,都市：住
RPPNMLLMQHLFFAI28CA,下路頭段,8.00,都市：住
RPRPMLQLQHLFFAI09CA,劉厝段玉山小段,159.98,都市：住
RPQOMLLJRHLFFAI28CA,埤子頭段,122.00,都市：住
RPWOMLLMQHLFFAI09CA,竹圍子段三小段,17.34,都市：住
RPRNMLPJRHLFFAI68CA,竹圍子段,14.10,都市：住
RPXNMLKMQHLFFAI98CA,盧厝段,9.23,都市：住
RPSNMLPJRHLFFAI78CA,竹圍子段二小段,8.33,都市：商
RPOOMLTLQHLFFAI98CA,湖子內段興安小段,46.88,都市：住
RPTNMLNKRHLFFAI78CA,湖子內段興安小段,163.53,都市：住
SPRNMLPJRHLFFAI78CA,竹圍子段,14.10,都市：住
RPSOMLTLQHLFFAI76CA,彌陀段日新小段,206.81,都市：住
RPSOMLTLQHLFFAI76CA,彌陀段日新小段,206.81,都市：住
RPSOMLTLQHLFFAI76CA,彌陀段日新小段,206.79,都市：住
RPTNMLNJRHLFFAI68CA,竹圍子段二小段,19.11,都市：住
RPQNMLSLQHLFFAI98CA,盧厝段,156.00,都市：住
RPQNMLSLQHLFFAI98CA,盧厝段,33.06,都市：農
RPQNMLSLQHLFFAI98CA,盧厝段,.17,都市：住
RPQNMLSLQHLFFAI98CA,盧厝段,3.63,都市：住
RPTNMLMJRHLFFAI58CA,彌陀段,98.00,都市：住
RPRNMLNJRHLFFAI48CA,東川段,172.00,都市：住
RPRNMLNJRHLFFAI48CA,東川段,20.00,都市：住
RPPNMLTLQHLFFAI56EA,湖子內段興安小段,89.34,都市：住
RPSNMLTLQHLFFAI86EA,北園段,66.00,都市：農
RPSPMLMLRHLFFAI88CA,車店段車店小段,108.00,都市：住
RPTNMLSJRHLFFAI66DA,後庄段,44.50,都市：住
RPVPMLMLRHLFFAI56CA,湖子內段興安小段,1650.01,都市：住
RPOOMLTLQHLFFAI56EA,竹圍子段三小段,12.24,都市：住
RPVNMLMKRHLFFAI09EA,長竹段,100.00,都市：住
RPPPMLMLRHLFFAI58CA,竹圍子段,13.00,都市：住
RPPPMLMLRHLFFAI58CA,竹圍子段,135.00,都市：住
RPPPMLMLRHLFFAI58CA,竹圍子段,17.29,都市：住
RPRNMLOKRHLFFAI68CA,蘭潭段,3114.50,都市：其他
RPRNMLOKRHLFFAI68CA,蘭潭段,92.26,都市：其他
RPQPMLMLRHLFFAI68CA,竹圍子段,88.00,都市：住
RPQPMLMLRHLFFAI68CA,竹圍子段,5.00,都市：住
RPQPMLMLRHLFFAI68CA,竹圍子段,5.00,都市：住
RPQPMLMLRHLFFAI68CA,竹圍子段,17.08,都市：住
RPRPMLMLRHLFFAI78CA,車店段車店小段,108.00,都市：住
RPVOMLMLRHLFFAI09CA,車店段車店小段,5.33,都市：住
RPPNMLNJRHLFFAI28CA,湖子內段興安小段,722.56,都市：住
RPWNMLRJRHLFFAI76CA,湖子內段興安小段,338.62,都市：住
RPRNMLRJRHLFFAI88CA,北社尾段,101.00,都市：住
RPPNMLOJRHLFFAI38CA,港子坪段港坪小段,35.21,都市：住
RPQNMLRJRHLFFAI78CA,北社尾段,110.00,都市：住
RPSNMLRJRHLFFAI98CA,北社尾段,94.00,都市：住
RPVNMLLMQHLFFAI88CA,竹村段,386.19,都市：住
RPQNMLRKRHLFFAI88CA,盧厝段,16.11,都市：住
RPQNMLRKRHLFFAI88CA,盧厝段,.35,都市：住
RPQNMLRKRHLFFAI88CA,盧厝段,81.00,都市：住
RPQNMLRKRHLFFAI88CA,盧厝段,5.00,都市：住
RPVNMLLJRHLFFAI68CA,中山段三小段,5.51,都市：住
RPVNMLLJRHLFFAI68CA,中山段三小段,9.17,都市：住
RPVNMLLJRHLFFAI68CA,中山段三小段,.18,都市：住
RPSNMLQJRHLFFAI88CA,湖子內段興安小段,54.51,都市：住
RPQNMLLJRHLFFAI18CA,車店段,17.26,都市：住
RPQNMLLJRHLFFAI18CA,車店段,17.26,都市：住
RPQNMLLJRHLFFAI18CA,白川段,1.63,都市：住
RPQNMLLJRHLFFAI18CA,白川段,1.63,都市：住
RPPNMLLJRHLFFAI08CA,中庄段,136.50,都市：住
RPQNMLMJRHLFFAI28CA,湖子內段興安小段,1453.63,都市：住
RPTNMLRJRHLFFAI09CA,北社尾段,84.00,都市：住
RPXNMLLJRHLFFAI98DA,竹圍子段,22.05,都市：住
RPUOMLSJRHLFFAI76CA,頭港段,94.51,都市：農
RPUOMLSJRHLFFAI76CA,頭港段,94.51,都市：農
RPUOMLSJRHLFFAI76CA,頭港段,505.18,都市：農
RPUOMLSJRHLFFAI76CA,頭港段,505.18,都市：農
RPUOMLSJRHLFFAI76CA,頭港段,.62,都市：農
RPUOMLSJRHLFFAI76CA,頭港段,.62,都市：農
RPWNMLPJRHLFFAI56CA,同興段,22.55,都市：住
RPQNMLNJRHLFFAI38CA,遠東段,103.00,都市：住
RPQNMLNJRHLFFAI38CA,遠東段,28.00,都市：住
RPWOMLSJRHLFFAI96CA,台斗坑段,20.71,都市：住
RPWOMLSJRHLFFAI96CA,台斗坑段,.01,都市：住
RPPPMLSJRHLFFAI98CA,車店段,4.05,都市：住
RPPPMLSJRHLFFAI98CA,白川段,42.09,都市：住
RPTNMLPJRHLFFAI88CA,軍輝段,72.00,都市：住
RPOPMLSJRHLFFAI88CA,盧東段,13.22,都市：住
RPOPMLSJRHLFFAI88CA,盧東段,97.44,都市：住
RPOPMLSJRHLFFAI88CA,盧東段,.07,都市：住
RPPNMLRLRHLFFAI88CA,湖子內段興安小段,98.68,都市：住
RPQOMLQLRHLFFAI98CA,湖子內段興安小段,84.54,都市：住
RPOOMLQLRHLFFAI78CA,白川段,99.00,都市：住
RPXNMLTKRHLFFAI17CA,下路頭段,24.29,都市：住
RPUNMLRLRHLFFAI76CA,堀川段,24.05,都市：住
RPROMLQLRHLFFAI09CA,北社尾段保安小段,10.83,都市：住
RPSPMLSJRHLFFAI66CA,埤子頭段,97.00,都市：住
RPQOMLSJRHLFFAI98CA,港子坪段港坪小段,14.35,都市：住
RPQPMLSJRHLFFAI09CA,下路頭段,54.00,都市：住
RPQPMLSJRHLFFAI09CA,下路頭段,9.00,都市：住
RPSNMLNJRHLFFAI58CA,東川段,143.00,都市：住
RPSNMLNJRHLFFAI58CA,東川段,16.00,都市：住
RPSOMLLMQHLFFAI68CA,湖子內段興安小段,1247.39,都市：住
RPROMLLMQHLFFAI58CA,湖子內段興安小段,1164.88,都市：住
RPSOMLOKRHLFFAI88CA,竹圍子段,8.20,都市：其他
RPSOMLMKRHLFFAI68CA,下路頭段,25.00,都市：住
RPSOMLMKRHLFFAI68CA,下路頭段,118.00,都市：住
RPVNMLPJRHLFFAI09CA,竹圍子段,582.50,都市：住
RPSNMLMJRHLFFAI48CA,湖子內段興安小段,516.20,都市：住
RPVOMLSJRHLFFAI86CA,湖子內段興安小段,268.45,都市：住
RPVNMLTKRHLFFAI96CA,湖子內段興安小段,358.51,都市：住
RPUOMLOKRHLFFAI09CA,短竹段,61.79,都市：住
RPPNMLMJRHLFFAI18CA,竹圍子段友愛小段,125.00,都市：住
RPRNMLRKRHLFFAI98CA,下路頭段,18.31,都市：住
RPOPMLMLRHLFFAI48CA,埤子頭段,8.21,都市：住
RPXNMLLJRHLFFAI09EA,新富段四小段,13.64,都市：商
RPXNMLLJRHLFFAI09EA,新富段四小段,13.64,都市：商
RPVNMLMLRHLFFAI98CA,陳厝段,184.27,都市：住
RPSNMLTKRHLFFAI66CA,軍輝段,93.00,都市：住
RPUNMLTKRHLFFAI86CA,湖子內段興安小段,330.60,都市：住
RPTOMLQLRHLFFAI76DA,車店段車店小段,113.00,都市：住
RPPNMLPJRHLFFAI68EA,劉厝段劉厝小段,64.17,都市：住
RPXNMLRJRHLFFAI07EA,盧東段,82.12,都市：其他
RPXNMLRJRHLFFAI07EA,盧東段,2.81,都市：其他
RPXNMLRJRHLFFAI07EA,盧東段,24.75,都市：其他
RPPNMLSKRHLFFAI88CA,竹圍子段一小段,22.82,都市：住
RPOOMLQJRHLFFAI58CA,陳厝段,505.92,都市：住
RPUPMLMLRHLFFAI09CA,車店段車店小段,111.00,都市：住
RPTPMLMLRHLFFAI98CA,車店段車店小段,108.00,都市：住
RPPNMLRJRHLFFAI68CA,育人段,142.57,都市：住
RPPNMLNKRHLFFAI38CA,港子坪段港坪小段,10.85,都市：住
RPPNMLNKRHLFFAI38CA,港子坪段港坪小段,3.05,都市：住
RPQNMLQKRHLFFAI78CA,湖子內段興安小段,50.73,都市：住
RPQNMLQKRHLFFAI78CA,湖子內段興安小段,66.94,都市：住
RPUNMLPJRHLFFAI98CA,下路頭段,21.00,都市：住
RPUNMLPJRHLFFAI98CA,下路頭段,74.00,都市：住
RPPNMLQKRHLFFAI68CA,埤子頭段,19.67,都市：住
RPRNMLQJRHLFFAI78CA,玉川段,6.00,都市：住
RPRNMLQJRHLFFAI78CA,玉川段,4.00,都市：住
RPRNMLQJRHLFFAI78CA,下路頭段,30.00,都市：住
RPQOMLRJRHLFFAI88CA,下路頭段,10.00,都市：住
RPROMLRJRHLFFAI98CA,下路頭段,29.00,都市：住
RPSOMLRJRHLFFAI09CA,下路頭段,10.00,都市：住
RPTOMLRJRHLFFAI56CA,下路頭段,25.00,都市：住
RPQNMLQJRHLFFAI68CA,溪厝段,154.19,都市：農
RPRNMLPKRHLFFAI78CA,下路頭段,63.00,都市：住
RPPNMLKKRHLFFAI08CA,長竹段,60.00,都市：住
RPPNMLPKRHLFFAI58CA,下路頭段,73.00,都市：住
RPPNMLPKRHLFFAI58CA,下路頭段,110.00,都市：住
RPPNMLPKRHLFFAI58CA,下路頭段,15.99,都市：住
RPWNMLTKRHLFFAI07CA,中山段三小段,14.22,都市：住
RPPNMLTJRHLFFAI88CA,短竹段,17.55,都市：住
RPPNMLKLRHLFFAI18CA,遠東段,16.80,都市：住
RPSNMLLKRHLFFAI48CA,盧厝段,17.06,都市：住
RPSNMLLKRHLFFAI48CA,盧厝段,17.11,都市：住
RPSNMLLKRHLFFAI48CA,盧厝段,1.72,都市：農
RPSNMLLKRHLFFAI48CA,盧厝段,6.82,都市：農
RPSNMLLKRHLFFAI48CA,盧厝段,.80,都市：住
RPSNMLLKRHLFFAI48CA,盧厝段,105.00,都市：住
RPUNMLTLRHLFFAI96CA,湖子內段興安小段,1620.37,都市：住
RPPOMLMLRHLFFAI48CA,車店段,17.30,都市：住
RPPOMLMLRHLFFAI48CA,車店段,.58,都市：住
RPSNMLKMRHLFFAI58CA,遠東段,14.24,都市：住
RPQNMLKMRHLFFAI38CA,遠東段,16.13,都市：住
RPRNMLKMRHLFFAI48CA,遠東段,16.97,都市：住
RPWNMLKMRHLFFAI98CA,遠東段,22.00,都市：住
RPVNMLKMRHLFFAI88CA,遠東段,18.09,都市：住
RPROMLKMRHLFFAI58CA,遠東段,18.93,都市：住
RPOOMLKMRHLFFAI28CA,遠東段,16.97,都市：住
RPOPMLKMRHLFFAI38CA,遠東段,15.24,都市：住
RPQOMLKMRHLFFAI48CA,遠東段,14.35,都市：住
RPWNMLNKRHLFFAI66EA,下路頭段,1.00,都市：住
RPWNMLNKRHLFFAI66EA,下路頭段,56.00,都市：住
RPQNMLKKRHLFFAI18CA,湖子內段興安小段,339.36,都市：住
RPPNMLSJRHLFFAI98EA,盧厝段,12.17,都市：住
RPPNMLSJRHLFFAI98EA,長竹段,.13,都市：住
RPPPMLKMRHLFFAI48CA,遠東段,14.35,都市：住
RPXNMLTJRHLFFAI07CA,湖東段,26.00,都市：住
RPXNMLTJRHLFFAI07CA,湖東段,129.00,都市：住
RPUNMLLLRHLFFAI78CA,盧厝段,11.74,都市：住
RPTOMLKMRHLFFAI78CA,遠東段,15.24,都市：住
RPRNMLTJRHLFFAI09CA,下路頭段,44.00,都市：住
RPRNMLTJRHLFFAI09CA,下路頭段,20.00,都市：住
RPQNMLTJRHLFFAI56EA,港子坪段港坪小段,13.65,都市：住
RPUNMLMKRHLFFAI78CA,湖子內段興安小段,604.26,都市：住
RPUOMLRJRHLFFAI66CA,陳厝段,442.13,都市：住
RPUNMLNKRHLFFAI88CA,同興段,20.00,都市：住
RPTOMLMKRHLFFAI78CA,埤子頭段,54.75,都市：住
RPTOMLMKRHLFFAI78CA,埤子頭段,11.25,都市：其他
RPVNMLNKRHLFFAI98CA,同興段,16.25,都市：住
RPSNMLSJRHLFFAI09CA,下路頭段,.93,都市：住
RPSNMLSJRHLFFAI09CA,下路頭段,6.43,都市：住
RPRNMLMKRHLFFAI48CA,湖子內段興安小段,206.00,都市：住
RPSNMLMKRHLFFAI58CA,湖子內段興安小段,206.00,都市：住
RPUNMLSJRHLFFAI66CA,西門段三小段,20.58,都市：商
RPWOMLRJRHLFFAI86CA,車店段車店小段,12.25,都市：住
RPXNMLTLRHLFFAI27CA,竹圍子段,55.00,都市：住
RPXNMLTLRHLFFAI27CA,竹圍子段,54.00,都市：住
RPWNMLTLRHLFFAI17CA,竹圍子段,1875.00,都市：住
RPWNMLTLRHLFFAI17CA,竹圍子段,63.00,都市：住
RPRNMLQKRHLFFAI88CA,車店段車店小段,16.76,都市：住
RPVNMLTLRHLFFAI07CA,湖子內段興安小段,1077.83,都市：住
RPWNMLSJRHLFFAI86CA,竹圍子段一小段,10.50,都市：住
RPROMLNJIILFFAI77CA,盧厝段,49.42,都市：住
RPQOMLNJIILFFAI87EA,北園段,16.43,都市：住
RPSNMLQLRHLFFAI09CA,車店段車店小段,86.00,都市：住
RPQPMLKMRHLFFAI58CA,遠東段,16.13,都市：住
RPQOMLOJIILFFAI77CA,民族段二小段,31.22,都市：住
RPTNMLMKRHLFFAI68CA,湖子內段興安小段,133.35,都市：住
RPPNMLMLRHLFFAI58EA,長竹段,64.00,都市：住
RPTNMLQLRHLFFAI56CA,車店段車店小段,110.00,都市：住
RPPNMLPJIILFFAI67CA,湖子內段興安小段,169.89,都市：住
RPPNMLPJIILFFAI67CA,湖子內段興安小段,455.54,都市：住
RPVNMLOKRHLFFAI09CA,湖子內段興安小段,1348.84,都市：住
RPVNMLOKRHLFFAI09CA,湖子內段興安小段,255.23,都市：住
RPUNMLQLRHLFFAI66CA,車店段車店小段,94.00,都市：住
RPPNMLMKRHLFFAI28CA,大溪段,51.86,都市：住
RPPNMLMKRHLFFAI28CA,大溪段,51.86,都市：住
RPSNMLKKRHLFFAI38CA,陳厝段,413.96,都市：住
RPSNMLKKRHLFFAI38CA,陳厝段,372.63,都市：住
RPQNMLMLRHLFFAI48CA,北社尾段,11.47,都市：住
RPSNMLPLRHLFFAI98CA,八掌段,10.93,都市：農
RPROMLMKRHLFFAI58CA,盧東段,13.40,都市：住
RPROMLMKRHLFFAI58CA,盧東段,77.46,都市：住
RPROMLMKRHLFFAI58CA,盧東段,2.28,都市：住
RPRNMLKKRHLFFAI28CA,埤子頭段,78.00,都市：住
RPQNMLPKRHLFFAI68CA,車店段,22.83,都市：住
RPQNMLPKRHLFFAI68CA,車店段,1.39,都市：住
RPXOMLMLRHLFFAI66CA,車店段車店小段,3.40,都市：住
RPQNMLMKRHLFFAI38CA,竹圍子段二小段,27.03,都市：住
RPUNMLOJIILFFAI08CA,湖子內段興安小段,31.09,都市：住
RPRNMLQJIILFFAI18EA,北門段七小段,3.94,都市：住
RPOOMLTJRHLFFAI88CA,車店段車店小段,29.05,都市：住
RPRNMLLKRHLFFAI48DA,短竹段,4.76,都市：住
RPQNMLLJIILFFAI37CA,遠東段,6.53,都市：住
RPTPMLKMRHLFFAI88CA,下路頭段,41.00,都市：住
RPTPMLKMRHLFFAI88CA,下路頭段,39.00,都市：住
RPXNMLNKRHLFFAI76EA,中山段二小段,16.00,都市：住
RPPOMLTJRHLFFAI98CA,下路頭段,72.00,都市：住
RPQNMLNKRHLFFAI48CA,下路頭段,10.00,都市：住
RPQNMLLLRHLFFAI38CA,盧東段,15.07,都市：其他
RPQNMLLLRHLFFAI38CA,盧東段,64.43,都市：其他
RPRNMLRLRHLFFAI09CA,北社尾段,12.41,都市：住
RPPNMLTKRHLFFAI98CA,同興段,21.87,都市：住
RPSNMLOKRHLFFAI78CA,竹圍子段二小段,10.77,都市：住
RPTNMLOKRHLFFAI88CA,竹圍子段二小段,9.97,都市：住
RPVOMLOKRHLFFAI56CA,下路頭段,63.00,都市：住
RPVOMLOKRHLFFAI56CA,下路頭段,10.00,都市：住
RPRNMLNKRHLFFAI58CA,車店段車店小段,147.00,都市：住
RPXNMLRJIILFFAI68CA,竹村段,80.44,都市：其他
RPOOMLRJIILFFAI87CA,竹村段,523.40,都市：其他
RPOOMLRJIILFFAI87CA,竹村段,.01,都市：住
RPOOMLRJIILFFAI87CA,竹村段,57.06,都市：其他
RPOOMLRJIILFFAI87CA,竹村段,.26,都市：住
RPOOMLRJIILFFAI87CA,竹村段,40.22,都市：其他
RPPOMLPJIILFFAI77CA,西門段四小段,6.19,都市：商
RPTOMLQJIILFFAI28CA,盧厝段,85.00,都市：住
RPPOMLLKIILFFAI47CA,劉厝段,608.00,都市：工
RPQOMLLKIILFFAI57CA,劉厝段,407.00,都市：工
RPTNMLOLRHLFFAI98CA,遠東段,21.46,都市：住
RPSNMLOLRHLFFAI88CA,北社尾段,18.34,都市：住
RPTNMLMLRHLFFAI78CA,竹圍子段,17.10,都市：住
RPTNMLMLRHLFFAI78CA,竹圍子段,186.00,都市：住
RPVPMLKMRHLFFAI09CA,長竹段,70.00,都市：住
RPQNMLRJIILFFAI97CA,湖子內段興安小段,109.72,都市：住
RPQNMLRJIILFFAI97CA,湖子內段興安小段,109.72,都市：住
RPVOMLQJIILFFAI48CA,湖子內段興安小段,300.14,都市：住
RPUNMLOLRHLFFAI09CA,興村段,26.05,都市：住
RPWOMLOKRHLFFAI66CA,劉厝段劉厝小段,18.00,都市：住
RPWOMLOKRHLFFAI66CA,劉厝段劉厝小段,81.00,都市：住
RPPNMLLKIILFFAI57EA,埤子頭段,7.50,都市：住
RPPNMLLKIILFFAI57EA,埤子頭段,22.50,都市：住
RPWNMLPJIILFFAI38CA,遠東段,25.12,都市：住
RPXNMLPJIILFFAI48CA,遠東段,12.56,都市：住
RPQNMLNLRHLFFAI58CA,湖子內段興安小段,1130.84,都市：住
RPXNMLOJIILFFAI38CA,下路頭段,28.00,都市：住
RPTNMLPJIILFFAI08CA,遠東段,14.18,都市：住
RPWPMLMLRHLFFAI66CA,檜段二小段,48.00,都市：住
RPXNMLQJIILFFAI58CA,遠東段,14.18,都市：住
RPWNMLQJIILFFAI48CA,遠東段,15.30,都市：住
RPSOMLNJIILFFAI87CA,埤子頭段,41.00,都市：住
RPVNMLOJIILFFAI18CA,湖子內段興安小段,169.16,都市：住
RPOOMLQJIILFFAI77CA,遠東段,18.42,都市：住
RPVNMLQJIILFFAI38CA,遠東段,15.30,都市：住
RPWNMLOJIILFFAI28CA,中山段四小段,238.00,都市：住
RPUNMLQJIILFFAI28CA,遠東段,16.86,都市：住
RPPNMLPLRHLFFAI68CA,長竹段,2.46,都市：住
RPPNMLPLRHLFFAI68CA,長竹段,132.00,都市：住
RPPNMLPLRHLFFAI68CA,長竹段,20.62,都市：住
RPPNMLPLRHLFFAI68CA,長竹段,39.00,都市：住
RPPNMLPLRHLFFAI68CA,長竹段,25.00,都市：住
RPVNMLQLRHLFFAI76CA,湖子內段興安小段,601.52,都市：住
RPQOMLRJIILFFAI08CA,湖子內段湖美小段,172.19,都市：住
RPRNMLKLRHLFFAI38CA,湖子內段新民小段,161.81,都市：住
RPWNMLRJIILFFAI58CA,荖藤段,678.00,都市：農
RPWNMLRJIILFFAI58CA,荖藤段,6.00,都市：農
RPRNMLMLRHLFFAI58CA,末廣段五小段,.18,都市：商
RPRNMLMLRHLFFAI58CA,末廣段五小段,2.09,都市：商
RPRNMLMLRHLFFAI58CA,末廣段五小段,.72,都市：商
RPRNMLMLRHLFFAI58CA,末廣段五小段,2.09,都市：商
RPOOMLLLRHLFFAI28CA,盧厝段,5.97,都市：住
RPOOMLOJIILFFAI57CA,何庄段,96.82,都市：住
RPTOMLNJIILFFAI08DA,湖子內段興安小段,340.52,都市：住
RPRNMLTKRHLFFAI56CA,車店段,61.00,都市：住
RPTOMLRJIILFFAI38CA,湖子內段湖美小段,88.10,都市：住
RPPOMLRJIILFFAI97CA,湖內段,11.55,都市：住
RPRNMLLLRHLFFAI68EA,末廣段五小段,19.97,都市：商
RPUNMLMLRHLFFAI09EA,西門段一小段,33.00,都市：商
RPWNMLLLRHLFFAI98CA,短竹段,86.00,都市：農
RPXNMLLLRHLFFAI09CA,短竹段,1.00,都市：農
RPXNMLLLRHLFFAI09CA,短竹段,72.00,都市：農
RPSNMLTKIILFFAI48CA,湖子內段興安小段,111.03,都市：住
RPRNMLTKIILFFAI38CA,湖子內段興安小段,109.70,都市：住
RPVNMLLLRHLFFAI88CA,中庄段,22.20,都市：住
RPROMLRJIILFFAI18CA,湖子內段湖美小段,1423.64,都市：住
RPWOMLMLRHLFFAI56CA,後庄段,96.00,都市：住
RPSNMLNLRHLFFAI78CA,劉厝段玉山小段,3.43,都市：住
RPSNMLNLRHLFFAI78CA,劉厝段玉山小段,128.88,都市：住
RPUOMLMLRHLFFAI98CA,竹村段,28.07,都市：住
RPQOMLMLRHLFFAI58CA,劉厝段玉山小段,89.91,都市：住
RPXNMLRLRHLFFAI07CA,竹圍子段,101.00,都市：住
RPQNMLQLRHLFFAI88CA,長竹段,.13,都市：住
RPQNMLQLRHLFFAI88CA,盧厝段,11.55,都市：住
RPOOMLRLRHLFFAI88CA,竹圍子段,96.00,都市：住
RPSOMLKMRHLFFAI68CA,下路頭段,43.91,都市：住
RPSOMLKMRHLFFAI68CA,下路頭段,65.00,都市：住
RPSOMLKMRHLFFAI68CA,下路頭段,1.73,都市：住
RPPOMLRLRHLFFAI98CA,竹圍子段,87.00,都市：住
RPQOMLRLRHLFFAI09CA,竹圍子段,87.00,都市：住
RPTOMLRLRHLFFAI76CA,竹圍子段,87.00,都市：住
RPXOMLRLRHLFFAI17CA,竹圍子段,89.00,都市：住
RPSOMLRLRHLFFAI66CA,竹圍子段,87.00,都市：住
RPPOMLNJIILFFAI57CA,盧東段,155.86,都市：住
RPROMLRLRHLFFAI56CA,竹圍子段,87.00,都市：住
RPUOMLRLRHLFFAI86CA,竹圍子段,87.00,都市：住
RPTNMLTLRHLFFAI86CA,竹圍子段三小段,62.30,都市：住
RPVOMLRLRHLFFAI96CA,竹圍子段,87.00,都市：住
RPVNMLNLRHLFFAI09CA,湖子內段興安小段,897.14,都市：住
RPVNMLNLRHLFFAI09CA,湖子內段興安小段,816.39,都市：住
RPRNMLNLRHLFFAI68CA,下路頭段,54.00,都市：住
RPSNMLRLRHLFFAI56CA,竹圍子段,10.00,都市：工
RPWOMLRLRHLFFAI07CA,竹圍子段,87.00,都市：住
RPTNMLRLRHLFFAI66CA,竹圍子段,15.00,都市：工
RPWNMLRKIILFFAI68CA,育人段,949.99,都市：住
RPTOMLLKIILFFAI87CA,下埤段,1386.12,都市：農
RPUOMLLKIILFFAI97CA,鳥岫段,1168.69,都市：農
RPWOMLLKIILFFAI18CA,鳥岫段,1065.46,都市：農
RPXNMLMLRHLFFAI76EA,北門段六小段,38.00,都市：商
RPQNMLLLIILFFAI57CA,竹圍子段二小段,12.42,都市：住
RPTOMLMLRHLFFAI09EA,湖子內段興安小段,1157.47,都市：住
RPXOMLLKIILFFAI28CA,北社尾段,32.00,都市：住
RPXOMLLKIILFFAI28CA,北社尾段,55.00,都市：住
RPSOMLMLRHLFFAI98EA,遠東段,24.26,都市：住
RPTNMLOJIILFFAI18EA,短竹段,12.03,都市：住
RPPNMLQLRHLFFAI98EA,下路頭段,77.00,都市：住
RPTNMLNLRHLFFAI09EA,頂庄段,46.00,都市：住
RPQNMLSLRHLFFAI09CA,北社尾段,74.00,都市：住
RPUNMLNKIILFFAI08CA,東川段,138.00,都市：住
RPUNMLNKIILFFAI08CA,東川段,18.00,都市：住
RPVNMLNKIILFFAI18CA,竹圍子段二小段,13.69,都市：住
RPPNMLNLRHLFFAI48CA,中山段三小段,10.75,都市：住
RPPNMLNLRHLFFAI48CA,中山段三小段,96.00,都市：住
RPOOMLLKIILFFAI37CA,劉厝段玉山小段,3.02,都市：住
RPOOMLLKIILFFAI37CA,劉厝段玉山小段,116.13,都市：住
RPUNMLLLIILFFAI97CA,盧東段,29.66,都市：農
RPUNMLLLIILFFAI97CA,盧東段,34.52,都市：農
RPUNMLLLIILFFAI97CA,盧東段,11.97,都市：農
RPUNMLLLIILFFAI97CA,盧東段,35.79,都市：農
RPUNMLLLIILFFAI97CA,盧東段,102.92,都市：農
RPUNMLLLIILFFAI97CA,盧東段,.44,都市：農
RPUNMLLLIILFFAI97CA,盧東段,.39,都市：農
RPUNMLLLIILFFAI97CA,盧東段,4.43,都市：農
RPUNMLLLIILFFAI97CA,盧東段,1.83,都市：農
RPRNMLQLRHLFFAI98CA,盧厝段,12.00,都市：住
RPRNMLQLRHLFFAI98CA,盧厝段,166.00,都市：住
RPTNMLLLIILFFAI87CA,盧東段,29.66,都市：農
RPTNMLLLIILFFAI87CA,盧東段,34.52,都市：農
RPTNMLLLIILFFAI87CA,盧東段,11.97,都市：農
RPTNMLLLIILFFAI87CA,盧東段,35.79,都市：農
RPTNMLLLIILFFAI87CA,盧東段,102.92,都市：農
RPTNMLLLIILFFAI87CA,盧東段,.44,都市：農
RPTNMLLLIILFFAI87CA,盧東段,.39,都市：農
RPTNMLLLIILFFAI87CA,盧東段,4.43,都市：農
RPTNMLLLIILFFAI87CA,盧東段,1.83,都市：農
RPROMLRKIILFFAI28CA,劉厝段玉山小段,156.62,都市：住
RPROMLRKIILFFAI28CA,劉厝段玉山小段,51.81,都市：住
RPWNMLLLIILFFAI18CA,盧東段,57.55,都市：農
RPWNMLLLIILFFAI18CA,盧東段,66.97,都市：農
RPWNMLLLIILFFAI18CA,盧東段,23.22,都市：農
RPWNMLLLIILFFAI18CA,盧東段,663.29,都市：農
RPWNMLLLIILFFAI18CA,盧東段,41.73,都市：農
RPWNMLLLIILFFAI18CA,盧東段,62.10,都市：農
RPWNMLLLIILFFAI18CA,盧東段,199.04,都市：農
RPWNMLLLIILFFAI18CA,盧東段,113.23,都市：農
RPWNMLLLIILFFAI18CA,盧東段,.85,都市：農
RPWNMLLLIILFFAI18CA,盧東段,.76,都市：農
RPWNMLLLIILFFAI18CA,盧東段,8.60,都市：農
RPWNMLLLIILFFAI18CA,盧東段,3.55,都市：農
RPQNMLPLRHLFFAI78CA,車店段車店小段,5.25,都市：住
RPPNMLSKIILFFAI08CA,榮段一小段,20.90,都市：商
RPVNMLRLRHLFFAI86CA,竹圍子段友愛小段,179.00,都市：住
RPPOMLKMRHLFFAI38CA,盧厝段,722.25,都市：農
RPPOMLKMRHLFFAI38CA,盧厝段,97.17,都市：農
RPTOMLOJIILFFAI08CA,下路頭段,21.65,都市：住
RPTOMLOJIILFFAI08CA,下路頭段,13.05,都市：住
RPRNMLPLRHLFFAI88CA,竹圍子段,112.00,都市：住
RPRNMLPLRHLFFAI88CA,竹圍子段,23.00,都市：住
RPUPMLKMRHLFFAI98CA,太平段,111.00,都市：住
RPPOMLQJIILFFAI87CA,遠東段,15.24,都市：住
RPVNMLOLRHLFFAI56CA,短竹段,14.64,都市：住
RPWNMLNLRHLFFAI56CA,湖子內段湖美小段,366.77,都市：住
RPSOMLQLRHLFFAI56CA,劉厝段劉厝小段,17.35,都市：住
RPSOMLQLRHLFFAI56CA,劉厝段劉厝小段,5.43,都市：住
RPSOMLRJIILFFAI28CA,竹圍子段,72.00,都市：住
RPSOMLPLIILFFAI28CA,後庄段,87.00,都市：住
RPXNMLNLRHLFFAI66CA,長竹段,116.00,都市：住
RPXNMLNLRHLFFAI66CA,長竹段,8.50,都市：住
RPSNMLRJIILFFAI18CA,遠東段,35.00,都市：住
RPSNMLRJIILFFAI18CA,遠東段,8.00,都市：住
RPWNMLLKIILFFAI08CA,湖子內段湖美小段,65.05,都市：其他
RPPNMLKLIILFFAI37CA,港子坪段港坪小段,9.88,都市：住
RPRNMLPJIILFFAI87CA,北社尾段,16.00,都市：住
RPRNMLPJIILFFAI87CA,北社尾段,16.00,都市：住
RPPNMLNKIILFFAI57CA,遠東段,19.71,都市：住
RPUNMLRJIILFFAI38CA,西門段六小段,1.00,都市：商
RPUNMLRJIILFFAI38CA,新富段六小段,3.37,都市：商
RPQNMLNKIILFFAI67CA,遠東段,17.70,都市：住
RPSNMLNKIILFFAI87CA,遠東段,16.13,都市：住
RPRNMLNKIILFFAI77CA,遠東段,12.45,都市：住
RPXNMLKMRHLFFAI09CA,湖子內段興安小段,168.00,都市：住
RPQNMLRLRHLFFAI98CA,長竹段,115.00,都市：住
RPPOMLRKIILFFAI08CA,短竹段,.31,都市：住
RPPOMLRKIILFFAI08CA,短竹段,4.94,都市：住
RPWNMLOKIILFFAI38CA,台斗坑段,86.00,都市：住
RPWNMLOKIILFFAI38CA,台斗坑段,.34,都市：住
RPWNMLOKIILFFAI38CA,台斗坑段,8.00,都市：住
RPRNMLKKIILFFAI47CA,中庄段,78.00,都市：住
RPRNMLKKIILFFAI47CA,中庄段,31.00,都市：住
RPRNMLTLRHLFFAI86EA,湖子內段興安小段,330.58,都市：住
RPPNMLTLRHLFFAI09CA,竹圍子段一小段,9.68,都市：住
RPPNMLTLRHLFFAI09CA,竹圍子段一小段,10.91,都市：住
RPTNMLNJIILFFAI87CA,湖子內段興安小段,135.49,都市：住
RPTNMLNJIILFFAI87CA,湖子內段興安小段,135.49,都市：住
RPPNMLLJIILFFAI27CA,盧厝段,93.00,都市：住
RPUNMLPJIILFFAI18CA,遠東段,16.13,都市：住
RPSNMLTLRHLFFAI96EA,下埤段,54.21,都市：農
RPQPMLLKIILFFAI67CA,湖子內段湖美小段,477.95,都市：其他
RPSOMLQJIILFFAI18CA,盧厝段,70.48,都市：住
RPOOMLKLIILFFAI37CA,榮段三小段,18.38,都市：住
RPOOMLKLIILFFAI37CA,榮段三小段,82.00,都市：住
RPQNMLKLIILFFAI47CA,竹圍子段中興小段,12.42,都市：住
RPVNMLRJIILFFAI48CA,下路頭段,107.00,都市：住
RPQOMLQJIILFFAI97CA,遠東段,18.26,都市：住
RPUNMLKLIILFFAI87CA,湖子內段湖美小段,324.96,都市：住
RPQNMLOLIILFFAI87CA,湖子內段新民小段,330.01,都市：住
RPXPMLKMRHLFFAI66CA,埤子頭段,46.00,都市：住
RPPQMLKMRHLFFAI58CA,湖子內段湖美小段,411.97,都市：住
RPUOMLKMRHLFFAI88CA,湖子內段興安小段,228.10,都市：住
RPUNMLOLIILFFAI28CA,劉厝段劉厝小段,64.00,都市：住
RPTNMLLKIILFFAI77CA,盧厝段,16.84,都市：住
RPUNMLKMRHLFFAI78CA,湖子內段興安小段,84.62,都市：住
RPVNMLNJIILFFAI08CA,湖子內段湖美小段,62.76,都市：住
RPVNMLNJIILFFAI08CA,湖子內段湖美小段,62.76,都市：住
RPVOMLKMRHLFFAI98CA,湖子內段興安小段,228.10,都市：住
RPWNMLNJIILFFAI18CA,湖子內段興安小段,805.36,都市：住
RPUNMLNJIILFFAI97CA,湖子內段湖美小段,271.32,都市：住
RPUNMLNJIILFFAI97CA,湖子內段湖美小段,271.32,都市：住
RPUNMLNJIILFFAI97CA,湖子內段湖美小段,271.32,都市：住
RPUNMLNJIILFFAI97CA,湖子內段湖美小段,271.32,都市：住
RPQNMLOJIILFFAI67CA,湖子內段興安小段,255.59,都市：住
RPQNMLOJIILFFAI67CA,湖子內段興安小段,213.24,都市：住
RPQOMLPJIILFFAI08EA,竹村段,130.88,都市：住
RPQOMLPJIILFFAI08EA,竹村段,26.45,都市：住
RPQOMLPJIILFFAI08EA,竹村段,.18,都市：其他
RPPNMLOJIILFFAI57CA,湖子內段興安小段,436.78,都市：住
RPXOMLKMRHLFFAI66DA,湖子內段湖美小段,578.53,都市：住
RPRNMLNJIILFFAI67CA,短竹段,23.01,都市：其他
RPRNMLNJIILFFAI67CA,短竹段,.00,都市：其他
RPWOMLKMRHLFFAI56DA,湖子內段湖美小段,609.62,都市：住
RPSNMLQLIILFFAI28CA,末廣段五小段,23.16,都市：住
RPRNMLQLIILFFAI18CA,湖內段,80.00,都市：住
RPSOMLQLIILFFAI38CA,北湖段,18.73,都市：住
RPSOMLQLIILFFAI38CA,北湖段,.55,都市：住
RPSOMLQLIILFFAI38CA,北湖段,.55,都市：住
RPSOMLQLIILFFAI38CA,北湖段,83.00,都市：住
RPPOMLOJIILFFAI67CA,湖子內段湖美小段,621.70,都市：商
RPTOMLQLIILFFAI48CA,北湖段,18.73,都市：住
RPTOMLQLIILFFAI48CA,北湖段,.55,都市：住
RPTOMLQLIILFFAI48CA,北湖段,.55,都市：住
RPTOMLQLIILFFAI48CA,北湖段,88.00,都市：住
RPQNMLPJIILFFAI77CA,湖子內段湖美小段,288.49,都市：住
RPOPMLQLIILFFAI08CA,北湖段,18.73,都市：住
RPOPMLQLIILFFAI08CA,北湖段,.55,都市：住
RPOPMLQLIILFFAI08CA,北湖段,.55,都市：住
RPOPMLQLIILFFAI08CA,北湖段,80.00,都市：住
RPUOMLQLIILFFAI58CA,北湖段,18.73,都市：住
RPUOMLQLIILFFAI58CA,北湖段,.55,都市：住
RPUOMLQLIILFFAI58CA,北湖段,.55,都市：住
RPUOMLQLIILFFAI58CA,北湖段,84.00,都市：住
RPVOMLQLIILFFAI68CA,北湖段,18.73,都市：住
RPVOMLQLIILFFAI68CA,北湖段,.55,都市：住
RPVOMLQLIILFFAI68CA,北湖段,.55,都市：住
RPVOMLQLIILFFAI68CA,北湖段,80.00,都市：住
RPUOMLNJIILFFAI08CA,竹圍子段,73.00,都市：住
RPWOMLNKIILFFAI38CA,湖子內段興安小段,28.90,都市：住
RPVOMLLKIILFFAI08CA,劉厝段玉山小段,140.18,都市：住
RPOOMLPJIILFFAI67CA,湖內段,76.00,都市：住
RPRNMLOLIILFFAI97CA,北園段,68.00,都市：住
RPPNMLQJIILFFAI77CA,育人段,19.90,都市：住
RPPNMLQJIILFFAI77CA,育人段,55.14,都市：住
RPXNMLLKIILFFAI18CA,劉厝段玉山小段,90.49,都市：住
RPPNMLRJIILFFAI87CA,盧厝段,11.55,都市：住
RPPNMLRJIILFFAI87CA,長竹段,.13,都市：住
RPPNMLOLIILFFAI77CA,北社尾段,68.00,都市：住
RPROMLQJIILFFAI08CA,鳥岫段,22.89,都市：住
RPTNMLMKIILFFAI87CA,湖子內段湖美小段,162.37,都市：住
RPUNMLQLIILFFAI48CA,盧厝段,93.00,都市：住
RPUNMLQLIILFFAI48CA,盧厝段,11.00,都市：住
RPRNMLNLIILFFAI87CA,北社尾段保安小段,2.71,都市：住
RPTOMLPLIILFFAI38CA,劉厝段玉山小段,97.67,都市：住
RPVNMLMKIILFFAI08CA,北園段,97.00,都市：商
RPROMLOJIILFFAI87CA,車店段車店小段,95.00,都市：住
RPROMLPJIILFFAI18EA,湖子內段興安小段,156.51,都市：住
RPOOMLPJIILFFAI87EA,新富段五小段,7.89,都市：住
RPSNMLOJIILFFAI08EA,埤子頭段,3.41,都市：住
RPSNMLOJIILFFAI08EA,埤子頭段,3.88,都市：住
RPWOMLQLIILFFAI78CA,北湖段,18.73,都市：住
RPWOMLQLIILFFAI78CA,北湖段,.55,都市：住
RPWOMLQLIILFFAI78CA,北湖段,.55,都市：住
RPWOMLQLIILFFAI78CA,北湖段,80.00,都市：住
RPTNMLRLIILFFAI48CA,遠東段,14.24,都市：住
RPUOMLPLIILFFAI48CA,湖子內段新民小段,12.20,都市：住
RPRNMLLMIILFFAI77CA,車店段車店小段,310.00,都市：住
RPVNMLSLIILFFAI78CA,仁義段,19.71,都市：住
RPRNMLLLIILFFAI67CA,湖子內段興安小段,407.41,都市：住
RPUNMLRLIILFFAI58CA,遠東段,14.63,都市：住
RPVNMLRLIILFFAI68CA,遠東段,17.70,都市：住
RPOOMLNKIILFFAI57CA,湖子內段湖美小段,742.50,都市：住
RPXOMLQLIILFFAI88CA,北湖段,18.73,都市：住
RPXOMLQLIILFFAI88CA,北湖段,.55,都市：住
RPXOMLQLIILFFAI88CA,北湖段,.55,都市：住
RPXOMLQLIILFFAI88CA,北湖段,80.00,都市：住
RPPOMLNKIILFFAI67CA,湖子內段興安小段,137.03,都市：住
RPQOMLNKIILFFAI77CA,湖子內段興安小段,275.33,都市：住
RPUNMLMKIILFFAI97CA,太平段,33.43,都市：住
RPUOMLKLIILFFAI97CA,湖子內段興安小段,185.77,都市：住
RPQOMLKLIILFFAI57CA,盧厝段,15.30,都市：住
RPXNMLNKIILFFAI38CA,盧厝段,18.18,都市：住
RPXOMLQJIILFFAI68CA,車店段車店小段,6.24,都市：住
RPSNMLQJIILFFAI08CA,台斗坑段,14.87,都市：住
RPSOMLPJIILFFAI08CA,車店段車店小段,29.60,都市：住
RPWNMLPLIILFFAI58CA,湖子內段興安小段,417.66,都市：住
RPSOMLRKIILFFAI38CA,軍輝段,4.84,都市：住
RPTNMLRJIILFFAI48EA,湖子內段新民小段,118.51,都市：住
RPUOMLQJIILFFAI58EA,山下段,16.38,都市：住
RPOOMLQLIILFFAI97CA,下路頭段,27.40,都市：住
RPUNMLRJIILFFAI58EA,湖子內段新民小段,349.63,都市：商
RPWNMLQLIILFFAI68CA,北社尾段,319.00,都市：住
RPSNMLNLIILFFAI97CA,西門段三小段,9.56,都市：住
RPSNMLNLIILFFAI97CA,西門段三小段,2.40,都市：住
RPSNMLMJJILFFAI77CA,盧厝段,22.27,都市：住
RPRNMLMLIILFFAI77CA,太平段,34.70,都市：住
RPRNMLMLIILFFAI77CA,太平段,.72,都市：住
RPQNMLPLIILFFAI97CA,竹圍子段,458.00,都市：住
RPQNMLPLIILFFAI97CA,竹圍子段,34.00,都市：住
RPXNMLOKIILFFAI68EA,湖子內段興安小段,470.19,都市：住
RPRNMLKMIILFFAI67CA,盧厝段,12.55,都市：住
RPPNMLSLIILFFAI18CA,湖子內段興安小段,1043.14,都市：住
RPXNMLQLIILFFAI78CA,下路頭段,56.00,都市：住
RPPOMLQLIILFFAI08CA,興村段,32.45,都市：住
RPXNMLMKIILFFAI28CA,湖子內段興安小段,1901.93,都市：住
RPTNMLSLIILFFAI58CA,後庄段,105.00,都市：住
RPRNMLNJJILFFAI87DA,湖子內段新民小段,936.62,都市：商
RPSNMLNJJILFFAI97DA,湖子內段新民小段,135.29,都市：商
RPRNMLNJJILFFAI87DA,湖子內段新民小段,332.79,都市：住
RPROMLLKIILFFAI67CA,下埤段,38.01,都市：農
RPOPMLQJIILFFAI87CA,陳厝段,662.62,都市：住
RPOPMLQJIILFFAI87CA,陳厝段,302.34,都市：住
RPUNMLOKIILFFAI18CA,湖內段,10.60,都市：住
RPUNMLOKIILFFAI18CA,湖內段,78.00,都市：住
RPUNMLOKIILFFAI18CA,湖內段,16.67,都市：住
RPUNMLOKIILFFAI18CA,湖內段,.63,都市：其他
RPUNMLOKIILFFAI18CA,湖內段,71.33,都市：其他
RPUNMLOKIILFFAI18CA,湖內段,4.03,都市：其他
RPUOMLRJIILFFAI48CA,陳厝段,220.88,都市：住
RPQNMLPKIILFFAI87CA,盧厝段,104.00,都市：住
RPQNMLPKIILFFAI87CA,盧厝段,17.11,都市：住
RPQNMLPKIILFFAI87CA,盧厝段,1.72,都市：農
RPQNMLPKIILFFAI87CA,盧厝段,6.82,都市：農
RPQNMLPKIILFFAI87CA,盧厝段,.81,都市：住
RPQNMLPKIILFFAI87CA,盧厝段,17.07,都市：住
RPQNMLKKIILFFAI37CA,湖內段,20.33,都市：住
RPROMLNKIILFFAI87CA,湖子內段興安小段,149.49,都市：住
RPVOMLPLIILFFAI58CA,湖子內段興安小段,158.56,都市：住
RPPNMLQKIILFFAI87CA,頂庄段,1.00,都市：農
RPPNMLQKIILFFAI87CA,頂庄段,.13,都市：農
RPPNMLQKIILFFAI87CA,頂庄段,79.00,都市：住
RPOPMLLKIILFFAI47CA,遠東段,18.93,都市：住
RPVOMLNKIILFFAI28CA,港子坪段港坪小段,30.46,都市：住
RPRNMLOKIILFFAI87CA,竹圍子段二小段,15.84,都市：住
RPRNMLLKIILFFAI57CA,台斗坑段,340.00,都市：住
RPPNMLNLIILFFAI67CA,東川段,22.62,都市：住
RPQNMLNLIILFFAI77CA,盧厝段,21.37,都市：住
RPQNMLNLIILFFAI77CA,盧厝段,99.00,都市：住
RPTNMLNJJILFFAI08DA,湖子內段湖美小段,575.75,都市：住
RPUNMLNJJILFFAI18DA,湖子內段興安小段,158.95,都市：住
RPUNMLNJJILFFAI18DA,湖子內段興安小段,587.44,都市：住
RPUNMLNJJILFFAI18DA,湖子內段湖美小段,529.42,都市：住
RPRNMLMKIILFFAI87EA,民族段五小段,101.33,都市：住
RPUNMLRKIILFFAI48CA,竹圍子段三小段,33.66,都市：住
RPWNMLKLIILFFAI08CA,台斗坑段,14.87,都市：住
RPTOMLNKIILFFAI28EA,民族段五小段,25.33,都市：住
RPQNMLLJJILFFAI47CA,湖子內段興安小段,1277.40,都市：住
RPSOMLNKIILFFAI97CA,湖子內段興安小段,231.44,都市：住
RPSOMLNKIILFFAI97CA,湖子內段興安小段,2417.27,都市：住
RPTNMLOKIILFFAI08CA,下路頭段,17.11,都市：住
RPTNMLOKIILFFAI08CA,下路頭段,5.61,都市：住
RPTNMLOKIILFFAI08CA,下路頭段,.33,都市：住
RPUOMLNKIILFFAI18CA,湖子內段興安小段,333.06,都市：住
RPVNMLOKIILFFAI28CA,湖子內段興安小段,808.48,都市：住
RPWNMLSKIILFFAI78CA,湖子內段新民小段,1214.13,都市：住
RPSNMLKKJILFFAI67CA,長竹段,97.00,都市：住
RPQOMLRKIILFFAI18CA,短竹段,7.40,都市：住
RPSOMLOKIILFFAI08CA,同興段,20.50,都市：其他
RPQOMLRKIILFFAI18CA,短竹段,.09,都市：住
RPQOMLRKIILFFAI18CA,短竹段,6.27,都市：住
RPVNMLQLIILFFAI58CA,中庄段,45.50,都市：住
RPTNMLQLIILFFAI38CA,北湖段,97.00,都市：住
RPTNMLQLIILFFAI38CA,北湖段,18.73,都市：住
RPTNMLQLIILFFAI38CA,北湖段,.55,都市：住
RPTNMLQLIILFFAI38CA,北湖段,.55,都市：住
RPTNMLRKIILFFAI38CA,湖子內段新民小段,76.01,都市：住
RPSNMLRLIILFFAI38CA,湖子內段湖美小段,595.01,都市：住
RPRNMLRLIILFFAI28CA,湖子內段興安小段,433.97,都市：住
RPXNMLRJJILFFAI78CA,北社尾段保安小段,88.00,都市：住
RPPPMLQLIILFFAI18CA,北湖段,18.73,都市：住
RPPPMLQLIILFFAI18CA,北湖段,.55,都市：住
RPPPMLQLIILFFAI18CA,北湖段,.55,都市：住
RPPPMLQLIILFFAI18CA,北湖段,85.00,都市：住
RPQOMLMJJILFFAI67CA,北湖段,18.73,都市：住
RPQOMLMJJILFFAI67CA,北湖段,.55,都市：住
RPQOMLMJJILFFAI67CA,北湖段,.55,都市：住
RPQOMLMJJILFFAI67CA,北湖段,86.00,都市：住
RPQOMLQLIILFFAI18CA,堀川段,34.00,都市：住
RPXNMLSLIILFFAI98CA,下路頭段,22.00,都市：住
RPXNMLSLIILFFAI98CA,下路頭段,55.00,都市：住
RPXNMLSLIILFFAI98CA,下路頭段,23.18,都市：住
RPQNMLRLIILFFAI18CA,湖子內段興安小段,575.88,都市：住
RPOOMLRJJILFFAI97CA,竹圍子段,15.00,都市：住
RPOOMLRJJILFFAI97CA,竹圍子段,3.00,都市：住
RPOOMLRJJILFFAI97CA,竹圍子段,127.00,都市：住
RPVOMLLMIILFFAI28CA,軍輝段,34.74,都市：住
RPPNMLKKJILFFAI37CA,車店段,20.46,都市：住
RPTOMLOKIILFFAI18CA,短竹段,3.49,都市：住
RPPNMLRKIILFFAI97CA,竹圍子段二小段,14.37,都市：住
RPRNMLRKIILFFAI18CA,湖子內段湖美小段,368.33,都市：住
RPRNMLRKIILFFAI18CA,湖子內段湖美小段,914.51,都市：其他
RPROMLOKIILFFAI97CA,車店段車店小段,16.08,都市：住
RPXNMLRKIILFFAI78CA,湖子內段興安小段,343.83,都市：住
RPXNMLRKIILFFAI78CA,湖子內段湖美小段,855.43,都市：住
RPWNMLNLIILFFAI38CA,堀川段,193.00,都市：住
RPWNMLNLIILFFAI38CA,堀川段,21.00,都市：其他
RPTNMLRJJILFFAI58EA,湖子內段新民小段,899.56,都市：住
RPTNMLNLIILFFAI08CA,港子坪段,88.00,都市：住
RPTNMLNLIILFFAI08CA,港子坪段,88.00,都市：住
RPTNMLNLIILFFAI08CA,港子坪段,2.00,都市：住
RPTNMLNLIILFFAI08CA,港子坪段,3.00,都市：住
RPTNMLNLIILFFAI08CA,港子坪段,1.00,都市：其他
RPTNMLNLIILFFAI08CA,港子坪段,1.00,都市：其他
RPSNMLRKIILFFAI28CA,湖子內段湖美小段,500.49,都市：住
RPSNMLRKIILFFAI28CA,湖子內段湖美小段,360.04,都市：住
RPUOMLOKIILFFAI28CA,埤子頭段,155.00,都市：住
RPPOMLMJJILFFAI57CA,下路頭段,227.00,都市：其他
RPUNMLTKIILFFAI68CA,竹圍子段二小段,106.00,都市：住
RPWOMLKLIILFFAI18CA,竹圍子段二小段,5.72,都市：住
RPSNMLKLIILFFAI67CA,北社尾段,12.01,都市：住
RPPOMLOKIILFFAI97EA,彌陀段,29.43,都市：住
RPUNMLNLIILFFAI18CA,下路頭段,87.00,都市：住
RPRNMLSKIILFFAI48EA,北社尾段保安小段,50.50,都市：住
RPQNMLRKIILFFAI28EA,台斗坑段,11.44,都市：住
RPSNMLSJJILFFAI38CA,盧厝段,210.00,都市：住
RPTNMLTKIILFFAI58CA,下路頭段,12.88,都市：住
RPTNMLTKIILFFAI58CA,下路頭段,68.00,都市：住
RPPNMLRLIILFFAI08CA,湖子內段新民小段,182.93,都市：住
RPPNMLRLIILFFAI08CA,湖子內段新民小段,60.98,都市：住
RPPNMLRLIILFFAI08CA,湖子內段新民小段,60.98,都市：住
RPPNMLRLIILFFAI08CA,湖子內段新民小段,76.22,都市：住
RPPNMLRLIILFFAI08CA,湖子內段新民小段,76.22,都市：住
RPPNMLRLIILFFAI08CA,湖子內段新民小段,76.22,都市：住
RPPNMLRLIILFFAI08CA,湖子內段新民小段,76.22,都市：住
RPUNMLLJJILFFAI87CA,下路頭段,11.00,都市：住
RPUNMLLJJILFFAI87CA,下路頭段,.08,都市：住
RPUNMLLJJILFFAI87CA,下路頭段,92.00,都市：住
RPSNMLPJJILFFAI08CA,竹圍子段,54.00,都市：住
RPXNMLMJJILFFAI28CA,車店段,38.25,都市：其他
RPXNMLMJJILFFAI28CA,車店段,13.12,都市：其他
RPSNMLSKIILFFAI58EA,埤子頭段,38.00,都市：住
RPPNMLLJJILFFAI37CA,西門段四小段,6.49,都市：商
RPRNMLPJJILFFAI97CA,竹圍子段,78.00,都市：住
RPWNMLMJJILFFAI18CA,長竹段,128.00,都市：住
RPUOMLLMIILFFAI18CA,遠東段,17.73,都市：住
RPUNMLKMIILFFAI97CA,後庄段,28.98,都市：住
RPUNMLKMIILFFAI97CA,後庄段,153.00,都市：住
RPTNMLKLIILFFAI77CA,鳥岫段,4850.51,都市：農
RPTNMLKLIILFFAI77CA,鳥岫段,87.07,都市：農
RPSNMLTKIILFFAI68EA,北湖段,118.00,都市：農
RPQOMLSKIILFFAI28CA,湖子內段新民小段,171.90,都市：住
RPQOMLSKIILFFAI28CA,湖子內段新民小段,254.55,都市：住
RPQOMLSKIILFFAI28CA,湖子內段新民小段,255.43,都市：住
RPQOMLSKIILFFAI28CA,湖子內段新民小段,165.29,都市：住
RPQOMLSKIILFFAI28CA,湖子內段新民小段,165.29,都市：住
RPTNMLSKIILFFAI68EA,北社尾段保安小段,23.20,都市：住
RPXNMLTKIILFFAI98CA,湖內段,20.53,都市：商
RPPNMLTKIILFFAI18CA,北社尾段,12.41,都市：住
RPPNMLPLIILFFAI97DA,北社尾段保安小段,11.22,都市：住
RPVNMLTKIILFFAI78CA,埤子頭段新厝小段,132.00,都市：住
RPVNMLLLIILFFAI08CA,遠東段,95.00,都市：住
RPXNMLMKJILFFAI38CA,湖內段,20.21,都市：住
RPWNMLQKJILFFAI68CA,末廣段五小段,25.48,都市：商
RPRNMLQKJILFFAI18CA,北門段五小段,266.00,都市：商
RPSNMLKMIILFFAI77CA,東門段六小段,53.00,都市：住
RPSNMLKMIILFFAI77CA,東門段六小段,315.00,都市：住
RPWNMLRLIILFFAI78CA,遠東段,13.46,都市：住
RPWNMLMKJILFFAI28CA,溪厝段,295.19,都市：農
RPTNMLKMIILFFAI87CA,東門段六小段,36.00,都市：住
RPTNMLKMIILFFAI87CA,東門段六小段,20.00,都市：住
RPQPMLQLIILFFAI28CA,北湖段,18.73,都市：住
RPQPMLQLIILFFAI28CA,北湖段,.55,都市：住
RPQPMLQLIILFFAI28CA,北湖段,.55,都市：住
RPQPMLQLIILFFAI28CA,北湖段,83.00,都市：住
RPVNMLLJJILFFAI97CA,埤子頭段新厝小段,28.92,都市：住
RPTNMLLJJILFFAI77CA,民族段五小段,67.00,都市：商
RPTNMLLJJILFFAI77CA,民族段五小段,91.00,都市：商
RPTNMLLJJILFFAI77CA,民族段五小段,8.00,都市：商
RPTNMLLJJILFFAI77CA,民族段五小段,151.00,都市：商
RPTNMLLJJILFFAI77CA,民族段五小段,60.00,都市：商
RPSNMLSLIILFFAI68EA,湖子內段新民小段,509.28,都市：商
RPPNMLLLIILFFAI47CA,西門段四小段,36.00,都市：住
RPXOMLKLIILFFAI28CA,竹圍子段,87.00,都市：住
RPOOMLMKJILFFAI57CA,西門段四小段,3.15,都市：住
RPOOMLMKJILFFAI57CA,西門段四小段,4.26,都市：住
RPOOMLMKJILFFAI57CA,西門段四小段,1.56,都市：住
RPPOMLMKJILFFAI67CA,湖子內段湖內小段,92.00,都市：住
RPPNMLQLIILFFAI97CA,竹圍子段友愛小段,66.00,都市：住
RPOOMLMJJILFFAI47CA,鳥岫段,639.69,都市：農
RPOOMLMJJILFFAI47CA,鳥岫段,858.35,都市：農
RPTNMLOLIILFFAI18CA,盧厝段,19.55,都市：住
RPPOMLLLIILFFAI57CA,竹圍子段二小段,8.12,都市：商
RPQNMLQLIILFFAI08CA,湖子內段興安小段,453.45,都市：住
RPXNMLPLIILFFAI68CA,湖子內段湖美小段,902.92,都市：住
RPOOMLRLIILFFAI08CA,湖子內段興安小段,801.14,都市：住
RPSNMLPLIILFFAI18CA,北社尾段,20.62,都市：住
RPXNMLRLIILFFAI88CA,湖子內段興安小段,601.52,都市：住
RPTOMLPKJILFFAI38CA,後庄段,70.00,都市：住
RPRPMLQLIILFFAI38CA,湖子內段湖美小段,213.79,都市：住
RPOOMLPLIILFFAI08EA,下路頭段,80.00,都市：住
RPTNMLMJJILFFAI87CA,長竹段,22.38,都市：住
RPUNMLSLIILFFAI68CA,遠東段,6.53,都市：住
RPQNMLSLIILFFAI28CA,新富段七小段,9.32,都市：商
RPROMLRLIILFFAI38CA,竹圍子段,132.00,都市：住
RPWNMLSLIILFFAI88CA,軍輝段,61.00,都市：住
RPROMLPLIILFFAI18CA,北門段七小段,8.75,都市：商
RPROMLQLIILFFAI28CA,下路頭段,11.00,都市：住
RPROMLQLIILFFAI28CA,下路頭段,81.00,都市：住
RPRNMLSLIILFFAI38CA,車店段車店小段,4.96,都市：住
RPOOMLSLIILFFAI18CA,港子坪段,16.34,都市：住
RPUNMLKKJILFFAI97DA,下埤段,52.42,都市：農
RPQOMLMKJILFFAI77CA,劉厝段劉厝小段,10.88,都市：住
RPQOMLMKJILFFAI77CA,劉厝段劉厝小段,.41,都市：住
RPQOMLMKJILFFAI77CA,劉厝段劉厝小段,3.41,都市：住
RPQNMLKMIILFFAI57CA,興村段,9.90,都市：商
RPXNMLLLIILFFAI48EA,湖子內段興安小段,165.29,都市：住
RPXNMLLLIILFFAI48EA,湖子內段興安小段,165.29,都市：住
RPOOMLLLIILFFAI67EA,湖子內段興安小段,1260.38,都市：住
RPPNMLTKJILFFAI28CA,同興段,100.00,都市：住
RPPNMLTKJILFFAI28CA,同興段,4.59,都市：住
RPPNMLTKJILFFAI28CA,同興段,1.00,都市：住
RPRNMLRKJILFFAI28CA,盧厝段,18.98,都市：住
RPVNMLRKJILFFAI88EA,湖子內段興安小段,403.46,都市：住
RPWOMLPLIILFFAI68CA,竹村段,22.96,都市：住
RPWOMLPLIILFFAI68CA,竹村段,244.21,都市：住
RPXNMLOLIILFFAI58CA,湖子內段興安小段,662.15,都市：住
RPRNMLRJJILFFAI18CA,埤子頭段,60.00,都市：住
RPQNMLMLIILFFAI67CA,湖子內段興安小段,267.68,都市：住
RPQNMLMLIILFFAI67CA,湖子內段興安小段,267.68,都市：住
RPQNMLMLIILFFAI67CA,湖子內段興安小段,267.90,都市：住
RPQNMLMLIILFFAI67CA,湖子內段興安小段,267.90,都市：住
RPOOMLOLIILFFAI77CA,湖子內段興安小段,418.04,都市：住
RPRNMLPLIILFFAI28EA,北社尾段,96.00,都市：住
RPPOMLPLIILFFAI97CA,車店段車店小段,110.00,都市：住
RPQOMLPLIILFFAI08CA,太平段,11.34,都市：住
RPQOMLPLIILFFAI08CA,盧厝段,4.66,都市：住
RPVNMLOLIILFFAI38CA,後庄段,72.00,都市：住
RPVNMLOLIILFFAI38CA,後庄段,19.00,都市：住
RPUNMLLMIILFFAI08CA,車店段車店小段,161.00,都市：住
RPSNMLQKJILFFAI28CA,湖子內段興安小段,57.59,都市：住
RPSNMLQKJILFFAI28CA,湖子內段新民小段,61.92,都市：住
RPSNMLQKJILFFAI28CA,湖子內段新民小段,86.73,都市：住
RPWNMLOLIILFFAI68EA,短竹段,.00,都市：其他
RPWNMLOLIILFFAI68EA,短竹段,36.30,都市：其他
RPVNMLMJJILFFAI08CA,劉厝段,48.00,都市：住
RPQNMLLMIILFFAI67CA,育人段,9.92,都市：住
RPQNMLLMIILFFAI67CA,育人段,85.78,都市：住
RPROMLMKJILFFAI87CA,下埤段,774.73,都市：農
RPUNMLMJJILFFAI97CA,劉厝段,48.00,都市：住
RPWNMLRJJILFFAI68CA,遠東段,3.57,都市：住
RPUNMLPLIILFFAI58EA,後庄段,81.00,都市：住
RPXOMLLMIILFFAI48CA,短竹段,12.38,都市：住
RPPOMLSLIILFFAI28CA,埤子頭段,7.02,都市：住
RPPOMLSLIILFFAI28CA,埤子頭段,7.97,都市：住
RPPNMLQJJILFFAI87CA,遠東段,17.08,都市：住
RPOPMLLMIILFFAI67CA,下路頭段,7.61,都市：住
RPRNMLSKJILFFAI38CA,劉厝段玉山小段,111.21,都市：住
RPQNMLKKJILFFAI47CA,竹圍子段,20.90,都市：住
RPQNMLQJJILFFAI97CA,遠東段,16.19,都市：住
RPSOMLPKJILFFAI48EA,湖子內段興安小段,736.53,都市：住
RPTNMLRKJILFFAI58DA,湖子內段湖美小段,669.30,都市：住
RPUOMLRKJILFFAI78DA,湖子內段湖美小段,1051.85,都市：住
RPVOMLRKJILFFAI88DA,湖子內段新民小段,630.00,都市：住
RPPPMLRKJILFFAI38DA,湖子內段湖美小段,184.86,都市：住
RPRNMLQJJILFFAI08CA,遠東段,16.25,都市：住
RPSOMLMKJILFFAI97CA,興村段,17.20,都市：住
RPSNMLRJJILFFAI48EA,盧厝段,100.00,都市：住
RPXOMLRKJILFFAI09DA,湖子內段湖美小段,560.19,都市：住
RPVOMLMLJILFFAI38CA,劉厝段玉山小段,96.35,都市：住
RPTOMLMKJILFFAI08CA,湖子內段湖美小段,1487.60,都市：住
RPVNMLQKJILFFAI58CA,劉厝段玉山小段,142.79,都市：住
RPPNMLSKJILFFAI28DA,湖子內段興安小段,180.19,都市：住
RPPNMLLMIILFFAI57CA,湖子內段興安小段,237.33,都市：住
RPQPMLPKJILFFAI18CA,台斗坑段,20.88,都市：住
RPTNMLOLJILFFAI28CA,北社尾段保安小段,21.04,都市：住
RPWOMLLMIILFFAI38CA,竹圍子段,41.67,都市：住
RPSOMLSKJILFFAI58CA,盧厝段,101.00,都市：住
RPPNMLMJJILFFAI47CA,玉川段,64.00,都市：住
RPQNMLKLJILFFAI57CA,檜段四小段,1.93,都市：住
RPRNMLMJJILFFAI67CA,育人段,10.25,都市：住
RPRNMLMJJILFFAI67CA,育人段,79.07,都市：住
RPUNMLPJJILFFAI28CA,竹村段,23.28,都市：住
RPPNMLTLIILFFAI28CA,盧東段,71.88,都市：農
RPPNMLTLIILFFAI28CA,盧東段,2.81,都市：農
RPPNMLTLIILFFAI28CA,盧東段,24.75,都市：農
RPPNMLNJJILFFAI77EA,北門段五小段,31.00,都市：住
RPXNMLNJJILFFAI58EA,盧厝段,4.89,都市：住
RPROMLMLJILFFAI08DA,湖子內段新民小段,1340.90,都市：住
RPTNMLOKJILFFAI28DA,下路頭段,52.00,都市：住
RPTNMLOKJILFFAI28DA,下路頭段,15.25,都市：住
RPUNMLOKJILFFAI38DA,湖子內段湖美小段,613.04,都市：住
RPPNMLSJJILFFAI28EA,湖子內段興安小段,157.51,都市：住
RPTNMLLMIILFFAI18EA,新富段五小段,70.00,都市：商
RPRNMLLJJILFFAI77EA,車店段,72.00,都市：住
RPVNMLOKJILFFAI48DA,湖子內段湖美小段,894.65,都市：住
RPPOMLNLJILFFAI87CA,短竹段,26.31,都市：住
RPPOMLNLJILFFAI87CA,短竹段,28.22,都市：住
RPSOMLMLJILFFAI18DA,湖子內段新民小段,110.44,都市：住
RPQNMLPJJILFFAI87CA,同興段,137.00,都市：工
RPQNMLPJJILFFAI87CA,同興段,85.00,都市：工
RPXNMLLJJILFFAI18CA,湖子內段湖美小段,690.28,都市：其他
RPSNMLTKJILFFAI58CA,竹圍子段,12.79,都市：住
RPVNMLLMIILFFAI18CA,湖子內段興安小段,201.95,都市：住
RPPNMLKLJILFFAI47CA,軍輝段,59.75,都市：住
RPXNMLLMIILFFAI38CA,北社尾段保安小段,321.00,都市：住
RPOOMLSKJILFFAI18CA,太平段,85.00,都市：住
RPPOMLLMIILFFAI67CA,北社尾段保安小段,90.00,都市：住
RPOOMLLMIILFFAI57CA,北社尾段保安小段,360.00,都市：住
RPWNMLLMIILFFAI28CA,湖子內段興安小段,204.60,都市：住
RPPOMLSKJILFFAI28CA,同興段,81.00,都市：住
RPPOMLSKJILFFAI28CA,同興段,4.59,都市：住
RPQOMLLMIILFFAI77CA,北社尾段保安小段,90.00,都市：住
RPROMLLMIILFFAI87CA,北社尾段保安小段,181.00,都市：住
RPSOMLLMIILFFAI97CA,北社尾段保安小段,88.00,都市：住
RPTOMLLMIILFFAI08CA,北社尾段保安小段,268.00,都市：住
RPWNMLPKJILFFAI58CA,湖子內段興安小段,442.70,都市：住
RPSNMLPKJILFFAI18CA,湖子內段新民小段,496.88,都市：住
RPTNMLPJJILFFAI18CA,湖內段,20.53,都市：住
RPWNMLKKJILFFAI08CA,新富段一小段,.27,都市：商
RPWNMLKKJILFFAI08CA,南門段七小段,7.33,都市：商
RPRNMLTKJILFFAI48CA,劉厝段劉厝小段,16.87,都市：住
RPRNMLTKJILFFAI48CA,劉厝段劉厝小段,.63,都市：住
RPRNMLTKJILFFAI48CA,劉厝段劉厝小段,5.29,都市：住
RPWNMLOKJILFFAI58DA,湖子內段新民小段,687.50,都市：住
RPTNMLPKJILFFAI28CA,湖子內段湖美小段,609.85,都市：住
RPUNMLPKJILFFAI38CA,湖子內段興安小段,434.10,都市：住
RPUNMLPKJILFFAI38CA,湖子內段興安小段,434.10,都市：住
RPUNMLMLJILFFAI18CA,竹圍子段二小段,17.47,都市：住
