﻿編號,土地區段位置,土地移轉面積平方公尺,使用分區或編定
The serial number,land sector position,land shifting area square meter,the use zoning or compiles and checks
RPQNMLRKQHLFFBV67DA,忠勇段,211.10,都市：住
RPQNMLRKQHLFFBV67DA,忠勇段,17.22,都市：住
RPQNMLRKQHLFFBV67DA,忠勇段,24.16,都市：住
RPQNMLPKQHLFFBV37CA,濱海段,39.52,都市：住
RPQNMLPKQHLFFBV37CA,濱海段,30.24,都市：住
RPQNMLPKQHLFFBV37CA,濱海段,131.12,都市：住
RPPNMLMJQHLFFCV07DA,福文段,36.55,都市：住
RPXNMLNLQHLFFCV08CA,鹿寮段,470.01,非都市：鄉村區 ; 非都市編定：乙種建築用地
RPTNMLNJQHLFFAV27CA,台東段,32.00,都市：住
RPTNMLNJQHLFFAV27CA,台東段,8.00,都市：住
RPPNMLTJQHLFFBV57CA,新竹湖段,2051.16,非都市：風景區 ; 非都市編定：農牧用地
RPPNMLTJQHLFFBV57CA,新竹湖段,1799.71,非都市：風景區 ; 非都市編定：農牧用地
RPPNMLTJQHLFFBV57CA,新竹湖段,928.41,非都市：風景區 ; 非都市編定：農牧用地
RPSNMLMJQHLFFAV07CA,豐榮段,55.00,都市：住
RPQNMLNJQHLFFCV27DA,南山段,78.87,都市：住
RPUNMLKKQHLFFAV17CA,豐榮段,98.11,都市：住
RPVNMLTJQHLFFAV08CA,豐利段,2585.05,都市：農
RPVNMLTJQHLFFAV08CA,豐利段,18.16,都市：其他
RPSNMLQKQHLFFBV67CA,三間段大來小段,1016.00,非都市：風景區 ; 非都市編定：農牧用地
RPRNMLSJQHLFFAV57CA,岩灣段,157.60,都市：住
RPUNMLMKQHLFFAV37CA,台東段,132.00,都市：住
RPUNMLMKQHLFFAV37CA,台東段,4.00,都市：住
RPSNMLOJQHLFFAV27CA,福德段,4057.74,非都市：山坡地保育區 ; 非都市編定：農牧用地
RPSNMLOJQHLFFAV27CA,福德段,1137.92,非都市：山坡地保育區 ; 非都市編定：農牧用地
RPTNMLOJQHLFFAV37CA,福德段,5195.03,非都市：山坡地保育區 ; 非都市編定：農牧用地
RPQNMLSJQHLFFAV47CA,岩灣段,162.85,都市：住
RPTNMLQKQHLFFBV87DA,忠勇段,7.01,都市：住
RPTNMLQKQHLFFBV87DA,忠勇段,12.93,都市：住
RPPNMLOJQHLFFCV27DA,萬安段水墜小段,11.00,非都市：山坡地保育區 ; 非都市編定：丙種建築用地
RPPNMLOJQHLFFCV27DA,萬安段水墜小段,355.00,非都市：山坡地保育區 ; 非都市編定：丙種建築用地
RPPNMLOJQHLFFCV27DA,萬安段水墜小段,48.00,非都市：山坡地保育區 ; 非都市編定：丙種建築用地
RPPNMLPJQHLFFBV17CA,南八里段,64.94,非都市：鄉村區 ; 非都市編定：乙種建築用地
RPRNMLTJQHLFFBV77CA,萬年段,70.00,非都市：鄉村區 ; 非都市編定：乙種建築用地
RPQNMLKKQHLFFAV86DA,旭川段,255.23,非都市：鄉村區 ; 非都市編定：乙種建築用地
RPUNMLTKQHLFFAV08CA,台東段,43.74,都市：住
RPPNMLKKQHLFFDV96CA,復興段,115.92,都市：住
RPQNMLSJQHLFFCV77DA,瑞豐段,75.16,非都市：鄉村區 ; 非都市編定：乙種建築用地
RPPNMLSKQHLFFDV87DA,都哇拔段,295.34,非都市：鄉村區 ; 非都市編定：乙種建築用地
RPSNMLTJQHLFFBV97DA,成功段,84.64,都市：農
RPQNMLOJQHLFFCV27CA,萬朝段,92.54,非都市：一般農業區 ; 非都市編定：農牧用地
RPQNMLOJQHLFFCV27CA,萬朝段,92.54,非都市：一般農業區 ; 非都市編定：農牧用地
RPQNMLOJQHLFFCV27CA,萬朝段,181.06,非都市：一般農業區 ; 非都市編定：農牧用地
RPQNMLOJQHLFFCV27CA,萬朝段,181.06,非都市：一般農業區 ; 非都市編定：農牧用地
RPQNMLOJQHLFFCV27CA,萬朝段,524.60,非都市：一般農業區 ; 非都市編定：農牧用地
RPQNMLOJQHLFFCV27CA,萬朝段,524.60,非都市：一般農業區 ; 非都市編定：農牧用地
RPUNMLTJQHLFFAV97CA,新中寮段,60.44,都市：其他
RPUNMLTJQHLFFAV97CA,新中寮段,55.18,都市：其他
RPUNMLTJQHLFFAV97CA,新中寮段,260.44,都市：住
RPUNMLNJQHLFFAV37CA,建業段,132.72,都市：住
RPVNMLOJQHLFFAV57CA,永豐段,3056.27,都市：農
RPVNMLOJQHLFFAV57CA,永豐段,755.03,都市：農
RPVNMLOJQHLFFAV57CA,永豐段,2642.26,都市：農
RPVNMLOJQHLFFAV57CA,永豐段,2649.98,都市：農
RPVNMLOJQHLFFAV57CA,永豐段,2650.04,都市：農
RPPNMLPJQHLFFAV07CA,青林段,2500.00,非都市：山坡地保育區 ; 非都市編定：農牧用地
RPPNMLPJQHLFFAV07CA,青林段,3365.53,非都市：山坡地保育區 ; 非都市編定：農牧用地
RPQNMLQKQHLFFAV37CA,台東段,3.40,都市：住
RPQNMLQKQHLFFAV37CA,台東段,31.36,都市：住
RPQNMLQKQHLFFAV37CA,台東段,7.42,都市：住
RPPNMLRJQHLFFAV27CA,興安段,110.96,都市：住
RPWNMLTJQHLFFAV18CA,鎮樂段,700.00,非都市：山坡地保育區 ; 非都市編定：丙種建築用地
RPPNMLKKQHLFFAV76DA,利家段,25.00,非都市：山坡地保育區 ; 非都市編定：丙種建築用地
RPTNMLLKQHLFFAV17CA,台東段,68.00,都市：住
RPSNMLRKQHLFFAV67CA,利家段,67.00,非都市：鄉村區 ; 非都市編定：乙種建築用地
RPQNMLTJQHLFFBV67CA,忠勇段,28.60,都市：住
RPQNMLTJQHLFFBV67CA,忠勇段,27.84,都市：住
RPQNMLTJQHLFFBV67CA,忠勇段,3.03,都市：住
RPPNMLPKQHLFFCV37CA,四維段,2666.62,非都市：一般農業區 ; 非都市編定：農牧用地
RPRNMLKKQHLFFBV96CA,南河段,49.25,都市：其他
RPRNMLKKQHLFFBV96CA,南河段,61.92,都市：住
RPRNMLKKQHLFFBV96CA,南河段,242.71,都市：住
RPXNMLSKQHLFFAV38DA,永清段,84.50,都市：商
RPPNMLRKQHLFFAV37CA,旭川段,258.17,非都市：鄉村區 ; 非都市編定：乙種建築用地
RPPNMLRKQHLFFAV37CA,旭川段,258.17,非都市：鄉村區 ; 非都市編定：乙種建築用地
RPUNMLLKQHLFFAV27CA,豐樂段,62.00,都市：工
RPUNMLLKQHLFFAV27CA,豐樂段,16.00,都市：工
RPVNMLLKQHLFFAV37CA,自強段,8.98,都市：住
RPVNMLLKQHLFFAV37CA,自強段,8.44,都市：住
RPPOMLLKQHLFFAV86CA,馬蘭段,15.00,都市：其他
RPXNMLLKQHLFFAV57CA,自強段,23.00,都市：住
RPQNMLKKQHLFFBV86CA,忠勇段,1012.43,都市：其他
RPPNMLLKQHLFFCV07DA,東明段,3536.79,非都市：一般農業區 ; 非都市編定：農牧用地
RPXNMLMKQHLFFAV67CA,新中寮段,15.66,都市：農
RPXNMLMKQHLFFAV67CA,新中寮段,237.22,都市：農
RPRNMLLKQHLFFAV96CA,自強段,6.19,都市：住
RPVNMLMKQHLFFAV47CA,明峰段,6373.28,非都市：山坡地保育區 ; 非都市編定：農牧用地
RPVNMLMKQHLFFAV47CA,明峰段,185.34,非都市：山坡地保育區 ; 非都市編定：農牧用地
RPQOMLLKQHLFFAV96CA,自強段,37.00,都市：其他
RPSNMLTJQHLFFAV77CA,岩灣段,195.60,都市：住
RPOOMLMKQHLFFAV86CA,梧州段,418.52,都市：住
RPPNMLLKQHLFFAV76CA,台東段,5.00,都市：住
RPPNMLLKQHLFFAV76CA,台東段,66.00,都市：住
RPPNMLLKQHLFFAV76CA,台東段,34.00,都市：住
RPPNMLLKQHLFFAV76CA,台東段,2.00,都市：住
RPWNMLLKQHLFFAV47CA,自強段,8.98,都市：住
RPWNMLLKQHLFFAV47CA,自強段,8.44,都市：住
RPWNMLMKQHLFFAV57CA,明峰段,2128.82,非都市：山坡地保育區 ; 非都市編定：農牧用地
RPWNMLMKQHLFFAV57CA,明峰段,687.68,非都市：山坡地保育區 ; 非都市編定：農牧用地
RPWNMLMKQHLFFAV57CA,明峰段,591.34,非都市：山坡地保育區 ; 非都市編定：農牧用地
RPWNMLMKQHLFFAV57CA,明峰段,1635.30,非都市：山坡地保育區 ; 非都市編定：農牧用地
RPWNMLMKQHLFFAV57CA,明峰段,397.08,非都市：山坡地保育區 ; 非都市編定：農牧用地
RPSNMLKKQHLFFAV96CA,常德段,12.53,都市：住
RPSNMLLKQHLFFAV07CA,自強段,39.60,都市：住
RPQNMLNLQHLFFBV27CA,田組段,12.01,非都市：風景區 ; 非都市編定：農牧用地
RPQNMLNLQHLFFBV27CA,田組段,98.94,非都市：風景區 ; 非都市編定：農牧用地
RPQNMLNLQHLFFBV27CA,田組段,1051.95,非都市：風景區 ; 非都市編定：農牧用地
RPQNMLNLQHLFFBV27CA,田組段,10525.39,非都市：風景區 ; 非都市編定：農牧用地
RPQNMLNLQHLFFBV27CA,田組段,1200.22,非都市：風景區 ; 非都市編定：農牧用地
RPTNMLTJQHLFFAV97DA,台東段,132.00,都市：住
RPTNMLTJQHLFFAV97DA,台東段,200.00,都市：住
RPPNMLPJRHLFFCV37CA,鹿寮段,2625.70,非都市：山坡地保育區 ; 非都市編定：農牧用地
RPPNMLTLQHLFFAV77DA,新生段,16.85,都市：住
RPQNMLMKQHLFFDV37DA,蘭里段,801.00,非都市：鄉村區 ; 非都市編定：乙種建築用地
RPPNMLLKQHLFFBV96DA,成功段,45.35,都市：其他
RPTNMLTJQHLFFBV97CA,萬年段,14.00,非都市：鄉村區 ; 非都市編定：乙種建築用地
RPTNMLTJQHLFFBV97CA,萬年段,71.00,非都市：鄉村區 ; 非都市編定：乙種建築用地
RPRNMLQKQHLFFAV47CA,常德段,92.74,都市：住
RPQNMLRJQHLFFAV37CA,興安段,115.05,都市：住
RPPNMLMKQHLFFCV07CA,福原段,132.97,都市：住
RPPNMLMKQHLFFCV07CA,福原段,133.00,都市：住
RPPOMLMKQHLFFAV96CA,知本段,5000.00,非都市：特定農業區 ; 非都市編定：農牧用地
RPVNMLMLQHLFFAV57CA,台東段,48.00,都市：住
RPVNMLMLQHLFFAV57CA,台東段,48.00,都市：住
RPVNMLMLQHLFFAV57CA,台東段,48.00,都市：住
RPTNMLMKQHLFFAV27CA,豐成段,111.08,非都市：特定農業區 ; 非都市編定：甲種建築用地
RPPNMLMLQHLFFAV96CA,馬蘭段,107.00,都市：住
RPPNMLMLQHLFFAV96CA,馬蘭段,108.00,都市：住
RPWNMLSKQHLFFAV18CA,豐航段,903.49,都市：住
RPWNMLSKQHLFFAV18CA,豐航段,59.96,都市：其他
RPWNMLSKQHLFFAV18CA,豐航段,61.26,都市：其他
RPUNMLQKQHLFFAV77CA,中心段,83.00,都市：住
RPXNMLQKQHLFFAV08CA,岩灣段,157.38,都市：住
RPPNMLPKQHLFFAV17CA,東海段,76.94,都市：住
RPQNMLPKQHLFFAV27CA,明峰段,6202.98,非都市：山坡地保育區 ; 非都市編定：農牧用地
RPPNMLMJRHLFFBV96CA,南八里段,434.69,非都市：鄉村區 ; 非都市編定：乙種建築用地
RPOOMLSKQHLFFAV47CA,建華段,1600.00,都市：農
RPOOMLSKQHLFFAV47CA,建華段,1600.00,都市：農
RPRNMLRKQHLFFBV67CA,玉港段,459.08,非都市：風景區 ; 非都市編定：農牧用地
RPRNMLPKQHLFFAV37CA,台東段,26.82,都市：住
RPRNMLPKQHLFFAV37CA,台東段,49.00,都市：住
RPSNMLRKQHLFFBV77CA,玉港段,289.15,非都市：風景區 ; 非都市編定：農牧用地
RPPNMLQKQHLFFAV27CA,台東段,30.33,都市：住
RPPNMLPKQHLFFBV37DA,高原段,3.00,非都市：鄉村區 ; 非都市編定：乙種建築用地
RPPNMLKMQHLFFDV27DA,金星段,4990.00,非都市：山坡地保育區 ; 非都市編定：農牧用地
RPPNMLKMQHLFFDV27DA,壢坵段,5275.00,非都市：森林區 ; 非都市編定：林業用地
RPPNMLTLQHLFFDV97CA,復興段,27.91,都市：住
RPPNMLTLQHLFFDV97CA,復興段,3.23,都市：住
RPPNMLRKQHLFFCV57CA,水井段,301.50,非都市：鄉村區 ; 非都市編定：乙種建築用地
RPPNMLQKQHLFFBV47DA,玉港段,523.99,非都市：風景區 ; 非都市編定：丙種建築用地
RPPNMLSKQHLFFAV47CA,中心段,147.00,都市：住
RPTNMLRKQHLFFAV77CA,台東段,150.00,都市：商
RPQNMLMJRHLFFAV96CA,常德段,110.02,都市：住
RPTNMLQKQHLFFAV77DA,興安段,150.70,都市：住
RPRNMLSKQHLFFAV67CA,豐康段,83.00,都市：住
RPQNMLKMQHLFFBV07CA,忠勇段,68.24,都市：住
RPQNMLKMQHLFFBV07CA,忠勇段,56.13,都市：住
RPRNMLRKQHLFFAV57CA,東農段,2500.00,非都市：特定農業區 ; 非都市編定：農牧用地
RPPNMLMJRHLFFAV86CA,豐年段,111.86,都市：住
RPQNMLRKQHLFFAV47CA,順天段,89.45,都市：住
RPSNMLTKQHLFFAV87CA,普優瑪段,26.32,都市：住
RPSNMLTKQHLFFAV87CA,普優瑪段,53.61,都市：住
RPQNMLPLQHLFFAV37CA,明峰段,293.77,非都市：特定專用區 ; 非都市編定：國土保安用地
RPQNMLPLQHLFFAV37CA,明峰段,910.27,非都市：特定專用區 ; 非都市編定：遊憩用地
RPQNMLPLQHLFFAV37CA,明峰段,913.72,非都市：特定專用區 ; 非都市編定：國土保安用地
RPQNMLPLQHLFFAV37CA,明峰段,1169.16,非都市：特定專用區 ; 非都市編定：遊憩用地
RPQNMLPLQHLFFAV37CA,明峰段,2788.10,非都市：特定專用區 ; 非都市編定：交通用地
RPQNMLPLQHLFFAV37CA,明峰段,233.55,非都市：特定專用區 ; 非都市編定：國土保安用地
RPQNMLPLQHLFFAV37CA,明峰段,35.06,非都市：特定專用區 ; 非都市編定：遊憩用地
RPQNMLPLQHLFFAV37CA,明峰段,346.00,非都市：特定專用區 ; 非都市編定：國土保安用地
RPQNMLPLQHLFFAV37CA,明峰段,528.61,非都市：特定專用區 ; 非都市編定：國土保安用地
RPQNMLPLQHLFFAV37CA,明峰段,596.59,非都市：特定專用區 ; 非都市編定：國土保安用地
RPQNMLPLQHLFFAV37CA,明峰段,1372.05,非都市：特定專用區 ; 非都市編定：國土保安用地
RPQNMLPLQHLFFAV37CA,明峰段,3266.21,非都市：特定專用區 ; 非都市編定：交通用地
RPQNMLPLQHLFFAV37CA,明峰段,5391.48,非都市：特定專用區 ; 非都市編定：遊憩用地
RPQNMLPLQHLFFAV37CA,明峰段,696.70,非都市：特定專用區 ; 非都市編定：特定目的事業用地
RPQNMLPLQHLFFAV37CA,明峰段,704.52,非都市：特定專用區 ; 非都市編定：水利用地
RPQNMLPLQHLFFAV37CA,明峰段,1066.05,非都市：特定專用區 ; 非都市編定：遊憩用地
RPQNMLPLQHLFFAV37CA,明峰段,3412.07,非都市：特定專用區 ; 非都市編定：國土保安用地
RPQNMLPLQHLFFAV37CA,明峰段,3315.85,非都市：特定專用區 ; 非都市編定：遊憩用地
RPQNMLPLQHLFFAV37CA,明峰段,12.73,非都市：特定專用區 ; 非都市編定：交通用地
RPQNMLPLQHLFFAV37CA,明峰段,8241.08,非都市：特定專用區 ; 非都市編定：國土保安用地
RPQNMLPLQHLFFAV37CA,明峰段,269.01,非都市：特定專用區 ; 非都市編定：國土保安用地
RPQNMLPLQHLFFAV37CA,明峰段,833.14,非都市：特定專用區 ; 非都市編定：國土保安用地
RPQNMLPLQHLFFAV37CA,明峰段,2076.51,非都市：特定專用區 ; 非都市編定：遊憩用地
RPQNMLPLQHLFFAV37CA,明峰段,2809.60,非都市：特定專用區 ; 非都市編定：遊憩用地
RPQNMLPLQHLFFAV37CA,明峰段,17.89,非都市：特定專用區 ; 非都市編定：遊憩用地
RPQNMLPLQHLFFAV37CA,明峰段,47.81,非都市：特定專用區 ; 非都市編定：交通用地
RPQNMLPLQHLFFAV37CA,明峰段,1422.14,非都市：特定專用區 ; 非都市編定：國土保安用地
RPQNMLPLQHLFFAV37CA,明峰段,8160.21,非都市：特定專用區 ; 非都市編定：遊憩用地
RPQNMLPLQHLFFAV37CA,明峰段,950.17,非都市：特定專用區 ; 非都市編定：國土保安用地
RPQNMLPLQHLFFAV37CA,明峰段,1516.36,非都市：特定專用區 ; 非都市編定：遊憩用地
RPPNMLQJRHLFFCV47CA,紅葉段,500.00,都市：其他
RPPNMLLMQHLFFCV17CA,萬安段水墜小段,4155.00,非都市：山坡地保育區 ; 非都市編定：農牧用地
RPQNMLMKRHLFFDV37CA,多良段,7200.00,非都市：山坡地保育區 ; 非都市編定：農牧用地
RPQNMLMKRHLFFDV37CA,多良段,14946.00,非都市：山坡地保育區 ; 非都市編定：林業用地
RPQNMLMKRHLFFDV37CA,多良段,14950.00,非都市：山坡地保育區 ; 非都市編定：林業用地
RPQNMLMKRHLFFDV37CA,多良段,15024.00,非都市：山坡地保育區 ; 非都市編定：林業用地
RPQNMLMKRHLFFDV37CA,多良段,15098.00,非都市：山坡地保育區 ; 非都市編定：林業用地
RPQNMLMKRHLFFDV37CA,多良段,14668.00,非都市：山坡地保育區 ; 非都市編定：林業用地
RPPNMLRJRHLFFBV47CA,長光段,434.64,非都市：鄉村區 ; 非都市編定：乙種建築用地
RPPNMLRJRHLFFBV47CA,馬稼海段,126.63,非都市：風景區 ; 非都市編定：農牧用地
RPVNMLSKQHLFFAV08CA,下賓朗段,90.22,非都市：一般農業區 ; 非都市編定：甲種建築用地
RPROMLTJRHLFFAV97DA,台東段,105.00,都市：住
RPQNMLQLQHLFFDV77CA,秀山段,206.61,都市：商
RPQNMLQLQHLFFDV77CA,秀山段,1.99,都市：商
RPPNMLTKQHLFFCV77CA,水井段,2238.16,非都市：特定農業區 ; 非都市編定：農牧用地
RPPNMLTKQHLFFCV77CA,水井段,2558.22,非都市：特定農業區 ; 非都市編定：農牧用地
RPPNMLTKQHLFFCV77CA,水井段,276.72,非都市：特定農業區 ; 非都市編定：農牧用地
RPPNMLTKQHLFFCV77CA,水井段,477.59,非都市：特定農業區 ; 非都市編定：農牧用地
RPQNMLTLQHLFFDV08CA,復興段,16.36,都市：住
RPQNMLTLQHLFFDV08CA,復興段,1.78,都市：住
RPQNMLPLQHLFFDV77DA,嘉新段,599.60,非都市：山坡地保育區 ; 非都市編定：農牧用地
RPVNMLQKQHLFFAV87CA,台東段,53.60,都市：住
RPUNMLLMQHLFFAV47CA,岩灣段,169.48,都市：住
RPPNMLPLQHLFFDV67DA,嘉新段,858.10,非都市：山坡地保育區 ; 非都市編定：農牧用地
RPPNMLNLQHLFFAV07CA,旭川段,221.75,非都市：鄉村區 ; 非都市編定：乙種建築用地
RPPNMLNLQHLFFAV07CA,旭川段,221.75,非都市：鄉村區 ; 非都市編定：乙種建築用地
RPRNMLTKQHLFFAV77CA,自強段,27.14,都市：住
RPQNMLTKQHLFFAV67CA,新生段,118.00,都市：住
RPUNMLMLQHLFFAV47CA,岩灣段,196.97,都市：住
RPRNMLMLQHLFFAV17CA,豐成段,2812.00,非都市：特定農業區 ; 非都市編定：農牧用地
RPRNMLMLQHLFFAV17CA,豐成段,2500.47,非都市：特定農業區 ; 非都市編定：農牧用地
RPRNMLMLQHLFFAV17CA,豐成段,4687.31,非都市：特定農業區 ; 非都市編定：農牧用地
RPQNMLMLQHLFFAV07CA,馬蘭段,11.54,都市：住
RPQNMLQJRHLFFBV57DA,忠智段,108.81,都市：住
RPSNMLNLQHLFFCV57CA,溪埔段,578.30,非都市：一般農業區 ; 非都市編定：水利用地
RPSNMLNLQHLFFCV57CA,溪埔段,264.94,非都市：一般農業區 ; 非都市編定：水利用地
RPSNMLNLQHLFFCV57CA,隆盛段,1065.92,非都市：特定農業區 ; 非都市編定：水利用地
RPSNMLNLQHLFFCV57CA,隆盛段,2242.90,非都市：特定農業區 ; 非都市編定：水利用地
RPSNMLNLQHLFFCV57CA,隆盛段,1396.55,非都市：特定農業區 ; 非都市編定：水利用地
RPQNMLNLQHLFFCV37CA,溪埔段,2500.97,非都市：特定農業區 ; 非都市編定：水利用地
RPQNMLNLQHLFFCV37CA,溪埔段,505.90,非都市：一般農業區 ; 非都市編定：水利用地
RPPNMLNLQHLFFCV27CA,隆盛段,61.38,非都市：特定農業區 ; 非都市編定：水利用地
RPPNMLNLQHLFFCV27CA,隆盛段,1.75,非都市：特定農業區 ; 非都市編定：水利用地
RPPNMLNLQHLFFCV27CA,隆盛段,566.20,非都市：特定農業區 ; 非都市編定：水利用地
RPPNMLNLQHLFFCV27CA,隆盛段,505.28,非都市：特定農業區 ; 非都市編定：水利用地
RPPNMLNLQHLFFCV27CA,隆盛段,216.94,非都市：特定農業區 ; 非都市編定：水利用地
RPVNMLNLQHLFFCV87CA,溪埔段,134.71,非都市：特定農業區 ; 非都市編定：水利用地
RPVNMLNLQHLFFCV87CA,溪埔段,13.83,非都市：特定農業區 ; 非都市編定：水利用地
RPQNMLQJRHLFFCV57CA,紅葉段,62.00,都市：其他
RPQNMLQJRHLFFCV57CA,紅葉段,258.00,都市：其他
RPQNMLQJRHLFFCV57CA,紅葉段,16.00,都市：其他
RPQNMLOLQHLFFBV37CA,新竹湖段,19.78,非都市：風景區 ; 非都市編定：交通用地
RPQNMLOLQHLFFBV37CA,新竹湖段,25.09,非都市：風景區 ; 非都市編定：交通用地
RPTNMLNLQHLFFCV67CA,溪埔段,864.08,非都市：特定農業區 ; 非都市編定：水利用地
RPTNMLNLQHLFFCV67CA,溪埔段,1453.66,非都市：特定農業區 ; 非都市編定：水利用地
RPTNMLNLQHLFFCV67CA,溪埔段,51.13,非都市：特定農業區 ; 非都市編定：水利用地
RPUNMLNLQHLFFCV77CA,溪埔段,412.27,非都市：特定農業區 ; 非都市編定：水利用地
RPUNMLNLQHLFFCV77CA,溪埔段,6.36,非都市：特定農業區 ; 非都市編定：水利用地
RPQNMLPLQHLFFCV57CA,隆昌段,2183.15,非都市：特定農業區 ; 非都市編定：農牧用地
RPQNMLPLQHLFFCV57CA,隆昌段,786.04,非都市：特定農業區 ; 非都市編定：農牧用地
RPQNMLPLQHLFFCV57CA,隆昌段,1256.04,非都市：特定農業區 ; 非都市編定：農牧用地
RPQNMLPLQHLFFCV57CA,隆昌段,1726.19,非都市：特定農業區 ; 非都市編定：農牧用地
RPQNMLPLQHLFFCV57CA,隆昌段,490.04,非都市：特定農業區 ; 非都市編定：農牧用地
RPQNMLPLQHLFFCV57CA,隆昌段,642.31,非都市：特定農業區 ; 非都市編定：農牧用地
RPQNMLPLQHLFFCV57CA,隆昌段,151.26,非都市：特定農業區 ; 非都市編定：農牧用地
RPQNMLPLQHLFFCV57CA,隆昌段,849.09,非都市：特定農業區 ; 非都市編定：農牧用地
RPQNMLPLQHLFFCV57CA,隆昌段,415.78,非都市：特定農業區 ; 非都市編定：農牧用地
RPRNMLNLQHLFFCV47CA,溪埔段,785.08,非都市：特定農業區 ; 非都市編定：水利用地
RPRNMLNLQHLFFCV47CA,溪埔段,1264.29,非都市：特定農業區 ; 非都市編定：水利用地
RPRNMLNLQHLFFCV47CA,溪埔段,33.23,非都市：特定農業區 ; 非都市編定：水利用地
RPWNMLNLQHLFFCV97CA,溪埔段,49.03,非都市：特定農業區 ; 非都市編定：水利用地
RPWNMLNLQHLFFCV97CA,溪埔段,361.60,非都市：特定農業區 ; 非都市編定：水利用地
RPWNMLNLQHLFFCV97CA,溪埔段,4.41,非都市：特定農業區 ; 非都市編定：水利用地
RPXNMLMLQHLFFAV77CA,岩灣段,543.07,都市：住
RPSNMLNLQHLFFBV47CA,南河段,305.27,都市：住
RPWNMLMLQHLFFAV67CA,岩灣段,398.20,都市：住
RPRNMLLJRHLFFDV37DA,大溪段,112.85,非都市：鄉村區 ; 非都市編定：乙種建築用地
RPRNMLNLQHLFFBV37CA,南河段,11.86,都市：住
RPSNMLMLQHLFFAV27CA,新園段,1608.00,非都市：特定農業區 ; 非都市編定：農牧用地
RPQNMLTLQHLFFAV77CA,利家段,1075.00,非都市：特定農業區 ; 非都市編定：農牧用地
RPQNMLNLQHLFFAV17CA,台東段,230.00,都市：住
RPPNMLMLQHLFFCV17CA,瑞里段,35.90,非都市：鄉村區 ; 非都市編定：乙種建築用地
RPPNMLMLQHLFFCV17CA,瑞里段,342.96,非都市：鄉村區 ; 非都市編定：乙種建築用地
RPPNMLMLQHLFFBV07CA,小馬東段,1494.60,非都市：風景區 ; 非都市編定：農牧用地
RPPNMLMLQHLFFBV07CA,小馬東段,476.33,非都市：風景區 ; 非都市編定：農牧用地
RPPNMLMLQHLFFBV07CA,小馬東段,39.46,非都市：風景區 ; 非都市編定：交通用地
RPQNMLOLQHLFFAV27CA,馬蘭段,50.77,都市：住
RPUNMLQJRHLFFAV77CA,南清段,147.99,都市：住
RPRNMLNLQHLFFAV27CA,康樂段,4913.00,非都市：特定農業區 ; 非都市編定：農牧用地
RPPNMLOLQHLFFAV17CA,德安段,.19,都市：住
RPPNMLOLQHLFFAV17CA,德安段,2.45,都市：住
RPPNMLOLQHLFFAV17CA,德安段,.05,都市：住
RPPNMLOLQHLFFAV17CA,德安段,26.51,都市：住
RPPNMLOLQHLFFBV27CA,馬沙沙翁段,20134.89,非都市：森林區 ; 非都市編定：農牧用地
RPQNMLMJRHLFFBV07CA,北佳里段,5.74,非都市：鄉村區 ; 非都市編定：乙種建築用地
RPPNMLQLQHLFFCV57CA,大原段,3052.00,非都市：特定農業區 ; 非都市編定：農牧用地
RPRNMLPLQHLFFAV47CA,岩灣段,159.79,都市：住
RPPNMLPJRHLFFDV47CA,金崙段,153.00,非都市：山坡地保育區 ; 非都市編定：丙種建築用地
RPUNMLKMQHLFFAV37CA,知本段,1593.00,非都市：特定農業區 ; 非都市編定：農牧用地
RPPNMLQLQHLFFBV47CA,都豐段,91.75,非都市：風景區 ; 非都市編定：丙種建築用地
RPSNMLNLQHLFFAV37CA,下賓朗段,45.38,非都市：一般農業區 ; 非都市編定：甲種建築用地
RPSNMLNLQHLFFAV37CA,下賓朗段,45.38,非都市：一般農業區 ; 非都市編定：甲種建築用地
RPQNMLOLQHLFFDV57CA,秀山段,7.04,都市：其他
RPQNMLOLQHLFFDV57CA,秀山段,.24,都市：其他
RPRNMLPLQHLFFDV77CA,秀山段,6.53,都市：商
RPPNMLPLQHLFFAV27CA,建業段,22.63,都市：住
RPPNMLPLQHLFFAV27CA,建業段,13.37,都市：其他
RPPNMLPLQHLFFAV27CA,建業段,36.18,都市：住
RPPNMLPLQHLFFAV27CA,建業段,1.82,都市：其他
RPPNMLPLQHLFFAV27CA,建業段,14.84,都市：住
RPSNMLPLQHLFFAV57CA,豐年段,154.56,都市：住
RPRNMLOLQHLFFAV37CA,台東段,107.00,都市：住
RPRNMLQLQHLFFAV57CA,中清段,57.50,都市：住
RPTNMLQLQHLFFAV77CA,鎮樂段,3265.00,非都市：山坡地保育區 ; 非都市編定：林業用地
RPTNMLQLQHLFFAV77CA,鎮樂段,1085.00,非都市：山坡地保育區 ; 非都市編定：農牧用地
RPQNMLQLQHLFFAV47CA,豐里段,107.33,非都市：鄉村區 ; 非都市編定：乙種建築用地
RPTNMLKMQHLFFAV27CA,德安段,22.88,都市：住
RPTNMLKMQHLFFAV27CA,德安段,.16,都市：住
RPTNMLKMQHLFFAV27CA,德安段,2.11,都市：住
RPTNMLKMQHLFFAV27CA,德安段,.04,都市：住
RPPNMLKMQHLFFCV07CA,鸞山段,1187.00,非都市：山坡地保育區 ; 非都市編定：農牧用地
RPPNMLLJRHLFFDV07CA,德其段,175.82,都市：住
RPPNMLLJRHLFFDV07CA,德其段,9.75,都市：其他
RPQNMLLJRHLFFAV86CA,建本段,1505.66,都市：農
RPOOMLLLRHLFFAV96CA,富岡南段,141.62,非都市：風景區 ; 非都市編定：農牧用地
RPPOMLLLRHLFFAV07CA,富岡南段,883.97,非都市：風景區 ; 非都市編定：農牧用地
RPPNMLQLQHLFFAV47DA,利家段,232.00,非都市：山坡地保育區 ; 非都市編定：丙種建築用地
RPPNMLQLQHLFFAV47DA,利家段,272.00,非都市：山坡地保育區 ; 非都市編定：丙種建築用地
RPSNMLTLQHLFFAV97CA,豐谷段,15.00,都市：其他
RPSNMLTLQHLFFAV97CA,豐谷段,75.00,都市：住
RPPNMLQJRHLFFBV37CA,萬年段,140.00,非都市：鄉村區 ; 非都市編定：乙種建築用地
RPRNMLKLRHLFFCV27CA,德高段,500.00,非都市：特定農業區 ; 非都市編定：甲種建築用地
RPUNMLQLQHLFFAV87CA,台東段,58.00,都市：住
RPUNMLQLQHLFFAV87CA,台東段,19.00,都市：住
RPPNMLRLQHLFFAV47CA,路頂段,1115.45,非都市：特定農業區 ; 非都市編定：甲種建築用地
RPQNMLRLQHLFFAV57CA,路頂段,3134.58,非都市：特定農業區 ; 非都市編定：農牧用地
RPRNMLKMQHLFFAV07CA,中心段,41.51,都市：住
RPRNMLLJRHLFFAV96CA,南王段,6.82,都市：住
RPQNMLKMQHLFFAV96CA,東農段,2523.98,非都市：特定農業區 ; 非都市編定：農牧用地
RPWNMLKMQHLFFAV57CA,馬蘭段,105.00,都市：住
RPSNMLLJRHLFFAV07CA,南王段,4.16,都市：住
RPQNMLTJRHLFFAV67CA,岩灣段,124.13,都市：住
RPXNMLKMQHLFFAV67CA,中山段,94.00,都市：住
RPPNMLKKRHLFFBV86CA,都蘭段,364.00,非都市：風景區 ; 非都市編定：農牧用地
RPPNMLKKRHLFFBV86CA,都蘭段,4219.00,非都市：風景區 ; 非都市編定：農牧用地
RPUNMLTLQHLFFAV18CA,利家段,118.00,非都市：特定農業區 ; 非都市編定：甲種建築用地
RPTNMLLJRHLFFAV17CA,南王段,4.76,都市：住
RPRNMLMJRHLFFAV17DA,東農段,1735.83,非都市：特定農業區 ; 非都市編定：農牧用地
RPSNMLKLRHLFFCV37CA,福文段,253.59,都市：住
RPPNMLNKRHLFFCV27CA,大原段,545.00,非都市：特定農業區 ; 非都市編定：農牧用地
RPPNMLNKRHLFFCV27CA,大原段,565.00,非都市：特定農業區 ; 非都市編定：農牧用地
RPPNMLNKRHLFFCV27CA,大原段,1924.00,非都市：特定農業區 ; 非都市編定：農牧用地
RPPNMLNKRHLFFCV27CA,大原段,1024.00,非都市：特定農業區 ; 非都市編定：農牧用地
RPQNMLLMQHLFFAV07CA,利家段,1099.00,非都市：特定農業區 ; 非都市編定：農牧用地
RPRNMLKMQHLFFBV17CA,北八里段,343.09,非都市：鄉村區 ; 非都市編定：乙種建築用地
RPVNMLKMQHLFFAV47CA,台東段,526.00,都市：住
RPPNMLLJRHLFFAV76CA,東海段,97.07,都市：住
RPPNMLTJRHLFFAV57CA,馬蘭段,17.37,都市：住
RPTNMLKMQHLFFBV37CA,新港段新港小段,82.00,非都市：風景區 ; 非都市編定：丙種建築用地
RPPNMLLMQHLFFAV96CA,普優瑪段,78.48,都市：住
RPPNMLPJRHLFFBV27CA,三間屋段,1280.74,非都市：風景區 ; 非都市編定：農牧用地
RPPNMLPJRHLFFBV27CA,三間屋段,106.32,非都市：風景區 ; 非都市編定：農牧用地
RPPNMLLJRHLFFBV86CA,和平南段,1220.42,非都市：風景區 ; 非都市編定：農牧用地
RPPNMLLJRHLFFBV86CA,和平南段,720.92,非都市：風景區 ; 非都市編定：農牧用地
RPPNMLMJRHLFFDV17CA,荒野段,4526.92,非都市：特定農業區 ; 非都市編定：農牧用地
RPPNMLNKRHLFFBV17CA,大霸來段,1080.05,非都市：風景區 ; 非都市編定：農牧用地
RPPNMLOJRHLFFAV07CA,岩灣段,118.31,都市：住
RPPNMLNJRHLFFAV96CA,岩灣段,115.54,都市：住
RPRNMLRJRHLFFCV77CA,大原段,3827.00,非都市：一般農業區 ; 非都市編定：農牧用地
RPRNMLRJRHLFFCV77CA,大原段,2056.00,非都市：一般農業區 ; 非都市編定：農牧用地
RPRNMLRJRHLFFCV77CA,大原段,430.00,非都市：一般農業區 ; 非都市編定：農牧用地
RPRNMLRJRHLFFCV77CA,大原段,8.00,非都市：河川區 ; 非都市編定：水利用地
RPRNMLRJRHLFFCV77CA,大原段,26.00,非都市：河川區 ; 非都市編定：水利用地
RPRNMLRJRHLFFCV77CA,大原段,27.00,非都市：河川區 ; 非都市編定：水利用地
RPSNMLRJRHLFFAV77DA,利家段,237.00,非都市：山坡地保育區 ; 非都市編定：丙種建築用地
RPPNMLLMQHLFFBV07CA,忠智段,97.93,都市：住
RPQNMLSKIILFFAV86CA,岩灣段,114.50,都市：住
RPQNMLSKIILFFAV86CA,岩灣段,141.17,都市：住
RPQNMLPJRHLFFDV67DA,加羅板段,590.00,非都市：山坡地保育區 ; 非都市編定：農牧用地
RPQNMLKLRHLFFCV17CA,鸞山段,2361.00,非都市：山坡地保育區 ; 非都市編定：農牧用地
RPQNMLKLRHLFFCV17CA,鸞山段,349.00,非都市：山坡地保育區 ; 非都市編定：林業用地
RPPNMLQJRHLFFAV27CA,建華段,77.19,非都市：特定農業區 ; 非都市編定：農牧用地
RPPNMLQJRHLFFAV27CA,建華段,77.19,非都市：特定農業區 ; 非都市編定：農牧用地
RPPNMLQJRHLFFAV27CA,建華段,77.19,非都市：特定農業區 ; 非都市編定：農牧用地
RPPNMLQJRHLFFAV27CA,建華段,135.49,非都市：特定農業區 ; 非都市編定：農牧用地
RPPNMLQJRHLFFAV27CA,建華段,135.49,非都市：特定農業區 ; 非都市編定：農牧用地
RPPNMLQJRHLFFAV27CA,建華段,135.49,非都市：特定農業區 ; 非都市編定：農牧用地
RPPNMLRJRHLFFDV67CA,大武段,17340.00,非都市：山坡地保育區 ; 非都市編定：林業用地
RPPNMLRJRHLFFDV67CA,大武段,17340.00,非都市：山坡地保育區 ; 非都市編定：林業用地
RPPNMLRJRHLFFDV67CA,大武段,9130.00,非都市：山坡地保育區 ; 非都市編定：農牧用地
RPSNMLMKRHLFFBV47DA,坪頂段,3581.32,非都市：風景區 ; 非都市編定：農牧用地
RPRNMLQJRHLFFAV57DA,利家段,343.00,非都市：山坡地保育區 ; 非都市編定：丙種建築用地
RPRNMLQJRHLFFAV57DA,利家段,204.00,非都市：山坡地保育區 ; 非都市編定：丙種建築用地
RPRNMLQJRHLFFAV57DA,利家段,147.00,非都市：山坡地保育區 ; 非都市編定：農牧用地
RPSNMLQJRHLFFAV67DA,豐成段,764.54,非都市：特定農業區 ; 非都市編定：農牧用地
RPSNMLQJRHLFFAV67DA,豐成段,1855.66,非都市：特定農業區 ; 非都市編定：農牧用地
RPSNMLQJRHLFFAV67DA,豐成段,2677.94,非都市：特定農業區 ; 非都市編定：農牧用地
RPQNMLRJRHLFFCV67CA,豐泉段,25.88,都市：住
RPPNMLNKRHLFFAV07CA,永清段,1.12,都市：住
RPPNMLNKRHLFFAV07CA,永清段,4.81,都市：住
RPPNMLNKRHLFFAV07CA,永清段,90.72,都市：住
RPVNMLLJRHLFFAV37CA,馬蘭段,145.00,都市：住
RPPNMLKKRHLFFAV76CA,光明段,110.00,都市：住
RPPNMLTLRHLFFCV08DA,萬朝段,544.20,非都市：一般農業區 ; 非都市編定：農牧用地
RPPNMLTLRHLFFCV08DA,萬朝段,544.20,非都市：一般農業區 ; 非都市編定：農牧用地
RPRNMLTJRHLFFAV77CA,自強段,78.00,都市：住
RPPNMLPJIILFFBV56DA,萬年段,76.00,非都市：鄉村區 ; 非都市編定：乙種建築用地
RPTNMLTJRHLFFAV97CA,豐樂段,22.00,都市：工
RPUNMLRJRHLFFAV87CA,大業段,102.10,都市：住
RPQNMLRJRHLFFAV47CA,下南寮段,133.92,都市：住
RPVNMLQJRHLFFAV87CA,南王段,43.22,都市：其他
RPVNMLQJRHLFFAV87CA,南王段,654.87,都市：住
RPVNMLTJRHLFFAV18CA,馬蘭段,15.00,都市：其他
RPTNMLQJRHLFFAV67CA,南王段,1481.98,都市：住
RPWNMLQJRHLFFAV97CA,南王段,80.83,都市：住
RPWNMLQJRHLFFAV97CA,南王段,72.45,都市：住
RPPNMLSLIILFFAV86CA,北南王段,242.66,都市：住
RPPNMLSLIILFFAV86CA,北南王段,6.46,都市：其他
RPUNMLTJRHLFFAV08CA,自強段,3.00,都市：住
RPUNMLTJRHLFFAV08CA,自強段,3.00,都市：住
RPQNMLPJRHLFFAV27CA,豐年段,141.44,都市：住
RPRNMLPJRHLFFAV37CA,豐年段,130.28,都市：住
RPPNMLPLRHLFFAV37CA,豐年段,21.17,都市：住
RPTNMLRJRHLFFAV77CA,新生段,13.40,都市：住
RPVNMLRJRHLFFAV97CA,上南寮段,207.85,都市：住
RPVNMLRJRHLFFAV97CA,上南寮段,8.98,都市：其他
RPSNMLRJRHLFFCV97DA,新源段,2594.01,非都市：一般農業區 ; 非都市編定：農牧用地
RPSNMLRJRHLFFCV97DA,新源段,928.95,非都市：一般農業區 ; 非都市編定：農牧用地
RPVNMLQLRHLFFAV08CA,興安段,181.56,都市：住
RPPNMLPJRHLFFAV17CA,建成段,120.96,都市：住
RPQNMLQLRHLFFCV77CA,大原段,3124.00,非都市：特定農業區 ; 非都市編定：農牧用地
RPRNMLRJRHLFFBV67CA,北八里段,2489.10,非都市：風景區 ; 非都市編定：農牧用地
RPQNMLSJRHLFFAV57CA,公西段,13.90,都市：其他
RPQNMLSJRHLFFAV57CA,公西段,127.95,都市：住
RPPNMLSJRHLFFBV57CA,忠仁段,593.35,都市：住
RPSNMLSJRHLFFAV77CA,台東段,69.00,都市：商
RPRNMLSJRHLFFAV67CA,東海段,20.30,都市：住
RPRNMLSJRHLFFAV67CA,東海段,1.31,都市：住
RPRNMLKLRHLFFBV17CA,北八里段,4077.04,非都市：風景區 ; 非都市編定：農牧用地
RPPOMLTJRHLFFAV67CA,馬蘭段,12.89,都市：住
RPPOMLTJRHLFFAV67CA,馬蘭段,8.26,都市：住
RPQNMLSJRHLFFBV67CA,忠仁段,197.19,都市：住
RPQNMLTLRHLFFAV87CA,自強段,73.00,都市：住
RPPNMLMKRHLFFAV96CA,岩灣段,201.58,都市：住
RPOOMLTJRHLFFAV57CA,永豐段,5133.87,都市：住
RPPNMLSJRHLFFAV57DA,梧州段,67.22,都市：住
RPRNMLKLRHLFFAV07CA,上南寮段,292.76,都市：其他
RPQNMLMKRHLFFAV07CA,台東段,76.00,都市：住
RPQNMLMKRHLFFBV17CA,玉長段,229.98,非都市：風景區 ; 非都市編定：農牧用地
RPQNMLMKRHLFFBV17CA,玉長段,2008.69,非都市：風景區 ; 非都市編定：農牧用地
RPQNMLMKRHLFFBV17CA,玉長段,2781.42,非都市：風景區 ; 非都市編定：農牧用地
RPSNMLMLRHLFFAV37CA,豐航段,90.06,都市：住
RPXNMLTJRHLFFAV38CA,馬蘭段,105.00,都市：住
RPPNMLSLRHLFFBV77CA,南佳里段,470.89,非都市：風景區 ; 非都市編定：農牧用地
RPWNMLTJRHLFFAV28CA,台東段,268.00,都市：住
RPRNMLTLRHLFFCV18CA,西莊段,1526.19,非都市：特定農業區 ; 非都市編定：農牧用地
RPRNMLTLRHLFFCV18CA,西莊段,2951.70,非都市：特定農業區 ; 非都市編定：農牧用地
RPQNMLNKRHLFFBV27CA,烏石鼻段,1660.83,非都市：風景區 ; 非都市編定：農牧用地
RPTNMLKLRHLFFAV27CA,自強段,125.01,都市：住
RPRNMLMKRHLFFAV17CA,知本段,4280.00,非都市：特定農業區 ; 非都市編定：農牧用地
RPQNMLNKRHLFFCV37CA,月野段,1958.00,非都市：特定農業區 ; 非都市編定：農牧用地
RPPNMLNKRHLFFDV37CA,北橋段,10.84,都市：其他
RPPNMLNKRHLFFDV37CA,北橋段,141.12,都市：商
RPPNMLNKRHLFFDV37CA,北橋段,28.10,都市：商
RPPNMLTKRHLFFCV97DA,鸞山段,2430.00,非都市：山坡地保育區 ; 非都市編定：農牧用地
RPRNMLMKRHLFFBV27CA,黃金橋段,1230.10,非都市：風景區 ; 非都市編定：農牧用地
RPQOMLTJRHLFFAV77CA,馬蘭段,11.54,都市：住
RPSNMLTJRHLFFAV87CA,豐年段,5.00,都市：住
RPPNMLRJIILFFBV76DA,馬稼海段,280.49,非都市：鄉村區 ; 非都市編定：乙種建築用地
RPSNMLNKRHLFFBV57DA,北都蘭段,165.02,非都市：風景區 ; 非都市編定：水利用地
RPPNMLNJIILFFCV98CA,大原段,4199.00,非都市：特定農業區 ; 非都市編定：農牧用地
RPQNMLMLRHLFFBV27CA,玉長段,33.58,非都市：鄉村區 ; 非都市編定：乙種建築用地
RPRNMLNKRHLFFBV37CA,大俱來段,1238.47,非都市：風景區 ; 非都市編定：農牧用地
RPRNMLNKRHLFFBV37CA,大俱來段,358.81,非都市：風景區 ; 非都市編定：農牧用地
RPRNMLNKRHLFFBV37CA,大俱來段,3894.67,非都市：風景區 ; 非都市編定：農牧用地
RPRNMLNKRHLFFBV37CA,大俱來段,3107.78,非都市：風景區 ; 非都市編定：農牧用地
RPRNMLNKRHLFFBV37CA,大俱來段,3365.17,非都市：風景區 ; 非都市編定：農牧用地
RPRNMLNKRHLFFBV37CA,大俱來段,3380.08,非都市：風景區 ; 非都市編定：農牧用地
RPPNMLTKRHLFFAV67CA,知本段,150.00,非都市：特定農業區 ; 非都市編定：甲種建築用地
RPSNMLNKRHLFFAV37CA,台東段,114.00,都市：住
RPSNMLNKRHLFFAV37CA,台東段,114.00,都市：住
RPTNMLNKRHLFFBV67DA,三民段,92.40,都市：住
RPQNMLTKRHLFFAV77CA,建業段,7.94,都市：住
RPSNMLLLRHLFFAV27CA,永清段,90.92,都市：住
RPTNMLNKRHLFFAV47CA,台東段,115.00,都市：住
RPPNMLMKIILFFBV88CA,南都歷段,1818.10,非都市：風景區 ; 非都市編定：農牧用地
RPPNMLSLRHLFFAV67CA,富岡南段,283.24,非都市：風景區 ; 非都市編定：農牧用地
SPRNMLTKRHLFFAV97CA,利家段,240.00,非都市：鄉村區 ; 非都市編定：乙種建築用地
RPSNMLTKRHLFFAV08DA,南清段,2.97,都市：住
RPSNMLTKRHLFFAV08DA,南清段,.86,都市：住
RPQNMLSLRHLFFAV77CA,豐年段,96.75,都市：住
RPSNMLKLRHLFFAV17CA,東海段,25.08,都市：住
RPSNMLKLRHLFFAV17CA,東海段,1.62,都市：住
RPWNMLLLRHLFFAV67CA,東谷段,65.82,都市：住
RPWNMLLLRHLFFAV67CA,東谷段,65.82,都市：住
RPSNMLMKIILFFAV09CA,普優瑪段,94.50,都市：住
RPTNMLKLRHLFFBV37CA,南河段,554.04,都市：住
RPTNMLKLRHLFFBV37CA,南河段,1319.21,都市：農
RPTNMLKLRHLFFCV57DA,鹿野段,981.00,非都市：特定農業區 ; 非都市編定：農牧用地
RPTNMLKLRHLFFCV57DA,鹿野段,1336.00,非都市：特定農業區 ; 非都市編定：農牧用地
RPSNMLMKIILFFCV76DA,大同段,125.95,都市：商
RPQNMLMKIILFFAV88CA,普優瑪段,95.13,都市：住
RPRNMLNLRHLFFAV47DA,豐年段,107.47,都市：農
RPRNMLNLRHLFFAV47DA,豐年段,2.11,都市：農
RPRNMLNLRHLFFAV47DA,豐年段,57.31,都市：農
RPRNMLNLRHLFFAV47DA,豐年段,1.36,都市：農
RPRNMLNLRHLFFAV47DA,豐年段,8.12,都市：農
RPPNMLKLRHLFFBV96CA,真柄段,446.00,非都市：風景區 ; 非都市編定：農牧用地
RPPNMLKLRHLFFCV07CA,大埔段,20.53,都市：其他
RPPNMLKLRHLFFCV07CA,大埔段,152.37,都市：住
RPQNMLKLRHLFFBV17DA,新港段八邊小段,91.00,非都市：風景區 ; 非都市編定：丙種建築用地
RPVNMLKLRHLFFAV47CA,台東段,243.00,都市：住
RPPNMLLLRHLFFBV07CA,忠仁段,77.92,都市：住
RPQNMLKLRHLFFAV96CA,常德段,12.72,都市：住
RPUNMLKLRHLFFAV37CA,自強段,125.13,都市：住
RPWNMLNLRHLFFAV87CA,常德段,19.84,都市：住
RPPNMLNLRHLFFDV47CA,壢坵段,15000.00,非都市：森林區 ; 非都市編定：林業用地
RPPNMLLLRHLFFAV96CA,中清段,2289.13,都市：住
RPQNMLLLRHLFFAV07CA,順天段,2000.00,都市：農
RPQNMLLLRHLFFAV07CA,順天段,1281.97,都市：農
RPRNMLMLRHLFFAV27CA,公東段,80.77,都市：住
RPQNMLRKIILFFCV96CA,大原段,163.00,非都市：一般農業區 ; 非都市編定：甲種建築用地
RPPNMLKLIILFFBV88DA,成功段,71.30,都市：其他
RPPNMLKLRHLFFAV86CA,台東段,97.00,都市：住
RPTNMLNLRHLFFAV57CA,中山段,171.00,都市：住
RPQNMLNLRHLFFDV57CA,壢坵段,5003.00,非都市：森林區 ; 非都市編定：林業用地
RPPNMLMLRHLFFCV27CA,豐泉段,77.14,都市：其他
RPPNMLMLRHLFFCV27CA,豐泉段,337.52,都市：住
RPRNMLSKIILFFBV17DA,中濱段竹湖小段,769.00,非都市：風景區 ; 非都市編定：林業用地
RPUNMLQLRHLFFAV97CA,新生段,5.46,都市：住
RPVNMLMLRHLFFAV67CA,順天段,11.69,都市：住
RPVNMLMLRHLFFAV67CA,順天段,62.17,都市：住
RPVNMLMLRHLFFAV67CA,順天段,27.47,都市：住
RPRNMLMLRHLFFDV67DA,笆札筏段,189.56,非都市：山坡地保育區 ; 非都市編定：農牧用地
RPPNMLNLRHLFFAV17CA,初鹿段,2592.00,非都市：特定農業區 ; 非都市編定：農牧用地
RPUNMLNLRHLFFAV67CA,南王段,98.86,都市：住
RPPNMLMLRHLFFBV17CA,忠智段,92.87,都市：住
RPPNMLNJIILFFAV78CA,台東段,90.00,都市：住
RPQOMLLLRHLFFAV17CA,豐成段,2722.01,非都市：特定農業區 ; 非都市編定：農牧用地
RPQOMLLLRHLFFAV17CA,豐成段,130.33,非都市：特定農業區 ; 非都市編定：甲種建築用地
RPQOMLLLRHLFFAV17CA,豐成段,2728.32,非都市：特定農業區 ; 非都市編定：農牧用地
RPQOMLLLRHLFFAV17CA,豐成段,2809.85,非都市：特定農業區 ; 非都市編定：農牧用地
RPPNMLTJIILFFAV76CA,東海段,58.15,都市：住
RPQNMLNJIILFFAV88CA,中清段,72.26,都市：其他
RPQNMLNJIILFFAV88CA,中清段,165.31,都市：住
RPRNMLSLRHLFFAV87CA,台東段,76.00,都市：住
RPPNMLMLRHLFFAV07CA,下賓朗段,148.34,非都市：一般農業區 ; 非都市編定：農牧用地
RPXNMLNLRHLFFAV97CA,常德段,110.02,都市：住
RPPNMLQLRHLFFAV57DA,順天段,2081.64,都市：農
RPQNMLMLRHLFFAV17CA,下賓朗段,123.57,非都市：一般農業區 ; 非都市編定：農牧用地
RPQNMLNLRHLFFAV27CA,初鹿段,1760.00,非都市：特定農業區 ; 非都市編定：農牧用地
RPVNMLNLRHLFFAV77CA,豐年段,5.50,都市：住
RPPNMLQLRHLFFCV67CA,隆興段,1596.07,非都市：山坡地保育區 ; 非都市編定：農牧用地
RPPNMLQLRHLFFCV67CA,隆興段,1650.00,非都市：山坡地保育區 ; 非都市編定：農牧用地
RPQNMLKMRHLFFBV17CA,玉長段,165.03,非都市：風景區 ; 非都市編定：農牧用地
RPWNMLMLRHLFFAV77CA,中山段,96.00,都市：住
RPRNMLQLRHLFFAV77DA,明峰段,2500.29,非都市：山坡地保育區 ; 非都市編定：農牧用地
RPQNMLNKIILFFBV56DA,加走灣段,27.57,非都市：風景區 ; 非都市編定：農牧用地
RPQNMLKMRHLFFAV17DA,和平段,227.18,非都市：鄉村區 ; 非都市編定：乙種建築用地
RPPNMLKMRHLFFAV96CA,利家段,211.00,非都市：鄉村區 ; 非都市編定：乙種建築用地
RPPNMLKMRHLFFAV96CA,利家段,211.00,非都市：鄉村區 ; 非都市編定：乙種建築用地
RPSNMLTLRHLFFAV08CA,台東段,101.00,都市：住
RPSNMLKMRHLFFAV27CA,永和段,85.15,都市：住
RPPNMLQJIILFFBV56CA,烏石鼻段,2460.25,非都市：風景區 ; 非都市編定：農牧用地
RPQNMLQLRHLFFAV57CA,南王段,1025.16,都市：住
RPSOMLMKIILFFAV56CA,台東段,97.00,都市：住
RPTNMLTLRHLFFAV18CA,中心段,124.00,都市：住
RPVNMLTLRHLFFAV38CA,豐樂段,10.00,都市：其他
RPVNMLTLRHLFFAV38CA,豐樂段,26.00,都市：其他
RPQNMLTLRHLFFCV18DA,廣原段,1330.00,非都市：山坡地保育區 ; 非都市編定：農牧用地
RPRNMLTLRHLFFAV08DA,石壁段,1737.57,都市：農
RPRNMLTLRHLFFAV08DA,石壁段,53.14,都市：農
RPSNMLQLRHLFFAV87DA,大南段,8230.00,非都市：山坡地保育區 ; 非都市編定：農牧用地
RPPNMLNKIILFFBV09DA,加走灣段,27.57,非都市：風景區 ; 非都市編定：農牧用地
RPUNMLTLRHLFFAV28CA,豐年段,23.75,都市：住
RPQNMLMKIILFFCV09CA,大原段,1500.00,非都市：特定農業區 ; 非都市編定：農牧用地
RPQNMLMKIILFFCV09CA,大原段,1630.00,非都市：特定農業區 ; 非都市編定：農牧用地
RPQNMLMKIILFFCV09CA,大原段,1197.00,非都市：特定農業區 ; 非都市編定：農牧用地
RPPNMLKLIILFFAV68CA,中心段,142.00,都市：住
RPPNMLKLIILFFAV68CA,中心段,128.00,都市：住
RPPNMLKLIILFFAV68CA,中心段,187.00,都市：其他
RPPNMLKLIILFFAV68CA,中心段,86.00,都市：住
RPPNMLKLIILFFAV68CA,中心段,16.00,都市：住
RPPNMLLLIILFFBV88CA,加走灣段,1360.82,非都市：風景區 ; 非都市編定：農牧用地
RPQNMLNJIILFFCV09CA,福原段,83.43,都市：商
RPQNMLNJIILFFCV09CA,福原段,13.61,都市：商
RPPNMLNJIILFFDV56DA,大武段,5473.00,非都市：山坡地保育區 ; 非都市編定：林業用地
RPPNMLNJIILFFDV56DA,大武段,729.00,非都市：山坡地保育區 ; 非都市編定：林業用地
RPPNMLNJIILFFDV56DA,大武段,3135.00,非都市：山坡地保育區 ; 非都市編定：林業用地
RPPNMLNJIILFFDV56DA,西勢湖段,3414.11,非都市：山坡地保育區 ; 非都市編定：林業用地
RPPNMLNJIILFFDV56DA,西勢湖段,3775.76,非都市：山坡地保育區 ; 非都市編定：林業用地
RPPNMLNJIILFFDV56DA,西勢湖段,2541.66,非都市：山坡地保育區 ; 非都市編定：林業用地
RPSNMLNJIILFFAV56DA,知本段,150.00,非都市：特定農業區 ; 非都市編定：甲種建築用地
RPQNMLOJIILFFCV56CA,里段,15.56,都市：住
RPRNMLOJIILFFCV66CA,龍田段,80.91,都市：其他
RPPNMLPJIILFFCV56CA,中和段,4712.31,非都市：一般農業區 ; 非都市編定：農牧用地
RPPNMLPJIILFFAV98CA,豐年段,17.00,都市：住
RPPNMLQJIILFFAV09CA,新生段,15.13,都市：住
RPPNMLSKIILFFDV07CA,愛國段,2470.00,非都市：山坡地保育區 ; 非都市編定：農牧用地
RPPNMLOJIILFFBV98CA,玉港段,1288.60,非都市：風景區 ; 非都市編定：農牧用地
RPQNMLOJIILFFAV98CA,建國段,61.42,都市：住
RPPNMLOJIILFFCV56DA,里段,95.06,都市：住
RPUNMLNJIILFFAV66CA,德安段,.16,都市：住
RPUNMLNJIILFFAV66CA,德安段,23.26,都市：住
RPUNMLNJIILFFAV66CA,德安段,2.15,都市：住
RPUNMLNJIILFFAV66CA,德安段,.04,都市：住
RPRNMLNJIILFFAV98CA,南榮段,101.57,都市：住
RPRNMLNJIILFFAV98CA,南榮段,.07,都市：住
RPRNMLKMRHLFFAV17CA,豐田段,.75,都市：農
RPRNMLKMRHLFFAV17CA,豐田段,.50,都市：農
RPRNMLKMRHLFFAV17CA,豐田段,.83,都市：農
RPRNMLKMRHLFFAV17CA,豐田段,6.00,都市：農
RPRNMLKMRHLFFAV17CA,豐田段,2.75,都市：農
RPRNMLKMRHLFFAV17CA,豐田段,95.33,都市：農
RPRNMLKMRHLFFAV17CA,豐田段,56.83,都市：農
RPRNMLKMRHLFFAV17CA,豐田段,35.92,都市：農
RPRNMLKMRHLFFAV17CA,豐田段,211.33,都市：農
RPRNMLKMRHLFFAV17CA,豐田段,118.75,都市：農
RPRNMLKMRHLFFAV17CA,豐田段,5.00,都市：農
RPRNMLKMRHLFFAV17CA,豐田段,3.08,都市：農
RPRNMLKMRHLFFAV17CA,豐田段,.83,都市：農
RPRNMLKMRHLFFAV17CA,豐田段,.42,都市：農
RPRNMLKMRHLFFAV17CA,豐田段,1.92,都市：農
RPRNMLKMRHLFFAV17CA,豐田段,23.58,都市：農
RPRNMLKMRHLFFAV17CA,豐田段,18.25,都市：農
RPRNMLKMRHLFFAV17CA,豐田段,.08,都市：農
RPRNMLKMRHLFFAV17CA,豐田段,24.33,都市：農
RPRNMLKMRHLFFAV17CA,豐田段,11.67,都市：農
RPRNMLKMRHLFFAV17CA,豐田段,5.17,都市：農
RPRNMLKMRHLFFAV17CA,豐田段,34.50,都市：農
RPRNMLKMRHLFFAV17CA,豐田段,.08,都市：農
RPRNMLKMRHLFFAV17CA,豐田段,.08,都市：農
RPRNMLKMRHLFFAV17CA,豐田段,1.92,都市：農
RPRNMLKMRHLFFAV17CA,豐田段,10.17,都市：農
RPRNMLKMRHLFFAV17CA,豐田段,31.58,都市：農
RPRNMLKMRHLFFAV17CA,豐田段,22.17,都市：農
RPRNMLKMRHLFFAV17CA,豐田段,235.58,都市：農
RPRNMLKMRHLFFAV17CA,豐田段,95.08,都市：農
RPRNMLKMRHLFFAV17CA,豐田段,41.50,都市：農
RPRNMLKMRHLFFAV17CA,豐田段,281.42,都市：農
RPRNMLKMRHLFFAV17CA,豐田段,20.58,都市：農
RPRNMLKMRHLFFAV17CA,豐田段,43.25,都市：農
RPRNMLKMRHLFFAV17CA,豐田段,2.67,都市：農
RPRNMLPJIILFFAV56CA,豐工段,1751.74,都市：工
RPRNMLOJIILFFAV09CA,豐年段,166.33,都市：住
RPSNMLOJIILFFAV56CA,台東段,724.00,都市：住
RPQNMLPJIILFFBV56CA,萬年段,258.00,非都市：鄉村區 ; 非都市編定：乙種建築用地
RPSNMLPJIILFFAV66CA,豐工段,196.14,都市：工
RPRNMLLJJILFFCV09CA,四維段,1516.43,非都市：一般農業區 ; 非都市編定：農牧用地
RPRNMLLJJILFFCV09CA,四維段,2518.13,非都市：一般農業區 ; 非都市編定：農牧用地
RPQNMLQJIILFFCV76CA,龍田段,1896.19,都市：農
RPPNMLNKIILFFDV66DA,達人段,329.78,非都市：鄉村區 ; 非都市編定：乙種建築用地
RPPNMLNKIILFFDV66DA,安朔段,9680.00,非都市：山坡地保育區 ; 非都市編定：林業用地
RPPNMLQJIILFFCV66CA,龍田段,616.73,都市：住
RPPNMLQJIILFFCV66CA,龍田段,175.27,都市：住
RPPNMLQJIILFFCV66CA,龍田段,454.89,都市：住
RPPNMLOKIILFFBV09CA,北八里段,27.17,非都市：風景區 ; 非都市編定：丙種建築用地
RPPNMLOKIILFFBV09CA,南佳里段,446.86,非都市：風景區 ; 非都市編定：農牧用地
RPQNMLQJIILFFAV56CA,台東段,158.00,都市：住
RPQNMLQJIILFFAV56CA,台東段,90.00,都市：住
RPQNMLQJIILFFAV56CA,台東段,11.00,都市：住
RPQNMLRKIILFFAV76CA,康樂段,3297.00,非都市：特定農業區 ; 非都市編定：農牧用地
RPPNMLRLIILFFBV86CA,田組段,237.87,非都市：風景區 ; 非都市編定：農牧用地
RPSNMLNKIILFFAV56CA,新園段,9421.00,非都市：特定農業區 ; 非都市編定：農牧用地
RPPNMLNKIILFFCV09CA,隆昌段,7.30,非都市： ; 非都市編定：
RPQNMLRJIILFFAV66CA,初鹿段,1774.00,非都市：特定農業區 ; 非都市編定：農牧用地
RPQNMLQJIILFFBV76DA,新都威段,256.82,非都市：鄉村區 ; 非都市編定：乙種建築用地
RPPNMLMKIILFFAV78CA,中山段,128.00,都市：住
RPSNMLRJIILFFAV86CA,豐年段,65.14,都市：住
RPSNMLRJIILFFAV86CA,豐年段,65.14,都市：住
RPRNMLRJIILFFAV76CA,台東段,100.00,都市：住
RPPNMLRKIILFFCV86CA,福文段,88.09,都市：商
RPPNMLRKIILFFCV86CA,福文段,93.74,都市：商
RPQNMLNKIILFFCV56CA,隆昌段,28.81,非都市： ; 非都市編定：
RPQNMLNKIILFFCV56CA,隆昌段,169.06,非都市： ; 非都市編定：
RPRNMLQJIILFFAV66CA,東海段,25.08,都市：住
RPRNMLQJIILFFAV66CA,東海段,1.62,都市：住
RPQNMLNKIILFFDV76DA,多良段,540.00,非都市：鄉村區 ; 非都市編定：乙種建築用地
RPTNMLMKIILFFAV56CA,知本段,2572.50,非都市：特定農業區 ; 非都市編定：農牧用地
RPRNMLMKIILFFCV66DA,瑞里段,16.53,非都市：鄉村區 ; 非都市編定：乙種建築用地
RPXNMLMKIILFFAV96CA,台東段,51.00,都市：住
RPUNMLMKIILFFAV66CA,南清段,62.08,都市：住
RPTNMLMKIILFFCV76CA,月野段,343.00,非都市：特定農業區 ; 非都市編定：農牧用地
RPPNMLQKIILFFAV56CA,東谷段,144.82,都市：住
RPRNMLMKIILFFAV09DA,利家段,133.00,非都市：山坡地保育區 ; 非都市編定：丙種建築用地
RPPNMLRKIILFFAV66CA,東谷段,131.68,都市：住
RPPNMLSKIILFFBV86CA,萬年段,211.00,非都市：鄉村區 ; 非都市編定：乙種建築用地
RPQNMLNLIILFFAV09CA,中心段,119.20,都市：住
RPPNMLSKIILFFAV86DA,利家段,96.00,非都市：山坡地保育區 ; 非都市編定：農牧用地
RPPNMLSKIILFFAV86DA,利家段,143.00,非都市：山坡地保育區 ; 非都市編定：農牧用地
RPQOMLMKIILFFAV09DA,中清段,24.07,都市：住
RPQOMLMKIILFFAV09DA,中清段,45.15,都市：住
RPQOMLMKIILFFAV09DA,中清段,74.65,都市：住
RPQOMLMKIILFFAV09DA,中清段,63.92,都市：住
RPPNMLNLIILFFAV98CA,台東段,55.20,都市：住
RPPNMLOLIILFFAV09CA,東谷段,131.65,都市：住
RPWNMLPLIILFFAV27CA,豐成段,620.81,非都市：特定農業區 ; 非都市編定：農牧用地
RPQNMLMKIILFFBV09DA,高原段,226.00,非都市：森林區 ; 非都市編定：丙種建築用地
RPPOMLMKIILFFAV98DA,南清段,80.57,都市：住
RPRNMLOKIILFFAV56CA,利家段,8875.00,非都市：特定農業區 ; 非都市編定：農牧用地
RPRNMLOKIILFFAV56CA,利家段,109.00,非都市：鄉村區 ; 非都市編定：乙種建築用地
RPRNMLOKIILFFAV56CA,利家段,57.00,非都市：鄉村區 ; 非都市編定：乙種建築用地
RPRNMLLLIILFFCV66DA,鹿野段,885.00,非都市：特定農業區 ; 非都市編定：農牧用地
RPSNMLLJJILFFBV56DA,北佳里段,68.27,非都市：鄉村區 ; 非都市編定：乙種建築用地
RPRNMLNKIILFFAV09CA,東海段,45.05,都市：住
RPRNMLNKIILFFAV09CA,東海段,10.10,都市：住
RPPNMLOKIILFFAV98CA,常德段,102.94,都市：住
RPUNMLNKIILFFAV76CA,永豐段,10.90,都市：住
RPUNMLNKIILFFAV76CA,永豐段,8.42,都市：住
RPUNMLNKIILFFAV76CA,永豐段,41.01,都市：住
RPUNMLNKIILFFAV76CA,永豐段,61.83,都市：住
RPUNMLNKIILFFAV76CA,永豐段,17.58,都市：住
RPQNMLNKIILFFAV98CA,新生段,106.00,都市：住
RPSNMLTKIILFFAV17CA,台東段,12.68,都市：住
RPQNMLRKIILFFBV86CA,新都威段,1236.40,非都市：風景區 ; 非都市編定：農牧用地
RPPNMLRKIILFFBV76CA,新竹湖段,256.77,非都市：鄉村區 ; 非都市編定：乙種建築用地
RPTNMLKLIILFFBV56CA,田組段,292.72,非都市：鄉村區 ; 非都市編定：乙種建築用地
RPTNMLKLIILFFBV56CA,田組段,285.08,非都市：風景區 ; 非都市編定：農牧用地
RPTNMLRKIILFFAV17DA,富岡南段,125.57,非都市：鄉村區 ; 非都市編定：乙種建築用地
RPQNMLOKIILFFAV09CA,台東段,80.00,都市：住
RPQNMLOKIILFFAV09CA,台東段,31.00,都市：住
RPRNMLRKIILFFAV86CA,台東段,23.38,都市：商
RPTNMLTKIILFFAV27CA,南清段,115.69,都市：住
RPSNMLSKIILFFAV07CA,光明段,74.00,都市：住
RPUNMLSKIILFFAV27CA,馬蘭段,44.25,都市：住
RPPNMLTKIILFFCV07CA,瑞豐段,660.01,非都市：山坡地保育區 ; 非都市編定：農牧用地
RPUNMLTKIILFFAV37CA,建國段,79.35,都市：住
RPSNMLLLIILFFCV66CA,隆盛段,162.69,都市：住
RPSNMLLLIILFFCV66CA,隆盛段,2.31,都市：其他
RPQNMLTKIILFFAV96CA,自強段,23.77,都市：住
RPPNMLQLIILFFAV76DA,建華段,297.56,非都市：特定農業區 ; 非都市編定：農牧用地
RPPNMLQLIILFFAV76DA,建華段,3822.54,都市：農
RPPNMLOLIILFFCV66CA,錦富段,3653.14,非都市：特定農業區 ; 非都市編定：農牧用地
RPQNMLKKJILFFBV88CA,長光段,266.59,非都市：鄉村區 ; 非都市編定：乙種建築用地
RPXNMLTKIILFFAV67CA,建本段,542.95,都市：住
RPUNMLPLIILFFAV07CA,東谷段,131.67,都市：住
RPPOMLTKIILFFAV96CA,新園段,99.00,都市：農
RPQNMLKLIILFFBV98DA,忠勇段,111.08,都市：住
RPTNMLSKIILFFAV17CA,建本段,80.66,都市：住
RPTNMLSKIILFFAV17CA,建本段,80.66,都市：住
RPPNMLTKIILFFAV86CA,台東段,2.00,都市：住
RPPNMLTKIILFFAV86CA,台東段,94.00,都市：住
RPRNMLTKIILFFAV07CA,下賓朗段,90.00,非都市：一般農業區 ; 非都市編定：甲種建築用地
RPRNMLSKIILFFAV96CA,自強段,131.09,都市：住
RPRNMLSKIILFFAV96CA,自強段,131.09,都市：住
RPRNMLSKIILFFAV96CA,自強段,131.09,都市：住
RPWNMLTKIILFFAV57CA,興安段,339.78,都市：住
RPUNMLNJJILFFAV76CA,東海段,1631.52,都市：農
RPUNMLNJJILFFAV76CA,東海段,911.66,都市：農
RPRNMLKLIILFFAV88CA,建康段,523.65,都市：農
RPRNMLKLIILFFAV88CA,建康段,532.68,都市：農
RPRNMLKLIILFFAV88CA,建康段,3516.67,都市：農
RPRNMLKLIILFFAV88CA,建康段,422.33,都市：農
RPXNMLKKJILFFAV86CA,自強段,78.00,都市：住
RPVNMLTKIILFFAV47CA,豐年段,158.15,都市：住
RPQNMLQLIILFFAV76CA,建國段,83.42,都市：住
RPPNMLKLIILFFDV09DA,壢坵段,6350.00,非都市：山坡地保育區 ; 非都市編定：農牧用地
RPRNMLKKJILFFBV98CA,三間段大來小段,1024.00,非都市：風景區 ; 非都市編定：農牧用地
RPPNMLMLIILFFDV56CA,秀山段,273.53,非都市：鄉村區 ; 非都市編定：乙種建築用地
RPTNMLKLIILFFAV09CA,台東段,66.00,都市：住
RPSNMLKLIILFFBV09CA,新港段八邊小段,1500.00,非都市：風景區 ; 非都市編定：農牧用地
RPSNMLKLIILFFAV98CA,台東段,103.00,都市：住
RPTNMLPLIILFFAV07DA,新園段,375.00,非都市：特定農業區 ; 非都市編定：農牧用地
RPPNMLPLIILFFAV56CA,興安段,177.36,都市：住
RPPNMLRLIILFFDV17DA,拉力段,4000.00,非都市：山坡地保育區 ; 非都市編定：農牧用地
RPXNMLPLIILFFAV37CA,豐成段,1377.83,非都市：特定農業區 ; 非都市編定：農牧用地
RPQNMLPLIILFFAV66CA,興安段,177.36,都市：住
RPSNMLPLIILFFAV86CA,上岩灣段,178.26,非都市：河川區 ; 非都市編定：農牧用地
RPPNMLLKJILFFCV98CA,福原段,284.93,都市：商
RPUNMLLMIILFFAV76CA,利家段,1455.00,非都市：特定農業區 ; 非都市編定：農牧用地
RPUNMLLMIILFFAV76CA,利家段,263.00,非都市：特定農業區 ; 非都市編定：甲種建築用地
RPVNMLQKJILFFAV27CA,射馬干段,1095.20,非都市：特定農業區 ; 非都市編定：農牧用地
RPVNMLQKJILFFAV27CA,射馬干段,2651.73,非都市：特定農業區 ; 非都市編定：農牧用地
RPTNMLRKJILFFAV27DA,建華段,3797.95,都市：農
RPQNMLRKJILFFAV96DA,建華段,7595.91,都市：農
RPRNMLRKJILFFAV07DA,建華段,3797.96,都市：農
RPVNMLPLIILFFAV17CA,台東段,67.00,都市：住
RPVNMLPLIILFFAV17CA,台東段,17.00,都市：住
RPQNMLPLIILFFBV76CA,萬年段,2219.00,非都市：風景區 ; 非都市編定：農牧用地
RPVNMLRLIILFFBV47CA,高原段,83.00,非都市：鄉村區 ; 非都市編定：乙種建築用地
RPQNMLOJJILFFBV56CA,新都威段,3882.33,非都市：風景區 ; 非都市編定：農牧用地
RPQNMLOJJILFFBV56CA,新都威段,1117.87,非都市：風景區 ; 非都市編定：農牧用地
RPWNMLQKJILFFAV37CA,豐航段,459.86,都市：住
RPWNMLQKJILFFAV37CA,豐航段,15.70,都市：其他
RPSNMLQKJILFFAV96CA,利家段,90.00,非都市：特定農業區 ; 非都市編定：甲種建築用地
RPQNMLNLJILFFCV86DA,海端段,310.00,非都市：鄉村區 ; 非都市編定：乙種建築用地
RPVNMLQLIILFFAV27CA,路頂段,5358.90,非都市：特定農業區 ; 非都市編定：農牧用地
RPVNMLQLIILFFAV27CA,路頂段,975.60,非都市：特定農業區 ; 非都市編定：農牧用地
RPTNMLSLIILFFAV27CA,富岡段,1.99,非都市：鄉村區 ; 非都市編定：乙種建築用地
RPSNMLQLIILFFAV96CA,興航段,165.43,都市：住
RPTNMLQLIILFFAV07CA,興航段,165.67,都市：住
RPRNMLOJJILFFBV66CA,八仙洞段,34.31,都市：其他
RPRNMLOJJILFFBV66CA,八仙洞段,1141.47,都市：其他
RPRNMLOJJILFFBV66CA,八仙洞段,64.60,都市：其他
RPUNMLQLIILFFAV17CA,利家段,4203.00,非都市：特定農業區 ; 非都市編定：農牧用地
RPPNMLLJJILFFCV88CA,鹿野段,1014.00,非都市：特定農業區 ; 非都市編定：農牧用地
RPWNMLQLIILFFAV37CA,光明段,114.00,都市：住
RPQNMLRLIILFFAV86CA,利家段,78.00,非都市：鄉村區 ; 非都市編定：乙種建築用地
RPRNMLQLIILFFAV86CA,青林段,84.30,都市：住
RPPNMLNJJILFFBV09DA,高台段,71.37,非都市：鄉村區 ; 非都市編定：乙種建築用地
RPRNMLRLIILFFAV96CA,豐年段,184.77,都市：住
RPSNMLRJJILFFBV17DA,東河段,70.57,都市：商
RPSNMLRJJILFFBV17DA,東河段,36.94,都市：商
RPRNMLSJJILFFDV27CA,秀山段,145.54,都市：住
RPPNMLTJJILFFDV17CA,多良段,10430.00,非都市：山坡地保育區 ; 非都市編定：農牧用地
RPUNMLRJJILFFAV17CA,台東段,43.74,都市：住
RPVNMLNJJILFFAV86CA,中山段,86.00,都市：住
RPPNMLNJJILFFCV09CA,南山段,35.55,都市：住
RPPNMLNJJILFFAV88CA,普優瑪段,35.20,都市：其他
RPPNMLNJJILFFAV88CA,北南王段,1577.70,都市：農
RPSNMLSLIILFFAV17CA,馬蘭段,49.23,都市：住
RPQNMLOJJILFFAV09CA,新生段,13.65,都市：住
RPQNMLLJJILFFBV88CA,高原段,143.00,非都市：鄉村區 ; 非都市編定：乙種建築用地
RPRNMLLJJILFFBV98CA,高原段,36.00,非都市：鄉村區 ; 非都市編定：乙種建築用地
RPRNMLLJJILFFBV98CA,高原段,207.00,非都市：鄉村區 ; 非都市編定：乙種建築用地
RPRNMLLJJILFFBV98CA,高原段,196.00,非都市：鄉村區 ; 非都市編定：乙種建築用地
RPRNMLLJJILFFBV98CA,高原段,26.00,非都市：鄉村區 ; 非都市編定：乙種建築用地
RPTNMLRJJILFFAV07CA,常德段,10.12,都市：商
RPUNMLPJKILFFAV07CA,台東段,1.27,都市：商
TPUNMLPJKILFFAV27CA,台東段,2.38,都市：商
SPUNMLPJKILFFAV17CA,台東段,1.27,都市：商
VPUNMLPJKILFFAV47CA,台東段,2.21,都市：商
WPUNMLPJKILFFAV57CA,台東段,93.32,都市：商
XPUNMLPJKILFFAV67CA,台東段,93.32,都市：商
UPUNMLPJKILFFAV37CA,台東段,93.32,都市：商
RPSNMLOKJILFFAV76CA,豐川段,1624.53,非都市：特定農業區 ; 非都市編定：農牧用地
RPPNMLMJJILFFAV78CA,豐榮段,90.00,都市：住
RPRNMLTJJILFFAV07CA,普優瑪段,100.34,都市：住
RPQNMLSLIILFFAV96CA,初鹿段,193.00,非都市：特定農業區 ; 非都市編定：甲種建築用地
RPUNMLSLIILFFAV37CA,台東段,22.00,都市：其他
RPUNMLSLIILFFAV37CA,台東段,.12,都市：其他
RPUNMLSLIILFFAV37CA,台東段,.12,都市：住
RPUNMLSLIILFFAV37CA,台東段,6.75,都市：其他
RPUNMLSLIILFFAV37CA,台東段,19.00,都市：住
RPUNMLSLIILFFAV37CA,台東段,7.62,都市：住
RPQNMLLMIILFFAV98CA,豐年段,5.50,都市：住
RPUNMLRKJILFFAV27CA,台東段,10.08,都市：住
RPRNMLLMIILFFAV09CA,豐年段,5.50,都市：住
RPPNMLLMIILFFBV98CA,小馬東段,1000.35,非都市：風景區 ; 非都市編定：農牧用地
RPQNMLLJJILFFCV98CA,瑞豐段,53.18,非都市：山坡地保育區 ; 非都市編定：丙種建築用地
RPQNMLLJJILFFCV98CA,瑞豐段,263.03,非都市：山坡地保育區 ; 非都市編定：丙種建築用地
RPQNMLLJJILFFCV98CA,瑞豐段,68.85,非都市：山坡地保育區 ; 非都市編定：丙種建築用地
SPRNMLLMIILFFAV56CA,豐年段,5.50,都市：住
RPPNMLLKJILFFBV88CA,田組段,2505.04,非都市：風景區 ; 非都市編定：農牧用地
RPPNMLRJJILFFCV86CA,南山段,111.54,都市：住
RPPNMLMJJILFFCV09DA,北庄段,4100.00,非都市：一般農業區 ; 非都市編定：農牧用地
RPVNMLLMIILFFAV86CA,新生段,31.00,都市：住
RPRNMLNJJILFFAV09CA,台東段,82.00,都市：住
RPRNMLNJJILFFAV09CA,台東段,10.00,都市：其他
RPRNMLLJJILFFAV88CA,馬蘭段,20.98,都市：住
RPQNMLMJJILFFAV88CA,自強段,89.00,都市：住
RPSNMLLMIILFFAV56CA,台東段,47.00,都市：住
RPWNMLLMIILFFAV96CA,新生段,216.00,都市：住
RPWNMLLMIILFFAV96CA,新生段,10.00,都市：住
RPWNMLLMIILFFAV96CA,新生段,3.00,都市：住
RPWNMLLMIILFFAV96CA,新生段,35.00,都市：住
RPQNMLLJJILFFAV88DA,利泰段,315.50,非都市：鄉村區 ; 非都市編定：乙種建築用地
RPPNMLSKJILFFCV07CA,崁頂段,184.00,非都市：山坡地保育區 ; 非都市編定：丙種建築用地
