﻿鄉鎮市區,交易標的,土地區段位置/建物區段門牌,土地面積平方公尺,都市土地使用分區,非都市土地使用分區,非都市土地使用編定,租賃年月日,租賃筆棟數,租賃層次,總樓層數,建物型態,主要用途,主要建材,建築完成年月,建物總面積平方公尺,建物現況格局-房,建物現況格局-廳,建物現況格局-衛,建物現況格局-隔間,有無管理組織,有無附傢俱,總額元,單價元/平方公尺,車位類別,車位面積平方公尺,車位總額元,備註,編號
The villages and towns urban district,transaction sign,land sector position/building sector house number plate,land shifting total area square meter,the use zoning or compiles and checks,the non-metropolis land use district,non-metropolis land use,transaction year, month and day,transaction pen number,shifting level,total floor number,building state,main use,main building materials,construction to complete the years,building shifting total area,Building present situation pattern - room,building present situation pattern - hall,building present situation pattern - health,building present situation pattern - compartmented,Whether there is manages the organization,Whether there is attaches the furniture,total price Yuan,the unit price a Yuan/square meter,the berth category,berth shifting total area square meter,the berth total price Yuan,the note,serial number
北區,建物,臺南市北區公園路1074巷1~30號,0.0,住,,,1040731,土地0建物1車位0,全,2,透天厝,住家用,加強磚造,0621112,90.09,4,2,5,有,無,有,20000,222,,0.0,0,,RPPNMLLJQHKFFAD57CC
東區,房地(土地+建物),臺南市東區東門路二段271~300號,26.41,商,,,1040724,土地1建物1車位0,一層,14,辦公商業大樓,商業用,鋼筋混凝土構造,0810617,134.81,0,5,0,有,無,無,23600,175,,0.0,0,,RPXPMLNJQHKFFCD98CC
仁德區,房地(土地+建物),臺南市仁德區中山路241~270號,142.81,其他,,,1040801,土地1建物1車位0,一層,4,店面(店鋪),住商用,鋼筋混凝土造,0970912,304.76,0,0,0,無,無,無,10000,33,,0.0,0,租一樓前半部,RPRNMLNJQHKFFFR27CC
永康區,建物,臺南市永康區中華二路266巷1~30號,0.0,住,,,1040801,土地0建物1車位0,七層,19,住宅大樓(11層含以上有電梯),住家用,鋼筋混凝土造,0860128,35.05,1,0,1,有,無,有,7000,200,,0.0,0,,RPPNMLOJQHKFFHR37CC
東區,房地(土地+建物),臺南市東區崇善路151~180號,90.0,住,,,1040627,土地1建物1車位0,全,4,透天厝,見其他登記事項,鋼筋混凝土構造,0960525,253.71,10,1,4,有,無,有,40000,158,,0.0,0,,RPQOMLOJQHKFFCD28CC
東區,房地(土地+建物),臺南市東區中華東路三段181~210號,300.0,商,,,1040714,土地1建物1車位0,一層,5,店面(店鋪),住商用,鋼筋混凝土構造,0760615,157.96,0,0,0,無,無,有,100000,633,,0.0,0,,RPUOMLOJQHKFFCD68CC
東區,房地(土地+建物),臺南市東區大同路二段721~750號,0.0,住,,,1040801,土地1建物1車位0,見其他登記事項,3,店面(店鋪),住商用,加強磚造,0630826,175.92,2,1,3,有,無,無,18000,102,,0.0,0,,RPTNMLPJQHKFFCD58CC
東區,房地(土地+建物),臺南市東區建東街43巷1~30號,0.0,住,,,1040801,土地1建物1車位0,四層,5,公寓(5樓含以下無電梯),住家用,鋼筋混凝土構造,0791105,65.93,2,1,1,有,無,有,7500,114,,0.0,0,,RPWNMLPJQHKFFCD88CC
東區,房地(土地+建物),臺南市東區長榮路二段91~120號,26.54,商,,,1040804,土地1建物1車位0,一層,9,店面(店鋪),商業用,鋼筋混凝土構造,0780620,201.65,0,0,0,無,無,無,45000,223,,0.0,0,,RPSOMLPJQHKFFCD58CC
永康區,房地(土地+建物),臺南市永康區正南一街92巷1~30號,83.28,其他,,,1040803,土地1建物1車位0,見其他登記事項,4,廠辦,見其他登記事項,見其他登記事項,0830528,417.97,5,2,3,有,無,有,40000,96,,0.0,0,,RPRNMLPJQHKFFHR67CC
永康區,建物,臺南市永康區富強路一段194巷5弄1~30號,0.0,住,,,1040805,土地0建物1車位0,全,2,透天厝,住家用,加強磚造,0760402,115.64,5,1,5,有,無,有,21000,182,,0.0,0,1.合約書無填具土地租賃面積.2.由所有權人提供出租資訊3.租金已包含車位,RPQNMLQJQHKFFHR67CC
永康區,建物,臺南市永康區東橋三路451~480號,0.0,住,,,1040709,土地0建物1車位0,全,4,透天厝,住商用,鋼筋混凝土造,0980722,220.63,3,2,2,有,無,無,32000,145,,0.0,0,,RPRNMLQJQHKFFHR77CC
安南區,建物,臺南市安南區長和路三段1~30號,0.0,住,,,1040720,土地0建物1車位0,全,4,透天厝,住商用,鋼筋混凝土構造,0921029,153.87,3,0,4,有,無,無,18000,117,,0.0,0,1.租賃契約書無填寫土地租賃面積。2.由所有權人提供租屋資訊。,RPTNMLQJQHKFFBD58CC
安南區,建物,臺南市安南區環館五路91~120號,0.0,住,,,1040713,土地0建物1車位0,全,5,透天厝,見其他登記事項,鋼筋混凝土構造,1020221,239.56,5,2,5,有,無,有,34000,142,,0.0,0,1.合約書無填具土地租賃面積.2.由所有權人提供出租資訊,RPUNMLQJQHKFFBD68CC
仁德區,房地(土地+建物),臺南市仁德區文華路三段428巷152弄1~30號,229.06,工,,,1040727,土地1建物1車位0,一層,1,工廠,見其他登記事項,見其他登記事項,1031222,158.05,0,0,2,有,無,無,38000,,,0.0,0,,RPPNMLQJQHKFFFR37CC
仁德區,建物,臺南市仁德區仁中三街31~60號,0.0,住,,,1040731,土地0建物1車位0,全,4,透天厝,住家用,鋼筋混凝土造,0941025,209.1,5,1,4,有,無,有,18000,86,,0.0,0,1.租賃契約書無填寫土地租賃面積。2.由所有權人提供租屋資訊。,RPTNMLQJQHKFFFR77CC
東區,房地(土地+建物),臺南市東區莊敬路121~150號,63.0,商,,,1040714,土地1建物1車位0,一層,4,店面(店鋪),住商用,鋼筋混凝土構造,0780906,51.56,0,1,1,有,無,無,13000,252,,0.0,0,,RPPNMLQJQHKFFCD38DC
安平區,土地,新南段241~270地號,350.7,住,,,1040714,土地2建物0車位0,,,其他,,,,0.0,0,0,0,有,無,有,53000,151,,0.0,0,,RPVOMLQJQHKFFAD88DC
東區,建物,臺南市東區林森路二段190巷18弄31~60號,0.0,住,,,1040707,土地0建物0車位0,三層,4,公寓(5樓含以下無電梯),住家用,鋼筋混凝土構造,0720210,34.97,1,0,1,有,無,有,4000,114,,0.0,0,1.由所有權人提供租屋資訊。2.租賃契約書無填寫土地租賃面積。3.此為分租套房。租賃面積為19.84平方公尺,RPQNMLQJQHKFFCD38CC
東區,建物,臺南市東區大同路二段751~780號,0.0,住,,,1040709,土地0建物1車位0,全,3,透天厝,住商用,加強磚造,0630826,179.96,2,1,1,有,無,無,13000,72,,0.0,0,,RPRNMLQJQHKFFCD48CC
東區,建物,臺南市東區東光路二段31~60號,0.0,住,,,1040710,土地0建物1車位0,一層,7,華廈(10層含以下有電梯),住商用,鋼筋混凝土構造,0800903,130.11,1,1,1,有,有,無,20000,154,,0.0,0,1.租賃契約書無填寫土地租賃面積。2.由所有權人提供租屋資訊。3.租賃樓層為1~2樓。4.租金已含一平面式車位。,RPSNMLQJQHKFFCD58CC
東區,建物,臺南市東區崇學路121~150號,0.0,住,,,1040719,土地0建物1車位0,三層,16,住宅大樓(11層含以上有電梯),住家用,鋼筋混凝土構造,0860508,147.69,4,2,2,有,有,無,22000,149,,0.0,0,1.租賃契約書無填寫土地租賃面積。2.由所有權人提供租屋資訊。3.租金已含一平面式車位。,RPUNMLQJQHKFFCD78CC
東區,建物,臺南市東區裕華三街121~150號,0.0,住,,,1040725,土地0建物1車位0,全,4,透天厝,見其他登記事項,見其他登記事項,0950919,179.71,4,2,4,有,無,無,10000,56,,0.0,0,,RPVNMLQJQHKFFCD88CC
北區,建物,臺南市北區公園南路331~360號,0.0,住,,,1040708,土地0建物1車位0,五層,14,住宅大樓(11層含以上有電梯),見其他登記事項,鋼筋混凝土構造,0971219,78.81,2,1,1,有,有,有,19000,241,,0.0,0,,RPVNMLQJQHKFFAD68CC
北區,建物,臺南市北區開元路485巷41弄1~30號,0.0,住,,,1040723,土地0建物1車位0,十四層,14,住宅大樓(11層含以上有電梯),見其他登記事項,鋼筋混凝土構造,0891120,61.519999999999996,1,2,2,有,有,有,12200,198,,0.0,0,,RPQOMLQJQHKFFAD28CC
中西區,建物,臺南市中西區南華街61~90號,0.0,住,,,1040723,土地0建物1車位0,一層,7,店面(店鋪),商業用,鋼筋混凝土構造,0800627,194.19,0,0,0,無,有,無,20000,103,,0.0,0,,RPUNMLRJQHKFFAD68CC
安平區,建物,臺南市安平區國平路541~570號,0.0,商,,,1040728,土地0建物1車位0,全,4,透天厝,見其他登記事項,見其他登記事項,0951124,219.03,5,3,4,有,無,有,36000,164,,0.0,0,,RPWNMLRJQHKFFAD88CC
中西區,建物,臺南市中西區西門路二段300巷1~30號,0.0,商,,,1040730,土地0建物1車位0,二層,2,套房(1房1廳1衛),住商用,加強磚造,0630524,16.52,1,0,1,有,有,有,4500,272,,0.0,0,,RPXNMLRJQHKFFAD98CC
安平區,建物,臺南市安平區育平路31~60號,0.0,住,,,1040730,土地0建物1車位0,七層,14,住宅大樓(11層含以上有電梯),見其他登記事項,見其他登記事項,1021125,57.769999999999996,2,1,1,有,有,有,22000,381,,0.0,0,,RPPOMLRJQHKFFAD28CC
中西區,建物,臺南市中西區中華西路二段541~570號,0.0,住,,,1040728,土地0建物1車位0,四層,5,套房(1房1廳1衛),見其他登記事項,鋼筋混凝土構造,0960123,33.05,1,1,1,有,無,有,11000,333,,0.0,0,,RPTOMLRJQHKFFAD68CC
安平區,建物,臺南市安平區健康路三段691~720號,0.0,住,,,1040803,土地0建物1車位0,五層,7,華廈(10層含以下有電梯),見其他登記事項,見其他登記事項,0940917,114.53,2,1,2,有,有,有,16000,140,,0.0,0,,RPUOMLRJQHKFFAD78CC
安平區,建物,臺南市安平區育平三街61~90號,0.0,住,,,1040803,土地0建物1車位0,二層,7,華廈(10層含以下有電梯),住家用,鋼筋混凝土構造,0820824,127.98,3,2,2,有,有,有,12000,94,,0.0,0,,RPVOMLRJQHKFFAD88CC
南區,建物,臺南市南區明興路91~120號,0.0,住,,,1040727,土地0建物1車位0,全,2,透天厝,住商用,鋼筋混凝土構造,0780123,140.77,3,2,2,有,無,有,16000,114,,0.0,0,,RPQNMLRJQHKFFCD48CC
南區,建物,臺南市南區體育路1~30號,0.0,住,,,1040729,土地0建物2車位0,一層,2,店面(店鋪),住家用,見其他登記事項,0550101,98.1,0,1,1,有,無,無,36000,367,,0.0,0,,RPRNMLRJQHKFFCD58CC
東區,建物,臺南市東區立德八路1~30號,0.0,商,,,1040728,土地0建物1車位0,四層,4,公寓(5樓含以下無電梯),住家用,加強磚造,0590421,94.42,3,2,2,有,無,有,9000,95,,0.0,0,,RPSNMLRJQHKFFCD68CC
東區,建物,臺南市東區崇德十九街61~90號,0.0,商,,,1040730,土地0建物1車位0,四層,8,華廈(10層含以下有電梯),住家用,鋼筋混凝土構造,0841221,121.96000000000001,3,1,2,有,有,有,12000,98,,0.0,0,1.租賃契約書無填寫土地租賃面積2.由所有權人提供租屋資訊3.含機械式車位一個,RPTNMLRJQHKFFCD78CC
南區,建物,臺南市南區福吉五街31~60號,0.0,住,,,1040730,土地0建物1車位0,一層,1,廠辦,商業用,鋼筋混凝土構造,0660328,86.49,0,0,0,無,無,無,30000,347,,0.0,0,,RPWNMLRJQHKFFCD09CC
南區,建物,臺南市南區大同路二段704巷61~90號,0.0,住,,,1040806,土地0建物1車位0,全,2,透天厝,住家用,加強磚造,0690206,89.99,3,2,2,有,無,無,13000,144,,0.0,0,,RPXNMLRJQHKFFCD56CC
東區,房地(土地+建物)+車位,臺南市東區崇德三街1~30號,4760.0,住,,,1040722,土地1建物1車位1,十二層,16,住宅大樓(11層含以上有電梯),住家用,鋼筋混凝土構造,0860508,81.87,3,2,2,有,有,有,20000,244,坡道平面,0.0,0,,RPOOMLRJQHKFFCD38CC
安南區,建物,臺南市安南區怡安路二段545巷6弄1~30號,0.0,住,,,1040801,土地0建物1車位0,全,4,透天厝,住商用,鋼筋混凝土構造,0811207,227.05,3,2,2,有,無,有,20000,88,,0.0,0,,RPRNMLRJQHKFFBD48CC
安南區,房地(土地+建物),臺南市安南區安中路二段296巷6弄1~30號,78.02,其他,,,1040726,土地2建物1車位0,全,4,透天厝,見其他登記事項,鋼筋混凝土構造,1040119,177.88,4,2,4,有,無,無,18000,101,,0.0,0,,RPVNMLRJQHKFFBD88CC
永康區,建物,臺南市永康區南工街311巷61~90號,0.0,住,,,1040804,土地0建物1車位0,三層,8,華廈(10層含以下有電梯),住家用,鋼筋混凝土造,0860823,84.82,2,2,1,有,有,有,11000,130,,0.0,0,1.租賃契約書無填寫土地租賃面積2.由所有權人提供租屋資訊3.含有一汽車車位,RPQNMLRJQHKFFHR77CC
永康區,建物,臺南市永康區勝學路260巷1~30號,0.0,住,,,1040810,土地0建物1車位0,九層,12,住宅大樓(11層含以上有電梯),見使用執照,鋼筋混凝土造,0880426,64.87,3,2,2,有,有,無,12000,185,,0.0,0,,RPTNMLKKQHKFFHR47CC
安南區,土地,和工段931~960地號,2115.32,工,,,1040721,土地2建物0車位0,,,其他,,,,0.0,0,0,0,有,無,有,65000,31,,0.0,0,,RPTOMLKKQHKFFBD18CC
南區,房地(土地+建物),臺南市南區健康路二段401巷1~30號,26.1,住,,,1040805,土地1建物1車位0,二層,5,公寓(5樓含以下無電梯),住家用,鋼筋混凝土構造,0701214,86.63,2,2,2,有,無,有,11000,127,,0.0,0,,RPOOMLKKQHKFFCD87DC
東區,房地(土地+建物),臺南市東區凱旋路301~330號,91.0,住,,,1040805,土地1建物1車位0,一層,1,店面(店鋪),住商用,鋼筋混凝土構造,0760121,56.21,0,0,0,無,無,無,20000,356,,0.0,0,,RPOOMLLKQHKFFCD97DC
安南區,房地(土地+建物),臺南市安南區十二佃路1~30號,85.31,住,,,1040810,土地1建物1車位0,全,3,透天厝,住家用,鋼筋混凝土構造,0811023,176.01,4,2,3,有,無,無,13000,74,,0.0,0,,RPTNMLLKQHKFFBD18CC
安南區,房地(土地+建物),臺南市安南區長和路二段91~120號,136.71,商,,,1040628,土地2建物1車位0,全,2,透天厝,住商用,加強磚造,0690630,118.59,5,2,3,有,無,無,23000,194,,0.0,0,,RPUNMLLKQHKFFBD28CC
安南區,房地(土地+建物),臺南市安南區環館北路811~840號,114.13,住,,,1040712,土地4建物2車位0,全,4,透天厝,見其他登記事項,鋼筋混凝土構造,0971128,261.04,5,2,4,有,無,有,20000,77,,0.0,0,,RPVNMLLKQHKFFBD38CC
安南區,房地(土地+建物),臺南市安南區館前一路91~120號,31.09,住,,,1040727,土地1建物1車位0,六層,7,華廈(10層含以下有電梯),見其他登記事項,鋼筋混凝土構造,1031105,113.62,2,1,1,有,無,有,15500,136,,0.0,0,,RPWNMLLKQHKFFBD48CC
安南區,房地(土地+建物),臺南市安南區館前一路91~120號,42.42,住,,,1040810,土地1建物1車位0,五層,7,華廈(10層含以下有電梯),見其他登記事項,鋼筋混凝土構造,1031105,158.19,3,1,2,有,無,有,17000,107,,0.0,0,,RPXNMLLKQHKFFBD58CC
永康區,土地,鹽東段451~480地號,495.8,住,,,1040719,土地1建物0車位0,,,其他,,,,0.0,0,0,0,有,無,無,30000,61,,0.0,0,,RPTNMLLKQHKFFHR57CC
安平區,房地(土地+建物),臺南市安平區安北路152巷1~30號,88.06,住,,,1040729,土地1建物1車位0,全,4,透天厝,住家用,鋼筋混凝土構造,0830303,222.19,5,2,4,有,無,有,20000,90,,0.0,0,,RPPOMLLKQHKFFAD77CC
北區,建物,臺南市北區公園北路151~180號,0.0,其他,,,1040810,土地0建物1車位0,三層,14,住宅大樓(11層含以上有電梯),見其他登記事項,見其他登記事項,0951001,94.0,2,2,1,有,無,有,19000,202,,0.0,0,,RPUOMLLKQHKFFAD28CC
北區,房地(土地+建物),臺南市北區西門路四段341巷1~30號,68.0,其他,,,150811,土地1建物1車位0,全,4,透天厝,住商用,鋼筋混凝土構造,0740520,214.53,4,2,4,有,無,有,18000,84,,0.0,0,,RPROMLMKQHKFFAD08CC
安南區,房地(土地+建物),臺南市安南區安中路一段91~120號,4688.5,其他,,,150810,土地13建物1車位0,見其他登記事項,2,工廠,工業用,見其他登記事項,0620320,688.33,0,0,0,有,無,有,150000,,,0.0,0,,RPTNMLMKQHKFFBD28CC
南區,房地(土地+建物),臺南市南區中華南路211~240號,37.2,住,,,1040726,土地1建物1車位0,四層,5,公寓(5樓含以下無電梯),住家用,鋼筋混凝土構造,0701126,129.84,3,2,2,有,無,無,8200,63,,0.0,0,,RPROMLNKQHKFFCD48DC
歸仁區,房地(土地+建物),臺南市歸仁區中山路二段211~240號,113.0,住,,,1040814,土地2建物1車位0,一層,2,店面(店鋪),住家用,加強磚造,0660201,98.67,5,0,0,無,無,有,10000,101,,0.0,0,,RPUNMLOKQHKFFFR77CC
永康區,建物,臺南市永康區中華西街181~210號,0.0,住,,,1040803,土地0建物1車位0,一層,14,店面(店鋪),商業用,鋼筋混凝土造,0880824,51.49,1,1,1,有,有,無,18000,350,,0.0,0,,RPQNMLOKQHKFFHR57CC
安平區,建物,臺南市安平區健康路三段691~720號,0.0,住,,,1040810,土地0建物1車位0,六層,7,華廈(10層含以下有電梯),見其他登記事項,見其他登記事項,0940917,60.230000000000004,1,1,1,有,有,有,10000,166,,0.0,0,,RPROMLOKQHKFFAD28CC
安平區,建物,臺南市安平區健康三街460巷61~90號,0.0,住,,,1040812,土地0建物1車位0,八層,8,華廈(10層含以下有電梯),住家用,鋼筋混凝土造,0830722,72.58,2,1,1,有,有,有,8000,110,,0.0,0,,RPSOMLOKQHKFFAD38CC
北區,房地(土地+建物),臺南市北區中華北路一段361~390號,80.9,其他,,,1040813,土地1建物1車位0,全,5,透天厝,住商用,鋼筋混凝土造,0840615,274.33,5,2,4,有,無,無,29500,108,,0.0,0,,RPTOMLOKQHKFFAD48CC
東區,建物,臺南市東區東興路31巷1~30號,0.0,住,,,1040807,土地0建物1車位0,一層,5,公寓(5樓含以下無電梯),住家用,鋼筋混凝土構造,0701103,95.76,3,2,2,有,無,有,15000,157,,0.0,0,,RPUNMLOKQHKFFCD68CC
南區,建物,臺南市南區金華路二段100巷1~30號,0.0,住,,,1040811,土地0建物1車位0,四層,4,公寓(5樓含以下無電梯),住家用,見其他登記事項,0660203,63.44,2,2,1,有,無,有,7000,110,,0.0,0,,RPWNMLOKQHKFFCD88CC
東區,建物,臺南市東區林森路二段192巷50弄1~30號,0.0,住,,,1040812,土地0建物1車位0,三層,5,公寓(5樓含以下無電梯),住家用,鋼筋混凝土構造,0740112,67.51,2,1,2,有,無,有,8000,119,,0.0,0,1.租賃契約書無填寫土地租賃面積2.由所有權人提供租屋資訊3.含有壹汽車車位,RPXNMLOKQHKFFCD98CC
東區,房地(土地+建物),臺南市東區中華東路三段181~210號,300.0,商,,,1040714,土地1建物1車位0,一層,5,店面(店鋪),住商用,鋼筋混凝土構造,0760615,157.96,0,0,0,無,無,有,100000,633,,0.0,0,,RPOOMLOKQHKFFCD18CC
東區,建物,臺南市東區東興路211~240號,0.0,住,,,1040813,土地0建物1車位0,三層,5,公寓(5樓含以下無電梯),住家用,鋼筋混凝土構造,0701219,130.78,3,2,2,有,無,有,11000,84,,0.0,0,,RPQOMLOKQHKFFCD38CC
南區,房地(土地+建物),臺南市南區金華路一段481~510號,111.0,住,,,1040814,土地2建物1車位0,見其他登記事項,5,店面(店鋪),見其他登記事項,鋼筋混凝土構造,1001117,310.98,5,3,7,有,無,無,58000,187,,0.0,0,,RPPNMLPKQHKFFCD28CC
中西區,建物,臺南市中西區開山路121~150號,0.0,商,,,1040810,土地0建物1車位0,見其他登記事項,3,店面(店鋪),,鋼筋混凝土造,0650402,392.67,0,0,0,無,無,無,90000,229,,0.0,0,,RPWOMLRKQHKFFAD09CC
永康區,土地,大灣段4711~4740地號,715.0,其他,,,1040803,土地1建物0車位0,,,其他,,,,0.0,0,0,0,有,無,無,32000,45,,0.0,0,,RPROMLRKQHKFFHR08CC
安南區,房地(土地+建物),臺南市安南區館前二路1~30號,151.42,其他,,,1040818,土地1建物1車位0,全,4,透天厝,見其他登記事項,鋼筋混凝土造,1011204,256.36,5,2,4,有,無,無,28500,111,,0.0,0,,RPQOMLSKQHKFFBD68CC
新市區,房地(土地+建物),臺南市新市區富林路331~360號,20.2,其他,,,1040806,土地1建物1車位0,六層,7,華廈(10層含以下有電梯),住家用,鋼筋混凝土造,0831021,92.99,3,2,2,有,有,無,12000,129,,0.0,0,,RPQQMLSKQHKFFER97CC
北區,房地(土地+建物),臺南市北區成功路31~60號,202.0,商,,,1040801,土地1建物1車位0,見其他登記事項,2,店面(店鋪),商業用,鋼造,0770422,125.86,0,0,0,無,無,無,100000,795,,0.0,0,,RPVOMLSKQHKFFAD09CC
東區,房地(土地+建物),臺南市東區裕農路361~390號,308.94,商,,,1040722,土地1建物1車位0,七層,12,辦公商業大樓,商業用,鋼筋混凝土構造,0790907,162.27,0,0,0,無,無,無,70000,431,,0.0,0,,RPUNMLSKQHKFFCD09CC
南區,房地(土地+建物),臺南市南區中華南路一段151~180號,115.29,其他,,,1040804,土地1建物1車位0,三層,3,其他,見其他登記事項,鋼筋混凝土構造,0731001,352.13,5,3,6,有,無,無,33000,94,,0.0,0,,RPOOMLSKQHKFFCD58CC
東區,建物,臺南市東區仁東街31~60號,0.0,住,,,1040803,土地0建物0車位0,一層,14,店面(店鋪),住商用,鋼筋混凝土構造,0871218,35.44,0,1,1,有,有,無,11000,310,,0.0,0,,RPPOMLTKQHKFFCD78CC
東區,房地(土地+建物),臺南市東區立德11路1~30號,0.0,商,,,1040819,土地1建物1車位0,五層,10,華廈(10層含以下有電梯),商業用,鋼筋混凝土構造,0821027,43.07,2,1,1,有,無,有,6000,139,,0.0,0,,RPPNMLKLQHKFFCD87CC
東區,房地(土地+建物),臺南市東區莊敬路91~120號,0.0,住,,,1040724,土地1建物1車位0,十六層,17,住宅大樓(11層含以上有電梯),住家用,鋼筋混凝土構造,0790803,101.02,3,2,2,有,無,有,12000,119,,0.0,0,,RPTOMLKLQHKFFCD38CC
中西區,房地(土地+建物),臺南市中西區西華南街36巷1~30號,0.0,住,,,1040815,土地1建物1車位0,三層,3,公寓(5樓含以下無電梯),住家用,鋼筋混凝土造,0840313,33.74,1,1,1,有,無,有,7000,207,,0.0,0,,RPTPMLKLQHKFFAD28CC
新市區,房地(土地+建物),臺南市新市區成功街2巷1~30號,881.57,住,,,1040820,土地1建物1車位0,全,6,透天厝,住家用,鋼筋混凝土造,0820823,88.08,3,2,3,有,無,有,8000,91,,0.0,0,,RPQOMLKLQHKFFER07CC
安南區,房地(土地+建物),臺南市安南區長和路一段361~390號,118.83,住,,,1040819,土地1建物1車位0,一層,5,店面(店鋪),見其他登記事項,鋼筋混凝土造,0971128,96.73,1,2,2,有,無,無,18000,186,,0.0,0,,RPVNMLKLQHKFFBD38CC
永康區,房地(土地+建物),臺南市永康區勝學路271~300號,109.9,住,,,1040820,土地1建物1車位0,見其他登記事項,4,店面(店鋪),住商用,鋼筋混凝土造,0991006,342.96,5,2,3,有,無,有,38000,111,,0.0,0,,RPTNMLLLQHKFFHR67CC
東區,房地(土地+建物)+車位,臺南市東區東門路二段271~300號,4127.16,其他,,,1040820,土地1建物1車位1,八層,14,住宅大樓(11層含以上有電梯),商業用,鋼筋混凝土構造,0810617,260.15999999999997,1,0,0,有,無,無,34000,128,坡道平面,9.2,0,,RPPOMLLLQHKFFCD08CC
永康區,建物,臺南市永康區中華路961~990號,0.0,住,,,1040819,土地0建物1車位0,五層,20,住宅大樓(11層含以上有電梯),住家用,鋼筋混凝土造,0860529,133.92000000000002,3,2,2,有,無,無,11000,82,,0.0,0,1.合約書無填具土地租賃面積.2.由所有權人提供出租資訊3.租金已包含車位,RPQNMLMLQHKFFHR47CC
北區,建物,臺南市北區大港街91~120號,0.0,住,,,1040726,土地0建物0車位0,全,5,透天厝,住商用,鋼筋混凝土造,0811128,124.35,4,5,6,有,無,無,13000,105,,0.0,0,,RPRNMLMLQHKFFAD18DC
中西區,建物,臺南市中西區信義街60巷31~60號,0.0,住,,,1040805,土地0建物1車位0,全,2,透天厝,住家用,磚造,,50.05,2,2,1,有,無,無,10000,200,,0.0,0,,RPSNMLMLQHKFFAD28DC
安平區,土地,妙壽段631~660地號,112.2,商,,,1040729,土地1建物0車位0,,,其他,,,,0.0,0,0,0,有,無,無,36000,321,,0.0,0,,RPROMLOLQHKFFAD48DC
官田區,房地(土地+建物),臺南市官田區中?31~60號,80.0,其他,,,1040822,土地1建物1車位0,全,3,透天厝,住商用,鋼筋混凝土造,0710511,48.22,2,0,2,有,無,有,5000,104,,0.0,0,,RPPNMLOLQHKFFCR07CC
仁德區,房地(土地+建物),臺南市仁德區新田里北保一街91~120號,30.9,住,,,1040823,土地1建物1車位0,一層,7,華廈(10層含以下有電梯),住家用,鋼筋混凝土造,0830818,122.5,3,2,2,有,無,有,8000,65,,0.0,0,,RPQOMLOLQHKFFFR57CC
永康區,建物,臺南市永康區甲頂里中正南路349巷31~60號,0.0,工,,,1040816,土地0建物1車位0,見其他登記事項,2,工廠,見其他登記事項,鋼筋混凝土造,0780712,524.62,0,0,0,無,無,無,25000,,,0.0,0,1.合約書無填具土地租賃面積.2.由所有權人提供出租資訊.3.租整棟透天,RPSNMLOLQHKFFHR87CC
東區,房地(土地+建物),臺南市東區自由路一段238巷1~30號,66.0,住,,,1040824,土地1建物1車位0,全,3,透天厝,住家用,鋼筋混凝土構造,0700314,143.12,4,2,3,有,無,有,11000,77,,0.0,0,,RPVNMLOLQHKFFCD88CC
南區,房地(土地+建物),臺南市南區南門路301~330號,64.0,住,,,1040710,土地1建物1車位0,全,4,透天厝,見其他登記事項,鋼筋混凝土構造,0891116,36.57,0,1,1,有,無,無,10000,273,,0.0,0,,RPVNMLPLQHKFFCD98CC
東區,土地,光明段6061~6090地號,897.0,住,,,1040731,土地1建物0車位0,,,其他,,,,0.0,0,0,0,有,無,無,35000,39,,0.0,0,,RPUNMLQLQHKFFCD98CC
東區,建物,臺南市東區崇德十六街31~60號,0.0,住,,,1040815,土地0建物1車位0,三層,4,套房(1房1廳1衛),住商用,鋼筋混凝土構造,0700513,49.58,1,0,1,有,無,有,6000,121,,0.0,0,,RPROMLQLQHKFFCD78CC
南區,建物,臺南市南區體育路43巷31~60號,0.0,住,,,1040816,土地0建物1車位0,五層,5,公寓(5樓含以下無電梯),住家用,鋼筋混凝土構造,0700911,87.25,2,2,2,有,無,有,10000,115,,0.0,0,,RPSOMLQLQHKFFCD88CC
東區,建物,臺南市東區立德十路1~30號,0.0,商,,,1040816,土地0建物1車位0,七層,9,華廈(10層含以下有電梯),住家用,鋼筋混凝土構造,0811222,46.230000000000004,1,1,1,有,有,有,8000,173,,0.0,0,,RPTOMLQLQHKFFCD98CC
東區,建物,臺南市東區中華東路二段151~180號,0.0,商,,,1040818,土地0建物1車位0,十層,14,住宅大樓(11層含以上有電梯),住家用,鋼筋混凝土構造,0970229,73.30000000000001,1,1,1,有,有,有,13000,177,,0.0,0,1.租賃契約書無填寫土地租賃面積2.由所有權人提供租屋資訊3.含平面式汽車車位一個,RPUOMLQLQHKFFCD09CC
東區,建物,臺南市東區中華東路三段399巷16弄31~60號,0.0,住,,,1040822,土地0建物1車位0,全,5,透天厝,見其他登記事項,鋼筋混凝土構造,0861022,273.6,6,2,4,有,有,有,28000,102,,0.0,0,1.租賃契約書無填寫土地租賃面積2.由所有權人提供租屋資訊3.含平面式汽車車位,RPVOMLQLQHKFFCD56CC
北區,建物,臺南市北區文賢路1122巷1~30號,0.0,住,,,1040825,土地0建物1車位0,全,2,透天厝,住工用,加強磚造,0730110,53.95,2,1,2,有,無,有,8500,158,,0.0,0,,RPROMLQLQHKFFAD58CC
安平區,建物,臺南市安平區府前三街121~150號,0.0,住,,,1040816,土地0建物1車位0,五層,7,套房(1房1廳1衛),住家用,鋼筋混凝土造,0850106,31.43,1,0,1,有,有,有,7000,223,,0.0,0,,RPSOMLQLQHKFFAD68CC
安平區,建物,臺南市安平區健康二街61~90號,0.0,住,,,1040818,土地0建物1車位0,全,4,透天厝,住商用,鋼筋混凝土造,0790724,214.66,5,2,3,有,無,有,25000,116,,0.0,0,,RPTOMLQLQHKFFAD78CC
北區,房地(土地+建物),臺南市北區文賢三街241~270號,689.71,其他,,,1040824,土地2建物1車位0,見其他登記事項,2,店面(店鋪),見其他登記事項,見其他登記事項,1031031,595.46,0,0,0,無,無,無,30000,50,,0.0,0,,RPUOMLQLQHKFFAD88CC
北區,建物,臺南市北區北安路一段176巷1~30號,0.0,商,,,1040823,土地0建物1車位0,四層,13,住宅大樓(11層含以上有電梯),見其他登記事項,見其他登記事項,0951129,116.19999999999999,3,1,2,有,有,有,23000,198,,0.0,0,,RPXOMLQLQHKFFAD56CC
中西區,建物,臺南市中西區信義街108巷31~60號,0.0,住,,,1040823,土地0建物1車位0,四層,5,華廈(10層含以下有電梯),住家用,鋼筋混凝土造,0820515,106.39,3,2,2,有,有,有,15000,141,,0.0,0,,RPOPMLQLQHKFFAD38CC
永康區,房地(土地+建物),臺南市永康區永康里永大路二段1526巷2弄1~30號,4.3,其他,,,1040822,土地1建物1車位0,十一層,14,套房(1房1廳1衛),住家用,鋼筋混凝土造,0840511,32.95,1,0,1,有,無,無,6000,182,,0.0,0,,RPOOMLQLQHKFFHR77CC
佳里區,房地(土地+建物),臺南市佳里區中山路1~30號,46.0,住,,,1040826,土地1建物1車位0,全,3,透天厝,住商用,加強磚造,0651227,130.68,4,2,3,有,無,無,18000,138,,0.0,0,,RPOOMLQLQHKFFDR37CC
善化區,土地,大成段121~150地號,98.32,其他,,,1040825,土地1建物0車位0,,,其他,,,,0.0,0,0,0,有,無,有,18000,183,,0.0,0,,RPQOMLRLQHKFFER77CC
永康區,房地(土地+建物),臺南市永康區中華二路331~360號,3.85,住,,,1040805,土地1建物1車位0,五層,14,住宅大樓(11層含以上有電梯),住家用,鋼筋混凝土造,0970903,101.12,1,1,1,有,無,無,15000,148,,0.0,0,,RPPOMLRLQHKFFHR97CC
北區,建物,臺南市北區北門路三段31~60號,0.0,其他,,,1040825,土地0建物1車位0,一層,12,住宅大樓(11層含以上有電梯),見其他登記事項,鋼筋混凝土造,0911227,195.69,1,2,2,有,無,無,15000,77,,0.0,0,,RPSNMLRLQHKFFAD68CC
東區,建物,臺南市東區中華東路二段151~180號,0.0,住,,,1040827,土地0建物1車位0,十三層,14,住宅大樓(11層含以上有電梯),住家用,鋼筋混凝土構造,0970229,33.769999999999996,1,0,1,有,無,有,8000,237,,0.0,0,,RPUNMLSLQHKFFCD56CC
新營區,房地(土地+建物),臺南市新營區延平路31~60號,4.35,商,,,1040729,土地4建物1車位0,七層,9,華廈(10層含以下有電梯),住家用,鋼筋混凝土造,0830829,35.06,3,2,2,有,有,無,7100,203,,0.0,0,,RPXNMLSLQHKFFAR08CC
北區,房地(土地+建物),臺南市北區公園南路361~390號,7.25,住,,,1040814,土地1建物1車位0,九層,14,住宅大樓(11層含以上有電梯),見其他登記事項,見其他登記事項,0960824,49.93,1,1,1,有,有,有,15000,300,,0.0,0,,RPTNMLKMQHKFFAD18CC
中西區,房地(土地+建物),臺南市中西區和緯路五段241~270號,161.45,住,,,1040813,土地1建物1車位0,全,5,透天厝,見其他登記事項,鋼筋混凝土造,0970429,529.88,5,2,6,有,無,有,45000,85,,0.0,0,,RPUNMLKMQHKFFAD28CC
北區,建物,臺南市北區北園街8巷1~30號,0.0,住,,,1040830,土地0建物1車位0,八層,19,住宅大樓(11層含以上有電梯),見其他登記事項,鋼筋混凝土造,0961227,157.17,3,2,2,有,有,有,22000,140,,0.0,0,,RPWOMLLMQHKFFAD68CC
新營區,房地(土地+建物),臺南市新營區新進路二段445巷1~30號,24.66,商,,,1040812,土地3建物1車位0,全,3,透天厝,住商用,加強磚造,0691022,37.7,7,2,3,有,無,有,8000,212,,0.0,0,,RPSNMLLMQHKFFAR96CC
新營區,房地(土地+建物),臺南市新營區新進路318巷1~30號,36.2,商,,,1040807,土地1建物1車位0,全,3,透天厝,住商用,鋼筋混凝土造,,36.2,1,1,1,有,無,有,8000,221,,0.0,0,,RPTNMLLMQHKFFAR07CC
永康區,房地(土地+建物),臺南市永康區中正南路91~120號,71.29,住,,,1040812,土地1建物1車位0,一層,2,店面(店鋪),住家用,加強磚造,0560301,33.12,0,0,0,無,無,無,13000,393,,0.0,0,,RPXNMLLMQHKFFHR18CC
東區,房地(土地+建物),臺南市東區裕信路151~180號,108.0,住,,,1040825,土地1建物1車位0,全,4,透天厝,住商用,見其他登記事項,0950928,216.53,5,2,4,有,無,無,36000,166,,0.0,0,,RPTNMLLMQHKFFCD58DC
永康區,建物,臺南市永康區中山東路218巷9弄1~30號,0.0,住,,,1040831,土地0建物1車位0,全,2,透天厝,住家用,加強磚造,0711209,92.96,5,1,2,有,無,有,15000,161,,0.0,0,,RPVNMLLJRHKFFHR77CC
南區,建物,臺南市南區金華路二段61~90號,0.0,商,,,1040817,土地0建物1車位0,一層,7,華廈(10層含以下有電梯),見其他登記事項,鋼筋混凝土構造,0710708,161.97,0,0,0,無,有,無,30000,185,,0.0,0,,RPTNMLLJRHKFFCD28CC
南區,房地(土地+建物),臺南市南區金華路二段39巷1~30號,65.0,住,,,1040902,土地1建物1車位0,全,2,透天厝,住家用,見其他登記事項,0640716,72.48,4,2,3,有,無,有,12000,166,,0.0,0,,RPTNMLMJRHKFFCD38CC
東區,建物,臺南市東區榮譽街91~120號,0.0,住,,,1040806,土地0建物1車位0,二層,7,華廈(10層含以下有電梯),住家用,鋼筋混凝土構造,0840330,136.04,4,2,2,有,有,有,20000,147,,0.0,0,,RPUNMLMJRHKFFCD48CC
東區,建物,臺南市東區榮譽街91~120號,0.0,住,,,1040806,土地0建物1車位0,二層,7,華廈(10層含以下有電梯),住家用,鋼筋混凝土構造,0840330,136.04,4,2,2,有,有,有,20000,147,,0.0,0,,RPVNMLMJRHKFFCD58CC
東區,建物,臺南市東區小東路241~270號,0.0,住,,,1040811,土地0建物1車位0,二十二層,25,住宅大樓(11層含以上有電梯),住家用,鋼筋混凝土構造,0840106,110.23,3,2,1,有,有,有,13000,118,,0.0,0,,RPWNMLMJRHKFFCD68CC
北區,土地,裕民段1171~1200地號,260.99,住,,,1040810,土地2建物0車位0,,,其他,,,,0.0,0,0,0,有,無,無,70000,268,,0.0,0,,RPPOMLMJRHKFFAD87CC
中西區,房地(土地+建物),臺南市中西區西賢街121~150號,95.13,住,,,1040902,土地1建物1車位0,全,3,透天厝,住家用,鋼筋混凝土造,0820325,202.06,5,2,3,有,無,有,16000,79,,0.0,0,,RPROMLMJRHKFFAD08CC
中西區,房地(土地+建物),臺南市中西區府前路一段31~60號,107.77,其他,,,1040822,土地1建物1車位0,一層,3,店面(店鋪),住家用,磚造,,44.44,0,0,0,無,無,有,16000,360,,0.0,0,,RPSOMLMJRHKFFAD18CC
安南區,建物,臺南市安南區長和路二段12巷213弄31~60號,0.0,住,,,1040807,土地0建物1車位0,全,4,透天厝,住家用,加強磚造,0600420,238.73,6,2,5,有,無,有,40000,168,,0.0,0,,RPUNMLMJRHKFFBD38CC
佳里區,房地(土地+建物),臺南市佳里區祥和二街271~300號,82.97,住,,,1040903,土地1建物1車位0,全,4,透天厝,住商用,鋼筋混凝土造,0691107,194.21,5,2,3,有,無,無,6500,33,,0.0,0,,RPRNMLNJRHKFFDR17CC
永康區,建物,臺南市永康區中華路1~30號,35.82,住,,,1040903,土地0建物1車位0,十六層,24,辦公商業大樓,見其他登記事項,鋼造,0791205,165.77,0,0,0,無,有,無,14500,87,,0.0,0,格局:開發式空間(無隔間),RPXNMLNJRHKFFHR18CC
仁德區,建物,臺南市仁德區中山路687巷1~30號,0.0,住,,,1040822,土地0建物0車位0,全,4,透天厝,住商用,鋼筋混凝土造,0960215,49.59,1,0,1,有,無,有,5500,111,,0.0,0,1.租賃契約書無填寫土地租賃面積2.由所有權人提供租屋資訊3.此租賃物為透天分租套房，套房租賃面積為49.59平方公尺,RPTNMLNJRHKFFFR57CC
仁德區,建物,臺南市仁德區中山路687巷1~30號,0.0,住,,,1040902,土地0建物1車位0,全,4,透天厝,住商用,鋼筋混凝土造,0960215,10.0,1,0,1,有,無,有,5000,500,,0.0,0,1.合約書無填具土地租賃面積.2.由所有權人提供出租資訊,RPSNMLOJRHKFFFR57CC
官田區,房地(土地+建物),臺南市官田區中?31~60號,80.0,住,,,1040903,土地1建物1車位0,全,4,透天厝,住商用,鋼筋混凝土造,0710511,29.75,1,0,1,有,無,有,3000,101,,0.0,0,,RPPNMLOJRHKFFCR96CC
東區,建物,臺南市東區小東路254巷1~30號,0.0,住,,,1040829,土地0建物1車位0,全,2,透天厝,住家用,加強磚造,0600316,78.18,4,0,0,有,無,無,13000,166,,0.0,0,,RPRNMLOJRHKFFCD38CC
仁德區,建物,臺南市仁德區中清路31~60號,0.0,住,,,1040824,土地0建物1車位0,全,4,透天厝,住商用,鋼筋混凝土造,1010702,167.58,5,1,4,有,無,無,14000,84,,0.0,0,租賃契約書無填寫土地租賃面積。2.由所有權人提供租屋資訊。3.租賃樓層為2樓~4樓。,RPPNMLPJRHKFFFR37CC
新市區,土地,富強段481~510地號,226.84,農,,,1040901,土地1建物0車位0,,,其他,,,,0.0,0,0,0,有,無,無,20000,88,,0.0,0,,RPVNMLRJRHKFFER08CC
安平區,房地(土地+建物),臺南市安平區華平路571~600號,159.0,住,,,1040903,土地1建物1車位0,見其他登記事項,2,店面(店鋪),見其他登記事項,見其他登記事項,1031223,183.4,0,0,0,無,無,無,75000,409,,0.0,0,,RPQOMLRJRHKFFAD48CC
中西區,房地(土地+建物),臺南市中西區永華路一段1~30號,73.81,商,,,1040907,土地1建物1車位0,一層,6,店面(店鋪),住商用,鋼筋混凝土造,0710503,73.81,0,0,0,無,無,有,50000,677,,0.0,0,,RPSOMLRJRHKFFAD68CC
安南區,房地(土地+建物),臺南市安南區館前一路91~120號,30.87,住,,,1040822,土地1建物1車位0,四層,7,華廈(10層含以下有電梯),見其他登記事項,鋼筋混凝土構造,1031105,113.02,2,2,2,有,無,有,11000,97,,0.0,0,,RPSNMLTJRHKFFBD88CC
永康區,建物,臺南市永康區八德街27巷31~60號,0.0,住,,,1040906,土地0建物1車位0,全,4,透天厝,住家用,鋼筋混凝土造,0950306,195.72,3,2,4,有,無,有,22000,112,,0.0,0,,RPPNMLTJRHKFFHR97CC
永康區,建物,臺南市永康區正南六街91~120號,214.72,其他,,,1040910,土地0建物1車位0,三層,3,廠辦,工業用,鋼筋混凝土造,0941021,400.78,6,3,4,有,無,無,48000,120,,0.0,0,,RPPOMLKKRHKFFHR27CC
佳里區,房地(土地+建物),臺南市佳里區祥和五街61~90號,64.51,住,,,1040909,土地1建物1車位0,全,2,透天厝,住商用,加強磚造,0670107,111.01,4,2,2,有,無,無,8000,72,,0.0,0,,RPQNMLKKRHKFFDR86CC
安平區,建物,臺南市安平區育平路211~240號,0.0,住,,,1040910,土地0建物1車位0,四層,17,住宅大樓(11層含以上有電梯),住家用,鋼筋混凝土造,0840729,77.59,2,1,1,有,有,有,11000,142,,0.0,0,,RPWNMLKKRHKFFAD38CC
北區,建物,臺南市北區育成路31~60號,0.0,商,,,1040909,土地0建物1車位0,全,4,透天厝,商業用,鋼筋混凝土造,0770420,316.4,5,2,3,有,無,無,15000,47,,0.0,0,,RPXNMLKKRHKFFAD48CC
中西區,房地(土地+建物),臺南市中西區湖美二街142巷1~30號,144.72,其他,,,1040908,土地2建物1車位0,全,3,透天厝,住家用,見其他登記事項,0940906,237.78,5,3,4,有,無,有,38000,160,,0.0,0,,RPOOMLKKRHKFFAD67CC
南區,建物,臺南市南區大同路二段181~210號,0.0,其他,,,1040909,土地0建物1車位0,八層,13,住宅大樓(11層含以上有電梯),見其他登記事項,鋼筋混凝土構造,0881021,115.44,3,2,2,有,無,有,10000,87,,0.0,0,,RPQNMLLKRHKFFCD08CC
東區,建物,臺南市東區東門路三段271~300號,0.0,住,,,1040908,土地0建物1車位0,全,3,透天厝,住商用,鋼筋混凝土構造,0721101,242.62,6,1,3,有,無,無,25000,103,,0.0,0,,RPSNMLLKRHKFFCD28CC
新市區,房地(土地+建物),臺南市新市區光華街91~120號,49.6,住,,,1040910,土地2建物1車位0,一層,5,店面(店鋪),住商用,鋼筋混凝土造,0850223,72.72,0,1,1,有,無,無,10000,138,,0.0,0,,RPUNMLLKRHKFFER47CC
安南區,房地(土地+建物),臺南市安南區臺南市安南區安中路四段210巷31~60號,118.76,其他,,,1040912,土地1建物1車位0,全,3,透天厝,住商用,鋼筋混凝土構造,0820401,227.08,4,1,2,有,無,無,15000,66,,0.0,0,,RPTNMLMKRHKFFBD38CC
安南區,房地(土地+建物),臺南市安南區國安街155巷20弄1~30號,40.91,其他,,,1040910,土地1建物1車位0,全,2,透天厝,住家用,加強磚造,0701030,78.52,3,2,2,有,無,無,10000,127,,0.0,0,,RPUNMLMKRHKFFBD48CC
永康區,建物,臺南市永康區復國二路241~270號,0.0,住,,,1040911,土地0建物1車位0,六層,7,華廈(10層含以下有電梯),住家用,鋼筋混凝土造,0830513,115.83,3,2,2,有,有,有,11000,95,,0.0,0,,RPVNMLMKRHKFFHR97CC
永康區,建物,臺南市永康區永大路三段618巷31~60號,0.0,住,,,1040909,土地0建物1車位0,全,4,透天厝,見其他登記事項,見其他登記事項,1020403,256.99,5,1,5,有,無,有,38000,148,,0.0,0,,RPPNMLNKRHKFFHR47CC
永康區,建物,臺南市永康區聖龍街151~180號,0.0,住,,,1040828,土地0建物1車位0,全,3,透天厝,住商用,鋼筋混凝土造,0820521,189.59,4,2,4,有,無,有,18000,95,,0.0,0,,RPQNMLNKRHKFFHR57CC
永康區,建物,臺南市永康區忠義街60巷1~30號,0.0,商,,,1040912,土地0建物1車位0,十二層,15,套房(1房1廳1衛),見其他登記事項,鋼筋混凝土造,0840331,61.21,1,1,1,有,有,有,6000,98,,0.0,0,,RPRNMLNKRHKFFHR67CC
永康區,建物,臺南市永康區鹽洲二街175巷1~30號,0.0,住,,,1040910,土地0建物1車位0,全,3,透天厝,住家用,鋼筋混凝土造,0810714,175.91,5,2,3,有,無,有,18000,102,,0.0,0,,RPSNMLNKRHKFFHR77CC
安南區,建物,臺南市安南區安和路五段171巷31~60號,0.0,住,,,1040831,土地0建物1車位0,全,2,透天厝,住家用,鋼筋混凝土構造,0810731,114.94,4,3,3,有,無,有,16000,139,,0.0,0,1.租賃契約書無填寫土地租賃面積2.由所有權人提供租屋資訊3.含平面式汽車車位,RPPNMLNKRHKFFBD08CC
南區,建物,臺南市南區金華路二段3巷1~30號,0.0,住,,,1040831,土地0建物1車位0,四層,4,公寓(5樓含以下無電梯),住家用,鋼筋混凝土構造,0670509,76.48,3,2,1,有,無,有,7000,92,,0.0,0,,RPPNMLNKRHKFFCD18CC
東區,建物,臺南市東區自由路三段1~30號,0.0,商,,,1040829,土地0建物1車位0,十三層,15,住宅大樓(11層含以上有電梯),住家用,鋼筋混凝土構造,0851004,117.99,3,2,2,有,有,有,13000,110,,0.0,0,,RPQNMLNKRHKFFCD28CC
南區,建物,臺南市南區金華路一段116巷1~30號,0.0,住,,,1040910,土地0建物1車位0,三層,5,公寓(5樓含以下無電梯),住家用,鋼筋混凝土構造,0701203,58.09,3,1,1,有,無,有,7000,121,,0.0,0,,RPRNMLNKRHKFFCD38CC
東區,建物,臺南市東區仁和路31~60號,0.0,住,,,1040909,土地0建物1車位0,十三層,13,住宅大樓(11層含以上有電梯),住家用,鋼筋混凝土構造,1010723,209.1,3,2,2,有,有,有,35000,167,,0.0,0,1.租賃契約書無填寫土地租賃面積2.由所有權人提供租屋資訊3.含平面式汽車車位,RPSNMLNKRHKFFCD48CC
安平區,建物,臺南市安平區永華十一街91~120號,0.0,住,,,1040828,土地0建物1車位0,全,4,透天厝,見其他登記事項,見其他登記事項,0950822,227.25,5,2,4,有,無,有,36000,158,,0.0,0,,RPPNMLNKRHKFFAD97CC
北區,建物,臺南市北區公園南路331~360號,0.0,住,,,1040906,土地0建物1車位0,十層,25,住宅大樓(11層含以上有電梯),住家用,鋼筋混凝土造,0840104,147.86,3,2,2,有,有,有,15000,101,,0.0,0,,RPQNMLNKRHKFFAD08CC
安平區,建物,臺南市安平區慶平路511~540號,0.0,商,,,1040910,土地0建物1車位0,十九層,24,住宅大樓(11層含以上有電梯),見其他登記事項,鋼筋混凝土造,0880211,139.67,3,2,2,有,有,有,15000,107,,0.0,0,,RPRNMLNKRHKFFAD18CC
安平區,建物,臺南市安平區慶平路481~510號,0.0,商,,,1040907,土地0建物1車位0,十五層,22,住宅大樓(11層含以上有電梯),住家用,鋼筋混凝土造,0840516,119.22,2,2,2,有,有,有,15000,126,,0.0,0,,RPSNMLNKRHKFFAD28CC
安平區,建物,臺南市安平區健康一街1~30號,0.0,住,,,1040911,土地0建物1車位0,全,5,透天厝,住商用,鋼筋混凝土造,0831228,63.48,0,1,1,有,無,無,13500,213,,0.0,0,,RPSNMLOKRHKFFAD38CC
東區,房地(土地+建物),臺南市東區崇明路121~150號,18.39,商,,,1040906,土地1建物1車位0,見其他登記事項,16,店面(店鋪),住商用,鋼筋混凝土構造,0850203,187.48,2,2,2,有,無,有,20000,107,,0.0,0,,RPUOMLOKRHKFFCD88CC
東區,建物,臺南市東區自由路三段211~240號,0.0,住,,,1040912,土地0建物1車位0,七層,10,華廈(10層含以下有電梯),住家用,鋼筋混凝土構造,0831024,92.17,4,2,2,有,無,有,14000,152,,0.0,0,1.合約書無填具土地租賃面積.2.由所有權人提供出租資訊3.租金已包含車位,RPRNMLPKRHKFFCD58CC
中西區,建物,臺南市中西區開山路1~30號,0.0,其他,,,1040915,土地0建物1車位0,全,4,透天厝,住商用,加強磚造,0570408,53.51,0,0,1,有,無,無,19000,355,,0.0,0,,RPOPMLPKRHKFFAD28CC
北區,建物,臺南市北區南園街106巷1~30號,0.0,住,,,1040914,土地0建物1車位0,全,4,透天厝,住家用,鋼筋混凝土造,0660317,71.5,2,2,2,有,無,有,8500,119,,0.0,0,,RPQNMLQKRHKFFAD38CC
安平區,房地(土地+建物),臺南市安平區育平四街31~60號,11.67,其他,,,1040909,土地1建物1車位0,二層,17,住宅大樓(11層含以上有電梯),住商用,鋼筋混凝土造,0850907,105.69,1,2,2,有,有,無,12000,114,,0.0,0,,RPUNMLRKRHKFFAD88CC
安平區,建物,臺南市安平區健康一街71巷31~60號,0.0,住,,,1040910,土地0建物1車位0,二層,4,套房(1房1廳1衛),住商用,鋼筋混凝土造,0820512,39.66,1,0,1,有,有,有,6000,151,,0.0,0,,RPOOMLRKRHKFFAD38CC
北區,建物,臺南市北區文賢路313巷12弄1~30號,0.0,住,,,1040913,土地0建物1車位0,全,2,透天厝,住家用,鋼筋混凝土造,0781103,204.12,4,4,4,有,無,有,23000,113,,0.0,0,,RPPOMLRKRHKFFAD48CC
東區,建物,臺南市東區立德八路31~60號,0.0,住,,,1040912,土地0建物1車位0,全,2,透天厝,住家用,磚造,0540101,76.41,2,2,2,有,無,有,8000,105,,0.0,0,,RPTNMLRKRHKFFCD98CC
東區,建物,臺南市東區林森路一段121~150號,0.0,商,,,1040915,土地0建物1車位0,五層,22,住宅大樓(11層含以上有電梯),住家用,鋼筋混凝土構造,0800111,42.43,1,1,1,有,有,有,5500,130,,0.0,0,,RPOOMLRKRHKFFCD58CC
安南區,建物,臺南市安南區安中路一段702巷1~30號,0.0,住,,,1040916,土地0建物1車位0,四層,4,公寓(5樓含以下無電梯),見其他登記事項,鋼筋混凝土造,0700907,101.36,3,1,2,有,無,有,8500,84,,0.0,0,,RPQPMLRKRHKFFBD78CC
永康區,建物,臺南市永康區中華路661~690號,0.0,住,,,1040914,土地0建物1車位0,一層,14,店面(店鋪),住商用,鋼筋混凝土造,0850408,43.69,2,0,1,有,無,有,8000,183,,0.0,0,,RPTNMLRKRHKFFHR28CC
永康區,房地(土地+建物)+車位,臺南市永康區中山南路262巷1~30號,0.0,住,,,1040826,土地5建物1車位0,九層,15,住宅大樓(11層含以上有電梯),住家用,鋼筋混凝土造,0841204,102.16,4,2,2,有,無,無,13000,127,升降機械,62.68,0,"租賃合約書無填寫土地租賃.租金包含管理費.車位坪數無個別劃分,包含於公共設施面積內",RPOOMLRKRHKFFHR87CC
北區,房地(土地+建物),臺南市北區北園街8巷61~90號,69.23,住,,,1040914,土地2建物1車位0,全,4,透天厝,見其他登記事項,見其他登記事項,0960109,177.85,4,2,4,有,無,有,25000,141,,0.0,0,,RPQPMLSKRHKFFAD88DC
北區,建物,臺南市北區實踐街31~60號,0.0,其他,,,1040917,土地0建物1車位0,一層,12,住宅大樓(11層含以上有電梯),見其他登記事項,鋼筋混凝土造,0911227,207.18,2,2,2,有,無,有,18000,87,,0.0,0,,RPTNMLSKRHKFFAD88CC
中西區,房地(土地+建物),臺南市中西區衛民街61~90號,13.99,住,,,1040919,土地3建物1車位0,一層,9,華廈(10層含以下有電梯),見其他登記事項,見其他登記事項,0950713,150.18,1,1,1,有,無,有,17000,113,,0.0,0,,RPSNMLTKRHKFFAD88CC
安南區,土地,怡安段781~810地號,557.14,住,,,1040918,土地1建物0車位0,,,其他,,,,0.0,0,0,0,有,無,無,17500,31,,0.0,0,,RPUNMLTKRHKFFBD56CC
中西區,房地(土地+建物),臺南市中西區金華路三段121~150號,58.0,住,,,1040919,土地1建物1車位0,一層,4,店面(店鋪),住商用,鋼筋混凝土造,0660319,28.21,0,0,0,無,無,無,17000,603,,0.0,0,,RPPNMLKLRHKFFAD77CC
安平區,房地(土地+建物),臺南市安平區永華路二段211~240號,817.0,商,,,1040917,土地1建物1車位0,一層,1,店面(店鋪),見其他登記事項,見其他登記事項,0920224,492.11,0,1,2,有,無,無,188000,382,,0.0,0,,RPTNMLLLRHKFFAD28CC
安平區,建物,臺南市安平區文平路361~390號,0.0,商,,,1040920,土地0建物1車位0,全,5,透天厝,住商用,鋼筋混凝土造,0891207,76.81,0,0,0,無,無,無,18000,234,,0.0,0,,RPTOMLLLRHKFFAD38CC
永康區,建物,臺南市永康區埔聖街87巷31~60號,0.0,住,,,1040918,土地0建物1車位0,全,4,透天厝,住家用,鋼筋混凝土造,0961211,211.91,4,2,3,有,無,有,22000,104,,0.0,0,,RPXNMLLLRHKFFHR18CC
仁德區,土地,中正段61~90地號,101.69,農,,,1040918,土地2建物0車位0,,,其他,,,,0.0,0,0,0,有,無,無,11000,108,,0.0,0,建物未保存登記,RPQNMLLLRHKFFFR27CC
東區,建物,臺南市東區文化路121~150號,274.74,住,,,1040921,土地0建物1車位0,十層,12,住宅大樓(11層含以上有電梯),見其他登記事項,鋼筋混凝土構造,1021023,274.74,4,2,2,有,無,有,45000,164,,0.0,0,,RPUOMLLLRHKFFCD78DC
仁德區,房地(土地+建物),臺南市仁德區中山路571~600號,90.11,商,,,1040827,土地1建物1車位0,見其他登記事項,4,店面(店鋪),住商用,鋼筋混凝土造,0690722,255.67,6,3,4,有,無,無,35000,137,,0.0,0,,RPRNMLMLRHKFFFR47CC
永康區,房地(土地+建物),臺南市永康區中華路961~990號,26.94,其他,,,1040921,土地1建物1車位0,三層,16,住宅大樓(11層含以上有電梯),住商用,鋼筋混凝土造,0840523,250.67000000000002,5,1,4,有,無,無,47500,189,,0.0,0,,RPWNMLMLRHKFFHR18CC
永康區,房地(土地+建物),臺南市永康區民族路211~240號,106.01,住,,,1040915,土地1建物1車位0,見其他登記事項,3,店面(店鋪),住商用,鋼筋混凝土造,0730523,226.67,4,2,4,有,無,無,20000,88,,0.0,0,,RPQOMLMLRHKFFHR67CC
新市區,房地(土地+建物),臺南市新市區南港街121~150號,81.1,住,,,1040915,土地1建物1車位0,全,4,透天厝,住商用,鋼筋混凝土造,0811106,208.66,5,2,3,有,無,無,20000,96,,0.0,0,,RPTNMLMLRHKFFER57CC
東區,建物,臺南市東區中華東路二段41巷31~60號,23.0,住,,,1040914,土地0建物1車位0,二層,5,公寓(5樓含以下無電梯),住家用,鋼筋混凝土構造,0681214,68.36,3,2,1,有,無,有,10500,154,,0.0,0,,RPQNMLMLRHKFFCD28CC
東區,建物,臺南市東區文化路121~150號,116.89,住,,,1040921,土地0建物1車位0,四層,12,住宅大樓(11層含以上有電梯),見其他登記事項,鋼筋混凝土構造,1021023,129.42,4,2,2,有,無,有,45000,348,,0.0,0,,RPRNMLMLRHKFFCD38CC
東區,建物,臺南市東區東門路一段331~360號,34.44,商,,,1040914,土地0建物1車位0,八層,11,辦公商業大樓,商業用,鋼筋混凝土構造,0790720,50.0,2,0,0,有,無,有,10000,200,,0.0,0,,RPSNMLMLRHKFFCD48CC
南區,房地(土地+建物),臺南市南區南和路1~30號,115.43,其他,,,1040916,土地1建物1車位0,全,4,透天厝,住商用,鋼筋混凝土構造,0840325,275.38,6,2,5,有,無,無,22000,80,,0.0,0,南和路店面租,RPWNMLMLRHKFFCD88CC
安平區,房地(土地+建物),臺南市安平區郡平路274巷20弄1~30號,57.27,住,,,1040922,土地1建物1車位0,一層,6,華廈(10層含以下有電梯),住商用,鋼筋混凝土造,0820401,264.69,4,3,3,有,無,無,20000,76,,0.0,0,,RPPNMLNLRHKFFAD18DC
永康區,房地(土地+建物),臺南市永康區成功路172巷8弄1~30號,0.0,住,,,1040923,土地2建物1車位0,全,2,透天厝,住家用,加強磚造,0770114,178.83,5,2,4,有,無,有,19000,106,,0.0,0,,RPVNMLOLRHKFFHR28CC
北區,房地(土地+建物),臺南市北區海安路三段691~720號,150.72,住,,,1040918,土地2建物1車位0,全,5,透天厝,見其他登記事項,鋼筋混凝土構造,0910114,98.36,0,0,0,無,無,無,20000,203,,0.0,0,,RPRNMLOLRHKFFAD38CC
新化區,建物,臺南市新化區信義路484巷1~30號,0.0,其他,,,1040924,土地0建物1車位0,見其他登記事項,7,華廈(10層含以下有電梯),見其他登記事項,鋼筋混凝土造,0820804,181.34,3,2,3,有,無,有,10000,55,,0.0,0,1.合約書無填具土地租賃面積.2.由所有權人提供出租資訊,RPQOMLPLRHKFFER67CC
安南區,房地(土地+建物),臺南市安南區安中路三段331~360號,79.55,住,,,1040923,土地1建物1車位0,一層,1,店面(店鋪),住商用,鋼筋混凝土造,0840608,61.79,0,1,1,有,無,無,17000,275,,0.0,0,,RPRNMLPLRHKFFBD58CC
安南區,建物,臺南市安南區安中路四段151~180號,0.0,住,,,1040922,土地0建物1車位0,全,4,透天厝,住家用,加強磚造,0730727,41.94,0,1,1,有,無,無,10000,238,,0.0,0,,RPSNMLPLRHKFFBD68CC
南區,房地(土地+建物),臺南市南區國民路217巷30弄1~30號,61.46,住,,,1040828,土地1建物1車位0,全,2,透天厝,住家用,加強磚造,0700716,80.37,5,2,3,有,無,無,13000,162,,0.0,0,,RPRNMLPLRHKFFCD78DC
永康區,建物,臺南市永康區中華二路266巷1~30號,0.0,住,,,1040925,土地0建物1車位0,九層,19,住宅大樓(11層含以上有電梯),住家用,鋼筋混凝土造,0860128,35.05,1,0,1,有,無,有,7500,214,,0.0,0,,RPPNMLSLRHKFFHR08CC
永康區,建物,臺南市永康區中山南路544巷60弄1~30號,0.0,住,,,1040919,土地0建物1車位0,全,2,透天厝,住家用,鋼筋混凝土造,0790509,171.87,4,2,3,有,無,有,14000,81,,0.0,0,,RPXNMLTLRHKFFHR98CC
永康區,建物,臺南市永康區大同街8巷1~30號,0.0,住,,,1040925,土地0建物1車位0,全,4,透天厝,住家用,鋼筋混凝土造,0950306,222.8,5,2,4,有,有,有,25000,112,,0.0,0,,RPOOMLTLRHKFFHR18CC
西港區,建物,臺南市西港區中港1~30號,0.0,,鄉村區,乙種建築用地,1040926,土地0建物1車位0,全,3,透天厝,住家用,鋼筋混凝土造,0820707,133.98,3,1,3,有,無,有,10000,75,,0.0,0,1.合約書無填具土地租賃面積.2.由所有權人提供出租資訊,RPSNMLTLRHKFFDR08CC
安平區,建物,臺南市安平區永華路二段901~930號,0.0,商,,,1040912,土地0建物1車位0,十三層,14,住宅大樓(11層含以上有電梯),見其他登記事項,見其他登記事項,0960111,185.2,2,2,2,有,有,有,18000,97,,0.0,0,,RPSOMLTLRHKFFAD09CC
中西區,建物,臺南市中西區區開山路122巷56弄1~30號,0.0,商,,,1040922,土地0建物1車位0,四層,5,公寓(5樓含以下無電梯),住家用,鋼筋混凝土構造,0820719,115.56,3,2,2,有,無,有,12500,108,,0.0,0,,RPVOMLTLRHKFFAD76CC
北區,建物,臺南市北區公園路391~420號,0.0,商,,,1040925,土地0建物1車位0,,5,店面(店鋪),見其他登記事項,鋼筋混凝土構造,0980525,59.16,0,0,0,無,無,有,25000,423,,0.0,0,,RPXOMLTLRHKFFAD96CC
北區,土地,北元段721~750地號,262.2,住,,,1040929,土地1建物0車位0,,,其他,,,,0.0,0,0,0,有,無,無,16000,61,,0.0,0,,RPSQMLTLRHKFFAD66CC
東區,建物,臺南市東區東寧路541~570號,0.0,商,,,1040918,土地0建物1車位0,十一層,14,住宅大樓(11層含以上有電梯),住家用,鋼筋混凝土構造,0840721,155.53,2,2,2,有,有,有,22000,141,,0.0,0,,RPXNMLTLRHKFFCD07CC
東區,建物,臺南市東區仁東街1~30號,0.0,住,,,1040928,土地0建物1車位0,十三層,14,住宅大樓(11層含以上有電梯),住家用,鋼筋混凝土構造,0871218,80.12,1,1,1,有,有,有,10000,125,,0.0,0,1.合約書無填具土地租賃面積.2.由所有權人提供出租資訊.3.租金已包含車位.,RPQOMLTLRHKFFCD09CC
東區,房地(土地+建物),臺南市東區中華東路三段399巷21弄1~30號,26.06,其他,,,1040828,土地1建物1車位0,一層,9,店面(店鋪),商業用,鋼筋混凝土構造,0880706,170.99,1,2,1,有,有,有,26000,152,,0.0,0,,RPSOMLTLRHKFFCD66CC
北區,房地(土地+建物),臺南市北區成功路571~600號,2.72,其他,,,1040810,土地1建物1車位0,五層,12,套房(1房1廳1衛),住家用,鋼筋混凝土構造,0840307,22.47,1,0,1,有,無,有,7500,334,,0.0,0,,RPPPMLKMRHKFFAD08CC
中西區,房地(土地+建物),臺南市中西區頂美一街76巷1~30號,119.63,其他,,,1040824,土地2建物1車位0,全,2,透天厝,住家用,加強磚造,0671115,96.92,3,2,3,有,無,有,22000,227,,0.0,0,,RPQPMLKMRHKFFAD18CC
安平區,房地(土地+建物),臺南市安平區郡平路181~210號,18.71,其他,,,1040825,土地1建物1車位0,十五層,17,住宅大樓(11層含以上有電梯),住家用,鋼筋混凝土構造,0850907,113.82,2,2,1,有,無,有,20000,176,,0.0,0,,RPRPMLKMRHKFFAD28CC
新市區,建物,臺南市新市區華美街7巷1~30號,0.0,住,,,1040922,土地0建物1車位0,全,2,透天厝,住家用,鋼筋混凝土造,0770922,117.71,5,2,3,有,無,有,20000,170,,0.0,0,1.合約書無填具土地租賃面積.2.由所有權人提供出租資訊,RPQNMLKMRHKFFER17CC
歸仁區,建物,臺南市歸仁區民族北街17巷1~30號,0.0,住,,,1040928,土地0建物1車位0,七層,10,華廈(10層含以下有電梯),住家用,鋼筋混凝土造,0821224,81.75999999999999,2,1,1,有,無,有,9000,110,,0.0,0,1.合約書無填具土地租賃面積.2.由所有權人提供出租資訊,RPRNMLKMRHKFFFR37CC
永康區,建物,臺南市永康區復國二路243巷21弄1~30號,0.0,住,,,1040930,土地0建物1車位0,一層,11,住宅大樓(11層含以上有電梯),住家用,鋼筋混凝土造,0840520,102.8,4,1,2,有,無,有,12000,117,,0.0,0,,RPUNMLLJIIKFFHR86CC
北區,房地(土地+建物),臺南市北區成功路511~540號,20.68,其他,,,1041001,土地1建物1車位0,九層,11,住宅大樓(11層含以上有電梯),住家用,鋼筋混凝土構造,0860614,117.23,3,2,2,有,無,有,12000,102,,0.0,0,,RPPNMLLJIIKFFAD86CC
安平區,建物,臺南市安平區永華六街154巷1~30號,0.0,其他,,,1040928,土地0建物1車位0,全,4,透天厝,見其他登記事項,見其他登記事項,0990406,219.25,5,2,5,有,無,無,40000,182,,0.0,0,,RPTNMLMJIIKFFAD37CC
永康區,建物,臺南市永康區復華三街61~90號,0.0,住,,,1041001,土地0建物1車位0,十二層,19,住宅大樓(11層含以上有電梯),住家用,鋼筋混凝土造,0840908,129.61,2,1,2,有,無,有,8000,62,,0.0,0,,RPSNMLMJIIKFFHR76CC
永康區,房地(土地+建物),臺南市永康區富強路一段98巷56弄1~30號,69.51,住,,,1040909,土地1建物1車位0,全,5,透天厝,見其他登記事項,鋼筋混凝土造,0880201,187.9,5,2,3,有,無,無,14000,75,,0.0,0,,RPTNMLNJIIKFFHR96CC
永康區,房地(土地+建物),臺南市永康區中山東路151~180號,8.21,其他,,,1040930,土地1建物1車位0,十一層,11,住宅大樓(11層含以上有電梯),住家用,鋼筋混凝土造,0900110,46.870000000000005,3,1,2,有,有,無,10000,213,,0.0,0,,RPPNMLOJIIKFFHR66CC
永康區,房地(土地+建物),臺南市永康區大橋2街239巷21弄31~60號,0.0,住,,,1041003,土地1建物1車位0,四層,5,華廈(10層含以下有電梯),住家用,鋼筋混凝土造,0830701,22.31,1,0,1,有,無,有,6000,269,,0.0,0,"租賃合約書無填寫土地租賃,租金包含網路及第四台費用",RPPNMLPJIIKFFHR76CC
東區,房地(土地+建物),臺南市東區崇學路91~120號,19.99,其他,,,1040915,土地1建物1車位0,見其他登記事項,16,店面(店鋪),住商用,鋼筋混凝土構造,0860508,164.76,0,0,0,無,無,無,35000,212,,0.0,0,,RPXNMLPJIIKFFCD28CC
永康區,建物,臺南市永康區新民街1~30號,0.0,其他,,,1041004,土地0建物1車位0,全,4,透天厝,見其他登記事項,鋼筋混凝土造,1020205,59.44,0,1,1,有,無,無,16000,269,,0.0,0,,RPUNMLQJIIKFFHR37CC
仁德區,建物,臺南市仁德區中山路687巷1~30號,0.0,住,,,1040911,土地0建物0車位0,全,4,透天厝,住商用,鋼筋混凝土造,0960215,19.84,1,0,1,有,無,有,4500,227,,0.0,0,1.租賃契約書無填寫土地租賃面積。2.由所有權人提供租屋資訊。3.物件為透天分租套房.出租樓層為2樓前。,RPUOMLRJIIKFFFR37CC
東區,建物,臺南市東區中華東路三段121~150號,0.0,商,,,1040909,土地0建物1車位0,一層,1,店面(店鋪),見其他登記事項,見其他登記事項,0720826,74.32,0,0,1,有,無,無,80000,1076,,0.0,0,,RPROMLRJIIKFFCD97CC
東區,建物,臺南市東區東門路二段239巷1~30號,0.0,住,,,1040916,土地0建物1車位0,全,2,透天厝,住家用,加強磚造,0650819,101.75,4,4,3,有,無,無,25000,246,,0.0,0,,RPSOMLRJIIKFFCD08CC
中西區,建物,臺南市中西區臺南市中西區健康路一段170巷1~30號,36.0,住,,,1041005,土地0建物1車位0,一層,1,店面(店鋪),見其他登記事項,見其他登記事項,1040615,96.61,0,0,0,無,無,有,57500,595,,0.0,0,,RPOOMLRJIIKFFAD47CC
北區,建物,臺南市北區公園南路233巷1~30號,13.03,住,,,1041001,土地0建物1車位0,八層,9,華廈(10層含以下有電梯),見其他登記事項,見其他登記事項,1040126,64.53,2,1,1,有,有,有,29000,449,,0.0,0,,RPPNMLSJIIKFFAD57CC
仁德區,房地(土地+建物)+車位,臺南市仁德區民安路二段61~90號,16.77,其他,,,1040911,土地1建物1車位1,一層,11,住宅大樓(11層含以上有電梯),住家用,鋼筋混凝土造,0840331,147.73,4,2,2,有,有,有,13000,90,坡道機械,6.39,0,,RPQNMLSJIIKFFFR96CC
新市區,建物,臺南市新市區三舍181~210號,91.0,,鄉村區,乙種建築用地,1041008,土地0建物1車位0,全,4,透天厝,見其他登記事項,鋼筋混凝土造,0940307,174.98,4,2,3,有,無,有,17000,97,,0.0,0,,RPRNMLTJIIKFFER07CC
安南區,房地(土地+建物),臺南市安南區海佃路一段213巷1~30號,107.04,其他,,,1041007,土地2建物1車位0,全,3,透天厝,住商用,鋼筋混凝土造,0690520,163.41,3,2,3,有,無,有,15000,92,,0.0,0,,RPPNMLTJIIKFFBD77CC
中西區,房地(土地+建物),臺南市中西區永福路一段61~90號,60.0,住,,,1040920,土地1建物1車位0,一層,4,店面(店鋪),見其他登記事項,見其他登記事項,0951128,21.77,1,1,1,有,無,無,15000,689,,0.0,0,,RPPNMLTJIIKFFAD67CC
北區,房地(土地+建物),臺南市北區文賢路365巷18弄1~30號,85.0,其他,,,1041006,土地1建物1車位0,全,4,透天厝,住商用,鋼筋混凝土構造,0830309,190.22,4,2,4,有,無,無,20000,105,,0.0,0,,RPQNMLTJIIKFFAD77CC
東區,建物,臺南市東區崇善五街7巷1~30號,29.4,住,,,1040919,土地0建物1車位1,三層,13,住宅大樓(11層含以上有電梯),住家用,見其他登記事項,0951122,78.03,3,2,2,有,無,有,23900,306,坡道平面,13.83,0,,RPQNMLLKIIKFFCD27CC
東區,建物,臺南市東區光明街175巷1~30號,37.87,住,,,1041008,土地0建物1車位0,見其他登記事項,5,華廈(10層含以下有電梯),住商用,鋼筋混凝土構造,0851204,105.65,3,2,3,有,無,有,15000,142,,0.0,0,,RPRNMLLKIIKFFCD37CC
東區,房地(土地+建物),臺南市東區崇善十一街61~90號,69.0,商,,,1041008,土地1建物1車位0,見其他登記事項,4,店面(店鋪),住商用,鋼筋混凝土構造,0701218,171.12,3,2,3,有,無,無,16000,94,,0.0,0,,RPSNMLLKIIKFFCD47CC
東區,房地(土地+建物),臺南市東區崇學路20巷1~30號,72.4,住,,,1041007,土地1建物1車位0,一層,21,店面(店鋪),住商用,鋼筋混凝土構造,0800620,658.18,0,2,2,有,有,有,65000,99,,0.0,0,,RPXNMLMKIIKFFCD08CC
北區,房地(土地+建物)+車位,臺南市北區長榮路五段41巷1~30號,0.0,住,,,1041010,土地1建物1車位1,四層,14,住宅大樓(11層含以上有電梯),國民住宅,鋼筋混凝土構造,0920916,100.78,3,2,2,有,無,有,15000,149,坡道平面,20.8,0,,RPXOMLMKIIKFFAD97CC
安平區,建物,臺南市安平區慶平路361~390號,0.0,住,,,1041007,土地0建物1車位0,七層,13,住宅大樓(11層含以上有電梯),住家用,鋼筋混凝土構造,0831216,27.8,1,1,1,有,無,有,8000,288,,0.0,0,,RPSNMLNKIIKFFAD47CC
南區,建物,臺南市南區利南街211~240號,108.44,住,,,1041005,土地0建物0車位0,二層,3,套房(1房1廳1衛),住商用,鋼筋混凝土構造,0780410,271.92,1,0,1,有,有,有,5000,18,,0.0,0,,RPXOMLNKIIKFFCD28CC
永康區,建物,臺南市永康區中正北路931~960號,0.0,其他,,,1041010,土地0建物1車位0,一層,1,店面(店鋪),見其他登記事項,鋼造,0850130,13.1,1,1,1,有,無,無,6000,458,,0.0,0,,RPUNMLNKIIKFFHR17CC
安平區,房地(土地+建物),臺南市安平區文平路181~210號,21.3,商,,,1041001,土地1建物1車位0,一層,21,店面(店鋪),見其他登記事項,鋼筋混凝土構造,0960815,189.59,1,1,2,有,有,無,55000,290,,0.0,0,,RPPOMLNKIIKFFAD37DC
永康區,房地(土地+建物),臺南市永康區復國一路331~360號,72.57,住,,,1040915,土地1建物1車位0,全,2,透天厝,住家用,鋼筋混凝土造,0741127,85.0,3,2,3,有,無,有,26000,306,,0.0,0,,RPQPMLOKIIKFFHR07CC
永康區,建物,臺南市永康區永大路二段421~450號,992.0,住,,,1040922,土地0建物1車位0,一層,1,店面(店鋪),見使用執照,鋼造,0870820,505.74,0,0,0,無,無,無,120000,237,,0.0,0,,RPPQMLOKIIKFFHR07CC
南區,建物,臺南市南區新興路500巷3弄1~30號,0.0,其他,,,1041013,土地0建物1車位0,五層,5,公寓(5樓含以下無電梯),見其他登記事項,鋼筋混凝土構造,0720705,76.28,3,2,1,有,無,有,7000,92,,0.0,0,,RPQNMLOKIIKFFCD57CC
中西區,房地(土地+建物),臺南市中西區健康路一段170巷1~30號,0.0,住,,,1041001,土地1建物1車位0,四層,6,華廈(10層含以下有電梯),住家用,鋼筋混凝土造,0760506,40.21,1,1,1,有,無,無,7500,187,,0.0,0,,RPXOMLOKIIKFFAD18CC
永康區,房地(土地+建物),臺南市永康區中正路217巷3弄31~60號,510.43,其他,,,1041015,土地1建物1車位0,見其他登記事項,2,工廠,見其他登記事項,見其他登記事項,0780918,282.31,3,2,3,有,無,有,39500,,,0.0,0,,RPOOMLPKIIKFFHR86CC
安南區,建物,臺南市安南區安和路四段361~390號,0.0,住,,,1040930,土地0建物1車位0,全,2,透天厝,住商用,鋼筋混凝土造,0800204,141.14,2,2,3,有,無,無,25000,177,,0.0,0,,RPUNMLQKIIKFFBD08CC
永康區,房地(土地+建物),臺南市永康區中華西街269巷1~30號,42.35,住,,,1040924,土地1建物1車位0,全,2,透天厝,住商用,鋼筋混凝土造,0800423,185.06,6,2,3,有,無,有,18000,97,,0.0,0,,RPQNMLQKIIKFFHR17DC
永康區,房地(土地+建物),臺南市永康區中華西街269巷1~30號,96.0,住,,,1040924,土地1建物1車位0,全,4,透天厝,住商用,鋼筋混凝土造,0820426,213.54,5,2,2,有,無,有,18000,84,,0.0,0,,RPRNMLQKIIKFFHR27DC
永康區,房地(土地+建物),臺南市永康區中華西街269巷1~30號,140.0,住,,,1040924,土地2建物1車位0,全,2,透天厝,住商用,鋼筋混凝土造,0800423,185.06,6,2,3,有,無,有,18000,97,,0.0,0,,RPSNMLQKIIKFFHR37DC
中西區,建物,臺南市中西區健康路一段170巷1~30號,280.0,住,,,1040923,土地0建物1車位0,一層,1,店面(店鋪),見其他登記事項,見其他登記事項,1040615,79.57,0,0,0,無,無,有,38000,478,,0.0,0,,RPRNMLQKIIKFFAD67CC
安平區,建物,臺南市安平區永華十一街17巷1~30號,0.0,其他,,,1040925,土地0建物1車位0,三層,7,辦公商業大樓,見其他登記事項,鋼筋混凝土造,0850509,39.9,0,0,0,無,有,無,4000,100,,0.0,0,,RPUNMLQKIIKFFAD97CC
安平區,建物,臺南市安平區慶平路511~540號,0.0,商,,,1041005,土地0建物1車位0,十五層,24,住宅大樓(11層含以上有電梯),見其他登記事項,鋼筋混凝土造,0880211,127.16999999999999,3,2,2,有,有,有,12000,94,,0.0,0,,RPVNMLQKIIKFFAD08CC
中西區,建物,臺南市中西區臨安路一段121~150號,0.0,住,,,1041006,土地0建物1車位0,一層,3,店面(店鋪),住商用,加強磚造,0600602,67.19,1,1,1,有,無,無,10000,149,,0.0,0,,RPWNMLQKIIKFFAD18CC
中西區,建物,臺南市中西區南門路31~60號,0.0,住,,,1041002,土地0建物1車位0,見其他登記事項,7,店面(店鋪),住商用,鋼筋混凝土造,0710225,373.75,0,0,0,無,無,無,75000,201,,0.0,0,,RPOOMLQKIIKFFAD47CC
安平區,建物,臺南市安平區健康一街71巷31~60號,0.0,住,,,1040929,土地0建物1車位0,三層,4,套房(1房1廳1衛),住商用,鋼筋混凝土造,0820512,39.66,1,0,1,有,無,有,5000,126,,0.0,0,,RPQOMLQKIIKFFAD67CC
東區,建物,臺南市東區生產路271~300號,0.0,商,,,1040920,土地0建物1車位0,一層,12,住宅大樓(11層含以上有電梯),商業用,鋼筋混凝土構造,0890621,115.52000000000001,0,0,1,有,有,無,33000,286,,0.0,0,,RPUNMLQKIIKFFCD18CC
東區,建物,臺南市東區崇德十六街1~30號,0.0,住,,,1041004,土地0建物1車位0,三層,6,華廈(10層含以下有電梯),住家用,鋼筋混凝土構造,0820714,41.14,1,1,1,有,有,有,8000,194,,0.0,0,,RPVNMLQKIIKFFCD28CC
南區,建物,臺南市南區中華西路一段1~30號,0.0,工,,,1041015,土地0建物1車位0,見其他登記事項,2,廠辦,見其他登記事項,見其他登記事項,0891211,4158.66,0,0,0,無,無,有,450000,108,,0.0,0,,RPWNMLQKIIKFFCD38CC
南區,建物,臺南市南區國華街一段56巷1~30號,0.0,住,,,1041002,土地0建物1車位0,全,1,透天厝,住家用,加強磚造,0561124,54.52,3,2,2,有,無,有,9000,165,,0.0,0,,RPXNMLQKIIKFFCD48CC
南區,建物,臺南市南區大同路二段151~180號,0.0,住,,,1040929,土地0建物1車位0,四層,13,住宅大樓(11層含以上有電梯),見其他登記事項,鋼筋混凝土構造,0881021,139.62,2,2,1,有,無,有,9500,68,,0.0,0,,RPQOMLQKIIKFFCD87CC
東區,建物,臺南市東區崇德二街6巷1~30號,0.0,住,,,1041007,土地0建物1車位0,二層,7,華廈(10層含以下有電梯),住家用,鋼筋混凝土構造,0830117,66.35,2,1,1,有,有,有,8000,121,,0.0,0,,RPROMLQKIIKFFCD97CC
善化區,房地(土地+建物),臺南市善化區光華路53巷61~90號,86.05,住,,,1041010,土地1建物1車位0,全,3,透天厝,見其他登記事項,鋼筋混凝土造,0920916,48.0,1,0,1,有,無,有,5000,104,,0.0,0,,RPPNMLRKIIKFFER76CC
永康區,土地,鹽新段61~90地號,164.36,其他,,,1041016,土地1建物0車位0,,,其他,,,,0.0,0,0,0,有,無,無,6000,37,,0.0,0,,RPPNMLRKIIKFFHR07CC
新營區,房地(土地+建物),臺南市新營區三民路121~150號,425.07,其他,,,1041016,土地1建物1車位0,見其他登記事項,1,店面(店鋪),商業用,見其他登記事項,0890518,425.07,0,0,0,無,無,有,230000,541,,0.0,0,,RPUNMLTKIIKFFAR07CC
鹽水區,房地(土地+建物),臺南市鹽水區溪州療1~30號,87.0,,特定農業區,甲種建築用地,1040930,土地1建物1車位0,見其他登記事項,3,店面(店鋪),住家用,鋼筋混凝土造,1000527,146.66,4,2,4,有,無,有,15000,102,,0.0,0,,RPVNMLKLIIKFFAR09DC
中西區,房地(土地+建物),臺南市中西區湖美街70巷1~30號,14.46,其他,,,1041019,土地1建物1車位0,四層,14,住宅大樓(11層含以上有電梯),住家用,鋼筋混凝土造,0871203,80.64,3,2,2,有,無,有,13000,161,,0.0,0,,RPWOMLKLIIKFFAD77CC
安平區,土地,新南段61~90地號,150.0,其他,,,1041012,土地1建物0車位0,,,其他,,,,0.0,0,0,0,有,無,無,10000,67,,0.0,0,,RPWQMLLLIIKFFAD08CC
南區,房地(土地+建物)+車位,臺南市南區新興路541~570號,31.1,住,,,1041020,土地1建物1車位1,八層,16,住宅大樓(11層含以上有電梯),見其他登記事項,鋼筋混凝土構造,0850321,184.03,3,3,2,有,無,有,12000,65,坡道平面,0.0,0,,RPUNMLLLIIKFFCD77CC
安平區,房地(土地+建物),臺南市安平區育平二街61~90號,100.68,其他,,,1041016,土地1建物1車位0,全,5,透天厝,見其他登記事項,見其他登記事項,0950320,271.4,5,2,5,有,無,有,33500,123,,0.0,0,,RPWNMLMLIIKFFAD87CC
安南區,房地(土地+建物),臺南市安南區臺南市安南區安中路三段91~120號,86.3,其他,,,1041010,土地1建物1車位0,全,3,透天厝,見其他登記事項,鋼筋混凝土造,1020701,159.89,4,2,3,有,無,無,25000,156,,0.0,0,,RPUNMLMLIIKFFBD77CC
永康區,建物,臺南市永康區中華西街127巷1~30號,0.0,住,,,1041021,土地0建物1車位0,四層,5,公寓(5樓含以下無電梯),住家用,鋼筋混凝土造,0701211,90.03,3,1,1,有,無,有,7500,83,,0.0,0,,RPQNMLNLIIKFFHR86CC
北區,建物,臺南市北區公園南路370巷1~30號,7909.0,其他,,,1041007,土地0建物1車位0,十七層,23,住宅大樓(11層含以上有電梯),見其他登記事項,鋼筋混凝土造,0890406,90.1,3,2,2,有,無,有,25000,277,,0.0,0,,RPXOMLNLIIKFFAD18CC
東區,建物,臺南市東區東榮街31~60號,0.0,住,,,1041020,土地0建物1車位0,六層,7,華廈(10層含以下有電梯),住家用,鋼筋混凝土構造,0830901,80.51,2,1,1,有,無,有,8000,99,,0.0,0,,RPQNMLNLIIKFFCD57CC
永康區,建物,臺南市永康區鹽洲一街31~60號,0.0,住,,,1041021,土地0建物1車位0,三層,4,公寓(5樓含以下無電梯),住家用,鋼筋混凝土造,0701105,70.73,2,1,1,有,無,有,6000,85,,0.0,0,,RPPNMLOLIIKFFHR86CC
北區,房地(土地+建物),臺南市北區長榮路五段211巷1~30號,0.0,住,,,1041021,土地1建物1車位0,全,1,透天厝,住家用,加強磚造,0601222,42.26,2,1,1,有,無,無,8500,201,,0.0,0,,RPQNMLPLIIKFFAD57CC
北區,房地(土地+建物),臺南市北區長榮路五段1~30號,0.0,住,,,1041017,土地1建物1車位0,五層,7,華廈(10層含以下有電梯),住家用,鋼筋混凝土造,0770825,81.12,3,2,2,有,無,有,12000,148,,0.0,0,,RPRNMLPLIIKFFAD67CC
安平區,房地(土地+建物),臺南市安平區健康三街31~60號,99.54,其他,,,1041009,土地1建物1車位0,二層,5,店面(店鋪),見其他登記事項,見其他登記事項,0950707,113.56,0,2,1,有,無,無,32000,282,,0.0,0,,RPQNMLQLIIKFFAD67CC
安南區,土地,州北段391~420地號,52.0,住,,,1040929,土地1建物0車位0,,,其他,,,,0.0,0,0,0,有,無,無,11000,212,,0.0,0,,RPSNMLQLIIKFFBD97CC
新化區,房地(土地+建物),臺南市新化區中山路481~510號,39.73,住,,,1041004,土地1建物1車位0,二層,11,店面(店鋪),見其他登記事項,鋼筋混凝土造,0840302,152.03,4,4,4,有,無,無,38000,250,,0.0,0,,RPRNMLQLIIKFFER96CC
東區,房地(土地+建物),臺南市東區慶東街151~180號,74.0,住,,,1041024,土地1建物1車位0,全,4,透天厝,住商用,鋼筋混凝土構造,0750714,52.3,2,1,1,有,無,有,6000,115,,0.0,0,,RPWNMLRLIIKFFCD68DC
安南區,建物,臺南市安南區公學路四段122巷85弄61~90號,0.0,住,,,1041026,土地0建物1車位0,全,3,透天厝,住家用,鋼筋混凝土造,0840913,129.38,3,1,3,有,無,無,10000,77,,0.0,0,1.合約書無填具土地租賃面積.2.由所有權人提供出租資訊,RPPNMLSLIIKFFBD87CC
安南區,房地(土地+建物),臺南市安南區安和路二段318巷125弄91~120號,844.25,其他,,,1041028,土地1建物1車位0,見其他登記事項,3,工廠,住工用,見其他登記事項,0790327,737.89,7,2,2,有,無,有,78000,,,0.0,0,,RPTNMLKMIIKFFBD57CC
北區,建物,臺南市北區北園街31~60號,0.0,住,,,1041029,土地0建物1車位0,八層,14,華廈(10層含以下有電梯),見其他登記事項,鋼筋混凝土造,0870420,64.78,2,1,1,有,有,有,13000,201,,0.0,0,,RPPOMLKMIIKFFAD17CC
東區,房地(土地+建物),臺南市東區東門路二段361~390號,337.07,其他,,,1041014,土地1建物1車位0,一層,1,店面(店鋪),見其他登記事項,見其他登記事項,1040420,249.83,0,1,1,有,無,無,160000,640,,0.0,0,格局為開放空間,RPTNMLKMIIKFFCD67CC
東區,建物,臺南市東區崇德路781~810號,0.0,住,,,1041016,土地0建物1車位0,六層,8,華廈(10層含以下有電梯),住家用,鋼筋混凝土構造,0860729,159.54000000000002,4,2,2,有,有,有,11000,69,,0.0,0,,RPUNMLKMIIKFFCD77CC
