﻿編號,土地區段位置,土地移轉面積平方公尺,使用分區或編定
The serial number,land sector position,land shifting area square meter,the use zoning or compiles and checks
RPPNMLMJQHKFFBF97CC,國宅段,15.78,都市：住
RPUOMLNJQHKFFHF66CC,民利段,14.14,都市：住
RPSOMLNJQHKFFEF88DC,龍米段,4.67,都市：住
RPSNMLNJQHKFFEF68CC,天生段,4.89,都市：住
RPUQMLNJQHKFFBF88CC,自立段,6.45,都市：住
RPRNMLLJQHKFFEF38CC,公司田段,15.30,都市：住
RPQOMLNJQHKFFDF48CC,新峰段,3.70,都市：住
RPPNMLLJQHKFFCF97CC,小城段,.00,都市：住
RPPNMLNJQHKFFDF28CC,智興段,.00,都市：商
RPPNMLLJQHKFFAF77CC,板院段,.00,都市：住
RPSOMLOJQHKFFHF56CC,中和段,5.00,都市：住
RPXNMLOJQHKFFHF96CC,南山段,16.25,都市：住
RPPOMLOJQHKFFEF68DC,長興段,4.39,非都市： ; 非都市編定：
RPPOMLOJQHKFFEF68DC,長興段,.00,非都市： ; 非都市編定：
RPOOMLNJQHKFFAF18EC,江子翠段溪頭小段,73.14,都市：商
RPQOMLNJQHKFFAF38EC,員仁段,335.12,都市：工
RPQOMLNJQHKFFAF38EC,員仁段,336.45,都市：工
RPQOMLNJQHKFFAF38EC,員仁段,406.29,都市：工
RPQOMLNJQHKFFAF38EC,員仁段,307.53,都市：工
RPXNMLNJQHKFFAF98EC,延和段,23.01,都市：住
RPUNMLNJQHKFFCF88EC,寶元段,647.65,都市：工
RPTOMLOJQHKFFCF78CC,復興段,121.99,都市：工
RPRNMLOJQHKFFEF68CC,新巿段,24.33,非都市： ; 非都市編定：
RPSOMLOJQHKFFCF68CC,寶橋段,24.03,都市：工
RPUOMLOJQHKFFCF88CC,寶元段,.00,都市：工
RPVPMLOJQHKFFCF09CC,小城段,139.07,都市：其他
RPVPMLOJQHKFFCF09CC,小城段,134.69,都市：其他
RPTPMLOJQHKFFCF88CC,寶橋段,.00,都市：工
RPROMLOJQHKFFAF38CC,金城段,91.61,都市：住
RPSNMLOJQHKFFBF48CC,國宅段,44.76,都市：住
RPXPMLOJQHKFFHF27DC,興南段,50.58,都市：住
RPTSMLPJQHKFFDF76CC,金龍段,15.22,都市：住
RPTSMLPJQHKFFDF76CC,金龍段,17.67,非都市：山坡地保育區 ; 非都市編定：丙種建築用地
RPTSMLPJQHKFFDF76CC,金龍段,.36,非都市： ; 非都市編定：
RPTSMLPJQHKFFDF76CC,金龍段,.28,非都市： ; 非都市編定：
RPSOMLOJQHKFFBF58CC,副都心段一小段,1778.33,都市：商
RPUNMLPJQHKFFDF98CC,叭嗹港段叭嗹港口小段,.00,非都市：山坡地保育區 ; 非都市編定：丙種建築用地
RPTQMLOJQHKFFBF88CC,新工段一小段,.00,非都市：工業區 ; 非都市編定：丁種建築用地
RPQSMLPJQHKFFDF09CC,金龍段,15.21,都市：住
RPQSMLPJQHKFFDF09CC,金龍段,17.66,非都市：山坡地保育區 ; 非都市編定：丙種建築用地
RPQSMLPJQHKFFDF09CC,金龍段,.36,非都市： ; 非都市編定：
RPQSMLPJQHKFFDF09CC,金龍段,.28,非都市： ; 非都市編定：
RPOQMLOJQHKFFBF38CC,五工段,.00,非都市：工業區 ; 非都市編定：丁種建築用地
RPUSMLPJQHKFFDF86CC,金龍段,17.95,都市：住
RPUSMLPJQHKFFDF86CC,金龍段,20.84,非都市：山坡地保育區 ; 非都市編定：丙種建築用地
RPUSMLPJQHKFFDF86CC,金龍段,.43,非都市： ; 非都市編定：
RPUSMLPJQHKFFDF86CC,金龍段,.34,非都市： ; 非都市編定：
RPSNMLPJQHKFFGF09CC,重新段壹小段,.00,都市：商
RPVPMLPJQHKFFEF76CC,公司田段,17.77,都市：住
RPRPMLQJQHKFFGF66CC,富貴段,32.61,都市：住
RPVNMLQJQHKFFCF56DC,安和段,.00,都市：工
RPVNMLQJQHKFFCF56DC,安和段,.00,都市：工
RPVNMLQJQHKFFCF56DC,安和段,.00,都市：工
RPUPMLQJQHKFFHF07CC,捷運段,15.09,都市：其他
RPVNMLQJQHKFFDF56CC,昊天段,.00,都市：工
RPWOMLQJQHKFFBF56CC,五工段,2401.98,非都市：工業區 ; 非都市編定：丁種建築用地
RPUQMLQJQHKFFDF76CC,同新段,.00,都市：工
RPPNMLQJQHKFFDF58CC,環河段,.00,都市：工
RPUNMLQJQHKFFAF78CC,江子翠段新埔小段,24.25,都市：住
RPSNMLQJQHKFFCF78CC,安德段,24.34,都市：住
RPQNMLQJQHKFFDF68CC,同新段,.00,都市：工
RPUOMLRJQHKFFHF07CC,公園段,.00,都市：商
RPTPMLRJQHKFFBF09CC,副都心段一小段,10.58,都市：住
RPQPMLRJQHKFFBF78CC,榮富段,29.13,都市：住
RPVOMLRJQHKFFHF17CC,大仁段,.00,都市：住
RPTOMLRJQHKFFHF96CC,公園段,14.48,都市：住
RPTOMLRJQHKFFHF96CC,公園段,.00,都市：商
RPTOMLRJQHKFFHF96CC,公園段,3.74,都市：商
RPROMLRJQHKFFHF76CC,公園段,.00,都市：住
RPXNMLRJQHKFFHF27CC,景新段,.00,都市：商
RPXNMLRJQHKFFCF76CC,明德段,23.17,都市：住
RPOOMLRJQHKFFHF09CC,保健段,.00,都市：住
RPPNMLRJQHKFFIF56CC,大學段一小段,6.00,都市：住
RPPNMLTJQHKFFBF68CC,國宅段,17.24,都市：住
RPRNMLRJQHKFFIF76CC,大學段二小段,10.22,都市：商
RPPNMLTJQHKFFAF58CC,公館段,15.00,都市：商
RPPQMLRJQHKFFAF68CC,江子翠段第一崁小段,21.00,都市：住
RPQNMLRJQHKFFIF66CC,大學段二小段,19.11,都市：商
RPSTMLKKQHKFFBF78CC,後港段,5.36,都市：住
RPSNMLKKQHKFFBF18CC,行政段,6.36,都市：住
RPRPMLRJQHKFFEF56CC,公司田段,14.92,都市：住
RPVTMLKKQHKFFBF09CC,芳洲段,12.69,都市：住
RPQOMLLKQHKFFGF68CC,錦田段,28.30,都市：住
RPQOMLLKQHKFFGF68CC,錦田段,43.26,都市：住
RPOPMLKKQHKFFEF28CC,新興段,3.26,都市：住
RPOPMLKKQHKFFEF28CC,新興段,.01,都市：住
RPXPMLKKQHKFFAF78CC,新板段二小段,.00,都市：其他
RPSUMLKKQHKFFBF98DC,榮和段,5.36,都市：住
RPWNMLLKQHKFFEF98CC,公司田段,28.40,都市：住
RPPOMLLKQHKFFEF38CC,公司田段,23.79,都市：住
RPVOMLKKQHKFFEF88CC,公司田段,25.80,都市：住
RPURMLKKQHKFFDF98CC,福德段,.00,都市：工
RPQPMLLKQHKFFAF18CC,大同段,.00,都市：其他
RPQPMLLKQHKFFAF18CC,大同段,.00,都市：其他
RPQPMLLKQHKFFAF18CC,大同段,.00,都市：其他
RPQPMLLKQHKFFAF18CC,大同段,.00,都市：其他
RPQPMLLKQHKFFAF18CC,大同段,.00,都市：其他
RPQPMLLKQHKFFAF18CC,大同段,.00,都市：其他
RPQPMLLKQHKFFAF18CC,大同段,.00,都市：其他
RPTPMLLKQHKFFHF56CC,公園段,.00,都市：商
RPOOMLLKQHKFFCF08CC,復興段,42.22,都市：工
RPXNMLLKQHKFFCF88CC,復興段,42.22,都市：工
RPVOMLMKQHKFFAF68CC,介壽段,.00,非都市： ; 非都市編定：
RPWOMLMKQHKFFAF78CC,介壽段,.00,非都市： ; 非都市編定：
RPPQMLMKQHKFFDF58CC,同新段,17.45,都市：工
RPVOMLMKQHKFFBF78CC,新工段一小段,.00,非都市：工業區 ; 非都市編定：丁種建築用地
RPSPMLMKQHKFFHF56CC,四維段,.00,都市：住
RPWPMLMKQHKFFBF98CC,立德段,.00,都市：住
RPOPMLMKQHKFFEF48CC,鄧公段,.00,都市：住
RPRPMLMKQHKFFCF68DC,寶元段,.00,非都市： ; 非都市編定：
RPXPMLMKQHKFFCF66DC,復興段,.00,非都市： ; 非都市編定：
RPSOMLNKQHKFFGF09CC,成功段,.00,都市：商
RPUOMLNKQHKFFCF98DC,中正段,27.65,都市：其他
RPUOMLNKQHKFFCF98DC,中正段,.00,都市：住
RPUOMLNKQHKFFCF98DC,中華段,5.64,都市：其他
RPROMLNKQHKFFGF98CC,成功段,.00,都市：商
RPVOMLNKQHKFFGF76CC,德新段,.00,都市：商
RPWOMLNKQHKFFHF96CC,健康段,.00,都市：工
RPVOMLNKQHKFFHF86CC,安邦段,.00,都市：工
RPOPMLNKQHKFFHF88CC,橋和段,.00,都市：工
RPTNMLMKQHKFFDF78DC,金龍段,31.31,都市：住
RPPNMLNKQHKFFBF18CC,建國段,287.78,都市：工
RPROMLNKQHKFFBF48CC,泰山段一小段,26.75,都市：住
RPSPMLNKQHKFFDF88CC,智興段,.00,都市：商
RPTRMLNKQHKFFAF88CC,新板段三小段,7.97,都市：其他
RPURMLNKQHKFFAF98CC,新板段三小段,6.83,都市：其他
RPWOMLNKQHKFFCF09CC,明德段,47.28,都市：住
RPUQMLNKQHKFFAF09EC,新雅段,.00,都市：住
RPTNMLOKQHKFFDF88CC,新峰段,15.53,都市：住
RPWPMLOKQHKFFBF56CC,中誠段,39.11,都市：住
RPOQMLOKQHKFFBF48CC,公館段,.00,非都市： ; 非都市編定：
RPOQMLOKQHKFFBF48CC,公館段,.00,非都市： ; 非都市編定：
RPVQMLOKQHKFFBF56CC,中原段,14.97,都市：住
RPXQMLOKQHKFFHF37CC,保平段,16.02,都市：住
RPWOMLOKQHKFFIF17CC,大學段一小段,43.36,都市：住
RPUNMLRKQHKFFHF07CC,員山段,12.52,都市：工
RPVNMLRKQHKFFHF17CC,雙和段,.00,都市：住
RPOPMLMKQHKFFCF38DC,行政段,.00,非都市： ; 非都市編定：
RPQOMLRKQHKFFIF86CC,復興段,57.33,都市：商
RPRPMLMKQHKFFAF38CC,中興段,.00,都市：住
RPWPMLRKQHKFFEF17CC,新巿段,17.18,都市：住
RPXOMLMKQHKFFAF88CC,重慶段,.00,都市：商
RPROMLRKQHKFFHF86CC,板南段,.00,都市：工
RPROMLRKQHKFFHF86CC,板南段,.00,都市：其他
RPRSNLRKQHKFFBF76CC,和平段,9.43,都市：住
RPPOMLNKQHKFFAF18CC,中山段,21.78,都市：其他
RPWQMLRKQHKFFDF27DC,厚德段,.00,都市：住
RPUSPLRKQHKFFBF27CC,復興段,227.02,都市：住
RPQNPLRKQHKFFBF98CC,副都心段一小段,24.70,都市：商
RPRPMLRKQHKFFEF86EC,新巿段,15.34,都市：住
RPTVNLRKQHKFFBF27CC,榮富段,14.00,都市：住
RPQPMLRKQHKFFDF56DC,福德段,11.17,都市：住
RPOPMLRKQHKFFDF98DC,福德段,4.22,都市：住
RPSNMLRKQHKFFHF96DC,新和段,.00,都市：住
RPWOMLRKQHKFFAF86EC,府中段,.00,都市：住
RPPNPLRKQHKFFBF88CC,信華段一小段,19.46,都市：住
RPRQMLRKQHKFFDF86EC,環河段,314.05,都市：工
RPRQMLRKQHKFFDF86EC,環河段,10.77,都市：工
RPPQMLTKQHKFFEF76CC,天生段,23.30,非都市： ; 非都市編定：
RPTQMLSKQHKFFBF76CC,五工段,.00,非都市：工業區 ; 非都市編定：丁種建築用地
RPTOMLSKQHKFFBF56CC,五工段,.00,非都市：工業區 ; 非都市編定：丁種建築用地
RPTQMLSKQHKFFHF47DC,文化段,6.81,都市：商
RPROMLSKQHKFFGF86CC,中興段,.00,都市：工
RPVPMLTKQHKFFEF27CC,公司田段,24.70,都市：住
RPOPMLTKQHKFFHF86CC,板南段,38.34,都市：工
RPQQMLTKQHKFFHF17CC,民治段,.00,都市：商
RPRQMLTKQHKFFHF27CC,民治段,.00,都市：商
RPXOMLTKQHKFFBF07CC,全安段,31.33,都市：住
RPSOMLTKQHKFFBF56CC,新林段,72.75,都市：住
RPVOMLTKQHKFFBF86CC,國宅段,.00,都市：住
RPXNMLTKQHKFFBF96CC,行政段,24.18,都市：商
RPUNMLTKQHKFFCF76CC,中正段,.00,都市：住
RPUNMLTKQHKFFCF76CC,中正段,.00,都市：其他
RPUNMLTKQHKFFCF76CC,中華段,.00,都市：其他
RPPOMLTKQHKFFCF98CC,安和段,.00,都市：住
RPPPMLTKQHKFFAF88CC,文化段,2.60,都市：住
RPOPMLTKQHKFFAF78CC,文化段,6.12,都市：住
RPVNMLKLQHKFFHF56CC,福祥段,.00,都市：住
RPSNMLKLQHKFFGF78CC,重新段壹小段,.00,都市：商
RPXQMLKLQHKFFDF66CC,昊天段,.00,都市：工
RPQQMLLLQHKFFGF98CC,仁興段,.00,都市：住
RPVOMLKLQHKFFIF76CC,圳生段,197.98,都市：工
RPRNMLLLQHKFFHF88CC,板南段,52.16,都市：工
RPQNMLLLQHKFFEF48CC,新巿段,26.38,都市：住
RPPPMLLLQHKFFHF88CC,健康段,31.60,都市：工
RPRPMLLLQHKFFHF09CC,板南段,24.34,都市：工
RPQPMLLLQHKFFHF98CC,板南段,58.14,都市：工
RPQPMLLLQHKFFHF98CC,板南段,28.32,都市：工
RPXNMLKLQHKFFAF68CC,中山段,.00,都市：其他
RPOOMLLLQHKFFDF28CC,大同段,.00,都市：住
RPTQMLTKQHKFFBF86CC,新工段一小段,92.04,非都市：工業區 ; 非都市編定：丁種建築用地
RPTOMLLLQHKFFCF68CC,復興段,.00,都市：工
RPSPMLKLQHKFFAF38CC,江子翠段第三崁小段,.00,都市：住
RPQNMLMLQHKFFBF28CC,同興段,9.70,都市：商
RPQNMLNLQHKFFBF38CC,榮富段,13.31,都市：住
RPPNMLNLQHKFFBF28CC,泰山段一小段,95.57,都市：住
RPVPMLOLQHKFFBF56CC,公館段,704.70,都市：工
RPVPMLOLQHKFFBF56CC,公館段,566.73,都市：工
RPQOMLOLQHKFFAF48CC,文化段,.00,都市：住
RPVNMLOLQHKFFAF88CC,幸福段,.00,都市：住
RPWNMLOLQHKFFAF98CC,幸福段,.00,都市：住
RPWNMLOLQHKFFCF56CC,寶強段,.00,都市：住
RPVPMLOLQHKFFDF76CC,同新段,58.88,都市：工
RPSNMLOLQHKFFDF88CC,智興段,.00,都市：住
RPSNMLOLQHKFFDF88CC,智興段,.00,都市：其他
RPWPMLOLQHKFFDF86CC,同新段,17.45,都市：工
RPRNMLOLQHKFFDF78CC,智興段,.00,都市：住
RPQQMLOLQHKFFDF98CC,昊天段,13.21,都市：工
RPTNMLOLQHKFFDF98CC,智興段,.00,都市：住
RPOQMLOLQHKFFDF78CC,北山段,16.69,都市：工
RPPQMLOLQHKFFDF88CC,工建段,17.45,都市：工
RPRQMLOLQHKFFDF09CC,環河段,135.23,都市：工
RPVNMLOLQHKFFHF96CC,中興段,.00,都市：住
RPVNMLOLQHKFFHF96CC,中興段,.00,都市：住
RPVNMLOLQHKFFHF96CC,中興段,.00,都市：住
RPSQMLOLQHKFFDF56CC,保安段,20.32,都市：住
RPVOMLOLQHKFFEF76CC,海天段,.02,都市：住
RPVOMLOLQHKFFEF76CC,海天段,.00,都市：住
RPVOMLOLQHKFFEF76CC,海天段,3.19,都市：住
RPVOMLOLQHKFFEF76CC,海天段,.23,都市：住
RPVOMLOLQHKFFEF76CC,海天段,.01,都市：住
RPQOMLOLQHKFFEF88CC,公司田段,4.99,都市：住
RPSPMLOLQHKFFGF76CC,仁愛段,.00,都市：商
RPWNMLOLQHKFFHF07CC,南山段,.00,都市：住
RPPOMLOLQHKFFHF09CC,大仁段,.00,都市：住
RPOOMLOLQHKFFHF98CC,華中段,26.89,都市：住
RPQOMLOLQHKFFHF56CC,錦和段,.00,都市：住
RPRNMLOLQHKFFEF88CC,關渡段,7.58,都市：住
RPSQMLOLQHKFFGF86CC,富貴段,.00,都市：住
RPXNMLOLQHKFFCF76DC,北新段,.00,非都市： ; 非都市編定：
RPQPMLOLQHKFFAF68DC,光仁段,.00,都市：住
RPOPMLOLQHKFFDF78DC,智興段,5.10,都市：住
RPOPMLOLQHKFFDF78DC,智興段,.05,都市：住
RPTNMLOLQHKFFAF88EC,新板段二小段,.00,都市：商
RPRNMLOLQHKFFBF68DC,建林段,24.59,都市：住
RPVPMLPLQHKFFGF17CC,過田段,.00,都市：商
RPQNMLPLQHKFFIF66CC,大學段二小段,72.38,都市：住
RPUNMLPLQHKFFIF07CC,國光段,19.42,都市：住
RPRNMLPLQHKFFHF66CC,中興段,.00,都市：商
RPPNMLPLQHKFFHF09CC,中興段,.00,都市：商
RPSOMLPLQHKFFHF86CC,樂華段,.00,都市：商
RPWNMLPLQHKFFHF17CC,民富段,.00,都市：工
RPXNMLPLQHKFFCF76CC,復興段,52.56,都市：工
RPTOMLPLQHKFFHF96CC,信和段,16.19,都市：住
RPOOMLPLQHKFFCF58CC,寶元段,59.61,都市：工
RPOOMLPLQHKFFCF58CC,寶元段,.01,都市：其他
RPOOMLPLQHKFFCF58CC,寶元段,.50,都市：其他
RPUOMLPLQHKFFCF56CC,大豐段,.00,都市：商
RPVOMLPLQHKFFDF96EC,保長段,3.91,都市：住
RPOPMLPLQHKFFBF78EC,建林段,30.70,都市：住
RPPNMLQLQHKFFHF56CC,民治段,.00,都市：商
RPXPMLQLQHKFFDF17CC,智興段,.00,都市：住
RPUOMLPLQHKFFDF86EC,保長段,9.25,都市：住
RPTPMLQLQHKFFHF17CC,福祥段,32.02,都市：商
RPSOMLQLQHKFFHF96CC,南山段,.00,都市：其他
RPROMLQLQHKFFHF86CC,興南段,.00,都市：住
RPTOMLQLQHKFFHF07CC,南山段,.00,都市：其他
RPQOMLQLQHKFFHF76CC,華中段,53.78,都市：住
RPUOMLQLQHKFFHF17CC,南山段,.00,都市：其他
RPQOMLQLQHKFFIF86CC,大學段一小段,5.34,都市：住
RPWPMLQLQHKFFDF27EC,保長段,3.91,都市：住
RPXPMLQLQHKFFDF37EC,保長段,3.91,都市：住
RPPOMLQLQHKFFIF76CC,大學段一小段,13.09,都市：住
RPXNMLQLQHKFFIF47CC,大學段一小段,18.31,都市：住
RPPOMLRLQHKFFAF68CC,沛陂段,2479.35,都市：工
RPSNMLRLQHKFFHF96CC,雙和段,.00,都市：商
RPRNMLQLQHKFFHF96EC,雙和段,49.16,都市：住
RPXOMLRLQHKFFEF27CC,公司田段,14.23,都市：住
RPUPMLSLQHKFFHF47CC,信和段,11.46,都市：住
RPPOMLSLQHKFFHF86CC,民有段,.00,都市：住
RPSNMLTLQHKFFEF86CC,海天段,15.19,都市：住
RPQOMLTLQHKFFBF09CC,立德段,20.81,都市：住
RPWPMLLMQHKFFEF76CC,龍米段,34.81,都市：住
RPQOMLLMQHKFFIF09CC,中華段,21.67,都市：住
RPOOMLTLQHKFFBF88CC,榮富段,15.77,都市：住
RPWNMLTLQHKFFBF96CC,榮富段,4.66,都市：住
RPROMLLMQHKFFGF98CC,光華段,28.38,都市：住
RPPOMLLMQHKFFHF88CC,中興段,.00,都市：商
RPVOMLLMQHKFFBF88CC,麗林段,7.24,都市：商
RPXNMLTLQHKFFBF07CC,榮富段,12.05,都市：住
RPQNMLLMQHKFFDF68EC,保長段,5.35,都市：住
RPPOMLTLQHKFFBF98CC,榮富段,12.96,都市：住
RPQNMLLMQHKFFIF98CC,武林段,18.93,都市：住
RPQOMLLMQHKFFHF98CC,中興段,.00,都市：商
RPPNMLLMQHKFFDF58EC,保長段,7.82,都市：住
RPPNMLLJRHKFFIF68CC,博愛段,2.30,都市：商
RPXOMLLJRHKFFBF88CC,副都心段一小段,16.45,都市：商
RPOPMLLJRHKFFBF08CC,中原段,21.69,都市：商
RPTNMLLJRHKFFAF28CC,成功段,6.71,都市：住
RPPOMLLJRHKFFEF48DC,水仙段,.00,都市：住
RPPNMLLJRHKFFGF68EC,光華段,.00,非都市： ; 非都市編定：
RPQRMLLJRHKFFBF48CC,新工段二小段,31.40,非都市：工業區 ; 非都市編定：丁種建築用地
RPRNMLMJRHKFFCF38CC,福園段,23.34,都市：住
RPXOMLMJRHKFFEF76DC,長興段,.00,都市：住
RPXOMLMJRHKFFEF76DC,長興段,.00,都市：住
RPPPMLMJRHKFFHF88CC,中信段,.00,都市：住
RPOVMLMJRHKFFGF66CC,富貴段,32.52,都市：住
RPRPMLMJRHKFFDF78DC,福德段,30.33,都市：住
RPQNMLMJRHKFFDF38CC,智興段,.00,都市：商
RPOOMLMJRHKFFEF38CC,海天段,12.96,都市：住
RPRNMLMJRHKFFDF48CC,智興段,.00,都市：住
RPQOMLMJRHKFFAF38EC,青雲段,3.88,都市：住
RPSPMLNJRHKFFHF66CC,捷運段,14.34,都市：其他
RPXNMLNJRHKFFEF66CC,新興段,8.56,都市：住
RPXNMLNJRHKFFEF66CC,新興段,39.16,都市：住
RPROMLMJRHKFFAF48EC,學林段,14.10,都市：住
RPXVMLNJRHKFFGF67CC,光明段,.00,都市：住
RPSRMLNJRHKFFDF09CC,叭嗹港段叭嗹港口小段,.00,非都市：山坡地保育區 ; 非都市編定：丙種建築用地
RPRPMLNJRHKFFBF68DC,力行段,40.54,都市：商
RPSNMLMJRHKFFCF48CC,復興段,341.72,都市：工
RPWRMLNJRHKFFDF86CC,昊天段,.00,都市：工
RPQQMLOJRHKFFDF88CC,大同段,.00,都市：工
RPXOMLOJRHKFFCF66CC,復興段,.00,都市：工
RPTSMLOJRHKFFBF56CC,中泰段,24.39,都市：住
RPSSMLOJRHKFFBF09CC,榮富段,12.36,都市：住
RPUSMLOJRHKFFBF66CC,副都心段一小段,158.85,都市：住
RPTNMLNJRHKFFBF78EC,建林段,15.94,都市：住
RPOSMLOJRHKFFBF68CC,自立段,17.81,都市：商
RPWNMLOJRHKFFGF86CC,重新段壹小段,5.90,都市：商
RPSQMLOJRHKFFBF88CC,化成段,403.79,都市：工
RPSQMLOJRHKFFBF88CC,化成段,55.02,都市：工
RPOTMLOJRHKFFBF78CC,榮富段,24.28,都市：住
RPVSMLOJRHKFFBF76CC,黎明段,52.84,都市：住
RPPNMLPJRHKFFEF68CC,飛歌段,12.66,都市：住
RPQNMLPJRHKFFEF78CC,公司田段,18.12,都市：住
RPRPMLOJRHKFFEF98CC,正德段,11.06,都市：住
RPVNMLOJRHKFFIF96CC,大學段一小段,30.51,都市：住
RPQNMLPJRHKFFHF09CC,錦和段,8.50,都市：住
RPUOMLOJRHKFFEF56CC,水仙段,2.21,都市：住
RPUOMLOJRHKFFEF56CC,水仙段,.41,都市：住
RPSTMLPJRHKFFDF86CC,福興段,.00,非都市：鄉村區 ; 非都市編定：乙種建築用地
RPPNMLRJRHKFFDF78CC,智興段,.00,都市：商
RPQNMLRJRHKFFDF88CC,智興段,.00,都市：商
RPXSMLOJRHKFFBF96CC,全安段,28.51,都市：住
RPTNMLRJRHKFFDF56CC,工建段,.00,都市：其他
RPTNMLRJRHKFFDF56CC,工建段,.00,都市：工
RPUPMLRJRHKFFEF96CC,中正段,3.34,都市：商
RPRPMLRJRHKFFBF98CC,中原段,.00,都市：住
RPRNMLRJRHKFFDF98CC,茄苳腳段,.00,非都市：山坡地保育區 ; 非都市編定：丙種建築用地
RPXPMLRJRHKFFBF07DC,榮富段,.00,都市：住
RPTOMLSJRHKFFEF86CC,新巿段,.00,都市：住
RPVPMLSJRHKFFEF17CC,海天段,4.68,都市：住
RPVNMLRJRHKFFHF37EC,南山段,.00,都市：其他
RPVNMLSJRHKFFCF76CC,民權段,.00,都市：住
RPPPMLSJRHKFFBF88CC,國宅段,135.11,都市：住
RPQOMLRJRHKFFBF88DC,富國段,8.22,都市：商
RPWNMLSJRHKFFHF37CC,中原段,271.66,都市：工
RPQPMLSJRHKFFBF98CC,建林段,26.56,都市：住
RPQSMLTJRHKFFBF76CC,民安段,12.81,都市：住
RPSNMLTJRHKFFBF09CC,新林段,65.23,都市：住
RPXOMLTJRHKFFBF07CC,中泰段,24.39,都市：住
RPTNMLTJRHKFFHF17CC,景福段,.00,都市：住
RPXOMLSJRHKFFAF07EC,安和段,12.41,都市：住
RPPOMLTJRHKFFHF86CC,民富段,264.26,都市：工
RPOOMLTJRHKFFHF76CC,板南段,35.11,都市：工
RPOOMLTJRHKFFHF76CC,板南段,.08,都市：其他
RPSOMLTJRHKFFEF86CC,新興段,.00,都市：住
RPXUMLTJRHKFFAF57CC,民生段,.00,都市：住
RPWPMLTJRHKFFAF17EC,大安段,36.79,都市：工
RPWPMLTJRHKFFAF17EC,大安段,.12,都市：工
RPTVMLTJRHKFFAF27CC,江子翠段第一崁小段,.00,都市：住
RPQOMLTJRHKFFDF76EC,康誥坑段,38.38,非都市：鄉村區 ; 非都市編定：乙種建築用地
RPTNMLKKRHKFFDF58CC,智興段,.00,都市：商
RPUOMLKKRHKFFHF56CC,中興段,12.91,都市：商
RPQOMLKKRHKFFHF78CC,信和段,.00,都市：住
RPQOMLKKRHKFFHF78CC,信和段,.00,都市：住
RPUNMLKKRHKFFDF68CC,智興段,.00,都市：住
RPWOMLKKRHKFFHF76CC,新民段,51.51,都市：工
RPPNMLKKRHKFFHF68DC,復興段,13.26,都市：商
RPVNMLKKRHKFFDF78CC,智興段,.00,都市：商
RPUNMLLKRHKFFCF68CC,民權段,59.35,都市：住
RPSPMLKKRHKFFHF56DC,保生段,21.80,都市：住
RPRNMLLKRHKFFCF38CC,中正段,.00,都市：其他
RPRNMLLKRHKFFCF38CC,中正段,.00,都市：住
RPRNMLLKRHKFFCF38CC,中華段,.00,都市：其他
RPRPMLLKRHKFFBF48CC,中泰段,33.00,都市：住
RPPPMLLKRHKFFEF58CC,鄧公段,6.90,都市：住
RPQNMLLKRHKFFIF09EC,佳興段,2266.51,非都市：特定農業區 ; 非都市編定：農牧用地
RPXOMLLKRHKFFAF09EC,員福段,7.19,都市：住
RPPNMLNKRHKFFEF58CC,正德段,23.24,都市：住
RPPNMLMKRHKFFDF38CC,智興段,.00,都市：住
RPPNMLMKRHKFFDF38CC,智興段,.00,都市：其他
RPSNMLMKRHKFFIF56CC,民生段,2.63,都市：住
RPTNMLOKRHKFFIF86CC,大仁段,20.20,都市：住
RPRNMLMKRHKFFIF09CC,大學段二小段,15.29,都市：商
RPVOMLOKRHKFFCF66DC,復興段,.00,都市：工
RPXNMLOKRHKFFGF07CC,仁愛段,.00,都市：其他
RPTPMLKKRHKFFHF66DC,安平段,14.22,都市：住
RPQNMLNKRHKFFEF68CC,新巿段,18.77,都市：住
RPUNMLOKRHKFFIF96CC,大學段一小段,41.22,都市：住
RPRNMLOKRHKFFEF98DC,海鷗段,.00,非都市： ; 非都市編定：
RPPOMLOKRHKFFCF58CC,寶橋段,121.99,都市：工
RPPOMLOKRHKFFGF09DC,光興段,.00,都市：其他
RPTOMLOKRHKFFBF88CC,佳林段,42.25,都市：住
RPXPMLOKRHKFFAF86EC,江子翠段新埔小段,24.25,都市：住
RPWOMLPKRHKFFIF37CC,介壽段,28.20,都市：住
RPOQMLOKRHKFFAF68EC,幸福段,.00,都市：住
RPWOMLPKRHKFFHF27CC,板南段,24.34,都市：工
RPWPMLPKRHKFFHF37CC,板南段,29.42,都市：工
RPRPMLPKRHKFFHF86CC,健康段,77.51,都市：工
RPXPMLQKRHKFFHF57CC,安樂段,.00,都市：住
RPVNMLPKRHKFFAF56EC,民權段,.00,都市：住
RPVNMLPKRHKFFAF56EC,大庭段,.00,都市：住
RPVNMLPKRHKFFAF56EC,大庭段,.00,都市：住
RPVNMLPKRHKFFAF56EC,大庭段,.00,都市：住
RPXNMLPKRHKFFGF27DC,福德南段,44.63,都市：商
RPUNMLPKRHKFFAF09EC,新興段,.00,都市：住
RPXRMLQKRHKFFBF17CC,更寮段鴨母港小段,599.00,非都市：一般農業區 ; 非都市編定：丁種建築用地
RPWTMLQKRHKFFBF27CC,安和段,10.81,都市：工
RPUTMLQKRHKFFBF07CC,頭興段,254.05,都市：工
RPOUMLQKRHKFFBF56CC,化成段,81.12,都市：工
RPPNMLQKRHKFFAF48CC,永安段,.00,都市：住
RPQPMLQKRHKFFHF07EC,信義段,28.09,都市：商
RPROMLQKRHKFFCF98CC,大豐段,59.66,都市：住
RPQOMLQKRHKFFCF88CC,寶元段,45.25,都市：工
RPQOMLQKRHKFFCF88CC,寶元段,.08,都市：其他
RPPNMLRKRHKFFDF88CC,昊天段,.00,都市：工
RPPNMLRKRHKFFDF88CC,昊天段,.00,都市：工
RPXRNLRKRHKFFBF37CC,興化段,.00,都市：工
RPPOMLRKRHKFFDF98CC,中正段,.00,都市：住
RPSNMLRKRHKFFIF07CC,大學段一小段,.00,都市：商
RPPPMLRKRHKFFHF86CC,華新段,22.55,都市：住
RPSOMLRKRHKFFGF17EC,興德段,156.00,都市：工
RPORMLRKRHKFFEF66CC,新興段,.37,都市：住
RPORMLRKRHKFFEF66CC,新興段,6.03,都市：住
RPORMLRKRHKFFEF66CC,新興段,.86,都市：住
RPXTMLQKRHKFFBF37CC,福營段,11.36,都市：工
RPTOMLRKRHKFFGF27EC,興德段,156.00,都市：工
RPQPMLRKRHKFFAF09EC,員福段,41.95,都市：住
RPQPMLRKRHKFFAF09EC,員福段,2.59,都市：其他
RPQPMLRKRHKFFAF09EC,員福段,61.70,都市：住
RPQPMLRKRHKFFAF09EC,員福段,2.59,都市：其他
RPWNMLSKRHKFFHF47CC,板南段,30.32,都市：工
RPQQMLSKRHKFFDF76CC,環河段,40.87,都市：工
RPQNMLSKRHKFFDF09CC,智興段,.00,都市：商
RPRQMLSKRHKFFDF86CC,昊天段,7.57,都市：工
RPSOMLSKRHKFFDF76CC,智興段,.00,都市：商
RPSQMLSKRHKFFDF96CC,同新段,9.20,都市：工
RPOQMLSKRHKFFAF88CC,府中段,.00,都市：商
RPPOMLSKRHKFFDF09CC,昊天段,.00,都市：工
RPPOMLSKRHKFFDF09CC,同新段,.00,都市：工
RPVOMLSKRHKFFCF96CC,惠國段,22.45,都市：商
RPPNMLTKRHKFFDF09CC,智興段,.00,都市：商
RPVQMLSKRHKFFDF27CC,同新段,8.90,都市：工
RPPNMLTKRHKFFGF76CC,光華段,.00,都市：住
RPQNMLKLRHKFFEF48CC,龍米段,327.92,都市：商
RPQPMLSKRHKFFGF07DC,光興段,6.26,都市：其他
RPUOMLTKRHKFFEF17CC,新興段,.15,都市：其他
RPUOMLTKRHKFFEF17CC,新興段,8.26,都市：其他
RPOOMLLLRHKFFDF38CC,金龍段,4.75,都市：住
RPPNMLKLRHKFFDF28CC,智興段,.00,都市：商
RPROMLLLRHKFFCF58CC,惠國段,.00,都市：住
RPWOMLLLRHKFFAF88CC,新興段,.00,非都市： ; 非都市編定：
RPOSMLLLRHKFFBF58CC,裕民段,.00,都市：住
RPVOMLLLRHKFFEF56CC,中興段,5.83,都市：住
RPRPMLLLRHKFFEF88CC,鄧公段,.00,都市：住
RPRRMLLLRHKFFEF09CC,長興段,7.82,都市：住
RPRRMLLLRHKFFEF09CC,長興段,.21,都市：其他
RPOOMLLLRHKFFIF88CC,大學段二小段,112.64,都市：住
RPQRMLLLRHKFFEF98CC,新巿段,21.56,都市：住
RPOPMLLLRHKFFEF68DC,中興段,91.31,都市：住
RPPNMLMLRHKFFIF98CC,復興段,46.66,都市：住
RPWNMLMLRHKFFAF98DC,板院段,.00,都市：住
RPVPMLMLRHKFFEF76CC,中正段,9.90,都市：商
RPWOMLMLRHKFFHF07CC,大仁段,34.18,都市：住
RPUNMLMLRHKFFHF76CC,福和段,16.39,都市：商
RPVOMLMLRHKFFHF96CC,新民段,.00,都市：工
RPVOMLMLRHKFFDF66DC,金龍段,15.90,都市：住
RPQNMLMLRHKFFBF38CC,麗林段,9.66,都市：商
RPRNMLMLRHKFFBF48CC,國宅段,25.61,都市：住
RPOOMLMLRHKFFDF48CC,福興段,868.38,非都市：山坡地保育區 ; 非都市編定：農牧用地
RPROMLNLRHKFFDF88CC,昊天段,.00,非都市： ; 非都市編定：
RPQNMLNLRHKFFAF38CC,幸福段,.00,非都市： ; 非都市編定：
RPVNMLNLRHKFFEF66CC,公司田段,33.00,都市：住
RPSRMLNLRHKFFAF98CC,重慶段,76.00,都市：住
RPPPMLNLRHKFFEF88CC,竹圍段,4.89,都市：其他
RPPPMLNLRHKFFEF88CC,竹圍段,31.47,都市：其他
RPTNMLNLRHKFFIF86CC,永安段,29.60,都市：工
RPROMLOLRHKFFIF86CC,大學段一小段,10.07,都市：商
RPQNMLOLRHKFFIF66CC,大學段一小段,5.34,都市：住
RPRNMLOLRHKFFIF76CC,大學段二小段,10.22,都市：商
RPWNMLNLRHKFFIF17CC,圳福段,13.07,都市：住
RPROMLOLRHKFFHF76CC,大智段,.00,都市：住
RPUOMLOLRHKFFHF07CC,台貿段,.00,都市：住
RPQOMLOLRHKFFHF66CC,圓通段,.00,都市：住
RPVOMLOLRHKFFHF17CC,華中段,26.94,都市：住
RPWOMLOLRHKFFHF27CC,安邦段,.00,都市：住
RPRNMLNLRHKFFHF56CC,中正段,43.50,都市：商
RPRNMLNLRHKFFHF56CC,中正段,2.50,都市：住
RPXOMLOLRHKFFHF37CC,雙和段,.00,都市：商
RPPPMLOLRHKFFHF66CC,中興段,.00,都市：商
RPWOMLOLRHKFFEF96CC,馬偕段,6.69,都市：工
RPOPMLOLRHKFFHF56CC,信義段,22.08,都市：住
RPQPMLOLRHKFFHF76CC,大同段,.00,都市：住
RPSPMLOLRHKFFHF96CC,景福段,.00,都市：住
RPTPMLOLRHKFFHF07CC,南山段,.00,都市：住
RPTPMLOLRHKFFHF07CC,南山段,.00,都市：住
RPXQMLOLRHKFFBF96CC,中誠段,39.11,都市：住
RPUPMLOLRHKFFHF17CC,福祥段,.00,都市：商
RPVOMLOLRHKFFAF09CC,中山段,.00,都市：住
RPVQMLOLRHKFFBF76CC,興化段,134.92,都市：工
RPWNMLOLRHKFFCF66CC,華城一段,148.14,都市：住
RPRNNLPLRHKFFBF88CC,興化段,.00,都市：工
RPORMLOLRHKFFBF78CC,公館段,155.02,都市：工
RPUOMLPLRHKFFDF76CC,智興段,.00,都市：商
RPOPMLPLRHKFFDF88CC,同新段,12.02,都市：工
RPPPMLPLRHKFFDF98CC,工建段,28.73,都市：工
RPPPMLPLRHKFFDF98CC,工建段,6.66,都市：工
RPQPMLPLRHKFFDF09CC,同新段,23.99,都市：工
RPWOMLPLRHKFFHF37CC,福祥段,2.46,都市：商
RPROMLPLRHKFFHF86CC,捷運段,.00,都市：其他
RPSPMLPLRHKFFEF76CC,公司田段,19.95,都市：住
RPPNMLQLRHKFFHF66CC,保福段,17.80,都市：住
RPWPMLPLRHKFFEF17CC,竹圍段,.00,都市：住
RPSPMLPLRHKFFEF96EC,公司田段,35.67,都市：住
RPQPMLPLRHKFFEF56CC,公司田段,23.49,都市：住
RPXNMLQLRHKFFBF86CC,思源段,12.01,都市：其他
RPSNMLQLRHKFFBF98CC,副都心段六小段,32.95,都市：住
RPRNMLQLRHKFFBF88CC,和平段,8.46,都市：住
RPWNMLQLRHKFFBF76CC,文德段,5.44,都市：住
RPTNMLQLRHKFFBF09CC,中原段,10.86,都市：商
RPPNMLTLRHKFFAF88CC,板院段,.00,都市：商
RPOOMLQLRHKFFBF68CC,榮富段,13.36,都市：住
RPWPMLTLRHKFFBF27CC,合鳳段,.00,都市：其他
RPPOMLQLRHKFFBF78CC,忠孝段,10.90,都市：住
RPRNMLKMRHKFFAF28CC,金城段,7.73,都市：住
RPQNMLKMRHKFFDF48CC,智興段,.00,都市：住
RPSWMLKMRHKFFBF76CC,信華段二小段,9.80,都市：住
RPSWMLKMRHKFFBF76CC,信華段一小段,18.36,都市：住
RPSOMLKMRHKFFDF78CC,保安段,.00,都市：工
RPWPMLKMRHKFFIF37EC,民族段,.00,都市：住
RPPNMLKMRHKFFDF38CC,智興段,.00,都市：商
RPPNMLKMRHKFFDF38CC,智興段,.00,都市：其他
RPVOMLKMRHKFFBF88CC,建林段,57.97,都市：住
RPRNMLKMRHKFFDF58CC,智興段,.00,都市：商
RPWNMLKMRHKFFIF96CC,和平段,31.83,都市：住
RPROMLKMRHKFFHF56DC,中興段,12.77,都市：商
RPROMLKMRHKFFHF56DC,中興段,.18,都市：住
RPXNMLKMRHKFFAF09EC,幸福段,.00,都市：住
RPRQMLLJIIKFFIF38CC,和平段,.00,都市：住
RPROMLLJIIKFFCF57CC,行政段,351.04,都市：住
RPXNMLLJIIKFFCF08CC,北新段,.00,都市：其他
RPXNMLLJIIKFFCF08CC,北新段,.00,都市：住
RPQNMLLJIIKFFEF57CC,紅毛城段,9.58,都市：住
RPSOMLLJIIKFFCF67CC,寶元段,273.00,都市：工
RPWOMLLJIIKFFDF18CC,福德段,30.00,都市：住
RPWOMLLJIIKFFDF18CC,福德段,3.05,都市：住
RPXNMLLJIIKFFHF58CC,福祥段,.00,都市：住
RPWOMLLJIIKFFEF28CC,公司田段,23.66,都市：住
RPTOMLLJIIKFFHF38DC,捷運段,.00,都市：其他
RPRWMLMJIIKFFBF38CC,榮富段,.00,都市：住
RPWNMLMJIIKFFHF58CC,永利段,.00,都市：商
RPTQMLMJIIKFFAF87CC,新板段三小段,4.93,都市：其他
RPVNMLMJIIKFFGF38CC,永德段,118.00,非都市： ; 非都市編定：
RPVNMLMJIIKFFGF38CC,永德段,6.00,非都市： ; 非都市編定：
RPQNMLOJIIKFFIF28CC,大學段二小段,13.77,都市：商
RPPNMLNJIIKFFCF57DC,莊敬段,.00,都市：工
RPPNMLOJIIKFFIF18CC,大學段一小段,18.60,都市：住
RPVNMLMJIIKFFCF97CC,惠國段,.00,非都市： ; 非都市編定：
RPUNMLMJIIKFFCF87CC,復興段,77.77,都市：工
RPXNMLMJIIKFFCF18CC,寶橋段,44.00,都市：工
RPQNMLOJIIKFFEF87CC,正德段,6.10,都市：住
RPPPMLMJIIKFFIF18CC,慈恩段,143.43,都市：住
RPPNMLOJIIKFFEF77CC,馬偕段,5.67,都市：工
RPTPMLMJIIKFFIF58CC,大學段一小段,27.77,都市：商
RPWNMLMJIIKFFCF08CC,民權段,.00,非都市： ; 非都市編定：
RPWNMLPJIIKFFCF38CC,復興段,.00,都市：工
RPQNMLPJIIKFFAF77EC,永安段,.00,都市：住
RPROMLPJIIKFFCF18EC,光明段,.00,都市：住
RPUQMLPJIIKFFHF98CC,安樂段,18.39,都市：住
RPXQMLPJIIKFFHF66CC,安樂段,18.39,都市：住
RPUPMLPJIIKFFHF88CC,健康段,.00,都市：工
RPRNMLPJIIKFFDF08DC,金龍段,30.30,都市：住
RPSOMLPJIIKFFAF87CC,延和段,21.42,都市：住
RPTOMLQJIIKFFCF28CC,雙城段,.00,都市：住
RPUNMLPJIIKFFDF28CC,智興段,.00,都市：住
RPUNMLPJIIKFFDF28CC,智興段,.00,都市：住
RPUNMLPJIIKFFDF28CC,智興段,.00,都市：住
RPUNMLPJIIKFFDF28CC,智興段,.00,都市：住
RPUNMLPJIIKFFDF28CC,智興段,.00,都市：住
RPSNMLPJIIKFFDF08CC,厚德段,22.04,都市：住
RPWNMLQJIIKFFDF58CC,昊天段,92.00,都市：工
RPVOMLQJIIKFFDF58CC,福興段,.00,都市：住
RPVOMLQJIIKFFDF58CC,福興段,.00,都市：住
RPQNMLQJIIKFFDF97CC,智興段,.00,都市：商
RPQNMLQJIIKFFDF97CC,智興段,.00,都市：住
RPVNMLQJIIKFFDF48CC,昊天段,2360.86,都市：工
RPQRMLQJIIKFFAF08CC,文化段,2.18,都市：住
RPUOMLPJIIKFFDF38CC,福德段,.00,都市：住
RPUOMLQJIIKFFCF38CC,民安段,.00,都市：住
RPUNMLQJIIKFFHF78CC,頂溪段,33.75,都市：住
RPQOMLQJIIKFFHF48CC,正南段,.00,都市：住
RPVRMLQJIIKFFBF68CC,光明段,.00,都市：住
RPRNMLQJIIKFFHF48CC,大同段,.00,都市：住
RPOOMLQJIIKFFBF67CC,榮富段,14.13,都市：住
RPPOMLQJIIKFFBF77CC,民安段,.00,都市：工
RPTNMLQJIIKFFHF68CC,竹林段,.00,都市：住
RPSOMLQJIIKFFHF68CC,盛昌段,.00,都市：住
RPQPMLQJIIKFFHF58CC,樂華段,.00,都市：住
RPOPMLQJIIKFFHF38CC,南山段,.00,都市：其他
RPUNMLQJIIKFFEF48CC,中正段,22.69,都市：商
RPUOMLQJIIKFFHF88CC,大同段,19.74,都市：住
RPVOMLQJIIKFFHF98CC,捷運段,.00,都市：其他
RPWOMLQJIIKFFHF09CC,雙和段,.00,都市：商
RPXOMLQJIIKFFHF56CC,圓通段,.00,都市：住
RPPPMLQJIIKFFHF48CC,南山段,.00,都市：其他
RPVNMLQJIIKFFAF28DC,海山段,.00,都市：住
RPUNMLRJIIKFFIF98CC,樹德段,53.52,都市：住
RPXOMLQJIIKFFAF58DC,員福段,64.40,都市：住
RPXOMLQJIIKFFAF58DC,員福段,.00,都市：住
RPOOMLRJIIKFFCF97DC,寶橋段,.00,非都市： ; 非都市編定：
RPVNMLQJIIKFFGF78CC,正義北段,8.05,非都市： ; 非都市編定：
RPWPMLRJIIKFFEF98CC,學府段,.00,都市：住
RPQQMLRJIIKFFEF48CC,海天段,.00,都市：住
RPPOMLRJIIKFFHF48CC,保生段,2.48,都市：住
RPUOMLRJIIKFFHF98CC,保生段,9.65,都市：住
RPUOMLRJIIKFFHF98CC,保生段,.04,都市：住
RPVOMLRJIIKFFHF09CC,保生段,22.06,都市：住
RPPNMLQJIIKFFBF87EC,榮富段,.00,都市：住
RPWOMLRJIIKFFAF48CC,大安段,103.29,都市：工
RPOQMLRJIIKFFBF97CC,光明段,11.58,都市：其他
RPSOMLRJIIKFFBF18CC,榮富段,19.19,都市：住
RPOSMLRJIIKFFBF18CC,國宅段,223.19,都市：住
RPURMLRJIIKFFBF68CC,民安段,12.81,都市：住
RPROMLRJIIKFFDF48EC,保長段,8.35,都市：住
RPSNMLSJIIKFFAF08CC,新雅段,3.02,都市：住
RPVQMLRJIIKFFEF98CC,新巿段,17.71,都市：住
RPTNMLSJIIKFFAF18CC,江子翠段第三崁小段,.00,都市：住
RPTNMLSJIIKFFBF28CC,泰山段一小段,1157.00,非都市：特定農業區 ; 非都市編定：農牧用地
RPRNMLSJIIKFFBF08CC,明志段,19.31,都市：住
RPQPMLSJIIKFFBF18CC,信華段二小段,7.25,都市：住
RPQPMLSJIIKFFBF18CC,信華段一小段,13.58,都市：住
RPRNMLSJIIKFFCF18CC,中正段,.00,都市：其他
RPRNMLSJIIKFFCF18CC,中華段,.00,都市：其他
RPRNMLSJIIKFFCF18CC,中正段,.00,都市：住
RPWNMLSJIIKFFHF56CC,中原段,257.92,都市：工
RPPNMLSJIIKFFDF08CC,智興段,.00,都市：商
RPPNMLSJIIKFFDF08CC,智興段,.00,都市：其他
RPRNMLSJIIKFFHF68CC,健康段,.00,都市：工
RPXNMLSJIIKFFHF66CC,四維段,19.04,都市：住
RPROMLSJIIKFFHF78CC,景福段,27.90,都市：住
RPOPMLSJIIKFFEF28CC,公司田段,.00,都市：住
RPRPMLSJIIKFFEF58CC,新興段,41.59,都市：住
RPPPMLSJIIKFFEF38CC,大八里坌段蛇子形小段,180.00,都市：工
RPSPMLSJIIKFFEF68CC,天生段,131.54,都市：住
RPUOMLSJIIKFFDF88EC,保長段,8.59,都市：住
RPVOMLSJIIKFFDF98EC,保長段,3.97,都市：住
RPSOMLSJIIKFFHF09EC,中和段,34.86,都市：住
RPOPMLSJIIKFFDF38EC,保長段,6.64,都市：住
RPPNMLKKIIKFFEF47CC,海天段,16.06,都市：住
RPQNMLKKIIKFFEF57CC,海天段,.12,都市：住
RPQNMLKKIIKFFEF57CC,海天段,22.45,都市：住
RPUNMLSJIIKFFCF68EC,惠國段,11.25,都市：住
RPRNMLKKIIKFFEF67CC,海天段,.02,都市：住
RPRNMLKKIIKFFEF67CC,海天段,.00,都市：住
RPRNMLKKIIKFFEF67CC,海天段,2.33,都市：住
RPRNMLKKIIKFFEF67CC,海天段,.17,都市：住
RPRNMLKKIIKFFEF67CC,海天段,.01,都市：住
RPUNMLKKIIKFFEF97CC,水仙段,1.58,都市：住
RPWOMLSJIIKFFDF09EC,保長段,6.64,都市：住
RPUNMLKKIIKFFEF97CC,水仙段,8.51,都市：住
RPQNMLKKIIKFFBF27CC,泰林段,14.54,都市：住
RPPNMLKKIIKFFBF17CC,同興段,10.69,都市：商
RPPNMLKKIIKFFDF37CC,新峰段,.00,都市：住
RPRNMLKKIIKFFBF37CC,泰山段一小段,26.50,都市：住
RPPNMLMKIIKFFHF18EC,莒光段,19.25,都市：住
RPUOMLNKIIKFFDF28CC,同新段,.00,都市：工
RPSOMLNKIIKFFDF08CC,同新段,.00,都市：工
RPQPMLNKIIKFFAF67CC,文化段,2.10,都市：住
RPORMLNKIIKFFBF77CC,登林段,11.07,都市：住
RPXNMLNKIIKFFBF28CC,建林段,3.30,都市：商
RPXNMLNKIIKFFBF28CC,建林段,34.57,都市：商
RPVOMLNKIIKFFIF88CC,大學段二小段,.00,都市：住
RPSOMLNKIIKFFGF38CC,仁興段,.00,都市：住
RPXNMLNKIIKFFGF78CC,菜寮段,73.02,都市：住
RPQOMLNKIIKFFDF87CC,北山段,20.99,都市：住
RPRPMLNKIIKFFAF97EC,新板段二小段,.00,都市：其他
RPUQMLOKIIKFFGF88CC,正義段,.00,非都市： ; 非都市編定：
RPTOMLNKIIKFFIF88EC,國光段,41.29,都市：住
RPQPMLOKIIKFFHF48CC,板南段,.00,都市：工
RPPNMLOKIIKFFEF87CC,海鷗段,3.03,都市：住
RPOPMLOKIIKFFHF28CC,中原段,55.46,都市：工
RPWOMLOKIIKFFHF98CC,健康段,24.96,都市：工
RPSPMLNKIIKFFAF08EC,信義段,41.25,都市：工
RPSPMLOKIIKFFHF68CC,板南段,33.83,都市：工
RPROMLOKIIKFFHF48CC,景新段,.00,都市：住
RPROMLOKIIKFFHF48CC,景新段,.20,都市：住
RPROMLOKIIKFFHF48CC,景平段,15.24,都市：住
RPPPMLOKIIKFFAF67CC,江子翠段第二崁小段,46.18,都市：住
RPWNMLOKIIKFFCF38CC,復興段,138.57,都市：工
RPTNMLOKIIKFFCF08CC,復興段,26.72,都市：工
RPTNMLOKIIKFFCF08CC,復興段,493.69,都市：工
RPVNMLPKIIKFFDF48CC,大同段,129.99,都市：工
RPORMLPKIIKFFBF97CC,榮富段,15.20,都市：住
RPPPMLPKIIKFFBF87CC,五工段,1951.00,非都市：工業區 ; 非都市編定：丁種建築用地
RPROMLPKIIKFFEF28CC,中正段,5.86,都市：商
RPOOMLPKIIKFFHF28CC,捷運段,18.11,都市：其他
RPTQMLPKIIKFFGF88CC,光興段,7.70,都市：住
RPWQMLPKIIKFFGF56CC,福德北段,.00,都市：住
RPWQMLPKIIKFFGF56CC,福德北段,.00,都市：住
RPRPMLPKIIKFFGF58CC,福德北段,.00,都市：住
RPQNMLPKIIKFFHF58EC,大同段,.00,都市：住
RPOOMLPKIIKFFEF18EC,長興段,.00,都市：住
RPXQMLPKIIKFFGF66CC,重陽段,.00,都市：住
RPTNMLQKIIKFFEF48CC,海天段,17.26,都市：住
RPSOMLQKIIKFFEF48CC,新巿段,8.95,都市：住
RPPOMLPKIIKFFAF67CC,文化段,2.60,都市：住
RPVOMLPKIIKFFAF28CC,江子翠段第二崁小段,.00,都市：商
RPOPMLPKIIKFFAF67CC,府中段,.00,都市：商
RPOQMLQKIIKFFBF97CC,文德段,5.44,都市：住
RPOQMLQKIIKFFBF97CC,文德段,27.46,都市：住
RPTPMLQKIIKFFBF38CC,榮富段,10.44,都市：住
RPQQMLQKIIKFFBF18CC,思賢段,16.03,都市：住
RPXNMLQKIIKFFBF58CC,佳林段,19.71,都市：商
RPWPMLQKIIKFFBF68CC,榮富段,10.80,都市：住
RPSPMLQKIIKFFBF28CC,榮富段,9.71,都市：住
RPVPMLQKIIKFFBF58CC,忠孝段,14.62,都市：住
RPTQMLQKIIKFFBF48CC,榮富段,9.80,都市：住
RPSQMLQKIIKFFBF38CC,中原段,40.57,都市：住
RPRNMLQKIIKFFCF08CC,惠國段,27.73,都市：住
RPPPMLQKIIKFFBF97CC,文德段,27.46,都市：住
RPPPMLQKIIKFFBF97CC,文德段,5.44,都市：住
RPQOMLQKIIKFFCF08CC,寶元段,830.25,都市：工
RPTOMLQKIIKFFAF38EC,運校段,25.70,都市：住
RPSOMLQKIIKFFAF28EC,頂福段,9.22,都市：住
RPSOMLQKIIKFFCF28CC,寶元段,55.20,都市：工
RPPNMLSKIIKFFDF18CC,智興段,.00,都市：住
RPPNMLSKIIKFFDF18CC,智興段,.00,都市：其他
RPQNMLSKIIKFFDF28CC,智興段,.00,都市：住
RPRNMLSKIIKFFBF18CC,副都心段一小段,8.97,都市：商
RPSNMLSKIIKFFBF28CC,中原段,47.03,都市：住
RPTPMLQKIIKFFEF78DC,鄧公段,19.07,都市：住
RPTNMLSKIIKFFBF38CC,芳洲段,19.51,都市：住
RPROMLTKIIKFFDF58CC,工建段,24.17,都市：工
RPWNMLSKIIKFFBF68CC,榮富段,18.71,都市：住
RPUNMLSKIIKFFBF48CC,榮富段,14.91,都市：住
RPQNMLSKIIKFFEF48DC,公司田段,.00,非都市： ; 非都市編定：
RPSOMLTKIIKFFDF68CC,同新段,19.63,都市：工
RPTOMLTKIIKFFDF78CC,同新段,9.12,都市：工
RPUOMLTKIIKFFDF88CC,同新段,17.45,都市：工
RPUOMLTKIIKFFHF66CC,四維段,18.63,都市：住
RPPNMLTKIIKFFHF68CC,福和段,.00,都市：住
RPQNMLKLIIKFFHF97CC,大華段,15.27,都市：其他
RPTNMLKLIIKFFHF28CC,南工段,17.24,都市：住
RPTNMLKLIIKFFHF28CC,南工段,4.61,都市：住
RPVOMLTKIIKFFDF98CC,工建段,34.89,都市：工
RPPOMLKLIIKFFEF67CC,中興段,40.04,都市：住
RPQOMLKLIIKFFHF08CC,捷運段,15.07,都市：其他
RPXOMLKLIIKFFEF48CC,海天段,12.96,都市：住
RPTPMLKLIIKFFHF48CC,得林段,33.37,都市：住
RPVNMLKLIIKFFEF18CC,中興段,5.65,都市：住
RPVPMLTKIIKFFAF78CC,民權段,.00,都市：其他
RPOOMLKLIIKFFEF57CC,淡海段,30.06,都市：商
RPPOMLKLIIKFFIF08CC,民生段,15.79,都市：住
RPQOMLKLIIKFFEF77CC,新巿段,21.56,都市：住
RPQOMLKLIIKFFIF18CC,大學段一小段,5.88,都市：住
RPVOMLKLIIKFFIF68CC,大學段一小段,15.11,都市：商
RPUOMLKLIIKFFIF58CC,尖山腳段,.00,都市：住
RPXPMLKLIIKFFAF38EC,信義段,37.46,都市：工
RPWPMLKLIIKFFAF28EC,江子翠段第三崁小段,142.00,都市：住
RPSOMLKLIIKFFBF87EC,榮富段,10.95,都市：住
RPSOMLKLIIKFFBF87EC,榮富段,18.92,都市：住
RPOPMLKLIIKFFDF77EC,保長段,12.76,都市：住
RPVPMLKLIIKFFAF97CC,府中段,.50,都市：住
RPVPMLKLIIKFFAF97CC,府中段,.55,都市：住
RPVPMLKLIIKFFAF97CC,府中段,.60,都市：住
RPVPMLKLIIKFFAF97CC,府中段,.40,都市：住
RPVPMLKLIIKFFAF97CC,府中段,.20,都市：住
RPVPMLKLIIKFFAF97CC,府中段,4.50,都市：住
RPVQMLKLIIKFFBF18CC,副都心段一小段,24.53,都市：商
RPTQMLKLIIKFFBF97CC,自強段,23.98,都市：住
RPQOMLLLIIKFFBF57CC,國宅段,136.75,都市：住
RPXOMLLLIIKFFBF28CC,自強段,28.79,都市：住
RPTOMLKLIIKFFBF77CC,化成段,192.28,都市：工
RPOPMLLLIIKFFIF18CC,三多段,92.96,都市：工
RPOPMLLLIIKFFIF18CC,三多段,.92,都市：工
RPOPMLLLIIKFFIF18CC,三多段,386.24,都市：工
RPOPMLLLIIKFFIF18CC,三多段,650.99,都市：工
RPOPMLLLIIKFFIF18CC,三多段,505.89,都市：工
RPPNMLLLIIKFFDF57CC,智興段,.00,都市：住
RPVNMLLLIIKFFAF87CC,學成段,.00,都市：住
RPXSMLLLIIKFFAF58CC,中山段,10.92,都市：其他
RPTNMLLLIIKFFDF97CC,厚德段,17.47,都市：住
RPXRMLLLIIKFFGF09CC,興德段,83.99,都市：工
RPPPMLLLIIKFFCF87EC,復興段,.00,都市：工
RPVNMLLLIIKFFHF58CC,中興段,.00,都市：商
RPROMLMLIIKFFHF38CC,頂溪段,30.00,都市：住
RPQOMLMLIIKFFHF28CC,頂溪段,2.80,都市：住
RPQOMLMLIIKFFHF28CC,頂溪段,30.00,都市：住
RPSOMLMLIIKFFEF18CC,新巿段,11.09,都市：住
RPVPMLMLIIKFFGF78CC,幸福段,18.57,都市：住
RPRPMLMLIIKFFAF77CC,大庭段,37.00,都市：住
RPPOMLMLIIKFFCF67CC,中央段,5.77,都市：住
RPTNMLMLIIKFFIF58CC,國慶段,3.00,都市：住
RPTNMLMLIIKFFIF58CC,國慶段,177.00,都市：住
RPTNMLMLIIKFFIF58CC,國慶段,516.00,都市：住
RPSQMLMLIIKFFBF08CC,榮富段,13.16,都市：住
RPOOMLMLIIKFFCF57CC,中央段,20.61,都市：住
RPOOMLMLIIKFFDF67CC,建成段,.00,都市：商
RPOOMLMLIIKFFDF67CC,建成段,.00,都市：商
RPORMLMLIIKFFBF77CC,副都心段一小段,10.58,都市：商
RPTRMLMLIIKFFBF28CC,榮富段,14.08,都市：住
RPRRMLMLIIKFFBF08CC,芳洲段,30.54,都市：住
RPWRMLMLIIKFFBF58CC,和平段,23.47,都市：住
RPUQMLMLIIKFFBF28CC,復興段,86.99,都市：住
RPXRMLMLIIKFFBF68CC,榮富段,9.70,都市：住
RPXSMLMLIIKFFBF78CC,副都心段一小段,16.45,都市：商
RPSSMLMLIIKFFBF28CC,芳洲段,19.51,都市：住
RPSNMLNLIIKFFCF97CC,惠國段,.00,都市：住
RPQNMLNLIIKFFDF87CC,智興段,.00,都市：商
RPUSMLMLIIKFFBF48CC,榮富段,10.75,都市：住
RPRNMLNLIIKFFDF97CC,智興段,.00,都市：商
RPQSMLMLIIKFFBF08CC,副都心段一小段,11.66,都市：住
RPQSMLMLIIKFFBF08CC,副都心段一小段,8.00,都市：住
RPOOMLNLIIKFFEF87CC,公司田段,27.62,都市：住
RPROMLNLIIKFFEF18CC,公司田段,18.80,都市：住
RPSQMLNLIIKFFEF48CC,馬偕段,6.69,都市：工
RPWSMLMLIIKFFBF68CC,副都心段七小段,27.51,都市：住
RPSNMLNLIIKFFEF28DC,水仙段,.00,非都市： ; 非都市編定：
RPUNMLNLIIKFFGF58CC,中興段,.00,都市：工
RPVPMLNLIIKFFEF88EC,天生段,.00,非都市： ; 非都市編定：
RPSNMLQLIIKFFDF38CC,智興段,.00,都市：住
RPSNMLQLIIKFFDF38CC,智興段,.00,都市：其他
RPROMLNLIIKFFIF68DC,大湖段大湖小段,69.00,非都市：鄉村區 ; 非都市編定：乙種建築用地
RPQPMLQLIIKFFAF08CC,江子翠段第三崁小段,.00,都市：住
RPTPMLQLIIKFFBF48CC,立言段,35.43,都市：住
RPWQMLQLIIKFFHF86CC,福和段,9.38,都市：住
RPRPMLQLIIKFFAF18CC,學林段,27.28,都市：住
RPSPMLQLIIKFFBF38CC,忠孝段,16.45,都市：住
RPRNMLQLIIKFFHF68CC,四維段,.00,都市：住
RPROMLQLIIKFFCF38DC,惠國段,11.25,都市：住
RPVOMLQLIIKFFBF58CC,五工段,995.52,非都市：工業區 ; 非都市編定：丁種建築用地
RPPOMLQLIIKFFHF78EC,景新段,.00,都市：住
RPPOMLQLIIKFFHF78EC,景新段,.27,都市：住
RPPOMLQLIIKFFHF78EC,景平段,20.96,都市：住
RPQPMLRLIIKFFAF18CC,學成段,18.85,都市：住
RPQRMLRLIIKFFBF48CC,立德段,26.72,都市：住
RPQOMLRLIIKFFHF78CC,安平段,27.88,都市：住
RPWOMLQLIIKFFEF56EC,竹圍段,22.57,都市：工
RPPNMLOLIIKFFDF87CC,智興段,.00,都市：住
RPPNMLOLIIKFFDF87CC,智興段,.00,都市：其他
RPRNMLSLIIKFFAF18CC,文化段,51.09,都市：住
RPPRMLRLIIKFFBF38CC,昌隆段,16.80,都市：住
RPSPMLSLIIKFFHF56CC,景平段,.00,都市：住
RPXOMLSLIIKFFHF96CC,新民段,.00,都市：工
RPRPMLSLIIKFFHF09CC,新民段,.00,都市：工
RPVTMLSLIIKFFEF96CC,竹圍段,3.41,都市：商
RPQPMLSLIIKFFHF56EC,中和段,49.15,都市：住
RPUNMLTLIIKFFEF98CC,公司田段,13.08,都市：住
RPWNMLTLIIKFFHF86CC,盛昌段,8.91,都市：住
RPWNMLTLIIKFFHF86CC,盛昌段,5.20,都市：住
RPVQMLRLIIKFFDF09CC,新峰段,.00,都市：住
RPTNMLTLIIKFFCF68CC,復興段,150.36,都市：工
RPQNMLTLIIKFFDF48CC,智興段,.00,都市：商
RPSPMLKMIIKFFBF87CC,建林段,76.02,都市：住
RPQSNLTLIIKFFBF88CC,中原段,18.60,都市：商
RPPPMLKMIIKFFAF47CC,大庭段,.00,都市：住
RPRNMLTLIIKFFDF58CC,智興段,.00,都市：商
RPRNMLTLIIKFFDF58CC,智興段,.00,都市：其他
RPRNMLTLIIKFFDF58CC,智興段,.00,都市：商
RPVNMLKMIIKFFHF58CC,南勢段,16.94,都市：住
RPTNMLKMIIKFFHF38CC,中原段,257.92,都市：工
RPUQMLSLIIKFFEF56CC,公司田段,27.40,都市：住
RPWPMLKMIIKFFHF88CC,健康段,.00,都市：工
RPXPMLKMIIKFFHF98CC,健康段,.00,都市：工
RPUOMLKMIIKFFEF48EC,中山段,17.70,都市：住
RPQNMLLMIIKFFHF18CC,民治段,.00,都市：商
RPVPMLKMIIKFFHF78CC,民富段,22.55,都市：工
RPRQMLKMIIKFFIF58CC,大學段一小段,18.96,都市：商
RPRNMLLMIIKFFAF57CC,中山段,.00,都市：工
