﻿編號,屋齡,建物移轉面積平方公尺,主要用途,主要建材,建築完成日期,總層數,建物分層
The serial number,room age,building shifting area square meter,the main use,main building materials,construction completes the date,total layer,building lamination
RPXNMLPJQHKFFAV77CA,22,25.95,見其他登記事項,鋼筋混凝土造,82年8月14日,七層,二層
RPXNMLPJQHKFFAV77CA,22,3.92,見其他登記事項,鋼筋混凝土造,82年8月14日,七層,
RPXNMLPJQHKFFAV77CA,22,.38,見其他登記事項,鋼筋混凝土造,82年8月14日,七層,
RPXNMLPJQHKFFAV77CA,22,2.46,見其他登記事項,鋼筋混凝土造,82年8月14日,七層,
RPRNMLOJQHKFFAV07CA,19,25.66,見其他登記事項,鋼筋混凝土造,85年6月28日,九層,二層
RPRNMLOJQHKFFAV07CA,19,5.47,見其他登記事項,鋼筋混凝土造,85年6月28日,九層,
RPRNMLOJQHKFFAV07CA,19,3.01,見其他登記事項,鋼筋混凝土造,85年6月28日,九層,
RPRNMLPLQHKFFDV67CA,20,30.87,見其他登記事項,鋼筋混凝土造,84年7月14日,八層,一層
RPRNMLPLQHKFFDV67CA,20,7.85,見其他登記事項,鋼筋混凝土造,84年7月14日,八層,
RPOOMLPJQHKFFAV96CA,24,160.83,住家用,鋼筋混凝土造,80年6月28日,三層,二層 一層 三層
RPQNMLKMQHKFFAV86CA,,217.61,住家用,見其他登記事項,104年3月12日,三層,一層 二層 三層
RPRNMLLKQHKFFCV07CA,7,186.97,見其他登記事項,鋼筋混凝土造,97年7月4日,三層,一層 二層 三層
RPQNMLQJQHKFFAV17CA,21,102.22,見其他登記事項,鋼筋混凝土造,82年12月3日,四層,三層
RPVNMLLLQHKFFAV37CA,45,41.86,住家用,見其他登記事項,59年12月3日,二層,一層 二層
RPVNMLLLQHKFFAV37CA,,53.79,住家用,木造,,一層,一層
RPVNMLOJQHKFFAV47CA,29,121.27,住家用,加強磚造,75年11月8日,二層,一層 二層
RPVNMLPJQHKFFAV57CA,20,334.67,見其他登記事項,鋼筋混凝土造,84年12月11日,三層,二層 地下層 一層 三層
RPVNMLPJQHKFFAV57CA,20,42.64,見其他登記事項,鋼筋混凝土造,84年12月11日,三層,
RPRNMLKMQHKFFAV96CA,,217.43,住家用,見其他登記事項,104年3月12日,三層,一層 二層 三層
RPPNMLKKQHKFFAV56CA,11,219.45,住家用,鋼筋混凝土造,93年9月10日,三層,一層 二層 三層
RPOOMLLMQHKFFAV86CA,20,176.30,住家用,鋼筋混凝土造,84年6月13日,三層,二層 一層 三層
RPSNMLOKQHKFFBV37CA,56,199.36,商業用,鋼筋混凝土加強磚造,48年7月5日,一層,一層 騎樓
RPQNMLMKQHKFFAV86CA,24,81.32,住家用,鋼筋混凝土造,80年7月17日,五層,五層
RPQNMLMKQHKFFAV86CA,24,7.94,見其他登記事項,鋼筋混凝土造,80年7月17日,五層,
RPPNMLMKQHKFFCV96CA,36,50.25,住家用,加強磚造,68年7月15日,一層,一層
RPSNMLRJQHKFFAV47CA,,238.60,住家用,見其他登記事項,104年6月15日,三層,一層 二層 三層
RPQNMLRJQHKFFBV47DA,30,55.70,住家用,加強磚造,74年5月22日,一層,一層 騎樓
RPQNMLRJQHKFFBV47DA,30,122.65,住家用,加強磚造,74年5月22日,二層,一層 二層 騎樓
SPTNMLKKQHKFFAV07CA,19,.05,商業用,鋼筋混凝土造,85年6月28日,九層,一層
SPTNMLKKQHKFFAV07CA,19,8354.20,見其他登記事項,鋼筋混凝土造,85年6月28日,九層,
RPTNMLQJQHKFFAV47CA,,189.38,住家用,見其他登記事項,104年5月4日,三層,一層 二層 三層
RPSNMLQJQHKFFAV37CA,,241.22,見其他登記事項,見其他登記事項,104年5月4日,三層,三層 一層 見其他登記事項 二層
RPTNMLKKQHKFFAV96CA,19,41.51,見其他登記事項,鋼筋混凝土造,85年6月28日,九層,九層
RPTNMLKKQHKFFAV96CA,19,8.92,見其他登記事項,鋼筋混凝土造,85年6月28日,九層,
RPTNMLKKQHKFFAV96CA,19,5.20,見其他登記事項,鋼筋混凝土造,85年6月28日,九層,
RPQNMLKKQHKFFAV66CA,42,123.25,住商用,見其他登記事項,62年6月30日,二層,一層 二層
RPUNMLMKQHKFFAV27CA,1,670.45,見其他登記事項,見其他登記事項,104年6月29日,四層,一層 二層 三層 四層 見其他登記事項
RPQNMLNKQHKFFAV96CA,37,109.66,住家用,加強磚造,68年1月6日,二層,一層 二層 騎樓
RPVNMLKKQHKFFAV17CA,,241.61,住家用,見其他登記事項,104年6月15日,三層,一層 二層 三層
RPWNMLKKQHKFFAV27CA,,238.60,住家用,見其他登記事項,104年6月15日,三層,一層 二層 三層
RPUNMLKKQHKFFAV17DA,26,132.95,住家用,加強磚造,78年5月2日,二層,一層 二層
RPUNMLOJRHKFFAV57DA,16,197.13,住家用,鋼筋混凝土造,88年2月10日,三層,三層 一層 二層
RPRNMLMKQHKFFAV96CA,,48.86,住家用,見其他登記事項,,一層,
RPRNMLLKQHKFFAV86CA,32,105.63,見其他登記事項,鋼筋混凝土造,72年2月9日,四層,二層
RPRNMLLKQHKFFAV86CA,32,.99,見其他登記事項,鋼筋混凝土造,72年2月9日,四層,
RPRNMLLKQHKFFAV86CA,32,1.15,見其他登記事項,鋼筋混凝土造,72年2月9日,四層,
RPRNMLLKQHKFFAV86CA,32,5.86,見其他登記事項,鋼筋混凝土造,72年2月9日,四層,
RPOOMLPJQHKFFAV27CD,,170.27,住家用,見其他登記事項,104年5月4日,三層,一層 二層 三層
RPTNMLPJQHKFFAV67CD,32,104.25,住家用,加強磚造,72年11月28日,二層,一層 二層
RPPNMLKKQHKFFAV86CD,23,179.67,住家用,鋼筋混凝土造,81年6月23日,三層,一層 二層 三層
RPUNMLPJQHKFFAV77CD,,188.28,住家用,見其他登記事項,104年5月4日,三層,一層 二層 三層
RPSNMLNKQHKFFAV17CA,,119.30,住家用,見其他登記事項,104年6月15日,三層,一層 二層 三層
RPSNMLNKQHKFFAV17CA,,119.30,住家用,見其他登記事項,104年6月15日,三層,一層 二層 三層
RPOOMLRKQHKFFAV27CA,21,65.78,見其他登記事項,鋼筋混凝土造,83年4月19日,十四層,十三層
RPOOMLRKQHKFFAV27CA,21,20.51,見其他登記事項,鋼筋混凝土造,83年4月19日,十四層,
RPRNMLOJQHKFFAV37CD,20,91.38,見其他登記事項,鋼筋混凝土造,84年7月6日,四層,三層
RPRNMLOJQHKFFAV37CD,20,7.91,見其他登記事項,鋼筋混凝土造,84年7月6日,四層,
RPRNMLOJQHKFFAV37CD,20,.53,見其他登記事項,鋼筋混凝土造,84年7月6日,,
RPRNMLOJQHKFFAV37CD,20,.52,見其他登記事項,鋼筋混凝土造,84年7月6日,,
RPRNMLOJQHKFFAV37CD,20,1.30,見其他登記事項,鋼筋混凝土造,84年7月6日,四層,
RPRNMLOJQHKFFAV37CD,20,.53,見其他登記事項,鋼筋混凝土造,84年7月6日,,
RPRNMLOJQHKFFAV37CD,20,.53,見其他登記事項,鋼筋混凝土造,84年7月6日,,
RPRNMLOJQHKFFAV37CD,20,.53,見其他登記事項,鋼筋混凝土造,84年7月6日,,
RPRNMLOJQHKFFAV37CD,20,.53,見其他登記事項,鋼筋混凝土造,84年7月6日,,
RPRNMLOJQHKFFAV37CD,20,.53,見其他登記事項,鋼筋混凝土造,84年7月6日,,
RPRNMLOJQHKFFAV37CD,20,.53,見其他登記事項,鋼筋混凝土造,84年7月6日,,
RPRNMLOJQHKFFAV37CD,20,.52,見其他登記事項,鋼筋混凝土造,84年7月6日,,
RPRNMLOJQHKFFAV37CD,20,.52,見其他登記事項,鋼筋混凝土造,84年7月6日,,
RPRNMLOJQHKFFAV37CD,20,.52,見其他登記事項,鋼筋混凝土造,84年7月6日,,
RPRNMLOJQHKFFAV37CD,20,.52,見其他登記事項,鋼筋混凝土造,84年7月6日,,
RPRNMLOJQHKFFAV37CD,20,.52,見其他登記事項,鋼筋混凝土造,84年7月6日,,
RPRNMLOJQHKFFAV37CD,20,.53,見其他登記事項,鋼筋混凝土造,84年7月6日,,
RPQNMLMKQHKFFCV17DA,33,87.20,住家用,加強磚造,71年8月17日,二層,一層 二層 屋頂突出物 騎樓
RPPNMLKLQHKFFBV76CA,29,147.20,住家用,加強磚造,75年5月6日,一層,一層
RPVNMLOKQHKFFBV67CA,34,137.65,住家用,鋼筋混凝土加強磚造,70年4月4日,二層,一層 二層 騎樓
RPPOMLRKQHKFFAV37CA,38,94.20,見其他登記事項,鋼筋混凝土造,66年9月14日,三層,一層 二層 三層
RPSNMLOKQHKFFAV27CA,29,23.18,住家用,鋼筋混凝土造,75年10月7日,四層,四層
RPROMLPLQHKFFAV47CA,,77.26,住家用,見其他登記事項,,二層,一層 二層 騎樓
RPXNMLRKQHKFFAV08CA,32,100.53,見其他登記事項,鋼筋混凝土造,72年2月9日,四層,四層
RPXNMLRKQHKFFAV08CA,32,.99,見其他登記事項,鋼筋混凝土造,72年2月9日,四層,
RPXNMLRKQHKFFAV08CA,32,1.15,見其他登記事項,鋼筋混凝土造,72年2月9日,四層,
RPXNMLRKQHKFFAV08CA,32,.67,見其他登記事項,鋼筋混凝土造,72年2月9日,四層,
RPQNMLOKQHKFFCV27CA,,57.49,商業用,見其他登記事項,,一層,一層 騎樓
RPQNMLOKQHKFFCV27CA,37,57.19,住家用,見其他登記事項,67年2月2日,一層,見其他登記事項
RPPNMLKLQHKFFDV96CA,46,61.54,住家用,見其他登記事項,58年5月15日,一層,一層
RPUNMLOKQHKFFAV47CA,15,177.59,見其他登記事項,鋼筋混凝土造,89年5月3日,三層,一層 二層 三層
RPQNMLRKQHKFFCV67DA,36,189.98,住家用,見其他登記事項,68年11月24日,二層,一層 二層 騎樓
RPWNMLLMQHKFFAV57CA,5,249.36,住家用,見其他登記事項,99年1月22日,二層,二層 一層
RPWNMLRKQHKFFAV97CA,11,223.66,住家用,鋼筋混凝土造,94年1月19日,二層,一層 二層
RPSNMLRKQHKFFAV57CA,39,37.80,住家用,見其他登記事項,65年7月15日,一層,一層 騎樓
RPPNMLSLQHKFFAV47CA,23,417.89,住商用,鋼筋混凝土造,81年12月11日,四層,一層 二層 三層 四層 騎樓
RPTNMLLJRHKFFAV07CA,9,215.30,見其他登記事項,見其他登記事項,95年10月4日,三層,一層 二層 三層 騎樓
RPWNMLLJRHKFFAV37CA,9,211.09,見其他登記事項,見其他登記事項,95年10月4日,三層,一層 二層 三層 騎樓
RPXNMLOLQHKFFAV87CA,,14.92,見其他登記事項,鋼筋混凝土造,,一層,
RPXNMLOLQHKFFAV87CA,34,101.29,住家用,鋼筋混凝土造,70年10月21日,七層,五層
RPXNMLOLQHKFFAV87CA,34,16.57,見其他登記事項,鋼筋混凝土造,70年10月21日,七層,
RPRNMLNJRHKFFAV07CA,24,203.93,住家用,鋼筋混凝土造,80年8月19日,三層,一層 二層 三層
RPTNMLSKQHKFFAV77CA,,88.59,住家用,加強磚造,,二層,一層 二層 騎樓
RPTNMLTKQHKFFAV87CA,20,171.00,住家用,鋼筋混凝土造,84年11月24日,二層,一層 二層
RPVNMLTKQHKFFAV08CA,24,215.33,住家用,鋼筋混凝土造,80年7月1日,四層,一層 二層 三層 四層 騎樓
RPSNMLLLQHKFFAV07CA,25,77.76,住家用,鋼筋混凝土造,79年8月11日,三層,一層 二層 三層
RPWNMLTKQHKFFAV18CA,19,36.70,見其他登記事項,鋼筋混凝土造,85年3月26日,八層,六層
RPWNMLTKQHKFFAV18CA,19,36.70,見其他登記事項,鋼筋混凝土造,85年3月26日,八層,六層
RPWNMLTKQHKFFAV18CA,19,4.22,見其他登記事項,鋼筋混凝土造,85年3月26日,八層,
RPWNMLTKQHKFFAV18CA,19,6.44,見其他登記事項,鋼筋混凝土造,85年3月26日,八層,
RPWNMLTKQHKFFAV18CA,19,4.22,見其他登記事項,鋼筋混凝土造,85年3月26日,八層,
RPWNMLTKQHKFFAV18CA,19,6.44,見其他登記事項,鋼筋混凝土造,85年3月26日,八層,
RPRNMLLLQHKFFAV96CA,25,77.76,住家用,鋼筋混凝土造,79年8月11日,三層,一層 二層 三層
RPPNMLQJRHKFFCV37CA,37,62.47,見其他登記事項,見其他登記事項,67年10月3日,一層,一層 騎樓
RPRNMLRKRHKFFAV57CA,22,167.53,見其他登記事項,鋼筋混凝土造,82年12月30日,七層,六層
RPRNMLRKRHKFFAV57CA,22,62.51,見其他登記事項,鋼筋混凝土造,82年12月30日,七層,
RPRNMLRKRHKFFAV57CA,22,169.10,見其他登記事項,鋼筋混凝土造,82年12月30日,七層,七層
RPRNMLRKRHKFFAV57CA,22,63.09,見其他登記事項,鋼筋混凝土造,82年12月30日,七層,
RPPNMLLLQHKFFDV17DA,14,178.36,見其他登記事項,見其他登記事項,90年11月16日,二層,一層 二層
RPPNMLOLQHKFFAV17DA,16,163.10,住家用,鋼筋混凝土造,88年7月8日,二層,一層 二層
RPRNMLKLQHKFFAV86CA,43,132.02,住商用,見其他登記事項,61年1月15日,二層,一層 二層 騎樓
RPSNMLNJRHKFFAV17CA,30,172.50,住家用,加強磚造,74年12月2日,二層,一層 二層 騎樓
RPQNMLOLQHKFFAV17CA,,41.60,住家用,木造,,一層,一層
RPVNMLLMQHKFFAV47CA,20,99.47,見其他登記事項,鋼筋混凝土造,84年12月20日,七層,五層
RPVNMLLMQHKFFAV47CA,,36.25,見其他登記事項,鋼筋混凝土造,,七層,
RPUNMLLLQHKFFAV27CA,10,216.00,住家用,見其他登記事項,94年6月3日,三層,一層 二層 三層
RPVNMLOLQHKFFAV77DA,21,325.96,住家用,鋼筋混凝土造,84年1月11日,四層,一層 二層 三層 四層 騎樓
RPQNMLPLQHKFFAV27CA,,120.58,住家用,見其他登記事項,104年6月15日,三層,三層 一層 二層
RPQNMLPLQHKFFAV27CA,,120.58,住家用,見其他登記事項,104年6月15日,三層,一層 二層 三層
RPTNMLLLQHKFFAV17CA,20,102.27,見其他登記事項,鋼筋混凝土造,84年7月6日,四層,四層
RPTNMLLLQHKFFAV17CA,20,.58,見其他登記事項,鋼筋混凝土造,84年7月6日,,
RPTNMLLLQHKFFAV17CA,20,.59,見其他登記事項,鋼筋混凝土造,84年7月6日,,
RPTNMLLLQHKFFAV17CA,20,.58,見其他登記事項,鋼筋混凝土造,84年7月6日,,
RPTNMLLLQHKFFAV17CA,20,.59,見其他登記事項,鋼筋混凝土造,84年7月6日,,
RPTNMLLLQHKFFAV17CA,20,.58,見其他登記事項,鋼筋混凝土造,84年7月6日,,
RPTNMLLLQHKFFAV17CA,20,.59,見其他登記事項,鋼筋混凝土造,84年7月6日,,
RPTNMLLLQHKFFAV17CA,20,.59,見其他登記事項,鋼筋混凝土造,84年7月6日,,
RPTNMLLLQHKFFAV17CA,20,.59,見其他登記事項,鋼筋混凝土造,84年7月6日,,
RPTNMLLLQHKFFAV17CA,20,8.79,見其他登記事項,鋼筋混凝土造,84年7月6日,四層,
RPTNMLLLQHKFFAV17CA,20,.59,見其他登記事項,鋼筋混凝土造,84年7月6日,,
RPTNMLLLQHKFFAV17CA,20,.58,見其他登記事項,鋼筋混凝土造,84年7月6日,,
RPTNMLLLQHKFFAV17CA,20,1.45,見其他登記事項,鋼筋混凝土造,84年7月6日,四層,
RPTNMLLLQHKFFAV17CA,20,.58,見其他登記事項,鋼筋混凝土造,84年7月6日,,
RPTNMLLLQHKFFAV17CA,20,.59,見其他登記事項,鋼筋混凝土造,84年7月6日,,
RPTNMLLLQHKFFAV17CA,20,.58,見其他登記事項,鋼筋混凝土造,84年7月6日,,
RPTNMLLLQHKFFAV17CA,20,.59,見其他登記事項,鋼筋混凝土造,84年7月6日,,
RPQNMLRJRHKFFCV57CA,64,22.65,住家用,見其他登記事項,,一層,一層
RPRNMLRLQHKFFDV87CA,17,35.30,商業用,鋼筋混凝土造,87年3月6日,十層,三層
RPRNMLRLQHKFFDV87CA,17,1.12,見其他登記事項,鋼筋混凝土造,87年3月6日,十五層,
RPRNMLRLQHKFFDV87CA,17,5.57,見其他登記事項,鋼筋混凝土造,87年3月6日,十層,
RPRNMLRLQHKFFDV87CA,17,7.21,見其他登記事項,鋼筋混凝土造,87年3月6日,十五層,
RPVNMLPLQHKFFAV87DA,30,115.20,住家用,加強磚造,75年1月30日,二層,一層 二層
RPQNMLRLQHKFFDV77CA,17,35.30,商業用,鋼筋混凝土造,87年3月6日,十五層,六層
RPQNMLRLQHKFFDV77CA,17,1.12,見其他登記事項,鋼筋混凝土造,87年3月6日,十五層,
RPQNMLRLQHKFFDV77CA,17,7.21,見其他登記事項,鋼筋混凝土造,87年3月6日,十五層,
RPQNMLRLQHKFFDV77CA,17,5.57,見其他登記事項,鋼筋混凝土造,87年3月6日,十層,
RPSNMLPLQHKFFBV57CA,28,146.71,農舍,加強磚造,76年11月13日,二層,一層 二層
RPTNMLQLQHKFFAV67CA,28,379.15,見其他登記事項,鋼筋混凝土造,76年10月6日,三層,一層 二層 三層 騎樓 地下層
RPPOMLOLQHKFFAV17CA,32,93.83,見其他登記事項,鋼筋混凝土造,72年10月19日,四層,三層
RPPOMLOLQHKFFAV17CA,,4.78,見其他登記事項,見其他登記事項,,四層,
RPQNMLOJQHKFFAV27CD,32,77.69,見其他登記事項,鋼筋混凝土造,72年10月19日,四層,三層
RPQNMLOJQHKFFAV27CD,,4.78,見其他登記事項,見其他登記事項,,四層,
RPQOMLPLQHKFFAV37CA,,183.85,住家用,見其他登記事項,104年5月28日,三層,一層 二層 三層
RPWNMLPLQHKFFAV87CA,,175.27,住家用,見其他登記事項,104年5月28日,三層,一層 二層 三層
RPWNMLRLQHKFFAV08CA,,178.11,住家用,見其他登記事項,104年5月28日,三層,一層 二層 三層
RPRNMLRLQHKFFAV67DA,42,47.05,住家用,見其他登記事項,62年7月31日,一層,一層 騎樓
RPQNMLRLQHKFFAV47CA,,238.60,住家用,見其他登記事項,104年6月15日,三層,一層 二層 三層
RPRNMLLJRHKFFAV86CA,21,187.61,住家用,鋼筋混凝土造,83年9月9日,三層,二層 一層 三層
RPPNMLRLQHKFFAV37CA,22,27.19,見其他登記事項,鋼筋混凝土造,82年5月22日,十二層,十層
RPPNMLRLQHKFFAV37CA,22,3.45,共有部分,鋼筋混凝土造,82年5月22日,十二層,
RPPNMLRLQHKFFAV37CA,22,7.26,見其他登記事項,鋼筋混凝土造,82年5月22日,十二層,
RPPNMLKKRHKFFBV86DA,30,125.53,住家用,加強磚造,74年5月22日,二層,一層 二層 騎樓
SPUOMLTJRHKFFAV18CA,1,271.92,住家用,見其他登記事項,103年11月21日,四層,一層 二層 三層 四層
RPVNMLRLQHKFFAV97CA,19,88.17,見其他登記事項,鋼筋混凝土造,85年6月28日,九層,九層
RPVNMLRLQHKFFAV97CA,19,9.21,見其他登記事項,鋼筋混凝土造,85年6月28日,九層,
RPVNMLRLQHKFFAV97CA,19,9.85,見其他登記事項,鋼筋混凝土造,85年6月28日,九層,
RPUOMLTJRHKFFAV08CA,1,272.05,住家用,見其他登記事項,103年11月21日,四層,一層 二層 三層 四層
RPQOMLLJRHKFFAV96DA,31,125.52,住家用,加強磚造,73年9月18日,二層,一層 二層 騎樓
RPOOMLOKRHKFFAV07CA,14,83.26,見其他登記事項,見其他登記事項,90年3月21日,二層,一層 二層 騎樓
RPQOMLOKRHKFFAV27CA,,57.20,住家用,木造,,一層,一層
RPQOMLOKRHKFFAV27CA,41,372.07,住商用,見其他登記事項,63年5月3日,三層,一層 二層 三層 騎樓 地下層
RPPNMLOJRHKFFBV07CA,21,132.94,住家用,加強磚造,84年1月13日,二層,一層 二層
RPSNMLNJRHKFFBV27CA,17,107.89,住家用,鋼筋混凝土造,87年12月17日,五層,四層
RPSNMLNJRHKFFBV27CA,17,48.66,共有部分,鋼筋混凝土造,87年12月17日,五層,
RPVNMLTJRHKFFAV08CA,33,128.88,住家用,加強磚造,71年6月11日,二層,一層 二層 騎樓
RPPOMLLMQHKFFAV96CA,19,177.49,住家用,鋼筋混凝土造,85年4月20日,三層,二層 三層 一層
RPOOMLLJRHKFFAV66CA,22,157.78,住家用,鋼筋混凝土造,82年3月18日,三層,一層 三層 二層
RPSNMLMJRHKFFAV17DA,23,149.18,住家用,加強磚造,81年10月17日,二層,一層 二層
RPXNMLLJRHKFFAV57DA,39,192.89,住家用,見其他登記事項,65年6月7日,三層,地下層 一層 二層 三層 騎樓
RPTNMLNJRHKFFAV37DA,9,78.30,見其他登記事項,鋼筋混凝土造,95年3月10日,十層,一層 夾層
RPTNMLNJRHKFFAV37DA,9,56.87,見其他登記事項,鋼筋混凝土造,95年3月10日,十層,
RPWNMLMJRHKFFAV47CA,12,156.71,住家用,鋼筋混凝土造,93年1月12日,三層,一層 二層 三層
RPTNMLMJRHKFFAV17CA,1,215.57,見其他登記事項,見其他登記事項,103年1月23日,三層,一層 二層 三層 見其他登記事項
RPUOMLOKRHKFFAV67CA,35,121.80,住家用,鋼筋混凝土加強磚造,69年12月26日,二層,一層 二層 騎樓
RPXNMLTJRHKFFAV28CA,38,21.84,住商用,鋼筋混凝土造,66年12月15日,二層,一層 二層 騎樓
RPRNMLNJRHKFFBV17CA,41,126.48,住家用,加強磚造,64年2月15日,二層,一層 二層 騎樓
RPTNMLNJRHKFFBV37CA,29,99.62,見其他登記事項,加強磚造,75年10月30日,二層,一層 二層
RPUNMLTJRHKFFAV97CA,20,167.55,住家用,見其他登記事項,84年7月13日,三層,一層 二層 三層
RPSNMLTJRHKFFAV77CA,19,262.20,見其他登記事項,鋼筋混凝土造,85年5月23日,四層,一層 二層 三層 四層 騎樓
RPUNMLNJRHKFFAV37CA,37,91.80,住家用,加強磚造,67年6月21日,二層,一層 二層
RPQNMLRJRHKFFBV57DA,34,52.25,住家用,加強磚造,70年7月15日,一層,一層
RPVNMLOJRHKFFAV57CA,11,203.37,住家用,鋼筋混凝土造,93年12月17日,三層,一層 二層 三層
RPPNMLSKRHKFFAV47CA,1,337.80,住家用,見其他登記事項,103年12月5日,三層,一層 二層 三層
RPSOMLOKRHKFFAV47CA,32,100.53,見其他登記事項,鋼筋混凝土造,72年2月9日,四層,三層
RPSOMLOKRHKFFAV47CA,32,.99,見其他登記事項,鋼筋混凝土造,72年2月9日,四層,
RPSOMLOKRHKFFAV47CA,32,1.15,見其他登記事項,鋼筋混凝土造,72年2月9日,四層,
RPSOMLOKRHKFFAV47CA,32,6.87,見其他登記事項,鋼筋混凝土造,72年2月9日,四層,
RPRNMLQKRHKFFAV47CA,35,76.92,住家用,加強磚造,69年4月21日,二層,一層 二層 騎樓
RPPNMLPJIIKFFAV88CA,41,46.92,住家用,見其他登記事項,63年7月12日,一層,一層
RPTNMLTJRHKFFAV87CA,19,157.70,住商用,鋼筋混凝土造,85年4月25日,三層,一層 二層 三層
RPUNMLKKRHKFFAV27DA,19,117.14,見其他登記事項,鋼筋混凝土造,85年12月21日,二層,一層 二層
RPWNMLOKRHKFFAV77CA,30,115.20,住家用,加強磚造,75年1月31日,二層,一層 二層
RPQOMLTJRHKFFAV67CA,36,151.76,商業用,加強磚造,69年1月23日,二層,二層 三層 地下層
RPQOMLTJRHKFFAV67CA,34,70.62,商業用,加強磚造,70年2月19日,一層,一層 騎樓
RPROMLKKRHKFFAV96CA,32,87.02,見其他登記事項,鋼筋混凝土造,72年9月23日,四層,三層
RPROMLKKRHKFFAV96CA,,4.83,見其他登記事項,鋼筋混凝土造,,四層,
RPTNMLRKRHKFFAV77CA,32,100.53,見其他登記事項,鋼筋混凝土造,72年2月9日,四層,三層
RPTNMLRKRHKFFAV77CA,32,.99,見其他登記事項,鋼筋混凝土造,72年2月9日,四層,
RPTNMLRKRHKFFAV77CA,32,1.15,見其他登記事項,鋼筋混凝土造,72年2月9日,四層,
RPTNMLRKRHKFFAV77CA,32,6.87,見其他登記事項,鋼筋混凝土造,72年2月9日,四層,
RPQNMLLLRHKFFAV96CA,20,66.25,見其他登記事項,鋼筋混凝土造,84年1月25日,十層,九層
RPQNMLLLRHKFFAV96CA,,1.81,見其他登記事項,鋼筋混凝土造,,十層,
RPQNMLLLRHKFFAV96CA,20,7.99,見其他登記事項,鋼筋混凝土造,84年1月25日,十層,
RPQNMLLLRHKFFAV96CA,20,1.93,見其他登記事項,鋼筋混凝土造,84年1月25日,十層,
RPQNMLLLRHKFFAV96CA,20,9.83,見其他登記事項,鋼筋混凝土造,84年1月25日,十層,
RPPOMLLLRHKFFAV96CA,22,102.22,見其他登記事項,鋼筋混凝土造,82年12月3日,四層,二層
RPPOMLLLRHKFFAV96CA,22,.25,見其他登記事項,鋼筋混凝土造,82年12月3日,四層,
RPPOMLLLRHKFFAV96CA,22,.24,見其他登記事項,鋼筋混凝土造,82年12月3日,四層,
RPPOMLLLRHKFFAV96CA,22,.24,見其他登記事項,鋼筋混凝土造,82年12月3日,四層,
RPPOMLLLRHKFFAV96CA,22,.25,見其他登記事項,鋼筋混凝土造,82年12月3日,四層,
RPPOMLLLRHKFFAV96CA,22,.24,見其他登記事項,鋼筋混凝土造,82年12月3日,四層,
RPPOMLLLRHKFFAV96CA,22,.24,見其他登記事項,鋼筋混凝土造,82年12月3日,四層,
RPPOMLLLRHKFFAV96CA,22,3.49,見其他登記事項,鋼筋混凝土造,82年12月3日,四層,
RPPOMLLLRHKFFAV96CA,22,.67,見其他登記事項,鋼筋混凝土造,82年12月3日,四層,
RPPOMLLLRHKFFAV96CA,22,.25,見其他登記事項,鋼筋混凝土造,82年12月3日,四層,
RPPOMLLLRHKFFAV96CA,22,.24,見其他登記事項,鋼筋混凝土造,82年12月3日,四層,
RPPOMLLLRHKFFAV96CA,22,.25,見其他登記事項,鋼筋混凝土造,82年12月3日,四層,
RPPOMLLLRHKFFAV96CA,22,.24,見其他登記事項,鋼筋混凝土造,82年12月3日,四層,
RPPOMLLLRHKFFAV96CA,22,.24,見其他登記事項,鋼筋混凝土造,82年12月3日,四層,
RPPOMLLLRHKFFAV96CA,22,.24,見其他登記事項,鋼筋混凝土造,82年12月3日,四層,
RPPOMLLLRHKFFAV96CA,22,.24,見其他登記事項,鋼筋混凝土造,82年12月3日,四層,
RPPOMLLLRHKFFAV96CA,22,.24,見其他登記事項,鋼筋混凝土造,82年12月3日,四層,
RPPOMLLLRHKFFAV96CA,22,.24,見其他登記事項,鋼筋混凝土造,82年12月3日,四層,
RPPOMLLLRHKFFAV96CA,22,2.20,見其他登記事項,鋼筋混凝土造,82年12月3日,四層,
RPPOMLLLRHKFFAV96CA,22,.25,見其他登記事項,鋼筋混凝土造,82年12月3日,四層,
RPPOMLLLRHKFFAV96CA,22,.24,見其他登記事項,鋼筋混凝土造,82年12月3日,四層,
RPPOMLLLRHKFFAV96CA,22,.24,見其他登記事項,鋼筋混凝土造,82年12月3日,四層,
RPPOMLLLRHKFFAV96CA,22,.24,見其他登記事項,鋼筋混凝土造,82年12月3日,四層,
RPPOMLLLRHKFFAV96CA,22,.24,見其他登記事項,鋼筋混凝土造,82年12月3日,四層,
RPPOMLLLRHKFFAV96CA,22,.25,見其他登記事項,鋼筋混凝土造,82年12月3日,四層,
RPPOMLLLRHKFFAV96CA,22,.24,見其他登記事項,鋼筋混凝土造,82年12月3日,四層,
RPPOMLLLRHKFFAV96CA,22,.24,見其他登記事項,鋼筋混凝土造,82年12月3日,四層,
RPPOMLLLRHKFFAV96CA,22,.24,見其他登記事項,鋼筋混凝土造,82年12月3日,四層,
RPPOMLLLRHKFFAV96CA,22,.24,見其他登記事項,鋼筋混凝土造,82年12月3日,四層,
RPPOMLLLRHKFFAV96CA,22,.25,見其他登記事項,鋼筋混凝土造,82年12月3日,四層,
RPPOMLLLRHKFFAV96CA,22,.25,見其他登記事項,鋼筋混凝土造,82年12月3日,四層,
RPPOMLLLRHKFFAV96CA,22,.24,見其他登記事項,鋼筋混凝土造,82年12月3日,四層,
RPPOMLLLRHKFFAV96CA,22,.67,見其他登記事項,鋼筋混凝土造,82年12月3日,四層,
RPPOMLLLRHKFFAV96CA,22,.24,見其他登記事項,鋼筋混凝土造,82年12月3日,四層,
RPPOMLLLRHKFFAV96CA,22,.24,見其他登記事項,鋼筋混凝土造,82年12月3日,四層,
RPUNMLLKRHKFFAV27CA,32,91.64,見其他登記事項,鋼筋混凝土造,72年2月22日,四層,二層
RPUNMLLKRHKFFAV27CA,32,6.83,見其他登記事項,鋼筋混凝土造,72年2月22日,四層,
RPRNMLLKRHKFFBV17DA,34,78.18,國民住宅,鋼筋混凝土加強磚造,70年7月14日,二層,一層 二層
RPSNMLOKRHKFFCV67DA,32,103.45,見其他登記事項,加強磚造,72年6月14日,二層,一層 二層 騎樓 見其他登記事項
RPQOMLPJIIKFFAV09CA,9,216.85,見其他登記事項,見其他登記事項,95年10月4日,三層,一層 二層 三層 騎樓
RPVNMLPKRHKFFAV77CA,39,35.69,住家用,見其他登記事項,65年7月15日,一層,一層
RPPNMLPJIIKFFDV56CA,21,31.54,見其他登記事項,鋼筋混凝土造,83年9月30日,八層,四層
RPPNMLPJIIKFFDV56CA,21,6.07,見其他登記事項,鋼筋混凝土造,83年9月30日,八層,
RPXNMLPJIIKFFAV07CA,9,214.27,見其他登記事項,見其他登記事項,95年10月4日,三層,一層 二層 三層 騎樓
RPPNMLLLRHKFFCV07CA,,131.34,見其他登記事項,木造,,一層,
RPPNMLPKRHKFFCV47DA,35,125.44,住商用,見其他登記事項,69年3月19日,二層,一層 二層 騎樓
RPSNMLLJIIKFFAV78CA,,244.90,見其他登記事項,見其他登記事項,104年4月20日,三層,一層 二層 三層
RPPNMLPKRHKFFBV37DA,21,216.07,住商用,鋼筋混凝土造,84年1月25日,三層,一層 二層 三層 騎樓
RPVNMLQKRHKFFAV87CA,20,88.18,見其他登記事項,鋼骨混凝土造,84年9月26日,七層,六層
RPRNMLPKRHKFFAV37CA,22,95.83,見其他登記事項,鋼筋混凝土造,82年8月14日,七層,七層
RPRNMLPKRHKFFAV37CA,22,15.07,見其他登記事項,鋼筋混凝土造,82年8月14日,七層,
RPRNMLPKRHKFFAV37CA,22,1.47,見其他登記事項,鋼筋混凝土造,82年8月14日,七層,
RPRNMLPKRHKFFAV37CA,22,9.48,見其他登記事項,鋼筋混凝土造,82年8月14日,七層,
RPTNMLQKRHKFFAV67CA,43,100.82,住家用,見其他登記事項,62年1月30日,二層,一層 二層 騎樓
RPQNMLQKRHKFFAV37CA,17,103.96,住家用,鋼筋混凝土造,87年5月11日,四層,四層
RPQNMLQKRHKFFAV37CA,17,8.12,見其他登記事項,鋼筋混凝土造,87年5月11日,四層,
RPPNMLQKRHKFFAV27CA,35,96.30,住家用,加強磚造,69年4月21日,二層,一層 二層
RPVNMLQKIIKFFAV07CA,1,250.11,見其他登記事項,見其他登記事項,103年8月4日,四層,一層 二層 三層 四層 騎樓
RPRNMLKLRHKFFAV96CA,43,13.96,住家用,見其他登記事項,61年8月1日,一層,一層 騎樓
RPPNMLKLRHKFFAV76CA,43,13.96,住家用,見其他登記事項,61年8月1日,一層,一層 騎樓
RPRNMLLLRHKFFAV07CA,21,194.34,住商用,鋼筋混凝土造,83年10月4日,四層,一層 二層 三層 四層 騎樓
RPSNMLQKRHKFFAV57CA,20,131.98,住家用,鋼筋混凝土造,84年12月4日,十六層,四層
RPSNMLQKRHKFFAV57CA,20,44.99,見其他登記事項,鋼筋混凝土造,84年12月4日,十六層,
RPQNMLKLRHKFFAV86CA,43,13.96,住家用,見其他登記事項,61年8月1日,一層,一層 騎樓
RPTNMLOKIIKFFAV66CA,22,25.95,見其他登記事項,鋼筋混凝土造,82年8月14日,七層,二層
RPTNMLOKIIKFFAV66CA,22,3.92,見其他登記事項,鋼筋混凝土造,82年8月14日,七層,
RPTNMLOKIIKFFAV66CA,22,.38,見其他登記事項,鋼筋混凝土造,82年8月14日,七層,
RPTNMLOKIIKFFAV66CA,22,2.46,見其他登記事項,鋼筋混凝土造,82年8月14日,七層,
SPPNMLSKRHKFFDV87CA,21,31.54,見其他登記事項,鋼筋混凝土造,83年9月30日,八層,八層
SPPNMLSKRHKFFDV87CA,21,6.07,見其他登記事項,鋼筋混凝土造,83年9月30日,八層,
RPPNMLSKRHKFFDV77CA,21,31.54,見其他登記事項,鋼筋混凝土造,83年9月30日,八層,八層
RPPNMLSKRHKFFDV77CA,21,6.07,見其他登記事項,鋼筋混凝土造,83年9月30日,八層,
RPPNMLRKRHKFFDV67CA,40,67.04,住商用,見其他登記事項,64年12月19日,二層,一層 二層
RPSNMLKLRHKFFAV07CA,43,13.96,住家用,見其他登記事項,61年8月1日,一層,一層 騎樓
RPUNMLMJIIKFFAV09CA,1,239.89,見其他登記事項,見其他登記事項,104年7月15日,三層,一層 二層 三層 見其他登記事項
RPQNMLMLRHKFFAV17DA,22,95.83,見其他登記事項,鋼筋混凝土造,82年8月14日,七層,六層
RPQNMLMLRHKFFAV17DA,22,15.07,見其他登記事項,鋼筋混凝土造,82年8月14日,七層,
RPQNMLMLRHKFFAV17DA,22,1.47,見其他登記事項,鋼筋混凝土造,82年8月14日,七層,
RPQNMLMLRHKFFAV17DA,22,9.48,見其他登記事項,鋼筋混凝土造,82年8月14日,七層,
RPRNMLMJIIKFFAV78CA,20,217.27,住商用,鋼筋混凝土造,84年11月8日,三層,一層 二層 三層 騎樓
RPTNMLSKRHKFFAV87CA,22,27.42,見其他登記事項,鋼筋混凝土造,82年10月19日,七層,二層
RPTNMLSKRHKFFAV87CA,22,7.45,見其他登記事項,鋼筋混凝土造,82年10月19日,七層,
RPTNMLSKRHKFFAV87CA,22,2.98,見其他登記事項,鋼筋混凝土造,82年10月19日,七層,
RPVNMLMJIIKFFAV56CA,1,243.74,見其他登記事項,見其他登記事項,104年7月15日,三層,一層 二層 三層 見其他登記事項
RPPNMLSLRHKFFDV87CA,21,31.54,見其他登記事項,鋼筋混凝土造,83年9月30日,八層,六層
RPPNMLSLRHKFFDV87CA,21,6.07,見其他登記事項,鋼筋混凝土造,83年9月30日,八層,
RPQNMLSLRHKFFDV97CA,21,31.54,見其他登記事項,鋼筋混凝土造,83年9月30日,八層,六層
RPQNMLSLRHKFFDV97CA,21,6.07,見其他登記事項,鋼筋混凝土造,83年9月30日,八層,
RPXNMLLLRHKFFAV67CA,19,115.31,見其他登記事項,鋼筋混凝土造,85年12月12日,七層,四層
RPXNMLLLRHKFFAV67CA,19,56.58,見其他登記事項,鋼筋混凝土造,85年12月12日,一層,
RPXNMLLLRHKFFAV67CA,19,31.91,見其他登記事項,鋼筋混凝土造,85年12月12日,七層,
RPSNMLMLRHKFFAV27CA,21,13.80,見其他登記事項,鋼筋混凝土造,83年2月25日,十二層,
RPSNMLMLRHKFFAV27CA,21,96.34,見其他登記事項,鋼筋混凝土造,83年2月25日,十二層,八層
RPSNMLMLRHKFFAV27CA,21,12.96,見其他登記事項,鋼筋混凝土造,83年2月25日,十二層,
RPRNMLMLRHKFFAV17CA,20,73.96,見其他登記事項,鋼筋混凝土造,84年6月1日,五層,五層
RPRNMLMLRHKFFAV17CA,20,8.51,見其他登記事項,鋼筋混凝土造,84年6月1日,五層,
RPRNMLMLRHKFFAV17CA,20,1.06,見其他登記事項,鋼筋混凝土造,84年6月1日,五層,
RPQNMLLJIIKFFAV58CA,19,22.89,見其他登記事項,鋼筋混凝土造,85年11月13日,七層,三層
RPQNMLLJIIKFFAV58CA,19,5.40,見其他登記事項,鋼筋混凝土造,85年11月13日,七層,
RPQNMLLJIIKFFAV58CA,19,8.54,見其他登記事項,鋼筋混凝土造,85年11月13日,七層,
RPVNMLKMRHKFFAV47CA,,413.20,見其他登記事項,見其他登記事項,104年7月15日,三層,一層 二層 三層 騎樓 見其他登記事項
RPSNMLNLRHKFFAV37CA,20,278.83,見其他登記事項,鋼筋混凝土造,84年12月11日,三層,一層 二層 三層 地下層
RPSNMLNLRHKFFAV37CA,20,34.65,見其他登記事項,鋼筋混凝土造,84年12月11日,三層,
RPTNMLQJIIKFFAV76CA,30,54.39,住家用,加強磚造,75年1月20日,一層,一層
RPUNMLMLRHKFFAV47CA,37,131.86,住家用,加強磚造,67年11月22日,二層,一層 二層
RPWNMLLJIIKFFAV56CA,,38.42,住家用,見其他登記事項,,一層,騎樓 一層
RPWNMLLJIIKFFAV56CA,44,72.54,住家用,見其他登記事項,60年12月30日,三層,一層 二層 三層
RPPNMLOJIIKFFAV78CA,,204.82,住家用,見其他登記事項,104年5月4日,三層,一層 二層 三層
RPRNMLMLIIKFFAV98CA,2,220.88,住家用,見其他登記事項,102年4月2日,三層,二層 三層 一層
RPQNMLMLIIKFFAV88CA,2,226.50,住家用,見其他登記事項,102年4月2日,三層,一層 二層 三層
RPUNMLKMRHKFFAV37CA,43,55.70,住家用,見其他登記事項,61年9月1日,一層,一層 騎樓
RPPNMLPJIIKFFCV09CA,23,226.59,住家用,鋼筋混凝土造,81年8月3日,三層,一層 二層 三層
RPSNMLPJIIKFFAV56CA,19,194.50,見其他登記事項,鋼筋混凝土造,85年6月19日,四層,一層 二層 三層 四層
RPPNMLKMRHKFFDV17CA,20,33.25,見其他登記事項,鋼筋混凝土造,84年7月14日,八層,三層
RPPNMLKMRHKFFDV17CA,20,8.26,見其他登記事項,鋼筋混凝土造,84年7月14日,八層,
RPPNMLMJIIKFFAV58CA,22,161.64,住家用,鋼筋混凝土造,82年10月22日,三層,一層 二層 三層
RPPNMLQJIIKFFDV66CA,20,33.12,見其他登記事項,鋼筋混凝土造,84年7月14日,八層,一層
RPPNMLQJIIKFFDV66CA,20,8.26,見其他登記事項,鋼筋混凝土造,84年7月14日,八層,
RPPOMLLJIIKFFAV58CA,1,236.76,見其他登記事項,見其他登記事項,104年7月20日,三層,一層 二層 三層 見其他登記事項
RPRNMLPJIIKFFDV76CA,22,37.61,住家用,鋼筋混凝土造,82年12月31日,五層,三層
RPRNMLPJIIKFFDV76CA,22,11.86,見其他登記事項,鋼筋混凝土造,82年12月31日,五層,
RPUNMLLJIIKFFBV09CA,1,67.82,見其他登記事項,見其他登記事項,103年10月6日,一層,一層 騎樓
RPXNMLLJIIKFFAV66CA,33,80.52,住家用,鋼筋混凝土加強磚造,71年10月20日,四層,一層
RPPNMLLJIIKFFAV48CA,31,91.99,住家用,加強磚造,73年4月3日,二層,一層 二層
RPUNMLRJIIKFFAV96CA,21,109.58,見其他登記事項,鋼筋混凝土造,84年2月17日,八層,二層
RPUNMLRJIIKFFAV96CA,21,19.35,見其他登記事項,鋼筋混凝土造,84年2月17日,八層,
RPUNMLRJIIKFFAV96CA,21,14.08,見其他登記事項,鋼筋混凝土造,84年2月17日,八層,
RPSNMLMJIIKFFAV88CA,17,189.17,住家用,鋼筋混凝土造,87年12月16日,三層,一層 二層 三層
RPOOMLQJIIKFFAV98CA,19,137.21,住家用,鋼筋混凝土造,86年1月23日,三層,一層 二層 三層
RPRNMLRJIIKFFAV66CA,22,43.88,見其他登記事項,鋼筋混凝土造,82年10月19日,七層,一層 騎樓
RPRNMLRJIIKFFAV66CA,22,13.14,見其他登記事項,鋼筋混凝土造,82年10月19日,七層,
RPRNMLRJIIKFFAV66CA,22,5.26,見其他登記事項,鋼筋混凝土造,82年10月19日,七層,
RPRNMLRJIIKFFAV66CA,22,53.13,見其他登記事項,鋼筋混凝土造,82年10月19日,七層,一層
RPRNMLRJIIKFFAV66CA,22,14.31,見其他登記事項,鋼筋混凝土造,82年10月19日,七層,
RPRNMLRJIIKFFAV66CA,22,5.73,見其他登記事項,鋼筋混凝土造,82年10月19日,七層,
RPWNMLLLIIKFFAV76CA,32,85.95,住家用,鋼筋混凝土造,73年1月30日,四層,二層
RPWNMLLLIIKFFAV76CA,32,9.75,見其他登記事項,鋼筋混凝土造,73年1月30日,四層,
RPXNMLQJIIKFFAV17CA,,281.30,住家用,見其他登記事項,104年4月8日,三層,一層 二層 三層
RPSNMLRJIIKFFAV76CA,,236.76,見其他登記事項,見其他登記事項,104年7月20日,三層,一層 二層 三層 見其他登記事項
RPQNMLQJIIKFFAV09CA,35,107.93,住家用,加強磚造,69年3月19日,二層,一層 二層 騎樓
RPTNMLMLIIKFFAV56CA,22,65.51,見其他登記事項,鋼筋混凝土造,83年1月26日,七層,三層
RPTNMLMLIIKFFAV56CA,22,1.66,共有部分,鋼筋混凝土造,83年1月26日,七層,
RPTNMLMLIIKFFAV56CA,22,1.66,共有部分,鋼筋混凝土造,83年1月26日,七層,
RPTNMLMLIIKFFAV56CA,22,1.66,共有部分,鋼筋混凝土造,83年1月26日,七層,
RPTNMLMLIIKFFAV56CA,22,1.66,共有部分,鋼筋混凝土造,83年1月26日,七層,
RPTNMLMLIIKFFAV56CA,22,1.66,共有部分,鋼筋混凝土造,83年1月26日,七層,
RPTNMLMLIIKFFAV56CA,22,1.67,共有部分,鋼筋混凝土造,83年1月26日,七層,
RPTNMLMLIIKFFAV56CA,22,1.66,共有部分,鋼筋混凝土造,83年1月26日,七層,
RPTNMLMLIIKFFAV56CA,22,12.57,共有部分,鋼筋混凝土造,83年1月26日,七層,
RPWNMLRJIIKFFAV27DA,37,86.58,住家用,加強磚造,67年11月9日,二層,一層 二層
RPQNMLMKIIKFFAV78CA,19,90.40,住家用,鋼筋混凝土造,85年6月28日,七層,二層
RPQNMLMKIIKFFAV78CA,19,8.93,見其他登記事項,鋼筋混凝土造,85年6月28日,七層,
RPQNMLMKIIKFFAV78CA,19,6.12,見其他登記事項,鋼筋混凝土造,85年6月28日,七層,
RPQNMLMKIIKFFAV78CA,19,3.99,見其他登記事項,鋼筋混凝土造,85年6月28日,七層,
RPQNMLMKIIKFFAV78CA,19,16.01,見其他登記事項,鋼筋混凝土造,85年6月28日,七層,
RPWNMLTKIIKFFAV57DA,21,57.48,見其他登記事項,鋼筋混凝土造,83年4月19日,十四層,十層
RPROMLSJIIKFFAV86CA,12,76.70,住家用,鋼筋混凝土造,93年2月16日,三層,一層 二層 三層
RPWNMLTKIIKFFAV57DA,21,17.83,見其他登記事項,鋼筋混凝土造,83年4月19日,十四層,
RPROMLSJIIKFFAV86CA,12,76.70,住家用,鋼筋混凝土造,93年2月16日,三層,一層 二層 三層
RPQNMLQKIIKFFAV56CA,20,119.27,農舍,加強磚造,84年5月9日,二層,一層 二層
RPQNMLQKIIKFFAV56CA,20,59.63,農舍,加強磚造,84年5月9日,二層,一層 二層
RPXNMLSJIIKFFAV47DA,22,111.88,見其他登記事項,見其他登記事項,82年8月17日,七層,三層
RPXNMLSJIIKFFAV47DA,22,7.41,見其他登記事項,鋼筋混凝土造,82年8月17日,七層,
RPXNMLSJIIKFFAV47DA,22,4.55,見其他登記事項,鋼筋混凝土造,82年8月17日,七層,
RPXNMLSJIIKFFAV47DA,22,5.41,見其他登記事項,鋼筋混凝土造,82年8月17日,七層,
RPXNMLSJIIKFFAV47DA,22,16.01,見其他登記事項,鋼筋混凝土造,82年8月17日,七層,
RPPNMLMJJIKFFCV88CA,9,160.87,住家用,鋼筋混凝土造,95年7月21日,三層,一層 二層 三層 見其他登記事項
RPXNMLKKJIKFFAV76CA,3,257.01,住家用,見其他登記事項,102年2月8日,四層,一層 二層 三層 四層
RPQNMLSJIIKFFCV86CA,33,205.73,住商用,鋼筋混凝土造,71年10月26日,三層,一層 二層 三層 騎樓
RPOOMLKKJIKFFAV58CA,3,254.67,住家用,見其他登記事項,102年2月8日,三層,一層 二層 三層 屋頂突出物
RPQOMLKKJIKFFAV78CA,3,285.96,住家用,見其他登記事項,102年2月8日,三層,一層 二層 三層 屋頂突出物
RPPOMLKKJIKFFAV68CA,3,254.67,住家用,見其他登記事項,102年2月8日,三層,一層 二層 三層 屋頂突出物
RPUNMLQKIIKFFAV96CA,19,107.32,見其他登記事項,鋼筋混凝土造,85年6月21日,七層,七層
RPUNMLQKIIKFFAV96CA,19,9.52,見其他登記事項,鋼筋混凝土造,85年6月21日,七層,
RPUNMLQKIIKFFAV96CA,19,6.43,見其他登記事項,鋼筋混凝土造,85年6月21日,七層,
RPUNMLQKIIKFFAV96CA,19,7.25,見其他登記事項,鋼筋混凝土造,85年6月21日,七層,
RPUNMLQKIIKFFAV96CA,19,16.82,見其他登記事項,鋼筋混凝土造,85年6月21日,七層,
RPTNMLNKIIKFFAV56CA,22,110.40,住商用,見其他登記事項,82年4月21日,三層,一層 二層 三層
RPQNMLPKIIKFFAV09CA,29,121.27,住家用,加強磚造,75年10月8日,二層,一層 二層
RPPNMLOKIIKFFAV88CA,20,156.32,見其他登記事項,鋼筋混凝土造,84年5月16日,三層,一層 二層 三層
RPPNMLPKIIKFFAV09DA,21,100.22,見其他登記事項,鋼筋混凝土造,84年2月17日,八層,四層
RPPNMLPKIIKFFAV09DA,21,31.88,見其他登記事項,鋼筋混凝土造,84年2月17日,八層,
RPPNMLPKIIKFFAV09DA,21,12.74,見其他登記事項,鋼筋混凝土造,84年2月17日,八層,
RPPNMLPKIIKFFCV66DA,6,199.47,見其他登記事項,鋼筋混凝土造,99年1月21日,二層,一層 二層
RPQNMLNKJIKFFCV56CA,10,108.91,見其他登記事項,鋼筋混凝土造,94年1月21日,七層,七層
RPQNMLNKJIKFFCV56CA,10,108.91,見其他登記事項,鋼筋混凝土造,94年1月21日,八層,八層
RPPNMLQKIIKFFAV09CA,27,159.39,住家用,加強磚造,77年9月20日,二層,一層 二層
RPRNMLQKIIKFFAV66CA,21,216.10,住家用,鋼筋混凝土造,83年10月26日,四層,一層 二層 三層 四層
RPPNMLNKJIKFFCV09CA,10,108.91,見其他登記事項,鋼筋混凝土造,94年1月21日,五層,五層
RPPNMLNKJIKFFCV09CA,10,108.91,見其他登記事項,鋼筋混凝土造,94年1月21日,六層,六層
RPSNMLPKIIKFFAV66CA,29,37.13,住家用,鋼筋混凝土造,75年10月7日,四層,四層
RPQNMLKLIIKFFAV68CA,8,215.43,住家用,見其他登記事項,96年7月12日,三層,一層 二層 三層
RPWNMLPKIIKFFAV07CA,19,25.66,見其他登記事項,鋼筋混凝土造,85年6月28日,九層,二層
RPWNMLPKIIKFFAV07CA,19,4.89,見其他登記事項,鋼筋混凝土造,85年6月28日,九層,
RPWNMLPKIIKFFAV07CA,19,3.01,見其他登記事項,鋼筋混凝土造,85年6月28日,九層,
RPQOMLLLIIKFFAV88CA,38,51.48,住家用,加強磚造,66年7月10日,一層,一層
RPPNMLMJJIKFFBV78CA,30,102.33,住家用,加強磚造,74年9月11日,二層,一層 二層
RPPNMLLLIIKFFBV78CA,34,38.34,住家用,加強磚造,70年5月1日,二層,一層 二層
RPUNMLNKJIKFFAV86DA,21,65.08,見其他登記事項,鋼筋混凝土造,84年2月17日,八層,六層
RPUNMLNKJIKFFAV86DA,21,4.45,見其他登記事項,鋼筋混凝土造,84年2月17日,八層,
RPUNMLNKJIKFFAV86DA,21,26.19,見其他登記事項,鋼筋混凝土造,84年2月17日,八層,
RPUNMLNKJIKFFAV86DA,21,9.05,見其他登記事項,鋼筋混凝土造,84年2月17日,八層,
RPRNMLNKJIKFFCV66CA,10,108.91,見其他登記事項,鋼筋混凝土造,94年1月21日,三層,三層
RPRNMLNKJIKFFCV66CA,10,108.91,見其他登記事項,鋼筋混凝土造,94年1月21日,四層,四層
RPQNMLTKIIKFFCV07CA,,115.71,住家用,加強磚造,,二層,一層 二層
RPPNMLNKJIKFFAV88CA,21,37.34,見其他登記事項,鋼筋混凝土造,84年3月27日,十層,二層
RPPNMLNKJIKFFAV88CA,21,7.63,見其他登記事項,鋼筋混凝土造,84年3月27日,十層,
RPUNMLTKIIKFFAV27CA,26,118.80,住家用,加強磚造,78年9月13日,二層,一層 二層
RPSNMLTKIIKFFAV07CA,3,184.66,住家用,見其他登記事項,101年12月17日,三層,一層 二層 三層
RPPNMLLLIIKFFAV68CA,52,76.44,住家用,見其他登記事項,53年2月10日,一層,一層 騎樓
RPVNMLTKIIKFFAV37CA,39,91.72,住家用,見其他登記事項,66年2月14日,二層,二層 一層
RPTNMLNKJIKFFAV76DA,21,61.21,見其他登記事項,鋼筋混凝土造,84年2月17日,八層,八層
RPTNMLNKJIKFFAV76DA,21,45.51,見其他登記事項,鋼筋混凝土造,84年2月17日,八層,
RPTNMLNKJIKFFAV76DA,21,25.62,見其他登記事項,鋼筋混凝土造,84年2月17日,八層,
RPTNMLNKJIKFFAV76DA,21,8.38,見其他登記事項,鋼筋混凝土造,84年2月17日,八層,
RPPNMLTKIIKFFAV86DA,19,9.21,見其他登記事項,鋼筋混凝土造,85年6月28日,九層,
RPPNMLTKIIKFFAV86DA,19,8.75,見其他登記事項,鋼筋混凝土造,85年6月28日,九層,
RPPNMLTKIIKFFAV86DA,19,88.17,見其他登記事項,鋼筋混凝土造,85年6月28日,九層,六層
RPQNMLTKIIKFFAV96DA,31,103.32,住家用,加強磚造,73年7月1日,二層,一層 二層
RPRNMLNJJIKFFAV98CA,,712.07,見其他登記事項,鋼筋混凝土造,,四層,一層 二層 三層 四層 騎樓 地下層
RPXNMLLLIIKFFAV86CA,38,128.31,住家用,加強磚造,67年2月14日,二層,一層 二層 騎樓
RPQNMLNLIIKFFAV98CA,19,16.82,見其他登記事項,鋼筋混凝土造,85年6月21日,七層,
RPQNMLNLIIKFFAV98CA,19,89.46,見其他登記事項,鋼筋混凝土造,85年6月21日,七層,五層
RPQNMLNLIIKFFAV98CA,19,5.87,見其他登記事項,鋼筋混凝土造,85年6月21日,七層,
RPQNMLNLIIKFFAV98CA,19,6.29,見其他登記事項,鋼筋混凝土造,85年6月21日,七層,
RPQNMLNLIIKFFAV98CA,19,8.85,見其他登記事項,鋼筋混凝土造,85年6月21日,七層,
RPTNMLNLIIKFFAV66CA,38,37.38,住家用,見其他登記事項,66年6月12日,一層,一層
RPUNMLNLIIKFFAV76CA,20,85.45,見其他登記事項,鋼筋混凝土造,84年12月20日,七層,二層
RPUNMLNLIIKFFAV76CA,,32.96,見其他登記事項,鋼筋混凝土造,,七層,
RPRNMLSKJIKFFAV96CA,,421.21,見其他登記事項,見其他登記事項,104年7月15日,三層,一層 二層 三層 騎樓 見其他登記事項
RPSNMLMLIIKFFAV56DA,34,97.18,住家用,加強磚造,70年4月17日,二層,一層 二層
RPPNMLPLIIKFFCV76DA,17,145.81,住家用,鋼筋混凝土造,87年8月7日,三層,一層 二層 三層
RPSNMLKKJIKFFAV98DA,35,121.26,住家用,加強磚造,69年5月24日,二層,一層 二層 騎樓
RPRNMLQLIIKFFAV76CA,22,105.34,住家用,鋼筋混凝土造,82年7月16日,七層,七層
RPRNMLQLIIKFFAV76CA,22,32.43,見其他登記事項,鋼筋混凝土造,82年7月16日,七層,
RPPNMLSLIIKFFCV96CA,7,186.97,見其他登記事項,鋼筋混凝土造,97年7月4日,三層,一層 二層 三層
RPOOMLMJJIKFFAV68CA,34,72.54,見其他登記事項,加強磚造,71年2月27日,二層,一層 二層 騎樓
RPPNMLTKJIKFFAV86CA,21,79.66,見其他登記事項,鋼筋混凝土造,84年1月25日,十層,三層
RPPNMLTKJIKFFAV86CA,21,2.26,見其他登記事項,鋼筋混凝土造,84年1月25日,十層,
RPPNMLTKJIKFFAV86CA,,2.14,見其他登記事項,鋼筋混凝土造,,十層,
RPPNMLTKJIKFFAV86CA,21,11.52,見其他登記事項,鋼筋混凝土造,84年1月25日,十層,
RPPNMLTKJIKFFAV86CA,21,9.44,見其他登記事項,鋼筋混凝土造,84年1月25日,十層,
RPQNMLTKJIKFFAV96CA,8,247.33,見其他登記事項,見其他登記事項,97年1月9日,三層,一層 二層 三層
RPQNMLSLIIKFFBV96CA,34,97.76,住家用,加強磚造,70年7月15日,二層,一層 二層
RPPNMLTLIIKFFCV17DA,33,110.08,住家用,加強磚造,71年12月20日,二層,一層 二層 騎樓
RPTNMLMJJIKFFCV66CA,,337.07,見其他登記事項,鋼筋混凝土造,104年9月16日,四層,一層 二層 三層 四層
RPPNMLLJJIKFFAV58CA,42,97.44,住家用,見其他登記事項,62年11月14日,二層,一層 二層
RPRNMLKMIIKFFAV88CA,39,119.33,住家用,見其他登記事項,65年7月31日,二層,一層 二層 騎樓
RPQNMLQJJIKFFAV56CA,8,240.50,見其他登記事項,見其他登記事項,96年10月12日,一層,一層
RPPNMLQJJIKFFDV86DA,21,33.46,見其他登記事項,鋼筋混凝土造,83年9月30日,八層,六層
RPPNMLQJJIKFFDV86DA,21,7.59,見其他登記事項,鋼筋混凝土造,83年9月30日,八層,
RPPNMLRKJIKFFAV66CA,,160.31,住家用,見其他登記事項,104年5月4日,二層,一層 二層
RPSNMLKMIIKFFAV98CA,20,213.18,住商用,鋼筋混凝土造,85年1月13日,四層,一層 二層 三層 四層 騎樓 停車場
RPSOMLTKJIKFFAV27CA,35,115.79,住家用,鋼筋混凝土造,69年10月30日,二層,一層 二層 騎樓
RPPNMLKMIIKFFAV68CA,11,223.77,住家用,鋼筋混凝土造,93年9月2日,三層,一層 二層 三層
RPQNMLNJJIKFFAV88CA,34,112.24,住家用,加強磚造,70年11月7日,二層,一層 二層 騎樓
RPROMLKKJIKFFAV88CA,17,63.35,見其他登記事項,鋼筋混凝土造,87年10月14日,七層,二層
RPROMLKKJIKFFAV88CA,17,9.59,見其他登記事項,鋼筋混凝土造,87年10月14日,七層,
RPROMLKKJIKFFAV88CA,17,14.51,見其他登記事項,鋼筋混凝土造,87年10月14日,七層,
RPTNMLMJJIKFFAV09CA,1,245.25,見其他登記事項,見其他登記事項,104年3月16日,三層,一層 二層 三層
