﻿編號,土地區段位置,土地移轉面積平方公尺,使用分區或編定
The serial number,land sector position,land shifting area square meter,the use zoning or compiles and checks
RPQNMLKMPHKFFBV17CD,田組段,66.37,非都市：鄉村區 ; 非都市編定：乙種建築用地
RPRNMLKMPHKFFBV27CD,和平南段,47.81,非都市：風景區 ; 非都市編定：農牧用地
RPQNMLSLQHKFFAV57CA,路頂段,464.25,非都市：特定農業區 ; 非都市編定：農牧用地
RPQNMLSLQHKFFAV57CA,路頂段,2057.74,非都市：特定農業區 ; 非都市編定：農牧用地
RPQNMLSLQHKFFAV57CA,路頂段,1886.73,非都市：特定農業區 ; 非都市編定：農牧用地
RPSNMLKKQHKFFBV17EA,三仙段,76.35,非都市：風景區 ; 非都市編定：農牧用地
RPSNMLKKQHKFFBV17EA,三仙段,4.98,非都市：風景區 ; 非都市編定：農牧用地
RPPNMLKMPHKFFBV07CD,八仙洞段,480.73,非都市：鄉村區 ; 非都市編定：乙種建築用地
RPPNMLKMPHKFFBV07CD,八仙洞段,60.98,非都市：鄉村區 ; 非都市編定：乙種建築用地
RPPNMLKMPHKFFBV07CD,八仙洞段,3801.10,非都市：風景區 ; 非都市編定：農牧用地
RPPNMLOJQHKFFAV96DA,豐工段,1238.13,都市：工
RPTNMLPJQHKFFAV37CA,南清段,8.36,都市：住
RPTNMLPJQHKFFAV37CA,南清段,.65,都市：其他
RPTNMLPJQHKFFAV37CA,南清段,.92,都市：住
RPTNMLPJQHKFFAV37CA,南清段,5.36,都市：其他
RPSNMLPLQHKFFAV47CA,光明段,55.00,都市：住
RPXNMLPJQHKFFAV77CA,馬蘭段,5.43,都市：住
RPRNMLOJQHKFFAV07CA,豐年段,5.00,都市：住
RPPNMLKKQHKFFBV66CA,北八里段,1133.20,非都市：風景區 ; 非都市編定：農牧用地
RPRNMLPLQHKFFDV67CA,秀山段,10.39,都市：住
RPRNMLPLQHKFFDV67CA,秀山段,.00,都市：住
RPOOMLPJQHKFFAV96CA,豐谷段,134.57,都市：住
RPPOMLQJQHKFFAV17CA,建華段,434.58,非都市：特定農業區 ; 非都市編定：農牧用地
RPPOMLQJQHKFFAV17CA,建華段,434.58,非都市：特定農業區 ; 非都市編定：農牧用地
RPQNMLKMQHKFFAV86CA,豐年段,180.02,都市：住
RPRNMLLKQHKFFCV07CA,豐泉段,119.24,都市：住
RPQNMLQJQHKFFAV17CA,台東段,51.96,都市：住
RPVNMLLLQHKFFAV37CA,台東段,47.00,都市：住
RPVNMLLLQHKFFAV37CA,台東段,152.00,都市：住
RPVNMLOJQHKFFAV47CA,利家段,89.00,非都市：特定農業區 ; 非都市編定：甲種建築用地
RPVNMLPJQHKFFAV57CA,豐年段,9.05,都市：其他
RPVNMLPJQHKFFAV57CA,豐年段,133.48,都市：住
RPVNMLPJQHKFFAV57CA,豐年段,35.06,都市：其他
RPRNMLKMQHKFFAV96CA,豐年段,174.23,都市：住
RPRNMLKMQHKFFAV96CA,豐年段,.47,都市：住
RPPNMLKKQHKFFAV56CA,常德段,6.60,都市：住
RPPNMLKKQHKFFAV56CA,常德段,128.61,都市：住
RPOOMLLMQHKFFAV86CA,中山段,12.00,都市：住
RPOOMLLMQHKFFAV86CA,中山段,72.00,都市：住
RPOOMLLMQHKFFAV86CA,中山段,17.00,都市：住
RPRNMLNKQHKFFDV37CA,蘭里段,160.00,非都市：鄉村區 ; 非都市編定：乙種建築用地
RPPNMLRJQHKFFBV37DA,和平南段,157.03,非都市：風景區 ; 非都市編定：交通用地
RPQNMLTJQHKFFCV77DA,鹿野段,1320.00,非都市：特定農業區 ; 非都市編定：農牧用地
RPSNMLOKQHKFFBV37CA,長光段,1682.48,非都市：鄉村區 ; 非都市編定：乙種建築用地
RPTNMLNKQHKFFCV57DA,南山段,276.35,非都市：一般農業區 ; 非都市編定：農牧用地
RPSNMLNJRHKFFDV47CA,北橋段,186.69,都市：住
RPPNMLKKQHKFFDV86CA,德其段,694.41,都市：農
RPPNMLKKQHKFFDV86CA,德其段,2606.98,非都市：森林區 ; 非都市編定：農牧用地
RPPNMLKKQHKFFDV86CA,泰德段,1905.99,非都市：一般農業區 ; 非都市編定：農牧用地
RPQNMLMKQHKFFAV86CA,台東段,10.39,都市：住
RPQNMLMKQHKFFAV86CA,台東段,4.87,都市：住
RPPNMLMKQHKFFCV96CA,溪埔段,352.25,非都市：一般農業區 ; 非都市編定：甲種建築用地
RPPNMLMKQHKFFCV96CA,溪埔段,224.53,非都市：一般農業區 ; 非都市編定：甲種建築用地
RPSNMLRJQHKFFAV47CA,豐康段,132.52,都市：住
RPQNMLRJQHKFFBV47DA,高台段,111.94,非都市：鄉村區 ; 非都市編定：乙種建築用地
RPQNMLRJQHKFFBV47DA,高台段,36.13,非都市：鄉村區 ; 非都市編定：乙種建築用地
RPQNMLRJQHKFFBV47DA,高台段,101.48,非都市：鄉村區 ; 非都市編定：乙種建築用地
RPQNMLOKQHKFFBV47CD,忠勇段,135.83,都市：住
RPPNMLRKQHKFFAV27CA,鎮樂段,7060.00,非都市：山坡地保育區 ; 非都市編定：農牧用地
RPSNMLQJQHKFFAV37CA,大業段,184.90,都市：住
RPTNMLQJQHKFFAV47CA,大業段,129.85,都市：住
RPSNMLQJQHKFFAV37CA,常德段,5.34,都市：住
RPTNMLKKQHKFFAV96CA,豐年段,9.00,都市：住
RPQNMLKKQHKFFAV66CA,台東段,74.00,都市：住
RPPNMLMKQHKFFAV76CA,上岩灣段,2509.18,都市：農
RPQNMLQLQHKFFCV57CA,南山段,1338.65,都市：住
RPQNMLNKQHKFFAV96CA,豐榮段,84.00,都市：住
RPVNMLKKQHKFFAV17CA,豐康段,143.05,都市：住
RPWNMLKKQHKFFAV27CA,豐康段,132.78,都市：住
RPQNMLLKQHKFFCV96CA,溪埔段,61.68,非都市：特定農業區 ; 非都市編定：農牧用地
RPUNMLNKQHKFFCV67DA,鹿野段,1488.00,非都市：特定農業區 ; 非都市編定：農牧用地
RPRNMLKKQHKFFAV86DA,路頂段,71.07,非都市：特定農業區 ; 非都市編定：甲種建築用地
RPQNMLMKQHKFFBV07DA,東柄段,756.76,非都市：風景區 ; 非都市編定：農牧用地
RPPNMLLJRHKFFCV86CA,慶福段,2490.31,都市：其他
RPUNMLKKQHKFFAV17DA,南王段,154.45,都市：住
RPUNMLOJRHKFFAV57DA,豐航段,106.40,都市：住
RPPNMLOKQHKFFAV96CA,青林段,7.92,都市：其他
RPPNMLMKQHKFFBV86CA,高原段,6605.00,非都市：森林區 ; 非都市編定：農牧用地
RPUNMLOKQHKFFBV57CA,八仙洞段,2928.22,非都市：風景區 ; 非都市編定：農牧用地
RPTNMLOKQHKFFBV47CA,新竹湖段,3016.59,非都市：風景區 ; 非都市編定：農牧用地
RPRNMLMKQHKFFAV96CA,台東段,153.00,都市：住
RPXNMLMKQHKFFAV57CA,豐里段,2620.54,非都市：特定農業區 ; 非都市編定：農牧用地
RPTNMLMKQHKFFAV17CA,利家段,3837.00,非都市：特定農業區 ; 非都市編定：農牧用地
RPSNMLLKQHKFFAV96CA,台東段,129.50,都市：住
RPSNMLLKQHKFFAV96CA,台東段,129.50,都市：住
RPSNMLLKQHKFFAV96CA,台東段,129.50,都市：住
RPSNMLLKQHKFFAV96CA,台東段,129.50,都市：住
RPRNMLTKQHKFFAV67CA,豐川段,3970.80,非都市：特定農業區 ; 非都市編定：農牧用地
RPSNMLLJRHKFFAV96CA,初鹿段,1224.00,非都市：特定農業區 ; 非都市編定：農牧用地
RPSNMLLJRHKFFAV96CA,初鹿段,1284.00,非都市：特定農業區 ; 非都市編定：農牧用地
RPWNMLPJQHKFFAV97CD,大豐段,4937.25,非都市：特定農業區 ; 非都市編定：農牧用地
RPRNMLLKQHKFFAV86CA,馬蘭段,47.31,都市：住
RPOOMLPJQHKFFAV27CD,大業段,145.84,都市：住
RPRNMLPJQHKFFAV47CD,富山段,1567.14,非都市：風景區 ; 非都市編定：農牧用地
RPTNMLPJQHKFFAV67CD,新生段,80.00,都市：住
RPTNMLPJQHKFFAV67CD,新生段,25.00,都市：其他
RPPNMLKKQHKFFAV86CD,自強段,96.36,都市：住
RPUNMLPJQHKFFAV77CD,大業段,114.46,都市：住
RPUNMLPJQHKFFAV77CD,常德段,5.36,都市：住
RPTNMLPLQHKFFBV67CA,富民段,27.68,非都市：鄉村區 ; 非都市編定：乙種建築用地
RPSNMLNKQHKFFCV37CA,鸞山段,9946.00,非都市：山坡地保育區 ; 非都市編定：農牧用地
RPSNMLNKQHKFFAV17CA,豐康段,66.20,都市：住
RPSNMLNKQHKFFAV17CA,豐康段,66.20,都市：住
RPTNMLOKQHKFFAV37CA,大業段,154.18,非都市：特定農業區 ; 非都市編定：甲種建築用地
RPTNMLOKQHKFFAV37CA,大業段,157.25,非都市：特定農業區 ; 非都市編定：甲種建築用地
RPRNMLRKQHKFFAV47CA,知本段,1000.00,非都市：特定農業區 ; 非都市編定：農牧用地
RPSOMLLJRHKFFAV17DA,興航段,559.02,都市：住
SPSOMLLJRHKFFAV27DA,豐富段,585.37,都市：農
SPSOMLLJRHKFFAV27DA,豐富段,37.68,都市：農
RPQNMLLKQHKFFAV76CA,公東段,46.08,都市：住
RPQNMLLKQHKFFAV76CA,公東段,46.08,都市：住
RPQNMLLKQHKFFAV76CA,公東段,20.26,都市：其他
RPQNMLLKQHKFFAV76CA,公東段,20.26,都市：其他
RPQNMLLKQHKFFAV76CA,公東段,43.70,都市：住
RPQNMLLKQHKFFAV76CA,公東段,43.70,都市：住
RPQNMLLKQHKFFAV76CA,公東段,116.16,都市：住
RPQNMLLKQHKFFAV76CA,公東段,116.16,都市：住
RPQNMLLKQHKFFAV76CA,公東段,47.95,都市：其他
RPQNMLLKQHKFFAV76CA,公東段,47.95,都市：其他
RPQNMLLKQHKFFAV76CA,公東段,84.06,都市：住
RPQNMLLKQHKFFAV76CA,公東段,84.06,都市：住
RPRNMLNKQHKFFAV17DA,岩灣段,116.55,都市：住
RPTNMLNKQHKFFDV67DA,金富段,2156.07,非都市：山坡地保育區 ; 非都市編定：農牧用地
RPPNMLNKQHKFFDV17CA,荒野段,2036.06,非都市：特定農業區 ; 非都市編定：農牧用地
RPPNMLOKQHKFFCV27DA,慶豐段,35.08,非都市：鄉村區 ; 非都市編定：乙種建築用地
RPOOMLRKQHKFFAV27CA,新生段,11.41,都市：住
RPVNMLNKQHKFFCV77DA,鹿野段,992.00,非都市：特定農業區 ; 非都市編定：農牧用地
RPVNMLNKQHKFFCV77DA,鹿野段,840.00,非都市：特定農業區 ; 非都市編定：農牧用地
RPVNMLNKQHKFFCV77DA,鹿野段,840.00,非都市：特定農業區 ; 非都市編定：農牧用地
RPVNMLNKQHKFFCV77DA,鹿野段,1306.00,非都市：特定農業區 ; 非都市編定：農牧用地
RPVNMLNKQHKFFCV77DA,鹿野段,622.00,非都市：特定農業區 ; 非都市編定：農牧用地
RPVNMLNKQHKFFCV77DA,鹿野段,1120.00,非都市：特定農業區 ; 非都市編定：農牧用地
RPQNMLTKQHKFFBV67CA,中濱段竹湖小段,1383.33,非都市：風景區 ; 非都市編定：農牧用地
RPRNMLOJQHKFFAV37CD,台東段,52.78,都市：住
RPQNMLMKQHKFFCV17DA,慶福段,6.25,都市：住
RPQNMLMKQHKFFCV17DA,慶福段,78.58,都市：住
RPPNMLKLQHKFFBV76CA,東河段,135.55,都市：其他
RPPNMLKLQHKFFBV76CA,東河段,236.36,都市：住
RPPNMLKLQHKFFBV76CA,東河段,45.76,都市：住
RPPNMLKLQHKFFBV76CA,東河段,151.10,都市：住
RPPNMLKLQHKFFBV76CA,東河段,176.12,都市：住
RPPNMLKLQHKFFBV76CA,東河段,561.19,都市：住
RPVNMLOKQHKFFBV67CA,忠仁段,115.63,都市：住
RPQNMLMJRHKFFAV86CA,豐年段,.02,都市：住
RPQNMLMJRHKFFAV86CA,豐年段,730.35,都市：住
RPUNMLNKQHKFFAV37CA,台東段,307.00,都市：住
RPRNMLMJRHKFFAV96CA,豐年段,.02,都市：住
RPRNMLMJRHKFFAV96CA,豐年段,730.35,都市：住
RPPNMLNKQHKFFAV86CA,南榮段,718.20,都市：農
RPPNMLNKQHKFFAV86CA,南榮段,183.26,都市：農
RPSNMLKLQHKFFAV96CA,下賓朗段,253.71,非都市：鄉村區 ; 非都市編定：乙種建築用地
RPWNMLOLQHKFFAV77CA,知本段,1000.00,非都市：特定農業區 ; 非都市編定：農牧用地
RPSNMLQLQHKFFAV57CA,新中寮段,225.19,都市：住
RPSNMLQLQHKFFAV57CA,新中寮段,3.95,都市：住
RPSNMLQLQHKFFAV57CA,新中寮段,9.94,都市：住
RPSNMLQLQHKFFAV57CA,新中寮段,168.50,都市：其他
RPSNMLQLQHKFFAV57CA,新中寮段,13.26,都市：其他
RPSNMLQLQHKFFAV57CA,新中寮段,1031.10,都市：其他
RPPOMLRKQHKFFAV37CA,台東段,41.00,都市：住
RPPOMLRKQHKFFAV37CA,台東段,2.00,都市：住
RPPNMLPKQHKFFAV07CA,南王段,48.97,都市：住
RPPNMLPKQHKFFAV07CA,南王段,70.31,都市：住
RPPNMLPKQHKFFAV07CA,南王段,4.16,都市：其他
RPPNMLPKQHKFFAV07CA,南王段,9.41,都市：其他
RPSNMLOKQHKFFAV27CA,台東段,7.67,都市：住
RPROMLPLQHKFFAV47CA,台東段,119.00,都市：住
RPROMLPLQHKFFAV47CA,台東段,4.00,都市：住
RPPNMLSKQHKFFCV57CA,月野段,1266.00,非都市：特定農業區 ; 非都市編定：農牧用地
RPPNMLSKQHKFFCV57CA,月野段,2026.00,非都市：特定農業區 ; 非都市編定：農牧用地
RPPNMLSKQHKFFCV57CA,月野段,2025.00,非都市：特定農業區 ; 非都市編定：農牧用地
RPPNMLQLQHKFFCV47CA,北庄段,332.27,非都市：一般農業區 ; 非都市編定：農牧用地
RPXNMLRKQHKFFAV08CA,馬蘭段,49.23,都市：住
RPWNMLOJRHKFFAV77DA,豐嘉段,1383.36,非都市：特定農業區 ; 非都市編定：農牧用地
RPWNMLOJRHKFFAV77DA,豐嘉段,1200.21,非都市：特定農業區 ; 非都市編定：農牧用地
RPWNMLOJRHKFFAV77DA,豐嘉段,1200.73,非都市：特定農業區 ; 非都市編定：農牧用地
RPWNMLOJRHKFFAV77DA,豐嘉段,1201.32,非都市：特定農業區 ; 非都市編定：農牧用地
RPQNMLOKQHKFFCV27CA,福原段,76.13,都市：商
RPQNMLLKQHKFFBV17CD,永福段,2039.89,非都市：風景區 ; 非都市編定：農牧用地
RPSNMLKMPHKFFBV37CD,北都歷段,307.86,非都市：鄉村區 ; 非都市編定：乙種建築用地
RPPNMLLKQHKFFBV07CD,永福段,560.11,非都市：風景區 ; 非都市編定：農牧用地
RPQNMLQJQHKFFBV57CD,三民段,138.33,都市：住
RPPNMLKLQHKFFDV96CA,尚武段,116.45,都市：住
RPUNMLOKQHKFFAV47CA,豐里段,114.44,非都市：鄉村區 ; 非都市編定：乙種建築用地
RPSNMLMJRHKFFBV27DA,北八里段,598.00,非都市：鄉村區 ; 非都市編定：乙種建築用地
RPPNMLQJQHKFFBV47CD,三民段,502.60,都市：住
RPPOMLOKQHKFFAV17DA,班鳩段,3211.03,非都市：山坡地保育區 ; 非都市編定：農牧用地
RPSNMLLKRHKFFAV17DA,豐里段,2356.01,非都市：特定農業區 ; 非都市編定：農牧用地
RPQNMLRKQHKFFCV67DA,福原段,205.59,都市：住
RPPNMLSKQHKFFBV57DA,沙泥灣段,3877.74,非都市：風景區 ; 非都市編定：農牧用地
RPPNMLKLQHKFFAV66CA,建和段,524.05,非都市：特定農業區 ; 非都市編定：農牧用地
RPQNMLQLQHKFFBV67EA,玉長段,4583.28,非都市：風景區 ; 非都市編定：農牧用地
RPWNMLLMQHKFFAV57CA,東海段,210.29,都市：住
RPWNMLRKQHKFFAV97CA,自強段,224.65,都市：住
RPSNMLRKQHKFFAV57CA,利家段,49.00,非都市：鄉村區 ; 非都市編定：乙種建築用地
RPPNMLSLQHKFFAV47CA,大業段,160.67,都市：住
RPTNMLLJRHKFFAV07CA,建成段,112.89,都市：住
RPSNMLTKQHKFFBV87CA,仙民段,8291.13,非都市：風景區 ; 非都市編定：農牧用地
RPPNMLRKQHKFFCV57DA,隆昌段,2407.03,非都市：特定農業區 ; 非都市編定：農牧用地
RPSNMLSKQHKFFAV77DA,富岡南段,4.78,非都市：鄉村區 ; 非都市編定：乙種建築用地
RPSNMLSKQHKFFAV77DA,富岡南段,39.41,非都市：鄉村區 ; 非都市編定：乙種建築用地
RPWNMLLJRHKFFAV37CA,建成段,107.86,都市：住
RPRNMLLMQHKFFCV27CA,福原段,166.00,都市：住
RPPNMLOLQHKFFBV17CA,南佳里段,446.86,非都市：風景區 ; 非都市編定：農牧用地
RPPNMLOLQHKFFBV17CA,北八里段,27.17,非都市：風景區 ; 非都市編定：丙種建築用地
RPVNMLOKRHKFFAV67CA,公東段,140.39,都市：住
RPOOMLOLQHKFFAV07CA,建和段,153.51,非都市：特定農業區 ; 非都市編定：甲種建築用地
RPTNMLOLQHKFFAV47CA,興安段,99.60,都市：住
RPTNMLOLQHKFFAV47CA,興安段,99.60,都市：住
RPUOMLKKRHKFFAV27CA,石川段,1248.64,非都市：山坡地保育區 ; 非都市編定：丙種建築用地
RPXNMLOLQHKFFAV87CA,台東段,22.41,都市：住
RPQNMLKLQHKFFAV76CA,利家段,585.00,非都市：特定農業區 ; 非都市編定：甲種建築用地
RPQNMLKLQHKFFAV76CA,利家段,142.00,非都市：特定農業區 ; 非都市編定：甲種建築用地
RPQNMLKLQHKFFAV76CA,利家段,660.00,非都市：特定農業區 ; 非都市編定：甲種建築用地
RPRNMLNJRHKFFAV07CA,南清段,102.75,都市：住
RPRNMLNJRHKFFAV07CA,南清段,19.31,都市：住
RPTNMLSKQHKFFAV77CA,永和段,86.65,都市：住
RPTNMLTKQHKFFAV87CA,青林段,215.82,都市：住
RPVNMLTKQHKFFAV08CA,常德段,110.99,都市：住
RPWNMLKLQHKFFAV37CA,岩灣段,285.47,都市：住
RPWNMLKLQHKFFAV37CA,岩灣段,578.80,都市：住
RPUNMLKLQHKFFAV17CA,岩灣段,844.78,都市：住
RPVNMLKLQHKFFAV27CA,岩灣段,310.73,都市：住
RPXNMLTKQHKFFAV28CA,中清段,117.54,都市：住
RPXNMLTKQHKFFAV28CA,中清段,470.15,都市：住
RPXNMLTKQHKFFAV28CA,中清段,117.54,都市：住
RPWNMLTKQHKFFAV18CA,台東段,8.36,都市：住
RPWNMLTKQHKFFAV18CA,台東段,8.36,都市：住
RPQNMLLLQHKFFCV07CA,里段,45.37,都市：住
RPQNMLLLQHKFFCV07CA,里段,4.61,都市：其他
RPPNMLLLQHKFFCV96CA,里段,2.62,都市：其他
RPPNMLLLQHKFFCV96CA,里段,27.74,都市：住
RPPNMLLLQHKFFCV96CA,里段,3.96,都市：其他
RPPNMLLLQHKFFCV96CA,里段,39.86,都市：住
RPRNMLLLQHKFFCV17CA,里段,79.30,都市：住
RPRNMLLLQHKFFCV17CA,里段,8.83,都市：其他
RPQNMLLLQHKFFBV96CA,萬年段,242.00,非都市：鄉村區 ; 非都市編定：乙種建築用地
RPOOMLTKQHKFFAV47CA,中清段,1.19,都市：住
RPOOMLTKQHKFFAV47CA,中清段,117.88,都市：其他
RPOOMLTKQHKFFAV47CA,中清段,.58,都市：住
RPPNMLQJRHKFFCV37CA,大原段,124.00,非都市：特定農業區 ; 非都市編定：甲種建築用地
RPPNMLMJRHKFFBV96DA,田組段,139.45,非都市：風景區 ; 非都市編定：農牧用地
RPPNMLMJRHKFFBV96DA,田組段,763.36,非都市：風景區 ; 非都市編定：農牧用地
RPRNMLRKRHKFFAV57CA,台東段,84.86,都市：住
RPRNMLQJRHKFFCV57CA,大原段,281.00,非都市：特定農業區 ; 非都市編定：農牧用地
RPRNMLQJRHKFFCV57CA,大原段,2226.00,非都市：特定農業區 ; 非都市編定：農牧用地
RPPNMLKLQHKFFCV96DA,鹿野段,1513.00,非都市：特定農業區 ; 非都市編定：農牧用地
RPPNMLPLQHKFFDV47CA,泰和段,22080.00,非都市：山坡地保育區 ; 非都市編定：農牧用地
RPPNMLRJRHKFFAV37DA,中山段,3.00,都市：住
RPPNMLLLQHKFFDV17DA,北橋段,231.60,都市：住
RPRNMLLLQHKFFBV07CA,坪頂段,1250.00,非都市：風景區 ; 非都市編定：農牧用地
RPPNMLOLQHKFFAV17DA,豐里段,178.44,非都市：鄉村區 ; 非都市編定：乙種建築用地
RPPOMLPLQHKFFAV27CA,北南王段,2904.48,都市：農
RPPNMLMLQHKFFBV96CA,八仙洞段,500.62,非都市：風景區 ; 非都市編定：農牧用地
RPTNMLKKRHKFFAV07CA,台東段,297.00,都市：其他
RPTNMLKKRHKFFAV07CA,台東段,146.00,都市：其他
RPQNMLLLQHKFFAV86CA,班鳩段,1210.50,非都市：山坡地保育區 ; 非都市編定：農牧用地
RPOOMLPLQHKFFAV17CA,北南王段,2904.47,都市：農
RPUNMLLMQHKFFAV37CA,利泰段,1624.20,非都市：山坡地保育區 ; 非都市編定：農牧用地
RPPNMLPLQHKFFBV27CA,玉港段,457.54,非都市：風景區 ; 非都市編定：農牧用地
RPPNMLPLQHKFFBV27CA,玉港段,195.42,非都市：風景區 ; 非都市編定：農牧用地
RPQNMLKLQHKFFBV86CA,富民段,268.43,非都市：風景區 ; 非都市編定：丙種建築用地
RPRNMLKLQHKFFAV86CA,台東段,70.00,都市：住
RPRNMLKLQHKFFAV86CA,台東段,34.00,都市：住
RPSNMLNJRHKFFAV17CA,豐富段,64.62,都市：農
RPSNMLNJRHKFFAV17CA,豐富段,229.19,都市：住
RPSNMLNJRHKFFAV17CA,豐富段,114.98,都市：農
RPROMLOKRHKFFAV37CA,石川段,1250.56,非都市：山坡地保育區 ; 非都市編定：丙種建築用地
RPQNMLSKRHKFFAV57CA,豐工段,3766.97,都市：工
RPQNMLLMQHKFFCV17CA,紅葉段,3191.00,都市：其他
RPQNMLLMQHKFFCV17CA,紅葉段,1000.00,都市：其他
RPQNMLOLQHKFFAV17CA,台東段,56.00,都市：商
RPVNMLLMQHKFFAV47CA,常德段,24.37,都市：住
RPPNMLQKRHKFFCV47CA,源隆段,1189.80,非都市：特定農業區 ; 非都市編定：農牧用地
RPQNMLPLQHKFFDV57CA,金富段,1575.31,非都市：山坡地保育區 ; 非都市編定：農牧用地
RPUNMLLLQHKFFAV27CA,興安段,203.57,都市：住
RPVNMLOLQHKFFAV77DA,台東段,122.00,都市：住
RPQNMLPLQHKFFAV27CA,豐康段,83.74,都市：住
RPQNMLPLQHKFFAV27CA,豐康段,83.74,都市：住
RPPNMLOLQHKFFCV37DA,大埔段,2.92,都市：住
RPQNMLPJQHKFFAV37CD,康樂段,1090.00,非都市：特定農業區 ; 非都市編定：農牧用地
RPQNMLQLQHKFFDV77DA,尚武段,43.95,都市：住
RPTNMLLLQHKFFAV17CA,台東段,58.69,都市：住
RPQNMLRJRHKFFCV57CA,中福段,8.57,都市：住
RPPNMLOLQHKFFDV37CA,台拉段,8246.49,非都市：山坡地保育區 ; 非都市編定：農牧用地
RPQNMLMJRHKFFBV07DA,田組段,902.81,非都市：風景區 ; 非都市編定：農牧用地
RPRNMLRLQHKFFDV87CA,秀山段,6.53,都市：住
RPQNMLRLQHKFFDV77CA,秀山段,6.53,都市：住
RPPNMLQLQHKFFBV37CA,南河段,2695.58,都市：住
RPRNMLPLQHKFFAV37CA,上原段,3542.00,非都市：山坡地保育區 ; 非都市編定：農牧用地
RPQNMLQLQHKFFAV37CA,豐橋段,73.30,都市：其他
RPQNMLQLQHKFFAV37CA,豐橋段,53.92,都市：其他
RPSNMLPLQHKFFBV57CA,三仙段,348.49,非都市：鄉村區 ; 非都市編定：乙種建築用地
RPPNMLQLQHKFFAV27CA,豐橋段,2587.88,都市：其他
RPQNMLLJRHKFFAV76CA,建興段,35.00,都市：住
RPQNMLLJRHKFFAV76CA,建興段,106.00,都市：住
RPQNMLLJRHKFFAV76CA,建興段,27.00,都市：住
RPQNMLLJRHKFFAV76CA,建興段,14.00,都市：其他
RPTNMLQLQHKFFAV67CA,台東段,166.00,都市：商
RPPOMLOLQHKFFAV17CA,馬蘭段,40.42,都市：住
RPQNMLOJQHKFFAV27CD,馬蘭段,39.90,都市：住
RPQOMLPLQHKFFAV37CA,普優瑪段,97.50,都市：住
RPQOMLPLQHKFFAV37CA,普優瑪段,1.69,都市：其他
RPWNMLPLQHKFFAV87CA,普優瑪段,90.61,都市：住
RPWNMLPLQHKFFAV87CA,普優瑪段,1.48,都市：其他
RPWNMLRLQHKFFAV08CA,普優瑪段,92.87,都市：住
RPWNMLRLQHKFFAV08CA,普優瑪段,1.51,都市：其他
RPPNMLSLQHKFFCV67CA,新福段,2586.06,非都市：一般農業區 ; 非都市編定：農牧用地
RPSNMLQLQHKFFCV77CA,水墜段,337.19,非都市：鄉村區 ; 非都市編定：乙種建築用地
RPQNMLNLRHKFFBV27CA,三間段大來小段,1015.00,非都市：風景區 ; 非都市編定：農牧用地
RPPNMLMLRHKFFCV17CA,新福段,2195.00,非都市：一般農業區 ; 非都市編定：農牧用地
RPVNMLNJRHKFFAV47CA,上原段,5914.00,非都市：山坡地保育區 ; 非都市編定：農牧用地
RPVNMLNJRHKFFAV47CA,上原段,4099.00,非都市：山坡地保育區 ; 非都市編定：農牧用地
RPVNMLNJRHKFFAV47CA,利吉段,2925.24,非都市：山坡地保育區 ; 非都市編定：農牧用地
RPVNMLNJRHKFFAV47CA,利吉段,1775.38,非都市：山坡地保育區 ; 非都市編定：農牧用地
RPVNMLNJRHKFFAV47CA,利吉段,1554.00,非都市：山坡地保育區 ; 非都市編定：農牧用地
RPPNMLLLRHKFFAV86CA,台東段,1213.00,都市：其他
RPRNMLRLQHKFFAV67DA,豐谷段,68.00,都市：住
RPQNMLRLQHKFFAV47CA,豐康段,132.65,都市：住
RPPNMLSLQHKFFDV77CA,泰德段,2208.02,非都市：一般農業區 ; 非都市編定：農牧用地
RPPNMLSLQHKFFDV77CA,泰德段,3060.40,非都市：一般農業區 ; 非都市編定：農牧用地
RPRNMLQLQHKFFDV77CA,金灣段,14140.00,非都市：山坡地保育區 ; 非都市編定：農牧用地
RPRNMLLJRHKFFAV86CA,南清段,95.94,都市：住
RPRNMLLJRHKFFAV86CA,南清段,6.47,都市：住
RPRNMLLJRHKFFAV86CA,南清段,9.64,都市：住
RPRNMLLJRHKFFAV86CA,南清段,20.18,都市：住
RPPNMLLMQHKFFCV07CA,新福段,1656.24,非都市：一般農業區 ; 非都市編定：農牧用地
RPPNMLRLQHKFFAV37CA,台東段,3.68,都市：住
RPSNMLQLQHKFFBV67CA,南佳里段,3715.87,非都市：風景區 ; 非都市編定：農牧用地
RPTNMLRLQHKFFDV18DA,蘭里段,41.86,非都市：鄉村區 ; 非都市編定：乙種建築用地
RPTNMLRLQHKFFDV18DA,蘭里段,800.37,非都市：鄉村區 ; 非都市編定：乙種建築用地
RPPNMLKMQHKFFAV76CA,豐年段,1.82,都市：住
RPPNMLKMQHKFFAV76CA,豐年段,32.55,都市：住
RPPNMLKKRHKFFBV86DA,高台段,91.41,非都市：鄉村區 ; 非都市編定：乙種建築用地
RPSNMLOJRHKFFAV27CA,自強段,23.00,都市：住
RPRNMLOJRHKFFAV17CA,豐成段,807.04,非都市：特定農業區 ; 非都市編定：甲種建築用地
RPSNMLSLQHKFFAV77CA,初鹿段,2054.00,非都市：特定農業區 ; 非都市編定：農牧用地
SPUOMLTJRHKFFAV18CA,岩灣段,153.74,都市：住
RPRNMLOJRHKFFBV37DA,大俱來段,1579.38,非都市：風景區 ; 非都市編定：農牧用地
RPVNMLRLQHKFFAV97CA,豐年段,18.00,都市：住
RPTNMLRLQHKFFAV77CA,下南寮段,216.09,都市：農
RPUOMLTJRHKFFAV08CA,岩灣段,154.74,都市：住
RPPNMLMJRHKFFDV17DA,多良段,8570.00,非都市：山坡地保育區 ; 非都市編定：林業用地
RPPNMLLJRHKFFDV96CA,金富段,61.17,非都市：鄉村區 ; 非都市編定：乙種建築用地
RPQNMLMJRHKFFDV17CA,笆札筏段,127.00,非都市：鄉村區 ; 非都市編定：乙種建築用地
RPQOMLLJRHKFFAV96DA,常德段,96.38,都市：住
RPOOMLOKRHKFFAV07CA,台東段,2.00,都市：商
RPOOMLOKRHKFFAV07CA,台東段,50.00,都市：商
RPPNMLLJRHKFFAV66CA,豐谷段,52.98,都市：住
RPVOMLTJRHKFFAV18CA,下南寮段,279.74,都市：農
RPVOMLTJRHKFFAV18CA,下南寮段,425.91,都市：其他
RPQOMLOKRHKFFAV27CA,台東段,186.00,都市：商
RPTNMLLMQHKFFAV27CA,台東段,151.00,都市：住
RPPNMLOJRHKFFBV07CA,東河段,99.34,都市：住
RPSNMLNJRHKFFBV27CA,成功段,55.47,都市：住
RPQOMLLMQHKFFAV07CA,下南寮段,311.12,都市：農
RPQNMLNJRHKFFAV96CA,建康段,3300.92,都市：農
RPQNMLNJRHKFFAV96CA,建康段,6116.57,都市：農
RPQNMLNJRHKFFAV96CA,建康段,866.03,都市：農
RPQNMLNJRHKFFAV96CA,建康段,2512.77,都市：農
RPQNMLPLRHKFFBV47CA,東河段,61.50,都市：其他
RPQNMLPLRHKFFBV47CA,東河段,6.60,都市：其他
RPQNMLOKRHKFFCV47DA,鹿野段,1381.00,非都市：特定農業區 ; 非都市編定：農牧用地
RPQNMLOKRHKFFCV47DA,鹿野段,1376.00,非都市：特定農業區 ; 非都市編定：農牧用地
RPQNMLOKRHKFFCV47DA,鹿野段,1239.00,非都市：特定農業區 ; 非都市編定：農牧用地
RPVNMLTJRHKFFAV08CA,新生段,106.00,都市：住
RPPOMLLMQHKFFAV96CA,常德段,84.83,都市：住
RPQNMLOLRHKFFAV37DA,梧州段,.35,都市：住
RPOOMLLJRHKFFAV66CA,豐里段,99.15,非都市：特定農業區 ; 非都市編定：甲種建築用地
RPROMLLJRHKFFAV96CA,旭川段,2724.39,非都市：特定農業區 ; 非都市編定：農牧用地
RPSNMLMJRHKFFAV17DA,永清段,148.02,都市：住
RPXNMLMJRHKFFAV57CA,公東段,407.39,都市：住
RPXNMLMJRHKFFAV57CA,公東段,330.58,都市：住
RPXNMLMJRHKFFAV57CA,公東段,439.32,都市：住
RPXNMLMJRHKFFAV57CA,公東段,391.27,都市：住
RPXNMLMJRHKFFAV57CA,公東段,162.82,都市：其他
RPXNMLLJRHKFFAV57DA,中山段,84.00,都市：住
RPTNMLNJRHKFFAV37DA,上岩灣段,57.24,都市：住
RPOOMLMJRHKFFAV76CA,公東段,92.43,都市：其他
RPOOMLMJRHKFFAV76CA,公東段,92.43,都市：其他
RPOOMLMJRHKFFAV76CA,公東段,92.43,都市：其他
RPOOMLMJRHKFFAV76CA,公東段,159.78,都市：住
RPOOMLMJRHKFFAV76CA,公東段,159.78,都市：住
RPOOMLMJRHKFFAV76CA,公東段,159.78,都市：住
RPWNMLMJRHKFFAV47CA,建康段,93.60,都市：住
RPPNMLOJRHKFFAV96CA,旭川段,2802.91,非都市：特定農業區 ; 非都市編定：農牧用地
RPUNMLNLRHKFFAV57CA,建華段,6.59,都市：住
RPUNMLNLRHKFFAV57CA,建華段,12.03,都市：住
RPTNMLMJRHKFFAV17CA,台東段,110.00,都市：住
RPQNMLNJRHKFFDV37DA,多良段,8120.00,非都市：山坡地保育區 ; 非都市編定：農牧用地
RPPNMLNJRHKFFBV96CA,南都歷段,669.90,非都市：風景區 ; 非都市編定：農牧用地
RPPNMLNJRHKFFBV96CA,南都歷段,273.32,非都市：風景區 ; 非都市編定：農牧用地
RPUOMLOKRHKFFAV67CA,永和段,83.09,都市：住
RPXNMLTJRHKFFAV28CA,利家段,18.50,非都市：鄉村區 ; 非都市編定：乙種建築用地
RPQNMLOJRHKFFBV17CA,都豐段,3791.21,非都市：風景區 ; 非都市編定：農牧用地
RPPNMLRJRHKFFCV47CA,大同段,11.31,都市：住
RPRNMLNJRHKFFBV17CA,高原段,39.00,非都市：鄉村區 ; 非都市編定：乙種建築用地
RPRNMLNJRHKFFBV17CA,高原段,24.00,非都市：鄉村區 ; 非都市編定：乙種建築用地
RPTNMLNJRHKFFBV37CA,高原段,4151.00,非都市：森林區 ; 非都市編定：農牧用地
RPUNMLTJRHKFFAV97CA,建華段,78.48,都市：住
RPPNMLOJRHKFFCV27DA,慶豐段,600.70,非都市：特定農業區 ; 非都市編定：農牧用地
RPQNMLSJRHKFFBV67DA,東河段,63.08,都市：住
RPOOMLOJRHKFFAV07DA,利家段,206.00,非都市：山坡地保育區 ; 非都市編定：農牧用地
RPSNMLRJRHKFFDV87CA,荒野段,2036.06,非都市：特定農業區 ; 非都市編定：農牧用地
RPQOMLOJRHKFFAV27DA,利家段,166.00,非都市：山坡地保育區 ; 非都市編定：丙種建築用地
RPQOMLOJRHKFFAV27DA,利家段,166.00,非都市：山坡地保育區 ; 非都市編定：農牧用地
RPQNMLRJRHKFFAV37CA,班鳩段,1405.88,非都市：一般農業區 ; 非都市編定：甲種建築用地
RPSOMLOJRHKFFAV37CA,豐里段,1000.00,非都市：特定農業區 ; 非都市編定：農牧用地
RPPOMLOJRHKFFAV07CA,南清段,27.99,都市：住
RPXNMLOJRHKFFAV77CA,南清段,256.01,都市：住
RPRNMLSJRHKFFAV57CA,上原段,344.00,非都市：山坡地保育區 ; 非都市編定：丙種建築用地
RPTOMLKKRHKFFAV17CA,豐源段,2479.20,非都市：特定農業區 ; 非都市編定：農牧用地
RPROMLOJRHKFFAV27CA,常德段,81.97,都市：住
RPROMLOJRHKFFAV27CA,常德段,1414.43,都市：住
RPWNMLTJRHKFFAV18CA,射馬干段,2775.93,非都市：特定農業區 ; 非都市編定：農牧用地
RPWNMLTJRHKFFAV18CA,射馬干段,1391.88,非都市：特定農業區 ; 非都市編定：農牧用地
RPSNMLTJRHKFFAV77CA,豐年段,112.31,都市：住
RPUNMLNJRHKFFAV37CA,普優瑪段,73.17,都市：住
RPQNMLRJRHKFFBV57DA,都豐段,634.23,非都市：風景區 ; 非都市編定：丙種建築用地
RPVNMLOJRHKFFAV57CA,豐康段,.75,都市：住
RPVNMLOJRHKFFAV57CA,豐康段,112.85,都市：住
RPVNMLOJRHKFFAV57CA,豐康段,.46,都市：住
RPVNMLOJRHKFFAV57CA,豐康段,.88,都市：住
RPVNMLOJRHKFFAV57CA,豐康段,3.98,都市：住
RPVNMLOJRHKFFAV57CA,豐康段,2.08,都市：住
RPPNMLRJRHKFFBV37CA,中濱段竹湖小段,221.00,非都市：風景區 ; 非都市編定：丙種建築用地
RPPNMLNLRHKFFCV27CA,新興段,700.67,非都市：特定農業區 ; 非都市編定：農牧用地
RPPNMLNLRHKFFCV27CA,新興段,77.94,非都市：特定農業區 ; 非都市編定：農牧用地
RPRNMLRJRHKFFBV57CA,大俱來段,2938.40,非都市：風景區 ; 非都市編定：農牧用地
RPRNMLSJRHKFFBV67CA,長濱段,1772.50,非都市：風景區 ; 非都市編定：農牧用地
RPRNMLRJRHKFFCV77DA,大池段,58.45,非都市：鄉村區 ; 非都市編定：乙種建築用地
RPRNMLRJRHKFFCV77DA,大池段,288.97,非都市：鄉村區 ; 非都市編定：乙種建築用地
RPRNMLNLRHKFFCV47CA,月美段,2018.00,非都市：特定農業區 ; 非都市編定：農牧用地
RPTNMLLKRHKFFAV17CA,常德段,39.33,都市：住
RPPNMLSKRHKFFAV47CA,豐富段,191.07,都市：住
RPPNMLSKRHKFFAV47CA,豐富段,11.38,都市：住
RPOOMLKKRHKFFAV66CA,台東段,1.00,都市：其他
RPOOMLKKRHKFFAV66CA,台東段,.50,都市：其他
RPOOMLKKRHKFFAV66CA,台東段,50.00,都市：住
RPOOMLKKRHKFFAV66CA,台東段,41.50,都市：住
RPUNMLSJRHKFFAV87CA,射馬干段,58.00,非都市：特定農業區 ; 非都市編定：甲種建築用地
RPSOMLTJRHKFFAV87CA,豐里段,105.22,非都市：鄉村區 ; 非都市編定：乙種建築用地
RPSOMLTJRHKFFAV87CA,豐里段,105.08,非都市：鄉村區 ; 非都市編定：乙種建築用地
RPSOMLTJRHKFFAV87CA,豐里段,104.11,非都市：鄉村區 ; 非都市編定：乙種建築用地
RPSNMLSJRHKFFAV67CA,射馬干段,58.00,非都市：特定農業區 ; 非都市編定：甲種建築用地
RPTNMLSJRHKFFAV77CA,射馬干段,58.00,非都市：特定農業區 ; 非都市編定：甲種建築用地
RPSOMLOKRHKFFAV47CA,馬蘭段,49.23,都市：住
RPRNMLQKRHKFFAV47CA,豐年段,62.96,都市：住
RPQOMLKKRHKFFAV86CA,台東段,135.00,都市：住
RPQNMLKKRHKFFAV86DA,中正段,4.00,都市：住
RPPNMLPJIIKFFAV88CA,豐富段,68.53,都市：住
RPWNMLKKRHKFFAV47DA,東海段,575.06,都市：農
RPPNMLSJRHKFFCV67DA,萬福段,1206.10,非都市：特定農業區 ; 非都市編定：農牧用地
RPTNMLTJRHKFFAV87CA,豐利段,127.22,都市：住
RPQNMLRKRHKFFAV57DA,東海段,79.93,都市：住
RPQNMLRKRHKFFAV57DA,東海段,30.48,都市：住
RPPNMLKKRHKFFAV76DA,富岡段,266.14,非都市：鄉村區 ; 非都市編定：乙種建築用地
RPPNMLOKRHKFFBV17CA,都蘭段,563.00,非都市：風景區 ; 非都市編定：農牧用地
RPUNMLKKRHKFFAV27DA,旭川段,36.03,非都市：鄉村區 ; 非都市編定：乙種建築用地
RPUNMLKKRHKFFAV27DA,旭川段,53.12,非都市：鄉村區 ; 非都市編定：乙種建築用地
RPQNMLOKRHKFFBV27CA,馬稼海段,2795.34,非都市：風景區 ; 非都市編定：農牧用地
RPQNMLOKRHKFFBV27CA,馬稼海段,7.34,非都市：風景區 ; 非都市編定：農牧用地
RPQNMLOKRHKFFBV27CA,馬稼海段,93.01,非都市：風景區 ; 非都市編定：農牧用地
RPQNMLOKRHKFFBV27CA,馬稼海段,225.14,非都市：風景區 ; 非都市編定：農牧用地
RPRNMLKKRHKFFBV96CA,興隆段,3474.65,非都市：風景區 ; 非都市編定：農牧用地
RPQNMLLKRHKFFAV86CA,自強段,6.00,都市：住
RPQNMLLKRHKFFAV86CA,自強段,6.00,都市：住
RPPOMLKKRHKFFAV76CA,台東段,.50,都市：其他
RPPOMLKKRHKFFAV76CA,台東段,50.00,都市：住
RPPOMLKKRHKFFAV76CA,台東段,41.50,都市：住
RPPOMLKKRHKFFAV76CA,台東段,1.00,都市：其他
RPSNMLOKRHKFFAV37CA,北南王段,330.89,都市：農
RPSNMLOKRHKFFAV37CA,北南王段,330.89,都市：農
RPPNMLMJIIKFFBV68CA,玉港段,2635.31,非都市：風景區 ; 非都市編定：農牧用地
RPWNMLOKRHKFFAV77CA,豐年段,72.13,都市：住
RPQOMLTJRHKFFAV67CA,台東段,91.00,都市：商
RPROMLKKRHKFFAV96CA,馬蘭段,34.29,都市：住
RPQNMLPJIIKFFAV98CA,南王段,211.59,都市：住
RPVNMLRKRHKFFAV97CA,知本段,910.00,非都市：特定農業區 ; 非都市編定：農牧用地
RPTNMLLJIIKFFAV88CA,建成段,50.95,都市：其他
RPTNMLLJIIKFFAV88CA,建成段,55.61,都市：其他
RPTNMLRKRHKFFAV77CA,馬蘭段,49.23,都市：住
RPPNMLLKRHKFFCV96CA,豐泉段,121.39,都市：住
RPPNMLLKRHKFFCV96CA,豐泉段,18.38,都市：住
RPQNMLLLRHKFFAV96CA,台東段,10.23,都市：住
RPPOMLLLRHKFFAV96CA,台東段,53.92,都市：住
RPWNMLPJIIKFFAV96CA,南王段,282.62,都市：住
RPPNMLLKRHKFFBV86CA,和平南段,102.64,非都市：風景區 ; 非都市編定：農牧用地
RPUNMLOKRHKFFAV57CA,新中寮段,140.80,都市：其他
RPUNMLOKRHKFFAV57CA,新中寮段,295.70,都市：住
RPUNMLLKRHKFFAV27CA,台東段,43.64,都市：住
RPPNMLSKRHKFFBV57CA,沙泥灣段,135.06,非都市：鄉村區 ; 非都市編定：乙種建築用地
RPRNMLLKRHKFFAV96CA,豐聖段,26.81,都市：其他
RPRNMLLKRHKFFAV96CA,豐聖段,332.22,都市：住
RPRNMLLKRHKFFAV96CA,豐聖段,70.13,都市：住
RPPNMLOKRHKFFAV17DA,泰安段,447.10,非都市：山坡地保育區 ; 非都市編定：農牧用地
RPQNMLLKRHKFFBV07DA,沙泥灣段,2002.58,非都市：風景區 ; 非都市編定：農牧用地
RPQNMLOKRHKFFDV47CA,尚武段,119.18,都市：商
RPTNMLOKRHKFFAV47CA,射馬干段,3001.43,非都市：特定農業區 ; 非都市編定：農牧用地
RPRNMLLKRHKFFBV17DA,新港段新港小段,82.00,非都市：風景區 ; 非都市編定：丙種建築用地
RPSNMLOKRHKFFCV67DA,豐泉段,16.51,都市：住
RPSNMLOKRHKFFCV67DA,豐泉段,60.90,都市：住
RPPNMLPKRHKFFAV17CA,光明段,420.00,都市：其他
RPSNMLNLRHKFFCV67DA,鹿野段,800.00,非都市： ; 非都市編定：
RPPNMLRJIIKFFAV56DA,豐利段,32.53,都市：住
RPPNMLRJIIKFFAV56DA,豐利段,13.69,都市：住
RPRNMLOKRHKFFBV47DA,新港段八邊小段,2980.00,非都市：風景區 ; 非都市編定：農牧用地
RPQNMLPKRHKFFAV27CA,光明段,2124.00,都市：住
RPQNMLPKRHKFFAV27CA,光明段,762.00,都市：住
RPQNMLPKRHKFFAV27CA,光明段,3568.00,都市：住
RPQNMLPKRHKFFAV27CA,光明段,786.00,都市：住
RPQNMLPKRHKFFAV27CA,光明段,163.00,都市：住
RPRNMLSJIIKFFCV07DA,高台段,9249.60,非都市：山坡地保育區 ; 非都市編定：農牧用地
RPQOMLPJIIKFFAV09CA,建成段,111.57,都市：住
RPVNMLPKRHKFFAV77CA,豐利段,82.30,都市：住
RPPNMLPJIIKFFDV56CA,秀山段,8.08,都市：其他
RPPNMLPJIIKFFDV56CA,秀山段,.00,都市：其他
RPXNMLPJIIKFFAV07CA,建成段,118.40,都市：住
RPPNMLLLRHKFFCV07CA,里段,59.55,都市：住
RPPNMLLLRHKFFCV07CA,里段,104.60,都市：住
RPPNMLQKRHKFFBV47DA,北八里段,1809.72,非都市：風景區 ; 非都市編定：農牧用地
RPPNMLPKRHKFFCV47DA,慶福段,99.00,都市：住
RPSNMLLJIIKFFAV78CA,豐年段,141.06,都市：住
RPPNMLPKRHKFFBV37DA,成功段,111.28,都市：住
RPWNMLQKRHKFFAV97CA,富岡南段,3.61,非都市：鄉村區 ; 非都市編定：乙種建築用地
RPWNMLQKRHKFFAV97CA,富岡南段,3.61,非都市：鄉村區 ; 非都市編定：乙種建築用地
RPWNMLQKRHKFFAV97CA,富岡南段,3.61,非都市：鄉村區 ; 非都市編定：乙種建築用地
RPWNMLQKRHKFFAV97CA,富岡南段,109.75,非都市：鄉村區 ; 非都市編定：乙種建築用地
RPWNMLQKRHKFFAV97CA,富岡南段,109.75,非都市：鄉村區 ; 非都市編定：乙種建築用地
RPWNMLQKRHKFFAV97CA,富岡南段,109.75,非都市：鄉村區 ; 非都市編定：乙種建築用地
RPVNMLQKRHKFFAV87CA,中心段,20.60,都市：住
RPRNMLPKRHKFFAV37CA,馬蘭段,20.98,都市：住
RPTNMLQKRHKFFAV67CA,新生段,90.00,都市：住
RPQNMLQKRHKFFAV37CA,富岡南段,43.41,非都市：鄉村區 ; 非都市編定：乙種建築用地
RPPNMLQKRHKFFAV27CA,北南王段,107.30,都市：住
RPVNMLQKIIKFFAV07CA,中山段,116.00,都市：住
RPRNMLKLRHKFFAV96CA,豐谷段,17.50,都市：住
RPRNMLKLRHKFFAV96CA,豐谷段,3.25,都市：其他
RPPNMLKLRHKFFAV76CA,豐谷段,17.50,都市：住
RPPNMLKLRHKFFAV76CA,豐谷段,3.25,都市：其他
RPRNMLLLRHKFFAV07CA,興安段,94.51,都市：住
RPPNMLRKRHKFFBV57DA,大馬段,330.82,非都市：風景區 ; 非都市編定：農牧用地
RPUNMLQKRHKFFAV77CA,建本段,3153.49,都市：農
RPSNMLQKRHKFFAV57CA,台東段,23.25,都市：住
RPQNMLKLRHKFFAV86CA,豐谷段,17.50,都市：住
RPQNMLKLRHKFFAV86CA,豐谷段,3.25,都市：其他
RPUNMLRKRHKFFAV87CA,南王段,440.87,都市：住
RPUNMLRKRHKFFAV87CA,南王段,7.25,都市：其他
RPTNMLOKIIKFFAV66CA,馬蘭段,5.43,都市：住
RPQNMLLLRHKFFCV17CA,月野段,241.75,非都市：鄉村區 ; 非都市編定：乙種建築用地
RPPNMLRKRHKFFCV57CA,月野段,2586.00,非都市：特定農業區 ; 非都市編定：農牧用地
RPPNMLOLRHKFFCV37CA,慶福段,6.97,都市：商
RPQNMLLJIIKFFCV78CA,新福段,9.63,非都市：一般農業區 ; 非都市編定：水利用地
RPQNMLLJIIKFFCV78CA,新福段,11.26,非都市：一般農業區 ; 非都市編定：水利用地
RPQNMLLJIIKFFCV78CA,新福段,18.42,非都市：一般農業區 ; 非都市編定：水利用地
RPPNMLLJIIKFFCV68CA,新福段,3300.18,非都市：一般農業區 ; 非都市編定：農牧用地
RPPNMLLJIIKFFCV68CA,新福段,1090.00,非都市：一般農業區 ; 非都市編定：農牧用地
RPPNMLLJIIKFFCV68CA,新福段,75.44,非都市：一般農業區 ; 非都市編定：農牧用地
RPQNMLNLRHKFFCV37CA,月野段,3237.00,非都市：一般農業區 ; 非都市編定：農牧用地
SPPNMLSKRHKFFDV87CA,秀山段,8.08,都市：住
SPPNMLSKRHKFFDV87CA,秀山段,.00,都市：住
RPPNMLMLRHKFFBV07CA,小馬東段,398.83,都市：農
RPPNMLMLRHKFFBV07CA,小馬東段,143.75,非都市：風景區 ; 非都市編定：農牧用地
RPPNMLMLRHKFFBV07CA,小馬東段,6.36,非都市：風景區 ; 非都市編定：農牧用地
RPPNMLSKRHKFFDV77CA,秀山段,8.08,都市：住
RPPNMLSKRHKFFDV77CA,秀山段,.00,都市：住
RPPNMLRKRHKFFDV67CA,復興段,16.49,都市：商
RPPNMLRKRHKFFDV67CA,復興段,27.70,都市：商
RPSNMLRKRHKFFAV77DA,台東段,53.00,都市：住
RPSNMLRKRHKFFAV77DA,台東段,10.00,都市：住
RPSNMLKLRHKFFAV07CA,豐谷段,17.50,都市：住
RPSNMLKLRHKFFAV07CA,豐谷段,3.25,都市：其他
RPXNMLRJIIKFFAV27CA,南王段,87.68,都市：住
RPVNMLLLRHKFFAV47CA,岩灣段,308.29,都市：住
RPWNMLMLRHKFFAV67CA,台東段,82.00,都市：住
RPVNMLMLRHKFFAV57CA,上南寮段,5.81,都市：住
RPVNMLMLRHKFFAV57CA,上南寮段,67.68,都市：其他
RPVNMLMLRHKFFAV57CA,上南寮段,165.35,都市：住
RPSNMLPLRHKFFAV57CA,澱粉段,285.11,非都市：特定農業區 ; 非都市編定：甲種建築用地
RPQNMLNLRHKFFAV27DA,利家段,650.00,非都市：特定農業區 ; 非都市編定：甲種建築用地
RPUNMLMJIIKFFAV09CA,常德段,108.28,都市：住
RPQNMLMLRHKFFAV17DA,馬蘭段,20.98,都市：住
RPRNMLMJIIKFFAV78CA,南清段,110.92,都市：住
RPRNMLMJIIKFFAV78CA,南清段,20.20,都市：住
RPPNMLPJIIKFFBV98CA,濱海段,131.12,都市：住
RPPNMLPJIIKFFBV98CA,濱海段,1.16,都市：其他
RPPNMLPJIIKFFBV98CA,濱海段,1.39,都市：其他
RPPNMLPJIIKFFBV98CA,濱海段,102.50,都市：住
RPPNMLPJIIKFFBV98CA,濱海段,39.52,都市：住
RPPNMLPJIIKFFBV98CA,濱海段,30.24,都市：住
RPTNMLSKRHKFFAV87CA,馬蘭段,6.38,都市：住
RPVNMLMJIIKFFAV56CA,常德段,114.31,都市：住
RPTNMLNLRHKFFCV77DA,鹿野段,2550.00,非都市：一般農業區 ; 非都市編定：農牧用地
RPPNMLSLRHKFFDV87CA,秀山段,8.08,都市：其他
RPPNMLSLRHKFFDV87CA,秀山段,.00,都市：其他
RPTNMLLLRHKFFAV27CA,光明段,207.00,都市：住
RPTNMLLLRHKFFAV27CA,光明段,113.00,都市：住
RPTNMLLLRHKFFAV27CA,光明段,114.00,都市：住
RPSNMLLLRHKFFAV17CA,台東段,112.00,都市：住
RPTNMLNLRHKFFAV57DA,岩灣段,125.61,都市：住
RPQNMLSLRHKFFDV97CA,秀山段,8.08,都市：其他
RPQNMLSLRHKFFDV97CA,秀山段,.00,都市：其他
RPXNMLMLRHKFFAV77CA,台東段,82.00,都市：住
RPRNMLNLRHKFFAV37DA,東興段,174.95,非都市：鄉村區 ; 非都市編定：乙種建築用地
RPTNMLMLRHKFFAV37CA,利泰段,14206.71,非都市：一般農業區 ; 非都市編定：農牧用地
RPTNMLMLRHKFFAV37CA,利泰段,219.92,非都市：一般農業區 ; 非都市編定：農牧用地
RPTNMLMLRHKFFAV37CA,利泰段,178.33,非都市：一般農業區 ; 非都市編定：甲種建築用地
RPTNMLMLRHKFFAV37CA,利泰段,6300.81,非都市：一般農業區 ; 非都市編定：農牧用地
RPTNMLMLRHKFFAV37CA,利泰段,9784.44,非都市：一般農業區 ; 非都市編定：農牧用地
RPTNMLMLRHKFFAV37CA,利泰段,10574.22,非都市：一般農業區 ; 非都市編定：農牧用地
RPXNMLLLRHKFFAV67CA,馬蘭段,31.11,都市：住
RPSNMLMLRHKFFAV27CA,台東段,15.37,都市：住
RPRNMLMLRHKFFAV17CA,德安段,21.26,都市：住
RPRNMLMLRHKFFAV17CA,德安段,.15,都市：住
RPRNMLMLRHKFFAV17CA,德安段,1.96,都市：住
RPRNMLMLRHKFFAV17CA,德安段,.04,都市：住
RPQNMLLJIIKFFAV58CA,台東段,3.45,都市：商
RPQNMLLJIIKFFAV58CA,台東段,2.30,都市：商
RPQNMLKMRHKFFAV07DA,鎮樂段,2833.00,非都市：山坡地保育區 ; 非都市編定：農牧用地
RPQNMLKMRHKFFAV07DA,鎮樂段,2500.00,非都市：山坡地保育區 ; 非都市編定：農牧用地
RPRNMLKMRHKFFCV27CA,南山段,145.96,都市：住
RPVNMLKMRHKFFAV47CA,常德段,168.90,都市：住
RPSNMLNLRHKFFAV37CA,豐年段,97.32,都市：住
RPSNMLNLRHKFFAV37CA,豐年段,25.52,都市：住
RPTNMLQJIIKFFAV76CA,知本段,150.00,非都市：特定農業區 ; 非都市編定：甲種建築用地
RPTNMLQJIIKFFAV76CA,知本段,559.00,非都市：特定農業區 ; 非都市編定：甲種建築用地
RPQNMLOLRHKFFCV57DA,牧野段,12147.95,非都市：一般農業區 ; 非都市編定：農牧用地
RPQNMLOLRHKFFCV57DA,牧野段,727.13,非都市：一般農業區 ; 非都市編定：農牧用地
RPUNMLMLRHKFFAV47CA,台東段,111.00,都市：住
RPWNMLLJIIKFFAV56CA,台東段,68.00,都市：住
RPPNMLQLRHKFFBV47CA,南河段,23.37,都市：住
RPQNMLMLRHKFFBV27DA,高台段,3860.90,非都市：風景區 ; 非都市編定：農牧用地
RPQNMLPKIIKFFCV66CA,新福段,167.76,非都市：一般農業區 ; 非都市編定：農牧用地
RPQNMLPKIIKFFCV66CA,新福段,15.47,非都市：一般農業區 ; 非都市編定：農牧用地
RPRNMLKMRHKFFAV17DA,知本段,2250.00,非都市：特定農業區 ; 非都市編定：農牧用地
RPSNMLKMRHKFFAV27DA,鎮樂段,2500.00,非都市：山坡地保育區 ; 非都市編定：農牧用地
RPWNMLKMRHKFFAV57CA,建成段,815.92,都市：住
RPWNMLKMRHKFFAV57CA,建成段,874.27,都市：住
RPTNMLKMRHKFFAV37DA,鎮樂段,2500.00,非都市：山坡地保育區 ; 非都市編定：農牧用地
RPTNMLPLRHKFFAV67CA,初鹿段,5840.00,非都市：特定農業區 ; 非都市編定：農牧用地
RPPNMLOLRHKFFAV27DA,台東段,18.00,都市：住
RPPNMLOJIIKFFAV78CA,大業段,114.56,都市：住
RPPNMLOJIIKFFAV78CA,常德段,4.98,都市：住
RPQNMLMKIIKFFBV88CA,萬年段,144.00,非都市：鄉村區 ; 非都市編定：乙種建築用地
RPPNMLPLRHKFFBV37CA,都蘭段,4652.00,非都市：風景區 ; 非都市編定：農牧用地
RPRNMLMLIIKFFAV98CA,豐康段,109.64,都市：住
RPPNMLPLRHKFFCV57DA,崁頂段,660.00,非都市：鄉村區 ; 非都市編定：乙種建築用地
RPQNMLMLIIKFFAV88CA,豐康段,109.53,都市：住
RPUNMLKMRHKFFAV37CA,豐谷段,137.00,都市：住
RPPNMLPJIIKFFCV09CA,龍田段,419.44,都市：住
RPRNMLMKIIKFFAV88CA,康樂段,822.67,非都市：特定農業區 ; 非都市編定：農牧用地
RPRNMLMKIIKFFAV88CA,康樂段,143.33,非都市：特定農業區 ; 非都市編定：農牧用地
RPRNMLMKIIKFFAV88CA,康樂段,147.33,非都市：特定農業區 ; 非都市編定：水利用地
RPRNMLMKIIKFFAV88CA,康樂段,581.00,非都市：特定農業區 ; 非都市編定：農牧用地
RPRNMLMKIIKFFAV88CA,康樂段,164.33,非都市：特定農業區 ; 非都市編定：農牧用地
RPRNMLMKIIKFFAV88CA,康樂段,188.67,非都市：特定農業區 ; 非都市編定：水利用地
RPRNMLMKIIKFFAV88CA,康樂段,180.33,非都市：特定農業區 ; 非都市編定：農牧用地
RPRNMLMKIIKFFAV88CA,康樂段,283.33,非都市：特定農業區 ; 非都市編定：農牧用地
RPRNMLMKIIKFFAV88CA,康樂段,191.33,非都市：特定農業區 ; 非都市編定：水利用地
RPRNMLMKIIKFFAV88CA,康樂段,59.67,非都市：特定農業區 ; 非都市編定：農牧用地
RPRNMLMKIIKFFAV88CA,康樂段,231.33,非都市：特定農業區 ; 非都市編定：農牧用地
RPRNMLMKIIKFFAV88CA,康樂段,96.67,非都市：特定農業區 ; 非都市編定：農牧用地
RPRNMLMKIIKFFAV88CA,康樂段,372.33,非都市：特定農業區 ; 非都市編定：農牧用地
RPRNMLMKIIKFFBV98CA,萬年段,134.00,非都市：鄉村區 ; 非都市編定：乙種建築用地
RPSNMLPJIIKFFAV56CA,自強段,72.08,都市：住
RPPNMLRJIIKFFBV56CA,大俱來段,2988.36,非都市：風景區 ; 非都市編定：農牧用地
RPRNMLQJIIKFFDV86CA,荖花段,976.88,非都市：一般農業區 ; 非都市編定：農牧用地
RPQNMLKMRHKFFCV27DA,紅石段,2500.00,非都市：山坡地保育區 ; 非都市編定：農牧用地
RPPNMLOKIIKFFDV76EA,金星段,1900.00,非都市：山坡地保育區 ; 非都市編定：農牧用地
RPSOMLPJIIKFFAV76DA,下南寮段,97.11,都市：其他
RPPNMLKMRHKFFDV17CA,秀山段,10.39,都市：住
RPPNMLKMRHKFFDV17CA,秀山段,.00,都市：住
RPPNMLMJIIKFFAV58CA,南清段,86.30,都市：住
RPPNMLQJIIKFFAV09DA,下南寮段,76.48,都市：其他
RPPNMLQJIIKFFAV09DA,下南寮段,491.25,都市：農
RPPNMLQJIIKFFDV66CA,秀山段,11.54,都市：住
RPPNMLQJIIKFFDV66CA,秀山段,.00,都市：住
RPPOMLLJIIKFFAV58CA,普優瑪段,119.53,都市：住
RPRNMLMLIIKFFBV09CA,成功段,165.34,都市：住
RPRNMLMLIIKFFBV09CA,成功段,40.32,都市：住
RPRNMLMLIIKFFBV09CA,成功段,116.82,都市：其他
RPPNMLLJIIKFFBV58CA,三民段,321.13,都市：住
RPQNMLQJIIKFFCV66CA,大同段,999.31,都市：住
RPQNMLLJIIKFFBV68CA,小馬東段,1640.06,非都市：風景區 ; 非都市編定：農牧用地
RPPNMLKMRHKFFCV17DA,日出段,966.50,非都市：特定農業區 ; 非都市編定：農牧用地
RPVNMLLJIIKFFBV56CA,忠智段,87.10,都市：住
RPWNMLLJIIKFFBV66CA,忠智段,24.02,都市：住
RPRNMLLJIIKFFBV78CA,南都歷段,2563.99,非都市：風景區 ; 非都市編定：農牧用地
RPSNMLLJIIKFFBV88CA,小湊段美山小段,3298.00,非都市：風景區 ; 非都市編定：農牧用地
RPTNMLLJIIKFFBV98CA,小湊段美山小段,640.00,非都市：風景區 ; 非都市編定：農牧用地
RPPNMLMKIIKFFCV88CA,慶福段,8.35,都市：住
RPPNMLMKIIKFFCV88CA,慶福段,22.72,都市：住
RPRNMLPJIIKFFDV76CA,秀山段,9.86,都市：商
RPUNMLLJIIKFFBV09CA,忠智段,180.85,都市：住
RPVNMLLLIIKFFAV66CA,煙草間段,102.38,非都市：鄉村區 ; 非都市編定：乙種建築用地
RPXNMLLJIIKFFAV66CA,中正段,37.08,都市：住
RPRNMLMJIIKFFBV98DA,三民段,19.80,都市：住
RPPNMLLJIIKFFAV48CA,豐谷段,77.00,都市：住
RPUNMLRJIIKFFAV96CA,東海段,25.08,都市：住
RPUNMLRJIIKFFAV96CA,東海段,1.62,都市：住
RPSNMLMJIIKFFAV88CA,台東段,87.00,都市：住
RPQNMLPKIIKFFBV56CA,八仙洞段,107.79,非都市：風景區 ; 非都市編定：農牧用地
RPQNMLPKIIKFFBV56CA,八仙洞段,2974.98,非都市：風景區 ; 非都市編定：農牧用地
RPOOMLQJIIKFFAV98CA,旭川段,92.44,非都市：鄉村區 ; 非都市編定：乙種建築用地
RPRNMLRJIIKFFAV66CA,馬蘭段,23.12,都市：住
RPPNMLRJIIKFFCV66CA,鹿野段,1260.00,非都市：特定農業區 ; 非都市編定：農牧用地
RPTNMLRJIIKFFAV86CA,豐谷段,105.04,都市：住
RPPNMLKMIIKFFBV88DA,萬年段,91.00,非都市：鄉村區 ; 非都市編定：乙種建築用地
RPRNMLPKIIKFFBV66CA,永福段,255.80,非都市：風景區 ; 非都市編定：農牧用地
RPQNMLPJIIKFFDV76DA,拉力段,2600.00,非都市：山坡地保育區 ; 非都市編定：農牧用地
RPUNMLPJIIKFFAV76CA,公東段,306.81,都市：其他
RPUNMLPJIIKFFAV76CA,公東段,.26,都市：其他
RPUNMLPJIIKFFAV76CA,公東段,13.95,都市：其他
RPUNMLPJIIKFFAV76CA,公東段,21.87,都市：其他
RPTNMLPJIIKFFAV66CA,新中寮段,226.11,都市：農
RPWNMLLLIIKFFAV76CA,台東段,19.49,都市：住
RPWNMLLLIIKFFAV76CA,台東段,8.34,都市：住
RPWNMLLLIIKFFAV76CA,台東段,7.68,都市：住
RPWNMLLLIIKFFAV76CA,台東段,5.85,都市：住
RPWNMLLLIIKFFAV76CA,台東段,1.03,都市：住
RPWNMLLLIIKFFAV76CA,台東段,.97,都市：住
RPVNMLQJIIKFFAV96CA,上岩灣段,2736.33,都市：農
RPWNMLQJIIKFFAV07CA,上岩灣段,2634.14,都市：農
RPVNMLRJIIKFFAV07CA,台東段,87.00,都市：住
RPVNMLRJIIKFFAV07CA,台東段,7.00,都市：其他
RPRNMLKLIIKFFAV78CA,建國段,29.00,都市：住
RPPNMLQLIIKFFAV56CA,中清段,289.04,都市：其他
RPPNMLQLIIKFFAV56CA,中清段,612.26,都市：住
RPXNMLQJIIKFFAV17CA,南清段,406.29,都市：住
RPSNMLRJIIKFFAV76CA,普優瑪段,122.31,都市：住
RPVNMLSJIIKFFAV17CA,公東段,71.78,都市：住
RPVNMLSJIIKFFAV17CA,公東段,66.61,都市：住
RPVNMLSJIIKFFAV17CA,公東段,121.48,都市：住
RPPNMLSJIIKFFAV56CA,中心段,1.00,都市：住
RPPNMLSJIIKFFAV56CA,中心段,94.00,都市：住
RPQNMLQJIIKFFAV09CA,東谷段,110.94,都市：住
RPTNMLMLIIKFFAV56CA,馬蘭段,6.81,都市：住
RPTNMLMLIIKFFAV56CA,馬蘭段,8.01,都市：住
RPOOMLSJIIKFFAV56CA,大南段,11790.00,非都市：山坡地保育區 ; 非都市編定：農牧用地
RPWNMLSJIIKFFAV27CA,公東段,210.83,都市：住
RPWNMLSJIIKFFAV27CA,公東段,110.32,都市：住
RPWNMLSJIIKFFAV27CA,公東段,132.18,都市：住
RPRNMLPKIIKFFAV56CA,自強段,185.00,都市：住
RPWNMLRJIIKFFAV27DA,台東段,72.00,都市：住
RPPNMLMKIIKFFAV68CA,公東段,130.01,都市：住
RPPNMLMKIIKFFAV68CA,公東段,195.01,都市：住
RPPNMLMKIIKFFAV68CA,公東段,130.01,都市：住
RPPNMLMKIIKFFAV68CA,公東段,195.01,都市：住
RPPNMLMKIIKFFAV68CA,公東段,23.76,都市：住
RPPNMLMKIIKFFAV68CA,公東段,35.63,都市：住
RPPNMLMKIIKFFAV68CA,公東段,23.76,都市：住
RPPNMLMKIIKFFAV68CA,公東段,35.63,都市：住
RPPNMLMKIIKFFAV68CA,公東段,9.50,都市：其他
RPPNMLMKIIKFFAV68CA,公東段,14.25,都市：其他
RPPNMLMKIIKFFAV68CA,公東段,9.50,都市：其他
RPPNMLMKIIKFFAV68CA,公東段,14.25,都市：其他
RPUNMLNKIIKFFAV66CA,路頂段,1550.62,非都市：特定農業區 ; 非都市編定：農牧用地
RPUNMLOKIIKFFAV76CA,合江段,115.05,非都市：風景區 ; 非都市編定：丙種建築用地
RPQNMLMKIIKFFAV78CA,豐年段,21.43,都市：住
RPWNMLTKIIKFFAV57DA,新生段,9.92,都市：住
RPROMLSJIIKFFAV86CA,建康段,46.80,都市：住
RPROMLSJIIKFFAV86CA,建康段,46.80,都市：住
RPQNMLQKIIKFFAV56CA,豐里段,1667.89,非都市：特定農業區 ; 非都市編定：農牧用地
RPQNMLQKIIKFFAV56CA,豐里段,833.94,非都市：特定農業區 ; 非都市編定：農牧用地
RPSNMLMKIIKFFAV98CA,下賓朗段,119.58,非都市：鄉村區 ; 非都市編定：乙種建築用地
RPQNMLQLIIKFFAV66CA,豐利段,2800.00,都市：農
RPPNMLSJIIKFFDV96DA,金富段,43.61,非都市：山坡地保育區 ; 非都市編定：丙種建築用地
RPPNMLOKIIKFFCV56DA,隆昌段,3098.13,非都市：山坡地保育區 ; 非都市編定：農牧用地
RPUNMLSJIIKFFAV07CA,知本段,2640.00,非都市：特定農業區 ; 非都市編定：農牧用地
RPXNMLSJIIKFFAV47DA,台東段,24.80,都市：住
RPPNMLQLIIKFFCV76CA,鹿寮段,2700.00,非都市：山坡地保育區 ; 非都市編定：農牧用地
RPPNMLQLIIKFFCV76CA,鹿寮段,1020.83,非都市：山坡地保育區 ; 非都市編定：農牧用地
RPPNMLMJJIKFFCV88CA,南山段,73.27,都市：住
RPSNMLLLIIKFFAV98CA,下賓朗段,6737.11,非都市：一般農業區 ; 非都市編定：農牧用地
RPPNMLNKIIKFFAV78CA,南清段,87.38,都市：住
RPPNMLNKIIKFFAV78CA,南清段,87.38,都市：住
RPQNMLSJIIKFFCV86CA,里段,84.94,都市：商
RPTNMLMKIIKFFAV09CA,建業段,68.31,都市：其他
RPUNMLQKIIKFFAV96CA,豐年段,27.73,都市：住
RPTNMLNKIIKFFAV56CA,台東段,56.00,都市：商
RPWNMLQKIIKFFAV17CA,富山段,313.43,非都市：風景區 ; 非都市編定：農牧用地
RPSNMLTJJIKFFAV07CA,公東段,65.68,都市：農
RPSNMLTJJIKFFAV07CA,公東段,216.10,都市：農
RPSNMLTJJIKFFAV07CA,公東段,284.12,都市：農
RPQNMLPKIIKFFAV09CA,利家段,90.00,非都市：特定農業區 ; 非都市編定：甲種建築用地
RPPNMLOKIIKFFAV88CA,煙草間段,5.17,非都市：特定農業區 ; 非都市編定：甲種建築用地
RPPNMLOKIIKFFAV88CA,煙草間段,2.78,非都市：特定農業區 ; 非都市編定：甲種建築用地
RPPNMLOKIIKFFAV88CA,煙草間段,21.30,非都市：特定農業區 ; 非都市編定：甲種建築用地
RPPNMLOKIIKFFAV88CA,煙草間段,93.58,非都市：特定農業區 ; 非都市編定：甲種建築用地
RPPNMLPKIIKFFBV09CA,田組段,967.66,非都市：風景區 ; 非都市編定：丙種建築用地
RPQNMLMKJIKFFCV09CA,大埔段,15.09,都市：住
RPPNMLPKIIKFFAV09DA,東海段,22.69,都市：住
RPPNMLPKIIKFFAV09DA,東海段,1.46,都市：住
RPTNMLTJJIKFFAV17CA,公東段,4.37,都市：住
RPVNMLNLIIKFFAV86CA,初鹿段,290.80,非都市：特定農業區 ; 非都市編定：農牧用地
RPVNMLNLIIKFFAV86CA,初鹿段,489.80,非都市：特定農業區 ; 非都市編定：農牧用地
RPQNMLOKIIKFFAV98CA,石川段,28.75,非都市：風景區 ; 非都市編定：丙種建築用地
RPQNMLOKIIKFFAV98CA,石川段,632.87,非都市：風景區 ; 非都市編定：丙種建築用地
RPQNMLOKIIKFFAV98CA,石川段,230.37,非都市：風景區 ; 非都市編定：丙種建築用地
RPVNMLMLIIKFFAV76CA,東谷段,392.89,都市：住
RPVNMLMLIIKFFAV76CA,東谷段,41.72,都市：住
RPPNMLPKIIKFFCV66DA,水井段,1459.01,非都市：特定農業區 ; 非都市編定：農牧用地
RPQNMLNKJIKFFCV56CA,福原段,50.08,都市：住
RPPNMLQKIIKFFAV09CA,馬蘭段,155.00,都市：住
RPRNMLQKIIKFFAV66CA,建成段,94.07,都市：住
RPPNMLNKJIKFFCV09CA,福原段,50.08,都市：住
RPSNMLPKIIKFFAV66CA,台東段,13.61,都市：住
RPQNMLKLIIKFFAV68CA,永清段,126.61,都市：住
RPXNMLPKIIKFFAV17CA,建興段,31.00,都市：住
RPXNMLPKIIKFFAV17CA,建興段,14.00,都市：住
RPXNMLPKIIKFFAV17CA,建興段,31.00,都市：住
RPWNMLPKIIKFFAV07CA,豐年段,5.00,都市：住
RPQOMLLLIIKFFAV88CA,石川段,309.71,非都市：風景區 ; 非都市編定：丙種建築用地
RPQNMLLLIIKFFBV88CA,和平南段,3694.47,非都市：風景區 ; 非都市編定：農牧用地
RPPNMLTKIIKFFBV96DA,都蘭段,2679.00,非都市：風景區 ; 非都市編定：農牧用地
RPPNMLTKIIKFFBV96DA,都蘭段,270.00,非都市：風景區 ; 非都市編定：丙種建築用地
RPRNMLQLIIKFFCV96CA,崁頂段,330.00,非都市：鄉村區 ; 非都市編定：乙種建築用地
RPSNMLMJJIKFFCV56CA,源隆段,1189.80,非都市：特定農業區 ; 非都市編定：農牧用地
RPQNMLQLIIKFFCV86CA,崁頂段,340.00,非都市：鄉村區 ; 非都市編定：乙種建築用地
RPRNMLMJJIKFFCV09CA,永安段,1714.00,非都市：特定農業區 ; 非都市編定：農牧用地
RPSNMLQKIIKFFAV86DA,新中寮段,255.22,都市：農
RPPNMLMJJIKFFBV78CA,成功段,107.05,都市：住
RPPNMLLLIIKFFBV78CA,南河段,98.98,都市：住
RPPNMLLLIIKFFBV78CA,南河段,98.98,都市：住
RPQNMLKKJIKFFBV78CA,和平北段,1120.54,非都市：風景區 ; 非都市編定：農牧用地
RPQNMLTKIIKFFDV27DA,金崙段,18155.00,非都市：山坡地保育區 ; 非都市編定：農牧用地
RPQNMLOJJIKFFCV66DA,慶福段,281.30,都市：住
RPUNMLNKJIKFFAV86DA,東海段,16.12,都市：住
RPUNMLNKJIKFFAV86DA,東海段,1.04,都市：住
RPRNMLNKJIKFFCV66CA,福原段,50.08,都市：住
RPSNMLNKJIKFFAV56CA,初鹿段,3276.00,非都市：特定農業區 ; 非都市編定：農牧用地
RPQNMLTKIIKFFCV07CA,牧野段,101.14,非都市：一般農業區 ; 非都市編定：甲種建築用地
RPPNMLNKJIKFFAV88CA,建樂段,7.13,都市：住
RPPNMLNKJIKFFAV88CA,建樂段,.02,都市：住
RPPNMLNLIIKFFAV88CA,青林段,343.34,都市：其他
RPPNMLNLIIKFFAV88CA,青林段,255.44,都市：其他
RPTNMLKLIIKFFAV98CA,知本段,3148.00,非都市：特定農業區 ; 非都市編定：農牧用地
RPTNMLKLIIKFFAV98CA,知本段,3147.00,非都市：特定農業區 ; 非都市編定：農牧用地
RPQNMLLLIIKFFAV78CA,美濃段,270.65,非都市：山坡地保育區 ; 非都市編定：丙種建築用地
RPPNMLPLIIKFFAV09CA,富岡段,139.65,非都市：風景區 ; 非都市編定：丙種建築用地
RPUNMLMLIIKFFAV66CA,公西段,433.20,都市：農
RPUNMLTKIIKFFAV27CA,豐樂段,99.00,都市：住
RPSNMLTKIIKFFAV07CA,豐成段,139.00,非都市：特定農業區 ; 非都市編定：甲種建築用地
RPPNMLLLIIKFFAV68CA,台東段,183.00,都市：住
RPVNMLTKIIKFFAV37CA,台東段,75.00,都市：住
RPQNMLQKJIKFFAV66CA,明峰段,782.50,非都市：山坡地保育區 ; 非都市編定：農牧用地
RPPNMLLLIIKFFCV98DA,四維段,177.75,非都市：一般農業區 ; 非都市編定：農牧用地
RPPNMLLLIIKFFCV98DA,四維段,4245.07,非都市：一般農業區 ; 非都市編定：農牧用地
RPPNMLKLIIKFFBV68CA,新竹湖段,4805.89,非都市：風景區 ; 非都市編定：農牧用地
RPQNMLLKJIKFFBV88CA,成功段,110.60,都市：工
RPQNMLKLIIKFFCV88CA,里段,38.52,都市：住
RPQNMLKLIIKFFCV88CA,里段,14.55,都市：住
RPPNMLRLIIKFFBV86DA,馬稼海段,443.51,非都市：風景區 ; 非都市編定：農牧用地
RPPNMLRLIIKFFBV86DA,馬稼海段,338.46,非都市：風景區 ; 非都市編定：農牧用地
RPTNMLNKJIKFFAV76DA,東海段,14.93,都市：住
RPTNMLNKJIKFFAV76DA,東海段,.96,都市：住
RPQNMLMJJIKFFCV98CA,月美段,760.00,非都市：特定農業區 ; 非都市編定：農牧用地
RPPNMLNLIIKFFCV56DA,瑞豐段,369.91,非都市：特定農業區 ; 非都市編定：農牧用地
RPTNMLLLIIKFFAV09CA,德安段,174.04,都市：其他
RPTNMLLLIIKFFAV09CA,德安段,57.07,都市：其他
RPVNMLTJJIKFFAV37CA,公東段,125.51,都市：住
RPVNMLTJJIKFFAV37CA,公東段,206.94,都市：住
RPPNMLMKJIKFFDV56DA,復興段,68.04,都市：住
RPPNMLMKJIKFFDV56DA,復興段,35.32,都市：其他
RPQNMLSKJIKFFAV86CA,台東段,48.00,都市：住
RPQNMLSKJIKFFAV86CA,台東段,22.00,都市：住
RPPNMLTKIIKFFAV86DA,豐年段,18.00,都市：住
RPSNMLLKJIKFFAV98CA,中正段,95.00,都市：住
RPQNMLTKIIKFFAV96DA,豐田段,300.00,都市：住
RPPNMLSKJIKFFBV86CA,南佳里段,4771.78,非都市：風景區 ; 非都市編定：農牧用地
RPRNMLNJJIKFFAV98CA,台東段,78.00,都市：商
RPRNMLNJJIKFFAV98CA,台東段,124.00,都市：商
RPQNMLQLIIKFFBV76CA,新港段新港小段,810.00,非都市：風景區 ; 非都市編定：農牧用地
RPQNMLQLIIKFFBV76CA,新港段新港小段,1380.00,非都市：風景區 ; 非都市編定：農牧用地
RPQNMLQLIIKFFBV76CA,新港段新港小段,760.00,非都市：風景區 ; 非都市編定：農牧用地
RPOOMLQLIIKFFAV56CA,東海段,4.58,都市：住
RPOOMLQLIIKFFAV56CA,東海段,.54,都市：住
RPOOMLQLIIKFFAV56CA,東海段,.28,都市：住
RPOOMLQLIIKFFAV56CA,東海段,27.54,都市：住
RPOOMLQLIIKFFAV56CA,東海段,11.69,都市：住
RPPNMLMLIIKFFDV56DA,拉力段,66210.00,非都市：山坡地保育區 ; 非都市編定：林業用地
RPXNMLLLIIKFFAV86CA,中正段,14.00,都市：住
RPXNMLLLIIKFFAV86CA,中正段,107.00,都市：住
RPQNMLNLIIKFFAV98CA,豐年段,23.57,都市：住
RPTNMLNLIIKFFAV66CA,豐利段,46.51,都市：住
RPUNMLNLIIKFFAV76CA,常德段,20.97,都市：住
RPRNMLSKJIKFFAV96CA,常德段,170.70,都市：住
RPPNMLSKJIKFFCV07DA,崁頂段,2430.00,非都市：山坡地保育區 ; 非都市編定：農牧用地
RPQNMLTLIIKFFAV07DA,新園段,649.00,非都市：特定農業區 ; 非都市編定：農牧用地
RPSNMLMLIIKFFAV56DA,利泰段,75.27,非都市：特定農業區 ; 非都市編定：甲種建築用地
RPPOMLQLIIKFFAV66CA,東海段,4.58,都市：住
RPPOMLQLIIKFFAV66CA,東海段,.54,都市：住
RPPOMLQLIIKFFAV66CA,東海段,.28,都市：住
RPPOMLQLIIKFFAV66CA,東海段,27.54,都市：住
RPPOMLQLIIKFFAV66CA,東海段,11.69,都市：住
RPWNMLQLIIKFFAV27CA,東海段,4.58,都市：住
RPWNMLQLIIKFFAV27CA,東海段,.54,都市：住
RPWNMLQLIIKFFAV27CA,東海段,.28,都市：住
RPWNMLQLIIKFFAV27CA,東海段,27.54,都市：住
RPWNMLQLIIKFFAV27CA,東海段,11.69,都市：住
RPPNMLPLIIKFFCV76DA,隆昌段,99.62,非都市：鄉村區 ; 非都市編定：乙種建築用地
RPQNMLNLIIKFFBV09CA,萬年段,152.00,非都市：鄉村區 ; 非都市編定：乙種建築用地
RPSNMLKKJIKFFAV98DA,自強段,87.00,都市：住
RPRNMLQLIIKFFAV76CA,自強段,26.08,都市：住
RPSNMLNLIIKFFAV56CA,利家段,49.00,非都市：鄉村區 ; 非都市編定：乙種建築用地
RPPNMLSLIIKFFCV96CA,豐泉段,119.00,都市：住
RPXNMLQLIIKFFAV37CA,東海段,4.58,都市：住
RPXNMLQLIIKFFAV37CA,東海段,.54,都市：住
RPXNMLQLIIKFFAV37CA,東海段,.28,都市：住
RPXNMLQLIIKFFAV37CA,東海段,27.54,都市：住
RPXNMLQLIIKFFAV37CA,東海段,11.69,都市：住
RPSNMLQLIIKFFCV07CA,龍田段,341.98,都市：住
RPSNMLQLIIKFFCV07CA,龍田段,75.01,都市：住
RPSNMLQLIIKFFCV07CA,鹿野段,1386.00,都市：農
RPUNMLQLIIKFFCV27CA,南山段,94.10,都市：住
RPUNMLQLIIKFFCV27CA,南山段,7.85,都市：其他
RPROMLTKJIKFFAV17CA,大南段,899.44,非都市：山坡地保育區 ; 非都市編定：農牧用地
RPTNMLQLIIKFFCV17CA,鸞山段,8995.00,非都市：山坡地保育區 ; 非都市編定：林業用地
RPTNMLQLIIKFFCV17CA,鸞山段,85.00,非都市：山坡地保育區 ; 非都市編定：農牧用地
RPOOMLMJJIKFFAV68CA,台東段,65.00,都市：住
RPPNMLTKJIKFFAV86CA,台東段,12.68,都市：住
RPQNMLTKJIKFFAV96CA,台東段,123.00,都市：住
RPWNMLKKJIKFFAV66CA,石川段,4108.91,非都市：風景區 ; 非都市編定：農牧用地
RPQNMLSLIIKFFBV96CA,大俱來段,178.51,非都市：鄉村區 ; 非都市編定：乙種建築用地
RPRNMLTLIIKFFAV07CA,南清段,58.35,都市：住
RPPNMLQLIIKFFBV76DA,高台段,2015.97,非都市：風景區 ; 非都市編定：農牧用地
RPPNMLRLIIKFFAV66CA,豐利段,39.37,都市：住
RPPNMLSLIIKFFAV76CA,普優瑪段,910.82,都市：住
RPPNMLSLIIKFFAV76CA,普優瑪段,257.17,都市：其他
RPPNMLSLIIKFFAV76CA,普優瑪段,296.41,都市：農
RPPNMLNLJIKFFAV09DA,建和段,2.41,都市：住
RPTOMLTKJIKFFAV37CA,大南段,899.44,非都市：山坡地保育區 ; 非都市編定：農牧用地
RPQNMLRLIIKFFBV86CA,濱海段,752.54,都市：農
RPVNMLMJJIKFFAV66CA,新中寮段,414.85,都市：住
RPPNMLSLIIKFFBV86CA,新竹湖段,2649.80,非都市：風景區 ; 非都市編定：農牧用地
RPRNMLSLIIKFFAV96CA,煙草間段,5.65,非都市：鄉村區 ; 非都市編定：交通用地
RPPNMLTLIIKFFCV17DA,瑞里段,81.12,非都市：一般農業區 ; 非都市編定：甲種建築用地
RPTNMLMJJIKFFCV66CA,大埔段,159.37,都市：住
RPPNMLLJJIKFFAV58CA,台東段,97.00,都市：住
RPRNMLKMIIKFFAV88CA,北南王段,102.52,都市：住
RPQNMLSLIIKFFAV86CA,公西段,75.62,都市：住
RPQNMLSLIIKFFAV86CA,公西段,9.46,都市：農
RPQNMLSLIIKFFAV86CA,公西段,222.57,都市：農
RPSNMLNLJIKFFAV76DA,上岩灣段,1312.55,都市：住
RPSNMLNLJIKFFAV76DA,上岩灣段,4.71,都市：住
RPSNMLTLIIKFFAV17CA,建國段,43.00,都市：住
RPPNMLQJJIKFFDV86DA,秀山段,10.39,都市：住
RPPNMLQJJIKFFDV86DA,秀山段,.00,都市：住
RPPNMLRKJIKFFAV66CA,青林段,183.90,都市：住
RPSNMLOJJIKFFAV56CA,南清段,46.72,都市：住
RPSNMLKMIIKFFAV98CA,豐年段,59.65,都市：住
RPSOMLTKJIKFFAV27CA,永和段,93.43,都市：住
RPSOMLTKJIKFFAV27CA,永和段,.74,都市：其他
RPSOMLTKJIKFFAV27CA,永和段,16.65,都市：其他
RPSNMLPJJIKFFAV66CA,利家段,975.40,非都市：特定農業區 ; 非都市編定：農牧用地
RPUNMLKLJIKFFCV86DA,北庄段,150.00,非都市：一般農業區 ; 非都市編定：甲種建築用地
RPPNMLQKJIKFFBV66CA,田組段,8078.95,非都市：風景區 ; 非都市編定：農牧用地
RPPNMLKMIIKFFAV68CA,常德段,152.09,都市：住
RPQNMLNJJIKFFAV88CA,台東段,23.00,都市：住
RPQNMLNJJIKFFAV88CA,台東段,75.00,都市：住
RPROMLKKJIKFFAV88CA,台東段,15.33,都市：住
RPTNMLMJJIKFFAV09CA,光明段,130.00,都市：住
