﻿編號,土地區段位置,土地移轉面積平方公尺,使用分區或編定
The serial number,land sector position,land shifting area square meter,the use zoning or compiles and checks
RPUNMLLJJIHFFHL68CC,宜欣段,5.50,都市：住
RPUOMLLJJIHFFAB07CC,後子段,45.09,都市：住
RPRPMLLJJIHFFAB86CC,旱溪段,95.00,都市：住
RPVOMLLJJIHFFBB27CC,中興段,.00,非都市： ; 非都市編定：
RPRPMLLJJIHFFBB96CC,賴厝段,5.00,都市：住
RPPQMLLJJIHFFBB96DC,陳平段,8.69,都市：住
RPTQMLLJJIHFFBB27CC,乾溝子段,74.00,都市：住
RPOQMLLJJIHFFBB86DC,東山段,17.34,都市：住
RPTQMLLJJIHFFCB37CC,惠來厝段,98.00,都市：住
RPSQMLLJJIHFFCB27CC,惠義段,77.65,都市：住
RPXQMLMJJIHFFCB87CC,上石碑段,4.66,都市：商
RPXQMLMJJIHFFCB87CC,上石碑段,3.04,都市：商
RPSNMLMJJIHFFBB96CC,賴厝段,2.67,都市：住
RPRNMLMJJIHFFBB86CC,賴厝段,10.28,都市：商
RPTPMLMJJIHFFFL68CC,潭興段,18.77,都市：住
RPOOMLMJJIHFFAL67DC,南村段,73.53,都市：其他
RPQPMLMJJIHFFBB96CC,平田段,.00,都市：住
RPVOMLMJJIHFFAB27CC,旱溪段,90.00,都市：住
RPWNMLNJJIHFFAB37CC,土庫段,9.42,都市：住
RPOOMLMJJIHFFAB56CC,麻園頭段,1.44,都市：住
RPWNMLNJJIHFFBB47CC,東正段,18.84,都市：住
RPXNMLNJJIHFFBB57CC,賴厝段,.00,非都市： ; 非都市編定：
RPSNMLOJJIHFFBB27DC,松竹段,21.45,都市：住
RPUOMLPJJIHFFAL48CC,福隆段,358.49,都市：住
RPUOMLPJJIHFFAL48CC,福隆段,318.87,都市：住
RPWNMLPJJIHFFBB77DC,賴厝段,2.67,都市：住
RPRSMLPJJIHFFCB77CC,上石碑段,80.00,都市：住
RPPNMLNJJIHFFCB86CC,寶山段,30.08,都市：住
RPSTMLPJJIHFFCB97CC,中正段,.00,都市：商
RPTTMLPJJIHFFCB08CC,中正段,.00,都市：商
RPXTMLPJJIHFFCB48CC,惠來厝段,.00,都市：住
RPVVMLPJJIHFFCB48CC,大新段,19.43,都市：商
RPWVMLPJJIHFFCB58CC,何厝段,16.05,都市：商
RPTQMLPJJIHFFBB67CC,賴厝段,4.18,都市：商
RPQRMLPJJIHFFBB47CC,錦村段,.00,都市：商
RPQRMLPJJIHFFBB47CC,錦村段,.00,都市：商
RPSRMLPJJIHFFBB67CC,賴厝段,.00,都市：商
RPRPMLPJJIHFFAB27CC,旱溪段,60.00,都市：住
RPQSMLPJJIHFFCB77DC,惠民段,7.63,都市：住
RPOSMLPJJIHFFCB57DC,田心段,72.00,都市：住
RPROMLPJJIHFFHL98DC,宜欣段,4.68,都市：住
RPQOMLPJJIHFFHL88DC,宜欣段,6.49,都市：住
RPUPMLQJJIHFFCB97DC,大墩段,28.33,都市：商
RPRNMLQJJIHFFAB17CC,後子段,247.00,都市：住
RPRNMLPJJIHFFHL88DC,樹孝段,22.56,都市：住
RPVPMLQJJIHFFAB87DC,大益段,.00,非都市： ; 非都市編定：
RPVNMLPJJIHFFHL66DC,番子路段,87.00,都市：住
RPSOMLPJJIHFFHL09DC,宜欣段,4.29,都市：住
RPTNMLQJJIHFFAB37CC,土庫段,1234.00,都市：住
RPQNMLPJJIHFFHL78DC,萬福段,100.58,非都市：鄉村區 ; 非都市編定：乙種建築用地
RPXOMLQJJIHFFAB87CC,大益段,90.00,都市：其他
RPWOMLQJJIHFFAB77CC,平和段,.00,都市：商
RPQPMLQJJIHFFAB27CC,東勢子段,.00,都市：住
RPSPMLQJJIHFFAB47CC,公館段,1.47,都市：其他
RPSPMLQJJIHFFAB47CC,公館段,1.28,都市：其他
RPTPMLQJJIHFFAB57CC,公館段,1.46,都市：其他
RPTPMLQJJIHFFAB57CC,公館段,1.27,都市：其他
RPOOMLQJJIHFFCB17CC,田心段,84.00,都市：住
RPWPMLQJJIHFFAB87CC,柳川段一小段,.00,都市：商
RPWPMLQJJIHFFAB87CC,柳川段一小段,.00,都市：商
RPTOMLQJJIHFFCB67CC,國安段,72.62,都市：住
RPVPMLQJJIHFFCB97CC,何安段,.00,都市：住
RPXPMLQJJIHFFCB18CC,何安段,.00,都市：住
RPOQMLQJJIHFFCB37CC,何安段,.00,都市：住
RPPQMLQJJIHFFCB47CC,何安段,.00,都市：住
RPRQMLQJJIHFFCB67CC,何安段,.00,都市：住
RPVQMLQJJIHFFCB08CC,中義段,.00,都市：住
RPQPMLRJJIHFFCB57CC,信安段,13.62,都市：住
RPTNMLRJJIHFFCB67CC,上石碑段,20.44,都市：住
RPOPMLRJJIHFFBB27CC,平田段,.00,非都市： ; 非都市編定：
RPRPMLRJJIHFFBB57CC,同榮段,56.00,都市：住
RPUOMLRJJIHFFBB77CC,水源段,.00,都市：住
RPUOMLRJJIHFFAB77DC,樹子腳段,1153.00,都市：工
RPXOMLRJJIHFFCB28DC,惠信段,1.20,都市：住
RPTQMLRJJIHFFAB87DC,大益段,15.30,都市：住
RPOPMLRJJIHFFCB47DC,田心段,195.00,都市：其他
RPRNMLRJJIHFFAL38DC,豐社段,297.00,都市：農
RPQOMLSJJIHFFAB47DC,下橋子頭段,16.44,都市：住
RPPNMLRJJIHFFFL68DC,興華段,72.70,都市：商
RPPNMLRJJIHFFFL68DC,興華段,72.70,都市：商
RPPNMLRJJIHFFFL68DC,興華段,72.70,都市：商
RPPNMLRJJIHFFFL68DC,興華段,72.70,都市：商
RPPPMLSJJIHFFAB37CC,中華段五小段,.00,都市：商
RPPOMLSJJIHFFBB37CC,東光段,21.67,都市：住
RPTNMLSJJIHFFCB77CC,中仁段,36.75,都市：住
RPPNMLRJJIHFFBL18CC,南安段,330.00,都市：農
RPRNMLSJJIHFFFL88CC,栗林段,57.22,都市：住
RPRNMLSJJIHFFFL88CC,栗林段,17.27,都市：住
RPPNMLSJJIHFFFL68CC,上楓段,63.00,都市：農
RPPNMLSJJIHFFFL68CC,上楓段,5.03,都市：農
RPPNMLSJJIHFFFL68CC,上楓段,1.43,都市：農
RPPNMLSJJIHFFFL68CC,上楓段,2.38,都市：農
RPPNMLSJJIHFFFL68CC,上楓段,5.66,都市：農
RPSOMLSJJIHFFGL66DC,中興段,72.00,都市：住
RPRPMLTJJIHFFAB67CC,大益段,35.59,都市：商
RPOPMLTJJIHFFCB57CC,中正段,5.27,都市：商
RPSSMLTJJIHFFBB28DC,東峰段,101.00,都市：商
RPXNMLTJJIHFFAB18DC,麻園頭段,124.00,都市：住
RPUNMLKKJIHFFBB07CC,東新段,10.29,都市：商
RPXNMLKKJIHFFBB37CC,平田段,14.29,都市：住
RPQOMLTJJIHFFGL09CC,新義段,107.00,都市：住
RPSNMLKKJIHFFCB96CC,寶山段,23.59,都市：住
RPOOMLMKJIHFFBB86DC,松昌段,14.43,都市：住
RPPOMLMKJIHFFBB96DC,東信段,4.69,都市：住
RPSOMLMKJIHFFBB27DC,東信段,4.86,都市：住
RPRNMLMKJIHFFFL38CC,自強段,65.00,都市：住
RPSNMLMKJIHFFGL58CC,光日段,18.67,都市：住
RPPPMLMKJIHFFCB07CC,三塊厝段,2265.00,都市：住
RPUNMLMKJIHFFHL88CC,新高段,67.89,都市：住
RPUNMLMKJIHFFHL88CC,新高段,2.00,都市：住
RPUNMLMKJIHFFFL68CC,潭北段,18.29,都市：住
RPXOMLNKJIHFFHL76CC,東和段,92.90,都市：住
RPPPMLNKJIHFFCB17CC,信安段,8.76,都市：住
RPPPMLNKJIHFFAB96CC,麻園頭段,78.00,都市：商
RPTPMLNKJIHFFCB57CC,楓樹段,41.15,都市：住
RPTPMLNKJIHFFCB57CC,楓樹段,.15,都市：住
RPTPMLNKJIHFFCB57CC,楓樹段,.19,都市：住
RPTOMLNKJIHFFAB27CC,麻園頭段,100.98,都市：住
RPUNMLNKJIHFFBL38CC,和平段,176.63,都市：住
RPRNMLOKJIHFFCB27CC,中和段,86.00,都市：住
RPQNMLOKJIHFFCB17CC,中正段,180.00,都市：住
RPQNMLOKJIHFFCB17CC,中正段,180.00,都市：住
RPUOMLOKJIHFFCB67CC,中正段,38.36,都市：住
RPSNMLOKJIHFFCB37CC,上石碑段,18.82,都市：住
RPXOMLOKJIHFFCB97CC,何安段,5.33,都市：住
RPXOMLOKJIHFFCB97CC,何安段,16.66,都市：住
RPUPMLOKJIHFFCB77CC,黎明段,22.44,都市：住
RPTNMLPKJIHFFBB57DC,賴厝段,2.67,都市：住
RPSPMLOKJIHFFBB57DC,東峰段,3.50,都市：住
RPSNMLPKJIHFFBB47DC,賴厝段,2.87,都市：住
RPQOMLOKJIHFFAL08CC,豐圳段,.00,都市：商
RPWNMLPKJIHFFBB87DC,賴厝段,3.25,都市：住
RPXNMLPKJIHFFBB97DC,賴厝段,2.87,都市：住
RPVNMLPKJIHFFBB77DC,賴厝段,2.87,都市：住
RPSNMLPKJIHFFFL78CC,十三寮段,8.50,都市：住
RPSNMLPKJIHFFFL78CC,上橫山段,69.00,都市：住
RPSNMLPKJIHFFFL78CC,上橫山段,11.12,都市：住
RPWNMLPKJIHFFCB87CC,大進段,102.00,都市：其他
RPRNMLPKJIHFFCB37CC,中正段,36.75,都市：住
RPQOMLPKJIHFFAB17CC,正義段九小段,8.15,都市：住
RPQOMLPKJIHFFAB17CC,正義段九小段,7.80,都市：住
RPOPMLPKJIHFFAB07CC,下橋子頭段,.00,非都市： ; 非都市編定：
RPOOMLPKJIHFFCB17CC,三塊厝段,14.51,都市：住
RPOOMLPKJIHFFBB17DC,賴厝段,2.87,都市：住
RPPPMLPKJIHFFAB17CC,下橋子頭段,.00,非都市： ; 非都市編定：
RPXOMLQKJIHFFAB97CC,下橋子頭段,.00,非都市： ; 非都市編定：
RPQPMLQKJIHFFAB37CC,下橋子頭段,.00,非都市： ; 非都市編定：
RPPOMLQKJIHFFAB17CC,土庫段,.00,非都市： ; 非都市編定：
RPQPMLQKJIHFFBB47CC,乾溝子段,27.88,都市：商
RPVPMLQKJIHFFBB97CC,水源段,.00,都市：住
RPPOMLQKJIHFFCB37CC,福安段,61.45,都市：住
RPSNMLQKJIHFFCB57CC,中義段,80.00,都市：其他
RPSNMLQKJIHFFAL38CC,安康段,72.94,都市：住
RPUNMLQKJIHFFAL58CC,福興段,30.10,都市：住
RPUNMLQKJIHFFAL58CC,福興段,55.05,都市：住
RPOOMLQKJIHFFCL28CC,遊園南段,121.15,非都市：一般農業區 ; 非都市編定：丙種建築用地
RPPOMLQKJIHFFCL38CC,遊園北段,437.75,都市：其他
RPPNMLRKJIHFFGL88DC,吉隆段,50.97,都市：住
RPPNMLRKJIHFFGL88DC,吉隆段,57.21,都市：住
RPXNMLQKJIHFFCB18DC,何安段,65.79,都市：住
RPUNMLQKJIHFFGL56CC,五張犁段,1695.00,非都市：特定農業區 ; 非都市編定：農牧用地
RPRNMLQKJIHFFCL58DC,遊園南段,121.15,都市：其他
RPSNMLQKJIHFFCL68DC,遊園北段,437.75,都市：其他
RPPPMLTKJIHFFGL56CC,光日段,13.35,都市：住
RPPPMLTKJIHFFGL56CC,光日段,18.43,都市：住
RPTPMLTKJIHFFCL56CC,新興段,.00,非都市：鄉村區 ; 非都市編定：乙種建築用地
RPUPMLTKJIHFFCL66CC,新興段,.00,非都市：鄉村區 ; 非都市編定：乙種建築用地
RPSNMLTKJIHFFCB87CC,下石碑段,5.80,都市：住
RPSNMLTKJIHFFCB87CC,下石碑段,.00,都市：住
RPOTMLTKJIHFFCB08CC,國安段,7.07,都市：住
RPTOMLTKJIHFFCB08CC,西屯段,3.80,都市：住
RPXNMLTKJIHFFCB38CC,西屯段,3.80,都市：住
RPORMLTKJIHFFCB87CC,惠信段,83.54,都市：住
RPUSMLTKJIHFFCB58CC,國安段,15.00,都市：住
RPQPMLTKJIHFFCB87CC,上石碑段,1195.00,都市：住
RPOOMLTKJIHFFBB47CC,賴厝段,5.40,都市：住
RPPOMLTKJIHFFBB57CC,東新段,11.46,都市：住
RPPNMLTKJIHFFBB57DC,松竹段,5.97,都市：住
RPXPMLTKJIHFFBB48CC,太和段,20.87,都市：其他
RPXOMLTKJIHFFBB38CC,水源段,7.20,都市：住
RPQRMLTKJIHFFBB97CC,水源段,5.90,都市：商
RPSSMLTKJIHFFBB28CC,賴厝段,3.31,都市：商
RPSSMLTKJIHFFBB28CC,邱厝子段,2.65,都市：商
RPXSMLTKJIHFFBB78CC,邱厝子段,3.88,都市：商
RPXSMLTKJIHFFBB78CC,賴厝段,4.83,都市：商
RPQOMLTKJIHFFBB67CC,錦村段,40.00,都市：住
RPQOMLTKJIHFFBB67CC,錦村段,11.00,都市：住
RPPTMLTKJIHFFBB08CC,賴厝段,2.98,都市：商
RPPTMLTKJIHFFBB08CC,邱厝子段,2.39,都市：商
RPTRMLTKJIHFFBB28CC,賴厝段,3.56,都市：商
RPTRMLTKJIHFFBB28CC,邱厝子段,2.86,都市：商
RPWRMLTKJIHFFBB58CC,長安段,73.00,都市：住
RPOOMLTKJIHFFAB37CC,公館段,4.80,都市：住
RPPOMLTKJIHFFAB47CC,土庫段,34.00,都市：住
RPPOMLTKJIHFFAB47CC,土庫段,87.00,都市：住
RPPOMLTKJIHFFAB47CC,土庫段,6.00,都市：住
RPUPMLTKJIHFFAB08CC,三民段三小段,16.00,都市：其他
RPUPMLTKJIHFFAB08CC,三民段三小段,14.25,都市：其他
RPQQMLKLJIHFFAB96CC,後子段,9.42,都市：住
RPOOMLKLJIHFFAB56CC,中華段四小段,717.00,都市：商
RPOOMLKLJIHFFAB56CC,中華段四小段,130.00,都市：商
RPOOMLKLJIHFFAB56CC,中華段四小段,61.00,都市：商
RPTNMLKLJIHFFFL48CC,三和段,2137.00,都市：農
RPSNMLKLJIHFFCL08CC,甲南段,78.74,都市：住
RPSPMLKLJIHFFBB27DC,中清段,7.32,都市：住
RPVNMLKLJIHFFCL38CC,南簡段,74.00,都市：住
RPVNMLKLJIHFFCL38CC,南簡段,27.84,都市：住
RPSNMLKLJIHFFFL38CC,大新段,21.80,都市：住
RPORMLKLJIHFFCB07CC,大墩段,16.01,都市：住
RPQNMLKLJIHFFHL38CC,樹孝段,75.53,都市：住
RPUOMLKLJIHFFCB47DC,下石碑段,42.54,都市：住
RPUNMLKLJIHFFFL68DC,摘星段,92.30,都市：住
RPVNMLLLJIHFFAL28CC,豐原段,948.00,都市：商
RPWNMLKLJIHFFFL88DC,民生段,85.96,都市：住
RPXNMLLLJIHFFAL48CC,豐原段,.00,都市：商
RPVNMLLLJIHFFBB47DC,東新段,8.78,都市：住
RPOPMLLLJIHFFCB96CC,大新段,154.77,都市：住
RPXNMLLLJIHFFBB67DC,平田段,14.31,都市：住
RPOOMLLLJIHFFBB86DC,平田段,16.63,都市：住
RPPQMLLLJIHFFBB07CC,陳平段,.00,都市：住
RPRQMLLLJIHFFAB17CC,正義段九小段,79.00,都市：商
RPRQMLLLJIHFFAB17CC,正義段九小段,26.00,都市：商
RPUNMLMLJIHFFBB47DC,太原段,1130.53,都市：住
RPXNMLMLJIHFFCB77CC,大新段,11.31,都市：住
RPSOMLLLJIHFFGL78DC,大圳頭段,888.24,非都市：特定農業區 ; 非都市編定：農牧用地
RPQOMLMLJIHFFAB96CC,麻園頭段,18.11,都市：住
RPVNMLMLJIHFFAL38CC,三陽段,287.98,都市：住
RPVNMLMLJIHFFAL38CC,三陽段,287.99,都市：住
RPVNMLMLJIHFFAL38CC,三陽段,287.98,都市：住
RPVNMLMLJIHFFBB57DC,太原段,1308.68,都市：住
RPVPMLMLJIHFFBB77DC,文正段,21.18,都市：住
RPVNMLMLJIHFFFL88CC,大新段,8.73,都市：住
RPXOMLMLJIHFFCL88CC,北勢坑段六路厝小段,74.00,都市：住
RPOPMLMLJIHFFCL08CC,遊園南段,64.66,都市：其他
RPPNMLMLJIHFFBL97DC,甲東段,6345.64,都市：住
RPWNMLNLJIHFFGL56CC,北柳段,2280.65,都市：農
RPWNMLNLJIHFFGL56CC,北柳段,775.51,都市：農
RPSOMLNLJIHFFCB47CC,上石碑段,129.00,都市：住
RPOPMLNLJIHFFCB17CC,福安段,15.43,都市：住
RPSNMLNLJIHFFHL88CC,樹孝段,7.82,都市：住
RPVOMLNLJIHFFAB67DC,後子段,.00,都市：住
RPVNMLNLJIHFFGL09CC,北柳段,5611.76,都市：其他
RPVNMLNLJIHFFGL09CC,北柳段,311.00,都市：其他
RPVNMLNLJIHFFGL09CC,北柳段,471.00,都市：其他
RPQSMLNLJIHFFCB67CC,田心段,78.25,都市：住
RPPSMLNLJIHFFCB57CC,大新段,17.91,都市：住
RPWNMLNLJIHFFAB57CC,麻園頭段,24.26,都市：住
RPRNMLQLJIHFFGL98CC,大圳頭段,888.24,非都市：特定農業區 ; 非都市編定：農牧用地
RPXNMLQLJIHFFCL66DC,南勢坑段埔子小段,47.00,都市：住
RPXNMLQLJIHFFCL66DC,南勢坑段埔子小段,20.41,都市：住
RPVSMLNLJIHFFBB08CC,賴厝段,91.00,都市：住
RPTPMLQLJIHFFBB87CC,倡和段,13.74,都市：住
RPWNMLQLJIHFFHL96CC,中邑段,65.00,都市：住
RPSPMLQLJIHFFBB77CC,松茂段,50.00,都市：住
RPQNMLOLJIHFFBL18CC,順天段,65.00,都市：住
RPQNMLOLJIHFFBL18CC,順天段,37.00,都市：住
RPVQMLQLJIHFFBB18CC,賴厝段,13.73,都市：住
RPVQMLQLJIHFFBB18CC,賴厝段,7.00,都市：住
RPURMLQLJIHFFBB18CC,平田段,6.46,都市：住
RPSNMLQLJIHFFCB67CC,田心段,122.00,都市：商
RPSOMLQLJIHFFCB77CC,保安段,.39,都市：住
RPSOMLQLJIHFFCB77CC,保安段,2.65,都市：住
RPSOMLQLJIHFFCB77CC,保安段,70.00,都市：住
RPQOMLQLJIHFFCB57CC,民安段,39.90,都市：住
RPOQMLQLJIHFFCB57CC,西屯段,6.73,都市：住
RPVNMLQLJIHFFFL66CC,上楓段,171.00,都市：住
RPPOMLQLJIHFFFL78CC,民生段,.00,非都市： ; 非都市編定：
RPOOMLQLJIHFFFL68CC,上楓段,.00,非都市： ; 非都市編定：
RPSNMLQLJIHFFBB67DC,太順段,168.78,都市：住
RPVRMLQLJIHFFBB28CC,賴厝段,23.20,非都市： ; 非都市編定：
RPVRMLQLJIHFFBB28CC,賴厝段,13.60,非都市： ; 非都市編定：
RPVRMLQLJIHFFBB28CC,賴厝段,30.80,非都市： ; 非都市編定：
RPVNMLQLJIHFFGL86DC,仁德段,72.59,都市：住
RPSNMLRLJIHFFAL58CC,博愛段,.00,都市：商
RPTQMLRLJIHFFBB18DC,陳平段,43.00,都市：住
RPTQMLRLJIHFFBB18DC,陳平段,17.00,都市：住
RPOPMLRLJIHFFCB57CC,下石碑段,5.80,都市：住
RPOPMLRLJIHFFCB57CC,下石碑段,.00,都市：住
RPROMLRLJIHFFBB67CC,東山段,35.95,都市：住
RPQPMLRLJIHFFCB77CC,西屯段,3.80,都市：住
RPPPMLRLJIHFFCB67CC,中和段,2.77,都市：住
RPPPMLRLJIHFFCB67CC,中和段,.00,都市：住
RPPPMLRLJIHFFCB67CC,中和段,.00,都市：住
RPWQMLRLJIHFFCB48CC,福安段,.00,都市：住
RPUOMLRLJIHFFBB97CC,平田段,25.15,都市：住
RPOPMLRLJIHFFBB47CC,水源段,7.20,都市：住
RPXOMLRLJIHFFAB18CC,後子段,.00,非都市： ; 非都市編定：
RPQNMLRLJIHFFGL98CC,鳳凰段,71.48,都市：工
RPOOMLRLJIHFFCB57DC,豐富段,17.81,都市：住
RPUNMLSLJIHFFCB08CC,民安段,.00,非都市： ; 非都市編定：
RPXNMLRLJIHFFFL07DC,興華段,72.60,都市：商
RPQNMLRLJIHFFAL48DC,三豐段,101.27,都市：住
RPUPMLSLJIHFFBB18CC,東山段,33.12,都市：住
RPPOMLRLJIHFFCL68DC,竹林段犁份小段,77.00,都市：住
RPPOMLRLJIHFFCL68DC,竹林段犁份小段,15.87,都市：住
RPPOMLSLJIHFFCB67CC,中仁段,1084.00,非都市： ; 非都市編定：
RPRRMLSLJIHFFCB18CC,大明段,87.00,都市：住
RPRRMLSLJIHFFCB18CC,大明段,6.07,都市：住
RPXNMLTLJIHFFCB48CC,中正段,.00,都市：商
RPPNMLTLJIHFFFL98CC,大新段,21.80,都市：商
RPRNMLKMJIHFFCL08CC,南簡段,30.25,都市：住
RPOQMLKMJIHFFCB07CC,上石碑段,2.96,都市：商
RPOTMLKMJIHFFCB37CC,上石碑段,4.43,都市：商
RPRRMLKMJIHFFCB47CC,大墩段,.00,都市：住
RPWRMLSLJIHFFCB68CC,福和段,442.26,都市：住
RPWRMLSLJIHFFCB68CC,福和段,1356.95,都市：住
RPWRMLSLJIHFFCB68CC,福和段,453.19,都市：住
RPWRMLSLJIHFFCB68CC,福和段,240.06,都市：住
RPWRMLSLJIHFFCB68CC,福和段,935.42,都市：住
RPWRMLSLJIHFFCB68CC,福和段,311.73,都市：住
RPWRMLSLJIHFFCB68CC,福和段,261.43,都市：住
RPWRMLSLJIHFFCB68CC,福和段,771.53,都市：住
RPWRMLSLJIHFFCB68CC,福和段,79.95,都市：住
RPURMLKMJIHFFCB77CC,惠民段,.00,都市：其他
RPQNMLTLJIHFFHL76DC,中山段,86.94,都市：住
RPTQMLKMJIHFFBB47CC,賴厝段,4.26,都市：商
RPTQMLKMJIHFFBB47CC,邱厝子段,3.42,都市：商
RPTOMLKMJIHFFAB17CC,土庫段,.00,都市：住
RPQOMLKMJIHFFAB86CC,公館段,10.85,都市：其他
RPQOMLKMJIHFFAB86CC,公館段,6.66,都市：其他
RPUOMLKMJIHFFAB27CC,麻園頭段,.00,都市：住
RPRPMLKMJIHFFAB07CC,番婆段,25.73,都市：住
RPSPMLKMJIHFFAB17CC,麻園頭段,.00,都市：住
RPXPMLKMJIHFFAB67CC,下橋子頭段,.00,非都市：工業區 ; 非都市編定：
RPPNMLLJKIHFFCB76CC,福安段,17.26,都市：住
RPSPMLLJKIHFFCL28CC,萬陵段,102.16,都市：住
RPRNMLLJKIHFFBB96DC,北屯段,10.14,都市：住
RPOQMLKMJIHFFAB86CC,下橋子頭段,.00,非都市： ; 非都市編定：
RPPQMLKMJIHFFAB96CC,下橋子頭段,.00,非都市： ; 非都市編定：
RPWOMLNJKIHFFFL09CC,三和段,68.00,都市：農
RPWOMLNJKIHFFFL09CC,三和段,15.20,都市：農
RPPOMLNJKIHFFCL08CC,新興段,.00,非都市：鄉村區 ; 非都市編定：乙種建築用地
RPWUMLNJKIHFFCB38CC,大新段,708.00,都市：商
RPOOMLNJKIHFFCL97CC,新興段,.00,非都市：鄉村區 ; 非都市編定：乙種建築用地
RPROMLNJKIHFFCL28CC,新興段,.00,非都市：鄉村區 ; 非都市編定：乙種建築用地
RPPNMLNJKIHFFAL87DC,福德段,92.80,都市：住
RPVPMLNJKIHFFBB67CC,北屯段,2729.00,都市：住
RPVPMLNJKIHFFBB67CC,北屯段,19.00,都市：住
RPVPMLNJKIHFFBB67CC,北屯段,17.00,都市：住
RPUPMLNJKIHFFBB57CC,青萍段,6.00,都市：住
RPUPMLNJKIHFFBB57CC,青萍段,58.00,都市：住
RPVVMLNJKIHFFCB38CC,大新段,.00,非都市： ; 非都市編定：
RPTVMLNJKIHFFCB18CC,惠信段,7389.18,都市：住
RPOOMLNJKIHFFCB96CC,大新段,8.29,非都市： ; 非都市編定：
RPUVNLNJKIHFFCB38CC,國安段,16.86,都市：住
RPPPMLNJKIHFFFL58DC,家興段,19.08,都市：住
RPWNMLNJKIHFFAL58DC,市政段,112.63,都市：住
RPXNMLNJKIHFFAB67DC,下橋子頭段,5.40,都市：住
RPPNMLNJKIHFFHL58DC,愛平段,79.00,都市：住
RPSOMLOJKIHFFBB37CC,同榮段,1197.00,都市：住
RPXQMLOJKIHFFCB28DC,惠信段,10.20,都市：住
RPWQMLOJKIHFFCB18DC,東林段,61.50,都市：住
RPQNMLOJKIHFFBL08CC,平安段,38.67,都市：住
RPXOMLOJKIHFFAB77CC,公館段,1.40,都市：其他
RPXOMLOJKIHFFAB77CC,公館段,1.21,都市：其他
RPQPMLOJKIHFFAB17CC,公館段,1.48,都市：其他
RPQPMLOJKIHFFAB17CC,公館段,1.28,都市：其他
RPSOMLOJKIHFFAB27CC,後子段,393.00,非都市： ; 非都市編定：
RPSOMLOJKIHFFAB27CC,後子段,65.00,非都市： ; 非都市編定：
RPQNMLOJKIHFFEL48DC,義渡段,123.57,都市：商
RPWNMLOJKIHFFCB77CC,大新段,10.78,都市：住
RPXNMLOJKIHFFFL56CC,四德段,18.37,都市：住
RPTQMLOJKIHFFCB77CC,何厝段,130.00,都市：住
RPSOMLOJKIHFFCB47CC,西屯段,779.00,都市：住
RPORMLOJKIHFFCB37CC,豐功段,53.38,都市：住
RPORMLOJKIHFFCB37CC,豐功段,27.12,都市：住
RPSOMLOJKIHFFCL48CC,公館南段,57.05,都市：住
RPTOMLOJKIHFFCL58CC,台紙段,121.13,都市：住
RPSQMLOJKIHFFHL66DC,溪洲段,100.38,都市：住
RPQOMLPJKIHFFFL68CC,家興段,59.50,都市：住
RPVOMLPJKIHFFAB67CC,土庫段,4.48,都市：住
RPXOMLPJKIHFFCB08CC,中仁段,2.75,都市：住
RPRNMLPJKIHFFHL88CC,萬福段,174.60,都市：農
RPSNMLPJKIHFFCB57DC,福安段,84.00,都市：其他
RPUNMLPJKIHFFBB57CC,東山段,38.89,都市：住
RPPOMLPJKIHFFAB17DC,半平厝段,90.00,都市：住
RPUNMLPJKIHFFCB77DC,寶山段,63.31,都市：住
RPVNMLPJKIHFFHL76DC,新福段,411.02,都市：住
RPVNMLPJKIHFFHL76DC,新福段,602.10,都市：其他
RPVNMLPJKIHFFHL76DC,新福段,511.54,都市：住
RPVNMLPJKIHFFHL76DC,新福段,83.06,都市：住
RPVNMLPJKIHFFHL76DC,新福段,437.82,都市：住
RPVNMLPJKIHFFHL76DC,新福段,161.48,都市：住
RPVNMLPJKIHFFHL76DC,新福段,247.06,都市：住
RPVNMLPJKIHFFHL76DC,新福段,96.15,都市：住
RPVNMLPJKIHFFHL76DC,新福段,144.28,都市：住
RPVNMLPJKIHFFHL76DC,新福段,1466.92,都市：住
RPVNMLPJKIHFFHL76DC,新福段,409.39,都市：住
RPVNMLPJKIHFFHL76DC,新福段,42.92,都市：住
RPVNMLPJKIHFFHL76DC,新福段,191.18,都市：其他
RPVNMLPJKIHFFHL76DC,新福段,596.14,都市：住
RPVNMLPJKIHFFHL76DC,新福段,956.43,都市：住
RPOQMLQJKIHFFCB57DC,中仁段,462.00,都市：工
RPQNMLQJKIHFFHL88CC,福平段,56.26,都市：住
RPWPMLQJKIHFFCB28DC,田心段,10.10,都市：住
RPWPMLQJKIHFFCB28DC,田心段,29.35,都市：住
RPVOMLQJKIHFFBB87CC,北屯段,18.77,都市：住
RPQQMLQJKIHFFAB47CC,麻園頭段,5.35,都市：住
RPVOMLQJKIHFFCB97CC,信安段,9.30,都市：住
RPVOMLQJKIHFFCB97CC,信安段,.57,都市：住
RPPPMLQJKIHFFAB27CC,麻園頭段,16.35,都市：住
RPXNMLQJKIHFFBB97CC,松竹段,115.00,都市：住
RPSPMLQJKIHFFCB77CC,大墩段,12319.00,都市：住
RPVNMLQJKIHFFBB77CC,東正段,12.46,都市：住
RPQNMLQJKIHFFCL38CC,北勢坑段北勢坑小段,104.00,都市：其他
RPOOMLRJKIHFFFL68CC,上楓段,347.00,都市：住
RPOOMLRJKIHFFFL68CC,上楓段,64.00,都市：住
RPUPMLQJKIHFFBB97DC,陳平段,30.00,都市：住
RPWNMLRJKIHFFAB87CC,後子段,.00,都市：住
RPQSMLRJKIHFFCB97CC,西屯段,1570.00,都市：住
RPTPMLRJKIHFFBB87CC,文正段,.00,都市：住
RPSNMLRJKIHFFHL66DC,宜欣段,4.29,都市：住
RPTNMLRJKIHFFHL76DC,宜欣段,5.50,都市：住
RPPPMLRJKIHFFBB47CC,松茂段,.00,都市：住
RPPNMLSJKIHFFCB47CC,惠泰段,55.98,都市：住
RPPNMLSJKIHFFCB47CC,惠泰段,16.43,都市：住
RPPNMLSJKIHFFCB47CC,惠泰段,3.93,都市：住
RPQOMLKKKIHFFCB96CC,上石碑段,3.41,都市：商
RPRNMLSJKIHFFAB47CC,旱溪段,19.00,都市：住
RPRNMLSJKIHFFAB47CC,旱溪段,58.00,都市：住
RPSNMLKKKIHFFCL08CC,南勢坑段埔子小段,82.00,都市：住
RPSOMLKKKIHFFCB17CC,國安段,.00,都市：住
RPUNMLKKKIHFFCL28CC,沙鹿段沙鹿小段,49.00,都市：住
RPXNMLKKKIHFFAB37CC,麻園頭段,87.68,都市：住
RPQPMLKKKIHFFAB86CC,下橋子頭段,782.00,都市：住
RPRNMLLKKIHFFAB86CC,公館段,.00,非都市： ; 非都市編定：
RPSNMLKKKIHFFBB96CC,中德段,162.00,都市：住
RPUNMLKKKIHFFBB17CC,賴厝段,4.72,都市：商
RPUNMLKKKIHFFBB17CC,邱厝子段,3.79,都市：商
RPSNMLKKKIHFFBB96CC,中德段,78.00,都市：住
RPROMLKKKIHFFBB96CC,錦村段,30.87,都市：住
RPVNMLLKKIHFFAB27CC,大益段,83.00,都市：商
RPPOMLLKKIHFFCL97CC,新東段,59.57,非都市：鄉村區 ; 非都市編定：乙種建築用地
RPQNMLLKKIHFFFL28CC,自立段,.00,非都市：鄉村區 ; 非都市編定：丁種建築用地
RPSNMLLKKIHFFFL48CC,自立段,.00,非都市：鄉村區 ; 非都市編定：丁種建築用地
RPQPMLLKKIHFFCB17CC,中仁段,2.75,都市：住
RPUOMLLKKIHFFCB47CC,國安段,13.16,都市：住
RPVOMLLKKIHFFCB57CC,上石碑段,13.79,都市：商
RPRPMLLKKIHFFCB27CC,寶山段,11.79,都市：住
RPPNMLLKKIHFFCB86CC,豐功段,.00,非都市： ; 非都市編定：
RPTNMLLKKIHFFCB27CC,惠國段,.00,都市：其他
RPORMLLKKIHFFCB17CC,國安段,.00,都市：住
RPRQMLLKKIHFFCB37CC,中仁段,2.55,都市：住
RPRRMLLKKIHFFCB47CC,大新段,.00,都市：商
RPRRMLLKKIHFFCB47CC,大新段,.00,都市：商
RPTQMLLKKIHFFCB57CC,三塊厝段,13.69,都市：住
RPTQMLLKKIHFFCB57CC,三塊厝段,11.67,都市：住
RPSNMLLKKIHFFHL68CC,平欣段,30.00,都市：住
RPSNMLLKKIHFFHL68CC,平欣段,44.00,都市：住
RPSNMLLKKIHFFHL68CC,平欣段,8.00,都市：住
RPRNMLLKKIHFFHL68DC,新高段,98.96,都市：住
RPSNMLMKKIHFFFL68DC,四德段,77.00,都市：其他
RPVPMLMKKIHFFCB77CC,豐功段,.00,都市：商
RPVNMLMKKIHFFCB57CC,上石碑段,4.95,都市：商
RPVNMLMKKIHFFFL98DC,四德段,129.00,都市：其他
RPSNMLMKKIHFFGL68CC,三民段,.00,非都市： ; 非都市編定：
RPUPMLMKKIHFFCB67CC,安林段,.00,都市：農
RPUPMLMKKIHFFCB67CC,安林段,.00,都市：農
RPQOMLMKKIHFFCB17CC,中正段,10.54,都市：商
RPWNMLMKKIHFFCB67CC,中正段,6.24,都市：商
RPUNMLMKKIHFFBL38CC,順天段,95.00,都市：住
RPRQMLMKKIHFFCB47CC,豐業段,.00,非都市： ; 非都市編定：
RPRNMLMKKIHFFBB17DC,賴厝段,2.67,都市：住
RPSNMLMKKIHFFBB27DC,賴厝段,2.87,都市：住
RPTNMLMKKIHFFBB37DC,賴厝段,3.25,都市：住
RPUNMLMKKIHFFBB47DC,賴厝段,3.06,都市：住
RPQPMLMKKIHFFBB17CC,東新段,.00,都市：住
RPOQMLMKKIHFFBB07CC,賴厝段,.00,都市：住
RPTPMLMKKIHFFBB47CC,東義段,8.34,都市：住
RPVNMLMKKIHFFBB57DC,賴厝段,4.39,都市：住
RPSNMLMKKIHFFHL88DC,光華段,100.42,都市：住
RPVNMLNKKIHFFBB57CC,水湳段,25.14,都市：住
RPROMLNKKIHFFAB17CC,麻園頭段,14.40,都市：住
RPOPMLNKKIHFFAB96CC,麻園頭段,.00,非都市： ; 非都市編定：
RPROMLNKKIHFFCL38CC,南勢坑段埔子小段,28.50,都市：住
RPROMLNKKIHFFCL38CC,南勢坑段埔子小段,1.65,都市：住
RPQOMLNKKIHFFCL28CC,南勢坑段埔子小段,5.77,都市：住
RPQOMLNKKIHFFCL28CC,南勢坑段埔子小段,5.64,都市：住
RPQOMLNKKIHFFCL28CC,南勢坑段埔子小段,71.00,都市：住
RPSOMLNKKIHFFAL28CC,豐原段,15.85,都市：商
RPTNMLNKKIHFFCB47CC,上石碑段,44.92,都市：住
RPTPMLNKKIHFFCB67CC,大墩段,21.21,都市：住
RPSPMLNKKIHFFCB57CC,大墩段,16.26,都市：住
RPPPMLNKKIHFFCB27CC,信安段,16.53,都市：住
RPPOMLNKKIHFFCB17CC,惠國段,42.00,都市：其他
RPUPMLNKKIHFFCB77CC,惠國段,15.26,都市：住
RPQNMLNKKIHFFGL58CC,中興段,17.73,都市：住
RPVOMLOKKIHFFAL68CC,博愛段,23.68,都市：住
RPQOMLNKKIHFFGL78DC,新仁段,155.00,都市：住
RPTNMLNKKIHFFGL88CC,新長壽段,68.68,都市：住
RPTNMLNKKIHFFGL88CC,新長壽段,246.91,都市：住
RPSNMLOKKIHFFCB47CC,中正段,2540.00,都市：住
RPROMLOKKIHFFCB47CC,國安段,9.51,都市：住
RPVOMLOKKIHFFAB77DC,後子段,15.30,都市：住
RPTOMLOKKIHFFCB67CC,順和段,.00,都市：工
RPSOMLOKKIHFFBB57DC,中清段,24.60,都市：住
RPWOMLOKKIHFFBB97DC,東山段,32.62,都市：住
RPQPMLOKKIHFFAB27CC,大益段,42.41,都市：商
RPVNMLOKKIHFFBB67CC,平田段,.00,非都市： ; 非都市編定：
RPQNMLPKKIHFFAB17CC,大益段,26.47,都市：住
RPPPMLOKKIHFFBB27CC,軍和段,15.94,都市：住
RPPNMLPKKIHFFBB17CC,賴厝段,54.00,都市：住
RPPNMLPKKIHFFBB17CC,賴厝段,98.00,都市：住
RPOOMLPKKIHFFCB27CC,中仁段,4.97,都市：住
RPQOMLOKKIHFFBB27CC,東正段,870.00,都市：住
RPTOMLOKKIHFFBB57CC,錦村段,1153.00,都市：商
RPSNMLPKKIHFFBB47CC,東新段,8.78,都市：住
RPRPMLPKKIHFFCB67CC,上石碑段,4.74,都市：住
RPPNMLPKKIHFFBL28DC,平安段,89.00,都市：住
RPTNMLQKKIHFFAB57CC,土庫段,23.71,都市：住
RPVNMLRKKIHFFAL88CC,豐圳段,.00,都市：商
RPTNMLRKKIHFFAL68CC,豐圳段,.00,都市：商
RPUNMLRKKIHFFAL78CC,豐圳段,.00,都市：商
RPRPMLRKKIHFFBB87DC,松觀段,88.00,都市：住
RPQNMLRKKIHFFAL38CC,豐圳段,.00,都市：商
RPUPMLRKKIHFFCB18CC,惠民段,10.29,都市：其他
RPTOMLRKKIHFFBB87CC,景東段,686.94,都市：住
RPWNMLRKKIHFFBB08CC,平田段,10.02,都市：住
RPWNMLRKKIHFFAL98CC,豐圳段,.00,都市：商
RPQOMLRKKIHFFCL68CC,東園段,26.02,都市：住
RPQOMLRKKIHFFCL68CC,東園段,26.01,都市：住
RPQOMLRKKIHFFCL68CC,東園段,26.02,都市：住
RPUNMLSKKIHFFCL09CC,台紙段,78.75,都市：住
RPTNMLSKKIHFFCL98CC,銀聯段,841.00,都市：住
RPOOMLSKKIHFFCB57CC,大墩段,.00,非都市： ; 非都市編定：
RPTNMLSKKIHFFCB97CC,協和段,.00,都市：工
RPROMLSKKIHFFCB87CC,福安段,.00,非都市： ; 非都市編定：
RPTOMLSKKIHFFCB08CC,惠智段,852.02,都市：住
RPPPMLSKKIHFFCB77CC,福星段,22.01,都市：住
RPTNMLSKKIHFFBB87CC,平田段,3.11,都市：住
RPTNMLSKKIHFFBB87CC,平田段,1.99,都市：住
RPTNMLSKKIHFFBB87CC,平田段,.95,都市：住
RPTNMLSKKIHFFBB87CC,平田段,1.53,都市：住
RPOOMLSKKIHFFBB47CC,東義段,5130.00,都市：住
RPSNMLSKKIHFFAB67CC,後子段,.00,都市：住
RPOOMLSKKIHFFAB37CC,後子段,.00,都市：住
RPSOMLSKKIHFFAB77CC,麻園頭段,116.00,都市：住
RPSNMLSKKIHFFHL86DC,宜欣段,10.41,都市：住
RPSNMLSKKIHFFHL86DC,宜欣段,5.04,都市：住
RPXNMLSKKIHFFAB18CC,土庫段,12.19,都市：住
RPPOMLSKKIHFFHL66DC,信平段,125.00,都市：其他
RPWNMLSKKIHFFAB08CC,樹子腳段,.00,非都市：工業區 ; 非都市編定：
RPXNMLTKKIHFFAB28CC,旱溪段,102.00,非都市： ; 非都市編定：
RPTPMLTKKIHFFAB08CC,下橋子頭段,.00,非都市： ; 非都市編定：
RPTOMLSKKIHFFAB87CC,土庫段,.00,都市：商
RPVNMLTKKIHFFCL66CC,南勢坑段埔子小段,25.63,都市：住
RPVNMLTKKIHFFCL66CC,南勢坑段埔子小段,.95,都市：住
RPVNMLTKKIHFFCL66CC,南勢坑段埔子小段,1.14,都市：住
RPUPMLTKKIHFFAB18CC,下橋子頭段,.00,非都市： ; 非都市編定：
RPPQMLTKKIHFFAB77CC,下橋子頭段,.00,非都市： ; 非都市編定：
RPQPMLTKKIHFFCB97CC,何厝段,90.00,都市：商
RPSOMLTKKIHFFCB08CC,中仁段,33.84,都市：住
RPPOMLTKKIHFFCB77CC,惠國段,5045.62,都市：其他
RPWNMLTKKIHFFCL76CC,南勢坑段埔子小段,172.00,都市：住
RPRNMLTKKIHFFBB87DC,平田段,.00,都市：住
RPOOMLTKKIHFFHL56CC,樹孝段,14.28,都市：住
RPRNMLKLKIHFFAB86CC,樹子腳段,.00,都市：住
RPXOMLKLKIHFFAB57CC,樹子腳段,.00,都市：住
RPPPMLKLKIHFFCB07CC,田心段,21.83,都市：住
RPQNMLLLKIHFFAB86CC,麻園頭段,81.36,都市：住
RPPPMLKLKIHFFAB86CC,後子段,112.00,都市：住
RPXNMLKLKIHFFCB67CC,何安段,1.77,都市：住
RPTNMLKLKIHFFAB07CC,後子段,15.27,都市：住
RPXOMLKLKIHFFCB77CC,豐業段,.00,非都市： ; 非都市編定：
RPRNMLLLKIHFFAB96CC,後子段,45.09,都市：住
RPQPMLLLKIHFFBB17CC,東義段,7.33,都市：其他
RPRNMLMLKIHFFBB17CC,仁德段,35.34,都市：住
RPTNMLMLKIHFFBB37CC,東山段,72.00,都市：住
RPUNMLOLKIHFFBB67CC,中興段,81.00,都市：住
RPOOMLOLKIHFFBB17CC,水源段,2.30,都市：商
RPOOMLOLKIHFFBB17CC,水源段,.40,都市：商
RPOOMLOLKIHFFBB17CC,水源段,.77,都市：商
RPXOMLOLKIHFFGL96CC,新光段,26.22,都市：住
RPVNMLOLKIHFFGL66CC,吉峰段,106.46,非都市：鄉村區 ; 非都市編定：乙種建築用地
RPVNMLOLKIHFFGL66CC,吉峰段,3067.00,非都市：鄉村區 ; 非都市編定：乙種建築用地
RPUPMLOLKIHFFBB87CC,松茂段,88.00,都市：住
RPPNMLNLKIHFFEL38CC,義渡段,9.90,都市：商
RPQNMLNLKIHFFEL48CC,義渡段,6.60,都市：商
RPPQMLOLKIHFFBB47CC,賴厝段,2.96,都市：商
RPPQMLOLKIHFFBB47CC,邱厝子段,2.38,都市：商
RPTNMLOLKIHFFAB47CC,頂橋子頭段,1.37,都市：住
RPWRMLOLKIHFFCB38CC,中正段,5.99,都市：商
RPSNMLOLKIHFFCB57CC,大新段,11.31,都市：住
RPXRMLOLKIHFFCB48CC,何厝段,20.21,都市：商
RPPNMLOLKIHFFFL58CC,自立段,1195.00,都市：農
RPPOMLPLKIHFFBB37CC,景東段,.00,都市：住
RPROMLPLKIHFFHL56CC,東平段,40.97,都市：住
RPXNMLPLKIHFFHL07CC,太平段,37.67,都市：住
RPXNMLPLKIHFFHL07CC,溪洲段,4.59,都市：住
RPOQMLOLKIHFFBB47DC,東正段,6.97,都市：住
RPUOMLPLKIHFFBB87CC,東山段,10.42,都市：住
RPSNMLPLKIHFFCB77DC,上石碑段,4.00,都市：住
RPSNMLPLKIHFFCB77DC,上石碑段,60.00,都市：住
RPSNMLPLKIHFFCB77DC,上石碑段,33.00,都市：住
RPUQMLQLKIHFFBB18CC,松昌段,31.68,都市：其他
RPTNMLQLKIHFFFL56CC,雅潭段,115.57,都市：商
RPQNMLPLKIHFFCB57DC,何厝段,17.26,都市：住
RPWNMLQLKIHFFCL56CC,永安段,.00,都市：工
RPWNMLQLKIHFFCL56CC,永安段,.00,都市：工
RPUNMLQLKIHFFHL86CC,平欣段,82.42,都市：住
RPRSMLQLKIHFFBB08CC,水源段,5.90,都市：商
RPWNMLQLKIHFFCB18CC,惠國段,45.83,都市：住
RPQPMLQLKIHFFCB77CC,寶山段,33.75,都市：住
RPWOMLQLKIHFFCB28CC,福安段,10.57,都市：住
RPTNMLRLKIHFFCL98CC,梧棲段,1621.00,都市：商
RPTPMLRLKIHFFBB08CC,軍和段,117.25,都市：其他
RPRPMLRLKIHFFBB87CC,東新段,3.80,都市：住
RPUPMLRLKIHFFBB18CC,軍和段,100.40,都市：其他
RPQPMLRLKIHFFBB77CC,東新段,4.17,都市：住
RPVPMLRLKIHFFBB28CC,景東段,87.43,都市：其他
RPXPMLRLKIHFFBB48CC,青萍段,64.00,都市：住
RPXPMLRLKIHFFBB48CC,青萍段,7.94,都市：其他
RPXPMLRLKIHFFBB48CC,青萍段,12.00,都市：住
RPQPMLRLKIHFFGL66CC,南湖段,94.87,都市：住
RPQPMLRLKIHFFGL66CC,南湖段,94.87,都市：住
RPPRMLSLKIHFFBB97CC,乾溝子段,.00,都市：住
RPUNMLSLKIHFFAB97CC,後子段,45.09,都市：住
RPRPMLSLKIHFFAB87CC,練武段,15.70,都市：其他
RPSNMLSLKIHFFBB97DC,邱厝子段,50.27,都市：住
RPXNMLSLKIHFFBB48DC,賴厝段,2.67,都市：住
RPOOMLSLKIHFFBB67DC,賴厝段,2.67,都市：住
RPPOMLSLKIHFFBB77DC,賴厝段,2.87,都市：住
RPROMLSLKIHFFBB97DC,賴厝段,3.06,都市：住
RPQPMLSLKIHFFCB97CC,何厝段,91.98,非都市： ; 非都市編定：
RPVTMLSLKIHFFCB88CC,下石碑段,128.00,都市：住
RPPPMLSLKIHFFCB87CC,大新段,96.16,非都市： ; 非都市編定：
RPQNMLTLKIHFFCB87CC,信安段,5.24,都市：住
RPQOMLTLKIHFFCB97CC,惠民段,7.95,都市：其他
RPSRMLSLKIHFFCB38CC,大墩段,.00,都市：住
RPQNMLKMKIHFFAB86CC,下橋子頭段,.00,非都市： ; 非都市編定：
RPSOMLTLKIHFFCB18CC,南屯段,55.00,都市：住
RPSOMLTLKIHFFCB18CC,南屯段,35.72,都市：住
RPPNMLTLKIHFFHL66CC,新福段,45.47,都市：住
RPTNMLTLKIHFFBB08CC,平田段,.00,非都市： ; 非都市編定：
RPSNMLKMKIHFFAB07CC,下橋子頭段,.00,非都市： ; 非都市編定：
RPRNMLKMKIHFFAB96CC,下橋子頭段,.00,非都市： ; 非都市編定：
RPSNMLKMKIHFFCL28CC,台紙段,48.84,都市：住
RPRNMLLMKIHFFCB27CC,何安段,44.88,都市：住
RPTNMLLMKIHFFCB47CC,田心段,83.00,都市：住
RPPNMLLMKIHFFBB96CC,同榮段,110.00,都市：住
RPQNMLLMKIHFFBB07CC,平田段,.00,非都市： ; 非都市編定：
RPSNMLMJJHIFFBB96CC,邱厝子段,4.18,都市：住
RPSNMLMJJHIFFBB96CC,邱厝子段,13.10,都市：住
RPPOMLMJJHIFFCL87CC,新興段,.00,非都市：鄉村區 ; 非都市編定：乙種建築用地
RPTRMLMJJHIFFCB57CC,中義段,16.56,都市：住
RPPNMLLJJHIFFHL28DC,宜欣段,9.82,都市：住
RPOOMLMJJHIFFCL77CC,新興段,.00,非都市：鄉村區 ; 非都市編定：乙種建築用地
RPROMLMJJHIFFCL08CC,新興段,.00,非都市：鄉村區 ; 非都市編定：乙種建築用地
RPPPMLMJJHIFFCL97CC,新興段,.00,非都市：鄉村區 ; 非都市編定：乙種建築用地
RPSOMLMJJHIFFCL18CC,新興段,.00,非都市：鄉村區 ; 非都市編定：乙種建築用地
RPUOMLMJJHIFFCL38CC,新興段,.00,非都市：鄉村區 ; 非都市編定：乙種建築用地
RPVOMLMJJHIFFCL48CC,新興段,.00,非都市：鄉村區 ; 非都市編定：乙種建築用地
RPQPMLMJJHIFFCL08CC,新興段,.00,非都市：鄉村區 ; 非都市編定：乙種建築用地
RPQNMLMJJHIFFHL38CC,宜欣段,7.55,都市：住
RPRPMLMJJHIFFCL18CC,新興段,.00,非都市：鄉村區 ; 非都市編定：乙種建築用地
RPRNMLMJJHIFFGL38CC,五福南段,1515.65,都市：農
RPXOMLMJJHIFFCB77DC,保安段,1323.39,都市：住
RPRNMLNJJHIFFGL48CC,西榮段,34.95,都市：住
RPRNMLNJJHIFFGL48CC,西榮段,44.40,都市：住
RPQOMLMJJHIFFCL08DC,南勢坑段埔子小段,1085.00,都市：商
RPVPMLNJJHIFFCB77DC,大墩段,938.00,都市：住
RPWOMLNJJHIFFCB67CC,田心段,10.90,都市：住
RPPNMLNJJHIFFFL18CC,四德段,129.00,都市：住
RPVPMLNJJHIFFBB57CC,松昌段,21.53,都市：住
RPWPMLNJJHIFFBB77DC,中清段,4.83,都市：住
RPUNMLNJJHIFFBB37DC,中興段,94.00,都市：住
RPSRMLNJJHIFFCB57CC,豐功段,70.80,都市：住
RPQOMLOJJHIFFBB07CC,賴厝段,94.00,都市：住
RPUQMLOJJHIFFCB77CC,大進段,.00,都市：住
RPQPMLOJJHIFFBB27DC,賴厝段,27.76,都市：住
RPVNMLPJJHIFFCB67CC,大新段,30.59,都市：商
RPRRMLOJJHIFFCB67DC,中正段,26.47,都市：商
RPPQMLOJJHIFFCB37DC,惠泰段,74.64,都市：住
RPPQMLOJJHIFFCB37DC,惠泰段,30.15,都市：住
RPPQMLOJJHIFFCB37DC,惠泰段,30.30,都市：住
RPPQMLOJJHIFFCB37DC,惠泰段,522.59,都市：住
RPUNMLNJJHIFFAB17CC,頂橋子頭段,773.00,都市：住
RPRQMLOJJHIFFAB27CC,公館段,1.00,都市：住
RPRQMLOJJHIFFAB27CC,公館段,.90,都市：住
RPUQMLOJJHIFFAB57CC,公館段,1.47,都市：其他
RPUQMLOJJHIFFAB57CC,公館段,1.28,都市：其他
RPOOMLPJJHIFFCB07CC,大新段,8.76,都市：住
RPQOMLPJJHIFFAB07CC,麻園頭段,26.00,都市：住
RPQOMLPJJHIFFAB07CC,麻園頭段,46.00,都市：住
RPPOMLPJJHIFFCB17CC,大新段,8.76,都市：住
RPWNMLRJJHIFFAB77CC,土庫段,5.00,非都市： ; 非都市編定：
RPTNMLRJJHIFFAB47CC,大益段,.00,非都市： ; 非都市編定：
RPXNMLRJJHIFFCL56DC,沙鹿段斗抵小段,83.00,都市：住
RPPNMLQJJHIFFAB07DC,樹子腳段,4.99,都市：住
RPRQMLRJJHIFFAB57CC,公館段,4.80,都市：住
RPOQMLRJJHIFFAB27CC,後子段,10.22,都市：商
RPSOMLRJJHIFFAB47CC,柳川段一小段,.00,都市：商
RPSOMLRJJHIFFAB47CC,柳川段一小段,.00,都市：商
RPRNMLQJJHIFFAB17CC,半平厝段,25.00,都市：住
RPRNMLQJJHIFFAB17CC,半平厝段,57.00,都市：住
RPWQMLRJJHIFFBB18CC,松竹段,15.34,都市：住
RPRPMLRJJHIFFBB57CC,邱厝子段,.00,非都市： ; 非都市編定：
RPTRMLRJJHIFFBB97CC,水源段,7.20,都市：住
RPXQMLRJJHIFFBB28CC,東山段,37.21,都市：住
RPURMLRJJHIFFBB08CC,水源段,7.20,都市：住
RPRSMLRJJHIFFCB97CC,民安段,2428.03,非都市： ; 非都市編定：
RPVVMLRJJHIFFCB68CC,西屯段,3.80,都市：住
RPTVMLRJJHIFFCB48CC,西屯段,3.80,都市：住
RPVNMLRJJHIFFFL56CC,四維段,11.47,都市：住
RPVNMLRJJHIFFFL56CC,雅潭段,.37,都市：住
RPSOMLRJJHIFFCB67CC,安和段,998.78,都市：工
RPUVMLRJJHIFFCB58CC,西屯段,3.80,都市：住
RPURMLSJJHIFFCB28CC,大明段,3.00,都市：住
RPORMLRJJHIFFBB57DC,陳平段,14.06,都市：住
RPVRMLSJJHIFFCB38CC,大明段,3.00,都市：住
RPXRMLSJJHIFFCB58CC,西屯段,3.80,都市：住
RPPSMLSJJHIFFCB87CC,西屯段,3.80,都市：住
RPQSMLSJJHIFFCB97CC,下石碑段,3.98,都市：住
RPPPMLSJJHIFFBB47CC,水源段,5.90,都市：商
RPRPMLSJJHIFFBB67CC,中興段,.00,非都市： ; 非都市編定：
RPQOMLSJJHIFFAL38CC,北庄段,126.00,非都市：特定農業區 ; 非都市編定：甲種建築用地
RPOQMLSJJHIFFBB47CC,平田段,7.40,都市：住
RPPQMLSJJHIFFBB57CC,青萍段,21.48,都市：其他
RPSQMLSJJHIFFBB87CC,平田段,72.00,都市：住
RPSQMLSJJHIFFBB87CC,平田段,37.55,都市：住
RPUPMLSJJHIFFAB87CC,土庫段,.00,非都市： ; 非都市編定：
RPRQMLSJJHIFFBB77CC,青萍段,21.48,都市：其他
RPUNMLSJJHIFFGL66CC,日新段,85.10,都市：住
RPTQMLSJJHIFFAB87CC,下橋子頭段,.00,非都市： ; 非都市編定：
RPSQMLSJJHIFFAB77CC,下橋子頭段,.00,非都市： ; 非都市編定：
RPUNMLTJJHIFFBL88CC,東泰段,79.51,都市：住
RPQNMLTJJHIFFAB37CC,下橋子頭段,.00,非都市： ; 非都市編定：
RPPNMLTJJHIFFAB27CC,下橋子頭段,.00,非都市： ; 非都市編定：
RPRNMLTJJHIFFAB47CC,下橋子頭段,.00,非都市： ; 非都市編定：
RPTNMLTJJHIFFAB67CC,麻園頭段,3.77,都市：住
RPSPMLTJJHIFFAB77CC,土庫段,10.52,非都市： ; 非都市編定：
RPTPMLTJJHIFFAB87CC,下橋子頭段,.00,非都市： ; 非都市編定：
RPWPMLTJJHIFFAB18CC,下橋子頭段,.00,非都市： ; 非都市編定：
RPUPMLTJJHIFFAB97CC,下橋子頭段,.00,非都市： ; 非都市編定：
RPVPMLTJJHIFFAB08CC,下橋子頭段,.00,非都市： ; 非都市編定：
RPXPMLTJJHIFFAB28CC,下橋子頭段,.00,非都市： ; 非都市編定：
RPTOMLTJJHIFFCB97CC,中正段,150.28,都市：住
RPUPMLTJJHIFFCB18CC,上石碑段,95.00,都市：住
RPSOMLTJJHIFFBB87DC,賴厝段,4.39,都市：住
RPUOMLTJJHIFFBB08DC,賴厝段,2.87,都市：住
RPROMLTJJHIFFBB77DC,賴厝段,3.06,都市：住
RPTOMLTJJHIFFBB97DC,賴厝段,3.06,都市：住
RPVOMLTJJHIFFBB18DC,賴厝段,3.06,都市：住
RPWOMLTJJHIFFBB28DC,賴厝段,4.58,都市：住
RPOQMLTJJHIFFBB67DC,昌平段,26.52,都市：住
RPOSMLKKJHIFFBB07DC,東新段,10.66,都市：住
RPRNMLKKJHIFFAL67CC,南村段,29.72,都市：住
RPOPMLKKJHIFFAB56CC,麻園頭段,16.48,都市：住
RPXNMLKKJHIFFAL28CC,陽明段,59.00,都市：住
RPWOMLKKJHIFFAB27CC,下橋子頭段,19.31,都市：住
RPPPMLKKJHIFFAB66CC,麻園頭段,19.03,都市：住
RPPOMLKKJHIFFAB56CC,土庫段,10.52,非都市： ; 非都市編定：
RPSOMLKKJHIFFBB96CC,北屯段,70.00,都市：住
RPTNMLKKJHIFFGL48CC,崇光段,29.82,都市：住
RPROMLKKJHIFFAB86DC,柳川段五小段,46.00,都市：商
RPROMLKKJHIFFAB86DC,柳川段五小段,7.00,都市：商
RPQNMLLKJHIFFAL77DC,博愛段,96.00,都市：住
RPRNMLLKJHIFFAL77CC,安康段,24.12,都市：住
RPRNMLLKJHIFFAL77CC,安康段,44.73,都市：住
RPWOMLLKJHIFFAB37CC,旱新段,157.07,都市：商
RPWOMLLKJHIFFAB37CC,旱新段,66.88,都市：商
RPXOMLLKJHIFFCB67CC,中和段,13.36,都市：住
RPOOMLLKJHIFFFL08CC,自立段,104.00,都市：住
RPSNMLLKJHIFFFL48DC,工區段,149.51,都市：工
RPTNMLMKJHIFFCB27CC,何厝段,.00,非都市： ; 非都市編定：
RPOQMLLKJHIFFCB96CC,黎明段,15.62,都市：住
RPPNMLMKJHIFFAB66CC,麻園頭段,.00,都市：住
RPQQMLLKJHIFFCB17CC,惠信段,13.93,都市：住
RPVQMLLKJHIFFCB67CC,黎明段,23.60,都市：住
RPUPMLOKJHIFFAB57CC,後子段,4.50,都市：商
RPUNMLOKJHIFFBB47CC,邱厝子段,551.00,都市：住
RPXNMLOKJHIFFBB77CC,昌平段,4106.35,都市：住
RPVOMLOKJHIFFBB67CC,倡和段,9.69,都市：住
RPRPMLOKJHIFFBB37CC,錦村段,4.16,都市：住
RPRPMLOKJHIFFBB37CC,錦村段,1.04,都市：住
RPVOMLOKJHIFFCB87DC,惠順段,25.74,都市：住
RPVOMLOKJHIFFCB87DC,惠順段,64.85,都市：住
RPPQMLOKJHIFFBB27CC,錦村段,4.16,都市：住
RPPQMLOKJHIFFBB27CC,錦村段,1.04,都市：住
RPOPMLOKJHIFFCB17CC,田心段,105.00,都市：住
RPSNMLOKJHIFFHL88CC,宜欣段,82.00,都市：住
RPQPMLPKJHIFFAB37DC,樹子腳段,18.45,都市：住
RPUNMLPKJHIFFCB67CC,福安段,48.00,都市：工
RPUNMLPKJHIFFCB67CC,福安段,2632.00,都市：工
RPQNMLPKJHIFFEL58DC,延平段,7.11,都市：住
RPQNMLPKJHIFFEL58DC,延平段,90.84,都市：住
RPSRMLPKJHIFFCB87CC,大明段,3.87,都市：住
RPTRMLPKJHIFFCB97CC,下石碑段,3.98,都市：住
RPPSMLPKJHIFFCB67CC,西屯段,63.00,都市：住
RPRSMLPKJHIFFCB87CC,上石碑段,.00,都市：商
RPTQMLPKJHIFFBB77CC,東信段,1505.00,都市：商
RPOSMLQKJHIFFBB57CC,平田段,.14,都市：住
RPOSMLQKJHIFFBB57CC,平田段,.21,都市：住
RPOSMLQKJHIFFBB57CC,平田段,.17,都市：住
RPPRMLPKJHIFFBB47CC,賴厝段,2.27,都市：住
RPSRMLQKJHIFFBB87CC,東義段,21.00,都市：住
RPTPMLQKJHIFFAB67CC,旱清段,70.71,都市：住
RPQSMLQKJHIFFBB77CC,中德段,19.57,都市：住
RPQSMLQKJHIFFCB87CC,國安段,.00,都市：住
RPOSMLQKJHIFFCB67CC,國安段,.00,都市：住
RPUOMLQKJHIFFCB87CC,大進段,15.64,都市：住
RPRNMLQKJHIFFAL28CC,建成段,1989.71,都市：住
RPXOMLQKJHIFFCB28DC,上石碑段,1168.00,都市：住
RPXOMLQKJHIFFCB28DC,上石碑段,4.00,都市：住
RPWNMLQKJHIFFHL86CC,宜欣段,1022.00,都市：商
RPWNMLQKJHIFFHL86CC,宜欣段,58.00,都市：商
RPWNMLQKJHIFFHL86CC,宜欣段,59.00,都市：商
RPTOMLQKJHIFFAL58CC,豐原段,9.25,都市：商
RPTOMLQKJHIFFAL58CC,豐原段,13.75,都市：商
RPUNMLRKJHIFFAL68CC,大洲段,89.41,都市：住
RPQPMLRKJHIFFBB67DC,東義段,7.29,都市：住
RPSNMLRKJHIFFCB67CC,中正段,34.22,非都市： ; 非都市編定：
RPQNMLRKJHIFFCB47CC,大新段,25.93,都市：商
RPSQMLRKJHIFFCB97CC,何安段,.00,都市：住
RPWPMLRKJHIFFCB28CC,上石碑段,.00,都市：商
RPQQMLRKJHIFFCB77CC,何安段,.00,都市：住
RPSSMLRKJHIFFCB18CC,國安段,.00,都市：住
RPSOMLRKJHIFFAB57CC,大益段,.00,都市：住
RPUSMLRKJHIFFCB38CC,國安段,.00,都市：住
RPWNMLRKJHIFFAB87CC,大益段,.00,非都市： ; 非都市編定：
RPTOMLRKJHIFFAB67CC,土庫段,.00,都市：商
RPWOMLRKJHIFFAB97CC,平和段,.00,都市：商
RPXOMLRKJHIFFAB08CC,柳川段一小段,.00,都市：商
RPXOMLRKJHIFFAB08CC,柳川段一小段,.00,都市：商
RPSNMLRKJHIFFHL66DC,德興段,82.00,都市：住
RPXNMLSKJHIFFAB08CC,後子段,.00,都市：住
RPOOMLSKJHIFFAB27CC,公館段,128.00,都市：住
RPQOMLSKJHIFFAB47CC,大益段,.00,都市：住
RPORMLSKJHIFFBB67CC,軍福段,17.25,都市：住
RPOQMLSKJHIFFCB67CC,上石碑段,.00,都市：商
RPSRMLSKJHIFFBB08CC,賴厝段,.00,都市：商
RPWQMLSKJHIFFCB48CC,上石碑段,.00,都市：商
RPXSMLSKJHIFFBB68CC,倡和段,14.10,都市：住
RPOPMLSKJHIFFCB57CC,中正段,24.30,都市：其他
RPVOMLSKJHIFFCB18CC,國安段,.00,都市：住
RPRRMLSKJHIFFCB08CC,國安段,.00,都市：住
RPPRMLSKJHIFFCB87CC,何安段,.00,都市：住
RPQRMLSKJHIFFCB97CC,民安段,.00,都市：住
RPVNMLSKJHIFFFL76CC,嘉仁段,980.00,都市：農
RPVNMLSKJHIFFFL76CC,嘉仁段,1684.94,都市：農
RPPRMLSKJHIFFBB87DC,陳平段,8.69,都市：住
RPSRMLSKJHIFFCB18CC,民安段,.00,都市：住
RPSQMLSKJHIFFCL09CC,藝術段,.00,都市：其他
RPTQMLSKJHIFFCB28DC,田心段,12.05,都市：住
RPRQMLSKJHIFFCB08DC,上石碑段,5.28,都市：住
RPWNMLSKJHIFFAB08DC,土庫段,63.00,都市：住
RPWNMLSKJHIFFAB08DC,土庫段,38.00,都市：住
RPPNMLSKJHIFFEL68CC,義渡段,26.00,都市：商
RPXNMLTKJHIFFAB18CC,大益段,.00,都市：住
RPXNMLTKJHIFFAB18CC,大益段,.00,都市：住
RPRNMLSKJHIFFEL88CC,東安段,23.80,都市：商
RPOOMLTKJHIFFAB37CC,大益段,.00,都市：住
RPOOMLTKJHIFFAB37CC,大益段,.00,都市：住
RPXOMLLLJHIFFAB57CC,萬安段五小段,16.52,都市：住
RPQOMLLLJHIFFBB96CC,東新段,29.23,都市：住
RPQPMLLLJHIFFAB96CC,麻園頭段,5.30,都市：住
RPSPMLLLJHIFFBB27CC,仁德段,20.83,都市：住
RPQQMLLLJHIFFBB17CC,賴厝段,6.95,都市：其他
RPTQMLLLJHIFFBB47CC,賴厝段,3.58,都市：其他
RPROMLLLJHIFFBB17DC,水源段,61.00,都市：住
RPUNMLLLJHIFFCB37CC,大墩段,39.01,都市：商
RPOPMLLLJHIFFCB96CC,大進段,4.65,非都市： ; 非都市編定：
RPUPMLLLJHIFFCB57CC,三塊厝段,10.95,都市：其他
RPVPMLLLJHIFFCB67CC,西屯段,12.00,都市：住
RPVOMLLLJHIFFGL09DC,大孝段,81.58,都市：住
RPRNMLLLJHIFFBL97CC,和平段,112.00,非都市： ; 非都市編定：
RPSNMLMLJHIFFAB17DC,下橋子頭段,8.39,都市：住
RPQSMLMLJHIFFCB67DC,民安段,90.67,都市：住
RPPOMLMLJHIFFHL58CC,樹孝段,16.23,都市：住
RPPPMLMLJHIFFCB17CC,保安段,13.84,都市：住
RPUNMLMLJHIFFCB47CC,何安段,29.25,非都市： ; 非都市編定：
RPROMLMLJHIFFCB27CC,上石碑段,6.84,都市：住
RPWNMLMLJHIFFCB67CC,何安段,37.35,非都市： ; 非都市編定：
RPPNMLMLJHIFFCL97CC,新庄段,27.31,都市：農
RPRQMLMLJHIFFCB47CC,福安段,.00,都市：住
RPVPMLMLJHIFFCB77CC,中正段,.00,都市：住
RPXNMLMLJHIFFAL58CC,安康段,6.15,非都市： ; 非都市編定：
RPPOMLMLJHIFFBB96CC,乾溝子段,84.00,都市：商
RPOOMLMLJHIFFAL77CC,永豐段,94.62,都市：住
RPRPMLMLJHIFFBB27CC,水湳段,.00,都市：住
RPRPMLMLJHIFFBB27CC,水湳段,.00,都市：住
RPUPMLMLJHIFFBB57CC,東信段,.00,都市：商
RPVQMLMLJHIFFBB77CC,賴厝段,7.02,都市：商
RPUQMLMLJHIFFBB67CC,賴厝段,4.18,都市：商
RPXOMLMLJHIFFAB67CC,後子段,.00,都市：住
RPWQMLMLJHIFFBB87CC,賴厝段,3.68,都市：商
RPTNMLMLJHIFFGL88DC,柳樹湳段,104.17,都市：住
RPWNMLMLJHIFFFL09DC,雅潭段,106.81,都市：住
RPWNMLMLJHIFFFL09DC,雅潭段,38.45,都市：住
RPPNMLMLJHIFFHL58DC,宜欣段,9.31,都市：住
RPXNMLMLJHIFFFL56DC,民生段,25.66,都市：住
RPTPMLNLJHIFFAB47CC,麻園頭段,.00,非都市： ; 非都市編定：
RPQNMLMLJHIFFHL68DC,宜欣段,5.02,都市：住
RPRNMLMLJHIFFHL78DC,宜欣段,17.08,都市：住
RPUPMLNLJHIFFAB57CC,麻園頭段,.00,非都市： ; 非都市編定：
RPPPMLNLJHIFFBB17CC,松竹段,11.42,都市：住
RPPPMLNLJHIFFBB17CC,松竹段,.01,都市：住
RPXQMLNLJHIFFBB08CC,水源段,.00,都市：商
RPXQMLNLJHIFFBB08CC,水源段,.00,都市：商
RPXQMLNLJHIFFBB08CC,水源段,.00,都市：商
RPXQMLNLJHIFFBB08CC,水源段,.00,都市：商
RPXQMLNLJHIFFBB08CC,水源段,.00,都市：商
RPRQMLNLJHIFFBB57DC,昌平段,29.59,都市：住
RPXNMLNLJHIFFFL56CC,家興段,11.82,都市：住
RPRPMLNLJHIFFAL28CC,豐原段,147.00,都市：商
RPWNMLNLJHIFFCB77CC,豐功段,16.30,都市：住
RPOOMLNLJHIFFCB07CC,大墩段,4.43,都市：住
RPWOMLNLJHIFFCB87CC,寶文段,.00,都市：工
RPVOMLNLJHIFFCB77CC,惠智段,5.00,都市：住
RPRSMLNLJHIFFCB77CC,惠安段,10.21,都市：住
RPTSMLNLJHIFFCB97CC,惠安段,10.21,都市：住
RPWTMLNLJHIFFCB38CC,中和段,7.02,都市：住
RPPUMLNLJHIFFCB77CC,中和段,19.48,都市：住
RPPVMLNLJHIFFCB87CC,大墩段,.00,非都市： ; 非都市編定：
RPXNMLNLJHIFFGL66CC,涼傘樹段,20.68,非都市： ; 非都市編定：
RPUVMLNLJHIFFCB38CC,大新段,.00,都市：住
RPUOMLNLJHIFFGL09CC,大孝段,70.53,都市：住
RPRPMLOLJHIFFCB57CC,大新段,84.00,都市：住
RPSPMLOLJHIFFCB67CC,大新段,84.00,都市：住
RPURMLOLJHIFFCB08CC,三塊厝段,94.00,都市：住
RPVQMLOLJHIFFCB08CC,上石碑段,.12,都市：商
RPVQMLOLJHIFFCB08CC,上石碑段,.00,都市：商
RPVQMLOLJHIFFCB08CC,上石碑段,2.14,都市：商
RPVQMLOLJHIFFCB08CC,上石碑段,.39,都市：商
RPVQMLOLJHIFFCB08CC,上石碑段,8.85,都市：商
RPVQMLOLJHIFFCB08CC,上石碑段,.15,都市：商
RPWPMLOLJHIFFBB97CC,北屯段,.00,都市：住
RPXPMLOLJHIFFBB08CC,乾溝子段,.00,都市：住
RPPQMLOLJHIFFBB37CC,東峰段,72.21,都市：住
RPXNMLOLJHIFFAB77CC,麻園頭段,11.19,都市：住
RPQPMLOLJHIFFAB27CC,樹子腳段,.00,都市：住
RPRNMLOLJHIFFAB17CC,大益段,90.00,都市：住
RPSNMLOLJHIFFHL09DC,光明段,87.59,都市：住
RPQNMLPLJHIFFAB17CC,大益段,202.00,都市：住
RPQNMLPLJHIFFAB17CC,大益段,37.00,都市：住
RPTNMLOLJHIFFHL56DC,番子路段,52.00,都市：住
RPOOMLOLJHIFFAB17EC,後子段,32.42,都市：住
RPWOMLPLJHIFFAB87CC,仁愛段六小段,7.00,都市：其他
RPWOMLPLJHIFFAB87CC,仁愛段六小段,47.00,都市：商
RPVNMLPLJHIFFAB67CC,後子段,2.70,都市：住
RPVOMLPLJHIFFBB87CC,北屯段,36.79,都市：住
RPUNMLPLJHIFFBB67CC,北屯段,2533.00,都市：住
RPRPMLPLJHIFFBB57CC,水源段,75.00,都市：住
RPRNMLPLJHIFFBB47DC,文正段,26.80,都市：住
RPSPMLPLJHIFFBB67CC,東山段,72.00,都市：住
RPWRMLPLJHIFFCB38CC,國安段,.00,都市：住
RPSVMLPLJHIFFCB38CC,田心段,23.66,都市：住
RPQNMLPLJHIFFAL28DC,豐社段,198.34,都市：農
RPQOMLPLJHIFFAB37DC,麻園頭段,2.96,都市：商
RPQOMLPLJHIFFAL38DC,北陽段,14.99,都市：住
RPWNMLPLJHIFFFL76DC,栗林段,92.36,都市：住
RPWNMLQLJHIFFAB87CC,大益段,9.00,都市：住
RPWNMLQLJHIFFBB97CC,松昌段,20.76,都市：住
RPWNMLQLJHIFFBB97CC,松昌段,17.30,都市：住
RPWNMLQLJHIFFBB97CC,松昌段,22.14,都市：住
RPQNMLRLJHIFFCL58CC,南簡段,91.00,都市：住
RPPNMLRLJHIFFCL48CC,南簡段,91.00,都市：住
RPRNMLSLJHIFFAL58CC,四塊厝段,1464.00,非都市：特定農業區 ; 非都市編定：農牧用地
RPWNMLSLJHIFFAL09CC,大社東段,78.57,都市：住
RPOQMLSLJHIFFCB77CC,豐富段,24.13,非都市： ; 非都市編定：
RPWSMLSLJHIFFAB58CC,自由段三小段,13.00,都市：商
RPVNMLSLJHIFFBB08CC,北屯段,62.00,都市：住
RPXNMLSLJHIFFBB28CC,平田段,8.79,都市：住
RPXNMLSLJHIFFBB28CC,平田段,1.62,都市：住
RPPNMLSLJHIFFHL09CC,光興段,61.40,都市：住
RPXWMLTLJHIFFAB66DC,花園段三小段,2.00,都市：住
RPXWMLTLJHIFFAB66DC,忠孝段三小段,30.00,都市：住
RPSNMLTLJHIFFCB97CC,三塊厝段,634.00,都市：住
RPWRMLTLJHIFFCB78CC,大新段,25.71,都市：住
RPUQNLTLJHIFFAB38CC,麻園頭段,198.71,都市：住
RPXRMLTLJHIFFCB88CC,大新段,14.05,都市：住
RPRPMLTLJHIFFAB87CC,土庫段,3.02,都市：商
RPRPMLTLJHIFFAB87CC,土庫段,22.38,都市：商
RPXNNLTLJHIFFAB38CC,麻園頭段,19.86,都市：住
RPWNMLTLJHIFFBB38DC,北屯段,12.73,都市：住
RPQOMLKMJHIFFBB07DC,中清段,73.81,都市：住
RPUNMLKMJHIFFCL38CC,梧棲段,19.79,都市：住
RPORMLKMJHIFFCL18CC,新興段,.00,非都市：鄉村區 ; 非都市編定：乙種建築用地
RPSQMLKMJHIFFAB27CC,麻園頭段,14.20,都市：住
RPOOMLKMJHIFFBB76CC,同榮段,11.32,都市：住
RPRQMLKMJHIFFBB27CC,賴厝段,20.02,都市：住
RPRQMLKMJHIFFCB37CC,寶山段,20.83,都市：住
RPWNMLKMJHIFFCB67DC,豐富段,70.00,都市：住
RPXOMLKMJHIFFCB77CC,田心段,84.00,都市：住
RPXOMLKMJHIFFCB77CC,田心段,2.00,都市：住
RPPPMLKMJHIFFCB17DC,寶山段,91.17,都市：住
RPQNMLLMJHIFFAB86CC,樹子腳段,3.25,都市：住
RPXQMLKMJHIFFCB97CC,豐功段,17.28,都市：商
RPVUMLLMJHIFFAB08CC,旱清段,74.94,都市：住
RPSVMLLMJHIFFAB87CC,麻園頭段,.00,都市：住
RPUVMLLMJHIFFAB08CC,土庫段,.00,都市：住
RPRPMLLMJHIFFBB37DC,賴厝段,3.06,都市：住
RPTPMLLMJHIFFBB57DC,賴厝段,3.06,都市：住
RPUPMLLMJHIFFBB67DC,賴厝段,2.87,都市：住
