﻿鄉鎮市區,交易標的,土地區段位置/建物區段門牌,土地移轉總面積平方公尺,都市土地使用分區,非都市土地使用分區,非都市土地使用編定,交易年月日,交易筆棟數,移轉層次,總樓層數,建物型態,主要用途,主要建材,建築完成年月,建物移轉總面積平方公尺,建物現況格局-房,建物現況格局-廳,建物現況格局-衛,建物現況格局-隔間,有無管理組織,總價元,單價元/平方公尺,車位類別,車位移轉總面積平方公尺,車位總價元,備註,編號
The villages and towns urban district,transaction sign,land sector position/building sector house number plate,land shifting total area square meter,the use zoning or compiles and checks,the non-metropolis land use district,non-metropolis land use,transaction year, month and day,transaction pen number,shifting level,total floor number,building state,main use,main building materials,construction to complete the years,building shifting total area,Building present situation pattern - room,building present situation pattern - hall,building present situation pattern - health,building present situation pattern - compartmented,Whether there is manages the organization,total price Yuan,the unit price a Yuan/square meter,the berth category,berth shifting total area square meter,the berth total price Yuan,the note,serial number
中正區,房地(土地+建物)+車位,港濱段1321~1350地號,28.52,住,,,1001011,土地1建物1車位1,五層,13,住宅大樓(11層含以上有電梯),住家用,鋼筋混凝土造,,256.3,3,2,3,有,無,19200000,83095,坡道平面,39.68,1200000,,RPUNMLOJKIHFFBC57DB
中正區,房地(土地+建物)+車位,港濱段1321~1350地號,28.55,住,,,1010730,土地1建物1車位1,六層,13,住宅大樓(11層含以上有電梯),住家用,鋼筋混凝土造,,257.79,3,2,3,有,無,19680000,82232,坡道平面,33.06,1200000,,RPVNMLOJKIHFFBC67DB
中正區,房地(土地+建物)+車位,港濱段1321~1350地號,28.52,住,,,1001125,土地1建物1車位1,七層,13,住宅大樓(11層含以上有電梯),住家用,鋼筋混凝土造,,256.2,3,2,3,有,無,20900000,90985,坡道平面,39.68,1200000,,RPWNMLOJKIHFFBC77DB
中正區,房地(土地+建物)+車位,港濱段1321~1350地號,28.6,住,,,1001125,土地1建物1車位1,七層,13,住宅大樓(11層含以上有電梯),住家用,鋼筋混凝土造,,256.95,3,2,3,有,無,19100000,82386,坡道平面,39.68,1200000,,RPRNMLQJKIHFFBC47DB
中正區,房地(土地+建物)+車位,港濱段1321~1350地號,28.63,住,,,1011112,土地1建物1車位1,五層,13,住宅大樓(11層含以上有電梯),住家用,鋼筋混凝土造,,258.55,2,2,3,有,無,21000000,85148,坡道機械,33.06,1800000,,RPWOMLQJKIHFFBC08DB
中正區,房地(土地+建物)+車位,港濱段1321~1350地號,28.6,住,,,1001015,土地1建物1車位1,四層,13,住宅大樓(11層含以上有電梯),住家用,鋼筋混凝土造,,256.96,3,2,3,有,無,17000000,72717,坡道平面,39.68,1200000,,RPUOMLLKKIHFFBC47DB
