﻿編號,屋齡,建物移轉面積平方公尺,主要用途,主要建材,建築完成日期,總層數,建物分層
The serial number,room age,building shifting area square meter,the main use,main building materials,construction completes the date,total layer,building lamination
RPOOMLNJJIHFFAD86CC,4,57.06,見其他登記事項,鋼筋混凝土構造,97年12月19日,十四層,
RPOOMLNJJIHFFAD86CC,4,10.62,共有部分,鋼筋混凝土構造,97年12月19日,十四層,
RPOOMLNJJIHFFAD86CC,4,10.79,共有部分,鋼筋混凝土構造,97年12月19日,十四層,
RPQNMLOJJIHFFCR68CC,25,164.28,住家用,加強磚造,76年12月17日,二層,
RPUOMLMJJIHFFAD37CC,14,166.41,住商用,鋼筋混凝土構造,87年7月28日,三層,
RPOOMLMJJIHFFAD76CC,4,90.64,見其他登記事項,鋼筋混凝土構造,97年10月23日,三層,
RPOOMLMJJIHFFAD76CC,4,14.94,共有部分,鋼筋混凝土構造,97年10月23日,三層,
RPRNMLOJJIHFFAR58CC,6,76.29,住商用,鋼骨鋼筋混凝土造,96年4月27日,四層,
RPSNMLOJJIHFFAR68CC,19,78.50,住商用,鋼造,82年8月3日,一層,
RPQNMLOJJIHFFAR48CC,19,87.76,住家用,鋼筋混凝土造,82年9月14日,六層,
RPQNMLOJJIHFFAR48CC,19,25.03,共有部分,鋼筋混凝土造,82年9月14日,六層,
RPPNMLOJJIHFFAR38CC,,192.18,住商用,鋼筋混凝土造,,三層,
RPXNMLPJJIHFFAR66CC,,85.30,住家用,見其他登記事項,,二層,
RPVNMLPJJIHFFAR09CC,23,72.27,住商用,鋼筋混凝土造,78年5月19日,四層,
RPPNMLRJJIHFFAR68CC,19,60.74,住家用,鋼筋混凝土造,82年8月13日,五層,
RPQPMLRJJIHFFAD57CC,8,112.54,國民住宅,鋼筋混凝土構造,93年5月21日,十層,
RPTOMLQJJIHFFAD77DC,25,83.99,住家用,鋼筋混凝土構造,76年6月12日,二層,
RPQNMLQJJIHFFER56DC,15,198.27,住商用,鋼筋混凝土造,87年8月12日,四層,
RPPNMLLKJIHFFCD96CC,12,117.27,商業用,鋼筋混凝土構造,89年6月21日,十二層,
RPVOMLTJJIHFFHR67CC,8,22.40,住家用,鋼筋混凝土造,93年9月24日,四層,
RPPNMLKKJIHFFAD66CC,15,112.70,住家用,鋼筋混凝土構造,87年1月5日,二十六層,
RPPNMLKKJIHFFAD66CC,15,30.89,共有部分,鋼筋混凝土構造,87年1月5日,二十六層,
RPQNMLKKJIHFFHR88CC,19,70.04,住家用,鋼筋混凝土造,82年12月30日,九層,
RPQNMLKKJIHFFHR88CC,19,35.56,共有部分,鋼筋混凝土造,82年12月30日,九層,
RPQNMLNKJIHFFHR56CC,31,25.17,住家用,鋼筋混凝土造,70年6月4日,五層,
RPSNMLMKJIHFFDR88CC,17,195.48,住家用,鋼筋混凝土造,85年4月11日,四層,
RPPNMLKKJIHFFBD76CC,1,157.38,住家用,鋼筋混凝土構造,100年5月16日,四層,
RPSOMLNKJIHFFAR78CC,20,26.52,住家用,鋼筋混凝土造,81年12月14日,五層,
RPSOMLNKJIHFFAR78CC,20,8.13,共有部分,鋼筋混凝土造,81年12月14日,五層,
RPRNMLNKJIHFFHR66CC,19,470.77,住商用,鋼筋混凝土造,82年11月15日,五層,
RPXOMLNKJIHFFAD87CC,5,178.65,見其他登記事項,鋼筋混凝土構造,96年8月15日,二十一層,
RPPNMLOKJIHFFER88CC,19,24.00,住家用,鋼筋混凝土造,83年1月19日,三層,
RPTNMLOKJIHFFCD67CC,16,46.92,見其他登記事項,鋼筋混凝土構造,85年10月5日,十六層,
RPROMLOKJIHFFHR86CC,5,185.06,住商用,鋼筋混凝土造,97年4月10日,四層,
RPQNMLOKJIHFFAD17CC,37,403.22,住商用,鋼筋混凝土構造,65年2月14日,五層,
RPRNMLOKJIHFFER09CC,1,24.00,住家用,鋼筋混凝土造,101年2月2日,四層,
RPPNMLTKJIHFFDR76DC,6,168.94,見其他登記事項,鋼筋混凝土造,95年12月22日,三層,
RPSNMLKLJIHFFER88CC,8,186.77,見其他登記事項,鋼筋混凝土造,94年3月7日,四層,
RPPPMLLLJIHFFCD27CC,24,33.77,住家用,鋼筋混凝土構造,78年5月12日,五層,
RPPPMLLLJIHFFCD27CC,24,7.47,共有部分,鋼筋混凝土構造,78年5月12日,五層,
RPXOMLLLJIHFFCD97CC,31,65.06,住家用,鋼筋混凝土構造,70年12月26日,七層,
RPXOMLLLJIHFFCD97CC,31,6.58,共有部分,鋼筋混凝土構造,70年12月26日,七層,
RPQPMLLLJIHFFCD37CC,32,158.50,住商用,鋼筋混凝土構造,70年1月5日,三層,
RPRNMLOKJIHFFFR56CC,21,50.77,住商用,鋼筋混凝土造,81年3月14日,三層,
RPUPMLLLJIHFFCD77CC,12,16.53,見其他登記事項,鋼筋混凝土構造,89年11月16日,四層,
RPTPMLLLJIHFFCD67CC,22,18.86,住家用,鋼筋混凝土構造,79年9月26日,十二層,
RPRPMLLLJIHFFCD47CC,17,19.83,住家用,鋼筋混凝土構造,85年3月1日,五層,
RPVOMLLLJIHFFAD57CC,27,133.43,住商用,鋼筋混凝土構造,74年5月15日,五層,
RPVOMLLLJIHFFAD57CC,27,42.64,共有部分,鋼筋混凝土構造,74年5月15日,五層,
RPOPMLLLJIHFFAD96CC,30,96.83,住家用,鋼筋混凝土構造,71年12月7日,四層,
RPOPMLLLJIHFFAD96CC,,14.60,共有部分,鋼筋混凝土構造,,四層,
RPOOMLLLJIHFFHR98CC,16,85.21,住家用,鋼筋混凝土造,85年7月25日,十二層,
RPOOMLLLJIHFFHR98CC,16,19.95,共有部分,鋼筋混凝土造,85年7月25日,十二層,
RPROMLLLJIHFFBD27CC,35,119.70,住家用,加強磚造,67年2月14日,二層,
RPQPMLLLJIHFFAD17CC,18,28.99,住家用,鋼筋混凝土構造,84年3月7日,十二層,
RPQPMLLLJIHFFAD17CC,18,3.75,共有部分,鋼筋混凝土構造,84年3月7日,十二層,
RPQPMLLLJIHFFAD17CC,18,6.05,共有部分,鋼筋混凝土構造,84年3月7日,十二層,
RPXOMLLLJIHFFAD77CC,15,26.02,住家用,鋼筋混凝土構造,87年2月19日,二十一層,
RPXOMLLLJIHFFAD77CC,15,10.00,共有部分,鋼筋混凝土構造,87年2月19日,二十一層,
RPVNMLLLJIHFFHR96CC,37,83.82,住家用,加強磚造,65年2月6日,二層,
RPPNMLMLJIHFFBD07CC,20,122.48,住家用,鋼筋混凝土構造,81年6月3日,二層,
RPVNMLMLJIHFFAD57CC,3,177.38,見其他登記事項,鋼筋混凝土構造,99年4月6日,十四層,
RPWNMLLLJIHFFFR07EC,32,71.78,住家用,鋼筋混凝土造,69年8月22日,三層,
RPRPMLLLJIHFFAD27CC,28,16.53,住家用,鋼筋混凝土構造,74年2月5日,二層,
RPQOMLNLJIHFFCD47CC,15,106.76,住家用,鋼筋混凝土構造,86年10月8日,十二層,
RPPOMLNLJIHFFCD37CC,30,85.27,國民住宅,鋼筋混凝土構造,71年5月28日,五層,
RPSNMLQLJIHFFER86CC,18,177.85,住商用,鋼筋混凝土造,83年9月21日,四層,
RPOOMLRLJIHFFHR07DC,15,77.69,住商用,鋼筋混凝土造,86年5月29日,二十層,
RPRNMLQLJIHFFDR66CC,21,110.56,住家用,鋼筋混凝土造,80年10月28日,二層,
RPWNMLSLJIHFFHR77CC,28,108.29,住商用,鋼筋混凝土造,73年11月3日,二層,
RPRNMLSLJIHFFHR27CC,21,218.32,住家用,鋼筋混凝土造,80年11月2日,四層,
RPVOMLSLJIHFFHR77CC,17,56.33,住家用,鋼筋混凝土造,85年4月26日,六層,
RPVOMLSLJIHFFHR77CC,17,5.38,共有部分,鋼筋混凝土造,85年4月26日,六層,
RPVOMLSLJIHFFHR77CC,17,19.74,共有部分,鋼筋混凝土造,85年4月26日,六層,
RPSOMLTLJIHFFCD28CC,23,235.25,住商用,鋼筋混凝土構造,78年9月6日,四層,
RPROMLSLJIHFFCD08CC,31,86.78,住家用,鋼筋混凝土構造,71年2月17日,五層,
RPROMLSLJIHFFCD08CC,31,13.08,共有部分,鋼筋混凝土構造,71年2月17日,五層,
RPOPMLQLJIHFFHR07DC,19,53.47,住家用,鋼筋混凝土造,82年8月12日,四層,
RPOPMLRLJIHFFHR07CC,22,37.26,見其他登記事項,鋼造,79年12月5日,二十四層,
RPOPMLRLJIHFFHR07CC,22,1.17,共有部分,鋼造,79年12月5日,二十四層,
RPOPMLRLJIHFFHR07CC,22,2.19,共有部分,鋼造,79年12月5日,二十四層,
RPOPMLRLJIHFFHR07CC,22,1.99,共有部分,鋼造,79年12月5日,二十四層,
RPOPMLRLJIHFFHR07CC,22,5.47,共有部分,鋼造,79年12月5日,二十四層,
RPTPMLTLJIHFFAD28CC,17,74.99,住家用,鋼筋混凝土構造,84年7月29日,十七層,
RPVNMLSLJIHFFHR67CC,19,288.15,見其他登記事項,鋼筋混凝土造,82年11月23日,五層,
RPVNMLSLJIHFFHR67CC,19,57.92,共有部分,鋼筋混凝土造,82年11月23日,五層,
RPWOMLTLJIHFFAD48CC,17,77.60,住家用,鋼筋混凝土構造,84年7月29日,十七層,
RPPOMLKMJIHFFHR09CC,21,25.56,住家用,鋼筋混凝土造,80年6月19日,七層,
RPRNMLLJKIHFFHR09CC,8,47.98,住商用,鋼筋混凝土造,93年8月10日,四層,
RPQNMLLJKIHFFHR98CC,20,162.20,住家用,鋼筋混凝土造,81年4月9日,七層,
RPTNMLKMJIHFFCD47CC,1,181.28,見其他登記事項,鋼筋混凝土構造,100年12月5日,四層,
RPWNMLLJKIHFFHR96CC,20,249.98,住商用,鋼筋混凝土造,81年9月19日,二十層,
RPPNMLLJKIHFFDR48CC,20,227.93,住商用,鋼筋混凝土造,81年12月2日,四層,
RPSOMLKMJIHFFCD47CC,25,235.00,住商用,鋼筋混凝土構造,76年9月22日,四層,
RPOOMLKMJIHFFCD07CC,23,216.47,住家用,鋼筋混凝土構造,79年1月11日,五層,
RPQNMLLJKIHFFAR28CC,20,98.77,住家用,鋼筋混凝土造,81年7月7日,七層,
RPQNMLLJKIHFFAR28CC,20,38.50,共有部分,鋼筋混凝土造,81年7月7日,七層,
RPQNMLLJKIHFFBD96CC,22,202.98,住家用,鋼筋混凝土構造,80年1月19日,三層,
RPPNMLLJKIHFFAR18CC,32,68.43,住商用,加強磚造,70年3月16日,二層,
RPSNMLLJKIHFFAR48CC,15,65.68,住商用,鋼筋混凝土造,87年4月10日,四層,
RPTNMLLJKIHFFAR58CC,26,197.05,住商用,鋼筋混凝土造,76年4月2日,三層,
RPPNMLMJKIHFFHR98CC,14,21.66,住家用,鋼筋混凝土造,88年4月26日,七層,
RPPNMLMJKIHFFHR98CC,13,.44,見其他登記事項,鋼筋混凝土造,88年7月1日,十三層,
RPPNMLMJKIHFFHR98CC,13,3.06,見其他登記事項,鋼筋混凝土造,88年7月1日,十三層,
RPRNMLLJKIHFFAR38CC,21,230.46,住家用,鋼筋混凝土造,80年12月4日,四層,
RPOOMLLJKIHFFAD76CC,23,227.05,住商用,鋼筋混凝土構造,78年12月16日,四層,
RPQOMLNJKIHFFAD17CC,1,104.78,見其他登記事項,見其他登記事項,100年10月24日,四層,
RPVNMLOJKIHFFAD67CC,20,251.16,住商用,鋼筋混凝土構造,82年3月27日,四層,
RPQOMLOJKIHFFHR76CC,17,40.37,住家用,鋼筋混凝土造,84年12月4日,十五層,
RPQOMLOJKIHFFHR76CC,17,24.46,共有部分,鋼筋混凝土造,84年12月4日,十五層,
RPXNMLOJKIHFFER17DC,15,131.57,住家用,鋼筋混凝土造,86年9月6日,五層,
RPQQMLPJKIHFFHR07CC,17,34.72,住家用,鋼筋混凝土造,84年12月4日,十五層,
RPQQMLPJKIHFFHR07CC,17,24.46,共有部分,鋼筋混凝土造,84年12月4日,十五層,
RPWQMLPJKIHFFHR67CC,17,84.11,住家用,鋼筋混凝土造,85年1月29日,十六層,
RPWQMLPJKIHFFHR67CC,17,13.04,住家用,鋼筋混凝土造,85年1月29日,十六層,
RPWQMLPJKIHFFHR67CC,17,12.52,共有部分,鋼筋混凝土造,85年1月29日,十七層,
RPWQMLPJKIHFFHR67CC,17,4.32,共有部分,鋼筋混凝土造,85年1月29日,十六層,
RPSNMLOJKIHFFCD57CC,22,39.44,住家用,鋼筋混凝土構造,79年7月2日,七層,
RPSNMLOJKIHFFCD57CC,22,4.25,共有部分,鋼筋混凝土構造,79年7月2日,七層,
RPSNMLOJKIHFFCD57CC,22,5.99,共有部分,鋼筋混凝土構造,79年7月2日,七層,
RPTOMLPJKIHFFBD77CC,4,247.08,見其他登記事項,鋼筋混凝土構造,97年11月28日,四層,
RPTOMLPJKIHFFBD77CC,4,.23,共有部分,鋼筋混凝土構造,97年11月28日,一層,
RPTOMLPJKIHFFER86CC,15,79.57,住家用,鋼筋混凝土造,86年8月25日,八層,
RPROMLQJKIHFFER76CC,34,167.83,住商用,加強磚造,68年5月24日,二層,
RPPOMLPJKIHFFCD47CC,12,90.37,商業用,見其他登記事項,90年5月16日,一層,
RPSNMLQJKIHFFDR66CC,19,32.69,見其他登記事項,鋼筋混凝土造,82年8月7日,一層,
RPSNMLQJKIHFFDR66CC,19,621.05,工業用,鋼筋混凝土造,82年8月7日,一層,
RPSNMLQJKIHFFDR66CC,19,115.30,見其他登記事項,鋼筋混凝土造,82年8月7日,二層,
RPWOMLPJKIHFFAD97CC,5,24.23,見其他登記事項,見其他登記事項,96年8月24日,十四層,
RPWOMLPJKIHFFAD97CC,5,3.25,共有部分,見其他登記事項,96年8月24日,十四層,
RPWOMLPJKIHFFAD97CC,5,6.21,共有部分,見其他登記事項,96年8月24日,十四層,
RPVNMLQJKIHFFAD87CC,15,22.86,住家用,鋼筋混凝土構造,87年2月19日,二十一層,
RPTOMLQJKIHFFER96CC,18,75.04,住家用,鋼筋混凝土造,83年8月6日,八層,
RPTNMLQJKIHFFCD87CC,15,273.60,見其他登記事項,鋼筋混凝土構造,86年10月22日,五層,
RPWNMLQJKIHFFCD18CC,5,172.77,住家用,鋼筋混凝土構造,96年9月6日,十四層,
RPWNMLQJKIHFFHR47CC,7,154.42,工業用,見其他登記事項,94年12月27日,一層,
RPVQMLQJKIHFFHR67CC,20,209.33,住商用,鋼筋混凝土造,81年11月16日,四層,
RPWOMLQJKIHFFCD38DC,29,161.26,住商用,鋼筋混凝土構造,73年4月9日,三層,
RPWOMLQJKIHFFCD38DC,29,165.81,住商用,鋼筋混凝土構造,73年4月9日,三層,
RPRNMLQJKIHFFAD57DC,25,49.86,住家用,鋼筋混凝土構造,76年6月12日,二層,
RPRNMLQJKIHFFDR66DC,19,183.59,住家用,鋼筋混凝土造,83年5月18日,三層,
RPPOMLRJKIHFFAD57DC,33,123.84,住商用,加強磚造,69年4月18日,二層,
RPPNMLRJKIHFFER56CC,2,197.24,見其他登記事項,鋼筋混凝土造,100年1月12日,四層,
RPPNMLTJKIHFFAR98CC,33,87.78,住家用,鋼筋混凝土造,68年11月24日,四層,
RPQOMLKKKIHFFCD17CC,5,26.54,住家用,鋼筋混凝土構造,97年2月29日,十四層,
RPOPMLLKKIHFFAD96CC,12,80.51,見其他登記事項,鋼筋混凝土構造,89年11月20日,十四層,
RPOPMLLKKIHFFAD96CC,12,10.49,共有部分,鋼筋混凝土構造,89年11月20日,十四層,
RPOPMLLKKIHFFAD96CC,12,23.41,共有部分,鋼筋混凝土構造,89年11月20日,十四層,
RPUNMLKKKIHFFAD27CC,13,110.84,見其他登記事項,鋼筋混凝土構造,89年3月6日,二十五層,
RPRNMLKKKIHFFAD07DC,9,149.39,見其他登記事項,鋼筋混凝土構造,92年9月16日,十四層,
RPUNMLLKKIHFFBD57DC,18,273.96,住家用,鋼筋混凝土構造,83年9月10日,五層,
RPXOMLLKKIHFFAD77CC,31,44.58,住家用,鋼筋混凝土構造,71年2月23日,七層,
RPXOMLLKKIHFFAD77CC,31,14.21,共有部分,鋼筋混凝土構造,71年2月23日,七層,
RPTOMLLKKIHFFAD37CC,18,28.99,住家用,鋼筋混凝土構造,84年3月7日,十二層,
RPTOMLLKKIHFFAD37CC,18,3.75,共有部分,鋼筋混凝土構造,84年3月7日,十二層,
RPTOMLLKKIHFFAD37CC,18,6.05,共有部分,鋼筋混凝土構造,84年3月7日,十二層,
RPSOMLMKKIHFFAD47DC,5,84.47,見其他登記事項,見其他登記事項,96年8月24日,十四層,
RPOOMLLKKIHFFCD07CC,27,79.73,住家用,鋼筋混凝土構造,75年2月6日,五層,
RPOOMLLKKIHFFCD07CC,27,9.03,共有部分,鋼筋混凝土構造,75年2月6日,五層,
RPWNMLMKKIHFFDR76CC,38,12.40,見其他登記事項,見其他登記事項,63年6月21日,二層,
RPQNMLOKKIHFFHR76CC,16,215.68,見其他登記事項,鋼筋混凝土造,85年12月30日,四層,
RPUNMLMKKIHFFHR96CC,6,214.03,住家用,鋼筋混凝土造,96年6月8日,四層,
RPXNMLNKKIHFFHR37CC,17,40.37,住家用,鋼筋混凝土造,84年12月4日,十五層,
RPXNMLNKKIHFFHR37CC,17,24.46,共有部分,鋼筋混凝土造,84年12月4日,十五層,
RPQNMLPKKIHFFER56CC,1,223.93,見其他登記事項,鋼筋混凝土造,100年11月7日,四層,
RPSOMLNKKIHFFAD47CC,18,21.33,住家用,鋼筋混凝土構造,83年12月16日,十三層,
RPROMLNKKIHFFAD37CC,5,60.12,見其他登記事項,鋼筋混凝土構造,96年12月27日,十九層,
RPOPMLNKKIHFFAD17CC,5,103.44,見其他登記事項,鋼筋混凝土構造,96年12月27日,十九層,
RPOPMLNKKIHFFAD17CC,5,60.13,共有部分,鋼筋混凝土構造,96年12月27日,十九層,
RPRQMLNKKIHFFAD57CC,9,95.01,國民住宅,鋼筋混凝土構造,93年3月30日,十層,
RPRNMLSKKIHFFCR86DC,19,147.63,住商用,鋼筋混凝土造,83年2月25日,八層,
RPOPMLTKKIHFFAD77CC,5,44.29,見其他登記事項,鋼筋混凝土構造,96年6月29日,7,
RPOPMLTKKIHFFAD77CC,5,3.89,共有部分,鋼筋混凝土構造,96年6月29日,七層,
RPOPMLTKKIHFFAD77CC,5,4.00,共有部分,鋼筋混凝土構造,96年6月29日,七層,
RPUNMLKLKIHFFER56CC,19,156.30,住家用,鋼筋混凝土造,82年7月29日,三層,
RPUNMLTKKIHFFBD28CC,1,157.52,住家用,鋼筋混凝土構造,101年1月10日,四層,
RPPNMLSKKIHFFAR98CC,19,72.35,住家用,鋼筋混凝土造,82年10月19日,七層,
RPPNMLSKKIHFFAR98CC,19,41.23,共有部分,鋼筋混凝土造,82年10月19日,七層,
RPSNMLPKKIHFFER76CC,18,71.12,住家用,鋼筋混凝土造,83年8月6日,八層,
RPPNMLKLKIHFFHR98CC,8,48.71,住商用,鋼筋混凝土造,93年7月27日,五層,
RPVNMLLLKIHFFCD77CC,23,163.70,商業用,鋼筋混凝土構造,78年10月3日,十一層,
RPVNMLLLKIHFFCD77CC,23,36.73,共有部分,鋼筋混凝土構造,78年10月3日,十一層,
RPPNMLKLKIHFFCD07CC,13,92.94,商業用,鋼筋混凝土構造,89年6月21日,十二層,
RPWNMLPLKIHFFAD08CC,5,60.50,見其他登記事項,鋼筋混凝土構造,96年12月27日,十九層,
RPWNMLPLKIHFFAD08CC,5,53.77,共有部分,鋼筋混凝土構造,96年12月27日,十九層,
RPVNMLPLKIHFFAD97CC,12,25.66,見其他登記事項,鋼筋混凝土構造,89年11月20日,十四層,
RPVNMLPLKIHFFAD97CC,12,7.44,共有部分,鋼筋混凝土構造,89年11月20日,十四層,
RPROMLPLKIHFFHR17CC,19,178.80,住商用,鋼筋混凝土造,82年12月6日,四層,
RPTNMLQLKIHFFCD08CC,42,77.62,住家用,見其他登記事項,60年4月20日,二層,
RPXNMLOLKIHFFFR37CC,35,96.00,住家用,加強磚造,67年5月1日,二層,
RPQOMLPLKIHFFCD77CC,8,226.53,見其他登記事項,鋼筋混凝土構造,93年11月23日,五層,
RPXNMLPLKIHFFCD38CC,18,84.83,住家用,鋼筋混凝土構造,84年1月6日,二十五層,
RPXNMLPLKIHFFCD38CC,18,46.41,共有部分,鋼筋混凝土構造,84年1月6日,二十五層,
RPUNMLQLKIHFFCD28DC,5,49.88,見其他登記事項,鋼筋混凝土構造,97年2月29日,14,
RPUNMLQLKIHFFCD28DC,5,51.70,見其他登記事項,鋼筋混凝土構造,97年2月29日,14,
RPUNMLQLKIHFFCD28DC,5,78.46,見其他登記事項,鋼筋混凝土構造,97年2月29日,14,
RPUNMLQLKIHFFCD28DC,5,59.61,見其他登記事項,鋼筋混凝土構造,97年2月29日,14,
RPUNMLQLKIHFFCD28DC,5,44.66,共有部分,鋼筋混凝土構造,97年2月29日,十四層,
RPVNMLQLKIHFFCD38DC,,2712.73,見其他登記事項,見其他登記事項,101年10月17日,四層,
RPVNMLQLKIHFFER37DC,19,284.78,見其他登記事項,鋼筋混凝土造,81年11月9日,三層,
RPVNMLRLKIHFFFR47CC,24,466.38,工業用,加強磚造,78年3月18日,二層,
RPRNMLQLKIHFFBR66DC,16,144.50,住家用,鋼筋混凝土造,85年8月5日,三層,
RPQNMLRLKIHFFER96DC,20,284.78,見其他登記事項,鋼筋混凝土造,81年11月9日,三層,
RPVNMLRLKIHFFBD28CC,4,192.36,見其他登記事項,鋼筋混凝土構造,98年1月14日,四層,
RPWNMLQLKIHFFER47DC,15,199.54,見其他登記事項,鋼筋混凝土造,86年9月11日,四層,
RPUOMLSLKIHFFHR77CC,18,13.23,住商用,鋼筋混凝土造,83年7月22日,七層,
RPRNMLRLKIHFFER07DC,17,205.83,住商用,鋼筋混凝土造,85年3月15日,四層,
RPUNMLSLKIHFFER37CC,43,93.53,住家用,加強磚造,59年5月1日,二層,
RPQNMLLMKIHFFHR66CC,28,104.96,住家用,鋼筋混凝土造,74年2月12日,二層,
RPRNMLLMKIHFFHR76CC,20,243.71,住商用,鋼筋混凝土造,82年5月8日,四層,
RPRNMLMJJHIFFER78CC,22,130.05,住商用,鋼筋混凝土造,80年4月27日,三層,
RPVNMLSLKIHFFER47CC,43,93.53,住家用,加強磚造,59年5月1日,二層,
RPPNMLLMKIHFFHR56CC,19,246.18,住商用,鋼筋混凝土造,83年4月27日,四層,
RPQNMLLJJHIFFAD76CC,26,75.18,住家用,鋼筋混凝土構造,75年12月18日,五層,
RPXNMLNJJHIFFER86CC,23,49.32,住家用,鋼筋混凝土造,78年12月9日,三層,
RPPOMLNJJHIFFER78CC,23,89.24,住家用,鋼筋混凝土造,78年12月9日,三層,
RPTNMLNJJHIFFDR09DC,19,233.22,見其他登記事項,鋼筋混凝土造,82年12月6日,三層,
RPPOMLMJJHIFFHR98CC,17,116.60,住家用,鋼筋混凝土造,85年4月15日,十二層,
RPPOMLNJJHIFFAD96CC,9,98.00,國民住宅,鋼筋混凝土構造,92年9月16日,十三層,
RPPOMLNJJHIFFAD96CC,9,24.81,見其他登記事項,鋼筋混凝土構造,92年9月16日,十三層,
RPPOMLNJJHIFFAD96CC,9,36.59,見其他登記事項,鋼筋混凝土構造,92年9月16日,十三層,
RPQOMLNJJHIFFAD07CC,17,20.29,住家用,鋼筋混凝土構造,84年9月6日,五層,
RPQOMLNJJHIFFAD07CC,17,4.58,共有部分,鋼筋混凝土構造,84年9月6日,五層,
RPQOMLNJJHIFFAD07CC,17,1.97,共有部分,鋼筋混凝土構造,84年9月6日,五層,
RPROMLOJJHIFFAD27CC,32,49.43,住家用,鋼筋混凝土構造,70年3月20日,五層,
RPROMLOJJHIFFAD27CC,32,9.24,共有部分,鋼筋混凝土構造,70年3月20日,五層,
RPROMLOJJHIFFAD27CC,32,1.72,共有部分,鋼筋混凝土構造,70年3月20日,五層,
RPSOMLOJJHIFFAD37CC,46,19.46,住家用,加強磚造,56年5月1日,三層,
RPWOMLOJJHIFFAD77CC,20,45.43,住家用,鋼筋混凝土構造,82年6月12日,十二層,
RPWOMLOJJHIFFAD77CC,20,10.08,共有部分,鋼筋混凝土構造,82年6月12日,十二層,
RPXOMLOJJHIFFAD87CC,32,108.19,住家用,鋼筋混凝土構造,70年4月14日,三層,
RPPPMLOJJHIFFAD17CC,16,29.42,見其他登記事項,鋼筋混凝土構造,85年8月21日,十三層,
RPPPMLOJJHIFFAD17CC,16,6.79,共有部分,鋼筋混凝土構造,85年8月21日,十三層,
RPPPMLOJJHIFFAD17CC,16,4.89,共有部分,鋼筋混凝土構造,85年8月21日,十三層,
RPRPMLOJJHIFFAD37CC,17,60.41,住家用,鋼筋混凝土構造,84年9月12日,十八層,
RPRPMLOJJHIFFAD37CC,17,10.04,共有部分,鋼筋混凝土構造,84年9月12日,十八層,
RPRPMLOJJHIFFAD37CC,17,8.25,共有部分,鋼筋混凝土構造,84年9月12日,十八層,
RPWNMLOJJHIFFER86CC,19,151.53,見其他登記事項,鋼筋混凝土造,82年8月4日,七層,
RPWNMLOJJHIFFER86CC,19,29.81,見其他登記事項,鋼筋混凝土造,82年8月4日,七層,
RPVNMLPJJHIFFER86CC,18,117.15,住家用,鋼筋混凝土造,83年9月23日,八層,
RPXNMLPJJHIFFER07CC,11,166.32,見其他登記事項,鋼筋混凝土造,91年2月21日,三層,
RPWNMLPJJHIFFER96CC,34,102.40,住商用,加強磚造,68年5月24日,二層,
RPUOMLOJJHIFFCD77CC,15,38.24,住家用,鋼筋混凝土構造,87年4月13日,七層,
RPXNMLOJJHIFFCD97CC,25,135.89,住家用,鋼筋混凝土構造,77年7月18日,二層,
RPQOMLOJJHIFFCD37CC,7,250.00,見其他登記事項,見其他登記事項,95年1月17日,四層,
RPSNMLRJJHIFFDR76DC,19,233.22,見其他登記事項,鋼筋混凝土造,82年12月6日,三層,
RPWNMLOJJHIFFCD87CC,45,54.52,住家用,加強磚造,56年11月24日,一層,
RPPOMLOJJHIFFCD27CC,19,91.35,住家用,鋼筋混凝土構造,83年6月29日,七層,
RPPOMLOJJHIFFCD27CC,19,30.84,共有部分,鋼筋混凝土構造,83年6月29日,七層,
RPQNMLSJJHIFFHR96CC,22,94.03,見其他登記事項,鋼造,79年12月5日,二十四層,
RPPNMLTJJHIFFER66CC,19,47.91,住家用,鋼筋混凝土造,83年5月11日,三層,
RPQNMLTJJHIFFER76CC,15,79.85,住家用,鋼筋混凝土造,86年8月25日,八層,
RPQNMLSJJHIFFCD67CC,47,176.19,住商用,見其他登記事項,54年11月27日,二層,
RPPPMLKKJHIFFHR98CC,28,259.16,見其他登記事項,鋼筋混凝土造,74年1月31日,四層,
RPVOMLKKJHIFFCD57CC,28,87.92,住家用,鋼筋混凝土構造,73年12月21日,七層,
RPPNMLKKJHIFFAD66CC,33,74.22,,鋼筋混凝土構造,69年6月16日,二層,
RPQOMLLKJHIFFCD17CC,17,453.36,見其他登記事項,鋼筋混凝土構造,84年12月21日,十四層,
RPQOMLLKJHIFFCD17CC,17,145.04,共有部分,鋼筋混凝土構造,84年12月21日,十四層,
RPQOMLLKJHIFFCD17CC,17,687.97,見其他登記事項,鋼筋混凝土構造,84年12月21日,十四層,
RPQOMLLKJHIFFCD17CC,17,266.75,共有部分,鋼筋混凝土構造,84年12月21日,十四層,
RPTOMLLKJHIFFER09CC,9,196.50,見其他登記事項,鋼筋混凝土造,93年4月19日,四層,
RPTNMLLKJHIFFAD17CC,46,192.90,住家用,加強磚造,56年1月1日,三層,
RPWNMLLKJHIFFAD47CC,23,57.36,住商用,鋼筋混凝土構造,79年3月28日,二層,
RPRNMLLKJHIFFAD96CC,50,27.75,住家用,磚造,52年1月1日,一層,
RPPNMLMKJHIFFCD07CC,18,264.22,住商用,鋼筋混凝土構造,83年12月16日,十六層,
RPOOMLNKJHIFFHR09CC,24,266.04,住商用,鋼筋混凝土造,77年12月5日,五層,
RPRNMLMKJHIFFCD27CC,31,77.26,住家用,鋼筋混凝土構造,71年2月23日,五層,
RPRNMLMKJHIFFCD27CC,31,11.35,住家用,鋼筋混凝土構造,71年2月23日,五層,
RPRNMLMKJHIFFCD27CC,31,12.41,共有部分,鋼筋混凝土構造,71年2月23日,五層,
RPSOMLOKJHIFFCD77DC,33,175.74,住家用,加強磚造,69年5月27日,二層,
RPVNMLOKJHIFFER86CC,1,49.28,見其他登記事項,鋼筋混凝土造,100年11月7日,四層,
RPPNMLNKJHIFFBD07CC,18,162.05,住家用,鋼筋混凝土構造,83年11月21日,四層,
RPPNMLPKJHIFFER98CC,19,81.75,住家用,鋼筋混凝土造,83年6月25日,七層,
RPXNMLOKJHIFFER07CC,1,49.28,見其他登記事項,鋼筋混凝土造,100年11月7日,四層,
RPUOMLPKJHIFFCD97CC,18,82.99,住家用,鋼筋混凝土構造,83年9月16日,十五層,
RPUOMLPKJHIFFCD97CC,18,7.54,共有部分,鋼筋混凝土構造,83年9月16日,十五層,
RPUOMLPKJHIFFCD97CC,18,12.80,共有部分,鋼筋混凝土構造,83年9月16日,十五層,
RPTNMLPKJHIFFAD57CC,20,201.43,住商用,鋼筋混凝土構造,81年6月13日,三層,
RPTNMLPKJHIFFAD57CC,20,11.42,住商用,鋼筋混凝土構造,81年6月13日,三層,
RPTNMLPKJHIFFAD57CC,20,19.35,住商用,鋼筋混凝土構造,81年6月13日,三層,
RPTNMLPKJHIFFAD57CC,20,6.09,住商用,鋼筋混凝土構造,81年6月13日,三層,
RPTNMLPKJHIFFAD57CC,20,31.01,住商用,鋼筋混凝土構造,81年6月13日,三層,
RPWNMLPKJHIFFCD08CC,21,56.35,商業用,鋼筋混凝土構造,81年6月1日,八層,
RPWNMLPKJHIFFCD08CC,21,11.13,共有部分,鋼筋混凝土構造,81年6月1日,八層,
RPVNMLPKJHIFFAD77CC,31,137.32,住家用,加強磚造,70年11月21日,二層,
RPTNMLPKJHIFFCD77CC,24,55.86,住家用,鋼筋混凝土構造,78年2月4日,五層,
RPTNMLPKJHIFFCD77CC,24,17.93,共有部分,鋼筋混凝土構造,78年2月4日,五層,
RPRNMLPKJHIFFAD37CC,23,306.40,住商用,鋼筋混凝土構造,79年3月1日,四層,
RPOOMLPKJHIFFAD17CC,39,57.54,住商用,加強磚造,62年12月2日,三層,
RPQOMLPKJHIFFAD37CC,17,99.29,住家用,鋼筋混凝土構造,84年7月8日,十二層,
RPQOMLPKJHIFFAD37CC,17,36.38,共有部分,鋼筋混凝土構造,84年7月8日,十二層,
RPPOMLPKJHIFFAD27CC,9,49.94,見其他登記事項,見其他登記事項,93年3月29日,十二層,
RPPOMLPKJHIFFAD27CC,53,16.61,住家用,加強磚造,48年12月30日,一層,
RPXNMLPKJHIFFAD97CC,31,623.88,,鋼筋混凝土構造,70年11月25日,五層,
RPROMLPKJHIFFAD47CC,18,54.95,住家用,鋼筋混凝土構造,83年12月22日,二十一層,
RPUOMLPKJHIFFAD77CC,20,233.42,商業用,鋼筋混凝土構造,81年11月23日,七層,
RPWOMLPKJHIFFAD97CC,15,77.45,住家用,鋼筋混凝土構造,87年2月19日,二十一層,
RPWOMLPKJHIFFAD97CC,15,28.44,共有部分,鋼筋混凝土構造,87年2月19日,二十一層,
RPXOMLPKJHIFFAD08CC,24,95.27,住商用,鋼筋混凝土構造,77年12月2日,四層,
RPSOMLPKJHIFFAD57CC,15,93.57,住家用,鋼筋混凝土構造,87年1月5日,二十六層,
RPSOMLPKJHIFFAD57CC,15,29.41,共有部分,鋼筋混凝土構造,87年1月5日,二十六層,
RPSOMLPKJHIFFAD57CC,15,18.74,共有部分,鋼筋混凝土構造,87年1月5日,二十六層,
RPRPMLPKJHIFFAD57CC,9,161.67,見其他登記事項,鋼筋混凝土構造,92年9月16日,十四層,
RPQPMLPKJHIFFAD47CC,25,58.73,住家用,鋼筋混凝土構造,77年2月22日,五層,
RPQPMLPKJHIFFAD47CC,25,12.86,共有部分,鋼筋混凝土構造,77年2月22日,五層,
RPUNMLPKJHIFFCD97DC,6,78.03,住家用,見其他登記事項,95年11月22日,十三層,
RPVNMLPKJHIFFHR27CC,14,164.20,住家用,鋼造,88年2月10日,一層,
RPPNMLQKJHIFFHR76CC,22,268.24,住商用,鋼筋混凝土造,80年6月13日,五層,
RPUOMLPKJHIFFHR27CC,25,200.48,住商用,鋼筋混凝土造,77年1月14日,四層,
RPUNMLQKJHIFFAD77CC,56,158.51,住商用,鋼筋混凝土構造,45年8月30日,三層,
RPUPMLQKJHIFFAD97CC,,76.33,住商用,磚造,,二層,
RPUNMLRKJHIFFCD18DC,6,223.27,住商用,見其他登記事項,95年9月28日,四層,
RPQNMLQKJHIFFER56CC,15,79.57,住家用,鋼筋混凝土造,86年8月25日,八層,
RPTOMLQKJHIFFER96CC,18,132.59,住家用,鋼筋混凝土造,83年9月23日,八層,
RPROMLRKJHIFFHR17CC,2,205.50,住商用,鋼筋混凝土造,99年12月30日,四層,
RPRNMLQKJHIFFAD47CC,6,85.06,見其他登記事項,見其他登記事項,95年10月1日,十四層,
RPPNMLKLJHIFFAD76CC,19,32.13,住家用,鋼筋混凝土構造,83年5月28日,九層,
RPUNMLMLJHIFFAD47CC,57,104.48,住商用,磚造,45年1月1日,四層,
RPPNMLQKJHIFFAD27CC,15,109.80,住商用,鋼筋混凝土構造,87年5月14日,八層,
RPSNMLMLJHIFFER09CC,7,217.58,見其他登記事項,鋼筋混凝土造,95年3月28日,三層,
RPPNMLLLJHIFFCD17DC,7,63.98,見其他登記事項,鋼筋混凝土構造,94年11月21日,五層,
RPPOMLMLJHIFFCD27CC,39,77.55,住家用,加強磚造,63年3月5日,二層,
RPXNMLSKJHIFFAD28CC,15,84.11,住家用,鋼筋混凝土構造,87年1月5日,二十六層,
RPXNMLSKJHIFFAD28CC,15,28.14,共有部分,鋼筋混凝土構造,87年1月5日,二十六層,
RPXNMLSKJHIFFAD28CC,15,17.25,共有部分,鋼筋混凝土構造,87年1月5日,二十六層,
RPTNMLNLJHIFFER66CC,15,79.57,住家用,鋼筋混凝土造,86年8月25日,八層,
RPOOMLSKJHIFFAD47CC,6,113.70,見其他登記事項,見其他登記事項,96年1月11日,十四層,
RPOOMLSKJHIFFAD47CC,6,15.97,共有部分,見其他登記事項,96年1月11日,14,
RPOOMLSKJHIFFAD47CC,6,47.44,共有部分,見其他登記事項,96年1月11日,十四層,
RPWOMLOLJHIFFAD97CC,25,245.65,住商用,鋼筋混凝土構造,76年8月25日,四層,
RPRNMLNLJHIFFHR76CC,22,157.23,見其他登記事項,鋼造,79年12月5日,二十四層,
RPRNMLNLJHIFFHR76CC,22,6.75,共有部分,鋼造,79年12月5日,二十四層,
RPRNMLNLJHIFFHR76CC,22,12.48,共有部分,鋼造,79年12月5日,二十四層,
RPRNMLNLJHIFFHR76CC,22,11.19,共有部分,鋼造,79年12月5日,二十四層,
RPRNMLNLJHIFFHR76CC,22,34.37,共有部分,鋼造,79年12月5日,二十四層,
RPROMLNLJHIFFER56CC,18,106.38,住家用,鋼筋混凝土造,83年9月23日,八層,
RPXNMLPLJHIFFCD28CC,24,175.32,住家用,加強磚造,78年2月15日,二層,
RPUOMLPLJHIFFHR37CC,18,68.03,住家用,鋼筋混凝土造,83年9月22日,十四層,
RPUOMLPLJHIFFHR37CC,18,14.31,見其他登記事項,鋼筋混凝土造,83年9月22日,十四層,
RPUOMLPLJHIFFHR37CC,18,13.16,共有部分,鋼筋混凝土造,83年9月22日,十四層,
RPOOMLPLJHIFFCD47CC,31,95.76,住家用,鋼筋混凝土構造,70年11月3日,五層,
RPOOMLPLJHIFFCD47CC,31,76.44,共有部分,鋼筋混凝土構造,70年11月3日,五層,
RPVNMLPLJHIFFAD87CC,6,92.74,見其他登記事項,見其他登記事項,95年11月29日,十三層,
RPVNMLPLJHIFFAD87CC,6,14.03,共有部分,見其他登記事項,95年11月29日,十三層,
RPVNMLPLJHIFFAD87CC,6,34.10,共有部分,見其他登記事項,95年11月29日,十三層,
RPWNMLPLJHIFFAD97CC,30,52.36,住家用,鋼筋混凝土構造,71年11月9日,七層,
RPWNMLPLJHIFFAD97CC,30,19.07,共有部分,鋼筋混凝土構造,71年11月19日,七層,
RPQNMLQLJHIFFER66CC,7,187.92,見其他登記事項,鋼筋混凝土造,94年11月21日,四層,
RPXNMLPLJHIFFAD08CC,31,89.92,住家用,鋼筋混凝土構造,70年12月23日,五層,
RPXNMLPLJHIFFAD08CC,31,40.24,共有部分,鋼筋混凝土構造,70年12月23日,五層,
RPXNMLPLJHIFFAD08CC,31,6.76,共有部分,鋼筋混凝土構造,70年12月23日,五層,
RPPNMLQLJHIFFAD37CC,16,187.70,住商用,鋼筋混凝土構造,85年10月19日,四層,
RPPNMLQLJHIFFDR09CC,21,217.86,住商用,鋼筋混凝土造,81年4月6日,四層,
RPQNMLQLJHIFFDR56CC,21,216.94,住商用,鋼筋混凝土造,81年4月6日,四層,
RPQNMLSLJHIFFCD87CC,34,81.18,住家用,加強磚造,68年1月18日,二層,
RPOOMLSLJHIFFER86DC,20,267.98,見其他登記事項,鋼筋混凝土造,81年11月9日,三層,
RPPOMLSLJHIFFER96DC,12,264.39,見其他登記事項,鋼筋混凝土造,90年3月2日,五層,
RPXNMLPLJHIFFFR37CC,18,63.36,住家用,鋼筋混凝土造,84年3月31日,十一層,
RPXNMLPLJHIFFFR37CC,18,14.53,住家用,鋼筋混凝土造,84年3月31日,十一層,
RPXNMLPLJHIFFFR37CC,18,8.72,共有部分,鋼筋混凝土造,84年3月31日,十一層,
RPUNMLSLJHIFFFR47DC,22,213.73,住商用,鋼筋混凝土造,79年11月2日,四層,
RPPNMLTLJHIFFER96DC,12,264.39,見其他登記事項,鋼筋混凝土造,90年3月2日,五層,
RPOOMLSLJHIFFHR17DC,1,166.35,見其他登記事項,見其他登記事項,101年6月19日,四層,
RPPNMLTLJHIFFFR96CC,21,44.51,農舍,見其他登記事項,,一層,
RPRNMLTLJHIFFER07CC,2,197.24,見其他登記事項,鋼筋混凝土造,100年1月12日,四層,
RPUNMLTLJHIFFCD38CC,33,90.22,住家用,加強磚造,69年4月23日,二層,
RPVNMLTLJHIFFCD48CC,31,118.86,住家用,鋼筋混凝土構造,70年12月14日,五層,
RPVNMLTLJHIFFCD48CC,31,17.35,共有部分,鋼筋混凝土構造,70年12月14日,五層,
RPTNMLTLJHIFFCD28CC,17,83.96,住家用,鋼筋混凝土構造,84年11月6日,二十層,
RPTNMLTLJHIFFCD28CC,17,11.98,共有部分,鋼筋混凝土構造,84年11月6日,二十層,
RPTNMLTLJHIFFCD28CC,17,38.54,共有部分,鋼筋混凝土構造,84年11月6日,二十層,
RPROMLKMJHIFFCD37CC,9,226.66,見其他登記事項,鋼筋混凝土構造,93年3月31日,四層,
RPROMLTLJHIFFAD97CC,20,68.99,住家用,鋼筋混凝土構造,81年9月4日,六層,
RPROMLTLJHIFFAD97CC,20,17.00,共有部分,鋼筋混凝土構造,81年9月4日,六層,
RPROMLTLJHIFFAD97CC,20,11.73,共有部分,鋼筋混凝土構造,81年9月4日,六層,
RPRNMLKMJHIFFHR56CC,22,96.78,見其他登記事項,鋼造,79年12月5日,二十四層,
RPQOMLTLJHIFFAD87CC,15,124.18,住家用,鋼筋混凝土構造,86年10月21日,二十二層,
RPQOMLTLJHIFFAD87CC,15,38.96,共有部分,鋼筋混凝土構造,86年10月21日,二十二層,
RPPNMLKMJHIFFHR98CC,21,197.94,工業用,鋼造,81年3月19日,一層,
RPTOMLLMJHIFFHR96CC,21,131.07,住商用,鋼筋混凝土造,81年1月17日,三層,
RPRNMLLMJHIFFER98CC,15,185.28,住商用,鋼筋混凝土造,86年9月11日,四層,
RPSNMLTLJHIFFAD97CC,15,46.90,國民住宅,鋼筋混凝土構造,87年4月20日,十四層,
