﻿鄉鎮市區,交易標的,土地區段位置/建物區段門牌,土地面積平方公尺,都市土地使用分區,非都市土地使用分區,非都市土地使用編定,租賃年月日,租賃筆棟數,租賃層次,總樓層數,建物型態,主要用途,主要建材,建築完成年月,建物總面積平方公尺,建物現況格局-房,建物現況格局-廳,建物現況格局-衛,建物現況格局-隔間,有無管理組織,有無附傢俱,總額元,單價元/平方公尺,車位類別,車位面積平方公尺,車位總額元,備註,編號
The villages and towns urban district,transaction sign,land sector position/building sector house number plate,land shifting total area square meter,the use zoning or compiles and checks,the non-metropolis land use district,non-metropolis land use,transaction year, month and day,transaction pen number,shifting level,total floor number,building state,main use,main building materials,construction to complete the years,building shifting total area,Building present situation pattern - room,building present situation pattern - hall,building present situation pattern - health,building present situation pattern - compartmented,Whether there is manages the organization,Whether there is attaches the furniture,total price Yuan,the unit price a Yuan/square meter,the berth category,berth shifting total area square meter,the berth total price Yuan,the note,serial number
中西區,建物,臺南市中西區慈音街1~30號,0.0,商,,,1011004,土地0建物1車位0,二層,2,店面(店鋪),見其他登記事項,鋼筋混凝土構造,0971023,105.58,0,2,2,有,無,無,22000,208,,0.0,0,,RPOOMLMJJIHFFAD76CC
中西區,土地,建興段481~510地號,242.0,其他,,,1011102,土地2建物0車位0,,,其他,,,,0.0,0,0,0,有,無,有,9500,39,,0.0,0,,RPQOMLMJJIHFFAD96CC
中西區,建物,臺南市中西區湖美街91~120號,0.0,住,,,1011008,土地0建物1車位0,見其他登記事項,4,店面(店鋪),住商用,鋼筋混凝土構造,0870728,166.41,4,2,5,有,無,無,25000,150,,0.0,0,,RPUOMLMJJIHFFAD37CC
北區,建物,臺南市北區公園南路331~360號,0.0,住,,,1011003,土地0建物1車位0,四層,14,住宅大樓(11層含以上有電梯),見其他登記事項,鋼筋混凝土構造,0971219,78.47,2,2,1,有,有,有,18000,229,,0.0,0,,RPOOMLNJJIHFFAD86CC
北區,土地,開元段931~960地號,130.0,商,,,1011101,土地1建物0車位0,,,其他,,,,0.0,0,0,0,有,無,無,40000,308,,0.0,0,,RPPNMLOJJIHFFAD96CC
新營區,房地(土地+建物),臺南市新營區信義街61~90號,89.76,住,,,1010920,土地1建物1車位0,全,3,透天厝,住商用,鋼筋混凝土造,,192.18,3,2,2,有,無,無,10000,52,,0.0,0,,RPPNMLOJJIHFFAR38CC
新營區,房地(土地+建物),臺南市新營區中正路59巷31~60號,23.04,住,,,1011001,土地1建物1車位0,三層,6,華廈(10層含以下有電梯),住家用,鋼筋混凝土造,0820914,112.79,3,2,2,有,無,有,7000,62,,0.0,0,,RPQNMLOJJIHFFAR48CC
新營區,房地(土地+建物),臺南市新營區民治路331~360號,118.0,住,,,1011116,土地1建物1車位0,一層,4,店面(店鋪),住商用,鋼骨鋼筋混凝土造,0960427,76.29,0,1,1,有,無,無,20000,262,,0.0,0,,RPRNMLOJJIHFFAR58CC
新營區,房地(土地+建物),臺南市新營區民權路91~120號,120.81,住,,,1011101,土地1建物1車位0,一層,1,店面(店鋪),住商用,鋼造,0820803,78.5,2,1,1,有,無,無,13500,172,,0.0,0,,RPSNMLOJJIHFFAR68CC
官田區,房地(土地+建物),臺南市官田區隆本村4鄰隆田331~360號,127.0,住,,,1011015,土地1建物1車位0,全,2,透天厝,住家用,加強磚造,0761217,164.28,5,2,3,有,無,無,8000,49,,0.0,0,,RPQNMLOJJIHFFCR68CC
新營區,房地(土地+建物),臺南市新營區復興路121~150號,86.79,商,,,1011101,土地1建物1車位0,一層,4,店面(店鋪),住商用,鋼筋混凝土造,0780519,72.27,0,1,1,有,無,無,8000,111,,0.0,0,,RPVNMLPJJIHFFAR09CC
新營區,房地(土地+建物),臺南市新營區中正路121~150號,187.75,住,,,1011120,土地1建物1車位0,一層,4,店面(店鋪),住家用,見其他登記事項,,85.3,1,1,1,有,無,無,10000,117,,0.0,0,,RPXNMLPJJIHFFAR66CC
安平區,房地(土地+建物),臺南市安平區慶平路511~540號,8.06,商,,,1011101,土地1建物1車位0,十七層,23,住宅大樓(11層含以上有電梯),住家用,鋼筋混凝土構造,0760612,83.99,4,2,2,有,有,有,20000,238,,0.0,0,,RPTOMLQJJIHFFAD77DC
新市區,房地(土地+建物),臺南市新市區大營121~150號,83.0,,特定農業區,甲種建築用地,1021101,土地1建物1車位0,全,3,透天厝,住商用,鋼筋混凝土造,0870812,198.27,5,1,2,有,無,有,15000,76,,0.0,0,,RPQNMLQJJIHFFER56DC
新營區,房地(土地+建物),臺南市新營區民生路181~210號,100.4,住,,,1011015,土地1建物1車位0,全,5,透天厝,住家用,鋼筋混凝土造,0820813,60.74,1,1,1,有,無,無,2500,41,,0.0,0,,RPPNMLRJJIHFFAR68CC
北區,建物,臺南市北區北門路二段577巷1~30號,0.0,住,,,1011007,土地0建物1車位0,十層,10,華廈(10層含以下有電梯),國民住宅,鋼筋混凝土構造,0930521,112.54,3,2,2,有,無,有,12000,107,,0.0,0,,RPQPMLRJJIHFFAD57CC
佳里區,土地,佳里段1111~1140地號,418.0,其他,,,1011103,土地1建物0車位0,,,店面(店鋪),,,,0.0,0,0,0,無,無,無,40000,96,,0.0,0,,RPROMLTJJIHFFDR86CC
永康區,建物,臺南市永康區三民街18巷1~30號,14.57,住,,,1011011,土地0建物1車位0,全,3,透天厝,住家用,鋼筋混凝土造,0930924,22.4,5,2,4,有,無,有,20000,893,,0.0,0,,RPVOMLTJJIHFFHR67CC
永康區,建物,臺南市永康區新民街66巷1~30號,0.0,,,,1011015,土地0建物1車位0,九層,9,華廈(10層含以下有電梯),住家用,鋼筋混凝土造,0821230,105.60000000000001,2,1,2,有,無,有,10800,102,,0.0,0,,RPQNMLKKJIHFFHR88CC
安南區,建物,臺南市安南區安中一街67巷1~30號,0.0,住,,,1011011,土地0建物1車位0,全,4,透天厝,住家用,鋼筋混凝土構造,1000516,157.38,4,2,3,有,有,有,15000,95,,0.0,0,,RPPNMLKKJIHFFBD76CC
安平區,建物,臺南市安平區建平八街541~570號,0.0,住,,,1011013,土地0建物1車位0,二十一層,26,住宅大樓(11層含以上有電梯),住家用,鋼筋混凝土構造,0870105,143.59,4,2,2,有,有,無,11000,77,其他,23.41,0,,RPPNMLKKJIHFFAD66CC
東區,房地(土地+建物),臺南市東區生產路241~270號,12.71,住,,,1011104,土地1建物1車位0,一層,12,住宅大樓(11層含以上有電梯),商業用,鋼筋混凝土構造,0890621,117.27,1,1,1,有,有,無,19000,162,,0.0,0,,RPPNMLLKJIHFFCD96CC
西港區,房地(土地+建物),臺南市西港區堀子頭1~30號,74.91,住,,,1011111,土地2建物1車位0,全,4,透天厝,住家用,鋼筋混凝土造,0850411,195.48,4,2,3,有,無,無,7000,36,,0.0,0,,RPSNMLMKJIHFFDR88CC
新營區,房地(土地+建物),臺南市新營區新北里13鄰周武街79巷46弄1~30號,8.88,住,,,1011112,土地1建物1車位0,四層,5,公寓(5樓含以下無電梯),住家用,鋼筋混凝土造,0811214,34.65,1,0,1,有,無,有,3500,101,,0.0,0,,RPSOMLNKJIHFFAR78CC
永康區,房地(土地+建物),臺南市永康區中華二路206巷68弄31~60號,19.33,住,,,1011110,土地1建物1車位0,五層,5,公寓(5樓含以下無電梯),住家用,鋼筋混凝土造,0700604,25.17,1,1,1,有,無,有,5000,199,,0.0,0,,RPQNMLNKJIHFFHR56CC
永康區,房地(土地+建物),臺南市永康區復國一路331~360號,149.46,住,,,1011111,土地1建物1車位0,全,4,透天厝,住商用,鋼筋混凝土造,0821115,470.77,0,0,0,無,無,無,60000,127,,0.0,0,,RPRNMLNKJIHFFHR66CC
安平區,房地(土地+建物)+車位,臺南市北區文平路181~210號,16.63,住,,,1011110,土地1建物1車位1,十六層,21,住宅大樓(11層含以上有電梯),見其他登記事項,鋼筋混凝土構造,0960815,178.65,4,2,2,有,有,無,20000,112,坡道平面,34.75,0,,RPXOMLNKJIHFFAD87CC
中西區,房地(土地+建物),臺南市中西區臺南市中西區成功路91~120號,109.87,其他,,,1011102,土地1建物1車位0,一層,5,店面(店鋪),住商用,鋼筋混凝土構造,0650214,403.22,0,0,0,無,無,無,45000,112,,0.0,0,,RPQNMLOKJIHFFAD17CC
東區,建物,臺南市東區東門路三段271~300號,3.27,商,,,1011015,土地0建物1車位0,四層,16,辦公商業大樓,見其他登記事項,鋼筋混凝土構造,0851005,46.92,0,0,1,無,有,無,22000,469,,0.0,0,,RPTNMLOKJIHFFCD67CC
善化區,建物,臺南市善化區成功路53巷31~60號,0.0,,,,1011102,土地0建物0車位0,三層,4,套房(1房1廳1衛),住家用,鋼筋混凝土造,0830119,24.0,1,0,1,有,無,有,4500,188,,0.0,0,,RPPNMLOKJIHFFER88CC
善化區,建物,臺南市善化區成功路169巷96弄181~210號,0.0,,,,1011115,土地0建物0車位0,二層,3,套房(1房1廳1衛),住家用,鋼筋混凝土造,1010202,24.0,1,1,1,有,無,有,6500,271,,0.0,0,,RPRNMLOKJIHFFER09CC
永康區,房地(土地+建物),臺南市永康區永華路121~150號,91.0,住,,,1020101,土地1建物1車位0,全,4,透天厝,住商用,鋼筋混凝土造,0970410,185.06,5,2,6,有,無,無,27000,146,,0.0,0,,RPROMLOKJIHFFHR86CC
仁德區,房地(土地+建物),臺南市仁德區德洋路183巷2弄1~30號,85.5,住,,,1011110,土地1建物1車位0,全,3,透天厝,住商用,鋼筋混凝土造,0810314,50.77,4,2,3,有,無,有,9000,177,,0.0,0,,RPRNMLOKJIHFFFR56CC
北門區,房地(土地+建物),臺南市北門區保吉里蚵寮481~510號,58.28,住,,,1011101,土地2建物1車位0,全,3,透天厝,見其他登記事項,鋼筋混凝土造,0951222,168.94,4,2,3,有,無,無,8000,47,,0.0,0,,RPPNMLTKJIHFFDR76DC
麻豆區,土地,埤頭段421~450地號,4629.0,工,,,1011101,土地4建物0車位0,,,其他,,,,0.0,0,0,0,有,無,無,42000,9,,0.0,0,,RPRNMLKLJIHFFCR58CC
新市區,房地(土地+建物),臺南市新市區三舍里三舍181~210號,85.0,,鄉村區,乙種建築用地,1011101,土地1建物1車位0,全,4,透天厝,見其他登記事項,鋼筋混凝土造,0940307,186.77,4,2,3,有,無,無,17000,91,,0.0,0,,RPSNMLKLJIHFFER88CC
善化區,土地,曾文段181~210地號,4310.0,,一般農業區,農牧用地,1011201,土地1建物0車位0,,,其他,,,,0.0,0,0,0,有,無,無,12500,3,,0.0,0,,RPTNMLKLJIHFFER98CC
南區,建物,臺南市南區中華西路一段91~120號,0.0,住,,,1011110,土地0建物1車位0,三層,7,華廈(10層含以下有電梯),住家用,鋼筋混凝土構造,0701226,71.64,2,1,1,有,有,有,7500,105,,0.0,0,,RPXOMLLLJIHFFCD97CC
南區,建物,臺南市南區南樂街1~30號,0.0,住,,,1011201,土地0建物1車位0,三層,5,公寓(5樓含以下無電梯),住家用,鋼筋混凝土構造,0780512,41.24,2,1,2,有,無,有,6500,158,,0.0,0,,RPPPMLLLJIHFFCD27CC
東區,建物,臺南市東區東和路1~30號,0.0,住,,,1011031,土地0建物1車位0,全,3,透天厝,住商用,鋼筋混凝土構造,0700105,158.5,4,2,3,有,無,有,34700,219,,0.0,0,,RPQPMLLLJIHFFCD37CC
南區,房地(土地+建物),臺南市南區金華路二段100巷1~30號,0.0,住,,,1011201,土地1建物1車位0,全,5,透天厝,住家用,鋼筋混凝土構造,0850301,19.83,1,0,1,有,無,有,4000,202,,0.0,0,,RPRPMLLLJIHFFCD47CC
東區,建物,臺南市東區林森路一段151~180號,0.0,住,,,1011105,土地0建物1車位0,五層,12,住宅大樓(11層含以上有電梯),住家用,鋼筋混凝土構造,0790926,18.86,1,0,1,有,有,有,3500,186,,0.0,0,,RPTPMLLLJIHFFCD67CC
南區,房地(土地+建物),臺南市南區南門路301~330號,0.0,住,,,1011101,土地1建物1車位0,全,4,透天厝,見其他登記事項,鋼筋混凝土構造,0891116,16.53,1,0,1,有,無,有,5000,302,,0.0,0,,RPUPMLLLJIHFFCD77CC
安平區,房地(土地+建物),臺南市安平區安平路151~180號,0.0,住,,,1011101,土地1建物1車位0,全,5,透天厝,住商用,鋼筋混凝土構造,0740515,176.07,10,0,0,有,無,無,20000,114,,0.0,0,,RPVOMLLLJIHFFAD57CC
中西區,建物,臺南市中西區金華路三段241~270號,0.0,住,,,1011101,土地0建物0車位0,十五層,21,住宅大樓(11層含以上有電梯),住家用,鋼筋混凝土構造,0870219,36.019999999999996,1,0,1,有,有,有,5500,153,,0.0,0,,RPXOMLLLJIHFFAD77CC
中西區,房地(土地+建物),臺南市中西區南門路44巷1~30號,0.0,住,,,1011115,土地1建物1車位0,全,4,透天厝,住家用,鋼筋混凝土構造,0711207,111.42999999999999,3,2,2,有,無,無,12000,108,,0.0,0,,RPOPMLLLJIHFFAD96CC
北區,建物,臺南市北區成功路571~600號,0.0,住,,,1011112,土地0建物1車位0,十一層,12,住宅大樓(11層含以上有電梯),住家用,鋼筋混凝土構造,0840307,38.79,1,0,1,有,有,有,6500,168,,0.0,0,,RPQPMLLLJIHFFAD17CC
北區,房地(土地+建物),臺南市北區北安路一段94巷7弄1~30號,0.0,住,,,1011115,土地1建物1車位0,全,3,透天厝,住家用,鋼筋混凝土構造,0740205,16.53,1,0,1,有,無,有,4500,272,,0.0,0,,RPRPMLLLJIHFFAD27CC
安南區,房地(土地+建物),臺南市安南區海佃路一段340巷31~60號,0.0,住,,,1011101,土地1建物1車位0,全,2,透天厝,住家用,加強磚造,0670214,119.7,3,2,2,有,無,無,12000,100,,0.0,0,,RPROMLLLJIHFFBD27CC
永康區,房地(土地+建物),臺南市永康區中山南路601~630號,0.0,,,,1011110,土地1建物1車位0,一層,2,店面(店鋪),住家用,加強磚造,0650206,83.82,3,2,1,有,無,無,9000,107,,0.0,0,,RPVNMLLLJIHFFHR96CC
永康區,建物,臺南市永康區大灣路240巷1~30號,0.0,,,,1011101,土地0建物1車位0,十一層,12,住宅大樓(11層含以上有電梯),住家用,鋼筋混凝土造,0850725,105.16,3,1,2,有,有,無,8500,81,,0.0,0,,RPOOMLLLJIHFFHR98CC
歸仁區,建物,臺南市歸仁區中山路三段1~30號,0.0,,,,1011201,土地0建物1車位0,一層,3,店面(店鋪),住家用,鋼筋混凝土造,0690822,71.78,0,0,0,無,無,無,17000,237,,0.0,0,,RPWNMLLLJIHFFFR07EC
安南區,房地(土地+建物),臺南市安南區公學路四段54巷43弄1~30號,95.55,住,,,1011122,土地1建物1車位0,全,3,透天厝,住家用,鋼筋混凝土構造,0810603,122.48,5,3,2,有,無,無,11000,90,,0.0,0,,RPPNMLMLJIHFFBD07CC
北區,房地(土地+建物),臺南市北區北成路391~420號,2932.86,住,,,1011121,土地1建物1車位0,七層,14,住宅大樓(11層含以上有電梯),見其他登記事項,鋼筋混凝土構造,0990406,177.38,3,2,2,有,無,有,13000,73,,0.0,0,,RPVNMLMLJIHFFAD57CC
南區,房地(土地+建物),臺南市南區中華南路二段315巷1弄1~30號,0.0,住,,,1011125,土地1建物1車位0,五層,5,公寓(5樓含以下無電梯),國民住宅,鋼筋混凝土構造,0710528,85.27,3,2,2,有,無,無,6000,70,,0.0,0,,RPPOMLNLJIHFFCD37CC
東區,房地(土地+建物)+車位,臺南市東區東寧路121~150號,0.0,住,,,1011201,土地1建物1車位1,三層,12,住宅大樓(11層含以上有電梯),住家用,鋼筋混凝土構造,0861008,106.76,3,2,2,有,無,無,15200,142,坡道平面,0.0,0,,RPQOMLNLJIHFFCD47CC
新市區,土地,大洲段211~240地號,100.0,其他,鄉村區,乙種建築用地,1011121,土地1建物0車位0,,,倉庫,,,,0.0,0,0,0,無,無,無,5000,,,0.0,0,,RPSNMLNLJIHFFER56CC
新市區,房地(土地+建物),臺南市新市區南昌路1~30號,396.03,農,特定農業區,甲種建築用地,1011201,土地2建物1車位0,全,4,透天厝,住商用,鋼筋混凝土造,0830921,177.85,6,2,4,有,無,有,15000,84,,0.0,0,,RPSNMLQLJIHFFER86CC
佳里區,房地(土地+建物),臺南市佳里區禮化里佳里興241~270號,88.0,,鄉村區,乙種建築用地,1011125,土地1建物1車位0,全,2,透天厝,住家用,鋼筋混凝土造,0801028,110.56,3,2,2,有,無,無,6500,59,,0.0,0,,RPRNMLQLJIHFFDR66CC
永康區,房地(土地+建物),臺南市永康區中正南路811~840號,183.25,住,,,1011112,土地3建物1車位0,一層,4,店面(店鋪),住家用,鋼筋混凝土造,0820812,53.47,7,6,7,有,無,無,6000,112,,0.0,0,,RPOPMLQLJIHFFHR07DC
永康區,房地(土地+建物)+車位,臺南市永康區中華路961~990號,26.23,其他,,,1011107,土地1建物1車位1,三層,3,店面(店鋪),住商用,鋼筋混凝土造,0860529,77.69,2,2,2,有,有,無,35000,451,坡道機械,0.0,0,,RPOOMLRLJIHFFHR07DC
永康區,房地(土地+建物),臺南市永康區中華路1~30號,8.32,商,,,1011121,土地1建物1車位0,十六層,20,辦公商業大樓,見其他登記事項,鋼造,0791205,48.08,0,0,0,無,有,無,13000,270,,0.0,0,,RPOPMLRLJIHFFHR07CC
永康區,房地(土地+建物),臺南市永康區永大五路151~180號,0.0,,,,1011201,土地1建物1車位0,全,4,透天厝,住家用,鋼筋混凝土造,0801102,218.32,5,2,4,有,無,無,15000,69,,0.0,0,1.因合約書無填具土地租賃面積2.由所有權人提供出資料3.租賃層次為整棟,RPRNMLSLJIHFFHR27CC
永康區,房地(土地+建物),臺南市永康區中華路901~930號,59.62,商,,,1010915,土地1建物1車位0,一層,5,店面(店鋪),見其他登記事項,鋼筋混凝土造,0821123,346.07,0,0,0,無,無,無,100000,289,,0.0,0,,RPVNMLSLJIHFFHR67CC
永康區,建物,臺南市永康區中山南路43巷7弄31~60號,0.0,,,,1011030,土地0建物1車位0,全,2,透天厝,住商用,鋼筋混凝土造,0731103,108.29,8,1,4,有,無,有,20000,185,,0.0,0,1.合約書無填具土地租賃面積.2.由所有權人提供出租資訊,RPWNMLSLJIHFFHR77CC
永康區,建物,臺南市永康區復華八街47巷31~60號,0.0,,,,1011031,土地0建物1車位0,六層,6,華廈(10層含以下有電梯),住家用,鋼筋混凝土造,0850426,81.45,3,1,2,有,無,無,27000,331,,0.0,0,,RPVOMLSLJIHFFHR77CC
南區,建物,臺南市南區大同路二段406巷12弄1~30號,0.0,住,,,1011125,土地0建物1車位0,二層,5,公寓(5樓含以下無電梯),住家用,鋼筋混凝土構造,0710217,99.86,3,1,2,有,有,有,11000,110,,0.0,0,,RPROMLSLJIHFFCD08CC
東區,房地(土地+建物),臺南市東區莊敬路136巷1~30號,72.0,其他,,,1011127,土地1建物1車位0,一層,4,店面(店鋪),住商用,鋼筋混凝土構造,0780906,235.25,5,2,4,有,無,無,15000,64,,0.0,0,租1~4樓整棟,RPSOMLTLJIHFFCD28CC
安平區,建物,臺南市安平區育平路211~240號,8.53,其他,,,1011125,土地0建物1車位0,十七層,7,辦公商業大樓,住家用,鋼筋混凝土構造,0840729,77.6,2,1,1,有,無,有,7000,90,,0.0,0,,RPWOMLTLJIHFFAD48CC
安平區,建物,臺南市安平區育平路211~240號,8.84,其他,,,1011117,土地0建物1車位0,六層,17,住宅大樓(11層含以上有電梯),住家用,鋼筋混凝土構造,0840729,74.99,2,1,1,有,無,無,10000,133,,0.0,0,,RPTPMLTLJIHFFAD28CC
東區,房地(土地+建物),臺南市東區大學路1~30號,316.0,商,,,1011105,土地1建物1車位0,一層,4,店面(店鋪),見其他登記事項,鋼筋混凝土構造,1001205,181.28,0,2,1,有,無,無,200000,1103,,0.0,0,,RPTNMLKMJIHFFCD47CC
東區,建物,臺南市東區東光路二段11巷1~30號,0.0,,,,1011130,土地0建物1車位0,一層,5,公寓(5樓含以下無電梯),住家用,鋼筋混凝土構造,0790111,216.47,4,2,3,有,無,無,15000,69,,0.0,0,出租樓層1-3層,RPOOMLKMJIHFFCD07CC
東區,房地(土地+建物),臺南市東區崇明路1~30號,87.0,住,,,1011102,土地1建物1車位0,一層,4,店面(店鋪),住商用,鋼筋混凝土構造,0760922,235.0,5,2,3,有,無,無,25000,106,,0.0,0,,RPSOMLKMJIHFFCD47CC
永康區,建物,臺南市永康區五福街1~30號,4.06,,,,1011122,土地0建物0車位0,二層,7,套房(1房1廳1衛),住家用,鋼筋混凝土造,0800619,25.56,1,0,1,有,無,有,3500,137,,0.0,0,,RPPOMLKMJIHFFHR09CC
永康區,建物,臺南市永康區中正路961~990號,29.99,,,,1001102,土地0建物1車位0,七層,7,華廈(10層含以下有電梯),住家用,鋼筋混凝土造,0810409,162.2,3,2,2,有,無,有,12000,74,,0.0,0,,RPQNMLLJKIHFFHR98CC
永康區,建物,臺南市永康區中正七街31~60號,78.7,,,,1011101,土地0建物1車位0,一層,4,店面(店鋪),住商用,鋼筋混凝土造,0930810,47.98,1,1,2,有,無,有,20000,417,,0.0,0,,RPRNMLLJKIHFFHR09CC
永康區,房地(土地+建物),臺南市永康區中華二路331~360號,5986.85,住,,,1011130,土地1建物1車位0,二層,2,店面(店鋪),住商用,鋼筋混凝土造,0810919,249.98,0,0,0,無,無,無,55000,220,,0.0,0,,RPWNMLLJKIHFFHR96CC
佳里區,房地(土地+建物),臺南市佳里區文化路301~330號,77.0,住,,,1011130,土地2建物1車位0,全,4,透天厝,住商用,鋼筋混凝土造,0811202,227.93,8,2,3,有,無,無,17000,75,,0.0,0,,RPPNMLLJKIHFFDR48CC
安南區,房地(土地+建物),臺南市安南區府安路五段56巷1~30號,146.05,住,,,1011119,土地1建物1車位0,全,3,透天厝,住家用,鋼筋混凝土構造,0800119,202.98,3,2,2,有,無,有,15000,74,,0.0,0,,RPQNMLLJKIHFFBD96CC
新營區,房地(土地+建物),臺南市新營區復興路391~420號,104.0,住,,,1011216,土地1建物1車位0,一層,2,店面(店鋪),住商用,加強磚造,0700316,68.43,0,2,1,有,無,無,12000,175,,0.0,0,租賃期間：5年3.5個月,RPPNMLLJKIHFFAR18CC
新營區,房地(土地+建物),臺南市新營區明清街31~60號,22.66,住,,,1011201,土地1建物1車位0,七層,7,華廈(10層含以下有電梯),住家用,鋼筋混凝土造,0810707,137.26999999999998,3,2,2,有,有,有,8000,58,,0.0,0,房地租金總額：8000元/月（含管理費1155元/月）,RPQNMLLJKIHFFAR28CC
新營區,房地(土地+建物),臺南市新營區同濟街136巷31~60號,186.3,住,,,1011201,土地1建物1車位0,全,4,透天厝,住家用,鋼筋混凝土造,0801204,230.46,8,3,3,有,無,無,10000,43,,0.0,0,,RPRNMLLJKIHFFAR38CC
新營區,房地(土地+建物),臺南市新營區新進路二段391~420號,184.9,住,,,1011201,土地1建物1車位0,一層,4,店面(店鋪),住商用,鋼筋混凝土造,0870410,65.68,1,1,1,有,無,無,8000,122,,0.0,0,,RPSNMLLJKIHFFAR48CC
新營區,房地(土地+建物),臺南市新營區復興路301~330號,63.46,商,,,1011215,土地1建物1車位0,三層,3,店面(店鋪),住商用,鋼筋混凝土造,0760402,197.05,4,2,3,有,無,無,12000,61,,0.0,0,,RPTNMLLJKIHFFAR58CC
中西區,土地,永安段541~570地號,102.4,住,,,1011106,土地1建物0車位0,,,其他,,,,0.0,3,2,2,有,無,有,5000,49,,0.0,0,此物件並無建物保存登記,RPXNMLLJKIHFFAD57CC
中西區,房地(土地+建物),臺南市中西區府前二街1~30號,95.0,住,,,1011116,土地1建物1車位0,全,4,透天厝,住商用,鋼筋混凝土構造,0781216,227.05,7,1,4,有,無,無,23000,101,,0.0,0,,RPOOMLLJKIHFFAD76CC
永康區,房地(土地+建物),臺南市永康區永康區勝學路241~270號,4.4,住,,,1011130,土地1建物1車位0,七層,7,套房(1房1廳1衛),住家用,鋼筋混凝土造,0880426,25.16,1,0,1,有,無,有,4500,179,,0.0,0,,RPPNMLMJKIHFFHR98CC
安平區,建物,臺南市安平區安平路151~180號,46.19,商,,,1011116,土地0建物1車位0,四層,4,店面(店鋪),見其他登記事項,見其他登記事項,1001024,104.78,2,2,4,無,無,無,50000,477,,0.0,0,,RPQOMLNJKIHFFAD17CC
安平區,建物,臺南市安平區怡平路442巷1~30號,0.0,住,,,1011105,土地0建物1車位0,四層,4,店面(店鋪),住商用,鋼筋混凝土構造,0820327,251.16,5,2,6,有,有,有,18000,72,,0.0,0,,RPVNMLOJKIHFFAD67CC
東區,建物,臺南市東區東和路61~90號,0.0,住,,,1011104,土地0建物1車位0,五層,7,華廈(10層含以下有電梯),住家用,鋼筋混凝土構造,0790702,49.68,2,1,1,有,有,有,6000,121,,0.0,0,,RPSNMLOJKIHFFCD57CC
永康區,建物,臺南市永康區中山南路262巷1~30號,0.0,,,,1011105,土地0建物1車位0,八層,15,住宅大樓(11層含以上有電梯),住家用,鋼筋混凝土造,0841204,64.83,1,1,1,有,有,有,10000,154,,0.0,0,1.合約書無填具土地租賃面積.2.由所有權人提供出租資訊3.租金以包含機械式車位,RPQOMLOJKIHFFHR76CC
新市區,房地(土地+建物),臺南市新市區和平街211~240號,51.7,住,,,1011105,土地1建物1車位0,二層,4,公寓(5樓含以下無電梯),住家用,鋼筋混凝土造,0860906,131.57,3,2,1,有,無,有,12000,91,,0.0,0,,RPXNMLOJKIHFFER17DC
永康區,建物,臺南市永康區中山南路262巷1~30號,0.0,,,,1011108,土地0建物1車位0,十層,15,住宅大樓(11層含以上有電梯),住家用,鋼筋混凝土造,0841204,59.18,1,1,1,有,有,有,9200,155,,0.0,0,1.合約書無填具土地租賃面積.2.由所有權人提供出租資訊3.租金含機械式車位,RPQQMLPJKIHFFHR07CC
永康區,房地(土地+建物),臺南市永康區中華路301~330號,20.98,住,,,1011115,土地1建物1車位0,十三層,17,住宅大樓(11層含以上有電梯),住家用,鋼筋混凝土造,0850129,113.99000000000001,3,2,2,有,無,有,8000,70,,0.0,0,,RPWQMLPJKIHFFHR67CC
安南區,建物,臺南市安南區環館北路849巷6弄1~30號,0.0,住,,,1011106,土地0建物1車位0,全,4,透天厝,見其他登記事項,鋼筋混凝土構造,0971128,247.31,4,2,3,有,無,有,22000,89,,0.0,0,1.合約書無填具土地租賃面積.2.由所有權人提供出租資訊3.租整棟透天,RPTOMLPJKIHFFBD77CC
東區,房地(土地+建物),臺南市東區崇學路181~210號,196.0,其他,,,1011215,土地1建物1車位0,一層,1,店面(店鋪),商業用,見其他登記事項,0900516,90.37,0,1,0,有,無,無,80000,885,,0.0,0,,RPPOMLPJKIHFFCD47CC
新化區,房地(土地+建物),臺南市新化區永新路1~30號,5941.0,,特定專用區,甲種建築用地,1011201,土地1建物1車位0,三層,8,華廈(10層含以下有電梯),住家用,鋼筋混凝土造,0860825,79.57,3,2,2,有,有,有,6000,75,,0.0,0,,RPTOMLPJKIHFFER86CC
北區,建物,臺南市北區公園南路361~390號,0.0,住,,,1011107,土地0建物1車位0,十二層,14,套房(1房1廳1衛),見其他登記事項,見其他登記事項,0960824,33.69,1,1,1,有,有,有,7000,208,,0.0,0,,RPWOMLPJKIHFFAD97CC
中西區,建物,臺南市中西區金華路三段241~270號,45.72,,,,1011210,土地0建物1車位0,十一層,21,住宅大樓(11層含以上有電梯),住家用,鋼筋混凝土構造,0870219,22.86,0,0,0,無,無,有,5500,241,,0.0,0,,RPVNMLQJKIHFFAD87CC
善化區,房地(土地+建物),臺南市善化區仁愛路31~60號,123.52,住,,,1011205,土地1建物1車位0,全,2,透天厝,住商用,加強磚造,0680524,167.83,7,2,4,有,無,無,15000,89,,0.0,0,整棟出租,RPROMLQJKIHFFER76CC
新市區,房地(土地+建物),臺南市新市區中正路92巷1~30號,2672.35,其他,,,1011217,土地1建物1車位0,六層,8,華廈(10層含以下有電梯),住家用,鋼筋混凝土造,0830806,75.04,3,2,2,有,有,有,10000,133,,0.0,0,,RPTOMLQJKIHFFER96CC
東區,房地(土地+建物),臺南市東區中華東路三段399巷20弄31~60號,93.28,住,,,1020101,土地1建物1車位0,全,5,透天厝,見其他登記事項,鋼筋混凝土構造,0861022,273.6,6,2,4,有,無,有,23000,84,,0.0,0,,RPTNMLQJKIHFFCD87CC
東區,建物,臺南市東區龍山街91~120號,29.53,住,,,1011108,土地0建物1車位0,十四層,14,住宅大樓(11層含以上有電梯),住家用,鋼筋混凝土構造,0960906,172.77,3,2,3,有,有,有,40000,232,,0.0,0,,RPWNMLQJKIHFFCD18CC
佳里區,房地(土地+建物),臺南市佳里區六安里六安1~30號,1074.0,商,特定農業區,丁種建築用地,1011021,土地1建物3車位0,二層,2,廠辦,工業用,鋼筋混凝土造,0820807,769.04,0,0,0,無,無,無,58500,76,,0.0,0,,RPSNMLQJKIHFFDR66CC
麻豆區,土地,新建段211~240地號,114.64,其他,,,1011201,土地2建物0車位0,,,其他,,,,0.0,0,0,0,有,無,無,5000,44,,0.0,0,,RPVNMLQJKIHFFCR86CC
永康區,房地(土地+建物),臺南市永康區正南三路391~420號,3339.62,工,,,1020220,土地1建物1車位0,一層,1,廠辦,工業用,見其他登記事項,0941227,154.42,0,0,0,無,無,有,120000,777,,0.0,0,,RPWNMLQJKIHFFHR47CC
永康區,房地(土地+建物),臺南市永康區復國一路481~510號,83.4,商,,,1011203,土地1建物1車位0,四層,4,店面(店鋪),住商用,鋼筋混凝土造,0811116,209.33,4,2,3,有,無,有,25000,119,,0.0,0,,RPVQMLQJKIHFFHR67CC
安平區,房地(土地+建物),臺南市安平區慶平路511~540號,10.33,商,,,1011203,土地1建物1車位0,十一層,24,住宅大樓(11層含以上有電梯),住家用,鋼筋混凝土構造,0760612,49.86,2,1,1,有,有,有,14000,281,,0.0,0,,RPRNMLQJKIHFFAD57DC
東區,房地(土地+建物),臺南市東區崇學路61~90號,159.0,住,,,1011112,土地2建物2車位0,全,3,透天厝,住商用,鋼筋混凝土構造,0730409,327.07,0,0,0,無,無,無,68000,208,,0.0,0,,RPWOMLQJKIHFFCD38DC
七股區,房地(土地+建物)+車位,臺南市七股區大埕里大埕1~30號,86.0,,特定農業區,甲種建築用地,1011210,土地1建物1車位1,全,3,透天厝,住家用,鋼筋混凝土造,0830518,183.59,4,1,2,有,無,有,9000,49,坡道平面,0.0,0,,RPRNMLQJKIHFFDR66DC
北區,房地(土地+建物),臺南市北區北成路20巷1~30號,82.64,住,,,1011206,土地1建物1車位0,全,3,透天厝,住商用,加強磚造,0690418,123.84,5,2,2,有,無,無,12000,97,,0.0,0,有民情風俗因素之交易。;含增建或未登記建物。,RPPOMLRJKIHFFAD57DC
佳里區,土地,佳里段961~990地號,65.0,其他,,,1011122,土地1建物0車位0,,,其他,,,,0.0,0,0,0,無,無,無,12000,185,,0.0,0,,RPTNMLRJKIHFFDR86CC
善化區,房地(土地+建物),臺南市善化區民權路31~60號,73.08,住,,,1011215,土地1建物1車位0,四層,4,店面(店鋪),見其他登記事項,鋼筋混凝土造,1000112,197.24,5,2,4,有,無,無,23000,117,,0.0,0,,RPPNMLRJKIHFFER56CC
新營區,房地(土地+建物),臺南市新營區裕民路34巷1~30號,33.01,住,,,1011215,土地1建物1車位0,四層,4,公寓(5樓含以下無電梯),住家用,鋼筋混凝土造,0681124,87.78,3,2,1,有,無,有,5000,57,,0.0,0,,RPPNMLTJKIHFFAR98CC
北區,房地(土地+建物),臺南市北區長榮路五段31~60號,41.78,住,,,1011115,土地1建物1車位0,三層,3,住宅大樓(11層含以上有電梯),見其他登記事項,鋼筋混凝土構造,0920916,149.39,2,3,3,有,無,無,20000,134,,0.0,0,,RPRNMLKKKIHFFAD07DC
東區,建物,臺南市東區中華東路二段151~180號,26.54,住,,,1011203,土地0建物0車位0,十層,14,住宅大樓(11層含以上有電梯),住家用,鋼筋混凝土構造,0970229,26.54,0,0,0,無,有,有,10000,377,,0.0,0,,RPQOMLKKKIHFFCD17CC
中西區,建物,臺南市中西區民生路二段391~420號,0.0,,,,1011128,土地0建物1車位0,十層,25,住宅大樓(11層含以上有電梯),見其他登記事項,鋼筋混凝土構造,0890306,110.84,3,2,2,有,有,有,20000,180,,0.0,0,,RPUNMLKKKIHFFAD27CC
北區,建物,臺南市北區成功路571~600號,0.0,住,,,1011217,土地0建物1車位0,三層,12,住宅大樓(11層含以上有電梯),住家用,鋼筋混凝土構造,0840307,38.79,1,1,1,有,有,有,5000,129,,0.0,0,,RPTOMLLKKIHFFAD37CC
安平區,建物,臺南市安平區安平路301~330號,0.0,住,,,1020105,土地0建物1車位0,三層,7,華廈(10層含以下有電梯),住家用,鋼筋混凝土構造,0710223,58.79,1,1,1,有,有,有,6000,102,,0.0,0,,RPXOMLLKKIHFFAD77CC
北區,建物,臺南市北區開元路485巷41弄1~30號,0.0,住,,,1011207,土地0建物1車位0,五層,14,住宅大樓(11層含以上有電梯),見其他登記事項,鋼筋混凝土構造,0891120,114.41,3,2,2,有,有,無,13000,114,,0.0,0,,RPOPMLLKKIHFFAD96CC
東區,建物,臺南市東區前鋒路31~60號,0.0,住,,,1011215,土地0建物1車位0,四層,5,公寓(5樓含以下無電梯),住家用,鋼筋混凝土構造,0750206,88.76,3,1,2,有,無,有,6500,73,,0.0,0,,RPOOMLLKKIHFFCD07CC
安南區,建物,臺南市安南區郡安路五段31巷6弄1~30號,116.43,住,,,1011201,土地0建物1車位0,全,5,透天厝,住家用,鋼筋混凝土構造,0830910,273.96,4,2,3,有,無,有,18000,66,,0.0,0,傢俱:電視、冰箱、熱水器、排油煙機、流理台、瓦斯爐。,RPUNMLLKKIHFFBD57DC
北區,建物,臺南市北區公園南路361~390號,0.0,住,,,1011020,土地0建物0車位0,十四層,14,住宅大樓(11層含以上有電梯),見其他登記事項,見其他登記事項,0960824,84.47,3,2,2,有,有,有,33000,391,,0.0,0,,RPSOMLMKKIHFFAD47DC
佳里區,房地(土地+建物),臺南市佳里區光復路121~150號,75.0,住,,,1011205,土地1建物1車位0,二層,2,店面(店鋪),見其他登記事項,見其他登記事項,0630621,12.4,2,2,2,有,無,無,20000,1613,,0.0,0,,RPWNMLMKKIHFFDR76CC
永康區,房地(土地+建物),臺南市永康區王行里王行路866巷1~30號,143.0,住,,,1011212,土地1建物1車位0,全,4,透天厝,住家用,鋼筋混凝土造,0960608,214.03,4,2,3,有,無,無,16000,75,,0.0,0,租全棟,RPUNMLMKKIHFFHR96CC
永康區,建物,臺南市永康區中山南路262巷1~30號,0.0,,,,1011116,土地0建物1車位0,九層,15,套房(1房1廳1衛),住家用,鋼筋混凝土造,0841204,64.83,1,1,1,有,有,有,8000,123,,0.0,0,1.合約書無填具土地租賃面積.2.由所有權人提供出租資訊,RPXNMLNKKIHFFHR37CC
北區,建物,臺南市北區北園街8巷1~30號,0.0,商,,,1011113,土地0建物1車位0,四層,19,住宅大樓(11層含以上有電梯),見其他登記事項,鋼筋混凝土構造,0961227,60.12,2,1,1,有,有,有,15000,250,,0.0,0,,RPROMLNKKIHFFAD37CC
安平區,房地(土地+建物),臺南市安平區慶平路361~390號,3.6,住,,,1011211,土地1建物1車位0,三層,13,套房(1房1廳1衛),住家用,鋼筋混凝土構造,0831216,21.33,1,0,1,有,無,有,3500,164,,0.0,0,,RPSOMLNKKIHFFAD47CC
北區,建物,臺南市北區北園街8巷1~30號,0.0,商,,,1011115,土地0建物1車位1,四層,19,住宅大樓(11層含以上有電梯),見其他登記事項,鋼筋混凝土構造,0961227,163.57,3,2,2,有,有,有,28500,174,升降機械,17.86,0,,RPOPMLNKKIHFFAD17CC
北區,建物,臺南市北區北門路二段576巷1~30號,0.0,住,,,1011118,土地0建物1車位0,七層,10,華廈(10層含以下有電梯),國民住宅,鋼筋混凝土構造,0930330,95.01,4,1,2,有,有,有,12000,126,,0.0,0,,RPRQMLNKKIHFFAD57CC
永康區,房地(土地+建物),臺南市永康區永明街179巷1~30號,84.0,住,,,1011212,土地1建物1車位0,全,4,透天厝,見其他登記事項,鋼筋混凝土造,0851230,215.68,4,2,3,有,無,無,15000,70,,0.0,0,,RPQNMLOKKIHFFHR76CC
新市區,房地(土地+建物),臺南市新市區信義街1~30號,80.6,其他,,,1011217,土地1建物1車位0,全,4,透天厝,見其他登記事項,鋼筋混凝土造,1001107,223.93,1,1,1,有,無,無,9500,42,,0.0,0,,RPQNMLPKKIHFFER56CC
新市區,房地(土地+建物),臺南市新市區中正路92巷1~30號,2672.42,其他,,,1020101,土地1建物1車位0,四層,8,華廈(10層含以下有電梯),住家用,鋼筋混凝土造,0830806,71.12,3,2,2,有,有,有,8000,112,,0.0,0,,RPSNMLPKKIHFFER76CC
新營區,房地(土地+建物),臺南市新營區復興路620巷15弄1~30號,19.11,住,,,1011220,土地1建物1車位0,三層,7,華廈(10層含以下有電梯),住家用,鋼筋混凝土造,0821019,113.57999999999998,3,2,2,有,有,無,8000,70,,0.0,0,房地租金總額：8000元/月（含管理費＄1500元/月）,RPPNMLSKKIHFFAR98CC
麻豆區,房地(土地+建物),臺南市麻豆區民生路61~90號,30.11,住,,,1020101,土地1建物1車位0,三層,3,公寓(5樓含以下無電梯),住商用,鋼筋混凝土造,0830225,147.63,3,2,3,有,無,無,9000,61,,0.0,0,,RPRNMLSKKIHFFCR86DC
安南區,房地(土地+建物),臺南市安南區安中一街87巷1~30號,86.08,住,,,1020101,土地1建物1車位0,全,4,透天厝,住家用,鋼筋混凝土構造,1010110,157.52,4,2,3,有,無,無,17000,108,,0.0,0,,RPUNMLTKKIHFFBD28CC
北區,建物,臺南市北區北安路一段142巷31~60號,0.0,住,,,1011126,土地0建物1車位0,一層,7,華廈(10層含以下有電梯),見其他登記事項,鋼筋混凝土構造,0960629,52.18,0,1,1,有,有,無,10000,192,,0.0,0,,RPOPMLTKKIHFFAD77CC
安定區,房地(土地+建物),臺南市安定區安定路31~60號,76.04,住,,,1011219,土地1建物1車位0,全,3,透天厝,住家用,鋼筋混凝土造,0820729,156.3,4,2,2,有,無,有,7000,45,,0.0,0,,RPUNMLKLKIHFFER56CC
善化區,土地,善成段1261~1290地號,183.11,商,,,1011219,土地2建物0車位0,,,其他,,,,0.0,0,0,0,有,無,無,15000,82,,0.0,0,,RPWNMLKLKIHFFER76CC
東區,房地(土地+建物),臺南市東區生產路241~270號,0.0,商,,,1020101,土地1建物1車位0,一層,1,店面(店鋪),商業用,鋼筋混凝土構造,0890621,92.94,0,0,1,無,有,無,16000,172,,0.0,0,,RPPNMLKLKIHFFCD07CC
永康區,房地(土地+建物),臺南市永康區復興路33巷1~30號,0.0,,,,1011205,土地1建物1車位0,一層,1,店面(店鋪),住商用,鋼筋混凝土造,0930727,48.71,0,0,0,無,有,無,9000,185,,0.0,0,租賃合約書無填寫土地租賃,RPPNMLKLKIHFFHR98CC
東區,建物,臺南市東區東門路二段61~90號,0.0,商,,,1011204,土地0建物1車位0,七層,11,辦公商業大樓,商業用,鋼筋混凝土構造,0781003,200.42999999999998,1,1,2,有,有,有,12000,60,,0.0,0,,RPVNMLLLKIHFFCD77CC
仁德區,房地(土地+建物),臺南市仁德區中山路606巷1弄1~30號,97.19,住,,,1011205,土地1建物1車位0,全,2,透天厝,住家用,加強磚造,0670501,96.0,3,2,2,有,無,無,7000,73,,0.0,0,,RPXNMLOLKIHFFFR37CC
永康區,建物,臺南市永康區南臺街75巷31~60號,0.0,,,,1011129,土地0建物1車位0,一層,4,店面(店鋪),住商用,鋼筋混凝土造,0821206,178.8,0,0,1,有,無,無,7000,39,,0.0,0,1.合約書無填具土地租賃面積.2.由所有權人提供出租資訊,RPROMLPLKIHFFHR17CC
東區,建物,臺南市東區小東路241~270號,0.0,商,,,1011125,土地0建物1車位0,十一層,25,住宅大樓(11層含以上有電梯),住家用,鋼筋混凝土構造,0840106,131.24,2,2,2,有,無,無,9000,69,,0.0,0,,RPXNMLPLKIHFFCD38CC
東區,建物,臺南市東區裕敬路31~60號,0.0,住,,,1011130,土地0建物1車位0,全,5,透天厝,見其他登記事項,鋼筋混凝土構造,0931123,226.53,4,2,4,有,無,有,21000,93,,0.0,0,,RPQOMLPLKIHFFCD77CC
北區,建物,臺南市北區開元路485巷41弄1~30號,0.0,商,,,1011125,土地0建物1車位0,四層,14,套房(1房1廳1衛),見其他登記事項,鋼筋混凝土構造,0891120,33.1,1,1,1,有,有,有,6500,196,,0.0,0,,RPVNMLPLKIHFFAD97CC
北區,建物,臺南市北區北園街8巷1~30號,0.0,商,,,1011130,土地0建物1車位0,十二層,19,住宅大樓(11層含以上有電梯),見其他登記事項,鋼筋混凝土構造,0961227,114.27000000000001,2,1,1,有,有,有,18000,158,其他,29.03,0,,RPWNMLPLKIHFFAD08CC
南區,房地(土地+建物),臺南市南區公英三街1~30號,51.89,住,,,1011216,土地1建物1車位0,全,2,透天厝,住家用,見其他登記事項,0600420,77.62,2,2,2,有,無,有,8000,103,,0.0,0,,RPTNMLQLKIHFFCD08CC
後壁區,房地(土地+建物),臺南市後壁區本協1~30號,78.0,其他,鄉村區,乙種建築用地,1011220,土地1建物1車位0,全,3,透天厝,住家用,鋼筋混凝土造,0850805,144.5,4,3,3,有,無,無,2500,17,,0.0,0,,RPRNMLQLKIHFFBR66DC
東區,建物,臺南市東區中華東路二段151~180號,0.0,,,,1011204,土地0建物4車位0,一層,14,店面(店鋪),見其他登記事項,鋼筋混凝土構造,0970229,284.31,0,0,0,無,有,無,57000,200,,0.0,0,,RPUNMLQLKIHFFCD28DC
東區,建物,臺南市東區崇明路361~390號,0.0,,,,1011201,土地0建物1車位0,全,5,透天厝,見其他登記事項,見其他登記事項,1011017,2712.73,0,0,0,無,無,無,700000,258,,0.0,0,,RPVNMLQLKIHFFCD38DC
新市區,房地(土地+建物),臺南市新市區中山路181~210號,166.15,住,,,1010101,土地1建物1車位0,全,4,透天厝,見其他登記事項,鋼筋混凝土造,0811109,284.78,3,1,3,有,無,有,26000,91,,0.0,0,,RPVNMLQLKIHFFER37DC
新市區,房地(土地+建物),臺南市新市區大營里121~150號,81.0,,特定農業區,甲種建築用地,1011220,土地1建物1車位0,全,4,透天厝,見其他登記事項,鋼筋混凝土造,0860911,199.54,5,1,4,有,無,無,16000,80,,0.0,0,,RPWNMLQLKIHFFER47DC
新市區,房地(土地+建物),臺南市新市區中山路181~210號,166.15,住,,,1020101,土地1建物1車位0,全,4,透天厝,見其他登記事項,鋼筋混凝土造,0811109,284.78,3,1,3,有,無,無,26000,91,,0.0,0,,RPQNMLRLKIHFFER96DC
新市區,房地(土地+建物),臺南市新市區大營121~150號,86.0,,特定農業區,甲種建築用地,1011210,土地1建物1車位0,全,4,透天厝,住商用,鋼筋混凝土造,0850315,205.83,5,1,4,有,無,有,16000,78,,0.0,0,,RPRNMLRLKIHFFER07DC
新市區,土地,信義段271~300地號,106.04,住,,,1011207,土地1建物0車位0,全,,透天厝,,,,0.0,2,1,3,有,無,無,33000,311,,0.0,0,,RPSNMLRLKIHFFER17DC
仁德區,房地(土地+建物),臺南市仁德區忠義二街36巷1~30號,463.97,工,,,1020101,土地3建物1車位0,二層,2,工廠,工業用,加強磚造,0780318,466.38,8,2,3,有,無,有,35000,,,0.0,0,,RPVNMLRLKIHFFFR47CC
安南區,房地(土地+建物),臺南市安南區安中路一段511~540號,81.66,商,,,1011220,土地1建物1車位0,四層,4,店面(店鋪),見其他登記事項,鋼筋混凝土構造,0980114,192.36,4,2,4,有,無,無,22000,114,,0.0,0,,RPVNMLRLKIHFFBD28CC
安南區,土地,海前段481~510地號,85.7,住,,,1011220,土地1建物0車位0,,,其他,,,,0.0,0,0,0,有,無,無,11000,128,,0.0,0,本筆租賃包含未保存建物。,RPWNMLRLKIHFFBD38CC
永康區,房地(土地+建物),臺南市永康區大仁街11巷31~60號,13.23,住,,,1011219,土地1建物1車位0,一層,1,套房(1房1廳1衛),住商用,鋼筋混凝土造,0830722,13.23,1,0,0,有,無,有,2500,189,,0.0,0,,RPUOMLSLKIHFFHR77CC
善化區,建物,臺南市善化區91~120號,46.7,住,,,1020101,土地0建物1車位0,全,3,透天厝,住家用,加強磚造,0590501,93.53,5,2,5,有,無,有,21000,225,,0.0,0,,RPUNMLSLKIHFFER37CC
善化區,房地(土地+建物),臺南市善化區91~120號,46.7,住,,,1020101,土地1建物1車位0,全,3,透天厝,住家用,加強磚造,0590501,93.53,5,2,5,有,無,有,21000,225,,0.0,0,,RPVNMLSLKIHFFER47CC
永康區,房地(土地+建物),臺南市永康區文化路151~180號,115.0,住,,,1011215,土地1建物1車位0,四層,4,店面(店鋪),住商用,鋼筋混凝土造,0830427,246.18,7,2,4,有,無,有,26000,106,,0.0,0,,RPPNMLLMKIHFFHR56CC
永康區,房地(土地+建物),臺南市永康區復國一路250巷1~30號,118.9,住,,,1020101,土地1建物1車位0,全,3,透天厝,住家用,鋼筋混凝土造,0740212,104.96,4,2,2,有,無,無,13000,124,,0.0,0,,RPQNMLLMKIHFFHR66CC
永康區,房地(土地+建物),臺南市永康區文化路151~180號,89.0,住,,,1011201,土地1建物1車位0,四層,4,店面(店鋪),住商用,鋼筋混凝土造,0820508,243.71,6,2,5,有,無,無,25000,103,,0.0,0,,RPRNMLLMKIHFFHR76CC
中西區,房地(土地+建物),臺南市中西區慶中街181~210號,0.0,住,,,1020125,土地1建物1車位0,一層,2,店面(店鋪),住家用,鋼筋混凝土構造,0751218,75.18,0,0,0,無,無,無,21000,279,,0.0,0,,RPQNMLLJJHIFFAD76CC
善化區,建物,臺南市善化區民權路181~210號,195.76,,,,1020116,土地0建物1車位0,全,3,透天厝,住商用,鋼筋混凝土造,0800427,130.05,0,0,0,無,無,無,16000,123,,0.0,0,,RPRNMLMJJHIFFER78CC
永康區,房地(土地+建物)+車位,臺南市永康區龍埔街61~90號,12.25,住,,,1011217,土地1建物1車位1,四層,12,住宅大樓(11層含以上有電梯),住家用,鋼筋混凝土造,0850415,116.6,3,1,2,有,有,有,10000,86,坡道機械,0.0,0,,RPPOMLMJJHIFFHR98CC
佳里區,房地(土地+建物),臺南市佳里區萊芊寮1~30號,186.95,,工業區,丁種建築用地,1011222,土地1建物1車位0,全,3,透天厝,見其他登記事項,鋼筋混凝土造,0821206,233.22,4,2,2,有,無,無,13000,56,,0.0,0,,RPTNMLNJJHIFFDR09DC
新市區,房地(土地+建物),臺南市新市區中正路31~60號,80.01,其他,,,1020110,土地1建物1車位0,三層,3,套房(1房1廳1衛),住家用,鋼筋混凝土造,0781209,49.32,1,1,1,有,無,有,2000,41,,0.0,0,,RPXNMLNJJHIFFER86CC
新市區,房地(土地+建物),臺南市新市區中正路31~60號,80.01,其他,,,1020110,土地1建物1車位0,全,3,透天厝,住家用,鋼筋混凝土造,0781209,89.24,3,1,2,有,無,有,20000,224,,0.0,0,,RPPOMLNJJHIFFER78CC
北區,建物,臺南市北區長榮路五段1~30號,0.0,住,,,1011203,土地0建物1車位0,九層,13,住宅大樓(11層含以上有電梯),國民住宅,鋼筋混凝土構造,0920916,159.4,3,2,2,有,有,有,13000,82,,0.0,0,,RPPOMLNJJHIFFAD96CC
北區,建物,臺南市北區公園路631~660號,0.0,住,,,1011203,土地0建物1車位0,四層,5,華廈(10層含以下有電梯),住家用,鋼筋混凝土構造,0840906,26.84,1,0,1,有,有,有,5000,186,,0.0,0,,RPQOMLNJJHIFFAD07CC
中西區,建物,臺南市中西區南門路68巷1~30號,0.0,住,,,1020105,土地0建物1車位0,四層,5,公寓(5樓含以下無電梯),住家用,鋼筋混凝土構造,0700320,60.39,2,1,1,有,無,有,5000,83,,0.0,0,,RPROMLOJJHIFFAD27CC
中西區,房地(土地+建物),臺南市中西區西門路二段372巷8弄1~30號,0.0,商,,,1020101,土地1建物1車位0,全,3,透天厝,住家用,加強磚造,0560501,19.46,1,0,1,有,無,有,4500,231,,0.0,0,,RPSOMLOJJHIFFAD37CC
安平區,建物,臺南市安平區永華六街211~240號,0.0,住,,,1020107,土地0建物1車位0,十二層,12,住宅大樓(11層含以上有電梯),住家用,鋼筋混凝土構造,0820612,55.51,2,1,1,有,有,有,8500,153,,0.0,0,,RPWOMLOJJHIFFAD77CC
北區,房地(土地+建物),臺南市北區開元路342巷1~30號,0.0,住,,,1020101,土地1建物1車位0,全,3,透天厝,住家用,鋼筋混凝土構造,0700414,108.19,3,2,2,有,無,無,10000,92,,0.0,0,,RPXOMLOJJHIFFAD87CC
中西區,建物,臺南市中西區健康路一段391~420號,0.0,住,,,1011225,土地0建物0車位0,十一層,13,住宅大樓(11層含以上有電梯),見其他登記事項,鋼筋混凝土構造,0850821,41.1,1,1,1,有,有,有,6500,158,,0.0,0,,RPPPMLOJJHIFFAD17CC
北區,建物,臺南市北區公園南路370巷1~30號,0.0,住,,,1020101,土地0建物1車位0,三層,18,住宅大樓(11層含以上有電梯),住家用,鋼筋混凝土構造,0840912,78.69999999999999,2,2,2,有,有,有,10000,127,,0.0,0,,RPRPMLOJJHIFFAD37CC
新化區,建物,臺南市新化區信義路484巷1~30號,0.0,住,,,1020101,土地0建物1車位0,一層,7,華廈(10層含以下有電梯),見其他登記事項,鋼筋混凝土造,0820804,181.34,3,2,3,有,無,無,11000,61,,0.0,0,1.因合約書無填具土地租賃面積2.由所有權人提供出資料3.租賃層次為1-3樓,RPWNMLOJJHIFFER86CC
南區,房地(土地+建物),臺南市南區國華街一段56巷1~30號,0.0,住,,,1020101,土地1建物1車位0,全,1,透天厝,住家用,加強磚造,0561124,54.52,4,2,2,有,無,有,6300,116,,0.0,0,1.因合約書無填具土地租賃面積2.由所有權人提供出資料,RPWNMLOJJHIFFCD87CC
南區,房地(土地+建物),臺南市南區永興三街31~60號,0.0,住,,,1020125,土地1建物1車位0,全,2,透天厝,住家用,鋼筋混凝土構造,0770718,135.89,5,2,3,有,無,有,13000,96,,0.0,0,1.因合約書無填具土地租賃面積2.由所有權人提供出資料3.此租賃層次為整棟,RPXNMLOJJHIFFCD97CC
東區,建物,臺南市東區東光路二段58巷1~30號,0.0,住,,,1020101,土地0建物1車位0,五層,7,華廈(10層含以下有電梯),住家用,鋼筋混凝土構造,0830629,122.19,3,1,2,有,無,有,11500,94,,0.0,0,1.因合約書無填具土地租賃面積2.由所有權人提供出資料,RPPOMLOJJHIFFCD27CC
東區,建物,臺南市東區裕農路961~990號,0.0,住,,,1011210,土地0建物1車位0,見其他登記事項,4,店面(店鋪),見其他登記事項,見其他登記事項,0950117,250.0,4,2,6,有,無,無,26500,106,,0.0,0,,RPQOMLOJJHIFFCD37CC
東區,房地(土地+建物),臺南市東區裕農路31~60號,757.03,住,,,1011218,土地1建物1車位0,一層,7,華廈(10層含以下有電梯),住家用,鋼筋混凝土構造,0870413,38.24,4,2,2,有,有,有,10000,262,,0.0,0,,RPUOMLOJJHIFFCD77CC
善化區,房地(土地+建物),臺南市新化區成功新村31~60號,12.33,其他,,,1011231,土地1建物1車位0,二層,8,華廈(10層含以下有電梯),住家用,鋼筋混凝土造,0830923,117.15,3,2,2,有,有,有,8000,68,,0.0,0,,RPVNMLPJJHIFFER86CC
善化區,房地(土地+建物),臺南市善化區仁愛路31~60號,65.58,其他,,,1011227,土地1建物1車位0,全,2,透天厝,住商用,加強磚造,0680524,102.4,3,2,2,有,無,無,7000,68,,0.0,0,,RPWNMLPJJHIFFER96CC
善化區,房地(土地+建物)+車位,臺南市善化區自由路189巷1~30號,16.19,其他,,,1020101,土地1建物1車位1,全,3,透天厝,見其他登記事項,鋼筋混凝土造,0910221,166.32,4,2,3,有,無,有,18000,108,一樓平面,6.81,0,,RPXNMLPJJHIFFER07CC
麻豆區,土地,新建段211~240地號,114.64,其他,,,1011201,土地2建物0車位0,,,其他,,,,0.0,0,0,0,有,無,無,8000,70,,0.0,0,,RPPNMLPJJHIFFCR68CC
佳里區,房地(土地+建物),臺南市佳里區萊芊寮1~30號,186.95,,工業區,丁種建築用地,1011222,土地1建物1車位0,全,3,透天厝,見其他登記事項,鋼筋混凝土造,0821206,233.22,4,2,2,有,無,無,13000,56,,0.0,0,,RPSNMLRJJHIFFDR76DC
安平區,土地,金華段1~30地號,489.0,住,,,1020110,土地1建物0車位0,,,其他,,,,0.0,0,0,0,有,無,有,50000,102,,0.0,0,,RPPQMLRJJHIFFAD57CC
安平區,土地,金華段1~30地號,312.0,住,,,1020110,土地1建物0車位0,,,其他,,,,0.0,0,0,0,有,無,有,60000,192,,0.0,0,,RPSQMLRJJHIFFAD87CC
安平區,土地,金華段1~30地號,312.0,住,,,1020110,土地1建物0車位0,,,其他,,,,0.0,0,0,0,有,無,有,60000,192,,0.0,0,,RPTQMLRJJHIFFAD97CC
東區,建物,臺南市東區大同路二段31~60號,133.19,,,,1020112,土地0建物1車位0,,2,店面(店鋪),住商用,見其他登記事項,0541127,176.19,0,0,0,無,無,有,90000,511,,0.0,0,短租 共38日,RPQNMLSJJHIFFCD67CC
永康區,房地(土地+建物),臺南市永康區中華路1~30號,64.42,商,,,1020118,土地1建物1車位0,十七層,24,辦公商業大樓,見其他登記事項,鋼造,0791205,94.03,0,0,0,無,有,無,12000,128,,0.0,0,,RPQNMLSJJHIFFHR96CC
新市區,房地(土地+建物),臺南市新市區中正路61~90號,82.44,其他,,,1020115,土地1建物1車位0,全,3,透天厝,住家用,鋼筋混凝土造,0830511,47.91,1,1,1,有,無,有,5500,115,,0.0,0,,RPPNMLTJJHIFFER66CC
新市區,房地(土地+建物),臺南市新市區永華三街1~30號,11276.0,其他,特定專用區,甲種建築用地,1020201,土地1建物1車位0,五層,8,華廈(10層含以下有電梯),住家用,鋼筋混凝土造,0860825,79.85,3,2,2,有,無,有,10000,125,,0.0,0,有車位,RPQNMLTJJHIFFER76CC
東區,房地(土地+建物),臺南市東區東興路91~120號,0.17,住,,,1011222,土地1建物1車位0,一層,7,華廈(10層含以下有電梯),住家用,鋼筋混凝土構造,0731221,87.92,1,1,1,有,無,無,13000,148,,0.0,0,,RPVOMLKKJHIFFCD57CC
北區,房地(土地+建物),臺南市北區大興街290巷1~30號,0.0,住,,,1020117,土地2建物1車位0,全,2,透天厝,,鋼筋混凝土構造,0690616,74.22,3,2,2,有,無,無,9000,121,,0.0,0,租賃契約書無填寫土地租賃,RPPNMLKKJHIFFAD66CC
永康區,房地(土地+建物),臺南市永康區中華路631~660號,1642.0,住,,,1011201,土地1建物1車位0,一層,3,店面(店鋪),見其他登記事項,鋼筋混凝土造,0740131,259.16,1,1,1,有,無,無,20000,77,,0.0,0,,RPPPMLKKJHIFFHR98CC
中西區,建物,臺南市中西區大仁街91~120號,0.0,住,,,1011211,土地0建物1車位0,全,1,透天厝,住家用,磚造,0520101,27.75,3,1,2,有,無,無,6500,234,,0.0,0,1.合約書無填具土地租賃面積.2.由所有權人提供出租資訊,RPRNMLLKJHIFFAD96CC
北區,建物,臺南市北區開元路148巷1~30號,0.0,住,,,1011212,土地0建物1車位0,全,3,透天厝,住家用,加強磚造,0560101,192.9,5,2,3,有,無,有,17000,88,,0.0,0,1.合約書無填具土地租賃面積.2.由所有權人提供出租資訊,RPTNMLLKJHIFFAD17CC
中西區,建物,臺南市中西區康樂街1~30號,0.0,商,,,1011217,土地0建物1車位0,全,2,透天厝,住商用,鋼筋混凝土構造,0790328,57.36,3,2,3,有,無,有,15000,262,,0.0,0,1.合約書無填具土地租賃面積.2.由所有權人提供出租資訊,RPWNMLLKJHIFFAD47CC
東區,建物,臺南市東區東寧路181~210號,0.0,商,,,1011213,土地0建物2車位7,二層,14,辦公商業大樓,見其他登記事項,鋼筋混凝土構造,0841221,1553.12,0,0,0,無,有,有,530000,341,坡道平面,0.0,0,"此租賃標的實際租賃範圍為一、二層,因登錄需要 以謄本面積較大者(二樓)作為登錄標的物(門牌、層次),租賃範圍含廁所。",RPQOMLLKJHIFFCD17CC
善化區,土地,善西段1~30地號,403.95,住,,,1020110,土地9建物0車位0,,,其他,,,,0.0,3,1,2,有,無,有,11000,27,,0.0,0,有民情風俗因素之交易。;含增建或未登記建物。,RPROMLLKJHIFFER88CC
善化區,房地(土地+建物),臺南市善化區興華路223巷1~30號,77.19,住,,,1020101,土地1建物1車位0,全,4,透天厝,見其他登記事項,鋼筋混凝土造,0930419,196.5,5,2,4,有,無,有,22000,112,,0.0,0,,RPTOMLLKJHIFFER09CC
東區,房地(土地+建物),臺南市東區大同路91~120號,0.0,其他,,,1020115,土地1建物1車位0,見其他登記事項,16,住宅大樓(11層含以上有電梯),住商用,鋼筋混凝土構造,0831216,264.22,0,0,0,無,無,無,22000,83,,0.0,0,租賃契約書無填寫土地租賃,RPPNMLMKJHIFFCD07CC
東區,房地(土地+建物),臺南市東區東安路30巷1~30號,27.05,住,,,1020115,土地0建物1車位0,二層,5,公寓(5樓含以下無電梯),住家用,鋼筋混凝土構造,0710223,101.02,3,2,2,有,無,有,8000,79,,0.0,0,,RPRNMLMKJHIFFCD27CC
永康區,房地(土地+建物),臺南市永康區中華路1~30號,89.32,商,,,1020105,土地1建物1車位0,一層,5,店面(店鋪),住商用,鋼筋混凝土造,0771205,266.04,7,2,4,有,無,無,33000,124,,0.0,0,,RPOOMLNKJHIFFHR09CC
安南區,房地(土地+建物),臺南市安南區府安路七段28巷1~30號,89.89,住,,,1020101,土地1建物1車位0,全,4,透天厝,住家用,鋼筋混凝土構造,0831121,162.05,4,2,3,有,無,無,10000,62,,0.0,0,,RPPNMLNKJHIFFBD07CC
東區,房地(土地+建物),臺南市東區大學里大學路18巷1~30號,139.0,住,,,1020115,土地1建物1車位0,全,2,透天厝,住家用,加強磚造,0690527,175.74,2,2,3,有,無,無,50000,285,,0.0,0,,RPSOMLOKJHIFFCD77DC
新市區,房地(土地+建物),臺南市新市區信義街1~30號,80.6,住,,,1020201,土地1建物1車位0,全,4,透天厝,見其他登記事項,鋼筋混凝土造,1001107,49.28,1,0,1,有,無,有,6500,132,,0.0,0,,RPVNMLOKJHIFFER86CC
新市區,房地(土地+建物),臺南市新市區信義街1~30號,80.6,住,,,1020201,土地1建物1車位0,全,4,透天厝,見其他登記事項,鋼筋混凝土造,1001107,49.28,1,0,1,有,無,有,5500,112,,0.0,0,,RPXNMLOKJHIFFER07CC
善化區,房地(土地+建物),臺南市善化區光華路128巷1~30號,15.4,住,,,1020201,土地1建物1車位0,二層,7,華廈(10層含以下有電梯),住家用,鋼筋混凝土造,0830625,81.75,2,2,1,有,有,有,8000,98,,0.0,0,,RPPNMLPKJHIFFER98CC
南區,建物,臺南市南區惠南街91~120號,0.0,住,,,1020108,土地0建物1車位0,三層,5,公寓(5樓含以下無電梯),住家用,鋼筋混凝土構造,0780204,73.78999999999999,2,1,1,有,有,有,8000,108,,0.0,0,1.因合約書無填具土地租賃面積2.由所有權人提供出資料,RPTNMLPKJHIFFCD77CC
南區,建物,臺南市南區永興二街31~60號,0.0,住,,,1020105,土地0建物1車位0,二層,8,華廈(10層含以下有電梯),商業用,鋼筋混凝土構造,0810601,67.48,2,2,2,有,有,有,7000,104,,0.0,0,1.因合約書無填具土地租賃面積2.由所有權人提供出資料,RPWNMLPKJHIFFCD08CC
東區,建物,臺南市東區莊敬路61~90號,0.0,商,,,1011223,土地0建物1車位0,十層,15,住宅大樓(11層含以上有電梯),住家用,鋼筋混凝土構造,0830916,103.33,3,2,2,有,無,有,10800,105,,0.0,0,1.合約書無填具土地租賃面積.2.由所有權人提供出租資訊3.租金以包含平面車位,RPUOMLPKJHIFFCD97CC
北區,房地(土地+建物),臺南市北區海安路三段121~150號,69.02,住,,,1011112,土地1建物1車位0,全,4,透天厝,住商用,鋼筋混凝土構造,0790301,306.4,7,2,4,有,無,有,20000,65,,0.0,0,,RPRNMLPKJHIFFAD37CC
北區,房地(土地+建物),臺南市北區大興街481~510號,76.32,其他,,,1011111,土地1建物1車位0,一層,4,店面(店鋪),住商用,鋼筋混凝土構造,0810613,269.3,4,2,3,有,無,無,14000,52,,0.0,0,整棟出租,RPTNMLPKJHIFFAD57CC
中西區,房地(土地+建物),臺南市中西區湖美一街27巷1~30號,104.57,住,,,1011117,土地1建物1車位0,全,2,透天厝,住家用,加強磚造,0701121,137.32,3,2,3,有,無,無,12000,87,,0.0,0,整棟出租,RPVNMLPKJHIFFAD77CC
中西區,房地(土地+建物),臺南市中西區中正路181~210號,128.0,商,,,1011122,土地1建物1車位0,全,5,透天厝,,鋼筋混凝土構造,0701125,623.88,0,0,4,有,無,有,65000,104,,0.0,0,,RPXNMLPKJHIFFAD97CC
中西區,房地(土地+建物),臺南市中西區民生路二段361~390號,0.0,住,,,1011122,土地1建物1車位0,一層,3,店面(店鋪),住商用,加強磚造,0621202,57.54,0,2,0,有,無,無,14000,243,,0.0,0,1.因合約書無填具土地租賃面積2.由所有權人提供出資料,RPOOMLPKJHIFFAD17CC
北區,建物,臺南市北區公園路361~390號,0.0,住,,,1011127,土地0建物0車位0,九層,12,住宅大樓(11層含以上有電梯),見其他登記事項,見其他登記事項,0930329,66.55,2,2,1,有,有,有,12000,180,,0.0,0,1.因合約書無填具土地租賃面積2.由所有權人提供出資料,RPPOMLPKJHIFFAD27CC
北區,建物,臺南市北區公園北路151~180號,0.0,住,,,1011121,土地0建物1車位0,十一層,12,住宅大樓(11層含以上有電梯),住家用,鋼筋混凝土構造,0840708,135.67000000000002,3,2,2,有,有,無,14000,103,,0.0,0,1.因合約書無填具土地租賃面積2.由所有權人提供出資料,RPQOMLPKJHIFFAD37CC
安平區,建物,臺南市安平區國平路571~600號,0.0,住,,,1011125,土地0建物1車位0,十七層,21,住宅大樓(11層含以上有電梯),住家用,鋼筋混凝土構造,0831222,54.95,1,1,1,有,有,有,9000,164,,0.0,0,1.因合約書無填具土地租賃面積2.由所有權人提供出資料,RPROMLPKJHIFFAD47CC
安平區,建物,臺南市安平區建平八街541~570號,0.0,住,,,1011126,土地0建物1車位0,十九層,26,住宅大樓(11層含以上有電梯),住家用,鋼筋混凝土構造,0870105,141.72,4,2,2,有,有,有,12000,85,,0.0,0,1.因合約書無填具土地租賃面積2.由所有權人提供出資料,RPSOMLPKJHIFFAD57CC
中西區,建物,臺南市中西區府連路91~120號,519.66,,,,1011119,土地0建物1車位0,一層,7,辦公商業大樓,商業用,鋼筋混凝土構造,0811123,233.42,0,0,0,無,無,無,55000,236,,0.0,0,,RPUOMLPKJHIFFAD77CC
中西區,建物,臺南市中西區金華路三段241~270號,0.0,住,,,1020109,土地0建物1車位0,十四層,21,住宅大樓(11層含以上有電梯),住家用,鋼筋混凝土構造,0870219,105.89,3,2,2,有,有,有,12000,113,,0.0,0,1.因合約書無填具土地租賃面積2.由所有權人提供出資料,RPWOMLPKJHIFFAD97CC
北區,建物,臺南市北區崇安街121~150號,0.0,商,,,1011217,土地0建物1車位0,全,4,透天厝,住商用,鋼筋混凝土構造,0771202,95.27,5,2,4,有,無,有,20000,210,,0.0,0,1.合約書無填具土地租賃面積.2.由所有權人提供出租資訊3.承租整棟透天,RPXOMLPKJHIFFAD08CC
中西區,建物,臺南市中西區金城街61~90號,0.0,住,,,1011220,土地0建物1車位0,二層,5,公寓(5樓含以下無電梯),住家用,鋼筋混凝土構造,0770222,71.59,3,2,1,有,無,有,7000,98,,0.0,0,1.合約書無填具土地租賃面積.2.由所有權人提供出租資訊,RPQPMLPKJHIFFAD47CC
北區,房地(土地+建物),臺南市北區長勝路1~30號,0.0,住,,,1011120,土地1建物1車位0,三層,3,店面(店鋪),見其他登記事項,鋼筋混凝土構造,0920916,161.67,2,2,3,有,有,無,17000,105,,0.0,0,,RPRPMLPKJHIFFAD57CC
東區,房地(土地+建物)+車位,臺南市東區崇善五街7巷1~30號,30.01,住,,,1011229,土地1建物1車位1,三層,13,住宅大樓(11層含以上有電梯),住家用,見其他登記事項,0951122,78.03,3,2,2,有,有,有,20000,256,坡道平面,0.0,0,,RPUNMLPKJHIFFCD97DC
永康區,建物,臺南市永康區大同街121~150號,0.0,商,,,1011218,土地0建物1車位0,一層,1,工廠,住家用,鋼造,0880210,164.2,1,0,1,有,無,無,10000,,,0.0,0,1.租賃契約書無填寫租賃土地面積。2.由所有權人提供出租資訊。,RPVNMLPKJHIFFHR27CC
永康區,房地(土地+建物),臺南市永康區中山南路331~360號,90.31,住,,,1020122,土地2建物1車位0,全,4,透天厝,住商用,鋼筋混凝土造,0770114,200.48,5,2,4,有,無,無,27000,135,,0.0,0,,RPUOMLPKJHIFFHR27CC
永康區,房地(土地+建物),臺南市永康區中山南路901~930號,0.0,住,,,1011229,土地1建物1車位0,五層,5,店面(店鋪),住商用,鋼筋混凝土造,0800613,268.24,7,2,4,有,無,無,25000,93,,0.0,0,租賃契約書無填寫土地租賃,RPPNMLQKJHIFFHR76CC
中西區,房地(土地+建物),臺南市中西區五妃街1~30號,0.0,住,,,1020115,土地1建物1車位0,,8,店面(店鋪),住商用,鋼筋混凝土構造,0870514,109.8,2,0,2,有,無,無,18000,164,,0.0,0,租賃契約無填寫土地租賃.租金含管理費用。,RPPNMLQKJHIFFAD27CC
北區,建物,臺南市北區公園北路151~180號,6.6,住,,,1011210,土地0建物1車位0,六層,14,住宅大樓(11層含以上有電梯),見其他登記事項,見其他登記事項,0951001,85.06,4,2,2,有,無,有,24000,282,,0.0,0,,RPRNMLQKJHIFFAD47CC
中西區,房地(土地+建物),臺南市中西區南門路1~30號,49.0,住,,,1020204,土地1建物1車位0,一層,4,店面(店鋪),住商用,鋼筋混凝土構造,0450830,158.51,0,1,1,有,無,無,25000,158,,0.0,0,,RPUNMLQKJHIFFAD77CC
北區,建物,臺南市北區北門路二段1~30號,0.0,商,,,1011219,土地0建物1車位0,見其他登記事項,2,店面(店鋪),住商用,磚造,,76.33,1,2,1,有,無,有,30000,393,,0.0,0,,RPUPMLQKJHIFFAD97CC
新市區,房地(土地+建物),臺南市新市區永華三街1~30號,11276.0,其他,特定專用區,甲種建築用地,1020201,土地1建物1車位0,八層,8,華廈(10層含以下有電梯),住家用,鋼筋混凝土造,0860825,79.57,3,2,2,有,有,有,9500,119,,0.0,0,,RPQNMLQKJHIFFER56CC
善化區,房地(土地+建物)+車位,臺南市善化區成功新村31~60號,25.65,住,,,1020115,土地1建物1車位1,七層,8,華廈(10層含以下有電梯),住家用,鋼筋混凝土造,0830923,132.59,2,1,2,有,無,有,7500,57,坡道平面,13.22,0,,RPTOMLQKJHIFFER96CC
永康區,建物,臺南市永康區東橋五路301~330號,0.0,住,,,1011224,土地0建物1車位0,全,4,透天厝,住商用,鋼筋混凝土造,0991230,205.5,4,2,3,有,無,有,28000,136,,0.0,0,,RPROMLRKJHIFFHR17CC
東區,房地(土地+建物),臺南市東區裕信路181~210號,123.42,住,,,1020116,土地1建物1車位0,全,4,透天厝,住商用,見其他登記事項,0950928,223.27,5,2,4,有,無,有,32000,143,,0.0,0,只擁有建物使用權,RPUNMLRKJHIFFCD18DC
安平區,建物,臺南市安平區臺南市安平區建平八街541~570號,0.0,住,,,1020116,土地0建物1車位0,十一層,26,住宅大樓(11層含以上有電梯),住家用,鋼筋混凝土構造,0870105,129.5,2,1,2,有,有,有,10000,77,,0.0,0,,RPXNMLSKJHIFFAD28CC
安平區,建物,臺南市安平區永華路二段901~930號,0.0,住,,,1020114,土地0建物1車位0,三層,14,住宅大樓(11層含以上有電梯),見其他登記事項,見其他登記事項,0960111,177.11,3,2,2,有,有,有,18000,102,,0.0,0,,RPOOMLSKJHIFFAD47CC
中西區,房地(土地+建物),臺南市中西區康樂街225巷1~30號,3.33,住,,,1020101,土地1建物1車位0,八層,9,套房(1房1廳1衛),住家用,鋼筋混凝土構造,0830528,32.13,1,0,1,有,有,有,4800,149,,0.0,0,,RPPNMLKLJHIFFAD76CC
東區,建物,臺南市東區東光路一段121~150號,117.0,,,,1020218,土地0建物1車位0,一層,5,店面(店鋪),見其他登記事項,鋼筋混凝土構造,0941121,63.98,1,1,1,有,無,無,28000,438,,0.0,0,,RPPNMLLLJHIFFCD17DC
中西區,房地(土地+建物),臺南市中西區中正路61~90號,16.0,商,,,1020201,土地1建物1車位0,四層,4,店面(店鋪),住商用,磚造,0450101,104.48,2,2,1,有,無,無,20000,191,,0.0,0,,RPUNMLMLJHIFFAD47CC
善化區,房地(土地+建物),臺南市善化區永福路121~150號,125.52,住,,,1020305,土地1建物1車位0,全,3,透天厝,見其他登記事項,鋼筋混凝土造,0950328,217.58,5,2,3,有,無,有,22000,101,,0.0,0,,RPSNMLMLJHIFFER09CC
東區,房地(土地+建物),臺南市東區民族路一段18巷1~30號,50.0,住,,,1020105,土地1建物1車位0,全,2,透天厝,住家用,加強磚造,0630305,77.55,3,2,2,有,無,無,10500,135,,0.0,0,,RPPOMLMLJHIFFCD27CC
新化區,房地(土地+建物),臺南市新化區永新路31~60號,5941.0,其他,特定專用區,甲種建築用地,1020201,土地1建物1車位0,二層,8,華廈(10層含以下有電梯),住家用,鋼筋混凝土造,0860825,79.57,3,2,2,有,有,有,8500,107,,0.0,0,國宅，有車位,RPTNMLNLJHIFFER66CC
善化區,房地(土地+建物),臺南市善化區成功新村61~90號,24.37,住,,,1020120,土地2建物1車位0,一層,8,華廈(10層含以下有電梯),住家用,鋼筋混凝土造,0830923,106.38,2,2,2,有,有,有,8000,75,,0.0,0,,RPROMLNLJHIFFER56CC
永康區,房地(土地+建物),臺南市永康區中華路1~30號,14.47,其他,,,1020121,土地1建物1車位0,十層,24,辦公商業大樓,見其他登記事項,鋼造,0791205,222.01999999999998,0,0,0,無,有,無,15000,68,,0.0,0,,RPRNMLNLJHIFFHR76CC
安平區,房地(土地+建物),臺南市安平區永華路二段661~690號,83.0,住,,,1020115,土地1建物1車位0,一層,4,店面(店鋪),住商用,鋼筋混凝土構造,0760825,245.65,5,3,4,有,無,無,24990,102,,0.0,0,,RPWOMLOLJHIFFAD97CC
北區,建物,臺南市北區北安路一段176巷1~30號,0.0,住,,,1020123,土地0建物1車位0,二層,13,住宅大樓(11層含以上有電梯),見其他登記事項,見其他登記事項,0951129,140.87,3,2,2,有,有,有,20000,142,,0.0,0,,RPVNMLPLJHIFFAD87CC
中西區,建物,臺南市中西區大智街61~90號,0.0,住,,,1020123,土地0建物1車位0,五層,7,華廈(10層含以下有電梯),住家用,鋼筋混凝土構造,0711109,71.43,2,1,1,有,無,有,6000,84,,0.0,0,,RPWNMLPLJHIFFAD97CC
北區,建物,臺南市北區民德路91~120號,0.0,住,,,1020123,土地0建物1車位0,一層,5,公寓(5樓含以下無電梯),住家用,鋼筋混凝土構造,0701223,136.92000000000002,3,2,2,有,無,有,14000,102,,0.0,0,,RPXNMLPLJHIFFAD08CC
南區,房地(土地+建物),臺南市南區中華南路二段177巷1~30號,0.0,住,,,1020121,土地1建物1車位0,全,2,透天厝,住家用,加強磚造,0780215,175.32,4,2,2,有,無,無,13000,74,,0.0,0,1.因合約書無填具土地租賃面積2.由所全人提供出資料3.此租賃層次為1至2樓,RPXNMLPLJHIFFCD28CC
東區,建物,臺南市東區東興路31巷1~30號,0.0,住,,,1020121,土地0建物1車位0,一層,5,公寓(5樓含以下無電梯),住家用,鋼筋混凝土構造,0701103,172.2,3,1,2,有,無,有,12000,70,,0.0,0,1.因合約書無填具土地租賃面積2.由所全人提供出資料,RPOOMLPLJHIFFCD47CC
永康區,建物,臺南市永康區中正北路19巷1~30號,0.0,住,,,1020123,土地0建物1車位0,十二層,14,住宅大樓(11層含以上有電梯),住家用,鋼筋混凝土造,0830922,95.5,3,1,2,有,有,有,9500,99,,0.0,0,1.因合約書無填具土地租賃面積2.由所有權人提供出資料,RPUOMLPLJHIFFHR37CC
仁德區,建物,臺南市仁德區民安路二段61~90號,0.0,住,,,1011226,土地0建物1車位0,二層,11,住宅大樓(11層含以上有電梯),住家用,鋼筋混凝土造,0840331,86.61,4,2,2,有,有,有,9000,104,,0.0,0,1.合約書無填具土地租賃面積.2.由所有權人提供出租資訊,RPXNMLPLJHIFFFR37CC
西港區,房地(土地+建物),臺南市西港區新興街1~30號,101.0,住,,,1020125,土地1建物1車位0,全,4,透天厝,住商用,鋼筋混凝土造,0810406,217.86,5,2,3,有,無,無,9000,41,,0.0,0,,RPPNMLQLJHIFFDR09CC
西港區,房地(土地+建物),臺南市西港區新興街1~30號,101.0,住,,,1020125,土地1建物1車位0,全,4,透天厝,住商用,鋼筋混凝土造,0810406,216.94,5,2,3,有,無,無,9000,41,,0.0,0,,RPQNMLQLJHIFFDR56CC
安定區,房地(土地+建物),臺南市安定區新吉181~210號,84.0,住,特定農業區,甲種建築用地,1020201,土地1建物1車位0,全,4,透天厝,見其他登記事項,鋼筋混凝土造,0941121,187.92,4,2,5,有,無,有,15000,80,,0.0,0,,RPQNMLQLJHIFFER66CC
安平區,房地(土地+建物),臺南市安平區民權路四段691~720號,76.03,住,,,1020123,土地1建物1車位0,四層,4,店面(店鋪),住商用,鋼筋混凝土構造,0851019,187.7,4,2,4,有,無,無,15000,80,,0.0,0,,RPPNMLQLJHIFFAD37CC
東區,房地(土地+建物),臺南市東區莊敬路80巷1~30號,66.0,住,,,1020120,土地1建物1車位0,全,2,透天厝,住家用,加強磚造,0680118,81.18,3,2,2,有,無,有,10000,123,,0.0,0,,RPQNMLSLJHIFFCD87CC
新市區,房地(土地+建物),臺南市新市區中山路181~210號,208.05,住,,,1020301,土地1建物1車位0,全,3,透天厝,見其他登記事項,鋼筋混凝土造,0811109,267.98,8,1,3,有,無,無,36000,134,,0.0,0,含50坪倉庫,RPOOMLSLJHIFFER86DC
新市區,房地(土地+建物),臺南市新市區忠孝街179巷1弄1~30號,87.25,住,,,1020205,土地1建物1車位0,全,4,透天厝,見其他登記事項,鋼筋混凝土造,0900302,264.39,6,1,5,有,無,無,20000,76,,0.0,0,,RPPOMLSLJHIFFER96DC
仁德區,房地(土地+建物),臺南市仁德區機場路1351~1380號,76.54,住,,,1020115,土地1建物1車位0,全,4,透天厝,住商用,鋼筋混凝土造,0791102,213.73,3,2,3,有,無,有,12000,56,,0.0,0,,RPUNMLSLJHIFFFR47DC
永康區,房地(土地+建物),臺南市永康區東橋十街91~120號,88.85,住,,,1020201,土地1建物1車位0,全,4,透天厝,見其他登記事項,見其他登記事項,1010619,166.35,5,2,5,有,無,無,39000,234,,0.0,0,僅有建物使用權,RPOOMLSLJHIFFHR17DC
新市區,房地(土地+建物),臺南市新市區忠孝街179巷1弄1~30號,87.25,住,,,1020105,土地1建物1車位0,全,3,透天厝,見其他登記事項,鋼筋混凝土造,0900302,264.39,6,1,5,有,無,有,20000,76,,0.0,0,,RPPNMLTLJHIFFER96DC
仁德區,房地(土地+建物),臺南市仁德區保安路二段391~420號,0.0,,特定農業區,農牧用地,1020122,土地1建物1車位0,一層,1,農舍,農舍,見其他登記事項,08101,44.51,0,0,1,有,無,無,15000,,,0.0,0,1.因合約書無填具土地租賃面積2.由所有權人提供出資料,RPPNMLTLJHIFFFR96CC
東區,建物,臺南市東區中華東路二段185巷1~30號,0.0,住,,,1020124,土地0建物1車位0,七層,20,住宅大樓(11層含以上有電梯),住家用,鋼筋混凝土構造,0841106,134.48,3,2,2,有,有,有,13500,100,,0.0,0,1.因合約書無填具土地租賃面積2.由所有權人提供出資料,RPTNMLTLJHIFFCD28CC
南區,房地(土地+建物),臺南市南區國民路165巷36弄1~30號,0.0,住,,,1020124,土地1建物1車位0,全,2,透天厝,住家用,加強磚造,0690423,90.22,3,1,2,有,無,無,7500,83,,0.0,0,1.因合約書無填具土地租賃面積2.由所有權人提供出資料,RPUNMLTLJHIFFCD38CC
南區,建物,臺南市南區健康路二段401巷1~30號,0.0,住,,,1020123,土地0建物1車位0,二層,5,公寓(5樓含以下無電梯),住家用,鋼筋混凝土構造,0701214,136.21,3,2,2,有,有,無,10000,73,,0.0,0,1.因合約書無填具土地租賃面積2.由所有權人提供出資料,RPVNMLTLJHIFFCD48CC
善化區,房地(土地+建物),臺南市善化區民權路31~60號,73.08,住,,,1020127,土地1建物1車位0,全,4,透天厝,見其他登記事項,鋼筋混凝土造,1000112,197.24,5,2,4,有,無,無,30000,152,,0.0,0,,RPRNMLTLJHIFFER07CC
北區,建物,臺南市北區北園街1~30號,8.31,,,,1020201,土地0建物1車位0,九層,14,住宅大樓(11層含以上有電梯),國民住宅,鋼筋混凝土構造,0870420,46.9,2,2,1,有,有,有,7000,149,,0.0,0,,RPSNMLTLJHIFFAD97CC
安平區,建物,臺南市安平區育平五街1~30號,0.0,住,,,1020126,土地0建物1車位0,十九層,22,住宅大樓(11層含以上有電梯),住家用,鋼筋混凝土構造,0861021,163.14000000000001,4,2,2,有,有,有,14000,86,,0.0,0,,RPQOMLTLJHIFFAD87CC
安平區,建物,臺南市安平區建平十二街121~150號,0.0,住,,,1011231,土地0建物1車位0,六層,6,公寓(5樓含以下無電梯),住家用,鋼筋混凝土構造,0810904,97.72,2,1,1,有,有,有,9500,97,,0.0,0,,RPROMLTLJHIFFAD97CC
東區,房地(土地+建物),臺南市東區裕農三街121~150號,88.4,住,,,1020215,土地2建物1車位0,全,5,透天厝,見其他登記事項,鋼筋混凝土構造,0930331,226.66,5,2,4,有,無,無,28000,124,,0.0,0,,RPROMLKMJHIFFCD37CC
永康區,建物,臺南市永康區中正五街11巷1~30號,739.77,,,,1020111,土地0建物1車位0,一層,1,工廠,工業用,鋼造,0810319,197.94,5,1,1,有,無,無,55000,,,0.0,0,,RPPNMLKMJHIFFHR98CC
永康區,房地(土地+建物),臺南市永康區中華路1~30號,64.42,商,,,1020220,土地1建物1車位0,十五層,24,辦公商業大樓,見其他登記事項,鋼造,0791205,96.78,0,0,0,無,有,無,12000,124,,0.0,0,,RPRNMLKMJHIFFHR56CC
永康區,房地(土地+建物),臺南市永康區國光五街31~60號,207.0,住,,,1020102,土地1建物1車位0,全,3,透天厝,住商用,鋼筋混凝土造,0810117,131.07,5,0,3,有,無,無,11000,84,,0.0,0,,RPTOMLLMJHIFFHR96CC
新市區,房地(土地+建物),臺南市新市區大營里121~150號,87.0,其他,特定農業區,甲種建築用地,1020201,土地1建物1車位0,全,4,透天厝,住商用,鋼筋混凝土造,0860911,185.28,5,1,3,有,無,無,15000,81,,0.0,0,空屋,RPRNMLLMJHIFFER98CC
