﻿編號,土地區段位置,土地移轉面積平方公尺,使用分區或編定
The serial number,land sector position,land shifting area square meter,the use zoning or compiles and checks
RPUPMLLJJIHFFEH18CC,錦興段,2674.25,都市：商
RPRQMLMJJIHFFBH77CC,新街段,.00,都市：住
RPQOMLLJJIHFFBH47DC,三座屋段舊社小段,5045.00,非都市： ; 非都市編定：
RPSOMLLJJIHFFBH67DC,普義段,376.00,非都市： ; 非都市編定：
RPUOMLMJJIHFFBH08EC,新街段,11.27,都市：住
RPPNMLMJJIHFFFH67CC,大華段,23.00,都市：住
RPUNMLNJJIHFFBH87CC,忠福段,54.76,都市：住
RPPNMLOJJIHFFBH57DC,普仁段,18.01,都市：住
RPPNMLOJJIHFFBH57DC,普仁段,16.90,都市：住
RPPNMLOJJIHFFBH57DC,普仁段,62.45,都市：住
RPTOMLMJJIHFFDH08DC,大金山下段大金山下小段,120.00,都市：住
RPTOMLMJJIHFFDH08DC,大金山下段大金山下小段,106.00,都市：住
RPTOMLMJJIHFFDH08DC,大金山下段大金山下小段,116.00,都市：住
RPRQMLPJJIHFFBH18DC,仁祥段,35.76,都市：住
RPVNMLPJJIHFFDH48DC,草湳坡段埔心小段,24.75,都市：住
RPROMLMJJIHFFBH77EC,石頭段,.00,非都市： ; 非都市編定：
RPVOMLMJJIHFFDH28DC,大金山下段大金山下小段,82.00,都市：住
RPOOMLPJJIHFFDH87DC,草湳坡段埔心小段,81.00,都市：住
RPOOMLPJJIHFFDH87DC,草湳坡段埔心小段,75.00,都市：住
RPPQMLPJJIHFFEH28DC,青峰段,85.19,都市：住
RPPQMLPJJIHFFEH28DC,青峰段,579.47,都市：住
RPTQMLPJJIHFFBH28CC,自立段,5.07,都市：住
RPWOMLPJJIHFFDH68DC,草湳坡段埔心小段,259.30,都市：住
RPXNMLPJJIHFFFH78CC,大華段,394.12,都市：住
RPVOMLPJJIHFFAH38EC,桃鶯段,1553.02,都市：住
RPQOMLPJJIHFFAH87EC,福元段,2449.20,都市：商
RPQRMLPJJIHFFAH97CC,桃鶯段,63.83,都市：住
RPVOMLPJJIHFFAH18CC,興華段,13.63,都市：住
RPPQMLPJJIHFFAH97EC,江南段,3156.15,都市：住
RPVOMLPJJIHFFCH38CC,潛龍段,37.16,都市：住
RPVOMLPJJIHFFCH38CC,潛龍段,.53,都市：住
RPSTMLPJJIHFFAH38CC,寶山段,3597.13,都市：住
RPQSMLPJJIHFFAH08CC,大有段,4319.59,都市：住
RPWSMLPJJIHFFAH68CC,中山段,537.40,都市：住
RPWRMLPJJIHFFAH58CC,大有段,5433.08,都市：住
RPOSMLPJJIHFFAH87CC,大樹林段,6263.00,都市：住
RPOUMLPJJIHFFAH08CC,大有段,10213.57,都市：住
RPUVMLPJJIHFFAH78CC,大有段,5433.08,都市：住
RPUUMLPJJIHFFAH68CC,三元段,6742.20,都市：住
RPWOMLQJJIHFFAH38CC,興華段,14.71,都市：商
RPRQMLQJJIHFFBH18CC,健行段,5.60,都市：住
RPWNMLQJJIHFFAH28CC,慈文段,14.81,都市：住
RPQQMLQJJIHFFBH08CC,健行段,5.60,都市：住
RPTTMLQJJIHFFAH58CC,江南段,16.34,都市：住
RPPOMLQJJIHFFDH08DC,草湳坡段埔心小段,7824.00,都市：其他
RPPQMLQJJIHFFAH97DC,慈文段,15.35,都市：住
RPVSMLQJJIHFFAH78DC,福元段,28.44,都市：商
RPQTMLQJJIHFFAH38DC,中興段,30.80,都市：住
RPTNMLQJJIHFFBH18DC,仁祥段,41.20,都市：住
RPRTMLQJJIHFFAH38CC,慈文段,16.39,都市：住
RPSPMLQJJIHFFAH08CC,春日段,25.39,都市：住
RPRPMLRJJIHFFBH28DC,富台段,22.99,都市：住
RPQPMLRJJIHFFBH18DC,後興段,17.75,都市：住
RPUOMLRJJIHFFBH38CC,自立段,.00,都市：住
RPWOMLRJJIHFFBH58CC,遠東段,.00,都市：住
RPOPMLRJJIHFFBH87CC,普義段,.00,都市：工
RPSPMLRJJIHFFBH28CC,興南段興南小段,18.19,都市：住
RPUPMLRJJIHFFBH48CC,中壢埔頂段,.00,都市：住
RPVPMLRJJIHFFBH58CC,環東段,.00,都市：住
RPPPMLRJJIHFFBH97CC,中北段,.00,都市：住
RPQNMLRJJIHFFEH18CC,羊稠段,.00,非都市： ; 非都市編定：
RPQSMLRJJIHFFAH28CC,大樹林段,56.00,非都市： ; 非都市編定：
RPVNMLRJJIHFFAH28CC,桃園段武陵小段,29.92,都市：住
RPWNMLSJJIHFFAH48CC,慈文段,14.81,都市：住
RPURMLSJJIHFFAH78DC,中埔段,14.17,都市：住
RPWRMLSJJIHFFAH98DC,中埔段,28.00,都市：住
RPWRMLSJJIHFFAH98DC,中埔段,230.00,都市：住
RPUNMLRJJIHFFEH58CC,羊稠段,.00,非都市： ; 非都市編定：
RPXOMLRJJIHFFBH68CC,忠福段,.00,都市：住
RPTSMLSJJIHFFAH78DC,中埔段,26.28,都市：住
RPRPMLRJJIHFFAH08CC,八角段,.00,都市：農
RPVNMLSJJIHFFEH88DC,青峰段,27.72,都市：住
RPRNMLTJJIHFFBH28DC,新街段,9.90,都市：住
RPVOMLTJJIHFFAH78EC,新埔段,2787.49,都市：住
RPPOMLTJJIHFFAH97CC,富國段,11.99,都市：住
RPXNMLTJJIHFFBH88DC,環東段,24.72,都市：住
RPVPMLTJJIHFFAH68CC,中埔段,33.75,都市：住
RPVOMLTJJIHFFAH58CC,大興段,39.35,都市：住
RPVOMLTJJIHFFAH58CC,大興段,51.12,都市：住
RPSQMLTJJIHFFAH48CC,國強段,88.09,都市：住
RPUOMLTJJIHFFAH48CC,同安段,1887.00,都市：住
RPSOMLTJJIHFFAH28CC,大樹林段,6612.00,都市：住
RPUOMLTJJIHFFAH68EC,大樹林段,250.00,都市：工
RPWSMLSJJIHFFAH98CC,龍安段,.00,都市：商
RPQNMLLKJIHFFAH27CC,國聖段,23.34,都市：住
RPUSMLMKJIHFFAH28CC,大林段,80.40,非都市： ; 非都市編定：
RPWRMLMKJIHFFAH38CC,建國段,1173.65,都市：住
RPWSMLMKJIHFFAH48CC,大林段,80.40,非都市： ; 非都市編定：
RPROMLMKJIHFFEH97CC,羊稠段,8130.41,都市：住
RPPTMLMKJIHFFAH87CC,雲林段,2611.97,都市：住
RPRPMLNKJIHFFBH87CC,石頭段,.00,都市：商
RPWNMLMKJIHFFFH48CC,茄明段,12.08,都市：住
RPWPMLMKJIHFFEH58CC,六福段,337.80,都市：工
RPWPMLMKJIHFFEH58CC,六福段,827.34,都市：工
RPWPMLMKJIHFFEH58CC,六福段,350.75,都市：工
RPUUMLNKJIHFFAH58CC,大興段,.00,都市：住
RPUUMLNKJIHFFAH58CC,大興段,.00,都市：住
RPSTMLNKJIHFFAH28CC,慈文段,7813.00,都市：住
RPVPMLMKJIHFFEH48CC,青峰段,28.19,都市：住
RPTPMLNKJIHFFAH97CC,同安段,49.57,都市：住
RPWOMLNKJIHFFAH28DC,慈文段,1715.00,都市：其他
RPSPMLNKJIHFFAH97DC,中埔段,446.00,都市：其他
RPUPMLOKJIHFFBH28CC,自立段,4.79,都市：住
RPWNMLOKJIHFFBH28CC,興南段中壢老小段,.00,都市：商
RPWNMLOKJIHFFBH28CC,石頭段,.00,都市：商
RPWNMLOKJIHFFBH28CC,興南段中壢老小段,.00,都市：商
RPXPMLOKJIHFFAH48CC,同德段,.00,非都市： ; 非都市編定：
RPWPMLOKJIHFFBH48CC,石頭段,.00,都市：商
RPVPMLOKJIHFFEH68CC,南崁廟口段廟口小段,22.44,都市：住
RPXNMLPKJIHFFAH38CC,富國段,12.76,都市：住
RPQQMLOKJIHFFBH97CC,普義段,195.00,都市：其他
RPRNMLOKJIHFFFH18CC,同福段,12.29,都市：住
RPUNMLQKJIHFFBH38DC,普義段,10.06,都市：住
RPTNMLRKJIHFFBH38DC,興南段興南小段,8578.41,都市：住
RPUNMLRKJIHFFBH48DC,興南段興南小段,8578.41,都市：住
RPQNMLSKJIHFFDH28CC,二重溪段,15.96,都市：住
RPPNMLPKJIHFFGH18CC,廣平段,105.20,都市：住
RPTPMLTKJIHFFEH98CC,羊稠段,1.73,都市：住
RPPNMLSKJIHFFGH48CC,忠貞段,108.17,都市：住
RPRSMLTKJIHFFAH68CC,富國段,19.55,都市：住
RPQNMLSKJIHFFGH58CC,東安段,26.60,都市：住
RPOPMLTKJIHFFGH68CC,東豐段,30.64,都市：住
RPVPMLTKJIHFFBH88CC,永清段,.00,都市：工
RPQOMLTKJIHFFAH28DC,法政段,.00,都市：住
RPSOMLKLJIHFFDH97DC,長紅段,304.00,非都市：山坡地保育區 ; 非都市編定：丙種建築用地
RPUQMLKLJIHFFBH18DC,興南段興南小段,8578.41,都市：住
RPVPMLKLJIHFFBH18DC,環東段,20.60,都市：住
RPURMLTKJIHFFAH98DC,福元段,12.00,都市：住
RPVNMLKLJIHFFGH58EC,西社段,37.86,都市：住
RPSNMLKLJIHFFGH18DC,環南段,57.20,都市：住
RPORMLLLJIHFFAH57CC,中路段,.00,都市：住
RPSOMLKLJIHFFAH57CC,桃園段武陵小段,5.50,都市：商
RPTQMLKLJIHFFAH97DC,福元段,13.65,都市：住
RPTOMLKLJIHFFAH77DC,三元段,30.26,都市：住
RPPRMLLLJIHFFEH08CC,河底段,.00,都市：住
RPQPMLLLJIHFFBH77DC,普義段,14.87,都市：住
RPSRMLLLJIHFFEH38CC,河底段,.00,都市：住
RPWPMLLLJIHFFEH58CC,南山段,289.11,都市：其他
RPWPMLLLJIHFFEH58CC,南山段,305.14,都市：工
RPWPMLLLJIHFFEH58CC,南山段,294.21,都市：工
RPWPMLLLJIHFFEH58CC,南山段,280.58,都市：工
RPWPMLLLJIHFFEH58CC,南山段,328.26,都市：工
RPWPMLLLJIHFFEH58CC,南山段,243.25,都市：工
RPWPMLLLJIHFFEH58CC,南山段,297.20,都市：工
RPWPMLLLJIHFFEH58CC,南山段,280.57,都市：工
RPWPMLLLJIHFFEH58CC,南山段,280.50,都市：工
RPTQMLLLJIHFFBH18DC,復興段,21.73,都市：住
RPPNMLMLJIHFFBH57DC,復興段,21.73,都市：其他
RPXRMLKLJIHFFAH38CC,富國段,15.78,都市：住
RPSNMLMLJIHFFDH08DC,大金山下段大金山下小段,30.08,非都市： ; 非都市編定：
RPVOMLMLJIHFFAH08CC,忠義段,3230.58,都市：住
RPUOMLMLJIHFFAH97CC,寶山段,3597.13,都市：住
RPRQMLMLJIHFFAH87CC,法政段,2891.00,都市：其他
RPTNMLNLJIHFFCH08CC,新烏樹林段,101.41,都市：住
RPWOMLMLJIHFFAH18CC,大樹林段,6612.00,都市：住
RPQPMLNLJIHFFEH18CC,河底段,11920.44,都市：住
RPRPMLMLJIHFFAH77CC,富國段,155.00,都市：住
RPSOMLNLJIHFFBH08DC,忠孝段,72.00,都市：住
RPVOMLNLJIHFFBH38DC,自立段,12.95,都市：住
RPUNMLMLJIHFFBH08DC,新街段,7992.51,非都市： ; 非都市編定：
RPQNMLPLJIHFFBH87CC,石頭段,.00,都市：住
RPVNMLPLJIHFFBH38CC,石頭段,.00,都市：住
RPPNMLPLJIHFFFH18CC,大興段,.00,都市：住
RPTOMLNLJIHFFBH18DC,自立段,33.68,都市：住
RPTNMLPLJIHFFBH18CC,石頭段,.00,都市：住
RPPNMLPLJIHFFAH67CC,同安段,7.41,都市：住
RPSNMLPLJIHFFBH08CC,石頭段,.00,都市：住
RPUNMLPLJIHFFBH28CC,石頭段,.00,都市：住
RPRNMLPLJIHFFAH87CC,寶山段,18.25,都市：其他
RPPNMLQLJIHFFAH77CC,大樹林段,8.45,都市：住
RPORMLQLJIHFFBH18CC,三座屋段舊社小段,116.00,都市：住
RPORMLQLJIHFFBH18CC,三座屋段舊社小段,117.00,都市：住
RPQNMLPLJIHFFAH77CC,福元段,19.27,都市：住
RPTOMLQLJIHFFDH68DC,草湳坡段埔心小段,80.00,非都市： ; 非都市編定：
RPUPMLQLJIHFFAH48CC,富國段,8.50,都市：住
RPOSMLQLJIHFFAH18CC,大樹林段,91.00,都市：住
RPUOMLQLJIHFFDH78DC,楊富段,83.00,非都市：特定農業區 ; 非都市編定：甲種建築用地
RPQSMLQLJIHFFAH38CC,雲林段,92.52,都市：住
RPVOMLQLJIHFFDH88DC,二重溪段,32.00,非都市：山坡地保育區 ; 非都市編定：丙種建築用地
RPOSMLRLJIHFFAH38DC,國聖段,.00,非都市： ; 非都市編定：
RPUQMLQLJIHFFAH58CC,大樹林段,83.00,都市：其他
RPPSMLRLJIHFFAH48DC,福元段,11.48,都市：住
RPWRMLRLJIHFFAH09DC,自強段,46.46,都市：住
RPPOMLRLJIHFFEH38CC,五福段,.00,都市：住
RPUPMLRLJIHFFAH78EC,永安段,6884.00,都市：住
RPWNMLRLJIHFFEH98CC,錦興段,4.50,都市：住
RPVOMLRLJIHFFFH09CC,大和段,13.33,都市：住
RPXNMLRLJIHFFEH09CC,河底段,.00,都市：住
RPQSMLRLJIHFFAH48CC,同安段,91.40,都市：住
RPTPMLSLJIHFFAH58CC,國聖段,15.37,都市：住
RPUQMLRLJIHFFAH68CC,建國段,29.35,都市：住
RPQQMLSLJIHFFAH38CC,中路段,.00,都市：住
RPWSMLSLJIHFFAH56CC,中埔段,16.46,都市：住
RPPOMLSLJIHFFGH68CC,延平段,.00,都市：商
RPVOMLSLJIHFFBH78CC,復興段,3436.00,非都市： ; 非都市編定：
RPSPMLSLJIHFFEH88CC,南榮段,207.40,都市：工
RPSPMLSLJIHFFEH88CC,南榮段,205.39,都市：工
RPUOMLSLJIHFFFH66EC,廣隆段,18.49,都市：住
RPOSMLSLJIHFFBH48CC,忠福段,.00,都市：住
RPVOMLSLJIHFFFH76EC,大智段,66.98,都市：住
RPTQMLSLJIHFFAH68CC,中路段,.00,都市：住
RPXNMLSLJIHFFDH56DC,秀才段,456.10,非都市：一般農業區 ; 非都市編定：甲種建築用地
RPTNMLSLJIHFFAH48DC,大樹林段,38.47,都市：其他
RPRQMLTLJIHFFEH98CC,六福段,15.96,非都市： ; 非都市編定：
RPXSMLSLJIHFFBH76CC,三座屋段舊社小段,.00,都市：住
RPXSMLSLJIHFFBH76CC,三座屋段舊社小段,.00,都市：住
RPPRMLSLJIHFFBH58DC,中工段,3509.00,都市：工
RPPRMLSLJIHFFBH58DC,中工段,2606.00,都市：工
RPUQMLTLJIHFFEH66CC,公埔段,3.58,都市：住
RPOOMLKMJIHFFAH27CC,大樹林段,6263.00,都市：住
RPWQMLTLJIHFFAH09CC,富國段,14.95,都市：住
RPVQMLTLJIHFFEH76CC,河底段,14.31,都市：住
RPSPMLKMJIHFFGH38CC,忠貞段,20.67,都市：住
RPVOMLKMJIHFFGH58CC,平鎮段,452.90,都市：農
RPWNMLKMJIHFFAH97CC,大有段,10213.57,都市：住
RPOOMLKMJIHFFBH47DC,榮民段,15.11,都市：住
RPXNMLKMJIHFFEH68EC,青山段,130.58,都市：住
RPTNMLLJKIHFFEH97CC,羊稠段,.00,非都市： ; 非都市編定：
RPRNMLLJKIHFFEH77CC,羊稠段,.00,非都市： ; 非都市編定：
RPUNMLKMJIHFFBH97DC,自立段,17.82,都市：商
RPTOMLKMJIHFFFH48EC,興豐段,14.38,都市：商
RPTOMLKMJIHFFFH48EC,興豐段,6.61,都市：商
RPOOMLLJKIHFFAH17CC,慈文段,8.99,都市：住
RPQNMLNJKIHFFCH67CC,缺子段缺子小段,40.99,都市：其他
RPOPMLNJKIHFFFH97CC,桃德段,99.98,都市：住
RPTOMLKMJIHFFEH28DC,南崁廟口段蕃子厝小段,28.39,都市：住
RPTNMLNJKIHFFFH28CC,同福段,17.33,都市：住
RPTNMLNJKIHFFFH28CC,同福段,1.03,都市：住
RPPQMLNJKIHFFAH67CC,慈文段,33.37,都市：住
RPQNMLNJKIHFFBH77EC,後寮段,23.14,都市：住
RPVPMLNJKIHFFBH28CC,石頭段,.00,都市：住
RPVPMLNJKIHFFBH28CC,石頭段,.00,都市：住
RPPNMLNJKIHFFBH67EC,青芝段,.00,都市：住
RPPNMLNJKIHFFBH67EC,青芝段,.00,都市：住
RPVPMLNJKIHFFAH18CC,同安段,21.59,都市：住
RPTOMLNJKIHFFEH38DC,河底段,19.19,都市：住
RPVOMLNJKIHFFEH58DC,河底段,19.19,都市：住
RPWOMLNJKIHFFEH68DC,河底段,19.19,都市：住
RPSOMLNJKIHFFEH28DC,河底段,19.19,都市：住
RPQNMLSLJIHFFDH58EC,草湳坡段埔心小段,86.00,都市：住
RPOQMLNJKIHFFBH77DC,普義段,8.67,都市：住
RPRNMLNJKIHFFDH08EC,草湳坡段埔心小段,1.75,都市：住
RPRNMLNJKIHFFDH08EC,草湳坡段埔心小段,29.75,都市：住
RPQOMLNJKIHFFAH67DC,國聖段,.00,非都市： ; 非都市編定：
RPSNMLNJKIHFFDH18EC,長紅段,102.42,非都市：山坡地保育區 ; 非都市編定：丙種建築用地
RPOSMLOJKIHFFAH97DC,慈文段,16.95,都市：住
RPXPMLNJKIHFFAH48DC,和平段,2271.00,都市：住
RPTNMLOJKIHFFEH38DC,河底段,19.19,都市：住
RPUNMLOJKIHFFEH48DC,河底段,19.19,都市：住
RPOPMLOJKIHFFBH77DC,中寮段,.00,非都市： ; 非都市編定：
RPQOMLPJKIHFFCH97CC,潛龍段,24.54,都市：住
RPQOMLPJKIHFFCH97CC,潛龍段,.06,都市：住
RPPOMLPJKIHFFBH77CC,三座屋段舊社小段,13.96,都市：住
RPTOMLPJKIHFFBH18CC,石頭段,20.04,都市：住
RPSRMLPJKIHFFAH28CC,長安段,17.56,都市：住
RPROMLPJKIHFFCH08CC,潛龍段,29.34,都市：住
RPROMLPJKIHFFCH08CC,潛龍段,.60,都市：住
RPUOMLQJKIHFFAH28CC,慈文段,158.00,都市：住
RPUOMLQJKIHFFAH28CC,慈文段,112.00,都市：住
RPUOMLQJKIHFFAH28CC,慈文段,112.00,都市：住
RPUOMLQJKIHFFAH28CC,慈文段,112.00,都市：住
RPUOMLQJKIHFFAH28CC,慈文段,66.00,都市：住
RPUOMLQJKIHFFAH28CC,慈文段,237.00,都市：住
RPUOMLQJKIHFFAH28CC,慈文段,80.00,都市：住
RPUOMLQJKIHFFAH28CC,慈文段,147.00,都市：住
RPUOMLQJKIHFFAH28CC,慈文段,122.00,都市：住
RPUOMLQJKIHFFAH28CC,慈文段,113.00,都市：住
RPUOMLQJKIHFFAH28CC,慈文段,99.00,都市：住
RPUOMLQJKIHFFAH28CC,慈文段,99.00,都市：住
RPSNMLNJKIHFFDH97CC,草湳坡段埔心小段,.00,都市：住
RPOPMLQJKIHFFAH77CC,慈文段,158.00,都市：住
RPOPMLQJKIHFFAH77CC,慈文段,112.00,都市：住
RPOPMLQJKIHFFAH77CC,慈文段,112.00,都市：住
RPOPMLQJKIHFFAH77CC,慈文段,112.00,都市：住
RPOPMLQJKIHFFAH77CC,慈文段,66.00,都市：住
RPOPMLQJKIHFFAH77CC,慈文段,237.00,都市：住
RPOPMLQJKIHFFAH77CC,慈文段,80.00,都市：住
RPOPMLQJKIHFFAH77CC,慈文段,147.00,都市：住
RPOPMLQJKIHFFAH77CC,慈文段,122.00,都市：住
RPOPMLQJKIHFFAH77CC,慈文段,113.00,都市：住
RPOPMLQJKIHFFAH77CC,慈文段,99.00,都市：住
RPOPMLQJKIHFFAH77CC,慈文段,99.00,都市：住
RPWNMLQJKIHFFFH88CC,前程段,201.00,都市：住
RPVOMLQJKIHFFBH48CC,中工段,.00,都市：工
RPQPMLOJKIHFFCH97CC,潛龍段,32.00,都市：住
RPQPMLOJKIHFFCH97CC,潛龍段,.59,都市：住
RPUOMLPJKIHFFCH38CC,潛龍段,35.74,都市：住
RPUOMLPJKIHFFCH38CC,潛龍段,.06,都市：住
RPWOMLQJKIHFFBH58CC,中工段,.00,都市：工
RPRNMLQJKIHFFEH28CC,長安段,.00,非都市： ; 非都市編定：
RPOPMLPJKIHFFBH87DC,福德段,60.16,都市：商
RPOQMLQJKIHFFAH97DC,中山段,.00,非都市： ; 非都市編定：
RPPPMLRJKIHFFBH08CC,環東段,.00,都市：住
RPTPMLRJKIHFFAH48DC,兔子坑段大湖頂小段,43.84,都市：住
RPTPMLRJKIHFFAH48DC,兔子坑段大湖頂小段,.25,都市：住
RPSNMLRJKIHFFDH48DC,草湳坡段埔心小段,123.00,都市：住
RPUQMLRJKIHFFAH68DC,雙龍段,1171.19,都市：住
RPQOMLRJKIHFFAH97CC,小檜溪段,5.24,都市：商
RPVOMLRJKIHFFEH09EC,河底段,26.32,都市：住
RPVPMLRJKIHFFEH98CC,六福段,3.38,都市：住
RPQOMLRJKIHFFFH58DC,大智段,30.08,都市：住
RPTPMLRJKIHFFEH78CC,錦中段,67.63,都市：工
RPTPMLRJKIHFFEH78CC,錦中段,104.79,都市：工
RPSNMLRJKIHFFAH28EC,長安段,27.32,都市：住
RPOPMLRJKIHFFEH38DC,坑子口段海湖小段,82.00,都市：住
RPTNMLRJKIHFFAH38EC,興華段,32.76,都市：住
RPTNMLSJKIHFFBH48DC,普義段,9.06,都市：住
RPVNMLSJKIHFFDH78CC,大金山下段大金山下小段,24.73,都市：住
RPVQMLKKKIHFFAH18DC,明興段,22.95,都市：住
RPRQMLKKKIHFFBH87DC,復興段,19.53,都市：其他
RPPQMLKKKIHFFAH57DC,自強段,140.00,非都市： ; 非都市編定：
RPPPMLKKKIHFFAH47DC,樂善段,132.00,都市：住
RPRNMLLKKIHFFBH67DC,普仁段,13.04,都市：住
RPSNMLLKKIHFFBH77DC,普仁段,13.04,都市：住
RPWNMLLKKIHFFBH08CC,興南段中壢老小段,170.00,都市：住
RPVNMLLKKIHFFBH97CC,五權段,.00,都市：農
RPVNMLLKKIHFFBH97CC,五權段,.00,都市：其他
RPPNMLKKKIHFFBH37DC,普義段,17.14,都市：住
RPQRMLKKKIHFFAH77DC,寶山段,10.04,都市：住
RPTOMLKKKIHFFBH87DC,三座屋段舊社小段,14.05,非都市： ; 非都市編定：
RPSWMLLKKIHFFAH48CC,桃園段武陵小段,.00,都市：商
RPUQMLMKKIHFFAH18CC,中山段,2096.42,都市：住
RPQSMLMKKIHFFAH97CC,忠義段,3230.58,都市：住
RPVNNLMKKIHFFAH08CC,福元段,25.92,都市：住
RPSOMLKKKIHFFBH77DC,三座屋段舊社小段,4.25,非都市： ; 非都市編定：
RPQOMLLKKIHFFBH57CC,健行段,5.60,都市：住
RPXPMLMKKIHFFBH58DC,新街段,7992.51,都市：住
RPVOMLNKKIHFFBH48EC,健行段,5.60,都市：住
RPQVMLMKKIHFFAH28CC,同德段,.00,都市：商
RPOPMLNKKIHFFBH77DC,富強段,195.53,都市：其他
RPWNMLNKKIHFFEH58CC,河底段,9929.96,都市：住
RPWNMLNKKIHFFBH38DC,新街段,7992.51,都市：住
RPUOMLNKKIHFFGH68CC,平東段,93.76,都市：住
RPSNMLOKKIHFFGH48CC,廣豐段,.00,都市：住
RPWNMLOKKIHFFFH78CC,同福段,24.97,都市：住
RPXNMLNKKIHFFGH98DC,廣豐段,20.15,都市：住
RPVNMLNKKIHFFFH58CC,大華段,114.61,都市：住
RPOOMLOKKIHFFBH67CC,中寮段,.00,都市：住
RPWOMLOKKIHFFAH38CC,明興段,29.06,都市：其他
RPUNMLRKKIHFFAH38CC,慈文段,7813.00,都市：住
RPPOMLOKKIHFFAH67CC,明興段,22.94,都市：其他
RPQOMLOKKIHFFFH28CC,明智段,24.18,都市：住
RPUNMLOKKIHFFEH48CC,南新段,2526.20,都市：住
RPROMLRKKIHFFAH18CC,中路段,10.88,都市：住
RPXNMLOKKIHFFBH48CC,石頭段,.00,都市：商
RPUOMLRKKIHFFEH88CC,錦興段,.00,非都市： ; 非都市編定：
RPTOMLRKKIHFFEH78CC,河底段,.00,非都市： ; 非都市編定：
RPOQMLRKKIHFFEH48CC,錦興段,.00,非都市： ; 非都市編定：
RPQNMLRKKIHFFCH28DC,仁武段,51.41,都市：住
RPQNMLRKKIHFFCH28DC,仁武段,35.44,都市：住
RPXOMLRKKIHFFEH76EC,河底段,18.00,都市：住
RPVOMLRKKIHFFBH78DC,興南段興南小段,20.50,都市：商
RPSOMLRKKIHFFCH48CC,潛龍段,90.15,都市：住
RPSOMLRKKIHFFCH48CC,潛龍段,.59,都市：住
RPSNMLRKKIHFFDH48CC,高洲段,328.43,都市：工
RPSNMLRKKIHFFDH48CC,高洲段,713.08,都市：工
RPSNMLRKKIHFFDH48CC,高洲段,307.06,都市：工
RPSNMLRKKIHFFDH48CC,高洲段,100.03,都市：工
RPSNMLRKKIHFFDH48CC,高洲段,108.49,都市：工
RPSNMLRKKIHFFDH48CC,高洲段,190.34,都市：工
RPSNMLRKKIHFFDH48CC,高洲段,130.07,都市：工
RPSNMLRKKIHFFDH48CC,高洲段,168.05,都市：工
RPSNMLRKKIHFFDH48CC,高洲段,221.81,都市：工
RPSNMLRKKIHFFDH48CC,高洲段,44.36,都市：工
RPSNMLRKKIHFFDH48CC,高洲段,8.42,都市：工
RPSNMLRKKIHFFDH48CC,高洲段,709.19,都市：工
RPSNMLRKKIHFFDH48CC,高洲段,2206.25,都市：工
RPRNMLRKKIHFFDH38CC,頭重溪段,1297.00,都市：住
RPVOMLRKKIHFFEH09DC,羊稠段,2975.26,都市：住
RPRNMLSKKIHFFCH48DC,番子寮段,67.20,都市：農
RPPQMLSKKIHFFBH48DC,普義段,17.14,都市：住
RPPNMLSKKIHFFEH38CC,錦興段,23.00,都市：其他
RPPPMLRKKIHFFEH58DC,羊稠段,2975.26,都市：住
RPWNMLRKKIHFFBH68CC,環東段,12.56,都市：住
RPXQMLSKKIHFFBH66DC,興南段興南小段,8578.41,都市：商
RPSQMLSKKIHFFAH68DC,中埔段,7.16,都市：住
RPVOMLSKKIHFFAH78DC,中埔段,16.84,都市：住
RPWNMLTKKIHFFAH78CC,埔子段埔子小段,2446.00,都市：住
RPSOMLSKKIHFFEH88DC,青峰段,31.67,都市：住
RPXNMLTKKIHFFAH88CC,和平段,866.00,都市：住
RPXOMLSKKIHFFAH88CC,忠義段,.00,非都市： ; 非都市編定：
RPTOMLTKKIHFFAH58CC,忠義段,3230.58,都市：住
RPSOMLTKKIHFFAH48CC,大興段,2201.52,都市：住
RPVOMLTKKIHFFAH78CC,大樹林段,2476.00,都市：住
RPWOMLTKKIHFFAH88CC,大興段,1552.56,都市：住
RPPOMLTKKIHFFAH18CC,慈文段,5298.00,都市：住
RPVNMLTKKIHFFEH09CC,河底段,8342.76,都市：住
RPWPMLTKKIHFFBH09CC,新街段,.00,都市：住
RPTNMLTKKIHFFFH98CC,前程段,136.34,都市：住
RPTQMLTKKIHFFAH78CC,三元段,17.12,都市：住
RPSPMLTKKIHFFAH58CC,慈文段,.00,都市：住
RPXRMLKLKIHFFEH88CC,水尾段,357.76,都市：工
RPTPMLTKKIHFFAH68CC,富國段,.00,都市：住
RPROMLTKKIHFFAH58EC,新埔段,59.40,都市：住
RPXPMLTKKIHFFAH09CC,大林段,.00,都市：工
RPTPMLLLKIHFFAH97CC,大興段,.00,都市：住
RPORMLKLKIHFFAH57CC,春日段,25.39,都市：住
RPOPMLLLKIHFFEH87CC,長安段,162.03,都市：工
RPWNMLKLKIHFFGH58CC,東安段,19.86,都市：其他
RPUPMLLLKIHFFBH18CC,忠義段,68.15,都市：商
RPPSMLLLKIHFFAH97DC,中正段,.00,非都市： ; 非都市編定：
RPROMLLLKIHFFAH77DC,中山段,2664.78,都市：住
RPRNMLOLKIHFFFH38CC,永福段,18.72,都市：住
RPSOMLLLKIHFFEH18CC,河底段,.00,都市：住
RPSQMLMLKIHFFEH48CC,錦興段,10.50,都市：住
RPRSMLOLKIHFFAH48DC,和平段,25.42,都市：住
RPUSMLMLKIHFFAH48CC,福元段,11.67,都市：住
RPUOMLLLKIHFFBH18DC,中壢埔頂段,10.90,都市：住
RPURMLOLKIHFFBH68CC,青平段,1.00,都市：住
RPXNMLMLKIHFFBH38CC,中寮段,100.92,都市：商
RPQOMLOLKIHFFFH58EC,興隆段,63.41,都市：住
RPWNMLPLKIHFFDH88DC,二重溪段,42410.00,都市：其他
RPXPMLPLKIHFFAH88DC,富國段,12.00,都市：住
RPPOMLPLKIHFFDH28DC,草湳坡段埔心小段,100.00,都市：住
RPQOMLPLKIHFFDH38DC,幼獅段,4974.92,都市：其他
RPQOMLPLKIHFFDH38DC,幼獅段,10024.46,都市：其他
RPUNMLPLKIHFFBH48DC,自立段,48.59,都市：商
RPTNMLPLKIHFFBH38DC,大華段,407.00,都市：工
RPPSMLQLKIHFFBH48CC,石頭段,.00,都市：住
RPTNMLPLKIHFFFH68CC,大義段,16.80,都市：住
RPSNMLPLKIHFFFH58CC,大義段,62.72,都市：住
RPOOMLQLKIHFFDH28DC,頭重溪段,98.00,非都市： ; 非都市編定：
RPVNMLPLKIHFFBH58DC,復興段,20.36,都市：住
RPWOMLPLKIHFFBH78DC,中壢埔頂段,10.90,都市：住
RPUOMLRLKIHFFDH98DC,頭重溪段,80.00,非都市： ; 非都市編定：
RPPOMLQLKIHFFBH18DC,福德段,17.38,都市：住
RPOOMLQLKIHFFAH87CC,慈文段,.00,非都市： ; 非都市編定：
RPQNMLRLKIHFFBH28DC,忠孝段,83.00,都市：其他
RPQSMLSLKIHFFAH68CC,桃園段武陵小段,19.00,都市：住
RPQSMLSLKIHFFAH68CC,桃園段武陵小段,19.00,都市：住
RPWOMLRLKIHFFFH66CC,永福段,25.65,都市：住
RPQQMLRLKIHFFAH38CC,西門段,8.09,都市：住
RPUOMLRLKIHFFAH58CC,桃鶯段,23.68,都市：住
RPPOMLSLKIHFFFH78DC,廣隆段,156.60,都市：住
RPPNMLTLKIHFFAH18CC,成功段,104.00,非都市： ; 非都市編定：
RPQNMLLMKIHFFEH97CC,內興段,136.13,都市：工
RPQNMLLMKIHFFEH97CC,內興段,61.40,都市：工
RPPNMLLMKIHFFEH87CC,長安段,170.52,都市：工
RPPNMLLMKIHFFEH87CC,長安段,673.53,都市：工
RPPNMLLMKIHFFEH87CC,長安段,28.29,都市：工
RPSNMLLMKIHFFBH97DC,中壢埔頂段,27.66,非都市： ; 非都市編定：
RPPNMLLJJHIFFFH57CC,大明段,103.05,都市：商
RPWNMLMJJHIFFAH87CC,中路段,62.00,都市：住
RPXNMLMJJHIFFAH97CC,埔子段埔子小段,182.00,都市：住
RPWNMLMJJHIFFAH87CC,中路段,48.00,都市：住
RPQNMLLJJHIFFAH17CC,寶山段,14.02,都市：住
RPXOMLMJJHIFFAH08CC,龍安段,2654.00,都市：住
RPXPMLMJJHIFFAH18CC,同安段,1887.00,都市：住
RPPOMLMJJHIFFAH27CC,忠義段,3230.58,都市：住
RPXRMLMJJHIFFAH38CC,新埔段,16.26,都市：住
RPVOMLMJJHIFFAH87CC,三元段,4755.88,都市：住
RPSOMLMJJHIFFFH08CC,大忠段,.00,非都市： ; 非都市編定：
RPSOMLMJJHIFFFH08CC,大忠段,.00,非都市： ; 非都市編定：
RPSOMLMJJHIFFFH08CC,大忠段,.00,非都市： ; 非都市編定：
RPSOMLMJJHIFFBH67CC,新街段,11.02,都市：住
RPQPMLMJJHIFFAH47CC,中埔段,9058.00,都市：住
RPTTMLNJJHIFFEH78DC,青峰段,33.58,都市：住
RPSTMLNJJHIFFEH68DC,青峰段,26.89,都市：住
RPUNMLNJJHIFFEH18CC,錦興段,16.95,都市：住
RPRQMLNJJHIFFAH77CC,龍安段,7.43,都市：住
RPXNMLOJJHIFFEH68DC,青山段,26.89,都市：住
RPPOMLOJJHIFFGH08CC,延平段,1.37,都市：住
RPPOMLOJJHIFFGH08CC,延平段,4.29,都市：住
RPPOMLOJJHIFFGH08CC,延平段,111.20,都市：住
RPPNMLPJJHIFFEH87CC,羊稠段,.00,非都市： ; 非都市編定：
RPSRMLMJJHIFFAH97DC,福元段,27.33,都市：商
RPUTMLNJJHIFFEH78CC,水尾段,615.55,都市：工
RPUTMLNJJHIFFEH78CC,水尾段,27.59,都市：工
RPVTMLNJJHIFFEH88CC,水尾段,615.55,都市：工
RPVTMLNJJHIFFEH88CC,水尾段,27.59,都市：工
RPRNMLPJJHIFFEH08CC,公埔段,2114.92,都市：工
RPSPMLPJJHIFFBH08CC,培英段,.00,都市：住
RPQNMLPJJHIFFEH97CC,五福段,.00,非都市： ; 非都市編定：
RPUPMLPJJHIFFBH28CC,普義段,.00,都市：住
RPWPMLPJJHIFFBH48CC,興南段興南小段,.00,都市：商
RPPPMLPJJHIFFBH77CC,三座屋段舊社小段,.00,都市：住
RPPPMLPJJHIFFBH77CC,三座屋段舊社小段,.00,都市：住
RPXOMLPJJHIFFBH48CC,新街段,.00,都市：住
RPTNMLPJJHIFFGH48CC,金鍊段,73.40,都市：住
RPOPMLRJJHIFFAH77CC,龍安段,.00,都市：住
RPVOMLRJJHIFFBH48CC,新街段,.00,都市：住
RPQPMLRJJHIFFAH97CC,新埔段,.00,都市：住
RPUOMLRJJHIFFBH38CC,中工段,.00,都市：工
RPSQMLRJJHIFFFH78CC,大智段,.00,非都市： ; 非都市編定：
RPXOMLRJJHIFFBH78DC,興南段興南小段,10.06,都市：商
RPQOMLRJJHIFFBH97CC,榮民段,.00,都市：住
RPRPMLRJJHIFFAH08CC,春日段,.00,都市：住
RPUPMLRJJHIFFBH58DC,中寮段,70.56,都市：住
RPXPMLRJJHIFFBH88DC,三座屋段三座屋小段,192.00,都市：商
RPVQMLRJJHIFFAH58CC,慈文段,.00,非都市： ; 非都市編定：
RPXNMLSJJHIFFEH98CC,青山段,.00,都市：住
RPRQMLSJJHIFFAH38DC,和平段,787.00,都市：住
RPRPMLSJJHIFFAH18CC,福元段,.00,都市：住
RPWQMLSJJHIFFAH88DC,和平段,7475.00,都市：住
RPPPMLSJJHIFFAH97CC,大有段,5433.08,都市：住
RPPQMLSJJHIFFAH18DC,富國段,1880.00,都市：住
RPVOMLSJJHIFFEH88CC,大竹圍段,34.02,都市：住
RPSSMLSJJHIFFAH78EC,東門段,101.00,非都市： ; 非都市編定：
RPWTMLSJJHIFFBH56CC,石頭段,.00,非都市： ; 非都市編定：
RPOQMLSJJHIFFEH48DC,羊稠段,16.94,都市：住
RPXQMLTJJHIFFAH98CC,西嶺段,172.42,都市：工
RPXTMLSJJHIFFBH66CC,石頭段,.00,非都市： ; 非都市編定：
RPVOMLTJJHIFFAH68DC,和平段,19.81,都市：其他
RPTNMLTJJHIFFFH78CC,大和段,9.27,都市：住
RPXNMLTJJHIFFBH88DC,復興段,21.12,都市：住
RPQNMLTJJHIFFAH08DC,中平段,13.78,都市：其他
RPQOMLTJJHIFFBH28DC,復興段,15.02,都市：住
RPVNMLTJJHIFFBH68DC,忠孝段,21.20,都市：住
RPUOMLTJJHIFFBH68DC,遠東段,33.00,都市：住
RPSOMLTJJHIFFBH48DC,自立段,.00,非都市： ; 非都市編定：
RPWOMLTJJHIFFBH88DC,遠東段,33.00,都市：住
RPTOMLTJJHIFFEH88DC,青峰段,27.79,都市：住
RPWPMLTJJHIFFBH98DC,忠孝段,21.20,都市：住
RPTOMLTJJHIFFBH58DC,遠東段,33.00,都市：住
RPXNMLKKJHIFFEH28CC,水尾段,.00,都市：住
RPWNMLKKJHIFFEH18CC,錦興段,4737.38,都市：住
RPVOMLKKJHIFFEH18CC,河底段,.00,都市：住
RPXNMLLKJHIFFEH38CC,河底段,.00,非都市： ; 非都市編定：
RPPOMLLKJHIFFEH67CC,河底段,.00,都市：住
RPPTMLLKJHIFFAH77CC,中埔段,.00,都市：住
RPOOMLKKJHIFFEH47CC,河底段,.00,都市：住
RPVOMLLKJHIFFAH87CC,慈文段,53.59,都市：商
RPXOMLKKJHIFFEH38CC,五福段,.00,都市：住
RPQPMLKKJHIFFAH37CC,興華段,.00,非都市： ; 非都市編定：
RPQTMLLKJHIFFAH87CC,中山段,.00,都市：住
RPRNMLMKJHIFFEH87CC,河底段,.00,非都市： ; 非都市編定：
RPSOMLLKJHIFFAH67DC,中埔段,13.58,都市：住
RPSUMLOKJHIFFAH48CC,中埔段,13.59,都市：住
RPQOMLMKJHIFFAH47CC,大樹林段,8.64,都市：住
RPOPMLOKJHIFFEH97CC,羊稠段,.00,非都市： ; 非都市編定：
RPSOMLOKJHIFFAH87CC,同安段,7168.00,都市：住
RPWPMLOKJHIFFAH38CC,埔子段埔子小段,72.00,都市：住
RPROMLMKJHIFFAH57CC,國聖段,12.73,都市：住
RPTOMLOKJHIFFEH38CC,南新段,2526.20,都市：其他
RPSNMLOKJHIFFCH97CC,烏林段,301.52,都市：工
RPXPMLQKJHIFFBH88DC,興南段興南小段,3.67,都市：住
RPUNMLQKJHIFFFH88EC,同福段,132.92,都市：其他
RPRPMLPKJHIFFBH18DC,富強段,1642.88,都市：住
RPSTMLQKJHIFFBH68CC,興南段中壢老小段,53.00,都市：商
RPSTMLQKJHIFFBH68CC,興南段中壢老小段,49.00,都市：商
RPSTMLQKJHIFFBH68CC,興南段中壢老小段,5.00,都市：商
RPWOMLQKJHIFFFH98CC,興豐段,26.44,都市：住
RPOSMLOKJHIFFAH97DC,中山段,1326.01,都市：住
RPPOMLQKJHIFFFH38DC,同福段,14.32,都市：住
RPUOMLOKJHIFFDH48DC,大金山下段大金山下小段,14.40,都市：住
RPVOMLQKJHIFFGH98CC,東北段,15.55,都市：住
RPTSMLQKJHIFFBH68CC,興南段中壢老小段,63.00,都市：商
RPQRMLRKJHIFFBH38CC,興南段興南小段,11.51,都市：住
RPTRMLRKJHIFFBH68CC,新街段,3.52,都市：住
RPQQMLSKJHIFFAH28CC,龜山段,22.70,都市：住
RPTQMLSKJHIFFAH58CC,精忠段,16.57,都市：其他
RPORMLSKJHIFFAH18CC,龍安段,8.31,都市：商
RPPOMLLLJHIFFBH47CC,石頭段,.00,都市：商
RPOQMLLLJHIFFBH57CC,忠福段,133.00,都市：住
RPSPMLLLJHIFFEH38EC,南新段,2.81,都市：住
RPSOMLLLJHIFFGH48EC,復旦段,6.21,都市：住
RPROMLLLJHIFFGH38EC,復旦段,25.44,都市：住
RPWNMLTKJHIFFAH68CC,迴龍段,93.47,都市：住
RPQPMLLLJHIFFAH57CC,桃園段公館頭小段,.00,非都市： ; 非都市編定：
RPQPMLLLJHIFFAH57CC,桃園段公館頭小段,.00,非都市： ; 非都市編定：
RPOQMLMLJHIFFAH77EC,中山段,41.13,都市：住
RPVQMLRKJHIFFAH78DC,中興段,22.00,都市：住
RPTQMLRKJHIFFAH58DC,大同段,38.61,都市：住
RPWNMLMLJHIFFBH28DC,興南段公坡小段,45.00,都市：住
RPWNMLMLJHIFFBH28DC,興南段興南小段,33.00,都市：住
RPWNMLMLJHIFFBH28DC,興南段興南小段,14.00,都市：住
RPUNMLMLJHIFFBH08DC,新街段,7992.51,非都市： ; 非都市編定：
RPRPMLMLJHIFFAH87DC,寶山段,92.45,都市：其他
RPPNMLMLJHIFFFH87CC,力行段,22.42,都市：住
RPXOMLMLJHIFFEH68CC,河底段,17.43,都市：住
RPUOMLMLJHIFFEH38CC,南崁廟口段羊稠坑小段,22.43,都市：住
RPTNMLMLJHIFFGH38CC,忠貞段,20.67,都市：住
RPUOMLMLJHIFFCH18CC,成功段,71.49,都市：住
RPUPMLMLJHIFFEH48CC,河底段,.00,都市：住
RPSOMLMLJHIFFBH87CC,環東段,17.20,都市：住
RPSNMLNLJHIFFCH97CC,銅鑼圈段,85.00,都市：住
RPROMLNLJHIFFCH97CC,潛龍段,.53,都市：住
RPROMLNLJHIFFCH97CC,潛龍段,49.15,都市：住
RPWQMLNLJHIFFBH58CC,三座屋段舊社小段,.00,都市：住
RPUNMLNLJHIFFFH68EC,明智段,24.18,都市：住
RPVNMLNLJHIFFFH78EC,大和段,18.97,都市：住
RPWOMLNLJHIFFAH38DC,中埔段,8.46,都市：其他
RPROMLMLJHIFFFH38EC,大和段,15.43,都市：住
RPTNMLNLJHIFFFH58EC,明智段,24.79,都市：住
RPWNMLNLJHIFFFH88EC,大智段,24.16,都市：住
RPUPMLRKJHIFFAH68EC,桃鶯段,17.22,都市：住
RPXNMLNLJHIFFFH98EC,茄明段,17.81,都市：住
RPTTMLNLJHIFFAH68EC,桃鶯段,26.96,都市：其他
RPQWMLOLJHIFFBH68CC,環東段,.00,都市：住
RPONNLOLJHIFFBH67CC,新街段,.00,都市：住
RPVNMLOLJHIFFAH18CC,春日段,1188.13,都市：住
RPTOMLOLJHIFFAH08CC,壽山段,98.00,都市：其他
RPUOMLOLJHIFFAH18CC,壽山段,98.00,都市：住
RPOQMLOLJHIFFAH77CC,富國段,215.00,非都市： ; 非都市編定：
RPXPMLOLJHIFFBH78DC,振興段,136.06,都市：住
RPXPMLOLJHIFFBH78DC,振興段,39.53,都市：住
RPUTMLPLJHIFFAH78CC,和平段,.00,都市：住
RPSRMLPLJHIFFEH78CC,六福段,4722.44,都市：住
RPWQMLPLJHIFFBH78CC,健行段,.00,都市：住
RPOPMLPLJHIFFAH87DC,國強段,30.54,都市：住
RPOOMLQLJHIFFAH77CC,迴龍段,.00,都市：住
RPVPMLSLJHIFFBH88CC,石頭段,.00,非都市： ; 非都市編定：
RPXOMLSLJHIFFEH66CC,河底段,25275.49,都市：住
RPUOMLOLJHIFFFH68CC,力行段,128.60,都市：其他
RPOOMLNLJHIFFFH18EC,大智段,12.70,都市：住
RPSPMLSLJHIFFBH58CC,石頭段,.00,非都市： ; 非都市編定：
RPXOMLOLJHIFFFH09DC,大勇段,29.59,都市：住
RPUNMLOLJHIFFFH58CC,大發段,63.78,都市：農
RPXQMLSLJHIFFBH66DC,仁愛段,140.00,都市：住
RPSNMLSLJHIFFEH78DC,河底段,12.59,都市：住
RPWPMLTLJHIFFEH76CC,河底段,.00,非都市： ; 非都市編定：
RPQNMLSLJHIFFFH68DC,大義段,10.63,都市：住
RPVNMLSLJHIFFEH56EC,河底段,12.59,都市：住
RPQRMLSLJHIFFBH68DC,新街段,7992.51,都市：住
RPWNMLTLJHIFFEH56CC,公埔段,68.36,都市：工
RPWNMLTLJHIFFEH56CC,公埔段,825.55,都市：工
RPWNMLTLJHIFFEH56CC,公埔段,88.72,都市：工
RPWNMLTLJHIFFEH56CC,公埔段,17.52,都市：工
RPWNMLTLJHIFFEH56CC,公埔段,26.75,都市：工
RPWNMLTLJHIFFEH56CC,公埔段,2677.05,都市：工
RPWNMLTLJHIFFEH56CC,公埔段,180.23,都市：工
RPWNMLTLJHIFFEH56CC,公埔段,5.07,都市：工
RPWNMLTLJHIFFEH56CC,公埔段,47.13,都市：工
RPOPMLTLJHIFFEH58CC,公埔段,9530.03,都市：工
RPOPMLTLJHIFFEH58CC,公埔段,420.49,都市：工
RPOPMLTLJHIFFEH58CC,公埔段,298.94,都市：工
RPSPMLTLJHIFFBH68CC,三座屋段舊社小段,.00,都市：住
RPWOMLKMJHIFFBH18CC,新街段,.00,都市：商
RPTNMLLMJHIFFFH48EC,大發段,.30,非都市：特定農業區 ; 非都市編定：特定目的事業用地
RPTNMLLMJHIFFFH48EC,大發段,71.35,非都市：特定農業區 ; 非都市編定：甲種建築用地
RPOOMLKMJHIFFFH97EC,大華段,35.50,都市：住
RPOOMLKMJHIFFFH97EC,大華段,1.74,都市：住
RPTNMLTLJHIFFFH98CC,永福段,20.27,都市：住
RPVRMLKMJHIFFAH48EC,同安段,27.80,都市：住
RPXNMLLMJHIFFDH58DC,大金山下段大金山下小段,3094.00,都市：住
RPVQMLLMJHIFFBH38CC,自立段,11.40,都市：住
RPVOMLKMJHIFFAH97CC,埔子段埔子小段,20.36,都市：住
RPXOMLKMJHIFFAH18CC,慈文段,149.00,都市：住
RPQOMLLMJHIFFFH08CC,大義段,62.77,都市：住
RPSRMLKMJHIFFAH18EC,同安段,26.02,都市：住
RPSRMLKMJHIFFAH18EC,同安段,6.10,都市：住
