﻿編號,土地區段位置,土地移轉面積平方公尺,使用分區或編定
The serial number,land sector position,land shifting area square meter,the use zoning or compiles and checks
RPQOMLTKJIHFFAI08CA,玉川段,104.00,都市：住
RPQOMLTKJIHFFAI08CA,玉川段,7.00,都市：住
RPXNMLMJJIHFFAI87CA,長竹段,27.70,都市：住
RPSNMLKMJIHFFAI47CA,港子坪段港坪小段,14.38,都市：住
RPQNMLMKJIHFFAI27CA,同興段,15.03,都市：住
RPSOMLSLJIHFFAI28CA,湖內段,19.48,都市：住
RPWNMLSJJIHFFAI58EA,湖內段,11.00,都市：住
RPWNMLSJJIHFFAI58EA,湖內段,58.50,都市：住
RPWNMLSJJIHFFAI58EA,湖內段,28.25,都市：住
RPWNMLSJJIHFFAI58EA,湖內段,49.00,都市：住
RPTNMLKMJIHFFAI57CA,劉厝段劉厝小段,11.20,都市：住
RPTNMLKMJIHFFAI57CA,劉厝段劉厝小段,.42,都市：住
RPTNMLKMJIHFFAI57CA,劉厝段劉厝小段,3.51,都市：住
RPQNMLMLJIHFFAI37CA,長竹段,33.59,都市：住
RPSNMLQJJIHFFAI97EA,下路頭段,27.73,都市：住
RPSNMLPJJIHFFAI87EA,湖子內段湖內小段,5440.00,都市：農
RPPOMLRJJIHFFAI87EA,劉厝段,373.00,都市：住
RPPNMLMKJIHFFAI17CA,同興段,79.00,都市：住
RPOOMLRJJIHFFAI77EA,短竹段,4.76,都市：住
RPQNMLPJJIHFFAI67EA,埤子頭段,8.21,都市：住
RPRNMLQJJIHFFAI87EA,崎頂段,661.00,都市：農
RPQNMLNLJIHFFAI47CA,玉川段,13.00,都市：住
RPTNMLPJJIHFFAI97EA,遠東段,208.00,都市：住
RPSNMLRJJIHFFAI87CA,玉川段,1.00,都市：其他
RPSNMLRJJIHFFAI87CA,玉川段,2.00,都市：其他
RPRNMLRJJIHFFAI77CA,白川段,81.00,都市：其他
RPRNMLRJJIHFFAI77CA,玉川段,306.00,都市：其他
RPPOMLRJJIHFFAI67CA,北湖段,530.00,都市：農
RPVNMLTJJIHFFAI58EA,竹圍子段一小段,20.42,都市：住
RPWNMLMLJIHFFAI97CA,荖藤段,77.00,都市：住
RPRNMLQKJIHFFAI87DA,劉厝段玉山小段,90.95,都市：住
RPRNMLQKJIHFFAI87DA,劉厝段玉山小段,11.52,都市：住
RPVNMLLLJIHFFAI77CA,短竹段,3.59,都市：住
RPVNMLPKJIHFFAI08CA,盧厝段,407.00,都市：住
RPQOMLRJJIHFFAI77CA,盧厝段,16.14,都市：住
RPSNMLOKJIHFFAI87EA,下路頭段,37.21,都市：住
RPSNMLOKJIHFFAI87EA,下路頭段,.35,都市：住
RPROMLTJJIHFFAI08CA,車店段,34.51,都市：住
RPROMLTJJIHFFAI08CA,白川段,3.27,都市：住
RPWNMLPKJIHFFAI18CA,盧厝段,56.24,都市：住
RPQNMLSJJIHFFAI77CA,太平段,14.48,都市：住
RPRNMLLLJIHFFAI57EA,蘭潭段,1002.00,都市：農
RPSNMLTJJIHFFAI28EA,下路頭段,7.07,都市：住
RPSNMLLLJIHFFAI67EA,蘭潭段,1261.16,都市：農
RPOOMLQKJIHFFAI77EA,竹圍子段二小段,186.00,都市：住
RPWNMLRJJIHFFAI48EA,東川段,133.00,都市：住
RPTNMLRJJIHFFAI97CA,車店段,68.00,都市：住
RPPNMLSJJIHFFAI67CA,下路頭段,35.00,都市：住
RPPNMLSJJIHFFAI67CA,下路頭段,35.00,都市：住
RPPNMLSJJIHFFAI67CA,下路頭段,37.00,都市：住
RPQOMLTKJIHFFAI28EA,台斗坑段,28.10,都市：住
RPPNMLLKJHIFFAI27EA,盧厝段,29.45,都市：住
RPPNMLQJKIHFFAI77EA,竹圍子段三小段,31.85,都市：住
RPVNMLSJJIHFFAI28CA,竹圍子段,25.00,都市：住
RPVNMLSJJIHFFAI28CA,竹圍子段,77.00,都市：住
RPVNMLSJJIHFFAI28CA,竹圍子段,22.00,都市：住
RPSNMLQJJIHFFAI77CA,港子坪段,5.78,都市：住
RPQNMLQKJIHFFAI77DA,後庄段,92.00,都市：住
RPQNMLQKJIHFFAI77DA,後庄段,29.45,非都市： ; 非都市編定：
RPTNMLQJJIHFFAI87CA,北社尾段保安小段,96.00,都市：住
RPSOMLOKJIHFFAI77CA,檜段六小段,22.00,都市：商
RPSOMLOKJIHFFAI77CA,檜段六小段,35.00,都市：商
RPSOMLOKJIHFFAI77CA,檜段六小段,107.00,都市：商
RPWNMLSJJIHFFAI38CA,竹圍子段,34.00,都市：住
RPWNMLSJJIHFFAI38CA,竹圍子段,31.00,都市：住
RPPNMLRJJIHFFAI57CA,後庄段,73.00,都市：住
RPQOMLKMJIHFFAI37CA,車店段,62.00,都市：住
RPQOMLKMJIHFFAI37CA,車店段,1.33,都市：住
RPWNMLNKJIHFFAI97CA,彌陀段,126.00,都市：住
RPWNMLNKJIHFFAI97CA,彌陀段,85.00,都市：住
RPWNMLNKJIHFFAI97CA,彌陀段,85.00,都市：住
RPWNMLNKJIHFFAI97CA,彌陀段,85.00,都市：住
RPUNMLPLJIHFFAI08CA,港子坪段港坪小段,10.00,都市：住
RPRNMLSJJIHFFAI87CA,竹圍子段,60.00,都市：住
RPWNMLNJKIHFFAI97CA,同興段,3505.00,都市：農
RPQNMLSJJIHFFAI97EA,劉厝段劉厝小段,16.42,都市：住
RPTNMLSJJIHFFAI08CA,荖藤段,218.00,都市：住
RPVNMLSJJIHFFAI48EA,山下段,68.00,都市：住
RPSNMLNKJIHFFAI77EA,埤子頭段,29.93,都市：住
RPQNMLPLJIHFFAI67CA,車店段車店小段,143.00,都市：住
RPPNMLTJJIHFFAI77CA,白川段,34.83,都市：住
RPQNMLTJJIHFFAI87CA,興村段,12.50,都市：商
RPRNMLTJJIHFFAI18EA,劉厝段玉山小段,1608.49,都市：住
RPPOMLNLJIHFFAI47CA,後庄段,164.00,都市：住
RPPOMLNLJIHFFAI47CA,後庄段,33.00,都市：住
RPPOMLNLJIHFFAI47CA,後庄段,6.00,都市：住
RPSNMLOJKIHFFAI67CA,劉厝段玉山小段,17.69,都市：住
RPSNMLOJKIHFFAI67CA,劉厝段玉山小段,57.64,都市：住
RPSNMLOJKIHFFAI67CA,劉厝段玉山小段,2.56,都市：住
RPQOMLNLJIHFFAI57CA,頂庄段,76.00,都市：住
RPPOMLRLJIHFFAI87CA,育人段,78.44,都市：住
RPPNMLNKJIHFFAI27CA,竹圍子段,1.00,都市：住
RPPNMLNKJIHFFAI27CA,竹圍子段,1.00,都市：住
RPPNMLNKJIHFFAI27CA,竹圍子段,9.00,都市：住
RPPNMLNKJIHFFAI27CA,竹圍子段,84.00,都市：住
RPQNMLPKJIHFFAI57CA,下路頭段,112.00,都市：住
RPTNMLOKJIHFFAI77CA,竹圍子段友愛小段,163.00,都市：住
RPUNMLNKJIHFFAI77CA,下路頭段,9.24,都市：住
RPPOMLNKJIHFFAI37CA,劉厝段劉厝小段,1156.00,都市：農
RPSNMLMKJIHFFAI47CA,車店段車店小段,4.37,都市：住
RPOOMLNKJIHFFAI27CA,劉厝段玉山小段,99.27,都市：住
RPOOMLQLJIHFFAI67CA,大溪厝段,130.00,都市：住
RPXNMLNKJIHFFAI08CA,劉厝段玉山小段,58.22,都市：住
RPQOMLQLJIHFFAI87CA,大溪厝段,156.00,都市：住
RPQNMLNKJIHFFAI37CA,白川段,11.59,都市：住
RPVNMLNKJIHFFAI87CA,竹圍子段二小段,15.64,都市：住
RPVNMLOKJIHFFAI97CA,竹圍子段中興小段,5.86,都市：住
RPSOMLQLJIHFFAI08CA,大溪厝段,109.00,都市：住
RPUOMLQLJIHFFAI28CA,大溪厝段,86.00,都市：住
RPXOMLQLJIHFFAI58CA,大溪厝段,39.20,都市：其他
RPXOMLQLJIHFFAI58CA,大溪厝段,19.60,都市：其他
RPXOMLQLJIHFFAI58CA,大溪厝段,39.20,都市：其他
RPPNMLOLJIHFFAI47CA,大溪厝段,107.00,都市：住
RPPNMLKMJIHFFAI17CA,山下段,.43,都市：住
RPPNMLKMJIHFFAI17CA,山下段,41.88,都市：住
RPPNMLKMJIHFFAI17CA,山下段,.71,都市：住
RPPNMLKMJIHFFAI17CA,山下段,125.00,都市：住
RPWNMLPLJIHFFAI28CA,埤子頭段,65.00,都市：住
RPWNMLPLJIHFFAI28CA,埤子頭段,25.44,都市：住
RPTNMLPJKIHFFAI87CA,竹圍子段,380.00,都市：商
RPTNMLPJKIHFFAI87CA,竹圍子段,132.00,都市：商
RPTNMLLLJIHFFAI77EA,同興段,615.35,都市：農
RPTNMLLLJIHFFAI77EA,同興段,1101.03,都市：農
RPTNMLLLJIHFFAI77EA,同興段,2240.67,都市：農
RPTNMLLLJIHFFAI77EA,同興段,2717.00,都市：農
RPRNMLKMJIHFFAI37CA,車店段,40.00,都市：商
RPRNMLKMJIHFFAI37CA,車店段,36.00,都市：商
RPRNMLOJKIHFFAI57CA,北社尾段,14.52,都市：住
RPVNMLQJKIHFFAI18CA,頂庄段,50.80,都市：住
RPVNMLQJKIHFFAI18CA,頂庄段,6.20,都市：住
RPUNMLPJKIHFFAI97CA,竹圍子段,159.00,都市：商
RPVOMLPJKIHFFAI18CA,北社尾段保安小段,9.64,都市：住
RPVOMLPJKIHFFAI18CA,北社尾段保安小段,5.09,都市：住
RPVOMLPJKIHFFAI18CA,北社尾段保安小段,4.73,都市：住
RPVOMLPJKIHFFAI18CA,北社尾段保安小段,76.00,都市：住
RPVOMLPJKIHFFAI18CA,北社尾段保安小段,.18,都市：住
RPXOMLPJKIHFFAI38CA,北社尾段保安小段,9.64,都市：住
RPXOMLPJKIHFFAI38CA,北社尾段保安小段,5.09,都市：住
RPXOMLPJKIHFFAI38CA,北社尾段保安小段,4.73,都市：住
RPXOMLPJKIHFFAI38CA,北社尾段保安小段,76.00,都市：住
RPXOMLPJKIHFFAI38CA,北社尾段保安小段,.18,都市：住
RPRNMLTKJIHFFAI18DA,北園段,99.00,都市：農
RPRNMLTKJIHFFAI18DA,北園段,99.00,都市：農
RPPNMLKMJIHFFAI37EA,陳厝段,42.14,都市：住
RPPNMLKMJIHFFAI37EA,陳厝段,95.06,都市：住
RPPNMLNKJIHFFAI47EA,盧厝段,8.15,都市：住
RPWNMLOJKIHFFAI28EA,下路頭段,23.14,都市：住
RPVNMLOKJIHFFAI18EA,檜段四小段,71.00,都市：商
RPSNMLQKJIHFFAI97DA,同興段,19.14,都市：住
RPPOMLQJKIHFFAI87EA,軍輝段,12.78,都市：住
RPUNMLLJKIHFFAI57CA,車店段車店小段,69.00,都市：住
RPVOMLKMJIHFFAI87CA,同興段,89.00,都市：住
RPROMLKMJIHFFAI47CA,車店段車店小段,94.00,都市：住
RPUNMLOKJIHFFAI87CA,北社尾段,13.78,都市：住
RPSNMLMLJIHFFAI57CA,台斗坑段,21.39,都市：住
RPPNMLLLJIHFFAI17CA,堀川段,58.00,都市：住
RPSNMLLLJIHFFAI47CA,竹圍子段中興小段,4.13,都市：住
RPSNMLOKJIHFFAI67CA,東川段,35.80,都市：住
RPWNMLTKJIHFFAI58CA,山下段,92.00,都市：其他
RPWNMLRJKIHFFAI58EA,下路頭段,25.00,都市：住
RPRNMLKKKIHFFAI47EA,北門段一小段,78.00,都市：住
RPXNMLPLJIHFFAI38CA,竹圍子段二小段,15.94,都市：住
RPXNMLQKJIHFFAI38CA,中庄段,158.00,都市：住
RPTNMLKKKIHFFAI47CA,車店段車店小段,72.00,都市：商
RPPOMLPJKIHFFAI67DA,湖內段,5.00,都市：工
RPOOMLPLJIHFFAI57CA,北社尾段,72.00,都市：住
RPPOMLPLJIHFFAI67CA,埤子頭段,23.47,都市：住
RPUNMLQKJIHFFAI18DA,東門段五小段,88.00,都市：住
RPUNMLQKJIHFFAI18DA,東門段五小段,17.67,都市：住
RPVNMLQKJIHFFAI18CA,竹圍子段二小段,89.00,都市：住
RPQNMLKLJIHFFAI37EA,短竹段,7.74,都市：住
RPPOMLQKJIHFFAI67CA,頂庄段,76.00,都市：住
RPPOMLQKJIHFFAI67CA,頂庄段,17.08,都市：住
RPPOMLQKJIHFFAI67CA,頂庄段,.92,都市：住
RPPOMLQKJIHFFAI67CA,頂庄段,.21,都市：住
RPTNMLMLJIHFFAI67CA,盧厝段,11.90,都市：住
RPPNMLPKJIHFFAI47CA,下路頭段,60.00,都市：住
RPSNMLPKJIHFFAI77CA,玉川段,54.00,都市：住
RPSNMLPKJIHFFAI77CA,玉川段,10.62,都市：住
RPPOMLTKJIHFFAI97CA,竹圍子段,119.00,都市：住
RPWNMLQKJIHFFAI28CA,北社尾段,80.00,都市：住
RPWNMLKLJIHFFAI77CA,下路頭段,260.95,都市：住
RPUNMLKLJIHFFAI57CA,下路頭段,73.68,都市：住
RPTNMLQLJIHFFAI08CA,劉厝段玉山小段,247.84,都市：住
RPTNMLQLJIHFFAI08CA,劉厝段玉山小段,247.84,都市：住
RPSNMLNLJIHFFAI67CA,下路頭段,79.00,都市：住
RPWNMLLLJIHFFAI87CA,竹圍子段,91.00,都市：住
RPSOMLRJKIHFFAI28EA,堀川段,58.00,都市：住
RPVNMLKLJIHFFAI67CA,下路頭段,.98,都市：住
RPPNMLRLJIHFFAI77CA,遠東段,82.00,都市：住
RPPNMLRLJIHFFAI77CA,遠東段,2.00,都市：住
RPQNMLKKKIHFFAI17CA,北門段四小段,40.00,都市：商
RPQNMLKKKIHFFAI17CA,北門段四小段,5.00,都市：商
RPQNMLKKKIHFFAI17CA,北門段四小段,16.00,都市：商
RPRNMLMLJIHFFAI47CA,湖內段,14.76,都市：住
RPUOMLSLJIHFFAI48CA,下路頭段,38.00,都市：住
RPUOMLSLJIHFFAI48CA,下路頭段,7.00,都市：住
RPUOMLSLJIHFFAI48CA,下路頭段,48.00,都市：住
RPRPMLPJKIHFFAI87CA,北社尾段保安小段,9.64,都市：住
RPRPMLPJKIHFFAI87CA,北社尾段保安小段,5.09,都市：住
RPRPMLPJKIHFFAI87CA,北社尾段保安小段,4.73,都市：住
RPRPMLPJKIHFFAI87CA,北社尾段保安小段,76.00,都市：住
RPRPMLPJKIHFFAI87CA,北社尾段保安小段,.18,都市：住
SPXOMLKMJIHFFAI18CA,太平段,14.48,都市：住
RPPPMLPJKIHFFAI67CA,北社尾段保安小段,84.00,都市：住
RPPPMLPJKIHFFAI67CA,北社尾段保安小段,9.64,都市：住
RPPPMLPJKIHFFAI67CA,北社尾段保安小段,5.09,都市：住
RPPPMLPJKIHFFAI67CA,北社尾段保安小段,4.73,都市：住
RPPPMLPJKIHFFAI67CA,北社尾段保安小段,.18,都市：住
RPXNMLLLJIHFFAI18EA,車店段,9.15,都市：住
RPXNMLLLJIHFFAI18EA,白川段,18.04,都市：住
RPOOMLTLJIHFFAI18EA,北社尾段保安小段,21.00,都市：住
RPOOMLTLJIHFFAI18EA,北社尾段保安小段,81.00,都市：住
RPOOMLQKJIHFFAI67DA,玉川段,135.00,都市：住
RPOOMLQKJIHFFAI67DA,玉川段,1.00,都市：住
RPVNMLRJKIHFFAI48EA,下路頭段,91.00,都市：住
RPQOMLKMJIHFFAI57EA,北門段四小段,5.00,都市：商
RPQOMLKMJIHFFAI57EA,北門段四小段,9.00,都市：商
RPTPMLPJKIHFFAI08CA,北社尾段保安小段,9.64,都市：住
RPTPMLPJKIHFFAI08CA,北社尾段保安小段,5.09,都市：住
RPTPMLPJKIHFFAI08CA,北社尾段保安小段,4.73,都市：住
RPTPMLPJKIHFFAI08CA,北社尾段保安小段,76.00,都市：住
RPTPMLPJKIHFFAI08CA,北社尾段保安小段,.18,都市：住
RPTOMLSLJIHFFAI38CA,湖內段,20.53,都市：商
RPVNMLQKJIHFFAI38EA,西門段五小段,49.00,都市：商
RPXPMLPJKIHFFAI48CA,北社尾段保安小段,9.64,都市：住
RPXPMLPJKIHFFAI48CA,北社尾段保安小段,5.09,都市：住
RPXPMLPJKIHFFAI48CA,北社尾段保安小段,4.73,都市：住
RPXPMLPJKIHFFAI48CA,北社尾段保安小段,79.00,都市：住
RPXPMLPJKIHFFAI48CA,北社尾段保安小段,.18,都市：住
RPVPMLPJKIHFFAI28CA,北社尾段保安小段,9.64,都市：住
RPVPMLPJKIHFFAI28CA,北社尾段保安小段,5.09,都市：住
RPVPMLPJKIHFFAI28CA,北社尾段保安小段,4.73,都市：住
RPVPMLPJKIHFFAI28CA,北社尾段保安小段,76.00,都市：住
RPVPMLPJKIHFFAI28CA,北社尾段保安小段,.18,都市：住
RPPQMLPJKIHFFAI77CA,北社尾段保安小段,9.64,都市：住
RPPQMLPJKIHFFAI77CA,北社尾段保安小段,5.09,都市：住
RPPQMLPJKIHFFAI77CA,北社尾段保安小段,4.73,都市：住
RPPQMLPJKIHFFAI77CA,北社尾段保安小段,88.00,都市：住
RPPQMLPJKIHFFAI77CA,北社尾段保安小段,.18,都市：住
RPPOMLRJKIHFFAI77CA,北社尾段保安小段,81.00,都市：住
RPRQMLPJKIHFFAI97CA,北社尾段保安小段,9.64,都市：住
RPRQMLPJKIHFFAI97CA,北社尾段保安小段,5.09,都市：住
RPRQMLPJKIHFFAI97CA,北社尾段保安小段,4.73,都市：住
RPRQMLPJKIHFFAI97CA,北社尾段保安小段,76.00,都市：住
RPRQMLPJKIHFFAI97CA,北社尾段保安小段,.18,都市：住
RPROMLRJKIHFFAI97CA,北社尾段保安小段,21.00,都市：住
RPROMLRJKIHFFAI97CA,北社尾段保安小段,84.00,都市：住
RPVNMLSJKIHFFAI38CA,短竹段,7.62,都市：住
RPVOMLSLJIHFFAI58CA,北湖段,506.00,都市：其他
RPUNMLKMJIHFFAI67CA,竹圍子段,261.00,都市：住
RPPNMLTLJIHFFAI97CA,同興段,36.90,都市：住
RPWOMLKMJIHFFAI97CA,下路頭段,7.61,都市：住
RPQNMLRLJIHFFAI87CA,遠東段,87.00,都市：住
RPQNMLQLJIHFFAI77CA,竹圍子段,11.02,都市：住
RPSOMLNLJIHFFAI77CA,彌陀段,71.00,都市：住
RPQNMLKLJIHFFAI17CA,何庄段,106.46,都市：住
RPVNMLNLJIHFFAI97CA,盧厝段,7.60,都市：住
RPUNMLNLJIHFFAI87CA,車店段車店小段,96.00,都市：住
RPRNMLLLJIHFFAI37CA,盧厝段,43.56,都市：住
RPSNMLPLJIHFFAI87CA,興村段,15.08,都市：住
RPVOMLPLJIHFFAI28CA,新厝段,1360.00,都市：農
RPVOMLPLJIHFFAI28CA,新厝段,52.00,都市：農
RPSNMLQLJIHFFAI97CA,埤子頭段新厝小段,72.00,都市：住
RPXNMLNLJIHFFAI18CA,湖內段,79.00,都市：住
RPQOMLPLJIHFFAI77CA,頂庄段,564.00,都市：農
RPQOMLPLJIHFFAI77CA,頂庄段,82.50,都市：農
RPQOMLPLJIHFFAI77CA,頂庄段,107.00,都市：農
RPPNMLQLJIHFFAI67CA,太平段,10.45,都市：住
RPSOMLPLJIHFFAI97CA,大溪段,3.30,都市：住
RPSOMLPLJIHFFAI97CA,大溪段,35.49,都市：住
RPSOMLPLJIHFFAI97CA,大溪段,89.72,都市：住
RPSOMLPLJIHFFAI97CA,大溪段,1.28,都市：住
RPSOMLPLJIHFFAI97CA,大溪段,.25,都市：住
RPWNMLRLJIHFFAI48CA,竹圍子段三小段,13.67,都市：住
RPWNMLKMJIHFFAI87CA,遠東段,13.06,都市：住
RPTOMLRJKIHFFAI18CA,西門段六小段,3.73,都市：商
RPTOMLRJKIHFFAI18CA,新富段六小段,12.51,都市：商
RPROMLPLJIHFFAI87CA,北社尾段,12.36,都市：住
RPUNMLKKKIHFFAI57CA,下路頭段,51.00,都市：住
RPUNMLKKKIHFFAI57CA,下路頭段,15.00,都市：其他
RPOOMLLKKIHFFAI17CA,湖內段,19.94,都市：住
RPRNMLMLJIHFFAI67EA,崎頂段,747.00,都市：農
RPWNMLKKKIHFFAI87DA,車店段車店小段,32.21,都市：住
RPOOMLMLJIHFFAI47EA,北門段四小段,13.14,都市：住
RPUOMLQJKIHFFAI18CA,軍輝段,134.00,都市：住
RPPNMLQKKIHFFAI67CA,北社尾段保安小段,21.90,都市：住
RPUNMLLLJIHFFAI87EA,彌陀段,10.61,都市：住
RPVOMLNLJIHFFAI28EA,盧厝段,79.00,都市：住
RPROMLLKKIHFFAI47CA,港子坪段港坪小段,22.40,都市：住
RPWNMLQLJIHFFAI38CA,長竹段,23.31,都市：住
RPTNMLLLJIHFFAI57CA,同興段,107.11,都市：其他
RPTNMLLLJIHFFAI57CA,同興段,1465.00,都市：其他
RPSOMLKMJIHFFAI57CA,彌陀段,113.00,都市：住
RPUOMLPLJIHFFAI18CA,長竹段,92.00,都市：住
RPTOMLNKKIHFFAI87CA,北社尾段保安小段,21.00,都市：住
RPTOMLNKKIHFFAI87CA,北社尾段保安小段,81.00,都市：住
RPTNMLPLJIHFFAI97CA,車店段車店小段,95.00,都市：住
RPQNMLLJKIHFFAI17CA,港子坪段港坪小段,14.56,都市：住
RPTOMLPLJIHFFAI08CA,短竹段,11.43,都市：住
RPWNMLNLJIHFFAI08CA,北園段,173.45,都市：住
RPVOMLNKKIHFFAI08CA,盧厝段,71.00,都市：住
RPVNMLMLJIHFFAI87CA,盧東段,73.82,都市：其他
RPVNMLMLJIHFFAI87CA,盧東段,18.03,都市：其他
RPQNMLNLJIHFFAI67EA,竹圍子段,3.69,都市：住
RPQNMLNLJIHFFAI67EA,竹圍子段,22.64,都市：住
RPQNMLNLJIHFFAI67EA,竹圍子段,3.34,都市：住
RPQNMLNLJIHFFAI67EA,竹圍子段,2.15,都市：其他
RPVNMLRKKIHFFAI38CA,短竹段,5.48,都市：住
RPQNMLSJKIHFFAI87CA,盧厝段,9.09,都市：住
RPQNMLSJKIHFFAI87CA,盧厝段,9.09,都市：住
RPQNMLMLJIHFFAI57EA,西門段八小段,25.17,都市：商
RPXNMLMLJIHFFAI28EA,竹圍子段三小段,18.56,都市：住
RPUNMLLLJIHFFAI67CA,盧厝段,23.24,都市：住
RPUNMLLLJIHFFAI67CA,盧厝段,128.00,都市：住
RPSNMLSLJIHFFAI18CA,北社尾段保安小段,119.00,都市：住
RPRNMLNJKIHFFAI57DA,劉厝段玉山小段,119.92,都市：住
RPSNMLNJKIHFFAI67DA,劉厝段玉山小段,120.84,都市：住
RPPNMLPJKIHFFAI57DA,北園段,1358.00,都市：農
RPWNMLMLJIHFFAI18EA,陳厝段,173.70,都市：住
RPPNMLLJKIHFFAI07CA,港子坪段港坪小段,22.32,都市：住
RPWNMLQJKIHFFAI28CA,下路頭段,73.00,都市：住
RPWNMLQJKIHFFAI28CA,下路頭段,73.00,都市：住
RPTNMLNJKIHFFAI67CA,育人段,197.22,都市：住
RPOPMLQJKIHFFAI67CA,竹圍子段,508.00,都市：其他
RPOPMLQJKIHFFAI67CA,竹圍子段,407.00,都市：其他
RPOPMLQJKIHFFAI67CA,竹圍子段,126.00,都市：其他
RPQNMLKMJIHFFAI27CA,長竹段,786.00,都市：住
RPVNMLRLJIHFFAI38CA,下路頭段,60.00,都市：住
RPUPMLOKKIHFFAI18CA,埤子頭段,4.00,都市：住
RPUPMLOKKIHFFAI18CA,埤子頭段,13.00,都市：住
RPUPMLOKKIHFFAI18CA,埤子頭段,47.00,都市：住
RPWOMLPLJIHFFAI38CA,八掌段,1173.43,都市：農
RPPOMLTLJIHFFAI08CA,車店段車店小段,39.95,都市：住
RPUNMLRLJIHFFAI28CA,港子坪段,64.00,都市：住
RPOOMLNLJIHFFAI37CA,車店段車店小段,29.23,都市：住
RPSNMLRLJIHFFAI08CA,埤子頭段,541.00,都市：住
RPWNMLTLJIHFFAI68CA,盧東段,30.77,都市：其他
RPWNMLTLJIHFFAI68CA,盧東段,256.87,都市：住
RPQPMLQJKIHFFAI08EA,新厝段,112.00,都市：農
RPQNMLSKKIHFFAI97CA,竹圍子段,89.00,都市：住
RPRPMLOKKIHFFAI87CA,埤子頭段,12.42,都市：住
RPRNMLSLJIHFFAI08CA,後庄段,170.00,都市：住
RPQNMLNJKIHFFAI37CA,育人段,112.29,都市：住
RPUNMLSKKIHFFAI38CA,北園段,77.00,都市：住
RPTOMLKMJIHFFAI67CA,北社尾段,60.00,都市：商
RPRNMLPJKIHFFAI67CA,堀川段,128.00,都市：住
RPWOMLQJKIHFFAI38CA,盧厝段,146.00,都市：住
RPUOMLRJKIHFFAI28CA,西門段六小段,3.39,都市：商
RPUOMLRJKIHFFAI28CA,新富段六小段,11.35,都市：商
RPTOMLNLJIHFFAI08EA,盧厝段,162.00,都市：住
RPTOMLNLJIHFFAI08EA,長竹段,226.00,都市：住
RPSNMLPJKIHFFAI77CA,堀川段,44.00,都市：住
RPQNMLQJKIHFFAI67CA,盧厝段,100.00,都市：住
RPSNMLQJKIHFFAI87CA,竹圍子段一小段,12.46,都市：住
RPVNMLRJKIHFFAI28CA,港子坪段港坪小段,170.00,都市：住
RPQNMLOJKIHFFAI47CA,車店段車店小段,38.09,都市：住
RPUOMLNLJIHFFAI18EA,盧厝段,41.00,都市：住
RPQNMLRLJIHFFAI08EA,遠東段,23.33,都市：住
RPUNMLOJKIHFFAI08EA,北園段,284.00,都市：農
RPUNMLOJKIHFFAI08EA,北園段,284.00,都市：農
RPXNMLKKKIHFFAI87CA,北社尾段保安小段,57.00,都市：住
RPWNMLRLJIHFFAI68EA,下路頭段,111.00,都市：住
RPQNMLSLJIHFFAI18EA,新富段八小段,7.65,都市：住
RPQNMLSLJIHFFAI18EA,末廣段一小段,.23,都市：住
RPOOMLKKKIHFFAI07CA,短竹段,17.55,都市：住
SPQNMLSLJIHFFAI28EA,新富段八小段,7.65,都市：住
SPQNMLSLJIHFFAI28EA,末廣段一小段,.23,都市：住
RPWNMLSKKIHFFAI68DA,同興段,39.64,都市：住
RPPNMLLKKIHFFAI17CA,下路頭段,7.07,都市：住
RPRNMLLLKIHFFAI47CA,竹圍子段二小段,201.00,都市：商
RPTNMLSKKIHFFAI28CA,育人段,89.00,都市：農
RPTNMLSKKIHFFAI28CA,育人段,1969.06,都市：農
RPQNMLLLKIHFFAI37CA,育人段,178.52,都市：住
RPRNMLQJKIHFFAI77CA,長竹段,100.00,都市：住
RPPNMLSKKIHFFAI87CA,下路頭段,20.27,都市：住
RPPNMLSKKIHFFAI87CA,下路頭段,10.17,都市：住
RPPNMLSKKIHFFAI87CA,下路頭段,20.34,都市：住
RPPNMLSKKIHFFAI87CA,下路頭段,12.68,都市：住
RPPNMLSKKIHFFAI87CA,下路頭段,12.68,都市：住
RPPNMLMKKIHFFAI37DA,北社尾段保安小段,9.45,都市：住
RPPNMLSJKIHFFAI77CA,竹圍子段,77.00,都市：住
RPVNMLTKKIHFFAI58CA,末廣段五小段,9.06,都市：商
RPTNMLRJKIHFFAI28EA,同興段,21.87,都市：住
RPTOMLLLKIHFFAI77CA,台斗坑段,14.10,都市：住
RPPNMLPKKIHFFAI57CA,遠東段,87.00,都市：住
RPRNMLLJKIHFFAI27CA,埤子頭段,82.00,都市：住
RPRNMLSKKIHFFAI08CA,長竹段,53.00,都市：住
RPRNMLSKKIHFFAI08CA,長竹段,66.00,都市：住
RPVNMLKMJIHFFAI77CA,同興段,450.00,都市：商
RPVNMLQLJIHFFAI28CA,車店段車店小段,103.00,都市：住
RPUOMLKMJIHFFAI77CA,台斗坑段,19.50,都市：住
RPUOMLKMJIHFFAI77CA,台斗坑段,19.50,都市：住
RPTNMLTLJIHFFAI38CA,下路頭段,75.00,都市：住
RPPNMLNLKIHFFAI47CA,車店段,101.00,都市：住
SPVNMLLJKIHFFAI77CA,竹圍子段三小段,26.00,都市：住
RPSNMLTLJIHFFAI28CA,車店段車店小段,4.96,都市：住
RPTNMLSLJIHFFAI28CA,白川段,45.00,都市：住
RPPNMLSLJIHFFAI87CA,堀川段,30.00,都市：住
RPRNMLTLJIHFFAI18CA,港子坪段港坪小段,14.20,都市：住
RPRNMLRLJIHFFAI97CA,北社尾段,96.00,都市：住
RPRNMLMLKIHFFAI57CA,竹圍子段,94.00,都市：住
RPSNMLLLKIHFFAI57CA,車店段車店小段,32.22,都市：住
RPXNMLTKKIHFFAI78CA,中庄段,101.00,都市：住
RPXNMLKMJIHFFAI97CA,遠東段,13.06,都市：住
RPPOMLKMJIHFFAI27CA,遠東段,14.93,都市：住
RPTNMLLJKIHFFAI47CA,台斗坑段,23.10,都市：住
RPOOMLKMJIHFFAI17CA,遠東段,14.00,都市：住
RPQNMLNLKIHFFAI57CA,北社尾段保安小段,3.60,都市：住
RPQNMLNLKIHFFAI57CA,北社尾段保安小段,4.68,都市：住
RPUNMLOJKIHFFAI87CA,新富段四小段,306.67,都市：其他
RPUNMLOJKIHFFAI87CA,新富段四小段,153.33,都市：其他
RPSNMLRJKIHFFAI97CA,竹圍子段友愛小段,95.00,都市：住
RPSNMLRLJIHFFAI28EA,興村段,34.00,都市：住
RPTOMLQJKIHFFAI08CA,港子坪段港坪小段,18.95,都市：住
RPQNMLTLJIHFFAI28EA,南門段五小段,1.00,都市：商
RPQNMLTLJIHFFAI28EA,元段五小段,49.00,都市：商
RPQNMLTLJIHFFAI18DA,後庄段,66.00,都市：住
RPRNMLRLJIHFFAI18EA,興村段,355.00,都市：住
RPRNMLRLJIHFFAI18EA,興村段,18.00,都市：其他
RPQNMLKLKIHFFAI47EA,埤子頭段,26.25,都市：住
RPUNMLRJKIHFFAI38EA,同興段,65.00,都市：住
SPTNMLOJKIHFFAI08EA,台斗坑段,26.00,都市：住
RPTNMLSJKIHFFAI18CA,港子坪段港坪小段,10.00,都市：住
RPQNMLLKKIHFFAI27CA,興村段,26.00,都市：住
RPRNMLLKKIHFFAI37CA,湖內段,17.52,都市：住
RPRNMLLKKIHFFAI37CA,湖內段,13.86,都市：住
RPSNMLLKKIHFFAI47CA,遠東段,7.46,都市：住
RPSNMLLKKIHFFAI47CA,遠東段,5.60,都市：住
RPPNMLTLJIHFFAI18EA,下路頭段,93.00,都市：住
RPSNMLNKKIHFFAI77DA,北園段,20.64,都市：住
RPOOMLPJKIHFFAI47CA,後庄段,9.00,都市：住
RPOOMLPJKIHFFAI47CA,後庄段,153.00,都市：住
RPOOMLPJKIHFFAI47CA,後庄段,30.00,都市：住
RPOOMLQJKIHFFAI57CA,湖內段,101.00,都市：住
RPPOMLSKKIHFFAI97CA,北社尾段保安小段,9.64,都市：住
RPPOMLSKKIHFFAI97CA,北社尾段保安小段,5.09,都市：住
RPPOMLSKKIHFFAI97CA,北社尾段保安小段,4.73,都市：住
RPPOMLSKKIHFFAI97CA,北社尾段保安小段,76.00,都市：住
RPPOMLSKKIHFFAI97CA,北社尾段保安小段,.18,都市：住
RPSPMLOKKIHFFAI97CA,後庄段,92.00,都市：住
RPSNMLOLKIHFFAI87CA,盧厝段,84.00,都市：住
RPUNMLSLJIHFFAI38CA,竹圍子段,137.00,都市：住
RPUNMLSLJIHFFAI38CA,竹圍子段,4.00,都市：住
RPTNMLOLKIHFFAI97CA,後庄段,141.00,都市：住
RPXNMLQJKIHFFAI38CA,元段五小段,9.21,都市：商
RPVNMLQJKIHFFAI38EA,下路頭段,133.00,都市：住
RPSNMLSJKIHFFAI08CA,劉厝段劉厝小段,69.00,都市：住
RPSNMLSJKIHFFAI08CA,劉厝段劉厝小段,12.67,都市：住
RPSNMLSJKIHFFAI08CA,劉厝段劉厝小段,.42,都市：住
RPSNMLSJKIHFFAI08CA,劉厝段劉厝小段,.42,都市：住
RPQNMLPKKIHFFAI67CA,下路頭段,18.73,都市：住
RPRNMLOLKIHFFAI77CA,遠東段,17.73,都市：住
RPOQMLOKKIHFFAI67CA,盧厝段,41.69,都市：住
RPTPMLOKKIHFFAI08CA,末廣段五小段,23.16,都市：住
RPQOMLTLJIHFFAI38EA,遠東段,418.00,都市：住
RPQNMLNJKIHFFAI57EA,港子坪段,51.00,都市：住
RPUNMLRKKIHFFAI38DA,竹圍子段二小段,16.11,都市：住
RPRNMLOKKIHFFAI77DA,遠東段,95.00,都市：住
RPQNMLOKKIHFFAI67DA,遠東段,95.00,都市：住
RPTNMLOKKIHFFAI97DA,遠東段,95.00,都市：住
RPPNMLNJKIHFFAI47EA,竹圍子段,17.42,都市：住
RPUNMLOKKIHFFAI08DA,遠東段,95.00,都市：住
RPSNMLOKKIHFFAI87DA,遠東段,95.00,都市：住
RPPNMLOKKIHFFAI57DA,遠東段,95.00,都市：住
RPVNMLOKKIHFFAI18DA,遠東段,96.00,都市：住
RPQOMLPJKIHFFAI67CA,彌陀段,82.00,都市：住
RPWNMLOKKIHFFAI28DA,遠東段,95.00,都市：住
RPSOMLPJKIHFFAI87CA,東門段四小段,52.00,都市：住
RPTOMLPJKIHFFAI97CA,長竹段,54.00,都市：其他
RPUNMLSJKIHFFAI28CA,大溪段,63.51,都市：農
RPRNMLSJKIHFFAI97CA,車店段,56.00,都市：住
RPTNMLRJKIHFFAI08CA,竹圍子段,11.24,都市：住
RPTNMLRJKIHFFAI08CA,竹圍子段,71.00,都市：住
RPXNMLPJKIHFFAI28CA,中山段四小段,8.00,都市：其他
RPXNMLPJKIHFFAI28CA,中山段四小段,6.00,都市：其他
RPXNMLPJKIHFFAI28CA,中山段四小段,6.00,都市：其他
RPXNMLPJKIHFFAI28CA,中山段四小段,6.00,都市：其他
RPXNMLPJKIHFFAI28CA,中山段四小段,6.00,都市：其他
RPXNMLPJKIHFFAI28CA,中山段四小段,6.00,都市：其他
RPXNMLPJKIHFFAI28CA,中山段四小段,5.00,都市：其他
RPXNMLPJKIHFFAI28CA,中山段四小段,4.00,都市：其他
RPXNMLPJKIHFFAI28CA,中山段四小段,4.00,都市：其他
RPXNMLPJKIHFFAI28CA,中山段四小段,6.00,都市：其他
RPXNMLPJKIHFFAI28CA,中山段四小段,1.00,都市：其他
RPXNMLPJKIHFFAI28CA,中山段四小段,9.00,都市：其他
RPXNMLPJKIHFFAI28CA,中山段四小段,2.00,都市：其他
RPXNMLPJKIHFFAI28CA,中山段四小段,1.00,都市：其他
RPUNMLKKKIHFFAI77EA,玉川段,14.00,都市：住
RPPOMLLLKIHFFAI47DA,盧東段,7912.40,都市：農
RPXNMLOKKIHFFAI38DA,遠東段,96.00,都市：住
RPXNMLOLKIHFFAI38CA,遠東段,13.06,都市：住
RPVPMLOKKIHFFAI28CA,長竹段,30.72,都市：住
RPXNMLPLKIHFFAI48CA,竹圍子段一小段,21.20,都市：住
RPQNMLMJJHIFFAI17CA,白川段,22.00,都市：住
RPQNMLRLKIHFFAI97CA,盧東段,112.74,都市：農
RPQNMLRLKIHFFAI97CA,盧東段,20.27,都市：農
RPSNMLRLKIHFFAI18CA,竹圍子段二小段,101.00,都市：住
RPPNMLOLKIHFFAI57CA,港子坪段,91.00,都市：住
RPQNMLPLKIHFFAI77CA,下路頭段,81.00,都市：住
RPPNMLKKKIHFFAI27EA,台斗坑段,28.00,都市：住
RPPNMLKKKIHFFAI27EA,檜段三小段,36.00,都市：住
RPRNMLMJJHIFFAI27CA,下路頭段,4.89,都市：住
RPWNMLPJKIHFFAI18CA,山下段,6.50,都市：住
RPWNMLPJKIHFFAI18CA,山下段,70.00,都市：住
RPWNMLPJKIHFFAI18CA,山下段,2.25,都市：住
RPWNMLPJKIHFFAI18CA,山下段,.62,都市：住
RPWNMLPJKIHFFAI18CA,山下段,1.50,都市：住
RPWNMLPJKIHFFAI18CA,山下段,1.38,都市：住
RPTNMLQJKIHFFAI97CA,後庄段,96.00,都市：住
RPQOMLLLKIHFFAI57DA,盧東段,2147.25,都市：農
RPOOMLNKKIHFFAI57EA,車店段車店小段,80.00,都市：住
RPOOMLNKKIHFFAI57EA,車店段車店小段,14.09,都市：住
RPQNMLPJKIHFFAI57CA,下路頭段,26.21,都市：住
RPPNMLTJKIHFFAI87CA,鳥岫段,2177.04,都市：農
RPQNMLTJKIHFFAI97CA,鳥岫段,3892.92,都市：農
RPPNMLQJKIHFFAI67DA,遠東段,25.00,都市：住
RPPNMLQJKIHFFAI67DA,遠東段,93.00,都市：住
RPSNMLRKKIHFFAI08CA,中庄段,42.64,都市：住
RPRNMLRJKIHFFAI87CA,港子坪段,90.00,都市：商
RPWPMLOKKIHFFAI38CA,新富段五小段,83.00,都市：住
RPUNMLRJKIHFFAI18CA,興村段,32.90,都市：住
RPSOMLLKKIHFFAI57CA,埤子頭段,27.46,都市：住
RPVOMLLKKIHFFAI87CA,北園段,101.05,都市：住
RPOOMLPLKIHFFAI67CA,竹圍子段一小段,16.31,都市：住
RPTNMLMJJHIFFAI47CA,車店段車店小段,17.87,都市：住
RPOOMLOKKIHFFAI57DA,遠東段,142.00,都市：住
RPQOMLOKKIHFFAI77DA,遠東段,107.00,都市：住
RPPOMLOKKIHFFAI67DA,遠東段,96.00,都市：住
RPSOMLOKKIHFFAI97DA,遠東段,115.00,都市：住
RPROMLOKKIHFFAI87DA,遠東段,108.00,都市：住
RPXNMLLKKIHFFAI18EA,元段六小段,1.34,都市：商
RPVOMLOKKIHFFAI28DA,遠東段,106.00,都市：住
RPOOMLLKKIHFFAI37EA,元段六小段,1.28,都市：商
RPUOMLOKKIHFFAI18DA,遠東段,106.00,都市：住
RPTOMLQJKIHFFAI28EA,檜段五小段,29.40,都市：住
RPTOMLOKKIHFFAI08DA,遠東段,109.00,都市：住
RPXOMLOKKIHFFAI48DA,埤子頭段,45.53,都市：住
RPUNMLOJJHIFFAI87DA,中庄段,39.33,都市：住
RPUNMLOJJHIFFAI87DA,中庄段,12.59,都市：住
RPUNMLOJJHIFFAI87DA,中庄段,91.00,都市：住
RPUNMLQJKIHFFAI28EA,劉厝段劉厝小段,9.16,都市：住
RPTNMLQJKIHFFAI18EA,元段六小段,.13,都市：商
RPWNMLNKKIHFFAI18DA,湖內段,9.02,都市：住
RPWNMLNKKIHFFAI18DA,湖內段,7.13,都市：住
RPXNMLRJKIHFFAI58DA,埤子頭段,47.00,都市：住
RPUNMLPLKIHFFAI38EA,下路頭段,122.00,都市：住
RPUNMLPLKIHFFAI38EA,下路頭段,.37,都市：住
RPRPMLQJKIHFFAI18EA,港子坪段港坪小段,11.69,都市：住
RPUNMLRLKIHFFAI48DA,長竹段,36.49,都市：住
RPOOMLOLKIHFFAI57CA,新富段八小段,14.22,都市：商
RPOOMLOLKIHFFAI57CA,末廣段一小段,.43,都市：商
RPOOMLOLKIHFFAI57CA,新富段八小段,12.54,都市：商
RPOOMLOLKIHFFAI57CA,末廣段一小段,.38,都市：商
RPWOMLOKKIHFFAI28CA,末廣段五小段,22.36,非都市： ; 非都市編定：
RPPNMLRJKIHFFAI77DA,榮段二小段,6.63,都市：商
SPOOMLOLKIHFFAI67CA,新富段八小段,12.54,都市：商
SPOOMLOLKIHFFAI67CA,末廣段一小段,.38,都市：商
RPXNMLNKKIHFFAI18CA,下路頭段,18.25,都市：其他
RPXNMLNKKIHFFAI18CA,下路頭段,9.00,都市：其他
RPXNMLNKKIHFFAI18CA,下路頭段,61.00,都市：住
RPVOMLRJKIHFFAI58EA,下路頭段,26.00,都市：住
RPVOMLRJKIHFFAI58EA,下路頭段,42.00,都市：住
RPQOMLNKKIHFFAI57CA,崎頂段,659.00,非都市： ; 非都市編定：
RPQOMLNKKIHFFAI57CA,崎頂段,742.00,非都市： ; 非都市編定：
RPQOMLNKKIHFFAI57CA,崎頂段,785.00,非都市： ; 非都市編定：
RPQOMLNKKIHFFAI57CA,崎頂段,377.00,非都市： ; 非都市編定：
RPQOMLNKKIHFFAI57CA,崎頂段,339.00,非都市： ; 非都市編定：
RPQOMLNKKIHFFAI57CA,崎頂段,711.00,非都市： ; 非都市編定：
RPUOMLLKKIHFFAI77CA,盧厝段,.29,都市：住
RPOOMLTKKIHFFAI97CA,溪厝段,2245.50,都市：農
RPPOMLNKKIHFFAI47CA,崎頂段,653.00,非都市： ; 非都市編定：
RPPOMLNKKIHFFAI47CA,崎頂段,335.00,非都市： ; 非都市編定：
RPPOMLNKKIHFFAI47CA,崎頂段,377.00,非都市： ; 非都市編定：
RPPOMLNKKIHFFAI47CA,崎頂段,408.00,非都市： ; 非都市編定：
RPPOMLNKKIHFFAI47CA,崎頂段,479.00,非都市： ; 非都市編定：
RPPOMLNKKIHFFAI47CA,崎頂段,570.00,非都市： ; 非都市編定：
RPPOMLNKKIHFFAI47CA,崎頂段,619.00,非都市： ; 非都市編定：
RPPOMLNKKIHFFAI47CA,崎頂段,108.03,非都市： ; 非都市編定：
RPPOMLNKKIHFFAI47CA,崎頂段,.06,非都市： ; 非都市編定：
RPPOMLNKKIHFFAI47CA,崎頂段,.45,非都市： ; 非都市編定：
RPOOMLNKKIHFFAI37CA,後庄段,475.00,都市：住
RPXPMLOKKIHFFAI48CA,長竹段,26.49,都市：住
RPQNMLOLKIHFFAI67CA,白川段,45.98,都市：住
RPTNMLLKKIHFFAI57CA,太平段,104.00,都市：住
RPQNMLTKKIHFFAI08CA,湖內段,24.60,都市：住
RPQNMLRJKIHFFAI77CA,頂庄段,84.00,都市：住
RPTNMLMKKIHFFAI67CA,竹圍子段,175.00,都市：其他
RPUNMLMLKIHFFAI87CA,竹圍子段,3.19,都市：住
RPVNMLLKKIHFFAI77CA,台斗坑段,23.45,都市：住
RPUNMLLKKIHFFAI67CA,中山段三小段,14.29,都市：住
RPVNMLKKKIHFFAI67CA,北園段,66.00,都市：住
RPQNMLNJJHIFFAI27CA,盧厝段,18.74,都市：住
RPXNMLRJKIHFFAI68EA,中庄段,57.00,都市：住
RPRNMLSKKIHFFAI28EA,元段二小段,1.21,都市：住
RPRNMLSKKIHFFAI28EA,元段二小段,.32,都市：住
RPTOMLLKKIHFFAI67CA,育人段,73.21,都市：住
RPRNMLSKKIHFFAI28EA,元段二小段,.59,都市：住
RPRNMLSKKIHFFAI28EA,元段二小段,1.12,都市：住
RPUOMLRJKIHFFAI48EA,溪東段,260.68,都市：農
RPUOMLRJKIHFFAI48EA,溪東段,2438.38,都市：農
RPUOMLRJKIHFFAI48EA,溪東段,6.78,都市：住
RPPNMLNJJHIFFAI37EA,東門段四小段,29.12,都市：住
RPPNMLNJJHIFFAI37EA,東門段四小段,28.12,都市：住
RPPNMLNJJHIFFAI37EA,東門段四小段,13.75,都市：住
RPPNMLNJJHIFFAI37EA,東門段四小段,71.88,都市：住
RPPNMLSLKIHFFAI08DA,崎頂段,44.55,都市：農
RPPNMLSLKIHFFAI08DA,崎頂段,2.78,都市：農
RPQNMLKKKIHFFAI37EA,下路頭段,25.77,都市：住
RPQNMLKKKIHFFAI37EA,下路頭段,.02,都市：住
RPQOMLLKKIHFFAI57EA,同興段,5.47,都市：住
RPVNMLNKKIHFFAI08DA,車店段,25.33,都市：住
RPVNMLNKKIHFFAI08DA,白川段,4.27,都市：住
RPQNMLLMKIHFFAI47CA,盧厝段,43.56,都市：住
RPSNMLMKKIHFFAI67DA,劉厝段劉厝小段,15.30,都市：住
RPSNMLMKKIHFFAI67DA,劉厝段劉厝小段,56.00,都市：住
RPVNMLMKKIHFFAI08EA,東門段六小段,38.00,都市：住
RPVNMLMKKIHFFAI08EA,東門段六小段,4.00,都市：住
RPVNMLMKKIHFFAI08EA,民族段四小段,95.00,都市：住
RPRNMLNJJHIFFAI37CA,山下段,18.82,都市：住
RPVNMLOLKIHFFAI18CA,檜段四小段,4.97,都市：商
RPPNMLTKKIHFFAI97CA,北社尾段,80.00,都市：住
RPPNMLTKKIHFFAI97CA,北社尾段,21.52,都市：住
RPQOMLLKKIHFFAI37CA,興村段,15.99,都市：住
RPPNMLMJJHIFFAI07CA,竹圍子段,90.00,都市：住
RPRNMLRLKIHFFAI08CA,竹圍子段三小段,15.10,都市：住
RPQNMLNKKIHFFAI47CA,埤子頭段,47.00,都市：住
RPPNMLNKKIHFFAI37CA,埤子頭段,2.50,都市：其他
RPWNMLRKKIHFFAI48CA,短竹段,5.48,都市：住
RPSOMLLLKIHFFAI67CA,北門段五小段,75.00,都市：商
RPSOMLLLKIHFFAI67CA,北門段五小段,3.68,都市：商
RPSOMLLLKIHFFAI67CA,北門段五小段,5.76,都市：商
RPSNMLTKKIHFFAI28CA,劉厝段劉厝小段,18.00,都市：住
RPSNMLTKKIHFFAI28CA,劉厝段劉厝小段,81.00,都市：住
RPPQMLOKKIHFFAI77CA,車店段車店小段,5.27,都市：住
RPPQMLOKKIHFFAI77CA,車店段車店小段,5.10,都市：住
RPTNMLTKKIHFFAI38CA,北社尾段保安小段,12.63,都市：住
RPPNMLQLKIHFFAI77CA,竹圍子段二小段,101.00,都市：住
RPSNMLQLKIHFFAI08CA,竹圍子段二小段,104.00,都市：住
RPRNMLQLKIHFFAI97CA,竹圍子段二小段,104.00,都市：住
RPQNMLSJJHIFFAI77CA,白川段,2357.00,都市：住
RPTNMLLMKIHFFAI77CA,盧厝段,22.57,都市：住
RPTNMLLMKIHFFAI77CA,盧厝段,8.59,都市：住
RPTNMLLMKIHFFAI77CA,盧厝段,99.00,都市：住
RPTNMLLMKIHFFAI77CA,盧厝段,.21,都市：住
RPTNMLLMKIHFFAI77CA,盧厝段,.21,都市：住
RPTNMLLMKIHFFAI77CA,盧厝段,.07,都市：住
RPTNMLLMKIHFFAI77CA,盧厝段,.47,都市：住
RPTNMLLMKIHFFAI77CA,盧厝段,.24,都市：住
RPTNMLMKKIHFFAI87EA,盧厝段,7.69,都市：住
RPTNMLMKKIHFFAI87EA,盧厝段,22.00,都市：住
RPTNMLMKKIHFFAI87EA,盧厝段,5.78,都市：住
RPUNMLNJJHIFFAI67CA,港子坪段,61.00,都市：住
RPPNMLNKKIHFFAI57EA,下路頭段,37.00,都市：住
RPPNMLNKKIHFFAI57EA,下路頭段,37.00,都市：住
SPRNMLPLKIHFFAI97CA,北社尾段,12.41,都市：住
RPXNMLTJJHIFFAI58CA,港子坪段,14.46,都市：住
RPSNMLPLKIHFFAI97CA,下路頭段,228.00,都市：住
RPOPMLOKKIHFFAI77EA,短竹段,11.97,都市：住
RPWNMLNKKIHFFAI28EA,軍輝段,24.37,都市：住
RPROMLNKKIHFFAI67CA,下路頭段,107.00,都市：住
RPROMLNKKIHFFAI67CA,下路頭段,79.00,都市：住
RPROMLNKKIHFFAI67CA,下路頭段,110.00,都市：住
RPROMLNKKIHFFAI67CA,下路頭段,124.00,都市：住
RPROMLNKKIHFFAI67CA,下路頭段,98.00,都市：住
RPROMLNKKIHFFAI67CA,下路頭段,83.00,都市：住
RPROMLNKKIHFFAI67CA,下路頭段,79.00,都市：住
RPOOMLRLKIHFFAI08EA,後庄段,565.00,都市：住
RPRNMLNKKIHFFAI57CA,劉厝段劉厝小段,70.00,都市：住
RPUNMLMKKIHFFAI97EA,玉川段,79.00,都市：住
RPWNMLOJJHIFFAI97CA,盧厝段,66.89,都市：住
RPTNMLLLKIHFFAI67CA,港子坪段港坪小段,18.71,都市：住
RPQNMLMLKIHFFAI47CA,竹圍子段友愛小段,21.95,都市：住
RPOPMLOKKIHFFAI57CA,盧厝段,80.00,都市：住
RPQPMLOKKIHFFAI77CA,北社尾段,118.00,都市：住
RPUNMLPLKIHFFAI18CA,車店段車店小段,30.00,都市：住
RPUNMLPLKIHFFAI18CA,車店段車店小段,61.00,都市：住
RPQNMLRKKIHFFAI87CA,北社尾段,10.57,都市：住
RPTNMLRKKIHFFAI18CA,西門段四小段,6.09,都市：住
RPRNMLLMKIHFFAI57CA,末廣段五小段,60.00,都市：住
RPWNMLMJJHIFFAI77CA,港子坪段港坪小段,16.74,都市：住
RPPNMLPLKIHFFAI67CA,埤子頭段,60.00,都市：住
RPPNMLSJJHIFFAI67CA,蘭潭段,117.00,都市：農
RPPNMLSJJHIFFAI67CA,蘭潭段,14.29,都市：其他
RPVNMLMJJHIFFAI67CA,車店段車店小段,23.39,都市：住
RPQNMLSLKIHFFAI18DA,遠東段,65.96,都市：住
SPUOMLNJJHIFFAI87CA,太平段,14.48,都市：住
RPQOMLRJJHIFFAI77CA,竹圍子段二小段,6.23,都市：住
RPTNMLRJJHIFFAI97CA,竹圍子段三小段,31.70,都市：住
RPXNMLRJJHIFFAI38CA,北社尾段保安小段,26.37,都市：住
RPOOMLTJJHIFFAI77CA,劉厝段劉厝小段,225.51,都市：住
RPOOMLTJJHIFFAI77CA,劉厝段劉厝小段,11.55,都市：住
RPOOMLTJJHIFFAI77CA,劉厝段劉厝小段,84.57,都市：住
RPWNMLRJJHIFFAI28CA,港子坪段港坪小段,14.38,都市：住
RPQNMLKLKIHFFAI37DA,劉厝段玉山小段,90.95,都市：住
RPQNMLKLKIHFFAI37DA,劉厝段玉山小段,11.52,都市：住
RPQNMLRKKIHFFAI08EA,埤子頭段新厝小段,73.00,都市：住
RPTNMLQLKIHFFAI38EA,陳厝段,41.13,都市：住
RPTNMLQLKIHFFAI38EA,陳厝段,103.94,都市：住
RPUNMLTKKIHFFAI58DA,東門段五小段,103.00,都市：住
RPXOMLOKKIHFFAI58EA,遠東段,.46,都市：住
RPXOMLOKKIHFFAI58EA,遠東段,86.00,都市：住
RPXOMLOKKIHFFAI58EA,遠東段,18.37,都市：住
RPSOMLRJJHIFFAI97CA,新富段六小段,12.79,都市：商
RPSOMLRJJHIFFAI97CA,西門段六小段,3.82,都市：商
RPQNMLNJJHIFFAI47EA,港子坪段,79.00,都市：住
RPXNMLSKKIHFFAI68CA,竹圍子段中興小段,6.11,都市：住
RPPNMLKLKIHFFAI17CA,車店段車店小段,105.00,都市：住
RPRNMLKKJHIFFAI17CA,竹圍子段一小段,9.67,都市：住
RPSNMLKKJHIFFAI27CA,竹圍子段二小段,8.54,都市：住
RPTNMLMLKIHFFAI77CA,竹圍子段二小段,68.00,都市：住
SPOOMLKKJHIFFAI07CA,埤子頭段,17.47,都市：住
RPPNMLRJJHIFFAI57CA,車店段車店小段,120.00,都市：住
RPTNMLPLKIHFFAI08CA,下路頭段,14.45,都市：住
RPQNMLQLKIHFFAI87CA,竹圍子段二小段,104.00,都市：住
RPPNMLMLKIHFFAI57EA,頂庄段,392.00,都市：住
RPPNMLMLKIHFFAI57EA,頂庄段,83.00,都市：住
RPQNMLRLKIHFFAI18EA,何庄段,661.00,都市：農
RPQOMLRJJHIFFAI97EA,港子坪段,151.00,都市：住
RPQOMLRJJHIFFAI97EA,港子坪段,4.93,都市：住
RPTNMLSKKIHFFAI48EA,盧厝段,21.51,都市：住
RPPOMLTKKIHFFAI28EA,盧厝段,29.04,都市：住
RPVNMLTKKIHFFAI78EA,八掌段,2358.18,都市：農
RPSOMLLKJHIFFAI67EA,盧東段,13.77,都市：住
RPSOMLLKJHIFFAI67EA,盧東段,768.07,都市：其他
RPSOMLLKJHIFFAI67EA,盧東段,1.87,都市：其他
RPTOMLLKJHIFFAI77EA,盧東段,543.14,都市：住
RPTOMLLKJHIFFAI77EA,盧東段,2310.02,都市：住
RPTOMLLKJHIFFAI77EA,盧東段,210.16,都市：住
RPTOMLLKJHIFFAI77EA,盧東段,906.93,都市：住
RPTOMLLKJHIFFAI77EA,盧東段,6.52,都市：住
RPTOMLLKJHIFFAI77EA,盧東段,12.69,都市：住
RPTOMLLKJHIFFAI77EA,盧東段,80.08,都市：住
RPVNMLKLKIHFFAI97EA,台斗坑段,13.33,都市：住
RPSNMLKKJHIFFAI47EA,玉川段,122.00,都市：住
RPUNMLLLKIHFFAI77CA,盧厝段,129.00,都市：農
RPOOMLLLKIHFFAI27CA,崎頂段,240.00,都市：農
RPWNMLLKJHIFFAI77CA,竹圍子段二小段,10.76,都市：商
RPWOMLNJJHIFFAI97CA,埤子頭段,22.00,都市：住
RPWOMLNJJHIFFAI97CA,埤子頭段,59.00,都市：住
RPROMLLKJHIFFAI37CA,北社尾段,18.00,都市：住
RPSNMLMLKIHFFAI67CA,下路頭段,60.00,都市：住
SPQNMLRJJHIFFAI77CA,下路頭段,29.61,都市：住
RPSNMLKLKIHFFAI47CA,白川段,14.80,都市：住
RPSNMLKLKIHFFAI47CA,白川段,22.20,都市：住
RPSNMLKLKIHFFAI47CA,白川段,20.80,都市：住
RPSNMLKLKIHFFAI47CA,白川段,31.20,都市：住
RPTNMLTJJHIFFAI18CA,劉厝段,68.00,都市：住
RPTOMLLKJHIFFAI57CA,下路頭段,24.10,都市：住
RPTOMLLKJHIFFAI57CA,下路頭段,.02,都市：住
RPSNMLLMKIHFFAI67CA,白川段,45.00,都市：其他
RPQNMLKKJHIFFAI27EA,荖藤段,3.00,都市：其他
RPUOMLLKJHIFFAI67CA,台斗坑段,17.73,都市：住
RPXNMLPKJHIFFAI48EA,中庄段,167.00,都市：住
RPOPMLNJJHIFFAI27CA,車店段,107.00,都市：住
RPVNMLPLKIHFFAI28CA,劉厝段,35.68,都市：住
RPWOMLLKJHIFFAI87CA,後庄段,.19,都市：住
RPWOMLLKJHIFFAI87CA,後庄段,111.00,都市：住
RPPNMLKLKIHFFAI37EA,竹圍子段,17.70,都市：住
RPSOMLLLKIHFFAI87EA,末廣段四小段,78.00,都市：商
RPTOMLLLKIHFFAI97EA,末廣段四小段,78.00,都市：商
RPTNMLKLKIHFFAI77EA,新富段一小段,21.00,都市：住
RPTNMLKLKIHFFAI77EA,新富段一小段,17.00,都市：住
RPUOMLLLKIHFFAI08EA,末廣段四小段,88.00,都市：商
RPUNMLQLKIHFFAI48EA,中庄段,9.00,都市：住
RPXNMLLKJHIFFAI08EA,短竹段,5.71,都市：住
RPSNMLRJJHIFFAI97DA,白川段,35.86,都市：住
RPWNMLPKJHIFFAI38EA,短竹段,105.00,都市：住
RPROMLLLKIHFFAI67DA,西門段八小段,74.00,都市：商
RPROMLLLKIHFFAI67DA,西門段八小段,14.00,都市：商
RPQNMLKKJHIFFAI07CA,劉厝段劉厝小段,10.30,都市：商
RPPNMLLLKIHFFAI27CA,西門段四小段,24.45,都市：商
RPWNMLNJJHIFFAI87CA,中庄段,85.00,都市：住
RPWNMLNJJHIFFAI87CA,中庄段,77.00,都市：住
RPWNMLNJJHIFFAI87CA,中庄段,23.33,都市：住
RPWNMLNJJHIFFAI87CA,中庄段,37.33,都市：住
RPVNMLLLKIHFFAI87CA,荖藤段,80.00,都市：住
RPVNMLLLKIHFFAI87CA,荖藤段,28.31,都市：住
RPQNMLLKJHIFFAI17CA,玉川段,12.79,都市：住
RPTNMLSKJHIFFAI28DA,中庄段,39.33,都市：住
SPPNMLLLKIHFFAI37CA,西門段四小段,24.45,都市：商
RPTNMLSKJHIFFAI28DA,中庄段,95.00,都市：住
RPSOMLLKJHIFFAI47CA,北社尾段保安小段,26.37,都市：住
RPTNMLMLKIHFFAI97EA,港子坪段港坪小段,334.00,都市：住
RPPNMLMLKIHFFAI37CA,下路頭段,16.68,都市：住
RPUOMLQKJHIFFAI28DA,劉厝段玉山小段,156.62,都市：住
RPUOMLQKJHIFFAI28DA,劉厝段玉山小段,51.81,都市：住
RPUNMLQLKIHFFAI28CA,車店段車店小段,109.00,都市：住
RPVNMLQLKIHFFAI38CA,下路頭段,10.33,都市：其他
RPVNMLQLKIHFFAI38CA,下路頭段,10.33,都市：其他
RPVNMLQLKIHFFAI38CA,下路頭段,.33,都市：其他
RPSNMLMLKIHFFAI87EA,短竹段,897.00,都市：住
RPSNMLPJJHIFFAI67CA,遠東段,15.86,都市：住
RPRNMLPJJHIFFAI57CA,遠東段,13.06,都市：住
RPSNMLMJJHIFFAI37CA,下路頭段,20.92,都市：住
RPPOMLOLKIHFFAI67CA,頂庄段,33.00,都市：其他
RPWNMLOLKIHFFAI28CA,湖內段,1.00,非都市： ; 非都市編定：
RPPNMLNJJHIFFAI17CA,劉厝段玉山小段,113.28,都市：住
RPPNMLNJJHIFFAI17CA,劉厝段玉山小段,15.05,都市：住
RPXNMLMJJHIFFAI87CA,檜段三小段,128.00,都市：住
RPWNMLPLKIHFFAI38CA,港子坪段港坪小段,118.00,都市：住
RPQOMLOLKIHFFAI77CA,白川段,56.00,都市：住
RPUNMLMJJHIFFAI57CA,竹圍子段,3.54,都市：住
RPPOMLTJJHIFFAI87CA,港子坪段港坪小段,22.40,都市：住
RPROMLRKJHIFFAI97CA,埤子頭段,24.88,都市：住
RPOOMLSLKIHFFAI97CA,北園段,16.01,都市：住
RPUNMLTJJHIFFAI28CA,中山段五小段,170.00,都市：住
RPTNMLLKJHIFFAI57DA,育人段,1002.00,都市：農
RPWOMLRKJHIFFAI48CA,後庄段,124.00,都市：住
RPPOMLPLKIHFFAI97EA,後庄段,87.00,都市：住
RPSNMLLKJHIFFAI47DA,遠東段,96.00,都市：住
RPSNMLMJJHIFFAI57EA,東門段七小段,87.00,都市：住
RPOOMLPLKIHFFAI87EA,興村段,32.90,都市：住
RPVNMLPJJHIFFAI97CA,下路頭段,71.00,都市：住
RPPNMLMKJHIFFAI17CA,下路頭段,9.79,都市：住
RPPNMLNKJHIFFAI27CA,竹圍子段二小段,43.36,都市：住
SPPOMLKKJHIFFAI17CA,短竹段,26.31,都市：住
RPSOMLNJJHIFFAI57CA,中庄段,16.75,非都市： ; 非都市編定：
RPXNMLPLKIHFFAI68EA,北園段,162.00,都市：住
RPWNMLSLKIHFFAI68CA,興村段,482.00,都市：其他
RPXNMLSLKIHFFAI78CA,興村段興村小段,298.22,都市：住
RPVNMLSLKIHFFAI58CA,興村段,29.00,都市：住
RPSNMLNJJHIFFAI47CA,太平段,.61,都市：住
RPSNMLNJJHIFFAI47CA,太平段,97.00,都市：住
RPRNMLSLKIHFFAI18CA,遠東段,154.33,都市：農
RPTNMLQLKIHFFAI18CA,荖藤段,119.00,都市：住
RPPNMLLMKIHFFAI37CA,盧厝段,24.33,都市：住
RPTNMLRLKIHFFAI28CA,車店段車店小段,9.73,都市：住
RPWNMLRLKIHFFAI58CA,劉厝段,127.00,都市：商
RPTNMLSLKIHFFAI38CA,埤子頭段,56.00,都市：住
RPTNMLSLKIHFFAI38CA,埤子頭段,34.00,都市：其他
RPROMLNJJHIFFAI47CA,興村段,85.00,都市：住
RPQNMLNKJHIFFAI37CA,埤子頭段,48.00,都市：住
RPQNMLNKJHIFFAI37CA,埤子頭段,48.00,都市：住
RPQNMLNKJHIFFAI37CA,埤子頭段,3.52,都市：其他
RPQNMLNKJHIFFAI37CA,埤子頭段,3.52,都市：其他
RPXOMLNJJHIFFAI08CA,湖內段,58.00,都市：住
RPUNMLSLKIHFFAI48CA,同興段,15.03,都市：住
RPTNMLSJJHIFFAI08CA,遠東段,23.33,都市：住
RPTOMLRKJHIFFAI18CA,育人段,496.16,都市：農
RPVNMLNJJHIFFAI77CA,東川段,147.00,都市：住
RPVNMLNJJHIFFAI77CA,東川段,3.00,都市：住
RPUNMLSJJHIFFAI18CA,遠東段,19.60,都市：住
RPVOMLRKJHIFFAI38CA,育人段,496.16,都市：農
RPRNMLNKJHIFFAI47CA,劉厝段劉厝小段,30.14,都市：住
RPXNMLRLKIHFFAI88EA,竹圍子段,2296.00,都市：住
RPPOMLLLJHIFFAI27CA,台斗坑段,129.00,都市：住
RPPNMLQKJHIFFAI57CA,溪東段,81.56,都市：住
RPTNMLSLKIHFFAI58EA,北社尾段,354.00,都市：住
RPTNMLSLKIHFFAI58EA,北社尾段,147.00,都市：住
RPUOMLRKJHIFFAI28CA,育人段,992.32,都市：農
RPVNMLRLKIHFFAI68EA,東門段五小段,35.56,都市：住
RPOPMLPLJHIFFAI87EA,劉厝段玉山小段,108.75,都市：住
RPRNMLRJJHIFFAI77CA,台斗坑段,73.00,都市：住
RPTNMLNJJHIFFAI57CA,後庄段,100.00,都市：住
SPVNMLRLKIHFFAI78EA,東門段五小段,35.56,都市：住
RPSNMLSLKIHFFAI28CA,遠東段,175.33,都市：工
RPVNMLTJJHIFFAI38CA,湖內段,29.06,都市：住
RPSNMLSLKIHFFAI48EA,港子坪段,31.00,都市：其他
RPUNMLPJJHIFFAI87CA,埤子頭段,78.00,都市：住
RPQOMLLLJHIFFAI37CA,興村段,9.37,都市：住
RPPNMLTLKIHFFAI08CA,南門段四小段,104.00,都市：住
RPPNMLTLKIHFFAI08CA,南門段四小段,11.61,都市：住
RPVOMLNJJHIFFAI87CA,車店段,70.00,都市：住
RPSOMLPLJHIFFAI97CA,東川段,6663.00,都市：其他
RPOOMLLLJHIFFAI17CA,車店段,27.10,都市：住
RPOOMLLLJHIFFAI17CA,車店段,90.00,都市：住
RPPPMLPLJHIFFAI97EA,劉厝段玉山小段,123.33,都市：住
RPPPMLPLJHIFFAI97EA,劉厝段玉山小段,3.16,都市：住
RPPPMLPLJHIFFAI97EA,劉厝段玉山小段,.13,都市：住
RPQPMLPLJHIFFAI08EA,劉厝段玉山小段,.13,都市：住
RPQPMLPLJHIFFAI08EA,劉厝段玉山小段,3.16,都市：住
RPQPMLPLJHIFFAI08EA,劉厝段玉山小段,114.92,都市：住
RPSPMLPLJHIFFAI28EA,劉厝段玉山小段,110.44,都市：住
RPSPMLPLJHIFFAI28EA,劉厝段玉山小段,3.16,都市：住
RPSPMLPLJHIFFAI28EA,劉厝段玉山小段,.13,都市：住
RPTPMLPLJHIFFAI38EA,劉厝段玉山小段,107.00,都市：住
RPTPMLPLJHIFFAI38EA,劉厝段玉山小段,3.16,都市：住
RPTPMLPLJHIFFAI38EA,劉厝段玉山小段,.13,都市：住
RPRPMLPLJHIFFAI18EA,劉厝段玉山小段,102.15,都市：住
RPRPMLPLJHIFFAI18EA,劉厝段玉山小段,3.16,都市：住
RPRPMLPLJHIFFAI18EA,劉厝段玉山小段,.13,都市：住
RPUPMLPLJHIFFAI48EA,劉厝段玉山小段,1.57,都市：住
RPUPMLPLJHIFFAI48EA,劉厝段玉山小段,23.21,都市：住
RPUPMLPLJHIFFAI48EA,劉厝段玉山小段,60.00,都市：住
RPUPMLPLJHIFFAI48EA,劉厝段玉山小段,.13,都市：住
RPWPMLPLJHIFFAI68EA,劉厝段玉山小段,100.80,都市：住
RPWPMLPLJHIFFAI68EA,劉厝段玉山小段,23.21,都市：住
RPWPMLPLJHIFFAI68EA,劉厝段玉山小段,1.57,都市：住
RPWPMLPLJHIFFAI68EA,劉厝段玉山小段,.13,都市：住
RPOQMLPLJHIFFAI97EA,劉厝段玉山小段,60.00,都市：住
RPOQMLPLJHIFFAI97EA,劉厝段玉山小段,23.21,都市：住
RPOQMLPLJHIFFAI97EA,劉厝段玉山小段,1.57,都市：住
RPOQMLPLJHIFFAI97EA,劉厝段玉山小段,.13,都市：住
RPSQMLPLJHIFFAI38EA,劉厝段玉山小段,89.63,都市：住
RPSQMLPLJHIFFAI38EA,劉厝段玉山小段,41.86,都市：住
RPSQMLPLJHIFFAI38EA,劉厝段玉山小段,1.57,都市：住
RPSQMLPLJHIFFAI38EA,劉厝段玉山小段,.13,都市：住
RPRQMLPLJHIFFAI28EA,劉厝段玉山小段,111.94,都市：住
RPRQMLPLJHIFFAI28EA,劉厝段玉山小段,41.86,都市：住
RPRQMLPLJHIFFAI28EA,劉厝段玉山小段,1.57,都市：住
RPRQMLPLJHIFFAI28EA,劉厝段玉山小段,.13,都市：住
RPPQMLPLJHIFFAI08EA,劉厝段玉山小段,100.80,都市：住
RPPQMLPLJHIFFAI08EA,劉厝段玉山小段,1.57,都市：住
RPPQMLPLJHIFFAI08EA,劉厝段玉山小段,.13,都市：住
RPQQMLPLJHIFFAI18EA,劉厝段玉山小段,100.80,都市：住
RPQQMLPLJHIFFAI18EA,劉厝段玉山小段,1.57,都市：住
RPQQMLPLJHIFFAI18EA,劉厝段玉山小段,.13,都市：住
RPRNMLSLKIHFFAI38EA,白川段,14.69,都市：住
RPTQMLPLJHIFFAI48EA,劉厝段玉山小段,95.87,都市：住
RPTQMLPLJHIFFAI48EA,劉厝段玉山小段,3.16,都市：住
RPTQMLPLJHIFFAI48EA,劉厝段玉山小段,.13,都市：住
RPVPMLPLJHIFFAI58EA,劉厝段玉山小段,.13,都市：住
RPVPMLPLJHIFFAI58EA,劉厝段玉山小段,59.99,都市：住
RPVPMLPLJHIFFAI58EA,劉厝段玉山小段,1.57,都市：住
RPVPMLPLJHIFFAI58EA,劉厝段玉山小段,23.21,都市：住
RPSNMLOJJHIFFAI67DA,車店段車店小段,4.76,都市：住
RPUQMLPLJHIFFAI58EA,劉厝段玉山小段,56.97,都市：住
RPUQMLPLJHIFFAI58EA,劉厝段玉山小段,3.03,都市：住
RPUQMLPLJHIFFAI58EA,劉厝段玉山小段,23.21,都市：住
RPUQMLPLJHIFFAI58EA,劉厝段玉山小段,1.57,都市：住
RPUQMLPLJHIFFAI58EA,劉厝段玉山小段,.13,都市：住
RPQNMLOJJHIFFAI57EA,車店段,68.00,都市：住
RPRNMLKKJHIFFAI37EA,北園段,3235.00,都市：農
RPXPMLPLJHIFFAI78EA,劉厝段玉山小段,23.21,都市：住
RPXPMLPLJHIFFAI78EA,劉厝段玉山小段,4.29,都市：住
RPXPMLPLJHIFFAI78EA,劉厝段玉山小段,89.06,都市：住
RPXPMLPLJHIFFAI78EA,劉厝段玉山小段,1.57,都市：住
RPXPMLPLJHIFFAI78EA,劉厝段玉山小段,.13,都市：住
RPVQMLPLJHIFFAI68EA,劉厝段玉山小段,113.21,都市：住
RPVQMLPLJHIFFAI68EA,劉厝段玉山小段,41.86,都市：住
RPVQMLPLJHIFFAI68EA,劉厝段玉山小段,1.57,都市：住
RPVQMLPLJHIFFAI68EA,劉厝段玉山小段,.13,都市：住
RPWQMLPLJHIFFAI78EA,劉厝段玉山小段,116.79,都市：住
RPWQMLPLJHIFFAI78EA,劉厝段玉山小段,41.86,都市：住
RPWQMLPLJHIFFAI78EA,劉厝段玉山小段,1.57,都市：住
RPWQMLPLJHIFFAI78EA,劉厝段玉山小段,.13,都市：住
RPPNMLRLJHIFFAI77CA,盧厝段,43.41,都市：住
RPRNMLLKJHIFFAI37DA,遠東段,96.00,都市：住
RPUNMLRJJHIFFAI18DA,車店段車店小段,77.00,都市：住
RPUNMLRJJHIFFAI18DA,車店段車店小段,14.09,都市：住
RPQNMLMLJHIFFAI37CA,溪東段,1108.00,都市：農
RPWNMLPJJHIFFAI08CA,下路頭段,129.00,都市：住
RPSNMLRLJHIFFAI08CA,遠東段,15.86,都市：住
RPPOMLPJJHIFFAI47CA,西門段五小段,12.65,都市：住
RPPNMLOJJHIFFAI27CA,盧東段,358.12,都市：農
RPQNMLPJJHIFFAI47CA,遠東段,14.93,都市：住
RPVNMLRJJHIFFAI18CA,後庄段,136.00,都市：住
RPXNMLOJJHIFFAI08CA,車店段車店小段,125.00,都市：住
RPTNMLNKJHIFFAI67CA,埤子頭段,68.00,都市：住
RPTNMLNKJHIFFAI67CA,埤子頭段,19.00,都市：住
RPQNMLOJJHIFFAI37CA,後庄段,694.00,都市：農
RPUNMLNKJHIFFAI77CA,劉厝段劉厝小段,76.00,都市：住
RPTNMLOJJHIFFAI67CA,頂庄段,722.00,都市：農
RPRNMLOJJHIFFAI47CA,後庄段,695.00,都市：農
RPPNMLPKJHIFFAI47CA,陳厝段,4.35,都市：住
RPSNMLNKJHIFFAI57CA,港子坪段港坪小段,16.97,都市：住
RPPOMLRJJHIFFAI67CA,台斗坑段,18.11,都市：住
RPSNMLOLJHIFFAI77CA,同興段,21.60,都市：其他
RPSNMLOLJHIFFAI77CA,同興段,6.52,都市：住
RPQNMLTKJHIFFAI97CA,下路頭段,4.79,都市：住
RPQNMLTKJHIFFAI97CA,下路頭段,10.70,都市：住
RPQNMLTKJHIFFAI97CA,湖內段,3.36,都市：住
RPVNMLOJJHIFFAI08EA,埤子頭段,205.00,都市：住
SPRNMLQLJHIFFAI97CA,北社尾段,9.19,都市：住
RPTNMLOJJHIFFAI87EA,短竹段,3.49,都市：住
RPXNMLOKJHIFFAI38EA,榮段四小段,28.33,都市：住
RPOQMLSJKHIFFAI18EA,彌陀段,27.00,都市：住
RPOQMLSJKHIFFAI18EA,彌陀段,24.00,都市：住
RPWNMLOJJHIFFAI18EA,遠東段,78.00,都市：住
RPWNMLOJJHIFFAI18EA,遠東段,17.20,都市：住
RPSNMLMLJHIFFAI77EA,軍輝段,27.38,都市：住
RPROMLPLJHIFFAI87CA,車店段,51.00,都市：住
RPROMLPLJHIFFAI87CA,車店段,3.00,都市：住
RPXNMLOJJHIFFAI28EA,下路頭段,.35,都市：住
RPXNMLOJJHIFFAI28EA,下路頭段,36.36,都市：住
RPRNMLSKJHIFFAI08DA,港子坪段港坪小段,126.00,都市：住
RPOPMLOLJHIFFAI57CA,港子坪段,82.00,都市：住
RPXOMLOLJHIFFAI38CA,港子坪段,85.00,都市：住
RPXOMLOLJHIFFAI38CA,港子坪段,7.82,都市：其他
RPXOMLOLJHIFFAI38CA,港子坪段,5.79,都市：其他
RPXOMLOLJHIFFAI38CA,港子坪段,4.76,都市：其他
RPXOMLOLJHIFFAI38CA,港子坪段,6.03,都市：其他
RPUNMLLKJHIFFAI67DA,盧厝段,72.00,都市：住
RPWNMLPLJHIFFAI28CA,盧厝段,23.82,都市：住
RPWNMLPLJHIFFAI28CA,盧厝段,7.82,都市：住
RPWNMLPLJHIFFAI28CA,盧厝段,6.59,都市：住
RPWNMLPLJHIFFAI28CA,盧厝段,80.00,都市：住
RPRNMLQLJHIFFAI87CA,北社尾段,9.19,都市：住
RPPPMLOLJHIFFAI67CA,港子坪段,7.82,都市：其他
RPPPMLOLJHIFFAI67CA,港子坪段,5.79,都市：其他
RPPPMLOLJHIFFAI67CA,港子坪段,4.76,都市：其他
RPPPMLOLJHIFFAI67CA,港子坪段,6.03,都市：其他
RPPPMLOLJHIFFAI67CA,港子坪段,81.00,都市：住
RPQPMLOLJHIFFAI77CA,港子坪段,7.82,都市：其他
RPQPMLOLJHIFFAI77CA,港子坪段,5.79,都市：其他
RPQPMLOLJHIFFAI77CA,港子坪段,4.76,都市：其他
RPQPMLOLJHIFFAI77CA,港子坪段,6.03,都市：其他
RPQPMLOLJHIFFAI77CA,港子坪段,80.00,都市：住
RPRPMLOLJHIFFAI87CA,港子坪段,7.82,都市：其他
RPRPMLOLJHIFFAI87CA,港子坪段,5.79,都市：其他
RPRPMLOLJHIFFAI87CA,港子坪段,87.00,都市：住
RPRPMLOLJHIFFAI87CA,港子坪段,4.76,都市：其他
RPRPMLOLJHIFFAI87CA,港子坪段,6.03,都市：其他
RPSPMLLJKHIFFAI57CA,竹圍子段二小段,11.22,都市：住
RPXNMLNLJHIFFAI18CA,下路頭段,72.00,都市：住
RPSPMLOLJHIFFAI97CA,港子坪段,7.82,都市：其他
RPSPMLOLJHIFFAI97CA,港子坪段,5.79,都市：其他
RPSPMLOLJHIFFAI97CA,港子坪段,4.76,都市：其他
RPSPMLOLJHIFFAI97CA,港子坪段,91.00,都市：住
RPSPMLOLJHIFFAI97CA,港子坪段,6.03,都市：其他
RPVNMLSKJHIFFAI38CA,西門段四小段,6.39,都市：住
RPXNMLPJJHIFFAI18CA,下路頭段,8.16,都市：住
RPRNMLSJJHIFFAI87CA,興村段,20.70,都市：住
RPSNMLTJJHIFFAI08CA,湖子內段湖內小段,80.00,非都市： ; 非都市編定：
RPSNMLTJJHIFFAI08CA,湖子內段湖內小段,.36,非都市： ; 非都市編定：
RPSNMLTJJHIFFAI08CA,湖子內段湖內小段,2.00,非都市： ; 非都市編定：
RPRNMLRLJHIFFAI97CA,中山段六小段,17.26,都市：住
RPTNMLTKJHIFFAI28CA,劉厝段劉厝小段,30.52,都市：商
RPVNMLNKJHIFFAI87CA,長竹段,68.00,都市：住
RPPNMLTJJHIFFAI77CA,下路頭段,92.00,都市：住
RPRNMLTJJHIFFAI97CA,下路頭段,20.67,都市：其他
RPRNMLTJJHIFFAI97CA,下路頭段,20.67,都市：其他
RPRNMLTJJHIFFAI97CA,下路頭段,.67,都市：其他
RPRNMLTJJHIFFAI97CA,下路頭段,.67,都市：其他
RPXNMLKKJHIFFAI77CA,北社尾段,1.96,都市：其他
RPXNMLKKJHIFFAI77CA,北社尾段,.68,都市：其他
RPXNMLKKJHIFFAI77CA,北社尾段,73.00,都市：住
RPWNMLKKJHIFFAI67CA,北社尾段,142.00,都市：住
RPWNMLOLJHIFFAI18CA,下路頭段,73.68,都市：住
RPQNMLTJJHIFFAI87CA,下路頭段,1007.00,都市：住
RPSNMLSJJHIFFAI97CA,西門段一小段,107.00,都市：商
RPSNMLSJJHIFFAI97CA,西門段一小段,42.00,都市：商
RPSNMLTKJHIFFAI18CA,北社尾段保安小段,3.17,都市：住
RPSNMLTKJHIFFAI18CA,北社尾段保安小段,4.12,都市：住
RPQNMLSJJHIFFAI97EA,下路頭段,21.00,都市：住
RPQNMLOKJHIFFAI47CA,下路頭段,31.98,都市：住
RPXNMLNKJHIFFAI08CA,南門段六小段,2.42,都市：住
RPXNMLNKJHIFFAI08CA,元段六小段,6.60,都市：住
RPXNMLNKJHIFFAI08CA,元段六小段,9.57,都市：住
RPSNMLPKJHIFFAI77CA,下路頭段,125.00,都市：住
RPRNMLPKJHIFFAI67CA,下路頭段,179.00,都市：住
RPXOMLQKJHIFFAI68EA,劉厝段劉厝小段,92.00,都市：住
RPWNMLLKJHIFFAI97EA,北園段,2.00,都市：住
RPWNMLLKJHIFFAI97EA,北園段,49.00,都市：住
RPWNMLLKJHIFFAI97EA,北園段,13.00,都市：住
RPWNMLLKJHIFFAI97EA,北園段,9.00,都市：住
RPXNMLKMJHIFFAI18EA,北門段六小段,28.00,都市：住
RPPOMLSLJHIFFAI18EA,白川段,5.00,都市：住
RPSOMLPLJHIFFAI18EA,劉厝段玉山小段,41.86,都市：住
RPSOMLPLJHIFFAI18EA,劉厝段玉山小段,1.57,都市：住
RPSOMLPLJHIFFAI18EA,劉厝段玉山小段,.13,都市：住
RPSOMLPLJHIFFAI18EA,劉厝段玉山小段,92.15,都市：住
RPROMLOJKHIFFAI77DA,後庄段,67.00,都市：商
RPTOMLPLJHIFFAI28EA,劉厝段玉山小段,60.01,都市：住
RPTOMLPLJHIFFAI28EA,劉厝段玉山小段,23.21,都市：住
RPTOMLPLJHIFFAI28EA,劉厝段玉山小段,1.57,都市：住
RPTOMLPLJHIFFAI28EA,劉厝段玉山小段,.13,都市：住
RPQOMLSLJHIFFAI28EA,台斗坑段,100.00,都市：住
RPXPMLOJKHIFFAI38CA,下路頭段,500.00,都市：住
RPXPMLOJKHIFFAI38CA,下路頭段,744.00,都市：住
RPXPMLOJKHIFFAI38CA,下路頭段,188.00,都市：住
RPXPMLOJKHIFFAI38CA,下路頭段,596.00,都市：住
RPXPMLOJKHIFFAI38CA,下路頭段,307.00,都市：住
RPXPMLOJKHIFFAI38CA,下路頭段,785.00,都市：住
RPTNMLSJJHIFFAI28EA,盧厝段,98.00,都市：住
RPQNMLPKJHIFFAI57CA,中山段七小段,174.00,都市：住
RPUNMLSJJHIFFAI38EA,西門段四小段,6.39,都市：住
RPRNMLSJJHIFFAI08EA,下路頭段,19.00,都市：住
RPVOMLLKJHIFFAI77CA,白川段,27.00,都市：住
RPVOMLLKJHIFFAI77CA,白川段,7.00,都市：住
RPVOMLLKJHIFFAI77CA,白川段,13.00,都市：其他
RPUNMLKKJHIFFAI57DA,下路頭段,29.50,都市：住
RPWNMLTJJHIFFAI48CA,車店段車店小段,265.00,都市：住
RPTNMLLJKHIFFAI47CA,下路頭段,342.00,都市：住
RPTNMLKKJHIFFAI37CA,下埤段,866.58,都市：農
RPXNMLOKJHIFFAI18CA,荖藤段,786.00,都市：農
RPXNMLOKJHIFFAI18CA,荖藤段,94.00,都市：農
RPVNMLSLJHIFFAI58DA,長竹段,73.00,都市：住
RPPNMLOKJHIFFAI37CA,長竹段,94.00,都市：住
RPWNMLNKJHIFFAI97CA,太平段,90.00,都市：住
RPOOMLLKJHIFFAI07CA,竹圍子段,74.00,都市：商
RPPNMLLKJHIFFAI07CA,彌陀段,41.00,都市：住
RPPNMLLKJHIFFAI07CA,彌陀段,41.00,都市：住
RPVNMLLKJHIFFAI67CA,彌陀段,82.00,都市：住
RPQOMLTLJHIFFAI18CA,下埤段,247.05,都市：住
RPTOMLOLJHIFFAI97CA,北社尾段保安小段,95.00,都市：住
RPTPMLOLJHIFFAI08CA,太平段,9.65,都市：住
RPQNMLRLJHIFFAI87CA,白川段,34.93,都市：住
RPROMLQKJHIFFAI87CA,陳厝段,41.13,都市：住
RPROMLQKJHIFFAI87CA,陳厝段,91.25,都市：住
RPPNMLTKJHIFFAI87CA,檜段三小段,118.00,都市：住
RPWNMLTKJHIFFAI58CA,港子坪段港坪小段,13.32,都市：住
RPSPMLSJKHIFFAI48EA,興村段,44.00,都市：住
RPQPMLSJKHIFFAI28EA,元段五小段,6.65,都市：商
RPRPMLSJKHIFFAI38EA,興村段,51.00,都市：住
RPRPMLSJKHIFFAI38EA,興村段,26.00,都市：住
RPRPMLSJKHIFFAI38EA,興村段,10.00,都市：住
RPRPMLSJKHIFFAI38EA,興村段,3.00,都市：住
RPVNMLTKJHIFFAI48CA,竹圍子段三小段,12.36,都市：住
RPQOMLQKJHIFFAI77CA,北園段,2.25,都市：住
RPQOMLQKJHIFFAI77CA,北園段,1.92,都市：住
RPQOMLQKJHIFFAI77CA,北園段,26.50,都市：住
RPQOMLQKJHIFFAI77CA,北園段,78.00,都市：住
RPQNMLSKKHIFFAI97CA,同興段,15.03,都市：住
RPPPMLRKJHIFFAI87CA,北園段,241.00,都市：住
RPVOMLQKJHIFFAI48EA,埤子頭段,5.10,都市：住
RPTNMLNLJHIFFAI97EA,竹圍子段二小段,227.00,都市：住
RPQNMLLLJHIFFAI27CA,竹圍子段二小段,10.94,都市：商
RPVNMLKKJHIFFAI67DA,劉厝段,168.00,都市：住
RPVNMLKKJHIFFAI67DA,劉厝段,166.00,都市：住
RPPOMLLMJHIFFAI47DA,下路頭段,2.00,都市：農
RPTNMLRKJHIFFAI18DA,竹圍子段,17.00,都市：住
RPQOMLLMJHIFFAI57DA,下路頭段,2.00,都市：農
SPUPMLLJKHIFFAI87CA,東川段,21.44,都市：住
RPSNMLTLJHIFFAI38DA,元段三小段,119.00,都市：住
RPSOMLLMJHIFFAI77DA,下路頭段,1.00,都市：農
RPVNMLLLJHIFFAI87DA,白川段,66.00,都市：住
RPQOMLLKJHIFFAI47EA,劉厝段,63.00,都市：住
RPSNMLRKJHIFFAI08DA,港子坪段港坪小段,22.75,都市：住
RPRNMLLLJHIFFAI37CA,北園段,1579.00,都市：農
RPVNMLMLJHIFFAI87CA,港子坪段,58.00,都市：住
RPUNMLTKJHIFFAI38CA,北園段,1471.00,都市：農
RPROMLOLJHIFFAI77CA,大溪段,416.62,都市：住
RPROMLOLJHIFFAI77CA,大溪段,4.52,都市：住
RPROMLOLJHIFFAI77CA,大溪段,6.71,都市：住
RPUNMLMLJHIFFAI77CA,港子坪段,7.82,都市：其他
RPUNMLMLJHIFFAI77CA,港子坪段,5.79,都市：住
RPUNMLMLJHIFFAI77CA,港子坪段,4.76,都市：住
RPUNMLMLJHIFFAI77CA,港子坪段,80.00,都市：住
RPUNMLMLJHIFFAI77CA,港子坪段,6.03,都市：住
RPSNMLMLJHIFFAI57CA,港子坪段,7.82,都市：其他
RPSNMLMLJHIFFAI57CA,港子坪段,5.79,都市：住
RPSNMLMLJHIFFAI57CA,港子坪段,4.76,都市：住
RPSNMLMLJHIFFAI57CA,港子坪段,94.00,都市：住
RPSNMLMLJHIFFAI57CA,港子坪段,6.03,都市：住
RPXNMLLKJHIFFAI87CA,竹圍子段三小段,26.70,都市：住
RPPOMLSLJHIFFAI97CA,車店段,24.64,都市：住
RPPOMLSLJHIFFAI97CA,白川段,4.43,都市：住
RPPNMLKMJHIFFAI17CA,下路頭段,64.00,都市：住
RPPOMLLKJHIFFAI17CA,同興段,142.00,都市：住
RPUNMLQLJHIFFAI18CA,劉厝段玉山小段,102.94,都市：住
RPUNMLPJKHIFFAI97CA,竹圍子段三小段,292.00,都市：住
RPSNMLOKJHIFFAI67CA,白川段,34.88,都市：住
RPVNMLOKJHIFFAI18EA,竹圍子段二小段,8.87,都市：住
RPPNMLSJKHIFFAI77CA,檜段三小段,54.00,都市：住
RPSOMLQKJHIFFAI97CA,南門段五小段,13.16,都市：商
RPSOMLQKJHIFFAI97CA,南門段五小段,4.93,都市：商
RPSOMLQKJHIFFAI97CA,南門段五小段,.64,都市：商
RPTNMLOKJHIFFAI77CA,車店段,12.07,都市：住
RPTNMLOKJHIFFAI77CA,車店段,.82,都市：住
RPTNMLOKJHIFFAI77CA,車店段,2.73,都市：住
RPTPMLLJKHIFFAI67CA,台斗坑段,14.10,都市：住
RPWNMLOKJHIFFAI28EA,山下段,11.00,都市：住
RPWNMLOKJHIFFAI28EA,長竹段,56.00,都市：住
RPTPMLSJKHIFFAI58EA,中山段五小段,15.00,都市：住
RPUNMLPKJHIFFAI97CA,遠東段,82.74,都市：住
RPPOMLQJKHIFFAI87EA,下路頭段,1.00,都市：住
RPPOMLQJKHIFFAI87EA,下路頭段,24.00,都市：住
RPPOMLQJKHIFFAI87EA,下路頭段,61.00,都市：住
RPUPMLSJKHIFFAI68EA,中山段五小段,20.00,都市：住
RPTNMLTLJHIFFAI58EA,檜段四小段,117.00,都市：商
RPUOMLPLJHIFFAI38EA,劉厝段玉山小段,1.57,都市：住
RPUOMLPLJHIFFAI38EA,劉厝段玉山小段,23.21,都市：住
RPUOMLPLJHIFFAI38EA,劉厝段玉山小段,100.80,都市：住
RPUOMLPLJHIFFAI38EA,劉厝段玉山小段,.13,都市：住
RPOOMLLKJHIFFAI27EA,中庄段,36.22,都市：住
RPVNMLPKJHIFFAI28EA,玉川段,64.00,都市：住
RPRNMLNJKHIFFAI47CA,遠東段,.93,都市：住
RPUNMLPKJHIFFAI18EA,元段二小段,36.00,都市：住
RPSNMLSKKHIFFAI38EA,軍輝段,4.84,都市：住
RPPQMLLJKHIFFAI37CA,劉厝段劉厝小段,88.00,都市：住
RPPNMLSKJHIFFAI87DA,湖內段,99.50,都市：住
RPPNMLSKJHIFFAI87DA,湖內段,164.00,都市：住
RPPNMLSKJHIFFAI87DA,湖內段,385.00,都市：住
RPPNMLSKJHIFFAI87DA,湖內段,5.00,都市：住
RPRNMLSKJHIFFAI18EA,竹圍子段,17.97,都市：住
RPQNMLNJKHIFFAI37CA,遠東段,15.86,都市：住
RPQPMLRJKHIFFAI97CA,同興段,21.87,都市：住
RPWNMLQKJHIFFAI28CA,東川段,64.00,都市：住
RPQNMLQKJHIFFAI67CA,彌陀段,62.00,都市：住
RPQNMLQKJHIFFAI67CA,彌陀段,19.39,都市：住
RPQNMLQKJHIFFAI67CA,彌陀段,1.12,都市：住
RPVNMLQKJHIFFAI18CA,東川段,64.00,都市：住
RPTNMLPKJHIFFAI97DA,遠東段,142.00,都市：住
RPTNMLQKJHIFFAI97CA,長竹段,170.00,都市：住
RPPNMLRKJHIFFAI67CA,竹圍子段二小段,16.57,都市：住
RPTNMLOLJHIFFAI87CA,同興段,291.82,都市：住
RPRNMLRKJHIFFAI87CA,埤子頭段,20.21,都市：住
RPTOMLQKJHIFFAI08CA,台斗坑段,22.24,都市：住
RPTOMLQKJHIFFAI08CA,台斗坑段,.01,都市：住
RPVOMLOLJHIFFAI18CA,台斗坑段,24.36,都市：住
RPVOMLOLJHIFFAI18CA,台斗坑段,83.00,都市：住
RPTOMLLMJHIFFAI77CA,長竹段,4.00,都市：農
RPTOMLLMJHIFFAI77CA,長竹段,6.00,都市：農
RPTOMLLMJHIFFAI77CA,長竹段,1892.00,都市：其他
RPTOMLLMJHIFFAI77CA,長竹段,359.00,都市：其他
RPUNMLSKJHIFFAI28CA,西門段六小段,6.03,都市：其他
RPUNMLSKJHIFFAI28CA,西門段六小段,10.33,都市：其他
RPUNMLQKJHIFFAI08CA,南門段五小段,10.77,都市：住
RPUNMLQKJHIFFAI08CA,南門段五小段,4.03,都市：住
RPUNMLQKJHIFFAI08CA,南門段五小段,.53,都市：住
RPQOMLOLJHIFFAI67CA,下路頭段,192.00,都市：住
RPVNMLQLJHIFFAI28CA,末廣段五小段,70.00,都市：商
RPUNMLRKJHIFFAI18CA,長竹段,109.00,都市：其他
RPWNMLRKJHIFFAI38CA,長竹段,29.00,都市：其他
RPQNMLPLJHIFFAI67CA,下路頭段,4.30,都市：住
RPQNMLPLJHIFFAI67CA,下路頭段,8.80,都市：住
RPQNMLPLJHIFFAI67CA,湖內段,.28,都市：住
RPQNMLPLJHIFFAI67CA,湖內段,3.01,都市：住
RPQNMLPLJHIFFAI67CA,湖內段,4.42,都市：住
RPXNMLRKJHIFFAI48CA,長竹段,25.00,都市：其他
RPRNMLMLJHIFFAI47CA,竹圍子段三小段,28.10,都市：住
RPPOMLOLJHIFFAI57CA,下路頭段,16.40,都市：住
RPOOMLTLJHIFFAI97CA,竹圍子段,7.00,都市：住
RPOOMLTLJHIFFAI97CA,竹圍子段,96.00,都市：住
RPPNMLLJKHIFFAI17DA,盧厝段,49.42,都市：住
RPWOMLQKJHIFFAI38CA,短竹段,5.71,都市：住
RPPPMLOJKHIFFAI57CA,元段四小段,93.50,都市：商
RPPPMLOJKHIFFAI57CA,元段四小段,5.50,都市：商
RPUNMLRKJHIFFAI38EA,短竹段,3.59,都市：住
RPWNMLOJKHIFFAI08CA,車店段車店小段,105.00,都市：住
RPWOMLQKJHIFFAI58EA,元段六小段,88.00,都市：商
RPPNMLSKJHIFFAI97EA,彌陀段,.02,都市：住
RPUNMLNJKHIFFAI77CA,太平段,.61,都市：住
RPUNMLNJKHIFFAI77CA,太平段,108.00,都市：住
RPXNMLOJKHIFFAI18CA,東川段,7.18,都市：住
RPPOMLNLJHIFFAI47CA,車店段車店小段,137.00,都市：住
RPXNMLTKJHIFFAI68CA,車店段車店小段,32.22,都市：住
RPQNMLQLJHIFFAI77CA,車店段,14.52,都市：住
RPQNMLQLJHIFFAI77CA,車店段,.32,都市：住
RPQNMLQLJHIFFAI77CA,車店段,1.24,都市：住
RPOOMLRKJHIFFAI67CA,盧厝段,73.00,都市：住
RPQNMLKMJHIFFAI27CA,竹圍子段,791.00,都市：住
RPQNMLKMJHIFFAI27CA,竹圍子段,47.00,都市：住
RPQNMLKMJHIFFAI27CA,竹圍子段,83.00,都市：其他
RPPNMLPLJHIFFAI57CA,盧東段,7912.40,都市：農
RPOPMLQKJHIFFAI87EA,新富段三小段,6.60,都市：商
RPSPMLOJKHIFFAI87CA,盧厝段,67.71,都市：住
RPSNMLNJKHIFFAI57CA,遠東段,15.86,都市：住
RPQNMLNLJHIFFAI47CA,車店段車店小段,10.88,都市：住
RPOOMLPLJHIFFAI57CA,遠東段,37.50,都市：住
RPOOMLPLJHIFFAI57CA,遠東段,37.50,都市：住
RPRNMLKMJHIFFAI37CA,短竹段,11.55,都市：住
RPTNMLLLJHIFFAI57CA,南門段七小段,735.00,都市：商
RPTNMLLLJHIFFAI57CA,南門段七小段,16.00,都市：商
RPTNMLLLJHIFFAI57CA,南門段七小段,7.00,都市：商
RPTNMLLLJHIFFAI57CA,南門段七小段,59.00,都市：商
RPTNMLLLJHIFFAI57CA,南門段七小段,54.00,都市：商
RPPNMLMLJHIFFAI27CA,白川段,36.96,都市：其他
RPWPMLOLJHIFFAI38CA,彌陀段,30.99,都市：住
RPQNMLSKJHIFFAI87CA,車店段,194.00,都市：住
RPPOMLOJKHIFFAI47CA,同興段,125.00,都市：住
RPPOMLOJKHIFFAI47CA,同興段,132.00,都市：住
RPXOMLRKJHIFFAI58CA,埤子頭段,8.28,都市：住
RPPNMLLLJHIFFAI37EA,民族段四小段,14.67,都市：住
RPPNMLTLJHIFFAI08DA,遠東段,95.00,都市：住
RPSQMLRJKHIFFAI28CA,興村段,76.00,都市：住
RPSNMLLLJHIFFAI67EA,興村段,268.00,都市：農
RPWNMLSKJHIFFAI68EA,下路頭段,82.00,都市：住
RPVOMLPLJHIFFAI48EA,劉厝段玉山小段,113.05,都市：住
RPVOMLPLJHIFFAI48EA,劉厝段玉山小段,3.16,都市：住
RPVOMLPLJHIFFAI48EA,劉厝段玉山小段,.13,都市：住
RPXQMLPLJHIFFAI88EA,劉厝段玉山小段,54.78,都市：住
RPXQMLPLJHIFFAI88EA,劉厝段玉山小段,5.22,都市：住
RPXQMLPLJHIFFAI88EA,劉厝段玉山小段,23.21,都市：住
RPXQMLPLJHIFFAI88EA,劉厝段玉山小段,1.57,都市：住
RPXQMLPLJHIFFAI88EA,劉厝段玉山小段,.13,都市：住
RPTPMLOJKHIFFAI08DA,八掌段,1634.20,都市：農
RPPNMLSKKHIFFAI97DA,中庄段,86.00,都市：住
RPPNMLSKKHIFFAI97DA,中庄段,39.22,都市：住
RPSNMLSKJHIFFAI08CA,竹圍子段二小段,15.33,都市：住
RPXPMLSJKHIFFAI98EA,港子坪段港坪小段,9.88,都市：住
RPORMLQJKHIFFAI87CA,港子坪段,7.82,都市：其他
RPORMLQJKHIFFAI87CA,港子坪段,5.79,都市：其他
RPORMLQJKHIFFAI87CA,港子坪段,4.76,都市：其他
RPORMLQJKHIFFAI87CA,港子坪段,81.00,都市：住
RPORMLQJKHIFFAI87CA,港子坪段,6.03,都市：其他
RPTNMLSKJHIFFAI38EA,長竹段,46.00,都市：住
RPPPMLSJKHIFFAI97CA,車店段,26.29,都市：住
RPPPMLSJKHIFFAI97CA,白川段,4.18,都市：住
RPSOMLQJKHIFFAI97CA,港子坪段,7.82,都市：其他
RPSOMLQJKHIFFAI97CA,港子坪段,5.79,都市：其他
RPSOMLQJKHIFFAI97CA,港子坪段,4.76,都市：其他
RPSOMLQJKHIFFAI97CA,港子坪段,87.00,都市：住
RPSOMLQJKHIFFAI97CA,港子坪段,6.03,都市：其他
RPPNMLQJKHIFFAI57CA,盧厝段,43.56,都市：住
RPUPMLQJKHIFFAI28CA,港子坪段,7.82,都市：其他
RPUPMLQJKHIFFAI28CA,港子坪段,5.79,都市：其他
RPUPMLQJKHIFFAI28CA,港子坪段,4.76,都市：其他
RPUPMLQJKHIFFAI28CA,港子坪段,6.03,都市：其他
RPUPMLQJKHIFFAI28CA,港子坪段,80.00,都市：住
RPOQMLLJKHIFFAI27CA,劉厝段玉山小段,113.59,都市：住
RPOPMLQJKHIFFAI67CA,港子坪段,7.82,都市：其他
RPOPMLQJKHIFFAI67CA,港子坪段,5.79,都市：其他
RPOPMLQJKHIFFAI67CA,港子坪段,4.76,都市：其他
RPOPMLQJKHIFFAI67CA,港子坪段,6.03,都市：其他
RPOPMLQJKHIFFAI67CA,港子坪段,83.00,都市：住
RPUPMLOJKHIFFAI08CA,新厝段,15.47,都市：住
RPUPMLOJKHIFFAI08CA,新厝段,.01,都市：農
RPQQMLQJKHIFFAI97CA,港子坪段,7.82,都市：其他
RPQQMLQJKHIFFAI97CA,港子坪段,5.79,都市：其他
RPQQMLQJKHIFFAI97CA,港子坪段,87.00,都市：住
RPQQMLQJKHIFFAI97CA,港子坪段,4.76,都市：其他
RPQQMLQJKHIFFAI97CA,港子坪段,6.03,都市：其他
RPUNMLLLJHIFFAI67CA,劉厝段劉厝小段,78.00,都市：住
RPUNMLLLJHIFFAI67CA,劉厝段劉厝小段,13.00,都市：住
RPQNMLQJKHIFFAI67CA,盧厝段,21.78,都市：住
RPUNMLNLJHIFFAI87CA,遠東段,6.53,都市：住
RPRNMLNLJHIFFAI57CA,彌陀段,23.61,都市：住
RPQNMLOLJHIFFAI57CA,頂庄段,188.13,都市：農
RPSNMLPLJHIFFAI87CA,元段三小段,13.00,都市：住
RPXNMLLLJHIFFAI97CA,竹圍子段,62.00,都市：住
RPXNMLTLJHIFFAI78CA,玉川段,138.00,都市：住
RPSNMLLLJHIFFAI47CA,新厝段,193.66,都市：農
RPUNMLOLJHIFFAI97CA,車店段,77.00,都市：住
RPRNMLPLJHIFFAI77CA,盧厝段,63.00,都市：住
RPTNMLPLJHIFFAI97CA,竹圍子段二小段,81.00,都市：住
RPSQMLQJKHIFFAI18CA,港子坪段,7.82,都市：其他
RPSQMLQJKHIFFAI18CA,港子坪段,5.79,都市：其他
RPSQMLQJKHIFFAI18CA,港子坪段,4.76,都市：其他
RPSQMLQJKHIFFAI18CA,港子坪段,106.00,都市：住
RPSQMLQJKHIFFAI18CA,港子坪段,6.03,都市：其他
RPUQMLQJKHIFFAI38CA,港子坪段,7.82,都市：其他
RPUQMLQJKHIFFAI38CA,港子坪段,5.79,都市：其他
RPUQMLQJKHIFFAI38CA,港子坪段,4.76,都市：其他
RPUQMLQJKHIFFAI38CA,港子坪段,79.00,都市：住
RPUQMLQJKHIFFAI38CA,港子坪段,6.03,都市：其他
RPUOMLQJKHIFFAI18CA,港子坪段,7.82,都市：其他
RPUOMLQJKHIFFAI18CA,港子坪段,5.79,都市：其他
RPUOMLQJKHIFFAI18CA,港子坪段,90.00,都市：住
RPUOMLQJKHIFFAI18CA,港子坪段,4.76,都市：其他
RPUOMLQJKHIFFAI18CA,港子坪段,6.03,都市：其他
RPTNMLMLJHIFFAI67CA,新厝段,21.69,都市：住
RPTNMLMLJHIFFAI67CA,新厝段,.01,都市：住
RPXNMLMLJHIFFAI08CA,中山段五小段,150.00,都市：住
RPWNMLMLJHIFFAI97CA,車店段車店小段,90.00,都市：住
RPWQMLQJKHIFFAI58CA,港子坪段,7.82,都市：其他
RPWQMLQJKHIFFAI58CA,港子坪段,5.79,都市：其他
RPWQMLQJKHIFFAI58CA,港子坪段,4.76,都市：其他
RPWQMLQJKHIFFAI58CA,港子坪段,80.00,都市：住
RPWQMLQJKHIFFAI58CA,港子坪段,6.03,都市：其他
RPQRMLQJKHIFFAI08CA,港子坪段,7.82,都市：其他
RPQRMLQJKHIFFAI08CA,港子坪段,5.79,都市：其他
RPQRMLQJKHIFFAI08CA,港子坪段,85.00,都市：住
RPQRMLQJKHIFFAI08CA,港子坪段,4.76,都市：其他
RPQRMLQJKHIFFAI08CA,港子坪段,6.03,都市：其他
RPOOMLQJKHIFFAI57CA,港子坪段,7.82,都市：其他
RPOOMLQJKHIFFAI57CA,港子坪段,92.00,都市：住
RPOOMLQJKHIFFAI57CA,港子坪段,5.79,都市：其他
RPOOMLQJKHIFFAI57CA,港子坪段,4.76,都市：其他
RPOOMLQJKHIFFAI57CA,港子坪段,6.03,都市：其他
RPQPMLQJKHIFFAI87CA,港子坪段,7.82,都市：其他
RPQPMLQJKHIFFAI87CA,港子坪段,5.79,都市：其他
RPQPMLQJKHIFFAI87CA,港子坪段,4.76,都市：其他
RPQPMLQJKHIFFAI87CA,港子坪段,6.03,都市：其他
RPQPMLQJKHIFFAI87CA,港子坪段,80.00,都市：住
RPTNMLQJKHIFFAI97CA,埤子頭段,23.57,都市：住
RPSNMLQJKHIFFAI87CA,盧厝段,41.69,都市：住
RPOQMLQJKHIFFAI77CA,港子坪段,7.82,都市：其他
RPOQMLQJKHIFFAI77CA,港子坪段,5.79,都市：其他
RPOQMLQJKHIFFAI77CA,港子坪段,85.00,都市：住
RPOQMLQJKHIFFAI77CA,港子坪段,4.76,都市：其他
RPOQMLQJKHIFFAI77CA,港子坪段,6.03,都市：其他
RPSOMLRJKHIFFAI08CA,港子坪段,7.82,都市：其他
RPSOMLRJKHIFFAI08CA,港子坪段,5.79,都市：其他
RPSOMLRJKHIFFAI08CA,港子坪段,4.76,都市：其他
RPSOMLRJKHIFFAI08CA,港子坪段,6.03,都市：其他
RPSOMLRJKHIFFAI08CA,港子坪段,85.00,都市：住
RPWPMLQJKHIFFAI48CA,港子坪段,7.82,都市：其他
RPWPMLQJKHIFFAI48CA,港子坪段,5.79,都市：其他
RPWPMLQJKHIFFAI48CA,港子坪段,4.76,都市：其他
RPWPMLQJKHIFFAI48CA,港子坪段,6.03,都市：其他
RPWPMLQJKHIFFAI48CA,港子坪段,80.00,都市：住
RPPOMLKMJHIFFAI47EA,埤子頭段新厝小段,76.00,都市：住
RPSNMLNLJHIFFAI87EA,元段二小段,58.00,都市：商
RPSNMLNLJHIFFAI87EA,元段二小段,95.00,都市：商
RPVNMLPJKHIFFAI08CA,東川段,33.00,都市：住
RPVNMLPJKHIFFAI08CA,東川段,125.00,都市：住
RPVNMLPJKHIFFAI08CA,東川段,3.03,都市：住
RPUNMLSLJHIFFAI58EA,埤子頭段新厝小段,104.00,都市：住
RPWPMLSJKHIFFAI88EA,港子坪段港坪小段,9.88,都市：住
RPXOMLPLJHIFFAI68EA,劉厝段玉山小段,144.89,都市：住
RPWNMLNLJHIFFAI28EA,盧厝段,111.00,都市：住
RPTNMLSKKHIFFAI48EA,東川段,51.00,都市：住
RPSOMLSJKHIFFAI18CA,盧東段,279.34,都市：住
RPSOMLSJKHIFFAI18CA,盧東段,227.52,都市：住
RPTNMLPLJHIFFAI18EA,長竹段,41.00,都市：住
RPSOMLSJKHIFFAI18CA,盧東段,11.35,都市：住
RPSOMLSJKHIFFAI18CA,盧東段,271.24,都市：住
RPVNMLSLJHIFFAI68EA,下路頭段,47.00,都市：住
RPPOMLNLJHIFFAI67EA,玉川段,57.00,都市：住
RPPOMLNLJHIFFAI67EA,玉川段,48.00,都市：住
RPPOMLPLJHIFFAI87EA,劉厝段,77.00,都市：住
RPROMLTKKHIFFAI28CA,車店段車店小段,114.00,都市：住
RPROMLTKKHIFFAI28CA,車店段車店小段,113.00,都市：住
RPRNMLQJKHIFFAI77CA,盧厝段,11.55,都市：住
RPRNMLQJKHIFFAI77CA,長竹段,.13,都市：住
RPUOMLSJKHIFFAI38CA,盧東段,165.94,都市：住
RPSOMLTKKHIFFAI38CA,湖內段,25.07,都市：住
RPRNMLSKKHIFFAI08CA,興村段,32.90,都市：住
RPVNMLPLJHIFFAI18CA,西門段六小段,53.00,都市：商
RPVNMLPLJHIFFAI18CA,西門段六小段,3.00,都市：商
RPVNMLPLJHIFFAI18CA,西門段六小段,7.00,都市：商
RPVNMLPLJHIFFAI18CA,西門段六小段,67.00,都市：商
RPXNMLOLJHIFFAI28CA,北社尾段,70.00,都市：住
SPSOMLTKKHIFFAI48CA,湖內段,25.07,都市：住
RPOQMLOLJHIFFAI67CA,荖藤段,104.00,都市：住
RPSNMLLMJHIFFAI57CA,陳厝段,143.68,都市：住
RPXPMLOLJHIFFAI48CA,中山段一小段,84.00,都市：住
RPWOMLLMJHIFFAI08CA,玉川段,7.00,都市：住
RPWOMLLMJHIFFAI08CA,玉川段,86.00,都市：住
RPTNMLQLJHIFFAI08CA,下路頭段,66.00,都市：住
RPTNMLLMJHIFFAI67CA,陳厝段,4.35,都市：住
RPVNMLLMJHIFFAI87CA,後庄段,133.00,都市：農
RPVNMLLMJHIFFAI87CA,後庄段,269.00,都市：農
RPVNMLLMJHIFFAI87CA,後庄段,1.00,都市：農
RPRNMLOLJHIFFAI67CA,下路頭段,6.00,都市：住
RPRNMLOLJHIFFAI67CA,下路頭段,47.00,都市：住
RPRNMLOLJHIFFAI67CA,下路頭段,7.00,都市：住
RPPOMLPLJHIFFAI67CA,元段六小段,1.40,都市：商
RPWNMLNLJHIFFAI08CA,竹圍子段,99.00,都市：住
RPXNMLSLJHIFFAI68CA,白川段,34.15,都市：住
RPVPMLOLJHIFFAI28CA,竹圍子段,17.42,都市：住
RPUPMLOLJHIFFAI18CA,埤子頭段,51.00,都市：住
RPUOMLOLJHIFFAI08CA,台斗坑段,18.72,都市：住
RPUOMLOLJHIFFAI08CA,台斗坑段,.01,都市：住
RPQOMLPLJHIFFAI77CA,元段六小段,1.16,都市：商
RPOOMLOLJHIFFAI47CA,湖內段,132.00,都市：住
RPOOMLOLJHIFFAI47CA,湖內段,26.00,都市：其他
RPSOMLOLJHIFFAI87CA,蘭潭段,874.71,都市：其他
RPSNMLSKKHIFFAI18CA,黑金段,58.00,都市：住
RPQNMLSJKHIFFAI87CA,下路頭段,33.50,都市：住
RPQNMLSJKHIFFAI87CA,下路頭段,33.50,都市：住
RPWNMLTKKHIFFAI68CA,下路頭段,23.80,都市：住
RPQOMLRJKHIFFAI87CA,溪東段,101.16,都市：住
RPTOMLOJKHIFFAI87CA,崎頂段,598.00,都市：農
RPVNMLRJKHIFFAI28CA,溪東段,108.41,都市：住
RPOOMLRJKHIFFAI67CA,溪東段,102.81,都市：住
RPWNMLRJKHIFFAI38CA,溪東段,80.51,都市：住
RPROMLRJKHIFFAI97CA,溪東段,104.45,都市：住
RPVPMLLJKHIFFAI87CA,堀川段,2.82,都市：住
RPVPMLLJKHIFFAI87CA,堀川段,3.20,都市：住
RPVPMLLJKHIFFAI87CA,下路頭段,17.28,都市：住
RPVPMLLJKHIFFAI87CA,下路頭段,2.05,都市：住
RPVPMLLJKHIFFAI87CA,下路頭段,1.34,都市：住
RPOOMLLJKHIFFAI17DA,荖藤段,547.00,都市：其他
RPQOMLOJKHIFFAI57CA,長竹段,129.00,都市：住
RPUOMLLJKHIFFAI77DA,荖藤段,1357.00,都市：其他
RPPOMLLJKHIFFAI27DA,荖藤段,2340.00,都市：其他
RPXNMLLJKHIFFAI97DA,荖藤段,887.00,都市：其他
RPROMLLJKHIFFAI47DA,荖藤段,358.00,都市：其他
RPWOMLLJKHIFFAI97DA,荖藤段,1724.00,都市：其他
RPXOMLLJKHIFFAI08DA,荖藤段,345.00,都市：其他
RPRPMLLJKHIFFAI57DA,荖藤段,640.00,都市：其他
RPPPMLLJKHIFFAI37DA,荖藤段,435.00,都市：其他
RPQNMLOJKHIFFAI57DA,荖藤段,88.00,都市：其他
RPQNMLOJKHIFFAI57DA,荖藤段,499.00,都市：其他
RPRNMLOJKHIFFAI67DA,荖藤段,395.00,都市：其他
RPQPMLLJKHIFFAI47DA,荖藤段,530.00,都市：其他
RPPNMLOJKHIFFAI47DA,荖藤段,27.00,都市：其他
RPPNMLOJKHIFFAI47DA,荖藤段,1255.00,都市：其他
RPQOMLLJKHIFFAI37DA,荖藤段,392.00,都市：其他
RPSOMLKMJHIFFAI77EA,埤子頭段新厝小段,128.00,都市：住
RPUNMLOJKHIFFAI87CA,末廣段一小段,13.22,都市：商
RPQNMLTLJHIFFAI18DA,車店段車店小段,77.00,都市：住
RPQNMLTLJHIFFAI18DA,車店段車店小段,14.09,都市：住
RPROMLKMJHIFFAI67EA,興村段,82.00,都市：住
RPXPMLOLJHIFFAI68EA,民族段一小段,1398.00,都市：住
RPXPMLOLJHIFFAI68EA,民族段一小段,874.00,都市：住
RPVPMLOLJHIFFAI48EA,港子坪段港坪小段,28.21,都市：住
RPROMLPLJHIFFAI08EA,榮段三小段,78.00,都市：商
RPROMLPLJHIFFAI08EA,榮段三小段,4.00,都市：商
RPTNMLNJKHIFFAI67CA,遠東段,5.60,都市：住
RPQOMLPLJHIFFAI97EA,民族段三小段,52.00,都市：住
RPQPMLOJKHIFFAI67CA,白川段,48.63,都市：住
SPPNMLPJKHIFFAI57CA,盧厝段,22.69,都市：住
RPRPMLSJKHIFFAI18CA,堀川段,25.08,都市：住
RPWPMLOJKHIFFAI28CA,盧厝段,5.49,都市：住
RPWPMLOJKHIFFAI28CA,盧厝段,73.81,都市：住
RPOOMLOJKHIFFAI37CA,白川段,36.14,都市：住
RPUNMLNLJHIFFAI08EA,車店段,26.98,都市：住
RPUNMLNLJHIFFAI08EA,白川段,4.29,都市：住
SPSNMLKMJHIFFAI57CA,東門段五小段,50.00,都市：住
RPTNMLTKKHIFFAI38CA,北園段,20.64,都市：住
RPXNMLPLJHIFFAI38CA,下路頭段,99.00,都市：住
RPSNMLKMJHIFFAI47CA,東門段五小段,49.00,都市：住
RPXNMLKMJHIFFAI97CA,盧厝段,102.00,都市：住
RPXNMLKMJHIFFAI97CA,盧厝段,13.79,都市：住
RPPNMLQLJHIFFAI67CA,車店段,3.82,都市：住
RPPNMLQLJHIFFAI67CA,白川段,2.70,都市：住
RPVNMLTLJHIFFAI58CA,下路頭段,9.79,都市：住
RPOOMLSLJHIFFAI87CA,竹圍子段,17.70,都市：住
RPRNMLLMJHIFFAI47CA,下路頭段,82.00,都市：住
RPQOMLMLKHIFFAI57CA,車店段車店小段,94.00,都市：住
RPVNMLKLKHIFFAI77CA,埤子頭段,4.18,都市：住
RPQNMLLMJHIFFAI37CA,湖內段,13.58,都市：住
RPVNMLLLKHIFFAI87CA,盧東段,87.91,都市：農
RPVNMLLLKHIFFAI87CA,盧東段,27.60,都市：農
RPVNMLLLKHIFFAI87CA,盧東段,.64,都市：農
RPXNMLLLKHIFFAI08CA,盧東段,83.27,都市：農
RPXNMLLLKHIFFAI08CA,盧東段,2.81,都市：農
RPXNMLLLKHIFFAI08CA,盧東段,24.75,都市：農
RPPOMLLLKHIFFAI37CA,盧東段,71.01,都市：農
RPPOMLLLKHIFFAI37CA,盧東段,2.81,都市：農
RPPOMLLLKHIFFAI37CA,盧東段,24.75,都市：農
RPTOMLLLKHIFFAI77CA,盧東段,85.42,都市：農
RPTOMLLLKHIFFAI77CA,盧東段,2.81,都市：農
RPTOMLLLKHIFFAI77CA,盧東段,24.75,都市：農
RPTRMLQJKHIFFAI38CA,港子坪段,7.82,都市：其他
RPTRMLQJKHIFFAI38CA,港子坪段,5.79,都市：其他
RPTRMLQJKHIFFAI38CA,港子坪段,4.76,都市：其他
RPTRMLQJKHIFFAI38CA,港子坪段,87.00,都市：住
RPTRMLQJKHIFFAI38CA,港子坪段,6.03,都市：其他
RPOPMLRJKHIFFAI77CA,港子坪段,82.00,都市：住
RPROMLLLKHIFFAI57CA,盧東段,80.05,都市：農
RPROMLLLKHIFFAI57CA,盧東段,2.81,都市：農
RPROMLLLKHIFFAI57CA,盧東段,24.75,都市：農
RPVOMLLLKHIFFAI97CA,盧東段,174.39,都市：農
RPVOMLLLKHIFFAI97CA,盧東段,25.76,都市：農
RPVOMLRJKHIFFAI38CA,港子坪段,7.82,都市：其他
RPVOMLRJKHIFFAI38CA,港子坪段,5.79,都市：其他
RPVOMLRJKHIFFAI38CA,港子坪段,4.76,都市：其他
RPVOMLRJKHIFFAI38CA,港子坪段,6.03,都市：其他
RPVOMLRJKHIFFAI38CA,港子坪段,81.00,都市：住
RPUOMLPJKHIFFAI08CA,長竹段,67.00,都市：農
RPWOMLPJKHIFFAI28CA,長竹段,67.00,都市：農
RPQNMLMJKHIFFAI27CA,堀川段,57.00,都市：住
RPQNMLMJKHIFFAI27CA,堀川段,12.00,都市：住
RPWNMLSLJHIFFAI78EA,中山段三小段,27.00,都市：住
RPWNMLSLJHIFFAI78EA,中山段三小段,10.00,都市：住
RPWNMLSLJHIFFAI78EA,中山段三小段,24.00,都市：住
RPQNMLKLKHIFFAI47EA,埤子頭段,24.61,都市：住
RPTNMLKMJHIFFAI77EA,車店段,2.00,都市：住
RPUNMLLMJHIFFAI97EA,湖內段,21.68,都市：住
RPTNMLKMJHIFFAI77EA,白川段,67.00,都市：住
RPTNMLKMJHIFFAI77EA,白川段,2.00,都市：其他
RPTNMLKLKHIFFAI77EA,遠東段,606.00,都市：住
RPUNMLKMJHIFFAI87EA,後庄段,122.00,都市：住
RPRNMLTLJHIFFAI38EA,榮段四小段,131.00,都市：商
RPSNMLTLJHIFFAI48EA,興村段,32.90,都市：住
RPXNMLSLJHIFFAI88EA,竹圍子段二小段,6.23,都市：住
RPVNMLTLJHIFFAI78EA,短竹段,5.48,都市：住
RPQOMLKMJHIFFAI57EA,劉厝段玉山小段,116.79,都市：住
RPQOMLKMJHIFFAI57EA,劉厝段玉山小段,3.16,都市：住
RPQOMLKMJHIFFAI57EA,劉厝段玉山小段,.13,都市：住
RPSNMLLJKHIFFAI57EA,西門段九小段,4.00,都市：住
RPWNMLLMJHIFFAI18EA,竹圍子段,9.15,都市：住
RPXPMLLJKHIFFAI08CA,劉厝段玉山小段,349.04,都市：住
RPXNMLLMJHIFFAI28EA,竹圍子段二小段,2.03,都市：住
RPOOMLLMJHIFFAI47EA,北社尾段保安小段,2.84,都市：住
RPVNMLMLKHIFFAI97CA,頂庄段,28.50,都市：住
RPOOMLSLJHIFFAI08EA,下路頭段,103.00,都市：住
RPVOMLLMJHIFFAI97CA,車店段車店小段,71.00,都市：住
RPVNMLLJKHIFFAI67CA,中山段三小段,.19,都市：住
RPVNMLLJKHIFFAI67CA,中山段三小段,28.97,都市：住
RPRQMLLJKHIFFAI57CA,檜段四小段,6.65,都市：住
RPVNMLRLKHIFFAI48CA,溪東段,1108.00,都市：農
RPTNMLKLKHIFFAI57CA,埤子頭段,7.50,都市：住
RPPOMLKMJHIFFAI27CA,台斗坑段,21.16,都市：住
RPPNMLNLKHIFFAI47CA,下路頭段,28.59,都市：住
RPPNMLNLKHIFFAI47CA,下路頭段,.02,都市：住
RPWNMLLJKHIFFAI77CA,中庄段,101.00,都市：住
RPTNMLKMJHIFFAI57CA,西門段二小段,27.80,都市：商
RPTNMLKMJHIFFAI57CA,西門段二小段,80.04,都市：商
RPWNMLTLJHIFFAI68CA,下路頭段,7.61,都市：住
RPWPMLLJKHIFFAI97CA,港子坪段港坪小段,105.00,都市：住
RPPQMLRJKHIFFAI97CA,玉川段,13.00,都市：其他
RPPQMLRJKHIFFAI97CA,玉川段,22.00,都市：其他
RPOOMLLMJHIFFAI27CA,中庄段,47.50,都市：住
RPPNMLLMJHIFFAI27CA,竹圍子段二小段,13.03,都市：住
RPPNMLOLKHIFFAI57CA,盧厝段,49.42,都市：住
RPSNMLPJKHIFFAI87DA,台斗坑段,21.07,都市：住
RPWNMLLMJHIFFAI08DA,竹圍子段,61.00,都市：住
RPSNMLPJKHIFFAI87DA,台斗坑段,86.00,都市：住
RPOOMLKMJHIFFAI37EA,劉厝段劉厝小段,70.00,都市：住
RPVNMLLMJHIFFAI08EA,下路頭段,142.00,都市：住
RPVNMLLMJHIFFAI08EA,下路頭段,6.00,都市：住
RPQOMLLMJHIFFAI67EA,北門段三小段,33.00,都市：住
RPQOMLLMJHIFFAI67EA,北門段三小段,62.00,都市：住
RPUNMLKMJHIFFAI77DA,車店段,8.13,都市：住
RPSOMLQJKHIFFAI18EA,遠東段,289.00,都市：工
RPTOMLQJKHIFFAI28EA,遠東段,217.00,都市：工
RPQNMLLJKHIFFAI27DA,白川段,35.57,都市：住
RPPOMLLMJHIFFAI57EA,竹圍子段,29.03,都市：住
RPQNMLKLKHIFFAI37DA,檜段三小段,38.00,都市：住
RPSNMLSJKHIFFAI28EA,溪東段,74.19,都市：住
RPSNMLSJKHIFFAI28EA,溪東段,44.32,都市：住
RPWNMLSJKHIFFAI68EA,北社尾段,54.00,都市：住
RPUNMLSJKHIFFAI48EA,同興段,22.21,都市：住
RPUNMLSJKHIFFAI48EA,同興段,82.00,都市：住
RPUNMLSJKHIFFAI48EA,同興段,4.00,都市：住
RPWNMLTKKHIFFAI88EA,同興段,22.21,都市：住
RPWNMLTKKHIFFAI88EA,同興段,91.00,都市：住
RPXNMLTKKHIFFAI98EA,同興段,22.21,都市：住
RPXNMLTKKHIFFAI98EA,同興段,95.00,都市：住
RPUNMLTKKHIFFAI68EA,同興段,22.21,都市：住
RPUNMLTKKHIFFAI68EA,同興段,115.00,都市：住
RPTNMLTKKHIFFAI58EA,同興段,89.00,都市：住
RPSNMLOJKHIFFAI77DA,荖藤段,2559.00,都市：其他
RPQSMLQJKHIFFAI28DA,劉厝段玉山小段,15.57,都市：住
RPVNMLTKKHIFFAI78EA,同興段,22.21,都市：住
RPVNMLTKKHIFFAI78EA,同興段,95.00,都市：住
RPQSMLQJKHIFFAI28DA,劉厝段玉山小段,83.70,都市：住
RPUNMLLMJHIFFAI87DA,港子坪段,136.00,都市：住
RPQQMLLJKHIFFAI47CA,盧厝段,19.50,都市：住
RPQQMLLJKHIFFAI47CA,盧厝段,27.00,都市：住
RPQQMLLJKHIFFAI47CA,盧厝段,87.00,都市：住
RPOOMLTKKHIFFAI18EA,同興段,22.21,都市：住
RPOOMLTKKHIFFAI18EA,同興段,91.00,都市：住
RPPNMLMJKHIFFAI17CA,港子坪段港坪小段,29.99,都市：住
RPOQMLOJKHIFFAI57CA,車店段車店小段,108.00,都市：住
RPVNMLOJKHIFFAI97CA,下路頭段,31.57,都市：住
RPXNMLPJKHIFFAI28CA,湖內段,78.00,都市：住
RPPOMLRJKHIFFAI77CA,竹圍子段二小段,10.80,都市：住
RPPOMLPJKHIFFAI57CA,短竹段,130.00,非都市： ; 非都市編定：
RPXRMLQJKHIFFAI78CA,山下段,86.67,都市：住
RPRPMLRJKHIFFAI08CA,檜段三小段,123.00,都市：住
RPQNMLQLKHIFFAI87CA,榮段五小段,46.00,都市：商
RPOSMLQJKHIFFAI97CA,湖內段,69.77,非都市： ; 非都市編定：
RPSNMLQLKHIFFAI08CA,港子坪段港坪小段,20.56,都市：住
RPUOMLLMJHIFFAI87CA,港子坪段,31.00,都市：住
RPSNMLSLKHIFFAI28CA,白川段,124.00,都市：其他
RPPNMLOKKHIFFAI47CA,下路頭段,4.89,都市：住
RPOOMLKMJHIFFAI17CA,車店段,25.33,都市：住
RPOOMLKMJHIFFAI17CA,白川段,4.27,都市：住
RPRNMLLJKHIFFAI27CA,榮段二小段,71.00,都市：商
RPRNMLLJKHIFFAI27CA,榮段二小段,37.00,都市：商
RPSPMLSJKHIFFAI28CA,中山段三小段,.14,都市：住
RPSPMLSJKHIFFAI28CA,中山段三小段,21.82,都市：住
RPROMLLMJHIFFAI57CA,育人段,96.26,都市：住
RPTOMLLJKHIFFAI57CA,白川段,59.00,都市：住
RPRPMLOJKHIFFAI77CA,長竹段,22.75,都市：住
RPRNMLKLKHIFFAI37CA,東川段,116.00,都市：住
RPRNMLKLKHIFFAI37CA,東川段,1.00,都市：住
RPQNMLPJKHIFFAI57CA,下埤段,128.66,都市：住
RPPPMLQJKHIFFAI77CA,車店段車店小段,23.39,都市：住
RPXNMLLMJHIFFAI18DA,劉厝段,35.32,都市：住
RPRNMLOKKHIFFAI67CA,竹圍子段一小段,12.85,都市：住
RPQNMLOKKHIFFAI57CA,白川段,35.76,都市：住
RPTNMLLJKHIFFAI67EA,盧厝段,121.00,都市：農
RPRNMLLJKHIFFAI47EA,同興段,15.03,都市：住
RPQNMLTKKHIFFAI28EA,盧厝段,11.15,都市：住
RPSNMLOJLHIFFAI97EA,短竹段,9.93,都市：住
RPUOMLLMJHIFFAI08EA,榮段三小段,.81,都市：商
RPUOMLLMJHIFFAI08EA,榮段三小段,.48,都市：商
RPUOMLLMJHIFFAI08EA,榮段三小段,6.90,都市：商
RPPPMLOJKHIFFAI77EA,西門段八小段,56.00,都市：商
