﻿鄉鎮市區,交易標的,土地區段位置/建物區段門牌,土地面積平方公尺,都市土地使用分區,非都市土地使用分區,非都市土地使用編定,租賃年月日,租賃筆棟數,租賃層次,總樓層數,建物型態,主要用途,主要建材,建築完成年月,建物總面積平方公尺,建物現況格局-房,建物現況格局-廳,建物現況格局-衛,建物現況格局-隔間,有無管理組織,有無附傢俱,總額元,單價元/平方公尺,車位類別,車位面積平方公尺,車位總額元,備註,編號
The villages and towns urban district,transaction sign,land sector position/building sector house number plate,land shifting total area square meter,the use zoning or compiles and checks,the non-metropolis land use district,non-metropolis land use,transaction year, month and day,transaction pen number,shifting level,total floor number,building state,main use,main building materials,construction to complete the years,building shifting total area,Building present situation pattern - room,building present situation pattern - hall,building present situation pattern - health,building present situation pattern - compartmented,Whether there is manages the organization,Whether there is attaches the furniture,total price Yuan,the unit price a Yuan/square meter,the berth category,berth shifting total area square meter,the berth total price Yuan,the note,serial number
竹北市,建物,新竹縣竹北市高鐵七路61~90號,0.0,商,,,1011026,土地0建物1車位1,六層,18,住宅大樓(11層含以上有電梯),商業用,鋼筋混凝土造,0990208,108.28,0,0,0,無,有,無,17100,158,坡道機械,0.0,0,,RPSNMLPJJIHFFBJ08CC
竹北市,建物,新竹縣竹北市光明六路東一段271~300號,0.0,住,,,1011017,土地0建物1車位2,十一層,21,住宅大樓(11層含以上有電梯),住家用,鋼筋混凝土造,0940111,232.32,4,2,3,有,有,有,85000,366,坡道平面,0.0,0,,RPVNMLPJJIHFFBJ38CC
竹北市,建物,新竹縣竹北市縣政五街32巷1~30號,0.0,商,,,1011016,土地0建物1車位0,五層,8,華廈(10層含以下有電梯),住家用,鋼筋混凝土造,0830318,105.16,3,2,2,有,無,有,12000,114,,0.0,0,,RPWNMLPJJIHFFBJ48CC
竹北市,建物,新竹縣竹北市莊敬五街31~60號,0.0,商,,,1011025,土地0建物1車位0,十二層,15,住宅大樓(11層含以上有電梯),住家用,鋼筋混凝土造,0950519,105.51,2,2,2,有,有,有,22000,209,,0.0,0,,RPOOMLPJJIHFFBJ77CC
竹北市,建物,新竹縣竹北市文興路一段61~90號,0.0,住,,,1011025,土地0建物0車位0,三層,5,套房(1房1廳1衛),住家用,鋼筋混凝土造,0971123,18.52,1,0,1,有,無,有,6500,351,,0.0,0,,RPPOMLPJJIHFFBJ87CC
竹北市,建物,新竹縣竹北市成功一街61~90號,0.0,住,,,1011009,土地0建物1車位1,八層,14,住宅大樓(11層含以上有電梯),住家用,鋼筋混凝土造,0930524,136.96,3,2,2,有,有,有,17000,124,坡道平面,0.0,0,,RPXPMLPJJIHFFBJ78CC
竹北市,建物,新竹縣竹北市莊敬北路121~150號,0.0,住,,,1011031,土地0建物1車位1,十二層,21,住宅大樓(11層含以上有電梯),住家用,鋼筋混凝土造,0941005,114.25,3,2,2,有,有,無,19000,166,坡道平面,0.0,0,,RPOQMLPJJIHFFBJ97CC
竹北市,建物,新竹縣竹北市隘口三街211~240號,0.0,住,,,1011020,土地0建物1車位1,八層,14,住宅大樓(11層含以上有電梯),住家用,鋼筋混凝土造,0991214,225.11,4,2,2,有,有,有,20000,89,坡道平面,0.0,0,,RPPQMLPJJIHFFBJ08CC
竹北市,建物,新竹縣竹北市成功一街31~60號,0.0,住,,,1011013,土地0建物1車位1,六層,14,住宅大樓(11層含以上有電梯),住家用,鋼筋混凝土造,0930524,135.18,3,2,2,有,有,有,18000,133,坡道平面,0.0,0,,RPQQMLPJJIHFFBJ18CC
竹北市,建物,新竹縣竹北市莊敬五街31~60號,0.0,住,,,1011022,土地0建物1車位1,五層,14,住宅大樓(11層含以上有電梯),住家用,鋼筋混凝土造,0940923,125.52000000000001,3,2,2,有,有,有,20000,159,坡道平面,0.0,0,,RPRQMLPJJIHFFBJ28CC
竹北市,建物,新竹縣竹北市嘉豐五路二段121~150號,0.0,住,,,1011021,土地0建物1車位2,十一層,12,住宅大樓(11層含以上有電梯),住家用,鋼筋混凝土造,0970418,227.91,4,2,2,有,有,有,23000,101,坡道平面,0.0,0,,RPSQMLPJJIHFFBJ38CC
竹北市,建物,新竹縣竹北市成功八路181~210號,0.0,住,,,1011021,土地0建物1車位1,八層,19,住宅大樓(11層含以上有電梯),住家用,鋼筋混凝土造,1001128,183.94,3,2,2,有,有,有,20000,109,坡道平面,0.0,0,,RPTQMLPJJIHFFBJ48CC
竹北市,建物,新竹縣竹北市光明九路150巷1~30號,0.0,住,,,1011014,土地0建物1車位1,三層,10,華廈(10層含以下有電梯),住家用,鋼筋混凝土造,0840804,150.03,3,2,2,有,有,無,11000,73,坡道機械,0.0,0,,RPVQMLPJJIHFFBJ68CC
竹北市,建物,新竹縣竹北市隘口六街151~180號,0.0,住,,,1011020,土地0建物1車位1,三層,8,套房(1房1廳1衛),住家用,鋼筋混凝土造,0961228,109.58000000000001,1,1,1,無,有,有,12000,110,坡道平面,0.0,0,,RPWQMLPJJIHFFBJ78CC
竹北市,建物,新竹縣竹北市嘉豐一街1~30號,0.0,住,,,1011021,土地0建物1車位1,七層,7,套房(1房1廳1衛),商業用,鋼筋混凝土造,0971128,46.57,1,1,1,有,有,有,13000,279,坡道機械,0.0,0,,RPORMLPJJIHFFBJ08CC
竹北市,建物,新竹縣竹北市六家五路二段211~240號,0.0,住,,,1011021,土地0建物1車位1,五層,23,住宅大樓(11層含以上有電梯),住家用,鋼筋混凝土造,1010328,140.17,3,2,2,有,有,無,18000,128,坡道平面,0.0,0,,RPPRMLPJJIHFFBJ18CC
竹北市,建物,新竹縣竹北市勝利六街1~30號,0.0,住,,,1011015,土地0建物1車位1,十三層,14,住宅大樓(11層含以上有電梯),住家用,鋼筋混凝土造,0931018,125.27000000000001,3,2,2,有,有,有,20000,160,坡道平面,0.0,0,,RPQRMLPJJIHFFBJ28CC
竹北市,建物,新竹縣竹北市嘉豐五路二段151~180號,0.0,商,,,1011031,土地0建物1車位0,三層,8,套房(1房1廳1衛),商業用,鋼筋混凝土造,0950623,37.96,1,1,1,有,有,有,11000,290,,0.0,0,,RPRRMLPJJIHFFBJ38CC
竹北市,建物,新竹縣竹北市華興街91~120號,0.0,住,,,1011014,土地0建物1車位0,四層,7,華廈(10層含以下有電梯),住家用,鋼筋混凝土造,0841116,65.56,2,1,1,有,無,有,7300,111,,0.0,0,,RPSRMLPJJIHFFBJ48CC
竹北市,建物,新竹縣竹北市縣政八街29巷1~30號,0.0,住,,,1011022,土地0建物1車位0,九層,9,套房(1房1廳1衛),住家用,鋼筋混凝土造,0931123,40.39,1,1,1,有,有,有,8000,198,,0.0,0,,RPTRMLPJJIHFFBJ58CC
竹北市,建物,新竹縣竹北市文昌街31~60號,0.0,住,,,1011021,土地0建物1車位0,一層,7,華廈(10層含以下有電梯),住家用,鋼筋混凝土造,0810513,88.95,4,2,2,有,有,有,12000,135,,0.0,0,,RPURMLPJJIHFFBJ68CC
竹北市,建物,新竹縣竹北市勝利一路91~120號,0.0,住,,,1011018,土地0建物1車位1,十一層,15,住宅大樓(11層含以上有電梯),住家用,鋼筋混凝土造,0941004,165.14,4,2,2,有,有,有,27000,163,坡道平面,0.0,0,,RPVRMLPJJIHFFBJ78CC
竹北市,建物,新竹縣竹北市成功七街52巷1~30號,0.0,住,,,1011022,土地0建物0車位0,五層,4,套房(1房1廳1衛),住家用,鋼筋混凝土造,0930303,38.25,1,0,1,無,無,有,5000,131,,0.0,0,,RPWRMLPJJIHFFBJ88CC
竹北市,房地(土地+建物)+車位,新竹縣竹北市十興路305巷10弄1~30號,13.49,住,,,1011115,土地1建物1車位1,六層,6,華廈(10層含以下有電梯),住家用,鋼筋混凝土造,0841011,138.58,3,2,2,有,有,有,10000,72,坡道平面,0.0,0,,RPTNMLSJJIHFFBJ58DC
竹北市,建物,新竹縣竹北市三民路31~60號,20.0,住,,,1011011,土地0建物0車位0,三層,7,華廈(10層含以下有電梯),住家用,鋼筋混凝土造,0830420,20.0,1,1,1,有,無,有,7500,375,,0.0,0,,RPUNMLSJJIHFFBJ68DC
寶山鄉,房地(土地+建物)+車位,新竹縣寶山鄉雙溪村雙豐路31~60號,99.96,住,,,1011015,土地1建物1車位1,全,3,透天厝,住家用,鋼筋混凝土造,0811027,187.83,4,2,3,有,無,有,13000,69,一樓平面,0.0,0,,RPRNMLSJJIHFFCJ48DC
寶山鄉,房地(土地+建物),新竹縣竹東鎮三峰村嵩翠路46巷1~30號,298.0,其他,山坡地保育區,丙種建築用地,1011115,土地1建物1車位0,全,4,透天厝,住家用,鋼筋混凝土造,0911001,338.74,5,2,3,有,有,無,45000,133,,0.0,0,,RPWNMLMKJIHFFCJ38CC
竹北市,建物,新竹縣竹北市新民街29巷1~30號,61.0,住,,,1011015,土地0建物1車位0,一層,6,華廈(10層含以下有電梯),住家用,鋼筋混凝土造,0820504,61.0,2,2,1,有,無,無,8000,131,,0.0,0,,RPUNMLMKJIHFFBJ18DC
竹北市,建物,新竹縣竹北市六家一路一段91~120號,0.0,住,,,1011026,土地0建物1車位1,二層,10,華廈(10層含以下有電梯),住家用,鋼筋混凝土造,0930901,32.23,4,2,2,有,有,無,17000,527,坡道平面,0.0,0,租金含管理費,RPWNMLMKJIHFFBJ28CC
竹北市,建物,新竹縣竹北市嘉豐十路1~30號,0.0,商,,,1011030,土地0建物1車位1,三層,20,套房(1房1廳1衛),商業用,鋼筋混凝土造,0970321,60.53,1,0,1,無,有,無,12500,207,坡道平面,0.0,0,,RPXNMLMKJIHFFBJ38CC
竹北市,建物,新竹縣竹北市嘉豐一街1~30號,0.0,商,,,1011020,土地0建物1車位1,六層,7,套房(1房1廳1衛),商業用,鋼筋混凝土造,0971128,42.730000000000004,1,1,1,有,有,有,14000,328,坡道機械,0.0,0,,RPQOMLMKJIHFFBJ77CC
竹北市,建物,新竹縣竹北市自強五路31~60號,0.0,商,,,1011030,土地0建物1車位0,全,5,透天厝,商業用,鋼筋混凝土造,0930503,144.09,0,0,0,無,無,無,25500,177,,0.0,0,,RPSOMLMKJIHFFBJ97CC
竹北市,建物,新竹縣竹北市復興二路211~240號,0.0,商,,,1001024,土地0建物1車位0,三層,11,套房(1房1廳1衛),商業用,鋼筋混凝土造,0961204,28.27,1,0,1,有,有,有,11000,389,,0.0,0,,RPRNMLNKJIHFFBJ87CC
竹北市,建物,新竹縣竹北市六家五路二段211~240號,0.0,住,,,1011030,土地0建物1車位1,十層,24,住宅大樓(11層含以上有電梯),住家用,鋼筋混凝土造,1010328,95.76,3,2,2,有,有,無,15000,157,坡道平面,0.0,0,,RPTNMLNKJIHFFBJ08CC
竹北市,建物,新竹縣竹北市復興二路211~240號,0.0,,,,1011113,土地0建物1車位1,九層,13,辦公商業大樓,商業用,鋼筋混凝土造,0961204,51.84,0,0,0,無,有,無,15000,289,坡道平面,0.0,0,,RPOOMLNKJIHFFBJ67CC
竹北市,房地(土地+建物),新竹縣竹北市中華路451~480號,111.8,住,,,1011020,土地2建物1車位0,全,2,透天厝,住家用,加強磚造,0640301,138.06,3,2,2,有,無,無,50000,362,,0.0,0,,RPRNMLOKJIHFFBJ08DC
竹北市,建物,新竹縣竹北市鳳岡路二段521巷1~30號,0.0,住,特定農業區,甲種建築用地,1011106,土地0建物1車位0,全,4,透天厝,住家用,鋼筋混凝土造,0820906,345.75,0,0,2,無,無,無,23400,68,,0.0,0,,RPVNMLQKJIHFFBJ58CC
竹北市,建物,新竹縣竹北市勝利一路91~120號,0.0,商,,,1011101,土地0建物1車位1,九層,21,住宅大樓(11層含以上有電梯),住家用,鋼筋混凝土造,0930517,160.87,4,2,2,有,有,無,20000,124,坡道平面,0.0,0,,RPQOMLQKJIHFFBJ18CC
竹北市,建物,新竹縣竹北市隘口三街211~240號,0.0,,,,1011111,土地0建物1車位1,四層,13,住宅大樓(11層含以上有電梯),住家用,鋼筋混凝土造,0991214,245.26,4,2,2,有,有,無,22222,91,坡道平面,0.0,0,,RPUOMLQKJIHFFBJ58CC
竹北市,建物,新竹縣竹北市嘉豐一街1~30號,0.0,,,,1011112,土地0建物1車位1,七層,7,住宅大樓(11層含以上有電梯),商業用,鋼筋混凝土造,0971128,46.61,1,1,1,有,有,有,15000,322,坡道機械,0.0,0,,RPVOMLQKJIHFFBJ68CC
竹北市,建物,新竹縣竹北市科大二街121~150號,0.0,住,,,1011106,土地0建物1車位2,七層,15,住宅大樓(11層含以上有電梯),住家用,鋼筋混凝土造,1010430,310.14,3,2,2,有,有,無,27777,90,坡道平面,0.0,0,,RPWOMLQKJIHFFBJ78CC
竹北市,建物,新竹縣竹北市莊敬南路91~120號,0.0,住,,,1011112,土地0建物0車位0,二層,5,套房(1房1廳1衛),住商用,鋼筋混凝土造,0960214,42.7,1,1,1,有,無,有,11000,258,,0.0,0,,RPPPMLQKJIHFFBJ18CC
竹北市,建物,新竹縣竹北市嘉豐十路1~30號,0.0,商,,,1011031,土地0建物1車位0,十三層,13,套房(1房1廳1衛),商業用,鋼筋混凝土造,0970321,47.400000000000006,1,0,1,有,有,有,15000,316,,0.0,0,,RPQPMLQKJIHFFBJ28CC
竹北市,建物,新竹縣竹北市自強六街1~30號,0.0,商,,,1011031,土地0建物1車位1,七層,10,華廈(10層含以下有電梯),商業用,鋼筋混凝土造,0940721,95.21000000000001,3,2,2,有,有,有,20000,210,坡道平面,0.0,0,,RPRPMLQKJIHFFBJ38CC
竹北市,建物,新竹縣竹北市嘉仁街91~120號,0.0,住,,,1011102,土地0建物1車位1,五層,10,華廈(10層含以下有電梯),住家用,鋼筋混凝土造,0930113,145.81,3,2,3,有,有,有,20000,137,坡道平面,0.0,0,,RPWPMLQKJIHFFBJ88CC
竹北市,建物,新竹縣竹北市隘口六街121~150號,0.0,住,,,1011101,土地0建物1車位1,七層,12,住宅大樓(11層含以上有電梯),住家用,鋼筋混凝土造,0991231,136.47,1,1,1,有,有,有,13000,95,坡道平面,0.0,0,,RPPQMLQKJIHFFBJ28CC
竹北市,建物,新竹縣竹北市嘉豐十路1~30號,0.0,商,,,1011111,土地0建物1車位1,十一層,13,套房(1房1廳1衛),商業用,鋼筋混凝土造,0970321,44.52,1,0,1,有,有,有,12000,270,坡道平面,0.0,0,,RPRRMLQKJIHFFBJ58CC
竹北市,建物,新竹縣竹北市六家六街31~60號,0.0,住,,,1011105,土地0建物0車位0,二層,5,套房(1房1廳1衛),住家用,鋼筋混凝土造,0941118,59.34,1,0,1,無,無,有,9500,160,,0.0,0,,RPSRMLQKJIHFFBJ68CC
竹北市,建物,新竹縣竹北市光明六路東二段241~270號,0.0,,,,1011107,土地0建物1車位0,七層,9,華廈(10層含以下有電梯),商業用,鋼筋混凝土造,0980121,62.16,1,1,1,無,有,有,18000,290,,0.0,0,,RPTRMLQKJIHFFBJ78CC
竹北市,建物,新竹縣竹北市嘉豐十路1~30號,0.0,住,,,1011108,土地0建物1車位0,四層,13,套房(1房1廳1衛),商業用,鋼筋混凝土造,0970321,47.400000000000006,1,0,1,無,有,有,9000,190,,0.0,0,,RPURMLQKJIHFFBJ88CC
竹北市,建物,新竹縣竹北市福興路755巷1~30號,0.0,住,,,1011101,土地0建物1車位1,全,4,透天厝,住商用,鋼筋混凝土造,0861008,185.66,5,2,3,有,無,無,22000,118,坡道平面,0.0,0,,RPVNMLTKJIHFFBJ88CC
湖口鄉,房地(土地+建物),新竹縣湖口鄉湖中路451~480號,1182.0,其他,特定農業區,農牧用地,1011110,土地1建物1車位0,三層,3,農舍,農舍,鋼筋混凝土造,0810626,227.07,7,2,3,有,無,無,13000,,其他,0.0,0,,RPSNMLLLJIHFFDJ08CC
竹北市,建物,新竹縣竹北市文明街31~60號,60.0,住,,,1011128,土地0建物1車位0,一層,7,華廈(10層含以下有電梯),住家用,鋼筋混凝土造,0840415,60.0,2,2,2,有,有,無,12000,200,,0.0,0,,RPPOMLSLJIHFFBJ48DC
新埔鎮,房地(土地+建物),新竹縣新埔鎮上樟路一段151~180號,1296.0,,山坡地保育區,丁種建築用地,1011107,土地1建物1車位0,見其他登記事項,2,廠辦,住家用,見使用執照,0730511,1199.37,0,0,0,無,無,無,60000,50,,0.0,0,前6個月6萬未稅之後10萬未稅,RPPPMLSLJIHFFBJ48CC
竹北市,建物,新竹縣竹北市光明六路東二段241~270號,0.0,住,,,1011117,土地0建物1車位1,九層,9,華廈(10層含以下有電梯),商業用,鋼筋混凝土造,0980121,65.03,1,1,1,有,有,無,11500,177,坡道平面,0.0,0,,RPTRMLPJKIHFFBJ68CC
竹北市,建物,新竹縣竹北市莊敬六街1~30號,0.0,住,,,1011116,土地0建物1車位0,十層,15,套房(1房1廳1衛),住家用,鋼筋混凝土造,0941114,42.25,1,0,0,有,有,有,8500,201,,0.0,0,,RPURMLPJKIHFFBJ78CC
竹北市,建物,新竹縣竹北市福興路1081~1110號,0.0,住,,,1011114,土地0建物1車位1,七層,13,住宅大樓(11層含以上有電梯),住家用,鋼筋混凝土造,1010711,157.13,3,2,2,有,有,無,15000,95,坡道平面,0.0,0,,RPVRMLPJKIHFFBJ88CC
竹北市,建物,新竹縣竹北市勝利一路121~150號,0.0,住,,,1011125,土地0建物1車位1,九層,15,住宅大樓(11層含以上有電梯),住家用,鋼筋混凝土造,0941004,162.16,4,2,2,有,有,有,20000,123,坡道平面,0.0,0,,RPXRMLPJKIHFFBJ09CC
竹北市,建物,新竹縣竹北市福興東路一段151~180號,0.0,住,,,1011124,土地0建物1車位1,八層,9,華廈(10層含以下有電梯),住家用,鋼筋混凝土造,0921210,149.72,4,2,2,有,有,無,20000,134,坡道平面,0.0,0,,RPOSMLPJKIHFFBJ28CC
竹北市,建物,新竹縣竹北市縣政十街1~30號,0.0,商,,,1011113,土地0建物1車位1,九層,10,套房(1房1廳1衛),商業用,鋼筋混凝土造,0950908,38.7,1,1,1,有,有,有,13000,336,升降機械,0.0,0,,RPPSMLPJKIHFFBJ38CC
竹北市,建物,新竹縣竹北市六家五路二段211~240號,0.0,住,,,1011126,土地0建物1車位1,二十一層,24,住宅大樓(11層含以上有電梯),住家用,鋼筋混凝土造,1010328,140.17,3,2,2,有,有,有,24444,174,坡道平面,0.0,0,,RPQSMLPJKIHFFBJ48CC
竹北市,建物,新竹縣竹北市仁義路180巷1~30號,0.0,住,,,1011130,土地0建物1車位0,三層,5,華廈(10層含以下有電梯),住家用,鋼筋混凝土造,0830617,90.87,3,2,2,有,無,無,11500,127,,0.0,0,,RPRSMLPJKIHFFBJ58CC
竹北市,建物,新竹縣竹北市自強南路1~30號,0.0,商,,,1011120,土地0建物1車位1,八層,23,住宅大樓(11層含以上有電梯),商業用,鋼筋混凝土造,0960528,86.67,2,1,0,有,有,有,27000,312,坡道平面,0.0,0,,RPSSMLPJKIHFFBJ68CC
竹北市,建物,新竹縣竹北市復興一街241~270號,0.0,住,,,1011122,土地0建物1車位1,九層,16,住宅大樓(11層含以上有電梯),商業用,鋼筋混凝土造,0970915,113.35,2,0,0,有,有,有,33000,291,坡道平面,0.0,0,,RPWSMLPJKIHFFBJ09CC
竹北市,建物,新竹縣竹北市縣政五街32巷1~30號,0.0,住,,,1011127,土地0建物1車位0,見其他登記事項,8,華廈(10層含以下有電梯),住家用,鋼筋混凝土造,0830318,155.22,5,2,3,有,有,有,19000,122,,0.0,0,,RPXSMLPJKIHFFBJ56CC
寶山鄉,建物,新竹縣寶山鄉竹安二路55巷1~30號,0.0,其他,山坡地保育區,丙種建築用地,1011114,土地0建物1車位1,全,3,透天厝,住家用,鋼筋混凝土造,0910320,355.47,5,3,4,有,有,有,28500,80,其他,0.0,0,,RPOOMLPJKIHFFCJ97CC
竹北市,建物,新竹縣竹北市中華路125巷46弄1~30號,0.0,住,,,1011109,土地0建物1車位0,全,2,透天厝,住家用,加強磚造,0650508,103.96,3,2,2,有,無,無,9000,87,,0.0,0,,RPUOMLQJKIHFFBJ58CC
竹北市,建物,新竹縣竹北市六家六街1巷1~30號,0.0,住,,,1011203,土地0建物1車位1,六層,10,華廈(10層含以下有電梯),住家用,鋼筋混凝土造,0960720,108.39,3,2,2,有,有,有,18500,171,坡道平面,0.0,0,,RPPNMLRJKIHFFBJ08CC
竹北市,建物,新竹縣竹北市嘉豐一街91~120號,0.0,商,,,1011202,土地0建物1車位1,六層,7,套房(1房1廳1衛),商業用,鋼筋混凝土造,0990902,52.39,1,1,1,有,有,有,16000,305,坡道機械,0.0,0,,RPRNMLRJKIHFFBJ28CC
竹北市,房地(土地+建物)+車位,新竹縣竹北市博愛街481~510號,4463.64,其他,,,1011201,土地1建物1車位1,一層,14,住宅大樓(11層含以上有電梯),住商用,鋼筋混凝土造,0970627,83.82,1,2,0,有,有,無,30000,358,坡道平面,0.0,0,,RPWOMLLKKIHFFBJ48DC
竹北市,房地(土地+建物)+車位,新竹縣竹北市中正東路371巷1~30號,2730.1,住,,,1011126,土地1建物1車位1,九層,12,住宅大樓(11層含以上有電梯),住家用,鋼筋混凝土造,0861209,118.54,3,2,2,有,有,有,14000,118,坡道平面,0.0,0,,RPOPMLLKKIHFFBJ77DC
竹東鎮,建物,新竹縣竹東鎮自由街120巷1~30號,0.0,住,,,1011120,土地0建物1車位0,九層,11,套房(1房1廳1衛),住家用,鋼筋混凝土造,0851224,30.3,1,0,1,有,有,有,8000,264,,0.0,0,,RPRNMLMKKIHFFCJ97CC
竹北市,建物,新竹縣竹北市莊敬三路91~120號,0.0,住,,,1011208,土地0建物1車位1,十層,14,住宅大樓(11層含以上有電梯),住家用,鋼筋混凝土造,0931228,193.85000000000002,3,2,2,有,有,有,23000,119,坡道平面,0.0,0,,RPVNMLMKKIHFFBJ28CC
竹北市,建物,新竹縣竹北市嘉豐一街1~30號,0.0,商,,,1011208,土地0建物1車位1,四層,7,套房(1房1廳1衛),商業用,鋼筋混凝土造,0971128,45.599999999999994,1,0,1,有,有,有,12500,274,坡道機械,0.0,0,,RPWNMLMKKIHFFBJ38CC
竹北市,建物,新竹縣竹北市科大一路151~180號,0.0,住,,,1011213,土地0建物1車位1,七層,10,華廈(10層含以下有電梯),住家用,鋼筋混凝土造,1000311,136.76,3,2,2,有,有,有,32000,234,坡道平面,0.0,0,,RPRRMLOKKIHFFBJ48CC
竹北市,建物,新竹縣竹北市嘉政九街31~60號,0.0,住,,,1011212,土地0建物1車位0,五層,10,套房(1房1廳1衛),商業用,鋼筋混凝土造,0970606,45.04,1,1,1,有,有,有,12000,266,,0.0,0,租金含管理費、網路、第四台,RPSRMLOKKIHFFBJ58CC
竹北市,建物,新竹縣竹北市自強北路181~210號,0.0,住,,,1011204,土地0建物1車位1,一層,14,店面(店鋪),住商用,鋼筋混凝土造,0940131,84.75999999999999,0,0,1,有,有,無,18000,212,坡道平面,0.0,0,,RPTRMLOKKIHFFBJ68CC
竹北市,房地(土地+建物)+車位,新竹縣竹北市自強南路1~30號,22.8,商,,,1020101,土地1建物1車位1,五層,5,辦公商業大樓,商業用,鋼筋混凝土造,0960528,84.39,0,0,0,無,有,無,70000,895,坡道平面,9.55,0,,RPTOMLRKKIHFFBJ68CC
竹北市,建物,新竹縣竹北市嘉豐七街121~150號,0.0,,,,1011211,土地0建物1車位0,一層,9,辦公商業大樓,商業用,鋼筋混凝土造,1010518,148.39,0,0,0,無,有,無,70000,472,,0.0,0,,RPPPMLRKKIHFFBJ38CC
湖口鄉,房地(土地+建物),新竹縣湖口鄉德豐路13巷1~30號,90.48,,特定農業區,丁種建築用地,1011201,土地1建物1車位0,全,3,透天厝,工業用,鋼筋混凝土造,0810612,157.5,4,2,3,有,無,無,10000,63,,0.0,0,,RPUNMLRKKIHFFDJ98DC
湖口鄉,土地,祥喜段1~30地號,2070.0,其他,一般農業區,農牧用地,1011204,土地1建物0車位0,,,其他,,,,0.0,0,0,0,有,無,有,10000,5,,0.0,0,,RPUOMLSKKIHFFDJ09CC
竹北市,建物,新竹縣竹北市莊敬六街1~30號,0.0,住,,,1011216,土地0建物1車位0,九層,15,套房(1房1廳1衛),住家用,鋼筋混凝土造,0941114,40.54,1,0,1,有,有,有,8500,210,,0.0,0,,RPXNMLSKKIHFFBJ09CC
竹北市,建物,新竹縣竹北市嘉豐十路1~30號,0.0,商,,,1011216,土地0建物1車位1,十層,13,套房(1房1廳1衛),商業用,鋼筋混凝土造,0970321,44.74,1,0,1,有,有,有,11000,246,坡道平面,0.0,0,,RPROMLSKKIHFFBJ58CC
竹北市,建物,新竹縣竹北市成功二街121~150號,0.0,住,,,1011214,土地0建物1車位0,一層,5,店面(店鋪),住商用,鋼筋混凝土造,0960601,255.36,0,0,1,有,無,無,35000,137,,0.0,0,,RPWQMLSKKIHFFBJ66CC
竹北市,建物,新竹縣竹北市興隆路一段1~30號,0.0,住,,,1011209,土地0建物1車位0,十一層,14,住宅大樓(11層含以上有電梯),住家用,鋼筋混凝土造,1000904,230.19,4,2,2,有,有,無,28200,123,,0.0,0,,RPQRMLTKKIHFFBJ88CC
竹北市,建物,新竹縣竹北市復興一街241~270號,0.0,住,,,1011218,土地0建物1車位0,十三層,16,住宅大樓(11層含以上有電梯),商業用,鋼筋混凝土造,0970915,50.33,2,1,1,有,有,有,13000,258,,0.0,0,,RPUNMLLLKIHFFBJ18CC
竹北市,建物,新竹縣竹北市縣政一街121~150號,0.0,住,,,1011217,土地0建物1車位0,四層,6,套房(1房1廳1衛),住家用,鋼筋混凝土造,0890906,22.91,1,0,1,有,無,有,6500,284,,0.0,0,,RPVNMLLLKIHFFBJ28CC
竹北市,建物,新竹縣竹北市勝利六街1~30號,0.0,住,,,1011217,土地0建物1車位1,四層,10,華廈(10層含以下有電梯),住家用,鋼筋混凝土造,0920724,133.39000000000001,3,2,2,有,有,有,20000,150,坡道平面,0.0,0,,RPWNMLLLKIHFFBJ38CC
竹北市,建物,新竹縣竹北市興隆路三段37巷1~30號,0.0,住,,,1011215,土地0建物1車位2,二層,14,住宅大樓(11層含以上有電梯),住家用,鋼筋混凝土造,1010504,179.22,3,2,2,有,有,無,19000,106,坡道平面,0.0,0,,RPXNMLLLKIHFFBJ48CC
竹北市,建物,新竹縣竹北市復興二路61~90號,0.0,住,,,1011219,土地0建物1車位1,九層,13,住宅大樓(11層含以上有電梯),住家用,鋼筋混凝土造,1001222,178.5,3,2,2,有,有,有,19000,106,坡道平面,0.0,0,,RPOOMLLLKIHFFBJ67CC
湖口鄉,土地,祥喜段1~30地號,2070.0,其他,一般農業區,農牧用地,1011204,土地1建物0車位0,,,其他,,,,0.0,0,0,0,有,無,無,10000,5,,0.0,0,,RPTNMLLLKIHFFDJ28CC
竹北市,建物,新竹縣竹北市隘口三街211~240號,0.0,商,,,1011219,土地0建物1車位1,六層,13,住宅大樓(11層含以上有電梯),住家用,鋼筋混凝土造,0991214,156.99,3,2,2,有,有,有,22000,140,坡道平面,0.0,0,,RPUOMLMLKIHFFBJ38CC
竹北市,建物,新竹縣竹北市嘉豐五路二段91~120號,0.0,住,,,1011218,土地0建物1車位2,六層,15,住宅大樓(11層含以上有電梯),住家用,鋼筋混凝土造,0980626,293.05,4,2,3,有,有,有,82000,280,坡道平面,0.0,0,,RPXOMLMLKIHFFBJ68CC
竹北市,建物,新竹縣竹北市隘口六街121~150號,0.0,住,,,1011222,土地0建物1車位1,六層,12,住宅大樓(11層含以上有電梯),住家用,鋼筋混凝土造,0991231,162.78,3,2,2,有,有,有,20000,123,坡道平面,0.0,0,,RPWOMLNLKIHFFBJ68CC
竹北市,建物,新竹縣竹北市文興路二段61~90號,0.0,住,,,1011218,土地0建物1車位2,十六層,19,住宅大樓(11層含以上有電梯),住家用,鋼筋混凝土造,0970201,200.83999999999997,4,2,2,有,有,有,45000,224,坡道平面,0.0,0,,RPOOMLPLKIHFFBJ08CC
竹北市,建物,新竹縣竹北市縣政三街61~90號,0.0,商,,,1011220,土地0建物1車位0,二層,7,華廈(10層含以下有電梯),住家用,鋼筋混凝土造,0830502,159.61,5,0,5,有,無,有,25000,157,,0.0,0,,RPXPMLPLKIHFFBJ09CC
竹北市,建物,新竹縣竹北市光明九路151~180號,0.0,商,,,1011224,土地0建物1車位0,十層,11,套房(1房1廳1衛),商業用,鋼筋混凝土造,0980225,47.64,1,0,1,有,有,有,12000,252,,0.0,0,,RPQNMLRLKIHFFBJ38CC
竹北市,建物,新竹縣竹北市六家五路一段241~270號,0.0,住,,,1011222,土地0建物1車位1,十一層,14,住宅大樓(11層含以上有電梯),住家用,鋼筋混凝土造,1001202,143.73,2,2,1,有,有,有,16000,111,坡道平面,0.0,0,,RPRNMLRLKIHFFBJ48CC
竹北市,建物,新竹縣竹北市光明六路東一段241~270號,0.0,商,,,1011130,土地0建物1車位1,三層,15,辦公商業大樓,商業用,鋼筋混凝土造,0941114,265.90000000000003,0,0,2,有,無,無,60000,226,坡道平面,0.0,0,,RPROMLRLKIHFFBJ58CC
竹北市,建物,新竹縣竹北市復興一街241~270號,0.0,商,,,1011210,土地0建物1車位1,十六層,16,住宅大樓(11層含以上有電梯),商業用,鋼筋混凝土造,0970915,133.38,2,1,1,有,有,有,19444,146,坡道平面,0.0,0,,RPSQMLRLKIHFFBJ88CC
竹北市,房地(土地+建物)+車位,新竹縣竹北市高鐵七路31~60號,34.27,商,,,1011206,土地1建物1車位1,見其他登記事項,18,店面(店鋪),商業用,鋼筋混凝土造,0990208,243.32,0,0,0,無,有,無,36000,148,坡道平面,37.64,0,,RPUOMLSLKIHFFBJ98CC
竹北市,房地(土地+建物)+車位,新竹縣竹北市高鐵七路61~90號,12.5,商,,,1011202,土地1建物1車位1,八層,18,辦公商業大樓,商業用,鋼筋混凝土造,0990208,108.28,0,0,0,無,有,無,20500,189,坡道機械,0.0,0,,RPWOMLSLKIHFFBJ56CC
竹北市,建物,新竹縣竹北市興隆路三段301~330號,0.0,住,,,1011128,土地0建物1車位1,十一層,12,住宅大樓(11層含以上有電梯),住家用,鋼筋混凝土造,0970408,201.32,3,2,2,有,有,有,55000,273,坡道平面,0.0,0,租金含管理費、ADSL、TV、稅,RPPQMLSLKIHFFBJ68CC
竹北市,建物,新竹縣竹北市嘉興路181~210號,0.0,商,,,1011227,土地0建物1車位0,三層,7,套房(1房1廳1衛),商業用,鋼筋混凝土造,0980123,33.95,1,1,1,有,無,有,11000,324,,0.0,0,,RPQQMLSLKIHFFBJ78CC
竹北市,建物,新竹縣竹北市隘口一街1~30號,0.0,商,,,1011213,土地0建物1車位0,九層,10,套房(1房1廳1衛),商業用,鋼筋混凝土造,0970310,85.32,1,1,0,有,有,有,17000,199,,0.0,0,,RPSQMLSLKIHFFBJ98CC
竹北市,房地(土地+建物),新竹縣竹北市十興路305巷10弄1~30號,13.49,住,,,1020101,土地1建物1車位0,六層,6,華廈(10層含以下有電梯),住家用,鋼筋混凝土造,0841011,138.58,1,0,1,有,無,有,7000,51,,0.0,0,,RPTOMLSLKIHFFBJ98DC
竹北市,建物,新竹縣竹北市嘉豐一街91~120號,0.0,住,,,1011228,土地0建物1車位0,六層,7,套房(1房1廳1衛),商業用,鋼筋混凝土造,0990902,49.010000000000005,1,1,1,有,有,有,16000,326,,0.0,0,,RPQRMLMJJHIFFBJ97CC
竹北市,建物,新竹縣竹北市勝利一路121~150號,0.0,住,,,1011231,土地0建物1車位1,十三層,15,住宅大樓(11層含以上有電梯),住家用,鋼筋混凝土造,0941004,186.63,4,2,2,有,有,有,20000,107,坡道平面,0.0,0,,RPSRMLMJJHIFFBJ18CC
竹北市,建物,新竹縣竹北市光明一路271~300號,153.81,,,,1020301,土地0建物1車位0,一層,4,店面(店鋪),住商用,鋼筋混凝土造,0920117,278.08,0,0,1,無,無,無,100000,360,,0.0,0,,RPWRMLMJJHIFFBJ58CC
竹北市,建物,新竹縣竹北市成功二街121~150號,0.0,住,,,1011228,土地0建物1車位0,四層,5,套房(1房1廳1衛),住商用,鋼筋混凝土造,0960601,51.07,1,0,1,有,無,有,7500,147,,0.0,0,,RPRNMLNJJHIFFBJ77CC
竹北市,建物,新竹縣竹北市復興二路211~240號,0.0,商,,,1011228,土地0建物1車位0,七層,13,辦公商業大樓,商業用,鋼筋混凝土造,0961204,141.93,0,0,0,無,有,有,28000,197,,0.0,0,,RPSNMLNJJHIFFBJ87CC
竹北市,土地,家興段541~570地號,576.99,住,,,1011221,土地1建物0車位0,,,其他,,,,0.0,0,0,0,有,無,無,75000,130,,0.0,0,,RPROMLSJJHIFFBJ38CC
竹北市,土地,永興段661~690地號,224.08,住,,,1011229,土地1建物0車位0,,,其他,,,,0.0,0,0,0,有,無,無,23700,106,,0.0,0,,RPSOMLSJJHIFFBJ48CC
竹北市,土地,永興段661~690地號,185.91,住,,,1020105,土地1建物0車位0,,,其他,,,,0.0,0,0,0,有,無,有,18700,101,,0.0,0,,RPWOMLSJJHIFFBJ88CC
竹北市,建物,新竹縣竹北市光明九路61~90號,0.0,住,,,1020106,土地0建物1車位1,六層,10,華廈(10層含以下有電梯),商業用,鋼筋混凝土造,0910419,116.59,3,2,2,有,有,有,20000,172,坡道平面,0.0,0,,RPPPMLSJJHIFFBJ28CC
竹北市,建物,新竹縣竹北市隘口六街151~180號,0.0,住,,,1020107,土地0建物1車位1,二層,8,套房(1房1廳1衛),住家用,鋼筋混凝土造,0961228,128.86,1,1,1,有,有,有,10500,81,坡道平面,0.0,0,,RPQPMLSJJHIFFBJ38CC
竹北市,建物,新竹縣竹北市博愛街486巷1~30號,6.09,住,,,1020101,土地0建物1車位0,七層,8,華廈(10層含以下有電梯),商業用,鋼筋混凝土造,0940215,33.42,1,1,1,有,有,有,8000,239,,0.0,0,,RPUOMLSJJHIFFBJ78DC
竹北市,建物,新竹縣竹北市成功二街121~150號,0.0,住,,,1020107,土地0建物1車位0,四層,5,套房(1房1廳1衛),住商用,鋼筋混凝土造,0960601,51.07,1,0,1,有,無,有,7500,147,,0.0,0,,RPVOMLTJJHIFFBJ88CC
竹北市,土地,公園段481~510地號,330.0,住,,,1020115,土地1建物0車位0,,,店面(店鋪),,,,0.0,0,0,0,無,無,無,100000,303,,0.0,0,"本棟建物未保存登記,地址:新竹縣竹北市莊敬南路9號",RPVNMLKKJHIFFBJ08DC
竹北市,房地(土地+建物),新竹縣竹北市十興路271~300號,81.78,住,,,1011226,土地1建物1車位0,全,2,透天厝,住家用,加強磚造,0680201,163.2,4,2,3,有,無,無,15000,92,,0.0,0,,RPROMLLKJHIFFBJ77CC
竹北市,房地(土地+建物),新竹縣竹北市科大一路31~60號,18.77,住,,,1020110,土地1建物1車位0,一層,11,店面(店鋪),商業用,鋼筋混凝土造,1010528,90.52,0,0,1,無,無,無,16000,177,,0.0,0,,RPPSMLLKJHIFFBJ97CC
竹北市,房地(土地+建物),新竹縣竹北市莊敬北路91~120號,10.5,其他,,,1020115,土地1建物1車位0,一層,11,店面(店鋪),商業用,鋼筋混凝土造,0940331,67.61,1,0,0,無,無,無,29000,429,,0.0,0,,RPRNMLOKJHIFFBJ97CC
竹北市,建物,新竹縣竹北市自強南路1~30號,0.0,商,,,1010102,土地0建物1車位1,十四層,23,辦公商業大樓,商業用,鋼筋混凝土造,0960528,255.15,2,1,0,有,有,無,50000,196,坡道平面,0.0,0,,RPSQMLOKJHIFFBJ38CC
竹北市,建物,新竹縣竹北市文忠路189巷1~30號,0.0,住,,,1020113,土地0建物1車位1,全,4,透天厝,住家用,鋼筋混凝土造,0930602,172.1,3,2,3,有,無,有,25000,145,其他,0.0,0,,RPRNMLPKJHIFFBJ08CC
竹北市,建物,新竹縣竹北市莊敬五街31~60號,0.0,住,,,1020115,土地0建物1車位1,七層,15,住宅大樓(11層含以上有電梯),住家用,鋼筋混凝土造,0950519,172.60999999999999,3,2,2,有,有,有,27778,161,坡道平面,0.0,0,親友、員工或其他特殊關係間之交易。;租金含稅續租。,RPUNMLPKJHIFFBJ38CC
竹東鎮,房地(土地+建物),新竹縣竹東鎮中興路三段211~240號,147.06,住,,,1020113,土地1建物1車位0,全,1,透天厝,住家用,加強磚造,,94.58,0,0,0,無,無,無,7300,77,,0.0,0,租賃期限為102年3月1日至107年2月28日，租金105年3月1日起租金調整為2萬2千元正,RPRNMLPKJHIFFCJ28DC
竹北市,建物,新竹縣竹北市復興五街31~60號,0.0,住,,,1020112,土地0建物1車位0,二層,4,套房(1房1廳1衛),住家用,鋼筋混凝土造,0920516,54.67,1,0,1,有,無,有,8000,146,,0.0,0,,RPXNMLQKJHIFFBJ78CC
竹北市,建物,新竹縣竹北市福興路661~690號,60.25,住,,,1011220,土地0建物1車位1,一層,10,店面(店鋪),商業用,鋼筋混凝土造,0941028,174.68,0,0,0,無,有,無,50000,286,坡道平面,26.25,0,,RPXQMLRKJHIFFBJ56CC
竹北市,建物,新竹縣竹北市莊敬三路61~90號,0.0,住,,,1020113,土地0建物1車位1,四層,13,住宅大樓(11層含以上有電梯),住家用,鋼筋混凝土造,0930705,116.87,3,2,2,有,有,有,15000,128,坡道平面,0.0,0,坡道式進出平車x1,RPRNMLSKJHIFFBJ38CC
竹東鎮,房地(土地+建物),新竹縣竹東鎮自由街120巷1~30號,18.45,住,,,1020120,土地1建物1車位0,十層,11,住宅大樓(11層含以上有電梯),住家用,鋼筋混凝土造,0851224,78.98,3,2,2,有,有,有,10000,127,,0.0,0,,RPRNMLSKJHIFFCJ58DC
寶山鄉,建物,新竹縣寶山鄉館前路12巷1~30號,0.0,住,,,1020105,土地0建物1車位0,三層,6,華廈(10層含以下有電梯),住家用,鋼筋混凝土造,0810428,108.50999999999999,3,2,2,有,無,有,12000,111,,0.0,0,,RPQNMLSKJHIFFCJ38CC
竹北市,建物,新竹縣竹北市成功一街31~60號,0.0,住,,,1020119,土地0建物1車位0,八層,14,住宅大樓(11層含以上有電梯),住家用,鋼筋混凝土造,0930524,113.64,3,2,2,有,有,無,16000,141,,0.0,0,,RPSNMLMLJHIFFBJ97CC
竹北市,建物,新竹縣竹北市自強南路59巷1~30號,0.0,住,,,1020115,土地0建物1車位0,三層,14,套房(1房1廳1衛),住商用,鋼筋混凝土造,0930611,36.04,1,0,1,有,有,有,8000,222,,0.0,0,租金含管,RPOOMLMLJHIFFBJ67CC
竹北市,建物,新竹縣竹北市復興二路211~240號,0.0,住,,,1020117,土地0建物1車位0,七層,11,套房(1房1廳1衛),商業用,鋼筋混凝土造,0961204,46.93,1,1,1,無,有,有,13000,277,,0.0,0,租金每10天＄3939,RPPOMLMLJHIFFBJ77CC
竹北市,房地(土地+建物),新竹縣竹北市文興路二段61~90號,7666.81,住,,,1020301,土地0建物1車位0,一層,2,店面(店鋪),商業用,鋼筋混凝土造,0970201,189.75,0,0,0,無,有,無,20000,105,,0.0,0,,RPQOMLMLJHIFFBJ87CC
竹北市,建物,新竹縣竹北市光明六路東一段271~300號,0.0,商,,,1020111,土地0建物1車位1,十六層,23,住宅大樓(11層含以上有電梯),住家用,鋼筋混凝土造,0960528,197.94,3,2,2,有,有,有,30000,152,坡道平面,0.0,0,,RPWNMLNLJHIFFBJ48CC
竹北市,建物,新竹縣竹北市莊敬三路61~90號,0.0,住,,,1020122,土地0建物1車位1,六層,13,住宅大樓(11層含以上有電梯),住家用,鋼筋混凝土造,0930705,117.02,2,2,2,有,有,有,17000,145,坡道平面,0.0,0,含平面車位.管理費,RPPPMLNLJHIFFBJ97CC
竹北市,建物,新竹縣竹北市莊敬六街1~30號,0.0,住,,,1020124,土地0建物1車位0,五層,15,套房(1房1廳1衛),住家用,鋼筋混凝土造,0941114,35.94,1,0,1,有,有,有,8500,237,,0.0,0,租金含管理費、網路、第四台,RPPNMLQLJHIFFBJ08CC
竹北市,建物,新竹縣竹北市莊敬三路91~120號,0.0,住,,,1020127,土地0建物1車位1,八層,14,住宅大樓(11層含以上有電梯),住家用,鋼筋混凝土造,0931228,234.99,4,2,2,有,有,有,22000,94,坡道平面,0.0,0,坡道式進出平車,RPOOMLSLJHIFFBJ28CC
竹北市,建物,新竹縣竹北市福興一路1~30號,0.0,住,,,1020125,土地0建物1車位1,七層,15,住宅大樓(11層含以上有電梯),住家用,鋼筋混凝土造,0991120,91.06,2,2,1,有,有,有,16000,176,坡道平面,0.0,0,親友、員工或其他特殊關係間之交易。;坡道式進出平車續租。,RPROMLSLJHIFFBJ58CC
竹北市,建物,新竹縣竹北市六家一路一段121~150號,0.0,商,,,1020119,土地0建物1車位2,三層,15,華廈(10層含以下有電梯),住家用,鋼筋混凝土造,1000707,236.13,4,2,2,有,有,無,20000,85,坡道平面,0.0,0,,RPRQMLSLJHIFFBJ78CC
竹北市,房地(土地+建物),新竹縣竹北市莊敬北路121~150號,1101.58,商,,,1020601,土地1建物6車位0,一層,1,店面(店鋪),商業用,見其他登記事項,0950331,477.26,0,0,0,無,無,無,300000,629,,0.0,0,,RPQVMLTLJHIFFBJ66CC
竹北市,建物,新竹縣竹北市科大一路1~30號,0.0,住,,,1020105,土地0建物1車位1,一層,13,店面(店鋪),商業用,鋼筋混凝土造,1000901,297.54,0,0,1,無,有,無,50000,168,坡道平面,0.0,0,,RPUOMLKMJHIFFBJ18CC
竹北市,建物,新竹縣竹北市復興一街241~270號,0.0,商,,,1020118,土地0建物1車位2,十六層,16,辦公商業大樓,商業用,鋼筋混凝土造,0970915,105.38999999999999,0,0,0,無,有,無,23333,221,坡道平面,0.0,0,,RPVOMLKMJHIFFBJ28CC
竹北市,建物,新竹縣竹北市復興二路211~240號,0.0,商,,,1020125,土地0建物1車位1,十三層,13,辦公商業大樓,商業用,鋼筋混凝土造,0961204,141.93,0,0,1,無,有,無,28000,197,坡道平面,0.0,0,,RPTPMLKMJHIFFBJ18CC
竹北市,建物,新竹縣竹北市縣政三街121~150號,0.0,商,,,1020129,土地0建物1車位0,一層,8,店面(店鋪),商業用,鋼筋混凝土造,0820625,79.68,0,0,0,無,有,無,16000,201,,0.0,0,,RPVPMLKMJHIFFBJ38CC
竹北市,建物,新竹縣竹北市縣政九路151~180號,0.0,商,,,1020125,土地0建物1車位1,四層,7,辦公商業大樓,商業用,鋼筋混凝土造,0880323,315.14,3,1,1,有,無,無,82000,260,升降機械,0.0,0,,RPWPMLKMJHIFFBJ48CC
竹北市,建物,新竹縣竹北市莊敬五街61~90號,0.0,商,,,1020125,土地0建物1車位1,十一層,15,住宅大樓(11層含以上有電梯),住家用,鋼筋混凝土造,0950519,173.26999999999998,4,2,2,有,有,有,27000,156,坡道平面,0.0,0,,RPXPMLKMJHIFFBJ58CC
竹北市,建物,新竹縣竹北市勝利二路151~180號,0.0,住,,,1020108,土地0建物1車位0,全,4,透天厝,住商用,鋼筋混凝土造,0950522,81.41,0,0,1,無,無,無,30000,369,,0.0,0,,RPOQMLKMJHIFFBJ77CC
竹北市,建物,新竹縣竹北市勝利二路151~180號,0.0,住,,,1020108,土地0建物1車位0,全,4,透天厝,住商用,鋼筋混凝土造,0950522,162.82,2,1,2,有,無,無,20000,123,,0.0,0,,RPPQMLKMJHIFFBJ87CC
竹東鎮,房地(土地+建物)+車位,新竹縣竹東鎮自強路1~30號,24.01,住,,,1020201,土地1建物1車位1,八層,10,華廈(10層含以下有電梯),住家用,鋼筋混凝土造,0830428,78.13,3,2,2,有,有,有,12500,160,坡道平面,0.0,0,,RPRNMLLMJHIFFCJ08DC
