﻿編號,屋齡,建物移轉面積平方公尺,主要用途,主要建材,建築完成日期,總層數,建物分層
The serial number,room age,building shifting area square meter,the main use,main building materials,construction completes the date,total layer,building lamination
RPQTMLMJJIHFFAO68DC,21,23.84,住家用,鋼筋混凝土造,80年7月17日,四層,
RPUNMLPJJIHFFAO68CC,5,40.24,見其他登記事項,鋼筋混凝土造,97年1月31日,十五層,
RPUNMLPJJIHFFAO68CC,5,50.65,見其他登記事項,鋼筋混凝土造,97年1月31日,十五層,
RPWNMLPJJIHFFAO88CC,5,89.00,見其他登記事項,鋼筋混凝土造,96年11月1日,二十九層,
RPWNMLPJJIHFFAO88CC,5,54.00,見其他登記事項,鋼筋混凝土造,96年11月1日,二十九層,
RPWNMLPJJIHFFAO88CC,5,16.00,見其他登記事項,鋼筋混凝土造,96年11月1日,二十九層,
RPTOMLPJJIHFFAO68CC,12,18.81,住商用,鋼筋混凝土造,89年9月11日,五層,
RPUPMLQJJIHFFAO09DC,5,99.64,見其他登記事項,鋼骨鋼筋混凝土造,96年7月3日,二十八層,
RPROMLPJJIHFFAO48CC,,105.82,住商用,加強磚造,,二層,
RPOOMLRJJIHFFAO48DC,,34.25,住家用,鋼筋混凝土造,,七層,
RPXNMLRJJIHFFAO66DC,1,45.80,見其他登記事項,鋼筋混凝土造,101年2月21日,十一層,
RPROMLRJJIHFFAO78DC,21,23.84,住家用,鋼筋混凝土造,80年7月17日,四層,
RPPPMLNKJIHFFAO28CC,2,39.52,辦公室,鋼筋混凝土造,99年8月10日,九層,
RPSOMLRJJIHFFAO88DC,14,163.23,住商用,鋼筋混凝土造,88年3月10日,十四層,
RPQQMLTJJIHFFAO98CC,15,143.89,國民住宅,鋼筋混凝土造,87年4月10日,十二層,
RPQRMLPJJIHFFAO68CC,5,88.31,見其他登記事項,鋼筋混凝土造,96年11月1日,二十九層,
RPTOMLRJJIHFFAO98DC,6,23.26,辦公室,鋼筋混凝土造,95年7月1日,九層,
RPVOMLPJJIHFFAO88CC,28,106.60,住家用,加強磚造,73年11月24日,二層,
RPRSMLPJJIHFFAO88CC,37,90.16,住家用,加強磚造,65年2月24日,二層,
RPOPMLTJJIHFFAO68CC,6,31.32,見其他登記事項,鋼筋混凝土造,96年3月26日,五層,
RPOPMLTJJIHFFAO68CC,6,7.03,見其他登記事項,鋼筋混凝土造,96年3月26日,五層,
RPURMLPJJIHFFAO09CC,5,115.41,見其他登記事項,鋼筋混凝土造,96年11月1日,二十九層,
RPTOMLPKJIHFFAO78CC,17,70.65,住家用,鋼筋混凝土造,85年2月29日,十三層,
RPSPMLNLJIHFFAO68CC,11,92.96,住家用,鋼筋混凝土造,90年11月20日,七層,
RPQPMLRLJIHFFAO88CC,3,31.84,見其他登記事項,鋼筋混凝土造,98年6月1日,十五層,
RPTPMLKLJIHFFAO48CC,1,307.81,見其他登記事項,鋼筋混凝土造,100年11月21日,二十四層,
RPTPMLKLJIHFFAO48CC,1,235.70,見其他登記事項,鋼筋混凝土造,100年11月21日,二十四層,
RPXOMLTLJIHFFAO07CC,1,42.76,見其他登記事項,鋼筋混凝土造,101年2月21日,十一層,
RPPQMLSLJIHFFAO98CC,1,45.20,見其他登記事項,鋼筋混凝土造,101年2月21日,十一層,
RPPQMLSLJIHFFAO98CC,1,24.33,共有部分,鋼筋混凝土造,101年2月21日,十一層,
RPOQMLQKJIHFFAO58CC,34,74.06,住家用,加強磚造,67年11月20日,二層,
RPUOMLTLJIHFFAO86DC,13,123.10,住家用,鋼筋混凝土造,88年8月12日,九層,
RPPPMLNLJIHFFAO38CC,6,26.18,見其他登記事項,鋼筋混凝土造,95年6月14日,五層,
RPTNMLQKJIHFFAO78CC,34,74.06,住家用,加強磚造,67年11月20日,二層,
RPPNMLMJKIHFFAO97CC,8,35.23,見其他登記事項,鋼筋混凝土造,94年2月20日,四層,
RPSNMLQKJIHFFAO68CC,1,45.20,共有部分,鋼筋混凝土造,101年2月21日,十一層,
RPPQMLNJKIHFFAO48DC,2,164.55,見其他登記事項,鋼筋混凝土造,100年5月1日,十四層,
RPPOMLNJKIHFFAO18CC,29,64.52,國民住宅,鋼筋混凝土造,72年8月19日,七層,
RPQSMLPJKIHFFAO98DC,40,165.12,住商用,加強磚造,62年1月29日,二層,
RPOSMLPJKIHFFAO78DC,,102.75,見使用執照,鋼筋混凝土造,,五層,
RPURMLPJKIHFFAO66DC,6,22.18,見其他登記事項,鋼筋混凝土造,95年11月1日,八層,
RPRSMLPJKIHFFAO09DC,7,20.19,見其他登記事項,鋼筋混凝土造,95年5月19日,十層,
RPPRMLPJKIHFFAO78DC,8,30.98,見其他登記事項,鋼筋混凝土造,94年2月20日,四層,
RPWSMLPJKIHFFAO96DC,23,222.99,見使用執照,鋼筋混凝土造,79年2月8日,四層,
RPXSMLPJKIHFFAO07DC,6,24.30,辦公室,鋼筋混凝土造,95年11月1日,八層,
RPSSMLPJKIHFFAO56DC,21,44.81,住家用,鋼筋混凝土造,81年1月31日,七層,
RPUSMLPJKIHFFAO76DC,5,18.23,見其他登記事項,鋼筋混凝土造,96年6月30日,六層,
RPOTMLPJKIHFFAO88DC,2,49.87,見其他登記事項,鋼筋混凝土造,99年6月25日,十三層,
RPSPMLPJKIHFFAO78CC,23,193.01,住家用,鋼筋混凝土造,78年11月7日,二層,
RPRQMLPJKIHFFAO78CC,17,73.56,住家用,鋼筋混凝土造,85年2月29日,十三層,
RPRQMLPJKIHFFAO78CC,17,12.99,共有部分,鋼筋混凝土造,85年2月29日,十三層,
RPRQMLPJKIHFFAO78CC,17,24.84,共有部分,鋼筋混凝土造,85年2月29日,十三層,
RPVPMLPJKIHFFAO09CC,,59.53,商業用,加強磚造,,五層,
RPXPMLPJKIHFFAO66CC,4,22.03,見其他登記事項,鋼筋混凝土造,97年9月11日,十三層,
RPXPMLPJKIHFFAO66CC,4,7.70,見其他登記事項,鋼筋混凝土造,97年9月11日,十三層,
RPXPMLPJKIHFFAO66CC,4,3.61,見其他登記事項,鋼筋混凝土造,97年9月11日,十八層,
RPTPMLPJKIHFFAO88CC,,61.29,住家用,鋼筋混凝土造,,五層,
RPTPMLPJKIHFFAO88CC,,3.60,共有部分,鋼筋混凝土造,,五層,
RPQQMLPJKIHFFAO68CC,32,71.98,住家用,鋼筋混凝土造,69年8月12日,五層,
RPVQMLPJKIHFFAO56CC,8,42.19,見其他登記事項,鋼筋混凝土造,94年2月20日,四層,
RPVQMLPJKIHFFAO56CC,8,38.24,共有部分,鋼筋混凝土造,94年2月20日,四層,
RPVQMLPJKIHFFAO56CC,8,14.50,共有部分,鋼筋混凝土造,94年2月20日,四層,
RPUQMLPJKIHFFAO09CC,14,227.51,見其他登記事項,鋼筋混凝土造,88年1月11日,四層,
RPTRMLQJKIHFFAO56CC,18,79.33,住家用,鋼筋混凝土造,83年8月8日,七層,
RPXQMLPJKIHFFAO76CC,6,22.18,見其他登記事項,鋼筋混凝土造,95年12月12日,五層,
RPXQMLPJKIHFFAO76CC,6,3.76,見其他登記事項,鋼筋混凝土造,95年12月12日,五層,
RPXQMLPJKIHFFAO76CC,6,7.37,見其他登記事項,鋼筋混凝土造,95年12月12日,五層,
RPPQMLPJKIHFFAO58CC,16,202.18,住家用,鋼筋混凝土造,85年10月29日,三層,
RPPQMLPJKIHFFAO58CC,16,2.92,共有部分,鋼筋混凝土造,85年10月29日,四層,
RPSRMLPJKIHFFAO98CC,1,130.17,見其他登記事項,鋼筋混凝土造,100年11月30日,十五層,
RPSRMLPJKIHFFAO98CC,1,35.97,共有部分,鋼筋混凝土造,100年11月30日,十五層,
RPSRMLPJKIHFFAO98CC,1,83.11,共有部分,鋼筋混凝土造,100年11月30日,十五層,
RPSNMLRJKIHFFAO78CC,,49.76,住家用,鋼筋混凝土造,,八層,
RPSNMLRJKIHFFAO78CC,,18.88,共有部分,鋼筋混凝土造,,八層,
RPUNMLRJKIHFFAO98CC,26,169.60,住家用,鋼筋混凝土造,75年8月25日,二層,
RPROMLLKKIHFFAO28CC,9,118.64,見其他登記事項,鋼筋混凝土造,93年2月10日,十二層,
RPROMLLKKIHFFAO28CC,9,64.02,見其他登記事項,鋼筋混凝土造,93年2月10日,十二層,
RPOOMLLKKIHFFAO97CC,14,84.84,住家用,鋼筋混凝土造,87年8月26日,五層,
RPOOMLLKKIHFFAO97CC,14,3.46,共有部分,鋼筋混凝土造,87年8月26日,五層,
RPOOMLLKKIHFFAO97CC,16,46.33,共有部分,鋼筋混凝土造,86年5月15日,五層,
RPSQMLLKKIHFFAO58CC,19,7.93,共有部分,鋼筋混凝土造,82年12月16日,五層,
RPSQMLLKKIHFFAO58CC,19,42.26,共有部分,鋼筋混凝土造,82年10月19日,五層,
RPSQMLLKKIHFFAO58CC,19,70.37,住家用,鋼筋混凝土造,82年12月16日,五層,
RPVPMLMKKIHFFAO88CC,2,68.21,見其他登記事項,鋼筋混凝土造,100年3月24日,十二層,
RPVPMLMKKIHFFAO88CC,2,20.97,共有部分,鋼筋混凝土造,100年3月24日,十二層,
RPVPMLMKKIHFFAO88CC,2,9.77,共有部分,鋼筋混凝土造,100年3月24日,十二層,
RPTOMLPKKIHFFAO88CC,14,.17,見其他登記事項,鋼筋混凝土造,87年6月23日,二十一層,
RPTOMLPKKIHFFAO88CC,14,.85,見其他登記事項,鋼筋混凝土造,87年6月23日,二十一層,
RPTOMLPKKIHFFAO88CC,13,53.52,見其他登記事項,鋼筋混凝土造,89年5月1日,二十一層,
RPTOMLPKKIHFFAO88CC,13,15.41,見其他登記事項,鋼筋混凝土造,89年5月1日,二十二層,
RPTOMLOKKIHFFAO78CC,32,90.00,住家用,加強磚造,69年12月13日,二層,
RPROMLPKKIHFFAO68CC,6,110.44,見其他登記事項,鋼筋混凝土造,95年10月12日,十三層,
RPROMLPKKIHFFAO68CC,6,21.91,見其他登記事項,鋼筋混凝土造,95年10月12日,十三層,
RPROMLPKKIHFFAO68CC,6,15.39,見其他登記事項,鋼筋混凝土造,95年10月12日,十三層,
RPROMLPKKIHFFAO68CC,6,.12,見其他登記事項,鋼筋混凝土造,95年10月12日,十三層,
RPVOMLPKKIHFFAO09CC,1,105.77,見其他登記事項,鋼筋混凝土造,100年7月18日,十四層,
RPVOMLPKKIHFFAO09CC,1,19.67,共有部分,鋼筋混凝土造,100年7月18日,十四層,
RPVOMLPKKIHFFAO09CC,1,23.88,共有部分,鋼筋混凝土造,100年7月18日,十四層,
RPWOMLPKKIHFFAO56CC,19,69.95,住家用,鋼筋混凝土造,83年1月22日,十二層,
RPWOMLPKKIHFFAO56CC,19,17.50,共有部分,鋼筋混凝土造,83年1月22日,十二層,
RPPOMLMKKIHFFAO18CC,,109.80,住家用,加強磚造,,二層,
RPUPMLMKKIHFFAO78CC,13,21.15,住家用,鋼筋混凝土造,88年8月10日,六層,
RPUPMLMKKIHFFAO78CC,13,6.22,共有部分,鋼筋混凝土造,88年8月10日,六層,
RPUPMLMKKIHFFAO78CC,13,3.51,共有部分,鋼筋混凝土造,88年8月10日,六層,
RPOOMLMKKIHFFAO08CC,18,27.88,住家用,鋼筋混凝土造,83年12月5日,七層,
RPOOMLMKKIHFFAO08CC,18,12.65,共有部分,鋼筋混凝土造,83年12月5日,七層,
RPXNMLMKKIHFFAO88CC,19,101.22,住家用,鋼筋混凝土造,82年10月7日,十層,
RPXPMLMKKIHFFAO09CC,22,79.61,住家用,鋼筋混凝土造,80年1月15日,七層,
RPXPMLMKKIHFFAO09CC,22,15.05,共有部分,鋼筋混凝土造,80年1月15日,七層,
RPRVMLTKKIHFFAO17CC,31,95.86,住家用,加強磚造,71年6月14日,二層,
RPTONLLLKIHFFAO68CC,17,104.91,住家用,鋼筋混凝土造,85年4月18日,八層,
RPTONLLLKIHFFAO68CC,17,16.99,共有部分,鋼筋混凝土造,85年4月18日,八層,
RPTONLLLKIHFFAO68CC,17,51.52,見其他登記事項,鋼筋混凝土造,85年4月18日,八層,
RPXONLLLKIHFFAO09CC,8,113.38,見其他登記事項,鋼筋混凝土造,93年9月15日,十四層,
RPXONLLLKIHFFAO09CC,8,56.29,見其他登記事項,鋼筋混凝土造,93年9月15日,十四層,
RPOPMLMLKIHFFAO28CC,15,94.04,住家用,鋼筋混凝土造,86年7月1日,八層,
RPPPMLMLKIHFFAO38CC,14,115.18,住家用,鋼筋混凝土造,87年6月23日,二十一層,
RPPPMLMLKIHFFAO38CC,14,35.28,共有部分,鋼筋混凝土造,87年6月23日,二十二層,
RPPPMLMLKIHFFAO38CC,14,39.37,停車空間,鋼筋混凝土造,87年6月23日,二十二層,
RPTNMLNLKIHFFAO68CC,4,24.01,見其他登記事項,鋼筋混凝土造,97年11月8日,十一層,
RPTNMLNLKIHFFAO68CC,4,4.06,見其他登記事項,鋼筋混凝土造,97年11月8日,十一層,
RPTNMLNLKIHFFAO68CC,4,6.86,見其他登記事項,鋼筋混凝土造,97年11月8日,十一層,
RPVNMLQLKIHFFAO56CC,16,62.82,住家用,鋼筋混凝土造,86年1月31日,十二層,
RPVNMLQLKIHFFAO56CC,16,.01,共有部分,鋼筋混凝土造,86年1月31日,十二層,
RPOPMLQLKIHFFAO68CC,31,18.18,住家用,鋼筋混凝土造,71年1月19日,五層,
RPUNMLNJJHIFFAO58DC,21,32.94,共有部分,鋼筋混凝土造,80年11月11日,十二層,
RPXRMLMJJHIFFAO09CC,1,40.07,見其他登記事項,鋼筋混凝土造,101年2月21日,十一層,
RPXNMLNJJHIFFAO88DC,18,36.10,共有部分,鋼筋混凝土造,84年1月24日,十四層,
RPTOMLNJJHIFFAO58DC,15,33.58,見其他登記事項,鋼筋混凝土造,87年1月8日,九層,
RPQPNLLLKIHFFAO48CC,,106.76,住家用,加強磚造,,二層,
RPPNMLTLKIHFFAO88CC,5,89.00,見其他登記事項,鋼筋混凝土造,96年11月1日,二十九層,
RPPNMLTLKIHFFAO88CC,5,54.00,見其他登記事項,鋼筋混凝土造,96年11月1日,二十九層,
RPPNMLTLKIHFFAO88CC,5,16.00,見其他登記事項,鋼筋混凝土造,96年11月1日,二十九層,
RPWPMLPLKIHFFAO86DC,5,93.81,見其他登記事項,鋼骨鋼筋混凝土造,96年7月3日,二十八層,
RPPPNLLLKIHFFAO38CC,,102.63,住家用,鋼筋混凝土造,,十二層,
RPUOMLNJJHIFFAO68DC,13,206.89,見其他登記事項,鋼筋混凝土造,88年7月20日,十二層,
RPQNMLQJJHIFFAO38CC,18,147.67,住家用,鋼筋混凝土造,84年5月29日,十層,
RPPNMLQJJHIFFAO28CC,15,184.68,國民住宅,鋼筋混凝土造,87年6月15日,十層,
RPOPMLNJJHIFFAO18DC,17,74.65,商業用,鋼筋混凝土造,84年12月8日,八層,
RPRRMLRJJHIFFAO09DC,24,17.58,住家用,鋼筋混凝土造,78年1月7日,十二層,
RPTRMLRJJHIFFAO66DC,31,92.36,住家用,鋼筋混凝土造,70年9月26日,五層,
RPPRMLRJJHIFFAO88DC,1,45.20,見其他登記事項,鋼筋混凝土造,101年2月21日,十一層,
RPVOMLNJJHIFFAO78DC,1,45.20,見其他登記事項,鋼筋混凝土造,101年2月21日,十一層,
RPXNMLOJJHIFFAO88CC,30,88.20,國民住宅,鋼筋混凝土造,72年4月13日,五層,
RPXOMLNJJHIFFAO98DC,1,42.76,見其他登記事項,鋼筋混凝土造,101年2月21日,十一層,
RPPNMLNJJHIFFAO18EC,15,23.97,住家用,鋼筋混凝土造,87年3月2日,十四層,
RPPNMLNJJHIFFAO18EC,15,2.31,見其他登記事項,鋼筋混凝土造,87年3月2日,十四層,
RPPNMLNJJHIFFAO18EC,15,7.80,住家用,鋼筋混凝土造,87年3月2日,十四層,
RPROMLLKJHIFFAO18CC,16,70.05,見其他登記事項,鋼筋混凝土造,86年4月9日,十八層,
RPROMLLKJHIFFAO18CC,16,13.62,共有部分,鋼筋混凝土造,86年4月9日,十八層,
RPROMLLKJHIFFAO18CC,16,9.58,共有部分,鋼筋混凝土造,86年4月9日,十八層,
RPUPMLTJJHIFFAO66CC,14,152.33,住家用,鋼筋混凝土造,87年7月18日,二十層,
RPWPMLPKJHIFFAO56CC,14,109.08,住家用,鋼筋混凝土造,88年4月20日,五層,
RPWPMLPKJHIFFAO56CC,14,13.10,共有部分,鋼筋混凝土造,88年4月20日,五層,
RPWPMLPKJHIFFAO56CC,14,32.20,共有部分,鋼筋混凝土造,88年4月20日,五層,
RPTPMLTJJHIFFAO56CC,14,152.60,住家用,鋼筋混凝土造,87年7月18日,二十層,
RPSOMLTJJHIFFAO98CC,1,107.28,見其他登記事項,鋼筋混凝土造,100年7月18日,十四層,
RPSOMLTJJHIFFAO98CC,1,19.98,共有部分,鋼筋混凝土造,100年7月18日,十四層,
RPSOMLTJJHIFFAO98CC,1,26.58,共有部分,鋼筋混凝土造,100年7月18日,十四層,
RPPQMLSJJHIFFAO78CC,6,22.41,見其他登記事項,鋼筋混凝土造,96年4月16日,五層,
RPPQMLSJJHIFFAO78CC,6,9.41,見其他登記事項,鋼筋混凝土造,96年4月16日,五層,
RPVPMLPKJHIFFAO09CC,,69.63,住家用,鋼筋混凝土造,,五層,
RPVPMLPKJHIFFAO09CC,,69.63,住家用,鋼筋混凝土造,,五層,
RPVPMLPKJHIFFAO09CC,,10.40,住家用,鋼筋混凝土造,,五層,
RPVNMLPKJHIFFAO88CC,30,119.80,住家用,鋼筋混凝土造,71年12月29日,十層,
RPTOMLTJJHIFFAO09CC,5,112.31,見其他登記事項,鋼骨鋼筋混凝土造,96年7月3日,二十八層,
RPTOMLLKJHIFFAO38CC,26,95.85,住家用,鋼筋混凝土造,76年3月31日,二層,
RPSOMLRKJHIFFAO88CC,,92.14,住家用,鋼筋混凝土造,,七層,
RPSOMLRKJHIFFAO88CC,,15.19,共有部分,鋼筋混凝土造,,000,
RPVNMLNLJHIFFAO78CC,8,28.34,見其他登記事項,鋼筋混凝土造,94年2月20日,四層,
RPQOMLOLJHIFFAO48CC,16,93.94,住家用,鋼筋混凝土造,86年5月30日,二十四層,
RPQOMLOLJHIFFAO48CC,16,47.06,共有部分,鋼筋混凝土造,86年5月30日,二十四層,
RPQOMLOLJHIFFAO48CC,16,12.60,共有部分,鋼筋混凝土造,86年5月30日,二十四層,
RPQOMLOLJHIFFAO48CC,16,3.41,共有部分,鋼筋混凝土造,86年5月30日,二十四層,
RPQOMLOLJHIFFAO48CC,16,8.65,共有部分,鋼筋混凝土造,86年5月30日,二十四層,
RPROMLNLJHIFFAO58DC,5,102.57,見其他登記事項,鋼骨鋼筋混凝土造,96年7月3日,二十八層,
RPWQMLSLJHIFFAO07CC,22,69.11,住家用,鋼筋混凝土造,80年6月3日,十層,
RPWOMLNLJHIFFAO98CC,13,9.24,共有部分,鋼筋混凝土造,89年4月17日,十四層,
RPWOMLNLJHIFFAO98CC,,32.40,住家用,加強磚造,,二層,
RPWOMLOLJHIFFAO09CC,30,128.92,住家用,加強磚造,72年1月4日,三層,
RPOPMLNLJHIFFAO38DC,2,125.83,見其他登記事項,鋼筋混凝土造,100年7月18日,十四層,
RPOPMLNLJHIFFAO38DC,2,23.13,共有部分,鋼筋混凝土造,100年7月18日,十四層,
RPOPMLNLJHIFFAO38DC,2,23.89,共有部分,鋼筋混凝土造,100年7月18日,十四層,
RPOPMLNLJHIFFAO38DC,2,.02,見其他登記事項,鋼筋混凝土造,100年7月18日,十四層,
RPOPMLNLJHIFFAO38DC,2,.00,共有部分,鋼筋混凝土造,100年7月18日,十四層,
RPOPMLNLJHIFFAO38DC,2,33.90,共有部分,鋼筋混凝土造,100年7月18日,十四層,
RPQPMLPLJHIFFAO68CC,19,89.11,住家用,鋼筋混凝土造,82年8月7日,七層,
RPXQMLSLJHIFFAO17CC,16,70.04,住家用,鋼筋混凝土造,86年5月20日,十七層,
RPRSMLKMJHIFFAO68CC,22,34.65,住家用,鋼筋混凝土造,80年7月1日,七層,
RPVSMLKMJHIFFAO09CC,23,106.35,住家用,鋼筋混凝土造,78年10月30日,五層,
RPVSMLKMJHIFFAO09CC,23,6.75,共有部分,鋼筋混凝土造,78年10月30日,五層,
RPVSMLKMJHIFFAO09CC,23,12.84,共有部分,鋼筋混凝土造,78年10月30日,五層,
RPTSMLKMJHIFFAO88CC,,243.74,見其他登記事項,見其他登記事項,,三層,
RPTOMLNLJHIFFAO68CC,13,124.75,住家用,鋼筋混凝土造,89年1月25日,七層,
RPTOMLNLJHIFFAO68CC,13,23.78,見其他登記事項,鋼筋混凝土造,89年1月25日,七層,
RPTOMLNLJHIFFAO68CC,13,17.43,見其他登記事項,鋼筋混凝土造,89年1月25日,七層,
RPWNMLNLJHIFFAO88CC,2,95.77,見其他登記事項,鋼筋混凝土造,99年8月24日,十二層,
RPWNMLNLJHIFFAO88CC,2,25.33,共有部分,鋼筋混凝土造,99年8月24日,十四層,
RPWNMLNLJHIFFAO88CC,2,17.99,共有部分,鋼筋混凝土造,99年8月24日,十二層,
RPWNMLNLJHIFFAO88CC,2,.07,見其他登記事項,鋼筋混凝土造,99年8月24日,十二層,
RPWNMLNLJHIFFAO88CC,2,31.03,共有部分,鋼筋混凝土造,99年8月24日,十四層,
RPVOMLNLJHIFFAO88CC,18,71.19,住家用,鋼筋混凝土造,84年1月18日,九層,
RPUOMLNLJHIFFAO78CC,21,30.08,住家用,鋼筋混凝土造,80年12月31日,十二層,
