﻿鄉鎮市區,交易標的,土地區段位置建物區段門牌,土地移轉總面積平方公尺,都市土地使用分區,非都市土地使用分區,非都市土地使用編定,交易年月日,交易筆棟數,移轉層次,總樓層數,建物型態,主要用途,主要建材,建築完成年月,建物移轉總面積平方公尺,建物現況格局-房,建物現況格局-廳,建物現況格局-衛,建物現況格局-隔間,有無管理組織,總價元,單價元平方公尺,車位類別,車位移轉總面積平方公尺,車位總價元,備註,編號
The villages and towns urban district,transaction sign,land sector position building sector house number plate,land shifting total area square meter,the use zoning or compiles and checks,the non-metropolis land use district,non-metropolis land use,transaction year month and day,transaction pen number,shifting level,total floor number,building state,main use,main building materials,construction to complete the years,building shifting total area,Building present situation pattern - room,building present situation pattern - hall,building present situation pattern - health,building present situation pattern - compartmented,Whether there is manages the organization,total price Yuan,the unit price a Yuan square meter,the berth category,berth shifting total area square meter,the berth total price Yuan,the note,serial number
信義區,房地(土地+建物)+車位,吳興段二小段781~810地號,26.13,住,,,1040224,土地4建物1車位1,七層,10,華廈(10層含以下有電梯),住家用,鋼筋混凝土造,,182.23,3,1,2,有,無,37090000,229487,坡道平面,32.81,2800000,,RPOOMLOLJIMFFDA57CB
信義區,房地(土地+建物)+車位,吳興段二小段781~810地號,18.71,住,,,1040224,土地4建物1車位1,七層,10,華廈(10層含以下有電梯),住家用,鋼筋混凝土造,,137.07,2,1,1,有,無,26660000,229810,坡道平面,32.81,2700000,,RPPOMLOLJIMFFDA67CB
信義區,房地(土地+建物)+車位,吳興段二小段781~810地號,27.7,住,,,1040424,土地4建物1車位2,九層,10,華廈(10層含以下有電梯),住家用,鋼筋混凝土造,,215.06,3,1,2,有,無,40200000,232200,坡道平面,65.62,5500000,,RPQOMLOLJIMFFDA77CB
信義區,房地(土地+建物)+車位,吳興段二小段781~810地號,26.13,住,,,1040418,土地4建物1車位1,十層,10,華廈(10層含以下有電梯),住家用,鋼筋混凝土造,,182.25,3,1,2,有,無,37880000,234743,坡道平面,32.81,2800000,,RPROMLOLJIMFFDA87CB
信義區,房地(土地+建物)+車位,吳興段二小段781~810地號,18.94,住,,,1040314,土地4建物1車位1,五層,10,華廈(10層含以下有電梯),住家用,鋼筋混凝土造,,138.55,2,1,1,有,無,26880000,230093,坡道平面,32.81,2550000,,RPSOMLOLJIMFFDA97CB
中山區,房地(土地+建物)+車位,中山段一小段151~180地號,21.57,商,,,1011123,土地1建物1車位1,九層,13,住宅大樓(11層含以上有電梯),住家用,鋼筋混凝土造,,238.51,3,2,2,有,無,54780000,265314,坡道平面,40.33,2200000,,RPOQMLPJKIMFFCA67CB
中山區,房地(土地+建物),中山段一小段151~180地號,9.86,商,,,1011123,土地1建物1車位0,九層,13,住宅大樓(11層含以上有電梯),住家用,鋼筋混凝土造,,90.79,2,2,1,有,無,24090000,265338,,0.0,0,,RPRQMLPJKIMFFCA97CB
中山區,房地(土地+建物),中山段一小段151~180地號,21.57,商,,,1011123,土地1建物1車位0,九層,13,住宅大樓(11層含以上有電梯),住家用,鋼筋混凝土造,,199.99,3,2,2,有,無,53050000,265263,,0.0,0,,RPSQMLPJKIMFFCA08CB
中山區,房地(土地+建物)+車位,中山段一小段151~180地號,20.13,商,,,1011202,土地1建物1車位1,八層,13,住宅大樓(11層含以上有電梯),住家用,鋼筋混凝土造,,224.58,3,2,2,有,無,49620000,256282,坡道平面,40.33,2400000,,RPTQMLPJKIMFFCA18CB
中山區,房地(土地+建物)+車位,中山段一小段151~180地號,21.16,商,,,1011129,土地1建物1車位2,五層,13,住宅大樓(11層含以上有電梯),住家用,鋼筋混凝土造,,273.21,3,2,2,有,無,54700000,259153,坡道平面,80.66,4800000,,RPUQMLPJKIMFFCA28CB
中山區,房地(土地+建物)+車位,中山段一小段151~180地號,9.86,商,,,1011202,土地1建物1車位1,三層,13,住宅大樓(11層含以上有電梯),住家用,鋼筋混凝土造,,130.3,2,2,1,有,無,26670000,271424,坡道平面,40.33,2250000,,RPVQMLPJKIMFFCA38CB
中山區,房地(土地+建物)+車位,中山段一小段151~180地號,21.57,商,,,1011205,土地1建物1車位1,四層,13,住宅大樓(11層含以上有電梯),住家用,鋼筋混凝土造,,238.22,3,2,2,有,無,53770000,256317,坡道機械,40.34,3050000,,RPWQMLPJKIMFFCA48CB
中山區,房地(土地+建物)+車位,中山段一小段151~180地號,10.06,商,,,1011205,土地1建物1車位1,四層,13,住宅大樓(11層含以上有電梯),住家用,鋼筋混凝土造,,131.12,2,2,1,有,無,25280000,255865,坡道平面,40.33,2050000,,RPORMLPJKIMFFCA77CB
中山區,房地(土地+建物)+車位,中山段一小段151~180地號,19.92,商,,,1011207,土地1建物1車位1,六層,13,住宅大樓(11層含以上有電梯),住家用,鋼筋混凝土造,,222.46,3,2,2,有,無,49780000,260144,坡道平面,40.33,2400000,,RPPRMLPJKIMFFCA87CB
中山區,房地(土地+建物)+車位,中山段一小段151~180地號,21.57,商,,,1020119,土地1建物1車位2,三層,13,住宅大樓(11層含以上有電梯),住家用,鋼筋混凝土造,,276.55,3,2,2,有,無,54080000,251570,坡道平面,80.66,4800000,,RPQRMLPJKIMFFCA97CB
中山區,房地(土地+建物)+車位,中山段一小段151~180地號,21.57,商,,,1011224,土地1建物1車位1,七層,13,住宅大樓(11層含以上有電梯),住家用,鋼筋混凝土造,,238.51,3,2,2,有,無,54920000,265012,坡道平面,40.33,2400000,,RPSRMLPJKIMFFCA18CB
中山區,房地(土地+建物)+車位,中山段一小段151~180地號,10.06,商,,,1011224,土地1建物1車位1,七層,13,住宅大樓(11層含以上有電梯),住家用,鋼筋混凝土造,,131.12,2,2,1,有,無,26450000,264897,坡道平面,40.33,2400000,,RPTRMLPJKIMFFCA28CB
中山區,房地(土地+建物)+車位,中山段一小段151~180地號,21.77,商,,,1011224,土地1建物1車位1,七層,13,住宅大樓(11層含以上有電梯),住家用,鋼筋混凝土造,,240.32,3,2,2,有,無,55400000,265013,坡道平面,40.33,2400000,,RPURMLPJKIMFFCA38CB
中山區,房地(土地+建物)+車位,中山段一小段151~180地號,21.57,商,,,1011224,土地1建物1車位1,八層,13,住宅大樓(11層含以上有電梯),住家用,鋼筋混凝土造,,238.51,3,2,2,有,無,54920000,265012,坡道平面,40.33,2400000,,RPVRMLPJKIMFFCA48CB
中山區,房地(土地+建物)+車位,中山段一小段151~180地號,10.06,商,,,1011224,土地1建物1車位1,八層,13,住宅大樓(11層含以上有電梯),住家用,鋼筋混凝土造,,131.12,2,2,1,有,無,26300000,264897,坡道平面,40.33,2250000,,RPWRMLPJKIMFFCA58CB
中山區,房地(土地+建物)+車位,中山段一小段151~180地號,21.77,商,,,1011224,土地1建物1車位1,八層,13,住宅大樓(11層含以上有電梯),住家用,鋼筋混凝土造,,240.32,3,2,2,有,無,55400000,265013,坡道平面,40.33,2400000,,RPXRMLPJKIMFFCA68CB
中山區,房地(土地+建物)+車位,中山段一小段151~180地號,21.57,商,,,1011221,土地1建物1車位1,十層,13,住宅大樓(11層含以上有電梯),住家用,鋼筋混凝土造,,238.51,3,2,2,有,無,55060000,266727,坡道平面,40.33,2200000,,RPOSMLPJKIMFFCA87CB
中山區,房地(土地+建物)+車位,中山段一小段151~180地號,21.77,商,,,1011224,土地1建物1車位2,六層,13,住宅大樓(11層含以上有電梯),住家用,鋼筋混凝土造,,278.84,3,2,2,有,無,55570000,265012,坡道平面,80.66,3050000,,RPPSMLPJKIMFFCA97CB
中山區,房地(土地+建物)+車位,中山段一小段151~180地號,10.27,商,,,1011224,土地1建物1車位2,六層,13,住宅大樓(11層含以上有電梯),住家用,鋼筋混凝土造,,171.45,2,2,1,有,無,27100000,264897,坡道平面,80.66,3050000,,RPQSMLPJKIMFFCA08CB
中山區,房地(土地+建物)+車位,中山段一小段151~180地號,22.39,商,,,1011224,土地1建物1車位4,六層,13,住宅大樓(11層含以上有電梯),住家用,鋼筋混凝土造,,361.31,3,2,2,有,無,59900000,265013,坡道平面,161.32,6900000,,RPRSMLPJKIMFFCA18CB
中山區,房地(土地+建物)+車位,中山段一小段151~180地號,21.36,商,,,1011225,土地1建物1車位1,二層,13,住宅大樓(11層含以上有電梯),住家用,鋼筋混凝土造,,236.64,3,2,2,有,無,52800000,257756,坡道平面,40.33,2200000,,RPSSMLPJKIMFFCA28CB
中山區,房地(土地+建物)+車位,中山段一小段151~180地號,19.92,商,,,1020106,土地1建物1車位1,五層,13,住宅大樓(11層含以上有電梯),住家用,鋼筋混凝土造,,222.47,3,2,2,有,無,49290000,253885,坡道機械,40.34,3050000,,RPTSMLPJKIMFFCA38CB
中山區,房地(土地+建物)+車位,中山段一小段151~180地號,19.92,商,,,1020201,土地1建物1車位1,三層,13,住宅大樓(11層含以上有電梯),住家用,鋼筋混凝土造,,222.46,3,2,2,有,無,50570000,265580,坡道平面,40.33,2200000,,RPUSMLPJKIMFFCA48CB
中山區,房地(土地+建物)+車位,中山段一小段151~180地號,19.92,商,,,1020201,土地1建物1車位1,四層,13,住宅大樓(11層含以上有電梯),住家用,鋼筋混凝土造,,222.46,3,2,2,有,無,50570000,265580,坡道平面,40.33,2200000,,RPVSMLPJKIMFFCA58CB
中山區,房地(土地+建物),中山段一小段151~180地號,9.86,商,,,1020115,土地1建物1車位0,十二層,13,住宅大樓(11層含以上有電梯),住家用,鋼筋混凝土造,,90.79,2,2,1,有,無,24710000,272167,,0.0,0,,RPWSMLPJKIMFFCA68CB
中山區,房地(土地+建物)+車位,中山段一小段151~180地號,21.77,商,,,1020115,土地1建物1車位1,十二層,13,住宅大樓(11層含以上有電梯),住家用,鋼筋混凝土造,,240.33,3,2,2,有,無,57500000,272264,坡道機械,40.34,3050000,,RPXSMLPJKIMFFCA78CB
中山區,房地(土地+建物)+車位,中山段一小段151~180地號,21.57,商,,,1020118,土地1建物1車位1,十一層,13,住宅大樓(11層含以上有電梯),住家用,鋼筋混凝土造,,238.51,3,2,2,有,無,56010000,272278,坡道平面,40.33,2050000,,RPOTMLPJKIMFFCA97CB
中山區,房地(土地+建物),中山段一小段151~180地號,9.86,商,,,1020118,土地1建物1車位0,十一層,13,住宅大樓(11層含以上有電梯),住家用,鋼筋混凝土造,,90.79,2,2,1,有,無,24720000,272277,,0.0,0,,RPPTMLPJKIMFFCA08CB
中山區,房地(土地+建物)+車位,中山段一小段151~180地號,21.77,商,,,1020118,土地1建物1車位1,十一層,13,住宅大樓(11層含以上有電梯),住家用,鋼筋混凝土造,,240.33,3,2,2,有,無,57500000,272264,坡道機械,40.34,3050000,,RPQTMLPJKIMFFCA18CB
中山區,房地(土地+建物)+車位,中山段一小段151~180地號,21.77,商,,,1020106,土地1建物1車位1,四層,13,住宅大樓(11層含以上有電梯),住家用,鋼筋混凝土造,,240.32,3,2,2,有,無,52580000,251913,坡道平面,40.33,2200000,,RPRTMLPJKIMFFCA28CB
中山區,房地(土地+建物)+車位,中山段一小段151~180地號,21.57,商,,,1020129,土地1建物1車位1,三層,13,住宅大樓(11層含以上有電梯),住家用,鋼筋混凝土造,,238.25,3,2,2,有,無,51740000,251061,坡道平面,40.33,2050000,,RPSTMLPJKIMFFCA38CB
中山區,房地(土地+建物)+車位,中山段一小段151~180地號,21.77,商,,,1020117,土地1建物1車位1,二層,13,住宅大樓(11層含以上有電梯),住家用,鋼筋混凝土造,,239.47,3,2,2,有,無,53600000,253854,坡道機械,40.34,3050000,,RPTTMLPJKIMFFCA48CB
中山區,房地(土地+建物)+車位,中山段一小段151~180地號,10.68,商,,,1020120,土地1建物1車位1,二層,13,住宅大樓(11層含以上有電梯),住家用,鋼筋混凝土造,,136.65,2,2,1,有,無,28250000,261655,坡道機械,40.34,3050000,,RPUTMLPJKIMFFCA58CB
中山區,房地(土地+建物)+車位,中山段一小段151~180地號,21.57,商,,,1020126,土地1建物1車位1,五層,13,住宅大樓(11層含以上有電梯),住家用,鋼筋混凝土造,,238.87,3,2,2,有,無,53400000,258638,坡道平面,40.33,2050000,,RPVTMLPJKIMFFCA68CB
中山區,房地(土地+建物)+車位,中山段一小段151~180地號,14.79,商,,,1020127,土地1建物1車位1,十一層,13,住宅大樓(11層含以上有電梯),住家用,鋼筋混凝土造,,175.57,3,2,2,有,無,39050000,266213,坡道機械,40.34,3050000,,RPWTMLPJKIMFFCA78CB
中山區,房地(土地+建物)+車位,中山段一小段151~180地號,21.16,商,,,1020131,土地1建物1車位2,五層,13,住宅大樓(11層含以上有電梯),住家用,鋼筋混凝土造,,272.49,3,2,2,有,無,52640000,255643,坡道平面,80.66,3600000,,RPXTMLPJKIMFFCA88CB
中山區,房地(土地+建物)+車位,中山段一小段151~180地號,20.95,商,,,1020131,土地1建物1車位1,六層,13,住宅大樓(11層含以上有電梯),住家用,鋼筋混凝土造,,231.86,3,2,2,有,無,51050000,257140,坡道平面,40.33,1800000,,RPOUMLPJKIMFFCA08CB
中山區,房地(土地+建物)+車位,中山段一小段151~180地號,14.79,商,,,1020205,土地1建物1車位1,十三層,13,住宅大樓(11層含以上有電梯),住家用,鋼筋混凝土造,,175.65,3,2,2,有,無,39880000,272190,坡道機械,40.34,3050000,,RPPUMLPJKIMFFCA18CB
中山區,房地(土地+建物)+車位,中山段一小段151~180地號,14.79,商,,,1020130,土地1建物1車位1,十二層,13,住宅大樓(11層含以上有電梯),住家用,鋼筋混凝土造,,175.56,3,2,2,有,無,39800000,278045,坡道平面,40.33,2200000,,RPQUMLPJKIMFFCA28CB
中山區,房地(土地+建物)+車位,中山段一小段151~180地號,14.38,商,,,1020202,土地1建物1車位1,十層,13,住宅大樓(11層含以上有電梯),住家用,鋼筋混凝土造,,171.49,3,2,2,有,無,37280000,268603,坡道平面,40.33,2050000,,RPRUMLPJKIMFFCA38CB
中山區,房地(土地+建物)+車位,中山段一小段151~180地號,21.77,商,,,1020118,土地1建物1車位1,五層,13,住宅大樓(11層含以上有電梯),住家用,鋼筋混凝土造,,240.32,3,2,2,有,無,53800000,257013,坡道平面,40.33,2400000,,RPSUMLPJKIMFFCA48CB
中山區,房地(土地+建物)+車位,中山段一小段151~180地號,14.38,商,,,1020206,土地1建物1車位1,十二層,13,住宅大樓(11層含以上有電梯),住家用,鋼筋混凝土造,,171.5,3,2,2,有,無,40150000,282861,坡道機械,40.34,3050000,,RPTUMLPJKIMFFCA58CB
中山區,房地(土地+建物)+車位,中山段一小段151~180地號,14.79,商,,,1020206,土地1建物1車位1,十二層,13,住宅大樓(11層含以上有電梯),住家用,鋼筋混凝土造,,175.57,3,2,2,有,無,41300000,282851,坡道機械,40.34,3050000,,RPUUMLPJKIMFFCA68CB
中山區,房地(土地+建物)+車位,中山段一小段151~180地號,14.38,商,,,1020208,土地1建物1車位1,十二層,13,住宅大樓(11層含以上有電梯),住家用,鋼筋混凝土造,,171.49,3,2,2,有,無,38000000,272949,坡道平面,40.33,2200000,,RPVUMLPJKIMFFCA78CB
中山區,房地(土地+建物)+車位,中山段一小段151~180地號,20.95,商,,,1020301,土地1建物1車位1,四層,13,住宅大樓(11層含以上有電梯),住家用,鋼筋混凝土造,,232.17,3,2,2,有,無,51800000,254131,坡道機械,40.34,3050000,,RPWUMLPJKIMFFCA88CB
中山區,房地(土地+建物)+車位,中山段一小段151~180地號,21.57,商,,,1020309,土地1建物1車位1,四層,13,住宅大樓(11層含以上有電梯),住家用,鋼筋混凝土造,,238.87,3,2,2,有,無,52960000,254155,坡道平面,40.33,2500000,,RPOVMLPJKIMFFCA18CB
中山區,房地(土地+建物)+車位,中山段一小段151~180地號,20.95,商,,,1020326,土地1建物1車位1,三層,13,住宅大樓(11層含以上有電梯),住家用,鋼筋混凝土造,,232.16,3,2,2,有,無,51250000,254131,坡道平面,40.33,2500000,,RPPVMLPJKIMFFCA28CB
中山區,房地(土地+建物)+車位,中山段一小段151~180地號,14.38,商,,,1020129,土地1建物1車位1,十一層,13,住宅大樓(11層含以上有電梯),住家用,鋼筋混凝土造,,171.49,3,2,2,有,無,37320000,267765,坡道平面,40.33,2200000,,RPQVMLPJKIMFFCA38CB
中山區,房地(土地+建物)+車位,中山段一小段151~180地號,20.95,商,,,1011219,土地1建物1車位1,九層,13,住宅大樓(11層含以上有電梯),住家用,鋼筋混凝土造,,232.88,3,2,2,有,無,53680000,266320,坡道平面,40.33,2400000,,RPRVMLPJKIMFFCA48CB
中山區,房地(土地+建物)+車位,中山段一小段151~180地號,14.38,商,,,1020204,土地1建物1車位1,十一層,13,住宅大樓(11層含以上有電梯),住家用,鋼筋混凝土造,,171.5,3,2,2,有,無,38550000,270662,坡道機械,40.34,3050000,,RPSVMLPJKIMFFCA58CB
中山區,房地(土地+建物)+車位,中山段一小段151~180地號,14.79,商,,,1020131,土地1建物1車位1,十一層,13,住宅大樓(11層含以上有電梯),住家用,鋼筋混凝土造,,175.57,3,2,2,有,無,38900000,267100,坡道機械,40.34,2780000,,RPTVMLPJKIMFFCA68CB
內湖區,房地(土地+建物),碧湖段二小段241~270地號,9.72,商,,,1030325,土地1建物1車位0,五層,13,住宅大樓(11層含以上有電梯),住家用,鋼筋混凝土造,,97.52,2,2,1,有,無,25200000,258409,,0.0,0,,RPOPMLSKKIMFFCA97CB
內湖區,房地(土地+建物)+車位,碧湖段二小段241~270地號,11.31,商,,,1030502,土地1建物1車位1,四層,13,住宅大樓(11層含以上有電梯),住家用,鋼筋混凝土造,,130.76,2,2,1,有,無,28990000,221704,坡道平面,0.0,2500000,,RPPPMLSKKIMFFCA08CB
內湖區,房地(土地+建物),碧湖段二小段241~270地號,8.23,商,,,1030318,土地1建物1車位0,四層,13,住宅大樓(11層含以上有電梯),住家用,鋼筋混凝土造,,82.9,2,2,1,有,無,21300000,256936,,0.0,0,,RPQPMLSKKIMFFCA18CB
內湖區,房地(土地+建物)+車位,碧湖段二小段241~270地號,15.71,商,,,1030624,土地1建物1車位1,四層,13,住宅大樓(11層含以上有電梯),住家用,鋼筋混凝土造,,174.47,3,2,2,有,無,38800000,222388,坡道平面,0.0,2400000,,RPSPMLSKKIMFFCA38CB
內湖區,房地(土地+建物)+車位,碧湖段二小段241~270地號,11.13,商,,,1030408,土地1建物1車位1,七層,13,住宅大樓(11層含以上有電梯),住家用,鋼筋混凝土造,,128.82,2,2,1,有,無,28580000,221860,坡道平面,0.0,2600000,,RPTPMLSKKIMFFCA48CB
內湖區,房地(土地+建物)+車位,碧湖段二小段241~270地號,15.8,商,,,1030607,土地1建物1車位1,三層,13,住宅大樓(11層含以上有電梯),住家用,鋼筋混凝土造,,175.41,3,2,2,有,無,38880000,221652,坡道平面,0.0,2600000,,RPWPMLSKKIMFFCA78CB
內湖區,房地(土地+建物)+車位,碧湖段二小段241~270地號,15.8,商,,,1030528,土地1建物1車位1,五層,13,住宅大樓(11層含以上有電梯),住家用,鋼筋混凝土造,,175.3,3,2,2,有,無,39080000,222932,坡道平面,0.0,2800000,,RPOQMLSKKIMFFCA08CB
內湖區,房地(土地+建物)+車位,碧湖段二小段241~270地號,11.03,商,,,1030424,土地1建物1車位1,五層,13,住宅大樓(11層含以上有電梯),住家用,鋼筋混凝土造,,128.11,2,2,1,有,無,28000000,218562,坡道平面,0.0,0,,RPPQMLSKKIMFFCA18CB
內湖區,房地(土地+建物)+車位,碧湖段二小段241~270地號,12.16,商,,,1030712,土地1建物1車位1,十一層,13,住宅大樓(11層含以上有電梯),住家用,鋼筋混凝土造,,138.89,2,2,1,有,無,33160000,238750,坡道平面,0.0,2500000,,RPRQMLSKKIMFFCA38CB
內湖區,房地(土地+建物)+車位,碧湖段二小段241~270地號,11.03,商,,,1030408,土地1建物1車位1,九層,13,住宅大樓(11層含以上有電梯),住家用,鋼筋混凝土造,,128.11,2,2,1,有,無,28680000,223870,坡道平面,0.0,2600000,,RPSQMLSKKIMFFCA48CB
內湖區,房地(土地+建物)+車位,碧湖段二小段241~270地號,15.71,商,,,1030711,土地1建物1車位1,十三層,13,住宅大樓(11層含以上有電梯),住家用,鋼筋混凝土造,,174.42,3,2,2,有,無,43180000,247563,坡道平面,0.0,2650000,,RPTQMLSKKIMFFCA58CB
內湖區,房地(土地+建物),碧湖段二小段241~270地號,7.57,商,,,1030405,土地1建物1車位0,七層,13,住宅大樓(11層含以上有電梯),住家用,鋼筋混凝土造,,75.47,1,1,1,有,無,20400000,270306,,0.0,0,,RPUQMLSKKIMFFCA68CB
內湖區,房地(土地+建物)+車位,碧湖段二小段241~270地號,11.69,商,,,1030528,土地1建物1車位1,十一層,13,住宅大樓(11層含以上有電梯),住家用,鋼筋混凝土造,,125.62,2,2,1,有,無,32600000,259513,坡道機械,0.0,1400000,,RPWQMLSKKIMFFCA88CB
內湖區,房地(土地+建物),碧湖段二小段241~270地號,8.32,商,,,1030401,土地1建物1車位0,十層,13,住宅大樓(11層含以上有電梯),住家用,鋼筋混凝土造,,82.98,2,2,1,有,無,22120000,266570,,0.0,0,,RPXQMLSKKIMFFCA98CB
內湖區,房地(土地+建物),碧湖段二小段241~270地號,8.32,商,,,1030404,土地1建物1車位0,六層,13,住宅大樓(11層含以上有電梯),住家用,鋼筋混凝土造,,83.07,2,2,1,有,無,21800000,262429,,0.0,0,,RPORMLSKKIMFFCA18CB
內湖區,房地(土地+建物),碧湖段二小段241~270地號,10.1,商,,,1030622,土地1建物1車位0,六層,13,住宅大樓(11層含以上有電梯),住家用,鋼筋混凝土造,,101.57,2,2,1,有,無,25500000,251058,,0.0,0,,RPPRMLSKKIMFFCA28CB
內湖區,房地(土地+建物),碧湖段二小段241~270地號,8.32,商,,,1030323,土地1建物1車位0,九層,13,住宅大樓(11層含以上有電梯),住家用,鋼筋混凝土造,,83.07,2,2,1,有,無,22600000,272060,,0.0,0,,RPQRMLSKKIMFFCA38CB
內湖區,房地(土地+建物)+車位,碧湖段二小段241~270地號,10.28,商,,,1030530,土地1建物1車位1,十一層,13,住宅大樓(11層含以上有電梯),住家用,鋼筋混凝土造,,119.98,2,2,1,有,無,27550000,229622,坡道平面,0.0,2500000,,RPRRMLSKKIMFFCA48CB
內湖區,房地(土地+建物)+車位,碧湖段二小段241~270地號,11.31,商,,,1030322,土地1建物1車位1,五層,13,住宅大樓(11層含以上有電梯),住家用,鋼筋混凝土造,,130.76,2,2,1,有,無,29500000,225604,坡道平面,0.0,2600000,,RPSRMLSKKIMFFCA58CB
內湖區,房地(土地+建物)+車位,碧湖段二小段241~270地號,10.28,商,,,1030419,土地1建物1車位1,十三層,13,住宅大樓(11層含以上有電梯),住家用,鋼筋混凝土造,,120.13,2,2,1,有,無,28460000,236910,坡道平面,0.0,2400000,,RPTRMLSKKIMFFCA68CB
內湖區,房地(土地+建物)+車位,碧湖段二小段241~270地號,9.26,商,,,1030322,土地1建物1車位1,五層,13,住宅大樓(11層含以上有電梯),住家用,鋼筋混凝土造,,109.61,2,2,1,有,無,23530000,214670,坡道平面,0.0,2600000,,RPVRMLSKKIMFFCA88CB
內湖區,房地(土地+建物)+車位,碧湖段二小段241~270地號,11.31,商,,,1030607,土地1建物1車位1,十層,13,住宅大樓(11層含以上有電梯),住家用,鋼筋混凝土造,,130.77,2,2,1,有,無,29980000,229257,坡道平面,0.0,2600000,,RPXRMLSKKIMFFCA09CB
內湖區,房地(土地+建物),碧湖段二小段241~270地號,8.23,商,,,1030320,土地1建物1車位0,五層,13,住宅大樓(11層含以上有電梯),住家用,鋼筋混凝土造,,82.91,2,2,1,有,無,21000000,253287,,0.0,0,,RPOSMLSKKIMFFCA28CB
內湖區,房地(土地+建物)+車位,碧湖段二小段241~270地號,9.26,商,,,1030320,土地1建物1車位1,七層,13,住宅大樓(11層含以上有電梯),住家用,鋼筋混凝土造,,109.52,2,2,1,有,無,24200000,220964,坡道平面,0.0,2800000,,RPQSMLSKKIMFFCA48CB
內湖區,房地(土地+建物),碧湖段二小段241~270地號,10.19,商,,,1030415,土地1建物1車位0,四層,13,住宅大樓(11層含以上有電梯),住家用,鋼筋混凝土造,,102.28,2,2,1,有,無,24980000,244232,,0.0,0,,RPRSMLSKKIMFFCA58CB
內湖區,房地(土地+建物),碧湖段二小段241~270地號,7.57,商,,,1030728,土地1建物1車位0,九層,13,住宅大樓(11層含以上有電梯),住家用,鋼筋混凝土造,,75.47,1,1,1,有,無,20400000,270306,,0.0,0,,RPSSMLSKKIMFFCA68CB
內湖區,房地(土地+建物),碧湖段二小段241~270地號,7.57,商,,,1030518,土地1建物1車位0,五層,13,住宅大樓(11層含以上有電梯),住家用,鋼筋混凝土造,,75.47,1,1,1,有,無,19600000,259706,,0.0,0,,RPTSMLSKKIMFFCA78CB
內湖區,房地(土地+建物),碧湖段二小段241~270地號,8.23,商,,,1030318,土地1建物1車位0,七層,13,住宅大樓(11層含以上有電梯),住家用,鋼筋混凝土造,,82.9,2,2,1,有,無,22000000,265380,,0.0,0,,RPUSMLSKKIMFFCA88CB
內湖區,房地(土地+建物),碧湖段二小段241~270地號,8.23,商,,,1030325,土地1建物1車位0,四層,13,住宅大樓(11層含以上有電梯),住家用,鋼筋混凝土造,,82.91,2,2,1,有,無,20500000,247256,,0.0,0,,RPVSMLSKKIMFFCA98CB
內湖區,房地(土地+建物)+車位,碧湖段二小段241~270地號,11.31,商,,,1030325,土地1建物1車位1,三層,13,住宅大樓(11層含以上有電梯),住家用,鋼筋混凝土造,,130.07,2,2,1,有,無,28980000,222803,坡道平面,0.0,0,,RPWSMLSKKIMFFCA09CB
內湖區,房地(土地+建物)+車位,碧湖段二小段241~270地號,8.51,商,,,1030331,土地1建物1車位1,十一層,13,住宅大樓(11層含以上有電梯),住家用,鋼筋混凝土造,,102.01,1,1,1,有,無,23500000,230370,坡道平面,0.0,2600000,,RPXSMLSKKIMFFCA56CB
大安區,房地(土地+建物)+車位,辛亥段一小段151~180地號,16.33,住,,,1061001,土地1建物1車位1,七層,13,住宅大樓(11層含以上有電梯),住家用,鋼筋混凝土造,,138.78,2,2,1,有,無,23900000,227415,坡道平面,42.92,2100000,,RPTNMLSKKIMFFFA58CB
大安區,房地(土地+建物)+車位,辛亥段一小段151~180地號,16.33,住,,,1061021,土地1建物1車位1,九層,13,住宅大樓(11層含以上有電梯),住家用,鋼筋混凝土造,,132.84,2,2,1,有,無,24590000,233048,坡道平面,36.98,2250000,,RPVNMLSKKIMFFFA78CB
大安區,房地(土地+建物)+車位,辛亥段一小段151~180地號,16.34,住,,,1060813,土地1建物1車位1,四層,13,住宅大樓(11層含以上有電梯),住家用,鋼筋混凝土造,,132.99,2,2,1,有,無,22670000,215290,坡道平面,36.98,2000000,,RPWNMLSKKIMFFFA88CB
大安區,房地(土地+建物)+車位,辛亥段一小段151~180地號,16.33,住,,,1060812,土地1建物1車位1,五層,13,住宅大樓(11層含以上有電梯),住家用,鋼筋混凝土造,,132.84,2,2,1,有,無,23430000,220947,坡道平面,36.98,2250000,,RPOOMLSKKIMFFFA18CB
大安區,房地(土地+建物),辛亥段一小段151~180地號,16.34,住,,,1060920,土地1建物1車位0,六層,13,住宅大樓(11層含以上有電梯),住家用,鋼筋混凝土造,,96.01,2,2,1,有,無,21500000,223935,,0.0,0,,RPPOMLSKKIMFFFA28CB
大安區,房地(土地+建物)+車位,辛亥段一小段151~180地號,16.34,住,,,1061024,土地1建物1車位1,八層,13,住宅大樓(11層含以上有電梯),住家用,鋼筋混凝土造,,132.99,2,2,1,有,無,24330000,229976,坡道平面,36.98,2250000,,RPQOMLSKKIMFFFA38CB
大安區,房地(土地+建物)+車位,辛亥段一小段151~180地號,16.34,住,,,1061027,土地1建物1車位1,十層,13,住宅大樓(11層含以上有電梯),住家用,鋼筋混凝土造,,138.93,2,2,1,有,無,25010000,236017,坡道平面,42.92,2350000,,RPROMLSKKIMFFFA48CB
大安區,房地(土地+建物)+車位,辛亥段一小段151~180地號,16.33,住,,,1061031,土地1建物1車位1,十一層,13,住宅大樓(11層含以上有電梯),住家用,鋼筋混凝土造,,138.78,2,2,1,有,無,25270000,239099,坡道平面,42.92,2350000,,RPSOMLSKKIMFFFA58CB
大安區,房地(土地+建物)+車位,辛亥段一小段151~180地號,16.34,住,,,1061209,土地1建物1車位1,十二層,13,住宅大樓(11層含以上有電梯),住家用,鋼筋混凝土造,,138.93,2,2,1,有,無,25790000,241017,坡道平面,42.92,2650000,,RPTOMLSKKIMFFFA68CB
大安區,房地(土地+建物)+車位,辛亥段一小段151~180地號,11.53,住,,,1060918,土地1建物1車位1,十一層,13,住宅大樓(11層含以上有電梯),住家用,鋼筋混凝土造,,104.65,2,1,1,有,無,18290000,241466,坡道平面,36.98,1950000,,RPUOMLSKKIMFFFA78CB
大安區,房地(土地+建物)+車位,辛亥段一小段151~180地號,15.13,住,,,1060813,土地1建物1車位1,四層,13,住宅大樓(11層含以上有電梯),住家用,鋼筋混凝土造,,131.79,2,2,1,有,無,21360000,216721,坡道平面,42.92,2100000,,RPVOMLSKKIMFFFA88CB
大安區,房地(土地+建物),辛亥段一小段151~180地號,13.15,住,,,1061105,土地1建物1車位0,九層,13,住宅大樓(11層含以上有電梯),住家用,鋼筋混凝土造,,77.2,2,1,1,有,無,18650000,241580,,0.0,0,,RPWOMLSKKIMFFFA98CB
大安區,房地(土地+建物)+車位,辛亥段一小段151~180地號,11.93,住,,,1060909,土地1建物1車位1,二層,13,住宅大樓(11層含以上有電梯),住家用,鋼筋混凝土造,,113.0,2,2,1,有,無,17550000,220462,坡道平面,42.92,2100000,,RPRPMLSKKIMFFFA58CB
大安區,房地(土地+建物)+車位,辛亥段一小段151~180地號,16.33,住,,,1061112,土地1建物1車位1,十二層,13,住宅大樓(11層含以上有電梯),住家用,鋼筋混凝土造,,140.18,2,2,1,有,無,26850000,252451,坡道平面,44.32,2650000,,RPSPMLSKKIMFFFA68CB
大安區,房地(土地+建物)+車位,辛亥段一小段151~180地號,16.33,住,,,1061016,土地1建物1車位1,十一層,13,住宅大樓(11層含以上有電梯),住家用,鋼筋混凝土造,,132.84,2,2,1,有,無,26350000,251408,坡道平面,36.98,2250000,,RPTPMLSKKIMFFFA78CB
大安區,房地(土地+建物)+車位,辛亥段一小段151~180地號,16.33,住,,,1060802,土地1建物1車位1,九層,13,住宅大樓(11層含以上有電梯),住家用,鋼筋混凝土造,,138.78,2,2,1,有,無,25900000,245671,坡道平面,42.92,2350000,,RPUPMLSKKIMFFFA88CB
大安區,房地(土地+建物)+車位,辛亥段一小段151~180地號,16.33,住,,,1060823,土地1建物1車位1,八層,13,住宅大樓(11層含以上有電梯),住家用,鋼筋混凝土造,,138.78,2,2,1,有,無,25900000,245671,坡道平面,42.92,2350000,,RPVPMLSKKIMFFFA98CB
大安區,房地(土地+建物)+車位,辛亥段一小段151~180地號,11.93,住,,,1060823,土地1建物1車位1,七層,13,住宅大樓(11層含以上有電梯),住家用,鋼筋混凝土造,,107.06,2,1,1,有,無,18900000,241153,坡道平面,36.98,2000000,,RPWPMLSKKIMFFFA09CB
大安區,房地(土地+建物),辛亥段一小段151~180地號,11.93,住,,,1060823,土地1建物1車位0,八層,13,住宅大樓(11層含以上有電梯),住家用,鋼筋混凝土造,,70.08,2,2,1,有,無,17450000,249001,,0.0,0,,RPXPMLSKKIMFFFA56CB
大安區,房地(土地+建物)+車位,辛亥段一小段151~180地號,11.93,住,,,1061124,土地1建物1車位1,九層,13,住宅大樓(11層含以上有電梯),住家用,鋼筋混凝土造,,113.0,2,1,1,有,無,19650000,246861,坡道平面,42.92,2350000,,RPOQMLSKKIMFFFA38CB
大安區,房地(土地+建物),辛亥段一小段151~180地號,11.93,住,,,1061122,土地1建物1車位0,十一層,13,住宅大樓(11層含以上有電梯),住家用,鋼筋混凝土造,,70.08,2,1,1,有,無,17700000,252568,,0.0,0,,RPPQMLSKKIMFFFA48CB
大安區,房地(土地+建物),辛亥段一小段151~180地號,11.93,住,,,1061112,土地1建物1車位0,十二層,13,住宅大樓(11層含以上有電梯),住家用,鋼筋混凝土造,,70.08,2,2,1,有,無,17900000,255422,,0.0,0,,RPQQMLSKKIMFFFA58CB
大安區,房地(土地+建物)+車位,辛亥段一小段151~180地號,11.93,住,,,1061124,土地1建物1車位1,十三層,13,住宅大樓(11層含以上有電梯),住家用,鋼筋混凝土造,,113.0,2,1,1,有,無,20400000,257563,坡道平面,42.92,2350000,,RPRQMLSKKIMFFFA68CB
大安區,房地(土地+建物),辛亥段一小段151~180地號,15.94,住,,,1061129,土地1建物1車位0,四層,13,住宅大樓(11層含以上有電梯),住家用,鋼筋混凝土造,,93.66,2,2,1,有,無,20920000,223361,,0.0,0,,RPTQMLSKKIMFFFA88CB
大安區,房地(土地+建物),辛亥段一小段151~180地號,15.94,住,,,1061105,土地1建物1車位0,三層,13,住宅大樓(11層含以上有電梯),住家用,鋼筋混凝土造,,93.66,2,2,1,有,無,20640000,220372,,0.0,0,,RPUQMLSKKIMFFFA98CB
大安區,房地(土地+建物)+車位,辛亥段一小段151~180地號,15.94,住,,,1060903,土地1建物1車位1,九層,13,住宅大樓(11層含以上有電梯),住家用,鋼筋混凝土造,,136.57,2,2,1,有,無,25350000,245595,坡道平面,42.92,2350000,,RPWQMLSKKIMFFFA56CB
大安區,房地(土地+建物)+車位,辛亥段一小段151~180地號,15.94,住,,,1060812,土地1建物1車位1,六層,13,住宅大樓(11層含以上有電梯),住家用,鋼筋混凝土造,,136.58,2,2,1,有,無,23960000,233397,坡道平面,42.92,2100000,,RPXQMLSKKIMFFFA66CB
大安區,房地(土地+建物)+車位,辛亥段一小段151~180地號,15.94,住,,,1061016,土地1建物1車位1,十二層,13,住宅大樓(11層含以上有電梯),住家用,鋼筋混凝土造,,137.98,2,2,1,有,無,26210000,251548,坡道平面,44.32,2650000,,RPORMLSKKIMFFFA48CB
大安區,房地(土地+建物)+車位,辛亥段一小段151~180地號,15.94,住,,,1061201,土地1建物1車位1,十三層,13,住宅大樓(11層含以上有電梯),住家用,鋼筋混凝土造,,137.97,2,2,1,有,無,26510000,254778,坡道平面,44.32,2650000,,RPPRMLSKKIMFFFA58CB
大安區,房地(土地+建物),辛亥段一小段151~180地號,12.85,住,,,1060726,土地1建物1車位0,二層,13,住宅大樓(11層含以上有電梯),住家用,鋼筋混凝土造,,75.41,2,1,1,有,無,18100000,240021,,0.0,0,,RPQRMLSKKIMFFFA68CB
大安區,房地(土地+建物),辛亥段一小段151~180地號,12.85,住,,,1061021,土地1建物1車位0,三層,13,住宅大樓(11層含以上有電梯),住家用,鋼筋混凝土造,,75.41,2,1,1,有,無,17200000,228086,,0.0,0,,RPRRMLSKKIMFFFA78CB
大安區,房地(土地+建物),辛亥段一小段151~180地號,12.85,住,,,1061118,土地1建物1車位0,四層,13,住宅大樓(11層含以上有電梯),住家用,鋼筋混凝土造,,75.41,2,1,1,有,無,17530000,232463,,0.0,0,,RPSRMLSKKIMFFFA88CB
大安區,房地(土地+建物),辛亥段一小段151~180地號,12.85,住,,,1061026,土地1建物1車位0,五層,13,住宅大樓(11層含以上有電梯),住家用,鋼筋混凝土造,,75.41,2,1,1,有,無,17760000,235513,,0.0,0,,RPTRMLSKKIMFFFA98CB
大安區,房地(土地+建物)+車位,辛亥段一小段151~180地號,12.85,住,,,1060810,土地1建物1車位1,六層,13,住宅大樓(11層含以上有電梯),住家用,鋼筋混凝土造,,112.39,2,1,1,有,無,19930000,237767,坡道平面,36.98,2000000,,RPURMLSKKIMFFFA09CB
大安區,房地(土地+建物),辛亥段一小段151~180地號,12.85,住,,,1061024,土地1建物1車位0,八層,13,住宅大樓(11層含以上有電梯),住家用,鋼筋混凝土造,,75.41,2,1,1,有,無,18440000,244530,,0.0,0,,RPVRMLSKKIMFFFA56CB
文山區,房地(土地+建物),興安段一小段511~540地號,1.87,住,,,1040406,土地1建物1車位0,四層,9,華廈(10層含以下有電梯),住家用,鋼筋混凝土造,,76.69,1,1,1,有,無,16000000,208632,,0.0,0,,RPQOMLMKJHNFFAA17CB
文山區,房地(土地+建物)+車位,興安段一小段511~540地號,1.87,住,,,1040420,土地1建物1車位1,五層,9,華廈(10層含以下有電梯),住家用,鋼筋混凝土造,,90.85,1,1,1,有,無,16860000,198983,坡道機械,14.16,1600000,,RPROMLMKJHNFFAA27CB
文山區,房地(土地+建物)+車位,興安段一小段511~540地號,1.87,住,,,1040416,土地1建物1車位1,六層,9,華廈(10層含以下有電梯),住家用,鋼筋混凝土造,,90.85,1,1,1,有,無,16910000,197679,坡道機械,14.16,1750000,,RPSOMLMKJHNFFAA37CB
文山區,房地(土地+建物)+車位,興安段一小段511~540地號,1.74,住,,,1040505,土地1建物1車位1,一層,9,華廈(10層含以下有電梯),商業用,鋼筋混凝土造,,73.5,1,1,1,有,無,22200000,347152,坡道機械,14.16,1600000,,RPTOMLMKJHNFFAA47CB
文山區,房地(土地+建物),興安段一小段511~540地號,1.37,住,,,1040514,土地1建物1車位0,四層,9,華廈(10層含以下有電梯),住家用,鋼筋混凝土造,,56.26,1,1,1,有,無,11580000,205830,,0.0,0,,RPUOMLMKJHNFFAA57CB
文山區,房地(土地+建物),興安段一小段511~540地號,1.37,住,,,1040404,土地1建物1車位0,五層,9,華廈(10層含以下有電梯),住家用,鋼筋混凝土造,,56.26,1,1,1,有,無,11580000,205830,,0.0,0,,RPVOMLMKJHNFFAA67CB
文山區,房地(土地+建物),興安段一小段511~540地號,1.37,住,,,1040416,土地1建物1車位0,六層,9,華廈(10層含以下有電梯),住家用,鋼筋混凝土造,,56.26,1,1,1,有,無,11200000,199076,,0.0,0,,RPWOMLMKJHNFFAA77CB
文山區,房地(土地+建物),興安段一小段511~540地號,1.37,住,,,1040611,土地1建物1車位0,七層,9,華廈(10層含以下有電梯),住家用,鋼筋混凝土造,,56.26,1,1,1,有,無,11920000,211873,,0.0,0,,RPXOMLMKJHNFFAA87CB
文山區,房地(土地+建物),興安段一小段511~540地號,1.36,住,,,1040919,土地1建物1車位0,一層,9,華廈(10層含以下有電梯),商業用,鋼筋混凝土造,,46.62,1,1,1,有,無,16000000,343200,,0.0,0,,RPOPMLMKJHNFFAA07CB
文山區,房地(土地+建物),興安段一小段511~540地號,1.37,住,,,1040628,土地1建物1車位0,二層,9,華廈(10層含以下有電梯),住家用,鋼筋混凝土造,,56.26,1,1,1,有,無,11380000,202275,,0.0,0,,RPPPMLMKJHNFFAA17CB
文山區,房地(土地+建物),興安段一小段511~540地號,1.37,住,,,1040815,土地1建物1車位0,三層,9,華廈(10層含以下有電梯),住家用,鋼筋混凝土造,,56.26,1,1,1,有,無,11100000,197298,,0.0,0,,RPQPMLMKJHNFFAA27CB
文山區,房地(土地+建物),興安段一小段511~540地號,1.37,住,,,1040410,土地1建物1車位0,五層,9,華廈(10層含以下有電梯),住家用,鋼筋混凝土造,,56.26,1,1,1,有,無,11880000,211162,,0.0,0,,RPRPMLMKJHNFFAA37CB
文山區,房地(土地+建物),興安段一小段511~540地號,1.37,住,,,1040416,土地1建物1車位0,六層,9,華廈(10層含以下有電梯),住家用,鋼筋混凝土造,,56.26,1,1,1,有,無,11200000,199076,,0.0,0,,RPSPMLMKJHNFFAA47CB
文山區,房地(土地+建物)+車位,興安段一小段511~540地號,1.38,住,,,1040505,土地1建物1車位1,七層,9,華廈(10層含以下有電梯),住家用,鋼筋混凝土造,,70.42,1,1,1,有,無,13500000,211518,坡道機械,14.16,1600000,,RPTPMLMKJHNFFAA57CB
文山區,房地(土地+建物)+車位,興安段一小段511~540地號,1.38,住,,,1040724,土地1建物1車位1,八層,9,華廈(10層含以下有電梯),住家用,鋼筋混凝土造,,70.42,1,1,1,有,無,13300000,211518,坡道機械,14.16,1400000,,RPUPMLMKJHNFFAA67CB
文山區,房地(土地+建物),興安段一小段511~540地號,1.79,住,,,1040416,土地1建物1車位0,六層,9,華廈(10層含以下有電梯),住家用,鋼筋混凝土造,,73.27,1,1,1,有,無,14440000,197079,,0.0,0,,RPVPMLMKJHNFFAA77CB
文山區,房地(土地+建物)+車位,興安段一小段511~540地號,1.79,住,,,1040421,土地1建物1車位1,七層,9,華廈(10層含以下有電梯),住家用,鋼筋混凝土造,,87.43,1,1,1,有,無,16930000,209226,坡道機械,14.16,1600000,,RPWPMLMKJHNFFAA87CB
文山區,房地(土地+建物)+車位,興安段一小段511~540地號,1.87,住,,,1040415,土地1建物1車位1,七層,9,華廈(10層含以下有電梯),住家用,鋼筋混凝土造,,90.85,1,1,1,有,無,17660000,209415,坡道機械,14.16,1600000,,RPXPMLMKJHNFFAA97CB
內湖區,房地(土地+建物)+車位,東湖段一小段1~30地號,32.14,住,,,1060109,土地1建物1車位2,十四層,14,住宅大樓(11層含以上有電梯),住商用,鋼筋混凝土造,,267.84,4,2,3,有,無,35000000,144391,坡道平面,47.05,3120000,,RPUPMLOLJHNFFCA28DB
內湖區,房地(土地+建物)+車位,東湖段一小段1~30地號,24.48,住,,,1060115,土地1建物1車位1,八層,14,住宅大樓(11層含以上有電梯),住商用,鋼筋混凝土造,,184.97,4,2,2,有,無,25380000,140967,坡道機械,13.44,1200000,,RPVPMLOLJHNFFCA38DB
內湖區,房地(土地+建物),東湖段一小段1~30地號,24.41,住,,,1060112,土地1建物1車位0,六層,14,住宅大樓(11層含以上有電梯),住商用,鋼筋混凝土造,,171.53,4,2,2,有,無,23980000,139801,,0.0,0,,RPWPMLOLJHNFFCA48DB
內湖區,房地(土地+建物)+車位,東湖段一小段1~30地號,24.03,住,,,1060212,土地1建物1車位1,十三層,14,住宅大樓(11層含以上有電梯),住商用,鋼筋混凝土造,,179.86,4,2,2,有,無,25500000,146016,坡道機械,13.44,1200000,,RPOQMLOLJHNFFCA77DB
內湖區,車位,東湖段一小段1~30地號,0.08,住,,,1060214,土地0建物0車位1,,14,其他,住商用,鋼筋混凝土造,,13.36,0,0,0,有,無,1100000,,坡道機械,13.36,1100000,,RPQQMLOLJHNFFCA97DB
內湖區,房地(土地+建物)+車位,東湖段一小段1~30地號,22.36,住,,,1060304,土地1建物1車位1,十三層,14,住宅大樓(11層含以上有電梯),住商用,鋼筋混凝土造,,168.38,3,2,2,有,無,24150000,148045,坡道機械,13.36,1200000,,RPRQMLOLJHNFFCA08DB
內湖區,房地(土地+建物)+車位,東湖段一小段1~30地號,23.8,住,,,1060304,土地1建物1車位1,十二層,14,住宅大樓(11層含以上有電梯),住商用,鋼筋混凝土造,,178.15,3,2,2,有,無,24950000,144123,坡道機械,13.36,1200000,,RPSQMLOLJHNFFCA18DB
內湖區,房地(土地+建物)+車位,東湖段一小段1~30地號,25.01,住,,,1060304,土地1建物1車位1,十二層,14,住宅大樓(11層含以上有電梯),住商用,鋼筋混凝土造,,186.51,4,2,2,有,無,26080000,143690,坡道機械,13.36,1200000,,RPTQMLOLJHNFFCA28DB
內湖區,房地(土地+建物)+車位,東湖段一小段1~30地號,24.56,住,,,1060319,土地1建物1車位1,十層,14,住宅大樓(11層含以上有電梯),住商用,鋼筋混凝土造,,185.12,4,2,2,有,無,25480000,141360,坡道機械,13.36,1200000,,RPUQMLOLJHNFFCA38DB
內湖區,房地(土地+建物)+車位,東湖段一小段1~30地號,26.0,住,,,1060405,土地1建物1車位1,十一層,14,住宅大樓(11層含以上有電梯),住商用,鋼筋混凝土造,,191.39,4,2,2,有,無,26550000,142392,坡道機械,13.36,1200000,,RPVQMLOLJHNFFCA48DB
內湖區,房地(土地+建物)+車位,東湖段一小段1~30地號,26.98,住,,,1060408,土地1建物1車位1,十一層,14,住宅大樓(11層含以上有電梯),住商用,鋼筋混凝土造,,198.13,4,2,2,有,無,27300000,141257,坡道機械,13.36,1200000,,RPWQMLOLJHNFFCA58DB
內湖區,房地(土地+建物),碧湖段二小段241~270地號,9.72,商,,,1030615,土地1建物1車位0,九層,13,住宅大樓(11層含以上有電梯),住家用,鋼筋混凝土造,,97.52,2,2,1,有,無,26500000,271739,,0.0,0,,RPRNMLQLJHNFFCA87CB
內湖區,房地(土地+建物),碧湖段二小段241~270地號,8.6,商,,,1030617,土地1建物1車位0,三層,13,住宅大樓(11層含以上有電梯),住家用,鋼筋混凝土造,,86.24,2,2,1,有,無,23400000,271336,,0.0,0,,RPSNMLQLJHNFFCA97CB
內湖區,房地(土地+建物)+車位,碧湖段二小段241~270地號,10.47,商,,,1030703,土地1建物1車位1,十三層,13,住宅大樓(11層含以上有電梯),住家用,鋼筋混凝土造,,122.23,2,2,1,有,無,26660000,218113,坡道平面,0.0,2400000,,RPQQMLQLJHNFFCA08CB
內湖區,房地(土地+建物)+車位,碧湖段二小段241~270地號,8.51,商,,,1030419,土地1建物1車位1,四層,13,住宅大樓(11層含以上有電梯),住家用,鋼筋混凝土造,,102.01,1,1,1,有,無,21560000,211352,坡道平面,0.0,2400000,,RPRQMLQLJHNFFCA18CB
中山區,房地(土地+建物)+車位,長春段二小段511~540地號,53.54,住,,,1030119,土地1建物1車位3,二層,14,住宅大樓(11層含以上有電梯),住家用,鋼筋混凝土造,,437.43,0,0,0,無,無,108430000,334578,坡道平面,140.25,9000000,,RPPPMLTLJHNFFCA18CB
中山區,房地(土地+建物)+車位,長春段二小段511~540地號,53.15,住,,,1030124,土地1建物1車位3,四層,14,住宅大樓(11層含以上有電梯),住家用,鋼筋混凝土造,,431.7,0,0,0,無,無,121790000,375348,坡道平面,133.87,10000000,,RPQPMLTLJHNFFCA28CB
中山區,房地(土地+建物)+車位,長春段二小段511~540地號,53.15,住,,,1030226,土地1建物1車位3,五層,14,住宅大樓(11層含以上有電梯),住家用,鋼筋混凝土造,,431.7,0,0,0,無,無,124370000,384347,坡道平面,133.87,9900000,,RPRPMLTLJHNFFCA38CB
中山區,房地(土地+建物)+車位,長春段二小段511~540地號,53.61,住,,,1051102,土地1建物1車位3,六層,14,住宅大樓(11層含以上有電梯),住家用,鋼筋混凝土造,,438.08,0,0,0,無,無,126580000,394789,坡道平面,140.25,9000000,,RPSPMLTLJHNFFCA48CB
中山區,房地(土地+建物)+車位,長春段二小段511~540地號,50.27,住,,,1030814,土地1建物1車位2,七層,14,住宅大樓(11層含以上有電梯),住家用,鋼筋混凝土造,,391.33,0,0,0,無,無,124820000,398952,坡道平面,93.5,6000000,,RPTPMLTLJHNFFCA58CB
中山區,房地(土地+建物)+車位,長春段二小段511~540地號,53.61,住,,,1030819,土地1建物1車位3,八層,14,住宅大樓(11層含以上有電梯),住家用,鋼筋混凝土造,,438.08,0,0,0,無,無,133600000,414330,坡道平面,140.25,10200000,,RPUPMLTLJHNFFCA68CB
中山區,房地(土地+建物)+車位,長春段二小段511~540地號,53.69,住,,,1030119,土地1建物1車位3,三層,14,住宅大樓(11層含以上有電梯),住家用,鋼筋混凝土造,,435.54,0,0,0,無,無,125920000,385918,坡道平面,133.87,9500000,,RPVPMLTLJHNFFCA78CB
中山區,房地(土地+建物)+車位,長春段二小段511~540地號,54.15,住,,,1030124,土地1建物1車位3,四層,14,住宅大樓(11層含以上有電梯),住家用,鋼筋混凝土造,,441.95,0,0,0,無,無,124160000,378427,坡道平面,140.28,10000000,,RPWPMLTLJHNFFCA88CB
中山區,房地(土地+建物)+車位,長春段二小段511~540地號,53.69,住,,,1040908,土地1建物1車位3,五層,14,住宅大樓(11層含以上有電梯),住家用,鋼筋混凝土造,,435.54,0,0,0,無,無,131130000,402857,坡道平面,133.87,9600000,,RPXPMLTLJHNFFCA98CB
中山區,房地(土地+建物)+車位,長春段二小段511~540地號,53.69,住,,,1030124,土地1建物1車位3,六層,14,住宅大樓(11層含以上有電梯),住家用,鋼筋混凝土造,,435.54,0,0,0,無,無,129290000,396427,坡道平面,133.87,9700000,,RPOQMLTLJHNFFCA18CB
中山區,房地(土地+建物)+車位,長春段二小段511~540地號,54.15,住,,,1030814,土地1建物1車位3,七層,14,住宅大樓(11層含以上有電梯),住家用,鋼筋混凝土造,,441.95,0,0,0,無,無,131000000,399443,坡道平面,140.28,10500000,,RPPQMLTLJHNFFCA28CB
中山區,房地(土地+建物)+車位,長春段二小段511~540地號,53.69,住,,,1030605,土地1建物1車位3,八層,14,住宅大樓(11層含以上有電梯),住家用,鋼筋混凝土造,,435.54,0,0,0,無,無,139000000,430934,坡道平面,133.87,9000000,,RPQQMLTLJHNFFCA38CB
中山區,房地(土地+建物)+車位,長春段二小段511~540地號,54.68,住,,,1031001,土地1建物1車位3,九層,14,住宅大樓(11層含以上有電梯),住家用,鋼筋混凝土造,,444.6,0,0,0,無,無,137640000,420195,坡道平面,142.74,10800000,,RPRQMLTLJHNFFCA48CB
內湖區,房地(土地+建物)+車位,康寧段三小段241~270地號,20.65,其他,,,1030721,土地1建物1車位2,六層,29,住宅大樓(11層含以上有電梯),住家用,鋼造,,309.27,0,0,0,無,無,72000000,266066,坡道平面,58.58,5300000,,RPRQMLKMJHNFFCA67CB
內湖區,房地(土地+建物)+車位,康寧段三小段241~270地號,20.65,其他,,,1030506,土地1建物1車位2,七層,29,住宅大樓(11層含以上有電梯),住家用,鋼造,,309.27,0,0,0,無,無,72400000,269257,坡道平面,58.58,4900000,,RPSQMLKMJHNFFCA77CB
內湖區,房地(土地+建物)+車位,康寧段三小段241~270地號,20.12,其他,,,1030223,土地1建物1車位1,八層,29,住宅大樓(11層含以上有電梯),住家用,鋼造,,278.18,0,0,0,無,無,70280000,272128,坡道平面,29.29,2550000,,RPTQMLKMJHNFFCA87CB
內湖區,房地(土地+建物)+車位,康寧段三小段241~270地號,20.61,其他,,,1030106,土地1建物1車位2,九層,29,住宅大樓(11層含以上有電梯),住家用,鋼造,,308.98,0,0,0,無,無,76300000,284345,坡道平面,58.58,5100000,,RPUQMLKMJHNFFCA97CB
內湖區,房地(土地+建物)+車位,康寧段三小段241~270地號,20.61,其他,,,1030106,土地1建物1車位2,十層,29,住宅大樓(11層含以上有電梯),住家用,鋼造,,308.98,0,0,0,無,無,77000000,287540,坡道平面,58.58,5000000,,RPVQMLKMJHNFFCA08CB
內湖區,房地(土地+建物)+車位,康寧段三小段241~270地號,20.61,其他,,,1021209,土地1建物1車位2,十一層,29,住宅大樓(11層含以上有電梯),住家用,鋼造,,308.98,0,0,0,無,無,83880000,314617,坡道平面,58.58,5100000,,RPWQMLKMJHNFFCA18CB
內湖區,房地(土地+建物)+車位,康寧段三小段241~270地號,20.61,其他,,,1021127,土地1建物1車位2,十二層,29,住宅大樓(11層含以上有電梯),住家用,鋼造,,308.98,0,0,0,無,無,84640000,317652,坡道平面,58.58,5100000,,RPXQMLKMJHNFFCA28CB
內湖區,房地(土地+建物)+車位,康寧段三小段241~270地號,20.61,其他,,,1021209,土地1建物1車位2,十三層,29,住宅大樓(11層含以上有電梯),住家用,鋼造,,308.98,0,0,0,無,無,85900000,320687,坡道平面,58.58,5600000,,RPORMLKMJHNFFCA47CB
內湖區,房地(土地+建物)+車位,康寧段三小段241~270地號,20.61,其他,,,1021209,土地1建物1車位2,十四層,29,住宅大樓(11層含以上有電梯),住家用,鋼造,,308.98,0,0,0,無,無,86950000,323682,坡道平面,58.58,5900000,,RPPRMLKMJHNFFCA57CB
內湖區,房地(土地+建物)+車位,康寧段三小段241~270地號,20.57,其他,,,1030320,土地1建物1車位2,十五層,29,住宅大樓(11層含以上有電梯),住家用,鋼造,,308.48,0,0,0,無,無,80990000,302481,坡道平面,58.58,5400000,,RPQRMLKMJHNFFCA67CB
內湖區,房地(土地+建物)+車位,康寧段三小段241~270地號,20.98,其他,,,1030227,土地1建物1車位3,十六層,29,住宅大樓(11層含以上有電梯),住家用,鋼造,,337.77,0,0,0,無,無,86000000,309524,坡道平面,87.87,8650000,,RPRRMLKMJHNFFCA77CB
內湖區,房地(土地+建物)+車位,康寧段三小段241~270地號,20.57,其他,,,1021202,土地1建物1車位2,十七層,29,住宅大樓(11層含以上有電梯),住家用,鋼造,,308.48,0,0,0,無,無,84360000,313966,坡道平面,58.58,5900000,,RPSRMLKMJHNFFCA87CB
內湖區,房地(土地+建物)+車位,康寧段三小段241~270地號,20.57,其他,,,1021205,土地1建物1車位2,十八層,29,住宅大樓(11層含以上有電梯),住家用,鋼造,,308.48,0,0,0,無,無,82930000,309444,坡道平面,58.58,5600000,,RPTRMLKMJHNFFCA97CB
內湖區,房地(土地+建物)+車位,康寧段三小段241~270地號,19.29,其他,,,1021129,土地1建物1車位1,四層,29,住宅大樓(11層含以上有電梯),住家用,鋼造,,267.9,0,0,0,無,無,68000000,273040,坡道平面,29.29,2850000,,RPURMLKMJHNFFCA08CB
內湖區,房地(土地+建物)+車位,康寧段三小段241~270地號,20.16,其他,,,1030108,土地1建物1車位2,五層,29,住宅大樓(11層含以上有電梯),住家用,鋼造,,303.07,0,0,0,無,無,65680000,247781,坡道平面,58.58,5100000,,RPVRMLKMJHNFFCA18CB
內湖區,房地(土地+建物)+車位,康寧段三小段241~270地號,20.24,其他,,,1030524,土地1建物1車位1,六層,29,住宅大樓(11層含以上有電梯),住家用,鋼造,,279.98,0,0,0,無,無,69000000,265467,坡道平面,29.29,2450000,,RPWRMLKMJHNFFCA28CB
內湖區,房地(土地+建物)+車位,康寧段三小段241~270地號,20.65,其他,,,1021213,土地1建物1車位2,七層,29,住宅大樓(11層含以上有電梯),住家用,鋼造,,309.27,0,0,0,無,無,75320000,280705,坡道平面,58.58,4950000,,RPXRMLKMJHNFFCA38CB
內湖區,房地(土地+建物)+車位,康寧段三小段241~270地號,20.53,其他,,,1021204,土地1建物1車位2,八層,29,住宅大樓(11層含以上有電梯),住家用,鋼造,,307.47,0,0,0,無,無,70280000,264695,坡道平面,58.58,4400000,,RPOSMLKMJHNFFCA57CB
內湖區,房地(土地+建物)+車位,康寧段三小段241~270地號,20.61,其他,,,1021127,土地1建物1車位2,十層,29,住宅大樓(11層含以上有電梯),住家用,鋼造,,308.98,0,0,0,無,無,73630000,271685,坡道平面,58.58,5600000,,RPPSMLKMJHNFFCA67CB
內湖區,房地(土地+建物)+車位,康寧段三小段241~270地號,20.61,其他,,,1021127,土地1建物1車位2,十二層,29,住宅大樓(11層含以上有電梯),住家用,鋼造,,308.98,0,0,0,無,無,77040000,285304,坡道平面,58.58,5600000,,RPQSMLKMJHNFFCA77CB
內湖區,房地(土地+建物)+車位,康寧段三小段241~270地號,20.57,其他,,,1021129,土地1建物1車位2,十六層,29,住宅大樓(11層含以上有電梯),住家用,鋼造,,308.48,0,0,0,無,無,81140000,301881,坡道平面,58.58,5700000,,RPRSMLKMJHNFFCA87CB
內湖區,房地(土地+建物)+車位,康寧段三小段241~270地號,20.57,其他,,,1030703,土地1建物1車位2,二十層,29,住宅大樓(11層含以上有電梯),住家用,鋼造,,308.48,0,0,0,無,無,83900000,314526,坡道平面,58.58,5300000,,RPSSMLKMJHNFFCA97CB
內湖區,房地(土地+建物)+車位,康寧段三小段241~270地號,20.57,其他,,,1021220,土地1建物1車位2,二十二層,29,住宅大樓(11層含以上有電梯),住家用,鋼造,,308.21,0,0,0,無,無,90470000,338781,坡道平面,58.58,5900000,,RPTSMLKMJHNFFCA08CB
內湖區,房地(土地+建物)+車位,康寧段三小段241~270地號,20.57,其他,,,1021225,土地1建物1車位2,二十三層,29,住宅大樓(11層含以上有電梯),住家用,鋼造,,308.21,0,0,0,無,無,86420000,324560,坡道平面,58.58,5400000,,RPUSMLKMJHNFFCA18CB
內湖區,房地(土地+建物)+車位,康寧段三小段241~270地號,20.57,其他,,,1030308,土地1建物1車位2,二十四層,29,住宅大樓(11層含以上有電梯),住家用,鋼造,,308.21,0,0,0,無,無,88500000,332732,坡道平面,58.58,5440000,,RPVSMLKMJHNFFCA28CB
內湖區,房地(土地+建物)+車位,康寧段三小段241~270地號,20.36,其他,,,1021210,土地1建物1車位2,二十六層,29,住宅大樓(11層含以上有電梯),住家用,鋼造,,305.6,0,0,0,無,無,88020000,333657,坡道平面,58.58,5600000,,RPWSMLKMJHNFFCA38CB
內湖區,房地(土地+建物)+車位,康寧段三小段241~270地號,20.2,其他,,,1040623,土地1建物1車位1,九層,29,住宅大樓(11層含以上有電梯),住家用,鋼造,,279.69,0,0,0,無,無,69950000,270767,坡道平面,29.29,2150000,,RPXSMLKMJHNFFCA48CB
內湖區,房地(土地+建物)+車位,康寧段三小段241~270地號,20.61,其他,,,1030502,土地1建物1車位2,十四層,29,住宅大樓(11層含以上有電梯),住家用,鋼造,,308.98,0,0,0,無,無,78170000,293011,坡道平面,58.58,4800000,,RPOTMLKMJHNFFCA67CB
內湖區,房地(土地+建物)+車位,康寧段三小段241~270地號,20.57,其他,,,1021211,土地1建物1車位2,二十層,29,住宅大樓(11層含以上有電梯),住家用,鋼造,,308.48,0,0,0,無,無,84690000,315486,坡道平面,58.58,5850000,,RPPTMLKMJHNFFCA77CB
內湖區,房地(土地+建物)+車位,康寧段三小段241~270地號,20.57,其他,,,1021205,土地1建物1車位2,二十一層,29,住宅大樓(11層含以上有電梯),住家用,鋼造,,308.21,0,0,0,無,無,85120000,318551,坡道平面,58.58,5600000,,RPQTMLKMJHNFFCA87CB
內湖區,房地(土地+建物)+車位,康寧段三小段241~270地號,20.57,其他,,,1030301,土地1建物1車位2,二十二層,29,住宅大樓(11層含以上有電梯),住家用,鋼造,,308.21,0,0,0,無,無,89080000,335617,坡道平面,58.58,5300000,,RPRTMLKMJHNFFCA97CB
內湖區,房地(土地+建物)+車位,康寧段三小段241~270地號,20.57,其他,,,1021225,土地1建物1車位2,二十三層,29,住宅大樓(11層含以上有電梯),住家用,鋼造,,308.21,0,0,0,無,無,86420000,324560,坡道平面,58.58,5400000,,RPSTMLKMJHNFFCA08CB
內湖區,房地(土地+建物)+車位,康寧段三小段241~270地號,20.57,其他,,,1030308,土地1建物1車位2,二十四層,29,住宅大樓(11層含以上有電梯),住家用,鋼造,,308.21,0,0,0,無,無,88500000,332732,坡道平面,58.58,5440000,,RPTTMLKMJHNFFCA18CB
內湖區,房地(土地+建物)+車位,康寧段三小段241~270地號,20.32,其他,,,1021130,土地1建物1車位2,二十五層,29,住宅大樓(11層含以上有電梯),住家用,鋼造,,304.82,0,0,0,無,無,87220000,330653,坡道平面,58.58,5800000,,RPUTMLKMJHNFFCA28CB
內湖區,房地(土地+建物)+車位,康寧段三小段241~270地號,20.36,其他,,,1021210,土地1建物1車位2,二十六層,29,住宅大樓(11層含以上有電梯),住家用,鋼造,,305.6,0,0,0,無,無,89410000,339689,坡道平面,58.58,5500000,,RPVTMLKMJHNFFCA38CB
內湖區,房地(土地+建物)+車位,康寧段三小段241~270地號,21.11,其他,,,1021202,土地1建物1車位4,二十七層,29,住宅大樓(11層含以上有電梯),住家用,鋼造,,363.14,0,0,0,無,無,93990000,338198,坡道平面,117.16,10800000,,RPWTMLKMJHNFFCA48CB
內湖區,房地(土地+建物)+車位,康寧段三小段241~270地號,20.28,其他,,,1030521,土地1建物1車位2,二十八層,29,住宅大樓(11層含以上有電梯),住家用,鋼造,,304.56,0,0,0,無,無,89550000,341694,坡道平面,58.58,5500000,,RPXTMLKMJHNFFCA58CB
內湖區,房地(土地+建物)+車位,康寧段三小段241~270地號,17.43,其他,,,1021220,土地1建物1車位2,四層,29,住宅大樓(11層含以上有電梯),住家用,鋼造,,268.59,0,0,0,無,無,58140000,253512,坡道平面,58.58,4900000,,RPOUMLKMJHNFFCA77CB
內湖區,房地(土地+建物)+車位,康寧段三小段241~270地號,17.43,其他,,,1021220,土地1建物1車位2,七層,29,住宅大樓(11層含以上有電梯),住家用,鋼造,,268.49,0,0,0,無,無,60020000,262589,坡道平面,58.58,4900000,,RPPUMLKMJHNFFCA87CB
內湖區,房地(土地+建物)+車位,康寧段三小段241~270地號,17.43,其他,,,1021207,土地1建物1車位2,九層,29,住宅大樓(11層含以上有電梯),住家用,鋼造,,268.28,0,0,0,無,無,61230000,268622,坡道平面,58.58,4900000,,RPQUMLKMJHNFFCA97CB
內湖區,房地(土地+建物)+車位,康寧段三小段241~270地號,17.67,其他,,,1021208,土地1建物1車位2,八層,29,住宅大樓(11層含以上有電梯),住家用,鋼造,,271.43,0,0,0,無,無,61580000,265586,坡道平面,58.58,5050000,,RPRUMLKMJHNFFCA08CB
內湖區,房地(土地+建物)+車位,康寧段三小段241~270地號,17.43,其他,,,1030107,土地1建物1車位2,十層,29,住宅大樓(11層含以上有電梯),住家用,鋼造,,268.28,0,0,0,無,無,64190000,284168,坡道平面,58.58,4600000,,RPSUMLKMJHNFFCA18CB
內湖區,房地(土地+建物)+車位,康寧段三小段241~270地號,17.43,其他,,,1030127,土地1建物1車位2,十一層,29,住宅大樓(11層含以上有電梯),住家用,鋼造,,268.28,0,0,0,無,無,67000000,291845,坡道平面,58.58,5800000,,RPTUMLKMJHNFFCA28CB
內湖區,房地(土地+建物)+車位,康寧段三小段241~270地號,17.01,其他,,,1021204,土地1建物1車位1,十二層,29,住宅大樓(11層含以上有電梯),住家用,鋼造,,238.99,0,0,0,無,無,62200000,283739,坡道平面,29.29,2700000,,RPUUMLKMJHNFFCA38CB
內湖區,房地(土地+建物)+車位,康寧段三小段241~270地號,17.01,其他,,,1021220,土地1建物1車位1,十三層,29,住宅大樓(11層含以上有電梯),住家用,鋼造,,238.99,0,0,0,無,無,63180000,286743,坡道平面,29.29,3050000,,RPVUMLKMJHNFFCA48CB
內湖區,房地(土地+建物)+車位,康寧段三小段241~270地號,17.01,其他,,,1021212,土地1建物1車位1,十四層,29,住宅大樓(11層含以上有電梯),住家用,鋼造,,238.99,0,0,0,無,無,63520000,289795,坡道平面,29.29,2750000,,RPWUMLKMJHNFFCA58CB
內湖區,房地(土地+建物)+車位,康寧段三小段241~270地號,17.38,其他,,,1030225,土地1建物1車位2,十五層,29,住宅大樓(11層含以上有電梯),住家用,鋼造,,267.91,0,0,0,無,無,68870000,302489,坡道平面,58.58,5550000,,RPXUMLKMJHNFFCA68CB
內湖區,房地(土地+建物)+車位,康寧段三小段241~270地號,17.38,其他,,,1030311,土地1建物1車位2,十六層,29,住宅大樓(11層含以上有電梯),住家用,鋼造,,267.91,0,0,0,無,無,68900000,305737,坡道平面,58.58,4900000,,RPOVMLKMJHNFFCA87CB
內湖區,房地(土地+建物)+車位,康寧段三小段241~270地號,17.38,其他,,,1030311,土地1建物1車位2,十七層,29,住宅大樓(11層含以上有電梯),住家用,鋼造,,267.91,0,0,0,無,無,69400000,308604,坡道平面,58.58,4800000,,RPPVMLKMJHNFFCA97CB
內湖區,房地(土地+建物)+車位,康寧段三小段241~270地號,16.97,其他,,,1030415,土地1建物1車位1,十八層,29,住宅大樓(11層含以上有電梯),住家用,鋼造,,238.62,0,0,0,無,無,66880000,308269,坡道平面,29.29,2350000,,RPQVMLKMJHNFFCA08CB
內湖區,房地(土地+建物)+車位,康寧段三小段241~270地號,17.38,其他,,,1021209,土地1建物1車位2,十九層,29,住宅大樓(11層含以上有電梯),住家用,鋼造,,267.91,0,0,0,無,無,71110000,312473,坡道平面,58.58,5700000,,RPRVMLKMJHNFFCA18CB
內湖區,房地(土地+建物)+車位,康寧段三小段241~270地號,16.97,其他,,,1030103,土地1建物1車位1,二十層,29,住宅大樓(11層含以上有電梯),住家用,鋼造,,238.62,0,0,0,無,無,69690000,320021,坡道平面,29.29,2700000,,RPSVMLKMJHNFFCA28CB
內湖區,房地(土地+建物)+車位,康寧段三小段241~270地號,16.97,其他,,,1030103,土地1建物1車位1,二十一層,29,住宅大樓(11層含以上有電梯),住家用,鋼造,,238.4,0,0,0,無,無,70360000,323084,坡道平面,29.29,2800000,,RPTVMLKMJHNFFCA38CB
內湖區,房地(土地+建物)+車位,康寧段三小段241~270地號,16.97,其他,,,1021225,土地1建物1車位1,二十三層,29,住宅大樓(11層含以上有電梯),住家用,鋼造,,238.4,0,0,0,無,無,70530000,324614,坡道平面,29.29,2650000,,RPUVMLKMJHNFFCA48CB
內湖區,房地(土地+建物)+車位,康寧段三小段241~270地號,17.38,其他,,,1021210,土地1建物1車位2,二十六層,29,住宅大樓(11層含以上有電梯),住家用,鋼造,,267.99,0,0,0,無,無,75230000,333699,坡道平面,58.58,5350000,,RPVVMLKMJHNFFCA58CB
內湖區,房地(土地+建物)+車位,康寧段三小段241~270地號,17.43,其他,,,1021227,土地1建物1車位2,六層,29,住宅大樓(11層含以上有電梯),住家用,鋼造,,268.49,0,0,0,無,無,58950000,256539,坡道平面,58.58,5100000,,RPWVMLKMJHNFFCA68CB
內湖區,房地(土地+建物)+車位,康寧段三小段241~270地號,17.01,其他,,,1030101,土地1建物1車位1,七層,29,住宅大樓(11層含以上有電梯),住家用,鋼造,,239.2,0,0,0,無,無,61000000,278691,坡道平面,29.29,2500000,,RPXVMLKMJHNFFCA78CB
內湖區,房地(土地+建物)+車位,康寧段三小段241~270地號,17.01,其他,,,1021227,土地1建物1車位1,五層,29,住宅大樓(11層含以上有電梯),住家用,鋼造,,239.2,0,0,0,無,無,59520000,272117,坡道平面,29.29,2400000,,RPOWMLKMJHNFFCA97CB
內湖區,房地(土地+建物)+車位,康寧段三小段241~270地號,17.26,其他,,,1030504,土地1建物1車位1,八層,29,住宅大樓(11層含以上有電梯),住家用,鋼造,,242.14,0,0,0,無,無,60250000,272492,坡道平面,29.29,2250000,,RPPWMLKMJHNFFCA08CB
內湖區,房地(土地+建物)+車位,康寧段三小段241~270地號,17.43,其他,,,1030104,土地1建物1車位2,九層,29,住宅大樓(11層含以上有電梯),住家用,鋼造,,268.28,0,0,0,無,無,63980000,281259,坡道平面,58.58,5000000,,RPQWMLKMJHNFFCA18CB
內湖區,房地(土地+建物)+車位,康寧段三小段241~270地號,17.43,其他,,,1021230,土地1建物1車位2,四層,29,住宅大樓(11層含以上有電梯),住家用,鋼造,,268.59,0,0,0,無,無,57610000,250512,坡道平面,58.58,5000000,,RPRWMLKMJHNFFCA28CB
內湖區,房地(土地+建物)+車位,康寧段三小段241~270地號,17.01,其他,,,1030428,土地1建物1車位1,十層,29,住宅大樓(11層含以上有電梯),住家用,鋼造,,238.99,0,0,0,無,無,60600000,275632,坡道平面,29.29,2800000,,RPSWMLKMJHNFFCA38CB
內湖區,房地(土地+建物)+車位,康寧段三小段241~270地號,17.43,其他,,,1030418,土地1建物1車位2,十三層,29,住宅大樓(11層含以上有電梯),住家用,鋼造,,268.28,0,0,0,無,無,65660000,287363,坡道平面,58.58,5400000,,RPTWMLKMJHNFFCA48CB
內湖區,房地(土地+建物)+車位,康寧段三小段241~270地號,17.43,其他,,,1030219,土地1建物1車位2,十一層,29,住宅大樓(11層含以上有電梯),住家用,鋼造,,268.28,0,0,0,無,無,64450000,283739,坡道平面,58.58,4950000,,RPUWMLKMJHNFFCA58CB
內湖區,房地(土地+建物)+車位,康寧段三小段241~270地號,17.01,其他,,,1030505,土地1建物1車位1,十四層,29,住宅大樓(11層含以上有電梯),住家用,鋼造,,238.99,0,0,0,無,無,63060000,290224,坡道平面,29.29,2200000,,RPVWMLKMJHNFFCA68CB
內湖區,房地(土地+建物)+車位,康寧段三小段241~270地號,16.97,其他,,,1030406,土地1建物1車位1,十五層,29,住宅大樓(11層含以上有電梯),住家用,鋼造,,238.62,0,0,0,無,無,64270000,296279,坡道平面,29.29,2250000,,RPWWMLKMJHNFFCA78CB
內湖區,房地(土地+建物)+車位,康寧段三小段241~270地號,17.38,其他,,,1021130,土地1建物1車位2,十六層,29,住宅大樓(11層含以上有電梯),住家用,鋼造,,267.91,0,0,0,無,無,68480000,300387,坡道平面,58.58,5600000,,RPXWMLKMJHNFFCA88CB
內湖區,房地(土地+建物)+車位,康寧段三小段241~270地號,17.38,其他,,,1021127,土地1建物1車位2,十八層,29,住宅大樓(11層含以上有電梯),住家用,鋼造,,267.91,0,0,0,無,無,69950000,306454,坡道平面,58.58,5800000,,RPONNLKMJHNFFCA17CB
內湖區,房地(土地+建物)+車位,康寧段三小段241~270地號,17.38,其他,,,1021127,土地1建物1車位2,十九層,29,住宅大樓(11層含以上有電梯),住家用,鋼造,,267.91,0,0,0,無,無,70580000,309464,坡道平面,58.58,5800000,,RPPNNLKMJHNFFCA27CB
內湖區,房地(土地+建物)+車位,康寧段三小段241~270地號,16.97,其他,,,1021225,土地1建物1車位1,二十三層,29,住宅大樓(11層含以上有電梯),住家用,鋼造,,238.4,0,0,0,無,無,69900000,321601,坡道平面,29.29,2650000,,RPQNNLKMJHNFFCA37CB
內湖區,房地(土地+建物)+車位,康寧段三小段241~270地號,17.38,其他,,,1021210,土地1建物1車位2,二十六層,29,住宅大樓(11層含以上有電梯),住家用,鋼造,,267.99,0,0,0,無,無,74740000,330643,坡道平面,58.58,5500000,,RPRNNLKMJHNFFCA47CB
內湖區,房地(土地+建物)+車位,康寧段三小段241~270地號,31.0,其他,,,1030718,土地1建物1車位3,二十九層,29,住宅大樓(11層含以上有電梯),住家用,鋼造,,464.32,0,0,0,無,無,139760000,348147,坡道平面,87.87,8700000,,RPSNNLKMJHNFFCA57CB
內湖區,房地(土地+建物)+車位,康寧段三小段241~270地號,17.01,其他,,,1030526,土地1建物1車位1,五層,29,住宅大樓(11層含以上有電梯),住家用,鋼造,,239.19,0,0,0,無,無,57000000,260124,坡道平面,29.29,2400000,,RPTNNLKMJHNFFCA67CB
內湖區,房地(土地+建物)+車位,康寧段三小段241~270地號,17.38,其他,,,1021209,土地1建物1車位2,二十一層,29,住宅大樓(11層含以上有電梯),住家用,鋼造,,267.69,0,0,0,無,無,71400000,316149,坡道平面,58.58,5290000,,RPUNNLKMJHNFFCA77CB
內湖區,房地(土地+建物)+車位,康寧段三小段241~270地號,30.21,其他,,,1030509,土地1建物1車位3,二十九層,29,住宅大樓(11層含以上有電梯),住家用,鋼造,,454.25,0,0,0,無,無,137150000,350729,坡道平面,87.87,8650000,,RPVNNLKMJHNFFCA87CB
內湖區,房地(土地+建物)+車位,康寧段三小段241~270地號,17.43,其他,,,1021220,土地1建物1車位2,六層,29,住宅大樓(11層含以上有電梯),住家用,鋼造,,268.49,0,0,0,無,無,59380000,259540,坡道平面,58.58,4900000,,RPWNNLKMJHNFFCA97CB
內湖區,房地(土地+建物)+車位,康寧段三小段241~270地號,17.01,其他,,,1030625,土地1建物1車位1,十層,29,住宅大樓(11層含以上有電梯),住家用,鋼造,,238.99,0,0,0,無,無,60280000,275107,坡道平面,29.29,2590000,,RPXNNLKMJHNFFCA08CB
內湖區,房地(土地+建物)+車位,康寧段三小段241~270地號,17.43,其他,,,1021206,土地1建物1車位2,九層,29,住宅大樓(11層含以上有電梯),住家用,鋼造,,268.28,0,0,0,無,無,61730000,268622,坡道平面,58.58,5400000,,RPOONLKMJHNFFCA27CB
內湖區,房地(土地+建物)+車位,康寧段三小段241~270地號,17.26,其他,,,1030317,土地1建物1車位1,八層,29,住宅大樓(11層含以上有電梯),住家用,鋼造,,242.14,0,0,0,無,無,60000000,268734,坡道平面,29.29,2800000,,RPPONLKMJHNFFCA37CB
內湖區,房地(土地+建物)+車位,康寧段三小段241~270地號,17.01,其他,,,1030704,土地1建物1車位1,七層,29,住宅大樓(11層含以上有電梯),住家用,鋼造,,239.2,0,0,0,無,無,57380000,261445,坡道平面,29.29,2500000,,RPQONLKMJHNFFCA47CB
內湖區,房地(土地+建物)+車位,康寧段三小段241~270地號,17.01,其他,,,1030709,土地1建物1車位1,六層,29,住宅大樓(11層含以上有電梯),住家用,鋼造,,239.2,0,0,0,無,無,56580000,258111,坡道平面,29.29,2400000,,RPRONLKMJHNFFCA57CB
內湖區,房地(土地+建物)+車位,康寧段三小段241~270地號,17.01,其他,,,1030709,土地1建物1車位1,五層,29,住宅大樓(11層含以上有電梯),住家用,鋼造,,239.19,0,0,0,無,無,55680000,255026,坡道平面,29.29,2150000,,RPSONLKMJHNFFCA67CB
內湖區,房地(土地+建物)+車位,康寧段三小段241~270地號,17.43,其他,,,1021220,土地1建物1車位2,四層,29,住宅大樓(11層含以上有電梯),住家用,鋼造,,268.59,0,0,0,無,無,58240000,253512,坡道平面,58.58,5000000,,RPTONLKMJHNFFCA77CB
內湖區,房地(土地+建物)+車位,康寧段三小段241~270地號,17.01,其他,,,1030416,土地1建物1車位1,十一層,29,住宅大樓(11層含以上有電梯),住家用,鋼造,,238.99,0,0,0,無,無,62160000,281164,坡道平面,29.29,3200000,,RPUONLKMJHNFFCA87CB
內湖區,房地(土地+建物)+車位,康寧段三小段241~270地號,17.43,其他,,,1030520,土地1建物1車位2,十二層,29,住宅大樓(11層含以上有電梯),住家用,鋼造,,268.28,0,0,0,無,無,64300000,281307,坡道平面,58.58,5310000,,RPVONLKMJHNFFCA97CB
內湖區,房地(土地+建物)+車位,康寧段三小段241~270地號,17.01,其他,,,1030430,土地1建物1車位1,十三層,29,住宅大樓(11層含以上有電梯),住家用,鋼造,,238.99,0,0,0,無,無,63560000,290224,坡道平面,29.29,2700000,,RPWONLKMJHNFFCA08CB
內湖區,房地(土地+建物)+車位,康寧段三小段241~270地號,20.61,其他,,,1021207,土地1建物1車位2,十四層,29,住宅大樓(11層含以上有電梯),住家用,鋼造,,308.98,0,0,0,無,無,85360000,317652,坡道平面,58.58,5820000,,RPXONLKMJHNFFCA18CB
內湖區,房地(土地+建物)+車位,康寧段三小段241~270地號,17.43,其他,,,1021207,土地1建物1車位2,十四層,29,住宅大樓(11層含以上有電梯),住家用,鋼造,,268.28,0,0,0,無,無,71900000,317597,坡道平面,58.58,5300000,,RPOPNLKMJHNFFCA37CB
內湖區,房地(土地+建物)+車位,康寧段三小段241~270地號,16.97,其他,,,1030426,土地1建物1車位1,十五層,29,住宅大樓(11層含以上有電梯),住家用,鋼造,,238.62,0,0,0,無,無,65140000,299479,坡道平面,29.29,2450000,,RPPPNLKMJHNFFCA47CB
內湖區,房地(土地+建物)+車位,康寧段三小段241~270地號,17.38,其他,,,1030430,土地1建物1車位2,十六層,29,住宅大樓(11層含以上有電梯),住家用,鋼造,,267.91,0,0,0,無,無,69400000,304782,坡道平面,58.58,5600000,,RPQPNLKMJHNFFCA57CB
內湖區,房地(土地+建物)+車位,康寧段三小段241~270地號,17.38,其他,,,1031201,土地1建物1車位2,十七層,29,住宅大樓(11層含以上有電梯),住家用,鋼造,,267.91,0,0,0,無,無,68500000,299766,坡道平面,58.58,5750000,,RPRPNLKMJHNFFCA67CB
內湖區,房地(土地+建物)+車位,康寧段三小段241~270地號,17.38,其他,,,1021209,土地1建物1車位2,十八層,29,住宅大樓(11層含以上有電梯),住家用,鋼造,,267.91,0,0,0,無,無,70460000,307935,坡道平面,58.58,6000000,,RPSPNLKMJHNFFCA77CB
內湖區,房地(土地+建物)+車位,康寧段三小段241~270地號,17.38,其他,,,1021205,土地1建物1車位2,十九層,29,住宅大樓(11層含以上有電梯),住家用,鋼造,,267.91,0,0,0,無,無,71160000,317011,坡道平面,58.58,4800000,,RPTPNLKMJHNFFCA87CB
內湖區,房地(土地+建物)+車位,康寧段三小段241~270地號,17.38,其他,,,1021224,土地1建物1車位2,二十一層,29,住宅大樓(11層含以上有電梯),住家用,鋼造,,267.69,0,0,0,無,無,72100000,317058,坡道平面,58.58,5800000,,RPUPNLKMJHNFFCA97CB
內湖區,房地(土地+建物)+車位,康寧段三小段241~270地號,17.43,其他,,,1021226,土地1建物1車位2,四層,29,住宅大樓(11層含以上有電梯),住家用,鋼造,,268.59,0,0,0,無,無,57660000,250512,坡道平面,58.58,5050000,,RPVPNLKMJHNFFCA08CB
內湖區,房地(土地+建物)+車位,康寧段三小段241~270地號,17.43,其他,,,1030112,土地1建物1車位2,五層,29,住宅大樓(11層含以上有電梯),住家用,鋼造,,268.48,0,0,0,無,無,63880000,278132,坡道平面,58.58,5500000,,RPWPNLKMJHNFFCA18CB
內湖區,房地(土地+建物)+車位,康寧段三小段241~270地號,17.43,其他,,,1021226,土地1建物1車位2,六層,29,住宅大樓(11層含以上有電梯),住家用,鋼造,,268.49,0,0,0,無,無,58950000,256539,坡道平面,58.58,5100000,,RPXPNLKMJHNFFCA28CB
內湖區,房地(土地+建物)+車位,康寧段三小段241~270地號,17.01,其他,,,1030122,土地1建物1車位1,七層,29,住宅大樓(11層含以上有電梯),住家用,鋼造,,239.2,0,0,0,無,無,60000000,273451,坡道平面,29.29,2600000,,RPOQNLKMJHNFFCA47CB
內湖區,房地(土地+建物)+車位,康寧段三小段241~270地號,17.67,其他,,,1030304,土地1建物1車位2,八層,29,住宅大樓(11層含以上有電梯),住家用,鋼造,,271.43,0,0,0,無,無,61730000,266056,坡道平面,58.58,5100000,,RPPQNLKMJHNFFCA57CB
內湖區,房地(土地+建物)+車位,康寧段三小段241~270地號,17.43,其他,,,1021203,土地1建物1車位2,九層,29,住宅大樓(11層含以上有電梯),住家用,鋼造,,268.28,0,0,0,無,無,60000000,259895,坡道平面,58.58,5500000,,RPQQNLKMJHNFFCA67CB
內湖區,房地(土地+建物)+車位,康寧段三小段241~270地號,17.43,其他,,,1021127,土地1建物1車位2,十層,29,住宅大樓(11層含以上有電梯),住家用,鋼造,,268.28,0,0,0,無,無,61930000,268622,坡道平面,58.58,5600000,,RPRQNLKMJHNFFCA77CB
內湖區,房地(土地+建物)+車位,康寧段三小段241~270地號,17.01,其他,,,1030719,土地1建物1車位1,十一層,29,住宅大樓(11層含以上有電梯),住家用,鋼造,,238.99,0,0,0,無,無,61500000,281116,坡道平面,29.29,2550000,,RPSQNLKMJHNFFCA87CB
內湖區,房地(土地+建物)+車位,康寧段三小段241~270地號,17.01,其他,,,1030901,土地1建物1車位1,十二層,29,住宅大樓(11層含以上有電梯),住家用,鋼造,,238.99,0,0,0,無,無,63160000,287363,坡道平面,29.29,2900000,,RPTQNLKMJHNFFCA97CB
內湖區,房地(土地+建物)+車位,康寧段三小段241~270地號,17.43,其他,,,1030314,土地1建物1車位2,十三層,29,住宅大樓(11層含以上有電梯),住家用,鋼造,,268.28,0,0,0,無,無,65860000,287363,坡道平面,58.58,5600000,,RPUQNLKMJHNFFCA08CB
內湖區,房地(土地+建物)+車位,康寧段三小段241~270地號,17.01,其他,,,1030702,土地1建物1車位1,十四層,29,住宅大樓(11層含以上有電梯),住家用,鋼造,,238.99,0,0,0,無,無,63500000,291130,坡道平面,29.29,2450000,,RPVQNLKMJHNFFCA18CB
內湖區,房地(土地+建物)+車位,康寧段三小段241~270地號,17.38,其他,,,1030304,土地1建物1車位2,十五層,29,住宅大樓(11層含以上有電梯),住家用,鋼造,,267.91,0,0,0,無,無,67120000,296279,坡道平面,58.58,5100000,,RPWQNLKMJHNFFCA28CB
內湖區,房地(土地+建物)+車位,康寧段三小段241~270地號,17.38,其他,,,1030115,土地1建物1車位2,十六層,29,住宅大樓(11層含以上有電梯),住家用,鋼造,,267.91,0,0,0,無,無,68680000,300387,坡道平面,58.58,5800000,,RPXQNLKMJHNFFCA38CB
內湖區,房地(土地+建物)+車位,康寧段三小段241~270地號,17.38,其他,,,1030428,土地1建物1車位2,十七層,29,住宅大樓(11層含以上有電梯),住家用,鋼造,,267.91,0,0,0,無,無,68550000,305498,坡道平面,58.58,4600000,,RPORNLKMJHNFFCA57CB
內湖區,房地(土地+建物)+車位,康寧段三小段241~270地號,17.38,其他,,,1030406,土地1建物1車位2,十八層,29,住宅大樓(11層含以上有電梯),住家用,鋼造,,267.91,0,0,0,無,無,68960000,308413,坡道平面,58.58,4400000,,RPPRNLKMJHNFFCA67CB
內湖區,房地(土地+建物)+車位,康寧段三小段241~270地號,16.97,其他,,,1021127,土地1建物1車位1,二十層,29,住宅大樓(11層含以上有電梯),住家用,鋼造,,238.62,0,0,0,無,無,68460000,312473,坡道平面,29.29,3050000,,RPQRNLKMJHNFFCA77CB
內湖區,房地(土地+建物)+車位,康寧段三小段241~270地號,17.38,其他,,,1021130,土地1建物1車位2,二十一層,29,住宅大樓(11層含以上有電梯),住家用,鋼造,,267.69,0,0,0,無,無,75910000,334322,坡道平面,58.58,6000000,,RPRRNLKMJHNFFCA87CB
內湖區,房地(土地+建物)+車位,康寧段三小段241~270地號,17.38,其他,,,1030406,土地1建物1車位2,二十五層,29,住宅大樓(11層含以上有電梯),住家用,鋼造,,267.69,0,0,0,無,無,73320000,329587,坡道平面,58.58,4400000,,RPSRNLKMJHNFFCA97CB
內湖區,房地(土地+建物)+車位,康寧段三小段241~270地號,17.38,其他,,,1030402,土地1建物1車位2,二十六層,29,住宅大樓(11層含以上有電梯),住家用,鋼造,,267.99,0,0,0,無,無,75150000,332649,坡道平面,58.58,5490000,,RPTRNLKMJHNFFCA08CB
內湖區,房地(土地+建物)+車位,康寧段三小段241~270地號,30.59,其他,,,1021210,土地1建物1車位2,二十九層,29,住宅大樓(11層含以上有電梯),住家用,鋼造,,435.03,0,0,0,無,無,135300000,344269,坡道平面,58.58,5700000,,RPURNLKMJHNFFCA18CB
內湖區,房地(土地+建物)+車位,康寧段三小段241~270地號,19.7,其他,,,1021206,土地1建物1車位2,四層,29,住宅大樓(11層含以上有電梯),住家用,鋼造,,297.18,0,0,0,無,無,69560000,272255,坡道平面,58.58,4600000,,RPVRNLKMJHNFFCA28CB
內湖區,房地(土地+建物)+車位,康寧段三小段241~270地號,19.74,其他,,,1021211,土地1建物1車位1,五層,29,住宅大樓(11層含以上有電梯),住家用,鋼造,,273.78,0,0,0,無,無,65390000,258047,坡道平面,29.29,2300000,,RPWRNLKMJHNFFCA38CB
內湖區,房地(土地+建物)+車位,康寧段三小段241~270地號,20.65,其他,,,1021209,土地1建物1車位2,六層,29,住宅大樓(11層含以上有電梯),住家用,鋼造,,309.27,0,0,0,無,無,71560000,267103,坡道平面,58.58,4600000,,RPXRNLKMJHNFFCA48CB
內湖區,房地(土地+建物)+車位,康寧段三小段241~270地號,20.24,其他,,,1030903,土地1建物1車位1,七層,29,住宅大樓(11層含以上有電梯),住家用,鋼造,,279.98,0,0,0,無,無,67850000,258885,坡道平面,29.29,2950000,,RPOSNLKMJHNFFCA67CB
內湖區,房地(土地+建物)+車位,康寧段三小段241~270地號,20.53,其他,,,1030316,土地1建物1車位2,八層,29,住宅大樓(11層含以上有電梯),住家用,鋼造,,307.47,0,0,0,無,無,71870000,269075,坡道平面,58.58,4900000,,RPPSNLKMJHNFFCA77CB
內湖區,房地(土地+建物)+車位,康寧段三小段241~270地號,20.61,其他,,,1021212,土地1建物1車位2,九層,29,住宅大樓(11層含以上有電梯),住家用,鋼造,,308.98,0,0,0,無,無,75470000,282228,坡道平面,58.58,4800000,,RPQSNLKMJHNFFCA87CB
內湖區,房地(土地+建物)+車位,康寧段三小段241~270地號,20.61,其他,,,1021128,土地1建物1車位2,十層,29,住宅大樓(11層含以上有電梯),住家用,鋼造,,308.98,0,0,0,無,無,73730000,271685,坡道平面,58.58,5700000,,RPRSNLKMJHNFFCA97CB
內湖區,房地(土地+建物)+車位,康寧段三小段241~270地號,20.57,其他,,,1030411,土地1建物1車位2,十九層,29,住宅大樓(11層含以上有電梯),住家用,鋼造,,308.48,0,0,0,無,無,83480000,314446,坡道平面,58.58,4900000,,RPSSNLKMJHNFFCA08CB
內湖區,房地(土地+建物)+車位,康寧段三小段241~270地號,20.57,其他,,,1030328,土地1建物1車位2,二十一層,29,住宅大樓(11層含以上有電梯),住家用,鋼造,,308.21,0,0,0,無,無,84930000,318992,坡道平面,58.58,5300000,,RPTSNLKMJHNFFCA18CB
內湖區,房地(土地+建物)+車位,康寧段三小段241~270地號,20.57,其他,,,1030328,土地1建物1車位2,二十一層,29,住宅大樓(11層含以上有電梯),住家用,鋼造,,308.21,0,0,0,無,無,84170000,315948,坡道平面,58.58,5300000,,RPUSNLKMJHNFFCA28CB
內湖區,房地(土地+建物)+車位,康寧段三小段241~270地號,20.57,其他,,,1030328,土地1建物1車位2,二十二層,29,住宅大樓(11層含以上有電梯),住家用,鋼造,,308.21,0,0,0,無,無,84930000,318992,坡道平面,58.58,5300000,,RPVSNLKMJHNFFCA38CB
內湖區,房地(土地+建物)+車位,康寧段三小段241~270地號,20.36,其他,,,1030402,土地1建物1車位2,二十六層,29,住宅大樓(11層含以上有電梯),住家用,鋼造,,305.6,0,0,0,無,無,88650000,335600,坡道平面,58.58,5750000,,RPWSNLKMJHNFFCA48CB
內湖區,房地(土地+建物)+車位,康寧段三小段241~270地號,20.32,其他,,,1030919,土地1建物1車位2,二十五層,29,住宅大樓(11層含以上有電梯),住家用,鋼造,,304.82,0,0,0,無,無,89200000,340318,坡道平面,58.58,5400000,,RPXSNLKMJHNFFCA58CB
內湖區,房地(土地+建物)+車位,康寧段三小段241~270地號,17.38,其他,,,1030919,土地1建物1車位2,二十五層,29,住宅大樓(11層含以上有電梯),住家用,鋼造,,267.69,0,0,0,無,無,75050000,333078,坡道平面,58.58,5400000,,RPOTNLKMJHNFFCA77CB
內湖區,房地(土地+建物)+車位,康寧段三小段241~270地號,20.53,其他,,,1021203,土地1建物1車位2,八層,29,住宅大樓(11層含以上有電梯),住家用,鋼造,,307.47,0,0,0,無,無,72190000,270160,坡道平面,58.58,4950000,,RPPTNLKMJHNFFCA87CB
內湖區,房地(土地+建物)+車位,康寧段三小段241~270地號,20.61,其他,,,1030519,土地1建物1車位2,九層,29,住宅大樓(11層含以上有電梯),住家用,鋼造,,308.98,0,0,0,無,無,72680000,269089,坡道平面,58.58,5300000,,RPRTNLKMJHNFFCA08CB
內湖區,房地(土地+建物)+車位,康寧段三小段241~270地號,20.61,其他,,,1021127,土地1建物1車位2,十層,29,住宅大樓(11層含以上有電梯),住家用,鋼造,,308.98,0,0,0,無,無,74680000,275879,坡道平面,58.58,5600000,,RPSTNLKMJHNFFCA18CB
內湖區,房地(土地+建物)+車位,康寧段三小段241~270地號,20.61,其他,,,1021213,土地1建物1車位2,十一層,29,住宅大樓(11層含以上有電梯),住家用,鋼造,,308.98,0,0,0,無,無,75780000,282268,坡道平面,58.58,5100000,,RPTTNLKMJHNFFCA28CB
內湖區,房地(土地+建物)+車位,康寧段三小段241~270地號,20.61,其他,,,1030116,土地1建物1車位2,十二層,29,住宅大樓(11層含以上有電梯),住家用,鋼造,,308.98,0,0,0,無,無,82100000,305511,坡道平面,58.58,5600000,,RPUTNLKMJHNFFCA38CB
內湖區,房地(土地+建物)+車位,康寧段三小段241~270地號,20.61,其他,,,1021203,土地1建物1車位2,十三層,29,住宅大樓(11層含以上有電梯),住家用,鋼造,,308.98,0,0,0,無,無,78050000,291334,坡道平面,58.58,5100000,,RPVTNLKMJHNFFCA48CB
內湖區,房地(土地+建物)+車位,康寧段三小段241~270地號,20.16,其他,,,1030426,土地1建物1車位1,十五層,29,住宅大樓(11層含以上有電梯),住家用,鋼造,,279.19,0,0,0,無,無,78140000,302481,坡道平面,29.29,2550000,,RPWTNLKMJHNFFCA58CB
內湖區,房地(土地+建物)+車位,康寧段三小段241~270地號,20.57,其他,,,1021214,土地1建物1車位2,十八層,29,住宅大樓(11層含以上有電梯),住家用,鋼造,,308.48,0,0,0,無,無,83010000,310964,坡道平面,58.58,5300000,,RPXTNLKMJHNFFCA68CB
內湖區,房地(土地+建物)+車位,康寧段三小段241~270地號,20.57,其他,,,1030417,土地1建物1車位2,十九層,29,住宅大樓(11層含以上有電梯),住家用,鋼造,,308.48,0,0,0,無,無,84280000,317647,坡道平面,58.58,4900000,,RPOUNLKMJHNFFCA87CB
內湖區,房地(土地+建物)+車位,康寧段三小段241~270地號,20.57,其他,,,1021210,土地1建物1車位2,二十二層,29,住宅大樓(11層含以上有電梯),住家用,鋼造,,308.21,0,0,0,無,無,87030000,324600,坡道平面,58.58,6000000,,RPPUNLKMJHNFFCA97CB
內湖區,房地(土地+建物)+車位,康寧段三小段241~270地號,20.57,其他,,,1021219,土地1建物1車位2,二十三層,29,住宅大樓(11層含以上有電梯),住家用,鋼造,,308.21,0,0,0,無,無,86280000,323599,坡道平面,58.58,5500000,,RPQUNLKMJHNFFCA08CB
內湖區,房地(土地+建物)+車位,康寧段三小段241~270地號,20.57,其他,,,1030225,土地1建物1車位2,二十四層,29,住宅大樓(11層含以上有電梯),住家用,鋼造,,308.21,0,0,0,無,無,88330000,330609,坡道平面,58.58,5800000,,RPRUNLKMJHNFFCA18CB
內湖區,房地(土地+建物)+車位,康寧段三小段241~270地號,20.32,其他,,,1021230,土地1建物1車位2,二十五層,29,住宅大樓(11層含以上有電梯),住家用,鋼造,,304.82,0,0,0,無,無,79240000,298774,坡道平面,58.58,5670000,,RPSUNLKMJHNFFCA28CB
內湖區,房地(土地+建物)+車位,康寧段三小段241~270地號,20.36,其他,,,1021215,土地1建物1車位2,二十六層,29,住宅大樓(11層含以上有電梯),住家用,鋼造,,305.6,0,0,0,無,無,91190000,347705,坡道平面,58.58,5300000,,RPTUNLKMJHNFFCA38CB
內湖區,房地(土地+建物)+車位,康寧段三小段241~270地號,20.28,其他,,,1030225,土地1建物1車位2,二十七層,29,住宅大樓(11層含以上有電梯),住家用,鋼造,,304.56,0,0,0,無,無,91300000,346370,坡道平面,58.58,6100000,,RPUUNLKMJHNFFCA48CB
內湖區,房地(土地+建物)+車位,康寧段三小段241~270地號,19.87,其他,,,1030528,土地1建物1車位1,二十八層,29,住宅大樓(11層含以上有電梯),住家用,鋼造,,275.27,0,0,0,無,無,88000000,345353,坡道平面,29.29,3050000,,RPVUNLKMJHNFFCA58CB
內湖區,房地(土地+建物)+車位,康寧段三小段241~270地號,30.21,其他,,,1021209,土地1建物1車位3,二十九層,29,住宅大樓(11層含以上有電梯),住家用,鋼造,,454.25,0,0,0,無,無,135890000,347290,坡道平面,87.87,8650000,,RPWUNLKMJHNFFCA68CB
北投區,房地(土地+建物)+車位,崇仰段三小段31~60地號,129.87,住,,,1040105,土地1建物1車位3,一層,15,住宅大樓(11層含以上有電梯),住家用,鋼骨鋼筋混凝土造,,586.03,3,2,4,有,無,193760000,385756,坡道平面,105.0,8200000,,RPTQMLKMJHNFFEA08CB
北投區,房地(土地+建物)+車位,崇仰段三小段31~60地號,123.96,住,,,1040105,土地1建物1車位3,三層,15,住宅大樓(11層含以上有電梯),住家用,鋼骨鋼筋混凝土造,,565.4,3,2,4,有,無,165880000,343354,坡道平面,105.0,7800000,,RPUQMLKMJHNFFEA18CB
北投區,房地(土地+建物)+車位,崇仰段三小段31~60地號,123.96,住,,,1040105,土地1建物1車位3,四層,15,住宅大樓(11層含以上有電梯),住家用,鋼骨鋼筋混凝土造,,565.4,3,2,4,有,無,165180000,341833,坡道平面,105.0,7800000,,RPVQMLKMJHNFFEA28CB
北投區,房地(土地+建物)+車位,崇仰段三小段31~60地號,123.96,住,,,1040105,土地1建物1車位3,五層,15,住宅大樓(11層含以上有電梯),住家用,鋼骨鋼筋混凝土造,,565.4,3,2,4,有,無,165180000,341833,坡道平面,105.0,7800000,,RPWQMLKMJHNFFEA38CB
