﻿鄉鎮市區,交易標的,土地區段位置建物區段門牌,土地移轉總面積平方公尺,都市土地使用分區,非都市土地使用分區,非都市土地使用編定,交易年月日,交易筆棟數,移轉層次,總樓層數,建物型態,主要用途,主要建材,建築完成年月,建物移轉總面積平方公尺,建物現況格局-房,建物現況格局-廳,建物現況格局-衛,建物現況格局-隔間,有無管理組織,總價元,單價元平方公尺,車位類別,車位移轉總面積平方公尺,車位總價元,備註,編號
The villages and towns urban district,transaction sign,land sector position building sector house number plate,land shifting total area square meter,the use zoning or compiles and checks,the non-metropolis land use district,non-metropolis land use,transaction year month and day,transaction pen number,shifting level,total floor number,building state,main use,main building materials,construction to complete the years,building shifting total area,Building present situation pattern - room,building present situation pattern - hall,building present situation pattern - health,building present situation pattern - compartmented,Whether there is manages the organization,total price Yuan,the unit price a Yuan square meter,the berth category,berth shifting total area square meter,the berth total price Yuan,the note,serial number
蘇澳鎮,房地(土地+建物),慶安段1261~1290地號,106.76,住,,,1060829,土地2建物1車位0,全,2,透天厝,住家用,鋼筋混凝土造,,148.15,3,2,3,有,無,6500000,43874,,0.0,0,,RPQOMLRLJIMFFAG58EB
宜蘭市,房地(土地+建物),新張段541~570地號,138.68,,特定農業區,甲種建築用地,1060628,土地2建物1車位0,全,3,透天厝,住家用,鋼筋混凝土造,,171.59,4,2,4,有,無,9200000,53616,,0.0,0,,RPSOMLQKJHNFFBG68EB
宜蘭市,房地(土地+建物),新張段541~570地號,146.38,,特定農業區,甲種建築用地,1060625,土地2建物1車位0,全,3,透天厝,住家用,鋼筋混凝土造,,149.59,4,2,3,有,無,8750000,58493,,0.0,0,,RPTOMLQKJHNFFBG78EB
宜蘭市,房地(土地+建物),新張段541~570地號,146.54,,特定農業區,甲種建築用地,1060625,土地2建物1車位0,全,3,透天厝,住家用,鋼筋混凝土造,,176.77,4,2,4,有,無,9800000,55439,,0.0,0,,RPUOMLQKJHNFFBG88EB
宜蘭市,房地(土地+建物),新張段541~570地號,133.7,,特定農業區,甲種建築用地,1060624,土地2建物1車位0,全,3,透天厝,住家用,鋼筋混凝土造,,160.8,4,2,4,有,無,8980000,55846,,0.0,0,,RPWOMLQKJHNFFBG09EB
宜蘭市,房地(土地+建物),新張段541~570地號,133.7,,特定農業區,甲種建築用地,1060624,土地2建物1車位0,全,3,透天厝,住家用,鋼筋混凝土造,,176.44,4,2,4,有,無,9360000,53049,,0.0,0,,RPXOMLQKJHNFFBG56EB
宜蘭市,房地(土地+建物),新張段541~570地號,138.36,,特定農業區,甲種建築用地,1060624,土地2建物1車位0,全,3,透天厝,住家用,鋼筋混凝土造,,176.77,4,2,4,有,無,9450000,53459,,0.0,0,,RPOPMLQKJHNFFBG38EB
宜蘭市,房地(土地+建物),新張段541~570地號,143.17,,特定農業區,甲種建築用地,1060626,土地2建物1車位0,全,3,透天厝,住家用,鋼筋混凝土造,,149.59,4,2,4,有,無,9600000,64175,,0.0,0,,RPQPMLQKJHNFFBG58EB
宜蘭市,房地(土地+建物),新張段541~570地號,123.92,,特定農業區,甲種建築用地,1060629,土地2建物1車位0,全,3,透天厝,住家用,鋼筋混凝土造,,171.23,4,2,4,有,無,9000000,52561,,0.0,0,,RPRNMLRKJHNFFBG58EB
宜蘭市,房地(土地+建物),新張段541~570地號,163.54,,特定農業區,甲種建築用地,1060630,土地2建物1車位0,全,3,透天厝,住家用,鋼筋混凝土造,,171.46,4,2,3,有,無,9600000,55990,,0.0,0,,RPSNMLRKJHNFFBG68EB
宜蘭市,房地(土地+建物),新張段541~570地號,131.46,,特定農業區,甲種建築用地,1060626,土地2建物1車位0,全,3,透天厝,住家用,鋼筋混凝土造,,176.66,4,2,4,有,無,9300000,52643,,0.0,0,,RPTNMLRKJHNFFBG78EB
宜蘭市,房地(土地+建物),新張段541~570地號,127.13,,特定農業區,甲種建築用地,1060627,土地2建物1車位0,全,3,透天厝,住家用,鋼筋混凝土造,,176.66,4,2,4,有,無,9100000,51511,,0.0,0,,RPUNMLRKJHNFFBG88EB
宜蘭市,房地(土地+建物),新張段541~570地號,125.36,,特定農業區,甲種建築用地,1060625,土地2建物1車位0,全,3,透天厝,住家用,鋼筋混凝土造,,171.96,4,2,4,有,無,8880000,51640,,0.0,0,,RPVNMLRKJHNFFBG98EB
員山鄉,房地(土地+建物),深惠段721~750地號,77.48,,鄉村區,乙種建築用地,1050731,土地2建物1車位0,全,4,透天厝,住家用,鋼筋混凝土造,,175.45,4,2,3,有,無,8680000,49473,,0.0,0,,RPQOMLNLJHNFFBG18DB
員山鄉,房地(土地+建物),深惠段721~750地號,80.28,,鄉村區,乙種建築用地,1050618,土地2建物1車位0,全,4,透天厝,住家用,鋼筋混凝土造,,172.67,4,2,3,有,無,8400000,48648,,0.0,0,,RPROMLNLJHNFFBG28DB
員山鄉,房地(土地+建物),深惠段721~750地號,80.98,,鄉村區,乙種建築用地,1050106,土地2建物1車位0,全,4,透天厝,住家用,鋼筋混凝土造,,172.71,4,2,3,有,無,8390000,48579,,0.0,0,,RPTOMLNLJHNFFBG48DB
員山鄉,房地(土地+建物),深惠段721~750地號,80.46,,鄉村區,乙種建築用地,1050106,土地3建物1車位0,全,4,透天厝,住家用,鋼筋混凝土造,,172.71,4,2,3,有,無,8400000,48636,,0.0,0,,RPUOMLNLJHNFFBG58DB
員山鄉,房地(土地+建物),深惠段721~750地號,79.02,,鄉村區,乙種建築用地,1050215,土地3建物1車位0,全,4,透天厝,住家用,鋼筋混凝土造,,172.71,4,2,3,有,無,8500000,49215,,0.0,0,,RPVOMLNLJHNFFBG68DB
員山鄉,房地(土地+建物),深惠段721~750地號,74.38,,鄉村區,乙種建築用地,1050101,土地3建物1車位0,全,4,透天厝,住家用,鋼筋混凝土造,,172.71,4,2,3,有,無,8380000,48521,,0.0,0,,RPWOMLNLJHNFFBG78DB
員山鄉,房地(土地+建物),深惠段721~750地號,74.18,,鄉村區,乙種建築用地,1050106,土地3建物1車位0,全,4,透天厝,住家用,鋼筋混凝土造,,172.71,4,2,3,有,無,8400000,48636,,0.0,0,,RPOPMLNLJHNFFBG08DB
員山鄉,房地(土地+建物),深惠段721~750地號,85.79,,鄉村區,乙種建築用地,1060213,土地2建物1車位0,全,4,透天厝,住家用,鋼筋混凝土造,,172.71,4,2,3,有,無,8380000,48521,,0.0,0,,RPPPMLNLJHNFFBG18DB
員山鄉,房地(土地+建物),深惠段721~750地號,105.81,,鄉村區,乙種建築用地,1050119,土地2建物1車位0,全,4,透天厝,住家用,鋼筋混凝土造,,172.71,4,2,3,有,無,8700000,50373,,0.0,0,,RPQPMLNLJHNFFBG28DB
員山鄉,房地(土地+建物),深惠段721~750地號,130.27,,鄉村區,乙種建築用地,1050111,土地2建物1車位0,全,4,透天厝,住家用,鋼筋混凝土造,,234.9,4,2,3,有,無,10880000,46318,,0.0,0,,RPRPMLNLJHNFFBG38DB
員山鄉,房地(土地+建物),深惠段721~750地號,97.51,,鄉村區,乙種建築用地,1050109,土地2建物1車位0,全,4,透天厝,住家用,鋼筋混凝土造,,194.93,4,2,3,有,無,10060000,51608,,0.0,0,,RPSPMLNLJHNFFBG48DB
員山鄉,房地(土地+建物),深惠段721~750地號,104.62,,鄉村區,乙種建築用地,1050103,土地2建物1車位0,全,4,透天厝,住家用,鋼筋混凝土造,,194.93,4,2,3,有,無,9960000,51095,,0.0,0,,RPTPMLNLJHNFFBG58DB
員山鄉,房地(土地+建物),深惠段721~750地號,100.83,,鄉村區,乙種建築用地,1050115,土地2建物1車位0,全,4,透天厝,住家用,鋼筋混凝土造,,195.59,4,2,3,有,無,10200000,52150,,0.0,0,,RPUPMLNLJHNFFBG68DB
員山鄉,房地(土地+建物),深惠段721~750地號,95.19,,鄉村區,乙種建築用地,1050110,土地2建物1車位0,全,4,透天厝,住家用,鋼筋混凝土造,,199.67,4,2,3,有,無,10000000,50083,,0.0,0,,RPVPMLNLJHNFFBG78DB
員山鄉,房地(土地+建物),深惠段721~750地號,94.92,,鄉村區,乙種建築用地,1050305,土地2建物1車位0,全,4,透天厝,住家用,鋼筋混凝土造,,214.93,4,2,3,有,無,10500000,48853,,0.0,0,,RPWPMLNLJHNFFBG88DB
員山鄉,房地(土地+建物),深惠段721~750地號,78.68,,鄉村區,乙種建築用地,1050607,土地2建物1車位0,全,4,透天厝,住家用,鋼筋混凝土造,,162.74,4,2,3,有,無,8160000,50141,,0.0,0,,RPOQMLNLJHNFFBG18DB
員山鄉,房地(土地+建物),深惠段721~750地號,79.78,,鄉村區,乙種建築用地,1050902,土地2建物1車位0,全,4,透天厝,住家用,鋼筋混凝土造,,167.81,4,2,3,有,無,8280000,49342,,0.0,0,,RPPQMLNLJHNFFBG28DB
員山鄉,房地(土地+建物),深惠段721~750地號,90.09,,鄉村區,乙種建築用地,1050319,土地2建物1車位0,全,4,透天厝,住家用,鋼筋混凝土造,,206.34,4,2,3,有,無,10360000,50208,,0.0,0,,RPQQMLNLJHNFFBG38DB
員山鄉,房地(土地+建物),深惠段721~750地號,94.98,,鄉村區,乙種建築用地,1050312,土地2建物1車位0,全,4,透天厝,住家用,鋼筋混凝土造,,217.42,4,2,3,有,無,11000000,50593,,0.0,0,,RPRQMLNLJHNFFBG48DB
員山鄉,房地(土地+建物),深惠段721~750地號,81.73,,鄉村區,乙種建築用地,1050904,土地2建物1車位0,全,4,透天厝,住家用,鋼筋混凝土造,,172.05,4,2,3,有,無,8380000,48707,,0.0,0,,RPSQMLNLJHNFFBG58DB
員山鄉,房地(土地+建物),深惠段721~750地號,98.99,,鄉村區,乙種建築用地,1060827,土地2建物1車位0,全,4,透天厝,住家用,鋼筋混凝土造,,214.15,4,2,3,有,無,11350000,53000,,0.0,0,,RPTQMLNLJHNFFBG68DB
員山鄉,房地(土地+建物),深惠段721~750地號,111.62,,鄉村區,乙種建築用地,1051003,土地3建物1車位0,全,4,透天厝,住家用,鋼筋混凝土造,,209.85,4,2,3,有,無,10800000,51465,,0.0,0,,RPVQMLNLJHNFFBG88DB
員山鄉,房地(土地+建物),深惠段721~750地號,96.72,,鄉村區,乙種建築用地,1050630,土地5建物1車位0,全,4,透天厝,住家用,鋼筋混凝土造,,172.71,4,2,3,有,無,8500000,49215,,0.0,0,,RPPRMLNLJHNFFBG38DB
員山鄉,房地(土地+建物),深惠段721~750地號,90.25,,鄉村區,乙種建築用地,1050523,土地3建物1車位0,全,4,透天厝,住家用,鋼筋混凝土造,,176.73,4,2,3,有,無,8480000,47983,,0.0,0,,RPSNMLOLJHNFFBG48EB
員山鄉,房地(土地+建物),深惠段721~750地號,84.9,,鄉村區,乙種建築用地,1050526,土地3建物1車位0,全,4,透天厝,住家用,鋼筋混凝土造,,176.72,4,2,3,有,無,8480000,47986,,0.0,0,,RPUNMLOLJHNFFBG68EB
