﻿編號,土地區段位置,土地移轉面積平方公尺,使用分區或編定
The serial number,land sector position,land shifting area square meter,the use zoning or compiles and checks
RPSNMLOKJIMFFAN88CC,秀水段,688.14,都市：其他
RPQNMLRLJIMFFDN76CC,員林段,6.83,都市：住
RPQNMLRLJIMFFDN76CC,員林段,1.27,都市：住
RPUNMLLLJIMFFDN56CC,莒光段,71.62,都市：住
RPUNMLLLJIMFFDN56CC,莒光段,.18,都市：住
RPUNMLLLJIMFFDN56CC,莒光段,7.70,都市：住
RPUNMLLLJIMFFDN56CC,莒光段,11.71,都市：住
RPRNMLRKJIMFFDN76CC,新生段,108.02,都市：住
RPRNMLRKJIMFFDN76CC,新生段,69.24,都市：住
RPRNMLQJKIMFFBN56DC,和北段,200.00,都市：工
RPPOMLKMJIMFFDN78CC,復興段,351.48,都市：住
RPQOMLPKJIMFFAN88CC,延平段,174.00,非都市：山坡地保育區 ; 非都市編定：丙種建築用地
RPQOMLPKJIMFFAN88CC,桃源段,119.16,非都市：山坡地保育區 ; 非都市編定：丙種建築用地
RPPNMLSLJIMFFCN66CC,鹿興段,72.29,都市：住
RPOOMLQJKIMFFDN09CC,員林段,81.00,都市：商
RPTNMLOJKIMFFDN66CC,和平段,7.60,都市：住
RPUOMLTKKIMFFAN27DC,西勢子段過溝子小段,80.00,都市：住
RPTNMLTKKIMFFDN27CC,和平段,11.25,都市：住
RPVOMLTKKIMFFAN37DC,西勢子段過溝子小段,80.00,都市：住
RPQNMLTKKIMFFAN66CC,合興段,15.50,非都市：特定農業區 ; 非都市編定：甲種建築用地
RPQNMLTKKIMFFAN66CC,合興段,45.00,非都市：特定農業區 ; 非都市編定：甲種建築用地
RPQNMLNJJHNFFCN78DC,順興段,95.50,都市：住
RPUNMLMLKIMFFCN76DC,新宮段,184.55,都市：住
RPQNMLKKJHNFFCN48CC,龍山段,105.09,都市：其他
RPQOMLPJJHNFFAN78CC,曾厝段,1370.00,都市：農
RPQNMLMJJHNFFHN09CC,東寮段,59.00,非都市：鄉村區 ; 非都市編定：乙種建築用地
RPQOMLSKJHNFFDN86CC,員林段,21.00,都市：其他
RPQOMLSKJHNFFDN86CC,員林段,11.00,都市：其他
RPTNMLNLJHNFFDN66CC,和平段,12.00,非都市： ; 非都市編定：
RPUNMLPKJHNFFDN86CC,員林段,41.00,都市：住
RPTNMLPJJHNFFDN76DC,平和段,1138.29,非都市：山坡地保育區 ; 非都市編定：丙種建築用地
RPSNMLPLJHNFFCN66CC,洛津段,147.04,都市：其他
RPPNMLPLJHNFFHN96DC,福安段,133.40,都市：商
RPPNMLPLJHNFFHN96DC,福安段,133.79,都市：商
RPTNMLPJKHNFFHN17CC,成功段,75.00,都市：住
RPPNMLMLJHNFFCN68CC,三元段,10.00,非都市：特定農業區 ; 非都市編定：農牧用地
RPWNMLPJKHNFFCN96CC,郭厝段,86.06,都市：其他
RPSOMLQJKHNFFAN56CC,成功段,2.00,都市：商
RPSOMLQJKHNFFAN56CC,成功段,22.00,都市：商
RPSOMLQJKHNFFAN56CC,成功段,63.00,都市：商
RPSOMLQJKHNFFAN56CC,成功段,38.00,都市：商
RPSOMLQJKHNFFAN56CC,成功段,77.00,都市：商
RPOOMLPJKHNFFBN78CC,大嘉段,83.00,非都市：鄉村區 ; 非都市編定：乙種建築用地
RPQOMLTJKHNFFDN96CC,員林段,34.00,都市：商
