﻿編號,屋齡,建物移轉面積平方公尺,主要用途,主要建材,建築完成日期,總層數,建物分層
The serial number,room age,building shifting area square meter,the main use,main building materials,construction completes the date,total layer,building lamination
RPXNMLNKJIMFFBQ86CA,,204.85,見其他登記事項,鋼筋混凝土造,106年6月7日,四層,一層 二層 三層 四層
RPPNMLPKJIMFFBQ88CA,10,207.88,見其他登記事項,鋼筋混凝土造,97年4月8日,四層,一層 二層 三層 四層 地下一層
RPPNMLPKJIMFFBQ88CA,10,4.62,見其他登記事項,鋼筋混凝土造,97年4月8日,三層,
RPPNMLPKJIMFFBQ88CA,10,28.89,停車空間,鋼筋混凝土造,97年4月8日,四層,
RPPNMLPKJIMFFBQ88CA,10,207.88,見其他登記事項,鋼筋混凝土造,97年4月8日,四層,一層 二層 三層 四層 地下一層
RPPNMLPKJIMFFBQ88CA,10,4.62,見其他登記事項,鋼筋混凝土造,97年4月8日,三層,
RPPNMLPKJIMFFBQ88CA,10,28.89,停車空間,鋼筋混凝土造,97年4月8日,四層,
RPQOMLPKJIMFFCQ56CA,24,166.35,住家用,鋼筋混凝土造,82年5月20日,四層,一層 二層 三層 四層 騎樓
RPPNMLPKJIMFFCQ98CA,37,183.15,住商用,鋼筋混凝土加強磚造,69年12月15日,三層,一層 二層 三層 騎樓
RPPNMLSKJIMFFCQ66CA,24,210.77,住家用,鋼筋混凝土造,82年12月15日,四層,一層 二層 三層 四層
RPRNMLLLJIMFFCQ88CA,36,82.40,住家用,鋼筋混凝土加強磚造,70年10月12日,一層,一層
RPUNMLOKJIMFFDQ86CA,25,92.92,住家用,鋼筋混凝土加強磚造,81年6月29日,二層,一層 二層
RPUNMLRLJIMFFDQ27CA,1,214.90,住家用,鋼筋混凝土造,105年7月26日,四層,一層 二層 三層 四層
RPXNMLRKJIMFFDQ47CA,,186.46,住家用,鋼筋混凝土造,106年8月2日,三層,一層 二層 三層 見其他登記事項
RPVNMLPKJIMFFDQ17DA,2,167.25,見其他登記事項,鋼筋混凝土造,104年10月16日,三層,一層 二層 三層
RPSNMLOKJIMFFCQ76EA,24,159.75,住家用,鋼筋混凝土造,82年11月3日,三層,一層 二層 三層 電梯樓梯間
RPSNMLKMJIMFFCQ56EA,,206.26,見其他登記事項,鋼筋混凝土造,106年8月3日,三層,一層 二層 三層 見其他登記事項
RPWNMLKMJIMFFCQ96EA,,228.76,見其他登記事項,鋼筋混凝土造,106年8月3日,三層,一層 二層 三層 見其他登記事項
RPPOMLPKJIMFFDQ56CA,18,9.74,見其他登記事項,鋼筋混凝土造,88年5月31日,五層,
RPPOMLPKJIMFFDQ56CA,18,68.11,見其他登記事項,鋼筋混凝土造,88年5月31日,五層,三層
RPPOMLPKJIMFFDQ56CA,18,.59,見其他登記事項,鋼筋混凝土造,88年5月31日,一層,
RPPOMLPKJIMFFDQ56CA,18,68.11,見其他登記事項,鋼筋混凝土造,88年5月31日,五層,三層
RPPOMLPKJIMFFDQ56CA,18,9.74,見其他登記事項,鋼筋混凝土造,88年5月31日,五層,
RPPOMLPKJIMFFDQ56CA,18,.59,見其他登記事項,鋼筋混凝土造,88年5月31日,一層,
RPSNMLQKJIMFFDQ86CA,22,111.96,見其他登記事項,鋼筋混凝土造,85年2月7日,九層,一層 二層 三層
RPSNMLQKJIMFFDQ86CA,22,24.44,見其他登記事項,鋼筋混凝土造,85年2月7日,九層,
RPSNMLQKJIMFFDQ86CA,22,16.60,見其他登記事項,鋼筋混凝土造,85年2月7日,九層,
RPQNMLKKKIMFFDQ78CA,37,100.12,住家用,鋼筋混凝土加強磚造,69年3月24日,二層,一層 二層
RPQNMLMLJIMFFCQ88CA,27,156.94,住家用,見其他登記事項,79年12月13日,三層,一層 二層 三層 電梯樓梯間
RPPOMLQKJIMFFCQ56CA,23,167.38,住家用,鋼筋混凝土造,83年8月18日,三層,一層 二層 三層 電梯樓梯間
RPPOMLPKJIMFFCQ09CA,24,90.80,住家用,鋼筋混凝土造,82年12月14日,七層,三層
RPPOMLPKJIMFFCQ09CA,24,9.47,共有部份,鋼筋混凝土造,82年12月14日,七層,
RPPOMLPKJIMFFCQ09CA,24,8.92,共有部份,鋼筋混凝土造,82年12月14日,七層,
RPRNMLTKJIMFFBQ86CA,,221.81,住家用,鋼筋混凝土造,106年5月12日,四層,一層 二層 三層 四層
RPROMLQKJIMFFCQ76CA,24,98.79,住家用,鋼筋混凝土造,82年12月14日,七層,四層
RPROMLQKJIMFFCQ76CA,24,7.89,共有部份,鋼筋混凝土造,82年12月14日,七層,
RPROMLQKJIMFFCQ76CA,24,5.84,共有部份,鋼筋混凝土造,82年12月14日,七層,
RPPNMLRLJIMFFBQ56CA,12,16.18,住家用,鋼筋混凝土造,94年10月3日,十層,二層
RPPNMLRLJIMFFBQ56CA,12,.10,見其他登記事項,鋼筋混凝土造,94年10月3日,十層,
RPPNMLRLJIMFFBQ56CA,12,8.53,見其他登記事項,鋼筋混凝土造,94年10月3日,十層,
RPQNMLQLJIMFFBQ56CA,11,17.36,住家用,鋼筋混凝土造,95年8月28日,八層,五層
RPQNMLQLJIMFFBQ56CA,11,4.31,共有部份,鋼筋混凝土造,95年8月28日,,
RPQNMLQLJIMFFBQ56CA,11,6.83,共有部份,鋼筋混凝土造,95年8月28日,,
RPTNMLQJKIMFFBQ76CA,40,92.00,住家用,鋼筋混凝土加強磚造,66年10月28日,二層,一層 二層
RPQNMLRKJIMFFCQ66CA,,201.44,住家用,鋼筋混凝土造,106年6月15日,四層,一層 二層 三層 四層
RPSNMLMLJIMFFDQ56CA,24,33.00,見其他登記事項,鋼筋混凝土造,82年10月6日,九層,三層
RPSNMLMLJIMFFDQ56CA,24,1.97,見其他登記事項,鋼筋混凝土造,82年10月6日,九層,
RPSNMLMLJIMFFDQ56CA,24,5.20,見其他登記事項,鋼筋混凝土造,82年10月6日,9,
RPSNMLMLJIMFFDQ56CA,24,10.70,見其他登記事項,鋼筋混凝土造,82年10月6日,九層,
RPPNMLMLJIMFFBQ78DA,33,33.80,商業用,見其他登記事項,73年6月16日,一層,一層 騎樓
RPSNMLSLJIMFFCQ17DA,26,177.09,住家用,鋼筋混凝土加強磚造,80年9月2日,三層,一層 二層 三層 電梯樓梯間
RPVNMLPJKIMFFDQ07CA,24,87.94,住家用,鋼筋混凝土造,82年7月20日,四層,一層 二層 三層 四層
RPVNMLLKKIMFFCQ86EA,35,69.53,住家用,鋼筋混凝土加強磚造,71年12月31日,二層,一層 二層
RPQNMLMLJIMFFEQ66EA,24,161.79,住家用,鋼筋混凝土造,82年9月6日,三層,一層 二層 三層
RPQNMLRKJIMFFDQ86DA,28,479.40,見其他登記事項,鋼造,78年4月27日,一層,一層
RPQNMLRKJIMFFDQ86DA,24,356.68,工業用,鐵造,83年3月11日,一層,一層
RPQNMLRKJIMFFDQ86DA,24,429.60,住家用,鋼筋混凝土造,83年3月11日,三層,一層 二層 三層
RPQNMLRKJIMFFDQ86DA,24,255.06,見其他登記事項,見其他登記事項,83年3月11日,二層,一層 二層 地下層
RPWNMLKLJIMFFCQ66CA,28,175.81,住商用,鋼筋混凝土造,79年4月6日,三層,一層 二層 三層 騎樓 電梯樓梯間
RPSNMLLLJIMFFBQ88CA,35,112.40,住家用,鋼筋混凝土加強磚造,71年6月15日,二層,一層 二層 騎樓
RPTNMLRLJIMFFCQ07CA,24,149.60,見其他登記事項,見其他登記事項,82年7月15日,一層,一層
RPPNMLKLJIMFFBQ48CA,43,168.80,住家用,見其他登記事項,63年7月15日,二層,一層 二層 騎樓
RPUNMLOLJIMFFBQ76CA,47,57.93,住家用,磚造,59年7月10日,一層,一層
RPQNMLNJKIMFFBQ78CA,,221.81,住家用,鋼筋混凝土造,106年5月12日,四層,一層 二層 三層 四層
RPQNMLPKKIMFFBQ09CA,11,15.06,住家用,鋼筋混凝土造,95年8月28日,八層,三層
RPQNMLPKKIMFFBQ09CA,11,4.20,共有部份,鋼筋混凝土造,95年8月28日,,
RPQNMLPKKIMFFBQ09CA,11,5.78,共有部份,鋼筋混凝土造,95年8月28日,,
RPRNMLPKKIMFFBQ56CA,11,15.06,住家用,鋼筋混凝土造,95年8月28日,八層,三層
RPRNMLPKKIMFFBQ56CA,11,5.78,共有部份,鋼筋混凝土造,95年8月28日,,
RPRNMLPKKIMFFBQ56CA,11,4.20,共有部份,鋼筋混凝土造,95年8月28日,,
RPXNMLKLJIMFFDQ86CA,18,233.20,見其他登記事項,鋼筋混凝土造,88年3月29日,四層,一層 二層 三層 四層 地下層
RPPOMLRKJIMFFDQ76CA,12,16.15,見其他登記事項,鋼筋混凝土造,94年8月15日,五層,五層
RPPOMLRKJIMFFDQ76CA,12,7.19,見其他登記事項,鋼筋混凝土造,94年8月15日,五層,
RPUNMLRKJIMFFDQ17CA,,180.23,住家用,鋼筋混凝土造,106年8月2日,四層,一層 二層 三層 四層
RPVNMLMLJIMFFCQ86DA,25,156.40,住商用,鋼筋混凝土造,81年6月30日,三層,一層 二層 三層 電梯樓梯間
RPUNMLKLJIMFFCQ66EA,23,150.53,住商用,鋼筋混凝土造,83年9月26日,三層,一層 二層 三層 電梯樓梯間
RPUNMLOLJIMFFDQ96CA,1,162.88,見其他登記事項,鋼筋混凝土造,105年7月26日,四層,一層 二層 三層 四層
RPSOMLOLJIMFFDQ86CA,23,46.07,見其他登記事項,鋼筋混凝土造,83年8月19日,七層,四層
RPSOMLOLJIMFFDQ86CA,23,21.52,見其他登記事項,鋼筋混凝土造,83年8月19日,七層,
RPSOMLOLJIMFFDQ86CA,23,10.90,見其他登記事項,鋼筋混凝土造,83年8月19日,七層,
RPPNMLKKKIMFFDQ68CA,38,105.70,住家用,鋼筋混凝土加強磚造,69年1月18日,二層,一層 二層 騎樓
RPRNMLLLJIMFFBQ78CA,6,204.27,住家用,鋼筋混凝土造,101年3月7日,三層,一層 二層 三層
RPPOMLNKKIMFFCQ98CA,36,112.31,住家用,鋼筋混凝土加強磚造,70年12月17日,二層,一層 二層
RPQNMLPLJIMFFCQ56CA,14,192.67,見其他登記事項,鋼筋混凝土造,93年1月30日,三層,一層 二層 三層
RPVNMLOLJIMFFCQ96CA,33,98.47,住家用,鋼筋混凝土加強磚造,73年6月11日,二層,一層 二層 騎樓 電梯樓梯間
RPTNMLSJKIMFFEQ27CA,,198.03,見其他登記事項,鋼筋混凝土造,106年6月27日,四層,一層 二層 三層 四層
RPWNMLTKKIMFFDQ67CA,39,91.64,住家用,鋼筋混凝土加強磚造,67年12月30日,二層,一層 二層 騎樓
RPUNMLMLJIMFFDQ76CA,17,141.73,住商用,鋼筋混凝土造,90年2月22日,三層,一層 二層 三層
RPXNMLKMJIMFFCQ07EA,,228.76,見其他登記事項,鋼筋混凝土造,106年8月3日,三層,一層 二層 三層 見其他登記事項
RPSNMLOJKIMFFEQ96EA,32,119.00,住家用,鋼筋混凝土加強磚造,74年7月12日,二層,一層 二層 騎樓
RPTNMLOLJIMFFDQ86CA,19,124.21,住家用,鋼筋混凝土造,87年11月24日,三層,一層 二層 三層
RPVNMLOLJIMFFDQ07CA,16,254.98,農舍,鋼筋混凝土加強磚造,90年12月7日,二層,一層 二層
RPPOMLOLJIMFFDQ56CA,1,101.63,集合住宅,鋼筋混凝土造,106年4月21日,十五層,七層
RPPOMLOLJIMFFDQ56CA,1,26.22,見其他登記事項,鋼筋混凝土造,106年4月21日,十五層,
RPPOMLOLJIMFFDQ56CA,1,15.92,見其他登記事項,鋼筋混凝土造,106年4月21日,十六層,
RPPOMLOLJIMFFDQ56CA,1,29.87,見其他登記事項,鋼筋混凝土造,106年4月21日,十六層,
RPQNMLRLJIMFFBQ66CA,23,163.48,住商用,鋼骨鋼筋混凝土造,84年3月20日,四層,一層 二層 三層 四層
RPSNMLSKKIMFFBQ96CA,12,19.96,住家用,鋼筋混凝土造,94年10月3日,十層,六層
RPWNMLNLJIMFFBQ86CA,1,280.25,見其他登記事項,鋼筋混凝土造,106年1月11日,四層,一層 二層 三層 四層 見其他登記事項
RPSNMLSKKIMFFBQ96CA,12,.12,見其他登記事項,鋼筋混凝土造,94年10月3日,十層,
RPSNMLSKKIMFFBQ96CA,12,10.53,見其他登記事項,鋼筋混凝土造,94年10月3日,十層,
RPSOMLNKKIMFFCQ66CA,24,167.09,住家用,鋼筋混凝土造,83年1月26日,三層,一層 二層 三層 電梯樓梯間
RPPOMLRLJIMFFCQ76CA,42,295.67,住家用,鋼筋混凝土加強磚造,65年3月8日,三層,一層 二層 三層 電梯樓梯間
RPPOMLRLJIMFFCQ76CA,42,244.30,住家用,鋼筋混凝土加強磚造,65年3月8日,三層,一層 二層 三層
RPPOMLRLJIMFFCQ76CA,36,99.75,住家用,鋼筋混凝土加強磚造,70年12月11日,二層,一層 二層 騎樓
RPPNMLMKKIMFFCQ78CA,73,86.16,見其他登記事項,見其他登記事項,34年1月1日,一層,一層
RPWNMLTKKIMFFCQ57CA,37,98.33,住家用,鋼筋混凝土加強磚造,70年1月29日,二層,一層 二層 電梯樓梯間
RPSNMLLKKIMFFCQ98CA,35,122.05,住家用,加強磚造,72年1月15日,二層,一層 二層 騎樓 電梯樓梯間
RPXNMLOLJIMFFDQ27CA,36,102.96,住家用,鋼筋混凝土加強磚造,70年10月22日,二層,一層 二層
RPQNMLTJKIMFFDQ96CA,37,161.58,住商用,鋼筋混凝土加強磚造,69年8月13日,三層,一層 二層 三層 騎樓
RPOOMLNLJIMFFDQ98CA,36,65.32,住家用,鋼筋混凝土加強磚造,70年10月3日,一層,一層
RPOOMLTKKIMFFDQ96CA,39,73.08,住家用,鋼筋混凝土加強磚造,67年9月1日,一層,一層
RPXNMLTKKIMFFDQ77CA,33,106.57,住家用,鋼筋混凝土加強磚造,73年4月10日,二層,一層 二層 騎樓
RPVNMLKLKIMFFDQ76CA,2,196.99,住家用,見其他登記事項,105年1月29日,四層,一層 二層 三層 四層
RPPNMLPLKIMFFDQ66CA,32,132.51,住家用,鋼筋混凝土加強磚造,75年1月28日,二層,一層 二層 騎樓
RPXNMLOJKIMFFCQ07CA,37,57.50,住家用,磚造,69年12月25日,一層,一層
RPRNMLSLJIMFFCQ96CA,21,105.97,見其他登記事項,鋼筋混凝土造,85年11月15日,五層,五層
RPRNMLSLJIMFFCQ96CA,21,9.83,共有部份,鋼筋混凝土造,85年11月5日,五層,
RPRNMLSLJIMFFCQ96CA,21,.52,共有部份,鋼筋混凝土造,85年11月15日,地下二層,
RPQOMLOLJIMFFBQ09CA,,194.67,見其他登記事項,鋼筋混凝土造,106年6月3日,三層,一層 二層 三層 見其他登記事項
RPTNMLTLJIMFFCQ27CA,34,258.61,住家用,加強磚造,73年1月15日,三層,一層 二層 三層 騎樓
RPWNMLSLJIMFFBQ37CA,21,81.15,住商用,鋼筋混凝土造,86年1月10日,十層,一層 二層
RPWNMLSLJIMFFBQ37CA,21,20.75,見其他登記事項,鋼筋混凝土造,86年1月10日,十層,
RPWNMLSLJIMFFBQ37CA,21,12.05,見其他登記事項,鋼筋混凝土造,86年1月10日,十層,
RPSNMLRJKIMFFBQ76CA,19,191.12,住家用,鋼筋混凝土加強磚造,87年12月18日,三層,一層 二層 三層
RPXNMLRLJIMFFCQ47CA,35,122.50,住家用,鋼筋混凝土加強磚造,72年3月24日,二層,一層 二層 騎樓
RPPNMLTLJIMFFCQ86CA,35,89.64,住家用,鋼筋混凝土加強磚造,71年6月22日,二層,一層 二層 電梯樓梯間
RPRNMLMJKIMFFCQ88CA,26,124.54,住家用,鋼筋混凝土造,80年7月19日,三層,一層 二層 三層
RPPOMLOJKIMFFCQ98CA,14,194.50,見其他登記事項,鋼筋混凝土造,93年1月30日,三層,一層 二層 三層
RPPNMLRKKIMFFCQ66CA,12,184.39,住家用,鋼筋混凝土造,94年8月31日,四層,一層 二層 三層 四層
RPPNMLKLKIMFFCQ68CA,36,96.98,住家用,鋼筋混凝土加強磚造,71年3月15日,二層,一層 二層
RPUOMLNKKIMFFCQ86CA,33,95.30,住家用,鋼筋混凝土加強磚造,73年11月15日,二層,一層 二層 騎樓 電梯樓梯間
RPRNMLPJKIMFFDQ66CA,21,174.30,住家用,鋼筋混凝土造,85年10月15日,四層,一層 二層 三層 四層
RPQNMLPJKIMFFDQ56CA,14,171.46,住家用,鋼筋混凝土造,92年9月9日,三層,一層 二層 三層
RPVNMLSLJIMFFDQ57DA,12,15.02,見其他登記事項,鋼筋混凝土造,94年8月15日,五層,五層
RPVNMLSLJIMFFDQ57DA,12,6.69,見其他登記事項,鋼筋混凝土造,94年8月15日,五層,
RPQNMLTLJIMFFCQ17EA,35,96.21,住家用,鋼筋混凝土加強磚造,71年6月22日,二層,一層 二層 電梯樓梯間
RPPNMLLJKIMFFCQ78EA,36,60.19,住家用,磚造,70年12月16日,一層,一層
RPTNMLNKKIMFFDQ86DA,20,242.38,住家用,鋼筋混凝土造,86年10月8日,四層,一層 二層 三層 四層
RPQNMLKMJIMFFEQ56EA,21,181.59,住家用,鋼筋混凝土造,86年1月4日,四層,一層 二層 三層 四層
RPRNMLKMJIMFFEQ66EA,31,100.87,住家用,鋼筋混凝土加強磚造,75年8月28日,二層,一層 二層
RPQNMLQKKIMFFDQ76CA,38,143.66,住家用,鋼筋混凝土加強磚造,68年8月10日,三層,一層 二層 三層 騎樓
RPSNMLTLJIMFFDQ27CA,26,160.31,住家用,鋼筋混凝土造,80年6月20日,四層,一層 二層 三層 四層
RPTNMLTLJIMFFDQ37CA,7,200.50,住商用,鋼筋混凝土造,99年12月28日,四層,一層 二層 三層 四層
RPTNMLSKKIMFFBQ07CA,53,87.26,住家用,鋼筋混凝土加強磚造,53年9月27日,二層,一層 二層 騎樓
RPPNMLKMJIMFFCQ68CA,2,214.06,見其他登記事項,鋼筋混凝土造,104年11月13日,四層,一層 二層 三層 四層
RPQNMLKKKIMFFCQ68CA,,175.34,見其他登記事項,鋼筋混凝土造,106年9月26日,三層,一層 二層 三層 見其他登記事項
RPPNMLKKKIMFFCQ58CA,,176.01,見其他登記事項,鋼筋混凝土造,106年9月26日,三層,一層 二層 三層 見其他登記事項
RPVNMLKKKIMFFCQ56CA,,180.35,見其他登記事項,鋼筋混凝土造,106年9月26日,三層,一層 二層 三層 見其他登記事項
RPSNMLKKKIMFFCQ88CA,,180.35,見其他登記事項,鋼筋混凝土造,106年9月26日,三層,一層 二層 三層 見其他登記事項
RPWNMLKKKIMFFCQ66CA,,180.44,見其他登記事項,鋼筋混凝土造,106年9月26日,三層,一層 二層 三層 見其他登記事項
RPQNMLRJKIMFFCQ66CA,2,138.91,見其他登記事項,鋼筋混凝土造,105年1月14日,三層,一層 二層 三層 見其他登記事項
RPUNMLKKKIMFFCQ09CA,,180.35,見其他登記事項,鋼筋混凝土造,106年9月26日,三層,一層 二層 三層 見其他登記事項
RPTNMLKKKIMFFCQ98CA,,180.11,見其他登記事項,鋼筋混凝土造,106年9月26日,三層,一層 二層 三層 見其他登記事項
RPRNMLTJKIMFFCQ96CA,,194.61,見其他登記事項,鋼筋混凝土造,106年9月26日,三層,一層 二層 三層 見其他登記事項
RPSNMLTJKIMFFCQ07CA,,182.09,見其他登記事項,鋼筋混凝土造,106年9月26日,三層,一層 二層 三層 見其他登記事項
RPXNMLNKKIMFFCQ07CA,23,97.42,見其他登記事項,鋼筋混凝土造,83年8月8日,十一層,十層
RPXNMLNKKIMFFCQ07CA,23,97.42,見其他登記事項,鋼筋混凝土造,83年8月8日,十一層,十層
RPXNMLNKKIMFFCQ07CA,23,19.30,共有部份,鋼筋混凝土造,83年8月8日,十一層,
RPTNMLTJKIMFFCQ17CA,,214.76,住家用,鋼筋混凝土造,106年9月26日,四層,一層 二層 三層 四層
RPQNMLTKKIMFFCQ96CA,,180.11,見其他登記事項,鋼筋混凝土造,106年9月26日,三層,一層 二層 三層 見其他登記事項
RPVNMLMKKIMFFDQ86CA,1,181.40,住家用,鋼筋混凝土造,106年1月10日,三層,一層 二層 三層 見其他登記事項
RPUNMLMKKIMFFDQ76CA,1,168.63,住家用,鋼筋混凝土造,106年1月10日,三層,一層 二層 三層 見其他登記事項
RPROMLNKKIMFFDQ66CA,38,143.66,住家用,鋼筋混凝土加強磚造,68年8月10日,三層,一層 二層 三層 騎樓
RPWNMLOKKIMFFDQ17CA,22,129.43,住家用,鋼筋混凝土造,84年9月21日,三層,一層 二層 三層
RPXNMLQLKIMFFDQ57CA,,188.45,見其他登記事項,鋼筋混凝土造,106年9月22日,三層,一層 二層 三層 見其他登記事項
RPOOMLQLKIMFFDQ76CA,,188.45,見其他登記事項,鋼筋混凝土造,106年9月22日,三層,一層 二層 三層 見其他登記事項
RPRNMLKKKIMFFDQ88CA,38,94.90,住家用,鋼筋混凝土造,69年3月1日,二層,一層 二層
RPPOMLQLKIMFFDQ86CA,,188.45,見其他登記事項,鋼筋混凝土造,106年9月22日,三層,一層 二層 三層 見其他登記事項
RPQOMLQLKIMFFDQ96CA,,188.45,見其他登記事項,鋼筋混凝土造,106年9月22日,三層,一層 二層 三層 見其他登記事項
RPWNMLQLKIMFFDQ47CA,,191.46,見其他登記事項,鋼筋混凝土造,106年9月22日,三層,一層 二層 三層 見其他登記事項
RPROMLQLKIMFFDQ07CA,,188.45,見其他登記事項,鋼筋混凝土造,106年9月22日,三層,一層 二層 三層 見其他登記事項
RPSOMLQLKIMFFDQ17CA,,188.45,見其他登記事項,鋼筋混凝土造,106年9月22日,三層,一層 二層 三層 見其他登記事項
RPTNMLKMJIMFFCQ66EA,,206.26,見其他登記事項,鋼筋混凝土造,106年8月3日,三層,一層 二層 三層 見其他登記事項
RPUNMLKMJIMFFCQ76EA,,228.76,見其他登記事項,鋼筋混凝土造,106年8月3日,三層,一層 二層 三層 見其他登記事項
RPTOMLQLKIMFFDQ27CA,,188.45,見其他登記事項,鋼筋混凝土造,106年9月22日,三層,一層 二層 三層 見其他登記事項
RPUOMLQLKIMFFDQ37CA,,188.45,見其他登記事項,鋼筋混凝土造,106年9月22日,三層,一層 二層 三層 見其他登記事項
RPWOMLQLKIMFFDQ57CA,,188.45,見其他登記事項,鋼筋混凝土造,106年9月22日,三層,一層 二層 三層 見其他登記事項
RPUNMLPJKIMFFDQ96CA,5,194.74,見其他登記事項,鋼筋混凝土造,102年1月11日,三層,一層 二層 三層 見其他登記事項
RPXOMLQLKIMFFDQ67CA,,188.45,見其他登記事項,鋼筋混凝土造,106年9月22日,三層,一層 二層 三層 見其他登記事項
RPOOMLOKKIMFFDQ09CA,,171.53,住家用,鋼筋混凝土造,106年7月10日,三層,一層 二層 三層
RPVOMLQLKIMFFDQ47CA,,188.45,見其他登記事項,鋼筋混凝土造,106年9月22日,三層,一層 二層 三層 見其他登記事項
RPRNMLLJKIMFFDQ88CA,12,6.84,見其他登記事項,鋼筋混凝土造,94年8月15日,五層,
RPRNMLLJKIMFFDQ88CA,12,15.02,見其他登記事項,鋼筋混凝土造,94年8月15日,五層,五層
RPXNMLKKKIMFFCQ76CA,,183.37,見其他登記事項,鋼筋混凝土造,106年9月26日,三層,一層 二層 三層 見其他登記事項
RPQNMLOJKIMFFCQ98CA,36,118.44,住家用,鋼筋混凝土加強磚造,70年5月20日,二層,一層 二層 電梯樓梯間
RPPNMLLJKIMFFBQ48CA,10,419.77,見其他登記事項,鋼筋混凝土造,97年4月8日,四層,一層 二層 三層 四層 地下一層
RPPNMLPJKIMFFBQ88CA,33,215.17,住家用,鋼筋混凝土造,73年11月6日,三層,一層 二層 三層
RPTNMLOJKIMFFBQ56CA,43,268.08,工業用,磚造,63年10月3日,一層,一層 騎樓
RPRNMLMKKIMFFBQ88CA,87,122.91,住家用,磚造,20年3月1日,二層,一層 二層 騎樓
RPTNMLMKKIMFFBQ09CA,16,137.24,住家用,鋼筋混凝土造,90年9月13日,三層,一層 二層 三層
RPTNMLRJKIMFFBQ86CA,22,94.35,住家用,鋼筋混凝土造,84年12月10日,八層,八層
RPTNMLRJKIMFFBQ86CA,22,26.16,見其他登記事項,鋼筋混凝土造,84年12月10日,八層,
RPPNMLQJKIMFFBQ98CA,2,432.50,見其他登記事項,鋼筋混凝土造,104年7月20日,三層,一層 二層 三層
RPPNMLQJKIMFFBQ98CA,3,1.00,見其他登記事項,鋼筋混凝土造,104年1月6日,一層,
RPPNMLQKKIMFFCQ56CA,25,101.23,住家用,鋼筋混凝土造,81年11月30日,五層,三層
RPPNMLQKKIMFFCQ56CA,25,10.16,共有部份,鋼筋混凝土造,81年11月30日,地下層,
RPPNMLQKKIMFFCQ56CA,25,6.94,共有部份,鋼筋混凝土造,81年11月30日,五層,
RPXNMLSLKIMFFCQ67CA,21,98.12,住家用,鋼筋混凝土造,85年11月15日,五層,五層
RPXNMLSLKIMFFCQ67CA,21,9.83,共有部份,鋼筋混凝土造,85年11月15日,五層,
RPXNMLSLKIMFFCQ67CA,21,.52,共有部份,鋼筋混凝土造,85年11月15日,地下二層,
RPPNMLQJKIMFFDQ56CA,22,184.46,見其他登記事項,鋼筋混凝土造,85年3月22日,五層,一層 二層 三層 四層 五層
RPQNMLNJKIMFFDQ98CA,12,16.15,見其他登記事項,鋼筋混凝土造,94年8月15日,五層,二層
RPQNMLNJKIMFFDQ98CA,12,7.19,見其他登記事項,鋼筋混凝土造,94年8月15日,五層,
RPOPMLQLKIMFFDQ86CA,,188.45,見其他登記事項,鋼筋混凝土造,106年9月22日,三層,一層 二層 三層 見其他登記事項
RPUNMLOJKIMFFDQ96DA,41,109.31,住商用,鋼筋混凝土加強磚造,66年3月20日,二層,一層 二層
RPQOMLNKKIMFFDQ56CA,16,161.75,見其他登記事項,鋼筋混凝土造,90年5月2日,四層,一層 二層 三層 四層
RPPNMLPJKIMFFCQ98CA,2,214.06,見其他登記事項,鋼筋混凝土造,104年11月13日,四層,一層 二層 三層 四層
RPWNMLNKKIMFFCQ96CA,34,167.53,住家用,鋼筋混凝土造,73年3月21日,三層,一層 二層 三層 騎樓 電梯樓梯間
RPTNMLPJKIMFFCQ76CA,23,78.76,住家用,鋼筋混凝土造,83年10月4日,五層,四層
RPQNMLPJKIMFFCQ09CA,38,109.14,住商用,鋼筋混凝土加強磚造,68年9月24日,二層,一層 二層 電梯樓梯間 夾層
RPSNMLTKKIMFFBQ07CA,12,16.85,住家用,鋼筋混凝土造,94年10月3日,十層,四層
RPSNMLTKKIMFFBQ07CA,12,.10,見其他登記事項,鋼筋混凝土造,94年10月3日,十層,
RPSNMLTKKIMFFBQ07CA,12,8.89,見其他登記事項,鋼筋混凝土造,94年10月3日,十層,
RPRNMLSKKIMFFBQ86CA,12,15.99,住家用,鋼筋混凝土造,94年10月3日,十層,九層
RPRNMLSKKIMFFBQ86CA,12,.09,見其他登記事項,鋼筋混凝土造,94年10月3日,十層,
RPRNMLSKKIMFFBQ86CA,12,7.89,見其他登記事項,鋼筋混凝土造,94年10月3日,十層,
RPQNMLMJJHNFFDQ78CA,4,195.55,住家用,鋼筋混凝土造,102年5月28日,四層,一層 二層 三層 四層
RPRNMLRJKIMFFDQ86CA,41,42.12,住家用,見其他登記事項,66年1月6日,一層,一層
RPQNMLSJKIMFFDQ07EA,20,78.24,見其他登記事項,鋼筋混凝土造,86年7月15日,四層,三層
RPQNMLSJKIMFFDQ07EA,20,5.79,見其他登記事項,鋼筋混凝土造,86年7月15日,四層,
RPRNMLSJKIMFFDQ07DA,25,186.90,住家用,鋼筋混凝土造,82年4月22日,四層,一層 二層 三層 四層
RPQPMLQLKIMFFDQ07CA,,355.91,見其他登記事項,鋼筋混凝土造,106年9月22日,四層,一層 二層 三層 四層 見其他登記事項
RPOOMLNKKIMFFDQ98CA,37,188.92,住家用,鋼筋混凝土加強磚造,70年4月25日,三層,一層 二層 三層 騎樓
RPWNMLSKKIMFFDQ57CA,38,90.10,住家用,鋼筋混凝土加強磚造,68年12月1日,二層,一層 二層
RPPNMLKLKIMFFDQ78CA,25,167.49,見其他登記事項,鋼筋混凝土造,82年1月9日,四層,一層 二層 三層 四層
RPPPMLQLKIMFFDQ96CA,,198.91,見其他登記事項,鋼筋混凝土造,106年9月22日,三層,一層 二層 三層 見其他登記事項
RPTNMLMJJHNFFDQ09CA,4,185.69,見其他登記事項,鋼筋混凝土造,102年5月28日,三層,一層 二層 三層 見其他登記事項
RPQNMLRJKIMFFDQ76CA,40,77.46,住家用,磚造,66年8月13日,一層,一層
RPQNMLTLKIMFFDQ17CA,24,205.16,住商用,鋼筋混凝土造,83年2月15日,三層,一層 二層 三層
RPUNMLTJKIMFFCQ27CA,,218.07,住家用,鋼筋混凝土造,106年9月26日,四層,一層 二層 三層 四層
RPQPMLPLKIMFFCQ86CA,25,141.37,住商用,鋼筋混凝土造,82年2月5日,三層,一層 二層 三層 電梯樓梯間
RPOOMLNKKIMFFCQ88CA,37,61.84,住家用,見其他登記事項,69年8月15日,一層,一層
RPPNMLKMKIMFFCQ78CA,23,197.74,住家用,鋼筋混凝土造,83年9月5日,四層,一層 二層 三層 四層 電梯樓梯間 夾層
RPQNMLQKKIMFFCQ66CA,15,99.08,見其他登記事項,鋼筋混凝土造,91年7月25日,五層,一層
RPQNMLQKKIMFFCQ66CA,15,33.34,停車空間,鋼筋混凝土造,91年7月25日,五層,
RPQNMLQKKIMFFCQ66CA,15,11.69,見其他登記事項,鋼筋混凝土造,91年7月25日,五層,
RPQNMLQKKIMFFCQ66CA,15,.68,見其他登記事項,鋼筋混凝土造,91年7月25日,五層,
RPSOMLRJKIMFFBQ86CA,32,762.61,工業用,見其他登記事項,74年12月15日,三層,一層 二層 三層 騎樓
RPTNMLLKKIMFFCQ09CA,,204.30,住家用,鋼筋混凝土造,106年6月12日,四層,一層 二層 三層 四層
RPRNMLSKKIMFFCQ96CA,21,95.00,住家用,鋼筋混凝土造,85年9月9日,五層,五層
RPRNMLSKKIMFFCQ96CA,21,16.85,見其他登記事項,鋼筋混凝土造,85年9月9日,五層,
RPUNMLLKKIMFFCQ56CA,,162.07,住家用,鋼筋混凝土造,106年6月12日,三層,一層 二層 三層
RPRNMLTLKIMFFDQ27CA,27,280.89,農舍,鋼筋混凝土加強磚造,80年3月7日,二層,一層 二層
RPUNMLLKKIMFFDQ66CA,37,123.28,住家用,加強磚造,70年1月1日,二層,一層 二層 見其他登記事項
RPVNMLLKKIMFFDQ76CA,12,157.08,住家用,鋼筋混凝土造,94年9月26日,三層,一層 二層 三層
RPSNMLSJKIMFFCQ17EA,36,136.14,住家用,鋼筋混凝土加強磚造,70年10月1日,二層,一層 二層 騎樓 電梯樓梯間
RPRNMLLKKIMFFDQ98CA,1,136.15,住家用,鋼筋混凝土造,105年7月26日,四層,一層 二層 三層 四層
RPQNMLLKKIMFFDQ98DA,22,66.50,見其他登記事項,鋼筋混凝土造,84年12月27日,五層,五層
RPQNMLLKKIMFFDQ98DA,22,12.08,見其他登記事項,鋼筋混凝土造,84年12月27日,五層,
RPSNMLMJJHNFFCQ09EA,24,150.79,住家用,鋼筋混凝土造,82年7月22日,三層,一層 二層 三層
RPRNMLMKKIMFFDQ56DA,38,90.17,住家用,鋼筋混凝土加強磚造,68年6月20日,二層,一層 二層
RPSNMLLKKIMFFDQ09CA,36,57.86,住商用,鋼筋混凝土加強磚造,70年6月25日,二層,一層 二層
RPSNMLLKKIMFFDQ09CA,36,57.86,住商用,鋼筋混凝土加強磚造,70年6月25日,二層,一層 二層
RPRNMLNKKIMFFBQ98CA,27,119.16,住商用,鋼筋混凝土造,79年10月5日,三層,一層 二層 三層 騎樓
RPPNMLNKKIMFFBQ78CA,27,119.16,住商用,鋼筋混凝土造,79年10月5日,三層,一層 二層 三層 騎樓
RPPNMLMKKIMFFBQ68CA,23,163.48,住商用,見其他登記事項,84年4月28日,四層,一層 二層 三層 四層
RPVOMLTLKIMFFCQ67CA,23,75.34,見其他登記事項,鋼筋混凝土造,83年8月8日,十一層,五層
RPVOMLTLKIMFFCQ67CA,23,15.71,共有部份,鋼筋混凝土造,83年8月8日,十一層,
RPVOMLTLKIMFFCQ67CA,23,19.30,共有部份,鋼筋混凝土造,83年8月8日,十一層,
RPPNMLOJJHNFFCQ78CA,24,174.72,住家用,鋼筋混凝土造,83年4月26日,三層,一層 二層 三層 電梯樓梯間
RPUNMLMKKIMFFCQ66CA,37,106.96,住家用,鋼筋混凝土加強磚造,70年4月7日,二層,一層 二層 騎樓 電梯樓梯間
RPRNMLMKKIMFFCQ98CA,42,86.00,住家用,鋼筋混凝土加強磚造,65年3月24日,二層,一層 二層
RPVNMLSKKIMFFDQ47CA,20,200.74,見其他登記事項,鋼筋混凝土造,86年8月5日,四層,一層 二層 三層 四層 地下層
RPXNMLOKKIMFFDQ27CA,,162.87,住家用,鋼筋混凝土造,106年7月10日,三層,一層 二層 三層 見其他登記事項
RPWOMLTLKIMFFCQ77CA,23,75.34,見其他登記事項,鋼筋混凝土造,83年8月8日,十一層,七層
RPWOMLTLKIMFFCQ77CA,23,15.71,共有部份,鋼筋混凝土造,83年8月8日,十一層,
RPWOMLTLKIMFFCQ77CA,23,19.30,共有部份,鋼筋混凝土造,83年8月8日,十一層,
RPWNMLNKKIMFFDQ07CA,1,309.08,見其他登記事項,鋼筋混凝土造,105年7月26日,四層,一層 二層 三層 四層
RPTNMLNKKIMFFCQ66CA,,304.36,見其他登記事項,鋼筋混凝土造,106年6月22日,四層,一層 二層 三層 四層
RPPNMLSKKIMFFCQ76CA,1,265.81,住家用,鋼筋混凝土造,106年2月8日,三層,一層 二層 三層
RPQNMLNJJHNFFCQ78CA,10,232.04,見其他登記事項,鋼筋混凝土造,96年7月19日,四層,一層 二層 三層 四層
RPWNMLNJJHNFFCQ76CA,36,111.71,住家用,鋼筋混凝土加強磚造,70年12月29日,二層,一層 二層
RPPOMLTLKIMFFCQ07CA,,197.64,見其他登記事項,鋼筋混凝土造,106年9月23日,三層,一層 二層 三層 見其他登記事項
RPQOMLTLKIMFFCQ17CA,,200.65,見其他登記事項,鋼筋混凝土造,106年9月23日,三層,一層 二層 三層 見其他登記事項
RPROMLTLKIMFFCQ27CA,,203.72,見其他登記事項,鋼筋混凝土造,106年9月23日,三層,一層 二層 三層 見其他登記事項
RPOOMLTLKIMFFCQ96CA,,200.50,見其他登記事項,鋼筋混凝土造,106年9月23日,三層,一層 二層 三層 見其他登記事項
RPXNMLNKKIMFFBQ96CA,16,20.33,住家用,鋼筋混凝土造,91年4月23日,四層,三層
RPXNMLNKKIMFFBQ96CA,16,1.94,共有部份,鋼筋混凝土造,91年4月23日,四層,
RPXNMLNKKIMFFBQ96CA,16,5.12,共有部份,鋼筋混凝土造,91年4月23日,四層,
RPUNMLNKKIMFFBQ76DA,36,164.74,住商用,見其他登記事項,70年6月19日,三層,一層 二層 三層 騎樓
RPPNMLNKKIMFFDQ09DA,18,101.20,商業用,見其他登記事項,88年11月18日,一層,一層
RPPNMLKMKIMFFBQ68CA,11,165.89,見其他登記事項,鋼筋混凝土造,95年8月28日,三層,一層 二層 三層 見其他登記事項
RPUNMLOKKIMFFBQ76CA,,212.06,見其他登記事項,鋼筋混凝土造,106年6月7日,四層,一層 二層 三層 四層
RPRNMLOKKIMFFCQ56CA,36,96.98,住家用,鋼筋混凝土加強磚造,71年3月15日,二層,一層 二層
RPPNMLQJJHNFFBQ88CA,10,516.78,見其他登記事項,鋼筋混凝土造,96年9月10日,五層,一層 二層 三層 四層 五層 地下一層
RPPNMLQJJHNFFBQ88CA,10,27.84,共有部份,鋼筋混凝土造,96年9月10日,五層,
RPSNMLPKKIMFFDQ86CA,26,157.47,住家用,鋼筋混凝土造,80年12月31日,三層,一層 二層 三層 騎樓
SPRNMLLLKIMFFDQ56CA,12,16.15,見其他登記事項,鋼筋混凝土造,94年8月15日,五層,二層
SPRNMLLLKIMFFDQ56CA,12,7.19,見其他登記事項,鋼筋混凝土造,94年8月15日,五層,
RPRNMLLLKIMFFDQ09CA,12,16.15,見其他登記事項,鋼筋混凝土造,94年8月15日,五層,二層
RPRNMLLLKIMFFDQ09CA,12,7.19,見其他登記事項,鋼筋混凝土造,94年8月15日,五層,
RPRNMLSKKIMFFDQ07CA,1,157.17,住家用,鋼筋混凝土造,106年1月11日,三層,一層 二層 三層 見其他登記事項
RPQNMLLLKIMFFDQ98CA,13,17.13,見其他登記事項,鋼筋混凝土造,94年2月4日,五層,三層
RPQNMLLLKIMFFDQ98CA,13,5.89,見其他登記事項,鋼筋混凝土造,94年2月4日,五層,
SPQNMLLLKIMFFDQ09CA,13,17.13,見其他登記事項,鋼筋混凝土造,94年2月4日,五層,三層
SPQNMLLLKIMFFDQ09CA,13,5.89,見其他登記事項,鋼筋混凝土造,94年2月4日,五層,
RPRNMLLLKIMFFCQ98CA,23,189.98,住商用,鋼筋混凝土造,83年11月3日,五層,一層 二層 三層 四層 五層
RPUOMLTLKIMFFCQ57CA,37,97.20,住商用,鋼筋混凝土加強磚造,70年3月15日,二層,一層 二層 騎樓
RPTNMLTKKIMFFCQ47EA,39,123.66,工業用,鋼筋混凝土加強磚造,67年7月5日,二層,一層 二層 騎樓 電梯樓梯間
RPSNMLRLKIMFFDQ27DA,39,95.24,住家用,鋼筋混凝土加強磚造,68年3月2日,二層,一層 二層
RPRNMLTJJHNFFCQ86CA,,212.11,住家用,鋼筋混凝土造,106年9月26日,四層,一層 二層 三層 四層
RPTNMLTJJHNFFCQ07CA,37,79.80,住家用,磚造,70年3月13日,一層,一層
RPRNMLMJJHNFFDQ88CA,20,102.87,住家用,鋼造,87年2月27日,一層,一層
RPSNMLSKKIMFFEQ27CA,31,194.49,住商用,鋼筋混凝土加強磚造,75年12月8日,三層,一層 二層 三層 騎樓
RPQNMLKLKIMFFDQ88CA,38,88.82,住家用,鋼筋混凝土加強磚造,69年3月1日,二層,一層 二層
RPRNMLNJJHNFFCQ88CA,34,188.79,住家用,鋼筋混凝土加強磚造,72年6月20日,三層,一層 二層 三層 騎樓 電梯樓梯間
RPVNMLTKKIMFFDQ67DA,17,33.58,住商用,鋼筋混凝土造,90年5月8日,三層,一層 二層 三層 騎樓
RPXNMLLLKIMFFDQ17DA,37,93.88,住家用,鋼筋混凝土加強磚造,69年6月26日,二層,一層 二層 騎樓
RPRNMLKKJHNFFCQ88EA,35,61.95,見其他登記事項,鋼筋混凝土造,72年2月4日,三層,三層
RPSNMLKKJHNFFCQ98EA,35,61.14,見其他登記事項,鋼筋混凝土造,72年2月4日,三層,三層
RPQOMLPLKIMFFCQ96EA,,174.89,見其他登記事項,鋼筋混凝土造,106年10月20日,三層,一層 二層 三層 見其他登記事項
RPPNMLPLKIMFFCQ76EA,,179.67,見其他登記事項,鋼筋混凝土造,106年10月20日,三層,一層 二層 三層 見其他登記事項
RPQNMLPLKIMFFCQ86EA,,193.38,見其他登記事項,鋼筋混凝土造,106年10月20日,三層,一層 二層 三層 見其他登記事項
RPRNMLPLKIMFFCQ96EA,,172.42,見其他登記事項,鋼筋混凝土造,106年10月20日,三層,一層 二層 三層 見其他登記事項
RPUNMLPLKIMFFCQ27EA,,171.64,見其他登記事項,鋼筋混凝土造,106年10月20日,三層,一層 二層 三層 見其他登記事項
RPTNMLPLKIMFFCQ17EA,,191.94,見其他登記事項,鋼筋混凝土造,106年10月20日,三層,一層 二層 三層 見其他登記事項
RPVNMLPLKIMFFCQ37EA,,172.42,見其他登記事項,鋼筋混凝土造,106年10月20日,三層,一層 二層 三層 見其他登記事項
RPWNMLPLKIMFFCQ47EA,,191.94,見其他登記事項,鋼筋混凝土造,106年10月20日,三層,一層 二層 三層 見其他登記事項
RPXNMLPLKIMFFCQ57EA,,174.95,見其他登記事項,鋼筋混凝土造,106年10月20日,三層,一層 二層 三層 見其他登記事項
RPQNMLQLKIMFFCQ96EA,,191.94,見其他登記事項,鋼筋混凝土造,106年10月20日,三層,一層 二層 三層 見其他登記事項
RPOOMLPLKIMFFCQ76EA,,193.52,見其他登記事項,鋼筋混凝土造,106年10月20日,三層,一層 二層 三層 見其他登記事項
RPSOMLPLKIMFFCQ17EA,,171.64,見其他登記事項,鋼筋混凝土造,106年10月20日,三層,一層 二層 三層 見其他登記事項
RPUNMLSJJHNFFBQ96CA,2,203.08,見其他登記事項,鋼筋混凝土造,104年7月20日,四層,一層 二層 三層 四層
RPTNMLSJJHNFFBQ86CA,2,204.01,見其他登記事項,鋼筋混凝土造,104年7月20日,四層,一層 二層 三層 四層
RPUNMLKLKIMFFCQ56CA,23,194.14,住家用,鋼筋混凝土造,83年9月5日,四層,一層 二層 三層 四層 電梯樓梯間 夾層
RPPNMLNLKIMFFCQ98CA,23,48.61,住商用,鋼筋混凝土造,83年10月4日,五層,一層 二層 三層 騎樓
RPVNMLKLKIMFFCQ66CA,1,231.18,住家用,鋼筋混凝土造,105年6月28日,四層,一層 二層 三層 四層
RPPNMLKMKIMFFDQ88CA,22,198.57,住家用,鋼筋混凝土造,84年5月18日,四層,一層 二層 三層 四層
RPRNMLSLKIMFFDQ17CA,41,106.86,住家用,鋼筋混凝土加強磚造,66年2月1日,二層,一層 二層
RPVNMLOJJHNFFDQ86CA,1,157.86,住家用,鋼筋混凝土造,106年1月11日,三層,一層 二層 三層 見其他登記事項
RPRNMLPLKIMFFDQ86CA,17,144.63,住家用,鋼筋混凝土造,90年3月13日,三層,一層 二層 三層
RPQNMLQJJHNFFDQ56CA,24,105.09,住家用,木造,82年10月28日,二層,一層 二層
RPWOMLQKJHNFFCQ27CA,16,188.06,住家用,鋼筋混凝土造,90年12月28日,四層,一層 二層 三層 四層
RPUOMLPLKIMFFCQ37EA,,171.64,見其他登記事項,鋼筋混凝土造,106年10月20日,三層,一層 二層 三層 見其他登記事項
RPRNMLQLKIMFFCQ07EA,,171.64,見其他登記事項,鋼筋混凝土造,106年10月20日,三層,一層 二層 三層 見其他登記事項
RPRNMLPKJHNFFEQ76CA,25,52.05,住家用,鋼筋混凝土造,82年4月1日,十八層,二層
RPRNMLPKJHNFFEQ76CA,25,2.45,見其他登記事項,鋼筋混凝土造,82年4月1日,,
RPRNMLPKJHNFFEQ76CA,25,10.16,見其他登記事項,鋼筋混凝土造,82年4月1日,十八層,
RPTOMLPLKIMFFCQ27EA,,171.64,見其他登記事項,鋼筋混凝土造,106年10月20日,三層,一層 二層 三層 見其他登記事項
RPROMLPLKIMFFCQ07EA,,171.64,見其他登記事項,鋼筋混凝土造,106年10月20日,三層,一層 二層 三層 見其他登記事項
RPPOMLPLKIMFFCQ86EA,,174.95,見其他登記事項,鋼筋混凝土造,106年10月20日,三層,一層 二層 三層 見其他登記事項
RPSNMLPLKIMFFCQ07EA,,171.64,見其他登記事項,鋼筋混凝土造,106年10月20日,三層,一層 二層 三層 見其他登記事項
RPPNMLPKJHNFFBQ88CA,12,15.99,住家用,鋼筋混凝土造,94年10月3日,十層,二層
RPPNMLPKJHNFFBQ88CA,12,.09,見其他登記事項,鋼筋混凝土造,94年10月3日,十層,
RPPNMLPKJHNFFBQ88CA,12,7.89,見其他登記事項,鋼筋混凝土造,94年10月3日,十層,
RPRNMLPKJHNFFCQ56CA,21,94.42,見其他登記事項,鋼筋混凝土造,85年12月20日,十一層,七層
RPTNMLNJJHNFFCQ09CA,5,188.09,見其他登記事項,鋼筋混凝土造,102年2月8日,三層,一層 二層 三層 見其他登記事項
RPVNMLTLKIMFFEQ77CA,3,227.37,住家用,鋼筋混凝土造,103年6月4日,四層,一層 二層 三層 四層
RPPNMLMJJHNFFBQ48CA,23,176.24,住商用,鋼筋混凝土加強磚造,84年5月1日,三層,一層 二層 三層
RPPNMLQJJHNFFCQ98CA,36,102.51,住家用,鋼筋混凝土加強磚造,70年12月30日,二層,一層 二層 騎樓 電梯樓梯間
RPTOMLTLKIMFFCQ47CA,1,189.70,見其他登記事項,鋼筋混凝土造,105年10月5日,三層,一層 二層 三層 見其他登記事項
RPQNMLRLKIMFFCQ07EA,36,111.08,住商用,鋼筋混凝土加強磚造,71年2月27日,二層,一層 二層 騎樓 電梯樓梯間
RPPNMLSLKIMFFCQ86CA,29,180.15,住家用,鋼筋混凝土造,77年12月28日,三層,一層 二層 三層 電梯樓梯間
RPVNMLMLKIMFFDQ96CA,12,166.32,住家用,鋼筋混凝土造,94年11月8日,三層,一層 二層 三層
RPSOMLTKJHNFFCQ17CA,15,210.78,住家用,鋼筋混凝土造,91年7月3日,四層,一層 二層 三層 四層
RPQOMLLLKIMFFDQ09CA,,177.14,住家用,見其他登記事項,106年9月21日,三層,一層 二層 三層 見其他登記事項
RPUNMLPLKIMFFEQ27CA,40,111.62,住家用,鋼筋混凝土加強磚造,67年1月23日,二層,一層 二層 騎樓
RPPNMLSLKIMFFBQ76CA,21,146.15,住家用,鋼筋混凝土造,86年4月3日,四層,一層 二層 三層 四層
RPTNMLQLKIMFFDQ27DA,16,208.98,農舍,見其他登記事項,90年7月2日,一層,一層
RPSNMLQLKIMFFBQ86CA,2,422.32,見其他登記事項,鋼筋混凝土造,104年7月20日,三層,一層 二層 三層
RPSNMLQLKIMFFBQ86CA,3,1.00,見其他登記事項,鋼筋混凝土造,104年1月6日,一層,
RPSNMLQLKIMFFCQ17EA,,174.95,見其他登記事項,鋼筋混凝土造,106年10月20日,三層,一層 二層 三層 見其他登記事項
RPQNMLOJJHNFFBQ88DA,31,186.79,住家用,鋼筋混凝土加強磚造,75年12月15日,二層,一層 二層
RPRNMLMJJHNFFBQ78DA,20,217.20,住商用,鋼筋混凝土加強磚造,86年7月21日,三層,一層 二層 三層 騎樓
RPSNMLRLKIMFFCQ07CA,30,13.42,住家用,磚造,76年12月17日,一層,一層
RPVNMLRLKIMFFCQ37CA,36,111.71,住家用,鋼筋混凝土加強磚造,70年12月29日,二層,一層 二層
RPXOMLMJJHNFFCQ86CA,,215.28,見其他登記事項,鋼筋混凝土造,106年8月29日,三層,一層 二層 三層 見其他登記事項
RPTOMLMJJHNFFCQ09CA,,171.70,見其他登記事項,鋼筋混凝土造,106年8月29日,三層,一層 二層 三層 見其他登記事項
RPSOMLMJJHNFFCQ98CA,,184.99,見其他登記事項,鋼筋混凝土造,106年8月29日,三層,一層 二層 三層 見其他登記事項
RPOPMLMJJHNFFCQ68CA,,164.11,住家用,鋼筋混凝土造,106年8月29日,三層,一層 二層 三層
RPUOMLMJJHNFFCQ56CA,,164.11,住家用,鋼筋混凝土造,106年8月29日,三層,一層 二層 三層
RPWOMLMJJHNFFCQ76CA,,164.11,住家用,鋼筋混凝土造,106年8月29日,三層,一層 二層 三層
RPVOMLMJJHNFFCQ66CA,,188.80,見其他登記事項,鋼筋混凝土造,106年8月29日,三層,一層 二層 三層 見其他登記事項
RPPPMLMJJHNFFCQ78CA,,164.11,住家用,鋼筋混凝土造,106年8月29日,三層,一層 二層 三層
RPOOMLMJJHNFFCQ58CA,15,99.13,見其他登記事項,鋼筋混凝土造,91年7月25日,五層,五層
RPOOMLMJJHNFFCQ58CA,15,10.20,見其他登記事項,鋼筋混凝土造,91年7月25日,五層,
RPOOMLMJJHNFFCQ58CA,15,.60,見其他登記事項,鋼筋混凝土造,91年7月25日,五層,
RPOPMLQKJHNFFCQ56CA,23,709.34,見其他登記事項,見其他登記事項,84年3月20日,一層,一層
RPOPMLQKJHNFFCQ56CA,23,66.92,見其他登記事項,見其他登記事項,84年3月20日,一層,一層
RPOPMLQKJHNFFCQ56CA,23,255.00,見其他登記事項,鋼筋混凝土造,84年3月20日,一層,一層
RPPNMLQLKIMFFDQ76CA,35,96.90,住家用,鋼筋混凝土加強磚造,72年4月25日,二層,一層 二層
RPRPMLQLKIMFFDQ17CA,18,88.09,見其他登記事項,鋼筋混凝土造,88年5月31日,五層,五層
RPRPMLQLKIMFFDQ17CA,18,10.94,見其他登記事項,鋼筋混凝土造,88年5月31日,五層,
RPRPMLQLKIMFFDQ17CA,18,.80,見其他登記事項,鋼筋混凝土造,88年5月31日,一層,
RPRNMLQJJHNFFDQ66CA,39,86.97,住家用,鋼筋混凝土加強磚造,67年7月10日,二層,一層 二層
RPSNMLMJJHNFFDQ98CA,,152.51,住家用,鋼筋混凝土造,106年8月2日,四層,一層 二層 三層 四層
RPXNMLSJJHNFFDQ47CA,26,89.44,住家用,加強磚造,81年1月27日,二層,一層 二層
RPVNMLMLJHNFFDQ86CA,1,100.16,集合住宅,鋼筋混凝土造,106年4月21日,十五層,二層
RPVNMLMLJHNFFDQ86CA,1,15.92,見其他登記事項,鋼筋混凝土造,106年4月21日,十六層,
RPVNMLMLJHNFFDQ86CA,1,26.22,見其他登記事項,鋼筋混凝土造,106年4月21日,十五層,
RPVNMLMLJHNFFDQ86CA,1,29.87,見其他登記事項,鋼筋混凝土造,106年4月21日,十六層,
RPQPMLMJJHNFFCQ88CA,,164.17,住家用,鋼筋混凝土造,106年8月29日,三層,一層 二層 三層
RPRNMLSLKIMFFCQ07CA,20,87.87,見其他登記事項,鋼筋混凝土造,86年11月18日,五層,一層
RPRNMLSLKIMFFCQ07CA,20,10.56,共有部份,鋼筋混凝土造,86年11月18日,五層,
RPRNMLSLKIMFFCQ07CA,20,.42,共有部份,鋼筋混凝土造,86年11月18日,一層,
RPPNMLMLJHNFFBQ68CA,34,133.30,住家用,鋼筋混凝土加強磚造,73年2月15日,二層,一層 二層 騎樓
RPUNMLTLKIMFFBQ37CA,,270.05,住家用,鋼筋混凝土造,106年9月30日,四層,一層 二層 三層 四層
RPTNMLTLKIMFFBQ27CA,,258.32,住家用,鋼筋混凝土造,106年9月30日,四層,一層 二層 三層 四層
RPVNMLTLKIMFFBQ47CA,24,225.86,住商用,鋼筋混凝土造,83年1月18日,三層,一層 二層 三層 騎樓
RPXNMLTLKIMFFCQ77CA,37,103.31,住家用,鋼筋混凝土加強磚造,70年2月10日,二層,一層 二層 電梯樓梯間
RPOOMLNJJHNFFDQ78CA,37,103.82,住家用,鋼筋混凝土加強磚造,69年7月14日,二層,一層 二層
RPUNMLMLJHNFFDQ76CA,1,127.38,集合住宅,鋼筋混凝土造,106年4月21日,十五層,二層
RPUNMLMLJHNFFDQ76CA,1,20.71,見其他登記事項,鋼筋混凝土造,106年4月21日,十六層,
RPUNMLMLJHNFFDQ76CA,1,34.09,見其他登記事項,鋼筋混凝土造,106年4月21日,十五層,
RPUNMLMLJHNFFDQ76CA,1,59.73,見其他登記事項,鋼筋混凝土造,106年4月21日,十六層,
RPUNMLQKJHNFFDQ07CA,12,167.87,見其他登記事項,鋼筋混凝土造,94年12月12日,三層,一層 二層 三層
RPTNMLQKJHNFFDQ96CA,25,111.59,住家用,鋼筋混凝土造,82年2月5日,三層,一層 二層 三層
RPSNMLSLKIMFFDQ27CA,13,135.35,見其他登記事項,鋼筋混凝土造,93年11月1日,三層,一層 二層 三層
RPUNMLTKJHNFFCQ27CA,12,178.22,見其他登記事項,鋼筋混凝土造,94年12月26日,三層,一層 二層 三層 電梯樓梯間
RPPNMLRLJHNFFDQ76CA,37,78.20,住家用,鋼筋混凝土加強磚造,70年1月28日,二層,一層 二層
RPTPMLLKJHNFFCQ56CA,24,126.97,住家用,鋼筋混凝土造,82年6月29日,三層,一層 二層 三層 電梯樓梯間
RPRNMLPJJHNFFCQ09CA,36,111.71,住家用,鋼筋混凝土加強磚造,71年3月6日,二層,一層 二層
RPOOMLSJJHNFFCQ56CA,23,172.07,住商用,鋼筋混凝土造,83年8月8日,十一層,一層 二層 三層 騎樓
RPOOMLSJJHNFFCQ56CA,23,19.32,共有部份,鋼筋混凝土造,83年8月8日,十一層,
RPOOMLSJJHNFFCQ56CA,23,19.30,共有部份,鋼筋混凝土造,83年8月8日,十一層,
RPSNMLTLKIMFFCQ27CA,36,124.42,住家用,鋼筋混凝土加強磚造,70年10月30日,二層,一層 二層 電梯樓梯間
RPVNMLMKJHNFFCQ76DA,20,87.79,見其他登記事項,鋼筋混凝土造,86年11月18日,五層,三層
RPPNMLNJJHNFFEQ09EA,50,132.72,住家用,木造,57年5月20日,一層,一層 騎樓
RPWNMLPLJHNFFDQ37DA,9,2004.21,見其他登記事項,見其他登記事項,97年12月30日,一層,一層 夾層 見其他登記事項
RPQNMLOJJHNFFCQ09EA,25,156.11,住家用,鋼筋混凝土造,82年2月24日,三層,一層 二層 三層
RPPNMLNJJHNFFCQ68CA,25,837.49,見其他登記事項,見其他登記事項,81年8月12日,一層,一層 地下層
RPQNMLNKJHNFFCQ88CA,36,65.86,住家用,見其他登記事項,71年1月10日,一層,一層
RPSNMLNKJHNFFCQ09CA,17,507.32,住家用,鋼筋混凝土造,89年7月6日,四層,一層 二層 三層 四層 電梯樓梯間
RPTNMLPJJHNFFCQ66CA,21,102.09,見其他登記事項,鋼筋混凝土造,85年11月15日,五層,三層
RPTNMLPJJHNFFCQ66CA,21,9.83,共有部份,鋼筋混凝土造,85年11月15日,五層,
RPTNMLPJJHNFFCQ66CA,21,.52,共有部份,鋼筋混凝土造,85年11月15日,地下二層,
RPVNMLSKJHNFFDQ37CA,24,136.52,住商用,鋼筋混凝土造,83年5月14日,三層,一層 二層 三層 騎樓
RPVNMLNJJHNFFDQ76CA,36,97.11,住家用,鋼筋混凝土加強磚造,71年5月6日,二層,一層 二層 騎樓
RPTNMLTLKIMFFDQ47CA,,188.45,見其他登記事項,鋼筋混凝土造,106年9月22日,三層,一層 二層 三層 見其他登記事項
RPRNMLOJJHNFFDQ09CA,11,164.19,見其他登記事項,鋼筋混凝土造,96年1月17日,三層,一層 二層 三層 見其他登記事項
RPRNMLOJJHNFFCQ98CA,,236.02,住家用,鋼筋混凝土造,106年6月22日,四層,一層 二層 三層 四層
RPRNMLSJJHNFFDQ86CA,1,189.55,住家用,見其他登記事項,106年1月20日,三層,一層 二層 三層 見其他登記事項
RPTNMLOJJHNFFCQ56CA,43,97.13,住家用,見其他登記事項,64年3月7日,二層,一層 二層 騎樓
RPRNMLTJJHNFFBQ76CA,43,86.50,住家用,鋼筋混凝土加強磚造,63年9月27日,二層,一層 二層 騎樓
RPRNMLPJJHNFFBQ98CA,11,19.19,住家用,鋼筋混凝土造,95年8月28日,八層,七層
RPRNMLPJJHNFFBQ98CA,11,7.43,共有部份,鋼筋混凝土造,95年8月28日,,
RPRNMLPJJHNFFBQ98CA,11,4.60,共有部份,鋼筋混凝土造,95年8月28日,,
RPPNMLQKJHNFFDQ76EA,23,129.20,住家用,鋼筋混凝土造,84年4月13日,三層,一層 二層 三層
RPTNMLOJJHNFFDQ76DA,34,115.15,住家用,鋼筋混凝土加強磚造,73年5月26日,二層,一層 二層
RPTNMLNKJHNFFCQ56CA,37,89.96,住家用,鋼筋混凝土加強磚造,70年2月12日,二層,一層 二層 電梯樓梯間
RPPNMLNKJHNFFDQ88CA,23,164.57,住家用,鋼筋混凝土造,83年9月15日,三層,一層 二層 三層
RPQOMLSJJHNFFDQ86CA,25,230.00,住商用,鋼筋混凝土造,82年5月21日,四層,一層 二層 三層 四層
RPQNMLSJJHNFFDQ76CA,40,89.04,住家用,鋼筋混凝土加強磚造,66年7月30日,二層,一層 二層
RPPNMLKLJHNFFCQ58CA,37,112.09,住家用,鋼筋混凝土加強磚造,70年5月7日,二層,一層 二層 電梯樓梯間
RPVNMLTKJHNFFCQ37CA,23,226.63,住商用,鋼筋混凝土造,83年10月4日,五層,一層 二層 三層 騎樓
RPVNMLTKJHNFFCQ37CA,23,2.42,共有部份,鋼筋混凝土造,83年10月4日,五層,
RPTNMLLKJHNFFCQ98CA,36,56.63,住家用,鋼筋混凝土加強磚造,70年10月12日,一層,一層
RPQNMLKLJHNFFCQ68CA,24,164.12,住家用,鋼筋混凝土造,82年8月16日,三層,一層 二層 三層 電梯樓梯間
RPPOMLSJJHNFFCQ66CA,1,342.24,住家用,鋼筋混凝土造,105年8月10日,四層,一層 二層 三層 四層
RPPNMLSJJHNFFCQ56CA,19,201.23,住商用,鋼筋混凝土造,87年9月17日,四層,一層 二層 三層 四層 騎樓 電梯樓梯間
RPTNMLKKJHNFFCQ09EA,26,171.37,住商用,見其他登記事項,80年8月3日,三層,一層 二層 三層 騎樓 電梯樓梯間
RPSNMLSJJHNFFDQ07DA,24,158.86,住家用,鋼筋混凝土造,83年2月8日,三層,一層 二層 三層
RPQNMLKKJHNFFBQ48CA,6,201.55,住商用,鋼筋混凝土造,101年5月7日,四層,一層 二層 三層 四層
RPRNMLMLJHNFFBQ88CA,43,69.00,住家用,鋼筋混凝土加強磚造,63年12月14日,二層,一層 二層
RPTNMLPJJHNFFBQ56CA,33,134.60,住家用,鋼筋混凝土加強磚造,74年5月15日,二層,一層 二層 騎樓
RPXNMLKKJHNFFCQ66CA,37,124.60,住家用,鋼筋混凝土加強磚造,69年8月1日,二層,一層 二層 騎樓
RPPOMLRKJHNFFCQ66CA,24,93.79,住家用,鋼筋混凝土造,82年12月14日,七層,一層
RPPOMLRKJHNFFCQ66CA,24,7.89,共有部份,鋼筋混凝土造,82年12月14日,七層,
RPPOMLRKJHNFFCQ66CA,24,5.68,共有部份,鋼筋混凝土造,82年12月14日,七層,
RPTNMLKKJHNFFDQ98CA,40,102.66,住家用,鋼筋混凝土加強磚造,66年7月4日,二層,一層 二層 騎樓
RPPNMLTJJHNFFDQ76CA,13,19.73,見其他登記事項,鋼筋混凝土造,94年2月4日,五層,三層
RPPNMLTJJHNFFDQ76CA,13,7.22,見其他登記事項,鋼筋混凝土造,94年2月4日,五層,
RPPNMLLKJHNFFDQ68CA,32,108.38,住家用,鋼筋混凝土加強磚造,75年2月5日,二層,一層 二層
RPUOMLOLJHNFFDQ07CA,24,147.67,住家用,鋼筋混凝土加強磚造,83年4月6日,三層,一層 二層 三層
RPSNMLKKJHNFFDQ88CA,23,205.40,住家用,鋼筋混凝土造,84年1月27日,四層,一層 二層 三層 四層
RPSOMLTLJHNFFDQ37CA,26,135.71,住家用,鋼筋混凝土造,80年12月31日,三層,一層 二層 三層 騎樓
RPVNMLLKJHNFFCQ56CA,,190.53,見其他登記事項,鋼筋混凝土造,106年11月16日,三層,一層 二層 三層 見其他登記事項
RPXNMLLKJHNFFCQ76CA,,185.19,見其他登記事項,鋼筋混凝土造,106年11月16日,三層,一層 二層 三層 見其他登記事項
RPOQMLLKJHNFFCQ78CA,23,75.34,見其他登記事項,鋼筋混凝土造,83年8月8日,十一層,十層
RPOQMLLKJHNFFCQ78CA,23,15.71,共有部份,鋼筋混凝土造,83年8月8日,十一層,
RPOQMLLKJHNFFCQ78CA,23,19.30,共有部份,鋼筋混凝土造,83年8月8日,十一層,
RPOOMLLKJHNFFCQ58CA,,172.71,見其他登記事項,鋼筋混凝土造,106年11月16日,三層,一層 二層 三層 見其他登記事項
RPPOMLLKJHNFFCQ68CA,,173.86,見其他登記事項,鋼筋混凝土造,106年11月16日,三層,一層 二層 三層 見其他登記事項
RPWNMLLKJHNFFCQ66CA,,173.86,見其他登記事項,鋼筋混凝土造,106年11月16日,三層,一層 二層 三層 見其他登記事項
RPQOMLMKJHNFFCQ88CA,24,166.56,住家用,鋼筋混凝土造,82年12月16日,三層,一層 二層 三層 電梯樓梯間
RPQOMLLKJHNFFCQ78CA,,178.75,見其他登記事項,鋼筋混凝土造,106年11月16日,三層,一層 二層 三層 見其他登記事項
RPRNMLQKJHNFFDQ86DA,36,65.32,住家用,鋼筋混凝土加強磚造,70年10月30日,一層,
RPRNMLMKJHNFFDQ09DA,14,159.48,住商用,鋼筋混凝土造,92年12月31日,三層,一層 二層 三層
RPVPMLLKJHNFFCQ76CA,39,97.70,住家用,鋼筋混凝土加強磚造,67年12月7日,二層,一層 二層
RPTNMLRKJHNFFBQ86CA,36,98.78,住商用,鋼筋混凝土加強磚造,71年2月3日,二層,一層 二層
RPSOMLLKJHNFFCQ98CA,,186.23,見其他登記事項,鋼筋混凝土造,106年11月16日,三層,一層 二層 三層 見其他登記事項
RPPNMLOKJHNFFBQ78CA,29,286.92,住家用,鋼筋混凝土加強磚造,78年3月23日,三層,一層 二層 三層
RPROMLLKJHNFFCQ88CA,,177.33,見其他登記事項,鋼筋混凝土造,106年11月16日,三層,一層 二層 三層 見其他登記事項
RPTOMLLKJHNFFCQ09CA,,170.00,見其他登記事項,鋼筋混凝土造,106年11月16日,三層,一層 二層 三層 見其他登記事項
RPVOMLLKJHNFFCQ66CA,,184.33,見其他登記事項,鋼筋混凝土造,106年11月16日,三層,一層 二層 三層 見其他登記事項
RPWOMLLKJHNFFCQ76CA,,168.24,見其他登記事項,鋼筋混凝土造,106年11月16日,三層,一層 二層 三層 見其他登記事項
RPXOMLLKJHNFFCQ86CA,,189.15,見其他登記事項,鋼筋混凝土造,106年11月16日,三層,一層 二層 三層 見其他登記事項
RPUOMLLKJHNFFCQ56CA,,173.34,見其他登記事項,鋼筋混凝土造,106年11月16日,三層,一層 二層 三層 見其他登記事項
RPTNMLRKJHNFFCQ96CA,1,199.40,見其他登記事項,鋼筋混凝土造,105年10月31日,三層,一層 二層 三層 見其他登記事項
RPSNMLNLJHNFFDQ66CA,37,104.13,住家用,鋼筋混凝土加強磚造,70年5月1日,二層,一層 二層 騎樓
RPTOMLTLJHNFFDQ47CA,36,102.40,住家用,鋼筋混凝土加強磚造,70年10月22日,二層,一層 二層
RPQNMLLKJHNFFDQ78CA,12,1.59,見其他登記事項,鋼筋混凝土造,94年8月26日,三層,
RPQNMLLKJHNFFDQ78CA,12,5.08,見其他登記事項,鋼筋混凝土造,94年8月26日,二層,
RPQNMLLKJHNFFDQ78CA,12,196.15,見其他登記事項,鋼筋混凝土造,95年2月16日,四層,一層 二層 三層 四層
RPRNMLLKJHNFFDQ88CA,12,15.37,見其他登記事項,鋼筋混凝土造,94年8月15日,五層,四層
RPWNMLRKJHNFFDQ37CA,36,98.85,住家用,鋼筋混凝土加強磚造,71年5月6日,二層,一層 二層 騎樓
RPRNMLLKJHNFFDQ88CA,12,6.84,見其他登記事項,鋼筋混凝土造,94年8月15日,五層,
RPUNMLLKJHNFFDQ56CA,12,15.37,見其他登記事項,鋼筋混凝土造,94年8月15日,五層,五層
RPUNMLLKJHNFFDQ56CA,12,6.84,見其他登記事項,鋼筋混凝土造,94年8月15日,五層,
RPRNMLNKJHNFFDQ09CA,43,52.68,住家用,見其他登記事項,64年1月1日,一層,一層
RPPOMLTLJHNFFDQ07CA,29,561.75,住家用,鋼筋混凝土造,77年12月16日,三層,一層 二層 三層
RPPOMLTLJHNFFDQ07CA,28,148.99,住家用,鋼筋混凝土加強磚造,78年12月23日,二層,一層 二層
RPTNMLKMJHNFFDQ56CA,12,313.22,住家用,鋼筋混凝土造,94年10月27日,三層,一層 二層 三層
RPPNMLMKJHNFFCQ68CA,41,104.64,住家用,鋼筋混凝土加強磚造,66年3月1日,二層,一層 二層 騎樓
RPROMLTKJHNFFCQ07CA,21,229.11,住商用,鋼筋混凝土造,85年9月9日,四層,一層 二層 三層 四層 騎樓
RPPNMLPKJHNFFEQ56CA,25,37.23,住家用,鋼筋混凝土造,82年4月1日,十八層,十層
RPPNMLPKJHNFFEQ56CA,25,7.34,見其他登記事項,鋼筋混凝土造,82年4月1日,十八層,
RPPNMLPKJHNFFEQ56CA,25,1.75,見其他登記事項,鋼筋混凝土造,82年4月1日,,
RPWPMLLKJHNFFCQ86CA,37,108.23,住家用,鋼筋混凝土加強磚造,70年1月20日,二層,一層 二層 騎樓
RPUPMLLKJHNFFCQ66CA,37,112.50,住家用,鋼筋混凝土加強磚造,70年4月23日,二層,一層 二層 電梯樓梯間
RPWNMLMKJHNFFCQ76CA,,171.70,見其他登記事項,鋼筋混凝土造,106年8月29日,三層,一層 二層 三層 見其他登記事項
RPXNMLMKJHNFFCQ86CA,,164.11,住家用,鋼筋混凝土造,106年8月29日,三層,一層 二層 三層
RPXPMLLKJHNFFCQ96CA,40,91.20,住家用,鋼筋混凝土加強磚造,66年12月30日,二層,一層 二層 騎樓
RPOOMLPKJHNFFBQ88CA,,270.05,住家用,鋼筋混凝土造,106年9月30日,四層,一層 二層 三層 四層
RPSNMLMKJHNFFBQ88CA,26,254.56,住家用,鋼造,80年10月12日,一層,一層 騎樓
RPTNMLPKJHNFFBQ66CA,,270.05,住家用,鋼筋混凝土造,106年9月30日,四層,一層 二層 三層 四層
RPRNMLRKJHNFFBQ66CA,,507.51,見其他登記事項,鋼筋混凝土造,106年9月30日,四層,一層 二層 三層 四層 見其他登記事項
RPTNMLLKJHNFFDQ56DA,22,166.00,住商用,鋼筋混凝土造,84年8月31日,四層,一層 二層 三層 四層
RPSNMLSKJHNFFBQ86CA,,240.02,住家用,鋼筋混凝土造,106年9月30日,四層,一層 二層 三層 四層
RPPOMLOLJHNFFDQ66DA,19,66.75,見其他登記事項,鋼筋混凝土造,88年5月31日,五層,四層
RPPOMLOLJHNFFDQ66DA,19,9.26,見其他登記事項,鋼筋混凝土造,88年5月31日,五層,
RPPOMLOLJHNFFDQ66DA,19,.59,見其他登記事項,鋼筋混凝土造,88年5月31日,一層,
RPPOMLOLJHNFFDQ66DA,19,66.75,見其他登記事項,鋼筋混凝土造,88年5月31日,五層,四層
RPPOMLOLJHNFFDQ66DA,19,9.26,見其他登記事項,鋼筋混凝土造,88年5月31日,五層,
RPPOMLOLJHNFFDQ66DA,19,.59,見其他登記事項,鋼筋混凝土造,88年5月31日,一層,
RPQNMLPLJHNFFBQ56DA,3,294.25,見其他登記事項,鋼筋混凝土造,103年10月24日,三層,一層 二層 三層
RPQNMLPLJHNFFBQ56DA,3,1.00,見其他登記事項,鋼筋混凝土造,104年1月6日,一層,
RPPNMLKLJHNFFDQ68CA,23,198.57,住家用,鋼筋混凝土造,84年5月18日,四層,一層 二層 三層 四層
RPRNMLRLJHNFFDQ96CA,35,121.80,住商用,鋼筋混凝土加強磚造,72年5月28日,二層,一層 二層
RPSNMLPKJHNFFCQ66CA,25,103.08,國民住宅,鋼筋混凝土造,82年2月17日,五層,三層
RPSNMLPKJHNFFCQ66CA,25,10.10,共有部份,鋼筋混凝土造,82年2月17日,五層,
RPOOMLSJKHNFFDQ76CA,1,72.69,集合住宅,鋼筋混凝土造,106年4月21日,十六層,十四層
RPOOMLSJKHNFFDQ76CA,1,11.39,見其他登記事項,鋼筋混凝土造,106年4月21日,十六層,
RPOOMLSJKHNFFDQ76CA,1,20.24,見其他登記事項,鋼筋混凝土造,106年4月21日,十六層,
RPSNMLRKJHNFFBQ76CA,22,2414.08,見其他登記事項,見其他登記事項,85年1月15日,一層,一層
RPOOMLSJKHNFFDQ76CA,1,29.87,見其他登記事項,鋼筋混凝土造,106年4月21日,十六層,
RPSNMLQKJHNFFCQ76CA,,30.42,住家用,見其他登記事項,,一層,一層
RPQNMLOLJHNFFCQ09CA,35,111.71,住家用,鋼筋混凝土加強磚造,71年11月6日,二層,一層 二層
RPOOMLQKJHNFFCQ09CA,25,248.71,住家用,鋼筋混凝土造,81年11月25日,三層,一層 二層 三層 見其他登記事項
RPVNMLSKJHNFFCQ27CA,34,157.33,住商用,鋼筋混凝土加強磚造,73年1月4日,三層,一層 二層 三層 騎樓 電梯樓梯間
RPWNMLSKJHNFFCQ37CA,38,100.64,住家用,鋼筋混凝土加強磚造,69年3月31日,二層,一層 二層 電梯樓梯間
RPPOMLPKJHNFFBQ09DA,33,97.70,見其他登記事項,鋼筋混凝土加強磚造,74年2月4日,一層,一層
RPPOMLPKJHNFFBQ09DA,8,417.45,工業用,見其他登記事項,98年11月25日,1,一層
RPVNMLRKJHNFFCQ37EA,23,16.41,見其他登記事項,鋼筋混凝土造,83年6月30日,一層,
RPPNMLRKJHNFFBQ56DA,25,177.69,住商用,鋼筋混凝土造,81年7月18日,三層,一層 二層 三層 騎樓
RPPNMLQKJHNFFCQ56DA,34,80.12,住家用,鋼筋混凝土加強磚造,72年9月15日,二層,一層 二層
RPVNMLQKJHNFFCQ27EA,,172.42,見其他登記事項,鋼筋混凝土造,106年10月20日,三層,一層 二層 三層 見其他登記事項
RPSNMLPKJHNFFBQ56CA,41,111.66,住家用,鋼筋混凝土加強磚造,66年2月7日,二層,一層 二層 夾層
RPQNMLPKJHNFFCQ66EA,37,110.06,住商用,鋼筋混凝土加強磚造,70年2月24日,二層,一層 二層 電梯樓梯間
RPUNMLQKJHNFFCQ17EA,,174.95,見其他登記事項,鋼筋混凝土造,106年10月20日,三層,一層 二層 三層 見其他登記事項
RPPOMLOLJHNFFCQ09CA,,237.78,見其他登記事項,鋼筋混凝土造,106年8月11日,三層,一層 二層 三層 見其他登記事項
RPWNMLSJKHNFFDQ47CA,1,72.69,集合住宅,鋼筋混凝土造,106年4月21日,十五層,二層
RPWNMLSJKHNFFDQ47CA,1,11.39,見其他登記事項,鋼筋混凝土造,106年4月21日,十六層,
RPWNMLSJKHNFFDQ47CA,1,18.75,見其他登記事項,鋼筋混凝土造,106年4月21日,十五層,
RPWNMLSJKHNFFDQ47CA,1,29.87,見其他登記事項,鋼筋混凝土造,106年4月21日,十六層,
RPROMLLMJHNFFDQ56CA,23,203.49,見其他登記事項,鋼筋混凝土造,83年8月19日,七層,一層 二層 三層 地下層
RPROMLLMJHNFFDQ56CA,23,21.52,見其他登記事項,鋼筋混凝土造,83年8月19日,七層,
RPRNMLSKJHNFFDQ96CA,12,186.26,住家用,鋼筋混凝土造,94年9月16日,四層,一層 二層 三層 四層 地下層
RPQNMLRKJHNFFDQ76CA,36,113.67,住家用,鋼筋混凝土加強磚造,70年12月11日,二層,一層 二層 騎樓
RPQNMLTKJHNFFDQ96CA,18,176.33,住商用,鋼筋混凝土造,88年7月23日,四層,一層 二層 三層 四層
RPPNMLNJKHNFFDQ88CA,10,166.06,見其他登記事項,鋼筋混凝土造,96年12月6日,四層,一層 二層 三層 四層
RPSNMLTLJHNFFDQ27CA,1,171.19,住家用,鋼筋混凝土造,106年1月10日,三層,一層 二層 三層 見其他登記事項
RPROMLPLJHNFFDQ86CA,28,93.42,住家用,鋼筋混凝土加強磚造,78年8月19日,二層,一層 二層
RPQNMLQJKHNFFDQ66CA,1,153.20,住家用,鋼筋混凝土造,106年1月11日,三層,一層 二層 三層 見其他登記事項
RPQOMLOLJHNFFCQ56CA,,208.91,見其他登記事項,鋼筋混凝土造,106年8月16日,三層,一層 二層 三層 見其他登記事項
RPOOMLPLJHNFFDQ56CA,22,84.88,見其他登記事項,鋼筋混凝土造,85年2月7日,九層,九層
RPOOMLPLJHNFFDQ56CA,22,19.26,見其他登記事項,鋼筋混凝土造,85年2月7日,九層,
RPOOMLPLJHNFFDQ56CA,22,13.05,見其他登記事項,鋼筋混凝土造,85年2月7日,九層,
RPOOMLMJKHNFFCQ68CA,37,104.62,住家用,鋼筋混凝土加強磚造,69年8月21日,二層,一層 二層
RPPNMLLMJHNFFCQ78CA,36,117.36,住商用,鋼筋混凝土加強磚造,71年2月10日,二層,一層 二層 騎樓 電梯樓梯間
RPUNMLRKJHNFFCQ07CA,36,55.11,住家用,鋼筋混凝土加強磚造,70年10月12日,一層,一層
RPTOMLQKJHNFFCQ96CA,1,169.08,住家用,鋼筋混凝土造,106年6月12日,四層,一層 二層 三層 四層
RPQNMLKMJHNFFBQ68CA,14,192.00,見其他登記事項,鋼筋混凝土造,93年3月26日,四層,一層 二層 三層 四層
RPQNMLSKJHNFFCQ76CA,36,115.10,住家用,鋼筋混凝土加強磚造,70年12月11日,二層,一層 二層 電梯樓梯間
RPPNMLSKJHNFFDQ86DA,17,143.46,住家用,鋼筋混凝土造,89年8月5日,三層,一層 二層 三層
RPQNMLRJKHNFFCQ76DA,23,138.49,住家用,鋼筋混凝土加強磚造,83年10月17日,二層,一層 二層 電梯樓梯間
RPPNMLLLJHNFFBQ58CA,1,436.75,見其他登記事項,鋼筋混凝土造,106年1月11日,五層,一層 二層 三層 四層 五層 見其他登記事項
RPPNMLPJKHNFFEQ56CA,21,215.70,住家用,鋼筋混凝土造,85年10月4日,五層,一層 二層 三層 四層 五層
RPPNMLMLJHNFFCQ98EA,2,97.96,見其他登記事項,鋼筋混凝土加強磚造,104年9月29日,二層,一層 二層 見其他登記事項
RPRNMLKLJHNFFCQ88DA,40,91.20,住家用,鋼筋混凝土加強磚造,66年9月1日,二層,一層 二層 騎樓
SPQNMLMKKHNFFBQ88CA,12,16.03,住家用,鋼筋混凝土造,94年10月3日,十層,二層
SPQNMLMKKHNFFBQ88CA,12,.10,見其他登記事項,鋼筋混凝土造,94年10月3日,十層,
SPQNMLMKKHNFFBQ88CA,12,8.47,見其他登記事項,鋼筋混凝土造,94年10月3日,十層,
RPPNMLMKKHNFFBQ68CA,12,16.18,住家用,鋼筋混凝土造,94年10月3日,十層,八層
RPPNMLMKKHNFFBQ68CA,12,.10,見其他登記事項,鋼筋混凝土造,94年10月3日,十層,
RPPNMLMKKHNFFBQ68CA,12,8.53,見其他登記事項,鋼筋混凝土造,94年10月3日,十層,
RPQNMLMKKHNFFBQ78CA,12,16.03,住家用,鋼筋混凝土造,94年10月3日,十層,二層
RPQNMLMKKHNFFBQ78CA,12,.10,見其他登記事項,鋼筋混凝土造,94年10月3日,十層,
RPQNMLMKKHNFFBQ78CA,12,8.47,見其他登記事項,鋼筋混凝土造,94年10月3日,十層,
RPPNMLTKJHNFFCQ76CA,14,163.14,住家用,鋼筋混凝土造,92年12月4日,三層,一層 二層 三層
RPSNMLOJPHNFFDQ17CA,15,165.52,見其他登記事項,鋼筋混凝土造,92年1月22日,三層,一層 二層 三層
RPQNMLRLJHNFFDQ86CA,13,16.99,見其他登記事項,鋼筋混凝土造,94年2月4日,五層,三層
RPQNMLRLJHNFFDQ86CA,13,5.89,見其他登記事項,鋼筋混凝土造,94年2月4日,五層,
RPPNMLMLJHNFFDQ88CA,37,104.82,住家用,鋼筋混凝土加強磚造,69年7月1日,二層,一層 二層 騎樓
SPQNMLRLJHNFFDQ96CA,13,17.13,見其他登記事項,鋼筋混凝土造,94年2月4日,五層,三層
SPQNMLRLJHNFFDQ96CA,13,5.89,見其他登記事項,鋼筋混凝土造,94年2月4日,五層,
RPSNMLMLJHNFFDQ56CA,10,176.29,見其他登記事項,鋼筋混凝土造,96年8月10日,三層,一層 二層 三層 見其他登記事項
RPVNMLTKJHNFFDQ47CA,25,167.49,見其他登記事項,鋼筋混凝土造,82年1月9日,四層,一層 二層 三層 四層
RPQNMLLMJHNFFDQ98CA,36,136.41,住家用,鋼筋混凝土加強磚造,70年6月20日,二層,一層 二層
RPVOMLTLJHNFFDQ67CA,22,96.59,見其他登記事項,鋼筋混凝土造,84年9月8日,十二層,八層
RPVOMLTLJHNFFDQ67CA,22,20.40,見其他登記事項,鋼筋混凝土造,84年9月8日,十二層,
RPVOMLTLJHNFFDQ67CA,22,23.45,見其他登記事項,鋼筋混凝土造,84年9月8日,十二層,
RPPNMLTKJHNFFDQ86CA,18,176.26,住商用,鋼筋混凝土造,88年7月7日,三層,一層 二層 三層
RPOOMLSKJHNFFDQ76CA,37,97.76,住家用,鋼筋混凝土加強磚造,69年8月6日,二層,一層 二層
RPWNMLTKJHNFFDQ57CA,12,16.15,見其他登記事項,鋼筋混凝土造,94年8月15日,五層,五層
RPWNMLTKJHNFFDQ57CA,12,7.19,見其他登記事項,鋼筋混凝土造,94年8月15日,五層,
RPROMLMJKHNFFDQ09CA,25,167.49,見其他登記事項,鋼筋混凝土造,82年1月9日,四層,一層 二層 三層 四層
RPQOMLMJKHNFFDQ98CA,24,32.58,見其他登記事項,鋼筋混凝土造,82年10月6日,九層,七層
RPQOMLMJKHNFFDQ98CA,24,4.98,見其他登記事項,鋼筋混凝土造,82年10月6日,9,
RPQOMLMJKHNFFDQ98CA,24,1.95,見其他登記事項,鋼筋混凝土造,82年10月6日,九層,
RPQOMLMJKHNFFDQ98CA,24,10.61,見其他登記事項,鋼筋混凝土造,82年10月6日,九層,
RPOOMLMLJHNFFDQ88CA,15,176.20,住家用,鋼筋混凝土造,92年3月10日,三層,一層 二層 三層
RPOOMLMLJHNFFDQ88CA,15,176.20,住家用,鋼筋混凝土造,92年3月10日,三層,一層 二層 三層
RPVNMLOLJHNFFDQ07CA,24,80.34,住商用,鋼筋混凝土造,83年4月28日,三層,一層 二層 三層 騎樓
RPVNMLOLJHNFFDQ07CA,24,80.34,住商用,鋼筋混凝土造,83年4月28日,三層,一層 二層 三層 騎樓
RPSNMLLKKHNFFDQ09CA,38,102.70,住家用,鋼筋混凝土加強磚造,68年11月2日,二層,一層 二層
RPQOMLOLJHNFFDQ66CA,25,132.45,住家用,鋼筋混凝土造,81年7月13日,三層,一層 二層 三層
RPQNMLTKJHNFFBQ86DA,41,51.48,農舍,見其他登記事項,66年5月10日,一層,一層
RPTNMLMJKHNFFEQ66CA,34,159.66,住家用,鋼筋混凝土加強磚造,72年5月30日,三層,一層 二層 三層 騎樓
RPVNMLPLJHNFFBQ96CA,43,81.00,住家用,鋼筋混凝土加強磚造,64年4月1日,二層,一層 二層
RPTNMLNLJHNFFCQ76DA,2,184.86,住家用,鋼筋混凝土造,105年3月30日,三層,一層 二層 三層
RPQNMLMLJHNFFCQ88CA,,164.11,住家用,鋼筋混凝土造,106年8月29日,三層,一層 二層 三層
RPSNMLOLJHNFFCQ66CA,23,92.92,見其他登記事項,鋼筋混凝土造,83年8月8日,十一層,十一層
RPSNMLOLJHNFFCQ66CA,23,15.71,共有部份,鋼筋混凝土造,83年8月8日,十一層,
RPSNMLOLJHNFFCQ66CA,23,19.30,共有部份,鋼筋混凝土造,83年8月8日,十一層,
RPTNMLOLJHNFFCQ76CA,23,92.92,見其他登記事項,鋼筋混凝土造,83年8月8日,十一層,十一層
RPTNMLOLJHNFFCQ76CA,23,15.71,共有部份,鋼筋混凝土造,83年8月8日,十一層,
RPTNMLOLJHNFFCQ76CA,23,19.30,共有部份,鋼筋混凝土造,83年8月8日,十一層,
RPTNMLPLJHNFFDQ96CA,34,108.98,住家用,鋼筋混凝土加強磚造,72年10月22日,二層,一層 二層 騎樓
RPSNMLQLJHNFFDQ96CA,38,105.70,住家用,鋼筋混凝土加強磚造,69年1月18日,二層,一層 二層 騎樓
RPPOMLNLJHNFFDQ09CA,40,96.00,住家用,鋼筋混凝土加強磚造,66年8月25日,二層,一層 二層
RPTNMLMLJHNFFDQ66CA,23,149.19,住商用,鋼筋混凝土造,83年10月12日,七層,一層 二層 三層
RPTNMLMLJHNFFDQ66CA,23,3.41,見其他登記事項,鋼筋混凝土造,83年10月12日,七層,
RPTNMLMLJHNFFDQ66CA,23,12.47,見其他登記事項,鋼筋混凝土造,83年10月12日,七層,
RPVNMLPJKHNFFCQ96CA,36,111.71,住家用,鋼筋混凝土加強磚造,70年12月29日,二層,一層 二層
RPVNMLTLJHNFFCQ47CA,24,204.42,住商用,鋼筋混凝土造,83年1月7日,四層,一層 二層 三層 四層
RPUOMLOKKHNFFCQ96CA,25,169.43,住商用,鋼筋混凝土造,82年3月16日,三層,一層 二層 三層 電梯樓梯間
RPXNMLTLJHNFFCQ67CA,36,98.73,住家用,鋼筋混凝土加強磚造,70年11月21日,二層,一層 二層 電梯樓梯間
RPUNMLNLJHNFFBQ66CA,36,135.36,住家用,鋼筋混凝土加強磚造,71年2月26日,二層,一層 二層
RPPNMLPLJHNFFBQ98CA,33,112.51,住家用,鋼筋混凝土加強磚造,73年11月30日,二層,一層 二層 騎樓
RPOOMLNLJHNFFCQ88CA,40,91.20,住家用,鋼筋混凝土加強磚造,66年12月30日,二層,一層 二層 騎樓
RPRNMLPLJHNFFCQ66CA,25,103.73,國民住宅,鋼筋混凝土造,82年2月17日,五層,五層
RPRNMLPLJHNFFCQ66CA,25,10.16,共有部份,鋼筋混凝土造,82年2月17日,五層,
RPQOMLNLJHNFFCQ09CA,14,1165.81,住家用,鋼筋混凝土造,92年8月21日,四層,一層 二層 三層 四層 電梯樓梯間
RPPNMLLMJHNFFBQ68CA,,271.05,住家用,鋼筋混凝土造,106年9月30日,四層,一層 二層 三層 四層
RPPNMLKMJHNFFDQ98EA,23,103.23,見其他登記事項,鋼筋混凝土造,83年8月19日,七層,六層
RPPNMLKMJHNFFDQ98EA,23,21.52,見其他登記事項,鋼筋混凝土造,83年8月19日,七層,
RPPNMLKMJHNFFDQ98EA,23,10.90,見其他登記事項,鋼筋混凝土造,83年8月19日,七層,
RPPNMLOLJHNFFBQ98DA,39,135.93,住家用,鋼筋混凝土加強磚造,68年6月23日,三層,一層 二層 三層
RPVNMLQLJHNFFBQ17DA,28,116.01,住家用,鋼筋混凝土加強磚造,79年5月21日,二層,一層 二層
RPQNMLTLJHNFFEQ17CA,50,67.39,住家用,木造,57年2月2日,二層,一層 二層 騎樓
RPUNMLPLJHNFFEQ17CA,,247.80,農舍,鋼筋混凝土造,106年9月14日,三層,一層 二層 三層 屋頂突出物
RPTNMLKMJHNFFCQ09CA,11,182.30,見其他登記事項,鋼筋混凝土造,95年9月5日,四層,一層 二層 三層 四層
RPVNMLPLJHNFFCQ07CA,35,88.44,住家用,鋼筋混凝土加強磚造,72年4月23日,二層,一層 二層
RPQOMLPLJHNFFDQ76CA,12,187.71,住家用,鋼筋混凝土造,95年4月19日,三層,一層 二層 三層
RPXNMLPLJHNFFDQ37CA,38,118.66,住家用,鋼筋混凝土加強磚造,69年6月10日,二層,一層 二層 騎樓
RPXNMLTLJHNFFDQ77CA,36,132.23,住商用,鋼筋混凝土加強磚造,70年10月17日,三層,一層 二層 三層 騎樓
RPRNMLPJKHNFFDQ66CA,21,77.79,住家用,鋼筋混凝土造,86年5月24日,五層,三層
RPRNMLPJKHNFFDQ66CA,21,11.82,見其他登記事項,鋼筋混凝土造,86年5月24日,五層,
RPRNMLPJKHNFFDQ66CA,21,26.61,見其他登記事項,鋼筋混凝土造,86年5月24日,五層,
RPPOMLOKKHNFFDQ56CA,38,88.82,住家用,鋼筋混凝土加強磚造,69年4月1日,二層,一層 二層
RPSNMLMJKHNFFDQ09CA,40,102.45,住家用,鋼筋混凝土加強磚造,66年10月26日,二層,一層 二層
RPWNMLMJKHNFFDQ86CA,23,170.09,住家用,鋼筋混凝土造,83年10月22日,四層,一層 二層 三層 四層
RPPNMLLMJHNFFDQ88CA,48,78.96,住家用,見其他登記事項,59年4月8日,一層,一層 騎樓
RPWNMLTLJHNFFCQ57CA,20,155.84,住家用,鋼筋混凝土造,86年12月18日,三層,一層 二層 三層 電梯樓梯間
RPTNMLQLJHNFFCQ96CA,31,165.92,住家用,加強磚造,75年12月1日,二層,一層 二層 騎樓 電梯樓梯間
RPOOMLOLJHNFFCQ98CA,21,98.12,國民住宅,鋼筋混凝土造,85年11月15日,五層,五層
RPROMLPLJHNFFCQ76CA,5,222.02,住家用,鋼筋混凝土造,101年6月28日,三層,一層 二層 三層
RPQNMLOKKHNFFCQ09CA,13,156.94,住家用,鋼筋混凝土造,93年12月14日,三層,一層 二層 三層 電梯樓梯間
RPVNMLMJKHNFFCQ66CA,24,177.47,見其他登記事項,鋼筋混凝土造,83年1月7日,三層,一層 二層 三層 電梯樓梯間
RPRNMLPJKHNFFBQ09CA,37,110.86,住家用,鋼筋混凝土加強磚造,70年6月20日,二層,一層 二層 騎樓
RPRNMLLLKHNFFCQ09DA,11,187.91,住家用,鋼筋混凝土造,95年3月24日,三層,一層 二層 三層 電梯樓梯間
RPQOMLLMJHNFFBQ88CA,26,117.30,住家用,鋼筋混凝土造,81年3月25日,三層,一層 二層 三層
RPRNMLTLJHNFFCQ17DA,25,154.04,住商用,見其他登記事項,81年10月30日,三層,一層 二層 三層 電梯樓梯間
RPUNMLPLJHNFFCQ17EA,,172.42,見其他登記事項,鋼筋混凝土造,106年10月20日,三層,一層 二層 三層 見其他登記事項
RPVNMLTJKHNFFCQ57EA,24,150.79,住家用,鋼筋混凝土造,82年7月22日,三層,一層 二層 三層
RPOOMLOKKHNFFCQ98CA,38,102.98,住家用,鋼筋混凝土加強磚造,69年3月31日,二層,一層 二層 電梯樓梯間
RPTOMLOKKHNFFCQ86CA,37,81.62,住家用,鋼筋混凝土加強磚造,70年4月10日,二層,一層 二層
RPSOMLOKKHNFFCQ76CA,24,150.77,住家用,鋼筋混凝土造,83年2月3日,三層,一層 二層 三層 電梯樓梯間
RPUNMLQLJHNFFCQ07CA,7,216.24,住家用,鋼筋混凝土造,99年7月9日,四層,一層 二層 三層 四層
RPPNMLSLJHNFFCQ76CA,,180.11,見其他登記事項,鋼筋混凝土造,106年9月26日,三層,一層 二層 三層 見其他登記事項
SPSNMLRLJHNFFDQ17CA,12,15.37,見其他登記事項,鋼筋混凝土造,94年8月15日,五層,二層
SPSNMLRLJHNFFDQ17CA,12,6.84,見其他登記事項,鋼筋混凝土造,94年8月15日,五層,
UPSNMLRLJHNFFDQ37CA,12,15.37,見其他登記事項,鋼筋混凝土造,94年8月15日,五層,二層
UPSNMLRLJHNFFDQ37CA,12,6.84,見其他登記事項,鋼筋混凝土造,94年8月15日,五層,
RPSNMLRLJHNFFDQ07CA,12,15.38,見其他登記事項,鋼筋混凝土造,94年8月15日,五層,二層
RPSNMLRLJHNFFDQ07CA,12,6.84,見其他登記事項,鋼筋混凝土造,94年8月15日,五層,
TPSNMLRLJHNFFDQ27CA,12,15.37,見其他登記事項,鋼筋混凝土造,94年8月15日,五層,二層
TPSNMLRLJHNFFDQ27CA,12,6.84,見其他登記事項,鋼筋混凝土造,94年8月15日,五層,
RPSNMLKMJHNFFDQ09CA,38,36.75,住家用,磚造,68年10月30日,一層,一層
RPROMLTLJHNFFDQ27CA,38,106.12,住家用,鋼筋混凝土加強磚造,69年1月18日,二層,一層 二層 騎樓
RPRNMLMJKHNFFDQ98CA,84,64.28,住家用,竹造,22年10月1日,一層,一層
RPQNMLKKKHNFFCQ68CA,13,18.41,見其他登記事項,鋼筋混凝土造,94年1月20日,五層,二層
RPQNMLKKKHNFFCQ68CA,13,.49,見其他登記事項,鋼筋混凝土造,94年1月20日,五層,
RPQNMLKKKHNFFCQ68CA,13,5.18,見其他登記事項,鋼筋混凝土造,94年1月20日,五層,
RPQNMLQLJHNFFCQ66CA,39,73.29,住家用,鋼筋混凝土加強磚造,67年6月19日,一層,一層
RPUNMLOKKHNFFDQ96CA,1,47.61,店舖,鋼筋混凝土造,106年4月21日,十五層,一層
RPUNMLOKKHNFFDQ96CA,1,8.50,見其他登記事項,鋼筋混凝土造,106年4月21日,十六層,
RPUNMLOKKHNFFDQ96CA,1,13.87,見其他登記事項,鋼筋混凝土造,106年4月21日,十五層,
RPUNMLOKKHNFFDQ96CA,1,59.73,見其他登記事項,鋼筋混凝土造,106年4月21日,十六層,
RPPNMLKKKHNFFCQ58CA,36,93.30,住家用,鋼筋混凝土加強磚造,71年2月11日,二層,一層 二層
RPRNMLKKKHNFFCQ78CA,36,93.30,住家用,鋼筋混凝土加強磚造,71年2月11日,二層,一層 二層
RPSOMLTLJHNFFCQ37DA,41,197.80,住家用,鋼筋混凝土加強磚造,65年7月27日,二層,一層 二層 騎樓
RPPNMLKMJHNFFBQ68DA,50,49.58,住家用,見其他登記事項,57年7月1日,一層,一層 騎樓
RPTNMLMLKHNFFCQ86EA,,208.70,住家用,鋼筋混凝土造,106年9月26日,四層,一層 二層 三層 四層
RPUNMLKMJHNFFCQ76EA,25,186.39,住商用,鋼筋混凝土造,81年8月15日,四層,一層 二層 三層 四層 電梯樓梯間
RPVNMLTJKHNFFBQ27CA,25,136.71,住家用,鋼筋混凝土造,82年5月13日,三層,一層 二層 三層
RPSNMLMJKHNFFBQ88CA,106,119.28,住家用,木造,1年1月1日,二層,一層 二層 騎樓
RPSNMLKMJHNFFCQ56EA,11,432.28,見其他登記事項,鋼筋混凝土造,96年5月30日,五層,一層 二層 三層 四層 五層 騎樓
RPROMLOKKHNFFCQ66CA,34,80.12,住家用,鋼筋混凝土加強磚造,72年9月15日,二層,一層 二層
RPUNMLLJKHNFFCQ09CA,35,93.07,住家用,鋼筋混凝土加強磚造,71年11月15日,二層,一層 二層 電梯樓梯間
RPRNMLMJKHNFFCQ88CA,21,102.09,住家用,鋼筋混凝土造,85年11月15日,五層,二層
RPRNMLPLKHNFFCQ76CA,11,225.63,住家用,鋼筋混凝土造,96年3月2日,三層,一層 二層 三層
RPVNMLKMJHNFFDQ76CA,24,133.97,住家用,鋼筋混凝土造,83年6月28日,三層,一層 二層 三層
RPQOMLNKKHNFFDQ56CA,14,194.13,見其他登記事項,鋼筋混凝土造,92年10月24日,四層,一層 二層 三層 四層
RPPNMLLJKHNFFDQ68CA,17,135.59,住家用,鋼筋混凝土加強磚造,89年9月15日,三層,一層 二層 三層
RPSOMLOKKHNFFDQ86CA,37,99.74,住家用,鋼筋混凝土加強磚造,70年4月2日,二層,一層 二層
RPQNMLLJKHNFFDQ78CA,22,165.75,住家用,鋼筋混凝土造,84年11月11日,三層,一層 二層 三層
RPXNMLMJKHNFFDQ96CA,1,184.69,住家用,鋼筋混凝土造,106年1月10日,三層,一層 二層 三層 見其他登記事項
RPPNMLTJKHNFFDQ86CA,2,219.37,見其他登記事項,鋼筋混凝土造,104年11月26日,四層,一層 二層 三層 四層
RPRNMLOLKHNFFCQ66CA,37,109.01,住家用,鋼筋混凝土加強磚造,69年10月30日,二層,一層 二層 騎樓
RPQNMLKKKHNFFDQ78CA,12,1.59,見其他登記事項,鋼筋混凝土造,94年8月26日,三層,
RPQNMLKKKHNFFDQ78CA,12,5.08,見其他登記事項,鋼筋混凝土造,94年8月26日,二層,
RPQNMLKKKHNFFDQ78CA,11,207.19,見其他登記事項,鋼筋混凝土造,95年12月22日,四層,一層 二層 三層 四層
RPUNMLMJKHNFFCQ56CA,24,210.33,住商用,鋼筋混凝土造,83年1月5日,四層,一層 二層 三層 四層
RPWNMLMJKHNFFCQ76CA,14,192.67,見其他登記事項,鋼筋混凝土造,93年1月30日,三層,一層 二層 三層
RPQNMLRLKHNFFBQ76CA,12,21.81,住家用,鋼筋混凝土造,94年10月3日,十層,六層
RPQNMLRLKHNFFBQ76CA,12,.13,見其他登記事項,鋼筋混凝土造,94年10月3日,十層,
RPQNMLRLKHNFFBQ76CA,12,11.08,見其他登記事項,鋼筋混凝土造,94年10月3日,十層,
RPPNMLRLKHNFFBQ66CA,12,24.89,住家用,鋼筋混凝土造,94年10月3日,十層,六層
RPPNMLRLKHNFFBQ66CA,12,.14,見其他登記事項,鋼筋混凝土造,94年10月3日,十層,
RPPNMLRLKHNFFBQ66CA,12,11.75,見其他登記事項,鋼筋混凝土造,94年10月3日,十層,
RPSNMLRLKHNFFBQ96CA,11,15.06,住家用,鋼筋混凝土造,95年8月28日,八層,三層
RPSNMLRLKHNFFBQ96CA,11,5.79,共有部份,鋼筋混凝土造,95年8月28日,,
RPSNMLRLKHNFFBQ96CA,11,4.40,共有部份,鋼筋混凝土造,95年8月28日,,
RPPNMLMJKHNFFEQ09EA,19,191.89,住家用,鋼筋混凝土造,87年12月28日,四層,一層 二層 三層 四層
RPPNMLOJKHNFFEQ09CA,38,116.90,住商用,鋼筋混凝土加強磚造,68年8月31日,二層,一層 二層
RPRNMLMJKHNFFBQ88DA,33,152.16,住家用,加強磚造,74年1月15日,三層,一層 二層 三層 騎樓
RPVNMLMJKHNFFBQ66DA,1,242.36,見其他登記事項,鋼筋混凝土造,105年8月4日,三層,一層 二層 三層
RPWNMLMJKHNFFBQ66CA,23,176.24,住商用,鋼筋混凝土加強磚造,84年5月1日,三層,一層 二層 三層
RPPNMLSJKHNFFDQ76CA,33,1116.00,見其他登記事項,鐵造,74年2月1日,一層,一層
RPPNMLSJKHNFFDQ76CA,33,36.00,住家用,磚造,74年2月1日,一層,一層
RPSNMLQJKHNFFDQ86CA,41,66.66,住家用,磚造,65年8月4日,一層,一層
RPSOMLNKKHNFFDQ76CA,10,191.42,見其他登記事項,鋼筋混凝土造,96年8月10日,三層,一層 二層 三層 見其他登記事項
RPSNMLSJKHNFFDQ07CA,39,334.75,工業用,鋼造,67年9月25日,一層,一層
RPSNMLSJKHNFFDQ07CA,39,260.62,商業用,鋼筋混凝土加強磚造,68年1月15日,一層,一層
RPSNMLSJKHNFFDQ07CA,39,205.71,住家用,鋼筋混凝土加強磚造,67年7月15日,二層,一層 二層 陽台 騎樓
RPTOMLLMJHNFFDQ76CA,3,1720.00,見其他登記事項,見其他登記事項,104年7月8日,一層,一層
RPTOMLLMJHNFFDQ76CA,17,677.97,見其他登記事項,見其他登記事項,90年5月1日,一層,一層
RPTOMLLMJHNFFDQ76CA,8,1219.45,見其他登記事項,見其他登記事項,98年11月20日,一層,一層
RPPNMLMJKHNFFDQ78CA,50,92.96,住家用,木造,57年2月5日,一層,一層
RPPOMLMJKHNFFDQ88CA,13,16.70,住家用,鋼筋混凝土造,93年8月3日,五層,五層
RPPOMLMJKHNFFDQ88CA,13,.77,見其他登記事項,鋼筋混凝土造,93年8月3日,五層,
RPPOMLMJKHNFFDQ88CA,13,.19,見其他登記事項,鋼筋混凝土造,93年8月3日,五層,
RPPOMLMJKHNFFDQ88CA,13,.83,見其他登記事項,鋼筋混凝土造,93年8月3日,五層,
RPPOMLMJKHNFFDQ88CA,13,6.83,見其他登記事項,鋼筋混凝土造,93年8月3日,五層,
RPPOMLMJKHNFFDQ88CA,13,1.26,見其他登記事項,鋼筋混凝土造,93年8月3日,五層,
RPRNMLLJKHNFFDQ88CA,40,66.66,住家用,磚造,65年8月15日,一層,一層
RPUNMLMJKHNFFDQ66CA,,180.78,住家用,鋼筋混凝土造,106年7月10日,三層,一層 二層 三層
RPSNMLKKKHNFFCQ88CA,36,94.60,住家用,鋼筋混凝土加強磚造,70年10月15日,二層,一層 二層
RPVNMLQJKHNFFCQ07CA,25,155.81,見其他登記事項,鋼筋混凝土造,81年12月23日,三層,一層 二層 三層 電梯樓梯間
RPTNMLMJKHNFFBQ98CA,14,227.65,見其他登記事項,鋼筋混凝土造,93年3月26日,四層,一層 二層 三層 四層 見其他登記事項
RPTNMLMJKHNFFBQ98CA,14,5.48,見其他登記事項,鋼筋混凝土造,93年3月26日,三層,
RPRNMLLJKHNFFBQ78DA,34,163.20,住家用,加強磚造,72年7月23日,三層,一層 二層 三層
RPQNMLRJKHNFFDQ86DA,37,105.73,住商用,鋼筋混凝土加強磚造,70年6月25日,二層,一層 二層 騎樓
RPUNMLNKKHNFFBQ66CA,3,200.53,見其他登記事項,鋼筋混凝土造,104年4月13日,三層,一層 二層 三層 見其他登記事項
RPPNMLMLKHNFFEQ09CA,38,73.20,住家用,磚造,68年8月4日,一層,一層 騎樓
RPPNMLOKKHNFFEQ56CA,37,103.08,住家用,鋼筋混凝土加強磚造,69年8月19日,二層,一層 二層 騎樓
RPQNMLOKKHNFFEQ66CA,23,195.29,住家用,鋼筋混凝土造,84年2月3日,四層,一層 二層 三層 四層 騎樓
RPQNMLOKKHNFFEQ66CA,23,.36,住家用,鋼筋混凝土造,84年2月3日,一層,
RPPNMLRJKHNFFBQ09CA,6,212.08,住家用,鋼筋混凝土造,100年11月11日,四層,一層 二層 三層 四層
RPTNMLRLKHNFFDQ27CA,12,230.72,住家用,鋼筋混凝土造,95年1月13日,四層,一層 二層 三層 四層
RPSNMLRLKHNFFDQ17CA,1,72.69,集合住宅,鋼筋混凝土造,106年4月21日,十五層,九層
RPSNMLRLKHNFFDQ17CA,1,11.39,見其他登記事項,鋼筋混凝土造,106年4月21日,十六層,
RPSNMLRLKHNFFDQ17CA,1,18.75,見其他登記事項,鋼筋混凝土造,106年4月21日,十五層,
RPSNMLRLKHNFFDQ17CA,1,29.87,見其他登記事項,鋼筋混凝土造,106年4月21日,十六層,
RPQOMLOKKHNFFDQ66CA,39,119.69,住商用,鋼筋混凝土加強磚造,67年7月30日,二層,一層 二層 騎樓
RPSNMLQJKHNFFCQ76CA,36,98.53,住家用,鋼筋混凝土加強磚造,70年7月10日,二層,一層 二層 電梯樓梯間
RPTNMLTJKHNFFCQ17CA,24,165.61,住家用,鋼筋混凝土造,82年11月23日,三層,一層 二層 三層 電梯樓梯間
RPUNMLTJKHNFFCQ27CA,33,1602.55,見其他登記事項,見其他登記事項,74年1月7日,一層,一層 地下層
RPUNMLTJKHNFFCQ27CA,33,154.73,見其他登記事項,見其他登記事項,74年1月7日,一層,一層 地下層
RPXNMLOKKHNFFCQ17CA,34,80.12,住家用,鋼筋混凝土加強磚造,72年9月15日,二層,一層 二層
RPRNMLQJKHNFFDQ86DA,38,109.80,住家用,鋼筋混凝土加強磚造,68年11月15日,二層,一層 二層
RPQNMLSJKHNFFDQ96DA,39,110.95,住商用,鋼筋混凝土加強磚造,67年6月30日,二層,一層 二層 騎樓
RPRNMLNKKHNFFCQ09CA,40,95.24,住家用,鋼筋混凝土加強磚造,66年8月15日,二層,一層 二層
RPTNMLMKKHNFFCQ56CA,2,222.85,見其他登記事項,鋼筋混凝土造,105年2月1日,三層,一層 二層 三層 見其他登記事項
RPUNMLSJKHNFFDQ47EA,37,136.41,住家用,鋼筋混凝土加強磚造,70年6月20日,二層,一層 二層
RPPNMLRJKHNFFCQ56CA,2,105.84,住家用,鋼筋混凝土造,104年10月27日,一層,一層
RPRNMLNKKHNFFDQ56CA,18,166.66,住商用,鋼筋混凝土造,88年7月23日,四層,一層 二層 三層 四層
RPTOMLNKKHNFFDQ86CA,22,66.38,見其他登記事項,鋼筋混凝土造,84年12月27日,五層,五層
RPTOMLNKKHNFFDQ86CA,22,12.08,見其他登記事項,鋼筋混凝土造,84年12月27日,五層,
RPVNMLLJLHNFFDQ76CA,,157.53,見其他登記事項,鋼筋混凝土造,106年12月22日,三層,一層 二層 三層 見其他登記事項
RPOOMLTJKHNFFDQ86CA,1,141.80,住家用,鋼筋混凝土造,105年7月26日,四層,一層 二層 三層 四層
RPPOMLLJLHNFFDQ88CA,,159.11,見其他登記事項,鋼筋混凝土造,106年12月22日,三層,一層 二層 三層 見其他登記事項
RPQOMLLJLHNFFDQ98CA,,151.25,見其他登記事項,鋼筋混凝土造,106年12月22日,三層,一層 二層 三層 見其他登記事項
RPTNMLLJLHNFFDQ56CA,,157.31,見其他登記事項,鋼筋混凝土造,106年12月22日,三層,一層 二層 三層 見其他登記事項
RPVNMLRLKHNFFBQ27CA,11,22.39,住家用,鋼筋混凝土造,95年8月28日,八層,七層
RPVNMLRLKHNFFBQ27CA,11,8.90,共有部份,鋼筋混凝土造,95年8月28日,,
RPVNMLRLKHNFFBQ27CA,11,6.86,共有部份,鋼筋混凝土造,95年8月28日,,
RPWNMLLJLHNFFDQ86CA,,156.98,見其他登記事項,鋼筋混凝土造,106年12月22日,三層,一層 二層 三層 見其他登記事項
RPXNMLLJLHNFFDQ96CA,,156.98,見其他登記事項,鋼筋混凝土造,106年12月22日,三層,一層 二層 三層 見其他登記事項
RPROMLLJLHNFFDQ09CA,,152.94,見其他登記事項,鋼筋混凝土造,106年12月22日,三層,一層 二層 三層 見其他登記事項
RPQNMLOKKHNFFDQ56CA,21,51.50,見其他登記事項,鋼筋混凝土造,86年1月17日,七層,四層
RPQNMLOKKHNFFDQ56CA,21,22.23,見其他登記事項,鋼筋混凝土造,86年1月17日,七層,
RPQNMLOKKHNFFDQ56CA,21,51.50,見其他登記事項,鋼筋混凝土造,86年1月17日,七層,四層
RPQNMLOKKHNFFDQ56CA,21,22.23,見其他登記事項,鋼筋混凝土造,86年1月17日,七層,
RPPNMLSJKHNFFCQ66CA,23,283.59,住家用,鋼筋混凝土造,83年10月13日,三層,一層 二層 三層 電梯樓梯間
RPSNMLOKKHNFFDQ76CA,4,88.60,住家用,鋼筋混凝土造,102年12月30日,三層,一層 二層 三層
RPSNMLOKKHNFFDQ76CA,4,88.60,住家用,鋼筋混凝土造,102年12月30日,三層,一層 二層 三層
RPSOMLLJLHNFFDQ56CA,,160.05,見其他登記事項,鋼筋混凝土造,106年12月22日,三層,一層 二層 三層 見其他登記事項
RPXOMLOKKHNFFDQ37CA,38,98.10,住家用,鋼筋混凝土加強磚造,69年7月1日,二層,一層 二層
RPUNMLMLKHNFFDQ86CA,12,16.15,見其他登記事項,鋼筋混凝土造,94年8月15日,五層,四層
RPUNMLMLKHNFFDQ86CA,12,7.19,見其他登記事項,鋼筋混凝土造,94年8月15日,五層,
RPQNMLMKKHNFFDQ09DA,19,87.84,見其他登記事項,鋼筋混凝土造,88年5月31日,五層,一層
RPQNMLMKKHNFFDQ09DA,19,10.07,見其他登記事項,鋼筋混凝土造,88年5月31日,五層,
RPQNMLMKKHNFFDQ09DA,19,.80,見其他登記事項,鋼筋混凝土造,88年5月31日,一層,
RPTNMLNKKHNFFCQ66CA,32,94.22,住家用,鋼筋混凝土加強磚造,75年6月6日,一層,一層 騎樓
RPSNMLMKKHNFFDQ66DA,39,86.84,住家用,鋼筋混凝土加強磚造,67年7月10日,二層,一層 二層
RPUNMLNKKHNFFCQ76CA,14,202.01,見其他登記事項,鋼筋混凝土造,93年1月30日,三層,一層 二層 三層
RPTNMLNKKHNFFEQ86CA,1,203.76,見其他登記事項,鋼筋混凝土造,106年6月27日,四層,一層 二層 三層 四層
RPPOMLMLKHNFFCQ98CA,20,79.05,住家用,鋼筋混凝土造,82年12月14日,七層,四層
RPPOMLMLKHNFFCQ98CA,20,7.89,共有部份,鋼筋混凝土造,82年12月14日,七層,
RPPOMLMLKHNFFCQ98CA,20,6.42,共有部份,鋼筋混凝土造,82年12月14日,七層,
RPOOMLTJKHNFFCQ76CA,,210.72,見其他登記事項,鋼筋混凝土造,106年11月24日,三層,一層 二層 三層 見其他登記事項
RPWNMLOKKHNFFCQ07CA,34,100.04,住家用,鋼筋混凝土加強磚造,72年12月31日,二層,一層 二層
RPOOMLLJLHNFFDQ78CA,25,145.45,住家用,鋼筋混凝土造,81年11月26日,三層,一層 二層 三層
RPOOMLOKKHNFFDQ09CA,20,180.60,農舍,加強磚造,87年1月14日,一層,一層 見其他登記事項
RPTNMLOKKHNFFDQ86CA,26,157.52,住家用,鋼筋混凝土造,81年6月3日,三層,一層 二層 三層
RPWNMLOKKHNFFDQ17CA,39,100.54,住家用,鋼筋混凝土加強磚造,68年1月22日,二層,一層 二層 騎樓
RPPOMLTJKHNFFBQ76CA,21,88.63,住家用,鋼筋混凝土造,86年1月10日,十層,八層
RPPOMLTJKHNFFBQ76CA,21,15.47,見其他登記事項,鋼筋混凝土造,86年1月10日,十層,
RPPOMLTJKHNFFBQ76CA,21,21.95,見其他登記事項,鋼筋混凝土造,86年1月10日,十層,
SPRNMLLJLHNFFBQ88CA,11,15.06,住家用,鋼筋混凝土造,95年8月28日,八層,五層
SPRNMLLJLHNFFBQ88CA,11,5.78,共有部份,鋼筋混凝土造,95年8月28日,,
SPRNMLLJLHNFFBQ88CA,11,4.20,共有部份,鋼筋混凝土造,95年8月28日,,
RPRNMLLJLHNFFBQ78CA,11,15.06,住家用,鋼筋混凝土造,95年8月28日,八層,五層
RPRNMLLJLHNFFBQ78CA,11,5.78,共有部份,鋼筋混凝土造,95年8月28日,,
RPRNMLLJLHNFFBQ78CA,11,4.20,共有部份,鋼筋混凝土造,95年8月28日,,
RPQOMLMLKHNFFDQ56CA,24,104.22,住家用,鋼筋混凝土造,83年1月4日,三層,一層 二層 三層
RPSNMLMLKHNFFBQ09CA,39,112.00,住家用,鋼筋混凝土加強磚造,68年5月16日,二層,一層 二層 騎樓
RPPNMLNKKHNFFBQ78CA,21,92.00,住家用,鋼筋混凝土造,85年8月15日,十四層,十三層
RPPNMLNKKHNFFBQ78CA,21,34.09,見其他登記事項,鋼筋混凝土造,85年8月15日,十四層,
RPVNMLNKKHNFFDQ96CA,41,68.16,住家用,磚造,66年6月2日,一層,一層
RPTNMLKKKHNFFCQ98CA,24,138.75,住家用,鋼筋混凝土造,83年6月29日,三層,一層 二層 三層
