﻿編號,屋齡,建物移轉面積平方公尺,主要用途,主要建材,建築完成日期,總層數,建物分層
The serial number,room age,building shifting area square meter,the main use,main building materials,construction completes the date,total layer,building lamination
RPUNMLRKJIMFFAV37CA,47,181.44,住家用,加強磚造,60年1月1日,二層,一層 二層
RPUNMLQKJIMFFAV27CA,6,188.76,見其他登記事項,見其他登記事項,100年10月31日,三層,一層 二層 三層 騎樓
RPTNMLQKJIMFFAV27DA,32,106.03,住家用,加強磚造,74年10月28日,二層,一層 二層
RPPNMLRKJIMFFAV86CA,39,93.60,住家用,鋼筋混凝土造,67年4月20日,二層,一層 二層
RPPNMLTKJIMFFAV07CA,,191.46,住家用,見其他登記事項,106年8月24日,三層,一層 二層 三層
RPSNMLLLJIMFFAV76DA,37,43.80,住家用,見其他登記事項,70年3月11日,一層,一層
RPUNMLNLJIMFFAV07CA,36,104.85,住家用,加強磚造,70年11月10日,二層,一層 二層 騎樓
RPVNMLOJKIMFFAV27DA,23,76.57,見其他登記事項,鋼筋混凝土造,83年5月16日,十三層,九層
RPVNMLOJKIMFFAV27DA,23,9.74,見其他登記事項,鋼筋混凝土造,83年5月16日,十三層,
RPVNMLOJKIMFFAV27DA,23,.99,見其他登記事項,鋼筋混凝土造,83年5月16日,十三層,
RPVNMLOJKIMFFAV27DA,23,.66,見其他登記事項,鋼筋混凝土造,83年5月16日,十三層,
RPVNMLOJKIMFFAV27DA,23,.13,見其他登記事項,鋼筋混凝土造,83年5月16日,十三層,
RPVNMLOJKIMFFAV27DA,23,.46,見其他登記事項,鋼筋混凝土造,83年5月16日,十三層,
RPVNMLOJKIMFFAV27DA,23,.49,見其他登記事項,鋼筋混凝土造,83年5月16日,十三層,
RPVNMLOJKIMFFAV27DA,23,.13,見其他登記事項,鋼筋混凝土造,83年5月16日,十三層,
RPVNMLOJKIMFFAV27DA,23,.33,見其他登記事項,鋼筋混凝土造,83年5月16日,十三層,
RPVNMLOJKIMFFAV27DA,23,.26,見其他登記事項,鋼筋混凝土造,83年5月16日,十三層,
RPVNMLOJKIMFFAV27DA,23,.33,見其他登記事項,鋼筋混凝土造,83年5月16日,十三層,
RPVNMLOJKIMFFAV27DA,23,.26,見其他登記事項,鋼筋混凝土造,83年5月16日,十三層,
RPVNMLOJKIMFFAV27DA,23,.26,見其他登記事項,鋼筋混凝土造,83年5月16日,十三層,
RPVNMLOJKIMFFAV27DA,23,.33,見其他登記事項,鋼筋混凝土造,83年5月16日,十三層,
RPVNMLOJKIMFFAV27DA,23,.33,見其他登記事項,鋼筋混凝土造,83年5月16日,十三層,
RPVNMLOJKIMFFAV27DA,23,.26,見其他登記事項,鋼筋混凝土造,83年5月16日,十三層,
RPVNMLOJKIMFFAV27DA,23,.26,見其他登記事項,鋼筋混凝土造,83年5月16日,十三層,
RPVNMLOJKIMFFAV27DA,23,.33,見其他登記事項,鋼筋混凝土造,83年5月16日,十三層,
RPVNMLOJKIMFFAV27DA,23,.33,見其他登記事項,鋼筋混凝土造,83年5月16日,十三層,
RPVNMLOJKIMFFAV27DA,23,.26,見其他登記事項,鋼筋混凝土造,83年5月16日,十三層,
RPVNMLOJKIMFFAV27DA,23,.33,見其他登記事項,鋼筋混凝土造,83年5月16日,十三層,
RPVNMLOJKIMFFAV27DA,23,.26,見其他登記事項,鋼筋混凝土造,83年5月16日,十三層,
RPVNMLOJKIMFFAV27DA,23,.26,見其他登記事項,鋼筋混凝土造,83年5月16日,十三層,
RPVNMLOJKIMFFAV27DA,23,.33,見其他登記事項,鋼筋混凝土造,83年5月16日,十三層,
RPVNMLOJKIMFFAV27DA,23,.26,見其他登記事項,鋼筋混凝土造,83年5月16日,十三層,
RPVNMLOJKIMFFAV27DA,23,.33,見其他登記事項,鋼筋混凝土造,83年5月16日,十三層,
RPVNMLOJKIMFFAV27DA,23,.26,見其他登記事項,鋼筋混凝土造,83年5月16日,十三層,
RPVNMLOJKIMFFAV27DA,23,.33,見其他登記事項,鋼筋混凝土造,83年5月16日,十三層,
RPVNMLOJKIMFFAV27DA,23,.24,見其他登記事項,鋼筋混凝土造,83年5月16日,十三層,
RPVNMLOJKIMFFAV27DA,23,.24,見其他登記事項,鋼筋混凝土造,83年5月16日,十三層,
RPVNMLOJKIMFFAV27DA,23,.25,見其他登記事項,鋼筋混凝土造,83年5月16日,十三層,
RPVNMLOJKIMFFAV27DA,23,.30,見其他登記事項,鋼筋混凝土造,83年5月16日,十三層,
RPVNMLOJKIMFFAV27DA,23,.26,見其他登記事項,鋼筋混凝土造,83年5月16日,十三層,
RPPNMLMLJIMFFAV09CA,21,105.49,見其他登記事項,鋼筋混凝土造,85年6月21日,七層,五層
RPPNMLMLJIMFFAV09CA,21,16.82,見其他登記事項,鋼筋混凝土造,85年6月21日,七層,
RPPNMLMLJIMFFAV09CA,21,7.00,見其他登記事項,鋼筋混凝土造,85年6月21日,七層,
RPPNMLMLJIMFFAV09CA,21,10.35,見其他登記事項,鋼筋混凝土造,85年6月21日,七層,
RPPNMLMLJIMFFAV09CA,21,7.37,見其他登記事項,鋼筋混凝土造,85年6月21日,七層,
RPOOMLNLJIMFFAV56CA,24,168.32,住家用,鋼筋混凝土造,82年8月27日,三層,一層 二層 三層
RPSNMLMLJIMFFAV76CA,12,171.60,住家用,鋼筋混凝土造,94年5月18日,三層,一層 二層 三層
RPTNMLNLJIMFFAV07DA,26,122.68,住家用,鋼筋混凝土造,81年4月13日,三層,一層 二層 三層 騎樓
RPRNMLMLJIMFFAV66CA,36,123.52,住家用,加強磚造,70年5月25日,二層,一層 二層
RPPNMLRLJIMFFAV96CA,35,89.75,見其他登記事項,鋼筋混凝土造,72年2月22日,四層,三層
RPPNMLRLJIMFFAV96CA,35,6.64,見其他登記事項,鋼筋混凝土造,72年2月22日,四層,
RPPNMLKMJIMFFBV56DA,25,129.60,住家用,加強磚造,81年11月27日,二層,一層 二層 騎樓
RPWNMLRLJIMFFAV67CA,37,53.97,住家用,見其他登記事項,,一層,一層 騎樓
RPWNMLRLJIMFFAV67CA,37,53.97,住家用,見其他登記事項,,一層,一層 騎樓
RPVNMLTLJIMFFAV77CA,22,76.34,住家用,鋼筋混凝土造,84年12月4日,十六層,十層
RPVNMLTLJIMFFAV77CA,22,21.97,見其他登記事項,鋼筋混凝土造,84年12月4日,十六層,
RPRNMLKMJIMFFAV56CA,19,104.28,住家用,鋼筋混凝土造,87年5月11日,四層,三層
RPRNMLKMJIMFFAV56CA,19,8.33,見其他登記事項,鋼筋混凝土造,87年5月11日,四層,
RPQNMLRLJIMFFAV07CA,39,93.60,住家用,加強磚造,67年4月20日,二層,一層 二層
RPTNMLRLJIMFFAV37CA,22,167.23,住家用,鋼筋混凝土造,85年2月16日,三層,一層 二層 三層
RPRNMLOLJIMFFAV86CA,1,310.03,見其他登記事項,見其他登記事項,106年2月10日,三層,一層 二層 三層 屋頂突出物
RPRNMLPJKIMFFAV96DA,27,155.35,住家用,加強磚造,79年4月27日,二層,一層 二層
RPPNMLOLKIMFFAV76CA,22,73.96,見其他登記事項,鋼筋混凝土造,84年6月1日,五層,二層
RPPNMLOLKIMFFAV76CA,22,8.53,見其他登記事項,鋼筋混凝土造,84年6月1日,五層,
RPPNMLOLKIMFFAV76CA,22,10.63,見其他登記事項,鋼筋混凝土造,84年6月1日,五層,
RPUNMLTLJIMFFAV67CA,36,99.46,住家用,加強磚造,70年5月11日,二層,一層 二層 騎樓
RPRNMLPLKIMFFAV07CA,,324.80,見其他登記事項,鋼筋混凝土造,106年8月8日,四層,一層 二層 三層 四層 騎樓 見其他登記事項
RPUNMLMLKIMFFAV07CA,38,118.35,住家用,加強磚造,69年2月4日,二層,一層 二層 騎樓
RPWNMLKMJIMFFAV07CA,23,100.22,見其他登記事項,鋼筋混凝土造,84年2月17日,八層,三層
RPWNMLKMJIMFFAV07CA,23,17.65,見其他登記事項,鋼筋混凝土造,84年2月17日,八層,
RPWNMLKMJIMFFAV07CA,23,12.74,見其他登記事項,鋼筋混凝土造,84年2月17日,八層,
RPSNMLPLKIMFFAV17CA,,329.82,見其他登記事項,鋼筋混凝土造,106年8月8日,四層,一層 二層 三層 四層 騎樓 見其他登記事項
RPRNMLLJKIMFFAV09CA,21,10.35,見其他登記事項,鋼筋混凝土造,85年6月21日,七層,
RPRNMLLJKIMFFAV09CA,21,105.49,見其他登記事項,鋼筋混凝土造,85年6月21日,七層,四層
RPRNMLLJKIMFFAV09CA,21,7.00,見其他登記事項,鋼筋混凝土造,85年6月21日,七層,
RPRNMLLJKIMFFAV09CA,21,16.82,見其他登記事項,鋼筋混凝土造,85年6月21日,七層,
RPRNMLLJKIMFFAV09CA,21,7.37,見其他登記事項,鋼筋混凝土造,85年6月21日,七層,
RPTNMLKMJIMFFAV76CA,22,73.96,見其他登記事項,鋼筋混凝土造,84年6月1日,五層,五層
RPTNMLKMJIMFFAV76CA,22,8.51,見其他登記事項,鋼筋混凝土造,84年6月1日,五層,
RPTNMLKMJIMFFAV76CA,22,10.63,見其他登記事項,鋼筋混凝土造,84年6月1日,五層,
RPVNMLPJKIMFFAV27CA,12,111.88,見其他登記事項,鋼筋混凝土造,95年3月10日,十層,八層
RPVNMLPJKIMFFAV27CA,12,85.23,見其他登記事項,鋼筋混凝土造,95年3月10日,十層,
RPRNMLOJKIMFFAV76CA,34,84.25,住家用,鋼筋混凝土造,73年1月30日,四層,三層
RPPNMLKMJIMFFAV98CA,,76.19,住家用,見其他登記事項,,二層,二層
RPQNMLSJKIMFFCV27CA,32,110.04,住家用,加強磚造,74年11月11日,二層,一層 二層
RPPNMLMJKIMFFBV09CA,30,115.13,住家用,加強磚造,76年6月30日,二層,一層 二層 騎樓
RPUNMLQLKIMFFAV57DA,34,94.92,見其他登記事項,鋼筋混凝土造,72年10月19日,四層,二層
RPUNMLQLKIMFFAV57DA,,4.63,見其他登記事項,鋼筋混凝土造,,四層,
RPPNMLOJKIMFFAV56CA,37,94.50,住家用,加強磚造,70年2月13日,二層,一層 二層
RPSNMLLJKIMFFAV56CA,21,36.23,見其他登記事項,鋼筋混凝土造,85年6月28日,九層,三層
RPSNMLLJKIMFFAV56CA,21,7.20,見其他登記事項,鋼筋混凝土造,85年6月28日,九層,
RPSNMLLJKIMFFAV56CA,21,4.10,見其他登記事項,鋼筋混凝土造,85年6月28日,九層,
RPQNMLOJKIMFFAV66CA,46,76.39,住家用,鋼筋混凝土加強磚造,60年12月22日,二層,一層 二層 騎樓
RPQNMLRJKIMFFAV96CA,39,104.16,住家用,鋼筋混凝土造,67年6月30日,二層,一層 二層
RPPNMLLKKIMFFDV66CA,22,30.87,見其他登記事項,鋼筋混凝土造,84年7月14日,八層,一層
RPPNMLLKKIMFFDV66CA,22,7.85,見其他登記事項,鋼筋混凝土造,84年7月14日,八層,
RPUNMLOJKIMFFAV07CA,20,178.52,住家用,鋼筋混凝土造,86年6月30日,四層,一層 二層 三層 四層
RPUNMLPJKIMFFAV17CA,42,599.30,見其他登記事項,見其他登記事項,65年4月14日,四層,一層 二層 三層 四層 騎樓 地下層
RPTNMLPJKIMFFAV07CA,16,184.59,住家用,鋼筋混凝土造,91年1月31日,三層,一層 二層 三層
RPPNMLNKKIMFFAV56CA,21,73.40,見其他登記事項,鋼筋混凝土造,85年3月26日,八層,七層
RPPNMLNKKIMFFAV56CA,21,8.44,見其他登記事項,鋼筋混凝土造,85年3月26日,八層,
RPPNMLNKKIMFFAV56CA,21,12.89,見其他登記事項,鋼筋混凝土造,85年3月26日,八層,
RPPNMLOJKIMFFBV66CA,24,146.74,住家用,鋼筋混凝土造,83年2月23日,三層,一層 二層 三層
RPRNMLNKKIMFFAV76CA,38,109.22,住家用,見其他登記事項,69年2月25日,二層,一層 二層
RPPNMLLKKIMFFAV98CA,37,100.79,住家用,加強磚造,69年10月8日,二層,一層 二層
RPOOMLQJKIMFFAV76CA,22,73.96,見其他登記事項,鋼筋混凝土造,84年6月1日,五層,三層
RPOOMLQJKIMFFAV76CA,22,10.63,見其他登記事項,鋼筋混凝土造,84年6月1日,五層,
RPOOMLQJKIMFFAV76CA,22,8.53,見其他登記事項,鋼筋混凝土造,84年6月1日,五層,
RPTNMLQJKIMFFAV17CA,24,146.15,見其他登記事項,鋼筋混凝土造,82年10月19日,七層,一層 二層 騎樓
RPTNMLQJKIMFFAV17CA,24,43.95,見其他登記事項,鋼筋混凝土造,82年10月19日,七層,
RPTNMLQJKIMFFAV17CA,24,17.60,見其他登記事項,鋼筋混凝土造,82年10月19日,七層,
RPXNMLPJKIMFFAV47CA,24,170.18,住家用,加強磚造,83年4月26日,三層,一層 二層
RPPNMLRJKIMFFAV86CA,2,210.72,住家用,見其他登記事項,104年7月2日,三層,一層 二層 三層
RPRNMLRJKIMFFAV07CA,21,161.19,住家用,加強磚造,85年6月18日,二層,一層 二層
RPPNMLSJKIMFFAV96CA,23,83.80,見其他登記事項,鋼筋混凝土造,83年6月1日,三層,三層
RPPNMLSJKIMFFAV96CA,23,9.54,見其他登記事項,鋼筋混凝土造,83年6月1日,三層,
RPVNMLLKKIMFFAV96CA,,191.94,住家用,見其他登記事項,105年9月22日,三層,一層 二層 三層
RPPNMLSLKIMFFAV17CA,21,16.82,見其他登記事項,鋼筋混凝土造,85年6月21日,七層,
RPPNMLSLKIMFFAV17CA,21,69.63,見其他登記事項,鋼筋混凝土造,85年6月21日,七層,五層
RPPNMLSLKIMFFAV17CA,21,4.72,見其他登記事項,鋼筋混凝土造,85年6月21日,七層,
RPPNMLSLKIMFFAV17CA,21,8.18,見其他登記事項,鋼筋混凝土造,85年6月21日,七層,
RPPNMLSLKIMFFAV17CA,21,4.74,見其他登記事項,鋼筋混凝土造,85年6月21日,七層,
RPPNMLTLKIMFFBV37CA,27,360.75,見其他登記事項,見其他登記事項,80年2月11日,三層,一層 二層 三層 屋頂突出物 騎樓
RPPNMLNJJHNFFAV98CA,24,114.42,見其他登記事項,鋼筋混凝土造,82年12月3日,四層,四層
RPPNMLNJJHNFFAV98CA,24,.28,見其他登記事項,鋼筋混凝土造,82年12月3日,四層,
RPPNMLNJJHNFFAV98CA,24,.29,見其他登記事項,鋼筋混凝土造,82年12月3日,四層,
RPPNMLNJJHNFFAV98CA,24,.28,見其他登記事項,鋼筋混凝土造,82年12月3日,四層,
RPPNMLNJJHNFFAV98CA,24,.28,見其他登記事項,鋼筋混凝土造,82年12月3日,四層,
RPPNMLNJJHNFFAV98CA,24,.28,見其他登記事項,鋼筋混凝土造,82年12月3日,四層,
RPPNMLNJJHNFFAV98CA,24,.28,見其他登記事項,鋼筋混凝土造,82年12月3日,四層,
RPPNMLNJJHNFFAV98CA,24,.29,見其他登記事項,鋼筋混凝土造,82年12月3日,四層,
RPPNMLNJJHNFFAV98CA,24,.28,見其他登記事項,鋼筋混凝土造,82年12月3日,四層,
RPPNMLNJJHNFFAV98CA,24,.29,見其他登記事項,鋼筋混凝土造,82年12月3日,四層,
RPPNMLNJJHNFFAV98CA,24,3.97,見其他登記事項,鋼筋混凝土造,82年12月3日,四層,
RPPNMLNJJHNFFAV98CA,24,.28,見其他登記事項,鋼筋混凝土造,82年12月3日,四層,
RPPNMLNJJHNFFAV98CA,24,.28,見其他登記事項,鋼筋混凝土造,82年12月3日,四層,
RPPNMLNJJHNFFAV98CA,24,.28,見其他登記事項,鋼筋混凝土造,82年12月3日,四層,
RPPNMLNJJHNFFAV98CA,24,.28,見其他登記事項,鋼筋混凝土造,82年12月3日,四層,
RPPNMLNJJHNFFAV98CA,24,.28,見其他登記事項,鋼筋混凝土造,82年12月3日,四層,
RPPNMLNJJHNFFAV98CA,24,.29,見其他登記事項,鋼筋混凝土造,82年12月3日,四層,
RPPNMLNJJHNFFAV98CA,24,.28,見其他登記事項,鋼筋混凝土造,82年12月3日,四層,
RPPNMLNJJHNFFAV98CA,24,.29,見其他登記事項,鋼筋混凝土造,82年12月3日,四層,
RPPNMLNJJHNFFAV98CA,24,.29,見其他登記事項,鋼筋混凝土造,82年12月3日,四層,
RPPNMLNJJHNFFAV98CA,24,.77,見其他登記事項,鋼筋混凝土造,82年12月3日,四層,
RPPNMLNJJHNFFAV98CA,24,.28,見其他登記事項,鋼筋混凝土造,82年12月3日,四層,
RPPNMLNJJHNFFAV98CA,24,.29,見其他登記事項,鋼筋混凝土造,82年12月3日,四層,
RPPNMLNJJHNFFAV98CA,24,.28,見其他登記事項,鋼筋混凝土造,82年12月3日,四層,
RPPNMLNJJHNFFAV98CA,24,.29,見其他登記事項,鋼筋混凝土造,82年12月3日,四層,
RPPNMLNJJHNFFAV98CA,24,.28,見其他登記事項,鋼筋混凝土造,82年12月3日,四層,
RPPNMLNJJHNFFAV98CA,24,.28,見其他登記事項,鋼筋混凝土造,82年12月3日,四層,
RPPNMLNJJHNFFAV98CA,24,.28,見其他登記事項,鋼筋混凝土造,82年12月3日,四層,
RPPNMLNJJHNFFAV98CA,24,.28,見其他登記事項,鋼筋混凝土造,82年12月3日,四層,
RPPNMLNJJHNFFAV98CA,24,.28,見其他登記事項,鋼筋混凝土造,82年12月3日,四層,
RPPNMLNJJHNFFAV98CA,24,.28,見其他登記事項,鋼筋混凝土造,82年12月3日,四層,
RPPNMLNJJHNFFAV98CA,24,.28,見其他登記事項,鋼筋混凝土造,82年12月3日,四層,
RPPNMLNJJHNFFAV98CA,24,.77,見其他登記事項,鋼筋混凝土造,82年12月3日,四層,
RPPNMLNJJHNFFAV98CA,24,.28,見其他登記事項,鋼筋混凝土造,82年12月3日,四層,
RPPNMLNJJHNFFAV98CA,24,2.50,見其他登記事項,鋼筋混凝土造,82年12月3日,四層,
RPTNMLNKKIMFFAV96CA,37,131.46,住家用,加強磚造,69年7月5日,二層,一層 二層 騎樓
RPXNMLLKKIMFFAV17CA,2,240.06,住家用,見其他登記事項,104年7月13日,三層,一層 二層 三層
RPOOMLOKKIMFFAV66CA,21,83.62,見其他登記事項,鋼筋混凝土造,85年6月28日,九層,九層
RPOOMLOKKIMFFAV66CA,21,8.92,見其他登記事項,鋼筋混凝土造,85年6月28日,九層,
RPOOMLOKKIMFFAV66CA,21,9.57,見其他登記事項,鋼筋混凝土造,85年6月28日,九層,
RPUNMLOKKIMFFAV17CA,38,101.26,住家用,加強磚造,68年4月26日,二層,一層 二層 騎樓
RPPNMLTKKIMFFDV47CA,22,30.87,見其他登記事項,鋼筋混凝土造,84年7月14日,八層,一層
RPPNMLTKKIMFFDV47CA,22,7.85,見其他登記事項,鋼筋混凝土造,84年7月14日,八層,
RPSNMLNKKIMFFAV86CA,24,18.22,見其他登記事項,鋼筋混凝土造,83年3月2日,五層,四層
RPSNMLNKKIMFFAV86CA,24,8.02,見其他登記事項,鋼筋混凝土造,83年3月2日,五層,
RPWNMLOKKIMFFAV37CA,38,113.83,住家用,加強磚造,68年3月1日,二層,一層 二層 騎樓
RPSNMLTKKIMFFAV47CA,20,52.71,見其他登記事項,鋼筋混凝土造,86年9月26日,五層,五層
RPSNMLTKKIMFFAV47CA,20,8.43,見其他登記事項,,86年9月26日,五層,
RPSNMLTKKIMFFAV47CA,20,11.53,見其他登記事項,鋼筋混凝土造,86年9月26日,五層,
RPRNMLOKKIMFFAV86CA,39,98.88,住家用,加強磚造,68年2月9日,二層,一層 二層
RPPNMLPLKIMFFBV96CA,32,148.37,住家用,加強磚造,75年1月30日,二層,一層 二層 騎樓
RPXNMLNKKIMFFAV37CA,23,7.20,商業用,鋼筋混凝土造,83年11月24日,九層,一層
RPXNMLNKKIMFFAV37CA,23,4.17,見其他登記事項,鋼筋混凝土造,83年11月24日,九層,
RPXNMLNKKIMFFAV37CA,23,.91,見其他登記事項,鋼筋混凝土造,83年11月24日,九層,
RPXNMLNKKIMFFAV37CA,23,1.50,見其他登記事項,鋼筋混凝土造,83年11月24日,九層,
RPXNMLNKKIMFFAV37CA,23,1.99,見其他登記事項,鋼筋混凝土造,83年11月24日,九層,
RPQNMLNKKIMFFAV66CA,21,88.35,住家用,鋼筋混凝土造,85年6月28日,七層,五層
RPQNMLNKKIMFFAV66CA,21,16.01,見其他登記事項,鋼筋混凝土造,85年6月28日,七層,
RPQNMLNKKIMFFAV66CA,21,6.92,見其他登記事項,鋼筋混凝土造,85年6月28日,七層,
RPQNMLNKKIMFFAV66CA,21,3.98,見其他登記事項,鋼筋混凝土造,85年6月28日,七層,
RPQNMLNKKIMFFAV66CA,21,3.75,見其他登記事項,鋼筋混凝土造,85年6月28日,七層,
RPXNMLOKKIMFFAV47CA,24,78.36,見其他登記事項,鋼筋混凝土造,83年4月19日,十四層,十四層
RPXNMLOKKIMFFAV47CA,24,24.52,見其他登記事項,鋼筋混凝土造,83年4月19日,十四層,
RPUNMLLLKIMFFAV96CA,12,74.52,見其他登記事項,鋼筋混凝土造,95年3月10日,十層,
RPUNMLLLKIMFFAV96CA,12,118.69,見其他登記事項,鋼筋混凝土造,95年3月10日,十層,五層
RPQNMLTKKIMFFDV57CA,37,139.38,住家用,加強磚造,69年12月26日,二層,一層 二層 騎樓
RPUNMLKLKIMFFAV96DA,23,50.50,見其他登記事項,鋼筋混凝土造,84年2月17日,八層,一層
RPUNMLKLKIMFFAV96DA,23,17.65,見其他登記事項,鋼筋混凝土造,84年2月17日,八層,
RPUNMLKLKIMFFAV96DA,23,12.74,見其他登記事項,鋼筋混凝土造,84年2月17日,八層,
RPQNMLTKKIMFFAV27CA,21,107.32,見其他登記事項,鋼筋混凝土造,85年6月21日,七層,七層
RPQNMLTKKIMFFAV27CA,21,16.82,見其他登記事項,鋼筋混凝土造,85年6月21日,七層,
RPQNMLTKKIMFFAV27CA,21,10.35,見其他登記事項,鋼筋混凝土造,85年6月21日,七層,
RPQNMLTKKIMFFAV27CA,21,7.37,見其他登記事項,鋼筋混凝土造,85年6月21日,七層,
RPQNMLTKKIMFFAV27CA,21,7.00,見其他登記事項,鋼筋混凝土造,85年6月21日,七層,
RPPNMLMJJHNFFAV88CA,,107.92,住家用,加強磚造,,二層,一層 二層
RPSNMLMJJHNFFAV56CA,22,73.40,見其他登記事項,鋼筋混凝土造,85年3月26日,八層,三層
RPSNMLMJJHNFFAV56CA,22,8.44,見其他登記事項,鋼筋混凝土造,85年3月26日,八層,
RPSNMLMJJHNFFAV56CA,22,12.89,見其他登記事項,鋼筋混凝土造,85年3月26日,八層,
RPPOMLSKKIMFFAV17CA,8,87.66,住家用,見其他登記事項,98年7月31日,一層,一層
RPOOMLLKJHNFFAV88CA,24,178.06,住家用,鋼筋混凝土造,82年3月22日,三層,一層 二層 三層 騎樓
RPVOMLQLKIMFFAV67CA,13,203.37,住家用,鋼筋混凝土造,93年12月17日,三層,一層 二層 三層
RPSNMLSKKIMFFAV37CA,24,80.49,見其他登記事項,鋼筋混凝土造,82年8月14日,七層,二層
RPSNMLSKKIMFFAV37CA,24,7.83,見其他登記事項,鋼筋混凝土造,82年8月14日,七層,
RPSNMLSKKIMFFAV37CA,24,14.93,見其他登記事項,鋼筋混凝土造,82年8月14日,七層,
RPSNMLSKKIMFFAV37CA,24,1.21,見其他登記事項,鋼筋混凝土造,82年8月14日,七層,
RPPNMLRLKIMFFCV27CA,34,212.28,見其他登記事項,加強磚造,71年12月20日,三層,見其他登記事項
RPVNMLSKKIMFFAV67CA,2,230.05,見其他登記事項,見其他登記事項,105年3月28日,三層,一層 二層 三層 見其他登記事項
RPPNMLMJJHNFFDV66DA,25,149.94,住家用,加強磚造,82年5月3日,二層,一層 二層
RPRNMLKLKIMFFBV66CA,26,138.80,住家用,加強磚造,81年5月4日,二層,一層 二層 騎樓
RPUNMLSLKIMFFBV77CA,29,102.61,見其他登記事項,鋼筋混凝土造,77年12月27日,二層,一層 二層 騎樓
RPVNMLKLKIMFFAV96CA,49,50.50,住家用,見其他登記事項,58年1月15日,一層,一層 騎樓
RPRNMLMLKIMFFAV76CA,17,136.77,見其他登記事項,鋼筋混凝土造,90年4月24日,二層,一層 二層 騎樓
RPUOMLQLKIMFFAV57CA,23,61.21,見其他登記事項,鋼筋混凝土造,84年2月17日,八層,八層
RPUOMLQLKIMFFAV57CA,23,4.11,見其他登記事項,鋼筋混凝土造,84年2月17日,八層,
RPUOMLQLKIMFFAV57CA,23,11.38,見其他登記事項,鋼筋混凝土造,84年2月17日,八層,
RPUOMLQLKIMFFAV57CA,23,8.38,見其他登記事項,鋼筋混凝土造,84年2月17日,八層,
RPRNMLRLKIMFFCV47CA,,400.36,見其他登記事項,鋼筋混凝土造,106年8月31日,五層,一層 二層 三層 四層 五層 見其他登記事項
RPQNMLMLKIMFFAV66CA,21,85.45,見其他登記事項,鋼筋混凝土造,85年6月28日,九層,六層
RPQNMLMLKIMFFAV66CA,21,9.21,見其他登記事項,鋼筋混凝土造,85年6月28日,九層,
RPQNMLMLKIMFFAV66CA,21,.05,商業用,鋼筋混凝土造,85年6月28日,九層,
RPQNMLMLKIMFFAV66CA,21,9.85,見其他登記事項,鋼筋混凝土造,85年6月28日,九層,
RPQNMLMLKIMFFAV66CA,21,39.59,見其他登記事項,鋼筋混凝土造,85年6月28日,九層,
RPPNMLKLKIMFFAV98CA,39,71.90,住家用,見其他登記事項,,一層,一層 騎樓
RPXNMLSLKIMFFAV97CA,26,263.88,住家用,鋼筋混凝土造,81年1月30日,四層,一層 二層 三層 四層
RPVNMLLLKIMFFAV07CA,36,119.24,住家用,加強磚造,70年8月26日,二層,一層 二層 騎樓
RPTNMLMLKIMFFAV96CA,1,237.93,見其他登記事項,見其他登記事項,106年3月24日,三層,一層 二層 三層 屋頂突出物
RPXOMLQLKIMFFAV87CA,8,202.24,住家用,見其他登記事項,99年5月13日,三層,一層 二層 三層
RPWNMLKLKIMFFAV07CA,37,87.17,住家用,加強磚造,70年2月9日,二層,一層 二層
RPXNMLKLKIMFFAV17CA,31,139.54,住家用,加強磚造,75年12月26日,二層,一層 二層
RPQOMLQLKIMFFAV27DA,12,108.36,見其他登記事項,鋼筋混凝土造,95年3月10日,十層,五層
RPQOMLQLKIMFFAV27DA,12,78.78,見其他登記事項,鋼筋混凝土造,95年3月10日,十層,
RPPNMLMLKIMFFCV76CA,39,80.52,住家用,見其他登記事項,67年9月12日,二層,一層 二層
RPTNMLNJJHNFFAV76CA,38,136.62,住家用,加強磚造,69年3月19日,二層,一層 二層 騎樓
RPRNMLNJJHNFFAV56CA,19,150.75,見其他登記事項,鋼筋混凝土造,88年1月13日,三層,一層 二層 三層
RPTNMLPLKIMFFAV27CA,43,95.22,住家用,見其他登記事項,64年1月27日,二層,一層 二層 騎樓
RPOOMLQLKIMFFAV96CA,,224.87,見其他登記事項,鋼筋混凝土造,106年10月20日,三層,一層 二層 三層 見其他登記事項
RPTNMLSLKIMFFBV67CA,24,110.53,農舍,加強磚造,82年7月9日,一層,一層
RPTNMLQLKIMFFDV67CA,24,26.69,見其他登記事項,鋼筋混凝土造,82年11月8日,八層,五層
RPTNMLQLKIMFFDV67CA,24,11.91,見其他登記事項,鋼筋混凝土造,82年11月8日,八層,
RPQNMLRLKIMFFDV57DA,23,6.07,見其他登記事項,鋼筋混凝土造,83年9月30日,八層,
RPQNMLRLKIMFFDV57DA,23,31.54,見其他登記事項,鋼筋混凝土造,83年9月30日,八層,四層
RPSOMLQLKIMFFAV37CA,1,250.91,住家用,見其他登記事項,106年3月30日,三層,一層 二層 三層
RPPNMLRLKIMFFDV37CA,23,33.46,見其他登記事項,鋼筋混凝土造,83年9月30日,八層,七層
RPPNMLRLKIMFFDV37CA,23,7.59,見其他登記事項,鋼筋混凝土造,83年9月30日,八層,
RPWNMLQLKIMFFAV67CA,57,132.42,住商用,見其他登記事項,50年1月1日,一層,一層
RPWNMLQLKIMFFAV67CA,57,132.42,住商用,見其他登記事項,50年1月1日,一層,一層
RPUNMLQLKIMFFDV77CA,24,38.25,見其他登記事項,鋼筋混凝土造,82年11月8日,八層,八層
RPUNMLQLKIMFFDV77CA,24,14.01,見其他登記事項,鋼筋混凝土造,82年11月8日,八層,
RPVNMLQLKIMFFAV57CA,39,99.96,住家用,加強磚造,68年5月22日,二層,一層 二層 騎樓
RPXNMLQLKIMFFAV77CA,,224.90,見其他登記事項,鋼筋混凝土造,106年10月20日,三層,一層 二層 三層 見其他登記事項
RPRNMLSLKIMFFAV37CA,19,89.27,見其他登記事項,鋼筋混凝土造,87年10月14日,七層,一層 二層 騎樓
RPRNMLSLKIMFFAV37CA,19,20.17,見其他登記事項,鋼筋混凝土造,87年10月14日,七層,
RPRNMLSLKIMFFAV37CA,19,13.33,見其他登記事項,鋼筋混凝土造,87年10月14日,七層,
RPPNMLTLKIMFFAV27CA,1,213.05,住家用,見其他登記事項,105年9月22日,三層,一層 二層 三層
RPRNMLOJJHNFFAV66CA,,324.80,見其他登記事項,鋼筋混凝土造,106年8月8日,四層,一層 二層 三層 四層 騎樓 見其他登記事項
RPQNMLOJJHNFFAV56CA,,302.20,見其他登記事項,鋼筋混凝土造,106年8月8日,四層,一層 二層 三層 四層 騎樓 見其他登記事項
RPUNMLTKJHNFFAV57CA,21,33.12,見其他登記事項,鋼筋混凝土造,85年6月28日,九層,九層
RPUNMLTKJHNFFAV57CA,21,6.91,見其他登記事項,鋼筋混凝土造,85年6月28日,九層,
RPUNMLTKJHNFFAV57CA,21,4.10,見其他登記事項,鋼筋混凝土造,85年6月28日,九層,
RPSNMLQKJHNFFAV07CA,25,162.95,住家用,鋼筋混凝土造,81年8月11日,三層,一層 二層 三層
RPUNMLRLKIMFFAV57CA,31,115.92,住家用,加強磚造,75年8月4日,二層,一層 二層
RPTNMLSLKIMFFAV57CA,,235.11,見其他登記事項,見其他登記事項,106年11月13日,三層,一層 二層 三層
RPTNMLLKJHNFFAV66CA,,324.80,見其他登記事項,鋼筋混凝土造,106年8月8日,四層,一層 二層 三層 四層 騎樓 見其他登記事項
RPPPMLQLKIMFFAV17CA,17,126.97,見其他登記事項,鋼筋混凝土造,90年6月6日,三層,一層 二層 三層 騎樓
RPTNMLTLKIMFFAV77DA,37,96.45,住家用,加強磚造,69年6月16日,二層,一層 二層
RPWNMLTKJHNFFAV87DA,35,35.38,住家用,見其他登記事項,72年3月1日,一層,一層
RPPNMLOLJHNFFBV76CA,29,134.89,住家用,加強磚造,78年4月29日,二層,一層 二層
RPRNMLMJJHNFFAV09CA,35,108.39,住家用,加強磚造,71年8月3日,二層,一層 二層 見其他登記事項
RPQNMLMJJHNFFAV98CA,35,108.39,住家用,加強磚造,71年8月3日,二層,一層 二層 見其他登記事項
RPQOMLNJJHNFFAV56CA,,204.95,見其他登記事項,見其他登記事項,106年9月27日,三層,一層 二層 三層 屋頂突出物
RPSNMLOJJHNFFAV76CA,45,28.21,住家用,見其他登記事項,61年7月10日,一層,一層
RPSNMLOJJHNFFAV76CA,36,25.81,住家用,加強磚造,70年7月30日,一層,一層
RPSOMLNJJHNFFAV76CA,41,62.64,,見其他登記事項,66年1月15日,二層,一層 二層 騎樓
RPROMLNJJHNFFAV66CA,35,109.48,住家用,加強磚造,71年11月13日,二層,一層 二層
RPSNMLPJJHNFFAV86CA,3,229.11,見其他登記事項,見其他登記事項,104年3月16日,三層,一層 二層 三層
RPPNMLOJJHNFFDV76CA,11,80.93,住家用,見其他登記事項,96年1月22日,一層,一層
RPUNMLPLJHNFFAV37DA,26,120.80,見其他登記事項,鋼筋混凝土造,81年1月15日,二層,一層 二層 騎樓 地下層
RPUNMLTJJHNFFAV47CA,25,29.19,見其他登記事項,鋼筋混凝土造,82年5月22日,十二層,六層
RPTNMLLKJHNFFDV96CA,23,31.54,見其他登記事項,鋼筋混凝土造,83年9月30日,八層,三層
RPTNMLLKJHNFFDV96CA,23,6.07,見其他登記事項,鋼筋混凝土造,83年9月30日,八層,
RPSNMLTJJHNFFAV27CA,37,96.30,住家用,加強磚造,69年4月21日,二層,一層 二層
RPUNMLLKJHNFFAV76CA,22,172.94,住家用,鋼筋混凝土造,85年2月16日,三層,一層 二層 三層
RPXNMLKKJHNFFAV96CA,35,105.63,見其他登記事項,鋼筋混凝土造,72年2月9日,四層,二層
RPXNMLKKJHNFFAV96CA,35,.99,見其他登記事項,鋼筋混凝土造,72年2月9日,四層,
RPXNMLKKJHNFFAV96CA,35,5.86,見其他登記事項,鋼筋混凝土造,72年2月9日,四層,
RPXNMLKKJHNFFAV96CA,35,1.15,見其他登記事項,鋼筋混凝土造,72年2月9日,四層,
RPQNMLOLJHNFFAV86DA,35,26.35,住家用,見其他登記事項,72年3月1日,一層,一層
RPQNMLKKJHNFFAV88CA,44,46.92,住家用,見其他登記事項,62年9月7日,一層,一層
RPWNMLMKJHNFFAV07CA,44,53.50,住家用,見其他登記事項,63年5月1日,一層,一層
RPRNMLTJJHNFFAV17CA,2,249.99,見其他登記事項,見其他登記事項,104年7月3日,三層,一層 二層 三層 見其他登記事項
RPXNMLKMJHNFFAV17CA,24,32.30,見其他登記事項,鋼筋混凝土造,83年3月2日,五層,四層
RPRNMLOLJHNFFAV86CA,14,161.10,見其他登記事項,鋼筋混凝土造,93年3月3日,三層,一層 二層 三層 騎樓
RPQNMLLKJHNFFAV98CA,12,249.25,住家用,見其他登記事項,94年8月29日,三層,一層 二層 三層
RPPNMLMLJHNFFAV09CA,10,207.35,住家用,見其他登記事項,97年2月22日,三層,一層 二層 三層
RPQNMLTLJHNFFCV47CA,,230.70,見其他登記事項,鋼筋混凝土造,106年11月10日,三層,一層 二層 三層
RPPNMLSJKHNFFCV17CA,,190.60,見其他登記事項,鋼筋混凝土造,106年11月10日,二層,一層 二層 見其他登記事項
RPSNMLLJKHNFFCV76CA,,230.70,見其他登記事項,鋼筋混凝土造,106年11月10日,三層,一層 二層 三層
RPPNMLMKJHNFFCV66DA,,70.65,住商用,見其他登記事項,,二層,一層 二層
RPPNMLRJKHNFFAV86CA,51,117.77,住家用,見其他登記事項,55年7月20日,二層,一層 二層 騎樓
RPQNMLQKJHNFFDV17CA,23,31.54,見其他登記事項,鋼筋混凝土造,83年9月30日,八層,八層
RPQNMLQKJHNFFDV17CA,23,6.07,見其他登記事項,鋼筋混凝土造,83年9月30日,八層,
RPQNMLMKJHNFFDV76CA,22,7.85,見其他登記事項,鋼筋混凝土造,84年7月14日,八層,
RPQNMLMKJHNFFDV76CA,22,30.87,見其他登記事項,鋼筋混凝土造,84年7月14日,八層,五層
RPQNMLPKJHNFFAV76CA,29,297.05,住家用,鋼筋混凝土造,78年4月19日,四層,一層 二層 三層 四層 騎樓 地下層
RPXNMLMKJHNFFAV17CA,,80.01,見其他登記事項,木造,,一層,一層 騎樓
RPRNMLPKJHNFFAV86CA,43,82.99,見其他登記事項,見其他登記事項,63年7月1日,二層,一層 二層
RPPNMLQKJHNFFDV07CA,23,35.02,見其他登記事項,鋼筋混凝土造,83年9月30日,八層,八層
RPPNMLQKJHNFFDV07CA,23,6.72,見其他登記事項,鋼筋混凝土造,83年9月30日,八層,
RPTNMLMKJHNFFAV76CA,22,204.77,住商用,鋼筋混凝土造,85年1月13日,四層,一層 二層 三層 四層 騎樓 停車場
RPPNMLMKJHNFFAV98CA,47,49.03,住家用,加強磚造,59年11月15日,一層,一層
RPRNMLMKJHNFFAV56CA,39,131.86,住家用,加強磚造,67年8月31日,二層,一層 二層
RPTNMLPKJHNFFAV07CA,24,43.37,見其他登記事項,鋼筋混凝土造,83年5月5日,五層,
RPTNMLPKJHNFFAV07CA,24,126.40,住家用,鋼筋混凝土造,83年5月5日,五層,一層
RPPNMLRKJHNFFAV86CA,33,289.45,住家用,鋼筋混凝土造,74年4月25日,二層,一層 二層 騎樓
RPPNMLMKJHNFFBV09CA,33,100.69,住家用,加強磚造,74年4月15日,二層,一層 二層
RPRNMLRJKHNFFAV07CA,23,94.98,見其他登記事項,鋼筋混凝土造,84年6月1日,五層,五層
RPRNMLRJKHNFFAV07CA,23,12.74,見其他登記事項,鋼筋混凝土造,84年6月1日,五層,
RPRNMLRJKHNFFAV07CA,23,11.32,見其他登記事項,鋼筋混凝土造,84年6月1日,五層,
RPPNMLPKJHNFFDV96CA,22,30.87,見其他登記事項,鋼筋混凝土造,84年7月14日,八層,三層
RPPNMLPKJHNFFDV96CA,22,7.44,見其他登記事項,鋼筋混凝土造,84年7月14日,八層,
RPPNMLRJKHNFFCV07CA,28,247.56,住商用,鋼筋混凝土造,79年1月24日,三層,一層 二層 三層 騎樓
RPRNMLSKJHNFFAV27DA,24,87.03,見其他登記事項,鋼筋混凝土造,83年4月19日,十四層,七層
RPRNMLSKJHNFFAV27DA,24,28.98,見其他登記事項,鋼筋混凝土造,83年4月19日,十四層,
RPTOMLRJKHNFFAV47DA,24,24.32,見其他登記事項,鋼筋混凝土造,83年1月26日,七層,六層
RPTOMLRJKHNFFAV47DA,24,1.64,共有部分,鋼筋混凝土造,83年1月26日,七層,
RPTOMLRJKHNFFAV47DA,24,1.63,共有部分,鋼筋混凝土造,83年1月26日,七層,
RPTOMLRJKHNFFAV47DA,24,1.63,共有部分,鋼筋混凝土造,83年1月26日,七層,
RPTOMLRJKHNFFAV47DA,24,1.63,共有部分,鋼筋混凝土造,83年1月26日,七層,
RPTOMLRJKHNFFAV47DA,24,1.63,共有部分,鋼筋混凝土造,83年1月26日,七層,
RPTOMLRJKHNFFAV47DA,24,1.63,共有部分,鋼筋混凝土造,83年1月26日,七層,
RPTOMLRJKHNFFAV47DA,24,1.63,共有部分,鋼筋混凝土造,83年1月26日,七層,
RPTOMLRJKHNFFAV47DA,24,12.33,共有部分,鋼筋混凝土造,83年1月26日,七層,
RPTOMLRJKHNFFAV47DA,24,24.28,見其他登記事項,鋼筋混凝土造,83年1月26日,七層,六層
RPPNMLSKJHNFFAV96CA,20,52.71,見其他登記事項,鋼筋混凝土造,86年9月26日,五層,五層
RPPNMLSKJHNFFAV96CA,20,11.53,見其他登記事項,鋼筋混凝土造,86年9月26日,五層,
RPPNMLSKJHNFFAV96CA,20,8.43,見其他登記事項,,86年9月26日,五層,
RPSNMLRKJHNFFAV17CA,37,130.56,住家用,鋼筋混凝土造,69年12月11日,三層,一層 二層 三層 騎樓
RPUNMLSKJHNFFAV47CA,22,213.51,住商用,鋼筋混凝土造,85年1月13日,四層,一層 二層 三層 四層 騎樓 停車場
RPQNMLSKJHNFFAV07CA,,58.30,住家用,見其他登記事項,,一層,一層
RPPOMLRJKHNFFAV96CA,6,279.08,見其他登記事項,見其他登記事項,100年12月26日,三層,一層 二層 三層 見其他登記事項
RPVNMLOLJHNFFAV27CA,23,221.22,住家用,鋼筋混凝土造,84年2月28日,四層,一層 二層 三層 四層
RPVNMLSKJHNFFAV57CA,25,166.86,住家用,鋼筋混凝土造,81年7月22日,三層,一層 二層 三層
RPROMLTKJHNFFAV37CA,35,91.64,見其他登記事項,鋼筋混凝土造,72年2月22日,四層,二層
RPROMLTKJHNFFAV37CA,35,6.83,見其他登記事項,鋼筋混凝土造,72年2月22日,四層,
RPSNMLLJKHNFFAV56CA,40,88.16,住家用,加強磚造,67年3月25日,二層,一層 二層
RPUNMLNKKHNFFAV17DA,22,73.40,見其他登記事項,鋼筋混凝土造,85年3月26日,八層,三層
RPUNMLNKKHNFFAV17DA,22,8.44,見其他登記事項,鋼筋混凝土造,85年3月26日,八層,
RPUNMLNKKHNFFAV17DA,22,12.89,見其他登記事項,鋼筋混凝土造,85年3月26日,八層,
RPTNMLNKKHNFFAV96CA,42,72.21,見其他登記事項,見其他登記事項,65年3月12日,一層,一層
RPOOMLTKJHNFFAV17DA,38,43.51,住家用,加強磚造,68年9月17日,一層,一層
RPTNMLNLJHNFFAV96CA,,229.88,見其他登記事項,見其他登記事項,106年11月13日,三層,一層 二層 三層
RPWNMLOLJHNFFAV37CA,22,203.00,住家用,鋼筋混凝土造,84年11月9日,三層,一層 二層 三層
RPWNMLNLJHNFFAV27CA,52,56.94,住家用,見其他登記事項,55年1月3日,二層,一層 二層
RPWNMLNLJHNFFAV27CA,,90.14,住家用,加強磚造,,二層,一層 二層 騎樓
RPRNMLNLJHNFFAV76CA,46,44.78,住家用,見其他登記事項,60年6月30日,一層,一層 騎樓
RPQNMLMLJHNFFAV56CA,26,212.37,住家用,鋼筋混凝土造,81年5月12日,四層,一層 二層 三層 四層 騎樓
RPQNMLOLJHNFFDV07CA,24,38.25,見其他登記事項,鋼筋混凝土造,82年11月8日,八層,八層
RPQNMLOLJHNFFDV07CA,24,13.50,見其他登記事項,鋼筋混凝土造,82年11月8日,八層,
RPSNMLPLJHNFFAV17DA,35,151.47,住家用,見其他登記事項,71年7月14日,三層,一層 二層 三層 騎樓
RPQNMLPLJHNFFBV96CA,24,48.00,住家用,見其他登記事項,83年2月3日,一層,一層
RPVNMLPLJHNFFAV37CA,39,44.42,住家用,見其他登記事項,68年5月1日,一層,一層
RPPNMLQLJHNFFCV07CA,,120.66,住商用,木造,,一層,一層
RPTNMLOLJHNFFAV07CA,37,122.36,住家用,加強磚造,69年10月6日,二層,一層 二層 騎樓
RPUNMLOLJHNFFAV17CA,3,302.31,住家用,見其他登記事項,103年11月17日,四層,一層 二層 三層 四層
RPPNMLOLJHNFFAV66CA,2,249.99,見其他登記事項,見其他登記事項,104年7月3日,三層,一層 二層 三層 見其他登記事項
RPRNMLMJKHNFFAV56CA,11,197.89,住家用,見其他登記事項,96年2月14日,三層,一層 二層 三層
RPQOMLNKKHNFFAV76CA,34,93.83,見其他登記事項,鋼筋混凝土造,72年10月19日,四層,二層
RPQOMLNKKHNFFAV76CA,,4.78,見其他登記事項,見其他登記事項,,四層,
RPRNMLOKKHNFFAV86CA,22,162.43,住家用,鋼筋混凝土造,84年12月30日,三層,一層 二層 三層
RPROMLRJKHNFFAV17CA,23,73.96,見其他登記事項,鋼筋混凝土造,84年6月1日,五層,三層
RPROMLRJKHNFFAV17CA,23,8.53,見其他登記事項,鋼筋混凝土造,84年6月1日,五層,
RPROMLRJKHNFFAV17CA,23,10.63,見其他登記事項,鋼筋混凝土造,84年6月1日,五層,
RPPNMLQLJHNFFAV86CA,20,68.50,農舍,見其他登記事項,86年9月9日,一層,一層
RPOOMLNKKHNFFAV56CA,33,60.61,住家用,加強磚造,74年1月15日,二層,一層 二層 騎樓
RPPNMLQJKHNFFBV86CA,29,105.52,住家用,加強磚造,78年2月28日,二層,一層 二層
RPSNMLRJKHNFFAV17CA,41,225.63,住家用,加強磚造,66年3月22日,二層,一層 二層
RPPOMLKMJHNFFAV09CA,23,177.17,見其他登記事項,鋼筋混凝土造,83年7月30日,七層,一層 二層 騎樓
RPPOMLKMJHNFFAV09CA,23,.05,見其他登記事項,鋼筋混凝土造,83年7月30日,七層,
RPPOMLKMJHNFFAV09CA,23,.03,見其他登記事項,鋼筋混凝土造,83年7月30日,七層,
RPUNMLTJKHNFFAV57CA,,169.32,住家用,鋼筋混凝土造,,二層,一層 二層 騎樓
RPXNMLTLJHNFFAV97CA,,122.02,住家用,見其他登記事項,,二層,一層 二層
RPXNMLTLJHNFFAV97CA,42,105.81,住商用,見其他登記事項,64年11月22日,二層,一層 二層
RPOOMLRJKHNFFAV86CA,5,254.67,住家用,見其他登記事項,102年2月8日,三層,一層 二層 三層 屋頂突出物
RPTNMLLMJHNFFAV86CA,40,80.06,住家用,見其他登記事項,66年11月18日,三層,一層 二層 三層 騎樓
RPVNMLTLJHNFFAV77CA,13,525.13,農舍,鋼筋混凝土造,93年8月4日,二層,一層 二層
RPVNMLKMJHNFFAV96CA,25,96.87,住家用,鋼筋混凝土造,81年12月1日,三層,一層 二層 三層
RPVNMLKMJHNFFAV96CA,25,96.87,住家用,鋼筋混凝土造,81年12月1日,三層,一層 二層 三層
RPWNMLKMJHNFFAV07CA,20,227.88,住家用,鋼筋混凝土造,86年7月7日,三層,一層 二層 三層
RPUNMLTLJHNFFAV67CA,17,470.20,農舍,鋼筋混凝土造,90年4月25日,二層,一層 二層
RPOOMLKMJHNFFAV98CA,24,83.80,見其他登記事項,鋼筋混凝土造,83年6月1日,三層,三層
RPOOMLKMJHNFFAV98CA,24,9.54,見其他登記事項,鋼筋混凝土造,83年6月1日,三層,
RPUNMLLMJHNFFAV96CA,43,123.09,住家用,見其他登記事項,64年1月22日,三層,一層 二層 三層
RPVNMLLJKHNFFAV86CA,43,51.86,住家用,見其他登記事項,63年7月10日,一層,一層 騎樓
RPWNMLLJKHNFFAV96CA,32,50.05,住家用,加強磚造,75年1月30日,二層,一層 二層
RPWNMLLJKHNFFAV96CA,32,50.05,住家用,加強磚造,75年1月30日,二層,一層 二層
RPSNMLLMJHNFFAV76CA,7,232.87,住家用,見其他登記事項,99年11月15日,三層,一層 二層 三層
RPPNMLLMJHNFFAV09CA,24,81.86,見其他登記事項,鋼筋混凝土造,83年4月19日,十四層,六層
RPPNMLLMJHNFFAV09CA,24,21.84,見其他登記事項,鋼筋混凝土造,83年4月19日,十四層,
RPUNMLLJKHNFFAV76CA,23,109.58,見其他登記事項,鋼筋混凝土造,83年12月17日,八層,三層
RPUNMLLJKHNFFAV76CA,23,13.87,見其他登記事項,鋼筋混凝土造,83年12月17日,八層,
RPUNMLLJKHNFFAV76CA,23,14.45,見其他登記事項,鋼筋混凝土造,83年12月17日,八層,
RPUNMLLJKHNFFAV76CA,23,29.81,見其他登記事項,鋼筋混凝土造,83年12月17日,八層,
RPROMLNKKHNFFAV86CA,23,216.10,住家用,鋼筋混凝土造,83年10月26日,四層,一層 二層 三層 四層
RPVNMLNKKHNFFAV17CA,25,149.18,住家用,加強磚造,81年10月17日,二層,一層 二層
RPPNMLKMJHNFFDV66CA,24,27.98,商業用,鋼筋混凝土造,82年12月31日,五層,四層
RPPNMLKMJHNFFDV66CA,24,9.02,見其他登記事項,鋼筋混凝土造,82年12月31日,五層,
RPTNMLLJKHNFFAV66CA,46,109.00,住家用,見其他登記事項,61年6月1日,二層,一層 二層 騎樓
RPQNMLPJKHNFFAV76CA,22,47.44,見其他登記事項,鋼筋混凝土造,85年3月26日,八層,五層
RPQNMLPJKHNFFAV76CA,22,11.97,見其他登記事項,鋼筋混凝土造,85年3月26日,八層,
RPQNMLPJKHNFFAV76CA,22,18.28,見其他登記事項,鋼筋混凝土造,85年3月26日,八層,
RPPNMLLJKHNFFAV88CA,33,103.10,住家用,加強磚造,74年6月1日,二層,一層 二層
RPWNMLMJKHNFFAV07CA,14,210.70,住家用,鋼筋混凝土造,93年1月14日,三層,一層 二層 三層
RPQNMLQJKHNFFAV86CA,22,32.66,見其他登記事項,見其他登記事項,84年10月4日,十二層,八層
RPQNMLQJKHNFFAV86CA,22,9.33,見其他登記事項,見其他登記事項,84年10月4日,十二層,
RPQNMLMJKHNFFAV09CA,35,89.22,見其他登記事項,鋼筋混凝土造,72年2月22日,四層,一層
RPPNMLPJKHNFFCV96DA,23,168.22,住家用,鋼筋混凝土造,83年12月28日,三層,一層 二層 三層 屋頂突出物
RPVNMLMJKHNFFAV96CA,22,88.35,住家用,鋼筋混凝土造,85年6月28日,七層,五層
RPVNMLMJKHNFFAV96CA,22,6.92,見其他登記事項,鋼筋混凝土造,85年6月28日,七層,
RPVNMLMJKHNFFAV96CA,22,3.98,見其他登記事項,鋼筋混凝土造,85年6月28日,七層,
RPVNMLMJKHNFFAV96CA,22,3.75,見其他登記事項,鋼筋混凝土造,85年6月28日,七層,
RPVNMLMJKHNFFAV96CA,22,16.01,見其他登記事項,鋼筋混凝土造,85年6月28日,七層,
RPTNMLMKKHNFFAV86CA,,225.33,住家用,見其他登記事項,,三層,一層 二層 三層
RPOOMLTJKHNFFAV07CA,,31.62,住商用,見其他登記事項,,二層,一層 二層
RPROMLTJKHNFFAV37CA,24,170.13,住商用,鋼筋混凝土造,83年5月11日,四層,一層 二層 三層 四層 騎樓
RPVNMLRJKHNFFAV47CA,5,254.67,住家用,見其他登記事項,102年2月8日,三層,一層 二層 三層 屋頂突出物
RPRNMLSJKHNFFAV17CA,26,185.28,住家用,鋼筋混凝土造,81年5月19日,三層,一層 二層 三層
RPWNMLRJKHNFFAV57CA,5,257.01,住家用,見其他登記事項,102年2月8日,四層,一層 二層 三層 四層
RPUNMLRJKHNFFAV37CA,11,254.04,見其他登記事項,見其他登記事項,95年9月25日,三層,一層 二層 三層 騎樓
RPPOMLTJKHNFFAV17CA,24,102.20,見其他登記事項,鋼筋混凝土造,82年12月3日,四層,二層
RPPOMLTJKHNFFAV17CA,24,.25,見其他登記事項,鋼筋混凝土造,82年12月3日,四層,
RPPOMLTJKHNFFAV17CA,24,.67,見其他登記事項,鋼筋混凝土造,82年12月3日,四層,
RPPOMLTJKHNFFAV17CA,24,.24,見其他登記事項,鋼筋混凝土造,82年12月3日,四層,
RPPOMLTJKHNFFAV17CA,24,3.49,見其他登記事項,鋼筋混凝土造,82年12月3日,四層,
RPPOMLTJKHNFFAV17CA,24,.25,見其他登記事項,鋼筋混凝土造,82年12月3日,四層,
RPPOMLTJKHNFFAV17CA,24,.25,見其他登記事項,鋼筋混凝土造,82年12月3日,四層,
RPPOMLTJKHNFFAV17CA,24,.24,見其他登記事項,鋼筋混凝土造,82年12月3日,四層,
RPPOMLTJKHNFFAV17CA,24,.25,見其他登記事項,鋼筋混凝土造,82年12月3日,四層,
RPPOMLTJKHNFFAV17CA,24,.24,見其他登記事項,鋼筋混凝土造,82年12月3日,四層,
RPPOMLTJKHNFFAV17CA,24,.24,見其他登記事項,鋼筋混凝土造,82年12月3日,四層,
RPPOMLTJKHNFFAV17CA,24,.24,見其他登記事項,鋼筋混凝土造,82年12月3日,四層,
RPPOMLTJKHNFFAV17CA,24,.25,見其他登記事項,鋼筋混凝土造,82年12月3日,四層,
RPPOMLTJKHNFFAV17CA,24,.24,見其他登記事項,鋼筋混凝土造,82年12月3日,四層,
RPPOMLTJKHNFFAV17CA,24,.24,見其他登記事項,鋼筋混凝土造,82年12月3日,四層,
RPPOMLTJKHNFFAV17CA,24,.24,見其他登記事項,鋼筋混凝土造,82年12月3日,四層,
RPPOMLTJKHNFFAV17CA,24,.24,見其他登記事項,鋼筋混凝土造,82年12月3日,四層,
RPPOMLTJKHNFFAV17CA,24,.24,見其他登記事項,鋼筋混凝土造,82年12月3日,四層,
RPPOMLTJKHNFFAV17CA,24,.24,見其他登記事項,鋼筋混凝土造,82年12月3日,四層,
RPPOMLTJKHNFFAV17CA,24,.25,見其他登記事項,鋼筋混凝土造,82年12月3日,四層,
RPPOMLTJKHNFFAV17CA,24,.24,見其他登記事項,鋼筋混凝土造,82年12月3日,四層,
RPPOMLTJKHNFFAV17CA,24,.24,見其他登記事項,鋼筋混凝土造,82年12月3日,四層,
RPPOMLTJKHNFFAV17CA,24,.24,見其他登記事項,鋼筋混凝土造,82年12月3日,四層,
RPPOMLTJKHNFFAV17CA,24,.24,見其他登記事項,鋼筋混凝土造,82年12月3日,四層,
RPPOMLTJKHNFFAV17CA,24,.25,見其他登記事項,鋼筋混凝土造,82年12月3日,四層,
RPPOMLTJKHNFFAV17CA,24,.24,見其他登記事項,鋼筋混凝土造,82年12月3日,四層,
RPPOMLTJKHNFFAV17CA,24,.24,見其他登記事項,鋼筋混凝土造,82年12月3日,四層,
RPPOMLTJKHNFFAV17CA,24,.25,見其他登記事項,鋼筋混凝土造,82年12月3日,四層,
RPPOMLTJKHNFFAV17CA,24,.24,見其他登記事項,鋼筋混凝土造,82年12月3日,四層,
RPPOMLTJKHNFFAV17CA,24,.24,見其他登記事項,鋼筋混凝土造,82年12月3日,四層,
RPPOMLTJKHNFFAV17CA,24,2.20,見其他登記事項,鋼筋混凝土造,82年12月3日,四層,
RPPOMLTJKHNFFAV17CA,24,.67,見其他登記事項,鋼筋混凝土造,82年12月3日,四層,
RPPOMLTJKHNFFAV17CA,24,.24,見其他登記事項,鋼筋混凝土造,82年12月3日,四層,
RPPOMLTJKHNFFAV17CA,24,.24,見其他登記事項,鋼筋混凝土造,82年12月3日,四層,
RPPOMLTJKHNFFAV17CA,24,.24,見其他登記事項,鋼筋混凝土造,82年12月3日,四層,
RPTNMLQJKHNFFAV17CA,20,188.41,住家用,鋼筋混凝土造,87年1月15日,三層,一層 二層 三層
RPXOMLRJKHNFFAV77CA,34,135.81,住商用,加強磚造,72年11月29日,二層,一層 二層 騎樓
RPUNMLQJKHNFFAV27CA,,145.91,住家用,見其他登記事項,,一層,一層
RPQNMLLLKHNFFAV56CA,40,34.77,住家用,見其他登記事項,67年2月22日,一層,一層
RPQOMLRJKHNFFAV07CA,22,83.62,住家用,鋼筋混凝土造,85年2月16日,三層,一層 二層 三層
RPQOMLRJKHNFFAV07CA,22,83.62,住家用,鋼筋混凝土造,85年2月16日,三層,一層 二層 三層
RPTNMLMJLHNFFAV86CA,45,112.89,住商用,見其他登記事項,61年9月16日,三層,一層 二層 三層 騎樓
RPVNMLTJKHNFFAV67CA,22,168.62,住家用,鋼筋混凝土造,85年1月13日,四層,一層 二層 三層 四層
RPQNMLMKKHNFFAV56CA,5,95.05,住家用,見其他登記事項,102年1月7日,二層,一層 二層
RPPNMLKKKHNFFAV88CA,17,151.64,見其他登記事項,鋼筋混凝土造,89年7月19日,三層,一層 二層 三層
RPQOMLTJKHNFFAV27CA,40,84.70,住家用,加強磚造,67年2月16日,二層,一層 二層
RPRNMLMKKHNFFAV66CA,4,261.53,見其他登記事項,見其他登記事項,102年10月18日,三層,一層 二層 三層 屋頂突出物 騎樓
RPWNMLOKKHNFFAV37CA,42,47.60,住家用,見其他登記事項,65年3月1日,一層,一層
RPPNMLMLKHNFFAV56CA,23,76.32,見其他登記事項,鋼筋混凝土造,84年3月27日,十層,九層
RPPNMLMLKHNFFAV56CA,23,18.48,見其他登記事項,鋼筋混凝土造,84年3月27日,十層,
RPRNMLLJLHNFFAV56CA,32,117.00,住家用,加強磚造,75年1月4日,二層,一層 二層
RPWNMLTJKHNFFAV77CA,3,253.79,見其他登記事項,見其他登記事項,104年7月3日,三層,一層 二層 三層 見其他登記事項
RPPNMLOKKHNFFAV66CA,38,214.66,住家用,鋼筋混凝土造,69年4月19日,三層,一層 二層 三層 騎樓 地下層
RPTNMLTJKHNFFAV47CA,33,97.44,住家用,加強磚造,74年6月25日,二層,一層 二層
RPQNMLTJKHNFFAV17CA,44,25.93,住家用,見其他登記事項,63年7月10日,一層,一層 騎樓
RPQNMLTJKHNFFAV17CA,44,25.93,住家用,見其他登記事項,63年7月10日,一層,一層 騎樓
RPQNMLOKKHNFFCV96CA,,126.48,住家用,加強磚造,,二層,一層 二層 騎樓
