﻿編號,土地區段位置,土地移轉面積平方公尺,使用分區或編定
The serial number,land sector position,land shifting area square meter,the use zoning or compiles and checks
RPTNMLPKJIMFFAX27CA,北極段,1012.91,都市：農
RPTNMLPKJIMFFAX27CA,北極段,14.57,非都市：一般農業區 ; 非都市編定：農牧用地
RPSNMLTLJIMFFAX77DA,五福段,173.86,非都市：一般農業區 ; 非都市編定：農牧用地
RPSNMLTLJIMFFAX77DA,五福段,.10,非都市：一般農業區 ; 非都市編定：交通用地
RPPNMLQKJIMFFAX17EA,安宅段,13.06,非都市：鄉村區 ; 非都市編定：交通用地
RPSNMLTLJIMFFAX77DA,五福段,64.36,非都市：一般農業區 ; 非都市編定：交通用地
RPRNMLRKJIMFFAX27CA,赤馬一段,331.99,非都市：一般農業區 ; 非都市編定：農牧用地
RPPNMLTKJIMFFAX27CA,五福段,19.33,非都市：鄉村區 ; 非都市編定：乙種建築用地
RPPNMLLJKIMFFAX66EA,沙港北段,33.54,非都市：鄉村區 ; 非都市編定：乙種建築用地
RPPNMLLJKIMFFAX66EA,沙港北段,97.93,非都市：鄉村區 ; 非都市編定：乙種建築用地
RPSNMLOKJIMFFAX07CA,海堤段,1736.38,非都市：一般農業區 ; 非都市編定：農牧用地
RPPNMLRKJIMFFAX07CA,七美一段,97.53,非都市：一般農業區 ; 非都市編定：交通用地
RPPNMLRKJIMFFAX07CA,七美一段,309.00,非都市：一般農業區 ; 非都市編定：農牧用地
RPPNMLOKJIMFFAX76CA,葉新段,1285.90,非都市：一般農業區 ; 非都市編定：農牧用地
RPUNMLTLJIMFFAX87CA,許家段,2084.45,非都市：一般農業區 ; 非都市編定：農牧用地
RPRNMLKLJIMFFAX66CA,東衛段,332.50,非都市：一般農業區 ; 非都市編定：農牧用地
RPRNMLKLJIMFFAX66CA,東衛段,332.50,非都市：一般農業區 ; 非都市編定：農牧用地
RPRNMLKLJIMFFAX66CA,東衛段,24.67,非都市：一般農業區 ; 非都市編定：交通用地
RPRNMLKLJIMFFAX66CA,東衛段,24.67,非都市：一般農業區 ; 非都市編定：交通用地
RPPNMLRKKIMFFAX27DA,許家段,1882.83,非都市：一般農業區 ; 非都市編定：農牧用地
RPPNMLRKKIMFFAX27DA,許家段,586.57,非都市：一般農業區 ; 非都市編定：農牧用地
RPPNMLRKKIMFFAX27DA,許家段,364.37,非都市：一般農業區 ; 非都市編定：交通用地
RPSNMLKLJIMFFAX76CA,中山段,81.32,都市：住
RPPNMLMLJIMFFAX66CA,許家段,291.25,非都市：一般農業區 ; 非都市編定：甲種建築用地
RPPNMLRLJIMFFAX17CA,紅羅段,310.78,非都市：鄉村區 ; 非都市編定：乙種建築用地
RPQNMLPJKIMFFAX07DA,五福段,369.55,非都市：一般農業區 ; 非都市編定：農牧用地
RPPNMLMLJIMFFAX86EA,沙港南段,660.23,非都市：一般農業區 ; 非都市編定：甲種建築用地
RPRNMLNLJIMFFAX96CA,烏崁新段,2827.65,非都市：風景區 ; 非都市編定：農牧用地
RPPNMLQLJIMFFAX17DA,沙港東段,528.72,非都市：一般農業區 ; 非都市編定：農牧用地
RPPNMLQLJIMFFAX17DA,沙港東段,609.95,非都市：一般農業區 ; 非都市編定：農牧用地
RPWNMLMLJIMFFAX37CA,許家段,356.02,非都市：一般農業區 ; 非都市編定：農牧用地
RPSNMLRLJIMFFAX67EA,馬公段,164.00,都市：商
RPSNMLRLJIMFFAX67EA,馬公段,87.00,都市：商
RPPNMLSLJIMFFAX47EA,鐵線段,446.20,非都市：一般農業區 ; 非都市編定：農牧用地
RPPNMLOKKIMFFAX07EA,下瓦硐段,18.13,非都市：鄉村區 ; 非都市編定：乙種建築用地
RPWNMLRLJIMFFAX87CA,東衛段,294.88,非都市：一般農業區 ; 非都市編定：特定目的事業用地
RPPNMLQJKIMFFAX96CA,東衛段,1233.37,非都市：一般農業區 ; 非都市編定：農牧用地
RPPNMLQJKIMFFAX96CA,東衛段,484.96,非都市：一般農業區 ; 非都市編定：農牧用地
RPPNMLQJKIMFFAX96CA,東衛段,634.74,非都市：一般農業區 ; 非都市編定：農牧用地
RPPNMLQJKIMFFAX96CA,東衛段,696.47,非都市：一般農業區 ; 非都市編定：農牧用地
RPPNMLQJKIMFFAX96CA,東衛段,208.84,非都市：一般農業區 ; 非都市編定：農牧用地
RPQNMLTLJIMFFAX57DA,馬公段,32.67,都市：商
RPQNMLSLJIMFFAX37CA,山水東段,288.58,非都市：一般農業區 ; 非都市編定：農牧用地
RPWNMLMKKIMFFAX37CA,文東段,565.83,非都市：一般農業區 ; 非都市編定：農牧用地
RPUNMLKLKIMFFAX07CA,馬公段,6.00,都市：商
RPUNMLKLKIMFFAX07CA,馬公段,5.67,都市：商
RPUNMLKLKIMFFAX07CA,馬公段,8.33,都市：商
RPUNMLKLKIMFFAX07CA,馬公段,14.00,都市：商
RPUNMLKLKIMFFAX07CA,港子段,366.67,非都市：一般農業區 ; 非都市編定：農牧用地
RPXNMLTLJIMFFAX18CA,下瓦硐段,315.01,非都市：一般農業區 ; 非都市編定：農牧用地
RPTNMLTLJIMFFAX87DA,鐵線段,293.27,非都市：一般農業區 ; 非都市編定：農牧用地
RPTNMLTLJIMFFAX87DA,鐵線段,293.27,非都市：一般農業區 ; 非都市編定：農牧用地
RPTNMLSKKIMFFAX67CA,文東段,13.99,非都市：鄉村區 ; 非都市編定：乙種建築用地
RPWNMLTLJIMFFAX08CA,山水東段,298.23,非都市：一般農業區 ; 非都市編定：農牧用地
RPQNMLRJKIMFFAX17CA,安宅段,171.09,非都市：一般農業區 ; 非都市編定：農牧用地
RPPNMLNKKIMFFAX76CA,埕中段,12.54,都市：住
RPPNMLNKKIMFFAX76CA,埕中段,.55,都市：住
RPPNMLNKKIMFFAX76CA,埕中段,.77,都市：住
RPPNMLNKKIMFFAX76CA,埕中段,16.85,都市：住
RPTNMLSJKIMFFAX67DA,埕東段,.36,都市：商
RPTNMLSJKIMFFAX67DA,埕東段,7.10,都市：住
RPTNMLSJKIMFFAX67DA,埕東段,10.18,都市：住
RPPNMLOJKIMFFAX86DA,光榮段,529.80,都市：其他
RPQNMLOJKIMFFAX86CA,鐵線段,146.64,非都市：一般農業區 ; 非都市編定：農牧用地
RPRNMLKMJIMFFAX76CA,四維段,65.86,非都市：鄉村區 ; 非都市編定：乙種建築用地
RPRNMLKMJIMFFAX76CA,四維段,2.95,非都市：鄉村區 ; 非都市編定：乙種建築用地
RPRNMLKMJIMFFAX76CA,四維段,3.40,非都市：鄉村區 ; 非都市編定：乙種建築用地
RPRNMLKMJIMFFAX76CA,四維段,3.97,非都市：鄉村區 ; 非都市編定：乙種建築用地
RPRNMLKMJIMFFAX76CA,四維段,3.34,非都市：鄉村區 ; 非都市編定：乙種建築用地
RPUNMLMKKIMFFAX17CA,後寮南段,619.16,非都市：一般農業區 ; 非都市編定：農牧用地
RPPNMLPJKIMFFAX86CA,文寮段,342.24,非都市：鄉村區 ; 非都市編定：乙種建築用地
RPQNMLSKKIMFFAX37CA,文寮段,46.87,非都市：一般農業區 ; 非都市編定：交通用地
RPQNMLSKKIMFFAX37CA,文寮段,196.58,非都市：一般農業區 ; 非都市編定：甲種建築用地
RPVNMLMKKIMFFAX27CA,成功北段,5.73,非都市：鄉村區 ; 非都市編定：乙種建築用地
RPRNMLQJKIMFFAX27DA,馬公段,60.00,都市：住
RPWNMLLKKIMFFAX27CA,東石新段,.52,非都市：一般農業區 ; 非都市編定：交通用地
RPWNMLLKKIMFFAX27CA,東石新段,5.59,非都市：一般農業區 ; 非都市編定：交通用地
RPSNMLSJKIMFFAX47CA,安宅段,322.05,非都市：一般農業區 ; 非都市編定：農牧用地
RPSNMLSJKIMFFAX47CA,安宅段,322.05,非都市：一般農業區 ; 非都市編定：農牧用地
RPSNMLSJKIMFFAX47CA,安宅段,322.05,非都市：一般農業區 ; 非都市編定：農牧用地
RPSNMLSJKIMFFAX47CA,安宅段,322.05,非都市：一般農業區 ; 非都市編定：農牧用地
RPSNMLSJKIMFFAX47CA,安宅段,322.05,非都市：一般農業區 ; 非都市編定：農牧用地
RPPNMLRJKIMFFAX27EA,池東段,165.16,非都市：一般農業區 ; 非都市編定：甲種建築用地
RPQNMLNKKIMFFAX86CA,安宅段,1629.26,非都市：一般農業區 ; 非都市編定：農牧用地
RPQNMLOKKIMFFAX96CA,國宅段,1319.00,非都市：一般農業區 ; 非都市編定：農牧用地
RPQNMLOKKIMFFAX96CA,國宅段,44.51,都市：住
RPQNMLQJKIMFFAX17DA,外垵一段,314.40,非都市：一般農業區 ; 非都市編定：農牧用地
RPQNMLMKKIMFFAX76CA,鼎灣新段,22.53,非都市：一般農業區 ; 非都市編定：農牧用地
RPPNMLLKKIMFFAX56CA,案山段,24.20,都市：住
RPVNMLLKKIMFFAX17CA,東石新段,3.05,非都市：一般農業區 ; 非都市編定：交通用地
RPQNMLLKKIMFFAX66CA,赤崁中段,54.43,非都市：一般農業區 ; 非都市編定：交通用地
RPQNMLLKKIMFFAX66CA,赤崁中段,246.16,非都市：一般農業區 ; 非都市編定：農牧用地
RPRNMLSJKIMFFAX37CA,中衛段,1107.05,都市：工
RPSNMLMKKIMFFAX96CA,成功北段,5.73,非都市：鄉村區 ; 非都市編定：乙種建築用地
RPUNMLLKKIMFFAX17DA,二崁南段,753.47,非都市：一般農業區 ; 非都市編定：農牧用地
RPUNMLLKKIMFFAX17DA,二崁南段,438.11,非都市：風景區 ; 非都市編定：農牧用地
RPUNMLLKKIMFFAX17DA,二崁南段,400.50,非都市：風景區 ; 非都市編定：交通用地
RPPNMLMKKIMFFAX76DA,山水南段,140.28,非都市：鄉村區 ; 非都市編定：乙種建築用地
RPPNMLMKKIMFFAX76DA,山水南段,140.28,非都市：鄉村區 ; 非都市編定：乙種建築用地
RPTNMLMKKIMFFAX07CA,光榮段,24.87,都市：住
RPSNMLLKKIMFFAX96DA,馬公段,4.00,都市：住
RPSNMLLKKIMFFAX96DA,馬公段,43.00,都市：住
RPSNMLLKKIMFFAX96DA,馬公段,14.00,都市：住
RPRNMLLKKIMFFAX76CA,文東段,77.49,非都市：一般農業區 ; 非都市編定：交通用地
RPRNMLLKKIMFFAX76CA,文東段,159.51,非都市：一般農業區 ; 非都市編定：甲種建築用地
RPTNMLLKKIMFFAX96CA,大倉段,169.50,非都市：鄉村區 ; 非都市編定：乙種建築用地
RPPNMLLLKIMFFAX66CA,鼎灣新段,8.20,非都市：一般農業區 ; 非都市編定：交通用地
RPPNMLPKKIMFFAX96CA,湖西南段,263.80,非都市：鄉村區 ; 非都市編定：乙種建築用地
RPXNMLTJJHNFFAX97CA,東石新段,.52,非都市：一般農業區 ; 非都市編定：交通用地
RPXNMLTJJHNFFAX97CA,東石新段,5.59,非都市：一般農業區 ; 非都市編定：交通用地
RPRNMLMKKIMFFAX96DA,馬公段,20.00,都市：商
RPRNMLMKKIMFFAX96DA,馬公段,25.67,都市：商
RPRNMLMKKIMFFAX96DA,馬公段,1.00,都市：商
RPRNMLOKKIMFFAX07CA,北極段,74.59,都市：商
RPRNMLOKKIMFFAX07CA,北極段,66.80,都市：商
RPRNMLKKJHNFFAX56CA,許家段,315.02,非都市：一般農業區 ; 非都市編定：農牧用地
RPRNMLSKKIMFFAX47CA,合界段,200.09,非都市：鄉村區 ; 非都市編定：乙種建築用地
RPTNMLKLKIMFFAX96CA,文光段,26.76,都市：住
RPTNMLKLKIMFFAX96CA,文光段,3.46,都市：住
RPOOMLMJJHNFFAX56DA,沙港北段,81.44,非都市：一般農業區 ; 非都市編定：農牧用地
RPUNMLMLKIMFFAX27CA,鼎灣新段,1.82,非都市：一般農業區 ; 非都市編定：交通用地
RPUNMLMLKIMFFAX27CA,鼎灣新段,3.53,非都市：一般農業區 ; 非都市編定：農牧用地
RPUNMLMLKIMFFAX27CA,鼎灣新段,.70,非都市：一般農業區 ; 非都市編定：農牧用地
RPUNMLSKKIMFFAX77CA,山水東段,290.58,非都市：一般農業區 ; 非都市編定：農牧用地
RPVNMLMLKIMFFAX37CA,鼎灣新段,1.82,非都市：一般農業區 ; 非都市編定：交通用地
RPVNMLMLKIMFFAX37CA,鼎灣新段,3.53,非都市：一般農業區 ; 非都市編定：農牧用地
RPVNMLMLKIMFFAX37CA,鼎灣新段,.70,非都市：一般農業區 ; 非都市編定：農牧用地
RPQNMLLLKIMFFAX76CA,鼎灣新段,8.20,非都市：一般農業區 ; 非都市編定：交通用地
RPPNMLKKJHNFFAX98CA,五福段,841.98,非都市：一般農業區 ; 非都市編定：農牧用地
RPSNMLSKKIMFFAX57CA,赤崁中段,66.34,非都市：鄉村區 ; 非都市編定：乙種建築用地
RPPNMLSKKIMFFAX27CA,埕西段,179.96,都市：住
RPPNMLSKKIMFFAX27CA,埕西段,32.48,都市：住
RPRNMLLLKIMFFAX86CA,成功北段,17.56,非都市：鄉村區 ; 非都市編定：乙種建築用地
RPTNMLTLKIMFFAX87CA,埕東段,31.15,都市：住
RPSNMLLLKIMFFAX96CA,鼎灣新段,8.20,非都市：一般農業區 ; 非都市編定：交通用地
RPTNMLMLKIMFFAX17CA,鼎灣新段,1.82,非都市：一般農業區 ; 非都市編定：交通用地
RPTNMLMLKIMFFAX17CA,鼎灣新段,3.53,非都市：一般農業區 ; 非都市編定：農牧用地
RPTNMLMLKIMFFAX17CA,鼎灣新段,.70,非都市：一般農業區 ; 非都市編定：農牧用地
RPUNMLLLKIMFFAX17CA,東石新段,135.24,非都市：一般農業區 ; 非都市編定：農牧用地
RPTNMLLLKIMFFAX07CA,成功北段,1.95,非都市：鄉村區 ; 非都市編定：遊憩用地
RPTNMLLLKIMFFAX07CA,成功北段,4.15,非都市：鄉村區 ; 非都市編定：乙種建築用地
RPTNMLLLKIMFFAX07CA,成功北段,2.30,非都市：鄉村區 ; 非都市編定：乙種建築用地
RPPNMLMLKIMFFAX76CA,東石新段,67.23,非都市：一般農業區 ; 非都市編定：交通用地
RPPNMLMLKIMFFAX76CA,東石新段,3.83,非都市：一般農業區 ; 非都市編定：農牧用地
RPVNMLLLKIMFFAX27CA,東石新段,56.57,非都市：一般農業區 ; 非都市編定：交通用地
RPVNMLLLKIMFFAX27CA,東石新段,29.72,非都市：一般農業區 ; 非都市編定：交通用地
RPVNMLLLKIMFFAX27CA,東石新段,85.17,非都市：一般農業區 ; 非都市編定：交通用地
RPRNMLMJJHNFFAX66CA,湖西南段,107.98,非都市：鄉村區 ; 非都市編定：乙種建築用地
RPPNMLQLKIMFFAX27DA,尖山南段,1384.68,非都市：一般農業區 ; 非都市編定：農牧用地
RPPNMLPLKIMFFAX17DA,雙湖段,253.19,非都市：一般農業區 ; 非都市編定：農牧用地
RPPNMLPLKIMFFAX17DA,雙湖段,204.17,非都市：一般農業區 ; 非都市編定：農牧用地
RPRNMLPKJHNFFAX17DA,成功南段,178.17,非都市：一般農業區 ; 非都市編定：甲種建築用地
RPRNMLPKJHNFFAX17DA,成功南段,9.84,非都市：一般農業區 ; 非都市編定：交通用地
RPRNMLPKJHNFFAX17DA,成功南段,56.16,非都市：一般農業區 ; 非都市編定：交通用地
RPPNMLKLKIMFFAX56CA,馬公段,38.00,都市：商
RPPNMLOLKIMFFAX96CA,光榮段,206.77,都市：其他
RPTNMLPKJHNFFAX37DA,成功南段,178.01,非都市：一般農業區 ; 非都市編定：甲種建築用地
RPTNMLPKJHNFFAX37DA,成功南段,9.84,非都市：一般農業區 ; 非都市編定：交通用地
RPTNMLPKJHNFFAX37DA,成功南段,56.16,非都市：一般農業區 ; 非都市編定：交通用地
RPPOMLMLKIMFFAX86CA,赤馬一段,185.90,非都市：一般農業區 ; 非都市編定：農牧用地
RPPOMLMLKIMFFAX86CA,赤馬一段,280.99,非都市：鄉村區 ; 非都市編定：乙種建築用地
RPPOMLMLKIMFFAX86CA,赤馬一段,34.69,非都市：一般農業區 ; 非都市編定：交通用地
RPSNMLKLKIMFFAX86CA,五德西段,1571.18,非都市：一般農業區 ; 非都市編定：農牧用地
RPQNMLKLKIMFFAX66CA,西澳段,109.21,都市：住
RPRNMLPLKIMFFAX27CA,五福段,281.77,非都市：鄉村區 ; 非都市編定：乙種建築用地
RPQNMLPLKIMFFAX27DA,二崁北段,155.66,都市：其他
RPQNMLPLKIMFFAX27DA,二崁北段,23.62,都市：其他
RPWNMLMLKIMFFAX47CA,中衛段,1407.61,都市：農
RPQNMLQLKIMFFAX27CA,北寮新段,19.08,非都市：鄉村區 ; 非都市編定：乙種建築用地
RPWNMLLLKIMFFAX37CA,烏崁新段,2620.49,非都市：一般農業區 ; 非都市編定：農牧用地
RPOOMLTJJHNFFAX17CA,鼎灣新段,3.25,非都市：一般農業區 ; 非都市編定：交通用地
RPOOMLTJJHNFFAX17CA,鼎灣新段,7.99,非都市：一般農業區 ; 非都市編定：殯葬用地
RPOOMLTJJHNFFAX17CA,東石新段,1.59,非都市：一般農業區 ; 非都市編定：交通用地
RPOOMLTJJHNFFAX17CA,東石新段,6.34,非都市：一般農業區 ; 非都市編定：農牧用地
RPOOMLTJJHNFFAX17CA,東石新段,5.89,非都市：一般農業區 ; 非都市編定：農牧用地
RPOOMLTJJHNFFAX17CA,東石新段,1.83,非都市：一般農業區 ; 非都市編定：交通用地
RPPNMLRLKIMFFAX27CA,林投北段,432.94,非都市：一般農業區 ; 非都市編定：甲種建築用地
RPPNMLTLKIMFFAX47CA,文光段,25.35,都市：住
RPPNMLTLKIMFFAX47CA,文光段,3.28,都市：住
RPQNMLMLKIMFFAX86CA,案山段,25.35,都市：其他
RPPOMLMJJHNFFAX66DA,大池段,265.01,非都市：一般農業區 ; 非都市編定：甲種建築用地
RPUNMLRLKIMFFAX77CA,東石新段,5.14,非都市：一般農業區 ; 非都市編定：農牧用地
RPQNMLSLKIMFFAX57DA,隘門新段,247.36,非都市：一般農業區 ; 非都市編定：農牧用地
RPQNMLSLKIMFFAX57DA,隘門新段,169.71,非都市：一般農業區 ; 非都市編定：農牧用地
RPQNMLSLKIMFFAX57DA,隘門新段,161.72,非都市：風景區 ; 非都市編定：農牧用地
RPQNMLSLKIMFFAX57DA,隘門新段,379.03,非都市：風景區 ; 非都市編定：農牧用地
RPQNMLSLKIMFFAX57DA,隘門新段,235.30,非都市：風景區 ; 非都市編定：農牧用地
RPQNMLSLKIMFFAX57DA,隘門新段,176.28,非都市：風景區 ; 非都市編定：農牧用地
RPQNMLSLKIMFFAX57DA,隘門新段,152.13,非都市：風景區 ; 非都市編定：農牧用地
RPQNMLSLKIMFFAX57DA,隘門新段,102.76,非都市：風景區 ; 非都市編定：農牧用地
RPQNMLSLKIMFFAX57DA,隘門新段,274.87,非都市：風景區 ; 非都市編定：農牧用地
RPQNMLSLKIMFFAX57DA,隘門新段,194.87,非都市：風景區 ; 非都市編定：農牧用地
RPQNMLSLKIMFFAX57DA,隘門新段,442.20,非都市：一般農業區 ; 非都市編定：農牧用地
RPQNMLSLKIMFFAX57DA,隘門新段,144.74,非都市：一般農業區 ; 非都市編定：農牧用地
RPQNMLSLKIMFFAX57DA,隘門新段,127.75,非都市：一般農業區 ; 非都市編定：農牧用地
RPQNMLSLKIMFFAX57DA,隘門新段,361.43,非都市：一般農業區 ; 非都市編定：農牧用地
RPQNMLSLKIMFFAX57DA,隘門新段,239.22,非都市：一般農業區 ; 非都市編定：農牧用地
RPQNMLSLKIMFFAX57DA,機場段,261.85,非都市：一般農業區 ; 非都市編定：農牧用地
RPQNMLSLKIMFFAX57DA,隘門新段,221.80,非都市：鄉村區 ; 非都市編定：乙種建築用地
RPQNMLSLKIMFFAX57DA,烏崁新段,82.96,非都市：一般農業區 ; 非都市編定：農牧用地
RPPNMLPJJHNFFAX86DA,山水北段,309.98,非都市：一般農業區 ; 非都市編定：農牧用地
RPQNMLLJKHNFFAX66DA,四維段,45.37,非都市：鄉村區 ; 非都市編定：乙種建築用地
RPQOMLMJJHNFFAX66CA,埕中段,57.11,都市：住
RPPNMLSLKIMFFAX37CA,成功北段,19.20,非都市：鄉村區 ; 非都市編定：乙種建築用地
RPSNMLRLKIMFFAX57CA,吉貝西段,20.88,非都市：鄉村區 ; 非都市編定：交通用地
RPSNMLRLKIMFFAX57CA,吉貝西段,10.65,非都市：鄉村區 ; 非都市編定：交通用地
RPSNMLRLKIMFFAX57CA,吉貝西段,234.80,非都市：鄉村區 ; 非都市編定：乙種建築用地
RPWNMLSKJHNFFAX87CA,雙湖段,35.97,非都市：一般農業區 ; 非都市編定：交通用地
RPWNMLSKJHNFFAX87CA,雙湖段,35.97,非都市：一般農業區 ; 非都市編定：交通用地
RPWNMLSKJHNFFAX87CA,雙湖段,230.13,非都市：一般農業區 ; 非都市編定：農牧用地
RPWNMLSKJHNFFAX87CA,雙湖段,230.13,非都市：一般農業區 ; 非都市編定：農牧用地
RPPNMLMJJHNFFAX09CA,許家段,7.76,非都市：風景區 ; 非都市編定：農牧用地
RPPNMLMJJHNFFAX09CA,許家段,687.77,非都市：風景區 ; 非都市編定：農牧用地
RPRNMLTJJHNFFAX37CA,埕西段,41.23,都市：住
RPROMLMJJHNFFAX76CA,成功南段,250.77,非都市：一般農業區 ; 非都市編定：農牧用地
RPVNMLMJJHNFFAX07CA,四維段,.64,非都市：鄉村區 ; 非都市編定：乙種建築用地
RPVNMLRLKIMFFAX87CA,東石新段,46.56,非都市：鄉村區 ; 非都市編定：乙種建築用地
RPRNMLSLKIMFFAX57CA,北極段,18.65,都市：商
RPWNMLRLKIMFFAX08DA,葉新段,25.16,非都市：一般農業區 ; 非都市編定：農牧用地
RPWNMLMJJHNFFAX17CA,興仁段,306.75,非都市：鄉村區 ; 非都市編定：乙種建築用地
RPQNMLMJJHNFFAX56CA,鼎灣新段,156.28,非都市：一般農業區 ; 非都市編定：農牧用地
RPTNMLMJJHNFFAX86CA,機場段,252.22,非都市：一般農業區 ; 非都市編定：甲種建築用地
RPTNMLMJJHNFFAX86CA,機場段,25.96,非都市：一般農業區 ; 非都市編定：交通用地
RPXNMLOLJHNFFAX67CA,隘門新段,9.55,非都市：一般農業區 ; 非都市編定：交通用地
RPXNMLOLJHNFFAX67CA,隘門新段,50.08,非都市：一般農業區 ; 非都市編定：甲種建築用地
RPXNMLOLJHNFFAX67CA,隘門新段,107.42,非都市：一般農業區 ; 非都市編定：農牧用地
RPXNMLOLJHNFFAX67CA,隘門新段,131.12,非都市：一般農業區 ; 非都市編定：甲種建築用地
RPSNMLOLJHNFFAX27DA,六合段,1325.17,非都市：一般農業區 ; 非都市編定：農牧用地
RPRNMLSJJHNFFAX27CA,埕西段,38.57,都市：住
RPRNMLSJJHNFFAX27CA,埕西段,23.66,都市：住
RPXNMLMJJHNFFAX27CA,通梁東段,329.22,非都市：風景區 ; 非都市編定：農牧用地
RPXNMLMJJHNFFAX27CA,通梁東段,329.22,非都市：風景區 ; 非都市編定：農牧用地
RPQNMLSJJHNFFAX17CA,山水北段,241.18,非都市：一般農業區 ; 非都市編定：農牧用地
RPUNMLTJJHNFFAX77DA,五福段,2060.57,非都市：一般農業區 ; 非都市編定：農牧用地
RPUNMLMJJHNFFAX96CA,機場段,25.96,非都市：一般農業區 ; 非都市編定：交通用地
RPUNMLMJJHNFFAX96CA,機場段,228.53,非都市：一般農業區 ; 非都市編定：甲種建築用地
RPQNMLKKJHNFFAX09CA,後寮段,761.00,非都市：一般農業區 ; 非都市編定：農牧用地
RPQNMLKKJHNFFAX09CA,後寮段,475.00,非都市：一般農業區 ; 非都市編定：農牧用地
RPPNMLPKJHNFFAX96DA,南寮北段,95.42,非都市：一般農業區 ; 非都市編定：農牧用地
RPPNMLPKJHNFFAX96DA,南寮北段,40.75,非都市：鄉村區 ; 非都市編定：乙種建築用地
RPPNMLPKJHNFFAX96DA,南寮北段,35.60,非都市：鄉村區 ; 非都市編定：乙種建築用地
RPPNMLPKJHNFFAX96DA,南寮北段,102.46,非都市：一般農業區 ; 非都市編定：農牧用地
RPPNMLPKJHNFFAX96DA,南寮北段,136.50,非都市：鄉村區 ; 非都市編定：乙種建築用地
RPWNMLOLJHNFFAX57CA,六合段,258.00,非都市：一般農業區 ; 非都市編定：農牧用地
RPWNMLOLJHNFFAX57CA,六合段,214.39,非都市：一般農業區 ; 非都市編定：農牧用地
RPWNMLOLJHNFFAX57CA,六合段,214.39,非都市：一般農業區 ; 非都市編定：農牧用地
RPWNMLOLJHNFFAX57CA,六合段,214.39,非都市：一般農業區 ; 非都市編定：農牧用地
RPWNMLOLJHNFFAX57CA,六合段,214.88,非都市：一般農業區 ; 非都市編定：農牧用地
RPSNMLQKJHNFFAX27CA,國宅段,404.51,非都市：一般農業區 ; 非都市編定：農牧用地
RPPNMLLKJHNFFAX56DA,案山段,142.50,都市：住
RPQNMLQKJHNFFAX07CA,東衛段,680.06,非都市：鄉村區 ; 非都市編定：乙種建築用地
RPPNMLMKJHNFFAX56CA,馬公段,44.00,都市：商
RPQNMLTLKIMFFAX67DA,國宅段,68.77,都市：住
RPTNMLQKJHNFFAX37CA,安宅段,1936.03,非都市：一般農業區 ; 非都市編定：農牧用地
RPVNMLTJJHNFFAX87DA,龍門北段,1650.29,非都市：一般農業區 ; 非都市編定：農牧用地
RPQNMLOKJHNFFAX96DA,西澳段,118.83,都市：住
RPPNMLTLJHNFFAX57EA,赤崁北段,25.29,非都市：鄉村區 ; 非都市編定：乙種建築用地
RPPNMLTLJHNFFAX57EA,赤崁北段,34.33,非都市：鄉村區 ; 非都市編定：乙種建築用地
RPPNMLTLJHNFFAX57EA,赤崁北段,62.33,非都市：鄉村區 ; 非都市編定：乙種建築用地
RPSNMLQJKHNFFAX27CA,鐵線段,239.38,非都市：一般農業區 ; 非都市編定：農牧用地
RPSNMLQJKHNFFAX27CA,鐵線段,178.29,非都市：一般農業區 ; 非都市編定：農牧用地
RPVNMLQKJHNFFAX57CA,五福段,248.71,非都市：一般農業區 ; 非都市編定：農牧用地
RPXNMLQKJHNFFAX77CA,合界段,180.96,非都市：鄉村區 ; 非都市編定：乙種建築用地
RPPNMLRKJHNFFAX07CA,後寮段,52.50,非都市：鄉村區 ; 非都市編定：乙種建築用地
RPPNMLRKJHNFFAX07CA,後寮段,63.00,非都市：鄉村區 ; 非都市編定：乙種建築用地
RPPNMLRKJHNFFAX07CA,後寮段,8.50,非都市：鄉村區 ; 非都市編定：交通用地
RPPNMLRKJHNFFAX07CA,後寮段,11.25,非都市：鄉村區 ; 非都市編定：交通用地
RPPNMLRKJHNFFAX07CA,後寮段,83.00,非都市：鄉村區 ; 非都市編定：乙種建築用地
RPUNMLPLJHNFFAX47CA,赤崁南段,179.31,非都市：一般農業區 ; 非都市編定：甲種建築用地
RPUNMLPLJHNFFAX47CA,赤崁南段,18.97,非都市：一般農業區 ; 非都市編定：交通用地
RPUNMLPLJHNFFAX47CA,赤崁南段,2.72,非都市：一般農業區 ; 非都市編定：交通用地
RPQNMLQLJHNFFAX27DA,埕中段,59.54,都市：住
RPWNMLQKJHNFFAX67CA,五福段,692.42,非都市：一般農業區 ; 非都市編定：農牧用地
RPQNMLSKJHNFFAX37DA,沙港北段,661.94,非都市：一般農業區 ; 非都市編定：甲種建築用地
RPPNMLQKJHNFFAX96CA,機場段,146.09,非都市：一般農業區 ; 非都市編定：甲種建築用地
RPQNMLTKJHNFFAX37CA,興崁段,378.35,非都市：一般農業區 ; 非都市編定：農牧用地
RPUNMLMKJHNFFAX07CA,沙港北段,70.54,非都市：鄉村區 ; 非都市編定：乙種建築用地
RPQNMLMKJHNFFAX76DA,五福段,1428.20,非都市：一般農業區 ; 非都市編定：農牧用地
RPTNMLRKJHNFFAX47CA,四維段,371.58,非都市：一般農業區 ; 非都市編定：農牧用地
RPRNMLTLJHNFFAX57CA,後寮段,463.00,非都市：一般農業區 ; 非都市編定：農牧用地
RPSNMLMKJHNFFAX96DA,文東段,339.19,非都市：一般農業區 ; 非都市編定：農牧用地
RPSNMLMKJHNFFAX96DA,文東段,6.11,非都市：一般農業區 ; 非都市編定：交通用地
RPPNMLTKJHNFFAX47EA,後寮段,199.00,非都市：一般農業區 ; 非都市編定：農牧用地
RPVNMLSKJHNFFAX77CA,四維段,34.28,非都市：一般農業區 ; 非都市編定：交通用地
RPVNMLSKJHNFFAX77CA,四維段,110.47,非都市：一般農業區 ; 非都市編定：甲種建築用地
RPQOMLQKJHNFFAX37EA,大池段,271.66,非都市：一般農業區 ; 非都市編定：農牧用地
RPQNMLKMJHNFFAX76DA,鼎灣新段,1065.12,非都市：一般農業區 ; 非都市編定：農牧用地
RPRNMLRKJHNFFAX27CA,六合段,272.23,非都市：一般農業區 ; 非都市編定：甲種建築用地
RPRNMLRKJHNFFAX27CA,六合段,18.04,非都市：一般農業區 ; 非都市編定：交通用地
RPPOMLQKJHNFFAX27EA,興仁段,76.80,非都市：鄉村區 ; 非都市編定：乙種建築用地
RPPNMLKLJHNFFAX09CA,文寮段,202.82,非都市：一般農業區 ; 非都市編定：農牧用地
RPPNMLKLJHNFFAX09CA,文寮段,208.40,非都市：一般農業區 ; 非都市編定：農牧用地
RPPNMLKLJHNFFAX09CA,文寮段,208.15,非都市：一般農業區 ; 非都市編定：農牧用地
RPPNMLKLJHNFFAX09CA,文寮段,208.15,非都市：一般農業區 ; 非都市編定：農牧用地
RPPNMLKLJHNFFAX09CA,文寮段,249.39,非都市：一般農業區 ; 非都市編定：農牧用地
RPQNMLRKJHNFFAX27DA,光榮段,.15,都市：其他
RPQNMLRKJHNFFAX27DA,光榮段,5.04,都市：其他
RPQNMLRKJHNFFAX27DA,光榮段,.27,都市：其他
RPQNMLRKJHNFFAX27DA,光榮段,1.19,都市：其他
RPQNMLRKJHNFFAX27DA,光榮段,1.07,都市：其他
RPQNMLRKJHNFFAX27DA,光榮段,5.79,都市：其他
RPQNMLRKJHNFFAX27DA,光榮段,.59,都市：其他
RPQNMLRKJHNFFAX27DA,光榮段,1.87,都市：其他
RPQNMLRKJHNFFAX27DA,光榮段,.43,都市：其他
RPQNMLRKJHNFFAX27DA,光榮段,.06,都市：其他
RPXNMLSKJHNFFAX97CA,馬公段,53.00,都市：住
RPXNMLSKJHNFFAX97CA,馬公段,28.80,都市：住
RPUNMLQKJHNFFAX47CA,興崁段,790.14,非都市：一般農業區 ; 非都市編定：農牧用地
RPSNMLSKJHNFFAX57DA,西溪新段,115.04,非都市：鄉村區 ; 非都市編定：乙種建築用地
RPTNMLSKJHNFFAX77EA,二崁南段,1527.14,非都市：風景區 ; 非都市編定：農牧用地
RPTNMLSKJHNFFAX77EA,二崁南段,596.91,非都市：一般農業區 ; 非都市編定：農牧用地
RPOOMLQKJHNFFAX96CA,湖西北段,426.85,非都市：一般農業區 ; 非都市編定：農牧用地
RPPNMLKMJHNFFAX56CA,光榮段,13.76,都市：商
RPVNMLQKJHNFFAX77EA,通梁中段,113.45,都市：住
RPSNMLRKJHNFFAX37CA,通梁東段,480.20,非都市：一般農業區 ; 非都市編定：農牧用地
RPPNMLNLJHNFFAX96EA,北極段,96.99,都市：住
RPVNMLPLJHNFFAX67DA,文石段,190.20,非都市：一般農業區 ; 非都市編定：農牧用地
RPVNMLPLJHNFFAX67DA,文石段,190.20,非都市：一般農業區 ; 非都市編定：農牧用地
RPVNMLPLJHNFFAX67DA,文石段,190.20,非都市：一般農業區 ; 非都市編定：農牧用地
RPVNMLPLJHNFFAX67DA,文石段,190.20,非都市：一般農業區 ; 非都市編定：農牧用地
RPQNMLQJKHNFFAX17DA,六合段,251.70,非都市：一般農業區 ; 非都市編定：甲種建築用地
RPQNMLQJKHNFFAX17DA,六合段,18.04,非都市：一般農業區 ; 非都市編定：交通用地
RPPNMLQLJHNFFAX17DA,東澳段,120.00,都市：住
RPSNMLSKJHNFFAX67EA,講美段,245.36,非都市：鄉村區 ; 非都市編定：乙種建築用地
RPSNMLSKJHNFFAX67EA,講美段,113.32,非都市：鄉村區 ; 非都市編定：乙種建築用地
RPQNMLLMJHNFFAX86DA,鎮海新段,101.12,非都市：一般農業區 ; 非都市編定：農牧用地
RPQNMLLMJHNFFAX86DA,鎮海新段,241.56,非都市： ; 非都市編定：
RPRNMLSKJHNFFAX57EA,山水南段,190.51,非都市：鄉村區 ; 非都市編定：乙種建築用地
RPRNMLSKJHNFFAX57EA,山水南段,19.83,非都市：鄉村區 ; 非都市編定：乙種建築用地
RPPNMLSLJHNFFAX37DA,文東段,150.49,非都市：一般農業區 ; 非都市編定：甲種建築用地
RPQOMLSKJHNFFAX37CA,國宅段,301.78,都市：住
RPPNMLSLJHNFFAX37DA,文東段,44.56,非都市：一般農業區 ; 非都市編定：交通用地
RPRNMLTKJHNFFAX47CA,山水東段,1852.19,非都市：一般農業區 ; 非都市編定：農牧用地
RPUNMLSKJHNFFAX67CA,二崁南段,474.93,非都市：一般農業區 ; 非都市編定：農牧用地
RPPOMLSKJHNFFAX27CA,通梁中段,108.88,都市：住
RPPNMLMLJHNFFAX86EA,馬公段,14.00,都市：商
RPPNMLMLJHNFFAX86EA,馬公段,14.00,都市：商
RPRNMLMLJHNFFAX86CA,西溪新段,1753.71,非都市：一般農業區 ; 非都市編定：農牧用地
RPPNMLLJKHNFFAX09CA,通梁中段,153.74,都市：住
RPUNMLKMJHNFFAX17DA,中山段,130.38,都市：住
RPOOMLKMJHNFFAX66DA,中山段,130.04,都市：住
RPRNMLPLJHNFFAX17CA,鐵線段,140.04,非都市：鄉村區 ; 非都市編定：乙種建築用地
RPPNMLTJKHNFFAX27CA,興崁段,821.40,非都市：一般農業區 ; 非都市編定：農牧用地
RPPNMLTJKHNFFAX27CA,興崁段,1077.04,非都市：一般農業區 ; 非都市編定：農牧用地
RPSNMLMLJHNFFAX96CA,文光段,31.66,都市：住
RPRNMLKMJHNFFAX86DA,中山段,134.24,都市：住
RPRNMLLJKHNFFAX66CA,北寮新段,358.42,非都市：鄉村區 ; 非都市編定：乙種建築用地
RPRNMLLJKHNFFAX66CA,北寮新段,23.52,非都市：鄉村區 ; 非都市編定：乙種建築用地
RPUNMLLKKHNFFAX07CA,文東段,64.78,非都市：一般農業區 ; 非都市編定：丁種建築用地
RPUNMLLKKHNFFAX07CA,文東段,64.78,非都市：一般農業區 ; 非都市編定：丁種建築用地
RPUNMLLKKHNFFAX07CA,文東段,64.78,非都市：一般農業區 ; 非都市編定：丁種建築用地
RPUNMLLKKHNFFAX07CA,文東段,64.78,非都市：一般農業區 ; 非都市編定：丁種建築用地
RPUNMLLKKHNFFAX07CA,文東段,64.78,非都市：一般農業區 ; 非都市編定：丁種建築用地
RPUNMLLKKHNFFAX07CA,文東段,323.90,非都市：一般農業區 ; 非都市編定：丁種建築用地
RPUNMLLKKHNFFAX07CA,文東段,129.56,非都市：一般農業區 ; 非都市編定：丁種建築用地
RPUNMLLKKHNFFAX07CA,文東段,129.56,非都市：一般農業區 ; 非都市編定：丁種建築用地
RPUNMLLKKHNFFAX07CA,文東段,129.56,非都市：一般農業區 ; 非都市編定：丁種建築用地
RPUNMLLKKHNFFAX07CA,文東段,129.56,非都市：一般農業區 ; 非都市編定：丁種建築用地
RPUNMLLKKHNFFAX07CA,文東段,129.56,非都市：一般農業區 ; 非都市編定：丁種建築用地
RPQNMLNLJHNFFAX07EA,竹灣段,806.07,非都市：一般農業區 ; 非都市編定：農牧用地
RPRNMLOLJHNFFAX07CA,五福段,407.31,非都市：一般農業區 ; 非都市編定：農牧用地
RPRPMLKMJHNFFAX96CA,光榮段,332.25,都市：其他
RPWNMLKMJHNFFAX37DA,中山段,124.20,都市：住
RPQPMLKMJHNFFAX86CA,光榮段,97.53,都市：其他
RPQPMLKMJHNFFAX86CA,光榮段,37.03,都市：其他
RPQPMLKMJHNFFAX86CA,光榮段,68.53,都市：其他
RPPNMLOLJHNFFAX86CA,潭邊新段,36.82,非都市：一般農業區 ; 非都市編定：交通用地
RPPNMLOLJHNFFAX86CA,潭邊新段,134.09,非都市：一般農業區 ; 非都市編定：甲種建築用地
RPPPMLKMJHNFFAX76CA,光榮段,855.06,都市：其他
RPSOMLKMJHNFFAX96CA,光榮段,72.23,都市：其他
RPUNMLOLJHNFFAX37CA,成功南段,170.71,非都市：一般農業區 ; 非都市編定：甲種建築用地
RPUNMLOLJHNFFAX37CA,成功南段,43.34,非都市：一般農業區 ; 非都市編定：交通用地
RPVNMLOLJHNFFAX47CA,埕西段,54.51,都市：住
RPQOMLKMJHNFFAX76CA,光榮段,114.38,都市：其他
RPPOMLKMJHNFFAX66CA,光榮段,114.38,都市：其他
RPVNMLLKKHNFFAX17CA,文東段,47.00,非都市：一般農業區 ; 非都市編定：丁種建築用地
RPVNMLLKKHNFFAX17CA,文東段,47.00,非都市：一般農業區 ; 非都市編定：丁種建築用地
RPVNMLLKKHNFFAX17CA,文東段,102.85,非都市：一般農業區 ; 非都市編定：丁種建築用地
RPVNMLLKKHNFFAX17CA,文東段,102.85,非都市：一般農業區 ; 非都市編定：丁種建築用地
RPVNMLLKKHNFFAX17CA,文東段,102.85,非都市：一般農業區 ; 非都市編定：丁種建築用地
RPVNMLLKKHNFFAX17CA,文東段,51.43,非都市：一般農業區 ; 非都市編定：丁種建築用地
RPVNMLLKKHNFFAX17CA,文東段,51.43,非都市：一般農業區 ; 非都市編定：丁種建築用地
RPVNMLLKKHNFFAX17CA,文東段,51.43,非都市：一般農業區 ; 非都市編定：丁種建築用地
RPVNMLLKKHNFFAX17CA,文東段,51.43,非都市：一般農業區 ; 非都市編定：丁種建築用地
RPVNMLLKKHNFFAX17CA,文東段,51.43,非都市：一般農業區 ; 非都市編定：丁種建築用地
RPVNMLLKKHNFFAX17CA,文東段,117.51,非都市：一般農業區 ; 非都市編定：丁種建築用地
RPVNMLLKKHNFFAX17CA,文東段,257.13,非都市：一般農業區 ; 非都市編定：丁種建築用地
RPVNMLLKKHNFFAX17CA,文東段,102.85,非都市：一般農業區 ; 非都市編定：丁種建築用地
RPVNMLLKKHNFFAX17CA,文東段,102.85,非都市：一般農業區 ; 非都市編定：丁種建築用地
RPVNMLLKKHNFFAX17CA,文東段,47.00,非都市：一般農業區 ; 非都市編定：丁種建築用地
RPVNMLLKKHNFFAX17CA,文東段,47.00,非都市：一般農業區 ; 非都市編定：丁種建築用地
RPVNMLLKKHNFFAX17CA,文東段,47.00,非都市：一般農業區 ; 非都市編定：丁種建築用地
RPTNMLPLJHNFFAX37CA,北極段,175.73,都市：住
RPVNMLLKKHNFFAX17CA,文東段,23.50,非都市：一般農業區 ; 非都市編定：丁種建築用地
RPVNMLLKKHNFFAX17CA,文東段,23.50,非都市：一般農業區 ; 非都市編定：丁種建築用地
RPVNMLLKKHNFFAX17CA,文東段,23.50,非都市：一般農業區 ; 非都市編定：丁種建築用地
RPVNMLLKKHNFFAX17CA,文東段,23.50,非都市：一般農業區 ; 非都市編定：丁種建築用地
RPVNMLLKKHNFFAX17CA,文東段,23.50,非都市：一般農業區 ; 非都市編定：丁種建築用地
RPVNMLLKKHNFFAX17CA,文東段,7.96,非都市：一般農業區 ; 非都市編定：丁種建築用地
RPVNMLLKKHNFFAX17CA,文東段,3.18,非都市：一般農業區 ; 非都市編定：丁種建築用地
RPVNMLLKKHNFFAX17CA,文東段,3.18,非都市：一般農業區 ; 非都市編定：丁種建築用地
RPVNMLLKKHNFFAX17CA,文東段,3.18,非都市：一般農業區 ; 非都市編定：丁種建築用地
RPVNMLLKKHNFFAX17CA,文東段,3.18,非都市：一般農業區 ; 非都市編定：丁種建築用地
RPVNMLLKKHNFFAX17CA,文東段,3.18,非都市：一般農業區 ; 非都市編定：丁種建築用地
RPVNMLLKKHNFFAX17CA,文東段,1.59,非都市：一般農業區 ; 非都市編定：丁種建築用地
RPSNMLKMJHNFFAX86CA,光榮段,94.95,都市：其他
RPVNMLLKKHNFFAX17CA,文東段,1.59,非都市：一般農業區 ; 非都市編定：丁種建築用地
RPVNMLLKKHNFFAX17CA,文東段,1.59,非都市：一般農業區 ; 非都市編定：丁種建築用地
RPVNMLLKKHNFFAX17CA,文東段,1.59,非都市：一般農業區 ; 非都市編定：丁種建築用地
RPVNMLLKKHNFFAX17CA,文東段,1.59,非都市：一般農業區 ; 非都市編定：丁種建築用地
RPVNMLLKKHNFFAX17CA,文東段,21.00,非都市：一般農業區 ; 非都市編定：丁種建築用地
RPVNMLLKKHNFFAX17CA,文東段,21.00,非都市：一般農業區 ; 非都市編定：丁種建築用地
RPVNMLLKKHNFFAX17CA,文東段,52.50,非都市：一般農業區 ; 非都市編定：丁種建築用地
RPVNMLLKKHNFFAX17CA,文東段,21.00,非都市：一般農業區 ; 非都市編定：丁種建築用地
RPVNMLLKKHNFFAX17CA,文東段,21.00,非都市：一般農業區 ; 非都市編定：丁種建築用地
RPVNMLLKKHNFFAX17CA,文東段,21.00,非都市：一般農業區 ; 非都市編定：丁種建築用地
RPVNMLLKKHNFFAX17CA,文東段,10.50,非都市：一般農業區 ; 非都市編定：丁種建築用地
RPVNMLLKKHNFFAX17CA,文東段,10.50,非都市：一般農業區 ; 非都市編定：丁種建築用地
RPVNMLLKKHNFFAX17CA,文東段,10.50,非都市：一般農業區 ; 非都市編定：丁種建築用地
RPVNMLLKKHNFFAX17CA,文東段,10.50,非都市：一般農業區 ; 非都市編定：丁種建築用地
RPVNMLLKKHNFFAX17CA,文東段,10.50,非都市：一般農業區 ; 非都市編定：丁種建築用地
RPOPMLKMJHNFFAX66CA,光榮段,96.20,都市：其他
RPXOMLKMJHNFFAX47CA,光榮段,96.20,都市：其他
RPROMLKMJHNFFAX86CA,光榮段,343.14,都市：其他
RPTNMLKMJHNFFAX96CA,光榮段,94.95,都市：其他
RPTNMLKMJHNFFAX96CA,光榮段,.08,都市：其他
RPTNMLKMJHNFFAX96CA,光榮段,16.47,都市：其他
RPTNMLKMJHNFFAX96CA,光榮段,8.50,都市：其他
RPTNMLKMJHNFFAX96CA,光榮段,55.26,都市：其他
RPVNMLKMJHNFFAX17CA,光榮段,94.95,都市：其他
RPVNMLKMJHNFFAX17CA,光榮段,.08,都市：其他
RPVNMLKMJHNFFAX17CA,光榮段,16.47,都市：其他
RPVNMLKMJHNFFAX17CA,光榮段,8.50,都市：其他
RPVNMLKMJHNFFAX17CA,光榮段,55.26,都市：其他
RPXNMLKMJHNFFAX37CA,光榮段,94.95,都市：其他
RPXNMLKMJHNFFAX37CA,光榮段,.08,都市：其他
RPXNMLKMJHNFFAX37CA,光榮段,16.47,都市：其他
RPXNMLKMJHNFFAX37CA,光榮段,8.50,都市：其他
RPXNMLKMJHNFFAX37CA,光榮段,55.26,都市：其他
RPSPMLKMJHNFFAX07CA,光榮段,332.25,都市：其他
RPTPMLKMJHNFFAX17CA,光榮段,332.25,都市：其他
RPUOMLKMJHNFFAX17CA,光榮段,72.23,都市：其他
RPTOMLKMJHNFFAX07CA,光榮段,72.23,都市：其他
RPQNMLTLJHNFFAX47CA,二崁南段,233.61,非都市：風景區 ; 非都市編定：殯葬用地
RPVOMLKMJHNFFAX27CA,光榮段,72.23,都市：其他
RPWOMLKMJHNFFAX37CA,光榮段,72.23,都市：其他
RPTNMLNJKHNFFAX07CA,鎖港西段,23.13,都市：住
RPRNMLLLKHNFFAX86CA,四維段,117.58,非都市：一般農業區 ; 非都市編定：農牧用地
RPRNMLQLKHNFFAX37CA,山水東段,1227.12,非都市：一般農業區 ; 非都市編定：農牧用地
RPRNMLQLKHNFFAX37CA,山水西段,758.17,非都市：一般農業區 ; 非都市編定：農牧用地
RPQNMLQLKHNFFAX27CA,山水東段,1050.85,非都市：一般農業區 ; 非都市編定：農牧用地
RPQNMLQLKHNFFAX27CA,山水東段,1401.80,非都市：一般農業區 ; 非都市編定：農牧用地
RPPNMLMKKHNFFAX66CA,文光段,34.29,都市：住
RPPNMLMKKHNFFAX66CA,文光段,18.85,都市：住
RPPNMLMKKHNFFAX66CA,文光段,44.01,都市：住
RPQNMLLJLHNFFAX66CA,中衛段,38.19,非都市：一般農業區 ; 非都市編定：交通用地
RPQNMLLJLHNFFAX66CA,中衛段,208.49,非都市：一般農業區 ; 非都市編定：甲種建築用地
RPQNMLOKKHNFFAX96CA,文石段,122.71,非都市：一般農業區 ; 非都市編定：甲種建築用地
RPQNMLOKKHNFFAX96CA,文石段,40.70,非都市：一般農業區 ; 非都市編定：交通用地
RPPNMLNKKHNFFAX86DA,鐵線段,204.11,非都市：一般農業區 ; 非都市編定：農牧用地
RPPNMLNKKHNFFAX86DA,鐵線段,200.05,非都市：一般農業區 ; 非都市編定：農牧用地
RPPNMLNKKHNFFAX86DA,鐵線段,199.03,非都市：一般農業區 ; 非都市編定：農牧用地
RPPNMLNKKHNFFAX86DA,鐵線段,199.03,非都市：一般農業區 ; 非都市編定：農牧用地
RPPNMLNKKHNFFAX86DA,鐵線段,213.25,非都市：一般農業區 ; 非都市編定：農牧用地
RPWNMLLKKHNFFAX37DA,鎖港西段,349.57,都市：農
RPPNMLQLKHNFFAX37EA,後寮段,611.00,非都市：一般農業區 ; 非都市編定：農牧用地
RPRNMLQJKHNFFAX17CA,西澳段,169.72,都市：住
RPPNMLRJKHNFFAX17DA,虎井段,124.25,非都市：一般農業區 ; 非都市編定：農牧用地
RPPNMLRJKHNFFAX17DA,虎井段,117.00,非都市：一般農業區 ; 非都市編定：農牧用地
RPPNMLRJKHNFFAX17DA,虎井段,58.75,非都市：一般農業區 ; 非都市編定：農牧用地
RPPNMLRJKHNFFAX17DA,虎井段,135.75,非都市：一般農業區 ; 非都市編定：農牧用地
RPPNMLRJKHNFFAX17DA,虎井段,169.75,非都市：一般農業區 ; 非都市編定：農牧用地
RPPNMLRJKHNFFAX17DA,虎井段,81.12,非都市：一般農業區 ; 非都市編定：農牧用地
RPPNMLRJKHNFFAX17DA,虎井段,2.00,非都市：一般農業區 ; 非都市編定：農牧用地
RPPNMLRJKHNFFAX17DA,虎井段,12.75,非都市：風景區 ; 非都市編定：農牧用地
RPPNMLRJKHNFFAX17DA,虎井段,27.25,非都市：風景區 ; 非都市編定：農牧用地
RPPNMLRJKHNFFAX17DA,虎井段,1.25,非都市：風景區 ; 非都市編定：農牧用地
RPPNMLRJKHNFFAX17DA,虎井段,24.88,非都市：風景區 ; 非都市編定：農牧用地
RPPNMLRJKHNFFAX17DA,虎井段,73.38,非都市：風景區 ; 非都市編定：農牧用地
RPPNMLRJKHNFFAX17DA,虎井段,118.25,非都市：一般農業區 ; 非都市編定：農牧用地
RPPNMLRJKHNFFAX17DA,虎井段,37.00,非都市：一般農業區 ; 非都市編定：農牧用地
RPPNMLRJKHNFFAX17DA,虎井段,55.12,非都市：一般農業區 ; 非都市編定：殯葬用地
RPPNMLRJKHNFFAX17DA,虎井段,18.12,非都市：一般農業區 ; 非都市編定：殯葬用地
RPPNMLRJKHNFFAX17DA,虎井段,2.75,非都市：鄉村區 ; 非都市編定：乙種建築用地
RPPNMLRJKHNFFAX17DA,虎井段,19.69,非都市：鄉村區 ; 非都市編定：乙種建築用地
RPPNMLQJKHNFFAX96CA,光榮段,22.00,都市：住
RPPNMLQJKHNFFAX96CA,光榮段,43.27,都市：住
RPRNMLRJKHNFFAX27CA,馬公段,61.20,都市：商
RPTNMLTJKHNFFAX67CA,興崁段,220.27,非都市：一般農業區 ; 非都市編定：農牧用地
RPRNMLOJLHNFFAX17DA,成功南段,166.41,非都市：一般農業區 ; 非都市編定：農牧用地
RPRNMLOJLHNFFAX17DA,成功南段,166.41,非都市：一般農業區 ; 非都市編定：農牧用地
RPRNMLOJLHNFFAX17DA,成功南段,166.41,非都市：一般農業區 ; 非都市編定：農牧用地
RPRNMLOJLHNFFAX17DA,成功南段,167.91,非都市：一般農業區 ; 非都市編定：農牧用地
RPRNMLOJLHNFFAX17DA,成功南段,167.91,非都市：一般農業區 ; 非都市編定：農牧用地
RPRNMLOJLHNFFAX17DA,成功南段,220.39,非都市：一般農業區 ; 非都市編定：農牧用地
RPRNMLOJLHNFFAX17DA,成功南段,221.89,非都市：一般農業區 ; 非都市編定：農牧用地
RPRNMLOJLHNFFAX17DA,成功南段,221.89,非都市：一般農業區 ; 非都市編定：農牧用地
RPRNMLOJLHNFFAX17DA,成功南段,29.48,非都市：一般農業區 ; 非都市編定：交通用地
RPRNMLOJLHNFFAX17DA,成功南段,29.48,非都市：一般農業區 ; 非都市編定：交通用地
RPRNMLOJLHNFFAX17DA,成功南段,29.48,非都市：一般農業區 ; 非都市編定：交通用地
RPRNMLOJLHNFFAX17DA,成功南段,29.48,非都市：一般農業區 ; 非都市編定：交通用地
RPRNMLOJLHNFFAX17DA,成功南段,29.48,非都市：一般農業區 ; 非都市編定：交通用地
RPRNMLOJLHNFFAX17DA,成功南段,29.48,非都市：一般農業區 ; 非都市編定：交通用地
RPRNMLOJLHNFFAX17DA,成功南段,29.48,非都市：一般農業區 ; 非都市編定：交通用地
RPRNMLOJLHNFFAX17DA,成功南段,29.48,非都市：一般農業區 ; 非都市編定：交通用地
RPSNMLOJLHNFFAX27DA,成功南段,163.14,非都市：一般農業區 ; 非都市編定：農牧用地
RPSNMLOJLHNFFAX27DA,成功南段,163.14,非都市：一般農業區 ; 非都市編定：農牧用地
RPSNMLOJLHNFFAX27DA,成功南段,163.14,非都市：一般農業區 ; 非都市編定：農牧用地
RPSNMLOJLHNFFAX27DA,成功南段,167.12,非都市：一般農業區 ; 非都市編定：農牧用地
RPSNMLOJLHNFFAX27DA,成功南段,167.12,非都市：一般農業區 ; 非都市編定：農牧用地
RPSNMLOJLHNFFAX27DA,成功南段,167.12,非都市：一般農業區 ; 非都市編定：農牧用地
RPSNMLOJLHNFFAX27DA,成功南段,167.12,非都市：一般農業區 ; 非都市編定：農牧用地
RPSNMLOJLHNFFAX27DA,成功南段,168.44,非都市：一般農業區 ; 非都市編定：農牧用地
RPSNMLOJLHNFFAX27DA,成功南段,29.48,非都市：一般農業區 ; 非都市編定：交通用地
RPSNMLOJLHNFFAX27DA,成功南段,29.48,非都市：一般農業區 ; 非都市編定：交通用地
RPSNMLOJLHNFFAX27DA,成功南段,29.48,非都市：一般農業區 ; 非都市編定：交通用地
RPSNMLOJLHNFFAX27DA,成功南段,29.48,非都市：一般農業區 ; 非都市編定：交通用地
RPSNMLOJLHNFFAX27DA,成功南段,29.48,非都市：一般農業區 ; 非都市編定：交通用地
RPSNMLOJLHNFFAX27DA,成功南段,29.48,非都市：一般農業區 ; 非都市編定：交通用地
RPSNMLOJLHNFFAX27DA,成功南段,29.48,非都市：一般農業區 ; 非都市編定：交通用地
RPSNMLOJLHNFFAX27DA,成功南段,29.48,非都市：一般農業區 ; 非都市編定：交通用地
SPQNMLMKKHNFFAX86CA,馬公段,36.25,都市：住
RPPNMLPJLHNFFAX07DA,五福段,155.59,非都市：一般農業區 ; 非都市編定：農牧用地
RPPNMLPJLHNFFAX07DA,五福段,155.59,非都市：一般農業區 ; 非都市編定：農牧用地
RPPNMLPJLHNFFAX07DA,五福段,.09,非都市：一般農業區 ; 非都市編定：交通用地
RPPNMLPJLHNFFAX07DA,五福段,.09,非都市：一般農業區 ; 非都市編定：交通用地
RPPNMLPJLHNFFAX07DA,五福段,57.55,非都市：一般農業區 ; 非都市編定：交通用地
RPPNMLPJLHNFFAX07DA,五福段,57.55,非都市：一般農業區 ; 非都市編定：交通用地
RPRNMLTKIINFFAX47CA,文光段,25.19,都市：住
RPRNMLTKIINFFAX47CA,文光段,3.26,都市：住
RPSNMLMKKHNFFAX07DA,赤崁中段,877.99,非都市：一般農業區 ; 非都市編定：農牧用地
RPQNMLLLKHNFFAX76CA,七美二段,109.76,非都市：一般農業區 ; 非都市編定：甲種建築用地
RPQNMLLLKHNFFAX76CA,七美二段,105.32,非都市：一般農業區 ; 非都市編定：甲種建築用地
RPSNMLLLKHNFFAX96CA,四維段,83.04,非都市：一般農業區 ; 非都市編定：甲種建築用地
RPPNMLLLKHNFFAX66CA,大嶼段,394.00,非都市：一般農業區 ; 非都市編定：農牧用地
RPSNMLRJLHNFFAX47CA,成功南段,2006.79,非都市：一般農業區 ; 非都市編定：農牧用地
RPTNMLNKKHNFFAX17CA,埕中段,67.19,都市：住
