﻿編號,土地區段位置,土地移轉面積平方公尺,使用分區或編定
The serial number,land sector position,land shifting area square meter,the use zoning or compiles and checks
RPPOMLLJNHMFFDE97CC,陽明段二小段,79.38,都市：住
RPOPMLLJNHMFFAE67CC,龍華段八小段,133.57,都市：商
RPTOMLMJNHMFFDE48CC,鼎泰段,16.16,都市：住
RPUOMLLJNHMFFEE58CC,新庄段一小段,109.00,都市：住
RPWPMLMJNHMFFEE98CC,新庄段十三小段,8.76,都市：商
RPTOMLLJNHMFFDE38CC,獅頭段,15.66,都市：商
RPROMLLJNHMFFBE97CC,林德官段一小段,58.00,都市：商
RPUPMLMJNHMFFEE78CC,新庄段九小段,29.83,都市：住
RPPNMLMJNHMFFCE87CC,愛群段,29.25,都市：商
RPUOMLMJNHMFFCE48CC,愛群段,7.30,都市：商
RPOOMLMJNHMFFCE87CC,愛群段,5.86,都市：商
RPVNMLMJNHMFFBE38CC,過田子段,17.93,都市：住
RPVNMLMJNHMFFBE38CC,過田子段,17.80,都市：住
RPVOMLLJNHMFFEE68CC,新庄段一小段,109.00,都市：住
RPPOMLMJNHMFFBE87CC,林德官段一小段,22.16,都市：商
RPSOMLMJNHMFFBE18CC,意誠段,.00,都市：商
RPOOMLMJNHMFFBE77CC,過田子段,78.00,都市：其他
RPROMLMJNHMFFBE08CC,意誠段,.00,都市：商
RPTOMLMJNHMFFBE28CC,意誠段,.00,都市：商
RPUOMLMJNHMFFBE38CC,意誠段,.00,都市：商
RPTNMLMJNHMFFAE08CC,龍華段八小段,133.57,都市：商
RPXOMLMJNHMFFBE68CC,意誠段,.00,都市：商
RPWOMLMJNHMFFBE58CC,意誠段,.00,都市：商
RPROMLMJNHMFFGE58CC,過埤段,73.67,都市：住
RPVNMLMJNHMFFAE28CC,龍華段四小段,17.58,都市：住
RPUOMLNJNHMFFAE38CC,龍華段八小段,14.55,都市：商
RPVOMLMJNHMFFBE48CC,意誠段,.00,都市：商
RPVOMLNJNHMFFBE58CC,新興段四小段,43.00,都市：商
RPQOMLNJNHMFFBE08CC,林德官段二小段,.00,都市：住
RPOOMLNJNHMFFBE87CC,新興段二小段,180.00,都市：商
RPSNMLNJNHMFFBE18CC,林德官段,.00,都市：商
RPWOMLNJNHMFFBE68CC,過田子段,370.00,都市：商
RPVOMLNJNHMFFAE48CC,前金段,4.82,都市：其他
RPWOMLNJNHMFFCE78CC,愛群段,8.10,都市：住
RPSOMLNJNHMFFCE38CC,獅甲段,4.86,都市：住
RPSOMLNJNHMFFCE38CC,獅甲段,1.54,都市：住
RPPNMLNJNHMFFDE08CC,鼎泰段,.00,都市：住
RPRNMLOJNHMFFEE48CC,福山段,.00,都市：住
RPXNMLOJNHMFFDE98CC,獅頭段,10.74,都市：商
RPOPMLNJNHMFFEE28CC,新吉段,77.64,都市：住
RPTNMLNJNHMFFEE58CC,新民段,17.17,都市：商
RPOOMLOJNHMFFCE08CC,獅甲段二小段,13.98,都市：住
RPVNMLOJNHMFFBE58CC,林德官段,12.95,都市：住
RPPOMLOJNHMFFBE08CC,新興段一小段,8.66,都市：住
RPSOMLNJNHMFFEE58CC,新民段,395.98,都市：住
RPOOMLOJNHMFFFE38CC,安北段,63.75,都市：住
RPOOMLOJNHMFFFE38CC,安北段,38.56,都市：其他
RPOOMLOJNHMFFFE38CC,安北段,447.20,都市：其他
RPOOMLOJNHMFFFE38CC,安北段,116.58,都市：其他
RPOOMLOJNHMFFFE38CC,安北段,.92,都市：住
RPOOMLOJNHMFFFE38CC,安北段,180.34,都市：住
RPSNMLOJNHMFFFE68CC,大仁段,149.00,都市：住
RPSNMLPJNHMFFLE76CC,翁公園段,740.00,都市：農
RPROMLPJNHMFFFE78CC,鳳雄段,.00,非都市：一般農業區 ; 非都市編定：農牧用地
RPVNMLPJNHMFFIE76CC,觀音山段,514.48,都市：農
RPXNMLPJNHMFFCE98CC,憲德段二小段,19.97,都市：商
RPSNMLPJNHMFFCE48CC,愛群段,.00,都市：商
RPVOMLPJNHMFFGE66CC,華鳳段,18.02,都市：住
RPWNMLPJNHMFFAE68CC,大成段,9.01,都市：商
RPTNMLPJNHMFFDE68CC,灣和段,.00,都市：住
RPQOMLOJNHMFFGE68CC,華鳳段,15.52,都市：住
RPXNMLOJNHMFFGE66CC,新庄子段,62.00,都市：商
RPVOMLOJNHMFFGE56CC,五甲段,92.00,都市：商
RPSRMLPJNHMFFGE66CC,新庄子段,288.00,都市：住
RPSRMLPJNHMFFGE66CC,新庄子段,54.00,都市：住
RPSRMLPJNHMFFGE66CC,新庄子段,82.00,都市：住
RPVOMLPJNHMFFDE98CC,水源段,14.62,都市：住
RPTPMLPJNHMFFEE98CC,新庄段十二小段,957.00,都市：商
RPQPMLPJNHMFFEE68CC,新庄段十三小段,6.22,都市：商
RPTPMLPJNHMFFEE98CC,新庄段十二小段,895.00,都市：商
RPUQMLPJNHMFFEE56CC,新庄段十三小段,23.30,都市：商
RPWOMLQJNHMFFEE66CC,新庄段十三小段,613.00,都市：商
RPUPMLPJNHMFFEE09CC,新福段七小段,11.14,都市：住
RPSPMLPJNHMFFEE88CC,新庄段七小段,12.14,都市：住
RPSOMLSJNHMFFEE09CC,新庄段十二小段,4.25,都市：住
RPWNMLPJNHMFFBE78CC,新興段三小段,9.32,都市：商
RPPPMLPJNHMFFEE58CC,新庄段十三小段,6.22,都市：商
RPUPMLSJNHMFFDE66CC,覆鼎金段覆鼎金小段,.00,都市：住
RPWNMLSJNHMFFCE56CC,愛群段,.00,都市：商
RPSNMLSJNHMFFCE78CC,愛群段,.00,非都市： ; 非都市編定：
RPWNMLSJNHMFFAE98CC,內惟段六小段,12.28,都市：住
RPVNMLSJNHMFFBE98CC,過田子段,.00,都市：商
RPPOMLSJNHMFFBE48CC,福河段,60.00,都市：住
RPTOMLSJNHMFFBE88CC,苓雅寮段,.00,都市：商
RPSNMLSJNHMFFAE58CC,青海段,6.09,都市：商
RPUOMLSJNHMFFIE07CC,仁營段,714.00,都市：農
RPWOMLSJNHMFFBE56CC,林德官段,.00,都市：商
RPOOMLTJNHMFFIE56CC,大腿段,826.45,都市：農
RPQOMLTJNHMFFIE76CC,興工段,330.60,都市：農
RPTNMLTJNHMFFGE76CC,文英段,128.00,都市：商
RPRNMLTJNHMFFAE58CC,內惟段九小段,14.15,都市：住
RPUNMLSJNHMFFFE66CC,安北段,51.82,都市：住
RPUNMLSJNHMFFFE66CC,安北段,24.49,都市：住
RPVOMLTJNHMFFCE66CC,孔宅段,25.50,都市：住
RPUOMLTJNHMFFBE09CC,意誠段,.00,都市：商
RPXNMLTJNHMFFGE17CC,新甲段,53.00,都市：住
RPTOMLTJNHMFFEE76DC,新福段九小段,5.92,都市：住
RPTOMLTJNHMFFEE76DC,新庄段三小段,3.74,都市：住
RPSOMLTJNHMFFAE78CC,前金段,94.00,都市：商
RPPNMLLKNHMFFBE77CC,過田子段,57.00,都市：商
RPTNMLKKNHMFFBE08CC,意誠段,6.78,都市：商
RPUNMLTJNHMFFDE56CC,大順段,10.81,都市：商
RPQNMLLKNHMFFBE87CC,新興段四小段,9.00,都市：商
RPQNMLLKNHMFFBE87CC,新興段四小段,3.00,都市：商
RPQNMLLKNHMFFBE87CC,新興段四小段,99.00,都市：商
RPPOMLLKNHMFFBE87CC,大統段一小段,.00,都市：商
RPPPMLKKNHMFFDE08CC,有光段,.00,都市：商
RPQOMLLKNHMFFBE97CC,五塊厝段,.00,都市：商
RPPPMLTJNHMFFDE88CC,大豐段二小段,7.00,都市：商
RPPPMLTJNHMFFDE88CC,大豐段二小段,67.00,都市：商
RPRNMLLKNHMFFGE48CC,新甲段,42.00,都市：住
RPRNMLLKNHMFFGE48CC,新甲段,27.00,都市：住
RPOPMLLKNHMFFCE97CC,光華段,.00,都市：住
RPVOMLMKNHMFFGE09CC,道爺段,26.90,都市：住
RPQOMLLKNHMFFGE48CC,頂宏段,908.58,都市：住
RPQOMLLKNHMFFGE48CC,頂宏段,1051.45,都市：住
RPQNMLMKNHMFFIE68CC,青雲段,517.00,都市：其他
RPQNMLMKNHMFFIE68CC,青雲段,611.00,都市：住
RPOOMLLKNHMFFBE77CC,過田子段,.00,都市：商
RPTNMLLKNHMFFGE68CC,鳳山段草店尾小段,6.00,都市：商
RPTNMLLKNHMFFGE68CC,鳳山段草店尾小段,248.00,都市：商
RPTNMLLKNHMFFGE68CC,鳳山段草店尾小段,43.00,都市：商
RPUPMLMKNHMFFCE68CC,仁愛段,50.18,都市：住
RPSNMLMKNHMFFCE28CC,憲德段一小段,.00,都市：商
RPSNMLMKNHMFFCE28CC,憲德段一小段,.00,都市：住
RPSOMLMKNHMFFBE28CC,過田子段,91.00,都市：商
RPXQMLMKNHMFFEE66CC,右昌段三小段,70.00,都市：住
RPORMLMKNHMFFEE48CC,新庄段五小段,40.50,都市：住
RPUNMLMKNHMFFBE38CC,新興段二小段,6.49,都市：商
RPSNMLMKNHMFFBE18CC,林德官段二小段,14.67,都市：商
RPPPMLMKNHMFFEE38CC,新博段,23.45,都市：住
RPTOMLMKNHMFFBE38CC,苓中段,103.00,都市：商
RPQRMLMKNHMFFEE68CC,福民段,14.76,都市：住
RPRRMLMKNHMFFEE78CC,菜公段一小段,60.00,都市：住
RPROMLMKNHMFFAE08CC,龍中段,14.25,都市：商
RPQPMLMKNHMFFAE08CC,龍水段一小段,120.00,都市：商
RPSOMLMKNHMFFAE18CC,龍中段,13.09,都市：商
RPQOMLMKNHMFFAE97CC,龍華段八小段,5.73,都市：商
RPSPMLMKNHMFFAE28CC,旗港段,58.05,都市：商
RPTNMLMKNHMFFAE18CC,文東段,6.53,都市：商
RPWNMLMKNHMFFAE48CC,東金段,6.00,都市：商
RPWNMLMKNHMFFAE48CC,東金段,6.00,都市：商
RPWNMLMKNHMFFAE48CC,東金段,177.00,都市：商
RPVOMLMKNHMFFBE58CC,意誠段,5.42,都市：住
RPUNMLMKNHMFFAE28CC,大智段,.00,都市：商
RPUNMLMKNHMFFAE28CC,大智段,.00,都市：商
RPPNMLPKNHMFFDE38CC,覆鼎金段覆鼎金一小段,21.42,都市：住
RPTNMLNKNHMFFAE28CC,龍華段八小段,30.44,都市：商
RPRNMLPKNHMFFDE58CC,中都段四小段,57.08,都市：住
RPQNMLNKNHMFFEE38CC,福山段,10.78,都市：商
RPVPMLMKNHMFFAE58CC,青海段,13.70,都市：住
RPQNMLPKNHMFFAE28DC,內惟段五小段,77.00,都市：住
RPUNMLQKNHMFFFE56CC,大德段,508.08,都市：住
RPROMLQKNHMFFGE09CC,鳳甲段,98.76,都市：住
RPVNMLPKNHMFFGE66CC,赤山段,10.84,都市：住
RPXOMLQKNHMFFBE56CC,新興段二小段,64.00,都市：商
RPSOMLQKNHMFFGE56CC,曹公段,266.56,都市：工
RPVNMLPKNHMFFBE78CC,意誠段,.00,都市：商
RPWNMLPKNHMFFBE88CC,意誠段,.00,都市：商
RPROMLQKNHMFFAE48CC,文東段,117.00,都市：商
RPQNMLQKNHMFFBE38CC,意誠段,1447.00,都市：其他
RPUNMLPKNHMFFBE78DC,五塊厝段,85.50,都市：商
RPXOMLQKNHMFFAE09CC,龍中段,11.58,都市：住
RPSOMLQKNHMFFEE98CC,加昌段,19.13,都市：商
RPTNMLRKNHMFFEE09CC,福山段,.00,都市：商
RPUOMLQKNHMFFBE88CC,大統段一小段,.00,都市：商
RPVOMLQKNHMFFBE98CC,正福段,.00,都市：商
RPPQMLRKNHMFFEE98CC,新夏段,590.05,都市：住
RPSNMLQKNHMFFDE78CC,獅頭段,18.91,都市：商
RPUNMLRKNHMFFCE98CC,獅甲段,.00,非都市： ; 非都市編定：
RPWOMLRKNHMFFAE09CC,前金段,29.88,都市：商
RPRPMLRKNHMFFAE68CC,青海段,11.39,都市：住
RPUNMLRKNHMFFBE88CC,意誠段,.00,都市：商
RPXNMLRKNHMFFIE27CC,灣北段,35.93,都市：住
RPVNMLRKNHMFFBE98CC,意誠段,4.80,都市：商
RPSPMLRKNHMFFDE09CC,大港段七小段,66.00,都市：商
RPSPMLRKNHMFFDE09CC,大港段七小段,12.00,都市：商
RPUNMLRKNHMFFDE09CC,水源段,13.74,都市：住
RPUNMLRKNHMFFDE09CC,水源段,49.17,都市：住
RPVQMLRKNHMFFDE86CC,陽明段二小段,84.70,都市：住
RPWQMLRKNHMFFDE96CC,獅頭段,3.31,都市：商
RPSOMLSKNHMFFCE09DC,坪鳳段,403.62,都市：住
RPRPMLSKNHMFFGE76CC,正義段,83.26,都市：住
RPVQMLSKNHMFFGE37DC,竹子腳段,24.25,都市：住
RPQOMLSKNHMFFIE76CC,林邊段,1071.07,都市：農
RPWNMLSKNHMFFDE86DC,獅頭段一小段,66.00,都市：住
RPXOMLSKNHMFFCE86CC,愛群段,.00,非都市： ; 非都市編定：
RPUNMLSKNHMFFDE56CC,三塊厝段,92.00,都市：商
RPTOMLSKNHMFFBE98CC,衛武段,43.87,都市：住
RPQNMLSKNHMFFBE58CC,意誠段,51.00,都市：商
RPOOMLRKNHMFFIE09CC,澄觀段,61.67,都市：住
RPSNMLSKNHMFFBE78CC,新興段四小段,98.00,都市：商
RPSNMLSKNHMFFBE78CC,新興段四小段,78.00,都市：商
RPTNMLSKNHMFFBE88CC,意誠段,.00,都市：商
RPPPMLSKNHMFFDE88CC,獅頭段一小段,37.18,都市：住
RPSPMLSKNHMFFEE66CC,楠梓段三小段,83.00,都市：商
RPTOMLSKNHMFFAE88CC,民生段,526.00,都市：商
RPTOMLSKNHMFFAE88CC,民生段,56.00,都市：其他
RPQPMLSKNHMFFAE68CC,龍華段八小段,34.92,都市：商
RPUPMLTKNHMFFEE96CC,新庄段五小段,54.21,都市：住
RPUPMLTKNHMFFEE96CC,新庄段五小段,1.50,都市：住
RPRPMLTKNHMFFEE66CC,新庄段十二小段,76.00,都市：住
RPOPMLSKNHMFFAE48CC,青海段,13.43,都市：住
RPXNMLTKNHMFFDE96CC,獅頭段一小段,7.06,都市：商
RPWPMLTKNHMFFEE17CC,新庄段十三小段,4.80,都市：商
RPWNMLTKNHMFFDE86CC,灣華段,14.68,都市：住
RPTPMLTKNHMFFCE66CC,愛群段,39.73,都市：商
RPWNMLTKNHMFFCE76CC,憲德段一小段,2.80,都市：住
RPTNMLTKNHMFFAE88CC,前金段,.00,都市：商
RPVNMLTKNHMFFCE66CC,獅甲段二小段,31.62,都市：住
RPPNMLTKNHMFFAE48CC,青海段,.00,都市：住
RPWNMLTKNHMFFAE56CC,龍中段,9.16,都市：商
RPROMLTKNHMFFAE78CC,龍華段八小段,14.75,都市：商
RPSOMLTKNHMFFAE88CC,龍中段,6.84,都市：商
RPSOMLTKNHMFFBE98CC,成功段,.00,都市：商
RPROMLTKNHMFFBE88CC,苓洲段,.00,都市：商
RPXNMLTKNHMFFBE76CC,苓洲段,5.35,都市：商
RPTOMLTKNHMFFBE09CC,新興段四小段,.00,都市：商
RPTOMLTKNHMFFBE09CC,新興段四小段,.00,都市：商
RPVOMLTKNHMFFBE66CC,五塊厝段,8.09,都市：商
RPUOMLTKNHMFFBE56CC,過田子段,4.28,都市：住
RPWPMLTKNHMFFBE86CC,大統段二小段,.00,都市：商
RPUNMLTKNHMFFEE86DC,新庄段二小段,124.00,都市：住
RPUOMLTKNHMFFGE07CC,七老爺段一甲小段,747.00,都市：住
RPRPMLTKNHMFFGE86CC,新甲段,84.00,都市：住
RPXPMLTKNHMFFGE47CC,新庄子段,33.28,都市：住
RPPPMLTKNHMFFGE66CC,埤頂段,45.20,都市：住
RPVOMLTKNHMFFIE37CC,澄清段,78.84,都市：其他
RPVNMLTKNHMFFIE27CC,保社段,3341.92,都市：工
RPPNMLKLNHMFFAE67CC,民生段,526.00,都市：商
RPUNMLKLNHMFFAE18CC,內惟段六小段,63.00,都市：住
RPPNMLKLNHMFFAE67CC,民生段,56.00,都市：其他
RPRNMLKLNHMFFAE87CC,大智段,35.81,都市：商
RPOOMLMLNHMFFGE48CC,七老爺段一甲小段,63.00,都市：住
RPOOMLMLNHMFFGE48CC,七老爺段一甲小段,6.00,都市：住
RPSOMLMLNHMFFIE09CC,大安段,163.00,都市：住
RPPNMLLLNHMFFFE28CC,大全段,76.00,都市：住
RPOOMLTKNHMFFIE66CC,仁雄段,571.84,都市：住
RPPOMLMLNHMFFGE58CC,七老爺段一甲小段,63.00,都市：住
RPPOMLMLNHMFFGE58CC,七老爺段一甲小段,6.00,都市：住
RPUPMLMLNHMFFAE58CC,興橋段,12.12,都市：住
RPQPMLMLNHMFFDE58DC,獅頭段一小段,25.94,都市：商
RPQPMLMLNHMFFDE58DC,獅頭段一小段,12.37,都市：商
RPXNMLMLNHMFFBE78CC,過田子段,19.16,都市：住
RPTNMLMLNHMFFCE48CC,盛興段,.00,非都市： ; 非都市編定：
RPTNMLMLNHMFFDE58CC,澄東段,13.52,都市：住
RPTNMLMLNHMFFBE38CC,正言段,29.07,都市：商
RPXNMLMLNHMFFCE88CC,憲德段,47.00,都市：住
RPRPMLMLNHMFFDE58CC,獅頭段一小段,25.09,都市：住
RPTQMLMLNHMFFEE98CC,果貿段,23.00,都市：住
RPUNMLMLNHMFFBE48CC,意誠段,.00,都市：商
RPSRMLMLNHMFFEE98CC,新庄段十二小段,170.00,都市：住
RPWNMLNLNHMFFEE09CC,新庄段十二小段,13.45,都市：住
RPVPMLNLNHMFFEE56CC,新庄段七小段,13.41,都市：住
RPUPMLNLNHMFFEE09CC,藍田中段,380.17,都市：住
RPWPMLNLNHMFFEE66CC,新庄段七小段,16.81,都市：住
RPPOMLMLNHMFFDE28CC,大港段,9.31,都市：商
RPOQMLNLNHMFFEE58CC,新博段,19.06,都市：住
RPSPMLNLNHMFFEE88CC,藍田中段,195.04,都市：住
RPPPMLNLNHMFFDE48CC,大港段七小段,66.00,都市：商
RPPPMLNLNHMFFDE48CC,大港段七小段,12.00,都市：商
RPQPMLNLNHMFFDE58CC,大港段四小段,12.40,都市：住
RPQOMLNLNHMFFAE18CC,文東段,27.60,都市：商
RPQOMLNLNHMFFAE18CC,文東段,1.80,都市：商
RPPNMLNLNHMFFIE78CC,大安段,164.00,都市：住
RPRNMLNLNHMFFIE98CC,大安段,163.00,都市：住
RPVNMLNLNHMFFIE76CC,大安段,340.00,都市：住
RPOPMLNLNHMFFGE68CC,曹公段,332.66,都市：工
RPOQMLOLNHMFFIE09CC,仁雄段,193.01,都市：住
RPOQMLOLNHMFFIE09CC,仁雄段,237.43,都市：住
RPOQMLOLNHMFFIE09CC,仁雄段,237.57,都市：住
RPPOMLNLNHMFFIE88CC,大安段,187.00,都市：住
RPRPMLNLNHMFFGE98CC,新溪埔段,3348.61,非都市：特定農業區 ; 非都市編定：農牧用地
RPPQMLOLNHMFFIE56CC,仁雄段,196.24,都市：住
RPPQMLOLNHMFFIE56CC,仁雄段,192.94,都市：住
RPPQMLOLNHMFFIE56CC,仁雄段,192.83,都市：住
RPXNMLOLNHMFFBE98CC,新興段三小段,.00,非都市： ; 非都市編定：
RPTNMLOLNHMFFAE48CC,龍華段八小段,.00,都市：商
RPWOMLOLNHMFFBE98CC,五塊厝段,8.71,都市：商
RPVNMLOLNHMFFCE88CC,憲德段一小段,.00,非都市： ; 非都市編定：
RPPOMLOLNHMFFAE18CC,青海段,13.24,都市：商
RPSOMLOLNHMFFBE58CC,意誠段,.00,都市：商
RPTOMLOLNHMFFDE88CC,灣復段,109.08,都市：商
RPRNMLOLNHMFFDE58CC,獅頭段,.00,都市：商
RPXNMLPLNHMFFBE09CC,林德官段,32.68,非都市： ; 非都市編定：
RPRNMLPLNHMFFBE48CC,過田子段,77.62,都市：商
RPUNMLOLNHMFFAE58CC,龍華段八小段,.00,都市：商
RPTNMLPLNHMFFCE78CC,愛群段,.00,非都市： ; 非都市編定：
RPXNMLPLNHMFFCE56CC,高松段,26.50,都市：住
RPUNMLPLNHMFFBE78CC,五塊厝段,5.57,非都市： ; 非都市編定：
RPQOMLPLNHMFFCE58CC,獅甲段,.97,都市：住
RPQPMLPLNHMFFAE48CC,前金段,.00,都市：商
RPSOMLPLNHMFFJE86CC,文南段,104.72,都市：住
RPXNMLQLNHMFFAE09CC,龍中段,23.79,都市：住
RPWNMLQLNHMFFAE98CC,龍華段八小段,12.50,都市：商
RPUOMLPLNHMFFAE78CC,青海段,14.26,都市：住
RPQOMLQLNHMFFAE48CC,青海段,21.26,都市：住
RPQOMLPLNHMFFAE38CC,龍中段,99.85,都市：住
RPSOMLQLNHMFFAE68CC,龍中段,13.54,都市：商
RPSNMLPLNHMFFAE48CC,北金段,.00,非都市： ; 非都市編定：
RPOPMLQLNHMFFAE38CC,青海段,23.16,都市：商
RPTOMLQLNHMFFAE78CC,青海段,23.01,都市：商
RPTNMLQLNHMFFCE88CC,瑞隆段二小段,.00,都市：商
RPTNMLQLNHMFFCE88CC,瑞隆段二小段,.00,都市：商
RPXOMLQLNHMFFBE66CC,新興段一小段,10.79,都市：商
RPROMLQLNHMFFBE68CC,過田子段,64.00,都市：住
RPXNMLQLNHMFFBE56CC,意誠段,.00,都市：商
RPOPMLQLNHMFFBE48CC,成功段,5.19,都市：商
RPUNMLQLNHMFFBE88CC,新興段一小段,81.00,都市：商
RPTOMLQLNHMFFEE56CC,新庄段七小段,177.00,都市：住
RPQNMLRLNHMFFEE88CC,福山段,25.74,都市：商
RPQRMLQLNHMFFEE56CC,新庄段十三小段,7.05,都市：商
RPQNMLRLNHMFFBE58CC,林德官段,.00,都市：商
RPWNMLRLNHMFFDE76CC,灣華段,29.48,都市：住
RPPOMLQLNHMFFDE68CC,建安段,73.00,都市：商
RPRNMLRLNHMFFBE68CC,意誠段,.00,都市：商
RPQOMLQLNHMFFDE78CC,大港段三小段,67.00,都市：商
RPWOMLQLNHMFFDE76CC,三塊厝段四小段,6.59,都市：住
RPRNMLRLNHMFFAE58CC,文東段,.00,都市：商
RPUOMLQLNHMFFDE56CC,大港段四小段,21.66,都市：商
RPRNMLTLNHMFFBE88CC,新興段二小段,8.96,都市：商
RPTNMLTLNHMFFBE09CC,大統段二小段,23.94,都市：商
RPPNMLRLNHMFFCE58CC,籬子內段籬子內小段,27.80,都市：住
RPRNMLTLNHMFFEE56CC,新庄段十三小段,6.55,都市：商
RPQNMLTLNHMFFEE09CC,新庄段十三小段,9.77,都市：商
RPPNMLTLNHMFFEE98CC,新庄段十三小段,8.67,都市：商
RPTNMLTLNHMFFEE76CC,新庄段七小段,20.75,都市：住
RPSNMLTLNHMFFEE66CC,新庄段十三小段,7.43,都市：商
RPOOMLLMNHMFFEE28CC,新夏段,62.43,都市：住
RPVOMLLMNHMFFEE98CC,新庄段二小段,45.36,都市：商
RPTNMLLMNHMFFCE48CC,獅甲段二小段,23.90,都市：其他
RPXNMLLMNHMFFBE78CC,苓雅寮段,18.61,都市：住
RPWOMLLMNHMFFDE09DC,中都段三小段,164.25,都市：住
RPROMLLMNHMFFBE28CC,福東段,49.00,都市：住
RPUOMLLJOHMFFGE88CC,園尾段,102.46,都市：住
RPPPMLLMNHMFFDE38CC,大港段四小段,16.55,都市：商
RPVOMLLMNHMFFCE88DC,瑞隆段四小段,70.00,都市：商
RPTOMLLMNHMFFGE98CC,赤山段,13.02,都市：住
RPVNMLLMNHMFFBE58CC,福東段,31.00,都市：住
RPSOMLLJOHMFFGE68CC,園尾段,83.80,都市：住
RPQNMLLJOHMFFLE88CC,赤崁段潮州寮小段,1035.00,都市：工
RPPNMLLJOHMFFJE58CC,三爺埤段,1550.00,非都市：一般農業區 ; 非都市編定：農牧用地
RPPOMLLJOHMFFBE87CC,新興段四小段,.00,都市：商
RPPOMLLJOHMFFBE87CC,新興段四小段,.00,都市：商
RPOOMLLJOHMFFBE77CC,新興段一小段,.00,都市：商
RPROMLLJOHMFFBE08CC,成功段,.00,都市：商
RPWNMLLJOHMFFBE48CC,新興段一小段,.00,都市：商
RPPNMLLJOHMFFFE18CC,維新段,63.19,非都市：一般農業區 ; 非都市編定：甲種建築用地
RPQOMLLJOHMFFAE87CC,前金段,.00,都市：商
RPUOMLLJOHMFFBE38CC,大統段一小段,.00,都市：商
RPSPMLLJOHMFFBE28CC,五塊厝段,21.37,都市：商
RPWOMLLJOHMFFAE48CC,青海段,17.03,都市：住
RPVOMLLJOHMFFBE48CC,林德官段,.00,都市：商
RPVOMLLJOHMFFBE48CC,林德官段,.00,都市：商
RPVNMLLJOHMFFBE38CC,新興段三小段,.00,都市：商
RPQOMLLJOHMFFBE97CC,過田子段,.00,都市：商
RPPOMLLJOHMFFCE97CC,桂林段,89.00,都市：住
RPQPMLLJOHMFFDE28CC,大豐段二小段,88.00,都市：住
RPTPMLLJOHMFFAE28CC,青海段,7.40,都市：商
RPROMLLJOHMFFDE28CC,大豐段一小段,14.68,都市：住
RPXPMLLJOHMFFDE98CC,建民段,27.97,都市：住
RPWOMLMJOHMFFCE78CC,憲德段二小段,13.06,都市：商
RPSNMLMJOHMFFEE48CC,新庄段十二小段,.00,都市：住
RPUNMLMJOHMFFEE68CC,新庄段四小段,.00,都市：住
RPVPMLLJOHMFFEE88CC,楠都段一小段,103.00,都市：住
RPTNMLMJOHMFFEE58CC,新庄段六小段,.00,都市：住
RPOQMLLJOHMFFEE28CC,菜公段五小段,72.00,都市：住
RPWNMLMJOHMFFDE78CC,大港段四小段,41.49,都市：商
RPWNMLMJOHMFFDE78CC,大港段四小段,.51,都市：商
RPOOMLMJOHMFFDE08CC,有光段,12.76,都市：商
RPRPMLMJOHMFFCE38CC,桂林段,12.90,都市：商
RPSNMLMJOHMFFDE38CC,獅頭段一小段,.00,都市：住
RPTNMLMJOHMFFDE48CC,獅頭段一小段,.00,都市：商
RPUOMLMJOHMFFAE38CC,龍華段二小段,27.00,都市：商
RPUOMLMJOHMFFAE38CC,龍華段二小段,.80,都市：商
RPRNMLMJOHMFFDE28CC,三塊厝段,.00,都市：商
RPSOMLMJOHMFFBE28CC,林德官段,486.00,都市：商
RPSOMLMJOHMFFBE28CC,林德官段,230.00,都市：商
RPXOMLMJOHMFFBE78CC,五權段,.00,都市：住
RPRNMLMJOHMFFBE08CC,林德官段二小段,.00,都市：商
RPVOMLMJOHMFFBE58CC,意誠段,4.11,都市：商
RPOPMLMJOHMFFBE97CC,新興段二小段,.00,都市：商
RPVNMLMJOHMFFFE88CC,文化段,.00,都市：住
RPVNMLMJOHMFFBE48CC,新興段二小段,.00,都市：住
RPWNMLMJOHMFFFE98CC,文化段,.00,都市：住
RPSNMLMJOHMFFFE58CC,文化段,.00,都市：住
RPUNMLMJOHMFFFE78CC,文化段,.00,都市：住
RPSOMLMJOHMFFFE68CC,梓和段,2661.97,都市：工
RPVOMLMJOHMFFGE09CC,建軍段,44.10,都市：商
RPPPMLNJOHMFFGE68CC,華鳳段,23.25,都市：住
RPOOMLMJOHMFFGE38CC,曹公段,217.83,都市：工
RPSNMLNJOHMFFBE28CC,意誠段,.00,都市：商
RPTOMLNJOHMFFDE68CC,覆鼎金段覆鼎金一小段,82.00,都市：住
RPSOMLNJOHMFFDE58CC,灣復段,35.25,都市：商
RPSOMLNJOHMFFDE58CC,灣復段,13.66,都市：商
RPSOMLNJOHMFFDE58CC,灣復段,15.89,都市：商
RPRNMLMJOHMFFEE48DC,福山段,783.65,都市：住
RPRNMLMJOHMFFEE48DC,福山段,774.36,都市：住
RPSNMLNJOHMFFDE48CC,灣志段,58.56,都市：住
RPXNMLMJOHMFFJE86CC,大仁段,449.58,都市：工
RPSNMLMJOHMFFBE18CC,新興段四小段,259.00,都市：商
RPSNMLMJOHMFFBE18CC,新興段四小段,18.50,都市：其他
RPRNMLNJOHMFFCE28CC,獅甲段,.97,都市：住
RPRNMLNJOHMFFCE28CC,獅甲段,.72,都市：住
RPRPMLPJOHMFFCE68CC,瑞崗段二小段,63.00,都市：住
RPVNMLPJOHMFFCE88CC,宏明段,23.00,都市：住
RPPPMLPJOHMFFCE48CC,鎮昌段,40.93,都市：住
RPTPMLPJOHMFFCE88CC,憲德段二小段,7.34,都市：商
RPQNMLPJOHMFFAE18CC,龍華段八小段,15.31,都市：商
RPPPMLPJOHMFFDE58CC,三塊厝段,94.00,都市：住
RPTOMLPJOHMFFGE56CC,赤山段,6.80,都市：商
RPWOMLQJOHMFFDE66CC,大港段四小段,7.49,都市：商
RPVOMLQJOHMFFCE09CC,山明段,21.73,都市：住
RPRNMLRJOHMFFIE66CC,仁春段,165.00,都市：住
RPOOMLQJOHMFFBE28CC,意誠段,.00,都市：商
RPTPMLQJOHMFFCE98CC,獅甲段二小段,55.21,都市：其他
RPXNMLQJOHMFFBE09CC,意誠段,.00,都市：商
RPPOMLPJOHMFFDE58DC,中都段四小段,24.25,都市：住
RPPOMLPJOHMFFDE58DC,中都段四小段,8.40,都市：住
RPPOMLQJOHMFFAE28CC,龍華段八小段,18.26,都市：住
RPVNMLRJOHMFFDE56CC,大港段四小段,24.76,都市：商
RPOOMLQJOHMFFCE38CC,憲德段二小段,13.52,都市：商
RPVNMLRJOHMFFGE86CC,鳳甲段,75.66,都市：住
RPTNMLRJOHMFFGE66CC,新甲段,84.00,都市：其他
RPVPMLSJOHMFFGE17CC,鳳甲段,.12,都市：住
RPVPMLSJOHMFFGE17CC,鳳甲段,84.18,都市：住
RPVOMLSJOHMFFDE76CC,大港段,78.59,都市：商
RPOPMLSJOHMFFDE78CC,覆鼎金段覆鼎金小段,203.00,都市：住
RPOPMLSJOHMFFDE78CC,覆鼎金段覆鼎金小段,203.00,都市：住
RPOPMLSJOHMFFCE68CC,瑞崗段一小段,64.00,都市：商
RPSOMLSJOHMFFCE98CC,瑞崗段四小段,62.00,都市：住
RPVNMLSJOHMFFEE76CC,新福段九小段,.00,都市：商
RPXOMLSJOHMFFEE07CC,新庄段十三小段,7.86,都市：商
RPWPMLSJOHMFFGE27CC,新甲段,24.10,都市：住
RPXNMLTJOHMFFBE76CC,過田子段,91.00,都市：其他
RPVNMLTJOHMFFBE56CC,大統段一小段,12.14,都市：商
RPSNMLSJOHMFFBE78CC,新興段四小段,19.32,都市：商
RPVNMLSJOHMFFBE09CC,意誠段,.00,都市：商
RPOOMLTJOHMFFAE48CC,龍華段三小段,32.00,都市：住
RPUNMLTJOHMFFAE98CC,後金段,100.00,都市：商
RPVNMLTJOHMFFAE09CC,青海段,.00,都市：住
RPWNMLTJOHMFFBE66CC,林德官段一小段,6.42,都市：住
RPPPMLTJOHMFFAE68CC,龍華段八小段,.00,都市：商
RPROMLTJOHMFFAE78CC,前金段,6.76,都市：商
RPUNMLTJOHMFFBE09CC,五塊厝段,5.27,都市：商
RPUNMLSJOHMFFBE98CC,林德官段,4.01,都市：其他
RPVNMLTJOHMFFEE86CC,新庄段十三小段,6.24,都市：商
RPWNMLTJOHMFFEE96CC,新福段五小段,30.84,都市：住
RPSNMLTJOHMFFEE56CC,新光段,768.50,都市：住
RPQOMLTJOHMFFEE09CC,新福段十小段,20.35,都市：住
RPUNMLTJOHMFFCE56CC,瑞南段一小段,8.22,都市：商
RPWNMLTJOHMFFCE76CC,莊段,161.00,都市：住
RPTNMLTJOHMFFDE56CC,大港段七小段,.00,都市：商
RPPOMLTJOHMFFDE88CC,覆鼎金段覆鼎金一小段,30.31,都市：住
RPWPMLKKOHMFFGE56CC,七老爺段,96.00,都市：住
RPRNMLKKOHMFFAE87CC,內惟段九小段,124.53,都市：住
RPOOMLTJOHMFFGE09CC,華鳳段,.00,都市：住
RPRNMLKKOHMFFBE97CC,意誠段,.00,都市：商
RPQPMLMKOHMFFAE18CC,青海段,19.04,都市：住
RPQNMLMKOHMFFDE28CC,長明段,6.15,都市：商
RPPNMLKKOHMFFGE28CC,新甲段,2.46,都市：住
RPPNMLKKOHMFFGE28CC,新甲段,23.33,都市：住
RPOPMLMKOHMFFEE38CC,新庄段八小段,29.33,都市：住
RPTVMLMKOHMFFDE76CC,獅頭段,47.38,都市：商
RPTNMLMKOHMFFFE78CC,岡山段,35.55,都市：住
RPUOMLNKOHMFFGE56CC,文英段,90.00,都市：住
RPWNMLNKOHMFFEE09CC,菜公段二小段,.00,都市：工
RPWNMLNKOHMFFEE09CC,菜公段二小段,.00,都市：工
RPQOMLNKOHMFFIE98CC,大安段,163.00,都市：住
RPVOMLNKOHMFFCE88CC,獅甲段,.00,都市：商
RPUNMLMKOHMFFFE98DC,橋中段,122.01,都市：住
RPTOMLNKOHMFFDE78CC,灣志段,51.73,都市：其他
RPRNMLNKOHMFFAE18CC,青海段,.00,都市：住
RPROMLNKOHMFFAE28CC,龍華段八小段,15.75,都市：商
RPQNMLNKOHMFFBE18CC,五權段,48.17,都市：住
RPPOMLNKOHMFFBE18CC,意誠段,.00,都市：商
RPROMLNKOHMFFBE38CC,意誠段,.00,都市：商
RPOPMLOKOHMFFCE38CC,愛群段,6.77,都市：住
RPRPMLOKOHMFFAE48CC,龍華段八小段,9.34,都市：商
RPPPMLOKOHMFFAE28CC,文東段,.00,非都市： ; 非都市編定：
RPVOMLOKOHMFFAE78CC,龍中段,18.31,都市：住
RPOPMLOKOHMFFAE18CC,龍華段八小段,.00,非都市： ; 非都市編定：
RPOOMLOKOHMFFBE18CC,林興段,50.00,都市：住
RPRNMLOKOHMFFCE48CC,獅甲段,.41,都市：住
RPRNMLOKOHMFFCE48CC,獅甲段,.97,都市：住
RPTNMLOKOHMFFDE78CC,覆鼎金段覆鼎金小段,12.06,都市：商
RPSNMLOKOHMFFDE68CC,鼎泰段,.00,都市：住
RPQQMLOKOHMFFEE88CC,新庄段七小段,76.00,都市：住
RPUNMLOKOHMFFDE88CC,灣愛段,26.48,都市：住
RPQNMLOKOHMFFDE48CC,鼎泰段,31.42,都市：住
RPRNMLOKOHMFFIE09CC,澄清段,48.61,都市：住
RPVNMLOKOHMFFGE66CC,鳳山段大老衙小段,.00,都市：商
RPQOMLOKOHMFFGE88CC,鳳山段草店尾小段,6.00,都市：商
RPQOMLOKOHMFFGE88CC,鳳山段草店尾小段,248.00,都市：商
RPQOMLOKOHMFFGE88CC,鳳山段草店尾小段,43.00,都市：商
RPOOMLOKOHMFFDE38CC,獅頭段一小段,.00,非都市： ; 非都市編定：
RPVOMLOKOHMFFDE09CC,覆鼎金段覆鼎金小段,.00,都市：住
RPPPMLOKOHMFFEE68CC,新庄段十三小段,26.90,都市：住
RPROMLOKOHMFFFE98DC,陽明段,73.00,都市：住
RPSOMLPKOHMFFDE88CC,灣復段,6.66,都市：住
RPSNMLPKOHMFFDE88DC,鼎泰段一小段,81.60,都市：住
RPTNMLPKOHMFFEE09DC,新光段,23.42,都市：住
RPXOMLPKOHMFFEE86CC,新庄段十三小段,14.05,都市：住
RPRPMLPKOHMFFDE88CC,覆鼎金段覆鼎金小段,.00,都市：住
RPXNMLPKOHMFFCE56CC,獅甲段二小段,54.84,都市：其他
RPXOMLPKOHMFFGE07CC,七老爺段,18.97,都市：住
RPVNMLPKOHMFFCE98CC,宏明段,188.41,都市：住
RPOOMLPKOHMFFAE18CC,後金段,.00,都市：商
RPUNMLPKOHMFFAE68CC,前金段,.00,都市：商
RPUNMLPKOHMFFAE68CC,前金段,.00,都市：商
RPUNMLPKOHMFFAE68CC,前金段,.00,都市：商
RPWNMLPKOHMFFAE88CC,前金段,.00,都市：商
RPPNMLPKOHMFFBE28CC,大統段二小段,59.00,都市：商
RPOOMLPKOHMFFBE28CC,意誠段,.00,都市：商
RPSOMLPKOHMFFBE68CC,過田子段,.00,都市：商
RPSNMLPKOHMFFBE58CC,新興段三小段,51.00,都市：商
RPSNMLPKOHMFFBE58CC,新興段三小段,46.00,都市：商
RPXNMLPKOHMFFBE09CC,意誠段,.00,都市：商
RPPOMLPKOHMFFBE38CC,過田子段,.00,都市：商
RPQOMLPKOHMFFBE48CC,意誠段,.00,都市：商
RPUOMLPKOHMFFBE88CC,成功段,.00,都市：商
RPVOMLPKOHMFFBE98CC,過田子段,.00,都市：商
RPWOMLPKOHMFFBE09CC,過田子段,.00,都市：商
RPOPMLPKOHMFFBE38CC,意誠段,.00,都市：商
RPTNMLQKOHMFFAE68CC,青海段,13.78,都市：住
RPOPMLQKOHMFFAE38CC,青海段,9.65,都市：住
RPSPMLQKOHMFFAE78CC,龍中段,11.98,都市：住
RPUNMLQKOHMFFEE56CC,福山段,8.67,都市：商
RPTPMLQKOHMFFGE86CC,文英段,9.29,都市：住
RPVOMLQKOHMFFAE98CC,前金段,1.62,都市：商
RPVOMLQKOHMFFAE98CC,前金段,2.63,都市：商
RPVNMLQKOHMFFCE09CC,瑞隆段四小段,13.56,都市：住
RPUPMLQKOHMFFGE96CC,三甲段,222.27,都市：住
RPQOMLQKOHMFFAE48CC,龍中段,17.31,都市：商
RPXNMLQKOHMFFAE09CC,龍華段八小段,10.00,都市：商
RPWNMLQKOHMFFFE86CC,灣裡西段,64.54,都市：住
RPVPMLQKOHMFFGE07CC,福誠段,.00,都市：住
RPPNMLRKOHMFFAE38CC,大智段,63.00,都市：商
RPPNMLRKOHMFFAE38CC,大智段,6.00,都市：其他
RPPNMLRKOHMFFAE38CC,大智段,94.00,都市：商
RPPNMLRKOHMFFAE38CC,大智段,14.00,都市：商
RPPNMLSKOHMFFCE68CC,愛群段,.00,都市：商
RPPOMLTKOHMFFCE88CC,宏明段,188.41,都市：住
RPWNMLQKOHMFFEE76CC,新庄段十三小段,38.30,都市：商
RPOPMLTKOHMFFCE88CC,愛群段,.00,都市：商
RPOOMLQKOHMFFIE09CC,仁雄段,402.02,都市：住
RPQNMLTKOHMFFDE98CC,覆鼎金段覆鼎金一小段,11.28,都市：住
RPVNMLQKOHMFFEE66CC,新福段七小段,3.95,都市：住
RPRNMLTKOHMFFDE09CC,覆鼎金段覆鼎金一小段,10.28,都市：住
RPQPMLTKOHMFFCE09CC,佛公段,734.00,都市：住
RPSOMLTKOHMFFCE56CC,獅甲段,7.61,都市：商
RPSOMLTKOHMFFCE56CC,獅甲段,2.41,都市：商
RPPNMLRKOHMFFFE88CC,陽明段,48.89,都市：住
RPSNMLTKOHMFFDE56CC,覆鼎金段覆鼎金一小段,10.28,都市：住
RPRNMLTKOHMFFEE56CC,新庄段十二小段,140.00,都市：住
RPTNMLTKOHMFFBE09CC,意誠段,.00,都市：商
RPPOMLKLOHMFFLE98CC,後壁寮段,63.82,都市：住
RPPOMLKLOHMFFLE98CC,後壁寮段,18.59,都市：住
RPPOMLKLOHMFFLE98CC,後壁寮段,3.04,都市：住
RPPPMLTKOHMFFDE09CC,鼎泰段,.00,都市：住
RPSNMLTKOHMFFEE66CC,新庄段六小段,6.90,都市：住
RPRNMLKLOHMFFGE58CC,中崙段,34.86,非都市： ; 非都市編定：
RPROMLTKOHMFFAE88CC,龍華段八小段,.00,都市：商
RPVPMLTKOHMFFEE17CC,高昌段,428.75,都市：住
RPTNMLTKOHMFFIE17CC,大安段,78.00,都市：住
RPVNMLKLOHMFFBE48CC,新興段二小段,88.00,都市：商
RPSNMLKLOHMFFBE18CC,意誠段,.00,都市：商
RPSNMLKLOHMFFGE68CC,五甲段,76.00,非都市： ; 非都市編定：
RPQOMLKLOHMFFBE08CC,林德官段,.00,都市：商
RPQOMLKLOHMFFBE08CC,林德官段,.00,都市：商
RPTOMLKLOHMFFAE28CC,鹽府段,194.46,都市：商
RPSOMLKLOHMFFBE28CC,新興段四小段,.00,都市：商
RPSOMLKLOHMFFBE28CC,新興段四小段,.00,都市：商
RPVOMLKLOHMFFBE58CC,新興段四小段,.00,都市：商
RPVOMLKLOHMFFBE58CC,新興段四小段,.00,都市：商
RPTOMLKLOHMFFBE38CC,過田子段,.00,都市：商
RPQPMLKLOHMFFEE48CC,新庄段七小段,7.83,都市：住
RPUQMLKLOHMFFEE98CC,新庄段十二小段,113.00,都市：住
RPPQMLKLOHMFFEE48CC,清楠段,346.57,都市：其他
RPSNMLKLOHMFFDE38CC,三塊厝段四小段,81.00,都市：商
RPRNMLKLOHMFFEE38CC,新庄段十三小段,.00,都市：住
RPSOMLLLOHMFFDE58CC,大港段七小段,45.00,都市：商
RPQPMLLLOHMFFEE58CC,菜公段六小段,24.25,都市：住
RPWNMLKLOHMFFBE58CC,新興段三小段,.00,非都市： ; 非都市編定：
RPSNMLLLOHMFFBE28CC,新興段四小段,.00,都市：商
RPSNMLLLOHMFFBE28CC,新興段四小段,.00,都市：商
RPQOMLLLOHMFFEE48CC,新庄段五小段,.00,都市：住
RPWOMLKLOHMFFDE88CC,大港段二小段,.00,都市：商
RPOQMLMLOHMFFGE78CC,文山段,10.80,都市：住
RPSOMLMLOHMFFFE88CC,大仁段,90.00,都市：其他
RPOOMLLLOHMFFFE38CC,文化段,.00,都市：住
RPWOMLMLOHMFFEE56CC,福山段,22.17,都市：商
RPQOMLMLOHMFFDE48CC,覆鼎金段覆鼎金小段,58.77,都市：住
RPRRMLMLOHMFFGE56CC,華鳳段,35.36,都市：住
RPRNMLMLOHMFFDE48CC,大港段二小段,10.27,都市：住
RPROMLNLOHMFFCE58CC,宏明段,188.41,都市：住
RPQNMLMLOHMFFDE38CC,大港段二小段,10.27,都市：住
RPVNMLNLOHMFFDE98CC,三塊厝段一小段,24.00,都市：商
RPVOMLMLOHMFFCE88CC,愛群段,24.60,都市：住
RPSOMLNLOHMFFEE88CC,新庄段十三小段,7.80,都市：住
RPPPMLNLOHMFFEE68CC,福山段,.00,都市：住
RPPOMLNLOHMFFAE18CC,前金段,3.25,都市：商
RPPNMLNLOHMFFAE08CC,龍中段,166.63,都市：住
RPQNMLOLOHMFFAE28CC,青海段,26.68,都市：住
RPTNMLOLOHMFFAE58CC,大成段,4.00,都市：商
RPTNMLOLOHMFFAE58CC,大成段,19.40,都市：商
RPTNMLOLOHMFFAE58CC,大成段,8.20,都市：商
RPRNMLOLOHMFFAE38CC,青海段,8.00,都市：住
RPPNMLOLOHMFFAE18CC,青海段,19.66,都市：住
RPPNMLOLOHMFFBE28CC,意誠段,.00,都市：商
RPQNMLOLOHMFFBE38CC,苓東段,11.12,都市：商
RPQNMLOLOHMFFBE38CC,苓東段,21.04,都市：商
RPRNMLOLOHMFFBE48CC,意誠段,.00,都市：商
RPVNMLOLOHMFFAE78CC,青海段,18.32,都市：商
RPOOMLNLOHMFFAE08CC,龍華段八小段,23.73,都市：商
RPTNMLOLOHMFFBE68CC,苓洲段,4.25,都市：商
RPWNMLOLOHMFFBE98CC,林德官段,26.51,都市：住
RPWNMLOLOHMFFAE88CC,龍華段三小段,26.19,都市：住
RPSNMLOLOHMFFBE58CC,苓洲段,4.33,都市：商
RPSNMLOLOHMFFAE48CC,龍華段八小段,8.18,都市：商
RPQNMLOLOHMFFEE68CC,新庄段十三小段,8.67,都市：商
RPPNMLOLOHMFFEE58CC,藍田中段,1986.81,都市：商
RPVNMLOLOHMFFEE56CC,新庄段二小段,15.50,都市：住
RPXNMLOLOHMFFEE76CC,菜公段六小段,11.82,都市：住
RPXPMLQLOHMFFGE37CC,新甲段,101.00,都市：住
RPRNMLOLOHMFFEE78CC,新庄段十二小段,19.33,都市：住
RPPNMLOLOHMFFCE38CC,瑞隆段四小段,22.72,都市：住
RPVNMLQLOHMFFFE86CC,介壽段,20.97,都市：住
RPWNMLQLOHMFFDE76CC,三塊厝段,.00,都市：商
RPQNMLOLOHMFFGE88CC,五甲段,26.51,都市：住
RPSPMLQLOHMFFEE66CC,新庄段十三小段,3.58,都市：商
RPSPMLQLOHMFFDE56CC,獅頭段,1.57,都市：商
RPSPMLQLOHMFFDE56CC,獅頭段,9.17,都市：住
RPVNMLQLOHMFFEE76CC,福民段,24.14,都市：住
RPVOMLQLOHMFFDE76CC,澄清段二小段,.00,都市：住
RPTOMLQLOHMFFBE98CC,衛武段,30.66,都市：商
RPVNMLQLOHMFFBE09CC,過田子段,.00,都市：商
RPROMLQLOHMFFBE78CC,意誠段,.00,都市：商
RPWNMLQLOHMFFBE56CC,過田子段,.00,都市：商
RPVOMLQLOHMFFBE56CC,大統段二小段,33.48,都市：商
RPPPMLQLOHMFFDE88CC,鼎泰段,.00,都市：住
RPUNMLRLOHMFFAE98CC,博孝段,.00,都市：商
RPUNMLRLOHMFFAE98CC,博孝段,.00,都市：商
RPUNMLRLOHMFFAE98CC,博孝段,.00,都市：住
RPVNMLQLOHMFFAE98CC,前金段,.00,都市：商
RPTPMLRLOHMFFBE56CC,過田子段,.00,都市：商
RPPQMLRLOHMFFEE56CC,福山段,25.74,都市：商
RPVOMLQLOHMFFAE09CC,龍華段八小段,10.35,都市：商
RPXOMLQLOHMFFBE76CC,大港埔段,.00,都市：商
RPQOMLQLOHMFFAE58CC,龍中段,24.87,都市：商
RPQRMLRLOHMFFEE76CC,新庄段一小段,17.99,都市：住
RPWNMLRLOHMFFGE17CC,頂新段,80.44,非都市： ; 非都市編定：
RPOPMLRLOHMFFDE88CC,三塊厝段四小段,16.69,都市：住
RPTNMLRLOHMFFDE56CC,長明段,67.42,都市：商
RPXNMLRLOHMFFAE76DC,博孝段,2124.00,都市：住
RPQPMLRLOHMFFDE09CC,大港段二小段,.00,都市：商
RPOOMLSLOHMFFDE88CC,義民段,52.44,都市：商
RPXNMLSLOHMFFDE07CC,建安段,86.00,都市：商
RPTNMLSLOHMFFCE56CC,宏明段,23.11,都市：住
RPWNMLSLOHMFFCE96DC,獅甲段,.00,都市：其他
RPVPMLSLOHMFFEE17CC,新庄段六小段,6.90,都市：住
RPUOMLSLOHMFFFE07CC,文化段,.00,都市：住
RPPOMLSLOHMFFBE78CC,新興段二小段,.00,都市：住
RPTNMLSLOHMFFBE09CC,過田子段,97.00,都市：商
RPQOMLSLOHMFFBE88CC,新興段二小段,.00,都市：住
RPTOMLSLOHMFFAE09CC,龍中段,9.54,都市：住
RPTNMLTLOHMFFAE09CC,龍中段,22.78,都市：商
RPQPMLSLOHMFFAE88CC,龍華段九小段,11.50,都市：住
RPVNMLTLOHMFFAE66CC,前峰段,21.55,都市：住
RPVNMLTLOHMFFAE66CC,前峰段,.05,都市：住
RPVNMLTLOHMFFAE66CC,前峰段,.50,都市：住
RPOOMLTLOHMFFAE68CC,龍中段,51.12,都市：商
RPTNMLTLOHMFFBE56CC,意誠段,.00,都市：商
RPSNMLTLOHMFFBE09CC,意誠段,.00,都市：商
RPUNMLTLOHMFFAE56CC,東金段,75.00,都市：商
RPRNMLTLOHMFFAE88CC,北金段,6.34,都市：商
RPXOMLTLOHMFFEE37CC,新光段,957.56,都市：住
RPWOMLTLOHMFFEE27CC,新光段,607.57,都市：住
RPOPMLTLOHMFFEE56CC,新庄段四小段,.00,都市：住
RPROMLTLOHMFFFE86CC,建樹段,31.29,都市：商
RPUOMLTLOHMFFGE27CC,牛潮埔段,2444.00,都市：住
RPTPMLKMOHMFFGE09CC,鳳山段火房口小段,114.00,都市：住
RPSPMLKMOHMFFGE98CC,竹子腳段,29.00,都市：住
RPSPMLKMOHMFFGE98CC,竹子腳段,53.00,都市：住
RPXNMLKMOHMFFDE98CC,覆鼎金段覆鼎金小段,.00,都市：住
RPUOMLTLOHMFFCE86CC,中林子段,2302.00,都市：工
RPVPMLTLOHMFFCE07CC,草衙段二小段,.00,都市：住
RPUNMLKMOHMFFBE48CC,林德官段,.00,非都市： ; 非都市編定：
RPVNMLKMOHMFFAE48CC,龍華段八小段,11.76,都市：商
RPUOMLKMOHMFFCE68CC,獅甲段,.00,都市：商
RPUOMLKMOHMFFCE68CC,獅甲段,.00,都市：商
RPROMLKMOHMFFCE38CC,光華段,7.87,都市：其他
RPWOMLKMOHMFFDE98CC,三塊厝段三小段,21.41,都市：住
RPROMLNJPHMFFCE48CC,憲德段一小段,3.10,都市：住
RPROMLNJPHMFFCE48CC,憲德段一小段,1.04,都市：住
RPSOMLNJPHMFFCE58CC,獅甲段,.31,都市：住
RPSOMLNJPHMFFCE58CC,獅甲段,.97,都市：住
RPSNMLMJPHMFFDE48CC,獅頭段,51.00,都市：商
RPPNMLMJPHMFFDE18CC,大港段七小段,.00,都市：商
RPQNMLMJPHMFFDE28CC,大港段七小段,.00,都市：商
RPOPMLNJPHMFFCE28CC,瑞隆段四小段,56.00,都市：住
RPUOMLNJPHMFFCE78CC,獅甲段二小段,14.17,都市：住
RPTOMLNJPHMFFCE68CC,獅甲段,2.05,都市：住
RPTOMLNJPHMFFCE68CC,獅甲段,6.48,都市：住
RPRPMLNJPHMFFEE78CC,福民段,11.68,都市：住
RPTPMLNJPHMFFEE98CC,福山段,103.16,都市：住
RPUPMLNJPHMFFEE09CC,藍田中段,67.57,都市：住
RPSNMLNJPHMFFAE28CC,民生段,15.84,都市：住
RPSNMLNJPHMFFLE76CC,翁公園段,24.13,都市：其他
RPOOMLNJPHMFFGE58CC,頂宏段,908.58,都市：住
RPOOMLNJPHMFFGE58CC,頂宏段,1051.45,都市：住
RPPOMLNJPHMFFBE18CC,福東段,74.00,都市：商
RPTOMLNJPHMFFBE58CC,正憲段,62.22,都市：商
RPOOMLNJPHMFFBE08CC,意誠段,.00,都市：商
RPQOMLNJPHMFFBE28CC,意誠段,.00,都市：商
RPWOMLNJPHMFFGE76CC,新甲段,22.64,都市：住
RPSOMLNJPHMFFBE48CC,福河段,60.00,都市：住
RPUNMLNJPHMFFIE66CC,育才段,20.22,都市：住
RPOPMLNJPHMFFGE68CC,文山段,82.00,都市：住
RPVNMLNJPHMFFBE68CC,成功段,6.80,都市：住
RPQNMLOJPHMFFAE18CC,後金段,54.00,都市：商
RPQNMLOJPHMFFAE18CC,後金段,54.00,都市：商
RPROMLOJPHMFFAE38CC,龍華段九小段,436.50,都市：住
RPPOMLOJPHMFFIE98CC,大腿段,400.00,都市：工
RPPOMLOJPHMFFIE98CC,大腿段,800.00,都市：工
RPPNMLOJPHMFFBE18CC,大統段二小段,.00,都市：商
RPXNMLOJPHMFFAE88CC,青海段,.00,都市：住
RPWNMLOJPHMFFIE96CC,仁龍段,462.80,非都市：特定農業區 ; 非都市編定：農牧用地
RPPPMLOJPHMFFEE68CC,楠梓段三小段,12.28,都市：住
RPSOMLOJPHMFFCE68CC,憲德段二小段,8.27,都市：商
RPPNMLOJPHMFFCE28CC,愛群段,.00,都市：住
RPPQMLOJPHMFFEE78CC,後勁段一小段,69.00,都市：住
RPQNMLOJPHMFFFE68CC,岡山段,101.00,都市：商
RPPNMLPJPHMFFCE38CC,中厝段,1180.00,都市：住
RPUOMLPJPHMFFDE09CC,大港段二小段,.00,都市：住
RPQNMLPJPHMFFCE48CC,莊段,10.87,都市：商
RPQQMLPJPHMFFEE98CC,新福段五小段,.00,都市：住
RPVOMLPJPHMFFCE09CC,憲德段一小段,.00,都市：商
RPQNMLPJPHMFFEE68CC,果貿段,22.50,都市：住
RPQPMLPJPHMFFAE48CC,青海段,20.63,都市：住
RPXNMLPJPHMFFGE96CC,五甲段,30.45,都市：住
RPSOMLQJPHMFFIE86CC,仁營段,250.00,都市：農
RPSOMLQJPHMFFIE86CC,仁營段,141.00,都市：農
RPRQMLPJPHMFFEE09CC,新庄段六小段,181.00,都市：住
RPQOMLQJPHMFFIE66CC,仁雄段,988.87,都市：住
RPUOMLQJPHMFFGE86CC,七老爺段一甲小段,47.00,都市：住
RPOOMLQJPHMFFBE38CC,新興段二小段,8.94,都市：商
RPUNMLQJPHMFFBE88CC,意誠段,.00,都市：商
RPPNMLQJPHMFFBE38CC,林德官段二小段,25.47,都市：商
RPPNMLQJPHMFFBE38CC,林德官段二小段,.25,都市：商
RPXNMLQJPHMFFBE56CC,意誠段,.00,都市：商
RPVNMLQJPHMFFBE98CC,意誠段,.00,都市：商
RPPOMLQJPHMFFBE48CC,新興段二小段,9.22,都市：商
RPVOMLQJPHMFFEE76CC,新庄段十二小段,.00,都市：商
RPSPMLQJPHMFFCE98CC,瑞隆段四小段,21.36,都市：住
RPPQMLQJPHMFFEE98CC,新庄段十三小段,6.21,都市：商
RPTNMLRJPHMFFCE98CC,竹北段,19.65,都市：住
RPUQMLQJPHMFFEE86CC,新博段,11.75,都市：住
RPPOMLQJPHMFFEE78CC,清豐段,178.29,都市：住
RPWNMLRJPHMFFCE66CC,光華段,83.00,都市：商
RPOOMLRJPHMFFCE58CC,光華段,.00,都市：商
RPTNMLRJPHMFFDE09CC,灣昌段,68.37,都市：住
RPUOMLRJPHMFFDE66CC,澄義段,67.90,都市：住
RPSOMLRJPHMFFDE09CC,獅頭段,11.85,都市：商
RPVNMLRJPHMFFEE76CC,新庄段十三小段,8.28,都市：商
RPWNMLRJPHMFFBE56CC,意誠段,.00,都市：商
RPUOMLRJPHMFFEE76CC,和平段五小段,36.31,都市：住
RPXNMLRJPHMFFBE66CC,林聖段,.00,都市：住
RPQNMLRJPHMFFEE88CC,左東段,14.78,都市：住
RPPPMLRJPHMFFBE68CC,過田子段,.00,都市：商
RPWOMLRJPHMFFEE96CC,福山段,19.70,都市：住
RPOPMLRJPHMFFBE58CC,五塊厝段,.00,都市：商
RPQOMLRJPHMFFBE68CC,林興段,91.00,都市：商
RPQPMLRJPHMFFBE78CC,新興段四小段,.00,都市：商
RPQPMLRJPHMFFBE78CC,新興段四小段,.00,都市：商
RPRPMLRJPHMFFBE88CC,大統段二小段,.00,都市：商
RPOOMLRJPHMFFDE78DC,大港段四小段,590.00,都市：商
RPXNMLRJPHMFFGE17CC,文山段,.00,都市：住
RPPNMLRJPHMFFGE98CC,中崙段,.00,非都市： ; 非都市編定：
RPRNMLRJPHMFFAE58CC,北金段,10.11,都市：商
RPRNMLSJPHMFFAE68CC,東金段,2.33,都市：商
RPTNMLSJPHMFFGE86CC,建軍段,64.92,都市：住
RPRNMLTJPHMFFEE56CC,楠園段,73.02,都市：其他
RPWNMLKKPHMFFEE88CC,芎蕉段,16.95,都市：商
RPTNMLKKPHMFFEE58CC,新庄段五小段,15.84,都市：住
RPSNMLKKPHMFFEE48CC,清楠段,68.08,都市：住
RPVQMLKKPHMFFEE09CC,和平段四小段,.00,都市：住
RPUOMLKKPHMFFEE78CC,福山段,.00,都市：商
RPTPMLKKPHMFFDE68CC,陽明段四小段,.00,都市：住
RPWNMLKKPHMFFBE58CC,五塊厝段,25.95,都市：商
RPWQMLKKPHMFFEE56CC,楠都段三小段,12.67,都市：商
RPUPMLKKPHMFFGE09CC,五甲段,.00,都市：住
RPUPMLKKPHMFFGE09CC,五甲段,.00,都市：住
RPOPMLKKPHMFFAE87CC,青海段,14.42,都市：商
RPOOMLKKPHMFFAE77CC,龍中段,16.49,都市：住
RPROMLKKPHMFFAE08CC,青海段,293.74,都市：住
RPROMLKKPHMFFAE08CC,青海段,220.28,都市：住
RPROMLKKPHMFFAE08CC,青海段,227.41,都市：住
RPQOMLKKPHMFFCE18CC,獅甲段二小段,.00,都市：住
RPUOMLLKPHMFFFE98CC,建樹段,154.82,都市：住
RPQOMLLKPHMFFIE88CC,鳳松段,.00,都市：住
RPOOMLLKPHMFFGE48CC,頂庄段,15.99,都市：住
RPWNMLLKPHMFFGE56CC,灣頭段,102.50,都市：住
RPQOMLLKPHMFFBE18CC,新興段四小段,417.00,都市：商
RPSNMLLKPHMFFGE88DC,文英段,878.00,都市：住
RPUNMLLKPHMFFBE48CC,意誠段,.00,都市：商
RPTNMLLKPHMFFGE98DC,文英段,878.00,都市：住
RPPOMLLKPHMFFBE08CC,過田子段,.00,都市：商
RPVNMLLKPHMFFBE58CC,福河段,.00,都市：商
RPUNMLLKPHMFFGE09DC,文英段,878.00,都市：住
RPOOMLLKPHMFFBE97CC,過田子段,.00,都市：商
RPTNMLLKPHMFFBE38CC,新興段二小段,39.00,都市：商
RPTNMLLKPHMFFBE38CC,新興段二小段,31.00,都市：商
RPROMLLKPHMFFBE28CC,過田子段,.00,都市：商
RPSOMLLKPHMFFBE38CC,新興段四小段,.00,非都市： ; 非都市編定：
RPTOMLLKPHMFFBE48CC,新興段一小段,.00,都市：商
RPVOMLLKPHMFFBE68CC,新興段四小段,.00,非都市： ; 非都市編定：
RPUPMLLKPHMFFBE68CC,新興段一小段,.70,都市：商
RPQQMLLKPHMFFBE38CC,林德官段二小段,89.00,都市：住
RPOQMLLKPHMFFBE18CC,林德官段二小段,.00,都市：商
RPOQMLLKPHMFFBE18CC,林德官段二小段,.00,都市：商
RPVPMLLKPHMFFBE78CC,大統段一小段,17.17,都市：商
RPVOMLLKPHMFFAE58CC,內惟段一小段,35.00,都市：住
RPVOMLLKPHMFFAE58CC,內惟段一小段,11.00,都市：住
RPUPMLLKPHMFFAE58CC,大榮段,1.20,都市：住
RPXNMLLKPHMFFAE68CC,龍華段九小段,.00,都市：住
RPQPMLLKPHMFFAE18CC,龍中段,23.79,都市：住
RPPOMLLKPHMFFAE97CC,前金段,.00,都市：商
RPXOMLLKPHMFFCE98CC,二苓段,151.00,都市：住
RPOPMLLKPHMFFCE18CC,瑞隆段二小段,73.00,都市：住
RPTOMLLKPHMFFDE68CC,三塊厝段,59.00,都市：商
RPUOMLLKPHMFFDE78CC,大港段二小段,.00,都市：商
RPSNMLMKPHMFFDE58CC,大港段二小段,6.70,都市：住
RPRNMLMKPHMFFDE48CC,獅頭段,14.60,都市：商
RPQOMLMKPHMFFEE58CC,翠屏段四小段,4327.06,都市：住
RPSRMLLKPHMFFEE98CC,新庄段十二小段,13.23,都市：商
RPSPMLMKPHMFFDE78CC,大豐段三小段,25.20,都市：住
RPXQMLLKPHMFFEE76CC,左西段,1.00,都市：住
RPXQMLLKPHMFFEE76CC,左西段,34.00,都市：住
RPXQMLLKPHMFFEE76CC,左西段,26.00,都市：住
RPXQMLLKPHMFFEE76CC,左西段,183.00,都市：住
RPXQMLLKPHMFFEE76CC,左西段,10.00,都市：住
RPTNMLMKPHMFFEE78CC,新庄段十三小段,.00,都市：住
RPTPMLMKPHMFFDE88CC,建工段,9.79,都市：住
RPPQMLMKPHMFFEE68CC,新博段,31.55,都市：住
RPUQMLLKPHMFFEE09CC,新庄段十三小段,.00,非都市： ; 非都市編定：
RPQNMLMKPHMFFEE48CC,新庄段五小段,9.42,都市：住
RPQPMLMKPHMFFDE58CC,中華段一小段,151.00,都市：商
RPVNMLMKPHMFFBE68CC,苓洲段,110.00,都市：住
RPTOMLMKPHMFFBE58CC,新興段四小段,28.20,都市：商
RPTNMLMKPHMFFFE88CC,文化段,.00,都市：住
RPSNMLMKPHMFFCE48CC,獅甲段,.97,都市：住
RPSNMLMKPHMFFCE48CC,獅甲段,.30,都市：住
RPXNMLMKPHMFFIE96CC,澄清段,377.00,都市：住
RPQOMLMKPHMFFDE58DC,水源段,8.08,都市：商
RPQOMLMKPHMFFDE58DC,水源段,8.15,都市：住
RPPOMLNKPHMFFIE98CC,澄清段,92.25,都市：住
RPVOMLNKPHMFFGE76CC,文英段,.00,非都市： ; 非都市編定：
RPTNMLNKPHMFFBE58CC,大統段二小段,.00,都市：住
RPSOMLNKPHMFFGE09CC,鳳甲段,3684.87,都市：住
RPRNMLNKPHMFFHE09DC,太平段,139.86,都市：住
RPRNMLNKPHMFFHE09DC,太平段,470.16,都市：住
RPRNMLNKPHMFFHE09DC,太平段,68.36,都市：其他
RPRNMLNKPHMFFHE09DC,太平段,34.66,都市：其他
RPRNMLNKPHMFFHE09DC,太平段,13.59,都市：住
RPXNMLNKPHMFFBE98CC,苓洲段,4.33,都市：商
RPWNMLNKPHMFFBE88CC,林德官段一小段,6.25,都市：住
RPRNMLNKPHMFFBE38CC,大統段一小段,165.00,都市：商
RPRNMLNKPHMFFBE38CC,大統段一小段,153.00,都市：商
RPRNMLMKPHMFFGE78CC,文英段,186.00,都市：住
RPPOMLNKPHMFFBE28CC,苓洲段,4.34,都市：商
RPQOMLNKPHMFFAE28CC,鼓中段五小段,16.12,都市：住
RPXNMLNKPHMFFAE88CC,龍中段,14.51,都市：商
RPXOMLNKPHMFFCE56CC,憲德段二小段,16.25,都市：商
RPXOMLNKPHMFFCE56CC,憲德段二小段,4.46,都市：商
RPOOMLNKPHMFFAE08CC,龍華段八小段,15.75,都市：商
RPSNMLNKPHMFFDE68CC,獅頭段一小段,.00,都市：商
RPUPMLNKPHMFFDE09CC,大港段二小段,16.05,都市：商
RPPPMLNKPHMFFCE48CC,獅甲段二小段,23.90,都市：其他
RPOQMLNKPHMFFDE58CC,覆鼎金段覆鼎金小段,.00,都市：住
RPVOMLNKPHMFFEE56CC,新光段,17.36,都市：住
RPROMLNKPHMFFEE78CC,新庄段十三小段,8.49,都市：商
RPXPMLNKPHMFFEE86CC,清豐段,.00,非都市： ; 非都市編定：
RPXOMLNKPHMFFEE76CC,新庄段十三小段,.00,都市：商
RPQQMLNKPHMFFEE88CC,新福段九小段,16.19,都市：商
RPRQMLNKPHMFFEE98CC,新福段七小段,11.08,都市：住
RPRNMLOKPHMFFEE78CC,新博段,24.89,都市：住
RPPNMLOKPHMFFEE58CC,菜公段一小段,28.00,都市：住
RPXNMLOKPHMFFEE76CC,右昌段六小段,.00,都市：住
RPOOMLOKPHMFFEE58CC,菜公段二小段,72.00,都市：住
RPQOMLOKPHMFFAE38CC,龍中段,15.43,都市：商
RPQOMLOKPHMFFBE48CC,新興段一小段,22.81,都市：商
RPSOMLOKPHMFFIE76CC,山水段,1257.20,都市：其他
RPSOMLOKPHMFFIE76CC,山水段,273.00,都市：其他
RPSOMLOKPHMFFIE76CC,山水段,591.10,都市：其他
RPSOMLOKPHMFFIE76CC,山水段,2158.00,都市：其他
RPSNMLOKPHMFFBE58CC,苓東段,.00,都市：商
RPXNMLOKPHMFFFE86CC,甲圍段,88.92,非都市：鄉村區 ; 非都市編定：乙種建築用地
RPPNMLPKPHMFFLE76CC,水源段,95.00,都市：住
RPPNMLPKPHMFFLE76CC,水源段,3.00,都市：住
RPPQMLOKPHMFFGE09CC,赤山段,.00,都市：商
RPPOMLOKPHMFFIE09CC,竹園段,227.00,都市：農
RPQOMLOKPHMFFFE88CC,瓊西段,528.90,都市：工
RPROMLOKPHMFFFE98CC,安西段,219.73,都市：工
RPTNMLRKPHMFFAE88CC,龍華段四小段,13.07,都市：住
RPQNMLPKPHMFFBE48CC,意誠段,.00,都市：商
RPQNMLPKPHMFFAE38CC,文東段,141.00,都市：商
RPRNMLPKPHMFFBE58CC,成功段,11.25,都市：住
RPPNMLPKPHMFFAE28CC,龍水段,2.74,都市：其他
RPPNMLPKPHMFFAE28CC,青海段,9.94,都市：其他
RPPNMLRKPHMFFAE48CC,龍中段,17.63,都市：商
RPRNMLRKPHMFFBE78CC,大統段二小段,14.28,都市：住
RPQNMLRKPHMFFBE68CC,大統段一小段,5.22,都市：商
RPVNMLRKPHMFFBE56CC,過田子段,.00,都市：商
RPSNMLPKPHMFFBE68CC,過田子段,83.08,都市：住
RPSNMLPKPHMFFBE68CC,過田子段,26.76,都市：住
RPQOMLRKPHMFFBE78CC,新興段一小段,.00,都市：商
RPROMLRKPHMFFBE88CC,新興段二小段,154.00,都市：商
RPXNMLRKPHMFFBE76CC,過田子段,.00,都市：商
RPPOMLRKPHMFFBE68CC,過田子段,.00,都市：商
RPXOMLRKPHMFFEE17CC,新博段,436.51,都市：住
RPRNMLRKPHMFFEE09CC,新庄段十二小段,491.00,都市：住
RPTNMLRKPHMFFEE66CC,右昌段三小段,68.94,都市：住
RPQNMLRKPHMFFDE88CC,覆鼎金段覆鼎金小段,80.00,都市：商
RPRNMLRKPHMFFDE98CC,大港段四小段,68.00,都市：商
RPWOMLRKPHMFFEE17DC,楠都段三小段,154.00,都市：其他
RPTOMLRKPHMFFCE56CC,山明段,21.01,都市：住
RPUNMLRKPHMFFFE86CC,富貴段,957.00,都市：工
RPUNMLRKPHMFFFE86CC,富貴段,120.00,都市：工
RPROMLRKPHMFFCE98CC,愛群段,7.37,都市：商
RPVNMLRKPHMFFGE07CC,道爺段,41.75,都市：住
RPTOMLRKPHMFFDE66CC,三塊厝段,10.59,都市：商
RPTOMLRKPHMFFDE66CC,三塊厝段,5.96,都市：商
RPTOMLRKPHMFFDE66CC,三塊厝段,1.55,都市：住
RPSPMLSKPHMFFGE07CC,牛潮埔段,627.00,都市：工
RPQNMLSKPHMFFGE66CC,新甲段,59.00,都市：其他
RPPNMLSKPHMFFIE76CC,中里段,52.00,都市：其他
RPVNMLSKPHMFFIE37CC,永仁段,132.72,都市：住
RPVNMLSKPHMFFIE37CC,永仁段,118.08,都市：住
RPTNMLSKPHMFFCE56CC,宏明段,23.11,都市：住
RPXNMLSKPHMFFCE96CC,光華段,.00,都市：住
RPXOMLSKPHMFFDE17CC,大港段二小段,6.04,都市：商
RPUOMLSKPHMFFDE86CC,大豐段三小段,84.00,都市：商
RPPNMLSKPHMFFBE68CC,林德官段一小段,53.00,都市：商
RPROMLSKPHMFFDE56CC,三塊厝段,.00,都市：商
RPROMLSKPHMFFDE56CC,三塊厝段,.00,都市：商
RPROMLSKPHMFFDE56CC,三塊厝段,.00,都市：商
RPTOMLSKPHMFFDE76CC,鼎泰段,32.68,都市：住
RPSNMLSKPHMFFBE98CC,過田子段,.00,都市：商
RPSNMLSKPHMFFAE88CC,龍中段,33.94,都市：住
RPOOMLSKPHMFFAE58CC,前金段,.00,都市：商
RPQNMLSKPHMFFAE68CC,青海段,26.82,都市：商
RPSNMLTKPHMFFDE66CC,大港段二小段,65.16,都市：商
RPSNMLTKPHMFFDE66CC,大港段二小段,7.05,都市：商
RPTPMLTKPHMFFEE07CC,新庄段五小段,.00,非都市： ; 非都市編定：
RPQNMLTKPHMFFBE88CC,新興段一小段,18.00,都市：商
RPPOMLTKPHMFFBE88CC,意誠段,6.78,都市：商
RPPNMLTKPHMFFBE78CC,衛武段,.00,都市：住
RPRNMLTKPHMFFBE98CC,新興段四小段,2.23,都市：商
RPSNMLTKPHMFFJE27CC,文南段,134.38,都市：住
RPSNMLTKPHMFFGE96CC,道爺段,47.00,都市：住
RPSNMLTKPHMFFGE96CC,道爺段,17.00,都市：住
RPTNMLSKPHMFFAE98CC,龍華段八小段,7.00,都市：其他
RPVNMLKLPHMFFEE88CC,福民段,16.18,都市：住
RPXNMLKLPHMFFEE09CC,清豐段,100.00,都市：商
RPUNMLKLPHMFFEE88DC,加昌段,14.52,都市：住
RPQPMLKLPHMFFEE58CC,新庄段十三小段,.00,都市：商
RPRNMLKLPHMFFEE48CC,新福段二小段,11.14,都市：住
RPPOMLKLPHMFFGE58CC,竹子腳段,15.18,都市：住
RPOOMLKLPHMFFCE08CC,愛群段,117.00,都市：商
RPPOMLKLPHMFFDE28CC,灣復段,71.94,都市：商
RPVOMLLLPHMFFDE98CC,灣愛段,37.91,都市：住
RPPNMLLLPHMFFCE18CC,愛群段,.00,都市：住
RPQPMLLLPHMFFCE48CC,店鎮段一小段,4812.00,都市：其他
RPQOMLKLPHMFFDE38CC,建民段,.00,都市：住
RPXNMLLLPHMFFEE56CC,果貿段,.00,非都市： ; 非都市編定：
RPPOMLLLPHMFFEE48CC,新庄段十三小段,756.00,都市：商
RPROMLLLPHMFFEE68CC,和平段二小段,28.35,都市：住
RPWNMLLLPHMFFBE78CC,林德官段,7.46,都市：其他
RPOOMLLLPHMFFBE08CC,意誠段,.00,都市：商
RPOOMLLLPHMFFGE58CC,鳳青段,42.16,都市：住
RPVQMLLLPHMFFGE86CC,道爺段,.00,都市：住
RPXNMLLLPHMFFGE76CC,鳳青段,21.08,都市：住
RPSNMLMLPHMFFEE78CC,新庄段十二小段,18.45,都市：住
RPQNMLMLPHMFFBE28CC,林德官段一小段,77.00,都市：商
RPSOMLLLPHMFFAE38CC,興仁段,24.66,都市：商
RPSOMLLLPHMFFAE38CC,興仁段,6.00,都市：商
RPRPMLOLPHMFFCE88CC,莊段,68.00,都市：住
RPSOMLOLPHMFFEE09CC,新庄段十三小段,8.76,都市：商
RPQOMLOLPHMFFEE88CC,新庄段六小段,19.62,都市：住
RPPOMLOLPHMFFAE38CC,龍華段八小段,15.28,都市：商
RPTOMLOLPHMFFEE56CC,福山段,12.70,都市：商
RPXOMLOLPHMFFAE56CC,青海段,11.55,都市：住
RPPNMLMLPHMFFCE28CC,愛群段,1.22,都市：商
RPVNMLOLPHMFFCE09CC,高松段,32.46,都市：住
RPQPMLOLPHMFFGE56CC,文山段,10.80,都市：住
RPSPMLOLPHMFFGE76CC,文英段,.00,都市：住
RPTOMLOLPHMFFGE76CC,文英段,186.00,都市：其他
RPRNMLOLPHMFFJE76CC,大湖段,560.00,都市：農
RPVOMLPLPHMFFCE76DC,愛群段,13.34,都市：商
RPRNMLPLPHMFFFE09CC,文化段,.00,都市：住
RPTNMLPLPHMFFAE78CC,東金段,19.24,都市：商
RPUNMLPLPHMFFAE88CC,龍華段八小段,12.13,都市：商
RPPPMLPLPHMFFAE58CC,博孝段,5.45,都市：商
RPVPMLPLPHMFFAE56CC,後金段,9.31,都市：商
RPQPMLPLPHMFFAE68CC,龍中段,13.74,都市：商
RPTPMLPLPHMFFAE98CC,青海段,21.26,都市：住
RPUPMLPLPHMFFAE09CC,後金段,9.31,都市：商
RPVNMLOLPHMFFIE07CC,仁新段,2185.00,都市：農
RPVNMLOLPHMFFIE07CC,仁新段,768.00,都市：農
RPSNMLPLPHMFFBE78CC,成功段,.00,都市：住
RPRNMLPLPHMFFBE68CC,新興段二小段,.00,都市：住
RPXNMLPLPHMFFEE96CC,新庄段八小段,199.00,都市：住
RPVNMLPLPHMFFBE09CC,意誠段,.00,都市：商
RPOPMLPLPHMFFEE88CC,新庄段十三小段,9.77,都市：商
RPOOMLPLPHMFFEE78CC,新庄段五小段,84.00,都市：住
RPPOMLPLPHMFFCE68CC,瑞崗段四小段,6.90,都市：住
RPPOMLPLPHMFFCE68CC,瑞崗段六小段,3.03,都市：住
RPRPMLPLPHMFFEE56CC,福山段,9.96,都市：商
RPTNMLPLPHMFFDE09CC,覆鼎金段覆鼎金一小段,.00,都市：住
RPSNMLPLPHMFFDE98CC,大港段二小段,6.70,都市：住
RPRNMLPLPHMFFCE78CC,愛群段,.00,都市：住
RPWOMLPLPHMFFCE76CC,臨北段,9.87,都市：住
RPQOMLPLPHMFFCE78CC,瑞隆段三小段,34.00,都市：住
RPQOMLPLPHMFFCE78CC,瑞隆段三小段,10.00,都市：住
RPROMLPLPHMFFCE88CC,高松段,22.50,都市：住
RPRPMLPLPHMFFDE09CC,大港段六小段,2.14,都市：商
RPWNMLPLPHMFFDE76CC,灣中段,89.73,都市：商
RPTOMLQLPHMFFCE56CC,愛群段,20.03,都市：商
RPWNMLQLPHMFFDE86CC,獅頭段,8.71,都市：住
RPPPMLQLPHMFFEE09CC,福山段,6.19,都市：商
RPOOMLQLPHMFFBE58CC,新興段四小段,.00,都市：商
RPOOMLQLPHMFFBE58CC,新興段四小段,.00,都市：商
RPSPMLQLPHMFFEE76CC,新光段,9.98,都市：住
RPOOMLQLPHMFFFE98CC,橋南段,218.00,都市：住
RPSOMLQLPHMFFBE98CC,正明段,2.78,都市：商
RPSOMLQLPHMFFBE98CC,正明段,46.08,都市：商
RPROMLQLPHMFFAE78CC,龍華段八小段,.00,都市：商
RPVNMLRLPHMFFFE07CC,梓信段,133.48,都市：住
RPXPMLQLPHMFFGE47CC,五甲段,.00,都市：住
RPWNMLRLPHMFFFE17CC,華興段,826.44,非都市：特定農業區 ; 非都市編定：農牧用地
RPTOMLQLPHMFFGE96CC,新庄子段,53.00,都市：住
RPPNMLQLPHMFFBE58CC,大統段二小段,87.00,都市：商
RPTNMLRLPHMFFAE98CC,龍中段,15.72,都市：商
RPTOMLRLPHMFFBE56CC,意誠段,1.36,都市：住
RPTOMLRLPHMFFBE56CC,意誠段,.29,都市：住
RPTNMLRLPHMFFCE56CC,莊段,12.09,都市：商
RPSOMLRLPHMFFBE09CC,意誠段,1.16,都市：住
RPSOMLRLPHMFFBE09CC,意誠段,.29,都市：住
RPXOMLSLPHMFFCE17CC,盛興段,106.00,都市：商
RPVOMLRLPHMFFBE76CC,新興段四小段,.00,都市：商
RPSOMLRLPHMFFDE66CC,義民段,.00,都市：住
RPUOMLRLPHMFFDE86CC,建豐段,6.58,都市：商
RPUOMLSLPHMFFDE96CC,澄清段二小段,93.35,都市：住
RPURMLSLPHMFFEE37CC,福山段,1283.66,都市：住
RPWNMLSLPHMFFEE17CC,新庄段十三小段,8.28,都市：商
RPWNMLSLPHMFFBE86CC,大統段二小段,.00,非都市： ; 非都市編定：
RPOSMLSLPHMFFEE86CC,新庄段十二小段,14.23,非都市： ; 非都市編定：
RPTOMLSLPHMFFCE76CC,愛群段,7.30,都市：商
RPQOMLSLPHMFFAE88CC,前金段,3.00,都市：商
RPVOMLSLPHMFFAE76CC,東金段,163.00,都市：商
RPPNMLSLPHMFFAE68CC,龍華段八小段,10.49,都市：商
RPVOMLSLPHMFFGE37CC,牛潮埔段,.00,都市：住
RPVOMLSLPHMFFGE37CC,牛潮埔段,.00,都市：住
RPPNMLTLPHMFFAE78CC,龍華段九小段,21.53,都市：住
RPOPMLSLPHMFFAE78CC,大成段,87.00,都市：商
RPPNMLTLPHMFFBE88CC,五塊厝段,23.63,都市：商
