﻿編號,土地區段位置,土地移轉面積平方公尺,使用分區或編定
The serial number,land sector position,land shifting area square meter,the use zoning or compiles and checks
RPPPMLLJNHMFFDF18CC,新峰段,12.04,都市：住
RPVNMLLJNHMFFDF58CC,智興段,.00,都市：商
RPVNMLLJNHMFFDF58CC,智興段,.00,都市：其他
RPVNMLLJNHMFFDF58CC,智興段,.00,都市：商
RPTNMLLJNHMFFDF38CC,智興段,.00,都市：住
RPTNMLLJNHMFFDF38CC,智興段,.00,都市：其他
RPQNMLLJNHMFFCF08DC,莊敬段,2400.00,都市：農
RPOPMLLJNHMFFDF08CC,福德段,16.51,都市：住
RPQOMLLJNHMFFAF87CC,光仁段,30.25,都市：住
RPXNMLLJNHMFFCF68CC,安康段,19.30,都市：農
RPWNMLLJNHMFFCF58CC,安康段,29.65,都市：農
RPQNMLLJNHMFFAF97EC,中華段,28.04,都市：工
RPPNMLLJNHMFFAF87EC,文化段,2.77,都市：住
RPQOMLMJNHMFFGF58CC,仁愛段,.00,都市：商
RPTNMLMJNHMFFDF48CC,工建段,268.20,都市：工
RPVOMLMJNHMFFAF48CC,福安段,20.92,都市：住
RPVOMLMJNHMFFAF48CC,福安段,1.46,都市：住
RPOPMLMJNHMFFBF97CC,副都心段一小段,20.47,都市：商
RPWQMLMJNHMFFBF88CC,副都心段一小段,.00,都市：住
RPPRMLMJNHMFFBF28CC,麗林段,.00,都市：其他
RPSPMLMJNHMFFBF38CC,新工段二小段,.00,非都市：工業區 ; 非都市編定：丁種建築用地
RPUOMLMJNHMFFDF68CC,大同段,.00,都市：住
RPUOMLMJNHMFFIF56CC,大學段二小段,40.01,都市：商
RPRNMLMJNHMFFIF78CC,和平段,5.86,都市：商
RPRNMLMJNHMFFIF78CC,和平段,.31,都市：商
RPRNMLMJNHMFFIF78CC,和平段,55.21,都市：商
RPVOMLMJNHMFFIF66CC,大學段一小段,21.46,都市：住
RPSQMLMJNHMFFHF09CC,安樂段,.00,都市：住
RPWOMLMJNHMFFIF76CC,大學段一小段,10.51,都市：商
RPPOMLMJNHMFFDF38EC,智興段,.00,都市：商
RPQOMLMJNHMFFDF48EC,智興段,.00,都市：商
RPSOMLMJNHMFFDF68EC,江北段,.00,都市：住
RPWOMLMJNHMFFDF09EC,保長段,3.91,都市：住
RPQPMLMJNHMFFDF58EC,保長段,9.37,都市：住
RPVOMLMJNHMFFDF98EC,保長段,8.86,都市：住
RPROMLMJNHMFFDF58EC,同新段,.00,都市：工
RPXOMLNJNHMFFAF78CC,員和段,23.57,都市：住
RPSPMLNJNHMFFBF48CC,力行段,14.01,都市：住
RPPOMLNJNHMFFGF58CC,三重段,298.83,都市：住
RPRPMLNJNHMFFEF68CC,公司田段,21.06,都市：住
RPROMLNJNHMFFGF78CC,三重段,101.73,都市：住
RPSOMLNJNHMFFGF88CC,五谷王段,483.38,都市：住
RPSOMLNJNHMFFGF88CC,五谷王段,307.99,都市：住
RPUOMLNJNHMFFEF88CC,公司田段,25.78,都市：住
RPQPMLNJNHMFFEF58CC,正德段,6.65,都市：住
RPXOMLNJNHMFFEF56CC,公司田段,12.72,都市：住
RPOOMLNJNHMFFCF08CC,雙城段,36.30,都市：其他
RPSPMLNJNHMFFEF78CC,新興段,2.59,都市：住
RPRRMLNJNHMFFEF88CC,海天段,90.01,都市：住
RPWNMLNJNHMFFDF09EC,保長段,8.79,都市：住
RPTPMLNJNHMFFEF09EC,正德段,.00,非都市： ; 非都市編定：
RPUOMLNJNHMFFHF56CC,大同段,.00,都市：住
RPPRMLNJNHMFFEF68CC,海天段,16.10,都市：住
RPXNMLNJNHMFFDF56EC,保長段,4.03,都市：住
RPVNMLNJNHMFFHF56CC,仁和段,24.95,都市：住
RPQNMLNJNHMFFDF38DC,厚德段,23.55,都市：住
RPVOMLNJNHMFFHF66CC,橋和段,.00,都市：工
RPWOMLNJNHMFFAF88EC,沛陂段,4532.01,都市：工
RPPUMLOJNHMFFEF09CC,馬偕段,8.39,都市：工
RPXTMLOJNHMFFEF17CC,馬偕段,6.69,都市：工
RPOPMLNJNHMFFAF08DC,文化段,20.75,都市：住
RPPTMLOJNHMFFEF98CC,海鷗段,3.25,都市：住
RPOOMLNJNHMFFIF68CC,仁愛段,22.25,都市：住
RPXQMLOJNHMFFAF09CC,民權段,70.00,都市：住
RPXQMLOJNHMFFAF09CC,民權段,61.00,都市：住
RPXNMLNJNHMFFIF86CC,大學段一小段,19.74,都市：住
RPUNMLNJNHMFFIF56CC,大學段二小段,17.89,都市：住
RPWNMLNJNHMFFIF76CC,大學段二小段,23.50,都市：住
RPVTMLOJNHMFFEF96CC,淡海段,13.33,都市：住
RPUNMLOJNHMFFCF68CC,中正段,.00,都市：住
RPOQMLOJNHMFFAF18CC,江子翠段第三崁小段,7.37,都市：商
RPOQMLOJNHMFFAF18CC,江子翠段第三崁小段,3.28,都市：商
RPOQMLOJNHMFFAF18CC,江子翠段第三崁小段,10.20,都市：商
RPQNMLOJNHMFFDF38CC,智興段,.00,都市：住
RPQNMLOJNHMFFDF38CC,智興段,.00,都市：住
RPRPMLOJNHMFFGF98CC,集賢段,.00,都市：住
RPWOMLOJNHMFFBF88CC,佳林段,.00,都市：其他
RPQOMLOJNHMFFDF48CC,大同段,.00,都市：住
RPRNMLOJNHMFFDF48CC,工建段,.00,都市：工
RPVOMLOJNHMFFIF86CC,大安段,70.11,都市：工
RPVQMLOJNHMFFBF56EC,中泰段,21.15,都市：住
RPQPMLOJNHMFFDF58CC,工建段,.73,都市：工
RPOPMLOJNHMFFDF38CC,同新段,11.99,都市：工
RPTOMLOJNHMFFDF78CC,崇德段,.00,都市：住
RPPPMLOJNHMFFDF48CC,同新段,34.89,都市：工
RPPPMLOJNHMFFBF48EC,貴和段,40.36,都市：住
RPTOMLOJNHMFFIF66CC,東豐段,963.23,都市：其他
RPTOMLOJNHMFFIF66CC,東豐段,172.97,都市：其他
RPTOMLOJNHMFFIF66CC,東豐段,129.32,都市：其他
RPTNMLPJNHMFFDF78CC,昊天段,11.54,都市：工
RPTNMLPJNHMFFDF78CC,同新段,.36,都市：工
RPXNMLOJNHMFFHF86CC,永平段,9.30,都市：住
RPXNMLOJNHMFFHF86CC,永平段,.01,都市：其他
RPROMLPJNHMFFGF98CC,五谷王段,848.35,都市：住
RPROMLPJNHMFFGF98CC,五谷王段,793.65,都市：住
RPROMLPJNHMFFGF98CC,五谷王段,411.93,都市：住
RPWOMLPJNHMFFAF88CC,金城段,1.76,都市：住
RPQPMLPJNHMFFGF98CC,中興段,.00,都市：工
RPTOMLPJNHMFFAF58CC,光華段,30.00,都市：住
RPVNMLPJNHMFFCF88CC,寶元段,9.19,都市：住
RPROMLPJNHMFFAF38CC,幸福段,.00,都市：住
RPWPMLPJNHMFFBF09CC,力行段,32.65,都市：住
RPQQMLPJNHMFFEF88CC,公司田段,15.31,都市：住
RPUQMLPJNHMFFBF56EC,榮富段,10.97,都市：住
RPPPMLPJNHMFFHF98CC,福祥段,2.44,都市：商
RPPPMLPJNHMFFHF98CC,福祥段,.60,都市：商
RPPPMLPJNHMFFHF98CC,福祥段,8.25,都市：商
RPTPMLPJNHMFFHF76CC,瓦段,.00,都市：住
RPWQMLPJNHMFFBF76EC,昌隆段,11.52,都市：住
RPVQMLPJNHMFFBF66EC,副都心段一小段,18.47,都市：商
RPRRMLPJNHMFFBF98EC,副都心段一小段,9.58,都市：住
RPSRMLPJNHMFFBF09EC,中原段,17.61,都市：商
RPPRMLPJNHMFFBF78EC,榮富段,10.97,都市：住
RPTRMLPJNHMFFBF56EC,中原段,22.11,都市：住
RPUPMLPJNHMFFHF86CC,瓦段,.00,都市：住
RPURMLPJNHMFFBF66EC,埤角段頂埤角小段,30.77,都市：住
RPQSMLPJNHMFFBF98EC,榮富段,18.03,都市：住
RPOSMLPJNHMFFBF78EC,榮富段,10.44,都市：住
RPWRMLPJNHMFFBF86EC,副都心段一小段,9.73,都市：商
RPXRMLPJNHMFFBF96EC,中原段,17.87,都市：商
RPRSMLPJNHMFFBF09EC,副都心段一小段,12.57,都市：住
RPPSMLPJNHMFFBF88EC,中泰段,5.50,都市：住
RPSSMLPJNHMFFBF56EC,副都心段五小段,10.37,都市：住
RPSNMLPJNHMFFHF56DC,公園段,20.28,都市：住
RPWNMLPJNHMFFHF07EC,中和段,23.32,都市：住
RPSNMLQJNHMFFBF58CC,成功段,.00,都市：住
RPPNMLRJNHMFFEF68CC,新興段,35.61,都市：住
RPPNMLRJNHMFFIF09CC,民權段,8.89,都市：商
RPPNMLQJNHMFFBF28CC,芳洲段,.00,都市：住
RPRNMLQJNHMFFBF48CC,芳洲段,.00,都市：住
RPQNMLQJNHMFFBF38CC,成州段,.00,都市：住
RPQNMLQJNHMFFEF68CC,公司田段,19.05,都市：住
RPTOMLSJNHMFFAF88CC,大豐段,25.72,都市：住
RPPNMLSJNHMFFEF78CC,關渡段,.00,都市：住
RPRNMLQJNHMFFEF78CC,公司田段,19.13,都市：住
RPQOMLSJNHMFFBF68CC,和平段,.00,都市：住
RPRUMLSJNHMFFBF76CC,芳洲段,.00,都市：住
RPQPMLSJNHMFFAF68CC,民族段,67.00,都市：住
RPSOMLSJNHMFFDF09CC,工建段,28.33,都市：工
RPSOMLSJNHMFFDF09CC,工建段,.65,都市：工
RPQOMLSJNHMFFDF88CC,同新段,31.40,都市：工
RPTOMLSJNHMFFHF96CC,廟美段,35.07,都市：住
RPXNMLSJNHMFFDF86CC,工建段,50.68,都市：工
RPRPMLSJNHMFFDF09CC,環河段,.00,都市：工
RPRPMLSJNHMFFDF09CC,環河段,.00,都市：工
RPXPMLTJNHMFFBF96CC,立德段,65.33,都市：住
RPPNMLTJNHMFFBF58CC,五股段,.00,都市：住
RPSOMLTJNHMFFBF98CC,德音段,.00,都市：住
RPSOMLTJNHMFFBF98CC,德音段,.00,都市：住
RPVOMLTJNHMFFBF66CC,新工段一小段,117.17,非都市：工業區 ; 非都市編定：丁種建築用地
RPPNMLTJNHMFFDF78CC,智興段,.00,都市：住
RPUOMLTJNHMFFBF56CC,化成段,32.44,都市：工
RPTQMLTJNHMFFBF66CC,榮富段,18.33,都市：住
RPUQMLTJNHMFFBF76CC,榮富段,10.75,都市：住
RPWQMLTJNHMFFBF96CC,榮富段,10.42,都市：住
RPWQMLTJNHMFFBF96CC,榮富段,10.42,都市：住
RPXQMLTJNHMFFBF07CC,建林段,.09,都市：商
RPXQMLTJNHMFFBF07CC,建林段,11.09,都市：商
RPRQMLTJNHMFFBF09CC,榮富段,13.16,都市：住
RPQRMLTJNHMFFBF09CC,芳洲段,22.27,都市：住
RPORMLTJNHMFFBF88CC,復興段,26.65,都市：住
RPQNMLTJNHMFFCF78CC,惠國段,.00,都市：住
RPOSMLTJNHMFFBF98CC,榮富段,.00,都市：住
RPVOMLKKNHMFFCF58CC,新和段,.00,都市：住
RPUNMLTJNHMFFGF07DC,集美段,.00,都市：住
RPPOMLTJNHMFFGF56CC,三民段,.00,都市：住
RPSNMLTJNHMFFGF76CC,忠孝段,.00,都市：住
RPOPMLKKNHMFFCF97CC,復興段,.00,都市：工
RPSRMLTJNHMFFEF96CC,紅毛城段,.00,都市：住
RPQQMLTJNHMFFBF56EC,榮富段,14.73,都市：住
RPUOMLKKNHMFFBF38CC,榮富段,16.09,都市：住
RPPOMLKKNHMFFEF18CC,公司田段,.00,都市：住
RPVQMLTJNHMFFEF17CC,公司田段,14.23,都市：住
RPRPMLKKNHMFFIF88CC,大仁段,15.54,都市：住
RPQOMLKKNHMFFDF18CC,工建段,.00,都市：工
RPPOMLKKNHMFFDF08CC,福德段,29.00,都市：其他
RPUOMLKKNHMFFIF09CC,大學段二小段,9.26,都市：商
RPVOMLKKNHMFFIF56CC,大學段二小段,9.26,都市：商
RPQPMLKKNHMFFIF78CC,大學段一小段,22.72,都市：住
RPSPMLKKNHMFFIF98CC,大仁段,27.44,都市：住
RPVNMLKKNHMFFDF58CC,福德段,.00,都市：住
RPPPMLKKNHMFFIF68CC,大學段一小段,15.55,都市：商
RPXOMLKKNHMFFIF76CC,西園段,93.17,非都市：特定農業區 ; 非都市編定：甲種建築用地
RPSNMLKKNHMFFHF68CC,板南段,.00,都市：工
RPSNMLKKNHMFFHF68CC,板南段,.00,都市：其他
RPOPMLKKNHMFFHF48CC,廟美段,.00,都市：住
RPSOMLKKNHMFFHF78CC,中和段,.00,都市：住
RPXOMLKKNHMFFHF66CC,南山段,.00,都市：住
RPVOMLKKNHMFFHF09CC,安樂段,.00,都市：住
RPXNMLKKNHMFFHF56CC,板南段,24.34,都市：工
RPXNMLKKNHMFFHF56CC,板南段,44.28,都市：工
RPXNMLKKNHMFFHF56CC,板南段,26.73,都市：工
RPOOMLKKNHMFFHF38CC,板南段,26.33,都市：工
RPQOMLKKNHMFFHF58CC,錦和段,.00,都市：住
RPQOMLKKNHMFFHF58CC,錦和段,.00,都市：住
RPUOMLKKNHMFFHF98CC,正南段,.00,都市：住
RPROMLKKNHMFFHF68CC,健康段,.00,都市：工
RPTPMLKKNHMFFHF98CC,健康段,.00,都市：工
RPUPMLKKNHMFFHF09CC,健康段,.00,都市：工
RPVOMLLKNHMFFEF88CC,學府段,29.37,都市：住
RPRNMLLKNHMFFGF58CC,中興段,.00,都市：工
RPWNMLLKNHMFFBF58CC,芳洲段,69.14,都市：住
RPPNMLLKNHMFFGF38CC,富貴段,.00,都市：商
RPVOMLLKNHMFFBF58CC,陸光段,.00,都市：住
RPVNMLLKNHMFFHF09CC,大新段,10.87,都市：商
RPUNMLLKNHMFFHF98CC,中信段,.00,都市：其他
RPUNMLLKNHMFFHF98CC,中信段,.00,都市：商
RPSNMLLKNHMFFHF78CC,復興段,45.27,都市：住
RPQNMLLKNHMFFHF58CC,南工段,.00,都市：住
RPTNMLLKNHMFFHF88CC,景華段,19.01,都市：商
RPWNMLLKNHMFFHF56CC,健康段,23.76,都市：工
RPOPMLLKNHMFFHF58CC,安邦段,.00,都市：工
RPOOMLLKNHMFFHF58DC,信義段,101.00,都市：住
RPOOMLLKNHMFFHF58DC,信義段,59.00,都市：住
RPPNMLLKNHMFFAF97EC,忠義段,.00,都市：工
RPWOMLMKNHMFFEF09CC,學府段,.00,非都市： ; 非都市編定：
RPPPMLMKNHMFFEF48CC,海天段,.00,都市：住
RPQOMLLKNHMFFDF38DC,福德段,16.37,都市：住
RPUNMLMKNHMFFCF58CC,復興段,.00,都市：工
RPQNMLLKNHMFFIF68CC,大湖段大湖小段,.00,非都市：一般農業區 ; 非都市編定：甲種建築用地
RPVPMLMKNHMFFAF68CC,金城段,.00,都市：住
RPSNMLMKNHMFFGF78CC,永德段,.00,都市：工
RPSNMLMKNHMFFGF78CC,永德段,.00,都市：工
RPSNMLMKNHMFFGF78CC,永德段,.00,都市：工
RPSNMLMKNHMFFGF78CC,永德段,.00,都市：工
RPSNMLMKNHMFFGF78CC,永德段,.00,都市：工
RPSNMLMKNHMFFGF78CC,永德段,.00,都市：工
RPVOMLMKNHMFFIF76CC,和平段,13.18,都市：其他
RPUOMLMKNHMFFDF78CC,長安段,15.41,都市：住
RPWNMLMKNHMFFBF68CC,芳洲段,.00,都市：住
RPWNMLMKNHMFFDF88CC,工建段,.00,都市：工
RPPNMLNKNHMFFDF28CC,金龍段,17.95,都市：其他
RPPNMLNKNHMFFDF28CC,金龍段,20.84,非都市：山坡地保育區 ; 非都市編定：丙種建築用地
RPPNMLNKNHMFFDF28CC,金龍段,.43,都市：其他
RPPNMLNKNHMFFDF28CC,金龍段,.34,都市：其他
RPOQMLMKNHMFFIF88CC,備內段,42.04,都市：工
RPPNMLOKNHMFFBF18CC,和平段,19.72,都市：住
RPQOMLPKNHMFFAF38CC,文化段,.00,都市：住
RPRNMLOKNHMFFEF68CC,鄧公段,.00,非都市： ; 非都市編定：
RPSNMLOKNHMFFEF78CC,學府段,.00,非都市： ; 非都市編定：
RPVPMLMKNHMFFHF76CC,公園段,.00,都市：住
RPXNMLPKNHMFFBF09CC,國宅段,12.24,都市：住
RPRPMLMKNHMFFHF98CC,國光段,.00,都市：商
RPTNMLPKNHMFFDF88CC,智興段,.00,都市：住
RPTNMLPKNHMFFDF88CC,智興段,.00,都市：其他
RPRPMLPKNHMFFBF68CC,行政段,.00,都市：其他
RPRPMLPKNHMFFBF68CC,行政段,.00,都市：其他
RPSTMLQKNHMFFBF66CC,中泰段,23.53,都市：其他
RPSTMLQKNHMFFBF66CC,中泰段,.47,都市：其他
RPSTMLQKNHMFFBF66CC,中泰段,.69,都市：其他
RPQPMLPKNHMFFIF66CC,十三添段犁舌尾小段,.00,非都市：一般農業區 ; 非都市編定：丁種建築用地
RPVNMLQKNHMFFAF09EC,埔墘段,131.00,都市：住
RPWNMLPKNHMFFHF96CC,秀山段,.00,都市：住
RPVNMLPKNHMFFHF86CC,捷運段,.00,都市：其他
RPSNMLPKNHMFFHF56CC,民富段,.00,都市：工
RPSOMLQKNHMFFAF68CC,信義段,120.78,都市：工
RPSOMLQKNHMFFAF68CC,信義段,8.09,都市：工
RPROMLQKNHMFFEF98CC,正德段,16.30,都市：住
RPWNMLQKNHMFFEF76CC,正德段,13.97,都市：住
RPSOMLQKNHMFFHF76CC,大華段,.00,都市：住
RPTOMLRKNHMFFEF66CC,鄧公段,44.67,都市：住
RPTOMLRKNHMFFEF66CC,鄧公段,.37,都市：住
RPUNMLQKNHMFFGF96EC,中原段,.00,都市：住
RPQRMLRKNHMFFEF66CC,關渡段,.00,都市：住
RPQRMLRKNHMFFEF66CC,關渡段,.00,都市：商
RPROMLRKNHMFFAF68CC,中山段,.00,都市：住
RPRNMLRKNHMFFAF58CC,永豐段,827.31,非都市：山坡地保育區 ; 非都市編定：丁種建築用地
RPSNMLRKNHMFFCF88CC,環河段,.00,都市：住
RPVNMLRKNHMFFAF98CC,清水段,21.26,都市：住
RPTOMLRKNHMFFAF88CC,江子翠段第二崁小段,.00,都市：其他
RPUNMLRKNHMFFCF09CC,復興段,.00,都市：工
RPTNMLRKNHMFFBF88CC,復興段,.00,都市：住
RPVNMLRKNHMFFBF09CC,思賢段,.00,都市：住
RPXRMLRKNHMFFBF07CC,力行段,10.81,都市：住
RPXNMLRKNHMFFHF27CC,大同段,.00,都市：住
RPXNMLRKNHMFFHF27CC,大同段,.00,都市：住
RPXNMLRKNHMFFHF27CC,大同段,.00,都市：住
RPXNMLRKNHMFFHF27CC,大同段,.00,都市：住
RPWNMLRKNHMFFHF17CC,中安段,.00,都市：住
RPQOMLRKNHMFFHF66CC,橋和段,.00,都市：商
RPOOMLRKNHMFFHF09CC,盛昌段,.00,都市：住
RPPOMLRKNHMFFHF56CC,大同段,16.00,都市：住
RPQNMLRKNHMFFHF56CC,健康段,.00,都市：工
RPXOMLRKNHMFFHF37CC,復興段,.00,都市：住
RPWOMLRKNHMFFHF27CC,得林段,17.84,都市：住
RPOPMLRKNHMFFHF56CC,捷運段,.00,都市：其他
RPVPMLSKNHMFFBF76CC,國宅段,.00,都市：住
RPROMLSKNHMFFBF88CC,新林段,133.62,都市：住
RPROMLSKNHMFFBF88CC,新林段九小段,11.15,都市：住
RPROMLSKNHMFFBF88CC,新林段十小段,16.44,都市：住
RPRQMLRKNHMFFHF96CC,南山段,.00,都市：其他
RPUQMLRKNHMFFHF27CC,大同段,.00,都市：住
RPSNMLSKNHMFFBF88CC,國宅段,26.23,都市：住
RPVRMLRKNHMFFHF47CC,圓通段,.00,都市：住
RPWQMLRKNHMFFHF47CC,中原段,.00,都市：工
RPSQMLSKNHMFFBF56CC,新工段一小段,.00,非都市：工業區 ; 非都市編定：丁種建築用地
RPSQMLRKNHMFFHF07CC,復興段,.00,都市：住
RPSQMLRKNHMFFHF07CC,復興段,.00,都市：住
RPSQMLRKNHMFFHF07CC,復興段,.00,都市：住
RPQRMLSKNHMFFBF09CC,力行段,18.34,都市：住
RPOSMLSKNHMFFBF98CC,光明段,30.48,都市：住
RPRSMLSKNHMFFBF66CC,副都心段一小段,12.61,都市：住
RPOTMLSKNHMFFBF09CC,復興段,45.45,都市：住
RPPTMLSKNHMFFBF56CC,中原段,23.86,都市：住
RPVSMLSKNHMFFBF07CC,後港段,7.06,都市：住
RPSSMLSKNHMFFBF76CC,自立段,8.32,都市：商
RPQTMLSKNHMFFBF66CC,榮富段,13.14,都市：住
RPUNMLSKNHMFFEF76CC,海鷗段,4.52,都市：住
RPPNMLSKNHMFFEF88CC,公司田段,16.38,都市：其他
RPRQMLSKNHMFFEF76CC,新興段,.00,非都市： ; 非都市編定：
RPTRMLSKNHMFFEF07CC,馬偕段,6.69,都市：工
RPWNMLSKNHMFFHF27CC,東南段,.00,都市：住
RPROMLSKNHMFFHF86CC,新和段,.00,都市：住
RPOQMLSKNHMFFHF76CC,永平段,3.84,都市：住
RPOQMLSKNHMFFHF76CC,永平段,3.06,都市：住
RPOQMLSKNHMFFHF76CC,永平段,.01,都市：住
RPROMLSKNHMFFCF09DC,寶強段,2.76,都市：其他
RPUOMLSKNHMFFHF17CC,保生段,.00,都市：住
RPVOMLSKNHMFFHF27CC,得林段,7.72,都市：住
RPQOMLSKNHMFFHF76CC,華中段,25.44,都市：住
RPPOMLSKNHMFFHF66CC,福和段,.00,都市：商
RPXNMLSKNHMFFHF37CC,文化段,.00,都市：住
RPRRMLSKNHMFFBF66DC,建林段,24.59,都市：住
RPWNMLTKNHMFFCF86CC,寶元段,71.75,都市：工
RPWNMLTKNHMFFCF86CC,寶元段,.01,都市：其他
RPWNMLTKNHMFFCF86CC,寶元段,.61,都市：其他
RPTOMLTKNHMFFEF86CC,馬偕段,5.67,都市：工
RPVNMLTKNHMFFCF76CC,北宜段,.00,都市：其他
RPTPMLSKNHMFFEF07EC,公司田段,35.68,都市：住
RPTPMLTKNHMFFAF56CC,江子翠段第二崁小段,.00,都市：住
RPXPMLTKNHMFFAF96CC,金城段,3.55,都市：住
RPQNMLTKNHMFFBF78CC,芳洲段,.00,都市：住
RPSNMLTKNHMFFBF98CC,芳洲段,.00,都市：住
RPTNMLTKNHMFFBF09CC,芳洲段,.00,都市：住
RPWOMLTKNHMFFBF86CC,陸光段,.00,都市：住
RPTSMLTKNHMFFBF96CC,中原段,31.81,都市：住
RPVTMLTKNHMFFBF27CC,全安段,.00,都市：住
RPOQMLTKNHMFFAF98EC,土城段,16.97,都市：商
RPXPMLTKNHMFFHF67CC,得林段,.00,都市：住
RPPNMLLLNHMFFHF58CC,中和段,5.00,都市：住
RPPPMLTKNHMFFIF96CC,大同段,.00,都市：商
RPPNMLKLNHMFFDF08CC,智興段,.00,都市：商
RPPNMLKLNHMFFDF08CC,智興段,.00,都市：其他
RPTPMLMLNHMFFDF88CC,同新段,21.81,都市：工
RPSOMLMLNHMFFBF48CC,忠孝段,35.82,都市：住
RPPPMLMLNHMFFDF48CC,江北段,27.83,都市：住
RPSPMLMLNHMFFBF58CC,五工段,778.00,非都市：工業區 ; 非都市編定：丁種建築用地
RPVQMLMLNHMFFBF98CC,國宅段,22.74,都市：住
RPVRMLMLNHMFFBF09CC,芳洲段,.00,都市：住
RPQOMLMLNHMFFDF48CC,同新段,174.47,都市：工
RPVNMLMLNHMFFDF88CC,智興段,.00,都市：商
RPOOMLMLNHMFFIF78CC,復興段,.00,都市：商
RPPOMLNLNHMFFCF38CC,安和段,20.82,都市：住
RPQOMLNLNHMFFAF28CC,信義段,2073.00,非都市：一般農業區 ; 非都市編定：特定目的事業用地
RPWOMLNLNHMFFDF56CC,智興段,.00,都市：商
RPWOMLNLNHMFFDF56CC,智興段,.00,都市：住
RPWPMLNLNHMFFEF76CC,大義段,21.25,都市：住
RPPQMLNLNHMFFEF78CC,海天段,.57,都市：住
RPROMLNLNHMFFHF56DC,文化段,4.27,都市：住
RPPNMLMLNHMFFAF97CC,民族段,.00,都市：商
RPPNMLMLNHMFFAF97CC,民族段,.00,都市：商
RPWNMLMLNHMFFAF68CC,金城段,3.19,都市：住
RPRQMLMLNHMFFAF48CC,中興段,28.32,都市：住
RPPPMLOLNHMFFBF48CC,中泰段,19.29,都市：住
RPOPMLOLNHMFFBF38CC,榮富段,23.52,都市：住
RPXNMLOLNHMFFBF09CC,行政段,37.96,都市：住
RPQPMLOLNHMFFBF58CC,榮富段,21.94,都市：住
RPPOMLOLNHMFFBF48DC,副都心段一小段,16.67,都市：商
RPPRMLOLNHMFFGF56CC,過田段,.00,都市：商
RPUNMLPLNHMFFCF98CC,民安段,18.55,都市：住
RPWNMLPLNHMFFCF56CC,安坑段車子路小段,35.78,非都市：山坡地保育區 ; 非都市編定：丙種建築用地
RPWNMLPLNHMFFCF56CC,安坑段車子路小段,.72,非都市：山坡地保育區 ; 非都市編定：丙種建築用地
RPRNMLPLNHMFFDF78CC,智興段,.00,都市：商
RPQOMLPLNHMFFIF66CC,大仁段,22.34,都市：住
RPRNMLPLNHMFFHF56CC,中原段,.00,都市：工
RPTNMLPLNHMFFDF98CC,新峰段,.00,都市：住
RPXNMLPLNHMFFHF17CC,中正段,.00,都市：住
RPPOMLPLNHMFFHF09CC,華中段,.00,都市：住
RPUQMLPLNHMFFEF86CC,竹圍段,28.50,都市：工
RPWOMLPLNHMFFEF86CC,竹圍段,13658.50,都市：其他
RPWOMLPLNHMFFEF86CC,竹圍段,305.74,都市：其他
RPPQMLPLNHMFFEF98CC,公司田段,8100.16,都市：住
RPXPMLPLNHMFFEF07CC,公司田段,27.61,都市：住
RPQOMLPLNHMFFHF56CC,南勢段,.00,都市：住
RPROMLPLNHMFFHF66CC,大智段,.00,都市：住
RPXOMLPLNHMFFHF27CC,秀山段,.00,都市：住
RPVOMLPLNHMFFHF07CC,健康段,.00,都市：工
RPSPMLPLNHMFFDF66EC,保長段,6.84,都市：住
RPTPMLPLNHMFFDF76EC,保長段,9.31,都市：住
RPWPMLPLNHMFFDF07EC,保長段,7.56,都市：住
RPUPMLPLNHMFFDF86EC,保長段,8.60,都市：住
RPVPMLPLNHMFFDF96EC,保長段,10.74,都市：住
RPQOMLQLNHMFFDF88CC,昊天段,23.30,都市：工
RPWNMLQLNHMFFBF56CC,興化段,19.82,都市：工
RPTOMLQLNHMFFBF98CC,海山頭段石龜小段,.00,都市：住
RPPRMLQLNHMFFBF88CC,復興段,45.45,都市：住
RPTQMLQLNHMFFBF56CC,貴和段,14.29,都市：住
RPXQMLQLNHMFFBF96CC,中泰段,29.25,都市：住
RPUQMLQLNHMFFAF56CC,柑林段,1653.00,非都市：特定專用區 ; 非都市編定：農牧用地
RPOOMLQLNHMFFDF88EC,福德段,22.00,都市：住
RPPNMLRLNHMFFEF88CC,水仙段,68.58,都市：住
RPSNMLQLNHMFFAF68CC,學成段,.00,都市：住
RPQNMLRLNHMFFAF58CC,文化段,4.87,都市：住
RPRNMLRLNHMFFAF68CC,江子翠段第一崁小段,26.50,都市：住
RPUOMLQLNHMFFIF17CC,復興段,30.25,都市：商
RPPOMLQLNHMFFHF56CC,板南段,26.73,都市：工
RPQNMLRLNHMFFDF88CC,江北段,2991.48,都市：住
RPSNMLRLNHMFFAF78CC,江子翠段第一崁小段,26.50,都市：住
RPQNMLSLNHMFFEF09CC,新興段,41.81,都市：住
RPQNMLSLNHMFFAF68CC,中華段,147.17,非都市： ; 非都市編定：
RPXNMLTLNHMFFEF27CC,海鷗段,8.96,都市：住
RPRNMLTLNHMFFEF66CC,馬偕段,6.81,都市：工
RPTNMLTLNHMFFEF86CC,大義段,26.56,都市：商
RPTNMLTLNHMFFEF86CC,大義段,.48,都市：商
RPWNMLTLNHMFFEF17CC,海天段,7.71,都市：住
RPPNMLTLNHMFFDF98CC,智興段,.00,都市：住
RPTNMLTLNHMFFDF76CC,昊天段,200.09,都市：工
RPTNMLTLNHMFFDF76CC,同新段,6.24,都市：工
RPQNMLTLNHMFFDF09CC,汐止段街后小段,.00,非都市：山坡地保育區 ; 非都市編定：丙種建築用地
RPUNMLTLNHMFFEF96CC,公司田段,42.97,都市：住
RPUNMLKMNHMFFHF09CC,中和段,.00,都市：住
RPUNMLKMNHMFFHF09CC,中和段,.00,都市：住
RPRNMLKMNHMFFHF78CC,頂溪段,.00,都市：住
RPWNMLKMNHMFFHF66CC,景福段,.00,都市：住
RPSNMLKMNHMFFHF88CC,南山段,.00,都市：住
RPQNMLKMNHMFFHF68CC,頂溪段,.00,都市：住
RPTNMLKMNHMFFHF98CC,中和段,.00,都市：住
RPTNMLKMNHMFFHF98CC,中和段,.00,都市：住
RPVNMLKMNHMFFHF56CC,永安段,.00,都市：商
RPVNMLKMNHMFFHF56CC,永安段,.00,都市：商
RPPNMLKMNHMFFHF58CC,仁和段,.00,都市：住
RPQNMLKMNHMFFEF38CC,海天段,12.96,都市：住
RPPOMLTLNHMFFEF56CC,海天段,5.09,都市：住
RPXNMLKMNHMFFHF76CC,大同段,.00,都市：住
RPWNMLLMNHMFFCF88CC,雙城段,36.77,都市：其他
RPSNMLLMNHMFFHF98CC,福祥段,.00,都市：住
RPTOMLLMNHMFFCF68CC,寶元段,.00,都市：工
RPTPMLLMNHMFFAF58CC,中山段,13.38,都市：住
RPTNMLLMNHMFFHF09CC,保健段,.00,都市：商
RPTNMLLMNHMFFHF09CC,保健段,.00,都市：商
RPPOMLLMNHMFFAF08CC,介壽段,.00,都市：商
RPVNMLLMNHMFFEF98CC,海鷗段,24.93,都市：住
RPXNMLLMNHMFFEF56CC,新巿段,26.73,都市：住
RPWNMLLMNHMFFHF76CC,台貿段,.00,都市：住
RPVNMLLMNHMFFHF66CC,南山段,.00,都市：住
RPXNMLLMNHMFFHF86CC,中正段,.00,都市：住
RPOOMLLMNHMFFHF68CC,保健段,.00,都市：住
RPOOMLLMNHMFFHF68CC,保健段,.00,都市：商
RPQOMLLMNHMFFHF88CC,信義段,27.69,都市：住
RPTOMLLMNHMFFHF56CC,華新段,.00,都市：住
RPWNMLLMNHMFFEF09CC,鄧公段,180.23,都市：住
RPUOMLLMNHMFFHF66CC,華中段,26.89,都市：住
RPWOMLLMNHMFFHF86CC,保健段,.00,都市：住
RPWOMLLMNHMFFHF86CC,保健段,.00,都市：住
RPOPMLLMNHMFFHF78CC,永安段,.00,都市：商
RPOOMLLMNHMFFDF48EC,保長段,7.56,都市：住
RPRPMLLJOHMFFAF18CC,埔墘段,50.00,都市：住
RPORMLLMNHMFFHF98CC,中原段,.00,都市：工
RPTPMLLJOHMFFIF56CC,安溪段,72.52,都市：住
RPTPMLLJOHMFFIF56CC,安溪段,44.47,都市：住
RPQPMLMJOHMFFDF48CC,智興段,6.21,都市：住
RPPPMLMJOHMFFDF38CC,智興段,7.14,都市：住
RPSOMLLJOHMFFCF48DC,寶強段,.58,都市：住
RPSOMLLJOHMFFCF48DC,寶強段,15.33,都市：住
RPSQMLMJOHMFFAF48CC,幸福段,.00,都市：住
RPTOMLLJOHMFFCF58DC,寶強段,.58,都市：住
RPTOMLLJOHMFFCF58DC,寶強段,15.33,都市：住
RPXNMLLJOHMFFBF68CC,中原段,.00,都市：商
RPROMLMJOHMFFCF38CC,復興段,.00,都市：工
RPUPMLLJOHMFFBF58CC,建林段,8.51,都市：商
RPPNMLMJOHMFFGF48CC,光興段,.00,都市：商
RPSNMLMJOHMFFGF78CC,正義段,.00,都市：住
RPTPMLMJOHMFFEF88CC,新興段,.00,都市：住
RPTPMLMJOHMFFEF88CC,新興段,.00,都市：其他
RPTOMLMJOHMFFIF56CC,大同段,25.75,都市：住
RPRQMLMJOHMFFEF78CC,公司田段,21.12,都市：住
RPROMLNJOHMFFDF58CC,福德段,3.92,都市：其他
RPTNMLMJOHMFFHF98CC,林森段,.00,都市：其他
RPPNMLNJOHMFFEF38CC,公司田段,30.31,都市：住
RPWNMLNJOHMFFBF78CC,芳洲段,.00,都市：商
RPQOMLNJOHMFFBF28CC,芳洲段,.00,都市：住
RPOOMLNJOHMFFBF08CC,御史段,.00,都市：住
RPXNMLNJOHMFFBF88CC,芳洲段,.00,都市：住
RPQNMLNJOHMFFEF48CC,新巿段,33.59,都市：住
RPSOMLNJOHMFFBF48CC,芳洲段,.00,都市：住
RPVNMLNJOHMFFBF68CC,芳洲段,.00,都市：商
RPTOMLNJOHMFFBF58CC,芳洲段,.00,都市：住
RPXOMLNJOHMFFBF98CC,成功段,.00,都市：住
RPWOMLNJOHMFFBF98DC,福營段,9.45,都市：工
RPVOMLNJOHMFFBF78CC,中原段,.00,都市：住
RPOPMLNJOHMFFBF28DC,光明段,15.75,都市：住
RPSRMLPJOHMFFBF98CC,中山段,101.73,都市：住
RPOOMLPJOHMFFBF28CC,中原段,.00,都市：住
RPSOMLNJOHMFFAF48DC,江子翠段第三崁小段,13.00,都市：住
RPPUMLPJOHMFFBF98CC,福營段,.00,都市：工
RPSOMLNJOHMFFAF48DC,江子翠段第三崁小段,4.19,都市：住
RPOTMLPJOHMFFBF78CC,五工段,1132.00,非都市：工業區 ; 非都市編定：丁種建築用地
RPSOMLPJOHMFFBF68CC,副都心段一小段,.00,都市：商
RPRNMLPJOHMFFDF68CC,智興段,.00,都市：商
RPVNMLPJOHMFFCF98CC,新坡段,.00,都市：住
RPTNMLPJOHMFFDF88CC,智興段,.00,都市：商
RPUNMLPJOHMFFCF88CC,新坡段,.00,都市：住
RPTOMLPJOHMFFCF88CC,新坡段,.00,都市：住
RPOPMLPJOHMFFAF28CC,文化段,22.00,都市：住
RPQPMLPJOHMFFCF68CC,新坡段,.00,都市：住
RPPPMLPJOHMFFAF38CC,文化段,109.10,都市：住
RPSOMLPJOHMFFCF78CC,新坡段,.00,都市：住
RPRPMLPJOHMFFCF78CC,新坡段,.00,都市：住
RPQNMLPJOHMFFAF48EC,振興段,14.45,都市：住
RPVOMLQJOHMFFAF98CC,文化段,.00,都市：住
RPROMLPJOHMFFIF66CC,大學段二小段,8.87,都市：商
RPXOMLPJOHMFFIF27CC,和平段,7.30,都市：住
RPUOMLPJOHMFFIF96CC,大學段二小段,5.80,都市：住
RPUOMLPJOHMFFIF96CC,大學段二小段,.59,都市：住
RPUOMLPJOHMFFIF96CC,大學段二小段,.45,都市：住
RPXNMLPJOHMFFIF17CC,二橋段,.00,都市：住
RPPPMLPJOHMFFIF56CC,中園段,16.42,都市：商
RPQOMLPJOHMFFIF56CC,和平段,3.36,都市：住
RPUQMLQJOHMFFEF86CC,公司田段,.00,都市：住
RPWOMLPJOHMFFIF17CC,大學段二小段,16.06,都市：商
RPPOMLQJOHMFFEF78CC,長興段,7.82,都市：住
RPPOMLQJOHMFFEF78CC,長興段,.26,都市：住
RPWNMLQJOHMFFBF09CC,芳洲段,.00,都市：住
RPQNMLQJOHMFFBF48CC,五工段,.00,非都市：工業區 ; 非都市編定：丁種建築用地
RPPOMLQJOHMFFBF48CC,力行段,8.63,都市：住
RPXNMLQJOHMFFBF56CC,芳洲段,.00,都市：住
RPRPMLQJOHMFFBF78CC,力行段,10.81,都市：住
RPOPMLQJOHMFFBF48CC,黎明段,.00,都市：住
RPXPMLQJOHMFFBF76CC,力行段,9.04,都市：商
RPVNMLQJOHMFFDF76EC,中正段,34.50,都市：住
RPRNMLSJOHMFFEF09CC,公司田段,.00,都市：住
RPSNMLRJOHMFFBF78CC,建林段,.09,都市：商
RPSNMLRJOHMFFBF78CC,建林段,11.89,都市：商
RPROMLRJOHMFFHF76CC,台貿段,.00,都市：住
RPPOMLSJOHMFFEF98CC,馬偕段,5.67,都市：工
RPVNMLRJOHMFFEF76CC,淡海段,20.60,都市：住
RPQOMLSJOHMFFEF09CC,馬偕段,12.59,都市：工
RPXOMLRJOHMFFHF37CC,瓦段,263.00,都市：住
RPOPMLQJOHMFFHF56DC,水源段,19.28,都市：商
RPQNMLSJOHMFFAF58CC,大安段,51.64,都市：工
RPSOMLSJOHMFFAF88CC,幸福段,.00,都市：住
RPROMLSJOHMFFCF98CC,明德段,61.64,都市：其他
RPPOMLSJOHMFFAF58CC,幸福段,.00,都市：住
RPPNMLSJOHMFFAF48CC,文化段,.00,都市：住
RPSOMLSJOHMFFCF09CC,行政段,.00,都市：住
RPTOMLSJOHMFFAF98CC,幸福段,.00,都市：住
RPVPMLSJOHMFFCF86CC,新坡段,.00,都市：住
RPPPMLSJOHMFFCF88CC,香坡段,.00,非都市：山坡地保育區 ; 非都市編定：林業用地
RPPPMLSJOHMFFCF88CC,香坡段,.00,非都市：山坡地保育區 ; 非都市編定：丙種建築用地
RPPPMLSJOHMFFCF88CC,香坡段,.00,非都市：山坡地保育區 ; 非都市編定：遊憩用地
RPPPMLSJOHMFFCF88CC,香坡段,.00,非都市：山坡地保育區 ; 非都市編定：林業用地
RPPPMLSJOHMFFCF88CC,香坡段,.00,非都市：山坡地保育區 ; 非都市編定：丙種建築用地
RPPPMLSJOHMFFCF88CC,香坡段,.00,非都市：山坡地保育區 ; 非都市編定：丙種建築用地
RPPPMLSJOHMFFCF88CC,香坡段,.00,非都市：山坡地保育區 ; 非都市編定：林業用地
RPPPMLSJOHMFFCF88CC,香坡段,.00,非都市：山坡地保育區 ; 非都市編定：丙種建築用地
RPPPMLSJOHMFFCF88CC,香坡段,.00,非都市：山坡地保育區 ; 非都市編定：林業用地
RPPPMLSJOHMFFCF88CC,香坡段,.00,非都市：山坡地保育區 ; 非都市編定：丙種建築用地
RPPPMLSJOHMFFCF88CC,香坡段,.00,非都市：山坡地保育區 ; 非都市編定：遊憩用地
RPPPMLSJOHMFFCF88CC,香坡段,.00,非都市：山坡地保育區 ; 非都市編定：林業用地
RPPPMLSJOHMFFCF88CC,香坡段,.00,非都市：山坡地保育區 ; 非都市編定：林業用地
RPTPMLSJOHMFFCF66CC,寶橋段,.00,都市：工
RPORMLSJOHMFFCF98CC,寶橋段,.00,都市：工
RPUPMLSJOHMFFGF17CC,仁義段,.00,都市：住
RPSPMLSJOHMFFGF96CC,鷺江段,.00,都市：商
RPSPMLSJOHMFFGF96CC,鷺江段,.00,都市：商
RPVNMLSJOHMFFBF56CC,豐年段,.00,都市：住
RPWOMLSJOHMFFBF76CC,麗林段,34.30,都市：商
RPXPMLSJOHMFFBF96CC,自立段,.00,都市：住
RPTOMLSJOHMFFBF09CC,佳林段,39.23,都市：住
RPXOMLSJOHMFFBF86CC,建林段,32.10,都市：住
RPTRMLSJOHMFFBF76CC,榮富段,68.00,都市：住
RPSRMLSJOHMFFBF66CC,中原段,26.14,都市：商
RPPPMLSJOHMFFBF78CC,新工段一小段,.00,非都市：工業區 ; 非都市編定：丁種建築用地
RPSNMLSJOHMFFDF09CC,智興段,3.55,都市：商
RPTNMLSJOHMFFDF56CC,智興段,.00,都市：住
RPURMLSJOHMFFHF57DC,永安段,1.96,都市：商
RPURMLSJOHMFFHF57DC,中安段,4.34,都市：商
RPROMLSJOHMFFHF86CC,信和段,.00,都市：住
RPTTMLTJOHMFFBF07CC,貴和段,29.94,都市：商
RPTTMLTJOHMFFBF07CC,貴和段,18.12,都市：住
RPTTMLTJOHMFFBF07CC,貴和段,.10,都市：商
RPSOMLTJOHMFFBF09CC,建林段,20.87,都市：住
RPPNMLTJOHMFFDF88CC,智興段,.00,都市：住
RPVNMLSJOHMFFHF17CC,健康段,.00,都市：工
RPWPMLTJOHMFFBF96CC,國宅段,28.55,都市：住
RPSNMLTJOHMFFGF86CC,菜寮段,.00,都市：其他
RPSNMLTJOHMFFGF86CC,菜寮段,.00,都市：其他
RPTNMLTJOHMFFAF98CC,光仁段,9.24,都市：住
RPTNMLTJOHMFFAF98CC,光仁段,8.29,都市：住
RPSNMLTJOHMFFAF88CC,廷寮段,.00,都市：住
RPOPMLTJOHMFFAF68CC,江子翠段第三崁小段,7.35,都市：商
RPWNMLTJOHMFFEF07CC,馬偕段,7.26,都市：工
RPOOMLTJOHMFFEF98CC,鄧公段,5.10,都市：住
RPPNMLTJOHMFFHF66CC,信義段,.00,都市：住
RPQNMLTJOHMFFHF76CC,信和段,.00,都市：住
RPQNMLTJOHMFFHF76CC,信和段,.00,都市：住
RPRRMLTJOHMFFHF27CC,中信段,.00,都市：商
RPVRMLTJOHMFFHF67CC,永福段,.00,都市：商
RPVRMLTJOHMFFHF67CC,永福段,.00,都市：住
RPRNMLTJOHMFFIF96CC,大安段,.00,都市：工
RPQNMLTJOHMFFIF86CC,大安段,.00,都市：工
RPWOMLTJOHMFFIF57CC,中華段,.00,都市：住
RPPOMLKKOHMFFBF97CC,榮富段,25.03,都市：住
RPQOMLKKOHMFFBF08CC,思賢段,19.99,都市：住
RPQNMLKKOHMFFAF87CC,光仁段,.00,都市：工
RPTOMLKKOHMFFBF38CC,榮富段,4.66,都市：住
RPPNMLKKOHMFFDF08CC,智興段,.00,都市：商
RPPNMLKKOHMFFDF08CC,智興段,.00,都市：住
RPROMLKKOHMFFBF18CC,信華段一小段,13.58,都市：住
RPSOMLKKOHMFFBF28CC,和平段,9.43,都市：住
RPRNMLKKOHMFFEF38CC,大義段,31.69,都市：住
RPSNMLKKOHMFFEF48CC,紅毛城段,6.39,都市：住
RPQNMLKKOHMFFEF28CC,正德段,1.04,都市：住
RPQNMLKKOHMFFEF28CC,正德段,5.99,都市：住
RPRQMLMKOHMFFEF88CC,水仙段,1.99,都市：住
RPRQMLMKOHMFFEF88CC,水仙段,.36,都市：住
RPUQMLMKOHMFFEF56CC,海天段,13.02,都市：住
RPWNMLMKOHMFFEF09CC,關渡段,.00,都市：住
RPSNMLLKOHMFFCF38CC,中正段,6.14,都市：其他
RPQPMLMKOHMFFCF48CC,中正段,.00,都市：住
RPUNMLMKOHMFFCF68CC,復興段,.00,都市：工
RPOPMLMKOHMFFDF38CC,智興段,.00,都市：商
RPOPMLMKOHMFFDF38CC,智興段,.00,都市：其他
RPSPMLMKOHMFFDF78CC,昊天段,.00,都市：工
RPSPMLMKOHMFFDF78CC,同新段,.00,都市：工
RPTQMLMKOHMFFBF78CC,自立段,.00,都市：商
RPQOMLMKOHMFFCF38CC,寶強段,503.43,都市：住
RPVRMLMKOHMFFBF09CC,立言段,114.13,都市：住
RPRSMLNKOHMFFBF88CC,力行段,.00,都市：商
RPSNMLMKOHMFFHF98CC,信義段,.00,都市：商
RPXNMLMKOHMFFHF96DC,樂華段,.00,都市：商
RPXNMLMKOHMFFHF96DC,樂華段,.00,都市：商
RPXOMLMKOHMFFIF07CC,和平段,.00,都市：住
RPWNNLNKOHMFFBF98CC,副都心段一小段,8.03,都市：商
RPWOMLMKOHMFFHF86CC,中興段,.00,都市：其他
RPWOMLMKOHMFFHF86CC,中興段,.00,都市：住
RPWOMLMKOHMFFHF86CC,中興段,.00,都市：住
RPQNMLNKOHMFFDF48CC,智興段,.00,都市：住
RPPONLNKOHMFFBF38CC,和平段,36.72,都市：住
RPPPMLMKOHMFFHF88CC,華新段,.00,都市：住
RPXOMLMKOHMFFHF96CC,華福段,.00,都市：住
RPXPMLNKOHMFFEF86CC,公司田段,28.11,都市：住
RPWNMLNKOHMFFHF86CC,大新段,.00,都市：商
RPWNMLNKOHMFFEF56CC,公司田段,.00,都市：住
RPXNMLOKOHMFFEF76CC,公司田段,21.87,都市：住
RPOOMLOKOHMFFEF58CC,新興段,4.54,都市：住
RPOOMLOKOHMFFEF58CC,新興段,.01,都市：住
RPROMLNKOHMFFCF58CC,中正段,.00,都市：住
RPROMLNKOHMFFCF58CC,中正段,23.05,都市：其他
RPROMLNKOHMFFCF58CC,中華段,4.70,都市：其他
RPWQMLNKOHMFFEF86CC,公司田段,25.01,都市：住
RPQOMLNKOHMFFIF09CC,仁愛段,58.00,都市：住
RPQOMLNKOHMFFIF09CC,仁愛段,66.20,都市：住
RPQOMLNKOHMFFIF09CC,仁愛段,19.94,都市：其他
RPQOMLNKOHMFFIF09CC,仁愛段,.84,都市：住
RPSOMLOKOHMFFEF98CC,公司田段,.26,都市：住
RPRQMLNKOHMFFEF98CC,新興段,6.03,都市：住
RPPQMLNKOHMFFAF58EC,江子翠段第三崁小段,7.37,都市：商
RPPQMLNKOHMFFAF58EC,江子翠段第三崁小段,3.28,都市：商
RPPQMLNKOHMFFAF58EC,江子翠段第三崁小段,10.20,都市：商
RPQQMLNKOHMFFAF68EC,員和段,23.57,都市：住
RPOQMLOKOHMFFEF78CC,海天段,12.72,都市：住
RPSRMLOKOHMFFEF66CC,關渡段,.00,都市：住
RPWPMLOKOHMFFEF86CC,海天段,23.91,都市：住
RPTRMLOKOHMFFBF09CC,貴和段,38.74,都市：住
RPXQMLOKOHMFFBF76CC,泰山段一小段,26.50,都市：住
RPUNMLOKOHMFFDF98CC,同新段,273.16,都市：工
RPWNMLOKOHMFFDF56CC,工建段,81.88,都市：工
RPWNMLOKOHMFFDF56CC,工建段,81.88,都市：工
RPXNMLOKOHMFFHF07CC,板南段,26.33,都市：工
RPQOMLOKOHMFFDF68CC,福德段,20.60,都市：住
RPRSMLOKOHMFFBF98CC,同興段,15.42,都市：商
RPRTMLOKOHMFFBF09CC,明志段,21.95,都市：住
RPSNNLOKOHMFFBF68CC,建林段,22.83,都市：住
RPOOMLOKOHMFFDF48CC,同新段,7.84,都市：工
RPUQMLPKOHMFFBF56CC,和平段,.00,都市：住
RPOOMLOKOHMFFHF88CC,板南段,28.72,都市：工
RPRNNLPKOHMFFBF68CC,建林段,35.74,都市：住
RPWQMLPKOHMFFBF76CC,和平段,.00,都市：住
RPQUMLPKOHMFFBF56CC,佳林段,.00,都市：其他
RPSQMLPKOHMFFEF66CC,馬偕段,8.39,都市：工
RPVNMLPKOHMFFHF96CC,健康段,.00,都市：工
RPXNMLPKOHMFFHF17CC,健康段,.00,都市：工
RPTPMLPKOHMFFHF96CC,健康段,.00,都市：工
RPWQMLPKOHMFFEF07CC,馬偕段,5.67,都市：工
RPQPMLPKOHMFFAF58CC,安和段,699.62,都市：住
RPUOMLPKOHMFFAF09EC,中正段,36.22,都市：住
RPWOMLQKOHMFFAF56CC,文化段,24.03,都市：住
RPXOMLPKOHMFFGF17CC,正義段,.00,都市：住
RPRNMLQKOHMFFGF56CC,中民段,.00,都市：商
RPSOMLQKOHMFFEF56CC,馬偕段,5.67,都市：工
RPSNMLQKOHMFFGF66CC,興德段,.00,都市：工
RPUQMLQKOHMFFBF66CC,中原段,40.32,都市：住
RPTNMLQKOHMFFEF56CC,馬偕段,6.81,都市：工
RPPOMLQKOHMFFHF56CC,中安段,.00,都市：住
RPPOMLQKOHMFFHF56CC,中安段,.00,都市：住
RPPOMLQKOHMFFHF56CC,中安段,.00,都市：住
RPPOMLQKOHMFFHF56CC,中安段,.00,都市：住
RPPNMLQKOHMFFDF68CC,同新段,.00,都市：工
RPPPMLQKOHMFFDF09EC,保長段,35.69,都市：住
RPTOMLQKOHMFFDF56CC,金龍段,.00,都市：住
RPRPMLQKOHMFFDF66EC,保長段,6.71,都市：住
RPQPMLQKOHMFFDF56EC,保長段,15.16,都市：住
RPPNMLRKOHMFFBF58CC,和平段,38.18,都市：住
RPSNMLRKOHMFFBF88CC,榮富段,15.84,都市：住
RPQNMLRKOHMFFBF68CC,中原段,33.47,都市：住
RPPNMLRKOHMFFDF78CC,智興段,.00,都市：商
RPRNMLRKOHMFFBF78CC,副都心段五小段,20.74,都市：住
RPWNMLRKOHMFFBF66CC,信華段一小段,20.91,都市：住
RPUNMLRKOHMFFBF09CC,信華段一小段,27.89,都市：住
RPXNMLRKOHMFFBF76CC,副都心段一小段,8.25,都市：商
RPOOMLRKOHMFFBF58CC,中原段,38.44,都市：住
RPPOMLRKOHMFFBF68CC,和平段,14.25,都市：住
RPQOMLRKOHMFFBF78CC,副都心段五小段,20.74,都市：住
RPROMLRKOHMFFBF88CC,中誠段,24.40,都市：住
RPSOMLRKOHMFFBF98CC,榮富段,17.18,都市：住
RPPNMLSKOHMFFCF78CC,莊敬段,.00,都市：住
RPWUMLTKOHMFFBF57CC,國宅段,5.55,都市：住
RPTPMLTKOHMFFEF07CC,海天段,14.16,都市：住
RPUOMLTKOHMFFHF37CC,保平段,.00,都市：商
RPTONLTKOHMFFBF76CC,建林段,.00,都市：住
RPSPMLTKOHMFFDF86CC,福德段,.00,都市：住
RPPNMLTKOHMFFIF86CC,復興段,72.00,都市：商
RPUWMLTKOHMFFBF57CC,力行段,15.08,都市：住
RPPNMLTKOHMFFDF98CC,智興段,.00,都市：商
RPPNMLTKOHMFFDF98CC,智興段,.00,都市：住
RPVONLTKOHMFFBF07DC,建林段,20.49,都市：住
RPUPMLTKOHMFFEF17CC,海天段,8.95,都市：住
RPTOMLKLOHMFFEF78CC,海天段,.02,都市：住
RPTOMLKLOHMFFEF78CC,海天段,.00,都市：住
RPTOMLKLOHMFFEF78CC,海天段,2.62,都市：住
RPTOMLKLOHMFFEF78CC,海天段,.19,都市：住
RPTOMLKLOHMFFEF78CC,海天段,.01,都市：住
RPROMLKLOHMFFDF48CC,工建段,24.51,都市：工
RPVPMLKLOHMFFBF78CC,黎明段,.00,都市：住
RPTOMLKLOHMFFDF88EC,保長段,7.81,都市：住
RPOQMLKLOHMFFEF48CC,竹圍段,.00,都市：住
RPSWMLKLOHMFFBF56CC,建林段,42.37,都市：住
RPUOMLKLOHMFFDF98EC,保長段,8.37,都市：住
RPVOMLKLOHMFFDF09EC,保長段,7.56,都市：住
RPQPMLLLOHMFFCF48CC,寶強段,.00,都市：商
RPQPMLLLOHMFFCF48CC,寶強段,.00,都市：商
RPQPMLLLOHMFFCF48CC,寶強段,.00,都市：商
RPQPMLLLOHMFFCF48CC,寶強段,.00,都市：商
RPXOMLLLOHMFFCF09CC,寶強段,.00,都市：商
RPXOMLLLOHMFFCF09CC,寶強段,.00,都市：商
RPXOMLLLOHMFFCF09CC,寶強段,.00,都市：商
RPXOMLLLOHMFFCF09CC,寶強段,.00,都市：商
RPPPMLLLOHMFFCF38CC,寶橋段,.00,都市：工
RPPPMLLLOHMFFCF38CC,寶橋段,.00,都市：工
RPVPMLLLOHMFFCF98CC,中正段,.00,都市：其他
RPOOMLKLOHMFFGF48CC,興德段,.00,都市：工
RPUPMLLLOHMFFEF09CC,公司田段,16.42,都市：住
RPVOMLLLOHMFFEF09CC,新興段,11.42,都市：住
RPOQMLLLOHMFFEF58CC,公司田段,13.06,都市：住
RPSNMLLLOHMFFEF68CC,新巿段,23.62,都市：住
RPSPMLLLOHMFFEF88CC,公司田段,12.16,都市：住
RPSNMLLLOHMFFDF58CC,智興段,.00,都市：住
RPVQMLLLOHMFFEF66CC,海天段,31.73,都市：住
RPRRMLLLOHMFFBF68CC,建林段,30.96,都市：住
RPTNMLLLOHMFFDF68CC,智興段,.00,都市：住
RPXQMLLLOHMFFEF86CC,中興段,.00,非都市： ; 非都市編定：
RPRNMLLLOHMFFHF88CC,永平段,89.56,都市：商
RPQPMLLLOHMFFAF48EC,大安段,51.64,都市：工
RPXNMLMLOHMFFDF56CC,智興段,.00,都市：商
RPOPMLLLOHMFFAF28EC,江子翠段第一崁小段,18.50,都市：住
RPUQMLMLOHMFFBF98CC,中原段,.00,都市：商
RPVNMLMLOHMFFCF88CC,北新段,.00,都市：住
RPPPMLLLOHMFFAF38EC,員和段,.51,都市：住
RPPPMLLLOHMFFAF38EC,員和段,.29,都市：住
RPPPMLLLOHMFFAF38EC,員和段,.81,都市：住
RPPPMLLLOHMFFAF38EC,員和段,1.13,都市：住
RPPPMLLLOHMFFAF38EC,員和段,.66,都市：住
RPPPMLLLOHMFFAF38EC,員和段,.46,都市：住
RPSOMLLLOHMFFHF09CC,大新段,.00,都市：商
RPSOMLLLOHMFFHF09CC,大新段,.00,都市：商
RPTNMLMLOHMFFAF48CC,民權段,62.00,都市：住
RPOQMLNLOHMFFAF38CC,介壽段,3.94,都市：商
RPOQMLNLOHMFFAF38CC,介壽段,.03,都市：其他
RPXQMLMLOHMFFHF27CC,民樂段,.00,都市：住
RPUQMLMLOHMFFHF96CC,台貿段,.00,都市：住
RPQPMLMLOHMFFHF09CC,保生段,23.67,都市：住
RPSQMLMLOHMFFHF76CC,得林段,15.56,都市：住
RPVQMLMLOHMFFHF07CC,圓通段,.00,都市：住
RPOQMLMLOHMFFHF98CC,復興段,.00,都市：住
RPXPMLMLOHMFFHF17CC,華中段,24.46,都市：住
RPTPMLMLOHMFFHF76CC,永平段,.00,都市：商
RPROMLNLOHMFFDF78CC,福德段,.00,都市：住
RPSPMLNLOHMFFGF66CC,中原段,.00,都市：住
RPUPMLNLOHMFFEF66CC,海天段,8.04,都市：住
RPUOMLNLOHMFFDF09CC,智興段,.00,都市：商
RPUOMLNLOHMFFDF09CC,智興段,.00,都市：其他
RPPNMLPLOHMFFAF38CC,青雲段,63.64,都市：商
RPPNMLOLOHMFFDF58CC,新峰段,.00,都市：住
RPPNMLOLOHMFFDF58CC,新峰段,.00,都市：住
RPPNMLOLOHMFFDF58CC,新峰段,.00,都市：住
RPPNMLPLOHMFFDF68CC,福德段,15.87,都市：住
RPTPMLQLOHMFFEF86CC,公司田段,47.32,都市：住
RPOQMLQLOHMFFEF09CC,淡海段,14.28,都市：住
RPQQMLQLOHMFFDF56CC,北山段,166.10,都市：工
RPTQMLQLOHMFFDF86CC,昊天段,33.40,都市：工
RPTQMLQLOHMFFDF86CC,昊天段,23.75,都市：工
RPTQMLQLOHMFFDF86CC,昊天段,23.01,都市：工
RPTQMLQLOHMFFDF86CC,昊天段,23.30,都市：工
RPTQMLQLOHMFFDF86CC,昊天段,23.75,都市：工
RPTQMLQLOHMFFDF86CC,昊天段,31.47,都市：工
RPTQMLQLOHMFFDF86CC,同新段,1.04,都市：工
RPTQMLQLOHMFFDF86CC,同新段,.74,都市：工
RPTQMLQLOHMFFDF86CC,同新段,.72,都市：工
RPTQMLQLOHMFFDF86CC,同新段,.73,都市：工
RPTQMLQLOHMFFDF86CC,同新段,.74,都市：工
RPTQMLQLOHMFFDF86CC,同新段,.98,都市：工
RPUQMLQLOHMFFDF96CC,福德段,.00,都市：商
RPTNMLQLOHMFFAF88CC,港子嘴段,.00,都市：住
RPQOMLQLOHMFFAF68CC,中山段,.00,都市：住
RPSNMLQLOHMFFAF78CC,民權段,.00,都市：住
RPTOMLQLOHMFFAF98CC,江子翠段第二崁小段,.00,都市：其他
RPWNMLQLOHMFFHF27CC,四維段,.00,都市：住
RPOQMLQLOHMFFBF78CC,副都心段一小段,24.64,都市：商
RPWPMLQLOHMFFBF86CC,國宅段,29.20,都市：住
RPTNMLQLOHMFFBF98CC,中原段,.00,都市：住
RPQNMLQLOHMFFBF68CC,幸福段,138.74,都市：工
RPWOMLQLOHMFFHF37CC,安邦段,.00,都市：住
RPOPMLQLOHMFFHF66CC,公園段,.00,都市：住
RPQPMLQLOHMFFHF86CC,板南段,.00,都市：工
RPQPMLQLOHMFFHF86CC,板南段,.00,都市：其他
RPPPMLQLOHMFFHF76CC,大智段,.00,都市：住
RPPNMLRLOHMFFDF88CC,昊天段,23.30,都市：工
RPPNMLRLOHMFFDF88CC,同新段,.73,都市：工
RPOPMLRLOHMFFBF78CC,副都心段一小段,.00,都市：商
RPUNMLRLOHMFFDF76CC,北山段,.00,都市：住
RPVOMLQLOHMFFIF37CC,大學段二小段,69.77,都市：住
RPTOMLQLOHMFFIF17CC,大學段二小段,21.63,都市：商
RPTOMLRLOHMFFAF09CC,亞東段,.00,都市：住
RPVNMLRLOHMFFEF96CC,海鷗段,17.32,都市：住
RPQNMLRLOHMFFEF09CC,馬偕段,.00,都市：工
RPPPMLRLOHMFFAF78CC,信義段,.00,非都市：一般農業區 ; 非都市編定：特定目的事業用地
RPQQMLRLOHMFFAF98CC,光仁段,49.37,都市：工
RPPOMLRLOHMFFCF88CC,明德段,116.78,都市：住
RPPNMLRLOHMFFHF66CC,永平段,13.07,都市：住
RPPNMLRLOHMFFHF66CC,永平段,.01,都市：其他
RPXNMLRLOHMFFEF27DC,飛歌段,41.14,都市：其他
RPSNMLRLOHMFFHF96CC,中安段,11.37,都市：住
RPQNMLRLOHMFFHF76CC,永平段,6.04,都市：住
RPQNMLRLOHMFFHF76CC,永平段,.01,都市：其他
RPROMLSLOHMFFGF96CC,興德段,.00,都市：工
RPRNMLSLOHMFFGF86CC,中原段,.00,都市：住
RPRNMLSLOHMFFAF88CC,中山段,.00,都市：其他
RPQRMLSLOHMFFAF56CC,成功段,13.28,都市：住
RPQOMLSLOHMFFGF86CC,中興段,.00,都市：工
RPPOMLSLOHMFFDF09CC,昊天段,433.32,都市：工
RPXOMLSLOHMFFDF27CC,智興段,.00,都市：住
RPWPMLSLOHMFFDF27CC,智興段,6.08,都市：住
RPVPMLSLOHMFFDF17CC,智興段,9.58,都市：商
RPXPMLSLOHMFFDF37CC,智興段,8.16,都市：住
RPRNMLSLOHMFFBF98CC,泰林段,.00,都市：商
RPTNMLSLOHMFFBF56CC,芳洲段,.00,都市：商
RPSNMLSLOHMFFBF09CC,芳洲段,.00,都市：住
RPURMLSLOHMFFBF07CC,福營段,229.83,都市：工
RPURMLSLOHMFFBF07CC,福營段,245.29,都市：工
RPUOMLSLOHMFFBF76CC,國宅段,19.47,都市：住
RPUPMLSLOHMFFIF57CC,三福段,.88,都市：住
RPUPMLSLOHMFFIF57CC,三福段,.50,都市：住
RPUPMLSLOHMFFIF57CC,三福段,.19,都市：住
RPUPMLSLOHMFFIF57CC,三福段,25.56,都市：住
RPXRMLSLOHMFFBF37CC,五工段,1004.30,非都市：工業區 ; 非都市編定：丁種建築用地
RPVRMLSLOHMFFBF17CC,新工段一小段,.00,非都市：工業區 ; 非都市編定：丁種建築用地
RPTPMLSLOHMFFIF47CC,三福段,.37,都市：住
RPTPMLSLOHMFFIF47CC,三福段,.21,都市：住
RPTPMLSLOHMFFIF47CC,三福段,.08,都市：住
RPTPMLSLOHMFFIF47CC,三福段,10.95,都市：住
RPXSMLSLOHMFFBF57DC,和平段,.00,都市：住
RPWPMLTLOHMFFEF47CC,滬尾段,.00,非都市： ; 非都市編定：
RPTQMLTLOHMFFEF27CC,鄧公段,.00,非都市： ; 非都市編定：
RPXNMLTLOHMFFDF27CC,保長段,12.43,都市：住
RPVNMLTLOHMFFDF07CC,智興段,11.83,都市：住
RPTNMLTLOHMFFHF37DC,板南段,.00,都市：工
RPTNMLTLOHMFFHF37DC,板南段,.00,都市：工
RPTNMLTLOHMFFHF37DC,板南段,.00,都市：工
RPVPMLKMOHMFFEF56CC,新巿段,.00,都市：住
RPSNMLKMOHMFFEF68CC,新巿段,20.78,都市：住
RPXNMLTLOHMFFAF07DC,大庭段,36.25,都市：住
RPSOMLTLOHMFFAF76EC,信義段,86.00,都市：工
RPUPMLKMOHMFFGF66CC,光華段,.00,都市：住
RPWQMLKMOHMFFBF09CC,麗林段,13.79,都市：商
RPPSMLKMOHMFFBF58CC,忠孝段,.00,都市：住
RPQQMLKMOHMFFBF48CC,國宅段,26.23,都市：住
RPWPMLKMOHMFFHF96CC,中安段,.00,都市：商
RPURMLKMOHMFFBF98CC,五工段,.00,非都市：工業區 ; 非都市編定：丁種建築用地
RPRNMLMJPHMFFEF58CC,海天段,5.09,都市：住
RPPNMLMJPHMFFEF38CC,海鷗段,38.85,都市：住
RPTNMLMJPHMFFEF78CC,新巿段,23.61,都市：住
RPQNMLMJPHMFFEF48CC,公司田段,25.97,都市：住
RPSNMLMJPHMFFEF68CC,水仙段,13.45,都市：住
RPWPMLNJPHMFFAF98CC,文化段,4.28,都市：住
RPPQMLNJPHMFFBF48CC,五工段,78.00,非都市：工業區 ; 非都市編定：丁種建築用地
RPQOMLNJPHMFFIF09CC,東昇段,20.25,都市：住
RPXOMLNJPHMFFHF07CC,健康段,.00,都市：工
RPUNMLOJPHMFFDF98CC,新峰段,12.34,都市：住
RPTPMLOJPHMFFDF09CC,北山段,18.79,都市：住
RPVNMLOJPHMFFDF09CC,崇德段,10.89,都市：住
RPPOMLNJPHMFFDF48CC,大同段,.81,都市：住
RPPOMLNJPHMFFDF48CC,大同段,15.91,都市：住
RPTOMLNJPHMFFDF88CC,昊天段,39.66,都市：工
RPUOMLNJPHMFFDF98CC,昊天段,5.75,都市：工
RPQNMLNJPHMFFDF48CC,智興段,.00,都市：住
RPPNMLNJPHMFFDF38CC,智興段,.00,都市：商
RPWOMLOJPHMFFBF09CC,建林段,17.08,都市：住
RPOPMLOJPHMFFBF38CC,國宅段,47.13,都市：住
RPUNMLOJPHMFFEF09CC,公司田段,14.99,非都市： ; 非都市編定：
RPQNMLPJPHMFFEF78CC,望高樓段,15.31,都市：住
RPQNMLPJPHMFFEF78CC,望高樓段,.04,都市：住
RPROMLOJPHMFFEF88CC,海天段,.00,都市：住
RPRPMLPJPHMFFAF68CC,江子翠段溪頭小段,.00,都市：住
RPUPMLPJPHMFFAF98CC,江子翠段第二崁小段,.00,都市：住
RPXNMLPJPHMFFDF76CC,福德段,10.32,都市：住
RPXQMLPJPHMFFBF86CC,中誠段,.00,都市：住
RPXNMLPJPHMFFHF17CC,永利段,.00,都市：住
RPWNMLPJPHMFFHF07CC,大華段,.00,都市：住
RPQPMLOJPHMFFGF09CC,永安段,.00,都市：住
RPXNMLOJPHMFFGF96CC,忠孝段,.00,都市：住
RPOPMLQJPHMFFDF78CC,江北段,18.37,都市：住
RPQQMLQJPHMFFBF88CC,國宅段,.00,都市：住
RPWSMLQJPHMFFBF07CC,中原段,31.80,都市：住
RPPOMLPJPHMFFHF09CC,圓通段,.00,都市：住
RPQNMLQJPHMFFGF09CC,福德北段,.00,都市：商
RPQNMLQJPHMFFGF09CC,福德北段,.00,都市：住
RPPQMLQJPHMFFBF78CC,麗林段,114.63,都市：住
RPVNMLQJPHMFFGF96CC,民生段,.00,都市：住
RPOOMLQJPHMFFGF98CC,幸福段,.00,都市：住
RPSTMLQJPHMFFBF86DC,和平段,.00,都市：住
RPUNMLRJPHMFFAF98CC,幸福段,.00,都市：商
RPUQMLQJPHMFFHF27CC,民權段,.00,都市：住
RPVQMLQJPHMFFHF37CC,盛昌段,.00,都市：住
RPUQMLRJPHMFFEF07CC,仁愛段,.00,都市：住
RPSPMLQJPHMFFHF96CC,大同段,.00,都市：住
RPPQMLQJPHMFFHF76CC,得和段,.00,都市：商
RPQPMLQJPHMFFHF76CC,四維段,.00,都市：住
RPTQMLQJPHMFFHF17CC,圓通段,.00,都市：住
RPWQMLRJPHMFFEF27CC,仁愛段,10.25,都市：住
RPSOMLRJPHMFFIF07CC,大學段二小段,17.95,都市：住
RPPPMLRJPHMFFBF78CC,榮富段,.00,都市：住
RPRRMLRJPHMFFDF76CC,智興段,.00,都市：商
RPPRMLRJPHMFFEF66CC,公司田段,12.18,都市：住
RPPTMLRJPHMFFEF86CC,馬偕段,9.41,都市：工
RPSNMLRJPHMFFBF88CC,幸福段,.00,都市：工
RPTTMLRJPHMFFBF96CC,建林段,.09,都市：商
RPTTMLRJPHMFFBF96CC,建林段,11.59,都市：商
RPQPMLRJPHMFFHF86CC,大仁段,.00,都市：住
RPSPMLRJPHMFFHF07CC,南山段,.00,都市：住
RPUPMLRJPHMFFHF27CC,中正段,.00,都市：商
RPRNMLSJPHMFFEF56CC,長興段,10.62,都市：住
RPSNMLSJPHMFFEF66CC,紅毛城段,5.58,都市：住
RPPNMLTJPHMFFEF09CC,新巿段,17.18,都市：住
RPQNMLSJPHMFFDF98CC,智興段,.00,都市：住
RPQNMLSJPHMFFDF98CC,智興段,.00,都市：其他
RPTNMLKKPHMFFAF28CC,沛陂段,12.92,都市：住
RPWQMLKKPHMFFEF66CC,新巿段,22.19,都市：住
RPQNMLTJPHMFFEF56CC,公司田段,17.29,都市：其他
RPSQMLRJPHMFFHF17CC,中原段,.00,都市：工
RPSOMLKKPHMFFCF48CC,寶橋段,.00,都市：工
RPOOMLKKPHMFFGF48CC,永安段,.00,都市：住
RPWNMLKKPHMFFGF56CC,重新段壹小段,.00,都市：住
RPTOMLKKPHMFFGF98CC,永安段,.00,都市：住
RPQOMLKKPHMFFBF18CC,德音段,23.81,都市：住
RPQOMLKKPHMFFBF18CC,德音段,3.81,都市：住
RPTNMLKKPHMFFDF58CC,水源段,3.51,都市：住
RPTNMLKKPHMFFDF58CC,水源段,.00,都市：住
RPSOMLKKPHMFFIF09CC,大仁段,17.30,都市：住
RPSNMLKKPHMFFDF48CC,新峰段,32.20,都市：住
RPPNMLKKPHMFFDF18CC,智興段,.00,都市：住
RPPNMLKKPHMFFDF18CC,智興段,.00,都市：其他
RPTOMLKKPHMFFDF68CC,環河段,1.00,都市：工
RPUPMLKKPHMFFIF76CC,民權段,11.63,都市：商
RPTOMLKKPHMFFIF56CC,大學段二小段,8.87,都市：商
RPORMLKKPHMFFDF48CC,建成段,.00,都市：商
RPOPMLKKPHMFFIF78CC,民族段,119.44,都市：住
RPSPMLKKPHMFFIF56CC,大學段二小段,17.05,都市：住
RPOPMLKKPHMFFEF48DC,公司田段,29.52,都市：住
RPPQMLLKPHMFFBF38CC,副都心段一小段,44.50,都市：住
RPQOMLKKPHMFFDF48DC,智興段,11.12,都市：商
RPWPMLKKPHMFFIF96CC,大學段二小段,14.87,都市：住
RPVNMLLKPHMFFBF68CC,建林段,31.88,都市：住
RPSQMLLKPHMFFBF68CC,幸福段,.00,都市：工
RPSQMLLKPHMFFBF68CC,幸福段,.00,都市：工
RPRRMLLKPHMFFBF68CC,四維段,.00,都市：住
RPXNMLLKPHMFFDF09CC,江北段,.00,都市：住
RPPOMLLKPHMFFDF38CC,昊天段,1.90,都市：工
RPWNMLLKPHMFFDF98CC,建成段,.00,都市：商
RPWNMLLKPHMFFDF98CC,建成段,.00,都市：商
RPTPMLLKPHMFFDF88CC,昊天段,1.90,都市：工
RPVPMLLKPHMFFDF09CC,同新段,17.45,都市：工
RPUPMLLKPHMFFDF98CC,同新段,17.45,都市：工
RPOQMLLKPHMFFDF48CC,環河段,153.65,都市：工
RPQQMLLKPHMFFDF68CC,昊天段,68.17,都市：工
RPQQMLLKPHMFFDF68CC,昊天段,39.19,都市：工
RPQQMLLKPHMFFDF68CC,昊天段,10.75,都市：工
RPQQMLLKPHMFFDF68CC,昊天段,58.18,都市：工
RPTPMLLKPHMFFEF98CC,公司田段,25.12,都市：住
RPWPMLLKPHMFFEF66CC,公司田段,25.10,都市：住
RPOPMLLKPHMFFEF68EC,長興段,.00,都市：住
RPOPMLLKPHMFFEF68EC,長興段,.00,都市：住
RPOPMLLKPHMFFEF68EC,滬尾段,.00,都市：其他
RPOQMLLKPHMFFAF18CC,沛陂段,694.00,都市：工
RPUPMLLKPHMFFIF86CC,和平段,13.18,都市：其他
RPRQMLLKPHMFFDF78CC,同新段,11.99,都市：工
RPWPMLLKPHMFFDF56CC,同新段,19.63,都市：工
RPOQMLLKPHMFFEF58CC,公司田段,12.16,都市：住
RPWPMLLKPHMFFAF88CC,江子翠段第二崁小段,4.01,都市：商
RPRNMLLKPHMFFHF88CC,大華段,.00,都市：住
RPWOMLMKPHMFFEF66CC,海天段,8.04,都市：住
RPPOMLMKPHMFFCF38CC,玫瑰段,.00,都市：其他
RPPOMLMKPHMFFCF38CC,玫瑰段,.00,都市：其他
RPOPMLMKPHMFFGF78CC,中興段,.00,都市：工
RPWOMLMKPHMFFGF86CC,中興段,.00,都市：工
RPOPMLMKPHMFFHF88CC,連城段,.00,都市：住
RPVOMLMKPHMFFHF86CC,安邦段,.00,都市：住
RPVOMLMKPHMFFHF86CC,安邦段,.00,都市：住
RPSOMLMKPHMFFHF56CC,得林段,.00,都市：住
RPWOMLMKPHMFFBF98CC,公館段,.00,都市：工
RPROMLMKPHMFFBF48CC,副都心段一小段,.00,都市：商
RPPNMLMKPHMFFBF18CC,水碓段水碓窠小段,.00,都市：住
RPROMLMKPHMFFHF09CC,大仁段,36.15,都市：住
RPSPMLMKPHMFFGF56CC,光興段,.00,都市：其他
RPQPMLMKPHMFFHF09CC,安邦段,17.00,都市：住
RPOPMLNKPHMFFBF38CC,忠孝段,.00,都市：住
RPTPMLNKPHMFFBF88CC,副都心段一小段,.00,都市：商
RPQPMLNKPHMFFBF58CC,麗林段,.00,都市：商
RPUQMLNKPHMFFBF09CC,副都心段一小段,12.82,都市：商
RPTRMLNKPHMFFBF09CC,復興段,45.45,都市：住
RPTNMLNKPHMFFDF88CC,福興段,.00,都市：住
RPWQMLNKPHMFFCF76CC,大豐段,28.06,都市：其他
RPWNMLNKPHMFFAF88CC,公館段,.00,都市：住
RPVNMLNKPHMFFAF78CC,文化段,2.10,都市：住
RPUNMLNKPHMFFAF68CC,江子翠段第二崁小段,1.03,都市：商
RPUNMLNKPHMFFAF68CC,江子翠段第二崁小段,.55,都市：商
RPUNMLNKPHMFFAF68CC,江子翠段溪頭小段,.55,都市：商
RPUNMLNKPHMFFAF68CC,江子翠段第三崁小段,.18,都市：商
RPVOMLNKPHMFFGF86CC,仁愛段,.00,都市：住
RPSNMLNKPHMFFIF66CC,大仁段,3.75,都市：住
RPOPMLNKPHMFFGF88CC,重陽段,.00,都市：住
RPOPMLNKPHMFFGF88CC,集賢段,.00,都市：住
RPRNMLOKPHMFFEF88CC,新巿段,15.36,都市：住
RPWOMLOKPHMFFEF86CC,海鷗段,4.85,都市：住
RPPNMLOKPHMFFEF68CC,沙崙段,30.80,都市：住
RPUOMLNKPHMFFHF86CC,捷運段,.00,都市：其他
RPVOMLNKPHMFFHF96CC,興南段,.00,都市：其他
RPUNMLNKPHMFFHF76CC,員山段,.00,都市：工
RPTNMLNKPHMFFHF66CC,南山段,.00,都市：其他
RPWPMLOKPHMFFEF96CC,公司田段,12.43,都市：住
RPQNMLOKPHMFFBF48CC,佳林段,.00,都市：其他
RPPSMLOKPHMFFEF56CC,公司田段,107.63,都市：住
RPVPMLOKPHMFFEF96DC,新巿段,112.10,都市：住
RPQOMLOKPHMFFIF66CC,大學段二小段,60.85,都市：住
RPOQMLOKPHMFFHF56CC,板南段,.00,都市：工
RPUOMLOKPHMFFHF96CC,秀山段,.00,都市：住
RPUOMLOKPHMFFHF96CC,秀山段,.00,都市：住
RPRPMLOKPHMFFHF76CC,信和段,.00,都市：住
RPXNMLOKPHMFFHF17CC,錦和段,.00,都市：住
RPSRMLOKPHMFFHF07CC,四維段,.00,都市：住
RPVPMLOKPHMFFDF96EC,保長段,9.31,都市：住
RPPPMLOKPHMFFDF98EC,保長段,5.38,都市：住
RPRQMLOKPHMFFDF66EC,保長段,5.21,都市：住
RPUNMLOKPHMFFDF09CC,工建段,104.52,都市：工
RPTQMLOKPHMFFDF86EC,保長段,8.53,都市：住
RPXPMLOKPHMFFEF17DC,新巿段,367.00,都市：住
RPRNMLPKPHMFFBF68CC,榮富段,19.82,都市：住
RPQNMLPKPHMFFBF58CC,昌隆段,12.42,都市：住
RPPNMLPKPHMFFBF48CC,副都心段一小段,9.58,都市：住
RPSNMLPKPHMFFBF78CC,和平段,1.94,都市：住
RPTNMLPKPHMFFBF88CC,副都心段五小段,10.37,都市：住
RPXNMLPKPHMFFBF66CC,芳洲段,.00,都市：住
RPWNMLPKPHMFFBF56CC,芳洲段,.00,都市：住
RPVNMLPKPHMFFBF09CC,丹鳳段,5.27,都市：其他
RPQOMLRKPHMFFBF88CC,丹鳳段,.00,都市：住
RPRNMLPKPHMFFAF58CC,新興段,.00,都市：商
RPPNMLPKPHMFFGF98CC,大有段,.00,都市：工
RPPNMLPKPHMFFHF09CC,民樂段,.00,非都市： ; 非都市編定：
RPQNMLPKPHMFFAF48CC,文化段,.00,都市：住
RPUOMLRKPHMFFBF66CC,建林段,.00,都市：住
RPUNMLPKPHMFFBF98CC,副都心段一小段,5.19,都市：商
RPOPMLRKPHMFFBF78CC,建林段,.09,都市：商
RPOPMLRKPHMFFBF78CC,建林段,14.39,都市：商
RPUNMLRKPHMFFDF76CC,新峰段,12.34,都市：住
RPSOMLRKPHMFFHF07CC,中信段,.00,都市：住
RPXNMLRKPHMFFDF07CC,智興段,.00,都市：商
RPXPMLRKPHMFFEF47DC,新巿段,93.61,都市：商
RPOOMLRKPHMFFDF88CC,智興段,.00,都市：住
RPRNMLRKPHMFFDF66EC,保長段,9.25,都市：住
RPQNMLRKPHMFFDF56EC,保長段,3.91,都市：住
RPQNMLSKPHMFFDF09CC,智興段,.00,都市：住
RPSNMLRKPHMFFDF76EC,保長段,6.64,都市：住
RPTNMLRKPHMFFDF86EC,保長段,8.53,都市：住
RPPNMLSKPHMFFDF98CC,智興段,.00,都市：其他
RPRQMLSKPHMFFBF66CC,丹鳳段,13.56,都市：住
RPQSMLSKPHMFFBF76CC,和平段,14.01,都市：住
RPRSMLSKPHMFFBF86CC,昌隆段,12.10,都市：住
RPWNMLSKPHMFFBF86CC,芳洲段,.00,都市：住
RPUQMLSKPHMFFBF96CC,立德段,38.23,都市：住
RPWQMLSKPHMFFBF17CC,榮富段,10.97,都市：住
RPSOMLSKPHMFFBF56CC,丹鳳段,12.30,都市：住
RPTSMLSKPHMFFBF07CC,副都心段一小段,9.85,都市：住
RPXRMLSKPHMFFBF37CC,榮富段,10.61,都市：住
RPORMLSKPHMFFBF09CC,中原段,18.05,都市：住
RPVSMLSKPHMFFBF27CC,中泰段,24.45,都市：住
RPQPMLSKPHMFFEF96EC,正德段,.00,都市：住
RPTNMLSKPHMFFCF66CC,寶元段,.00,都市：住
RPPRMLTKPHMFFAF56CC,大安段,.00,都市：工
RPXNMLSKPHMFFAF86CC,江子翠段第二崁小段,.00,都市：住
RPTNMLTKPHMFFBF66CC,中原段,.00,都市：住
RPVOMLTKPHMFFDF17CC,江北段,2991.48,都市：住
RPUPMLSKPHMFFHF47CC,板南段,.00,都市：工
RPVNMLTKPHMFFBF86CC,榮富段,.00,都市：住
RPUPMLSKPHMFFHF47CC,板南段,.00,都市：其他
RPXNMLSKPHMFFHF57CC,保健段,.00,都市：住
RPTOMLTKPHMFFHF37CC,連城段,.00,都市：住
RPUOMLTKPHMFFHF47CC,板南段,.00,都市：工
RPUOMLTKPHMFFHF47CC,板南段,.00,都市：其他
RPPPMLTKPHMFFHF07CC,板南段,.00,都市：工
RPPPMLTKPHMFFHF07CC,板南段,.00,都市：其他
RPPPMLTKPHMFFEF76CC,公司田段,25.39,都市：其他
RPRPMLTKPHMFFHF27CC,板南段,40.07,都市：工
RPVPMLTKPHMFFBF17DC,中原段,.00,都市：住
RPUPMLTKPHMFFBF07DC,中原段,.00,都市：住
RPROMLKLPHMFFEF68CC,海天段,101.17,都市：住
RPUNMLKLPHMFFEF88CC,大義段,25.38,都市：商
RPVPMLKLPHMFFEF56CC,海鷗段,.00,非都市： ; 非都市編定：
RPPOMLKLPHMFFGF68CC,重新段壹小段,.00,都市：商
RPQPMLKLPHMFFGF88CC,中興段,.00,都市：工
RPSPMLKLPHMFFIF66CC,大學段二小段,8.22,都市：商
RPURMLKLPHMFFIF07CC,民生段,26.55,都市：住
RPQQMLKLPHMFFIF56CC,介壽段,11.81,都市：住
RPXRMLKLPHMFFIF37CC,大仁段,17.09,都市：住
RPOOMLLLPHMFFCF28CC,北宜段,.00,都市：其他
RPRQMLKLPHMFFEF09EC,天生段,.00,都市：住
RPTPMLKLPHMFFIF86DC,福德段,17.52,都市：住
RPTPMLKLPHMFFIF86DC,福德段,1.51,都市：其他
RPUOMLLLPHMFFAF68CC,文化段,2.10,都市：住
RPXNMLLLPHMFFAF98DC,重慶段,23.25,都市：商
RPPNMLLLPHMFFDF38CC,昊天段,23.30,都市：工
RPPNMLLLPHMFFDF38CC,同新段,.73,都市：工
RPQNMLLLPHMFFBF28CC,中原段,.00,都市：住
RPVOMLLLPHMFFAF88DC,江子翠段第二崁小段,8.95,都市：商
RPXNMLLLPHMFFHF96CC,永平段,.00,都市：商
RPXNMLLLPHMFFHF96CC,永平段,.00,都市：其他
RPQOMLLLPHMFFHF98CC,連城段,12.17,都市：住
RPRNMLMLPHMFFBF48CC,成功段,.00,都市：住
RPPOMLLLPHMFFHF88CC,永平段,.00,都市：商
RPPOMLLLPHMFFHF88CC,永平段,.00,都市：其他
RPXNMLMLPHMFFBF09CC,芳洲段,.00,都市：住
RPUNMLMLPHMFFBF78CC,福興段,.00,都市：住
RPPNMLMLPHMFFDF48CC,智興段,.00,都市：住
RPSNMLMLPHMFFBF58CC,芳洲段,.00,都市：住
RPVNMLMLPHMFFBF88CC,芳洲段,.00,都市：住
RPWNMLMLPHMFFBF98CC,德音段,.00,都市：住
RPPNMLMLPHMFFEF58CC,公司田段,21.81,都市：住
RPVNMLOLPHMFFEF76CC,海天段,17.24,都市：住
RPSNMLOLPHMFFCF88CC,明德段,61.64,都市：其他
RPTPMLOLPHMFFEF76CC,關渡段,.00,都市：商
RPTPMLOLPHMFFEF76CC,關渡段,.00,都市：住
RPVNMLOLPHMFFDF66CC,保安段,.00,都市：工
RPTNMLOLPHMFFDF09CC,智興段,.00,都市：商
RPTNMLOLPHMFFDF09CC,智興段,.00,都市：住
RPTTMLOLPHMFFBF86CC,國宅段,7.06,都市：住
RPUPMLOLPHMFFBF56CC,新豐段,.00,都市：商
RPVOMLOLPHMFFAF09CC,學林段,.00,都市：住
RPTOMLOLPHMFFDF56CC,厚德段,.00,都市：住
RPRNMLOLPHMFFCF88DC,福園段,25.88,都市：住
RPOOMLOLPHMFFDF68CC,福德段,.00,都市：商
RPVPMLOLPHMFFHF27CC,橋和段,.00,都市：住
RPTOMLOLPHMFFGF86CC,中原段,.00,都市：住
RPUNMLOLPHMFFHF07DC,竹林段,.00,都市：住
RPRNMLOLPHMFFAF78EC,新雅段,6.20,都市：住
RPVRMLPLPHMFFBF96CC,芳洲段,.00,都市：住
RPXRMLPLPHMFFBF17CC,成功段,.00,都市：住
RPQNMLOLPHMFFAF68EC,員和段,5.64,都市：商
RPURMLPLPHMFFBF86CC,成州段,.00,都市：住
RPWRMLPLPHMFFBF07CC,芳洲段,.00,都市：住
RPSNMLPLPHMFFCF98CC,新坡段,.00,都市：住
RPTNMLOLPHMFFGF96EC,福德北段,.00,都市：住
RPSNMLPLPHMFFDF09CC,金龍段,7.98,非都市：鄉村區 ; 非都市編定：乙種建築用地
RPXNMLPLPHMFFCF96DC,行政段,25.54,都市：住
RPPQMLPLPHMFFHF86CC,莊敬段,1.13,都市：住
RPPQMLPLPHMFFHF86CC,莊敬段,3.57,都市：商
RPPQMLPLPHMFFHF86CC,莊敬段,.17,都市：住
RPRRMLQLPHMFFBF66CC,麗林段,16.55,都市：商
RPSNMLPLPHMFFIF96CC,大學段一小段,32.81,都市：住
RPXPMLQLPHMFFCF17CC,寶強段,.00,都市：住
RPPOMLQLPHMFFEF09CC,水仙段,2.26,都市：住
RPPOMLQLPHMFFEF09CC,水仙段,.42,都市：住
RPUOMLQLPHMFFIF37CC,大學段二小段,840.02,都市：住
RPWNMLQLPHMFFEF07CC,公司田段,12.16,都市：住
RPOQMLPLPHMFFIF86CC,三多段,92.96,都市：工
RPOQMLPLPHMFFIF86CC,三多段,.92,都市：工
RPOQMLPLPHMFFIF86CC,三多段,386.24,都市：工
RPOQMLPLPHMFFIF86CC,三多段,650.99,都市：工
RPOQMLPLPHMFFIF86CC,三多段,505.89,都市：工
RPQOMLQLPHMFFGF76CC,正義段,.00,都市：住
RPQOMLQLPHMFFGF76CC,中原段,.00,都市：住
RPUPMLQLPHMFFAF86EC,文化段,2.10,都市：住
RPTPMLQLPHMFFGF17CC,正義北段,.00,都市：商
RPQQMLRLPHMFFBF56CC,五工段,.00,非都市：工業區 ; 非都市編定：丁種建築用地
RPWNMLQLPHMFFGF27CC,福德北段,.00,都市：住
RPVNMLRLPHMFFBF76CC,信華段一小段,.00,都市：住
RPVNMLRLPHMFFBF76CC,信華段二小段,.00,都市：住
RPOOMLRLPHMFFDF98CC,北山段,.00,都市：住
RPXSMLPLPHMFFAF27DC,新興段,4.32,都市：住
RPPPMLQLPHMFFGF76CC,忠孝段,.00,都市：住
RPWOMLQLPHMFFGF37CC,忠孝段,.00,都市：住
RPRQMLRLPHMFFBF66CC,榮富段,12.43,都市：住
RPROMLRLPHMFFEF76CC,天生段,9.78,都市：住
RPSOMLRLPHMFFEF86CC,淡海段,26.44,都市：住
RPOOMLRLPHMFFEF09CC,公司田段,10.95,都市：住
RPORMLSLPHMFFCF66CC,民權段,.00,都市：住
RPVOMLSLPHMFFAF86CC,江子翠段第三崁小段,36.75,都市：住
RPORMLSLPHMFFEF86CC,海天段,13.55,都市：商
RPQNMLSLPHMFFDF56CC,智興段,.00,都市：商
RPQNMLSLPHMFFDF56CC,智興段,.00,都市：住
RPROMLSLPHMFFDF76CC,同新段,12.00,都市：工
RPUOMLSLPHMFFDF07CC,同新段,17.45,都市：工
RPRNMLRLPHMFFHF96CC,南山段,.00,都市：住
RPUPMLSLPHMFFBF96CC,榮富段,25.86,都市：住
RPTNMLRLPHMFFHF17CC,連城段,.00,都市：住
RPOTMLRLPHMFFHF27CC,中原段,55.46,都市：工
RPPOMLRLPHMFFHF86CC,仁和段,.00,都市：住
RPXNMLSLPHMFFHF67CC,中原段,.00,都市：工
RPWOMLSLPHMFFDF47EC,保長段,15.16,都市：住
RPXWMLSLPHMFFIF68CC,大學段一小段,8.84,都市：住
RPRNMLTLPHMFFEF86CC,飛歌段,47.76,都市：住
RPRNMLTLPHMFFEF86CC,飛歌段,2.36,都市：住
RPOPMLLMPHMFFCF48CC,明德段,56.49,都市：住
RPOPMLLMPHMFFCF48CC,明德段,41.31,都市：住
RPPNMLTLPHMFFHF07DC,新和段,56.77,都市：住
RPQNMLTLPHMFFBF09CC,芳洲段,.00,都市：住
RPSOMLLMPHMFFCF78CC,復興段,85.89,都市：工
RPSOMLLMPHMFFAF58CC,城林段,87.50,都市：工
RPRNMLTLPHMFFBF56CC,泰林段,.00,都市：商
RPRNMLTLPHMFFBF56CC,泰林段,.00,都市：商
RPRNMLTLPHMFFBF56CC,泰林段,.00,都市：商
RPRNMLTLPHMFFBF56CC,泰林段,.00,都市：商
RPRPMLLMPHMFFCF78CC,民安段,.00,都市：住
RPRNMLLMPHMFFBF48CC,光榮段,.00,都市：工
RPQNMLLMPHMFFBF38CC,幸福段,.00,都市：工
RPUNMLLMPHMFFDF98CC,智興段,.00,都市：住
RPUNMLLMPHMFFDF98CC,智興段,.00,都市：住
RPPOMLLMPHMFFHF09DC,連城段,.00,都市：住
RPRNMLLMPHMFFIF56CC,新興段,842.81,都市：工
RPVOMLLMPHMFFBF98CC,國宅段,22.74,都市：住
RPVOMLLMPHMFFGF86CC,正義北段,.00,都市：商
RPTNMLLMPHMFFDF88CC,智興段,.00,都市：商
RPPNMLLMPHMFFGF98EC,集賢段,.00,都市：住
RPSPMLLMPHMFFHF76CC,永平段,3.10,都市：住
RPSPMLLMPHMFFHF76CC,永平段,2.48,都市：住
RPSPMLLMPHMFFHF76CC,永平段,.01,都市：住
RPSNMLLMPHMFFGF09CC,興德段,.00,都市：工
