﻿鄉鎮市區,交易標的,土地區段位置/建物區段門牌,土地移轉總面積平方公尺,都市土地使用分區,非都市土地使用分區,非都市土地使用編定,交易年月日,交易筆棟數,移轉層次,總樓層數,建物型態,主要用途,主要建材,建築完成年月,建物移轉總面積平方公尺,建物現況格局-房,建物現況格局-廳,建物現況格局-衛,建物現況格局-隔間,有無管理組織,總價元,單價元/平方公尺,車位類別,車位移轉總面積平方公尺,車位總價元,備註,編號
The villages and towns urban district,transaction sign,land sector position/building sector house number plate,land shifting total area square meter,the use zoning or compiles and checks,the non-metropolis land use district,non-metropolis land use,transaction year, month and day,transaction pen number,shifting level,total floor number,building state,main use,main building materials,construction to complete the years,building shifting total area,Building present situation pattern - room,building present situation pattern - hall,building present situation pattern - health,building present situation pattern - compartmented,Whether there is manages the organization,total price Yuan,the unit price a Yuan/square meter,the berth category,berth shifting total area square meter,the berth total price Yuan,the note,serial number
中壢區,房地(土地+建物),山嶺段211~240地號,138.88,,特定農業區,甲種建築用地,1040422,土地3建物1車位0,全,5,透天厝,住家用,鋼筋混凝土造,,294.0,5,3,6,有,無,16300000,55442,,0.0,0,,RPQQMLLJNHMFFBH28CB
中壢區,房地(土地+建物),山嶺段211~240地號,150.97,,特定農業區,甲種建築用地,1050527,土地3建物1車位0,全,5,透天厝,住家用,鋼筋混凝土造,,320.0,5,3,6,有,無,18000000,56250,,0.0,0,,RPUSMLLJNHMFFBH98DB
中壢區,房地(土地+建物),山嶺段211~240地號,138.59,,特定農業區,甲種建築用地,1040530,土地3建物1車位0,全,5,透天厝,住家用,鋼筋混凝土造,,296.0,5,3,6,有,無,16300000,55068,,0.0,0,,RPOTMLLJNHMFFBH48DB
中壢區,房地(土地+建物),山嶺段211~240地號,138.92,,特定農業區,甲種建築用地,1060325,土地3建物1車位0,全,5,透天厝,住家用,鋼筋混凝土造,,295.0,5,3,6,有,無,16300000,55254,,0.0,0,,RPRTMLLJNHMFFBH78DB
中壢區,房地(土地+建物),山嶺段211~240地號,160.51,,特定農業區,甲種建築用地,1050921,土地3建物1車位0,全,5,透天厝,住家用,鋼筋混凝土造,,337.8,5,3,6,有,無,18500000,54766,,0.0,0,,RPRUMLLJNHMFFBH88DB
中壢區,房地(土地+建物),山嶺段211~240地號,150.97,,特定農業區,甲種建築用地,1050527,土地3建物1車位0,全,5,透天厝,住家用,鋼筋混凝土造,,320.0,5,3,6,有,無,18000000,56250,,0.0,0,,RPTPMLSJNHMFFBH66DB
中壢區,房地(土地+建物),山嶺段211~240地號,138.59,,特定農業區,甲種建築用地,1040530,土地3建物1車位0,全,5,透天厝,住家用,鋼筋混凝土造,,296.0,5,3,6,有,無,16300000,55068,,0.0,0,,RPUPMLSJNHMFFBH76DB
中壢區,房地(土地+建物),山嶺段211~240地號,138.92,,特定農業區,甲種建築用地,1060325,土地3建物1車位0,全,5,透天厝,住家用,鋼筋混凝土造,,295.0,5,3,6,有,無,16300000,55254,,0.0,0,,RPVPMLSJNHMFFBH86DB
中壢區,房地(土地+建物),山嶺段211~240地號,160.51,,特定農業區,甲種建築用地,1050921,土地3建物1車位0,全,5,透天厝,住家用,鋼筋混凝土造,,337.8,5,3,6,有,無,18500000,54766,,0.0,0,,RPWPMLSJNHMFFBH96DB
中壢區,房地(土地+建物),山嶺段211~240地號,143.41,,特定農業區,甲種建築用地,1050814,土地3建物1車位0,全,5,透天厝,住家用,鋼筋混凝土造,,294.0,5,3,6,有,無,16500000,56122,,0.0,0,,RPXPMLSJNHMFFBH07DB
中壢區,房地(土地+建物),山嶺段211~240地號,158.77,,特定農業區,甲種建築用地,1040714,土地3建物1車位0,全,5,透天厝,住家用,鋼筋混凝土造,,310.0,5,3,6,有,無,17100000,55161,,0.0,0,,RPOQMLSJNHMFFBH88DB
中壢區,房地(土地+建物),山嶺段211~240地號,157.85,,特定農業區,甲種建築用地,1040712,土地3建物1車位0,全,5,透天厝,住家用,鋼筋混凝土造,,310.0,5,3,6,有,無,17980000,58000,,0.0,0,,RPPQMLSJNHMFFBH98DB
中壢區,房地(土地+建物),山嶺段211~240地號,151.59,,特定農業區,甲種建築用地,1040614,土地3建物1車位0,全,5,透天厝,住家用,鋼筋混凝土造,,310.0,5,3,6,有,無,17000000,54839,,0.0,0,,RPQQMLSJNHMFFBH09DB
中壢區,房地(土地+建物),山嶺段211~240地號,163.59,,特定農業區,甲種建築用地,1041003,土地3建物1車位0,全,5,透天厝,住家用,鋼筋混凝土造,,310.0,5,3,6,有,無,17000000,54839,,0.0,0,,RPUQMLSJNHMFFBH86DB
中壢區,房地(土地+建物),山嶺段211~240地號,143.44,,特定農業區,甲種建築用地,1050225,土地3建物1車位0,全,5,透天厝,住家用,鋼筋混凝土造,,297.0,5,3,6,有,無,16000000,53872,,0.0,0,,RPXQMLSJNHMFFBH17DB
中壢區,房地(土地+建物),山嶺段211~240地號,148.55,,特定農業區,甲種建築用地,1050715,土地3建物1車位0,全,5,透天厝,住家用,鋼筋混凝土造,,297.0,5,3,6,有,無,16000000,53872,,0.0,0,,RPPRMLSJNHMFFBH09DB
龜山區,房地(土地+建物)+車位,公華段391~420地號,27.3,住,,,1040811,土地1建物1車位1,七層,7,華廈(10層含以下有電梯),住家用,鋼筋混凝土造,,114.57,2,1,1,有,無,6680000,69969,坡道平面,36.25,1200000,,RPXNMLLKNHMFFHH76CB
龜山區,房地(土地+建物)+車位,公華段391~420地號,27.3,住,,,1040531,土地1建物1車位1,六層,7,華廈(10層含以下有電梯),住家用,鋼筋混凝土造,,112.36,2,1,1,有,無,6620000,70480,坡道平面,34.04,1100000,,RPPOMLLKNHMFFHH68CB
龜山區,房地(土地+建物)+車位,公華段391~420地號,27.3,住,,,1040530,土地1建物1車位1,四層,7,華廈(10層含以下有電梯),住家用,鋼筋混凝土造,,112.36,2,1,1,有,無,6480000,68693,坡道平面,34.04,1100000,,RPROMLLKNHMFFHH88CB
龜山區,房地(土地+建物)+車位,公華段391~420地號,27.3,住,,,1050323,土地1建物1車位1,三層,7,華廈(10層含以下有電梯),住家用,鋼筋混凝土造,,112.36,2,1,1,有,無,6200000,65117,坡道平面,34.04,1100000,,RPTNMLRKNHMFFHH96CB
龜山區,房地(土地+建物)+車位,公華段391~420地號,27.3,住,,,1041121,土地1建物1車位1,二層,7,華廈(10層含以下有電梯),住家用,鋼筋混凝土造,,114.57,2,1,1,有,無,6500000,67671,坡道平面,36.25,1200000,,RPUNMLRKNHMFFHH07CB
龜山區,房地(土地+建物)+車位,公華段391~420地號,34.03,住,,,1040905,土地1建物1車位1,四層,7,華廈(10層含以下有電梯),住家用,鋼筋混凝土造,,132.11,2,1,1,有,無,7660000,66891,坡道平面,34.04,1100000,,RPVNMLRKNHMFFHH17CB
龜山區,房地(土地+建物)+車位,公華段391~420地號,31.86,住,,,1040801,土地1建物1車位1,三層,7,華廈(10層含以下有電梯),住家用,鋼筋混凝土造,,127.84,2,1,1,有,無,7370000,67365,坡道平面,36.25,1200000,,RPXNMLRKNHMFFHH37CB
龜山區,房地(土地+建物)+車位,公華段391~420地號,31.86,住,,,1040919,土地1建物1車位1,五層,7,華廈(10層含以下有電梯),住家用,鋼筋混凝土造,,127.84,2,1,1,有,無,7350000,67147,坡道平面,36.25,1200000,,RPOOMLRKNHMFFHH56CB
龜山區,房地(土地+建物)+車位,公華段391~420地號,31.86,住,,,1040530,土地1建物1車位1,三層,7,華廈(10層含以下有電梯),住家用,鋼筋混凝土造,,125.63,2,1,1,有,無,7220000,66820,坡道平面,34.04,1100000,,RPPOMLRKNHMFFHH66CB
龜山區,房地(土地+建物)+車位,公華段391~420地號,42.46,住,,,1040822,土地1建物1車位1,七層,7,華廈(10層含以下有電梯),住家用,鋼筋混凝土造,,158.38,3,2,1,有,無,9340000,65831,坡道平面,36.25,1300000,,RPQOMLRKNHMFFHH76CB
龜山區,房地(土地+建物)+車位,公華段391~420地號,42.46,住,,,1040922,土地1建物1車位1,六層,7,華廈(10層含以下有電梯),住家用,鋼筋混凝土造,,158.38,3,2,1,有,無,9470000,67715,坡道平面,36.25,1200000,,RPROMLRKNHMFFHH86CB
龜山區,房地(土地+建物)+車位,公華段391~420地號,42.46,住,,,1040724,土地1建物1車位1,五層,7,華廈(10層含以下有電梯),住家用,鋼筋混凝土造,,158.38,3,2,1,有,無,9450000,67551,坡道平面,36.25,1200000,,RPSOMLRKNHMFFHH96CB
龜山區,房地(土地+建物)+車位,公華段391~420地號,42.46,住,,,1040723,土地1建物1車位1,四層,7,華廈(10層含以下有電梯),住家用,鋼筋混凝土造,,158.38,3,2,1,有,無,9230000,65750,坡道平面,36.25,1200000,,RPTOMLRKNHMFFHH07CB
龜山區,房地(土地+建物)+車位,公華段391~420地號,42.46,住,,,1040612,土地1建物1車位1,三層,7,華廈(10層含以下有電梯),住家用,鋼筋混凝土造,,158.38,3,2,1,有,無,9030000,64112,坡道平面,36.25,1200000,,RPUOMLRKNHMFFHH17CB
龜山區,房地(土地+建物)+車位,公華段391~420地號,42.46,住,,,1041226,土地1建物1車位1,二層,7,華廈(10層含以下有電梯),住家用,鋼筋混凝土造,,156.17,3,2,1,有,無,8850000,63457,坡道平面,34.04,1100000,,RPVOMLRKNHMFFHH27CB
龜山區,房地(土地+建物)+車位,公華段391~420地號,42.46,住,,,1041213,土地1建物1車位1,七層,7,華廈(10層含以下有電梯),住家用,鋼筋混凝土造,,158.3,3,2,1,有,無,9150000,65137,坡道平面,36.25,1200000,,RPWOMLRKNHMFFHH37CB
龜山區,房地(土地+建物)+車位,公華段391~420地號,42.46,住,,,1040806,土地1建物1車位1,四層,7,華廈(10層含以下有電梯),住家用,鋼筋混凝土造,,158.3,3,2,1,有,無,9050000,64318,坡道平面,36.25,1200000,,RPXOMLRKNHMFFHH47CB
龜山區,房地(土地+建物)+車位,公華段391~420地號,33.1,住,,,1041018,土地1建物1車位1,七層,7,華廈(10層含以下有電梯),住家用,鋼筋混凝土造,,129.39,2,1,1,有,無,7300000,65024,坡道平面,34.04,1100000,,RPOPMLRKNHMFFHH66CB
龜山區,房地(土地+建物)+車位,公華段391~420地號,33.1,住,,,1041011,土地1建物1車位1,六層,7,華廈(10層含以下有電梯),住家用,鋼筋混凝土造,,129.39,2,1,1,有,無,7350000,65548,坡道平面,34.04,1100000,,RPPPMLRKNHMFFHH76CB
龜山區,房地(土地+建物)+車位,公華段391~420地號,31.71,住,,,1050315,土地1建物1車位1,六層,7,華廈(10層含以下有電梯),住家用,鋼筋混凝土造,,125.18,2,1,1,有,無,7150000,66381,坡道平面,34.04,1100000,,RPRPMLRKNHMFFHH96CB
龜山區,房地(土地+建物)+車位,公華段391~420地號,31.71,住,,,1040625,土地1建物1車位1,五層,7,華廈(10層含以下有電梯),住家用,鋼筋混凝土造,,127.39,2,1,1,有,無,7300000,66930,坡道平面,36.25,1200000,,RPTPMLRKNHMFFHH17CB
龜山區,房地(土地+建物)+車位,公華段391~420地號,31.71,住,,,1041128,土地1建物1車位1,四層,7,華廈(10層含以下有電梯),住家用,鋼筋混凝土造,,127.39,2,1,1,有,無,7300000,66930,坡道平面,36.25,1200000,,RPUPMLRKNHMFFHH27CB
龜山區,房地(土地+建物)+車位,公華段391~420地號,43.08,住,,,1041004,土地1建物1車位1,一層,7,華廈(10層含以下有電梯),住家用,鋼筋混凝土造,,159.02,1,1,1,有,無,10000000,70864,坡道平面,36.25,1300000,,RPWPMLRKNHMFFHH47CB
龜山區,房地(土地+建物)+車位,公華段391~420地號,52.82,住,,,1041025,土地1建物1車位1,一層,7,華廈(10層含以下有電梯),住家用,鋼筋混凝土造,,187.18,1,1,1,有,無,11700000,69569,坡道平面,36.25,1200000,,RPXPMLRKNHMFFHH57CB
龜山區,房地(土地+建物)+車位,公華段391~420地號,41.22,住,,,1040816,土地1建物1車位1,一層,7,華廈(10層含以下有電梯),住家用,鋼筋混凝土造,,153.63,1,1,1,有,無,9600000,70711,坡道平面,36.25,1300000,,RPOQMLRKNHMFFHH76CB
龜山區,房地(土地+建物)+車位,公華段391~420地號,41.22,住,,,1041017,土地1建物1車位1,一層,7,華廈(10層含以下有電梯),住家用,鋼筋混凝土造,,151.42,1,1,1,有,無,9800000,74118,坡道平面,34.04,1100000,,RPPQMLRKNHMFFHH86CB
龜山區,房地(土地+建物)+車位,公華段391~420地號,34.49,住,,,1040829,土地1建物1車位1,一層,7,華廈(10層含以下有電梯),住家用,鋼筋混凝土造,,134.02,0,0,0,無,無,8120000,70778,坡道平面,36.25,1200000,,RPRQMLRKNHMFFHH07CB
龜山區,房地(土地+建物)+車位,公華段391~420地號,37.43,住,,,1040809,土地1建物1車位1,一層,7,華廈(10層含以下有電梯),住家用,鋼筋混凝土造,,142.56,0,0,0,無,無,8860000,71113,坡道平面,36.25,1300000,,RPSQMLRKNHMFFHH17CB
龜山區,房地(土地+建物)+車位,公華段391~420地號,36.35,住,,,1040802,土地1建物1車位1,一層,7,華廈(10層含以下有電梯),住家用,鋼筋混凝土造,,137.24,0,0,0,無,無,8400000,70736,坡道平面,34.04,1100000,,RPTQMLRKNHMFFHH27CB
龜山區,房地(土地+建物)+車位,公華段391~420地號,34.73,住,,,1040913,土地1建物1車位1,一層,7,華廈(10層含以下有電梯),住家用,鋼筋混凝土造,,132.65,0,0,0,無,無,7990000,69871,坡道平面,34.04,1100000,,RPUQMLRKNHMFFHH37CB
龜山區,房地(土地+建物)+車位,公華段391~420地號,79.12,住,,,1050310,土地1建物1車位2,一層,7,華廈(10層含以下有電梯),住家用,鋼筋混凝土造,,297.98,0,0,0,無,無,25410000,103202,坡道平面,72.5,2140000,親友、員工或其他特殊關係間之交易。,RPVQMLRKNHMFFHH47CB
龜山區,房地(土地+建物)+車位,公華段391~420地號,33.95,住,,,1040820,土地1建物1車位2,一層,7,華廈(10層含以下有電梯),住家用,鋼筋混凝土造,,167.24,0,0,0,無,無,11480000,100697,坡道平面,72.5,1940000,親友、員工或其他特殊關係間之交易。,RPWQMLRKNHMFFHH57CB
龜山區,房地(土地+建物)+車位,公華段391~420地號,36.58,住,,,1050310,土地1建物1車位2,一層,7,華廈(10層含以下有電梯),住家用,鋼筋混凝土造,,174.55,0,0,0,無,無,12210000,100637,坡道平面,72.5,1940000,親友、員工或其他特殊關係間之交易。,RPXQMLRKNHMFFHH67CB
龜山區,房地(土地+建物)+車位,公華段391~420地號,35.81,住,,,1040831,土地1建物1車位1,一層,7,華廈(10層含以下有電梯),住家用,鋼筋混凝土造,,138.3,0,0,0,無,無,11340000,100637,坡道平面,36.25,1070000,親友、員工或其他特殊關係間之交易。,RPORMLRKNHMFFHH86CB
龜山區,房地(土地+建物)+車位,公華段391~420地號,46.25,住,,,1050319,土地1建物1車位2,一層,7,華廈(10層含以下有電梯),住家用,鋼筋混凝土造,,202.71,0,0,0,無,無,18350000,120958,坡道平面,72.5,2600000,,RPQRMLRKNHMFFHH07CB
中壢區,房地(土地+建物)+車位,青平段421~450地號,29.77,住,,,1050614,土地1建物1車位1,八層,15,住宅大樓(11層含以上有電梯),住家用,鋼筋混凝土造,,170.57,3,2,2,有,無,11260000,71744,坡道平面,34.53,1500000,,RPSQMLSKNHMFFBH66CB
中壢區,房地(土地+建物)+車位,青平段421~450地號,29.77,住,,,1051213,土地1建物1車位1,十二層,15,住宅大樓(11層含以上有電梯),住家用,鋼筋混凝土造,,170.29,3,2,2,有,無,10440000,65115,坡道平面,34.53,1600000,,RPTQMLSKNHMFFBH76CB
中壢區,房地(土地+建物)+車位,青平段421~450地號,29.37,住,,,1051026,土地1建物1車位1,五層,15,住宅大樓(11層含以上有電梯),住家用,鋼筋混凝土造,,170.51,3,2,2,有,無,9600000,56302,坡道平面,0.0,1400000,,RPUQMLSKNHMFFBH86CB
中壢區,房地(土地+建物)+車位,青平段421~450地號,19.78,住,,,1050319,土地1建物1車位1,十二層,15,住宅大樓(11層含以上有電梯),住家用,鋼筋混凝土造,,123.11,2,1,1,有,無,7520000,61084,坡道平面,0.0,1500000,,RPVQMLSKNHMFFBH96CB
中壢區,房地(土地+建物)+車位,青平段421~450地號,19.78,住,,,1050620,土地1建物1車位1,十三層,15,住宅大樓(11層含以上有電梯),住家用,鋼筋混凝土造,,123.11,2,1,1,有,無,7560000,61408,坡道平面,0.0,1500000,,RPWQMLSKNHMFFBH07CB
中壢區,房地(土地+建物)+車位,青平段421~450地號,19.78,住,,,1051007,土地1建物1車位1,十一層,15,住宅大樓(11層含以上有電梯),住家用,鋼筋混凝土造,,123.11,2,1,1,有,無,7900000,72251,坡道平面,34.53,1500000,,RPXQMLSKNHMFFBH17CB
中壢區,房地(土地+建物)+車位,青平段421~450地號,19.78,住,,,1050709,土地1建物1車位1,十層,15,住宅大樓(11層含以上有電梯),住家用,鋼筋混凝土造,,123.11,2,1,1,有,無,6850000,61526,坡道平面,34.53,1400000,,RPORMLSKNHMFFBH98CB
中壢區,房地(土地+建物)+車位,青平段421~450地號,19.78,住,,,1050514,土地1建物1車位1,九層,15,住宅大樓(11層含以上有電梯),住家用,鋼筋混凝土造,,123.11,2,1,1,有,無,7210000,64609,坡道平面,32.41,1350000,,RPPRMLSKNHMFFBH09CB
中壢區,房地(土地+建物)+車位,青平段421~450地號,29.98,住,,,1050614,土地1建物1車位1,五層,15,住宅大樓(11層含以上有電梯),住家用,鋼筋混凝土造,,170.57,3,2,2,有,無,9200000,57340,坡道平面,34.54,1400000,,RPQRMLSKNHMFFBH56CB
中壢區,房地(土地+建物)+車位,青平段421~450地號,19.78,住,,,1051212,土地1建物1車位1,十四層,15,住宅大樓(11層含以上有電梯),住家用,鋼筋混凝土造,,123.11,2,1,1,有,無,8050000,73944,坡道平面,34.53,1500000,,RPRRMLSKNHMFFBH66CB
中壢區,房地(土地+建物)+車位,青平段421~450地號,19.78,住,,,1050418,土地1建物1車位1,八層,15,住宅大樓(11層含以上有電梯),住家用,鋼筋混凝土造,,123.11,2,1,1,有,無,7560000,68413,坡道平面,34.53,1500000,,RPSRMLSKNHMFFBH76CB
中壢區,房地(土地+建物)+車位,青平段421~450地號,19.78,住,,,1050611,土地1建物1車位1,七層,15,住宅大樓(11層含以上有電梯),住家用,鋼筋混凝土造,,123.11,2,1,1,有,無,6680000,59607,坡道平面,34.53,1400000,,RPTRMLSKNHMFFBH86CB
中壢區,房地(土地+建物)+車位,青平段421~450地號,29.77,住,,,1050614,土地1建物1車位1,十二層,15,住宅大樓(11層含以上有電梯),住家用,鋼筋混凝土造,,170.57,3,2,2,有,無,11260000,71744,坡道平面,34.53,1500000,,RPURMLSKNHMFFBH96CB
中壢區,房地(土地+建物)+車位,青平段421~450地號,19.78,住,,,1051127,土地1建物1車位1,二層,15,住宅大樓(11層含以上有電梯),住家用,鋼筋混凝土造,,123.11,2,1,1,有,無,7610000,67848,坡道平面,34.53,1600000,,RPWRMLSKNHMFFBH17CB
中壢區,房地(土地+建物)+車位,青平段421~450地號,19.78,住,,,1051024,土地1建物1車位1,三層,15,住宅大樓(11層含以上有電梯),住家用,鋼筋混凝土造,,123.11,2,1,1,有,無,6280000,55091,坡道平面,34.53,1400000,,RPXRMLSKNHMFFBH27CB
中壢區,房地(土地+建物)+車位,青平段421~450地號,29.37,住,,,1051226,土地1建物1車位1,十層,15,住宅大樓(11層含以上有電梯),住家用,鋼筋混凝土造,,170.51,3,2,2,有,無,10340000,65010,坡道平面,34.53,1500000,,RPOSMLSKNHMFFBH09CB
中壢區,房地(土地+建物)+車位,忠孝段151~180地號,23.07,住,,,1050410,土地1建物1車位1,十三層,14,住宅大樓(11層含以上有電梯),住家用,鋼筋混凝土造,,167.19,3,2,2,有,無,9000000,58610,坡道平面,37.52,1400000,,RPSQMLTJOHMFFBH96EB
中壢區,房地(土地+建物)+車位,忠孝段151~180地號,15.62,住,,,1050618,土地1建物1車位1,八層,14,住宅大樓(11層含以上有電梯),住家用,鋼筋混凝土造,,127.44,2,2,1,有,無,6000000,53937,坡道平面,37.52,1150000,,RPTQMLTJOHMFFBH07EB
蘆竹區,房地(土地+建物)+車位,南崁段601~630地號,18.18,住,,,1040822,土地1建物1車位1,十二層,15,住宅大樓(11層含以上有電梯),住家用,鋼筋混凝土造,,93.98,2,2,1,有,無,9100000,153709,坡道平面,43.56,1350000,,RPWNMLLLOHMFFEH56CB
蘆竹區,房地(土地+建物)+車位,南崁段601~630地號,18.84,住,,,1041110,土地1建物1車位1,五層,15,住宅大樓(11層含以上有電梯),住家用,鋼筋混凝土造,,95.97,2,2,1,有,無,9410000,153787,坡道平面,43.56,1350000,,RPXNMLLLOHMFFEH66CB
蘆竹區,房地(土地+建物)+車位,南崁段601~630地號,25.4,住,,,1041114,土地1建物1車位1,七層,15,住宅大樓(11層含以上有電梯),住家用,鋼筋混凝土造,,129.88,3,2,2,有,無,12080000,122567,坡道平面,43.56,1500000,,RPOOMLLLOHMFFEH48CB
蘆竹區,房地(土地+建物)+車位,南崁段601~630地號,19.14,住,,,1040531,土地1建物1車位1,六層,15,住宅大樓(11層含以上有電梯),住家用,鋼筋混凝土造,,97.09,2,2,1,有,無,9530000,150009,坡道平面,43.56,1500000,,RPPOMLLLOHMFFEH58CB
蘆竹區,房地(土地+建物)+車位,南崁段601~630地號,17.81,住,,,1041110,土地1建物1車位1,四層,15,住宅大樓(11層含以上有電梯),住家用,鋼筋混凝土造,,90.22,2,2,1,有,無,8450000,152165,坡道平面,43.56,1350000,,RPQOMLLLOHMFFEH68CB
蘆竹區,房地(土地+建物)+車位,南崁段601~630地號,26.03,住,,,1040918,土地1建物1車位1,十一層,15,住宅大樓(11層含以上有電梯),住家用,鋼筋混凝土造,,134.06,3,2,2,有,無,12600000,121547,坡道平面,43.56,1600000,,RPROMLLLOHMFFEH78CB
蘆竹區,房地(土地+建物)+車位,南崁段601~630地號,19.14,住,,,1031225,土地1建物1車位1,二層,15,住宅大樓(11層含以上有電梯),住家用,鋼筋混凝土造,,97.09,2,2,1,有,無,9590000,152998,坡道平面,43.56,1400000,,RPSOMLLLOHMFFEH88CB
蘆竹區,房地(土地+建物)+車位,南崁段601~630地號,17.81,住,,,1050124,土地1建物1車位1,十一層,15,住宅大樓(11層含以上有電梯),住家用,鋼筋混凝土造,,90.2,2,2,1,有,無,8700000,154374,坡道平面,43.56,1500000,,RPTOMLLLOHMFFEH98CB
蘆竹區,房地(土地+建物)+車位,南崁段601~630地號,18.84,住,,,1041115,土地1建物1車位1,七層,15,住宅大樓(11層含以上有電梯),住家用,鋼筋混凝土造,,95.97,2,2,1,有,無,9200000,146919,坡道平面,43.56,1500000,,RPUOMLLLOHMFFEH09CB
蘆竹區,房地(土地+建物)+車位,南崁段601~630地號,18.18,住,,,1040111,土地1建物1車位1,十層,15,住宅大樓(11層含以上有電梯),住家用,鋼筋混凝土造,,93.98,2,2,1,有,無,9580000,156792,坡道平面,41.49,1350000,,RPVOMLLLOHMFFEH56CB
蘆竹區,房地(土地+建物)+車位,南崁段601~630地號,24.44,住,,,1040627,土地1建物1車位1,七層,15,住宅大樓(11層含以上有電梯),住家用,鋼筋混凝土造,,125.85,3,2,2,有,無,11790000,123830,坡道平面,43.56,1600000,,RPWOMLLLOHMFFEH66CB
蘆竹區,房地(土地+建物)+車位,南崁段601~630地號,17.51,住,,,1041115,土地1建物1車位1,五層,15,住宅大樓(11層含以上有電梯),住家用,鋼筋混凝土造,,90.2,2,2,1,有,無,8450000,152230,坡道平面,43.56,1350000,,RPXOMLLLOHMFFEH76CB
蘆竹區,房地(土地+建物)+車位,南崁段601~630地號,17.88,住,,,1040616,土地1建物1車位0,七層,15,住宅大樓(11層含以上有電梯),住家用,鋼筋混凝土造,,93.98,2,2,1,有,無,8000000,85124,坡道平面,0.0,0,,RPOPMLLLOHMFFEH58CB
蘆竹區,房地(土地+建物)+車位,南崁段601~630地號,26.03,住,,,1040516,土地1建物1車位1,六層,15,住宅大樓(11層含以上有電梯),住家用,鋼筋混凝土造,,134.06,3,2,2,有,無,12680000,123536,坡道平面,43.56,1500000,,RPPPMLLLOHMFFEH68CB
蘆竹區,房地(土地+建物)+車位,南崁段601~630地號,19.14,住,,,1040413,土地1建物1車位1,十五層,15,住宅大樓(11層含以上有電梯),住家用,鋼筋混凝土造,,97.21,2,2,1,有,無,9700000,152842,坡道平面,43.56,1500000,,RPQPMLLLOHMFFEH78CB
蘆竹區,房地(土地+建物)+車位,南崁段601~630地號,26.03,住,,,1040822,土地1建物1車位1,九層,15,住宅大樓(11層含以上有電梯),住家用,鋼筋混凝土造,,134.06,3,2,2,有,無,12450000,122652,坡道平面,43.56,1350000,,RPSPMLLLOHMFFEH98CB
蘆竹區,房地(土地+建物)+車位,南崁段601~630地號,18.84,住,,,1041120,土地1建物1車位1,十四層,15,住宅大樓(11層含以上有電梯),住家用,鋼筋混凝土造,,95.97,2,2,1,有,無,9590000,154360,坡道平面,43.56,1500000,,RPTPMLLLOHMFFEH09CB
蘆竹區,房地(土地+建物)+車位,南崁段601~630地號,17.81,住,,,1040905,土地1建物1車位1,四層,15,住宅大樓(11層含以上有電梯),住家用,鋼筋混凝土造,,90.2,2,2,1,有,無,8350000,144734,坡道平面,41.49,1300000,,RPUPMLLLOHMFFEH56CB
蘆竹區,房地(土地+建物)+車位,南崁段601~630地號,19.14,住,,,1031225,土地1建物1車位1,九層,15,住宅大樓(11層含以上有電梯),住家用,鋼筋混凝土造,,97.09,2,2,1,有,無,9870000,158229,坡道平面,43.56,1400000,,RPVPMLLLOHMFFEH66CB
蘆竹區,房地(土地+建物)+車位,南崁段601~630地號,18.18,住,,,1040513,土地1建物1車位1,十五層,15,住宅大樓(11層含以上有電梯),住家用,鋼筋混凝土造,,93.98,2,2,1,有,無,9200000,155692,坡道平面,43.56,1350000,,RPWPMLLLOHMFFEH76CB
蘆竹區,房地(土地+建物)+車位,南崁段601~630地號,17.81,住,,,1041118,土地1建物1車位1,十四層,15,住宅大樓(11層含以上有電梯),住家用,鋼筋混凝土造,,90.22,2,2,1,有,無,8800000,159666,坡道平面,43.56,1350000,,RPXPMLLLOHMFFEH86CB
蘆竹區,房地(土地+建物)+車位,南崁段601~630地號,18.84,住,,,1041120,土地1建物1車位1,十三層,15,住宅大樓(11層含以上有電梯),住家用,鋼筋混凝土造,,95.97,2,2,1,有,無,9620000,154932,坡道平面,43.56,1500000,,RPOQMLLLOHMFFEH68CB
蘆竹區,房地(土地+建物)+車位,南崁段601~630地號,19.14,住,,,1040401,土地1建物1車位1,十三層,15,住宅大樓(11層含以上有電梯),住家用,鋼筋混凝土造,,97.21,2,2,1,有,無,9660000,152097,坡道平面,43.56,1500000,,RPPQMLLLOHMFFEH78CB
蘆竹區,房地(土地+建物)+車位,南崁段601~630地號,17.81,住,,,1040712,土地1建物1車位1,九層,15,住宅大樓(11層含以上有電梯),住家用,鋼筋混凝土造,,90.22,2,2,1,有,無,8800000,159666,坡道平面,43.56,1350000,,RPQQMLLLOHMFFEH88CB
蘆竹區,房地(土地+建物)+車位,南崁段601~630地號,17.81,住,,,1041118,土地1建物1車位1,十層,15,住宅大樓(11層含以上有電梯),住家用,鋼筋混凝土造,,90.22,2,2,1,有,無,8980000,163523,坡道平面,43.56,1350000,,RPRQMLLLOHMFFEH98CB
蘆竹區,房地(土地+建物)+車位,南崁段601~630地號,17.81,住,,,1041118,土地1建物1車位1,七層,15,住宅大樓(11層含以上有電梯),住家用,鋼筋混凝土造,,90.22,2,2,1,有,無,8900000,161809,坡道平面,43.56,1350000,,RPSQMLLLOHMFFEH09CB
蘆竹區,房地(土地+建物)+車位,南崁段601~630地號,19.14,住,,,1031229,土地1建物1車位1,七層,15,住宅大樓(11層含以上有電梯),住家用,鋼筋混凝土造,,97.09,2,2,1,有,無,9770000,151439,坡道平面,41.49,1350000,,RPTQMLLLOHMFFEH56CB
蘆竹區,房地(土地+建物)+車位,南崁段601~630地號,19.14,住,,,1031229,土地1建物1車位1,八層,15,住宅大樓(11層含以上有電梯),住家用,鋼筋混凝土造,,97.09,2,2,1,有,無,9770000,151439,坡道平面,41.49,1350000,,RPUQMLLLOHMFFEH66CB
蘆竹區,房地(土地+建物)+車位,南崁段601~630地號,17.81,住,,,1031229,土地1建物1車位1,三層,15,住宅大樓(11層含以上有電梯),住家用,鋼筋混凝土造,,90.22,2,2,1,有,無,8890000,152678,坡道平面,41.49,1450000,,RPVQMLLLOHMFFEH76CB
蘆竹區,房地(土地+建物)+車位,南崁段601~630地號,17.81,住,,,1041212,土地1建物1車位1,十層,15,住宅大樓(11層含以上有電梯),住家用,鋼筋混凝土造,,90.2,2,2,1,有,無,8610000,155660,坡道平面,43.56,1350000,,RPWQMLLLOHMFFEH86CB
蘆竹區,房地(土地+建物)+車位,南崁段601~630地號,18.84,住,,,1040905,土地1建物1車位1,八層,15,住宅大樓(11層含以上有電梯),住家用,鋼筋混凝土造,,95.97,2,2,1,有,無,9220000,150162,坡道平面,43.56,1350000,,RPXQMLLLOHMFFEH96CB
蘆竹區,房地(土地+建物)+車位,南崁段601~630地號,26.03,住,,,1040427,土地1建物1車位1,二層,15,住宅大樓(11層含以上有電梯),住家用,鋼筋混凝土造,,134.06,3,2,2,有,無,12100000,118232,坡道平面,43.56,1400000,,RPORMLLLOHMFFEH78CB
蘆竹區,房地(土地+建物)+車位,南崁段601~630地號,17.81,住,,,1040414,土地1建物1車位1,十五層,15,住宅大樓(11層含以上有電梯),住家用,鋼筋混凝土造,,90.2,2,2,1,有,無,8700000,154374,坡道平面,43.56,1500000,,RPPRMLLLOHMFFEH88CB
蘆竹區,房地(土地+建物)+車位,南崁段601~630地號,18.18,住,,,1040801,土地1建物1車位1,九層,15,住宅大樓(11層含以上有電梯),住家用,鋼筋混凝土造,,93.98,2,2,1,有,無,9410000,159857,坡道平面,43.56,1350000,,RPQRMLLLOHMFFEH98CB
蘆竹區,房地(土地+建物)+車位,南崁段601~630地號,26.03,住,,,1040708,土地1建物1車位1,八層,15,住宅大樓(11層含以上有電梯),住家用,鋼筋混凝土造,,134.06,3,2,2,有,無,12420000,118505,坡道平面,41.49,1450000,,RPRRMLLLOHMFFEH09CB
蘆竹區,房地(土地+建物)+車位,南崁段601~630地號,26.03,住,,,1040619,土地1建物1車位1,五層,15,住宅大樓(11層含以上有電梯),住家用,鋼筋混凝土造,,134.06,3,2,2,有,無,12530000,123536,坡道平面,43.56,1350000,,RPSRMLLLOHMFFEH56CB
蘆竹區,房地(土地+建物)+車位,南崁段601~630地號,20.43,住,,,1040116,土地1建物1車位1,一層,15,住宅大樓(11層含以上有電梯),住家用,鋼筋混凝土造,,103.75,0,0,1,無,無,22080000,340256,坡道平面,43.56,1600000,,RPTRMLLLOHMFFEH66CB
蘆竹區,房地(土地+建物)+車位,南崁段601~630地號,33.7,住,,,1040113,土地1建物1車位2,一層,15,住宅大樓(11層含以上有電梯),住家用,鋼筋混凝土造,,170.69,0,0,1,無,無,39670000,416942,坡道平面,82.98,3100000,,RPURMLLLOHMFFEH76CB
蘆竹區,房地(土地+建物)+車位,南崁段601~630地號,24.13,住,,,1040904,土地1建物1車位1,十二層,15,住宅大樓(11層含以上有電梯),住家用,鋼筋混凝土造,,123.36,2,2,1,有,無,11460000,124812,坡道平面,43.56,1500000,,RPVRMLLLOHMFFEH86CB
蘆竹區,房地(土地+建物)+車位,南崁段601~630地號,17.81,住,,,1040720,土地1建物1車位1,六層,15,住宅大樓(11層含以上有電梯),住家用,鋼筋混凝土造,,90.2,2,2,1,有,無,8550000,154374,坡道平面,43.56,1350000,,RPWRMLLLOHMFFEH96CB
蘆竹區,房地(土地+建物)+車位,南崁段601~630地號,24.71,住,,,1040515,土地1建物1車位1,九層,15,住宅大樓(11層含以上有電梯),住家用,鋼筋混凝土造,,125.85,3,2,2,有,無,11900000,126382,坡道平面,43.56,1500000,,RPXRMLLLOHMFFEH07CB
蘆竹區,房地(土地+建物)+車位,南崁段601~630地號,18.18,住,,,1040511,土地1建物1車位1,十三層,15,住宅大樓(11層含以上有電梯),住家用,鋼筋混凝土造,,93.98,2,2,1,有,無,9200000,155692,坡道平面,43.56,1350000,,RPOSMLLLOHMFFEH88CB
蘆竹區,房地(土地+建物)+車位,南崁段601~630地號,18.18,住,,,1040429,土地1建物1車位1,十一層,15,住宅大樓(11層含以上有電梯),住家用,鋼筋混凝土造,,93.98,2,2,1,有,無,9350000,155692,坡道平面,43.56,1500000,,RPPSMLLLOHMFFEH98CB
蘆竹區,房地(土地+建物)+車位,南崁段601~630地號,24.44,住,,,1040728,土地1建物1車位1,八層,15,住宅大樓(11層含以上有電梯),住家用,鋼筋混凝土造,,125.85,3,2,2,有,無,11730000,126139,坡道平面,43.56,1350000,,RPQSMLLLOHMFFEH09CB
蘆竹區,房地(土地+建物)+車位,南崁段601~630地號,18.84,住,,,1041120,土地1建物1車位1,十一層,15,住宅大樓(11層含以上有電梯),住家用,鋼筋混凝土造,,95.97,2,2,1,有,無,9220000,150162,坡道平面,43.56,1350000,,RPRSMLLLOHMFFEH56CB
蘆竹區,房地(土地+建物)+車位,南崁段601~630地號,17.81,住,,,1040627,土地1建物1車位1,七層,15,住宅大樓(11層含以上有電梯),住家用,鋼筋混凝土造,,90.2,2,2,1,有,無,8710000,154588,坡道平面,43.56,1500000,,RPSSMLLLOHMFFEH66CB
蘆竹區,房地(土地+建物)+車位,南崁段601~630地號,18.84,住,,,1041119,土地1建物1車位0,十二層,15,住宅大樓(11層含以上有電梯),住家用,鋼筋混凝土造,,97.21,2,2,1,有,無,8280000,85176,坡道平面,0.0,0,,RPTSMLLLOHMFFEH76CB
蘆竹區,房地(土地+建物)+車位,南崁段601~630地號,19.14,住,,,1031225,土地1建物1車位1,三層,15,住宅大樓(11層含以上有電梯),住家用,鋼筋混凝土造,,97.09,2,2,1,有,無,9670000,154493,坡道平面,43.56,1400000,,RPUSMLLLOHMFFEH86CB
蘆竹區,房地(土地+建物)+車位,南崁段601~630地號,17.81,住,,,1040828,土地1建物1車位1,三層,15,住宅大樓(11層含以上有電梯),住家用,鋼筋混凝土造,,90.2,2,2,1,有,無,8500000,147814,坡道平面,41.49,1300000,,RPVSMLLLOHMFFEH96CB
蘆竹區,房地(土地+建物)+車位,南崁段601~630地號,17.81,住,,,1040807,土地1建物1車位1,九層,15,住宅大樓(11層含以上有電梯),住家用,鋼筋混凝土造,,90.2,2,2,1,有,無,8700000,157590,坡道平面,43.56,1350000,,RPWSMLLLOHMFFEH07CB
蘆竹區,房地(土地+建物)+車位,南崁段601~630地號,19.14,住,,,1040701,土地1建物1車位1,十層,15,住宅大樓(11層含以上有電梯),住家用,鋼筋混凝土造,,97.09,2,2,1,有,無,9650000,152251,坡道平面,43.56,1500000,,RPXSMLLLOHMFFEH17CB
蘆竹區,房地(土地+建物)+車位,南崁段601~630地號,26.03,住,,,1040511,土地1建物1車位1,十二層,15,住宅大樓(11層含以上有電梯),住家用,鋼筋混凝土造,,134.06,3,2,2,有,無,12600000,124309,坡道平面,43.56,1350000,,RPOTMLLLOHMFFEH98CB
八德區,房地(土地+建物)+車位,豐田段1471~1500地號,15.99,住,,,1021008,土地1建物1車位1,一層,13,住宅大樓(11層含以上有電梯),商業用,鋼筋混凝土造,,72.36,0,0,0,無,無,6790000,93836,坡道平面,0.0,0,,RPQWMLQLOHMFFFH47CB
八德區,房地(土地+建物)+車位,豐田段1471~1500地號,14.21,住,,,1021008,土地1建物1車位1,一層,13,住宅大樓(11層含以上有電梯),商業用,鋼筋混凝土造,,64.25,0,0,0,無,無,6030000,93852,坡道平面,0.0,0,,RPXONLQLOHMFFFH47CB
蘆竹區,房地(土地+建物)+車位,南崁段601~630地號,25.4,住,,,1040828,土地1建物1車位1,十二層,15,住宅大樓(11層含以上有電梯),住家用,鋼筋混凝土造,,129.88,3,2,2,有,無,11990000,121525,坡道平面,43.56,1500000,,RPSNMLNJPHMFFEH88CB
蘆竹區,房地(土地+建物)+車位,南崁段601~630地號,17.81,住,,,1041108,土地1建物1車位1,八層,15,住宅大樓(11層含以上有電梯),住家用,鋼筋混凝土造,,90.2,2,2,1,有,無,8800000,154374,坡道平面,43.56,1600000,,RPTNMLNJPHMFFEH98CB
蘆竹區,房地(土地+建物)+車位,大新段511~540地號,20.08,住,,,1051227,土地1建物1車位1,九層,10,華廈(10層含以下有電梯),住家用,,,90.24,2,2,1,有,無,6750000,74801,坡道平面,0.0,0,,RPTOMLPJPHMFFEH76DB
蘆竹區,房地(土地+建物)+車位,大新段511~540地號,20.27,住,,,1050403,土地1建物1車位1,二層,10,華廈(10層含以下有電梯),住家用,,,90.88,2,2,1,有,無,7200000,79225,坡道平面,0.0,0,,RPSNMLQJPHMFFEH66DB
蘆竹區,房地(土地+建物)+車位,大新段511~540地號,20.08,住,,,1050106,土地1建物1車位1,五層,10,華廈(10層含以下有電梯),住家用,,,90.24,2,2,1,有,無,7200000,79787,坡道平面,0.0,0,,RPPOMLQJPHMFFEH09DB
蘆竹區,房地(土地+建物)+車位,大新段511~540地號,20.08,住,,,1050223,土地1建物1車位1,六層,10,華廈(10層含以下有電梯),住家用,,,90.24,2,2,1,有,無,7200000,79787,坡道平面,0.0,0,,RPQOMLQJPHMFFEH56DB
蘆竹區,房地(土地+建物)+車位,大新段511~540地號,20.08,住,,,1041213,土地1建物1車位1,六層,10,華廈(10層含以下有電梯),住家用,,,90.24,2,2,1,有,無,6600000,73138,坡道平面,0.0,0,,RPROMLQJPHMFFEH66DB
蘆竹區,房地(土地+建物)+車位,大新段511~540地號,20.08,住,,,1050727,土地1建物1車位1,二層,10,華廈(10層含以下有電梯),住家用,,,90.24,2,2,1,有,無,7250000,80341,坡道平面,0.0,0,,RPSOMLQJPHMFFEH76DB
蘆竹區,房地(土地+建物)+車位,大新段511~540地號,28.46,住,,,1060115,土地1建物1車位1,十層,10,華廈(10層含以下有電梯),住家用,,,127.48,2,2,1,有,無,9600000,75306,坡道平面,0.0,0,,RPTOMLQJPHMFFEH86DB
蘆竹區,房地(土地+建物)+車位,大新段511~540地號,20.08,住,,,1050823,土地1建物1車位1,三層,10,華廈(10層含以下有電梯),住家用,,,90.24,2,2,1,有,無,6850000,75909,坡道平面,0.0,0,,RPWOMLQJPHMFFEH17DB
蘆竹區,房地(土地+建物)+車位,大新段511~540地號,20.08,住,,,1050501,土地1建物1車位1,四層,10,華廈(10層含以下有電梯),住家用,,,90.24,2,2,1,有,無,7060000,78236,坡道平面,0.0,0,,RPXOMLQJPHMFFEH27DB
蘆竹區,房地(土地+建物)+車位,大新段511~540地號,20.08,住,,,1050428,土地1建物1車位1,八層,10,華廈(10層含以下有電梯),住家用,,,90.24,2,2,1,有,無,6580000,72917,坡道平面,0.0,0,,RPOPMLQJPHMFFEH09DB
蘆竹區,房地(土地+建物)+車位,大新段511~540地號,20.08,住,,,1050407,土地1建物1車位1,九層,10,華廈(10層含以下有電梯),住家用,,,90.24,2,2,1,有,無,6800000,75355,坡道平面,0.0,0,,RPPPMLQJPHMFFEH56DB
蘆竹區,房地(土地+建物)+車位,大新段511~540地號,20.08,住,,,1051020,土地1建物1車位1,三層,10,華廈(10層含以下有電梯),住家用,,,90.24,2,2,1,有,無,6500000,72030,坡道平面,0.0,0,,RPRNMLNKPHMFFEH98DB
蘆竹區,房地(土地+建物)+車位,大新段511~540地號,20.08,住,,,1041209,土地1建物1車位1,五層,10,華廈(10層含以下有電梯),住家用,,,90.24,2,2,1,有,無,6680000,74025,坡道平面,0.0,0,,RPVNMLNKPHMFFEH76DB
蘆竹區,房地(土地+建物)+車位,大新段511~540地號,20.08,住,,,1051003,土地1建物1車位1,七層,10,華廈(10層含以下有電梯),住家用,,,90.24,2,2,1,有,無,7000000,77571,坡道平面,0.0,0,,RPVOMLNKPHMFFEH86DB
蘆竹區,房地(土地+建物)+車位,大新段511~540地號,20.08,住,,,1050407,土地1建物1車位1,七層,10,華廈(10層含以下有電梯),住家用,,,90.24,2,2,1,有,無,7200000,79787,坡道平面,0.0,0,,RPOPMLNKPHMFFEH88DB
八德區,房地(土地+建物)+車位,豐田段1471~1500地號,29.17,住,,,1030804,土地1建物1車位1,十二層,13,住宅大樓(11層含以上有電梯),住家用,鋼筋混凝土造,,162.42,3,2,2,有,無,8080000,49048,坡道平面,22.15,1200000,房屋總價含家電(5萬),RPUNMLQLPHMFFFH07CB
八德區,房地(土地+建物)+車位,豐田段1471~1500地號,25.97,住,,,1030610,土地1建物1車位1,四層,13,住宅大樓(11層含以上有電梯),住家用,鋼筋混凝土造,,146.93,3,2,2,有,無,7040000,46402,坡道平面,22.15,1250000,,RPVNMLQLPHMFFFH17CB
八德區,房地(土地+建物)+車位,豐田段1471~1500地號,19.48,住,,,1021210,土地1建物1車位1,十一層,12,住宅大樓(11層含以上有電梯),住家用,鋼筋混凝土造,,115.51,2,1,1,有,無,6360000,55805,坡道平面,22.15,1150000,,RPWNMLQLPHMFFFH27CB
八德區,房地(土地+建物)+車位,豐田段1471~1500地號,20.32,住,,,1031021,土地1建物1車位1,十層,12,住宅大樓(11層含以上有電梯),住家用,鋼筋混凝土造,,119.18,2,1,1,有,無,6400000,53592,坡道平面,22.15,1200000,房屋總價含家電(十萬),RPXNMLQLPHMFFFH37CB
八德區,房地(土地+建物)+車位,豐田段1471~1500地號,25.97,住,,,1021126,土地1建物1車位1,八層,13,住宅大樓(11層含以上有電梯),住家用,鋼筋混凝土造,,144.6,3,2,2,有,無,7810000,53913,坡道平面,20.14,1100000,,RPOOMLQLPHMFFFH56CB
八德區,房地(土地+建物)+車位,豐田段1471~1500地號,25.97,住,,,1030513,土地1建物1車位1,二層,13,住宅大樓(11層含以上有電梯),住家用,鋼筋混凝土造,,146.93,3,2,2,有,無,6990000,46402,坡道平面,22.15,1200000,,RPPOMLQLPHMFFFH66CB
八德區,房地(土地+建物)+車位,豐田段1471~1500地號,34.81,住,,,1030812,土地1建物1車位1,三層,13,住宅大樓(11層含以上有電梯),住家用,鋼筋混凝土造,,186.39,4,2,2,有,無,9280000,49196,坡道平面,22.15,1200000,房屋總價含家電(十萬),RPQOMLQLPHMFFFH76CB
八德區,房地(土地+建物)+車位,豐田段1471~1500地號,20.32,住,,,1021112,土地1建物1車位1,六層,12,住宅大樓(11層含以上有電梯),住家用,鋼筋混凝土造,,119.18,2,1,1,有,無,6320000,53282,坡道平面,22.15,1150000,,RPROMLQLPHMFFFH86CB
八德區,房地(土地+建物)+車位,豐田段1471~1500地號,19.48,住,,,1020924,土地1建物1車位1,十二層,12,住宅大樓(11層含以上有電梯),住家用,鋼筋混凝土造,,115.46,2,1,1,有,無,6110000,53156,坡道平面,22.15,1150000,,RPSOMLQLPHMFFFH96CB
八德區,房地(土地+建物)+車位,豐田段1471~1500地號,25.97,住,,,1030527,土地1建物1車位1,三層,13,住宅大樓(11層含以上有電梯),住家用,鋼筋混凝土造,,146.51,3,2,2,有,無,7100000,47443,坡道平面,22.15,1200000,,RPTOMLQLPHMFFFH07CB
八德區,房地(土地+建物)+車位,豐田段1471~1500地號,25.97,住,,,1030520,土地1建物1車位1,九層,13,住宅大樓(11層含以上有電梯),住家用,鋼筋混凝土造,,145.16,3,2,2,有,無,7300000,49589,坡道平面,22.15,1200000,,RPUOMLQLPHMFFFH17CB
八德區,房地(土地+建物)+車位,豐田段1471~1500地號,34.81,住,,,1030826,土地1建物1車位1,六層,13,住宅大樓(11層含以上有電梯),住家用,鋼筋混凝土造,,186.39,4,2,2,有,無,9550000,50536,坡道平面,22.15,1250000,,RPVOMLQLPHMFFFH27CB
八德區,房地(土地+建物)+車位,豐田段1471~1500地號,20.32,住,,,1021210,土地1建物1車位1,六層,12,住宅大樓(11層含以上有電梯),住家用,鋼筋混凝土造,,117.17,2,1,1,有,無,6290000,53489,坡道平面,20.14,1100000,,RPWOMLQLPHMFFFH37CB
八德區,房地(土地+建物)+車位,豐田段1471~1500地號,19.48,住,,,1021001,土地1建物1車位1,九層,12,住宅大樓(11層含以上有電梯),住家用,鋼筋混凝土造,,115.51,2,1,1,有,無,6200000,54092,坡道平面,22.15,1150000,,RPXOMLQLPHMFFFH47CB
八德區,房地(土地+建物)+車位,豐田段1471~1500地號,25.97,住,,,1030603,土地1建物1車位1,二層,13,住宅大樓(11層含以上有電梯),住家用,鋼筋混凝土造,,146.93,3,2,2,有,無,6990000,46402,坡道平面,22.15,1200000,,RPOPMLQLPHMFFFH66CB
八德區,房地(土地+建物)+車位,豐田段1471~1500地號,25.97,住,,,1021001,土地1建物1車位1,六層,13,住宅大樓(11層含以上有電梯),住家用,鋼筋混凝土造,,146.51,3,2,2,有,無,7810000,53554,坡道平面,22.15,1150000,,RPPPMLQLPHMFFFH76CB
八德區,房地(土地+建物)+車位,豐田段1471~1500地號,25.97,住,,,1030724,土地1建物1車位1,十二層,13,住宅大樓(11層含以上有電梯),住家用,鋼筋混凝土造,,145.16,3,2,2,有,無,7180000,48614,坡道平面,22.15,1200000,,RPQPMLQLPHMFFFH86CB
八德區,房地(土地+建物)+車位,豐田段1471~1500地號,29.17,住,,,1030616,土地1建物1車位1,八層,13,住宅大樓(11層含以上有電梯),住家用,鋼筋混凝土造,,162.42,3,2,2,有,無,8500000,51686,坡道平面,22.15,1250000,房屋總價含家電(10萬),RPRPMLQLPHMFFFH96CB
八德區,房地(土地+建物)+車位,豐田段1471~1500地號,25.97,住,,,1021001,土地1建物1車位1,六層,13,住宅大樓(11層含以上有電梯),住家用,鋼筋混凝土造,,144.5,3,2,2,有,無,7760000,53554,坡道平面,20.14,1100000,,RPSPMLQLPHMFFFH07CB
八德區,房地(土地+建物)+車位,豐田段1471~1500地號,25.97,住,,,1030630,土地1建物1車位1,八層,13,住宅大樓(11層含以上有電梯),住家用,鋼筋混凝土造,,146.51,3,2,2,有,無,7350000,49453,坡道平面,22.15,1200000,,RPTPMLQLPHMFFFH17CB
八德區,房地(土地+建物)+車位,豐田段1471~1500地號,34.81,住,,,1030624,土地1建物1車位1,九層,13,住宅大樓(11層含以上有電梯),住家用,鋼筋混凝土造,,187.06,4,2,2,有,無,9700000,51240,坡道平面,22.15,1250000,,RPUPMLQLPHMFFFH27CB
八德區,房地(土地+建物)+車位,豐田段1471~1500地號,25.97,住,,,1031028,土地1建物1車位1,十一層,13,住宅大樓(11層含以上有電梯),住家用,鋼筋混凝土造,,146.61,3,2,2,有,無,7300000,48610,坡道平面,22.15,1250000,,RPVPMLQLPHMFFFH37CB
八德區,房地(土地+建物)+車位,豐田段1471~1500地號,19.48,住,,,1021008,土地1建物1車位1,四層,12,住宅大樓(11層含以上有電梯),住家用,鋼筋混凝土造,,113.5,2,1,1,有,無,5990000,52378,坡道平面,20.14,1100000,,RPWPMLQLPHMFFFH47CB
八德區,房地(土地+建物)+車位,豐田段1471~1500地號,20.32,住,,,1030616,土地1建物1車位1,九層,12,住宅大樓(11層含以上有電梯),住家用,鋼筋混凝土造,,119.18,2,1,1,有,無,6260000,51634,坡道平面,22.15,1250000,,RPOQMLQLPHMFFFH76CB
八德區,房地(土地+建物)+車位,豐田段1471~1500地號,25.97,住,,,1021126,土地1建物1車位1,三層,13,住宅大樓(11層含以上有電梯),住家用,鋼筋混凝土造,,143.15,3,2,2,有,無,7430000,51053,坡道平面,20.14,1150000,,RPPQMLQLPHMFFFH86CB
八德區,房地(土地+建物)+車位,豐田段1471~1500地號,34.81,住,,,1030429,土地1建物1車位1,十三層,13,住宅大樓(11層含以上有電梯),住家用,鋼筋混凝土造,,186.39,4,2,2,有,無,9440000,50170,坡道平面,22.15,1200000,,RPQQMLQLPHMFFFH96CB
八德區,房地(土地+建物)+車位,豐田段1471~1500地號,34.81,住,,,1030429,土地1建物1車位1,十一層,13,住宅大樓(11層含以上有電梯),住家用,鋼筋混凝土造,,186.39,4,2,2,有,無,9540000,50779,坡道平面,22.15,1200000,,RPRQMLQLPHMFFFH07CB
八德區,房地(土地+建物)+車位,豐田段1471~1500地號,34.81,住,,,1021001,土地1建物1車位1,六層,13,住宅大樓(11層含以上有電梯),住家用,鋼筋混凝土造,,187.06,4,2,2,有,無,10060000,53726,坡道平面,22.15,1200000,,RPSQMLQLPHMFFFH17CB
八德區,房地(土地+建物)+車位,豐田段1471~1500地號,25.97,住,,,1030624,土地1建物1車位1,八層,13,住宅大樓(11層含以上有電梯),住家用,鋼筋混凝土造,,146.51,3,2,2,有,無,7400000,49453,坡道平面,22.15,1250000,,RPTQMLQLPHMFFFH27CB
八德區,房地(土地+建物)+車位,豐田段1471~1500地號,25.97,住,,,1021015,土地1建物1車位1,七層,13,住宅大樓(11層含以上有電梯),住家用,鋼筋混凝土造,,144.65,3,2,2,有,無,7710000,53551,坡道平面,22.15,1150000,,RPUQMLQLPHMFFFH37CB
八德區,房地(土地+建物)+車位,豐田段1471~1500地號,25.97,住,,,1030630,土地1建物1車位1,三層,13,住宅大樓(11層含以上有電梯),住家用,鋼筋混凝土造,,145.93,3,2,2,有,無,7120000,47460,坡道平面,20.14,1150000,,RPVQMLQLPHMFFFH47CB
八德區,房地(土地+建物)+車位,豐田段1471~1500地號,25.97,住,,,1030429,土地1建物1車位1,五層,13,住宅大樓(11層含以上有電梯),住家用,鋼筋混凝土造,,146.93,3,2,2,有,無,7450000,50088,坡道平面,22.15,1200000,,RPWQMLQLPHMFFFH57CB
八德區,房地(土地+建物)+車位,豐田段1471~1500地號,25.97,住,,,1030325,土地1建物1車位1,六層,13,住宅大樓(11層含以上有電梯),住家用,鋼筋混凝土造,,142.64,3,2,2,有,無,7700000,53878,坡道平面,20.14,1100000,房屋總價含家電(20萬),RPXQMLQLPHMFFFH67CB
八德區,房地(土地+建物)+車位,豐田段1471~1500地號,20.32,住,,,1021231,土地1建物1車位1,四層,12,住宅大樓(11層含以上有電梯),住家用,鋼筋混凝土造,,119.18,2,1,1,有,無,6400000,54107,坡道平面,22.15,1150000,,RPORMLQLPHMFFFH86CB
八德區,房地(土地+建物)+車位,豐田段1471~1500地號,25.97,住,,,1030310,土地1建物1車位1,五層,13,住宅大樓(11層含以上有電梯),住家用,鋼筋混凝土造,,114.6,3,2,2,有,無,7470000,67436,坡道平面,20.14,1100000,,RPPRMLQLPHMFFFH96CB
八德區,房地(土地+建物)+車位,豐田段1471~1500地號,25.97,住,,,1030218,土地1建物1車位1,四層,13,住宅大樓(11層含以上有電梯),住家用,鋼筋混凝土造,,146.61,3,2,2,有,無,7610000,51904,坡道平面,22.15,1150000,,RPQRMLQLPHMFFFH07CB
八德區,房地(土地+建物)+車位,豐田段1471~1500地號,25.97,住,,,1020903,土地1建物1車位1,九層,13,住宅大樓(11層含以上有電梯),住家用,鋼筋混凝土造,,146.51,3,2,2,有,無,7920000,54439,坡道平面,22.15,1150000,,RPRRMLQLPHMFFFH17CB
八德區,房地(土地+建物)+車位,豐田段1471~1500地號,25.97,住,,,1030916,土地1建物1車位1,九層,13,住宅大樓(11層含以上有電梯),住家用,鋼筋混凝土造,,144.65,3,2,2,有,無,7250000,49388,坡道平面,22.15,1200000,房屋總價含家電(5萬),RPSRMLQLPHMFFFH27CB
八德區,房地(土地+建物)+車位,豐田段1471~1500地號,25.97,住,,,1030422,土地1建物1車位1,六層,13,住宅大樓(11層含以上有電梯),住家用,鋼筋混凝土造,,147.94,3,2,2,有,無,7440000,50004,坡道平面,22.15,1150000,,RPTRMLQLPHMFFFH37CB
八德區,房地(土地+建物)+車位,豐田段1471~1500地號,20.32,住,,,1020910,土地1建物1車位1,四層,12,住宅大樓(11層含以上有電梯),住家用,鋼筋混凝土造,,119.18,2,1,1,有,無,6200000,52046,坡道平面,22.15,1150000,,RPURMLQLPHMFFFH47CB
八德區,房地(土地+建物)+車位,豐田段1471~1500地號,25.97,住,,,1030527,土地1建物1車位1,三層,13,住宅大樓(11層含以上有電梯),住家用,鋼筋混凝土造,,146.51,3,2,2,有,無,7100000,47443,坡道平面,22.15,1200000,,RPVRMLQLPHMFFFH57CB
八德區,房地(土地+建物)+車位,豐田段1471~1500地號,25.97,住,,,1030505,土地1建物1車位1,三層,13,住宅大樓(11層含以上有電梯),住家用,鋼筋混凝土造,,146.93,3,2,2,有,無,7300000,49287,坡道平面,22.15,1150000,,RPWRMLQLPHMFFFH67CB
八德區,房地(土地+建物)+車位,豐田段1471~1500地號,25.97,住,,,1030714,土地1建物1車位1,十一層,13,住宅大樓(11層含以上有電梯),住家用,鋼筋混凝土造,,145.16,3,2,2,有,無,7250000,48777,坡道平面,22.15,1250000,房屋總價含家電(五萬),RPXRMLQLPHMFFFH77CB
八德區,房地(土地+建物)+車位,豐田段1471~1500地號,20.32,住,,,1020903,土地1建物1車位1,十一層,12,住宅大樓(11層含以上有電梯),住家用,鋼筋混凝土造,,117.17,2,1,1,有,無,6300000,53592,坡道平面,20.14,1100000,,RPOSMLQLPHMFFFH96CB
八德區,房地(土地+建物)+車位,豐田段1471~1500地號,19.48,住,,,1021022,土地1建物1車位1,五層,12,住宅大樓(11層含以上有電梯),住家用,鋼筋混凝土造,,115.51,2,1,1,有,無,6130000,53342,坡道平面,22.15,1150000,,RPPSMLQLPHMFFFH07CB
八德區,房地(土地+建物)+車位,豐田段1471~1500地號,25.97,住,,,1030707,土地1建物1車位1,二層,13,住宅大樓(11層含以上有電梯),住家用,鋼筋混凝土造,,146.51,3,2,2,有,無,7190000,48167,坡道平面,22.15,1200000,,RPQSMLQLPHMFFFH17CB
八德區,房地(土地+建物)+車位,豐田段1471~1500地號,34.81,住,,,1030513,土地1建物1車位1,八層,13,住宅大樓(11層含以上有電梯),住家用,鋼筋混凝土造,,186.39,4,2,2,有,無,9850000,52362,坡道平面,22.15,1250000,,RPRSMLQLPHMFFFH27CB
八德區,房地(土地+建物)+車位,豐田段1471~1500地號,19.48,住,,,1021008,土地1建物1車位1,五層,12,住宅大樓(11層含以上有電梯),住家用,鋼筋混凝土造,,113.5,2,1,1,有,無,6090000,53449,坡道平面,20.14,1100000,,RPSSMLQLPHMFFFH37CB
八德區,房地(土地+建物)+車位,豐田段1471~1500地號,20.32,住,,,1030513,土地1建物1車位1,十一層,12,住宅大樓(11層含以上有電梯),住家用,鋼筋混凝土造,,117.17,2,1,1,有,無,6180000,52355,坡道平面,20.14,1100000,,RPTSMLQLPHMFFFH47CB
八德區,房地(土地+建物)+車位,豐田段1471~1500地號,25.97,住,,,1030422,土地1建物1車位1,四層,13,住宅大樓(11層含以上有電梯),住家用,鋼筋混凝土造,,147.94,3,2,2,有,無,7290000,48812,坡道平面,22.15,1150000,,RPUSMLQLPHMFFFH57CB
八德區,房地(土地+建物)+車位,豐田段1471~1500地號,25.97,住,,,1030901,土地1建物1車位1,八層,13,住宅大樓(11層含以上有電梯),住家用,鋼筋混凝土造,,146.93,3,2,2,有,無,7500000,50489,坡道平面,22.15,1200000,房屋總價含家電(七萬),RPVSMLQLPHMFFFH67CB
八德區,房地(土地+建物)+車位,豐田段1471~1500地號,19.48,住,,,1020910,土地1建物1車位1,三層,12,住宅大樓(11層含以上有電梯),住家用,鋼筋混凝土造,,115.51,2,1,1,有,無,6040000,52378,坡道平面,22.15,1150000,,RPWSMLQLPHMFFFH77CB
八德區,房地(土地+建物)+車位,豐田段1471~1500地號,25.97,住,,,1021015,土地1建物1車位1,五層,13,住宅大樓(11層含以上有電梯),住家用,鋼筋混凝土造,,144.5,3,2,2,有,無,7780000,53715,坡道平面,20.14,1100000,,RPXSMLQLPHMFFFH87CB
八德區,房地(土地+建物)+車位,豐田段1471~1500地號,34.81,住,,,1030929,土地1建物1車位1,九層,13,住宅大樓(11層含以上有電梯),住家用,鋼筋混凝土造,,186.39,4,2,2,有,無,9650000,51449,坡道平面,22.15,1200000,房屋總價含家電(五萬),RPPTMLQLPHMFFFH17CB
八德區,房地(土地+建物)+車位,豐田段1471~1500地號,19.48,住,,,1020924,土地1建物1車位1,四層,12,住宅大樓(11層含以上有電梯),住家用,鋼筋混凝土造,,115.51,2,1,1,有,無,6040000,52378,坡道平面,22.15,1150000,,RPQTMLQLPHMFFFH27CB
八德區,房地(土地+建物)+車位,豐田段1471~1500地號,25.97,住,,,1030829,土地1建物1車位1,七層,13,住宅大樓(11層含以上有電梯),住家用,鋼筋混凝土造,,146.51,3,2,2,有,無,7500000,50659,坡道平面,22.15,1200000,,RPRTMLQLPHMFFFH37CB
八德區,房地(土地+建物)+車位,豐田段1471~1500地號,25.97,住,,,1030603,土地1建物1車位1,四層,13,住宅大樓(11層含以上有電梯),住家用,鋼筋混凝土造,,146.5,3,2,2,有,無,7150000,47447,坡道平面,22.15,1250000,,RPSTMLQLPHMFFFH47CB
八德區,房地(土地+建物)+車位,豐田段1471~1500地號,25.97,住,,,1030422,土地1建物1車位1,三層,13,住宅大樓(11層含以上有電梯),住家用,鋼筋混凝土造,,146.93,3,2,2,有,無,7300000,49287,坡道平面,22.15,1150000,,RPTTMLQLPHMFFFH57CB
八德區,房地(土地+建物)+車位,豐田段1471~1500地號,25.97,住,,,1020903,土地1建物1車位1,三層,13,住宅大樓(11層含以上有電梯),住家用,鋼筋混凝土造,,142.64,3,2,2,有,無,7510000,52327,坡道平面,20.14,1100000,,RPUTMLQLPHMFFFH67CB
八德區,房地(土地+建物)+車位,豐田段1471~1500地號,25.97,住,,,1030610,土地1建物1車位1,二層,13,住宅大樓(11層含以上有電梯),住家用,鋼筋混凝土造,,147.85,3,2,2,有,無,7040000,46062,坡道平面,22.15,1250000,,RPVTMLQLPHMFFFH77CB
八德區,房地(土地+建物)+車位,豐田段1471~1500地號,25.97,住,,,1030520,土地1建物1車位1,五層,13,住宅大樓(11層含以上有電梯),住家用,鋼筋混凝土造,,145.16,3,2,2,有,無,7150000,48370,坡道平面,22.15,1200000,,RPWTMLQLPHMFFFH87CB
八德區,房地(土地+建物)+車位,豐田段1471~1500地號,25.97,住,,,1030422,土地1建物1車位1,五層,13,住宅大樓(11層含以上有電梯),住家用,鋼筋混凝土造,,146.51,3,2,2,有,無,7500000,50659,坡道平面,22.15,1200000,,RPXTMLQLPHMFFFH97CB
八德區,房地(土地+建物)+車位,豐田段1471~1500地號,25.97,住,,,1030624,土地1建物1車位1,八層,13,住宅大樓(11層含以上有電梯),住家用,鋼筋混凝土造,,144.65,3,2,2,有,無,7280000,49224,坡道平面,22.15,1250000,,RPOUMLQLPHMFFFH17CB
八德區,房地(土地+建物)+車位,豐田段1471~1500地號,25.97,住,,,1030630,土地1建物1車位1,四層,13,住宅大樓(11層含以上有電梯),住家用,鋼筋混凝土造,,146.93,3,2,2,有,無,7190000,48004,坡道平面,22.15,1200000,,RPPUMLQLPHMFFFH27CB
八德區,房地(土地+建物)+車位,豐田段1471~1500地號,20.32,住,,,1030325,土地1建物1車位1,七層,12,住宅大樓(11層含以上有電梯),住家用,鋼筋混凝土造,,119.18,2,1,1,有,無,6320000,53282,坡道平面,22.15,1150000,,RPQUMLQLPHMFFFH37CB
八德區,房地(土地+建物)+車位,豐田段1471~1500地號,25.97,住,,,1030910,土地1建物1車位1,十三層,13,住宅大樓(11層含以上有電梯),住家用,鋼筋混凝土造,,142.64,3,2,2,有,無,7190000,48898,坡道平面,20.14,1200000,,RPRUMLQLPHMFFFH47CB
八德區,房地(土地+建物)+車位,豐田段1471~1500地號,20.32,住,,,1021119,土地1建物1車位1,五層,12,住宅大樓(11層含以上有電梯),住家用,鋼筋混凝土造,,119.18,2,1,1,有,無,6320000,53282,坡道平面,22.15,1150000,,RPSUMLQLPHMFFFH57CB
八德區,房地(土地+建物)+車位,豐田段1471~1500地號,25.97,住,,,1030521,土地1建物1車位1,二層,13,住宅大樓(11層含以上有電梯),住家用,鋼筋混凝土造,,146.61,3,2,2,有,無,7000000,46200,坡道平面,22.15,1250000,,RPTUMLQLPHMFFFH67CB
八德區,房地(土地+建物)+車位,豐田段1471~1500地號,20.32,住,,,1021029,土地1建物1車位1,九層,12,住宅大樓(11層含以上有電梯),住家用,鋼筋混凝土造,,119.18,2,1,1,有,無,6420000,54313,坡道平面,22.15,1150000,,RPUUMLQLPHMFFFH77CB
八德區,房地(土地+建物)+車位,豐田段1471~1500地號,25.97,住,,,1020910,土地1建物1車位1,七層,13,住宅大樓(11層含以上有電梯),住家用,鋼筋混凝土造,,144.6,3,2,2,有,無,7710000,53109,坡道平面,20.14,1100000,,RPVUMLQLPHMFFFH87CB
八德區,房地(土地+建物)+車位,豐田段1471~1500地號,25.97,住,,,1031007,土地1建物1車位1,五層,13,住宅大樓(11層含以上有電梯),住家用,鋼筋混凝土造,,146.93,3,2,2,有,無,7500000,50088,坡道平面,22.15,1250000,房屋總價含家電(10萬),RPWUMLQLPHMFFFH97CB
八德區,房地(土地+建物)+車位,豐田段1471~1500地號,25.97,住,,,1020903,土地1建物1車位1,三層,13,住宅大樓(11層含以上有電梯),住家用,鋼筋混凝土造,,144.6,3,2,2,有,無,7560000,51904,坡道平面,20.14,1100000,,RPXUMLQLPHMFFFH08CB
八德區,房地(土地+建物)+車位,豐田段1471~1500地號,25.97,住,,,1030929,土地1建物1車位1,二層,13,住宅大樓(11層含以上有電梯),住家用,鋼筋混凝土造,,146.51,3,2,2,有,無,7190000,48167,坡道平面,22.15,1200000,,RPOVMLQLPHMFFFH27CB
八德區,房地(土地+建物)+車位,豐田段1471~1500地號,19.48,住,,,1030707,土地1建物1車位1,二層,12,住宅大樓(11層含以上有電梯),住家用,鋼筋混凝土造,,115.51,2,1,1,有,無,5800000,49272,坡道平面,22.15,1200000,房屋總價含家電(十萬),RPPVMLQLPHMFFFH37CB
八德區,房地(土地+建物)+車位,豐田段1471~1500地號,20.32,住,,,1020910,土地1建物1車位1,八層,12,住宅大樓(11層含以上有電梯),住家用,鋼筋混凝土造,,119.18,2,1,1,有,無,6490000,54519,坡道平面,22.15,1200000,,RPQVMLQLPHMFFFH47CB
八德區,房地(土地+建物)+車位,豐田段1471~1500地號,19.48,住,,,1030310,土地1建物1車位1,六層,12,住宅大樓(11層含以上有電梯),住家用,鋼筋混凝土造,,113.5,2,1,1,有,無,6190000,54520,坡道平面,20.14,1100000,,RPRVMLQLPHMFFFH57CB
八德區,房地(土地+建物)+車位,豐田段1471~1500地號,20.32,住,,,1021008,土地1建物1車位1,二層,12,住宅大樓(11層含以上有電梯),住家用,鋼筋混凝土造,,117.17,2,1,1,有,無,6170000,52252,坡道平面,20.14,1100000,,RPSVMLQLPHMFFFH67CB
八德區,房地(土地+建物)+車位,豐田段1471~1500地號,29.17,住,,,1030826,土地1建物1車位1,三層,13,住宅大樓(11層含以上有電梯),住家用,鋼筋混凝土造,,162.42,3,2,2,有,無,8100000,49191,坡道平面,22.15,1200000,房屋總價含家電(5萬),RPTVMLQLPHMFFFH77CB
八德區,房地(土地+建物)+車位,豐田段1471~1500地號,19.48,住,,,1030505,土地1建物1車位1,六層,12,住宅大樓(11層含以上有電梯),住家用,鋼筋混凝土造,,115.51,2,1,1,有,無,6100000,52485,坡道平面,22.15,1200000,,RPUVMLQLPHMFFFH87CB
八德區,房地(土地+建物)+車位,豐田段1471~1500地號,25.97,住,,,1030910,土地1建物1車位1,十一層,13,住宅大樓(11層含以上有電梯),住家用,鋼筋混凝土造,,146.51,3,2,2,有,無,7600000,51463,坡道平面,22.15,1200000,,RPVVMLQLPHMFFFH97CB
八德區,房地(土地+建物)+車位,豐田段1471~1500地號,25.97,住,,,1021105,土地1建物1車位1,五層,13,住宅大樓(11層含以上有電梯),住家用,鋼筋混凝土造,,144.65,3,2,2,有,無,7710000,53551,坡道平面,22.15,1150000,,RPWVMLQLPHMFFFH08CB
八德區,房地(土地+建物)+車位,豐田段1471~1500地號,25.97,住,,,1030415,土地1建物1車位1,四層,13,住宅大樓(11層含以上有電梯),住家用,鋼筋混凝土造,,144.65,3,2,2,有,無,7140000,48898,坡道平面,22.15,1150000,,RPXVMLQLPHMFFFH18CB
八德區,房地(土地+建物)+車位,豐田段1471~1500地號,19.48,住,,,1031014,土地1建物1車位1,三層,12,住宅大樓(11層含以上有電梯),住家用,鋼筋混凝土造,,113.5,2,1,1,有,無,6000000,51414,坡道平面,20.14,1200000,,RPOWMLQLPHMFFFH37CB
八德區,房地(土地+建物)+車位,豐田段1471~1500地號,25.97,住,,,1030527,土地1建物1車位1,八層,13,住宅大樓(11層含以上有電梯),住家用,鋼筋混凝土造,,145.16,3,2,2,有,無,7300000,49589,坡道平面,22.15,1200000,,RPPWMLQLPHMFFFH47CB
八德區,房地(土地+建物)+車位,豐田段1471~1500地號,25.97,住,,,1020903,土地1建物1車位1,九層,13,住宅大樓(11層含以上有電梯),住家用,鋼筋混凝土造,,144.6,3,2,2,有,無,7820000,53993,坡道平面,20.14,1100000,,RPQWMLQLPHMFFFH57CB
八德區,房地(土地+建物)+車位,豐田段1471~1500地號,19.48,住,,,1031002,土地1建物1車位1,八層,12,住宅大樓(11層含以上有電梯),住家用,鋼筋混凝土造,,113.5,2,1,1,有,無,6090000,52378,坡道平面,20.14,1200000,,RPRWMLQLPHMFFFH67CB
八德區,房地(土地+建物)+車位,豐田段1471~1500地號,25.97,住,,,1030422,土地1建物1車位1,二層,13,住宅大樓(11層含以上有電梯),住家用,鋼筋混凝土造,,144.65,3,2,2,有,無,7140000,48898,坡道平面,22.15,1150000,,RPSWMLQLPHMFFFH77CB
八德區,房地(土地+建物)+車位,豐田段1471~1500地號,29.17,住,,,1030616,土地1建物1車位1,五層,13,住宅大樓(11層含以上有電梯),住家用,鋼筋混凝土造,,162.42,3,2,2,有,無,8080000,49048,坡道平面,22.15,1200000,,RPTWMLQLPHMFFFH87CB
八德區,房地(土地+建物)+車位,豐田段1471~1500地號,25.97,住,,,1020903,土地1建物1車位1,九層,13,住宅大樓(11層含以上有電梯),住家用,鋼筋混凝土造,,146.51,3,2,2,有,無,7920000,54439,坡道平面,22.15,1150000,,RPUWMLQLPHMFFFH97CB
八德區,房地(土地+建物)+車位,豐田段1471~1500地號,29.17,住,,,1030910,土地1建物1車位1,九層,13,住宅大樓(11層含以上有電梯),住家用,鋼筋混凝土造,,160.41,3,2,2,有,無,8210000,49975,坡道平面,20.14,1200000,,RPVWMLQLPHMFFFH08CB
八德區,房地(土地+建物)+車位,豐田段1471~1500地號,20.32,住,,,1030407,土地1建物1車位1,十二層,12,住宅大樓(11層含以上有電梯),住家用,鋼筋混凝土造,,119.13,2,1,1,有,無,6110000,50629,坡道平面,22.15,1200000,,RPWWMLQLPHMFFFH18CB
八德區,房地(土地+建物)+車位,豐田段1471~1500地號,25.97,住,,,1030729,土地1建物1車位1,八層,13,住宅大樓(11層含以上有電梯),住家用,鋼筋混凝土造,,147.94,3,2,2,有,無,7350000,48891,坡道平面,22.15,1200000,房屋總價含家電(5萬),RPXWMLQLPHMFFFH28CB
八德區,房地(土地+建物)+車位,豐田段1471~1500地號,25.97,住,,,1030929,土地1建物1車位1,十三層,13,住宅大樓(11層含以上有電梯),住家用,鋼筋混凝土造,,143.06,3,2,2,有,無,7140000,48731,坡道平面,20.14,1150000,,RPONNLQLPHMFFFH56CB
八德區,房地(土地+建物)+車位,豐田段1471~1500地號,25.97,住,,,1021217,土地1建物1車位1,四層,13,住宅大樓(11層含以上有電梯),住家用,鋼筋混凝土造,,143.15,3,2,2,有,無,7400000,50809,坡道平面,20.14,1150000,,RPPNNLQLPHMFFFH66CB
八德區,房地(土地+建物)+車位,豐田段1471~1500地號,25.97,住,,,1030310,土地1建物1車位1,七層,13,住宅大樓(11層含以上有電梯),住家用,鋼筋混凝土造,,144.5,3,2,2,有,無,7500000,51061,坡道平面,20.14,1150000,,RPQNNLQLPHMFFFH76CB
八德區,房地(土地+建物)+車位,豐田段1471~1500地號,25.97,住,,,1030624,土地1建物1車位1,八層,13,住宅大樓(11層含以上有電梯),住家用,鋼筋混凝土造,,146.93,3,2,2,有,無,7300000,48886,坡道平面,22.15,1200000,,RPRNNLQLPHMFFFH86CB
八德區,房地(土地+建物)+車位,豐田段1471~1500地號,20.32,住,,,1021001,土地1建物1車位1,三層,12,住宅大樓(11層含以上有電梯),住家用,鋼筋混凝土造,,117.17,2,1,1,有,無,6170000,52252,坡道平面,20.14,1100000,,RPSNNLQLPHMFFFH96CB
八德區,房地(土地+建物)+車位,豐田段1471~1500地號,20.32,住,,,1021022,土地1建物1車位1,五層,12,住宅大樓(11層含以上有電梯),住家用,鋼筋混凝土造,,117.17,2,1,1,有,無,6290000,53489,坡道平面,20.14,1100000,,RPTNNLQLPHMFFFH07CB
八德區,房地(土地+建物)+車位,豐田段1471~1500地號,20.32,住,,,1031007,土地1建物1車位1,八層,12,住宅大樓(11層含以上有電梯),住家用,鋼筋混凝土造,,119.18,2,1,1,有,無,6250000,51530,坡道平面,22.15,1250000,房屋總價含家電(5萬),RPUNNLQLPHMFFFH17CB
八德區,房地(土地+建物)+車位,豐田段1471~1500地號,25.97,住,,,1030325,土地1建物1車位1,六層,13,住宅大樓(11層含以上有電梯),住家用,鋼筋混凝土造,,146.93,3,2,2,有,無,7380000,49928,坡道平面,22.15,1150000,,RPVNNLQLPHMFFFH27CB
八德區,房地(土地+建物)+車位,豐田段1471~1500地號,29.17,住,,,1030616,土地1建物1車位1,六層,13,住宅大樓(11層含以上有電梯),住家用,鋼筋混凝土造,,162.42,3,2,2,有,無,8080000,49048,坡道平面,22.15,1200000,,RPWNNLQLPHMFFFH37CB
八德區,房地(土地+建物)+車位,豐田段1471~1500地號,25.97,住,,,1030520,土地1建物1車位1,二層,13,住宅大樓(11層含以上有電梯),住家用,鋼筋混凝土造,,145.16,3,2,2,有,無,6990000,47069,坡道平面,22.15,1200000,,RPXNNLQLPHMFFFH47CB
八德區,房地(土地+建物)+車位,豐田段1471~1500地號,25.97,住,,,1031021,土地1建物1車位1,十層,13,住宅大樓(11層含以上有電梯),住家用,鋼筋混凝土造,,143.15,3,2,2,有,無,7350000,49996,坡道平面,20.14,1200000,,RPOONLQLPHMFFFH66CB
八德區,房地(土地+建物)+車位,豐田段1471~1500地號,25.97,住,,,1020924,土地1建物1車位1,六層,13,住宅大樓(11層含以上有電梯),住家用,鋼筋混凝土造,,146.93,3,2,2,有,無,7810000,52973,坡道平面,22.15,1200000,,RPPONLQLPHMFFFH76CB
中壢區,房地(土地+建物)+車位,忠孝段151~180地號,26.49,住,,,1051127,土地1建物1車位1,一層,14,住宅大樓(11層含以上有電梯),商業用,鋼筋混凝土造,,176.86,0,0,0,無,無,23400000,164847,坡道平面,43.1,1350000,,RPPQMLRLPHMFFBH56CB
中壢區,房地(土地+建物)+車位,忠孝段151~180地號,24.17,住,,,1051119,土地1建物1車位1,二層,14,住宅大樓(11層含以上有電梯),住家用,鋼筋混凝土造,,172.17,3,2,2,有,無,8100000,52297,坡道平面,43.1,1350000,,RPQQMLRLPHMFFBH66CB
中壢區,房地(土地+建物)+車位,忠孝段151~180地號,24.17,住,,,1050802,土地1建物1車位1,三層,14,住宅大樓(11層含以上有電梯),住家用,鋼筋混凝土造,,170.11,3,2,2,有,無,8200000,53459,坡道平面,41.04,1300000,,RPRQMLRLPHMFFBH76CB
中壢區,房地(土地+建物)+車位,忠孝段151~180地號,24.17,住,,,1051023,土地1建物1車位1,四層,14,住宅大樓(11層含以上有電梯),住家用,鋼筋混凝土造,,172.17,3,2,2,有,無,8240000,53382,坡道平面,43.1,1350000,,RPSQMLRLPHMFFBH86CB
中壢區,房地(土地+建物)+車位,忠孝段151~180地號,24.17,住,,,1051023,土地1建物1車位1,五層,14,住宅大樓(11層含以上有電梯),住家用,鋼筋混凝土造,,170.11,3,2,2,有,無,8500000,55784,坡道平面,41.04,1300000,,RPTQMLRLPHMFFBH96CB
中壢區,房地(土地+建物)+車位,忠孝段151~180地號,24.17,住,,,1060225,土地1建物1車位1,六層,14,住宅大樓(11層含以上有電梯),住家用,鋼筋混凝土造,,172.17,3,2,2,有,無,8710000,57411,坡道平面,43.1,1300000,,RPUQMLRLPHMFFBH07CB
中壢區,房地(土地+建物)+車位,忠孝段151~180地號,17.89,住,,,1060416,土地1建物1車位1,一層,14,住宅大樓(11層含以上有電梯),商業用,鋼筋混凝土造,,134.24,0,0,0,無,無,12170000,119267,坡道平面,43.1,1300000,,RPVQMLRLPHMFFBH17CB
中壢區,房地(土地+建物)+車位,忠孝段151~180地號,23.94,住,,,1051126,土地1建物1車位2,二層,14,住宅大樓(11層含以上有電梯),住家用,鋼筋混凝土造,,212.2,3,2,2,有,無,9300000,51587,坡道平面,86.2,2800000,,RPXQMLRLPHMFFBH37CB
中壢區,房地(土地+建物)+車位,忠孝段151~180地號,23.7,住,,,1050917,土地1建物1車位1,三層,14,住宅大樓(11層含以上有電梯),住家用,鋼筋混凝土造,,169.1,3,2,2,有,無,8310000,54841,坡道平面,43.1,1400000,,RPPRMLRLPHMFFBH66CB
中壢區,房地(土地+建物)+車位,忠孝段151~180地號,23.7,住,,,1051023,土地1建物1車位1,四層,14,住宅大樓(11層含以上有電梯),住家用,鋼筋混凝土造,,169.1,3,2,2,有,無,8150000,53968,坡道平面,43.1,1350000,,RPQRMLRLPHMFFBH76CB
中壢區,房地(土地+建物)+車位,忠孝段151~180地號,23.7,住,,,1051029,土地1建物1車位1,五層,14,住宅大樓(11層含以上有電梯),住家用,鋼筋混凝土造,,169.1,3,2,2,有,無,8620000,57302,坡道平面,43.1,1400000,,RPRRMLRLPHMFFBH86CB
中壢區,房地(土地+建物)+車位,忠孝段151~180地號,23.7,住,,,1051105,土地1建物1車位1,六層,14,住宅大樓(11層含以上有電梯),住家用,鋼筋混凝土造,,167.04,3,2,2,有,無,8550000,57937,坡道平面,41.04,1250000,,RPSRMLRLPHMFFBH96CB
中壢區,房地(土地+建物)+車位,忠孝段151~180地號,16.97,住,,,1050924,土地1建物1車位1,二層,14,住宅大樓(11層含以上有電梯),住家用,鋼筋混凝土造,,135.92,2,2,1,有,無,6300000,53329,坡道平面,43.1,1350000,,RPTRMLRLPHMFFBH07CB
中壢區,房地(土地+建物)+車位,忠孝段151~180地號,16.97,住,,,1050925,土地1建物1車位1,三層,14,住宅大樓(11層含以上有電梯),住家用,鋼筋混凝土造,,135.92,2,2,1,有,無,6450000,55484,坡道平面,43.1,1300000,,RPURMLRLPHMFFBH17CB
中壢區,房地(土地+建物)+車位,忠孝段151~180地號,16.97,住,,,1051002,土地1建物1車位1,四層,14,住宅大樓(11層含以上有電梯),住家用,鋼筋混凝土造,,133.86,2,2,1,有,無,6340000,54837,坡道平面,41.04,1250000,,RPVRMLRLPHMFFBH27CB
中壢區,房地(土地+建物)+車位,忠孝段151~180地號,16.97,住,,,1050827,土地1建物1車位1,五層,14,住宅大樓(11層含以上有電梯),住家用,鋼筋混凝土造,,133.86,2,2,1,有,無,6500000,56022,坡道平面,41.04,1300000,,RPWRMLRLPHMFFBH37CB
中壢區,房地(土地+建物)+車位,忠孝段151~180地號,16.97,住,,,1050910,土地1建物1車位1,六層,14,住宅大樓(11層含以上有電梯),住家用,鋼筋混凝土造,,133.86,2,2,1,有,無,6700000,58177,坡道平面,41.04,1300000,,RPXRMLRLPHMFFBH47CB
中壢區,房地(土地+建物)+車位,忠孝段151~180地號,16.97,住,,,1050903,土地1建物1車位1,七層,14,住宅大樓(11層含以上有電梯),住家用,鋼筋混凝土造,,133.86,2,2,1,有,無,6750000,58716,坡道平面,41.04,1300000,,RPOSMLRLPHMFFBH66CB
中壢區,房地(土地+建物)+車位,忠孝段151~180地號,16.97,住,,,1051113,土地1建物1車位1,八層,14,住宅大樓(11層含以上有電梯),住家用,鋼筋混凝土造,,133.86,2,2,1,有,無,6700000,58716,坡道平面,41.04,1250000,,RPPSMLRLPHMFFBH76CB
中壢區,房地(土地+建物)+車位,忠孝段151~180地號,16.97,住,,,1051001,土地1建物1車位1,十層,14,住宅大樓(11層含以上有電梯),住家用,鋼筋混凝土造,,133.86,2,2,1,有,無,6910000,60978,坡道平面,41.04,1250000,,RPSSMLRLPHMFFBH07CB
中壢區,房地(土地+建物)+車位,忠孝段151~180地號,16.97,住,,,1060305,土地1建物1車位1,十一層,14,住宅大樓(11層含以上有電梯),住家用,鋼筋混凝土造,,133.86,2,2,1,有,無,6600000,57638,坡道平面,41.04,1250000,,RPTSMLRLPHMFFBH17CB
中壢區,房地(土地+建物)+車位,忠孝段151~180地號,16.97,住,,,1060115,土地1建物1車位1,十二層,14,住宅大樓(11層含以上有電梯),住家用,鋼筋混凝土造,,135.92,2,2,1,有,無,6600000,57100,坡道平面,43.1,1300000,,RPVSMLRLPHMFFBH37CB
中壢區,房地(土地+建物)+車位,忠孝段151~180地號,16.97,住,,,1051015,土地1建物1車位1,十四層,14,住宅大樓(11層含以上有電梯),住家用,鋼筋混凝土造,,133.86,2,2,1,有,無,6650000,58177,坡道平面,41.04,1250000,,RPXSMLRLPHMFFBH57CB
中壢區,房地(土地+建物),忠孝段151~180地號,16.97,住,,,1060402,土地1建物1車位0,一層,14,住宅大樓(11層含以上有電梯),商業用,鋼筋混凝土造,,91.69,0,0,0,無,無,11240000,122587,,0.0,0,,RPOTMLRLPHMFFBH76CB
中壢區,房地(土地+建物)+車位,忠孝段151~180地號,17.2,住,,,1060226,土地1建物1車位1,二層,14,住宅大樓(11層含以上有電梯),住家用,鋼筋混凝土造,,138.7,2,2,1,有,無,6790000,56904,坡道平面,43.1,1350000,,RPPTMLRLPHMFFBH86CB
中壢區,房地(土地+建物)+車位,忠孝段151~180地號,17.2,住,,,1060206,土地1建物1車位1,三層,14,住宅大樓(11層含以上有電梯),住家用,鋼筋混凝土造,,138.7,2,2,1,有,無,7120000,65272,坡道平面,43.1,880000,,RPQTMLRLPHMFFBH96CB
中壢區,房地(土地+建物)+車位,忠孝段151~180地號,17.2,住,,,1050918,土地1建物1車位1,四層,14,住宅大樓(11層含以上有電梯),住家用,鋼筋混凝土造,,138.7,2,2,1,有,無,6800000,57531,坡道平面,43.1,1300000,,RPRTMLRLPHMFFBH07CB
中壢區,房地(土地+建物)+車位,忠孝段151~180地號,17.2,住,,,1050806,土地1建物1車位1,五層,14,住宅大樓(11層含以上有電梯),住家用,鋼筋混凝土造,,136.64,2,2,1,有,無,6960000,59728,坡道平面,41.04,1250000,,RPSTMLRLPHMFFBH17CB
中壢區,房地(土地+建物)+車位,忠孝段151~180地號,17.2,住,,,1050827,土地1建物1車位1,六層,14,住宅大樓(11層含以上有電梯),住家用,鋼筋混凝土造,,138.7,2,2,1,有,無,7100000,60146,坡道平面,43.1,1350000,,RPUTMLRLPHMFFBH37CB
中壢區,房地(土地+建物)+車位,忠孝段151~180地號,17.2,住,,,1051106,土地1建物1車位1,七層,14,住宅大樓(11層含以上有電梯),住家用,鋼筋混凝土造,,136.64,2,2,1,有,無,7100000,60669,坡道平面,41.04,1300000,,RPVTMLRLPHMFFBH47CB
中壢區,房地(土地+建物)+車位,忠孝段151~180地號,17.2,住,,,1051203,土地1建物1車位1,八層,14,住宅大樓(11層含以上有電梯),住家用,鋼筋混凝土造,,136.64,2,2,1,有,無,7190000,62134,坡道平面,41.04,1250000,,RPWTMLRLPHMFFBH57CB
中壢區,房地(土地+建物)+車位,忠孝段151~180地號,17.2,住,,,1060319,土地1建物1車位1,九層,14,住宅大樓(11層含以上有電梯),住家用,鋼筋混凝土造,,138.7,2,2,1,有,無,7120000,60879,坡道平面,43.1,1300000,,RPXTMLRLPHMFFBH67CB
中壢區,房地(土地+建物)+車位,忠孝段151~180地號,17.2,住,,,1060423,土地1建物1車位1,十層,14,住宅大樓(11層含以上有電梯),住家用,鋼筋混凝土造,,138.7,2,2,1,有,無,7300000,61715,坡道平面,43.1,1400000,,RPPUMLRLPHMFFBH96CB
中壢區,房地(土地+建物)+車位,忠孝段151~180地號,17.2,住,,,1050807,土地1建物1車位1,十一層,14,住宅大樓(11層含以上有電梯),住家用,鋼筋混凝土造,,138.7,2,2,1,有,無,7130000,60460,坡道平面,43.1,1350000,,RPQUMLRLPHMFFBH07CB
中壢區,房地(土地+建物)+車位,忠孝段151~180地號,17.2,住,,,1051120,土地1建物1車位1,十二層,14,住宅大樓(11層含以上有電梯),住家用,鋼筋混凝土造,,138.7,2,2,1,有,無,7170000,60356,坡道平面,43.1,1400000,,RPRUMLRLPHMFFBH17CB
中壢區,房地(土地+建物)+車位,忠孝段151~180地號,17.2,住,,,1060219,土地1建物1車位1,十三層,14,住宅大樓(11層含以上有電梯),住家用,鋼筋混凝土造,,138.7,2,2,1,有,無,7150000,60146,坡道平面,43.1,1400000,,RPSUMLRLPHMFFBH27CB
中壢區,房地(土地+建物)+車位,忠孝段151~180地號,23.01,住,,,1060409,土地1建物1車位1,二層,14,住宅大樓(11層含以上有電梯),住家用,鋼筋混凝土造,,169.13,3,2,2,有,無,8550000,57526,坡道平面,43.1,1300000,,RPTUMLRLPHMFFBH37CB
中壢區,房地(土地+建物)+車位,忠孝段151~180地號,23.01,住,,,1060205,土地1建物1車位1,三層,14,住宅大樓(11層含以上有電梯),住家用,鋼筋混凝土造,,170.53,3,2,2,有,無,8800000,58856,坡道平面,43.1,1300000,,RPUUMLRLPHMFFBH47CB
中壢區,房地(土地+建物)+車位,忠孝段151~180地號,23.01,住,,,1051002,土地1建物1車位1,四層,14,住宅大樓(11層含以上有電梯),住家用,鋼筋混凝土造,,170.53,3,2,2,有,無,8560000,56972,坡道平面,43.1,1300000,,RPWUMLRLPHMFFBH67CB
中壢區,房地(土地+建物)+車位,忠孝段151~180地號,23.01,住,,,1050808,土地1建物1車位1,五層,14,住宅大樓(11層含以上有電梯),住家用,鋼筋混凝土造,,170.53,3,2,2,有,無,8810000,58934,坡道平面,43.1,1300000,,RPXUMLRLPHMFFBH77CB
中壢區,房地(土地+建物)+車位,忠孝段151~180地號,23.01,住,,,1050828,土地1建物1車位1,六層,14,住宅大樓(11層含以上有電梯),住家用,鋼筋混凝土造,,170.53,3,2,2,有,無,8820000,59013,坡道平面,43.1,1300000,,RPOVMLRLPHMFFBH96CB
中壢區,房地(土地+建物)+車位,忠孝段151~180地號,23.01,住,,,1051112,土地1建物1車位1,七層,14,住宅大樓(11層含以上有電梯),住家用,鋼筋混凝土造,,170.53,3,2,2,有,無,8980000,59876,坡道平面,43.1,1350000,,RPPVMLRLPHMFFBH07CB
中壢區,房地(土地+建物)+車位,忠孝段151~180地號,23.01,住,,,1050809,土地1建物1車位1,八層,14,住宅大樓(11層含以上有電梯),住家用,鋼筋混凝土造,,170.53,3,2,2,有,無,9050000,60818,坡道平面,43.1,1300000,,RPRVMLRLPHMFFBH27CB
中壢區,房地(土地+建物)+車位,忠孝段151~180地號,23.01,住,,,1060326,土地1建物1車位1,九層,14,住宅大樓(11層含以上有電梯),住家用,鋼筋混凝土造,,170.53,3,2,2,有,無,9060000,60504,坡道平面,43.1,1350000,,RPSVMLRLPHMFFBH37CB
中壢區,房地(土地+建物)+車位,忠孝段151~180地號,23.01,住,,,1051210,土地1建物1車位1,十層,14,住宅大樓(11層含以上有電梯),住家用,鋼筋混凝土造,,170.53,3,2,2,有,無,9350000,63172,坡道平面,43.1,1300000,,RPTVMLRLPHMFFBH47CB
中壢區,房地(土地+建物)+車位,忠孝段151~180地號,23.01,住,,,1060212,土地1建物1車位1,十一層,14,住宅大樓(11層含以上有電梯),住家用,鋼筋混凝土造,,170.53,3,2,2,有,無,8930000,59876,坡道平面,43.1,1300000,,RPVVMLRLPHMFFBH67CB
中壢區,房地(土地+建物)+車位,忠孝段151~180地號,23.24,住,,,1060101,土地1建物1車位2,十二層,14,住宅大樓(11層含以上有電梯),住家用,鋼筋混凝土造,,213.63,3,2,2,有,無,10290000,59170,坡道平面,86.2,2750000,,RPWVMLRLPHMFFBH77CB
中壢區,房地(土地+建物)+車位,忠孝段151~180地號,23.01,住,,,1051008,土地1建物1車位1,十三層,14,住宅大樓(11層含以上有電梯),住家用,鋼筋混凝土造,,170.53,3,2,2,有,無,9030000,60661,坡道平面,43.1,1300000,,RPXVMLRLPHMFFBH87CB
中壢區,房地(土地+建物)+車位,忠孝段151~180地號,23.24,住,,,1060215,土地1建物1車位2,十四層,14,住宅大樓(11層含以上有電梯),住家用,鋼筋混凝土造,,212.22,3,2,2,有,無,8780000,55278,坡道平面,84.14,1700000,,RPOWMLRLPHMFFBH07CB
中壢區,房地(土地+建物)+車位,忠孝段151~180地號,23.24,住,,,1051204,土地1建物1車位2,二層,14,住宅大樓(11層含以上有電梯),住家用,鋼筋混凝土造,,212.73,3,2,2,有,無,9590000,54453,坡道平面,86.2,2700000,,RPQWMLRLPHMFFBH27CB
中壢區,房地(土地+建物)+車位,忠孝段151~180地號,23.01,住,,,1051112,土地1建物1車位1,三層,14,住宅大樓(11層含以上有電梯),住家用,鋼筋混凝土造,,171.1,3,2,2,有,無,8850000,58203,坡道平面,43.1,1400000,,RPRWMLRLPHMFFBH37CB
中壢區,房地(土地+建物)+車位,忠孝段151~180地號,23.01,住,,,1050904,土地1建物1車位1,四層,14,住宅大樓(11層含以上有電梯),住家用,鋼筋混凝土造,,171.1,3,2,2,有,無,8700000,57813,坡道平面,43.1,1300000,,RPSWMLRLPHMFFBH47CB
中壢區,房地(土地+建物)+車位,忠孝段151~180地號,23.01,住,,,1050807,土地1建物1車位1,五層,14,住宅大樓(11層含以上有電梯),住家用,鋼筋混凝土造,,171.1,3,2,2,有,無,8900000,58984,坡道平面,43.1,1350000,,RPTWMLRLPHMFFBH57CB
中壢區,房地(土地+建物)+車位,忠孝段151~180地號,23.01,住,,,1051210,土地1建物1車位1,六層,14,住宅大樓(11層含以上有電梯),住家用,鋼筋混凝土造,,169.04,3,2,2,有,無,8860000,58672,坡道平面,41.04,1350000,,RPUWMLRLPHMFFBH67CB
中壢區,房地(土地+建物)+車位,忠孝段151~180地號,23.01,住,,,1050924,土地1建物1車位1,七層,14,住宅大樓(11層含以上有電梯),住家用,鋼筋混凝土造,,171.1,3,2,2,有,無,9110000,61016,坡道平面,43.1,1300000,,RPVWMLRLPHMFFBH77CB
中壢區,房地(土地+建物)+車位,忠孝段151~180地號,23.01,住,,,1051203,土地1建物1車位1,八層,14,住宅大樓(11層含以上有電梯),住家用,鋼筋混凝土造,,171.1,3,2,2,有,無,9170000,61094,坡道平面,43.1,1350000,,RPWWMLRLPHMFFBH87CB
中壢區,房地(土地+建物)+車位,忠孝段151~180地號,23.01,住,,,1060101,土地1建物1車位1,九層,14,住宅大樓(11層含以上有電梯),住家用,鋼筋混凝土造,,171.1,3,2,2,有,無,9100000,60547,坡道平面,43.1,1350000,,RPXWMLRLPHMFFBH97CB
中壢區,房地(土地+建物)+車位,忠孝段151~180地號,23.01,住,,,1050813,土地1建物1車位1,十層,14,住宅大樓(11層含以上有電梯),住家用,鋼筋混凝土造,,171.1,3,2,2,有,無,9390000,62813,坡道平面,43.1,1350000,,RPONNLRLPHMFFBH88CB
中壢區,房地(土地+建物)+車位,忠孝段151~180地號,23.01,住,,,1051120,土地1建物1車位1,十一層,14,住宅大樓(11層含以上有電梯),住家用,鋼筋混凝土造,,169.04,3,2,2,有,無,9050000,60547,坡道平面,41.04,1300000,,RPPNNLRLPHMFFBH98CB
中壢區,房地(土地+建物)+車位,忠孝段151~180地號,23.01,住,,,1060305,土地1建物1車位1,十二層,14,住宅大樓(11層含以上有電梯),住家用,鋼筋混凝土造,,171.1,3,2,2,有,無,9000000,59375,坡道平面,43.1,1400000,,RPRNNLRLPHMFFBH56CB
中壢區,房地(土地+建物)+車位,忠孝段151~180地號,23.24,住,,,1051211,土地1建物1車位2,十三層,14,住宅大樓(11層含以上有電梯),住家用,鋼筋混凝土造,,214.2,3,2,2,有,無,10050000,58203,坡道平面,86.2,2600000,,RPSNNLRLPHMFFBH66CB
中壢區,房地(土地+建物)+車位,忠孝段151~180地號,23.24,住,,,1060215,土地1建物1車位2,十四層,14,住宅大樓(11層含以上有電梯),住家用,鋼筋混凝土造,,212.81,3,2,2,有,無,8810000,55258,坡道平面,84.14,1700000,,RPUNNLRLPHMFFBH86CB
中壢區,房地(土地+建物)+車位,忠孝段151~180地號,17.2,住,,,1060312,土地1建物1車位1,二層,14,住宅大樓(11層含以上有電梯),住家用,鋼筋混凝土造,,139.08,2,2,1,有,無,6700000,56262,坡道平面,43.1,1300000,,RPVNNLRLPHMFFBH96CB
中壢區,房地(土地+建物)+車位,忠孝段151~180地號,17.2,住,,,1051022,土地1建物1車位1,三層,14,住宅大樓(11層含以上有電梯),住家用,鋼筋混凝土造,,137.02,2,2,1,有,無,7040000,59804,坡道平面,41.04,1300000,,RPWNNLRLPHMFFBH07CB
中壢區,房地(土地+建物)+車位,忠孝段151~180地號,17.2,住,,,1051008,土地1建物1車位1,四層,14,住宅大樓(11層含以上有電梯),住家用,鋼筋混凝土造,,139.08,2,2,1,有,無,7000000,59387,坡道平面,43.1,1300000,,RPXNNLRLPHMFFBH17CB
中壢區,房地(土地+建物)+車位,忠孝段151~180地號,17.2,住,,,1060415,土地1建物1車位1,五層,14,住宅大樓(11層含以上有電梯),住家用,鋼筋混凝土造,,139.08,2,2,1,有,無,7060000,59492,坡道平面,43.1,1350000,,RPOONLRLPHMFFBH98CB
中壢區,房地(土地+建物)+車位,忠孝段151~180地號,17.2,住,,,1050911,土地1建物1車位1,六層,14,住宅大樓(11層含以上有電梯),住家用,鋼筋混凝土造,,139.08,2,2,1,有,無,7150000,60429,坡道平面,43.1,1350000,,RPPONLRLPHMFFBH09CB
中壢區,房地(土地+建物)+車位,忠孝段151~180地號,17.2,住,,,1060108,土地1建物1車位1,七層,14,住宅大樓(11層含以上有電梯),住家用,鋼筋混凝土造,,139.08,2,2,1,有,無,7260000,61575,坡道平面,43.1,1350000,,RPQONLRLPHMFFBH56CB
中壢區,房地(土地+建物)+車位,忠孝段151~180地號,17.2,住,,,1051218,土地1建物1車位1,八層,14,住宅大樓(11層含以上有電梯),住家用,鋼筋混凝土造,,137.02,2,2,1,有,無,7290000,61888,坡道平面,41.04,1350000,,RPRONLRLPHMFFBH66CB
中壢區,房地(土地+建物)+車位,忠孝段151~180地號,17.2,住,,,1060408,土地1建物1車位1,九層,14,住宅大樓(11層含以上有電梯),住家用,鋼筋混凝土造,,139.08,2,2,1,有,無,7200000,60950,坡道平面,43.1,1350000,,RPSONLRLPHMFFBH76CB
中壢區,房地(土地+建物)+車位,忠孝段151~180地號,17.2,住,,,1060312,土地1建物1車位1,十層,14,住宅大樓(11層含以上有電梯),住家用,鋼筋混凝土造,,139.08,2,2,1,有,無,7250000,61471,坡道平面,43.1,1350000,,RPTONLRLPHMFFBH86CB
中壢區,房地(土地+建物)+車位,忠孝段151~180地號,17.2,住,,,1060108,土地1建物1車位1,十一層,14,住宅大樓(11層含以上有電梯),住家用,鋼筋混凝土造,,139.08,2,2,1,有,無,7230000,61263,坡道平面,43.1,1350000,,RPUONLRLPHMFFBH96CB
中壢區,房地(土地+建物)+車位,忠孝段151~180地號,17.2,住,,,1051008,土地1建物1車位1,十二層,14,住宅大樓(11層含以上有電梯),住家用,鋼筋混凝土造,,139.08,2,2,1,有,無,7120000,60638,坡道平面,43.1,1300000,,RPVONLRLPHMFFBH07CB
中壢區,房地(土地+建物)+車位,忠孝段151~180地號,17.2,住,,,1051217,土地1建物1車位1,十三層,14,住宅大樓(11層含以上有電梯),住家用,鋼筋混凝土造,,139.08,2,2,1,有,無,7290000,61367,坡道平面,43.1,1400000,,RPWONLRLPHMFFBH17CB
中壢區,房地(土地+建物)+車位,忠孝段151~180地號,16.97,住,,,1051105,土地1建物1車位1,二層,14,住宅大樓(11層含以上有電梯),住家用,鋼筋混凝土造,,134.23,2,2,1,有,無,6180000,52903,坡道平面,41.04,1250000,,RPXONLRLPHMFFBH27CB
中壢區,房地(土地+建物)+車位,忠孝段151~180地號,16.97,住,,,1051106,土地1建物1車位1,三層,14,住宅大樓(11層含以上有電梯),住家用,鋼筋混凝土造,,136.29,2,2,1,有,無,7100000,62238,坡道平面,43.1,1300000,,RPOPNLRLPHMFFBH09CB
中壢區,房地(土地+建物)+車位,忠孝段151~180地號,16.97,住,,,1060212,土地1建物1車位1,四層,14,住宅大樓(11層含以上有電梯),住家用,鋼筋混凝土造,,136.29,2,2,1,有,無,6550000,55263,坡道平面,43.1,1400000,,RPPPNLRLPHMFFBH56CB
中壢區,房地(土地+建物)+車位,忠孝段151~180地號,16.97,住,,,1060319,土地1建物1車位1,五層,14,住宅大樓(11層含以上有電梯),住家用,鋼筋混凝土造,,134.23,2,2,1,有,無,6680000,57732,坡道平面,41.04,1300000,,RPQPNLRLPHMFFBH66CB
中壢區,房地(土地+建物)+車位,忠孝段151~180地號,16.97,住,,,1051015,土地1建物1車位1,六層,14,住宅大樓(11層含以上有電梯),住家用,鋼筋混凝土造,,134.23,2,2,1,有,無,6670000,58161,坡道平面,41.04,1250000,,RPRPNLRLPHMFFBH76CB
中壢區,房地(土地+建物)+車位,忠孝段151~180地號,16.97,住,,,1060326,土地1建物1車位1,七層,14,住宅大樓(11層含以上有電梯),住家用,鋼筋混凝土造,,136.29,2,2,1,有,無,6560000,56444,坡道平面,43.1,1300000,,RPSPNLRLPHMFFBH86CB
中壢區,房地(土地+建物)+車位,忠孝段151~180地號,16.97,住,,,1060219,土地1建物1車位1,八層,14,住宅大樓(11層含以上有電梯),住家用,鋼筋混凝土造,,134.23,2,2,1,有,無,6800000,59019,坡道平面,41.04,1300000,,RPTPNLRLPHMFFBH96CB
中壢區,房地(土地+建物)+車位,忠孝段151~180地號,16.97,住,,,1051119,土地1建物1車位1,九層,14,住宅大樓(11層含以上有電梯),住家用,鋼筋混凝土造,,136.29,2,2,1,有,無,6890000,58912,坡道平面,43.1,1400000,,RPUPNLRLPHMFFBH07CB
中壢區,房地(土地+建物)+車位,忠孝段151~180地號,16.97,住,,,1051010,土地1建物1車位1,十層,14,住宅大樓(11層含以上有電梯),住家用,鋼筋混凝土造,,136.29,2,2,1,有,無,6920000,60307,坡道平面,43.1,1300000,,RPVPNLRLPHMFFBH17CB
中壢區,房地(土地+建物)+車位,忠孝段151~180地號,16.97,住,,,1050814,土地1建物1車位1,十一層,14,住宅大樓(11層含以上有電梯),住家用,鋼筋混凝土造,,134.23,2,2,1,有,無,6680000,58268,坡道平面,41.04,1250000,,RPWPNLRLPHMFFBH27CB
中壢區,房地(土地+建物)+車位,忠孝段151~180地號,16.97,住,,,1050806,土地1建物1車位1,十二層,14,住宅大樓(11層含以上有電梯),住家用,鋼筋混凝土造,,136.29,2,2,1,有,無,6680000,57732,坡道平面,43.1,1300000,,RPXPNLRLPHMFFBH37CB
中壢區,房地(土地+建物)+車位,忠孝段151~180地號,16.97,住,,,1060205,土地1建物1車位1,十三層,14,住宅大樓(11層含以上有電梯),住家用,鋼筋混凝土造,,134.23,2,2,1,有,無,6680000,58268,坡道平面,41.04,1250000,,RPOQNLRLPHMFFBH56CB
中壢區,房地(土地+建物)+車位,忠孝段151~180地號,16.97,住,,,1051224,土地1建物1車位1,十四層,14,住宅大樓(11層含以上有電梯),住家用,鋼筋混凝土造,,136.29,2,2,1,有,無,6680000,56658,坡道平面,43.1,1400000,,RPPQNLRLPHMFFBH66CB
中壢區,房地(土地+建物)+車位,忠孝段151~180地號,24.17,住,,,1060402,土地1建物1車位1,二層,14,住宅大樓(11層含以上有電梯),住家用,鋼筋混凝土造,,176.91,3,2,2,有,無,8500000,53808,坡道平面,43.1,1300000,,RPQQNLRLPHMFFBH76CB
中壢區,房地(土地+建物)+車位,忠孝段151~180地號,24.4,住,,,1051225,土地1建物1車位2,三層,14,住宅大樓(11層含以上有電梯),住家用,鋼筋混凝土造,,220.0,3,2,2,有,無,10680000,58894,坡道平面,86.2,2800000,,RPRQNLRLPHMFFBH86CB
中壢區,房地(土地+建物)+車位,忠孝段151~180地號,24.17,住,,,1050821,土地1建物1車位1,四層,14,住宅大樓(11層含以上有電梯),住家用,鋼筋混凝土造,,176.9,3,2,2,有,無,9500000,60538,坡道平面,43.1,1400000,,RPSQNLRLPHMFFBH96CB
中壢區,房地(土地+建物)+車位,忠孝段151~180地號,24.17,住,,,1051126,土地1建物1車位1,五層,14,住宅大樓(11層含以上有電梯),住家用,鋼筋混凝土造,,176.9,3,2,2,有,無,9740000,62706,坡道平面,43.1,1350000,,RPTQNLRLPHMFFBH07CB
中壢區,房地(土地+建物)+車位,忠孝段151~180地號,24.17,住,,,1051016,土地1建物1車位1,六層,14,住宅大樓(11層含以上有電梯),住家用,鋼筋混凝土造,,176.9,3,2,2,有,無,9670000,62556,坡道平面,43.1,1300000,,RPUQNLRLPHMFFBH17CB
中壢區,房地(土地+建物)+車位,忠孝段151~180地號,24.17,住,,,1051030,土地1建物1車位1,七層,14,住宅大樓(11層含以上有電梯),住家用,鋼筋混凝土造,,176.9,3,2,2,有,無,9790000,63079,坡道平面,43.1,1350000,,RPVQNLRLPHMFFBH27CB
中壢區,房地(土地+建物)+車位,忠孝段151~180地號,24.17,住,,,1060124,土地1建物1車位1,八層,14,住宅大樓(11層含以上有電梯),住家用,鋼筋混凝土造,,176.9,3,2,2,有,無,9900000,63528,坡道平面,43.1,1400000,,RPWQNLRLPHMFFBH37CB
中壢區,房地(土地+建物)+車位,忠孝段151~180地號,24.17,住,,,1051029,土地1建物1車位1,九層,14,住宅大樓(11層含以上有電梯),住家用,鋼筋混凝土造,,176.9,3,2,2,有,無,9880000,64126,坡道平面,43.1,1300000,,RPXQNLRLPHMFFBH47CB
中壢區,房地(土地+建物)+車位,忠孝段151~180地號,24.17,住,,,1050820,土地1建物1車位1,十層,14,住宅大樓(11層含以上有電梯),住家用,鋼筋混凝土造,,176.9,3,2,2,有,無,10020000,64425,坡道平面,43.1,1400000,,RPORNLRLPHMFFBH66CB
中壢區,房地(土地+建物)+車位,忠孝段151~180地號,24.4,住,,,1060124,土地1建物1車位2,十一層,14,住宅大樓(11層含以上有電梯),住家用,鋼筋混凝土造,,220.0,3,2,2,有,無,10600000,59791,坡道平面,86.2,2600000,,RPPRNLRLPHMFFBH76CB
中壢區,房地(土地+建物)+車位,忠孝段151~180地號,24.17,住,,,1050820,土地1建物1車位1,十二層,14,住宅大樓(11層含以上有電梯),住家用,鋼筋混凝土造,,176.9,3,2,2,有,無,9730000,62631,坡道平面,43.1,1350000,,RPQRNLRLPHMFFBH86CB
中壢區,房地(土地+建物)+車位,忠孝段151~180地號,24.17,住,,,1050821,土地1建物1車位1,十三層,14,住宅大樓(11層含以上有電梯),住家用,鋼筋混凝土造,,176.9,3,2,2,有,無,9700000,62407,坡道平面,43.1,1350000,,RPRRNLRLPHMFFBH96CB
中壢區,房地(土地+建物)+車位,忠孝段151~180地號,23.24,住,,,1051225,土地1建物1車位1,二層,14,住宅大樓(11層含以上有電梯),住家用,鋼筋混凝土造,,170.18,3,2,2,有,無,8600000,56528,坡道平面,41.04,1300000,,RPSRNLRLPHMFFBH07CB
中壢區,房地(土地+建物)+車位,忠孝段151~180地號,23.47,住,,,1060122,土地1建物1車位2,三層,14,住宅大樓(11層含以上有電梯),住家用,鋼筋混凝土造,,215.33,3,2,2,有,無,10400000,59630,坡道平面,86.2,2700000,,RPTRNLRLPHMFFBH17CB
中壢區,房地(土地+建物)+車位,忠孝段151~180地號,23.24,住,,,1060226,土地1建物1車位1,四層,14,住宅大樓(11層含以上有電梯),住家用,鋼筋混凝土造,,170.17,3,2,2,有,無,9100000,60017,坡道平面,41.04,1350000,,RPURNLRLPHMFFBH27CB
中壢區,房地(土地+建物)+車位,忠孝段151~180地號,23.47,住,,,1060225,土地1建物1車位2,五層,14,住宅大樓(11層含以上有電梯),住家用,鋼筋混凝土造,,215.33,3,2,2,有,無,10480000,60249,坡道平面,86.2,2700000,,RPVRNLRLPHMFFBH37CB
中壢區,房地(土地+建物)+車位,忠孝段151~180地號,23.24,住,,,1051022,土地1建物1車位1,六層,14,住宅大樓(11層含以上有電梯),住家用,鋼筋混凝土造,,172.23,3,2,2,有,無,9510000,62805,坡道平面,43.1,1400000,,RPWRNLRLPHMFFBH47CB
中壢區,房地(土地+建物)+車位,忠孝段151~180地號,23.24,住,,,1051030,土地1建物1車位1,七層,14,住宅大樓(11層含以上有電梯),住家用,鋼筋混凝土造,,170.17,3,2,2,有,無,9500000,63115,坡道平面,41.04,1350000,,RPXRNLRLPHMFFBH57CB
中壢區,房地(土地+建物)+車位,忠孝段151~180地號,23.24,住,,,1051030,土地1建物1車位1,七層,14,住宅大樓(11層含以上有電梯),住家用,鋼筋混凝土造,,170.17,3,2,2,有,無,9500000,63115,坡道平面,41.04,1350000,,RPVSNLRLPHMFFBH47CB
中壢區,房地(土地+建物)+車位,忠孝段151~180地號,23.24,住,,,1060122,土地1建物1車位1,八層,14,住宅大樓(11層含以上有電梯),住家用,鋼筋混凝土造,,172.23,3,2,2,有,無,9550000,63889,坡道平面,43.1,1300000,,RPWSNLRLPHMFFBH57CB
中壢區,房地(土地+建物)+車位,忠孝段151~180地號,23.24,住,,,1051217,土地1建物1車位1,九層,14,住宅大樓(11層含以上有電梯),住家用,鋼筋混凝土造,,172.23,3,2,2,有,無,9550000,63889,坡道平面,43.1,1300000,,RPOTNLRLPHMFFBH86CB
中壢區,房地(土地+建物)+車位,忠孝段151~180地號,23.24,住,,,1051009,土地1建物1車位1,十層,14,住宅大樓(11層含以上有電梯),住家用,鋼筋混凝土造,,172.23,3,2,2,有,無,9550000,63502,坡道平面,43.1,1350000,,RPPTNLRLPHMFFBH96CB
中壢區,房地(土地+建物)+車位,忠孝段151~180地號,23.24,住,,,1050910,土地1建物1車位1,十一層,14,住宅大樓(11層含以上有電梯),住家用,鋼筋混凝土造,,172.23,3,2,2,有,無,9460000,62418,坡道平面,43.1,1400000,,RPQTNLRLPHMFFBH07CB
中壢區,房地(土地+建物)+車位,忠孝段151~180地號,23.24,住,,,1050903,土地1建物1車位1,十二層,14,住宅大樓(11層含以上有電梯),住家用,鋼筋混凝土造,,172.23,3,2,2,有,無,9430000,62185,坡道平面,43.1,1400000,,RPRTNLRLPHMFFBH17CB
中壢區,房地(土地+建物)+車位,忠孝段151~180地號,23.24,住,,,1050820,土地1建物1車位1,十三層,14,住宅大樓(11層含以上有電梯),住家用,鋼筋混凝土造,,172.23,3,2,2,有,無,9400000,62340,坡道平面,43.1,1350000,,RPSTNLRLPHMFFBH27CB
