﻿編號,土地區段位置,土地移轉面積平方公尺,使用分區或編定
The serial number,land sector position,land shifting area square meter,the use zoning or compiles and checks
RPWNMLTJNHMFFBJ07CC,隘興段,.00,都市：住
RPUNMLOJNHMFFBJ98CC,豆子埔段,.00,都市：住
RPSNMLKKNHMFFDJ78DC,明新段,164.64,都市：住
RPVNMLOJNHMFFBJ09CC,永興段,.00,都市：其他
RPVNMLRKNHMFFCJ96CC,雞油凸段三叉凸小段,562.00,非都市：山坡地保育區 ; 非都市編定：丙種建築用地
RPRNMLKKNHMFFDJ68DC,中興段中興小段,198.00,非都市：工業區 ; 非都市編定：丁種建築用地
RPQOMLSJNHMFFBJ56DC,站前段,.00,都市：商
RPTNMLLKNHMFFBJ68CC,家興段,.00,都市：住
RPWNMLRKNHMFFBJ96CC,永興段,.00,都市：住
RPQNMLNKNHMFFBJ58CC,隘興段,.00,都市：住
RPXNMLRKNHMFFBJ07CC,隘興段,.00,都市：商
RPVNMLKKNHMFFBJ88DC,莊敬段,.00,都市：住
RPWNMLLJNHMFFBJ88CC,公園段,.00,都市：住
RPPOMLLKNHMFFBJ38CC,中正段,.00,都市：住
RPTNMLSKNHMFFBJ86DC,莊敬段,577.88,都市：其他
RPROMLSKNHMFFBJ66CC,莊敬段,.00,都市：住
RPTOMLSKNHMFFBJ86CC,竹仁段,.00,都市：住
RPOOMLSKNHMFFBJ98CC,公園段,.00,都市：住
RPUOMLSKNHMFFBJ96CC,永興段,.00,都市：住
RPSOMLSKNHMFFBJ76CC,台科段,.00,都市：住
RPPPMLSKNHMFFBJ56CC,公園段,.00,都市：住
RPRPMLSKNHMFFBJ76CC,永興段,.00,都市：商
RPWOMLSKNHMFFBJ17CC,永興段,.00,都市：商
RPXOMLSKNHMFFBJ27CC,隘興段,.00,都市：住
RPSPMLSKNHMFFBJ86CC,華興段,.00,都市：住
RPRNMLPLNHMFFBJ98CC,家興段,.00,非都市： ; 非都市編定：
RPTPMLSKNHMFFBJ96CC,永興段,.00,都市：住
RPTNMLPLNHMFFBJ56CC,家興段,.00,非都市： ; 非都市編定：
RPOPMLSKNHMFFBJ09CC,自強段,.00,都市：住
RPQOMLLJOHMFFBJ48CC,翰林段,28.96,都市：住
RPRPMLLJOHMFFBJ68CC,家興段,.00,都市：住
RPQPMLLJOHMFFBJ58CC,永興段,.00,都市：住
RPSPMLLJOHMFFBJ78CC,家興段,.00,都市：住
RPUPMLLJOHMFFBJ98CC,水瀧段,.00,都市：住
RPWPMLLJOHMFFBJ56CC,永興段,.00,都市：住
RPVPMLLJOHMFFBJ09CC,台科段,.00,都市：住
RPXPMLLJOHMFFBJ66CC,隘興段,.00,都市：住
RPOQMLLJOHMFFBJ48CC,莊敬段,.00,都市：住
RPQQMLLJOHMFFBJ68CC,家興段,.00,都市：住
RPSQMLLJOHMFFBJ88CC,自強段,.00,都市：住
RPQOMLLJOHMFFCJ58CC,竹東段竹東小段,506.00,都市：住
RPQOMLLJOHMFFCJ58CC,竹東段竹東小段,133.00,都市：住
RPQOMLLJOHMFFCJ58CC,竹東段竹東小段,512.00,都市：住
RPQOMLLJOHMFFCJ58CC,竹東段竹東小段,23.00,都市：住
RPPQMLLJOHMFFBJ58CC,公園段,.00,都市：住
RPROMLLMNHMFFBJ78CC,永興段,.00,非都市： ; 非都市編定：
RPQOMLSJOHMFFBJ66DC,家興段,.00,都市：住
RPQOMLNKOHMFFBJ78CC,世興段,.00,都市：商
RPWNMLRJOHMFFBJ96CC,家興段,.00,都市：住
RPUOMLQJOHMFFBJ76CC,中興段,.00,都市：住
RPOOMLTJOHMFFBJ09CC,永興段,.00,都市：商
RPRPMLMJOHMFFBJ78CC,永興段,.00,非都市： ; 非都市編定：
RPOPMLMJOHMFFBJ58DC,翰林段,.00,都市：住
RPOPMLMJOHMFFBJ58DC,翰林段,.00,都市：住
RPOPMLMJOHMFFBJ58DC,翰林段,.00,都市：住
RPOPMLMJOHMFFBJ58DC,翰林段,.00,都市：住
RPOPMLMJOHMFFBJ58DC,翰林段,.00,都市：住
RPXNMLTKOHMFFBJ37CC,家興段,.00,非都市： ; 非都市編定：
RPSPMLMJOHMFFBJ88CC,莊敬段,.00,非都市： ; 非都市編定：
RPUQMLLJOHMFFBJ09CC,隘興段,.00,都市：住
RPVQMLLJOHMFFBJ56CC,下旱坑段,1713.57,非都市：山坡地保育區 ; 非都市編定：農牧用地
RPVQMLLJOHMFFBJ56CC,下旱坑段,1156.13,非都市：山坡地保育區 ; 非都市編定：農牧用地
RPVQMLLJOHMFFBJ56CC,下旱坑段,50.38,非都市：山坡地保育區 ; 非都市編定：農牧用地
RPTQMLLJOHMFFBJ98CC,莊敬段,.00,都市：住
RPQPMLKLOHMFFBJ68CC,中正段,.00,都市：住
RPOPMLKLOHMFFBJ48CC,中興段,84.45,都市：其他
RPPPMLKLOHMFFBJ58CC,隘興段,.00,都市：住
RPXOMLKLOHMFFBJ66CC,家興段,.00,非都市： ; 非都市編定：
RPSOMLLLOHMFFBJ88CC,莊敬段,.00,都市：住
RPOPMLLLOHMFFBJ58CC,翰林段,.00,都市：住
RPWOMLLLOHMFFBJ66CC,莊敬段,.00,都市：商
RPSPMLLLOHMFFBJ98CC,隘興段,.00,都市：住
RPQQMLLLOHMFFBJ88CC,大學段,.00,都市：商
RPXPMLLLOHMFFBJ86CC,自強段,.00,都市：住
RPVPMLLLOHMFFBJ66CC,大學段,.00,都市：住
RPTPMLLLOHMFFBJ09CC,隘興段,.00,都市：住
RPRPMLLLOHMFFBJ88CC,水瀧段,.00,都市：住
RPWOMLNLOHMFFBJ86CC,水瀧段,22.85,都市：住
RPSQMLLLOHMFFBJ09CC,翰林段,.00,都市：住
RPOOMLOJPHMFFBJ68CC,自強段,.00,都市：住
RPQOMLOJPHMFFBJ88CC,嘉興段,.00,都市：住
RPROMLOJPHMFFBJ98CC,公園段,.00,都市：住
RPVNMLOJPHMFFBJ66CC,莊敬段,.00,都市：商
RPVOMLOJPHMFFBJ76CC,隘興段,.00,都市：住
RPTOMLOJPHMFFBJ56CC,公園段,.00,都市：住
RPUOMLOJPHMFFBJ66CC,自強段,.00,都市：住
RPWNMLOJPHMFFBJ76CC,永興段,.00,都市：住
RPUNMLOJPHMFFBJ56CC,隘興段,.00,都市：住
RPPOMLOJPHMFFBJ78CC,公園段,.00,都市：住
RPSOMLOJPHMFFBJ09CC,公園段,.00,都市：住
RPWNMLLKPHMFFBJ56CC,公園段,.00,都市：商
RPXPMLQJPHMFFBJ37DC,自強段,.00,都市：住
RPRNMLNKPHMFFBJ88CC,公園段,.00,都市：住
RPQNMLNKPHMFFBJ78CC,嘉興段,.00,都市：住
RPXNMLNKPHMFFBJ86CC,世興段,.00,都市：住
RPOOMLNKPHMFFBJ68CC,水瀧段,.00,都市：住
RPPOMLNKPHMFFBJ78CC,自強段,.00,都市：商
RPXOMLNKPHMFFBJ96CC,家興段,.00,都市：住
RPRPMLNKPHMFFBJ09CC,竹義段,83.00,都市：住
RPXNMLOKPHMFFBJ96CC,世興段,20.12,都市：其他
RPVNMLTKPHMFFDJ47CC,泰安段,30.00,都市：住
RPVNMLTKPHMFFDJ47CC,泰安段,30.00,都市：住
RPUNMLNKPHMFFCJ66CC,上山貳段,101.58,非都市：山坡地保育區 ; 非都市編定：丙種建築用地
RPXNMLTKPHMFFBJ47CC,翰林段,.00,都市：住
RPUNMLTKPHMFFBJ17CC,翰林段,.00,都市：住
RPVNMLTKPHMFFBJ27CC,台科段,.00,都市：住
RPWNMLTKPHMFFBJ37CC,翰林段,.00,都市：住
RPOOMLTKPHMFFBJ66CC,翰林段,.00,都市：住
RPWOMLNKPHMFFBJ86CC,永興段,.00,都市：商
RPUOMLNKPHMFFBJ66CC,家興段,.00,都市：住
RPPNMLQKPHMFFDJ56CC,興湖段,143.00,都市：住
RPSOMLNKPHMFFBJ09CC,大學段,.00,都市：商
RPPNMLTKPHMFFBJ66CC,自強段,.00,都市：商
RPVNMLLLPHMFFBJ56CC,永興段,.00,都市：商
RPTOMLNKPHMFFBJ56CC,豆子埔段,.00,都市：住
RPSOMLOLPHMFFBJ66CC,台科段,.00,都市：住
RPWNMLOLPHMFFBJ96CC,台科段,.00,都市：住
RPOOMLPLPHMFFBJ98CC,家興段,.00,都市：住
RPXOMLQLPHMFFBJ37CC,世興段,.00,都市：商
