﻿編號,屋齡,建物移轉面積平方公尺,主要用途,主要建材,建築完成日期,總層數,建物分層
The serial number,room age,building shifting area square meter,the main use,main building materials,construction completes the date,total layer,building lamination
RPPNMLLMNHMFFBQ56CC,11,19.19,住家用,鋼筋混凝土造,95年8月28日,八層,
RPPNMLOLPHMFFBQ96CC,11,17.27,住家用,鋼筋混凝土造,95年8月28日,八層,
RPWNMLLKPHMFFDQ47CC,36,157.91,住家用,鋼筋混凝土加強磚造,70年6月20日,二層,
RPSNMLMJNHMFFCQ76CC,38,199.44,住商用,鋼筋混凝土加強磚造,68年7月6日,三層,
RPXNMLPLNHMFFDQ87CC,24,133.63,住家用,鋼筋混凝土造,82年9月17日,三層,
RPTNMLQLNHMFFCQ47CC,35,62.78,住家用,鋼筋混凝土加強磚造,71年3月20日,一層,
