﻿鄉鎮市區,交易標的,土地區段位置/建物區段門牌,土地面積平方公尺,都市土地使用分區,非都市土地使用分區,非都市土地使用編定,租賃年月日,租賃筆棟數,租賃層次,總樓層數,建物型態,主要用途,主要建材,建築完成年月,建物總面積平方公尺,建物現況格局-房,建物現況格局-廳,建物現況格局-衛,建物現況格局-隔間,有無管理組織,有無附傢俱,總額元,單價元/平方公尺,車位類別,車位面積平方公尺,車位總額元,備註,編號
The villages and towns urban district,transaction sign,land sector position/building sector house number plate,land shifting total area square meter,the use zoning or compiles and checks,the non-metropolis land use district,non-metropolis land use,transaction year, month and day,transaction pen number,shifting level,total floor number,building state,main use,main building materials,construction to complete the years,building shifting total area,Building present situation pattern - room,building present situation pattern - hall,building present situation pattern - health,building present situation pattern - compartmented,Whether there is manages the organization,Whether there is attaches the furniture,total price Yuan,the unit price a Yuan/square meter,the berth category,berth shifting total area square meter,the berth total price Yuan,the note,serial number
新港鄉,房地(土地+建物),嘉義縣新港鄉中山路121~150號,102.0,住,,,1060410,土地2建物1車位0,全,3,透天厝,住商用,鋼筋混凝土加強磚造,0680706,199.44,6,2,3,有,無,有,16000,80,,0.0,0,,RPSNMLMJNHMFFCQ76CC
太保市,房地(土地+建物)+車位,嘉義縣太保市新埤211~240號,95.48,,鄉村區,乙種建築用地,1060522,土地1建物1車位1,全,3,透天厝,住家用,鋼筋混凝土造,0820917,133.63,3,2,2,有,無,無,6800,51,坡道平面,0.0,0,,RPXNMLPLNHMFFDQ87CC
民雄鄉,房地(土地+建物),嘉義縣民雄鄉義橋151~180號,91.85,其他,,,1060515,土地1建物1車位0,全,1,透天厝,住家用,鋼筋混凝土加強磚造,0710320,62.78,3,2,1,有,無,有,3500,56,,0.0,0,,RPTNMLQLNHMFFCQ47CC
朴子市,房地(土地+建物),嘉義縣朴子市仁和二路121~150號,7.6,住,,,1060515,土地1建物1車位0,五層,8,套房(1房1廳1衛),住家用,鋼筋混凝土造,0950828,19.19,1,0,1,有,有,有,2500,130,,0.0,0,,RPPNMLLMNHMFFBQ56CC
水上鄉,房地(土地+建物),嘉義縣水上鄉中庄391~420號,131.73,,特定農業區,甲種建築用地,1060708,土地1建物1車位0,全,2,透天厝,住家用,鋼筋混凝土加強磚造,0700620,157.91,4,1,3,有,無,有,6000,38,,0.0,0,,RPWNMLLKPHMFFDQ47CC
民雄鄉,土地,世興段541~570地號,529.46,住,,,1060622,土地4建物0車位0,,,其他,,,,0.0,0,0,0,有,無,無,10000,19,,0.0,0,地上有一層樓廠房(未保存登記),RPXNMLTKPHMFFCQ28CC
朴子市,房地(土地+建物),嘉義縣朴子市仁和二路121~150號,15.0,住,,,1060708,土地1建物1車位0,二層,8,套房(1房1廳1衛),住家用,鋼筋混凝土造,0950828,17.27,1,0,1,有,有,有,2500,145,,0.0,0,,RPPNMLOLPHMFFBQ96CC
