﻿編號,土地區段位置,土地移轉面積平方公尺,使用分區或編定
The serial number,land sector position,land shifting area square meter,the use zoning or compiles and checks
RPOPMLPKJINFFFB08CB,市鎮北段,15.67,都市：商
RPXOMLPKJINFFFB88CB,市鎮北段,14.34,都市：商
RPPPMLPKJINFFFB18CB,市鎮北段,16.01,都市：商
RPSOMLPKJINFFFB38CB,市鎮北段,14.34,都市：商
RPWNMLPKJINFFFB68CB,市鎮北段,16.01,都市：商
RPTOMLPKJINFFFB48CB,市鎮北段,14.34,都市：商
RPWOMLPKJINFFFB78CB,市鎮北段,16.01,都市：商
RPTPMLPKJINFFFB58CB,市鎮北段,16.01,都市：商
RPUOMLPKJINFFFB58CB,市鎮北段,16.01,都市：商
RPROMLPKJINFFFB28CB,市鎮北段,16.01,都市：商
RPVOMLPKJINFFFB68CB,市鎮北段,16.01,都市：商
RPRPMLPKJINFFFB38CB,市鎮北段,14.34,都市：商
RPQQMLPKJINFFFB38CB,市鎮北段,14.34,都市：商
RPUPMLPKJINFFFB68CB,市鎮北段,16.01,都市：商
RPVPMLPKJINFFFB78CB,市鎮北段,14.34,都市：商
RPXQMLPKJINFFFB09CB,市鎮北段,16.01,都市：商
RPQPMLPKJINFFFB28CB,市鎮北段,14.34,都市：商
RPWPMLPKJINFFFB88CB,市鎮北段,14.34,都市：商
RPUQMLPKJINFFFB78CB,市鎮北段,16.01,都市：商
RPTQMLPKJINFFFB68CB,市鎮北段,14.34,都市：商
RPVQMLPKJINFFFB88CB,市鎮北段,14.34,都市：商
RPPRMLPKJINFFFB38CB,市鎮北段,16.01,都市：商
RPORMLPKJINFFFB28CB,市鎮北段,14.01,都市：商
RPQRMLPKJINFFFB48CB,市鎮北段,16.01,都市：商
RPTRMLPKJINFFFB78CB,市鎮北段,14.34,都市：商
RPWQMLPKJINFFFB98CB,市鎮北段,15.67,都市：商
RPRRMLPKJINFFFB58CB,市鎮北段,14.34,都市：商
RPUNMLRKJINFFFB68CB,市鎮北段,14.34,都市：商
RPWNMLRKJINFFFB88CB,市鎮北段,14.01,都市：商
RPTOMLQKJINFFFB58CB,市鎮北段,14.34,都市：商
RPTNMLRKJINFFFB58CB,市鎮北段,14.34,都市：商
RPPNMLRKJINFFFB18CB,市鎮北段,14.34,都市：商
RPXNMLQKJINFFFB88CB,市鎮北段,14.34,都市：商
RPQNMLRKJINFFFB28CB,市鎮北段,16.01,都市：商
RPRNMLRKJINFFFB38CB,市鎮北段,16.01,都市：商
RPVNMLRKJINFFFB78CB,市鎮北段,14.34,都市：商
RPRPMLQKJINFFFB48CB,市鎮北段,14.34,都市：商
RPQOMLRKJINFFFB38CB,市鎮北段,16.01,都市：商
RPOOMLRKJINFFFB18CB,市鎮北段,15.67,都市：商
RPPOMLRKJINFFFB28CB,市鎮北段,15.67,都市：商
RPSOMLRKJINFFFB58CB,市鎮北段,14.34,都市：商
RPTOMLRKJINFFFB68CB,市鎮北段,14.34,都市：商
RPROMLRKJINFFFB48CB,市鎮北段,16.01,都市：商
RPOPMLRKJINFFFB28CB,市鎮北段,14.67,都市：商
RPUOMLRKJINFFFB78CB,市鎮北段,14.34,都市：商
RPPPMLRKJINFFFB38CB,市鎮北段,16.01,都市：商
RPXNMLRKJINFFFB98CB,市鎮北段,16.01,都市：商
RPXOMLRKJINFFFB09CB,市鎮北段,16.01,都市：商
RPWOMLRKJINFFFB98CB,市鎮北段,16.01,都市：商
RPVOMLRKJINFFFB88CB,市鎮北段,14.34,都市：商
RPTPMLRKJINFFFB78CB,市鎮北段,11.00,都市：商
RPQPMLRKJINFFFB48CB,市鎮北段,16.01,都市：商
RPUPMLRKJINFFFB88CB,市鎮北段,11.00,都市：商
RPWPMLRKJINFFFB09CB,市鎮北段,10.67,都市：商
RPXPMLRKJINFFFB56CB,市鎮北段,10.67,都市：商
RPRPMLRKJINFFFB58CB,市鎮北段,14.34,都市：商
RPSPMLRKJINFFFB68CB,市鎮北段,11.00,都市：商
RPVNMLSKJINFFFB88CB,市鎮北段,14.34,都市：商
RPWNMLSKJINFFFB98CB,市鎮北段,15.67,都市：商
RPTNMLSKJINFFFB68CB,市鎮北段,14.34,都市：商
RPUNMLSKJINFFFB78CB,市鎮北段,14.01,都市：商
RPXNMLSKJINFFFB09CB,市鎮北段,15.67,都市：商
RPRNMLSKJINFFFB48CB,市鎮北段,16.01,都市：商
RPSNMLSKJINFFFB58CB,市鎮北段,14.34,都市：商
RPOOMLSKJINFFFB28CB,市鎮北段,16.01,都市：商
RPPOMLSKJINFFFB38CB,市鎮北段,14.34,都市：商
RPQOMLSKJINFFFB48CB,市鎮北段,16.01,都市：商
RPROMLSKJINFFFB58CB,市鎮北段,14.34,都市：商
RPSOMLSKJINFFFB68CB,市鎮北段,14.34,都市：商
RPUOMLSKJINFFFB88CB,市鎮北段,16.01,都市：商
RPVOMLSKJINFFFB98CB,市鎮北段,16.01,都市：商
RPTOMLSKJINFFFB78CB,市鎮北段,16.01,都市：商
RPPNMLSKJINFFFB28CB,市鎮北段,10.67,都市：商
RPQNMLSKJINFFFB38CB,市鎮北段,16.01,都市：商
RPOQMLRKJINFFFB38CB,市鎮北段,10.67,都市：商
RPWOMLSKJINFFFB09CB,市鎮北段,16.01,都市：商
RPUNMLTKJINFFFB88CB,市鎮北段,11.00,都市：商
RPVNMLTKJINFFFB98CB,市鎮北段,11.00,都市：商
RPPPMLSKJINFFFB48CB,市鎮北段,14.34,都市：商
RPXOMLSKJINFFFB56CB,市鎮北段,16.01,都市：商
RPTNMLTKJINFFFB78CB,市鎮北段,14.34,都市：商
RPQOMLTKJINFFFB58CB,市鎮北段,10.67,都市：商
RPOPMLSKJINFFFB38CB,市鎮北段,14.34,都市：商
RPPOMLTKJINFFFB48CB,市鎮北段,16.01,都市：商
RPOOMLTKJINFFFB38CB,市鎮北段,10.67,都市：商
RPVPMLTKJINFFFB56CB,市鎮北段,15.67,都市：商
RPVOMLTKJINFFFB09CB,市鎮北段,10.67,都市：商
RPPPMLTKJINFFFB58CB,市鎮北段,16.01,都市：商
RPWOMLTKJINFFFB56CB,市鎮北段,14.34,都市：商
RPSPMLTKJINFFFB88CB,市鎮北段,14.34,都市：商
RPXOMLTKJINFFFB66CB,市鎮北段,16.01,都市：商
RPOPMLTKJINFFFB48CB,市鎮北段,16.01,都市：商
RPTPMLTKJINFFFB98CB,市鎮北段,16.01,都市：商
RPRPMLTKJINFFFB78CB,市鎮北段,14.34,都市：商
RPTNMLTKJINFFJB56CB,育賢段,.10,都市：住
RPSNMLTKJINFFJB09CB,育賢段,.10,都市：住
RPWNMLTKJINFFJB86CB,育賢段,.10,都市：住
RPVNMLTKJINFFJB76CB,育賢段,.10,都市：住
RPUNMLTKJINFFJB66CB,育賢段,.10,都市：住
RPQOMLTKJINFFJB98CB,育賢段,.10,都市：住
RPXNMLTKJINFFJB96CB,育賢段,.10,都市：住
RPPOMLTKJINFFJB88CB,育賢段,.10,都市：住
RPUOMLTKJINFFFB98CB,市鎮北段,10.67,都市：商
RPOOMLTKJINFFJB78CB,育賢段,.15,都市：住
RPROMLTKJINFFJB09CB,育賢段,.10,都市：住
RPSOMLTKJINFFJB56CB,育賢段,.10,都市：住
RPTOMLTKJINFFJB66CB,育賢段,.10,都市：住
RPUOMLTKJINFFJB76CB,育賢段,.10,都市：住
RPVOMLTKJINFFJB86CB,育賢段,.10,都市：住
RPXOMLTKJINFFJB07CB,育賢段,.10,都市：住
RPWOMLTKJINFFJB96CB,育賢段,.10,都市：住
RPPPMLLLJINFFFB87CB,市鎮北段,16.01,都市：商
RPQPMLLLJINFFFB97CB,市鎮北段,14.34,都市：商
RPRPMLLLJINFFFB08CB,市鎮北段,14.34,都市：商
RPSPMLLLJINFFFB18CB,市鎮北段,16.01,都市：商
RPTPMLLLJINFFFB28CB,市鎮北段,16.01,都市：商
RPVPMLLLJINFFFB48CB,市鎮北段,14.34,都市：商
RPWPMLLLJINFFFB58CB,市鎮北段,14.34,都市：商
RPTNMLNLJINFFFB28CB,市鎮北段,14.34,都市：商
RPXPMLLLJINFFFB68CB,市鎮北段,14.34,都市：商
RPQNMLNLJINFFFB97CB,市鎮北段,16.01,都市：商
RPOQMLLLJINFFFB87CB,市鎮北段,14.34,都市：商
RPSNMLNLJINFFFB18CB,市鎮北段,16.01,都市：商
RPQOMLNLJINFFFB08CB,市鎮北段,14.34,都市：商
RPPOMLNLJINFFFB97CB,市鎮北段,14.34,都市：商
RPSOMLNLJINFFFB28CB,市鎮北段,11.00,都市：商
RPROMLNLJINFFFB18CB,市鎮北段,16.01,都市：商
RPPNMLOLJINFFFB97CB,市鎮北段,11.00,都市：商
RPRNMLOLJINFFFB18CB,市鎮北段,10.67,都市：商
RPQNMLOLJINFFFB08CB,市鎮北段,10.67,都市：商
RPVOMLNLJINFFFB58CB,市鎮北段,11.00,都市：商
RPSNMLOLJINFFFB28CB,市鎮北段,10.67,都市：商
RPUNMLOLJINFFFB48CB,市鎮北段,16.01,都市：商
RPTNMLOLJINFFFB38CB,市鎮北段,16.01,都市：商
RPUOMLOLJINFFFB58CB,市鎮北段,14.34,都市：商
RPVOMLOLJINFFFB68CB,市鎮北段,14.01,都市：商
RPWOMLOLJINFFFB78CB,市鎮北段,14.34,都市：商
RPTOMLNLJINFFFB38CB,市鎮北段,11.00,都市：商
RPQNMLPLJINFFFB18CB,市鎮北段,14.34,都市：商
RPPNMLPLJINFFFB08CB,市鎮北段,14.34,都市：商
RPRNMLPLJINFFFB28CB,市鎮北段,16.01,都市：商
RPSNMLPLJINFFFB38CB,市鎮北段,16.01,都市：商
RPTNMLPLJINFFFB48CB,市鎮北段,14.34,都市：商
RPVNMLOLJINFFFB58CB,市鎮北段,16.01,都市：商
RPTOMLOLJINFFFB48CB,市鎮北段,14.34,都市：商
RPWNMLOLJINFFFB68CB,市鎮北段,14.34,都市：商
RPSOMLOLJINFFFB38CB,市鎮北段,14.34,都市：商
RPROMLOLJINFFFB28CB,市鎮北段,14.34,都市：商
RPPOMLOLJINFFFB08CB,市鎮北段,16.01,都市：商
RPQOMLOLJINFFFB18CB,市鎮北段,16.01,都市：商
RPTOMLPLJINFFFB58CB,市鎮北段,14.34,都市：商
RPSOMLPLJINFFFB48CB,市鎮北段,14.34,都市：商
RPUOMLPLJINFFFB68CB,市鎮北段,14.34,都市：商
RPROMLPLJINFFFB38CB,市鎮北段,14.01,都市：商
RPPOMLPLJINFFFB18CB,市鎮北段,14.34,都市：商
RPQOMLPLJINFFFB28CB,市鎮北段,14.34,都市：商
RPVOMLPLJINFFFB78CB,市鎮北段,14.34,都市：商
RPVNMLPLJINFFFB68CB,市鎮北段,16.01,都市：商
RPWNMLPLJINFFFB78CB,市鎮北段,16.01,都市：商
RPUNMLPLJINFFFB58CB,市鎮北段,16.01,都市：商
RPOOMLPLJINFFFB08CB,市鎮北段,16.01,都市：商
RPXNMLPLJINFFFB88CB,市鎮北段,16.01,都市：商
RPWOMLPLJINFFFB88CB,市鎮北段,16.01,都市：商
RPXOMLPLJINFFFB98CB,市鎮北段,16.01,都市：商
RPPPMLPLJINFFFB28CB,市鎮北段,16.01,都市：商
RPSPMLPLJINFFFB58CB,市鎮北段,14.34,都市：商
RPOPMLPLJINFFFB18CB,市鎮北段,16.01,都市：商
RPRPMLPLJINFFFB48CB,市鎮北段,16.01,都市：商
RPUPMLPLJINFFFB78CB,市鎮北段,14.34,都市：商
RPTPMLPLJINFFFB68CB,市鎮北段,10.67,都市：商
RPQPMLPLJINFFFB38CB,市鎮北段,16.01,都市：商
RPVPMLPLJINFFFB88CB,市鎮北段,15.67,都市：商
RPWPMLPLJINFFFB98CB,市鎮北段,16.01,都市：商
RPXPMLPLJINFFFB09CB,市鎮北段,16.01,都市：商
RPPQMLPLJINFFFB38CB,市鎮北段,16.01,都市：商
RPOQMLPLJINFFFB28CB,市鎮北段,16.01,都市：商
RPTQMLPLJINFFFB78CB,市鎮北段,16.34,都市：商
RPQQMLPLJINFFFB48CB,市鎮北段,16.01,都市：商
RPSQMLPLJINFFFB68CB,市鎮北段,14.34,都市：商
RPXQMLPLJINFFFB56CB,市鎮北段,14.34,都市：商
RPORMLPLJINFFFB38CB,市鎮北段,16.01,都市：商
RPQRMLPLJINFFFB58CB,市鎮北段,14.34,都市：商
RPPRMLPLJINFFFB48CB,市鎮北段,16.01,都市：商
RPRRMLPLJINFFFB68CB,市鎮北段,11.00,都市：商
RPSRMLPLJINFFFB78CB,市鎮北段,11.00,都市：商
RPTRMLPLJINFFFB88CB,市鎮北段,11.00,都市：商
RPURMLPLJINFFFB98CB,市鎮北段,11.00,都市：商
RPRNMLQLJINFFFB38CB,市鎮北段,14.34,都市：商
RPSNMLQLJINFFFB48CB,市鎮北段,16.01,都市：商
RPUQMLPLJINFFFB88CB,市鎮北段,14.34,都市：商
RPVQMLPLJINFFFB98CB,市鎮北段,14.34,都市：商
RPWQMLPLJINFFFB09CB,市鎮北段,16.01,都市：商
RPRQMLPLJINFFFB58CB,市鎮北段,16.01,都市：商
RPPNMLQLJINFFFB18CB,市鎮北段,14.34,都市：商
RPQNMLQLJINFFFB28CB,市鎮北段,14.34,都市：商
RPOOMLQLJINFFFB18CB,市鎮北段,16.01,都市：商
RPXNMLQLJINFFFB98CB,市鎮北段,16.01,都市：商
RPSOMLQLJINFFFB58CB,市鎮北段,16.01,都市：商
RPTOMLQLJINFFFB68CB,市鎮北段,14.34,都市：商
RPROMLQLJINFFFB48CB,市鎮北段,11.00,都市：商
RPPOMLQLJINFFFB28CB,市鎮北段,14.34,都市：商
RPUOMLQLJINFFFB78CB,市鎮北段,15.67,都市：商
RPTNMLQLJINFFFB58CB,市鎮北段,14.34,都市：商
RPVNMLQLJINFFFB78CB,市鎮北段,14.34,都市：商
RPPPMLQLJINFFFB38CB,市鎮北段,14.34,都市：商
RPWNMLQLJINFFFB88CB,市鎮北段,14.34,都市：商
RPUNMLQLJINFFFB68CB,市鎮北段,16.34,都市：商
RPOPMLQLJINFFFB28CB,市鎮北段,16.01,都市：商
RPUQMLNJKINFFFB58CB,市鎮北段,16.01,都市：商
RPVQMLNJKINFFFB68CB,市鎮北段,16.01,都市：商
RPQPMLQLJINFFFB48CB,市鎮北段,16.01,都市：商
RPRPMLQLJINFFFB58CB,市鎮北段,16.01,都市：商
RPSPMLQLJINFFFB68CB,市鎮北段,14.34,都市：商
RPTPMLQLJINFFFB78CB,市鎮北段,14.34,都市：商
RPUPMLQLJINFFFB88CB,市鎮北段,14.34,都市：商
RPVPMLQLJINFFFB98CB,市鎮北段,14.34,都市：商
RPXQMLNJKINFFFB88CB,市鎮北段,14.34,都市：商
RPRQMLNJKINFFFB28CB,市鎮北段,14.34,都市：商
RPTQMLNJKINFFFB48CB,市鎮北段,14.34,都市：商
RPPRMLNJKINFFFB18CB,市鎮北段,14.34,都市：商
RPROMLOJKINFFFB18CB,市鎮北段,16.01,都市：商
RPQOMLOJKINFFFB08CB,市鎮北段,15.67,都市：商
RPSOMLOJKINFFFB28CB,市鎮北段,10.67,都市：商
RPWQMLNJKINFFFB78CB,市鎮北段,14.34,都市：商
RPORMLNJKINFFFB08CB,市鎮北段,16.01,都市：商
RPUOMLOJKINFFFB48CB,市鎮北段,16.01,都市：商
RPVOMLOJKINFFFB58CB,市鎮北段,15.67,都市：商
RPQRMLNJKINFFFB28CB,市鎮北段,14.34,都市：商
RPSQMLNJKINFFFB38CB,市鎮北段,14.67,都市：商
RPVSMLMLKINFFBB58CB,仁美段,10.40,都市：住
RPXRMLMLKINFFBB68CB,仁美段,10.40,都市：住
RPWRMLMLKINFFBB58CB,仁美段,10.40,都市：住
RPQSMLMLKINFFBB08CB,仁美段,10.40,都市：住
RPUSMLMLKINFFBB48CB,仁美段,10.40,都市：住
RPTSMLMLKINFFBB38CB,仁美段,10.40,都市：住
RPXSMLMLKINFFBB78CB,仁美段,10.40,都市：住
RPWSMLMLKINFFBB68CB,仁美段,10.40,都市：住
RPPSMLMLKINFFBB97CB,仁美段,10.40,都市：住
RPSSMLMLKINFFBB28CB,仁美段,10.40,都市：住
RPRSMLMLKINFFBB18CB,仁美段,10.40,都市：住
RPRTMLMLKINFFBB28CB,仁美段,21.45,都市：住
RPPTMLMLKINFFBB08CB,仁美段,10.40,都市：住
RPQTMLMLKINFFBB18CB,仁美段,10.40,都市：住
RPOTMLMLKINFFBB97CB,仁美段,10.40,都市：住
RPSTMLMLKINFFBB38CB,仁美段,12.03,都市：住
RPTTMLMLKINFFBB48CB,仁美段,12.03,都市：住
RPQNMLNLKINFFBB67CB,仁美段,12.03,都市：住
RPRNMLNLKINFFBB77CB,仁美段,12.03,都市：住
RPPNMLNLKINFFBB57CB,仁美段,12.03,都市：住
RPUNMLNLKINFFBB08CB,仁美段,12.03,都市：住
RPVNMLNLKINFFBB18CB,仁美段,12.03,都市：住
RPPOMLNLKINFFBB67CB,仁美段,12.03,都市：住
RPOOMLNLKINFFBB57CB,仁美段,12.03,都市：住
RPXNMLNLKINFFBB38CB,仁美段,12.03,都市：住
RPWNMLNLKINFFBB28CB,仁美段,12.03,都市：住
RPROMLNLKINFFBB87CB,仁美段,16.90,都市：住
RPSNMLNLKINFFBB87CB,仁美段,12.03,都市：住
RPSOMLNLKINFFBB97CB,仁美段,16.90,都市：住
RPQOMLNLKINFFBB77CB,仁美段,12.03,都市：住
RPTOMLNLKINFFBB08CB,仁美段,16.90,都市：住
RPXOMLNLKINFFBB48CB,仁美段,16.90,都市：住
RPQPMLNLKINFFBB87CB,仁美段,16.90,都市：住
RPPPMLNLKINFFBB77CB,仁美段,16.90,都市：住
RPOPMLNLKINFFBB67CB,仁美段,17.23,都市：住
RPUOMLNLKINFFBB18CB,仁美段,16.90,都市：住
RPWPMLNLKINFFBB48CB,仁美段,16.90,都市：住
RPUPMLNLKINFFBB28CB,仁美段,16.90,都市：住
RPRPMLNLKINFFBB97CB,仁美段,16.90,都市：住
RPRQMLNLKINFFBB08CB,仁美段,21.45,都市：住
RPXPMLNLKINFFBB58CB,仁美段,21.13,都市：住
RPSPMLNLKINFFBB08CB,仁美段,16.90,都市：住
RPTPMLNLKINFFBB18CB,仁美段,16.90,都市：住
RPQQMLNLKINFFBB97CB,仁美段,21.45,都市：住
RPSQMLNLKINFFBB18CB,仁美段,21.45,都市：住
RPPQMLNLKINFFBB87CB,仁美段,21.13,都市：住
RPTQMLNLKINFFBB28CB,仁美段,21.45,都市：住
RPWQMLNLKINFFBB58CB,仁美段,21.45,都市：住
RPVQMLNLKINFFBB48CB,仁美段,21.45,都市：住
RPUQMLNLKINFFBB38CB,仁美段,21.45,都市：住
RPWPMLOLKINFFBB58CB,仁美段,21.13,都市：住
RPQQMLOLKINFFBB08CB,仁美段,21.13,都市：住
RPXPMLOLKINFFBB68CB,仁美段,21.13,都市：住
RPPQMLOLKINFFBB97CB,仁美段,21.13,都市：住
RPOQMLOLKINFFBB87CB,仁美段,21.13,都市：住
RPPTMLPLKINFFBB38CB,仁美段,21.13,都市：住
RPWNMLQLKINFFBB58CB,仁美段,21.13,都市：住
RPWPMLQLKINFFBB78CB,仁美段,21.45,都市：住
RPVPMLQLKINFFBB68CB,仁美段,21.45,都市：住
RPQPMLQLKINFFBB18CB,仁美段,21.13,都市：住
RPSOMLQLKINFFBB28CB,仁美段,21.45,都市：住
RPPQMLPLKINFFBB08CB,仁美段,21.13,都市：住
RPXTMLQLKINFFBB66CB,仁美段,16.90,都市：住
RPTRMLQLKINFFBB68CB,仁美段,21.13,都市：住
RPRRMLQLKINFFBB48CB,仁美段,21.45,都市：住
RPSSMLQLKINFFBB68CB,仁美段,16.90,都市：住
RPWTMLQLKINFFBB56CB,仁美段,16.90,都市：住
RPURMLQLKINFFBB78CB,仁美段,21.13,都市：住
RPSRMLQLKINFFBB58CB,仁美段,21.45,都市：住
RPWQMLQLKINFFBB88CB,仁美段,21.13,都市：住
RPOUMLQLKINFFBB48CB,仁美段,16.90,都市：住
RPPRMLQLKINFFBB28CB,仁美段,21.45,都市：住
RPWUMLQLKINFFBB66CB,仁美段,16.90,都市：住
RPOVMLQLKINFFBB58CB,仁美段,16.90,都市：住
RPRVMLQLKINFFBB88CB,仁美段,16.90,都市：住
RPQVMLQLKINFFBB78CB,仁美段,16.90,都市：住
RPUOMLRLKINFFFB98CB,市鎮北段,14.34,都市：商
RPPPMLRLKINFFFB58CB,市鎮北段,14.34,都市：商
RPSPMLRLKINFFFB88CB,市鎮北段,14.34,都市：商
RPOPMLRLKINFFFB48CB,市鎮北段,16.01,都市：商
RPVOMLRLKINFFFB09CB,市鎮北段,16.01,都市：商
RPXOMLRLKINFFFB66CB,市鎮北段,14.34,都市：商
RPQOMLRLKINFFFB58CB,市鎮北段,16.01,都市：商
RPSOMLRLKINFFFB78CB,市鎮北段,14.34,都市：商
RPPOMLSLKINFFBB18CB,仁美段,16.90,都市：住
RPROMLSLKINFFBB38CB,仁美段,16.90,都市：住
RPRQMLSLKINFFBB58CB,仁美段,12.35,都市：住
RPUOMLSLKINFFBB68CB,仁美段,17.23,都市：住
RPTQMLSLKINFFBB78CB,仁美段,12.35,都市：住
RPSQMLSLKINFFBB68CB,仁美段,12.35,都市：住
RPVPMLSLKINFFBB88CB,仁美段,16.90,都市：住
RPUPMLSLKINFFBB78CB,仁美段,16.90,都市：住
RPQQMLSLKINFFBB48CB,仁美段,16.90,都市：住
RPUQMLSLKINFFBB88CB,仁美段,12.35,都市：住
RPVQMLSLKINFFBB98CB,仁美段,12.35,都市：住
RPSRMLSLKINFFBB78CB,仁美段,12.35,都市：住
RPQRMLSLKINFFBB58CB,仁美段,12.35,都市：住
RPVRMLSLKINFFBB09CB,仁美段,12.35,都市：住
RPURMLSLKINFFBB98CB,仁美段,12.35,都市：住
RPORMLSLKINFFBB38CB,仁美段,12.35,都市：住
RPXRMLSLKINFFBB66CB,仁美段,12.35,都市：住
RPPRMLSLKINFFBB48CB,仁美段,12.35,都市：住
RPXQMLSLKINFFBB56CB,仁美段,12.35,都市：住
RPWQMLSLKINFFBB09CB,仁美段,12.35,都市：住
RPQSMLSLKINFFBB68CB,仁美段,10.40,都市：住
RPSSMLSLKINFFBB88CB,仁美段,10.40,都市：住
RPUSMLSLKINFFBB09CB,仁美段,10.40,都市：住
RPTSMLSLKINFFBB98CB,仁美段,10.40,都市：住
RPVNMLLMKINFFBB08CB,仁美段,10.40,都市：住
RPQNMLLMKINFFBB57CB,仁美段,10.40,都市：住
RPXNMLLMKINFFBB28CB,仁美段,10.40,都市：住
RPPNMLLMKINFFBB47CB,仁美段,10.40,都市：住
RPWNMLLMKINFFBB18CB,仁美段,10.40,都市：住
RPUNMLLMKINFFBB97CB,仁美段,10.40,都市：住
RPOOMLLMKINFFBB47CB,仁美段,10.40,都市：住
RPRNMLLMKINFFBB67CB,仁美段,10.40,都市：住
RPROMLLMKINFFBB77CB,仁美段,10.40,都市：住
RPSOMLLMKINFFBB87CB,仁美段,10.40,都市：住
RPSNMLLMKINFFBB77CB,仁美段,10.40,都市：住
RPTOMLLMKINFFBB97CB,仁美段,10.40,都市：住
RPPPMLLMKINFFBB67CB,仁美段,10.40,都市：住
RPQPMLLMKINFFBB77CB,仁美段,10.40,都市：住
RPRPMLLMKINFFBB87CB,仁美段,10.40,都市：住
RPVNMLLJJHOFFBB67CB,仁美段,10.40,都市：住
RPTNMLLJJHOFFBB47CB,仁美段,10.40,都市：住
RPSNMLLJJHOFFBB37CB,仁美段,10.40,都市：住
RPUNMLLJJHOFFBB57CB,仁美段,10.40,都市：住
RPOOMLLJJHOFFBB07CB,仁美段,10.40,都市：住
RPOOMLOJJHOFFBB37CB,仁美段,10.08,都市：住
RPPOMLOJJHOFFBB47CB,仁美段,10.08,都市：住
RPXNMLLJJHOFFBB87CB,仁美段,10.40,都市：住
RPWNMLLJJHOFFBB77CB,仁美段,10.40,都市：住
RPWNMLOJJHOFFBB08CB,仁美段,6.50,都市：住
RPXNMLOJJHOFFBB18CB,仁美段,6.50,都市：住
RPTOMLOJJHOFFBB87CB,仁美段,6.50,都市：住
RPQOMLOJJHOFFBB57CB,仁美段,6.50,都市：住
RPROMLOJJHOFFBB67CB,仁美段,6.50,都市：住
RPUOMLOJJHOFFBB97CB,仁美段,6.83,都市：住
RPQPMLOJJHOFFBB67CB,仁美段,6.50,都市：住
RPVOMLOJJHOFFBB08CB,仁美段,6.83,都市：住
RPSPMLOJJHOFFBB87CB,仁美段,6.50,都市：住
RPTPMLOJJHOFFBB97CB,仁美段,6.50,都市：住
RPPPMLOJJHOFFBB57CB,仁美段,6.50,都市：住
RPRQMLOJJHOFFBB87CB,仁美段,6.50,都市：住
RPRPMLOJJHOFFBB77CB,仁美段,6.50,都市：住
RPWPMLOJJHOFFBB28CB,仁美段,6.50,都市：住
RPTQMLOJJHOFFBB08CB,仁美段,15.93,都市：住
RPQRMLOJJHOFFBB87CB,仁美段,15.93,都市：住
RPTRMLOJJHOFFBB18CB,仁美段,15.93,都市：住
RPPRMLOJJHOFFBB77CB,仁美段,15.93,都市：住
RPURMLOJJHOFFBB28CB,仁美段,15.93,都市：住
RPVRMLOJJHOFFBB38CB,仁美段,15.93,都市：住
RPRRMLOJJHOFFBB97CB,仁美段,15.93,都市：住
RPWRMLOJJHOFFBB48CB,仁美段,15.93,都市：住
RPXRMLOJJHOFFBB58CB,仁美段,15.93,都市：住
RPOSMLOJJHOFFBB77CB,仁美段,15.93,都市：住
RPPSMLOJJHOFFBB87CB,仁美段,15.93,都市：住
RPRSMLOJJHOFFBB08CB,仁美段,15.93,都市：住
RPTSMLOJJHOFFBB28CB,仁美段,15.93,都市：住
RPUSMLOJJHOFFBB38CB,仁美段,11.38,都市：住
RPSSMLOJJHOFFBB18CB,仁美段,15.93,都市：住
RPVSMLOJJHOFFBB48CB,仁美段,11.38,都市：住
RPXSMLOJJHOFFBB68CB,仁美段,11.38,都市：住
RPWSMLOJJHOFFBB58CB,仁美段,11.38,都市：住
RPOTMLOJJHOFFBB87CB,仁美段,11.38,都市：住
RPPTMLOJJHOFFBB97CB,仁美段,11.38,都市：住
RPSTMLOJJHOFFBB28CB,仁美段,11.38,都市：住
RPQTMLOJJHOFFBB08CB,仁美段,11.38,都市：住
RPWTMLOJJHOFFBB68CB,仁美段,11.38,都市：住
RPRTMLOJJHOFFBB18CB,仁美段,11.38,都市：住
RPOUMLOJJHOFFBB97CB,仁美段,11.38,都市：住
RPSUMLOJJHOFFBB38CB,仁美段,8.78,都市：住
RPXTMLOJJHOFFBB78CB,仁美段,11.38,都市：住
RPTUMLOJJHOFFBB48CB,仁美段,8.78,都市：住
RPPUMLOJJHOFFBB08CB,仁美段,11.38,都市：住
RPQUMLOJJHOFFBB18CB,仁美段,11.38,都市：住
RPUUMLOJJHOFFBB58CB,仁美段,8.78,都市：住
RPVUMLOJJHOFFBB68CB,仁美段,8.78,都市：住
RPRUMLOJJHOFFBB28CB,仁美段,8.78,都市：住
RPWUMLOJJHOFFBB78CB,仁美段,8.78,都市：住
RPPNMLPJJHOFFBB47CB,仁美段,8.78,都市：住
RPQNMLPJJHOFFBB57CB,仁美段,8.78,都市：住
RPXNMLPJJHOFFBB28CB,仁美段,8.78,都市：住
RPOOMLPJJHOFFBB47CB,仁美段,8.78,都市：住
RPWNMLPJJHOFFBB18CB,仁美段,8.78,都市：住
RPUOMLPJJHOFFBB08CB,仁美段,8.78,都市：住
RPOPMLPJJHOFFBB57CB,仁美段,8.78,都市：住
RPTOMLPJJHOFFBB97CB,仁美段,8.78,都市：住
RPXOMLPJJHOFFBB38CB,仁美段,8.78,都市：住
RPSOMLPJJHOFFBB87CB,仁美段,8.78,都市：住
RPROMLPJJHOFFBB77CB,仁美段,8.78,都市：住
RPWOMLPJJHOFFBB28CB,仁美段,8.78,都市：住
RPVOMLPJJHOFFBB18CB,仁美段,8.45,都市：住
RPPOMLPJJHOFFBB57CB,仁美段,8.78,都市：住
RPQOMLPJJHOFFBB67CB,仁美段,8.78,都市：住
RPRPMLPJJHOFFBB87CB,仁美段,8.78,都市：住
RPVPMLPJJHOFFBB28CB,仁美段,11.38,都市：住
RPTPMLPJJHOFFBB08CB,仁美段,8.78,都市：住
RPPPMLPJJHOFFBB67CB,仁美段,8.78,都市：住
RPSPMLPJJHOFFBB97CB,仁美段,8.78,都市：住
RPQPMLPJJHOFFBB77CB,仁美段,8.78,都市：住
RPUPMLPJJHOFFBB18CB,仁美段,8.78,都市：住
RPWPMLPJJHOFFBB38CB,仁美段,11.38,都市：住
RPXPMLPJJHOFFBB48CB,仁美段,11.38,都市：住
RPOQMLPJJHOFFBB67CB,仁美段,11.38,都市：住
RPPQMLPJJHOFFBB77CB,仁美段,11.38,都市：住
RPQQMLPJJHOFFBB87CB,仁美段,11.38,都市：住
RPUQMLPJJHOFFBB28CB,仁美段,11.38,都市：住
RPVQMLPJJHOFFBB38CB,仁美段,11.38,都市：住
RPSQMLPJJHOFFBB08CB,仁美段,11.38,都市：住
RPWQMLPJJHOFFBB48CB,仁美段,11.38,都市：住
RPTQMLPJJHOFFBB18CB,仁美段,11.38,都市：住
RPRQMLPJJHOFFBB97CB,仁美段,11.38,都市：住
RPORMLPJJHOFFBB77CB,仁美段,11.38,都市：住
RPQRMLPJJHOFFBB97CB,仁美段,15.93,都市：住
RPXQMLPJJHOFFBB58CB,仁美段,11.38,都市：住
RPPRMLPJJHOFFBB87CB,仁美段,15.93,都市：住
RPSRMLPJJHOFFBB18CB,仁美段,15.93,都市：住
RPRRMLPJJHOFFBB08CB,仁美段,15.93,都市：住
RPTRMLPJJHOFFBB28CB,仁美段,15.93,都市：住
RPVRMLPJJHOFFBB48CB,仁美段,15.93,都市：住
RPURMLPJJHOFFBB38CB,仁美段,15.93,都市：住
RPWRMLPJJHOFFBB58CB,仁美段,15.93,都市：住
RPOSMLPJJHOFFBB87CB,仁美段,16.25,都市：住
RPXRMLPJJHOFFBB68CB,仁美段,15.93,都市：住
RPQNMLQJJHOFFBB67CB,仁美段,15.93,都市：住
RPRNMLQJJHOFFBB77CB,仁美段,16.25,都市：住
RPPNMLQJJHOFFBB57CB,仁美段,15.93,都市：住
RPXNMLQJJHOFFBB38CB,仁美段,16.58,都市：住
RPOOMLQJJHOFFBB57CB,仁美段,16.58,都市：住
RPROMLQJJHOFFBB87CB,仁美段,16.58,都市：住
RPSNMLQJJHOFFBB87CB,仁美段,16.25,都市：住
RPUNMLQJJHOFFBB08CB,仁美段,16.58,都市：住
RPVNMLQJJHOFFBB18CB,仁美段,16.58,都市：住
RPPOMLQJJHOFFBB67CB,仁美段,16.58,都市：住
RPTNMLQJJHOFFBB97CB,仁美段,16.58,都市：住
RPSOMLQJJHOFFBB97CB,仁美段,16.58,都市：住
RPTOMLQJJHOFFBB08CB,仁美段,16.90,都市：住
RPQOMLQJJHOFFBB77CB,仁美段,16.58,都市：住
RPWNMLQJJHOFFBB28CB,仁美段,16.58,都市：住
RPVOMLQJJHOFFBB28CB,仁美段,16.58,都市：住
RPQPMLNLJHOFFBB87DB,太祥段,17.14,都市：住
RPXOMLNLJHOFFBB48DB,太祥段,17.14,都市：住
RPPPMLNLJHOFFBB77DB,太祥段,17.14,都市：住
RPOPMLNLJHOFFBB67DB,太祥段,17.14,都市：住
RPRPMLNLJHOFFBB97DB,太祥段,17.14,都市：住
RPVPMLNLJHOFFBB38DB,太祥段,17.14,都市：住
RPSPMLNLJHOFFBB08DB,太祥段,17.14,都市：住
RPTPMLNLJHOFFBB18DB,太祥段,17.14,都市：住
RPWPMLNLJHOFFBB48DB,太祥段,17.14,都市：住
RPUOMLQJJHOFFBB18CB,仁美段,16.58,都市：住
RPWOMLQJJHOFFBB38CB,仁美段,16.58,都市：住
RPXPMLNLJHOFFBB58DB,太祥段,17.14,都市：住
RPUQMLNLJHOFFBB38DB,太祥段,21.78,都市：住
RPRQMLNLJHOFFBB08DB,太祥段,21.78,都市：住
RPSQMLNLJHOFFBB18DB,太祥段,21.78,都市：住
RPTQMLNLJHOFFBB28DB,太祥段,21.78,都市：住
RPPQMLNLJHOFFBB87DB,太祥段,17.14,都市：住
RPVQMLNLJHOFFBB48DB,太祥段,22.14,都市：住
RPWQMLNLJHOFFBB58DB,太祥段,21.78,都市：住
RPPRMLNLJHOFFBB97DB,太祥段,18.21,都市：住
RPRRMLNLJHOFFBB18DB,太祥段,16.78,都市：住
RPORMLNLJHOFFBB87DB,太祥段,21.78,都市：住
RPSRMLNLJHOFFBB28DB,太祥段,16.78,都市：住
RPXQMLNLJHOFFBB68DB,太祥段,21.78,都市：住
RPPSMLNLJHOFFBB08DB,太祥段,16.78,都市：住
RPVRMLNLJHOFFBB58DB,太祥段,16.78,都市：住
RPQSMLNLJHOFFBB18DB,太祥段,22.14,都市：住
RPRSMLNLJHOFFBB28DB,太祥段,21.78,都市：住
RPXRMLNLJHOFFBB78DB,太祥段,16.78,都市：住
RPURMLNLJHOFFBB48DB,太祥段,16.78,都市：住
RPOSMLNLJHOFFBB97DB,太祥段,16.78,都市：住
RPOTMLNLJHOFFBB08DB,太祥段,17.14,都市：住
RPVSMLNLJHOFFBB68DB,太祥段,21.78,都市：住
RPXSMLNLJHOFFBB88DB,太祥段,17.14,都市：住
RPWSMLNLJHOFFBB78DB,太祥段,21.78,都市：住
RPUSMLNLJHOFFBB58DB,太祥段,21.78,都市：住
RPSSMLNLJHOFFBB38DB,太祥段,21.78,都市：住
RPTSMLNLJHOFFBB48DB,太祥段,21.78,都市：住
RPPTMLNLJHOFFBB18DB,太祥段,17.14,都市：住
RPQTMLNLJHOFFBB28DB,太祥段,17.14,都市：住
RPTTMLNLJHOFFBB58DB,太祥段,17.14,都市：住
RPUTMLNLJHOFFBB68DB,太祥段,17.14,都市：住
RPQUMLNLJHOFFBB38DB,太祥段,17.14,都市：住
RPVTMLNLJHOFFBB78DB,太祥段,17.14,都市：住
RPRTMLNLJHOFFBB38DB,太祥段,17.14,都市：住
RPXTMLNLJHOFFBB98DB,太祥段,17.14,都市：住
RPOUMLNLJHOFFBB18DB,太祥段,17.14,都市：住
RPRUMLNLJHOFFBB48DB,太祥段,21.78,都市：住
RPPUMLNLJHOFFBB28DB,太祥段,17.14,都市：住
RPUUMLNLJHOFFBB78DB,太祥段,21.78,都市：住
RPTUMLNLJHOFFBB68DB,太祥段,21.78,都市：住
RPSUMLNLJHOFFBB58DB,太祥段,21.78,都市：住
RPVVMLNLJHOFFBB98DB,太祥段,21.78,都市：住
RPTVMLNLJHOFFBB78DB,太祥段,21.78,都市：住
RPWVMLNLJHOFFBB09DB,太祥段,17.14,都市：住
RPXVMLNLJHOFFBB56DB,太祥段,17.14,都市：住
RPOWMLNLJHOFFBB38DB,太祥段,17.14,都市：住
RPPWMLNLJHOFFBB48DB,太祥段,17.14,都市：住
RPXUMLNLJHOFFBB09DB,太祥段,21.78,都市：住
RPOVMLNLJHOFFBB28DB,太祥段,21.78,都市：住
RPPVMLNLJHOFFBB38DB,太祥段,21.78,都市：住
RPVUMLNLJHOFFBB88DB,太祥段,21.78,都市：住
RPWUMLNLJHOFFBB98DB,太祥段,21.78,都市：住
RPQVMLNLJHOFFBB48DB,太祥段,21.78,都市：住
RPSVMLNLJHOFFBB68DB,太祥段,21.78,都市：住
RPQWMLNLJHOFFBB58DB,太祥段,17.14,都市：住
RPRWMLNLJHOFFBB68DB,太祥段,17.14,都市：住
RPUWMLNLJHOFFBB98DB,太祥段,17.14,都市：住
RPSWMLNLJHOFFBB78DB,太祥段,17.14,都市：住
RPTWMLNLJHOFFBB88DB,太祥段,17.14,都市：住
RPWWMLNLJHOFFBB56DB,太祥段,17.14,都市：住
RPXWMLNLJHOFFBB66DB,太祥段,22.14,都市：住
RPVWMLNLJHOFFBB09DB,太祥段,17.14,都市：住
RPONNLNLJHOFFBB57DB,太祥段,21.78,都市：住
RPQNNLNLJHOFFBB77DB,太祥段,21.78,都市：住
RPRNNLNLJHOFFBB87DB,太祥段,21.78,都市：住
RPSNNLNLJHOFFBB97DB,太祥段,21.78,都市：住
RPPNNLNLJHOFFBB67DB,太祥段,21.78,都市：住
RPVNNLNLJHOFFBB28DB,太祥段,21.78,都市：住
RPUNNLNLJHOFFBB18DB,太祥段,21.78,都市：住
RPWNNLNLJHOFFBB38DB,太祥段,16.78,都市：住
RPOONLNLJHOFFBB67DB,太祥段,16.78,都市：住
RPXNNLNLJHOFFBB48DB,太祥段,16.78,都市：住
RPRONLNLJHOFFBB97DB,太祥段,16.78,都市：住
RPPONLNLJHOFFBB77DB,太祥段,16.78,都市：住
RPSONLNLJHOFFBB08DB,太祥段,16.78,都市：住
RPQONLNLJHOFFBB87DB,太祥段,16.78,都市：住
RPVONLNLJHOFFBB38DB,太祥段,21.78,都市：住
RPXONLNLJHOFFBB58DB,太祥段,21.78,都市：住
RPRPNLNLJHOFFBB08DB,太祥段,17.14,都市：住
RPQPNLNLJHOFFBB97DB,太祥段,21.78,都市：住
RPSPNLNLJHOFFBB18DB,太祥段,17.14,都市：住
RPRQNLNLJHOFFBB18DB,太祥段,17.14,都市：住
RPVQNLNLJHOFFBB58DB,太祥段,17.14,都市：住
RPXQNLNLJHOFFBB78DB,太祥段,17.14,都市：住
RPWQNLNLJHOFFBB68DB,太祥段,17.14,都市：住
RPSQNLNLJHOFFBB28DB,太祥段,17.14,都市：住
RPPRNLNLJHOFFBB08DB,太祥段,17.14,都市：住
RPORNLNLJHOFFBB97DB,太祥段,17.14,都市：住
RPQRNLNLJHOFFBB18DB,太祥段,17.14,都市：住
RPTONLNLJHOFFBB18DB,太祥段,16.78,都市：住
RPUONLNLJHOFFBB28DB,太祥段,16.78,都市：住
RPSRNLNLJHOFFBB38DB,太祥段,17.14,都市：住
RPURNLNLJHOFFBB58DB,太祥段,31.06,都市：住
RPRRNLNLJHOFFBB28DB,太祥段,17.14,都市：住
RPRSNLNLJHOFFBB38DB,太祥段,21.78,都市：住
RPQNMLMJKHOFFFB77CB,市鎮北段,15.67,都市：商
RPVRNLNLJHOFFBB68DB,太祥段,30.71,都市：住
RPPSNLNLJHOFFBB18DB,太祥段,21.78,都市：住
RPRNMLPLJHOFFBB97DB,太祥段,21.78,都市：住
RPQSNLNLJHOFFBB28DB,太祥段,21.78,都市：住
RPVOMLPLJHOFFBB48DB,太祥段,16.78,都市：住
RPWNMLPLJHOFFBB48DB,太祥段,21.78,都市：住
RPSSNLNLJHOFFBB48DB,太祥段,30.71,都市：住
RPWRNLNLJHOFFBB78DB,太祥段,31.06,都市：住
RPUNMLMJKHOFFFB18CB,市鎮北段,13.34,都市：商
RPVNMLMJKHOFFFB28CB,市鎮北段,15.67,都市：商
RPRNMLMJKHOFFFB87CB,市鎮北段,10.67,都市：商
RPWNMLMJKHOFFFB38CB,市鎮北段,15.01,都市：商
RPXNMLMJKHOFFFB48CB,市鎮北段,17.67,都市：商
