﻿編號,土地區段位置,土地移轉面積平方公尺,使用分區或編定
The serial number,land sector position,land shifting area square meter,the use zoning or compiles and checks
RPWOMLMKJINFFCB28CC,福安段,4.06,都市：住
RPOPMLMKJINFFBB47CC,東峰段,31.43,都市：住
RPXOMLMKJINFFCB38CC,何安段,14.27,都市：住
RPOOMLNKJINFFCB57CC,安和段,1032.58,都市：工
RPTNMLNKJINFFAB77CC,頂橋子頭段,11.52,都市：住
RPWOMLMKJINFFBB18CC,松茂段,26.67,都市：住
RPSNMLOKJINFFBB87CC,東山段,2450.00,都市：住
RPVNMLLKJINFFCB97CC,西屯段,803.00,都市：商
RPVNMLLKJINFFCB97CC,西屯段,311.00,都市：商
RPOOMLMKJINFFDB67DC,北陽段,.00,都市：住
RPXOMLMKJINFFAB18CC,麻園頭段,10.97,都市：住
RPVOMLNKJINFFCB28CC,上石碑段,.00,都市：住
RPUNMLNKJINFFDB18CC,豐原段,17.00,都市：商
RPUNMLNKJINFFDB18CC,豐原段,83.00,都市：商
RPXNMLOKJINFFBB38CC,東山段,100.00,都市：住
RPWNMLOKJINFFDB48CC,西湳北段,157.72,非都市：特定農業區 ; 非都市編定：甲種建築用地
RPWNMLOKJINFFDB48CC,西湳北段,7.65,非都市：特定農業區 ; 非都市編定：甲種建築用地
RPWNMLOKJINFFDB48CC,西湳北段,7.37,非都市：特定農業區 ; 非都市編定：甲種建築用地
RPWNMLOKJINFFDB48CC,西湳北段,16.87,非都市：特定農業區 ; 非都市編定：甲種建築用地
RPOOMLOKJINFFCB67CC,大墩段,1853.00,都市：住
RPTPMLOKJINFFCB28CC,惠民段,15.48,都市：其他
RPTPMLOKJINFFCB28CC,惠民段,13.79,都市：其他
RPXPMLOKJINFFBB58CC,東山段,70.00,都市：商
RPPPMLOKJINFFBB77CC,松茂段,68.00,都市：住
RPPOMLOKJINFFBB67CC,平田段,.36,都市：住
RPPOMLOKJINFFBB67CC,平田段,.25,都市：住
RPPOMLOKJINFFBB67CC,平田段,.32,都市：住
RPPOMLOKJINFFBB67CC,平田段,.30,都市：住
RPPOMLOKJINFFBB67CC,平田段,.17,都市：住
RPPOMLOKJINFFBB67CC,平田段,.24,都市：住
RPPOMLOKJINFFBB67CC,平田段,.11,都市：住
RPPOMLOKJINFFBB67CC,平田段,.12,都市：住
RPTOMLPKJINFFAB08CC,土庫段,7.78,都市：住
RPUNMLOKJINFFAB97CC,後子段,.00,都市：住
RPUNMLOKJINFFDB28CC,安康段,.00,都市：住
RPUNMLOKJINFFDB28CC,安康段,.00,都市：住
RPUNMLOKJINFFDB28CC,安康段,.00,都市：住
RPSNMLOKJINFFDB08CC,豐中段,835.54,都市：住
RPQQMLPKJINFFAB97CC,下橋子頭段,1.83,都市：商
RPRQMLPKJINFFAB08CC,下橋子頭段,1.81,都市：商
RPROMLOKJINFFFB28CC,南勢坑段埔子小段,13.06,都市：住
RPROMLOKJINFFFB28CC,南勢坑段埔子小段,66.00,都市：住
RPUQMLPKJINFFAB38CC,下橋子頭段,.00,都市：住
RPUQMLPKJINFFAB38CC,下橋子頭段,.00,都市：商
RPTNMLOKJINFFAB87CC,中華段一小段,.00,都市：商
RPTNMLOKJINFFAB87CC,中華段二小段,.00,都市：商
RPWPMLPKJINFFAB48CC,下橋子頭段,.00,都市：住
RPPQMLPKJINFFAB87CC,下橋子頭段,1.65,都市：商
RPQQMLPKJINFFBB08CC,賴厝段,.14,都市：商
RPQQMLPKJINFFBB08CC,邱厝子段,.11,都市：商
RPPQMLPKJINFFBB97CC,賴厝段,.29,都市：商
RPPQMLPKJINFFBB97CC,邱厝子段,.23,都市：商
RPWNMLOKJINFFIB98CC,內新段,.00,都市：商
RPOQMLPKJINFFAB77CC,下橋子頭段,1.83,都市：商
RPTRMLPKJINFFBB48CC,賴厝段,.00,都市：住
RPRQMLPKJINFFBB18CC,賴厝段,2.98,都市：商
RPRQMLPKJINFFBB18CC,邱厝子段,2.39,都市：商
RPVQMLPKJINFFAB48CC,萬安段五小段,.00,都市：住
RPXPMLPKJINFFCB78CC,南屯段,14.86,都市：住
RPRRMLPKJINFFCB38CC,寶文段,.00,非都市： ; 非都市編定：
RPVRMLPKJINFFBB68CC,東峰段,5.84,都市：商
RPWRMLPKJINFFBB78CC,東峰段,9.99,都市：商
RPOSMLPKJINFFBB08CC,松觀段,.00,都市：住
RPOSMLPKJINFFBB08CC,松觀段,.00,都市：住
RPTQMLPKJINFFBB38CC,賴厝段,4.82,都市：商
RPTQMLPKJINFFBB38CC,邱厝子段,3.87,都市：商
RPSQMLPKJINFFBB28CC,賴厝段,.21,都市：商
RPSQMLPKJINFFBB28CC,邱厝子段,.17,都市：商
RPRRMLPKJINFFBB28CC,東山段,.00,都市：住
RPROMLPKJINFFHB58CC,永興段,14.98,都市：商
RPSRMLPKJINFFCB48CC,中正段,5.99,都市：商
RPROMLQKJINFFCB18CC,惠泰段,280.09,都市：住
RPROMLQKJINFFCB18CC,惠泰段,280.08,都市：住
RPSOMLQKJINFFCB28CC,民安段,78.96,都市：住
RPSOMLQKJINFFCB28CC,民安段,16.83,都市：住
RPRSMLPKJINFFBB38CC,北屯段,24.14,都市：住
RPTOMLPKJINFFIB88CC,大仁段,.00,都市：商
RPUOMLQKJINFFCB48CC,西屯段,20.11,都市：住
RPXOMLQKJINFFCB78CC,豐功段,23.56,都市：商
RPTPMLPKJINFFBB38DC,賴厝段,6.42,都市：住
RPWQMLPKJINFFCB78CC,中正段,5.27,都市：商
RPVRMLPKJINFFCB78CC,西屯段,.00,都市：住
RPTRMLPKJINFFCB58CC,廣昌段,.00,都市：住
RPTRMLPKJINFFCB58CC,廣昌段,.00,都市：其他
RPTRMLPKJINFFCB58CC,廣昌段,.00,都市：住
RPQPMLQKJINFFCB18CC,惠來厝段,.00,都市：住
RPRPMLQKJINFFCB28CC,上石碑段,.00,都市：住
RPVNMLQKJINFFBB38CC,青田段,75.00,都市：住
RPROMLPKJINFFIB68CC,新光段,.00,都市：住
RPWNMLQKJINFFBB48CC,青田段,75.00,都市：住
RPRPMLQKJINFFBB18CC,東山段,2058.00,都市：住
RPUPMLQKJINFFBB48CC,文正段,1.00,都市：商
RPUPMLQKJINFFBB48CC,文正段,.33,都市：商
RPUPMLQKJINFFBB48CC,文正段,10.25,都市：商
RPPPMLQKJINFFCB08CC,上石碑段,39.18,都市：住
RPUPMLPKJINFFBB48DC,長安段,21.15,都市：住
RPTOMLQKJINFFAB18CC,後子段,4.04,都市：商
RPTOMLQKJINFFAB18CC,後子段,.75,都市：商
RPSOMLQKJINFFAB08CC,下橋子頭段,3.64,都市：住
RPOPMLQKJINFFAB77CC,頂橋子頭段,.97,都市：住
RPOPMLQKJINFFAB77CC,頂橋子頭段,.30,都市：住
RPOPMLQKJINFFAB77CC,頂橋子頭段,6.10,都市：住
RPOPMLQKJINFFAB77CC,頂橋子頭段,.75,都市：住
RPROMLQKJINFFAB97CC,下橋子頭段,3.64,都市：住
RPPOMLQKJINFFIB58CC,鳳凰段,1564.61,非都市：工業區 ; 非都市編定：丁種建築用地
RPPOMLTKJINFFBB18CC,乾溝子段,11.54,都市：住
RPURMLTKJINFFBB98CC,東義段,42.86,都市：住
RPSNMLTKJINFFAB28CC,公館段,1.29,都市：商
RPSNMLTKJINFFAB28CC,公館段,1.49,都市：商
RPQOMLTKJINFFBB28CC,大觀段,19.84,都市：住
RPPNMLTKJINFFHB68CC,頭張段,13.85,都市：住
RPVOMLKLJINFFDB18CC,豐原段,241.00,都市：商
RPVOMLKLJINFFDB18CC,豐原段,31.00,都市：商
RPXNMLKLJINFFHB68CC,三和段,15.50,都市：住
RPTNMLKLJINFFCB77CC,上石碑段,23.91,都市：商
RPOSMLTKJINFFBB58DC,和平段,165.30,都市：住
RPWNMLQKJINFFDB68CC,豐原段,15.38,都市：住
RPROMLTKJINFFBB38CC,北屯段,4.39,都市：住
RPOOMLQKJINFFDB97CC,豐原段,2.95,都市：商
RPOOMLQKJINFFDB97CC,豐原段,.62,都市：商
RPSOMLTKJINFFBB48CC,文正段,8.93,都市：商
RPXNMLQKJINFFDB78CC,大社東段,1.61,都市：住
RPXNMLQKJINFFDB78CC,大社東段,7.62,都市：住
RPOPMLLLJINFFAB37CC,城隍段五小段,57.00,都市：住
RPWOMLLLJINFFAB08CC,下橋子頭段,12.29,都市：住
RPWPMLLLJINFFAB18CC,頂橋子頭段,2.32,都市：住
RPWPMLLLJINFFAB18CC,信義段九小段,12.29,都市：住
RPSPMLLLJINFFAB77CC,樹子腳段,5.80,都市：住
RPPOMLLLJINFFAB37CC,樹子腳段,.21,都市：住
RPPOMLLLJINFFAB37CC,樹子腳段,.04,都市：住
RPPOMLLLJINFFAB37CC,樹子腳段,12.57,都市：住
RPSOMLLLJINFFAB67CC,忠孝段六小段,1.80,都市：住
RPSOMLLLJINFFAB67CC,花園段六小段,7.55,都市：住
RPXOMLLLJINFFDB48CC,豐圳段,16.93,都市：住
RPVNMLLLJINFFDB18CC,三角西段,2.62,都市：住
RPVNMLLLJINFFDB18CC,三角西段,22.02,都市：住
RPVNMLLLJINFFDB18CC,三角西段,71.00,都市：住
RPVNMLLLJINFFAB87CC,下橋子頭段,4.89,都市：商
RPVNMLLLJINFFAB87CC,下橋子頭段,7.12,都市：商
RPOQMLLLJINFFCB67CC,寶山段,14.48,都市：住
RPQPMLLLJINFFCB77CC,三塊厝段,15.98,都市：住
RPSQMLLLJINFFCB08CC,大進段,9.18,都市：住
RPSQMLLLJINFFCB08CC,大進段,10.49,都市：住
RPXNMLLLJINFFCB28CC,中義段,15.15,都市：住
RPXNMLLLJINFFCB28CC,中義段,3.97,都市：住
RPROMLLLJINFFDB87CC,岸裡段,12.86,都市：住
RPWNMLLLJINFFBB08CC,平田段,1.01,都市：住
RPROMLLLJINFFBB67CC,大觀段,23.37,都市：住
RPVOMLLLJINFFBB08CC,錦村段,61.00,都市：住
RPUNMLLLJINFFAB77CC,尚武段,21.00,都市：住
RPXNMLLLJINFFBB18CC,東義段,3.70,都市：住
RPSOMLKLJINFFBB67CC,東山段,7.96,都市：商
RPXPMLLLJINFFBB38CC,賴厝段,21.52,都市：住
RPQNMLLLJINFFBB47CC,邱厝子段,17.13,都市：住
RPXOMLLLJINFFFB68CC,銀聯段,48.06,都市：住
RPRNMLLLJINFFIB28CC,新榮和段,94.00,都市：住
RPTNMLLLJINFFIB48CC,大峰段,65.10,都市：住
RPROMLLLJINFFIB38CC,益民段,28.05,都市：住
RPOOMLLLJINFFBB37CC,松茂段,22.72,都市：住
RPPOMLLLJINFFBB47CC,仁美段,84.00,都市：商
RPPQMLLLJINFFCB77CC,中和段,10.98,都市：商
RPSOMLLLJINFFIB48CC,大元段,16.92,都市：住
RPOOMLMLJINFFBB47CC,賴厝段,2.97,都市：商
RPOOMLMLJINFFBB47CC,邱厝子段,2.39,都市：商
RPSNMLLLJINFFHB28CC,興華段,13.76,都市：住
RPPOMLLLJINFFIB18CC,九德段,20.68,都市：住
RPQPMLMLJINFFBB77CC,同榮段,80.00,都市：住
RPXOMLLLJINFFIB98CC,新仁段,38.00,都市：住
RPUQMLMLJINFFBB28CC,賴厝段,3.64,都市：住
RPUQMLMLJINFFBB28CC,賴厝段,4.27,都市：住
RPPQMLMLJINFFBB77CC,賴厝段,3.64,都市：住
RPPQMLMLJINFFBB77CC,賴厝段,4.27,都市：住
RPXNMLLLJINFFIB88CC,武德段,28.05,都市：住
RPQRMLMLJINFFBB97CC,中德段,28.65,都市：住
RPXQMLMLJINFFCB68CC,大明段,42.82,都市：住
RPXOMLMLJINFFBB38CC,東義段,3.70,都市：住
RPORMLMLJINFFCB87CC,田心段,9.43,都市：住
RPUOMLMLJINFFBB08CC,東義段,3.70,都市：住
RPQNMLLLJINFFJB28CC,新高段,10.46,都市：住
RPUPMLMLJINFFBB18CC,乾溝子段,24.50,都市：住
RPVRMLMLJINFFCB58CC,中正段,6.72,都市：商
RPVNMLMLJINFFAB97CC,半平厝段,6.07,都市：住
RPVNMLMLJINFFAB97CC,半平厝段,2.00,都市：住
RPWOMLMLJINFFIB98CC,新仁段,22.51,都市：住
RPOPMLMLJINFFIB28CC,喬城段,23.19,都市：住
RPROMLMLJINFFAB67CC,公館段,1.28,都市：商
RPROMLMLJINFFAB67CC,公館段,1.48,都市：商
RPVOMLMLJINFFIB88CC,新甲段,70.96,都市：住
RPTNMLMLJINFFAB77CC,下橋子頭段,11.51,都市：住
RPPOMLNLJINFFAB57CC,麻園頭段,15.28,都市：住
RPTRMLMLJINFFCB38CC,中正段,6.28,都市：商
RPTOMLMLJINFFCB18DC,三塊厝段,91.94,都市：住
RPXRMLMLJINFFCB78CC,豐功段,418.71,都市：住
RPPOMLMLJINFFHB18CC,頭家段,35.32,都市：住
RPXNMLMLJINFFBB28CC,東正段,90.00,都市：住
RPUQMLNLJINFFAB28CC,麻園頭段,11.77,都市：住
RPORMLNLJINFFAB77CC,頂橋子頭段,.00,都市：住
RPQRMLNLJINFFAB97CC,樹子腳段,63.00,都市：住
RPXPMLNLJINFFAB48CC,後子段,20.07,都市：住
RPXPMLNLJINFFAB48CC,後子段,3.04,都市：住
RPVNMLNLJINFFDB38CC,安康段,8.15,都市：住
RPQPMLNLJINFFAB77CC,後子段,2.70,都市：住
RPSNMLNLJINFFDB08CC,圳前段,29.25,都市：住
RPXQMLMLJINFFBB58CC,水源段,4.21,都市：住
RPXQMLMLJINFFBB58CC,水源段,3.03,都市：住
RPXNMLNLJINFFCB48CC,廣明段,9.64,都市：住
RPOPMLNLJINFFCB77CC,惠來厝段,4.25,都市：住
RPXOMLMLJINFFHB98CC,大明段,24.87,都市：住
RPSPMLNLJINFFCB18CC,保安段,40.38,都市：住
RPPOMLNLJINFFCB77CC,三塊厝段,18.61,都市：住
RPOPMLMLJINFFBB57CC,東山段,20.28,都市：住
RPVPMLNLJINFFCB48CC,安和段,2467.13,都市：工
RPOPMLNLJINFFDB87CC,豐原段,296.27,都市：住
RPWOMLNLJINFFDB58CC,北陽段,13.91,都市：住
RPPQMLNLJINFFCB97CC,惠信段,12.27,都市：住
RPRQMLNLJINFFCB18CC,大新段,.00,都市：住
RPRQMLNLJINFFCB18CC,大新段,.00,都市：住
RPXUMLNLJINFFBB09CC,東峰段,10.07,都市：商
RPOQMLNLJINFFCB87CC,中正段,6.24,都市：商
RPQNMLNLJINFFBB67CC,太原段,16.42,都市：住
RPWSMLNLJINFFBB78CC,東峰段,10.29,都市：商
RPVOMLNLJINFFAB18CC,公館段,1.39,都市：住
RPVOMLNLJINFFAB18CC,公館段,1.20,都市：住
RPUNMLNLJINFFKB98CC,新興段,213.62,非都市：鄉村區 ; 非都市編定：乙種建築用地
RPVOMLNLJINFFBB28CC,松觀段,24.89,都市：住
RPRQMLNLJINFFBB08CC,東山段,18.29,都市：住
RPUOMLNLJINFFCB38DC,大墩段,13.85,都市：住
RPQNMLNLJINFFHB28CC,家興段,22.76,都市：住
RPPOMLNLJINFFBB67CC,文正段,19.44,都市：住
RPOOMLNLJINFFDB77CC,望寮段,264.46,都市：工
RPPNMLQLJINFFJB68CC,育賢段,131.33,都市：住
RPVPMLQLJINFFCB78CC,大墩段,16.97,都市：住
RPQNMLOLJINFFBB77CC,松茂段,83.00,都市：住
RPTNMLQLJINFFJB56DC,宜欣段,5.02,都市：住
RPUPMLRLJINFFCB78CC,上石碑段,.00,都市：商
RPSQMLNLJINFFCB28CC,中和段,.00,都市：商
RPOOMLRLJINFFAB87CC,後子段,50.97,都市：住
RPSNMLNLJINFFKB78CC,藝術段,45.97,都市：住
RPOPMLRLJINFFCB18CC,惠順段,120.68,都市：住
RPOPMLRLJINFFCB18CC,惠順段,23.81,都市：住
RPROMLSLJINFFCB48CC,西屯段,.00,都市：住
RPROMLSLJINFFCB48CC,西屯段,.00,都市：住
RPTNMLNLJINFFJB78CC,太平段,38.06,都市：住
RPTNMLOLJINFFCB18CC,廣昌段,33.83,都市：住
RPTOMLSLJINFFCB68CC,西屯段,.00,都市：住
RPTOMLSLJINFFCB68CC,西屯段,.00,都市：住
RPUOMLSLJINFFCB78CC,西屯段,.00,都市：住
RPUOMLSLJINFFCB78CC,西屯段,.00,都市：住
RPWOMLSLJINFFCB98CC,西屯段,.00,都市：住
RPWOMLSLJINFFCB98CC,西屯段,.00,都市：住
RPQQMLSLJINFFBB48CC,陳平段,.07,都市：住
RPQQMLSLJINFFBB48CC,陳平段,5.79,都市：住
RPQQMLSLJINFFBB48CC,陳平段,12.94,都市：住
RPQQMLSLJINFFBB48CC,陳平段,.04,都市：住
RPVPMLSLJINFFCB98CC,惠民段,11.59,都市：其他
RPSNMLTLJINFFBB48CC,東正段,47.97,都市：住
RPOPMLSLJINFFAB08CC,麻園頭段,.00,都市：住
RPSQMLTLJINFFBB78CC,長安段,14.40,都市：住
RPTNMLTLJINFFCB68CC,惠民段,12.73,都市：其他
RPRNMLSLJINFFDB48CC,豐南段,272.50,都市：商
RPVNMLTLJINFFCB88CC,惠民段,14.32,都市：其他
RPSNMLQLJINFFJB09DC,宜欣段,8.93,都市：住
RPUQMLTLJINFFBB98CC,錦村段,31.74,都市：住
RPTNMLSLJINFFJB66CC,宜欣段,27.78,都市：住
RPXOMLSLJINFFCB09CC,惠國段,13.70,都市：其他
RPXOMLSLJINFFCB09CC,惠國段,12.33,都市：其他
RPVOMLTLJINFFCB98CC,惠民段,20.23,都市：其他
RPXOMLTLJINFFCB56CC,惠民段,6.85,都市：其他
RPOOMLTLJINFFCB28CC,福安段,18.25,都市：住
RPPPMLTLJINFFCB48CC,惠民段,20.94,都市：其他
RPRPMLTLJINFFCB68CC,惠民段,14.21,都市：其他
RPQQMLTLJINFFBB58CC,錦村段,20.92,都市：住
RPURMLTLJINFFCB56CC,惠民段,12.73,都市：其他
RPXQMLTLJINFFCB76CC,惠民段,12.94,都市：其他
RPORMLTLJINFFCB58CC,惠民段,32.02,都市：其他
RPWQMLTLJINFFCB66CC,福安段,11.57,都市：住
RPWRMLTLJINFFCB76CC,惠民段,11.59,都市：其他
RPVPMLTLJINFFCB09CC,何厝段,18.56,都市：商
RPPQMLTLJINFFCB58CC,惠民段,13.66,都市：其他
RPOSMLTLJINFFCB68CC,惠民段,11.62,都市：其他
RPWSMLTLJINFFCB86CC,惠民段,12.73,都市：其他
RPWTMLTLJINFFCB96CC,惠民段,17.78,都市：其他
RPUVMLTLJINFFCB96CC,何厝段,7.88,都市：住
RPTOMLTLJINFFJB86CC,平欣段,7.60,都市：住
RPQPMLKMJINFFCB77CC,國安段,30.42,都市：住
RPRPMLKMJINFFCB87CC,上石碑段,4.69,都市：住
RPROMLKMJINFFCB77CC,福星段,34.03,都市：住
RPRNMLKMJINFFBB57CC,軍福段,134.90,都市：住
RPTVMLTLJINFFCB86CC,上石碑段,34.00,都市：住
RPRTMLTLJINFFCB09CC,惠民段,10.87,都市：其他
RPVNMLTLJINFFAB68CC,公館段,2.56,都市：商
RPQNMLTLJINFFAB18CC,樹子腳段,.00,都市：住
RPVNMLTLJINFFAB68CC,公館段,1.51,都市：商
RPQNMLTLJINFFAB18CC,樹子腳段,.00,都市：其他
RPVNMLTLJINFFAB68CC,公館段,1.68,都市：商
RPQPMLKMJINFFAB57CC,後子段,5.10,都市：住
RPQPMLKMJINFFAB57CC,後子段,10.21,都市：住
RPRPMLTLJINFFAB48CC,後子段,9.19,都市：住
RPRPMLTLJINFFAB48CC,後子段,10.98,都市：住
RPRPMLTLJINFFAB48CC,後子段,8.18,都市：住
RPTPMLNJKINFFCB18CC,中和段,89.00,都市：住
RPRNMLKMJINFFHB18CC,大新段,64.31,都市：住
RPTQMLKMJINFFBB08CC,東光段,18.30,都市：住
RPQQMLKMJINFFBB77CC,東義段,3.70,都市：住
RPUNMLNJKINFFHB58CC,大豐段,167.99,都市：住
RPWNMLOJKINFFAB18CC,麻園頭段,33.39,都市：住
RPQNMLKMJINFFIB28DC,吉隆段,82.76,都市：住
RPVQMLNJKINFFCB48CC,惠安段,.00,都市：商
RPSNMLNJKINFFDB97CC,福隆段,545.50,都市：工
RPSNMLNJKINFFDB97CC,福隆段,545.50,都市：工
RPVNMLNJKINFFHB68CC,自立段,1604.00,都市：工
RPPPMLOJKINFFCB87CC,保安段,12.80,都市：住
RPRNMLOJKINFFBB77CC,乾溝子段,7.44,都市：住
RPVQMLKMJINFFBB28CC,文正段,4.69,都市：住
RPWPMLNJKINFFAB28CC,大益段,.00,都市：住
RPVQMLKMJINFFBB28CC,文正段,.82,都市：住
RPUOMLTLJINFFBB78CC,中清段,24.96,都市：住
RPPPMLOJKINFFBB77CC,東峰段,31.98,都市：住
RPTPMLOJKINFFBB18CC,賴厝段,.21,都市：商
RPTPMLOJKINFFBB18CC,邱厝子段,.17,都市：商
RPXPMLOJKINFFBB58CC,東峰段,5.92,都市：商
RPWPMLOJKINFFBB48CC,東峰段,9.74,都市：商
RPVPMLNJKINFFAB18CC,正義段五小段,.00,都市：商
RPOPMLOJKINFFCB77CC,三塊厝段,2.30,都市：住
RPSPMLOJKINFFBB08CC,邱厝子段,.00,非都市： ; 非都市編定：
RPXNMLPJKINFFAB38CC,下橋子頭段,1.83,都市：商
RPUNMLPJKINFFAB08CC,下橋子頭段,5.96,都市：商
RPOOMLOJKINFFCB67CC,上石碑段,4.00,都市：商
RPOOMLOJKINFFCB67CC,上石碑段,3.57,都市：商
RPWNMLOJKINFFJB09CC,中華段,241.71,非都市：鄉村區 ; 非都市編定：乙種建築用地
RPRPMLPJKINFFBB08CC,太順段,22.15,都市：住
RPVOMLPJKINFFBB38CC,乾溝子段,50.00,都市：住
RPVOMLPJKINFFBB38CC,乾溝子段,28.00,都市：住
RPVOMLPJKINFFBB38CC,乾溝子段,11.00,都市：住
RPSPMLPJKINFFCB28CC,下石碑段,29.19,都市：住
RPOOMLPJKINFFCB77CC,惠民段,.00,都市：其他
RPTOMLPJKINFFCB28CC,惠民段,.00,都市：其他
RPRQMLQJKINFFAB18CC,麻園頭段,257.00,都市：住
RPRQMLQJKINFFAB18CC,麻園頭段,1.00,都市：其他
RPUQMLQJKINFFAB48CC,公館段,1.27,都市：商
RPUQMLQJKINFFAB48CC,公館段,1.47,都市：商
RPWOMLPJKINFFFB88CC,田寮段橋頭小段,15.00,都市：住
RPWOMLPJKINFFFB88CC,田寮段橋頭小段,120.00,都市：住
RPXPMLQJKINFFCB88CC,大新段,15.44,都市：住
RPXPMLQJKINFFCB88CC,大新段,26.99,都市：住
RPRRMLQJKINFFBB38CC,軍福段,317.70,都市：住
RPROMLPJKINFFKB88CC,新興段,.00,非都市：鄉村區 ; 非都市編定：乙種建築用地
RPQQMLQJKINFFAB08CC,下橋子頭段,12.64,都市：住
RPOQMLQJKINFFAB87CC,後子段,14.77,都市：住
RPOQMLQJKINFFAB87CC,後子段,14.77,都市：住
RPURMLQJKINFFBB68CC,松竹段,33.63,都市：住
RPORMLQJKINFFBB08CC,北屯段,14.76,都市：住
RPTRMLQJKINFFBB58CC,軍福段,296.59,都市：住
RPXRMLQJKINFFBB98CC,邱厝子段,27.82,都市：住
RPTNMLPJKINFFIB78CC,東湖段,88.89,都市：其他
RPTNMLPJKINFFIB78CC,東湖段,252.03,都市：其他
RPTNMLPJKINFFIB78CC,東湖段,239.93,都市：其他
RPTNMLPJKINFFIB78CC,東湖段,202.74,都市：其他
RPTNMLPJKINFFIB78CC,東湖段,195.04,都市：其他
RPTNMLPJKINFFIB78CC,東湖段,136.29,都市：其他
RPVQMLQJKINFFBB68CC,乾溝子段,585.00,都市：其他
RPPQMLQJKINFFCB18CC,上石碑段,5.33,都市：住
RPWNMLQJKINFFFB88CC,公館北段,19.02,都市：住
RPSRMLQJKINFFBB48CC,東信段,26.87,都市：住
RPWNMLQJKINFFFB88CC,公館北段,6.12,都市：住
RPVQMLQJKINFFAB58CC,信義段八小段,3.05,都市：住
RPUNMLQJKINFFHB88CC,大新段,15.84,都市：住
RPPRMLRJKINFFBB28CC,文正段,5.33,都市：住
RPQRMLRJKINFFBB38CC,賴厝段,15.30,都市：住
RPUQMLRJKINFFBB68CC,邱厝子段,.00,非都市： ; 非都市編定：
RPUQMLRJKINFFBB68CC,邱厝子段,.00,非都市： ; 非都市編定：
RPUQMLRJKINFFBB68CC,邱厝子段,.00,非都市： ; 非都市編定：
RPUQMLRJKINFFBB68CC,邱厝子段,.00,非都市： ; 非都市編定：
RPUQMLRJKINFFBB68CC,邱厝子段,.00,非都市： ; 非都市編定：
RPUQMLRJKINFFBB68CC,邱厝子段,.00,非都市： ; 非都市編定：
RPUQMLRJKINFFBB68CC,邱厝子段,.00,非都市： ; 非都市編定：
RPUQMLRJKINFFBB68CC,邱厝子段,.00,非都市： ; 非都市編定：
RPTNMLQJKINFFFB58CC,銀聯段,67.00,都市：住
RPTNMLQJKINFFFB58CC,銀聯段,18.00,都市：住
RPXNMLQJKINFFFB98CC,銀聯段,104.00,都市：住
RPXRMLRJKINFFBB09CC,東正段,20.67,都市：住
RPVNMLQJKINFFFB78CC,三田段,738.00,都市：農
RPRRMLRJKINFFBB48CC,錦村段,25.20,都市：住
RPWRMLRJKINFFBB98CC,東山段,1.77,都市：住
RPWRMLQJKINFFBB88CC,松觀段,.00,都市：住
RPXNMLRJKINFFCB78CC,廣明段,5.74,都市：住
RPTOMLRJKINFFAB28CC,後子段,25.89,都市：住
RPQOMLQJKINFFJB78CC,平欣段,12.86,都市：住
RPQOMLQJKINFFIB68CC,益民段,31.47,都市：住
RPWNMLRJKINFFCB68CC,廣昌段,23.48,都市：住
RPXNMLRJKINFFFB09CC,市鎮北段,12.45,都市：住
RPPNMLSJKINFFAB87CC,下橋子頭段,3.51,都市：商
RPRPMLRJKINFFAB18CC,尚武段,15.41,都市：住
RPRPMLRJKINFFAB18CC,尚武段,14.58,都市：住
RPWNMLRJKINFFHB56CC,甘潭段,16.02,都市：住
RPOOMLRJKINFFHB48CC,自立段,23.97,都市：住
RPVNMLRJKINFFJB66CC,平欣段,14.04,都市：住
RPVPMLKKKINFFCB18CC,上石碑段,.00,都市：住
RPUPMLKKKINFFCB08CC,黎明段,.00,都市：住
RPUPMLRJKINFFIB66CC,溪南西段,28.69,非都市：鄉村區 ; 非都市編定：乙種建築用地
RPWNMLSJKINFFCB78CC,惠智段,196.63,都市：住
RPPQMLKKKINFFCB67CC,西屯段,9.72,都市：住
RPQQMLKKKINFFCB77CC,西屯段,9.72,都市：住
RPUOMLKKKINFFBB87CC,東山段,.00,都市：住
RPXNMLRJKINFFAB58CC,忠孝段六小段,4.08,都市：住
RPXNMLRJKINFFAB58CC,忠孝段六小段,5.03,都市：住
RPXNMLRJKINFFAB58CC,忠孝段六小段,4.19,都市：住
RPSNMLRJKINFFIB88CC,人和段,30.96,都市：住
RPTNMLRJKINFFKB56CC,新庄段,20.65,非都市：鄉村區 ; 非都市編定：乙種建築用地
RPPPMLKKKINFFBB47CC,賴厝段,2.91,都市：商
RPPPMLKKKINFFBB47CC,邱厝子段,2.33,都市：商
RPOOMLRJKINFFIB58CC,九如段,116.74,都市：住
RPVPMLKKKINFFBB08CC,賴厝段,3.56,都市：商
RPUPMLKKKINFFBB97CC,賴厝段,.14,都市：商
RPVPMLKKKINFFBB08CC,邱厝子段,2.86,都市：商
RPUPMLKKKINFFBB97CC,邱厝子段,.11,都市：商
RPUOMLKKKINFFJB68CC,番子路段,.00,都市：住
RPQPMLKKKINFFBB57CC,賴厝段,2.91,都市：商
RPQPMLKKKINFFBB57CC,邱厝子段,2.33,都市：商
RPRQMLKKKINFFCB87CC,惠國段,.00,都市：其他
RPSNMLLKKINFFAB57CC,下橋子頭段,1.76,都市：商
RPRPMLKKKINFFBB67CC,賴厝段,4.82,都市：商
RPRPMLKKKINFFBB67CC,邱厝子段,3.87,都市：商
RPSNMLKKKINFFDB77CC,豐原段,45.00,都市：商
RPSPMLLKKINFFCB97CC,黎明段,13.25,都市：住
RPUOMLLKKINFFCB08CC,寶文段,12027.17,都市：工
RPUOMLLKKINFFCB08CC,寶文段,8042.48,都市：工
RPQNMLLKKINFFHB08CC,四德段,99.00,都市：住
RPUNMLLKKINFFDB08CC,三豐段,224.57,都市：住
RPQOMLLKKINFFCB67CC,順和段,925.62,都市：工
RPRRMLMKKINFFCB18CC,福安段,34.76,都市：住
RPRNMLKKKINFFAB37CC,旱清段,.00,非都市： ; 非都市編定：
RPOOMLKKKINFFIB97CC,新榮和段,93.99,都市：住
RPSONLMKKINFFBB97CC,文正段,.00,都市：住
RPQTMLMKKINFFBB18CC,東義段,.00,都市：住
RPROMLLKKINFFBB77DC,崇德段,95.48,都市：住
RPROMLLKKINFFBB77DC,崇德段,10.19,都市：住
RPRSMLMKKINFFBB18CC,錦村段,.00,都市：住
RPRNMLLKKINFFAB47CC,下橋子頭段,1.83,都市：商
RPVRMLMKKINFFCB58CC,中正段,8.77,都市：商
RPURMLMKKINFFCB48CC,中正段,10.18,都市：商
RPTNMLLKKINFFAB67CC,振興段,29.01,都市：住
RPWQMLMKKINFFAB38CC,平民段八小段,13.48,都市：住
RPVNNLMKKINFFBB18CC,平田段,6.76,都市：住
RPOPNLMKKINFFBB67CC,錦村段,10.79,都市：住
RPQPNLMKKINFFBB87CC,錦村段,11.42,都市：住
RPWNMLMKKINFFAB08CC,萬安段九小段,.00,都市：住
RPXPNLMKKINFFBB58CC,東峰段,11.80,都市：商
RPOQNLMKKINFFBB77CC,錦村段,10.15,都市：住
RPPRMLMKKINFFAB77CC,下橋子頭段,.00,都市：住
RPUOMLNKKINFFAB08CC,下橋子頭段,16.20,都市：住
RPWNMLMKKINFFFB58CC,晉江北段,2.31,都市：住
RPSOMLLKKINFFAB77DC,大益段,12.23,都市：住
RPSOMLLKKINFFAB77DC,大益段,9.40,都市：住
RPSOMLLKKINFFAB77DC,大益段,4.41,都市：住
RPWNMLMKKINFFFB58CC,晉江北段,2.30,都市：住
RPWNMLMKKINFFFB58CC,晉江北段,.47,都市：住
RPWNMLMKKINFFFB58CC,晉江北段,1.39,都市：住
RPSOMLNKKINFFBB97CC,乾溝子段,.00,都市：住
RPTNMLMKKINFFIB58CC,立仁段,.00,非都市：鄉村區 ; 非都市編定：乙種建築用地
RPRNMLNKKINFFDB97CC,豐原段,40.00,都市：商
RPWOMLNKKINFFAB28CC,大益段,.00,都市：住
RPPQNLMKKINFFBB87CC,錦村段,5.21,都市：住
RPVNMLMKKINFFFB48CC,晉江北段,2.31,都市：住
RPVNMLMKKINFFFB48CC,晉江北段,2.30,都市：住
RPVNMLMKKINFFFB48CC,晉江北段,.47,都市：住
RPVNMLMKKINFFFB48CC,晉江北段,1.39,都市：住
RPVPMLNKKINFFBB38CC,同榮段,.00,都市：住
RPTPMLNKKINFFBB18CC,賴厝段,.00,都市：住
RPSNMLNKKINFFCB97CC,福安段,47.92,都市：住
RPPOMLNKKINFFAB57CC,中墩段三小段,42.50,都市：住
RPVOMLNKKINFFBB28CC,松昌段,15.95,都市：住
RPQOMLNKKINFFCB87CC,大進段,296.00,都市：住
RPQOMLNKKINFFCB87CC,大進段,770.00,都市：住
RPQOMLNKKINFFCB87CC,大進段,196.00,都市：住
RPQOMLNKKINFFCB87CC,大進段,747.00,都市：住
RPQOMLNKKINFFCB87CC,大進段,604.00,都市：住
RPQQMLOKKINFFCB18CC,順和段,.00,都市：住
RPVPMLOKKINFFCB58CC,寶文段,.00,非都市： ; 非都市編定：
RPWPMLOKKINFFBB58CC,賴厝段,2.96,都市：商
RPWPMLOKKINFFBB58CC,邱厝子段,2.38,都市：商
RPUOMLOKKINFFAB18CC,旱新段,16.13,都市：商
RPVOMLOKKINFFAB28CC,東勢子段,27.00,都市：住
RPWOMLNKKINFFCB48CC,惠安段,82.17,都市：住
RPWOMLNKKINFFCB48CC,惠安段,21.91,都市：住
RPVPMLRKKINFFAB68CC,下橋子頭段,9.47,都市：住
RPXPMLRKKINFFAB88CC,樹子腳段,2.93,都市：住
RPXPMLRKKINFFAB88CC,樹子腳段,1.51,都市：住
RPXPMLRKKINFFAB88CC,樹子腳段,.41,都市：住
RPUOMLRKKINFFAB48CC,麻園頭段,18.11,都市：住
RPPQMLOKKINFFBB97CC,賴厝段,2.90,都市：商
RPPQMLOKKINFFBB97CC,邱厝子段,2.33,都市：商
RPOTMLRKKINFFBB48CC,賴厝段,2.22,都市：住
RPOTMLRKKINFFBB48CC,賴厝段,2.61,都市：住
RPQQMLOKKINFFBB08CC,賴厝段,4.28,都市：商
RPQQMLOKKINFFBB08CC,邱厝子段,3.43,都市：商
RPVPMLOKKINFFBB48CC,賴厝段,.22,都市：商
RPVPMLOKKINFFBB48CC,邱厝子段,.28,都市：商
RPUPMLOKKINFFIB09CC,向學段,73.82,都市：住
RPSQMLRKKINFFCB68CC,西屯段,19.83,都市：住
RPWSMLRKKINFFBB56CC,太順段,5.20,都市：住
RPOQMLOKKINFFBB87CC,賴厝段,.29,都市：商
RPOQMLOKKINFFBB87CC,邱厝子段,.23,都市：商
RPVQMLRKKINFFCB98CC,大新段,16.31,都市：住
RPWQMLRKKINFFCB09CC,廣昌段,14.47,都市：住
RPRPMLRKKINFFFB88DC,民權段,196.00,都市：住
RPPPMLRKKINFFCB28CC,何厝段,39.00,都市：商
RPPPMLRKKINFFCB28CC,何厝段,66.00,都市：商
RPPPMLRKKINFFCB28CC,何厝段,61.00,都市：商
RPXNMLSKKINFFCB98CC,田心段,308.40,都市：住
RPXQMLRKKINFFCB56CC,順和段,15.83,都市：住
RPUPMLRKKINFFFB09CC,福興段,15.25,都市：住
RPTPMLRKKINFFFB98CC,福興段,15.25,都市：住
RPSPMLRKKINFFFB88CC,沙鹿段斗抵小段,26.60,都市：住
RPVRMLSKKINFFCB56CC,中正段,5.99,都市：商
RPXRMLSKKINFFCB76CC,上石碑段,479.00,都市：其他
RPUVMLSKKINFFBB76CC,水源段,.00,都市：商
RPUVMLSKKINFFBB76CC,水源段,.00,都市：商
RPWRMLSKKINFFCB66CC,中正段,5.51,都市：商
RPUPMLRKKINFFCB78CC,安和段,3326.00,都市：工
RPXOMLTKKINFFBB09CC,昌平段,21.15,都市：住
RPPPMLTKKINFFBB38CC,北屯段,16.30,都市：其他
RPRPMLTKKINFFBB58CC,中清段,31.55,都市：住
RPVSMLRKKINFFBB09CC,建業段,20.33,都市：住
RPQPMLTKKINFFBB48CC,平田段,12.57,都市：住
RPWOMLTKKINFFCB09CC,惠民段,9.70,都市：其他
RPOOMLTKKINFFDB48DC,朝陽段,361.56,都市：其他
RPOOMLTKKINFFDB48DC,朝陽段,685.86,都市：其他
RPOOMLTKKINFFDB48DC,朝陽段,495.49,都市：其他
RPOOMLTKKINFFDB48DC,朝陽段,306.67,都市：其他
RPRNMLTKKINFFFB78CC,南勢坑段埔子小段,22.46,都市：住
RPRNMLTKKINFFFB78CC,南勢坑段埔子小段,49.00,都市：住
RPPNMLTKKINFFFB58CC,南勢坑段埔子小段,38.45,都市：住
RPPNMLTKKINFFFB58CC,南勢坑段埔子小段,45.00,都市：住
RPXOMLTKKINFFFB86CC,晉江北段,2.31,都市：住
RPXOMLTKKINFFFB86CC,晉江北段,2.30,都市：住
RPXOMLTKKINFFFB86CC,晉江北段,.47,都市：住
RPXOMLTKKINFFFB86CC,晉江北段,1.39,都市：住
RPRNMLTKKINFFKB66CC,藝術段,25.35,都市：住
RPPOMLTKKINFFCB38CC,國安段,484.87,都市：住
RPTNMLTKKINFFIB66CC,美群段,83.94,非都市：鄉村區 ; 非都市編定：乙種建築用地
RPVPMLTKKINFFAB88CC,半平厝段,.00,都市：住
RPVPMLTKKINFFAB88CC,半平厝段,.00,都市：其他
RPQNMLTKKINFFKB56CC,永順段,385.45,非都市：一般農業區 ; 非都市編定：丙種建築用地
RPVOMLKLKINFFAB97CC,麻園頭段,7.13,都市：商
RPXOMLKLKINFFAB18CC,旱新段,11.14,都市：商
RPOOMLKLKINFFAB27CC,繼光段五小段,.00,非都市： ; 非都市編定：
RPOOMLKLKINFFAB27CC,繼光段五小段,.00,非都市： ; 非都市編定：
RPPOMLKLKINFFAB37CC,大益段,.00,都市：住
RPPNMLTKKINFFKB09CC,新東段,3.58,非都市：鄉村區 ; 非都市編定：乙種建築用地
RPUNMLKLKINFFCB97CC,惠民段,6.32,都市：其他
RPOOMLKLKINFFCB47CC,惠順段,101.31,都市：住
RPPOMLKLKINFFCB57CC,惠民段,18.39,都市：其他
RPWOMLKLKINFFAB08CC,萬安段八小段,36.42,都市：住
RPQOMLKLKINFFCB67CC,惠智段,89.45,都市：住
RPOPMLKLKINFFAB37CC,旱新段,14.36,都市：商
RPPPMLKLKINFFCB67CC,永春段,336.76,都市：住
RPSRMLKLKINFFBB08CC,太和段,.00,都市：住
RPSRMLKLKINFFBB08CC,太和段,.00,都市：住
RPSSMLKLKINFFBB18CC,太原段,13.14,都市：住
RPOQMLKLKINFFCB67CC,順和段,14.74,都市：住
RPTSMLKLKINFFBB28CC,賴厝段,3.64,都市：住
RPTSMLKLKINFFBB28CC,賴厝段,4.27,都市：住
RPSPMLKLKINFFCB97CC,惠民段,21.48,都市：其他
RPUSMLKLKINFFBB38CC,東新段,10.17,都市：住
RPOPMLKLKINFFCB57CC,惠民段,14.66,都市：其他
RPVOMLKLKINFFCB18CC,惠民段,15.76,都市：其他
RPSRMLLLKINFFBB18CC,陳平段,21.00,都市：商
RPSRMLLLKINFFBB18CC,陳平段,5.00,都市：商
RPUTMLLLKINFFBB58CC,水湳段,.00,都市：住
RPTNMLLLKINFFAB77CC,公館段,1.26,都市：住
RPTNMLLLKINFFAB77CC,公館段,1.09,都市：住
RPPOMLLLKINFFAB47CC,公館段,37.46,都市：商
RPXPMLKLKINFFCB48CC,中和段,70.75,都市：商
RPUOMLKLKINFFCB08CC,惠義段,3249.05,都市：住
RPQNMLMLKINFFAB57CC,下橋子頭段,35.75,都市：住
RPROMLKLKINFFCB77CC,中義段,1502.00,都市：住
RPSOMLKLKINFFCB87CC,國安段,5354.38,都市：住
RPVOMLLLKINFFCB28CC,中正段,1550000.00,都市：商
RPUOMLLLKINFFCB18CC,福和段,103.38,都市：住
RPUOMLLLKINFFCB18CC,福和段,13.33,都市：住
RPUOMLLLKINFFCB18CC,福和段,15.44,都市：住
RPWOMLMLKINFFBB38CC,賴厝段,45.25,都市：住
RPPQMLMLKINFFBB87CC,東峰段,19.18,都市：住
RPPQMLMLKINFFCB97CC,西屯段,.00,都市：住
RPWPMLMLKINFFBB48CC,錦村段,83.00,都市：住
RPWOMLMLKINFFAB28CC,旱溪段,77.00,都市：住
RPQQMLMLKINFFBB97CC,東峰段,19.18,都市：住
RPUOMLMLKINFFBB28DC,中興段,7.77,都市：住
RPPNMLNLKINFFCB77CC,保安段,61.53,都市：住
RPVNMLOLKINFFBB38CC,東峰段,25.31,都市：住
RPPNMLNLKINFFCB77CC,保安段,4.69,都市：住
RPXNMLOLKINFFBB58CC,東峰段,25.31,都市：住
RPSNMLMLKINFFJB68CC,新福段,66.80,都市：住
RPPOMLOLKINFFBB87CC,賴厝段,31.00,都市：住
RPSQMLMLKINFFBB18CC,東峰段,19.18,都市：住
RPVNMLOLKINFFAB28CC,樹子腳段,101.75,都市：住
RPWNMLOLKINFFAB38CC,土庫段,71.88,都市：住
RPUOMLLLKINFFAB97CC,土庫段,.00,都市：住
RPUOMLOLKINFFBB38CC,平田段,16.22,都市：住
RPUOMLOLKINFFBB38CC,平田段,7.56,都市：住
RPUOMLOLKINFFBB38CC,平田段,24.71,都市：住
RPUOMLOLKINFFBB38CC,平田段,17.43,都市：住
RPUOMLOLKINFFBB38CC,平田段,11.84,都市：住
RPUOMLOLKINFFBB38CC,平田段,8.00,都市：住
RPUOMLOLKINFFBB38CC,平田段,21.59,都市：住
RPUOMLOLKINFFBB38CC,平田段,20.49,都市：住
RPRNMLOLKINFFKB88CC,藝術段,25.63,都市：住
RPPOMLOLKINFFAB77CC,東勢子段,91.77,都市：住
RPOQMLPLKINFFAB97CC,麻園頭段,17.03,都市：住
RPOQMLPLKINFFAB97CC,麻園頭段,14.65,都市：住
RPPOMLOLKINFFIB58CC,喬城段,73.16,都市：住
RPVOMLPLKINFFDB78CC,月眉段,1752.00,都市：農
RPRPMLKLKINFFIB48CC,大孝段,.00,都市：住
RPPQMLPLKINFFAB08CC,公館段,17.00,都市：住
RPPNMLOLKINFFFB18CC,大學段,14.96,都市：住
RPSOMLOLKINFFBB18CC,錦村段,25.56,都市：住
RPXQMLPLKINFFBB98CC,賴厝段,2.96,都市：商
RPXQMLPLKINFFBB98CC,邱厝子段,2.38,都市：商
RPXSMLPLKINFFBB56CC,太和段,15.40,都市：住
RPORMLPLKINFFBB18CC,賴厝段,.21,都市：商
RPORMLPLKINFFBB18CC,邱厝子段,.17,都市：商
RPSPMLPLKINFFCB48CC,中正段,5.31,都市：商
RPQPMLPLKINFFCB28CC,中正段,6.72,都市：商
RPTNMLOLKINFFAB18DC,麻園頭段,53.57,都市：住
RPTNMLPLKINFFBB28CC,文正段,12.78,都市：住
RPVOMLOLKINFFCB58CC,上石碑段,71.86,都市：商
RPUOMLOLKINFFCB48CC,中正段,15.82,都市：住
RPUOMLOLKINFFCB48CC,中正段,9.07,都市：住
RPXQMLPLKINFFCB09CC,寶山段,15.67,都市：住
RPWQMLPLKINFFCB98CC,上石碑段,9.31,都市：住
RPWWMLPLKINFFFB27CC,六福段,23.94,都市：住
RPQPMLPLKINFFJB98CC,長億段,22.99,都市：住
RPXNMLPLKINFFFB09CC,南勢坑段埔子小段,25.30,都市：商
RPPNMLQLKINFFCB08CC,國安段,.00,都市：住
RPRPMLPLKINFFCB38CC,上石碑段,3.48,都市：商
RPRPMLPLKINFFCB38CC,上石碑段,3.11,都市：商
RPXNMLPLKINFFHB66CC,大新段,7.36,都市：住
RPQNMLQLKINFFCB18CC,惠安段,.00,都市：商
RPWOMLQLKINFFCB88CC,豐富段,4068.11,都市：住
RPXOMLQLKINFFCB98CC,大墩段,1853.00,都市：住
RPRNMLQLKINFFCB28CC,西屯段,.00,都市：住
RPRNMLQLKINFFCB28CC,西屯段,.00,都市：住
RPRNMLQLKINFFCB28CC,西屯段,.00,都市：住
RPRNMLQLKINFFCB28CC,西屯段,.00,都市：住
RPRNMLQLKINFFCB28CC,西屯段,.00,都市：住
RPSQMLQLKINFFCB68CC,田心段,112.00,都市：住
RPUPMLQLKINFFCB78CC,惠國段,17.98,都市：住
RPSQMLQLKINFFCB68CC,田心段,35.00,都市：住
RPWTMLPLKINFFIB27CC,大峰段,17.05,都市：住
RPUVMLQLKINFFBB66CC,水源段,54.00,都市：住
RPSNMLQLKINFFJB09CC,愛平段,390.00,都市：住
RPPOMLQLKINFFJB88CC,育賢段,.00,都市：商
RPXNMLQLKINFFIB86CC,大元段,30.93,都市：住
RPPPMLQLKINFFCB28CC,三塊厝段,1139.00,都市：住
RPOOMLQLKINFFCB08CC,惠順段,75.10,都市：商
RPOOMLQLKINFFCB08CC,惠順段,75.10,都市：商
RPRQMLRLKINFFBB58CC,軍福段,.00,都市：商
RPUNMLRLKINFFBB58CC,長安段,10.80,都市：住
RPROMLQLKINFFAB18CC,土庫段,1948.00,都市：住
RPWPMLRLKINFFCB09CC,國安段,34.49,都市：住
RPTVMLQLKINFFBB56CC,水源段,48.00,都市：住
RPSRMLSLKINFFCB98CC,田心段,3.57,都市：住
RPQRMLSLKINFFCB78CC,大墩段,28.38,都市：住
RPTRMLSLKINFFCB09CC,中和段,8.30,都市：住
RPOQMLSLKINFFBB38CC,文正段,14.44,都市：商
RPQNMLQLKINFFKB98CC,東海段,26.54,都市：住
RPXWMLPLKINFFFB37CC,六福段,21.66,都市：住
RPPPMLSLKINFFCB48CC,福星段,156.30,都市：住
RPVSMLSLKINFFBB66CC,東信段,5.41,都市：商
RPWRMLSLKINFFBB66CC,邱厝子段,.08,都市：住
RPWRMLSLKINFFBB66CC,邱厝子段,2.04,都市：住
RPOTMLSLKINFFBB68CC,文正段,5.04,都市：住
RPOTMLSLKINFFBB68CC,文正段,.88,都市：住
RPWSMLSLKINFFBB76CC,大湖段,70.81,都市：其他
RPROMLQLKINFFIB98CC,振坤段,33.61,非都市：鄉村區 ; 非都市編定：乙種建築用地
RPXOMLSLKINFFAB98CC,柳川段一小段,1.57,都市：商
RPXOMLSLKINFFAB98CC,柳川段一小段,.36,都市：商
RPWOMLSLKINFFAB88CC,中墩段一小段,4.81,都市：商
RPRPMLRLKINFFIB56CC,大忠段,.00,都市：住
RPWOMLRLKINFFBB98DC,景東段,270.40,都市：住
RPUQMLSLKINFFAB88CC,信義段九小段,6.48,都市：住
RPUQMLSLKINFFAB88CC,信義段九小段,.10,都市：住
RPUQMLSLKINFFAB88CC,信義段九小段,1.31,都市：住
RPWNMLSLKINFFIB96CC,峰南段,.00,都市：住
RPOPMLSLKINFFAB18CC,公館段,5.18,都市：住
RPOPMLSLKINFFAB18CC,公館段,4.49,都市：住
RPVQMLSLKINFFAB98CC,公館段,13.01,都市：住
RPUPMLSLKINFFIB96CC,益民段,24.01,都市：住
RPPQMLSLKINFFIB56CC,峰北段,142.00,非都市：鄉村區 ; 非都市編定：乙種建築用地
RPUPMLSLKINFFIB96CC,益民段,.94,都市：住
RPROMLSLKINFFAB38CC,半平厝段,15.20,都市：住
RPQPMLSLKINFFAB38CC,公館段,1.26,都市：商
RPQPMLSLKINFFAB38CC,公館段,1.46,都市：商
RPUNMLSLKINFFFB09CC,南勢坑段埔子小段,21.59,都市：商
RPUNMLSLKINFFFB09CC,南勢坑段埔子小段,1.33,都市：商
RPVOMLLMKINFFBB28CC,東峰段,145.00,都市：商
RPQNMLLJJHOFFBB27CC,錦村段,17.00,都市：住
RPWQMLSLKINFFAB09CC,樹子腳段,8.31,都市：商
RPVNMLTLKINFFCB98CC,安林段,.00,都市：住
RPQNMLMJJHOFFCB47CC,惠民段,15.24,都市：其他
RPSNMLMJJHOFFCB67CC,惠民段,20.77,都市：商
RPVNMLMJJHOFFCB97CC,惠民段,19.23,都市：其他
RPUOMLSLKINFFIB86CC,長春段,15.38,都市：其他
RPTNMLMJJHOFFCB77CC,大新段,260.00,都市：住
RPPOMLMJJHOFFCB47CC,上石碑段,619.00,都市：商
RPPOMLMJJHOFFCB47CC,上石碑段,813.00,都市：商
RPPOMLMJJHOFFCB47CC,上石碑段,743.00,都市：商
RPPOMLMJJHOFFCB47CC,上石碑段,232.00,都市：商
RPPOMLMJJHOFFCB47CC,上石碑段,194.00,都市：商
RPPOMLMJJHOFFCB47CC,上石碑段,761.00,都市：商
RPPNMLLJJHOFFBB17CC,仁美段,75.00,都市：住
RPXNMLMJJHOFFCB18CC,惠民段,18.49,都市：其他
RPOOMLMJJHOFFCB37CC,惠民段,13.47,都市：其他
RPWNMLMJJHOFFCB08CC,惠民段,13.29,都市：其他
RPROMLMJJHOFFCB67CC,惠民段,17.44,都市：住
RPQPMLMJJHOFFCB67CC,上石碑段,15.64,都市：住
RPSPMLMJJHOFFCB87CC,惠順段,22.97,都市：商
RPRNMLMJJHOFFCB57CC,惠民段,15.58,都市：其他
RPRNMLMJJHOFFAB37CC,公館段,3.72,都市：商
RPSNMLMJJHOFFAB47CC,麻園頭段,34.30,都市：住
RPXOMLMJJHOFFCB28CC,南屯段,21.78,都市：住
RPXOMLMJJHOFFCB28CC,南屯段,9.00,都市：住
RPVOMLMJJHOFFCB08CC,南屯段,9.00,都市：住
RPVOMLMJJHOFFCB08CC,南屯段,72.00,都市：住
RPXPMLMJJHOFFBB28CC,東正段,210.00,都市：住
RPTNMLNJJHOFFCB87CC,國安段,.00,都市：住
RPSNMLNJJHOFFAB57CC,頂橋子頭段,.00,都市：商
RPUNMLNJJHOFFAB77CC,後子段,.00,都市：住
RPVNMLMJJHOFFDB08CC,豐原段,217.00,都市：住
RPRNMLNJJHOFFCB67CC,福安段,.00,都市：住
RPWNMLNJJHOFFCB18CC,鑫港尾段,1108.31,都市：住
RPROMLNJJHOFFCB77CC,中正段,6.28,都市：商
RPSOMLNJJHOFFCB87CC,中正段,8.49,都市：商
RPUOMLNJJHOFFCB08CC,福安段,1249.00,都市：住
RPVOMLNJJHOFFCB18CC,福安段,1249.00,都市：住
RPOOMLSLKINFFHB78CC,家興段,8.09,都市：住
RPUNMLMJJHOFFDB97CC,福德段,150.63,都市：住
RPRPMLNJJHOFFCB87CC,中正段,8.21,都市：商
RPTPMLMJJHOFFAB77CC,半平厝段,96.00,都市：住
RPTPMLMJJHOFFAB77CC,半平厝段,6.00,都市：住
RPQOMLNJJHOFFBB57CC,東信段,89.00,都市：商
RPUPMLNJJHOFFCB18CC,上石碑段,3.41,都市：商
RPUPMLNJJHOFFCB18CC,上石碑段,3.05,都市：商
RPTPMLNJJHOFFBB97CC,賴厝段,3.19,都市：商
RPTPMLNJJHOFFBB97CC,邱厝子段,2.56,都市：商
RPVPMLNJJHOFFBB18CC,賴厝段,3.16,都市：商
RPVPMLNJJHOFFBB18CC,邱厝子段,2.54,都市：商
RPQQMLNJJHOFFBB77CC,賴厝段,.21,都市：商
RPQQMLNJJHOFFBB77CC,邱厝子段,.17,都市：商
RPXPMLNJJHOFFBB38CC,賴厝段,3.42,都市：商
RPXPMLNJJHOFFBB38CC,邱厝子段,2.75,都市：商
RPSQMLNJJHOFFBB97CC,賴厝段,.14,都市：商
RPSQMLNJJHOFFBB97CC,邱厝子段,.11,都市：商
RPQPMLNJJHOFFBB67CC,東峰段,10.16,都市：商
RPVNMLNJJHOFFCB08CC,鑫港尾段,341.84,都市：住
RPVNMLNJJHOFFCB08CC,鑫港尾段,496.95,都市：住
RPTQMLNJJHOFFBB08CC,賴厝段,4.33,都市：商
RPTQMLNJJHOFFBB08CC,邱厝子段,3.48,都市：商
RPRQMLNJJHOFFBB87CC,賴厝段,3.30,都市：商
RPRQMLNJJHOFFBB87CC,邱厝子段,2.65,都市：商
RPVQMLNJJHOFFBB28CC,東峰段,11.13,都市：商
RPOPMLNJJHOFFBB47CC,東峰段,6.84,都市：商
RPRPMLNJJHOFFBB77CC,賴厝段,.21,都市：商
RPRPMLNJJHOFFBB77CC,邱厝子段,.17,都市：商
RPPOMLNJJHOFFBB47CC,崇德段,.00,都市：住
RPRNMLNJJHOFFDB77CC,翁明段,140.10,都市：工
RPVPMLOJJHOFFBB28CC,景美段,113.33,都市：住
RPVPMLOJJHOFFBB28CC,景美段,15.30,都市：住
RPVPMLOJJHOFFBB28CC,景美段,231.84,都市：住
RPVPMLOJJHOFFBB28CC,景美段,7.20,都市：住
RPVNMLOJJHOFFCB18CC,永安段,79.20,都市：商
RPVQMLRJJHOFFAB58CC,公館段,15.00,都市：其他
RPVQMLRJJHOFFAB58CC,公館段,44.00,都市：住
RPVQMLRJJHOFFAB58CC,公館段,53.00,都市：住
RPVNMLOJJHOFFDB28CC,東湳段,724.75,都市：住
RPORMLRJJHOFFAB97CC,頂橋子頭段,.00,都市：住
RPPRMLRJJHOFFAB08CC,頂橋子頭段,.00,都市：其他
RPURMLRJJHOFFCB78CC,惠民段,.00,都市：其他
RPTOMLOJJHOFFAB87CC,下橋子頭段,3.44,都市：商
RPSOMLOJJHOFFAB77CC,下橋子頭段,5.49,都市：商
RPXNMLOJJHOFFCB38CC,大新段,.00,都市：住
RPXQMLRJJHOFFAB78CC,平和段,.00,都市：商
RPVRMLRJJHOFFCB88CC,國安段,.00,都市：住
RPTRMLRJJHOFFCB68CC,豐功段,.00,都市：商
RPUNMLSJJHOFFCB48CC,國安段,7.10,都市：住
RPXQMLNJJHOFFBB48CC,東峰段,6.34,都市：商
RPXQMLSJJHOFFBB98CC,賴厝段,15.73,都市：住
RPORMLNJJHOFFBB67CC,東峰段,5.92,都市：商
RPRPMLSJJHOFFCB38CC,惠民段,17.44,都市：其他
RPVNMLRJJHOFFBB38CC,東光段,.00,都市：住
RPUQMLSJJHOFFCB78CC,惠智段,76.85,都市：住
RPTNMLSJJHOFFDB48CC,豐原段,3.60,都市：住
RPTNMLSJJHOFFDB48CC,豐原段,105.00,都市：住
RPSOMLSJJHOFFAB18CC,麻園頭段,165.00,都市：商
RPQQMLSJJHOFFCB38CC,大新段,19.26,都市：住
RPUPMLRJJHOFFBB48CC,水源段,.00,都市：住
RPUNMLRJJHOFFBB28CC,賴厝段,.00,都市：住
RPXTMLTJJHOFFFB17CC,市鎮北段,64.98,都市：商
RPWTMLTJJHOFFFB07CC,市鎮北段,11.00,都市：商
RPSOMLTJJHOFFBB38CC,景美段,20.56,都市：住
RPOOMLTJJHOFFFB38CC,市鎮北段,10.67,都市：商
RPVTMLTJJHOFFFB96CC,晉江北段,.00,都市：住
RPVRMLTJJHOFFIB07CC,西榮段,84.59,都市：商
RPQNMLKKJHOFFBB27CC,軍福段,.00,都市：商
RPWNMLKKJHOFFCB97CC,春安段,.00,都市：住
RPOPMLTJJHOFFIB78CC,三民段,106.67,都市：住
RPOPMLTJJHOFFIB78CC,三民段,.25,都市：住
RPPPMLTJJHOFFIB88CC,烏日段,110.09,都市：住
RPWOMLTJJHOFFBB78CC,軍和段,17.02,都市：商
RPQOMLKKJHOFFCB47CC,安和段,.00,都市：工
RPQNMLLKJHOFFCB47CC,惠禮段,85.59,都市：住
RPWNMLLKJHOFFCB08CC,大墩段,14.13,都市：住
RPUNMLKKJHOFFCB77CC,三塊厝段,36.40,都市：住
RPQOMLLKJHOFFCB57CC,福安段,13.74,都市：住
RPSOMLLKJHOFFCB77CC,寶山段,15.11,都市：住
RPPPMLLKJHOFFCB57CC,豐功段,.00,都市：商
RPOPMLKKJHOFFCB37CC,惠信段,75.16,都市：住
RPPQMLLKJHOFFCB67CC,中正段,9.74,都市：商
RPSQMLLKJHOFFCB97CC,國安段,30.42,都市：住
RPOPMLLKJHOFFCB47CC,惠來厝段,4.00,都市：住
RPOPMLLKJHOFFCB47CC,惠來厝段,1.00,都市：住
RPOPMLLKJHOFFCB47CC,惠來厝段,27.00,都市：住
RPOPMLLKJHOFFCB47CC,惠來厝段,26.00,都市：住
RPOPMLLKJHOFFCB47CC,惠來厝段,26.00,都市：住
RPUQMLLKJHOFFCB18CC,上石碑段,.00,都市：住
RPTOMLLKJHOFFCB87CC,國安段,3078.84,都市：其他
RPVQMLLKJHOFFCB28CC,國安段,.00,都市：住
RPVOMLLKJHOFFBB97CC,東信段,17.41,都市：住
RPWOMLLKJHOFFBB08CC,昌平段,688.59,都市：住
RPXQMLLKJHOFFCB48CC,大墩段,.00,都市：住
RPXOMLKKJHOFFCB18CC,大進段,16.06,都市：住
RPTPMLLKJHOFFCB97CC,南屯段,.00,都市：住
RPVPMLLKJHOFFBB08CC,松昌段,.00,都市：住
RPVPMLLKJHOFFBB08CC,松昌段,.00,都市：商
RPQSMLLKJHOFFBB87CC,乾溝子段,.40,都市：住
RPQSMLLKJHOFFBB87CC,乾溝子段,13.89,都市：住
RPVSMLLKJHOFFBB38CC,東峰段,10.62,都市：商
RPOTMLLKJHOFFBB77CC,賴厝段,3.16,都市：商
RPOTMLLKJHOFFBB77CC,邱厝子段,2.54,都市：商
RPXSMLLKJHOFFBB58CC,賴厝段,.28,都市：商
RPXSMLLKJHOFFBB58CC,邱厝子段,.22,都市：商
RPPTMLLKJHOFFBB87CC,賴厝段,.29,都市：商
RPPTMLLKJHOFFBB87CC,邱厝子段,.23,都市：商
RPQTMLLKJHOFFBB97CC,東新段,13.11,都市：住
RPUTMLLKJHOFFBB38CC,賴厝段,11.70,都市：住
RPUTMLLKJHOFFBB38CC,賴厝段,.32,都市：住
RPRPMLLKJHOFFBB67CC,軍福段,18.39,都市：商
RPWQMLLKJHOFFCB38CC,大進段,.00,都市：住
RPXNMLLKJHOFFIB78CC,新三和段,90.37,都市：住
RPXNMLLKJHOFFIB78CC,新三和段,29.08,都市：住
RPQOMLLKJHOFFIB18CC,鳳凰段,52.53,非都市：工業區 ; 非都市編定：丁種建築用地
RPQOMLLKJHOFFIB18CC,鳳凰段,20.09,非都市：工業區 ; 非都市編定：丁種建築用地
RPSUMLLKJHOFFBB28CC,北屯段,25.20,都市：住
RPWTMLLKJHOFFBB58CC,賴厝段,2.47,都市：住
RPWTMLLKJHOFFBB58CC,賴厝段,2.91,都市：住
RPTUMLLKJHOFFBB38CC,北屯段,15.20,都市：商
RPOUMLLKJHOFFBB87CC,賴厝段,63.00,都市：住
RPPUMLLKJHOFFBB97CC,陳平段,8.88,都市：住
RPPUMLLKJHOFFBB97CC,陳平段,11.71,都市：住
RPPUMLLKJHOFFBB97CC,陳平段,1.52,都市：住
RPQOMLLKJHOFFAB37CC,麻園頭段,.00,都市：住
RPSQMLLKJHOFFAB77CC,東勢子段,79.00,都市：住
RPUNMLLKJHOFFIB48CC,中興段,29.44,都市：住
RPPPMLLKJHOFFIB18CC,九如段,9.35,都市：住
RPWOMLLKJHOFFFB48CC,市鎮北段,12.86,都市：商
RPTNMLLKJHOFFJB48CC,新興段,.00,都市：住
RPSNMLMKJHOFFIB38CC,新榮和段,485.12,都市：住
RPRPMLLKJHOFFIB38CC,南湖段,93.38,都市：住
RPRPMLLKJHOFFIB38CC,南湖段,2.76,都市：住
RPUNMLMKJHOFFIB58CC,新榮和段,485.12,都市：住
RPTNMLMKJHOFFIB48CC,新榮和段,485.12,都市：住
RPOPMLLKJHOFFIB08CC,仁化段,24.02,都市：住
RPSNMLLKJHOFFHB18CC,嘉豐段,75.12,都市：住
RPQNMLLKJHOFFHB97CC,員寶段,68.81,都市：農
RPQNMLLKJHOFFHB97CC,員寶段,23.25,都市：農
RPVNMLMKJHOFFIB68CC,新榮和段,485.12,都市：住
RPWNMLMKJHOFFIB78CC,新榮和段,485.12,都市：住
RPXNMLMKJHOFFIB88CC,新榮和段,485.12,都市：住
RPOOMLMKJHOFFIB08CC,新榮和段,485.12,都市：住
RPXOMLOKJHOFFCB58CC,國安段,.00,都市：住
RPWPMLPKJHOFFCB68CC,文山段,1361.00,都市：工
RPOPMLPKJHOFFBB77CC,東峰段,51.21,都市：商
RPUOMLOKJHOFFBB18CC,陳平段,92.00,都市：住
RPUOMLOKJHOFFBB18CC,陳平段,15.00,都市：住
RPPOMLMKJHOFFIB18CC,新榮和段,485.12,都市：住
RPWOMLPKJHOFFAB38CC,東勢子段,14.33,都市：住
RPPPMLQKJHOFFAB87CC,樹子腳段,7.61,都市：住
RPTOMLLKJHOFFJB58CC,東和段,.00,都市：住
RPROMLOKJHOFFBB87CC,邱厝子段,57.00,都市：其他
RPUPMLPKJHOFFBB38CC,松觀段,17.85,都市：住
RPSOMLLKJHOFFJB48CC,東和段,.00,都市：住
RPRPMLQKJHOFFAB08CC,頂橋子頭段,8.61,都市：住
RPSPMLQKJHOFFAB18CC,頂橋子頭段,8.91,都市：住
RPQPMLQKJHOFFAB97CC,頂橋子頭段,8.61,都市：住
RPUPMLQKJHOFFAB38CC,頂橋子頭段,8.46,都市：住
RPPQMLQKJHOFFAB97CC,頂橋子頭段,8.46,都市：住
RPTPMLPKJHOFFBB28CC,東峰段,18.62,都市：住
RPWPMLQKJHOFFAB58CC,頂橋子頭段,8.76,都市：住
RPPPMLPKJHOFFDB08CC,三陽段,248.49,都市：住
RPPPMLPKJHOFFDB08CC,三陽段,159.82,都市：住
RPVPMLQKJHOFFAB48CC,頂橋子頭段,8.46,都市：住
RPQQMLQKJHOFFAB08CC,頂橋子頭段,8.76,都市：住
RPSQMLQKJHOFFAB28CC,頂橋子頭段,10.88,都市：住
RPRQMLQKJHOFFAB18CC,頂橋子頭段,11.03,都市：住
RPXPMLQKJHOFFAB68CC,頂橋子頭段,8.91,都市：住
RPXQMLQKJHOFFAB78CC,頂橋子頭段,10.88,都市：住
RPQRMLQKJHOFFAB18CC,頂橋子頭段,8.61,都市：住
RPWQMLQKJHOFFAB68CC,頂橋子頭段,10.88,都市：住
RPORMLQKJHOFFAB97CC,頂橋子頭段,10.88,都市：住
RPRRMLQKJHOFFAB28CC,頂橋子頭段,8.61,都市：住
RPTQMLQKJHOFFAB38CC,頂橋子頭段,10.88,都市：住
RPUQMLQKJHOFFAB48CC,頂橋子頭段,10.88,都市：住
RPTQMLQKJHOFFBB48CC,賴厝段,2.68,都市：住
RPTQMLQKJHOFFBB48CC,賴厝段,3.15,都市：住
RPSQMLQKJHOFFBB38CC,賴厝段,3.37,都市：住
RPSQMLQKJHOFFBB38CC,賴厝段,3.96,都市：住
RPWNMLQKJHOFFCB58CC,豐功段,52.51,都市：住
RPXPMLQKJHOFFCB88CC,中和段,4.86,都市：住
RPWPMLQKJHOFFCB78CC,上石碑段,12.11,都市：住
RPVQMLQKJHOFFAB58CC,頂橋子頭段,10.88,都市：住
RPURMLQKJHOFFAB58CC,頂橋子頭段,10.88,都市：住
RPPRMLQKJHOFFAB08CC,頂橋子頭段,11.03,都市：住
RPVOMLQKJHOFFCB58CC,楓樹段,85.00,都市：其他
RPQQMLQKJHOFFBB18CC,水源段,.00,都市：商
RPQPMLQKJHOFFIB78CC,益民段,28.49,都市：住
RPQPMLRKJHOFFCB28CC,安和段,1320.23,都市：工
RPXOMLQKJHOFFDB88CC,豐原段,92.00,都市：住
RPWPMLRKJHOFFCB88CC,惠民段,13.93,都市：其他
RPUPMLRKJHOFFCB68CC,惠民段,15.42,都市：其他
RPOQMLQKJHOFFBB97CC,水源段,32.17,都市：住
RPQQMLRKJHOFFCB38CC,中和段,12.32,都市：住
RPOQMLQKJHOFFBB97CC,水源段,4.16,都市：住
RPOQMLRKJHOFFCB18CC,福順段,28.22,都市：住
RPOQMLRKJHOFFCB18CC,福順段,7.25,都市：住
RPPQMLQKJHOFFCB18CC,寶山段,11.73,都市：住
RPUQMLRKJHOFFCB78CC,大新段,104.00,都市：住
RPUQMLRKJHOFFCB78CC,大新段,104.00,都市：住
RPRQMLRKJHOFFCB48CC,惠民段,12.48,都市：其他
RPRRMLRKJHOFFCB58CC,大新段,39.97,都市：商
RPVQMLRKJHOFFCB88CC,惠民段,14.48,都市：其他
RPXQMLRKJHOFFBB98CC,東義段,11.94,都市：住
RPSNMLRKJHOFFJB98CC,光華段,1269.24,非都市：一般農業區 ; 非都市編定：丁種建築用地
RPPQMLRKJHOFFCB28CC,上石碑段,9.74,都市：住
RPSQMLSKJHOFFBB58CC,賴厝段,.28,都市：商
RPSQMLSKJHOFFBB58CC,邱厝子段,.22,都市：商
RPTNMLRKJHOFFJB09CC,光華段,1269.24,非都市：一般農業區 ; 非都市編定：丁種建築用地
RPPRMLSKJHOFFBB38CC,東峰段,6.42,都市：商
RPORMLSKJHOFFBB28CC,東峰段,9.74,都市：商
RPXQMLSKJHOFFBB09CC,東峰段,10.07,都市：商
RPTOMLSKJHOFFCB58CC,大墩段,136.86,都市：商
RPSRMLSKJHOFFBB68CC,中清段,.00,都市：住
RPRPMLSKJHOFFCB48CC,國安段,153.03,都市：住
RPUQMLSKJHOFFBB78CC,賴厝段,3.19,都市：商
RPUQMLSKJHOFFBB78CC,邱厝子段,2.56,都市：商
RPOQMLSKJHOFFCB28CC,中正段,8.49,都市：商
RPRQMLSKJHOFFCB58CC,中正段,9.49,都市：商
RPSRMLQKJHOFFAB38CC,頂橋子頭段,8.46,都市：住
RPTOMLSKJHOFFAB38CC,下橋子頭段,1.72,都市：商
RPOQMLSKJHOFFDB38CC,博愛段,32.00,都市：商
RPRQMLSKJHOFFBB48CC,賴厝段,4.57,都市：商
RPRQMLSKJHOFFBB48CC,邱厝子段,3.67,都市：商
RPXOMLSKJHOFFAB78CC,下橋子頭段,3.13,都市：商
RPQPMLTKJHOFFAB28CC,下橋子頭段,13.98,都市：商
RPPOMLTKJHOFFCB28CC,永春段,241.23,都市：住
RPWOMLTKJHOFFCB98CC,大進段,89.00,都市：住
RPSPMLSKJHOFFDB78DC,豐原段,3.39,都市：住
RPWNMLQKJHOFFDB68CC,豐洲段,83.17,都市：住
RPVNMLSKJHOFFIB76DC,新仁段,142.00,都市：住
RPXNMLTKJHOFFBB98DC,北屯段,8.12,都市：住
RPVPMLTKJHOFFCB98CC,國安段,12.87,都市：住
RPPQMLTKJHOFFCB48CC,上石碑段,45.34,都市：商
RPPOMLTKJHOFFBB28DC,陳平段,7.39,都市：住
RPROMLTKJHOFFCB58DC,上石碑段,2.98,都市：住
RPOPMLTKJHOFFBB18CC,平田段,.36,都市：住
RPOPMLTKJHOFFBB18CC,平田段,.25,都市：住
RPOPMLTKJHOFFBB18CC,平田段,.32,都市：住
RPOPMLTKJHOFFBB18CC,平田段,.30,都市：住
RPOPMLTKJHOFFBB18CC,平田段,.17,都市：住
RPOPMLTKJHOFFBB18CC,平田段,.24,都市：住
RPOPMLTKJHOFFBB18CC,平田段,.11,都市：住
RPOPMLTKJHOFFBB18CC,平田段,.12,都市：住
RPUNMLTKJHOFFBB68DC,賴厝段,6.11,都市：住
RPTOMLTKJHOFFCB78DC,惠信段,5.17,都市：住
RPVOMLTKJHOFFCB98DC,田心段,12.09,都市：住
RPOOMLTKJHOFFBB18DC,東山段,3.37,都市：住
RPVNMLQKJHOFFHB98CC,僑忠段,60.02,都市：農
RPWNMLKLJHOFFBB97CC,水源段,56.00,都市：住
RPWNMLKLJHOFFBB97CC,水源段,56.00,都市：住
RPPOMLKLJHOFFBB37CC,東峰段,41.00,都市：商
RPVNMLTKJHOFFAB68DC,旱溪段,19.97,都市：住
RPWNMLLLJHOFFBB08CC,中興段,.00,都市：住
RPXNMLKLJHOFFBB08CC,水源段,56.00,都市：住
RPXNMLLLJHOFFBB18CC,文正段,77.00,都市：商
RPXNMLLLJHOFFBB18CC,文正段,77.00,都市：商
RPXNMLLLJHOFFBB18CC,文正段,141.00,都市：商
RPXNMLLLJHOFFBB18CC,文正段,15.00,都市：商
RPOOMLLLJHOFFBB37CC,文正段,77.00,都市：商
RPOOMLLLJHOFFBB37CC,文正段,77.00,都市：商
RPOOMLLLJHOFFBB37CC,文正段,141.00,都市：商
RPOOMLLLJHOFFBB37CC,文正段,15.00,都市：商
RPOOMLLLJHOFFBB37CC,文正段,123.00,都市：商
RPOOMLLLJHOFFBB37CC,文正段,19.00,都市：商
RPXQMLLLJHOFFBB48CC,景美段,8.67,都市：住
RPXQMLLLJHOFFBB48CC,景美段,5.52,都市：住
RPPOMLLLJHOFFBB47CC,文正段,77.00,都市：商
RPPOMLLLJHOFFBB47CC,文正段,77.00,都市：商
RPRNMLTKJHOFFHB88CC,四德段,19.83,都市：農
RPTOMLLLJHOFFCB97CC,豐業段,27.42,都市：住
RPSPMLLLJHOFFCB97CC,豐業段,77.80,都市：住
RPQQMLLLJHOFFCB87CC,上石碑段,.00,都市：住
RPPQMLLLJHOFFCB77CC,西屯段,3.19,都市：商
RPURMLLLJHOFFAB18CC,下橋子頭段,1.83,都市：商
RPPQMLLLJHOFFAB57CC,下橋子頭段,19.41,都市：商
RPQQMLLLJHOFFAB67CC,建國段五小段,12.25,都市：住
RPQQMLLLJHOFFAB67CC,建國段五小段,1.88,都市：住
RPQQMLLLJHOFFAB67CC,建國段五小段,1.88,都市：住
RPQQMLLLJHOFFAB67CC,建國段五小段,98.00,都市：住
RPQQMLLLJHOFFAB67CC,建國段五小段,14.00,都市：住
RPQQMLLLJHOFFAB67CC,建國段五小段,14.00,都市：住
RPQQMLLLJHOFFAB67CC,建國段五小段,98.00,都市：住
RPQPMLLLJHOFFBB67CC,北屯段,1.98,都市：住
RPQPMLLLJHOFFBB67CC,北屯段,19.10,都市：住
RPOPMLTKJHOFFDB38CC,豐圳段,21.33,都市：住
RPQNMLTKJHOFFHB78CC,四德段,23.14,都市：農
RPOOMLKLJHOFFBB27CC,賴厝段,648.00,都市：住
RPRNMLLLJHOFFJB38CC,新高段,7.07,都市：住
RPVRMLLLJHOFFAB28CC,公館段,1.51,都市：住
RPVRMLLLJHOFFAB28CC,公館段,1.31,都市：住
RPVPMLLLJHOFFAB08CC,建國段五小段,98.00,都市：住
RPVPMLLLJHOFFAB08CC,建國段五小段,14.00,都市：住
RPVPMLLLJHOFFAB08CC,建國段五小段,14.00,都市：住
RPVPMLLLJHOFFAB08CC,建國段五小段,98.00,都市：住
RPTOMLLLJHOFFIB58CC,東湖段,20.92,都市：住
RPXRMLLLJHOFFAB48CC,公館段,1.48,都市：住
RPXRMLLLJHOFFAB48CC,公館段,1.28,都市：住
RPWRMLLLJHOFFAB38CC,下橋子頭段,1.72,都市：商
RPTNMLLLJHOFFBB87DC,中興段,.00,都市：住
RPRPMLMLJHOFFAB77CC,下橋子頭段,2.94,都市：商
RPUQMLLLJHOFFAB08CC,下橋子頭段,45.75,都市：商
RPPQMLLLJHOFFFB08CC,大學段,5.25,都市：住
RPTPMLMLJHOFFAB97CC,柳川段一小段,1.57,都市：商
RPTPMLMLJHOFFAB97CC,柳川段一小段,.36,都市：商
RPQPMLMLJHOFFAB67CC,下橋子頭段,14.96,都市：住
RPRNMLMLJHOFFCB77CC,大進段,101.00,都市：住
RPUNMLLLJHOFFIB68DC,益民段,812.93,都市：住
RPVPMLMLJHOFFBB28CC,賴厝段,2.68,都市：住
RPTPMLMLJHOFFBB08CC,東義段,9.30,都市：住
RPVNMLMLJHOFFCB18CC,民安段,9.07,都市：住
RPPQMLMLJHOFFCB87CC,大進段,16.00,都市：住
RPWPMLMLJHOFFBB38CC,水源段,4.15,都市：住
RPWPMLMLJHOFFBB38CC,水源段,32.09,都市：住
RPQQMLNLJHOFFBB97CC,錦村段,108.00,都市：住
RPQOMLNLJHOFFCB87CC,寶山段,568.00,都市：住
RPQOMLNLJHOFFCB87CC,寶山段,1143.00,都市：住
RPSPMLMLJHOFFAB87CC,麻園頭段,7.13,都市：商
RPPQMLNLJHOFFCB97CC,中正段,2540.00,都市：住
RPVSMLNLJHOFFCB78CC,上石碑段,4.25,都市：住
RPPPMLNLJHOFFAB67CC,公館段,1.27,都市：商
RPPPMLNLJHOFFAB67CC,公館段,1.46,都市：商
RPOTMLNLJHOFFCB18CC,上石碑段,18.87,都市：住
RPXSMLNLJHOFFCB98CC,上石碑段,18.87,都市：住
RPQPMLNLJHOFFAB77CC,公館段,1.27,都市：商
RPQPMLNLJHOFFAB77CC,公館段,1.46,都市：商
RPSPMLNLJHOFFAB97CC,土庫段,18.38,都市：住
RPOQMLLLJHOFFDB77CC,東陽段,20.14,都市：住
RPPTMLNLJHOFFCB28CC,上石碑段,175.36,都市：住
RPUPMLNLJHOFFAB18CC,公館段,1.26,都市：商
RPUPMLNLJHOFFAB18CC,公館段,1.46,都市：商
RPOPMLNLJHOFFJB48CC,新福段,81.68,都市：住
RPVOMLNLJHOFFAB18CC,仁愛段二小段,7.00,都市：商
RPVOMLNLJHOFFAB18CC,仁愛段二小段,3.00,都市：商
RPVNMLNLJHOFFHB78CC,上橫山段,106.50,都市：住
RPOPMLNLJHOFFIB38CC,中山段,53.08,都市：住
RPTOMLNLJHOFFIB78CC,立仁段,1.49,非都市：鄉村區 ; 非都市編定：乙種建築用地
RPTOMLNLJHOFFIB78CC,立仁段,22.29,非都市：鄉村區 ; 非都市編定：乙種建築用地
RPPOMLNLJHOFFHB28CC,家福段,10.68,都市：商
RPOOMLNLJHOFFHB18CC,甘潭段,12.16,都市：住
RPQNMLOLJHOFFAB67CC,下橋子頭段,36.84,都市：住
RPOOMLNLJHOFFDB77CC,豐原段,4.82,都市：商
RPOOMLNLJHOFFDB77CC,豐原段,1.02,都市：商
RPOOMLNLJHOFFDB77CC,豐原段,.49,都市：商
RPROMLNLJHOFFDB08CC,岸裡段,10.72,都市：商
RPXNMLOLJHOFFAB38CC,下橋子頭段,13.56,都市：住
RPVOMLOLJHOFFAB28CC,大益段,19.26,都市：住
RPTNMLOLJHOFFAB97CC,樹子腳段,16.71,都市：住
RPWPMLOLJHOFFAB48CC,樹子腳段,13.55,都市：住
RPWPMLOLJHOFFAB48CC,樹子腳段,40.22,都市：住
RPWPMLOLJHOFFAB48CC,樹子腳段,72.00,都市：住
RPUQMLOLJHOFFAB38CC,樹子腳段,11.63,都市：住
RPUQMLOLJHOFFAB38CC,樹子腳段,2.17,都市：住
RPTNMLTKJHOFFHB09CC,忠雅段,57.41,都市：住
RPVPMLOLJHOFFAB38CC,下橋子頭段,2.21,都市：商
RPXPMLOLJHOFFAB58CC,樹子腳段,.00,都市：住
RPTPMLOLJHOFFAB18CC,麻園頭段,11.64,都市：住
RPTPMLOLJHOFFAB18CC,麻園頭段,.22,都市：住
RPTPMLOLJHOFFAB18CC,麻園頭段,3.77,都市：住
RPTPMLOLJHOFFAB18CC,麻園頭段,3.20,都市：住
RPRPMLNLJHOFFFB38CC,市鎮北段,11.64,都市：商
RPROMLMLJHOFFFB18CC,東晉段,1.85,都市：住
RPROMLMLJHOFFFB18CC,東晉段,6.20,都市：住
RPROMLMLJHOFFFB18CC,東晉段,3.35,都市：住
RPPPMLNLJHOFFFB18CC,市鎮北段,11.64,都市：商
RPSQMLOLJHOFFAB18CC,下橋子頭段,.00,都市：住
RPVQMLOLJHOFFAB48CC,公館段,1.21,都市：商
RPVQMLOLJHOFFAB48CC,公館段,1.40,都市：商
RPQQMLLLJHOFFFB18CC,東晉段,1.85,都市：住
RPQQMLLLJHOFFFB18CC,東晉段,6.20,都市：住
RPQQMLLLJHOFFFB18CC,東晉段,3.35,都市：住
RPTNMLOLJHOFFBB08CC,仁德段,156.00,都市：商
RPTNMLOLJHOFFBB08CC,陳平段,156.00,都市：商
RPUSMLOLJHOFFCB78CC,大墩段,15.04,都市：住
RPPNMLOLJHOFFBB67CC,錦村段,31.08,都市：商
RPSOMLOLJHOFFBB08CC,水湳段,17.55,都市：住
RPSRMLOLJHOFFCB48CC,田心段,9.62,都市：住
RPWOMLOLJHOFFCB58CC,信安段,17.91,都市：住
RPWOMLOLJHOFFCB58CC,信安段,.54,都市：住
RPVPMLOLJHOFFBB48CC,東山段,12.95,都市：住
RPWQMLOLJHOFFAB58CC,樹子腳段,7.89,都市：住
RPWOMLOLJHOFFBB48CC,陳平段,16.38,都市：住
RPWSMLOLJHOFFCB98CC,新富段,.00,都市：住
RPWSMLOLJHOFFCB98CC,新富段,.00,都市：住
RPSOMLOLJHOFFCB28DC,大新段,27.67,都市：住
RPTNMLOLJHOFFDB38DC,建國段,489.80,非都市：特定農業區 ; 非都市編定：農牧用地
RPTNMLOLJHOFFDB38DC,建國段,620.00,非都市：特定農業區 ; 非都市編定：農牧用地
RPTNMLOLJHOFFDB38DC,建國段,543.09,非都市：特定農業區 ; 非都市編定：農牧用地
RPRNMLOLJHOFFIB58CC,大峰段,17.05,都市：住
RPROMLOLJHOFFIB68CC,鳳凰段,5.26,非都市：工業區 ; 非都市編定：丁種建築用地
RPUOMLOLJHOFFIB98CC,立仁段,19.80,非都市：鄉村區 ; 非都市編定：乙種建築用地
RPSOMLOLJHOFFFB48CC,梧棲段,27.38,都市：住
RPTNMLOLJHOFFKB09DC,茄投段,545.00,都市：工
RPTNMLOLJHOFFKB09DC,茄投段,152.00,都市：工
RPTNMLOLJHOFFKB09DC,茄投段,430.00,都市：工
RPTNMLOLJHOFFKB09DC,茄投段,517.00,都市：工
RPTOMLOLJHOFFFB58CC,大同段,3.70,都市：商
RPWPMLOLJHOFFBB58CC,中清段,10.76,都市：住
RPQSMLOLJHOFFBB28CC,東山段,21.21,都市：住
RPRQMLOLJHOFFIB88CC,大仁段,.00,都市：商
RPRSMLOLJHOFFBB38CC,賴厝段,3.96,都市：住
RPVNMLPLJHOFFBB38CC,松茂段,16.62,都市：住
RPSSMLOLJHOFFBB48CC,賴厝段,3.96,都市：住
RPWOMLPLJHOFFBB58CC,東新段,22.81,都市：住
RPPSMLOLJHOFFBB18CC,北屯段,7.61,都市：住
RPSPMLOLJHOFFBB28DC,乾溝子段,271.00,都市：住
RPOPMLPLJHOFFCB97CC,何安段,239.90,都市：住
RPUOMLPLJHOFFBB38CC,錦村段,12.05,都市：住
RPQPMLPLJHOFFCB18CC,何厝段,104.00,都市：商
RPQPMLPLJHOFFCB18CC,何厝段,106.00,都市：商
RPPNMLPLJHOFFKB68CC,新庄段,17.73,非都市：鄉村區 ; 非都市編定：乙種建築用地
RPSSMLPLJHOFFCB68CC,上石碑段,.00,都市：住
RPUPMLPLJHOFFCB58CC,中正段,26.17,都市：住
RPVOMLPLJHOFFAB38CC,麻園頭段,23.74,都市：商
RPPOMLPLJHOFFIB58CC,九如段,11.63,都市：住
RPVNMLPLJHOFFHB98CC,東寶七段,.00,都市：住
RPXNMLRLJHOFFCB88CC,黎明段,19.10,都市：住
RPWNMLRLJHOFFCB78CC,黎明段,52.00,都市：住
RPSRMLPLJHOFFBB48CC,邱厝子段,74.00,都市：住
RPOOMLRLJHOFFCB08CC,大墩段,22.48,都市：住
RPTSMLPLJHOFFCB78CC,國安段,.00,都市：住
RPQNMLPLJHOFFKB78CC,藝術段,40.25,都市：住
RPRQMLSLJHOFFCB68CC,中和段,.00,都市：住
RPVPMLPLJHOFFCB68CC,中正段,7.85,都市：商
RPUOMLSLJHOFFBB68CC,平田段,9.13,都市：住
RPUOMLSLJHOFFBB68CC,平田段,1.68,都市：住
RPXPMLSLJHOFFBB09CC,軍福段,.00,都市：商
RPPOMLRLJHOFFCB18CC,黎明段,15.60,都市：住
RPVOMLTLJHOFFAB78CC,後子段,4.04,都市：商
RPVOMLTLJHOFFAB78CC,後子段,.75,都市：商
RPPQMLSLJHOFFBB38CC,松茂段,.00,都市：住
RPSQMLSLJHOFFBB68CC,同榮段,75.00,都市：住
RPQPMLSLJHOFFAB28CC,正義段七小段,30.00,都市：住
RPQPMLSLJHOFFAB28CC,正義段七小段,18.00,都市：住
RPORMLSLJHOFFCB48CC,國安段,9.83,都市：住
RPWQMLSLJHOFFBB09CC,錦村段,40.40,都市：住
RPXQMLSLJHOFFBB56CC,景福段,27.11,都市：住
RPTNMLSLJHOFFKB76CC,新興段,248.68,非都市：鄉村區 ; 非都市編定：乙種建築用地
RPTNMLSLJHOFFKB76CC,新興段,253.15,非都市：鄉村區 ; 非都市編定：乙種建築用地
RPQOMLSLJHOFFJB09CC,勤益段,26.69,非都市：鄉村區 ; 非都市編定：乙種建築用地
RPWOMLTLJHOFFBB98CC,賴厝段,3.30,都市：住
RPWOMLTLJHOFFBB98CC,賴厝段,4.76,都市：住
RPVPMLTLJHOFFBB98CC,青雲段,.00,都市：住
RPUOMLTLJHOFFAB68CC,花園段六小段,.00,都市：住
RPURMLTLJHOFFCB56CC,福安段,.00,都市：住
RPTPMLTLJHOFFAB68CC,重慶段二小段,.40,都市：商
RPTPMLTLJHOFFAB68CC,重慶段二小段,.48,都市：商
RPTPMLTLJHOFFAB68CC,重慶段二小段,.66,都市：商
RPTPMLTLJHOFFAB68CC,重慶段二小段,.57,都市：商
RPTPMLTLJHOFFAB68CC,重慶段二小段,.25,都市：商
RPTPMLTLJHOFFAB68CC,重慶段二小段,.80,都市：商
RPTPMLTLJHOFFAB68CC,重慶段二小段,.20,都市：商
RPTPMLTLJHOFFAB68CC,重慶段二小段,.02,都市：商
RPTPMLTLJHOFFAB68CC,重慶段二小段,.20,都市：商
RPTPMLTLJHOFFAB68CC,重慶段二小段,.25,都市：商
RPXPMLTLJHOFFBB56CC,錦村段,.00,都市：住
RPQTMLTLJHOFFCB98CC,廣明段,5.15,都市：住
RPTUMLTLJHOFFCB76CC,國安段,15.37,都市：住
RPVUMLTLJHOFFCB96CC,寶山段,82.00,都市：住
RPOVMLTLJHOFFCB98CC,廣明段,10.90,都市：住
RPWTMLTLJHOFFCB96CC,大墩段,16.01,都市：住
RPXUMLTLJHOFFCB17CC,西屯段,39.61,都市：住
RPTNMLTLJHOFFBB58CC,東義段,.00,都市：住
RPTOMLTLJHOFFJB86CC,宜欣段,20.21,都市：住
RPXRMLTLJHOFFCB86CC,豐業段,80.12,都市：住
RPWNMLTLJHOFFFB66CC,大同段,3.70,都市：商
RPQPMLTLJHOFFIB56CC,吉隆段,6.41,都市：住
RPPPMLTLJHOFFIB09CC,吉隆段,7.54,都市：住
RPTPMLTLJHOFFIB86CC,大仁段,9.13,都市：商
RPVSMLTLJHOFFCB76CC,大墩段,8.05,都市：住
RPVNMLTLJHOFFKB07CC,東園段,9.87,非都市：鄉村區 ; 非都市編定：乙種建築用地
RPPNMLTLJHOFFKB09CC,中蔗段,153.96,非都市：鄉村區 ; 非都市編定：乙種建築用地
RPTQMLKMJHOFFBB08CC,賴厝段,2.97,都市：商
RPTQMLKMJHOFFBB08CC,邱厝子段,2.39,都市：商
RPRQMLKMJHOFFBB87CC,賴厝段,.21,都市：商
RPRQMLKMJHOFFBB87CC,邱厝子段,.17,都市：商
RPUOMLTLJHOFFIB86CC,東榮段,.00,都市：住
RPVNMLTLJHOFFFB56CC,大同段,3.70,都市：商
RPXOMLTLJHOFFIB17CC,新仁段,17.06,都市：住
RPPRMLKMJHOFFBB77CC,軍福段,17.31,都市：住
RPTQNLKMJHOFFCB28CC,上石碑段,.00,都市：住
RPSPMLKMJHOFFBB87CC,東光段,20.57,都市：住
RPQPMLKMJHOFFBB67CC,賴厝段,2.47,都市：住
RPQPMLKMJHOFFBB67CC,賴厝段,2.90,都市：住
RPUQMLKMJHOFFBB18CC,賴厝段,2.47,都市：住
RPUQMLKMJHOFFBB18CC,賴厝段,2.90,都市：住
RPVQMLKMJHOFFBB28CC,賴厝段,2.47,都市：住
RPVQMLKMJHOFFBB28CC,賴厝段,2.90,都市：住
RPURMLKMJHOFFBB28CC,北屯段,32.76,都市：住
RPXQMLKMJHOFFBB48CC,賴厝段,4.28,都市：商
RPXQMLKMJHOFFBB48CC,邱厝子段,3.43,都市：商
RPSNMLKMJHOFFDB87CC,北陽段,25.31,都市：住
RPQRMLKMJHOFFBB87CC,景美段,44.59,都市：住
RPQRMLKMJHOFFBB87CC,景美段,23.80,都市：住
RPWQMLKMJHOFFBB38CC,賴厝段,.28,都市：商
RPWQMLKMJHOFFBB38CC,邱厝子段,.22,都市：商
RPRPMLKMJHOFFIB48CC,新厝段,131.97,非都市：特定農業區 ; 非都市編定：甲種建築用地
RPVRMLKMJHOFFBB38CC,東光段,15.55,都市：住
RPVOMLKMJHOFFAB97CC,重慶段二小段,.37,都市：商
RPVOMLKMJHOFFAB97CC,重慶段二小段,.44,都市：商
RPVOMLKMJHOFFAB97CC,重慶段二小段,.61,都市：商
RPVOMLKMJHOFFAB97CC,重慶段二小段,.53,都市：商
RPVOMLKMJHOFFAB97CC,重慶段二小段,.23,都市：商
RPVOMLKMJHOFFAB97CC,重慶段二小段,.74,都市：商
RPVOMLKMJHOFFAB97CC,重慶段二小段,.19,都市：商
RPVOMLKMJHOFFAB97CC,重慶段二小段,.01,都市：商
RPVOMLKMJHOFFAB97CC,重慶段二小段,.19,都市：商
RPVOMLKMJHOFFAB97CC,重慶段二小段,.23,都市：商
RPUNMLLMJHOFFAB87CC,城隍段七小段,6.14,都市：住
RPSRMLKMJHOFFBB08CC,東正段,16.74,都市：住
RPSOMLKMJHOFFAB77DC,旱溪段,16.85,都市：住
RPTOMLLMJHOFFAB87CC,土庫段,12.72,都市：住
RPTOMLLMJHOFFAB87CC,土庫段,4.58,都市：住
RPQPMLLMJHOFFAB67CC,頂橋子頭段,8.91,都市：住
RPOPMLLMJHOFFAB47CC,頂橋子頭段,10.88,都市：住
RPTPMLKMJHOFFIB68CC,大忠段,.00,都市：住
RPUPMLLMJHOFFAB08CC,頂橋子頭段,8.61,都市：住
RPSPMLLMJHOFFAB87CC,頂橋子頭段,8.46,都市：住
RPWPMLLMJHOFFAB28CC,頂橋子頭段,8.46,都市：住
RPOQMLLMJHOFFAB57CC,尚武段,31.69,都市：住
RPSOMLLMJHOFFAB77CC,樹子腳段,17.21,都市：住
RPXPMLLMJHOFFAB38CC,頂橋子頭段,8.61,都市：住
RPPQMLLMJHOFFAB67CC,尚武段,14.66,都市：住
RPVNMLKMJHOFFJB78CC,七星段,48.34,非都市：鄉村區 ; 非都市編定：乙種建築用地
RPUQMLLMJHOFFAB18CC,後子段,3.94,都市：商
RPUQMLLMJHOFFAB18CC,後子段,1.22,都市：商
RPUQMLLMJHOFFAB18CC,後子段,.67,都市：商
RPUQMLLMJHOFFAB18CC,後子段,.17,都市：商
RPUNMLKMJHOFFJB68CC,中山段,94.61,非都市：鄉村區 ; 非都市編定：乙種建築用地
RPUNMLKMJHOFFJB68CC,中山段,82.40,非都市：鄉村區 ; 非都市編定：乙種建築用地
RPTQMLLMJHOFFAB08CC,頂橋子頭段,10.88,都市：住
RPWQMLLMJHOFFAB38CC,頂橋子頭段,10.88,都市：住
RPXNMLLMJHOFFBB28CC,中興段,.00,都市：住
RPROMLLMJHOFFBB77CC,景福段,29.11,都市：住
RPSPMLLMJHOFFBB97CC,東峰段,6.53,都市：商
RPTQMLLMJHOFFBB18CC,北屯段,6.29,都市：住
RPWQMLLMJHOFFBB48CC,軍福段,12.52,都市：住
RPQRMLLMJHOFFBB97CC,松觀段,21.71,都市：住
RPXQMLLMJHOFFAB48CC,頂橋子頭段,10.88,都市：住
RPURMLLMJHOFFBB38CC,大觀段,20.00,都市：住
RPXPMLLMJHOFFCB58CC,西屯段,.00,都市：住
RPXPMLLMJHOFFCB58CC,西屯段,.00,都市：住
RPTTMLLMJHOFFCB58CC,永定段,18.66,都市：住
RPORMLLMJHOFFAB67CC,尚武段,44.67,都市：住
RPTRMLLMJHOFFBB28CC,大觀段,20.00,都市：住
RPTNNLLMJHOFFCB08CC,西屯段,6.97,都市：住
RPWQMLLMJHOFFCB58CC,中正段,9.29,都市：住
RPQPMLLMJHOFFBB77CC,東峰段,103.00,都市：住
RPTRMLKMJHOFFBB18CC,東峰段,5.26,都市：商
RPSVMLLMJHOFFCB68CC,民安段,7.65,都市：住
RPXPMLLMJHOFFJB66CC,新坪段,28.39,都市：住
RPVPMLLMJHOFFJB09CC,大源段,49.24,非都市：鄉村區 ; 非都市編定：乙種建築用地
RPQQMLLMJHOFFJB68CC,新興段,21.84,都市：住
RPSOMLLMJHOFFFB28CC,東晉段,1.83,都市：住
RPSOMLLMJHOFFFB28CC,東晉段,6.14,都市：住
RPSOMLLMJHOFFFB28CC,東晉段,.41,都市：住
RPXQMLLMJHOFFIB66CC,東榮段,11.81,都市：住
RPWQMLLMJHOFFIB56CC,光日段,14.99,都市：住
RPVRMLLMJHOFFBB48CC,東義段,35.25,都市：住
RPWRMLLMJHOFFBB58CC,中德段,4.25,都市：住
RPQOMLLMJHOFFHB28CC,甘潭段,17.37,都市：住
RPXNMLLMJHOFFKB56CC,東園段,29.75,非都市：鄉村區 ; 非都市編定：乙種建築用地
RPTPMLLMJHOFFIB78CC,喬城段,21.13,都市：住
RPVPMLLJKHOFFBB08CC,陳平段,29.06,都市：住
RPVPMLLJKHOFFBB08CC,仁德段,.10,都市：住
RPVPMLLJKHOFFBB08CC,仁德段,.43,都市：住
RPXOMLLJKHOFFAB08CC,後子段,36.42,都市：住
RPXQMLLJKHOFFCB48CC,國安段,17.39,都市：住
RPUOMLLJKHOFFFB28CC,市鎮南段,15.54,都市：商
RPVNMLLJKHOFFHB48CC,東寶五段,144.70,都市：住
RPWNMLLJKHOFFHB58CC,東寶七段,59.55,都市：住
RPPNMLLJKHOFFAB17CC,土庫段,.00,都市：住
RPRNMLLJKHOFFBB47CC,軍福段,698.87,都市：商
RPTNMLLMJHOFFDB08CC,車路墘段車路墘小段,148.00,都市：住
RPRNMLMJKHOFFBB57CC,賴厝段,3.26,都市：商
RPRNMLMJKHOFFBB57CC,邱厝子段,2.61,都市：商
RPTNMLMJKHOFFBB77CC,賴厝段,2.98,都市：商
RPTNMLMJKHOFFBB77CC,邱厝子段,2.39,都市：商
RPSNMLMJKHOFFBB67CC,賴厝段,3.19,都市：商
RPSNMLMJKHOFFBB67CC,邱厝子段,2.56,都市：商
RPUQMLLJKHOFFCB18CC,大新段,254.00,都市：商
RPUQMLLMJHOFFCB48DC,西屯段,81.00,都市：住
RPUNMLLJKHOFFCB87CC,國安段,.00,都市：住
RPVNMLMJKHOFFBB97CC,賴厝段,.14,都市：商
RPVNMLMJKHOFFBB97CC,邱厝子段,.11,都市：商
RPWNMLMJKHOFFBB08CC,賴厝段,6.57,都市：商
RPWNMLMJKHOFFBB08CC,邱厝子段,5.27,都市：商
RPUNMLMJKHOFFBB87CC,賴厝段,.14,都市：商
RPUNMLMJKHOFFBB87CC,邱厝子段,.11,都市：商
RPVPMLLJKHOFFJB88CC,樹德段,78.05,都市：住
RPQOMLMJKHOFFBB57CC,東峰段,6.42,都市：商
RPXNMLMJKHOFFBB18CC,賴厝段,6.78,都市：商
RPXNMLMJKHOFFBB18CC,邱厝子段,5.45,都市：商
RPPNMLLJKHOFFHB87CC,大明段,17.53,都市：住
RPRNMLMJKHOFFCB67CC,上石碑段,3.40,都市：商
RPRNMLMJKHOFFCB67CC,上石碑段,3.04,都市：商
RPPOMLMJKHOFFBB47CC,東峰段,10.29,都市：商
RPOOMLMJKHOFFBB37CC,東峰段,6.84,都市：商
RPSNMLMJKHOFFCB77CC,中正段,5.87,都市：商
RPTNMLMJKHOFFCB87CC,中正段,10.54,都市：商
RPPNMLMJKHOFFIB08CC,新榮和段,485.12,都市：住
RPVOMLMJKHOFFBB08CC,東峰段,6.42,都市：商
RPTOMLMJKHOFFBB87CC,東峰段,11.63,都市：商
RPUOMLMJKHOFFBB97CC,東峰段,5.83,都市：商
RPRNMLMJKHOFFIB28CC,新榮和段,485.12,都市：住
RPQNMLMJKHOFFIB18CC,新榮和段,485.12,都市：住
