﻿鄉鎮市區,交易標的,土地區段位置建物區段門牌,土地面積平方公尺,都市土地使用分區,非都市土地使用分區,非都市土地使用編定,租賃年月日,租賃筆棟數,租賃層次,總樓層數,建物型態,主要用途,主要建材,建築完成年月,建物總面積平方公尺,建物現況格局-房,建物現況格局-廳,建物現況格局-衛,建物現況格局-隔間,有無管理組織,有無附傢俱,總額元,單價元平方公尺,車位類別,車位面積平方公尺,車位總額元,備註,編號
The villages and towns urban district,transaction sign,land sector position building sector house number plate,land shifting total area square meter,the use zoning or compiles and checks,the non-metropolis land use district,non-metropolis land use,transaction year month and day,transaction pen number,shifting level,total floor number,building state,main use,main building materials,construction to complete the years,building shifting total area,Building present situation pattern - room,building present situation pattern - hall,building present situation pattern - health,building present situation pattern - compartmented,Whether there is manages the organization,Whether there is attaches the furniture,total price Yuan,the unit price a Yuan square meter,the berth category,berth shifting total area square meter,the berth total price Yuan,the note,serial number
永康區,房地(土地+建物),臺南市永康區中華路578巷1~30號,1017.43,住,,,1071110,土地2建物1車位0,八層,8,華廈(10層含以下有電梯),住家用,鋼筋混凝土構造,0851028,108.12,3,2,2,有,有,有,13000,120,,0.0,0,,RPTNMLMKJINFFKD88CC
永康區,房地(土地+建物),臺南市永康區中華路7巷1~30號,4.0,住,,,1071018,土地1建物1車位0,六層,19,住宅大樓(11層含以上有電梯),見其他登記事項,見其他登記事項,1010817,95.42,2,2,1,有,無,有,18000,189,,0.0,0,,RPSOMLNKJINFFKD98CC
永康區,房地(土地+建物),臺南市永康區中華路7巷1~30號,6.5,住,,,1071029,土地1建物1車位0,六層,19,住宅大樓(11層含以上有電梯),見其他登記事項,見其他登記事項,1010817,95.42,2,2,1,有,有,有,17000,178,,0.0,0,,RPTOMLNKJINFFKD09CC
永康區,房地(土地+建物),臺南市永康區中華路181~210號,10.0,住,,,1071102,土地1建物1車位0,十二層,16,辦公商業大樓,見其他登記事項,鋼筋混凝土構造,0790317,44.09,0,0,0,無,有,無,15300,347,,0.0,0,,RPVOMLNKJINFFKD66CC
善化區,建物,臺南市善化區裕民街121~150號,0.0,住,,,1071110,土地0建物0車位0,全,4,透天厝,見其他登記事項,鋼筋混凝土構造,1030103,16.52,1,0,1,有,無,有,5500,333,,0.0,0,,RPUNMLNKJINFFHD78CC
善化區,建物,臺南市善化區裕民街121~150號,0.0,住,,,1071102,土地0建物0車位0,全,4,透天厝,見其他登記事項,鋼筋混凝土構造,1030103,16.52,1,0,1,有,無,有,4000,242,,0.0,0,,RPWNMLNKJINFFHD98CC
中西區,建物,臺南市中西區友愛街331巷1~30號,0.0,,,,1071021,土地0建物1車位0,全,2,透天厝,住家用,磚造,0510101,48.47,1,1,1,有,無,無,12000,248,,0.0,0,,RPSNMLNKJINFFAD87CC
北區,土地,裕民段1171~1200地號,260.99,住,,,1071020,土地2建物0車位0,,,其他,,,,0.0,0,0,0,有,無,有,72000,276,,0.0,0,,RPOOMLNKJINFFAD57CC
安平區,建物,臺南市安平區國平路181~210號,0.0,商,,,1071112,土地0建物1車位0,一層,1,店面(店鋪),見其他登記事項,見其他登記事項,1061020,97.43,0,0,0,無,無,無,40000,411,,0.0,0,,RPROMLNKJINFFAD87CC
安平區,房地(土地+建物),臺南市安平區健康路三段331~360號,11.96,商,,,1071112,土地1建物1車位0,八層,26,住宅大樓(11層含以上有電梯),見其他登記事項,見其他登記事項,1060124,155.79,3,2,2,有,有,有,24000,154,,0.0,0,,RPTOMLNKJINFFAD08CC
中西區,房地(土地+建物),臺南市中西區民族路二段151~180號,27.62,商,,,1071105,土地1建物2車位0,十層,13,住宅大樓(11層含以上有電梯),商業用,鋼筋混凝土造,0780811,288.93,0,0,0,無,無,無,30000,104,,0.0,0,,RPUOMLNKJINFFAD18CC
安平區,房地(土地+建物)+車位,臺南市安平區健康路三段301~330號,11.47,商,,,1071112,土地1建物1車位1,十七層,27,住宅大樓(11層含以上有電梯),見其他登記事項,見其他登記事項,1051109,158.95999999999998,3,2,2,有,有,無,20000,126,坡道平面,31.89,0,,RPWOMLNKJINFFAD38CC
東區,建物,臺南市東區裕忠路151~180號,0.0,,,,1071024,土地0建物1車位0,全,4,透天厝,住家用,見其他登記事項,0940824,231.56,8,2,4,有,無,無,32000,138,,0.0,0,,RPOOMLNKJINFFCD77CC
安平區,房地(土地+建物)+車位,臺南市安平區健康路三段331~360號,8.52,商,,,1071111,土地1建物1車位1,十八層,26,住宅大樓(11層含以上有電梯),見其他登記事項,見其他登記事項,1060124,114.69,2,1,1,有,有,無,17000,148,坡道平面,30.65,0,,RPQNMLOKJINFFAD77CC
永康區,房地(土地+建物),臺南市永康區東橋十街91~120號,260.65,住,,,1071112,土地2建物1車位0,全,5,透天厝,見其他登記事項,見其他登記事項,1010619,100.1,0,0,0,無,無,無,18000,180,,0.0,0,,RPTNMLOKJINFFKD09CC
永康區,建物,臺南市永康區中央路31~60號,0.0,,,,1071104,土地0建物1車位0,二層,2,套房(1房1廳1衛),見其他登記事項,鋼筋混凝土構造,0740730,13.22,1,0,1,有,有,有,6500,492,,0.0,0,分租套房，承租面積約4坪,RPVNMLOKJINFFKD66CC
永康區,建物,臺南市永康區中央路31~60號,0.0,,,,1071108,土地0建物1車位0,二層,2,套房(1房1廳1衛),見其他登記事項,鋼筋混凝土構造,0740730,16.52,1,0,1,有,有,有,8500,515,,0.0,0,分租套房，承租面積約5坪,RPWNMLOKJINFFKD76CC
永康區,房地(土地+建物),臺南市永康區復國二路211~240號,20.81,住,,,1071115,土地1建物1車位0,六層,11,住宅大樓(11層含以上有電梯),住家用,鋼筋混凝土構造,0840520,115.36,3,2,2,有,無,有,12000,104,,0.0,0,,RPTNMLPKJINFFKD56CC
新市區,房地(土地+建物)+車位,臺南市新巿區華美街61巷1~30號,27.1,其他,,,1071114,土地1建物1車位1,二層,5,華廈(10層含以下有電梯),見其他登記事項,鋼筋混凝土構造,1070502,81.82,2,1,2,有,有,有,16000,196,其他,11.65,0,含管理費,RPQNMLPKJINFFHD58CC
安南區,土地,十字段751~780地號,169.23,其他,,,1071112,土地1建物0車位0,,,其他,,,,0.0,0,0,0,有,無,有,14000,83,,0.0,0,未保存登記建物約20坪,RPSNMLPKJINFFBD18CC
安南區,房地(土地+建物),臺南市安南區郡安路四段241~270號,102.71,住,,,1071019,土地1建物1車位0,全,4,透天厝,見其他登記事項,鋼筋混凝土構造,0870424,282.05,5,2,4,有,無,無,25000,89,,0.0,0,,RPWNMLPKJINFFBD58CC
北區,房地(土地+建物),臺南市北區文賢一路301~330號,250.63,住,,,1071115,土地1建物1車位0,一層,1,廠辦,見其他登記事項,見其他登記事項,0900530,151.4,1,1,1,有,無,無,38000,251,,0.0,0,,RPTNMLPKJINFFAD18CC
安平區,房地(土地+建物)+車位,臺南市安平區育平五街61~90號,6.64,住,,,1071109,土地1建物1車位1,二十三層,27,住宅大樓(11層含以上有電梯),住家用,鋼筋混凝土造,0850213,99.54,3,2,2,有,無,有,16500,166,坡道平面,23.22,0,,RPXOMLPKJINFFAD68CC
東區,建物,臺南市東區裕豐街84巷31~60號,0.0,,,,1071109,土地0建物1車位0,五層,5,公寓(5樓含以下無電梯),住家用,鋼筋混凝土構造,0701029,86.35,3,2,1,有,無,無,11000,127,,0.0,0,,RPXNMLPKJINFFCD78CC
東區,建物,臺南市東區光華街119巷1~30號,0.0,住,,,1071114,土地0建物1車位0,二層,5,華廈(10層含以下有電梯),住家用,鋼筋混凝土構造,0810922,111.94,2,1,1,有,無,有,12000,107,,0.0,0,,RPQOMLPKJINFFCD18CC
新市區,建物,臺南市新巿區永福街16巷70弄1~30號,0.0,住,,,1071115,土地0建物1車位0,全,4,透天厝,住家用,鋼筋混凝土構造,1010405,176.43,6,1,7,有,無,有,29000,164,,0.0,0,1.合約書無填具土地租賃面積.2.由所有權人提供出租資訊3.租金已包含車位,RPPOMLQKJINFFHD68CC
永康區,建物,臺南市永康區國華街31~60號,0.0,,,,1071115,土地0建物1車位0,三層,15,住宅大樓(11層含以上有電梯),住家用,鋼筋混凝土構造,0841009,141.15,3,2,2,有,無,有,13000,92,,0.0,0,,RPQNMLQKJINFFKD98CC
永康區,建物,臺南市永康區永二街391~420號,0.0,住,,,1071114,土地0建物1車位0,九層,15,住宅大樓(11層含以上有電梯),住家用,鋼筋混凝土構造,0830504,112.85,3,2,2,有,無,有,15700,139,,0.0,0,1.合約書無填具土地租賃面積.2.由所有權人提供出租資訊3.租金已包含車位,RPXNMLQKJINFFKD07CC
永康區,建物,臺南市永康區文化路211~240號,0.0,住,,,1071117,土地0建物1車位0,全,4,透天厝,見其他登記事項,見其他登記事項,1020905,241.93,4,1,6,有,無,有,27000,112,,0.0,0,,RPQOMLTKJINFFKD76CC
仁德區,房地(土地+建物),臺南市仁德區忠義一街1~30號,2100.2,農,,,1071115,土地1建物1車位0,一層,1,廠辦,見其他登記事項,見其他登記事項,0931213,50.29,0,0,0,無,無,無,68000,1352,,0.0,0,,RPPNMLTKJINFFID98CC
東區,房地(土地+建物),臺南市東區崇信街61~90號,102.0,住,,,1071117,土地1建物1車位0,全,5,透天厝,住商用,鋼筋混凝土構造,0851014,111.83,6,4,7,有,無,無,25000,224,,0.0,0,,RPQNMLTKJINFFCD48CC
南區,建物,臺南市南區大同路二段670巷1~30號,0.0,,,,1071029,土地0建物1車位0,全,2,透天厝,住家用,見其他登記事項,0551231,96.09,3,2,2,有,無,無,7000,73,,0.0,0,,RPQNMLKLJINFFCD67CC
東區,建物,臺南市東區榮譽街1~30號,0.0,,,,1071031,土地0建物0車位0,全,3,透天厝,住家用,鋼筋混凝土構造,0690109,19.83,1,0,1,有,無,有,4500,227,,0.0,0,1.租賃契約書無填寫土地租賃面積2.由所有權人提供租屋資訊3.透天分租套房，承租人承租其中一間,RPRNMLKLJINFFCD77CC
中西區,建物,臺南市中西區民權路一段151~180號,0.0,,,,1071026,土地0建物1車位0,六層,9,華廈(10層含以下有電梯),住家用,鋼筋混凝土造,0691125,63.09,2,1,1,有,有,有,10000,159,,0.0,0,,RPTNMLKLJINFFAD77CC
北區,建物,臺南市北區臨安路二段249巷1~30號,0.0,,,,1071029,土地0建物1車位0,二層,5,公寓(5樓含以下無電梯),住家用,鋼筋混凝土造,0701223,103.86,3,2,2,有,無,無,12000,116,,0.0,0,,RPUNMLKLJINFFAD87CC
永康區,房地(土地+建物),臺南市永康區永大路二段1051~1080號,359.9,住,,,1071120,土地1建物1車位0,一層,1,店面(店鋪),住商用,鋼筋混凝土構造,0850106,232.11,0,0,0,無,無,無,68000,293,,0.0,0,,RPXNMLKLJINFFKD56CC
永康區,建物,臺南市永康區正南六街61~90號,0.0,工,,,1071116,土地0建物2車位0,全,2,透天厝,工業用,鐵造,0750819,284.77,2,1,1,有,無,無,30000,105,,0.0,0,,RPUOMLLLJINFFKD09CC
善化區,建物,臺南市善化區光文路241~270號,242.62,,,,1071118,土地0建物0車位0,全,3,透天厝,住家用,見其他登記事項,0700727,156.15,23,0,23,有,無,有,3500,22,,0.0,0,有民情風俗因素之交易。;,RPQNMLLLJINFFHD28CC
北區,房地(土地+建物),臺南市北區忠義路三段1~30號,80.0,商,,,1071107,土地2建物1車位0,見其他登記事項,4,店面(店鋪),住商用,鋼筋混凝土造,0800807,129.48,0,2,1,有,無,無,20000,154,,0.0,0,,RPTNMLLLJINFFAD87CC
中西區,建物,臺南市中西區民權路三段181~210號,0.0,,,,1071102,土地0建物1車位0,五層,7,華廈(10層含以下有電梯),住家用,鋼筋混凝土造,0810611,36.03,1,1,1,有,有,有,6200,172,,0.0,0,,RPTOMLLLJINFFAD97CC
安平區,建物,臺南市安平區健康一街71巷31~60號,0.0,,,,1071102,土地0建物0車位0,全,4,透天厝,住商用,鋼筋混凝土造,0820512,16.53,1,0,1,有,無,有,5000,302,,0.0,0,,RPVOMLLLJINFFAD18CC
北區,建物,臺南市北區中華北路二段1~30號,0.0,,,,1071106,土地0建物1車位0,全,4,透天厝,住商用,鋼筋混凝土造,0780830,288.78,4,1,3,有,無,無,25000,87,,0.0,0,,RPOQMLLLJINFFAD67CC
南區,建物,臺南市南區鹽埕路160巷19弄1~30號,0.0,,,,1071103,土地0建物1車位0,全,2,透天厝,住家用,加強磚造,0631012,113.3,4,2,3,有,無,無,17000,150,,0.0,0,,RPXOMLLLJINFFCD58CC
南區,建物,臺南市南區大同路二段406巷11弄1~30號,0.0,,,,1071103,土地0建物1車位0,二層,4,公寓(5樓含以下無電梯),住家用,鋼筋混凝土構造,0640603,108.33,3,1,2,有,無,無,9000,83,,0.0,0,,RPPPMLLLJINFFCD87CC
南區,建物,臺南市南區中華南路二段241~270號,0.0,,,,1071112,土地0建物1車位0,五層,5,公寓(5樓含以下無電梯),住家用,鋼筋混凝土構造,0701126,136.03,3,2,2,有,無,有,11000,81,,0.0,0,,RPRNMLMLJINFFCD97CC
南區,建物,臺南市南區西門路一段441巷9弄1~30號,0.0,住,,,1071120,土地0建物1車位0,全,5,透天厝,見其他登記事項,鋼筋混凝土構造,0860430,303.13,5,2,3,有,無,無,27000,89,,0.0,0,,RPSNMLMLJINFFCD08CC
南區,建物,臺南市南區大同路二段640巷1~30號,0.0,,,,1071112,土地0建物1車位0,五層,5,公寓(5樓含以下無電梯),住家用,鋼筋混凝土構造,0731113,83.3,3,2,2,有,無,無,6000,72,,0.0,0,,RPTNMLMLJINFFCD18CC
中西區,建物,臺南市中西區中山路151~180號,0.0,,,,1071106,土地0建物1車位0,三層,5,華廈(10層含以下有電梯),住商用,鋼筋混凝土造,0780718,111.24,0,1,1,有,有,無,25000,225,,0.0,0,,RPXNMLMLJINFFAD38CC
中西區,建物,臺南市中西區頂美一街1~30號,0.0,,,,1071106,土地0建物1車位0,七層,7,華廈(10層含以下有電梯),住家用,鋼筋混凝土造,0661202,43.8,1,0,1,有,有,有,7900,180,,0.0,0,,RPOOMLMLJINFFAD57CC
北區,房地(土地+建物),臺南市北區成功路31~60號,205.0,商,,,1071119,土地2建物1車位0,見其他登記事項,4,店面(店鋪),住商用,鋼筋混凝土造,0660505,492.76,0,0,0,無,無,無,33000,67,,0.0,0,,RPPOMLMLJINFFAD67CC
中西區,建物,臺南市中西區西門路二段59巷1~30號,0.0,,,,1071114,土地0建物1車位0,四層,4,公寓(5樓含以下無電梯),住家用,鋼筋混凝土造,0631230,77.25,2,1,1,有,無,有,10000,129,,0.0,0,,RPWOMLMLJINFFAD38CC
安平區,建物,臺南市安平區健康路三段301~330號,0.0,,,,1071122,土地0建物1車位1,二十七層,27,住宅大樓(11層含以上有電梯),見其他登記事項,見其他登記事項,1051109,200.88,4,2,2,有,無,無,20000,100,坡道平面,27.58,0,,RPRPMLMLJINFFAD97CC
永康區,建物,臺南市永康區中華路331~360號,0.0,,,,1071113,土地0建物1車位0,五層,17,辦公商業大樓,見其他登記事項,鋼筋混凝土構造,0850129,180.29000000000002,1,0,1,有,有,有,21000,116,,0.0,0,,RPQOMLMLJINFFKD78CC
北區,建物,臺南市北區開元路511~540號,0.0,,,,1071123,土地0建物1車位0,十三層,24,住宅大樓(11層含以上有電梯),見其他登記事項,見其他登記事項,1041105,78.53,2,2,1,有,有,有,14000,178,,0.0,0,,RPPOMLNLJINFFAD77CC
安平區,建物,臺南市安平區中興街14巷1~30號,0.0,住,,,1071106,土地0建物1車位0,全,2,透天厝,住家用,加強磚造,0710305,68.46,4,2,2,有,無,有,15000,219,,0.0,0,,RPPOMLQLJINFFAD08CC
東區,建物,臺南市東區崇善路541~570號,0.0,,,,1071114,土地0建物1車位1,八層,8,華廈(10層含以下有電梯),住家用,鋼筋混凝土構造,0831206,159.67000000000002,2,1,2,有,有,無,15000,94,坡道平面,0.0,0,1.租賃契約書無填寫土地租賃面積2.由所有權人提供租屋資訊3.車位坪數含在公設內,RPUNMLQLJINFFCD68CC
東區,房地(土地+建物),臺南市東區光明街61~90號,24.8,住,,,1071122,土地2建物2車位0,二層,5,公寓(5樓含以下無電梯),住家用,鋼筋混凝土構造,0680111,61.690000000000005,2,1,1,有,無,有,8500,138,,0.0,0,,RPXOMLQLJINFFCD09CC
永康區,房地(土地+建物)+車位,臺南市永康區復國路61~90號,48.1,住,,,1071117,土地1建物1車位0,一層,13,住宅大樓(11層含以上有電梯),住家用,鋼筋混凝土構造,0960920,109.87,3,2,2,有,無,有,1450,13,坡道平面,0.0,100,,RPUOMLQLJINFFKD96CC
仁德區,建物,臺南市仁德區後壁村德善路251巷1~30號,0.0,住,,,1071124,土地0建物1車位0,三層,8,華廈(10層含以下有電梯),國民住宅,鋼筋混凝土構造,0891107,85.08,4,1,2,有,無,有,13000,153,,0.0,0,1.合約書無填具土地租賃面積.2.由所有權人提供出租資訊,RPSNMLRLJINFFID56CC
東區,建物,臺南市東區東興路169巷1~30號,0.0,住,,,1071029,土地0建物1車位0,三層,5,公寓(5樓含以下無電梯),住家用,鋼筋混凝土構造,0740612,95.84,4,2,2,有,無,無,16000,167,,0.0,0,租期自107年11月1日起算,RPPNMLRLJINFFCD28CC
中西區,土地,普濟段1081~1110地號,42.78,商,,,1071102,土地1建物0車位0,,,其他,,,,0.0,0,0,0,有,無,無,16000,374,,0.0,0,有民情風俗因素之交易。;,RPPOMLRLJINFFAD18CC
北區,建物,臺南市北區北園街53巷1~30號,0.0,,,,1071124,土地0建物1車位0,全,4,透天厝,住家用,鋼筋混凝土造,0840531,311.0,6,2,4,有,無,無,23000,74,,0.0,0,,RPPNMLSLJINFFAD18CC
中西區,建物,臺南市中西區頂美一街1~30號,0.0,,,,1071127,土地0建物1車位0,三層,7,華廈(10層含以下有電梯),住家用,鋼筋混凝土造,0661202,33.93,1,0,1,有,有,有,7500,221,,0.0,0,,RPSPMLSLJINFFAD68CC
東區,建物,臺南市東區崇德十九街31~60號,0.0,,,,1071128,土地0建物1車位0,全,2,透天厝,住家用,鋼筋混凝土構造,0751227,136.91,4,1,2,有,無,無,22500,164,,0.0,0,,RPSOMLSLJINFFCD78CC
永康區,房地(土地+建物),臺南市永康區中正路91~120號,103.62,住,,,1071127,土地1建物1車位0,見其他登記事項,4,店面(店鋪),住商用,鋼筋混凝土構造,0980616,277.08,4,2,6,有,無,無,30000,108,,0.0,0,,RPRNMLSLJINFFKD76CC
永康區,建物,臺南市永康區中正路421~450號,652.0,工,,,1071129,土地0建物2車位0,見其他登記事項,5,華廈(10層含以下有電梯),見其他登記事項,鋼筋混凝土構造,0960814,312.07,0,0,0,無,無,無,85000,272,,0.0,0,,RPWNMLTLJINFFKD37CC
安平區,建物,臺南市安平區永華二街59巷31~60號,0.0,,,,1071129,土地0建物1車位0,一層,7,華廈(10層含以下有電梯),住商用,鋼筋混凝土造,0821018,46.6,0,1,1,有,無,無,15000,322,,0.0,0,,RPVNMLTLJINFFAD88CC
北區,建物,臺南市北區開元路511~540號,0.0,住,,,1071127,土地0建物1車位0,十層,24,住宅大樓(11層含以上有電梯),見其他登記事項,見其他登記事項,1041105,86.72,2,1,1,有,有,有,19500,225,,0.0,0,,RPRNMLKMJINFFAD67CC
北區,土地,實踐段301~330地號,0.0,住,,,1071121,土地1建物0車位0,,,其他,,,,0.0,0,0,0,有,無,有,7500,0,,0.0,0,有民情風俗因素之交易。;,RPSNMLKMJINFFAD77CC
東區,建物,臺南市東區中華東路一段217巷1~30號,0.0,商,,,1071127,土地0建物1車位0,四層,5,公寓(5樓含以下無電梯),住家用,鋼筋混凝土構造,0720119,73.67,3,1,1,有,無,無,10000,136,,0.0,0,,RPUNMLKMJINFFCD18CC
永康區,建物,臺南市永康區永平街56巷1~30號,0.0,住,,,1071115,土地0建物1車位0,九層,18,住宅大樓(11層含以上有電梯),住家用,鋼筋混凝土構造,0890504,123.91,3,2,2,有,有,有,13500,109,,0.0,0,,RPSNMLKMJINFFKD78CC
新營區,房地(土地+建物),臺南市新營區大同路1~30號,120.68,住,,,1071129,土地1建物1車位0,全,4,透天厝,住商用,鋼筋混凝土構造,0771107,176.84,2,2,2,有,無,無,28000,158,,0.0,0,整棟四樓  租賃1~3樓 租賃起始1080101起五年,RPQNMLKMJINFFDD87CC
新市區,房地(土地+建物),臺南市新巿區中山路121~150號,99.15,其他,,,1071130,土地1建物1車位0,全,4,透天厝,住家用,鋼筋混凝土構造,0831212,225.18,4,2,3,有,無,無,19800,88,,0.0,0,,RPTNMLKMJINFFHD58CC
北區,建物,臺南市北區北安路一段121~150號,0.0,,,,1071130,土地0建物1車位0,一層,4,店面(店鋪),住商用,鋼筋混凝土造,0741224,57.92,6,2,8,有,無,無,18000,311,,0.0,0,,RPTNMLLJKINFFAD77CC
北區,建物,臺南市北區開元路481~510號,0.0,住,,,1071110,土地0建物1車位0,二十層,24,住宅大樓(11層含以上有電梯),見其他登記事項,見其他登記事項,1041105,83.9,2,2,1,有,有,有,12000,143,,0.0,0,,RPRQMLNJKINFFAD08CC
中西區,建物,臺南市中西區萬昌街91~120號,0.0,商,,,1071118,土地0建物1車位0,七層,8,華廈(10層含以下有電梯),住家用,鋼筋混凝土造,0861008,126.5,3,2,2,有,有,有,16500,130,,0.0,0,,RPSQMLNJKINFFAD18CC
東區,建物,臺南市東區大學路12巷1~30號,0.0,住,,,1071110,土地0建物0車位0,見其他登記事項,5,店面(店鋪),見其他登記事項,鋼筋混凝土構造,1060614,105.3,0,2,1,有,無,無,30000,285,,0.0,0,,RPPOMLNJKINFFCD87CC
南區,土地,大山段241~270地號,492.42,商,,,1071121,土地2建物0車位0,,,其他,,,,0.0,0,0,0,有,無,無,41800,85,,0.0,0,有民情風俗因素之交易。;,RPUOMLOJKINFFCD48CC
東區,建物,臺南市東區仁東街61~90號,0.0,住,,,1071108,土地0建物1車位0,十二層,12,住宅大樓(11層含以上有電梯),住家用,鋼筋混凝土構造,0870919,112.44999999999999,3,2,2,有,無,有,15030,134,,0.0,0,參加106年度臺南市社會住宅包租代管試辦計畫，租金為市價9折,RPSPMLOJKINFFCD38CC
東區,建物,臺南市東區東寧路170巷1~30號,0.0,住,,,1071115,土地0建物1車位0,全,4,透天厝,住家用,鋼筋混凝土構造,0691107,120.49000000000001,3,2,2,有,無,有,15030,125,,0.0,0,參加106年度臺南市社會住宅包租代管試辦計畫，租金為市價9折,RPWPMLOJKINFFCD78CC
安平區,房地(土地+建物),臺南市安平區育平七街60巷1~30號,318.0,住,,,1071130,土地1建物1車位0,全,4,透天厝,見其他登記事項,鋼筋混凝土造,0860519,178.37,0,0,1,有,無,無,32000,179,,0.0,0,,RPUNMLOJKINFFAD18CC
仁德區,建物,臺南市仁德區中正西路211巷31~60號,0.0,住,,,1071120,土地0建物1車位0,一層,5,套房(1房1廳1衛),住家用,鋼筋混凝土構造,0911003,24.07,1,1,1,有,無,有,4140,172,,0.0,0,參加106年度臺南市社會住宅包租代管試辦計畫，租金為市價9折,RPOOMLOJKINFFID48CC
安平區,房地(土地+建物),臺南市安平區永華八街211~240號,7.34,住,,,1071130,土地1建物1車位0,四層,9,華廈(10層含以下有電梯),住家用,鋼筋混凝土造,0831107,111.51,3,2,2,有,有,有,15000,135,,0.0,0,,RPUOMLOJKINFFAD38DC
永康區,建物,臺南市永康區勝利街107巷31~60號,0.0,住,,,1071108,土地0建物1車位0,全,2,透天厝,住家用,加強磚造,0640911,91.29,3,2,2,有,無,有,12150,133,,0.0,0,參加106年度臺南市社會住宅包租代管試辦計畫，租金為市價9折,RPQOMLOJKINFFKD88CC
永康區,建物,臺南市永康區中正路211~240號,0.0,工,,,1071120,土地0建物1車位0,全,2,透天厝,住工用,鋼筋混凝土構造,0781201,233.67,4,2,3,有,無,無,38000,163,,0.0,0,,RPUNMLPJKINFFKD66CC
永康區,建物,臺南市永康區大橋里大橋一街181巷1~30號,0.0,住,,,1071116,土地0建物1車位0,五層,6,華廈(10層含以下有電梯),住家用,鋼筋混凝土構造,0851019,60.64,1,1,1,有,無,有,7400,122,,0.0,0,,RPXNMLPJKINFFKD96CC
永康區,建物,臺南市永康區國聖街271~300號,0.0,工,,,1071129,土地0建物1車位0,一層,1,工廠,工業用,鐵造,0750819,135.09,0,0,0,有,無,無,30800,,,0.0,0,,RPOOMLPJKINFFKD78CC
歸仁區,建物,臺南市歸仁區南興里文化街三街271~300號,0.0,工,,,1071203,土地0建物1車位0,五層,5,華廈(10層含以下有電梯),工業用,鋼筋混凝土構造,0880802,200.94,4,1,2,有,無,無,18000,90,,0.0,0,1.合約書無填具土地租賃面積.2.由所有權人提供出租資訊,RPSPMLPJKINFFID09CC
仁德區,土地,崁腳南段361~390地號,0.0,農,,,1071204,土地2建物0車位0,,,其他,,,,0.0,0,0,0,有,無,無,35000,0,,0.0,0,,RPUPMLPJKINFFID66CC
新市區,建物,臺南市新巿區長安街36巷31~60號,0.0,住,,,1071113,土地0建物1車位0,四層,5,華廈(10層含以下有電梯),見其他登記事項,鋼筋混凝土構造,1050531,68.1,2,1,1,有,無,有,14000,206,,0.0,0,,RPVNMLPJKINFFHD09CC
安定區,建物,臺南市安定區港口91~120號,0.0,,鄉村區,乙種建築用地,1071203,土地0建物1車位0,全,4,透天厝,住家用,鋼筋混凝土構造,1050729,146.54,5,0,4,有,無,有,14000,96,,0.0,0,1.合約書無填具土地租賃面積.2.由所有權人提供出租資訊3.實際出租樓層為2-5樓含5樓增建,RPWNMLPJKINFFHD56CC
中西區,建物,臺南市中西區民生路二段391~420號,0.0,商,,,1071127,土地0建物1車位0,四層,25,住宅大樓(11層含以上有電梯),見其他登記事項,鋼筋混凝土造,0890306,142.07,2,2,1,有,無,有,28000,197,,0.0,0,,RPVNMLPJKINFFAD38CC
中西區,建物,臺南市中西區府前路二段258巷31~60號,0.0,住,,,1071129,土地0建物1車位0,二層,5,公寓(5樓含以下無電梯),住家用,鋼筋混凝土造,0760111,43.54,1,1,1,有,無,有,6500,149,,0.0,0,,RPOOMLPJKINFFAD77CC
安平區,建物,臺南市安平區國平路151~180號,0.0,商,,,1071203,土地0建物1車位0,一層,1,店面(店鋪),見其他登記事項,見其他登記事項,1061020,97.43,0,0,0,無,無,無,40000,411,,0.0,0,,RPSNMLQJKINFFAD18CC
安平區,建物,臺南市安平區健康路三段331~360號,0.0,,,,1071205,土地0建物1車位0,八層,26,住宅大樓(11層含以上有電梯),見其他登記事項,見其他登記事項,1060124,84.04,2,1,1,有,有,有,17100,203,,0.0,0,,RPXOMLQJKINFFAD78CC
北區,建物,臺南市北區公園路918巷8弄1~30號,0.0,住,,,1071125,土地0建物1車位0,全,4,透天厝,見其他登記事項,見其他登記事項,1020204,249.59,4,2,4,有,無,有,35000,140,,0.0,0,,RPRPMLQJKINFFAD28CC
東區,建物,臺南市東區林森路一段391~420號,0.0,商,,,1071108,土地0建物1車位0,九層,14,辦公商業大樓,見其他登記事項,鋼筋混凝土構造,0870526,191.48000000000002,0,1,1,有,有,無,30000,157,,0.0,0,租賃契約書無填寫土地租賃面積。2.由所有權人提供租屋資訊。3.租賃物為雙門牌辦公室，租金30000元為雙門牌出租總額。,RPQOMLQJKINFFCD28CC
東區,建物,臺南市東區崇仁街61~90號,0.0,商,,,1071108,土地0建物1車位0,六層,14,住宅大樓(11層含以上有電梯),住家用,鋼筋混凝土構造,0960906,89.29,2,2,1,有,有,有,21000,235,,0.0,0,,RPSOMLQJKINFFCD48CC
東區,建物,臺南市東區裕孝路391~420號,0.0,住,,,1071119,土地0建物1車位0,全,4,透天厝,見其他登記事項,鋼筋混凝土構造,0881117,193.02,3,2,3,有,有,無,20000,104,,0.0,0,,RPVOMLQJKINFFCD78CC
東區,土地,東光段541~570地號,3841.0,商,,,1071126,土地6建物0車位0,,,其他,,,,0.0,0,0,0,有,無,無,310000,81,,0.0,0,1.土地上有未保存登記建物，作為店面使用。2.租賃期間含免租金裝潢期3個月。,RPOPMLQJKINFFCD18CC
永康區,建物,臺南市永康區中央路31~60號,0.0,,,,1071204,土地0建物1車位0,一層,2,套房(1房1廳1衛),見其他登記事項,鋼筋混凝土構造,0740730,16.52,1,0,1,有,有,有,10000,605,,0.0,0,分租套房，承租面積約5坪,RPWNMLQJKINFFKD96CC
永康區,建物,臺南市永康區中央路31~60號,0.0,,,,1071204,土地0建物1車位0,二層,2,套房(1房1廳1衛),見其他登記事項,鋼筋混凝土構造,0740730,16.52,1,0,1,有,有,有,10000,605,,0.0,0,分租套房，承租面積約5坪,RPXNMLQJKINFFKD07CC
永康區,建物,臺南市永康區鹽行路146巷20弄1~30號,0.0,住,,,1071108,土地0建物1車位0,八層,11,住宅大樓(11層含以上有電梯),住家用,鋼筋混凝土構造,0841222,140.2,3,2,2,有,有,有,18000,128,,0.0,0,,RPQOMLQJKINFFKD09CC
永康區,建物,臺南市永康區東橋五路91~120號,0.0,商,,,1071116,土地0建物1車位1,十五層,23,住宅大樓(11層含以上有電梯),住家用,見其他登記事項,1051026,166.08999999999997,2,2,2,有,有,有,19500,117,坡道平面,26.25,0,,RPTOMLQJKINFFKD76CC
永康區,建物,臺南市永康區中正路256巷1~30號,0.0,住,,,1071126,土地0建物1車位1,三層,16,住宅大樓(11層含以上有電梯),住家用,鋼筋混凝土構造,0820824,115.84,3,2,2,有,有,有,13000,112,坡道平面,0.0,0,1.租金含管理費。2.車位面積無法分算。,RPUOMLQJKINFFKD86CC
永康區,建物,臺南市永康區復國一路331~360號,0.0,商,,,1071127,土地0建物1車位1,十二層,16,住宅大樓(11層含以上有電梯),住家用,見其他登記事項,1070202,124.94999999999999,2,2,1,有,有,有,16000,128,坡道平面,38.58,0,,RPVOMLQJKINFFKD96CC
永康區,建物,臺南市永康區鹽洲里鹽洲一街61~90號,0.0,,,,1071201,土地0建物1車位0,全,3,透天厝,住家用,加強磚造,0621201,91.32,4,2,2,有,無,無,11000,120,,0.0,0,,RPTNMLRJKINFFKD76CC
永康區,建物,臺南市永康區中興里中華路216巷1弄1~30號,0.0,,,,1071202,土地0建物1車位0,全,2,透天厝,住家用,鋼筋混凝土構造,0770519,111.04,5,2,2,有,無,無,13000,117,,0.0,0,,RPUNMLRJKINFFKD86CC
善化區,房地(土地+建物),臺南市善化區蓮潭路121~150號,161.0,其他,,,1071201,土地1建物1車位0,全,3,透天厝,見其他登記事項,鋼筋混凝土構造,1010406,213.63,5,2,4,有,無,無,27500,129,,0.0,0,,RPQNMLRJKINFFHD78CC
南區,建物,臺南市南區德興路151~180號,0.0,,,,1071202,土地0建物1車位0,全,4,透天厝,住商用,鋼筋混凝土構造,0780524,349.0,4,2,3,有,無,無,20000,57,,0.0,0,,RPQNMLRJKINFFCD28CC
東區,建物,臺南市東區長榮路二段91~120號,0.0,,,,1071203,土地0建物1車位0,全,5,透天厝,見其他登記事項,鋼筋混凝土構造,0751030,64.5,1,0,1,有,無,無,13200,205,,0.0,0,,RPSNMLRJKINFFCD48CC
東區,建物,臺南市東區長榮路二段91~120號,0.0,,,,1071203,土地0建物1車位0,全,5,透天厝,見其他登記事項,鋼筋混凝土構造,0751030,326.77,12,0,4,有,無,無,18000,55,,0.0,0,1.租賃契約書無填寫土地租賃面積2.由所有權人提供租屋資訊3.承租人承租二至五樓,RPTNMLRJKINFFCD58CC
中西區,建物,臺南市中西區民權路三段181~210號,0.0,,,,1071130,土地0建物1車位0,五層,5,公寓(5樓含以下無電梯),住商用,鋼筋混凝土造,0760616,69.28999999999999,1,1,1,有,有,有,9000,130,,0.0,0,,RPXPMLRJKINFFAD98CC
安平區,建物,臺南市安平區華平路21巷32弄1~30號,0.0,,,,1071203,土地0建物1車位1,六層,6,華廈(10層含以下有電梯),住家用,鋼筋混凝土造,0820129,156.53,4,2,3,有,有,有,16000,102,升降平面,0.0,0,,RPOQMLRJKINFFAD18CC
北區,土地,北元段151~180地號,431.88,住,,,1071207,土地1建物0車位0,,,其他,,,,0.0,0,0,0,有,無,有,37000,86,,0.0,0,有民情風俗因素之交易。;,RPORMLRJKINFFAD28CC
北區,房地(土地+建物),臺南市北區公園南路331~360號,14.83,住,,,1071208,土地2建物1車位0,四層,14,住宅大樓(11層含以上有電梯),見其他登記事項,鋼筋混凝土造,0971219,28.28,3,2,2,有,有,有,25000,884,,0.0,0,,RPPNMLTJKINFFAD18CC
安平區,房地(土地+建物),臺南市安平區永華路二段481~510號,284.51,住,,,1071210,土地1建物1車位0,一層,4,店面(店鋪),見其他登記事項,見其他登記事項,0951124,214.12,0,0,0,無,無,無,45000,210,,0.0,0,,RPVNMLKKKINFFAD97CC
中西區,土地,府前段961~990地號,66.12,商,,,1071113,土地1建物0車位0,,,其他,,,,0.0,0,0,0,有,無,有,60000,907,,0.0,0,有民情風俗因素之交易。;,RPPOMLKKKINFFAD47CC
南區,建物,臺南市南區健康路一段333巷1~30號,0.0,住,,,1071117,土地0建物0車位0,一層,3,倉庫,住商用,鋼筋混凝土構造,0751124,58.82,0,1,1,有,無,無,10000,,,0.0,0,,RPQOMLKKKINFFCD77CC
東區,房地(土地+建物),臺南市東區東門路一段241~270號,156.25,商,,,1071115,土地1建物1車位0,五層,7,店面(店鋪),見其他登記事項,鋼筋混凝土構造,0761110,955.97,11,2,11,有,無,無,92000,96,,0.0,0,B1-4F,RPSOMLKKKINFFCD97CC
東區,房地(土地+建物),臺南市東區東門路一段241~270號,93.75,商,,,1071115,土地1建物1車位0,三層,7,店面(店鋪),見其他登記事項,鋼筋混凝土構造,0761110,562.69,7,3,8,有,無,無,38000,68,,0.0,0,5F-7F,RPTOMLKKKINFFCD08CC
新營區,土地,舊段301~330地號,2223.0,,特定農業區,農牧用地,1071113,土地1建物0車位0,,,其他,,,,0.0,0,0,0,有,無,有,2083,1,,0.0,0,,RPSNMLKKKINFFDD97CC
新營區,房地(土地+建物),臺南市新營區開元路91~120號,578.28,工,,,1071129,土地1建物1車位0,全,1,透天厝,工業用,鋼造,0650827,227.06,3,1,2,有,無,有,30000,132,,0.0,0,,RPTNMLKKKINFFDD08CC
永康區,土地,二王段1201~1230地號,921.64,其他,,,1071018,土地2建物0車位0,,,其他,,,,0.0,0,0,0,有,無,無,11000,12,,0.0,0,,RPVOMLKKKINFFKD09CC
南區,建物,臺南市南區中華西路一段6巷1~30號,0.0,住,,,1071207,土地0建物1車位0,五層,5,公寓(5樓含以下無電梯),見其他登記事項,鋼筋混凝土構造,0711129,93.24,3,1,2,有,無,有,6000,64,,0.0,0,,RPQNMLLKKINFFCD77CC
東區,建物,臺南市東區衛國街112巷31~60號,0.0,,,,1071209,土地0建物1車位0,三層,7,華廈(10層含以下有電梯),見其他登記事項,鋼筋混凝土構造,0690522,87.22,2,2,2,有,有,有,10500,120,,0.0,0,,RPROMLLKKINFFCD97CC
南區,建物,臺南市南區永興一街1~30號,0.0,,,,1071210,土地0建物1車位0,五層,8,華廈(10層含以下有電梯),住家用,鋼筋混凝土構造,0820611,53.04,1,1,1,有,有,無,7000,132,,0.0,0,,RPSOMLLKKINFFCD08CC
北區,房地(土地+建物)+車位,臺南市北區公園北路151~180號,8.91,商,,,1071123,土地1建物1車位1,四層,14,住宅大樓(11層含以上有電梯),見其他登記事項,見其他登記事項,0951001,32.04,1,0,1,有,有,有,12000,375,坡道機械,0.0,0,,RPVNMLLKKINFFAD08CC
中西區,房地(土地+建物),臺南市中西區衛民街]91~120號,27.27,商,,,1071113,土地1建物1車位0,十四層,14,住宅大樓(11層含以上有電梯),見其他登記事項,見其他登記事項,1011205,119.78,3,2,2,有,無,有,45000,376,,0.0,0,,RPTNMLMKKINFFAD97CC
安平區,房地(土地+建物),臺南市安平區郡平路31~60號,12.01,住,,,1071211,土地1建物1車位0,十四層,14,住宅大樓(11層含以上有電梯),見其他登記事項,鋼筋混凝土造,0960719,77.68,2,2,2,有,無,無,23800,306,,0.0,0,,RPUOMLMKKINFFAD18CC
永康區,土地,大灣段7831~7860地號,298.0,住,,,1071115,土地2建物0車位0,,,其他,,,,0.0,0,0,0,有,無,無,22500,76,,0.0,0,,RPROMLMKKINFFKD88CC
中西區,土地,銀同段871~900地號,38.34,商,,,1071130,土地2建物0車位0,,,其他,,,,0.0,0,0,0,有,無,有,25000,652,,0.0,0,有民情風俗因素之交易。;,RPOOMLMKKINFFAD67DC
安定區,土地,六塊寮段3481~3510地號,0.0,,特定農業區,農牧用地,1071210,土地1建物0車位0,,,其他,,,,0.0,0,0,0,有,無,無,28000,0,,0.0,0,,RPSNMLMKKINFFHD58CC
善化區,房地(土地+建物),臺南市善化區文昌路121~150號,37.4,商,,,1071211,土地1建物1車位0,全,3,透天厝,住商用,鋼筋混凝土構造,1030430,43.46,0,0,0,無,無,無,10000,230,,0.0,0,僅承租一樓店面,RPQOMLMKKINFFHD48CC
善化區,房地(土地+建物),臺南市善化區陽光北一路195巷1~30號,110.0,住,,,1071211,土地1建物1車位0,全,4,透天厝,住家用,鋼筋混凝土構造,1020430,170.05,4,2,3,有,無,有,23000,135,,0.0,0,,RPROMLMKKINFFHD58CC
永康區,建物,臺南市永康區中山南路262巷1~30號,0.0,住,,,1071129,土地0建物1車位0,九層,15,住宅大樓(11層含以上有電梯),住家用,鋼筋混凝土構造,0841204,46.92,1,1,1,有,有,有,6500,139,,0.0,0,,RPQNMLNKKINFFKD78CC
永康區,建物,臺南市永康區中央路31~60號,0.0,,,,1071211,土地0建物1車位0,二層,2,套房(1房1廳1衛),見其他登記事項,鋼筋混凝土構造,0740730,13.22,1,0,1,有,有,有,6500,492,,0.0,0,分租套房，承租面積約4坪,RPROMLNKKINFFKD98CC
安平區,建物,臺南市安平區育平路211~240號,0.0,住,,,1071203,土地0建物1車位0,六層,17,住宅大樓(11層含以上有電梯),住家用,鋼筋混凝土造,0840729,48.0,1,1,1,有,有,有,12000,250,,0.0,0,,RPTNMLNKKINFFAD08CC
安平區,建物,臺南市安平區育平路211~240號,0.0,住,,,1071207,土地0建物1車位0,十三層,17,住宅大樓(11層含以上有電梯),住家用,鋼筋混凝土造,0840729,48.0,1,1,1,有,有,有,8000,167,,0.0,0,,RPUNMLNKKINFFAD18CC
南區,房地(土地+建物),臺南市南區大同路二段186巷1~30號,36.52,住,,,1071213,土地1建物1車位0,十一層,13,住宅大樓(11層含以上有電梯),見其他登記事項,鋼筋混凝土構造,0881021,150.78,3,2,2,有,無,有,13500,90,,0.0,0,,RPXOMLNKKINFFCD78CC
東區,建物,臺南市東區中華東路二段121~150號,17.44,住,,,1071211,土地0建物1車位0,一層,7,華廈(10層含以下有電梯),住商用,鋼筋混凝土構造,0721022,77.03,2,1,1,有,無,無,7000,91,,0.0,0,,RPPNMLOKKINFFCD97CC
新營區,房地(土地+建物),臺南市新營區民生路385巷13弄31~60號,31.96,住,,,1071216,土地6建物1車位0,見其他登記事項,7,華廈(10層含以下有電梯),住家用,鋼筋混凝土構造,0830228,250.2,4,2,2,有,無,有,8500,34,,0.0,0,1.地下室車位無償提供使用，維修及保養費用由承租方負擔。2.屋內電器用品如有使用需求，維修費用由承租方負擔。,RPPNMLQKKINFFDD28CC
新市區,建物,臺南市新巿區中正路323巷1~30號,110.19,,,,1071215,土地0建物1車位0,全,3,透天厝,住家用,見其他登記事項,0880721,128.16,7,2,3,有,無,有,16000,125,,0.0,0,有民情風俗因素之交易。;,RPPNMLRKKINFFHD78CC
安南區,建物,臺南市安南區長溪路三段380巷125弄1~30號,0.0,住,,,1071118,土地0建物1車位0,全,3,透天厝,見其他登記事項,鋼筋混凝土構造,0820421,146.05,2,2,2,有,無,有,10800,74,,0.0,0,參加106年度臺南市社會住宅包租代管試辦計畫，租金為市價9折,RPWNMLRKKINFFBD88CC
永康區,土地,大灣段5161~5190地號,2052.0,農,,,1071217,土地1建物0車位0,,,其他,,,,0.0,0,0,0,有,無,無,116000,57,,0.0,0,有民情風俗因素之交易。;,RPVOMLRKKINFFKD17CC
善化區,房地(土地+建物),臺南市善化區中正路211~240號,99.39,住,,,1071124,土地1建物1車位0,全,2,透天厝,住家用,加強磚造,0620301,122.51,2,2,1,有,無,無,25000,204,,0.0,0,,RPTNMLSKKINFFHD66CC
南區,建物,臺南市南區金華路二段345巷26弄31~60號,0.0,住,,,1071218,土地0建物1車位0,三層,3,套房(1房1廳1衛),住家用,鋼筋混凝土構造,0740801,33.74,1,1,1,有,無,有,8500,252,,0.0,0,,RPUNMLSKKINFFCD88CC
安平區,建物,臺南市安平區育平路211~240號,0.0,,,,1071216,土地0建物1車位1,六層,17,住宅大樓(11層含以上有電梯),住家用,鋼筋混凝土造,0840729,77.59,2,1,1,有,有,有,12000,155,坡道平面,0.0,0,,RPVOMLTKKINFFAD98CC
善化區,房地(土地+建物),臺南市善化區牛庄55591~55620號,84.0,,特定農業區,甲種建築用地,1071219,土地1建物1車位0,全,4,透天厝,住家用,鋼筋混凝土構造,1040908,167.87,5,2,4,有,有,有,18800,112,,0.0,0,房客需自行支付管理費   1200元/月契約 起始108年1月1日到108年12月31日,RPWNMLTKKINFFHD07CC
仁德區,建物,臺南市仁德區大同路三段451~480號,0.0,,,,1071217,土地0建物1車位0,全,2,透天厝,住商用,鋼筋混凝土構造,1030609,129.03,4,2,5,有,無,無,30000,233,,0.0,0,1.租賃契約書無填寫土地租賃面積2.由所有權人提供租屋資訊,RPSOMLTKKINFFID86CC
永康區,建物,臺南市永康區三合里南工街267巷80弄1~30號,0.0,住,,,1071217,土地0建物1車位0,七層,11,住宅大樓(11層含以上有電梯),住家用,鋼筋混凝土構造,0860926,50.66,2,1,2,有,無,有,5500,109,,0.0,0,,RPOPMLTKKINFFKD76CC
永康區,建物,臺南市永康區西勢里富強路一段194巷5弄1~30號,0.0,住,,,1071218,土地0建物1車位0,全,2,透天厝,住家用,加強磚造,0760402,115.64,5,1,5,有,無,有,21000,182,,0.0,0,,RPPPMLTKKINFFKD86CC
永康區,建物,臺南市永康區文化路181~210號,0.0,,,,1071217,土地0建物1車位0,全,5,透天厝,住商用,鋼筋混凝土構造,0811105,243.27,5,3,5,有,無,有,22000,90,,0.0,0,,RPQPMLTKKINFFKD96CC
永康區,建物,臺南市永康區自強路925巷55弄31~60號,0.0,住,,,1071202,土地0建物1車位0,全,4,透天厝,住家用,鋼筋混凝土構造,0961231,188.52,4,2,3,有,無,有,20000,106,,0.0,0,,RPUOMLKLKINFFKD09CC
永康區,建物,臺南市永康區中華二路331~360號,0.0,住,,,1071203,土地0建物1車位1,七層,14,住宅大樓(11層含以上有電梯),住家用,鋼筋混凝土構造,0970903,117.05000000000001,2,1,1,有,有,有,18000,154,坡道平面,28.64,0,,RPWOMLKLKINFFKD66CC
永康區,建物,臺南市永康區正強街309巷1~30號,0.0,住,,,1071203,土地0建物1車位0,全,4,透天厝,住家用,鋼筋混凝土構造,0800118,206.85,4,2,3,有,無,有,18000,87,,0.0,0,,RPXOMLKLKINFFKD76CC
永康區,建物,臺南市永康區中央路31~60號,0.0,,,,1071220,土地0建物1車位0,二層,2,套房(1房1廳1衛),見其他登記事項,鋼筋混凝土構造,0740730,16.52,1,0,1,有,有,有,8500,515,,0.0,0,分租套房，承租面積約5坪,RPVPMLKLKINFFKD66CC
新市區,建物,臺南市新巿區永福街16巷70弄1~30號,0.0,住,,,1071219,土地0建物1車位0,全,4,透天厝,住家用,鋼筋混凝土構造,1010405,152.32,4,1,4,有,無,無,20000,131,,0.0,0,1.合約書無填具土地租賃面積.2.由所有權人提供出租資訊3.本租賃物內2F前室與4F後室不在此租賃契約所含租賃範圍內,RPSNMLKLKINFFHD48CC
安南區,建物,臺南市安南區海佃路二段417巷1~30號,0.0,住,,,1071219,土地0建物1車位0,全,2,透天厝,住商用,加強磚造,0680601,106.66,3,3,2,有,無,無,8000,75,,0.0,0,,RPQNMLKLKINFFBD67CC
安南區,建物,臺南市安南區公學路四段2巷65弄1~30號,0.0,,,,1071205,土地0建物1車位0,全,3,透天厝,住家用,鋼筋混凝土構造,0840901,129.28,3,2,3,有,無,無,12000,93,,0.0,0,,RPSNMLKLKINFFBD87CC
安南區,建物,臺南市安南區國安街155巷20弄1~30號,0.0,,,,1071215,土地0建物1車位0,全,2,透天厝,住商用,加強磚造,0701030,78.52,2,2,2,有,無,無,10000,127,,0.0,0,,RPTNMLKLKINFFBD97CC
善化區,建物,臺南市善化區光文路1~30號,242.62,,,,1071220,土地0建物0車位0,全,3,透天厝,住家用,見其他登記事項,0700727,156.15,23,0,23,有,無,有,3500,22,,0.0,0,有民情風俗因素之交易。;,RPPNMLLLKINFFHD28CC
中西區,房地(土地+建物),臺南市中西區中華西路二段511~540號,11.74,住,,,1071219,土地1建物1車位0,五層,15,住宅大樓(11層含以上有電梯),見其他登記事項,見其他登記事項,1020620,91.72,2,2,1,有,無,有,22704,248,,0.0,0,,RPSNMLLLKINFFAD97DC
永康區,建物,臺南市永康區忠義街60巷1~30號,0.0,商,,,1071208,土地0建物1車位0,十二層,15,住宅大樓(11層含以上有電梯),見其他登記事項,鋼筋混凝土構造,0840331,61.21,1,1,1,有,有,有,12000,196,,0.0,0,,RPUNMLLLKINFFKD09CC
永康區,建物,臺南市永康區復國一路295巷1~30號,0.0,其他,,,1071219,土地0建物1車位0,七層,19,住宅大樓(11層含以上有電梯),住家用,鋼筋混凝土構造,0840908,87.9,3,1,1,有,有,有,11000,125,,0.0,0,,RPVNMLLLKINFFKD56CC
中西區,建物,臺南市中西區民族路二段61~90號,0.0,商,,,1071208,土地0建物1車位0,七層,13,住宅大樓(11層含以上有電梯),住家用,鋼筋混凝土造,0821102,102.37,2,1,2,有,有,無,10000,98,,0.0,0,,RPUNMLLLKINFFAD08CC
安平區,建物,臺南市安平區慶平路181~210號,0.0,商,,,1071219,土地0建物1車位0,一層,13,住宅大樓(11層含以上有電梯),商業用,鋼筋混凝土造,0821231,318.42999999999995,0,2,2,有,無,無,47500,149,,0.0,0,,RPTOMLLLKINFFAD08CC
北區,建物,臺南市北區南園街96巷31~60號,0.0,住,,,1071122,土地0建物1車位0,二層,2,套房(1房1廳1衛),住商用,加強磚造,0631212,20.21,1,1,1,有,無,有,5400,267,,0.0,0,參加106年度臺南市社會住宅包租代管試辦計畫，租金為市價9折,RPVOMLLLKINFFAD28CC
東區,建物,臺南市東區立德十一路1~30號,0.0,,,,1071216,土地0建物1車位0,八層,10,華廈(10層含以下有電梯),商業用,鋼筋混凝土構造,0821027,64.61,1,1,1,有,有,有,10000,155,,0.0,0,,RPPNMLLLKINFFCD77CC
東區,建物,臺南市東區大同路一段275巷1~30號,0.0,,,,1071217,土地0建物1車位0,一層,5,公寓(5樓含以下無電梯),住家用,鋼筋混凝土構造,0770924,112.36000000000001,3,2,2,有,無,無,8500,76,,0.0,0,,RPUNMLLLKINFFCD28CC
東區,建物,臺南市東區大學路22巷1~30號,0.0,住,,,1071219,土地0建物1車位0,一層,5,公寓(5樓含以下無電梯),住家用,鋼筋混凝土構造,0740501,90.71,3,2,2,有,無,無,13000,143,,0.0,0,1.合約書無填具土地租賃面積2.由所有權人提供出租資訊3.租金已包平面車位,RPXOMLLLKINFFCD68CC
北區,房地(土地+建物),臺南市北區公園南路233巷1~30號,16.92,商,,,1071217,土地1建物1車位0,一層,9,華廈(10層含以下有電梯),住家用,加強磚造,0570130,89.59,2,2,1,有,有,有,28000,313,,0.0,0,,RPOOMLMLKINFFAD67CC
安平區,房地(土地+建物),臺南市安平區永華路二段481~510號,284.51,住,,,1071210,土地1建物1車位0,一層,,店面(店鋪),,,,214.12,0,0,0,無,無,無,47250,221,,0.0,0,,RPSOMLMLKINFFAD08CC
南區,房地(土地+建物),臺南市南區國民路270巷6弄31~60號,79.0,住,,,1071205,土地1建物1車位0,全,2,透天厝,住家用,鋼筋混凝土構造,0741002,101.85,4,2,2,有,無,無,15000,147,,0.0,0,,RPSSMLOLKINFFCD88CC
永康區,房地(土地+建物),臺南市永康區忠孝路203巷31~60號,58.68,住,,,1071208,土地1建物1車位0,全,2,透天厝,住家用,加強磚造,0631101,80.42,3,2,2,有,無,無,10000,124,,0.0,0,,RPXNMLOLKINFFKD07CC
永康區,房地(土地+建物),臺南市永康區中華路7巷1~30號,9.09,住,,,1071204,土地1建物1車位0,十八層,,住宅大樓(11層含以上有電梯),,,,131.64,2,2,2,有,無,有,20000,152,,0.0,0,,RPOOMLOLKINFFKD88CC
永康區,建物,臺南市永康區正南三路211~240號,0.0,工,,,1071215,土地0建物1車位0,一層,1,工廠,工業用,見其他登記事項,0960110,158.62,0,0,0,有,無,無,85800,,,0.0,0,,RPXNMLPLKINFFKD17CC
永康區,建物,臺南市永康區正南三路211~240號,0.0,工,,,1071215,土地0建物1車位0,一層,1,工廠,工業用,見其他登記事項,0960110,158.62,0,0,0,有,無,無,42900,,,0.0,0,,RPOOMLPLKINFFKD98CC
永康區,土地,正強段1021~1050地號,0.0,住,,,1071223,土地1建物0車位0,,,其他,,,,0.0,0,0,0,有,無,無,9500,0,,0.0,0,,RPPOMLPLKINFFKD09CC
永康區,房地(土地+建物),臺南市永康區成功路204巷31~60號,8.93,住,,,1071224,土地1建物1車位0,七層,7,套房(1房1廳1衛),住家用,鋼筋混凝土構造,0820128,32.98,1,1,1,有,無,有,7600,230,,0.0,0,,RPOPMLPLKINFFKD09CC
中西區,房地(土地+建物),臺南市中西區湖美街70巷1~30號,15.6,商,,,1071221,土地1建物1車位0,十一層,14,住宅大樓(11層含以上有電梯),住家用,鋼筋混凝土造,0871203,86.64,3,2,2,有,無,有,12500,144,,0.0,0,,RPUOMLPLKINFFAD58CC
中西區,建物,臺南市中西區民權路三段400巷31~60號,0.0,住,,,1071228,土地0建物1車位0,八層,10,住宅大樓(11層含以上有電梯),見其他登記事項,鋼筋混凝土造,0880730,121.4,4,2,2,有,無,有,23000,189,,0.0,0,,RPXOMLSLKINFFAD56CC
永康區,建物,臺南市永康區新民街66巷1~30號,0.0,住,,,1071222,土地0建物1車位0,九層,9,華廈(10層含以下有電梯),住家用,鋼筋混凝土構造,0821230,126.39,3,2,2,有,無,有,9000,71,,0.0,0,,RPQOMLSLKINFFKD86CC
永康區,房地(土地+建物),臺南市永康區中山路31~60號,125.51,住,,,1071130,土地3建物1車位0,全,5,透天厝,見使用執照,鋼筋混凝土構造,0920820,308.88,8,1,5,有,無,無,38000,123,,0.0,0,,RPROMLSLKINFFKD96CC
永康區,房地(土地+建物),臺南市永康區永平街61~90號,237.72,住,,,1071130,土地1建物1車位0,全,3,透天厝,住家用,見其他登記事項,1070108,317.99,0,0,0,無,無,無,23000,72,,0.0,0,僅承租1樓?無隔間?有一衛廁,RPWOMLSLKINFFKD47CC
安南區,土地,本淵段31~60地號,330.0,農,,,1071222,土地1建物0車位0,,,其他,,,,0.0,0,0,0,有,無,無,30000,91,,0.0,0,租賃部份面積，現有鐵皮屋約100坪。,RPUNMLSLKINFFBD88CC
新市區,房地(土地+建物)+車位,臺南市新巿區華美街61巷1~30號,27.1,其他,,,1071229,土地1建物1車位1,二層,5,華廈(10層含以下有電梯),見其他登記事項,鋼筋混凝土構造,1070502,81.82,2,1,2,有,有,有,16000,196,其他,0.0,0,含管理費,RPTNMLTLKINFFHD86CC
歸仁區,房地(土地+建物),臺南市歸仁區中山路二段61~90號,80.0,商,,,1071223,土地1建物1車位0,全,4,透天厝,住家用,鋼筋混凝土構造,0950830,73.42,0,0,0,無,無,無,19000,259,,0.0,0,,RPPNMLTLKINFFID56CC
歸仁區,房地(土地+建物),臺南市歸仁區中山路二段91~120號,80.0,商,,,1071223,土地1建物1車位0,全,4,透天厝,住家用,鋼筋混凝土構造,0950830,81.04,1,2,1,有,無,有,19000,234,,0.0,0,,RPQNMLTLKINFFID66CC
新營區,房地(土地+建物),臺南市新營區民生路420巷31~60號,26.88,住,,,1071228,土地1建物1車位0,三層,6,華廈(10層含以下有電梯),住家用,鋼筋混凝土構造,0820803,142.99,3,2,2,有,無,有,7000,49,,0.0,0,,RPRNMLTLKINFFDD88CC
新營區,房地(土地+建物),臺南市新營區復興路305巷1~30號,73.24,住,,,1071223,土地1建物1車位0,全,2,透天厝,住商用,加強磚造,0730215,111.31,4,4,2,有,無,有,10000,90,,0.0,0,有民情風俗因素之交易。;含三樓加蓋部分,RPQNMLMJJHOFFDD77CC
新營區,建物,臺南市新營區富源街1~30號,0.0,住,,,1071226,土地0建物0車位0,四層,6,套房(1房1廳1衛),住家用,鋼筋混凝土構造,0801022,42.17,1,0,1,有,無,有,5000,119,,0.0,0,,RPXNMLMJJHOFFDD48CC
新營區,建物,臺南市新營區中興路13巷301~330號,0.0,住,,,1071228,土地0建物1車位0,三層,5,公寓(5樓含以下無電梯),住家用,鋼筋混凝土構造,0710601,101.09,3,2,2,有,無,有,8000,79,,0.0,0,,RPOOMLMJJHOFFDD67CC
安平區,房地(土地+建物)+車位,臺南市安平區平通路121~150號,11.57,住,,,1071223,土地1建物1車位1,五層,7,華廈(10層含以下有電梯),住家用,鋼筋混凝土造,0870212,63.14,1,1,1,有,無,有,8000,127,坡道機械,8.04,0,,RPSOMLMJJHOFFAD87DC
西港區,土地,西埔段631~660地號,3932.75,,一般農業區,農牧用地,1071229,土地6建物0車位0,,,其他,,,,0.0,0,0,0,有,無,有,50000,13,,0.0,0,有民情風俗因素之交易。;含地上未保存登記建物,RPQNMLMJJHOFFGD08CC
安南區,房地(土地+建物),臺南市安南區智安一街13巷1~30號,126.03,住,,,1080101,土地1建物1車位0,全,4,透天厝,住家用,鋼筋混凝土構造,0840126,286.84,8,2,4,有,無,無,25000,87,,0.0,0,不含稅金及二代健保的費用,RPSNMLMJJHOFFBD77CC
永康區,房地(土地+建物),臺南市永康區東橋六街91~120號,61.52,住,,,1071210,土地1建物1車位0,一層,16,店面(店鋪),見其他登記事項,見其他登記事項,1061114,165.33,0,0,0,無,有,無,52000,315,,0.0,0,,RPSNMLMJJHOFFKD68CC
永康區,房地(土地+建物),臺南市永康區復華六街67巷31~60號,29.42,住,,,1071220,土地1建物1車位0,見其他登記事項,14,店面(店鋪),見其他登記事項,見其他登記事項,1051020,148.49,2,2,2,有,有,無,25000,168,,0.0,0,,RPTNMLMJJHOFFKD78CC
北區,建物,臺南市北區長榮路段41巷1~30號,0.0,住,,,1071208,土地0建物1車位0,五層,14,住宅大樓(11層含以上有電梯),見其他登記事項,鋼筋混凝土造,0920916,168.82999999999998,3,2,2,有,無,有,14000,83,,0.0,0,,RPWOMLMJJHOFFAD18CC
東區,建物,臺南市東區裕農路621巷36弄1~30號,0.0,住,,,1071219,土地0建物1車位0,五層,6,華廈(10層含以下有電梯),住家用,鋼筋混凝土構造,0830523,126.84,3,1,2,有,無,有,14000,110,,0.0,0,,RPPOMLMJJHOFFCD67CC
東區,建物,臺南市東區東門路一段61~90號,0.0,商,,,1071214,土地0建物1車位0,五層,9,套房(1房1廳1衛),住家用,鋼筋混凝土構造,0800122,21.71,1,1,1,有,無,有,4050,187,,0.0,0,參加106年度臺南市社會住宅包租代管試辦計畫，租金為市價9折,RPROMLMJJHOFFCD87CC
東區,建物,臺南市東區仁東街61~90號,0.0,住,,,1071214,土地0建物1車位0,五層,9,華廈(10層含以下有電梯),住家用,鋼筋混凝土構造,0840810,95.30000000000001,2,2,1,有,無,有,10800,113,,0.0,0,參加106年度臺南市社會住宅包租代管試辦計畫，租金為市價9折,RPSOMLMJJHOFFCD97CC
東區,建物,臺南市東區崇善五街1~30號,0.0,住,,,1071217,土地0建物1車位0,四層,8,華廈(10層含以下有電梯),住家用,鋼筋混凝土構造,0831206,126.01,3,2,2,有,無,有,13500,107,,0.0,0,參加106年度臺南市社會住宅包租代管試辦計畫，租金為市價9折,RPUOMLMJJHOFFCD18CC
東區,建物,臺南市東區東安路121~150號,0.0,住,,,1071218,土地0建物0車位0,一層,4,店面(店鋪),住商用,鋼筋混凝土構造,0760121,55.36,0,1,1,有,無,無,19800,358,,0.0,0,,RPXOMLNJJHOFFCD58CC
東區,建物,臺南市東區東安路121~150號,0.0,住,,,1071218,土地0建物0車位0,全,4,透天厝,住商用,鋼筋混凝土構造,0760121,148.34,5,0,3,有,無,有,20200,136,,0.0,0,,RPOPMLNJJHOFFCD77CC
東區,建物,臺南市東區東安路211~240號,0.0,住,,,1071227,土地0建物1車位0,五層,10,華廈(10層含以下有電梯),住家用,鋼筋混凝土構造,0810828,115.03,3,2,2,有,有,無,15000,130,,0.0,0,,RPRPMLNJJHOFFCD08CC
中西區,建物,臺南市中西區西門路一段391~420號,0.0,商,,,1071227,土地0建物1車位0,全,5,透天厝,住商用,鋼筋混凝土造,0730519,156.42,0,0,1,有,無,無,32000,205,,0.0,0,,RPROMLNJJHOFFAD77CC
北區,建物,臺南市北區北園街53巷31~60號,0.0,住,,,1071228,土地0建物1車位0,全,2,透天厝,住家用,加強磚造,0570716,61.31,2,1,2,有,無,有,12500,204,,0.0,0,,RPSOMLNJJHOFFAD87CC
永康區,建物,臺南市永康區復國一路331~360號,0.0,商,,,1071216,土地0建物1車位1,十四層,16,住宅大樓(11層含以上有電梯),住家用,見其他登記事項,1070202,186.10000000000002,4,2,2,有,有,有,23000,124,坡道平面,38.58,0,租金含管理費,RPRNMLNJJHOFFKD68CC
永康區,建物,臺南市永康區小東路685巷31~60號,0.0,住,,,1071217,土地0建物1車位0,全,4,透天厝,住商用,鋼筋混凝土構造,0771229,197.48,6,2,3,有,無,無,22000,111,,0.0,0,,RPSNMLNJJHOFFKD78CC
永康區,建物,臺南市永康區永大路二段677巷1~30號,0.0,商,,,1071220,土地0建物1車位0,四層,15,住宅大樓(11層含以上有電梯),住家用,鋼筋混凝土構造,0830204,118.72999999999999,3,2,2,有,有,無,10000,84,,0.0,0,租金含管理費,RPTNMLNJJHOFFKD88CC
永康區,建物,臺南市永康區新興街35巷15弄1~30號,0.0,住,,,1071224,土地0建物1車位0,二層,5,華廈(10層含以下有電梯),住家用,鋼筋混凝土構造,0800123,65.91,2,1,1,有,無,無,8000,121,,0.0,0,,RPVNMLNJJHOFFKD09CC
安平區,房地(土地+建物)+車位,臺南市安平區健康路三段331~360號,8.73,商,,,1080101,土地1建物1車位1,六層,26,住宅大樓(11層含以上有電梯),見其他登記事項,見其他登記事項,1060124,111.24,2,2,1,有,有,有,15000,135,坡道平面,26.54,0,,RPPOMLNJJHOFFAD67DC
仁德區,房地(土地+建物),臺南市仁德區文華路三段428巷61~90號,258.51,工,,,1071226,土地1建物1車位0,見其他登記事項,1,工廠,工業用,見其他登記事項,1021007,156.6,0,0,0,無,無,無,41000,,,0.0,0,,RPWNMLNJJHOFFID98CC
安南區,建物,臺南市安南區安中二街70巷1~30號,0.0,住,,,1071224,土地0建物1車位0,全,4,透天厝,見其他登記事項,鋼筋混凝土構造,1011225,164.21,4,2,3,有,無,無,21000,128,,0.0,0,,RPTNMLOJJHOFFBD08CC
永康區,建物,臺南市永康區正強里中正路256巷1~30號,0.0,住,,,1071229,土地0建物1車位0,十二層,16,住宅大樓(11層含以上有電梯),住家用,鋼筋混凝土構造,0820824,99.99000000000001,3,2,2,有,無,有,11000,110,,0.0,0,,RPPNMLOJJHOFFKD58CC
永康區,土地,永大段481~510地號,0.0,其他,,,1071228,土地3建物0車位0,,,其他,,,,0.0,0,0,0,有,無,無,30000,0,,0.0,0,,RPRNMLOJJHOFFKD78CC
北區,建物,臺南市北區長榮路五段91~120號,0.0,住,,,1071211,土地0建物1車位0,二層,4,公寓(5樓含以下無電梯),,鋼筋混凝土造,0680319,96.77000000000001,3,2,2,有,無,有,13365,138,,0.0,0,參加106年度臺南市社會住宅包租代管試辦計畫，租金為市價9折,RPPNMLOJJHOFFAD57CC
中西區,建物,臺南市中西區開山路89巷1~30號,0.0,商,,,1071215,土地0建物1車位0,四層,4,公寓(5樓含以下無電梯),住家用,鋼筋混凝土造,0690411,124.95,3,2,2,有,無,有,7560,61,,0.0,0,參加106年度臺南市社會住宅包租代管試辦計畫，租金為市價9折,RPQNMLOJJHOFFAD67CC
中西區,建物,臺南市中西區海安路二段391~420號,0.0,商,,,1071220,土地0建物1車位0,十二層,12,住宅大樓(11層含以上有電梯),住家用,鋼筋混凝土造,0850725,28.650000000000002,1,0,1,有,有,有,5000,175,,0.0,0,,RPTNMLOJJHOFFAD97CC
北區,建物,臺南市北區西門路四段430巷1~30號,0.0,住,,,1071220,土地0建物1車位0,全,2,透天厝,住家用,加強磚造,0651013,81.5,4,1,3,有,無,無,16000,196,,0.0,0,,RPXNMLOJJHOFFAD38CC
永康區,房地(土地+建物),臺南市永康區647巷1~30號,71.21,住,,,1071229,土地1建物1車位0,全,3,透天厝,見其他登記事項,鋼筋混凝土構造,0780525,188.77,7,0,8,有,無,有,20000,106,,0.0,0,有民情風俗因素之交易。;,RPPNMLQJJHOFFKD78CC
善化區,土地,慶安段91~120地號,664.61,農,,,1071222,土地1建物0車位0,,,其他,,,,0.0,0,0,0,有,無,無,12000,18,,0.0,0,,RPSNMLRJJHOFFHD88CC
新市區,房地(土地+建物),臺南市新巿區大洲1~30號,2503.0,,特定農業區,農牧用地,1080107,土地1建物1車位0,見其他登記事項,2,農舍,農舍,見其他登記事項,0950310,338.51,5,1,5,有,無,有,32500,,,0.0,0,,RPUNMLRJJHOFFHD09CC
永康區,建物,臺南市永康區永二街271~300號,97.21,住,,,1071101,土地0建物1車位0,全,2,透天厝,住商用,鋼筋混凝土構造,0781221,139.32,7,2,4,有,無,無,18000,129,,0.0,0,有民情風俗因素之交易。;,RPROMLRJJHOFFKD66DC
永康區,建物,臺南市永康區六合里中華二路358巷1~30號,0.0,住,,,1071225,土地0建物1車位0,十層,20,住宅大樓(11層含以上有電梯),住家用,鋼筋混凝土構造,0810919,149.63,4,2,2,有,有,有,14000,94,,0.0,0,,RPPNMLSJJHOFFKD98CC
永康區,建物,臺南市永康區中華二路266巷1~30號,0.0,住,,,1071226,土地0建物1車位0,一層,19,住宅大樓(11層含以上有電梯),住商用,鋼筋混凝土構造,0860128,111.96000000000001,1,1,2,有,有,無,17000,152,,0.0,0,1.租賃契約書無填寫土地租賃面積。2.由所有權人提供租屋資訊。3.出租樓層為1-2樓。,RPUNMLSJJHOFFKD86CC
永康區,建物,臺南市永康區復華三街1~30號,0.0,住,,,1080102,土地0建物1車位0,全,3,透天厝,住家用,見其他登記事項,1050408,182.76,5,6,1,有,無,有,28000,153,,0.0,0,,RPXNMLSJJHOFFKD17CC
東區,建物,臺南市東區崇賢三路1~30號,0.0,住,,,1071227,土地0建物1車位1,六層,15,住宅大樓(11層含以上有電梯),見其他登記事項,鋼筋混凝土構造,1061031,196.06,2,2,2,有,有,有,23000,117,坡道平面,29.01,0,租金含管理費,RPPNMLSJJHOFFCD18CC
東區,建物,臺南市東區崇德七街8巷1~30號,0.0,住,,,1071227,土地0建物1車位0,全,4,透天厝,見其他登記事項,鋼筋混凝土構造,0930624,264.64,3,1,2,有,無,無,25000,94,,0.0,0,,RPQOMLSJJHOFFCD38CC
中西區,土地,府前段961~990地號,66.12,商,,,1080107,土地1建物0車位0,,,其他,,,,0.0,0,0,0,有,無,無,60000,907,,0.0,0,,RPUNMLTJJHOFFAD58CC
安南區,土地,本淵段31~60地號,330.0,農,,,1080108,土地1建物0車位0,,,其他,,,,0.0,0,0,0,有,無,無,24000,73,,0.0,0,"租賃部份土地面積約90坪,含地上未保存建物",RPPNMLTJJHOFFBD18CC
安南區,建物,臺南市安南區環館北路841~870號,0.0,住,,,1071220,土地0建物1車位0,全,4,透天厝,見其他登記事項,鋼筋混凝土構造,0971128,234.63,3,2,3,有,無,有,34056,145,,0.0,0,,RPTNMLKKJHOFFBD77CC
永康區,建物,臺南市永康區復國一路331~360號,0.0,商,,,1071228,土地0建物1車位1,九層,16,住宅大樓(11層含以上有電梯),住家用,見其他登記事項,1070202,162.76,3,2,2,有,有,有,20000,123,坡道平面,35.57,0,租金含管理費,RPSNMLKKJHOFFKD58CC
東區,建物,臺南市東區裕義路241~270號,0.0,住,,,1071225,土地0建物2車位2,五層,5,華廈(10層含以下有電梯),見其他登記事項,鋼筋混凝土構造,1070112,199.03,4,2,2,有,有,有,42000,211,坡道平面,33.0,0,1有兩個門牌。2租金含管理費。,RPTNMLKKJHOFFCD87CC
東區,建物,臺南市東區大學路12巷1~30號,0.0,住,,,1071231,土地0建物0車位0,見其他登記事項,5,店面(店鋪),見其他登記事項,鋼筋混凝土構造,1060614,105.3,0,2,1,有,無,無,32000,304,,0.0,0,,RPPPMLLKJHOFFCD77CC
北區,建物,臺南市北區北門路三段1~30號,0.0,住,,,1071228,土地0建物1車位0,見其他登記事項,10,店面(店鋪),見其他登記事項,鋼筋混凝土造,0911227,164.86,1,2,2,有,有,有,16800,102,,0.0,0,,RPQPMLLKJHOFFAD67CC
永康區,建物,臺南市永康區永大路三段555巷5弄1~30號,0.0,住,,,1080107,土地0建物1車位0,全,4,透天厝,住家用,見其他登記事項,1061114,214.51000000000002,5,1,5,有,無,有,24000,112,,0.0,0,,RPXNMLLKJHOFFKD56CC
新營區,房地(土地+建物),臺南市新營區安和街25巷1~30號,75.05,住,,,1080111,土地1建物1車位0,全,2,透天厝,住家用,加強磚造,0650601,100.04,3,2,3,有,無,無,8500,85,,0.0,0,,RPSNMLLKJHOFFDD97CC
佳里區,土地,佳里段991~1020地號,1092.0,住,,,1071226,土地6建物0車位0,,,其他,,,,0.0,0,0,0,有,無,無,120000,110,,0.0,0,,RPPNMLMKJHOFFGD18DC
永康區,房地(土地+建物),臺南市永康區東橋五路1~30號,88.73,住,,,1080108,土地1建物1車位0,全,4,透天厝,見其他登記事項,見其他登記事項,1000127,179.82,4,2,3,有,無,無,30000,167,,0.0,0,,RPPNMLNKJHOFFKD58CC
永康區,房地(土地+建物)+車位,臺南市永康區東橋三路121~150號,16.81,住,,,1080102,土地1建物1車位1,九層,20,住宅大樓(11層含以上有電梯),住家用,見其他登記事項,1050512,161.25,3,2,2,有,有,有,27500,171,坡道平面,22.02,0,,RPQNMLNKJHOFFKD68CC
永康區,土地,正強段1111~1140地號,357.34,住,,,1071220,土地1建物0車位0,,,其他,,,,0.0,1,0,0,有,無,無,25000,70,,0.0,0,,RPUNMLOKJHOFFKD56CC
安平區,房地(土地+建物),臺南市安平區永華路二段121~150號,428.0,住,,,1080108,土地2建物1車位0,見其他登記事項,1,店面(店鋪),見其他登記事項,見其他登記事項,1060906,198.78,0,0,0,無,無,有,96492,485,,0.0,0,,RPVNMLOKJHOFFAD28CC
北區,建物,臺南市北區公園路892巷1~30號,0.0,住,,,1071229,土地0建物1車位0,全,2,透天厝,住商用,加強磚造,0601224,101.38,4,3,3,有,無,有,18000,178,,0.0,0,,RPQQMLOKJHOFFAD08CC
安平區,房地(土地+建物)+車位,臺南市安平區健康路三段六樓之1~30號,8.52,商,,,1080107,土地1建物1車位1,一層,26,住宅大樓(11層含以上有電梯),見其他登記事項,見其他登記事項,1060124,114.69,2,2,1,有,有,有,23000,201,坡道平面,30.65,0,,RPVNMLPKJHOFFAD38CC
中西區,房地(土地+建物),臺南市中西區中華西路二段511~540號,12.16,住,,,1080115,土地1建物1車位0,一層,15,住宅大樓(11層含以上有電梯),見其他登記事項,見其他登記事項,1020620,120.21,2,2,1,有,有,無,32000,266,,0.0,0,,RPXNMLPKJHOFFAD58CC
安平區,建物,臺南市安平區文平路361~390號,0.0,,,,1071223,土地0建物1車位0,一層,4,店面(店鋪),見其他登記事項,鋼筋混凝土造,0960416,53.94,1,0,1,有,無,無,18000,334,,0.0,0,,RPXOMLPKJHOFFAD68CC
中西區,建物,臺南市中西區樹林街二段125巷31~60號,0.0,,,,1071224,土地0建物1車位0,五層,5,公寓(5樓含以下無電梯),住家用,鋼筋混凝土造,0790709,22.31,1,0,1,有,無,有,4200,188,,0.0,0,,RPVPMLPKJHOFFAD58CC
東區,建物,臺南市東區龍山街91~120號,0.0,,,,1080114,土地0建物1車位0,七層,14,住宅大樓(11層含以上有電梯),住家用,鋼筋混凝土構造,0960906,91.3,2,2,1,有,有,有,19000,208,,0.0,0,,RPQNMLPKJHOFFCD08CC
東區,建物,臺南市東區東門路一段61~90號,0.0,,,,1080114,土地0建物1車位0,七層,7,套房(1房1廳1衛),住家用,鋼筋混凝土構造,0790102,24.92,1,1,1,有,有,有,4000,161,,0.0,0,租金含管理費,RPRNMLPKJHOFFCD18CC
東區,建物,臺南市東區林森路一段151~180號,0.0,,,,1071225,土地0建物1車位0,十層,12,住宅大樓(11層含以上有電梯),住家用,鋼筋混凝土構造,0790926,22.63,1,0,1,有,有,無,3500,155,,0.0,0,,RPOPMLPKJHOFFCD08CC
東區,建物,臺南市東區崇明五街31~60號,0.0,,,,1071231,土地0建物1車位0,一層,9,華廈(10層含以下有電梯),住商用,鋼筋混凝土構造,0830302,98.78,3,2,2,有,有,有,13000,132,,0.0,0,1.租賃契約書無填寫土地租賃面積2.由所有權人提供租屋資訊3.承租人承租一樓及二樓,RPSPMLPKJHOFFCD48CC
永康區,房地(土地+建物)+車位,臺南市永康區東橋一路571~600號,29.35,住,,,1080112,土地1建物1車位1,二層,15,住宅大樓(11層含以上有電梯),住家用,見其他登記事項,1050829,117.16,4,2,2,有,有,無,18800,160,坡道平面,0.0,0,,RPPNMLPKJHOFFKD78CC
中西區,建物,臺南市中西區民生路一段151~180號,0.0,商,,,1080111,土地0建物1車位0,三層,10,辦公商業大樓,商業用,鋼筋混凝土造,0740320,604.47,0,0,0,無,有,無,47000,78,,0.0,0,,RPWNMLPKJHOFFAD58DC
仁德區,建物,臺南市仁德區仁德里中山路687巷1~30號,0.0,,,,1071227,土地0建物1車位0,全,4,透天厝,住商用,鋼筋混凝土構造,0960215,35.07,0,1,1,有,無,無,16000,456,,0.0,0,1.租賃契約書無填寫土地租賃面積2.由所有權人提供租屋資訊,RPOOMLPKJHOFFID58CC
安南區,建物,臺南市安南區安中路二段61~90號,0.0,,,,1080104,土地0建物1車位0,一層,4,店面(店鋪),見其他登記事項,鋼筋混凝土構造,1030324,135.3,2,0,1,有,無,無,25000,185,,0.0,0,1.租賃契約書無填寫土地租賃面積2.由所有權人提供租屋資訊3.承租人承租一樓及二樓,RPQNMLQKJHOFFBD08CC
新市區,建物,臺南市新巿區華美街1~30號,93.47,,,,1080110,土地0建物0車位0,全,4,透天厝,住商用,鋼筋混凝土構造,0890211,192.22,9,0,9,有,無,有,3500,18,,0.0,0,有民情風俗因素之交易。;,RPVNMLQKJHOFFHD56CC
永康區,建物,臺南市永康區六合路61~90號,0.0,住,,,1071228,土地0建物1車位0,全,2,透天厝,住家用,鋼筋混凝土構造,0791107,355.47,5,2,4,有,無,有,22000,62,,0.0,0,1.合約書無填具土地租賃面積.2.由所有權人提供出租資訊3.租金已包含車位,RPUNMLQKJHOFFKD76CC
東區,建物,臺南市東區崇德18街91~120號,0.0,住,,,1071220,土地0建物1車位0,三層,6,華廈(10層含以下有電梯),住家用,鋼筋混凝土構造,0830207,65.52,2,1,1,有,無,有,9900,151,,0.0,0,參加106年度臺南市社會住宅包租代管試辦計畫，租金為市價9折,RPQNMLQKJHOFFCD18CC
東區,建物,臺南市東區林森路一段151~180號,0.0,,,,1080105,土地0建物1車位0,九層,12,住宅大樓(11層含以上有電梯),商業用,鋼筋混凝土構造,0790926,22.64,1,0,1,有,有,有,4000,177,,0.0,0,,RPRNMLQKJHOFFCD28CC
北區,建物,臺南市北區公園南路361~390號,0.0,,,,1080101,土地0建物1車位0,十一層,18,住宅大樓(11層含以上有電梯),住家用,鋼筋混凝土造,0840912,114.69999999999999,3,2,2,有,有,有,15500,135,,0.0,0,,RPTNMLQKJHOFFAD28CC
中西區,建物,臺南市中西區中正路241~270號,0.0,,,,1080103,土地0建物1車位0,見其他登記事項,3,店面(店鋪),商業用,鋼筋混凝土加強磚造,,262.29,0,1,1,有,無,無,43500,166,,0.0,0,,RPWNMLQKJHOFFAD58CC
中西區,建物,臺南市中西區頂美一街1~30號,0.0,,,,1080104,土地0建物1車位0,三層,7,華廈(10層含以下有電梯),住家用,鋼筋混凝土造,0661202,34.37,1,0,1,有,有,有,7500,218,,0.0,0,,RPXNMLQKJHOFFAD68CC
中西區,建物,臺南市中西區大同路一段46巷31~60號,0.0,商,,,1071224,土地0建物1車位0,五層,5,套房(1房1廳1衛),見其他登記事項,鋼筋混凝土造,0870706,32.3,1,1,1,有,無,有,5400,167,,0.0,0,參加106年度臺南市社會住宅包租代管試辦計畫，租金為市價9折,RPPOMLQKJHOFFAD97CC
中西區,建物,臺南市中西區大同路一段46巷31~60號,0.0,商,,,1071227,土地0建物1車位0,四層,5,套房(1房1廳1衛),見其他登記事項,鋼筋混凝土造,0870706,33.44,1,1,1,有,無,有,5400,161,,0.0,0,參加106年度臺南市社會住宅包租代管試辦計畫，租金為市價9折,RPROMLQKJHOFFAD18CC
中西區,建物,臺南市中西區頂美一街1~30號,0.0,,,,1080107,土地0建物1車位0,三層,7,華廈(10層含以下有電梯),住家用,鋼筋混凝土造,0661202,43.62,1,0,1,有,有,有,7800,179,,0.0,0,,RPSOMLQKJHOFFAD28CC
安平區,建物,臺南市安平區育平路31~60號,0.0,,,,1080107,土地0建物1車位0,三層,14,住宅大樓(11層含以上有電梯),見其他登記事項,見其他登記事項,1021125,57.769999999999996,2,1,1,有,有,有,20000,346,,0.0,0,,RPUOMLQKJHOFFAD48CC
安平區,房地(土地+建物),臺南市安平區慶平路151~180號,8.75,商,,,1071220,土地1建物1車位0,八層,12,住宅大樓(11層含以上有電梯),住家用,鋼筋混凝土造,0800604,100.17,2,2,2,有,有,有,12000,120,,0.0,0,,RPQQMLQKJHOFFAD28CC
南區,房地(土地+建物),臺南市南區夏林路31~60號,1681.0,住,,,1080101,土地1建物1車位0,見其他登記事項,3,店面(店鋪),住商用,鋼筋混凝土構造,0701125,138.08,4,3,4,有,無,無,23000,167,,0.0,0,有民情風俗因素之交易。;,RPTOMLRKJHOFFCD68CC
永康區,建物,臺南市永康區永大路三段618巷55弄1~30號,0.0,住,,,1080113,土地0建物1車位0,全,4,透天厝,住家用,見其他登記事項,1020403,198.19,3,2,5,有,無,無,25000,126,,0.0,0,,RPPNMLRKJHOFFKD98CC
安平區,房地(土地+建物),臺南市安平區建平五街22巷36弄31~60號,8.54,住,,,1071222,土地2建物1車位0,四層,6,華廈(10層含以下有電梯),住家用,鋼筋混凝土造,0811105,41.12,1,0,1,有,無,有,7500,182,,0.0,0,,RPWNMLRKJHOFFAD78DC
安南區,建物,臺南市安南區北安路二段91~120號,0.0,住,,,1080117,土地0建物1車位0,全,4,透天厝,住商用,鋼筋混凝土構造,0870514,118.75999999999999,2,1,1,有,無,有,8000,67,,0.0,0,有民情風俗因素之交易。;1.合約書無填具土地租賃面積.2.由所有權人提供出租資訊3.實際租賃樓層為4+5樓含5樓增建約37.47平方公尺,RPTNMLSKJHOFFBD58CC
中西區,建物,臺南市中西區金華路三段211~240號,0.0,,,,1080115,土地0建物1車位21,見其他登記事項,18,住宅大樓(11層含以上有電梯),見其他登記事項,鋼筋混凝土造,0840704,6011.82,62,3,61,有,有,有,800000,133,坡道平面,0.0,0,,RPPNMLSKJHOFFAD08CC
北區,房地(土地+建物),臺南市北區公園南路361~390號,2.9,住,,,1080116,土地1建物1車位0,四層,14,住宅大樓(11層含以上有電梯),見其他登記事項,見其他登記事項,0960824,18.82,1,0,1,有,有,有,7500,399,,0.0,0,,RPQNMLTKJHOFFAD28CC
安平區,房地(土地+建物)+車位,臺南市安平區慶平路481~510號,11.28,商,,,1080115,土地1建物1車位1,十四層,20,住宅大樓(11層含以上有電梯),住家用,鋼筋混凝土造,0840516,163.29,2,2,2,有,有,有,15000,92,坡道平面,0.0,0,,RPWNMLTKJHOFFAD88CC
新營區,房地(土地+建物),臺南市新營區復興路391~420號,897.0,住,,,1080103,土地15建物2車位0,全,3,透天厝,見其他登記事項,鋼筋混凝土構造,0880614,1039.84,0,0,0,無,無,有,75000,72,,0.0,0,1.108.01.05-108.02.14為裝修期，無租金。2.108.02.15-108.05.14每月租金為37500元3.108.05.15-112.05.17每月租金為75000元4.112.05.15-119.11.14每月租金為80000元,RPPNMLTKJHOFFDD48CC
中西區,建物,臺南市中西區五妃街241~270號,0.0,住,,,1080103,土地0建物1車位0,五層,8,華廈(10層含以下有電梯),見其他登記事項,鋼筋混凝土造,0931203,56.629999999999995,1,1,1,有,有,有,14000,247,,0.0,0,,RPWOMLLLJHOFFAD38DC
永康區,房地(土地+建物),臺南市永康區中正北路451~480號,99.71,商,,,1080118,土地2建物1車位0,一層,3,店面(店鋪),住商用,鋼筋混凝土構造,0691219,43.23,0,0,0,無,無,無,40000,925,,0.0,0,,RPSNMLLLJHOFFKD78CC
永康區,建物,臺南市永康區中華二路266巷31~60號,0.0,住,,,1080116,土地0建物1車位0,三層,7,華廈(10層含以下有電梯),住家用,鋼筋混凝土構造,0870602,31.45,1,1,1,有,有,有,8900,283,,0.0,0,,RPROMLMLJHOFFKD88CC
安南區,土地,十字段751~780地號,169.23,其他,,,1080107,土地1建物0車位0,,,其他,,,,0.0,1,0,0,有,無,無,7000,41,,0.0,0,含建物未保存登記約6坪,RPUOMLMLJHOFFBD28CC
安平區,房地(土地+建物),臺南市安平區健康路三段301~330號,12.1,商,,,1070121,土地1建物1車位0,一層,23,住宅大樓(11層含以上有電梯),見其他登記事項,見其他登記事項,1060124,156.71,3,2,2,有,無,無,20000,128,,0.0,0,,RPQNMLMLJHOFFAD67CC
安平區,建物,臺南市安平區建平十七街121~150號,0.0,商,,,1080103,土地0建物1車位0,十一層,16,住宅大樓(11層含以上有電梯),住家用,鋼筋混凝土造,0840819,177.37,3,2,2,有,有,有,21000,118,,0.0,0,,RPRPMLMLJHOFFAD97CC
北區,建物,臺南市北區實踐街31~60號,0.0,住,,,1080115,土地0建物1車位0,全,2,透天厝,住商用,加強磚造,0671207,95.79,2,1,2,有,無,有,12000,125,,0.0,0,,RPSPMLMLJHOFFAD08CC
北區,建物,臺南市北區北忠街58巷31~60號,0.0,商,,,1080120,土地0建物1車位0,一層,5,公寓(5樓含以下無電梯),住家用,鋼筋混凝土造,0700703,69.45,2,1,1,有,無,無,10000,144,,0.0,0,,RPTPMLMLJHOFFAD18CC
北區,建物,臺南市北區公園路1074巷1~30號,0.0,住,,,1080121,土地0建物1車位0,全,2,透天厝,住家用,加強磚造,0621112,90.09,4,2,5,有,無,有,20000,222,,0.0,0,,RPVNMLNLJHOFFAD28CC
中西區,房地(土地+建物),臺南市中西區民生路一段151~180號,81.67,商,,,1080101,土地1建物1車位0,見其他登記事項,3,店面(店鋪),住商用,磚造,0450101,237.36,0,0,0,無,無,無,40000,169,,0.0,0,,RPROMLNLJHOFFAD97CC
中西區,房地(土地+建物),臺南市中西區民生路一段151~180號,100.54,商,,,1080101,土地1建物1車位0,見其他登記事項,5,店面(店鋪),住商用,加強磚造,0540101,474.34,0,0,0,無,無,無,50000,105,,0.0,0,,RPSOMLNLJHOFFAD08CC
南區,房地(土地+建物),臺南市南區大同路二段391~420號,156.6,住,,,1080107,土地1建物1車位0,五層,5,辦公商業大樓,見其他登記事項,鋼筋混凝土構造,0850625,339.15,0,0,0,無,無,有,25000,74,,0.0,0,,RPOOMLNLJHOFFCD87CC
東區,建物,臺南市東區林森路二段192巷50弄1~30號,0.0,,,,1080109,土地0建物1車位0,三層,5,公寓(5樓含以下無電梯),住家用,鋼筋混凝土構造,0740112,67.52,2,1,2,有,無,無,8500,126,,0.0,0,,RPPOMLNLJHOFFCD97CC
安南區,建物,臺南市安南區同安路167巷121~150號,0.0,住,,,1080121,土地0建物1車位0,全,4,透天厝,見其他登記事項,鋼筋混凝土構造,1001223,19.84,1,0,1,有,無,有,6000,302,,0.0,0,1.合約書無填具土地租賃面積.2.由所有權人提供出租資訊3.此租賃物件為分租套房套房面積約19.84平方公尺,RPXOMLNLJHOFFBD68CC
安定區,建物,臺南市安定區港口361~390號,0.0,,鄉村區,乙種建築用地,1080122,土地0建物1車位0,全,3,透天厝,住家用,鋼筋混凝土構造,0830427,148.98,4,1,3,有,無,無,16000,107,,0.0,0,,RPTNMLNLJHOFFHD78CC
永康區,建物,臺南市永康區南工街247巷33弄1~30號,0.0,住,,,1080118,土地0建物1車位0,全,2,透天厝,住家用,加強磚造,0651111,88.8,3,2,2,有,無,無,10000,113,,0.0,0,,RPUNMLNLJHOFFKD56CC
永康區,建物,臺南市永康區永安二街1~30號,0.0,,,,1080109,土地0建物1車位1,一層,7,華廈(10層含以下有電梯),住家用,鋼筋混凝土構造,0830122,148.63,2,2,2,有,有,有,12500,84,坡道平面,0.0,0,,RPWNMLNLJHOFFKD76CC
永康區,建物,臺南市永康區永大路二段1111~1140號,0.0,住,,,1080104,土地0建物0車位0,地下一層,19,倉庫,見其他登記事項,鋼筋混凝土構造,0830711,73.74000000000001,0,1,0,有,有,無,5000,,,0.0,0,租金含管理費,RPWOMLOLJHOFFKD96CC
東區,建物,臺南市東區中華東路二段243巷44弄1~30號,0.0,,,,1080112,土地0建物1車位0,全,3,透天厝,住家用,鋼筋混凝土構造,0690730,127.48,5,1,3,有,無,有,15000,118,,0.0,0,,RPOOMLOLJHOFFCD97CC
東區,建物,臺南市東區府連東路31~60號,0.0,商,,,1080102,土地0建物0車位0,騎樓,4,店面(店鋪),住商用,鋼筋混凝土構造,0810502,20.38,0,0,0,無,無,無,12000,589,,0.0,0,,RPROMLOLJHOFFCD28CC
東區,建物,臺南市東區大學路12巷1~30號,0.0,住,,,1080110,土地0建物0車位0,見其他登記事項,5,店面(店鋪),見其他登記事項,鋼筋混凝土構造,1060614,104.0,0,2,1,有,無,無,30000,288,,0.0,0,,RPSOMLOLJHOFFCD38CC
安平區,建物,臺南市安平區建平十二街121~150號,0.0,,,,1080111,土地0建物1車位1,六層,6,華廈(10層含以下有電梯),住家用,鋼筋混凝土造,0810904,98.8,2,1,1,有,有,有,13800,140,坡道機械,0.0,0,,RPQPMLOLJHOFFAD08CC
中西區,建物,臺南市中西區金華路三段211~240號,0.0,商,,,1080107,土地0建物1車位0,見其他登記事項,12,住宅大樓(11層含以上有電梯),住家用,鋼筋混凝土造,0750121,124.75,3,2,2,有,有,有,13500,108,,0.0,0,,RPWPMLOLJHOFFAD68CC
安平區,房地(土地+建物),臺南市安平區育平九街31~60號,136.6,住,,,1080114,土地1建物1車位0,全,1,透天厝,見其他登記事項,見其他登記事項,1060623,84.19,1,1,1,有,無,無,16000,190,,0.0,0,,RPWNMLPLJHOFFAD58CC
安平區,建物,臺南市安平區國平路1~30號,0.0,,,,1080114,土地0建物1車位0,一層,5,店面(店鋪),見其他登記事項,見其他登記事項,0950324,59.92,0,1,1,有,無,無,20000,334,,0.0,0,,RPPOMLPLJHOFFAD97CC
安平區,建物,臺南市安平區育平路211~240號,0.0,,,,1080115,土地0建物1車位0,十三層,17,住宅大樓(11層含以上有電梯),住家用,鋼筋混凝土造,0840729,77.6,2,1,1,有,有,有,10000,129,,0.0,0,,RPQOMLPLJHOFFAD08CC
安平區,建物,臺南市安平區育平路211~240號,0.0,,,,1080116,土地0建物1車位1,九層,17,住宅大樓(11層含以上有電梯),住家用,鋼筋混凝土造,0840729,155.06,4,1,2,有,有,有,21000,135,坡道平面,34.39,0,,RPTOMLPLJHOFFAD38CC
東區,土地,東光段541~570地號,7433.0,商,,,1080107,土地4建物0車位0,,,其他,,,,0.0,0,0,0,有,無,無,600000,81,,0.0,0,土地上有未保存登記建物做店面使用、租賃期間含免租金裝潢期3個月,RPPNMLPLJHOFFCD08CC
東區,建物,臺南市東區慶東街127巷1~30號,0.0,,,,1080113,土地0建物1車位0,二層,5,公寓(5樓含以下無電梯),住家用,鋼筋混凝土構造,0690912,84.80000000000001,3,1,4,有,無,有,10000,118,,0.0,0,,RPWNMLPLJHOFFCD78CC
永康區,土地,頂西段151~180地號,0.0,工,,,1080118,土地1建物0車位0,,,其他,,,,0.0,0,0,0,有,無,無,18000,0,,0.0,0,有民情風俗因素之交易。;,RPWNMLPLJHOFFKD96CC
仁德區,房地(土地+建物),臺南市仁德區北保路91~120號,78.18,住,,,1080124,土地1建物1車位0,全,4,透天厝,住家用,鋼筋混凝土構造,0870414,218.83,4,2,4,有,無,無,21000,96,,0.0,0,,RPVNMLPLJHOFFID66CC
永康區,房地(土地+建物),臺南市永康區中正北路421~450號,95.5,住,,,1080125,土地1建物1車位0,見其他登記事項,3,店面(店鋪),見其他登記事項,鋼筋混凝土構造,0700527,190.06,6,2,3,有,無,無,25000,132,,0.0,0,,RPQNMLQLJHOFFKD09CC
歸仁區,房地(土地+建物),臺南市歸仁區中山路三段211~240號,91.73,住,,,1080102,土地1建物1車位0,見其他登記事項,4,店面(店鋪),住商用,鋼筋混凝土構造,0991224,249.09,5,3,5,有,無,無,22000,88,,0.0,0,,RPPNMLRLJHOFFID88CC
北區,房地(土地+建物),臺南市北區公園南路331~360號,13.05,住,,,1080123,土地1建物1車位0,十三層,14,住宅大樓(11層含以上有電梯),見其他登記事項,見其他登記事項,0960824,89.35,3,2,2,有,無,有,24000,269,,0.0,0,,RPPNMLRLJHOFFAD08CC
北區,房地(土地+建物)+車位,臺南市北區公園南路370巷1~30號,22.44,住,,,1080126,土地1建物1車位1,十一層,18,住宅大樓(11層含以上有電梯),住家用,鋼筋混凝土造,0840912,110.48,3,2,2,有,有,有,16000,145,坡道機械,8.37,0,,RPQNMLRLJHOFFAD18CC
中西區,建物,臺南市中西區中正路211~240號,0.0,商,,,1080110,土地0建物1車位0,二層,4,店面(店鋪),住商用,鋼筋混凝土加強磚造,,204.96,0,0,0,無,無,無,75000,366,,0.0,0,,RPVOMLSLJHOFFAD88CC
安南區,土地,本淵段31~60地號,400.0,農,,,1080126,土地1建物0車位0,,,其他,,,,0.0,0,0,0,有,無,無,31000,78,,0.0,0,租賃部份土地面積約120坪，含地上未保存建物。,RPQNMLSLJHOFFBD38CC
善化區,建物,臺南市善化區建國路1~30號,0.0,住,,,1080111,土地0建物1車位0,三層,5,華廈(10層含以下有電梯),見其他登記事項,鋼筋混凝土構造,1061003,106.71000000000001,2,1,2,有,無,有,16500,155,,0.0,0,1.合約書無填具土地租賃面積.2.由所有權人提供出租資訊3.租金已包含車位,RPQNMLTLJHOFFHD09CC
仁德區,建物,臺南市仁德區仁德村中山路687巷1~30號,0.0,,,,1080116,土地0建物1車位0,全,4,透天厝,住商用,鋼筋混凝土構造,0960215,137.83,4,2,5,有,無,無,25000,181,,0.0,0,1.租賃契約書無填寫土地租賃面積2.由所有權人提供租屋資訊,RPROMLTLJHOFFID76CC
仁德區,建物,臺南市仁德區仁愛里大同路三段490巷31~60號,0.0,,,,1080118,土地0建物1車位0,全,3,透天厝,住商用,鋼筋混凝土構造,0831111,143.62,4,2,2,有,無,無,20000,139,,0.0,0,1.租賃契約書無填寫土地租賃面積2.由所有權人提供租屋資訊,RPSOMLTLJHOFFID86CC
永康區,建物,臺南市永康區勝華街1~30號,0.0,住,,,1080126,土地0建物1車位0,全,5,透天厝,住家用,鋼筋混凝土構造,0860913,42.84,1,1,1,有,無,有,9000,210,,0.0,0,1.合約書無填具土地租賃面積.2.由所有權人提供出租資訊3.此租賃物件為整層分租套房套房面積約42.84平方公尺,RPPNMLTLJHOFFKD66CC
永康區,建物,臺南市永康區中正南路151~180號,0.0,,,,1080129,土地0建物1車位0,一層,1,店面(店鋪),見其他登記事項,見其他登記事項,0751030,192.0,0,0,0,無,無,無,32400,169,,0.0,0,分租部份建物，面積約60坪。,RPXNMLTLJHOFFKD47CC
永康區,建物,臺南市永康區大橋里中華路619巷22弄31~60號,0.0,其他,,,1080114,土地0建物1車位0,全,4,透天厝,住商用,鋼筋混凝土構造,0770620,163.13,4,2,2,有,無,有,16000,98,,0.0,0,房屋用途做辦公室使用,RPSOMLTLJHOFFKD07CC
永康區,建物,臺南市永康區復華里復國一路451~480號,0.0,住,,,1080114,土地0建物0車位0,一層,4,店面(店鋪),住商用,鋼筋混凝土構造,0810512,54.84,0,1,1,有,無,無,26000,474,,0.0,0,,RPTOMLTLJHOFFKD17CC
北區,建物,臺南市北區成功路68巷61~90號,0.0,商,,,1071231,土地0建物1車位0,三層,5,公寓(5樓含以下無電梯),住家用,鋼筋混凝土造,0721207,105.68,3,1,1,有,無,無,9000,85,,0.0,0,,RPOOMLTLJHOFFAD28CC
安平區,建物,臺南市安平區育平路211~240號,0.0,,,,1080119,土地0建物1車位0,十四層,17,住宅大樓(11層含以上有電梯),住家用,鋼筋混凝土造,0840729,69.23,2,1,1,有,有,有,8500,123,,0.0,0,,RPPQMLTLJHOFFAD58CC
東區,建物,臺南市東區東寧路121~150號,0.0,商,,,1080115,土地0建物0車位0,三層,4,店面(店鋪),住商用,鋼筋混凝土構造,0640912,130.05,0,1,1,有,無,有,25000,192,,0.0,0,租賃期間含免租金裝潢期.房屋用途作健身房使用,RPVOMLTLJHOFFCD56CC
東區,建物,臺南市東區東成街28巷1~30號,0.0,住,,,1080105,土地0建物1車位0,三層,5,公寓(5樓含以下無電梯),住家用,鋼筋混凝土構造,0770423,90.44999999999999,2,2,2,有,無,有,9000,100,,0.0,0,,RPQOMLKMJHOFFCD87CC
東區,建物,臺南市東區東寧路541~570號,0.0,,,,1080120,土地0建物1車位1,七層,14,住宅大樓(11層含以上有電梯),住家用,鋼筋混凝土構造,0840325,114.22,3,1,2,有,有,有,18000,158,坡道平面,0.17,0,,RPSOMLKMJHOFFCD08CC
東區,建物,臺南市東區長榮路二段32巷121~150號,0.0,,,,1080124,土地0建物1車位0,四層,5,公寓(5樓含以下無電梯),住家用,鋼筋混凝土構造,0781220,22.93,1,0,1,有,有,有,4500,196,,0.0,0,,RPVOMLKMJHOFFCD38CC
東區,建物,臺南市東區富農街二段73巷1~30號,0.0,住,,,1080116,土地0建物1車位0,三層,5,公寓(5樓含以下無電梯),住家用,鋼筋混凝土構造,0681214,59.550000000000004,2,1,1,有,無,無,9000,151,,0.0,0,,RPXOMLKMJHOFFCD58CC
東區,建物,臺南市東區東門路三段151~180號,0.0,住,,,1080122,土地0建物1車位0,一層,1,店面(店鋪),商業用,見其他登記事項,0950912,329.09,0,0,1,有,無,無,283800,862,,0.0,0,,RPPPMLKMJHOFFCD87CC
東區,建物,臺南市東區林森路一段153巷15弄1~30號,0.0,,,,1080125,土地0建物1車位1,二層,15,住宅大樓(11層含以上有電梯),住家用,鋼筋混凝土構造,0811022,145.26999999999998,4,1,2,有,有,有,15000,103,坡道機械,26.73,0,,RPUPMLKMJHOFFCD38CC
東區,建物,臺南市東區富強三街1~30號,0.0,商,,,1080101,土地0建物1車位0,四層,10,套房(1房1廳1衛),住家用,鋼筋混凝土構造,0951207,82.44999999999999,1,1,1,有,無,有,9540,116,,0.0,0,參加106年度臺南市社會住宅包租代管試辦計畫，租金為市價9折,RPTQMLKMJHOFFCD38CC
東區,建物,臺南市東區東寧路120巷31~60號,0.0,住,,,1080110,土地0建物1車位0,五層,6,套房(1房1廳1衛),住家用,鋼筋混凝土構造,0840410,39.06,1,1,1,有,無,有,9810,251,,0.0,0,參加106年度臺南市社會住宅包租代管試辦計畫，租金為市價9折,RPWQMLKMJHOFFCD68CC
東區,建物,臺南市東區中華東路二段185巷1~30號,0.0,住,,,1080108,土地0建物1車位0,二十層,20,住宅大樓(11層含以上有電梯),住家用,鋼筋混凝土構造,0841106,129.99,3,2,2,有,無,有,18000,138,,0.0,0,參加106年度臺南市社會住宅包租代管試辦計畫，租金為市價9折,RPORMLKMJHOFFCD97CC
安平區,建物,臺南市安平區永華路二段931~960號,0.0,,,,1080120,土地0建物1車位2,四層,26,住宅大樓(11層含以上有電梯),見其他登記事項,見其他登記事項,1030116,500.70000000000005,4,2,5,有,有,有,75000,150,坡道平面,55.12,0,,RPXNMLKMJHOFFAD28CC
北區,建物,臺南市北區實踐街1~30號,0.0,住,,,1080101,土地0建物1車位0,三層,12,住宅大樓(11層含以上有電梯),見其他登記事項,鋼筋混凝土造,0911227,142.88,3,2,2,有,有,無,13000,91,,0.0,0,,RPPOMLKMJHOFFAD57CC
安平區,建物,臺南市安平區健康二街511~540號,0.0,,,,1080124,土地0建物1車位0,全,5,透天厝,住商用,鋼筋混凝土造,0820925,13.22,1,0,1,有,無,有,6000,454,,0.0,0,,RPVOMLKMJHOFFAD18CC
北區,建物,臺南市北區文賢路1122巷78弄1~30號,0.0,,,,1080125,土地0建物1車位0,全,4,透天厝,住商用,鋼筋混凝土造,0690604,136.41,4,2,3,有,無,無,13800,101,,0.0,0,,RPUPMLKMJHOFFAD18CC
中西區,建物,臺南市中西區大仁街61~90號,0.0,,,,1080126,土地0建物1車位0,全,3,透天厝,住家用,磚造,0490101,86.54,4,2,4,有,無,有,20000,231,,0.0,0,,RPWPMLKMJHOFFAD38CC
中西區,建物,臺南市中西區大同路一段46巷31~60號,0.0,商,,,1080101,土地0建物1車位0,五層,5,套房(1房1廳1衛),見其他登記事項,鋼筋混凝土造,0870706,34.07,1,1,1,有,無,有,5400,158,,0.0,0,,RPPQMLKMJHOFFAD77CC
中西區,建物,臺南市中西區大同路一段46巷31~60號,0.0,商,,,1080101,土地0建物1車位0,二層,5,套房(1房1廳1衛),見其他登記事項,鋼筋混凝土造,0870706,32.88,1,1,1,有,無,有,5400,164,,0.0,0,,RPQQMLKMJHOFFAD87CC
北區,建物,臺南市北區北園街8巷1~30號,0.0,商,,,1080110,土地0建物1車位0,五層,19,套房(1房1廳1衛),住家用,鋼筋混凝土造,0851202,34.21,1,1,1,有,無,有,6975,204,,0.0,0,參加106年度臺南市社會住宅包租代管試辦計畫，租金為市價9折,RPTQMLKMJHOFFAD18CC
中西區,建物,臺南市中西區大同路一段46巷31~60號,0.0,商,,,1080101,土地0建物1車位0,四層,5,套房(1房1廳1衛),見其他登記事項,鋼筋混凝土造,0870706,33.89,1,1,1,有,無,有,5400,159,,0.0,0,參加106年度臺南市社會住宅包租代管試辦計畫，租金為市價9折,RPVQMLKMJHOFFAD38CC
北區,建物,臺南市北區公園路509巷8弄31~60號,0.0,住,,,1080101,土地0建物1車位0,四層,4,公寓(5樓含以下無電梯),住家用,鋼筋混凝土造,0790531,28.92,1,1,1,有,無,有,3060,106,,0.0,0,參加106年度臺南市社會住宅包租代管試辦計畫，租金為市價9折,RPWQMLKMJHOFFAD48CC
中西區,建物,臺南市中西區大同路一段46巷31~60號,0.0,商,,,1080113,土地0建物1車位0,二層,5,套房(1房1廳1衛),見其他登記事項,鋼筋混凝土造,0870706,32.94,1,1,1,有,無,有,5400,164,,0.0,0,參加106年度臺南市社會住宅包租代管試辦計畫，租金為市價9折,RPXQMLKMJHOFFAD58CC
中西區,建物,臺南市中西區大同路一段46巷31~60號,0.0,商,,,1080109,土地0建物1車位0,三層,5,套房(1房1廳1衛),見其他登記事項,鋼筋混凝土造,0870706,68.08,1,1,1,有,無,有,8100,119,,0.0,0,參加106年度臺南市社會住宅包租代管試辦計畫，租金為市價9折,RPORMLKMJHOFFAD77CC
永康區,房地(土地+建物),臺南市永康區國華街132巷10弄1~30號,80.62,住,,,1080129,土地1建物1車位0,全,5,透天厝,見其他登記事項,鋼筋混凝土構造,0821014,176.72,4,2,2,有,無,無,15000,85,,0.0,0,,RPQOMLKMJHOFFKD68CC
歸仁區,建物,臺南市歸仁區民權二街31~60號,0.0,住,,,1080105,土地0建物1車位0,全,2,透天厝,住家用,加強磚造,0700402,85.77,3,2,2,有,無,有,12150,142,,0.0,0,參加106年度臺南市社會住宅包租代管試辦計畫，租金為市價9折,RPXPMLKMJHOFFID66CC
新營區,房地(土地+建物),臺南市新營區東平街1~30號,264.0,工,,,1080125,土地1建物1車位0,見其他登記事項,1,廠辦,見其他登記事項,鋼骨鋼筋混凝土造,1070827,159.63,0,1,2,有,無,無,24000,150,,0.0,0,,RPRNMLKMJHOFFDD97CC
新營區,房地(土地+建物),臺南市新營區三民路61~90號,113.87,商,,,1080118,土地1建物1車位0,見其他登記事項,4,店面(店鋪),住商用,鋼筋混凝土構造,0930616,236.67,6,3,4,有,無,無,46000,194,,0.0,0,,RPVNMLLMJHOFFDD48CC
安平區,建物,臺南市安平區育平路61~90號,0.0,住,,,1080130,土地0建物1車位0,十三層,14,住宅大樓(11層含以上有電梯),見其他登記事項,見其他登記事項,1021225,114.02000000000001,2,2,2,有,無,有,19000,167,,0.0,0,,RPPNMLLMJHOFFAD57CC
安平區,建物,臺南市安平區平豐路121~150號,0.0,住,,,1080126,土地0建物1車位0,七層,27,住宅大樓(11層含以上有電梯),見其他登記事項,見其他登記事項,1050604,118.95,2,1,2,有,有,有,22000,185,,0.0,0,,RPQNMLLMJHOFFAD67CC
中西區,建物,臺南市中西區民權路四段331~360號,0.0,住,,,1080103,土地0建物1車位0,八層,21,住宅大樓(11層含以上有電梯),見其他登記事項,見其他登記事項,1011031,211.73,3,1,2,有,有,有,43000,203,,0.0,0,,RPTNMLLMJHOFFAD97CC
東區,建物,臺南市東區崇德13街31~60號,0.0,住,,,1080101,土地0建物1車位0,全,2,透天厝,住家用,鋼筋混凝土構造,0760302,146.8,2,2,2,有,無,有,18000,123,,0.0,0,參加106年度臺南市社會住宅包租代管試辦計畫，租金為市價9折,RPOOMLLMJHOFFCD77CC
東區,建物,臺南市東區前鋒路85巷1~30號,0.0,住,,,1080116,土地0建物1車位0,六層,7,華廈(10層含以下有電梯),住家用,鋼筋混凝土構造,0721214,111.33,3,2,1,有,無,有,11000,99,,0.0,0,租金含管理費,RPQNMLLJKHOFFCD67CC
中西區,建物,臺南市中西區府前路二段271~300號,0.0,住,,,1080114,土地0建物1車位0,見其他登記事項,5,店面(店鋪),住商用,鋼筋混凝土造,0790307,515.1,12,2,10,有,無,有,80000,155,,0.0,0,,RPPNMLLJKHOFFAD37CC
安平區,建物,臺南市安平區建平七街571~600號,0.0,商,,,1080104,土地0建物1車位0,一層,1,店面(店鋪),見其他登記事項,見其他登記事項,1061020,84.13,0,0,0,無,無,無,35000,416,,0.0,0,,RPQPMLLJKHOFFAD67CC
永康區,建物,臺南市永康區西灣里國光八街1~30號,0.0,住,,,1080118,土地0建物1車位0,六層,7,華廈(10層含以下有電梯),住家用,鋼筋混凝土構造,0810604,102.88,3,2,2,有,有,有,9000,87,,0.0,0,,RPWNMLLJKHOFFKD09CC
