﻿編號,土地區段位置,土地移轉面積平方公尺,使用分區或編定
The serial number,land sector position,land shifting area square meter,the use zoning or compiles and checks
RPXNMLMKJINFFBE48CC,新興段一小段,9.88,都市：商
RPXNMLMKJINFFBE48CC,新興段一小段,3.47,都市：商
RPXNMLMKJINFFBE48CC,新興段一小段,.31,都市：商
RPWNMLMKJINFFBE38CC,成功段,15.22,都市：商
RPVNMLMKJINFFBE28CC,五塊厝段三小段,26.28,都市：住
RPPOMLMKJINFFBE77CC,苓東段,18.49,都市：商
RPPOMLMKJINFFBE77CC,苓東段,1.80,都市：其他
RPPOMLMKJINFFBE77CC,苓東段,2.11,都市：住
RPRNMLMKJINFFBE87CC,新興段三小段,63.26,都市：商
RPQOMLMKJINFFBE87CC,新興段一小段,.00,都市：商
RPQOMLMKJINFFBE87CC,新興段一小段,.00,都市：商
RPOOMLMKJINFFIE38CC,翠屏段,53.00,都市：商
RPOOMLMKJINFFIE38CC,翠屏段,18.00,都市：商
RPRNMLMKJINFFDE08CC,獅頭段一小段,.00,都市：住
RPUNMLMKJINFFDE38CC,大順段,.00,都市：商
RPUNMLMKJINFFDE38CC,大順段,.00,都市：商
RPUNMLMKJINFFDE38CC,大順段,.00,都市：商
RPUNMLNKJINFFLE66CC,大寮段二小段,1651.00,都市：工
RPUNMLNKJINFFLE66CC,大寮段二小段,1651.00,都市：工
RPUNMLNKJINFFLE66CC,大寮段二小段,2314.00,都市：工
RPOOMLMKJINFFAE57CC,青海段,21.49,都市：住
RPTNMLMKJINFFAE97CC,文東段,.00,都市：商
RPTNMLMKJINFFAE97CC,文東段,.00,都市：商
RPSOMLNKJINFFDE38CC,中華段二小段,195.66,都市：商
RPSNMLMKJINFFDE28DC,三塊厝段,107.00,都市：商
RPVOMLMKJINFFEE68CC,芎蕉段,7.12,都市：住
RPROMLMKJINFFDE18CC,覆鼎金段覆鼎金小段,37.72,都市：住
RPOOMLNKJINFFEE08CC,新庄段十三小段,.00,非都市： ; 非都市編定：
RPTNMLNKJINFFDE38CC,大港段三小段,76.00,都市：商
RPVNMLNKJINFFGE88CC,新庄子段,.00,都市：其他
RPVNMLNKJINFFGE88CC,新庄子段,.00,都市：其他
RPVNMLNKJINFFGE88CC,新庄子段,.00,都市：其他
RPTNMLNKJINFFGE68CC,鳳甲段,4179.94,都市：住
RPROMLMKJINFFEE28CC,德昌段,13.77,都市：住
RPWOMLNKJINFFEE88CC,新庄段四小段,80.00,都市：住
RPSOMLMKJINFFEE38CC,清楠段,26.59,都市：住
RPRPMLMKJINFFEE38CC,新庄段十二小段,224.00,都市：住
RPQNMLNKJINFFAE77CC,青海段,26.67,都市：住
RPQOMLOKJINFFBE08CC,林德官段,6.04,都市：商
RPOTMLNKJINFFBE28CC,過田子段,13.17,都市：商
RPSOMLNKJINFFBE18CC,林德官段一小段,24.21,都市：住
RPQUMLOKJINFFBE68CC,林德官段一小段,16.53,都市：其他
RPXRMLOKJINFFBE09CC,林德官段一小段,22.33,都市：商
RPTVMLOKJINFFBE09CC,意誠段,6.20,都市：商
RPOPMLNKJINFFBE87CC,林德官段一小段,11.25,都市：商
RPRPMLNKJINFFBE18CC,新興段二小段,12.73,都市：商
RPPNMLOKJINFFEE18CC,新庄段十三小段,.00,都市：商
RPPNMLOKJINFFEE18CC,新庄段十三小段,.00,都市：商
RPRNMLOKJINFFAE97CC,青海段,.00,都市：住
RPQNMLOKJINFFEE38DC,楠都段四小段,18.45,都市：住
RPVNMLOKJINFFEE78CC,新庄段十二小段,28.84,都市：住
RPQPMLPKJINFFIE98CC,澄合段商五小段,1796.13,都市：商
RPPOMLOKJINFFAE87CC,青海段,78.00,都市：住
RPWNMLOKJINFFGE09CC,文英段,.00,都市：住
RPQOMLPKJINFFDE38CC,三塊厝段四小段,.00,都市：住
RPROMLPKJINFFDE48CC,水源段,.00,都市：住
RPPOMLPKJINFFAE97CC,內惟段九小段,.00,都市：住
RPPOMLPKJINFFAE97CC,內惟段九小段,.00,都市：住
RPOOMLPKJINFFAE87CC,龍華段八小段,.00,都市：商
RPVNMLPKJINFFAE48CC,青海段,17.58,都市：住
RPOOMLPKJINFFCE08CC,光華段,26.46,都市：住
RPTNMLOKJINFFCE38CC,獅甲段,.00,都市：商
RPTNMLOKJINFFCE38CC,獅甲段,.00,都市：商
RPVNMLNKJINFFCE48CC,盛興段,13.56,都市：住
RPSOMLQKJINFFCE58CC,瑞隆段三小段,54.97,都市：商
RPVOMLQKJINFFCE88CC,瑞崗段四小段,.00,都市：商
RPRVMLPKJINFFBE98CC,大統段二小段,.00,都市：商
RPVQMLPKJINFFBE88CC,意誠段,.00,都市：商
RPQNMLQKJINFFBE18CC,大統段二小段,12.53,都市：商
RPSNMLNKJINFFCE18CC,愛群段,39.73,都市：商
RPUPMLPKJINFFBE68CC,林德官段二小段,.00,都市：商
RPROMLNKJINFFCE18CC,愛群段,6.11,都市：商
RPUOMLNKJINFFCE48CC,瑞隆段二小段,61.00,都市：住
RPRNMLNKJINFFCE08CC,愛群段,4.50,都市：商
RPPNMLRKJINFFAE08CC,青海段,9.25,都市：商
RPVNMLQKJINFFAE58CC,龍華段八小段,15.27,都市：商
RPVNMLQKJINFFAE58CC,龍華段八小段,10.47,都市：商
RPPNMLSKJINFFDE58DC,大港段,8.75,都市：商
RPSOMLQKJINFFAE38CC,前金段,92.00,都市：商
RPRNMLRKJINFFAE28CC,青海段,114.50,都市：住
RPOQMLQKJINFFEE58CC,德昌段,.00,都市：住
RPWOMLQKJINFFDE09CC,建安段,.00,都市：商
RPWOMLQKJINFFDE09CC,建安段,.00,都市：其他
RPROMLQKJINFFEE68CC,左東段,11.02,都市：住
RPUNMLTKJINFFAE78CC,民生段,.00,都市：商
RPWNMLTKJINFFIE17CC,林內段,144.72,都市：住
RPPNMLSKJINFFIE09DC,新後港西段,88.11,都市：住
RPPOMLTKJINFFIE56CC,烏林段,3170.37,非都市：一般農業區 ; 非都市編定：農牧用地
RPPSMLQKJINFFBE58CC,意誠段,5.50,都市：商
RPUOMLTKJINFFAE88CC,興福段,81.00,都市：商
RPUOMLTKJINFFAE88CC,興福段,65.00,都市：商
RPUNMLRKJINFFEE98CC,新庄段四小段,68.00,都市：住
RPVNMLTKJINFFEE66CC,清楠段,25.92,都市：住
RPVOMLTKJINFFAE98CC,青海段,9.18,都市：住
RPSPMLKLJINFFEE38CC,莒光段一小段,23.05,都市：住
RPSPMLKLJINFFEE38CC,莒光段一小段,8.26,都市：住
RPSNMLTKJINFFGE56CC,新甲段,9.64,都市：住
RPPNMLKLJINFFDE77CC,澄東段,21.02,都市：住
RPRNMLTKJINFFGE09CC,竹子腳段,22.84,都市：住
RPTNMLTKJINFFGE66CC,竹子腳段,.00,都市：住
RPPPMLTKJINFFDE78CC,獅頭段一小段,11.19,都市：商
RPVNMLTKJINFFGE86CC,文山段,38.06,都市：住
RPVOMLTKJINFFBE09CC,林德官段一小段,25.71,都市：商
RPVOMLTKJINFFBE09CC,林德官段一小段,57.14,都市：商
RPUNMLLLJINFFJE98CC,環球段,477.43,都市：其他
RPSNMLKLJINFFAE77CC,龍中段,38.14,都市：商
RPPNMLTKJINFFIE09CC,育才段,.00,都市：住
RPTNMLLLJINFFAE97CC,青海段,28.72,都市：住
RPTNMLLLJINFFAE97CC,青海段,24.27,都市：住
RPPOMLLLJINFFIE48CC,大腿段,5410.00,都市：工
RPSNMLKLJINFFIE68DC,草潭段,9.95,都市：住
RPPOMLLLJINFFAE67CC,青海段,40.60,都市：商
RPUOMLKLJINFFAE08CC,文東段,16.00,都市：商
RPUOMLKLJINFFAE08CC,文東段,40.00,都市：商
RPPNMLLLJINFFBE67CC,過田子段,50.75,都市：商
RPXOMLLLJINFFDE78CC,德北段,11.12,都市：住
RPSOMLLLJINFFGE58CC,文山段,10.82,都市：住
RPOPMLLLJINFFDE97CC,三塊厝段二小段,.00,都市：商
RPTNMLLLJINFFGE58CC,竹子腳段,22.46,都市：住
RPWNMLLLJINFFCE48CC,愛群段,31.50,都市：住
RPSNMLLLJINFFEE28CC,德昌段,24.60,都市：住
RPQNMLLLJINFFBE77CC,林德官段,94.94,都市：商
RPPOMLLLJINFFEE08CC,清豐段,15.98,都市：住
RPWNMLMLJINFFGE98CC,道爺段下菜園小段,77.00,都市：住
RPTNMLMLJINFFDE38CC,獅頭段,12.05,都市：商
RPQNMLMLJINFFGE38CC,新甲段,32.20,都市：住
RPWNMLMLJINFFDE68CC,灣中段,13.15,都市：住
RPPOMLMLJINFFGE38CC,田中央段,81.84,都市：住
RPOPMLMLJINFFBE87CC,意誠段,.00,都市：商
RPROMLLLJINFFEE28CC,新庄段一小段,68.00,都市：住
RPUOMLMLJINFFAE28CC,青海段,21.65,都市：住
RPVNMLMLJINFFCE48CC,憲德段二小段,12.73,都市：商
RPUNMLMLJINFFEE58CC,新庄段一小段,15.08,都市：其他
RPOPMLLLJINFFEE08CC,新庄段五小段,.00,都市：住
RPOPMLLLJINFFEE08CC,新庄段五小段,.00,都市：住
RPXOMLMLJINFFAE58CC,龍華段八小段,9.32,都市：商
RPXNMLMLJINFFEE88CC,新庄段十三小段,8.28,都市：商
RPPOMLNLJINFFCE08CC,竹北段,18.29,都市：住
RPROMLNLJINFFBE18CC,林德官段,4.42,都市：商
RPVOMLNLJINFFEE88CC,新福段七小段,.00,都市：住
RPXOMLNLJINFFEE09CC,福山段,.00,都市：住
RPWOMLNLJINFFEE98CC,果貿段,.00,都市：住
RPXOMLNLJINFFDE98CC,灣和段,.00,都市：住
RPPPMLNLJINFFDE28CC,獅頭段,29.39,都市：商
RPUNMLMLJINFFLE66CC,新厝北段,240.30,都市：工
RPUNMLMLJINFFIE98CC,神農段,1519.34,都市：住
RPWOMLMLJINFFCE68CC,獅甲段二小段,33.36,都市：住
RPXOMLNLJINFFGE66CC,大貝湖段,248.51,都市：住
RPTNMLOLJINFFCE48CC,愛群段,17.20,都市：商
RPPPMLNLJINFFGE58CC,新庄子段,.00,都市：住
RPTNMLQLJINFFAE48CC,龍中段,1956.97,都市：商
RPOPMLNLJINFFEE28CC,福民段,.00,都市：住
RPPQMLQLJINFFBE48CC,意誠段,.00,都市：商
RPWNMLQLJINFFBE88CC,新興段三小段,82.00,都市：商
RPOQMLQLJINFFBE38CC,意誠段,.00,都市：商
RPUNMLQLJINFFCE78CC,愛群段,7.62,都市：商
RPUNMLQLJINFFAE58CC,龍中段,1956.97,都市：商
RPUNMLQLJINFFBE68CC,新興段四小段,.00,都市：商
RPUNMLQLJINFFBE68CC,新興段四小段,.00,都市：商
RPSNMLOLJINFFCE38CC,愛群段,7.62,都市：商
RPVRMLQLJINFFAE09CC,龍華段八小段,7.24,都市：商
RPTQMLQLJINFFBE88CC,意誠段,5.85,都市：商
RPOOMLQLJINFFIE88CC,烏林段,2845.32,非都市：一般農業區 ; 非都市編定：農牧用地
RPUNMLQLJINFFDE88CC,獅頭段,161.98,都市：商
RPWNMLRLJINFFIE07CC,竹園段,340.00,都市：農
RPVNMLRLJINFFIE96CC,善德段,486.35,都市：農
RPSNMLRLJINFFDE78CC,灣立段,112.63,都市：住
RPVNMLQLJINFFDE98CC,鼎祥段,11.13,都市：住
RPUPMLQLJINFFEE56CC,新庄段十四小段,18.30,都市：住
RPPOMLQLJINFFEE58CC,藍昌段三小段,9.97,都市：商
RPOOMLQLJINFFEE48CC,新福段七小段,9.14,都市：住
RPWOMLRLJINFFGE96CC,鳳翔段,2907.41,都市：住
RPXOMLRLJINFFEE86CC,新庄段八小段,129.00,都市：住
RPPPMLRLJINFFGE98CC,鳳甲段,4179.94,都市：住
RPQNMLOLJINFFAE97CC,青海段,14.71,都市：商
RPOOMLQLJINFFAE08CC,前金段,7.85,都市：商
RPTPMLRLJINFFGE76CC,大貝湖段,.00,非都市： ; 非都市編定：
RPVNMLRLJINFFBE88CC,福河段,70.00,都市：住
RPXNMLRLJINFFBE09CC,武聖段,55.00,都市：住
RPUPMLRLJINFFGE86CC,大貝湖段,.00,非都市： ; 非都市編定：
RPSOMLSLJINFFBE78CC,意誠段,.00,都市：商
RPWNMLSLJINFFDE66CC,大港段二小段,270.00,都市：住
RPWOMLRLJINFFAE98CC,龍中段,540.93,都市：住
RPROMLSLJINFFBE68CC,苓洲段,25.83,都市：商
RPSPMLSLJINFFBE88CC,五塊厝段,17.66,都市：商
RPQPMLSLJINFFDE88CC,覆鼎金段覆鼎金小段,76.00,都市：商
RPUOMLSLJINFFBE98CC,意誠段,.00,都市：商
RPSNMLTLJINFFEE09CC,福山段,396.69,都市：住
RPUNMLTLJINFFGE86CC,華鳳段,24.33,都市：住
RPOPMLSLJINFFBE48CC,意誠段,99.00,都市：商
RPOPMLSLJINFFBE48CC,意誠段,203.00,都市：商
RPSNMLTLJINFFGE66CC,灣頭段,102.50,都市：住
RPSNMLTLJINFFDE98CC,大港段,.00,都市：住
RPVNMLSLJINFFDE56CC,覆鼎金段覆鼎金小段,16.15,都市：商
RPPOMLTLJINFFDE78CC,獅頭段一小段,27.80,都市：住
RPVOMLTLJINFFEE86CC,福山段,7.00,都市：住
RPQNMLTLJINFFEE88CC,楠梓段五小段,.00,都市：住
RPXNMLTLJINFFAE56CC,文東段,.00,都市：商
RPXNMLTLJINFFAE56CC,文東段,.00,都市：商
RPSNMLTLJINFFCE88CC,店鎮段,18.55,都市：住
RPSNMLTLJINFFBE78CC,新興段二小段,.00,都市：商
RPXOMLTLJINFFCE86CC,愛群段,1.45,都市：商
RPWOMLTLJINFFCE76CC,竹北段,20.33,都市：住
RPQNMLTLJINFFCE68CC,瑞隆段一小段,68.00,都市：住
RPTNMLTLJINFFEE56CC,楠梓段五小段,.00,都市：住
RPTNMLTLJINFFBE88CC,新興段二小段,.00,都市：商
RPUOMLTLJINFFAE98CC,前金段,382.00,都市：商
RPPNMLTLJINFFCE58CC,獅甲段二小段,49.72,都市：其他
RPPNMLTLJINFFFE88CC,文化段,5.77,都市：住
RPSNMLKMJINFFAE87CC,龍華段八小段,10.55,都市：商
RPWOMLTLJINFFEE07DC,福民段,27.07,都市：住
RPWPMLKMJINFFBE58CC,林德官段,121.00,都市：商
RPUNMLKMJINFFEE48CC,興隆段,79.00,都市：住
RPTNMLKMJINFFIE78CC,仁德段,146.00,都市：住
RPPOMLKMJINFFEE08CC,新光段,10.30,都市：住
RPSPMLKMJINFFBE18CC,過田子段,70.00,都市：商
RPSPMLKMJINFFBE18CC,過田子段,13.00,都市：商
RPVNMLKMJINFFAE18CC,龍華段一小段,1.48,都市：住
RPVNMLKMJINFFAE18CC,龍華段一小段,21.33,都市：住
RPROMLKMJINFFCE08CC,瑞隆段三小段,.00,都市：商
RPROMLKMJINFFCE08CC,瑞隆段三小段,.00,都市：商
RPTNMLKMJINFFDE28CC,澄東段,199.63,都市：住
RPUNMLKMJINFFDE38CC,澄東段,13.51,都市：住
RPWOMLKMJINFFDE68CC,建工段,9.79,都市：商
RPQOMLKMJINFFDE08CC,有光段,80.25,都市：商
RPOOMLKMJINFFGE18CC,鳳翔段,30.76,都市：住
RPOOMLKMJINFFGE18CC,埤頂段,209.00,都市：住
RPPNMLLJKINFFBE57CC,林德官段,14.53,都市：商
RPWOMLNJKINFFBE58CC,五塊厝段,26.80,都市：住
RPPNMLLJKINFFDE77CC,澄東段,172.33,都市：住
RPXPMLKMJINFFBE68CC,新興段四小段,110.39,都市：商
RPQOMLKMJINFFEE18CC,新民段,5.99,都市：住
RPRQMLNJKINFFGE78CC,新庄子段,54.00,都市：住
RPPOMLNJKINFFCE97CC,愛群段,295.00,都市：商
RPPNMLLJKINFFEE87CC,新庄段八小段,161.00,都市：住
RPPPMLOJKINFFCE18CC,獅甲段二小段,41.23,都市：其他
RPQOMLOJKINFFDE28CC,獅頭段一小段,.00,都市：商
RPVNMLNJKINFFAE28CC,龍華段二小段,80.00,都市：住
RPQNMLOJKINFFCE08CC,宏明段,112.03,都市：住
RPXNMLNJKINFFAE48CC,內惟段四小段,67.00,都市：住
RPXNMLNJKINFFAE48CC,內惟段四小段,65.00,都市：住
RPUNMLOJKINFFAE28CC,前金段,18.81,都市：商
RPXNMLOJKINFFAE58CC,青海段,22.95,都市：住
RPTNMLPJKINFFAE28CC,龍華段一小段,30.80,都市：住
RPOOMLOJKINFFAE77CC,文東段,3.49,都市：住
RPPOMLPJKINFFAE97CC,前金段,.00,都市：商
RPXNMLPJKINFFCE88CC,瑞隆段二小段,25.43,都市：商
RPROMLPJKINFFAE18CC,龍中段,17.84,都市：商
RPWOMLPJKINFFAE68CC,龍中段,11.73,都市：住
RPOOMLPJKINFFCE08CC,盛興段,12.32,都市：住
RPVNMLPJKINFFBE58CC,新興段一小段,10.84,都市：商
RPXOMLOJKINFFGE66CC,新庄子段,77.00,都市：住
RPUOMLPJKINFFDE78CC,獅頭段,9.12,都市：住
RPUNMLPJKINFFBE48CC,福河段,44.30,都市：住
RPWPMLQJKINFFDE56CC,大豐段二小段,64.00,都市：住
RPPOMLPJKINFFEE38CC,和平東段,644.11,都市：住
RPSOMLPJKINFFEE68CC,藍田西段,.00,都市：商
RPVOMLPJKINFFEE98CC,新庄段十三小段,6.52,都市：商
RPQOMLPJKINFFEE48CC,新庄段十三小段,8.28,都市：商
RPOOMLPJKINFFEE28CC,新庄段十二小段,74.74,都市：住
RPPOMLQJKINFFBE18CC,新興段一小段,.00,都市：商
RPVNMLQJKINFFBE68CC,苓洲段,4.33,都市：商
RPUNMLQJKINFFBE58CC,新興段四小段,11.13,都市：商
RPPNMLQJKINFFAE97CC,龍中段,807.29,都市：商
RPQNMLQJKINFFBE18CC,意誠段,.00,都市：商
RPSOMLQJKINFFCE58CC,仁愛段,241.00,都市：工
RPSOMLQJKINFFCE58CC,仁愛段,247.00,都市：工
RPWNMLQJKINFFCE88CC,憲德段二小段,50.00,都市：商
RPQOMLQJKINFFBE28CC,福東段,.00,都市：商
RPQOMLQJKINFFBE28CC,福東段,.00,都市：商
RPUNMLQJKINFFAE48CC,龍華段八小段,.00,都市：商
RPROMLQJKINFFEE68CC,新庄段十三小段,6.23,都市：商
RPXNMLQJKINFFEE56CC,新庄段七小段,15.67,都市：住
RPPNMLRJKINFFDE38CC,灣復段,.00,都市：商
RPPOMLRJKINFFDE48CC,中華段一小段,12.93,都市：商
RPOOMLRJKINFFBE18CC,林德官段,.00,都市：商
RPQPMLRJKINFFCE58CC,獅甲段二小段,.00,都市：住
RPPOMLRJKINFFAE18CC,前金段,7.03,都市：商
RPUNMLRJKINFFAE58CC,龍華段四小段,13.53,都市：住
RPTPMLRJKINFFCE88CC,獅甲段二小段,22.96,都市：住
RPSNMLQJKINFFAE28CC,內惟段六小段,22.17,都市：住
RPQNMLSJKINFFBE38CC,意誠段,.00,都市：商
RPTNMLRJKINFFJE76CC,聖母段,80.22,都市：住
RPRNMLKKKINFFBE77CC,五塊厝段,27.00,都市：商
RPRNMLRJKINFFBE38CC,林德官段一小段,8.25,都市：商
RPTOMLRJKINFFGE56CC,曹公段,332.66,都市：工
RPXOMLRJKINFFGE96CC,埤頂段,.00,都市：住
RPUNMLRJKINFFGE56CC,新庄子段,75.00,都市：住
RPVNMLKKKINFFCE28CC,愛群段,16.99,都市：商
RPRNMLKKKINFFCE87CC,獅甲段,9.15,都市：商
RPRNMLKKKINFFCE87CC,獅甲段,8.41,都市：商
RPUNMLRJKINFFEE98CC,福山段,5.94,都市：商
RPVNMLKKKINFFAE08CC,興福段,13.96,都市：商
RPVNMLKKKINFFEE48CC,新光段,347.13,都市：住
RPPNMLSJKINFFBE28CC,意誠段,.00,都市：商
RPVNMLKKKINFFBE18CC,五塊厝段,18.14,都市：商
RPVNMLKKKINFFDE38CC,大港段,7.87,都市：商
RPRNMLKKKINFFDE97CC,鼎泰段,13.06,都市：住
RPRNMLKKKINFFDE97CC,鼎泰段,35.55,都市：住
RPRNMLKKKINFFDE97CC,鼎泰段,.01,都市：住
RPTNMLKKKINFFFE38CC,岡山段,137.00,都市：住
RPXNMLKKKINFFDE58CC,獅頭段一小段,.00,都市：商
RPQOMLLKKINFFDE08CC,大順段,9.57,都市：商
RPOPMLLKKINFFDE97CC,獅頭段,8.71,都市：住
RPTNMLLKKINFFAE97CC,龍中段,23.63,都市：住
RPSOMLLKKINFFGE58CC,中崙段,85.44,都市：住
RPXNMLLKKINFFBE48CC,成功段,15.88,都市：商
RPQOMLKKKINFFEE08CC,新庄段二小段,34.30,都市：住
RPPOMLLKKINFFCE87CC,獅甲段二小段,14.17,都市：住
RPTNMLLKKINFFBE08CC,意誠段,3.66,都市：商
RPTNMLLKKINFFBE08CC,意誠段,8.08,都市：商
RPOQMLKKKINFFGE28CC,華鳳段,19.15,都市：住
RPTNMLMKKINFFCE28CC,小港段,1157.02,都市：工
RPVNMLMKKINFFCE48CC,獅甲段二小段,12.07,都市：商
RPPNMLMKKINFFAE67CC,龍華段七小段,18.08,都市：住
RPOPMLLKKINFFBE77CC,五塊厝段,69.89,都市：商
RPOPMLLKKINFFBE77CC,五塊厝段,73.14,都市：住
RPQNMLMKKINFFDE08CC,鼎泰段,43.35,都市：住
RPPOMLLKKINFFBE77CC,新興段一小段,9.88,都市：商
RPSNMLMKKINFFCE18CC,光華段,26.96,都市：住
RPVOMLMKKINFFDE68CC,大港段四小段,7.32,都市：住
RPROMLLKKINFFBE97CC,林德官段一小段,15.06,都市：商
RPOOMLMKKINFFCE87CC,店鎮段一小段,13.56,都市：商
RPQNMLMKKINFFAE77CC,青海段,86.15,都市：住
RPSNMLMKKINFFLE09CC,大寮段芎蕉腳小段,2151.00,都市：農
RPRNMLNKKINFFIE78CC,林內段,191.01,都市：住
RPVNMLNKKINFFFE88CC,興龍段,.00,非都市：特定農業區 ; 非都市編定：甲種建築用地
RPXNMLNKKINFFFE09CC,興龍段,.00,非都市：特定農業區 ; 非都市編定：甲種建築用地
RPTNMLMKKINFFEE48CC,果貿段,8.58,都市：住
RPUOMLNKKINFFEE78CC,新福段二小段,17.38,都市：住
RPWNMLNKKINFFDE78CC,灣復段,.00,都市：商
RPQNMLOKKINFFBE08CC,意誠段,.00,都市：商
RPXNMLMKKINFFFE98CC,瓊東段,115.03,非都市：鄉村區 ; 非都市編定：乙種建築用地
RPUNMLNKKINFFIE09CC,北屋段,184.37,都市：商
RPWNMLNKKINFFBE58CC,五塊厝段,.00,都市：商
RPVNMLNKKINFFBE48CC,意誠段,.00,都市：商
RPQOMLNKKINFFBE08CC,新興段二小段,6.56,都市：商
RPTNMLOKKINFFBE38CC,過田子段,38.99,都市：商
RPTNMLOKKINFFBE38CC,過田子段,3.52,都市：商
RPXOMLOKKINFFAE78CC,龍華段三小段,14.99,都市：住
RPPNMLOKKINFFCE08CC,佛公段,27.72,都市：住
RPSOMLOKKINFFAE28CC,前金段,70.00,都市：商
RPOOMLOKKINFFAE87CC,青海段,22.76,都市：住
RPVOMLOKKINFFCE78CC,盛興段,.00,都市：住
RPPNMLOKKINFFAE87CC,民生段,15.80,都市：商
RPPNMLNKKINFFEE18CC,和平段五小段,55.55,都市：商
RPPOMLNKKINFFEE28CC,和平段五小段,13.20,都市：住
RPPOMLNKKINFFEE28CC,和平段五小段,55.55,都市：商
RPVOMLNKKINFFEE88CC,福民段,121.91,都市：住
RPSOMLOKKINFFCE48CC,盛興段,.00,都市：住
RPXNMLOKKINFFDE98CC,澄義段,67.78,都市：住
RPQOMLOKKINFFFE58CC,興龍段,.00,非都市：特定農業區 ; 非都市編定：甲種建築用地
RPROMLOKKINFFFE68CC,興龍段,.00,非都市：特定農業區 ; 非都市編定：甲種建築用地
RPVOMLOKKINFFFE09CC,興龍段,.00,非都市：特定農業區 ; 非都市編定：甲種建築用地
RPOPMLOKKINFFEE38CC,藍田西段,357.12,都市：其他
RPOPMLOKKINFFFE48CC,興龍段,.00,非都市：特定農業區 ; 非都市編定：甲種建築用地
RPPPMLOKKINFFFE58CC,興龍段,.00,非都市：特定農業區 ; 非都市編定：甲種建築用地
RPQOMLOKKINFFEE48CC,新庄段十三小段,6.69,都市：商
RPWOMLOKKINFFFE56CC,興龍段,.00,非都市：特定農業區 ; 非都市編定：甲種建築用地
RPSOMLOKKINFFFE78CC,興龍段,.00,非都市：特定農業區 ; 非都市編定：甲種建築用地
RPVOMLOKKINFFEE98CC,清豐段,80.45,都市：住
RPXOMLOKKINFFFE66CC,大全段,5946.00,都市：工
RPUNMLRKKINFFJE96CC,崎漏段,2583.00,都市：工
RPTPMLOKKINFFFE98CC,興龍段,.00,非都市：特定農業區 ; 非都市編定：甲種建築用地
RPWPMLOKKINFFFE66CC,興龍段,.00,非都市：特定農業區 ; 非都市編定：甲種建築用地
RPTOMLOKKINFFFE88CC,興龍段,.00,非都市：特定農業區 ; 非都市編定：甲種建築用地
RPWNMLRKKINFFIE07CC,仁新段,2328.00,都市：農
RPRPMLOKKINFFFE78CC,興龍段,.00,非都市：特定農業區 ; 非都市編定：甲種建築用地
RPQNMLOKKINFFDE28CC,灣復段,11.04,都市：商
RPVOMLRKKINFFEE66CC,和平東段,.00,都市：住
RPVPMLOKKINFFFE56CC,興龍段,.00,非都市：特定農業區 ; 非都市編定：甲種建築用地
RPUOMLRKKINFFEE56CC,德昌段,.00,都市：住
RPOOMLRKKINFFDE48CC,灣子內段寶珠溝小段,25.46,都市：住
RPPNMLRKKINFFGE78CC,道爺段,62.00,都市：住
RPXNMLRKKINFFDE66CC,建德段,73.00,都市：商
RPVNMLRKKINFFAE78CC,內惟段二小段,11.80,都市：其他
RPOOMLRKKINFFCE38CC,店鎮段,25.16,都市：住
RPXPMLRKKINFFBE66CC,五塊厝段,13.83,都市：商
RPPRMLRKKINFFBE68CC,過田子段,250.00,都市：商
RPPRMLRKKINFFBE68CC,過田子段,48.00,都市：商
RPQRMLRKKINFFBE78CC,意誠段,.00,都市：商
RPRRMLRKKINFFBE88CC,大統段一小段,.00,都市：商
RPXNMLRKKINFFCE56CC,光華段,.00,都市：住
RPTOMLRKKINFFEE09CC,新福段七小段,8.80,都市：住
RPWOMLRKKINFFEE76CC,和平段二小段,21.80,都市：住
RPOPMLRKKINFFEE68CC,新庄段十三小段,32.06,都市：住
RPSRMLRKKINFFBE98CC,新興段四小段,.00,都市：商
RPSRMLRKKINFFBE98CC,新興段四小段,.00,都市：商
RPTNMLSKKINFFBE78CC,新興段四小段,.00,都市：商
RPXNMLRKKINFFAE98CC,前金段,137.19,都市：商
RPRQMLSKKINFFBE88CC,過田子段,13.62,都市：商
RPROMLSKKINFFAE58CC,青海段,21.26,都市：住
RPWNMLSKKINFFCE56CC,獅甲段,.51,都市：住
RPWNMLSKKINFFCE56CC,獅甲段,1.62,都市：住
RPUNMLSKKINFFGE76CC,頂新段,31.99,都市：商
RPOOMLSKKINFFDE58CC,灣中段,13.15,都市：住
RPUOMLSKKINFFDE66DC,三塊厝段,83.00,都市：住
RPUOMLSKKINFFDE66DC,三塊厝段,53.00,都市：住
RPUOMLSKKINFFDE66DC,三塊厝段,14.00,都市：其他
RPROMLRKKINFFCE68CC,獅甲段一小段,33.13,都市：住
RPROMLSKKINFFIE76CC,仁雄段,537.39,都市：住
RPOPMLSKKINFFDE68CC,覆鼎金段覆鼎金小段,.00,都市：住
RPQNMLTKKINFFEE88CC,新庄段五小段,.00,都市：住
RPRNMLTKKINFFEE98CC,新庄段一小段,7.78,都市：住
RPQNMLSKKINFFEE78CC,新庄段十二小段,203.70,都市：住
RPXNMLTKKINFFEE96CC,加昌段二小段,66.14,都市：商
RPSNMLTKKINFFEE09CC,新庄段一小段,7.78,都市：住
RPPOMLTKKINFFEE88CC,新庄段十三小段,8.67,都市：商
RPQOMLTKKINFFEE98CC,新庄段十三小段,6.21,都市：商
RPTNMLTKKINFFDE09CC,建民段,11.75,都市：住
RPQOMLSKKINFFEE88CC,新庄段十三小段,6.70,都市：商
RPRPMLTKKINFFEE56CC,新庄段十三小段,6.22,都市：商
RPSOMLSKKINFFEE09CC,左東段,14.78,都市：住
RPUPMLTKKINFFEE86CC,福山段,13.30,都市：住
RPTNMLTKKINFFGE76CC,埤頂段,45.21,都市：住
RPRNMLTKKINFFAE58CC,府北段五小段,203.29,都市：商
RPWNMLTKKINFFBE56CC,林德官段二小段,30.00,都市：住
RPTNMLSKKINFFGE66CC,頂新段,31.99,都市：商
RPXNMLTKKINFFBE66CC,過田子段,96.00,都市：商
RPVNMLKLKINFFBE28CC,新興段一小段,13.89,都市：商
RPWNMLKLKINFFBE38CC,新興段三小段,4.33,都市：商
RPXNMLKLKINFFBE48CC,成功段,.00,都市：商
RPOPMLKLKINFFGE28CC,七老爺段,14.76,都市：住
RPTOMLKLKINFFCE28CC,仁愛段,.00,都市：住
RPQOMLKLKINFFDE08CC,獅頭段,23.84,都市：住
RPQOMLKLKINFFBE87CC,林德官段一小段,74.00,都市：商
RPROMLKLKINFFBE97CC,林德官段一小段,74.00,都市：商
RPWNMLLLKINFFFE88CC,湖子內段,1083.00,非都市：一般農業區 ; 非都市編定：丁種建築用地
RPTNMLKLKINFFAE97CC,青海段,13.20,都市：商
RPOOMLKLKINFFAE57CC,青海段,.00,都市：住
RPPPMLKLKINFFDE08CC,建德段,21.63,都市：商
RPPPMLKLKINFFDE08CC,建德段,.12,都市：商
RPSPMLKLKINFFEE48CC,清豐段,.00,都市：住
RPVOMLKLKINFFEE68CC,新庄段十三小段,.00,都市：商
RPPNMLLLKINFFIE48CC,灣勢段,495.86,都市：農
RPQNMLLLKINFFIE58CC,竹園段,228.00,都市：工
RPXOMLKLKINFFDE78CC,水源段,.00,都市：住
RPXOMLKLKINFFDE78CC,水源段,.00,都市：商
RPVNMLLLKINFFIE09CC,新後港西段,686.80,都市：住
RPPNMLKLKINFFFE08CC,岡山段,116.00,都市：住
RPSOMLKLKINFFFE48CC,頂蚵子寮段,89.00,都市：商
RPUNMLLLKINFFGE78CC,牛潮埔段,200.00,都市：工
RPOOMLLLKINFFCE87CC,孔宅段,262.00,都市：住
RPVNMLLLKINFFGE88CC,牛潮埔段,224.00,都市：工
RPQOMLLLKINFFDE18CC,大港段七小段,24.50,都市：商
RPTOMLLLKINFFDE48CC,三塊厝段一小段,3.44,都市：商
RPUNMLLLKINFFIE09DC,北屋段,83.10,都市：住
RPSOMLLLKINFFAE08CC,前金段,7.94,都市：商
RPTNMLMLKINFFAE18CC,龍水段一小段,177.00,都市：商
RPTNMLPLKINFFLE96CC,大寮段,742.00,都市：工
RPTNMLPLKINFFLE96CC,大寮段,922.00,都市：工
RPPNMLOLKINFFBE08CC,新興段二小段,.00,都市：商
RPSNMLLLKINFFBE08CC,意誠段,.00,都市：商
RPOPMLOLKINFFBE18CC,林德官段二小段,25.39,都市：住
RPUNMLMLKINFFAE28CC,青海段,20.53,都市：住
RPVNMLOLKINFFFE09CC,灣裡西段,247.67,都市：工
RPUPMLOLKINFFEE09CC,新庄段十二小段,23.41,都市：住
RPUOMLPLKINFFEE09CC,新庄段十二小段,.00,都市：住
RPQOMLPLKINFFEE68CC,新庄段十三小段,4.76,都市：商
RPVPMLPLKINFFEE66CC,新庄段十三小段,8.69,都市：商
RPTPMLPLKINFFEE09CC,新庄段十三小段,6.24,都市：商
RPWPMLPLKINFFEE76CC,菜公段六小段,.00,都市：住
RPOQMLPLKINFFEE68CC,新庄段十三小段,.00,都市：商
RPOQMLPLKINFFEE68CC,新庄段十三小段,.00,都市：商
RPUNMLPLKINFFBE68CC,意誠段,.00,都市：商
RPSOMLPLKINFFBE58CC,五權段,53.00,都市：住
RPSNMLPLKINFFBE48CC,苓雅寮段,3.41,都市：商
RPOPMLPLKINFFBE28CC,新興段四小段,21.56,都市：商
RPXOMLPLKINFFBE09CC,新興段一小段,3.50,都市：商
RPQOMLPLKINFFDE58CC,三塊厝段,.00,都市：商
RPOPMLPLKINFFEE58CC,福山段,17.27,都市：商
RPSNMLPLKINFFAE38CC,青海段,27.31,都市：住
RPVOMLPLKINFFEE56CC,新庄段十三小段,6.69,都市：商
RPROMLPLKINFFEE78CC,藍田中段,78.58,都市：住
RPRNMLQLKINFFAE38CC,龍華段九小段,364.00,都市：住
RPUOMLPLKINFFCE88CC,憲德段二小段,8.44,都市：商
RPPPMLQLKINFFDE68CC,獅頭段二小段,.00,都市：住
RPQOMLQLKINFFDE68CC,中華段一小段,586.00,都市：工
RPPNMLQLKINFFAE18CC,前金段,.00,都市：商
RPPNMLQLKINFFAE18CC,前金段,.00,都市：商
RPUNMLPLKINFFCE78CC,獅甲段一小段,37.07,都市：住
RPSOMLQLKINFFCE78CC,光華段一小段,14.54,都市：商
RPSOMLQLKINFFCE78CC,光華段一小段,16.37,都市：住
RPWPMLQLKINFFDE76CC,三塊厝段,73.00,都市：住
RPRNMLQLKINFFDE68CC,澄東段,.00,都市：住
RPQOMLRLKINFFGE09CC,五甲段,5.40,都市：住
RPQOMLRLKINFFGE09CC,五甲段,10.90,都市：住
RPQOMLRLKINFFGE09CC,五甲段,8.10,都市：住
RPPNMLPLKINFFEE48CC,新庄段十二小段,58.80,都市：商
RPVQMLQLKINFFEE86CC,新庄段十三小段,.00,都市：商
RPVQMLQLKINFFEE86CC,新庄段十三小段,.00,都市：商
RPQSMLQLKINFFEE56CC,新光段,.00,都市：住
RPQSMLQLKINFFEE56CC,新光段,.00,都市：住
RPQSMLQLKINFFEE56CC,新光段,.00,都市：住
RPUNMLRLKINFFDE09CC,大港段二小段,136.00,都市：商
RPUNMLRLKINFFDE09CC,大港段二小段,75.00,都市：商
RPUNMLRLKINFFDE09CC,大港段二小段,63.00,都市：商
RPUNMLRLKINFFDE09CC,大港段二小段,75.00,都市：商
RPWNMLRLKINFFDE66CC,獅頭段,.00,都市：商
RPWOMLRLKINFFDE76CC,三塊厝段,.00,都市：住
RPSNMLRLKINFFAE58CC,龍華段八小段,148.75,都市：商
RPPOMLRLKINFFDE68CC,長明段,.00,都市：住
RPSOMLRLKINFFCE88CC,憲德段一小段,19.96,都市：住
RPPNMLRLKINFFCE48CC,瑞崗段五小段,32.53,都市：住
RPVOMLRLKINFFCE56CC,愛群段,.00,都市：商
RPVNMLRLKINFFIE07CC,尖山腳段,2314.96,非都市：一般農業區 ; 非都市編定：農牧用地
RPVNMLRLKINFFIE07CC,尖山腳段,4476.86,非都市：一般農業區 ; 非都市編定：農牧用地
RPTOMLRLKINFFBE88CC,林德官段一小段,5.69,都市：商
RPTNMLRLKINFFDE98CC,三塊厝段,.00,都市：商
RPUOMLRLKINFFBE98CC,苓洲段,4.33,都市：商
RPPOMLRLKINFFBE48CC,林德官段一小段,74.00,都市：商
RPQPMLRLKINFFCE78CC,憲德段二小段,13.00,都市：商
RPROMLSLKINFFBE78CC,林德官段二小段,66.00,都市：商
RPVNMLSLKINFFBE09CC,林德官段二小段,.00,都市：住
RPXNMLSLKINFFDE86CC,水源段,74.00,都市：商
RPVNMLSLKINFFAE98CC,青海段,35.85,都市：住
RPPQMLSLKINFFGE66CC,五甲段,3536.00,都市：住
RPPNMLTLKINFFBE58CC,意誠段,12.89,都市：商
RPQNMLLMKINFFBE97CC,林德官段二小段,88.00,都市：住
RPRNMLLMKINFFEE38CC,新光段,.00,都市：住
RPQOMLRLKINFFDE78CC,長明段,.00,都市：住
RPXOMLSLKINFFDE96CC,大港段六小段,.00,都市：商
RPPNMLLMKINFFEE18CC,新福段七小段,1520.21,都市：住
RPQNMLLMKINFFEE28CC,新庄段十二小段,.00,都市：住
RPROMLSLKINFFEE09CC,新光段,9.98,都市：住
RPOOMLMJJHOFFDE77CC,鼎泰段,15.65,都市：住
RPPNMLTLKINFFGE09CC,新溪埔段,3348.61,非都市：特定農業區 ; 非都市編定：農牧用地
RPRNMLMJJHOFFGE28CC,新甲段,17.29,都市：住
RPVPMLSLKINFFGE17CC,新甲段,137.00,都市：住
RPROMLMJJHOFFDE08CC,鼎盛段,.00,都市：住
RPRQMLSLKINFFGE86CC,鳳甲段,75.66,都市：住
RPWOMLSLKINFFEE96CC,新博段,25.31,都市：住
RPSOMLMJJHOFFCE08CC,獅甲段,.82,都市：商
RPSOMLMJJHOFFCE08CC,獅甲段,2.59,都市：商
RPSOMLNJJHOFFFE48CC,典寶段,522.51,非都市：一般農業區 ; 非都市編定：甲種建築用地
RPXNMLNJJHOFFIE66DC,新後港西段,96.39,都市：住
RPWNMLNJJHOFFCE48CC,愛群段,.00,都市：商
RPWNMLNJJHOFFCE48CC,愛群段,.00,都市：商
RPWNMLNJJHOFFCE48CC,愛群段,.00,都市：商
RPWNMLNJJHOFFCE48CC,愛群段,.00,都市：商
RPTNMLMJJHOFFEE38DC,新庄段十三小段,576.00,都市：住
RPTNMLNJJHOFFBE08CC,新興段二小段,.00,都市：商
RPVNMLNJJHOFFBE28CC,苓洲段,.00,都市：商
RPSNMLNJJHOFFDE18CC,三塊厝段四小段,.00,都市：商
RPSNMLNJJHOFFDE18CC,三塊厝段四小段,.00,都市：商
RPQOMLNJJHOFFFE28CC,梓義段,1514.88,都市：農
RPQOMLNJJHOFFFE28CC,梓義段,1144.24,非都市：一般農業區 ; 非都市編定：農牧用地
RPQOMLNJJHOFFFE28CC,梓義段,178.13,都市：農
RPQOMLNJJHOFFFE28CC,梓義段,1407.38,非都市：一般農業區 ; 非都市編定：農牧用地
RPVNMLNJJHOFFDE48CC,獅頭段一小段,.00,都市：住
RPUNMLNJJHOFFBE18CC,新興段四小段,5.67,都市：商
RPTNMLNJJHOFFDE28CC,大港段四小段,880.11,都市：住
RPUNMLNJJHOFFEE48CC,興隆段,56.00,都市：商
RPTNMLNJJHOFFGE58CC,新庄子段,57.00,都市：住
RPUNMLNJJHOFFAE08CC,龍華段八小段,.00,都市：商
RPSNMLNJJHOFFAE87CC,龍中段,.00,都市：商
RPOOMLNJJHOFFGE18CC,曹公段,273.90,都市：工
RPTNMLOJJHOFFBE18CC,意誠段,.00,都市：商
RPUNMLOJJHOFFBE28CC,意誠段,.00,都市：商
RPPNMLMJJHOFFEE87CC,新民段,28.41,都市：住
RPSNMLOJJHOFFBE08CC,意誠段,.00,都市：商
RPTNMLNJJHOFFAE97CC,龍華段八小段,.00,都市：商
RPQOMLNJJHOFFGE38CC,文山段,.00,都市：住
RPROMLNJJHOFFEE28CC,新庄段十二小段,76.00,都市：住
RPROMLOJJHOFFEE38CC,新庄段十二小段,10.47,都市：住
RPWNMLOJJHOFFBE48CC,意誠段,.00,都市：商
RPTNMLOJJHOFFDE38CC,陽明段四小段,32.16,都市：住
RPVNMLOJJHOFFBE38CC,意誠段,.00,都市：商
RPXNMLOJJHOFFBE58CC,意誠段,.00,都市：商
RPRNMLOJJHOFFIE68CC,清福段,34.35,都市：其他
RPQNMLOJJHOFFDE08CC,獅頭段,76.00,都市：住
RPQNMLPJJHOFFBE97CC,五塊厝段,.00,都市：商
RPQNMLPJJHOFFBE97CC,五塊厝段,.00,都市：商
RPQNMLPJJHOFFDE18CC,水源段,.00,都市：住
RPROMLOJJHOFFBE18DC,林聖段,241.00,都市：住
RPPNMLOJJHOFFAE67CC,龍華段八小段,6.88,都市：商
RPUNMLRJJHOFFDE78CC,獅頭段,.00,都市：商
RPVNMLPJJHOFFDE68CC,覆鼎金段覆鼎金一小段,23.46,都市：住
RPVNMLPJJHOFFDE68CC,覆鼎金段覆鼎金一小段,51.00,都市：住
RPXOMLRJJHOFFDE56CC,大港段三小段,.00,都市：住
RPQOMLRJJHOFFDE48CC,灣和段,.00,都市：住
RPTOMLOJJHOFFBE28CC,新興段二小段,9.70,都市：商
RPPOMLOJJHOFFBE87CC,林德官段一小段,6.24,都市：商
RPUNMLPJJHOFFDE58CC,灣復段,.00,都市：商
RPUOMLOJJHOFFBE38CC,苓洲段,4.26,都市：商
RPPPMLRJJHOFFBE28CC,新興段二小段,.00,都市：商
RPUOMLRJJHOFFBE68CC,五塊厝段三小段,.00,都市：住
RPQPMLRJJHOFFBE38CC,過田子段,.00,都市：商
RPQNMLOJJHOFFAE77CC,龍中段,108.70,都市：商
RPVOMLRJJHOFFBE78CC,大統段一小段,.00,都市：商
RPRNMLRJJHOFFCE38CC,仁愛段二小段,1332.14,都市：工
RPSNMLRJJHOFFCE48CC,愛群段,.00,都市：商
RPUOMLRJJHOFFGE56CC,頂庄段,64.43,都市：住
RPOOMLRJJHOFFCE18CC,店鎮段二小段,.00,都市：住
RPXNMLRJJHOFFCE98CC,愛群段,.00,都市：住
RPWPMLRJJHOFFGE86CC,華鳳段,.00,都市：住
RPOOMLRJJHOFFEE38CC,新庄段十三小段,.00,都市：商
RPVOMLRJJHOFFCE88CC,憲德段二小段,.00,都市：商
RPROMLRJJHOFFCE48CC,瑞隆段二小段,75.00,都市：住
RPUOMLSJJHOFFAE68CC,青海段,.00,非都市： ; 非都市編定：
RPUOMLSJJHOFFEE09CC,新博段,19.29,都市：住
RPTOMLSJJHOFFCE78CC,獅甲段二小段,78.71,都市：住
RPQOMLSJJHOFFGE88CC,華鳳段,23.20,都市：住
RPSOMLSJJHOFFCE68CC,獅甲段二小段,.00,都市：住
RPRNMLSJJHOFFBE38CC,新興段二小段,78.00,都市：商
RPRNMLSJJHOFFBE38CC,新興段二小段,29.00,都市：商
RPUOMLRJJHOFFCE78CC,獅甲段二小段,.00,都市：住
RPVPMLSJJHOFFEE66CC,福山段,.00,都市：住
RPXNMLSJJHOFFBE98CC,大統段一小段,28.57,都市：商
RPOOMLSJJHOFFBE18CC,林德官段,.00,都市：商
RPOOMLSJJHOFFBE18CC,林德官段,.00,都市：商
RPTOMLTJJHOFFDE98CC,建安段,107.00,都市：商
RPUOMLTJJHOFFDE09CC,灣成段,60.37,都市：商
RPXNMLTJJHOFFDE66CC,鼎泰段,61.89,都市：住
RPPPMLSJJHOFFDE58CC,獅頭段一小段,.00,都市：商
RPXNMLSJJHOFFDE56CC,獅頭段,.00,都市：商
RPVNMLTJJHOFFGE76CC,鳳山段大老衙小段,50.00,都市：商
RPVNMLTJJHOFFGE76CC,鳳山段大老衙小段,25.00,都市：商
RPPOMLTJJHOFFDE58CC,中華段一小段,474.00,都市：工
RPQOMLTJJHOFFGE98CC,五甲段,74.00,都市：住
RPQNMLTJJHOFFBE38CC,過田子段,6.36,都市：商
RPQNMLTJJHOFFBE38CC,過田子段,11.80,都市：商
RPPNMLTJJHOFFBE28CC,苓洲段,42.31,都市：商
RPTNMLTJJHOFFBE68CC,意誠段,.00,都市：商
RPUNMLTJJHOFFBE78CC,意誠段,.00,都市：商
RPOOMLTJJHOFFBE28CC,福裕段,.00,都市：住
RPRNMLTJJHOFFAE38CC,前金段,7.94,都市：商
RPPOMLTJJHOFFAE28CC,興仁段,20.00,都市：商
RPPOMLTJJHOFFAE28CC,興仁段,61.00,都市：商
RPOOMLTJJHOFFEE58CC,福山段,12.19,都市：商
RPWOMLTJJHOFFEE76CC,新庄段六小段,19.57,都市：住
RPXNMLTJJHOFFBE09CC,林聖段,.00,都市：住
RPROMLTJJHOFFAE48CC,龍華段二小段,10.30,都市：住
RPPNMLTJJHOFFIE98CC,育仁段,626.39,都市：住
RPSOMLTJJHOFFFE09CC,後壁田段,28.74,都市：住
RPUPMLKKJHOFFCE28CC,愛群段,14.36,都市：商
RPVPMLKKJHOFFCE38CC,愛群段,16.18,都市：商
RPSPMLKKJHOFFCE08CC,盛興段,21.45,都市：住
RPTOMLTJJHOFFAE68CC,後金段,8.20,都市：商
RPWNMLTJJHOFFBE98CC,林德官段二小段,55.02,都市：住
RPVNMLTJJHOFFBE88CC,意誠段,.00,都市：商
RPUNMLKKJHOFFBE97CC,林德官段二小段,.00,都市：住
RPQQMLKKJHOFFCE97CC,憲德段一小段,14.82,都市：商
RPQQMLKKJHOFFCE97CC,憲德段一小段,4.60,都市：商
RPRNMLKKJHOFFGE18CC,鳳西段,.00,都市：住
RPTOMLKKJHOFFEE28CC,新庄段十二小段,33.75,都市：住
RPRPMLKKJHOFFCE97CC,憲德段一小段,.00,都市：住
RPQPMLKKJHOFFCE87CC,憲德段一小段,.00,都市：商
RPQNMLKKJHOFFDE77CC,建昌段,.00,都市：住
RPQNMLKKJHOFFDE77CC,建昌段,.00,都市：其他
RPPPMLKKJHOFFCE77CC,愛群段,5.94,都市：商
RPPNMLKKJHOFFEE77CC,福山段,13.36,都市：商
RPSOMLLKJHOFFGE48CC,七老爺段一甲小段,36.48,都市：住
RPROMLKKJHOFFEE08CC,福山段,17.27,都市：商
RPOOMLLKJHOFFCE67CC,憲德段二小段,.00,都市：商
RPSOMLLKJHOFFAE87CC,龍中段,.00,都市：商
RPPNMLLKJHOFFFE97CC,文化段,.00,都市：住
RPQNMLLKJHOFFFE08CC,文化段,.00,都市：住
RPTNMLLKJHOFFIE68CC,育才段,33.91,都市：住
RPQNMLMKJHOFFAE67CC,龍華段八小段,499.00,都市：商
RPPOMLLKJHOFFCE77CC,憲德段二小段,.00,都市：商
RPUOMLLKJHOFFGE68CC,道爺段,.00,都市：住
RPQNMLLKJHOFFDE87CC,建興段,1219.00,都市：農
RPSNMLLKJHOFFEE18CC,楠梓段五小段,.00,都市：住
RPSNMLMKJHOFFBE97CC,意誠段,.00,都市：商
RPQNMLMKJHOFFBE77CC,意誠段,.00,都市：商
RPVNMLMKJHOFFGE78CC,牛潮埔段,.00,都市：住
RPTNMLMKJHOFFGE58CC,牛潮埔段,69.00,都市：住
RPQOMLOKJHOFFEE38CC,福山段,825.54,都市：住
RPQOMLOKJHOFFEE38CC,福山段,664.46,都市：住
RPQOMLOKJHOFFEE38CC,福山段,154.22,都市：住
RPTNMLLKJHOFFEE28CC,新庄段一小段,7.78,都市：住
RPRPMLOKJHOFFBE28CC,福裕段,13.56,都市：商
RPUNMLKKJHOFFAE87CC,青海段,.00,都市：住
RPSNMLOKJHOFFDE38CC,鼎泰段一小段,15.50,都市：住
RPWOMLOKJHOFFGE56CC,文山段,.00,都市：住
RPXOMLOKJHOFFEE09CC,新庄段十三小段,.00,都市：商
RPRNMLNKJHOFFEE28CC,新光段,16.38,都市：住
RPSOMLOKJHOFFEE58CC,新庄段五小段,46.27,都市：其他
RPSOMLOKJHOFFEE58CC,新庄段五小段,1.50,都市：住
RPRNMLOKJHOFFCE18CC,愛群段,20.23,都市：商
RPSNMLOKJHOFFAE08CC,龍華段八小段,10.00,都市：商
RPWNMLOKJHOFFJE76CC,大湖段,348.00,都市：農
RPRNMLMKJHOFFBE87CC,五塊厝段,64.36,都市：商
RPRNMLOKJHOFFAE97CC,龍中段,30.63,都市：住
RPSOMLOKJHOFFIE98CC,竹園段,1515.00,都市：工
RPSOMLOKJHOFFAE18CC,龍中段,.00,都市：商
RPROMLPKJHOFFBE28CC,意誠段,.00,都市：商
RPUOMLPKJHOFFAE48CC,龍華段一小段,21.00,都市：住
RPQNMLPKJHOFFAE97CC,前峰段,23.02,都市：住
RPSOMLPKJHOFFGE88CC,鳳青段,222.54,都市：住
RPTNMLPKJHOFFDE58CC,灣復段,8.91,都市：商
RPXNMLOKJHOFFEE09DC,福民段,914.00,都市：住
RPUNMLQKJHOFFGE09CC,竹子腳段,39.75,都市：住
RPSNMLPKJHOFFAE18CC,龍華段一小段,65.99,都市：其他
RPSNMLQKJHOFFDE58CC,大港段四小段,7.34,都市：商
RPOOMLOKJHOFFFE28CC,橋南段,93.80,都市：住
RPQOMLQKJHOFFDE48CC,澄東段,21.02,都市：住
RPXOMLOKJHOFFDE98CC,灣中段,.00,都市：商
RPQOMLPKJHOFFEE48CC,新庄段十三小段,8.21,都市：商
RPXNMLQKJHOFFBE88CC,五塊厝段,26.95,都市：商
RPXNMLQKJHOFFBE88CC,五塊厝段,4.08,都市：住
RPUNMLQKJHOFFBE58CC,正明段,10.09,都市：商
RPOOMLQKJHOFFCE18CC,二橋段,1400.00,都市：工
RPQNMLQKJHOFFCE28CC,瑞崗段四小段,10.34,都市：住
RPQNMLQKJHOFFCE28CC,瑞崗段六小段,4.54,都市：住
RPPPMLRKJHOFFCE48CC,獅甲段,15.20,都市：住
RPSNMLQKJHOFFCE48CC,籬子內段崗山子小段,6.08,都市：住
RPVNMLQKJHOFFCE78CC,光華段,15.41,都市：住
RPVNMLQKJHOFFCE78CC,光華段,.78,都市：住
RPOQMLRKJHOFFCE48CC,鎮昌段,.00,都市：住
RPPNMLPKJHOFFDE18CC,獅頭段一小段,31.07,都市：住
RPXNMLRKJHOFFAE88CC,龍華段八小段,.00,都市：商
RPPNMLQKJHOFFBE08CC,新興段四小段,.00,都市：商
RPWNMLQKJHOFFBE78CC,新興段四小段,36.56,都市：商
RPPNMLQKJHOFFBE08CC,新興段四小段,.00,都市：商
RPTNMLRKJHOFFBE58CC,正昌段,43.67,都市：住
RPUNMLRKJHOFFBE68CC,正福段,21.33,都市：住
RPQOMLPKJHOFFGE68CC,華鳳段,18.99,都市：住
RPQOMLPKJHOFFGE68CC,華鳳段,2.46,都市：住
RPOOMLRKJHOFFBE18CC,新興段四小段,5.16,都市：商
RPUNMLRKJHOFFDE88CC,鼎盛段,141.63,都市：農
RPTNMLQKJHOFFBE48CC,林德官段二小段,73.00,都市：住
RPROMLRKJHOFFBE48CC,五塊厝段,109.30,都市：住
RPSNMLRKJHOFFAE38CC,龍華段八小段,720.00,都市：商
RPSNMLRKJHOFFAE38CC,龍華段八小段,522.00,都市：商
RPOPMLRKJHOFFDE48CC,德北段,10.23,都市：住
RPUNMLRKJHOFFEE98CC,福山段,394.88,都市：住
RPQOMLRKJHOFFIE09CC,松埔段,2267.74,都市：農
RPWNMLRKJHOFFLE27CC,林園段,.00,都市：商
RPTNMLRKJHOFFAE48CC,龍中段,541.49,都市：商
RPTNMLSKJHOFFEE98CC,新庄段三小段,.00,都市：住
RPPOMLRKJHOFFEE58CC,福山段,17.27,都市：商
RPTNMLSKJHOFFBE68CC,過田子段,.00,都市：商
RPRNMLSKJHOFFDE68CC,鼎山段,26.49,都市：住
RPVNMLRKJHOFFIE86CC,豐禾段,68.47,都市：住
RPOOMLSKJHOFFAE18CC,前金段,2.84,都市：商
RPPNMLSKJHOFFDE48CC,獅頭段,8.73,都市：住
RPPOMLSKJHOFFAE28CC,前金段,2.84,都市：商
RPXOMLSKJHOFFAE09CC,龍中段,15.49,都市：商
RPQOMLTKJHOFFCE68CC,光華段,.00,非都市： ; 非都市編定：
RPUNMLTKJHOFFCE98CC,店鎮段二小段,9.15,都市：住
RPXNMLRKJHOFFGE86CC,鳳甲段,19.79,都市：住
RPXNMLRKJHOFFGE86CC,鳳甲段,48.00,都市：住
RPQNMLTKJHOFFBE48CC,新興段二小段,3.38,都市：商
RPTNMLTKJHOFFBE78CC,正文段,63.43,都市：住
RPXNMLRKJHOFFLE37CC,琉球段,101.56,都市：住
RPXNMLRKJHOFFLE37CC,琉球段,21.40,都市：住
RPVOMLSKJHOFFEE66CC,右昌段六小段,.00,都市：住
RPVNMLSKJHOFFEE56CC,新庄段六小段,12.77,都市：住
RPUOMLRKJHOFFEE09CC,新庄段八小段,13.22,都市：住
RPQNMLSKJHOFFEE68CC,新庄段二小段,27.91,都市：商
RPSRMLLLJHOFFEE68CC,福山段,.00,都市：商
RPTPMLLLJHOFFEE58CC,新庄段三小段,.00,都市：住
RPUOMLLLJHOFFCE38CC,憲德段二小段,.00,都市：商
RPWPMLLLJHOFFEE88CC,新庄段三小段,.00,都市：住
RPWOMLLLJHOFFBE48CC,過田子段,.00,都市：商
RPWOMLLLJHOFFBE48CC,過田子段,.00,都市：商
RPXOMLLLJHOFFBE58CC,新興段四小段,21.26,都市：商
RPUNMLTKJHOFFEE56CC,新博段,73.73,都市：住
RPUNMLTKJHOFFGE76CC,新甲段,41.33,都市：住
RPUNMLTKJHOFFGE76CC,新甲段,1.66,都市：住
RPWOMLMLJHOFFCE68CC,愛群段,4.34,都市：商
RPSPMLMLJHOFFAE18CC,青海段,26.13,都市：住
RPUOMLMLJHOFFAE28CC,博孝段,.00,都市：商
RPPPMLMLJHOFFAE87CC,前金段,14.30,都市：商
RPSOMLLLJHOFFAE97CC,前金段,8.63,都市：商
RPXPMLLLJHOFFEE98CC,新福段七小段,11.08,都市：住
RPUNMLMLJHOFFGE78CC,七老爺段一甲小段,64.00,都市：住
RPSPMLLLJHOFFEE48CC,左西段,129.00,都市：住
RPTPMLMLJHOFFEE68CC,清楠段,91.51,都市：其他
RPSNMLMLJHOFFGE58CC,竹子腳段,58.00,都市：商
RPWOMLMLJHOFFEE88CC,楠都段三小段,.00,都市：住
RPWNMLMLJHOFFBE48CC,新興段二小段,.00,都市：商
RPQOMLMLJHOFFBE97CC,成功段,.00,都市：商
RPOOMLMLJHOFFBE77CC,林德官段,3.26,都市：商
RPVOMLMLJHOFFBE48CC,新興段一小段,6.80,都市：商
RPVOMLMLJHOFFBE48CC,新興段一小段,.64,都市：商
RPXNMLMLJHOFFDE78CC,大順段,.00,都市：住
RPSNMLNLJHOFFFE58CC,新莊段,1611.15,非都市：一般農業區 ; 非都市編定：農牧用地
RPSNMLNLJHOFFFE58CC,新莊段,1634.43,非都市：一般農業區 ; 非都市編定：農牧用地
RPWNMLMLJHOFFIE56CC,澄清段,730.00,都市：住
RPROMLNLJHOFFDE38CC,獅頭段一小段,.00,都市：商
RPSOMLNLJHOFFDE48CC,獅頭段一小段,.00,都市：商
RPQOMLNLJHOFFDE28CC,獅頭段一小段,.00,都市：商
RPRNMLMLJHOFFIE78DC,新後港西段,92.33,都市：住
RPSPMLNLJHOFFDE58CC,大港段三小段,.00,都市：住
RPQOMLNLJHOFFEE38CC,新庄段十三小段,.00,都市：商
RPQOMLNLJHOFFEE38CC,新庄段十三小段,.00,都市：商
RPXOMLNLJHOFFEE09CC,新庄段七小段,90.00,都市：住
RPRPMLNLJHOFFEE58CC,新民段,.00,都市：住
RPWOMLNLJHOFFEE98CC,清豐段,.00,都市：住
RPQPMLNLJHOFFEE48CC,新庄段七小段,90.00,都市：住
RPOPMLNLJHOFFEE28CC,清豐段,.00,都市：住
RPSPMLMLJHOFFDE48CC,澄義段,94.35,都市：住
RPUOMLNLJHOFFBE48CC,苓洲段,.00,都市：商
RPROMLNLJHOFFBE18CC,成功段,15.22,都市：商
RPXOMLNLJHOFFBE78CC,林德官段二小段,.00,都市：住
RPXOMLNLJHOFFBE78CC,林德官段二小段,.00,都市：住
RPPOMLNLJHOFFBE97CC,成功段,3.83,都市：商
RPUOMLNLJHOFFCE58CC,愛群段,6.77,都市：住
RPXOMLNLJHOFFCE88CC,獅甲段二小段,18.44,都市：住
RPVOMLNLJHOFFCE68CC,憲德段二小段,17.56,都市：住
RPXNMLOLJHOFFAE68CC,博孝段,3.35,都市：住
RPXNMLOLJHOFFAE68CC,博孝段,5.66,都市：住
RPXNMLOLJHOFFAE68CC,博孝段,14.11,都市：住
RPROMLOLJHOFFBE28CC,林德官段一小段,14.52,都市：商
RPOOMLNLJHOFFAE77CC,博孝段,5.15,都市：住
RPWOMLNLJHOFFCE78CC,獅甲段,.97,都市：住
RPWOMLNLJHOFFCE78CC,獅甲段,.31,都市：住
RPQOMLNLJHOFFAE97CC,內惟段一小段,.00,都市：住
RPQOMLOLJHOFFIE88CC,仁新段,2314.00,都市：農
RPQOMLOLJHOFFIE88CC,仁新段,148.00,都市：農
RPWOMLOLJHOFFDE98CC,金獅段,997.63,都市：住
RPVNMLOLJHOFFBE58CC,過田子段,128.00,都市：商
RPUNMLOLJHOFFCE58CC,光華段,315.00,都市：商
RPUOMLOLJHOFFCE68CC,憲德段二小段,.00,都市：商
RPWNMLOLJHOFFCE78CC,愛群段,15.03,都市：住
RPXOMLOLJHOFFGE76CC,牛潮埔段,1497.00,都市：工
RPOOMLPLJHOFFBE08CC,正言段,.00,都市：商
RPSOMLPLJHOFFEE78CC,新庄段十三小段,.00,都市：商
RPSOMLPLJHOFFEE78CC,新庄段十三小段,.00,都市：商
RPTOMLPLJHOFFEE88CC,福民段,.00,都市：住
RPVPMLPLJHOFFEE56CC,新庄段一小段,7.78,都市：住
RPVPMLPLJHOFFDE09CC,大港段六小段,58.00,都市：商
RPUNMLPLJHOFFFE98CC,文化段,.00,都市：住
RPSNMLPLJHOFFCE48CC,桂林段,58.00,都市：住
RPPNMLQLJHOFFEE48CC,新庄段十三小段,8.21,都市：商
RPTNMLQLJHOFFGE09CC,新甲段,26.00,都市：住
RPSOMLPLJHOFFDE68CC,覆鼎金段覆鼎金一小段,.00,都市：住
RPPRMLSLJHOFFEE09CC,新庄段五小段,.00,都市：住
RPTOMLSLJHOFFAE78CC,前金段,380.54,都市：商
RPROMLOLJHOFFGE78CC,曹公段,575.27,都市：農
RPTNMLSLJHOFFBE78CC,意誠段,5.42,都市：商
RPVNMLSLJHOFFBE98CC,武聖段,24.70,都市：住
RPUOMLSLJHOFFGE86CC,鳳甲段,4179.94,都市：住
RPOQMLSLJHOFFCE68CC,愛群段,11.43,都市：商
RPXNMLPLJHOFFAE78CC,前金段,138.00,都市：商
RPXNMLPLJHOFFAE78CC,前金段,127.00,都市：商
RPSPMLSLJHOFFCE98CC,瑞隆段二小段,96.00,都市：商
RPOPMLPLJHOFFDE38CC,大港段二小段,113.00,都市：住
RPQOMLSLJHOFFFE98CC,白米段,515.00,非都市：一般農業區 ; 非都市編定：農牧用地
RPWOMLSLJHOFFBE56CC,過田子段,19.80,都市：商
RPWNMLSLJHOFFBE09CC,大統段一小段,.00,都市：商
RPWNMLTLJHOFFBE56CC,意誠段,.26,都市：商
RPOPMLSLJHOFFBE48CC,林德官段二小段,31.15,都市：住
RPVOMLSLJHOFFDE66CC,大港段,37.00,都市：商
RPVOMLSLJHOFFDE66CC,大港段,44.00,都市：住
RPTPMLTLJHOFFAE98CC,龍中段,.00,都市：商
RPXQMLTLJHOFFLE97CC,山子頂段,.00,都市：住
RPWOMLTLJHOFFCE76CC,瑞隆段二小段,76.00,都市：商
RPXPMLSLJHOFFBE76CC,新興段四小段,18.50,都市：商
RPXOMLSLJHOFFBE66CC,林德官段二小段,58.89,都市：商
RPOPMLTLJHOFFDE78CC,獅頭段一小段,.00,都市：商
RPXOMLTLJHOFFDE96CC,大港段四小段,16.16,都市：商
RPVNMLTLJHOFFDE66CC,覆鼎金段覆鼎金小段,45.85,都市：住
RPQPMLTLJHOFFCE88CC,佛公段,.00,都市：住
RPQPMLTLJHOFFCE88CC,佛公段,.00,都市：住
RPXNMLKMJHOFFGE98CC,鳳山段草店尾小段,5.00,都市：商
RPXNMLKMJHOFFGE98CC,鳳山段草店尾小段,59.00,都市：商
RPOOMLKMJHOFFDE87CC,灣子內段寶珠溝小段,40.60,都市：商
RPVOMLKMJHOFFGE88CC,七老爺段,7.94,都市：住
RPROMLTLJHOFFCE88CC,高鳳段,61.00,都市：住
RPROMLTLJHOFFCE88CC,高鳳段,68.00,都市：住
RPQOMLTLJHOFFGE56CC,文福段,22.04,都市：住
RPVNMLKMJHOFFEE58CC,新庄段十三小段,2.29,都市：商
RPTQMLKMJHOFFEE68CC,新民段,.00,都市：商
RPTPMLKMJHOFFEE58CC,高昌段,213.97,都市：住
RPUNMLKMJHOFFAE08CC,龍華段八小段,9.18,都市：商
RPTNMLKMJHOFFDE28CC,獅頭段,3.79,都市：商
RPSNMLKMJHOFFBE97CC,新興段一小段,23.55,都市：商
RPPOMLKMJHOFFBE77CC,意誠段,.00,都市：商
RPQOMLKMJHOFFBE87CC,意誠段,.00,都市：商
RPOOMLSLJHOFFBE38CC,正福段,74.90,都市：商
RPOOMLSLJHOFFBE38CC,正福段,74.46,都市：商
RPOOMLSLJHOFFBE38CC,正福段,74.76,都市：商
RPTOMLKMJHOFFBE18CC,意誠段,.00,都市：商
RPUOMLKMJHOFFBE28CC,意誠段,.00,都市：商
RPPNMLLMJHOFFIE48CC,新後港西段,1205.37,都市：住
RPWOMLKMJHOFFBE48CC,意誠段,.00,都市：商
RPOOMLKMJHOFFBE67CC,新興段一小段,.00,都市：商
RPXNMLLMJHOFFBE58CC,過田子段,73.00,都市：商
RPPPMLLMJHOFFBE97CC,過田子段,32.05,都市：商
RPROMLLMJHOFFBE08CC,過田子段,.00,都市：商
RPPPMLLMJHOFFGE48CC,福誠段,20.35,都市：住
RPOPMLLMJHOFFAE77CC,鼓中段五小段,16.12,都市：住
RPOPMLLMJHOFFAE77CC,鼓中段五小段,4.89,都市：商
RPSPMLLMJHOFFAE18CC,前金段,.00,都市：住
RPVOMLLMJHOFFIE56CC,興農段,182.00,都市：住
RPUNMLLMJHOFFAE18CC,青海段,16.07,都市：住
RPTNMLTLJHOFFDE09CC,獅頭段,84.10,都市：商
RPPNMLLJKHOFFDE77CC,大港段三小段,.00,都市：商
RPSNMLLMJHOFFCE18CC,愛群段,9.06,都市：商
RPSNMLLMJHOFFCE18CC,愛群段,15.30,都市：住
RPTOMLLMJHOFFIE98CC,仁義段,14825.13,非都市：山坡地保育區 ; 非都市編定：農牧用地
RPXPMLLJKHOFFGE09CC,牛潮埔段,421.00,都市：工
RPXPMLLJKHOFFGE09CC,牛潮埔段,236.00,都市：工
RPQNMLLJKHOFFDE87CC,大順段,.00,都市：住
RPQNMLLJKHOFFDE87CC,大順段,.00,都市：住
RPROMLKMJHOFFLE98CC,大寮段二小段,729.00,都市：工
RPROMLKMJHOFFLE98CC,大寮段二小段,909.00,都市：工
RPRNMLLJKHOFFDE97CC,大港段,26.65,都市：住
RPVNMLLJKHOFFDE38CC,大港段四小段,87.00,都市：商
RPVNMLLJKHOFFDE38CC,大港段四小段,72.00,都市：商
RPVNMLLJKHOFFDE38CC,大港段四小段,72.00,都市：商
RPVNMLLJKHOFFDE38CC,大港段四小段,72.00,都市：商
RPPNMLLJKHOFFBE57CC,大統段一小段,.00,都市：商
RPPNMLLJKHOFFBE57CC,大統段一小段,.00,都市：其他
RPSNMLLJKHOFFLE98DC,山子頂段,62.00,都市：商
RPSNMLLJKHOFFLE98DC,山子頂段,7.00,都市：其他
RPUNMLLJKHOFFBE08CC,五塊厝段,.00,都市：商
RPUNMLLJKHOFFBE08CC,五塊厝段,.00,都市：商
RPOQMLLJKHOFFGE38DC,頂新段,13.96,都市：商
RPQOMLLJKHOFFAE67CC,前金段,8.63,都市：商
