﻿編號,車位類別,車位價格,車位面積平方公尺
Serial number,berth category,berth price,berth area square meter
RPVNMLTKJHOFFEE56CB,坡道機械,820000,26.29
RPUOMLTKJHOFFEE56CB,坡道平面,1200000,33.79
RPQOMLTKJHOFFEE78CB,坡道機械,820000,26.29
RPROMLTKJHOFFEE88CB,坡道平面,1250000,33.79
RPOOMLTKJHOFFEE58CB,坡道機械,880000,24.53
RPTOMLTKJHOFFEE09CB,坡道平面,1300000,33.79
RPSOMLTKJHOFFEE98CB,坡道機械,850000,24.53
RPVOMLTKJHOFFEE66CB,坡道平面,1300000,33.79
