﻿編號,土地區段位置,土地移轉面積平方公尺,使用分區或編定
The serial number,land sector position,land shifting area square meter,the use zoning or compiles and checks
RPXNMLPKJINFFAI88CA,鳥岫段,22.89,都市：住
RPXNMLPKJINFFAI88CA,鳥岫段,.56,都市：住
RPXNMLPKJINFFAI88CA,鳥岫段,.99,都市：住
RPXNMLPKJINFFAI88CA,鳥岫段,.54,都市：農
RPPNMLKMJINFFAI77CA,太平段,.61,都市：住
RPPNMLKMJINFFAI77CA,太平段,106.00,都市：住
RPOOMLKLJINFFAI67CA,南門段五小段,50.00,都市：商
RPVNMLKLJINFFAI28CA,檜段四小段,3.50,都市：住
RPOOMLOKJINFFAI97CA,台斗坑段,15.13,都市：住
RPOOMLOKJINFFAI97CA,台斗坑段,.01,都市：住
RPWNMLPKJINFFAI78CA,檜段四小段,2.91,都市：商
RPWNMLOLJINFFAI78CA,同興段,9.57,都市：住
RPWNMLOLJINFFAI78CA,同興段,9.57,都市：住
RPUNMLNJKINFFAI38CA,竹圍子段,59.00,都市：住
RPUNMLNJKINFFAI38CA,竹圍子段,25.00,都市：住
RPROMLPKJINFFAI38CA,埤子頭段,7.02,都市：住
RPROMLPKJINFFAI38CA,埤子頭段,7.97,都市：住
RPUNMLQKJINFFAI68CA,盧厝段,335.00,都市：農
RPUNMLQKJINFFAI68CA,盧厝段,1640.00,都市：農
RPUNMLQKJINFFAI68CA,盧厝段,105.00,都市：農
RPUNMLQKJINFFAI68CA,盧厝段,842.00,都市：農
RPSOMLPKJINFFAI48CA,北社尾段,11.75,都市：住
RPPNMLNKJINFFAI87CA,下路頭段,65.00,都市：住
RPQNMLMLJINFFAI97CA,埤子頭段,14.56,都市：住
RPPOMLOKJINFFAI08CA,湖子內段新民小段,445.07,都市：商
RPVNMLPKJINFFAI68CA,盧厝段,971.00,都市：農
RPSNMLPKJINFFAI38CA,彌陀段,21.22,都市：住
RPTNMLPKJINFFAI48CA,竹圍子段一小段,10.84,都市：住
RPRNMLNLJINFFAI18CA,台斗坑段,90.00,都市：住
RPQNMLNLJINFFAI08CA,下路頭段,53.00,都市：住
RPVNMLOLJINFFAI68CA,中庄段,100.00,都市：住
RPOOMLSLJINFFAI48CA,港子坪段港坪小段,24.16,都市：住
RPUNMLPKJINFFAI58CA,竹圍子段二小段,82.00,都市：住
RPQOMLSLJINFFAI68CA,車店段,35.54,都市：住
RPSNMLOLJINFFAI38CA,玉川段,89.00,都市：住
RPPOMLSLJINFFAI58CA,下路頭段,23.47,都市：住
RPQNMLOLJINFFAI18CA,遠東段,81.00,都市：住
RPSNMLNJKINFFAI18CA,盧東段,29.31,都市：住
RPQNMLOKJINFFAI08CA,竹圍子段,126.00,都市：住
RPQNMLOKJINFFAI08CA,竹圍子段,17.64,都市：住
RPPNMLPJKINFFAI08CA,同興段,15.03,都市：住
RPRNMLTKJINFFAI68CA,埤子頭段,14.56,都市：住
RPSOMLSLJINFFAI88CA,白川段,34.83,都市：住
RPQNMLNKJINFFAI18EA,中山段二小段,89.00,都市：商
RPUOMLPKJINFFAI88EA,溪東段,95.37,都市：住
RPUOMLPKJINFFAI88EA,溪東段,2.00,都市：住
RPUOMLPKJINFFAI88EA,溪東段,17.40,都市：住
RPUOMLPKJINFFAI88EA,溪東段,.13,都市：住
RPPNMLPKJINFFAI28EA,竹圍子段三小段,85.00,都市：住
RPWNMLTKJINFFAI56CA,湖子內段興安小段,199.59,都市：住
RPPNMLTKJINFFAI48CA,湖子內段興安小段,279.73,都市：住
RPQNMLTKJINFFAI58CA,盧東段,128.79,都市：住
RPQNMLTKJINFFAI58CA,盧東段,705.57,都市：住
RPPNMLQKJINFFAI18CA,竹圍子段,125.00,都市：住
RPTNMLQKJINFFAI58CA,湖子內段興安小段,582.94,都市：住
RPOOMLRLJINFFAI38CA,民族段四小段,17.00,都市：住
RPOOMLRLJINFFAI38CA,民族段四小段,40.00,都市：住
RPOOMLRLJINFFAI38CA,民族段四小段,1.00,都市：住
RPOOMLRLJINFFAI38CA,民族段四小段,1.00,都市：住
RPTNMLTKJINFFAI88CA,南門段二小段,3.59,都市：商
RPUNMLLLJINFFAI28CA,盧厝段,8.15,都市：住
RPRNMLLLJINFFAI97CA,遠東段,16.80,都市：住
RPRNMLMLJINFFAI08CA,車店段,4.05,都市：住
RPRNMLMLJINFFAI08CA,白川段,42.09,都市：住
RPXNMLTKJINFFAI66CA,竹圍子段,.14,都市：住
RPXNMLTKJINFFAI66CA,竹圍子段,37.05,都市：住
RPWNMLMLJINFFAI58CA,竹圍子段二小段,6.23,都市：住
RPTOMLQLJINFFAI78CA,玉川段,75.00,都市：住
RPTOMLQLJINFFAI78CA,玉川段,5.33,都市：住
RPWNMLKKKINFFAI38CA,中庄段,78.85,都市：住
RPSNMLQLJINFFAI58CA,盧厝段,41.69,都市：住
RPPOMLNJKINFFAI97CA,短竹段,4.76,都市：住
RPPOMLKLJINFFAI97EA,遠東段,70.00,都市：商
RPPOMLKLJINFFAI97EA,遠東段,16.00,都市：商
RPTNMLOLJINFFAI48CA,何庄段,696.61,都市：農
RPTNMLOLJINFFAI48CA,何庄段,60.10,都市：農
RPXNMLLKKINFFAI58CA,埤子頭段,10.30,都市：住
RPRNMLRLJINFFAI58CA,下路頭段,8.00,都市：住
RPRNMLRLJINFFAI58CA,下路頭段,17.00,都市：住
RPRNMLRLJINFFAI58CA,下路頭段,55.00,都市：住
RPRNMLRLJINFFAI58CA,下路頭段,10.00,都市：住
RPQQMLTKJINFFAI88CA,盧東段,11.94,都市：住
RPQQMLTKJINFFAI88CA,盧東段,106.90,都市：住
RPQOMLQLJINFFAI48CA,何庄段,.40,都市：農
RPQOMLQLJINFFAI48CA,何庄段,51.87,都市：農
RPQOMLQLJINFFAI48CA,何庄段,30.22,都市：農
RPQOMLQLJINFFAI48CA,何庄段,8.21,都市：農
RPQOMLQLJINFFAI48CA,何庄段,26.99,都市：農
RPUNMLOLJINFFAI58CA,何庄段,640.21,都市：農
RPUNMLOLJINFFAI58CA,何庄段,55.10,都市：農
RPTOMLMKKINFFAI38CA,同興段,71.00,都市：住
RPSOMLQLJINFFAI68CA,中庄段,54.05,都市：住
RPSNMLSLJINFFAI78CA,車店段車店小段,85.00,都市：住
RPXNMLRLJINFFAI56CA,遠東段,14.00,都市：住
RPPOMLMKKINFFAI18EA,何庄段,32.91,都市：住
RPROMLMLJINFFAI18CA,竹圍子段二小段,9.47,都市：住
RPXNMLLLJINFFAI58CA,北湖段,134.00,都市：住
RPXOMLMKKINFFAI78CA,軍輝段,4.71,都市：住
RPWOMLMKKINFFAI68CA,興村段,2.57,都市：住
RPWOMLMKKINFFAI68CA,興村段,15.51,都市：住
RPQOMLNJKINFFAI08CA,湖內段,25.07,都市：商
RPTNMLMLJINFFAI48EA,車店段車店小段,6.98,都市：住
RPRNMLQLKINFFAI78EA,長竹段,23.99,都市：住
RPSNMLTLJINFFAI88CA,中山段三小段,15.72,都市：住
RPPNMLLLJINFFAI77CA,中山段四小段,219.00,都市：住
RPOOMLTLJINFFAI58CA,白川段,34.29,都市：住
RPQNMLLLJINFFAI87CA,竹圍子段,242.00,都市：住
RPROMLSLJINFFAI78CA,北園段,990.00,都市：住
RPROMLSLJINFFAI78CA,北園段,205.69,都市：住
RPROMLSLJINFFAI78CA,北園段,30.00,都市：住
RPVNMLNLJINFFAI78EA,車店段,137.00,都市：住
RPPNMLSLJINFFAI48CA,榮段一小段,21.20,都市：商
RPXNMLQLJINFFAI09CA,埤子頭段,35.00,都市：住
RPXNMLQLJINFFAI09CA,埤子頭段,3.14,都市：住
RPXNMLQLJINFFAI09CA,埤子頭段,.17,都市：其他
RPXNMLQLJINFFAI09CA,埤子頭段,1.51,都市：住
RPPNMLMLJINFFAI08EA,興村段,77.00,都市：住
RPRNMLRKKINFFAI78EA,車店段車店小段,5.25,都市：住
RPTOMLLKKINFFAI28CA,埤子頭段,14.56,都市：住
RPXNMLOKKINFFAI88CA,車店段,11.21,都市：住
RPWOMLSLJINFFAI66CA,湖子內段湖美小段,162.90,都市：住
RPTOMLMLJINFFAI38CA,湖東段,5.00,都市：住
RPPNMLSKKINFFAI68EA,埤子頭段,68.75,都市：住
RPPNMLSKKINFFAI68EA,埤子頭段,20.00,都市：住
RPXNMLKLKINFFAI78EA,大溪段,2189.77,都市：農
RPPNMLPLJINFFAI18CA,太平段,28.15,都市：住
RPPNMLOLJINFFAI08CA,劉厝段玉山小段,83.68,都市：住
RPUOMLOKKINFFAI68CA,北社尾段,13.33,都市：住
RPOOMLNLJINFFAI18EA,南門段五小段,24.00,都市：商
RPVNMLRLJINFFAI56EA,白川段,27.00,都市：住
RPSNMLRKKINFFAI88EA,車店段車店小段,5.93,都市：住
RPWOMLOJKINFFAI78CA,下路頭段,7.61,都市：住
RPUNMLRLJINFFAI09EA,盧厝段,64.00,都市：住
RPRNMLKMJINFFAI97CA,車店段,94.00,都市：住
RPSNMLQJKINFFAI48CA,竹圍子段中興小段,4.13,都市：住
RPWNMLOJKINFFAI68CA,湖內段,9.01,都市：其他
RPOOMLOJKINFFAI97CA,湖內段,9.01,都市：其他
RPTNMLRLJINFFAI78CA,劉厝段玉山小段,211.50,都市：住
RPQNMLLLKINFFAI18EA,埤子頭段新厝小段,66.00,都市：住
RPPNMLRLJINFFAI58EA,北社尾段保安小段,2.71,都市：住
RPVNMLSLJINFFAI09CA,車店段,19.06,都市：住
RPVNMLSLJINFFAI09CA,車店段,1.16,都市：住
RPPNMLQLJINFFAI28CA,湖內段,149.00,都市：住
RPXNMLOJKINFFAI78CA,玉川段,99.00,都市：住
RPSOMLOJKINFFAI38CA,湖內段,76.29,都市：住
RPSNMLRLJINFFAI68CA,劉厝段玉山小段,211.45,都市：住
RPOPMLMKKINFFAI97CA,西門段八小段,62.00,都市：商
RPOPMLMKKINFFAI97CA,西門段八小段,52.00,都市：商
RPOPMLMKKINFFAI97CA,西門段八小段,6.00,都市：商
RPVNMLNKKINFFAI58CA,末廣段五小段,9.00,都市：住
RPVNMLNKKINFFAI58CA,末廣段五小段,1.00,都市：住
RPSOMLMKKINFFAI28CA,軍輝段,74.00,都市：住
RPRPMLOKKINFFAI48CA,竹圍子段二小段,9.97,都市：住
RPTNMLRKKINFFAI78CA,八掌段,99.89,都市：農
RPTNMLRKKINFFAI78CA,八掌段,1.88,都市：農
RPTNMLRKKINFFAI78CA,八掌段,1760.00,都市：農
RPWNMLSLJINFFAI56CA,湖內段,19.94,都市：住
RPWNMLRLJINFFAI09CA,中山段七小段,7.00,都市：住
RPWNMLRLJINFFAI09CA,中山段七小段,55.00,都市：住
RPRNMLQLJINFFAI48CA,遠東段,4.67,都市：住
RPUNMLTLJINFFAI09CA,山下段,60.00,都市：住
RPTNMLNKKINFFAI38CA,何庄段,496.93,都市：農
RPTNMLNKKINFFAI38CA,何庄段,56.21,都市：農
RPXNMLNJKINFFAI68CA,劉厝段玉山小段,263.89,都市：住
RPQNMLRLJINFFAI48CA,盧東段,31.38,都市：住
RPQNMLRLJINFFAI48CA,盧東段,183.15,都市：住
RPQNMLRLJINFFAI48CA,盧東段,9.92,都市：其他
RPVNMLTLJINFFAI56CA,興村段,13.10,都市：住
RPOOMLNJKINFFAI87CA,港子坪段,7.82,都市：住
RPOOMLNJKINFFAI87CA,港子坪段,5.79,都市：住
RPOOMLNJKINFFAI87CA,港子坪段,4.76,都市：住
RPOOMLNJKINFFAI87CA,港子坪段,6.03,都市：住
RPOOMLNJKINFFAI87CA,港子坪段,85.00,都市：住
RPXOMLOJKINFFAI88CA,港子坪段港坪小段,22.40,都市：住
RPXNMLNKKINFFAI78CA,竹圍子段二小段,17.80,都市：住
RPPPMLMKKINFFAI08CA,湖內段,101.00,都市：住
RPPPMLMKKINFFAI08CA,湖內段,33.17,都市：住
RPPOMLRLJINFFAI48CA,湖子內段興安小段,472.03,都市：住
RPUOMLSLJINFFAI09CA,車店段,4.05,都市：住
RPUOMLSLJINFFAI09CA,白川段,42.09,都市：住
RPQOMLOJKINFFAI38EA,西門段四小段,1.52,都市：住
RPQOMLOJKINFFAI38EA,西門段四小段,2.05,都市：住
RPQOMLOJKINFFAI38EA,西門段四小段,.75,都市：住
RPUNMLKMJINFFAI28CA,下埤段,.97,都市：住
RPUNMLKMJINFFAI28CA,下埤段,.41,都市：住
RPUNMLKMJINFFAI28CA,下埤段,15.16,都市：住
RPUNMLKMJINFFAI28CA,下埤段,.13,都市：住
RPUNMLKMJINFFAI28CA,下埤段,165.21,都市：住
RPUNMLKMJINFFAI28CA,下埤段,1.26,都市：住
RPSOMLNKKINFFAI38CA,埤子頭段新厝小段,87.00,都市：住
RPWOMLOKKINFFAI88CA,盧厝段,7.06,都市：住
RPQNMLRKKINFFAI48CA,盧厝段,3.80,都市：住
RPXNMLPJKINFFAI88CA,盧厝段,24.01,都市：住
RPUNMLOKKINFFAI58CA,下路頭段,25.00,都市：住
RPUNMLOKKINFFAI58CA,下路頭段,94.00,都市：住
RPQNMLOKKINFFAI18CA,頂庄段,131.00,都市：住
RPROMLMKKINFFAI18CA,竹圍子段,13.75,都市：住
RPRPMLMKKINFFAI28CA,北社尾段,11.47,都市：住
RPTNMLRLKINFFAI88CA,中山段三小段,.14,都市：住
RPTNMLRLKINFFAI88CA,中山段三小段,22.18,都市：住
RPQNMLKMJINFFAI87CA,北社尾段,9.19,都市：住
RPVOMLSLJINFFAI56CA,榮段五小段,121.00,都市：商
RPOOMLOLKINFFAI18CA,短竹段,7.00,都市：其他
RPOOMLOLKINFFAI18CA,短竹段,126.00,都市：商
RPSOMLNJKINFFAI28CA,西門段三小段,2.00,都市：商
RPSOMLNJKINFFAI28CA,西門段三小段,54.00,都市：商
RPSOMLNJKINFFAI28CA,西門段三小段,17.50,都市：商
RPSOMLNJKINFFAI28CA,西門段三小段,67.00,都市：商
RPOOMLMKKINFFAI87CA,南門段二小段,3.59,都市：商
RPVOMLMKKINFFAI58CA,竹圍子段,30.87,都市：住
RPVNMLKMJINFFAI38CA,竹圍子段,43.00,都市：住
RPUOMLOJKINFFAI58CA,中庄段,22.20,都市：住
RPXNMLOLKINFFAI98CA,車店段,15.40,都市：住
RPXNMLOLKINFFAI98CA,車店段,.52,都市：住
RPROMLNJKINFFAI18CA,中山段七小段,3.16,都市：商
RPQNMLOJKINFFAI08CA,何庄段,.40,都市：農
RPQNMLOJKINFFAI08CA,何庄段,54.26,都市：農
RPQNMLOJKINFFAI08CA,何庄段,30.22,都市：農
RPQNMLOJKINFFAI08CA,何庄段,26.99,都市：農
RPQNMLOJKINFFAI08CA,何庄段,8.21,都市：農
RPTNMLKMJINFFAI18CA,下路頭段,77.00,都市：住
RPTNMLKMJINFFAI18CA,下路頭段,1.00,都市：其他
RPPNMLPLKINFFAI28CA,同興段,19.14,都市：住
RPRNMLNJKINFFAI08CA,西門段七小段,91.00,都市：商
RPRNMLNJKINFFAI08CA,西門段七小段,45.50,都市：商
RPROMLOKKINFFAI38CA,遠東段,20.04,都市：住
RPSOMLOKKINFFAI48CA,遠東段,20.04,都市：住
RPPOMLOKKINFFAI18CA,遠東段,19.37,都市：住
RPTOMLOKKINFFAI58CA,遠東段,139.00,都市：住
RPQOMLOKKINFFAI28CA,遠東段,19.09,都市：住
RPQNMLPJKINFFAI38EA,北社尾段,181.17,都市：住
RPRNMLPJKINFFAI48EA,湖內段,75.00,都市：住
RPUNMLRJKINFFAI78CA,遠東段,393.00,都市：工
RPVNMLRJKINFFAI88CA,遠東段,1034.00,都市：工
RPUNMLRJKINFFAI78CA,遠東段,641.00,都市：工
RPPNMLNJKINFFAI08EA,埤子頭段,22.00,都市：住
RPPNMLNJKINFFAI08EA,埤子頭段,44.00,都市：住
RPQPMLOKKINFFAI38CA,東川段,69.50,都市：其他
RPQPMLOKKINFFAI38CA,東川段,42.00,都市：住
RPQPMLOKKINFFAI38CA,東川段,1.00,都市：其他
RPQPMLOKKINFFAI38CA,東川段,252.00,都市：住
RPQPMLOKKINFFAI38CA,東川段,88.00,都市：其他
RPRNMLOJKINFFAI18CA,南門段五小段,64.00,都市：商
RPTNMLOJKINFFAI38CA,車店段,70.00,都市：住
RPUNMLOJKINFFAI48CA,竹圍子段,10.00,都市：住
RPUNMLOJKINFFAI48CA,竹圍子段,101.00,都市：住
RPSNMLOJKINFFAI28CA,後庄段,77.00,都市：商
RPTOMLOJKINFFAI48CA,車店段車店小段,39.46,都市：住
RPPNMLQJKINFFAI18CA,湖子內段新民小段,336.06,都市：住
RPPNMLQJKINFFAI18CA,湖子內段新民小段,82.65,都市：住
RPPNMLQJKINFFAI18CA,湖子內段新民小段,82.65,都市：住
RPPNMLQJKINFFAI18CA,湖子內段新民小段,82.65,都市：住
RPPNMLRJKINFFAI28CA,遠東段,19.04,都市：住
RPPNMLSJKINFFAI38CA,北社尾段,80.00,都市：住
RPPNMLSJKINFFAI38CA,北社尾段,25.10,都市：住
RPROMLRKKINFFAI68CA,下路頭段,9.99,都市：住
RPUOMLMKKINFFAI48CA,湖內段,20.35,都市：住
RPTNMLKKKINFFAI08CA,玉川段,23.32,都市：住
RPVNMLOKKINFFAI68CA,下路頭段,25.00,都市：住
RPVNMLOKKINFFAI68CA,下路頭段,87.00,都市：住
RPOOMLOKKINFFAI08CA,車店段車店小段,32.22,都市：住
RPXNMLOJKINFFAI98EA,湖子內段新民小段,118.51,都市：住
RPWNMLOJKINFFAI88EA,頂庄段,126.00,都市：住
RPUNMLNKKINFFAI48CA,頂庄段,25.77,都市：住
RPVNMLPJKINFFAI68CA,竹圍子段,123.00,都市：住
RPVNMLPJKINFFAI68CA,竹圍子段,17.64,都市：住
RPPOMLOJKINFFAI28EA,竹圍子段友愛小段,42.87,都市：住
RPVOMLOJKINFFAI68CA,興村段,22.55,都市：住
RPVOMLOJKINFFAI68CA,興村段,68.00,都市：住
RPUNMLOLKINFFAI68CA,盧厝段,16.29,都市：住
RPXNMLRKKINFFAI56CA,北社尾段保安小段,4.76,都市：住
RPXNMLRKKINFFAI56CA,北社尾段保安小段,6.18,都市：住
RPTOMLQLKINFFAI88CA,興村段,28.00,都市：住
RPTOMLQLKINFFAI88CA,興村段,135.00,都市：住
RPTOMLQLKINFFAI88CA,興村段,1.00,都市：住
RPTOMLQLKINFFAI88CA,興村段,75.00,都市：住
RPTOMLQLKINFFAI88CA,興村段,71.00,都市：住
RPTOMLQLKINFFAI88CA,興村段,69.00,都市：住
RPTOMLQLKINFFAI88CA,興村段,69.00,都市：住
RPRNMLKKKINFFAI87CA,遠東段,7.46,都市：住
RPOOMLLKKINFFAI77CA,白川段,34.15,都市：住
RPXNMLQJKINFFAI98CA,下路頭段,8.50,都市：住
RPXNMLQJKINFFAI98CA,下路頭段,8.50,都市：住
RPXNMLQJKINFFAI98CA,下路頭段,33.50,都市：住
RPXNMLQJKINFFAI98CA,下路頭段,33.50,都市：住
RPXNMLQJKINFFAI98CA,下路頭段,1.00,都市：住
RPXNMLQJKINFFAI98CA,下路頭段,1.00,都市：住
RPTNMLMKKINFFAI28CA,北社尾段保安小段,89.00,都市：住
RPWNMLQJKINFFAI88CA,劉厝段劉厝小段,20.25,都市：住
RPPOMLOLKINFFAI28CA,短竹段,132.00,都市：商
RPPNMLTJKINFFAI48CA,湖東段,88.00,都市：住
RPQNMLRJKINFFAI38CA,檜段七小段,5.04,都市：商
SPQNMLRJKINFFAI48CA,檜段七小段,5.42,都市：商
RPSNMLOKKINFFAI38CA,中山段三小段,99.00,都市：住
RPUOMLLKKINFFAI38CA,湖子內段興安小段,785.60,都市：住
RPQOMLLKKINFFAI97CA,車店段,4.83,都市：住
RPQOMLLKKINFFAI97CA,白川段,3.41,都市：住
RPPNMLKKKINFFAI67CA,埤子頭段,9.88,都市：商
RPROMLLKKINFFAI28EA,車店段車店小段,29.20,都市：住
RPSOMLLKKINFFAI18CA,短竹段,6.91,都市：住
RPQNMLKKKINFFAI97EA,竹村段,103.89,都市：住
RPRNMLQJKINFFAI38CA,盧厝段,86.00,都市：住
RPRNMLMKKINFFAI08CA,埤子頭段,48.00,都市：住
RPTNMLKLKINFFAI18CA,盧東段,46.26,都市：住
RPXOMLOKKINFFAI98CA,台斗坑段,12.01,都市：住
RPPOMLRKKINFFAI48CA,湖子內段湖美小段,157.55,都市：住
RPPOMLNKKINFFAI08CA,東川段,122.00,都市：住
RPRNMLOLKINFFAI38CA,檜段三小段,225.00,都市：商
RPQPMLMKKINFFAI18CA,北社尾段,12.36,都市：住
RPOOMLNKKINFFAI97CA,西門段一小段,15.25,都市：住
RPOOMLNKKINFFAI97CA,西門段一小段,4.62,都市：住
RPPOMLNJJHOFFAI87CA,興村段,75.00,都市：住
RPRNMLSLKINFFAI78CA,湖子內段興安小段,84.54,都市：住
RPTNMLLKKINFFAI18CA,同興段,11.50,都市：住
RPQNMLLKKINFFAI87CA,同興段,11.50,都市：住
RPPPMLOKKINFFAI28CA,下路頭段,44.00,都市：住
RPSNMLLKKINFFAI08CA,短竹段,11.09,都市：住
RPQNMLSJKINFFAI48CA,湖子內段興安小段,153.48,都市：住
RPVNMLKKKINFFAI28CA,港子坪段港坪小段,11.33,都市：住
RPPPMLQLKINFFAI58CA,劉厝段劉厝小段,30.14,都市：住
RPUNMLKLKINFFAI28CA,元段三小段,16.67,都市：商
RPRNMLRJKINFFAI48CA,頂庄段,2729.00,都市：農
RPTNMLQLKINFFAI78CA,北園段,78.00,都市：其他
RPROMLQLKINFFAI68CA,荖藤段,84.00,都市：住
RPROMLQLKINFFAI68CA,荖藤段,26.00,都市：住
RPUNMLQLKINFFAI88CA,北園段,12.00,都市：其他
RPUNMLQLKINFFAI88CA,北園段,38.00,都市：其他
RPUNMLQLKINFFAI88CA,北園段,14.00,都市：其他
RPUNMLQLKINFFAI88CA,北園段,20.00,都市：其他
RPUNMLQLKINFFAI88CA,北園段,6.00,都市：其他
RPUNMLQLKINFFAI88CA,北園段,45.00,都市：其他
RPUNMLQLKINFFAI88CA,北園段,33.00,都市：其他
RPUNMLQLKINFFAI88CA,北園段,13.00,都市：其他
RPRNMLLKKINFFAI97CA,白川段,34.29,都市：住
RPRNMLNKKINFFAI18CA,下路頭段,7.50,都市：住
RPQNMLTKKINFFAI88EA,埤子頭段,60.00,都市：住
RPRNMLPKKINFFAI38CA,竹圍子段二小段,9.56,都市：住
RPXNMLKKKINFFAI48CA,劉厝段玉山小段,119.54,都市：住
RPWNMLKKKINFFAI58EA,遠東段,17.08,都市：住
RPWNMLLKKINFFAI68EA,北園段,40.35,都市：住
RPWNMLNKKINFFAI68CA,東川段,6.80,都市：住
RPSNMLQLKINFFAI68CA,北園段,578.00,都市：其他
RPSNMLQLKINFFAI68CA,北園段,30.40,都市：其他
RPRNMLKLKINFFAI97CA,長竹段,195.00,都市：住
RPUNMLLKKINFFAI48EA,短竹段,67.75,都市：其他
RPPNMLRKKINFFAI38CA,山下段,5.00,都市：住
RPPNMLRKKINFFAI38CA,山下段,30.00,都市：住
RPPNMLRKKINFFAI38CA,山下段,32.00,都市：住
RPPNMLOKKINFFAI08CA,湖子內段新民小段,996.07,都市：商
RPWNMLMKKINFFAI68DA,埤子頭段,838.00,都市：住
RPPNMLMKKINFFAI97DA,埤子頭段,42.00,都市：住
RPQNMLMKKINFFAI08DA,竹圍子段,16.84,都市：住
RPROMLNKKINFFAI28CA,白川段,42.00,都市：住
RPROMLNKKINFFAI28CA,白川段,.67,都市：住
RPUNMLRKKINFFAI88CA,車店段車店小段,73.00,都市：住
RPPOMLLKKINFFAI87CA,竹村段,1723.33,都市：農
RPPOMLLKKINFFAI87CA,竹村段,23.74,都市：農
RPQOMLRKKINFFAI58CA,竹圍子段一小段,12.85,都市：住
RPQPMLQLKINFFAI68CA,興村段,1.55,都市：住
RPQPMLQLKINFFAI68CA,興村段,9.34,都市：住
RPVOMLLKKINFFAI48CA,車店段車店小段,91.00,都市：住
RPQOMLNJJHOFFAI97CA,短竹段,201.00,都市：住
RPQOMLNJJHOFFAI97CA,短竹段,16.00,都市：住
RPWOMLLKKINFFAI58CA,竹圍子段中興小段,21.47,都市：商
RPQNMLMJJHOFFAI77CA,埤子頭段,12.00,都市：住
RPXNMLOJJHOFFAI88EA,竹圍子段,14.39,都市：住
RPQNMLKLKINFFAI87CA,湖子內段興安小段,89.60,都市：住
RPQOMLOLKINFFAI38CA,短竹段,2.00,都市：其他
RPQOMLOLKINFFAI38CA,短竹段,127.00,都市：商
RPROMLNJJHOFFAI08CA,竹圍子段,15.45,都市：住
RPROMLNJJHOFFAI08CA,竹圍子段,107.00,都市：住
RPROMLNJJHOFFAI08CA,竹圍子段,18.28,都市：住
RPPNMLKLKINFFAI77CA,車店段車店小段,533.00,都市：住
RPQNMLTLKINFFAI78CA,港子坪段港坪小段,12.74,都市：住
RPQNMLTLKINFFAI78CA,港子坪段港坪小段,3.58,都市：住
RPPNMLMJJHOFFAI67CA,玉川段,59.00,都市：住
RPPNMLRJJHOFFAI18CA,車店段車店小段,104.00,都市：住
RPPNMLRJJHOFFAI18CA,車店段車店小段,1.00,都市：住
RPQNMLNKKINFFAI08CA,陳厝段,757.45,都市：住
RPOPMLOKKINFFAI18CA,下路頭段,197.00,都市：住
RPXNMLRJJHOFFAI98CA,遠東段,14.24,都市：住
RPVNMLLLKINFFAI48CA,劉厝段劉厝小段,8.83,都市：住
RPVNMLLLKINFFAI48CA,劉厝段劉厝小段,.33,都市：住
RPVNMLLLKINFFAI48CA,劉厝段劉厝小段,2.77,都市：住
RPSNMLRJLHOFFAI88EA,下路頭段,70.00,都市：住
RPSNMLMKKINFFAI38EA,西門段五小段,13.33,都市：商
RPXNMLMKKINFFAI68CA,竹圍子段,19.41,都市：住
RPXNMLMKKINFFAI68CA,竹圍子段,19.41,都市：住
RPVNMLMKKINFFAI68EA,埤子頭段,61.00,都市：住
RPUNMLMKKINFFAI58EA,埤子頭段,61.00,都市：住
RPPNMLTJJHOFFAI38CA,竹圍子段,80.00,都市：住
RPPNMLTJJHOFFAI38CA,竹圍子段,24.76,都市：住
RPPNMLTJJHOFFAI38CA,竹圍子段,3.00,都市：住
RPPNMLTJJHOFFAI38CA,竹圍子段,.25,都市：住
RPSOMLRKKINFFAI78CA,車店段車店小段,9.29,都市：住
RPQNMLLMKINFFAI08CA,埤子頭段,4.75,都市：住
RPOOMLLLKINFFAI87CA,港子坪段港坪小段,31.38,都市：住
RPTOMLNKKINFFAI48CA,彌陀段,17.75,都市：住
RPSNMLTKKINFFAI88CA,東川段,74.00,都市：住
RPOOMLSJJHOFFAI48EA,盧厝段,77.00,都市：住
RPQNMLRJJHOFFAI28CA,元段四小段,62.00,都市：商
RPQNMLRJJHOFFAI28CA,元段四小段,16.00,都市：商
RPTOMLNJJHOFFAI28CA,竹村段,21.76,都市：住
RPSNMLNKKINFFAI28CA,白川段,47.00,都市：住
RPWOMLQLKINFFAI56CA,堀川段,8.00,都市：住
RPWOMLQLKINFFAI56CA,堀川段,50.00,都市：住
RPQOMLMKKINFFAI08CA,八掌段,969.93,都市：農
RPTNMLOKKINFFAI68EA,元段六小段,63.44,都市：商
RPWNMLOKKINFFAI78CA,後庄段,30.44,都市：農
RPWNMLOKKINFFAI78CA,後庄段,124.00,都市：農
RPWNMLOKKINFFAI78CA,後庄段,.11,都市：農
RPQNMLMLKINFFAI08CA,北門段六小段,42.35,都市：商
RPVNMLSKKINFFAI66EA,車店段車店小段,3.32,都市：住
RPVNMLSKKINFFAI66EA,車店段車店小段,8.73,都市：住
RPTNMLSJJHOFFAI88EA,中庄段,95.00,都市：住
RPOPMLQLKINFFAI48CA,竹圍子段,110.00,都市：住
RPOPMLQLKINFFAI48CA,竹圍子段,15.29,都市：住
RPOPMLQLKINFFAI48CA,竹圍子段,.25,都市：住
RPSNMLNJJHOFFAI28EA,竹圍子段二小段,19.06,都市：住
RPPNMLTKKINFFAI68DA,下路頭段,97.00,都市：住
RPPNMLTKKINFFAI68DA,下路頭段,4.00,都市：商
RPUNMLSKKINFFAI98CA,軍輝段,5.00,都市：住
RPWNMLSKKINFFAI56CA,頂庄段,980.50,都市：農
RPWNMLSKKINFFAI56CA,頂庄段,883.00,都市：農
RPWNMLSLKINFFAI66CA,下路頭段,4.89,都市：住
RPUNMLTKKINFFAI56DA,西門段三小段,2.73,都市：商
RPUNMLTKKINFFAI56DA,西門段三小段,.69,都市：商
RPXNMLSLKINFFAI76CA,下路頭段,4.89,都市：住
RPTNMLOJJHOFFAI28CA,短竹段,13.93,都市：住
RPPNMLNLKINFFAI08CA,湖子內段興安小段,92.50,都市：住
RPPPMLRJJHOFFAI38CA,育人段,112.63,都市：農
RPRNMLTLKINFFAI88CA,湖子內段湖內小段,81.87,都市：住
RPSNMLSLKINFFAI88CA,軍輝段,4.00,都市：住
RPSNMLSLKINFFAI88CA,軍輝段,13.00,都市：住
RPSNMLSLKINFFAI88CA,軍輝段,21.00,都市：住
RPSNMLSLKINFFAI88CA,軍輝段,15.00,都市：住
RPTNMLLKJHOFFAI08CA,竹圍子段,18.15,都市：住
RPQPMLRJJHOFFAI48CA,育人段,111.77,都市：農
RPOOMLRKKINFFAI38CA,中山段三小段,62.00,都市：住
RPOOMLRKKINFFAI38CA,中山段三小段,3.00,都市：住
RPSNMLKLKINFFAI08CA,北社尾段,118.00,都市：住
RPQNMLSKKINFFAI78EA,竹圍子段,254.00,都市：住
RPTNMLTKKINFFAI56EA,荖藤段,25.00,都市：住
RPTNMLTKKINFFAI56EA,荖藤段,15.00,都市：住
RPTNMLSKKINFFAI88CA,下路頭段,81.00,都市：住
RPOOMLTKKINFFAI58CA,湖子內段興安小段,161.23,都市：住
RPSNMLSKKINFFAI98EA,盧厝段,6.52,都市：住
RPTNMLOLKINFFAI58CA,車店段車店小段,6.24,都市：住
RPRNMLTKKINFFAI78CA,竹圍子段,17.64,都市：住
RPRNMLTKKINFFAI78CA,竹圍子段,111.00,都市：住
RPTNMLPLKINFFAI68CA,湖內段,90.00,都市：住
RPTNMLPLKINFFAI68CA,湖內段,.33,都市：住
RPTNMLPLKINFFAI68CA,湖內段,1.00,都市：住
RPVOMLQLKINFFAI09CA,北社尾段,.06,都市：住
RPSNMLLLKINFFAI18CA,竹圍子段三小段,88.00,都市：住
RPXOMLSLKINFFAI86CA,湖子內段新民小段,97.99,都市：住
RPROMLOKJHOFFAI28CA,盧厝段,4.95,都市：住
RPROMLOKJHOFFAI28CA,太平段,12.05,都市：住
RPXOMLNJJHOFFAI68CA,何庄段,644.48,都市：農
RPXOMLNJJHOFFAI68CA,何庄段,889.44,都市：農
RPXOMLNJJHOFFAI68CA,何庄段,1000.00,都市：農
RPXOMLNJJHOFFAI68CA,何庄段,1000.00,都市：農
RPRPMLRJJHOFFAI58CA,遠東段,16.80,都市：住
RPVOMLNJJHOFFAI48CA,車店段,72.00,都市：住
RPWNMLLLKINFFAI58CA,遠東段,6.53,都市：住
RPVNMLTJJHOFFAI98CA,盧厝段,96.00,都市：住
RPTNMLSKJHOFFAI98EA,湖子內段新民小段,150.33,都市：其他
RPUOMLQLKINFFAI98CA,下路頭段,21.65,都市：住
RPSNMLTJJHOFFAI68CA,下路頭段,113.00,都市：住
RPSNMLTJJHOFFAI68CA,下路頭段,58.00,都市：住
RPVNMLKLKINFFAI38CA,興村段,1.55,都市：商
RPVNMLKLKINFFAI38CA,興村段,9.34,都市：商
RPPNMLLLKINFFAI87CA,竹圍子段,13.99,都市：住
RPSNMLPLKINFFAI78EA,檜段五小段,39.00,都市：商
RPRNMLPLKINFFAI48CA,東川段,23.69,都市：住
RPQNMLPLKINFFAI38CA,下路頭段,28.96,都市：住
RPSNMLTLKINFFAI98CA,短竹段,6.55,都市：住
RPUNMLLLKINFFAI38CA,竹村段,1080.69,都市：農
RPROMLOLKINFFAI48CA,陳厝段,73.31,都市：住
RPTNMLLLKINFFAI28CA,竹村段,1128.88,都市：農
RPTNMLMLKINFFAI38CA,末廣段一小段,8.50,都市：商
RPVNMLQLKINFFAI98CA,白川段,6.62,都市：其他
RPVNMLQLKINFFAI98CA,白川段,18.12,都市：住
RPVNMLQLKINFFAI98CA,白川段,7.83,都市：住
RPUOMLNJJHOFFAI38CA,檜段四小段,3.36,都市：商
RPXNMLLLKINFFAI68CA,劉厝段,106.00,都市：住
RPSOMLQLKINFFAI78CA,後庄段,112.00,都市：住
RPXOMLQLKINFFAI66CA,短竹段,4.76,都市：住
RPPNMLMLKINFFAI18EA,竹圍子段中興小段,8.21,都市：住
RPUNMLPLKINFFAI88DA,下路頭段,95.00,都市：住
RPSNMLPLKINFFAI58CA,台斗坑段,61.00,都市：住
RPPOMLOJJHOFFAI97CA,興村段,61.00,都市：住
RPPOMLOJJHOFFAI97CA,興村段,59.00,都市：住
RPSOMLNJJHOFFAI18CA,車店段,4.06,都市：住
RPSOMLNJJHOFFAI18CA,白川段,42.19,都市：住
RPTOMLSLKINFFAI09CA,育人段,477.10,都市：住
RPPNMLOLKINFFAI38EA,下路頭段,4.00,都市：住
RPWNMLQLKINFFAI09CA,下路頭段,24.58,都市：住
RPWNMLQLKINFFAI09CA,下路頭段,120.00,都市：住
RPOOMLTJJHOFFAI38CA,遠東段,16.86,都市：住
RPUNMLMLKINFFAI68EA,短竹段,331.00,都市：住
RPUNMLMLKINFFAI68EA,短竹段,595.00,都市：住
RPUNMLMLKINFFAI68EA,短竹段,403.00,都市：其他
RPQNMLOLKINFFAI48EA,車店段車店小段,8.72,都市：住
RPQNMLQLKINFFAI48CA,竹圍子段,118.00,都市：住
RPQNMLQLKINFFAI48CA,竹圍子段,116.00,都市：其他
RPQNMLSJJHOFFAI38CA,白川段,27.57,都市：住
RPQNMLOKJHOFFAI08CA,檜段一小段,134.00,都市：住
RPPNMLTLKINFFAI68CA,白川段,45.98,都市：住
RPPNMLOKJHOFFAI97CA,南門段四小段,116.00,都市：商
RPVNMLPLKINFFAI88CA,車店段,8.93,都市：住
RPVNMLPLKINFFAI88CA,白川段,17.61,都市：住
RPPOMLQLKINFFAI48CA,北園段,104.00,都市：住
RPRNMLOKJHOFFAI18CA,台斗坑段,20.36,都市：住
RPTNMLOKJHOFFAI38CA,竹圍子段一小段,9.81,都市：住
RPPPMLNJJHOFFAI97CA,下路頭段,7.07,都市：住
RPXNMLQLKINFFAI56CA,中庄段,29.88,都市：住
RPXNMLQLKINFFAI56CA,中庄段,6.55,都市：其他
RPSNMLOKJHOFFAI28CA,短竹段,4.76,都市：住
RPQNMLKMKINFFAI97CA,北園段,37.57,都市：住
RPQNMLKMKINFFAI97CA,北園段,91.00,都市：住
RPOOMLQLKINFFAI38CA,後庄段,166.00,都市：住
RPTNMLTLKINFFAI09CA,北門段五小段,50.00,都市：住
RPRNMLKMKINFFAI08CA,北園段,63.00,都市：住
RPRNMLKMKINFFAI08CA,北園段,37.57,都市：住
RPRNMLKMKINFFAI08CA,北園段,9.00,都市：住
RPRNMLMJJHOFFAI87CA,玉川段,87.00,都市：住
RPQOMLQLKINFFAI58CA,北園段,91.00,都市：住
RPTNMLSLKINFFAI98CA,玉川段,17.42,都市：住
RPUNMLLKJHOFFAI18CA,竹圍子段,20.98,都市：住
RPTOMLQKJHOFFAI68CA,竹圍子段,1678.00,都市：住
RPQOMLQKJHOFFAI38CA,下路頭段,.10,都市：住
RPQOMLQKJHOFFAI38CA,下路頭段,.10,都市：住
RPQOMLQKJHOFFAI38CA,下路頭段,7.51,都市：住
RPQOMLQKJHOFFAI38CA,下路頭段,7.51,都市：住
RPQOMLQKJHOFFAI38CA,下路頭段,37.00,都市：住
RPQOMLQKJHOFFAI38CA,下路頭段,37.00,都市：住
RPSNMLKMKINFFAI18CA,北園段,143.00,都市：住
RPSNMLKMKINFFAI18CA,北園段,37.57,都市：住
RPXNMLQKJHOFFAI98CA,竹圍子段,7.00,都市：住
RPXNMLQKJHOFFAI98CA,竹圍子段,96.00,都市：住
RPPNMLRLKINFFAI68EA,港子坪段,47.00,都市：住
RPTNMLKMKINFFAI28CA,北園段,59.00,都市：住
RPTNMLKMKINFFAI28CA,北園段,37.57,都市：住
RPTNMLKMKINFFAI28CA,北園段,13.00,都市：住
RPVNMLOKJHOFFAI68DA,元段六小段,78.00,都市：商
RPSOMLQKJHOFFAI58CA,彌陀段日新小段,264.94,都市：商
RPUNMLSJJHOFFAI88DA,彌陀段日新小段,522.87,都市：住
RPPNMLSLKINFFAI68DA,軍輝段,32.53,都市：住
RPPOMLLLJHOFFAI87CA,短竹段,10.06,都市：住
RPPOMLLLJHOFFAI87CA,短竹段,8.53,都市：住
RPPOMLLLJHOFFAI87CA,短竹段,.12,都市：住
RPQNMLKKJHOFFAI67CA,盧厝段,14.00,都市：住
RPQNMLKKJHOFFAI67CA,盧厝段,73.00,都市：住
RPQNMLKKJHOFFAI67CA,盧厝段,8.25,都市：住
RPQNMLKKJHOFFAI67CA,盧厝段,1.12,都市：住
RPQNMLPKJHOFFAI18CA,彌陀段日新小段,465.34,都市：住
RPUNMLRLKINFFAI56EA,同興段,15.03,都市：住
RPUNMLQKJHOFFAI68CA,白川段,48.63,都市：商
RPQOMLSKJHOFFAI58CA,白川段,34.68,都市：住
RPWNMLTJJHOFFAI09CA,車店段車店小段,36.58,都市：住
RPTNMLQKJHOFFAI58CA,白川段,34.93,都市：住
RPSNMLPKJHOFFAI38CA,彌陀段,7.89,都市：住
RPXNMLTJJHOFFAI56CA,白川段,36.96,都市：住
RPUOMLSLKINFFAI56CA,育人段,1245.73,都市：住
RPWOMLSLKINFFAI76CA,湖子內段興安小段,201.08,都市：住
RPOOMLSLKINFFAI58CA,下路頭段,53.00,都市：住
RPPNMLNJJHOFFAI77CA,長竹段,4.20,都市：住
RPPNMLNJJHOFFAI77CA,長竹段,20.67,都市：住
RPPNMLNJJHOFFAI77CA,長竹段,1.43,都市：住
RPRNMLRLKINFFAI68CA,北園段,996.00,都市：農
RPTPMLNJJHOFFAI38CA,育人段,1289.52,都市：農
RPQNMLSLKINFFAI68CA,北社尾段保安小段,7.89,都市：住
RPWNMLRKJHOFFAI98CA,白川段,34.68,都市：住
RPWNMLKKJHOFFAI28CA,湖子內段興安小段,96.38,都市：住
RPPNMLKMKINFFAI87CA,中山段六小段,8.50,都市：住
RPUNMLSLKINFFAI66EA,北門段五小段,41.00,都市：商
RPQNMLMLJHOFFAI97CA,遠東段,821.00,都市：工
RPQNMLMLJHOFFAI97CA,遠東段,968.00,都市：工
RPQNMLMLJHOFFAI97CA,遠東段,661.00,都市：工
RPQNMLMLJHOFFAI97CA,遠東段,657.00,都市：工
RPQNMLMLJHOFFAI97CA,遠東段,1980.00,都市：工
RPQNMLMLJHOFFAI97CA,遠東段,2278.00,都市：工
RPQNMLMLJHOFFAI97CA,遠東段,2753.00,都市：工
RPRNMLMKJHOFFAI97CA,竹圍子段,9.33,都市：住
RPROMLOJJHOFFAI38EA,盧厝段,26.80,都市：住
RPROMLOJJHOFFAI38EA,長竹段,.30,都市：住
RPSPMLNJJHOFFAI28CA,育人段,5987.32,都市：住
RPPNMLMKJHOFFAI77CA,竹圍子段二小段,13.71,都市：住
RPXNMLPKJHOFFAI88CA,遠東段,21.33,都市：住
RPOOMLPKJHOFFAI08CA,遠東段,141.00,都市：住
RPROMLSKJHOFFAI68CA,湖子內段興安小段,199.38,都市：住
RPSNMLOJJHOFFAI18CA,湖子內段湖內小段,92.00,都市：住
RPWNMLMLJHOFFAI58CA,堀川段,55.00,都市：住
RPQNMLMKJHOFFAI87CA,下路頭段,65.00,都市：住
RPUNMLNJJHOFFAI28CA,彌陀段,22.71,都市：住
RPUNMLNJJHOFFAI28CA,彌陀段,.57,都市：住
RPUNMLNJJHOFFAI28CA,彌陀段,79.00,都市：住
RPTNMLNJJHOFFAI18CA,竹圍子段,50.00,都市：住
RPTNMLNJJHOFFAI18CA,竹圍子段,14.00,都市：住
RPRNMLKKJHOFFAI77CA,竹圍子段友愛小段,118.00,都市：住
RPRPMLLLJHOFFAI28DA,同興段,3009.00,都市：工
RPRPMLLLJHOFFAI28DA,同興段,5241.00,都市：工
RPQNMLOJJHOFFAI97CA,港子坪段,74.00,都市：工
RPWNMLNJJHOFFAI48CA,竹圍子段友愛小段,103.00,都市：住
RPTNMLMJJHOFFAI08CA,遠東段,21.27,都市：住
RPVOMLSLKINFFAI66CA,北湖段,112.00,都市：住
RPPNMLNLJHOFFAI97CA,車店段車店小段,106.00,都市：住
RPPNMLNLJHOFFAI97CA,車店段車店小段,1.00,都市：住
RPPNMLLJJHOFFAI57CA,下埤段,66.12,都市：農
RPOOMLQKJHOFFAI18CA,竹圍子段,.14,都市：住
RPOOMLQKJHOFFAI18CA,竹圍子段,38.11,都市：住
RPUOMLOLJHOFFAI68CA,車店段車店小段,106.00,都市：住
RPUOMLOLJHOFFAI68CA,車店段車店小段,1.00,都市：住
RPQNMLSLJHOFFAI58CA,下路頭段,57.00,都市：住
RPWOMLOLJHOFFAI88CA,車店段車店小段,104.00,都市：住
RPWOMLOLJHOFFAI88CA,車店段車店小段,1.00,都市：住
RPSPMLLLJHOFFAI38DA,西門段三小段,105.00,都市：商
RPSPMLLLJHOFFAI38DA,西門段三小段,36.00,都市：商
RPTNMLNLJHOFFAI38CA,短竹段,126.00,都市：商
RPWOMLSLJHOFFAI66CA,湖內段,21.78,都市：住
RPROMLNLJHOFFAI28CA,大溪段,112.07,都市：住
RPROMLNLJHOFFAI28CA,大溪段,27.46,都市：住
RPOPMLOLJHOFFAI18CA,車店段車店小段,104.00,都市：住
RPOPMLOLJHOFFAI18CA,車店段車店小段,1.00,都市：住
RPXNMLNJJHOFFAI58CA,興村段,32.00,都市：住
RPPNMLPJJHOFFAI97CA,北園段,242.00,都市：住
RPRNMLOJJHOFFAI08CA,埤子頭段新厝小段,133.00,都市：住
RPQPMLNJJHOFFAI08CA,盧東段,11.94,都市：農
RPQPMLNJJHOFFAI08CA,盧東段,103.96,都市：農
RPPOMLSJJHOFFAI38CA,北園段,594.00,都市：住
RPPOMLSJJHOFFAI38CA,北園段,17.00,都市：住
RPOOMLNJJHOFFAI77CA,北園段,18.79,都市：住
RPOOMLNJJHOFFAI77CA,北園段,105.00,都市：住
RPPPMLSLJHOFFAI68CA,西門段二小段,56.00,都市：商
RPRPMLNJJHOFFAI18CA,興村段,34.40,都市：住
RPWNMLOJJHOFFAI78EA,下埤段,49.77,都市：工
RPWNMLOJJHOFFAI78EA,下埤段,64.47,都市：工
RPRNMLLKJHOFFAI87CA,鹿寮段,97.40,都市：住
RPTOMLKMJHOFFAI28CA,港子坪段,51.00,都市：住
RPTOMLKMJHOFFAI28CA,港子坪段,50.00,都市：住
RPTOMLKMJHOFFAI28CA,港子坪段,50.00,都市：住
RPTOMLKMJHOFFAI28CA,港子坪段,65.00,都市：住
RPTOMLKMJHOFFAI28CA,港子坪段,62.00,都市：住
RPTOMLKMJHOFFAI28CA,港子坪段,44.00,都市：住
RPOOMLOJJHOFFAI08EA,竹圍子段三小段,12.25,都市：住
RPPNMLSJJHOFFAI48EA,北社尾段保安小段,5.28,都市：住
RPPNMLQJJHOFFAI18DA,湖內段,168.00,都市：住
RPPNMLQJJHOFFAI18DA,湖內段,129.00,都市：住
RPUOMLRJJHOFFAI78CA,北社尾段,42.00,都市：住
RPRNMLRJJHOFFAI58EA,太平段,33.16,都市：住
RPRNMLRJJHOFFAI38CA,埤子頭段,16.74,都市：住
RPRNMLSJJHOFFAI48CA,頂庄段,13.26,都市：其他
RPRNMLSJJHOFFAI48CA,頂庄段,1.20,都市：其他
RPRNMLSJJHOFFAI48CA,頂庄段,109.00,都市：住
RPRNMLSJJHOFFAI48CA,頂庄段,11.60,都市：其他
RPRNMLSJJHOFFAI48CA,頂庄段,1.00,都市：其他
RPTNMLSJJHOFFAI68CA,盧東段,14.18,都市：農
RPTNMLSJJHOFFAI68CA,盧東段,2.53,都市：農
RPTNMLSJJHOFFAI68CA,盧東段,182.31,都市：農
RPTNMLSJJHOFFAI68CA,盧東段,169.27,都市：農
RPTNMLMLJHOFFAI28CA,檜段三小段,56.00,都市：住
RPWNMLSJJHOFFAI98CA,短竹段,3.49,都市：住
RPXNMLSJJHOFFAI09CA,短竹段,3.49,都市：住
RPOPMLNJJHOFFAI87CA,港子坪段,194.00,都市：住
RPOPMLNJJHOFFAI87CA,港子坪段,18.00,都市：其他
RPOPMLNJJHOFFAI87CA,港子坪段,10.00,都市：其他
RPOPMLNJJHOFFAI87CA,港子坪段,7.33,都市：其他
RPTNMLTJJHOFFAI78CA,盧厝段,172.00,都市：農
RPUNMLLLJHOFFAI28CA,榮段四小段,208.00,都市：商
RPWNMLLLJHOFFAI48CA,檜段三小段,29.00,都市：住
RPQOMLOJJHOFFAI08CA,東門段七小段,8.42,都市：商
RPWNMLRJJHOFFAI88CA,車店段車店小段,11.90,都市：住
RPVNMLLKJHOFFAI28CA,南門段六小段,34.00,都市：商
RPVOMLOLJHOFFAI78CA,劉厝段,112.00,都市：住
RPRNMLPJJHOFFAI18CA,下路頭段,81.00,都市：住
RPSNMLPJJHOFFAI28CA,同興段,24.60,都市：住
RPUPMLSLJHOFFAI56CA,盧厝段,18.10,都市：住
RPTNMLPJJHOFFAI38CA,台斗坑段,18.00,都市：住
RPSOMLOLJHOFFAI48CA,盧東段,13.22,都市：住
RPSOMLOLJHOFFAI48CA,盧東段,135.84,都市：住
RPSOMLOLJHOFFAI48CA,盧東段,.07,都市：住
RPUPMLTLJHOFFAI66CA,車店段,25.80,都市：住
RPUPMLTLJHOFFAI66CA,車店段,1.57,都市：住
RPUNMLRJJHOFFAI68CA,元段二小段,55.00,都市：商
RPSNMLSJJHOFFAI58CA,北社尾段,13.78,都市：住
RPSNMLSJJHOFFAI58CA,北社尾段,.46,都市：住
RPPNMLKKJHOFFAI57CA,車店段,4.00,都市：住
RPWNMLLKJHOFFAI38CA,軍輝段,11.84,都市：住
RPQOMLRJJHOFFAI58EA,盧厝段,2.00,都市：住
RPPNMLLMJHOFFAI87CA,竹圍子段友愛小段,21.95,都市：住
RPUNMLTJJHOFFAI88CA,北社尾段保安小段,115.00,都市：住
RPVOMLRJJHOFFAI88CA,北園段,59.00,都市：住
RPVOMLRJJHOFFAI88CA,北園段,37.57,都市：住
RPVOMLRJJHOFFAI88CA,北園段,12.00,都市：住
RPXNMLLKJHOFFAI48CA,北湖段,344.00,都市：住
RPXOMLRJJHOFFAI09CA,北園段,93.00,都市：住
RPXOMLRJJHOFFAI09CA,北園段,37.57,都市：住
RPXOMLRJJHOFFAI09CA,北園段,1.00,都市：住
RPOPMLRJJHOFFAI28CA,頂庄段,11.00,都市：住
RPVNMLSJJHOFFAI09EA,中庄段,42.50,都市：住
RPROMLRJJHOFFAI68EA,盧厝段,1.00,都市：住
RPTPMLTLJHOFFAI56CA,北社尾段,12.36,都市：住
RPSNMLKKJHOFFAI87CA,竹圍子段三小段,22.10,都市：住
RPUOMLKMJHOFFAI38CA,短竹段,12.38,都市：住
RPUNMLNLJHOFFAI48CA,東門段六小段,203.00,都市：住
RPTNMLSLJHOFFAI88CA,竹圍子段,74.00,都市：商
RPSOMLSKJHOFFAI78CA,西門段四小段,40.32,都市：商
RPSNMLLLJHOFFAI08CA,盧厝段,10.86,都市：住
RPPNMLOLJHOFFAI08CA,下路頭段,49.69,都市：住
RPSPMLOLJHOFFAI58CA,白川段,6.62,都市：住
RPSPMLOLJHOFFAI58CA,白川段,18.12,都市：住
RPSPMLOLJHOFFAI58CA,白川段,7.83,都市：住
RPVOMLKMJHOFFAI48CA,車店段車店小段,82.00,都市：住
RPROMLTJJHOFFAI68CA,遠東段,15.86,都市：住
RPTNMLKKJHOFFAI97CA,短竹段,22.44,都市：住
RPTNMLKKJHOFFAI97CA,短竹段,139.11,都市：住
RPQOMLLLJHOFFAI97CA,下路頭段,10.00,都市：住
RPQOMLLLJHOFFAI97CA,下路頭段,65.00,都市：住
RPQOMLLLJHOFFAI97CA,下路頭段,73.00,都市：住
RPQOMLLLJHOFFAI97CA,下路頭段,73.00,都市：住
RPSNMLMLJHOFFAI18CA,竹圍子段中興小段,24.00,都市：商
RPUNMLSKJHOFFAI88CA,車店段,92.00,都市：住
RPSNMLMKJHOFFAI08CA,短竹段,13.81,都市：住
RPOOMLLLJHOFFAI77CA,西門段六小段,3.87,都市：商
RPOOMLLLJHOFFAI77CA,新富段六小段,12.99,都市：商
RPSNMLSLJHOFFAI98EA,竹圍子段,1.38,都市：住
RPUNMLOKJHOFFAI48CA,何庄段,644.48,都市：農
RPUNMLOKJHOFFAI48CA,何庄段,889.44,都市：農
RPUNMLOKJHOFFAI48CA,何庄段,1000.00,都市：農
RPUNMLOKJHOFFAI48CA,何庄段,1000.00,都市：農
RPXNMLKKJHOFFAI38CA,港子坪段港坪小段,25.11,都市：住
RPSOMLMLJHOFFAI28CA,荖藤段,1060.00,都市：農
RPQNMLLLJHOFFAI87CA,彌陀段,27.17,都市：住
RPQOMLTJJHOFFAI58CA,北湖段,127.00,都市：住
RPPOMLTJJHOFFAI48CA,北湖段,86.00,都市：住
RPOOMLKKJHOFFAI57CA,竹圍子段一小段,13.05,都市：住
RPVNMLKKJHOFFAI18CA,下路頭段,67.00,都市：住
RPVNMLKKJHOFFAI18CA,下路頭段,16.00,都市：住
RPUNMLKKJHOFFAI08CA,溪東段,595.74,都市：農
RPTOMLOLJHOFFAI58CA,堀川段,25.08,都市：住
RPVNMLSKJHOFFAI98CA,埤子頭段新厝小段,31.96,都市：住
RPRPMLOLJHOFFAI48CA,下路頭段,23.86,都市：住
RPOOMLSKJHOFFAI38CA,溪東段,564.17,都市：農
RPVNMLNLJHOFFAI58CA,盧厝段,43.33,都市：住
RPOOMLLKJHOFFAI67CA,溪東段,1656.89,都市：農
RPPOMLLJKHOFFAI77CA,盧厝段,20.49,都市：住
RPROMLQKJHOFFAI48CA,北社尾段,7.39,都市：住
RPROMLQKJHOFFAI48CA,北社尾段,7.39,都市：住
RPROMLQKJHOFFAI48CA,北社尾段,40.00,都市：住
RPROMLQKJHOFFAI48CA,北社尾段,40.00,都市：住
RPQNMLKMJHOFFAI87CA,埤子頭段,49.00,都市：住
RPSNMLQKJHOFFAI68EA,下路頭段,91.00,都市：住
RPQNMLLKJHOFFAI97EA,車店段車店小段,29.35,都市：住
RPTPMLSLJHOFFAI09CA,盧東段,20.80,都市：住
RPTPMLSLJHOFFAI09CA,盧東段,83.20,都市：住
RPRPMLSLJHOFFAI88CA,東門段五小段,74.00,都市：住
RPWOMLKMJHOFFAI58CA,遠東段,73.00,都市：工
RPWOMLKMJHOFFAI58CA,遠東段,331.00,都市：工
RPWOMLKMJHOFFAI58CA,遠東段,5.00,都市：工
RPWOMLKMJHOFFAI58CA,遠東段,108.00,都市：工
RPSPMLSLJHOFFAI98CA,下路頭段,81.00,都市：住
RPQOMLOLJHOFFAI28CA,遠東段,6.53,都市：住
RPOOMLOKJHOFFAI97CA,白川段,44.56,都市：住
RPTPMLOLJHOFFAI68CA,竹圍子段中興小段,17.46,都市：住
RPROMLOLJHOFFAI38CA,竹圍子段二小段,10.12,都市：住
RPSNMLRKJHOFFAI58CA,湖子內段興安小段,424.69,都市：住
RPVNMLQKJHOFFAI78CA,劉厝段劉厝小段,11.40,都市：商
RPSOMLOKJHOFFAI38CA,大溪段,120.62,都市：住
RPSPMLTLJHOFFAI09CA,竹圍子段二小段,25.30,都市：住
RPWNMLNLJHOFFAI68CA,中山段三小段,58.00,都市：住
RPWNMLNLJHOFFAI68CA,中山段三小段,12.00,都市：住
RPWNMLNLJHOFFAI68CA,檜段四小段,2.66,都市：住
RPPOMLPKJHOFFAI18CA,遠東段,141.00,都市：住
RPRNMLRKJHOFFAI68EA,北園段,66.00,都市：商
RPPOMLOKJHOFFAI28EA,湖子內段興安小段,2.19,都市：住
RPPPMLOLJHOFFAI28CA,遠東段,17.73,都市：住
RPRNMLPKJHOFFAI48EA,盧厝段,8.43,都市：住
RPQNMLSKJHOFFAI68EA,港子坪段,70.00,都市：住
RPPNMLQKJHOFFAI38EA,榮段二小段,5.48,都市：商
RPQNMLLJKHOFFAI77CA,埤子頭段,28.64,都市：住
RPPNMLLJKHOFFAI67CA,興村段,14.13,都市：住
RPQNMLQKJHOFFAI28CA,湖子內段興安小段,133.82,都市：住
RPROMLMLJHOFFAI18CA,八掌段,265.09,都市：農
RPROMLMLJHOFFAI18CA,八掌段,19.41,都市：農
RPTNMLPKJHOFFAI68EA,北社尾段,47.00,都市：住
RPPNMLLLJHOFFAI97EA,下路頭段,74.00,都市：住
RPXNMLLKKHOFFAI58CA,港子坪段港坪小段,16.74,都市：住
RPPNMLLKKHOFFAI77CA,竹圍子段,25.33,都市：住
RPPNMLLKKHOFFAI77CA,竹圍子段,.00,都市：住
RPPNMLLKKHOFFAI77CA,竹圍子段,3.54,都市：住
RPPNMLLKKHOFFAI77CA,竹圍子段,.03,都市：住
RPTNMLRKJHOFFAI68CA,陳厝段,126.54,都市：住
RPTNMLRKJHOFFAI68CA,陳厝段,52.76,都市：住
RPTNMLRKJHOFFAI68CA,陳厝段,.97,都市：住
RPSNMLKMJHOFFAI08CA,元段五小段,1.00,都市：商
RPOPMLSLJHOFFAI58CA,北湖段,1724.00,都市：農
RPXNMLKMJHOFFAI58CA,下路頭段,14.66,都市：住
RPWNMLKMJHOFFAI48CA,檜段四小段,3.50,都市：商
RPXNMLNLJHOFFAI78CA,遠東段,17.92,都市：住
RPWOMLLJKHOFFAI48CA,盧厝段,97.00,都市：住
RPPOMLQKJHOFFAI28CA,台斗坑段,9.87,都市：住
RPPOMLQKJHOFFAI28CA,台斗坑段,9.87,都市：住
RPPOMLQKJHOFFAI28CA,台斗坑段,.01,都市：其他
RPPOMLQKJHOFFAI28CA,台斗坑段,.01,都市：其他
RPOOMLLMJHOFFAI87CA,車店段,128.00,都市：住
RPWNMLQKJHOFFAI88CA,湖子內段新民小段,330.01,都市：住
RPWNMLLKKHOFFAI48CA,西門段一小段,19.88,都市：商
RPPNMLKKKHOFFAI67CA,彌陀段日新小段,129.50,都市：住
RPQPMLSLJHOFFAI78CA,盧厝段,112.00,都市：住
RPTQMLSLJHOFFAI56CA,白川段,4.29,都市：住
RPTQMLSLJHOFFAI56CA,車店段,26.98,都市：住
RPQPMLOLJHOFFAI38CA,興村段,1.95,都市：住
RPQPMLOLJHOFFAI38CA,興村段,11.77,都市：住
RPRNMLPLJHOFFAI38CA,竹村段,21.76,都市：住
RPPNMLRKJHOFFAI28CA,下路頭段,38.00,都市：住
RPVOMLLJKHOFFAI38CA,育人段,48.67,都市：農
RPVPMLTLJHOFFAI76CA,短竹段,4.76,都市：住
RPQNMLRKJHOFFAI38CA,盧厝段,113.00,都市：住
RPPNMLSKJHOFFAI38CA,車店段車店小段,88.00,都市：住
RPSOMLLLJHOFFAI38EA,盧厝段,59.00,都市：住
RPQNMLMJKHOFFAI87CA,下路頭段,138.00,都市：住
RPSNMLRKJHOFFAI78EA,港子坪段港坪小段,15.01,都市：住
RPUNMLSLJHOFFAI98CA,長竹段,30.82,都市：住
RPWNMLSKJHOFFAI66EA,劉厝段玉山小段,142.80,都市：住
RPRNMLTKJHOFFAI68CA,湖子內段新民小段,848.93,都市：商
RPRNMLTKJHOFFAI68CA,湖子內段新民小段,1107.41,都市：商
RPSNMLTKJHOFFAI78CA,大溪段,10.60,都市：住
RPVNMLRKJHOFFAI88CA,竹圍子段,6.00,都市：住
RPQNMLTKJHOFFAI78EA,盧厝段,16.00,都市：住
RPQNMLTKJHOFFAI78EA,盧厝段,30.75,都市：住
RPUNMLMLJHOFFAI58EA,短竹段,13.93,都市：住
RPSNMLSKJHOFFAI88EA,北門段七小段,23.38,都市：商
RPPOMLSKJHOFFAI48CA,湖子內段湖美小段,1060.25,都市：商
RPXOMLLLJHOFFAI68CA,下路頭段,34.00,都市：住
RPXNMLLLJHOFFAI58CA,埤子頭段,41.00,都市：住
RPXNMLLLJHOFFAI58CA,埤子頭段,3.00,都市：其他
RPSNMLMJKHOFFAI08CA,湖子內段湖美小段,173.93,都市：住
RPQNMLPLJHOFFAI28CA,下路頭段,4.89,都市：住
RPQNMLOLJHOFFAI18CA,湖子內段新民小段,12.25,都市：住
RPSNMLLMJHOFFAI18CA,太平段,143.00,都市：住
RPUOMLLLJHOFFAI38CA,長竹段,.60,都市：住
RPUOMLLLJHOFFAI38CA,長竹段,22.12,都市：住
RPUOMLLLJHOFFAI38CA,長竹段,97.00,都市：住
RPUOMLLLJHOFFAI38CA,長竹段,5.75,都市：住
RPTNMLTLJHOFFAI98CA,中山段三小段,15.65,都市：住
RPPNMLMKKHOFFAI87CA,下路頭段,189.60,都市：住
RPOOMLMLJHOFFAI87CA,溪東段,985.94,都市：農
RPOOMLMLJHOFFAI87CA,溪東段,345.90,都市：住
RPUNMLTLJHOFFAI09CA,盧東段,13.93,都市：其他
RPUNMLTLJHOFFAI09CA,盧東段,131.92,都市：住
RPUNMLTLJHOFFAI09CA,盧東段,15.90,都市：住
RPUNMLTLJHOFFAI09CA,盧東段,.26,都市：住
RPUNMLTLJHOFFAI09CA,盧東段,7.06,都市：其他
RPUNMLTLJHOFFAI09CA,盧東段,11.92,都市：其他
RPUNMLTLJHOFFAI09CA,盧東段,20.06,都市：其他
RPRNMLNLJHOFFAI18CA,竹圍子段,103.00,都市：住
RPTNMLKLJHOFFAI08CA,檜段四小段,3.32,都市：商
RPPNMLKLJHOFFAI77DA,下路頭段,15.00,都市：住
RPSNMLKLJHOFFAI97CA,下路頭段,92.00,都市：住
RPUNMLKLJHOFFAI18CA,港子坪段港坪小段,22.79,都市：住
RPOOMLOLJHOFFAI28EA,長竹段,76.00,都市：住
RPQNMLKLJHOFFAI87DA,下路頭段,140.00,都市：住
RPRNMLRKKHOFFAI58CA,竹圍子段一小段,9.81,都市：商
RPRNMLLLJHOFFAI18EA,劉厝段玉山小段,145.63,都市：住
RPROMLLLJHOFFAI28EA,下路頭段,48.00,都市：住
RPQNMLNLJHOFFAI08CA,白川段,19.00,都市：住
RPQNMLNLJHOFFAI08CA,白川段,50.00,都市：住
RPQNMLNLJHOFFAI08CA,白川段,3.00,都市：其他
RPQNMLNLJHOFFAI08CA,白川段,1.00,都市：其他
RPTOMLLLJHOFFAI48EA,中庄段,19.57,都市：住
RPTOMLLLJHOFFAI48EA,中庄段,60.00,都市：住
RPQOMLNKKHOFFAI18CA,遠東段,20.38,都市：住
RPTNMLNKKHOFFAI38CA,下路頭段,60.00,都市：住
RPTNMLNKKHOFFAI38CA,下路頭段,6.00,都市：住
RPWNMLOKKHOFFAI78CA,劉厝段,50.50,都市：住
RPWNMLOKKHOFFAI78CA,劉厝段,50.50,都市：住
RPVNMLTLJHOFFAI56CA,盧東段,13.93,都市：其他
RPVNMLTLJHOFFAI56CA,盧東段,15.90,都市：住
RPVNMLTLJHOFFAI56CA,盧東段,161.60,都市：住
RPVNMLTLJHOFFAI56CA,盧東段,.26,都市：住
RPVNMLTLJHOFFAI56CA,盧東段,7.88,都市：住
RPVNMLTLJHOFFAI56CA,盧東段,7.06,都市：其他
RPVNMLTLJHOFFAI56CA,盧東段,11.92,都市：其他
RPVNMLTLJHOFFAI56CA,盧東段,20.06,都市：其他
RPRNMLRLJHOFFAI58CA,下路頭段,143.00,都市：住
RPPOMLMLJHOFFAI97CA,檜段三小段,51.00,都市：住
RPWNMLPLJHOFFAI88CA,西門段二小段,68.28,都市：商
RPWNMLTLJHOFFAI66CA,盧東段,13.93,都市：其他
RPWNMLTLJHOFFAI66CA,盧東段,15.90,都市：住
RPWNMLTLJHOFFAI66CA,盧東段,132.06,都市：住
RPWNMLTLJHOFFAI66CA,盧東段,.26,都市：住
RPWNMLTLJHOFFAI66CA,盧東段,7.06,都市：其他
RPWNMLTLJHOFFAI66CA,盧東段,11.92,都市：其他
RPWNMLTLJHOFFAI66CA,盧東段,20.06,都市：其他
RPUNMLPLJHOFFAI68CA,短竹段,141.00,都市：住
RPUNMLPLJHOFFAI68CA,短竹段,137.00,都市：住
RPTNMLLJKHOFFAI08CA,竹圍子段,9.66,都市：住
RPSNMLNKKHOFFAI28CA,車店段車店小段,103.00,都市：住
RPSNMLNKKHOFFAI28CA,車店段車店小段,1.00,都市：住
SPTNMLLKKHOFFAI28CA,竹圍子段,25.33,都市：住
SPTNMLLKKHOFFAI28CA,竹圍子段,3.54,都市：住
RPROMLLJKHOFFAI97CA,新富段四小段,292.00,都市：商
RPOPMLLJKHOFFAI77CA,大溪段,1.72,都市：農
RPOPMLLJKHOFFAI77CA,大溪段,1.72,都市：農
RPOPMLLJKHOFFAI77CA,大溪段,1.72,都市：農
RPOPMLLJKHOFFAI77CA,大溪段,1.13,都市：農
RPOPMLLJKHOFFAI77CA,大溪段,1.13,都市：農
RPOPMLLJKHOFFAI77CA,大溪段,1.13,都市：農
RPOPMLLJKHOFFAI77CA,大溪段,5.93,都市：農
RPOPMLLJKHOFFAI77CA,大溪段,5.93,都市：農
RPOPMLLJKHOFFAI77CA,大溪段,5.93,都市：農
RPXOMLSLJHOFFAI76CA,長竹段,26.60,都市：住
RPSNMLNLJHOFFAI28CA,山下段,92.00,都市：住
RPPNMLPLJHOFFAI18CA,中庄段,92.00,都市：住
RPTOMLMLJHOFFAI38CA,荖藤段,555.00,都市：農
RPTNMLOLJHOFFAI48CA,車店段,30.30,都市：住
RPXNMLMLJHOFFAI68CA,玉川段,40.00,都市：住
RPXNMLMLJHOFFAI68CA,玉川段,8.00,都市：住
RPXNMLOLJHOFFAI88CA,劉厝段劉厝小段,9.76,都市：住
RPQOMLMLJHOFFAI08CA,湖內段,19.84,都市：住
RPQOMLKMJHOFFAI97CA,西門段三小段,7.34,都市：商
RPQOMLKMJHOFFAI97CA,西門段三小段,1.84,都市：商
RPTOMLTKKHOFFAI09CA,湖子內段興安小段,94.26,都市：住
RPWOMLTKKHOFFAI76CA,湖子內段興安小段,112.21,都市：住
RPXNMLKLKHOFFAI58CA,湖子內段興安小段,110.99,都市：住
RPWNMLKLKHOFFAI48CA,湖子內段興安小段,110.99,都市：住
RPVNMLNKKHOFFAI58CA,中庄段,116.00,都市：住
RPROMLNKKHOFFAI28CA,短竹段,6.55,都市：住
RPTNMLQKKHOFFAI68CA,何庄段,190.90,都市：農
RPTNMLQKKHOFFAI68CA,何庄段,190.90,都市：農
RPTNMLQKKHOFFAI68CA,何庄段,23.98,都市：農
RPTNMLQKKHOFFAI68CA,何庄段,23.98,都市：農
RPUNMLNKKHOFFAI48CA,短竹段,134.00,都市：商
RPRNMLMLJHOFFAI08CA,中山段五小段,174.00,都市：住
RPRNMLQKKHOFFAI48CA,何庄段,53.83,都市：農
RPRNMLQKKHOFFAI48CA,何庄段,458.58,都市：農
RPRNMLOLJHOFFAI48EA,車店段,24.64,都市：住
RPRNMLOLJHOFFAI48EA,白川段,4.43,都市：住
RPOOMLOLJHOFFAI08CA,盧厝段,117.00,都市：住
RPUNMLQKKHOFFAI78CA,長竹段,20.33,都市：住
RPVQMLSLJHOFFAI76CA,遠東段,105.00,都市：住
RPWQMLSLJHOFFAI86CA,下路頭段,4.35,都市：住
RPVPMLSLJHOFFAI66CA,盧厝段,9.78,都市：住
RPQNMLRKKHOFFAI48CA,北社尾段,98.00,都市：商
RPQOMLSLJHOFFAI68CA,下埤段,1397.29,都市：農
RPVNMLLMJHOFFAI48CA,盧厝段,103.00,都市：農
RPVNMLLMJHOFFAI48CA,盧厝段,1.47,都市：農
RPVNMLLMJHOFFAI48CA,盧厝段,36.43,都市：農
RPWPMLLJKHOFFAI58CA,遠東段,13.06,都市：住
RPUNMLLJKHOFFAI18CA,檜段五小段,39.00,都市：商
RPPOMLOLJHOFFAI18CA,竹圍子段,72.00,都市：住
RPRNMLLMJHOFFAI08CA,遠東段,17.73,都市：住
RPWNMLNKKHOFFAI68CA,頭港段,85.95,都市：住
RPPOMLKMJHOFFAI87CA,下路頭段,4.89,都市：住
RPXOMLTLJHOFFAI86CA,白川段,43.00,都市：住
RPXOMLTLJHOFFAI86CA,白川段,30.00,都市：住
RPXOMLTLJHOFFAI86CA,白川段,4.00,都市：住
RPXOMLTLJHOFFAI86CA,白川段,7.00,都市：住
RPXOMLTLJHOFFAI86CA,白川段,13.00,都市：住
RPXNMLQKKHOFFAI09CA,埤子頭段新厝小段,116.00,都市：住
RPPOMLKLKHOFFAI87CA,榮段五小段,36.18,都市：商
RPPNMLMJKHOFFAI77CA,車店段車店小段,6.06,都市：住
RPSNMLTLJHOFFAI09EA,盧厝段,6.00,都市：住
RPXNMLPLJHOFFAI98CA,中山段六小段,27.10,都市：住
RPPNMLTKKHOFFAI58CA,遠東段,19.43,都市：住
RPPOMLQKKHOFFAI38CA,下路頭段,7.07,都市：住
RPSPMLLJKHOFFAI18CA,中庄段,29.88,都市：住
RPSPMLLJKHOFFAI18CA,中庄段,6.55,都市：其他
RPPNMLRLJHOFFAI38CA,湖東段,5.00,都市：住
RPPNMLRLJHOFFAI38CA,湖東段,116.00,都市：住
RPSQMLLJKHOFFAI38DA,盧厝段,78.00,都市：住
RPSQMLLJKHOFFAI38DA,盧厝段,23.82,都市：住
RPSQMLLJKHOFFAI38DA,盧厝段,7.82,都市：住
RPSQMLLJKHOFFAI38DA,盧厝段,6.59,都市：住
RPVNMLSLJHOFFAI09CA,太平段,18.50,都市：住
RPTNMLMKKHOFFAI28CA,竹圍子段一小段,17.94,都市：住
RPRNMLMJKHOFFAI97CA,白川段,36.96,都市：住
RPOQMLLJKHOFFAI87CA,下路頭段,.01,都市：住
RPOQMLLJKHOFFAI87CA,下路頭段,52.55,都市：住
RPRNMLNKKHOFFAI18CA,竹圍子段二小段,1.14,都市：住
RPTPMLLJKHOFFAI28CA,湖子內段湖美小段,863.89,都市：住
RPVPMLLJKHOFFAI48CA,盧東段,40.37,都市：農
RPVPMLLJKHOFFAI48CA,盧東段,46.98,都市：農
RPVPMLLJKHOFFAI48CA,盧東段,16.29,都市：農
RPVPMLLJKHOFFAI48CA,盧東段,48.15,都市：農
RPVPMLLJKHOFFAI48CA,盧東段,139.97,都市：農
RPVPMLLJKHOFFAI48CA,盧東段,.60,都市：農
RPVPMLLJKHOFFAI48CA,盧東段,.53,都市：農
RPVPMLLJKHOFFAI48CA,盧東段,6.03,都市：農
RPVPMLLJKHOFFAI48CA,盧東段,2.49,都市：農
RPRNMLTLJHOFFAI78CA,下路頭段,59.00,都市：住
RPPOMLSLJHOFFAI58CA,同興段,9.00,都市：住
RPPOMLSLJHOFFAI58CA,同興段,51.00,都市：住
RPQNMLLKKHOFFAI87CA,竹圍子段,140.00,都市：住
RPWNMLLJKHOFFAI38CA,同興段,21.70,都市：住
RPSNMLLJKHOFFAI97CA,竹圍子段三小段,22.30,都市：住
RPTOMLSLJHOFFAI98CA,盧東段,11.94,都市：農
RPTOMLSLJHOFFAI98CA,盧東段,108.78,都市：農
RPUOMLSLJHOFFAI09CA,竹圍子段,31.51,都市：住
RPUOMLSLJHOFFAI09CA,竹圍子段,.22,都市：住
RPUQMLSLJHOFFAI66CA,下路頭段,19.72,都市：住
RPWPMLTLJHOFFAI86CA,竹圍子段,3.39,都市：商
RPRNMLSLJHOFFAI88EA,北園段,68.00,都市：住
RPPNMLTLJHOFFAI78EA,北社尾段保安小段,92.00,都市：住
RPXOMLNLKHOFFAI98CA,盧厝段,108.00,都市：農
RPXOMLNLKHOFFAI98CA,盧厝段,22.25,都市：農
RPPQMLSLJHOFFAI78CA,堀川段,42.00,都市：住
RPUNMLLLKHOFFAI58EA,北門段二小段,126.00,都市：住
RPXOMLTKKHOFFAI86CA,竹圍子段二小段,12.51,都市：住
RPSOMLTKKHOFFAI98CA,下埤段,297.44,都市：工
RPSOMLTKKHOFFAI98CA,下埤段,365.09,都市：工
RPSOMLTKKHOFFAI98CA,下埤段,706.05,都市：工
RPSOMLTKKHOFFAI98CA,下埤段,301.61,都市：工
RPSOMLTKKHOFFAI98CA,下埤段,297.44,都市：工
RPSOMLTKKHOFFAI98CA,下埤段,297.44,都市：工
RPSOMLTKKHOFFAI98CA,下埤段,297.44,都市：工
RPSOMLTKKHOFFAI98CA,下埤段,297.44,都市：工
RPSOMLTKKHOFFAI98CA,下埤段,360.78,都市：工
RPSOMLTKKHOFFAI98CA,下埤段,268.44,都市：工
RPSOMLTKKHOFFAI98CA,下埤段,268.48,都市：工
RPSOMLTKKHOFFAI98CA,下埤段,268.45,都市：工
RPSOMLTKKHOFFAI98CA,下埤段,269.26,都市：工
RPSOMLTKKHOFFAI98CA,下埤段,275.78,都市：工
RPSOMLTKKHOFFAI98CA,下埤段,340.47,都市：工
RPSOMLTKKHOFFAI98CA,下埤段,321.91,都市：工
RPSOMLTKKHOFFAI98CA,下埤段,3390.81,都市：工
RPSOMLTKKHOFFAI98CA,下埤段,296.09,都市：工
RPSOMLTKKHOFFAI98CA,下埤段,262.72,都市：工
RPSOMLTKKHOFFAI98CA,下埤段,262.71,都市：工
RPSOMLTKKHOFFAI98CA,下埤段,264.57,都市：工
RPSOMLTKKHOFFAI98CA,下埤段,272.25,都市：工
RPSOMLTKKHOFFAI98CA,下埤段,285.65,都市：工
RPSOMLTKKHOFFAI98CA,下埤段,329.33,都市：工
RPSOMLTKKHOFFAI98CA,下埤段,295.19,都市：工
RPSOMLTKKHOFFAI98CA,下埤段,972.81,都市：工
RPSOMLTKKHOFFAI98CA,下埤段,295.43,都市：工
RPSOMLTKKHOFFAI98CA,下埤段,415.39,都市：工
RPSOMLTKKHOFFAI98CA,下埤段,480.19,都市：工
RPSOMLTKKHOFFAI98CA,下埤段,434.96,都市：工
RPSOMLTKKHOFFAI98CA,下埤段,320.96,都市：工
RPSOMLTKKHOFFAI98CA,下埤段,321.55,都市：工
RPSOMLTKKHOFFAI98CA,下埤段,321.45,都市：工
RPSOMLTKKHOFFAI98CA,下埤段,326.29,都市：工
RPSOMLTKKHOFFAI98CA,下埤段,326.28,都市：工
RPSOMLTKKHOFFAI98CA,下埤段,333.41,都市：工
RPSOMLTKKHOFFAI98CA,下埤段,568.32,都市：工
RPSOMLTKKHOFFAI98CA,下埤段,356.77,都市：工
RPSOMLTKKHOFFAI98CA,下埤段,316.18,都市：工
RPSOMLTKKHOFFAI98CA,下埤段,316.16,都市：工
RPSOMLTKKHOFFAI98CA,下埤段,316.16,都市：工
RPSOMLTKKHOFFAI98CA,下埤段,316.16,都市：工
RPSOMLTKKHOFFAI98CA,下埤段,316.16,都市：工
RPSOMLTKKHOFFAI98CA,下埤段,316.16,都市：工
RPSOMLTKKHOFFAI98CA,下埤段,377.52,都市：工
RPSOMLTKKHOFFAI98CA,下埤段,447.20,都市：工
RPSOMLTKKHOFFAI98CA,下埤段,447.31,都市：工
RPSOMLTKKHOFFAI98CA,下埤段,447.48,都市：工
RPSOMLTKKHOFFAI98CA,下埤段,426.39,都市：工
RPSOMLTKKHOFFAI98CA,下埤段,316.15,都市：工
RPSOMLTKKHOFFAI98CA,下埤段,316.14,都市：工
RPSOMLTKKHOFFAI98CA,下埤段,316.14,都市：工
RPSOMLTKKHOFFAI98CA,下埤段,316.13,都市：工
RPSOMLTKKHOFFAI98CA,下埤段,316.13,都市：工
RPSOMLTKKHOFFAI98CA,下埤段,316.13,都市：工
RPSOMLTKKHOFFAI98CA,下埤段,316.12,都市：工
RPSOMLTKKHOFFAI98CA,下埤段,412.39,都市：工
RPSOMLTKKHOFFAI98CA,下埤段,410.10,都市：工
RPSOMLTKKHOFFAI98CA,下埤段,316.12,都市：工
RPSOMLTKKHOFFAI98CA,下埤段,316.13,都市：工
RPSOMLTKKHOFFAI98CA,下埤段,316.13,都市：工
RPSOMLTKKHOFFAI98CA,下埤段,316.13,都市：工
RPSOMLTKKHOFFAI98CA,下埤段,316.13,都市：工
RPSOMLTKKHOFFAI98CA,下埤段,316.14,都市：工
RPSOMLTKKHOFFAI98CA,下埤段,377.50,都市：工
RPSOMLTKKHOFFAI98CA,下埤段,424.92,都市：工
RPSOMLTKKHOFFAI98CA,下埤段,381.26,都市：工
RPSOMLTKKHOFFAI98CA,下埤段,273.93,都市：工
RPSOMLTKKHOFFAI98CA,下埤段,297.44,都市：工
RPSOMLTKKHOFFAI98CA,下埤段,297.45,都市：工
RPSOMLTKKHOFFAI98CA,下埤段,297.43,都市：工
RPSOMLTKKHOFFAI98CA,下埤段,2110.58,都市：工
RPSOMLTKKHOFFAI98CA,下埤段,65.94,都市：工
RPSOMLTKKHOFFAI98CA,下埤段,390.01,都市：工
RPSOMLTKKHOFFAI98CA,下埤段,316.74,都市：工
RPSOMLTKKHOFFAI98CA,下埤段,410.82,都市：工
RPSOMLTKKHOFFAI98CA,下埤段,92.22,都市：工
RPSOMLTKKHOFFAI98CA,下埤段,1.08,都市：工
RPSOMLTKKHOFFAI98CA,下埤段,836.22,都市：工
RPSOMLTKKHOFFAI98CA,下埤段,.17,都市：工
RPSOMLTKKHOFFAI98CA,下埤段,342.60,都市：工
RPSOMLTKKHOFFAI98CA,下埤段,502.49,都市：工
RPSOMLTKKHOFFAI98CA,下埤段,540.05,都市：工
RPSOMLTKKHOFFAI98CA,下埤段,21.69,都市：工
RPSOMLTKKHOFFAI98CA,下埤段,22.09,都市：工
RPSOMLTKKHOFFAI98CA,下埤段,23.51,都市：工
RPSOMLTKKHOFFAI98CA,下埤段,17.44,都市：工
RPSOMLTKKHOFFAI98CA,下埤段,292.02,都市：工
RPSOMLTKKHOFFAI98CA,下埤段,277.06,都市：工
RPSOMLTKKHOFFAI98CA,下埤段,29.35,都市：工
RPSOMLTKKHOFFAI98CA,下埤段,7.95,都市：工
RPSOMLTKKHOFFAI98CA,下埤段,326.14,都市：工
RPSOMLTKKHOFFAI98CA,下埤段,51.16,都市：工
RPOOMLKMJHOFFAI77CA,車店段車店小段,12.18,都市：住
RPXNMLTLJHOFFAI76CA,湖子內段興安小段,132.06,都市：住
RPXOMLLJKHOFFAI58CA,興村段,35.36,都市：住
RPOQMLSLJHOFFAI68CA,竹圍子段二小段,94.00,都市：住
RPOOMLTLJHOFFAI58CA,中山段五小段,43.00,都市：住
RPSOMLKMJHOFFAI18CA,東門段七小段,22.44,都市：商
RPXNMLNLKHOFFAI88CA,彌陀段,117.00,都市：住
RPXNMLNLKHOFFAI88CA,彌陀段,.02,都市：住
RPXNMLNLKHOFFAI88CA,彌陀段,44.17,都市：住
RPXNMLNLKHOFFAI88CA,彌陀段,5.50,都市：住
RPWNMLLMJHOFFAI58CA,盧厝段,74.00,都市：住
RPUNMLLMJHOFFAI38CA,西門段一小段,4.53,都市：商
RPUNMLLMJHOFFAI38CA,西門段一小段,1.37,都市：商
RPTNMLKMJHOFFAI18CA,頂庄段,3.60,都市：住
RPXNMLLMJHOFFAI68CA,竹圍子段三小段,1151.00,都市：住
RPUNMLKMJHOFFAI28CA,頂庄段,3.60,都市：住
RPPOMLTLJHOFFAI68CA,盧厝段,1054.00,都市：住
RPPOMLTLJHOFFAI68CA,盧厝段,368.00,都市：住
RPPOMLTLJHOFFAI68CA,盧厝段,230.00,都市：其他
RPQPMLTLJHOFFAI88CA,短竹段,6.00,都市：商
RPQPMLTLJHOFFAI88CA,短竹段,63.00,都市：商
RPRNMLKKKHOFFAI87CA,育人段,115.84,都市：農
RPROMLKMJHOFFAI08CA,盧厝段,41.69,都市：住
RPROMLTLJHOFFAI09EA,白川段,91.00,都市：住
RPROMLTLJHOFFAI09EA,白川段,70.00,都市：住
RPPNMLOLKHOFFAI18CA,同興段,19.14,都市：住
RPVNMLKMJHOFFAI58EA,竹圍子段,23.42,都市：住
RPRPMLLJKHOFFAI08CA,同興段,89.00,都市：住
RPRPMLLJKHOFFAI08CA,同興段,4.51,都市：住
RPPQMLLJKHOFFAI97CA,遠東段,18.14,都市：住
RPOOMLQKKHOFFAI28CA,車店段,4.83,都市：住
RPOOMLQKKHOFFAI28CA,白川段,3.41,都市：住
RPSOMLTLJHOFFAI56EA,大溪段,397.00,都市：農
RPQNMLMLKHOFFAI08CA,湖子內段興安小段,16.00,都市：住
RPQNMLMLKHOFFAI08CA,湖子內段興安小段,16.00,都市：住
RPOOMLTKKHOFFAI58CA,育人段,20.02,都市：住
RPOOMLTKKHOFFAI58CA,育人段,.33,都市：住
RPOOMLTKKHOFFAI58CA,育人段,94.71,都市：住
RPRNMLMLKHOFFAI18CA,堀川段,24.05,都市：住
RPSOMLQKKHOFFAI68CA,下路頭段,34.80,都市：其他
RPSOMLQKKHOFFAI68CA,下路頭段,2.00,都市：其他
RPPNMLKMJHOFFAI87DA,車店段車店小段,5.36,都市：住
RPSNMLRKKHOFFAI68CA,竹圍子段,29.36,都市：住
RPSNMLRKKHOFFAI68CA,竹圍子段,3.54,都市：住
RPTNMLNLKHOFFAI48CA,湖子內段新民小段,791.83,都市：住
RPROMLQKKHOFFAI58CA,遠東段,17.73,都市：住
RPWNMLMLKHOFFAI68CA,竹圍子段三小段,17.34,都市：住
RPSNMLQKKHOFFAI58CA,埤子頭段,30.26,都市：住
RPPNMLSKKHOFFAI48CA,下路頭段,139.20,都市：其他
RPPNMLSKKHOFFAI48CA,下路頭段,8.00,都市：其他
RPQNMLMKKHOFFAI97CA,湖子內段興安小段,199.82,都市：住
RPUNMLNLKHOFFAI58CA,湖子內段興安小段,886.67,都市：住
RPVNMLQKKHOFFAI88CA,車店段車店小段,84.00,都市：住
RPQNMLQKKHOFFAI38CA,太平段,.61,都市：住
RPQNMLQKKHOFFAI38CA,太平段,116.00,都市：住
RPPPMLLJKHOFFAI87CA,同興段,24.60,都市：住
RPRNMLMKKHOFFAI08CA,湖子內段興安小段,2.19,都市：住
RPTOMLLJKHOFFAI18CA,下埤段,1997.52,都市：住
RPOOMLOKKHOFFAI08CA,北社尾段,21.60,都市：住
RPSOMLLJKHOFFAI08CA,下埤段,575.02,都市：其他
RPSOMLLJKHOFFAI08CA,下埤段,1.64,都市：住
RPSOMLLJKHOFFAI08CA,下埤段,181.05,都市：住
RPSOMLLJKHOFFAI08CA,下埤段,232.04,都市：住
RPQNMLLMJHOFFAI18EA,中山段二小段,40.85,都市：住
RPXNMLLJKHOFFAI68EA,溪厝段,418.33,都市：農
RPXNMLOKKHOFFAI09EA,竹圍子段,.08,都市：住
RPXNMLOKKHOFFAI09EA,竹圍子段,.18,都市：住
RPXNMLOKKHOFFAI09EA,竹圍子段,.00,都市：住
RPXNMLOKKHOFFAI09EA,竹圍子段,.08,都市：住
RPXNMLOKKHOFFAI09EA,竹圍子段,.00,都市：住
RPXNMLOKKHOFFAI09EA,竹圍子段,.14,都市：住
RPXNMLOKKHOFFAI09EA,竹圍子段,.23,都市：住
RPXNMLOKKHOFFAI09EA,竹圍子段,13.38,都市：住
RPXNMLOKKHOFFAI09EA,竹圍子段,.19,都市：住
RPXNMLOKKHOFFAI09EA,竹圍子段,6.62,都市：住
RPXNMLOKKHOFFAI09EA,竹圍子段,.67,都市：住
RPXNMLOKKHOFFAI09EA,竹圍子段,.17,都市：住
RPXNMLOKKHOFFAI09EA,竹圍子段,.03,都市：住
RPXNMLOKKHOFFAI09EA,竹圍子段,.09,都市：住
RPXNMLOKKHOFFAI09EA,竹圍子段,4.25,都市：住
RPXNMLOKKHOFFAI09EA,竹圍子段,.08,都市：住
RPXNMLOKKHOFFAI09EA,竹圍子段,.58,都市：住
RPXNMLOKKHOFFAI09EA,竹圍子段,.48,都市：住
RPXNMLOKKHOFFAI09EA,竹圍子段,.00,都市：住
RPXNMLOKKHOFFAI09EA,竹圍子段,.03,都市：住
RPUNMLLKKHOFFAI28CA,白川段,46.45,都市：住
RPPOMLOKKHOFFAI18CA,崎頂段,510.00,都市：其他
RPXPMLLJKHOFFAI68CA,盧東段,13.93,都市：其他
RPXPMLLJKHOFFAI68CA,盧東段,15.90,都市：住
RPXPMLLJKHOFFAI68CA,盧東段,.26,都市：住
RPXPMLLJKHOFFAI68CA,盧東段,7.06,都市：其他
RPXPMLLJKHOFFAI68CA,盧東段,1.99,都市：其他
RPXPMLLJKHOFFAI68CA,盧東段,20.06,都市：其他
RPXPMLLJKHOFFAI68CA,盧東段,137.99,都市：住
RPWNMLQKKHOFFAI98CA,竹圍子段二小段,9.56,都市：住
RPVNMLLKKHOFFAI38CA,下埤段,277.43,都市：住
RPTNMLLMJHOFFAI28CA,軍輝段,63.00,都市：住
RPTNMLLMJHOFFAI28CA,軍輝段,2.00,都市：住
RPTNMLLMJHOFFAI28CA,軍輝段,17.00,都市：住
RPVNMLLJKHOFFAI28CA,竹圍子段中興小段,79.00,都市：住
RPQOMLOKKHOFFAI28CA,崎頂段,377.55,都市：其他
RPQOMLOKKHOFFAI28CA,崎頂段,368.00,都市：其他
RPQPMLLJKHOFFAI97CA,末廣段四小段,164.00,都市：商
RPWNMLNLKHOFFAI78CA,下路頭段,2.00,都市：住
RPQNMLQLKHOFFAI48CA,下路頭段,46.00,都市：住
RPVNMLOKKHOFFAI88EA,港子坪段,54.00,都市：住
RPROMLOKKHOFFAI38CA,崎頂段,633.00,都市：其他
RPROMLOKKHOFFAI38CA,崎頂段,450.00,都市：其他
RPSNMLRLKHOFFAI78CA,何庄段,145.26,都市：農
RPXNMLPLKHOFFAI09CA,軍輝段,8.34,都市：住
RPSNMLLKKHOFFAI08CA,湖子內段新民小段,210.92,都市：住
RPOOMLKLKHOFFAI77CA,竹圍子段二小段,6.84,都市：住
RPOOMLKLKHOFFAI77CA,竹圍子段二小段,6.84,都市：住
RPOOMLNLKHOFFAI08CA,彌陀段,149.00,都市：住
RPOOMLNLKHOFFAI08CA,彌陀段,36.96,都市：住
RPOOMLNLKHOFFAI08CA,彌陀段,6.74,都市：住
RPSNMLKLKHOFFAI08CA,後庄段,87.00,都市：住
RPTNMLRLKHOFFAI88CA,何庄段,139.73,都市：農
RPQQMLLJKHOFFAI08CA,下路頭段,11.30,都市：住
RPUNMLMKKHOFFAI38CA,北門段三小段,3.00,都市：商
RPUNMLMKKHOFFAI38CA,北門段三小段,92.00,都市：商
RPUNMLMKKHOFFAI38CA,北門段三小段,11.00,都市：商
RPQNMLNKKHOFFAI08CA,檜段一小段,126.00,都市：住
RPRNMLLKKHOFFAI97CA,湖內段,20.35,都市：住
