﻿編號,土地區段位置,土地移轉面積平方公尺,使用分區或編定
The serial number,land sector position,land shifting area square meter,the use zoning or compiles and checks
RPVOMLNJKINFFAU17CA,民德段,52.25,都市：住
RPTNMLTLJINFFAU57CA,民勤段,40.00,都市：住
RPSNMLQJKINFFAU07CA,仁廉段,27.90,都市：商
RPSNMLQJKINFFAU07CA,仁廉段,.14,都市：商
RPRPMLNKJINFFAU86CA,慶豐段,63.00,都市：農
RPPPMLNKJINFFAU66CA,道拉斯段,9077.73,非都市：山坡地保育區 ; 非都市編定：林業用地
RPQPMLNKJINFFAU76CA,慶豐段,883.00,都市：農
RPROMLNKJINFFAU76CA,富國段,3.67,都市：商
RPOPMLNKJINFFAU56CA,仁禮段,145.00,都市：農
RPPPMLOKJINFFAU76CA,樹人段,27.88,都市：住
RPSOMLNKJINFFAU86CA,慶豐段,84.00,都市：住
RPPOMLNKJINFFAU56CA,宜昌段,26.20,都市：住
RPPOMLNKJINFFAU56CA,宜昌段,83.00,都市：住
RPPNMLMKJINFFBU09CA,鳳明段,1.50,都市：商
RPRNMLQJKINFFBU17DA,萬寶段,4055.25,非都市：山坡地保育區 ; 非都市編定：林業用地
RPVNMLQJKINFFBU47CA,西富段,366.73,非都市：一般農業區 ; 非都市編定：農牧用地
RPVNMLQJKINFFBU47CA,西富段,1574.89,非都市：一般農業區 ; 非都市編定：農牧用地
RPWNMLOKJINFFAU37DA,仁禮段,76.00,都市：住
RPQNMLQJKINFFBU96CA,北林段,363.64,非都市：特定農業區 ; 非都市編定：甲種建築用地
RPPNMLQJKINFFBU86CA,富豐段,5277.89,非都市：一般農業區 ; 非都市編定：農牧用地
RPPNMLQJKINFFBU86CA,富豐段,5506.85,非都市：一般農業區 ; 非都市編定：農牧用地
RPQPMLOKJINFFAU86CA,廣安段,178.49,非都市：一般農業區 ; 非都市編定：甲種建築用地
RPQPMLOKJINFFAU86CA,廣安段,160.51,非都市：一般農業區 ; 非都市編定：甲種建築用地
RPQNMLLLJINFFBU56CA,石門段,7.28,都市：其他
RPSOMLSLJINFFAU47CA,國股段,18.87,都市：住
RPTNMLPKJINFFAU07CA,富國段,139.00,都市：商
RPTOMLNKJINFFAU96CA,吉興段,96.75,都市：住
RPSNMLTKJINFFAU37CA,慶豐段,175.00,都市：商
RPSNMLTKJINFFAU37CA,慶豐段,3.00,都市：住
RPQOMLOKJINFFAU76CA,富國段,246.00,都市：商
RPUNMLPKJINFFAU17CA,宜昌段,99.00,都市：住
RPOOMLPKJINFFAU66CA,民德段,36.42,都市：住
RPUOMLOKJINFFAU17CA,主商段,2.00,都市：其他
RPUOMLOKJINFFAU17CA,主商段,71.00,都市：商
RPSOMLOKJINFFAU96CA,民意段,101.00,都市：住
RPXOMLQKJINFFAU67CA,國光段,5.18,都市：商
RPPNMLNKJINFFCU66CA,立山段,930.00,非都市：山坡地保育區 ; 非都市編定：農牧用地
RPROMLOKJINFFAU86CA,福華段,2338.16,非都市：一般農業區 ; 非都市編定：農牧用地
RPROMLOKJINFFAU86CA,福華段,213.00,非都市：一般農業區 ; 非都市編定：農牧用地
RPRNMLPKJINFFCU07CA,玉城段,165.00,都市：住
RPXNMLQKJINFFAU57CA,東升段,802.00,非都市：鄉村區 ; 非都市編定：乙種建築用地
RPQNMLLLJINFFCU66CA,酸柑段,96.14,非都市：一般農業區 ; 非都市編定：甲種建築用地
RPPNMLPJKINFFCU86CA,瑞新段,128.18,都市：住
RPPNMLPJKINFFCU86CA,瑞新段,2.32,都市：住
RPOOMLKLJINFFAU88CA,林森段,105.00,都市：住
RPPOMLKLJINFFAU98CA,永安段,17.16,非都市：鄉村區 ; 非都市編定：乙種建築用地
RPQOMLNLJINFFAU76CA,興海段,176.53,都市：住
RPPOMLKLJINFFAU98CA,永安段,69.92,非都市：鄉村區 ; 非都市編定：乙種建築用地
RPQOMLLLJINFFAU56CA,政明段,1105.83,都市：農
RPTOMLOKJINFFAU07CA,富國段,52.65,都市：住
RPOOMLNLJINFFAU56CA,路內段,120.77,都市：農
RPQNMLLLJINFFAU09CA,民意段,80.00,都市：住
RPRNMLTKJINFFAU27CA,宜昌段,50.82,都市：住
RPUNMLQLJINFFAU37CA,林森段,16.53,都市：住
RPQNMLPKJINFFCU96CA,泥火山段,4296.11,非都市：山坡地保育區 ; 非都市編定：農牧用地
RPUNMLTKJINFFAU57CA,民勤段,41.00,都市：住
RPUNMLTKJINFFAU57CA,民勤段,41.00,都市：住
RPPOMLPKJINFFAU76CA,國風段,66.00,都市：住
RPXOMLPKJINFFAU57CA,南埔段,137.00,非都市：特定農業區 ; 非都市編定：甲種建築用地
RPOPMLPKJINFFAU76CA,民勤段,17.16,都市：住
RPVNMLQKJINFFAU37CA,德安段,62.00,都市：住
RPRPMLOKJINFFAU96CA,南埔段,109.00,非都市：鄉村區 ; 非都市編定：乙種建築用地
RPPNMLQKJINFFCU96CA,瑞新段,131.95,都市：住
RPQNMLQKJINFFCU27EA,屋拉力段,3010.00,非都市：山坡地保育區 ; 非都市編定：農牧用地
RPUNMLQKJINFFAU27CA,慈惠段一小段,78.83,都市：住
RPVNMLTKJINFFAU67CA,慈惠段,19.08,都市：住
RPVNMLTKJINFFAU67CA,慈惠段,10.13,都市：住
RPVNMLTKJINFFAU67CA,慈惠段,3.69,都市：住
RPTNMLQKJINFFAU17CA,樹人段,10.82,都市：住
RPTNMLQKJINFFAU17CA,樹人段,31.62,都市：商
RPQNMLQKJINFFAU86CA,廣賢段,54.28,非都市：鄉村區 ; 非都市編定：乙種建築用地
RPSNMLTLJINFFAU47CA,林森段,840.50,都市：住
RPSNMLTLJINFFAU47CA,林森段,105.50,都市：住
RPSNMLTLJINFFAU47CA,林森段,153.50,都市：住
RPSNMLTLJINFFAU47CA,林森段,115.00,都市：住
RPWNMLTKJINFFAU77CA,主權段,19.73,都市：住
RPWNMLTKJINFFAU77CA,德安段,.18,都市：其他
RPXNMLTKJINFFAU87CA,四維段,739.83,都市：農
RPQNMLQKJINFFBU96CA,鳳信段,3431.74,非都市：特定農業區 ; 非都市編定：農牧用地
RPPNMLQKJINFFBU86CA,水車段,883.91,非都市：特定農業區 ; 非都市編定：農牧用地
RPQNMLQLJINFFAU96CA,吳全段,8.79,都市：農
RPPNMLTKJINFFAU07CA,廣安段,83.54,非都市：鄉村區 ; 非都市編定：乙種建築用地
RPPNMLTKJINFFAU07CA,廣安段,8.41,非都市：鄉村區 ; 非都市編定：乙種建築用地
RPPOMLNLJINFFAU66CA,富國段,12.72,都市：住
RPPNMLLLKINFFBU56CA,鳳明段,13.50,都市：商
RPUOMLLLJINFFAU96CA,共和段,218.30,都市：農
RPUOMLLLJINFFAU96CA,共和段,33.41,都市：其他
RPSNMLRLJINFFAU27CA,林森段,61.00,都市：住
RPOOMLTKJINFFAU07CA,富國段,8.51,都市：住
RPTNMLQJKINFFAU17CA,精鐘段,1214.63,非都市：一般農業區 ; 非都市編定：農牧用地
RPTNMLQJKINFFAU17CA,精鐘段,342.52,非都市：一般農業區 ; 非都市編定：農牧用地
RPSNMLQKJINFFAU07CA,福興段,1560.00,都市：商
RPSNMLQKJINFFAU07CA,福興段,124.00,都市：其他
RPROMLTKJINFFAU37CA,豐坪段,3030.00,非都市：一般農業區 ; 非都市編定：農牧用地
RPROMLTKJINFFAU37CA,豐坪段,2817.00,非都市：一般農業區 ; 非都市編定：農牧用地
RPROMLTKJINFFAU37CA,豐坪段,2817.00,非都市：一般農業區 ; 非都市編定：農牧用地
RPROMLTKJINFFAU37CA,豐坪段,2817.00,非都市：一般農業區 ; 非都市編定：農牧用地
RPROMLTKJINFFAU37CA,豐坪段,2817.00,非都市：一般農業區 ; 非都市編定：農牧用地
RPXNMLLLJINFFAU17CA,民心段,800.00,都市：工
RPWNMLQKJINFFAU47CA,東華段,115.67,都市：農
RPWNMLQKJINFFAU47CA,東華段,897.34,都市：農
RPSOMLTKJINFFAU47CA,民勤段,108.00,都市：住
RPPOMLTKJINFFAU17CA,佳東段,111.39,非都市：特定農業區 ; 非都市編定：甲種建築用地
RPRNMLKLJINFFAU66EA,慈勝段,33.12,都市：住
RPRNMLKLJINFFAU66EA,慈勝段,44.88,都市：其他
RPPNMLKLJINFFBU98CA,東富段,302.34,非都市：鄉村區 ; 非都市編定：乙種建築用地
RPPNMLKLJINFFBU98CA,東富段,459.40,非都市：特定農業區 ; 非都市編定：農牧用地
RPRNMLMLJINFFAU66CA,富國段,9.44,都市：住
RPPNMLLLJINFFBU09CA,大安段,154.00,都市：住
RPTNMLNKKINFFBU17DA,大平段,9.00,都市：住
RPPNMLKLJINFFAU88CA,民意段,80.00,都市：住
RPQOMLTKJINFFAU27CA,仁恥段,128.00,都市：住
RPTNMLKLJINFFAU66CA,平和段,783.17,都市：農
RPPNMLMLJINFFAU66EA,德姆南段,1220.88,都市：其他
RPPNMLMLJINFFAU66EA,德姆南段,83.44,都市：其他
RPVNMLQLJINFFAU47CA,溪口段,713.41,非都市：鄉村區 ; 非都市編定：乙種建築用地
RPPNMLKLJINFFCU09CA,瑞新段,114.16,都市：住
RPSNMLTKKINFFAU47CA,民意段,28.24,都市：住
RPPNMLTKJINFFCU47EA,卓溪段,1460.00,非都市：山坡地保育區 ; 非都市編定：農牧用地
RPUNMLKKKINFFAU76CA,主權段,38.19,都市：住
RPUNMLKKKINFFAU76CA,主權段,.36,都市：其他
RPROMLNJKINFFAU76CA,仁恥段,111.20,都市：住
RPRNMLQLJINFFAU07CA,富國段,6.60,都市：住
RPXOMLLLJINFFAU27CA,光英段,2185.10,非都市：一般農業區 ; 非都市編定：農牧用地
RPQNMLNJKINFFAU56CA,慈雲段,47.79,都市：住
RPQNMLNJKINFFAU56CA,慈雲段,2.26,都市：住
RPQNMLNJKINFFAU56CA,慈雲段,148.50,都市：住
RPQNMLNJKINFFAU56CA,慈雲段,2.03,都市：住
RPROMLKLJINFFAU56CA,南埔段,84.00,非都市：鄉村區 ; 非都市編定：乙種建築用地
RPQOMLKLJINFFAU09CA,廣賢段,54.28,非都市：鄉村區 ; 非都市編定：乙種建築用地
RPUNMLKLJINFFAU76CA,宜昌段,144.00,都市：住
RPSNMLMLJINFFAU76CA,嘉北段,71.00,非都市：鄉村區 ; 非都市編定：乙種建築用地
RPSOMLPJKINFFAU07CA,福德段,11.86,都市：其他
RPSOMLPJKINFFAU07CA,福德段,11.14,都市：其他
RPSOMLPJKINFFAU07CA,福德段,10.29,都市：其他
RPSOMLPJKINFFAU07CA,福德段,11.43,都市：其他
RPQOMLPJKINFFAU86CA,福德段,11.86,都市：其他
RPQOMLPJKINFFAU86CA,福德段,11.14,都市：其他
RPQOMLPJKINFFAU86CA,福德段,10.29,都市：其他
RPQOMLPJKINFFAU86CA,福德段,11.43,都市：其他
RPXNMLPJKINFFAU47CA,福德段,2.79,都市：其他
RPXNMLPJKINFFAU47CA,福德段,2.57,都市：其他
RPXNMLPJKINFFAU47CA,福德段,2.86,都市：其他
RPXNMLPJKINFFAU47CA,福德段,2.96,都市：其他
RPXOMLPJKINFFAU57CA,東昌段,53.52,都市：其他
RPXOMLPJKINFFAU57CA,東昌段,1.15,都市：其他
RPUNMLSLJINFFAU57CA,德安段,17.30,都市：住
RPVOMLPJKINFFAU37CA,福德段,11.86,都市：其他
RPVOMLPJKINFFAU37CA,福德段,11.14,都市：其他
RPVOMLPJKINFFAU37CA,福德段,10.29,都市：其他
RPVOMLPJKINFFAU37CA,福德段,11.43,都市：其他
RPUOMLPJKINFFAU27CA,福德段,11.86,都市：其他
RPUOMLPJKINFFAU27CA,福德段,11.14,都市：其他
RPUOMLPJKINFFAU27CA,福德段,10.29,都市：其他
RPUOMLPJKINFFAU27CA,福德段,11.43,都市：其他
RPTOMLPJKINFFAU17CA,福德段,11.86,都市：其他
RPTOMLPJKINFFAU17CA,福德段,11.14,都市：其他
RPTOMLPJKINFFAU17CA,福德段,10.29,都市：其他
RPTOMLPJKINFFAU17CA,福德段,11.43,都市：其他
RPRNMLKLKINFFCU96EA,舊田段,86.83,非都市：山坡地保育區 ; 非都市編定：丙種建築用地
RPSNMLLLJINFFAU66CA,主商段,16.25,都市：商
RPXOMLKKKINFFAU17CA,富國段,2.50,都市：商
RPPOMLLLJINFFAU09CA,太昌段,632.00,都市：農
RPOOMLLLJINFFAU98CA,福興段,460.00,都市：農
RPPNMLMLJINFFBU56CA,西富段,1527.74,非都市：特定農業區 ; 非都市編定：農牧用地
RPPNMLMLJINFFBU56CA,西富段,31.06,非都市：特定農業區 ; 非都市編定：交通用地
RPPNMLMLJINFFBU56CA,西富段,438.03,非都市：特定農業區 ; 非都市編定：交通用地
RPWNMLMLJINFFAU17CA,宜寧段,9.38,都市：商
RPXNMLMLJINFFAU27CA,主商段,12.76,都市：商
RPPOMLMLJINFFAU56CA,主商段,12.02,都市：商
RPWNMLLLJINFFAU07CA,福安段,73.00,都市：住
RPSNMLNLJINFFAU86CA,四維段,149.21,都市：農
RPOOMLPJKINFFAU66CA,福德段,2.79,都市：其他
RPOOMLPJKINFFAU66CA,福德段,2.96,都市：其他
RPOOMLPJKINFFAU66CA,福德段,2.57,都市：其他
RPOOMLPJKINFFAU66CA,福德段,2.86,都市：其他
RPPNMLRLJINFFAU96CA,福祥段,32.61,都市：住
RPTNMLMLJINFFAU86CA,壽月段,396.75,非都市：鄉村區 ; 非都市編定：乙種建築用地
RPVNMLMLJINFFAU07CA,國股段,24.78,都市：其他
RPVNMLMLJINFFAU07CA,國股段,154.04,都市：其他
RPWNMLPJKINFFAU37CA,福德段,2.96,都市：其他
RPWNMLPJKINFFAU37CA,福德段,2.79,都市：其他
RPWNMLPJKINFFAU37CA,福德段,2.57,都市：其他
RPWNMLPJKINFFAU37CA,福德段,2.86,都市：其他
RPVNMLPJKINFFAU27CA,福德段,2.96,都市：其他
RPVNMLPJKINFFAU27CA,福德段,2.79,都市：其他
RPVNMLPJKINFFAU27CA,福德段,2.57,都市：其他
RPVNMLPJKINFFAU27CA,福德段,2.86,都市：其他
RPQNMLSLJINFFAU17CA,富國段,50.50,都市：住
RPQNMLSLJINFFAU17CA,富國段,50.50,都市：住
RPVNMLRJKINFFAU47CA,裕民段,3.14,都市：商
RPWNMLRJKINFFAU57CA,裕民段,3.14,都市：商
RPOOMLMLJINFFAU09CA,光英段,1058.10,非都市：一般農業區 ; 非都市編定：農牧用地
RPRNMLTLJINFFBU47CA,鳳義段,1362.79,非都市：一般農業區 ; 非都市編定：農牧用地
RPPNMLQLJINFFAU86CA,仁廉段,23.51,都市：住
RPXNMLQLJINFFAU67CA,嘉平段,107.00,都市：農
RPTNMLMLKINFFAU96CA,永安段,159.66,非都市：一般農業區 ; 非都市編定：甲種建築用地
RPUNMLRLJINFFAU47CA,興海段,315.32,都市：商
RPQOMLMLJINFFAU66CA,主商段,5.27,都市：商
RPQOMLMLJINFFAU66CA,主商段,.19,都市：商
RPPNMLPLJINFFAU76CA,福安段,69.50,都市：住
RPPNMLPLJINFFAU76CA,福安段,69.50,都市：住
RPUNMLRJKINFFAU37CA,嘉南段,60.87,都市：住
RPUNMLRJKINFFAU37CA,嘉南段,133.02,都市：住
RPUNMLRJKINFFAU37CA,嘉南段,1.03,都市：住
RPVNMLNLJINFFAU17CA,民勤段,17.51,都市：住
RPSNMLQLJINFFAU17CA,嘉南段,85.00,都市：住
RPSNMLQLJINFFAU17CA,嘉南段,17.13,都市：住
RPPNMLKKKINFFBU98CA,大興段,4556.22,非都市：一般農業區 ; 非都市編定：農牧用地
RPPNMLKKKINFFBU98CA,大興段,336.84,非都市：一般農業區 ; 非都市編定：甲種建築用地
RPTNMLNLJINFFAU96CA,忠孝段,396.30,都市：農
RPWNMLTLJINFFAU87CA,裕民段,88.00,都市：住
RPPNMLPJKINFFAU66CA,南埔段,86.00,非都市：鄉村區 ; 非都市編定：乙種建築用地
RPVNMLOJKINFFAU27DA,民德段,24.93,都市：住
RPXNMLRJKINFFAU67CA,民意段,42.76,都市：住
RPWNMLQLJINFFAU57CA,大漢段,166.25,非都市：鄉村區 ; 非都市編定：乙種建築用地
RPQNMLRLJINFFAU07CA,富國段,6.59,都市：住
RPSNMLMLKINFFAU86CA,吉興段,81.07,都市：住
RPSNMLMLKINFFAU86CA,吉興段,13.88,都市：住
RPQOMLTKKINFFAU37CA,民勤段,847.00,都市：農
RPPNMLOLJINFFCU86CA,瑞新段,121.62,都市：住
RPPNMLRLJINFFCU17CA,玉昌段,1.00,都市：住
RPPNMLRLJINFFCU17CA,玉昌段,16.00,都市：住
RPPNMLRLJINFFCU17CA,玉昌段,41.00,都市：住
RPPNMLRLJINFFCU17CA,玉昌段,11.00,都市：住
RPPNMLRLJINFFCU17CA,玉昌段,2.00,都市：住
RPPNMLKLKINFFAU98CA,富國段,12.40,都市：商
RPOOMLRJKINFFAU86CA,仁恥段,79.00,都市：住
RPRNMLKLKINFFAU56CA,國強段,112.64,都市：農
RPRPMLKLKINFFAU76CA,壽月段,299.45,非都市：鄉村區 ; 非都市編定：乙種建築用地
RPWNMLRLJINFFAU67CA,民勤段,22.00,都市：住
RPXNMLQJKINFFAU57CA,民享段,30.02,都市：住
RPSNMLSLJINFFAU37CA,東華段,170.85,都市：農
RPQNMLLLKINFFAU56CA,裕民段,130.00,都市：商
RPOOMLQLJINFFAU86CA,大漢段,86.39,非都市：鄉村區 ; 非都市編定：乙種建築用地
RPPNMLPLKINFFCU27EA,源北段,3497.08,非都市：一般農業區 ; 非都市編定：農牧用地
RPRNMLRLJINFFAU17CA,路內段,46.33,都市：住
RPQNMLMKKINFFCU96EA,哈拉灣段,1996.44,非都市：特定農業區 ; 非都市編定：農牧用地
RPSNMLPJKINFFAU96CA,國風段,117.00,都市：住
RPXNMLRLJINFFAU77CA,南埔段,89.00,非都市：特定農業區 ; 非都市編定：甲種建築用地
RPPNMLSLJINFFAU07CA,德安段,17.31,都市：住
RPVNMLSLJINFFAU67CA,精鐘段,1341.36,非都市：山坡地保育區 ; 非都市編定：農牧用地
RPPNMLLLKINFFCU66CA,瑞泉段,83.44,都市：住
RPPNMLLLKINFFCU66CA,瑞泉段,83.44,都市：住
RPPNMLLLKINFFCU66CA,瑞泉段,83.44,都市：住
RPPNMLLLKINFFCU66CA,瑞泉段,86.25,都市：住
RPQNMLTLJINFFCU47CA,永良段,3086.70,非都市：特定農業區 ; 非都市編定：農牧用地
RPPNMLTLJINFFCU37CA,永良段,3836.01,非都市：特定農業區 ; 非都市編定：農牧用地
RPQNMLTLJINFFCU47CA,永良段,2819.86,非都市：特定農業區 ; 非都市編定：農牧用地
RPPNMLOJKINFFCU76CA,後湖段,4256.32,非都市：山坡地保育區 ; 非都市編定：農牧用地
RPPOMLRJKINFFAU96CA,廣安段,94.02,非都市：一般農業區 ; 非都市編定：甲種建築用地
RPROMLTKKINFFAU47CA,富國段,11.71,都市：商
RPQOMLLKKINFFAU56CA,民勤段,78.00,都市：住
RPROMLLLKINFFAU76CA,石壁段,86.36,非都市：一般農業區 ; 非都市編定：甲種建築用地
RPOOMLLKKINFFAU98CA,仁禮段,104.00,都市：住
RPSOMLLKKINFFAU76CA,德安段,13.60,都市：住
RPPOMLLLKINFFAU56CA,南華段,34.29,非都市：特定農業區 ; 非都市編定：甲種建築用地
RPPOMLLLKINFFAU56CA,南華段,361.00,非都市：特定農業區 ; 非都市編定：甲種建築用地
RPPOMLLLKINFFAU56CA,南華段,5.43,非都市：特定農業區 ; 非都市編定：甲種建築用地
RPPOMLLLKINFFAU56CA,南華段,1.43,非都市：特定農業區 ; 非都市編定：甲種建築用地
RPPOMLLLKINFFAU56CA,南華段,2.57,非都市：特定農業區 ; 非都市編定：甲種建築用地
RPPOMLTLJINFFAU27CA,自強段,34.78,都市：住
RPSNMLKLKINFFAU66CA,農墾段,1271.73,非都市：一般農業區 ; 非都市編定：農牧用地
RPPOMLSLJINFFAU17CA,富國段,8.51,都市：住
RPXNMLTLJINFFAU97CA,慶豐段,101.00,都市：住
RPQOMLQJKINFFAU96CA,池南段,49.60,都市：農
RPQOMLQJKINFFAU96CA,池南段,1475.58,都市：農
RPQOMLQJKINFFAU96CA,池南段,300.64,都市：農
RPQOMLQJKINFFAU96CA,池南段,2297.97,都市：農
RPXNMLQLJINFFCU87CA,石平段,3350.00,非都市：山坡地保育區 ; 非都市編定：農牧用地
RPUNMLKMJINFFAU86CA,興海段,244.13,都市：住
RPOOMLSLJINFFAU07CA,富國段,4.28,都市：住
RPTNMLNJKINFFAU86CA,富國段,15.04,都市：住
RPXNMLKMJINFFAU17CA,民心段,3644.00,都市：工
RPQNMLTLJINFFAU27CA,碧雲段,136.00,都市：住
RPQNMLTLJINFFAU27CA,碧雲段,22.75,都市：住
RPRNMLTLJINFFAU37CA,慈安段,192.00,都市：住
RPWOMLNJKINFFAU27CA,豐裡段,157.03,非都市：一般農業區 ; 非都市編定：農牧用地
RPQNMLKMJINFFCU66CA,吉拉米代段,1372.37,非都市：山坡地保育區 ; 非都市編定：農牧用地
RPTNMLPJKINFFAU07CA,民勤段,27.00,都市：住
RPPNMLOJKINFFBU66CA,大安段,739.00,都市：住
RPPNMLOJKINFFBU66CA,大安段,468.00,都市：住
RPPNMLOJKINFFBU66CA,大安段,188.00,都市：住
RPPNMLOJKINFFBU66CA,大安段,188.00,都市：住
RPPNMLOJKINFFBU66CA,大安段,188.00,都市：住
RPPNMLOJKINFFBU66CA,大安段,434.00,都市：住
RPTOMLKMJINFFAU86CA,主商段,129.00,都市：住
RPXNMLOJKINFFAU37CA,廣賢段,42.48,非都市：鄉村區 ; 非都市編定：乙種建築用地
RPRNMLPJKINFFCU07CA,中平段,106.08,都市：住
RPRNMLPJKINFFCU07CA,中平段,3.19,都市：住
RPPNMLSKKINFFAU17DA,主權段,57.00,都市：住
RPPPMLPJKINFFAU07EA,富國段,21.54,都市：商
RPPNMLNJKINFFAU66EA,仁廉段,16.00,都市：其他
RPRNMLNJKINFFAU66CA,民意段,5.00,都市：住
RPRNMLNJKINFFAU66CA,民意段,80.00,都市：住
RPRNMLTLJINFFCU57CA,太平段,32100.00,非都市：山坡地保育區 ; 非都市編定：農牧用地
RPPNMLRKKINFFCU17CA,舞鶴東段,3744.50,非都市：山坡地保育區 ; 非都市編定：林業用地
RPOOMLOJKINFFAU56CA,下崇德段,241.74,都市：農
RPOOMLOJKINFFAU56CA,下崇德段,1367.14,都市：農
RPOOMLOJKINFFAU56CA,下崇德段,109.27,都市：其他
RPOOMLOJKINFFAU56CA,下台地段,4695.70,非都市：一般農業區 ; 非都市編定：農牧用地
RPPNMLOJKINFFAU56CA,林森段,111.00,都市：住
RPUOMLKMJINFFAU96CA,佳民段,396.00,非都市：鄉村區 ; 非都市編定：乙種建築用地
RPPOMLOJKINFFAU66CA,稻香段,197.00,都市：商
RPPOMLOJKINFFAU66CA,稻香段,494.00,都市：住
RPQPMLKMJINFFAU66CA,豐山段,12.24,非都市：鄉村區 ; 非都市編定：乙種建築用地
RPVPMLKMJINFFAU17CA,樹人段,37.38,都市：住
RPSNMLPLKINFFAU17CA,民勤段,112.00,都市：住
RPSNMLPLKINFFAU17CA,民勤段,20.00,都市：住
RPRNMLPLKINFFAU07CA,民勤段,111.00,都市：住
RPRNMLPLKINFFAU07CA,民勤段,21.00,都市：住
RPQOMLKMJINFFAU56CA,仁義段,37.70,都市：商
RPUOMLRLKINFFAU67CA,林森段,111.44,都市：住
RPOOMLQJKINFFAU76CA,福安段,24.00,都市：住
RPQOMLNJKINFFAU66CA,慶豐段,100.00,都市：住
RPUNMLNJKINFFAU96CA,民心段,78.00,都市：工
RPSNMLTKKINFFBU67DA,鳳光段,168.00,都市：農
RPROMLQJKINFFAU07CA,德安段,13.97,都市：住
RPOOMLNJKINFFAU09CA,興海段,400.71,都市：住
RPRNMLPJKINFFAU86CA,太昌段,517.00,都市：農
RPSOMLNJKINFFAU86CA,慶豐段,87.00,都市：住
RPSOMLLLKINFFAU86CA,福興段,124.00,都市：住
RPROMLKMJINFFAU66CA,民德段,60.60,都市：住
RPUOMLNJKINFFAU07CA,民享段,4.17,都市：住
RPSNMLNJKINFFAU76CA,富國段,10.17,都市：商
RPWNMLQJKINFFAU47CA,東昌段,1169.24,都市：農
RPWNMLQJKINFFAU47CA,東昌段,33.70,都市：其他
RPRNMLOJKINFFAU76CA,民德段,75.00,都市：住
RPPOMLQJKINFFAU86CA,民德段,105.00,都市：住
RPWNMLOJKINFFAU27CA,主商段,11.79,都市：商
RPRNMLSLKINFFCU57CA,吉拉米代段,10703.34,非都市：山坡地保育區 ; 非都市編定：農牧用地
RPRNMLSLKINFFCU57CA,吉拉米代段,10703.34,非都市：山坡地保育區 ; 非都市編定：農牧用地
RPXNMLNJKINFFAU27CA,興海段,349.62,都市：住
RPPNMLNJKINFFBU56CA,大安段,134.00,都市：住
RPPOMLKKKINFFAU09DA,慶豐段,174.00,都市：住
RPWNMLNJKINFFAU37EA,下台地段,2032.99,非都市：一般農業區 ; 非都市編定：農牧用地
RPSOMLTKKINFFAU57CA,裕民段,105.00,都市：商
RPUNMLPJKINFFAU17CA,莊敬段,106.00,都市：住
RPQOMLRJKINFFAU07CA,德安段,44.67,都市：住
RPROMLRJKINFFAU17CA,主商段,5.15,都市：商
RPROMLRJKINFFAU17CA,主商段,.51,都市：其他
RPTNMLLKKINFFAU76CA,主商段,137.00,都市：商
RPTNMLLKKINFFAU76CA,主商段,3.00,都市：其他
RPVNMLSKKINFFAU67CA,下崇德段,337.28,都市：住
RPQNMLPJKINFFBU86CA,大平段,390.00,都市：住
RPQNMLPJKINFFBU86CA,大平段,145.00,都市：其他
RPQNMLPJKINFFBU86CA,大平段,230.00,都市：農
RPQNMLPJKINFFBU86CA,大平段,914.00,都市：農
RPQNMLPJKINFFBU86CA,大平段,356.00,都市：住
RPWNMLTKKINFFAU87CA,國強段,7.22,非都市：特定農業區 ; 非都市編定：農牧用地
RPWNMLTKKINFFAU87CA,國強段,45.93,非都市：特定農業區 ; 非都市編定：甲種建築用地
RPWNMLTKKINFFAU87CA,國強段,127.69,非都市：特定農業區 ; 非都市編定：甲種建築用地
RPRNMLTKKINFFCU57CA,瑞北段,106.04,非都市：一般農業區 ; 非都市編定：甲種建築用地
RPQNMLPJKINFFAU76CA,民享段,8.67,都市：商
RPPNMLLKKINFFAU98CA,國光段,7.26,都市：住
RPTOMLLLKINFFAU96CA,宜安段,155.00,都市：住
RPWNMLKKKINFFAU96CA,太昌段,150.00,都市：住
RPROMLLKKINFFAU66CA,樹人段,12.83,都市：住
RPROMLLKKINFFAU66CA,樹人段,23.62,都市：住
RPTNMLKLKINFFAU76CA,福祥段,87.00,都市：住
RPROMLPJKINFFAU96CA,仁義段,15.99,都市：住
RPUNMLQJKINFFBU37CA,鳳信段,600.37,非都市：鄉村區 ; 非都市編定：乙種建築用地
RPROMLOJKINFFAU86CA,明義段,22.70,都市：商
RPROMLOJKINFFAU86CA,明義段,1.42,都市：商
RPUOMLQLKINFFAU57CA,國強段,193.00,非都市：特定農業區 ; 非都市編定：甲種建築用地
RPUOMLQLKINFFAU57CA,國強段,413.57,非都市：特定農業區 ; 非都市編定：農牧用地
RPWOMLRLKINFFAU87CA,福興段,131.00,都市：住
RPQOMLOJKINFFAU76CA,康樂段,69.59,非都市：鄉村區 ; 非都市編定：乙種建築用地
RPQNMLQJKINFFCU07CA,玉城段,138.00,都市：住
RPSOMLQJKINFFAU17CA,富國段,24.77,都市：住
RPVOMLQLKINFFAU67CA,仁廉段,68.00,都市：住
RPRNMLQJKINFFAU96CA,林森段,75.00,都市：住
RPPNMLQJKINFFAU76CA,民享段,59.00,都市：住
RPOOMLSLKINFFAU17CA,格督尚段,1146.02,非都市：一般農業區 ; 非都市編定：農牧用地
RPPOMLSLKINFFAU27CA,仁義段,20.96,都市：住
RPPNMLQJKINFFCU96CA,瑞新段,772.37,都市：住
RPQNMLRJKINFFAU96CA,林森段,196.00,都市：住
RPQNMLRJKINFFAU96CA,林森段,41.25,都市：住
RPTOMLLKKINFFAU86CA,富國段,104.00,都市：住
RPVNMLKKKINFFAU86CA,路內段,53.04,都市：住
RPPOMLLKKINFFAU09CA,國風段,54.00,都市：住
RPTNMLRJJHOFFAU17CA,慶豐段,41.00,都市：其他
RPTNMLRJJHOFFAU17CA,慶豐段,1486.00,都市：農
RPTNMLRJJHOFFAU17CA,慶豐段,77.00,都市：其他
RPQNMLKKKINFFAU98CA,莊敬段,129.00,都市：住
RPRNMLRJKINFFAU07CA,福興段,973.00,都市：農
RPUOMLKKKINFFAU86CA,興海段,51.22,都市：其他
RPUOMLKKKINFFAU86CA,興海段,905.92,都市：住
RPUOMLKKKINFFAU86CA,興海段,24.33,都市：住
RPVOMLKKKINFFAU96CA,宜寧段,106.00,都市：住
RPPNMLLKKINFFBU09CA,鳳明段,163.89,都市：商
RPVOMLRLKINFFAU77CA,仁愛段,862.52,非都市：一般農業區 ; 非都市編定：農牧用地
RPSNMLLLKINFFAU76CA,仁義段,39.13,都市：住
RPSNMLOLKINFFAU07CA,福德段,1089.00,都市：農
RPSNMLOLKINFFAU07CA,福德段,1256.00,都市：農
RPSNMLOLKINFFAU07CA,福德段,27.00,都市：農
RPTNMLPLKINFFAU27CA,自強段,43.86,都市：住
RPRNMLMKKINFFAU66CA,慶豐段,907.00,都市：住
RPRNMLMKKINFFAU66CA,慶豐段,253.00,都市：住
RPQOMLSLKINFFAU37CA,白雲段,123.95,非都市：一般農業區 ; 非都市編定：甲種建築用地
RPPNMLMKKINFFCU66CA,泥火山段,12358.04,非都市：山坡地保育區 ; 非都市編定：農牧用地
RPPNMLMKKINFFCU66CA,泥火山段,3611.92,非都市：山坡地保育區 ; 非都市編定：農牧用地
RPPNMLMKKINFFCU66CA,泥火山段,2795.18,非都市：山坡地保育區 ; 非都市編定：農牧用地
RPPNMLMKKINFFCU66CA,泥火山段,1615.13,非都市：山坡地保育區 ; 非都市編定：農牧用地
RPSNMLRJKINFFAU17CA,慈安段,95.00,都市：住
RPQNMLNKKINFFBU76CA,東富段,3000.00,非都市：特定農業區 ; 非都市編定：農牧用地
RPQNMLNKKINFFBU76CA,馬佛段,3162.53,非都市：一般農業區 ; 非都市編定：農牧用地
RPRNMLQLKINFFAU17CA,富國段,6.74,都市：住
RPPNMLRJKINFFAU86CA,主權段,102.00,都市：住
RPPNMLOKKINFFAU66CA,富國段,3.17,都市：住
RPXNMLLKKINFFAU27DA,主商段,173.00,都市：住
RPXNMLLKKINFFAU27DA,主商段,5.00,都市：其他
RPPNMLKKKINFFCU09CA,玉昌段,662.00,都市：住
RPVNMLNJJHOFFAU96CA,民意段,17.46,都市：住
RPPNMLNKKINFFBU66CA,溪州段,2564.25,非都市：特定農業區 ; 非都市編定：農牧用地
RPPNMLNKKINFFBU66CA,溪州段,1857.14,非都市：特定農業區 ; 非都市編定：農牧用地
RPQNMLMLKINFFAU66CA,功學段,18.67,都市：農
RPQNMLMLKINFFAU66CA,功學段,323.31,都市：農
RPUNMLQLKINFFAU47CA,裕民段,13.98,都市：住
RPWOMLKKKINFFAU07CA,古魯社段,11261.12,都市：農
RPQNMLKKKINFFCU76EA,高寮段,828.65,非都市：特定農業區 ; 非都市編定：農牧用地
RPQNMLKKKINFFCU76EA,高寮段,1513.95,非都市：特定農業區 ; 非都市編定：農牧用地
RPTNMLMKKINFFAU86CA,廣賢段,42.48,非都市：鄉村區 ; 非都市編定：乙種建築用地
RPXNMLKKKINFFAU07CA,志平段,487.95,都市：其他
RPPNMLPJJHOFFBU66CA,萬利段,2536.51,非都市：山坡地保育區 ; 非都市編定：農牧用地
RPPPMLKKKINFFAU09CA,政明段,234.74,都市：住
RPSOMLSLKINFFAU57CA,南埔段,70.00,非都市：鄉村區 ; 非都市編定：乙種建築用地
RPPNMLLKKINFFCU56CA,萬寧段,3794.57,非都市：山坡地保育區 ; 非都市編定：農牧用地
RPPNMLLKKINFFCU56CA,萬寧段,2060.31,非都市：山坡地保育區 ; 非都市編定：農牧用地
RPPNMLLKKINFFCU56CA,萬寧段,4682.88,非都市：山坡地保育區 ; 非都市編定：農牧用地
RPXNMLNJJHOFFAU17CA,民享段,18.56,都市：住
RPPNMLOKKINFFCU86CA,瑞強段,85.00,非都市：鄉村區 ; 非都市編定：乙種建築用地
RPUOMLLKKINFFAU96CA,林森段,111.44,都市：住
RPSNMLKKKINFFAU56CA,仁禮段,189.00,都市：農
RPTOMLSKKINFFAU57CA,主商段,116.00,都市：住
RPXOMLLLKINFFAU37CA,北濱段,40.00,都市：商
RPXOMLLLKINFFAU37CA,北濱段,10.00,都市：商
RPXOMLLLKINFFAU37CA,北濱段,10.00,都市：商
RPXOMLLLKINFFAU37CA,北濱段,20.00,都市：商
RPWNMLLKKINFFAU07CA,草芬段,9241.93,非都市：特定農業區 ; 非都市編定：農牧用地
RPPNMLMKKINFFAU09CA,嘉南段,189.00,都市：住
RPPNMLLKLHOFFCU76DA,瑞新段,264.00,都市：住
RPPNMLLKLHOFFCU76DA,瑞新段,121.00,都市：住
RPPNMLNKKINFFCU76CA,大里段,4103.00,非都市：山坡地保育區 ; 非都市編定：農牧用地
RPPNMLNKKINFFCU76CA,大里段,4660.00,非都市：山坡地保育區 ; 非都市編定：農牧用地
RPROMLNJJHOFFAU66CA,民勤段,11.49,都市：住
RPUNMLMKKINFFAU96CA,主商段,9.32,都市：商
RPUNMLMKKINFFAU96CA,主商段,.33,都市：其他
RPRNMLNKKINFFBU86CA,鳳明段,1468.00,非都市：特定農業區 ; 非都市編定：農牧用地
RPRNMLNKKINFFBU86CA,鳳明段,1589.00,非都市：特定農業區 ; 非都市編定：農牧用地
RPWNMLSKKINFFAU77CA,自強段,5.63,都市：住
RPVNMLMKKINFFAU07CA,民德段,33.84,都市：住
RPVNMLLLKINFFAU07CA,德安段,106.00,都市：住
RPRNMLOKKINFFAU07EA,廣安段,83.88,非都市：一般農業區 ; 非都市編定：甲種建築用地
RPUNMLOKKINFFAU37EA,廣安段,26.21,非都市：一般農業區 ; 非都市編定：甲種建築用地
RPUNMLOKKINFFAU37EA,廣安段,291.12,非都市：一般農業區 ; 非都市編定：甲種建築用地
RPPNMLRKKINFFBU07CA,大安段,156.00,都市：商
RPPNMLRKKINFFBU07CA,大安段,37.00,都市：住
RPTNMLOKKINFFAU07CA,干城段,28.65,非都市：一般農業區 ; 非都市編定：交通用地
RPTNMLOKKINFFAU07CA,干城段,241.48,非都市：一般農業區 ; 非都市編定：農牧用地
RPTNMLOKKINFFAU07CA,干城段,87.22,非都市：一般農業區 ; 非都市編定：農牧用地
RPOPMLKLKINFFAU09CA,慶豐段,98.00,都市：住
RPRNMLNKKINFFAU76CA,主商段,8.21,都市：商
RPRNMLNKKINFFAU76CA,主商段,.29,都市：其他
RPVOMLSKKINFFAU77CA,仁義段,19.00,都市：住
RPPNMLOKKINFFBU76CA,北林段,4756.75,非都市：特定農業區 ; 非都市編定：農牧用地
RPRNMLMLKINFFAU76CA,樹人段,10.74,都市：住
RPRNMLMLKINFFAU76CA,樹人段,12.20,都市：商
RPQNMLRKKINFFAU07CA,德布克段,916.01,都市：農
RPTNMLSKKINFFAU47CA,南埔段,203.00,非都市：鄉村區 ; 非都市編定：乙種建築用地
RPSOMLSKKINFFAU47CA,仁禮段,224.00,都市：農
RPSOMLPLKINFFAU27CA,仁恥段,23.66,都市：住
RPSOMLPLKINFFAU27CA,仁恥段,.18,都市：住
RPOOMLSKKINFFAU07CA,潭北段,8.38,都市：其他
RPQNMLOKKINFFAU76CA,宜昌段,106.00,都市：住
RPPPMLKLKINFFAU56CA,自強段,95.00,都市：住
RPPNMLQKKINFFAU86CA,富國段,13.58,都市：住
RPPNMLRKKINFFAU96CA,興田段,66.60,都市：住
RPPNMLRKKINFFAU96CA,興田段,13.17,都市：住
RPSNMLOKKINFFAU96CA,四維段,94.19,都市：農
RPSNMLOKKINFFAU96CA,四維段,19.08,都市：農
RPSNMLRKKINFFAU27CA,宜昌段,154.00,都市：商
RPUNMLSKKINFFAU77EA,福安段,75.00,都市：住
RPQNMLTKKINFFBU37CA,西富段,2244.71,非都市：特定農業區 ; 非都市編定：農牧用地
RPQNMLSKKINFFAU17CA,沼田段,377.00,都市：住
RPQNMLSKKINFFAU17CA,沼田段,64.93,都市：住
RPQNMLSKKINFFAU17CA,沼田段,78.72,都市：住
RPQNMLSKKINFFAU17CA,沼田段,344.02,都市：住
RPPNMLTKKINFFBU27CA,大安段,154.00,都市：住
RPVNMLRLKINFFCU87CA,玉璞段,139.00,都市：住
RPSNMLSKKINFFAU37CA,福安段,17.25,都市：住
RPRNMLRKKINFFAU17CA,裕民段,5.90,都市：住
RPRNMLRKKINFFAU17CA,裕民段,24.00,都市：住
RPRNMLRKKINFFAU17CA,裕民段,6.78,都市：住
RPWNMLTJJHOFFCU87CA,東寧段,785.14,非都市：山坡地保育區 ; 非都市編定：農牧用地
RPVNMLTJJHOFFCU77CA,東寧段,5348.17,非都市：山坡地保育區 ; 非都市編定：農牧用地
RPRNMLTKKINFFAU37CA,林森段,18.76,都市：住
RPTNMLOJJHOFFBU96CA,丁仔漏段,18841.15,非都市：風景區 ; 非都市編定：林業用地
RPPNMLSKKINFFBU27DA,大安段,202.00,都市：住
RPPNMLSJJHOFFAU86CA,福興段,88.00,都市：住
RPXNMLTJJHOFFAU77CA,國風段,119.00,都市：住
RPUNMLKLKINFFAU86CA,南埔段,178.00,非都市：鄉村區 ; 非都市編定：乙種建築用地
RPUNMLTKKINFFAU67CA,德安段,45.00,都市：住
RPSPMLQLKINFFAU47CA,萬豐段,272.14,非都市：一般農業區 ; 非都市編定：農牧用地
RPSPMLQLKINFFAU47CA,萬豐段,130.99,非都市：一般農業區 ; 非都市編定：農牧用地
RPSPMLQLKINFFAU47CA,萬豐段,241.50,非都市：一般農業區 ; 非都市編定：農牧用地
RPRNMLMKJHOFFAU56CA,福安段,49.00,都市：住
RPRNMLMKJHOFFAU56CA,福安段,510.00,都市：住
RPQOMLSKKINFFAU27CA,精鐘段,226.08,非都市：山坡地保育區 ; 非都市編定：丙種建築用地
RPPNMLNLKINFFAU66CA,三農段,3134.79,非都市：一般農業區 ; 非都市編定：農牧用地
RPPNMLTKKINFFAU17CA,自強段,18.56,都市：住
RPPOMLMLKINFFAU66CA,樹林段,84.39,非都市：一般農業區 ; 非都市編定：甲種建築用地
RPXNMLTKKINFFAU18EA,加灣段,120.01,非都市：山坡地保育區 ; 非都市編定：農牧用地
RPRNMLTKKINFFBU47CA,新庄段,100.92,非都市：特定農業區 ; 非都市編定：農牧用地
RPQOMLMLKINFFAU76CA,民意段,12.16,都市：住
RPRNMLRLKINFFAU27CA,碧雲段,37.00,都市：住
RPRNMLRLKINFFAU27CA,碧雲段,9.93,都市：其他
RPRNMLRLKINFFAU27CA,碧雲段,2.62,都市：住
RPRNMLRLKINFFAU27CA,碧雲段,1.55,都市：住
RPRNMLRLKINFFAU27CA,碧雲段,3.82,都市：住
RPRNMLRLKINFFAU27CA,碧雲段,36.00,都市：住
RPSNMLLKJHOFFCU76CA,瑞新段,118.53,都市：住
RPSNMLLKJHOFFCU76CA,瑞新段,1.60,都市：住
RPSNMLLKJHOFFCU76CA,瑞新段,.20,都市：住
RPVNMLMLKINFFAU17CA,山嶺段,237.96,非都市：風景區 ; 非都市編定：生態保護用地
RPPNMLKLKINFFCU56CA,瑞穗段,2801.00,非都市：特定農業區 ; 非都市編定：農牧用地
RPQPMLQLKINFFAU37DA,民德段,45.00,都市：其他
RPPPMLQLKINFFAU17CA,克尼布段,63.00,都市：住
RPPNMLMKJHOFFAU98CA,福安段,220.00,都市：住
RPPNMLMKJHOFFAU98CA,福安段,42.00,都市：住
RPPNMLMLKINFFAU56CA,裕民段,728.00,都市：住
RPWNMLTJJHOFFAU67CA,裕民段,126.00,都市：住
RPPNMLMJJHOFFCU09CA,鱉溪段,2329.00,非都市：山坡地保育區 ; 非都市編定：農牧用地
RPPNMLMJJHOFFCU09CA,鱉溪段,2418.00,非都市：山坡地保育區 ; 非都市編定：農牧用地
RPPNMLMJJHOFFCU09CA,鱉溪段,1411.12,非都市：山坡地保育區 ; 非都市編定：農牧用地
RPXNMLMLKINFFAU37CA,山嶺段,237.96,非都市：風景區 ; 非都市編定：生態保護用地
RPQNMLSJJHOFFAU96CA,富國段,10.41,都市：其他
RPPNMLKKJHOFFBU88CA,萬利段,163.88,非都市：一般農業區 ; 非都市編定：農牧用地
RPUNMLRKJHOFFAU37CA,民勤段,41.00,都市：住
RPTNMLOJJHOFFAU86CA,山嶺段,475.92,非都市：風景區 ; 非都市編定：生態保護用地
RPWNMLOLKINFFAU47CA,主商段,178.00,都市：住
RPOOMLMLKINFFAU56CA,永安段,80.09,非都市：鄉村區 ; 非都市編定：乙種建築用地
RPOOMLMLKINFFAU56CA,永安段,152.84,非都市：一般農業區 ; 非都市編定：農牧用地
RPPNMLOLKINFFCU96CA,源城段,4926.00,非都市：特定農業區 ; 非都市編定：農牧用地
RPRNMLTJJHOFFAU17CA,民生段,37.75,都市：商
RPSNMLNJJHOFFAU66CA,福興段,90.00,都市：住
RPSNMLMJJHOFFCU96EA,新舞鶴段,724.67,非都市：山坡地保育區 ; 非都市編定：農牧用地
RPSNMLMJJHOFFCU96EA,新舞鶴段,1735.47,非都市：山坡地保育區 ; 非都市編定：農牧用地
RPSNMLMJJHOFFCU96EA,新舞鶴段,370.38,非都市：山坡地保育區 ; 非都市編定：農牧用地
RPSNMLMJJHOFFCU96EA,新舞鶴段,794.48,非都市：山坡地保育區 ; 非都市編定：農牧用地
RPSNMLMJJHOFFCU96EA,新舞鶴段,42.33,非都市：山坡地保育區 ; 非都市編定：農牧用地
RPSNMLMJJHOFFCU96EA,新舞鶴段,1895.81,非都市：山坡地保育區 ; 非都市編定：農牧用地
RPSNMLMJJHOFFCU96EA,新舞鶴段,357.08,非都市：山坡地保育區 ; 非都市編定：農牧用地
RPSNMLMJJHOFFCU96EA,新舞鶴段,817.75,非都市：山坡地保育區 ; 非都市編定：農牧用地
RPSNMLMJJHOFFCU96EA,新舞鶴段,3684.70,非都市：山坡地保育區 ; 非都市編定：農牧用地
RPSNMLMJJHOFFCU96EA,新舞鶴段,1344.82,非都市：山坡地保育區 ; 非都市編定：農牧用地
RPSNMLMJJHOFFCU96EA,新舞鶴段,5402.59,非都市：山坡地保育區 ; 非都市編定：農牧用地
RPSNMLMJJHOFFCU96EA,新舞鶴段,662.17,非都市：山坡地保育區 ; 非都市編定：農牧用地
RPSNMLMJJHOFFCU96EA,新舞鶴段,12786.60,非都市：山坡地保育區 ; 非都市編定：農牧用地
RPQNMLOLKINFFCU07CA,源城段,2150.00,非都市：特定農業區 ; 非都市編定：農牧用地
RPUOMLLLKINFFAU07CA,宜安段,97.00,都市：住
RPPNMLOLKINFFAU76CA,福安段,58.00,都市：住
RPSNMLSLKINFFCU67CA,青蓮段,683.66,非都市：一般農業區 ; 非都市編定：養殖用地
RPSNMLSLKINFFCU67CA,青蓮段,363.54,非都市：一般農業區 ; 非都市編定：甲種建築用地
RPRNMLNJJHOFFBU66CA,箭瑛段,11.07,非都市： ; 非都市編定：
RPWOMLLLKINFFAU27CA,主商段,11.79,都市：商
RPQNMLSLKINFFBU37CA,南平段,8927.86,非都市：一般農業區 ; 非都市編定：農牧用地
RPPNMLOJJHOFFBU56CA,砂荖段,372.84,非都市：山坡地保育區 ; 非都市編定：丙種建築用地
RPVNMLQLKINFFAU57CA,主權段,7.30,都市：住
RPVNMLQLKINFFAU57CA,主權段,7.20,都市：住
RPVNMLQLKINFFAU57CA,主權段,.04,都市：住
RPVNMLQLKINFFAU57CA,吉興段,62.73,都市：工
RPVNMLQLKINFFAU57CA,吉興段,27.55,都市：工
RPVNMLQLKINFFAU57CA,吉興段,27.00,都市：工
RPVNMLQLKINFFAU57CA,吉興段,13.07,都市：住
RPUNMLSLKINFFAU67CA,莊敬段,17.40,都市：住
RPTNMLSLKINFFAU57CA,稻園段,117.36,都市：住
RPPNMLOLKINFFBU86CA,西富段,4374.25,非都市：特定農業區 ; 非都市編定：農牧用地
RPQNMLRJJHOFFAU86CA,嘉平段,103.00,都市：住
RPQNMLRJJHOFFAU86CA,嘉平段,15.00,都市：其他
RPSNMLMKJHOFFAU66CA,德姆南段,1080.64,非都市：山坡地保育區 ; 非都市編定：農牧用地
RPVNMLSLKINFFAU77CA,太昌段,98.00,都市：農
RPRNMLSJJHOFFAU07CA,林森段,37.50,都市：住
RPUNMLOLKINFFAU27CA,仁恥段,144.00,都市：住
RPSNMLRLKINFFAU37CA,光學段,1042.22,非都市：一般農業區 ; 非都市編定：農牧用地
RPXOMLQLKINFFAU87CA,仁和段,966.67,都市：農
RPQNMLOJJHOFFAU56CA,海濱段,731.06,非都市：一般農業區 ; 非都市編定：農牧用地
RPQNMLOJJHOFFAU56CA,海濱段,1220.26,非都市：一般農業區 ; 非都市編定：農牧用地
RPQOMLRKJHOFFAU07CA,宜安段,25.00,都市：住
RPQOMLRJJHOFFAU96CA,民享段,126.40,都市：商
RPPNMLOJJHOFFAU09CA,海濱段,1220.26,非都市：一般農業區 ; 非都市編定：農牧用地
RPPNMLOJJHOFFAU09CA,海濱段,731.06,非都市：一般農業區 ; 非都市編定：農牧用地
RPRNMLMJJHOFFAU09CA,宜昌段,26.20,都市：住
RPRNMLMJJHOFFAU09CA,宜昌段,92.00,都市：住
RPTNMLQLKINFFAU37CA,民勤段,8.69,都市：住
RPTNMLRLKINFFAU47CA,慈濟段,71.37,都市：農
RPTNMLRLKINFFAU47CA,慈濟段,104.73,都市：農
RPSNMLSKJHOFFAU27CA,慶豐段,160.00,都市：住
RPSNMLSKJHOFFAU27CA,慶豐段,35.12,都市：住
RPPNMLQLKINFFBU07CA,大馬段,2810.97,非都市：一般農業區 ; 非都市編定：農牧用地
RPSNMLRLKINFFCU57CA,玉璞段,21.00,都市：住
RPSNMLRLKINFFCU57CA,玉璞段,143.00,都市：住
RPSNMLOJJHOFFBU86CA,西寶段,31.17,非都市：特定農業區 ; 非都市編定：水利用地
RPQNMLPJJHOFFBU76CA,馬遠段,7429.00,非都市：山坡地保育區 ; 非都市編定：農牧用地
RPRNMLPJJHOFFBU86CA,萬寶段,18409.70,非都市：山坡地保育區 ; 非都市編定：農牧用地
RPQOMLQKJHOFFAU17EA,嘉平段,9.00,都市：住
RPRNMLOJJHOFFBU76CA,西寶段,743.04,非都市：特定農業區 ; 非都市編定：水利用地
RPRNMLOJJHOFFBU76CA,西寶段,1296.68,非都市：特定農業區 ; 非都市編定：水利用地
RPRNMLOJJHOFFBU76CA,西寶段,1485.05,非都市：特定農業區 ; 非都市編定：水利用地
RPRNMLOJJHOFFBU76CA,西寶段,1612.06,非都市：特定農業區 ; 非都市編定：水利用地
RPRNMLOJJHOFFBU76CA,西寶段,1629.81,非都市：特定農業區 ; 非都市編定：水利用地
RPRNMLSJJHOFFBU17CA,箭瑛段,146.45,非都市： ; 非都市編定：
RPSOMLQLKINFFAU37CA,福安段,4.00,都市：住
RPSOMLQLKINFFAU37CA,福安段,144.00,都市：住
RPPNMLRLKINFFAU07CA,慶豐段,95.00,都市：住
RPPNMLRLKINFFAU07CA,慶豐段,13.00,都市：住
RPWNMLQLKINFFAU67CA,富國段,4.01,都市：商
RPOOMLOLKINFFAU76CA,仁廉段,104.00,都市：住
RPQNMLQLKINFFAU07CA,太昌段,103.00,都市：農
RPQNMLQLKINFFAU07CA,太昌段,59.00,都市：其他
RPQNMLQLKINFFAU07CA,太昌段,23.00,都市：其他
RPXNMLPLKINFFAU67CA,德安段,64.00,都市：其他
RPQOMLQLKINFFAU17CA,主商段,13.58,都市：商
RPSNMLQLKINFFAU27CA,自強段,5.63,都市：住
RPVNMLPLKINFFAU47CA,仁義段,89.00,都市：住
RPTNMLSJJHOFFAU27CA,共和段,170.25,都市：農
RPTNMLSJJHOFFAU27CA,共和段,177.47,都市：農
RPOOMLQLKINFFAU96CA,福興段,151.00,都市：住
RPTOMLSLKINFFAU67CA,福南段,961.45,非都市：特定農業區 ; 非都市編定：農牧用地
RPWNMLSJJHOFFAU57CA,潭南段,145.23,都市：住
RPTOMLQKJHOFFAU27CA,福安段,11.00,都市：其他
RPTOMLQKJHOFFAU27CA,福安段,59.00,都市：住
RPQOMLLKJHOFFAU09CA,政明段,168.23,都市：住
RPXNMLLLJHOFFAU17CA,裕民段,133.00,都市：其他
RPSOMLOLJHOFFAU07CA,民享段,250.00,都市：住
RPSOMLOLJHOFFAU07CA,民享段,48.00,都市：住
RPOOMLLLJHOFFAU98CA,裕民段,129.00,都市：其他
RPUOMLQKJHOFFAU37CA,福安段,59.00,都市：住
RPUOMLQKJHOFFAU37CA,福安段,11.00,都市：其他
RPSNMLSLKINFFAU47CA,太昌段,898.00,都市：農
RPQNMLRLKINFFAU17CA,光華段二小段,132.98,非都市：工業區 ; 非都市編定：丁種建築用地
RPPOMLPKJHOFFAU76CA,民德段,89.00,都市：住
RPPOMLPKJHOFFAU76CA,民德段,1.80,都市：住
RPPOMLPKJHOFFAU76CA,民德段,17.07,都市：商
RPPOMLPKJHOFFAU76CA,民德段,2.00,都市：住
RPPOMLPKJHOFFAU76CA,民德段,.27,都市：住
RPPOMLPKJHOFFAU76CA,民德段,.61,都市：商
RPPOMLPLKINFFAU96CA,慈安段,39.95,都市：住
RPPOMLPLKINFFAU96CA,慈安段,16.53,都市：住
RPROMLQLKINFFAU27CA,忠孝段,396.70,都市：農
RPPNMLKKJHOFFAU78CA,樹人段,5.35,都市：商
RPPNMLKKJHOFFAU78CA,樹人段,4.98,都市：住
RPPOMLRJJHOFFAU86CA,仁廉段,63.00,都市：住
RPPOMLRJJHOFFAU86CA,仁廉段,7.00,都市：住
RPPNMLQLKINFFCU17CA,源北段,4804.94,非都市：特定農業區 ; 非都市編定：農牧用地
RPRNMLMJJHOFFBU56CA,鳳凰段,4082.38,非都市：特定農業區 ; 非都市編定：農牧用地
RPRNMLMJJHOFFBU56CA,鳳凰段,2124.39,非都市：特定農業區 ; 非都市編定：農牧用地
RPQNMLLKJHOFFBU09CA,北林段,226.05,非都市：特定農業區 ; 非都市編定：甲種建築用地
RPQNMLSLKINFFAU27CA,仁廉段,116.00,都市：住
RPQNMLSLKINFFAU27CA,仁廉段,84.00,都市：住
RPUOMLOJJHOFFAU07CA,仁義段,88.00,都市：住
RPPNMLRLKINFFCU27CA,永良段,1356.60,非都市：特定農業區 ; 非都市編定：農牧用地
RPPNMLRLKINFFCU27CA,永良段,1372.76,非都市：特定農業區 ; 非都市編定：農牧用地
RPRNMLRLKINFFCU67EA,明里段,481.21,非都市：特定農業區 ; 非都市編定：農牧用地
RPQNMLQLKINFFBU17CA,大安段,85.00,都市：住
RPPNMLLKJHOFFBU09DA,馬遠段,1370.00,非都市：山坡地保育區 ; 非都市編定：林業用地
RPWNMLRLKINFFCU97CA,滿自然段,1038.23,非都市：山坡地保育區 ; 非都市編定：農牧用地
RPWNMLRLKINFFCU97CA,滿自然段,947.08,非都市：山坡地保育區 ; 非都市編定：農牧用地
RPWNMLRLKINFFCU97CA,滿自然段,455.85,非都市：山坡地保育區 ; 非都市編定：農牧用地
RPROMLOKJHOFFAU86CA,北濱段,6.79,都市：住
RPUNMLNJJHOFFAU07EA,德布克段,934.87,都市：農
RPUNMLNJJHOFFAU07EA,德布克段,388.96,都市：農
RPUOMLOKJHOFFAU37EA,民意段,95.00,都市：住
RPOOMLPLKINFFAU86CA,裕民段,155.25,都市：住
RPVNMLRLKINFFAU67CA,民德段,19.01,都市：住
RPQNMLPKJHOFFBU86CA,馬遠段,5017.00,非都市：山坡地保育區 ; 非都市編定：農牧用地
RPRPMLQLKINFFAU37CA,明義段,32.24,都市：商
RPRPMLQLKINFFAU37CA,明義段,1.49,都市：其他
RPPNMLNJJHOFFAU98CA,民意段,76.00,都市：農
RPQOMLRLKINFFAU27CA,碧雲段,84.00,都市：住
RPPOMLRLKINFFAU17CA,裕民段,13.36,都市：住
RPROMLRLKINFFAU37CA,加灣段,1824.00,非都市：一般農業區 ; 非都市編定：農牧用地
RPOOMLRLKINFFAU07CA,富國段,22.56,都市：住
RPPNMLSLKINFFAU17CA,德安段,19.59,都市：住
RPWNMLNJJHOFFAU07CA,廣賢段,54.28,非都市：鄉村區 ; 非都市編定：乙種建築用地
RPXNMLSLKINFFAU97CA,福祥段,82.00,都市：住
RPXNMLSLKINFFAU97CA,福祥段,23.00,都市：住
RPSOMLOKJHOFFAU96CA,嘉北段,66.00,都市：住
RPWNMLRJJHOFFAU47CA,富國段,25.79,都市：其他
RPVNMLRKJHOFFAU47CA,明義段,22.24,都市：商
RPVNMLRKJHOFFAU47CA,明義段,1.39,都市：商
RPOOMLLKJHOFFAU88CA,碧雲段,114.00,都市：商
RPRNMLSLKINFFAU37CA,德安段,22.50,都市：住
RPQNMLTJJHOFFAU07CA,林森段,37.50,都市：住
RPXNMLRLKINFFAU87CA,光華段二小段,173.54,非都市：工業區 ; 非都市編定：丁種建築用地
RPPNMLMJJHOFFAU88CA,民意段,111.00,都市：住
RPPNMLMJJHOFFAU88CA,民意段,109.00,都市：住
RPQOMLMJJHOFFAU09CA,民意段,17.46,都市：住
RPVOMLSLKINFFAU87CA,南埔段,105.00,非都市：特定農業區 ; 非都市編定：甲種建築用地
RPXNMLSJJHOFFAU67CA,廣安段,625.41,非都市：一般農業區 ; 非都市編定：農牧用地
RPXNMLSJJHOFFAU67CA,廣安段,2178.01,非都市：一般農業區 ; 非都市編定：甲種建築用地
RPXNMLSJJHOFFAU67CA,廣安段,208.03,非都市：一般農業區 ; 非都市編定：甲種建築用地
RPOOMLNJJHOFFAU98CA,嘉南段,58.00,都市：住
RPOOMLNJJHOFFAU98CA,嘉南段,32.00,都市：住
RPQNMLMJJHOFFAU98CA,自強段,23.56,都市：住
RPSNMLNJJHOFFBU76CA,太巴塱段,84.99,非都市：特定農業區 ; 非都市編定：特定目的事業用地
RPSNMLNJJHOFFBU76CA,南富段,429.00,非都市：一般農業區 ; 非都市編定：特定目的事業用地
RPTNMLNJJHOFFBU86CA,太巴塱段,212.07,非都市：特定農業區 ; 非都市編定：特定目的事業用地
RPUNMLNJJHOFFBU96CA,太巴塱段,553.10,非都市：特定農業區 ; 非都市編定：特定目的事業用地
RPVNMLNJJHOFFBU07CA,太巴塱段,1717.80,非都市：特定農業區 ; 非都市編定：特定目的事業用地
RPWNMLMJJHOFFAU96CA,民意段民意小段,49.00,都市：住
RPOOMLMJJHOFFAU88CA,豐山段,1454.72,非都市：一般農業區 ; 非都市編定：農牧用地
RPWNMLSLKINFFAU87CA,佳林段,2117.06,非都市：特定農業區 ; 非都市編定：農牧用地
RPXNMLNJJHOFFBU27CA,南富段,3835.09,非都市：一般農業區 ; 非都市編定：特定目的事業用地
RPPNMLSJJHOFFCU07CA,瑞穗段,4827.00,非都市：特定農業區 ; 非都市編定：農牧用地
RPTNMLMJJHOFFAU86EA,加灣段,55.12,非都市：鄉村區 ; 非都市編定：乙種建築用地
RPROMLMJJHOFFAU56CA,道拉斯段,19650.28,非都市：山坡地保育區 ; 非都市編定：林業用地
RPQNMLNJJHOFFAU09CA,太昌段,89.00,都市：住
RPRNMLMJJHOFFCU66CA,玉璞段,118.00,都市：住
RPSOMLMJJHOFFAU66CA,民勤段,40.00,都市：住
RPPNMLPLJHOFFCU96CA,高寮段,4440.32,非都市：一般農業區 ; 非都市編定：農牧用地
RPWOMLOJJHOFFAU27CA,道拉斯段,19650.28,非都市：山坡地保育區 ; 非都市編定：林業用地
RPXOMLOJJHOFFAU37CA,道拉斯段,7496.18,非都市：山坡地保育區 ; 非都市編定：林業用地
RPRNMLNJJHOFFAU56CA,仁恥段,26.19,都市：住
RPWNMLLLJHOFFAU07CA,古魯社段,335.82,都市：住
RPWNMLLLJHOFFAU07CA,古魯社段,226.04,都市：住
RPQNMLMJJHOFFCU56CA,玉璞段,117.00,都市：住
RPWNMLNJJHOFFBU17CA,南富段,161.09,非都市：一般農業區 ; 非都市編定：特定目的事業用地
RPWNMLNJJHOFFBU17CA,南富段,543.27,非都市：一般農業區 ; 非都市編定：農牧用地
RPWNMLNJJHOFFBU17CA,南富段,1509.93,非都市：一般農業區 ; 非都市編定：特定目的事業用地
RPWNMLNJJHOFFBU17CA,南富段,2014.41,非都市：一般農業區 ; 非都市編定：農牧用地
RPOOMLOJJHOFFAU09CA,民勤段,15.37,都市：住
RPPNMLOKJHOFFAU56CA,德安段,17.49,都市：住
RPPNMLTJJHOFFCU17CA,玉璞段,21.00,都市：住
RPPNMLTJJHOFFCU17CA,玉璞段,143.00,都市：住
RPPNMLRJJHOFFCU96CA,大禹段,2500.00,非都市：山坡地保育區 ; 非都市編定：農牧用地
RPOOMLRJJHOFFAU76CA,下台地段,645.16,非都市：一般農業區 ; 非都市編定：農牧用地
RPPNMLLJJHOFFBU88CA,大安段,121.00,都市：住
RPQNMLLLJHOFFAU09CA,池南段,453.35,都市：農
RPXNMLOJJHOFFAU27CA,樹人段,77.00,都市：住
RPQNMLOJJHOFFCU96EA,源北段,1512.46,非都市： ; 非都市編定：
RPPNMLOJJHOFFCU86EA,源北段,1512.47,非都市：一般農業區 ; 非都市編定：農牧用地
RPPNMLTJJHOFFAU96CA,林森段,37.50,都市：住
RPSOMLSJJHOFFAU27CA,德安段,4.90,都市：住
RPSOMLSJJHOFFAU27CA,德安段,8.41,都市：住
RPSOMLSJJHOFFAU27CA,德安段,12.62,都市：住
RPTOMLSJJHOFFAU37CA,主商段,13.56,都市：商
RPUNMLSJJHOFFAU37CA,民意段,23.38,都市：住
RPTOMLLMJHOFFAU96CA,德布克段,1191.18,都市：農
RPVOMLPKJHOFFAU37CA,精鐘段,4179.02,非都市：山坡地保育區 ; 非都市編定：國土保安用地
RPSOMLSLJHOFFAU47CA,莊敬段,6.77,都市：住
RPOPMLOJJHOFFAU56CA,民德段,.61,都市：住
RPOPMLOJJHOFFAU56CA,民德段,91.00,都市：住
RPROMLPKJHOFFAU96CA,格督尚段,1958.17,非都市：一般農業區 ; 非都市編定：農牧用地
RPPNMLQKJHOFFAU76CA,林森段,63.00,都市：住
RPTNMLLKKHOFFAU76CA,北濱段,20.21,都市：住
RPRNMLSJJHOFFCU27CA,哈拉灣段,1165.75,非都市：特定農業區 ; 非都市編定：農牧用地
RPRNMLSJJHOFFCU27CA,哈拉灣段,1263.06,非都市：特定農業區 ; 非都市編定：農牧用地
RPTNMLOLJHOFFAU07CA,玻士岸段,152.81,都市：商
RPSNMLOKJHOFFAU86CA,南埔段,97.00,非都市：鄉村區 ; 非都市編定：乙種建築用地
RPQNMLSJJHOFFBU07CA,中心埔段,2533.75,非都市：一般農業區 ; 非都市編定：農牧用地
RPXOMLSJJHOFFAU77CA,富國段,9.30,都市：商
RPQNMLTLJHOFFCU47CA,玉昌段,524.00,都市：住
RPQNMLTLJHOFFCU47CA,玉昌段,496.00,都市：住
RPQNMLQKJHOFFCU07CA,富安段,88.32,都市：住
RPXNMLRJJHOFFAU57CA,民勤段,67.00,都市：住
RPROMLRJJHOFFAU07CA,富國段,19.02,都市：商
RPRPMLPKJHOFFAU07CA,仁禮段,71.00,都市：住
RPWOMLSJJHOFFAU67CA,仁廉段,27.90,都市：商
RPWOMLSJJHOFFAU67CA,仁廉段,.14,都市：商
RPSNMLSJJHOFFAU17CA,民勤段,9.54,都市：住
RPTNMLTJJHOFFAU37CA,東華段,121.91,都市：住
RPTNMLTJJHOFFAU37CA,東華段,13.64,都市：農
RPPNMLSJJHOFFBU96CA,中心埔段,2534.00,非都市：一般農業區 ; 非都市編定：農牧用地
RPSPMLPKJHOFFAU17CA,慈安段,42.48,都市：住
RPRNMLSKJHOFFAU17CA,民孝段,31.29,都市：住
RPRNMLLKKHOFFAU56CA,仁愛段,163.99,非都市：特定農業區 ; 非都市編定：甲種建築用地
RPVNMLSJJHOFFAU47CA,嘉北段,79.00,都市：住
RPTOMLOKJHOFFAU07CA,裕民段,5.90,都市：住
RPTOMLOKJHOFFAU07CA,裕民段,6.78,都市：住
RPTOMLOKJHOFFAU07CA,裕民段,24.00,都市：住
RPPNMLLKJHOFFAU88CA,海濱段,162.72,非都市：一般農業區 ; 非都市編定：農牧用地
RPQNMLTJJHOFFCU27CA,滿自然段,727.99,非都市：山坡地保育區 ; 非都市編定：農牧用地
RPQNMLTJJHOFFCU27CA,滿自然段,318.67,非都市：山坡地保育區 ; 非都市編定：農牧用地
RPQNMLTJJHOFFCU27CA,滿自然段,481.35,非都市：山坡地保育區 ; 非都市編定：農牧用地
RPTNMLSKJHOFFAU37CA,仁和段,1031.41,都市：農
RPOPMLLMJHOFFAU56CA,政明段,87.24,都市：住
RPROMLQKJHOFFAU07CA,民享段,3.20,都市：商
RPROMLQKJHOFFAU07CA,民享段,27.80,都市：商
RPRNMLLMJHOFFCU86CA,瑞穗段,3450.00,非都市：特定農業區 ; 非都市編定：農牧用地
RPSNMLKKJHOFFAU09CA,民意段,58.00,都市：住
RPUOMLSJJHOFFAU47CA,富國段,6.46,都市：商
RPSNMLTLJHOFFCU87EA,瑞美段,60.00,都市：住
RPQOMLSJJHOFFAU07CA,林森段,7.00,都市：其他
RPQOMLSJJHOFFAU07CA,林森段,99.00,都市：住
RPSNMLLKJHOFFAU56CA,民勤段,5.94,都市：住
RPTNMLLKJHOFFAU86EA,慈惠段,126.73,都市：住
RPPNMLNKKHOFFCU96EA,永良段,808.98,非都市：特定農業區 ; 非都市編定：甲種建築用地
RPUNMLKKJHOFFAU66CA,草芬段,53.03,非都市：特定農業區 ; 非都市編定：農牧用地
RPQNMLRKJHOFFBU17DA,新白陽段,2024.60,非都市：一般農業區 ; 非都市編定：農牧用地
RPTNMLTJJHOFFCU57CA,東豐南段,4168.42,非都市：特定農業區 ; 非都市編定：農牧用地
RPQNMLMKKHOFFCU76CA,泰林段,1625.74,非都市：特定農業區 ; 非都市編定：農牧用地
RPQNMLMKKHOFFCU76CA,泰林段,467.01,非都市：特定農業區 ; 非都市編定：農牧用地
RPQNMLMKKHOFFCU76CA,泰林段,350.30,非都市：特定農業區 ; 非都市編定：甲種建築用地
RPTNMLKKJHOFFAU56CA,仁義段,15.99,都市：住
RPTNMLQKJHOFFAU27DA,永興段,143.38,非都市：特定農業區 ; 非都市編定：甲種建築用地
RPVNMLTKJHOFFAU67CA,富國段,4.52,都市：商
RPVNMLKKJHOFFAU76CA,稻園段,31.68,都市：農
RPWNMLKKJHOFFAU86CA,碧雲段,106.00,都市：住
RPPOMLTJJHOFFAU07CA,慶豐段,153.00,都市：住
RPRNMLLKJHOFFAU09CA,德安段,4.04,都市：住
RPRNMLLKJHOFFAU09CA,德安段,6.94,都市：住
RPRNMLLKJHOFFAU09CA,德安段,10.41,都市：住
RPUNMLOKJHOFFAU07CA,富國段,15.04,都市：其他
RPPOMLOKJHOFFAU66CA,自強段,26.24,都市：住
RPPNMLOLJHOFFAU66CA,國強段,31.47,都市：其他
RPTPMLLMJHOFFAU07CA,明義段,37.33,都市：商
RPQNMLLKJHOFFAU98CA,林森段,87.00,都市：住
RPRNMLLKJHOFFCU86EA,民南段,2073.55,非都市：特定農業區 ; 非都市編定：農牧用地
RPOOMLTJJHOFFAU96CA,壽月段,299.45,非都市：鄉村區 ; 非都市編定：乙種建築用地
RPPNMLLKJHOFFCU09CA,瑞新段,78.00,都市：住
RPUOMLLMJHOFFAU07CA,民意段,23.28,都市：住
RPUOMLLMJHOFFAU07CA,民意段,115.00,都市：住
RPWNMLLKJHOFFAU96CA,順安段,1429.23,非都市：一般農業區 ; 非都市編定：農牧用地
RPXNMLOKJHOFFAU37CA,主權段,96.00,都市：住
RPQNMLOKJHOFFAU66CA,福祥段,33.20,都市：住
RPSOMLLMJHOFFAU86CA,自強段,18.86,都市：住
RPUOMLKMJHOFFAU96CA,東明段,299.00,非都市：風景區 ; 非都市編定：農牧用地
RPWNMLLJKHOFFAU96CA,莊敬段,10.99,都市：住
RPUNMLLKJHOFFAU76CA,玻士岸段,1070.37,都市：農
RPPOMLKKJHOFFAU88CA,大漢段,87.81,非都市：鄉村區 ; 非都市編定：乙種建築用地
RPRPMLKMJHOFFAU76CA,福祥段,16.56,都市：住
RPQNMLMKJHOFFCU66CA,永良段,3295.40,非都市：特定農業區 ; 非都市編定：農牧用地
RPSNMLMLJHOFFCU96CA,泰林段,4728.80,非都市：山坡地保育區 ; 非都市編定：農牧用地
RPTNMLMLJHOFFCU07CA,大里段,2460.00,非都市：山坡地保育區 ; 非都市編定：農牧用地
RPTNMLMLJHOFFCU07CA,大里段,2630.00,非都市：山坡地保育區 ; 非都市編定：農牧用地
RPQNMLOKJHOFFCU86CA,源北段,56.93,非都市：特定農業區 ; 非都市編定：甲種建築用地
RPRNMLPLJHOFFBU07CA,大安段,77.00,都市：住
RPUNMLMLJHOFFCU17CA,大里段,3500.00,非都市：山坡地保育區 ; 非都市編定：農牧用地
RPUNMLMLJHOFFCU17CA,大里段,27267.00,非都市：山坡地保育區 ; 非都市編定：農牧用地
RPUNMLMLJHOFFCU17CA,大里段,10133.00,非都市：山坡地保育區 ; 非都市編定：農牧用地
RPUOMLPKJHOFFAU27CA,太昌段,90.00,都市：住
RPTNMLPKJHOFFAU07CA,福安段,59.00,都市：商
RPTOMLTLJHOFFAU67CA,碧雲段,37.00,都市：住
RPTOMLTLJHOFFAU67CA,碧雲段,37.00,都市：住
RPTOMLTLJHOFFAU67CA,碧雲段,37.00,都市：住
RPOQMLLJKHOFFAU66EA,東升段,2500.00,非都市：風景區 ; 非都市編定：農牧用地
RPPNMLMKJHOFFCU56CA,谷優段,2463.48,非都市：山坡地保育區 ; 非都市編定：農牧用地
RPVNMLOKJHOFFAU17CA,莊敬段,17.13,都市：住
RPQNMLQKJHOFFAU86CA,壽山段,5099.99,非都市：山坡地保育區 ; 非都市編定：農牧用地
RPQNMLTLJHOFFBU37CA,大平段,59.00,非都市：一般農業區 ; 非都市編定：交通用地
RPQNMLTLJHOFFBU37CA,大平段,1242.00,非都市：一般農業區 ; 非都市編定：甲種建築用地
RPPNMLPKJHOFFBU76CA,支亞干段,3266.39,非都市：一般農業區 ; 非都市編定：農牧用地
RPQNMLTKJHOFFAU17CA,宜安段,13.94,都市：住
RPQNMLTKJHOFFAU17CA,宜安段,13.66,都市：住
RPQNMLTKJHOFFAU17CA,宜安段,1.28,都市：住
RPXNMLPKJHOFFAU47CA,宜安段,6.42,都市：住
RPXNMLPKJHOFFAU47CA,宜安段,11.42,都市：住
RPXNMLPKJHOFFAU47CA,宜安段,11.77,都市：住
RPXNMLPKJHOFFAU47CA,宜安段,3.00,都市：住
RPXNMLPKJHOFFAU47CA,宜安段,2.50,都市：住
RPXNMLPKJHOFFAU47CA,宜安段,2.81,都市：住
RPXNMLPKJHOFFAU47CA,宜安段,105.00,都市：住
RPQNMLRKJHOFFAU96CA,慈安段,19.93,都市：住
RPQPMLPKJHOFFAU96CA,民意段,90.00,都市：住
RPPOMLQKJHOFFAU86CA,自強段,88.00,都市：住
RPPOMLQKJHOFFAU86CA,自強段,26.00,都市：住
RPRPMLLMJHOFFAU86CA,德布克段,1760.72,都市：農
RPRPMLLMJHOFFAU86CA,德布克段,.56,都市：農
RPOQMLLMJHOFFAU66CA,東昌段,737.92,非都市：一般農業區 ; 非都市編定：農牧用地
RPWOMLOLJHOFFAU47CA,國風段,72.00,都市：住
RPUNMLTKJHOFFAU57CA,富國段,23.30,都市：商
RPPNMLKMJHOFFAU98CA,宜安段,125.00,都市：住
RPPNMLKMJHOFFAU98CA,宜安段,24.00,都市：住
RPOOMLQKJHOFFAU76CA,康樂段,109.58,非都市：鄉村區 ; 非都市編定：乙種建築用地
RPVNMLLJKHOFFAU86CA,大漢段,93.89,非都市：鄉村區 ; 非都市編定：乙種建築用地
RPWOMLQKJHOFFAU57CA,仁恥段,.18,都市：住
RPWOMLQKJHOFFAU57CA,仁恥段,23.77,都市：住
RPUNMLPKJHOFFAU17CA,林森段,97.00,都市：住
RPQOMLOLJHOFFAU86CA,加灣段,326.00,非都市：一般農業區 ; 非都市編定：甲種建築用地
RPRNMLQKJHOFFAU96CA,平和段,854.26,都市：農
RPRNMLQKJHOFFAU96CA,平和段,713.99,都市：其他
RPVOMLLMJHOFFAU17CA,政明段,168.41,都市：住
RPQOMLMKKHOFFAU66CA,山廣段,1235.48,非都市：一般農業區 ; 非都市編定：林業用地
RPQOMLMKKHOFFAU66CA,山廣段,2138.37,非都市：一般農業區 ; 非都市編定：林業用地
RPUNMLLKKHOFFAU86CA,仁廉段,78.00,都市：住
RPSOMLRKJHOFFAU27CA,下月段,13520.46,非都市：森林區 ; 非都市編定：農牧用地
RPPNMLRKJHOFFBU07DA,靜浦段,189.00,非都市：風景區 ; 非都市編定：農牧用地
RPQNMLQKJHOFFBU07DA,紅葉段,292.00,非都市：風景區 ; 非都市編定：農牧用地
RPSNMLQKJHOFFAU07CA,太昌段,269.50,都市：農
RPPNMLPKJHOFFAU66CA,國光段,5.18,都市：住
RPXNMLQKJHOFFAU57CA,國風段,282.00,都市：住
RPSNMLRKJHOFFAU17CA,樹人段,56.96,都市：住
RPSOMLQKJHOFFAU17CA,嘉平段,79.00,都市：住
RPRNMLQKJHOFFCU17CA,玉昌段,205.00,都市：住
RPVNMLQKJHOFFAU37CA,莊敬段,159.00,都市：住
RPOOMLRKJHOFFAU86CA,慈惠段,19.08,都市：住
RPOOMLRKJHOFFAU86CA,慈惠段,10.13,都市：住
RPOOMLRKJHOFFAU86CA,慈惠段,3.69,都市：住
RPTNMLRKJHOFFAU27CA,慈惠段,24.47,都市：住
RPTNMLRKJHOFFAU27CA,慈惠段,12.99,都市：住
RPTNMLRKJHOFFAU27CA,慈惠段,4.74,都市：住
RPWNMLLMJHOFFCU37CA,屋拉力段,519.76,非都市：山坡地保育區 ; 非都市編定：農牧用地
RPWNMLLMJHOFFCU37CA,屋拉力段,1626.15,非都市：山坡地保育區 ; 非都市編定：農牧用地
RPSNMLMKKHOFFCU17EA,瑞祥段,266.09,非都市：一般農業區 ; 非都市編定：農牧用地
RPSNMLTKJHOFFAU37CA,政明段,660.39,都市：住
RPTOMLLJKHOFFAU76CA,富國段,4.52,都市：住
RPPNMLMLJHOFFAU09CA,民享段,58.00,都市：住
RPUPMLLMJHOFFAU17CA,華興段,414.27,非都市：鄉村區 ; 非都市編定：乙種建築用地
RPOOMLOLJHOFFAU66CA,仁義段,83.00,都市：住
RPWNMLPKJHOFFAU37CA,民意段,113.00,都市：住
RPRNMLTKJHOFFAU27CA,主商段,15.62,都市：住
RPVOMLQKJHOFFAU47CA,光華段二小段,167.51,非都市：工業區 ; 非都市編定：丁種建築用地
RPRNMLSLJHOFFAU27CA,自強段,20.10,都市：住
RPPNMLRKJHOFFAU86CA,主商段,87.00,都市：商
RPPNMLRKJHOFFAU86CA,主商段,3.00,都市：其他
RPPNMLRKJHOFFAU86CA,主商段,9.00,都市：其他
RPPOMLRKJHOFFAU96CA,富國段,66.92,都市：住
RPSNMLMLJHOFFBU86CA,大安段,940.00,都市：住
RPSNMLMLJHOFFBU86CA,大安段,9.00,都市：農
RPRNMLMLJHOFFBU76CA,大安段,124.00,都市：住
RPRNMLMLJHOFFBU76CA,大安段,1042.00,都市：住
RPRNMLMLJHOFFBU76CA,大安段,773.00,都市：商
RPRNMLMLJHOFFBU76CA,大安段,148.00,都市：住
RPRNMLMLJHOFFBU76CA,大安段,100.00,都市：商
RPPNMLKMJHOFFBU09CA,豐濱段,2939.00,非都市：山坡地保育區 ; 非都市編定：農牧用地
RPPNMLPLJHOFFBU86CA,大安段,137.00,都市：住
RPQNMLLKKHOFFCU66CA,富南段,1008.47,非都市：特定農業區 ; 非都市編定：農牧用地
RPROMLRKJHOFFAU37EA,古魯社段,1286.76,都市：農
RPPOMLLLJHOFFAU09CA,德姆南段,1.64,都市：農
RPPOMLLLJHOFFAU09CA,德姆南段,18.03,都市：農
RPPQMLLJKHOFFAU76EA,東升段,2500.00,非都市：風景區 ; 非都市編定：農牧用地
RPWPMLOKKHOFFAU57CA,自強段,6.53,都市：住
RPPNMLTKJHOFFAU07CA,林森段,37.50,都市：住
RPWNMLTLJHOFFAU87CA,主權段,141.00,都市：住
RPPNMLSKJHOFFAU96CA,德布克段,1913.47,都市：農
RPRNMLPLJHOFFAU96CA,福安段,1013.00,都市：住
RPPNMLSKJHOFFCU17CA,玉里段,4832.00,非都市：特定農業區 ; 非都市編定：農牧用地
RPQNMLLLJHOFFCU66CA,舞鶴東段,4715.96,非都市：山坡地保育區 ; 非都市編定：農牧用地
RPTOMLOLJHOFFAU17CA,民意段,54.50,都市：住
RPTOMLOLJHOFFAU17CA,民意段,54.50,都市：住
RPVNMLLLJHOFFAU96CA,裕民段,6.78,都市：住
RPVNMLLLJHOFFAU96CA,裕民段,5.90,都市：住
RPVNMLLLJHOFFAU96CA,裕民段,24.00,都市：住
RPQNMLSKJHOFFAU07CA,福祥段,95.00,都市：住
RPQNMLSKJHOFFAU07CA,福祥段,1.00,都市：住
RPQNMLOLJHOFFAU76CA,仁廉段,54.00,都市：商
RPTOMLRKJHOFFAU37CA,稻香段,330.00,都市：農
RPUNMLLLJHOFFAU86CA,石壁段,857.40,非都市：一般農業區 ; 非都市編定：甲種建築用地
RPTNMLMLJHOFFAU86CA,裕民段,84.00,都市：住
RPPOMLLJKHOFFAU98CA,永安段,100.34,非都市：鄉村區 ; 非都市編定：乙種建築用地
RPXNMLTKJHOFFAU87CA,忠孝段,545.22,都市：農
RPWNMLTKJHOFFAU77CA,嘉平段,15.00,都市：其他
RPWNMLTKJHOFFAU77CA,嘉平段,103.00,都市：住
RPPNMLSKJHOFFBU17DA,支亞干段,2435.73,非都市：河川區 ; 非都市編定：農牧用地
RPTNMLTKJHOFFAU47CA,主商段,13.56,都市：商
RPQOMLKMJHOFFAU56CA,沼田段,119.00,都市：住
RPPOMLSLJHOFFAU17CA,大漢段,74.71,非都市：鄉村區 ; 非都市編定：乙種建築用地
RPRNMLMLJHOFFCU86CA,興南段,1162.00,非都市：特定農業區 ; 非都市編定：農牧用地
RPPNMLLLJHOFFCU56CA,永安段,4777.00,非都市：特定農業區 ; 非都市編定：農牧用地
RPVNMLMLJHOFFCU27CA,酸柑段,102.21,非都市：一般農業區 ; 非都市編定：甲種建築用地
RPQOMLLLJHOFFAU56CA,裕民段,23.50,都市：住
RPQOMLLLJHOFFAU56CA,裕民段,75.00,都市：住
RPXNMLMLJHOFFCU47CA,屋拉力段,691.27,非都市：鄉村區 ; 非都市編定：乙種建築用地
RPPNMLLLJHOFFBU09CA,鳳光段,5.00,都市：住
RPPNMLLLJHOFFBU09CA,鳳光段,35.00,都市：住
RPQNMLLMJHOFFAU56CA,福興段,348.00,都市：住
RPQNMLLMJHOFFAU56CA,福興段,30.00,都市：其他
RPPNMLLLJHOFFAU98CA,民意段,76.00,都市：農
RPOOMLPKKHOFFAU96EA,壽農段,116.82,非都市：鄉村區 ; 非都市編定：乙種建築用地
RPOQMLOKKHOFFAU86CA,大漢段,75.58,非都市：鄉村區 ; 非都市編定：乙種建築用地
RPSQMLOKKHOFFAU27CA,福安段,42.00,都市：住
RPRQMLOKKHOFFAU17CA,富國段,8.51,都市：住
RPRNMLLLJHOFFAU66DA,富國段,21.24,都市：住
RPXNMLLJKHOFFAU07CA,永興段,114.41,非都市：特定農業區 ; 非都市編定：甲種建築用地
RPVNMLMLJHOFFAU07CA,廣賢段,42.48,非都市：鄉村區 ; 非都市編定：乙種建築用地
RPUOMLOLJHOFFAU27CA,民勤段,161.00,都市：農
RPVOMLOLJHOFFAU37CA,民勤段,160.00,都市：農
RPSNMLLLJHOFFAU66CA,慶豐段,98.00,都市：住
RPTOMLNLJHOFFAU07CA,富國段,5.45,都市：商
RPSOMLNLJHOFFAU96CA,富國段,5.77,都市：商
RPQNMLMLJHOFFAU56CA,嘉南段,101.00,都市：住
RPTNMLNLJHOFFAU96CA,仁義段,28.00,都市：住
RPRNMLMLJHOFFAU66CA,自強段,28.00,都市：住
RPSNMLSLJHOFFAU37CA,壽農段,1730.01,非都市：特定農業區 ; 非都市編定：農牧用地
RPVOMLKMJHOFFAU07CA,嘉南段,70.00,都市：商
RPQNMLNLJHOFFAU66CA,富國段,4.60,都市：住
RPPNMLTLJHOFFBU27CA,大安段,836.74,都市：住
RPRNMLOLJHOFFAU86CA,民生段,21.00,都市：商
RPOOMLNLJHOFFAU56CA,嘉平段,65.00,都市：住
RPUNMLPLJHOFFAU27CA,慶豐段,150.00,都市：住
RPQQMLOKKHOFFAU07CA,富國段,2.50,都市：商
RPQOMLLJKHOFFAU09CA,富國段,6.25,都市：住
RPQNMLMLJHOFFBU66CA,水車段,3242.84,非都市：特定農業區 ; 非都市編定：農牧用地
RPXNMLNLJHOFFAU37CA,富國段,3.67,都市：商
RPWNMLNLJHOFFAU27CA,莊敬段,12.95,都市：住
RPPNMLLMJHOFFAU09CA,民意段,25.30,都市：住
RPPNMLMLJHOFFCU86EA,東里段,634.90,非都市：特定農業區 ; 非都市編定：農牧用地
RPSNMLOLJHOFFCU17CA,滿自然段,4392.56,非都市：山坡地保育區 ; 非都市編定：農牧用地
RPQNMLOLJHOFFCU96CA,中興段,2078.31,都市：住
RPWNMLMLJHOFFCU37CA,石平段,8671.00,非都市：山坡地保育區 ; 非都市編定：農牧用地
RPUNMLKLKHOFFAU86CA,興海段,437.93,都市：農
RPTNMLKLKHOFFAU76CA,林森段,25.50,都市：住
RPTNMLKLKHOFFAU76CA,林森段,58.00,都市：住
RPPNMLOKKHOFFAU66CA,慈勝段,14.94,都市：其他
RPUNMLOKKHOFFAU17CA,慈勝段,245.16,都市：其他
RPQNMLOKKHOFFAU76CA,慈勝段,86.48,都市：其他
RPTNMLOKKHOFFAU07CA,慈勝段,203.79,都市：其他
RPVNMLOKKHOFFAU27CA,慈勝段,286.24,都市：其他
RPPOMLOKKHOFFAU76CA,慈勝段,50.95,都市：其他
RPOOMLOKKHOFFAU66CA,慈勝段,74.54,都市：其他
RPQOMLOKKHOFFAU86CA,慈勝段,79.23,都市：其他
RPSOMLOKKHOFFAU07CA,慈勝段,239.76,都市：其他
RPROMLOKKHOFFAU96CA,慈勝段,257.55,都市：其他
RPTOMLOKKHOFFAU17CA,慈勝段,217.15,都市：其他
RPUOMLOKKHOFFAU27CA,太昌段,96.00,都市：農
RPUOMLOKKHOFFAU27CA,太昌段,744.00,都市：其他
RPPOMLNLJHOFFAU76DA,富國段,23.85,都市：商
RPPOMLNLJHOFFAU76DA,富國段,14.06,都市：商
RPPOMLNLJHOFFAU76DA,富國段,3.90,都市：商
RPVOMLOKKHOFFAU37CA,太昌段,25.00,都市：農
RPVOMLOKKHOFFAU37CA,太昌段,140.00,都市：其他
RPRNMLRJLHOFFCU37CA,神農段,262.10,非都市：特定農業區 ; 非都市編定：農牧用地
RPRNMLRJLHOFFCU37CA,神農段,186.78,非都市：特定農業區 ; 非都市編定：農牧用地
RPWOMLOKKHOFFAU47CA,太昌段,20.00,都市：農
RPWOMLOKKHOFFAU47CA,太昌段,13.00,都市：農
RPWOMLOKKHOFFAU47CA,太昌段,99.00,都市：其他
RPWOMLOKKHOFFAU47CA,太昌段,70.00,都市：其他
RPXOMLOKKHOFFAU57CA,慈勝段,254.96,都市：其他
RPSPMLOKKHOFFAU17CA,慈勝段,136.10,都市：其他
RPOPMLOKKHOFFAU76CA,慈勝段,83.95,都市：其他
RPRPMLOKKHOFFAU07CA,慈勝段,130.82,都市：其他
RPQPMLOKKHOFFAU96CA,慈勝段,115.94,都市：其他
RPPPMLOKKHOFFAU86CA,慈勝段,104.07,都市：其他
RPTPMLOKKHOFFAU27CA,慈勝段,193.48,都市：其他
RPSNMLOLJHOFFAU96CA,南埔段,89.00,非都市：特定農業區 ; 非都市編定：甲種建築用地
RPSNMLLJKHOFFAU56CA,仁義段,15.99,都市：住
RPUNMLOLJHOFFAU17CA,民孝段,31.13,都市：住
RPVNMLOLJHOFFAU27CA,宜寧段,101.00,都市：住
RPRNMLTLJHOFFCU57CA,玉璞段,4.00,都市：其他
RPRNMLTLJHOFFCU57CA,玉璞段,813.00,都市：住
RPRNMLTLJHOFFCU57CA,玉璞段,27.00,都市：住
RPRNMLTLJHOFFCU57CA,玉璞段,186.00,都市：住
RPRNMLTLJHOFFCU57CA,玉璞段,946.00,都市：住
RPRNMLTLJHOFFCU57CA,玉璞段,275.00,都市：其他
RPRNMLTLJHOFFCU57CA,玉璞段,8.00,都市：其他
RPRNMLTLJHOFFCU57CA,玉璞段,150.00,都市：其他
RPRNMLTLJHOFFCU57CA,玉璞段,33.00,都市：其他
RPRNMLTLJHOFFCU57CA,玉璞段,77.00,都市：其他
RPRNMLTLJHOFFCU57CA,玉璞段,87.00,都市：其他
RPRNMLTLJHOFFCU57CA,玉璞段,79.00,都市：其他
RPRNMLTLJHOFFCU57CA,玉璞段,613.00,都市：住
RPRNMLTLJHOFFCU57CA,玉璞段,279.00,都市：住
RPRNMLTLJHOFFCU57CA,玉璞段,189.00,都市：住
RPRNMLTLJHOFFCU57CA,玉璞段,662.00,都市：住
RPRNMLTLJHOFFCU57CA,玉璞段,33.00,都市：住
RPRNMLTLJHOFFCU57CA,玉璞段,174.00,都市：住
RPPNMLOLJHOFFCU07EA,玉昌段,205.00,都市：住
RPVNMLNLJHOFFAU17CA,富國段,15.36,都市：住
RPUOMLSLJHOFFAU67CA,佳東段,111.39,非都市：特定農業區 ; 非都市編定：甲種建築用地
RPSNMLNLJHOFFAU86CA,仁義段,15.99,都市：住
RPROMLOLJHOFFAU96CA,廣賢段,54.28,非都市：鄉村區 ; 非都市編定：乙種建築用地
RPWNMLOLJHOFFAU37CA,富國段,11.49,都市：商
RPSNMLQLJHOFFCU37CA,玉璞段,21.00,都市：住
RPSNMLQLJHOFFCU37CA,玉璞段,105.00,都市：住
RPTNMLQLJHOFFCU47CA,玉璞段,21.00,都市：住
RPTNMLQLJHOFFCU47CA,玉璞段,106.00,都市：住
RPQNMLPLJHOFFAU86CA,初音段,856.37,非都市：特定農業區 ; 非都市編定：農牧用地
RPQNMLPLJHOFFBU96CA,東富段,1618.16,非都市：特定農業區 ; 非都市編定：農牧用地
RPQNMLPLJHOFFBU96CA,東富段,1092.74,非都市：特定農業區 ; 非都市編定：農牧用地
RPXNMLOLJHOFFAU47CA,裕民段,20.56,都市：住
RPTNMLPLJHOFFAU17CA,民德段,52.25,都市：住
RPQPMLLMJHOFFAU76CA,林森段,208.00,都市：住
RPPNMLPJLHOFFCU96CA,禹西段,1024.66,非都市：特定農業區 ; 非都市編定：農牧用地
RPPNMLPJLHOFFCU96CA,大禹段,406.00,非都市：山坡地保育區 ; 非都市編定：丙種建築用地
RPPNMLPJLHOFFCU96CA,大禹段,4195.00,非都市：山坡地保育區 ; 非都市編定：暫未編定
RPPNMLPJLHOFFCU96CA,大禹段,1870.00,非都市：山坡地保育區 ; 非都市編定：交通用地
RPPNMLPJLHOFFCU96CA,大禹段,3305.00,非都市：山坡地保育區 ; 非都市編定：暫未編定
RPPNMLPJLHOFFCU96CA,禹西段,958.68,非都市：特定農業區 ; 非都市編定：農牧用地
RPUNMLMLKHOFFAU07CA,富國段,2.84,都市：商
RPSNMLKMJHOFFAU66CA,裕民段,14.23,都市：住
RPTNMLTLJHOFFCU77CA,泰林段,2988.04,非都市：山坡地保育區 ; 非都市編定：農牧用地
RPTNMLTLJHOFFCU77CA,泰林段,1052.01,非都市：山坡地保育區 ; 非都市編定：農牧用地
RPTNMLTLJHOFFCU77CA,泰林段,1032.92,非都市：山坡地保育區 ; 非都市編定：農牧用地
RPTNMLLMJHOFFCU07CA,掃叭頂段,318.00,非都市：鄉村區 ; 非都市編定：乙種建築用地
RPPNMLLKKHOFFCU56CA,大禹段,39.00,非都市：山坡地保育區 ; 非都市編定：農牧用地
RPPNMLLKKHOFFCU56CA,大禹段,1442.00,非都市：山坡地保育區 ; 非都市編定：農牧用地
RPPNMLLKKHOFFCU56CA,大禹段,3936.00,非都市：山坡地保育區 ; 非都市編定：農牧用地
RPPNMLLKKHOFFCU56CA,大禹段,2186.00,非都市：山坡地保育區 ; 非都市編定：農牧用地
RPPNMLLKKHOFFCU56CA,大禹段,2714.00,非都市：山坡地保育區 ; 非都市編定：農牧用地
RPPNMLLKKHOFFCU56CA,禹西段,81.44,非都市：山坡地保育區 ; 非都市編定：農牧用地
RPPNMLOLJHOFFBU76CA,大安段,433.00,都市：住
RPPNMLOLJHOFFBU76CA,大安段,279.50,都市：住
RPPNMLOLJHOFFBU76CA,大安段,.50,都市：住
RPSNMLSLJHOFFCU57CA,舞鶴東段,3744.99,非都市：山坡地保育區 ; 非都市編定：農牧用地
RPPNMLNLKHOFFCU86CA,瑞良段,45.00,都市：住
RPPNMLNLKHOFFCU86CA,瑞良段,51.00,都市：住
RPRNMLQLJHOFFCU27CA,玉璞段,21.00,都市：住
RPRNMLQLJHOFFCU27CA,玉璞段,144.00,都市：住
RPPOMLOLJHOFFAU76CA,國股段,99.00,都市：住
RPPOMLOLJHOFFAU76CA,國股段,.84,都市：住
RPROMLNLKHOFFAU96CA,福興段,86.60,都市：住
RPROMLNLKHOFFAU96CA,福興段,.20,都市：商
RPROMLNLKHOFFAU96CA,福興段,4.20,都市：其他
RPROMLNLKHOFFAU96CA,福興段,.20,都市：其他
RPWNMLMLKHOFFAU27CA,林森段,2.32,都市：住
RPSOMLKLKHOFFAU76CA,仁禮段,21.27,都市：商
RPWNMLPLJHOFFAU47CA,古魯社段,1645.00,都市：農
RPWNMLPLJHOFFAU47CA,古魯社段,1604.32,都市：農
RPPNMLPLJHOFFAU76CA,國風段,116.00,都市：住
RPTOMLKLKHOFFAU86CA,仁禮段,22.49,都市：商
RPQNMLSLJHOFFBU27CA,北林段,610.49,非都市：鄉村區 ; 非都市編定：乙種建築用地
RPQNMLSLJHOFFBU27CA,北林段,301.44,非都市：鄉村區 ; 非都市編定：乙種建築用地
RPUNMLKMJHOFFAU86CA,富國段,26.52,都市：住
RPWNMLLKKHOFFAU07CA,宜寧段,6.94,都市：商
RPQNMLSLJHOFFAU17CA,南埔段,182.00,非都市：鄉村區 ; 非都市編定：乙種建築用地
RPVNMLSLJHOFFAU67CA,樹人段,8.79,都市：住
RPVNMLSLJHOFFAU67CA,樹人段,9.98,都市：住
RPROMLSLJHOFFAU37CA,光英段,5301.39,非都市：一般農業區 ; 非都市編定：農牧用地
RPTNMLTLJHOFFAU57CA,四維段,1000.41,都市：農
RPPNMLSLJHOFFAU07CA,富國段,10.18,都市：住
RPVOMLSLJHOFFAU77CA,福祥段,23.00,都市：其他
RPVOMLSLJHOFFAU77CA,福祥段,54.00,都市：住
RPQOMLSLJHOFFAU27CA,民意段,13.33,都市：住
RPQOMLSLJHOFFAU27CA,民意段,8.42,都市：住
RPVOMLLJKHOFFAU96CA,南埔段,97.00,非都市：特定農業區 ; 非都市編定：甲種建築用地
RPTOMLSLJHOFFAU57CA,民意段,15.90,都市：住
RPXOMLTLJHOFFAU08CA,福安段,63.00,都市：住
RPUOMLLJKHOFFAU86CA,富國段,3.00,都市：農
RPPNMLSLJHOFFBU17CA,北林段,958.89,非都市：特定農業區 ; 非都市編定：農牧用地
RPQNMLLKKHOFFAU09CA,吉興段,129.55,都市：商
RPVNMLPLJHOFFAU37CA,主商段,6.11,都市：商
RPRNMLKMJHOFFAU56CA,富國段,6.36,都市：住
RPWOMLSLJHOFFAU87CA,福祥段,103.00,都市：住
RPPNMLMLLHOFFBU76CA,鳳仁段,58.00,都市：住
RPPNMLMLLHOFFBU76CA,鳳仁段,60.00,都市：住
RPXOMLTKKHOFFAU08CA,民勤段,39.00,都市：住
RPQNMLNKKHOFFBU76CA,中興段,24.33,非都市：山坡地保育區 ; 非都市編定：交通用地
RPWNMLKMJHOFFAU07CA,富國段,20.40,都市：商
RPSNMLNKKHOFFBU96CA,中興段,72.98,非都市：山坡地保育區 ; 非都市編定：交通用地
RPPNMLNKKHOFFBU66CA,中興段,24.33,非都市：山坡地保育區 ; 非都市編定：交通用地
RPRNMLNKKHOFFBU86CA,中興段,72.98,非都市：山坡地保育區 ; 非都市編定：交通用地
RPROMLTLJHOFFAU47CA,玻士岸段,9.04,都市：住
RPROMLTLJHOFFAU47CA,玻士岸段,65.08,都市：住
RPUNMLLKKHOFFBU96CA,馬佛段,494.12,非都市：一般農業區 ; 非都市編定：農牧用地
RPTNMLLKKHOFFBU86CA,馬佛段,592.94,非都市：一般農業區 ; 非都市編定：農牧用地
RPPNMLSLJHOFFCU27CA,酸柑段,5555.64,非都市：一般農業區 ; 非都市編定：農牧用地
RPRNMLSLJHOFFCU47CA,酸柑段,113.38,非都市：一般農業區 ; 非都市編定：農牧用地
RPTNMLNKKHOFFBU07CA,中興段,72.98,非都市：山坡地保育區 ; 非都市編定：交通用地
RPUNMLNKKHOFFBU17CA,中興段,72.98,非都市：山坡地保育區 ; 非都市編定：交通用地
RPVNMLNKKHOFFBU27CA,中興段,259.19,非都市：山坡地保育區 ; 非都市編定：交通用地
RPQNMLMKKHOFFBU66CA,鳳仁段,167.00,都市：住
RPOOMLSLJHOFFAU07CA,民享段,60.00,都市：商
RPPNMLKMJHOFFCU76EA,舞鶴東段,19987.64,非都市：山坡地保育區 ; 非都市編定：農牧用地
RPUNMLTLJHOFFAU67CA,碧雲段,135.00,都市：住
RPRNMLTLJHOFFAU37CA,民勤段,5.22,都市：住
RPRNMLTLJHOFFAU37CA,民勤段,4.14,都市：住
RPXNMLTLJHOFFAU97CA,德安段,193.04,都市：住
RPQNMLTLJHOFFAU27CA,福祥段,13.20,都市：住
RPOOMLTLJHOFFAU17CA,德安段,122.96,都市：住
RPVNMLTLJHOFFAU77CA,慈勝段,969.81,都市：農
RPVNMLTLJHOFFAU77CA,慈勝段,969.81,都市：農
RPSNMLTLJHOFFAU47CA,民享段,19.93,都市：住
RPPOMLTLJHOFFAU27CA,嘉南段,103.00,都市：住
RPPNMLLMJHOFFBU56CA,紅葉段,10170.00,非都市：山坡地保育區 ; 非都市編定：農牧用地
RPPNMLLMJHOFFBU56CA,紅葉段,10960.00,非都市：山坡地保育區 ; 非都市編定：農牧用地
RPOOMLKMJHOFFAU98CA,光英段,758.75,非都市：一般農業區 ; 非都市編定：農牧用地
RPROMLKMJHOFFAU66CA,光英段,842.62,非都市：一般農業區 ; 非都市編定：農牧用地
RPSOMLKMJHOFFAU76CA,華興段,84.80,非都市：特定農業區 ; 非都市編定：交通用地
RPSOMLKMJHOFFAU76CA,華興段,2559.22,非都市：特定農業區 ; 非都市編定：農牧用地
RPVOMLTLJHOFFAU87CA,福祥段,13.20,都市：住
RPOPMLKMJHOFFAU66EA,民勤段,45.72,都市：住
RPPNMLQLKHOFFBU07CA,萬寶段,15070.28,非都市：山坡地保育區 ; 非都市編定：農牧用地
RPQPMLKMJHOFFAU66CA,明義段,22.70,都市：商
RPQPMLKMJHOFFAU66CA,明義段,1.42,都市：商
RPPOMLMKKHOFFAU56CA,主權段,83.00,都市：住
RPPPMLTLJHOFFAU37CA,德安段,72.00,都市：住
RPRNMLLMJHOFFAU66CA,自強段,9.13,都市：住
RPRNMLKMJHOFFCU96EA,新興段,95.50,非都市：特定農業區 ; 非都市編定：水利用地
RPWPMLLJKHOFFAU17CA,富國段,12.74,都市：住
RPQNMLKMJHOFFCU86EA,源北段,986.33,非都市：特定農業區 ; 非都市編定：甲種建築用地
RPSNMLLLKHOFFBU86CA,溪州段,1589.56,非都市：特定農業區 ; 非都市編定：農牧用地
RPSNMLLLKHOFFBU86CA,溪州段,1515.31,非都市：特定農業區 ; 非都市編定：農牧用地
RPSNMLLLKHOFFBU86CA,溪州段,236.00,非都市：特定農業區 ; 非都市編定：甲種建築用地
RPTPMLTLJHOFFAU77CA,石壁段,79.21,非都市：鄉村區 ; 非都市編定：乙種建築用地
RPQNMLKMJHOFFCU66CA,萬寧段,1725.41,非都市：特定農業區 ; 非都市編定：農牧用地
RPQNMLKMJHOFFCU66CA,萬寧段,1011.69,非都市：特定農業區 ; 非都市編定：農牧用地
RPQNMLLMJHOFFCU76CA,東豐段,8315.00,非都市：特定農業區 ; 非都市編定：農牧用地
RPRNMLNKKHOFFAU76CA,南埔段,110.00,非都市：特定農業區 ; 非都市編定：甲種建築用地
RPXNMLLMJHOFFCU47CA,瑞美段,1003.96,都市：住
RPXNMLLMJHOFFCU47CA,瑞美段,381.26,都市：住
RPPNMLNKKHOFFAU56CA,自強段,20.42,都市：住
RPQNMLLJKHOFFBU09CA,大興段,10715.00,非都市：一般農業區 ; 非都市編定：農牧用地
RPQNMLLJKHOFFBU09CA,大興段,4340.04,非都市：一般農業區 ; 非都市編定：農牧用地
RPSNMLOJLHOFFAU96CA,德安段,15.67,都市：住
RPXNMLPKKHOFFAU57CA,嘉新段,42.00,都市：農
RPPOMLLLKHOFFAU56CA,國風段,315.00,都市：住
RPQOMLLKKHOFFAU56CA,共和段,183.24,都市：農
RPQOMLLKKHOFFAU56CA,共和段,402.00,都市：農
RPQOMLPKKHOFFAU96CA,宜昌段,94.00,都市：住
RPPNMLLJKHOFFCU66EA,瑞新段,139.00,都市：住
RPTNMLLMJHOFFAU86CA,富國段,30.50,都市：住
RPTNMLLMJHOFFAU86CA,富國段,116.00,都市：住
RPQOMLLMJHOFFAU66CA,明月段,2544.94,非都市：山坡地保育區 ; 非都市編定：農牧用地
RPPPMLKMJHOFFAU56CA,莊敬段,30.45,都市：住
RPOOMLSKKHOFFAU07CA,慈雲段,62.47,都市：住
RPOOMLSKKHOFFAU07CA,慈雲段,2.95,都市：住
RPOOMLSKKHOFFAU07CA,慈雲段,194.12,都市：住
RPOOMLSKKHOFFAU07CA,慈雲段,2.66,都市：住
RPVPMLLMJHOFFAU27CA,福祥段,134.00,都市：住
RPPNMLLJKHOFFAU88CA,豐南段,2973.34,非都市：一般農業區 ; 非都市編定：農牧用地
RPPPMLLMJHOFFAU66CA,南埔段,1689.00,非都市：特定農業區 ; 非都市編定：農牧用地
RPPPMLLMJHOFFAU66CA,南埔段,37.00,非都市：特定農業區 ; 非都市編定：交通用地
RPPPMLLMJHOFFAU66CA,南埔段,2351.00,非都市：特定農業區 ; 非都市編定：農牧用地
RPPPMLLMJHOFFAU66CA,南埔段,37.00,非都市：特定農業區 ; 非都市編定：交通用地
RPXOMLLMJHOFFAU37CA,自強段,5.63,都市：住
RPRPMLLJKHOFFAU66CA,仁廉段,97.00,都市：住
RPRPMLLJKHOFFAU66CA,仁廉段,15.00,都市：住
RPPOMLLMJHOFFAU56CA,莊敬段,19.11,都市：住
RPOOMLLMJHOFFAU09CA,富國段,20.73,都市：商
RPWNMLLMJHOFFAU17CA,林森段,63.00,都市：住
RPROMLLJKHOFFAU56CA,民德段,1.80,都市：住
RPROMLLJKHOFFAU56CA,民德段,17.07,都市：商
RPROMLLJKHOFFAU56CA,民德段,2.00,都市：商
RPROMLLJKHOFFAU56CA,民德段,.27,都市：商
RPROMLLJKHOFFAU56CA,民德段,.61,都市：商
RPROMLLJKHOFFAU56CA,民德段,86.00,都市：住
RPOPMLLJKHOFFAU98CA,民意段,47.00,都市：住
RPRNMLLJKHOFFAU09CA,富國段,17.17,都市：住
RPXNMLLKKHOFFAU17CA,民生段,6.54,都市：商
RPXNMLLKKHOFFAU17CA,民生段,1.51,都市：商
RPRNMLMKKHOFFAU66CA,仁義段,71.00,都市：住
RPTPMLLJKHOFFAU86CA,仁廉段,62.00,都市：其他
RPTPMLLJKHOFFAU86CA,仁廉段,50.00,都市：住
RPTPMLLJKHOFFAU86CA,仁廉段,883.00,都市：住
RPSPMLLMJHOFFAU96CA,福祥段,97.00,都市：住
RPRNMLLLKHOFFAU66CA,光榮段,2434.66,非都市：一般農業區 ; 非都市編定：農牧用地
RPVOMLLLKHOFFAU17CA,富國段,2.67,都市：商
RPPNMLLJKHOFFBU98CA,悅付南段,142.06,非都市：一般農業區 ; 非都市編定：甲種建築用地
RPXNMLSKKHOFFAU87CA,慈雲段,51.77,都市：住
RPXNMLSKKHOFFAU87CA,慈雲段,2.45,都市：住
RPXNMLSKKHOFFAU87CA,慈雲段,160.88,都市：住
RPXNMLSKKHOFFAU87CA,慈雲段,2.20,都市：住
RPSNMLLKKHOFFAU66CA,富國段,8.51,都市：住
RPRNMLSKKHOFFCU47CA,酸柑段,1104.90,非都市：一般農業區 ; 非都市編定：丁種建築用地
RPRNMLSKKHOFFCU47CA,酸柑段,286.19,非都市：一般農業區 ; 非都市編定：丁種建築用地
RPRNMLSKKHOFFCU47CA,酸柑段,1439.10,非都市：一般農業區 ; 非都市編定：丁種建築用地
RPRNMLSKKHOFFCU47CA,酸柑段,31.99,非都市：一般農業區 ; 非都市編定：丁種建築用地
RPSNMLSKKHOFFCU57CA,酸柑段,1810.86,非都市：一般農業區 ; 非都市編定：丁種建築用地
RPSNMLSKKHOFFCU57CA,酸柑段,123.81,非都市：一般農業區 ; 非都市編定：丁種建築用地
RPSNMLSKKHOFFCU57CA,酸柑段,286.19,非都市：一般農業區 ; 非都市編定：丁種建築用地
RPSNMLSKKHOFFCU57CA,酸柑段,912.99,非都市：一般農業區 ; 非都市編定：丁種建築用地
RPSNMLSKKHOFFCU57CA,酸柑段,31.99,非都市：一般農業區 ; 非都市編定：丁種建築用地
RPXNMLRLKHOFFAU87CA,福祥段,127.00,都市：住
RPOOMLLJKHOFFAU09EA,萬壽段三小段,9692.00,非都市：一般農業區 ; 非都市編定：農牧用地
RPUNMLNKKHOFFAU07CA,忠孝段,1315.98,都市：農
RPUNMLNKKHOFFAU07CA,忠孝段,1269.67,都市：農
RPSOMLSKKHOFFAU47CA,富國段,18.13,都市：商
RPTNMLRLKHOFFBU57CA,北林段,373.42,非都市：特定農業區 ; 非都市編定：甲種建築用地
RPPOMLLKKHOFFAU09CA,光明段,466.43,非都市：一般農業區 ; 非都市編定：農牧用地
RPPOMLLKKHOFFAU09CA,光明段,1499.78,非都市：一般農業區 ; 非都市編定：農牧用地
RPVNMLLKKHOFFAU96CA,永安段,79.51,非都市：鄉村區 ; 非都市編定：乙種建築用地
RPPOMLPKKHOFFAU86CA,民勤段,23.73,都市：住
RPRNMLMKKHOFFCU86CA,興南段,4328.44,非都市：特定農業區 ; 非都市編定：農牧用地
RPXNMLOJLHOFFAU47CA,民心段,99.00,都市：工
RPPNMLLKKHOFFAU98CA,仁恥段,23.77,都市：住
RPRNMLMLKHOFFBU86CA,中原段,2469.66,非都市：特定專用區 ; 非都市編定：農牧用地
RPRNMLMLKHOFFBU86CA,中原段,5227.22,非都市：特定專用區 ; 非都市編定：農牧用地
