﻿編號,土地區段位置,土地移轉面積平方公尺,使用分區或編定
The serial number,land sector position,land shifting area square meter,the use zoning or compiles and checks
RPQNMLPKJINFFCV17DA,大原段,1044.00,非都市：特定農業區 ; 非都市編定：農牧用地
RPQNMLPKJINFFCV17DA,大原段,1189.00,非都市：特定農業區 ; 非都市編定：農牧用地
RPQNMLPKJINFFCV17DA,大原段,1151.00,非都市：特定農業區 ; 非都市編定：農牧用地
RPQNMLPKJINFFCV17DA,大原段,1151.00,非都市：特定農業區 ; 非都市編定：農牧用地
RPRNMLTKJINFFAV37CA,利家段,3184.00,非都市：特定農業區 ; 非都市編定：農牧用地
RPQNMLOKJINFFAV76CA,豐年段,111.00,都市：住
RPPNMLNLJINFFCV86CA,南山段,135.39,都市：住
RPPNMLNLJINFFCV86CA,南山段,40.43,都市：農
RPPNMLNLJINFFCV86CA,南山段,20.88,都市：農
RPPNMLNLJINFFCV86CA,南山段,178.54,都市：農
RPRNMLNKJINFFAV76CA,東谷段,116.24,非都市：特定農業區 ; 非都市編定：甲種建築用地
RPPNMLNKJINFFAV66DA,利家段,96.00,非都市：特定農業區 ; 非都市編定：甲種建築用地
RPVNMLNKJINFFAV17CA,光明段,58.00,都市：住
RPVNMLNKJINFFAV17CA,光明段,2.00,都市：住
RPSNMLOKJINFFAV96CA,台東段,49.00,都市：住
RPSNMLMKJINFFAV76CA,東農段,257.28,非都市：特定農業區 ; 非都市編定：甲種建築用地
RPQNMLPKJINFFAV86CA,普優瑪段,72.93,都市：住
RPWNMLQKJINFFAV57CA,南清段,107.18,都市：住
RPVNMLPKJINFFAV37CA,豐年段,111.00,都市：住
RPQNMLNLJINFFAV76CA,台東段,238.00,都市：住
RPTNMLNLJINFFAV07CA,馬蘭段,12.50,都市：住
RPPNMLPKJINFFAV76CA,豐榮段,57.99,都市：其他
RPPNMLPKJINFFAV76CA,豐榮段,144.61,都市：住
RPPNMLPKJINFFAV76CA,豐榮段,65.87,都市：住
RPPNMLPKJINFFCV96CA,里段,83.93,都市：住
RPRNMLPKJINFFAV96CA,豐年段,6.00,都市：住
RPPNMLTKJINFFBV27CA,新都威段,10496.86,非都市：風景區 ; 非都市編定：農牧用地
RPQNMLQKJINFFAV96CA,東海段,25.08,都市：住
RPQNMLQKJINFFAV96CA,東海段,1.62,都市：住
RPUNMLPKJINFFAV27CA,中山段,239.00,都市：住
RPVNMLQKJINFFAV47CA,豐年段,111.00,都市：住
RPSNMLKKKINFFCV96DA,紅葉段,2100.00,都市：其他
RPUNMLKLJINFFAV86CA,東農段,88.79,都市：農
RPXNMLTKJINFFAV08DA,澱粉段,134.06,非都市：特定農業區 ; 非都市編定：甲種建築用地
RPQNMLKLJINFFAV09CA,東海段,22.69,都市：住
RPQNMLKLJINFFAV09CA,東海段,1.46,都市：住
RPWNMLTKJINFFAV87CA,新生段,80.00,都市：住
RPQNMLTKJINFFAV27CA,中心段,13.00,都市：住
RPQNMLTKJINFFAV27CA,中心段,130.50,都市：住
RPQNMLTKJINFFAV27CA,中心段,7.00,都市：住
RPPNMLQKJINFFBV96CA,成功段,40.82,都市：住
RPPNMLQKJINFFBV96CA,成功段,24.29,都市：住
RPOOMLTKJINFFAV17CA,台東段,5.00,都市：商
RPOOMLTKJINFFAV17CA,台東段,56.00,都市：商
RPSOMLNLJINFFAV07CA,豐川段,32.74,都市：住
RPPNMLKLJINFFCV66DA,隆昌段,504.01,非都市：特定農業區 ; 非都市編定：農牧用地
RPPNMLTKJINFFCV37CA,四維段,49.86,非都市：一般農業區 ; 非都市編定：甲種建築用地
RPPNMLTKJINFFCV37CA,四維段,29.46,非都市：一般農業區 ; 非都市編定：甲種建築用地
RPTNMLTKJINFFAV57CA,普優瑪段,217.10,都市：住
RPVNMLTKJINFFAV77CA,富岡南段,138.93,非都市：鄉村區 ; 非都市編定：乙種建築用地
RPTNMLMLJINFFAV96CA,常德段,125.81,都市：住
RPPNMLQLJINFFCV17CA,水源段,53.42,非都市：鄉村區 ; 非都市編定：乙種建築用地
RPPNMLQLJINFFCV17CA,水源段,53.42,非都市：鄉村區 ; 非都市編定：乙種建築用地
RPPNMLMLJINFFAV56CA,東海段,26.98,都市：住
RPPNMLLLJINFFCV76DA,隆盛段,183.81,非都市：特定農業區 ; 非都市編定：農牧用地
RPVNMLKLJINFFAV96CA,東海段,106.62,都市：住
RPVNMLKLJINFFAV96CA,東海段,12.12,都市：住
RPPNMLMLJINFFBV66CA,城仔埔段,21.54,非都市：風景區 ; 非都市編定：丙種建築用地
RPQNMLMLJINFFAV66CA,台東段,243.00,都市：住
RPVNMLLLJINFFAV07CA,台東段,1205.00,都市：商
RPVNMLLLJINFFAV07CA,台東段,1295.00,都市：商
RPVNMLLLJINFFAV07CA,台東段,191.00,都市：商
RPWNMLLLJINFFAV17CA,東海段,19.11,都市：住
RPWNMLLLJINFFAV17CA,東海段,1.23,都市：住
RPUNMLNLJINFFAV17CA,南清段,105.28,都市：住
RPTOMLNLJINFFAV17CA,台東段,53.00,都市：住
RPXNMLLLJINFFAV27CA,利泰段,114.76,非都市：一般農業區 ; 非都市編定：甲種建築用地
RPRNMLNLJINFFCV07CA,和平段,198.62,非都市：一般農業區 ; 非都市編定：農牧用地
RPUNMLLLJINFFAV96CA,豐年段,406.46,都市：住
RPUNMLLLJINFFAV96CA,豐年段,578.69,都市：其他
RPUNMLLLJINFFAV96CA,豐年段,136.12,都市：其他
RPUNMLLLJINFFAV96CA,豐年段,699.89,都市：住
RPUNMLLLJINFFAV96CA,豐年段,1159.71,都市：其他
RPVOMLNLJINFFAV37CA,台東段,12.68,都市：住
RPQNMLQLJINFFAV07CA,台東段,14.00,都市：其他
RPQNMLQLJINFFAV07CA,台東段,151.00,都市：住
RPRNMLLLJINFFAV66CA,新生段,9.92,都市：住
RPTNMLLLJINFFAV86CA,台東段,16.46,都市：住
RPTNMLLLJINFFAV86CA,台東段,16.46,都市：住
RPVNMLMLJINFFAV17CA,台東段,75.00,都市：住
RPXNMLNLJINFFAV47CA,上原段,155.00,非都市：山坡地保育區 ; 非都市編定：農牧用地
RPXNMLNLJINFFAV47CA,上原段,54.00,非都市：山坡地保育區 ; 非都市編定：農牧用地
RPQNMLQLJINFFCV27CA,萬朝段,1511.48,非都市：一般農業區 ; 非都市編定：農牧用地
RPQNMLQLJINFFCV27CA,萬朝段,1000.96,非都市：一般農業區 ; 非都市編定：農牧用地
RPQNMLNLJINFFCV07DA,大同段,58.10,都市：農
RPQNMLNLJINFFCV07DA,大同段,734.83,都市：農
RPQNMLNLJINFFCV07DA,大同段,1363.92,都市：農
RPXNMLKMJINFFAV27CA,南榮段,5872.41,都市：農
RPWNMLMLJINFFAV27CA,中心段,92.00,都市：住
RPPNMLPJKINFFDV17DA,大竹段,136.00,非都市：山坡地保育區 ; 非都市編定：丙種建築用地
RPPNMLRLJINFFDV37CA,北橋段,103.62,都市：住
RPPNMLQLJINFFAV96CA,東海段,101.23,都市：住
RPPNMLOJKINFFCV86CA,慶福段,97.42,都市：商
RPTNMLSLJINFFAV57CA,豐成段,2790.83,非都市：特定農業區 ; 非都市編定：農牧用地
RPPNMLRLJINFFAV17DA,常德段,139.58,都市：住
RPQNMLRLJINFFAV17CA,利家段,68.00,非都市：鄉村區 ; 非都市編定：乙種建築用地
RPPNMLQLJINFFBV07CA,萬年段,2600.00,非都市：風景區 ; 非都市編定：農牧用地
RPPNMLQLJINFFBV07CA,萬年段,173.00,非都市：風景區 ; 非都市編定：農牧用地
RPTNMLRLJINFFAV47CA,馬蘭段,12.75,都市：住
RPRNMLRLJINFFCV47CA,牧野段,129.71,非都市：一般農業區 ; 非都市編定：甲種建築用地
RPRNMLSLJINFFAV37CA,中山段,76.00,都市：住
RPPNMLNJKINFFCV76CA,紅葉段,3727.00,非都市：山坡地保育區 ; 非都市編定：農牧用地
RPPNMLNJKINFFCV76CA,紅葉段,3125.00,非都市：山坡地保育區 ; 非都市編定：農牧用地
RPPNMLNJKINFFCV76CA,紅葉段,2653.00,非都市：山坡地保育區 ; 非都市編定：農牧用地
RPPNMLNJKINFFCV76CA,紅葉段,1347.00,非都市：山坡地保育區 ; 非都市編定：農牧用地
RPPNMLNJKINFFCV76CA,紅葉段,208.00,非都市：山坡地保育區 ; 非都市編定：林業用地
RPPNMLNJKINFFCV76CA,紅葉段,386.00,非都市：山坡地保育區 ; 非都市編定：農牧用地
RPQNMLTLJINFFBV47CA,三仙段,51.62,非都市：風景區 ; 非都市編定：農牧用地
RPQNMLTLJINFFBV47CA,三仙段,518.16,非都市：風景區 ; 非都市編定：農牧用地
RPQNMLKMJINFFAV56CA,德安段,102.60,都市：住
RPROMLKMJINFFAV76CA,大業段,19.60,都市：住
RPPNMLSKKINFFCV47DA,水井段,416.28,非都市：特定農業區 ; 非都市編定：甲種建築用地
RPPNMLSLJINFFCV47DA,鸞山段,9590.00,非都市：山坡地保育區 ; 非都市編定：農牧用地
RPRNMLTLJINFFBV57CA,烏石鼻段,4324.50,非都市：風景區 ; 非都市編定：農牧用地
RPPNMLKMJINFFAV09CA,建和段,103.70,都市：住
RPQNMLSLJINFFAV27CA,台東段,122.42,都市：商
RPRNMLKMJINFFAV66CA,順天段,2859.00,都市：農
RPPNMLKLKINFFAV09CA,岩灣段,132.23,都市：住
RPVNMLKMJINFFAV07CA,中心段,.50,都市：商
RPWNMLKMJINFFAV17CA,中心段,105.54,都市：商
RPVNMLKMJINFFAV07CA,中心段,27.00,都市：商
RPVNMLKMJINFFAV07CA,中心段,95.46,都市：商
RPPNMLOLKINFFAV86CA,東海段,27.47,都市：住
RPPNMLOLKINFFAV86CA,東海段,1.77,都市：住
RPQNMLSKKINFFAV27CA,北南王段,767.54,都市：農
RPQNMLSKKINFFAV27CA,北南王段,618.74,都市：農
RPTNMLKMJINFFAV86CA,豐源段,2750.05,非都市：特定農業區 ; 非都市編定：農牧用地
RPRNMLPJKINFFAV96CA,鎮樂段,2600.00,非都市：山坡地保育區 ; 非都市編定：農牧用地
RPQNMLTLJINFFAV37CA,豐年段,20.80,都市：住
RPQOMLKMJINFFAV66CA,興安段,145.05,都市：住
RPPNMLKMJINFFBV56CA,新大馬段,2336.06,非都市：風景區 ; 非都市編定：農牧用地
RPPNMLNJKINFFAV66DA,利家段,63.00,非都市：山坡地保育區 ; 非都市編定：丙種建築用地
RPPNMLNJKINFFAV66DA,利家段,32.00,非都市：山坡地保育區 ; 非都市編定：丙種建築用地
RPSNMLNJKINFFAV86CA,建國段,199.95,都市：住
RPSNMLNJKINFFAV86CA,建國段,11.68,都市：住
RPSNMLNJKINFFAV86CA,建國段,1.37,都市：其他
RPXNMLOJKINFFAV47CA,中清段,2853.36,都市：農
RPXNMLOJKINFFAV47CA,中清段,143.47,都市：農
RPPNMLNJKINFFDV86CA,荒野段,428.38,非都市：一般農業區 ; 非都市編定：養殖用地
RPPNMLNJKINFFDV86CA,荒野段,1554.51,非都市：一般農業區 ; 非都市編定：養殖用地
RPQNMLOKKINFFAV86CA,新生段,9.92,都市：住
RPPNMLSLKINFFAV27CA,德安段,22.88,都市：住
RPPNMLSLKINFFAV27CA,德安段,.16,都市：住
RPPNMLSLKINFFAV27CA,德安段,2.11,都市：住
RPPNMLSLKINFFAV27CA,德安段,.04,都市：住
RPQNMLSLKINFFAV37CA,常德段,11.38,都市：商
RPQNMLKKKINFFBV56CA,濱海段,93.48,都市：住
RPQNMLKKKINFFBV56CA,濱海段,.76,都市：住
RPOOMLKMJINFFAV09CA,岩灣段,53.04,都市：住
RPOOMLKMJINFFAV09CA,岩灣段,53.04,都市：住
RPQNMLLLKINFFBV76CA,永福段,121.45,非都市：鄉村區 ; 非都市編定：乙種建築用地
RPPOMLOJKINFFAV76CA,新生段,85.00,都市：住
RPVNMLQJKINFFAV47CA,豐田段,82.57,都市：住
RPUNMLQJKINFFAV37CA,中清段,91.67,都市：住
RPUNMLQJKINFFAV37CA,中清段,1.44,都市：其他
RPTNMLNJKINFFAV96CA,台東段,46.32,都市：住
RPRNMLSLKINFFAV47CA,東海段,25.08,都市：住
RPRNMLSLKINFFAV47CA,東海段,1.62,都市：住
RPTNMLOJKINFFAV07CA,常德段,104.78,都市：住
RPUNMLOJKINFFAV17CA,岩灣段,253.23,都市：住
RPUNMLNJKINFFAV07CA,台東段,60.00,都市：住
RPUNMLNJKINFFAV07CA,台東段,4.00,都市：住
RPSNMLLKKINFFAV86DA,永清段,1.65,都市：住
RPVNMLMLKINFFAV27CA,利家段,142.50,非都市：鄉村區 ; 非都市編定：乙種建築用地
RPVNMLMLKINFFAV27CA,利家段,99.00,非都市：鄉村區 ; 非都市編定：乙種建築用地
RPWNMLOJKINFFAV37CA,台東段,16.49,都市：住
RPQNMLMKKINFFAV66CA,豐樂段,832.00,都市：工
RPVNMLOJKINFFAV27CA,建成段,318.27,都市：住
RPRNMLKKKINFFCV76CA,加拿段,108.57,非都市：山坡地保育區 ; 非都市編定：農牧用地
RPRNMLKKKINFFCV76CA,加拿段,107.14,非都市：山坡地保育區 ; 非都市編定：農牧用地
RPQNMLKKKINFFAV09CA,下賓朗段,239.53,非都市：鄉村區 ; 非都市編定：乙種建築用地
RPSNMLKLKINFFAV76CA,岩灣段,138.20,都市：住
RPPNMLPJKINFFAV76CA,中清段,107.15,都市：住
RPPNMLPJKINFFAV76CA,中清段,1.56,都市：住
RPSNMLPJKINFFAV07CA,豐嘉段,2811.97,非都市：特定農業區 ; 非都市編定：農牧用地
RPSNMLPJKINFFAV07CA,豐嘉段,2811.96,非都市：特定農業區 ; 非都市編定：農牧用地
RPTNMLQJKINFFAV27CA,中山段,69.00,都市：住
RPPNMLQJKINFFAV86CA,豐年段,117.00,都市：住
RPQNMLPJKINFFAV96DA,豐榮段,88.00,都市：住
RPQNMLPJKINFFAV96DA,豐榮段,23.12,都市：住
RPPNMLLKKINFFDV76CA,正興段,986.87,都市：住
RPPNMLLKKINFFDV76CA,正興段,203.17,都市：住
RPQNMLLKKINFFDV86CA,正興段,879.80,都市：住
RPQNMLLKKINFFDV86CA,正興段,310.24,都市：住
RPPNMLRKKINFFBV17CA,忠智段,140.16,都市：住
RPQOMLMKKINFFAV76CA,利卡夢段,381.04,非都市：特定農業區 ; 非都市編定：甲種建築用地
RPQOMLMKKINFFAV76CA,利卡夢段,504.13,非都市：特定農業區 ; 非都市編定：甲種建築用地
RPPNMLQJKINFFCV07CA,新興段,4706.89,非都市：特定農業區 ; 非都市編定：農牧用地
RPVNMLOLKINFFAV47CA,自強段,128.00,都市：住
RPRNMLQJKINFFAV07CA,豐年段,15.23,都市：住
RPTNMLRJKINFFAV37CA,新生段,75.50,都市：住
RPTNMLRJKINFFAV37CA,新生段,75.50,都市：住
RPRNMLKLKINFFAV66CA,大業段,104.81,都市：住
RPRNMLRJKINFFAV17CA,南清段,62.35,都市：商
RPPNMLLKKINFFAV09CA,中清段,91.93,都市：住
RPPNMLLKKINFFAV09CA,中清段,1.60,都市：其他
RPUNMLMKKINFFAV07CA,台東段,15.37,都市：住
RPVNMLMKKINFFAV17CA,自強段,216.00,都市：住
RPQNMLRJKINFFAV07CA,常德段,104.61,都市：住
RPRNMLMKKINFFBV86CA,南八里段,136.72,非都市：風景區 ; 非都市編定：農牧用地
RPRNMLLKKINFFAV66CA,豐航段,102.71,都市：住
RPPNMLKKKINFFCV56CA,豐泉段,378.02,都市：住
RPWNMLMKKINFFAV27CA,北南王段,178.15,都市：住
RPQNMLNKKINFFAV76CA,青林段,14.61,都市：其他
RPQNMLNKKINFFAV76CA,青林段,349.20,都市：住
RPQNMLRKKINFFAV17CA,石川段,22.25,非都市：風景區 ; 非都市編定：丙種建築用地
RPQNMLRKKINFFAV17CA,石川段,87.17,非都市：風景區 ; 非都市編定：丙種建築用地
RPXNMLMKKINFFAV37CA,台東段,65.00,都市：住
RPSNMLNKKINFFAV96CA,常德段,7.59,都市：住
RPQNMLNLKINFFAV86CA,利家段,138.00,非都市：鄉村區 ; 非都市編定：乙種建築用地
RPQNMLKLKINFFAV56CA,豐富段,10.97,都市：住
RPQNMLKLKINFFAV56CA,豐富段,191.90,都市：住
RPPOMLMKKINFFAV66CA,新生段,166.00,都市：住
RPPNMLKKKINFFAV09DA,自強段,95.35,都市：住
RPPNMLNKKINFFAV66CA,建成段,101.64,都市：住
RPPNMLSKKINFFAV17CA,豐榮段,125.96,都市：住
RPRNMLRKKINFFAV27CA,台東段,130.00,都市：住
RPPNMLMJJHOFFAV98CA,自強段,143.94,都市：住
RPROMLKLKINFFAV76CA,山里段,169.06,非都市：山坡地保育區 ; 非都市編定：丙種建築用地
RPROMLKLKINFFAV76CA,山里段,169.06,非都市：山坡地保育區 ; 非都市編定：丙種建築用地
RPROMLKLKINFFAV76CA,山里段,169.06,非都市：山坡地保育區 ; 非都市編定：丙種建築用地
RPROMLKLKINFFAV76CA,山里段,169.06,非都市：山坡地保育區 ; 非都市編定：丙種建築用地
RPROMLKLKINFFAV76CA,山里段,169.06,非都市：山坡地保育區 ; 非都市編定：丙種建築用地
RPROMLKLKINFFAV76CA,山里段,186.46,非都市：山坡地保育區 ; 非都市編定：丙種建築用地
RPPNMLKLKINFFCV66CA,電光段,103.91,非都市：鄉村區 ; 非都市編定：乙種建築用地
RPPNMLKLKINFFCV66CA,新日出段,2773.30,非都市：特定農業區 ; 非都市編定：農牧用地
RPPNMLKLKINFFCV66CA,新日出段,568.21,非都市：特定農業區 ; 非都市編定：農牧用地
RPPNMLKLKINFFCV66CA,新日出段,4411.29,非都市：特定農業區 ; 非都市編定：農牧用地
RPOOMLMKKINFFAV56CA,康樂段,488.00,非都市：特定農業區 ; 非都市編定：農牧用地
RPOOMLMKKINFFAV56CA,康樂段,735.00,非都市：特定農業區 ; 非都市編定：農牧用地
RPPNMLNKKINFFCV86CA,新興段,2504.75,非都市：特定農業區 ; 非都市編定：農牧用地
RPSNMLMKKINFFBV07DA,和平北段,1707.86,非都市：風景區 ; 非都市編定：農牧用地
RPQNMLSKKINFFCV47CA,水井段,126.94,非都市：鄉村區 ; 非都市編定：乙種建築用地
RPVNMLNKKINFFAV27CA,豐年段,30.60,都市：住
RPVNMLNKKINFFAV27CA,豐年段,124.11,都市：住
RPPNMLPLKINFFDV37DA,台段,60240.00,非都市：山坡地保育區 ; 非都市編定：林業用地
RPTNMLMKKINFFAV96CA,豐年段,30.60,都市：住
RPSNMLMKKINFFAV86CA,台東段,10.08,都市：住
RPTNMLMKKINFFAV96CA,豐年段,133.20,都市：住
RPPNMLOKKINFFAV76CA,豐年段,20.92,都市：住
RPPNMLOKKINFFAV76CA,豐年段,118.86,都市：住
RPPNMLNKKINFFBV76CA,三仙段,51.62,非都市：風景區 ; 非都市編定：農牧用地
RPPNMLNKKINFFBV76CA,三仙段,518.16,非都市：風景區 ; 非都市編定：農牧用地
RPRNMLTJJHOFFCV57DA,廣原段,674.00,非都市：鄉村區 ; 非都市編定：乙種建築用地
RPRNMLTJJHOFFCV57DA,廣原段,66.00,非都市：鄉村區 ; 非都市編定：乙種建築用地
RPRNMLTKKINFFAV47CA,泰安段,73.37,非都市：一般農業區 ; 非都市編定：甲種建築用地
RPXNMLPLKINFFAV77CA,富岡南段,1470.07,非都市：風景區 ; 非都市編定：交通用地
RPUNMLNKKINFFAV17CA,台東段,195.00,都市：住
RPUNMLNKKINFFAV17CA,台東段,47.00,都市：住
RPTNMLNKKINFFAV07CA,台東段,388.00,都市：住
RPRNMLNKKINFFAV86CA,中心段,57.00,都市：住
RPXNMLKLKINFFAV27CA,岩灣段,199.92,都市：住
RPXNMLKLKINFFAV27CA,岩灣段,99.96,都市：住
RPVOMLKLKINFFAV17CA,常德段,96.58,都市：住
RPTNMLOKKINFFAV17CA,豐川段,68.56,非都市：特定農業區 ; 非都市編定：甲種建築用地
RPVNMLKLKINFFAV07CA,岩灣段,307.44,都市：住
RPTNMLMLKINFFAV07CA,知本段,3402.00,非都市：特定農業區 ; 非都市編定：農牧用地
RPUNMLRKKINFFAV67DA,新生段,61.67,都市：農
RPTOMLKLKINFFAV96CA,建華段,1000.00,都市：農
RPUNMLMLKINFFAV17CA,豐年段,20.92,都市：住
RPUNMLMLKINFFAV17CA,豐年段,60.60,都市：住
RPPPMLKLKINFFAV66CA,南清段,5848.56,都市：農
RPSNMLLLKINFFAV86CA,建華段,2192.24,非都市：特定農業區 ; 非都市編定：農牧用地
RPSNMLLLKINFFAV86CA,建華段,2227.55,都市：農
RPOOMLKLKINFFAV09CA,建華段,1000.00,都市：農
RPRNMLRLKINFFAV37CA,自強段,126.00,都市：住
RPQOMLKLKINFFAV66CA,建華段,1000.00,都市：農
RPSNMLRLKINFFAV47CA,自強段,144.00,都市：住
RPPNMLRKKINFFAV07CA,豐樂段,83.00,都市：住
RPPNMLRLKINFFDV47CA,秀山段,10.39,都市：其他
RPPNMLRLKINFFDV47CA,秀山段,.00,都市：其他
RPUNMLSJJHOFFAV47CA,台東段,11.11,都市：住
RPWNMLTKKINFFAV97CA,台東段,70.00,都市：住
RPPNMLKLKINFFDV76CA,秀山段,10.39,都市：其他
RPPNMLKLKINFFDV76CA,秀山段,.00,都市：其他
RPQPMLKLKINFFAV86DA,豐榮段,57.00,都市：住
RPQPMLKLKINFFAV86DA,豐榮段,17.00,都市：住
RPRNMLSKKINFFCV67DA,廣原段,1560.00,非都市：山坡地保育區 ; 非都市編定：農牧用地
RPQNMLKLKINFFCV86DA,武陵段,588.00,非都市：鄉村區 ; 非都市編定：乙種建築用地
RPSNMLTKKINFFAV67DA,台東段,142.00,都市：住
RPRNMLKLKINFFCV86CA,錦富段,3621.16,非都市：特定農業區 ; 非都市編定：農牧用地
RPPNMLTKKINFFDV57CA,笆札筏段,277.76,非都市：山坡地保育區 ; 非都市編定：農牧用地
RPPNMLKLKINFFBV56CA,新港段八邊小段,154.00,非都市：風景區 ; 非都市編定：丙種建築用地
RPPNMLLLKINFFBV66CA,南八里段,113.11,非都市：鄉村區 ; 非都市編定：乙種建築用地
RPRNMLSKKINFFAV37CA,豐谷段,78.00,都市：住
RPPNMLTKKINFFAV27CA,台東段,132.00,都市：住
RPVNMLTKKINFFAV87CA,常德段,119.08,都市：住
RPQNMLRLKINFFDV67DA,南田段,3000.00,非都市：山坡地保育區 ; 非都市編定：林業用地
RPTNMLTKKINFFAV67CA,南王段,248.37,都市：住
RPRPMLKLKINFFAV86CA,永豐段,72.75,都市：住
RPSPMLKLKINFFAV96CA,台東段,75.00,都市：住
RPSNMLOLKINFFAV17CA,中心段,68.00,都市：商
RPTNMLKLKINFFAV86CA,利家段,4988.00,非都市：特定農業區 ; 非都市編定：農牧用地
RPUNMLTKKINFFAV77CA,豐年段,18.50,都市：住
RPQNMLRLKINFFAV27CA,台東段,76.50,都市：住
RPQNMLRLKINFFAV27CA,台東段,76.50,都市：住
RPOPMLKLKINFFAV56CA,豐年段,15.23,都市：住
RPOOMLSLKINFFAV27CA,豐年段,1713.97,都市：農
RPSOMLKLKINFFAV96DA,永清段,.44,都市：住
RPUOMLKLKINFFAV17DA,永清段,.50,都市：住
RPWNMLLLKINFFAV27CA,新生段,13.40,都市：住
RPTNMLLLKINFFAV07DA,中清段,54.14,都市：農
RPTNMLLLKINFFAV07DA,中清段,357.42,都市：農
RPTNMLLLKINFFAV07DA,中清段,686.60,都市：農
RPSNMLKLKINFFCV07DA,大埔段,51.10,都市：住
RPQNMLLLKINFFAV76DA,富岡段,126.47,非都市：鄉村區 ; 非都市編定：乙種建築用地
RPSNMLSLKINFFAV67DA,永清段,.62,都市：住
RPPNMLMLKINFFDV96CA,荒野段,1109.07,非都市：一般農業區 ; 非都市編定：農牧用地
RPPNMLMLKINFFAV76DA,常德段,127.10,都市：住
RPRNMLMLKINFFDV17CA,秀山段,10.39,都市：住
RPRNMLMLKINFFDV17CA,秀山段,.00,都市：住
RPQNMLPLKINFFBV17CA,長濱段,1039.00,非都市：鄉村區 ; 非都市編定：乙種建築用地
RPSNMLMLKINFFDV27CA,秀山段,7.72,都市：住
RPPNMLLLKINFFAV56CA,利家段,1000.00,非都市：特定農業區 ; 非都市編定：農牧用地
RPSNMLMJJHOFFAV76DA,下賓朗段,1175.30,非都市：特定農業區 ; 非都市編定：農牧用地
RPRNMLLLKINFFAV76CA,常德段,9.30,都市：住
RPRNMLLLKINFFAV76CA,常德段,9.30,都市：住
RPQNMLOLKINFFAV96CA,光明段,107.00,都市：住
RPTNMLOLKINFFAV37DA,建華段,3270.56,都市：農
RPPNMLOLKINFFDV27DA,金富段,258.11,非都市：鄉村區 ; 非都市編定：乙種建築用地
RPOOMLMLKINFFAV66CA,台東段,43.74,都市：住
RPQNMLOLKINFFBV07CA,田組段,551.68,非都市：風景區 ; 非都市編定：農牧用地
RPRNMLPLKINFFBV27CA,大霸來段,193.11,非都市：風景區 ; 非都市編定：農牧用地
RPSNMLKKJHOFFAV56CA,東海段,93.08,都市：住
RPSNMLKKJHOFFAV56CA,東海段,43.22,都市：住
RPPNMLLMKINFFAV66CA,東海段,73.13,都市：住
RPUNMLKKJHOFFAV76CA,常德段,15.19,都市：住
RPUNMLOLKINFFAV37CA,建康段,666.86,都市：農
RPPNMLNLKINFFAV76CA,台東段,285.00,都市：住
RPRNMLQLKINFFAV27CA,北南王段,108.00,都市：住
RPUNMLPLKINFFAV47CA,馬蘭段,21.35,都市：住
RPPNMLTLKINFFAV37CA,台東段,24.25,都市：住
RPTNMLRLKINFFAV57CA,自強段,126.00,都市：住
RPUNMLRLKINFFAV67CA,普優瑪段,133.00,都市：住
RPPNMLQLKINFFBV17CA,南八里段,2912.17,非都市：風景區 ; 非都市編定：農牧用地
RPPNMLPLKINFFBV07CA,北佳里段,1848.33,非都市：風景區 ; 非都市編定：農牧用地
RPPNMLKKJHOFFBV09DA,玉長段,2677.90,非都市：風景區 ; 非都市編定：農牧用地
RPPNMLRJJHOFFAV96DA,上岩灣段,113.73,都市：住
RPPNMLOJJHOFFBV66CA,高原段,4000.00,非都市：森林區 ; 非都市編定：農牧用地
RPVNMLSLKINFFAV87CA,建華段,358.04,都市：住
RPVNMLSLKINFFAV87CA,建華段,119.35,都市：住
RPVNMLPLKINFFAV57CA,利家段,2726.00,非都市：特定農業區 ; 非都市編定：農牧用地
RPWNMLPLKINFFAV67CA,利家段,2518.00,非都市：特定農業區 ; 非都市編定：農牧用地
RPTNMLPLKINFFAV37CA,豐年段,30.60,都市：住
RPTNMLPLKINFFAV37CA,豐年段,117.97,都市：住
RPPNMLOJJHOFFDV96DA,拉力段,9610.00,非都市：山坡地保育區 ; 非都市編定：農牧用地
RPSNMLPLKINFFAV27CA,豐康段,79.91,都市：住
RPSNMLQLKINFFAV37CA,台東段,56.13,都市：住
RPQNMLPLKINFFAV07CA,南榮段,136.13,都市：住
RPQNMLPLKINFFAV07CA,南榮段,4.00,都市：其他
RPQNMLMJJHOFFAV09CA,泰安段,3749.97,非都市：一般農業區 ; 非都市編定：農牧用地
RPQNMLRJJHOFFAV96CA,公西段,526.51,都市：住
RPPNMLKMKINFFDV86CA,金富段,83.54,非都市：鄉村區 ; 非都市編定：乙種建築用地
RPWNMLSLKINFFAV08DA,豐年段,115.89,都市：住
RPWNMLSLKINFFAV08DA,豐年段,116.29,都市：住
RPWNMLTKJHOFFAV87CA,新生段,15.13,都市：住
RPQNMLQLKINFFAV17CA,豐年段,20.92,都市：住
RPQNMLQLKINFFAV17CA,豐年段,61.75,都市：住
RPXNMLSLKINFFAV18DA,建國段,29.00,都市：住
RPPNMLSLKINFFCV57DA,南山段,6.26,都市：其他
RPPNMLSLKINFFCV57DA,南山段,139.76,都市：住
RPRNMLMJJHOFFAV56CA,豐樂段,122.00,都市：其他
RPPNMLMLJHOFFBV66CA,黃金橋段,342.84,非都市：鄉村區 ; 非都市編定：乙種建築用地
RPTNMLMJJHOFFAV86DA,台東段,20.00,都市：住
RPTNMLMJJHOFFAV86DA,台東段,89.00,都市：住
RPSNMLOJJHOFFAV86CA,馬蘭段,99.00,都市：住
RPQNMLLMKINFFAV76CA,泰安段,2992.07,非都市：山坡地保育區 ; 非都市編定：農牧用地
RPVNMLKKJHOFFAV86CA,豐年段,18.50,都市：住
RPTNMLKKJHOFFAV66CA,下南寮段,114.08,都市：其他
RPTNMLKKJHOFFAV66CA,下南寮段,51.72,都市：其他
RPQNMLNJJHOFFAV56CA,豐年段,30.60,都市：住
RPQNMLNJJHOFFAV56CA,豐年段,134.88,都市：住
RPUNMLOJJHOFFAV07CA,豐樂段,772.00,都市：工
RPPNMLOJJHOFFAV56CA,中心段,39.47,都市：住
RPQNMLPLJHOFFDV37DA,台拉段,4956.60,非都市：山坡地保育區 ; 非都市編定：農牧用地
RPQNMLOLKINFFCV17CA,中福段,383.45,都市：農
RPQNMLOJJHOFFBV76CA,小馬東段,743.56,非都市：風景區 ; 非都市編定：農牧用地
RPQNMLOJJHOFFBV76CA,小馬東段,743.56,非都市：風景區 ; 非都市編定：農牧用地
RPRNMLOKJHOFFAV86CA,中心段,92.00,都市：住
RPPNMLOKJHOFFAV66CA,南王段,90.95,都市：住
RPTNMLSLKINFFAV67CA,建康段,220.06,非都市：特定農業區 ; 非都市編定：農牧用地
RPRNMLRJJHOFFCV27CA,里段,42.32,都市：商
RPRNMLSJJHOFFAV17CA,知本段,67.50,非都市：特定農業區 ; 非都市編定：甲種建築用地
RPRNMLTJJHOFFAV27CA,豐富段,91.89,都市：住
RPRNMLTJJHOFFAV27CA,豐富段,62.43,都市：住
RPRNMLTJJHOFFAV27CA,豐富段,.07,都市：住
RPPNMLTJJHOFFAV07CA,南王段,366.93,都市：住
RPVNMLSJJHOFFAV57CA,台東段,131.00,都市：住
RPSNMLLKJHOFFAV66CA,岩灣段,23.20,都市：住
RPWNMLSJJHOFFAV67CA,台東段,38.00,都市：住
RPWNMLSJJHOFFAV67CA,台東段,17.00,都市：住
RPPNMLLJJHOFFAV88CA,豐年段,30.60,都市：住
RPPNMLLJJHOFFAV88CA,豐年段,123.40,都市：住
RPQNMLSJJHOFFAV07CA,下賓朗段,182.98,非都市：鄉村區 ; 非都市編定：乙種建築用地
RPXNMLLJKHOFFAV17CA,自強段,60.00,都市：住
RPQNMLKKJHOFFAV98CA,台東段,7.92,都市：住
RPSNMLSJJHOFFAV27CA,台東段,75.00,都市：住
RPPNMLSJJHOFFBV07CA,仙民段,2871.19,非都市：風景區 ; 非都市編定：農牧用地
RPPNMLSJJHOFFBV07CA,仙民段,2488.00,非都市：風景區 ; 非都市編定：農牧用地
RPPNMLSJJHOFFBV07CA,仙民段,3169.82,非都市：風景區 ; 非都市編定：農牧用地
RPSNMLOKJHOFFAV96CA,豐年段,120.56,都市：住
RPTNMLSJJHOFFAV37CA,東海段,39.38,都市：住
RPTNMLSJJHOFFAV37CA,東海段,39.38,都市：住
RPQNMLKKJHOFFCV56CA,新福段,3779.88,非都市：一般農業區 ; 非都市編定：農牧用地
RPQNMLKKJHOFFCV56CA,新福段,299.39,非都市：一般農業區 ; 非都市編定：水利用地
RPQNMLSKJHOFFBV37DA,和平北段,260.91,非都市：風景區 ; 非都市編定：農牧用地
RPPNMLSJJHOFFCV17CA,大池段,4017.29,非都市：特定農業區 ; 非都市編定：農牧用地
RPQNMLLKJHOFFCV66CA,水井段,2600.00,非都市：特定農業區 ; 非都市編定：農牧用地
RPPNMLTJJHOFFCV37DA,德高段,400.11,非都市：鄉村區 ; 非都市編定：乙種建築用地
RPPNMLMLJHOFFCV76CA,龍安段,2518.06,非都市：一般農業區 ; 非都市編定：農牧用地
RPPNMLLKJHOFFCV56CA,水井段,1801.34,非都市：特定農業區 ; 非都市編定：農牧用地
RPRNMLLKJHOFFCV76CA,水井段,2045.77,非都市：特定農業區 ; 非都市編定：農牧用地
RPQNMLTJJHOFFAV17CA,下賓朗段,605.09,非都市：一般農業區 ; 非都市編定：農牧用地
RPXNMLKKJHOFFAV07CA,東谷段,123.34,都市：住
RPPNMLSJJHOFFAV96CA,利家段,2754.00,非都市：特定農業區 ; 非都市編定：農牧用地
RPQNMLOKJHOFFBV86CA,仙民段,2579.64,非都市：風景區 ; 非都市編定：農牧用地
RPRNMLKKJHOFFAV09CA,中清段,150.17,都市：住
RPSNMLTJJHOFFAV37CA,豐年段,5.00,都市：住
RPXNMLSJJHOFFAV77CA,自強段,102.99,都市：住
RPQNMLTJJHOFFCV47DA,廣原段,3855.00,非都市：山坡地保育區 ; 非都市編定：農牧用地
RPQNMLTJJHOFFCV47DA,廣原段,11565.00,非都市：山坡地保育區 ; 非都市編定：農牧用地
RPSOMLLJKHOFFAV76CA,台東段,97.00,都市：住
RPQNMLLKJHOFFAV09CA,台東段,200.00,都市：住
RPUNMLOKJHOFFAV17CA,利家段,2816.00,非都市：特定農業區 ; 非都市編定：農牧用地
RPQNMLLKJHOFFDV76CA,秀山段,8.08,都市：住
RPQNMLLKJHOFFDV76CA,秀山段,.00,都市：住
RPPNMLKKJHOFFCV56DA,慶豐段,739.72,非都市：特定農業區 ; 非都市編定：甲種建築用地
RPOOMLOKJHOFFAV66CA,中山段,20.00,都市：其他
RPOOMLOKJHOFFAV66CA,中山段,112.00,都市：其他
RPOOMLOKJHOFFAV66CA,中山段,16.00,都市：其他
RPTNMLLKJHOFFAV86DA,下南寮段,77.07,都市：其他
RPPNMLKLJHOFFAV98CA,梧州段,376.38,都市：其他
RPPNMLKLJHOFFAV98CA,梧州段,539.24,都市：其他
RPPNMLKLJHOFFAV98CA,梧州段,1535.16,都市：其他
RPPNMLKLJHOFFAV98CA,梧州段,187.79,都市：其他
RPPNMLLKJHOFFDV66CA,樂山段,271.79,非都市：山坡地保育區 ; 非都市編定：農牧用地
RPWNMLTLJHOFFAV97CA,石川段,3781.80,非都市：風景區 ; 非都市編定：農牧用地
RPRNMLLKJHOFFAV56CA,豐成段,3180.03,非都市：特定農業區 ; 非都市編定：農牧用地
RPUNMLLKJHOFFAV86CA,公東段,561.65,都市：農
RPPNMLPKJHOFFAV86DA,豐利段,103.52,都市：住
RPWNMLOKJHOFFAV37CA,永清段,110.78,都市：住
RPXNMLOKJHOFFAV47CA,下南寮段,138.80,都市：農
RPXNMLOKJHOFFAV47CA,下南寮段,138.80,都市：農
RPXNMLOKJHOFFAV47CA,下南寮段,32.83,都市：農
RPXNMLOKJHOFFAV47CA,下南寮段,32.83,都市：農
RPQNMLPKJHOFFAV86CA,台東段,37.00,都市：住
RPQPMLLJKHOFFAV66CA,台東段,43.74,都市：住
RPQNMLOKJHOFFAV76CA,自強段,136.39,都市：住
RPPNMLOKJHOFFDV96CA,復興段,45.13,都市：住
RPPNMLOKJHOFFDV96CA,復興段,76.41,都市：住
RPTOMLLJKHOFFAV86CA,上岩灣段,676.07,都市：住
RPTOMLLJKHOFFAV86CA,上岩灣段,168.56,都市：住
RPWNMLQKJHOFFAV57CA,上岩灣段,17.63,都市：其他
RPWNMLQKJHOFFAV57CA,上岩灣段,.91,都市：住
RPWNMLQKJHOFFAV57CA,上岩灣段,5.66,都市：其他
RPWNMLQKJHOFFAV57CA,上岩灣段,39.70,都市：其他
RPWNMLQKJHOFFAV57CA,上岩灣段,4.51,都市：住
RPWNMLQKJHOFFAV57CA,上岩灣段,4.90,都市：其他
RPWNMLQKJHOFFAV57CA,上岩灣段,.01,都市：住
RPWNMLQKJHOFFAV57CA,上岩灣段,8.93,都市：其他
RPWNMLQKJHOFFAV57CA,上岩灣段,7.14,都市：住
RPWNMLQKJHOFFAV57CA,上岩灣段,9.87,都市：其他
RPWNMLQKJHOFFAV57CA,上岩灣段,5.08,都市：住
RPWNMLQKJHOFFAV57CA,上岩灣段,30.42,都市：其他
RPWNMLQKJHOFFAV57CA,上岩灣段,1.65,都市：其他
RPWNMLQKJHOFFAV57CA,上岩灣段,6.71,都市：住
RPWNMLQKJHOFFAV57CA,上岩灣段,21.62,都市：其他
RPWNMLQKJHOFFAV57CA,上岩灣段,.69,都市：其他
RPWNMLQKJHOFFAV57CA,上岩灣段,1.19,都市：住
RPWNMLQKJHOFFAV57CA,上岩灣段,14.67,都市：其他
RPWNMLQKJHOFFAV57CA,上岩灣段,3.98,都市：住
RPPNMLPLJHOFFAV86CA,常德段,107.31,都市：商
RPPNMLPLJHOFFAV86CA,常德段,3.44,都市：商
RPRNMLOLJHOFFDV27CA,秀山段,11.54,都市：住
RPRNMLOLJHOFFDV27CA,秀山段,.00,都市：住
RPQNMLTLJHOFFDV77DA,愛國段,10177.50,非都市：山坡地保育區 ; 非都市編定：林業用地
RPVNMLRKJHOFFAV57CA,台東段,72.00,都市：住
RPRNMLSKJHOFFBV37CA,大俱來段,3000.00,非都市：風景區 ; 非都市編定：農牧用地
RPPNMLRKJHOFFCV27DA,鸞山段,14116.00,非都市：山坡地保育區 ; 非都市編定：農牧用地
RPPNMLLKJHOFFBV09CA,萬年段,98.00,非都市：鄉村區 ; 非都市編定：乙種建築用地
RPPNMLLLJHOFFAV56DA,下賓朗段,3611.40,非都市：特定農業區 ; 非都市編定：水利用地
RPRNMLLLJHOFFCV86CA,和平段,12462.04,非都市：一般農業區 ; 非都市編定：農牧用地
RPPNMLQKJHOFFCV17DA,大同段,400.78,都市：農
RPPNMLQKJHOFFCV17DA,大同段,2294.07,都市：農
RPXNMLQKJHOFFAV67CA,新生段,51.50,都市：住
RPXNMLQKJHOFFAV67CA,新生段,51.50,都市：住
RPOOMLLKKHOFFAV09CA,台東段,16.72,都市：住
RPWNMLRKJHOFFAV67CA,龍過脈段,135.74,非都市：特定農業區 ; 非都市編定：甲種建築用地
RPRNMLSKJHOFFAV27CA,建華段,43.88,都市：住
RPPNMLRKJHOFFAV96CA,豐年段,6.50,都市：住
RPXOMLLJKHOFFAV27CA,福德段,3416.50,非都市：山坡地保育區 ; 非都市編定：農牧用地
RPSNMLRKJHOFFAV27CA,馬蘭段,34.29,都市：住
RPUNMLRKJHOFFAV47CA,龍過脈段,3174.96,非都市：山坡地保育區 ; 非都市編定：農牧用地
RPUNMLTKJHOFFAV67CA,利吉段,929.14,非都市：山坡地保育區 ; 非都市編定：農牧用地
RPRNMLTKJHOFFAV37CA,岩灣段,137.51,都市：住
RPQNMLSKJHOFFAV17CA,利家段,2568.00,非都市：特定農業區 ; 非都市編定：農牧用地
RPOOMLRKJHOFFAV96CA,興安段,153.94,都市：住
RPRNMLNLJHOFFAV86CA,梧州段,1691.87,都市：住
RPRNMLNLJHOFFAV86CA,梧州段,1631.48,都市：住
RPPNMLLJKHOFFAV09DA,永清段,1.19,都市：住
RPSNMLSKJHOFFAV37CA,台東段,13.00,都市：商
RPRNMLRKJHOFFAV17CA,豐康段,125.35,都市：住
RPPNMLTKJHOFFAV27DA,台東段,89.00,都市：住
RPPNMLNLJHOFFAV66CA,台東段,78.00,都市：住
RPQNMLRKJHOFFAV07CA,台東段,130.00,都市：商
RPQNMLRKJHOFFAV07CA,台東段,11.00,都市：商
RPQNMLOLJHOFFDV17CA,達人段,240.59,非都市：山坡地保育區 ; 非都市編定：農牧用地
RPVNMLQKJHOFFAV47CA,台東段,3.29,都市：住
RPPNMLTKJHOFFCV47DA,大埔段,171.36,都市：住
RPPNMLLLJHOFFCV76DA,慶豐段,93.76,非都市：特定農業區 ; 非都市編定：農牧用地
RPPNMLLLJHOFFCV76DA,慶豐段,62.29,非都市：特定農業區 ; 非都市編定：水利用地
RPPNMLLLJHOFFCV76DA,慶豐段,673.02,非都市：特定農業區 ; 非都市編定：農牧用地
RPPNMLLLJHOFFCV76DA,慶豐段,378.49,非都市：特定農業區 ; 非都市編定：農牧用地
RPPNMLLLJHOFFCV76DA,慶豐段,38.30,非都市：特定農業區 ; 非都市編定：水利用地
RPPNMLLLJHOFFCV76DA,慶豐段,102.78,非都市：特定農業區 ; 非都市編定：農牧用地
RPRNMLLLJHOFFAV66CA,建成段,90.84,都市：住
RPSNMLSLJHOFFBV57CA,萬年段,9.00,非都市：鄉村區 ; 非都市編定：乙種建築用地
RPSNMLSLJHOFFBV57CA,萬年段,41.00,非都市：鄉村區 ; 非都市編定：乙種建築用地
RPVNMLTKJHOFFAV77CA,豐年段,111.00,都市：住
RPSNMLLLJHOFFCV96CA,東明段,4098.42,非都市：特定農業區 ; 非都市編定：農牧用地
RPSNMLLLJHOFFCV96CA,東明段,4213.28,非都市：特定農業區 ; 非都市編定：農牧用地
RPSNMLLLJHOFFCV96CA,東明段,1111.52,非都市：特定農業區 ; 非都市編定：農牧用地
RPPNMLLLJHOFFDV86DA,尚武段,98.50,都市：住
RPTNMLTKJHOFFAV57CA,豐年段,111.00,都市：住
RPTNMLPLJHOFFAV27CA,公東段,51.96,都市：其他
RPTNMLPLJHOFFAV27CA,公東段,54.71,都市：住
RPTNMLPLJHOFFAV27CA,公東段,53.19,都市：其他
RPTNMLPLJHOFFAV27CA,公東段,2.33,都市：住
RPTNMLPLJHOFFAV27CA,公東段,232.90,都市：住
RPTNMLPLJHOFFAV27CA,公東段,22.42,都市：其他
RPTNMLPLJHOFFAV27CA,公東段,110.87,都市：住
RPTNMLPLJHOFFAV27CA,公東段,.05,都市：其他
RPTNMLPLJHOFFAV27CA,公東段,20.98,都市：其他
RPTNMLPLJHOFFAV27CA,公東段,63.05,都市：住
RPTNMLPLJHOFFAV27CA,公東段,67.11,都市：住
RPPNMLTKJHOFFDV47CA,秀山段,8.08,都市：其他
RPPNMLTKJHOFFDV47CA,秀山段,.00,都市：其他
RPRNMLMLJHOFFCV96CA,里段,30.09,都市：住
RPRNMLMLJHOFFCV96CA,里段,120.07,都市：住
RPPNMLSLJHOFFDV57DA,秀山段,.00,都市：其他
RPPNMLSLJHOFFDV57DA,秀山段,10.39,都市：其他
RPVNMLMLJHOFFAV17CA,台東段,74.00,都市：住
RPQNMLTKJHOFFAV27CA,東農段,36.46,非都市：特定農業區 ; 非都市編定：甲種建築用地
RPSNMLTKJHOFFAV47CA,建華段,995.61,都市：住
RPSNMLTKJHOFFAV47CA,建華段,20.63,都市：其他
RPPNMLMLJHOFFDV86CA,秀山段,6.53,都市：其他
RPUPMLLJKHOFFAV07CA,東海段,22.69,都市：住
RPUPMLLJKHOFFAV07CA,東海段,1.46,都市：住
RPQNMLLLJHOFFCV86DA,福原段,35.17,都市：商
RPUNMLLLJHOFFAV96CA,康樂段,835.00,非都市：特定農業區 ; 非都市編定：農牧用地
RPUNMLLLJHOFFAV96CA,康樂段,231.00,非都市：特定農業區 ; 非都市編定：農牧用地
RPPNMLSLJHOFFCV37CA,鹿野段,670.00,非都市：特定農業區 ; 非都市編定：農牧用地
RPVNMLLLJHOFFAV07CA,豐年段,117.00,都市：住
RPPNMLSLJHOFFCV37CA,鹿野段,800.00,非都市：特定農業區 ; 非都市編定：農牧用地
RPPNMLSLJHOFFCV37CA,鹿野段,1000.00,非都市：特定農業區 ; 非都市編定：農牧用地
RPPNMLSLJHOFFCV37CA,鹿野段,1245.00,非都市：特定農業區 ; 非都市編定：農牧用地
RPPNMLSLJHOFFCV37CA,鹿野段,1127.00,非都市：特定農業區 ; 非都市編定：農牧用地
RPPNMLSLJHOFFCV37CA,鹿野段,1150.00,非都市：特定農業區 ; 非都市編定：農牧用地
RPSNMLLLJHOFFAV76CA,建成段,88.18,都市：住
RPTNMLLLJHOFFAV86CA,建成段,88.21,都市：住
RPVNMLOLJHOFFAV37CA,南清段,118.08,都市：住
RPPNMLLLJHOFFBV56CA,忠仁段,59.05,都市：住
RPUNMLTKKHOFFAV87DA,初鹿段,4213.00,非都市：特定農業區 ; 非都市編定：農牧用地
RPPNMLOLJHOFFAV76CA,建興段,5.66,都市：住
RPQNMLOLJHOFFAV86CA,建興段,30.38,都市：住
RPRNMLOLJHOFFAV96CA,建興段,4.15,都市：住
RPRNMLOLJHOFFAV96CA,建興段,2.25,都市：住
RPPNMLMLJHOFFAV56CA,豐利段,118.10,都市：住
RPQOMLMLJHOFFAV76CA,中心段,124.00,都市：住
RPTNMLNLJHOFFAV07CA,台東段,66.00,都市：住
RPPNMLSLJHOFFBV27CA,萬年段,2952.00,非都市：風景區 ; 非都市編定：農牧用地
RPSNMLMLJHOFFAV86CA,南王段,106.21,都市：住
RPWNMLMLJHOFFAV27CA,豐年段,127.00,都市：住
RPXNMLMLJHOFFAV37CA,豐年段,111.00,都市：住
RPQNMLMLJHOFFCV86CA,錦富段,1060.63,非都市：特定農業區 ; 非都市編定：農牧用地
RPQNMLMLJHOFFCV86CA,錦富段,1060.63,非都市：特定農業區 ; 非都市編定：農牧用地
RPQNMLMLJHOFFCV86CA,錦富段,1025.56,非都市：特定農業區 ; 非都市編定：農牧用地
RPQNMLMLJHOFFCV86CA,錦富段,1025.56,非都市：特定農業區 ; 非都市編定：農牧用地
RPVPMLLJKHOFFAV17CA,馬蘭段,45.08,都市：住
RPPNMLOLJHOFFCV07DA,大池段,4530.84,非都市：特定農業區 ; 非都市編定：農牧用地
RPQNMLPLJHOFFAV07DA,泰安段,73.37,非都市：一般農業區 ; 非都市編定：甲種建築用地
RPOOMLMLJHOFFAV56CA,岩灣段,134.39,都市：住
RPSNMLNLJHOFFAV96CA,德安段,22.88,都市：住
RPSNMLNLJHOFFAV96CA,德安段,.16,都市：其他
RPSNMLNLJHOFFAV96CA,德安段,2.11,都市：其他
RPSNMLNLJHOFFAV96CA,德安段,.04,都市：其他
RPQNMLOLJHOFFCV17DA,大池段,6255.46,非都市：特定農業區 ; 非都市編定：農牧用地
RPSNMLOLJHOFFAV07CA,泰安段,500.21,非都市：鄉村區 ; 非都市編定：乙種建築用地
RPSNMLOLJHOFFAV07CA,泰安段,449.14,非都市：鄉村區 ; 非都市編定：乙種建築用地
RPTNMLOLJHOFFAV17CA,常德段,3.84,都市：商
RPPNMLNLJHOFFBV76CA,忠勇段,78.56,都市：住
RPWOMLLJKHOFFAV17CA,建業段,168.00,都市：住
RPSNMLPLJHOFFAV17CA,泰安段,63.24,非都市：一般農業區 ; 非都市編定：甲種建築用地
RPXNMLPLJHOFFAV67CA,台東段,163.00,都市：住
RPUNMLOLJHOFFAV27CA,永和段,83.65,都市：住
RPSNMLKMJHOFFAV76CA,台東段,430.00,都市：住
RPVOMLLJKHOFFAV07CA,建業段,148.00,都市：住
RPWNMLPLJHOFFAV57CA,台東段,162.00,都市：住
RPSNMLTKKHOFFAV57CA,南清段,25.92,都市：住
RPSNMLTKKHOFFAV57CA,南清段,82.72,都市：住
RPPNMLTLJHOFFCV47CA,電光段,3347.08,非都市：特定農業區 ; 非都市編定：農牧用地
RPOOMLPLJHOFFAV86CA,台東段,6.46,都市：住
RPPNMLLMJHOFFAV56CA,建樂段,13.57,都市：住
RPPNMLSLJHOFFAV17CA,大業段,284.48,都市：住
RPQNMLTLJHOFFCV57CA,電光段,3418.96,非都市：特定農業區 ; 非都市編定：農牧用地
RPVNMLPLJHOFFAV47CA,豐年段,111.00,都市：住
RPUNMLTLJHOFFAV77CA,青林段,125.23,都市：住
RPTNMLTLJHOFFAV67CA,台東段,73.00,都市：住
RPPNMLTLJHOFFAV27CA,岩灣段,297.68,都市：住
RPQNMLTLJHOFFAV37CA,常德段,179.36,都市：商
RPSNMLLJKHOFFAV66CA,建成段,467.93,都市：住
RPQNMLSLJHOFFAV27CA,上岩灣段,81.96,都市：住
RPQNMLKLKHOFFCV76CA,大原段,3138.00,非都市：特定農業區 ; 非都市編定：農牧用地
RPQNMLLKKHOFFCV76CA,鹿寮段,141.73,非都市：鄉村區 ; 非都市編定：乙種建築用地
RPQNMLLKKHOFFCV76CA,鹿寮段,139.15,非都市：鄉村區 ; 非都市編定：乙種建築用地
RPQNMLLKKHOFFCV76CA,鹿寮段,122.75,非都市：鄉村區 ; 非都市編定：乙種建築用地
RPQNMLLKKHOFFCV76CA,鹿寮段,12.05,非都市：鄉村區 ; 非都市編定：乙種建築用地
RPRNMLSLJHOFFBV47CA,加走灣段,3549.26,非都市：風景區 ; 非都市編定：農牧用地
RPQNMLTKKHOFFBV47CA,萬年段,89.00,非都市：鄉村區 ; 非都市編定：乙種建築用地
RPSNMLTLJHOFFAV57CA,建業段,108.00,都市：住
RPRNMLLKKHOFFDV96CA,北橋段,83.25,都市：住
RPWNMLLJKHOFFAV07CA,東海段,26.98,都市：住
RPPPMLLJKHOFFAV56CA,豐里段,3382.23,非都市：特定農業區 ; 非都市編定：農牧用地
RPPNMLKLKHOFFCV66CA,南山段,320.83,都市：住
RPRNMLLJKHOFFAV66DA,路頂段,48.00,非都市：特定農業區 ; 非都市編定：農牧用地
RPQNMLSLJHOFFBV37CA,加走灣段,3638.35,非都市：風景區 ; 非都市編定：農牧用地
RPTNMLRLKHOFFAV57CA,永豐段,5432.29,都市：農
RPPNMLLMJHOFFCV86DA,龍田段,1453.20,都市：住
RPUNMLLJKHOFFAV86CA,東農段,1886.65,非都市：特定農業區 ; 非都市編定：農牧用地
RPTNMLLJKHOFFAV76CA,豐富段,88.74,都市：住
RPUOMLLJKHOFFAV96CA,豐年段,92.96,都市：住
RPUOMLLJKHOFFAV96CA,豐年段,20.56,都市：住
RPPNMLLKKHOFFDV76CA,秀山段,.61,都市：商
RPPNMLLKKHOFFDV76CA,秀山段,8.04,都市：商
SPQNMLLMJHOFFAV76CA,建樂段,8.95,都市：住
SPQNMLLMJHOFFAV76CA,建樂段,1.03,都市：住
RPQNMLLMJHOFFAV66CA,建樂段,8.95,都市：住
RPQNMLLMJHOFFAV66CA,建樂段,1.03,都市：住
RPOOMLRLKHOFFAV17CA,利家段,1550.00,非都市：特定農業區 ; 非都市編定：農牧用地
RPOOMLRLKHOFFAV17CA,利家段,1550.00,非都市：特定農業區 ; 非都市編定：農牧用地
TPQNMLLMJHOFFAV86CA,建樂段,8.95,都市：住
TPQNMLLMJHOFFAV86CA,建樂段,1.03,都市：住
RPRNMLLMJHOFFAV76CA,建和段,15.79,都市：其他
RPRNMLLMJHOFFAV76CA,建和段,62.17,都市：住
RPPOMLLJKHOFFAV09CA,豐年段,61.34,都市：住
RPPOMLLJKHOFFAV09CA,豐年段,22.92,都市：住
RPVNMLRLKHOFFAV77CA,利家段,3100.00,非都市：特定農業區 ; 非都市編定：農牧用地
RPRNMLTLJHOFFAV47CA,石川段,2500.87,非都市：風景區 ; 非都市編定：農牧用地
RPPNMLKMJHOFFCV66CA,中華段,101.84,都市：其他
RPPNMLKMJHOFFCV66CA,中華段,739.56,都市：住
RPPNMLKMJHOFFCV66CA,中華段,84.36,都市：其他
RPTNMLKMJHOFFAV86CA,大業段,106.36,都市：住
RPUNMLKMJHOFFAV96CA,大業段,100.53,都市：住
RPPNMLLMJHOFFBV76DA,三民段,88.13,都市：住
RPPNMLLMJHOFFBV76DA,三民段,.73,都市：住
RPPNMLLMJHOFFBV76DA,三民段,.74,都市：住
RPPNMLLMJHOFFBV76DA,三民段,18.04,都市：其他
RPRNMLKMJHOFFCV86CA,南山段,113.70,都市：住
RPQNMLKMJHOFFCV76CA,海端段,295.00,非都市：鄉村區 ; 非都市編定：乙種建築用地
RPQNMLLMJHOFFBV86DA,三民段,128.76,都市：住
RPRPMLLJKHOFFAV76CA,常德段,3.84,都市：商
RPRNMLLKKHOFFAV66CA,自強段,73.00,都市：住
RPSNMLSKKHOFFAV47CA,常德段,12.72,都市：住
RPRNMLLMJHOFFCV07DA,慶福段,91.35,都市：商
RPTNMLTKKHOFFAV67CA,永和段,219.37,都市：其他
RPTNMLTKKHOFFAV67CA,永和段,835.21,都市：其他
RPVNMLLJKHOFFAV96CA,豐成段,91.02,非都市：特定農業區 ; 非都市編定：農牧用地
RPVNMLLJKHOFFAV96CA,豐成段,123.03,非都市：特定農業區 ; 非都市編定：農牧用地
RPPNMLSKKHOFFAV17CA,台東段,94.00,都市：住
RPPNMLLJKHOFFBV09CA,沙泥灣段,2061.90,非都市：風景區 ; 非都市編定：農牧用地
RPRNMLLMJHOFFDV07CA,蘭里段,5626.00,非都市：特定農業區 ; 非都市編定：農牧用地
RPROMLLJKHOFFAV66CA,台東段,119.00,都市：住
RPPNMLMLKHOFFAV66CA,台東段,761.00,都市：其他
RPSNMLLMJHOFFAV86CA,台東段,76.00,都市：住
RPTPMLLJKHOFFAV96CA,常德段,3.84,都市：商
RPRNMLSKKHOFFAV37CA,利家段,16.55,非都市：鄉村區 ; 非都市編定：乙種建築用地
RPQNMLQLKHOFFAV17CA,下南寮段,183.81,都市：其他
RPQNMLLMJHOFFDV96CA,秀山段,6.53,都市：商
RPPNMLOKKHOFFDV17DA,多良段,4210.00,非都市：山坡地保育區 ; 非都市編定：農牧用地
RPQNMLMKKHOFFAV66CA,台東段,20.62,都市：住
RPQNMLLJKHOFFAV09CA,常德段,204.11,都市：住
RPXNMLLKKHOFFAV27CA,馬蘭段,103.00,都市：商
RPWNMLLKKHOFFAV17CA,自強段,122.90,都市：住
RPQNMLLKKHOFFAV66DA,下賓朗段,7.41,非都市：鄉村區 ; 非都市編定：乙種建築用地
RPPNMLNKKHOFFAV66CA,永清段,135.81,都市：住
RPPNMLNKKHOFFAV66CA,永清段,.93,都市：其他
RPQNMLLJKHOFFDV76CA,秀山段,8.08,都市：商
RPQNMLLJKHOFFDV76CA,秀山段,.00,都市：商
RPQNMLSKKHOFFAV37DA,下賓朗段,58.64,非都市：一般農業區 ; 非都市編定：甲種建築用地
RPRNMLOKKHOFFAV96CA,馬蘭段,124.00,都市：住
