﻿編號,屋齡,建物移轉面積平方公尺,主要用途,主要建材,建築完成日期,總層數,建物分層
The serial number,room age,building shifting area square meter,the main use,main building materials,construction completes the date,total layer,building lamination
RPQNMLOKJINFFAV76CA,,211.18,見其他登記事項,鋼筋混凝土造,107年9月11日,三層,一層 二層 三層 見其他登記事項
RPPNMLNLJINFFCV86CA,33,125.96,住家用,加強磚造,74年8月10日,二層,一層 二層
RPRNMLNKJINFFAV76CA,23,192.19,住家用,鋼筋混凝土造,84年9月8日,三層,一層 二層 三層
RPPNMLNKJINFFAV66DA,32,121.27,住家用,加強磚造,75年11月8日,二層,一層 二層
RPVNMLNKJINFFAV17CA,44,83.46,住家用,見其他登記事項,64年3月12日,二層,一層 二層 騎樓
RPSNMLOKJINFFAV96CA,,110.81,住商用,見其他登記事項,,三層,一層 二層 三層
RPSNMLMKJINFFAV76CA,21,107.85,住家用,鋼筋混凝土造,86年6月23日,一層,一層
RPQNMLPKJINFFAV86CA,39,94.60,住家用,加強磚造,68年5月5日,二層,一層 二層 夾層
RPWNMLQKJINFFAV57CA,24,178.50,住家用,鋼筋混凝土造,83年9月9日,三層,一層 二層 三層
RPVNMLPKJINFFAV37CA,,195.91,住家用,鋼筋混凝土造,107年9月11日,三層,一層 二層 三層
RPTNMLNLJINFFAV07CA,25,54.84,見其他登記事項,鋼筋混凝土造,82年10月19日,七層,六層
RPTNMLNLJINFFAV07CA,25,14.75,見其他登記事項,鋼筋混凝土造,82年10月19日,七層,
RPTNMLNLJINFFAV07CA,25,5.90,見其他登記事項,鋼筋混凝土造,82年10月19日,七層,
RPRNMLPKJINFFAV96CA,22,29.35,見其他登記事項,鋼筋混凝土造,85年6月28日,九層,二層
RPRNMLPKJINFFAV96CA,22,3.56,見其他登記事項,鋼筋混凝土造,85年6月28日,九層,
RPRNMLPKJINFFAV96CA,22,5.76,見其他登記事項,鋼筋混凝土造,85年6月28日,九層,
RPRNMLNLJINFFAV86CA,19,178.48,見其他登記事項,鋼筋混凝土造,89年3月22日,三層,一層 二層 三層 騎樓
RPQNMLQKJINFFAV96CA,24,109.58,見其他登記事項,鋼筋混凝土造,84年2月17日,八層,四層
RPQNMLQKJINFFAV96CA,24,19.35,見其他登記事項,鋼筋混凝土造,84年2月17日,八層,
RPQNMLQKJINFFAV96CA,24,14.08,見其他登記事項,鋼筋混凝土造,84年2月17日,八層,
RPUNMLPKJINFFAV27CA,49,91.08,住家用,見其他登記事項,58年12月31日,二層,一層 二層
RPVNMLQKJINFFAV47CA,,197.62,住家用,鋼筋混凝土造,107年9月11日,三層,一層 二層 三層
RPSNMLNLJINFFAV96CA,19,179.25,見其他登記事項,鋼筋混凝土造,89年3月22日,三層,一層 二層 三層 騎樓
RPXNMLTKJINFFAV08DA,14,135.70,住家用,鋼筋混凝土造,93年6月10日,三層,一層 二層 三層
RPQNMLKLJINFFAV09CA,24,100.22,見其他登記事項,鋼筋混凝土造,84年2月17日,八層,三層
RPQNMLKLJINFFAV09CA,24,6.37,見其他登記事項,鋼筋混凝土造,84年2月17日,八層,
RPQNMLKLJINFFAV09CA,24,8.82,見其他登記事項,鋼筋混凝土造,84年2月17日,八層,
RPQNMLKLJINFFAV09CA,24,6.37,見其他登記事項,鋼筋混凝土造,84年2月17日,八層,
RPQNMLKLJINFFAV09CA,24,8.82,見其他登記事項,鋼筋混凝土造,84年2月17日,八層,
RPWNMLTKJINFFAV87CA,38,91.38,住家用,加強磚造,69年7月18日,二層,一層 二層
RPPNMLQKJINFFBV96CA,24,122.19,住家用,鋼筋混凝土造,84年1月25日,三層,一層 二層 三層
RPPNMLTKJINFFCV37CA,23,104.73,住家用,加強磚造,84年6月7日,二層,一層 二層 屋頂突出物
RPTNMLTKJINFFAV57CA,30,117.79,住家用,加強磚造,77年8月26日,二層,一層 二層
RPVNMLTKJINFFAV77CA,2,186.87,住家用,鋼筋混凝土造,105年11月30日,三層,一層 二層 三層
RPTNMLMLJINFFAV96CA,26,187.06,住家用,鋼筋混凝土造,81年4月29日,三層,一層 二層 三層
RPPNMLQLJINFFCV17CA,21,68.00,住家用,加強磚造,85年7月17日,二層,一層 二層 屋頂突出物
RPPNMLQLJINFFCV17CA,21,68.00,住家用,加強磚造,85年7月17日,二層,一層 二層 屋頂突出物
RPPNMLMLJINFFAV56CA,24,100.22,見其他登記事項,鋼筋混凝土造,83年12月17日,八層,八層
RPPNMLMLJINFFAV56CA,24,12.48,見其他登記事項,鋼筋混凝土造,83年12月17日,八層,
RPPNMLMLJINFFAV56CA,24,18.65,見其他登記事項,鋼筋混凝土造,83年12月17日,八層,
RPPNMLMLJINFFAV56CA,24,9.04,見其他登記事項,鋼筋混凝土造,83年12月17日,八層,
RPVNMLKLJINFFAV96CA,5,192.80,住家用,見其他登記事項,102年5月15日,三層,一層 二層 三層
RPWNMLLLJINFFAV17CA,24,61.21,見其他登記事項,鋼筋混凝土造,84年2月17日,八層,七層
RPWNMLLLJINFFAV17CA,24,11.38,見其他登記事項,鋼筋混凝土造,84年2月17日,八層,
RPWNMLLLJINFFAV17CA,24,4.11,見其他登記事項,鋼筋混凝土造,84年2月17日,八層,
RPWNMLLLJINFFAV17CA,24,12.74,見其他登記事項,鋼筋混凝土造,84年2月17日,八層,
RPUNMLNLJINFFAV17CA,24,180.77,住家用,鋼筋混凝土造,83年9月9日,三層,一層 二層 三層
RPXNMLLLJINFFAV27CA,,200.18,住家用,見其他登記事項,107年7月24日,三層,一層 二層 三層
RPUNMLLLJINFFAV96CA,45,73.31,住家用,見其他登記事項,62年9月15日,一層,一層
RPUNMLLLJINFFAV96CA,45,79.24,見其他登記事項,見其他登記事項,62年9月15日,二層,一層 二層
RPUNMLLLJINFFAV96CA,45,20.13,見其他登記事項,見其他登記事項,62年9月15日,一層,一層 騎樓
RPUNMLLLJINFFAV96CA,45,16.18,見其他登記事項,見其他登記事項,62年9月15日,一層,一層
RPUNMLLLJINFFAV96CA,45,725.98,工業用,見其他登記事項,62年9月15日,一層,一層
RPVOMLNLJINFFAV37CA,24,79.66,見其他登記事項,鋼筋混凝土造,84年1月25日,十層,八層
RPVOMLNLJINFFAV37CA,,2.14,見其他登記事項,鋼筋混凝土造,,十層,
RPVOMLNLJINFFAV37CA,24,9.44,見其他登記事項,鋼筋混凝土造,84年1月25日,十層,
RPVOMLNLJINFFAV37CA,24,11.52,見其他登記事項,鋼筋混凝土造,84年1月25日,十層,
RPVOMLNLJINFFAV37CA,24,2.26,見其他登記事項,鋼筋混凝土造,84年1月25日,十層,
RPQNMLQLJINFFAV07CA,,56.65,住家用,見其他登記事項,,一層,一層 騎樓
RPRNMLLLJINFFAV66CA,25,57.48,見其他登記事項,鋼筋混凝土造,83年4月19日,十四層,十二層
RPRNMLLLJINFFAV66CA,25,17.83,見其他登記事項,鋼筋混凝土造,83年4月19日,十四層,
RPTNMLLLJINFFAV86CA,24,86.00,見其他登記事項,鋼筋混凝土造,83年7月30日,七層,一層 二層 騎樓
RPTNMLLLJINFFAV86CA,24,86.00,見其他登記事項,鋼筋混凝土造,83年7月30日,七層,一層 二層 騎樓
RPTNMLLLJINFFAV86CA,24,.02,見其他登記事項,鋼筋混凝土造,83年7月30日,七層,
RPTNMLLLJINFFAV86CA,24,.02,見其他登記事項,鋼筋混凝土造,83年7月30日,七層,
RPTNMLLLJINFFAV86CA,24,.03,見其他登記事項,鋼筋混凝土造,83年7月30日,七層,
RPTNMLLLJINFFAV86CA,24,.03,見其他登記事項,鋼筋混凝土造,83年7月30日,七層,
RPVNMLMLJINFFAV17CA,38,92.22,住家用,加強磚造,69年11月28日,二層,一層 二層
RPPNMLRLJINFFDV37CA,20,140.65,住家用,鋼筋混凝土造,88年2月25日,三層,一層 二層 三層
RPPNMLQLJINFFAV96CA,22,190.55,住家用,鋼筋混凝土造,85年12月24日,四層,一層 二層 三層 四層
RPPNMLRLJINFFAV17DA,30,158.70,住家用,加強磚造,78年4月10日,二層,一層 二層
RPQNMLRLJINFFAV17CA,39,92.40,住家用,加強磚造,69年3月28日,二層,一層 二層
RPTNMLRLJINFFAV47CA,25,53.78,見其他登記事項,鋼筋混凝土造,82年10月19日,七層,六層
RPTNMLRLJINFFAV47CA,25,5.90,見其他登記事項,鋼筋混凝土造,82年10月19日,七層,
RPTNMLRLJINFFAV47CA,25,14.75,見其他登記事項,鋼筋混凝土造,82年10月19日,七層,
RPRNMLRLJINFFCV47CA,33,108.90,住家用,加強磚造,74年6月5日,二層,一層 二層
RPRNMLSLJINFFAV37CA,42,87.98,住家用,見其他登記事項,65年8月24日,二層,一層 二層
RPQNMLKMJINFFAV56CA,,207.30,見其他登記事項,見其他登記事項,107年7月24日,三層,一層 二層 三層 見其他登記事項
RPPNMLSKKINFFCV47DA,35,73.50,住家用,加強磚造,72年7月15日,一層,一層
RPPNMLKMJINFFAV09CA,23,154.02,住家用,鋼筋混凝土造,84年11月4日,三層,一層 二層 三層
RPQNMLSLJINFFAV27CA,24,21.58,商業用,鋼筋混凝土造,83年11月24日,九層,九層
RPQNMLSLJINFFAV27CA,24,1.60,見其他登記事項,鋼筋混凝土造,83年11月24日,九層,
RPQNMLSLJINFFAV27CA,24,38.43,商業用,鋼筋混凝土造,83年11月24日,九層,九層
RPQNMLSLJINFFAV27CA,24,7.30,見其他登記事項,鋼筋混凝土造,83年11月24日,九層,
RPQNMLSLJINFFAV27CA,24,25.25,商業用,鋼筋混凝土造,83年11月24日,九層,九層
RPQNMLSLJINFFAV27CA,24,2.62,見其他登記事項,鋼筋混凝土造,83年11月24日,九層,
RPQNMLSLJINFFAV27CA,24,26.02,商業用,鋼筋混凝土造,83年11月24日,九層,九層
RPQNMLSLJINFFAV27CA,24,3.48,見其他登記事項,鋼筋混凝土造,83年11月24日,九層,
RPQNMLSLJINFFAV27CA,24,25.25,商業用,鋼筋混凝土造,83年11月24日,九層,九層
RPQNMLSLJINFFAV27CA,24,1.05,見其他登記事項,鋼筋混凝土造,83年11月24日,九層,
RPQNMLSLJINFFAV27CA,24,23.53,商業用,鋼筋混凝土造,83年11月24日,九層,九層
RPQNMLSLJINFFAV27CA,24,4.80,見其他登記事項,鋼筋混凝土造,83年11月24日,九層,
RPQNMLSLJINFFAV27CA,24,222.42,商業用,鋼筋混凝土造,83年11月24日,九層,九層
RPQNMLSLJINFFAV27CA,24,1.72,見其他登記事項,鋼筋混凝土造,83年11月24日,九層,
RPQNMLSLJINFFAV27CA,24,25.10,商業用,鋼筋混凝土造,83年11月24日,九層,九層
RPQNMLSLJINFFAV27CA,24,2.29,見其他登記事項,鋼筋混凝土造,83年11月24日,九層,
RPQNMLSLJINFFAV27CA,24,21.58,商業用,鋼筋混凝土造,83年11月24日,九層,九層
RPQNMLSLJINFFAV27CA,24,1.08,見其他登記事項,鋼筋混凝土造,83年11月24日,九層,
RPQNMLSLJINFFAV27CA,24,20.48,商業用,鋼筋混凝土造,83年11月24日,九層,九層
RPQNMLSLJINFFAV27CA,24,4.94,見其他登記事項,鋼筋混凝土造,83年11月24日,九層,
RPQNMLSLJINFFAV27CA,24,20.48,商業用,鋼筋混凝土造,83年11月24日,九層,九層
RPQNMLSLJINFFAV27CA,24,1.77,見其他登記事項,鋼筋混凝土造,83年11月24日,九層,
RPQNMLSLJINFFAV27CA,24,20.48,商業用,鋼筋混凝土造,83年11月24日,九層,九層
RPQNMLSLJINFFAV27CA,24,2.36,見其他登記事項,鋼筋混凝土造,83年11月24日,九層,
RPQNMLSLJINFFAV27CA,24,16.30,商業用,鋼筋混凝土造,83年11月24日,九層,九層
RPQNMLSLJINFFAV27CA,24,1.05,見其他登記事項,鋼筋混凝土造,83年11月24日,九層,
RPQNMLSLJINFFAV27CA,24,23.28,商業用,鋼筋混凝土造,83年11月24日,九層,九層
RPQNMLSLJINFFAV27CA,24,4.80,見其他登記事項,鋼筋混凝土造,83年11月24日,九層,
RPQNMLSLJINFFAV27CA,24,23.28,商業用,鋼筋混凝土造,83年11月24日,九層,九層
RPQNMLSLJINFFAV27CA,24,1.72,見其他登記事項,鋼筋混凝土造,83年11月24日,九層,
RPQNMLSLJINFFAV27CA,24,14.52,商業用,鋼筋混凝土造,83年11月24日,九層,九層
RPQNMLSLJINFFAV27CA,24,2.29,見其他登記事項,鋼筋混凝土造,83年11月24日,九層,
RPQNMLSLJINFFAV27CA,24,11.62,商業用,鋼筋混凝土造,83年11月24日,九層,九層
RPQNMLSLJINFFAV27CA,24,.97,見其他登記事項,鋼筋混凝土造,83年11月24日,九層,
RPQNMLSLJINFFAV27CA,24,4.45,見其他登記事項,鋼筋混凝土造,83年11月24日,九層,
RPQNMLSLJINFFAV27CA,24,1.60,見其他登記事項,鋼筋混凝土造,83年11月24日,九層,
RPQNMLSLJINFFAV27CA,24,2.12,見其他登記事項,鋼筋混凝土造,83年11月24日,九層,
RPQNMLSLJINFFAV27CA,24,9.26,見其他登記事項,鋼筋混凝土造,83年11月24日,九層,
RPQNMLSLJINFFAV27CA,24,42.26,見其他登記事項,鋼筋混凝土造,83年11月24日,九層,
RPQNMLSLJINFFAV27CA,24,15.16,見其他登記事項,鋼筋混凝土造,83年11月24日,九層,
RPQNMLSLJINFFAV27CA,24,20.17,見其他登記事項,鋼筋混凝土造,83年11月24日,九層,
RPQNMLSLJINFFAV27CA,24,1.05,見其他登記事項,鋼筋混凝土造,83年11月24日,九層,
RPQNMLSLJINFFAV27CA,24,4.80,見其他登記事項,鋼筋混凝土造,83年11月24日,九層,
RPQNMLSLJINFFAV27CA,24,1.72,見其他登記事項,鋼筋混凝土造,83年11月24日,九層,
RPQNMLSLJINFFAV27CA,24,2.29,見其他登記事項,鋼筋混凝土造,83年11月24日,九層,
RPQNMLSLJINFFAV27CA,24,.90,見其他登記事項,鋼筋混凝土造,83年11月24日,九層,
RPQNMLSLJINFFAV27CA,24,4.10,見其他登記事項,鋼筋混凝土造,83年11月24日,九層,
RPQNMLSLJINFFAV27CA,24,1.47,見其他登記事項,鋼筋混凝土造,83年11月24日,九層,
RPQNMLSLJINFFAV27CA,24,1.96,見其他登記事項,鋼筋混凝土造,83年11月24日,九層,
RPQNMLSLJINFFAV27CA,24,.85,見其他登記事項,鋼筋混凝土造,83年11月24日,九層,
RPQNMLSLJINFFAV27CA,24,3.89,見其他登記事項,鋼筋混凝土造,83年11月24日,九層,
RPQNMLSLJINFFAV27CA,24,1.40,見其他登記事項,鋼筋混凝土造,83年11月24日,九層,
RPQNMLSLJINFFAV27CA,24,1.86,見其他登記事項,鋼筋混凝土造,83年11月24日,九層,
RPQNMLSLJINFFAV27CA,24,.85,見其他登記事項,鋼筋混凝土造,83年11月24日,九層,
RPQNMLSLJINFFAV27CA,24,3.89,見其他登記事項,鋼筋混凝土造,83年11月24日,九層,
RPQNMLSLJINFFAV27CA,24,1.40,見其他登記事項,鋼筋混凝土造,83年11月24日,九層,
RPQNMLSLJINFFAV27CA,24,1.86,見其他登記事項,鋼筋混凝土造,83年11月24日,九層,
RPQNMLSLJINFFAV27CA,24,.85,見其他登記事項,鋼筋混凝土造,83年11月24日,九層,
RPQNMLSLJINFFAV27CA,24,3.89,見其他登記事項,鋼筋混凝土造,83年11月24日,九層,
RPQNMLSLJINFFAV27CA,24,1.40,見其他登記事項,鋼筋混凝土造,83年11月24日,九層,
RPQNMLSLJINFFAV27CA,24,1.86,見其他登記事項,鋼筋混凝土造,83年11月24日,九層,
RPQNMLSLJINFFAV27CA,24,.69,見其他登記事項,鋼筋混凝土造,83年11月24日,九層,
RPQNMLSLJINFFAV27CA,24,3.13,見其他登記事項,鋼筋混凝土造,83年11月24日,九層,
RPQNMLSLJINFFAV27CA,24,1.12,見其他登記事項,鋼筋混凝土造,83年11月24日,九層,
RPQNMLSLJINFFAV27CA,24,1.49,見其他登記事項,鋼筋混凝土造,83年11月24日,九層,
RPQNMLSLJINFFAV27CA,24,.97,見其他登記事項,鋼筋混凝土造,83年11月24日,九層,
RPQNMLSLJINFFAV27CA,24,4.45,見其他登記事項,鋼筋混凝土造,83年11月24日,九層,
RPQNMLSLJINFFAV27CA,24,1.60,見其他登記事項,鋼筋混凝土造,83年11月24日,九層,
RPQNMLSLJINFFAV27CA,24,2.12,見其他登記事項,鋼筋混凝土造,83年11月24日,九層,
RPQNMLSLJINFFAV27CA,24,.97,見其他登記事項,鋼筋混凝土造,83年11月24日,九層,
RPQNMLSLJINFFAV27CA,24,4.45,見其他登記事項,鋼筋混凝土造,83年11月24日,九層,
RPQNMLSLJINFFAV27CA,24,2.12,見其他登記事項,鋼筋混凝土造,83年11月24日,九層,
RPQNMLSLJINFFAV27CA,24,1.60,見其他登記事項,鋼筋混凝土造,83年11月24日,九層,
RPQNMLSLJINFFAV27CA,24,.61,見其他登記事項,鋼筋混凝土造,83年11月24日,九層,
RPQNMLSLJINFFAV27CA,24,2.78,見其他登記事項,鋼筋混凝土造,83年11月24日,九層,
RPQNMLSLJINFFAV27CA,24,1.33,見其他登記事項,鋼筋混凝土造,83年11月24日,九層,
RPQNMLSLJINFFAV27CA,24,1.00,見其他登記事項,鋼筋混凝土造,83年11月24日,九層,
RPQNMLSLJINFFAV27CA,24,2.22,見其他登記事項,鋼筋混凝土造,83年11月24日,九層,
RPQNMLSLJINFFAV27CA,24,1.06,見其他登記事項,鋼筋混凝土造,83年11月24日,九層,
RPQNMLSLJINFFAV27CA,24,.49,見其他登記事項,鋼筋混凝土造,83年11月24日,九層,
RPQNMLSLJINFFAV27CA,24,.80,見其他登記事項,鋼筋混凝土造,83年11月24日,九層,
RPPNMLOLKINFFAV86CA,24,110.35,見其他登記事項,鋼筋混凝土造,84年2月17日,八層,一層
RPPNMLOLKINFFAV86CA,24,19.35,見其他登記事項,鋼筋混凝土造,84年2月17日,八層,
RPPNMLOLKINFFAV86CA,24,14.08,見其他登記事項,鋼筋混凝土造,84年2月17日,八層,
RPQNMLTLJINFFAV37CA,22,78.75,見其他登記事項,鋼筋混凝土造,85年6月21日,七層,四層
RPQNMLTLJINFFAV37CA,22,10.02,見其他登記事項,鋼筋混凝土造,85年6月21日,七層,
RPQNMLTLJINFFAV37CA,22,5.56,見其他登記事項,鋼筋混凝土造,85年6月21日,七層,
RPQNMLTLJINFFAV37CA,22,4.85,見其他登記事項,鋼筋混凝土造,85年6月21日,七層,
RPQOMLKMJINFFAV66CA,14,209.50,住家用,鋼筋混凝土造,93年12月17日,三層,一層 二層 三層
RPQNMLTLJINFFAV37CA,22,16.82,見其他登記事項,鋼筋混凝土造,85年6月21日,七層,
RPSNMLNJKINFFAV86CA,48,90.86,住家用,見其他登記事項,60年1月5日,一層,一層 騎樓
RPQNMLOKKINFFAV86CA,25,57.48,見其他登記事項,鋼筋混凝土造,83年4月19日,十四層,十層
RPQNMLOKKINFFAV86CA,25,17.83,見其他登記事項,鋼筋混凝土造,83年4月19日,十四層,
RPPNMLSLKINFFAV27CA,23,78.10,見其他登記事項,鋼筋混凝土造,84年6月1日,五層,二層
RPPNMLSLKINFFAV27CA,23,9.16,見其他登記事項,鋼筋混凝土造,84年6月1日,五層,
RPPNMLSLKINFFAV27CA,23,10.93,見其他登記事項,鋼筋混凝土造,84年6月1日,五層,
RPQNMLSLKINFFAV37CA,20,85.90,見其他登記事項,鋼筋混凝土造,87年12月16日,九層,七層
RPQNMLSLKINFFAV37CA,20,9.73,見其他登記事項,鋼筋混凝土造,87年12月16日,九層,
RPQNMLSLKINFFAV37CA,20,13.74,見其他登記事項,鋼筋混凝土造,87年12月16日,九層,
RPQNMLKKKINFFBV56CA,24,109.22,住家用,加強磚造,84年2月28日,二層,一層 二層 騎樓
RPOOMLKMJINFFAV09CA,4,96.26,住家用,見其他登記事項,103年8月14日,三層,一層 二層 三層
RPOOMLKMJINFFAV09CA,4,96.26,住家用,見其他登記事項,103年8月14日,三層,一層 二層 三層
RPPOMLOJKINFFAV76CA,,105.58,住家用,見其他登記事項,,二層,一層 二層 騎樓
RPUNMLQJKINFFAV37CA,,165.24,住家用,見其他登記事項,107年6月28日,三層,一層 二層 三層
RPTNMLNJKINFFAV96CA,23,195.37,見其他登記事項,鋼筋混凝土造,85年3月26日,八層,一層 二層 三層 騎樓
RPTNMLNJKINFFAV96CA,23,29.61,見其他登記事項,鋼筋混凝土造,85年3月26日,八層,
RPTNMLNJKINFFAV96CA,23,45.23,見其他登記事項,鋼筋混凝土造,85年3月26日,八層,
RPRNMLSLKINFFAV47CA,24,109.58,見其他登記事項,鋼筋混凝土造,84年2月17日,八層,三層
RPRNMLSLKINFFAV47CA,24,33.59,見其他登記事項,鋼筋混凝土造,84年2月17日,八層,
RPRNMLSLKINFFAV47CA,24,14.08,見其他登記事項,鋼筋混凝土造,84年2月17日,八層,
RPTNMLOJKINFFAV07CA,37,110.70,住家用,加強磚造,70年11月13日,二層,一層 二層
RPUNMLNJKINFFAV07CA,42,79.74,住家用,鋼筋混凝土造,66年4月25日,二層,一層 二層 夾層
RPWNMLOJKINFFAV37CA,25,103.12,見其他登記事項,鋼筋混凝土造,83年2月25日,十二層,七層
RPWNMLOJKINFFAV37CA,25,14.80,見其他登記事項,鋼筋混凝土造,83年2月25日,十二層,
RPWNMLOJKINFFAV37CA,25,13.90,見其他登記事項,鋼筋混凝土造,83年2月25日,十二層,
RPQNMLMKKINFFAV66CA,28,437.44,見其他登記事項,見其他登記事項,79年12月27日,一層,一層
RPSNMLKLKINFFAV76CA,6,281.09,住家用,見其他登記事項,101年11月23日,四層,一層 二層 三層 四層
RPPNMLPJKINFFAV76CA,,168.29,住家用,見其他登記事項,107年6月28日,三層,一層 二層 三層
RPTNMLQJKINFFAV27CA,42,78.12,住家用,見其他登記事項,65年11月9日,二層,一層 二層
RPPNMLRKKINFFCV27CA,1,167.82,見其他登記事項,鋼筋混凝土造,107年1月17日,三層,一層 二層 三層
RPPNMLQJKINFFAV86CA,,209.74,見其他登記事項,鋼筋混凝土造,107年9月11日,三層,一層 二層 三層 見其他登記事項
RPQNMLPJKINFFAV96DA,39,107.94,住家用,加強磚造,68年7月19日,二層,一層 二層
RPPNMLRKKINFFBV17CA,4,88.65,住家用,見其他登記事項,103年12月2日,一層,一層 騎樓
RPVNMLOLKINFFAV47CA,,213.66,見其他登記事項,見其他登記事項,107年10月12日,四層,一層 二層 三層 四層
RPRNMLQJKINFFAV07CA,22,63.38,住家用,鋼筋混凝土造,85年6月28日,七層,五層
RPRNMLQJKINFFAV07CA,22,16.01,見其他登記事項,鋼筋混凝土造,85年6月28日,七層,
RPRNMLQJKINFFAV07CA,22,5.31,見其他登記事項,鋼筋混凝土造,85年6月28日,七層,
RPRNMLQJKINFFAV07CA,22,2.81,見其他登記事項,鋼筋混凝土造,85年6月28日,七層,
RPRNMLQJKINFFAV07CA,22,3.29,見其他登記事項,鋼筋混凝土造,85年6月28日,七層,
RPTNMLRJKINFFAV37CA,46,52.65,住家用,見其他登記事項,62年2月26日,二層,一層 二層 騎樓
RPTNMLRJKINFFAV37CA,46,52.65,住家用,見其他登記事項,62年2月26日,二層,一層 二層 騎樓
RPRNMLKLKINFFAV66CA,28,298.09,住家用,鋼筋混凝土造,79年7月5日,四層,一層 二層 三層 四層 騎樓 地下層
RPPNMLLKKINFFAV09CA,,165.24,住家用,見其他登記事項,107年6月28日,三層,一層 二層 三層
RPUNMLMKKINFFAV07CA,25,96.34,見其他登記事項,鋼筋混凝土造,83年2月25日,十二層,四層
RPQNMLRJKINFFAV07CA,37,110.70,住家用,加強磚造,70年11月13日,二層,一層 二層
RPRNMLLKKINFFAV66CA,40,62.98,住家用,見其他登記事項,67年6月30日,一層,一層
RPWNMLMKKINFFAV27CA,39,101.64,住家用,加強磚造,69年1月2日,二層,一層 二層 騎樓
RPQNMLRKKINFFAV17CA,24,124.33,見其他登記事項,鋼筋混凝土造,84年1月4日,三層,一層 二層 三層
RPXNMLMKKINFFAV37CA,44,42.89,住家用,見其他登記事項,64年4月23日,一層,一層 騎樓
RPSNMLNKKINFFAV96CA,20,60.93,見其他登記事項,鋼筋混凝土造,87年12月16日,九層,六層
RPQNMLNLKINFFAV86CA,38,66.81,住家用,見其他登記事項,69年10月22日,一層,一層
RPQNMLKLKINFFAV56CA,4,337.80,住家用,見其他登記事項,103年12月5日,三層,一層 二層 三層
RPPNMLKKKINFFAV09DA,25,238.85,住家用,鋼筋混凝土造,82年12月8日,四層,一層 二層 三層 四層
RPPNMLNKKINFFAV66CA,13,165.97,住家用,見其他登記事項,94年7月27日,三層,一層 二層 三層
RPPNMLSKKINFFAV17CA,30,155.42,住家用,加強磚造,77年9月14日,二層,一層 二層
RPRNMLRKKINFFAV27CA,37,193.77,住商用,加強磚造,70年12月26日,二層,一層 二層 騎樓
RPPNMLMJJHOFFAV98CA,4,192.24,住家用,見其他登記事項,103年10月6日,三層,一層 二層 三層
RPPNMLKLKINFFCV66CA,33,95.83,住家用,加強磚造,75年2月10日,二層,一層 二層
RPQNMLSKKINFFCV47CA,,108.90,住家用,見其他登記事項,,二層,一層 二層 騎樓
RPVNMLNKKINFFAV27CA,,190.60,見其他登記事項,鋼筋混凝土造,107年10月18日,三層,一層 二層 三層
RPTNMLMKKINFFAV96CA,,202.19,見其他登記事項,鋼筋混凝土造,107年10月18日,三層,一層 二層 三層
RPSNMLMKKINFFAV86CA,23,76.34,住家用,鋼筋混凝土造,84年12月4日,十六層,十層
RPSNMLMKKINFFAV86CA,23,21.97,見其他登記事項,鋼筋混凝土造,84年12月4日,十六層,
RPPNMLOKKINFFAV76CA,23,164.36,住家用,鋼筋混凝土造,85年1月13日,四層,一層 二層 三層 四層
RPRNMLTJJHOFFCV57DA,30,80.30,住家用,加強磚造,77年8月15日,一層,一層
RPTNMLNKKINFFAV07CA,65,264.70,見其他登記事項,加強磚造,43年1月20日,一層,一層 騎樓
RPRNMLNKKINFFAV86CA,46,85.40,住家用,見其他登記事項,61年7月20日,二層,一層 二層 騎樓
RPVOMLKLKINFFAV17CA,38,109.71,住家用,鋼筋混凝土造,70年3月27日,二層,一層 二層
RPVNMLKLKINFFAV07CA,10,362.90,住家用,見其他登記事項,97年9月18日,四層,一層 二層 三層 四層
RPUNMLMLKINFFAV17CA,23,177.00,住家用,鋼筋混凝土造,85年1月13日,四層,一層 二層 三層 四層
RPRNMLRLKINFFAV37CA,,212.63,見其他登記事項,見其他登記事項,107年10月12日,四層,一層 二層 三層 四層
RPSNMLRLKINFFAV47CA,,213.97,見其他登記事項,見其他登記事項,107年10月12日,四層,一層 二層 三層 四層
RPPNMLRKKINFFAV07CA,4,179.22,住家用,見其他登記事項,104年3月12日,三層,一層 二層 三層
RPPNMLRLKINFFDV47CA,23,30.87,見其他登記事項,鋼筋混凝土造,84年7月14日,八層,四層
RPPNMLRLKINFFDV47CA,23,6.94,見其他登記事項,鋼筋混凝土造,84年7月14日,八層,
RPUNMLSJJHOFFAV47CA,24,72.13,見其他登記事項,鋼筋混凝土造,84年1月25日,十層,五層
RPUNMLSJJHOFFAV47CA,,1.95,見其他登記事項,鋼筋混凝土造,,十層,
RPUNMLSJJHOFFAV47CA,24,8.61,見其他登記事項,鋼筋混凝土造,84年1月25日,十層,
RPUNMLSJJHOFFAV47CA,24,2.08,見其他登記事項,鋼筋混凝土造,84年1月25日,十層,
RPUNMLSJJHOFFAV47CA,24,10.60,見其他登記事項,鋼筋混凝土造,84年1月25日,十層,
RPWNMLTKKINFFAV97CA,46,48.49,住家用,見其他登記事項,62年5月9日,一層,一層 騎樓
RPPNMLKLKINFFDV76CA,24,34.45,見其他登記事項,鋼筋混凝土造,83年9月30日,八層,七層
RPPNMLKLKINFFDV76CA,24,7.16,見其他登記事項,鋼筋混凝土造,83年9月30日,八層,
RPQPMLKLKINFFAV86DA,44,54.01,住家用,見其他登記事項,63年7月1日,一層,一層
RPPNMLKLKINFFBV56CA,24,125.60,見其他登記事項,鋼筋混凝土造,83年11月24日,二層,一層 二層
RPRNMLSKKINFFAV37CA,46,41.50,住家用,見其他登記事項,62年1月16日,一層,一層 騎樓
RPPNMLTKKINFFAV27CA,1,224.19,見其他登記事項,見其他登記事項,107年4月20日,三層,一層 二層 三層 見其他登記事項
RPVNMLTKKINFFAV87CA,15,168.59,住商用,鋼筋混凝土造,92年7月31日,三層,一層 二層 三層 騎樓
RPRPMLKLKINFFAV86CA,43,94.51,住家用,見其他登記事項,65年3月12日,二層,一層 二層 騎樓
RPSPMLKLKINFFAV96CA,26,121.89,住家用,鋼筋混凝土造,82年3月27日,三層,一層 二層 三層
RPUNMLTKKINFFAV77CA,22,89.24,見其他登記事項,鋼筋混凝土造,85年6月28日,九層,七層
RPUNMLTKKINFFAV77CA,22,10.36,見其他登記事項,鋼筋混凝土造,85年6月28日,九層,
RPUNMLTKKINFFAV77CA,22,10.12,見其他登記事項,鋼筋混凝土造,85年6月28日,九層,
RPOPMLKLKINFFAV56CA,22,64.96,住家用,鋼筋混凝土造,85年6月28日,七層,三層
RPOPMLKLKINFFAV56CA,22,5.79,見其他登記事項,鋼筋混凝土造,85年6月28日,七層,
RPOPMLKLKINFFAV56CA,22,3.47,見其他登記事項,鋼筋混凝土造,85年6月28日,七層,
RPOPMLKLKINFFAV56CA,22,2.81,見其他登記事項,鋼筋混凝土造,85年6月28日,七層,
RPOPMLKLKINFFAV56CA,22,16.01,見其他登記事項,鋼筋混凝土造,85年6月28日,七層,
RPWNMLLLKINFFAV27CA,25,79.35,見其他登記事項,鋼筋混凝土造,83年4月19日,十四層,五層
RPWNMLLLKINFFAV27CA,25,22.29,見其他登記事項,鋼筋混凝土造,83年4月19日,十四層,
RPPNMLMLKINFFAV76DA,31,130.41,住家用,加強磚造,77年3月28日,二層,一層 二層
RPRNMLMLKINFFDV17CA,23,30.87,見其他登記事項,鋼筋混凝土造,84年7月14日,八層,四層
RPRNMLMLKINFFDV17CA,23,7.85,見其他登記事項,鋼筋混凝土造,84年7月14日,八層,
RPSNMLMLKINFFDV27CA,25,37.70,見其他登記事項,鋼筋混凝土造,82年11月8日,八層,二層
RPSNMLMLKINFFDV27CA,25,13.75,見其他登記事項,鋼筋混凝土造,82年11月8日,八層,
RPRNMLLLKINFFAV76CA,25,.21,見其他登記事項,鋼筋混凝土造,83年5月16日,十三層,
RPRNMLLLKINFFAV76CA,25,59.96,見其他登記事項,鋼筋混凝土造,83年5月16日,十三層,三層
RPRNMLLLKINFFAV76CA,25,.17,見其他登記事項,鋼筋混凝土造,83年5月16日,十三層,
RPRNMLLLKINFFAV76CA,25,59.96,見其他登記事項,鋼筋混凝土造,83年5月16日,十三層,三層
RPRNMLLLKINFFAV76CA,25,.08,見其他登記事項,鋼筋混凝土造,83年5月16日,十三層,
RPRNMLLLKINFFAV76CA,25,.16,見其他登記事項,鋼筋混凝土造,83年5月16日,十三層,
RPRNMLLLKINFFAV76CA,25,.08,見其他登記事項,鋼筋混凝土造,83年5月16日,十三層,
RPRNMLLLKINFFAV76CA,25,.15,見其他登記事項,鋼筋混凝土造,83年5月16日,十三層,
RPRNMLLLKINFFAV76CA,25,.17,見其他登記事項,鋼筋混凝土造,83年5月16日,十三層,
RPRNMLLLKINFFAV76CA,25,.17,見其他登記事項,鋼筋混凝土造,83年5月16日,十三層,
RPRNMLLLKINFFAV76CA,25,.17,見其他登記事項,鋼筋混凝土造,83年5月16日,十三層,
RPRNMLLLKINFFAV76CA,25,.15,見其他登記事項,鋼筋混凝土造,83年5月16日,十三層,
RPRNMLLLKINFFAV76CA,25,.21,見其他登記事項,鋼筋混凝土造,83年5月16日,十三層,
RPRNMLLLKINFFAV76CA,25,.19,見其他登記事項,鋼筋混凝土造,83年5月16日,十三層,
RPRNMLLLKINFFAV76CA,25,.21,見其他登記事項,鋼筋混凝土造,83年5月16日,十三層,
RPRNMLLLKINFFAV76CA,25,.42,見其他登記事項,鋼筋混凝土造,83年5月16日,十三層,
RPRNMLLLKINFFAV76CA,25,.21,見其他登記事項,鋼筋混凝土造,83年5月16日,十三層,
RPRNMLLLKINFFAV76CA,25,.21,見其他登記事項,鋼筋混凝土造,83年5月16日,十三層,
RPRNMLLLKINFFAV76CA,25,.17,見其他登記事項,鋼筋混凝土造,83年5月16日,十三層,
RPRNMLLLKINFFAV76CA,25,.17,見其他登記事項,鋼筋混凝土造,83年5月16日,十三層,
RPRNMLLLKINFFAV76CA,25,.17,見其他登記事項,鋼筋混凝土造,83年5月16日,十三層,
RPRNMLLLKINFFAV76CA,25,.17,見其他登記事項,鋼筋混凝土造,83年5月16日,十三層,
RPRNMLLLKINFFAV76CA,25,.30,見其他登記事項,鋼筋混凝土造,83年5月16日,十三層,
RPRNMLLLKINFFAV76CA,25,.21,見其他登記事項,鋼筋混凝土造,83年5月16日,十三層,
RPRNMLLLKINFFAV76CA,25,.32,見其他登記事項,鋼筋混凝土造,83年5月16日,十三層,
RPRNMLLLKINFFAV76CA,25,.17,見其他登記事項,鋼筋混凝土造,83年5月16日,十三層,
RPRNMLLLKINFFAV76CA,25,.21,見其他登記事項,鋼筋混凝土造,83年5月16日,十三層,
RPRNMLLLKINFFAV76CA,25,.64,見其他登記事項,鋼筋混凝土造,83年5月16日,十三層,
RPRNMLLLKINFFAV76CA,25,.21,見其他登記事項,鋼筋混凝土造,83年5月16日,十三層,
RPRNMLLLKINFFAV76CA,25,.21,見其他登記事項,鋼筋混凝土造,83年5月16日,十三層,
RPRNMLLLKINFFAV76CA,25,6.26,見其他登記事項,鋼筋混凝土造,83年5月16日,十三層,
RPRNMLLLKINFFAV76CA,25,.21,見其他登記事項,鋼筋混凝土造,83年5月16日,十三層,
RPRNMLLLKINFFAV76CA,25,.17,見其他登記事項,鋼筋混凝土造,83年5月16日,十三層,
RPRNMLLLKINFFAV76CA,25,.17,見其他登記事項,鋼筋混凝土造,83年5月16日,十三層,
RPRNMLLLKINFFAV76CA,25,.21,見其他登記事項,鋼筋混凝土造,83年5月16日,十三層,
RPRNMLLLKINFFAV76CA,25,.17,見其他登記事項,鋼筋混凝土造,83年5月16日,十三層,
RPRNMLLLKINFFAV76CA,25,.08,見其他登記事項,鋼筋混凝土造,83年5月16日,十三層,
RPRNMLLLKINFFAV76CA,25,.16,見其他登記事項,鋼筋混凝土造,83年5月16日,十三層,
RPRNMLLLKINFFAV76CA,25,.08,見其他登記事項,鋼筋混凝土造,83年5月16日,十三層,
RPRNMLLLKINFFAV76CA,25,.15,見其他登記事項,鋼筋混凝土造,83年5月16日,十三層,
RPRNMLLLKINFFAV76CA,25,.17,見其他登記事項,鋼筋混凝土造,83年5月16日,十三層,
RPRNMLLLKINFFAV76CA,25,.17,見其他登記事項,鋼筋混凝土造,83年5月16日,十三層,
RPRNMLLLKINFFAV76CA,25,.17,見其他登記事項,鋼筋混凝土造,83年5月16日,十三層,
RPRNMLLLKINFFAV76CA,25,.15,見其他登記事項,鋼筋混凝土造,83年5月16日,十三層,
RPRNMLLLKINFFAV76CA,25,.21,見其他登記事項,鋼筋混凝土造,83年5月16日,十三層,
RPRNMLLLKINFFAV76CA,25,.19,見其他登記事項,鋼筋混凝土造,83年5月16日,十三層,
RPRNMLLLKINFFAV76CA,25,.21,見其他登記事項,鋼筋混凝土造,83年5月16日,十三層,
RPRNMLLLKINFFAV76CA,25,.42,見其他登記事項,鋼筋混凝土造,83年5月16日,十三層,
RPRNMLLLKINFFAV76CA,25,.21,見其他登記事項,鋼筋混凝土造,83年5月16日,十三層,
RPRNMLLLKINFFAV76CA,25,.21,見其他登記事項,鋼筋混凝土造,83年5月16日,十三層,
RPRNMLLLKINFFAV76CA,25,.17,見其他登記事項,鋼筋混凝土造,83年5月16日,十三層,
RPRNMLLLKINFFAV76CA,25,.17,見其他登記事項,鋼筋混凝土造,83年5月16日,十三層,
RPRNMLLLKINFFAV76CA,25,.17,見其他登記事項,鋼筋混凝土造,83年5月16日,十三層,
RPRNMLLLKINFFAV76CA,25,.17,見其他登記事項,鋼筋混凝土造,83年5月16日,十三層,
RPRNMLLLKINFFAV76CA,25,.30,見其他登記事項,鋼筋混凝土造,83年5月16日,十三層,
RPRNMLLLKINFFAV76CA,25,.21,見其他登記事項,鋼筋混凝土造,83年5月16日,十三層,
RPRNMLLLKINFFAV76CA,25,.32,見其他登記事項,鋼筋混凝土造,83年5月16日,十三層,
RPRNMLLLKINFFAV76CA,25,.17,見其他登記事項,鋼筋混凝土造,83年5月16日,十三層,
RPRNMLLLKINFFAV76CA,25,.21,見其他登記事項,鋼筋混凝土造,83年5月16日,十三層,
RPRNMLLLKINFFAV76CA,25,.64,見其他登記事項,鋼筋混凝土造,83年5月16日,十三層,
RPRNMLLLKINFFAV76CA,25,.21,見其他登記事項,鋼筋混凝土造,83年5月16日,十三層,
RPRNMLLLKINFFAV76CA,25,.21,見其他登記事項,鋼筋混凝土造,83年5月16日,十三層,
RPRNMLLLKINFFAV76CA,25,6.26,見其他登記事項,鋼筋混凝土造,83年5月16日,十三層,
RPRNMLLLKINFFAV76CA,25,.21,見其他登記事項,鋼筋混凝土造,83年5月16日,十三層,
RPRNMLLLKINFFAV76CA,25,.17,見其他登記事項,鋼筋混凝土造,83年5月16日,十三層,
RPRNMLLLKINFFAV76CA,25,.17,見其他登記事項,鋼筋混凝土造,83年5月16日,十三層,
RPQNMLOLKINFFAV96CA,10,204.01,見其他登記事項,見其他登記事項,97年7月31日,三層,一層 二層 三層
RPOOMLMLKINFFAV66CA,36,94.14,見其他登記事項,鋼筋混凝土造,72年2月22日,四層,四層
RPOOMLMLKINFFAV66CA,36,6.83,見其他登記事項,鋼筋混凝土造,72年2月22日,四層,
RPSNMLKKJHOFFAV56CA,18,199.03,住家用,鋼筋混凝土造,90年4月11日,四層,一層 二層 三層 四層
RPPNMLLMKINFFAV66CA,45,48.56,住家用,見其他登記事項,62年9月7日,一層,一層
RPUNMLKKJHOFFAV76CA,25,99.13,見其他登記事項,鋼筋混凝土造,83年5月16日,十三層,九層
RPUNMLKKJHOFFAV76CA,25,.32,見其他登記事項,鋼筋混凝土造,83年5月16日,十三層,
RPUNMLKKJHOFFAV76CA,25,.34,見其他登記事項,鋼筋混凝土造,83年5月16日,十三層,
RPUNMLKKJHOFFAV76CA,25,.42,見其他登記事項,鋼筋混凝土造,83年5月16日,十三層,
RPUNMLKKJHOFFAV76CA,25,.34,見其他登記事項,鋼筋混凝土造,83年5月16日,十三層,
RPUNMLKKJHOFFAV76CA,25,.34,見其他登記事項,鋼筋混凝土造,83年5月16日,十三層,
RPUNMLKKJHOFFAV76CA,25,.16,見其他登記事項,鋼筋混凝土造,83年5月16日,十三層,
RPUNMLKKJHOFFAV76CA,25,.42,見其他登記事項,鋼筋混凝土造,83年5月16日,十三層,
RPUNMLKKJHOFFAV76CA,25,.34,見其他登記事項,鋼筋混凝土造,83年5月16日,十三層,
RPUNMLKKJHOFFAV76CA,25,.85,見其他登記事項,鋼筋混凝土造,83年5月16日,十三層,
RPUNMLKKJHOFFAV76CA,25,.30,見其他登記事項,鋼筋混凝土造,83年5月16日,十三層,
RPUNMLKKJHOFFAV76CA,25,.38,見其他登記事項,鋼筋混凝土造,83年5月16日,十三層,
RPUNMLKKJHOFFAV76CA,25,.34,見其他登記事項,鋼筋混凝土造,83年5月16日,十三層,
RPUNMLKKJHOFFAV76CA,25,.34,見其他登記事項,鋼筋混凝土造,83年5月16日,十三層,
RPUNMLKKJHOFFAV76CA,25,1.27,見其他登記事項,鋼筋混凝土造,83年5月16日,十三層,
RPUNMLKKJHOFFAV76CA,25,12.52,見其他登記事項,鋼筋混凝土造,83年5月16日,十三層,
RPUNMLKKJHOFFAV76CA,25,.42,見其他登記事項,鋼筋混凝土造,83年5月16日,十三層,
RPUNMLKKJHOFFAV76CA,25,.42,見其他登記事項,鋼筋混凝土造,83年5月16日,十三層,
RPUNMLKKJHOFFAV76CA,25,.34,見其他登記事項,鋼筋混凝土造,83年5月16日,十三層,
RPUNMLKKJHOFFAV76CA,25,.42,見其他登記事項,鋼筋混凝土造,83年5月16日,十三層,
RPUNMLKKJHOFFAV76CA,25,.42,見其他登記事項,鋼筋混凝土造,83年5月16日,十三層,
RPUNMLKKJHOFFAV76CA,25,.42,見其他登記事項,鋼筋混凝土造,83年5月16日,十三層,
RPUNMLKKJHOFFAV76CA,25,.34,見其他登記事項,鋼筋混凝土造,83年5月16日,十三層,
RPUNMLKKJHOFFAV76CA,25,.34,見其他登記事項,鋼筋混凝土造,83年5月16日,十三層,
RPUNMLKKJHOFFAV76CA,25,.34,見其他登記事項,鋼筋混凝土造,83年5月16日,十三層,
RPUNMLKKJHOFFAV76CA,25,.30,見其他登記事項,鋼筋混凝土造,83年5月16日,十三層,
RPUNMLKKJHOFFAV76CA,25,.64,見其他登記事項,鋼筋混凝土造,83年5月16日,十三層,
RPUNMLKKJHOFFAV76CA,25,.42,見其他登記事項,鋼筋混凝土造,83年5月16日,十三層,
RPUNMLKKJHOFFAV76CA,25,.16,見其他登記事項,鋼筋混凝土造,83年5月16日,十三層,
RPUNMLKKJHOFFAV76CA,25,.33,見其他登記事項,鋼筋混凝土造,83年5月16日,十三層,
RPUNMLKKJHOFFAV76CA,25,.42,見其他登記事項,鋼筋混凝土造,83年5月16日,十三層,
RPUNMLKKJHOFFAV76CA,25,.42,見其他登記事項,鋼筋混凝土造,83年5月16日,十三層,
RPUNMLKKJHOFFAV76CA,25,.59,見其他登記事項,鋼筋混凝土造,83年5月16日,十三層,
RPPNMLNLKINFFAV76CA,30,205.11,住家用,加強磚造,78年1月14日,二層,一層 二層
RPRNMLQLKINFFAV27CA,39,96.30,住家用,加強磚造,69年4月21日,二層,一層 二層
RPUNMLPLKINFFAV47CA,25,97.53,見其他登記事項,鋼筋混凝土造,82年8月14日,七層,七層
RPUNMLPLKINFFAV47CA,25,18.28,見其他登記事項,鋼筋混凝土造,82年8月14日,七層,
RPUNMLPLKINFFAV47CA,25,9.59,見其他登記事項,鋼筋混凝土造,82年8月14日,七層,
RPUNMLPLKINFFAV47CA,25,1.48,見其他登記事項,鋼筋混凝土造,82年8月14日,七層,
RPPNMLTLKINFFAV37CA,44,48.94,住家用,見其他登記事項,64年5月10日,三層,一層 二層 三層 騎樓
RPTNMLRLKINFFAV57CA,,212.63,見其他登記事項,見其他登記事項,107年10月12日,四層,一層 二層 三層 四層
RPUNMLRLKINFFAV67CA,,205.02,見其他登記事項,見其他登記事項,107年10月25日,三層,一層 二層 三層
RPPNMLRJJHOFFAV96DA,37,137.39,住家用,加強磚造,70年8月18日,二層,一層 二層 騎樓
RPTNMLPLKINFFAV37CA,,206.11,見其他登記事項,鋼筋混凝土造,107年10月18日,三層,一層 二層 三層
RPSNMLPLKINFFAV27CA,24,197.04,見其他登記事項,鋼筋混凝土造,84年1月28日,五層,一層 二層 三層 四層 五層
RPSNMLQLKINFFAV37CA,33,190.95,住商用,鋼筋混凝土造,75年1月17日,四層,一層 二層 三層 四層
RPWNMLSLKINFFAV08DA,12,449.04,住家用,見其他登記事項,95年8月15日,三層,一層 二層 三層
RPWNMLTKJHOFFAV87CA,25,87.03,見其他登記事項,鋼筋混凝土造,83年4月19日,十四層,十四層
RPWNMLTKJHOFFAV87CA,25,28.98,見其他登記事項,鋼筋混凝土造,83年4月19日,十四層,
RPQNMLQLKINFFAV17CA,23,177.00,住家用,鋼筋混凝土造,85年1月13日,四層,一層 二層 三層 四層
RPXNMLSLKINFFAV18DA,61,21.00,住家用,見其他登記事項,47年1月21日,一層,一層
RPPNMLSLKINFFCV57DA,38,170.99,住家用,加強磚造,70年3月19日,二層,一層 二層 騎樓
RPRNMLMJJHOFFAV56CA,15,226.31,住家用,鋼筋混凝土造,92年10月7日,四層,一層 二層 三層 四層
RPSNMLOJJHOFFAV86CA,33,121.44,住家用,加強磚造,74年8月17日,二層,一層 二層
RPQNMLLMKINFFAV76CA,19,193.57,農舍,見其他登記事項,89年1月19日,二層,一層 二層
RPVNMLKKJHOFFAV86CA,22,90.95,見其他登記事項,鋼筋混凝土造,85年6月28日,九層,九層
RPVNMLKKJHOFFAV86CA,22,10.65,見其他登記事項,鋼筋混凝土造,85年6月28日,九層,
RPVNMLKKJHOFFAV86CA,22,10.39,見其他登記事項,鋼筋混凝土造,85年6月28日,九層,
RPQNMLNJJHOFFAV56CA,,190.60,見其他登記事項,鋼筋混凝土造,107年10月18日,三層,一層 二層 三層
RPUNMLOJJHOFFAV07CA,21,1033.70,見其他登記事項,鋼筋混凝土造,86年10月17日,二層,一層 二層 夾層 地下層
RPPNMLOJJHOFFAV56CA,23,166.55,見其他登記事項,鋼骨混凝土造,84年9月26日,七層,一層 二層 騎樓 夾層
RPPNMLOJJHOFFAV56CA,23,3.61,見其他登記事項,鋼骨混凝土造,84年9月26日,七層,
RPPNMLOJJHOFFAV56CA,23,34.72,見其他登記事項,鋼骨混凝土造,84年9月26日,七層,
RPRNMLOKJHOFFAV86CA,40,97.16,住家用,加強磚造,68年3月17日,二層,一層 二層
RPPNMLOKJHOFFAV66CA,39,87.36,住家用,加強磚造,68年8月13日,二層,一層 二層
RPRNMLRJJHOFFCV27CA,35,136.98,住商用,鋼筋混凝土造,72年11月24日,四層,一層 二層 三層 四層 騎樓
RPRNMLSJJHOFFAV17CA,40,30.45,住家用,加強磚造,67年7月1日,一層,一層
RPVNMLSJJHOFFAV57CA,24,373.34,住商用,鋼筋混凝土造,83年7月22日,四層,一層 二層 三層 四層 騎樓
RPWNMLSJJHOFFAV67CA,45,38.79,住家用,見其他登記事項,62年6月20日,一層,一層
RPPNMLLJJHOFFAV88CA,,204.43,見其他登記事項,鋼筋混凝土造,107年10月18日,三層,一層 二層 三層 見其他登記事項
RPQNMLSJJHOFFAV07CA,23,135.61,見其他登記事項,鋼筋混凝土造,85年5月16日,二層,一層 二層
RPXNMLLJKHOFFAV17CA,44,92.04,住家用,見其他登記事項,64年1月27日,二層,一層 二層 騎樓
RPQNMLKKJHOFFAV98CA,25,18.22,見其他登記事項,鋼筋混凝土造,83年3月2日,五層,四層
RPSNMLSJJHOFFAV27CA,,42.90,住家用,見其他登記事項,,一層,一層
RPSNMLOKJHOFFAV96CA,12,250.89,見其他登記事項,見其他登記事項,95年9月25日,三層,一層 二層 三層
RPTNMLSJJHOFFAV37CA,37,47.88,住家用,加強磚造,70年10月6日,二層,一層 二層 騎樓
RPTNMLSJJHOFFAV37CA,37,47.88,住家用,加強磚造,70年10月6日,二層,一層 二層 騎樓
RPXNMLKKJHOFFAV07CA,5,186.80,住家用,見其他登記事項,103年4月9日,三層,一層 二層 三層
RPSNMLTJJHOFFAV37CA,22,25.66,見其他登記事項,鋼筋混凝土造,85年6月28日,九層,二層
RPSNMLTJJHOFFAV37CA,22,5.47,見其他登記事項,鋼筋混凝土造,85年6月28日,九層,
RPSNMLTJJHOFFAV37CA,22,3.01,見其他登記事項,鋼筋混凝土造,85年6月28日,九層,
RPXNMLSJJHOFFAV77CA,8,226.71,見其他登記事項,見其他登記事項,99年7月27日,三層,一層 二層 三層 見其他登記事項
RPSOMLLJKHOFFAV76CA,39,80.92,住家用,加強磚造,68年8月13日,二層,一層 二層
RPQNMLLKJHOFFDV76CA,24,31.54,見其他登記事項,鋼筋混凝土造,83年9月30日,八層,七層
RPQNMLLKJHOFFDV76CA,24,5.45,見其他登記事項,鋼筋混凝土造,83年9月30日,八層,
RPWNMLOKJHOFFAV37CA,25,164.08,住家用,鋼筋混凝土造,82年12月18日,三層,一層 二層 三層
RPQPMLLJKHOFFAV66CA,36,93.41,國民住宅,鋼筋混凝土造,72年2月22日,四層,四層
RPQNMLOKJHOFFAV76CA,,201.12,見其他登記事項,見其他登記事項,107年10月22日,三層,一層 二層 三層 見其他登記事項
RPPNMLOKJHOFFDV96CA,11,81.73,見其他登記事項,見其他登記事項,97年5月22日,三層,一層 二層 三層 見其他登記事項
RPRNMLOLJHOFFDV27CA,24,35.02,見其他登記事項,鋼筋混凝土造,83年9月30日,八層,七層
RPRNMLOLJHOFFDV27CA,24,6.72,見其他登記事項,鋼筋混凝土造,83年9月30日,八層,
RPVNMLRKJHOFFAV57CA,36,92.15,住家用,加強磚造,71年12月24日,二層,一層 二層
RPPNMLLKJHOFFBV09CA,32,106.04,住家用,加強磚造,75年11月10日,二層,一層 二層 騎樓
RPXNMLQKJHOFFAV67CA,25,100.36,住家用,鋼筋混凝土造,82年9月2日,四層,一層 二層 三層 四層
RPXNMLQKJHOFFAV67CA,25,100.36,住家用,鋼筋混凝土造,82年9月2日,四層,一層 二層 三層 四層
RPOOMLLKKHOFFAV09CA,23,73.40,見其他登記事項,鋼筋混凝土造,85年3月26日,八層,五層
RPOOMLLKKHOFFAV09CA,23,8.44,見其他登記事項,鋼筋混凝土造,85年3月26日,八層,
RPOOMLLKKHOFFAV09CA,23,12.89,見其他登記事項,鋼筋混凝土造,85年3月26日,八層,
RPWNMLRKJHOFFAV67CA,23,168.27,住家用,鋼筋混凝土造,84年7月12日,三層,一層 二層 三層
RPPNMLRKJHOFFAV96CA,23,33.12,見其他登記事項,鋼筋混凝土造,85年6月28日,九層,五層
RPPNMLRKJHOFFAV96CA,23,6.91,見其他登記事項,鋼筋混凝土造,85年6月28日,九層,
RPPNMLRKJHOFFAV96CA,23,4.10,見其他登記事項,鋼筋混凝土造,85年6月28日,九層,
RPOOMLQKJHOFFAV86CA,24,9.17,見其他登記事項,鋼筋混凝土造,83年12月17日,八層,
RPOOMLQKJHOFFAV86CA,24,4.45,見其他登記事項,鋼筋混凝土造,83年12月17日,八層,
RPSNMLRKJHOFFAV27CA,35,88.34,見其他登記事項,鋼筋混凝土造,72年9月23日,四層,三層
RPSNMLRKJHOFFAV27CA,,4.96,見其他登記事項,鋼筋混凝土造,,四層,
RPRNMLTKJHOFFAV37CA,14,174.14,住家用,見其他登記事項,94年5月24日,三層,一層 二層 三層
RPOOMLRKJHOFFAV96CA,14,227.30,住家用,鋼筋混凝土造,93年12月17日,三層,一層 二層 三層 騎樓
RPRNMLRKJHOFFAV17CA,24,264.74,見其他登記事項,鋼筋混凝土造,84年1月28日,五層,一層 二層 三層 四層 五層
RPPNMLTKJHOFFAV27DA,16,155.64,住家用,見其他登記事項,91年10月18日,三層,一層 二層 三層
RPPNMLNLJHOFFAV66CA,36,93.60,住家用,加強磚造,71年9月24日,二層,一層 二層
RPQNMLRKJHOFFAV07CA,37,320.97,住商用,鋼筋混凝土造,70年8月22日,四層,一層 二層 三層 四層 騎樓 地下層
RPVNMLQKJHOFFAV47CA,25,24.33,見其他登記事項,鋼筋混凝土造,82年5月22日,十二層,六層
RPVNMLQKJHOFFAV47CA,25,3.03,共有部分,鋼筋混凝土造,82年5月22日,十二層,
RPVNMLQKJHOFFAV47CA,25,6.37,見其他登記事項,鋼筋混凝土造,82年5月22日,十二層,
RPVNMLTKJHOFFAV77CA,,212.12,見其他登記事項,鋼筋混凝土造,107年11月8日,三層,一層 二層 三層 見其他登記事項
RPTNMLTKJHOFFAV57CA,,232.97,住家用,鋼筋混凝土造,107年11月8日,四層,一層 二層 三層 四層
RPPNMLTKJHOFFDV47CA,24,31.54,見其他登記事項,鋼筋混凝土造,83年9月30日,八層,八層
RPPNMLTKJHOFFDV47CA,24,6.07,見其他登記事項,鋼筋混凝土造,83年9月30日,八層,
RPRNMLMLJHOFFCV96CA,36,212.28,見其他登記事項,加強磚造,71年12月20日,三層,見其他登記事項
RPPNMLSLJHOFFDV57DA,23,30.87,見其他登記事項,鋼筋混凝土造,84年7月14日,八層,三層
RPPNMLSLJHOFFDV57DA,23,7.44,見其他登記事項,鋼筋混凝土造,84年7月14日,八層,
RPVNMLMLJHOFFAV17CA,46,49.97,住家用,見其他登記事項,62年1月23日,一層,一層 騎樓
RPPNMLMLJHOFFDV86CA,21,35.30,商業用,鋼筋混凝土造,87年3月6日,十五層,十二層
RPPNMLMLJHOFFDV86CA,21,1.12,見其他登記事項,鋼筋混凝土造,87年3月6日,十五層,
RPPNMLMLJHOFFDV86CA,21,5.57,見其他登記事項,鋼筋混凝土造,87年3月6日,十層,
RPPNMLMLJHOFFDV86CA,21,7.21,見其他登記事項,鋼筋混凝土造,87年3月6日,十五層,
RPUPMLLJKHOFFAV07CA,24,12.74,見其他登記事項,鋼筋混凝土造,84年2月17日,八層,
RPUPMLLJKHOFFAV07CA,24,100.22,見其他登記事項,鋼筋混凝土造,84年2月17日,八層,五層
RPUPMLLJKHOFFAV07CA,24,17.65,見其他登記事項,鋼筋混凝土造,84年2月17日,八層,
RPQNMLLLJHOFFCV86DA,,33.60,住商用,見其他登記事項,,一層,一層 騎樓
RPPNMLSLJHOFFCV37CA,17,256.92,見其他登記事項,見其他登記事項,90年6月26日,二層,一層 二層
RPVNMLLLJHOFFAV07CA,,230.95,住家用,鋼筋混凝土造,107年11月8日,四層,一層 二層 三層 四層
RPVNMLOLJHOFFAV37CA,22,300.08,住家用,鋼筋混凝土造,85年7月2日,四層,一層 二層 三層 四層 騎樓
RPPNMLLLJHOFFBV56CA,30,116.33,住家用,鋼筋混凝土造,78年5月16日,三層,一層 二層 三層 騎樓
RPPNMLMLJHOFFAV56CA,26,138.15,住家用,鋼筋混凝土造,82年3月8日,三層,一層 二層 三層
RPQOMLMLJHOFFAV76CA,1,212.52,住家用,見其他登記事項,107年3月9日,三層,一層 二層 三層
RPTNMLNLJHOFFAV07CA,47,73.39,住家用,見其他登記事項,61年5月9日,三層,三層
RPSNMLMLJHOFFAV86CA,,186.20,見其他登記事項,見其他登記事項,107年10月17日,三層,一層 二層 三層 騎樓
RPWNMLMLJHOFFAV27CA,,197.69,住家用,鋼筋混凝土造,107年11月8日,三層,一層 二層 三層
RPXNMLMLJHOFFAV37CA,,198.56,住家用,鋼筋混凝土造,107年11月8日,三層,一層 二層 三層
RPVPMLLJKHOFFAV17CA,35,100.88,見其他登記事項,鋼筋混凝土造,72年10月19日,四層,二層
RPVPMLLJKHOFFAV17CA,,4.63,見其他登記事項,鋼筋混凝土造,,四層,
RPQNMLPLJHOFFAV07DA,,48.24,見其他登記事項,見其他登記事項,,一層,一層 騎樓
RPOOMLMLJHOFFAV56CA,6,227.60,住家用,鋼筋混凝土造,101年11月14日,三層,一層 二層 三層
RPSNMLNLJHOFFAV96CA,24,78.10,見其他登記事項,鋼筋混凝土造,84年6月1日,五層,三層
RPSNMLNLJHOFFAV96CA,24,9.16,見其他登記事項,鋼筋混凝土造,84年6月1日,五層,
RPSNMLNLJHOFFAV96CA,24,10.93,見其他登記事項,鋼筋混凝土造,84年6月1日,五層,
RPTNMLOLJHOFFAV17CA,1,30.34,見其他登記事項,見其他登記事項,107年3月23日,九層,
RPPNMLNLJHOFFBV76CA,40,105.50,住家用,加強磚造,68年1月24日,二層,一層 二層 騎樓
RPSNMLPLJHOFFAV17CA,46,34.58,住家用,見其他登記事項,62年7月1日,一層,一層
RPUNMLOLJHOFFAV27CA,38,121.80,住家用,鋼筋混凝土加強磚造,69年12月26日,二層,一層 二層 騎樓
RPSNMLTKKHOFFAV57CA,24,203.58,住家用,鋼筋混凝土造,83年8月9日,四層,一層 二層 三層 四層
RPPNMLLMJHOFFAV56CA,24,37.52,見其他登記事項,鋼筋混凝土造,84年3月27日,六層,五層
RPPNMLLMJHOFFAV56CA,24,13.81,見其他登記事項,鋼筋混凝土造,84年3月27日,六層,
RPVNMLPLJHOFFAV47CA,,212.12,見其他登記事項,鋼筋混凝土造,107年11月8日,三層,一層 二層 三層 見其他登記事項
RPUNMLTLJHOFFAV77CA,23,148.47,住家用,鋼筋混凝土造,84年8月17日,二層,一層 二層
RPTNMLTLJHOFFAV67CA,,69.98,住家用,見其他登記事項,,二層,一層 二層
RPQNMLSLJHOFFAV27CA,13,111.88,見其他登記事項,鋼筋混凝土造,95年3月10日,十層,七層
RPQNMLSLJHOFFAV27CA,13,85.23,見其他登記事項,鋼筋混凝土造,95年3月10日,十層,
RPQNMLLKKHOFFCV76CA,14,122.29,見其他登記事項,見其他登記事項,93年11月3日,一層,一層
RPQNMLTKKHOFFBV47CA,36,43.35,住家用,加強磚造,72年2月15日,一層,一層
RPSNMLTLJHOFFAV57CA,40,73.83,住家用,見其他登記事項,67年5月13日,一層,一層
RPRNMLLKKHOFFDV96CA,31,107.48,住家用,加強磚造,76年10月2日,二層,一層 二層 騎樓
RPWNMLLJKHOFFAV07CA,24,100.22,見其他登記事項,鋼筋混凝土造,83年12月17日,八層,八層
RPWNMLLJKHOFFAV07CA,24,12.48,見其他登記事項,鋼筋混凝土造,83年12月17日,八層,
RPWNMLLJKHOFFAV07CA,24,18.65,見其他登記事項,鋼筋混凝土造,83年12月17日,八層,
RPWNMLLJKHOFFAV07CA,24,9.04,見其他登記事項,鋼筋混凝土造,83年12月17日,八層,
RPPNMLKLKHOFFCV66CA,33,166.88,住家用,加強磚造,75年2月4日,二層,一層 二層
RPTNMLLJKHOFFAV76CA,1,221.23,住家用,見其他登記事項,107年2月14日,四層,一層 二層 三層 四層
RPUOMLLJKHOFFAV96CA,12,254.04,見其他登記事項,見其他登記事項,95年9月25日,三層,一層 二層 三層 騎樓
RPPNMLLKKHOFFDV76CA,24,3.56,見其他登記事項,鋼筋混凝土造,84年1月10日,八層,
RPPNMLLKKHOFFDV76CA,24,30.09,見其他登記事項,鋼筋混凝土造,84年1月10日,八層,八層
RPPNMLLKKHOFFDV76CA,24,7.49,見其他登記事項,鋼筋混凝土造,84年1月10日,八層,
SPQNMLLMJHOFFAV76CA,25,11.62,見其他登記事項,鋼筋混凝土造,82年10月26日,六層,
SPQNMLLMJHOFFAV76CA,25,28.00,見其他登記事項,鋼筋混凝土造,82年10月26日,六層,六層
RPQNMLLMJHOFFAV66CA,25,28.00,見其他登記事項,鋼筋混凝土造,82年10月26日,六層,六層
RPQNMLLMJHOFFAV66CA,25,11.62,見其他登記事項,鋼筋混凝土造,82年10月26日,六層,
TPQNMLLMJHOFFAV86CA,25,11.62,見其他登記事項,鋼筋混凝土造,82年10月26日,六層,
TPQNMLLMJHOFFAV86CA,25,28.00,見其他登記事項,鋼筋混凝土造,82年10月26日,六層,六層
RPPOMLLJKHOFFAV09CA,23,168.18,住家用,鋼筋混凝土造,85年1月13日,四層,一層 二層 三層 四層
RPRNMLKMJHOFFCV86CA,36,221.54,住家用,鋼筋混凝土造,71年8月3日,三層,一層 二層 三層 騎樓
RPRPMLLJKHOFFAV76CA,1,30.34,見其他登記事項,見其他登記事項,107年3月23日,九層,
RPRNMLLKKHOFFAV66CA,44,97.17,住家用,見其他登記事項,63年12月5日,三層,一層 二層 三層
RPSNMLSKKHOFFAV47CA,25,106.49,見其他登記事項,鋼筋混凝土造,83年5月16日,十三層,四層
RPSNMLSKKHOFFAV47CA,25,.66,見其他登記事項,鋼筋混凝土造,83年5月16日,十三層,
RPSNMLSKKHOFFAV47CA,25,.33,見其他登記事項,鋼筋混凝土造,83年5月16日,十三層,
RPSNMLSKKHOFFAV47CA,25,.24,見其他登記事項,鋼筋混凝土造,83年5月16日,十三層,
RPSNMLSKKHOFFAV47CA,25,.26,見其他登記事項,鋼筋混凝土造,83年5月16日,十三層,
RPSNMLSKKHOFFAV47CA,25,.26,見其他登記事項,鋼筋混凝土造,83年5月16日,十三層,
RPSNMLSKKHOFFAV47CA,25,.33,見其他登記事項,鋼筋混凝土造,83年5月16日,十三層,
RPSNMLSKKHOFFAV47CA,25,.30,見其他登記事項,鋼筋混凝土造,83年5月16日,十三層,
RPSNMLSKKHOFFAV47CA,25,.13,見其他登記事項,鋼筋混凝土造,83年5月16日,十三層,
RPSNMLSKKHOFFAV47CA,25,.33,見其他登記事項,鋼筋混凝土造,83年5月16日,十三層,
RPSNMLSKKHOFFAV47CA,25,.49,見其他登記事項,鋼筋混凝土造,83年5月16日,十三層,
RPSNMLSKKHOFFAV47CA,25,.26,見其他登記事項,鋼筋混凝土造,83年5月16日,十三層,
RPSNMLSKKHOFFAV47CA,25,.26,見其他登記事項,鋼筋混凝土造,83年5月16日,十三層,
RPSNMLSKKHOFFAV47CA,25,.24,見其他登記事項,鋼筋混凝土造,83年5月16日,十三層,
RPSNMLSKKHOFFAV47CA,25,.26,見其他登記事項,鋼筋混凝土造,83年5月16日,十三層,
RPSNMLSKKHOFFAV47CA,25,.25,見其他登記事項,鋼筋混凝土造,83年5月16日,十三層,
RPSNMLSKKHOFFAV47CA,25,.33,見其他登記事項,鋼筋混凝土造,83年5月16日,十三層,
RPSNMLSKKHOFFAV47CA,25,.46,見其他登記事項,鋼筋混凝土造,83年5月16日,十三層,
RPSNMLSKKHOFFAV47CA,25,.33,見其他登記事項,鋼筋混凝土造,83年5月16日,十三層,
RPSNMLSKKHOFFAV47CA,25,.26,見其他登記事項,鋼筋混凝土造,83年5月16日,十三層,
RPSNMLSKKHOFFAV47CA,25,.26,見其他登記事項,鋼筋混凝土造,83年5月16日,十三層,
RPSNMLSKKHOFFAV47CA,25,.33,見其他登記事項,鋼筋混凝土造,83年5月16日,十三層,
RPSNMLSKKHOFFAV47CA,25,.33,見其他登記事項,鋼筋混凝土造,83年5月16日,十三層,
RPSNMLSKKHOFFAV47CA,25,.13,見其他登記事項,鋼筋混凝土造,83年5月16日,十三層,
RPSNMLSKKHOFFAV47CA,25,9.74,見其他登記事項,鋼筋混凝土造,83年5月16日,十三層,
RPSNMLSKKHOFFAV47CA,25,.33,見其他登記事項,鋼筋混凝土造,83年5月16日,十三層,
RPSNMLSKKHOFFAV47CA,25,.26,見其他登記事項,鋼筋混凝土造,83年5月16日,十三層,
RPSNMLSKKHOFFAV47CA,25,.26,見其他登記事項,鋼筋混凝土造,83年5月16日,十三層,
RPSNMLSKKHOFFAV47CA,25,.26,見其他登記事項,鋼筋混凝土造,83年5月16日,十三層,
RPSNMLSKKHOFFAV47CA,25,.33,見其他登記事項,鋼筋混凝土造,83年5月16日,十三層,
RPSNMLSKKHOFFAV47CA,25,.33,見其他登記事項,鋼筋混凝土造,83年5月16日,十三層,
RPSNMLSKKHOFFAV47CA,25,.26,見其他登記事項,鋼筋混凝土造,83年5月16日,十三層,
RPSNMLSKKHOFFAV47CA,25,.99,見其他登記事項,鋼筋混凝土造,83年5月16日,十三層,
RPPNMLSKKHOFFAV17CA,44,106.72,住家用,見其他登記事項,63年10月18日,二層,一層 二層
RPROMLLJKHOFFAV66CA,19,178.48,見其他登記事項,鋼筋混凝土造,89年3月22日,三層,一層 二層 三層 騎樓
RPSNMLLMJHOFFAV86CA,44,43.40,住家用,見其他登記事項,63年7月24日,一層,一層 騎樓
RPTPMLLJKHOFFAV96CA,1,30.34,見其他登記事項,見其他登記事項,107年3月23日,九層,
RPRNMLSKKHOFFAV37CA,25,83.80,住家用,鋼筋混凝土造,83年6月1日,三層,二層
RPRNMLSKKHOFFAV37CA,25,9.54,住商用,鋼筋混凝土造,83年6月1日,三層,
RPQNMLLMJHOFFDV96CA,21,35.30,商業用,鋼筋混凝土造,87年3月6日,十層,六層
RPQNMLLMJHOFFDV96CA,21,1.12,見其他登記事項,鋼筋混凝土造,87年3月6日,十五層,
RPQNMLLMJHOFFDV96CA,21,6.55,見其他登記事項,鋼筋混凝土造,87年3月6日,十五層,
RPQNMLLMJHOFFDV96CA,21,5.06,見其他登記事項,鋼筋混凝土造,87年3月6日,十層,
RPQNMLMKKHOFFAV66CA,23,131.98,住家用,鋼筋混凝土造,84年12月4日,十六層,七層
RPQNMLMKKHOFFAV66CA,23,50.22,見其他登記事項,鋼筋混凝土造,84年12月4日,十六層,
RPXNMLLKKHOFFAV27CA,35,130.82,住家用,加強磚造,73年2月21日,二層,一層 二層 騎樓
RPWNMLLKKHOFFAV17CA,26,178.03,住家用,鋼筋混凝土造,81年12月28日,三層,一層 二層 三層
RPPNMLNKKHOFFAV66CA,1,246.92,見其他登記事項,見其他登記事項,107年7月2日,三層,一層 二層 三層 屋頂突出物
RPQNMLLJKHOFFDV76CA,24,31.54,見其他登記事項,鋼筋混凝土造,83年9月30日,八層,六層
RPQNMLLJKHOFFDV76CA,24,6.07,見其他登記事項,鋼筋混凝土造,83年9月30日,八層,
RPQNMLSKKHOFFAV37DA,42,35.76,住家用,見其他登記事項,66年5月1日,二層,一層 二層
RPRNMLOKKHOFFAV96CA,9,226.85,住家用,見其他登記事項,98年12月11日,三層,一層 二層 三層
