﻿鄉鎮市區,交易標的,土地區段位置建物區段門牌,土地移轉總面積平方公尺,都市土地使用分區,非都市土地使用分區,非都市土地使用編定,交易年月日,交易筆棟數,移轉層次,總樓層數,建物型態,主要用途,主要建材,建築完成年月,建物移轉總面積平方公尺,建物現況格局-房,建物現況格局-廳,建物現況格局-衛,建物現況格局-隔間,有無管理組織,總價元,單價元平方公尺,車位類別,車位移轉總面積平方公尺,車位總價元,備註,編號
The villages and towns urban district,transaction sign,land sector position building sector house number plate,land shifting total area square meter,the use zoning or compiles and checks,the non-metropolis land use district,non-metropolis land use,transaction year month and day,transaction pen number,shifting level,total floor number,building state,main use,main building materials,construction to complete the years,building shifting total area,Building present situation pattern - room,building present situation pattern - hall,building present situation pattern - health,building present situation pattern - compartmented,Whether there is manages the organization,total price Yuan,the unit price a Yuan square meter,the berth category,berth shifting total area square meter,the berth total price Yuan,the note,serial number
金寧鄉,土地,東洲段571~600地號,912.87,其他,,,1071025,土地1建物0車位0,,,其他,,,,0.0,0,0,0,有,無,6800000,7449,,0.0,0,,RPSNMLNKJINFFAW96CA
金沙鎮,土地,洋山段1021~1050地號,1010.0,其他,,,1071029,土地1建物0車位0,,,其他,,,,0.0,0,0,0,有,無,12000000,11881,,0.0,0,,RPTNMLNKJINFFAW07CA
金寧鄉,房地(土地+建物),金門縣金寧鄉西浦頭61~90號,51.9,其他,,,1071008,土地1建物1車位0,三層,三層,公寓(5樓含以下無電梯),見其他登記事項,鋼筋混凝土造,1040430,79.55,3,1,2,有,無,3900000,49032,,0.0,0,,RPUNMLNKJINFFAW17CA
金寧鄉,房地(土地+建物),金門縣金寧鄉湖下211~240號,38.89,其他,,,1070920,土地2建物1車位0,三層,三層,公寓(5樓含以下無電梯),見其他登記事項,鋼筋混凝土造,1040528,66.03,2,2,1,有,無,3500000,53006,,0.0,0,,RPVNMLNKJINFFAW27CA
金寧鄉,土地,寧湖三劃段241~270地號,680.0,農,,,1071101,土地1建物0車位0,,,其他,,,,0.0,0,0,0,有,無,4800000,7059,,0.0,0,,RPPNMLQJKINFFAW96CA
金湖鎮,土地,尚義段151~180地號,412.73,農,,,1071029,土地1建物0車位0,,,其他,,,,0.0,0,0,0,有,無,1200000,2907,,0.0,0,,RPQNMLQJKINFFAW07CA
金城鎮,房地(土地+建物),金門縣金城鎮西海路三段106巷16弄1~30號,97.13,其他,,,1071031,土地2建物1車位0,全,三層,透天厝,住家用,鋼筋混凝土造,0990121,152.38,4,3,4,有,無,9200000,60375,,0.0,0,,RPOOMLTLJINFFAW37CA
金沙鎮,土地,洋山測段511~540地號,472.75,農,,,1071112,土地1建物0車位0,,,其他,,,,0.0,0,0,0,有,無,700000,1481,,0.0,0,,RPQNMLPKJINFFAW07DA
金湖鎮,房地(土地+建物),金門縣金湖鎮林兜301~330號,123.46,其他,,,1071030,土地2建物1車位0,全,三層,透天厝,住家用,鋼筋混凝土造,1070327,185.26,4,3,4,有,無,7600000,41023,,0.0,0,,RPSNMLQJKINFFAW27CA
金湖鎮,房地(土地+建物),金門縣金湖鎮林兜331~360號,100.53,其他,,,1071030,土地2建物1車位0,全,三層,透天厝,住家用,鋼筋混凝土造,1070327,185.26,4,3,4,有,無,7600000,41023,,0.0,0,,RPTNMLQJKINFFAW37CA
金湖鎮,房地(土地+建物),金門縣金湖鎮林兜331~360號,100.5,其他,,,1071030,土地2建物1車位0,全,三層,透天厝,住家用,鋼筋混凝土造,1070327,185.67,4,3,4,有,無,7600000,40933,,0.0,0,,RPUNMLQJKINFFAW47CA
金寧鄉,土地,寧北一劃段31~60地號,560.0,其他,,,1071024,土地2建物0車位0,,,其他,,,,0.0,0,0,0,有,無,2688000,4800,,0.0,0,,RPXNMLQJKINFFAW77CA
金寧鄉,土地,寧北一劃段121~150地號,800.0,其他,,,1071024,土地1建物0車位0,,,其他,,,,0.0,0,0,0,有,無,3840000,4800,,0.0,0,,RPOOMLQJKINFFAW96CA
金寧鄉,土地,寧北一劃段31~60地號,164.85,其他,,,1071024,土地1建物0車位0,,,其他,,,,0.0,0,0,0,有,無,791280,4800,,0.0,0,,RPPOMLQJKINFFAW07CA
金湖鎮,房地(土地+建物)+車位,金門縣金湖鎮市港五路121~150號,22.31,商,,,1071105,土地1建物1車位2,十層,十層,華廈(10層含以下有電梯),見其他登記事項,鋼筋混凝土造,1051206,158.61,3,2,2,有,無,10500000,66200,坡道機械,17.34,0,土地及建物分次登記案件。前案土地登記收件字號：;,RPSNMLPKJINFFAW17CA
烈嶼鄉,土地,庵下測段331~360地號,902.61,其他,,,1071028,土地6建物0車位0,,,其他,,,,0.0,0,0,0,有,無,2650000,2936,,0.0,0,,RPPNMLQKJINFFAW96CA
金寧鄉,土地,寧湖三劃段91~120地號,1000.0,農,,,1071029,土地1建物0車位0,,,其他,,,,0.0,0,0,0,有,無,6200000,6200,,0.0,0,,RPQNMLQKJINFFAW07CA
金寧鄉,土地,東洲村段31~60地號,39.67,住,,,1071104,土地1建物0車位0,,,其他,,,,0.0,0,0,0,有,無,600000,15125,,0.0,0,親友、員工或其他特殊關係間之交易。;,RPQNMLTKJINFFAW37CA
金沙鎮,土地,保生段1~30地號,477.73,住,,,1070928,土地1建物0車位0,,,其他,,,,0.0,0,0,0,有,無,16003955,33500,,0.0,0,,RPPNMLKKKINFFAW09CA
金湖鎮,房地(土地+建物),金門縣金湖鎮林兜301~330號,116.96,其他,,,1071030,土地2建物1車位0,全,三層,透天厝,住家用,鋼筋混凝土造,1070327,185.67,4,3,4,有,無,6800000,36624,,0.0,0,,RPVNMLQJKINFFAW57CA
金湖鎮,房地(土地+建物),金門縣金湖1~30號,114.26,工,,,1071029,土地1建物1車位0,五層,五層,工廠,見其他登記事項,鋼筋混凝土造,1070522,196.64,0,0,0,無,無,14257500,,,0.0,0,土地及建物分次登記案件。前案土地登記收件字號：;,RPSNMLKLJINFFAW76CA
金寧鄉,土地,寧北一劃段331~360地號,1240.0,其他,,,1071112,土地1建物0車位0,,,其他,,,,0.0,0,0,0,有,無,3800000,3065,,0.0,0,,RPPNMLMLJINFFAW66CA
金城鎮,房地(土地+建物),金門縣金城鎮浴井61~90號,49.67,其他,,,1071023,土地1建物1車位0,一層,三層,公寓(5樓含以下無電梯),見其他登記事項,鋼筋混凝土造,1060907,91.22999999999999,3,1,3,有,無,6600000,72353,,0.0,0,,RPSNMLRLJINFFAW47CA
金寧鄉,土地,湖尾段241~270地號,1440.66,農,,,1071105,土地1建物0車位0,,,其他,,,,0.0,0,0,0,有,無,2000000,1388,,0.0,0,無通路之農地,RPRNMLKLJINFFAW66CA
金寧鄉,土地,慈湖段151~180地號,6448.24,其他,,,1071107,土地1建物0車位0,,,其他,,,,0.0,0,0,0,有,無,24503312,3800,,0.0,0,,RPQOMLQJKINFFAW17CA
金寧鄉,土地,安岐村段1~30地號,213.0,住,,,1071113,土地1建物0車位0,,,其他,,,,0.0,0,0,0,有,無,14550000,68310,,0.0,0,含增建或未登記建物。;,RPRNMLRJKINFFAW27CA
金沙鎮,土地,北九十劃段421~450地號,493.82,農,,,1071111,土地1建物0車位0,,,其他,,,,0.0,0,0,0,有,無,1800000,3645,,0.0,0,,RPTNMLRLJINFFAW57CA
金湖鎮,房地(土地+建物),金門縣金湖鎮塔后181~210號,125.03,其他,,,1070926,土地1建物1車位0,全,三層,透天厝,見其他登記事項,鋼筋混凝土造,0870720,240.15,5,3,4,有,無,10360000,43140,,0.0,0,,RPRNMLLLJINFFAW76CA
金城鎮,房地(土地+建物),金門縣金城鎮西海路三段39巷2弄1~30號,33.2,農,,,1071104,土地1建物1車位0,三層,三層,公寓(5樓含以下無電梯),住家用,鋼筋混凝土加強磚造,0831008,98.14,3,2,2,有,無,4300000,43815,,0.0,0,,RPQNMLMLJINFFAW86DA
金城鎮,土地,小西門劃測段601~630地號,713.99,農,,,1071105,土地2建物0車位0,,,其他,,,,0.0,0,0,0,有,無,4000000,5602,,0.0,0,,RPPNMLRLJINFFAW27DA
金湖鎮,房地(土地+建物),金門縣金湖鎮塔后481~510號,21.75,其他,,,1071026,土地1建物1車位0,三層,三層,公寓(5樓含以下無電梯),見其他登記事項,鋼筋混凝土造,1060627,39.910000000000004,1,1,1,有,無,2490000,62390,,0.0,0,土地及建物分次登記案件。前案土地登記收件字號：;,RPVNMLNLJINFFAW37CA
金寧鄉,土地,中三劃測段121~150地號,1294.86,農,,,1071119,土地2建物0車位0,,,其他,,,,0.0,0,0,0,有,無,12910000,9970,,0.0,0,,RPQNMLQLJINFFAW17CA
金城鎮,土地,山前段391~420地號,238.45,其他,,,1071113,土地1建物0車位0,,,其他,,,,0.0,0,0,0,有,無,1550000,6500,,0.0,0,,RPRNMLQLJINFFAW27CA
金沙鎮,土地,陽宅段1111~1140地號,107.0,其他,,,1071120,土地1建物0車位0,,,其他,,,,0.0,0,0,0,有,無,1300000,12150,,0.0,0,,RPTNMLNLJINFFAW17CA
金寧鄉,土地,西堡劃測段31~60地號,1020.0,農,,,1071105,土地1建物0車位0,,,其他,,,,0.0,0,0,0,有,無,3000000,2941,,0.0,0,,RPUNMLRLJINFFAW67CA
金湖鎮,土地,湖前段1411~1440地號,155.65,住,,,1071029,土地1建物0車位0,,,其他,,,,0.0,0,0,0,有,無,3550000,22808,,0.0,0,含增建或未登記建物。;,RPTNMLKMJINFFAW96CA
金寧鄉,土地,寧湖三劃段511~540地號,666.67,其他,,,1071120,土地1建物0車位0,,,其他,,,,0.0,0,0,0,有,無,6700000,10050,,0.0,0,,RPPNMLTLJINFFAW47DA
金沙鎮,房地(土地+建物),金門縣金沙鎮陽翟211~240號,104.48,其他,,,1071115,土地2建物1車位0,全,三層,透天厝,見其他登記事項,鋼筋混凝土造,1070731,177.23,4,3,5,有,無,11750000,66298,,0.0,0,,RPXNMLTLJINFFAW18CA
金城鎮,房地(土地+建物),金門縣金城鎮珠浦南路74巷1~30號,25.45,住,,,1071121,土地2建物1車位0,一層,五層,公寓(5樓含以下無電梯),住家用,鋼筋混凝土造,0880317,86.25999999999999,2,1,1,有,無,4500000,52168,,0.0,0,親友、員工或其他特殊關係間之交易。;,RPRNMLOKKINFFAW07CA
金寧鄉,土地,盤山村段661~690地號,132.24,其他,,,1071105,土地1建物0車位0,,,其他,,,,0.0,0,0,0,有,無,6000000,45372,,0.0,0,,RPVNMLTLJINFFAW97CA
金城鎮,土地,中一段151~180地號,150.99,農,,,1071106,土地1建物0車位0,,,其他,,,,0.0,0,0,0,有,無,1500000,9934,,0.0,0,,RPSNMLKMJINFFAW86CA
金寧鄉,土地,寧安四劃段181~210地號,373.0,農,,,1071108,土地1建物0車位0,,,其他,,,,0.0,0,0,0,有,無,1000000,2681,,0.0,0,親友、員工或其他特殊關係間之交易。;,RPVNMLNJKINFFAW27CA
金沙鎮,土地,北九劃段1411~1440地號,90.24,其他,,,1071127,土地2建物0車位0,,,其他,,,,0.0,0,0,0,有,無,480148,5321,,0.0,0,,RPQNMLOJKINFFAW86CA
金城鎮,房地(土地+建物),金門縣金城鎮賢聚31~60號,42.08,其他,,,1071026,土地1建物1車位0,二層,三層,公寓(5樓含以下無電梯),見其他登記事項,鋼筋混凝土造,1070214,76.92,3,2,2,有,無,5260000,68383,,0.0,0,,RPRNMLOJKINFFAW96CA
金城鎮,土地,古坵段931~960地號,801.2,其他,,,1071116,土地1建物0車位0,,,其他,,,,0.0,0,0,0,有,無,2520000,3145,,0.0,0,,RPPNMLNJKINFFAW66CA
金沙鎮,土地,官澳測段661~690地號,468.12,其他,,,1071105,土地1建物0車位0,,,其他,,,,0.0,0,0,0,有,無,8420000,17987,,0.0,0,,RPRNMLKKKINFFAW66CA
金湖鎮,房地(土地+建物)+車位,金門縣金湖鎮赤東路1~30號,19.76,住,,,1071105,土地1建物1車位1,七層,十層,華廈(10層含以下有電梯),見其他登記事項,鋼筋混凝土造,1041201,123.25,2,2,1,有,無,6600000,53550,坡道平面,23.48,0,,RPPNMLNKKINFFAW76CA
金湖鎮,房地(土地+建物),金門縣金湖鎮林兜301~330號,100.09,其他,,,1071022,土地2建物1車位0,全,三層,透天厝,住家用,鋼筋混凝土造,1070327,185.67,4,3,4,有,無,10700000,57629,,0.0,0,,RPQNMLPJKINFFAW96CA
金湖鎮,土地,湖前段181~210地號,973.05,農,,,1071130,土地1建物0車位0,,,其他,,,,0.0,0,0,0,有,無,14000000,14388,,0.0,0,,RPSNMLPJKINFFAW27DA
金寧鄉,土地,寧湖三劃段631~660地號,90.81,其他,,,1071129,土地1建物0車位0,,,其他,,,,0.0,0,0,0,有,無,726480,8000,,0.0,0,,RPRNMLQJKINFFAW27DA
金沙鎮,房地(土地+建物),金門縣金沙鎮沙美241~270號,38.37,住,,,1071110,土地1建物1車位0,一層,三層,公寓(5樓含以下無電梯),見其他登記事項,鋼筋混凝土造,1060817,73.99,2,1,2,有,無,4800000,64874,,0.0,0,,RPRNMLLLKINFFAW96DA
金湖鎮,建物,金門縣金湖1~30號,0.0,,,,1071122,土地0建物1車位0,一層,五層,工廠,見其他登記事項,鋼筋混凝土造,1070522,272.45,0,0,0,無,無,11540000,,,0.0,0,,RPWNMLQJKINFFAW67CA
金湖鎮,房地(土地+建物),金門縣金湖鎮武德新莊121~150號,28.78,住,,,1071123,土地0建物1車位0,三層,五層,公寓(5樓含以下無電梯),見其他登記事項,鋼筋混凝土造,0990712,97.56,3,2,2,有,無,5450000,55863,,0.0,0,,RPQNMLKKKINFFAW56CA
烈嶼鄉,土地,陵水湖測段301~330地號,752.82,農,,,1071123,土地1建物0車位0,,,其他,,,,0.0,0,0,0,有,無,1250000,1660,,0.0,0,,RPUNMLKKKINFFAW96CA
金沙鎮,房地(土地+建物)+車位,金門縣金沙鎮東店1~30號,63.05,住,,,1071123,土地1建物1車位1,二層,三層,公寓(5樓含以下無電梯),見其他登記事項,鋼筋混凝土造,1060112,143.8,3,1,2,有,無,4800000,33380,坡道平面,19.95,0,,RPSNMLNKKINFFAW07CA
金沙鎮,土地,中蘭劃測段601~630地號,490.01,農,,,1071123,土地1建物0車位0,,,其他,,,,0.0,0,0,0,有,無,1800000,3673,,0.0,0,,RPRNMLNKKINFFAW96CA
金寧鄉,土地,寧北一劃段241~270地號,978.15,農,,,1071205,土地1建物0車位0,,,其他,,,,0.0,0,0,0,有,無,3700000,3783,,0.0,0,,RPSNMLKKKINFFAW86DA
金城鎮,土地,珠山段511~540地號,986.57,其他,,,1071204,土地1建物0車位0,,,其他,,,,0.0,0,0,0,有,無,1580000,1602,,0.0,0,親友、員工或其他特殊關係間之交易。;,RPUNMLNKKINFFAW27CA
金城鎮,土地,北一段121~150地號,1000.15,農,,,1071120,土地2建物0車位0,,,其他,,,,0.0,0,0,0,有,無,17250000,17247,,0.0,0,,RPQNMLNKKINFFAW86CA
金湖鎮,房地(土地+建物),金門縣金湖鎮林兜301~330號,100.25,其他,,,1071116,土地2建物1車位0,全,三層,透天厝,住家用,鋼筋混凝土造,1070327,185.26,4,3,4,有,無,10600000,57217,,0.0,0,,RPQNMLMKKINFFAW76CA
金湖鎮,房地(土地+建物),金門縣金湖鎮林兜331~360號,100.53,其他,,,1071116,土地2建物1車位0,全,三層,透天厝,住家用,鋼筋混凝土造,1070327,185.67,4,3,4,有,無,8600000,46319,,0.0,0,,RPRNMLMKKINFFAW86CA
金寧鄉,土地,湖尾段241~270地號,1440.66,農,,,1071126,土地1建物0車位0,,,其他,,,,0.0,0,0,0,有,無,2500000,1735,,0.0,0,,RPPNMLLKKINFFAW56CA
金湖鎮,房地(土地+建物),金門縣金湖鎮林兜301~330號,100.55,其他,,,1071116,土地2建物1車位0,全,三層,透天厝,住家用,鋼筋混凝土造,1070327,185.67,4,3,4,有,無,10600000,57091,,0.0,0,,RPPNMLMKKINFFAW66CA
金城鎮,土地,庵前劃測段391~420地號,1115.41,農,,,1071117,土地1建物0車位0,,,其他,,,,0.0,0,0,0,有,無,1500000,1345,,0.0,0,受債權債務影響或債務抵償之交易。;,RPWNMLNKKINFFAW47CA
金城鎮,房地(土地+建物),金門縣金城鎮西海路三段72巷3弄1~30號,25.75,其他,,,1071119,土地1建物1車位0,一層,二層,公寓(5樓含以下無電梯),住家用,鋼筋混凝土造,0840529,76.1,3,1,1,有,無,3250000,42707,,0.0,0,,RPXNMLNKKINFFAW57CA
金寧鄉,土地,寧安二劃段331~360地號,1000.0,農,,,1071204,土地1建物0車位0,,,其他,,,,0.0,0,0,0,有,無,6500000,6500,,0.0,0,,RPPNMLKLKINFFAW56CA
金湖鎮,房地(土地+建物),金門縣金湖鎮市港一路181~210號,77.14,其他,,,1071128,土地3建物1車位0,全,三層,透天厝,見其他登記事項,鋼筋混凝土造,0990730,150.65,5,2,3,有,無,8500000,56422,,0.0,0,,RPUNMLKLKINFFAW07CA
金寧鄉,土地,寧古劃段1261~1290地號,619.0,其他,,,1071128,土地1建物0車位0,,,其他,,,,0.0,0,0,0,有,無,2200000,3554,,0.0,0,,RPPNMLRKKINFFAW17CA
金寧鄉,土地,寧古劃段1321~1350地號,592.0,其他,,,1071128,土地1建物0車位0,,,其他,,,,0.0,0,0,0,有,無,1800000,3041,,0.0,0,,RPQNMLRKKINFFAW27CA
金寧鄉,房地(土地+建物),金門縣金寧鄉下堡181~210號,19.92,其他,,,1071008,土地1建物1車位0,一層,三層,公寓(5樓含以下無電梯),見其他登記事項,鋼筋混凝土造,1031113,36.089999999999996,1,1,1,有,無,2280000,63175,,0.0,0,土地及建物分次登記案件。前案土地登記收件字號：;,RPTNMLRKKINFFAW57CA
金寧鄉,土地,寧湖三劃段301~330地號,1000.0,農,,,1071212,土地1建物0車位0,,,其他,,,,0.0,0,0,0,有,無,6200000,6200,,0.0,0,,RPTNMLQLKINFFAW57CA
烈嶼鄉,土地,東坑段181~210地號,372.0,其他,,,1071112,土地1建物0車位0,,,其他,,,,0.0,0,0,0,有,無,6800000,18280,,0.0,0,,RPVNMLQLKINFFAW77CA
金城鎮,土地,水頭段241~270地號,423.15,農,,,1071127,土地2建物0車位0,,,其他,,,,0.0,0,0,0,有,無,5500000,12998,,0.0,0,,RPOOMLTKKINFFAW47DA
金湖鎮,車位,金門縣金湖鎮環島南路五段165巷5弄1~30號,0.0,,,,1071121,土地0建物0車位1,,,其他,,,,39.24,0,0,0,有,有,350000,,坡道平面,39.24,350000,單獨車位交易。;,RPPNMLSKKINFFAW27CA
金湖鎮,車位,金門縣金湖鎮環島南路五段165巷5弄1~30號,0.0,,,,1071121,土地0建物0車位1,,,其他,,,,39.24,0,0,0,有,有,350000,,坡道平面,39.24,350000,單獨車位交易。;,RPQNMLSKKINFFAW37CA
金湖鎮,車位,金門縣金湖鎮環島南路五段165巷5弄1~30號,0.0,,,,1071121,土地0建物0車位1,,,其他,,,,39.24,0,0,0,有,有,350000,,坡道平面,39.24,350000,單獨車位交易。;,RPRNMLSKKINFFAW47CA
金城鎮,土地,古崗段1171~1200地號,406.82,其他,,,1071127,土地2建物0車位0,,,其他,,,,0.0,0,0,0,有,無,690000,1696,,0.0,0,,RPXNMLTKKINFFAW18CA
金沙鎮,土地,官澳測段241~270地號,2247.91,農,,,1071121,土地7建物0車位0,,,其他,,,,0.0,0,0,0,有,無,1680000,747,,0.0,0,,RPSNMLKLKINFFAW86CA
金湖鎮,房地(土地+建物),金門縣金湖鎮林兜301~330號,100.53,其他,,,1071205,土地2建物1車位0,全,三層,透天厝,住家用,鋼筋混凝土造,1070327,185.67,4,3,4,有,無,7600000,40933,,0.0,0,,RPQNMLKLKINFFAW66CA
金城鎮,房地(土地+建物),金門縣金城鎮西海路35巷1~30號,374.0,其他,,,1071126,土地1建物1車位0,全,三層,透天厝,農舍,鋼筋混凝土造,1020918,332.51,9,1,10,有,無,21750000,65412,,0.0,0,,RPRNMLKLKINFFAW76CA
金城鎮,土地,后豐港段361~390地號,872.96,其他,,,1071206,土地1建物0車位0,,,其他,,,,0.0,0,0,0,有,無,19700000,22567,,0.0,0,,RPRNMLTKKINFFAW57CA
金寧鄉,土地,東洲段571~600地號,2893.86,農,,,1070831,土地3建物0車位0,,,其他,,,,0.0,0,0,0,有,無,13000000,4492,,0.0,0,,RPSNMLTKKINFFAW67CA
金沙鎮,土地,官澳測段661~690地號,841.82,農,,,1071130,土地14建物0車位0,,,其他,,,,0.0,0,0,0,有,無,1300000,1544,,0.0,0,受債權債務影響或債務抵償之交易。;,RPTNMLTKKINFFAW77CA
金寧鄉,房地(土地+建物),金門縣金寧鄉慈湖路一段181~210號,88.83,住,,,1071205,土地1建物1車位0,全,三層,透天厝,住家用,鋼筋混凝土造,0911007,180.93,4,2,4,有,無,2500000,13817,,0.0,0,親友、員工或其他特殊關係間之交易。;,RPVNMLMLKINFFAW37CA
金寧鄉,房地(土地+建物),金門縣金寧鄉湖下211~240號,49.12,住,,,1071116,土地1建物1車位0,一層,三層,公寓(5樓含以下無電梯),見其他登記事項,鋼筋混凝土造,1051228,87.22,3,1,2,有,無,4200000,48154,,0.0,0,,RPPNMLOLKINFFAW96CA
金湖鎮,房地(土地+建物),金門縣金湖鎮市港三路151~180號,110.08,住,,,1071213,土地1建物4車位0,二層,八層,華廈(10層含以下有電梯),見其他登記事項,鋼筋混凝土造,1060412,352.5,3,2,2,有,無,22000000,62411,,0.0,0,,RPPNMLQKJHOFFAW07DA
金城鎮,房地(土地+建物),金門縣金城鎮民權路226巷2弄1~30號,30.92,住,,,1070720,土地2建物1車位0,十層,十一層,住宅大樓(11層含以上有電梯),見其他登記事項,鋼筋混凝土造,1051104,161.04000000000002,4,2,2,有,有,18500000,114878,,0.0,0,,RPPNMLTJJHOFFAW17CA
金城鎮,房地(土地+建物),金門縣金城鎮民權路226巷2弄1~30號,30.78,住,,,1070720,土地2建物1車位0,十層,十一層,住宅大樓(11層含以上有電梯),見其他登記事項,鋼筋混凝土造,1051104,160.25,4,2,2,有,有,18420000,114945,,0.0,0,,RPQNMLTJJHOFFAW27CA
金寧鄉,房地(土地+建物),金門縣金寧鄉湖南1~30號,48.38,其他,,,1071203,土地1建物1車位0,二層,三層,公寓(5樓含以下無電梯),見其他登記事項,鋼筋混凝土造,1070816,87.99000000000001,2,2,2,有,無,5100000,57961,,0.0,0,,RPXNMLMLKINFFAW57CA
金寧鄉,土地,寧古劃段841~870地號,500.0,其他,,,1071130,土地1建物0車位0,,,其他,,,,0.0,0,0,0,有,無,1450000,2900,,0.0,0,,RPPNMLNLKINFFAW86CA
金寧鄉,房地(土地+建物),金門縣金寧鄉湖南1~30號,48.38,其他,,,1071203,土地1建物1車位0,一層,三層,公寓(5樓含以下無電梯),見其他登記事項,鋼筋混凝土造,1070816,87.99000000000001,2,2,2,有,無,5480000,62280,,0.0,0,,RPRNMLMLKINFFAW96CA
金寧鄉,房地(土地+建物),金門縣金寧鄉湖南1~30號,61.97,其他,,,1071203,土地1建物1車位0,三層，見其他登記事項,三層,公寓(5樓含以下無電梯),見其他登記事項,鋼筋混凝土造,1070816,115.88,3,2,2,有,無,7050000,60839,,0.0,0,,RPWNMLMLKINFFAW47CA
金寧鄉,房地(土地+建物),金門縣金寧鄉湖南1~30號,48.38,其他,,,1071203,土地1建物1車位0,二層,三層,公寓(5樓含以下無電梯),見其他登記事項,鋼筋混凝土造,1070816,87.99000000000001,2,2,2,有,無,5100000,57961,,0.0,0,,RPQNMLOLKINFFAW07CA
金湖鎮,土地,湖前段1~30地號,308.3,其他,,,1071217,土地2建物0車位0,,,其他,,,,0.0,0,0,0,有,無,4150000,13461,,0.0,0,,RPPNMLLLKINFFAW66CA
金寧鄉,房地(土地+建物),金門縣金寧鄉湖南1~30號,61.97,其他,,,1071203,土地1建物1車位0,三層，見其他登記事項,三層,公寓(5樓含以下無電梯),見其他登記事項,鋼筋混凝土造,1070816,115.88,3,2,2,有,無,7050000,60839,,0.0,0,,RPUNMLMLKINFFAW27CA
金寧鄉,房地(土地+建物),金門縣金寧鄉湖南1~30號,48.38,其他,,,1071203,土地1建物1車位0,二層,三層,公寓(5樓含以下無電梯),見其他登記事項,鋼筋混凝土造,1070816,87.99000000000001,2,2,2,有,無,5100000,57961,,0.0,0,,RPQNMLMLKINFFAW86CA
金寧鄉,房地(土地+建物),金門縣金寧鄉湖南1~30號,48.38,其他,,,1071203,土地1建物1車位0,二層,三層,公寓(5樓含以下無電梯),見其他登記事項,鋼筋混凝土造,1070816,87.99000000000001,2,2,2,有,無,5060000,57507,,0.0,0,,RPSNMLMLKINFFAW07CA
金湖鎮,房地(土地+建物),金門縣金湖鎮市港三路211~240號,21.2,住,,,1071210,土地1建物1車位0,二層,八層,華廈(10層含以下有電梯),見其他登記事項,鋼筋混凝土造,1050421,106.25,3,2,2,有,無,6880000,64753,,0.0,0,土地及建物分次登記案件。前案土地登記收件字號：;,RPRNMLPLKINFFAW27CA
金湖鎮,房地(土地+建物),金門縣金湖鎮湖前301~330號,59.8,其他,,,1071205,土地2建物1車位0,全,三層,透天厝,見其他登記事項,鋼筋混凝土造,1021011,143.68,3,3,3,有,無,11000000,76559,,0.0,0,,RPTNMLPLKINFFAW47CA
金沙鎮,土地,陽宅段271~300地號,885.77,農,,,1071130,土地1建物0車位0,,,其他,,,,0.0,0,0,0,有,無,1700000,1919,,0.0,0,,RPVNMLOLKINFFAW57CA
金湖鎮,土地,小徑段1051~1080地號,34.83,住,,,1071119,土地1建物0車位0,,,其他,,,,0.0,0,0,0,有,無,1490000,42779,,0.0,0,建商與地主合建案。;,RPPNMLQLKINFFAW17CA
金湖鎮,建物,金門縣金湖鎮小徑121~150號,0.0,,,,1071119,土地0建物1車位0,二層,三層,公寓(5樓含以下無電梯),見其他登記事項,鋼筋混凝土造,1061225,57.95,0,0,0,無,無,1490000,25712,,0.0,0,建商與地主合建案。;,RPQNMLQLKINFFAW27CA
金湖鎮,土地,小徑段1051~1080地號,34.83,住,,,1071214,土地1建物0車位0,,,其他,,,,0.0,0,0,0,有,無,1500000,43066,,0.0,0,建商與地主合建案。;,RPRNMLQLKINFFAW37CA
金湖鎮,建物,金門縣金湖鎮小徑121~150號,0.0,,,,1071214,土地0建物1車位0,一層,三層,公寓(5樓含以下無電梯),見其他登記事項,鋼筋混凝土造,1061225,51.78,0,0,0,無,無,1500000,28969,,0.0,0,建商與地主合建案。;,RPSNMLQLKINFFAW47CA
烈嶼鄉,土地,東林段601~630地號,70.11,其他,,,1071217,土地1建物0車位0,,,其他,,,,0.0,0,0,0,有,無,2000000,28527,,0.0,0,,RPSNMLPLKINFFAW37CA
金湖鎮,房地(土地+建物),金門縣金湖鎮國順街1~30號,80.69,其他,,,1071205,土地1建物1車位0,一層，二層,二層,店面(店鋪),住商用,鋼筋混凝土造,0760310,152.76,3,1,2,有,無,8500000,55643,,0.0,0,,RPUNMLQLKINFFAW67CA
金寧鄉,土地,寧湖三劃段301~330地號,1000.0,農,,,1071217,土地1建物0車位0,,,其他,,,,0.0,0,0,0,有,無,8800000,8800,,0.0,0,,RPPNMLRLKINFFAW27CA
金湖鎮,房地(土地+建物),金門縣金湖鎮赤東路121~150號,30.32,住,,,1071030,土地1建物1車位0,二層,六層,華廈(10層含以下有電梯),見其他登記事項,鋼筋混凝土造,1070809,119.64,3,2,2,有,無,7200000,60181,,0.0,0,,RPRNMLRLKINFFAW47CA
金湖鎮,房地(土地+建物),金門縣金湖鎮赤東路121~150號,30.32,住,,,1071030,土地1建物1車位0,三層,六層,華廈(10層含以下有電梯),見其他登記事項,鋼筋混凝土造,1070809,125.38,3,2,2,有,無,7600000,60616,,0.0,0,,RPSNMLRLKINFFAW57CA
金湖鎮,房地(土地+建物),金門縣金湖鎮赤東路121~150號,30.32,住,,,1071030,土地1建物1車位0,四層,六層,華廈(10層含以下有電梯),見其他登記事項,鋼筋混凝土造,1070809,125.38,3,2,2,有,無,7500000,59818,,0.0,0,,RPTNMLRLKINFFAW67CA
金湖鎮,房地(土地+建物),金門縣金湖鎮赤東路121~150號,30.32,住,,,1071030,土地1建物1車位0,五層,六層,華廈(10層含以下有電梯),見其他登記事項,鋼筋混凝土造,1070809,125.38,3,2,2,有,無,8000000,63806,,0.0,0,,RPUNMLRLKINFFAW77CA
金湖鎮,房地(土地+建物),金門縣金湖鎮赤東路121~150號,30.32,住,,,1071030,土地1建物1車位0,六層,六層,華廈(10層含以下有電梯),見其他登記事項,鋼筋混凝土造,1070809,125.38,3,2,2,有,無,8800000,70187,,0.0,0,,RPVNMLRLKINFFAW87CA
金湖鎮,房地(土地+建物),金門縣金湖鎮赤東路121~150號,58.38,住,,,1071030,土地1建物1車位0,一層，見其他登記事項,六層,店面(店鋪),見其他登記事項,鋼筋混凝土造,1070809,214.10000000000002,3,2,2,有,無,17380000,81177,,0.0,0,,RPWNMLRLKINFFAW97CA
金沙鎮,土地,沙港劃段91~120地號,1000.06,農,,,1071130,土地1建物0車位0,,,其他,,,,0.0,0,0,0,有,無,4700000,4700,,0.0,0,,RPXNMLRLKINFFAW08CA
金寧鄉,房地(土地+建物),金門縣金寧鄉前厝31~60號,41.67,其他,,,1071206,土地1建物1車位0,一層,三層,公寓(5樓含以下無電梯),見其他登記事項,鋼筋混凝土造,1030722,71.36,3,1,2,有,無,4900000,68666,,0.0,0,,RPOOMLRLKINFFAW27CA
金寧鄉,房地(土地+建物),金門縣金寧鄉盤果路1~30號,102.25,住,,,1071206,土地2建物1車位0,全,三層,透天厝,住家用,鋼筋混凝土造,1051123,172.43,4,1,4,有,無,14500000,84092,,0.0,0,,RPQNMLOJJHOFFAW76CA
金寧鄉,土地,寧湖三劃段811~840地號,491.14,其他,,,1071220,土地1建物0車位0,,,其他,,,,0.0,0,0,0,有,無,5000000,10180,,0.0,0,,RPTNMLOJJHOFFAW07CA
金寧鄉,房地(土地+建物),金門縣金寧鄉上后垵1~30號,32.44,其他,,,1071220,土地1建物1車位0,三層,三層,公寓(5樓含以下無電梯),見其他登記事項,鋼筋混凝土造,1051223,63.82,2,1,2,有,無,3800000,59542,,0.0,0,,RPQNMLMJJHOFFAW76EA
金寧鄉,房地(土地+建物),金門縣金寧鄉上后垵1~30號,32.44,其他,,,1071220,土地1建物1車位0,一層,三層,公寓(5樓含以下無電梯),見其他登記事項,鋼筋混凝土造,1051223,62.01,2,1,2,有,無,4000000,64495,,0.0,0,,SPQNMLMJJHOFFAW86EA
金城鎮,房地(土地+建物),金門縣金城鎮賢聚31~60號,49.65,其他,,,1071213,土地1建物1車位0,三層,四層,華廈(10層含以下有電梯),見其他登記事項,鋼筋混凝土造,1070213,102.78,3,2,2,有,無,6600000,64215,,0.0,0,,RPRNMLSLKINFFAW57CA
金湖鎮,土地,北五劃段31~60地號,709.54,其他,,,1071116,土地1建物0車位0,,,其他,,,,0.0,0,0,0,有,無,4125000,5814,,0.0,0,向政府機關承購之案件。;,RPRNMLPKJHOFFAW07CA
金城鎮,土地,東沙段631~660地號,368.3,其他,,,1071214,土地1建物0車位0,,,其他,,,,0.0,0,0,0,有,無,1280000,3475,,0.0,0,,RPPNMLMJJHOFFAW09CA
金寧鄉,土地,榜林村段121~150地號,74.67,其他,,,1071225,土地1建物0車位0,,,其他,,,,0.0,0,0,0,有,無,3580000,47944,,0.0,0,,RPTNMLSJJHOFFAW57DA
金城鎮,房地(土地+建物),金門縣金城鎮東門里林湖路2971~3000號,91.3,住,,,1071224,土地1建物1車位0,全,三層,透天厝,住家用,鋼筋混凝土造,1041112,178.68,5,2,5,有,無,10000000,55966,,0.0,0,,RPPNMLRJJHOFFAW07DA
金城鎮,土地,古坵段931~960地號,108.0,其他,,,1071204,土地1建物0車位0,,,其他,,,,0.0,0,0,0,有,無,3920400,36300,,0.0,0,,RPQNMLLMJHOFFAW76CA
金寧鄉,房地(土地+建物),金門縣金寧鄉埔邊31~60號,63.67,住,,,1071205,土地1建物1車位0,三層,三層,公寓(5樓含以下無電梯),見其他登記事項,鋼筋混凝土造,1021227,123.67,3,1,2,有,無,8700000,70349,,0.0,0,,RPRNMLOJJHOFFAW86CA
金寧鄉,房地(土地+建物),金門縣金寧鄉埔邊1~30號,15.81,農,,,1071130,土地1建物1車位0,二層,三層,套房(1房1廳1衛),見其他登記事項,鋼筋混凝土造,1040722,40.489999999999995,1,0,1,有,無,2600000,64213,,0.0,0,,RPSNMLOJJHOFFAW96CA
金城鎮,土地,天后宮段541~570地號,327.49,住,,,1071210,土地4建物0車位0,,,其他,,,,0.0,0,0,0,有,無,8779510,26808,,0.0,0,親友、員工或其他特殊關係間之交易。;,RPSNMLQKJHOFFAW27CA
金寧鄉,房地(土地+建物),金門縣金寧鄉湖南1~30號,48.38,其他,,,1071207,土地1建物1車位0,一層,三層,公寓(5樓含以下無電梯),見其他登記事項,鋼筋混凝土造,1070816,87.99000000000001,2,2,2,有,無,5450000,61939,,0.0,0,,RPRNMLSJJHOFFAW27CA
金城鎮,房地(土地+建物),金門縣金城鎮珠浦西路6巷6弄1~30號,23.03,住,,,1071207,土地1建物1車位0,四層,五層,公寓(5樓含以下無電梯),見其他登記事項,鋼筋混凝土造,0981006,78.75999999999999,2,2,2,有,無,5200000,66023,,0.0,0,親友、員工或其他特殊關係間之交易。;,RPRNMLLKJHOFFAW66CA
金城鎮,房地(土地+建物),金門縣金城鎮珠浦西路6巷6弄1~30號,23.03,住,,,1071207,土地1建物1車位0,四層,五層,公寓(5樓含以下無電梯),見其他登記事項,鋼筋混凝土造,0981006,78.75999999999999,2,2,2,有,無,5200000,66023,,0.0,0,親友、員工或其他特殊關係間之交易。;,RPSNMLLKJHOFFAW76CA
金寧鄉,房地(土地+建物),金門縣金寧鄉湖南1~30號,48.38,其他,,,1071206,土地1建物1車位0,一層,三層,公寓(5樓含以下無電梯),見其他登記事項,鋼筋混凝土造,1070816,87.99000000000001,2,2,2,有,無,5450000,61939,,0.0,0,,RPQNMLSJJHOFFAW17CA
金湖鎮,房地(土地+建物),金門縣金寧鄉埔後121~150號,577.18,農,,,1071227,土地3建物1車位0,全,三層,透天厝,見其他登記事項,鋼筋混凝土造,1021205,210.68,4,2,4,有,無,12000000,56958,,0.0,0,買方另付土地增值稅,RPPNMLKKJHOFFAW98CA
金城鎮,土地,山前段451~480地號,52.0,農,,,1071130,土地1建物0車位0,,,其他,,,,0.0,0,0,0,有,無,200000,3846,,0.0,0,,RPSNMLSJJHOFFAW37CA
金城鎮,土地,后豐港段361~390地號,898.13,其他,,,1071220,土地8建物0車位0,,,其他,,,,0.0,0,0,0,有,無,18500000,20598,,0.0,0,"包含公共設施保留地之交易。;1.另有買受人2.本筆買賣之土地係金門縣1-1計劃道路新闢工程用地價購範圍內之土地,可交換后豐新村之可建築用地",RPRNMLKKJHOFFAW56CA
金城鎮,房地(土地+建物),金門縣金城鎮民族路246巷1~30號,15.7,其他,,,1071228,土地1建物1車位0,一層,四層,公寓(5樓含以下無電梯),見其他登記事項,鋼筋混凝土造,1040811,43.21,1,1,1,有,無,3000000,69428,,0.0,0,,RPVNMLKKJHOFFAW96CA
金寧鄉,土地,寧湖三劃段121~150地號,960.7,農,,,1071228,土地1建物0車位0,,,其他,,,,0.0,0,0,0,有,無,4400000,4580,,0.0,0,,RPWNMLKKJHOFFAW07CA
金城鎮,房地(土地+建物),金門縣金城鎮古城里金門城31~60號,61.67,住,,,1060111,土地1建物1車位0,一層,三層,公寓(5樓含以下無電梯),見其他登記事項,鋼筋混凝土造,1070913,86.2,3,2,2,有,無,4850000,56265,,0.0,0,,RPQNMLLKJHOFFAW66DA
金城鎮,房地(土地+建物),金門縣金城鎮南門里民權路31~60號,77.61,商,,,1071213,土地2建物1車位0,全,三層,透天厝,住商用,鋼筋混凝土造,0680415,180.0,5,3,3,有,無,5000000,27778,,0.0,0,親友、員工或其他特殊關係間之交易。;,RPSOMLLKJHOFFAW96DA
金湖鎮,土地,新市段91~120地號,1028.21,其他,,,1070920,土地6建物0車位0,,,其他,,,,0.0,0,0,0,有,無,62200000,60493,,0.0,0,,RPVNMLLMJHOFFAW37DA
金城鎮,土地,古坵段781~810地號,1760.8,農,,,1071212,土地3建物0車位0,,,其他,,,,0.0,0,0,0,有,無,2700000,1533,,0.0,0,,RPPNMLLKJHOFFAW09CA
金寧鄉,房地(土地+建物),金門縣金寧鄉下埔下121~150號,105.28,其他,,,1071221,土地1建物1車位0,全,三層,透天厝,住家用,鋼筋混凝土造,1031124,162.73,5,1,4,有,無,10000000,61451,,0.0,0,,RPQNMLKKJHOFFAW09CA
金寧鄉,土地,寧古劃段871~900地號,980.0,其他,,,1071222,土地2建物0車位0,,,其他,,,,0.0,0,0,0,有,無,2650000,2704,,0.0,0,,RPPNMLNKJHOFFAW66CA
金寧鄉,土地,寧北一劃段121~150地號,1585.18,其他,,,1080110,土地5建物0車位0,,,其他,,,,0.0,0,0,0,有,無,3250000,2050,,0.0,0,親友、員工或其他特殊關係間之交易。;,RPUNMLSKJHOFFAW67CA
金湖鎮,房地(土地+建物)+車位,金門縣金湖鎮市港三路211~240號,24.94,住,,,1071227,土地1建物1車位2,五層,八層,華廈(10層含以下有電梯),見其他登記事項,鋼筋混凝土造,1050421,126.03,3,2,2,有,無,8000000,63477,坡道機械,19.88,0,土地及建物分次登記案件。前案土地登記收件字號：;,RPPNMLOKJHOFFAW76CA
金寧鄉,土地,寧北一劃段31~60地號,680.0,農,,,1071220,土地2建物0車位0,,,其他,,,,0.0,0,0,0,有,無,1500000,2206,,0.0,0,,RPUOMLSKJHOFFAW77CA
金城鎮,土地,珠山段1021~1050地號,1501.97,其他,,,1071216,土地2建物0車位0,,,其他,,,,0.0,0,0,0,有,無,1600000,1065,,0.0,0,,RPUNMLKKJHOFFAW86CA
金湖鎮,房地(土地+建物),金門縣金湖鎮東村1~30號,51.09,其他,,,1071222,土地1建物1車位0,一層,三層,公寓(5樓含以下無電梯),見其他登記事項,鋼筋混凝土造,1040804,93.17,3,2,2,有,無,4200000,45079,,0.0,0,土地及建物分次登記案件。前案土地登記收件字號：;,RPUNMLLKJHOFFAW96CA
金湖鎮,房地(土地+建物),金門縣金湖鎮市港三路121~150號,16.29,住,,,1071217,土地1建物1車位0,二層,七層,華廈(10層含以下有電梯),見其他登記事項,鋼筋混凝土造,1050617,85.03,2,2,1,有,無,5200000,61155,,0.0,0,土地及建物分次登記案件。前案土地登記收件字號：;,RPWNMLLKJHOFFAW17CA
金湖鎮,房地(土地+建物),金門縣金湖鎮市港三路211~240號,19.95,住,,,1071226,土地1建物1車位0,七層,八層,華廈(10層含以下有電梯),見其他登記事項,鋼筋混凝土造,1050421,102.55000000000001,3,2,2,有,無,6600000,64359,,0.0,0,土地及建物分次登記案件。前案土地登記收件字號：;,RPOOMLLKJHOFFAW09CA
金湖鎮,土地,士校段151~180地號,2295.07,農,,,1071221,土地1建物0車位0,,,其他,,,,0.0,0,0,0,有,無,8500000,3704,,0.0,0,,RPQNMLNKJHOFFAW76CA
金湖鎮,土地,北五劃段31~60地號,1584.53,其他,,,1071228,土地2建物0車位0,,,其他,,,,0.0,0,0,0,有,無,8625000,5443,,0.0,0,,RPQNMLPKJHOFFAW96CA
金寧鄉,土地,龍潭段1051~1080地號,1465.91,農,,,1071231,土地6建物0車位0,,,其他,,,,0.0,0,0,0,有,無,1500000,1023,,0.0,0,,RPTNMLQKJHOFFAW37CA
金沙鎮,土地,榮湖段1321~1350地號,1000.0,農,,,1080107,土地1建物0車位0,,,其他,,,,0.0,0,0,0,有,無,1500000,1500,,0.0,0,,RPPNMLRKJHOFFAW07CA
金城鎮,土地,庵前村測段121~150地號,901.85,其他,,,1080109,土地2建物0車位0,,,其他,,,,0.0,0,0,0,有,無,26800000,29717,,0.0,0,,RPSOMLSKJHOFFAW57CA
金寧鄉,房地(土地+建物),金門縣金寧鄉下埔下91~120號,36.7,住,,,1080103,土地2建物1車位0,四層,五層,華廈(10層含以下有電梯),見其他登記事項,鋼筋混凝土造,1071009,89.42999999999999,3,2,2,有,無,5800000,64855,,0.0,0,,RPWNMLSKJHOFFAW87CA
金寧鄉,房地(土地+建物),金門縣金寧鄉下埔下91~120號,36.7,住,,,1080103,土地2建物1車位0,一層,五層,華廈(10層含以下有電梯),見其他登記事項,鋼筋混凝土造,1071009,81.88,3,2,2,有,無,6200000,75721,,0.0,0,,RPXNMLSKJHOFFAW97CA
金寧鄉,房地(土地+建物),金門縣金寧鄉下埔下91~120號,36.7,住,,,1080103,土地2建物1車位0,二層,五層,華廈(10層含以下有電梯),見其他登記事項,鋼筋混凝土造,1071009,89.03,3,2,2,有,無,5500000,61777,,0.0,0,,RPOOMLSKJHOFFAW17CA
金寧鄉,房地(土地+建物),金門縣金寧鄉下埔下91~120號,36.7,住,,,1080103,土地2建物1車位0,三層,五層,華廈(10層含以下有電梯),見其他登記事項,鋼筋混凝土造,1071009,89.03,3,2,2,有,無,5500000,61777,,0.0,0,,RPPOMLSKJHOFFAW27CA
金寧鄉,房地(土地+建物),金門縣金寧鄉下埔下91~120號,36.7,住,,,1080103,土地2建物1車位0,四層,五層,華廈(10層含以下有電梯),見其他登記事項,鋼筋混凝土造,1071009,89.42999999999999,3,2,2,有,無,5500000,61501,,0.0,0,,RPROMLSKJHOFFAW47CA
金寧鄉,房地(土地+建物),金門縣金寧鄉下埔下91~120號,36.7,住,,,1080103,土地2建物1車位0,五層,五層,華廈(10層含以下有電梯),見其他登記事項,鋼筋混凝土造,1071009,89.42999999999999,3,2,2,有,無,6200000,69328,,0.0,0,,RPTOMLSKJHOFFAW67CA
金城鎮,房地(土地+建物),金門縣金城鎮民權路122巷5弄1~30號,6.63,住,,,1080105,土地1建物1車位0,一層,五層,華廈(10層含以下有電梯),見其他登記事項,鋼筋混凝土造,1021030,16.42,0,0,0,無,無,1220000,74300,,0.0,0,受債權債務影響或債務抵償之交易。;,RPQNMLSKJHOFFAW27CA
金城鎮,房地(土地+建物),金門縣金城鎮民權路122巷5弄1~30號,11.77,住,,,1080105,土地1建物1車位0,二層,五層,華廈(10層含以下有電梯),見其他登記事項,鋼筋混凝土造,1021030,37.519999999999996,2,1,1,有,無,2820000,75160,,0.0,0,受債權債務影響或債務抵償之交易。;,SPQNMLSKJHOFFAW37CA
金城鎮,房地(土地+建物),金門縣金城鎮民權路122巷5弄1~30號,11.77,住,,,1080105,土地1建物1車位0,三層,五層,華廈(10層含以下有電梯),見其他登記事項,鋼筋混凝土造,1021030,37.519999999999996,2,1,1,有,無,2820000,75160,,0.0,0,受債權債務影響或債務抵償之交易。;,TPQNMLSKJHOFFAW47CA
金城鎮,房地(土地+建物),金門縣金城鎮民權路122巷5弄1~30號,9.93,住,,,1080105,土地1建物1車位0,五層，見其他登記事項,五層,華廈(10層含以下有電梯),見其他登記事項,鋼筋混凝土造,1021030,30.939999999999998,1,1,1,有,無,2320000,74984,,0.0,0,受債權債務影響或債務抵償之交易。;,UPQNMLSKJHOFFAW57CA
金城鎮,房地(土地+建物),金門縣金城鎮民權路122巷5弄1~30號,11.77,住,,,1080105,土地1建物1車位0,四層,五層,華廈(10層含以下有電梯),見其他登記事項,鋼筋混凝土造,1021030,37.519999999999996,2,1,1,有,無,2820000,75160,,0.0,0,受債權債務影響或債務抵償之交易。;,VPQNMLSKJHOFFAW67CA
金寧鄉,土地,盤山村段331~360地號,261.87,住,,,1080110,土地1建物0車位0,,,其他,,,,0.0,0,0,0,有,無,9000000,34368,,0.0,0,,RPVNMLSKJHOFFAW87DA
金湖鎮,房地(土地+建物),金門縣金湖鎮市港路1~30號,91.33,其他,,,1071223,土地1建物1車位0,全,三層,透天厝,見其他登記事項,鋼筋混凝土造,0990120,254.47,3,3,5,有,無,13000000,51087,,0.0,0,,RPRNMLLLJHOFFAW76CA
金寧鄉,土地,北二三劃測段451~480地號,500.0,農,,,1080110,土地1建物0車位0,,,其他,,,,0.0,0,0,0,有,無,2450000,4900,,0.0,0,,RPPNMLNLJHOFFAW76CA
金沙鎮,土地,官嶼劃段121~150地號,1000.0,農,,,1080108,土地2建物0車位0,,,其他,,,,0.0,0,0,0,有,無,1800000,1800,,0.0,0,親友、員工或其他特殊關係間之交易。;,RPSNMLNLJHOFFAW07CA
金沙鎮,土地,陽宅段1111~1140地號,107.0,其他,,,1071226,土地1建物0車位0,,,其他,,,,0.0,0,0,0,有,無,1300000,12150,,0.0,0,,RPTNMLSKJHOFFAW57CA
金寧鄉,房地(土地+建物),金門縣金寧鄉東堡31~60號,186.72,其他,,,1071228,土地3建物1車位0,全,三層,透天厝,見其他登記事項,鋼筋混凝土造,1061127,168.77,4,2,3,有,無,15000000,88878,,0.0,0,土地及建物分次登記案件。前案土地登記收件字號：;,RPQNMLTKJHOFFAW37CA
金湖鎮,房地(土地+建物),金門縣金湖鎮市港三路211~240號,20.99,住,,,1071228,土地1建物1車位0,三層,八層,華廈(10層含以下有電梯),見其他登記事項,鋼筋混凝土造,1050421,106.14,3,2,2,有,無,7350000,69248,,0.0,0,土地及建物分次登記案件。前案土地登記收件字號：;,RPSNMLTKJHOFFAW57CA
金沙鎮,土地,官澳測段541~570地號,1137.29,其他,,,1080105,土地3建物0車位0,,,其他,,,,0.0,0,0,0,有,無,1220000,1073,,0.0,0,,RPTNMLTKJHOFFAW67CA
金城鎮,房地(土地+建物),金門縣金城鎮林湖路271~300號,110.65,農,,,1071230,土地1建物1車位0,全,三層,透天厝,住家用,鋼筋混凝土造,1060619,179.42,5,2,5,有,無,10500000,58522,,0.0,0,,RPPNMLLLJHOFFAW56CA
金湖鎮,房地(土地+建物),金門縣金湖鎮林兜301~330號,100.09,其他,,,1071227,土地2建物1車位0,全,三層,透天厝,住家用,鋼筋混凝土造,1070327,185.26,4,2,4,有,無,10700000,57757,,0.0,0,,RPQNMLLLJHOFFAW66CA
金寧鄉,房地(土地+建物),金門縣金寧鄉昔果山61~90號,76.68,其他,,,1071230,土地1建物1車位0,二層,三層,華廈(10層含以下有電梯),見其他登記事項,鋼筋混凝土造,1060712,103.42,3,2,2,有,無,5080000,49120,,0.0,0,,RPTNMLLLJHOFFAW96CA
金城鎮,土地,山前段841~870地號,914.75,農,,,1080111,土地3建物0車位0,,,其他,,,,0.0,0,0,0,有,無,850000,929,,0.0,0,,RPVNMLOLJHOFFAW57DA
金寧鄉,房地(土地+建物),金門縣金寧鄉上后垵1~30號,32.44,其他,,,1080107,土地1建物1車位0,二層,三層,公寓(5樓含以下無電梯),見其他登記事項,鋼筋混凝土造,1051223,63.82,2,1,2,有,無,3500000,54842,,0.0,0,,RPQNMLNLJHOFFAW86CA
金寧鄉,房地(土地+建物),金門縣金寧鄉安岐211~240號,500.0,農,,,1080115,土地1建物1車位0,一層，二層，三層,三層,農舍,農舍,鋼筋混凝土造,1071115,331.68,8,2,4,有,無,1997100,,,0.0,0,親友、員工或其他特殊關係間之交易。;,RPPNMLSLJHOFFAW27CA
金湖鎮,房地(土地+建物)+車位,金門縣金湖鎮市港三路211~240號,11.43,住,,,1071225,土地1建物1車位1,八層,八層,華廈(10層含以下有電梯),見其他登記事項,鋼筋混凝土造,1041125,94.13,1,2,1,有,有,5400000,74518,坡道平面,32.4,800000,,RPWNMLOLJHOFFAW57CA
金城鎮,房地(土地+建物),金門縣金城鎮金門城61~90號,37.77,住,,,1071222,土地1建物1車位0,三層,三層,公寓(5樓含以下無電梯),見其他登記事項,鋼筋混凝土造,1060125,64.96000000000001,2,2,1,有,無,4000000,61576,,0.0,0,,RPQNMLPLJHOFFAW07CA
金沙鎮,土地,后宅測段631~660地號,296.87,其他,,,1080108,土地1建物0車位0,,,其他,,,,0.0,0,0,0,有,無,100000,337,,0.0,0,親友、員工或其他特殊關係間之交易。;,RPXNMLTLJHOFFAW18CA
金沙鎮,土地,后宅測段661~690地號,315.32,其他,,,1080108,土地2建物0車位0,,,其他,,,,0.0,0,0,0,有,無,100000,317,,0.0,0,親友、員工或其他特殊關係間之交易。;,RPOOMLTLJHOFFAW37CA
金寧鄉,土地,鎮西段31~60地號,827.04,農,,,1080118,土地2建物0車位0,,,其他,,,,0.0,0,0,0,有,無,8500000,10278,,0.0,0,,RPQNMLKMJHOFFAW66CA
金寧鄉,土地,后盤山段31~60地號,871.14,農,,,1080116,土地1建物0車位0,,,其他,,,,0.0,0,0,0,有,無,3100000,3559,,0.0,0,,RPPNMLNKKHOFFAW86DA
金城鎮,土地,庵前劃測段931~960地號,114.17,住,,,1080116,土地1建物0車位0,,,其他,,,,0.0,0,0,0,有,無,5000000,43794,,0.0,0,親友間的買賣。連同地上物透天厝一棟、面積264.1平方公尺。,RPPNMLPLJHOFFAW07DA
金寧鄉,土地,湖下村段361~390地號,7.17,住,,,1080116,土地1建物0車位0,,,其他,,,,0.0,0,0,0,有,無,120000,16736,,0.0,0,,RPTNMLTKKHOFFAW87DA
金寧鄉,土地,寧湖三劃段661~690地號,500.0,農,,,1071227,土地1建物0車位0,,,其他,,,,0.0,0,0,0,有,無,4200000,8400,,0.0,0,,RPVNMLKMJHOFFAW17CA
金沙鎮,土地,青嶼測段181~210地號,1540.2,農,,,1071227,土地4建物0車位0,,,其他,,,,0.0,0,0,0,有,無,3150000,2045,,0.0,0,,RPPNMLTLJHOFFAW37CA
金寧鄉,土地,北二三劃測段331~360地號,500.0,農,,,1080103,土地1建物0車位0,,,其他,,,,0.0,0,0,0,有,無,4200000,8400,,0.0,0,,RPRNMLPLJHOFFAW17CA
金湖鎮,房地(土地+建物),金門縣金湖1~30號,118.58,工,,,1071122,土地1建物1車位0,四層,五層,工廠,見其他登記事項,鋼筋混凝土造,1070522,282.96000000000004,0,0,0,無,無,20100000,,,0.0,0,土地及建物分次登記案件。前案土地登記收件字號：;,RPTNMLPLJHOFFAW37CA
金湖鎮,房地(土地+建物)+車位,金門縣金湖鎮市港五路151~180號,15.65,住,,,1071115,土地1建物1車位1,二層,九層,華廈(10層含以下有電梯),見其他登記事項,鋼筋混凝土造,1051123,99.53,3,0,3,有,無,7240000,73088,坡道機械,8.68,600000,土地及建物分次登記案件。前案土地登記收件字號：;,RPVNMLPLJHOFFAW57CA
金湖鎮,房地(土地+建物)+車位,金門縣金湖鎮市港五路151~180號,13.45,住,,,1071126,土地1建物1車位1,三層,九層,華廈(10層含以下有電梯),見其他登記事項,鋼筋混凝土造,1051123,94.28999999999999,3,0,3,有,無,6110000,65530,坡道機械,8.68,500000,土地及建物分次登記案件。前案土地登記收件字號：;,RPXNMLPLJHOFFAW77CA
金湖鎮,房地(土地+建物),金門縣金湖鎮市港三路211~240號,21.06,住,,,1071228,土地1建物1車位0,二層,八層,華廈(10層含以下有電梯),見其他登記事項,鋼筋混凝土造,1050421,105.47,3,2,2,有,無,6880000,65232,,0.0,0,土地及建物分次登記案件。前案土地登記收件字號：;,RPRNMLTLJHOFFAW57CA
金沙鎮,房地(土地+建物),金門縣金沙鎮陽翟211~240號,96.65,其他,,,1080117,土地2建物1車位0,全,三層,透天厝,見其他登記事項,鋼筋混凝土造,1070731,178.27,4,3,5,有,無,11800000,66192,,0.0,0,,RPSNMLTLJHOFFAW67CA
烈嶼鄉,土地,庵下測段121~150地號,896.32,農,,,1080111,土地1建物0車位0,,,其他,,,,0.0,0,0,0,有,無,3300000,3682,,0.0,0,,RPPOMLTLJHOFFAW47CA
金湖鎮,房地(土地+建物),金門縣金湖鎮漁村121~150號,45.09,住,,,1080107,土地1建物1車位0,一層,三層,公寓(5樓含以下無電梯),見其他登記事項,鋼筋混凝土造,0901221,83.22,3,1,2,有,無,2600000,31242,,0.0,0,,RPQOMLTLJHOFFAW57CA
金城鎮,土地,古坵段841~870地號,481.0,其他,,,1080117,土地1建物0車位0,,,其他,,,,0.0,0,0,0,有,無,13949000,29000,,0.0,0,,RPPNMLKKKHOFFAW09CA
金湖鎮,土地,中六劃段151~180地號,820.0,農,,,1071230,土地1建物0車位0,,,其他,,,,0.0,0,0,0,有,無,4900000,5976,,0.0,0,,RPPNMLLMJHOFFAW66CA
金寧鄉,房地(土地+建物),金門縣金寧鄉下堡181~210號,67.2,其他,,,1071126,土地1建物1車位0,二層,三層,公寓(5樓含以下無電梯),見其他登記事項,鋼筋混凝土造,1020123,119.34,3,2,2,有,無,7050000,59075,,0.0,0,,RPROMLTLJHOFFAW67CA
烈嶼鄉,土地,東園劃段31~60地號,613.15,農,,,1071217,土地2建物0車位0,,,其他,,,,0.0,0,0,0,有,無,4900000,7992,,0.0,0,,RPSOMLTLJHOFFAW77CA
金寧鄉,房地(土地+建物),金門縣金寧鄉前厝31~60號,150.47,其他,,,1071231,土地2建物1車位0,全,三層,透天厝,見其他登記事項,鋼筋混凝土造,1060523,247.02,7,2,5,有,無,15600000,63153,,0.0,0,,RPTNMLTLJHOFFAW77CA
金寧鄉,房地(土地+建物),金門縣金寧鄉湖南1~30號,61.97,其他,,,1071228,土地1建物1車位0,三層，見其他登記事項,三層,公寓(5樓含以下無電梯),見其他登記事項,鋼筋混凝土造,1070816,115.88,3,2,2,有,無,7050000,60839,,0.0,0,,RPUNMLTLJHOFFAW87CA
金城鎮,房地(土地+建物),金門縣金城鎮民族路246巷1~30號,15.7,住,,,1080122,土地1建物1車位0,二層,四層,公寓(5樓含以下無電梯),見其他登記事項,鋼筋混凝土造,1040811,43.21,1,1,1,有,無,3000000,69428,,0.0,0,,RPPNMLLKKHOFFAW66DA
金湖鎮,房地(土地+建物),金門縣金湖鎮赤東路1~30號,17.86,住,,,1080115,土地0建物1車位0,十層,十層,華廈(10層含以下有電梯),見其他登記事項,鋼筋混凝土造,1041201,97.79,3,2,2,有,無,6800000,69537,,0.0,0,,RPTNMLMLKHOFFAW17CA
金沙鎮,土地,保生段1~30地號,520.0,住,,,1071219,土地2建物0車位0,,,其他,,,,0.0,0,0,0,有,無,24440000,47000,,0.0,0,,RPUNMLNLKHOFFAW37CA
金湖鎮,土地,料羅段571~600地號,1368.75,其他,,,1080111,土地3建物0車位0,,,其他,,,,0.0,0,0,0,有,無,1300000,950,,0.0,0,,RPPNMLKMJHOFFAW66DA
金寧鄉,土地,寧安二劃段181~210地號,500.0,農,,,1080125,土地1建物0車位0,,,其他,,,,0.0,0,0,0,有,無,2500000,5000,,0.0,0,,RPQNMLOKKHOFFAW07DA
金沙鎮,房地(土地+建物),金門縣金沙鎮東店1~30號,31.78,住,,,1080110,土地1建物1車位0,二層,三層,公寓(5樓含以下無電梯),見其他登記事項,鋼筋混凝土造,1060112,83.16,2,1,1,有,無,3000000,36075,,0.0,0,,RPRNMLKMJHOFFAW76CA
金寧鄉,房地(土地+建物),金門縣金寧鄉環島西路二段901巷1弄31~60號,54.1,其他,,,1080110,土地1建物1車位0,二層,三層,公寓(5樓含以下無電梯),見其他登記事項,鋼筋混凝土造,1070919,114.85000000000001,3,2,2,有,無,5800000,50501,,0.0,0,,RPTNMLKMJHOFFAW96CA
金寧鄉,房地(土地+建物),金門縣金寧鄉環島西路二段901巷1弄31~60號,54.1,其他,,,1080110,土地1建物1車位0,三層,三層,公寓(5樓含以下無電梯),見其他登記事項,鋼筋混凝土造,1070919,114.85000000000001,3,2,2,有,無,5800000,50501,,0.0,0,,RPUNMLKMJHOFFAW07CA
金沙鎮,土地,鵲山段571~600地號,3485.0,其他,,,1080104,土地1建物0車位0,,,其他,,,,0.0,0,0,0,有,無,14288500,4100,,0.0,0,受債權債務影響或債務抵償之交易。;,RPTNMLLMJHOFFAW07CA
金寧鄉,土地,后沙劃測段571~600地號,533.43,其他,,,1080118,土地3建物0車位0,,,其他,,,,0.0,0,0,0,有,無,3200000,5999,,0.0,0,土地及建物分次登記案件。前案土地登記收件字號：;,RPQNMLLJKHOFFAW56CA
金寧鄉,土地,后沙劃測段601~630地號,533.43,其他,,,1080118,土地3建物0車位0,,,其他,,,,0.0,0,0,0,有,無,3200000,5999,,0.0,0,土地及建物分次登記案件。前案土地登記收件字號：;,RPRNMLLJKHOFFAW66CA
金寧鄉,土地,安岐村段61~90地號,754.0,其他,,,1080117,土地1建物0車位0,,,其他,,,,0.0,0,0,0,有,無,19800000,26260,,0.0,0,,RPRNMLLMJHOFFAW86CA
金沙鎮,土地,北九劃段1381~1410地號,139.9,住,,,1080122,土地2建物0車位0,,,其他,,,,0.0,0,0,0,有,無,3875000,27698,,0.0,0,,RPSNMLLMJHOFFAW96CA
金沙鎮,房地(土地+建物),金門縣金沙鎮呂厝1~30號,425.0,住,,,1071206,土地0建物1車位0,一層,一層,其他,住家用,見其他登記事項,0510210,75.23,2,1,1,有,無,2200000,29244,,0.0,0,親友、員工或其他特殊關係間之交易。;含增建或未登記建物。;,RPRNMLPLKHOFFAW27CA
金城鎮,土地,后豐港段811~840地號,879.88,其他,,,1071228,土地1建物0車位0,,,其他,,,,0.0,0,0,0,有,無,24000000,27276,,0.0,0,,RPPNMLTKKHOFFAW37CA
烈嶼鄉,土地,沙溪測段661~690地號,431.36,農,,,1080114,土地1建物0車位0,,,其他,,,,0.0,0,0,0,有,無,605000,1403,,0.0,0,,RPUNMLLMJHOFFAW17CA
金城鎮,房地(土地+建物),金門縣金城鎮東沙1~30號,52.08,其他,,,1071231,土地1建物1車位0,一層,三層,公寓(5樓含以下無電梯),見其他登記事項,鋼筋混凝土造,1060410,93.6,2,2,2,有,無,5000000,53419,,0.0,0,,RPQNMLMKKHOFFAW76CA
金寧鄉,土地,后湖村測段211~240地號,713.53,住,,,1080114,土地1建物0車位0,,,其他,,,,0.0,0,0,0,有,無,12000000,16818,,0.0,0,受債權債務影響或債務抵償之交易。;,RPPNMLPKKHOFFAW96CA
金湖鎮,土地,尚義段751~780地號,1217.14,其他,,,1080123,土地3建物0車位0,,,其他,,,,0.0,0,0,0,有,無,5000000,4108,,0.0,0,,RPPNMLSKKHOFFAW27CA
金沙鎮,土地,斗門劃測段871~900地號,264.09,農,,,1080120,土地2建物0車位0,,,其他,,,,0.0,0,0,0,有,無,4300000,16282,,0.0,0,,RPSNMLLJKHOFFAW86DA
