﻿編號,土地區段位置,土地移轉面積平方公尺,使用分區或編定
The serial number,land sector position,land shifting area square meter,the use zoning or compiles and checks
RPRNMLRLNHIFFEA08CB,奇岩段三小段,144.00,都市：住
RPRNMLRLNHIFFEA08CB,奇岩段三小段,13.15,都市：其他
RPRNMLRLNHIFFEA08CB,奇岩段三小段,52.38,都市：其他
RPVNMLRLNHIFFEA48CB,奇岩段三小段,52.38,都市：其他
RPVNMLRLNHIFFEA48CB,奇岩段三小段,144.00,都市：住
RPVNMLRLNHIFFEA48CB,奇岩段三小段,13.15,都市：其他
RPSPMLQKNHIFFCA08DB,正義段一小段,22.02,都市：商
RPPOMLNKNHIFFCA37DB,正義段一小段,22.86,都市：商
RPUNMLRLNHIFFEA38CB,奇岩段三小段,52.38,都市：其他
RPUNMLRLNHIFFEA38CB,奇岩段三小段,144.00,都市：住
RPUNMLRLNHIFFEA38CB,奇岩段三小段,13.15,都市：其他
RPTPMLOKNHIFFCA97DB,正義段一小段,39.23,都市：商
RPSNMLNKNHIFFCA57DB,正義段一小段,22.86,都市：商
RPRQMLTLNHIFFCA48DB,正義段一小段,22.86,都市：商
RPTNMLRLNHIFFEA28CB,奇岩段三小段,52.38,都市：其他
RPTNMLRLNHIFFEA28CB,奇岩段三小段,144.00,都市：住
RPTNMLRLNHIFFEA28CB,奇岩段三小段,13.15,都市：其他
RPSQMLTLNHIFFCA58DB,正義段一小段,22.86,都市：商
RPUQMLTLNHIFFCA78DB,正義段一小段,22.92,都市：商
RPVQMLTLNHIFFCA88DB,正義段一小段,39.23,都市：商
RPWQMLTLNHIFFCA98DB,正義段一小段,22.02,都市：商
RPRNMLKMNHIFFAA17DB,興隆段二小段,.09,都市：住
RPRNMLKMNHIFFAA17DB,興隆段二小段,.27,都市：住
RPRNMLKMNHIFFAA17DB,興隆段二小段,1.05,都市：住
RPRNMLKMNHIFFAA17DB,興隆段二小段,.87,都市：住
RPRNMLKMNHIFFAA17DB,興隆段二小段,.80,都市：住
RPRNMLKMNHIFFAA17DB,興隆段二小段,.71,都市：住
RPRNMLKMNHIFFAA17DB,興隆段二小段,.80,都市：住
RPRNMLKMNHIFFAA17DB,興隆段二小段,.97,都市：住
RPRNMLKMNHIFFAA17DB,興隆段二小段,.77,都市：住
RPRNMLKMNHIFFAA17DB,興隆段二小段,.52,都市：住
RPRNMLKMNHIFFAA17DB,興隆段二小段,1.54,都市：住
RPRNMLKMNHIFFAA17DB,興隆段二小段,1.31,都市：住
RPRNMLKMNHIFFAA17DB,興隆段二小段,1.96,都市：住
RPRNMLKMNHIFFAA17DB,興隆段二小段,1.92,都市：住
RPRNMLKMNHIFFAA17DB,興隆段二小段,1.63,都市：住
RPRNMLKMNHIFFAA17DB,興隆段二小段,1.83,都市：住
RPRNMLKMNHIFFAA17DB,興隆段二小段,3.53,都市：住
RPRNMLKMNHIFFAA17DB,興隆段二小段,.65,都市：住
RPRNMLKMNHIFFAA17DB,興隆段二小段,.83,都市：住
RPRNMLKMNHIFFAA17DB,興隆段二小段,.81,都市：住
RPRNMLKMNHIFFAA17DB,興隆段二小段,.82,都市：住
RPRNMLKMNHIFFAA17DB,興隆段二小段,.81,都市：住
RPRNMLKMNHIFFAA17DB,興隆段二小段,.81,都市：住
RPRNMLKMNHIFFAA17DB,興隆段二小段,.87,都市：住
RPRNMLKMNHIFFAA17DB,興隆段二小段,.82,都市：住
RPRNMLKMNHIFFAA17DB,興隆段二小段,.76,都市：住
RPRNMLKMNHIFFAA17DB,興隆段二小段,.54,都市：住
RPSNMLKMNHIFFAA27DB,興隆段二小段,.12,都市：住
RPSNMLKMNHIFFAA27DB,興隆段二小段,.36,都市：住
RPSNMLKMNHIFFAA27DB,興隆段二小段,1.36,都市：住
RPSNMLKMNHIFFAA27DB,興隆段二小段,1.13,都市：住
RPSNMLKMNHIFFAA27DB,興隆段二小段,1.04,都市：住
RPSNMLKMNHIFFAA27DB,興隆段二小段,.92,都市：住
RPSNMLKMNHIFFAA27DB,興隆段二小段,1.04,都市：住
RPSNMLKMNHIFFAA27DB,興隆段二小段,1.26,都市：住
RPSNMLKMNHIFFAA27DB,興隆段二小段,1.01,都市：住
RPSNMLKMNHIFFAA27DB,興隆段二小段,.67,都市：住
RPSNMLKMNHIFFAA27DB,興隆段二小段,2.00,都市：住
RPSNMLKMNHIFFAA27DB,興隆段二小段,1.70,都市：住
RPSNMLKMNHIFFAA27DB,興隆段二小段,2.55,都市：住
RPSNMLKMNHIFFAA27DB,興隆段二小段,2.50,都市：住
RPSNMLKMNHIFFAA27DB,興隆段二小段,2.12,都市：住
RPSNMLKMNHIFFAA27DB,興隆段二小段,2.38,都市：住
RPSNMLKMNHIFFAA27DB,興隆段二小段,4.60,都市：住
RPSNMLKMNHIFFAA27DB,興隆段二小段,.85,都市：住
RPSNMLKMNHIFFAA27DB,興隆段二小段,1.08,都市：住
RPSNMLKMNHIFFAA27DB,興隆段二小段,1.05,都市：住
RPSNMLKMNHIFFAA27DB,興隆段二小段,1.07,都市：住
RPSNMLKMNHIFFAA27DB,興隆段二小段,1.05,都市：住
RPSNMLKMNHIFFAA27DB,興隆段二小段,1.05,都市：住
RPSNMLKMNHIFFAA27DB,興隆段二小段,1.13,都市：住
RPSNMLKMNHIFFAA27DB,興隆段二小段,1.07,都市：住
RPSNMLKMNHIFFAA27DB,興隆段二小段,.99,都市：住
RPSNMLKMNHIFFAA27DB,興隆段二小段,.70,都市：住
RPTNMLKMNHIFFAA37DB,興隆段二小段,.07,都市：住
RPTNMLKMNHIFFAA37DB,興隆段二小段,.21,都市：住
RPTNMLKMNHIFFAA37DB,興隆段二小段,.82,都市：住
RPTNMLKMNHIFFAA37DB,興隆段二小段,.68,都市：住
RPTNMLKMNHIFFAA37DB,興隆段二小段,.63,都市：住
RPTNMLKMNHIFFAA37DB,興隆段二小段,.55,都市：住
RPTNMLKMNHIFFAA37DB,興隆段二小段,.63,都市：住
RPTNMLKMNHIFFAA37DB,興隆段二小段,.76,都市：住
RPTNMLKMNHIFFAA37DB,興隆段二小段,.61,都市：住
RPTNMLKMNHIFFAA37DB,興隆段二小段,.41,都市：住
RPTNMLKMNHIFFAA37DB,興隆段二小段,1.20,都市：住
RPTNMLKMNHIFFAA37DB,興隆段二小段,1.03,都市：住
RPTNMLKMNHIFFAA37DB,興隆段二小段,1.53,都市：住
RPTNMLKMNHIFFAA37DB,興隆段二小段,1.51,都市：住
RPTNMLKMNHIFFAA37DB,興隆段二小段,1.28,都市：住
RPTNMLKMNHIFFAA37DB,興隆段二小段,1.43,都市：住
RPTNMLKMNHIFFAA37DB,興隆段二小段,2.77,都市：住
RPTNMLKMNHIFFAA37DB,興隆段二小段,.51,都市：住
RPTNMLKMNHIFFAA37DB,興隆段二小段,.65,都市：住
RPTNMLKMNHIFFAA37DB,興隆段二小段,.63,都市：住
RPTNMLKMNHIFFAA37DB,興隆段二小段,.64,都市：住
RPTNMLKMNHIFFAA37DB,興隆段二小段,.63,都市：住
RPTNMLKMNHIFFAA37DB,興隆段二小段,.63,都市：住
RPTNMLKMNHIFFAA37DB,興隆段二小段,.68,都市：住
RPTNMLKMNHIFFAA37DB,興隆段二小段,.64,都市：住
RPTNMLKMNHIFFAA37DB,興隆段二小段,.60,都市：住
RPTNMLKMNHIFFAA37DB,興隆段二小段,.42,都市：住
RPQNMLKMNHIFFAA07DB,興隆段二小段,.10,都市：住
RPQNMLKMNHIFFAA07DB,興隆段二小段,.28,都市：住
RPQNMLKMNHIFFAA07DB,萬隆段二小段,1.06,都市：住
RPQNMLKMNHIFFAA07DB,興隆段二小段,.88,都市：住
RPQNMLKMNHIFFAA07DB,興隆段二小段,.81,都市：住
RPQNMLKMNHIFFAA07DB,興隆段二小段,.72,都市：住
RPQNMLKMNHIFFAA07DB,興隆段二小段,.81,都市：住
RPQNMLKMNHIFFAA07DB,興隆段二小段,.98,都市：住
RPQNMLKMNHIFFAA07DB,興隆段二小段,.78,都市：住
RPQNMLKMNHIFFAA07DB,興隆段二小段,.52,都市：住
RPQNMLKMNHIFFAA07DB,興隆段二小段,1.55,都市：住
RPQNMLKMNHIFFAA07DB,興隆段二小段,1.33,都市：住
RPQNMLKMNHIFFAA07DB,興隆段二小段,1.98,都市：住
RPQNMLKMNHIFFAA07DB,興隆段二小段,1.95,都市：住
RPQNMLKMNHIFFAA07DB,興隆段二小段,1.65,都市：住
RPQNMLKMNHIFFAA07DB,興隆段二小段,1.85,都市：住
RPQNMLKMNHIFFAA07DB,興隆段二小段,3.58,都市：住
RPQNMLKMNHIFFAA07DB,興隆段二小段,.66,都市：住
RPQNMLKMNHIFFAA07DB,興隆段二小段,.84,都市：住
RPQNMLKMNHIFFAA07DB,興隆段二小段,.82,都市：住
RPQNMLKMNHIFFAA07DB,興隆段二小段,.83,都市：住
RPQNMLKMNHIFFAA07DB,興隆段二小段,.82,都市：住
RPQNMLKMNHIFFAA07DB,興隆段二小段,.82,都市：住
RPQNMLKMNHIFFAA07DB,興隆段二小段,.88,都市：住
RPQNMLKMNHIFFAA07DB,興隆段二小段,.83,都市：住
RPQNMLKMNHIFFAA07DB,興隆段二小段,.77,都市：住
RPQNMLKMNHIFFAA07DB,興隆段二小段,.54,都市：住
RPUNMLOJOHIFFAA57CB,河堤段四小段,.41,都市：住
RPSNMLOJOHIFFAA37CB,河堤段四小段,.25,都市：住
RPSOMLQKNHIFFCA97DB,正義段一小段,21.91,都市：商
RPUPMLOKNHIFFCA08DB,正義段一小段,22.92,都市：商
RPXNMLOJOHIFFAA87CB,河堤段四小段,.41,都市：住
RPOOMLOJOHIFFAA07CB,河堤段四小段,.41,都市：住
RPTQMLTLNHIFFCA68DB,正義段一小段,21.91,都市：商
RPPOMLOJOHIFFAA17CB,河堤段四小段,.41,都市：住
RPSOMLOJOHIFFAA47CB,河堤段四小段,.43,都市：住
RPTOMLOJOHIFFAA57CB,河堤段四小段,.16,都市：住
RPWPMLLMNHIFFAA87CB,華興段三小段,.12,都市：住
RPWPMLLMNHIFFAA87CB,華興段三小段,4.44,都市：住
RPWPMLLMNHIFFAA87CB,華興段三小段,3.54,都市：住
RPWPMLLMNHIFFAA87CB,華興段三小段,3.97,都市：住
RPVOMLOJOHIFFAA77CB,河堤段四小段,.16,都市：住
RPWOMLOJOHIFFAA87CB,河堤段四小段,.41,都市：住
RPXOMLOJOHIFFAA97CB,河堤段四小段,.41,都市：住
RPQPMLOJOHIFFAA37CB,河堤段四小段,.41,都市：住
RPPPMLOJOHIFFAA27CB,河堤段四小段,.41,都市：住
RPUOMLOJOHIFFAA67CB,河堤段四小段,.16,都市：住
RPXPMLLMNHIFFAA97CB,華興段三小段,.12,都市：住
RPXPMLLMNHIFFAA97CB,華興段三小段,4.44,都市：住
RPXPMLLMNHIFFAA97CB,華興段三小段,3.54,都市：住
RPXPMLLMNHIFFAA97CB,華興段三小段,3.97,都市：住
RPRPMLOJOHIFFAA47CB,河堤段四小段,.42,都市：住
RPSQMLSLOHIFFCA58DB,東湖段二小段,10.86,都市：商
RPXPMLSLOHIFFCA98DB,東湖段二小段,10.82,都市：商
RPOQMLSLOHIFFCA18DB,東湖段二小段,10.86,都市：商
RPTPMLOJOHIFFAA67CB,河堤段四小段,.25,都市：住
RPXQMLSLOHIFFCA09DB,東湖段二小段,10.20,都市：商
RPQQMLSLOHIFFCA38DB,東湖段二小段,10.82,都市：商
RPQRMLSLOHIFFCA48DB,東湖段二小段,10.20,都市：商
RPTRMLSLOHIFFCA78DB,東湖段二小段,10.20,都市：商
RPPRMLSLOHIFFCA38DB,東湖段二小段,10.20,都市：商
RPOQMLLMNHIFFAA17CB,華興段三小段,.12,都市：住
RPOQMLLMNHIFFAA17CB,華興段三小段,4.44,都市：住
RPOQMLLMNHIFFAA17CB,華興段三小段,3.54,都市：住
RPOQMLLMNHIFFAA17CB,華興段三小段,3.97,都市：住
RPSRMLSLOHIFFCA68DB,東湖段二小段,10.20,都市：商
RPPTMLSLOHIFFCA58DB,東湖段二小段,10.47,都市：商
RPOOMLKMOHIFFAA07DB,公訓段二小段,.07,都市：住
RPQSMLSLOHIFFCA58DB,東湖段二小段,10.20,都市：商
RPPOMLKMOHIFFAA17DB,公訓段二小段,.07,都市：住
RPSOMLKMOHIFFAA47DB,公訓段二小段,.07,都市：住
RPUOMLKMOHIFFAA67DB,公訓段二小段,.07,都市：住
RPVOMLKMOHIFFAA77DB,公訓段二小段,.07,都市：住
RPWQMLSLOHIFFCA98DB,東湖段二小段,10.20,都市：商
RPQOMLKMOHIFFAA27DB,公訓段二小段,.07,都市：住
RPOPMLKMOHIFFAA17DB,公訓段二小段,.07,都市：住
RPUQMLKMOHIFFAA87DB,公訓段二小段,.07,都市：住
RPORMLKMOHIFFAA37DB,公訓段二小段,.07,都市：住
RPXQMLKMOHIFFAA18DB,公訓段二小段,.07,都市：住
RPWQMLKMOHIFFAA08DB,公訓段二小段,.07,都市：住
RPPRMLKMOHIFFAA47DB,公訓段二小段,.07,都市：住
RPRRMLKMOHIFFAA67DB,公訓段二小段,.07,都市：住
RPTRMLKMOHIFFAA87DB,公訓段二小段,.07,都市：住
RPSPMLOJOHIFFAA57CB,河堤段四小段,.25,都市：住
RPURMLKMOHIFFAA97DB,公訓段二小段,.07,都市：住
RPVRMLKMOHIFFAA08DB,公訓段二小段,.07,都市：住
RPQSMLKMOHIFFAA67DB,公訓段二小段,.08,都市：住
RPRSMLKMOHIFFAA77DB,公訓段二小段,.08,都市：住
RPSSMLKMOHIFFAA87DB,公訓段二小段,.08,都市：住
RPUSMLKMOHIFFAA08DB,公訓段二小段,.08,都市：住
RPRQMLKMOHIFFAA57DB,公訓段二小段,.07,都市：住
RPTSMLKMOHIFFAA97DB,公訓段二小段,.08,都市：住
RPXSMLKMOHIFFAA38DB,公訓段二小段,.08,都市：住
RPWNMLKMOHIFFAA77DB,公訓段二小段,.08,都市：住
RPPOMLLJPHIFFAA07DB,公訓段二小段,.07,都市：住
RPVQMLKMOHIFFAA97DB,公訓段二小段,.07,都市：住
RPTQMLKMOHIFFAA77DB,公訓段二小段,.07,都市：住
RPWOMLKMOHIFFAA87DB,公訓段二小段,.07,都市：住
RPSOMLLJPHIFFAA37DB,公訓段二小段,.07,都市：住
RPQOMLLJPHIFFAA17DB,公訓段二小段,.07,都市：住
RPTOMLLJPHIFFAA47DB,公訓段二小段,.07,都市：住
RPUOMLLJPHIFFAA57DB,公訓段二小段,.07,都市：住
RPVOMLLJPHIFFAA67DB,公訓段二小段,.07,都市：住
RPWOMLLJPHIFFAA77DB,公訓段二小段,.07,都市：住
RPQRMLKMOHIFFAA57DB,公訓段二小段,.07,都市：住
RPPPMLLJPHIFFAA17DB,公訓段二小段,.07,都市：住
RPSPMLLJPHIFFAA47DB,公訓段二小段,.07,都市：住
RPTPMLLJPHIFFAA57DB,公訓段二小段,.07,都市：住
RPRPMLLJPHIFFAA37DB,公訓段二小段,.07,都市：住
RPWPMLLJPHIFFAA87DB,公訓段二小段,.07,都市：住
RPUPMLLJPHIFFAA67DB,公訓段二小段,.07,都市：住
RPOQMLLJPHIFFAA17DB,公訓段二小段,.07,都市：住
RPXPMLLJPHIFFAA97DB,公訓段二小段,.07,都市：住
RPPQMLLJPHIFFAA27DB,公訓段二小段,.08,都市：住
RPVQMLLJPHIFFAA87DB,公訓段二小段,.08,都市：住
RPTQMLLJPHIFFAA67DB,公訓段二小段,.08,都市：住
RPUQMLLJPHIFFAA77DB,公訓段二小段,.08,都市：住
RPXQMLLJPHIFFAA08DB,公訓段二小段,.08,都市：住
RPVSMLKMOHIFFAA18DB,公訓段二小段,.08,都市：住
RPXRMLLJPHIFFAA18DB,公訓段二小段,.08,都市：住
RPPRMLLJPHIFFAA37DB,公訓段二小段,.08,都市：住
RPWRMLLJPHIFFAA08DB,公訓段二小段,.08,都市：住
RPOSMLKMOHIFFAA47DB,公訓段二小段,.07,都市：住
RPUSMLLJPHIFFAA97DB,公訓段二小段,.08,都市：住
RPRSMLLJPHIFFAA67DB,公訓段二小段,.08,都市：住
RPOSMLLJPHIFFAA37DB,公訓段二小段,.08,都市：住
RPPUMLLJPHIFFAA67DB,公訓段二小段,.07,都市：住
RPRUMLLJPHIFFAA87DB,公訓段二小段,.07,都市：住
RPQUMLLJPHIFFAA77DB,公訓段二小段,.07,都市：住
RPTUMLLJPHIFFAA08DB,公訓段二小段,.07,都市：住
RPSUMLLJPHIFFAA97DB,公訓段二小段,.07,都市：住
RPUUMLLJPHIFFAA18DB,公訓段二小段,.07,都市：住
RPVUMLLJPHIFFAA28DB,公訓段二小段,.07,都市：住
RPWUMLLJPHIFFAA38DB,公訓段二小段,.07,都市：住
RPTNNLLJPHIFFAA47DB,公訓段二小段,.16,都市：住
RPXUMLLJPHIFFAA48DB,公訓段二小段,.07,都市：住
RPRVMLLJPHIFFAA97DB,公訓段二小段,.07,都市：住
RPQONLLJPHIFFAA27DB,公訓段二小段,.08,都市：住
RPXOMLLJPHIFFAA87DB,公訓段二小段,.07,都市：住
RPRONLLJPHIFFAA37DB,公訓段二小段,.08,都市：住
RPOONLLJPHIFFAA07DB,公訓段二小段,.08,都市：住
RPPONLLJPHIFFAA17DB,公訓段二小段,.08,都市：住
RPPTMLKMOHIFFAA67DB,公訓段二小段,.08,都市：住
RPVNNLLJPHIFFAA67DB,公訓段二小段,.07,都市：住
RPSOMLOJPHIFFCA77CB,康寧段三小段,38.01,都市：住
RPUOMLOJPHIFFCA97CB,康寧段三小段,38.01,都市：住
RPSONLLJPHIFFAA47DB,公訓段二小段,.08,都市：住
RPQPMLOJPHIFFCA67CB,康寧段三小段,38.01,都市：住
RPTPMLOJPHIFFCA97CB,康寧段三小段,39.86,都市：住
RPOPMLOJPHIFFCA47CB,康寧段三小段,35.37,都市：住
RPOQMLOJPHIFFCA57CB,康寧段三小段,38.01,都市：住
RPSPMLOJPHIFFCA87CB,康寧段三小段,38.81,都市：住
RPRPMLOJPHIFFCA77CB,康寧段三小段,42.77,都市：住
RPWPMLOJPHIFFCA28CB,康寧段三小段,41.18,都市：住
RPUQMLOJPHIFFCA18CB,康寧段三小段,39.33,都市：住
RPQQMLOJPHIFFCA77CB,康寧段三小段,41.18,都市：住
RPVPMLOJPHIFFCA18CB,康寧段三小段,39.86,都市：住
RPOUMLLJPHIFFAA57DB,公訓段二小段,.07,都市：住
RPORMLOJPHIFFCA67CB,康寧段三小段,42.77,都市：住
RPWQMLOJPHIFFCA38CB,康寧段三小段,48.31,都市：住
RPRRMLOJPHIFFCA97CB,康寧段三小段,39.33,都市：住
RPTRMLOJPHIFFCA18CB,康寧段三小段,35.37,都市：住
RPPRMLOJPHIFFCA77CB,康寧段三小段,38.28,都市：住
RPURMLOJPHIFFCA28CB,康寧段三小段,38.01,都市：住
RPXRMLOJPHIFFCA58CB,康寧段三小段,38.81,都市：住
RPQRMLOJPHIFFCA87CB,康寧段三小段,30.62,都市：住
RPOSMLOJPHIFFCA77CB,康寧段三小段,38.01,都市：住
RPPRMLSKPHIFFCA38DB,中山段一小段,1.22,都市：商
RPPRMLSKPHIFFCA38DB,中山段一小段,1.22,都市：商
RPPRMLSKPHIFFCA38DB,中山段一小段,1.22,都市：商
RPPRMLSKPHIFFCA38DB,中山段一小段,1.03,都市：商
RPPRMLSKPHIFFCA38DB,中山段一小段,1.06,都市：商
RPPRMLSKPHIFFCA38DB,中山段一小段,1.12,都市：商
RPPSMLOJPHIFFCA87CB,康寧段三小段,39.86,都市：住
RPQRMLSKPHIFFCA48DB,中山段一小段,1.22,都市：商
RPQRMLSKPHIFFCA48DB,中山段一小段,1.22,都市：商
RPQRMLSKPHIFFCA48DB,中山段一小段,1.22,都市：商
RPQRMLSKPHIFFCA48DB,中山段一小段,1.03,都市：商
RPQRMLSKPHIFFCA48DB,中山段一小段,1.06,都市：商
RPQRMLSKPHIFFCA48DB,中山段一小段,1.12,都市：商
RPRRMLSKPHIFFCA58DB,中山段一小段,1.22,都市：商
RPRRMLSKPHIFFCA58DB,中山段一小段,1.22,都市：商
RPRRMLSKPHIFFCA58DB,中山段一小段,1.22,都市：商
RPRRMLSKPHIFFCA58DB,中山段一小段,1.03,都市：商
RPRRMLSKPHIFFCA58DB,中山段一小段,1.06,都市：商
RPRRMLSKPHIFFCA58DB,中山段一小段,1.12,都市：商
RPSRMLSKPHIFFCA68DB,中山段一小段,1.22,都市：商
RPSRMLSKPHIFFCA68DB,中山段一小段,1.22,都市：商
RPSRMLSKPHIFFCA68DB,中山段一小段,1.22,都市：商
RPSRMLSKPHIFFCA68DB,中山段一小段,1.03,都市：商
RPSRMLSKPHIFFCA68DB,中山段一小段,1.06,都市：商
RPSRMLSKPHIFFCA68DB,中山段一小段,1.12,都市：商
RPURMLSKPHIFFCA88DB,中山段一小段,1.23,都市：商
RPURMLSKPHIFFCA88DB,中山段一小段,1.23,都市：商
RPURMLSKPHIFFCA88DB,中山段一小段,1.23,都市：商
RPURMLSKPHIFFCA88DB,中山段一小段,1.03,都市：商
RPURMLSKPHIFFCA88DB,中山段一小段,1.06,都市：商
RPURMLSKPHIFFCA88DB,中山段一小段,1.12,都市：商
RPSQMLOJPHIFFCA97CB,康寧段三小段,42.77,都市：住
RPVRMLSKPHIFFCA98DB,中山段一小段,1.20,都市：商
RPVRMLSKPHIFFCA98DB,中山段一小段,1.20,都市：商
RPVRMLSKPHIFFCA98DB,中山段一小段,1.20,都市：商
RPVRMLSKPHIFFCA98DB,中山段一小段,1.01,都市：商
RPVRMLSKPHIFFCA98DB,中山段一小段,1.04,都市：商
RPVRMLSKPHIFFCA98DB,中山段一小段,1.10,都市：商
RPTRMLSKPHIFFCA78DB,中山段一小段,1.23,都市：商
RPTRMLSKPHIFFCA78DB,中山段一小段,1.23,都市：商
RPTRMLSKPHIFFCA78DB,中山段一小段,1.23,都市：商
RPTRMLSKPHIFFCA78DB,中山段一小段,1.03,都市：商
RPTRMLSKPHIFFCA78DB,中山段一小段,1.06,都市：商
RPTRMLSKPHIFFCA78DB,中山段一小段,1.12,都市：商
RPWRMLOJPHIFFCA48CB,康寧段三小段,40.39,都市：住
RPTSMLSKPHIFFCA88DB,中山段一小段,1.23,都市：商
RPTSMLSKPHIFFCA88DB,中山段一小段,1.23,都市：商
RPTSMLSKPHIFFCA88DB,中山段一小段,1.23,都市：商
RPTSMLSKPHIFFCA88DB,中山段一小段,1.03,都市：商
RPTSMLSKPHIFFCA88DB,中山段一小段,1.06,都市：商
RPTSMLSKPHIFFCA88DB,中山段一小段,1.12,都市：商
RPXRMLSKPHIFFCA56DB,中山段一小段,1.20,都市：商
RPXRMLSKPHIFFCA56DB,中山段一小段,1.20,都市：商
RPXRMLSKPHIFFCA56DB,中山段一小段,1.20,都市：商
RPXRMLSKPHIFFCA56DB,中山段一小段,1.01,都市：商
RPXRMLSKPHIFFCA56DB,中山段一小段,1.04,都市：商
RPXRMLSKPHIFFCA56DB,中山段一小段,1.10,都市：商
RPOSMLSKPHIFFCA38DB,中山段一小段,1.18,都市：商
RPOSMLSKPHIFFCA38DB,中山段一小段,1.18,都市：商
RPOSMLSKPHIFFCA38DB,中山段一小段,1.18,都市：商
RPOSMLSKPHIFFCA38DB,中山段一小段,.99,都市：商
RPOSMLSKPHIFFCA38DB,中山段一小段,1.02,都市：商
RPOSMLSKPHIFFCA38DB,中山段一小段,1.08,都市：商
RPQSMLSKPHIFFCA58DB,中山段一小段,1.19,都市：商
RPQSMLSKPHIFFCA58DB,中山段一小段,1.19,都市：商
RPQSMLSKPHIFFCA58DB,中山段一小段,1.19,都市：商
RPQSMLSKPHIFFCA58DB,中山段一小段,1.00,都市：商
RPQSMLSKPHIFFCA58DB,中山段一小段,1.03,都市：商
RPQSMLSKPHIFFCA58DB,中山段一小段,1.09,都市：商
RPWRMLSKPHIFFCA09DB,中山段一小段,1.18,都市：商
RPWRMLSKPHIFFCA09DB,中山段一小段,1.18,都市：商
RPWRMLSKPHIFFCA09DB,中山段一小段,1.18,都市：商
RPWRMLSKPHIFFCA09DB,中山段一小段,.99,都市：商
RPWRMLSKPHIFFCA09DB,中山段一小段,1.02,都市：商
RPWRMLSKPHIFFCA09DB,中山段一小段,1.08,都市：商
RPPSMLSKPHIFFCA48DB,中山段一小段,1.21,都市：商
RPPSMLSKPHIFFCA48DB,中山段一小段,1.21,都市：商
RPPSMLSKPHIFFCA48DB,中山段一小段,1.21,都市：商
RPPSMLSKPHIFFCA48DB,中山段一小段,1.01,都市：商
RPPSMLSKPHIFFCA48DB,中山段一小段,1.04,都市：商
RPPSMLSKPHIFFCA48DB,中山段一小段,1.10,都市：商
RPRSMLSKPHIFFCA68DB,中山段一小段,1.22,都市：商
RPRSMLSKPHIFFCA68DB,中山段一小段,1.22,都市：商
RPRSMLSKPHIFFCA68DB,中山段一小段,1.22,都市：商
RPRSMLSKPHIFFCA68DB,中山段一小段,1.03,都市：商
RPRSMLSKPHIFFCA68DB,中山段一小段,1.06,都市：商
RPRSMLSKPHIFFCA68DB,中山段一小段,1.12,都市：商
RPSSMLSKPHIFFCA78DB,中山段一小段,1.22,都市：商
RPSSMLSKPHIFFCA78DB,中山段一小段,1.22,都市：商
RPSSMLSKPHIFFCA78DB,中山段一小段,1.22,都市：商
RPSSMLSKPHIFFCA78DB,中山段一小段,1.03,都市：商
RPSSMLSKPHIFFCA78DB,中山段一小段,1.06,都市：商
RPSSMLSKPHIFFCA78DB,中山段一小段,1.12,都市：商
RPWSMLSKPHIFFCA56DB,中山段一小段,1.23,都市：商
RPWSMLSKPHIFFCA56DB,中山段一小段,1.23,都市：商
RPWSMLSKPHIFFCA56DB,中山段一小段,1.23,都市：商
RPWSMLSKPHIFFCA56DB,中山段一小段,1.03,都市：商
RPWSMLSKPHIFFCA56DB,中山段一小段,1.06,都市：商
RPWSMLSKPHIFFCA56DB,中山段一小段,1.12,都市：商
RPUSMLSKPHIFFCA98DB,中山段一小段,1.22,都市：商
RPUSMLSKPHIFFCA98DB,中山段一小段,1.22,都市：商
RPUSMLSKPHIFFCA98DB,中山段一小段,1.22,都市：商
RPUSMLSKPHIFFCA98DB,中山段一小段,1.03,都市：商
RPUSMLSKPHIFFCA98DB,中山段一小段,1.06,都市：商
RPUSMLSKPHIFFCA98DB,中山段一小段,1.12,都市：商
RPXSMLSKPHIFFCA66DB,中山段一小段,1.23,都市：商
RPXSMLSKPHIFFCA66DB,中山段一小段,1.23,都市：商
RPXSMLSKPHIFFCA66DB,中山段一小段,1.23,都市：商
RPXSMLSKPHIFFCA66DB,中山段一小段,1.03,都市：商
RPXSMLSKPHIFFCA66DB,中山段一小段,1.06,都市：商
RPXSMLSKPHIFFCA66DB,中山段一小段,1.12,都市：商
RPOTMLSKPHIFFCA48DB,中山段一小段,1.02,都市：商
RPOTMLSKPHIFFCA48DB,中山段一小段,1.02,都市：商
RPOTMLSKPHIFFCA48DB,中山段一小段,1.02,都市：商
RPOTMLSKPHIFFCA48DB,中山段一小段,.86,都市：商
RPOTMLSKPHIFFCA48DB,中山段一小段,.88,都市：商
RPOTMLSKPHIFFCA48DB,中山段一小段,.93,都市：商
RPRTMLSKPHIFFCA78DB,中山段一小段,1.02,都市：商
RPRTMLSKPHIFFCA78DB,中山段一小段,1.02,都市：商
RPRTMLSKPHIFFCA78DB,中山段一小段,1.02,都市：商
RPRTMLSKPHIFFCA78DB,中山段一小段,.85,都市：商
RPRTMLSKPHIFFCA78DB,中山段一小段,.88,都市：商
RPRTMLSKPHIFFCA78DB,中山段一小段,.93,都市：商
RPWTMLSKPHIFFCA66DB,中山段一小段,1.07,都市：商
RPWTMLSKPHIFFCA66DB,中山段一小段,1.07,都市：商
RPWTMLSKPHIFFCA66DB,中山段一小段,1.07,都市：商
RPWTMLSKPHIFFCA66DB,中山段一小段,.90,都市：商
RPWTMLSKPHIFFCA66DB,中山段一小段,.92,都市：商
RPWTMLSKPHIFFCA66DB,中山段一小段,.98,都市：商
RPVTMLSKPHIFFCA56DB,中山段一小段,1.02,都市：商
RPVTMLSKPHIFFCA56DB,中山段一小段,1.02,都市：商
RPVTMLSKPHIFFCA56DB,中山段一小段,1.02,都市：商
RPVTMLSKPHIFFCA56DB,中山段一小段,.86,都市：商
RPVTMLSKPHIFFCA56DB,中山段一小段,.88,都市：商
RPVTMLSKPHIFFCA56DB,中山段一小段,.93,都市：商
RPOUMLSKPHIFFCA58DB,中山段一小段,1.06,都市：商
RPOUMLSKPHIFFCA58DB,中山段一小段,1.06,都市：商
RPOUMLSKPHIFFCA58DB,中山段一小段,1.06,都市：商
RPOUMLSKPHIFFCA58DB,中山段一小段,.88,都市：商
RPOUMLSKPHIFFCA58DB,中山段一小段,.91,都市：商
RPOUMLSKPHIFFCA58DB,中山段一小段,.96,都市：商
RPPUMLSKPHIFFCA68DB,中山段一小段,1.07,都市：商
RPPUMLSKPHIFFCA68DB,中山段一小段,1.07,都市：商
RPPUMLSKPHIFFCA68DB,中山段一小段,1.07,都市：商
RPPUMLSKPHIFFCA68DB,中山段一小段,.90,都市：商
RPPUMLSKPHIFFCA68DB,中山段一小段,.92,都市：商
RPPUMLSKPHIFFCA68DB,中山段一小段,.98,都市：商
RPQUMLSKPHIFFCA78DB,中山段一小段,1.06,都市：商
RPQUMLSKPHIFFCA78DB,中山段一小段,1.06,都市：商
RPQUMLSKPHIFFCA78DB,中山段一小段,1.06,都市：商
RPQUMLSKPHIFFCA78DB,中山段一小段,.88,都市：商
RPQUMLSKPHIFFCA78DB,中山段一小段,.91,都市：商
RPQUMLSKPHIFFCA78DB,中山段一小段,.96,都市：商
RPUOMLTKPHIFFCA58CB,康寧段三小段,38.81,都市：住
RPRUMLSKPHIFFCA88DB,中山段一小段,1.06,都市：商
RPRUMLSKPHIFFCA88DB,中山段一小段,1.06,都市：商
RPRUMLSKPHIFFCA88DB,中山段一小段,1.06,都市：商
RPRUMLSKPHIFFCA88DB,中山段一小段,.89,都市：商
RPRUMLSKPHIFFCA88DB,中山段一小段,.92,都市：商
RPRUMLSKPHIFFCA88DB,中山段一小段,.97,都市：商
RPVSMLSKPHIFFCA09DB,中山段一小段,1.22,都市：商
RPVSMLSKPHIFFCA09DB,中山段一小段,1.22,都市：商
RPVSMLSKPHIFFCA09DB,中山段一小段,1.22,都市：商
RPVSMLSKPHIFFCA09DB,中山段一小段,1.03,都市：商
RPVSMLSKPHIFFCA09DB,中山段一小段,1.06,都市：商
RPVSMLSKPHIFFCA09DB,中山段一小段,1.12,都市：商
RPQOMLTKPHIFFCA18CB,康寧段三小段,38.28,都市：住
RPWOMLTKPHIFFCA78CB,康寧段三小段,38.28,都市：住
RPUNMLNLPHIFFDA08CB,經貿段,14.69,都市：住
RPTNMLNLPHIFFDA97CB,經貿段,14.69,都市：住
RPVOMLTKPHIFFCA68CB,康寧段三小段,41.18,都市：住
RPQNMLNLPHIFFDA67CB,經貿段,20.04,都市：住
RPQNMLLLPHIFFAA27DB,公訓段二小段,.07,都市：住
RPQOMLNLPHIFFDA77CB,經貿段,14.69,都市：住
RPROMLNLPHIFFDA87CB,經貿段,14.69,都市：住
RPTTMLSKPHIFFCA98DB,中山段一小段,1.02,都市：商
RPTTMLSKPHIFFCA98DB,中山段一小段,1.02,都市：商
RPTTMLSKPHIFFCA98DB,中山段一小段,1.02,都市：商
RPTTMLSKPHIFFCA98DB,中山段一小段,.86,都市：商
RPTTMLSKPHIFFCA98DB,中山段一小段,.88,都市：商
RPTTMLSKPHIFFCA98DB,中山段一小段,.93,都市：商
RPOOMLNLPHIFFDA57CB,經貿段,21.14,都市：住
RPTOMLNLPHIFFDA08CB,經貿段,14.69,都市：住
RPWOMLNLPHIFFDA38CB,經貿段,18.94,都市：住
RPOPMLNLPHIFFDA67CB,經貿段,14.69,都市：住
RPXOMLNLPHIFFDA48CB,經貿段,14.69,都市：住
RPRPMLNLPHIFFDA97CB,經貿段,18.94,都市：住
RPVPMLNLPHIFFDA38CB,經貿段,14.69,都市：住
RPXPMLNLPHIFFDA58CB,經貿段,14.69,都市：住
RPSQMLNLPHIFFDA18CB,經貿段,20.04,都市：住
RPQQMLNLPHIFFDA97CB,經貿段,19.08,都市：住
RPPQMLNLPHIFFDA87CB,經貿段,19.08,都市：住
RPUQMLNLPHIFFDA38CB,經貿段,21.14,都市：住
RPTQMLNLPHIFFDA28CB,經貿段,18.81,都市：住
RPOQMLNLPHIFFDA77CB,經貿段,18.94,都市：住
RPVQMLNLPHIFFDA48CB,經貿段,14.69,都市：住
RPSRMLNLPHIFFDA28CB,經貿段,20.04,都市：住
RPRRMLNLPHIFFDA18CB,經貿段,19.08,都市：住
RPTRMLNLPHIFFDA38CB,經貿段,14.69,都市：住
RPVRMLNLPHIFFDA58CB,經貿段,19.08,都市：住
RPWQMLNLPHIFFDA58CB,經貿段,19.08,都市：住
RPXRMLNLPHIFFDA78CB,經貿段,19.08,都市：住
RPPSMLNLPHIFFDA08CB,經貿段,19.08,都市：住
RPOSMLNLPHIFFDA97CB,經貿段,19.08,都市：住
RPUPMLNLPHIFFDA28CB,經貿段,18.94,都市：住
RPUSMLNLPHIFFDA58CB,經貿段,18.94,都市：住
RPQSMLNLPHIFFDA18CB,經貿段,20.04,都市：住
RPOUMLNLPHIFFDA18CB,經貿段,20.04,都市：住
RPSPMLNLPHIFFDA08CB,經貿段,18.94,都市：住
RPSSMLNLPHIFFDA38CB,經貿段,20.04,都市：住
RPWTMLNLPHIFFDA88CB,經貿段,21.14,都市：住
RPWNMLNLPHIFFDA28CB,經貿段,14.69,都市：住
RPPUMLNLPHIFFDA28CB,經貿段,20.04,都市：住
RPVUMLNLPHIFFDA88CB,經貿段,20.04,都市：住
RPWUMLNLPHIFFDA98CB,經貿段,14.69,都市：住
RPQTMLSKPHIFFCA68DB,中山段一小段,1.02,都市：商
RPQTMLSKPHIFFCA68DB,中山段一小段,1.02,都市：商
RPQTMLSKPHIFFCA68DB,中山段一小段,1.02,都市：商
RPQTMLSKPHIFFCA68DB,中山段一小段,.86,都市：商
RPQTMLSKPHIFFCA68DB,中山段一小段,.88,都市：商
RPQTMLSKPHIFFCA68DB,中山段一小段,.93,都市：商
RPOVMLNLPHIFFDA28CB,經貿段,21.14,都市：住
RPQUMLNLPHIFFDA38CB,經貿段,14.69,都市：住
RPSUMLNLPHIFFDA58CB,經貿段,14.69,都市：住
RPSVMLNLPHIFFDA68CB,經貿段,20.04,都市：住
RPPVMLNLPHIFFDA38CB,經貿段,14.69,都市：住
RPWVMLNLPHIFFDA09CB,經貿段,21.14,都市：住
RPTVMLNLPHIFFDA78CB,經貿段,27.04,都市：住
RPQNMLOLPHIFFDA77CB,經貿段,19.08,都市：住
RPVVMLNLPHIFFDA98CB,經貿段,14.69,都市：住
RPUTMLNLPHIFFDA68CB,經貿段,21.14,都市：住
RPUVMLNLPHIFFDA88CB,經貿段,14.69,都市：住
RPRNMLOLPHIFFDA87CB,經貿段,18.94,都市：住
RPWNMLOLPHIFFDA38CB,經貿段,21.14,都市：住
RPQVMLNLPHIFFDA48CB,經貿段,27.04,都市：住
RPPNMLOLPHIFFDA67CB,經貿段,14.69,都市：住
RPSNMLOLPHIFFDA97CB,經貿段,21.14,都市：住
RPUNMLOLPHIFFDA18CB,經貿段,21.14,都市：住
RPVNMLOLPHIFFDA28CB,經貿段,20.04,都市：住
RPRVMLNLPHIFFDA58CB,經貿段,21.14,都市：住
RPXNMLOLPHIFFDA48CB,經貿段,21.14,都市：住
RPOOMLOLPHIFFDA67CB,經貿段,14.69,都市：住
RPPOMLOLPHIFFDA77CB,經貿段,20.04,都市：住
RPWNMLPLPHIFFAA28DB,公訓段二小段,.08,都市：住
RPROMLOLPHIFFDA97CB,經貿段,20.04,都市：住
RPQOMLPLPHIFFAA77DB,公訓段二小段,.08,都市：住
RPSOMLQLPHIFFAA97CB,永昌段六小段,21.63,都市：住
RPSOMLQLPHIFFAA97CB,永昌段六小段,12.45,都市：住
RPUOMLQLPHIFFAA18CB,永昌段六小段,22.61,都市：住
RPUOMLQLPHIFFAA18CB,永昌段六小段,13.01,都市：住
RPQOMLQLPHIFFAA77CB,永昌段六小段,22.61,都市：住
RPQOMLQLPHIFFAA77CB,永昌段六小段,13.01,都市：住
RPVNMLQLPHIFFAA18CB,永昌段六小段,22.61,都市：住
RPVNMLQLPHIFFAA18CB,永昌段六小段,13.01,都市：住
RPQOMLOLPHIFFDA87CB,經貿段,21.14,都市：住
RPRPMLPLPHIFFDA18CB,經貿段,16.33,都市：住
RPXNMLQLPHIFFAA38CB,永昌段六小段,22.61,都市：住
RPXNMLQLPHIFFAA38CB,永昌段六小段,13.01,都市：住
RPVOMLQLPHIFFAA28CB,永昌段六小段,22.61,都市：住
RPVOMLQLPHIFFAA28CB,永昌段六小段,13.01,都市：住
RPOPMLQLPHIFFAA67CB,永昌段六小段,24.64,都市：住
RPOPMLQLPHIFFAA67CB,永昌段六小段,14.18,都市：住
RPWOMLQLPHIFFAA38CB,永昌段六小段,22.61,都市：住
RPWOMLQLPHIFFAA38CB,永昌段六小段,13.01,都市：住
RPXOMLQLPHIFFAA48CB,永昌段六小段,24.64,都市：住
RPXOMLQLPHIFFAA48CB,永昌段六小段,14.18,都市：住
RPPPMLQLPHIFFAA77CB,永昌段六小段,24.64,都市：住
RPPPMLQLPHIFFAA77CB,永昌段六小段,14.18,都市：住
RPUNMLRLPHIFFDA48CB,南港段一小段,.70,都市：工
RPTNMLOLPHIFFDA08CB,經貿段,20.04,都市：住
RPWNMLRLPHIFFDA68CB,南港段一小段,.78,都市：工
RPTOMLRLPHIFFDA48CB,南港段一小段,.80,都市：工
RPXNMLRLPHIFFDA78CB,南港段一小段,.78,都市：工
RPPOMLRLPHIFFDA08CB,南港段一小段,.70,都市：工
RPUOMLRLPHIFFDA58CB,南港段一小段,.80,都市：工
RPSOMLRLPHIFFDA38CB,南港段一小段,.80,都市：工
RPXOMLTLPHIFFAA88DB,公訓段二小段,.07,都市：住
RPXQMLTLPHIFFCA56CB,西湖段二小段,52.13,都市：住
RPORMLTLPHIFFCA38CB,西湖段二小段,52.13,都市：住
RPVOMLRLPHIFFDA68CB,南港段一小段,.80,都市：工
RPOOMLRLPHIFFDA97CB,南港段一小段,.78,都市：工
RPTRMLTLPHIFFCA88CB,西湖段二小段,80.45,都市：住
RPUTMLTLPHIFFCA56CB,西湖段二小段,47.64,都市：住
RPXUMLTLPHIFFCA96CB,西湖段二小段,45.55,都市：住
RPUSMLTLPHIFFCA09CB,西湖段二小段,41.10,都市：住
RPVUMLTLPHIFFCA76CB,西湖段二小段,46.16,都市：住
RPVRMLKMPHIFFDA38CB,逸仙段二小段,51.95,都市：工
RPXNMLKMPHIFFAA97DB,公訓段二小段,.08,都市：住
RPRNNLTLPHIFFCA48DB,中山段一小段,1.18,都市：商
RPRNNLTLPHIFFCA48DB,中山段一小段,1.21,都市：商
RPRNNLTLPHIFFCA48DB,中山段一小段,1.21,都市：商
RPRNNLTLPHIFFCA48DB,中山段一小段,1.70,都市：商
RPRNNLTLPHIFFCA48DB,中山段一小段,1.08,都市：商
RPRNNLTLPHIFFCA48DB,中山段一小段,1.09,都市：商
RPRNNLTLPHIFFCA48DB,中山段一小段,1.22,都市：商
RPRNNLTLPHIFFCA48DB,中山段一小段,1.12,都市：商
RPRNNLTLPHIFFCA48DB,中山段一小段,1.12,都市：商
RPRNNLTLPHIFFCA48DB,中山段一小段,1.13,都市：商
RPRNNLTLPHIFFCA48DB,中山段一小段,1.14,都市：商
RPRNNLTLPHIFFCA48DB,中山段一小段,1.18,都市：商
RPRNNLTLPHIFFCA48DB,中山段一小段,3.43,都市：商
RPWRMLKMPHIFFDA48CB,逸仙段二小段,51.95,都市：工
RPPSMLKMPHIFFDA87CB,逸仙段二小段,52.15,都市：工
RPQSMLKMPHIFFDA97CB,逸仙段二小段,51.95,都市：工
RPOSMLKMPHIFFDA77CB,逸仙段二小段,52.15,都市：工
RPQOMLRLPHIFFDA18CB,南港段一小段,.80,都市：工
RPRSMLKMPHIFFDA08CB,逸仙段二小段,52.15,都市：工
RPTSMLKMPHIFFDA28CB,逸仙段二小段,51.98,都市：工
RPUSMLKMPHIFFDA38CB,逸仙段二小段,51.98,都市：工
RPWSMLKMPHIFFDA58CB,逸仙段二小段,51.98,都市：工
RPVSMLKMPHIFFDA48CB,逸仙段二小段,51.98,都市：工
RPOSMLLMPHIFFCA77CB,西湖段二小段,76.37,都市：住
RPPSMLLMPHIFFCA87CB,西湖段二小段,57.39,都市：住
RPRSMLLMPHIFFCA08CB,西湖段二小段,47.68,都市：住
RPSSMLLMPHIFFCA18CB,西湖段二小段,47.24,都市：住
RPXRMLTLPHIFFCA66CB,西湖段二小段,43.23,都市：住
RPQRMLTLPHIFFCA58CB,西湖段二小段,52.23,都市：住
RPTSMLLMPHIFFCA28CB,西湖段二小段,47.48,都市：住
RPWSMLLMPHIFFCA58CB,西湖段二小段,47.64,都市：住
RPUSMLLMPHIFFCA38CB,西湖段二小段,47.58,都市：住
RPXSMLLMPHIFFCA68CB,西湖段二小段,46.60,都市：住
RPOTMLLMPHIFFCA87CB,西湖段二小段,46.53,都市：住
RPPTMLLMPHIFFCA97CB,西湖段二小段,50.71,都市：住
RPURMLKMPHIFFDA28CB,逸仙段二小段,52.01,都市：工
RPXRMLKMPHIFFDA58CB,逸仙段二小段,51.95,都市：工
RPXRMLLMPHIFFCA58CB,西湖段二小段,52.97,都市：住
RPSSMLKMPHIFFDA18CB,逸仙段二小段,51.98,都市：工
RPQSMLLMPHIFFCA97CB,西湖段二小段,54.25,都市：住
