﻿編號,車位類別,車位價格,車位面積平方公尺
Serial number,berth category,berth price,berth area square meter
RPVOMLQJNHIFFCD58DC,升降平面,0,
RPROMLPKNHIFFCD18DC,升降平面,0,
RPUOMLRKNHIFFAD38CC,坡道平面,0,29.08
RPPNMLLMNHIFFAD37CC,坡道平面,0,12.93
RPUNMLPJOHIFFCD28CC,坡道平面,0,24.72
RPTOMLOLOHIFFCD38CC,坡道平面,0,21.93
RPPNMLNJPHIFFCD67CC,坡道平面,0,
RPUNMLNJPHIFFCD18CC,坡道平面,0,19.80
RPRNMLKKPHIFFAD47CC,升降機械,0,6.00
RPVPMLSKPHIFFAD88CC,坡道平面,0,14.77
RPWPMLSKPHIFFAD98CC,坡道平面,0,14.77
