﻿編號,屋齡,建物移轉面積平方公尺,主要用途,主要建材,建築完成日期,總層數,建物分層
The serial number,room age,building shifting area square meter,the main use,main building materials,construction completes the date,total layer,building lamination
RPWOMLLJNHIFFCD08CC,29,457.88,見其他登記事項,鋼筋混凝土構造,72年12月29日,四層,
RPPPMLLJNHIFFCD47CC,35,75.67,住家用,鋼筋混凝土構造,67年5月9日,四層,
RPVOMLLJNHIFFCD97CC,32,386.21,住家用,鋼筋混凝土構造,69年11月19日,四層,
RPQPMLLJNHIFFCD57CC,37,82.68,住家用,加強磚造,65年4月16日,二層,
RPXOMLLJNHIFFCD18CC,22,40.78,住家用,鋼筋混凝土構造,80年8月30日,五層,
RPXOMLLJNHIFFCD18CC,22,11.26,共有部分,鋼筋混凝土構造,80年8月30日,五層,
RPSOMLLJNHIFFBD57CC,4,244.08,見其他登記事項,鋼筋混凝土構造,97年11月28日,四層,
RPSOMLLJNHIFFBD57CC,4,.23,共有部分,鋼筋混凝土構造,97年11月28日,一層,
RPPQMLMJNHIFFHR96CC,8,200.48,住家用,鋼筋混凝土造,94年9月20日,四層,
RPXPMLMJNHIFFHR67CC,14,51.00,見其他登記事項,鋼筋混凝土造,87年10月26日,十一層,
RPQOMLMJNHIFFCD57CC,20,66.12,住家用,鋼筋混凝土構造,82年7月19日,六層,
RPQPMLMJNHIFFHR96CC,8,241.59,住商用,鋼筋混凝土造,94年2月14日,四層,
RPOQMLLJNHIFFAD27CC,48,36.87,住家用,加強磚造,54年1月31日,一層,
RPXPMLMJNHIFFAD18CC,26,133.80,住家用,加強磚造,75年12月10日,二層,
RPQQMLLJNHIFFAD47CC,34,38.29,住家用,鋼筋混凝土構造,68年4月6日,七層,
RPQQMLLJNHIFFAD47CC,34,.15,共有部分,鋼筋混凝土構造,68年4月6日,七層,
RPQQMLLJNHIFFAD47CC,34,7.46,共有部分,鋼筋混凝土構造,68年4月6日,七層,
RPSPMLMJNHIFFAD67CC,24,64.42,住家用,鋼筋混凝土構造,78年3月14日,五層,
RPSPMLMJNHIFFAD67CC,24,35.40,共有部分,鋼筋混凝土構造,78年3月14日,五層,
RPVQMLMJNHIFFAD08CC,11,7697.74,見其他登記事項,鋼筋混凝土構造,91年8月22日,五層,
RPPQMLMJNHIFFAD47CC,32,16.82,商業用,鋼筋混凝土構造,69年12月3日,十層,
RPPQMLMJNHIFFAD47CC,32,5.16,共有部分,鋼筋混凝土構造,69年12月3日,十層,
RPTQMLLJNHIFFAD77CC,19,56.20,住家用,鋼筋混凝土構造,82年12月13日,十三層,
RPTQMLLJNHIFFAD77CC,19,20.38,共有部分,鋼筋混凝土構造,82年12月13日,十三層,
RPSQMLLJNHIFFAD67CC,6,57.84,見其他登記事項,見其他登記事項,95年11月29日,十三層,
RPSQMLLJNHIFFAD67CC,6,10.36,共有部分,見其他登記事項,95年11月29日,十三層,
RPSQMLLJNHIFFAD67CC,6,6.30,共有部分,見其他登記事項,95年11月29日,十三層,
RPRQMLLJNHIFFAD57CC,8,.00,見其他登記事項,見其他登記事項,94年10月18日,四層,
RPSQMLMJNHIFFAD77CC,39,82.68,住家用,加強磚造,63年3月14日,二層,
RPUQMLLJNHIFFAD87CC,34,118.44,住家用,加強磚造,68年9月22日,二層,
RPUNMLNJNHIFFCD97CC,34,205.48,住商用,鋼筋混凝土構造,68年11月1日,四層,
RPROMLNJNHIFFER76CC,8,48.99,見其他登記事項,鋼筋混凝土造,93年12月22日,四層,
RPSNMLQJNHIFFER17DC,17,216.47,住商用,鋼筋混凝土造,85年3月15日,四層,
RPXOMLQJNHIFFCD68CC,16,81.87,住家用,鋼筋混凝土構造,86年5月8日,十六層,
RPXOMLQJNHIFFCD68CC,16,11.19,住家用,鋼筋混凝土構造,86年5月8日,十六層,
RPXOMLQJNHIFFCD68CC,16,11.80,住家用,鋼筋混凝土構造,86年5月8日,十六層,
RPXOMLQJNHIFFCD68CC,16,3.68,住家用,鋼筋混凝土構造,86年5月8日,十六層,
RPXOMLQJNHIFFCD68CC,16,15.27,住家用,鋼筋混凝土構造,86年5月8日,十六層,
RPXNMLNJNHIFFER37DC,18,266.13,工業用,鋼骨鋼筋混凝土造,84年3月3日,三層,
RPVOMLQJNHIFFCD58DC,16,172.72,住商用,鋼筋混凝土構造,86年3月7日,八層,
RPOOMLSJNHIFFER96CC,2,210.56,見其他登記事項,鋼筋混凝土造,100年3月28日,四層,
RPWNMLQJNHIFFCR37DC,19,112.00,住家用,鋼筋混凝土造,83年5月24日,六層,
RPPOMLSJNHIFFER07CC,2,210.56,見其他登記事項,鋼筋混凝土造,100年3月28日,四層,
RPXNMLSJNHIFFER77CC,2,210.56,見其他登記事項,鋼筋混凝土造,100年3月28日,四層,
RPXPMLQJNHIFFAD58CC,23,25.48,住家用,鋼筋混凝土構造,79年9月17日,六層,
RPXPMLQJNHIFFAD58CC,23,2.71,住家用,鋼筋混凝土構造,79年9月17日,六層,
RPXPMLQJNHIFFAD58CC,23,8.68,住家用,鋼筋混凝土構造,79年9月17日,六層,
RPVNMLQJNHIFFAD18CC,19,817.97,住商用,鋼筋混凝土構造,83年2月8日,三層,
RPOOMLRJNHIFFCD87CC,31,82.57,見其他登記事項,鋼筋混凝土構造,70年12月22日,五層,
RPOOMLRJNHIFFCD87CC,31,82.57,住商用,鋼筋混凝土構造,70年12月22日,五層,
RPPNMLTJNHIFFER07CC,2,210.56,見其他登記事項,鋼筋混凝土造,100年3月28日,四層,
RPPOMLTJNHIFFAD97CC,40,95.23,商業用,見其他登記事項,62年5月5日,一層,
RPWNMLTJNHIFFAD58CC,20,278.89,住商用,鋼筋混凝土構造,82年5月11日,十五層,
RPSNMLTJNHIFFCD38CC,33,68.39,住家用,鋼筋混凝土構造,68年12月14日,五層,
RPQNMLTJNHIFFCD18CC,28,73.46,住家用,鋼筋混凝土構造,73年11月13日,五層,
RPPOMLRJNHIFFCD97CC,32,255.33,住商用,鋼筋混凝土構造,70年3月6日,四層,
RPSNMLKKNHIFFCD57CC,18,56.68,住家用,鋼筋混凝土構造,83年12月16日,十六層,
RPTOMLTJNHIFFAD38CC,12,69.41,商業用,鋼筋混凝土構造,90年1月17日,四層,
RPVNMLKKNHIFFAD67CC,18,36.07,住家用,鋼筋混凝土構造,84年3月13日,三層,
RPQNMLMKNHIFFAD37CC,6,554.33,見其他登記事項,見其他登記事項,96年3月23日,四層,
RPSNMLLKNHIFFHR96CC,13,111.87,住商用,鋼筋混凝土造,88年12月3日,八層,
RPVNMLLKNHIFFFR07CC,23,258.01,住家用,鋼筋混凝土造,78年12月9日,四層,
RPXNMLOKNHIFFFR57CC,15,150.64,見其他登記事項,鋼筋混凝土造,87年1月21日,四層,
RPXNMLOKNHIFFFR57CC,15,52.77,住商用,鋼筋混凝土造,87年1月21日,一層,
RPPNMLOKNHIFFCD67CC,16,178.35,住家用,鋼筋混凝土構造,86年5月31日,五層,
RPPNMLOKNHIFFCD67CC,16,45.15,共有部分,鋼筋混凝土構造,86年5月31日,五層,
RPROMLPKNHIFFCD18DC,16,172.72,住商用,鋼筋混凝土構造,86年3月7日,八層,
RPPOMLQKNHIFFFR07CC,11,176.59,住家用,鋼筋混凝土造,91年8月14日,五層,
RPQOMLQKNHIFFFR17CC,21,190.29,住商用,鋼筋混凝土造,81年3月7日,三層,
RPQNMLOKNHIFFCD77CC,22,260.79,見其他登記事項,鋼筋混凝土構造,80年4月24日,六層,
RPUOMLRKNHIFFAD38CC,13,148.36,見其他登記事項,鋼筋混凝土構造,89年3月6日,二十五層,
RPUOMLRKNHIFFAD38CC,13,22.48,共有部分,鋼筋混凝土構造,89年3月6日,二十五層,
RPUOMLRKNHIFFAD38CC,13,26.26,共有部分,鋼筋混凝土構造,89年3月6日,二十五層,
RPPNMLTKNHIFFAD97CC,18,44.58,住家用,鋼筋混凝土構造,84年2月28日,四層,
RPUNMLKKNHIFFCD77CC,3,51.90,住家用,鋼筋混凝土構造,99年2月3日,十四層,
RPOPMLLLNHIFFHR86CC,18,216.71,見其他登記事項,鋼筋混凝土造,84年2月28日,十三層,
RPOPMLLLNHIFFHR86CC,18,39.23,共有部分,鋼筋混凝土造,84年2月28日,十三層,
RPSOMLLLNHIFFHR17CC,25,191.68,住商用,鋼筋混凝土造,77年3月9日,五層,
RPTOMLLLNHIFFAD77CC,5,60.50,見其他登記事項,鋼筋混凝土構造,96年12月27日,十九層,
RPTOMLLLNHIFFAD77CC,5,41.40,共有部分,鋼筋混凝土構造,96年12月27日,十九層,
RPTPMLLLNHIFFHR37CC,14,92.18,國民住宅,鋼筋混凝土造,88年8月24日,十四層,
RPTPMLLLNHIFFHR37CC,14,2.33,共有部分,鋼筋混凝土造,88年8月24日,十四層,
RPTPMLLLNHIFFHR37CC,14,4.32,共有部分,鋼筋混凝土造,88年8月24日,十四層,
RPTPMLLLNHIFFHR37CC,14,18.71,共有部分,鋼筋混凝土造,88年8月24日,十四層,
RPQOMLLLNHIFFHR96CC,14,84.07,住家用,鋼筋混凝土造,88年8月24日,十四層,
RPQOMLLLNHIFFHR96CC,14,2.09,共有部分,鋼筋混凝土造,88年8月24日,十四層,
RPQOMLLLNHIFFHR96CC,14,16.94,共有部分,鋼筋混凝土造,88年8月24日,十四層,
RPQOMLLLNHIFFHR96CC,14,16.60,共有部分,鋼筋混凝土造,88年8月24日,十四層,
RPPOMLMLNHIFFER66CC,22,22.78,住家用,鋼筋混凝土造,80年5月17日,一層,
RPUOMLMLNHIFFER17CC,1,208.05,住家用,鋼筋混凝土造,101年4月16日,四層,
RPSOMLMLNHIFFER96CC,22,65.17,住家用,鋼筋混凝土造,80年5月17日,四層,
RPOPMLKLNHIFFAD27CC,42,149.17,住家用,加強磚造,60年2月23日,二層,
RPROMLSLNHIFFFR67DC,5,34.32,住商用,鋼筋混凝土造,97年1月30日,四層,
RPSNMLOLNHIFFER07CC,,248.31,見其他登記事項,鋼筋混凝土造,102年1月15日,四層,
RPXOMLLLNHIFFAD18CC,7,26.69,見其他登記事項,見其他登記事項,95年7月13日,十一層,
RPXOMLLLNHIFFAD18CC,7,4.30,共有部分,見其他登記事項,95年7月13日,十一層,
RPXOMLLLNHIFFAD18CC,7,7.12,共有部分,見其他登記事項,95年7月13日,十一層,
RPXOMLLLNHIFFAD18CC,7,.01,共有部分,見其他登記事項,95年7月13日,十一層,
RPPOMLTLNHIFFAD18CC,6,70.72,共有部分,見其他登記事項,96年8月24日,十四層,
RPUNMLRLNHIFFCD68DC,35,76.48,住家用,鋼筋混凝土構造,67年5月9日,四層,
RPRNMLRLNHIFFAD08CC,3,239.47,見其他登記事項,鋼筋混凝土構造,99年5月13日,五層,
RPOPMLLLNHIFFCD57CC,24,13.99,住家用,鋼筋混凝土構造,78年11月14日,五層,
RPWNMLKLNHIFFCD18DC,,185.21,商業用,見其他登記事項,102年3月13日,一層,
RPUNMLTLNHIFFBD68CC,1,57.14,住家用,鋼筋混凝土構造,100年11月14日,四層,
RPWOMLTLNHIFFHR38CC,21,16.60,住商用,鋼筋混凝土造,81年11月4日,四層,
RPSNMLLMNHIFFER86CC,16,101.62,住家用,鋼筋混凝土造,86年10月1日,五層,
RPPNMLLJOHIFFAD17CC,31,82.48,住家用,鋼筋混凝土構造,71年2月24日,五層,
RPPNMLLMNHIFFAD37CC,15,119.61,住家用,鋼筋混凝土構造,87年8月15日,十五層,
RPWOMLLMNHIFFAD18CC,41,148.85,住家用,加強磚造,61年8月17日,二層,
RPTNMLNJOHIFFER07DC,18,42.21,住家用,鋼筋混凝土造,84年5月31日,八層,
RPTNMLNJOHIFFER07DC,18,12.90,見其他登記事項,鋼筋混凝土造,84年5月31日,八層,
RPSNMLNJOHIFFER96DC,26,43.57,住商用,鋼筋混凝土造,76年8月10日,三層,
RPPOMLNJOHIFFER66CC,13,192.22,住商用,鋼筋混凝土造,89年2月11日,三層,
RPVNMLNJOHIFFER27DC,24,141.26,住家用,鋼筋混凝土造,78年7月6日,二層,
RPTNMLOJOHIFFER07CC,1,201.54,見其他登記事項,鋼筋混凝土造,101年4月6日,三層,
RPPOMLOJOHIFFCD77CC,25,80.11,住家用,見其他登記事項,77年2月9日,二層,
RPPOMLOJOHIFFCD77CC,25,25.54,住家用,見其他登記事項,77年2月9日,二層,
RPUNMLPJOHIFFCD28CC,11,159.37,國民住宅,鋼筋混凝土構造,91年1月2日,九層,
RPQNMLPJOHIFFCD87CC,22,68.93,住家用,鋼筋混凝土構造,79年12月26日,六層,
RPQNMLPJOHIFFCD87CC,22,23.12,共有部分,鋼筋混凝土構造,79年12月26日,六層,
RPUNMLKMNHIFFCD08DC,30,231.13,住商用,鋼筋混凝土構造,72年11月3日,四層,
RPVNMLPJOHIFFHR67CC,12,183.00,見使用執照,鋼筋混凝土造,90年1月17日,四層,
RPUNMLPJOHIFFAD18DC,30,89.51,商業用,鋼筋混凝土構造,71年12月17日,十二層,
RPUNMLPJOHIFFAD18DC,30,76.22,商業用,鋼筋混凝土構造,71年12月17日,十二層,
RPUNMLPJOHIFFAD18DC,30,17.05,共有部分,鋼筋混凝土構造,71年12月17日,十二層,
RPUNMLPJOHIFFAD18DC,30,18.49,共有部分,鋼筋混凝土構造,71年12月17日,十二層,
RPPQMLQJOHIFFHR47CC,22,44.60,住家用,鋼筋混凝土造,80年8月12日,十七層,
RPTNMLQJOHIFFAD08CC,25,86.40,住家用,鋼筋混凝土構造,77年4月5日,五層,
RPSPMLQJOHIFFAD18CC,12,25.66,見其他登記事項,鋼筋混凝土構造,89年11月20日,十四層,
RPSPMLQJOHIFFAD18CC,12,7.44,共有部分,鋼筋混凝土構造,89年11月20日,十四層,
RPUPMLQJOHIFFAD38CC,5,60.50,見其他登記事項,鋼筋混凝土構造,96年12月27日,十九層,
RPUPMLQJOHIFFAD38CC,5,53.77,共有部分,鋼筋混凝土構造,96年12月27日,十九層,
RPSNMLQJOHIFFCD18CC,24,209.90,住商用,鋼筋混凝土構造,78年9月6日,四層,
RPTPMLQJOHIFFAD28CC,45,228.90,住家用,加強磚造,57年3月20日,三層,
RPPOMLQJOHIFFCD97CC,27,137.84,住家用,鋼筋混凝土構造,75年6月12日,二層,
RPXNMLRJOHIFFHR08CC,28,117.45,住商用,鋼筋混凝土造,74年11月23日,三層,
RPWNMLQJOHIFFCD58CC,31,87.30,住家用,鋼筋混凝土構造,71年2月26日,五層,
RPWNMLQJOHIFFCD58CC,31,12.95,共有部分,鋼筋混凝土構造,71年2月26日,五層,
RPTNMLQJOHIFFCD28CC,20,99.77,住商用,鋼筋混凝土構造,82年10月18日,七層,
RPVNMLQJOHIFFAD28CC,13,216.69,見其他登記事項,鋼筋混凝土構造,89年1月10日,四層,
RPUNMLQJOHIFFAD18CC,33,221.28,住家用,鋼筋混凝土構造,69年9月8日,三層,
RPTNMLKKOHIFFER76CC,21,177.92,住家用,鋼筋混凝土造,81年12月31日,三層,
RPSNMLKKOHIFFER66CC,18,44.04,住家用,鋼筋混凝土造,84年5月31日,八層,
RPVNMLRJOHIFFER57CC,23,306.30,住家用,鋼筋混凝土造,78年12月6日,五層,
RPTQMLKKOHIFFHR47DC,18,127.31,見其他登記事項,鋼筋混凝土造,84年9月8日,十九層,
RPTQMLKKOHIFFHR47DC,18,19.26,共有部分,鋼筋混凝土造,84年9月8日,十九層,
RPWOMLKKOHIFFCD18CC,33,77.38,國民住宅,鋼筋混凝土構造,69年5月22日,七層,
RPXNMLNKOHIFFHR77CC,12,48.56,住家用,鋼筋混凝土造,90年1月10日,十一層,
RPXNMLNKOHIFFHR77CC,12,11.00,共有部分,鋼筋混凝土造,90年1月10日,十一層,
RPXNMLNKOHIFFHR77CC,12,7.16,共有部分,鋼筋混凝土造,90年1月10日,十一層,
RPQPMLLKOHIFFAD57CC,8,36.60,見其他登記事項,見其他登記事項,94年8月25日,一層,
RPPNMLMKOHIFFAD37CC,34,24.83,住家用,鋼筋混凝土構造,68年10月13日,五層,
RPPNMLLKOHIFFAD27CC,48,1258.20,住工用,加強磚造,54年1月1日,五層,
RPVPMLLKOHIFFAD08CC,79,132.23,商業用,鋼筋混凝土構造,23年1月1日,一層,
RPOOMLOKOHIFFCD77CC,25,110.86,住商用,鋼筋混凝土構造,77年5月30日,四層,
RPWNMLOKOHIFFFR57CC,6,239.71,住商用,鋼筋混凝土造,96年10月9日,四層,
RPXOMLKKOHIFFCD28CC,27,51.00,住商用,鋼筋混凝土構造,75年9月20日,四層,
RPVNMLOKOHIFFHR67CC,20,95.72,住家用,鋼筋混凝土造,82年8月24日,十五層,
RPVNMLOKOHIFFHR67CC,20,15.61,共有部分,鋼筋混凝土造,82年8月24日,十五層,
RPVNMLOKOHIFFHR67CC,20,1.54,共有部分,鋼筋混凝土造,82年8月24日,見其他登記事項,
RPPNMLMKOHIFFCD57CC,14,34.30,住家用,鋼筋混凝土構造,88年4月1日,九層,
RPXNMLOKOHIFFHR87CC,19,50.27,住家用,鋼筋混凝土造,83年3月28日,七層,
RPXNMLOKOHIFFHR87CC,19,21.30,共有部分,鋼筋混凝土造,83年3月28日,七層,
RPRNMLOKOHIFFCD97CC,7,49.57,見其他登記事項,見其他登記事項,94年11月30日,四層,
RPROMLKKOHIFFCD67CC,33,62.00,國民住宅,鋼筋混凝土構造,69年5月22日,七層,
RPOOMLOKOHIFFHR07CC,28,115.07,住商用,加強磚造,74年4月12日,二層,
RPSOMLOKOHIFFCD18CC,22,56.51,住家用,鋼筋混凝土構造,80年8月15日,七層,
RPSOMLOKOHIFFCD18CC,22,21.40,共有部分,鋼筋混凝土構造,80年8月15日,七層,
RPPOMLOKOHIFFCD87CC,44,72.76,住家用,加強磚造,57年12月4日,二層,
RPROMLOKOHIFFCD08CC,14,96.25,國民住宅,鋼筋混凝土構造,88年10月21日,十三層,
RPROMLOKOHIFFCD08CC,14,15.94,共有部分,鋼筋混凝土構造,88年10月21日,十三層,
RPROMLOKOHIFFCD08CC,14,33.92,共有部分,鋼筋混凝土構造,88年10月21日,十三層,
RPRNMLOKOHIFFAD77CC,40,171.15,住商用,鋼筋混凝土構造,62年4月17日,三層,
RPRNMLOKOHIFFAD77CC,38,77.25,住家用,鋼筋混凝土構造,63年12月30日,四層,
RPOOMLOKOHIFFAD57CC,22,46.11,住家用,鋼筋混凝土構造,80年2月2日,六層,
RPOOMLOKOHIFFAD57CC,22,4.46,共有部分,鋼筋混凝土構造,80年2月2日,六層,
RPOOMLOKOHIFFAD57CC,22,5.65,共有部分,鋼筋混凝土構造,80年2月2日,六層,
RPOOMLOKOHIFFAD57CC,22,5.46,共有部分,鋼筋混凝土構造,80年2月2日,六層,
RPPOMLOKOHIFFAD67CC,15,95.12,住家用,鋼筋混凝土構造,87年1月5日,二十六層,
RPPOMLOKOHIFFAD67CC,15,28.36,共有部分,鋼筋混凝土構造,87年1月5日,二十六層,
RPPOMLOKOHIFFAD67CC,15,19.30,共有部分,鋼筋混凝土構造,87年1月5日,二十六層,
RPSOMLOKOHIFFAD97CC,16,124.18,住家用,鋼筋混凝土構造,86年10月21日,二十二層,
RPSOMLOKOHIFFAD97CC,16,61.44,共有部分,鋼筋混凝土構造,86年10月21日,二十二層,
RPROMLOKOHIFFAD87CC,19,83.22,住家用,鋼筋混凝土構造,83年3月30日,九層,
RPROMLOKOHIFFAD87CC,19,45.28,共有部分,鋼筋混凝土構造,83年3月30日,九層,
RPWOMLOKOHIFFAD38CC,19,194.18,住商用,鋼筋混凝土構造,83年8月11日,五層,
RPOQMLRKOHIFFAD08CC,15,36.19,住家用,鋼筋混凝土構造,87年6月17日,六層,
RPOQMLRKOHIFFAD08CC,15,18.81,共有部分,鋼筋混凝土構造,87年6月17日,六層,
RPVNMLOKOHIFFAD18CC,22,50.72,商業用,鋼筋混凝土構造,80年4月16日,十一層,
RPQOMLRKOHIFFCD28CC,19,100.79,住商用,鋼筋混凝土構造,83年3月30日,六層,
RPQOMLRKOHIFFCD28CC,19,45.49,共有部分,鋼筋混凝土構造,83年3月30日,六層,
RPUNMLSKOHIFFAD48CC,10,144.45,見其他登記事項,鋼筋混凝土構造,92年11月6日,十二層,
RPUNMLSKOHIFFAD48CC,10,24.20,共有部分,鋼筋混凝土構造,92年11月6日,十二層,
RPUNMLSKOHIFFAD48CC,10,56.49,共有部分,鋼筋混凝土構造,92年11月6日,十二層,
RPSNMLSKOHIFFFR67DC,3,102.03,住家用,鋼筋混凝土造,99年4月22日,十四層,
RPSOMLRKOHIFFCD48CC,16,116.43,住家用,鋼筋混凝土構造,86年7月29日,八層,
RPSOMLRKOHIFFCD48CC,16,16.22,共有部分,鋼筋混凝土構造,86年7月29日,八層,
RPSOMLRKOHIFFCD48CC,16,25.67,共有部分,鋼筋混凝土構造,86年7月29日,八層,
RPTPMLRKOHIFFHR97CC,20,100.82,住家用,鋼筋混凝土造,81年12月16日,六層,
RPTPMLRKOHIFFHR97CC,20,43.65,共有部分,鋼筋混凝土造,81年12月16日,六層,
RPUNMLSKOHIFFCD78DC,16,745.42,見其他登記事項,鋼筋混凝土構造,86年7月29日,八層,
RPQPMLTKOHIFFAD38CC,18,39.42,見其他登記事項,鋼筋混凝土構造,84年9月26日,四層,
RPQPMLTKOHIFFAD38CC,18,37.14,見其他登記事項,鋼筋混凝土構造,84年9月26日,四層,
RPQPMLTKOHIFFAD38CC,18,37.14,見其他登記事項,鋼筋混凝土構造,84年9月26日,四層,
RPOPMLSKOHIFFAD08CC,36,63.83,住商用,鋼筋混凝土構造,66年11月4日,四層,
RPWNMLRKOHIFFHR18DC,27,195.04,住家用,加強磚造,75年10月9日,二層,
RPVNMLTKOHIFFAD68CC,23,23.00,住家用,鋼筋混凝土構造,79年6月5日,十一層,
RPPPMLTKOHIFFAD28CC,18,18.02,見其他登記事項,鋼筋混凝土構造,84年9月26日,四層,
RPQNMLTKOHIFFAD18CC,21,21.64,住家用,鋼筋混凝土構造,81年1月30日,七層,
RPRNMLSKOHIFFHR67CC,21,107.64,住家用,鋼筋混凝土造,81年4月9日,七層,
RPSOMLTKOHIFFCD68CC,25,185.29,住商用,鋼筋混凝土構造,77年3月24日,五層,
RPSOMLTKOHIFFCD68CC,25,54.80,住商用,鋼筋混凝土構造,77年3月24日,五層,
RPQOMLLLOHIFFHR07CC,18,96.50,住商用,鋼筋混凝土造,84年11月2日,八層,
RPUNMLTKOHIFFCD78CC,27,185.60,住商用,鋼筋混凝土構造,75年6月12日,四層,
RPPNMLNLOHIFFCD77CC,25,77.06,住家用,鋼筋混凝土構造,77年4月6日,五層,
RPUOMLKLOHIFFAD87CC,22,311.56,住商用,鋼筋混凝土構造,80年3月21日,十一層,
RPVNMLOLOHIFFCD48CC,26,235.06,住商用,鋼筋混凝土構造,76年8月13日,四層,
RPWNMLOLOHIFFCD58CC,40,34.78,住商用,加強磚造,62年7月13日,二層,
RPPNMLPLOHIFFCD97CC,22,72.42,住家用,鋼筋混凝土構造,80年4月22日,七層,
RPQNMLNLOHIFFAD67CC,17,106.22,住家用,鋼筋混凝土構造,85年9月7日,十七層,
RPTOMLOLOHIFFCD38CC,3,83.73,住家用,鋼筋混凝土構造,99年12月13日,十四層,
RPTOMLOLOHIFFCD38CC,3,21.93,見其他登記事項,鋼筋混凝土構造,99年12月13日,十四層,
RPUNMLTKOHIFFBD68CC,1,148.42,住商用,鋼筋混凝土構造,101年3月28日,三層,
RPTNMLTKOHIFFBD58CC,35,89.78,住家用,加強磚造,66年12月9日,二層,
RPUNMLOLOHIFFCD38CC,13,111.26,商業用,鋼筋混凝土構造,89年6月5日,七層,
RPUNMLOLOHIFFCD38CC,13,3.64,共有部分,鋼筋混凝土構造,89年6月5日,七層,
RPUNMLOLOHIFFCD38CC,13,15.66,共有部分,鋼筋混凝土構造,89年6月5日,七層,
RPUNMLOLOHIFFCD38CC,13,13.38,共有部分,鋼筋混凝土構造,89年6月5日,七層,
RPXNMLRLOHIFFCD09DC,16,745.42,見其他登記事項,鋼筋混凝土構造,86年7月29日,八層,
RPRNMLPLOHIFFAD97CC,25,86.40,住家用,鋼筋混凝土構造,77年4月5日,五層,
RPSOMLSLOHIFFFR77CC,32,104.00,住商用,加強磚造,70年1月1日,二層,
RPXNMLSLOHIFFCD56DC,27,173.30,住家用,鋼筋混凝土構造,75年6月26日,三層,
RPTOMLSLOHIFFFR87CC,3,112.14,住家用,鋼筋混凝土造,99年4月22日,十四層,
RPTOMLSLOHIFFFR87CC,3,62.01,見其他登記事項,鋼筋混凝土造,99年4月22日,十四層,
RPOOMLRLOHIFFCD28DC,20,77.14,商業用,鋼筋混凝土構造,82年2月16日,六層,
RPUOMLSLOHIFFAD68CC,10,144.45,見其他登記事項,鋼筋混凝土構造,92年11月6日,十二層,
RPUOMLSLOHIFFAD68CC,10,24.20,共有部分,鋼筋混凝土構造,92年11月6日,十二層,
RPUOMLSLOHIFFAD68CC,10,56.49,共有部分,鋼筋混凝土構造,92年11月6日,十二層,
RPSOMLSLOHIFFHR97CC,19,19.08,住家用,鋼筋混凝土造,83年7月1日,五層,
RPSOMLSLOHIFFHR97CC,19,5.44,共有部分,鋼筋混凝土造,83年7月1日,五層,
RPROMLSLOHIFFHR97DC,16,249.34,見其他登記事項,鋼筋混凝土造,86年5月24日,四層,
RPSOMLSLOHIFFBD58CC,24,45.14,見其他登記事項,鋼筋混凝土構造,78年2月4日,四層,
RPSOMLSLOHIFFBD58CC,24,18.70,見其他登記事項,鋼筋混凝土構造,78年2月4日,四層,
RPQPMLLJPHIFFCD77CC,34,78.80,住家用,加強磚造,68年3月31日,二層,
RPQOMLLJPHIFFHR96CC,25,178.83,住家用,加強磚造,77年1月14日,二層,
RPOOMLMJPHIFFER56CC,19,127.50,住家用,鋼筋混凝土造,83年3月3日,三層,
RPVOMLSLOHIFFAD78CC,32,169.78,住家用,加強磚造,70年11月21日,二層,
RPUNMLLJPHIFFAD77CC,43,118.84,住家用,加強磚造,59年8月20日,三層,
RPURMLSLOHIFFER18CC,17,118.58,住家用,鋼筋混凝土造,85年3月16日,四層,
RPQOMLMJPHIFFAD57CC,24,211.59,住家用,鋼筋混凝土構造,78年9月7日,三層,
RPROMLMJPHIFFAD67CC,35,97.98,住家用,加強磚造,67年3月27日,二層,
RPPPMLSLOHIFFER47CC,2,223.93,見其他登記事項,鋼筋混凝土造,100年11月7日,四層,
RPQPMLSLOHIFFER57CC,,248.31,見其他登記事項,鋼筋混凝土造,102年1月15日,四層,
RPOOMLMJPHIFFHR86CC,19,364.56,住商用,鋼筋混凝土造,83年9月24日,五層,
RPRNMLOJPHIFFAD77CC,13,252.87,住商用,鋼筋混凝土構造,89年1月10日,四層,
RPPNMLNJPHIFFCD67CC,15,172.65,住家用,鋼筋混凝土構造,87年7月20日,九層,
RPPNMLNJPHIFFER66CC,13,192.22,住商用,鋼筋混凝土造,89年2月11日,三層,
RPWNMLMJPHIFFHR57CC,29,102.72,住家用,加強磚造,73年4月16日,二層,
RPWNMLPJPHIFFER57CC,22,192.10,住家用,鋼筋混凝土造,80年5月17日,四層,
RPUNMLPJPHIFFER47DC,19,121.77,住家用,鋼筋混凝土造,83年10月21日,七層,
RPUNMLNJPHIFFCD18CC,6,66.94,住家用,鋼筋混凝土構造,96年11月6日,七層,
RPUNMLNJPHIFFCD18CC,6,35.78,住家用,鋼筋混凝土構造,96年11月6日,七層,
RPUNMLNJPHIFFCD18CC,6,27.05,見其他登記事項,鋼筋混凝土構造,96年11月6日,七層,
RPUNMLNJPHIFFCD18CC,6,8.82,共有部分,鋼筋混凝土構造,96年11月6日,七層,
RPUNMLNJPHIFFCD18CC,6,15.55,見其他登記事項,鋼筋混凝土構造,96年11月6日,七層,
RPUNMLNJPHIFFCD18CC,6,19.08,共有部分,鋼筋混凝土構造,96年11月6日,七層,
RPVNMLQJPHIFFHR87CC,1,58.30,見其他登記事項,見其他登記事項,101年8月17日,十九層,
RPVNMLQJPHIFFHR87CC,1,29.95,見其他登記事項,見其他登記事項,101年8月17日,十九層,
RPXNMLQJPHIFFAD58CC,18,109.33,住家用,鋼筋混凝土構造,84年3月11日,十二層,
RPXNMLQJPHIFFAD58CC,18,13.02,共有部分,鋼筋混凝土構造,84年3月11日,十二層,
RPXNMLQJPHIFFAD58CC,18,15.05,共有部分,鋼筋混凝土構造,84年3月11日,十二層,
RPXNMLQJPHIFFAD58CC,18,3.54,共有部分,鋼筋混凝土構造,84年3月11日,十二層,
RPVNMLQJPHIFFAD38CC,20,58.32,住商用,鋼筋混凝土構造,82年3月17日,五層,
RPTNMLQJPHIFFFR47CC,3,122.14,住家用,鋼筋混凝土造,99年4月22日,十四層,
RPTNMLQJPHIFFFR47CC,3,62.01,見其他登記事項,鋼筋混凝土造,99年4月22日,十四層,
RPSNMLQJPHIFFFR37CC,6,235.21,住商用,鋼筋混凝土造,96年10月9日,四層,
RPOOMLQJPHIFFAD77CC,30,88.85,住家用,鋼筋混凝土構造,72年12月10日,七層,
RPOOMLQJPHIFFAD77CC,30,13.61,共有部分,鋼筋混凝土構造,72年12月10日,七層,
RPWNMLQJPHIFFAD48CC,11,88.68,國民住宅,鋼筋混凝土構造,91年11月15日,十一層,
RPWNMLQJPHIFFAD48CC,11,41.36,共有部分,鋼筋混凝土構造,91年11月15日,十一層,
RPROMLQJPHIFFAD08CC,44,68.85,住家用,加強磚造,58年3月6日,二層,
RPVNMLQJPHIFFBD48CC,19,183.56,住商用,鋼筋混凝土構造,83年8月23日,四層,
RPWOMLQJPHIFFAD58CC,29,88.65,住家用,鋼筋混凝土構造,73年11月8日,五層,
RPWOMLQJPHIFFAD58CC,29,11.41,共有部分,鋼筋混凝土構造,73年11月8日,五層,
RPSOMLQJPHIFFAD18CC,18,61.27,住家用,鋼筋混凝土構造,84年7月29日,十七層,
RPSOMLQJPHIFFAD18CC,18,16.32,共有部分,鋼筋混凝土構造,84年7月29日,十七層,
RPPPMLQJPHIFFAD97CC,22,141.78,住商用,鋼筋混凝土構造,80年8月16日,五層,
RPUOMLQJPHIFFAD38CC,22,30.47,住家用,鋼筋混凝土構造,80年2月2日,六層,
RPUOMLQJPHIFFAD38CC,22,5.35,共有部分,鋼筋混凝土構造,80年2月2日,六層,
RPUOMLQJPHIFFAD38CC,22,5.17,共有部分,鋼筋混凝土構造,80年2月2日,六層,
RPUOMLQJPHIFFAD38CC,22,5.16,共有部分,鋼筋混凝土構造,80年2月2日,六層,
RPOPMLQJPHIFFAD87CC,23,126.17,住家用,鋼筋混凝土構造,79年4月21日,十二層,
RPOPMLQJPHIFFAD87CC,23,25.15,共有部分,鋼筋混凝土構造,79年4月21日,十二層,
RPQPMLQJPHIFFAD08CC,16,90.99,住家用,鋼筋混凝土構造,86年10月22日,二十四層,
RPQPMLQJPHIFFAD08CC,16,13.85,共有部分,鋼筋混凝土構造,86年10月22日,二十四層,
RPQPMLQJPHIFFAD08CC,16,14.08,共有部分,鋼筋混凝土構造,86年10月22日,二十四層,
RPTOMLQJPHIFFAD28CC,14,77.51,見其他登記事項,鋼筋混凝土構造,88年8月16日,十四層,
RPTOMLQJPHIFFAD28CC,14,11.39,共有部分,鋼筋混凝土構造,88年8月16日,十四層,
RPTOMLQJPHIFFAD28CC,14,10.56,共有部分,鋼筋混凝土構造,88年8月16日,十四層,
RPPOMLQJPHIFFAD87CC,48,44.72,住商用,加強磚造,54年6月20日,三層,
RPQOMLQJPHIFFAD97CC,20,60.19,住家用,鋼筋混凝土構造,82年11月2日,十三層,
RPQOMLQJPHIFFAD97CC,20,13.62,共有部分,鋼筋混凝土構造,82年11月2日,十三層,
RPQOMLQJPHIFFAD97CC,20,1.00,共有部分,鋼筋混凝土構造,82年11月2日,十三層,
RPRPMLQJPHIFFAD18CC,17,80.67,住家用,鋼筋混凝土構造,85年4月27日,十二層,
RPRPMLQJPHIFFAD18CC,17,21.09,共有部分,鋼筋混凝土構造,85年4月27日,十二層,
RPTNMLQJPHIFFCD38CC,11,99.03,國民住宅,鋼筋混凝土構造,91年1月2日,九層,
RPTNMLQJPHIFFCD38CC,11,40.83,共有部分,鋼筋混凝土構造,91年1月2日,九層,
RPTNMLQJPHIFFCD38CC,11,21.88,共有部分,鋼筋混凝土構造,91年1月2日,九層,
RPUNMLQJPHIFFCD48CC,40,93.25,住家用,加強磚造,62年8月31日,二層,
RPSOMLSJPHIFFAD38CC,15,519.18,見其他登記事項,鋼筋混凝土構造,87年4月27日,五層,
RPXNMLQJPHIFFCD78CC,33,64.71,住家用,鋼筋混凝土構造,69年11月6日,五層,
RPXNMLQJPHIFFCD78CC,33,14.23,共有部分,鋼筋混凝土構造,69年11月6日,五層,
RPQOMLQJPHIFFCD18CC,31,103.66,住家用,鋼筋混凝土構造,70年12月31日,五層,
RPQOMLQJPHIFFCD18CC,31,14.14,共有部分,鋼筋混凝土構造,70年12月31日,五層,
RPTOMLSJPHIFFAD48CC,15,208.07,見其他登記事項,鋼筋混凝土構造,87年4月27日,五層,
RPVNMLQJPHIFFCD58CC,23,55.40,住家用,鋼筋混凝土構造,79年10月17日,七層,
RPVNMLQJPHIFFCD58CC,23,13.22,共有部分,鋼筋混凝土構造,79年10月17日,七層,
RPVNMLQJPHIFFCD58CC,23,6.58,共有部分,鋼筋混凝土構造,79年10月17日,七層,
RPOOMLQJPHIFFCD97CC,22,29.93,住家用,鋼筋混凝土構造,80年1月11日,二十二層,
RPOOMLQJPHIFFCD97CC,22,7.07,共有部分,鋼筋混凝土構造,80年1月11日,二十二層,
RPOOMLQJPHIFFCD97CC,22,1.45,共有部分,鋼筋混凝土構造,80年1月11日,二十二層,
RPOOMLSJPHIFFER17CC,22,206.02,住商用,鋼筋混凝土造,80年5月31日,四層,
RPOPMLSJPHIFFAD08CC,17,215.35,住商用,鋼筋混凝土構造,85年1月24日,四層,
RPUOMLSJPHIFFAD58CC,15,244.34,見其他登記事項,鋼筋混凝土構造,87年4月27日,五層,
RPTOMLTJPHIFFAD68DC,17,63.80,住家用,鋼筋混凝土構造,85年4月27日,十二層,
RPVNMLTJPHIFFAD68CC,1,77.66,見其他登記事項,見其他登記事項,101年8月30日,四層,
RPROMLQJPHIFFCD28CC,18,71.03,住家用,鋼筋混凝土構造,84年1月6日,二十五層,
RPROMLQJPHIFFCD28CC,18,44.48,共有部分,鋼筋混凝土構造,84年1月6日,二十五層,
RPTOMLKKPHIFFAD77CC,9,170.14,見其他登記事項,鋼筋混凝土構造,93年5月21日,十一層,
RPWNMLQJPHIFFCD68CC,42,128.80,住家用,加強磚造,60年2月4日,二層,
RPTPMLSJPHIFFHR08CC,27,185.50,住商用,鋼筋混凝土造,74年12月12日,三層,
RPOOMLSJPHIFFHR57DC,5,208.67,住商用,鋼筋混凝土造,97年3月5日,四層,
RPVOMLTJPHIFFBD88CC,35,234.75,住家用,加強磚造,67年6月2日,三層,
RPQOMLLKPHIFFBD67CC,33,101.44,住家用,加強磚造,69年6月20日,二層,
RPROMLKKPHIFFBD67CC,33,103.82,住家用,加強磚造,69年11月26日,二層,
RPQOMLKKPHIFFBD57CC,6,93.52,住家用,鋼筋混凝土構造,96年5月21日,一層,
RPRNMLKKPHIFFAD47CC,19,33.10,商業用,鋼筋混凝土構造,83年12月22日,二十一層,
RPRNMLOKPHIFFAD97DC,14,57.19,見其他登記事項,鋼筋混凝土構造,88年2月11日,二十四層,
RPSNMLMKPHIFFER96CC,16,79.85,住家用,鋼筋混凝土造,86年8月25日,七層,
RPSNMLMKPHIFFHR27CC,32,95.02,住商用,加強磚造,70年2月2日,二層,
RPTNMLOKPHIFFAD18DC,14,46.63,見其他登記事項,鋼筋混凝土構造,88年2月11日,二十四層,
RPVNMLLKPHIFFER17CC,,248.31,見其他登記事項,鋼筋混凝土造,102年1月15日,四層,
RPRNMLKKPHIFFFR76CC,15,159.63,住家用,鋼筋混凝土造,87年9月10日,四層,
RPUNMLKKPHIFFCD08DC,33,194.58,住商用,鋼筋混凝土構造,69年5月5日,四層,
RPWNMLKKPHIFFCD18CC,18,202.88,住家用,鋼筋混凝土構造,84年2月15日,三層,
RPPPMLQKPHIFFHR57CC,28,1437.13,工業用,鋼造,74年10月22日,一層,
RPPPMLQKPHIFFHR57CC,28,73.73,見其他登記事項,鋼筋混凝土造,74年10月22日,,
RPSNMLPKPHIFFCD38DC,3,989.27,見其他登記事項,鋼筋混凝土構造,99年9月15日,三層,
RPOOMLRKPHIFFHR47CC,18,92.92,住家用,鋼筋混凝土造,84年9月8日,十九層,
RPOOMLRKPHIFFHR47CC,18,33.70,共有部分,鋼筋混凝土造,84年9月8日,十九層,
RPTOMLQKPHIFFCD58CC,39,193.70,住商用,加強磚造,63年5月21日,三層,
RPOOMLRKPHIFFER17CC,43,46.30,住家用,磚造,59年2月1日,一層,
RPUNMLPKPHIFFER47CC,37,119.70,住家用,加強磚造,65年5月27日,二層,
RPQOMLQKPHIFFER27CC,1,244.84,見其他登記事項,鋼筋混凝土造,102年1月15日,四層,
RPTPMLSKPHIFFAD68CC,22,12.57,住家用,鋼筋混凝土構造,80年6月7日,五層,
RPPQMLSKPHIFFAD38CC,33,125.57,住商用,鋼筋混凝土構造,69年8月6日,四層,
RPVPMLSKPHIFFAD88CC,21,19.62,住家用,鋼筋混凝土構造,81年11月5日,六層,
RPWPMLSKPHIFFAD98CC,21,19.62,住家用,鋼筋混凝土構造,81年11月5日,六層,
RPOQMLSKPHIFFAD28CC,33,42.61,住商用,鋼筋混凝土構造,69年8月6日,四層,
RPXNMLRKPHIFFCD98CC,16,131.18,住家用,鋼筋混凝土構造,86年1月31日,十五層,
RPPOMLMLPHIFFCD87CC,27,105.55,住家用,加強磚造,75年4月7日,二層,
RPROMLMLPHIFFCD08CC,27,136.49,住家用,鋼筋混凝土構造,75年11月28日,二層,
RPSOMLMLPHIFFCD18CC,35,75.04,住家用,加強磚造,67年10月21日,二層,
RPQNMLNLPHIFFCD97CC,30,464.88,住商用,鋼筋混凝土構造,72年1月7日,四層,
RPXOMLMLPHIFFAD48CC,22,660.70,商業用,鋼造,80年5月20日,二層,
RPQOMLNLPHIFFAD87CC,43,76.00,住家用,加強磚造,59年5月14日,二層,
RPRNMLNLPHIFFHR37CC,19,140.91,住商用,鋼筋混凝土造,82年12月28日,七層,
RPPOMLNLPHIFFHR27CC,25,106.11,住家用,加強磚造,77年7月19日,二層,
RPROMLNLPHIFFHR47CC,17,20.93,住家用,鋼筋混凝土造,85年3月5日,六層,
RPROMLNLPHIFFHR47CC,17,4.35,共有部分,鋼筋混凝土造,85年3月5日,六層,
RPROMLNLPHIFFHR47CC,17,5.18,共有部分,鋼筋混凝土造,85年3月5日,六層,
RPUNMLOLPHIFFBD38CC,12,183.12,國民住宅,鋼筋混凝土構造,90年5月28日,三層,
RPTNMLNLPHIFFER37DC,15,265.35,住商用,鋼筋混凝土造,87年4月7日,五層,
RPSNMLNLPHIFFER27DC,15,207.41,住商用,鋼筋混凝土造,87年8月12日,四層,
RPQPMLPLPHIFFCD38CC,24,53.67,住商用,鋼筋混凝土構造,78年4月25日,七層,
RPUNMLNLPHIFFER47DC,28,108.34,住商用,加強磚造,74年12月4日,二層,
RPQOMLNLPHIFFER07CC,9,196.36,見其他登記事項,鋼筋混凝土造,93年12月22日,四層,
RPOPMLNLPHIFFHR27CC,14,23.19,住家用,鋼筋混凝土造,88年8月24日,十四層,
RPOPMLNLPHIFFHR27CC,14,.56,共有部分,鋼筋混凝土造,88年8月24日,十四層,
RPOPMLNLPHIFFHR27CC,14,1.03,共有部分,鋼筋混凝土造,88年8月24日,十四層,
RPOPMLNLPHIFFHR27CC,14,6.20,共有部分,鋼筋混凝土造,88年8月24日,十四層,
RPQNMLPLPHIFFHR47CC,20,265.74,住商用,鋼筋混凝土造,83年1月14日,五層,
RPVOMLPLPHIFFAD58CC,42,74.00,住家用,加強磚造,60年4月5日,二層,
RPWPMLPLPHIFFAD78CC,9,113.05,見其他登記事項,鋼筋混凝土構造,93年3月29日,十層,
RPVNMLQLPHIFFER77CC,25,152.38,住家用,鋼筋混凝土造,77年9月6日,三層,
RPTNMLTLPHIFFAD68CC,16,52.63,商業用,見其他登記事項,87年1月6日,一層,
RPUNMLTLPHIFFAD78CC,16,51.57,商業用,見其他登記事項,87年1月6日,一層,
RPOOMLPLPHIFFCD08CC,21,81.26,住家用,鋼筋混凝土構造,81年11月21日,六層,
RPOOMLPLPHIFFCD08CC,21,48.06,共有部分,鋼筋混凝土構造,81年11月21日,六層,
RPWOMLKMPHIFFAD28CC,21,219.45,住商用,鋼筋混凝土構造,82年1月9日,四層,
RPQOMLKMPHIFFAD67CC,31,96.26,住家用,鋼筋混凝土構造,71年9月22日,五層,
RPQOMLKMPHIFFAD67CC,31,43.81,共有部分,鋼筋混凝土構造,71年9月22日,五層,
RPVNMLKMPHIFFCD28CC,1,130.59,住家用,鋼筋混凝土構造,101年7月23日,十三層,
RPVNMLKMPHIFFCD28CC,1,83.19,見其他登記事項,鋼筋混凝土構造,101年7月23日,十三層,
RPRPMLPLPHIFFCD48CC,24,53.67,住商用,鋼筋混凝土構造,78年4月25日,七層,
RPTNMLKMPHIFFCD08CC,42,80.19,住家用,加強磚造,60年11月16日,二層,
RPWNMLKMPHIFFCD38CC,5,29.06,住家用,鋼筋混凝土構造,97年2月29日,十四層,
RPWNMLKMPHIFFCD38CC,5,35.06,共有部分,鋼筋混凝土構造,97年2月29日,十四層,
RPWNMLKMPHIFFCD38CC,5,8.58,共有部分,鋼筋混凝土構造,97年2月29日,十四層,
RPOOMLKMPHIFFCD67CC,22,14.80,住家用,鋼筋混凝土構造,80年5月18日,十一層,
RPOOMLKMPHIFFCD67CC,22,1.25,共有部分,鋼筋混凝土構造,80年5月18日,十一層,
RPOOMLKMPHIFFCD67CC,22,4.06,共有部分,鋼筋混凝土構造,80年5月18日,十一層,
RPWOMLKMPHIFFBD38CC,7,246.93,見其他登記事項,鋼筋混凝土構造,95年7月4日,四層,
RPQNMLOLPHIFFDR96CC,37,178.53,住商用,鋼筋混凝土造,65年11月2日,四層,
RPPOMLKMPHIFFCD77CC,15,56.80,住家用,鋼筋混凝土構造,87年12月18日,十四層,
RPPOMLKMPHIFFCD77CC,15,15.43,共有部分,鋼筋混凝土構造,87年12月18日,十四層,
RPPOMLKMPHIFFCD77CC,15,1.18,共有部分,鋼筋混凝土構造,87年12月18日,十四層,
RPPOMLKMPHIFFCD77CC,15,6.06,共有部分,鋼筋混凝土構造,87年12月18日,十四層,
RPVOMLLMPHIFFHR77CC,17,93.70,住家用,鋼筋混凝土造,85年4月8日,十四層,
RPVOMLLMPHIFFHR77CC,,21.32,共有部分,鋼筋混凝土造,,十四層,
RPVOMLLMPHIFFHR77CC,,40.23,共有部分,鋼筋混凝土造,,十四層,
RPSPMLTLPHIFFAD78CC,22,245.58,住商用,鋼筋混凝土構造,80年2月4日,三層,
RPOOMLKMPHIFFAD47CC,36,91.60,住家用,加強磚造,66年5月5日,二層,
RPVPMLLMPHIFFAD38CC,18,93.56,住家用,鋼筋混凝土構造,84年5月30日,二十四層,
RPVPMLLMPHIFFAD38CC,18,23.84,共有部分,鋼筋混凝土構造,84年5月30日,二十四層,
RPSPMLLMPHIFFAD08CC,40,86.46,住家用,加強磚造,62年10月10日,二層,
RPWPMLLMPHIFFAD48CC,16,48.82,住家用,鋼筋混凝土構造,86年10月22日,二十四層,
RPWPMLLMPHIFFAD48CC,16,7.96,共有部分,鋼筋混凝土構造,86年10月22日,二十四層,
RPWPMLLMPHIFFAD48CC,16,8.15,共有部分,鋼筋混凝土構造,86年10月22日,二十四層,
