﻿編號,土地區段位置,土地移轉面積平方公尺,使用分區或編定
The serial number,land sector position,land shifting area square meter,the use zoning or compiles and checks
RPQQMLQJNHIFFAO56DC,南湖段,.00,都市：其他
RPTPMLQJNHIFFAO76DC,金山段,.00,都市：住
RPOQMLQJNHIFFAO98DC,中雅段,.00,都市：商
RPUPMLQJNHIFFAO86DC,聚吉段,.00,都市：商
RPVPMLQJNHIFFAO96DC,復中段,.00,都市：商
RPPPMLMJNHIFFAO48CC,北門段,.00,都市：商
RPWOMLMJNHIFFAO09CC,復中段,.00,都市：住
RPRPMLMJNHIFFAO68CC,新興段,.00,都市：住
RPXOMLMJNHIFFAO56CC,科學段一小段,83.00,都市：住
RPOPMLMJNHIFFAO38CC,武陵段,.00,都市：住
RPRQMLQJNHIFFAO66DC,民主段,.00,都市：住
RPTQMLQJNHIFFAO86DC,復中段,.00,都市：商
RPUQMLQJNHIFFAO96DC,武陵段,.00,都市：住
RPPOMLRJNHIFFAO88CC,光華段,.00,非都市： ; 非都市編定：
RPQPMLSJNHIFFAO56CC,東明段,.00,非都市： ; 非都市編定：
RPQOMLTJNHIFFAO66DC,和平段,81.88,都市：商
RPQOMLTJNHIFFAO66DC,和平段,81.88,都市：商
RPXOMLTJNHIFFAO27CC,民主段,.00,都市：住
RPPPMLTJNHIFFAO56CC,香中段,.00,都市：住
RPTOMLQKNHIFFAO66CC,高翠段,.00,都市：住
RPSOMLQKNHIFFAO56CC,中央段,.00,都市：住
RPQOMLRKNHIFFAO09CC,南湖段,3.09,都市：其他
RPQOMLRKNHIFFAO09CC,南湖段,.52,都市：其他
RPQOMLRKNHIFFAO09CC,南湖段,.83,都市：其他
RPQOMLRKNHIFFAO09CC,南湖段,1.92,都市：其他
RPQOMLRKNHIFFAO09CC,南湖段,.97,都市：其他
RPQOMLRKNHIFFAO09CC,南湖段,5.82,都市：其他
RPXQMLLLNHIFFAO86CC,民富段,.00,都市：商
RPXPMLTJNHIFFAO47DC,南門段一小段,.00,都市：商
RPURMLLLNHIFFAO66CC,自由段,.00,都市：住
RPUOMLRKNHIFFAO07EC,復中段,.00,都市：商
RPUOMLKKNHIFFAO78CC,新港段,.00,都市：住
RPRSMLLLNHIFFAO09CC,北門段,.00,非都市： ; 非都市編定：
RPSNMLMLNHIFFAO78CC,科技段,.00,都市：工
RPQPMLMLNHIFFAO78CC,介壽段,.00,都市：住
RPQOMLMLNHIFFAO68CC,東香段,124.48,都市：其他
RPXOMLMLNHIFFAO76CC,唐高段,.00,都市：住
RPTPMLMLNHIFFAO09CC,中雅段,.00,都市：住
RPSPMLMLNHIFFAO98CC,中雅段,.00,都市：住
RPTQMLMLNHIFFAO56CC,大學段,.00,都市：住
RPUQMLMLNHIFFAO66CC,福林段,69.89,都市：住
RPPOMLPLNHIFFAO88CC,香雅段,.00,都市：住
RPPOMLPLNHIFFAO88CC,香雅段,.00,都市：住
RPQPMLNLNHIFFAO88CC,南華段,.00,都市：住
RPOOMLPLNHIFFAO78CC,中山段二小段,.00,都市：商
RPURMLTLNHIFFAO57DC,中央段,19.41,都市：住
RPURMLTLNHIFFAO57DC,中央段,8.04,都市：住
RPVRMLTLNHIFFAO67DC,中央段,19.14,都市：住
RPVRMLTLNHIFFAO67DC,中央段,7.92,都市：住
RPQOMLPLNHIFFAO98CC,東明段,38.87,都市：住
RPPPMLNJOHIFFAO88EC,東山段一小段,8.67,都市：其他
RPPPMLNJOHIFFAO88EC,東山段一小段,5.31,都市：其他
RPWNMLLJOHIFFAO98CC,光復段,.00,都市：住
RPWNMLLJOHIFFAO98CC,光復段,.00,都市：住
RPWNMLLJOHIFFAO98CC,光復段,.00,都市：住
RPWNMLLJOHIFFAO98CC,光復段,.00,都市：住
RPQOMLQJOHIFFAO98CC,仙水段,.00,都市：商
RPPOMLQJOHIFFAO88CC,竹蓮段,.00,都市：商
RPVQMLLMNHIFFAO76CC,成功段,59.00,都市：其他
RPQQMLOJOHIFFAO98CC,光華段,.00,都市：商
RPQQMLOJOHIFFAO98CC,光華段,.00,都市：商
RPUQMLOJOHIFFAO76CC,金山段,.00,都市：住
RPUSMLRJOHIFFAO27CC,中央段,105.00,都市：商
RPWPMLRJOHIFFAO27DC,柴橋段,.00,都市：其他
RPRQMLRJOHIFFAO86DC,復中段,.00,都市：商
RPOQMLRJOHIFFAO56DC,北門段,.00,都市：商
RPVQMLRJOHIFFAO27DC,北門段,.00,都市：商
RPVQMLRJOHIFFAO27DC,北門段,.00,都市：商
RPORMLRJOHIFFAO66DC,聚吉段,.00,都市：商
RPSRMLRJOHIFFAO07DC,民富段,.00,都市：商
RPURMLRJOHIFFAO27DC,自由段,.00,都市：住
RPQRMLRJOHIFFAO86DC,崙子段,.00,都市：住
RPWRMLRJOHIFFAO47DC,復中段,.00,都市：商
RPQSMLRJOHIFFAO96DC,柴橋段,.00,都市：其他
RPVRMLRJOHIFFAO37DC,新興段一小段,.00,都市：住
RPSSMLRJOHIFFAO17DC,柴橋段,.00,都市：其他
RPQTMLRJOHIFFAO07DC,福林段,.00,都市：住
RPPTMLRJOHIFFAO96DC,新興段一小段,.00,都市：住
RPRNMLTJOHIFFAO66CC,自由段,.00,都市：住
RPRTMLRJOHIFFAO17DC,福林段,.00,都市：住
RPSNMLTJOHIFFAO76CC,中央段,.00,都市：住
RPTNMLTJOHIFFAO86CC,科學段一小段,83.96,都市：住
RPUNMLTJOHIFFAO96CC,自由段,.00,都市：住
RPQNMLTJOHIFFAO56CC,東山段一小段,.00,都市：住
RPWNMLSKOHIFFAO17CC,中雅段,34.00,都市：住
RPOOMLSKOHIFFAO09CC,東光段,.00,都市：住
RPXOMLNKOHIFFAO86CC,民主段,.00,非都市： ; 非都市編定：
RPQPMLNKOHIFFAO88CC,福林段,.00,非都市： ; 非都市編定：
RPWOMLSKOHIFFAO27CC,南門段四小段,.00,都市：住
RPWOMLSKOHIFFAO27CC,南門段四小段,.00,都市：住
RPXNMLRKOHIFFAO17CC,光華段,18.50,都市：商
RPXOMLSKOHIFFAO37CC,建華段,.00,都市：住
RPROMLSKOHIFFAO76CC,東山段一小段,.00,都市：住
RPXQMLSKOHIFFAO57CC,長春段,.00,都市：其他
RPTOMLSKOHIFFAO07DC,崙子段,558.44,都市：住
RPWRMLSKOHIFFAO57CC,長春段,1647.30,都市：住
RPRQMLLLOHIFFAO98CC,國道段,.00,都市：住
RPWOMLMLOHIFFAO76CC,中華段,.00,非都市： ; 非都市編定：
RPPOMLPLOHIFFAO98CC,光復段,.00,都市：住
RPQRMLOLOHIFFAO66CC,武陵段,16.13,都市：住
RPQRMLOLOHIFFAO66CC,武陵段,.30,都市：住
RPXOMLPLOHIFFAO17CC,自由段,.00,都市：住
RPPPMLPLOHIFFAO09CC,新興段,.00,都市：住
RPVPMLPLOHIFFAO07CC,東光段,.00,都市：住
RPUPMLPLOHIFFAO96CC,成德段,51.03,都市：住
RPWPMLPLOHIFFAO17CC,東明段,.00,都市：住
RPTOMLPLOHIFFAO76CC,介壽段,.00,都市：住
RPQPMLQLOHIFFAO66CC,北門段,17.50,都市：住
RPXNMLSLOHIFFAO37CC,武陵段,.30,都市：住
RPXNMLSLOHIFFAO37CC,武陵段,16.13,都市：住
RPVNMLRLOHIFFAO07CC,光華段,.00,非都市： ; 非都市編定：
RPQOMLRLOHIFFAO66CC,東光段,34.51,都市：工
RPUQMLMJPHIFFAO66CC,光華段,.00,都市：住
RPQQMLSLOHIFFAO96CC,榮光段一小段,.00,都市：商
RPQNMLKMOHIFFAO58CC,康樂段,.00,都市：住
RPRNMLNJPHIFFAO78CC,民富段,.00,都市：住
RPQNMLNJPHIFFAO68CC,東橋段,.00,都市：住
RPPNMLNJPHIFFAO58CC,東山段二小段,.00,都市：住
RPPNMLNJPHIFFAO58CC,東山段二小段,.00,都市：住
RPTNMLNJPHIFFAO98CC,光華段,.00,都市：住
RPVNMLNJPHIFFAO56CC,武陵段,.00,都市：住
RPPOMLOJPHIFFAO88DC,聚吉段,.00,都市：商
RPXNMLOJPHIFFAO96DC,曲溪段,.00,都市：住
RPQOMLOJPHIFFAO98DC,柴橋段,.00,都市：其他
RPROMLOJPHIFFAO09DC,武陵段,.00,都市：住
RPTOMLOJPHIFFAO66DC,成德段,.00,都市：住
RPWOMLOJPHIFFAO96DC,福林段,.00,都市：住
RPVOMLOJPHIFFAO86DC,新興段一小段,.00,都市：住
RPXOMLOJPHIFFAO07DC,柴橋段,.00,都市：其他
RPUOMLOJPHIFFAO76DC,信義段,.00,都市：住
RPOPMLOJPHIFFAO88DC,新港段,.00,都市：住
RPQPMLOJPHIFFAO09DC,聚吉段,.00,都市：商
RPRPMLOJPHIFFAO56DC,福林段,.00,都市：住
RPPRMLLKPHIFFAO88CC,東門段一小段,.00,都市：商
RPPNMLPJPHIFFAO78CC,東橋段,.00,都市：住
RPSOMLMKPHIFFAO98CC,國道段,.00,都市：住
RPTQMLSJPHIFFAO17CC,長春段,.00,都市：其他
RPVRMLQKPHIFFAO37CC,東光段,.00,都市：住
RPORMLQKPHIFFAO66CC,光華段,.00,都市：住
RPTRMLQKPHIFFAO17CC,光華段,.00,都市：住
RPWQMLQKPHIFFAO37CC,香中段,60.40,都市：住
RPQRMLQKPHIFFAO86CC,中雅段,.00,都市：住
RPURMLQKPHIFFAO27CC,自由段,.00,都市：住
RPWRMLQKPHIFFAO47CC,東山段二小段,.00,都市：住
RPWRMLQKPHIFFAO47CC,東山段二小段,.00,都市：住
RPPTMLQKPHIFFAO96CC,南湖段,.00,都市：其他
RPVNMLRKPHIFFAO07CC,榮光段三小段,.00,非都市： ; 非都市編定：
RPVNMLRKPHIFFAO07CC,榮光段三小段,.00,非都市： ; 非都市編定：
RPVNMLRKPHIFFAO07CC,榮光段三小段,.00,非都市： ; 非都市編定：
RPVNMLRKPHIFFAO07CC,榮光段三小段,.00,非都市： ; 非都市編定：
RPVNMLRKPHIFFAO07CC,榮光段三小段,.00,非都市： ; 非都市編定：
RPVPMLSKPHIFFAO37CC,榮光段一小段,.00,都市：商
RPSSMLQKPHIFFAO17CC,介壽段,.00,非都市： ; 非都市編定：
RPPOMLOLPHIFFAO98CC,武陵段,.00,都市：住
RPROMLOLPHIFFAO56CC,舊社段,.00,都市：住
RPQOMLOLPHIFFAO09CC,榮光段一小段,.00,都市：住
RPPNMLTLPHIFFAO76CC,北門段,.00,都市：住
RPQNMLTLPHIFFAO86CC,民主段,.00,都市：住
RPRPMLTLPHIFFAO27DC,長春段,.00,都市：住
RPPNMLLMPHIFFAO68CC,信義段,63.00,都市：住
RPWQMLLMPHIFFAO07CC,武陵段,.00,都市：住
RPVQMLLMPHIFFAO96CC,大庄段,.00,都市：住
RPQSMLLMPHIFFAO66CC,光復段,.00,都市：住
RPXRMLLMPHIFFAO27CC,竹蓮段,.00,都市：住
RPQNMLLMPHIFFAO78CC,榮光段一小段,18.46,都市：商
RPRNMLLMPHIFFAO88CC,光復段,49.58,都市：住
RPORMLLMPHIFFAO98CC,北門段,.00,都市：住
RPTRMLLMPHIFFAO86CC,聚吉段,.00,都市：住
