﻿鄉鎮市區,交易標的,土地區段位置/建物區段門牌,土地面積平方公尺,都市土地使用分區,非都市土地使用分區,非都市土地使用編定,租賃年月日,租賃筆棟數,租賃層次,總樓層數,建物型態,主要用途,主要建材,建築完成年月,建物總面積平方公尺,建物現況格局-房,建物現況格局-廳,建物現況格局-衛,建物現況格局-隔間,有無管理組織,有無附傢俱,總額元,單價元/平方公尺,車位類別,車位面積平方公尺,車位總額元,備註,編號
The villages and towns urban district,transaction sign,land sector position/building sector house number plate,land shifting total area square meter,the use zoning or compiles and checks,the non-metropolis land use district,non-metropolis land use,transaction year, month and day,transaction pen number,shifting level,total floor number,building state,main use,main building materials,construction to complete the years,building shifting total area,Building present situation pattern - room,building present situation pattern - hall,building present situation pattern - health,building present situation pattern - compartmented,Whether there is manages the organization,Whether there is attaches the furniture,total price Yuan,the unit price a Yuan/square meter,the berth category,berth shifting total area square meter,the berth total price Yuan,the note,serial number
金寧鄉,建物,金門縣金寧鄉頂埔下61~90號,100.0,其他,,,1020520,土地0建物1車位0,全,3,透天厝,住家用,鋼筋混凝土造,1011018,100.0,5,4,5,有,無,無,30000,300,,0.0,0,,RPPOMLOJOHIFFAW96DC
金城鎮,建物,金門縣金城鎮民權路226巷2弄1~30號,552.07,住,,,1020701,土地0建物1車位0,九層,10,華廈(10層含以下有電梯),見其他登記事項,鋼筋混凝土造,0971211,85.13,2,2,2,無,有,無,20000,235,,0.0,0,,RPSOMLSLOHIFFAW87DC
金寧鄉,建物,金門縣金寧鄉下埔下301~330號,334.77,住,,,1020710,土地0建物1車位0,二層,3,公寓(5樓含以下無電梯),見其他登記事項,鋼筋混凝土造,1011207,92.54,3,2,2,有,無,有,20000,216,,0.0,0,,RPTNMLMKPHIFFAW27DC
金城鎮,建物,金門縣金城鎮民權路226巷2弄1~30號,628.35,住,,,1020710,土地0建物1車位0,三層,10,華廈(10層含以下有電梯),見其他登記事項,鋼筋混凝土造,1011128,85.13,3,2,2,有,有,有,22222,261,,0.0,0,,RPPNMLSKPHIFFAW47DC
