﻿編號,屋齡,建物移轉面積平方公尺,主要用途,主要建材,建築完成日期,總層數,建物分層
The serial number,room age,building shifting area square meter,the main use,main building materials,construction completes the date,total layer,building lamination
RPPNMLNJKHMFFHH58DC,39,126.53,住家用,加強磚造,66年9月6日,二層,
RPOOMLQJKHMFFHH78CC,2,89.28,見其他登記事項,鋼筋混凝土造,104年7月9日,二十一層,
RPOOMLQJKHMFFHH78CC,2,29.38,見其他登記事項,鋼筋混凝土造,104年7月9日,二十一層,
RPOOMLQJKHMFFHH78CC,2,8.96,見其他登記事項,鋼筋混凝土造,104年7月9日,二十一層,
RPOOMLQJKHMFFHH78CC,2,.01,見其他登記事項,鋼筋混凝土造,104年7月9日,二十一層,
RPSNMLQJKHMFFHH09CC,45,97.27,見其他登記事項,加強磚造,61年1月1日,二層,
RPSNMLQJKHMFFHH09CC,45,134.38,見其他登記事項,加強磚造,61年1月1日,二層,
RPSOMLQJKHMFFAH48CC,11,140.09,住家用,鋼筋混凝土造,94年12月1日,十三層,
RPTNMLQJKHMFFAH48CC,22,116.27,商業用,鋼筋混凝土造,84年1月24日,九層,
RPTNMLQJKHMFFAH48CC,22,44.25,共有部份,鋼筋混凝土造,84年1月24日,九層,
RPTNMLQJKHMFFAH48CC,22,9.14,共有部份,鋼筋混凝土造,84年1月24日,九層,
RPSOMLRJKHMFFFH56DC,3,192.43,住家用,鋼筋混凝土造,102年11月15日,十四層,
RPSNMLNJKHMFFFH78EC,3,76.00,住家用,鋼筋混凝土造,103年6月23日,十五層,
RPSNMLNJKHMFFFH78EC,3,47.16,見其他登記事項,鋼筋混凝土造,103年6月23日,十五層,
RPSNMLNJKHMFFFH78EC,3,16.16,見其他登記事項,鋼筋混凝土造,103年6月23日,十五層,
RPXNMLRJKHMFFHH07CC,1,90.83,住家用,鋼筋混凝土造,104年8月14日,二十層,
RPXNMLRJKHMFFHH07CC,1,9.02,住家用,鋼筋混凝土造,104年8月14日,二十層,
RPXNMLRJKHMFFHH07CC,1,8.86,見其他登記事項,鋼筋混凝土造,104年8月14日,二十三層,
RPXNMLRJKHMFFHH07CC,1,4.46,見其他登記事項,鋼筋混凝土造,104年8月14日,二十三層,
RPXNMLRJKHMFFHH07CC,1,29.32,見其他登記事項,鋼筋混凝土造,104年8月14日,二十層,
RPVNMLSJKHMFFFH86DC,2,133.05,住家用,鋼筋混凝土造,104年4月20日,十五層,
RPSPMLSJKHMFFAH78CC,11,68.03,住家用,鋼筋混凝土造,95年3月8日,十二層,
RPSPMLSJKHMFFAH78CC,11,15.01,共有部份,鋼筋混凝土造,95年3月8日,十二層,
RPSPMLSJKHMFFAH78CC,11,3.49,共有部份,鋼筋混凝土造,95年3月8日,十二層,
RPSPMLSJKHMFFAH78CC,11,7.59,共有部份,鋼筋混凝土造,95年3月8日,十二層,
RPTPMLSJKHMFFAH88CC,9,99.26,住家用,鋼筋混凝土造,96年7月26日,七層,
RPTPMLSJKHMFFAH88CC,9,16.93,共有部份,鋼筋混凝土造,96年7月26日,七層,
RPTPMLSJKHMFFAH88CC,9,19.50,共有部份,鋼筋混凝土造,96年7月26日,七層,
RPOPMLSJKHMFFAH38CC,21,55.97,住家用,鋼筋混凝土造,84年12月15日,十七層,
RPOPMLSJKHMFFAH38CC,21,7.18,共有部份,鋼筋混凝土造,84年12月15日,十八層,
RPRPMLSJKHMFFAH68CC,22,68.42,住家用,鋼筋混凝土造,84年5月20日,十二層,
RPRPMLSJKHMFFAH68CC,22,12.15,共有部份,鋼筋混凝土造,84年5月20日,十二層,
RPRPMLSJKHMFFAH68CC,22,6.77,共有部份,鋼筋混凝土造,84年5月20日,十三層,
RPRPMLSJKHMFFAH68CC,22,16.99,共有部份,鋼筋混凝土造,84年5月20日,十三層,
RPRPMLSJKHMFFFH66DC,2,171.31,見其他登記事項,鋼筋混凝土造,103年8月19日,十五層,
RPQPMLSJKHMFFAH58CC,19,55.09,住家用,鋼筋混凝土造,86年9月18日,十二層,
RPQPMLSJKHMFFAH58CC,19,42.89,共有部份,鋼筋混凝土造,86年9月18日,十二層,
RPQPMLSJKHMFFAH58CC,19,7.94,共有部份,鋼筋混凝土造,86年9月18日,十二層,
RPPNMLKKKHMFFDH87CC,23,98.74,住家用,鋼筋混凝土造,82年12月6日,七層,
RPPNMLKKKHMFFDH87CC,23,20.00,共同使用部份,鋼筋混凝土造,82年12月6日,七層,
RPUNMLKKKHMFFHH78CC,1,368.26,見其他登記事項,鋼筋混凝土造,104年8月14日,二十三層,
RPUNMLKKKHMFFEH48CC,9,44.78,住家用,鋼筋混凝土造,96年9月18日,十二層,
RPPOMLSJKHMFFCH58CC,3,52.34,見其他登記事項,鋼筋混凝土造,103年2月7日,六層,
RPSNMLKKKHMFFDH18CC,2,63.46,住家用,鋼筋混凝土造,104年5月25日,十五層,
RPSNMLKKKHMFFDH18CC,2,63.92,見其他登記事項,鋼筋混凝土造,104年5月25日,十五層,
RPRNMLKKKHMFFFH28CC,26,275.50,見其他登記事項,鋼筋混凝土造,79年9月24日,四層,
RPTNMLKKKHMFFFH58DC,2,60.59,見其他登記事項,鋼筋混凝土造,104年6月17日,二十四層,
RPPNMLMKKHMFFAH77CC,84,161.98,商業用,見其他登記事項,22年1月5日,一層,
RPTOMLRJKHMFFBH78CC,4,66.67,見其他登記事項,鋼筋混凝土造,102年5月25日,十五層,
RPTOMLRJKHMFFBH78CC,4,61.16,見其他登記事項,鋼筋混凝土造,102年5月25日,十五層,
RPVNMLKKKHMFFFH78DC,2,120.10,住家用,鋼筋混凝土造,104年1月23日,十五層,
RPTQMLMJKHMFFBH48CC,23,95.77,見其他登記事項,鋼筋混凝土造,82年7月22日,十五層,
RPTQMLMJKHMFFBH48CC,23,19.12,共有部分,鋼筋混凝土造,82年7月22日,十五層,
RPWOMLKKKHMFFBH48CC,26,31.59,住家用,鋼筋混凝土造,80年6月7日,四層,
RPROMLKKKHMFFBH97CC,26,307.57,見其他登記事項,鋼筋混凝土造,80年3月7日,十二層,
RPROMLKKKHMFFBH97CC,26,39.72,見其他登記事項,鋼筋混凝土造,80年3月7日,十二層,
RPROMLKKKHMFFBH97CC,26,43.42,見其他登記事項,鋼筋混凝土造,80年3月7日,十二層,
RPROMLKKKHMFFBH97CC,26,72.62,見其他登記事項,鋼筋混凝土造,80年3月7日,十二層,
RPTNMLNKKHMFFFH78CC,23,71.76,住家用,鋼筋混凝土造,82年5月17日,十五層,
RPTNMLNKKHMFFFH78CC,23,8.03,共有部分,鋼筋混凝土造,82年5月17日,十五層,
RPTNMLNKKHMFFFH78CC,23,11.42,共有部分,鋼筋混凝土造,82年5月17日,十五層,
RPTPMLNKKHMFFBH58CC,23,87.81,住家用,鋼筋混凝土造,83年6月9日,十六層,
RPTPMLNKKHMFFBH58CC,23,15.14,共有部分,鋼筋混凝土造,83年6月9日,十六層,
RPRPMLNKKHMFFBH48DC,14,57.82,商業用,鋼筋混凝土造,91年9月13日,三層,
RPTPMLNKKHMFFBH58CC,23,14.78,共有部分,鋼筋混凝土造,83年6月9日,十六層,
RPTNMLNKKHMFFGH98DC,40,60.99,住家用,磚造,66年5月18日,一層,
RPTOMLOKKHMFFDH78CC,3,60.90,住家用,鋼筋混凝土造,102年11月15日,十二層,
RPTOMLOKKHMFFDH78CC,3,66.61,共同使用部份,鋼筋混凝土造,102年11月15日,十二層,
RPSQMLOKKHMFFAH58CC,17,116.06,住家用,鋼筋混凝土造,88年11月17日,十層,
RPPQMLNKKHMFFAH28DC,35,18.39,住家用,鋼筋混凝土造,71年5月18日,五層,
RPRPMLOKKHMFFAH38CC,28,117.34,商業用,鋼筋混凝土造,77年9月23日,五層,
RPRPMLOKKHMFFAH38CC,28,8.21,共有部份,鋼筋混凝土造,77年9月23日,五層,
RPOPMLNKKHMFFAH97CC,21,73.31,住家用,鋼筋混凝土造,84年11月3日,二十層,
RPOPMLNKKHMFFAH97CC,21,10.24,共有部份,鋼筋混凝土造,84年11月3日,二十層,
RPOPMLNKKHMFFAH97CC,21,15.14,共有部份,鋼筋混凝土造,84年11月3日,二十層,
RPPPMLPKKHMFFAH28CC,2,226.41,住家用,鋼筋混凝土造,104年4月20日,十層,
RPRQMLNKKHMFFAH48DC,1,227.26,見其他登記事項,鋼筋混凝土造,105年6月1日,十八層,
RPWOMLNKKHMFFAH78DC,14,65.72,住家用,鋼筋混凝土造,92年4月28日,九層,
RPWOMLNKKHMFFAH78DC,14,8.40,共有部份,鋼筋混凝土造,92年4月28日,九層,
RPWOMLNKKHMFFAH78DC,14,14.31,共有部份,鋼筋混凝土造,92年4月28日,九層,
RPXOMLOKKHMFFBH98CC,24,67.35,住家用,鋼筋混凝土造,81年10月13日,六層,
RPXOMLOKKHMFFBH98CC,24,19.04,共有部分,鋼筋混凝土造,81年10月13日,六層,
RPXOMLOKKHMFFBH98CC,24,5.38,共有部分,鋼筋混凝土造,81年10月13日,六層,
RPROMLPKKHMFFDH68CC,2,85.41,住家用,鋼筋混凝土造,104年5月25日,十五層,
RPROMLPKKHMFFDH68CC,2,74.24,見其他登記事項,鋼筋混凝土造,104年5月25日,十五層,
RPVOMLOKKHMFFBH78CC,41,81.49,住家用,加強磚造,64年10月29日,一層,
RPPPMLOKKHMFFBH28CC,36,203.32,見其他登記事項,加強磚造,69年8月25日,二層,
RPWOMLPKKHMFFFH76CC,3,63.33,住家用,鋼筋混凝土造,103年6月23日,十五層,
RPWOMLPKKHMFFFH76CC,3,43.62,見其他登記事項,鋼筋混凝土造,103年6月23日,十五層,
RPWOMLPKKHMFFFH76CC,3,12.89,見其他登記事項,鋼筋混凝土造,103年6月23日,十五層,
RPTNMLPKKHMFFHH56CC,23,90.25,住家用,鋼筋混凝土造,82年10月8日,六層,
RPTNMLPKKHMFFHH56CC,23,13.53,共有部份,鋼筋混凝土造,82年10月8日,六層,
RPTNMLPKKHMFFHH56CC,23,37.68,共有部份,鋼筋混凝土造,82年10月8日,六層,
RPXNMLQKKHMFFEH76CC,1,60.32,住家用,鋼筋混凝土造,104年9月3日,八層,
RPXNMLQKKHMFFEH76CC,1,64.15,共有部份,鋼筋混凝土造,104年9月3日,八層,
RPROMLQKKHMFFFH98CC,3,88.72,住家用,鋼筋混凝土造,103年1月20日,十五層,
RPROMLQKKHMFFFH98CC,3,17.98,見其他登記事項,鋼筋混凝土造,103年1月20日,十五層,
RPROMLQKKHMFFFH98CC,3,2.93,見其他登記事項,鋼筋混凝土造,103年1月20日,十五層,
RPROMLQKKHMFFFH98CC,3,45.86,見其他登記事項,鋼筋混凝土造,103年1月20日,十五層,
RPQPMLPKKHMFFAH38CC,38,82.95,住家用,鋼筋混凝土造,68年6月5日,五層,
RPRNMLQKKHMFFFH98DC,3,140.47,見其他登記事項,鋼筋混凝土造,103年6月23日,十五層,
RPPNMLQKKHMFFHH88CC,6,174.13,住家用,鋼筋混凝土造,100年7月1日,十五層,
RPSNMLQKKHMFFHH56CC,2,69.47,見其他登記事項,鋼筋混凝土造,104年7月9日,二十一層,
RPSNMLQKKHMFFHH56CC,2,22.85,見其他登記事項,鋼筋混凝土造,104年7月9日,二十一層,
RPSNMLQKKHMFFHH56CC,2,6.97,見其他登記事項,鋼筋混凝土造,104年7月9日,二十一層,
RPSNMLQKKHMFFHH56CC,2,.01,見其他登記事項,鋼筋混凝土造,104年7月9日,二十一層,
RPWNMLQKKHMFFHH96CC,35,26.40,住家用,鋼筋混凝土造,70年12月31日,十二層,
RPWNMLQKKHMFFHH96CC,35,4.96,共有部份,鋼筋混凝土造,70年12月31日,十二層,
RPQNMLRKKHMFFHH09CC,1,99.48,住家用,鋼筋混凝土造,104年10月1日,十四層,
RPQNMLRKKHMFFHH09CC,21,22.90,住家用,鋼筋混凝土造,85年3月13日,八層,
RPQNMLRKKHMFFHH09CC,21,31.20,住家用,鋼筋混凝土造,85年3月13日,八層,
RPOOMLRKKHMFFEH68CC,14,87.41,住家用,鋼筋混凝土造,92年1月9日,十二層,
RPPNMLSKKHMFFEH78CC,2,98.81,見其他登記事項,鋼筋混凝土造,104年7月13日,十七層,
RPPNMLSKKHMFFEH78CC,2,48.16,共有部份,鋼筋混凝土造,104年7月13日,十八層,
RPPNMLSKKHMFFEH78CC,2,32.48,共有部份,鋼筋混凝土造,104年7月13日,十八層,
RPWNMLQKKHMFFEH66CC,12,231.35,見其他登記事項,鋼筋混凝土造,93年12月7日,五層,
RPQOMLPKKHMFFEH68CC,27,1055.00,見其他登記事項,鋼筋混凝土造,79年1月24日,一層,
RPSOMLKLKHMFFEH48CC,22,96.91,住家用,鋼筋混凝土造,84年4月25日,五層,
RPOOMLSKKHMFFAH38CC,45,111.94,住家用,加強磚造,60年11月10日,二層,
RPPOMLKLKHMFFDH08CC,21,57.85,住家用,鋼筋混凝土造,84年11月7日,十二層,
RPPOMLKLKHMFFDH08CC,21,36.37,見其他登記事項,鋼筋混凝土造,84年11月7日,十二層,
RPPOMLKLKHMFFDH08CC,21,8.24,見其他登記事項,鋼筋混凝土造,84年11月7日,十二層,
RPXNMLKLKHMFFGH09CC,29,134.72,住家用,加強磚造,76年11月28日,二層,
RPWNMLKLKHMFFFH98DC,3,183.40,住家用,鋼筋混凝土造,102年11月15日,十四層,
RPXNMLKLKHMFFFH98CC,38,13.12,住家用,鋼筋混凝土造,68年4月20日,四層,
RPUOMLKLKHMFFFH88DC,3,172.69,住家用,鋼筋混凝土造,103年5月26日,十四層,
RPRQMLKLKHMFFBH28CC,24,80.62,住家用,鋼筋混凝土造,82年3月24日,十二層,
RPRQMLKLKHMFFBH28CC,24,12.90,共有部分,鋼筋混凝土造,82年3月24日,十二層,
RPRQMLKLKHMFFBH28CC,24,7.46,共有部分,鋼筋混凝土造,82年3月24日,十二層,
RPPNMLLLKHMFFEH28DC,7,134.45,見其他登記事項,鋼筋混凝土造,99年6月10日,十四層,
RPPNMLLLKHMFFEH28DC,7,21.33,共有部份,鋼筋混凝土造,99年6月10日,十四層,
RPPNMLLLKHMFFEH28DC,7,11.04,共有部份,鋼筋混凝土造,99年6月10日,十四層,
RPPNMLLLKHMFFEH28DC,7,20.30,共有部份,鋼筋混凝土造,99年6月10日,十四層,
RPPNMLLLKHMFFEH28DC,7,.05,見其他登記事項,鋼筋混凝土造,99年6月10日,十四層,
RPPNMLLLKHMFFEH28DC,7,36.29,共有部份,鋼筋混凝土造,99年6月10日,十四層,
RPORMLQKKHMFFBH58CC,4,66.67,見其他登記事項,鋼筋混凝土造,102年5月25日,十五層,
RPORMLQKKHMFFBH58CC,4,61.16,見其他登記事項,鋼筋混凝土造,102年5月25日,十五層,
RPROMLSKKHMFFBH78CC,13,70.99,住家用,鋼筋混凝土造,92年8月28日,八層,
RPROMLSKKHMFFBH78CC,13,20.54,共有部分,鋼筋混凝土造,92年8月28日,八層,
RPPQMLKLKHMFFBH08CC,3,82.87,見其他登記事項,鋼筋混凝土造,103年6月28日,十五層,
RPPQMLKLKHMFFBH08CC,3,69.95,見其他登記事項,鋼筋混凝土造,103年6月28日,十五層,
RPPOMLPKKHMFFBH28CC,17,53.10,住家用,鋼筋混凝土造,88年11月10日,九層,
RPPOMLPKKHMFFBH28CC,17,35.93,共有部分,鋼筋混凝土造,88年11月10日,九層,
RPPOMLPKKHMFFBH28CC,17,6.21,共有部分,鋼筋混凝土造,88年11月10日,九層,
RPQOMLPKKHMFFBH38CC,2,489.07,見其他登記事項,鋼筋混凝土造,103年11月7日,六層,
RPQOMLPKKHMFFBH38CC,2,286.48,見其他登記事項,鋼筋混凝土造,103年11月7日,六層,
RPXOMLPKKHMFFBH09CC,1,395.23,見其他登記事項,鋼筋混凝土造,104年12月20日,十八層,
RPXOMLLLKHMFFBH88DC,9,55.84,住家用,鋼筋混凝土造,96年10月25日,七層,
RPXOMLLLKHMFFBH88DC,9,2.72,住家用,鋼筋混凝土造,96年10月25日,七層,
RPXOMLLLKHMFFBH88DC,9,2.94,住家用,鋼筋混凝土造,96年10月25日,七層,
RPXOMLLLKHMFFBH88DC,9,13.51,共有部分,鋼筋混凝土造,96年10月25日,七層,
RPXOMLLLKHMFFBH88DC,9,41.40,共有部分,鋼筋混凝土造,96年10月25日,八層,
RPPOMLRKKHMFFBH48CC,40,77.60,工業用,加強磚造,65年8月7日,一層,
RPWNMLLLKHMFFCH78DC,10,60.76,見其他登記事項,鋼筋混凝土造,96年7月12日,九層,
RPWOMLLLKHMFFBH68CC,48,40.90,住家用,加強磚造,57年12月31日,一層,
RPVPMLLLKHMFFBH68CC,35,126.28,住商用,鋼筋混凝土造,70年8月24日,四層,
RPWPMLLLKHMFFBH78CC,28,22.11,住家用,鋼筋混凝土造,77年9月23日,五層,
RPRNMLMLKHMFFAH08CC,25,122.73,見其他登記事項,鋼筋混凝土造,80年9月18日,十二層,
RPPOMLLLKHMFFFH48DC,17,92.00,住家用,鋼筋混凝土造,88年11月25日,十三層,
RPPOMLLLKHMFFFH48DC,17,18.95,共有部分,鋼筋混凝土造,88年11月25日,十三層,
RPPOMLLLKHMFFFH48DC,17,23.45,共有部分,鋼筋混凝土造,88年11月25日,十三層,
RPXNMLLLKHMFFFH56DC,9,89.86,住家用,鋼筋混凝土造,96年8月15日,十三層,
RPXNMLLLKHMFFFH56DC,9,40.74,共有部分,鋼筋混凝土造,96年8月15日,十五層,
RPROMLLLKHMFFFH78EC,12,122.77,見使用執照,鋼筋混凝土造,93年9月19日,五層,
RPXNMLLLKHMFFFH56DC,9,15.73,共有部分,鋼筋混凝土造,96年8月15日,十三層,
RPROMLLLKHMFFFH78EC,12,31.03,共有部份,鋼筋混凝土造,93年9月19日,五層,
RPTNMLLLKHMFFFH78DC,19,106.72,住家用,鋼筋混凝土造,86年9月19日,九層,
RPTNMLLLKHMFFFH78DC,19,13.26,共有部分,鋼筋混凝土造,86年9月19日,九層,
RPTNMLLLKHMFFFH78DC,19,2.61,共有部分,鋼筋混凝土造,86年9月19日,九層,
RPTNMLLLKHMFFFH78DC,19,34.80,共有部分,鋼筋混凝土造,86年9月19日,九層,
RPSNMLMLKHMFFHH88CC,21,85.36,住家用,鋼筋混凝土造,84年9月11日,四層,
RPSNMLMLKHMFFHH88CC,21,43.11,共有部份,鋼筋混凝土造,84年9月11日,四層,
RPSNMLLLKHMFFGH78DC,9,65.39,住家用,鋼筋混凝土造,96年10月25日,十三層,
RPSPMLMLKHMFFBH48CC,11,57.52,見其他登記事項,鋼筋混凝土造,94年8月24日,十二層,
RPSPMLMLKHMFFBH48CC,11,3.36,共有部分,鋼筋混凝土造,94年8月24日,十二層,
RPPOMLLLKHMFFGH48CC,18,78.66,見其他登記事項,鋼筋混凝土造,88年7月26日,十八層,
RPPOMLLLKHMFFGH48CC,18,17.28,共有部份,鋼筋混凝土造,88年7月26日,十八層,
RPPOMLLLKHMFFGH48CC,18,5.66,共有部份,鋼筋混凝土造,88年7月26日,十八層,
RPPOMLLLKHMFFGH48CC,18,2.86,共有部份,鋼筋混凝土造,88年7月26日,十八層,
RPPOMLLLKHMFFGH48CC,18,2.86,共有部份,鋼筋混凝土造,88年7月26日,十八層,
RPPOMLLLKHMFFGH48CC,18,2.94,共有部份,鋼筋混凝土造,88年7月26日,十八層,
RPPOMLLLKHMFFGH48CC,18,5.27,見其他登記事項,鋼筋混凝土造,88年7月26日,十八層,
RPPNMLLLKHMFFAH77CC,30,607.89,住商用,加強磚造,75年8月23日,二層,
RPQOMLMLKHMFFBH18CC,45,129.98,住家用,加強磚造,61年6月16日,二層,
RPUPMLMLKHMFFBH68CC,39,74.34,住家用,加強磚造,66年12月15日,二層,
RPVNMLMLKHMFFGH09CC,11,69.39,住家用,鋼筋混凝土造,95年7月16日,十三層,
RPVNMLMLKHMFFGH09CC,11,13.42,共有部份,鋼筋混凝土造,95年7月16日,十三層,
RPVNMLMLKHMFFGH09CC,11,14.23,共有部份,鋼筋混凝土造,95年7月16日,十三層,
RPQOMLLLKHMFFGH68DC,1,61.64,住家用,鋼筋混凝土造,104年9月30日,十九層,
RPQOMLLLKHMFFGH68DC,1,9.72,共有部份,鋼筋混凝土造,104年9月30日,二十層,
RPQOMLLLKHMFFGH68DC,1,38.94,共有部份,鋼筋混凝土造,104年9月30日,二十層,
RPQOMLLLKHMFFGH68DC,1,21.25,共有部份,鋼筋混凝土造,104年9月30日,十九層,
RPSOMLMLKHMFFEH68CC,15,1550.79,見其他登記事項,見其他登記事項,91年2月5日,二層,
RPSOMLMLKHMFFEH68CC,10,1602.68,見其他登記事項,見其他登記事項,96年3月28日,一層,
RPRQMLMLKHMFFBH58DC,12,145.32,見其他登記事項,鋼筋混凝土造,94年3月20日,七層,
RPTQMLMLKHMFFBH78DC,37,15.00,住商用,加強磚造,68年11月26日,二層,
RPOOMLMLKHMFFBH08DC,19,214.83,住家用,鋼筋混凝土造,87年8月5日,七層,
RPVQMLMLKHMFFBH98DC,10,14.00,見其他登記事項,鋼筋混凝土造,95年8月25日,四層,
RPUQMLMLKHMFFBH88DC,10,14.00,見其他登記事項,鋼筋混凝土造,95年8月25日,四層,
RPSOMLNLKHMFFAH38CC,22,53.65,住家用,鋼筋混凝土造,84年1月20日,十六層,
RPSOMLNLKHMFFAH38CC,22,7.32,共有部份,鋼筋混凝土造,84年1月20日,十六層,
RPSOMLNLKHMFFAH38CC,22,12.00,共有部份,鋼筋混凝土造,84年1月20日,十六層,
RPTNMLOLKHMFFHH56CC,27,90.51,見其他登記事項,鋼筋混凝土造,79年2月9日,五層,
RPVOMLMLKHMFFFH09CC,24,63.85,住家用,鋼筋混凝土造,82年2月25日,十一層,
RPVOMLMLKHMFFFH09CC,24,8.06,住家用,鋼筋混凝土造,82年2月25日,十一層,
RPVOMLMLKHMFFFH09CC,24,12.54,共有部分,鋼筋混凝土造,82年2月25日,十一層,
RPVOMLMLKHMFFFH09CC,24,8.97,共有部分,鋼筋混凝土造,82年2月25日,十三層,
RPROMLMLKHMFFFH78DC,4,270.63,見其他登記事項,鋼筋混凝土造,101年11月6日,五層,
RPPOMLMLKHMFFFH48CC,2,62.77,住家用,鋼筋混凝土造,104年4月16日,十三層,
RPPOMLMLKHMFFFH48CC,2,63.46,見其他登記事項,鋼筋混凝土造,104年4月16日,十三層,
RPWNMLMLKHMFFFH56DC,5,90.54,住家用,鋼筋混凝土造,100年11月18日,十三層,
RPWNMLMLKHMFFFH56DC,5,21.59,見其他登記事項,鋼筋混凝土造,100年11月18日,十三層,
RPWNMLMLKHMFFFH56DC,5,44.81,見其他登記事項,鋼筋混凝土造,100年11月18日,十三層,
RPUNMLOLKHMFFHH66CC,27,90.51,見其他登記事項,鋼筋混凝土造,79年2月9日,五層,
RPOOMLOLKHMFFEH48CC,27,176.52,工業用,鋼造,79年1月5日,一層,
RPUNMLOLKHMFFEH98CC,18,133.30,住家用,鋼筋混凝土造,87年12月29日,十四層,
RPUNMLOLKHMFFEH98CC,18,15.41,共有部份,鋼筋混凝土造,87年12月29日,十四層,
RPUNMLOLKHMFFEH98CC,18,54.76,共有部份,鋼筋混凝土造,87年12月29日,十四層,
RPQOMLOLKHMFFBH38CC,14,114.07,住家用,鋼筋混凝土造,92年6月2日,十四層,
RPQOMLOLKHMFFBH38CC,14,24.52,共有部分,鋼筋混凝土造,92年6月2日,十四層,
RPQOMLOLKHMFFBH38CC,14,51.48,共有部分,鋼筋混凝土造,92年6月2日,十四層,
RPRRMLOLKHMFFBH98EC,6,64.51,住家用,鋼筋混凝土造,99年5月22日,二十三層,
RPRRMLOLKHMFFBH98EC,6,15.50,見其他登記事項,鋼筋混凝土造,99年5月22日,二十三層,
RPRRMLOLKHMFFBH98EC,6,29.18,見其他登記事項,鋼筋混凝土造,99年5月22日,二十三層,
RPSRMLOLKHMFFBH09EC,8,257.50,見其他登記事項,鋼筋混凝土造,97年4月24日,四層,
RPPNMLPLKHMFFFH88EC,1,60.24,住家用,鋼筋混凝土造,104年12月17日,十六層,
RPPNMLPLKHMFFFH88EC,1,14.07,見其他登記事項,鋼筋混凝土造,104年12月17日,十六層,
RPPNMLPLKHMFFFH88EC,1,38.47,見其他登記事項,鋼筋混凝土造,104年12月17日,十六層,
RPPNMLPLKHMFFFH88EC,1,14.04,見其他登記事項,鋼筋混凝土造,104年12月17日,十六層,
RPPNMLQLKHMFFBH48DC,10,14.00,見其他登記事項,鋼筋混凝土造,95年8月25日,四層,
RPQNMLQLKHMFFBH58DC,10,14.00,見其他登記事項,鋼筋混凝土造,95年8月25日,四層,
RPTNMLNLKHMFFFH09EC,2,68.12,見其他登記事項,鋼筋混凝土造,104年6月17日,二十四層,
RPTNMLNLKHMFFFH09EC,2,45.16,見其他登記事項,鋼筋混凝土造,104年6月17日,二十四層,
RPWNMLLJLHMFFFH09EC,2,189.83,見其他登記事項,鋼筋混凝土造,103年8月19日,十五層,
RPVNMLNLKHMFFFH56DC,28,124.14,住商用,鋼筋混凝土造,78年8月10日,三層,
RPTNMLLJLHMFFFH68DC,9,62.18,住家用,鋼筋混凝土造,96年7月18日,十五層,
RPTNMLLJLHMFFFH68DC,9,55.99,共有部分,鋼筋混凝土造,96年7月18日,十五層,
RPUNMLLJLHMFFFH78DC,2,97.05,住家用,鋼筋混凝土造,104年6月9日,十五層,
RPUNMLLJLHMFFFH78DC,2,74.27,見其他登記事項,鋼筋混凝土造,104年6月9日,十五層,
RPTOMLNLKHMFFFH09DC,24,81.16,住家用,鋼筋混凝土造,81年12月22日,七層,
RPTOMLNLKHMFFFH09DC,24,4.07,住家用,鋼筋混凝土造,81年12月22日,七層,
RPTOMLNLKHMFFFH09DC,24,21.02,共有部分,鋼筋混凝土造,81年12月22日,七層,
RPTOMLNLKHMFFFH09DC,24,27.72,見其他登記事項,鋼筋混凝土造,81年12月22日,七層,
RPPNMLLJLHMFFEH28EC,6,129.24,見其他登記事項,鋼筋混凝土造,99年6月10日,十四層,
RPPNMLLJLHMFFEH28EC,6,20.00,共有部份,鋼筋混凝土造,99年6月10日,十四層,
RPPNMLLJLHMFFEH28EC,6,2.48,共有部份,鋼筋混凝土造,99年6月10日,十四層,
RPPNMLLJLHMFFEH28EC,6,10.52,共有部份,鋼筋混凝土造,99年6月10日,十四層,
RPRNMLLJLHMFFHH68DC,9,128.92,住家用,鋼筋混凝土造,97年3月16日,十二層,
RPQNMLLJLHMFFHH58DC,2,194.41,見其他登記事項,鋼筋混凝土造,104年8月14日,二十一層,
RPWNMLLJLHMFFBH48CC,17,41.61,住家用,鋼筋混凝土造,89年1月20日,九層,
RPWNMLLJLHMFFBH48CC,17,16.22,共有部分,鋼筋混凝土造,89年1月20日,九層,
RPROMLLJLHMFFAH97CC,21,59.33,住家用,鋼筋混凝土造,84年9月2日,八層,
RPSQMLLJLHMFFBH48DC,24,129.79,住家用,鋼筋混凝土造,81年12月11日,十二層,
RPROMLLJLHMFFAH97CC,21,6.77,共有部份,鋼筋混凝土造,84年9月2日,八層,
RPUOMLLJLHMFFAH48EC,29,119.24,見其他登記事項,鋼筋混凝土造,76年9月2日,五層,
RPUOMLLJLHMFFAH48EC,29,122.94,住家用,鋼筋混凝土造,76年9月2日,五層,
RPUOMLLJLHMFFAH48EC,29,2.62,共有部份,鋼筋混凝土造,76年9月2日,五層,
RPWOMLLJLHMFFGH09CC,1,85.40,住家用,鋼筋混凝土造,104年11月8日,十二層,
RPWOMLLJLHMFFGH09CC,1,21.01,共有部份,鋼筋混凝土造,104年11月8日,十二層,
RPWOMLLJLHMFFGH09CC,1,64.12,共有部份,鋼筋混凝土造,104年11月8日,十二層,
RPSNMLLJLHMFFGH68DC,3,59.28,住家用,鋼筋混凝土造,102年11月1日,十層,
RPSOMLLJLHMFFAH08CC,12,67.01,住家用,鋼筋混凝土造,94年4月25日,十五層,
RPSOMLLJLHMFFAH08CC,12,10.72,共有部份,鋼筋混凝土造,94年4月25日,十五層,
RPSOMLLJLHMFFAH08CC,12,11.15,共有部份,鋼筋混凝土造,94年4月25日,十五層,
RPSNMLMJLHMFFHH78CC,35,26.40,住家用,鋼筋混凝土造,70年12月31日,十二層,
RPSNMLMJLHMFFHH78CC,35,4.95,共有部份,鋼筋混凝土造,70年12月31日,十二層,
RPPNMLMJLHMFFGH48DC,2,188.87,住家用,鋼筋混凝土造,104年5月11日,十九層,
RPXNMLMJLHMFFEH98CC,2,179.04,見其他登記事項,鋼筋混凝土造,104年7月13日,十八層,
RPSOMLLJLHMFFBH18CC,39,24.19,住家用,鋼筋混凝土造,67年5月24日,四層,
RPOOMLLJLHMFFBH77CC,5,59.59,見其他登記事項,鋼筋混凝土造,100年12月15日,十五層,
RPOOMLLJLHMFFBH77CC,5,51.16,見其他登記事項,鋼筋混凝土造,100年12月15日,十五層,
RPSNMLMJLHMFFFH68DC,10,124.27,住家用,鋼筋混凝土造,96年8月15日,十五層,
RPRPMLMJLHMFFAH18CC,5,73.70,住家用,鋼筋混凝土造,101年8月20日,十一層,
RPRPMLMJLHMFFAH18CC,5,32.81,見其他登記事項,鋼筋混凝土造,101年8月20日,十一層,
RPWOMLMJLHMFFAH58CC,21,30.40,住家用,鋼筋混凝土造,85年1月18日,十七層,
RPWOMLMJLHMFFAH58CC,21,12.56,共有部份,鋼筋混凝土造,85年1月18日,十七層,
RPSNMLMJLHMFFAH18DC,4,228.36,住家用,鋼筋混凝土造,102年6月10日,十四層,
RPPPMLMJLHMFFAH97CC,21,51.85,住家用,鋼筋混凝土造,85年1月18日,十七層,
RPPPMLMJLHMFFAH97CC,21,18.14,共有部份,鋼筋混凝土造,85年1月18日,十七層,
RPXNMLMJLHMFFAH68DC,19,20.25,共有部份,鋼筋混凝土造,86年9月3日,十六層,
RPVOMLMJLHMFFAH48CC,19,24.88,住家用,鋼筋混凝土造,86年9月1日,十七層,
RPXNMLMJLHMFFAH68DC,19,70.92,住家用,鋼筋混凝土造,86年9月3日,十六層,
RPVOMLMJLHMFFAH48CC,19,1.97,共有部份,鋼筋混凝土造,86年9月1日,十七層,
RPVOMLMJLHMFFAH48CC,19,4.59,共有部份,鋼筋混凝土造,86年9月1日,十七層,
RPVOMLMJLHMFFAH48CC,19,24.88,住家用,鋼筋混凝土造,86年9月1日,十七層,
RPPNMLMJLHMFFEH28DC,10,185.76,見其他登記事項,鋼筋混凝土造,95年4月18日,四層,
RPRNMLMJLHMFFAH08DC,6,298.80,住家用,鋼筋混凝土造,100年5月9日,十四層,
RPWNMLNJLHMFFEH09DC,11,185.76,見其他登記事項,鋼筋混凝土造,95年4月18日,四層,
RPOPMLMJLHMFFAH87CC,31,110.50,住家用,鋼筋混凝土造,75年7月12日,五層,
RPSNMLMJLHMFFEH58DC,11,185.76,見其他登記事項,鋼筋混凝土造,95年4月18日,四層,
RPVNMLNJLHMFFEH98DC,10,185.76,見其他登記事項,鋼筋混凝土造,95年4月18日,四層,
RPTNMLNJLHMFFHH98CC,22,19.83,住家用,鋼筋混凝土造,84年1月4日,九層,
RPXNMLNJLHMFFHH76CC,10,90.46,住家用,鋼筋混凝土造,95年12月25日,六層,
RPXNMLNJLHMFFHH76CC,10,22.02,共有部份,鋼筋混凝土造,95年12月25日,六層,
RPXNMLNJLHMFFHH76CC,10,11.21,共有部份,鋼筋混凝土造,95年12月25日,六層,
RPVOMLNJLHMFFFH09CC,26,41.75,見其他登記事項,鋼筋混凝土造,79年9月25日,四層,
RPXOMLNJLHMFFFH76DC,4,136.34,住家用,鋼筋混凝土造,102年8月23日,十三層,
RPWOMLNJLHMFFFH66DC,2,62.76,住家用,鋼筋混凝土造,104年4月20日,十五層,
RPWOMLNJLHMFFFH66DC,2,5.96,住家用,鋼筋混凝土造,104年4月20日,十五層,
RPWOMLNJLHMFFFH66DC,2,3.95,住家用,鋼筋混凝土造,104年4月20日,十五層,
RPWOMLNJLHMFFFH66DC,2,60.38,見其他登記事項,鋼筋混凝土造,104年4月20日,十五層,
RPSOMLNJLHMFFFH78CC,3,92.64,住家用,鋼筋混凝土造,103年1月20日,十五層,
RPSOMLNJLHMFFFH78CC,3,20.21,見其他登記事項,鋼筋混凝土造,103年1月20日,十五層,
RPSOMLNJLHMFFFH78CC,3,46.56,見其他登記事項,鋼筋混凝土造,103年1月20日,十五層,
RPXNMLNJLHMFFBH88DC,6,82.24,見其他登記事項,鋼筋混凝土造,100年6月28日,十五層,
RPOOMLNJLHMFFBH08DC,17,113.23,住家用,鋼筋混凝土造,88年9月17日,十五層,
RPRNMLOJLHMFFAH18CC,13,115.69,見其他登記事項,鋼筋混凝土造,93年2月24日,九層,
RPTNMLNJLHMFFAH28CC,18,178.94,見其他登記事項,鋼筋混凝土造,88年2月3日,四層,
RPROMLNJLHMFFAH18CC,22,122.97,住商用,鋼筋混凝土造,84年1月20日,十六層,
RPROMLNJLHMFFAH18CC,22,21.55,共有部份,鋼筋混凝土造,84年1月20日,十六層,
RPROMLNJLHMFFAH18CC,22,26.99,共有部份,鋼筋混凝土造,84年1月20日,十六層,
RPPQMLNJLHMFFBH28CC,20,46.72,見其他登記事項,鋼筋混凝土造,86年6月26日,五層,
RPWOMLNJLHMFFBH78CC,43,38.18,住家用,加強磚造,62年8月18日,二層,
RPSNMLOJLHMFFAH28CC,20,819.22,見其他登記事項,鋼筋混凝土造,86年7月1日,十七層,
RPQNMLRJLHMFFHH09CC,10,30.64,見其他登記事項,鋼筋混凝土造,95年10月30日,五層,
RPQNMLRJLHMFFHH09CC,10,6.94,共有部份,鋼筋混凝土造,95年10月30日,五層,
RPRNMLRJLHMFFHH56CC,1,44.72,住家用,鋼筋混凝土造,104年10月1日,十四層,
RPRNMLRJLHMFFHH56CC,1,13.48,見其他登記事項,鋼筋混凝土造,104年10月1日,十四層,
RPRNMLRJLHMFFHH56CC,1,12.59,見其他登記事項,鋼筋混凝土造,104年10月1日,十四層,
RPWNMLQJLHMFFGH86CC,6,83.20,住家用,鋼筋混凝土造,100年1月17日,十五層,
RPWNMLQJLHMFFGH86CC,6,35.53,共有部份,鋼筋混凝土造,100年1月17日,十五層,
RPQNMLRJLHMFFAH38CC,24,76.51,住家用,鋼筋混凝土造,82年8月2日,七層,
RPRNMLRJLHMFFAH48CC,19,93.13,住家用,鋼筋混凝土造,86年11月28日,二十五層,
RPPOMLQJLHMFFAH28CC,6,26.92,見其他登記事項,鋼筋混凝土造,99年9月24日,五層,
RPWNMLRJLHMFFEH76CC,,29.75,住家用,鋼筋混凝土造,105年10月5日,六層,
RPRNMLQJLHMFFBH48CC,20,193.64,見其他登記事項,鋼筋混凝土造,86年6月26日,五層,
RPSQMLQJLHMFFBH88CC,10,83.82,住家用,鋼筋混凝土造,96年3月1日,十五層,
RPSQMLQJLHMFFBH88CC,10,16.71,共有部分,鋼筋混凝土造,96年3月1日,十五層,
RPSQMLQJLHMFFBH88CC,10,15.69,共有部分,鋼筋混凝土造,96年3月1日,十五層,
RPOQMLQJLHMFFBH48CC,28,22.11,住家用,鋼筋混凝土造,77年9月23日,五層,
RPSPMLRJLHMFFBH88CC,22,207.83,見其他登記事項,鋼筋混凝土造,84年4月20日,四層,
RPTPMLRJLHMFFBH09DC,8,24.92,商業用,鋼筋混凝土造,98年6月29日,二十一層,
RPUNMLSJLHMFFAH88CC,20,70.92,住家用,鋼筋混凝土造,86年9月3日,十六層,
RPUNMLSJLHMFFAH88CC,20,20.25,共有部份,鋼筋混凝土造,86年9月3日,十六層,
RPPOMLSJLHMFFAH48CC,28,94.82,見其他登記事項,鋼筋混凝土造,77年12月2日,五層,
RPPOMLSJLHMFFAH48CC,28,19.18,共有部份,鋼筋混凝土造,77年12月2日,五層,
RPPOMLSJLHMFFAH48CC,28,102.35,住商用,鋼筋混凝土造,77年12月2日,五層,
RPSQMLRJLHMFFBH09DC,8,166.22,見其他登記事項,鋼筋混凝土造,98年6月29日,二十一層,
RPOQMLRJLHMFFBH68DC,8,164.17,見其他登記事項,鋼筋混凝土造,98年6月29日,二十一層,
RPQOMLRJLHMFFFH98CC,3,66.53,住家用,鋼筋混凝土造,102年10月21日,十三層,
RPQOMLRJLHMFFFH98CC,3,15.03,見其他登記事項,鋼筋混凝土造,102年10月21日,十三層,
RPQOMLRJLHMFFFH98CC,3,43.37,見其他登記事項,鋼筋混凝土造,102年10月21日,十四層,
RPVNMLRJLHMFFFH86DC,40,96.76,住家用,加強磚造,66年5月8日,二層,
RPROMLRJLHMFFFH56DC,3,199.67,住家用,鋼筋混凝土造,103年6月23日,十五層,
RPOOMLRJLHMFFFH78CC,2,65.51,住家用,鋼筋混凝土造,103年10月6日,十八層,
RPOOMLRJLHMFFFH78CC,2,13.39,見其他登記事項,鋼筋混凝土造,103年10月6日,十八層,
RPOOMLRJLHMFFFH78CC,2,18.09,見其他登記事項,鋼筋混凝土造,103年10月6日,十八層,
RPOOMLRJLHMFFFH78CC,2,4.90,見其他登記事項,鋼筋混凝土造,103年10月6日,十八層,
RPOOMLRJLHMFFFH78CC,2,33.07,見其他登記事項,鋼筋混凝土造,103年10月6日,十八層,
RPURMLRJLHMFFBH76DC,,425.91,工業用,見其他登記事項,,一層,
RPUNMLSJLHMFFFH76CC,3,88.72,住家用,鋼筋混凝土造,103年1月20日,十五層,
RPUNMLSJLHMFFFH76CC,3,17.98,見其他登記事項,鋼筋混凝土造,103年1月20日,十五層,
RPUNMLSJLHMFFFH76CC,3,2.93,見其他登記事項,鋼筋混凝土造,103年1月20日,十五層,
RPUNMLSJLHMFFFH76CC,3,42.44,見其他登記事項,鋼筋混凝土造,103年1月20日,十五層,
RPROMLSJLHMFFBH78CC,2,94.34,見其他登記事項,鋼筋混凝土造,104年5月25日,二十一層,
RPROMLSJLHMFFBH78CC,2,73.12,見其他登記事項,鋼筋混凝土造,104年5月25日,二十一層,
RPXPMLSJLHMFFBH86CC,2,55.22,見其他登記事項,鋼筋混凝土造,104年8月12日,十四層,
RPXPMLSJLHMFFBH86CC,2,29.86,見其他登記事項,鋼筋混凝土造,104年8月12日,十四層,
RPVNMLSJLHMFFFH86CC,19,193.47,住家用,鋼筋混凝土造,87年6月10日,四層,
RPVNMLSJLHMFFFH86CC,19,1.74,共有部份,鋼筋混凝土造,87年6月10日,十層,
RPVNMLSJLHMFFFH86CC,19,33.24,共有部份,鋼筋混凝土造,87年6月10日,十層,
RPVNMLSJLHMFFFH86CC,19,8.22,共有部份,鋼筋混凝土造,87年6月10日,十層,
RPWRMLSJLHMFFBH96CC,,64.61,見其他登記事項,鋼筋混凝土造,105年8月24日,十五層,
RPWRMLSJLHMFFBH96CC,,15.75,見其他登記事項,鋼筋混凝土造,105年8月24日,十五層,
RPWRMLSJLHMFFBH96CC,,15.25,見其他登記事項,鋼筋混凝土造,105年8月24日,十五層,
RPSNMLTJLHMFFCH98CC,1,1088.66,見其他登記事項,鋼筋混凝土造,105年3月3日,四層,
RPSNMLTJLHMFFHH86CC,46,121.00,住家用,加強磚造,60年7月15日,三層,
RPUNMLSJLHMFFHH96CC,9,37.62,住家用,鋼筋混凝土造,97年6月9日,十層,
RPUNMLSJLHMFFHH96CC,9,5.84,共有部份,鋼筋混凝土造,97年6月9日,十層,
RPUNMLSJLHMFFHH96CC,9,13.80,共有部份,鋼筋混凝土造,97年6月9日,十層,
RPWNMLSJLHMFFHH17CC,7,53.51,住家用,鋼筋混凝土造,98年11月9日,七層,
RPWNMLSJLHMFFHH17CC,7,9.10,見其他登記事項,鋼筋混凝土造,98年11月9日,七層,
RPWNMLSJLHMFFHH17CC,7,14.88,見其他登記事項,鋼筋混凝土造,98年11月9日,七層,
RPOOMLTJLHMFFHH56CC,35,26.40,住家用,鋼筋混凝土造,70年12月31日,十二層,
RPOOMLTJLHMFFHH56CC,35,4.96,共有部份,鋼筋混凝土造,70年12月31日,十二層,
RPVNMLTJLHMFFGH07CC,2,88.20,住家用,鋼筋混凝土造,104年4月16日,十四層,
RPVNMLTJLHMFFGH07CC,2,17.54,共有部份,鋼筋混凝土造,104年4月16日,十四層,
RPVNMLTJLHMFFGH07CC,2,49.77,共有部份,鋼筋混凝土造,104年4月16日,十四層,
RPXPMLTJLHMFFAH86CC,14,45.95,住家用,鋼筋混凝土造,92年7月28日,十四層,
RPXPMLTJLHMFFAH86CC,14,6.46,共有部份,鋼筋混凝土造,92年7月28日,十四層,
RPXPMLTJLHMFFAH86CC,14,11.78,共有部份,鋼筋混凝土造,92年7月28日,十四層,
RPWPMLTJLHMFFBH86CC,17,32.98,住家用,鋼筋混凝土造,89年1月20日,九層,
RPWPMLTJLHMFFBH86CC,17,16.96,共有部分,鋼筋混凝土造,89年1月20日,九層,
RPTOMLTJLHMFFAH98CC,15,104.46,見其他登記事項,鋼筋混凝土造,91年6月20日,十三層,
RPTOMLTJLHMFFAH98CC,15,19.10,共有部份,鋼筋混凝土造,91年6月20日,十三層,
RPTOMLTJLHMFFAH98CC,15,10.17,共有部份,鋼筋混凝土造,91年6月20日,十三層,
RPVPMLTJLHMFFAH66CC,17,94.92,國民住宅,鋼筋混凝土造,88年8月20日,十二層,
RPVPMLTJLHMFFAH66CC,17,38.89,共有部份,鋼筋混凝土造,88年8月20日,十二層,
RPVPMLTJLHMFFAH66CC,17,15.49,共有部份,鋼筋混凝土造,88年8月20日,十二層,
RPTPMLTJLHMFFAH09CC,14,47.38,住家用,鋼筋混凝土造,92年7月28日,十四層,
RPTPMLTJLHMFFAH09CC,14,6.71,共有部份,鋼筋混凝土造,92年7月28日,十四層,
RPTPMLTJLHMFFAH09CC,14,12.33,共有部份,鋼筋混凝土造,92年7月28日,十四層,
RPROMLTJLHMFFAH78CC,11,109.31,住家用,鋼筋混凝土造,95年8月10日,十三層,
RPROMLTJLHMFFAH78CC,11,22.87,共有部份,鋼筋混凝土造,95年8月10日,十三層,
RPROMLTJLHMFFAH78CC,11,18.02,共有部份,鋼筋混凝土造,95年8月10日,十三層,
RPUPMLTJLHMFFAH56CC,21,87.12,住家用,鋼筋混凝土造,84年10月12日,七層,
RPUPMLTJLHMFFAH56CC,21,8.78,共有部份,鋼筋混凝土造,84年10月12日,七層,
RPUPMLTJLHMFFAH56CC,21,4.60,共有部份,鋼筋混凝土造,84年10月12日,七層,
RPSOMLTJLHMFFBH09DC,5,65.98,見其他登記事項,鋼筋混凝土造,100年11月15日,七層,
RPSOMLTJLHMFFBH09DC,5,30.22,見其他登記事項,鋼筋混凝土造,100年11月15日,四層,
RPSOMLTJLHMFFBH09DC,5,9.82,見其他登記事項,鋼筋混凝土造,100年11月15日,七層,
RPPOMLKKLHMFFDH18DC,1,139.44,見其他登記事項,鋼筋混凝土造,104年9月9日,三層,
RPQPMLKKLHMFFAH97CC,20,75.68,見其他登記事項,鋼筋混凝土造,85年9月2日,五層,
RPQPMLKKLHMFFAH97CC,20,14.20,共有部份,鋼筋混凝土造,85年9月2日,五層,
RPXNMLSJLHMFFFH07CC,1,21.40,見其他登記事項,鋼筋混凝土造,104年12月17日,十六層,
RPXNMLSJLHMFFFH07CC,1,91.73,見其他登記事項,鋼筋混凝土造,104年12月17日,十六層,
RPQNMLKKLHMFFHH48CC,7,18.55,見其他登記事項,鋼筋混凝土造,99年3月1日,十一層,
RPQNMLKKLHMFFHH48CC,7,8.94,共有部份,鋼筋混凝土造,99年3月1日,十一層,
RPUNMLKKLHMFFGH78CC,22,79.75,住家用,鋼筋混凝土造,84年4月21日,十六層,
RPUNMLKKLHMFFGH78CC,22,13.70,共有部份,鋼筋混凝土造,84年4月21日,十六層,
RPUNMLKKLHMFFGH78CC,22,1.36,共有部份,鋼筋混凝土造,84年4月21日,十六層,
RPWNMLKKLHMFFFH88CC,36,52.29,住家用,加強磚造,70年5月5日,三層,
RPUNMLNKLHMFFEH88CC,2,252.03,見其他登記事項,見其他登記事項,103年8月22日,一層,
RPVPMLKKLHMFFBH68DC,2,117.33,見其他登記事項,鋼筋混凝土造,103年11月10日,十五層,
RPVNMLNKLHMFFHH66CC,9,27.45,住家用,鋼筋混凝土造,97年6月9日,十層,
RPVNMLNKLHMFFHH66CC,9,4.27,共有部份,鋼筋混凝土造,97年6月9日,十層,
RPVNMLNKLHMFFHH66CC,9,10.08,共有部份,鋼筋混凝土造,97年6月9日,十層,
RPPQMLKKLHMFFBH08CC,,420.70,商業用,加強磚造,,四層,
RPPPMLKKLHMFFBH97CC,18,41.85,住家用,鋼筋混凝土造,88年3月12日,五層,
RPPPMLKKLHMFFBH97CC,18,6.98,共有部分,鋼筋混凝土造,88年3月12日,五層,
RPUNMLNKLHMFFHH56CC,43,109.45,住商用,加強磚造,62年12月28日,二層,
RPUNMLKKLHMFFFH68CC,37,101.13,住家用,鋼筋混凝土造,68年12月27日,四層,
RPWNMLNKLHMFFGH66CC,22,36.61,住家用,鋼筋混凝土造,84年3月22日,十二層,
RPWNMLNKLHMFFGH66CC,22,8.27,共有部份,鋼筋混凝土造,84年3月22日,十二層,
RPWNMLNKLHMFFGH66CC,22,8.21,共有部份,鋼筋混凝土造,84年3月22日,十二層,
RPSNMLKKLHMFFFH48CC,37,101.13,住家用,鋼筋混凝土造,68年12月27日,四層,
RPSNMLNKLHMFFDH58CC,3,58.49,住家用,鋼筋混凝土造,102年11月15日,十二層,
RPSNMLNKLHMFFDH58CC,3,65.46,共同使用部份,鋼筋混凝土造,102年11月15日,十二層,
RPOOMLNKLHMFFGH58CC,19,48.84,住家用,鋼筋混凝土造,87年3月31日,十層,
RPOOMLNKLHMFFGH58CC,19,10.96,共有部份,鋼筋混凝土造,87年3月31日,九層,
RPOOMLNKLHMFFGH58CC,19,9.46,共有部份,鋼筋混凝土造,87年3月31日,十層,
RPOPMLNKLHMFFAH08CC,1,186.77,見其他登記事項,鋼筋混凝土造,105年6月1日,十八層,
RPSOMLNKLHMFFAH38CC,27,312.93,見其他登記事項,鋼筋混凝土造,79年6月14日,二層,
RPWNMLNKLHMFFEH56DC,12,263.86,見其他登記事項,鋼筋混凝土造,94年8月17日,四層,
RPRPMLKKLHMFFBH28DC,11,253.78,見其他登記事項,鋼筋混凝土造,95年6月12日,五層,
RPOOMLOKLHMFFAH08CC,34,74.89,住家用,鋼筋混凝土造,72年4月8日,五層,
RPOOMLOKLHMFFAH08CC,34,8.13,共有部份,鋼筋混凝土造,72年4月8日,五層,
RPXNMLOKLHMFFGH86CC,44,170.43,住家用,加強磚造,62年8月25日,三層,
RPRNMLNKLHMFFHH98DC,6,64.26,見其他登記事項,鋼筋混凝土造,99年9月10日,五層,
RPRNMLNKLHMFFHH98DC,6,3.46,見其他登記事項,鋼筋混凝土造,99年9月10日,五層,
RPOPMLOKLHMFFFH68CC,5,89.63,住家用,鋼筋混凝土造,100年11月18日,十三層,
RPOPMLOKLHMFFFH68CC,5,21.24,見其他登記事項,鋼筋混凝土造,100年11月18日,十三層,
RPOPMLOKLHMFFFH68CC,5,44.67,見其他登記事項,鋼筋混凝土造,100年11月18日,十三層,
RPQNMLPKLHMFFEH68CC,9,172.43,見其他登記事項,鋼筋混凝土造,97年6月6日,三層,
RPRNMLPKLHMFFEH78CC,14,53.27,住家用,鋼筋混凝土造,92年3月14日,九層,
RPWOMLPKLHMFFEH76CC,31,19.83,住商用,鋼筋混凝土造,74年10月22日,三層,
RPXNMLPKLHMFFDH66CC,2,63.46,住家用,鋼筋混凝土造,104年5月25日,十五層,
RPXNMLPKLHMFFDH66CC,2,63.92,見其他登記事項,鋼筋混凝土造,104年5月25日,十五層,
RPTPMLNKLHMFFBH78DC,2,58.27,見其他登記事項,鋼筋混凝土造,103年11月17日,十三層,
RPQRMLPKLHMFFBH78CC,8,63.28,見其他登記事項,鋼筋混凝土造,98年5月6日,四層,
RPWNMLOKLHMFFBH88CC,10,60.48,住家用,鋼筋混凝土造,96年1月25日,十五層,
RPUQMLOKLHMFFBH98CC,11,2.50,共有部分,鋼筋混凝土造,95年5月20日,十層,
RPUQMLOKLHMFFBH98CC,11,20.13,住家用,鋼筋混凝土造,95年5月20日,十層,
RPUQMLOKLHMFFBH98CC,11,6.52,共有部分,鋼筋混凝土造,95年5月20日,十層,
RPUQMLOKLHMFFBH98CC,11,2.59,共有部分,鋼筋混凝土造,95年5月20日,十層,
RPORMLOKLHMFFBH48CC,8,98.40,見其他登記事項,鋼筋混凝土造,98年6月4日,三層,
RPWNMLPKLHMFFAH88CC,9,111.42,住家用,鋼筋混凝土造,97年3月31日,十四層,
RPWNMLPKLHMFFAH88CC,9,71.39,共有部份,鋼筋混凝土造,97年3月31日,十四層,
RPPNMLPKLHMFFAH18CC,31,96.86,住家用,鋼筋混凝土造,74年11月4日,五層,
RPWNMLQKLHMFFAH98CC,6,26.92,見其他登記事項,鋼筋混凝土造,99年9月24日,五層,
RPVNMLQKLHMFFAH88CC,14,127.86,見使用執照,鋼筋混凝土造,92年4月8日,四層,
RPQNMLPKLHMFFDH68DC,13,212.22,見其他登記事項,鋼筋混凝土造,92年11月5日,四層,
RPQNMLQKLHMFFCH58CC,3,283.03,見其他登記事項,鋼筋混凝土造,102年10月1日,四層,
RPVNMLRKLHMFFCH56CC,1,61.63,見其他登記事項,鋼筋混凝土造,105年4月8日,十層,
RPVNMLRKLHMFFCH56CC,1,25.51,見其他登記事項,鋼筋混凝土造,105年4月8日,十層,
RPVNMLRKLHMFFCH56CC,1,114.17,見其他登記事項,鋼筋混凝土造,105年4月8日,十層,
RPSOMLRKLHMFFBH88CC,15,275.55,見其他登記事項,見其他登記事項,90年12月20日,四層,
RPQPMLQKLHMFFBH68CC,35,80.80,住家用,加強磚造,70年12月16日,二層,
RPUPMLRKLHMFFBH56CC,18,103.14,商業用,鋼筋混凝土造,87年11月2日,八層,
RPUPMLRKLHMFFBH56CC,18,17.55,共有部分,鋼筋混凝土造,87年11月2日,八層,
RPUPMLRKLHMFFBH56CC,18,15.40,共有部分,鋼筋混凝土造,87年11月2日,八層,
RPOOMLQKLHMFFEH78DC,,65.06,住家用,鋼筋混凝土造,105年10月5日,六層,
RPPOMLOKLHMFFEH68DC,3,80.22,住家用,鋼筋混凝土造,103年2月7日,十層,
RPPOMLOKLHMFFEH68DC,3,10.07,住家用,鋼筋混凝土造,103年2月7日,十層,
RPPOMLOKLHMFFEH68DC,3,2.97,住家用,鋼筋混凝土造,103年2月7日,十層,
RPPOMLOKLHMFFEH68DC,3,25.83,共有部份,鋼筋混凝土造,103年2月7日,十層,
RPPOMLOKLHMFFEH68DC,3,14.68,共有部份,鋼筋混凝土造,103年2月7日,十層,
RPWRMLOKLHMFFEH96CC,21,32.91,住家用,鋼筋混凝土造,84年9月25日,二十層,
RPWRMLOKLHMFFEH96CC,21,3.52,共有部份,鋼筋混凝土造,84年9月25日,二十層,
RPWRMLOKLHMFFEH96CC,21,8.27,共有部份,鋼筋混凝土造,84年9月25日,二十層,
RPXQMLOKLHMFFEH07DC,19,194.43,見其他登記事項,鋼筋混凝土造,87年6月29日,十四層,
RPPOMLQKLHMFFEH88DC,,65.06,住家用,鋼筋混凝土造,105年10月5日,六層,
RPRNMLRKLHMFFFH56DC,27,76.88,商業用,鋼筋混凝土造,78年12月7日,五層,
RPRNMLRKLHMFFFH56DC,27,2.24,共有部分,鋼筋混凝土造,78年12月7日,五層,
RPRNMLRKLHMFFFH56DC,27,5.05,共有部分,鋼筋混凝土造,78年12月7日,五層,
RPRNMLRKLHMFFAH58CC,21,35.52,住家用,鋼筋混凝土造,85年7月13日,十一層,
RPTNMLRKLHMFFAH78CC,6,100.87,住家用,鋼筋混凝土造,100年3月9日,十五層,
RPOPMLRKLHMFFAH48CC,30,325.04,見其他登記事項,鋼筋混凝土造,76年3月12日,三層,
RPPPMLQKLHMFFBH58CC,26,108.08,見其他登記事項,鋼筋混凝土造,80年6月19日,十二層,
RPPPMLQKLHMFFBH58CC,26,9.56,見其他登記事項,鋼筋混凝土造,80年6月19日,十二層,
RPPPMLQKLHMFFBH58CC,26,29.43,共有部分,鋼筋混凝土造,80年6月19日,十二層,
RPWOMLRKLHMFFAH56CC,18,212.90,見其他登記事項,鋼筋混凝土造,88年8月7日,五層,
RPPNMLRKLHMFFHH56DC,32,77.35,住家用,鋼筋混凝土造,73年8月29日,五層,
RPSNMLKLLHMFFFH78EC,8,202.26,見其他登記事項,鋼筋混凝土造,98年5月6日,十九層,
RPSNMLKLLHMFFFH78EC,8,15.39,共有部分,鋼筋混凝土造,98年5月6日,十九層,
RPSNMLKLLHMFFFH78EC,8,39.69,共有部分,鋼筋混凝土造,98年5月6日,十九層,
RPWPMLQKLHMFFBH66CC,18,25.10,住家用,鋼筋混凝土造,88年6月11日,十層,
RPWPMLQKLHMFFBH66CC,18,3.59,住家用,鋼筋混凝土造,88年6月11日,十層,
RPWPMLQKLHMFFBH66CC,18,3.59,住家用,鋼筋混凝土造,88年6月11日,十層,
RPWPMLQKLHMFFBH66CC,18,3.90,共有部分,鋼筋混凝土造,88年6月11日,十層,
RPTQMLKLLHMFFFH09DC,1,94.91,見其他登記事項,鋼筋混凝土造,105年5月16日,二十層,
RPRNMLKLLHMFFFH68EC,48,100.00,住商用,加強磚造,57年11月25日,三層,
RPTNMLKLLHMFFEH58CC,10,245.25,見其他登記事項,鋼筋混凝土造,96年4月13日,三層,
RPTNMLKLLHMFFEH58CC,10,19.33,共有部份,鋼筋混凝土造,96年4月13日,三層,
RPSNMLLLLHMFFHH88CC,14,161.13,住家用,鋼筋混凝土造,92年8月21日,十四層,
RPUNMLLLLHMFFFH88CC,4,72.74,住家用,鋼筋混凝土造,102年7月20日,十三層,
RPUNMLLLLHMFFFH88CC,4,48.76,見其他登記事項,鋼筋混凝土造,102年7月20日,十三層,
RPUNMLLLLHMFFFH88CC,4,15.81,見其他登記事項,鋼筋混凝土造,102年7月20日,十三層,
RPXNMLKLLHMFFHH66CC,36,88.20,住家用,鋼筋混凝土造,70年7月25日,五層,
RPOPMLLLLHMFFAH97CC,18,85.54,住家用,鋼筋混凝土造,88年5月1日,十六層,
RPOPMLLLLHMFFAH97CC,18,22.67,共有部份,鋼筋混凝土造,88年5月1日,十六層,
RPOPMLLLLHMFFAH97CC,18,.07,見其他登記事項,鋼筋混凝土造,88年5月1日,十六層,
RPOPMLLLLHMFFAH97CC,18,36.16,共有部份,鋼筋混凝土造,88年5月1日,十六層,
RPSNMLLLLHMFFFH78DC,3,117.82,住家用,鋼筋混凝土造,103年8月19日,十五層,
RPXNMLLLLHMFFGH66CC,23,80.44,見其他登記事項,鋼筋混凝土造,82年12月2日,五層,
RPXNMLLLLHMFFGH66CC,23,7.01,共有部份,鋼筋混凝土造,82年10月16日,五層,
RPXNMLLLLHMFFGH66CC,23,2.33,共有部份,鋼筋混凝土造,82年12月2日,五層,
RPXOMLMLLHMFFFH86DC,2,64.66,住家用,鋼筋混凝土造,104年6月9日,十五層,
RPXOMLMLLHMFFFH86DC,2,57.09,見其他登記事項,鋼筋混凝土造,104年6月9日,十五層,
RPOPMLMLLHMFFFH68DC,20,203.86,住家用,鋼筋混凝土造,85年12月5日,五層,
RPPOMLMLLHMFFAH18DC,24,139.67,商業用,鋼筋混凝土造,81年11月11日,十五層,
RPWOMLMLLHMFFEH56CC,22,113.85,住家用,鋼筋混凝土造,84年5月16日,五層,
RPSOMLMLLHMFFBH48CC,35,26.66,住家用,鋼筋混凝土造,70年12月26日,五層,
RPOPMLMLLHMFFEH48CC,25,115.09,工業用,鋼筋混凝土造,80年10月8日,九層,
RPUNMLMLLHMFFGH09CC,2,58.61,住家用,鋼筋混凝土造,104年5月13日,十四層,
RPUNMLMLLHMFFGH09CC,2,14.20,共有部份,鋼筋混凝土造,104年5月13日,十五層,
RPUNMLMLLHMFFGH09CC,2,14.48,共有部份,鋼筋混凝土造,104年5月13日,十四層,
RPSNMLMLLHMFFHH98CC,9,37.41,住家用,鋼筋混凝土造,96年11月22日,七層,
RPSOMLMLLHMFFCH58CC,20,87.22,住家用,鋼筋混凝土造,86年7月25日,七層,
RPSOMLMLLHMFFCH58CC,20,28.82,共有部份,鋼筋混凝土造,86年7月25日,七層,
RPSOMLMLLHMFFCH58CC,20,10.11,共有部份,鋼筋混凝土造,86年7月25日,七層,
RPVOMLKLLHMFFBH58CC,23,137.05,住家用,鋼筋混凝土造,83年8月11日,八層,
RPVOMLKLLHMFFBH58CC,23,16.22,共有部分,鋼筋混凝土造,83年8月11日,八層,
RPQPMLKLLHMFFBH18CC,23,20.56,住家用,鋼筋混凝土造,83年5月16日,七層,
RPVOMLKLLHMFFBH58CC,23,22.58,共有部分,鋼筋混凝土造,83年8月11日,八層,
RPQPMLKLLHMFFBH18CC,23,4.23,共有部分,鋼筋混凝土造,83年5月16日,七層,
RPQPMLKLLHMFFBH18CC,23,4.00,共有部分,鋼筋混凝土造,83年5月16日,七層,
RPUPMLKLLHMFFBH58CC,30,100.00,工業用,鋼筋混凝土造,75年11月26日,二層,
RPWNMLNLLHMFFHH86CC,35,26.40,住家用,鋼筋混凝土造,70年12月31日,十二層,
RPWNMLNLLHMFFHH86CC,35,4.96,共有部份,鋼筋混凝土造,70年12月31日,十二層,
RPXOMLNLLHMFFEH76CC,1,75.74,住家用,鋼筋混凝土造,104年8月25日,七層,
RPTPMLLLLHMFFBH58CC,26,20.25,住家用,鋼筋混凝土造,80年6月7日,四層,
RPQQMLLLLHMFFBH38CC,19,50.37,住家用,鋼筋混凝土造,86年10月13日,十八層,
RPQQMLLLLHMFFBH38CC,19,14.97,共有部分,鋼筋混凝土造,86年10月13日,十八層,
RPQQMLLLLHMFFBH38CC,19,8.94,共有部分,鋼筋混凝土造,86年10月13日,十八層,
RPWPMLLLLHMFFBH88CC,17,80.03,住家用,鋼筋混凝土造,89年3月2日,十九層,
RPWPMLLLLHMFFBH88CC,17,5.76,見其他登記事項,鋼筋混凝土造,89年3月2日,十九層,
RPWPMLLLLHMFFBH88CC,17,41.38,見其他登記事項,鋼筋混凝土造,89年3月2日,十九層,
RPWPMLLLLHMFFBH88CC,17,18.21,見其他登記事項,鋼筋混凝土造,89年3月2日,十九層,
RPOQMLLLLHMFFBH18CC,32,59.11,住家用,鋼筋混凝土造,74年5月29日,四層,
RPUPMLLLLHMFFBH68CC,26,31.59,住家用,鋼筋混凝土造,80年6月7日,四層,
RPWNMLNLLHMFFAH78CC,22,71.40,住家用,鋼筋混凝土造,84年2月25日,二十三層,
RPWNMLNLLHMFFAH78CC,22,12.04,共有部份,鋼筋混凝土造,84年2月25日,二十三層,
RPWNMLNLLHMFFAH78CC,22,10.78,共有部份,鋼筋混凝土造,84年2月25日,二十三層,
RPOOMLNLLHMFFAH08CC,37,63.13,住家用,鋼筋混凝土造,69年7月12日,四層,
RPUNMLNLLHMFFBH68CC,19,80.65,住家用,鋼筋混凝土造,87年7月1日,七層,
RPUNMLNLLHMFFBH68CC,19,15.01,共有部分,鋼筋混凝土造,87年7月1日,七層,
RPUNMLNLLHMFFBH68CC,19,16.27,共有部分,鋼筋混凝土造,87年7月1日,七層,
RPTNMLNLLHMFFBH58CC,2,62.23,見其他登記事項,鋼筋混凝土造,104年7月27日,十二層,
RPVNMLNLLHMFFBH78CC,29,85.67,住家用,鋼筋混凝土造,76年12月11日,五層,
RPROMLNLLHMFFBH48CC,20,38.81,見其他登記事項,鋼筋混凝土造,86年1月14日,五層,
RPPPMLNLLHMFFBH38CC,3,184.02,見其他登記事項,鋼筋混凝土造,103年7月5日,七層,
RPROMLOLLHMFFBH58CC,33,71.74,住家用,鋼筋混凝土造,72年12月7日,五層,
RPROMLOLLHMFFBH58CC,33,3.59,共有部分,鋼筋混凝土造,72年12月7日,五層,
RPSOMLOLLHMFFBH68CC,20,28.00,住家用,鋼筋混凝土造,86年6月27日,七層,
RPSOMLOLLHMFFBH68CC,20,2.54,共有部分,鋼筋混凝土造,86年6月27日,七層,
RPSOMLOLLHMFFBH68CC,20,5.07,共有部分,鋼筋混凝土造,86年6月27日,七層,
RPRNMLOLLHMFFHH09CC,35,30.94,住家用,鋼筋混凝土造,70年12月31日,十二層,
RPRNMLOLLHMFFHH09CC,35,4.96,共有部份,鋼筋混凝土造,70年12月31日,十二層,
RPTNMLOLLHMFFCH78CC,20,219.63,住家用,鋼筋混凝土造,86年1月30日,四層,
RPTNMLOLLHMFFCH78CC,20,.05,見其他登記事項,鋼筋混凝土造,86年6月26日,十五層,
RPTNMLOLLHMFFCH78CC,20,6.53,見其他登記事項,鋼筋混凝土造,86年1月30日,十四層,
RPTNMLOLLHMFFCH78CC,20,18.33,共有部份,鋼筋混凝土造,86年1月30日,四層,
RPTNMLOLLHMFFCH78CC,20,.10,共有部份,鋼筋混凝土造,86年1月30日,一層,
RPTNMLOLLHMFFCH78CC,20,.61,共有部份,鋼筋混凝土造,86年1月30日,十八層,
RPUNMLOLLHMFFCH88CC,20,374.29,商業用,鋼筋混凝土造,86年6月26日,三層,
RPUNMLOLLHMFFCH88CC,20,34.41,共有部份,鋼筋混凝土造,86年6月26日,四層,
RPUNMLOLLHMFFCH88CC,20,1.34,見其他登記事項,鋼筋混凝土造,86年6月26日,十八層,
RPUNMLOLLHMFFCH88CC,20,.20,共有部份,鋼筋混凝土造,86年6月26日,一層,
RPUNMLOLLHMFFCH88CC,20,.05,共有部份,鋼筋混凝土造,86年1月30日,十八層,
RPUNMLOLLHMFFCH88CC,20,.00,共有部份,鋼筋混凝土造,86年1月30日,一層,
RPUNMLOLLHMFFCH88CC,20,.05,見其他登記事項,鋼筋混凝土造,86年1月30日,十四層,
RPUNMLOLLHMFFCH88CC,20,12.73,見其他登記事項,鋼筋混凝土造,86年6月26日,十五層,
RPSNMLOLLHMFFGH09CC,22,62.39,住家用,鋼筋混凝土造,84年2月21日,十六層,
RPSNMLOLLHMFFGH09CC,22,5.87,共有部份,鋼筋混凝土造,84年2月21日,十六層,
RPSNMLOLLHMFFGH09CC,22,.84,共有部份,鋼筋混凝土造,84年2月21日,十六層,
RPUNMLOLLHMFFFH56CC,3,144.59,住家用,鋼筋混凝土造,103年5月26日,十三層,
RPXNMLOLLHMFFAH09DC,21,39.61,住家用,鋼筋混凝土造,84年12月14日,七層,
RPSOMLOLLHMFFAH58CC,22,25.94,見其他登記事項,鋼筋混凝土造,84年4月14日,十七層,
RPSOMLOLLHMFFAH58CC,22,1.34,共有部份,鋼筋混凝土造,84年4月14日,十七層,
RPSOMLOLLHMFFAH58CC,22,4.71,共有部份,鋼筋混凝土造,84年4月14日,十七層,
RPRNMLOLLHMFFFH09EC,43,226.19,住商用,加強磚造,62年11月30日,二層,
RPSOMLOLLHMFFFH09CC,10,73.04,住家用,鋼筋混凝土造,96年8月15日,十五層,
RPSOMLOLLHMFFFH09CC,10,42.34,共有部分,鋼筋混凝土造,96年8月15日,十五層,
RPSOMLOLLHMFFFH09CC,10,12.99,共有部分,鋼筋混凝土造,96年8月15日,十五層,
RPTOMLOLLHMFFFH56CC,35,99.87,住家用,鋼筋混凝土造,70年11月13日,五層,
RPVOMLOLLHMFFFH76CC,38,74.35,住家用,鋼筋混凝土造,67年10月21日,四層,
RPVNMLRLLHMFFCH66CC,37,87.22,住家用,加強磚造,69年5月16日,二層,
RPRNMLRLLHMFFEH09CC,10,85.39,住家用,鋼筋混凝土造,95年11月5日,十二層,
RPRNMLRLLHMFFEH09CC,10,57.71,共有部份,鋼筋混凝土造,95年11月5日,十二層,
RPUNMLRLLHMFFEH76CC,29,302.48,見其他登記事項,加強磚造,77年3月30日,二層,
RPSNMLRLLHMFFEH56CC,12,116.05,見其他登記事項,鋼筋混凝土造,94年3月25日,十三層,
RPSNMLRLLHMFFEH56CC,12,39.41,見其他登記事項,鋼筋混凝土造,94年3月25日,十三層,
RPSNMLRLLHMFFEH56CC,12,.90,見其他登記事項,鋼筋混凝土造,94年3月25日,十三層,
RPSNMLRLLHMFFEH56CC,12,37.51,共有部份,鋼筋混凝土造,94年3月25日,十四層,
RPSNMLRLLHMFFEH56CC,12,16.60,共有部份,鋼筋混凝土造,94年3月25日,十四層,
RPSNMLOLLHMFFAH48CC,22,79.20,住家用,鋼筋混凝土造,84年1月20日,十六層,
RPSNMLOLLHMFFAH48CC,22,12.77,共有部份,鋼筋混凝土造,84年1月20日,十六層,
RPSNMLOLLHMFFAH48CC,22,17.56,共有部份,鋼筋混凝土造,84年1月20日,十六層,
RPSNMLRLLHMFFFH66CC,4,86.95,住家用,鋼筋混凝土造,102年7月20日,十二層,
RPSNMLRLLHMFFFH66CC,4,54.23,見其他登記事項,鋼筋混凝土造,102年7月20日,十三層,
RPSNMLRLLHMFFFH66CC,4,18.58,見其他登記事項,鋼筋混凝土造,102年7月20日,十二層,
RPTNMLOLLHMFFDH98DC,2,210.52,見其他登記事項,鋼筋混凝土造,104年8月7日,四層,
RPTOMLRLLHMFFAH98CC,30,113.00,住家用,鋼筋混凝土造,76年3月28日,五層,
RPVPMLRLLHMFFBH76CC,1,33.45,見其他登記事項,鋼筋混凝土造,105年5月20日,十一層,
RPVPMLRLLHMFFBH76CC,1,2.17,見其他登記事項,鋼筋混凝土造,105年5月20日,十二層,
RPVPMLRLLHMFFBH76CC,1,6.59,見其他登記事項,鋼筋混凝土造,105年5月20日,十二層,
RPQOMLTLLHMFFEH76DC,24,182.58,住家用,鋼筋混凝土造,82年7月3日,四層,
RPVOMLTLLHMFFEH27DC,8,89.52,住家用,鋼筋混凝土造,97年10月2日,十層,
RPVOMLTLLHMFFEH27DC,8,17.21,共有部份,鋼筋混凝土造,97年10月2日,十層,
RPVOMLTLLHMFFEH27DC,8,8.58,共有部份,鋼筋混凝土造,97年10月2日,十層,
RPVOMLTLLHMFFEH27DC,8,12.36,共有部份,鋼筋混凝土造,97年10月2日,十層,
RPVOMLTLLHMFFEH27DC,8,.02,見其他登記事項,鋼筋混凝土造,97年10月2日,十層,
RPVOMLTLLHMFFEH27DC,8,30.78,共有部份,鋼筋混凝土造,97年10月2日,十層,
RPPQMLTLLHMFFEH86DC,7,159.66,見其他登記事項,鋼筋混凝土造,99年7月28日,九層,
RPTNMLRLLHMFFFH76CC,3,95.93,住家用,鋼筋混凝土造,102年10月8日,十四層,
RPTNMLRLLHMFFFH76CC,3,18.49,見其他登記事項,鋼筋混凝土造,102年10月8日,十四層,
RPTNMLRLLHMFFFH76CC,3,60.24,見其他登記事項,鋼筋混凝土造,102年10月8日,十四層,
RPRSMLTLLHMFFBH96DC,12,40.19,商業用,鋼筋混凝土造,94年8月24日,十二層,
RPRSMLTLLHMFFBH96DC,12,40.19,商業用,鋼筋混凝土造,94年8月24日,十二層,
RPVQMLTLLHMFFBH17DC,8,94.94,住家用,鋼筋混凝土造,98年6月29日,二十一層,
RPRNMLOLLHMFFAH38CC,22,113.33,住家用,鋼筋混凝土造,84年5月6日,七層,
RPRNMLOLLHMFFAH38CC,22,.12,共有部份,鋼筋混凝土造,84年5月6日,七層,
RPRNMLOLLHMFFAH38CC,22,7.88,共有部份,鋼筋混凝土造,84年5月6日,七層,
RPSNMLTLLHMFFAH98CC,11,153.10,住商用,鋼筋混凝土造,95年5月29日,十二層,
RPUNMLTLLHMFFAH56CC,3,151.26,住家用,鋼筋混凝土造,102年9月25日,十四層,
RPROMLTLLHMFFBH09CC,17,199.83,見其他登記事項,鋼筋混凝土造,88年11月30日,五層,
RPUOMLTLLHMFFBH76CC,18,60.22,住家用,鋼筋混凝土造,88年5月28日,十四層,
RPUOMLTLLHMFFBH76CC,18,9.38,共有部分,鋼筋混凝土造,88年5月28日,十四層,
RPUOMLTLLHMFFBH76CC,18,8.15,共有部分,鋼筋混凝土造,88年5月28日,十四層,
RPQOMLTLLHMFFBH98CC,25,97.79,住家用,鋼筋混凝土造,81年7月22日,五層,
RPQOMLTLLHMFFBH98CC,25,4.50,共有部分,鋼筋混凝土造,81年7月22日,五層,
RPTOMLTLLHMFFBH66CC,23,82.44,住家用,鋼筋混凝土造,83年5月7日,六層,
RPTOMLTLLHMFFBH66CC,23,27.05,共有部分,鋼筋混凝土造,83年5月7日,六層,
RPUPMLTLLHMFFBH86CC,25,119.97,見其他登記事項,鋼筋混凝土造,80年12月24日,十二層,
RPUPMLTLLHMFFBH86CC,25,2.74,共有部分,鋼筋混凝土造,80年12月24日,十二層,
RPUPMLTLLHMFFBH86CC,25,10.02,共有部分,鋼筋混凝土造,80年12月24日,十二層,
RPSSMLTLLHMFFBH07DC,31,96.00,住家用,鋼筋混凝土造,74年10月21日,五層,
RPPRMLKMLHMFFBH38CC,36,146.62,住商用,加強磚造,70年1月12日,二層,
RPRNMLKMLHMFFEH48CC,,23.14,住家用,鋼筋混凝土造,105年10月5日,六層,
RPWPMLKMLHMFFBH88CC,41,94.74,見其他登記事項,加強磚造,64年10月10日,二層,
RPPOMLTLLHMFFBH88CC,3,96.89,見其他登記事項,鋼筋混凝土造,103年6月28日,十三層,
RPPOMLTLLHMFFBH88CC,3,76.17,見其他登記事項,鋼筋混凝土造,103年6月28日,十五層,
RPVNMLRLLHMFFFH96CC,28,1163.61,見其他登記事項,鋼筋混凝土造,78年4月27日,二層,
RPXOMLKMLHMFFEH56CC,9,417.49,見其他登記事項,鋼筋混凝土造,97年6月20日,十二層,
RPVNMLTLLHMFFGH37DC,37,86.82,住家用,加強磚造,69年6月9日,二層,
RPSPMLLMLHMFFEH98DC,13,106.78,見其他登記事項,鋼筋混凝土造,93年3月25日,十四層,
RPSPMLLMLHMFFEH98DC,13,19.97,見其他登記事項,鋼筋混凝土造,93年3月25日,十四層,
RPQOMLLMLHMFFEH58CC,15,151.48,見其他登記事項,鋼筋混凝土造,91年1月7日,四層,
RPSNMLKMLHMFFGH88DC,39,92.00,住家用,加強磚造,67年4月20日,二層,
RPXPMLLMLHMFFBH09CC,28,17.02,住家用,鋼筋混凝土造,78年5月29日,五層,
RPXPMLLMLHMFFBH09CC,28,5.63,共有部分,鋼筋混凝土造,78年5月29日,五層,
RPOQMLLMLHMFFAH18CC,14,111.72,住家用,鋼筋混凝土造,91年10月16日,九層,
RPRNMLKMLHMFFFH58CC,2,88.30,見其他登記事項,鋼筋混凝土造,104年6月17日,二十四層,
RPRNMLKMLHMFFFH58CC,2,45.16,見其他登記事項,鋼筋混凝土造,104年6月17日,二十四層,
RPRNMLSLLHMFFFH76DC,24,145.70,住家用,鋼筋混凝土造,82年8月13日,六層,
RPVOMLQJMHMFFDH66CC,2,63.46,住家用,鋼筋混凝土造,104年5月25日,十五層,
RPVOMLQJMHMFFDH66CC,2,63.92,見其他登記事項,鋼筋混凝土造,104年5月25日,十五層,
RPROMLQJMHMFFAH58CC,22,19.13,住家用,鋼筋混凝土造,84年7月14日,十三層,
RPXOMLQJMHMFFAH56CC,3,146.64,見其他登記事項,鋼筋混凝土造,102年11月21日,十三層,
RPTQMLLMLHMFFFH56CC,5,65.32,見其他登記事項,鋼筋混凝土造,100年12月7日,十五層,
RPTQMLLMLHMFFFH56CC,5,27.21,見其他登記事項,鋼筋混凝土造,100年12月7日,十五層,
RPWQMLLMLHMFFFH86CC,5,47.60,見其他登記事項,鋼筋混凝土造,100年12月7日,十五層,
RPWQMLLMLHMFFFH86CC,5,19.83,見其他登記事項,鋼筋混凝土造,100年12月7日,十五層,
RPWVMLQJMHMFFAH17CC,22,87.02,住家用,鋼筋混凝土造,84年4月19日,十九層,
RPWVMLQJMHMFFAH17CC,22,15.30,共有部份,鋼筋混凝土造,84年4月19日,二十層,
RPWVMLQJMHMFFAH17CC,22,3.36,共有部份,鋼筋混凝土造,84年4月19日,十九層,
RPUVMLQJMHMFFAH96CC,11,85.42,住家用,鋼筋混凝土造,95年1月3日,十三層,
RPUVMLQJMHMFFAH96CC,11,11.10,共有部份,鋼筋混凝土造,95年1月3日,十三層,
RPUVMLQJMHMFFAH96CC,11,30.06,共有部份,鋼筋混凝土造,95年1月3日,十三層,
RPRNMLQJMHMFFEH98DC,8,91.58,住家用,鋼筋混凝土造,98年7月2日,十三層,
RPRNMLQJMHMFFEH98DC,8,17.63,共有部份,鋼筋混凝土造,98年7月2日,十三層,
RPRNMLQJMHMFFEH98DC,8,53.71,共有部份,鋼筋混凝土造,98年7月2日,十三層,
RPVNMLPJMHMFFBH88CC,29,80.25,住家用,鋼筋混凝土造,77年9月19日,五層,
RPPNMLPJMHMFFBH28CC,4,66.67,見其他登記事項,鋼筋混凝土造,102年5月25日,十五層,
RPPNMLPJMHMFFBH28CC,4,30.39,見其他登記事項,鋼筋混凝土造,102年5月25日,十五層,
RPSNMLQJMHMFFEH09DC,8,91.58,住家用,鋼筋混凝土造,98年7月2日,十三層,
RPSNMLQJMHMFFEH09DC,8,17.63,共有部份,鋼筋混凝土造,98年7月2日,十三層,
RPSNMLQJMHMFFEH09DC,8,53.71,共有部份,鋼筋混凝土造,98年7月2日,十三層,
RPWNMLPJMHMFFBH98CC,18,38.56,見其他登記事項,鋼筋混凝土造,88年9月17日,十五層,
RPQNMLPJMHMFFBH38CC,20,30.65,住家用,鋼筋混凝土造,86年1月7日,五層,
RPORMLQJMHMFFBH68CC,1,54.92,見其他登記事項,鋼筋混凝土造,104年12月20日,十三層,
RPVSMLQJMHMFFBH96DC,2,70.37,見其他登記事項,鋼筋混凝土造,104年8月12日,十四層,
RPTOMLQJMHMFFEH66DC,2,50.09,住家用,鋼筋混凝土造,104年8月25日,七層,
RPTOMLQJMHMFFEH66DC,2,57.11,共有部份,鋼筋混凝土造,104年8月25日,八層,
RPUSMLQJMHMFFBH86DC,24,39.70,住家用,鋼筋混凝土造,82年6月1日,七層,
RPSNMLRJMHMFFCH98DC,21,62.40,商業用,鋼筋混凝土造,85年5月11日,九層,
RPSNMLRJMHMFFCH98DC,21,14.20,共有部份,鋼筋混凝土造,85年5月11日,九層,
RPUNMLRJMHMFFEH76DC,17,61.65,住家用,鋼筋混凝土造,89年4月17日,八層,
RPUNMLRJMHMFFEH76DC,17,7.64,共有部份,鋼筋混凝土造,89年4月17日,九層,
RPUNMLRJMHMFFEH76DC,17,9.31,共有部份,鋼筋混凝土造,89年4月17日,八層,
RPQNMLRJMHMFFEH88CC,15,60.64,共有部份,鋼筋混凝土造,91年5月23日,十七層,
RPOPMLRJMHMFFEH88CC,2,46.12,見其他登記事項,鋼筋混凝土造,104年4月25日,四層,
RPTOMLRJMHMFFFH96EC,2,97.42,住家用,鋼筋混凝土造,103年11月1日,十三層,
RPTOMLRJMHMFFFH96EC,2,5.01,見其他登記事項,鋼筋混凝土造,103年11月1日,十三層,
RPTOMLRJMHMFFFH96EC,2,42.51,見其他登記事項,鋼筋混凝土造,103年11月1日,十三層,
RPTOMLRJMHMFFFH96EC,2,24.25,見其他登記事項,鋼筋混凝土造,103年11月1日,十三層,
RPXNMLKKMHMFFAH58CC,26,646.27,見其他登記事項,鋼筋混凝土造,80年4月27日,十八層,
RPSVMLQJMHMFFAH76CC,20,74.31,住家用,鋼筋混凝土造,86年9月1日,十七層,
RPSVMLQJMHMFFAH76CC,20,5.89,共有部份,鋼筋混凝土造,86年9月1日,十七層,
RPSVMLQJMHMFFAH76CC,20,13.82,共有部份,鋼筋混凝土造,86年9月1日,十七層,
RPXQMLKKMHMFFBH98CC,37,139.83,住商用,加強磚造,69年6月3日,二層,
RPXUMLQJMHMFFAH17CC,22,68.42,住家用,鋼筋混凝土造,84年5月20日,十二層,
RPXUMLQJMHMFFAH17CC,22,12.15,共有部份,鋼筋混凝土造,84年5月20日,十二層,
RPXUMLQJMHMFFAH17CC,22,6.77,共有部份,鋼筋混凝土造,84年5月20日,十三層,
RPXUMLQJMHMFFAH17CC,22,16.99,共有部份,鋼筋混凝土造,84年5月20日,十三層,
RPPNMLLKMHMFFHH78EC,1,127.98,見其他登記事項,鋼筋混凝土造,104年8月14日,二十三層,
RPPNMLLKMHMFFHH78EC,1,12.48,見其他登記事項,鋼筋混凝土造,104年8月14日,二十三層,
RPPNMLLKMHMFFHH78EC,1,36.89,見其他登記事項,鋼筋混凝土造,104年8月14日,二十三層,
RPPNMLLKMHMFFHH78EC,1,23.80,見其他登記事項,鋼筋混凝土造,104年8月14日,二十三層,
RPPNMLLKMHMFFHH78EC,1,31.09,見其他登記事項,鋼筋混凝土造,104年8月14日,二十三層,
RPPNMLLKMHMFFHH78EC,1,112.75,見其他登記事項,鋼筋混凝土造,104年8月14日,二十三層,
RPWOMLLKMHMFFBH78CC,23,82.44,住家用,鋼筋混凝土造,83年5月7日,六層,
RPWOMLLKMHMFFBH78CC,23,20.41,共有部分,鋼筋混凝土造,83年5月7日,六層,
RPPTMLLKMHMFFBH68DC,3,32.62,見其他登記事項,鋼筋混凝土造,102年12月13日,十一層,
RPOPMLLKMHMFFBH08CC,18,70.99,住家用,鋼筋混凝土造,88年5月28日,十四層,
RPOPMLLKMHMFFBH08CC,18,12.01,共有部分,鋼筋混凝土造,88年5月28日,十四層,
RPOPMLLKMHMFFBH08CC,18,10.12,共有部分,鋼筋混凝土造,88年5月28日,十四層,
RPSQMLMKMHMFFBH68CC,9,99.69,商業用,鋼筋混凝土造,97年4月28日,二十四層,
RPSQMLMKMHMFFBH68CC,9,14.97,共有部分,鋼筋混凝土造,97年4月28日,二十四層,
RPVNMLMKMHMFFDH88CC,2,108.53,住家用,鋼筋混凝土造,104年5月25日,十五層,
RPVNMLMKMHMFFDH88CC,2,84.98,見其他登記事項,鋼筋混凝土造,104年5月25日,十五層,
RPXNMLRJMHMFFAH56CC,23,138.69,住家用,鋼筋混凝土造,83年6月16日,八層,
RPPQMLRJMHMFFAH68CC,26,280.99,見其他登記事項,鋼筋混凝土造,79年12月26日,七層,
RPPQMLRJMHMFFAH68CC,26,65.91,共有部份,鋼筋混凝土造,79年12月26日,七層,
RPPNMLKKMHMFFAH97EC,5,102.93,住家用,鋼筋混凝土造,100年11月7日,十五層,
RPPNMLKKMHMFFAH97EC,5,53.71,見其他登記事項,鋼筋混凝土造,100年11月7日,十五層,
RPPNMLKKMHMFFAH97EC,5,26.39,見其他登記事項,鋼筋混凝土造,100年11月7日,十五層,
RPPNMLLKMHMFFCH28EC,1,202.20,見其他登記事項,鋼筋混凝土造,104年6月23日,四層,
RPQNMLMKMHMFFCH28CC,37,92.58,住家用,鋼筋混凝土造,69年1月20日,二層,
RPSOMLMKMHMFFEH88DC,9,89.76,住家用,鋼筋混凝土造,97年4月1日,十層,
RPSOMLMKMHMFFEH88DC,9,18.57,共有部份,鋼筋混凝土造,97年4月1日,十層,
RPSOMLMKMHMFFEH88DC,9,22.99,共有部份,鋼筋混凝土造,97年4月1日,十層,
RPSOMLMKMHMFFEH88DC,9,.02,見其他登記事項,鋼筋混凝土造,97年4月1日,十層,
RPSOMLMKMHMFFEH88DC,9,27.13,共有部份,鋼筋混凝土造,97年4月1日,十層,
RPROMLRJMHMFFAH68CC,27,244.66,見其他登記事項,鋼筋混凝土造,79年4月21日,五層,
RPTNMLMKMHMFFAH48DC,48,302.10,住商用,鋼筋混凝土造,58年6月17日,四層,
RPTNMLMKMHMFFAH48DC,48,302.10,住商用,鋼筋混凝土造,58年6月17日,四層,
RPTOMLMKMHMFFAH48CC,9,112.20,住家用,鋼筋混凝土造,97年4月24日,十二層,
RPQNMLMKMHMFFFH68DC,44,76.93,住家用,加強磚造,62年8月1日,二層,
RPXNMLMKMHMFFAH78CC,21,151.66,住家用,鋼筋混凝土造,84年12月15日,十七層,
RPRPMLMKMHMFFAH48DC,5,103.40,見其他登記事項,鋼筋混凝土造,101年6月18日,十層,
RPXNMLNKMHMFFAH88CC,2,62.58,住家用,鋼筋混凝土造,103年10月31日,十層,
RPXNMLNKMHMFFAH88CC,2,65.01,見其他登記事項,鋼筋混凝土造,103年10月31日,十層,
RPTPMLMKMHMFFFH56DC,22,80.26,住家用,鋼筋混凝土造,84年1月19日,十三層,
RPTPMLMKMHMFFFH56DC,22,10.02,住家用,鋼筋混凝土造,84年1月19日,十三層,
RPTPMLMKMHMFFFH56DC,22,1.14,住家用,鋼筋混凝土造,84年1月19日,十三層,
RPTPMLMKMHMFFFH56DC,22,3.69,共有部分,鋼筋混凝土造,84年1月19日,十三層,
RPXPMLMKMHMFFFH96DC,22,75.04,住家用,鋼筋混凝土造,84年8月21日,五層,
RPTPMLMKMHMFFFH56DC,22,18.09,共有部分,鋼筋混凝土造,84年1月19日,十三層,
RPXPMLMKMHMFFFH96DC,22,35.12,住家用,鋼筋混凝土造,84年8月21日,五層,
RPXPMLMKMHMFFFH96DC,22,7.00,住家用,鋼筋混凝土造,84年8月21日,五層,
RPXPMLMKMHMFFFH96DC,22,7.27,住家用,鋼筋混凝土造,84年8月21日,五層,
RPXPMLMKMHMFFFH96DC,22,10.10,共有部分,鋼筋混凝土造,84年8月21日,五層,
RPRNMLOKMHMFFBH48CC,8,27.54,見其他登記事項,鋼筋混凝土造,97年11月6日,四層,
RPVNMLMKMHMFFAH68DC,14,55.66,住家用,鋼筋混凝土造,92年4月14日,十二層,
RPVNMLMKMHMFFAH68DC,14,3.14,住家用,鋼筋混凝土造,92年4月14日,十二層,
RPVNMLMKMHMFFAH68DC,14,43.98,共有部份,鋼筋混凝土造,92年4月14日,十二層,
RPVNMLMKMHMFFAH68DC,14,11.64,共有部份,鋼筋混凝土造,92年4月14日,十二層,
RPWNMLOKMHMFFDH56CC,3,85.84,住家用,鋼筋混凝土造,102年11月15日,十二層,
RPWNMLOKMHMFFDH56CC,3,76.94,共有部份,鋼筋混凝土造,102年11月15日,十二層,
RPVPMLMKMHMFFFH76DC,37,65.22,住家用,鋼筋混凝土造,69年9月24日,五層,
RPVPMLMKMHMFFFH76DC,37,11.96,住家用,鋼筋混凝土造,69年9月24日,五層,
RPSOMLRJMHMFFAH78CC,5,67.21,見其他登記事項,鋼筋混凝土造,101年6月18日,十層,
RPSOMLRJMHMFFAH78CC,5,13.02,見其他登記事項,鋼筋混凝土造,101年6月18日,十層,
RPSOMLRJMHMFFAH78CC,5,13.60,見其他登記事項,鋼筋混凝土造,101年6月18日,十一層,
RPSPMLRKMHMFFBH09CC,24,91.99,住家用,鋼筋混凝土造,82年3月8日,七層,
RPSPMLRKMHMFFBH09CC,24,17.85,見其他登記事項,鋼筋混凝土造,82年3月8日,七層,
RPQOMLNKMHMFFBH38CC,9,119.76,住家用,鋼筋混凝土造,97年4月6日,二十二層,
RPQOMLNKMHMFFBH38CC,9,6.49,共有部分,鋼筋混凝土造,97年4月6日,二十二層,
RPQOMLNKMHMFFBH38CC,9,7.21,共有部分,鋼筋混凝土造,97年4月6日,二十二層,
RPQOMLNKMHMFFBH38CC,9,18.27,共有部分,鋼筋混凝土造,97年4月6日,二十二層,
RPQOMLNKMHMFFBH38CC,9,1.18,共有部分,鋼筋混凝土造,97年4月6日,二十二層,
RPQOMLNKMHMFFBH38CC,9,.18,共有部分,鋼筋混凝土造,97年4月6日,二十二層,
RPQOMLNKMHMFFBH38CC,9,.71,共有部分,鋼筋混凝土造,97年4月6日,二十二層,
RPPOMLRJMHMFFAH48CC,22,226.47,見其他登記事項,鋼筋混凝土造,84年4月25日,十六層,
RPPOMLRJMHMFFAH48CC,22,79.62,共有部份,鋼筋混凝土造,84年4月25日,十六層,
RPSOMLRKMHMFFAH88CC,2,390.41,住家用,鋼筋混凝土造,104年4月30日,十五層,
RPPOMLOKMHMFFHH98CC,11,117.33,見其他登記事項,見其他登記事項,94年12月8日,一層,
RPUPMLSKMHMFFEH17DC,25,45.25,工業用,鋼筋混凝土造,80年10月8日,九層,
RPWNMLRKMHMFFEH07DC,31,60.51,住家用,加強磚造,75年6月4日,二層,
RPOSMLNKMHMFFEH88CC,11,74.79,住家用,鋼筋混凝土造,95年6月29日,十一層,
RPOSMLNKMHMFFEH88CC,11,8.40,共有部份,鋼筋混凝土造,95年6月29日,十一層,
RPOSMLNKMHMFFEH88CC,11,45.97,共有部份,鋼筋混凝土造,95年6月29日,十一層,
RPROMLOKMHMFFEH88CC,10,76.80,見其他登記事項,鋼筋混凝土造,95年11月5日,十二層,
RPPOMLRKMHMFFEH09DC,3,55.20,住家用,鋼筋混凝土造,103年3月7日,十層,
RPTRMLRKMHMFFBH76CC,5,102.01,見其他登記事項,鋼筋混凝土造,101年8月27日,十二層,
RPTRMLRKMHMFFBH76CC,5,55.14,見其他登記事項,鋼筋混凝土造,101年8月27日,十二層,
RPTRMLRKMHMFFBH76CC,5,19.35,見其他登記事項,鋼筋混凝土造,101年8月27日,十二層,
RPOOMLSKMHMFFBH68CC,18,60.46,住家用,鋼筋混凝土造,87年10月23日,十五層,
RPOOMLSKMHMFFBH68CC,18,14.98,共有部分,鋼筋混凝土造,87年10月23日,十五層,
RPOOMLSKMHMFFBH68CC,18,14.78,共有部分,鋼筋混凝土造,87年10月23日,十五層,
RPPOMLSKMHMFFBH78CC,12,38.29,住家用,鋼筋混凝土造,94年3月1日,十四層,
RPPOMLSKMHMFFBH78CC,12,5.47,共有部分,鋼筋混凝土造,94年3月1日,十四層,
RPPOMLSKMHMFFBH78CC,17,7.57,住家用,鋼筋混凝土造,89年8月1日,十二層,
RPPOMLSKMHMFFBH78CC,12,.17,共有部分,鋼筋混凝土造,94年3月1日,十四層,
RPWNMLSKMHMFFBH76CC,18,55.79,見其他登記事項,鋼筋混凝土造,88年9月9日,八層,
RPWNMLSKMHMFFBH76CC,18,27.42,共有部分,鋼筋混凝土造,88年9月9日,八層,
RPOPMLSKMHMFFBH78CC,6,55.64,見其他登記事項,鋼筋混凝土造,100年9月5日,十四層,
RPOPMLSKMHMFFBH78CC,6,18.51,見其他登記事項,鋼筋混凝土造,100年9月5日,十四層,
RPOPMLSKMHMFFBH78CC,6,11.46,見其他登記事項,鋼筋混凝土造,100年9月5日,十五層,
RPPOMLRKMHMFFGH56CC,22,62.71,住家用,鋼筋混凝土造,84年6月13日,七層,
RPPOMLRKMHMFFGH56CC,22,14.17,共有部份,鋼筋混凝土造,84年6月13日,七層,
RPPOMLRKMHMFFGH56CC,22,3.32,共有部份,鋼筋混凝土造,84年6月13日,七層,
RPXNMLTKMHMFFEH27CC,7,210.87,見其他登記事項,鋼筋混凝土造,99年6月10日,十四層,
RPWNMLSKMHMFFHH47DC,36,70.56,住家用,鋼筋混凝土造,69年12月20日,五層,
RPWNMLSKMHMFFHH47DC,36,166.37,共有部份,鋼筋混凝土造,70年6月20日,五層,
RPQOMLSKMHMFFFH66CC,39,93.15,住家用,加強磚造,67年4月18日,二層,
RPROMLSKMHMFFGH96DC,3,72.07,見其他登記事項,鋼筋混凝土造,103年10月2日,十五層,
RPROMLSKMHMFFGH96DC,3,9.45,見其他登記事項,鋼筋混凝土造,103年10月2日,十四層,
RPPOMLTKMHMFFEH56CC,20,590.00,見其他登記事項,鋼筋混凝土造,85年9月12日,八層,
RPUPMLTKMHMFFBH86CC,8,48.25,住家用,鋼筋混凝土造,98年7月3日,十五層,
RPUPMLTKMHMFFBH86CC,8,18.60,共有部分,鋼筋混凝土造,98年7月3日,十五層,
RPOPMLSKMHMFFDH98CC,2,85.96,住家用,鋼筋混凝土造,104年5月25日,十五層,
RPOPMLSKMHMFFDH98CC,2,74.52,見其他登記事項,鋼筋混凝土造,104年5月25日,十五層,
RPXNMLSKMHMFFBH86CC,3,256.22,見其他登記事項,鋼筋混凝土造,102年10月14日,四層,
RPROMLTKMHMFFAH98CC,31,158.98,住商用,鋼筋混凝土造,75年5月17日,二層,
RPROMLTKMHMFFCH56CC,20,154.24,見其他登記事項,鋼筋混凝土造,85年11月18日,三層,
RPVPMLTKMHMFFBH96CC,43,115.43,見其他登記事項,加強磚造,63年8月6日,一層,
RPUNMLLLMHMFFFH56EC,17,99.33,住家用,鋼筋混凝土造,88年11月25日,十三層,
RPWNMLTKMHMFFGH37CC,4,182.54,見其他登記事項,鋼筋混凝土造,102年6月24日,四層,
RPUNMLLLMHMFFFH56EC,17,18.95,共有部份,鋼筋混凝土造,88年11月25日,十三層,
RPWNMLTKMHMFFGH37CC,4,6.91,見其他登記事項,鋼筋混凝土造,102年6月24日,四層,
RPUNMLLLMHMFFFH56EC,17,24.86,共有部份,鋼筋混凝土造,88年11月25日,十三層,
RPWNMLTKMHMFFGH37CC,4,13.54,見其他登記事項,鋼筋混凝土造,102年6月24日,十層,
RPWNMLTKMHMFFGH37CC,4,1.64,見其他登記事項,鋼筋混凝土造,102年6月24日,十層,
RPSPMLLLMHMFFEH98DC,3,57.93,住家用,鋼筋混凝土造,103年3月7日,十層,
RPVOMLKLMHMFFBH68CC,7,31.09,住家用,鋼筋混凝土造,99年5月22日,二十三層,
RPVOMLKLMHMFFBH68CC,7,11.00,見其他登記事項,鋼筋混凝土造,99年5月22日,二十三層,
RPVOMLKLMHMFFBH68CC,7,4.84,見其他登記事項,鋼筋混凝土造,99年5月22日,二十三層,
RPPOMLKLMHMFFBH08CC,16,73.85,住家用,鋼筋混凝土造,90年8月29日,五層,
RPPOMLKLMHMFFBH08CC,16,15.69,共有部分,鋼筋混凝土造,90年8月29日,五層,
RPTQMLLLMHMFFBH88DC,5,134.00,見其他登記事項,鋼筋混凝土造,100年11月9日,十四層,
RPPPMLLLMHMFFFH78DC,1,131.15,見其他登記事項,鋼筋混凝土造,105年6月22日,十五層,
RPWPMLLLMHMFFBH98CC,43,27.16,住家用,加強磚造,63年8月7日,二層,
RPQPMLLLMHMFFFH78CC,37,79.70,住家用,鋼筋混凝土造,69年5月27日,四層,
RPRNMLLLMHMFFFH78DC,3,154.20,住家用,鋼筋混凝土造,103年8月19日,十五層,
RPRPMLLLMHMFFEH78CC,2,72.84,見其他登記事項,鋼筋混凝土造,104年7月13日,十七層,
RPRPMLLLMHMFFEH78CC,2,10.87,共有部份,鋼筋混凝土造,104年7月13日,十八層,
RPRPMLLLMHMFFEH78CC,2,23.70,共有部份,鋼筋混凝土造,104年7月13日,十八層,
RPPPMLLLMHMFFBH28CC,15,35.91,住家用,鋼筋混凝土造,90年10月26日,二十一層,
RPPPMLLLMHMFFBH28CC,15,1.38,共有部分,鋼筋混凝土造,90年10月26日,二十一層,
RPPPMLLLMHMFFBH28CC,15,8.45,共有部分,鋼筋混凝土造,90年10月26日,二十一層,
RPPPMLLLMHMFFBH28CC,15,.84,共有部分,鋼筋混凝土造,90年10月26日,二十一層,
RPPPMLLLMHMFFBH28CC,15,.26,共有部分,鋼筋混凝土造,90年10月26日,二十一層,
RPRPMLLLMHMFFBH48CC,1,64.06,見其他登記事項,鋼筋混凝土造,105年8月24日,十五層,
RPRPMLLLMHMFFBH48CC,1,15.53,見其他登記事項,鋼筋混凝土造,105年8月24日,十五層,
RPRPMLLLMHMFFBH48CC,1,56.43,見其他登記事項,鋼筋混凝土造,105年8月24日,十五層,
RPQPMLLLMHMFFBH38CC,15,35.91,住家用,鋼筋混凝土造,90年10月26日,二十一層,
RPQPMLLLMHMFFBH38CC,15,1.38,共有部分,鋼筋混凝土造,90年10月26日,二十一層,
RPQPMLLLMHMFFBH38CC,15,8.45,共有部分,鋼筋混凝土造,90年10月26日,二十一層,
RPQPMLLLMHMFFBH38CC,15,.84,共有部分,鋼筋混凝土造,90年10月26日,二十一層,
RPQPMLLLMHMFFBH38CC,15,.26,共有部分,鋼筋混凝土造,90年10月26日,二十一層,
RPWNMLLLMHMFFCH98DC,1,242.66,見其他登記事項,鋼筋混凝土造,105年6月15日,十二層,
RPUOMLOLMHMFFFH76CC,3,69.83,住家用,鋼筋混凝土造,103年8月11日,十五層,
RPUOMLOLMHMFFFH76CC,3,63.00,見其他登記事項,鋼筋混凝土造,103年8月11日,十五層,
RPOOMLOLMHMFFEH78DC,9,121.80,住家用,鋼筋混凝土造,97年4月1日,十層,
RPOOMLOLMHMFFEH78DC,9,19.37,共有部份,鋼筋混凝土造,97年4月1日,十層,
RPOOMLOLMHMFFEH78DC,9,31.15,共有部份,鋼筋混凝土造,97年4月1日,十層,
RPOOMLOLMHMFFEH78DC,9,.02,見其他登記事項,鋼筋混凝土造,97年4月1日,十層,
RPOOMLOLMHMFFEH78DC,9,27.13,共有部份,鋼筋混凝土造,97年4月1日,十層,
RPVOMLOLMHMFFFH86CC,43,44.29,住家用,磚造,63年6月30日,一層,
RPUOMLKLMHMFFBH58CC,4,94.73,見其他登記事項,鋼筋混凝土造,102年1月15日,十三層,
RPUOMLKLMHMFFBH58CC,4,.08,見其他登記事項,鋼筋混凝土造,102年1月15日,十三層,
RPUOMLKLMHMFFBH58CC,4,17.21,見其他登記事項,鋼筋混凝土造,102年1月15日,十三層,
RPUOMLKLMHMFFBH58CC,4,54.79,見其他登記事項,鋼筋混凝土造,102年1月15日,十三層,
RPTSMLOLMHMFFBH66CC,25,26.88,住家用,鋼筋混凝土造,81年3月10日,七層,
RPTSMLOLMHMFFBH66CC,25,5.86,共有部分,鋼筋混凝土造,81年3月10日,七層,
RPURMLOLMHMFFBH76DC,11,262.66,見其他登記事項,鋼筋混凝土造,95年7月13日,四層,
RPURMLOLMHMFFBH76DC,11,91.88,共有部分,鋼筋混凝土造,95年7月13日,四層,
RPWRMLOLMHMFFBH86CC,43,111.00,住家用,加強磚造,63年4月20日,二層,
RPWRMLOLMHMFFBH86CC,43,86.10,住家用,加強磚造,63年4月20日,二層,
RPXOMLPLMHMFFBH86DC,10,114.56,住家用,鋼筋混凝土造,96年4月30日,十四層,
RPXOMLPLMHMFFBH86DC,10,19.03,共有部分,鋼筋混凝土造,96年4月30日,十四層,
RPXOMLPLMHMFFBH86DC,10,5.90,共有部分,鋼筋混凝土造,96年4月30日,十四層,
RPXOMLPLMHMFFBH86DC,10,22.16,共有部分,鋼筋混凝土造,96年4月30日,十四層,
RPRPMLPLMHMFFBH88CC,6,84.74,住家用,鋼筋混凝土造,100年7月11日,十二層,
RPRPMLPLMHMFFBH88CC,6,27.62,見其他登記事項,鋼筋混凝土造,100年7月11日,十二層,
RPVNMLPLMHMFFEH76CC,22,88.71,住家用,鋼筋混凝土造,84年9月25日,二十層,
RPVNMLPLMHMFFEH76CC,22,10.08,共有部份,鋼筋混凝土造,84年9月25日,二十層,
RPVNMLPLMHMFFEH76CC,22,35.84,共有部份,鋼筋混凝土造,84年9月25日,二十層,
RPVNMLPLMHMFFEH76CC,22,13.95,共有部份,鋼筋混凝土造,84年9月25日,二十層,
RPTOMLPLMHMFFEH66CC,13,3776.78,見其他登記事項,見其他登記事項,93年9月1日,二層,
RPSOMLPLMHMFFFH76DC,2,165.52,住家用,鋼筋混凝土造,104年1月23日,十五層,
RPTNMLPLMHMFFHH86CC,43,144.30,見使用執照,加強磚造,63年8月7日,二層,
RPTOMLOLMHMFFFH76DC,2,165.34,住家用,鋼筋混凝土造,104年6月9日,十五層,
RPUNMLPLMHMFFHH96CC,47,130.66,住家用,加強磚造,58年11月30日,二層,
RPUNMLPLMHMFFHH96CC,45,57.82,住家用,加強磚造,61年1月15日,三層,
RPQNMLQLMHMFFEH98CC,5,93.42,見其他登記事項,鋼筋混凝土造,101年9月18日,十四層,
RPQNMLQLMHMFFEH98CC,5,4.49,共有部份,鋼筋混凝土造,101年9月18日,十四層,
RPQNMLQLMHMFFEH98CC,5,13.14,共有部份,鋼筋混凝土造,101年9月18日,十四層,
RPRNMLQLMHMFFFH56CC,2,56.91,見其他登記事項,鋼筋混凝土造,104年6月17日,二十四層,
RPRNMLQLMHMFFFH56CC,2,26.04,見其他登記事項,鋼筋混凝土造,104年6月17日,二十四層,
RPXNMLQLMHMFFFH17CC,32,90.61,住家用,鋼筋混凝土加強磚造,74年3月12日,三層,
RPOOMLPLMHMFFGH98CC,3,66.55,住家用,鋼筋混凝土造,102年11月1日,十層,
RPOOMLPLMHMFFGH98CC,3,29.67,見其他登記事項,鋼筋混凝土造,102年11月1日,十層,
RPROMLQLMHMFFBH88CC,24,106.26,住商用,鋼筋混凝土造,82年9月18日,十二層,
RPROMLQLMHMFFBH88CC,24,96.88,住家用,鋼筋混凝土造,82年9月18日,十二層,
RPPNMLQLMHMFFBH58CC,38,90.21,住家用,鋼筋混凝土造,68年10月3日,四層,
RPWNMLQLMHMFFFH27EC,9,306.50,見其他登記事項,鋼筋混凝土造,96年12月15日,二層,
RPPNMLQLMHMFFFH09DC,17,87.12,住家用,鋼筋混凝土造,88年11月25日,十三層,
RPPNMLQLMHMFFFH09DC,17,10.22,住家用,鋼筋混凝土造,88年11月25日,十三層,
RPPNMLQLMHMFFFH09DC,17,21.55,共有部分,鋼筋混凝土造,88年11月25日,十三層,
RPPNMLQLMHMFFFH09DC,17,24.86,共有部分,鋼筋混凝土造,88年11月25日,十三層,
RPROMLQLMHMFFAH78CC,3,65.75,住家用,鋼筋混凝土造,103年2月27日,十四層,
RPROMLQLMHMFFAH78CC,3,16.51,見其他登記事項,鋼筋混凝土造,103年2月27日,十五層,
RPROMLQLMHMFFAH78CC,3,4.99,見其他登記事項,鋼筋混凝土造,103年6月10日,五層,
RPWNMLQLMHMFFAH56CC,23,67.19,住家用,鋼筋混凝土造,82年12月30日,六層,
RPWNMLQLMHMFFAH56CC,23,31.58,共有部份,鋼筋混凝土造,82年12月30日,六層,
RPSOMLQLMHMFFAH98DC,4,78.45,住家用,鋼筋混凝土造,101年10月19日,十二層,
RPSOMLQLMHMFFAH98DC,4,7.01,住家用,鋼筋混凝土造,101年10月19日,十二層,
RPSOMLQLMHMFFAH98DC,4,4.46,住家用,鋼筋混凝土造,101年10月19日,十二層,
RPSOMLQLMHMFFAH98DC,4,24.33,見其他登記事項,鋼筋混凝土造,101年10月19日,十三層,
RPSOMLQLMHMFFAH98DC,4,48.64,見其他登記事項,鋼筋混凝土造,101年10月19日,十三層,
RPQNMLRLMHMFFFH66DC,21,494.79,工業用,鋼筋混凝土造,85年5月27日,三層,
RPPOMLRLMHMFFBH78CC,22,65.50,見其他登記事項,鋼筋混凝土造,84年7月28日,十二層,
RPPOMLRLMHMFFBH78CC,22,22.42,共有部分,鋼筋混凝土造,84年7月28日,十二層,
RPPOMLRLMHMFFBH78CC,22,25.82,共有部分,鋼筋混凝土造,84年7月28日,十二層,
RPQOMLPLMHMFFAH58CC,13,85.97,住家用,鋼筋混凝土造,92年10月31日,十四層,
RPVNMLRLMHMFFEH96CC,10,377.54,見其他登記事項,鋼筋混凝土造,95年11月20日,五層,
RPPOMLQLMHMFFAH58CC,12,250.38,見其他登記事項,鋼筋混凝土造,94年4月6日,五層,
RPXPMLPLMHMFFAH76CC,10,113.32,住家用,鋼筋混凝土造,96年7月26日,七層,
RPTOMLQLMHMFFAH09DC,5,80.61,住家用,鋼筋混凝土造,101年7月15日,十五層,
RPTOMLQLMHMFFAH09DC,5,5.39,住家用,鋼筋混凝土造,101年7月15日,十五層,
RPTOMLQLMHMFFAH09DC,5,2.26,住家用,鋼筋混凝土造,101年7月15日,十五層,
RPTOMLQLMHMFFAH09DC,5,68.66,見其他登記事項,鋼筋混凝土造,101年7月15日,十五層,
RPPNMLRLMHMFFHH66CC,24,191.89,見其他登記事項,鋼筋混凝土造,82年1月12日,十一層,
RPPNMLRLMHMFFHH66CC,24,81.35,共有部份,鋼筋混凝土造,82年1月12日,十一層,
RPPOMLSLMHMFFEH56CC,43,3953.00,工業用,見其他登記事項,63年2月20日,一層,
RPQOMLRLMHMFFEH66DC,9,41.93,見其他登記事項,鋼筋混凝土造,97年6月20日,十二層,
RPQOMLRLMHMFFEH66DC,9,6.73,共有部份,鋼筋混凝土造,97年6月20日,十二層,
RPQOMLRLMHMFFEH66DC,9,10.34,共有部份,鋼筋混凝土造,97年6月20日,十二層,
RPSNMLSLMHMFFEH76CC,4,350.72,住家用,鋼筋混凝土造,102年7月1日,二十六層,
RPSNMLSLMHMFFEH76CC,4,71.92,共有部份,鋼筋混凝土造,102年7月1日,二十六層,
RPSNMLSLMHMFFEH76CC,4,2.69,共有部份,鋼筋混凝土造,102年7月1日,二十六層,
RPSNMLSLMHMFFEH76CC,4,135.38,共有部份,鋼筋混凝土造,102年7月1日,二十六層,
RPSNMLSLMHMFFEH76CC,4,1.82,共有部份,鋼筋混凝土造,102年7月1日,二十六層,
RPSNMLSLMHMFFEH76CC,4,.03,共有部份,鋼筋混凝土造,102年7月1日,二十六層,
RPTNMLSLMHMFFEH86CC,9,289.54,見其他登記事項,鋼筋混凝土造,97年1月29日,五層,
RPTNMLSLMHMFFEH86CC,9,32.68,共有部份,鋼筋混凝土造,97年1月29日,五層,
RPTNMLSLMHMFFEH86CC,9,7.73,共有部份,鋼筋混凝土造,97年1月29日,五層,
RPQPMLSLMHMFFEH76CC,5,133.48,見其他登記事項,鋼筋混凝土造,101年9月18日,十四層,
RPQPMLSLMHMFFEH76CC,5,82.37,共有部份,鋼筋混凝土造,101年9月18日,十四層,
RPQPMLSLMHMFFEH76CC,5,20.45,共有部份,鋼筋混凝土造,101年9月18日,十四層,
RPUOMLSLMHMFFEH07CC,21,125.06,見其他登記事項,鋼筋混凝土造,85年4月9日,十三層,
RPRNMLSLMHMFFBH98CC,26,128.94,住家用,鋼筋混凝土造,79年11月27日,十五層,
RPRNMLSLMHMFFBH98CC,26,11.35,共有部分,鋼筋混凝土造,79年11月27日,十五層,
RPRNMLSLMHMFFBH98CC,26,12.44,共有部分,鋼筋混凝土造,79年11月27日,十五層,
RPVNMLSLMHMFFBH76CC,6,193.72,見其他登記事項,鋼筋混凝土造,100年4月29日,四層,
RPTOMLSLMHMFFAH56CC,30,131.00,住家用,鋼筋混凝土造,76年3月12日,二層,
RPTPMLSLMHMFFAH66CC,3,199.48,見其他登記事項,鋼筋混凝土造,102年11月21日,十三層,
RPRPMLSLMHMFFAH09CC,14,46.68,住家用,鋼筋混凝土造,92年7月28日,十四層,
RPRPMLSLMHMFFAH09CC,14,6.71,共有部份,鋼筋混凝土造,92年7月28日,十四層,
RPRPMLSLMHMFFAH09CC,14,10.02,共有部份,鋼筋混凝土造,92年7月28日,十四層,
RPUNMLSLMHMFFBH66CC,13,43.02,住家用,鋼筋混凝土造,93年7月13日,五層,
RPROMLRLMHMFFBH98CC,32,24.41,住家用,鋼筋混凝土造,74年2月5日,五層,
RPROMLRLMHMFFBH98CC,32,1.52,共有部分,鋼筋混凝土造,74年2月5日,五層,
RPTNMLSLMHMFFBH56CC,22,96.25,住家用,鋼筋混凝土造,84年8月14日,九層,
RPTNMLSLMHMFFBH56CC,22,5.57,共有部分,鋼筋混凝土造,84年8月14日,九層,
RPQNMLSLMHMFFGH76CC,26,307.72,住家用,鋼筋混凝土造,80年1月10日,四層,
RPVQMLSLMHMFFBH07CC,2,97.19,見其他登記事項,鋼筋混凝土造,104年6月23日,十二層,
RPVQMLSLMHMFFBH07CC,2,21.70,見其他登記事項,鋼筋混凝土造,104年6月23日,十二層,
RPXPMLSLMHMFFAH07CC,14,30.33,共有部份,鋼筋混凝土造,92年7月28日,十四層,
RPVQMLSLMHMFFBH07CC,2,23.14,見其他登記事項,鋼筋混凝土造,104年6月23日,十二層,
RPOOMLSLMHMFFAH78DC,41,57.45,住家用,加強磚造,65年1月7日,二層,
RPXQMLSLMHMFFAH17CC,11,276.31,住家用,鋼筋混凝土造,95年2月21日,二十五層,
