﻿編號,屋齡,建物移轉面積平方公尺,主要用途,主要建材,建築完成日期,總層數,建物分層
The serial number,room age,building shifting area square meter,the main use,main building materials,construction completes the date,total layer,building lamination
RPPNMLLLKHMFFCP78CC,23,263.52,住家用,鋼筋混凝土造,83年1月20日,四層,
RPUNMLMJKHMFFDP66CC,55,122.74,商業用,加強磚造,51年4月30日,二層,
RPSNMLKKLHMFFDP09CC,20,202.26,住家用,鋼筋混凝土造,85年10月30日,四層,
RPQPMLLJLHMFFAP78CC,15,506.56,見其他登記事項,鋼筋混凝土造,90年11月18日,六層,
RPVNMLKKMHMFFDP86CC,15,136.57,住商用,鋼筋混凝土造,91年1月9日,四層,
RPWNMLKKMHMFFDP96CC,16,136.57,住家用,鋼筋混凝土造,90年9月19日,七層,
RPWNMLQKKHMFFAP07CC,21,242.90,住家用,鋼造,85年5月20日,三層,
