﻿編號,土地區段位置,土地移轉面積平方公尺,使用分區或編定
The serial number,land sector position,land shifting area square meter,the use zoning or compiles and checks
RPPNMLLLKHMFFBV56DA,高原段,3.00,非都市：鄉村區 ; 非都市編定：乙種建築用地
RPPNMLRJKHMFFBV86CA,富民段,702.46,非都市：風景區 ; 非都市編定：農牧用地
RPPNMLRJKHMFFBV86CA,富民段,739.96,非都市：風景區 ; 非都市編定：農牧用地
RPPNMLRJKHMFFCV07DA,福原段,70.94,都市：商
RPPNMLRJKHMFFCV07DA,福原段,38.51,都市：商
RPPNMLSJKHMFFCV17DA,崁頂段,1288.50,非都市：山坡地保育區 ; 非都市編定：農牧用地
RPPNMLQJKHMFFAV66CA,建康段,2900.00,都市：農
RPQNMLTJKHMFFCV27CA,水井段,34.10,非都市：鄉村區 ; 非都市編定：乙種建築用地
RPQNMLTJKHMFFCV27CA,水井段,79.84,非都市：鄉村區 ; 非都市編定：乙種建築用地
RPPNMLSJKHMFFAV86CA,台東段,4.27,都市：住
RPPNMLTJKHMFFBV07CA,加走灣段,464.11,非都市：風景區 ; 非都市編定：農牧用地
RPQNMLRJKHMFFBV96CA,忠勇段,149.34,都市：住
RPQNMLTJKHMFFAV17DA,台東段,2.43,都市：商
RPXNMLTJKHMFFAV77CA,台東段,6.00,都市：住
RPRNMLRJKHMFFAV96CA,東海段,105.97,都市：住
RPPNMLTJKHMFFDV37DA,正興段,164.89,都市：住
RPPOMLTJKHMFFAV07CA,台東段,65.00,都市：住
RPPNMLRJLHMFFBV96CA,忠仁段,74.48,都市：住
RPWNMLTJKHMFFAV67CA,新生段,5.46,都市：住
RPVNMLTJKHMFFAV57CA,常德段,21.20,都市：住
RPSNMLQKKHMFFAV07CA,台東段,4.27,都市：住
RPQOMLTJKHMFFAV17CA,常德段,19.84,都市：住
RPPNMLTJKHMFFAV96CA,豐谷段,72.00,都市：住
RPPNMLTJKHMFFAV96CA,豐谷段,12.00,都市：住
RPQNMLKKKHMFFAV98DA,下賓朗段,1678.71,非都市：一般農業區 ; 非都市編定：農牧用地
RPTNMLKKKHMFFAV56CA,利家段,332.00,非都市：特定農業區 ; 非都市編定：甲種建築用地
RPPNMLKKKHMFFAV78CA,台東段,51.00,都市：住
RPUNMLTJKHMFFAV57DA,豐成段,1613.46,非都市：特定農業區 ; 非都市編定：農牧用地
RPWNMLNLKHMFFAV27CA,上岩灣段,65.14,都市：住
RPQOMLKLKHMFFAV09CA,射馬干段,2353.06,非都市：特定農業區 ; 非都市編定：農牧用地
RPPNMLPKKHMFFDV96CA,秀山段,10.39,都市：住
RPPNMLPKKHMFFDV96CA,秀山段,.00,都市：住
RPPNMLOKKHMFFCV86DA,四維段,7634.23,非都市：一般農業區 ; 非都市編定：農牧用地
RPPNMLOKKHMFFCV86DA,四維段,8712.51,非都市：一般農業區 ; 非都市編定：農牧用地
RPPNMLOKKHMFFCV86DA,四維段,2294.47,非都市：一般農業區 ; 非都市編定：農牧用地
RPPNMLOKKHMFFCV86DA,四維段,12650.09,非都市：一般農業區 ; 非都市編定：農牧用地
RPPNMLOKKHMFFCV86DA,四維段,1678.74,非都市：一般農業區 ; 非都市編定：農牧用地
RPPNMLOKKHMFFCV86DA,四維段,1564.76,非都市：一般農業區 ; 非都市編定：農牧用地
RPPNMLNKKHMFFCV66CA,里段,265.33,都市：其他
RPQNMLOKKHMFFCV86CA,坪頂段,378.39,非都市：一般農業區 ; 非都市編定：農牧用地
RPQNMLQJLHMFFAV86CA,南榮段,137.57,都市：住
RPPNMLOKKHMFFAV56CA,煙草間段,199.03,非都市：特定農業區 ; 非都市編定：甲種建築用地
RPQNMLOKKHMFFBV76CA,南八里段,2678.34,非都市：風景區 ; 非都市編定：農牧用地
RPPNMLOKKHMFFBV66CA,新美山段,1541.69,非都市：風景區 ; 非都市編定：農牧用地
RPPNMLOKKHMFFBV66CA,新美山段,1200.00,非都市：風景區 ; 非都市編定：農牧用地
RPRNMLNKKHMFFAV66CA,豐航段,80.70,都市：住
RPSNMLNKKHMFFAV76CA,台東段,15.65,都市：住
RPPNMLQKKHMFFAV76CA,下賓朗段,158.20,非都市：鄉村區 ; 非都市編定：乙種建築用地
RPUNMLPKKHMFFAV17CA,台東段,93.00,都市：住
RPPNMLNJLHMFFCV76DA,福原段,28.06,都市：農
RPPNMLNJLHMFFCV76DA,福原段,77.33,都市：住
RPPNMLNJLHMFFCV76DA,福原段,36.23,都市：住
RPPNMLNJLHMFFCV76DA,福原段,82.10,都市：住
RPPNMLNJLHMFFCV76DA,福原段,34.95,都市：住
RPPNMLNJLHMFFCV76DA,福原段,4.48,都市：住
RPPNMLNJLHMFFCV76DA,福原段,226.53,都市：住
RPPNMLNJLHMFFCV76DA,福原段,31.90,都市：住
RPPNMLNJLHMFFCV76DA,福原段,78.61,都市：住
RPPNMLNJLHMFFCV76DA,福原段,19.99,都市：住
RPTNMLOKKHMFFAV96CA,東海段,100.38,都市：住
RPPNMLPKKHMFFAV66CA,東海段,100.32,都市：住
RPQNMLKLKHMFFDV66CA,蘭里段,3409.67,非都市：特定農業區 ; 非都市編定：農牧用地
RPQNMLLLKHMFFBV66DA,新港段八邊小段,18750.00,非都市：風景區 ; 非都市編定：林業用地
RPPNMLKLKHMFFDV56CA,蘭里段,226.81,非都市：鄉村區 ; 非都市編定：乙種建築用地
RPPNMLLJLHMFFAV88CA,台東段,43.64,都市：住
RPRNMLOKKHMFFAV86DA,利家段,61.00,非都市：鄉村區 ; 非都市編定：乙種建築用地
RPRNMLLJLHMFFAV09CA,新園段,116.50,非都市：特定農業區 ; 非都市編定：甲種建築用地
RPRNMLTJLHMFFAV27CA,利泰段,28.46,非都市：特定農業區 ; 非都市編定：交通用地
RPRNMLTJLHMFFAV27CA,利泰段,83.32,非都市：特定農業區 ; 非都市編定：交通用地
RPPOMLKLKHMFFAV09DA,常德段,109.61,都市：住
RPSNMLRKKHMFFAV17CA,豐田段,623.00,都市：其他
RPTNMLRKKHMFFAV27CA,普優瑪段,220.45,都市：住
RPPNMLRKKHMFFAV86CA,東海段,53.70,都市：住
RPPNMLRKKHMFFAV86CA,東海段,53.70,都市：住
RPUNMLOKKHMFFAV07CA,馬蘭段,2.25,都市：住
RPUNMLOKKHMFFAV07CA,馬蘭段,2.64,都市：住
RPPNMLQKKHMFFBV86CA,富民段,4541.08,非都市：風景區 ; 非都市編定：農牧用地
RPPNMLQKKHMFFBV86CA,富民段,2031.22,非都市：風景區 ; 非都市編定：農牧用地
RPPNMLQKKHMFFBV86CA,富民段,35.15,非都市：風景區 ; 非都市編定：農牧用地
RPRNMLRKKHMFFAV07CA,馬蘭段,38.18,都市：住
RPQNMLRKKHMFFAV96CA,東海段,112.78,都市：住
RPPNMLMLKHMFFBV66DA,都豐段,26.84,非都市：風景區 ; 非都市編定：農牧用地
RPRNMLQKKHMFFAV96CA,下賓朗段,2494.14,非都市：一般農業區 ; 非都市編定：農牧用地
RPRNMLQKKHMFFAV96CA,下賓朗段,4343.07,非都市：一般農業區 ; 非都市編定：農牧用地
RPRNMLQKKHMFFAV96CA,下賓朗段,8900.33,非都市：一般農業區 ; 非都市編定：農牧用地
RPRNMLQKKHMFFAV96CA,下賓朗段,1270.65,非都市：一般農業區 ; 非都市編定：農牧用地
RPRNMLQKKHMFFAV96CA,下賓朗段,19.54,非都市：一般農業區 ; 非都市編定：交通用地
RPVNMLPKKHMFFAV27CA,興安段,96.78,都市：住
RPQNMLRJLHMFFAV96CA,大業段,5.14,都市：住
RPQNMLRJLHMFFAV96CA,大業段,196.36,都市：住
RPQNMLKLKHMFFBV09CA,和平南段,873.37,非都市：風景區 ; 非都市編定：農牧用地
RPQNMLKLKHMFFBV09CA,和平南段,2941.31,非都市：風景區 ; 非都市編定：農牧用地
RPPNMLSKKHMFFCV17CA,龍田段,140.18,都市：住
RPPNMLSKKHMFFCV17CA,龍田段,32.93,都市：住
RPUNMLRKKHMFFAV37CA,利家段,35.43,非都市：鄉村區 ; 非都市編定：乙種建築用地
RPUNMLRKKHMFFAV37CA,利家段,31.46,非都市：鄉村區 ; 非都市編定：乙種建築用地
RPRNMLRJLHMFFAV07CA,台東段,77.00,都市：住
RPSNMLRJLHMFFAV17CA,台東段,80.00,都市：住
RPPNMLOKLHMFFCV86CA,中華段,107.63,都市：商
RPPNMLKLKHMFFAV88CA,東海段,25.04,都市：住
RPRNMLKLKHMFFAV09CA,豐年段,6.00,都市：住
RPTNMLKLKHMFFAV66CA,東海段,106.68,都市：住
RPSNMLKLKHMFFAV56CA,東海段,127.35,都市：住
RPUNMLKLKHMFFAV76CA,東海段,107.95,都市：住
RPWNMLKLKHMFFAV96CA,東海段,108.11,都市：住
RPSNMLSKKHMFFAV27CA,興安段,111.89,都市：住
RPRNMLSKKHMFFAV17CA,豐年段,6.50,都市：住
RPOOMLKLKHMFFAV88CA,新園段,1292.00,非都市：特定農業區 ; 非都市編定：農牧用地
RPRNMLKLKHMFFBV56CA,玉長段,892.99,非都市：風景區 ; 非都市編定：農牧用地
RPRNMLKLKHMFFBV56CA,玉長段,2021.66,非都市：風景區 ; 非都市編定：農牧用地
RPPNMLKLKHMFFBV98CA,富民段,7.56,非都市：風景區 ; 非都市編定：農牧用地
RPUNMLSKKHMFFAV47CA,梧州段,59.77,都市：住
RPTOMLKLKHMFFAV86DA,馬蘭段,33.83,都市：住
RPSOMLKLKHMFFAV66CA,永和段,114.72,都市：住
RPSOMLKLKHMFFAV66CA,永和段,16.61,都市：其他
RPPNMLLLKHMFFDV66CA,泰王段,65.74,都市：住
RPPNMLLLKHMFFDV66CA,泰王段,65.74,都市：住
RPPNMLLLKHMFFDV66CA,泰王段,59.64,都市：住
RPPNMLLLKHMFFDV66CA,泰王段,59.64,都市：住
RPSNMLMJLHMFFCV86CA,水井段,143.59,非都市：鄉村區 ; 非都市編定：乙種建築用地
RPSNMLMJLHMFFCV86CA,水井段,21.69,非都市：鄉村區 ; 非都市編定：乙種建築用地
RPTNMLMJLHMFFCV07DA,新源段,2676.27,非都市：一般農業區 ; 非都市編定：農牧用地
RPPNMLLLKHMFFAV98CA,中心段,49.00,都市：住
RPTNMLNLKHMFFAV96CA,東海段,100.16,都市：住
RPXNMLKLKHMFFAV07CA,台東段,209.00,都市：商
RPUNMLNLKHMFFAV07CA,東海段,99.95,都市：住
RPQNMLMJLHMFFAV09CA,中山段,99.00,都市：住
RPQNMLMJLHMFFAV09CA,中山段,18.00,都市：住
RPQNMLMLKHMFFAV56CA,新生段,12.40,都市：住
RPQNMLNJLHMFFCV86DA,福原段,28.06,都市：農
RPQNMLNJLHMFFCV86DA,福原段,77.33,都市：住
RPQNMLNJLHMFFCV86DA,福原段,36.23,都市：住
RPQNMLNJLHMFFCV86DA,福原段,82.10,都市：住
RPQNMLNJLHMFFCV86DA,福原段,34.95,都市：住
RPQNMLNJLHMFFCV86DA,福原段,4.48,都市：住
RPQNMLNJLHMFFCV86DA,福原段,226.53,都市：住
RPQNMLNJLHMFFCV86DA,福原段,31.90,都市：住
RPQNMLNJLHMFFCV86DA,福原段,78.61,都市：住
RPQNMLNJLHMFFCV86DA,福原段,19.99,都市：住
RPUNMLRJLHMFFAV37CA,利吉段,3765.72,非都市：山坡地保育區 ; 非都市編定：農牧用地
RPPNMLLLLHMFFBV56CA,長光段,266.59,非都市：鄉村區 ; 非都市編定：乙種建築用地
RPPNMLNLKHMFFAV56CA,利家段,1739.00,非都市：特定農業區 ; 非都市編定：農牧用地
RPPNMLMLKHMFFAV56DA,新生段,89.00,都市：住
RPPNMLMLKHMFFAV56DA,新生段,6.00,都市：住
RPQNMLLJLHMFFAV09DA,梧州段,791.68,都市：農
RPQNMLLJLHMFFAV09DA,梧州段,179.58,都市：農
RPQNMLLJLHMFFAV09DA,梧州段,32.87,非都市：特定農業區 ; 非都市編定：交通用地
RPQNMLLJLHMFFAV09DA,梧州段,15.99,非都市：特定農業區 ; 非都市編定：交通用地
RPPNMLSJLHMFFAV96CA,豐康段,51.90,非都市：特定農業區 ; 非都市編定：甲種建築用地
RPPNMLSJLHMFFAV96CA,豐康段,64.33,非都市：特定農業區 ; 非都市編定：甲種建築用地
RPPNMLQKLHMFFBV96CA,南八里段,297.31,非都市：鄉村區 ; 非都市編定：乙種建築用地
RPRNMLNLKHMFFAV76CA,東海段,99.81,都市：住
RPSNMLMLKHMFFAV76CA,利家段,49.00,非都市：鄉村區 ; 非都市編定：乙種建築用地
RPPNMLMJLHMFFCV56CA,大原段,724.00,非都市：特定農業區 ; 非都市編定：農牧用地
RPPNMLMJLHMFFCV56CA,大原段,1325.00,非都市：特定農業區 ; 非都市編定：農牧用地
RPPNMLMJLHMFFCV56CA,大原段,945.00,非都市：特定農業區 ; 非都市編定：農牧用地
RPPNMLMJLHMFFCV56CA,大原段,1080.00,非都市：特定農業區 ; 非都市編定：農牧用地
RPSNMLNLKHMFFAV86CA,東海段,99.37,都市：住
RPRNMLMLKHMFFAV66CA,中心段,109.00,都市：住
RPRNMLMJLHMFFAV56CA,青林段,4818.33,非都市：山坡地保育區 ; 非都市編定：農牧用地
RPQNMLNLKHMFFAV66CA,台東段,107.00,都市：住
RPRNMLNJLHMFFCV86CA,中華段,38.33,都市：住
RPRNMLNJLHMFFCV86CA,中華段,68.55,都市：住
RPRNMLQJLHMFFAV96CA,台東段,54.40,都市：住
RPSNMLLJLHMFFAV56CA,豐年段,26.07,都市：住
RPSNMLLJLHMFFAV56CA,豐年段,87.68,都市：住
RPQNMLRKLHMFFAV07CA,豐田段,100.86,都市：住
RPRNMLRKLHMFFAV17CA,豐田段,101.05,都市：住
RPRNMLOLKHMFFAV86CA,永樂段,15546.00,都市：農
RPRNMLOLKHMFFAV86CA,永樂段,349.00,都市：農
RPRNMLOLKHMFFAV86CA,永樂段,454.00,都市：農
RPVNMLOLKHMFFAV27CA,東海段,2500.01,都市：農
RPVNMLOLKHMFFAV27CA,東海段,1041.28,都市：農
RPVNMLOLKHMFFAV27CA,東海段,2500.00,都市：農
RPXNMLOLKHMFFAV47CA,利卡夢段,4037.18,非都市：特定農業區 ; 非都市編定：農牧用地
RPVNMLLJLHMFFAV86CA,東海段,4152.79,都市：農
RPVNMLLJLHMFFAV86CA,東海段,678.93,都市：農
RPVNMLLJLHMFFAV86CA,東海段,446.99,都市：農
RPPNMLPLKHMFFAV76CA,興安段,79.53,都市：住
RPPNMLLJLHMFFBV98CA,南八里段,179.61,非都市：風景區 ; 非都市編定：農牧用地
RPPOMLOLKHMFFAV76CA,豐年段,135.20,都市：住
RPOOMLOLKHMFFAV66CA,永豐段,113.00,都市：住
RPWNMLOLKHMFFAV37CA,南榮段,109.96,都市：住
RPWNMLLJLHMFFAV96CA,豐康段,171.55,都市：農
RPPNMLPJLHMFFCV86CA,海端段,66.00,非都市：鄉村區 ; 非都市編定：乙種建築用地
RPQNMLMJLHMFFCV76DA,四維段,4607.76,非都市：一般農業區 ; 非都市編定：農牧用地
RPPNMLMJLHMFFAV09DA,台東段,83.00,都市：住
RPRNMLMJLHMFFCV76CA,福原段,6.45,都市：商
RPWNMLKKLHMFFAV07DA,豐富段,158.07,都市：其他
RPWNMLKKLHMFFAV07DA,豐富段,16.90,都市：其他
RPWNMLKKLHMFFAV07DA,豐富段,188.43,都市：其他
RPWNMLKKLHMFFAV07DA,豐富段,137.39,都市：其他
RPWNMLKKLHMFFAV07DA,豐富段,37.51,都市：其他
RPWNMLKKLHMFFAV07DA,豐富段,334.55,都市：其他
RPWNMLKKLHMFFAV07DA,豐富段,761.34,都市：其他
RPXNMLKKLHMFFAV17DA,豐富段,1.98,都市：其他
RPXNMLKKLHMFFAV17DA,豐富段,351.00,都市：其他
RPPNMLMLLHMFFCV76CA,大同段,132.65,都市：住
RPSNMLNKLHMFFAV96DA,豐富段,172.46,都市：其他
RPSNMLNKLHMFFAV96DA,豐富段,442.58,都市：其他
RPSNMLNKLHMFFAV96DA,豐富段,430.47,都市：其他
RPSNMLNKLHMFFAV96DA,豐富段,301.21,都市：其他
RPPNMLNKLHMFFAV66DA,豐富段,242.57,都市：其他
RPOOMLNKLHMFFAV66DA,豐富段,.74,都市：其他
RPOOMLNKLHMFFAV66DA,豐富段,366.10,都市：其他
RPOOMLNKLHMFFAV66DA,豐富段,10.80,都市：其他
RPOOMLNKLHMFFAV66DA,豐富段,602.00,都市：其他
RPPNMLMJLHMFFDV76DA,荒野段,1932.11,非都市：一般農業區 ; 非都市編定：農牧用地
RPPNMLMJLHMFFDV76DA,荒野段,691.76,非都市：一般農業區 ; 非都市編定：農牧用地
RPPNMLMJLHMFFDV76DA,荒野段,92.58,非都市：一般農業區 ; 非都市編定：農牧用地
RPPNMLMJLHMFFDV76DA,荒野段,369.10,非都市：一般農業區 ; 非都市編定：農牧用地
RPVNMLKKLHMFFAV96DA,建華段,76.50,都市：住
RPVNMLKKLHMFFAV96DA,建華段,42.79,都市：住
RPSNMLMJLHMFFAV66CA,利家段,2146.00,非都市：特定農業區 ; 非都市編定：農牧用地
RPUNMLKKLHMFFAV76CA,馬蘭段,44.25,都市：住
RPUNMLMJLHMFFAV86CA,豐年段,152.65,都市：住
RPSNMLSJLHMFFAV27CA,常德段,133.65,都市：住
RPPNMLOJLHMFFDV86CA,台段,12260.00,非都市：山坡地保育區 ; 非都市編定：農牧用地
RPPNMLRJLHMFFCV07CA,康源段,209.00,非都市：鄉村區 ; 非都市編定：乙種建築用地
RPPNMLRJLHMFFCV07CA,康源段,231.00,非都市：鄉村區 ; 非都市編定：乙種建築用地
RPPNMLRJLHMFFCV07CA,康源段,150.00,非都市：鄉村區 ; 非都市編定：乙種建築用地
SPUNMLMJLHMFFAV96CA,豐年段,148.73,都市：住
RPRNMLQKLHMFFAV07CA,中山段,77.00,都市：住
RPPNMLQJLHMFFAV76CA,公西段,67.57,都市：農
RPWNMLRJLHMFFAV57CA,興安段,129.99,都市：住
RPRNMLSJLHMFFAV17CA,台東段,10.08,都市：住
RPXNMLRJLHMFFAV67CA,台東段,94.00,都市：商
RPPNMLTJLHMFFBV17CA,忠仁段,309.45,都市：商
RPOOMLRJLHMFFAV86CA,普優瑪段,104.49,都市：住
RPPOMLRJLHMFFAV96CA,台東段,3.32,都市：住
RPPOMLRJLHMFFAV96CA,台東段,3.41,都市：住
RPRNMLKLLHMFFAV56CA,順天段,38.54,都市：住
RPRNMLKLLHMFFAV56CA,順天段,25.21,都市：住
RPTNMLMJLHMFFAV76CA,豐年段,126.95,都市：住
RPPNMLSJLHMFFBV07CA,高原段,1673.00,非都市：森林區 ; 非都市編定：農牧用地
RPPNMLSJLHMFFBV07CA,高原段,1673.00,非都市：森林區 ; 非都市編定：農牧用地
RPQOMLRJLHMFFAV07CA,新生段,11.41,都市：住
RPRNMLPKLHMFFCV17CA,月野段,4004.00,非都市：一般農業區 ; 非都市編定：農牧用地
RPPNMLRJLHMFFDV17CA,荒野段,1508.97,非都市：特定農業區 ; 非都市編定：農牧用地
RPQNMLPKLHMFFCV07CA,月野段,8008.00,非都市：一般農業區 ; 非都市編定：農牧用地
RPTNMLRJLHMFFAV27CA,台東段,128.00,都市：住
RPSNMLQJLHMFFAV07CA,豐年段,145.40,都市：住
RPUNMLSJLHMFFAV47CA,利家段,111.87,非都市：鄉村區 ; 非都市編定：乙種建築用地
RPUNMLSJLHMFFAV47CA,利家段,19.61,非都市：鄉村區 ; 非都市編定：乙種建築用地
RPPNMLLLLHMFFDV76CA,金灣段,14690.00,非都市：山坡地保育區 ; 非都市編定：林業用地
RPTNMLKKLHMFFAV76DA,梅園段,218.08,非都市：山坡地保育區 ; 非都市編定：農牧用地
RPQNMLKLLHMFFBV56CA,新竹湖段,6245.07,非都市：風景區 ; 非都市編定：農牧用地
RPUNMLRKLHMFFAV57DA,新生段,80.00,都市：住
RPTNMLSJLHMFFAV37CA,梧州段,54.04,非都市：特定農業區 ; 非都市編定：交通用地
RPTNMLSJLHMFFAV37CA,梧州段,1124.58,都市：農
RPPNMLMKLHMFFAV09CA,下賓朗段,138.78,非都市：特定農業區 ; 非都市編定：農牧用地
RPPNMLMKLHMFFAV09CA,下賓朗段,207.35,非都市：特定農業區 ; 非都市編定：農牧用地
RPSNMLTJLHMFFAV37CA,台東段,79.00,都市：住
RPPNMLKKLHMFFAV88CA,利家段,35.43,非都市：鄉村區 ; 非都市編定：乙種建築用地
RPPNMLKKLHMFFAV88CA,利家段,31.46,非都市：鄉村區 ; 非都市編定：乙種建築用地
RPQNMLTJLHMFFAV17CA,常德段,16.78,都市：住
RPPNMLTJLHMFFAV07CA,豐谷段,73.00,都市：住
RPQNMLNKLHMFFAV66CA,馬蘭段,196.00,都市：住
RPQNMLKKLHMFFAV98CA,利家段,35.43,非都市：鄉村區 ; 非都市編定：乙種建築用地
RPQNMLKKLHMFFAV98CA,利家段,31.46,非都市：鄉村區 ; 非都市編定：乙種建築用地
RPPNMLTJLHMFFCV37DA,中華段,61.65,都市：住
RPRNMLTJLHMFFBV37CA,忠智段,64.81,都市：住
RPPNMLOKLHMFFAV66CA,煙草間段,93.58,非都市：特定農業區 ; 非都市編定：甲種建築用地
RPPNMLOKLHMFFAV66CA,煙草間段,5.17,非都市：特定農業區 ; 非都市編定：甲種建築用地
RPPNMLOKLHMFFAV66CA,煙草間段,2.78,非都市：特定農業區 ; 非都市編定：甲種建築用地
RPPNMLOKLHMFFAV66CA,煙草間段,21.30,非都市：特定農業區 ; 非都市編定：甲種建築用地
RPPNMLNKLHMFFCV76CA,大原段,12.00,非都市： ; 非都市編定：
RPPNMLNKLHMFFCV76CA,大原段,45.00,非都市： ; 非都市編定：
RPSNMLQKLHMFFAV17CA,自強段,267.57,都市：住
RPQNMLQKLHMFFCV27DA,月野段,781.00,非都市：鄉村區 ; 非都市編定：乙種建築用地
RPSNMLTJLHMFFBV47CA,忠智段,64.85,都市：住
RPTNMLKLLHMFFAV76CA,自強段,113.00,都市：住
RPTNMLKLLHMFFAV76CA,自強段,112.00,都市：住
RPUOMLMLLHMFFAV17CA,利家段,17.00,非都市：特定農業區 ; 非都市編定：農牧用地
RPUOMLMLLHMFFAV17CA,利家段,890.00,非都市：特定農業區 ; 非都市編定：農牧用地
RPUOMLMLLHMFFAV17CA,利家段,148.00,非都市：特定農業區 ; 非都市編定：農牧用地
RPTNMLQKLHMFFAV27CA,豐成段,153.62,非都市：特定農業區 ; 非都市編定：甲種建築用地
RPWNMLLLLHMFFAV17CA,德安段,29.53,都市：住
RPWNMLLLLHMFFAV17CA,德安段,14.77,都市：住
RPWNMLLLLHMFFAV17CA,德安段,14.77,都市：住
RPWNMLLLLHMFFAV17CA,德安段,29.53,都市：住
RPUNMLLMLHMFFAV07CA,德安段,82.08,都市：住
RPTNMLLMLHMFFAV96CA,德安段,336.55,都市：住
RPTNMLLMLHMFFAV96CA,德安段,168.27,都市：住
RPTNMLLMLHMFFAV96CA,德安段,168.27,都市：住
RPTNMLLMLHMFFAV96CA,德安段,336.55,都市：住
RPTNMLLMLHMFFAV96CA,德安段,76.86,都市：其他
RPTNMLLMLHMFFAV96CA,德安段,38.43,都市：其他
RPTNMLLMLHMFFAV96CA,德安段,38.43,都市：其他
RPTNMLLMLHMFFAV96CA,德安段,76.86,都市：其他
RPVNMLPKLHMFFAV37CA,澱粉段,240.32,非都市：特定農業區 ; 非都市編定：甲種建築用地
RPOOMLKKLHMFFAV88CA,東海段,22.69,都市：住
RPOOMLKKLHMFFAV88CA,東海段,1.46,都市：住
RPUNMLNKLHMFFAV07CA,台東段,76.00,都市：住
RPTNMLNKLHMFFAV96CA,馬蘭段,9.50,都市：住
RPWNMLNKLHMFFAV37DA,豐谷段,48.08,都市：住
RPQNMLOKLHMFFCV96CA,隆昌段,3046.06,非都市：特定農業區 ; 非都市編定：農牧用地
RPXNMLNKLHMFFAV47DA,明峰段,2513.05,非都市：山坡地保育區 ; 非都市編定：農牧用地
RPPNMLQKLHMFFAV86CA,大南段,6550.00,非都市：山坡地保育區 ; 非都市編定：農牧用地
RPPNMLPKLHMFFAV76CA,普優瑪段,67.69,都市：住
RPPNMLPKLHMFFAV76CA,普優瑪段,8.02,都市：住
RPQNMLKLLHMFFAV09CA,康樂段,841.00,非都市：特定農業區 ; 非都市編定：農牧用地
RPSNMLPKLHMFFAV07CA,馬蘭段,43.08,都市：住
RPTNMLMLLHMFFAV96CA,豐年段,67.40,都市：住
RPQNMLMLLHMFFCV86CA,大同段,147.68,都市：住
RPVNMLRKLHMFFAV67DA,中清段,2.16,都市：其他
RPQOMLMLLHMFFAV76CA,富岡南段,144.07,非都市：鄉村區 ; 非都市編定：乙種建築用地
RPROMLMLLHMFFAV86CA,富岡南段,144.26,非都市：鄉村區 ; 非都市編定：乙種建築用地
RPPNMLPLLHMFFAV86CA,建業段,5.48,都市：住
RPVNMLQKLHMFFAV57DA,台東段,13.10,都市：住
RPWNMLRKLHMFFAV77DA,中清段,1.24,都市：其他
RPQNMLPKLHMFFAV96DA,東海段,166.84,都市：住
RPSNMLLLLHMFFBV86CA,新都威段,246.05,非都市：鄉村區 ; 非都市編定：乙種建築用地
RPUNMLQKLHMFFAV37CA,新中寮段,189.59,都市：商
RPUNMLQKLHMFFAV37CA,新中寮段,153.09,都市：商
RPUNMLQKLHMFFAV37CA,新中寮段,602.47,都市：商
RPUNMLQKLHMFFAV37CA,新中寮段,21.58,都市：其他
RPRNMLLLLHMFFAV66CA,岩灣段,648.09,都市：住
RPPNMLKLLHMFFAV98CA,東海段,112.78,都市：住
RPTOMLMLLHMFFAV07CA,青林段,139.15,非都市：山坡地保育區 ; 非都市編定：丙種建築用地
RPSNMLRKLHMFFAV27CA,豐康段,20.58,都市：住
RPSNMLRKLHMFFAV27CA,豐康段,.24,都市：住
RPSNMLRKLHMFFAV27CA,豐康段,1.31,都市：住
RPSNMLRKLHMFFAV27CA,豐康段,85.42,都市：住
RPPOMLMLLHMFFAV66CA,富岡南段,139.04,非都市：鄉村區 ; 非都市編定：乙種建築用地
RPTNMLRKLHMFFAV37CA,南榮段,193.45,都市：住
RPTNMLRKLHMFFAV37CA,南榮段,53.33,都市：其他
RPPNMLKLLHMFFBV56DA,忠勇段,103.65,都市：住
RPWNMLQKLHMFFAV67DA,新園段,1541.00,非都市：特定農業區 ; 非都市編定：農牧用地
RPWNMLQKLHMFFAV67DA,新園段,2707.00,非都市：特定農業區 ; 非都市編定：農牧用地
RPVNMLMLLHMFFCV37CA,里段,3.00,都市：其他
RPRNMLMKMHMFFCV96CA,豐泉段,141.31,都市：住
RPRNMLMKMHMFFCV96CA,豐泉段,30.78,都市：其他
RPPNMLKLLHMFFCV66DA,中福段,101.28,都市：住
RPPNMLKLLHMFFCV66DA,中福段,40.24,都市：住
RPSNMLMLLHMFFCV07CA,瑞里段,260.49,非都市：鄉村區 ; 非都市編定：乙種建築用地
RPWNMLMLLHMFFCV47CA,福原段,6.94,都市：商
RPQNMLPLLHMFFAV96CA,馬蘭段,150.00,都市：住
RPTNMLOLLHMFFAV17CA,上源段,1839.04,非都市：山坡地保育區 ; 非都市編定：農牧用地
RPUNMLKKMHMFFAV86CA,南清段,6.33,都市：其他
RPUNMLKKMHMFFAV86CA,南清段,238.86,都市：住
RPUNMLMLLHMFFCV27CA,里段,3.00,都市：其他
RPRNMLPLLHMFFAV07CA,馬蘭段,150.00,都市：住
RPWNMLKKMHMFFAV07CA,豐年段,75.43,都市：住
RPWNMLKKMHMFFAV07CA,豐年段,20.92,都市：住
RPPNMLLLLHMFFAV09CA,建國段,79.68,都市：住
RPPNMLLLLHMFFAV09CA,建國段,4.32,都市：住
RPQNMLLLLHMFFAV56CA,康樂段,2156.50,非都市：特定農業區 ; 非都市編定：農牧用地
RPSNMLLLLHMFFAV76CA,利家段,5840.00,非都市：特定農業區 ; 非都市編定：農牧用地
RPPNMLSLLHMFFAV17CA,康樂段,672.00,非都市：特定農業區 ; 非都市編定：農牧用地
RPPNMLSLLHMFFAV17CA,康樂段,4601.00,非都市：特定農業區 ; 非都市編定：農牧用地
RPPNMLSLLHMFFAV17CA,康樂段,26.00,非都市：特定農業區 ; 非都市編定：農牧用地
RPVNMLLMLHMFFAV17CA,上源段,2777.51,非都市：山坡地保育區 ; 非都市編定：農牧用地
RPVNMLLMLHMFFAV17CA,上源段,2777.54,非都市：山坡地保育區 ; 非都市編定：農牧用地
RPVNMLLMLHMFFAV17CA,上源段,2777.55,非都市：山坡地保育區 ; 非都市編定：農牧用地
RPPNMLMLLHMFFBV66CA,三民段,114.97,都市：住
RPQNMLMLLHMFFAV66CA,利家段,35.43,非都市：鄉村區 ; 非都市編定：乙種建築用地
RPQNMLMLLHMFFAV66CA,利家段,31.46,非都市：鄉村區 ; 非都市編定：乙種建築用地
RPSOMLMLLHMFFAV96CA,東海段,100.71,都市：住
RPRNMLLLLHMFFBV76CA,坪頂段,691.32,非都市：風景區 ; 非都市編定：農牧用地
RPRNMLLLLHMFFBV76CA,坪頂段,5861.93,非都市：風景區 ; 非都市編定：農牧用地
SPVOMLKMLHMFFAV27CA,台東段,42.43,都市：住
RPQNMLSLLHMFFCV47CA,崁頂段,850.00,非都市：山坡地保育區 ; 非都市編定：農牧用地
RPSNMLKMLHMFFAV76CA,豐樂段,49.50,都市：住
RPSNMLKMLHMFFAV76CA,豐樂段,49.50,都市：住
RPSNMLKMLHMFFAV76CA,豐樂段,1.00,都市：住
RPSNMLKMLHMFFAV76CA,豐樂段,1.00,都市：住
RPTNMLMLLHMFFCV17CA,萬福段,2760.16,非都市：特定農業區 ; 非都市編定：農牧用地
RPPNMLOLLHMFFAV76CA,建康段,567.30,都市：農
RPVOMLKMLHMFFAV17CA,台東段,42.43,都市：住
RPROMLKMLHMFFAV76CA,台東段,41.40,都市：住
RPPNMLNLLHMFFBV86DA,忠勇段,501.58,都市：住
RPPNMLNLLHMFFBV86DA,忠勇段,1.18,都市：住
TPVOMLKMLHMFFAV37CA,台東段,42.43,都市：住
RPQNMLRLLHMFFBV27CA,玉港段,1163.64,非都市：風景區 ; 非都市編定：農牧用地
RPPNMLRLLHMFFBV17CA,玉港段,186.02,非都市：風景區 ; 非都市編定：丙種建築用地
RPPNMLRLLHMFFBV17CA,玉港段,186.02,非都市：風景區 ; 非都市編定：丙種建築用地
RPPNMLRLLHMFFBV17CA,玉港段,1425.02,非都市：風景區 ; 非都市編定：農牧用地
RPPNMLRLLHMFFBV17CA,玉港段,1425.02,非都市：風景區 ; 非都市編定：農牧用地
SPRNMLMLLHMFFAV96DA,德安段,83.70,都市：住
SPRNMLMLLHMFFAV96DA,德安段,20.78,都市：住
RPRNMLMLLHMFFAV86DA,德安段,80.83,都市：住
RPRNMLMLLHMFFAV86DA,德安段,25.52,都市：住
RPUNMLMLLHMFFAV07CA,利家段,2266.00,非都市：山坡地保育區 ; 非都市編定：農牧用地
RPUNMLMLLHMFFAV07CA,利家段,405.00,非都市：山坡地保育區 ; 非都市編定：農牧用地
RPSNMLMKMHMFFCV17DA,海端段,270.00,非都市：山坡地保育區 ; 非都市編定：農牧用地
RPSNMLMKMHMFFCV17DA,海端段,3366.75,非都市：山坡地保育區 ; 非都市編定：農牧用地
RPOOMLMLLHMFFAV56CA,台東段,83.00,都市：住
RPSNMLMLLHMFFAV86CA,南清段,84.36,都市：住
RPWNMLSLLHMFFAV87CA,常德段,132.94,都市：住
RPPNMLTLLHMFFAV27CA,東海段,3598.10,都市：住
RPROMLKKMHMFFAV66CA,東海段,14.93,都市：住
RPROMLKKMHMFFAV66CA,東海段,.96,都市：住
RPRNMLRLLHMFFAV27CA,南清段,179.73,都市：住
RPQNMLRLLHMFFAV17CA,台東段,16.71,都市：住
RPWOMLMLLHMFFAV37CA,知本段,2718.00,非都市：特定農業區 ; 非都市編定：農牧用地
RPQNMLTLLHMFFBV47CA,北八里段,275.83,非都市：風景區 ; 非都市編定：農牧用地
RPTNMLSLLHMFFAV57CA,東海段,75.51,都市：住
RPQNMLRLLHMFFCV47DA,溪埔段,316.67,都市：工
RPRNMLSLLHMFFCV57CA,大原段,2216.00,非都市：特定農業區 ; 非都市編定：農牧用地
RPRNMLSLLHMFFCV57CA,大原段,1846.67,非都市：特定農業區 ; 非都市編定：農牧用地
RPRNMLSLLHMFFCV57CA,大原段,1538.89,非都市：特定農業區 ; 非都市編定：農牧用地
RPRNMLSLLHMFFCV57CA,大原段,1046.44,非都市：特定農業區 ; 非都市編定：農牧用地
RPPNMLKMLHMFFCV66CA,豐泉段,26.69,都市：農
RPPNMLKMLHMFFCV66CA,豐泉段,185.03,都市：農
RPRNMLRLLHMFFBV37CA,忠勇段,90.63,都市：住
RPPNMLNLLHMFFDV96CA,北橋段,92.69,都市：住
RPQOMLKKMHMFFAV56CA,台東段,91.00,都市：住
RPPNMLOLLHMFFBV86CA,沙泥灣段,1143.52,非都市：風景區 ; 非都市編定：農牧用地
RPPNMLRLLHMFFAV07CA,建華段,1419.36,都市：農
RPPNMLRLLHMFFAV07CA,建華段,1337.68,都市：農
RPPNMLRLLHMFFAV07CA,建華段,3363.08,都市：農
RPRNMLOLLHMFFAV96CA,台東段,107.00,都市：住
RPTOMLKMLHMFFAV96CA,豐田段,246.05,都市：住
RPTOMLKMLHMFFAV96CA,豐田段,225.32,都市：住
RPTOMLKMLHMFFAV96CA,豐田段,225.32,都市：住
RPTOMLKMLHMFFAV96CA,豐田段,184.35,都市：住
RPTOMLKMLHMFFAV96CA,豐田段,778.37,都市：住
RPTOMLKMLHMFFAV96CA,豐田段,131.35,都市：住
RPTOMLKMLHMFFAV96CA,豐田段,39.05,都市：住
RPTOMLKMLHMFFAV96CA,豐田段,39.05,都市：住
RPTOMLKMLHMFFAV96CA,豐田段,31.95,都市：住
RPTOMLKMLHMFFAV96CA,豐田段,134.90,都市：住
RPTOMLKMLHMFFAV96CA,豐田段,1.23,都市：住
RPTOMLKMLHMFFAV96CA,豐田段,.37,都市：住
RPTOMLKMLHMFFAV96CA,豐田段,.37,都市：住
RPTOMLKMLHMFFAV96CA,豐田段,.30,都市：住
RPTOMLKMLHMFFAV96CA,豐田段,1.27,都市：住
RPTOMLKMLHMFFAV96CA,豐田段,207.51,都市：住
RPTOMLKMLHMFFAV96CA,豐田段,61.69,都市：住
RPTOMLKMLHMFFAV96CA,豐田段,61.69,都市：住
RPTOMLKMLHMFFAV96CA,豐田段,50.48,都市：住
RPTOMLKMLHMFFAV96CA,豐田段,213.12,都市：住
RPTOMLKMLHMFFAV96CA,豐田段,622.52,都市：住
RPTOMLKMLHMFFAV96CA,豐田段,185.08,都市：住
RPTOMLKMLHMFFAV96CA,豐田段,185.08,都市：住
RPTOMLKMLHMFFAV96CA,豐田段,151.42,都市：住
RPTOMLKMLHMFFAV96CA,豐田段,639.35,都市：住
RPTOMLKMLHMFFAV96CA,豐田段,36.07,都市：住
RPTOMLKMLHMFFAV96CA,豐田段,10.72,都市：住
RPTOMLKMLHMFFAV96CA,豐田段,10.72,都市：住
RPTOMLKMLHMFFAV96CA,豐田段,8.78,都市：住
RPTOMLKMLHMFFAV96CA,豐田段,37.05,都市：住
RPTOMLKMLHMFFAV96CA,豐田段,109.46,都市：住
RPTOMLKMLHMFFAV96CA,豐田段,32.54,都市：住
RPTOMLKMLHMFFAV96CA,豐田段,32.54,都市：住
RPTOMLKMLHMFFAV96CA,豐田段,26.62,都市：住
RPTOMLKMLHMFFAV96CA,豐田段,112.42,都市：住
RPTOMLKMLHMFFAV96CA,豐田段,757.88,都市：住
RPTOMLKMLHMFFAV96CA,豐田段,73.15,都市：住
RPTOMLKMLHMFFAV96CA,豐田段,73.15,都市：住
RPTOMLKMLHMFFAV96CA,豐田段,59.85,都市：住
RPTOMLKMLHMFFAV96CA,豐田段,252.70,都市：住
RPTOMLKMLHMFFAV96CA,豐田段,9.56,都市：住
RPTOMLKMLHMFFAV96CA,豐田段,2.84,都市：住
RPTOMLKMLHMFFAV96CA,豐田段,2.84,都市：住
RPTOMLKMLHMFFAV96CA,豐田段,2.32,都市：住
RPTOMLKMLHMFFAV96CA,豐田段,9.82,都市：住
RPTOMLKMLHMFFAV96CA,豐田段,154.17,都市：住
RPTOMLKMLHMFFAV96CA,豐田段,45.83,都市：住
RPTOMLKMLHMFFAV96CA,豐田段,45.83,都市：住
RPTOMLKMLHMFFAV96CA,豐田段,37.50,都市：住
RPTOMLKMLHMFFAV96CA,豐田段,158.33,都市：住
RPTOMLKMLHMFFAV96CA,豐田段,694.37,都市：住
RPTOMLKMLHMFFAV96CA,豐田段,206.43,都市：住
RPTOMLKMLHMFFAV96CA,豐田段,206.43,都市：住
RPTOMLKMLHMFFAV96CA,豐田段,168.90,都市：住
RPTOMLKMLHMFFAV96CA,豐田段,713.13,都市：住
RPTOMLKMLHMFFAV96CA,豐田段,26.52,都市：住
RPTOMLKMLHMFFAV96CA,豐田段,7.88,都市：住
RPTOMLKMLHMFFAV96CA,豐田段,7.88,都市：住
RPTOMLKMLHMFFAV96CA,豐田段,6.45,都市：住
RPTOMLKMLHMFFAV96CA,豐田段,27.23,都市：住
RPRNMLSLLHMFFAV37CA,北南王段,181.61,都市：住
RPPNMLQLLHMFFBV07CA,東柄段,824.30,非都市：鄉村區 ; 非都市編定：乙種建築用地
RPVOMLMLLHMFFAV27CA,豐年段,117.74,都市：住
RPVNMLSLLHMFFAV77CA,台東段,76.00,都市：住
RPQNMLTLLHMFFAV37CA,光明段,122.00,都市：住
RPSNMLOLLHMFFAV07CA,豐年段,149.57,都市：住
RPRNMLLKMHMFFAV66CA,青林段,189.35,都市：住
RPRNMLLKMHMFFAV66CA,青林段,160.27,都市：住
RPRNMLLKMHMFFAV66CA,青林段,43.64,都市：住
RPUNMLLKMHMFFAV96CA,普優瑪段,109.56,都市：住
RPPNMLSLLHMFFCV37CA,電光段,292.28,非都市：特定農業區 ; 非都市編定：農牧用地
RPQNMLKLMHMFFAV56CA,建業段,11.78,都市：住
RPPNMLRLLHMFFCV27CA,大原段,1003.00,非都市：特定農業區 ; 非都市編定：農牧用地
RPPNMLRLLHMFFCV27CA,大原段,903.00,非都市：特定農業區 ; 非都市編定：農牧用地
RPPNMLNKMHMFFAV66CA,利家段,211.00,都市：農
RPPNMLLMLHMFFAV56CA,豐川段,1676.95,非都市：特定農業區 ; 非都市編定：農牧用地
RPPNMLLMLHMFFAV56CA,豐川段,217.11,非都市：特定農業區 ; 非都市編定：農牧用地
RPPNMLRJMHMFFAV96CA,興安段,152.16,都市：住
RPXNMLKKMHMFFAV17CA,豐榮段,98.79,都市：住
RPOOMLKKMHMFFAV98CA,常德段,95.64,都市：住
RPOOMLKKMHMFFAV98CA,常德段,63.54,都市：住
RPPNMLKKMHMFFAV98CA,大業段,225.07,都市：住
RPVNMLKMLHMFFAV07CA,常德段,107.49,都市：住
RPSNMLSLLHMFFAV57DA,普優瑪段,9.11,都市：住
RPTNMLKLMHMFFAV86CA,永清段,100.00,都市：住
RPTNMLKLMHMFFAV86CA,永清段,100.00,都市：住
RPTNMLKLMHMFFAV86CA,永清段,133.25,都市：住
RPTNMLKLMHMFFAV86CA,永清段,300.08,都市：其他
RPTNMLKLMHMFFAV86CA,永清段,104.00,都市：住
RPTNMLKLMHMFFAV86CA,永清段,100.00,都市：住
RPTNMLKLMHMFFAV86CA,永清段,1874.16,都市：住
RPTNMLKLMHMFFAV86CA,永清段,100.00,都市：住
RPTNMLKLMHMFFAV86CA,永清段,100.00,都市：住
RPTNMLKLMHMFFAV86CA,永清段,20.16,都市：住
RPTNMLKLMHMFFAV86CA,永清段,110.25,都市：住
RPTNMLKLMHMFFAV86CA,永清段,104.00,都市：住
RPTNMLKLMHMFFAV86CA,永清段,266.49,都市：其他
RPTNMLKLMHMFFAV86CA,永清段,100.00,都市：住
RPSNMLLMLHMFFCV07CA,慶福段,82.50,都市：住
RPTNMLRJMHMFFAV47DA,富岡南段,375.84,非都市：鄉村區 ; 非都市編定：乙種建築用地
RPTNMLKKMHMFFAV86DA,台東段,71.00,都市：住
RPRNMLKLMHMFFCV86CA,豐泉段,11.84,都市：住
RPQNMLKLMHMFFCV76CA,豐泉段,7.00,都市：住
RPPNMLKLMHMFFCV66CA,隆盛段,1509.41,都市：農
RPPNMLKLMHMFFCV66CA,隆盛段,1326.74,都市：農
RPPNMLKLMHMFFCV66CA,隆盛段,74.77,都市：農
RPPNMLKLMHMFFCV66CA,隆盛段,61.36,都市：農
RPSNMLKLMHMFFCV96CA,中和段,169.60,非都市：一般農業區 ; 非都市編定：農牧用地
RPSNMLKLMHMFFCV96CA,中和段,7214.35,非都市：一般農業區 ; 非都市編定：農牧用地
RPPNMLQJMHMFFCV07CA,新福段,311.20,非都市：鄉村區 ; 非都市編定：乙種建築用地
RPWNMLKMLHMFFAV17CA,常德段,107.04,都市：住
RPXNMLKMLHMFFAV27CA,常德段,107.26,都市：住
RPPOMLKMLHMFFAV56CA,常德段,107.38,都市：住
RPTNMLKMLHMFFAV86CA,東海段,3817.67,都市：農
RPWOMLKMLHMFFAV27CA,豐榮段,1.00,都市：住
RPWOMLKMLHMFFAV27CA,豐榮段,57.00,都市：住
RPQOMLKMLHMFFAV66CA,常德段,106.93,都市：住
RPSOMLKMLHMFFAV86CA,常德段,122.50,都市：住
RPRNMLKMLHMFFAV66CA,常德段,.06,都市：住
RPRNMLKMLHMFFAV66CA,常德段,108.70,都市：住
RPRNMLKMLHMFFAV66CA,常德段,13.12,都市：住
RPQNMLLMLHMFFAV66CA,岩灣段,96.32,都市：住
RPUNMLKMLHMFFAV96CA,常德段,107.15,都市：住
RPRNMLLMLHMFFCV96CA,大埔段,10.07,都市：住
RPWNMLOKMHMFFAV47CA,建本段,154.92,都市：住
RPQNMLKMLHMFFBV66CA,萬年段,226.00,非都市：風景區 ; 非都市編定：丙種建築用地
RPQNMLKMLHMFFBV66CA,萬年段,3137.00,非都市：風景區 ; 非都市編定：農牧用地
RPPNMLOKMHMFFBV86CA,三民段,330.65,都市：其他
RPPNMLOKMHMFFBV86CA,三民段,81.93,都市：住
RPSNMLLMLHMFFAV86CA,東谷段,136.68,都市：住
RPUOMLKMLHMFFAV07CA,常德段,7.59,都市：住
RPPNMLKMLHMFFBV66DA,濱海段,117.19,都市：商
RPPNMLPJMHMFFAV76CA,利家段,99.00,非都市：鄉村區 ; 非都市編定：乙種建築用地
RPSNMLKMLHMFFDV07CA,秀山段,7.08,都市：住
RPQNMLPJMHMFFAV86CA,常德段,12.72,都市：住
RPRNMLPJMHMFFAV96CA,常德段,89.29,都市：住
RPSNMLQJMHMFFAV17CA,知本段,3065.00,非都市：特定農業區 ; 非都市編定：農牧用地
RPSNMLPJMHMFFAV07CA,台東段,42.43,都市：住
RPVNMLQJMHMFFAV47CA,利家段,443.00,非都市：特定農業區 ; 非都市編定：農牧用地
RPTNMLPJMHMFFAV17CA,中山段,85.00,都市：住
UPVNMLQJMHMFFAV77CA,利家段,240.00,非都市：鄉村區 ; 非都市編定：乙種建築用地
RPQNMLRJMHMFFAV07CA,馬蘭段,150.00,都市：住
RPUNMLQJMHMFFAV37CA,永和段,87.34,都市：住
SPVNMLQJMHMFFAV57CA,利家段,6.00,非都市：鄉村區 ; 非都市編定：交通用地
RPQNMLKKMHMFFDV76CA,蘭里段,3547.92,非都市：特定農業區 ; 非都市編定：農牧用地
RPPNMLKKMHMFFCV56CA,隆昌段,320.78,非都市：鄉村區 ; 非都市編定：乙種建築用地
RPPNMLPJMHMFFCV07DA,崁頂段,1288.50,非都市：山坡地保育區 ; 非都市編定：農牧用地
RPPNMLOLMHMFFCV17DA,廣原段,489.00,非都市： ; 非都市編定：
RPSOMLKKMHMFFAV76CA,光明段,639.00,都市：住
RPRNMLRJMHMFFAV17CA,利家段,35.43,非都市：鄉村區 ; 非都市編定：乙種建築用地
RPRNMLRJMHMFFAV17CA,利家段,31.46,非都市：鄉村區 ; 非都市編定：乙種建築用地
RPRNMLQJMHMFFAV07CA,大業段,114.61,都市：住
RPSNMLRJMHMFFAV27CA,台東段,.97,都市：住
RPSNMLRJMHMFFAV27CA,台東段,19.49,都市：住
RPSNMLRJMHMFFAV27CA,台東段,8.34,都市：住
RPSNMLRJMHMFFAV27CA,台東段,7.68,都市：住
RPSNMLRJMHMFFAV27CA,台東段,5.85,都市：住
RPSNMLRJMHMFFAV27CA,台東段,1.03,都市：住
RPTNMLQJMHMFFAV27CA,知本段,3935.00,非都市：特定農業區 ; 非都市編定：農牧用地
RPUNMLOKMHMFFAV27CA,知本段,1062.00,非都市：特定農業區 ; 非都市編定：農牧用地
RPPNMLRJMHMFFCV17CA,四維段,1388.07,非都市：一般農業區 ; 非都市編定：農牧用地
RPPNMLRKMHMFFAV07CA,興安段,70.88,都市：住
RPQNMLOLMHMFFBV07CA,中柄段,490.07,非都市：風景區 ; 非都市編定：農牧用地
RPPNMLLJNHMFFCV76DA,新興段,2328.51,非都市：特定農業區 ; 非都市編定：農牧用地
RPPNMLLJNHMFFCV76DA,新興段,7326.72,非都市：特定農業區 ; 非都市編定：農牧用地
RPPNMLLJNHMFFCV76DA,新興段,1024.78,非都市：特定農業區 ; 非都市編定：農牧用地
RPPNMLLJNHMFFCV76DA,新興段,101.11,非都市：特定農業區 ; 非都市編定：交通用地
RPQNMLKKMHMFFAV09CA,岩灣段,317.49,都市：住
RPRNMLKKMHMFFAV56CA,岩灣段,133.17,都市：住
RPUNMLRLMHMFFAV67CA,台東段,68.00,都市：住
RPPNMLLKMHMFFAV56DA,中山段,72.00,都市：住
RPTNMLLKMHMFFAV86CA,東海段,80.84,都市：住
RPPNMLMKMHMFFCV76CA,里段,119.04,都市：其他
RPPNMLNKMHMFFDV96CA,荖花段,4532.19,非都市：一般農業區 ; 非都市編定：農牧用地
RPQNMLMKMHMFFCV86CA,里段,2745.07,都市：其他
RPTNMLMKMHMFFAV96CA,新園段,4656.00,非都市：特定農業區 ; 非都市編定：農牧用地
RPPNMLLKMHMFFCV76DA,南山段,44.49,都市：住
RPRNMLMKMHMFFAV76CA,台東段,88.00,都市：住
RPRNMLMKMHMFFAV76CA,台東段,88.00,都市：住
RPPNMLMKMHMFFAV56CA,豐谷段,72.00,都市：住
RPQNMLMKMHMFFAV66CA,台東段,103.00,都市：住
RPQNMLMKMHMFFAV66CA,台東段,68.00,都市：其他
RPQNMLMKMHMFFAV66CA,台東段,3.00,都市：其他
RPQNMLMKMHMFFAV66CA,台東段,10.00,都市：住
RPPNMLLKMHMFFBV56CA,北佳里段,27.91,非都市：鄉村區 ; 非都市編定：乙種建築用地
RPPNMLRLMHMFFAV17CA,建和段,559.12,都市：住
RPPNMLRLMHMFFAV17CA,建和段,89.95,都市：住
RPPNMLRLMHMFFAV17CA,建和段,.94,都市：其他
RPRNMLOJNHMFFAV07DA,台東段,64.00,都市：住
RPPNMLMLMHMFFAV66CA,豐年段,23.06,都市：其他
RPPNMLMLMHMFFAV66CA,豐年段,73.07,都市：住
RPVNMLMKMHMFFAV17CA,知本段,1600.00,非都市：特定農業區 ; 非都市編定：農牧用地
RPSNMLLKMHMFFAV76CA,台東段,46.25,都市：住
RPUNMLMKMHMFFAV07CA,豐利段,131.45,都市：住
RPUNMLMKMHMFFAV07CA,豐利段,3.78,都市：住
RPWNMLMKMHMFFAV27CA,常德段,21.20,都市：住
RPPNMLOKMHMFFAV76CA,豐橋段,1258.70,都市：其他
RPSNMLNKMHMFFAV96CA,公東段,12.50,都市：其他
RPSNMLNKMHMFFAV96CA,公東段,34.97,都市：其他
RPSNMLNKMHMFFAV96CA,公東段,321.30,都市：其他
RPSNMLOKMHMFFAV07CA,豐橋段,1.27,都市：其他
RPSNMLOKMHMFFAV07CA,豐橋段,622.71,都市：其他
RPRNMLOKMHMFFAV96CA,豐橋段,281.51,都市：其他
RPTNMLOKMHMFFAV17CA,豐橋段,290.40,都市：其他
RPQNMLOKMHMFFAV86CA,豐橋段,18.74,都市：其他
RPQNMLOKMHMFFCV07CA,中福段,58.29,都市：商
RPUNMLLLMHMFFAV07CA,永和段,4053.10,非都市：一般農業區 ; 非都市編定：農牧用地
RPRNMLRKMHMFFAV27CA,上源段,15910.21,非都市：山坡地保育區 ; 非都市編定：農牧用地
RPPNMLOKMHMFFCV96CA,中福段,77.92,都市：住
RPPNMLOKMHMFFCV96CA,中福段,1.49,都市：住
RPPNMLLLMHMFFAV56CA,常德段,131.75,都市：住
RPXNMLOKMHMFFAV57CA,利家段,315.00,非都市：特定農業區 ; 非都市編定：甲種建築用地
RPTNMLRKMHMFFAV47CA,台東段,6.00,都市：商
RPTNMLRKMHMFFAV47CA,台東段,23.00,都市：商
RPRNMLNKMHMFFAV86CA,東農段,1879.10,都市：農
RPPNMLPLMHMFFBV07CA,新都威段,2721.02,非都市：風景區 ; 非都市編定：農牧用地
RPUNMLKLMHMFFAV96CA,知本段,2000.00,非都市：特定農業區 ; 非都市編定：農牧用地
RPWNMLKLMHMFFAV17CA,豐年段,5.50,都市：住
RPQNMLLLMHMFFAV66CA,利家段,2732.00,非都市：特定農業區 ; 非都市編定：農牧用地
RPPNMLRKMHMFFCV37DA,隆昌段,394.40,非都市：鄉村區 ; 非都市編定：乙種建築用地
RPVNMLOKMHMFFAV37CA,馬蘭段,10.49,都市：住
RPVNMLOKMHMFFAV37CA,馬蘭段,10.49,都市：住
RPPNMLPJNHMFFCV07CA,里段,595.15,都市：其他
RPPNMLRKMHMFFBV17CA,玉港段,1000.00,非都市：風景區 ; 非都市編定：農牧用地
RPSNMLOLMHMFFAV17CA,東海段,223.95,都市：住
RPSNMLOLMHMFFAV17CA,東海段,82.40,都市：住
RPSNMLOLMHMFFAV17CA,東海段,20.52,都市：住
RPSNMLOLMHMFFAV17CA,東海段,26.59,都市：住
RPQNMLMLMHMFFAV76CA,台東段,183.00,都市：住
RPPOMLPLMHMFFAV07CA,梧州段,92.60,都市：住
RPXNMLSLMHMFFAV08CA,富岡段,330.30,非都市：鄉村區 ; 非都市編定：乙種建築用地
RPPNMLLLMHMFFDV86CA,德其段,89.34,都市：住
RPPNMLSKMHMFFCV37CA,隆盛段,204.06,非都市：特定農業區 ; 非都市編定：甲種建築用地
RPRNMLOLMHMFFBV27DA,永福段,84.71,非都市：鄉村區 ; 非都市編定：乙種建築用地
RPPNMLLLMHMFFCV76CA,鹿寮段,2896.19,非都市：山坡地保育區 ; 非都市編定：農牧用地
RPPNMLLLMHMFFCV76CA,鹿寮段,1782.48,非都市：山坡地保育區 ; 非都市編定：丙種建築用地
RPPNMLLLMHMFFCV76CA,鹿寮段,2668.75,非都市：山坡地保育區 ; 非都市編定：農牧用地
RPRNMLPLMHMFFAV17CA,馬蘭段,2.35,都市：住
RPRNMLPLMHMFFAV17CA,馬蘭段,2.77,都市：住
RPPNMLOLMHMFFBV07DA,新都威段,1003.36,非都市：風景區 ; 非都市編定：農牧用地
RPQNMLKKNHMFFCV76CA,豐泉段,9.00,都市：住
RPQNMLKKNHMFFCV76CA,豐泉段,99.97,都市：住
RPQNMLKKNHMFFCV76CA,豐泉段,23.60,都市：其他
RPSNMLKLMHMFFAV86DA,大業段,2798.94,非都市：特定農業區 ; 非都市編定：農牧用地
RPSNMLKLMHMFFAV86DA,大業段,2500.00,非都市：特定農業區 ; 非都市編定：農牧用地
RPQNMLPLMHMFFDV47DA,秀山段,16.16,都市：商
RPQNMLPLMHMFFDV47DA,秀山段,.00,都市：商
RPXNMLKLMHMFFAV37DA,利卡夢段,17.29,非都市：鄉村區 ; 非都市編定：乙種建築用地
RPXNMLKLMHMFFAV37DA,利卡夢段,184.96,非都市：鄉村區 ; 非都市編定：乙種建築用地
RPRNMLLLMHMFFAV86DA,石川段,1869.60,非都市：風景區 ; 非都市編定：農牧用地
RPRNMLLLMHMFFAV86DA,石川段,1453.04,非都市：風景區 ; 非都市編定：農牧用地
RPRNMLKKNHMFFAV66CA,豐樂段,774.00,都市：工
RPVNMLTKMHMFFAV87CA,旭川段,2880.51,非都市：特定農業區 ; 非都市編定：農牧用地
RPTNMLTKMHMFFAV67CA,豐榮段,29.00,都市：其他
RPWNMLTKMHMFFAV97CA,上源段,72.54,非都市：山坡地保育區 ; 非都市編定：丙種建築用地
RPTNMLKLMHMFFCV17DA,萬朝段,6389.83,非都市：河川區 ; 非都市編定：農牧用地
RPTNMLKLMHMFFCV17DA,萬福段,534.41,非都市：河川區 ; 非都市編定：農牧用地
RPTNMLKLMHMFFCV17DA,萬福段,3593.74,非都市：河川區 ; 非都市編定：農牧用地
RPPNMLKLMHMFFDV76CA,金富段,1995.51,非都市：山坡地保育區 ; 非都市編定：農牧用地
RPQNMLTKMHMFFAV37CA,利卡夢段,237.11,非都市：特定農業區 ; 非都市編定：甲種建築用地
RPRNMLTKMHMFFAV47CA,旭川段,102.53,非都市：鄉村區 ; 非都市編定：乙種建築用地
RPUNMLKLMHMFFCV27DA,慶福段,372.51,都市：住
RPQNMLQKNHMFFBV27CA,萬年段,132.00,非都市：鄉村區 ; 非都市編定：乙種建築用地
RPVNMLPLMHMFFAV67DA,建華段,123.11,非都市：特定農業區 ; 非都市編定：農牧用地
RPQNMLPLMHMFFBV17CA,成功段,86.02,都市：住
RPQNMLOJNHMFFBV96CA,黃金橋段,138.02,非都市：鄉村區 ; 非都市編定：乙種建築用地
RPRNMLKLMHMFFAV66CA,馬蘭段,45.08,都市：住
RPPNMLOLMHMFFAV96DA,東海段,25.08,都市：住
RPPNMLOLMHMFFAV96DA,東海段,1.62,都市：住
RPQNMLOLMHMFFAV96CA,東海段,99.59,都市：住
RPSNMLPLMHMFFAV27CA,中心段,83.00,都市：住
RPQNMLLJNHMFFCV86DA,四維段,7419.89,非都市：一般農業區 ; 非都市編定：農牧用地
RPQNMLLJNHMFFCV86DA,四維段,3583.36,非都市：一般農業區 ; 非都市編定：農牧用地
RPQNMLLJNHMFFCV86DA,四維段,3719.16,非都市：一般農業區 ; 非都市編定：農牧用地
RPQNMLLJNHMFFCV86DA,四維段,3324.95,非都市：一般農業區 ; 非都市編定：農牧用地
RPPNMLPLMHMFFAV96CA,台東段,97.00,都市：住
RPPNMLPLMHMFFAV96CA,台東段,4.00,都市：住
RPTNMLRLMHMFFAV57CA,馬蘭段,111.00,都市：住
RPWNMLPLMHMFFAV67CA,豐里段,79.79,非都市：鄉村區 ; 非都市編定：乙種建築用地
RPWNMLPLMHMFFAV67CA,豐里段,11.67,非都市：鄉村區 ; 非都市編定：乙種建築用地
RPOOMLPLMHMFFAV96CA,新生段,504.00,都市：農
RPPNMLOJNHMFFAV76CA,新生段,116.00,都市：住
RPPNMLQLMHMFFAV07CA,台東段,48.00,都市：住
RPPNMLQLMHMFFBV17CA,南八里段,4091.25,非都市：風景區 ; 非都市編定：農牧用地
RPPNMLQLMHMFFBV17CA,南八里段,3430.71,非都市：風景區 ; 非都市編定：農牧用地
RPPNMLQLMHMFFBV17CA,南八里段,710.37,非都市：風景區 ; 非都市編定：農牧用地
RPPNMLQLMHMFFBV17CA,南八里段,2349.19,非都市：風景區 ; 非都市編定：農牧用地
RPXNMLPLMHMFFAV77CA,新生段,5.21,都市：住
RPPNMLMJNHMFFAV66DA,豐康段,18.81,都市：住
RPPNMLMJNHMFFAV66DA,豐康段,7.14,都市：住
RPPNMLQLMHMFFCV27CA,四維段,2500.00,非都市：一般農業區 ; 非都市編定：農牧用地
RPPNMLQLMHMFFCV27CA,四維段,2500.00,非都市：一般農業區 ; 非都市編定：農牧用地
RPPNMLQLMHMFFCV27CA,四維段,2500.44,非都市：一般農業區 ; 非都市編定：農牧用地
RPQNMLRLMHMFFAV37DA,中正段,61.00,都市：住
RPPNMLQKNHMFFAV07CA,岩灣段,188.60,都市：住
RPQNMLQLMHMFFAV27DA,知本段,1000.00,非都市：特定農業區 ; 非都市編定：農牧用地
RPRNMLQLMHMFFAV27CA,常德段,112.01,都市：住
RPSNMLNLNHMFFBV27CA,萬年段,39.00,非都市：鄉村區 ; 非都市編定：乙種建築用地
RPSNMLNLNHMFFBV27CA,萬年段,582.00,非都市：鄉村區 ; 非都市編定：乙種建築用地
RPPNMLSKNHMFFBV37CA,三間屋段,54.28,非都市：風景區 ; 非都市編定：農牧用地
RPPNMLSKNHMFFBV37CA,三間屋段,345.59,非都市：風景區 ; 非都市編定：丙種建築用地
RPVNMLRLMHMFFAV77CA,豐航段,313.15,都市：農
RPVNMLRLMHMFFAV77CA,豐航段,1397.45,都市：農
RPVNMLRLMHMFFAV77CA,豐航段,204.22,都市：農
RPVNMLRLMHMFFAV77CA,豐航段,699.20,都市：農
RPSNMLQLMHMFFAV37CA,台東段,19.49,都市：住
RPSNMLQLMHMFFAV37CA,台東段,8.34,都市：住
RPSNMLQLMHMFFAV37CA,台東段,7.68,都市：住
RPSNMLQLMHMFFAV37CA,台東段,5.85,都市：住
RPSNMLQLMHMFFAV37CA,台東段,1.03,都市：住
RPSNMLQLMHMFFAV37CA,台東段,.97,都市：住
RPUNMLQLMHMFFAV57CA,下賓朗段,218.61,非都市：一般農業區 ; 非都市編定：甲種建築用地
RPQNMLQKNHMFFDV47CA,正興段,291.68,都市：住
RPVNMLQLMHMFFAV67CA,台東段,57.92,都市：住
RPRNMLRLMHMFFAV37CA,東谷段,86.97,都市：住
RPRNMLRLMHMFFAV37CA,東谷段,8.61,都市：住
RPOOMLSLMHMFFAV27CA,利吉段,2705.75,非都市：山坡地保育區 ; 非都市編定：農牧用地
TPOOMLSLMHMFFAV47CA,利吉段,1714.14,非都市：山坡地保育區 ; 非都市編定：農牧用地
RPXNMLRLMHMFFAV97CA,豐里段,1000.00,非都市：特定農業區 ; 非都市編定：農牧用地
RPQNMLMJNHMFFCV86CA,南山段,77.98,都市：住
RPPOMLSLMHMFFAV37CA,豐康段,192.73,都市：住
RPQNMLSLMHMFFAV37CA,上源段,72.53,非都市：山坡地保育區 ; 非都市編定：丙種建築用地
RPRNMLSLMHMFFAV47CA,建成段,165.37,都市：住
RPPNMLSLMHMFFAV27CA,下賓朗段,246.76,非都市：一般農業區 ; 非都市編定：甲種建築用地
RPPNMLSLMHMFFAV27CA,下賓朗段,147.35,非都市：一般農業區 ; 非都市編定：甲種建築用地
RPSNMLSLMHMFFAV57CA,常德段,122.04,都市：住
RPQNMLMJNHMFFAV66CA,台東段,96.00,都市：住
RPVNMLSLMHMFFAV87CA,東海段,25.08,都市：住
RPVNMLSLMHMFFAV87CA,東海段,1.62,都市：住
RPPNMLLJNHMFFDV76CA,笆札筏段,171.37,非都市：鄉村區 ; 非都市編定：乙種建築用地
RPWNMLSLMHMFFAV08DA,明峰段,4000.17,非都市：山坡地保育區 ; 非都市編定：農牧用地
RPPNMLPKNHMFFAV96CA,東海段,325.03,都市：農
RPRNMLSLMHMFFBV57CA,南都歷段,2099.19,非都市：風景區 ; 非都市編定：農牧用地
RPPNMLMJNHMFFBV66CA,沙泥灣段,2030.79,非都市：風景區 ; 非都市編定：農牧用地
RPPNMLOJNHMFFBV86CA,黃金橋段,2347.01,非都市：風景區 ; 非都市編定：農牧用地
RPQNMLSLMHMFFBV47CA,都蘭段,1746.00,非都市：風景區 ; 非都市編定：農牧用地
RPUNMLSLMHMFFAV77CA,煙草間段,115.37,非都市：特定農業區 ; 非都市編定：甲種建築用地
RPPNMLSJNHMFFBV37DA,小湊段美山小段,1600.00,非都市：風景區 ; 非都市編定：農牧用地
RPRNMLSJNHMFFAV37CA,南王段,69.39,都市：住
RPRNMLSJNHMFFAV37CA,南王段,48.73,都市：住
RPSNMLSJNHMFFAV47CA,南王段,8.21,都市：其他
RPSNMLSJNHMFFAV47CA,南王段,18.60,都市：其他
RPSNMLSJNHMFFAV47CA,南王段,55.01,都市：住
RPSNMLSJNHMFFAV47CA,南王段,102.80,都市：住
RPSNMLSJNHMFFAV47CA,南王段,1.48,都市：其他
RPPNMLMJNHMFFCV76CA,里段,146.19,都市：其他
RPSNMLLJNHMFFAV76CA,泰安段,1203.80,非都市：一般農業區 ; 非都市編定：農牧用地
RPTNMLSJNHMFFAV57CA,東海段,20.30,都市：住
RPTNMLSJNHMFFAV57CA,東海段,1.31,都市：住
RPRNMLTKNHMFFAV67DA,中正段,102.50,都市：住
RPRNMLNJNHMFFBV96CA,高原段,2755.00,非都市：森林區 ; 非都市編定：農牧用地
RPQNMLMJNHMFFBV86DA,樟原段姑仔律小段,1619.00,非都市：風景區 ; 非都市編定：林業用地
RPPNMLSLMHMFFCV47CA,瑞里段,74.22,非都市：鄉村區 ; 非都市編定：乙種建築用地
RPPNMLQKNHMFFCV27CA,慶福段,86.01,都市：商
RPQNMLNJNHMFFCV96CA,西莊段,202.65,非都市：特定農業區 ; 非都市編定：甲種建築用地
RPQNMLSLMHMFFCV57CA,中福段,194.15,都市：商
