﻿編號,土地區段位置,土地移轉面積平方公尺,使用分區或編定
The serial number,land sector position,land shifting area square meter,the use zoning or compiles and checks
RPPNMLSJKHMFFAW96CA,陵水湖測段,752.82,都市：農
RPUNMLTJKHMFFAW67DA,青山段,717.96,都市：其他
RPUNMLRJKHMFFAW37CA,后湖村段,42.50,都市：其他
RPVNMLRJKHMFFAW47CA,后湖村段,814.00,都市：其他
RPWNMLRJKHMFFAW57CA,太武段,100.08,都市：住
RPWNMLRJKHMFFAW57CA,太武段,165.78,都市：其他
RPWNMLRJKHMFFAW57CA,太武段,95.13,都市：農
RPPNMLRJKHMFFAW96DA,北二三劃測段,1232.50,都市：農
RPXNMLRJKHMFFAW67CA,寧湖二劃測段,327.74,都市：農
RPTNMLMJKHMFFAW76CA,寧安二劃段,1000.00,都市：農
RPUNMLOLKHMFFAW27CA,南雄段,49.33,都市：其他
RPQNMLSJKHMFFAW17DA,新市段,4.39,都市：商
RPQNMLSJKHMFFAW17DA,新市段,23.22,都市：商
RPSNMLKKKHMFFAW56CA,山前段,343.62,都市：其他
RPTNMLTJKHMFFAW57DA,太湖劃測段,1000.02,都市：農
RPVNMLTJKHMFFAW77DA,擎天段,213.00,都市：住
RPQNMLTJKHMFFAW27DA,昔果山段,36.14,都市：住
RPPNMLPKKHMFFAW76CA,后湖村段,42.50,都市：其他
RPPNMLPKKHMFFAW76CA,后湖村段,814.00,都市：其他
RPSNMLTJKHMFFAW47DA,鎮西段,508.14,都市：農
RPTNMLOKKHMFFAW17DA,汶沙測段,60.71,都市：住
RPSNMLOKKHMFFAW07DA,汶沙測段,60.71,都市：住
RPSNMLRKKHMFFAW27CA,浯坑劃測段,511.00,都市：農
RPRNMLOKKHMFFAW96DA,汶沙測段,60.71,都市：住
RPPOMLRKKHMFFAW07CA,小西門劃測段,53.89,都市：其他
RPXNMLRKKHMFFAW77CA,寧安二劃段,38.41,都市：其他
RPRNMLMLKHMFFAW76CA,后垵段,583.38,都市：農
RPQNMLQJLHMFFAW96CA,后宅測段,742.83,都市：農
RPQNMLQJLHMFFAW96CA,斗門劃測段,1050.39,都市：農
RPQNMLQJLHMFFAW96CA,高坑劃測段,921.00,都市：農
RPQNMLQJLHMFFAW96CA,高坑劃測段,831.88,都市：農
RPQNMLQJLHMFFAW96CA,高坑劃測段,54.66,都市：其他
RPQNMLQJLHMFFAW96CA,高坑劃測段,615.72,都市：農
RPQNMLQJLHMFFAW96CA,高坑劃測段,40.95,都市：其他
RPQNMLQJLHMFFAW96CA,高坑劃測段,1110.00,都市：農
RPPNMLSKKHMFFAW07CA,寧劃段,800.00,都市：農
RPVNMLSKKHMFFAW77DA,古井段,163.69,都市：其他
RPVNMLSKKHMFFAW77DA,古井段,110.26,都市：其他
RPVNMLSKKHMFFAW77DA,古井段,151.37,都市：農
RPVNMLSKKHMFFAW77DA,古井段,307.35,都市：其他
RPVNMLSKKHMFFAW77DA,古井段,244.87,都市：其他
RPVNMLSKKHMFFAW77DA,古井段,13.34,都市：農
RPQNMLNLKHMFFAW76CA,后盤山段,876.93,都市：農
RPQNMLNLKHMFFAW76CA,陽宅段,806.24,都市：農
RPQNMLNLKHMFFAW76CA,陽宅段,693.48,都市：農
RPQNMLNLKHMFFAW76CA,陽宅段,511.29,都市：農
RPQNMLNLKHMFFAW76CA,陽宅段,365.44,都市：農
RPQNMLMLKHMFFAW66CA,金門城段,44.09,都市：其他
RPSNMLLJLHMFFAW66CA,城北段,30.55,都市：住
RPSNMLLJLHMFFAW66CA,城北段,2.44,都市：住
SPSNMLLJLHMFFAW76CA,城北段,30.55,都市：住
SPSNMLLJLHMFFAW76CA,城北段,2.44,都市：住
RPTNMLMJLHMFFAW86CA,東坑段,103.00,都市：其他
RPQNMLKLLHMFFAW56CA,市港段,18.97,都市：住
RPSNMLKLLHMFFAW76CA,中二劃段,49.10,都市：住
SPSNMLKLLHMFFAW86CA,中二劃段,49.10,都市：住
RPPNMLOLKHMFFAW76CA,湖尾村段,39.61,都市：其他
RPUNMLMJLHMFFAW96CA,尚義段,569.90,都市：農
RPUNMLMJLHMFFAW96CA,尚義段,274.74,都市：其他
RPQNMLOLKHMFFAW86CA,湖尾村段,38.07,都市：其他
RPXNMLSLLHMFFAW08CA,中二劃段,49.10,都市：住
RPPNMLLJLHMFFAW98CA,山柄段,765.25,都市：其他
RPPNMLLJLHMFFAW98CA,山柄段,41.40,都市：其他
RPQNMLLJLHMFFAW56DA,沙田劃段,880.00,都市：其他
RPSNMLOLKHMFFAW07CA,湖尾村段,39.59,都市：其他
RPPNMLNJLHMFFAW66DA,寧湖一劃段,93.30,都市：住
RPSNMLMJLHMFFAW86DA,汶沙測段,90.54,都市：住
RPRNMLLJLHMFFAW56CA,長寮段,79.38,都市：其他
RPVNMLMJLHMFFAW07CA,小西門劃測段,430.23,都市：農
RPQNMLNJLHMFFAW76DA,寧湖一劃段,97.33,都市：住
RPTNMLSJLHMFFAW47CA,東洲段,1073.67,都市：農
RPSNMLNJLHMFFAW86CA,金門城段,49.20,都市：其他
RPQNMLSJLHMFFAW17CA,煙墩段,3.17,都市：其他
RPQNMLSJLHMFFAW17CA,煙墩段,.15,都市：其他
RPQNMLSJLHMFFAW17CA,煙墩段,18.11,都市：其他
RPQNMLSJLHMFFAW17CA,煙墩段,15.39,都市：其他
RPQNMLSJLHMFFAW17CA,煙墩段,52.83,都市：其他
RPQNMLSJLHMFFAW17CA,煙墩段,3.28,都市：其他
RPQNMLSJLHMFFAW17CA,煙墩段,12.80,都市：其他
RPRNMLNKLHMFFAW86CA,機場段,573.27,都市：農
RPRNMLNKLHMFFAW86CA,機場段,699.40,都市：農
RPPNMLNKLHMFFAW66CA,黃埔段,476.00,都市：其他
RPUNMLNJLHMFFAW07CA,金門城段,49.20,都市：其他
RPQNMLNKLHMFFAW76CA,古崗村段,190.00,都市：其他
RPPNMLQJMHMFFAW07DA,庵前劃測段,611.51,都市：農
RPSNMLPKLHMFFAW17CA,煙墩段,1428.42,都市：農
RPQNMLKKLHMFFAW09CA,寧安二劃段,38.41,都市：其他
RPPNMLRJMHMFFAW07CA,前水頭測段,820.60,都市：住
RPQNMLSLLHMFFAW37CA,沙溪測段,797.06,都市：農
RPQNMLSLLHMFFAW37CA,沙溪測段,336.92,都市：其他
RPPNMLQKLHMFFAW96CA,長寮段,591.74,都市：農
RPPNMLQKLHMFFAW96CA,長寮段,80.90,都市：其他
RPTNMLNLLHMFFAW17CA,湖前段,526.11,都市：住
RPTNMLNLLHMFFAW17CA,湖前段,673.28,都市：住
RPRNMLPKLHMFFAW07CA,長寮段,49.40,都市：其他
RPTNMLRKLHMFFAW47CA,湖尾村段,39.59,都市：其他
RPRNMLOKLHMFFAW07DA,湖前段,98.24,都市：其他
RPVNMLNLLHMFFAW37CA,金門城段,37.71,都市：其他
RPUNMLSLLHMFFAW77CA,市港段,20.23,都市：住
RPRNMLSLLHMFFAW47CA,市港段,19.44,都市：住
RPSNMLNLLHMFFAW07CA,寧湖二劃測段,640.02,都市：其他
RPSNMLRKLHMFFAW37CA,寧安二劃段,1000.00,都市：農
RPPNMLLLLHMFFAW56CA,蜈蚣山段,90.26,都市：農
RPRNMLRKLHMFFAW27CA,古崗村段,169.00,都市：其他
RPPNMLMLLHMFFAW76DA,沙港劃段,682.14,都市：農
RPPNMLMLLHMFFAW76DA,沙港劃段,67.89,都市：其他
RPPNMLNLLHMFFAW76CA,榮湖段,883.74,都市：農
RPPNMLKKMHMFFAW09CA,金門城段,317.00,都市：住
RPPNMLSLLHMFFAW37DA,天后宮段,3.81,都市：其他
RPPNMLSLLHMFFAW37DA,天后宮段,42.44,都市：住
RPPNMLSLLHMFFAW37DA,天后宮段,10.80,都市：其他
RPSNMLLKMHMFFAW86CA,陽宅段,1967.00,都市：其他
RPUNMLNLLHMFFAW27CA,金門城段,41.16,都市：其他
RPSNMLSLLHMFFAW57CA,市港段,19.44,都市：住
RPXNMLNLLHMFFAW57CA,東林段,73.00,都市：其他
RPXNMLNLLHMFFAW57CA,東林段,56.00,都市：其他
RPWNMLSLLHMFFAW08DA,寧湖三劃段,704.20,都市：農
RPPNMLMKMHMFFAW66CA,寧湖三劃段,48.64,都市：住
RPTNMLOLLHMFFAW27CA,前埔測段,386.97,都市：農
RPTNMLOLLHMFFAW27CA,前埔測段,267.57,都市：農
RPTNMLOLLHMFFAW27CA,前埔測段,172.69,都市：農
RPPNMLLKMHMFFAW56CA,市港段,19.44,都市：住
RPQNMLSKMHMFFAW47DA,鎮西段,465.12,都市：農
RPUNMLKLMHMFFAW07CA,鵲山段,61585.08,都市：其他
RPUNMLKLMHMFFAW07CA,鵲山段,1402.12,都市：其他
RPUNMLKLMHMFFAW07CA,鵲山段,162.55,都市：其他
RPUNMLKLMHMFFAW07CA,鵲山段,171551.56,都市：其他
RPUNMLKLMHMFFAW07CA,鵲山段,37673.65,都市：其他
RPUNMLKLMHMFFAW07CA,鵲山段,1665.77,都市：其他
RPUNMLKLMHMFFAW07CA,鵲山段,1291.46,都市：其他
RPUNMLKLMHMFFAW07CA,鵲山段,29361.74,都市：其他
RPUNMLKLMHMFFAW07CA,鵲山段,320.89,都市：其他
RPUNMLKLMHMFFAW07CA,鵲山段,614.21,都市：其他
RPUNMLKLMHMFFAW07CA,鵲山段,37084.64,都市：其他
RPOOMLSLLHMFFAW37DA,安西劃段,245.96,都市：農
RPRNMLOLLHMFFAW17DA,汶沙測段,11.08,都市：其他
RPPOMLSLLHMFFAW47DA,安西劃段,245.96,都市：農
RPSNMLOLLHMFFAW17CA,中蘭劃測段,392.96,都市：農
RPPNMLRLMHMFFAW27CA,東洲段,5.84,都市：住
RPPNMLRLMHMFFAW27CA,東洲村段,55.93,都市：住
RPQNMLRLLHMFFAW27CA,浯坑劃測段,163.64,都市：其他
RPQNMLRLLHMFFAW27CA,浯坑劃測段,163.64,都市：其他
RPQOMLSLLHMFFAW57DA,安西劃段,491.93,都市：農
RPPNMLKMLHMFFAW56CA,蔡厝劃測段,800.00,都市：農
RPRNMLRKMHMFFAW37CA,沙宅劃段,1000.00,都市：農
RPVNMLMKMHMFFAW27CA,機場段,981.11,都市：農
RPUNMLKMLHMFFAW07CA,市港段,24.94,都市：住
RPRNMLRJMHMFFAW37DA,湖前段,97.62,都市：其他
RPVNMLRKMHMFFAW77CA,金門城段,37.88,都市：住
RPTNMLSKMHMFFAW77DA,湖前段,94.03,都市：其他
RPSNMLMLMHMFFAW07CA,湖前段,53.62,都市：其他
RPTNMLMLMHMFFAW17CA,湖前段,30.37,都市：其他
RPSNMLLJNHMFFAW96DA,山前段,383.93,都市：農
RPSNMLLJNHMFFAW96DA,山前段,77.47,都市：其他
RPTNMLLKMHMFFAW96CA,中蘭劃測段,1604.50,都市：農
RPTNMLLKMHMFFAW96CA,中蘭劃測段,100.71,都市：其他
RPUNMLLKMHMFFAW07CA,浯坑劃測段,500.02,都市：農
RPUNMLRKMHMFFAW67CA,寧湖一劃段,16.87,都市：住
RPOOMLSKMHMFFAW27CA,浯坑劃測段,71.34,都市：其他
RPPNMLRKMHMFFAW17CA,城南段,8.46,都市：商
RPPNMLRKMHMFFAW17CA,城南段,2.63,都市：其他
RPQNMLRKMHMFFAW27CA,山柄段,275.05,都市：農
RPQNMLRKMHMFFAW27CA,山柄段,266.37,都市：農
RPQNMLRKMHMFFAW27CA,山柄段,380.26,都市：農
RPQNMLKLMHMFFAW66CA,湖東劃段,500.00,都市：農
RPQNMLKLMHMFFAW66CA,湖東劃段,500.00,都市：農
RPSNMLMKMHMFFAW07DA,士校段,117.00,都市：其他
RPSNMLKLMHMFFAW86CA,高坑劃測段,53.12,都市：住
RPRNMLKLMHMFFAW76CA,高坑劃測段,26.46,都市：住
RPQNMLMKMHMFFAW76CA,市港段,11.01,都市：住
RPPNMLNKMHMFFAW76CA,多年段,360.74,都市：其他
RPPNMLNKMHMFFAW76CA,太湖劃測段,1000.02,都市：農
RPPNMLNKMHMFFAW76CA,太湖劃測段,1000.01,都市：農
RPSNMLRKMHMFFAW47CA,中二劃段,60.10,都市：住
RPRNMLMLMHMFFAW96CA,湖前段,30.37,都市：其他
RPRNMLNKMHMFFAW96CA,金門城段,44.09,都市：其他
RPRNMLLKMHMFFAW86DA,賢聚測段,102.03,都市：住
RPPNMLMLMHMFFAW76CA,湖前段,71.62,都市：其他
RPQNMLMLMHMFFAW86CA,湖前段,28.50,都市：其他
RPUNMLSLMHMFFAW87CA,東店段,91.33,都市：住
RPWNMLSKMHMFFAW97CA,前埔測段,836.86,都市：農
RPWNMLSKMHMFFAW97CA,前埔測段,430.29,都市：農
RPWNMLSKMHMFFAW97CA,前埔測段,9.72,都市：其他
RPWNMLSKMHMFFAW97CA,前埔測段,224.37,都市：農
RPVNMLSLMHMFFAW97CA,東店段,29.95,都市：住
RPWNMLSLMHMFFAW18DA,北四劃段,733.00,都市：農
RPWNMLSLMHMFFAW18DA,北四劃段,1007.00,都市：農
RPWNMLSLMHMFFAW18DA,西山段,1084.81,都市：農
RPWNMLSLMHMFFAW18DA,西山段,682.99,都市：農
RPWNMLSLMHMFFAW18DA,西山段,1007.33,都市：農
RPRNMLOKMHMFFAW07CA,寧湖二劃測段,79.03,都市：其他
RPPNMLOKMHMFFAW86CA,洪門港測段,40.09,都市：住
RPUNMLOKMHMFFAW37CA,寧湖二劃測段,1482.25,都市：其他
RPQNMLOKMHMFFAW96CA,洪門港測段,40.09,都市：住
RPVNMLOLMHMFFAW57CA,沙東劃段,172.25,都市：農
RPPNMLTKMHMFFAW37CA,盤山村段,79.00,都市：其他
RPRNMLQLMHMFFAW47DA,烏土段,409.78,都市：農
RPTNMLOKMHMFFAW27CA,青山段,19.92,都市：其他
RPTNMLTKMHMFFAW77CA,金門城段,42.14,都市：其他
RPSNMLOLMHMFFAW27CA,官嶼劃段,984.00,都市：農
RPSNMLOLMHMFFAW27CA,官嶼劃段,16.00,都市：農
RPVNMLOKMHMFFAW47CA,祥瑞段,74.67,都市：其他
RPWNMLTKMHMFFAW08CA,長寮段,10.90,都市：農
RPRNMLTKMHMFFAW57CA,市港段,11.11,都市：住
RPRNMLRLMHMFFAW57DA,莒光樓段,77.20,都市：住
RPRNMLRLMHMFFAW57DA,莒光樓段,37.03,都市：住
RPPOMLOLMHMFFAW07CA,古崗村段,27.50,都市：其他
RPPOMLOLMHMFFAW07CA,古崗村段,106.50,都市：其他
RPTNMLOLMHMFFAW37CA,官嶼劃段,1000.00,都市：農
RPQNMLPLMHMFFAW17CA,寧劃段,526.15,都市：農
RPQNMLPLMHMFFAW17CA,寧劃段,529.74,都市：農
RPUNMLOLMHMFFAW47CA,官嶼劃段,1000.00,都市：農
RPRNMLPLMHMFFAW27CA,寧安二劃段,166.75,都市：農
RPPNMLMJNHMFFAW66CA,安西劃段,714.09,都市：農
RPQNMLMJNHMFFAW76CA,安西劃段,714.10,都市：農
RPTNMLKLMHMFFAW07DA,中一段,24.20,都市：住
RPQNMLKKNHMFFAW76DA,沙港劃段,1000.05,都市：農
RPQNMLLLMHMFFAW76CA,寧湖二劃測段,1000.03,都市：農
SPUNMLMLMHMFFAW37CA,湖前段,35.62,都市：其他
RPUNMLMLMHMFFAW27CA,湖前段,35.62,都市：其他
RPUNMLPKNHMFFAW57CA,東紅山段,746.60,都市：其他
RPTNMLPKNHMFFAW47CA,寧劃段,500.00,都市：農
RPTNMLPKNHMFFAW47CA,寧劃段,481.60,都市：農
RPTNMLPKNHMFFAW47CA,寧劃段,7.42,都市：其他
RPXNMLOLMHMFFAW77CA,黃埔段,103.20,都市：住
RPPNMLLLMHMFFAW66CA,長寮段,658.66,都市：農
RPPNMLLLMHMFFAW66CA,安西劃段,35.49,都市：其他
RPPNMLOLMHMFFAW07DA,后垵段,9.77,都市：其他
RPPNMLOLMHMFFAW07DA,后垵段,120.30,都市：住
RPOOMLOLMHMFFAW07DA,北九十劃段,1000.95,都市：農
RPSNMLLLMHMFFAW96CA,市港段,19.76,都市：住
RPTNMLLLMHMFFAW07CA,市港段,19.44,都市：住
RPXNMLQLMHMFFAW97CA,后豐港段,896.00,都市：其他
RPOOMLQLMHMFFAW17CA,官嶼劃段,984.00,都市：農
RPOOMLQLMHMFFAW17CA,官嶼劃段,16.00,都市：農
RPWNMLQLMHMFFAW87CA,煙墩段,783.30,都市：其他
RPWNMLQLMHMFFAW87CA,煙墩段,3190.43,都市：其他
RPVNMLPKNHMFFAW77DA,洪門港測段,40.09,都市：其他
RPPNMLPLMHMFFAW17DA,寧湖二劃測段,52.04,都市：住
RPPNMLRJNHMFFAW27DA,北八劃段,1300.00,都市：其他
RPUNMLSJNHMFFAW87DA,洪門港測段,40.09,都市：其他
RPVNMLSJNHMFFAW08EA,小西門劃測段,199.58,都市：其他
RPXNMLSLMHMFFAW28DA,后盤山段,413.56,都市：其他
RPXNMLSLMHMFFAW28DA,后盤山段,832.13,都市：農
RPXNMLSLMHMFFAW28DA,青山段,1262.66,都市：農
RPXNMLSLMHMFFAW28DA,青山段,1140.89,都市：農
RPXNMLSLMHMFFAW28DA,中四劃段,700.00,都市：農
RPQNMLRJNHMFFAW37DA,寧北一劃段,200.00,都市：其他
RPTNMLSJNHMFFAW77DA,洪門港測段,40.09,都市：其他
RPWNMLSJNHMFFAW18EA,后垵段,371.39,都市：住
RPPNMLSLMHMFFAW37CA,沙溪測段,487.38,都市：農
RPQNMLSLMHMFFAW47CA,湖東劃段,1000.00,都市：農
RPQNMLSLMHMFFAW47CA,湖東劃段,1000.00,都市：農
RPVOMLRKNHMFFAW97CA,古坵段,297.54,都市：農
RPWNMLRKNHMFFAW97CA,榜林村段,31.64,都市：住
RPQNMLMKOHMFFAW96CA,榜林村段,15.24,都市：住
RPPNMLLJNHMFFAW56CA,陽宅段,107.00,都市：其他
RPPNMLLJNHMFFAW56CA,陽宅段,84.00,都市：其他
RPWOMLRKNHMFFAW08CA,燕南山段,401.05,都市：農
RPQNMLPJNHMFFAW07CA,陳坑段,131.94,都市：其他
RPQNMLLJNHMFFAW66CA,湖下村段,57.57,都市：其他
RPTNMLSKNHMFFAW77CA,中二劃段,78.68,都市：其他
RPTNMLSKNHMFFAW77CA,中二劃段,23.57,都市：其他
