﻿編號,屋齡,建物移轉面積平方公尺,主要用途,主要建材,建築完成日期,總層數,建物分層
The serial number,room age,building shifting area square meter,the main use,main building materials,construction completes the date,total layer,building lamination
RPPNMLQJKHMFFAX96DA,42,97.38,住家用,見其他登記事項,63年9月16日,二層,一層 二層
RPQNMLNJKHMFFAX76DA,33,37.05,住家用,鋼筋混凝土加強磚造,72年8月25日,三層,一層 二層 三層
RPQNMLOKKHMFFAX86CA,21,93.46,住家用,鋼筋混凝土造,85年3月8日,十層,七層
RPQNMLOKKHMFFAX86CA,21,28.08,見其他登記事項,鋼筋混凝土造,85年3月8日,十層,
RPVNMLLJLHMFFAX07CA,,319.44,住家用,鋼筋混凝土造,105年11月17日,三層,一層 二層 三層 見其他登記事項
RPPNMLRKKHMFFAX07CA,3,312.99,住家用,鋼筋混凝土造,102年9月14日,三層,一層 二層 三層 見其他登記事項
RPQNMLKLKHMFFAX56CA,23,2.25,見其他登記事項,鋼筋混凝土造,83年5月9日,七層,
RPQNMLKLKHMFFAX56CA,23,104.71,住家用,鋼筋混凝土造,83年5月9日,七層,四層
RPQNMLKLKHMFFAX56CA,23,10.90,見其他登記事項,鋼筋混凝土造,83年5月9日,七層,
RPQNMLKLKHMFFAX56CA,23,23.28,見其他登記事項,鋼筋混凝土造,83年5月9日,七層,
RPSNMLPKKHMFFAX27DA,52,78.28,國民住宅,見其他登記事項,54年2月1日,一層,一層
RPRNMLQKKHMFFAX17CA,24,109.85,住家用,鋼筋混凝土造,82年4月2日,六層,三層
RPPNMLNJLHMFFAX66CA,84,26.49,住家用,見其他登記事項,22年1月1日,一層,一層
RPPNMLMJLHMFFAX56CA,22,42.50,住家用,鋼筋混凝土造,84年7月7日,五層,一層
RPPNMLMJLHMFFAX56CA,22,2.89,見其他登記事項,鋼筋混凝土造,84年7月7日,五層,
RPRNMLTJLHMFFAX57DA,1,205.41,住家用,鋼筋混凝土造,104年10月8日,三層,一層 二層 三層
RPQNMLQJLHMFFAX07CA,19,185.16,住家用,鋼筋混凝土造,87年5月25日,三層,一層 二層 三層 電梯樓梯間
RPSNMLQJLHMFFAX47EA,34,95.00,住家用,鋼筋混凝土加強磚造,72年4月20日,二層,一層 二層 電梯樓梯間
RPSNMLSJLHMFFAX67EA,17,106.62,住家用,加強磚造,89年3月17日,一層,一層 電梯樓梯間
RPQOMLLJLHMFFAX76DA,17,309.21,住家用,鋼筋混凝土造,88年11月25日,五層,一層 二層 三層 四層 五層 電梯樓梯間
RPPNMLNKLHMFFAX86DA,33,112.77,住家用,鋼筋混凝土加強磚造,72年8月18日,二層,一層 二層 電梯樓梯間
RPTNMLKKLHMFFAX86CA,22,147.61,住家用,鋼筋混凝土造,83年8月10日,三層,一層 二層 三層
RPTNMLTJLHMFFAX67CA,24,175.35,住家用,鋼筋混凝土造,81年7月1日,三層,一層 二層 三層
RPRNMLSLLHMFFAX67DA,,119.09,見其他登記事項,鋼筋混凝土造,105年12月15日,四層,四層
RPPNMLSLLHMFFAX47DA,,82.56,見其他登記事項,鋼筋混凝土造,105年12月15日,一層,一層
RPRNMLKLLHMFFAX76CA,31,296.80,住商用,鋼筋混凝土造,75年8月5日,四層,一層 二層 三層 四層 電梯樓梯間 地下層
RPSNMLSLLHMFFAX77DA,,88.44,見其他登記事項,鋼筋混凝土造,105年12月15日,四層,三層
RPUNMLSLLHMFFAX97DA,,88.44,見其他登記事項,鋼筋混凝土造,105年12月15日,四層,四層
RPTNMLSLLHMFFAX87DA,,119.09,見其他登記事項,鋼筋混凝土造,105年12月15日,四層,三層
RPVNMLSLLHMFFAX08DA,,111.07,見其他登記事項,鋼筋混凝土造,105年12月15日,一層,一層
RPRNMLKKLHMFFAX86EA,44,104.50,住商用,鋼筋混凝土加強空心磚造,61年11月30日,二層,一層 二層
RPXNMLSLLHMFFAX28DA,,119.09,見其他登記事項,鋼筋混凝土造,105年12月15日,四層,二層
RPWNMLSLLHMFFAX18DA,,88.44,見其他登記事項,鋼筋混凝土造,105年12月15日,四層,二層
RPSNMLPKLHMFFAX27CA,38,42.84,住商用,鋼筋混凝土造,67年8月23日,四層,一層 二層 三層 四層
RPPNMLKLLHMFFAX56CA,32,108.80,住家用,鋼筋混凝土加強磚造,73年9月20日,一層,一層
RPSNMLKLLHMFFAX86CA,11,256.21,住家用,加強磚造,94年11月14日,二層,一層 二層
RPTNMLPJMHMFFAX37CA,21,106.85,住家用,鋼筋混凝土造,84年12月8日,七層,二層
RPTNMLPJMHMFFAX37CA,21,16.40,見其他登記事項,鋼筋混凝土造,84年12月8日,七層,
RPPNMLOLLHMFFAX96CA,11,186.73,住家用,鋼筋混凝土造,95年1月5日,三層,一層 二層 三層
RPPNMLLLLHMFFAX76DA,12,164.07,住家用,鋼筋混凝土造,94年2月18日,三層,一層 二層 三層
RPQNMLSLLHMFFAX57DA,,99.86,住家用,見其他登記事項,,一層,一層
RPPNMLRLLHMFFAX27CA,55,4.97,住家用,見其他登記事項,51年5月19日,一層,一層
RPUNMLMKMHMFFAX37DA,46,222.00,住家用,鋼筋混凝土加強磚造,60年1月1日,三層,一層 二層 三層 電梯樓梯間
RPPNMLLMLHMFFAX86DA,35,149.52,住商用,鋼筋混凝土造,70年11月1日,四層,一層 二層 三層 四層 地下層
RPRNMLMKMHMFFAX96CA,43,76.80,住家用,鋼筋混凝土加強磚造,63年6月22日,二層,一層 二層
RPPNMLLKMHMFFAX66CA,57,162.74,住家用,見其他登記事項,49年6月1日,二層,一層 二層
RPTNMLRJMHMFFAX57CA,19,165.34,住家用,加強磚造,86年9月27日,二層,一層 二層 電梯樓梯間
RPQNMLKKMHMFFAX66CA,6,422.07,住家用,鋼筋混凝土造,100年1月4日,三層,一層 二層 三層
RPRNMLPJMHMFFAX17CA,46,157.08,住家用,見其他登記事項,59年12月23日,二層,一層 二層 電梯樓梯間
RPTNMLMKMHMFFAX17CA,85,48.59,住家用,見其他登記事項,21年1月1日,一層,一層
RPWNMLLKMHMFFAX37CA,44,203.00,住家用,加強磚造,62年7月1日,二層,一層 二層
RPTNMLMJNHMFFAX17CA,40,71.50,住家用,見其他登記事項,65年12月24日,一層,一層
RPQNMLRKMHMFFAX37CA,35,93.60,見其他登記事項,鋼筋混凝土加強磚造,71年6月28日,一層,
RPRNMLSKMHMFFAX57CA,2,275.34,住家用,鋼筋混凝土造,104年4月29日,三層,一層 二層 三層
RPRNMLOLMHMFFAX27CA,22,80.55,住家用,鋼筋混凝土造,84年3月22日,五層,五層
RPRNMLOLMHMFFAX27CA,22,13.48,見其他登記事項,鋼筋混凝土造,84年3月22日,五層,
RPPNMLPLMHMFFAX27DA,,274.10,住家用,鋼筋混凝土造,106年1月19日,三層,一層 二層 三層
RPQNMLPLMHMFFAX37DA,5,259.17,住家用,鋼筋混凝土造,100年12月7日,三層,一層 二層 三層 見其他登記事項
RPSNMLPLMHMFFAX47CA,38,84.24,住商用,鋼筋混凝土加強磚造,68年6月13日,二層,一層 二層 電梯樓梯間
RPQNMLLJNHMFFAX76CA,36,135.80,住家用,鋼筋混凝土造,70年1月27日,三層,一層 二層 三層 電梯樓梯間 地下層
RPPNMLLKNHMFFAX76CA,36,137.60,住商用,鋼筋混凝土加強磚造,70年6月8日,三層,一層 二層 三層 電梯樓梯間 地下層
