﻿編號,土地區段位置,土地移轉面積平方公尺,使用分區或編定
The serial number,land sector position,land shifting area square meter,the use zoning or compiles and checks
RPSNMLOJNHLFFBD08CC,溪東段,102.31,都市：其他
RPSNMLOJNHLFFBD08CC,溪東段,3.29,都市：其他
RPUNMLOJNHLFFHR67CC,永強段,.00,都市：住
RPWNMLMJNHLFFHR77DC,蜈蜞潭段,65.00,都市：住
RPWNMLMJNHLFFHR77DC,蜈蜞潭段,16.19,都市：住
RPWNMLMJNHLFFHR77DC,蜈蜞潭段,4.76,都市：住
RPPNMLPJNHLFFCD97CC,大忠段,266.58,都市：其他
RPPNMLPJNHLFFCD97CC,大忠段,32.28,都市：其他
RPPNMLPJNHLFFCD97CC,大忠段,20.38,都市：其他
RPPNMLPJNHLFFCD97CC,大忠段,9.22,都市：其他
RPRNMLMJNHLFFHR17CC,南工段,.00,都市：住
RPUNMLPJNHLFFHR77CC,中興段,55.03,都市：住
RPUNMLPJNHLFFHR77CC,中興段,12.12,都市：住
RPUNMLNJNHLFFCD28CC,竹篙厝段,12.12,都市：住
RPUNMLNJNHLFFCD28CC,竹篙厝段,9.92,都市：住
RPSNMLPJNHLFFCD28CC,竹篙厝段,.00,都市：住
RPXOMLOJNHLFFAD58CC,大豐段,103.88,都市：住
RPQNMLSJNHLFFHR67CC,永強段,122.09,都市：其他
RPVQMLNJNHLFFAD48CC,華興段,.00,都市：住
RPPNMLSJNHLFFAD08CC,裕民段,79.80,都市：住
RPPPMLNJNHLFFAD87DC,開元段,.01,都市：其他
RPPPMLNJNHLFFAD87DC,開元段,5.46,都市：商
RPPPMLNJNHLFFAD87DC,開元段,.26,都市：住
RPSOMLTJNHLFFAD58CC,永安段,106.00,都市：住
RPPNMLSJNHLFFHR57CC,南新段,79.99,都市：其他
RPVNMLTJNHLFFCD98CC,關帝段,344.14,都市：其他
RPUNMLTJNHLFFCD88CC,關帝段,336.83,都市：其他
RPQOMLKKNHLFFCD77CC,天后段,72.53,都市：其他
RPVOMLKKNHLFFAD08CC,自強段,.00,都市：商
RPQNMLKKNHLFFCD67CC,竹篙厝段,140.00,都市：商
RPQNMLKKNHLFFCD67CC,竹篙厝段,140.00,都市：商
RPPPMLKKNHLFFAD57CC,富台段,.00,都市：住
RPQNMLKKNHLFFAD47CC,仁愛段,69.41,都市：商
RPWNMLTJNHLFFCD09CC,虎尾寮段,.00,都市：住
RPWOMLKKNHLFFAD18CC,南寧段,.00,都市：住
RPOPMLKKNHLFFAD47CC,富台段,.00,都市：住
RPSNMLLKNHLFFCD97CC,竹篙厝段,.00,都市：住
RPUNMLLKNHLFFCD18CC,光明段,.00,都市：住
RPSNMLLKNHLFFHR27CC,富強段,.00,都市：商
RPOOMLLKNHLFFHR96CC,二王段,.00,都市：住
RPPNMLLKNHLFFER66CC,大營段,88.00,非都市：特定農業區 ; 非都市編定：甲種建築用地
RPSNMLLKNHLFFFR07CC,南潭段,.00,非都市：鄉村區 ; 非都市編定：乙種建築用地
RPSNMLMKNHLFFFR17CC,二王段,4696.13,都市：其他
RPXNMLLKNHLFFCD48CC,精忠段,.00,都市：商
RPTNMLLKNHLFFCD08CC,虎尾寮段,.00,都市：住
RPOOMLLKNHLFFCD67CC,光明段,.00,都市：住
RPUOMLMKNHLFFAD18CC,保安段,112.00,都市：商
RPPNMLMKNHLFFAD57CC,北元段,.00,都市：住
RPTNMLNKNHLFFAD08CC,檨仔林段,40.35,都市：商
RPUNMLNKNHLFFAD18CC,檨仔林段,41.98,都市：商
RPVNMLNKNHLFFAD28CC,立人段,.00,非都市： ; 非都市編定：
RPTOMLNKNHLFFAD18CC,立人段,2.72,都市：其他
RPOOMLNKNHLFFAD67CC,南寧段,.00,非都市： ; 非都市編定：
RPWNMLNKNHLFFAD38CC,檨仔林段,41.98,都市：商
RPRNMLNKNHLFFAD87CC,延平段,.00,都市：住
RPXNMLNKNHLFFAD48CC,立人段,3.04,都市：其他
RPTNMLNKNHLFFCD28CC,鹽埕段,.00,都市：住
RPWNMLNKNHLFFCD58CC,新東段,.00,非都市： ; 非都市編定：
RPWNMLNKNHLFFCD58CC,新東段,.00,非都市： ; 非都市編定：
RPVNMLNKNHLFFCD48CC,鹽埕段,.00,非都市： ; 非都市編定：
RPPNMLPKNHLFFCD08CC,竹篙厝段,150.00,都市：商
RPPNMLPKNHLFFCD08CC,竹篙厝段,150.00,都市：商
RPPNMLOKNHLFFAD77CC,金華段,112.00,都市：住
RPROMLNKNHLFFHR47CC,鹽行段,.00,都市：住
RPPNMLOKNHLFFCD97CC,鹽埕段,.00,非都市： ; 非都市編定：
RPSNMLQKNHLFFAD28CC,新南段,1287.00,都市：住
RPOOMLQKNHLFFCD18CC,府東段,.00,都市：住
RPROMLNKNHLFFBD08CC,溪南段,998.57,都市：其他
RPTNMLNKNHLFFHR57CC,六甲頂段,.00,非都市： ; 非都市編定：
RPPNMLOKNHLFFHR27CC,兵北段,.00,非都市： ; 非都市編定：
RPVNMLQKNHLFFCD78CC,竹篙厝段,.00,都市：商
RPUOMLQKNHLFFER77CC,新豐段,.00,都市：住
RPWNMLQKNHLFFAD68CC,永安段,.00,都市：商
RPQPMLQKNHLFFHR77CC,文化段,.00,都市：農
RPQPMLQKNHLFFHR77CC,文化段,661.16,都市：農
RPQPMLQKNHLFFHR77CC,文化段,.00,都市：農
RPSPMLQKNHLFFHR97CC,崑山段,11.06,都市：住
RPSPMLQKNHLFFHR97CC,崑山段,44.61,都市：住
RPRPMLQKNHLFFHR87CC,頂南段,.00,都市：住
RPUNMLRKNHLFFHR08CC,仁愛段,1680.06,都市：住
RPPPMLQKNHLFFHR67CC,文化段,595.05,都市：農
RPPPMLQKNHLFFHR67CC,文化段,.00,都市：農
RPPPMLQKNHLFFHR67CC,文化段,.00,都市：農
RPRNMLRKNHLFFAD28CC,開元段,.00,都市：商
RPOOMLRKNHLFFDR27DC,佳里段,52.00,都市：住
RPOOMLRKNHLFFDR27DC,佳里段,28.85,都市：住
RPXOMLSKNHLFFAD09CC,金華段,.00,非都市： ; 非都市編定：
RPPOMLTKNHLFFHR87CC,南工段,.00,都市：商
RPUQMLSKNHLFFAD98CC,北元段,210.57,都市：住
RPTNMLTKNHLFFFR97CC,新工段,.00,非都市： ; 非都市編定：
RPTNMLTKNHLFFHR18CC,仁愛段,.00,非都市： ; 非都市編定：
RPSOMLSKNHLFFAD58CC,小北段,393.31,都市：住
RPSOMLSKNHLFFAD58CC,小北段,55.21,都市：住
RPOOMLTKNHLFFHR77CC,建國段,.00,非都市： ; 非都市編定：
RPPNMLTKNHLFFAR07CC,大同段,133.12,都市：商
RPSOMLSKNHLFFHR08CC,永強段,.00,非都市： ; 非都市編定：
RPSOMLSKNHLFFCD78CC,東寧段,.00,非都市： ; 非都市編定：
RPOOMLTKNHLFFAD28CC,青年段,.00,非都市： ; 非都市編定：
RPSOMLTKNHLFFCD88CC,鹽埕段,.00,非都市： ; 非都市編定：
RPSOMLTKNHLFFCD88CC,鹽埕段,.00,非都市： ; 非都市編定：
RPSOMLTKNHLFFCD88CC,鹽埕段,.00,非都市： ; 非都市編定：
RPVOMLKLNHLFFCD38CC,仁和段,967.97,都市：住
RPROMLKLNHLFFCD08DC,竹篙厝段,105.98,都市：住
RPPPMLKLNHLFFCD87CC,虎尾寮段,23.96,都市：住
RPQOMLKLNHLFFAD77DC,金華段,.00,非都市： ; 非都市編定：
RPVNMLLLNHLFFAD18CC,中正段,61.92,都市：商
RPVNMLLLNHLFFAD18CC,中正段,117.38,都市：商
RPVNMLLLNHLFFAD18CC,中正段,29.41,都市：商
RPVOMLLLNHLFFCD48CC,竹篙厝段,120.00,都市：住
RPPNMLMLNHLFFCD87CC,德高段,850.00,都市：住
RPQOMLTKNHLFFCD68CC,光明段,.00,非都市： ; 非都市編定：
RPXOMLNLNHLFFAD68CC,成光段,14.46,都市：其他
RPPNMLMLNHLFFFR96CC,仁義段,62.04,都市：住
RPTNMLOLNHLFFHR77CC,永康段,11.95,都市：住
RPQNMLNLNHLFFBD97CC,新淵段,.00,都市：住
RPQNMLPLNHLFFBD18CC,溪墘段,126.81,都市：住
RPSNMLPLNHLFFAD28CC,金城段,.00,都市：住
RPSNMLPLNHLFFAD28CC,金城段,.00,都市：住
RPSNMLPLNHLFFAD28CC,金城段,.00,都市：住
RPSNMLPLNHLFFAD28CC,金城段,.00,都市：住
RPSNMLPLNHLFFAD28CC,金城段,.00,都市：住
RPSNMLPLNHLFFAD28CC,金城段,.00,都市：住
RPVOMLNLNHLFFCD68CC,東光段,22.57,都市：住
RPUOMLNLNHLFFCD58CC,竹篙厝段,5.04,都市：其他
RPUOMLNLNHLFFCD58CC,竹篙厝段,5.67,都市：其他
RPUOMLNLNHLFFCD58CC,竹篙厝段,.07,都市：其他
RPPOMLQLNHLFFCD38CC,竹篙厝段,.00,都市：住
RPVNMLQLNHLFFAD68CC,白金段,57.70,都市：商
RPVNMLQLNHLFFAD68CC,白金段,57.84,都市：商
RPVNMLQLNHLFFAD68CC,白金段,58.04,都市：商
RPXNMLQLNHLFFAD88CC,赤崁段,3.54,都市：商
RPXNMLQLNHLFFAD88CC,赤崁段,.97,都市：商
RPXNMLQLNHLFFAD88CC,赤崁段,8.15,都市：商
RPXNMLQLNHLFFAD88CC,赤崁段,15.37,都市：商
RPXNMLQLNHLFFAD88CC,赤崁段,51.82,都市：商
RPXNMLQLNHLFFAD88CC,赤崁段,41.42,都市：商
RPVNMLRLNHLFFHR28CC,六合段,.00,非都市： ; 非都市編定：
RPQOMLRLNHLFFER57CC,北子店段一小段,95.00,非都市：特定農業區 ; 非都市編定：甲種建築用地
RPQOMLRLNHLFFER57CC,北子店段一小段,8.15,非都市：特定農業區 ; 非都市編定：農牧用地
RPQOMLRLNHLFFER57CC,北子店段一小段,49.81,非都市：特定農業區 ; 非都市編定：農牧用地
RPQOMLRLNHLFFER57CC,北子店段一小段,.97,非都市：特定農業區 ; 非都市編定：水利用地
RPQOMLRLNHLFFER57CC,北子店段一小段,.83,非都市：特定農業區 ; 非都市編定：甲種建築用地
RPQOMLRLNHLFFER57CC,北子店段一小段,1.15,非都市：特定農業區 ; 非都市編定：甲種建築用地
RPQOMLRLNHLFFER57CC,北子店段一小段,.08,非都市：特定農業區 ; 非都市編定：甲種建築用地
RPQOMLRLNHLFFER57CC,北子店段一小段,.04,非都市：特定農業區 ; 非都市編定：甲種建築用地
RPQOMLRLNHLFFER57CC,北子店段一小段,.76,非都市：特定農業區 ; 非都市編定：甲種建築用地
RPQOMLRLNHLFFER57CC,北子店段一小段,1.38,非都市：特定農業區 ; 非都市編定：甲種建築用地
RPOOMLQLNHLFFAD08CC,銀同段,50.00,都市：其他
RPUNMLRLNHLFFCD88CC,鹽埕段,.00,非都市： ; 非都市編定：
RPTNMLRLNHLFFCD78CC,虎尾寮段,.00,非都市： ; 非都市編定：
RPUNMLPLNHLFFCD68CC,德高段,83.00,都市：住
RPPNMLTLNHLFFCD58CC,竹篙厝段,.00,都市：住
RPQNMLTLNHLFFAD48CC,五條港段,74.07,都市：商
RPWNMLKMNHLFFHR77CC,大灣段,.00,都市：工
RPOOMLKMNHLFFCD77CC,竹篙厝段,23.51,都市：住
RPPNMLTLNHLFFAD38CC,立人段,2.90,都市：住
RPVOMLKMNHLFFER47CC,番子寮段,.00,非都市：鄉村區 ; 非都市編定：乙種建築用地
RPWNMLLMNHLFFCD58CC,水交社段,.00,都市：商
RPQOMLLMNHLFFHR37CC,南工段,.00,都市：住
RPSOMLKMNHLFFCD18CC,鹽埕段,.00,非都市： ; 非都市編定：
RPRNMLTLNHLFFAD58CC,立人段,4.35,都市：住
RPOPMLKMNHLFFAD67CC,公園段,.00,非都市： ; 非都市編定：
RPOPMLKMNHLFFAD67CC,公園段,.00,非都市： ; 非都市編定：
RPQNMLMJOHLFFHR17CC,頂南段,.00,都市：住
RPXOMLLJOHLFFCD58CC,大同段,.00,都市：商
RPPOMLNJOHLFFAD77CC,金華段,93.00,都市：住
RPSOMLMJOHLFFCD18CC,竹篙厝段,20.56,非都市： ; 非都市編定：
RPOOMLMJOHLFFBD67CC,安慶段,160.73,都市：住
RPPNMLNJOHLFFCR66CC,番子田段,22.00,都市：住
RPPNMLNJOHLFFCR66CC,番子田段,48.00,都市：住
RPPNMLNJOHLFFCR66CC,番子田段,29.00,都市：住
RPQNMLNJOHLFFFR07CC,神農段,1162.53,非都市：工業區 ; 非都市編定：丁種建築用地
RPQNMLNJOHLFFFR07CC,神農段,42.89,非都市：工業區 ; 非都市編定：丁種建築用地
RPUNMLMJOHLFFDR27DC,六安段,312.67,都市：農
RPORMLLMNHLFFAD97CC,新南段,30.18,都市：住
RPUNMLOJOHLFFAD28CC,新美段,30.98,都市：商
RPUNMLOJOHLFFAD28CC,新美段,3.39,都市：其他
RPUNMLOJOHLFFAD28CC,新美段,3.39,都市：其他
RPUNMLOJOHLFFAD28CC,新美段,.23,都市：其他
RPUNMLOJOHLFFAD28CC,新美段,.12,都市：其他
RPUNMLOJOHLFFAD28CC,新美段,13.59,都市：其他
RPROMLOJOHLFFAD08CC,東豐段,.00,都市：住
RPQNMLOJOHLFFBD97CC,安和段,401.01,都市：工
RPQNMLOJOHLFFBD97CC,安和段,100.00,都市：工
RPPNMLQJOHLFFAD97CC,三民段,.00,都市：商
RPQOMLOJOHLFFCD18CC,光華段,.00,非都市： ; 非都市編定：
RPPNMLOJOHLFFHR27CC,六合段,.00,非都市： ; 非都市編定：
RPPNMLOJOHLFFHR27CC,六合段,.00,非都市： ; 非都市編定：
RPRPMLOJOHLFFCD38CC,東光段,.00,都市：商
RPRNMLRJOHLFFHR77CC,蜈蜞潭段,27.95,都市：其他
RPOPMLOJOHLFFAD87CC,裕民段,112.26,都市：其他
RPOPMLOJOHLFFAD87CC,裕民段,19.03,都市：其他
RPTOMLOJOHLFFCD48CC,精忠段,.00,都市：住
RPROMLOJOHLFFBD18CC,和館段,.00,都市：住
RPTNMLRJOHLFFHR97CC,成功段,15.00,都市：商
RPQNMLKKOHLFFHR07CC,六甲頂段,.00,都市：住
RPPNMLTJOHLFFHR77CC,永和段,92.56,都市：其他
RPTNMLKKOHLFFFR17CC,武東段,.00,非都市： ; 非都市編定：
RPRNMLSJOHLFFBD48CC,安和段,403.57,都市：工
RPRNMLKKOHLFFAD67CC,金城段,312.00,都市：住
RPPPMLRJOHLFFHR77CC,南工段,90.20,都市：其他
RPSNMLKKOHLFFHR27CC,兵北段,.00,非都市： ; 非都市編定：
RPVNMLRJOHLFFDR87DC,佳里段,114.00,都市：其他
RPWPMLRJOHLFFHR48CC,大灣段,.00,非都市： ; 非都市編定：
RPSNMLKKOHLFFCD97CC,虎尾寮段,.00,非都市： ; 非都市編定：
RPRNMLLKOHLFFAD77CC,觀音段,.00,都市：商
RPPNMLLKOHLFFCD77CC,虎尾寮段,.00,非都市： ; 非都市編定：
RPRNMLLKOHLFFCD97CC,鹽埕段,.00,非都市： ; 非都市編定：
RPQNMLLKOHLFFCD87CC,鹽埕段,.00,非都市： ; 非都市編定：
RPPNMLLKOHLFFHR07CC,二王段,.00,非都市： ; 非都市編定：
RPSNMLLKOHLFFAD87CC,永安段,.00,都市：住
RPPNMLLKOHLFFAD57CC,頂美段,.00,非都市： ; 非都市編定：
RPSOMLNKOHLFFHR67CC,大灣段,331.00,都市：其他
RPPNMLMKOHLFFBD77CC,和館段,42.42,都市：住
RPQNMLLKOHLFFAD67CC,開元段,.00,非都市： ; 非都市編定：
RPROMLNKOHLFFAD08CC,金華段,18.71,都市：住
RPVNMLPKOHLFFAD58CC,南寧段,.00,非都市： ; 非都市編定：
RPUNMLOKOHLFFFR67CC,二仁段,46.35,都市：其他
RPUNMLOKOHLFFFR67CC,二仁段,25.42,都市：其他
RPUNMLOKOHLFFFR67CC,二仁段,87.39,都市：住
RPUNMLOKOHLFFCD58CC,府連段,17.69,都市：商
RPQNMLQKOHLFFAD28DC,五條港段,15.55,都市：商
RPQNMLQKOHLFFAD28DC,五條港段,16.98,都市：商
RPQNMLQKOHLFFAD28DC,五條港段,12.77,都市：商
RPRNMLPKOHLFFHR67CC,六甲頂段,.00,都市：住
RPQOMLOKOHLFFAD08CC,中正段,4.01,都市：商
RPXNMLNKOHLFFCD78CC,公英段,.00,非都市： ; 非都市編定：
RPUNMLNKOHLFFCD48CC,竹篙厝段,106.00,都市：住
RPRNMLQKOHLFFER47CC,華興段,89.69,都市：住
RPRNMLRKOHLFFHR87CC,蜈蜞潭段,.00,都市：其他
RPXNMLRKOHLFFCD56CC,裕東段,.00,都市：住
RPVNMLKLOHLFFAD28DC,開元段,.41,都市：住
RPVNMLKLOHLFFAD28DC,開元段,.02,都市：其他
RPVNMLKLOHLFFAD28DC,開元段,8.57,都市：商
RPPNMLTKOHLFFCD58CC,光明段,23.80,都市：住
RPWNMLKLOHLFFAD28CC,正興段,.00,都市：其他
RPQNMLLLOHLFFER96CC,大營段,87.00,非都市：特定農業區 ; 非都市編定：甲種建築用地
RPOOMLLLOHLFFBD77CC,安和段,.00,都市：工
RPSNMLLLOHLFFBD08CC,安中段,.00,都市：住
RPRNMLLLOHLFFAD87CC,富台段,.00,都市：住
RPTNMLLLOHLFFER27CC,慶安段,130.27,都市：商
RPTNMLLLOHLFFER27CC,慶安段,2.81,都市：其他
RPOOMLLLOHLFFAD67CC,金城段,193.00,都市：住
RPOOMLLLOHLFFAD67CC,金城段,150.00,都市：住
RPOOMLLLOHLFFAD67CC,金城段,141.00,都市：住
RPOOMLLLOHLFFAD67CC,金城段,151.00,都市：住
RPSNMLLLOHLFFAD97CC,延平段,.00,都市：住
RPPNMLMLOHLFFBD87CC,安東段,.00,都市：住
RPWNMLLLOHLFFCD58CC,竹篙厝段,11.10,都市：商
RPVNMLMLOHLFFER57CC,潭頂段,347.12,非都市：鄉村區 ; 非都市編定：乙種建築用地
RPROMLLLOHLFFCD18CC,新東段,83.00,都市：商
RPUNMLMLOHLFFER47CC,善成段,89.53,都市：住
RPUNMLMLOHLFFER47CC,善成段,89.86,都市：住
RPSNMLMLOHLFFER27CC,慶安段,75.84,都市：農
RPVNMLMLOHLFFAD38CC,開元段,.00,都市：商
RPTNMLLLOHLFFCD28CC,精忠段,.00,都市：住
RPQOMLLLOHLFFCD08CC,龍山段,.00,都市：住
RPTNMLMLOHLFFER37CC,善文段,66.19,都市：其他
RPUNMLNLOHLFFHR87CC,信義段,.00,都市：住
RPVNMLNLOHLFFAR27CC,武廟段,20.07,都市：住
RPWNMLNLOHLFFDR77DC,佛天段,103.47,都市：住
RPXNMLNLOHLFFAD68CC,頂美段,.00,非都市： ; 非都市編定：
RPTNMLOLOHLFFBD48CC,和館段,.00,都市：住
RPPNMLRLOHLFFER47CC,富強段,67.04,都市：其他
RPUNMLOLOHLFFHR97CC,鹽東段,.00,都市：住
RPOOMLNLOHLFFAD87CC,金華段,.00,非都市： ; 非都市編定：
RPVNMLOLOHLFFHR08CC,保生段,.00,都市：住
RPOPMLOLOHLFFAD08CC,金華段,.00,非都市： ; 非都市編定：
RPOOMLOLOHLFFHR47CC,六甲頂段,.00,非都市： ; 非都市編定：
RPQNMLRLOHLFFAR17CC,華城段,19.70,都市：住
RPSNMLSLOHLFFHR18CC,大灣段,.00,都市：住
RPQNMLTLOHLFFAD58CC,開元段,.00,都市：商
RPVNMLTLOHLFFCD66CC,德高段,.00,都市：住
RPQOMLSLOHLFFAD58CC,公園段,.00,都市：商
RPVNMLRLOHLFFAR67CC,新電段,56.64,都市：商
RPVNMLRLOHLFFAR67CC,新電段,9.98,都市：商
RPVNMLRLOHLFFAR67CC,新電段,14.95,都市：住
RPWNMLTLOHLFFAD56CC,金華段,.00,都市：商
RPVNMLTLOHLFFAD09CC,南寧段,.00,都市：住
RPROMLSLOHLFFCD88CC,虎尾寮段,6.56,都市：住
RPSOMLSLOHLFFCD98CC,虎尾寮段,6.56,都市：住
RPQNMLTLOHLFFHR08CC,永和段,.00,都市：住
RPTPMLLJPHLFFAD18CC,立人段,3.26,都市：住
RPQNMLOJPHLFFAD08DC,青年段,40.38,都市：商
RPQNMLLJPHLFFHR17CC,橋北段,80.36,都市：住
RPUNMLOJPHLFFAD38CC,北安段,81.00,都市：住
RPUNMLNJPHLFFCD48CC,鹽埕段,34.61,都市：住
RPTNMLKMOHLFFHR57CC,中興段,1898.49,都市：住
RPRNMLKMOHLFFHR37CC,六甲頂段,.00,都市：住
RPVNMLTLOHLFFBD56CC,淵東段,.00,都市：住
RPOOMLPJPHLFFCD18CC,虎尾寮段,9.91,都市：商
RPSOMLPJPHLFFCD58CC,竹篙厝段,.00,都市：住
RPVNMLQJPHLFFBD78CC,安東段,.00,都市：住
RPSNMLQJPHLFFAD38CC,富台段,.00,都市：住
RPUOMLKMOHLFFCD58DC,東寧段,32.70,都市：住
RPQOMLRJPHLFFAD38CC,銀同段,107.77,都市：其他
RPROMLQJPHLFFBD48CC,媽宮段,.00,都市：住
RPROMLQJPHLFFBD48CC,媽宮段,.00,都市：住
RPQOMLPJPHLFFCD38CC,東寧段,.00,都市：住
RPXPMLRJPHLFFAD56CC,郡王段,.00,非都市： ; 非都市編定：
RPQNMLQJPHLFFER37CC,新音段,.00,都市：商
RPQNMLRJPHLFFFR57CC,二王段,.00,都市：農
RPPNMLTJPHLFFBD48CC,安慶段,447.80,都市：其他
RPPNMLTJPHLFFBD48CC,安慶段,2568.18,都市：住
RPPNMLTJPHLFFBD48CC,安慶段,1119.64,都市：其他
RPPNMLTJPHLFFBD48CC,安慶段,33.08,都市：住
RPQNMLTJPHLFFAD48CC,自強段,54.00,都市：商
RPQNMLTJPHLFFAD48CC,自強段,43.00,都市：商
RPPNMLTJPHLFFCD58CC,龍山段,37.00,都市：商
RPRNMLTJPHLFFCD78CC,虎尾寮段,.00,都市：住
RPPNMLMKPHLFFCD97CC,育樂段,61.00,都市：住
RPVNMLMKPHLFFER57CC,大洲段,87.00,非都市：鄉村區 ; 非都市編定：乙種建築用地
RPQOMLLKPHLFFAD87CC,富台段,.00,都市：住
RPSNMLNKPHLFFHR67CC,兵南段,.00,都市：住
RPTNMLLKPHLFFER27CC,番子寮段,61.32,非都市：特定專用區 ; 非都市編定：甲種建築用地
RPQNMLTJPHLFFBD58CC,怡中段,51.95,都市：住
RPPNMLNKPHLFFAD87CC,金華段,.00,都市：住
RPQOMLNKPHLFFAD08CC,仁愛段,.00,非都市： ; 非都市編定：
RPRNMLPKPHLFFHR77CC,北灣段,.00,都市：住
RPQOMLPKPHLFFCD48CC,大同段,91.17,都市：商
RPPOMLPKPHLFFCD38CC,新東段,.00,都市：商
RPPOMLPKPHLFFCD38CC,新東段,.00,都市：商
RPROMLPKPHLFFAD38CC,成光段,.00,都市：住
RPXNMLPKPHLFFHR38CC,六甲頂段,.00,都市：住
RPUOMLPKPHLFFAD68CC,檨仔林段,.00,都市：商
RPVNMLPKPHLFFHR18CC,鹽新段,.00,都市：住
RPUNMLOKPHLFFAD48CC,新南段,.00,都市：商
RPTPMLPKPHLFFAD68CC,公園段,.00,非都市： ; 非都市編定：
RPTPMLPKPHLFFAD68CC,公園段,.00,非都市： ; 非都市編定：
RPTPMLPKPHLFFAD68CC,公園段,.00,非都市： ; 非都市編定：
RPVOMLPKPHLFFAD78CC,廣慈段,.00,都市：住
RPVOMLPKPHLFFAD78CC,廣慈段,.00,都市：住
RPVOMLPKPHLFFAD78CC,廣慈段,.00,都市：住
RPUOMLPKPHLFFHR18CC,永華段,119.26,都市：住
RPWNMLPKPHLFFFR08CC,民權段,202.93,都市：住
RPOOMLPKPHLFFFR37CC,後壁段,.00,都市：住
RPQOMLPKPHLFFHR87DC,大灣段,552.00,都市：其他
RPRNMLQKPHLFFAD38CC,延平段,.00,都市：住
RPXNMLPKPHLFFFR18CC,白崙段,.00,都市：住
RPPNMLRKPHLFFAD28CC,金華段,.00,非都市： ; 非都市編定：
RPQNMLRKPHLFFAD38CC,臨安段,.00,非都市： ; 非都市編定：
RPRNMLRKPHLFFAD48CC,保安段,.00,非都市： ; 非都市編定：
RPROMLPKPHLFFBD48CC,溪東段,.00,都市：住
RPSOMLPKPHLFFBD58CC,安西段,.00,非都市： ; 非都市編定：
RPPNMLSKPHLFFER57CC,大榮段,63.00,都市：其他
RPPOMLPKPHLFFBD28CC,州北段,125.00,都市：住
RPRNMLSKPHLFFDR67CC,佳里段,109.00,都市：住
RPPNMLRKPHLFFHR77CC,頂安段,.00,非都市： ; 非都市編定：
RPPNMLRKPHLFFFR57CC,德崙段,.00,非都市： ; 非都市編定：
RPTOMLSKPHLFFHR48DC,南新段,9.67,都市：商
RPTOMLSKPHLFFHR48DC,南新段,18.00,都市：商
RPPOMLTKPHLFFER77CC,頂山腳段,3527.00,非都市：特定農業區 ; 非都市編定：農牧用地
RPPOMLTKPHLFFER77CC,頂山腳段,450.00,非都市：鄉村區 ; 非都市編定：乙種建築用地
RPUOMLTKPHLFFAD09CC,金華段,14.34,都市：住
RPWOMLTKPHLFFAD66CC,正興段,25.88,都市：商
RPXOMLTKPHLFFAD76CC,觀音段,34.20,都市：商
RPSNMLTKPHLFFAD78CC,建興段,.00,都市：住
RPSNMLTKPHLFFAD78CC,建興段,.00,都市：住
RPOPMLTKPHLFFAD58CC,觀音段,53.19,都市：商
RPUNMLKLPHLFFAD18CC,新南段,.00,非都市： ; 非都市編定：
RPPOMLKLPHLFFER96CC,北勢段,43.95,非都市：特定專用區 ; 非都市編定：甲種建築用地
RPPNMLKLPHLFFBD77CC,鎮安段,1.15,都市：住
RPPNMLKLPHLFFBD77CC,鎮安段,8.11,都市：住
RPPNMLKLPHLFFBD77CC,鎮安段,.39,都市：住
RPPNMLKLPHLFFBD77CC,鎮安段,10.70,都市：住
RPPNMLKLPHLFFBD77CC,鎮安段,.39,都市：住
RPPNMLKLPHLFFBD77CC,鎮安段,72.55,都市：住
RPWNMLKLPHLFFAD38CC,開元段,.00,非都市： ; 非都市編定：
RPPNMLKLPHLFFHR17CC,鹽東段,319.90,都市：工
RPPNMLLLPHLFFHR27CC,南工段,.00,都市：商
RPTNMLLLPHLFFFR47CC,中洲西段,.00,非都市：鄉村區 ; 非都市編定：乙種建築用地
RPTNMLLLPHLFFFR47CC,中洲西段,.00,非都市：鄉村區 ; 非都市編定：乙種建築用地
RPQOMLLLPHLFFFR27CC,岳王段,.00,非都市： ; 非都市編定：
RPTNMLLLPHLFFAD18CC,正興段,.00,都市：商
RPUNMLLLPHLFFHR77CC,六甲頂段,.00,非都市： ; 非都市編定：
RPQNMLLLPHLFFER07CC,北子店段一小段,.00,非都市：特定農業區 ; 非都市編定：甲種建築用地
RPVNMLLLPHLFFHR87CC,六甲頂段,.00,非都市： ; 非都市編定：
RPUNMLLLPHLFFAD28CC,北元段,.00,非都市： ; 非都市編定：
RPQOMLLLPHLFFAD97CC,永福段,49.00,都市：商
RPRPMLLLPHLFFAD18CC,開元段,5.47,都市：住
RPRPMLLLPHLFFAD18CC,開元段,.26,都市：住
RPRPMLLLPHLFFAD18CC,開元段,.02,都市：住
RPROMLLLPHLFFCD28CC,裕東段,111.86,都市：住
RPQOMLMLPHLFFCD28CC,竹篙厝段,82.00,都市：商
RPQOMLMLPHLFFCD28CC,竹篙厝段,79.00,都市：商
RPQNMLPLPHLFFHR77CC,六甲頂段,.00,非都市： ; 非都市編定：
RPPNMLPLPHLFFHR67CC,永華段,.00,非都市： ; 非都市編定：
RPRNMLPLPHLFFCD58CC,光明段,93.00,都市：住
RPSNMLMLPHLFFHR67CC,六合段,.00,都市：住
RPSNMLMLPHLFFHR67CC,六合段,.00,都市：住
RPSNMLPLPHLFFHR97CC,永興段,.00,非都市： ; 非都市編定：
RPQOMLLLPHLFFCD18CC,新興段,.00,非都市： ; 非都市編定：
RPXOMLMLPHLFFCD98CC,立德段,22.81,都市：住
RPRNMLLLPHLFFCD18CC,南華段,.00,非都市： ; 非都市編定：
RPXNMLPLPHLFFCD56CC,竹篙厝段,.00,非都市： ; 非都市編定：
RPTNMLPLPHLFFAD58CC,正覺段,.00,非都市： ; 非都市編定：
RPOOMLPLPHLFFCD38CC,虎尾寮段,.00,非都市： ; 非都市編定：
RPVNMLPLPHLFFAD78CC,金華段,.00,非都市： ; 非都市編定：
RPSNMLPLPHLFFAD48CC,延平段,.00,非都市： ; 非都市編定：
RPXNMLPLPHLFFAD98CC,金華段,.00,非都市： ; 非都市編定：
RPROMLPLPHLFFAD48CC,北華段,.00,非都市： ; 非都市編定：
RPPOMLPLPHLFFCD48CC,水交社段,.00,非都市： ; 非都市編定：
RPSNMLQLPHLFFAD58CC,金華段,.00,都市：住
RPUNMLQLPHLFFAD78CC,開元段,.00,都市：商
RPWNMLQLPHLFFAD98CC,裕民段,.00,都市：住
RPWNMLPLPHLFFAD88CC,金華段,.00,非都市： ; 非都市編定：
RPPNMLQLPHLFFER47CC,善中段,166.13,都市：住
RPQNMLQLPHLFFHR87CC,六合段,.00,都市：住
RPSNMLQLPHLFFHR08CC,鹽中段,.00,都市：住
RPPOMLQLPHLFFAD38CC,觀音段,34.20,都市：商
RPQOMLQLPHLFFAD48CC,五條港段,26.84,都市：商
RPQOMLQLPHLFFAD48CC,五條港段,12.90,都市：商
RPQOMLQLPHLFFAD48CC,五條港段,29.83,都市：商
RPWNMLSLPHLFFAD56CC,開元段,.00,都市：住
RPVOMLTLPHLFFAD66CC,開元段,10.72,都市：商
RPVOMLTLPHLFFAD66CC,開元段,.41,都市：住
RPTOMLTLPHLFFAD09CC,北元段,843.02,都市：住
RPPNMLLMPHLFFAD87CC,金華段,4.43,都市：住
RPRNMLTLPHLFFAD78CC,仁愛段,557.00,都市：商
RPRNMLTLPHLFFAD78CC,仁愛段,130.00,都市：住
RPVPMLTLPHLFFCD07DC,新東段,42.84,都市：住
RPQNMLTLPHLFFHR18CC,永仁段,.00,都市：住
