﻿編號,土地區段位置,土地移轉面積平方公尺,使用分區或編定
The serial number,land sector position,land shifting area square meter,the use zoning or compiles and checks
RPSQMLOJNHLFFAO76CC,東橋段,.00,都市：住
RPOPMLOJNHLFFAO88CC,榮光段二小段,.00,都市：商
RPXOMLNJNHLFFAO96CC,國道段,.00,都市：住
RPSQMLNJNHLFFAO66CC,長春段,.00,都市：住
RPUNMLNJNHLFFAO56CC,光武段,.00,都市：住
RPTPMLPJNHLFFAO86CC,西門段一小段,.00,都市：商
RPUNMLPJNHLFFAO76CC,復中段,.00,都市：住
RPQPMLPJNHLFFAO56CC,聚吉段,.00,都市：商
RPTNMLPJNHLFFAO66CC,東光段,.00,都市：商
RPTNMLPJNHLFFAO66CC,東光段,.00,都市：商
RPOPMLPJNHLFFAO98CC,聚吉段,.00,都市：商
RPQOMLPJNHLFFAO09CC,榮光段二小段,.00,都市：住
RPSPMLPJNHLFFAO76CC,崙子段,.00,都市：住
RPROMLQJNHLFFAO66CC,唐高段,.00,都市：住
RPSOMLQJNHLFFAO76CC,唐高段,.00,都市：住
RPOPMLNKNHLFFAO88CC,大庄段,.00,都市：住
RPPPMLQJNHLFFAO56CC,光復段,.00,都市：住
RPSNMLQJNHLFFAO66CC,光復段,.00,都市：住
RPXNMLTJNHLFFAO47CC,武陵段,.00,都市：其他
RPQPMLQJNHLFFAO66CC,光復段,.00,都市：住
RPXNMLMKNHLFFAO86CC,武陵段,.00,都市：住
RPVOMLRKNHLFFAO27CC,竹蓮段,.00,都市：住
RPUNMLPKNHLFFAO86CC,武陵段,.00,都市：住
RPXOMLMKNHLFFAO96CC,南門段四小段,.00,都市：住
RPXOMLMKNHLFFAO96CC,南門段四小段,.00,都市：住
RPXOMLMKNHLFFAO96CC,南門段四小段,.00,都市：住
RPTPMLQJNHLFFAO96CC,國道段,.00,都市：商
RPUQMLOLNHLFFAO17CC,樹下段,57.06,非都市：鄉村區 ; 非都市編定：乙種建築用地
RPSQMLNLNHLFFAO86CC,中山段二小段,.00,都市：商
RPSQMLNLNHLFFAO86CC,中山段二小段,.00,都市：商
RPSQMLNLNHLFFAO86CC,中山段二小段,.00,都市：商
RPSQMLNLNHLFFAO86CC,中山段二小段,.00,都市：商
RPSQMLNLNHLFFAO86CC,中山段二小段,.00,都市：商
RPXOMLKLNHLFFAO86CC,長春段,.00,都市：住
RPUOMLTKNHLFFAO37CC,東山段一小段,.00,都市：住
RPUOMLTKNHLFFAO37CC,東山段一小段,.00,都市：其他
RPVOMLPLNHLFFAO17CC,親仁段二小段,.00,都市：住
RPTSMLPLNHLFFAO37CC,東光段,547.27,都市：商
RPPPMLQLNHLFFAO76CC,柑林段,.00,非都市：山坡地保育區 ; 非都市編定：丙種建築用地
RPPPMLQLNHLFFAO76CC,柑林段,.00,非都市：山坡地保育區 ; 非都市編定：丙種建築用地
RPWPMLPLNHLFFAO37CC,西濱段,.00,都市：住
RPRPMLKMNHLFFAO09CC,光復段,.00,都市：住
RPPRMLQLNHLFFAO96CC,北門段,16.01,都市：商
RPPNMLNJOHLFFAO78CC,中央段,.00,都市：住
RPWPMLMJOHLFFAO96CC,榮光段一小段,.00,都市：商
RPRNMLPJOHLFFAO56CC,西門段三小段,.00,都市：商
RPPPMLOJOHLFFAO09CC,聚吉段,.00,都市：商
RPUNMLPJOHLFFAO86CC,福林段,.00,都市：住
RPTNMLPJOHLFFAO76CC,信義段,.00,都市：住
RPVNMLPJOHLFFAO96CC,中雅段,.00,都市：住
RPOQMLQJOHLFFAO66CC,南門段三小段,.00,都市：商
RPXPMLQJOHLFFAO47CC,民富段,.00,都市：住
RPSQMLQJOHLFFAO07CC,北門段,.00,都市：住
RPQRMLQJOHLFFAO96CC,國道段,.00,都市：商
RPVPMLRJOHLFFAO37CC,長春段,.00,都市：住
RPXPMLSJOHLFFAO67CC,新莊段,6.46,都市：商
RPRPMLMKOHLFFAO56CC,香中段,.00,都市：住
RPTPMLMKOHLFFAO76CC,南門段四小段,.00,都市：商
RPTPMLMKOHLFFAO76CC,南門段四小段,.00,都市：商
RPXPMLMKOHLFFAO17CC,武陵段,.00,都市：住
RPPQMLMKOHLFFAO09CC,光復段,.00,都市：住
RPOPMLOKOHLFFAO09CC,東光段,16.00,都市：商
RPRPMLNKOHLFFAO66CC,東門段一小段,.00,都市：商
RPRPMLNKOHLFFAO66CC,東門段一小段,.00,都市：商
RPOQMLOKOHLFFAO56CC,榮光段一小段,.00,都市：住
RPOPMLRKOHLFFAO76CC,北門段,.00,都市：住
RPVOMLPKOHLFFAO17CC,榮光段一小段,9.07,都市：住
RPQPMLRKOHLFFAO96CC,復中段,.00,都市：住
RPVQMLKLOHLFFAO96CC,光華段,.00,都市：住
RPPPMLLLOHLFFAO98CC,光武段,.00,都市：住
RPUOMLQLNHLFFAO17CC,北門段,.00,都市：商
RPRNMLQLOHLFFAO86CC,東山段二小段,.00,都市：住
RPWNMLLLOHLFFAO86CC,國道段,.00,都市：住
RPRQMLMJOHLFFAO56CC,信義段,.00,都市：住
RPXOMLOLOHLFFAO37CC,榮光段三小段,.00,都市：商
RPXOMLOLOHLFFAO37CC,榮光段三小段,.00,都市：商
RPXOMLOLOHLFFAO37CC,榮光段三小段,.00,都市：商
RPXOMLOLOHLFFAO37CC,榮光段三小段,.00,都市：商
RPXOMLOLOHLFFAO37CC,榮光段三小段,.00,都市：商
RPSNMLPJOHLFFAO66CC,竹蓮段,.00,都市：商
RPSRMLKMNHLFFAO76CC,自由段,.00,都市：住
RPRNMLLJOHLFFAO78CC,忠孝段,179.00,都市：住
RPQNMLPJOHLFFAO09CC,新興段一小段,.00,都市：住
RPROMLRLOHLFFAO07CC,光復段,.00,都市：住
RPSOMLRLOHLFFAO17CC,信義段,.00,都市：住
RPVNMLSLOHLFFAO47CC,東橋段,8.18,都市：住
RPVNMLSLOHLFFAO47CC,東橋段,.48,都市：住
RPVNMLSLOHLFFAO47CC,東橋段,1.57,都市：住
RPVNMLSLOHLFFAO47CC,東橋段,18.85,都市：住
RPOOMLSLOHLFFAO86CC,柴橋段,87.78,都市：住
RPXNMLRLOHLFFAO57CC,東山段一小段,85.00,都市：其他
RPQOMLRLOHLFFAO96CC,崙子段,61.00,非都市：鄉村區 ; 非都市編定：乙種建築用地
RPQOMLSLOHLFFAO07CC,北門段,.00,都市：商
RPTUNLKMOHLFFAO37CC,南湖段,.00,非都市：山坡地保育區 ; 非都市編定：丙種建築用地
RPQNMLTLOHLFFAO07CC,武陵段,.00,都市：住
RPTNMLTLOHLFFAO37CC,中華段,.00,都市：其他
RPVOMLLJPHLFFAO76CC,北門段,.00,都市：商
RPVNMLTLOHLFFAO57CC,親仁段二小段,.00,都市：住
RPOPMLPJPHLFFAO56CC,長春段,.00,都市：住
RPUNMLMJPHLFFAO66CC,長春段,37.34,都市：住
RPPQMLPJPHLFFAO76CC,復中段,.00,都市：住
RPROMLSLOHLFFAO17CC,北門段,.00,都市：商
RPPNMLNJPHLFFAO88CC,東明段,26.59,都市：住
RPWNMLTLOHLFFAO77DC,西門段一小段,.00,都市：商
RPRNMLKKPHLFFAO88CC,新興段,.00,都市：住
RPUOMLQJPHLFFAO17CC,三姓段,.00,都市：商
RPRPMLQJPHLFFAO96CC,南湖段,.00,非都市：山坡地保育區 ; 非都市編定：丙種建築用地
RPUNMLKKPHLFFAO56CC,關東段,.00,都市：住
RPVNMLQJPHLFFAO17CC,光武段,.00,都市：住
RPOPMLQJPHLFFAO66CC,柴橋段,.00,都市：其他
RPXOMLQJPHLFFAO47CC,新興段一小段,.00,都市：住
RPSOMLQJPHLFFAO96CC,聚吉段,.00,都市：商
RPTOMLQJPHLFFAO07CC,東山段一小段,.00,都市：住
RPVOMLQJPHLFFAO27CC,南門段四小段,.00,都市：住
RPSOMLLKPHLFFAO56CC,新興段一小段,.00,都市：住
RPPWMLNKPHLFFAO27CC,師院段,.00,非都市：山坡地保育區 ; 非都市編定：丙種建築用地
RPSONLNKPHLFFAO86CC,榮光段三小段,.00,都市：商
RPXNMLKKPHLFFAO86CC,自由段,.00,都市：住
RPVOMLPKPHLFFAO27CC,中興段,.00,都市：農
RPWNMLKKPHLFFAO76CC,北門段,.00,都市：住
RPVOMLMKPHLFFAO96CC,國道段,.00,都市：住
RPSOMLPKPHLFFAO96CC,東明段,.00,都市：住
RPUOMLPKPHLFFAO17CC,北門段,.00,都市：商
RPUPMLOKPHLFFAO17CC,新興段一小段,.00,都市：住
RPSTMLMLPHLFFAO27CC,北門段,.00,都市：住
RPVPMLOKPHLFFAO27CC,新興段一小段,.00,都市：住
RPWNMLKLPHLFFAO86CC,武陵段,.00,都市：住
RPPNOLLLPHLFFAO09CC,科園段科園小段,.00,都市：其他
RPVTMLMLPHLFFAO57CC,東山段一小段,.00,都市：住
RPUTMLMLPHLFFAO47CC,西門段三小段,73.11,都市：住
RPTNMLTKPHLFFAO37CC,聚吉段,.00,都市：商
RPUPMLTKPHLFFAO67CC,新興段,59.00,都市：住
RPUPMLTKPHLFFAO67CC,新興段,1.00,都市：住
RPUPMLTKPHLFFAO67CC,新興段,73.00,都市：住
RPUPMLTKPHLFFAO67CC,新興段,36.00,都市：住
RPUPMLTKPHLFFAO67CC,新興段,181.00,都市：住
RPUPMLTKPHLFFAO67CC,新興段,62.00,都市：住
RPUPMLTKPHLFFAO67CC,新興段,60.00,都市：住
RPUPMLTKPHLFFAO67CC,新興段,60.00,都市：住
RPUPMLTKPHLFFAO67CC,新興段,60.00,都市：住
RPUPMLTKPHLFFAO67CC,新興段,72.00,都市：住
RPQRMLPLPHLFFAO37EC,光華段,2.12,都市：住
RPQQMLQLPHLFFAO17CC,信義段,4012.00,都市：住
RPRSMLQLPHLFFAO47CC,中華段,.00,都市：其他
RPTPNLLLPHLFFAO96CC,復興段,.80,都市：住
RPTPNLLLPHLFFAO96CC,復興段,10.13,都市：住
RPTPNLLLPHLFFAO96CC,復興段,.61,都市：住
RPRQMLPLPHLFFAO17CC,東山段一小段,.00,都市：商
RPSQMLPLPHLFFAO27CC,西門段一小段,.00,都市：商
RPXNMLKLPHLFFAO17EC,國道段,.00,都市：商
RPRRMLSLPHLFFAO57CC,中央段,.00,都市：住
RPRQMLRLPHLFFAO37CC,關東段,.00,都市：商
RPXOMLQLPHLFFAO67CC,新興段一小段,.00,都市：住
RPPOMLTLPHLFFAO17CC,關東段,.00,都市：住
RPPOMLTLPHLFFAO17CC,關東段,.00,都市：住
RPRNMLLMPHLFFAO56CC,中華段,.00,都市：商
RPPNMLLMPHLFFAO98CC,東光段,.00,都市：商
RPPNMLLMPHLFFAO98CC,東光段,.00,都市：商
RPSPMLRLPHLFFAO37CC,北門段,.00,都市：商
RPQNMLLMPHLFFAO09CC,光復段,.00,都市：住
RPTPMLRLPHLFFAO47CC,榮光段一小段,.00,都市：商
RPOPMLRLPHLFFAO96CC,聚吉段,.00,都市：商
RPUNMLLMPHLFFAO86CC,東光段,.00,都市：商
RPVNMLLMPHLFFAO96CC,光復段,.00,都市：住
RPPQMLSLPHLFFAO27CC,中華段,.00,都市：住
