﻿編號,土地區段位置,土地移轉面積平方公尺,使用分區或編定
The serial number,land sector position,land shifting area square meter,the use zoning or compiles and checks
RPTNMLNJNHLFFAV96CA,梧州段,189.44,都市：住
RPPNMLOJNHLFFBV76CA,東河段,3.81,都市：住
RPPNMLOJNHLFFBV76CA,東河段,5.09,都市：住
RPXNMLMKNHLFFAV37CA,後湖段,160.46,非都市：山坡地保育區 ; 非都市編定：林業用地
RPXNMLMKNHLFFAV37CA,後湖段,157.40,非都市：山坡地保育區 ; 非都市編定：林業用地
RPXNMLMKNHLFFAV37CA,後湖段,113.05,非都市：山坡地保育區 ; 非都市編定：林業用地
RPRNMLNJNHLFFAV86DA,建本段,176.45,都市：其他
RPTNMLQLNHLFFBV57CA,大俱來段,225.21,非都市：風景區 ; 非都市編定：農牧用地
RPQNMLQKNHLFFAV07CA,利家段,2961.00,非都市：特定農業區 ; 非都市編定：農牧用地
RPVNMLOLNHLFFAV47CA,東谷段,104.57,都市：住
RPRNMLPJNHLFFAV96CA,豐年段,133.20,都市：住
RPWNMLOJNHLFFAV37CA,豐榮段,55.00,都市：住
RPXNMLQJNHLFFAV67CA,馬蘭段,50.77,都市：住
RPWNMLTJNHLFFAV87CA,馬蘭段,39.90,都市：住
RPTNMLQJNHLFFAV27CA,青林段,139.15,非都市：山坡地保育區 ; 非都市編定：丙種建築用地
RPQNMLTJNHLFFAV27CA,利家段,141.72,非都市：鄉村區 ; 非都市編定：乙種建築用地
RPXNMLTJNHLFFAV97CA,普優瑪段,76.41,都市：住
RPUNMLOJNHLFFAV17CA,岩灣段,1124.19,都市：住
RPSNMLKKNHLFFAV66CA,台東段,138.00,都市：住
RPPNMLQJNHLFFBV96CA,北八里段,2144.26,非都市：風景區 ; 非都市編定：農牧用地
RPRNMLTJNHLFFAV37CA,永和段,1622.44,非都市：一般農業區 ; 非都市編定：農牧用地
RPRNMLTJNHLFFAV37CA,永和段,1622.44,非都市：一般農業區 ; 非都市編定：農牧用地
RPTNMLOJNHLFFAV07CA,新園段,331.00,非都市：特定農業區 ; 非都市編定：丁種建築用地
RPTNMLOJNHLFFAV07CA,新園段,331.00,非都市：特定農業區 ; 非都市編定：丁種建築用地
RPSNMLOJNHLFFAV96CA,常德段,93.87,都市：住
RPPNMLOJNHLFFAV66CA,常德段,12.53,都市：住
RPQNMLQJNHLFFBV07CA,北八里段,2144.26,非都市：風景區 ; 非都市編定：農牧用地
RPRNMLQJNHLFFBV17CA,北八里段,2144.26,非都市：風景區 ; 非都市編定：農牧用地
RPUNMLTJNHLFFAV67CA,東海段,22.69,都市：住
RPUNMLTJNHLFFAV67CA,東海段,1.46,都市：住
RPPNMLSKNHLFFCV37CA,福原段,309.21,都市：農
RPPNMLSKNHLFFCV37CA,福原段,1582.54,都市：農
RPSNMLKMNHLFFBV96CA,北佳里段,27.09,非都市：鄉村區 ; 非都市編定：乙種建築用地
RPVNMLTJNHLFFAV77CA,台東段,40.00,都市：住
RPVNMLTJNHLFFAV77CA,台東段,11.00,都市：住
RPQNMLQJNHLFFAV07DA,中正段,45.00,都市：住
RPPNMLTJNHLFFBV27CA,高台段,117.96,非都市：鄉村區 ; 非都市編定：乙種建築用地
RPPNMLTKNHLFFCV47CA,南山段,72.58,都市：住
RPPNMLTKNHLFFCV47CA,南山段,36.54,都市：住
RPRNMLOLNHLFFAV07CA,南王段,1741.72,都市：住
RPRNMLOLNHLFFAV07CA,南王段,67.05,都市：住
RPSNMLTJNHLFFAV47CA,豐康段,89.77,都市：住
RPRNMLNKNHLFFAV86CA,台東段,53.60,都市：住
RPPNMLTJNHLFFAV17CA,馬蘭段,152.00,都市：住
RPSNMLLKNHLFFAV76CA,射馬干段,4389.05,非都市：特定農業區 ; 非都市編定：農牧用地
RPRNMLPLNHLFFAV17CA,初鹿段,800.00,非都市：特定農業區 ; 非都市編定：農牧用地
RPRNMLPLNHLFFAV17CA,初鹿段,3148.00,非都市：特定農業區 ; 非都市編定：農牧用地
RPPNMLPLNHLFFAV96CA,興安段,631.23,都市：住
RPRNMLKKNHLFFAV56CA,馬蘭段,45.60,都市：住
RPQNMLPLNHLFFAV07CA,興安段,66.37,都市：住
RPPNMLKKNHLFFBV09CA,都蘭段,31.00,非都市：風景區 ; 非都市編定：農牧用地
RPRNMLKMNHLFFBV86CA,七里段,5903.27,非都市：風景區 ; 非都市編定：農牧用地
RPRNMLKMNHLFFBV86CA,七里段,2382.95,非都市：風景區 ; 非都市編定：農牧用地
RPQNMLLKNHLFFBV66CA,北都蘭段,384.47,非都市：風景區 ; 非都市編定：農牧用地
RPQNMLLKNHLFFBV66CA,北都蘭段,2815.82,非都市：風景區 ; 非都市編定：農牧用地
RPQNMLLKNHLFFBV66CA,北都蘭段,2551.51,非都市：風景區 ; 非都市編定：農牧用地
RPQNMLLKNHLFFBV66CA,北都蘭段,1637.38,非都市：風景區 ; 非都市編定：農牧用地
RPQNMLLKNHLFFBV66CA,北都蘭段,2090.46,非都市：風景區 ; 非都市編定：農牧用地
RPQNMLKKNHLFFBV56CA,都蘭段,7.00,非都市：風景區 ; 非都市編定：農牧用地
RPPNMLKKNHLFFAV98CA,常德段,105.89,都市：住
RPQNMLKKNHLFFAV09CA,新園段,2759.00,非都市：特定農業區 ; 非都市編定：農牧用地
RPQNMLKKNHLFFAV09CA,新園段,6675.00,非都市：特定農業區 ; 非都市編定：農牧用地
RPQNMLKKNHLFFAV09CA,新園段,8.00,非都市：特定農業區 ; 非都市編定：農牧用地
RPQNMLKKNHLFFAV09CA,新園段,2203.00,非都市：特定農業區 ; 非都市編定：農牧用地
RPQNMLKKNHLFFAV09CA,新園段,207.00,非都市：特定農業區 ; 非都市編定：農牧用地
RPSNMLKMNHLFFAV86CA,上南寮段,451.14,都市：農
RPTNMLKKNHLFFAV76CA,台東段,192.00,都市：住
RPRNMLLKNHLFFAV66CA,中心段,114.00,都市：住
RPQNMLLKNHLFFAV56CA,自強段,98.86,都市：住
RPPNMLMKNHLFFDV86CA,復興段,103.27,都市：住
RPPNMLMKNHLFFDV86CA,復興段,91.46,都市：住
RPQNMLMKNHLFFAV66CA,岩灣段,272.56,都市：住
RPPNMLLKNHLFFCV66CA,豐泉段,20.23,都市：住
RPPNMLNKNHLFFCV96DA,鹿野段,1809.00,非都市：特定農業區 ; 非都市編定：農牧用地
RPPNMLNKNHLFFCV96DA,鹿野段,1863.00,非都市：特定農業區 ; 非都市編定：農牧用地
RPQNMLNKNHLFFCV07DA,康源段,18790.00,非都市：山坡地保育區 ; 非都市編定：農牧用地
RPQNMLPLNHLFFBV27DA,高原段,155.00,非都市：森林區 ; 非都市編定：農牧用地
RPPNMLPKNHLFFAV86CA,利家段,2656.00,非都市：特定農業區 ; 非都市編定：農牧用地
RPPNMLNKNHLFFAV66CA,後湖段,317.32,非都市：山坡地保育區 ; 非都市編定：農牧用地
RPPNMLNKNHLFFAV66CA,後湖段,893.29,非都市：山坡地保育區 ; 非都市編定：農牧用地
RPQNMLNKNHLFFAV76CA,班鳩段,1121.85,非都市：一般農業區 ; 非都市編定：農牧用地
RPRNMLMKNHLFFAV76CA,台東段,15.75,都市：住
RPRNMLMKNHLFFAV76CA,台東段,7.50,都市：住
RPSNMLNKNHLFFAV96CA,馬蘭段,6.81,都市：住
RPSNMLNKNHLFFAV96CA,馬蘭段,8.01,都市：住
RPPNMLTKNHLFFAV27CA,知本段,129.00,非都市：特定農業區 ; 非都市編定：甲種建築用地
RPTNMLQKNHLFFAV37CA,新中寮段,174.94,都市：住
RPTNMLQKNHLFFAV37CA,新中寮段,1.52,都市：住
RPQNMLRKNHLFFAV17CA,豐里段,98.86,非都市：特定農業區 ; 非都市編定：甲種建築用地
RPPNMLLKNHLFFBV56CA,大濱段重安小段,1241.50,非都市：風景區 ; 非都市編定：農牧用地
RPPNMLLKNHLFFBV56CA,大濱段重安小段,1241.50,非都市：風景區 ; 非都市編定：農牧用地
RPSNMLRKNHLFFAV37CA,台東段,91.00,都市：住
RPPNMLRKNHLFFAV07CA,新園段,3670.00,非都市：特定農業區 ; 非都市編定：農牧用地
RPUNMLMJOHLFFAV17DA,上岩灣段,.17,都市：住
RPUNMLMJOHLFFAV17DA,上岩灣段,7.89,都市：住
RPUNMLMJOHLFFAV17DA,上岩灣段,.03,都市：住
RPSNMLQLNHLFFBV47CA,新竹湖段,263.67,非都市：鄉村區 ; 非都市編定：乙種建築用地
RPRNMLSKNHLFFCV57CA,龍田段,348.85,都市：住
RPRNMLSKNHLFFCV57CA,龍田段,72.98,都市：住
RPRNMLSKNHLFFCV57CA,龍田段,312.24,都市：住
RPRNMLSKNHLFFCV57CA,龍田段,71.71,都市：住
RPRNMLSKNHLFFCV57CA,鹿野段,1398.00,都市：農
RPSNMLLMNHLFFDV27CA,壢坵段,280.00,非都市：鄉村區 ; 非都市編定：乙種建築用地
RPWNMLLMNHLFFAV47DA,豐年段,113.88,都市：住
RPVNMLLMNHLFFAV37DA,豐年段,204.96,都市：住
RPPNMLOKOHLFFDV27DA,土段,20150.00,非都市：森林區 ; 非都市編定：林業用地
RPPNMLRKNHLFFBV27DA,忠仁段,73.94,都市：住
RPPNMLRKNHLFFBV27DA,忠仁段,27.60,都市：住
RPPNMLOKNHLFFCV96CA,大埔段,74.27,都市：住
RPSNMLQKNHLFFAV27CA,知本段,2500.00,非都市：特定農業區 ; 非都市編定：農牧用地
RPPNMLQKNHLFFCV27DA,加拿段,719.00,非都市：山坡地保育區 ; 非都市編定：農牧用地
RPRNMLQKNHLFFAV17CA,豐聖段,22.30,都市：其他
RPPNMLRJOHLFFDV47DA,北太麻里段,62.00,非都市：山坡地保育區 ; 非都市編定：丙種建築用地
RPPNMLRJOHLFFDV47DA,北太麻里段,207.00,非都市：山坡地保育區 ; 非都市編定：丙種建築用地
RPTNMLRKNHLFFAV47CA,豐康段,79.91,都市：住
RPPNMLKLNHLFFAV09CA,順天段,31.48,都市：農
RPPNMLKLNHLFFAV09CA,順天段,4417.93,都市：農
RPRNMLKMNHLFFAV76CA,台東段,36.00,都市：住
RPPNMLSKNHLFFAV17CA,東海段,141.67,都市：住
RPRNMLKLNHLFFAV66CA,台東段,66.00,都市：農
RPRNMLKLNHLFFAV66CA,台東段,66.00,都市：農
RPRNMLKLNHLFFAV66CA,台東段,66.00,都市：農
RPRNMLKLNHLFFAV66CA,台東段,67.00,都市：農
RPRNMLTKNHLFFAV47CA,康樂段,1059.00,非都市：特定農業區 ; 非都市編定：農牧用地
RPPNMLMLNHLFFAV66CA,台東段,15.23,都市：住
RPRNMLQLNHLFFBV37CA,田組段,1822.00,非都市：風景區 ; 非都市編定：農牧用地
RPSNMLTKNHLFFAV57CA,中正段,779.00,都市：住
RPRNMLSKNHLFFAV47DA,利卡夢段,39.32,非都市：鄉村區 ; 非都市編定：乙種建築用地
RPRNMLSKNHLFFAV47DA,利卡夢段,17.47,非都市：鄉村區 ; 非都市編定：乙種建築用地
RPQNMLSKNHLFFAV27CA,台東段,112.00,都市：住
RPPNMLOLNHLFFBV96CA,玉港段,8.74,非都市：風景區 ; 非都市編定：遊憩用地
RPPNMLOLNHLFFBV96CA,玉港段,17.67,非都市：風景區 ; 非都市編定：農牧用地
RPPNMLOLNHLFFBV96CA,玉港段,1110.85,非都市：風景區 ; 非都市編定：農牧用地
RPTNMLOLNHLFFAV37DA,永和段,120.16,都市：住
RPQNMLQJOHLFFDV37CA,荖花段,80.53,非都市：一般農業區 ; 非都市編定：甲種建築用地
RPQNMLTKNHLFFCV67DA,廣原段,13300.00,非都市：山坡地保育區 ; 非都市編定：農牧用地
RPPNMLQLNHLFFDV37CA,大竹段,370.00,非都市：鄉村區 ; 非都市編定：乙種建築用地
RPPNMLQJOHLFFDV27CA,荖花段,79.95,非都市：一般農業區 ; 非都市編定：甲種建築用地
RPWNMLRJOHLFFAV77CA,建國段,186.36,都市：商
RPPNMLKLNHLFFCV66CA,四維段,152.16,非都市：一般農業區 ; 非都市編定：甲種建築用地
RPSNMLKLNHLFFAV76CA,中心段,106.00,都市：住
RPQNMLOKOHLFFCV17CA,紅葉段,1907.00,都市：其他
RPQNMLOKOHLFFCV17CA,紅葉段,143.00,都市：其他
RPQNMLOKOHLFFCV17CA,紅葉段,50.00,都市：其他
RPQNMLQLNHLFFBV27CA,新竹湖段,6245.07,非都市：風景區 ; 非都市編定：農牧用地
RPPNMLRLNHLFFAV17CA,台東段,174.33,都市：住
RPPNMLRLNHLFFAV17CA,台東段,4.81,都市：住
RPPNMLLMNHLFFCV96DA,隆盛段,41.25,非都市：特定農業區 ; 非都市編定：甲種建築用地
RPPNMLLMNHLFFCV96DA,隆盛段,1.12,非都市：特定農業區 ; 非都市編定：甲種建築用地
RPQNMLNLNHLFFAV86CA,大豐段,234.74,非都市：特定農業區 ; 非都市編定：甲種建築用地
RPQNMLOLNHLFFBV07CA,高原段,86.00,非都市：鄉村區 ; 非都市編定：乙種建築用地
RPPNMLMKOHLFFBV76CA,三民段,143.70,都市：住
RPUNMLOLNHLFFAV37CA,台東段,183.00,都市：住
RPVNMLPLNHLFFAV67DA,自強段,33.00,都市：住
RPRNMLPLNHLFFBV37DA,高原段,149.00,非都市： ; 非都市編定：
RPSNMLOLNHLFFAV17CA,台東段,53.60,都市：住
RPOOMLPLNHLFFAV07DA,台東段,56.00,都市：商
RPOOMLPLNHLFFAV07DA,台東段,5.00,都市：商
RPQNMLRKOHLFFBV47DA,高原段,204.00,非都市：森林區 ; 非都市編定：丙種建築用地
RPUNMLPLNHLFFAV57DA,豐聖段,1348.86,都市：農
RPQNMLPLNHLFFCV27CA,南山段,417.28,非都市：一般農業區 ; 非都市編定：農牧用地
RPPNMLPLNHLFFCV17CA,南山段,614.40,非都市：一般農業區 ; 非都市編定：甲種建築用地
RPPNMLPLNHLFFCV17CA,南山段,626.12,非都市：一般農業區 ; 非都市編定：甲種建築用地
RPQNMLKLOHLFFCV86CA,廣原段,14070.00,非都市：山坡地保育區 ; 非都市編定：農牧用地
RPPNMLQLNHLFFCV27CA,崁頂段,4210.00,非都市：山坡地保育區 ; 非都市編定：農牧用地
RPQNMLOJOHLFFAV96DA,馬蘭段,47.31,都市：住
RPQNMLOLNHLFFAV07DA,岩灣段,103.88,都市：住
RPRNMLLMNHLFFAV86CA,豐田段,76.84,都市：住
RPRNMLLMNHLFFAV86CA,豐田段,43.18,都市：其他
RPRNMLLMNHLFFAV86CA,豐田段,34.66,都市：住
RPRNMLLMNHLFFAV86CA,豐田段,20.66,都市：住
RPRNMLLMNHLFFAV86CA,豐田段,13.06,都市：住
RPRNMLLMNHLFFAV86CA,豐田段,1.00,都市：住
RPRNMLLMNHLFFAV86CA,豐田段,1.82,都市：住
RPRNMLLMNHLFFAV86CA,豐田段,1.12,都市：其他
RPRNMLLMNHLFFAV86CA,豐田段,.30,都市：住
RPRNMLLMNHLFFAV86CA,豐田段,.15,都市：其他
RPRNMLLMNHLFFAV86CA,豐田段,.70,都市：住
RPRNMLLMNHLFFAV86CA,豐田段,8.57,都市：住
RPRNMLLMNHLFFAV86CA,豐田段,6.64,都市：其他
RPRNMLLMNHLFFAV86CA,豐田段,12.54,都市：住
RPRNMLLMNHLFFAV86CA,豐田段,8.85,都市：其他
RPRNMLLMNHLFFAV86CA,豐田段,4.24,都市：其他
RPRNMLLMNHLFFAV86CA,豐田段,1.88,都市：住
RPRNMLLMNHLFFAV86CA,豐田段,.03,都市：其他
RPRNMLLMNHLFFAV86CA,豐田段,.03,都市：其他
RPRNMLLMNHLFFAV86CA,豐田段,.03,都市：其他
RPRNMLLMNHLFFAV86CA,豐田段,.70,都市：住
RPRNMLLMNHLFFAV86CA,豐田段,3.70,都市：住
RPRNMLLMNHLFFAV86CA,豐田段,11.48,都市：住
RPRNMLLMNHLFFAV86CA,豐田段,8.06,都市：住
RPRNMLLMNHLFFAV86CA,豐田段,85.66,都市：其他
RPRNMLLMNHLFFAV86CA,豐田段,34.57,都市：住
RPRNMLLMNHLFFAV86CA,豐田段,15.09,都市：住
RPRNMLLMNHLFFAV86CA,豐田段,102.32,都市：住
RPRNMLLMNHLFFAV86CA,豐田段,7.48,都市：住
RPRNMLLMNHLFFAV86CA,豐田段,15.73,都市：住
RPRNMLLMNHLFFAV86CA,豐田段,.97,都市：住
RPRNMLLMNHLFFAV86CA,豐田段,.27,都市：其他
RPRNMLLMNHLFFAV86CA,豐田段,.18,都市：其他
RPRNMLLMNHLFFAV86CA,豐田段,.30,都市：其他
RPRNMLLMNHLFFAV86CA,豐田段,73.83,都市：住
RPRNMLLMNHLFFAV86CA,豐田段,2.33,都市：其他
RPRNMLLMNHLFFAV86CA,豐田段,3.53,都市：其他
RPRNMLLMNHLFFAV86CA,豐田段,38.01,都市：其他
RPRNMLLMNHLFFAV86CA,豐田段,169.68,都市：其他
RPRNMLLMNHLFFAV86CA,豐田段,44.48,都市：其他
RPRNMLLMNHLFFAV86CA,豐田段,1.76,都市：其他
RPRNMLLMNHLFFAV86CA,豐田段,3.35,都市：其他
RPRNMLLMNHLFFAV86CA,豐田段,1.46,都市：其他
RPRNMLLMNHLFFAV86CA,豐田段,7.71,都市：其他
RPRNMLLMNHLFFAV86CA,豐田段,3.69,都市：其他
RPRNMLLMNHLFFAV86CA,豐田段,1.05,都市：其他
RPRNMLLMNHLFFAV86CA,豐田段,6.25,都市：其他
RPRNMLLMNHLFFAV86CA,豐田段,17.15,都市：其他
RPRNMLLMNHLFFAV86CA,豐田段,4.95,都市：其他
RPRNMLLMNHLFFAV86CA,豐田段,6.41,都市：其他
RPRNMLLMNHLFFAV86CA,豐田段,18.92,都市：其他
RPRNMLLMNHLFFAV86CA,豐田段,1.64,都市：其他
RPRNMLLMNHLFFAV86CA,豐田段,.66,都市：其他
RPRNMLLMNHLFFAV86CA,豐田段,4.35,都市：其他
RPRNMLLMNHLFFAV86CA,豐田段,.25,都市：其他
RPRNMLLMNHLFFAV86CA,豐田段,2.07,都市：其他
RPRNMLLMNHLFFAV86CA,豐田段,1.98,都市：其他
RPRNMLLMNHLFFAV86CA,豐田段,.91,都市：其他
RPRNMLLMNHLFFAV86CA,豐田段,2.87,都市：其他
RPRNMLLMNHLFFAV86CA,豐田段,21.66,都市：其他
RPRNMLLMNHLFFAV86CA,豐田段,.52,都市：其他
RPRNMLLMNHLFFAV86CA,豐田段,2.18,都市：其他
RPRNMLLMNHLFFAV86CA,豐航段,1.32,都市：其他
RPRNMLLMNHLFFAV86CA,豐航段,3.77,都市：其他
RPQOMLSJOHLFFAV37CA,利家段,159.00,非都市：鄉村區 ; 非都市編定：乙種建築用地
RPTNMLPLNHLFFAV37CA,富岡南段,195.13,非都市：鄉村區 ; 非都市編定：乙種建築用地
RPXNMLPLNHLFFAV77CA,豐航段,720.32,都市：農
RPXNMLPLNHLFFAV77CA,豐航段,720.32,都市：農
RPXNMLPLNHLFFAV77CA,豐航段,719.32,都市：農
RPXNMLPLNHLFFAV77CA,豐航段,719.32,都市：農
RPSNMLPLNHLFFAV27CA,富岡南段,166.01,非都市：鄉村區 ; 非都市編定：乙種建築用地
RPPNMLQLNHLFFAV07CA,富岡段,111.51,非都市：鄉村區 ; 非都市編定：乙種建築用地
RPQNMLKMNHLFFAV66CA,光明段,3306.00,都市：農
RPQNMLKMNHLFFAV66CA,光明段,173.00,都市：農
RPSNMLNJOHLFFAV96CA,豐年段,11.00,都市：住
RPRNMLMJOHLFFAV76CA,鎮樂段,14456.00,非都市：山坡地保育區 ; 非都市編定：農牧用地
RPPNMLPLNHLFFBV07CA,田組段,5124.89,非都市：風景區 ; 非都市編定：農牧用地
RPPNMLOLNHLFFAV96DA,建本段,130.81,都市：農
RPSNMLMJOHLFFAV86CA,鎮樂段,214.00,非都市：山坡地保育區 ; 非都市編定：丙種建築用地
RPPNMLRLNHLFFCV37CA,南山段,78.86,都市：住
RPRNMLOKOHLFFBV27DA,沙泥灣段,231.17,非都市：風景區 ; 非都市編定：農牧用地
RPQNMLQLNHLFFAV27DA,永豐段,1612.38,都市：農
RPPNMLRLNHLFFDV47CA,金富段,294.68,非都市：鄉村區 ; 非都市編定：乙種建築用地
RPVNMLOKOHLFFAV47CA,台東段,58.76,都市：住
RPUNMLKMNHLFFAV07CA,東興段,177.38,非都市：鄉村區 ; 非都市編定：乙種建築用地
RPSNMLLMNHLFFAV07DA,豐年段,5.50,都市：住
RPTNMLLMNHLFFAV07CA,中心段,95.00,都市：住
RPPNMLMJOHLFFAV56CA,豐航段,640.62,都市：農
RPPNMLMJOHLFFAV56CA,豐航段,1466.91,都市：農
RPPNMLMJOHLFFAV56CA,豐航段,1462.49,都市：農
RPRNMLQLNHLFFAV27CA,岩灣段,131.45,都市：住
RPPNMLKLOHLFFDV96DA,加羅板段,863.75,非都市：山坡地保育區 ; 非都市編定：農牧用地
RPVNMLKMNHLFFAV17CA,台東段,108.00,都市：住
RPPNMLRKOHLFFDV47CA,秀山段,8.52,都市：住
RPRNMLQJOHLFFAV17CA,自強段,105.00,都市：住
RPQNMLLMNHLFFAV86DA,中心段,56.00,都市：住
RPQNMLLMNHLFFAV86DA,中心段,61.00,都市：住
RPQNMLLMNHLFFAV86DA,中心段,11.00,都市：住
RPRNMLOKOHLFFCV37DA,大埔段,82.81,都市：住
RPRNMLLMNHLFFCV07CA,豐泉段,77.67,都市：住
RPRNMLKLOHLFFCV96CA,龍田段,1392.75,都市：住
RPQNMLLMNHLFFCV96CA,中和段,308.10,非都市：一般農業區 ; 非都市編定：甲種建築用地
RPTNMLMJOHLFFAV96CA,建本段,6.15,都市：住
RPTNMLMJOHLFFAV96CA,建本段,92.29,都市：住
RPPNMLNLOHLFFBV96CA,馬稼海段,684.86,非都市：鄉村區 ; 非都市編定：乙種建築用地
RPPNMLNJOHLFFAV76DA,班鳩段,4314.50,非都市：山坡地保育區 ; 非都市編定：農牧用地
RPXNMLLMNHLFFAV47CA,豐里段,551.45,非都市：特定農業區 ; 非都市編定：甲種建築用地
RPQNMLMJOHLFFAV66CA,台東段,142.00,都市：住
RPPOMLSJOHLFFAV27CA,新園段,2164.00,非都市：特定農業區 ; 非都市編定：農牧用地
RPPOMLSJOHLFFAV27CA,新園段,2164.00,非都市：特定農業區 ; 非都市編定：農牧用地
RPRNMLKLOHLFFAV76CA,大豐段,1473.12,非都市：特定農業區 ; 非都市編定：農牧用地
RPRNMLKLOHLFFAV76CA,大豐段,4449.33,非都市：特定農業區 ; 非都市編定：農牧用地
RPUNMLRJOHLFFAV57CA,台東段,118.00,都市：住
RPPNMLOJOHLFFAV76CA,興安段,143.13,都市：住
RPPNMLLMNHLFFBV76CA,都豐段,251.89,非都市：鄉村區 ; 非都市編定：乙種建築用地
RPPNMLSLOHLFFCV57CA,牧野段,6284.18,非都市：特定農業區 ; 非都市編定：農牧用地
RPPNMLTLOHLFFCV67CA,鹿寮段,2625.71,非都市：山坡地保育區 ; 非都市編定：農牧用地
RPQNMLKLOHLFFDV96CA,秀山段,8.08,都市：其他
RPQNMLKLOHLFFDV96CA,秀山段,.00,都市：其他
RPQNMLLJOHLFFAV56CA,馬蘭段,49.23,都市：住
RPUNMLQKOHLFFAV57CA,自強段,87.00,都市：住
RPPNMLLMNHLFFDV07DA,金富段,259.52,非都市：山坡地保育區 ; 非都市編定：丙種建築用地
RPRNMLOJOHLFFAV96CA,南榮段,7.80,都市：住
RPRNMLOJOHLFFAV96CA,南榮段,.45,都市：住
RPRNMLOJOHLFFAV96CA,南榮段,18.26,都市：住
RPRNMLOJOHLFFAV96CA,南榮段,141.48,都市：住
RPRNMLLJOHLFFAV66CA,利家段,2200.00,非都市：特定農業區 ; 非都市編定：農牧用地
RPQNMLNJOHLFFBV96DA,富民段,3828.63,非都市：風景區 ; 非都市編定：農牧用地
RPPNMLRJOHLFFAV07CA,永清段,114.27,都市：住
RPPNMLRJOHLFFAV07CA,永清段,13.73,都市：住
RPPNMLLJOHLFFBV56CA,田組段,84.53,非都市：風景區 ; 非都市編定：丙種建築用地
RPPNMLNJOHLFFBV76CA,北都歷段,2765.64,非都市：風景區 ; 非都市編定：農牧用地
RPWNMLQJOHLFFAV67CA,台東段,12.76,都市：住
RPUNMLTJOHLFFAV77CA,建業段,126.81,都市：住
RPTNMLMLOHLFFAV17CA,利泰段,56.23,非都市：一般農業區 ; 非都市編定：農牧用地
RPRNMLQJOHLFFBV27CA,玉港段,1107.57,非都市：風景區 ; 非都市編定：農牧用地
RPTNMLQJOHLFFAV37CA,下賓朗段,89.85,非都市：一般農業區 ; 非都市編定：甲種建築用地
RPUNMLMLOHLFFAV27CA,利泰段,163.12,非都市：一般農業區 ; 非都市編定：農牧用地
RPVNMLMLOHLFFAV37CA,利泰段,53.05,非都市：一般農業區 ; 非都市編定：農牧用地
RPXNMLLLOHLFFAV47CA,利泰段,87.98,非都市：一般農業區 ; 非都市編定：甲種建築用地
RPRNMLQJOHLFFDV47CA,壢坵段,460.00,非都市：山坡地保育區 ; 非都市編定：農牧用地
RPQOMLTJOHLFFAV47CA,建業段,127.57,都市：住
RPPNMLMLOHLFFCV96CA,水井段,99.12,非都市：山坡地保育區 ; 非都市編定：丙種建築用地
RPPNMLMLOHLFFCV96CA,水井段,45.49,非都市：山坡地保育區 ; 非都市編定：丙種建築用地
RPSNMLMLOHLFFAV07CA,利泰段,51.43,非都市：一般農業區 ; 非都市編定：農牧用地
RPPNMLOJOHLFFDV17DA,多良段,46273.33,非都市：風景區 ; 非都市編定：農牧用地
RPPNMLOKOHLFFCV07CA,崁頂段,580.00,非都市：山坡地保育區 ; 非都市編定：農牧用地
RPPNMLOKOHLFFCV07CA,崁頂段,580.00,非都市：山坡地保育區 ; 非都市編定：農牧用地
RPPNMLRLOHLFFBV57EA,加走灣段,7249.61,非都市：風景區 ; 非都市編定：農牧用地
RPPNMLRLOHLFFBV57EA,加走灣段,461.63,非都市：風景區 ; 非都市編定：交通用地
RPWNMLMLOHLFFAV47CA,利泰段,259.64,非都市：山坡地保育區 ; 非都市編定：農牧用地
RPTNMLQKOHLFFAV47CA,青林段,178.79,都市：住
RPPNMLOJOHLFFBV96DA,南河段,202.70,都市：住
RPWOMLTJOHLFFAV08CA,建業段,125.44,都市：住
RPVNMLQJOHLFFAV57CA,台東段,131.00,都市：住
RPQPMLTJOHLFFAV57CA,建業段,248.26,都市：住
RPQNMLRJOHLFFAV17CA,南清段,1142.37,都市：農
RPQNMLRJOHLFFAV17CA,南清段,161.85,都市：農
RPQNMLRJOHLFFAV17CA,南清段,1112.59,都市：農
RPSNMLSJOHLFFAV47CA,初鹿段,488.89,非都市：特定農業區 ; 非都市編定：農牧用地
RPSNMLSJOHLFFAV47CA,下賓朗段,41.55,非都市：鄉村區 ; 非都市編定：乙種建築用地
RPOPMLTJOHLFFAV37CA,建業段,130.43,都市：住
RPPNMLSJOHLFFAV17CA,台東段,215.00,都市：住
RPPNMLQJOHLFFAV96CA,豐谷段,78.00,都市：住
RPQNMLKLOHLFFAV66CA,自強段,118.00,都市：住
RPRNMLPKOHLFFBV27CA,仙民段,2871.19,非都市：風景區 ; 非都市編定：農牧用地
RPRNMLPKOHLFFBV27CA,仙民段,2488.00,非都市：風景區 ; 非都市編定：農牧用地
RPPNMLRKOHLFFBV27CA,三民段,301.67,都市：住
RPPNMLRKOHLFFBV27CA,三民段,252.32,都市：其他
RPPNMLRKOHLFFBV27CA,三民段,418.39,都市：住
RPPNMLRKOHLFFBV27CA,三民段,219.30,都市：住
RPPNMLRKOHLFFBV27CA,三民段,46.64,都市：其他
RPPNMLRKOHLFFBV27CA,三民段,330.85,都市：農
RPPNMLRKOHLFFBV27CA,三民段,397.46,都市：住
RPWNMLTJOHLFFAV97CA,建業段,132.72,都市：住
RPSNMLPKOHLFFBV37CA,都豐段,486.46,非都市：鄉村區 ; 非都市編定：乙種建築用地
RPPNMLRJOHLFFBV17CA,北都歷段,3231.88,非都市：風景區 ; 非都市編定：農牧用地
RPQNMLRJOHLFFBV27CA,加走灣段,9081.88,非都市：風景區 ; 非都市編定：農牧用地
RPQNMLQJOHLFFBV17CA,忠智段,306.90,都市：住
RPQNMLQJOHLFFBV17CA,忠智段,290.69,都市：住
RPVNMLPKOHLFFAV67DA,北南王段,509.37,都市：住
RPTNMLPKOHLFFAV37CA,下賓朗段,326.72,非都市：鄉村區 ; 非都市編定：乙種建築用地
RPQNMLSJOHLFFAV27CA,豐航段,1370.49,都市：農
RPUNMLSJOHLFFAV67CA,台東段,134.00,都市：住
RPRNMLSJOHLFFAV37CA,知本段,1000.00,非都市：特定農業區 ; 非都市編定：農牧用地
RPRNMLSJOHLFFBV47CA,烏石鼻段,2177.20,非都市：風景區 ; 非都市編定：農牧用地
RPRNMLSJOHLFFBV47CA,烏石鼻段,2177.20,非都市：風景區 ; 非都市編定：農牧用地
RPVNMLQKOHLFFAV67CA,利家段,6264.00,非都市：特定農業區 ; 非都市編定：農牧用地
RPVNMLSJOHLFFAV77CA,建興段,178.12,都市：住
RPVNMLKMOHLFFBV47DA,萬年段,162.00,非都市：鄉村區 ; 非都市編定：乙種建築用地
RPRNMLNKOHLFFAV07DA,富山段,1015.79,非都市：風景區 ; 非都市編定：農牧用地
RPPNMLNKOHLFFCV96CA,牧野段,4817.16,非都市：特定農業區 ; 非都市編定：農牧用地
RPPNMLLLOHLFFBV76CA,忠仁段,66.74,都市：住
RPPNMLLLOHLFFBV76CA,忠仁段,6.73,都市：住
RPSNMLKLOHLFFAV86CA,台東段,139.00,都市：住
RPPNMLNKOHLFFBV96DA,東柄段,581.31,非都市：風景區 ; 非都市編定：農牧用地
RPPNMLNKOHLFFBV96DA,東柄段,359.03,非都市：風景區 ; 非都市編定：農牧用地
RPWNMLSJOHLFFAV87CA,豐利段,26.69,都市：住
RPWNMLSJOHLFFAV87CA,豐利段,117.99,都市：住
RPSNMLRJOHLFFAV37CA,德安段,22.88,都市：住
RPSNMLRJOHLFFAV37CA,德安段,.16,都市：住
RPSNMLRJOHLFFAV37CA,德安段,2.11,都市：住
RPSNMLRJOHLFFAV37CA,德安段,.04,都市：住
RPXNMLKMOHLFFBV57CA,黃金橋段,3002.00,非都市：風景區 ; 非都市編定：農牧用地
RPXNMLKMOHLFFBV57CA,黃金橋段,2501.00,非都市：風景區 ; 非都市編定：農牧用地
RPQNMLNKOHLFFBV96CA,八桑灣段,1307.01,非都市：風景區 ; 非都市編定：農牧用地
RPPNMLKKOHLFFBV56CA,和平南段,3023.44,非都市：風景區 ; 非都市編定：農牧用地
RPXNMLSJOHLFFAV97CA,中山段,65.00,都市：住
RPXNMLSJOHLFFAV97CA,中山段,65.00,都市：住
RPQNMLNKOHLFFAV86CA,豐航段,1441.40,都市：農
RPQNMLRKOHLFFAV27CA,南榮段,25.48,都市：住
RPQNMLRKOHLFFAV27CA,南榮段,128.19,都市：住
RPRNMLQKOHLFFAV27CA,光明段,94.00,都市：住
RPRNMLQKOHLFFAV27CA,光明段,3.00,都市：住
RPPNMLOKOHLFFAV86CA,豐榮段,103.45,都市：住
RPUNMLKLOHLFFAV07CA,利家段,83.00,非都市：鄉村區 ; 非都市編定：乙種建築用地
RPTNMLKLOHLFFAV96CA,豐年段,111.75,都市：住
RPWNMLKLOHLFFAV27CA,豐年段,111.77,都市：住
RPXNMLOKOHLFFAV67CA,豐樂段,459.00,都市：工
RPRNMLOKOHLFFAV07CA,豐榮段,123.23,都市：住
RPSNMLOKOHLFFAV17CA,豐榮段,114.94,都市：住
RPPNMLPKOHLFFAV96CA,永和段,99.86,都市：住
RPWNMLKMOHLFFBV47CA,真柄段,1610.00,非都市：風景區 ; 非都市編定：農牧用地
RPWNMLKMOHLFFBV47CA,真柄段,878.00,非都市：風景區 ; 非都市編定：農牧用地
RPTNMLOKOHLFFAV27CA,建國段,3.00,都市：住
RPTNMLOKOHLFFAV27CA,建國段,28.57,都市：住
RPTNMLOKOHLFFAV27CA,建國段,10.31,都市：住
RPTNMLOKOHLFFAV27CA,建國段,17.60,都市：住
RPTNMLOKOHLFFAV27CA,建國段,.09,都市：住
RPTNMLOKOHLFFAV27CA,建國段,.05,都市：住
RPTNMLOKOHLFFAV27CA,建國段,.01,都市：住
RPRNMLNKOHLFFBV07CA,黃金橋段,2500.00,非都市：風景區 ; 非都市編定：農牧用地
RPQNMLOKOHLFFAV96CA,豐榮段,103.68,都市：住
RPTNMLOKOHLFFBV37CA,玉長段,496.90,非都市：鄉村區 ; 非都市編定：乙種建築用地
RPTNMLOKOHLFFBV37CA,玉長段,43.17,非都市：鄉村區 ; 非都市編定：乙種建築用地
RPPNMLPKOHLFFBV07CA,沙泥灣段,1086.07,非都市：風景區 ; 非都市編定：農牧用地
RPPNMLPKOHLFFCV17CA,福原段,118.52,都市：商
RPSNMLOKOHLFFBV27CA,城仔埔段,4224.21,非都市：風景區 ; 非都市編定：農牧用地
RPQNMLPKOHLFFBV17CA,玉長段,.60,非都市：鄉村區 ; 非都市編定：乙種建築用地
RPQNMLPKOHLFFBV17CA,玉長段,.60,非都市：鄉村區 ; 非都市編定：乙種建築用地
RPQNMLPKOHLFFBV17CA,玉長段,.60,非都市：鄉村區 ; 非都市編定：乙種建築用地
RPQNMLPKOHLFFBV17CA,玉長段,.60,非都市：鄉村區 ; 非都市編定：乙種建築用地
RPQNMLPKOHLFFBV17CA,玉長段,.60,非都市：鄉村區 ; 非都市編定：乙種建築用地
RPQNMLPKOHLFFBV17CA,玉長段,.60,非都市：鄉村區 ; 非都市編定：乙種建築用地
RPQNMLPKOHLFFBV17CA,玉長段,.60,非都市：鄉村區 ; 非都市編定：乙種建築用地
RPUNMLTLOHLFFAV97CA,岩灣段,138.14,都市：住
RPUNMLTLOHLFFAV97CA,岩灣段,323.50,都市：住
RPQNMLOKOHLFFBV07CA,忠勇段,23.77,都市：其他
RPQNMLOKOHLFFBV07CA,忠勇段,109.05,都市：住
RPPNMLPJPHLFFCV17CA,電光段,165.59,非都市：鄉村區 ; 非都市編定：乙種建築用地
RPVNMLKLOHLFFAV17CA,建康段,93.58,都市：住
RPVNMLKLOHLFFAV17CA,建康段,14.41,都市：住
RPPNMLKLOHLFFCV76CA,德高段,7.39,非都市：特定農業區 ; 非都市編定：甲種建築用地
RPPNMLKLOHLFFCV76CA,德高段,2.48,非都市：特定農業區 ; 非都市編定：甲種建築用地
RPPNMLKLOHLFFCV76CA,德高段,1.10,非都市：特定農業區 ; 非都市編定：甲種建築用地
RPPNMLKLOHLFFCV76CA,德高段,7.55,非都市：特定農業區 ; 非都市編定：甲種建築用地
RPPNMLKLOHLFFCV76CA,德高段,791.99,非都市：特定農業區 ; 非都市編定：甲種建築用地
RPQNMLPKOHLFFAV07CA,新田段,97.75,非都市：鄉村區 ; 非都市編定：乙種建築用地
RPPNMLKLOHLFFAV56CA,台東段,11.11,都市：住
RPPNMLRKOHLFFAV17CA,泰安段,252.95,非都市：一般農業區 ; 非都市編定：農牧用地
RPRNMLOLOHLFFCV37CA,紅葉段,53.00,都市：其他
RPRNMLOLOHLFFCV37CA,紅葉段,37.00,都市：其他
RPPNMLLJPHLFFCV76CA,南山段,282.78,都市：住
RPTNMLNLOHLFFAV27CA,台東段,80.00,都市：商
RPQNMLRKOHLFFCV57DA,武陵段,780.00,非都市：鄉村區 ; 非都市編定：乙種建築用地
RPQNMLQKOHLFFAV17CA,新生段,122.00,都市：住
RPPNMLQKOHLFFAV07CA,豐榮段,74.00,都市：住
RPPNMLKMOHLFFBV76CA,萬年段,84.00,非都市：鄉村區 ; 非都市編定：乙種建築用地
RPQNMLLLOHLFFCV96CA,鸞山段,2450.00,非都市：山坡地保育區 ; 非都市編定：農牧用地
RPSNMLKMOHLFFBV07CA,玉港段,72.77,非都市：鄉村區 ; 非都市編定：乙種建築用地
RPSNMLKMOHLFFBV07CA,玉港段,222.21,非都市：風景區 ; 非都市編定：農牧用地
RPRNMLRKOHLFFAV37CA,北南王段,109.78,都市：住
RPPNMLMLOHLFFBV86CA,成功段,33.10,都市：住
RPPNMLMLOHLFFBV86CA,成功段,49.32,都市：農
RPPNMLMLOHLFFBV86CA,成功段,31.51,都市：工
RPTNMLRKOHLFFAV57CA,豐航段,73.98,都市：住
RPOOMLKLOHLFFAV56CA,東海段,22.69,都市：住
RPOOMLKLOHLFFAV56CA,東海段,1.46,都市：住
RPRNMLLLOHLFFAV86CA,馬蘭段,40.42,都市：住
RPSOMLSLOHLFFAV77CA,上原段,11925.00,非都市：山坡地保育區 ; 非都市編定：農牧用地
RPSOMLSLOHLFFAV77CA,上原段,1639.00,非都市：山坡地保育區 ; 非都市編定：農牧用地
RPSOMLSLOHLFFAV77CA,上原段,1589.00,非都市：山坡地保育區 ; 非都市編定：農牧用地
RPSOMLSLOHLFFAV77CA,上原段,7810.00,非都市：山坡地保育區 ; 非都市編定：農牧用地
RPSOMLSLOHLFFAV77CA,上原段,4589.00,非都市：山坡地保育區 ; 非都市編定：農牧用地
RPSOMLSLOHLFFAV77CA,上原段,19655.00,非都市：山坡地保育區 ; 非都市編定：農牧用地
RPSOMLSLOHLFFAV77CA,上原段,11977.00,非都市：山坡地保育區 ; 非都市編定：農牧用地
RPSOMLSLOHLFFAV77CA,上原段,389.00,非都市：山坡地保育區 ; 非都市編定：農牧用地
RPSOMLSLOHLFFAV77CA,上原段,2650.00,非都市：山坡地保育區 ; 非都市編定：農牧用地
RPSOMLSLOHLFFAV77CA,上原段,10100.00,非都市：山坡地保育區 ; 非都市編定：農牧用地
RPSOMLSLOHLFFAV77CA,上原段,890.00,非都市：山坡地保育區 ; 非都市編定：農牧用地
RPSOMLSLOHLFFAV77CA,上原段,13883.00,非都市：山坡地保育區 ; 非都市編定：農牧用地
RPUNMLLLOHLFFAV17CA,自強段,136.00,都市：住
RPPNMLKLOHLFFBV66CA,小馬東段,2718.49,非都市：風景區 ; 非都市編定：農牧用地
RPTNMLSKPHLFFBV97DA,加走灣段,3929.12,非都市：風景區 ; 非都市編定：農牧用地
RPPNMLLLOHLFFCV86CA,北庄段,2814.16,非都市：一般農業區 ; 非都市編定：農牧用地
RPQNMLKLPHLFFCV07DA,牧野段,128.02,非都市：一般農業區 ; 非都市編定：甲種建築用地
RPQNMLLLOHLFFAV76CA,建華段,3007.40,都市：農
RPRNMLMLOHLFFAV96CA,射馬干段,1793.09,非都市：特定農業區 ; 非都市編定：農牧用地
RPROMLSLOHLFFAV67CA,利家段,7227.00,非都市：特定農業區 ; 非都市編定：農牧用地
RPQNMLMLOHLFFBV96CA,成功段,7.98,都市：住
RPQNMLNLOHLFFCV27DA,水墜段,603.93,非都市：一般農業區 ; 非都市編定：農牧用地
RPQNMLNLOHLFFCV27DA,水墜段,731.80,非都市：一般農業區 ; 非都市編定：甲種建築用地
RPVNMLLLOHLFFAV27CA,光明段,76.00,都市：住
RPSNMLLLOHLFFAV96CA,豐康段,79.70,都市：住
RPQNMLMLOHLFFAV86CA,順天段,1884.33,都市：住
RPQNMLMLOHLFFAV86CA,順天段,2.01,都市：住
RPQNMLMLOHLFFAV86CA,順天段,354.33,都市：其他
RPQNMLMLOHLFFAV86CA,順天段,26.33,都市：住
RPQNMLMLOHLFFAV86CA,順天段,7.22,都市：住
RPQNMLMLOHLFFAV86CA,順天段,29.67,都市：其他
RPQNMLMLOHLFFAV86CA,順天段,102.00,都市：住
RPQNMLMLOHLFFAV86CA,順天段,287.98,都市：其他
RPQNMLMLOHLFFAV86CA,順天段,1116.21,都市：住
RPQNMLMLOHLFFAV86CA,順天段,194.82,都市：住
RPQNMLOLOHLFFCV27CA,豐泉段,148.98,都市：住
RPUNMLNLOHLFFAV47DA,梅園段,34.10,非都市：特定農業區 ; 非都市編定：甲種建築用地
RPTNMLQJPHLFFAV47CA,常德段,21.20,都市：住
RPSNMLNLOHLFFAV17CA,利家段,2774.00,非都市：特定農業區 ; 非都市編定：農牧用地
RPPNMLQLOHLFFCV37CA,福原段,65.46,都市：商
RPQNMLSKPHLFFCV67CA,豐泉段,213.09,都市：住
RPPNMLMLOHLFFAV76CA,豐榮段,91.00,都市：住
RPTNMLOJPHLFFAV37DA,台東段,13.00,都市：住
RPTNMLOJPHLFFAV37DA,台東段,67.00,都市：住
RPRNMLNLOHLFFAV07CA,建興段,93.00,都市：住
RPWOMLSLOHLFFAV18CA,馬蘭段,10.98,都市：住
RPPNMLOLOHLFFCV27DA,瑞豐段,171.69,非都市：鄉村區 ; 非都市編定：乙種建築用地
RPPOMLNLOHLFFAV96CA,新園段,368.00,非都市：鄉村區 ; 非都市編定：乙種建築用地
RPUNMLQJPHLFFAV57CA,新園段,2467.00,非都市：特定農業區 ; 非都市編定：農牧用地
RPRNMLOLOHLFFDV57DA,介達段,1095.00,非都市：山坡地保育區 ; 非都市編定：農牧用地
RPPNMLTLOHLFFDV77CA,尚武段,99.92,都市：住
RPVNMLNLOHLFFAV47CA,豐年段,9.80,都市：住
RPVNMLNLOHLFFAV47CA,豐年段,144.73,都市：住
RPVNMLNLOHLFFAV47CA,豐年段,37.96,都市：住
RPPNMLRLOHLFFDV57CA,樂山段,24707.99,非都市：山坡地保育區 ; 非都市編定：農牧用地
RPWNMLRLOHLFFAV97CA,中清段,125.08,都市：住
RPQNMLQLOHLFFCV47CA,福原段,30.89,都市：商
RPQNMLQLOHLFFCV47CA,福原段,171.52,都市：商
RPQNMLQLOHLFFCV47CA,福原段,32.73,都市：商
RPQNMLQLOHLFFCV47CA,福原段,46.32,都市：商
RPPNMLSLOHLFFBV47CA,新美山段,2237.25,非都市：風景區 ; 非都市編定：農牧用地
RPPNMLSLOHLFFBV47CA,新美山段,2237.25,非都市：風景區 ; 非都市編定：農牧用地
RPPNMLSLOHLFFBV47CA,新美山段,2237.25,非都市：風景區 ; 非都市編定：農牧用地
RPRNMLRLOHLFFAV57DA,富岡南段,702.31,非都市：鄉村區 ; 非都市編定：乙種建築用地
RPPOMLKMOHLFFBV86CA,新港段八邊小段,1900.00,非都市：風景區 ; 非都市編定：農牧用地
RPWNMLNLOHLFFAV57CA,豐康段,80.00,都市：住
RPSNMLLJPHLFFAV86CA,豐航段,1442.42,都市：農
RPPNMLLJPHLFFAV56CA,台東段,51.96,都市：住
RPXNMLSLOHLFFAV18CA,豐年段,131.65,都市：住
RPSOMLLKPHLFFAV07CA,豐利段,112.13,都市：農
RPWNMLOJPHLFFAV57CA,台東段,79.00,都市：商
RPQNMLOLOHLFFBV17CA,成功段,75.64,都市：住
RPQNMLRLOHLFFAV37CA,豐年段,11.50,都市：住
RPSNMLSLOHLFFAV67CA,興航段,131.70,都市：住
RPRNMLSLOHLFFAV57CA,下南寮段,97.28,都市：其他
RPRNMLSLOHLFFAV57CA,下南寮段,70.55,都市：農
RPTOMLSLOHLFFAV87CA,富山段,940.29,非都市：風景區 ; 非都市編定：農牧用地
RPVNMLSLOHLFFAV97CA,台東段,6.90,都市：商
RPUOMLSLOHLFFAV97CA,富山段,626.86,非都市：風景區 ; 非都市編定：農牧用地
RPPNMLKLPHLFFAV76DA,梅園段,79.79,非都市：山坡地保育區 ; 非都市編定：農牧用地
RPUNMLSLOHLFFAV87CA,豐年段,153.86,都市：住
RPTOMLLKPHLFFAV17CA,東海段,36.05,都市：住
RPVNMLOKPHLFFAV57CA,公西段,221.55,都市：農
RPQNMLLJPHLFFCV86CA,加拿段,2507.00,非都市：山坡地保育區 ; 非都市編定：農牧用地
RPOOMLKMOHLFFBV76CA,新港段八邊小段,600.00,非都市：風景區 ; 非都市編定：農牧用地
RPUNMLKMOHLFFBV27CA,黃金橋段,106.00,非都市：風景區 ; 非都市編定：農牧用地
RPUNMLRLOHLFFAV77CA,明峰段,4485.15,非都市：山坡地保育區 ; 非都市編定：農牧用地
RPQNMLKMOHLFFBV86CA,烏石鼻段,4008.60,非都市：風景區 ; 非都市編定：農牧用地
RPQNMLKMOHLFFBV86CA,烏石鼻段,418.75,非都市：風景區 ; 非都市編定：農牧用地
RPQNMLOLOHLFFDV37CA,嘉新段,251.31,非都市：山坡地保育區 ; 非都市編定：丙種建築用地
RPPNMLQKPHLFFCV37CA,福文段,280.02,都市：農
RPRNMLKMOHLFFBV96CA,田組段,10516.38,非都市：風景區 ; 非都市編定：農牧用地
RPRNMLKMOHLFFBV96CA,田組段,2000.00,非都市：風景區 ; 非都市編定：農牧用地
RPPNMLSLOHLFFDV67CA,秀山段,8.36,都市：住
RPSNMLRLOHLFFAV57CA,豐里段,111.79,非都市：特定農業區 ; 非都市編定：甲種建築用地
RPROMLKMOHLFFBV07CA,大馬段,2730.00,非都市：風景區 ; 非都市編定：農牧用地
RPWNMLPJPHLFFAV67CA,德安段,300.30,都市：住
RPRNMLRLPHLFFAV67DA,建樂段,9.10,都市：住
RPRNMLRLPHLFFAV67DA,建樂段,.02,都市：住
RPQOMLKMOHLFFBV96CA,大馬段,2919.00,非都市：風景區 ; 非都市編定：農牧用地
RPQNMLKMOHLFFCV96CA,福原段,23.68,都市：住
RPVNMLRLOHLFFAV87CA,中清段,124.68,都市：住
RPSOMLKMOHLFFBV17CA,大霸來段,2450.49,非都市：風景區 ; 非都市編定：農牧用地
RPPNMLQJPHLFFAV07CA,下賓朗段,111.12,非都市：一般農業區 ; 非都市編定：甲種建築用地
RPQNMLSLOHLFFBV57CA,坪頂段,106.38,非都市：鄉村區 ; 非都市編定：乙種建築用地
RPQNMLSLOHLFFBV57CA,坪頂段,15.99,非都市：鄉村區 ; 非都市編定：乙種建築用地
RPVNMLPJPHLFFAV57CA,興安段,127.96,都市：住
RPPNMLTLOHLFFAV47CA,豐年段,8.50,都市：住
RPQNMLQJPHLFFCV37CA,大原段,688.00,非都市：特定農業區 ; 非都市編定：農牧用地
RPUNMLPJPHLFFAV47CA,興安段,156.94,都市：住
RPRNMLTLOHLFFAV67CA,新生段,14.64,都市：住
RPVOMLSLOHLFFAV08CA,豐年段,64.92,都市：住
RPVOMLSLOHLFFAV08CA,豐年段,64.92,都市：住
RPQNMLLKPHLFFCV96CA,大原段,1158.00,非都市：特定農業區 ; 非都市編定：農牧用地
RPRNMLKMOHLFFAV86CA,下賓朗段,19.42,非都市：鄉村區 ; 非都市編定：乙種建築用地
RPRNMLKMOHLFFAV86CA,下賓朗段,95.07,非都市：鄉村區 ; 非都市編定：乙種建築用地
RPPNMLKMOHLFFDV07DA,都哇拔段,520.87,非都市：鄉村區 ; 非都市編定：乙種建築用地
RPQNMLTLOHLFFDV97DA,尚武段,7.92,都市：住
RPQNMLLJPHLFFDV96CA,尚武段,183.95,都市：住
RPSNMLKMOHLFFAV96CA,豐谷段,123.00,都市：住
RPSNMLPJPHLFFAV37DA,射馬干段,2899.19,非都市：特定農業區 ; 非都市編定：農牧用地
RPSNMLOJPHLFFAV17CA,東興段,231.46,非都市：鄉村區 ; 非都市編定：乙種建築用地
RPRNMLPJPHLFFAV17CA,南王段,60.10,都市：住
RPTNMLMKPHLFFAV17CA,豐成段,522.43,非都市：特定農業區 ; 非都市編定：農牧用地
RPSNMLMKPHLFFAV07CA,豐年段,158.22,都市：住
RPRNMLOJPHLFFAV07CA,台東段,21.53,都市：住
RPRNMLQJPHLFFDV57CA,北橋段,97.73,都市：住
RPRNMLQJPHLFFDV57CA,北橋段,3.20,都市：其他
RPQNMLNKPHLFFBV07CA,忠仁段,114.37,都市：住
RPQNMLOJPHLFFAV96CA,豐年段,128.03,都市：住
RPUNMLNKPHLFFBV47CA,富民段,1276.21,非都市：風景區 ; 非都市編定：農牧用地
RPUNMLNKPHLFFBV47CA,富民段,1276.21,非都市：風景區 ; 非都市編定：農牧用地
RPPNMLPJPHLFFDV27CA,南興段,32.00,非都市：鄉村區 ; 非都市編定：乙種建築用地
RPPNMLPJPHLFFDV27CA,南興段,38.00,非都市：鄉村區 ; 非都市編定：乙種建築用地
RPPNMLPJPHLFFDV27CA,南興段,38.00,非都市：鄉村區 ; 非都市編定：乙種建築用地
RPPNMLPJPHLFFDV27CA,南興段,38.00,非都市：鄉村區 ; 非都市編定：乙種建築用地
RPPNMLPJPHLFFDV27CA,南興段,38.00,非都市：鄉村區 ; 非都市編定：乙種建築用地
RPPNMLPJPHLFFDV27CA,南興段,32.00,非都市：鄉村區 ; 非都市編定：乙種建築用地
RPPNMLPJPHLFFDV27CA,南興段,32.00,非都市：鄉村區 ; 非都市編定：乙種建築用地
RPPNMLPJPHLFFDV27CA,南興段,32.00,非都市：鄉村區 ; 非都市編定：乙種建築用地
RPPNMLMJPHLFFAV66CA,建和段,385.35,都市：住
RPPNMLMJPHLFFAV66CA,建和段,11.20,都市：其他
RPQNMLLJPHLFFAV66CA,旭川段,67.40,非都市：鄉村區 ; 非都市編定：乙種建築用地
RPQNMLMKPHLFFCV07CA,月野段,581.00,非都市：特定農業區 ; 非都市編定：農牧用地
RPVOMLKLPHLFFAV37CA,新園段,266.00,非都市：特定農業區 ; 非都市編定：農牧用地
RPVOMLKLPHLFFAV37CA,新園段,4684.00,非都市：特定農業區 ; 非都市編定：農牧用地
RPVOMLKLPHLFFAV37CA,新園段,829.00,非都市：特定農業區 ; 非都市編定：農牧用地
RPSNMLQJPHLFFAV37CA,上源段,1286.84,非都市：山坡地保育區 ; 非都市編定：農牧用地
RPPNMLOKPHLFFCV17CA,里段,294.89,都市：商
RPQNMLMJQHLFFBV96CA,黃金橋段,106.00,非都市：風景區 ; 非都市編定：農牧用地
RPUNMLOJPHLFFAV37CA,台東段,58.76,都市：住
RPXNMLPJPHLFFAV77CA,大業段,89.38,非都市：特定農業區 ; 非都市編定：甲種建築用地
RPPNMLOKPHLFFBV07CA,小湊段石傘小段,229.00,非都市：風景區 ; 非都市編定：農牧用地
RPPNMLOKPHLFFBV07CA,玉港段,2973.99,非都市：風景區 ; 非都市編定：農牧用地
RPSNMLKLPHLFFBV07CA,南河段,641.26,都市：農
RPTNMLLKPHLFFAV07CA,新生段,35.00,都市：住
RPQNMLRJPHLFFAV37DA,新生段,340.00,都市：其他
RPPNMLMKPHLFFAV76CA,豐年段,16.64,都市：住
RPROMLLKPHLFFAV96CA,豐利段,26.50,都市：住
RPROMLLKPHLFFAV96CA,豐利段,21.14,都市：住
RPROMLLKPHLFFAV96CA,豐利段,26.59,都市：住
RPROMLLKPHLFFAV96CA,豐利段,20.74,都市：住
RPRNMLPJPHLFFCV37CA,慶福段,411.25,都市：住
RPPNMLNLPHLFFBV07CA,都蘭段,364.00,非都市：風景區 ; 非都市編定：農牧用地
RPPNMLNLPHLFFBV07CA,都蘭段,4219.00,非都市：風景區 ; 非都市編定：農牧用地
RPQNMLTKPHLFFAV57CA,台東段,62.00,都市：住
RPVNMLQLPHLFFAV87CA,豐康段,121.22,都市：住
RPSNMLSKPHLFFBV87DA,高原段,2500.00,非都市：森林區 ; 非都市編定：農牧用地
RPPNMLMKPHLFFCV07DA,鸞山段,5887.00,非都市：山坡地保育區 ; 非都市編定：農牧用地
RPPNMLMKPHLFFCV07DA,鸞山段,91.00,非都市：山坡地保育區 ; 非都市編定：農牧用地
RPQNMLMKPHLFFAV86CA,加路蘭段,8650.00,非都市：風景區 ; 非都市編定：農牧用地
RPUNMLLKPHLFFAV17CA,豐年段,157.70,都市：住
RPOOMLLKPHLFFAV66CA,豐源段,101.24,非都市：特定農業區 ; 非都市編定：甲種建築用地
RPRNMLMKPHLFFAV96CA,加路蘭段,8651.00,非都市：風景區 ; 非都市編定：農牧用地
RPPNMLNKPHLFFCV07CA,南山段,189.94,都市：住
RPQNMLPKPHLFFAV17CA,興安段,92.70,都市：住
RPQNMLPKPHLFFAV17CA,興安段,92.69,都市：住
RPQNMLPKPHLFFAV17CA,興安段,92.70,都市：住
RPQNMLPKPHLFFAV17CA,興安段,92.69,都市：住
RPRNMLSKPHLFFAV57CA,馬蘭段,3.60,都市：住
RPRNMLSKPHLFFAV57CA,馬蘭段,3.60,都市：住
RPRNMLSKPHLFFAV57CA,馬蘭段,3.60,都市：住
RPRNMLSKPHLFFAV57CA,馬蘭段,3.60,都市：住
RPRNMLSKPHLFFAV57CA,馬蘭段,3.60,都市：住
RPRNMLSKPHLFFAV57CA,馬蘭段,1.20,都市：住
RPRNMLSKPHLFFAV57CA,馬蘭段,1.20,都市：住
RPRNMLSKPHLFFAV57CA,馬蘭段,1.20,都市：住
RPRNMLSKPHLFFAV57CA,馬蘭段,1.20,都市：住
RPRNMLSKPHLFFAV57CA,馬蘭段,1.20,都市：住
RPUNMLOKPHLFFAV57DA,建華段,2907.18,都市：農
RPUNMLOKPHLFFAV57DA,建華段,449.54,都市：農
RPQNMLSKPHLFFBV57CA,忠勇段,3.57,都市：住
RPQNMLSKPHLFFBV57CA,忠勇段,3.57,都市：住
RPQNMLSKPHLFFBV57CA,忠勇段,3.57,都市：住
RPPNMLPKPHLFFCV27CA,水井段,839.24,非都市：鄉村區 ; 非都市編定：乙種建築用地
RPPNMLPKPHLFFCV27CA,水井段,268.51,非都市：特定農業區 ; 非都市編定：農牧用地
RPPNMLPKPHLFFCV27CA,水井段,92.63,非都市：特定農業區 ; 非都市編定：農牧用地
RPPNMLPKPHLFFAV17DA,豐年段,148.83,都市：住
RPRNMLOKPHLFFAV17CA,利家段,2710.00,非都市：特定農業區 ; 非都市編定：農牧用地
RPSNMLOKPHLFFAV27CA,台東段,12.77,都市：住
RPQNMLNKPHLFFAV96CA,南王段,118.36,都市：住
RPWNMLOKPHLFFAV77DA,台東段,5.00,都市：住
RPWNMLOKPHLFFAV77DA,台東段,1.00,都市：住
RPWNMLOKPHLFFAV77DA,台東段,96.00,都市：住
RPTNMLOKPHLFFAV37CA,岩灣段,163.75,都市：住
RPTNMLTKPHLFFAV87CA,鎮樂段,2600.00,非都市：山坡地保育區 ; 非都市編定：農牧用地
RPPNMLLKPHLFFBV76CA,東河段,141.53,都市：農
RPSOMLKLPHLFFAV07CA,台東段,19.49,都市：住
RPSOMLKLPHLFFAV07CA,台東段,8.34,都市：住
RPSOMLKLPHLFFAV07CA,台東段,7.68,都市：住
RPSOMLKLPHLFFAV07CA,台東段,5.85,都市：住
RPSOMLKLPHLFFAV07CA,台東段,1.03,都市：住
RPSOMLKLPHLFFAV07CA,台東段,.97,都市：住
RPVNMLMLPHLFFAV47CA,建興段,4043.00,都市：農
RPQNMLOKPHLFFCV37DA,里段,92.74,都市：住
RPSNMLMLPHLFFAV17CA,豐里段,122.64,非都市：特定農業區 ; 非都市編定：甲種建築用地
RPPNMLPKPHLFFBV17CA,萬年段,119.00,非都市：鄉村區 ; 非都市編定：乙種建築用地
RPPNMLMLPHLFFDV17CA,復興段,112.64,都市：住
RPPNMLMLPHLFFDV17CA,復興段,73.86,都市：住
RPPNMLQKPHLFFBV27CA,高原段,1978.00,非都市：森林區 ; 非都市編定：農牧用地
RPPNMLSKPHLFFBV47CA,八桑灣段,4185.01,非都市：風景區 ; 非都市編定：農牧用地
RPRNMLMLPHLFFCV27CA,萬朝段,101.87,非都市：一般農業區 ; 非都市編定：農牧用地
RPRNMLMLPHLFFCV27CA,萬朝段,4423.90,非都市：一般農業區 ; 非都市編定：農牧用地
RPPNMLNLPHLFFAV96CA,岩灣段,194.82,都市：住
RPPNMLMLPHLFFAV86CA,建和段,2420.10,非都市：山坡地保育區 ; 非都市編定：農牧用地
RPQNMLLJQHLFFCV07DA,鸞山段,460.00,非都市：鄉村區 ; 非都市編定：乙種建築用地
RPUNMLSKPHLFFAV87CA,建國段,3.00,都市：住
RPUNMLSKPHLFFAV87CA,建國段,28.57,都市：住
RPUNMLSKPHLFFAV87CA,建國段,10.31,都市：住
RPUNMLSKPHLFFAV87CA,建國段,17.60,都市：住
RPUNMLSKPHLFFAV87CA,建國段,.09,都市：住
RPUNMLSKPHLFFAV87CA,建國段,.05,都市：住
RPUNMLSKPHLFFAV87CA,建國段,.01,都市：住
RPTOMLKLPHLFFAV17CA,東興段,2601.29,非都市：特定農業區 ; 非都市編定：農牧用地
RPSNMLNJQHLFFAV27DA,下賓朗段,19.42,非都市：鄉村區 ; 非都市編定：乙種建築用地
RPSNMLNJQHLFFAV27DA,下賓朗段,91.86,非都市：鄉村區 ; 非都市編定：乙種建築用地
RPROMLKLPHLFFAV96CA,利泰段,782.84,非都市：特定農業區 ; 非都市編定：農牧用地
RPROMLKLPHLFFAV96CA,利泰段,621.91,非都市：特定農業區 ; 非都市編定：農牧用地
RPSNMLKLPHLFFAV96CA,台東段,35.00,都市：住
RPQNMLMLPHLFFAV96CA,岩灣段,155.50,都市：住
RPQNMLLKQHLFFAV86CA,東海段,58.15,都市：住
RPPNMLKKQHLFFCV86CA,龍田段,33.64,都市：住
RPPNMLKKQHLFFCV86CA,龍田段,435.95,都市：住
RPPNMLKKQHLFFCV86CA,龍田段,14.52,都市：住
RPPNMLKKQHLFFCV86CA,龍田段,49.32,都市：住
RPPNMLKKQHLFFCV86CA,龍田段,115.26,都市：其他
RPPNMLKKQHLFFCV86CA,龍田段,33.16,都市：其他
RPXOMLKLPHLFFAV57CA,上源段,72.37,非都市：山坡地保育區 ; 非都市編定：丙種建築用地
RPSNMLTKPHLFFAV87DA,康樂段,545.00,非都市：特定農業區 ; 非都市編定：農牧用地
RPSNMLTKPHLFFAV87DA,康樂段,341.00,非都市：特定農業區 ; 非都市編定：農牧用地
RPUNMLTKPHLFFAV97CA,光明段,157.00,都市：住
RPUNMLTKPHLFFAV97CA,光明段,180.00,都市：住
RPPNMLSLPHLFFBV57CA,新港段八邊小段,18750.00,非都市：風景區 ; 非都市編定：林業用地
RPPNMLTKPHLFFBV57CA,新港段新港小段,4670.00,非都市：風景區 ; 非都市編定：農牧用地
RPSNMLSKPHLFFAV67CA,東谷段,256.56,非都市：特定農業區 ; 非都市編定：甲種建築用地
RPPNMLPLPHLFFAV27DA,豐年段,23.57,都市：住
RPPNMLOJQHLFFDV27CA,秀山段,10.39,都市：住
RPPNMLOJQHLFFDV27CA,秀山段,.00,都市：住
RPPNMLPLPHLFFCV37CA,南山段,77.92,都市：住
RPPNMLKLPHLFFCV96DA,慶福段,411.25,都市：住
RPSNMLPJQHLFFAV37CA,知本段,4948.00,非都市：特定農業區 ; 非都市編定：農牧用地
RPPNMLKLPHLFFBV86DA,都蘭段,3375.00,非都市：風景區 ; 非都市編定：農牧用地
RPPNMLKLPHLFFBV86DA,興隆段,2449.00,非都市：風景區 ; 非都市編定：農牧用地
RPQNMLLLPHLFFBV07DA,仙民段,2485.76,非都市：風景區 ; 非都市編定：農牧用地
RPPNMLOKQHLFFAV07CA,台東段,21.53,都市：住
RPQNMLMLPHLFFBV17DA,東柄段,345.83,非都市：風景區 ; 非都市編定：農牧用地
RPQNMLOLPHLFFCV47DA,瑞里段,39.39,非都市：鄉村區 ; 非都市編定：乙種建築用地
RPRNMLLLPHLFFAV96CA,興安段,133.31,都市：住
RPRNMLLLPHLFFBV07CA,仙民段,3086.91,非都市：風景區 ; 非都市編定：農牧用地
RPRNMLLLPHLFFBV07CA,仙民段,9025.50,非都市：風景區 ; 非都市編定：農牧用地
RPSNMLPLPHLFFAV47CA,建國段,79.27,都市：住
RPQNMLPLPHLFFCV47CA,中福段,94.81,都市：住
RPPNMLLKQHLFFDV17DA,多良段,5760.00,非都市：山坡地保育區 ; 非都市編定：農牧用地
RPRNMLQLPHLFFBV57CA,東河段,32.57,都市：住
RPTNMLMLPHLFFAV27CA,青林段,55.00,都市：住
RPUNMLMLPHLFFAV37CA,建樂段,9.54,都市：住
RPRNMLMLPHLFFAV07CA,岩灣段,155.51,都市：住
RPRNMLPLPHLFFCV67DA,四維段,217.81,非都市：一般農業區 ; 非都市編定：甲種建築用地
RPRNMLPLPHLFFCV67DA,四維段,27.11,非都市：一般農業區 ; 非都市編定：甲種建築用地
RPPNMLMLPHLFFCV17DA,豐泉段,132.23,都市：住
RPQNMLSLPHLFFAV57CA,龍過脈段,482.00,非都市：鄉村區 ; 非都市編定：乙種建築用地
RPPNMLRLPHLFFCV57CA,南山段,103.69,都市：住
RPRNMLQKQHLFFBV57CA,永福段,186.60,非都市：風景區 ; 非都市編定：丙種建築用地
RPRNMLQKQHLFFBV57CA,永福段,415.68,非都市：風景區 ; 非都市編定：農牧用地
RPQNMLTLPHLFFAV67CA,台東段,65.00,都市：住
RPQNMLTLPHLFFAV67CA,台東段,1.00,都市：住
RPPNMLRKQHLFFBV57DA,忠智段,40.96,都市：住
RPPNMLTLPHLFFBV67CA,玉長段,206.20,非都市：鄉村區 ; 非都市編定：乙種建築用地
RPPNMLTLPHLFFBV67CA,玉長段,206.20,非都市：鄉村區 ; 非都市編定：乙種建築用地
RPUNMLPLPHLFFAV67CA,中山段,66.00,都市：住
RPPNMLMKQHLFFDV17CA,復興段,1.62,都市：商
RPQNMLQLPHLFFAV37CA,永清段,38.57,都市：農
RPQNMLQLPHLFFAV37CA,永清段,44.12,都市：住
RPRNMLPLPHLFFAV37CA,興航段,452.57,都市：住
RPTNMLPLPHLFFAV57CA,上原段,3333.33,非都市：山坡地保育區 ; 非都市編定：農牧用地
RPUNMLQLPHLFFAV77CA,馬蘭段,11.54,都市：住
RPQNMLQLPHLFFDV67CA,秀山段,8.52,都市：商
RPRNMLQLPHLFFAV47CA,台東段,46.13,都市：住
RPTNMLQLPHLFFAV67CA,興安段,156.05,都市：住
RPPNMLQLPHLFFAV37DA,普優瑪段,83.24,都市：住
RPWNMLQLPHLFFAV97CA,中山段,95.00,都市：住
RPQNMLMKQHLFFBV17DA,高原段,2452.00,非都市：森林區 ; 非都市編定：農牧用地
RPPNMLQLPHLFFBV47DA,濱海段,5.65,都市：商
RPPNMLQLPHLFFBV47DA,濱海段,38.56,都市：商
RPPNMLSLPHLFFAV47CA,光明段,5.88,都市：其他
RPPNMLSLPHLFFAV47CA,光明段,30.98,都市：其他
RPPNMLSLPHLFFAV47CA,光明段,.24,都市：其他
RPPNMLSLPHLFFAV47CA,光明段,80.00,都市：住
RPTNMLRLPHLFFAV87DA,豐富段,138.05,都市：住
RPSNMLRLPHLFFAV67CA,台東段,82.00,都市：住
RPSNMLRLPHLFFAV67CA,台東段,6.00,都市：住
RPPNMLRLPHLFFAV37CA,青林段,37.23,都市：住
RPQNMLLJQHLFFAV76CA,馬蘭段,38.18,都市：住
RPQNMLNJQHLFFAV96CA,下南寮段,221.78,都市：住
RPQNMLNJQHLFFAV96CA,下南寮段,110.89,都市：住
RPQNMLNJQHLFFAV96CA,下南寮段,83.17,都市：住
RPQNMLNJQHLFFAV96CA,下南寮段,2.63,都市：住
RPQNMLNJQHLFFAV96CA,下南寮段,1.32,都市：住
RPQNMLNJQHLFFAV96CA,下南寮段,.99,都市：住
RPRNMLOJQHLFFAV17CA,台東段,138.00,都市：住
RPPNMLMKQHLFFAV86CA,下賓朗段,192.65,非都市：鄉村區 ; 非都市編定：乙種建築用地
RPPNMLSJQHLFFAV37CA,新園段,8843.00,非都市：特定農業區 ; 非都市編定：農牧用地
RPRNMLMJQHLFFAV96CA,南清段,127.39,都市：住
RPPNMLNJQHLFFAV86CA,青林段,103.82,都市：住
RPRNMLLJQHLFFAV96DA,建本段,88.22,都市：其他
RPPNMLSKQHLFFCV67CA,龍田段,30.51,都市：其他
RPPNMLSKQHLFFCV67CA,龍田段,28.46,都市：其他
RPPNMLSKQHLFFCV67CA,龍田段,331.30,都市：住
RPPNMLSKQHLFFCV67CA,龍田段,864.39,都市：住
RPPNMLSKQHLFFCV67CA,龍田段,78.91,都市：其他
RPRNMLSJQHLFFCV77CA,龍田段,339.23,都市：住
RPRNMLSJQHLFFCV77CA,龍田段,308.40,都市：住
RPRNMLSJQHLFFCV77CA,龍田段,354.04,都市：住
RPPNMLMJQHLFFBV96DA,坪頂段,4312.82,非都市：風景區 ; 非都市編定：農牧用地
RPPNMLMJQHLFFBV96DA,坪頂段,4558.19,非都市：風景區 ; 非都市編定：農牧用地
RPSNMLLJQHLFFAV07DA,建本段,356.61,都市：其他
RPTNMLLJQHLFFAV17DA,建本段,365.85,都市：其他
RPPNMLLJQHLFFBV86DA,沙泥灣段,152.39,非都市：鄉村區 ; 非都市編定：乙種建築用地
RPPNMLSJQHLFFCV57CA,中福段,99.73,都市：住
RPPNMLLMPHLFFBV96CA,濱海段,785.61,都市：住
RPPNMLLMPHLFFBV96CA,濱海段,239.52,都市：住
SPPNMLLJQHLFFBV96DA,中柄段,101.01,非都市：風景區 ; 非都市編定：交通用地
SPPNMLLJQHLFFBV96DA,中柄段,2949.37,非都市：風景區 ; 非都市編定：農牧用地
RPVNMLLJQHLFFAV37DA,新田段,440.56,非都市：特定農業區 ; 非都市編定：農牧用地
RPUNMLLJQHLFFAV17CA,上源段,72.37,非都市：山坡地保育區 ; 非都市編定：丙種建築用地
RPPNMLLJQHLFFAV66CA,永樂段,45.00,都市：住
RPTNMLMJQHLFFAV17CA,永清段,260.29,都市：住
RPQNMLPJQHLFFAV17CA,建康段,94.06,都市：住
RPPNMLLJQHLFFCV96DA,大埔段,124.98,都市：住
RPPNMLLJQHLFFCV96DA,大埔段,224.29,都市：住
RPRNMLNJQHLFFAV07CA,知本段,1500.00,非都市：特定農業區 ; 非都市編定：農牧用地
