﻿編號,屋齡,建物移轉面積平方公尺,主要用途,主要建材,建築完成日期,總層數,建物分層
The serial number,room age,building shifting area square meter,the main use,main building materials,construction completes the date,total layer,building lamination
RPVNMLOLNHLFFAV47CA,33,105.16,住家用,加強磚造,72年5月12日,二層,二層 一層
RPWNMLOJNHLFFAV37CA,42,91.52,住家用,見其他登記事項,62年11月10日,二層,一層 二層 騎樓
RPXNMLQJNHLFFAV67CA,33,101.06,見其他登記事項,鋼筋混凝土造,72年2月9日,四層,四層
RPWNMLTJNHLFFAV87CA,32,92.68,見其他登記事項,鋼筋混凝土造,72年10月19日,四層,四層
RPWNMLTJNHLFFAV87CA,,4.78,見其他登記事項,見其他登記事項,,四層,
RPTNMLQJNHLFFAV27CA,20,179.58,見其他登記事項,鋼筋混凝土造,84年12月13日,三層,一層 二層 三層
RPXNMLTJNHLFFAV97CA,37,101.93,住家用,加強磚造,68年5月16日,二層,一層 二層 騎樓
RPSNMLKKNHLFFAV66CA,9,37.74,見其他登記事項,見其他登記事項,96年8月9日,一層,一層
RPSNMLOJNHLFFAV96CA,32,125.52,住家用,加強磚造,73年6月26日,二層,一層 二層 騎樓
RPPNMLOJNHLFFAV66CA,22,80.35,見其他登記事項,鋼筋混凝土造,83年5月16日,十三層,四層
RPPNMLOJNHLFFAV66CA,22,19.73,見其他登記事項,鋼筋混凝土造,83年5月16日,十三層,
RPUNMLTJNHLFFAV67CA,21,100.22,見其他登記事項,鋼筋混凝土造,84年2月17日,八層,五層
RPUNMLTJNHLFFAV67CA,21,17.65,見其他登記事項,鋼筋混凝土造,84年2月17日,八層,
RPUNMLTJNHLFFAV67CA,21,12.74,見其他登記事項,鋼筋混凝土造,84年2月17日,八層,
RPQNMLQJNHLFFAV07DA,44,85.80,住家用,見其他登記事項,61年6月16日,二層,一層 二層 騎樓
RPPNMLTJNHLFFBV27CA,33,105.99,住家用,加強磚造,72年3月1日,二層,一層 二層
RPPNMLTKNHLFFCV47CA,23,137.14,住家用,見其他登記事項,81年12月22日,三層,一層 二層 三層
RPSNMLTJNHLFFAV47CA,23,153.10,住家用,鋼筋混凝土造,82年8月27日,三層,一層 二層 三層
RPRNMLNKNHLFFAV86CA,22,102.02,見其他登記事項,鋼筋混凝土造,82年12月3日,四層,四層
RPRNMLNKNHLFFAV86CA,22,102.02,見其他登記事項,鋼筋混凝土造,82年12月3日,四層,四層
RPRNMLNKNHLFFAV86CA,22,.24,見其他登記事項,鋼筋混凝土造,82年12月3日,四層,
RPRNMLNKNHLFFAV86CA,22,.25,見其他登記事項,鋼筋混凝土造,82年12月3日,四層,
RPRNMLNKNHLFFAV86CA,22,.24,見其他登記事項,鋼筋混凝土造,82年12月3日,四層,
RPRNMLNKNHLFFAV86CA,22,.24,見其他登記事項,鋼筋混凝土造,82年12月3日,四層,
RPRNMLNKNHLFFAV86CA,22,.24,見其他登記事項,鋼筋混凝土造,82年12月3日,四層,
RPRNMLNKNHLFFAV86CA,22,3.49,見其他登記事項,鋼筋混凝土造,82年12月3日,四層,
RPRNMLNKNHLFFAV86CA,22,.67,見其他登記事項,鋼筋混凝土造,82年12月3日,四層,
RPRNMLNKNHLFFAV86CA,22,.25,見其他登記事項,鋼筋混凝土造,82年12月3日,四層,
RPRNMLNKNHLFFAV86CA,22,.24,見其他登記事項,鋼筋混凝土造,82年12月3日,四層,
RPRNMLNKNHLFFAV86CA,22,.24,見其他登記事項,鋼筋混凝土造,82年12月3日,四層,
RPRNMLNKNHLFFAV86CA,22,.25,見其他登記事項,鋼筋混凝土造,82年12月3日,四層,
RPRNMLNKNHLFFAV86CA,22,.25,見其他登記事項,鋼筋混凝土造,82年12月3日,四層,
RPRNMLNKNHLFFAV86CA,22,.25,見其他登記事項,鋼筋混凝土造,82年12月3日,四層,
RPRNMLNKNHLFFAV86CA,22,.24,見其他登記事項,鋼筋混凝土造,82年12月3日,四層,
RPRNMLNKNHLFFAV86CA,22,.24,見其他登記事項,鋼筋混凝土造,82年12月3日,四層,
RPRNMLNKNHLFFAV86CA,22,.24,見其他登記事項,鋼筋混凝土造,82年12月3日,四層,
RPRNMLNKNHLFFAV86CA,22,.24,見其他登記事項,鋼筋混凝土造,82年12月3日,四層,
RPRNMLNKNHLFFAV86CA,22,.24,見其他登記事項,鋼筋混凝土造,82年12月3日,四層,
RPRNMLNKNHLFFAV86CA,22,.24,見其他登記事項,鋼筋混凝土造,82年12月3日,四層,
RPRNMLNKNHLFFAV86CA,22,.24,見其他登記事項,鋼筋混凝土造,82年12月3日,四層,
RPRNMLNKNHLFFAV86CA,22,.25,見其他登記事項,鋼筋混凝土造,82年12月3日,四層,
RPRNMLNKNHLFFAV86CA,22,.24,見其他登記事項,鋼筋混凝土造,82年12月3日,四層,
RPRNMLNKNHLFFAV86CA,22,.24,見其他登記事項,鋼筋混凝土造,82年12月3日,四層,
RPRNMLNKNHLFFAV86CA,22,.25,見其他登記事項,鋼筋混凝土造,82年12月3日,四層,
RPRNMLNKNHLFFAV86CA,22,.24,見其他登記事項,鋼筋混凝土造,82年12月3日,四層,
RPRNMLNKNHLFFAV86CA,22,.24,見其他登記事項,鋼筋混凝土造,82年12月3日,四層,
RPRNMLNKNHLFFAV86CA,22,.24,見其他登記事項,鋼筋混凝土造,82年12月3日,四層,
RPRNMLNKNHLFFAV86CA,22,.25,見其他登記事項,鋼筋混凝土造,82年12月3日,四層,
RPRNMLNKNHLFFAV86CA,22,.24,見其他登記事項,鋼筋混凝土造,82年12月3日,四層,
RPRNMLNKNHLFFAV86CA,22,.67,見其他登記事項,鋼筋混凝土造,82年12月3日,四層,
RPRNMLNKNHLFFAV86CA,22,.24,見其他登記事項,鋼筋混凝土造,82年12月3日,四層,
RPRNMLNKNHLFFAV86CA,22,.24,見其他登記事項,鋼筋混凝土造,82年12月3日,四層,
RPRNMLNKNHLFFAV86CA,22,2.20,見其他登記事項,鋼筋混凝土造,82年12月3日,四層,
RPRNMLNKNHLFFAV86CA,22,.24,見其他登記事項,鋼筋混凝土造,82年12月3日,四層,
RPPNMLTJNHLFFAV17CA,,313.72,見其他登記事項,見其他登記事項,105年1月20日,四層,一層 二層 三層 四層 騎樓
RPRNMLKKNHLFFAV56CA,33,91.74,見其他登記事項,鋼筋混凝土造,72年10月4日,四層,二層
RPRNMLKKNHLFFAV56CA,,4.61,見其他登記事項,鋼筋混凝土造,,四層,
RPPNMLKKNHLFFAV98CA,31,121.95,住家用,加強磚造,74年3月26日,二層,一層 二層
RPQNMLKKNHLFFAV09CA,22,269.24,農舍,見其他登記事項,83年4月26日,二層,一層 二層
RPTNMLKKNHLFFAV76CA,,117.76,住家用,見其他登記事項,,二層,一層 二層 騎樓
RPRNMLLKNHLFFAV66CA,36,109.12,住家用,加強磚造,69年2月23日,二層,一層 二層
RPQNMLLKNHLFFAV56CA,20,185.08,住家用,鋼筋混凝土造,84年12月30日,三層,一層 二層 三層
RPRNMLMKNHLFFAV76CA,43,32.46,住家用,見其他登記事項,62年2月19日,二層,一層 二層 騎樓
RPSNMLNKNHLFFAV96CA,22,65.65,見其他登記事項,鋼筋混凝土造,83年1月26日,七層,二層
RPSNMLNKNHLFFAV96CA,22,24.23,共同使用部份,鋼筋混凝土造,83年1月26日,七層,
RPQNMLRKNHLFFAV17CA,23,157.78,住家用,鋼筋混凝土造,82年3月18日,三層,一層 二層 三層
RPSNMLRKNHLFFAV37CA,34,96.84,住家用,加強磚造,71年8月9日,二層,一層 二層
RPPNMLOKNHLFFCV96CA,23,139.15,住家用,鋼筋混凝土造,82年7月21日,三層,一層 二層 三層 騎樓
RPTNMLRKNHLFFAV47CA,21,197.04,見其他登記事項,鋼筋混凝土造,84年1月28日,五層,一層 二層 三層 四層 五層
RPRNMLKMNHLFFAV76CA,,74.26,住家用,見其他登記事項,,二層,一層 二層
RPPNMLMLNHLFFAV66CA,23,84.28,住家用,鋼筋混凝土造,82年8月19日,七層,三層
RPPNMLMLNHLFFAV66CA,23,2.44,見其他登記事項,鋼筋混凝土造,82年8月19日,七層,
RPPNMLMLNHLFFAV66CA,23,14.63,見其他登記事項,鋼筋混凝土造,82年8月19日,七層,
RPPNMLMLNHLFFAV66CA,23,13.88,見其他登記事項,鋼筋混凝土造,82年8月19日,七層,
RPQNMLSKNHLFFAV27CA,35,242.55,見其他登記事項,鋼筋混凝土造,70年6月16日,三層,一層 二層 三層 騎樓 地下層
RPTNMLOLNHLFFAV37DA,35,115.65,住家用,加強磚造,69年10月30日,二層,一層 二層 騎樓
RPQNMLQJOHLFFDV37CA,30,106.53,住家用,加強磚造,75年7月22日,二層,一層 二層
RPPNMLQLNHLFFDV37CA,43,102.96,住家用,加強磚造,62年3月1日,二層,一層 二層
RPPNMLQJOHLFFDV27CA,30,106.53,住家用,加強磚造,75年7月22日,二層,一層 二層
RPSNMLKLNHLFFAV76CA,37,105.60,住家用,加強磚造,68年3月23日,二層,一層 二層
RPQNMLOKOHLFFCV17CA,19,126.00,住家用,見其他登記事項,86年4月30日,一層,一層
RPQNMLOLNHLFFBV07CA,38,109.81,住家用,加強磚造,66年10月15日,二層,一層 二層
RPPNMLMKOHLFFBV76CA,23,167.50,住家用,加強磚造,81年11月23日,二層,一層 二層
RPUNMLOLNHLFFAV37CA,,264.12,住家用,鋼筋混凝土造,105年1月25日,三層,一層 二層 三層
RPSNMLOLNHLFFAV17CA,22,102.02,見其他登記事項,鋼筋混凝土造,82年12月3日,四層,四層
RPSNMLOLNHLFFAV17CA,22,2.20,見其他登記事項,鋼筋混凝土造,82年12月3日,四層,
RPSNMLOLNHLFFAV17CA,22,.24,見其他登記事項,鋼筋混凝土造,82年12月3日,四層,
RPSNMLOLNHLFFAV17CA,22,.24,見其他登記事項,鋼筋混凝土造,82年12月3日,四層,
RPSNMLOLNHLFFAV17CA,22,.24,見其他登記事項,鋼筋混凝土造,82年12月3日,四層,
RPSNMLOLNHLFFAV17CA,22,.24,見其他登記事項,鋼筋混凝土造,82年12月3日,四層,
RPSNMLOLNHLFFAV17CA,22,.24,見其他登記事項,鋼筋混凝土造,82年12月3日,四層,
RPSNMLOLNHLFFAV17CA,22,.24,見其他登記事項,鋼筋混凝土造,82年12月3日,四層,
RPSNMLOLNHLFFAV17CA,22,.24,見其他登記事項,鋼筋混凝土造,82年12月3日,四層,
RPSNMLOLNHLFFAV17CA,22,.24,見其他登記事項,鋼筋混凝土造,82年12月3日,四層,
RPSNMLOLNHLFFAV17CA,22,.67,見其他登記事項,鋼筋混凝土造,82年12月3日,四層,
RPSNMLOLNHLFFAV17CA,22,.67,見其他登記事項,鋼筋混凝土造,82年12月3日,四層,
RPSNMLOLNHLFFAV17CA,22,.25,見其他登記事項,鋼筋混凝土造,82年12月3日,四層,
RPSNMLOLNHLFFAV17CA,22,.25,見其他登記事項,鋼筋混凝土造,82年12月3日,四層,
RPSNMLOLNHLFFAV17CA,22,.25,見其他登記事項,鋼筋混凝土造,82年12月3日,四層,
RPSNMLOLNHLFFAV17CA,22,3.49,見其他登記事項,鋼筋混凝土造,82年12月3日,四層,
RPSNMLOLNHLFFAV17CA,22,.24,見其他登記事項,鋼筋混凝土造,82年12月3日,四層,
RPSNMLOLNHLFFAV17CA,22,.24,見其他登記事項,鋼筋混凝土造,82年12月3日,四層,
RPSNMLOLNHLFFAV17CA,22,.24,見其他登記事項,鋼筋混凝土造,82年12月3日,四層,
RPSNMLOLNHLFFAV17CA,22,.24,見其他登記事項,鋼筋混凝土造,82年12月3日,四層,
RPSNMLOLNHLFFAV17CA,22,.24,見其他登記事項,鋼筋混凝土造,82年12月3日,四層,
RPSNMLOLNHLFFAV17CA,22,.24,見其他登記事項,鋼筋混凝土造,82年12月3日,四層,
RPSNMLOLNHLFFAV17CA,22,.24,見其他登記事項,鋼筋混凝土造,82年12月3日,四層,
RPSNMLOLNHLFFAV17CA,22,.24,見其他登記事項,鋼筋混凝土造,82年12月3日,四層,
RPSNMLOLNHLFFAV17CA,22,.24,見其他登記事項,鋼筋混凝土造,82年12月3日,四層,
RPSNMLOLNHLFFAV17CA,22,.24,見其他登記事項,鋼筋混凝土造,82年12月3日,四層,
RPSNMLOLNHLFFAV17CA,22,.24,見其他登記事項,鋼筋混凝土造,82年12月3日,四層,
RPSNMLOLNHLFFAV17CA,22,.24,見其他登記事項,鋼筋混凝土造,82年12月3日,四層,
RPSNMLOLNHLFFAV17CA,22,.24,見其他登記事項,鋼筋混凝土造,82年12月3日,四層,
RPSNMLOLNHLFFAV17CA,22,.24,見其他登記事項,鋼筋混凝土造,82年12月3日,四層,
RPSNMLOLNHLFFAV17CA,22,.25,見其他登記事項,鋼筋混凝土造,82年12月3日,四層,
RPSNMLOLNHLFFAV17CA,22,.25,見其他登記事項,鋼筋混凝土造,82年12月3日,四層,
RPSNMLOLNHLFFAV17CA,22,.25,見其他登記事項,鋼筋混凝土造,82年12月3日,四層,
RPSNMLOLNHLFFAV17CA,22,.25,見其他登記事項,鋼筋混凝土造,82年12月3日,四層,
RPSNMLOLNHLFFAV17CA,22,.25,見其他登記事項,鋼筋混凝土造,82年12月3日,四層,
RPQNMLOJOHLFFAV96DA,33,105.63,見其他登記事項,鋼筋混凝土造,72年2月9日,四層,一層
RPQNMLOLNHLFFAV07DA,22,234.64,住家用,鋼筋混凝土造,83年9月30日,四層,一層 二層 三層 四層 騎樓
RPQNMLOJOHLFFAV96DA,33,.99,見其他登記事項,鋼筋混凝土造,72年2月9日,四層,
RPQNMLOJOHLFFAV96DA,33,1.15,見其他登記事項,鋼筋混凝土造,72年2月9日,四層,
RPQNMLOJOHLFFAV96DA,33,5.86,見其他登記事項,鋼筋混凝土造,72年2月9日,四層,
RPQOMLSJOHLFFAV37CA,35,180.96,住家用,加強磚造,70年3月8日,二層,一層 二層 騎樓
RPSNMLNJOHLFFAV96CA,20,54.59,見其他登記事項,鋼筋混凝土造,85年6月28日,九層,三層
RPSNMLNJOHLFFAV96CA,20,10.94,見其他登記事項,鋼筋混凝土造,85年6月28日,九層,
RPSNMLNJOHLFFAV96CA,20,6.84,見其他登記事項,鋼筋混凝土造,85年6月28日,九層,
RPSNMLMJOHLFFAV86CA,,82.96,住家用,見其他登記事項,,一層,一層 騎樓
RPPNMLRLNHLFFCV37CA,32,149.10,住家用,鋼筋混凝土造,73年5月26日,四層,一層 二層 三層 四層 騎樓
RPVNMLOKOHLFFAV47CA,21,102.49,見其他登記事項,鋼筋混凝土造,84年7月6日,四層,二層
RPVNMLOKOHLFFAV47CA,21,.58,見其他登記事項,鋼筋混凝土造,84年7月6日,,
RPVNMLOKOHLFFAV47CA,21,.59,見其他登記事項,鋼筋混凝土造,84年7月6日,,
RPVNMLOKOHLFFAV47CA,21,.59,見其他登記事項,鋼筋混凝土造,84年7月6日,,
RPVNMLOKOHLFFAV47CA,21,8.80,見其他登記事項,鋼筋混凝土造,84年7月6日,四層,
RPVNMLOKOHLFFAV47CA,21,.59,見其他登記事項,鋼筋混凝土造,84年7月6日,,
RPVNMLOKOHLFFAV47CA,21,.58,見其他登記事項,鋼筋混凝土造,84年7月6日,,
RPVNMLOKOHLFFAV47CA,21,.59,見其他登記事項,鋼筋混凝土造,84年7月6日,,
RPVNMLOKOHLFFAV47CA,21,1.45,見其他登記事項,鋼筋混凝土造,84年7月6日,四層,
RPVNMLOKOHLFFAV47CA,21,.58,見其他登記事項,鋼筋混凝土造,84年7月6日,,
RPVNMLOKOHLFFAV47CA,21,.59,見其他登記事項,鋼筋混凝土造,84年7月6日,,
RPVNMLOKOHLFFAV47CA,21,.59,見其他登記事項,鋼筋混凝土造,84年7月6日,,
RPVNMLOKOHLFFAV47CA,21,.59,見其他登記事項,鋼筋混凝土造,84年7月6日,,
RPVNMLOKOHLFFAV47CA,21,.59,見其他登記事項,鋼筋混凝土造,84年7月6日,,
RPVNMLOKOHLFFAV47CA,21,.58,見其他登記事項,鋼筋混凝土造,84年7月6日,,
RPVNMLOKOHLFFAV47CA,21,.58,見其他登記事項,鋼筋混凝土造,84年7月6日,,
RPVNMLOKOHLFFAV47CA,21,.58,見其他登記事項,鋼筋混凝土造,84年7月6日,,
RPSNMLLMNHLFFAV07DA,20,27.71,見其他登記事項,鋼筋混凝土造,85年6月28日,九層,三層
RPSNMLLMNHLFFAV07DA,20,5.76,見其他登記事項,鋼筋混凝土造,85年6月28日,九層,
RPTNMLLMNHLFFAV07CA,34,121.67,住家用,加強磚造,70年12月10日,二層,一層 二層
RPSNMLLMNHLFFAV07DA,20,3.28,見其他登記事項,鋼筋混凝土造,85年6月28日,九層,
RPRNMLQLNHLFFAV27CA,2,251.13,住家用,鋼筋混凝土造,102年11月19日,三層,一層 二層 三層 見其他登記事項
RPVNMLKMNHLFFAV17CA,23,158.83,住家用,鋼筋混凝土造,81年12月1日,三層,一層 二層 三層
RPPNMLRKOHLFFDV47CA,22,30.96,住家用,鋼筋混凝土造,82年12月31日,五層,二層
RPPNMLRKOHLFFDV47CA,22,10.25,見其他登記事項,鋼筋混凝土造,82年12月31日,五層,
RPRNMLQJOHLFFAV17CA,13,224.81,見其他登記事項,鋼筋混凝土造,92年9月19日,三層,一層 二層 三層 騎樓
RPQNMLLMNHLFFAV86DA,53,51.37,住家用,見其他登記事項,52年1月10日,一層,一層
RPRNMLOKOHLFFCV37DA,31,59.58,住家用,加強磚造,74年7月2日,二層,一層 二層 騎樓
RPRNMLLMNHLFFCV07CA,33,103.36,見其他登記事項,加強磚造,72年6月14日,二層,一層 二層 屋頂突出物 騎樓
RPPNMLNLOHLFFBV96CA,24,189.30,農舍,加強磚造,80年12月20日,二層,一層 二層 騎樓
RPXNMLLMNHLFFAV47CA,49,93.99,住家用,見其他登記事項,55年12月1日,一層,一層 騎樓
RPQNMLMJOHLFFAV66CA,30,130.88,住家用,加強磚造,75年1月25日,二層,一層 二層
RPUNMLRJOHLFFAV57CA,34,149.22,住家用,見其他登記事項,71年6月29日,二層,一層 二層 騎樓
RPPNMLOJOHLFFAV76CA,11,166.81,住家用,見其他登記事項,94年8月25日,三層,一層 二層 三層
RPPNMLLMNHLFFBV76CA,20,199.54,見其他登記事項,加強磚造,84年11月27日,二層,一層 二層
RPQNMLKLOHLFFDV96CA,22,5.45,見其他登記事項,鋼筋混凝土造,83年9月30日,八層,
RPQNMLKLOHLFFDV96CA,22,31.54,見其他登記事項,鋼筋混凝土造,83年9月30日,八層,八層
RPQNMLLJOHLFFAV56CA,33,100.53,見其他登記事項,鋼筋混凝土造,72年2月9日,四層,二層
RPQNMLLJOHLFFAV56CA,33,.99,見其他登記事項,鋼筋混凝土造,72年2月9日,四層,
RPQNMLLJOHLFFAV56CA,33,1.15,見其他登記事項,鋼筋混凝土造,72年2月9日,四層,
RPQNMLLJOHLFFAV56CA,33,6.87,見其他登記事項,鋼筋混凝土造,72年2月9日,四層,
RPUNMLQKOHLFFAV57CA,36,121.26,住家用,加強磚造,69年5月24日,二層,一層 二層 騎樓
RPRNMLOJOHLFFAV96CA,11,164.05,住家用,鋼筋混凝土造,94年5月18日,三層,一層 二層 三層
RPPNMLRJOHLFFAV07CA,20,172.50,住家用,鋼筋混凝土造,84年11月9日,三層,一層 二層 三層
RPWNMLQJOHLFFAV67CA,21,81.99,見其他登記事項,鋼筋混凝土造,84年1月25日,十層,二層
RPWNMLQJOHLFFAV67CA,21,2.35,見其他登記事項,鋼筋混凝土造,84年1月25日,十層,
RPWNMLQJOHLFFAV67CA,,2.25,見其他登記事項,鋼筋混凝土造,,十層,
RPWNMLQJOHLFFAV67CA,21,9.96,見其他登記事項,鋼筋混凝土造,84年1月25日,十層,
RPWNMLQJOHLFFAV67CA,21,11.98,見其他登記事項,鋼筋混凝土造,84年1月25日,十層,
RPUNMLTJOHLFFAV77CA,,208.07,見其他登記事項,見其他登記事項,105年3月28日,三層,三層 見其他登記事項 一層 二層
RPTNMLQJOHLFFAV37CA,12,169.94,住家用,鋼筋混凝土造,93年4月13日,三層,一層 二層 三層
RPQOMLTJOHLFFAV47CA,,211.13,見其他登記事項,見其他登記事項,105年3月28日,三層,一層 二層 三層 見其他登記事項
RPTNMLQKOHLFFAV47CA,20,245.57,住家用,鋼筋混凝土造,85年6月3日,四層,一層 二層 三層 四層
RPSNMLQJOHLFFAV37DA,8,491.04,見其他登記事項,見其他登記事項,97年1月28日,一層,一層
RPWOMLTJOHLFFAV08CA,,224.39,見其他登記事項,見其他登記事項,105年3月28日,三層,一層 二層 三層 見其他登記事項
RPVNMLQJOHLFFAV57CA,,63.49,住家用,見其他登記事項,,一層,一層 騎樓
RPQPMLTJOHLFFAV57CA,,491.62,見其他登記事項,見其他登記事項,105年3月28日,四層,一層 二層 三層 四層 見其他登記事項
RPOPMLTJOHLFFAV37CA,,224.39,見其他登記事項,見其他登記事項,105年3月28日,三層,一層 二層 三層 見其他登記事項
RPPNMLQJOHLFFAV96CA,42,57.38,住家用,見其他登記事項,63年3月30日,一層,一層 騎樓
RPWNMLTJOHLFFAV97CA,,203.19,見其他登記事項,見其他登記事項,105年3月28日,三層,一層 二層 三層 見其他登記事項
RPTNMLPKOHLFFAV37CA,7,141.03,住家用,見其他登記事項,98年4月16日,一層,一層
RPPNMLLLOHLFFBV76CA,36,249.84,住商用,鋼筋混凝土加強磚造,69年3月22日,四層,一層 二層 三層 四層 騎樓
RPSNMLKLOHLFFAV86CA,1,267.37,見其他登記事項,見其他登記事項,104年7月16日,三層,一層 二層 三層 見其他登記事項
RPWNMLSJOHLFFAV87CA,9,173.87,見其他登記事項,見其他登記事項,96年9月21日,三層,一層 二層 三層
RPSNMLRJOHLFFAV37CA,21,78.10,見其他登記事項,鋼筋混凝土造,84年6月1日,五層,二層
RPSNMLRJOHLFFAV37CA,21,9.16,見其他登記事項,鋼筋混凝土造,84年6月1日,五層,
RPSNMLRJOHLFFAV37CA,21,10.93,見其他登記事項,鋼筋混凝土造,84年6月1日,五層,
RPXNMLSJOHLFFAV97CA,47,34.64,住家用,見其他登記事項,58年7月20日,二層,一層 二層
RPXNMLSJOHLFFAV97CA,47,34.64,住家用,見其他登記事項,58年7月20日,二層,一層 二層
RPQNMLRKOHLFFAV27CA,9,228.68,住家用,見其他登記事項,96年5月24日,三層,一層 二層 三層
SPQNMLRKOHLFFAV37CA,9,.35,見其他登記事項,見其他登記事項,96年5月24日,一層,
RPRNMLQKOHLFFAV27CA,21,169.58,住家用,鋼筋混凝土造,84年6月22日,四層,一層 二層 三層 四層
RPPNMLOKOHLFFAV86CA,,187.72,住家用,見其他登記事項,105年4月12日,三層,一層 二層 三層
RPUNMLKLOHLFFAV07CA,37,94.50,住家用,加強磚造,68年8月20日,二層,一層 二層
RPTNMLKLOHLFFAV96CA,,205.73,見其他登記事項,見其他登記事項,105年1月5日,三層,一層 二層 三層 見其他登記事項
RPWNMLKLOHLFFAV27CA,,205.73,住家用,見其他登記事項,105年1月5日,三層,一層 二層 三層 見其他登記事項
RPXNMLOKOHLFFAV67CA,3,285.13,見其他登記事項,見其他登記事項,102年3月1日,一層,一層
RPRNMLOKOHLFFAV07CA,,196.16,住家用,見其他登記事項,105年4月12日,三層,一層 二層 三層
RPSNMLOKOHLFFAV17CA,,203.23,住家用,見其他登記事項,105年4月12日,三層,一層 二層 三層
RPPNMLPKOHLFFAV96CA,35,102.09,住家用,加強磚造,70年9月26日,二層,一層 二層 騎樓
RPQNMLOKOHLFFAV96CA,,174.96,住家用,見其他登記事項,105年4月12日,三層,一層 二層 三層
RPTNMLOKOHLFFBV37CA,32,276.57,農舍,加強磚造,73年5月4日,二層,一層 二層 騎樓
RPPNMLPKOHLFFCV17CA,,172.28,住商用,見其他登記事項,,二層,一層 二層 騎樓
RPQNMLOKOHLFFBV07CA,39,91.14,住家用,鋼筋混凝土加強磚造,66年7月4日,二層,一層 二層 騎樓
RPVNMLKLOHLFFAV17CA,13,160.98,住家用,鋼筋混凝土造,92年2月24日,三層,一層 二層 三層
RPPNMLKLOHLFFAV56CA,21,72.13,見其他登記事項,鋼筋混凝土造,84年1月25日,十層,六層
RPPNMLKLOHLFFAV56CA,,1.95,見其他登記事項,鋼筋混凝土造,,十層,
RPPNMLKLOHLFFAV56CA,21,8.61,見其他登記事項,鋼筋混凝土造,84年1月25日,十層,
RPPNMLKLOHLFFAV56CA,21,2.08,見其他登記事項,鋼筋混凝土造,84年1月25日,十層,
RPPNMLKLOHLFFAV56CA,21,10.60,見其他登記事項,鋼筋混凝土造,84年1月25日,十層,
RPTNMLNLOHLFFAV27CA,,112.61,住商用,見其他登記事項,,二層,一層 二層 騎樓
RPTNMLNLOHLFFAV27CA,44,49.36,住家用,見其他登記事項,61年11月23日,三層,三層
RPQNMLQKOHLFFAV17CA,43,105.30,住家用,見其他登記事項,62年1月30日,二層,一層 二層 騎樓
RPPNMLQKOHLFFAV07CA,42,53.11,住家用,見其他登記事項,63年7月1日,一層,一層
RPPNMLKMOHLFFBV76CA,31,95.26,見其他登記事項,加強磚造,74年8月1日,二層,一層 二層
RPRNMLRKOHLFFAV37CA,39,147.14,住家用,見其他登記事項,66年8月3日,二層,夾層 一層 二層 騎樓
RPTNMLRKOHLFFAV57CA,40,47.60,住家用,見其他登記事項,65年3月1日,一層,一層
RPOOMLKLOHLFFAV56CA,21,100.99,見其他登記事項,鋼筋混凝土造,84年2月17日,八層,一層
RPOOMLKLOHLFFAV56CA,21,17.65,見其他登記事項,鋼筋混凝土造,84年2月17日,八層,
RPOOMLKLOHLFFAV56CA,21,12.74,見其他登記事項,鋼筋混凝土造,84年2月17日,八層,
RPRNMLLLOHLFFAV86CA,33,93.83,見其他登記事項,鋼筋混凝土造,72年10月19日,四層,三層
RPRNMLLLOHLFFAV86CA,,4.78,見其他登記事項,見其他登記事項,,四層,
RPUNMLLLOHLFFAV17CA,1,249.99,見其他登記事項,見其他登記事項,104年7月3日,三層,一層 二層 三層 見其他登記事項
RPVNMLLLOHLFFAV27CA,39,96.58,住家用,見其他登記事項,66年6月18日,二層,一層 二層 騎樓
RPSNMLLLOHLFFAV96CA,21,197.04,見其他登記事項,鋼筋混凝土造,84年1月28日,五層,一層 二層 三層 四層 五層
RPQNMLMLOHLFFAV86CA,20,933.45,住家用,加強磚造,84年10月9日,二層,一層 二層 騎樓
RPTNMLQJPHLFFAV47CA,20,86.57,見其他登記事項,鋼筋混凝土造,84年12月20日,七層,六層
RPTNMLQJPHLFFAV47CA,,32.96,見其他登記事項,鋼筋混凝土造,,七層,
RPPNMLLJPHLFFBV76DA,53,246.34,商業用,鋼筋混凝土造,51年11月2日,一層,一層 騎樓
RPPNMLLJPHLFFBV76DA,40,328.30,見其他登記事項,鋼筋混凝土加強磚造,64年11月1日,一層,一層 騎樓
RPPNMLQLOHLFFCV37CA,34,123.90,住商用,加強磚造,71年11月19日,二層,一層 二層 屋頂突出物 騎樓
RPQNMLSKPHLFFCV67CA,,184.98,見其他登記事項,鋼筋混凝土造,104年12月18日,三層,一層 二層 三層
RPPNMLMLOHLFFAV76CA,37,119.76,住家用,加強磚造,68年6月26日,二層,一層 二層 騎樓
RPTNMLOJPHLFFAV37DA,43,101.03,住家用,見其他登記事項,62年9月21日,二層,一層 二層 騎樓
RPRNMLNLOHLFFAV07CA,31,155.51,住家用,鋼筋混凝土造,73年12月20日,三層,一層 二層 三層 騎樓
RPWOMLSLOHLFFAV18CA,21,29.44,見其他登記事項,鋼筋混凝土造,84年2月21日,五層,二層
RPWOMLSLOHLFFAV18CA,21,7.61,見其他登記事項,鋼筋混凝土造,84年2月21日,五層,
RPWOMLSLOHLFFAV18CA,21,7.38,見其他登記事項,鋼筋混凝土造,84年2月21日,五層,
RPWOMLSLOHLFFAV18CA,21,1.71,共有部分,鋼筋混凝土造,84年2月21日,五層,
RPVNMLNLOHLFFAV47CA,20,345.40,見其他登記事項,鋼筋混凝土造,84年12月11日,三層,三層 地下層 一層 二層
RPVNMLNLOHLFFAV47CA,20,42.64,見其他登記事項,鋼筋混凝土造,84年12月11日,三層,
RPWNMLRLOHLFFAV97CA,,230.58,住家用,見其他登記事項,105年3月18日,三層,一層 二層 三層
RPQNMLQLOHLFFCV47CA,,150.53,住商用,鋼筋混凝土加強磚造,,二層,一層 二層 騎樓
RPWNMLNLOHLFFAV57CA,21,197.04,見其他登記事項,鋼筋混凝土造,84年1月28日,五層,一層 二層 三層 四層 五層
RPPNMLLJPHLFFAV56CA,22,102.02,見其他登記事項,鋼筋混凝土造,82年12月3日,四層,四層
RPPNMLLJPHLFFAV56CA,22,.25,見其他登記事項,鋼筋混凝土造,82年12月3日,四層,
RPPNMLLJPHLFFAV56CA,22,102.02,見其他登記事項,鋼筋混凝土造,82年12月3日,四層,四層
RPPNMLLJPHLFFAV56CA,22,.25,見其他登記事項,鋼筋混凝土造,82年12月3日,四層,
RPPNMLLJPHLFFAV56CA,22,.25,見其他登記事項,鋼筋混凝土造,82年12月3日,四層,
RPPNMLLJPHLFFAV56CA,22,.25,見其他登記事項,鋼筋混凝土造,82年12月3日,四層,
RPPNMLLJPHLFFAV56CA,22,.26,見其他登記事項,鋼筋混凝土造,82年12月3日,四層,
RPPNMLLJPHLFFAV56CA,22,.25,見其他登記事項,鋼筋混凝土造,82年12月3日,四層,
RPPNMLLJPHLFFAV56CA,22,3.58,見其他登記事項,鋼筋混凝土造,82年12月3日,四層,
RPPNMLLJPHLFFAV56CA,22,.25,見其他登記事項,鋼筋混凝土造,82年12月3日,四層,
RPPNMLLJPHLFFAV56CA,22,.25,見其他登記事項,鋼筋混凝土造,82年12月3日,四層,
RPPNMLLJPHLFFAV56CA,22,.25,見其他登記事項,鋼筋混凝土造,82年12月3日,四層,
RPPNMLLJPHLFFAV56CA,22,.25,見其他登記事項,鋼筋混凝土造,82年12月3日,四層,
RPPNMLLJPHLFFAV56CA,22,.26,見其他登記事項,鋼筋混凝土造,82年12月3日,四層,
RPPNMLLJPHLFFAV56CA,22,.26,見其他登記事項,鋼筋混凝土造,82年12月3日,四層,
RPPNMLLJPHLFFAV56CA,22,.25,見其他登記事項,鋼筋混凝土造,82年12月3日,四層,
RPPNMLLJPHLFFAV56CA,22,.26,見其他登記事項,鋼筋混凝土造,82年12月3日,四層,
RPPNMLLJPHLFFAV56CA,22,.25,見其他登記事項,鋼筋混凝土造,82年12月3日,四層,
RPPNMLLJPHLFFAV56CA,22,.25,見其他登記事項,鋼筋混凝土造,82年12月3日,四層,
RPPNMLLJPHLFFAV56CA,22,.25,見其他登記事項,鋼筋混凝土造,82年12月3日,四層,
RPPNMLLJPHLFFAV56CA,22,.25,見其他登記事項,鋼筋混凝土造,82年12月3日,四層,
RPPNMLLJPHLFFAV56CA,22,.69,見其他登記事項,鋼筋混凝土造,82年12月3日,四層,
RPPNMLLJPHLFFAV56CA,22,.26,見其他登記事項,鋼筋混凝土造,82年12月3日,四層,
RPPNMLLJPHLFFAV56CA,22,.25,見其他登記事項,鋼筋混凝土造,82年12月3日,四層,
RPPNMLLJPHLFFAV56CA,22,.25,見其他登記事項,鋼筋混凝土造,82年12月3日,四層,
RPPNMLLJPHLFFAV56CA,22,.26,見其他登記事項,鋼筋混凝土造,82年12月3日,四層,
RPPNMLLJPHLFFAV56CA,22,.25,見其他登記事項,鋼筋混凝土造,82年12月3日,四層,
RPPNMLLJPHLFFAV56CA,22,.25,見其他登記事項,鋼筋混凝土造,82年12月3日,四層,
RPPNMLLJPHLFFAV56CA,22,.25,見其他登記事項,鋼筋混凝土造,82年12月3日,四層,
RPPNMLLJPHLFFAV56CA,22,.26,見其他登記事項,鋼筋混凝土造,82年12月3日,四層,
RPPNMLLJPHLFFAV56CA,22,.69,見其他登記事項,鋼筋混凝土造,82年12月3日,四層,
RPPNMLLJPHLFFAV56CA,22,.25,見其他登記事項,鋼筋混凝土造,82年12月3日,四層,
RPPNMLLJPHLFFAV56CA,22,.25,見其他登記事項,鋼筋混凝土造,82年12月3日,四層,
RPPNMLLJPHLFFAV56CA,22,.26,見其他登記事項,鋼筋混凝土造,82年12月3日,四層,
RPPNMLLJPHLFFAV56CA,22,2.26,見其他登記事項,鋼筋混凝土造,82年12月3日,四層,
RPPNMLLJPHLFFAV56CA,22,.25,見其他登記事項,鋼筋混凝土造,82年12月3日,四層,
RPXNMLSLOHLFFAV18CA,,220.96,住家用,見其他登記事項,105年4月25日,三層,一層 二層 三層
RPSOMLLKPHLFFAV07CA,,130.58,住家用,加強磚造,,二層,一層 二層
RPWNMLOJPHLFFAV57CA,58,53.28,住家用,鋼筋混凝土造,47年1月1日,二層,一層 二層
RPWNMLOJPHLFFAV57CA,58,37.00,商業用,見其他登記事項,47年7月1日,一層,一層
RPQNMLRLOHLFFAV37CA,20,56.46,見其他登記事項,鋼筋混凝土造,85年6月28日,九層,三層
RPQNMLRLOHLFFAV37CA,20,11.22,見其他登記事項,鋼筋混凝土造,85年6月28日,九層,
RPQNMLRLOHLFFAV37CA,20,6.84,見其他登記事項,鋼筋混凝土造,85年6月28日,九層,
RPSNMLSLOHLFFAV67CA,,229.16,住家用,見其他登記事項,104年12月7日,三層,一層 二層 三層
RPVNMLSLOHLFFAV97CA,19,34.27,見其他登記事項,鋼筋混凝土造,86年3月3日,七層,六層
RPVNMLSLOHLFFAV97CA,19,7.15,見其他登記事項,鋼筋混凝土造,86年3月3日,七層,
RPVNMLSLOHLFFAV97CA,19,7.45,見其他登記事項,鋼筋混凝土造,86年3月3日,七層,
RPUNMLSLOHLFFAV87CA,,261.56,住家用,見其他登記事項,105年4月25日,四層,一層 二層 三層 四層
RPTOMLLKPHLFFAV17CA,45,30.97,住家用,見其他登記事項,60年3月12日,一層,一層
RPPNMLSLOHLFFDV67CA,23,38.25,見其他登記事項,鋼筋混凝土造,82年11月8日,八層,八層
RPPNMLSLOHLFFDV67CA,23,14.01,見其他登記事項,鋼筋混凝土造,82年11月8日,八層,
RPSNMLRLOHLFFAV57CA,1,183.53,住家用,見其他登記事項,104年10月14日,三層,一層 二層 三層
RPRNMLRLPHLFFAV67DA,21,44.79,見其他登記事項,鋼筋混凝土造,84年3月27日,十層,七層
RPRNMLRLPHLFFAV67DA,21,9.60,見其他登記事項,鋼筋混凝土造,84年3月27日,十層,
RPQNMLKMOHLFFCV96CA,11,99.65,見其他登記事項,鋼筋混凝土造,94年1月21日,五層,五層
RPQNMLKMOHLFFCV96CA,11,14.48,見其他登記事項,鋼筋混凝土造,94年1月21日,八層,
RPQNMLKMOHLFFCV96CA,11,4.55,見其他登記事項,鋼筋混凝土造,94年1月21日,一層,
RPVNMLRLOHLFFAV87CA,,230.50,住家用,見其他登記事項,105年3月18日,三層,一層 二層 三層
RPPNMLQJPHLFFAV07CA,33,132.58,住家用,加強磚造,72年5月5日,二層,一層 二層 騎樓
RPQNMLSLOHLFFBV57CA,21,147.30,住家用,鋼筋混凝土造,84年7月28日,三層,一層 二層 三層
RPPNMLTLOHLFFAV47CA,20,41.51,見其他登記事項,鋼筋混凝土造,85年6月28日,九層,八層
RPPNMLTLOHLFFAV47CA,20,8.92,見其他登記事項,鋼筋混凝土造,85年6月28日,九層,
RPPNMLTLOHLFFAV47CA,20,5.20,見其他登記事項,鋼筋混凝土造,85年6月28日,九層,
RPRNMLTLOHLFFAV67CA,22,87.17,見其他登記事項,鋼筋混凝土造,83年4月19日,十四層,十層
RPRNMLTLOHLFFAV67CA,22,24.52,見其他登記事項,鋼筋混凝土造,83年4月19日,十四層,
RPVOMLSLOHLFFAV08CA,,112.68,住家用,見其他登記事項,105年4月25日,三層,一層 二層 三層
RPVOMLSLOHLFFAV08CA,,112.68,住家用,見其他登記事項,105年4月25日,三層,二層 三層 一層
RPQNMLTLOHLFFAV57CA,46,181.14,住商用,見其他登記事項,59年2月15日,二層,騎樓 一層 二層
RPQNMLTLOHLFFAV57CA,46,38.37,工業用,見其他登記事項,59年2月15日,一層,一層
RPQNMLLKPHLFFCV96CA,7,36.00,見其他登記事項,見其他登記事項,98年12月2日,一層,一層
RPRNMLKMOHLFFAV86CA,21,159.22,住家用,鋼筋混凝土造,84年1月14日,三層,一層 二層 三層
RPSNMLKMOHLFFAV96CA,44,63.09,住家用,見其他登記事項,61年11月30日,一層,一層 騎樓
RPSNMLMKPHLFFAV07CA,,221.09,住家用,見其他登記事項,105年1月5日,三層,一層 二層 三層
RPRNMLOJPHLFFAV07CA,35,91.53,住家用,鋼筋混凝土造,70年10月21日,七層,五層
RPRNMLOJPHLFFAV07CA,,14.92,見其他登記事項,鋼筋混凝土造,,一層,
RPRNMLOJPHLFFAV07CA,35,16.28,見其他登記事項,鋼筋混凝土造,70年10月21日,七層,
RPRNMLQJPHLFFDV57CA,23,115.71,住家用,加強磚造,82年4月21日,二層,一層 二層
RPQNMLNKPHLFFBV07CA,39,106.44,住家用,鋼筋混凝土加強磚造,66年11月28日,二層,一層 二層 騎樓
RPQNMLOJPHLFFAV96CA,,278.33,住家用,見其他登記事項,105年4月25日,四層,一層 二層 三層 四層
RPPNMLMJPHLFFAV66CA,32,67.50,住家用,見其他登記事項,73年7月1日,一層,一層 騎樓
RPQNMLLJPHLFFAV66CA,21,91.50,見其他登記事項,鋼筋混凝土造,84年5月27日,二層,一層 二層
RPUNMLOJPHLFFAV37CA,21,102.49,見其他登記事項,鋼筋混凝土造,84年7月6日,四層,三層
RPUNMLOJPHLFFAV37CA,21,8.80,見其他登記事項,鋼筋混凝土造,84年7月6日,四層,
RPUNMLOJPHLFFAV37CA,21,.59,見其他登記事項,鋼筋混凝土造,84年7月6日,,
RPUNMLOJPHLFFAV37CA,21,.58,見其他登記事項,鋼筋混凝土造,84年7月6日,,
RPUNMLOJPHLFFAV37CA,21,1.45,見其他登記事項,鋼筋混凝土造,84年7月6日,四層,
RPUNMLOJPHLFFAV37CA,21,.59,見其他登記事項,鋼筋混凝土造,84年7月6日,,
RPUNMLOJPHLFFAV37CA,21,.59,見其他登記事項,鋼筋混凝土造,84年7月6日,,
RPUNMLOJPHLFFAV37CA,21,.59,見其他登記事項,鋼筋混凝土造,84年7月6日,,
RPUNMLOJPHLFFAV37CA,21,.59,見其他登記事項,鋼筋混凝土造,84年7月6日,,
RPUNMLOJPHLFFAV37CA,21,.59,見其他登記事項,鋼筋混凝土造,84年7月6日,,
RPUNMLOJPHLFFAV37CA,21,.59,見其他登記事項,鋼筋混凝土造,84年7月6日,,
RPUNMLOJPHLFFAV37CA,21,.58,見其他登記事項,鋼筋混凝土造,84年7月6日,,
RPUNMLOJPHLFFAV37CA,21,.58,見其他登記事項,鋼筋混凝土造,84年7月6日,,
RPUNMLOJPHLFFAV37CA,21,.58,見其他登記事項,鋼筋混凝土造,84年7月6日,,
RPUNMLOJPHLFFAV37CA,21,.58,見其他登記事項,鋼筋混凝土造,84年7月6日,,
RPUNMLOJPHLFFAV37CA,21,.58,見其他登記事項,鋼筋混凝土造,84年7月6日,,
RPUNMLOJPHLFFAV37CA,21,.59,見其他登記事項,鋼筋混凝土造,84年7月6日,,
RPXNMLPJPHLFFAV77CA,36,117.04,住家用,加強磚造,69年1月20日,二層,一層 二層 騎樓
RPPNMLMKPHLFFAV76CA,20,63.01,見其他登記事項,鋼筋混凝土造,85年6月21日,七層,二層
RPPNMLMKPHLFFAV76CA,20,7.68,見其他登記事項,鋼筋混凝土造,85年6月21日,七層,
RPPNMLMKPHLFFAV76CA,20,4.40,見其他登記事項,鋼筋混凝土造,85年6月21日,七層,
RPPNMLMKPHLFFAV76CA,20,4.47,見其他登記事項,鋼筋混凝土造,85年6月21日,七層,
RPPNMLMKPHLFFAV76CA,20,16.82,見其他登記事項,鋼筋混凝土造,85年6月21日,七層,
RPROMLLKPHLFFAV96CA,41,66.24,住家用,見其他登記事項,64年11月20日,一層,一層
RPQNMLTKPHLFFAV57CA,,92.33,住家用,鋼造,,二層,一層 二層 騎樓
RPVNMLQLPHLFFAV87CA,17,173.76,住家用,鋼筋混凝土造,88年9月29日,三層,一層 二層 三層
RPUNMLLKPHLFFAV17CA,,227.01,住家用,見其他登記事項,105年4月25日,三層,一層 二層 三層
RPOOMLLKPHLFFAV66CA,21,150.60,見其他登記事項,鋼筋混凝土造,84年8月22日,三層,一層 二層 三層
RPPNMLPKPHLFFAV17DA,30,197.36,住家用,加強磚造,75年1月30日,三層,一層 二層 三層
RPWNMLTKPHLFFAV18CA,36,107.06,住家用,加強磚造,69年2月26日,二層,騎樓 一層 二層
RPSNMLOKPHLFFAV27CA,21,83.72,見其他登記事項,鋼筋混凝土造,84年1月25日,十層,六層
RPSNMLOKPHLFFAV27CA,,2.21,見其他登記事項,鋼筋混凝土造,,十層,
RPSNMLOKPHLFFAV27CA,21,9.76,見其他登記事項,鋼筋混凝土造,84年1月25日,十層,
RPSNMLOKPHLFFAV27CA,21,2.35,見其他登記事項,鋼筋混凝土造,84年1月25日,十層,
RPSNMLOKPHLFFAV27CA,21,11.98,見其他登記事項,鋼筋混凝土造,84年1月25日,十層,
RPQNMLNKPHLFFAV96CA,16,195.98,住家用,鋼筋混凝土造,89年4月7日,三層,一層 二層 三層
RPWNMLOKPHLFFAV77DA,17,769.59,見其他登記事項,鋼筋混凝土造,87年8月24日,四層,一層 二層 三層 四層 騎樓
RPTNMLOKPHLFFAV37CA,6,241.72,住家用,見其他登記事項,99年2月11日,三層,一層 二層 三層
RPSOMLKLPHLFFAV07CA,32,87.17,住家用,鋼筋混凝土造,73年1月30日,四層,四層
RPSOMLKLPHLFFAV07CA,32,19.50,見其他登記事項,鋼筋混凝土造,73年1月30日,四層,
RPSNMLMLPHLFFAV17CA,1,186.26,住家用,見其他登記事項,104年10月14日,三層,一層 二層 三層
RPPNMLMLPHLFFDV17CA,12,169.52,住家用,鋼筋混凝土造,93年10月6日,三層,一層 二層 三層
RPSNMLNJQHLFFAV27DA,21,184.76,住家用,鋼筋混凝土造,84年1月14日,三層,一層 二層 三層
RPSNMLKLPHLFFAV96CA,,32.74,住家用,見其他登記事項,,一層,一層
RPQNMLMLPHLFFAV96CA,,255.68,見其他登記事項,見其他登記事項,105年4月25日,三層,一層 二層 三層 屋頂突出物
RPQNMLLKQHLFFAV86CA,43,48.56,住家用,見其他登記事項,62年9月7日,一層,一層
RPXOMLKLPHLFFAV57CA,35,99.90,住家用,加強磚造,70年10月1日,二層,一層 二層
RPUNMLTKPHLFFAV97CA,,365.44,住家用,見其他登記事項,105年3月17日,三層,一層 二層 三層
RPPNMLPLPHLFFAV27DA,20,80.19,見其他登記事項,鋼筋混凝土造,85年6月21日,七層,五層
RPPNMLPLPHLFFAV27DA,20,8.68,見其他登記事項,鋼筋混凝土造,85年6月21日,七層,
RPPNMLPLPHLFFAV27DA,20,5.87,見其他登記事項,鋼筋混凝土造,85年6月21日,七層,
RPPNMLPLPHLFFAV27DA,20,6.17,見其他登記事項,鋼筋混凝土造,85年6月21日,七層,
RPPNMLPLPHLFFAV27DA,20,16.82,見其他登記事項,鋼筋混凝土造,85年6月21日,七層,
RPPNMLOJQHLFFDV27CA,21,30.87,見其他登記事項,鋼筋混凝土造,84年7月14日,八層,四層
RPPNMLOJQHLFFDV27CA,21,6.94,見其他登記事項,鋼筋混凝土造,84年7月14日,八層,
RPPNMLPLPHLFFCV37CA,38,80.52,住家用,見其他登記事項,67年9月12日,二層,一層 二層
RPPNMLOKQHLFFAV07CA,35,91.53,住家用,鋼筋混凝土造,70年10月21日,七層,七層
RPPNMLOKQHLFFAV07CA,,14.92,見其他登記事項,鋼筋混凝土造,,一層,
RPPNMLOKQHLFFAV07CA,35,16.28,見其他登記事項,鋼筋混凝土造,70年10月21日,七層,
RPRNMLLLPHLFFAV96CA,2,287.63,住家用,見其他登記事項,103年1月10日,四層,一層 二層 三層 四層
RPSNMLPLPHLFFAV47CA,20,105.78,住家用,鋼筋混凝土造,85年7月28日,二層,一層 二層
RPQNMLPLPHLFFCV47CA,18,207.93,見其他登記事項,鋼筋混凝土造,87年2月19日,三層,一層 二層 三層 騎樓
RPTNMLMLPHLFFAV27CA,21,136.08,見其他登記事項,鋼筋混凝土造,84年7月31日,六層,四層
RPTNMLMLPHLFFAV27CA,21,18.85,見其他登記事項,鋼筋混凝土造,84年7月31日,六層,
RPTNMLMLPHLFFAV27CA,21,51.18,見其他登記事項,鋼筋混凝土造,84年7月31日,六層,
RPUNMLMLPHLFFAV37CA,21,46.00,見其他登記事項,鋼筋混凝土造,84年3月27日,十層,五層
RPUNMLMLPHLFFAV37CA,21,10.27,見其他登記事項,鋼筋混凝土造,84年3月27日,十層,
RPRNMLMLPHLFFAV07CA,,255.77,見其他登記事項,見其他登記事項,105年4月25日,三層,一層 二層 三層 屋頂突出物
RPQNMLTLPHLFFAV67CA,36,87.90,住家用,加強磚造,69年7月1日,二層,一層 二層
RPPNMLRKQHLFFBV57DA,39,116.45,住商用,鋼筋混凝土加強磚造,66年12月29日,三層,一層 二層 三層 騎樓
RPPNMLTLPHLFFBV67CA,20,49.57,見其他登記事項,鋼筋混凝土造,85年8月2日,一層,一層 屋頂突出物
RPPNMLTLPHLFFBV67CA,20,49.57,見其他登記事項,鋼筋混凝土造,85年8月2日,一層,一層 屋頂突出物
RPUNMLPLPHLFFAV67CA,40,93.40,住家用,見其他登記事項,65年12月29日,二層,一層 二層 夾層
RPUNMLQLPHLFFAV77CA,21,35.04,見其他登記事項,鋼筋混凝土造,84年2月21日,五層,五層
RPUNMLQLPHLFFAV77CA,21,7.61,見其他登記事項,鋼筋混凝土造,84年2月21日,五層,
RPUNMLQLPHLFFAV77CA,21,1.71,共有部分,鋼筋混凝土造,84年2月21日,五層,
RPUNMLQLPHLFFAV77CA,21,7.38,見其他登記事項,鋼筋混凝土造,84年2月21日,五層,
RPQNMLQLPHLFFDV67CA,23,30.96,住家用,鋼筋混凝土造,82年12月31日,五層,三層
RPQNMLQLPHLFFDV67CA,23,10.25,見其他登記事項,鋼筋混凝土造,82年12月31日,五層,
RPRNMLQLPHLFFAV47CA,33,91.64,見其他登記事項,鋼筋混凝土造,72年2月22日,四層,四層
RPRNMLQLPHLFFAV47CA,33,6.83,見其他登記事項,鋼筋混凝土造,72年2月22日,四層,
RPTNMLQLPHLFFAV67CA,12,225.83,住家用,鋼筋混凝土造,93年12月17日,三層,一層 二層 三層
RPPNMLQLPHLFFAV37DA,22,148.11,住商用,鋼筋混凝土造,83年5月13日,三層,一層 二層 三層 騎樓
RPWNMLQLPHLFFAV97CA,36,102.34,住家用,加強磚造,69年1月19日,二層,一層 二層
RPPNMLSLPHLFFAV47CA,38,93.60,住家用,鋼筋混凝土造,67年4月20日,二層,一層 二層
RPTNMLRLPHLFFAV87DA,9,196.19,住家用,見其他登記事項,96年2月16日,三層,一層 二層 三層
RPSNMLRLPHLFFAV67CA,18,187.43,住家用,鋼筋混凝土造,87年12月22日,三層,一層 二層 三層
RPPNMLRLPHLFFAV37CA,21,92.19,見其他登記事項,鋼筋混凝土造,84年7月31日,六層,五層
RPPNMLRLPHLFFAV37CA,21,12.49,見其他登記事項,鋼筋混凝土造,84年7月31日,六層,
RPPNMLRLPHLFFAV37CA,21,33.91,見其他登記事項,鋼筋混凝土造,84年7月31日,六層,
RPQNMLLJQHLFFAV76CA,33,87.01,見其他登記事項,鋼筋混凝土造,72年10月12日,四層,二層
RPQNMLLJQHLFFAV76CA,,4.97,見其他登記事項,鋼筋混凝土造,,四層,
RPRNMLMJQHLFFAV96CA,12,243.22,住家用,鋼筋混凝土造,93年11月24日,三層,一層 二層 三層
RPPNMLNJQHLFFAV86CA,28,129.24,住家用,加強磚造,77年6月3日,二層,一層 二層 騎樓
RPPNMLSJQHLFFCV57CA,18,207.93,見其他登記事項,鋼筋混凝土造,87年2月19日,三層,一層 二層 三層 騎樓
RPUNMLLJQHLFFAV17CA,,99.00,住家用,加強磚造,,二層,一層 二層 騎樓
RPPNMLLJQHLFFAV66CA,54,88.60,住家用,見其他登記事項,51年10月7日,二層,一層 二層
RPTNMLMJQHLFFAV17CA,24,162.94,住家用,加強磚造,81年10月17日,二層,一層 二層
RPQNMLPJQHLFFAV17CA,13,163.98,見其他登記事項,鋼筋混凝土造,92年9月17日,三層,一層 二層 三層 騎樓
RPRNMLNJQHLFFAV07CA,5,67.78,見其他登記事項,見其他登記事項,100年7月27日,一層,一層
