﻿編號,土地區段位置,土地移轉面積平方公尺,使用分區或編定
The serial number,land sector position,land shifting area square meter,the use zoning or compiles and checks
RPPRMLLJQHJFFAH28CC,新埔段,12.33,都市：住
RPRPMLLJQHJFFAH28CC,中埔段,6.42,都市：住
RPPPMLLJQHJFFAH08CC,桃園段武陵小段,3.15,都市：其他
RPSOMLLJQHJFFBH38CC,普義段,.00,都市：住
RPXPMLLJQHJFFBH09DC,興南段興南小段,3.88,都市：其他
RPRSMLLJQHJFFAH68DC,富國段,122.00,都市：其他
RPRSMLLJQHJFFAH68DC,富國段,99.00,都市：其他
RPTOMLLJQHJFFBH48CC,普義段,.00,都市：住
RPRNMLNJQHJFFBH48DC,中壢埔頂段,24.94,都市：住
RPQNMLNJQHJFFBH38DC,環東段,103.00,都市：住
RPVOMLLJQHJFFBH68CC,普義段,.00,都市：住
RPQNMLOJQHJFFBH48DC,內壢段,102.00,都市：農
RPUOMLOJQHJFFBH98DC,普仁段,22.11,都市：住
RPUOMLOJQHJFFBH98DC,普仁段,67.32,都市：住
RPPNMLOJQHJFFEH68DC,南華段,18.63,都市：住
RPQQMLLJQHJFFAH28CC,大興段,21.66,都市：住
RPRPMLLJQHJFFEH68CC,河底段,19.68,都市：住
RPRNMLOJQHJFFBH58DC,中工段,71.50,非都市：工業區 ; 非都市編定：丁種建築用地
RPRNMLOJQHJFFBH58DC,中工段,35.75,非都市：工業區 ; 非都市編定：丁種建築用地
RPRNMLOJQHJFFBH58DC,中工段,35.75,非都市：工業區 ; 非都市編定：丁種建築用地
RPUOMLOJQHJFFEH66DC,錦興段,13.46,都市：住
RPOOMLOJQHJFFEH58CC,南崁廟口段羊稠坑小段,346.00,都市：商
RPSOMLOJQHJFFFH09CC,溪尾段,115.00,非都市：特定農業區 ; 非都市編定：農牧用地
RPQNMLOJQHJFFEH68CC,河底段,86.08,都市：住
RPQPMLPJQHJFFBH68CC,新街段,.00,都市：住
RPPQMLPJQHJFFBH68CC,普義段,.00,都市：住
RPSNMLPJQHJFFAH58CC,文化段,4.11,都市：住
RPUOMLLJQHJFFEH88CC,竹圍段拔子林小段,97.00,都市：住
RPVNMLQJQHJFFEH86DC,五塊厝段大埔小段,504.00,非都市：特定農業區 ; 非都市編定：農牧用地
RPVNMLQJQHJFFEH86DC,五塊厝段大埔小段,445.00,非都市：特定農業區 ; 非都市編定：甲種建築用地
RPVNMLQJQHJFFEH86DC,五塊厝段大埔小段,53.00,非都市：特定農業區 ; 非都市編定：交通用地
RPXPMLPJQHJFFBH76CC,興南段公坡小段,.00,都市：住
RPPRMLQJQHJFFAH78CC,鹽埕段,110.05,都市：住
RPOPMLQJQHJFFAH48CC,興華段,3.55,都市：商
RPRNMLQJQHJFFDH98DC,頭重溪段,10.40,都市：住
RPXNMLQJQHJFFBH76DC,環東段,31.05,都市：住
RPUOMLRJQHJFFBH56CC,健行段,59.55,都市：住
RPQOMLRJQHJFFAH68CC,雲林段,772.93,都市：住
RPTRMLSJQHJFFAH96EC,精忠段,66.18,都市：住
RPSRMLSJQHJFFBH86DC,三座屋段舊社小段,9.89,都市：住
RPURMLRJQHJFFAH86DC,慈文段,11.64,都市：住
RPSNMLQJQHJFFDH09DC,埔頂段埔頂小段,54.00,都市：農
RPROMLRJQHJFFAH78CC,大樹林段,5550.00,都市：住
RPUNMLRJQHJFFFH86CC,高明段,.00,都市：商
RPOPMLSJQHJFFCH09EC,埔頂段,32.58,都市：住
RPSOMLLKQHJFFEH98EC,南新段,9.36,都市：住
RPPOMLSJQHJFFFH76EC,永福段,50.99,都市：住
RPPNMLLKQHJFFBH28EC,三座屋段舊社小段,.00,都市：住
RPRSMLMKQHJFFBH98DC,遠東段,6.66,都市：住
RPVTMLLKQHJFFAH56CC,半嶺段,78.96,都市：住
RPRTMLLKQHJFFAH88DC,大興段,18.62,都市：其他
RPORMLLKQHJFFAH28CC,中路段,19.60,都市：住
RPPSMLMKQHJFFBH68CC,後興段,3.72,都市：住
RPSQMLMKQHJFFAH68CC,文化段,469.00,都市：住
RPOPMLMKQHJFFBH38DC,新街段,148.76,都市：住
RPQSMLMKQHJFFBH88DC,遠東段,6.66,都市：住
RPSSMLMKQHJFFBH09DC,大華段,19.14,都市：住
RPTSMLMKQHJFFBH56DC,遠東段,6.66,都市：住
RPRTMLMKQHJFFBH09DC,遠東段,6.66,都市：住
RPSTMLMKQHJFFBH09CC,石頭段,.00,都市：商
RPSTMLMKQHJFFBH09CC,石頭段,.00,都市：商
RPXNMLMKQHJFFFH96EC,豐田段,39.89,都市：住
RPVNMLNKQHJFFFH76DC,廣隆段,156.60,都市：住
RPWNMLNKQHJFFFH76CC,興豐段,26.44,都市：住
RPOOMLMKQHJFFFH78EC,福興段,23.24,都市：住
RPUPMLNKQHJFFBH98CC,興南段興南小段,11.78,都市：商
RPXRMLOKQHJFFAH86CC,龍壽段,122.98,都市：住
RPSRMLPKQHJFFAH09CC,龍安段,3.18,都市：住
RPRNMLOKQHJFFCH68CC,潛龍段,.53,非都市：鄉村區 ; 非都市編定：乙種建築用地
RPRNMLOKQHJFFCH68CC,潛龍段,37.16,非都市：鄉村區 ; 非都市編定：乙種建築用地
RPOPMLPKQHJFFAH48CC,富國段,8.50,都市：住
RPQTMLOKQHJFFAH98CC,延壽段,8.09,都市：住
RPUNMLNKQHJFFFH66DC,廣隆段,156.60,都市：住
RPWTMLPKQHJFFAH07CC,會稽段,28.74,都市：住
RPTNMLPKQHJFFBH98DC,新街段,7.95,都市：其他
RPRNMLPKQHJFFEH09DC,大竹段,4301.00,都市：住
RPROMLSKQHJFFEH86DC,錦興段,20.15,都市：住
RPOOMLPKQHJFFEH78CC,坑子口段海湖小段,7495.00,非都市：鄉村區 ; 非都市編定：乙種建築用地
RPWSMLPKQHJFFAH96CC,國聖段,10.63,都市：住
RPPOMLSKQHJFFEH66DC,錦興段,9.47,都市：住
RPOOMLPKQHJFFBH48CC,中寮段,9.76,都市：住
RPQNNLSKQHJFFAH88CC,三元段,16.17,都市：住
RPONNLSKQHJFFAH68CC,大有段,11.19,都市：住
RPWNNLSKQHJFFAH86CC,中埔段,4.60,都市：住
RPWWMLSKQHJFFAH67CC,大樹林段,3.06,都市：住
RPWNMLTKQHJFFAH86CC,中山段,12.73,都市：住
RPUNNLTKQHJFFAH76CC,新埔段,99.00,都市：住
RPRQMLTKQHJFFAH66CC,新埔段,19.41,都市：住
RPPPMLTKQHJFFBH56DC,雙嶺段,143.92,都市：其他
RPPPMLTKQHJFFBH56DC,雙嶺段,9.77,都市：其他
RPRPMLKLQHJFFAH38CC,桃園段武陵小段,5.57,都市：住
RPPQMLKLQHJFFAH28CC,桃園段武陵小段,2.43,都市：住
RPPOMLKLQHJFFBH18CC,平寮段,17.40,都市：住
RPTSMLKLQHJFFAH88CC,龍安段,1830.00,都市：住
RPVQMLKLQHJFFAH98DC,大有段,29.52,都市：住
RPWOMLKLQHJFFBH88CC,新街段,6.87,都市：住
RPXONLTKQHJFFAH27DC,中路一段,144.31,都市：住
RPSQMLTKQHJFFAH76CC,埔子段埔子小段,14.42,都市：住
RPOQMLKLQHJFFAH18CC,忠義段,6.14,都市：住
RPSNNLSKQHJFFAH09CC,三元段,16.17,都市：住
RPSNMLKLQHJFFCH48CC,潛龍段,27.73,非都市：鄉村區 ; 非都市編定：乙種建築用地
RPSNMLKLQHJFFCH48CC,潛龍段,.59,非都市：鄉村區 ; 非都市編定：乙種建築用地
RPQNMLMLQHJFFAH38DC,大樹林段,8.64,都市：住
RPPNMLMLQHJFFFH68CC,大和段,.00,都市：住
RPVNMLMLQHJFFGH86DC,廣南段,32.24,都市：住
RPQOMLLLQHJFFGH98DC,湧光段,10.94,都市：其他
RPQOMLLLQHJFFGH98DC,湧光段,64.44,都市：商
RPUNMLMLQHJFFEH09CC,許厝港段,28.75,非都市：一般農業區 ; 非都市編定：甲種建築用地
RPOQMLMLQHJFFAH38CC,蔗園段,419.68,都市：其他
RPVPMLMLQHJFFAH98CC,寶山段,25.36,都市：住
RPOOMLMLQHJFFBH28CC,環東段,16.77,都市：住
RPSNMLOLQHJFFBH88DC,中寮段,25.60,都市：住
RPWOMLMLQHJFFBH56DC,中工段,5.50,非都市：工業區 ; 非都市編定：丁種建築用地
RPOOMLPLQHJFFBH68DC,遠東段,6.66,都市：住
RPPOMLPLQHJFFFH56DC,大和段,28.14,都市：住
RPXNMLMLQHJFFBH09CC,自立段,31.62,都市：住
RPQOMLPLQHJFFDH98CC,楊梅段,25.00,都市：住
RPQOMLPLQHJFFDH98CC,楊梅段,20.00,都市：住
RPQOMLPLQHJFFDH98CC,楊梅段,124.00,都市：住
RPTRMLPLQHJFFAH66CC,大樹林段,129.00,都市：商
RPTRMLPLQHJFFAH66CC,大樹林段,114.00,都市：商
RPTNMLPLQHJFFFH86DC,廣隆段,156.60,都市：住
RPTOMLPLQHJFFBH09CC,紫雲段,.00,都市：住
RPRNMLOLQHJFFBH78DC,仁祥段,29.54,都市：住
RPVNMLPLQHJFFFH96CC,興隆段,946.18,非都市：特定農業區 ; 非都市編定：農牧用地
RPQSMLQLQHJFFAH56CC,興華段,6.81,都市：商
RPQUMLQLQHJFFAH76CC,興華段,51.22,都市：住
RPXNMLPLQHJFFCH86CC,逸園段,46.97,非都市：鄉村區 ; 非都市編定：乙種建築用地
RPWPMLQLQHJFFAH86CC,牛角坡段牛角坡小段,.00,都市：農
RPQOMLQLQHJFFGH86DC,廣東段,32.55,都市：住
RPQOMLQLQHJFFGH86DC,廣東段,.51,都市：住
RPQOMLQLQHJFFGH86DC,廣東段,1.87,都市：住
RPQOMLQLQHJFFGH86DC,廣東段,2.92,都市：住
RPSPMLQLQHJFFBH66DC,後興段,63.65,都市：住
RPSQMLQLQHJFFAH66DC,水汴頭段,31.82,都市：商
RPTPMLRLQHJFFBH96EC,華興段,99.38,都市：工
RPSWNLRLQHJFFAH37CC,海萍段,103.33,非都市：山坡地保育區 ; 非都市編定：丙種建築用地
RPTRMLSLQHJFFAH96CC,桃園段武陵小段,3.15,都市：住
RPRTMLPLQHJFFAH66CC,慈文段,23.94,都市：商
RPWRMLRLQHJFFAH17CC,大林段,27.45,都市：住
RPRWNLRLQHJFFAH27CC,同德段,.00,都市：商
RPSQMLRLQHJFFAH76DC,江南段,19.97,都市：住
RPSPMLSLQHJFFAH66CC,埔子段埔子小段,71.00,都市：住
RPRRMLSLQHJFFAH96EC,桃鶯段,60.79,都市：工
RPRSMLSLQHJFFAH86CC,大有段,15.96,都市：住
RPOOMLTLQHJFFDH56CC,瑞上段,2486.00,非都市：特定農業區 ; 非都市編定：丁種建築用地
RPOPMLTLQHJFFAH98CC,大有段,22.46,都市：住
RPQOMLTLQHJFFEH86CC,青山段,105.87,都市：住
RPPPMLTLQHJFFBH56CC,三座屋段三座屋小段,189.00,都市：其他
RPSNMLLJRHJFFBH48DC,興南段中壢老小段,61.67,都市：其他
RPPPMLTLQHJFFBH56CC,三座屋段三座屋小段,206.00,都市：其他
RPPNMLLMQHJFFEH68DC,水尾段,15.76,都市：工
RPXNMLPLQHJFFEH07CC,南崁廟口段廟口小段,21.98,都市：住
RPQNMLSLQHJFFBH09DC,青溪段,31.82,都市：住
RPQOMLLJRHJFFBH38DC,青平段,30.62,都市：住
RPWNMLPLQHJFFEH96CC,南崁廟口段廟口小段,21.98,都市：住
RPQSMLOJRHJFFAH98DC,法政段,45.63,都市：住
RPOOMLNJRHJFFFH88EC,明智段,13.39,都市：住
RPWQMLPJRHJFFAH76CC,大樹林段,5.11,都市：住
RPOOMLPJRHJFFAH38CC,大有段,35.62,都市：住
RPTVMLNJRHJFFAH76CC,新埔段,.00,都市：住
RPVOMLPJRHJFFAH09CC,福元段,7.10,都市：住
RPTRMLPJRHJFFAH56CC,福元段,11.52,都市：住
RPTRMLTJRHJFFBH07CC,新街段,11.26,都市：住
RPXPMLPJRHJFFBH86CC,興南段公坡小段,.00,都市：住
RPPSMLTJRHJFFBH76CC,培英段,.00,都市：其他
RPVQMLTJRHJFFAH17DC,長安段,19.63,都市：住
RPSOMLTJRHJFFFH17DC,明智段,20.91,都市：住
RPVPMLLKRHJFFAH98DC,和平段,.00,都市：住
RPVPMLLKRHJFFAH98DC,和平段,9.71,都市：住
RPVNMLLKRHJFFEH56DC,青峰段,115.97,都市：住
RPTQMLKKRHJFFAH68CC,埔子段埔子小段,57.00,都市：其他
RPTQMLKKRHJFFAH68CC,埔子段埔子小段,91.00,都市：其他
RPTQMLKKRHJFFAH68CC,埔子段埔子小段,43.00,都市：其他
RPTQMLKKRHJFFAH68CC,埔子段埔子小段,39.00,都市：其他
RPURMLKKRHJFFAH98DC,海萍段,11.56,非都市：鄉村區 ; 非都市編定：乙種建築用地
RPURMLKKRHJFFAH98DC,海萍段,69.44,非都市：鄉村區 ; 非都市編定：乙種建築用地
RPUPMLLKRHJFFBH98DC,忠福段,97.00,都市：住
RPQOMLKKRHJFFAH18CC,富國段,13.82,都市：商
RPRNMLLKRHJFFFH88DC,豐田段,39.89,都市：住
RPXOMLTJRHJFFDH47DC,草湳坡段草湳坡小段,19.24,都市：住
RPPOMLMKRHJFFAH38DC,文化段,454.00,都市：住
RPXNMLMKRHJFFAH09DC,文化段,454.00,都市：住
RPPNMLLKRHJFFFH68DC,豐田段,39.89,都市：住
RPQNMLLKRHJFFFH78DC,連城段,24.97,非都市：特定農業區 ; 非都市編定：甲種建築用地
RPROMLLKRHJFFGH09DC,金鍊段,95.94,都市：商
RPROMLLKRHJFFGH09DC,金鍊段,239.86,都市：商
RPQNMLMKRHJFFGH98DC,中央段,54.22,都市：其他
RPVOMLMKRHJFFEH66CC,南新段,2.07,都市：住
RPWNMLPKRHJFFFH27EC,永福段,20.59,都市：住
RPUNMLPKRHJFFFH07EC,大庄段,25.65,非都市：鄉村區 ; 非都市編定：乙種建築用地
RPUNMLNKRHJFFEH66DC,青峰段,26.41,都市：住
RPWNMLMKRHJFFCH09CC,潛龍段,40.00,非都市：鄉村區 ; 非都市編定：乙種建築用地
RPWNMLMKRHJFFCH09CC,潛龍段,.59,非都市：鄉村區 ; 非都市編定：乙種建築用地
RPSSMLPKRHJFFAH86EC,興華段,175.00,都市：住
RPUOMLPKRHJFFCH86EC,三元段,20.90,非都市：鄉村區 ; 非都市編定：乙種建築用地
RPTNMLNKRHJFFEH09CC,羊稠段,20.23,都市：住
RPVNMLPKRHJFFBH56CC,中寮段,.00,都市：住
RPUPMLPKRHJFFAH56CC,富國段,10.98,都市：住
RPWOMLPKRHJFFBH76CC,青平段,128.20,都市：住
RPWNMLQKRHJFFEH17DC,河底段,4788.64,都市：住
RPPOMLQKRHJFFBH78CC,新街段,.00,都市：住
RPXOMLQKRHJFFEH47EC,青峰段,30.60,都市：住
RPSPMLQKRHJFFAH09CC,興華段,51.99,都市：住
RPWOMLSKRHJFFCH17CC,龍興段,.00,都市：住
RPWOMLSKRHJFFCH17CC,龍興段,.00,都市：住
RPWNMLRKRHJFFCH96CC,潛龍段,90.15,非都市：鄉村區 ; 非都市編定：乙種建築用地
RPWNMLRKRHJFFCH96CC,潛龍段,.59,非都市：鄉村區 ; 非都市編定：乙種建築用地
RPOPMLSKRHJFFGH96DC,廣德段,28.49,都市：住
RPTQMLPJRHJFFAH09CC,大興段,5.18,都市：住
RPXNMLRKRHJFFCH07CC,潛龍段,83.75,非都市：鄉村區 ; 非都市編定：乙種建築用地
RPXNMLRKRHJFFCH07CC,潛龍段,.59,非都市：鄉村區 ; 非都市編定：乙種建築用地
RPRPMLTKRHJFFBH86DC,普義段,18.94,都市：住
RPTSMLTKRHJFFAH17CC,南美段,49.06,都市：住
RPTSMLTKRHJFFAH17CC,南美段,131.13,都市：住
RPTSMLTKRHJFFAH17CC,南美段,49.82,都市：住
RPTSMLTKRHJFFAH17CC,南美段,131.24,都市：住
RPXNMLMLRHJFFAH09CC,中路段,113.00,都市：住
RPXNMLMLRHJFFAH09CC,中路段,19.00,都市：住
RPPNMLLLRHJFFEH68DC,青峰段,31.67,都市：住
RPRNMLKLRHJFFGH88CC,金龍段,78.92,非都市：特定農業區 ; 非都市編定：丁種建築用地
RPXOMLMLRHJFFAH66DC,寶山段,10.04,都市：其他
RPVPMLTKRHJFFBH17CC,新街段,.00,都市：住
RPTQMLMLRHJFFAH98CC,南上段,909.18,都市：工
RPUOMLMLRHJFFAH88CC,興華段,4.45,都市：住
RPRQMLRKRHJFFBH66CC,新街段,.00,都市：商
RPWNMLMLRHJFFAH98CC,中路段,117.00,都市：住
RPWNMLMLRHJFFAH98CC,中路段,13.00,都市：住
RPWOMLMLRHJFFCH66CC,潛龍段,28.27,非都市：鄉村區 ; 非都市編定：乙種建築用地
RPWOMLMLRHJFFCH66CC,潛龍段,.59,非都市：鄉村區 ; 非都市編定：乙種建築用地
RPROMLOLRHJFFDH56DC,頭重溪段,21.73,都市：住
RPTNMLMLRHJFFFH66DC,東勇段,64.68,非都市：鄉村區 ; 非都市編定：乙種建築用地
RPSPMLMLRHJFFBH88CC,青平段,128.20,都市：住
RPQRMLMLRHJFFAH78CC,雲林段,273.39,都市：住
RPOPMLMLRHJFFCH58CC,潛龍段,.53,非都市：鄉村區 ; 非都市編定：乙種建築用地
RPOPMLMLRHJFFCH58CC,潛龍段,41.35,非都市：鄉村區 ; 非都市編定：乙種建築用地
RPQOMLOLRHJFFDH09DC,永福段,105.86,都市：住
RPQPMLOLRHJFFBH98DC,忠義段,88.39,都市：住
RPWOMLNLRHJFFDH96DC,草湳坡段埔心小段,26.49,都市：住
RPSOMLOLRHJFFDH66DC,永福段,107.52,都市：住
RPOPMLOLRHJFFBH78DC,新街段,33.28,都市：住
RPROMLOLRHJFFBH98DC,復興段,20.68,都市：工
RPVNMLOLRHJFFFH17EC,明智段,11.20,都市：住
RPTNMLOLRHJFFEH66CC,大牛稠段倒厝子小段,66.00,非都市：特定農業區 ; 非都市編定：丁種建築用地
RPWQMLOLRHJFFAH86CC,小檜溪段,8.57,都市：住
RPUPMLOLRHJFFAH56CC,同德段,123.00,都市：商
RPOPMLPLRHJFFCH88CC,潛龍段,35.74,非都市：鄉村區 ; 非都市編定：乙種建築用地
RPOPMLPLRHJFFCH88CC,潛龍段,.59,非都市：鄉村區 ; 非都市編定：乙種建築用地
RPPPMLPLRHJFFCH98CC,潛龍段,.53,非都市：鄉村區 ; 非都市編定：乙種建築用地
RPPPMLPLRHJFFCH98CC,潛龍段,86.90,非都市：鄉村區 ; 非都市編定：乙種建築用地
RPTTMLQLRHJFFFH57CC,大和段,.00,都市：住
RPQNMLQLRHJFFGH86DC,廣南段,15.20,都市：住
RPQNMLQLRHJFFGH86DC,廣西段,3.12,都市：住
RPVTMLQLRHJFFFH77CC,桃德段,.00,都市：其他
RPXNMLPLRHJFFFH27CC,興仁段,15.00,都市：住
RPVPMLQLRHJFFBH96CC,三座屋段舊社小段,.00,都市：住
RPSQMLTLRHJFFAH96CC,大興段,11.64,都市：住
RPSPMLTLRHJFFAH86CC,陸光段,43.13,都市：工
RPSPMLTLRHJFFAH86CC,陸光段,841.41,都市：工
RPSPMLTLRHJFFAH86CC,陸光段,14.90,都市：工
RPSPMLTLRHJFFAH86CC,陸光段,4564.88,都市：工
RPWQMLPLRHJFFAH07DC,三元段,15.20,都市：住
RPQQMLQLRHJFFAH09CC,和平段,74.00,都市：住
RPVQMLQLRHJFFAH96CC,山德段,117.24,都市：住
RPVQMLQLRHJFFAH96CC,山德段,117.08,都市：住
RPVQMLQLRHJFFAH96CC,山德段,131.17,都市：住
RPVQMLQLRHJFFAH96CC,山德段,130.63,都市：住
RPVQMLQLRHJFFAH96CC,山德段,129.87,都市：住
RPUOMLLJIIJFFAH77CC,同安段,.00,都市：住
RPWOMLKMRHJFFAH98CC,同安段,1138.00,都市：住
RPPOMLKMRHJFFDH68DC,富岡段,73.00,非都市：特定農業區 ; 非都市編定：甲種建築用地
RPUOMLLJIIJFFEH28DC,青峰段,.00,都市：住
RPVPMLLJIIJFFAH97CC,大有段,11.19,都市：住
RPTOMLMJIIJFFAH77CC,山福段,104.90,都市：其他
RPXNMLMJIIJFFAH08CC,兔子坑段大湖頂小段,9718.00,非都市：山坡地保育區 ; 非都市編定：丙種建築用地
RPPOMLMJIIJFFAH37CC,中興段,168.00,都市：其他
RPVOMLKMRHJFFBH98CC,遠東段,.00,都市：住
RPQNMLMJIIJFFAH37CC,會稽段,101.77,都市：住
RPSOMLMJIIJFFBH87DC,自立段,15.01,都市：住
RPWPMLNJIIJFFAH38DC,桃鶯段,54.74,都市：商
RPQQMLNJIIJFFAH87DC,桃鶯段,16.00,都市：住
RPWNMLNJIIJFFDH48DC,頭重溪段,23.01,都市：住
RPWQMLQJIIJFFAH68CC,國聖段,18.05,都市：住
RPSNMLQJIIJFFEH48DC,青峰段,.00,都市：住
RPSOMLSJIIJFFAH38DC,中德段,21.51,都市：住
RPRNMLSJIIJFFFH68DC,豐田段,101.21,都市：住
RPXQMLRJIIJFFAH88CC,春日段,26.69,都市：其他
RPTOMLSJIIJFFAH48DC,中德段,21.51,都市：住
RPUPMLSJIIJFFFH09CC,明智段,.00,都市：住
RPVPMLTJIIJFFAH78CC,西門段,62.21,都市：住
RPRQMLRJIIJFFAH38DC,埔子段北門埔子小段,106.00,都市：商
RPSTMLRJIIJFFAH78DC,埔子段埔子小段,20.40,都市：其他
RPSOMLTJIIJFFGH09DC,平鎮段,2573.00,都市：住
RPSOMLTJIIJFFGH09DC,平鎮段,2573.00,都市：住
RPTPMLSJIIJFFBH58CC,仁愛段,142.00,都市：住
RPTQMLTJIIJFFAH68CC,國聖段,.00,都市：商
RPTOMLTJIIJFFGH56DC,平鎮段,148.80,都市：住
RPTOMLTJIIJFFGH56DC,平鎮段,49.70,都市：住
RPWNMLTJIIJFFBH88DC,興南段中壢老小段,14.38,都市：商
RPWOMLTJIIJFFGH86DC,平鎮段,148.80,都市：住
RPWOMLTJIIJFFGH86DC,平鎮段,49.70,都市：住
RPUPMLRJIIJFFAH58DC,中埔段,19.42,都市：商
RPVOMLTJIIJFFGH66CC,廣東段,12.44,都市：住
RPUNMLTJIIJFFBH58CC,後寮段,.00,都市：住
RPQOMLNKIIJFFGH38DC,平鎮段,148.80,都市：住
RPQOMLNKIIJFFGH38DC,平鎮段,49.70,都市：住
RPWNMLNKIIJFFBH38DC,復興段,15.40,都市：工
RPTNMLNKIIJFFGH58DC,環南段,8.53,都市：住
RPUOMLTJIIJFFGH66DC,平鎮段,148.80,都市：住
RPUOMLTJIIJFFGH66DC,平鎮段,49.70,都市：住
RPOPMLOKIIJFFBH87DC,新街段,24.83,都市：住
RPQNMLKKIIJFFAH27CC,新路段,25.01,都市：住
RPSOMLOKIIJFFBH18DC,三座屋段舊社小段,114.00,都市：住
RPOPMLNKIIJFFBH67CC,環東段,20.04,都市：住
RPXPMLOKIIJFFBH78DC,興南段興南小段,4.41,都市：商
RPSNMLPKIIJFFAH97CC,興華段,267.00,都市：其他
RPPQMLPKIIJFFAH97CC,龍華段,43.56,都市：住
RPVNMLOKIIJFFGH78CC,廣東段,137.00,都市：其他
RPVNMLOKIIJFFGH78CC,廣東段,140.00,都市：其他
RPVOMLPKIIJFFAH38CC,福元段,17.50,都市：住
RPXNMLOKIIJFFCH58CC,新烏樹林段,21.14,非都市：特定農業區 ; 非都市編定：甲種建築用地
RPTOMLOKIIJFFBH28DC,三座屋段舊社小段,114.00,都市：住
RPWNMLOKIIJFFEH78DC,青峰段,33.70,都市：住
RPSOMLPKIIJFFBH28DC,忠孝段,62.00,都市：住
RPWNMLPKIIJFFFH09EC,同福段,27.65,都市：住
RPWOMLPKIIJFFAH48CC,福元段,14.35,都市：住
RPVOMLPKIIJFFCH68DC,成功段,1525.81,非都市：特定農業區 ; 非都市編定：農牧用地
RPTNMLQKIIJFFGH88DC,宋屋段高山下小段,69.19,都市：住
RPTNMLQKIIJFFGH88DC,宋屋段高山下小段,15.94,都市：住
RPTOMLRKIIJFFAH38CC,昆明段,68.78,都市：其他
RPTOMLRKIIJFFAH38CC,昆明段,99.13,都市：其他
RPVQMLRKIIJFFBH88CC,興南段中壢老小段,.00,都市：住
RPVQMLRKIIJFFBH88CC,興南段中壢老小段,.00,都市：住
RPSPMLRKIIJFFFH09EC,福興段,20.35,都市：住
RPQNMLPKIIJFFFH38DC,大和段,12.37,都市：住
RPUNMLPKIIJFFAH28DC,新埔段,11.13,都市：住
RPXNMLKLIIJFFBH18CC,仁和段,.00,都市：住
RPVTMLKLIIJFFAH48CC,陸光段,24.36,都市：住
RPVPMLRKIIJFFBH78CC,石頭段,.00,都市：其他
RPVPMLRKIIJFFBH78CC,石頭段,.00,都市：其他
RPVOMLPKIIJFFCH78EC,埔頂段,38.30,都市：住
RPRNMLKLIIJFFBH67DC,石頭段,5.88,都市：住
RPTNMLSKIIJFFBH48CC,自立段,210.20,都市：住
RPVNMLQKIIJFFFH88CC,豐田段,41.63,都市：住
RPRNMLMLIIJFFCH87CC,埔頂段,124.00,都市：商
RPUQMLKLIIJFFAH08CC,大樹林段,8.46,都市：住
RPQOMLLLIIJFFEH97CC,南崁廟口段羊稠坑小段,.00,都市：住
RPTPMLMLIIJFFAH08CC,成功段,.00,都市：住
RPOOMLLLIIJFFDH77DC,幼獅段,58.67,都市：住
RPUOMLMLIIJFFEH48CC,錦興段,1108.01,都市：其他
RPQRMLMLIIJFFFH68EC,福興段,22.16,都市：商
RPSOMLMLIIJFFCH28EC,仁武段,338.50,都市：住
RPRNMLMLIIJFFEH18DC,青峰段,45.07,都市：住
RPPOMLMLIIJFFAH67DC,和平段,2159.00,都市：住
RPVNMLNLIIJFFBH48EC,石頭段,17.61,都市：住
RPQNMLNLIIJFFEH28EC,五福段,24.03,都市：住
RPPNMLNLIIJFFFH08CC,霄裡段,23.00,非都市： ; 非都市編定：
RPPNMLNLIIJFFFH08CC,霄裡段,671.22,非都市： ; 非都市編定：
RPQNMLNLIIJFFBH87DC,自立段,78.00,都市：住
RPQNMLNLIIJFFBH87DC,自立段,39.00,都市：住
RPXPMLNLIIJFFCH78CC,廣福段,20.00,非都市：鄉村區 ; 非都市編定：乙種建築用地
RPOQMLNLIIJFFCH97CC,廣福段,74.24,非都市：鄉村區 ; 非都市編定：乙種建築用地
RPSQMLNLIIJFFAH28DC,同德段,33.05,都市：商
RPQNMLPLIIJFFAH87CC,中埔段,25.77,都市：住
RPVOMLSLIIJFFEH66DC,大新段,1858.00,都市：商
RPXQMLRLIIJFFAH09CC,自強段,24.92,都市：住
RPUPMLSLIIJFFBH88CC,五權段,.00,都市：農
RPUPMLSLIIJFFBH88CC,五權段,.00,都市：其他
RPPNMLPLIIJFFAH77CC,富國段,24.24,都市：商
RPVNMLRLIIJFFAH58CC,忠義段,27.23,都市：住
RPVNMLRLIIJFFAH58CC,忠義段,.48,都市：住
RPTOMLNLIIJFFEH48CC,水尾段,4.00,都市：工
RPOOMLTLIIJFFEH68DC,河底段,16.75,都市：住
RPVOMLTLIIJFFAH98DC,興華段,81.49,都市：住
RPUOMLRLIIJFFAH68DC,中埔段,37.39,都市：其他
RPWPMLKMIIJFFAH38DC,慈文段,14.57,都市：住
RPTPMLLMIIJFFAH18DC,國聖段,6.47,都市：工
RPWNMLLMIIJFFGH88DC,平鎮段,4101.00,都市：住
RPQNMLKMIIJFFBH67DC,青溪段,1999.92,都市：住
RPOOMLLMIIJFFGH18DC,平鎮段,749.56,都市：住
RPSQMLKMIIJFFAH97CC,中埔段,83.15,都市：住
RPPNMLLMIIJFFBH57CC,三座屋段舊社小段,14.41,都市：住
RPQNMLLMIIJFFBH67CC,三座屋段舊社小段,7.53,都市：住
RPOPMLLMIIJFFBH67CC,新街段,.00,都市：住
RPQOMLLMIIJFFGH38DC,平鎮段,3442.69,都市：住
