﻿編號,土地區段位置,土地移轉面積平方公尺,使用分區或編定
The serial number,land sector position,land shifting area square meter,the use zoning or compiles and checks
RPVOMLPKQHJFFEH76CB,大興段,21.64,都市：住
RPSOMLPKQHJFFEH09CB,大興段,21.64,都市：住
RPQOMLPKQHJFFEH88CB,大興段,21.64,都市：住
RPPOMLPKQHJFFEH78CB,大興段,21.64,都市：住
RPOPMLPKQHJFFEH78CB,大興段,21.64,都市：住
RPRPMLPKQHJFFEH09CB,大興段,21.64,都市：住
RPSPMLPKQHJFFEH56CB,大興段,20.99,都市：住
RPQPMLPKQHJFFEH98CB,大興段,21.64,都市：住
RPUOMLPKQHJFFEH66CB,大興段,21.64,都市：住
RPROMLPKQHJFFEH98CB,大興段,21.64,都市：住
RPWOMLPKQHJFFEH86CB,大興段,21.64,都市：住
RPPPMLPKQHJFFEH88CB,大興段,21.64,都市：住
RPXOMLPKQHJFFEH96CB,大興段,21.64,都市：住
RPTPMLPKQHJFFEH66CB,大興段,20.99,都市：住
RPRQMLPKQHJFFEH56CB,大興段,20.99,都市：住
RPUPMLPKQHJFFEH76CB,大興段,20.99,都市：住
RPOQMLPKQHJFFEH88CB,大興段,20.99,都市：住
RPWPMLPKQHJFFEH96CB,大興段,20.99,都市：住
RPXPMLPKQHJFFEH07CB,大興段,20.99,都市：住
RPPQMLPKQHJFFEH98CB,大興段,20.99,都市：住
RPQQMLPKQHJFFEH09CB,大興段,20.99,都市：住
RPUQMLPKQHJFFEH86CB,大興段,20.99,都市：住
RPTQMLPKQHJFFEH76CB,大興段,20.99,都市：住
RPSQMLPKQHJFFEH66CB,大興段,20.99,都市：住
RPWQMLPKQHJFFEH07CB,大興段,20.99,都市：住
RPVQMLPKQHJFFEH96CB,大興段,20.99,都市：住
RPTRMLPKQHJFFEH86CB,大興段,20.99,都市：住
RPQRMLPKQHJFFEH56CB,大興段,20.99,都市：住
RPRRMLPKQHJFFEH66CB,大興段,20.99,都市：住
RPPRMLPKQHJFFEH09CB,大興段,20.99,都市：住
RPSRMLPKQHJFFEH76CB,大興段,20.99,都市：住
RPQSMLPKQHJFFEH66CB,大興段,21.64,都市：住
RPOSMLPKQHJFFEH09CB,大興段,21.64,都市：住
RPPSMLPKQHJFFEH56CB,大興段,21.64,都市：住
RPRSMLPKQHJFFEH76CB,大興段,21.64,都市：住
RPSSMLPKQHJFFEH86CB,大興段,21.64,都市：住
RPTSMLPKQHJFFEH96CB,大興段,21.86,都市：住
RPVSMLPKQHJFFEH17CB,大興段,21.64,都市：住
RPUSMLPKQHJFFEH07CB,大興段,21.64,都市：住
RPVRMLPKQHJFFEH07CB,大興段,20.99,都市：住
RPXRMLPKQHJFFEH27CB,大興段,21.64,都市：住
RPWSMLPKQHJFFEH27CB,大興段,21.64,都市：住
RPWRMLPKQHJFFEH17CB,大興段,21.64,都市：住
RPXQMLPKQHJFFEH17CB,大興段,20.99,都市：住
RPXSMLPKQHJFFEH37CB,大興段,21.64,都市：住
RPPTMLPKQHJFFEH66CB,大興段,24.24,都市：住
RPORMLPKQHJFFEH98CB,大興段,20.99,都市：住
RPSTMLPKQHJFFEH96CB,大興段,24.24,都市：住
RPOTMLPKQHJFFEH56CB,大興段,24.24,都市：住
RPTTMLPKQHJFFEH07CB,大興段,24.46,都市：住
RPQTMLPKQHJFFEH76CB,大興段,24.24,都市：住
RPUTMLPKQHJFFEH17CB,大興段,24.24,都市：住
RPVTMLPKQHJFFEH27CB,大興段,24.24,都市：住
RPQUMLPKQHJFFEH86CB,大興段,24.24,都市：住
RPPUMLPKQHJFFEH76CB,大興段,24.24,都市：住
RPWTMLPKQHJFFEH37CB,大興段,24.24,都市：住
RPOUMLPKQHJFFEH66CB,大興段,24.46,都市：住
RPXTMLPKQHJFFEH47CB,大興段,24.24,都市：住
RPTUMLPKQHJFFEH17CB,大興段,20.56,都市：住
RPSUMLPKQHJFFEH07CB,大興段,20.56,都市：住
RPRUMLPKQHJFFEH96CB,大興段,20.56,都市：住
RPUUMLPKQHJFFEH27CB,大興段,20.56,都市：住
RPVUMLPKQHJFFEH37CB,大興段,20.56,都市：住
RPWUMLPKQHJFFEH47CB,大興段,20.56,都市：住
RPXUMLPKQHJFFEH57CB,大興段,20.56,都市：住
RPOVMLPKQHJFFEH76CB,大興段,20.56,都市：住
RPPVMLPKQHJFFEH86CB,大興段,20.56,都市：住
RPRVMLPKQHJFFEH07CB,大興段,20.56,都市：住
RPQVMLPKQHJFFEH96CB,大興段,20.56,都市：住
RPSVMLPKQHJFFEH17CB,大興段,20.56,都市：住
RPUVMLPKQHJFFEH37CB,大興段,20.56,都市：住
RPXVMLPKQHJFFEH67CB,大興段,20.56,都市：住
RPVVMLPKQHJFFEH47CB,大興段,20.56,都市：住
RPOWMLPKQHJFFEH86CB,大興段,20.56,都市：住
RPWVMLPKQHJFFEH57CB,大興段,20.56,都市：住
RPTVMLPKQHJFFEH27CB,大興段,20.56,都市：住
RPPWMLPKQHJFFEH96CB,大興段,20.56,都市：住
RPQWMLPKQHJFFEH07CB,大興段,20.56,都市：住
RPRWMLPKQHJFFEH17CB,大興段,20.56,都市：住
RPSWMLPKQHJFFEH27CB,大興段,20.56,都市：住
RPWWMLPKQHJFFEH67CB,大興段,24.24,都市：住
RPXWMLPKQHJFFEH77CB,大興段,24.24,都市：住
RPQNNLPKQHJFFEH88CB,大興段,24.24,都市：住
RPVWMLPKQHJFFEH57CB,大興段,24.24,都市：住
RPUWMLPKQHJFFEH47CB,大興段,20.56,都市：住
RPTWMLPKQHJFFEH37CB,大興段,20.56,都市：住
RPTNNLPKQHJFFEH56CB,大興段,24.24,都市：住
RPONNLPKQHJFFEH68CB,大興段,24.24,都市：住
RPPNNLPKQHJFFEH78CB,大興段,24.24,都市：住
RPRNNLPKQHJFFEH98CB,大興段,24.24,都市：住
RPSSMLTKQHJFFAH86CB,同德段,30.40,都市：商
RPTSMLTKQHJFFAH96CB,同德段,30.40,都市：商
RPUOMLSKQHJFFEH96CB,大興段,24.46,都市：住
RPQSMLTKQHJFFAH66CB,同德段,39.90,都市：商
RPWNMLSKQHJFFEH07CB,大興段,20.99,都市：住
RPPSMLTKQHJFFAH56CB,同德段,39.90,都市：商
RPRSMLTKQHJFFAH76CB,同德段,39.90,都市：商
RPXSMLTKQHJFFAH37CB,同德段,30.40,都市：商
RPOTMLTKQHJFFAH56CB,同德段,30.40,都市：商
RPUSMLTKQHJFFAH07CB,同德段,30.40,都市：商
RPVNNLPKQHJFFEH76CB,大興段,24.24,都市：住
RPPTMLTKQHJFFAH66CB,同德段,30.40,都市：商
RPVSMLTKQHJFFAH17CB,同德段,30.40,都市：商
RPWNNLPKQHJFFEH86CB,大興段,24.24,都市：住
RPWSMLTKQHJFFAH27CB,同德段,30.40,都市：商
RPTTMLTKQHJFFAH07CB,同德段,36.58,都市：商
RPVTMLTKQHJFFAH27CB,同德段,36.58,都市：商
RPQUMLTKQHJFFAH86CB,新埔段,50.96,都市：住
RPUNNLPKQHJFFEH66CB,大興段,24.46,都市：住
RPQTMLTKQHJFFAH76CB,同德段,30.40,都市：商
RPUTMLTKQHJFFAH17CB,同德段,37.05,都市：商
RPRTMLTKQHJFFAH86CB,同德段,30.40,都市：商
RPSTMLTKQHJFFAH96CB,同德段,30.40,都市：商
RPRUMLTKQHJFFAH96CB,新埔段,47.90,都市：住
RPTUMLTKQHJFFAH17CB,新埔段,51.74,都市：住
RPSUMLTKQHJFFAH07CB,新埔段,50.45,都市：住
RPUUMLTKQHJFFAH27CB,新埔段,50.96,都市：住
RPWTMLTKQHJFFAH37CB,同德段,36.10,都市：商
RPWUMLTKQHJFFAH47CB,新埔段,51.01,都市：住
RPXUMLTKQHJFFAH57CB,新埔段,47.90,都市：住
RPOVMLTKQHJFFAH76CB,新埔段,51.01,都市：住
RPVUMLTKQHJFFAH37CB,新埔段,47.90,都市：住
RPPVMLTKQHJFFAH86CB,新埔段,47.90,都市：住
RPSVMLTKQHJFFAH17CB,新埔段,47.90,都市：住
RPTVMLTKQHJFFAH27CB,新埔段,47.90,都市：住
RPUVMLTKQHJFFAH37CB,新埔段,51.01,都市：住
RPOWMLTKQHJFFAH86CB,新埔段,51.05,都市：住
RPRWMLTKQHJFFAH17CB,新埔段,50.96,都市：住
RPXVMLTKQHJFFAH67CB,新埔段,47.38,都市：住
RPSWMLTKQHJFFAH27CB,新埔段,50.96,都市：住
RPWVMLTKQHJFFAH57CB,新埔段,50.45,都市：住
RPTWMLTKQHJFFAH37CB,新埔段,50.96,都市：住
RPPWMLTKQHJFFAH96CB,新埔段,47.90,都市：住
RPQWMLTKQHJFFAH07CB,新埔段,47.90,都市：住
RPUWMLTKQHJFFAH47CB,新埔段,50.96,都市：住
RPWWMLTKQHJFFAH67CB,新埔段,50.96,都市：住
RPQNNLTKQHJFFAH88CB,新埔段,47.90,都市：住
RPXSMLRLQHJFFAH27CB,忠義段,24.75,非都市： ; 非都市編定：
RPWSMLRLQHJFFAH17CB,忠義段,31.89,非都市： ; 非都市編定：
RPOTMLRLQHJFFAH09CB,忠義段,30.82,非都市： ; 非都市編定：
RPPTMLRLQHJFFAH56CB,忠義段,23.12,非都市： ; 非都市編定：
RPVSMLRLQHJFFAH07CB,忠義段,25.00,非都市： ; 非都市編定：
RPOUMLRLQHJFFAH56CB,忠義段,25.00,非都市： ; 非都市編定：
RPVTMLRLQHJFFAH17CB,忠義段,24.92,非都市： ; 非都市編定：
RPTTMLRLQHJFFAH96CB,忠義段,30.82,非都市： ; 非都市編定：
RPSTMLRLQHJFFAH86CB,忠義段,36.39,非都市： ; 非都市編定：
RPWTMLRLQHJFFAH27CB,忠義段,31.72,非都市： ; 非都市編定：
RPQTMLRLQHJFFAH66CB,忠義段,28.44,非都市： ; 非都市編定：
RPRTMLRLQHJFFAH76CB,忠義段,24.92,非都市： ; 非都市編定：
RPXTMLRLQHJFFAH37CB,忠義段,27.54,非都市： ; 非都市編定：
RPSUMLRLQHJFFAH96CB,忠義段,22.95,非都市： ; 非都市編定：
RPQUMLRLQHJFFAH76CB,忠義段,22.71,非都市： ; 非都市編定：
RPRUMLRLQHJFFAH86CB,忠義段,23.12,非都市： ; 非都市編定：
RPPUMLRLQHJFFAH66CB,忠義段,22.30,非都市： ; 非都市編定：
RPVUMLRLQHJFFAH27CB,忠義段,22.30,非都市： ; 非都市編定：
RPUUMLRLQHJFFAH17CB,忠義段,24.84,非都市： ; 非都市編定：
RPWUMLRLQHJFFAH37CB,忠義段,23.12,非都市： ; 非都市編定：
RPTUMLRLQHJFFAH07CB,忠義段,24.75,非都市： ; 非都市編定：
RPPVMLRLQHJFFAH76CB,忠義段,22.79,非都市： ; 非都市編定：
RPQVMLRLQHJFFAH86CB,忠義段,27.54,非都市： ; 非都市編定：
RPOVMLRLQHJFFAH66CB,忠義段,23.12,非都市： ; 非都市編定：
RPRVMLRLQHJFFAH96CB,忠義段,35.08,非都市： ; 非都市編定：
RPSVMLRLQHJFFAH07CB,忠義段,24.75,非都市： ; 非都市編定：
RPXUMLRLQHJFFAH47CB,忠義段,22.87,非都市： ; 非都市編定：
RPTVMLRLQHJFFAH17CB,忠義段,24.75,非都市： ; 非都市編定：
RPUVMLRLQHJFFAH27CB,忠義段,22.38,非都市： ; 非都市編定：
RPOWMLRLQHJFFAH76CB,忠義段,22.87,非都市： ; 非都市編定：
RPWVMLRLQHJFFAH47CB,忠義段,24.84,非都市： ; 非都市編定：
RPXVMLRLQHJFFAH57CB,忠義段,22.54,非都市： ; 非都市編定：
RPPWMLRLQHJFFAH86CB,忠義段,22.71,非都市： ; 非都市編定：
RPUWMLRLQHJFFAH37CB,忠義段,22.54,非都市： ; 非都市編定：
RPTWMLRLQHJFFAH27CB,忠義段,27.79,非都市： ; 非都市編定：
RPSWMLRLQHJFFAH17CB,忠義段,24.92,非都市： ; 非都市編定：
RPONNLRLQHJFFAH58CB,忠義段,22.71,非都市： ; 非都市編定：
RPRWMLRLQHJFFAH07CB,忠義段,27.71,非都市： ; 非都市編定：
RPXWMLRLQHJFFAH67CB,忠義段,24.92,非都市： ; 非都市編定：
RPPNNLRLQHJFFAH68CB,忠義段,22.30,非都市： ; 非都市編定：
RPQWMLRLQHJFFAH96CB,忠義段,35.08,非都市： ; 非都市編定：
RPVWMLRLQHJFFAH47CB,忠義段,24.84,非都市： ; 非都市編定：
RPTNNLRLQHJFFAH09CB,忠義段,22.54,非都市： ; 非都市編定：
RPSNNLRLQHJFFAH98CB,忠義段,24.75,非都市： ; 非都市編定：
RPUNNLRLQHJFFAH56CB,忠義段,24.75,非都市： ; 非都市編定：
RPQNNLRLQHJFFAH78CB,忠義段,22.54,非都市： ; 非都市編定：
RPRNNLRLQHJFFAH88CB,忠義段,23.12,非都市： ; 非都市編定：
RPWWMLRLQHJFFAH57CB,忠義段,22.79,非都市： ; 非都市編定：
RPXNNLRLQHJFFAH86CB,忠義段,27.95,非都市： ; 非都市編定：
RPWNNLRLQHJFFAH76CB,忠義段,30.74,非都市： ; 非都市編定：
RPVNNLRLQHJFFAH66CB,忠義段,24.84,非都市： ; 非都市編定：
RPQONLRLQHJFFAH88CB,忠義段,24.84,非都市： ; 非都市編定：
RPOONLRLQHJFFAH68CB,忠義段,24.75,非都市： ; 非都市編定：
RPVONLRLQHJFFAH76CB,忠義段,35.08,非都市： ; 非都市編定：
RPQPNLRLQHJFFAH98CB,忠義段,23.12,非都市： ; 非都市編定：
RPTONLRLQHJFFAH56CB,忠義段,23.12,非都市： ; 非都市編定：
RPWONLRLQHJFFAH86CB,忠義段,22.71,非都市： ; 非都市編定：
RPRONLRLQHJFFAH98CB,忠義段,35.08,非都市： ; 非都市編定：
RPSONLRLQHJFFAH09CB,忠義段,30.82,非都市： ; 非都市編定：
RPPPNLRLQHJFFAH88CB,忠義段,34.92,非都市： ; 非都市編定：
RPRPNLRLQHJFFAH09CB,忠義段,22.30,非都市： ; 非都市編定：
RPVPNLRLQHJFFAH86CB,忠義段,27.71,非都市： ; 非都市編定：
RPUONLRLQHJFFAH66CB,忠義段,22.79,非都市： ; 非都市編定：
RPUPNLRLQHJFFAH76CB,忠義段,22.54,非都市： ; 非都市編定：
RPTPNLRLQHJFFAH66CB,忠義段,27.54,非都市： ; 非都市編定：
RPSPNLRLQHJFFAH56CB,忠義段,22.71,非都市： ; 非都市編定：
RPWPNLRLQHJFFAH96CB,忠義段,27.79,非都市： ; 非都市編定：
RPXPNLRLQHJFFAH07CB,忠義段,24.75,非都市： ; 非都市編定：
RPORNLRLQHJFFAH98CB,忠義段,24.75,非都市： ; 非都市編定：
RPUQNLRLQHJFFAH86CB,忠義段,22.30,非都市： ; 非都市編定：
RPOQNLRLQHJFFAH88CB,忠義段,24.75,非都市： ; 非都市編定：
RPWQNLRLQHJFFAH07CB,忠義段,24.92,非都市： ; 非都市編定：
RPPRNLRLQHJFFAH09CB,忠義段,27.71,非都市： ; 非都市編定：
RPQRNLRLQHJFFAH56CB,忠義段,23.28,非都市： ; 非都市編定：
RPVQNLRLQHJFFAH96CB,忠義段,22.30,非都市： ; 非都市編定：
RPWRNLRLQHJFFAH17CB,忠義段,27.79,非都市： ; 非都市編定：
RPSRNLRLQHJFFAH76CB,忠義段,22.71,非都市： ; 非都市編定：
RPXQNLRLQHJFFAH17CB,忠義段,22.54,非都市： ; 非都市編定：
RPTRNLRLQHJFFAH86CB,忠義段,24.84,非都市： ; 非都市編定：
RPXRNLRLQHJFFAH27CB,忠義段,24.75,非都市： ; 非都市編定：
RPOSNLRLQHJFFAH09CB,忠義段,22.30,非都市： ; 非都市編定：
RPRRNLRLQHJFFAH66CB,忠義段,22.71,非都市： ; 非都市編定：
RPPSNLRLQHJFFAH56CB,忠義段,27.71,非都市： ; 非都市編定：
RPUSNLRLQHJFFAH07CB,忠義段,22.79,非都市： ; 非都市編定：
RPXSNLRLQHJFFAH37CB,忠義段,28.44,非都市： ; 非都市編定：
RPRSNLRLQHJFFAH76CB,忠義段,27.79,非都市： ; 非都市編定：
RPSSNLRLQHJFFAH86CB,忠義段,22.79,非都市： ; 非都市編定：
RPVSNLRLQHJFFAH17CB,忠義段,29.18,非都市： ; 非都市編定：
RPPTNLRLQHJFFAH66CB,忠義段,24.84,非都市： ; 非都市編定：
RPQSNLRLQHJFFAH66CB,忠義段,22.71,非都市： ; 非都市編定：
RPTSNLRLQHJFFAH96CB,忠義段,27.54,非都市： ; 非都市編定：
RPWSNLRLQHJFFAH27CB,忠義段,35.08,非都市： ; 非都市編定：
RPTTNLRLQHJFFAH07CB,忠義段,22.30,非都市： ; 非都市編定：
RPUTNLRLQHJFFAH17CB,忠義段,26.80,非都市： ; 非都市編定：
RPOTNLRLQHJFFAH56CB,忠義段,35.08,非都市： ; 非都市編定：
RPWTNLRLQHJFFAH37CB,忠義段,24.84,非都市： ; 非都市編定：
RPQTNLRLQHJFFAH76CB,忠義段,36.39,非都市： ; 非都市編定：
RPRTNLRLQHJFFAH86CB,忠義段,24.75,非都市： ; 非都市編定：
RPSTNLRLQHJFFAH96CB,忠義段,22.38,非都市： ; 非都市編定：
RPOUNLRLQHJFFAH66CB,忠義段,36.39,非都市： ; 非都市編定：
RPPUNLRLQHJFFAH76CB,忠義段,22.38,非都市： ; 非都市編定：
RPXTNLRLQHJFFAH47CB,忠義段,23.28,非都市： ; 非都市編定：
RPQUNLRLQHJFFAH86CB,忠義段,25.00,非都市： ; 非都市編定：
RPSUNLRLQHJFFAH07CB,忠義段,24.92,非都市： ; 非都市編定：
RPRUNLRLQHJFFAH96CB,忠義段,30.82,非都市： ; 非都市編定：
RPUUNLRLQHJFFAH27CB,忠義段,22.38,非都市： ; 非都市編定：
RPPVNLRLQHJFFAH86CB,忠義段,36.23,非都市： ; 非都市編定：
RPTUNLRLQHJFFAH17CB,忠義段,24.75,非都市： ; 非都市編定：
RPRVNLRLQHJFFAH07CB,忠義段,24.84,非都市： ; 非都市編定：
RPQVNLRLQHJFFAH96CB,忠義段,22.71,非都市： ; 非都市編定：
RPSVNLRLQHJFFAH17CB,忠義段,27.79,非都市： ; 非都市編定：
RPTVNLRLQHJFFAH27CB,忠義段,25.00,非都市： ; 非都市編定：
RPXUNLRLQHJFFAH57CB,忠義段,24.75,非都市： ; 非都市編定：
RPVVNLRLQHJFFAH47CB,忠義段,22.54,非都市： ; 非都市編定：
RPUVNLRLQHJFFAH37CB,忠義段,27.54,非都市： ; 非都市編定：
RPWNMLSLQHJFFFH27CB,福興段,41.50,都市：住
RPVNMLSLQHJFFFH17CB,福興段,40.75,都市：住
RPWVNLRLQHJFFAH57CB,忠義段,22.38,非都市： ; 非都市編定：
RPXVNLRLQHJFFAH67CB,忠義段,22.71,非都市： ; 非都市編定：
RPXNMLSLQHJFFFH37CB,福興段,41.20,都市：住
RPQOMLSLQHJFFFH76CB,福興段,41.20,都市：住
RPOOMLSLQHJFFFH56CB,福興段,41.50,都市：住
RPUNMLSLQHJFFFH07CB,福興段,40.75,都市：住
RPSOMLSLQHJFFFH96CB,福興段,40.67,都市：住
RPPOMLSLQHJFFFH66CB,福興段,40.75,都市：住
RPUOMLSLQHJFFFH17CB,福興段,40.37,都市：住
RPVOMLSLQHJFFFH27CB,福興段,40.67,都市：住
RPWOMLSLQHJFFFH37CB,福興段,40.67,都市：住
RPXOMLSLQHJFFFH47CB,福興段,41.12,都市：住
RPROMLSLQHJFFFH86CB,福興段,41.50,都市：住
RPSPMLSLQHJFFFH07CB,福興段,41.42,都市：住
RPQPMLSLQHJFFFH86CB,福興段,40.37,都市：住
RPPPMLSLQHJFFFH76CB,福興段,40.67,都市：住
RPRPMLSLQHJFFFH96CB,福興段,40.67,都市：住
RPUPMLSLQHJFFFH27CB,福興段,38.35,都市：住
RPVPMLSLQHJFFFH37CB,福興段,39.18,都市：住
RPTPMLSLQHJFFFH17CB,福興段,40.37,都市：住
RPOPMLSLQHJFFFH66CB,福興段,40.67,都市：住
RPOQMLSLQHJFFFH76CB,福興段,38.43,都市：住
RPWPMLSLQHJFFFH47CB,福興段,39.18,都市：住
RPXPMLSLQHJFFFH57CB,福興段,38.35,都市：住
RPRQMLSLQHJFFFH07CB,福興段,58.35,都市：住
RPSQMLSLQHJFFFH17CB,福興段,39.10,都市：住
RPQQMLSLQHJFFFH96CB,福興段,38.35,都市：住
RPPQMLSLQHJFFFH86CB,福興段,38.43,都市：住
RPTQMLSLQHJFFFH27CB,福興段,38.35,都市：住
RPVQMLSLQHJFFFH47CB,福興段,39.10,都市：住
RPORMLSLQHJFFFH86CB,福興段,39.10,都市：住
RPWQMLSLQHJFFFH57CB,福興段,38.35,都市：住
RPUQMLSLQHJFFFH37CB,福興段,39.10,都市：住
RPPRMLSLQHJFFFH96CB,福興段,38.35,都市：住
RPXQMLSLQHJFFFH67CB,福興段,38.35,都市：住
RPQRMLSLQHJFFFH07CB,福興段,39.10,都市：住
RPRRMLSLQHJFFFH17CB,福興段,40.75,都市：住
RPXRMLSLQHJFFFH77CB,福興段,41.20,都市：住
RPURMLSLQHJFFFH47CB,福興段,40.45,都市：住
RPSRMLSLQHJFFFH27CB,福興段,40.75,都市：住
RPPSMLSLQHJFFFH07CB,福興段,41.50,都市：住
RPOSMLSLQHJFFFH96CB,福興段,41.50,都市：住
RPVRMLSLQHJFFFH57CB,福興段,41.50,都市：住
RPQSMLSLQHJFFFH17CB,福興段,41.20,都市：住
RPWRMLSLQHJFFFH67CB,福興段,41.50,都市：住
RPOTMLSLQHJFFFH07CB,福興段,40.67,都市：住
RPUSMLSLQHJFFFH57CB,福興段,40.37,都市：住
RPXSMLSLQHJFFFH87CB,福興段,40.37,都市：住
RPTSMLSLQHJFFFH47CB,福興段,40.67,都市：住
RPRSMLSLQHJFFFH27CB,福興段,40.67,都市：住
RPVSMLSLQHJFFFH67CB,福興段,40.67,都市：住
RPWSMLSLQHJFFFH77CB,福興段,40.67,都市：住
RPSTMLSLQHJFFFH47CB,福興段,38.43,都市：住
RPPTMLSLQHJFFFH17CB,福興段,40.67,都市：住
RPQTMLSLQHJFFFH27CB,福興段,40.37,都市：住
RPWTMLSLQHJFFFH87CB,福興段,39.10,都市：住
RPUTMLSLQHJFFFH67CB,福興段,38.43,都市：住
RPSSMLSLQHJFFFH37CB,福興段,40.67,都市：住
RPRTMLSLQHJFFFH37CB,福興段,38.35,都市：住
RPQUMLSLQHJFFFH37CB,福興段,38.43,都市：住
RPOUMLSLQHJFFFH17CB,福興段,38.43,都市：住
RPPUMLSLQHJFFFH27CB,福興段,38.43,都市：住
RPTUMLSLQHJFFFH67CB,福興段,38.43,都市：住
RPVUMLSLQHJFFFH87CB,福興段,39.10,都市：住
RPXTMLSLQHJFFFH97CB,福興段,39.18,都市：住
RPXUMLSLQHJFFFH08CB,福興段,38.35,都市：住
RPOVMLSLQHJFFFH27CB,福興段,38.35,都市：住
RPPVMLSLQHJFFFH37CB,福興段,38.35,都市：住
RPSUMLSLQHJFFFH57CB,福興段,38.43,都市：住
RPRUMLSLQHJFFFH47CB,福興段,39.10,都市：住
RPQVMLSLQHJFFFH47CB,福興段,38.35,都市：住
RPSVMLSLQHJFFFH67CB,福興段,39.10,都市：住
RPTVMLSLQHJFFFH77CB,福興段,38.35,都市：住
RPRVMLSLQHJFFFH57CB,福興段,38.35,都市：住
RPSWMLSLQHJFFFH77CB,福興段,31.61,都市：住
RPUUMLSLQHJFFFH77CB,福興段,58.35,都市：住
RPVVMLSLQHJFFFH97CB,福興段,38.35,都市：住
RPPWMLSLQHJFFFH47CB,福興段,31.61,都市：住
RPRWMLSLQHJFFFH67CB,福興段,31.61,都市：住
RPUVMLSLQHJFFFH87CB,福興段,38.35,都市：住
RPUWMLSLQHJFFFH97CB,福興段,31.61,都市：住
RPXVMLSLQHJFFFH18CB,福興段,38.35,都市：住
RPVWMLSLQHJFFFH08CB,福興段,31.61,都市：住
RPQWMLSLQHJFFFH57CB,福興段,31.61,都市：住
RPOWMLSLQHJFFFH37CB,福興段,31.61,都市：住
RPWVMLSLQHJFFFH08CB,福興段,39.10,都市：住
RPTWMLSLQHJFFFH87CB,福興段,31.61,都市：住
RPUNNLSLQHJFFFH17CB,福興段,32.06,都市：住
RPVNNLSLQHJFFFH27CB,福興段,32.06,都市：住
RPPNNLSLQHJFFFH66CB,福興段,49.66,都市：住
RPRNNLSLQHJFFFH86CB,福興段,32.06,都市：住
RPSNNLSLQHJFFFH96CB,福興段,32.06,都市：住
RPWWMLSLQHJFFFH18CB,福興段,31.61,都市：住
RPTNNLSLQHJFFFH07CB,福興段,32.06,都市：住
RPONNLSLQHJFFFH56CB,福興段,31.61,都市：住
RPWNNLSLQHJFFFH37CB,福興段,32.06,都市：住
RPQNNLSLQHJFFFH76CB,福興段,32.06,都市：住
RPSONLSLQHJFFFH07CB,福興段,32.06,都市：住
RPTONLSLQHJFFFH17CB,福興段,31.61,都市：住
RPUONLSLQHJFFFH27CB,福興段,31.61,都市：住
RPXNNLSLQHJFFFH47CB,福興段,32.06,都市：住
RPRONLSLQHJFFFH96CB,福興段,32.06,都市：住
RPWONLSLQHJFFFH47CB,福興段,31.61,都市：住
RPPONLSLQHJFFFH76CB,福興段,32.06,都市：住
RPVONLSLQHJFFFH37CB,福興段,31.61,都市：住
RPPPNLSLQHJFFFH86CB,福興段,31.61,都市：住
RPOPNLSLQHJFFFH76CB,福興段,31.61,都市：住
RPVPNLSLQHJFFFH47CB,福興段,32.06,都市：住
RPUPNLSLQHJFFFH37CB,福興段,32.06,都市：住
RPQPNLSLQHJFFFH96CB,福興段,31.61,都市：住
RPRPNLSLQHJFFFH07CB,福興段,31.61,都市：住
RPWPNLSLQHJFFFH57CB,福興段,32.06,都市：住
RPSPNLSLQHJFFFH17CB,福興段,49.81,都市：住
RPXPNLSLQHJFFFH67CB,福興段,32.06,都市：住
RPXONLSLQHJFFFH57CB,福興段,31.61,都市：住
RPTPNLSLQHJFFFH27CB,福興段,32.06,都市：住
RPOQNLSLQHJFFFH86CB,福興段,32.81,都市：住
RPWQNLSLQHJFFFH67CB,福興段,31.61,都市：住
RPRQNLSLQHJFFFH17CB,福興段,31.61,都市：住
RPPQNLSLQHJFFFH96CB,福興段,31.61,都市：住
RPQQNLSLQHJFFFH07CB,福興段,32.36,都市：住
RPVQNLSLQHJFFFH57CB,福興段,31.61,都市：住
RPTQNLSLQHJFFFH37CB,福興段,31.61,都市：住
RPUQNLSLQHJFFFH47CB,福興段,31.61,都市：住
RPSQNLSLQHJFFFH27CB,福興段,31.61,都市：住
RPXQNLSLQHJFFFH77CB,福興段,31.61,都市：住
RPORNLSLQHJFFFH96CB,福興段,31.61,都市：住
RPQRNLSLQHJFFFH17CB,福興段,31.61,都市：住
RPPRNLSLQHJFFFH07CB,福興段,49.66,都市：住
RPVRNLSLQHJFFFH67CB,福興段,32.06,都市：住
RPRRNLSLQHJFFFH27CB,福興段,32.06,都市：住
RPXRNLSLQHJFFFH87CB,福興段,32.06,都市：住
RPWRNLSLQHJFFFH77CB,福興段,32.06,都市：住
RPURNLSLQHJFFFH57CB,福興段,32.06,都市：住
RPSRNLSLQHJFFFH37CB,福興段,32.06,都市：住
RPTRNLSLQHJFFFH47CB,福興段,32.06,都市：住
RPVSNLSLQHJFFFH77CB,福興段,31.61,都市：住
RPUSNLSLQHJFFFH67CB,福興段,31.61,都市：住
RPQSNLSLQHJFFFH27CB,福興段,32.06,都市：住
RPPSNLSLQHJFFFH17CB,福興段,32.06,都市：住
RPSSNLSLQHJFFFH47CB,福興段,31.61,都市：住
RPOSNLSLQHJFFFH07CB,福興段,32.06,都市：住
RPRSNLSLQHJFFFH37CB,福興段,31.61,都市：住
RPTSNLSLQHJFFFH57CB,福興段,31.61,都市：住
RPWSNLSLQHJFFFH87CB,福興段,31.61,都市：住
RPUTNLSLQHJFFFH77CB,福興段,32.06,都市：住
RPVTNLSLQHJFFFH87CB,福興段,32.06,都市：住
RPWTNLSLQHJFFFH97CB,福興段,32.06,都市：住
RPXSNLSLQHJFFFH97CB,福興段,31.61,都市：住
RPSTNLSLQHJFFFH57CB,福興段,32.06,都市：住
RPPTNLSLQHJFFFH27CB,福興段,31.61,都市：住
RPQUNLSLQHJFFFH47CB,興豐段,23.23,都市：住
RPOUNLSLQHJFFFH27CB,福興段,32.06,都市：住
RPOTNLSLQHJFFFH17CB,福興段,31.61,都市：住
RPRUNLSLQHJFFFH57CB,興豐段,23.23,都市：住
RPUUNLSLQHJFFFH87CB,興豐段,23.23,都市：住
RPXTNLSLQHJFFFH08CB,福興段,32.81,都市：住
RPTUNLSLQHJFFFH77CB,興豐段,22.93,都市：住
RPOVNLSLQHJFFFH37CB,興豐段,22.93,都市：住
RPSUNLSLQHJFFFH67CB,興豐段,22.93,都市：住
RPXUNLSLQHJFFFH18CB,興豐段,22.93,都市：住
RPPVNLSLQHJFFFH47CB,興豐段,22.93,都市：住
RPWUNLSLQHJFFFH08CB,興豐段,22.93,都市：住
RPSVNLSLQHJFFFH77CB,興豐段,41.10,都市：住
RPVVNLSLQHJFFFH08CB,興豐段,22.93,都市：住
RPTVNLSLQHJFFFH87CB,興豐段,22.93,都市：住
RPQVNLSLQHJFFFH57CB,興豐段,22.93,都市：住
RPUVNLSLQHJFFFH97CB,興豐段,23.23,都市：住
RPRVNLSLQHJFFFH67CB,興豐段,22.93,都市：住
RPXVNLSLQHJFFFH28CB,興豐段,22.93,都市：住
RPRWNLSLQHJFFFH77CB,興豐段,22.93,都市：住
RPPWNLSLQHJFFFH57CB,興豐段,22.93,都市：住
RPSWNLSLQHJFFFH87CB,興豐段,22.93,都市：住
RPQWNLSLQHJFFFH67CB,興豐段,22.93,都市：住
RPWVNLSLQHJFFFH18CB,興豐段,23.23,都市：住
RPUWNLSLQHJFFFH08CB,興豐段,23.23,都市：住
RPTWNLSLQHJFFFH97CB,興豐段,23.23,都市：住
RPXWNLSLQHJFFFH38CB,興豐段,31.57,都市：住
RPQNOLSLQHJFFFH86CB,興豐段,31.57,都市：住
RPVWNLSLQHJFFFH18CB,興豐段,42.91,都市：住
RPSNOLSLQHJFFFH07CB,興豐段,31.57,都市：住
RPRNOLSLQHJFFFH96CB,興豐段,31.57,都市：住
RPPNOLSLQHJFFFH76CB,興豐段,31.57,都市：住
RPTNOLSLQHJFFFH17CB,興豐段,31.54,都市：住
RPONOLSLQHJFFFH66CB,興豐段,31.57,都市：住
RPUNOLSLQHJFFFH27CB,興豐段,31.54,都市：住
RPWNOLSLQHJFFFH47CB,興豐段,31.54,都市：住
RPOOOLSLQHJFFFH76CB,興豐段,31.54,都市：住
RPQOOLSLQHJFFFH96CB,興豐段,31.54,都市：住
RPVNOLSLQHJFFFH37CB,興豐段,31.23,都市：住
RPXNOLSLQHJFFFH57CB,興豐段,31.54,都市：住
RPROOLSLQHJFFFH07CB,興豐段,31.54,都市：住
RPVOOLSLQHJFFFH47CB,興豐段,23.23,都市：住
RPWOOLSLQHJFFFH57CB,興豐段,23.23,都市：住
RPTOOLSLQHJFFFH27CB,興豐段,31.54,都市：住
RPSOOLSLQHJFFFH17CB,興豐段,31.54,都市：住
RPUOOLSLQHJFFFH37CB,興豐段,23.23,都市：住
RPTTNLSLQHJFFFH67CB,福興段,32.06,都市：住
RPSPOLSLQHJFFFH27CB,興豐段,22.93,都市：住
RPXOOLSLQHJFFFH67CB,興豐段,23.23,都市：住
RPPPOLSLQHJFFFH96CB,興豐段,23.23,都市：住
RPUPOLSLQHJFFFH47CB,興豐段,41.10,都市：住
RPVPOLSLQHJFFFH57CB,興豐段,22.93,都市：住
RPOPOLSLQHJFFFH86CB,興豐段,23.23,都市：住
RPTPOLSLQHJFFFH37CB,興豐段,23.23,都市：住
RPRTNLSLQHJFFFH47CB,福興段,49.81,都市：住
RPRQOLSLQHJFFFH27CB,興豐段,23.23,都市：住
RPRPOLSLQHJFFFH17CB,興豐段,23.23,都市：住
RPWPOLSLQHJFFFH67CB,興豐段,22.93,都市：住
RPOQOLSLQHJFFFH96CB,興豐段,22.93,都市：住
RPVQOLSLQHJFFFH67CB,興豐段,31.54,都市：住
RPXPOLSLQHJFFFH77CB,興豐段,22.93,都市：住
RPUQOLSLQHJFFFH57CB,興豐段,22.93,都市：住
RPQQOLSLQHJFFFH17CB,興豐段,22.93,都市：住
RPTROLSLQHJFFFH57CB,興豐段,31.57,都市：住
RPOROLSLQHJFFFH07CB,興豐段,31.57,都市：住
RPWQOLSLQHJFFFH77CB,興豐段,31.54,都市：住
RPRROLSLQHJFFFH37CB,興豐段,31.57,都市：住
RPSROLSLQHJFFFH47CB,興豐段,31.57,都市：住
RPTQOLSLQHJFFFH47CB,興豐段,23.23,都市：住
RPPROLSLQHJFFFH17CB,興豐段,31.57,都市：住
RPXQOLSLQHJFFFH87CB,興豐段,31.54,都市：住
RPSQOLSLQHJFFFH37CB,興豐段,23.23,都市：住
RPUROLSLQHJFFFH67CB,興豐段,31.57,都市：住
RPOSOLSLQHJFFFH17CB,興豐段,31.54,都市：住
RPWROLSLQHJFFFH87CB,興豐段,31.57,都市：住
RPXROLSLQHJFFFH97CB,興豐段,31.54,都市：住
RPVROLSLQHJFFFH77CB,興豐段,31.54,都市：住
RPTSOLSLQHJFFFH67CB,興豐段,31.54,都市：住
RPPSOLSLQHJFFFH27CB,興豐段,31.54,都市：住
RPUSOLSLQHJFFFH77CB,興豐段,31.54,都市：住
RPQSOLSLQHJFFFH37CB,興豐段,31.54,都市：住
RPSSOLSLQHJFFFH57CB,興豐段,31.54,都市：住
RPOTOLSLQHJFFFH27CB,興豐段,23.23,都市：住
RPVRMLPJRHJFFAH66CB,新埔段,50.96,都市：住
RPWSOLSLQHJFFFH97CB,興豐段,23.23,都市：住
RPPQMLLKRHJFFDH58CB,大金山下段大金山下小段,19.27,都市：住
RPXSOLSLQHJFFFH08CB,興豐段,23.23,都市：住
RPWPMLLKRHJFFDH56CB,大金山下段大金山下小段,27.28,都市：住
RPWRMLPJRHJFFAH76CB,新埔段,47.90,都市：住
RPOQMLLKRHJFFDH48CB,大金山下段大金山下小段,19.74,都市：住
RPVOMLMKRHJFFDH09CB,大金山下段大金山下小段,19.74,都市：住
RPXOMLMKRHJFFDH66CB,大金山下段大金山下小段,19.74,都市：住
RPTOMLMKRHJFFDH88CB,大金山下段大金山下小段,19.74,都市：住
RPUOMLMKRHJFFDH98CB,大金山下段大金山下小段,19.74,都市：住
RPVSOLSLQHJFFFH87CB,興豐段,31.54,都市：住
RPPPMLMKRHJFFDH58CB,大金山下段大金山下小段,19.74,都市：住
RPPQMLMKRHJFFDH68CB,大金山下段大金山下小段,19.03,都市：住
RPQQMLMKRHJFFDH78CB,大金山下段大金山下小段,19.03,都市：住
RPQPMLMKRHJFFDH68CB,大金山下段大金山下小段,19.74,都市：住
RPRPMLMKRHJFFDH78CB,大金山下段大金山下小段,19.74,都市：住
RPVPMLMKRHJFFDH56CB,大金山下段大金山下小段,19.03,都市：住
RPSPMLMKRHJFFDH88CB,大金山下段大金山下小段,19.74,都市：住
RPWPMLMKRHJFFDH66CB,大金山下段大金山下小段,19.03,都市：住
RPTPMLMKRHJFFDH98CB,大金山下段大金山下小段,19.27,都市：住
RPOQMLMKRHJFFDH58CB,大金山下段大金山下小段,19.03,都市：住
RPXPMLMKRHJFFDH76CB,大金山下段大金山下小段,19.03,都市：住
RPPPMLNLRHJFFBH58CB,普義段,53.44,都市：住
RPXOMLNLRHJFFBH66CB,普義段,60.61,都市：住
RPQPMLNLRHJFFBH68CB,普義段,51.26,都市：住
RPRPMLNLRHJFFBH78CB,普義段,54.22,都市：住
RPVPMLNLRHJFFBH56CB,普義段,53.44,都市：住
RPWPMLNLRHJFFBH66CB,普義段,52.04,都市：住
RPOQMLNLRHJFFBH58CB,普義段,54.22,都市：住
RPUPMLNLRHJFFBH09CB,普義段,60.29,都市：住
RPQQMLNLRHJFFBH78CB,普義段,54.22,都市：住
RPRQMLNLRHJFFBH88CB,普義段,54.22,都市：住
RPTQMLNLRHJFFBH09CB,普義段,54.22,都市：住
RPORMLNLRHJFFBH68CB,普義段,54.22,都市：住
RPXQMLNLRHJFFBH86CB,普義段,53.44,都市：住
RPUQMLNLRHJFFBH56CB,普義段,54.22,都市：住
RPRRMLNLRHJFFBH98CB,普義段,55.78,都市：住
RPWQMLNLRHJFFBH76CB,普義段,54.22,都市：住
RPOPMLNLRHJFFBH48CB,普義段,53.44,都市：住
RPQRMLNLRHJFFBH88CB,普義段,54.22,都市：住
RPPRMLNLRHJFFBH78CB,普義段,52.82,都市：住
RPSQMLNLRHJFFBH98CB,普義段,54.22,都市：住
RPURMLNLRHJFFBH66CB,普義段,54.22,都市：住
RPTRMLNLRHJFFBH56CB,普義段,53.44,都市：住
RPSRMLNLRHJFFBH09CB,普義段,54.22,都市：住
RPXRMLNLRHJFFBH96CB,普義段,63.41,都市：住
RPWRMLNLRHJFFBH86CB,普義段,53.44,都市：住
RPOSMLNLRHJFFBH78CB,普義段,52.04,都市：住
RPOPMLLJIIJFFFH67CB,福興段,41.71,都市：住
RPVOMLLJIIJFFFH28CB,福興段,41.71,都市：住
RPWPMLLJIIJFFFH48CB,福興段,20.28,都市：住
RPXPMLLJIIJFFFH58CB,福興段,20.86,都市：住
RPPQMLLJIIJFFFH87CB,福興段,20.86,都市：住
RPVPMLLJIIJFFFH38CB,福興段,20.28,都市：住
RPUPMLLJIIJFFFH28CB,福興段,20.86,都市：住
RPSPMLLJIIJFFFH08CB,福興段,41.13,都市：住
RPOQMLLJIIJFFFH77CB,福興段,20.86,都市：住
RPRQMLLJIIJFFFH08CB,福興段,27.81,都市：住
RPQQMLLJIIJFFFH97CB,福興段,26.65,都市：住
RPTPMLLJIIJFFFH18CB,福興段,20.28,都市：住
RPVQMLLJIIJFFFH48CB,福興段,27.81,都市：住
RPSQMLLJIIJFFFH18CB,福興段,27.81,都市：住
RPTQMLLJIIJFFFH28CB,福興段,27.81,都市：住
RPXQMLLJIIJFFFH68CB,福興段,27.81,都市：住
RPRRMLLJIIJFFFH18CB,福興段,28.97,都市：住
RPSRMLLJIIJFFFH28CB,福興段,28.97,都市：住
RPPRMLLJIIJFFFH97CB,福興段,27.81,都市：住
RPORMLLJIIJFFFH87CB,福興段,27.81,都市：住
RPTRMLLJIIJFFFH38CB,福興段,28.97,都市：住
RPQRMLLJIIJFFFH08CB,福興段,27.81,都市：住
RPWNMLMJIIJFFFH38CB,福興段,28.97,都市：住
RPUNMLMJIIJFFFH18CB,福興段,28.97,都市：住
RPXNMLMJIIJFFFH48CB,福興段,28.97,都市：住
RPVNMLMJIIJFFFH28CB,福興段,28.97,都市：住
RPWOMLMJIIJFFFH48CB,福興段,29.55,都市：住
RPVOMLMJIIJFFFH38CB,福興段,28.97,都市：住
RPUOMLMJIIJFFFH28CB,福興段,28.97,都市：住
RPSOMLMJIIJFFFH08CB,福興段,28.97,都市：住
RPQOMLMJIIJFFFH87CB,福興段,28.97,都市：住
RPSPMLMJIIJFFFH18CB,福興段,29.55,都市：住
RPPPMLMJIIJFFFH87CB,福興段,29.55,都市：住
RPRPMLMJIIJFFFH08CB,福興段,29.55,都市：住
RPOQMLMJIIJFFFH87CB,福興段,29.55,都市：住
RPPQMLMJIIJFFFH97CB,福興段,29.55,都市：住
RPROMLMJIIJFFFH97CB,福興段,28.97,都市：住
RPQPMLMJIIJFFFH97CB,福興段,29.55,都市：住
RPUPMLMJIIJFFFH38CB,福興段,29.55,都市：住
RPQQMLMJIIJFFFH08CB,福興段,29.55,都市：住
RPWPMLMJIIJFFFH58CB,福興段,29.55,都市：住
RPWQMLMJIIJFFFH68CB,福興段,22.59,都市：住
RPSQMLMJIIJFFFH28CB,福興段,22.02,都市：住
RPSRMLMJIIJFFFH38CB,福興段,36.50,都市：住
RPRQMLMJIIJFFFH18CB,福興段,29.55,都市：住
RPRRMLMJIIJFFFH28CB,福興段,36.50,都市：住
RPQRMLMJIIJFFFH18CB,福興段,36.50,都市：住
RPORMLMJIIJFFFH97CB,福興段,22.59,都市：住
RPXQMLMJIIJFFFH78CB,福興段,22.59,都市：住
RPTRMLMJIIJFFFH48CB,福興段,36.50,都市：住
RPVRMLMJIIJFFFH68CB,福興段,36.50,都市：住
RPWRMLMJIIJFFFH78CB,福興段,36.50,都市：住
RPOSMLMJIIJFFFH08CB,福興段,36.50,都市：住
RPPRMLMJIIJFFFH08CB,福興段,22.59,都市：住
RPURMLMJIIJFFFH58CB,福興段,36.50,都市：住
RPPSMLMJIIJFFFH18CB,福興段,20.28,都市：住
RPXRMLMJIIJFFFH88CB,福興段,36.50,都市：住
RPQSMLMJIIJFFFH28CB,福興段,20.86,都市：住
RPVSMLMJIIJFFFH78CB,福興段,20.86,都市：住
RPSSMLMJIIJFFFH48CB,福興段,20.28,都市：住
RPWSMLMJIIJFFFH88CB,福興段,20.86,都市：住
RPSNMLMJIIJFFDH77CB,大金山下段大金山下小段,19.03,都市：住
RPXNMLMJIIJFFDH28CB,大金山下段大金山下小段,19.62,都市：住
RPQOMLMJIIJFFDH67CB,大金山下段大金山下小段,19.62,都市：住
RPUSMLMJIIJFFFH68CB,福興段,20.86,都市：住
RPTNMLMJIIJFFDH87CB,大金山下段大金山下小段,19.03,都市：住
RPVNMLMJIIJFFDH08CB,大金山下段大金山下小段,19.62,都市：住
RPUNMLMJIIJFFDH97CB,大金山下段大金山下小段,19.62,都市：住
RPTOMLMJIIJFFDH97CB,大金山下段大金山下小段,19.62,都市：住
RPPOMLMJIIJFFDH57CB,大金山下段大金山下小段,19.62,都市：住
RPWNMLMJIIJFFDH18CB,大金山下段大金山下小段,19.62,都市：住
RPROMLMJIIJFFDH77CB,大金山下段大金山下小段,19.62,都市：住
RPWOMLMJIIJFFDH28CB,大金山下段大金山下小段,26.69,都市：住
RPUOMLMJIIJFFDH08CB,大金山下段大金山下小段,26.81,都市：住
RPQPMLMJIIJFFDH77CB,大金山下段大金山下小段,26.69,都市：住
RPVOMLMJIIJFFDH18CB,大金山下段大金山下小段,27.10,都市：住
RPOOMLMJIIJFFDH47CB,大金山下段大金山下小段,19.62,都市：住
RPVPMLMJIIJFFDH28CB,大金山下段大金山下小段,26.69,都市：住
RPUPMLMJIIJFFDH18CB,大金山下段大金山下小段,26.69,都市：住
RPXOMLMJIIJFFDH38CB,大金山下段大金山下小段,26.69,都市：住
RPSPMLMJIIJFFDH97CB,大金山下段大金山下小段,26.69,都市：住
RPWPMLMJIIJFFDH38CB,大金山下段大金山下小段,26.69,都市：住
RPTPMLMJIIJFFDH08CB,大金山下段大金山下小段,26.69,都市：住
RPRQMLMJIIJFFDH97CB,大金山下段大金山下小段,27.28,都市：住
RPXPMLMJIIJFFDH48CB,大金山下段大金山下小段,27.28,都市：住
RPQQMLMJIIJFFDH87CB,大金山下段大金山下小段,27.28,都市：住
RPSQMLMJIIJFFDH08CB,大金山下段大金山下小段,27.28,都市：住
RPOQMLMJIIJFFDH67CB,大金山下段大金山下小段,27.28,都市：住
RPUQMLMJIIJFFDH28CB,大金山下段大金山下小段,27.28,都市：住
RPTQMLMJIIJFFDH18CB,大金山下段大金山下小段,27.22,都市：住
RPVQMLMJIIJFFDH38CB,大金山下段大金山下小段,27.28,都市：住
RPPQMLMJIIJFFDH77CB,大金山下段大金山下小段,27.28,都市：住
RPPRMLMJIIJFFDH87CB,大金山下段大金山下小段,27.28,都市：住
RPURMLMJIIJFFDH38CB,大金山下段大金山下小段,27.28,都市：住
RPXRMLMJIIJFFDH68CB,大金山下段大金山下小段,27.87,都市：住
RPRRMLMJIIJFFDH08CB,大金山下段大金山下小段,27.28,都市：住
RPWQMLMJIIJFFDH48CB,大金山下段大金山下小段,27.46,都市：住
RPTRMLMJIIJFFDH28CB,大金山下段大金山下小段,27.28,都市：住
RPXQMLMJIIJFFDH58CB,大金山下段大金山下小段,27.34,都市：住
RPORMLMJIIJFFDH77CB,大金山下段大金山下小段,27.28,都市：住
RPWRMLMJIIJFFDH58CB,大金山下段大金山下小段,27.28,都市：住
RPROMLNJIIJFFDH87CB,大金山下段大金山下小段,27.28,都市：住
RPUOMLNJIIJFFDH18CB,大金山下段大金山下小段,27.28,都市：住
RPOSMLMJIIJFFDH87CB,大金山下段大金山下小段,27.28,都市：住
RPPOMLNJIIJFFDH67CB,大金山下段大金山下小段,27.34,都市：住
RPWOMLNJIIJFFDH38CB,大金山下段大金山下小段,27.28,都市：住
RPUNMLQJIIJFFDH38CB,大金山下段大金山下小段,27.28,都市：住
RPXNMLQJIIJFFDH68CB,大金山下段大金山下小段,27.87,都市：住
RPPSMLMJIIJFFDH97CB,大金山下段大金山下小段,27.28,都市：住
RPQOMLNJIIJFFDH77CB,大金山下段大金山下小段,27.28,都市：住
RPOOMLQJIIJFFDH87CB,大金山下段大金山下小段,27.28,都市：住
RPQSMLMJIIJFFDH08CB,大金山下段大金山下小段,27.28,都市：住
RPPOMLQJIIJFFDH97CB,大金山下段大金山下小段,27.28,都市：住
RPQOMLQJIIJFFDH08CB,大金山下段大金山下小段,27.28,都市：住
RPVOMLQJIIJFFDH58CB,大金山下段大金山下小段,27.46,都市：住
RPROMLQJIIJFFDH18CB,大金山下段大金山下小段,27.28,都市：住
RPSOMLQJIIJFFDH28CB,大金山下段大金山下小段,27.28,都市：住
RPPPMLQJIIJFFDH08CB,大金山下段大金山下小段,27.28,都市：住
RPXOMLQJIIJFFDH78CB,大金山下段大金山下小段,27.28,都市：住
RPWOMLQJIIJFFDH68CB,大金山下段大金山下小段,27.34,都市：住
RPTOMLQJIIJFFDH38CB,大金山下段大金山下小段,27.28,都市：住
RPOPMLQJIIJFFDH97CB,大金山下段大金山下小段,27.28,都市：住
RPTPMLQJIIJFFDH48CB,大金山下段大金山下小段,27.87,都市：住
RPSPMLQJIIJFFDH38CB,大金山下段大金山下小段,27.28,都市：住
RPVPMLRJIIJFFDH78CB,大金山下段大金山下小段,19.86,都市：住
RPUPMLRJIIJFFDH68CB,大金山下段大金山下小段,19.86,都市：住
RPTPMLRJIIJFFDH58CB,大金山下段大金山下小段,19.86,都市：住
RPOQMLRJIIJFFDH18CB,大金山下段大金山下小段,19.86,都市：住
RPWPMLRJIIJFFDH88CB,大金山下段大金山下小段,19.86,都市：住
RPRPMLQJIIJFFDH28CB,大金山下段大金山下小段,27.28,都市：住
RPXPMLRJIIJFFDH98CB,大金山下段大金山下小段,19.86,都市：住
RPUPMLQJIIJFFDH58CB,大金山下段大金山下小段,27.28,都市：住
RPTQMLRJIIJFFDH68CB,大金山下段大金山下小段,19.03,都市：住
RPRQMLRJIIJFFDH48CB,大金山下段大金山下小段,19.86,都市：住
RPVQMLRJIIJFFDH88CB,大金山下段大金山下小段,19.03,都市：住
RPPQMLRJIIJFFDH28CB,大金山下段大金山下小段,19.86,都市：住
RPPRMLRJIIJFFDH38CB,大金山下段大金山下小段,19.03,都市：住
RPORMLRJIIJFFDH28CB,大金山下段大金山下小段,19.03,都市：住
RPWQMLRJIIJFFDH98CB,大金山下段大金山下小段,19.03,都市：住
RPSQMLRJIIJFFDH58CB,大金山下段大金山下小段,19.03,都市：住
RPUQMLRJIIJFFDH78CB,大金山下段大金山下小段,19.03,都市：住
RPQRMLRJIIJFFDH48CB,大金山下段大金山下小段,19.03,都市：住
RPXQMLRJIIJFFDH09CB,大金山下段大金山下小段,19.03,都市：住
RPQQMLRJIIJFFDH38CB,大金山下段大金山下小段,19.86,都市：住
RPPSMLRJIIJFFDH48CB,大金山下段大金山下小段,19.50,都市：住
RPWRMLRJIIJFFDH09CB,大金山下段大金山下小段,19.50,都市：住
RPSRMLRJIIJFFDH68CB,大金山下段大金山下小段,19.62,都市：住
RPTSMLRJIIJFFDH88CB,大金山下段大金山下小段,27.28,都市：住
RPVRMLRJIIJFFDH98CB,大金山下段大金山下小段,19.50,都市：住
RPQSMLRJIIJFFDH58CB,大金山下段大金山下小段,19.50,都市：住
RPURMLRJIIJFFDH88CB,大金山下段大金山下小段,19.50,都市：住
RPTRMLRJIIJFFDH78CB,大金山下段大金山下小段,19.62,都市：住
RPXRMLRJIIJFFDH56CB,大金山下段大金山下小段,19.50,都市：住
RPOSMLRJIIJFFDH38CB,大金山下段大金山下小段,19.50,都市：住
RPUSMLRJIIJFFDH98CB,大金山下段大金山下小段,26.69,都市：住
RPWSMLRJIIJFFDH56CB,大金山下段大金山下小段,26.69,都市：住
RPVSMLRJIIJFFDH09CB,大金山下段大金山下小段,26.69,都市：住
RPQNMLTJIIJFFDH28CB,大金山下段大金山下小段,26.69,都市：住
RPXNMLTJIIJFFDH98CB,大金山下段大金山下小段,27.28,都市：住
RPWNMLTJIIJFFDH88CB,大金山下段大金山下小段,27.28,都市：住
RPVOMLTJIIJFFDH88CB,大金山下段大金山下小段,19.86,都市：住
RPQOMLTJIIJFFDH38CB,大金山下段大金山下小段,19.86,都市：住
RPTNMLTJIIJFFDH58CB,大金山下段大金山下小段,26.69,都市：住
RPTOMLTJIIJFFDH68CB,大金山下段大金山下小段,19.86,都市：住
RPROMLTJIIJFFDH48CB,大金山下段大金山下小段,19.86,都市：住
RPSNMLTJIIJFFDH48CB,大金山下段大金山下小段,26.69,都市：住
RPPPMLTJIIJFFDH38CB,大金山下段大金山下小段,19.86,都市：住
RPOPMLTJIIJFFDH28CB,大金山下段大金山下小段,19.86,都市：住
RPPOMLTJIIJFFDH28CB,大金山下段大金山下小段,26.69,都市：住
RPTPMLTJIIJFFDH78CB,大金山下段大金山下小段,19.03,都市：住
RPRPMLTJIIJFFDH58CB,大金山下段大金山下小段,19.86,都市：住
RPUPMLTJIIJFFDH88CB,大金山下段大金山下小段,19.03,都市：住
RPSPMLTJIIJFFDH68CB,大金山下段大金山下小段,19.86,都市：住
RPVPMLTJIIJFFDH98CB,大金山下段大金山下小段,19.03,都市：住
RPOQMLTJIIJFFDH38CB,大金山下段大金山下小段,19.03,都市：住
RPPQMLTJIIJFFDH48CB,大金山下段大金山下小段,19.03,都市：住
RPXOMLTJIIJFFDH09CB,大金山下段大金山下小段,19.86,都市：住
RPWPMLTJIIJFFDH09CB,大金山下段大金山下小段,19.03,都市：住
RPXQMLTJIIJFFDH66CB,大金山下段大金山下小段,19.62,都市：住
RPSQMLTJIIJFFDH78CB,大金山下段大金山下小段,19.03,都市：住
RPORMLTJIIJFFDH48CB,大金山下段大金山下小段,19.62,都市：住
RPPRMLTJIIJFFDH58CB,大金山下段大金山下小段,19.50,都市：住
RPRQMLTJIIJFFDH68CB,大金山下段大金山下小段,19.03,都市：住
RPQRMLTJIIJFFDH68CB,大金山下段大金山下小段,19.50,都市：住
RPSRMLTJIIJFFDH88CB,大金山下段大金山下小段,19.50,都市：住
RPTQMLTJIIJFFDH88CB,大金山下段大金山下小段,19.62,都市：住
RPTRMLTJIIJFFDH98CB,大金山下段大金山下小段,19.50,都市：住
RPWRMLTJIIJFFDH66CB,大金山下段大金山下小段,19.50,都市：住
RPVRMLTJIIJFFDH56CB,大金山下段大金山下小段,19.50,都市：住
RPOSMLTJIIJFFDH58CB,大金山下段大金山下小段,26.69,都市：住
RPXRMLTJIIJFFDH76CB,大金山下段大金山下小段,19.50,都市：住
RPRSMLTJIIJFFDH88CB,大金山下段大金山下小段,26.69,都市：住
RPPSMLTJIIJFFDH68CB,大金山下段大金山下小段,26.69,都市：住
RPXSMLTJIIJFFDH86CB,大金山下段大金山下小段,27.28,都市：住
RPQSMLTJIIJFFDH78CB,大金山下段大金山下小段,26.69,都市：住
RPWSMLTJIIJFFDH76CB,大金山下段大金山下小段,27.28,都市：住
RPSSMLTJIIJFFDH98CB,大金山下段大金山下小段,26.69,都市：住
RPTSMLTJIIJFFDH09CB,大金山下段大金山下小段,26.69,都市：住
RPUSMLTJIIJFFDH56CB,大金山下段大金山下小段,27.28,都市：住
RPRRMLTJIIJFFDH78CB,大金山下段大金山下小段,19.50,都市：住
RPXOMLOKIIJFFDH68CB,大金山下段大金山下小段,27.28,都市：住
RPVSMLTJIIJFFDH66CB,大金山下段大金山下小段,27.28,都市：住
RPTOMLOKIIJFFDH28CB,大金山下段大金山下小段,27.28,都市：住
RPSOMLOKIIJFFDH18CB,大金山下段大金山下小段,27.34,都市：住
RPWOMLOKIIJFFDH58CB,大金山下段大金山下小段,27.28,都市：住
RPVOMLOKIIJFFDH48CB,大金山下段大金山下小段,27.28,都市：住
RPUOMLOKIIJFFDH38CB,大金山下段大金山下小段,27.28,都市：住
RPOPMLOKIIJFFDH87CB,大金山下段大金山下小段,27.87,都市：住
RPVPMLOKIIJFFDH58CB,大金山下段大金山下小段,27.28,都市：住
RPPPMLOKIIJFFDH97CB,大金山下段大金山下小段,27.87,都市：住
RPWPMLOKIIJFFDH68CB,大金山下段大金山下小段,27.28,都市：住
RPQPMLOKIIJFFDH08CB,大金山下段大金山下小段,27.28,都市：住
RPTPMLOKIIJFFDH38CB,大金山下段大金山下小段,27.35,都市：住
RPSPMLOKIIJFFDH28CB,大金山下段大金山下小段,27.46,都市：住
RPXPMLOKIIJFFDH78CB,大金山下段大金山下小段,27.28,都市：住
RPRPMLOKIIJFFDH18CB,大金山下段大金山下小段,27.28,都市：住
RPUPMLOKIIJFFDH48CB,大金山下段大金山下小段,27.28,都市：住
RPPQMLOKIIJFFDH08CB,大金山下段大金山下小段,27.87,都市：住
RPUQMLOKIIJFFDH58CB,大金山下段大金山下小段,27.28,都市：住
RPQQMLOKIIJFFDH18CB,大金山下段大金山下小段,27.87,都市：住
RPOQMLOKIIJFFDH97CB,大金山下段大金山下小段,27.28,都市：住
RPRQMLOKIIJFFDH28CB,大金山下段大金山下小段,27.28,都市：住
RPSQMLOKIIJFFDH38CB,大金山下段大金山下小段,27.28,都市：住
RPSRMLOKIIJFFDH48CB,大金山下段大金山下小段,27.28,都市：住
RPWQMLOKIIJFFDH78CB,大金山下段大金山下小段,27.28,都市：住
RPQRMLOKIIJFFDH28CB,大金山下段大金山下小段,27.28,都市：住
RPXQMLOKIIJFFDH88CB,大金山下段大金山下小段,27.28,都市：住
RPPSMLOKIIJFFDH28CB,大金山下段大金山下小段,27.28,都市：住
RPXRMLOKIIJFFDH98CB,大金山下段大金山下小段,27.86,都市：住
RPWRMLOKIIJFFDH88CB,大金山下段大金山下小段,27.87,都市：住
RPVRMLOKIIJFFDH78CB,大金山下段大金山下小段,27.28,都市：住
RPOSMLOKIIJFFDH18CB,大金山下段大金山下小段,27.87,都市：住
RPQSMLOKIIJFFDH38CB,大金山下段大金山下小段,27.46,都市：住
RPSSMLOKIIJFFDH58CB,大金山下段大金山下小段,27.28,都市：住
RPRSMLOKIIJFFDH48CB,大金山下段大金山下小段,27.34,都市：住
RPVSMLOKIIJFFDH88CB,大金山下段大金山下小段,27.28,都市：住
RPUSMLOKIIJFFDH78CB,大金山下段大金山下小段,27.28,都市：住
RPSTMLOKIIJFFDH68CB,大金山下段大金山下小段,19.74,都市：住
RPUTMLOKIIJFFDH88CB,大金山下段大金山下小段,19.74,都市：住
RPRTMLOKIIJFFDH58CB,大金山下段大金山下小段,27.28,都市：住
RPPTMLOKIIJFFDH38CB,大金山下段大金山下小段,27.87,都市：住
RPWSMLOKIIJFFDH98CB,大金山下段大金山下小段,27.28,都市：住
RPQTMLOKIIJFFDH48CB,大金山下段大金山下小段,27.28,都市：住
RPTSMLOKIIJFFDH68CB,大金山下段大金山下小段,27.28,都市：住
RPTTMLOKIIJFFDH78CB,大金山下段大金山下小段,19.74,都市：住
RPVTMLOKIIJFFDH98CB,大金山下段大金山下小段,19.74,都市：住
RPOTMLOKIIJFFDH28CB,大金山下段大金山下小段,27.28,都市：住
RPQUMLOKIIJFFDH58CB,大金山下段大金山下小段,19.74,都市：住
RPPUMLOKIIJFFDH48CB,大金山下段大金山下小段,19.74,都市：住
RPTUMLOKIIJFFDH88CB,大金山下段大金山下小段,19.27,都市：住
RPOUMLOKIIJFFDH38CB,大金山下段大金山下小段,19.74,都市：住
RPUUMLOKIIJFFDH98CB,大金山下段大金山下小段,19.03,都市：住
RPXSMLOKIIJFFDH09CB,大金山下段大金山下小段,27.28,都市：住
RPXTMLOKIIJFFDH56CB,大金山下段大金山下小段,19.74,都市：住
RPWTMLOKIIJFFDH09CB,大金山下段大金山下小段,19.74,都市：住
RPWUMLOKIIJFFDH56CB,大金山下段大金山下小段,19.03,都市：住
RPOVMLOKIIJFFDH48CB,大金山下段大金山下小段,19.03,都市：住
RPTVMLOKIIJFFDH98CB,大金山下段大金山下小段,19.03,都市：住
RPXUMLOKIIJFFDH66CB,大金山下段大金山下小段,19.03,都市：住
RPQVMLOKIIJFFDH68CB,大金山下段大金山下小段,19.03,都市：住
RPSVMLOKIIJFFDH88CB,大金山下段大金山下小段,19.03,都市：住
RPPVMLOKIIJFFDH58CB,大金山下段大金山下小段,19.03,都市：住
RPUVMLOKIIJFFDH09CB,大金山下段大金山下小段,19.62,都市：住
RPVVMLOKIIJFFDH56CB,大金山下段大金山下小段,19.62,都市：住
RPRVMLOKIIJFFDH78CB,大金山下段大金山下小段,19.03,都市：住
RPWVMLOKIIJFFDH66CB,大金山下段大金山下小段,19.62,都市：住
RPXVMLOKIIJFFDH76CB,大金山下段大金山下小段,19.62,都市：住
RPWNMLPKIIJFFDH58CB,大金山下段大金山下小段,26.81,都市：住
RPRNMLPKIIJFFDH08CB,大金山下段大金山下小段,19.62,都市：住
RPVNMLPKIIJFFDH48CB,大金山下段大金山下小段,19.62,都市：住
RPOOMLPKIIJFFDH87CB,大金山下段大金山下小段,26.69,都市：住
RPXNMLPKIIJFFDH68CB,大金山下段大金山下小段,26.69,都市：住
RPSNMLPKIIJFFDH18CB,大金山下段大金山下小段,19.62,都市：住
RPTNMLPKIIJFFDH28CB,大金山下段大金山下小段,19.62,都市：住
RPUNMLPKIIJFFDH38CB,大金山下段大金山下小段,19.62,都市：住
RPPOMLPKIIJFFDH97CB,大金山下段大金山下小段,26.69,都市：住
RPROMLPKIIJFFDH18CB,大金山下段大金山下小段,27.28,都市：住
RPQOMLPKIIJFFDH08CB,大金山下段大金山下小段,26.69,都市：住
RPTOMLPKIIJFFDH38CB,大金山下段大金山下小段,26.69,都市：住
RPVOMLPKIIJFFDH58CB,大金山下段大金山下小段,26.69,都市：住
RPUOMLPKIIJFFDH48CB,大金山下段大金山下小段,26.69,都市：住
RPOPMLPKIIJFFDH97CB,大金山下段大金山下小段,19.68,都市：商
RPPPMLPKIIJFFDH08CB,大金山下段大金山下小段,19.68,都市：住
RPSPMLPKIIJFFDH38CB,大金山下段大金山下小段,27.28,都市：住
RPSOMLPKIIJFFDH28CB,大金山下段大金山下小段,27.28,都市：住
RPQPMLPKIIJFFDH18CB,大金山下段大金山下小段,19.86,都市：住
RPRPMLPKIIJFFDH28CB,大金山下段大金山下小段,19.62,都市：商
RPWOMLPKIIJFFDH68CB,大金山下段大金山下小段,19.62,都市：住
RPXOMLPKIIJFFDH78CB,大金山下段大金山下小段,20.45,都市：住
RPTPMLPKIIJFFDH48CB,大金山下段大金山下小段,27.04,都市：商
RPRNMLRKIIJFFFH48CB,福興段,27.23,都市：住
RPQNMLRKIIJFFFH38CB,福興段,27.81,都市：住
RPOPMLQKIIJFFFH28CB,福興段,28.97,都市：住
RPOOMLQKIIJFFFH18CB,福興段,41.71,都市：住
RPVPMLPKIIJFFDH68CB,大金山下段大金山下小段,27.04,都市：商
RPROMLQKIIJFFFH48CB,福興段,28.97,都市：住
RPUNMLRKIIJFFFH78CB,福興段,27.81,都市：住
RPSOMLRKIIJFFFH68CB,福興段,29.55,都市：住
RPTNMLRKIIJFFFH68CB,福興段,27.81,都市：住
RPPOMLRKIIJFFFH38CB,福興段,29.55,都市：住
RPVNMLRKIIJFFFH88CB,福興段,27.81,都市：住
RPQOMLRKIIJFFFH48CB,福興段,29.55,都市：住
RPTOMLRKIIJFFFH78CB,福興段,29.55,都市：住
RPXNMLRKIIJFFFH09CB,福興段,27.81,都市：住
RPXOMLRKIIJFFFH56CB,福興段,28.39,都市：住
RPUOMLRKIIJFFFH88CB,福興段,28.39,都市：住
RPOPMLRKIIJFFFH38CB,福興段,28.39,都市：住
RPPPMLRKIIJFFFH48CB,福興段,28.39,都市：住
RPRPMLRKIIJFFFH68CB,福興段,35.92,都市：住
RPQPMLRKIIJFFFH58CB,福興段,28.39,都市：住
RPVOMLKLIIJFFFH38CB,福興段,36.50,都市：住
RPROMLKLIIJFFFH97CB,福興段,35.92,都市：住
RPSOMLKLIIJFFFH08CB,福興段,35.92,都市：住
RPXRMLKLIIJFFEH78CB,河底段,27.06,都市：住
RPWRMLKLIIJFFEH68CB,河底段,31.81,都市：住
RPPSMLKLIIJFFEH08CB,河底段,31.81,都市：住
RPQOMLKLIIJFFFH87CB,福興段,35.92,都市：住
RPOSMLKLIIJFFEH97CB,河底段,28.94,都市：住
RPWSMLKLIIJFFEH78CB,河底段,30.20,都市：住
RPUSMLKLIIJFFEH58CB,河底段,27.27,都市：住
RPRSMLKLIIJFFEH28CB,河底段,29.92,都市：住
RPQSMLKLIIJFFEH18CB,河底段,31.18,都市：住
RPTSMLKLIIJFFEH48CB,河底段,30.20,都市：住
RPOOMLRKIIJFFFH28CB,福興段,29.55,都市：住
RPSSMLKLIIJFFEH38CB,河底段,32.23,都市：住
RPVSMLKLIIJFFEH68CB,河底段,31.81,都市：住
RPPTMLKLIIJFFEH18CB,河底段,27.06,都市：住
RPXTMLKLIIJFFEH98CB,河底段,27.27,都市：住
RPOUMLKLIIJFFEH18CB,河底段,29.29,都市：住
RPWTMLKLIIJFFEH88CB,河底段,31.81,都市：住
RPSUMLKLIIJFFEH58CB,河底段,32.16,都市：住
RPQUMLKLIIJFFEH38CB,河底段,31.81,都市：住
RPTTMLKLIIJFFEH58CB,河底段,30.13,都市：住
RPPUMLKLIIJFFEH28CB,河底段,30.20,都市：住
RPRTMLKLIIJFFEH38CB,河底段,27.20,都市：住
RPVUMLKLIIJFFEH88CB,河底段,28.66,都市：住
RPWUMLKLIIJFFEH98CB,河底段,28.59,都市：住
RPRUMLKLIIJFFEH48CB,河底段,32.16,都市：住
RPSVMLKLIIJFFEH68CB,河底段,30.20,都市：住
RPUUMLKLIIJFFEH78CB,河底段,20.62,都市：住
RPQVMLKLIIJFFEH48CB,河底段,31.81,都市：住
RPTVMLKLIIJFFEH78CB,河底段,31.18,都市：住
RPPVMLKLIIJFFEH38CB,河底段,27.20,都市：住
RPOWMLKLIIJFFEH38CB,河底段,30.20,都市：住
RPTUMLKLIIJFFEH68CB,河底段,28.59,都市：住
RPXUMLKLIIJFFEH09CB,河底段,29.92,都市：住
RPUVMLKLIIJFFEH88CB,河底段,31.11,都市：住
RPWVMLKLIIJFFEH09CB,河底段,28.66,都市：住
RPOVMLKLIIJFFEH28CB,河底段,28.24,都市：住
RPPWMLKLIIJFFEH48CB,河底段,27.55,都市：住
RPVVMLKLIIJFFEH98CB,河底段,31.18,都市：住
RPSWMLKLIIJFFEH78CB,河底段,30.20,都市：住
RPRWMLKLIIJFFEH68CB,河底段,30.13,都市：住
RPVWMLKLIIJFFEH09CB,河底段,30.20,都市：住
RPQWMLKLIIJFFEH58CB,河底段,30.20,都市：住
RPTWMLKLIIJFFEH88CB,河底段,30.20,都市：住
RPPNNLKLIIJFFEH67CB,河底段,27.27,都市：住
RPWWMLKLIIJFFEH56CB,河底段,30.20,都市：住
RPUWMLKLIIJFFEH98CB,河底段,30.20,都市：住
RPQNNLKLIIJFFEH77CB,河底段,27.20,都市：住
RPSNNLKLIIJFFEH97CB,河底段,27.20,都市：住
RPONNLKLIIJFFEH57CB,河底段,27.20,都市：住
RPTNNLKLIIJFFEH08CB,河底段,27.20,都市：住
RPRNNLKLIIJFFEH87CB,河底段,24.61,都市：住
RPVNNLKLIIJFFEH28CB,河底段,27.27,都市：住
RPWNNLKLIIJFFEH38CB,河底段,27.27,都市：住
RPOONLKLIIJFFEH67CB,河底段,27.27,都市：住
RPXNNLKLIIJFFEH48CB,河底段,27.27,都市：住
RPQONLKLIIJFFEH87CB,河底段,27.20,都市：住
RPUNNLKLIIJFFEH18CB,河底段,27.20,都市：住
RPRONLKLIIJFFEH97CB,河底段,27.20,都市：住
RPSONLKLIIJFFEH08CB,河底段,27.20,都市：住
RPPONLKLIIJFFEH77CB,河底段,27.20,都市：住
RPTONLKLIIJFFEH18CB,河底段,24.75,都市：住
RPUONLKLIIJFFEH28CB,河底段,24.68,都市：住
RPVONLKLIIJFFEH38CB,河底段,27.20,都市：住
RPRPNLKLIIJFFEH08CB,河底段,27.20,都市：住
RPVPNLKLIIJFFEH48CB,河底段,27.27,都市：住
RPSPNLKLIIJFFEH18CB,河底段,27.20,都市：住
RPQPNLKLIIJFFEH97CB,河底段,27.27,都市：住
RPWONLKLIIJFFEH48CB,河底段,27.20,都市：住
RPPPNLKLIIJFFEH87CB,河底段,27.20,都市：住
RPUPNLKLIIJFFEH38CB,河底段,27.20,都市：住
RPOPNLKLIIJFFEH77CB,河底段,27.20,都市：住
RPTPNLKLIIJFFEH28CB,河底段,27.27,都市：住
RPXONLKLIIJFFEH58CB,河底段,27.20,都市：住
RPWPNLKLIIJFFEH58CB,河底段,24.75,都市：住
RPXPNLKLIIJFFEH68CB,河底段,27.27,都市：住
RPSQNLKLIIJFFEH28CB,河底段,29.92,都市：住
RPTQNLKLIIJFFEH38CB,河底段,29.92,都市：住
RPWQNLKLIIJFFEH68CB,河底段,27.27,都市：住
RPVQNLKLIIJFFEH58CB,河底段,29.92,都市：住
RPUQNLKLIIJFFEH48CB,河底段,29.92,都市：住
RPRQNLKLIIJFFEH18CB,河底段,27.48,都市：住
RPOQNLKLIIJFFEH87CB,河底段,27.20,都市：住
RPPQNLKLIIJFFEH97CB,河底段,27.20,都市：住
RPQQNLKLIIJFFEH08CB,河底段,27.20,都市：住
RPXQNLKLIIJFFEH78CB,河底段,29.99,都市：住
RPPRNLKLIIJFFEH08CB,河底段,29.92,都市：住
RPQRNLKLIIJFFEH18CB,河底段,29.92,都市：住
RPORNLKLIIJFFEH97CB,河底段,29.92,都市：住
RPURNLKLIIJFFEH58CB,河底段,28.59,都市：住
RPXRNLKLIIJFFEH88CB,河底段,28.66,都市：住
RPOSNLKLIIJFFEH08CB,河底段,31.18,都市：住
RPSSNLKLIIJFFEH48CB,河底段,21.95,都市：住
RPTRNLKLIIJFFEH48CB,河底段,26.01,都市：住
RPRRNLKLIIJFFEH28CB,河底段,29.92,都市：住
RPSRNLKLIIJFFEH38CB,河底段,28.59,都市：住
RPQSNLKLIIJFFEH28CB,河底段,31.18,都市：住
RPWRNLKLIIJFFEH78CB,河底段,28.59,都市：住
RPUSNLKLIIJFFEH68CB,河底段,31.18,都市：住
RPXSNLKLIIJFFEH98CB,河底段,31.18,都市：住
RPVSNLKLIIJFFEH78CB,河底段,31.25,都市：住
RPPTNLKLIIJFFEH28CB,河底段,32.16,都市：住
RPUTNLKLIIJFFEH78CB,河底段,32.16,都市：住
RPVTNLKLIIJFFEH88CB,河底段,32.16,都市：住
RPQTNLKLIIJFFEH38CB,河底段,31.81,都市：住
RPRTNLKLIIJFFEH48CB,河底段,32.16,都市：住
RPTTNLKLIIJFFEH68CB,河底段,32.16,都市：住
RPOTNLKLIIJFFEH18CB,河底段,32.16,都市：住
RPWTNLKLIIJFFEH98CB,河底段,32.16,都市：住
RPVRNLKLIIJFFEH68CB,河底段,28.59,都市：住
RPSTNLKLIIJFFEH58CB,河底段,32.16,都市：住
RPQUNLKLIIJFFEH48CB,河底段,31.81,都市：住
RPRUNLKLIIJFFEH58CB,河底段,31.81,都市：住
RPOUNLKLIIJFFEH28CB,河底段,32.16,都市：住
RPXTNLKLIIJFFEH09CB,河底段,32.16,都市：住
RPTUNLKLIIJFFEH78CB,河底段,31.81,都市：住
RPPUNLKLIIJFFEH38CB,河底段,31.81,都市：住
RPSUNLKLIIJFFEH68CB,河底段,31.81,都市：住
RPVUNLKLIIJFFEH98CB,河底段,31.81,都市：住
RPQVNLKLIIJFFEH58CB,河底段,30.20,都市：住
RPXUNLKLIIJFFEH56CB,河底段,31.74,都市：住
RPUUNLKLIIJFFEH88CB,河底段,31.81,都市：住
RPWUNLKLIIJFFEH09CB,河底段,31.81,都市：住
RPOVNLKLIIJFFEH38CB,河底段,30.20,都市：住
RPPVNLKLIIJFFEH48CB,河底段,27.55,都市：住
RPUVNLKLIIJFFEH98CB,河底段,30.13,都市：住
RPSVNLKLIIJFFEH78CB,河底段,30.20,都市：住
RPWVNLKLIIJFFEH56CB,河底段,30.20,都市：住
RPVVNLKLIIJFFEH09CB,河底段,30.20,都市：住
RPOWNLKLIIJFFEH48CB,河底段,27.27,都市：住
RPRVNLKLIIJFFEH68CB,河底段,30.20,都市：住
RPPWNLKLIIJFFEH58CB,河底段,27.20,都市：住
RPRWNLKLIIJFFEH78CB,河底段,27.20,都市：住
RPTVNLKLIIJFFEH88CB,河底段,30.20,都市：住
RPXVNLKLIIJFFEH66CB,河底段,30.20,都市：住
RPSWNLKLIIJFFEH88CB,河底段,27.20,都市：住
RPTWNLKLIIJFFEH98CB,河底段,27.27,都市：住
RPUWNLKLIIJFFEH09CB,河底段,27.20,都市：住
RPQWNLKLIIJFFEH68CB,河底段,27.27,都市：住
RPWWNLKLIIJFFEH66CB,河底段,27.20,都市：住
RPQNOLKLIIJFFEH87CB,河底段,27.20,都市：住
RPPNOLKLIIJFFEH77CB,河底段,24.75,都市：住
RPRNOLKLIIJFFEH97CB,河底段,27.27,都市：住
RPVWNLKLIIJFFEH56CB,河底段,24.68,都市：住
RPSNOLKLIIJFFEH08CB,河底段,27.20,都市：住
RPSNMLLLIIJFFEH97CB,河底段,27.27,都市：住
RPONOLKLIIJFFEH67CB,河底段,27.27,都市：住
RPTNMLLLIIJFFEH08CB,河底段,27.27,都市：住
RPXWNLKLIIJFFEH76CB,河底段,27.27,都市：住
RPWNMLLLIIJFFEH38CB,河底段,27.27,都市：住
RPUOMLLLIIJFFEH28CB,河底段,21.81,都市：住
RPVOMLLLIIJFFEH38CB,河底段,27.20,都市：住
RPTOMLLLIIJFFEH18CB,河底段,18.60,都市：住
RPROMLLLIIJFFEH97CB,河底段,27.48,都市：住
RPSOMLLLIIJFFEH08CB,河底段,27.20,都市：住
RPWOMLLLIIJFFEH48CB,河底段,24.82,都市：住
RPXNMLLLIIJFFEH48CB,河底段,30.20,都市：住
RPXOMLLLIIJFFEH58CB,河底段,27.27,都市：住
RPPOMLLLIIJFFEH77CB,河底段,30.20,都市：住
RPOOMLLLIIJFFEH67CB,河底段,30.20,都市：住
RPSPMLLLIIJFFEH18CB,河底段,27.27,都市：住
RPTPMLLLIIJFFEH28CB,河底段,27.20,都市：住
RPOQMLLLIIJFFEH87CB,河底段,30.20,都市：住
RPWPMLLLIIJFFEH58CB,河底段,24.68,都市：住
RPXPMLLLIIJFFEH68CB,河底段,30.13,都市：住
RPOPMLLLIIJFFEH77CB,河底段,27.20,都市：住
RPPPMLLLIIJFFEH87CB,河底段,27.20,都市：住
RPQPMLLLIIJFFEH97CB,河底段,27.20,都市：住
RPQQMLLLIIJFFEH08CB,河底段,30.20,都市：住
RPRPMLLLIIJFFEH08CB,河底段,27.27,都市：住
RPUPMLLLIIJFFEH38CB,河底段,27.27,都市：住
RPPQMLLLIIJFFEH97CB,河底段,30.20,都市：住
RPSQMLLLIIJFFEH28CB,河底段,30.20,都市：住
RPRQMLLLIIJFFEH18CB,河底段,30.20,都市：住
RPQRMLLLIIJFFEH18CB,河底段,21.74,都市：住
RPWQMLLLIIJFFEH68CB,河底段,30.13,都市：住
RPUQMLLLIIJFFEH48CB,河底段,27.06,都市：住
RPVQMLLLIIJFFEH58CB,河底段,30.20,都市：住
RPSRMLLLIIJFFEH38CB,河底段,22.09,都市：住
RPTQMLLLIIJFFEH38CB,河底段,30.20,都市：住
RPTRMLLLIIJFFEH48CB,河底段,23.91,都市：住
RPXQMLLLIIJFFEH78CB,河底段,30.13,都市：住
RPVRMLLLIIJFFEH68CB,河底段,25.45,都市：住
RPPRMLLLIIJFFEH08CB,河底段,22.23,都市：住
RPWRMLLLIIJFFEH78CB,河底段,23.98,都市：住
RPURMLLLIIJFFEH58CB,河底段,26.64,都市：住
RPPSMLLLIIJFFEH18CB,河底段,20.06,都市：住
RPQSMLLLIIJFFEH28CB,河底段,20.76,都市：住
RPTSMLLLIIJFFEH58CB,河底段,31.18,都市：住
RPRSMLLLIIJFFEH38CB,河底段,20.27,都市：住
RPVSMLLLIIJFFEH78CB,河底段,31.81,都市：住
RPWSMLLLIIJFFEH88CB,河底段,31.11,都市：住
RPRRMLLLIIJFFEH28CB,河底段,22.02,都市：住
RPORMLLLIIJFFEH97CB,河底段,18.95,都市：住
RPXSMLLLIIJFFEH98CB,河底段,29.92,都市：住
RPUSMLLLIIJFFEH68CB,河底段,31.11,都市：住
RPWNMLMLIIJFFFH58CB,豐田段,30.22,都市：住
RPOTMLLLIIJFFEH18CB,河底段,29.85,都市：住
RPVNMLMLIIJFFFH48CB,豐田段,30.22,都市：住
RPXRMLLLIIJFFEH88CB,河底段,24.75,都市：住
RPUNMLMLIIJFFFH38CB,豐田段,31.66,都市：住
RPSNMLMLIIJFFFH18CB,豐田段,26.93,都市：住
RPXNMLMLIIJFFFH68CB,豐田段,30.22,都市：住
RPOOMLMLIIJFFFH87CB,豐田段,28.37,都市：住
RPROMLMLIIJFFFH18CB,豐田段,30.22,都市：住
RPPOMLMLIIJFFFH97CB,豐田段,30.42,都市：住
RPTOMLMLIIJFFFH38CB,豐田段,30.22,都市：住
RPUOMLMLIIJFFFH48CB,豐田段,26.93,都市：住
RPQOMLMLIIJFFFH08CB,豐田段,30.22,都市：住
RPVOMLMLIIJFFFH58CB,豐田段,26.93,都市：住
RPTPMLMLIIJFFFH48CB,豐田段,28.37,都市：住
RPRPMLMLIIJFFFH28CB,豐田段,26.72,都市：住
RPWPMLMLIIJFFFH78CB,豐田段,26.93,都市：住
RPVPMLMLIIJFFFH68CB,豐田段,31.66,都市：住
RPXOMLMLIIJFFFH78CB,豐田段,28.37,都市：住
RPQPMLMLIIJFFFH18CB,豐田段,31.66,都市：住
RPOQMLMLIIJFFFH08CB,豐田段,26.93,都市：住
RPUPMLMLIIJFFFH58CB,豐田段,28.37,都市：住
RPRQMLMLIIJFFFH38CB,豐田段,31.66,都市：住
RPPPMLMLIIJFFFH08CB,豐田段,26.93,都市：住
RPQQMLMLIIJFFFH28CB,豐田段,27.13,都市：住
RPPQMLMLIIJFFFH18CB,豐田段,26.93,都市：住
RPOPMLMLIIJFFFH97CB,豐田段,31.66,都市：住
RPXPMLMLIIJFFFH88CB,豐田段,31.86,都市：住
RPVQMLMLIIJFFFH78CB,豐田段,18.09,都市：住
RPSQMLMLIIJFFFH48CB,豐田段,26.93,都市：住
RPPRMLMLIIJFFFH28CB,豐田段,30.22,都市：住
RPUQMLMLIIJFFFH68CB,豐田段,30.22,都市：住
RPTQMLMLIIJFFFH58CB,豐田段,31.04,都市：住
RPORMLMLIIJFFFH18CB,豐田段,28.37,都市：住
RPOUMLRLIIJFFDH78CB,大金山下段大金山下小段,15.64,都市：住
RPRWMLRLIIJFFDH66CB,大金山下段大金山下小段,12.63,都市：住
RPXQMLMLIIJFFFH98CB,豐田段,28.57,都市：住
RPWQMLMLIIJFFFH88CB,豐田段,51.80,都市：住
RPSOMLSLIIJFFFH88CB,福興段,35.92,都市：住
RPVOMLSLIIJFFFH56CB,福興段,20.28,都市：住
RPWOMLSLIIJFFFH66CB,福興段,20.28,都市：住
RPXRMLMLIIJFFFH09CB,福興段,29.55,都市：住
