﻿編號,土地區段位置,土地移轉面積平方公尺,使用分區或編定
The serial number,land sector position,land shifting area square meter,the use zoning or compiles and checks
RPPOMLQLQHJFFBK09CC,華清段,.00,都市：住
RPQNMLNKQHJFFFK09CC,六合段,81.54,非都市： ; 非都市編定：
RPQNMLNKQHJFFFK09CC,六合段,23.47,非都市： ; 非都市編定：
RPVNMLOJRHJFFDK86CC,竹南段三小段,144.00,都市：其他
RPSNMLMJRHJFFDK09DC,立達段,93.48,都市：住
RPSNMLMJRHJFFDK09DC,立達段,93.48,都市：住
RPPNMLMKRHJFFBK68DC,苗栗段,30.00,都市：住
RPPNMLMKRHJFFBK68DC,苗栗段,30.00,都市：住
RPPNMLMKRHJFFBK68DC,苗栗段,23.00,都市：住
RPPNMLMKRHJFFBK68DC,苗栗段,20.00,都市：住
RPROMLPJQHJFFBK98CC,恭敬段,86.00,非都市：鄉村區 ; 非都市編定：乙種建築用地
RPXNMLPKRHJFFDK27CC,中興段中興小段,110.00,都市：住
RPPOMLPKRHJFFBK98CC,巨蛋段,36.78,都市：住
RPPOMLPKRHJFFBK98CC,巨蛋段,50.20,都市：住
RPRNMLRKRHJFFCK86DC,福田段,163.78,都市：商
RPSNMLQKRHJFFFK07CC,田寮段二小段,140.00,都市：工
RPSNMLMJIIJFFCK18DC,玉山段,77.47,非都市：特定農業區 ; 非都市編定：甲種建築用地
RPTNMLMJIIJFFCK28DC,玉山段,77.47,非都市：特定農業區 ; 非都市編定：甲種建築用地
RPQNMLQKIIJFFDK58DC,竹南段二小段,288.00,都市：住
RPQNMLQKIIJFFDK58DC,竹南段二小段,491.00,都市：住
RPVNMLLLIIJFFBK38CC,維祥段維祥小段,144.00,非都市：鄉村區 ; 非都市編定：乙種建築用地
RPOOMLTLIIJFFDK78CC,中興段中興小段,570.00,都市：住
RPTNMLLLIIJFFBK18CC,苗栗段,35.76,都市：住
RPPNMLMLIIJFFBK87CC,苗栗段,10.00,都市：住
RPRNMLQKRHJFFFK96CC,蟠桃段忠孝小段,107.00,都市：住
