﻿鄉鎮市區,交易標的,土地區段位置/建物區段門牌,土地面積平方公尺,都市土地使用分區,非都市土地使用分區,非都市土地使用編定,租賃年月日,租賃筆棟數,租賃層次,總樓層數,建物型態,主要用途,主要建材,建築完成年月,建物總面積平方公尺,建物現況格局-房,建物現況格局-廳,建物現況格局-衛,建物現況格局-隔間,有無管理組織,有無附傢俱,總額元,單價元/平方公尺,車位類別,車位面積平方公尺,車位總額元,備註,編號
The villages and towns urban district,transaction sign,land sector position/building sector house number plate,land shifting total area square meter,the use zoning or compiles and checks,the non-metropolis land use district,non-metropolis land use,transaction year, month and day,transaction pen number,shifting level,total floor number,building state,main use,main building materials,construction to complete the years,building shifting total area,Building present situation pattern - room,building present situation pattern - hall,building present situation pattern - health,building present situation pattern - compartmented,Whether there is manages the organization,Whether there is attaches the furniture,total price Yuan,the unit price a Yuan/square meter,the berth category,berth shifting total area square meter,the berth total price Yuan,the note,serial number
台東市,房地(土地+建物),臺東縣臺東市豐榮路61巷1~30號,90.0,住,,,1030901,土地2建物1車位0,全,1,透天厝,住家用,見其他登記事項,0630710,51.86,2,2,1,有,無,無,6000,116,,0.0,0,,RPPNMLLJRHJFFAV76CC
台東市,土地,台東段151~180地號,43.0,住,,,1030825,土地1建物0車位0,,,其他,,,,0.0,0,0,0,有,無,無,10000,233,,0.0,0,,RPRNMLLJRHJFFAV96CC
台東市,房地(土地+建物),臺東縣臺東市中興路二段450巷28弄1~30號,6.99,住,,,1030921,土地1建物1車位0,四層,9,華廈(10層含以下有電梯),見其他登記事項,鋼筋混凝土造,0850628,47.52,1,1,1,有,有,有,8000,168,,0.0,0,,RPSNMLNLRHJFFAV47CC
台東市,房地(土地+建物),臺東縣臺東市漢陽北路421~450號,100.52,住,,,1030918,土地1建物1車位0,全,3,透天厝,住家用,鋼筋混凝土造,0820322,211.21,0,0,0,無,無,有,18000,85,,0.0,0,,RPQOMLPLRHJFFAV67DC
台東市,房地(土地+建物),臺東縣臺東市新社一街31~60號,76.0,商,,,1031003,土地1建物1車位0,全,4,透天厝,住家用,見其他登記事項,0630807,172.59,5,2,2,有,無,無,7000,41,,0.0,0,,RPRNMLOKIIJFFAV56CC
台東市,房地(土地+建物),臺東縣臺東市四維路三段31~60號,140.0,住,,,1031013,土地1建物1車位0,一層,3,店面(店鋪),見其他登記事項,見其他登記事項,1021224,91.74,0,0,0,無,無,無,18000,196,,0.0,0,,RPVNMLOKIIJFFAV96CC
台東市,房地(土地+建物),臺東縣臺東市中興路二段450巷28弄1~30號,4.99,住,,,1031027,土地1建物1車位0,三層,9,套房(1房1廳1衛),見其他登記事項,鋼筋混凝土造,0850628,32.64,1,1,1,有,有,有,10000,306,,0.0,0,,RPQOMLTLIIJFFAV17CC
