﻿編號,土地區段位置,土地移轉面積平方公尺,使用分區或編定
The serial number,land sector position,land shifting area square meter,the use zoning or compiles and checks
RPQNMLQJQHJFFAX27CA,文石段,650.53,非都市：一般農業區 ; 非都市編定：農牧用地
RPQNMLQJQHJFFAX27CA,文石段,862.16,非都市：一般農業區 ; 非都市編定：農牧用地
RPQNMLQJQHJFFAX27CA,文石段,269.36,非都市：一般農業區 ; 非都市編定：農牧用地
RPUNMLPJQHJFFAX67DA,外垵一段,.61,非都市：一般農業區 ; 非都市編定：農牧用地
RPRNMLSJQHJFFAX67DA,外垵一段,.02,非都市：鄉村區 ; 非都市編定：乙種建築用地
RPQNMLSJQHJFFAX57DA,外垵一段,.02,非都市：鄉村區 ; 非都市編定：乙種建築用地
RPWNMLLLQHJFFAX67DA,東澳段,148.77,都市：住
RPWNMLLLQHJFFAX67DA,東澳段,27.40,都市：住
RPQNMLMJRHJFFAX17EA,五福段,27.71,非都市：一般農業區 ; 非都市編定：水利用地
RPRNMLLLQHJFFAX17DA,興崁段,1910.51,非都市：一般農業區 ; 非都市編定：農牧用地
RPRNMLLLQHJFFAX17DA,興仁段,343.13,非都市：一般農業區 ; 非都市編定：農牧用地
RPUNMLLLQHJFFAX47DA,東澳段,110.58,都市：住
RPROMLLLQHJFFAX27DA,東澳段,148.78,都市：住
RPROMLLLQHJFFAX27DA,東澳段,27.40,都市：住
RPQOMLLLQHJFFAX17DA,東澳段,101.88,都市：住
RPSNMLSJQHJFFAX77DA,外垵一段,.02,非都市：鄉村區 ; 非都市編定：乙種建築用地
RPVNMLLLQHJFFAX57DA,東澳段,133.41,都市：住
RPVNMLRLQHJFFAX28EA,大嶼段,750.00,非都市：一般農業區 ; 非都市編定：農牧用地
RPQNMLPJQHJFFAX27DA,埕中段,30.68,都市：住
RPQNMLPJQHJFFAX27DA,埕中段,56.49,都市：住
RPTNMLSJQHJFFAX87DA,外垵一段,.12,非都市：鄉村區 ; 非都市編定：乙種建築用地
RPWOMLSJQHJFFAX18CA,沙港北段,223.41,非都市：一般農業區 ; 非都市編定：農牧用地
RPWOMLSJQHJFFAX18CA,沙港北段,214.52,非都市：一般農業區 ; 非都市編定：農牧用地
RPWOMLSJQHJFFAX18CA,沙港北段,69.36,非都市：一般農業區 ; 非都市編定：農牧用地
RPWOMLSJQHJFFAX18CA,沙港南段,43.53,非都市：一般農業區 ; 非都市編定：交通用地
RPWOMLSJQHJFFAX18CA,沙港南段,44.80,非都市：一般農業區 ; 非都市編定：交通用地
RPWOMLSJQHJFFAX18CA,沙港南段,19.52,非都市：一般農業區 ; 非都市編定：農牧用地
RPPOMLPLQHJFFAX47DA,北澳段,48.56,非都市：一般農業區 ; 非都市編定：農牧用地
RPPOMLPLQHJFFAX47DA,中衛段,28.14,非都市：一般農業區 ; 非都市編定：農牧用地
RPPOMLPLQHJFFAX47DA,文東段,60.80,非都市：一般農業區 ; 非都市編定：農牧用地
RPRNMLRJQHJFFAX57DA,南寮北段,335.49,非都市：一般農業區 ; 非都市編定：農牧用地
RPRNMLMKQHJFFAX17DA,五福段,261.15,非都市：一般農業區 ; 非都市編定：甲種建築用地
RPRNMLMKQHJFFAX17DA,五福段,84.58,非都市：一般農業區 ; 非都市編定：交通用地
RPRNMLQJQHJFFAX37CA,風櫃西段,895.20,非都市：一般農業區 ; 非都市編定：農牧用地
RPUNMLSJQHJFFAX97DA,外垵一段,.12,非都市：鄉村區 ; 非都市編定：乙種建築用地
RPPNMLKKQHJFFAX66CA,赤崁北段,77.04,非都市：鄉村區 ; 非都市編定：乙種建築用地
RPPOMLLLQHJFFAX07DA,東澳段,109.18,都市：住
RPVNMLSJQHJFFAX08DA,外垵一段,.06,非都市：鄉村區 ; 非都市編定：乙種建築用地
RPXNMLLLQHJFFAX77DA,東澳段,155.59,都市：住
RPXNMLLLQHJFFAX77DA,東澳段,27.40,都市：住
RPPNMLMLQHJFFAX96CA,內垵一段,75.58,都市：農
RPPNMLMLQHJFFAX96CA,內垵二段,25.59,非都市：鄉村區 ; 非都市編定：乙種建築用地
RPPNMLMLQHJFFAX96CA,內垵二段,20.48,非都市：鄉村區 ; 非都市編定：乙種建築用地
RPPNMLMLQHJFFAX96CA,內垵三段,104.45,非都市：一般農業區 ; 非都市編定：農牧用地
RPPNMLMLQHJFFAX96CA,內垵三段,146.83,非都市：風景區 ; 非都市編定：農牧用地
RPSNMLRJQHJFFAX57CA,吉貝西段,1150.34,非都市：一般農業區 ; 非都市編定：遊憩用地
RPQNMLSKQHJFFAX67DA,山水西段,326.60,非都市：一般農業區 ; 非都市編定：農牧用地
RPQNMLSKQHJFFAX67DA,山水西段,12.42,非都市：一般農業區 ; 非都市編定：農牧用地
RPQNMLSKQHJFFAX67DA,山水西段,169.50,非都市：一般農業區 ; 非都市編定：農牧用地
RPSNMLMLQHJFFAX37DA,埕西段,12.10,都市：住
RPSNMLMLQHJFFAX37DA,埕西段,10.07,都市：住
RPRNMLLKQHJFFAX96CA,鐵線段,132.86,非都市：一般農業區 ; 非都市編定：農牧用地
RPQNMLLLQHJFFAX07DA,白坑段,84.16,非都市：鄉村區 ; 非都市編定：乙種建築用地
RPQOMLSJQHJFFAX57CA,湖西北段,354.11,非都市：一般農業區 ; 非都市編定：農牧用地
RPQOMLSJQHJFFAX57CA,白坑段,350.49,非都市：一般農業區 ; 非都市編定：農牧用地
RPQOMLSJQHJFFAX57CA,白坑段,408.94,非都市：一般農業區 ; 非都市編定：農牧用地
RPQOMLSJQHJFFAX57CA,白坑段,699.04,非都市：一般農業區 ; 非都市編定：農牧用地
RPQOMLSJQHJFFAX57CA,白坑段,465.30,非都市：一般農業區 ; 非都市編定：農牧用地
RPTOMLSJQHJFFAX97DA,文石段,111.64,非都市：一般農業區 ; 非都市編定：甲種建築用地
RPPNMLSJQHJFFAX37CA,光榮段,192.40,都市：其他
RPPNMLRLQHJFFAX47CA,五福段,77.86,非都市：一般農業區 ; 非都市編定：農牧用地
RPUOMLSJQHJFFAX97CA,中屯段,25.00,非都市：一般農業區 ; 非都市編定：交通用地
RPUOMLSJQHJFFAX97CA,中屯段,58.00,非都市：一般農業區 ; 非都市編定：交通用地
RPPNMLLLQHJFFAX96DA,湖西北段,461.02,非都市：一般農業區 ; 非都市編定：農牧用地
RPPNMLLLQHJFFAX96DA,白坑段,617.91,非都市：一般農業區 ; 非都市編定：農牧用地
RPPNMLMKQHJFFAX07EA,東石新段,107.40,非都市：一般農業區 ; 非都市編定：農牧用地
RPPNMLMKQHJFFAX07EA,東石新段,107.40,非都市：一般農業區 ; 非都市編定：農牧用地
RPPNMLMKQHJFFAX07EA,東石新段,23.40,非都市：一般農業區 ; 非都市編定：交通用地
RPPNMLMKQHJFFAX07EA,東石新段,23.40,非都市：一般農業區 ; 非都市編定：交通用地
RPSNMLLKQHJFFAX17DA,裡新段,50.81,非都市：鄉村區 ; 非都市編定：乙種建築用地
RPPNMLOKQHJFFAX27EA,鎖港南段,220.90,都市：住
RPTNMLLKQHJFFAX27DA,埕西段,24.24,都市：住
RPQNMLRLQHJFFAX57CA,竹篙灣段,693.00,非都市：一般農業區 ; 非都市編定：農牧用地
RPQNMLNKQHJFFAX07CA,湖東新段,459.33,非都市：一般農業區 ; 非都市編定：農牧用地
RPVNMLOJRHJFFAX67CA,馬公段,52.00,都市：住
RPOOMLLLQHJFFAX96DA,東澳段,125.74,都市：住
RPOOMLLLQHJFFAX96DA,東澳段,27.40,都市：住
RPVOMLSJQHJFFAX08CA,文寮段,187.58,非都市：一般農業區 ; 非都市編定：農牧用地
RPROMLSJQHJFFAX67CA,四維段,254.44,非都市：一般農業區 ; 非都市編定：農牧用地
RPQNMLMKQHJFFAX07DA,埕中段,78.21,都市：住
RPRNMLMJRHJFFAX17DA,五福段,863.15,非都市：一般農業區 ; 非都市編定：農牧用地
RPPNMLNKQHJFFAX07DA,埕東段,7.56,都市：其他
RPQNMLLJRHJFFAX96DA,成功南段,178.01,非都市：一般農業區 ; 非都市編定：甲種建築用地
RPQNMLLJRHJFFAX96DA,成功南段,9.84,非都市：一般農業區 ; 非都市編定：交通用地
RPQNMLLJRHJFFAX96DA,成功南段,56.16,非都市：一般農業區 ; 非都市編定：交通用地
RPRNMLSKQHJFFAX67CA,光榮段,111.40,都市：住
RPSNMLRLQHJFFAX77CA,港尾段,601.00,非都市：風景區 ; 非都市編定：農牧用地
RPTNMLNKQHJFFAX37CA,光榮段,12.23,都市：商
RPSNMLSKQHJFFAX87DA,光榮段,111.84,都市：住
RPPNMLKLQHJFFAX96EA,東衛段,55.46,非都市：鄉村區 ; 非都市編定：乙種建築用地
RPRNMLRLQHJFFAX67CA,五德西段,99.07,非都市：一般農業區 ; 非都市編定：甲種建築用地
RPRNMLRLQHJFFAX67CA,五德西段,49.54,非都市：一般農業區 ; 非都市編定：甲種建築用地
RPRNMLRLQHJFFAX67CA,五德西段,49.54,非都市：一般農業區 ; 非都市編定：甲種建築用地
RPRNMLRLQHJFFAX67CA,五德西段,444.10,非都市：一般農業區 ; 非都市編定：農牧用地
RPRNMLRLQHJFFAX67CA,五德西段,222.05,非都市：一般農業區 ; 非都市編定：農牧用地
RPRNMLRLQHJFFAX67CA,五德西段,222.05,非都市：一般農業區 ; 非都市編定：農牧用地
RPTNMLSKQHJFFAX87CA,埕東段,7.66,都市：住
RPTNMLSKQHJFFAX87CA,埕東段,.12,都市：住
RPTNMLSKQHJFFAX87CA,埕東段,2.34,都市：住
RPTNMLSKQHJFFAX87CA,埕東段,18.39,都市：住
RPRNMLTLQHJFFAX87CA,春暉段,133.01,都市：住
RPRNMLTLQHJFFAX87CA,春暉段,133.01,都市：住
RPQNMLTKQHJFFAX67CA,雙湖段,694.77,非都市：一般農業區 ; 非都市編定：農牧用地
RPPNMLTKQHJFFAX57CA,雙湖段,168.25,非都市：鄉村區 ; 非都市編定：乙種建築用地
RPPNMLTKQHJFFAX57CA,雙湖段,121.06,非都市：鄉村區 ; 非都市編定：乙種建築用地
RPUNMLSKQHJFFAX97CA,小池角段,209.00,非都市：鄉村區 ; 非都市編定：乙種建築用地
RPUNMLSKQHJFFAX97CA,小池角段,58.00,非都市：一般農業區 ; 非都市編定：農牧用地
RPRNMLKKRHJFFAX96CA,中山段,659.44,非都市：一般農業區 ; 非都市編定：農牧用地
RPSNMLPLQHJFFAX67DA,湖東新段,17.87,非都市： ; 非都市編定：
RPPNMLPKRHJFFAX37DA,竹篙灣段,1560.00,非都市：風景區 ; 非都市編定：農牧用地
RPRNMLMKRHJFFAX17CA,內垵一段,286.08,非都市：森林區 ; 非都市編定：農牧用地
RPRNMLMKRHJFFAX17CA,內垵一段,1062.32,非都市：一般農業區 ; 非都市編定：農牧用地
RPRNMLMKRHJFFAX17CA,內垵一段,328.87,非都市：森林區 ; 非都市編定：農牧用地
RPRNMLSLQHJFFAX77CA,五福段,62.75,非都市：一般農業區 ; 非都市編定：交通用地
RPRNMLSLQHJFFAX77CA,五福段,264.71,非都市：一般農業區 ; 非都市編定：甲種建築用地
RPQNMLSLQHJFFAX67CA,五福段,233.19,非都市：一般農業區 ; 非都市編定：甲種建築用地
RPQNMLSLQHJFFAX67CA,五福段,62.75,非都市：一般農業區 ; 非都市編定：交通用地
RPRNMLPJRHJFFAX47DA,馬公段,74.00,都市：商
RPQNMLMLQHJFFAX27EA,橫礁段,107.00,非都市：一般農業區 ; 非都市編定：農牧用地
RPTNMLRLQHJFFAX87CA,五福段,51.18,非都市：一般農業區 ; 非都市編定：交通用地
RPTNMLRLQHJFFAX87CA,五福段,188.55,非都市：一般農業區 ; 非都市編定：農牧用地
RPTNMLTLQHJFFAX28EA,文石段,31.96,非都市： ; 非都市編定：
RPXNMLPLQHJFFAX08CA,小池角段,296.83,非都市：一般農業區 ; 非都市編定：農牧用地
RPUNMLMLQHJFFAX47CA,通梁中段,213.41,都市：住
RPUNMLMLQHJFFAX47CA,通梁中段,62.01,都市：住
RPPNMLPLQHJFFAX37DA,山水南段,7.96,非都市： ; 非都市編定：
RPPNMLPLQHJFFAX37DA,山水南段,10.18,非都市： ; 非都市編定：
RPTNMLMLQHJFFAX47DA,山水北段,387.78,非都市：一般農業區 ; 非都市編定：農牧用地
RPRNMLMLQHJFFAX17CA,東石新段,214.80,非都市：一般農業區 ; 非都市編定：農牧用地
RPRNMLMLQHJFFAX17CA,東石新段,46.80,非都市：一般農業區 ; 非都市編定：交通用地
RPQNMLQLQHJFFAX47CA,埕中段,40.26,都市：住
RPQNMLPLQHJFFAX47DA,中衛段,204.80,都市：農
RPRNMLLKRHJFFAX07CA,港尾段,161.50,非都市：一般農業區 ; 非都市編定：農牧用地
RPTNMLQLQHJFFAX87DA,湖東新段,1203.07,非都市：一般農業區 ; 非都市編定：農牧用地
RPUNMLRLQHJFFAX97CA,馬公段,14.13,都市：商
RPVNMLPLQHJFFAX97DA,鐵線段,989.47,非都市：一般農業區 ; 非都市編定：農牧用地
RPSNMLQLQHJFFAX77DA,文光段,31.40,都市：住
RPRNMLPLQHJFFAX47CA,光榮段,192.40,都市：其他
RPTNMLPJRHJFFAX67DA,鐵線段,79.71,非都市：一般農業區 ; 非都市編定：農牧用地
RPTNMLPJRHJFFAX67DA,鐵線段,230.14,非都市：一般農業區 ; 非都市編定：農牧用地
RPTNMLPJRHJFFAX67DA,鐵線段,180.48,非都市：一般農業區 ; 非都市編定：農牧用地
RPTNMLPJRHJFFAX67DA,鐵線段,169.74,非都市：一般農業區 ; 非都市編定：農牧用地
RPTNMLPJRHJFFAX67DA,鐵線段,153.66,非都市：一般農業區 ; 非都市編定：農牧用地
RPRNMLLJRHJFFAX96CA,通梁中段,310.53,都市：住
RPRNMLLJRHJFFAX96CA,通梁中段,19.62,都市：其他
RPQNMLTLQHJFFAX87DA,五福段,59.63,非都市：一般農業區 ; 非都市編定：交通用地
RPQNMLTLQHJFFAX87DA,五福段,161.89,非都市：一般農業區 ; 非都市編定：甲種建築用地
RPXNMLRLQHJFFAX28CA,案山段,109.14,都市：住
RPXNMLRLQHJFFAX28CA,案山段,61.07,都市：其他
RPOOMLPLQHJFFAX37DA,光榮段,13.44,都市：住
RPOOMLPLQHJFFAX37DA,光榮段,42.06,都市：住
RPOOMLPLQHJFFAX37DA,光榮段,19.82,都市：住
RPPNMLQLQHJFFAX47DA,光榮段,14.23,都市：商
RPPNMLMJRHJFFAX86CA,文化段,151.31,都市：住
RPPNMLSLQHJFFAX67DA,東澳段,148.99,都市：住
RPWNMLRLQHJFFAX28DA,文光段,28.83,都市：住
RPUNMLPJRHJFFAX77DA,安宅段,1017.16,非都市：一般農業區 ; 非都市編定：農牧用地
RPPNMLOKRHJFFAX27DA,馬公段,75.00,都市：住
RPPOMLRLQHJFFAX57CA,埕西段,62.71,都市：住
RPOOMLRLQHJFFAX47CA,海堤段,1736.38,非都市：一般農業區 ; 非都市編定：農牧用地
RPPNMLTLQHJFFAX77DA,安宅段,46.20,非都市：一般農業區 ; 非都市編定：農牧用地
RPUNMLSLQHJFFAX08CA,山水東段,330.25,非都市：一般農業區 ; 非都市編定：農牧用地
RPRNMLRKRHJFFAX67CA,東澳段,7.27,都市：住
RPSNMLMKRHJFFAX27CA,內垵一段,342.42,非都市：森林區 ; 非都市編定：農牧用地
RPQNMLOKRHJFFAX37DA,下瓦硐段,317.50,非都市：一般農業區 ; 非都市編定：農牧用地
RPQNMLOKRHJFFAX37DA,下瓦硐段,486.82,非都市：一般農業區 ; 非都市編定：農牧用地
RPQNMLOKRHJFFAX37DA,下瓦硐段,183.28,非都市：一般農業區 ; 非都市編定：農牧用地
RPQNMLOKRHJFFAX37DA,下瓦硐段,240.96,非都市：一般農業區 ; 非都市編定：農牧用地
RPTNMLTLQHJFFAX08CA,五德東段,234.90,非都市：一般農業區 ; 非都市編定：農牧用地
RPTNMLTLQHJFFAX08CA,五德東段,61.87,非都市：一般農業區 ; 非都市編定：交通用地
RPPNMLKKRHJFFAX86DA,吉貝西段,687.84,非都市：一般農業區 ; 非都市編定：遊憩用地
RPPNMLKKRHJFFAX86DA,吉貝西段,691.47,非都市：一般農業區 ; 非都市編定：遊憩用地
RPPNMLKKRHJFFAX86DA,吉貝西段,691.48,非都市：一般農業區 ; 非都市編定：遊憩用地
RPPOMLRKRHJFFAX57CA,竹篙灣段,525.00,非都市：一般農業區 ; 非都市編定：農牧用地
RPPOMLRKRHJFFAX57CA,竹篙灣段,8.00,非都市：一般農業區 ; 非都市編定：交通用地
RPPNMLLJRHJFFAX96EA,大池角段,320.00,非都市：一般農業區 ; 非都市編定：農牧用地
RPPNMLQJIIJFFAX66EA,龍門段,635.00,非都市：一般農業區 ; 非都市編定：農牧用地
RPUNMLTLQHJFFAX28DA,東澳段,8.78,都市：住
RPTNMLSLQHJFFAX08DA,光榮段,112.67,都市：住
RPQNMLKMRHJFFAX07CA,山水南段,214.96,非都市：一般農業區 ; 非都市編定：農牧用地
RPPNMLQLRHJFFAX67EA,山水南段,63.43,非都市：鄉村區 ; 非都市編定：乙種建築用地
RPQNMLPJRHJFFAX27CA,中屯段,28.00,非都市：一般農業區 ; 非都市編定：交通用地
RPQNMLPJRHJFFAX27CA,中屯段,1132.00,非都市：一般農業區 ; 非都市編定：農牧用地
RPQNMLRKRHJFFAX57CA,東澳段,29.27,都市：住
RPQNMLRKRHJFFAX57CA,東澳段,69.07,都市：住
RPSNMLSLQHJFFAX87CA,五福段,235.91,非都市：一般農業區 ; 非都市編定：甲種建築用地
RPSNMLSLQHJFFAX87CA,五福段,62.75,非都市：一般農業區 ; 非都市編定：交通用地
RPPNMLNJRHJFFAX07DA,隘門新段,11369.62,非都市：一般農業區 ; 非都市編定：農牧用地
RPPNMLNJRHJFFAX07DA,隘門新段,2385.30,非都市：一般農業區 ; 非都市編定：農牧用地
RPQNMLMKRHJFFAX07CA,赤崁西段,22.88,非都市：一般農業區 ; 非都市編定：交通用地
RPQNMLMKRHJFFAX07CA,赤崁西段,625.84,非都市：一般農業區 ; 非都市編定：農牧用地
RPQNMLMKRHJFFAX07CA,赤崁西段,240.68,非都市：一般農業區 ; 非都市編定：農牧用地
RPQNMLKKRHJFFAX96DA,雙湖段,275.73,非都市：一般農業區 ; 非都市編定：甲種建築用地
RPPNMLMKRHJFFAX96CA,埕東段,2.13,都市：住
RPPNMLMKRHJFFAX96CA,埕東段,52.02,都市：住
RPUNMLOJRHJFFAX57CA,港子段,429.00,非都市：一般農業區 ; 非都市編定：農牧用地
RPSNMLNJIIJFFAX09CA,北澳段,50.72,非都市：鄉村區 ; 非都市編定：乙種建築用地
RPSNMLNJIIJFFAX09CA,北澳段,.45,非都市： ; 非都市編定：
RPPNMLNLRHJFFAX17CA,北寮新段,903.12,非都市：風景區 ; 非都市編定：農牧用地
RPQNMLOJRHJFFAX17CA,文石段,31.07,非都市：一般農業區 ; 非都市編定：交通用地
RPQNMLOJRHJFFAX17CA,文石段,132.30,非都市：一般農業區 ; 非都市編定：甲種建築用地
RPPNMLOJRHJFFAX07CA,竹篙灣段,989.00,非都市：一般農業區 ; 非都市編定：農牧用地
RPSNMLKMRHJFFAX27CA,五福段,150.56,非都市：一般農業區 ; 非都市編定：甲種建築用地
RPSNMLKMRHJFFAX27CA,五福段,52.78,非都市：一般農業區 ; 非都市編定：交通用地
RPRNMLOJRHJFFAX37DA,湖東新段,292.00,非都市：一般農業區 ; 非都市編定：農牧用地
RPPNMLTJRHJFFAX67DA,成功南段,1141.70,非都市：一般農業區 ; 非都市編定：農牧用地
RPTNMLOJRHJFFAX47CA,林投南段,238.60,非都市：一般農業區 ; 非都市編定：農牧用地
RPSNMLPJRHJFFAX57DA,二崁南段,557.92,非都市：風景區 ; 非都市編定：農牧用地
RPSNMLPJRHJFFAX57DA,二崁南段,233.61,非都市：風景區 ; 非都市編定：殯葬用地
RPQNMLLJIIJFFAX78DA,五福段,329.75,非都市：一般農業區 ; 非都市編定：農牧用地
RPQOMLRKRHJFFAX67CA,六合段,920.51,都市：農
RPQNMLTJRHJFFAX77DA,中衛段,912.00,都市：農
RPPNMLPJRHJFFAX17CA,五福段,2419.90,非都市：一般農業區 ; 非都市編定：農牧用地
RPRNMLKMRHJFFAX17CA,竹篙灣段,34.33,非都市：一般農業區 ; 非都市編定：農牧用地
RPUNMLKKRHJFFAX27CA,光榮段,33.28,都市：住
RPXNMLRKRHJFFAX38DA,文化段,146.59,都市：住
RPXNMLSKRHJFFAX48DA,東衛段,167.99,非都市：一般農業區 ; 非都市編定：甲種建築用地
RPSNMLKKRHJFFAX17DA,東澳段,1588.10,都市：住
RPSNMLKKRHJFFAX17DA,東澳段,7.25,都市：其他
RPVNMLKKRHJFFAX37CA,白坑段,699.04,非都市：一般農業區 ; 非都市編定：農牧用地
RPSNMLLKRHJFFAX27DA,鳥嶼段,42.00,非都市：鄉村區 ; 非都市編定：乙種建築用地
RPRNMLLJIIJFFAX88DA,鐵線段,395.80,非都市：一般農業區 ; 非都市編定：農牧用地
RPRNMLLJIIJFFAX88DA,鐵線段,301.19,非都市：一般農業區 ; 非都市編定：交通用地
RPVNMLLKRHJFFAX57DA,通梁東段,1018.20,非都市：風景區 ; 非都市編定：農牧用地
RPTNMLLKRHJFFAX27CA,光華段,1089.55,非都市：一般農業區 ; 非都市編定：農牧用地
RPRNMLOLRHJFFAX57DA,竹篙灣段,1234.00,非都市：風景區 ; 非都市編定：農牧用地
RPQNMLLKRHJFFAX17EA,文化段,73.66,都市：住
RPTNMLMKRHJFFAX37CA,四維段,524.72,都市：農
RPWNMLRKRHJFFAX28DA,沙港南段,310.09,非都市：一般農業區 ; 非都市編定：農牧用地
RPWNMLLJIIJFFAX76DA,安宅段,330.58,非都市：一般農業區 ; 非都市編定：農牧用地
RPUNMLLKRHJFFAX37CA,中衛段,196.12,都市：工
RPVNMLRKRHJFFAX08CA,安宅段,39.64,非都市：一般農業區 ; 非都市編定：交通用地
RPVNMLRKRHJFFAX08CA,安宅段,177.54,非都市：一般農業區 ; 非都市編定：甲種建築用地
RPUNMLRKRHJFFAX97CA,沙港北段,1003.64,非都市：一般農業區 ; 非都市編定：農牧用地
RPTNMLKMRHJFFAX37CA,井垵西段,595.39,非都市：一般農業區 ; 非都市編定：農牧用地
RPRNMLNLRHJFFAX37CA,六合段,150.51,非都市：一般農業區 ; 非都市編定：甲種建築用地
RPRNMLNLRHJFFAX37CA,六合段,106.46,非都市：一般農業區 ; 非都市編定：交通用地
RPUNMLKMRHJFFAX47CA,山水東段,844.00,非都市：一般農業區 ; 非都市編定：農牧用地
RPUNMLKMRHJFFAX47CA,山水東段,102.20,非都市：一般農業區 ; 非都市編定：農牧用地
RPPNMLQKRHJFFAX47DA,山水西段,993.38,非都市：一般農業區 ; 非都市編定：農牧用地
RPTNMLRKRHJFFAX87CA,南寮北段,755.18,非都市：一般農業區 ; 非都市編定：農牧用地
RPPNMLRKRHJFFAX67EA,風櫃東段,11.15,非都市：一般農業區 ; 非都市編定：甲種建築用地
RPSNMLMLRHJFFAX47DA,五福段,227.64,非都市：一般農業區 ; 非都市編定：農牧用地
RPQNMLPKRHJFFAX57EA,馬公段,41.00,都市：商
RPQNMLOLRHJFFAX47DA,文寮段,150.88,非都市：一般農業區 ; 非都市編定：甲種建築用地
RPQNMLOLRHJFFAX47DA,文寮段,46.87,非都市：一般農業區 ; 非都市編定：交通用地
RPQNMLMJIIJFFAX78CA,七美二段,22.52,非都市：一般農業區 ; 非都市編定：農牧用地
RPTNMLMLRHJFFAX47CA,光榮段,.15,都市：其他
RPTNMLMLRHJFFAX47CA,光榮段,5.20,都市：其他
RPTNMLMLRHJFFAX47CA,光榮段,.28,都市：其他
RPTNMLMLRHJFFAX47CA,光榮段,1.22,都市：其他
RPTNMLMLRHJFFAX47CA,光榮段,1.11,都市：其他
RPTNMLMLRHJFFAX47CA,光榮段,5.97,都市：其他
RPTNMLMLRHJFFAX47CA,光榮段,.61,都市：其他
RPTNMLMLRHJFFAX47CA,光榮段,1.93,都市：其他
RPTNMLMLRHJFFAX47CA,光榮段,.44,都市：其他
RPTNMLMLRHJFFAX47CA,光榮段,.06,都市：其他
RPQNMLSJIIJFFAX86DA,隘門新段,100.15,非都市：一般農業區 ; 非都市編定：交通用地
RPQNMLSJIIJFFAX86DA,隘門新段,98.16,非都市：一般農業區 ; 非都市編定：農牧用地
RPQNMLSJIIJFFAX86DA,隘門新段,590.63,非都市：一般農業區 ; 非都市編定：農牧用地
RPPNMLSKRHJFFAX57CA,四維段,217.94,非都市：鄉村區 ; 非都市編定：乙種建築用地
RPSNMLSKRHJFFAX87CA,文化段,116.04,都市：住
RPUNMLSKRHJFFAX08CA,文化段,121.72,都市：住
RPVNMLKMRHJFFAX57CA,瓦硐段,2034.00,非都市：一般農業區 ; 非都市編定：農牧用地
RPTNMLSKRHJFFAX97CA,文化段,118.76,都市：住
RPPNMLTKRHJFFAX67CA,鼎灣段,196.00,非都市：一般農業區 ; 非都市編定：甲種建築用地
RPPNMLTKRHJFFAX67CA,鼎灣段,48.30,非都市：一般農業區 ; 非都市編定：交通用地
RPPNMLTKRHJFFAX67CA,鼎灣段,2.40,非都市：一般農業區 ; 非都市編定：交通用地
RPVNMLSKRHJFFAX28DA,馬公段,55.00,都市：住
RPRNMLTKRHJFFAX97DA,小池角段,627.33,非都市：一般農業區 ; 非都市編定：農牧用地
RPSNMLTKRHJFFAX97CA,文光段,27.43,都市：住
RPSNMLTKRHJFFAX97CA,文光段,3.55,都市：住
RPPNMLMLRHJFFAX07CA,五德西段,548.21,非都市：一般農業區 ; 非都市編定：農牧用地
RPPNMLMLRHJFFAX07CA,五德西段,398.20,非都市：一般農業區 ; 非都市編定：農牧用地
RPUNMLTKRHJFFAX28DA,成功南段,260.92,非都市：一般農業區 ; 非都市編定：甲種建築用地
RPUNMLTKRHJFFAX28DA,成功南段,46.73,非都市：一般農業區 ; 非都市編定：交通用地
RPPNMLSJIIJFFAX76DA,隘門新段,31.57,非都市：一般農業區 ; 非都市編定：農牧用地
RPPNMLSJIIJFFAX76DA,隘門新段,1058.06,非都市：一般農業區 ; 非都市編定：農牧用地
RPPNMLSJIIJFFAX76DA,隘門新段,177.43,非都市：一般農業區 ; 非都市編定：交通用地
RPRNMLQLRHJFFAX67CA,井垵西段,305.51,非都市：一般農業區 ; 非都市編定：農牧用地
RPRNMLQLRHJFFAX67CA,井垵西段,305.51,非都市：一般農業區 ; 非都市編定：農牧用地
RPPNMLPLRHJFFAX37CA,二崁南段,585.70,非都市：風景區 ; 非都市編定：農牧用地
RPPNMLNKIIJFFAX09EA,望安段,48.75,非都市：鄉村區 ; 非都市編定：乙種建築用地
RPRNMLMLRHJFFAX27CA,湖西北段,354.11,非都市：一般農業區 ; 非都市編定：農牧用地
RPSNMLOLRHJFFAX57CA,海堤段,69.13,都市：住
RPTNMLNLRHJFFAX57CA,城北段,611.66,非都市：一般農業區 ; 非都市編定：農牧用地
RPXNMLLJIIJFFAX76CA,大嶼段,553.00,非都市：一般農業區 ; 非都市編定：農牧用地
RPWNMLKMRHJFFAX67CA,五福段,52.78,非都市：一般農業區 ; 非都市編定：交通用地
RPWNMLKMRHJFFAX67CA,五福段,150.50,非都市：一般農業區 ; 非都市編定：甲種建築用地
RPPNMLOLRHJFFAX27CA,光榮段,15.64,都市：商
RPVNMLNLRHJFFAX77CA,光華段,1089.55,非都市：一般農業區 ; 非都市編定：農牧用地
RPQNMLNLRHJFFAX37DA,南寮南段,805.80,非都市：一般農業區 ; 非都市編定：農牧用地
RPPNMLMJIIJFFAX68CA,文東段,3364.76,非都市：一般農業區 ; 非都市編定：農牧用地
RPPNMLOJIIJFFAX98DA,東衛段,701.60,非都市：一般農業區 ; 非都市編定：農牧用地
RPSNMLLJIIJFFAX98DA,外垵二段,703.09,非都市：一般農業區 ; 非都市編定：農牧用地
RPXNMLKMRHJFFAX77CA,春暉段,71.21,都市：住
RPUNMLNKIIJFFAX76CA,文東段,631.93,非都市：一般農業區 ; 非都市編定：農牧用地
RPWNMLNKIIJFFAX96CA,海堤段,781.33,非都市：一般農業區 ; 非都市編定：農牧用地
RPQNMLTLRHJFFAX87CA,興仁段,991.72,非都市：一般農業區 ; 非都市編定：農牧用地
RPQNMLTJIIJFFAX07EA,湖西南段,366.90,非都市：一般農業區 ; 非都市編定：農牧用地
RPQOMLKLIIJFFAX98DA,山水東段,1226.32,非都市：一般農業區 ; 非都市編定：農牧用地
RPUNMLNLRHJFFAX77DA,西溪新段,54.40,非都市：鄉村區 ; 非都市編定：乙種建築用地
RPOOMLLJIIJFFAX58CA,光榮段,112.28,都市：住
RPPOMLKLIIJFFAX88DA,山水東段,875.86,非都市：一般農業區 ; 非都市編定：農牧用地
RPQNMLQLRHJFFAX57CA,光榮段,6.12,都市：商
RPTNMLQLRHJFFAX87CA,鐵線段,150.94,非都市：一般農業區 ; 非都市編定：農牧用地
RPTNMLQLRHJFFAX87CA,鐵線段,266.50,非都市：一般農業區 ; 非都市編定：農牧用地
RPQNMLPLRHJFFAX47CA,光榮段,192.40,都市：其他
RPQNMLPLRHJFFAX47CA,光榮段,192.40,都市：其他
RPTNMLRJIIJFFAX07DA,文石段,138.16,非都市：一般農業區 ; 非都市編定：甲種建築用地
RPTNMLRJIIJFFAX07DA,文石段,40.70,非都市：一般農業區 ; 非都市編定：交通用地
RPRNMLPLRHJFFAX57CA,後寮段,572.00,非都市：一般農業區 ; 非都市編定：農牧用地
RPSNMLTLRHJFFAX28EA,山水西段,266.05,非都市：鄉村區 ; 非都市編定：乙種建築用地
RPSNMLTJIIJFFAX17DA,中衛段,38.85,都市：其他
RPPNMLLJIIJFFAX58CA,山水東段,1542.07,非都市：一般農業區 ; 非都市編定：農牧用地
RPTNMLMLIIJFFAX76DA,埕東段,107.71,都市：住
RPRNMLTLRHJFFAX18EA,北澳段,98.67,都市：住
RPRNMLTLRHJFFAX18EA,北澳段,88.96,都市：住
RPRNMLTLRHJFFAX18EA,北澳段,42.85,都市：住
RPVNMLRJIIJFFAX17CA,下瓦硐段,48.98,非都市：鄉村區 ; 非都市編定：乙種建築用地
RPTNMLLJIIJFFAX98CA,下瓦硐段,511.88,非都市：一般農業區 ; 非都市編定：農牧用地
RPTNMLTJIIJFFAX27DA,中衛段,7.77,都市：其他
RPSNMLPKIIJFFAX96EA,興仁段,260.00,非都市：鄉村區 ; 非都市編定：乙種建築用地
RPOOMLKMRHJFFAX96CA,文石段,829.23,非都市：一般農業區 ; 非都市編定：甲種建築用地
RPUNMLLJIIJFFAX56DA,鳥嶼段,53.00,非都市：鄉村區 ; 非都市編定：乙種建築用地
RPPNMLNJIIJFFAX78CA,文寮段,160.91,非都市：一般農業區 ; 非都市編定：農牧用地
RPPNMLKMRHJFFAX07DA,烏崁新段,1412.85,非都市：一般農業區 ; 非都市編定：礦業用地
RPUNMLTJIIJFFAX37DA,中衛段,1.94,都市：其他
RPPOMLKMRHJFFAX07CA,北澳段,1559.82,非都市：一般農業區 ; 非都市編定：農牧用地
RPRNMLRLIIJFFAX96CA,赤崁中段,173.92,非都市：一般農業區 ; 非都市編定：甲種建築用地
RPQNMLRLIIJFFAX86CA,文化段,90.22,都市：住
RPQNMLRLIIJFFAX86CA,文化段,9.49,都市：住
RPQNMLRLIIJFFAX86CA,文化段,6.59,都市：住
RPWNMLTJIIJFFAX57DA,中衛段,1.94,都市：其他
RPVNMLTJIIJFFAX47DA,中衛段,1.94,都市：其他
RPQNMLQKIIJFFAX66CA,北澳段,.74,都市：住
RPVNMLLJIIJFFAX66DA,埕東段,6.61,都市：住
RPVNMLLJIIJFFAX66DA,埕東段,103.03,都市：住
RPVNMLLJIIJFFAX66DA,埕東段,2.02,都市：住
RPRNMLNJIIJFFAX98CA,鐵線段,338.87,非都市：一般農業區 ; 非都市編定：農牧用地
RPVNMLLJIIJFFAX66DA,埕東段,15.88,都市：住
RPQNMLNJIIJFFAX88CA,隘門新段,341.25,非都市：一般農業區 ; 非都市編定：農牧用地
RPQNMLNJIIJFFAX88CA,隘門新段,81.43,非都市：一般農業區 ; 非都市編定：農牧用地
RPWNMLSLIIJFFAX57CA,五福段,63.43,非都市：一般農業區 ; 非都市編定：交通用地
RPWNMLSLIIJFFAX57CA,五福段,162.46,非都市：一般農業區 ; 非都市編定：甲種建築用地
RPWOMLTJIIJFFAX57CA,文石段,30.04,非都市：一般農業區 ; 非都市編定：交通用地
RPWOMLTJIIJFFAX57CA,文石段,92.34,非都市：一般農業區 ; 非都市編定：甲種建築用地
RPRNMLKLIIJFFAX88CA,龍門北段,191.29,非都市：鄉村區 ; 非都市編定：乙種建築用地
RPOOMLTJIIJFFAX86DA,中衛段,7.77,都市：其他
RPPOMLTJIIJFFAX96DA,中衛段,38.85,都市：其他
RPTNMLNJIIJFFAX56CA,風櫃西段,617.62,非都市：一般農業區 ; 非都市編定：農牧用地
RPPNMLTJIIJFFAX76CA,山水西段,369.00,非都市：一般農業區 ; 非都市編定：農牧用地
RPPNMLTJIIJFFAX76CA,山水西段,531.24,非都市：一般農業區 ; 非都市編定：殯葬用地
RPPNMLTJIIJFFAX76CA,山水西段,310.00,非都市：一般農業區 ; 非都市編定：殯葬用地
RPROMLKLIIJFFAX98CA,文寮段,1149.25,非都市：一般農業區 ; 非都市編定：農牧用地
RPRNMLLLIIJFFAX56EA,馬公段,10.00,都市：商
RPSNMLPKIIJFFAX76CA,通梁中段,266.75,都市：住
RPROMLTJIIJFFAX17DA,中衛段,7.77,都市：其他
RPQOMLTJIIJFFAX07DA,中衛段,7.77,都市：其他
RPTNMLSJIIJFFAX17DA,文澳段,414.00,都市：住
RPVNMLSJIIJFFAX37DA,文澳段,100.00,都市：住
RPXNMLTJIIJFFAX67DA,中衛段,1.94,都市：其他
RPQNMLQJIIJFFAX66DA,東衛段,55.46,非都市：鄉村區 ; 非都市編定：乙種建築用地
RPQNMLRJIIJFFAX76DA,鳥嶼段,70.00,非都市： ; 非都市編定：
RPRNMLRJIIJFFAX86DA,鳥嶼段,56.00,非都市： ; 非都市編定：
RPUNMLRJIIJFFAX17DA,東衛段,166.95,非都市：一般農業區 ; 非都市編定：甲種建築用地
RPQNMLMLIIJFFAX98CA,光華段,195.45,非都市：一般農業區 ; 非都市編定：甲種建築用地
RPQNMLMLIIJFFAX98CA,光華段,47.15,非都市：一般農業區 ; 非都市編定：交通用地
RPPNMLRJIIJFFAX56CA,五福段,162.21,非都市：一般農業區 ; 非都市編定：甲種建築用地
RPPNMLRJIIJFFAX56CA,五福段,59.63,非都市：一般農業區 ; 非都市編定：交通用地
RPSOMLKLIIJFFAX09CA,埕西段,34.31,都市：住
RPPNMLPKIIJFFAX56DA,文光段,93.94,都市：住
RPRNMLNKIIJFFAX09CA,沙港北段,395.72,非都市：一般農業區 ; 非都市編定：農牧用地
RPRNMLNKIIJFFAX09CA,沙港北段,394.57,非都市：一般農業區 ; 非都市編定：農牧用地
RPSOMLTJIIJFFAX27DA,中衛段,38.85,都市：其他
RPTOMLTJIIJFFAX37DA,中衛段,38.85,都市：其他
RPQNMLNKIIJFFAX98CA,文東段,174.80,非都市：一般農業區 ; 非都市編定：農牧用地
RPSNMLNKIIJFFAX66DA,隘門新段,54.84,非都市：鄉村區 ; 非都市編定：乙種建築用地
RPVOMLTJIIJFFAX47CA,文光段,27.09,都市：住
RPVOMLTJIIJFFAX47CA,文光段,3.51,都市：住
RPOOMLSJIIJFFAX86EA,山水東段,444.02,非都市：一般農業區 ; 非都市編定：農牧用地
RPUOMLTJIIJFFAX37CA,港子段,145.00,非都市：一般農業區 ; 非都市編定：農牧用地
RPXNMLNLIIJFFAX17CA,小池角段,306.00,非都市：鄉村區 ; 非都市編定：乙種建築用地
RPTNMLNKIIJFFAX66CA,四維段,689.92,都市：農
RPVNMLKLIIJFFAX66CA,鐵線段,338.87,非都市：一般農業區 ; 非都市編定：農牧用地
RPSNMLQKIIJFFAX86CA,四維段,308.06,都市：農
RPQNMLOKIIJFFAX56DA,文石段,135.44,非都市：一般農業區 ; 非都市編定：甲種建築用地
RPQNMLOKIIJFFAX56DA,文石段,6.75,非都市：一般農業區 ; 非都市編定：交通用地
RPQNMLOKIIJFFAX56DA,文石段,29.19,非都市：一般農業區 ; 非都市編定：交通用地
RPVNMLNKIIJFFAX86CA,隘門新段,596.47,非都市：一般農業區 ; 非都市編定：農牧用地
RPPNMLOKIIJFFAX98CA,林投南段,1923.68,非都市：風景區 ; 非都市編定：農牧用地
RPTNMLLLIIJFFAX56CA,鎖港西段,199.59,都市：住
RPTNMLLLIIJFFAX56CA,鎖港西段,199.59,都市：住
RPPNMLSKIIJFFAX86DA,中衛段,1271.08,非都市：一般農業區 ; 非都市編定：農牧用地
RPPNMLQKIIJFFAX66DA,山水東段,1055.49,非都市：一般農業區 ; 非都市編定：農牧用地
RPPNMLQKIIJFFAX66DA,山水東段,603.27,非都市：一般農業區 ; 非都市編定：農牧用地
RPRNMLRKIIJFFAX86CA,中衛段,169.90,都市：農
RPQNMLPKIIJFFAX66DA,北極段,63.81,都市：商
RPWNMLKKJIJFFAX76CA,港尾段,480.00,非都市： ; 非都市編定：
RPVNMLRLIIJFFAX37CA,東衛段,708.26,非都市：一般農業區 ; 非都市編定：農牧用地
RPRNMLQKIIJFFAX76CA,葉新段,383.11,非都市：風景區 ; 非都市編定：農牧用地
RPPNMLLLIIJFFAX78CA,山水北段,465.45,非都市：一般農業區 ; 非都市編定：農牧用地
RPTOMLKLIIJFFAX56CA,埕東段,30.89,都市：住
RPSNMLRLIIJFFAX07CA,竹篙灣段,1052.50,非都市：一般農業區 ; 非都市編定：農牧用地
RPTNMLSJJIJFFAX17CA,五福段,34.29,非都市：一般農業區 ; 非都市編定：甲種建築用地
RPPNMLLKJIJFFAX88DA,東衛段,170.29,非都市：一般農業區 ; 非都市編定：甲種建築用地
RPPNMLLKJIJFFAX88DA,東衛段,33.69,非都市：一般農業區 ; 非都市編定：交通用地
RPPNMLKLIIJFFAX68CA,林投北段,2090.09,非都市：一般農業區 ; 非都市編定：農牧用地
RPXNMLKLIIJFFAX86CA,文寮段,209.20,非都市：一般農業區 ; 非都市編定：農牧用地
RPOOMLKLIIJFFAX68CA,文寮段,453.56,非都市：一般農業區 ; 非都市編定：農牧用地
RPSNMLMLIIJFFAX66DA,鎖港西段,43.54,都市：住
RPPNMLRKIIJFFAX76DA,興仁段,186.79,非都市：鄉村區 ; 非都市編定：乙種建築用地
RPPNMLRKIIJFFAX76DA,興仁段,84.21,非都市：鄉村區 ; 非都市編定：乙種建築用地
RPQNMLQJJIJFFAX66CA,四維段,60.21,非都市：鄉村區 ; 非都市編定：乙種建築用地
RPQNMLQJJIJFFAX66CA,四維段,2.95,非都市：鄉村區 ; 非都市編定：乙種建築用地
RPQNMLQJJIJFFAX66CA,四維段,3.40,非都市：鄉村區 ; 非都市編定：乙種建築用地
RPQNMLQJJIJFFAX66CA,四維段,3.97,非都市：鄉村區 ; 非都市編定：乙種建築用地
RPQNMLQJJIJFFAX66CA,四維段,3.34,非都市：鄉村區 ; 非都市編定：乙種建築用地
RPWNMLKLIIJFFAX76CA,雙湖段,183.28,非都市：鄉村區 ; 非都市編定：乙種建築用地
RPQNMLLLIIJFFAX88CA,烏崁新段,172.95,非都市：鄉村區 ; 非都市編定：遊憩用地
RPQNMLLLIIJFFAX88CA,烏崁新段,854.14,非都市：鄉村區 ; 非都市編定：遊憩用地
RPVNMLLLIIJFFAX76CA,四維段,89.71,非都市：一般農業區 ; 非都市編定：農牧用地
RPPNMLOJJIJFFAX98CA,七美二段,28.96,非都市：鄉村區 ; 非都市編定：乙種建築用地
RPPNMLOJJIJFFAX98CA,七美二段,28.96,非都市：鄉村區 ; 非都市編定：乙種建築用地
RPTNMLKLIIJFFAX09CA,五福段,20.72,非都市：一般農業區 ; 非都市編定：交通用地
RPTNMLKLIIJFFAX09CA,五福段,327.08,非都市：一般農業區 ; 非都市編定：甲種建築用地
RPTNMLKLIIJFFAX09CA,五福段,15.87,非都市：一般農業區 ; 非都市編定：交通用地
RPSNMLKLIIJFFAX98CA,埕東段,.52,都市：住
RPPNMLKKJIJFFAX68CA,五福段,151.30,非都市：一般農業區 ; 非都市編定：甲種建築用地
RPPNMLKKJIJFFAX68CA,五福段,38.29,非都市：一般農業區 ; 非都市編定：交通用地
RPUNMLKLIIJFFAX56CA,中衛段,454.61,非都市：一般農業區 ; 非都市編定：農牧用地
RPQNMLKLIIJFFAX78CA,安宅段,323.42,非都市：一般農業區 ; 非都市編定：農牧用地
RPUNMLNLIIJFFAX86CA,埕西段,37.59,都市：住
RPWNMLLLIIJFFAX86CA,文寮段,1938.17,非都市：一般農業區 ; 非都市編定：農牧用地
RPWNMLOJJIJFFAX07CA,馬公段,61.00,都市：商
RPUNMLLLIIJFFAX66CA,雙湖段,345.00,非都市：一般農業區 ; 非都市編定：農牧用地
RPPNMLSLIIJFFAX86CA,文東段,664.83,非都市：一般農業區 ; 非都市編定：農牧用地
RPPNMLMLIIJFFAX88CA,吉貝東段,747.34,非都市：一般農業區 ; 非都市編定：農牧用地
RPUOMLKLIIJFFAX66CA,四維段,246.94,非都市：一般農業區 ; 非都市編定：農牧用地
RPUOMLKLIIJFFAX66CA,四維段,43.20,非都市：一般農業區 ; 非都市編定：農牧用地
RPUOMLKLIIJFFAX66CA,四維段,43.46,非都市：一般農業區 ; 非都市編定：農牧用地
RPUOMLKLIIJFFAX66CA,四維段,248.48,非都市：一般農業區 ; 非都市編定：農牧用地
RPUOMLKLIIJFFAX66CA,四維段,287.08,非都市：一般農業區 ; 非都市編定：農牧用地
RPUOMLKLIIJFFAX66CA,四維段,247.20,非都市：一般農業區 ; 非都市編定：農牧用地
RPUOMLKLIIJFFAX66CA,四維段,246.94,非都市：一般農業區 ; 非都市編定：農牧用地
RPUOMLKLIIJFFAX66CA,四維段,246.94,非都市：一般農業區 ; 非都市編定：農牧用地
RPQNMLLKJIJFFAX98DA,東衛段,173.82,非都市：一般農業區 ; 非都市編定：甲種建築用地
RPQNMLLKJIJFFAX98DA,東衛段,33.69,非都市：一般農業區 ; 非都市編定：交通用地
RPQNMLNLIIJFFAX56DA,虎井段,100.00,非都市：一般農業區 ; 非都市編定：甲種建築用地
RPXNMLLLIIJFFAX96CA,馬公段,19.46,都市：住
RPXNMLLLIIJFFAX96CA,馬公段,2.81,都市：住
RPVNMLNLIIJFFAX96CA,大池角段,718.00,非都市：一般農業區 ; 非都市編定：農牧用地
RPWNMLNLIIJFFAX07CA,安宅段,39.64,非都市：一般農業區 ; 非都市編定：交通用地
RPWNMLNLIIJFFAX07CA,安宅段,176.20,非都市：一般農業區 ; 非都市編定：甲種建築用地
RPPNMLPLIIJFFAX56CA,文光段,46.70,都市：住
RPOOMLOJJIJFFAX98CA,光榮段,16.46,都市：商
RPPNMLNLIIJFFAX09DA,虎井段,100.00,非都市：一般農業區 ; 非都市編定：甲種建築用地
RPTNMLRLIIJFFAX27DA,安宅段,98.28,非都市：一般農業區 ; 非都市編定：農牧用地
RPTNMLRLIIJFFAX27DA,安宅段,171.01,非都市：一般農業區 ; 非都市編定：農牧用地
RPTNMLRLIIJFFAX27DA,安宅段,65.95,非都市：一般農業區 ; 非都市編定：農牧用地
RPTNMLRLIIJFFAX27DA,安宅段,71.15,非都市：一般農業區 ; 非都市編定：農牧用地
RPTNMLRLIIJFFAX27DA,安宅段,119.62,非都市：一般農業區 ; 非都市編定：農牧用地
RPTNMLRLIIJFFAX27DA,安宅段,153.62,非都市：一般農業區 ; 非都市編定：農牧用地
RPTNMLRLIIJFFAX27DA,安宅段,100.54,非都市：一般農業區 ; 非都市編定：農牧用地
RPTNMLRLIIJFFAX27DA,安宅段,163.62,非都市：一般農業區 ; 非都市編定：農牧用地
RPTNMLRLIIJFFAX27DA,安宅段,71.82,非都市：一般農業區 ; 非都市編定：農牧用地
RPTNMLRLIIJFFAX27DA,安宅段,127.42,非都市：一般農業區 ; 非都市編定：農牧用地
RPTNMLRLIIJFFAX27DA,安宅段,81.81,非都市：一般農業區 ; 非都市編定：農牧用地
RPTNMLRLIIJFFAX27DA,安宅段,27.41,非都市：一般農業區 ; 非都市編定：農牧用地
RPTNMLRLIIJFFAX27DA,安宅段,27.15,非都市：一般農業區 ; 非都市編定：農牧用地
RPTNMLRLIIJFFAX27DA,安宅段,353.19,非都市：一般農業區 ; 非都市編定：農牧用地
RPTNMLRLIIJFFAX27DA,安宅段,9.36,非都市：一般農業區 ; 非都市編定：農牧用地
RPTNMLRLIIJFFAX27DA,安宅段,17.47,非都市：一般農業區 ; 非都市編定：農牧用地
RPTNMLRLIIJFFAX27DA,安宅段,18.41,非都市：一般農業區 ; 非都市編定：農牧用地
RPTNMLRLIIJFFAX27DA,安宅段,19.75,非都市：一般農業區 ; 非都市編定：農牧用地
RPTNMLRLIIJFFAX27DA,安宅段,95.08,非都市：一般農業區 ; 非都市編定：農牧用地
RPTNMLRLIIJFFAX27DA,安宅段,113.09,非都市：一般農業區 ; 非都市編定：農牧用地
RPTNMLRLIIJFFAX27DA,安宅段,80.22,非都市：一般農業區 ; 非都市編定：農牧用地
RPTNMLRLIIJFFAX27DA,安宅段,96.03,非都市：一般農業區 ; 非都市編定：農牧用地
RPTNMLRLIIJFFAX27DA,安宅段,138.42,非都市：一般農業區 ; 非都市編定：農牧用地
RPTNMLRLIIJFFAX27DA,安宅段,148.42,非都市：一般農業區 ; 非都市編定：農牧用地
RPTNMLRLIIJFFAX27DA,安宅段,184.95,非都市：一般農業區 ; 非都市編定：農牧用地
RPTNMLRLIIJFFAX27DA,安宅段,24.28,非都市：一般農業區 ; 非都市編定：農牧用地
RPTNMLRLIIJFFAX27DA,安宅段,218.56,非都市：一般農業區 ; 非都市編定：農牧用地
RPTNMLRLIIJFFAX27DA,安宅段,186.55,非都市：一般農業區 ; 非都市編定：農牧用地
RPTNMLRLIIJFFAX27DA,安宅段,147.80,非都市：一般農業區 ; 非都市編定：農牧用地
RPTNMLRLIIJFFAX27DA,安宅段,7.55,非都市：一般農業區 ; 非都市編定：交通用地
RPTNMLRLIIJFFAX27DA,安宅段,1069.49,非都市：一般農業區 ; 非都市編定：農牧用地
RPTNMLRLIIJFFAX27DA,安宅段,53.68,非都市：一般農業區 ; 非都市編定：農牧用地
RPTNMLRLIIJFFAX27DA,安宅段,127.09,非都市：一般農業區 ; 非都市編定：農牧用地
RPTNMLRLIIJFFAX27DA,安宅段,29.08,非都市：一般農業區 ; 非都市編定：農牧用地
RPTNMLRLIIJFFAX27DA,安宅段,79.89,非都市：一般農業區 ; 非都市編定：農牧用地
RPTNMLRLIIJFFAX27DA,安宅段,147.15,非都市：一般農業區 ; 非都市編定：農牧用地
RPTNMLRLIIJFFAX27DA,安宅段,59.51,非都市：一般農業區 ; 非都市編定：農牧用地
RPTNMLRLIIJFFAX27DA,安宅段,11.41,非都市：鄉村區 ; 非都市編定：乙種建築用地
RPTNMLRLIIJFFAX27DA,安宅段,105.10,非都市：一般農業區 ; 非都市編定：農牧用地
RPTNMLRLIIJFFAX27DA,安宅段,60.81,非都市：一般農業區 ; 非都市編定：農牧用地
RPTNMLRLIIJFFAX27DA,安宅段,5.34,非都市：鄉村區 ; 非都市編定：乙種建築用地
RPTNMLRLIIJFFAX27DA,安宅段,1.84,非都市：一般農業區 ; 非都市編定：交通用地
RPTNMLRLIIJFFAX27DA,安宅段,130.95,非都市：一般農業區 ; 非都市編定：農牧用地
RPTNMLRLIIJFFAX27DA,安宅段,60.89,非都市：一般農業區 ; 非都市編定：農牧用地
RPTNMLRLIIJFFAX27DA,安宅段,42.11,非都市：一般農業區 ; 非都市編定：農牧用地
RPTNMLRLIIJFFAX27DA,安宅段,154.88,非都市：一般農業區 ; 非都市編定：農牧用地
RPTNMLRLIIJFFAX27DA,安宅段,34.47,非都市：鄉村區 ; 非都市編定：乙種建築用地
RPTNMLRLIIJFFAX27DA,安宅段,.15,非都市：鄉村區 ; 非都市編定：交通用地
RPTNMLRLIIJFFAX27DA,安宅段,67.30,非都市：鄉村區 ; 非都市編定：乙種建築用地
RPTNMLRLIIJFFAX27DA,安宅段,31.99,非都市：鄉村區 ; 非都市編定：乙種建築用地
RPTNMLRLIIJFFAX27DA,安宅段,9.01,非都市：一般農業區 ; 非都市編定：農牧用地
RPTNMLRLIIJFFAX27DA,安宅段,157.42,非都市：一般農業區 ; 非都市編定：農牧用地
RPTNMLRLIIJFFAX27DA,安宅段,36.29,非都市：一般農業區 ; 非都市編定：農牧用地
RPTNMLRLIIJFFAX27DA,安宅段,50.82,非都市：一般農業區 ; 非都市編定：農牧用地
RPTNMLRLIIJFFAX27DA,安宅段,28.05,非都市：鄉村區 ; 非都市編定：乙種建築用地
RPTNMLRLIIJFFAX27DA,安宅段,90.59,非都市：一般農業區 ; 非都市編定：農牧用地
RPRNMLMLIIJFFAX56DA,許家段,565.70,非都市：風景區 ; 非都市編定：農牧用地
RPRNMLMLIIJFFAX56DA,許家段,29.26,非都市：一般農業區 ; 非都市編定：交通用地
RPRNMLMLIIJFFAX56DA,潭邊新段,599.00,非都市：一般農業區 ; 非都市編定：農牧用地
RPSNMLNLIIJFFAX66CA,二崁南段,340.00,非都市：風景區 ; 非都市編定：丙種建築用地
RPRNMLNLIIJFFAX56CA,望安段,210.00,非都市：一般農業區 ; 非都市編定：農牧用地
RPQNMLNJJIJFFAX56EA,西澳段,116.02,都市：住
RPQNMLPLIIJFFAX66CA,五福段,727.69,非都市：一般農業區 ; 非都市編定：農牧用地
RPQOMLRLIIJFFAX96CA,內垵二段,104.88,非都市：一般農業區 ; 非都市編定：農牧用地
RPQOMLRLIIJFFAX96CA,內垵三段,19.50,非都市：一般農業區 ; 非都市編定：農牧用地
RPQOMLRLIIJFFAX96CA,內垵三段,11.44,非都市：鄉村區 ; 非都市編定：乙種建築用地
RPQOMLRLIIJFFAX96CA,內垵三段,9.68,非都市：鄉村區 ; 非都市編定：乙種建築用地
RPQOMLRLIIJFFAX96CA,內垵三段,30.17,非都市：鄉村區 ; 非都市編定：乙種建築用地
RPQOMLRLIIJFFAX96CA,內垵三段,127.27,非都市：一般農業區 ; 非都市編定：農牧用地
RPQNMLSLIIJFFAX07DA,四維段,182.90,都市：農
RPVNMLRKJIJFFAX37CA,文光段,27.00,都市：住
RPPNMLTLIIJFFAX07DA,中衛段,311.73,都市：農
RPTNMLNLIIJFFAX76CA,後寮段,699.00,非都市：一般農業區 ; 非都市編定：農牧用地
RPPNMLRLIIJFFAX76CA,馬公段,159.00,都市：住
RPPNMLRLIIJFFAX76CA,馬公段,2.00,都市：住
RPVNMLKLJIJFFAX86DA,岐頭段,139.62,非都市：一般農業區 ; 非都市編定：農牧用地
RPVNMLKLJIJFFAX86DA,岐頭段,31.12,非都市：一般農業區 ; 非都市編定：農牧用地
RPVNMLKLJIJFFAX86DA,岐頭段,61.88,非都市：鄉村區 ; 非都市編定：乙種建築用地
RPVNMLKLJIJFFAX86DA,岐頭段,61.25,非都市：鄉村區 ; 非都市編定：乙種建築用地
RPVNMLKLJIJFFAX86DA,岐頭段,90.38,非都市：一般農業區 ; 非都市編定：農牧用地
RPVNMLKLJIJFFAX86DA,岐頭段,121.00,非都市：鄉村區 ; 非都市編定：乙種建築用地
RPVNMLKLJIJFFAX86DA,岐頭段,47.25,非都市：鄉村區 ; 非都市編定：乙種建築用地
RPVNMLKLJIJFFAX86DA,岐頭段,65.00,非都市：鄉村區 ; 非都市編定：乙種建築用地
RPVNMLKLJIJFFAX86DA,岐頭段,17.50,非都市：鄉村區 ; 非都市編定：乙種建築用地
RPVNMLKLJIJFFAX86DA,岐頭段,110.38,非都市：一般農業區 ; 非都市編定：農牧用地
RPVNMLKLJIJFFAX86DA,岐頭段,35.12,非都市：一般農業區 ; 非都市編定：農牧用地
RPVNMLKLJIJFFAX86DA,岐頭段,607.50,非都市：一般農業區 ; 非都市編定：農牧用地
RPVNMLKLJIJFFAX86DA,岐頭段,132.12,非都市：一般農業區 ; 非都市編定：農牧用地
RPVNMLKLJIJFFAX86DA,岐頭段,59.38,非都市：一般農業區 ; 非都市編定：農牧用地
RPVNMLKLJIJFFAX86DA,岐頭段,5.25,非都市：一般農業區 ; 非都市編定：農牧用地
RPVNMLKLJIJFFAX86DA,岐頭段,213.50,非都市：一般農業區 ; 非都市編定：農牧用地
RPVNMLKLJIJFFAX86DA,岐頭段,869.75,非都市：一般農業區 ; 非都市編定：農牧用地
RPVNMLKLJIJFFAX86DA,岐頭段,1108.12,非都市：一般農業區 ; 非都市編定：農牧用地
RPVNMLKLJIJFFAX86DA,岐頭段,526.00,非都市：一般農業區 ; 非都市編定：農牧用地
RPVNMLKLJIJFFAX86DA,岐頭段,80.00,非都市：一般農業區 ; 非都市編定：農牧用地
RPVNMLKLJIJFFAX86DA,港子段,61.50,非都市：一般農業區 ; 非都市編定：農牧用地
RPVNMLKLJIJFFAX86DA,小赤段,74.12,非都市：一般農業區 ; 非都市編定：農牧用地
RPSNMLTLIIJFFAX27CA,紅羅段,131.25,非都市：鄉村區 ; 非都市編定：乙種建築用地
RPSNMLSLIIJFFAX17CA,通梁南段,126.04,都市：農
RPSNMLSLIIJFFAX17CA,通梁南段,118.04,都市：農
RPSNMLSLIIJFFAX17CA,通梁南段,79.95,都市：住
RPSNMLSLIIJFFAX17CA,通梁南段,40.31,都市：住
RPSNMLSLIIJFFAX17CA,通梁南段,13.42,都市：其他
RPSNMLSLIIJFFAX17CA,通梁西段,74.36,非都市：一般農業區 ; 非都市編定：農牧用地
RPSNMLSLIIJFFAX17CA,通梁西段,52.34,非都市：一般農業區 ; 非都市編定：農牧用地
RPQNMLSJJIJFFAX86CA,赤崁中段,115.08,非都市：鄉村區 ; 非都市編定：乙種建築用地
RPPNMLTKJIJFFAX96CA,光榮段,.15,都市：其他
RPPNMLTKJIJFFAX96CA,光榮段,5.04,都市：其他
RPPNMLTKJIJFFAX96CA,光榮段,.27,都市：其他
RPPNMLTKJIJFFAX96CA,光榮段,1.19,都市：其他
RPPNMLTKJIJFFAX96CA,光榮段,1.07,都市：其他
RPPNMLTKJIJFFAX96CA,光榮段,5.79,都市：其他
RPPNMLTKJIJFFAX96CA,光榮段,.59,都市：其他
RPPNMLTKJIJFFAX96CA,光榮段,1.87,都市：其他
RPPNMLTKJIJFFAX96CA,光榮段,.43,都市：其他
RPPNMLTKJIJFFAX96CA,光榮段,.06,都市：其他
RPPNMLRKJIJFFAX86DA,文石段,2082.97,非都市：一般農業區 ; 非都市編定：農牧用地
RPQNMLSLIIJFFAX17EA,井垵西段,654.53,非都市：一般農業區 ; 非都市編定：甲種建築用地
RPQNMLPJJIJFFAX66DA,光榮段,19.17,都市：商
RPTNMLSLIIJFFAX37DA,山水西段,165.00,非都市：一般農業區 ; 非都市編定：農牧用地
RPXNMLSLIIJFFAX77DA,馬公段,74.00,都市：住
RPPNMLRJJIJFFAX86EA,文化段,31.36,都市：住
RPPNMLRJJIJFFAX86EA,文化段,42.07,都市：住
RPSNMLQKJIJFFAX96CA,五福段,918.44,非都市：一般農業區 ; 非都市編定：農牧用地
RPSOMLRLIIJFFAX17CA,林投南段,435.43,非都市：一般農業區 ; 非都市編定：農牧用地
RPSOMLRLIIJFFAX17CA,林投南段,1106.50,非都市：一般農業區 ; 非都市編定：農牧用地
RPSOMLRLIIJFFAX17CA,林投南段,106.77,非都市：一般農業區 ; 非都市編定：農牧用地
RPSOMLRLIIJFFAX17CA,林投南段,2.46,非都市：一般農業區 ; 非都市編定：農牧用地
RPSOMLRLIIJFFAX17CA,林投南段,133.88,非都市：一般農業區 ; 非都市編定：農牧用地
RPSOMLRLIIJFFAX17CA,林投北段,490.10,非都市：一般農業區 ; 非都市編定：農牧用地
RPSOMLRLIIJFFAX17CA,林投北段,121.01,非都市：一般農業區 ; 非都市編定：農牧用地
RPSOMLRLIIJFFAX17CA,林投北段,492.00,非都市：一般農業區 ; 非都市編定：農牧用地
RPSOMLRLIIJFFAX17CA,林投北段,544.99,非都市：一般農業區 ; 非都市編定：農牧用地
RPUNMLSLIIJFFAX47DA,許家段,45.75,非都市：一般農業區 ; 非都市編定：交通用地
RPUNMLSLIIJFFAX47DA,許家段,324.51,非都市：一般農業區 ; 非都市編定：甲種建築用地
RPPNMLKMIIJFFAX78CA,山水西段,490.00,非都市：一般農業區 ; 非都市編定：農牧用地
RPQNMLQKJIJFFAX76CA,文寮段,418.74,非都市：一般農業區 ; 非都市編定：農牧用地
RPPNMLNKJIJFFAX98CA,東澳段,25.86,都市：住
RPVNMLSLIIJFFAX57DA,成功南段,890.60,非都市：一般農業區 ; 非都市編定：農牧用地
RPQNMLNKJIJFFAX09CA,光華段,59.99,非都市：鄉村區 ; 非都市編定：乙種建築用地
RPQNMLKMIIJFFAX88CA,山水北段,126.54,非都市：鄉村區 ; 非都市編定：乙種建築用地
RPQNMLKMIIJFFAX88CA,山水北段,44.19,非都市：鄉村區 ; 非都市編定：乙種建築用地
RPRNMLSJJIJFFAX96CA,白坑段,131.93,非都市：鄉村區 ; 非都市編定：乙種建築用地
RPRNMLSJJIJFFAX96CA,白坑段,131.93,非都市：鄉村區 ; 非都市編定：乙種建築用地
RPRNMLKMIIJFFAX56EA,鎖港南段,30.80,都市：住
RPQNMLTLIIJFFAX07CA,城前段,339.00,非都市： ; 非都市編定：
RPQNMLTLIIJFFAX07CA,城前段,189.00,非都市： ; 非都市編定：
RPUOMLQKJIJFFAX37DA,山水東段,153.96,非都市：一般農業區 ; 非都市編定：農牧用地
RPUOMLQKJIJFFAX37DA,山水東段,781.25,非都市：一般農業區 ; 非都市編定：農牧用地
RPUOMLQKJIJFFAX37DA,山水東段,693.40,非都市：一般農業區 ; 非都市編定：農牧用地
RPUOMLQKJIJFFAX37DA,山水東段,359.37,非都市：一般農業區 ; 非都市編定：農牧用地
RPPNMLNJJIJFFAX98DA,雙湖段,11.65,非都市：鄉村區 ; 非都市編定：乙種建築用地
RPSNMLLMIIJFFAX56CA,埕中段,.16,都市：其他
RPSNMLTLIIJFFAX47EA,虎井段,45.00,非都市：鄉村區 ; 非都市編定：乙種建築用地
RPSNMLLMIIJFFAX56CA,埕中段,8.12,都市：住
RPPNMLLMIIJFFAX98DA,機場段,652.00,非都市：一般農業區 ; 非都市編定：農牧用地
RPPNMLNLJIJFFAX09CA,山水南段,370.48,非都市：一般農業區 ; 非都市編定：農牧用地
RPRNMLTLIIJFFAX17CA,紅羅段,175.28,非都市：鄉村區 ; 非都市編定：乙種建築用地
RPSNMLKMIIJFFAX09CA,五福段,452.37,非都市：一般農業區 ; 非都市編定：農牧用地
RPQNMLLMIIJFFAX98CA,東衛段,155.96,非都市：一般農業區 ; 非都市編定：甲種建築用地
RPQNMLLMIIJFFAX98CA,東衛段,31.40,非都市：一般農業區 ; 非都市編定：交通用地
RPQNMLRKJIJFFAX86CA,安宅段,1309.25,非都市：一般農業區 ; 非都市編定：農牧用地
RPTNMLQKJIJFFAX07CA,五福段,294.74,非都市：一般農業區 ; 非都市編定：甲種建築用地
RPTNMLQKJIJFFAX07CA,五福段,42.19,非都市：一般農業區 ; 非都市編定：交通用地
RPRNMLOKJIJFFAX76DA,外垵一段,42.77,非都市：鄉村區 ; 非都市編定：乙種建築用地
RPTNMLOJJIJFFAX86DA,風櫃西段,1206.03,非都市：一般農業區 ; 非都市編定：農牧用地
RPOOMLRKJIJFFAX86DA,白坑段,517.35,非都市：一般農業區 ; 非都市編定：農牧用地
RPRNMLOJJIJFFAX76EA,赤崁中段,40.02,非都市：一般農業區 ; 非都市編定：甲種建築用地
RPPNMLPJJIJFFAX56DA,成功南段,403.04,非都市：一般農業區 ; 非都市編定：農牧用地
RPRNMLRJJIJFFAX86CA,潭邊新段,307.68,非都市：一般農業區 ; 非都市編定：農牧用地
RPRNMLNJJIJFFAX56DA,東澳段,71.60,都市：住
RPRNMLLMIIJFFAX09CA,埕東段,30.00,都市：住
RPSNMLOJJIJFFAX66CA,文東段,174.80,非都市：一般農業區 ; 非都市編定：農牧用地
RPSNMLOJJIJFFAX66CA,文東段,3364.76,非都市：一般農業區 ; 非都市編定：農牧用地
RPUNMLOJJIJFFAX86CA,四維段,66.28,都市：農
RPVNMLOJJIJFFAX96CA,鐵線段,1181.02,非都市：一般農業區 ; 非都市編定：農牧用地
